Step,price,liquidity,iteration,scenario,region,coin
1,1.0127164868871845,2989338830425.942,394,S1_depeg_stablecoin,indonesia,USDC
2,1.0160970394528523,2989338830425.942,394,S1_depeg_stablecoin,indonesia,USDC
3,0.9257581202136272,2989338830425.942,394,S1_depeg_stablecoin,indonesia,USDC
4,0.9503616529335817,2986621353810.235,394,S1_depeg_stablecoin,indonesia,USDC
5,0.9432871227177972,2985461627959.6562,394,S1_depeg_stablecoin,indonesia,USDC
6,0.9551557156805185,2983959654425.827,394,S1_depeg_stablecoin,indonesia,USDC
7,0.9156231026026802,2983123770878.179,394,S1_depeg_stablecoin,indonesia,USDC
8,0.9177469808958907,2980130458609.8794,394,S1_depeg_stablecoin,indonesia,USDC
9,0.9232091676961282,2977415244331.9346,394,S1_depeg_stablecoin,indonesia,USDC
10,0.9225735535958924,2975096135650.649,394,S1_depeg_stablecoin,indonesia,USDC
11,0.9100150566162052,2972858912574.5293,394,S1_depeg_stablecoin,indonesia,USDC
12,0.909908579838605,2970233626182.793,394,S1_depeg_stablecoin,indonesia,USDC
13,0.8998113244968536,2967721849748.837,394,S1_depeg_stablecoin,indonesia,USDC
14,0.8758111023132422,2964991608750.418,394,S1_depeg_stablecoin,indonesia,USDC
15,0.8894437950701274,2961615229822.4263,394,S1_depeg_stablecoin,indonesia,USDC
16,0.8880212744096043,2959008000798.969,394,S1_depeg_stablecoin,indonesia,USDC
17,0.8790318395196896,2956500536080.923,394,S1_depeg_stablecoin,indonesia,USDC
18,0.9212156029226336,2953978326365.7344,394,S1_depeg_stablecoin,indonesia,USDC
19,0.9199922685524753,2952739127444.381,394,S1_depeg_stablecoin,indonesia,USDC
20,0.9183153827801976,2951564175721.6025,394,S1_depeg_stablecoin,indonesia,USDC
21,0.9080778886719391,2950411700504.8857,394,S1_depeg_stablecoin,indonesia,USDC
22,0.9085455855502698,2949119337043.4683,394,S1_depeg_stablecoin,indonesia,USDC
23,0.9262771719535217,2947917786282.035,394,S1_depeg_stablecoin,indonesia,USDC
24,0.974459881641512,2947107580556.769,394,S1_depeg_stablecoin,indonesia,USDC
25,0.9640946761873178,2947107580556.769,394,S1_depeg_stablecoin,indonesia,USDC
26,0.9787927147163572,2947012555407.3965,394,S1_depeg_stablecoin,indonesia,USDC
27,0.962980114341647,2947012555407.3965,394,S1_depeg_stablecoin,indonesia,USDC
28,0.9560138918072346,2946891510679.048,394,S1_depeg_stablecoin,indonesia,USDC
29,0.8785136776807004,2946646682098.3423,394,S1_depeg_stablecoin,indonesia,USDC
30,0.8926916321972587,2945083243944.563,394,S1_depeg_stablecoin,indonesia,USDC
31,0.9107202596908062,2943828424448.5464,394,S1_depeg_stablecoin,indonesia,USDC
32,0.9024423704218487,2942974522918.511,394,S1_depeg_stablecoin,indonesia,USDC
33,0.919982318889019,2942075779253.134,394,S1_depeg_stablecoin,indonesia,USDC
34,0.898145128525994,2941459936232.6577,394,S1_depeg_stablecoin,indonesia,USDC
35,0.9088731037822574,2940596444792.9434,394,S1_depeg_stablecoin,indonesia,USDC
36,0.8851673859714267,2939901960229.3457,394,S1_depeg_stablecoin,indonesia,USDC
37,0.8749966035632187,2939015225755.758,394,S1_depeg_stablecoin,indonesia,USDC
38,0.9013032475282357,2938126207002.385,394,S1_depeg_stablecoin,indonesia,USDC
39,0.9208260329697632,2937518776374.685,394,S1_depeg_stablecoin,indonesia,USDC
40,0.9274381869223791,2937115265277.7783,394,S1_depeg_stablecoin,indonesia,USDC
41,0.9199848285302781,2936774049642.135,394,S1_depeg_stablecoin,indonesia,USDC
42,0.9429108308698753,2936421341140.0854,394,S1_depeg_stablecoin,indonesia,USDC
43,0.9345266008255955,2936223548015.7544,394,S1_depeg_stablecoin,indonesia,USDC
44,0.9387908317012249,2935995005704.292,394,S1_depeg_stablecoin,indonesia,USDC
45,0.946153677382827,2935787811935.8716,394,S1_depeg_stablecoin,indonesia,USDC
46,0.9803495221787965,2935641171254.9434,394,S1_depeg_stablecoin,indonesia,USDC
47,1.004198149032868,2935641171254.9434,394,S1_depeg_stablecoin,indonesia,USDC
48,1.0147066367122253,2935641171254.9434,394,S1_depeg_stablecoin,indonesia,USDC
49,1.0400064349771148,2935641171254.9434,394,S1_depeg_stablecoin,indonesia,USDC
50,1.0268628153953092,2935641171254.9434,394,S1_depeg_stablecoin,indonesia,USDC
51,1.0003630203573302,2935641171254.9434,394,S1_depeg_stablecoin,indonesia,USDC
52,0.9775411126257442,2935641171254.9434,394,S1_depeg_stablecoin,indonesia,USDC
53,1.0042019408232559,2935641171254.9434,394,S1_depeg_stablecoin,indonesia,USDC
54,1.0024983791823443,2935641171254.9434,394,S1_depeg_stablecoin,indonesia,USDC
55,0.9615209262479489,2935641171254.9434,394,S1_depeg_stablecoin,indonesia,USDC
56,0.9668673627392395,2935590239088.742,394,S1_depeg_stablecoin,indonesia,USDC
57,0.9593659297224971,2935580726601.1855,394,S1_depeg_stablecoin,indonesia,USDC
58,0.9840373904203089,2935516667901.1084,394,S1_depeg_stablecoin,indonesia,USDC
59,1.0042839806390036,2935516667901.1084,394,S1_depeg_stablecoin,indonesia,USDC
60,0.9869637933250299,2935516667901.1084,394,S1_depeg_stablecoin,indonesia,USDC
61,0.9797363644240988,2935516667901.1084,394,S1_depeg_stablecoin,indonesia,USDC
62,0.9696144860572721,2935516667901.1084,394,S1_depeg_stablecoin,indonesia,USDC
63,0.9730153407252932,2935515029926.279,394,S1_depeg_stablecoin,indonesia,USDC
64,1.0282158684863159,2935515029926.279,394,S1_depeg_stablecoin,indonesia,USDC
65,1.0065346958438792,2935515029926.279,394,S1_depeg_stablecoin,indonesia,USDC
66,1.0380809529051804,2935515029926.279,394,S1_depeg_stablecoin,indonesia,USDC
67,1.0485347071643945,2935515029926.279,394,S1_depeg_stablecoin,indonesia,USDC
68,1.0801740132433852,2935515029926.279,394,S1_depeg_stablecoin,indonesia,USDC
69,1.033921287579843,2935515029926.279,394,S1_depeg_stablecoin,indonesia,USDC
70,1.0333189730439536,2935515029926.279,394,S1_depeg_stablecoin,indonesia,USDC
71,1.0418138030731325,2935515029926.279,394,S1_depeg_stablecoin,indonesia,USDC
72,1.0484479519931729,2935515029926.279,394,S1_depeg_stablecoin,indonesia,USDC
73,1.0204720244681453,2935515029926.279,394,S1_depeg_stablecoin,indonesia,USDC
74,1.0271854984864053,2935515029926.279,394,S1_depeg_stablecoin,indonesia,USDC
75,1.0314752674640648,2935515029926.279,394,S1_depeg_stablecoin,indonesia,USDC
76,0.9981346627676493,2935515029926.279,394,S1_depeg_stablecoin,indonesia,USDC
77,1.0066212519332942,2935515029926.279,394,S1_depeg_stablecoin,indonesia,USDC
78,0.974824957379325,2935515029926.279,394,S1_depeg_stablecoin,indonesia,USDC
79,0.9644838010550311,2935515029926.279,394,S1_depeg_stablecoin,indonesia,USDC
80,0.9512070889052812,2935483692139.693,394,S1_depeg_stablecoin,indonesia,USDC
81,0.9739663792965746,2935380095690.918,394,S1_depeg_stablecoin,indonesia,USDC
82,0.834841723963704,2935380095690.918,394,S1_depeg_stablecoin,indonesia,USDC
83,0.8826990605757881,2934538315280.3076,394,S1_depeg_stablecoin,indonesia,USDC
84,0.8793926889298003,2934080893588.4023,394,S1_depeg_stablecoin,indonesia,USDC
85,0.8898865800574131,2933667420168.0645,394,S1_depeg_stablecoin,indonesia,USDC
86,0.9011392017335522,2933309916943.5596,394,S1_depeg_stablecoin,indonesia,USDC
87,0.898054190452899,2933048243800.8457,394,S1_depeg_stablecoin,indonesia,USDC
88,0.8888222648606,2932779585232.5527,394,S1_depeg_stablecoin,indonesia,USDC
89,0.9029144902192904,2932511352329.4165,394,S1_depeg_stablecoin,indonesia,USDC
90,0.9339096596708661,2932297231094.416,394,S1_depeg_stablecoin,indonesia,USDC
91,0.9086925333755863,2932193857320.9175,394,S1_depeg_stablecoin,indonesia,USDC
92,0.9503180489945318,2932026846802.949,394,S1_depeg_stablecoin,indonesia,USDC
93,0.9381516823064584,2931972305146.625,394,S1_depeg_stablecoin,indonesia,USDC
94,0.9616580942061778,2931891423637.4204,394,S1_depeg_stablecoin,indonesia,USDC
95,0.9463550391238365,2931872847267.12,394,S1_depeg_stablecoin,indonesia,USDC
96,0.964892565565509,2931811077443.3374,394,S1_depeg_stablecoin,indonesia,USDC
97,0.9853748541203916,2931798060082.9795,394,S1_depeg_stablecoin,indonesia,USDC
98,1.009894591187498,2931798060082.9795,394,S1_depeg_stablecoin,indonesia,USDC
99,1.0349710562756584,2931798060082.9795,394,S1_depeg_stablecoin,indonesia,USDC
100,1.0180993297852108,2931798060082.9795,394,S1_depeg_stablecoin,indonesia,USDC
101,0.8562342670135402,2931798060082.9795,394,S1_depeg_stablecoin,indonesia,USDC
102,0.8800713267823866,2931527855529.5737,394,S1_depeg_stablecoin,indonesia,USDC
103,0.9182333561471737,2931329447218.2646,394,S1_depeg_stablecoin,indonesia,USDC
104,0.9413100342720012,2931226037739.8774,394,S1_depeg_stablecoin,indonesia,USDC
105,0.9580086659103373,2931170219272.7036,394,S1_depeg_stablecoin,indonesia,USDC
106,0.9626233212001324,2931148899690.097,394,S1_depeg_stablecoin,indonesia,USDC
107,0.976562233405782,2931137474624.798,394,S1_depeg_stablecoin,indonesia,USDC
108,0.9213007074128408,2931137474624.798,394,S1_depeg_stablecoin,indonesia,USDC
109,0.9310066484824118,2931054469368.3057,394,S1_depeg_stablecoin,indonesia,USDC
110,0.9215827170168833,2930985501829.7935,394,S1_depeg_stablecoin,indonesia,USDC
111,0.9288463912267023,2930907778100.469,394,S1_depeg_stablecoin,indonesia,USDC
112,0.9436128774346615,2930846967745.4873,394,S1_depeg_stablecoin,indonesia,USDC
113,0.9689614259285538,2930810325036.1035,394,S1_depeg_stablecoin,indonesia,USDC
114,1.02367036663598,2930810325036.1035,394,S1_depeg_stablecoin,indonesia,USDC
115,1.0112971941389175,2930810325036.1035,394,S1_depeg_stablecoin,indonesia,USDC
116,1.0137105113199814,2930810325036.1035,394,S1_depeg_stablecoin,indonesia,USDC
117,1.0140166121932375,2930810325036.1035,394,S1_depeg_stablecoin,indonesia,USDC
118,1.0305379860566386,2930810325036.1035,394,S1_depeg_stablecoin,indonesia,USDC
119,1.0084869732192492,2930810325036.1035,394,S1_depeg_stablecoin,indonesia,USDC
120,1.0310203863509018,2930810325036.1035,394,S1_depeg_stablecoin,indonesia,USDC
121,1.0265426714122432,2930810325036.1035,394,S1_depeg_stablecoin,indonesia,USDC
122,1.0528944192721854,2930810325036.1035,394,S1_depeg_stablecoin,indonesia,USDC
123,1.0388747600326882,2930810325036.1035,394,S1_depeg_stablecoin,indonesia,USDC
124,1.0254636000351318,2930810325036.1035,394,S1_depeg_stablecoin,indonesia,USDC
125,1.0127713010195725,2930810325036.1035,394,S1_depeg_stablecoin,indonesia,USDC
126,1.005696323730971,2930810325036.1035,394,S1_depeg_stablecoin,indonesia,USDC
127,0.955502298068846,2930810325036.1035,394,S1_depeg_stablecoin,indonesia,USDC
128,0.9536361062810017,2930789473283.5938,394,S1_depeg_stablecoin,indonesia,USDC
129,0.9538582825769893,2930765000947.9785,394,S1_depeg_stablecoin,indonesia,USDC
130,0.958200556337679,2930743549876.4517,394,S1_depeg_stablecoin,indonesia,USDC
131,0.9329130614165306,2930726462342.413,394,S1_depeg_stablecoin,indonesia,USDC
132,0.9540243940246774,2930676638104.204,394,S1_depeg_stablecoin,indonesia,USDC
133,0.9766744825847883,2930656699394.8794,394,S1_depeg_stablecoin,indonesia,USDC
134,0.9970539829662627,2930656699394.8794,394,S1_depeg_stablecoin,indonesia,USDC
135,0.9768556438219703,2930656699394.8794,394,S1_depeg_stablecoin,indonesia,USDC
136,0.9658665051507792,2930656699394.8794,394,S1_depeg_stablecoin,indonesia,USDC
137,0.9423267561950726,2930652625640.4277,394,S1_depeg_stablecoin,indonesia,USDC
138,0.9621109688517063,2930617743339.017,394,S1_depeg_stablecoin,indonesia,USDC
139,0.9415918813814128,2930607341912.412,394,S1_depeg_stablecoin,indonesia,USDC
140,0.9499892113558582,2930571439453.5312,394,S1_depeg_stablecoin,indonesia,USDC
141,0.9308777621150197,2930548148072.0547,394,S1_depeg_stablecoin,indonesia,USDC
142,0.9323324492784787,2930499373626.045,394,S1_depeg_stablecoin,indonesia,USDC
143,0.9556548938114611,2930455630088.743,394,S1_depeg_stablecoin,indonesia,USDC
144,0.9528811872996693,2930440801675.0693,394,S1_depeg_stablecoin,indonesia,USDC
145,0.9645498728513909,2930421353799.3843,394,S1_depeg_stablecoin,indonesia,USDC
146,0.9698735292419355,2930416589521.3936,394,S1_depeg_stablecoin,indonesia,USDC
147,0.9708613503525302,2930416589521.3936,394,S1_depeg_stablecoin,indonesia,USDC
148,0.9392355086235405,2930416589521.3936,394,S1_depeg_stablecoin,indonesia,USDC
149,0.9358183614743009,2930385783092.285,394,S1_depeg_stablecoin,indonesia,USDC
150,0.9492853542703844,2930351199092.509,394,S1_depeg_stablecoin,indonesia,USDC
151,0.9697540859424959,2930332226141.62,394,S1_depeg_stablecoin,indonesia,USDC
152,0.9766319050115562,2930331974296.289,394,S1_depeg_stablecoin,indonesia,USDC
153,1.0078816350620086,2930331974296.289,394,S1_depeg_stablecoin,indonesia,USDC
154,0.9987846916264362,2930331974296.289,394,S1_depeg_stablecoin,indonesia,USDC
155,0.9857506852551323,2930331974296.289,394,S1_depeg_stablecoin,indonesia,USDC
156,1.0205295451603669,2930331974296.289,394,S1_depeg_stablecoin,indonesia,USDC
157,0.9890029917197953,2930331974296.289,394,S1_depeg_stablecoin,indonesia,USDC
158,1.0022539782558706,2930331974296.289,394,S1_depeg_stablecoin,indonesia,USDC
159,1.0179204360461387,2930331974296.289,394,S1_depeg_stablecoin,indonesia,USDC
160,1.0091568839283935,2930331974296.289,394,S1_depeg_stablecoin,indonesia,USDC
161,1.0085169461658954,2930331974296.289,394,S1_depeg_stablecoin,indonesia,USDC
162,1.0185777896412904,2930331974296.289,394,S1_depeg_stablecoin,indonesia,USDC
163,1.0094449131425085,2930331974296.289,394,S1_depeg_stablecoin,indonesia,USDC
164,1.018505443374965,2930331974296.289,394,S1_depeg_stablecoin,indonesia,USDC
165,1.006690786639129,2930331974296.289,394,S1_depeg_stablecoin,indonesia,USDC
166,1.024951758682458,2930331974296.289,394,S1_depeg_stablecoin,indonesia,USDC
167,1.0248140144944058,2930331974296.289,394,S1_depeg_stablecoin,indonesia,USDC
168,1.0206904873812195,2930331974296.289,394,S1_depeg_stablecoin,indonesia,USDC
169,1.0105056087856217,2930331974296.289,394,S1_depeg_stablecoin,indonesia,USDC
170,0.9846174891784103,2930331974296.289,394,S1_depeg_stablecoin,indonesia,USDC
171,1.005418943840982,2930331974296.289,394,S1_depeg_stablecoin,indonesia,USDC
172,1.018089782220186,2930331974296.289,394,S1_depeg_stablecoin,indonesia,USDC
173,1.0079324952051179,2930331974296.289,394,S1_depeg_stablecoin,indonesia,USDC
174,1.0269250878603453,2930331974296.289,394,S1_depeg_stablecoin,indonesia,USDC
175,1.021052248405412,2930331974296.289,394,S1_depeg_stablecoin,indonesia,USDC
176,0.9956923360102439,2930331974296.289,394,S1_depeg_stablecoin,indonesia,USDC
177,0.9620936664565741,2930331974296.289,394,S1_depeg_stablecoin,indonesia,USDC
178,0.9995473951010845,2930325174626.2974,394,S1_depeg_stablecoin,indonesia,USDC
179,0.9805796359912828,2930325174626.2974,394,S1_depeg_stablecoin,indonesia,USDC
180,0.9963962965379073,2930325174626.2974,394,S1_depeg_stablecoin,indonesia,USDC
181,0.9950575266028092,2930325174626.2974,394,S1_depeg_stablecoin,indonesia,USDC
182,1.0137026135840306,2930325174626.2974,394,S1_depeg_stablecoin,indonesia,USDC
183,1.0004969819749376,2930325174626.2974,394,S1_depeg_stablecoin,indonesia,USDC
184,0.9849120574788843,2930325174626.2974,394,S1_depeg_stablecoin,indonesia,USDC
185,0.9665828482144627,2930325174626.2974,394,S1_depeg_stablecoin,indonesia,USDC
186,0.9800722010955761,2930322834725.3877,394,S1_depeg_stablecoin,indonesia,USDC
187,1.0094346234272678,2930322834725.3877,394,S1_depeg_stablecoin,indonesia,USDC
188,1.0097841943687453,2930322834725.3877,394,S1_depeg_stablecoin,indonesia,USDC
189,0.9876297987806089,2930322834725.3877,394,S1_depeg_stablecoin,indonesia,USDC
190,1.0162875114961851,2930322834725.3877,394,S1_depeg_stablecoin,indonesia,USDC
191,1.036720258165874,2930322834725.3877,394,S1_depeg_stablecoin,indonesia,USDC
192,1.0312941632855588,2930322834725.3877,394,S1_depeg_stablecoin,indonesia,USDC
193,1.0008659438477014,2930322834725.3877,394,S1_depeg_stablecoin,indonesia,USDC
194,0.9770127337274848,2930322834725.3877,394,S1_depeg_stablecoin,indonesia,USDC
195,0.9683568785421891,2930322834725.3877,394,S1_depeg_stablecoin,indonesia,USDC
196,0.9536183725712464,2930322228166.9956,394,S1_depeg_stablecoin,indonesia,USDC
197,0.949665281917044,2930307971387.5874,394,S1_depeg_stablecoin,indonesia,USDC
198,0.9248573424615676,2930289334706.1865,394,S1_depeg_stablecoin,indonesia,USDC
199,0.9063813341863756,2930247561331.846,394,S1_depeg_stablecoin,indonesia,USDC
200,0.8911206197093897,2930192346343.1167,394,S1_depeg_stablecoin,indonesia,USDC
201,0.885727268263829,2930127729546.8193,394,S1_depeg_stablecoin,indonesia,USDC
202,0.8879671111589545,2930059190697.3545,394,S1_depeg_stablecoin,indonesia,USDC
203,0.8798046491144403,2929998269837.4883,394,S1_depeg_stablecoin,indonesia,USDC
204,0.8706498739022309,2929938301754.2803,394,S1_depeg_stablecoin,indonesia,USDC
205,0.8824812572086125,2929879572650.0327,394,S1_depeg_stablecoin,indonesia,USDC
206,0.9212199250414709,2929834059544.5596,394,S1_depeg_stablecoin,indonesia,USDC
207,0.9215237153066935,2929809838527.6714,394,S1_depeg_stablecoin,indonesia,USDC
208,0.9525078074938351,2929786299638.1533,394,S1_depeg_stablecoin,indonesia,USDC
209,0.9450642293054689,2929779325769.182,394,S1_depeg_stablecoin,indonesia,USDC
210,0.955009894810389,2929769249332.7773,394,S1_depeg_stablecoin,indonesia,USDC
211,0.985282078995071,2929763266766.377,394,S1_depeg_stablecoin,indonesia,USDC
212,0.941106202551167,2929763266766.377,394,S1_depeg_stablecoin,indonesia,USDC
213,0.9458067674084867,2929751912390.8535,394,S1_depeg_stablecoin,indonesia,USDC
214,0.9674339254902139,2929741609516.5684,394,S1_depeg_stablecoin,indonesia,USDC
215,0.9757215544592578,2929740774591.5254,394,S1_depeg_stablecoin,indonesia,USDC
216,0.9498432596861952,2929740774591.5254,394,S1_depeg_stablecoin,indonesia,USDC
217,0.9325659403300792,2929732764090.8735,394,S1_depeg_stablecoin,indonesia,USDC
218,0.9225705587717966,2929718028605.255,394,S1_depeg_stablecoin,indonesia,USDC
219,0.8982374591436233,2929699487205.5024,394,S1_depeg_stablecoin,indonesia,USDC
220,0.8965022280355708,2929674050000.3887,394,S1_depeg_stablecoin,indonesia,USDC
221,0.9162585841437636,2929649829215.238,394,S1_depeg_stablecoin,indonesia,USDC
222,0.934222004219921,2929633485617.3486,394,S1_depeg_stablecoin,indonesia,USDC
223,0.921432484171696,2929623285740.3447,394,S1_depeg_stablecoin,indonesia,USDC
224,0.9301371617312952,2929609424468.3784,394,S1_depeg_stablecoin,indonesia,USDC
225,0.9007882085074322,2929599278671.307,394,S1_depeg_stablecoin,indonesia,USDC
226,0.8855700947075044,2929582027008.6245,394,S1_depeg_stablecoin,indonesia,USDC
227,0.8884542109047922,2929560858900.9507,394,S1_depeg_stablecoin,indonesia,USDC
228,0.9061736547344816,2929543470065.7715,394,S1_depeg_stablecoin,indonesia,USDC
229,0.9159796554749262,2929530331103.256,394,S1_depeg_stablecoin,indonesia,USDC
230,0.9124284056535393,2929519941045.915,394,S1_depeg_stablecoin,indonesia,USDC
231,0.8927028476043184,2929509737546.9736,394,S1_depeg_stablecoin,indonesia,USDC
232,0.9073149116757803,2929496744343.1865,394,S1_depeg_stablecoin,indonesia,USDC
233,0.9222107592822141,2929487293792.0713,394,S1_depeg_stablecoin,indonesia,USDC
234,0.9275474605129089,2929479979409.038,394,S1_depeg_stablecoin,indonesia,USDC
235,0.9301685903488075,2929473801952.5654,394,S1_depeg_stablecoin,indonesia,USDC
236,0.9354928769384487,2929468420690.07,394,S1_depeg_stablecoin,indonesia,USDC
237,0.9472788091331987,2929463955373.494,394,S1_depeg_stablecoin,indonesia,USDC
238,0.9547501301320318,2929461249989.822,394,S1_depeg_stablecoin,indonesia,USDC
239,0.9603153257408746,2929459325368.772,394,S1_depeg_stablecoin,indonesia,USDC
240,0.9929347418419315,2929458368807.7993,394,S1_depeg_stablecoin,indonesia,USDC
241,1.0017686958855927,2929458368807.7993,394,S1_depeg_stablecoin,indonesia,USDC
242,1.0013890130402725,2929458368807.7993,394,S1_depeg_stablecoin,indonesia,USDC
243,1.0036084610920795,2929458368807.7993,394,S1_depeg_stablecoin,indonesia,USDC
244,0.9754133453683029,2929458368807.7993,394,S1_depeg_stablecoin,indonesia,USDC
245,1.0001529914846008,2929458368807.7993,394,S1_depeg_stablecoin,indonesia,USDC
246,1.0120874714879473,2929458368807.7993,394,S1_depeg_stablecoin,indonesia,USDC
247,0.9943348862220618,2929458368807.7993,394,S1_depeg_stablecoin,indonesia,USDC
248,0.9823351425753659,2929458368807.7993,394,S1_depeg_stablecoin,indonesia,USDC
249,0.9813557601031686,2929458368807.7993,394,S1_depeg_stablecoin,indonesia,USDC
250,0.8362568906130607,2929458368807.7993,394,S1_depeg_stablecoin,indonesia,USDC
251,0.8401835178129488,2929441886916.1694,394,S1_depeg_stablecoin,indonesia,USDC
252,0.8324186717408482,2929428094719.2334,394,S1_depeg_stablecoin,indonesia,USDC
253,0.8506303686990302,2929416204875.3203,394,S1_depeg_stablecoin,indonesia,USDC
254,0.8522635279971935,2929407080790.6313,394,S1_depeg_stablecoin,indonesia,USDC
255,0.876556475277621,2929399316456.8716,394,S1_depeg_stablecoin,indonesia,USDC
256,0.8603868921106677,2929393616803.797,394,S1_depeg_stablecoin,indonesia,USDC
257,0.8984615816613537,2929387558368.7007,394,S1_depeg_stablecoin,indonesia,USDC
258,0.8858967072260604,2929384050871.654,394,S1_depeg_stablecoin,indonesia,USDC
259,0.8710192844098561,2929380305761.7573,394,S1_depeg_stablecoin,indonesia,USDC
260,0.8837357452127109,2929376256096.1953,394,S1_depeg_stablecoin,indonesia,USDC
261,0.8910993398858965,2929373077644.078,394,S1_depeg_stablecoin,indonesia,USDC
262,0.9123246489492649,2929370484189.5576,394,S1_depeg_stablecoin,indonesia,USDC
263,0.9550709432091814,2929368745138.8496,394,S1_depeg_stablecoin,indonesia,USDC
264,0.9192758084833692,2929368330956.9824,394,S1_depeg_stablecoin,indonesia,USDC
265,0.9268733025919692,2929366829690.093,394,S1_depeg_stablecoin,indonesia,USDC
266,0.9451338289647262,2929365655359.87,394,S1_depeg_stablecoin,indonesia,USDC
267,0.9400751997354475,2929364967696.576,394,S1_depeg_stablecoin,indonesia,USDC
268,0.8053328525438884,2929364161353.686,394,S1_depeg_stablecoin,indonesia,USDC
269,0.8445234610903893,2929359947271.5825,394,S1_depeg_stablecoin,indonesia,USDC
270,0.8524645705514351,2929357273433.4087,394,S1_depeg_stablecoin,indonesia,USDC
271,0.8521800414585098,2929355038684.127,394,S1_depeg_stablecoin,indonesia,USDC
272,0.858716888677903,2929353110482.208,394,S1_depeg_stablecoin,indonesia,USDC
273,0.8446725667547432,2929351507823.6006,394,S1_depeg_stablecoin,indonesia,USDC
274,0.8842441046714826,2929349903010.6123,394,S1_depeg_stablecoin,indonesia,USDC
275,0.8718436808492104,2929348967489.6836,394,S1_depeg_stablecoin,indonesia,USDC
276,0.8919716823412328,2929348008664.5034,394,S1_depeg_stablecoin,indonesia,USDC
277,0.8916347565576976,2929347287824.0176,394,S1_depeg_stablecoin,indonesia,USDC
278,0.9185591919937651,2929346635588.03,394,S1_depeg_stablecoin,indonesia,USDC
279,0.9380980914034114,2929346254432.4536,394,S1_depeg_stablecoin,indonesia,USDC
280,0.9263635505456252,2929346033956.1973,394,S1_depeg_stablecoin,indonesia,USDC
281,0.9498326040540492,2929345709897.9663,394,S1_depeg_stablecoin,indonesia,USDC
282,0.9239471239751696,2929345578806.6934,394,S1_depeg_stablecoin,indonesia,USDC
283,0.942886888749864,2929345258412.5264,394,S1_depeg_stablecoin,indonesia,USDC
284,0.9098024065201723,2929345078739.624,394,S1_depeg_stablecoin,indonesia,USDC
285,0.9209967753207232,2929344720023.8467,394,S1_depeg_stablecoin,indonesia,USDC
286,0.9372239259698071,2929344422488.4966,394,S1_depeg_stablecoin,indonesia,USDC
287,0.9225164062557321,2929344233534.006,394,S1_depeg_stablecoin,indonesia,USDC
288,0.9513758454850809,2929343990620.2153,394,S1_depeg_stablecoin,indonesia,USDC
289,0.94552479552358,2929343891543.663,394,S1_depeg_stablecoin,indonesia,USDC
290,0.9572845044697802,2929343768703.0293,394,S1_depeg_stablecoin,indonesia,USDC
291,0.9508413866397767,2929343707549.171,394,S1_depeg_stablecoin,indonesia,USDC
292,0.949245582541111,2929343611220.3896,394,S1_depeg_stablecoin,indonesia,USDC
293,0.9751837108201806,2929343508929.0454,394,S1_depeg_stablecoin,indonesia,USDC
294,0.9598285847169528,2929343508929.0454,394,S1_depeg_stablecoin,indonesia,USDC
295,0.9308554795880571,2929343466362.8447,394,S1_depeg_stablecoin,indonesia,USDC
296,0.9380266814722185,2929343279278.7964,394,S1_depeg_stablecoin,indonesia,USDC
297,0.9325859823405361,2929343146846.755,394,S1_depeg_stablecoin,indonesia,USDC
298,0.9272483389420486,2929342995356.774,394,S1_depeg_stablecoin,indonesia,USDC
299,0.9282721564579831,2929342822057.283,394,S1_depeg_stablecoin,indonesia,USDC
300,0.9490255966739972,2929342655389.417,394,S1_depeg_stablecoin,indonesia,USDC
301,0.9668735790105151,2929342572681.8633,394,S1_depeg_stablecoin,indonesia,USDC
302,0.8887959387918672,2929342562715.33,394,S1_depeg_stablecoin,indonesia,USDC
303,0.9104143642485006,2929342271658.867,394,S1_depeg_stablecoin,indonesia,USDC
304,0.9132235196532564,2929342070929.167,394,S1_depeg_stablecoin,indonesia,USDC
305,0.9118542078424016,2929341881254.5615,394,S1_depeg_stablecoin,indonesia,USDC
306,0.8923718081680121,2929341702932.913,394,S1_depeg_stablecoin,indonesia,USDC
307,0.9229498221617223,2929341483764.8154,394,S1_depeg_stablecoin,indonesia,USDC
308,0.9434148769513392,2929341355063.717,394,S1_depeg_stablecoin,indonesia,USDC
309,0.9431899118246505,2929341285870.102,394,S1_depeg_stablecoin,indonesia,USDC
310,0.9401716262812769,2929341222817.393,394,S1_depeg_stablecoin,indonesia,USDC
311,0.9531756393630687,2929341151784.1934,394,S1_depeg_stablecoin,indonesia,USDC
312,0.8464132635824491,2929341115277.796,394,S1_depeg_stablecoin,indonesia,USDC
313,0.8394739796216034,2929340824167.091,394,S1_depeg_stablecoin,indonesia,USDC
314,0.8573768191338066,2929340566954.233,394,S1_depeg_stablecoin,indonesia,USDC
315,0.8761894244721408,2929340369745.092,394,S1_depeg_stablecoin,indonesia,USDC
316,0.8851307209517935,2929340230698.4775,394,S1_depeg_stablecoin,indonesia,USDC
317,0.8555394849939781,2929340116474.0386,394,S1_depeg_stablecoin,indonesia,USDC
318,0.8525730796983021,2929339968047.8457,394,S1_depeg_stablecoin,indonesia,USDC
319,0.8595651057581641,2929339835952.989,394,S1_depeg_stablecoin,indonesia,USDC
320,0.872616022207766,2929339724002.683,394,S1_depeg_stablecoin,indonesia,USDC
321,0.8865612581691362,2929339640158.6733,394,S1_depeg_stablecoin,indonesia,USDC
322,0.9284437635199063,2929339575240.8096,394,S1_depeg_stablecoin,indonesia,USDC
323,0.9382610819584702,2929339543331.838,394,S1_depeg_stablecoin,indonesia,USDC
324,0.9572063230002064,2929339522273.941,394,S1_depeg_stablecoin,indonesia,USDC
325,0.9585805917756912,2929339513682.041,394,S1_depeg_stablecoin,indonesia,USDC
326,0.982783403496936,2929339505638.3506,394,S1_depeg_stablecoin,indonesia,USDC
327,0.9764551635538227,2929339505638.3506,394,S1_depeg_stablecoin,indonesia,USDC
328,0.9775689338033661,2929339505638.3506,394,S1_depeg_stablecoin,indonesia,USDC
329,0.9610439739309515,2929339505638.3506,394,S1_depeg_stablecoin,indonesia,USDC
330,0.9817278068662134,2929339499404.1025,394,S1_depeg_stablecoin,indonesia,USDC
331,0.9845561484407899,2929339499404.1025,394,S1_depeg_stablecoin,indonesia,USDC
332,0.9625269230791526,2929339499404.1025,394,S1_depeg_stablecoin,indonesia,USDC
333,0.9308408812184565,2929339494670.65,394,S1_depeg_stablecoin,indonesia,USDC
334,0.9340636926647666,2929339467854.941,394,S1_depeg_stablecoin,indonesia,USDC
335,0.9085221636801486,2929339444239.6377,394,S1_depeg_stablecoin,indonesia,USDC
336,0.910551820549583,2929339408230.9565,394,S1_depeg_stablecoin,indonesia,USDC
337,0.9175899663469315,2929339372819.146,394,S1_depeg_stablecoin,indonesia,USDC
338,0.9502737538115122,2929339345066.434,394,S1_depeg_stablecoin,indonesia,USDC
339,0.9840644554166386,2929339334600.5317,394,S1_depeg_stablecoin,indonesia,USDC
340,1.008249339609763,2929339334600.5317,394,S1_depeg_stablecoin,indonesia,USDC
341,1.0276420186028654,2929339334600.5317,394,S1_depeg_stablecoin,indonesia,USDC
342,1.0192337100228221,2929339334600.5317,394,S1_depeg_stablecoin,indonesia,USDC
343,0.9986730669261815,2929339334600.5317,394,S1_depeg_stablecoin,indonesia,USDC
344,0.9939905899007759,2929339334600.5317,394,S1_depeg_stablecoin,indonesia,USDC
345,1.021607274197613,2929339334600.5317,394,S1_depeg_stablecoin,indonesia,USDC
346,1.0238237938849974,2929339334600.5317,394,S1_depeg_stablecoin,indonesia,USDC
347,1.0355176610413035,2929339334600.5317,394,S1_depeg_stablecoin,indonesia,USDC
348,1.0325712742758764,2929339334600.5317,394,S1_depeg_stablecoin,indonesia,USDC
349,1.0473374457964362,2929339334600.5317,394,S1_depeg_stablecoin,indonesia,USDC
350,1.044607621353506,2929339334600.5317,394,S1_depeg_stablecoin,indonesia,USDC
351,1.0692196781773036,2929339334600.5317,394,S1_depeg_stablecoin,indonesia,USDC
352,1.0680548977505069,2929339334600.5317,394,S1_depeg_stablecoin,indonesia,USDC
353,1.0584431879008331,2929339334600.5317,394,S1_depeg_stablecoin,indonesia,USDC
354,1.0428862424674592,2929339334600.5317,394,S1_depeg_stablecoin,indonesia,USDC
355,1.063234584687644,2929339334600.5317,394,S1_depeg_stablecoin,indonesia,USDC
356,1.0655538649010237,2929339334600.5317,394,S1_depeg_stablecoin,indonesia,USDC
357,1.1009036830384076,2929339334600.5317,394,S1_depeg_stablecoin,indonesia,USDC
358,1.092020379168665,2929339334600.5317,394,S1_depeg_stablecoin,indonesia,USDC
359,1.1194139545587412,2929339334600.5317,394,S1_depeg_stablecoin,indonesia,USDC
360,1.1099810592028923,2929339334600.5317,394,S1_depeg_stablecoin,indonesia,USDC
361,1.1090947567128595,2929339334600.5317,394,S1_depeg_stablecoin,indonesia,USDC
362,1.0923601697393313,2929339334600.5317,394,S1_depeg_stablecoin,indonesia,USDC
363,1.1229857906251455,2929339334600.5317,394,S1_depeg_stablecoin,indonesia,USDC
364,1.0990625823111633,2929339334600.5317,394,S1_depeg_stablecoin,indonesia,USDC
365,1.0858019669157202,2929339334600.5317,394,S1_depeg_stablecoin,indonesia,USDC
366,1.1022398801413815,2929339334600.5317,394,S1_depeg_stablecoin,indonesia,USDC
367,1.0990052149064866,2929339334600.5317,394,S1_depeg_stablecoin,indonesia,USDC
368,1.0551371854330147,2929339334600.5317,394,S1_depeg_stablecoin,indonesia,USDC
369,1.0165771180110263,2929339334600.5317,394,S1_depeg_stablecoin,indonesia,USDC
370,1.0434720091628529,2929339334600.5317,394,S1_depeg_stablecoin,indonesia,USDC
371,1.0522005779334715,2929339334600.5317,394,S1_depeg_stablecoin,indonesia,USDC
372,1.0389664460393164,2929339334600.5317,394,S1_depeg_stablecoin,indonesia,USDC
373,1.0141306201796991,2929339334600.5317,394,S1_depeg_stablecoin,indonesia,USDC
374,1.039044657581235,2929339334600.5317,394,S1_depeg_stablecoin,indonesia,USDC
375,1.0241552091297956,2929339334600.5317,394,S1_depeg_stablecoin,indonesia,USDC
376,0.9720507800091923,2929339334600.5317,394,S1_depeg_stablecoin,indonesia,USDC
377,0.9937475138397502,2929339334600.5317,394,S1_depeg_stablecoin,indonesia,USDC
378,1.0207824927672382,2929339334600.5317,394,S1_depeg_stablecoin,indonesia,USDC
379,1.0140795947403853,2929339334600.5317,394,S1_depeg_stablecoin,indonesia,USDC
380,1.0238838290887065,2929339334600.5317,394,S1_depeg_stablecoin,indonesia,USDC
381,1.0275010113585181,2929339334600.5317,394,S1_depeg_stablecoin,indonesia,USDC
382,1.012854779068718,2929339334600.5317,394,S1_depeg_stablecoin,indonesia,USDC
383,1.0255433051547382,2929339334600.5317,394,S1_depeg_stablecoin,indonesia,USDC
384,1.0077844849035218,2929339334600.5317,394,S1_depeg_stablecoin,indonesia,USDC
385,1.0007832767580764,2929339334600.5317,394,S1_depeg_stablecoin,indonesia,USDC
386,1.0001796152570428,2929339334600.5317,394,S1_depeg_stablecoin,indonesia,USDC
387,0.9153303653357711,2929339334600.5317,394,S1_depeg_stablecoin,indonesia,USDC
388,0.8750366704012253,2929339307670.643,394,S1_depeg_stablecoin,indonesia,USDC
389,0.8805926828029661,2929339260948.2246,394,S1_depeg_stablecoin,indonesia,USDC
390,0.8693176177770565,2929339223915.7847,394,S1_depeg_stablecoin,indonesia,USDC
391,0.8744231979827299,2929339185723.635,394,S1_depeg_stablecoin,indonesia,USDC
392,0.8871566817983683,2929339150715.1636,394,S1_depeg_stablecoin,indonesia,USDC
393,0.9105808699802109,2929339124620.406,394,S1_depeg_stablecoin,indonesia,USDC
394,0.9135103616483645,2929339106598.984,394,S1_depeg_stablecoin,indonesia,USDC
395,0.9122484498283303,2929339090917.1606,394,S1_depeg_stablecoin,indonesia,USDC
396,0.8854073628311524,2929339075408.117,394,S1_depeg_stablecoin,indonesia,USDC
397,0.9041591381266161,2929339055490.56,394,S1_depeg_stablecoin,indonesia,USDC
398,0.9363354247601622,2929339040213.809,394,S1_depeg_stablecoin,indonesia,USDC
399,0.9086657642972418,2929339033399.7686,394,S1_depeg_stablecoin,indonesia,USDC
400,0.9470282872043058,2929339020901.117,394,S1_depeg_stablecoin,indonesia,USDC
401,0.951514807753643,2929339016557.0176,394,S1_depeg_stablecoin,indonesia,USDC
402,0.9851921359875234,2929339013475.122,394,S1_depeg_stablecoin,indonesia,USDC
403,0.9618062215734535,2929339013475.122,394,S1_depeg_stablecoin,indonesia,USDC
404,0.9981578716600773,2929339012289.248,394,S1_depeg_stablecoin,indonesia,USDC
405,0.9768995145757501,2929339012289.248,394,S1_depeg_stablecoin,indonesia,USDC
406,0.9809394842925052,2929339012289.248,394,S1_depeg_stablecoin,indonesia,USDC
407,0.9591293137529917,2929339012289.248,394,S1_depeg_stablecoin,indonesia,USDC
408,0.9270716223039449,2929339010251.1255,394,S1_depeg_stablecoin,indonesia,USDC
409,0.9442467923498121,2929339002730.787,394,S1_depeg_stablecoin,indonesia,USDC
410,0.9493380913630277,2929338998156.1455,394,S1_depeg_stablecoin,indonesia,USDC
411,0.9399009899386797,2929338994583.3345,394,S1_depeg_stablecoin,indonesia,USDC
412,0.9104138674269937,2929338989834.489,394,S1_depeg_stablecoin,indonesia,USDC
413,0.9111805338199983,2929338980042.1807,394,S1_depeg_stablecoin,indonesia,USDC
414,0.9510043773713285,2929338971654.6494,394,S1_depeg_stablecoin,indonesia,USDC
415,0.9328569408912206,2929338969014.328,394,S1_depeg_stablecoin,indonesia,USDC
416,0.9478315008131891,2929338963861.359,394,S1_depeg_stablecoin,indonesia,USDC
417,0.9538206414608624,2929338961055.2705,394,S1_depeg_stablecoin,indonesia,USDC
418,0.974318304397347,2929338958976.1885,394,S1_depeg_stablecoin,indonesia,USDC
419,1.002187792361673,2929338958976.1885,394,S1_depeg_stablecoin,indonesia,USDC
420,0.9932535653367295,2929338958976.1885,394,S1_depeg_stablecoin,indonesia,USDC
421,1.0100132158660529,2929338958976.1885,394,S1_depeg_stablecoin,indonesia,USDC
422,1.0046695447484042,2929338958976.1885,394,S1_depeg_stablecoin,indonesia,USDC
423,0.9677224208396537,2929338958976.1885,394,S1_depeg_stablecoin,indonesia,USDC
424,0.9880972118986382,2929338958888.231,394,S1_depeg_stablecoin,indonesia,USDC
425,0.9855953257492718,2929338958888.231,394,S1_depeg_stablecoin,indonesia,USDC
426,0.996092188371737,2929338958888.231,394,S1_depeg_stablecoin,indonesia,USDC
427,1.0037470343819739,2929338958888.231,394,S1_depeg_stablecoin,indonesia,USDC
428,1.0315921119177547,2929338958888.231,394,S1_depeg_stablecoin,indonesia,USDC
429,1.0473586357027258,2929338958888.231,394,S1_depeg_stablecoin,indonesia,USDC
430,1.0405724406811379,2929338958888.231,394,S1_depeg_stablecoin,indonesia,USDC
431,1.0554741801212895,2929338958888.231,394,S1_depeg_stablecoin,indonesia,USDC
432,1.0428937177867539,2929338958888.231,394,S1_depeg_stablecoin,indonesia,USDC
433,1.03896495134942,2929338958888.231,394,S1_depeg_stablecoin,indonesia,USDC
434,1.0086539297879802,2929338958888.231,394,S1_depeg_stablecoin,indonesia,USDC
435,1.0527323570318232,2929338958888.231,394,S1_depeg_stablecoin,indonesia,USDC
436,1.0428787519014577,2929338958888.231,394,S1_depeg_stablecoin,indonesia,USDC
437,1.0438574816182111,2929338958888.231,394,S1_depeg_stablecoin,indonesia,USDC
438,1.0426599422213005,2929338958888.231,394,S1_depeg_stablecoin,indonesia,USDC
439,1.0573522721342286,2929338958888.231,394,S1_depeg_stablecoin,indonesia,USDC
440,1.0547175872214878,2929338958888.231,394,S1_depeg_stablecoin,indonesia,USDC
441,1.0496971523859477,2929338958888.231,394,S1_depeg_stablecoin,indonesia,USDC
442,1.0627776983578743,2929338958888.231,394,S1_depeg_stablecoin,indonesia,USDC
443,1.0609250787787576,2929338958888.231,394,S1_depeg_stablecoin,indonesia,USDC
444,1.0581618858520236,2929338958888.231,394,S1_depeg_stablecoin,indonesia,USDC
445,1.0675336570168668,2929338958888.231,394,S1_depeg_stablecoin,indonesia,USDC
446,1.0428077873827362,2929338958888.231,394,S1_depeg_stablecoin,indonesia,USDC
447,1.0194408936858386,2929338958888.231,394,S1_depeg_stablecoin,indonesia,USDC
448,1.020743631185989,2929338958888.231,394,S1_depeg_stablecoin,indonesia,USDC
449,1.002695381487576,2929338958888.231,394,S1_depeg_stablecoin,indonesia,USDC
450,1.0070825863185988,2929338958888.231,394,S1_depeg_stablecoin,indonesia,USDC
451,0.9899434931141016,2929338958888.231,394,S1_depeg_stablecoin,indonesia,USDC
452,0.9550994082723896,2929338958888.231,394,S1_depeg_stablecoin,indonesia,USDC
453,0.9407101339833779,2929338956914.8657,394,S1_depeg_stablecoin,indonesia,USDC
454,0.9695752447969369,2929338953095.4395,394,S1_depeg_stablecoin,indonesia,USDC
455,1.0045199797875541,2929338953060.6167,394,S1_depeg_stablecoin,indonesia,USDC
456,0.9684921923312282,2929338953060.6167,394,S1_depeg_stablecoin,indonesia,USDC
457,0.9989174204463506,2929338953060.6167,394,S1_depeg_stablecoin,indonesia,USDC
458,1.0127086384532846,2929338953060.6167,394,S1_depeg_stablecoin,indonesia,USDC
459,1.0035657841820154,2929338953060.6167,394,S1_depeg_stablecoin,indonesia,USDC
460,0.9923676263620542,2929338953060.6167,394,S1_depeg_stablecoin,indonesia,USDC
461,1.0124522455207077,2929338953060.6167,394,S1_depeg_stablecoin,indonesia,USDC
462,0.9956825339752431,2929338953060.6167,394,S1_depeg_stablecoin,indonesia,USDC
463,0.996390085543028,2929338953060.6167,394,S1_depeg_stablecoin,indonesia,USDC
464,0.9776344853103371,2929338953060.6167,394,S1_depeg_stablecoin,indonesia,USDC
465,0.9484764280101983,2929338953060.6167,394,S1_depeg_stablecoin,indonesia,USDC
466,0.968336644540708,2929338950339.4453,394,S1_depeg_stablecoin,indonesia,USDC
467,1.0155262362600215,2929338950202.676,394,S1_depeg_stablecoin,indonesia,USDC
468,1.032578946370788,2929338950202.676,394,S1_depeg_stablecoin,indonesia,USDC
469,1.0496532625837078,2929338950202.676,394,S1_depeg_stablecoin,indonesia,USDC
470,1.0403006810159137,2929338950202.676,394,S1_depeg_stablecoin,indonesia,USDC
471,1.0556926936695312,2929338950202.676,394,S1_depeg_stablecoin,indonesia,USDC
472,1.0359005196240418,2929338950202.676,394,S1_depeg_stablecoin,indonesia,USDC
473,1.0494632471418837,2929338950202.676,394,S1_depeg_stablecoin,indonesia,USDC
474,1.0291848772708947,2929338950202.676,394,S1_depeg_stablecoin,indonesia,USDC
475,1.044160623767757,2929338950202.676,394,S1_depeg_stablecoin,indonesia,USDC
476,1.0106686520880952,2929338950202.676,394,S1_depeg_stablecoin,indonesia,USDC
477,0.9937627995826639,2929338950202.676,394,S1_depeg_stablecoin,indonesia,USDC
478,0.9913349797226193,2929338950202.676,394,S1_depeg_stablecoin,indonesia,USDC
479,0.9672632624158073,2929338950202.676,394,S1_depeg_stablecoin,indonesia,USDC
480,0.9947161290115998,2929338949930.753,394,S1_depeg_stablecoin,indonesia,USDC
481,0.9992982323118166,2929338949930.753,394,S1_depeg_stablecoin,indonesia,USDC
482,0.9996109682844329,2929338949930.753,394,S1_depeg_stablecoin,indonesia,USDC
483,0.9902153625547182,2929338949930.753,394,S1_depeg_stablecoin,indonesia,USDC
484,1.0123730890285234,2929338949930.753,394,S1_depeg_stablecoin,indonesia,USDC
485,1.0133526515713687,2929338949930.753,394,S1_depeg_stablecoin,indonesia,USDC
486,0.9956954290201332,2929338949930.753,394,S1_depeg_stablecoin,indonesia,USDC
487,1.0123505776776434,2929338949930.753,394,S1_depeg_stablecoin,indonesia,USDC
488,0.9882705767783199,2929338949930.753,394,S1_depeg_stablecoin,indonesia,USDC
489,0.997209578237857,2929338949930.753,394,S1_depeg_stablecoin,indonesia,USDC
490,1.0132434988575938,2929338949930.753,394,S1_depeg_stablecoin,indonesia,USDC
491,0.9977103949861796,2929338949930.753,394,S1_depeg_stablecoin,indonesia,USDC
492,0.9869540448730674,2929338949930.753,394,S1_depeg_stablecoin,indonesia,USDC
493,1.0260382505752774,2929338949930.753,394,S1_depeg_stablecoin,indonesia,USDC
494,1.014433117024294,2929338949930.753,394,S1_depeg_stablecoin,indonesia,USDC
495,1.0191581668796943,2929338949930.753,394,S1_depeg_stablecoin,indonesia,USDC
496,1.00920459966469,2929338949930.753,394,S1_depeg_stablecoin,indonesia,USDC
497,1.0307361782764426,2929338949930.753,394,S1_depeg_stablecoin,indonesia,USDC
498,1.0509688934548704,2929338949930.753,394,S1_depeg_stablecoin,indonesia,USDC
499,1.0447485070276759,2929338949930.753,394,S1_depeg_stablecoin,indonesia,USDC
500,1.0199522321543013,2929338949930.753,394,S1_depeg_stablecoin,indonesia,USDC
501,1.027716219859072,2929338949930.753,394,S1_depeg_stablecoin,indonesia,USDC
502,1.0237541897346611,2929338949930.753,394,S1_depeg_stablecoin,indonesia,USDC
503,1.0234243275627988,2929338949930.753,394,S1_depeg_stablecoin,indonesia,USDC
504,1.017654977030649,2929338949930.753,394,S1_depeg_stablecoin,indonesia,USDC
505,0.9940621279728751,2929338949930.753,394,S1_depeg_stablecoin,indonesia,USDC
506,1.0042859595946179,2929338949930.753,394,S1_depeg_stablecoin,indonesia,USDC
507,1.0155164411983648,2929338949930.753,394,S1_depeg_stablecoin,indonesia,USDC
508,1.0100132044297194,2929338949930.753,394,S1_depeg_stablecoin,indonesia,USDC
509,1.024293750540657,2929338949930.753,394,S1_depeg_stablecoin,indonesia,USDC
510,1.0206165426319744,2929338949930.753,394,S1_depeg_stablecoin,indonesia,USDC
511,1.0576221606940346,2929338949930.753,394,S1_depeg_stablecoin,indonesia,USDC
512,1.0158124966306392,2929338949930.753,394,S1_depeg_stablecoin,indonesia,USDC
513,1.0198566877278872,2929338949930.753,394,S1_depeg_stablecoin,indonesia,USDC
514,1.0063471724596906,2929338949930.753,394,S1_depeg_stablecoin,indonesia,USDC
515,1.007303739533992,2929338949930.753,394,S1_depeg_stablecoin,indonesia,USDC
516,1.016873765226231,2929338949930.753,394,S1_depeg_stablecoin,indonesia,USDC
517,0.9994558791817865,2929338949930.753,394,S1_depeg_stablecoin,indonesia,USDC
518,0.9887303732983787,2929338949930.753,394,S1_depeg_stablecoin,indonesia,USDC
519,0.9668194198680046,2929338949930.753,394,S1_depeg_stablecoin,indonesia,USDC
520,0.979087918619928,2929338949743.297,394,S1_depeg_stablecoin,indonesia,USDC
521,0.9661521093828681,2929338949743.297,394,S1_depeg_stablecoin,indonesia,USDC
522,0.9534303000604623,2929338949478.155,394,S1_depeg_stablecoin,indonesia,USDC
523,0.9365078170553097,2929338947730.27,394,S1_depeg_stablecoin,indonesia,USDC
524,0.9490368682198035,2929338943679.9834,394,S1_depeg_stablecoin,indonesia,USDC
525,0.9412492466866564,2929338941327.903,394,S1_depeg_stablecoin,indonesia,USDC
526,0.9498493283428077,2929338938376.6284,394,S1_depeg_stablecoin,indonesia,USDC
527,0.9576549632618053,2929338936413.135,394,S1_depeg_stablecoin,indonesia,USDC
528,0.9529607240305719,2929338935214.2305,394,S1_depeg_stablecoin,indonesia,USDC
529,0.9393669272529535,2929338933455.267,394,S1_depeg_stablecoin,indonesia,USDC
530,0.9312776404171819,2929338930523.56,394,S1_depeg_stablecoin,indonesia,USDC
531,0.9447325028782746,2929338926882.2524,394,S1_depeg_stablecoin,indonesia,USDC
532,0.9400549071704591,2929338924554.6826,394,S1_depeg_stablecoin,indonesia,USDC
533,0.9575168059797675,2929338921648.8125,394,S1_depeg_stablecoin,indonesia,USDC
534,1.0088703258583571,2929338920539.9736,394,S1_depeg_stablecoin,indonesia,USDC
535,0.996365573753953,2929338920539.9736,394,S1_depeg_stablecoin,indonesia,USDC
536,0.992475559397405,2929338920539.9736,394,S1_depeg_stablecoin,indonesia,USDC
537,0.9821280636976657,2929338920539.9736,394,S1_depeg_stablecoin,indonesia,USDC
538,0.9828420955819146,2929338920539.9736,394,S1_depeg_stablecoin,indonesia,USDC
539,0.9839802418064165,2929338920539.9736,394,S1_depeg_stablecoin,indonesia,USDC
540,0.9857460319703605,2929338920539.9736,394,S1_depeg_stablecoin,indonesia,USDC
541,1.0045109509868515,2929338920539.9736,394,S1_depeg_stablecoin,indonesia,USDC
542,0.995060154322005,2929338920539.9736,394,S1_depeg_stablecoin,indonesia,USDC
543,0.9840398186246583,2929338920539.9736,394,S1_depeg_stablecoin,indonesia,USDC
544,0.9760247693587609,2929338920539.9736,394,S1_depeg_stablecoin,indonesia,USDC
545,0.991327717168129,2929338920539.9736,394,S1_depeg_stablecoin,indonesia,USDC
546,0.9752631894565746,2929338920539.9736,394,S1_depeg_stablecoin,indonesia,USDC
547,0.9507815591957153,2929338920539.9736,394,S1_depeg_stablecoin,indonesia,USDC
548,0.9685247174592109,2929338918983.1826,394,S1_depeg_stablecoin,indonesia,USDC
549,0.9919744534062194,2929338918891.927,394,S1_depeg_stablecoin,indonesia,USDC
550,0.9798159703447329,2929338918891.927,394,S1_depeg_stablecoin,indonesia,USDC
551,0.9758489087996529,2929338918891.927,394,S1_depeg_stablecoin,indonesia,USDC
552,0.9564704764886734,2929338918891.927,394,S1_depeg_stablecoin,indonesia,USDC
553,0.9536544860875831,2929338917856.5054,394,S1_depeg_stablecoin,indonesia,USDC
554,0.9709676477864293,2929338916592.076,394,S1_depeg_stablecoin,indonesia,USDC
555,0.9871861001333813,2929338916592.076,394,S1_depeg_stablecoin,indonesia,USDC
556,0.9634834104143164,2929338916592.076,394,S1_depeg_stablecoin,indonesia,USDC
557,0.9841635511491301,2929338916013.2,394,S1_depeg_stablecoin,indonesia,USDC
558,0.9957516249768593,2929338916013.2,394,S1_depeg_stablecoin,indonesia,USDC
559,0.9984747397553717,2929338916013.2,394,S1_depeg_stablecoin,indonesia,USDC
560,0.9929778225019633,2929338916013.2,394,S1_depeg_stablecoin,indonesia,USDC
561,1.0056666117929902,2929338916013.2,394,S1_depeg_stablecoin,indonesia,USDC
562,0.9905923118553763,2929338916013.2,394,S1_depeg_stablecoin,indonesia,USDC
563,1.0066052939503523,2929338916013.2,394,S1_depeg_stablecoin,indonesia,USDC
564,1.0172200172452162,2929338916013.2,394,S1_depeg_stablecoin,indonesia,USDC
565,1.0272946814857002,2929338916013.2,394,S1_depeg_stablecoin,indonesia,USDC
566,1.0253390115188712,2929338916013.2,394,S1_depeg_stablecoin,indonesia,USDC
567,1.0112186429124508,2929338916013.2,394,S1_depeg_stablecoin,indonesia,USDC
568,0.9902476231607927,2929338916013.2,394,S1_depeg_stablecoin,indonesia,USDC
569,0.9608305839196433,2929338916013.2,394,S1_depeg_stablecoin,indonesia,USDC
570,0.9760779249052717,2929338915376.9478,394,S1_depeg_stablecoin,indonesia,USDC
571,0.9919237761355528,2929338915376.9478,394,S1_depeg_stablecoin,indonesia,USDC
572,1.016459648425322,2929338915376.9478,394,S1_depeg_stablecoin,indonesia,USDC
573,1.0437522177566816,2929338915376.9478,394,S1_depeg_stablecoin,indonesia,USDC
574,1.020301827951128,2929338915376.9478,394,S1_depeg_stablecoin,indonesia,USDC
575,1.0210818101257395,2929338915376.9478,394,S1_depeg_stablecoin,indonesia,USDC
576,1.0346534326256536,2929338915376.9478,394,S1_depeg_stablecoin,indonesia,USDC
577,1.021992682879673,2929338915376.9478,394,S1_depeg_stablecoin,indonesia,USDC
578,1.0514551410987611,2929338915376.9478,394,S1_depeg_stablecoin,indonesia,USDC
579,1.0816117928978493,2929338915376.9478,394,S1_depeg_stablecoin,indonesia,USDC
580,1.0924621925477633,2929338915376.9478,394,S1_depeg_stablecoin,indonesia,USDC
581,1.0868497440866125,2929338915376.9478,394,S1_depeg_stablecoin,indonesia,USDC
582,1.0594677124016247,2929338915376.9478,394,S1_depeg_stablecoin,indonesia,USDC
583,1.0878298289507071,2929338915376.9478,394,S1_depeg_stablecoin,indonesia,USDC
584,1.0895130609442734,2929338915376.9478,394,S1_depeg_stablecoin,indonesia,USDC
585,1.0842668415844263,2929338915376.9478,394,S1_depeg_stablecoin,indonesia,USDC
586,1.065070983467063,2929338915376.9478,394,S1_depeg_stablecoin,indonesia,USDC
587,1.0556327508352108,2929338915376.9478,394,S1_depeg_stablecoin,indonesia,USDC
588,1.0550452106201227,2929338915376.9478,394,S1_depeg_stablecoin,indonesia,USDC
589,1.0739820770946649,2929338915376.9478,394,S1_depeg_stablecoin,indonesia,USDC
590,1.0686056198182394,2929338915376.9478,394,S1_depeg_stablecoin,indonesia,USDC
591,1.0588366338502933,2929338915376.9478,394,S1_depeg_stablecoin,indonesia,USDC
592,1.0570700609546404,2929338915376.9478,394,S1_depeg_stablecoin,indonesia,USDC
593,1.074175868063654,2929338915376.9478,394,S1_depeg_stablecoin,indonesia,USDC
594,1.0707866915698165,2929338915376.9478,394,S1_depeg_stablecoin,indonesia,USDC
595,0.9980019017870071,2929338915376.9478,394,S1_depeg_stablecoin,indonesia,USDC
596,0.983118056752186,2929338915376.9478,394,S1_depeg_stablecoin,indonesia,USDC
597,1.0021981315803898,2929338915376.9478,394,S1_depeg_stablecoin,indonesia,USDC
598,1.01493450715487,2929338915376.9478,394,S1_depeg_stablecoin,indonesia,USDC
599,1.0324576414589353,2929338915376.9478,394,S1_depeg_stablecoin,indonesia,USDC
600,1.0115032375130484,2929338915376.9478,394,S1_depeg_stablecoin,indonesia,USDC
601,0.9940093016540336,2929338915376.9478,394,S1_depeg_stablecoin,indonesia,USDC
602,0.9803487740442345,2929338915376.9478,394,S1_depeg_stablecoin,indonesia,USDC
603,0.9710695075694468,2929338915376.9478,394,S1_depeg_stablecoin,indonesia,USDC
604,0.9829672084355877,2929338915376.9478,394,S1_depeg_stablecoin,indonesia,USDC
605,1.0131111829808868,2929338915376.9478,394,S1_depeg_stablecoin,indonesia,USDC
606,1.001325659207198,2929338915376.9478,394,S1_depeg_stablecoin,indonesia,USDC
607,0.9683145674314566,2929338915376.9478,394,S1_depeg_stablecoin,indonesia,USDC
608,0.9835733641848615,2929338915274.624,394,S1_depeg_stablecoin,indonesia,USDC
609,0.9957340958687271,2929338915274.624,394,S1_depeg_stablecoin,indonesia,USDC
610,0.9775590967931116,2929338915274.624,394,S1_depeg_stablecoin,indonesia,USDC
611,0.9745738378793294,2929338915274.624,394,S1_depeg_stablecoin,indonesia,USDC
612,0.9765555063852684,2929338915274.624,394,S1_depeg_stablecoin,indonesia,USDC
613,0.97006305177284,2929338915274.624,394,S1_depeg_stablecoin,indonesia,USDC
614,1.0028171894697577,2929338915274.624,394,S1_depeg_stablecoin,indonesia,USDC
615,0.9932239708948202,2929338915274.624,394,S1_depeg_stablecoin,indonesia,USDC
616,1.0004863998156388,2929338915274.624,394,S1_depeg_stablecoin,indonesia,USDC
617,0.978032374180704,2929338915274.624,394,S1_depeg_stablecoin,indonesia,USDC
618,0.9853013564223619,2929338915274.624,394,S1_depeg_stablecoin,indonesia,USDC
619,0.9868340559410892,2929338915274.624,394,S1_depeg_stablecoin,indonesia,USDC
620,0.9791815705874627,2929338915274.624,394,S1_depeg_stablecoin,indonesia,USDC
621,0.9621209115772289,2929338915274.624,394,S1_depeg_stablecoin,indonesia,USDC
622,0.9848491096721433,2929338914638.866,394,S1_depeg_stablecoin,indonesia,USDC
623,0.9821824862662133,2929338914638.866,394,S1_depeg_stablecoin,indonesia,USDC
624,0.9695030040876321,2929338914638.866,394,S1_depeg_stablecoin,indonesia,USDC
625,0.945796639239299,2929338914638.866,394,S1_depeg_stablecoin,indonesia,USDC
626,0.9250689036965314,2929338912690.4316,394,S1_depeg_stablecoin,indonesia,USDC
627,0.9653748731925152,2929338908879.8813,394,S1_depeg_stablecoin,indonesia,USDC
628,0.9441696288044316,2929338908554.776,394,S1_depeg_stablecoin,indonesia,USDC
629,0.9730132275784171,2929338906474.2637,394,S1_depeg_stablecoin,indonesia,USDC
630,0.9630142153090374,2929338906474.2637,394,S1_depeg_stablecoin,indonesia,USDC
631,0.9831053147025344,2929338906071.561,394,S1_depeg_stablecoin,indonesia,USDC
632,0.978654734900241,2929338906071.561,394,S1_depeg_stablecoin,indonesia,USDC
633,0.9976768485993155,2929338906071.561,394,S1_depeg_stablecoin,indonesia,USDC
634,0.9898471260249601,2929338906071.561,394,S1_depeg_stablecoin,indonesia,USDC
635,1.0037857758557434,2929338906071.561,394,S1_depeg_stablecoin,indonesia,USDC
636,1.0214279251212617,2929338906071.561,394,S1_depeg_stablecoin,indonesia,USDC
637,0.9860732304217146,2929338906071.561,394,S1_depeg_stablecoin,indonesia,USDC
638,0.99468561546035,2929338906071.561,394,S1_depeg_stablecoin,indonesia,USDC
639,0.99460747076547,2929338906071.561,394,S1_depeg_stablecoin,indonesia,USDC
640,0.992879602575144,2929338906071.561,394,S1_depeg_stablecoin,indonesia,USDC
641,1.0033837034866906,2929338906071.561,394,S1_depeg_stablecoin,indonesia,USDC
642,1.0011899545662168,2929338906071.561,394,S1_depeg_stablecoin,indonesia,USDC
643,1.013898202795134,2929338906071.561,394,S1_depeg_stablecoin,indonesia,USDC
644,1.0064774882186898,2929338906071.561,394,S1_depeg_stablecoin,indonesia,USDC
645,1.001553455999201,2929338906071.561,394,S1_depeg_stablecoin,indonesia,USDC
646,0.9895424049984418,2929338906071.561,394,S1_depeg_stablecoin,indonesia,USDC
647,0.9853849949963047,2929338906071.561,394,S1_depeg_stablecoin,indonesia,USDC
648,1.0103342285062806,2929338906071.561,394,S1_depeg_stablecoin,indonesia,USDC
649,1.0025771852541718,2929338906071.561,394,S1_depeg_stablecoin,indonesia,USDC
650,1.0091029201568975,2929338906071.561,394,S1_depeg_stablecoin,indonesia,USDC
651,1.0176121121011024,2929338906071.561,394,S1_depeg_stablecoin,indonesia,USDC
652,1.0188141358295015,2929338906071.561,394,S1_depeg_stablecoin,indonesia,USDC
653,1.0133239521047497,2929338906071.561,394,S1_depeg_stablecoin,indonesia,USDC
654,0.9907588419993536,2929338906071.561,394,S1_depeg_stablecoin,indonesia,USDC
655,0.9847493554317869,2929338906071.561,394,S1_depeg_stablecoin,indonesia,USDC
656,0.9554015183607247,2929338906071.561,394,S1_depeg_stablecoin,indonesia,USDC
657,0.9250613964509842,2929338905050.1924,394,S1_depeg_stablecoin,indonesia,USDC
658,0.9499108926867051,2929338901592.966,394,S1_depeg_stablecoin,indonesia,USDC
659,0.970650617933142,2929338900178.494,394,S1_depeg_stablecoin,indonesia,USDC
660,0.994780720893669,2929338900178.494,394,S1_depeg_stablecoin,indonesia,USDC
661,1.0217763794722856,2929338900178.494,394,S1_depeg_stablecoin,indonesia,USDC
662,1.072987997777919,2929338900178.494,394,S1_depeg_stablecoin,indonesia,USDC
663,1.060992792574914,2929338900178.494,394,S1_depeg_stablecoin,indonesia,USDC
664,1.0491900462831596,2929338900178.494,394,S1_depeg_stablecoin,indonesia,USDC
665,1.0679325068152699,2929338900178.494,394,S1_depeg_stablecoin,indonesia,USDC
666,0.8971550584568595,2929338900178.494,394,S1_depeg_stablecoin,indonesia,USDC
667,0.9182463697944876,2929338894940.2256,394,S1_depeg_stablecoin,indonesia,USDC
668,0.9392843719157316,2929338891498.114,394,S1_depeg_stablecoin,indonesia,USDC
669,0.9420121147757141,2929338889626.1543,394,S1_depeg_stablecoin,indonesia,USDC
670,0.954536010411287,2929338887979.916,394,S1_depeg_stablecoin,indonesia,USDC
671,0.931556542132343,2929338887062.376,394,S1_depeg_stablecoin,indonesia,USDC
672,0.9308021649491625,2929338884882.5464,394,S1_depeg_stablecoin,indonesia,USDC
673,0.945005358836442,2929338882876.1885,394,S1_depeg_stablecoin,indonesia,USDC
674,0.9697605451381457,2929338881673.3525,394,S1_depeg_stablecoin,indonesia,USDC
675,0.9876759850582492,2929338881673.3525,394,S1_depeg_stablecoin,indonesia,USDC
676,1.0044738646327538,2929338881673.3525,394,S1_depeg_stablecoin,indonesia,USDC
677,0.9925814263813353,2929338881673.3525,394,S1_depeg_stablecoin,indonesia,USDC
678,1.0201877676670355,2929338881673.3525,394,S1_depeg_stablecoin,indonesia,USDC
679,1.0534496782242733,2929338881673.3525,394,S1_depeg_stablecoin,indonesia,USDC
680,1.0356226500442303,2929338881673.3525,394,S1_depeg_stablecoin,indonesia,USDC
681,1.0119080819541582,2929338881673.3525,394,S1_depeg_stablecoin,indonesia,USDC
682,1.021029743515288,2929338881673.3525,394,S1_depeg_stablecoin,indonesia,USDC
683,0.9937530362377004,2929338881673.3525,394,S1_depeg_stablecoin,indonesia,USDC
684,1.0375276546881274,2929338881673.3525,394,S1_depeg_stablecoin,indonesia,USDC
685,1.0299133514193284,2929338881673.3525,394,S1_depeg_stablecoin,indonesia,USDC
686,1.048235149654448,2929338881673.3525,394,S1_depeg_stablecoin,indonesia,USDC
687,1.0649096731020662,2929338881673.3525,394,S1_depeg_stablecoin,indonesia,USDC
688,1.0549651432890175,2929338881673.3525,394,S1_depeg_stablecoin,indonesia,USDC
689,1.0718550473606248,2929338881673.3525,394,S1_depeg_stablecoin,indonesia,USDC
690,1.068360754409713,2929338881673.3525,394,S1_depeg_stablecoin,indonesia,USDC
691,1.0803540379266805,2929338881673.3525,394,S1_depeg_stablecoin,indonesia,USDC
692,1.0642575623322086,2929338881673.3525,394,S1_depeg_stablecoin,indonesia,USDC
693,1.0819531562726474,2929338881673.3525,394,S1_depeg_stablecoin,indonesia,USDC
694,1.087080158375607,2929338881673.3525,394,S1_depeg_stablecoin,indonesia,USDC
695,1.0926032539892074,2929338881673.3525,394,S1_depeg_stablecoin,indonesia,USDC
696,1.054237631637678,2929338881673.3525,394,S1_depeg_stablecoin,indonesia,USDC
697,1.0542750054333354,2929338881673.3525,394,S1_depeg_stablecoin,indonesia,USDC
698,1.065082431683582,2929338881673.3525,394,S1_depeg_stablecoin,indonesia,USDC
699,1.0491957313176214,2929338881673.3525,394,S1_depeg_stablecoin,indonesia,USDC
700,1.0428194258174146,2929338881673.3525,394,S1_depeg_stablecoin,indonesia,USDC
701,1.0582702173730236,2929338881673.3525,394,S1_depeg_stablecoin,indonesia,USDC
702,1.0560114361587372,2929338881673.3525,394,S1_depeg_stablecoin,indonesia,USDC
703,1.0625293314272735,2929338881673.3525,394,S1_depeg_stablecoin,indonesia,USDC
704,1.0750003214977406,2929338881673.3525,394,S1_depeg_stablecoin,indonesia,USDC
705,1.0553152241429777,2929338881673.3525,394,S1_depeg_stablecoin,indonesia,USDC
706,1.0646034119324363,2929338881673.3525,394,S1_depeg_stablecoin,indonesia,USDC
707,1.1070753878159165,2929338881673.3525,394,S1_depeg_stablecoin,indonesia,USDC
708,1.0897316477863752,2929338881673.3525,394,S1_depeg_stablecoin,indonesia,USDC
709,1.0848100868247366,2929338881673.3525,394,S1_depeg_stablecoin,indonesia,USDC
710,1.0620509412732315,2929338881673.3525,394,S1_depeg_stablecoin,indonesia,USDC
711,1.0519913084574166,2929338881673.3525,394,S1_depeg_stablecoin,indonesia,USDC
712,1.041349190297254,2929338881673.3525,394,S1_depeg_stablecoin,indonesia,USDC
713,1.0326315590757897,2929338881673.3525,394,S1_depeg_stablecoin,indonesia,USDC
714,1.0495602147975611,2929338881673.3525,394,S1_depeg_stablecoin,indonesia,USDC
715,0.962719466236859,2929338881673.3525,394,S1_depeg_stablecoin,indonesia,USDC
716,0.9461322489586556,2929338881288.7046,394,S1_depeg_stablecoin,indonesia,USDC
717,0.9602432845735015,2929338880132.54,394,S1_depeg_stablecoin,indonesia,USDC
718,0.9813693680391078,2929338879701.2803,394,S1_depeg_stablecoin,indonesia,USDC
719,1.0023646291125008,2929338879701.2803,394,S1_depeg_stablecoin,indonesia,USDC
720,1.0266893646643067,2929338879701.2803,394,S1_depeg_stablecoin,indonesia,USDC
721,1.0330206840379073,2929338879701.2803,394,S1_depeg_stablecoin,indonesia,USDC
722,1.0175721858456104,2929338879701.2803,394,S1_depeg_stablecoin,indonesia,USDC
723,1.025305201212922,2929338879701.2803,394,S1_depeg_stablecoin,indonesia,USDC
724,1.0438747512777007,2929338879701.2803,394,S1_depeg_stablecoin,indonesia,USDC
725,1.038959480972813,2929338879701.2803,394,S1_depeg_stablecoin,indonesia,USDC
726,1.050664600225504,2929338879701.2803,394,S1_depeg_stablecoin,indonesia,USDC
727,1.0560274643304604,2929338879701.2803,394,S1_depeg_stablecoin,indonesia,USDC
728,1.0427952673561511,2929338879701.2803,394,S1_depeg_stablecoin,indonesia,USDC
729,1.0312320360960143,2929338879701.2803,394,S1_depeg_stablecoin,indonesia,USDC
730,1.0218508303852842,2929338879701.2803,394,S1_depeg_stablecoin,indonesia,USDC
731,1.0164185356581412,2929338879701.2803,394,S1_depeg_stablecoin,indonesia,USDC
732,1.0296224413589767,2929338879701.2803,394,S1_depeg_stablecoin,indonesia,USDC
733,1.0111990922354173,2929338879701.2803,394,S1_depeg_stablecoin,indonesia,USDC
734,0.9998411509910725,2929338879701.2803,394,S1_depeg_stablecoin,indonesia,USDC
735,0.9864759061348402,2929338879701.2803,394,S1_depeg_stablecoin,indonesia,USDC
736,0.9853505708289458,2929338879701.2803,394,S1_depeg_stablecoin,indonesia,USDC
737,0.9758562046719801,2929338879701.2803,394,S1_depeg_stablecoin,indonesia,USDC
738,0.9768176811520276,2929338879701.2803,394,S1_depeg_stablecoin,indonesia,USDC
739,0.9863416513894697,2929338879701.2803,394,S1_depeg_stablecoin,indonesia,USDC
740,0.9890942914963157,2929338879701.2803,394,S1_depeg_stablecoin,indonesia,USDC
741,1.0062560860462422,2929338879701.2803,394,S1_depeg_stablecoin,indonesia,USDC
742,0.9731971124899162,2929338879701.2803,394,S1_depeg_stablecoin,indonesia,USDC
743,0.9836661794914834,2929338879701.2803,394,S1_depeg_stablecoin,indonesia,USDC
744,1.0073874709870183,2929338879701.2803,394,S1_depeg_stablecoin,indonesia,USDC
745,1.0107776928448984,2929338879701.2803,394,S1_depeg_stablecoin,indonesia,USDC
746,0.986935032948108,2929338879701.2803,394,S1_depeg_stablecoin,indonesia,USDC
747,1.0113601261828935,2929338879701.2803,394,S1_depeg_stablecoin,indonesia,USDC
748,0.9995438573969492,2929338879701.2803,394,S1_depeg_stablecoin,indonesia,USDC
749,0.9927864368168383,2929338879701.2803,394,S1_depeg_stablecoin,indonesia,USDC
750,0.9873600361011784,2929338879701.2803,394,S1_depeg_stablecoin,indonesia,USDC
751,0.9859803683244285,2929338879701.2803,394,S1_depeg_stablecoin,indonesia,USDC
752,0.9658232984976827,2929338879701.2803,394,S1_depeg_stablecoin,indonesia,USDC
753,0.9750876026746511,2929338879489.1064,394,S1_depeg_stablecoin,indonesia,USDC
754,0.99294464452835,2929338879489.1064,394,S1_depeg_stablecoin,indonesia,USDC
755,1.0161176912806509,2929338879489.1064,394,S1_depeg_stablecoin,indonesia,USDC
756,0.9824270350450447,2929338879489.1064,394,S1_depeg_stablecoin,indonesia,USDC
757,0.9838278375707638,2929338879489.1064,394,S1_depeg_stablecoin,indonesia,USDC
758,1.0049225728309998,2929338879489.1064,394,S1_depeg_stablecoin,indonesia,USDC
759,1.004296265663645,2929338879489.1064,394,S1_depeg_stablecoin,indonesia,USDC
760,0.9790870208002528,2929338879489.1064,394,S1_depeg_stablecoin,indonesia,USDC
761,0.9756691679757528,2929338879489.1064,394,S1_depeg_stablecoin,indonesia,USDC
762,0.9919532432466895,2929338879489.1064,394,S1_depeg_stablecoin,indonesia,USDC
763,0.9936472878058034,2929338879489.1064,394,S1_depeg_stablecoin,indonesia,USDC
764,0.9780063496937801,2929338879489.1064,394,S1_depeg_stablecoin,indonesia,USDC
765,0.9687963852041506,2929338879489.1064,394,S1_depeg_stablecoin,indonesia,USDC
766,0.9665951572991679,2929338879489.1064,394,S1_depeg_stablecoin,indonesia,USDC
767,1.0078292216433835,2929338879371.7485,394,S1_depeg_stablecoin,indonesia,USDC
768,1.0085573187310395,2929338879371.7485,394,S1_depeg_stablecoin,indonesia,USDC
769,1.0099146189501824,2929338879371.7485,394,S1_depeg_stablecoin,indonesia,USDC
770,1.0581414876071082,2929338879371.7485,394,S1_depeg_stablecoin,indonesia,USDC
771,0.9950162139382921,2929338879371.7485,394,S1_depeg_stablecoin,indonesia,USDC
772,0.9693943834379267,2929338879371.7485,394,S1_depeg_stablecoin,indonesia,USDC
773,0.9967771258556795,2929338879351.108,394,S1_depeg_stablecoin,indonesia,USDC
774,1.004233551000835,2929338879351.108,394,S1_depeg_stablecoin,indonesia,USDC
775,0.9648857266789059,2929338879351.108,394,S1_depeg_stablecoin,indonesia,USDC
776,0.9432224268802722,2929338879121.907,394,S1_depeg_stablecoin,indonesia,USDC
777,0.942495889272599,2929338877920.1367,394,S1_depeg_stablecoin,indonesia,USDC
778,0.9585433300210265,2929338876714.2295,394,S1_depeg_stablecoin,indonesia,USDC
779,0.9749672981772521,2929338876167.5186,394,S1_depeg_stablecoin,indonesia,USDC
780,0.9561950925629228,2929338876167.5186,394,S1_depeg_stablecoin,indonesia,USDC
781,0.9561400534926184,2929338875550.092,394,S1_depeg_stablecoin,indonesia,USDC
782,0.9966893107479661,2929338874905.3306,394,S1_depeg_stablecoin,indonesia,USDC
783,0.9909569886458648,2929338874905.3306,394,S1_depeg_stablecoin,indonesia,USDC
784,0.9933714936116912,2929338874905.3306,394,S1_depeg_stablecoin,indonesia,USDC
785,0.9986227087906867,2929338874905.3306,394,S1_depeg_stablecoin,indonesia,USDC
786,0.9866079855411702,2929338874905.3306,394,S1_depeg_stablecoin,indonesia,USDC
787,1.0048249440075319,2929338874905.3306,394,S1_depeg_stablecoin,indonesia,USDC
788,1.0008281815059836,2929338874905.3306,394,S1_depeg_stablecoin,indonesia,USDC
789,0.9736607449297638,2929338874905.3306,394,S1_depeg_stablecoin,indonesia,USDC
790,0.9590125004490538,2929338874905.3306,394,S1_depeg_stablecoin,indonesia,USDC
791,0.9505482497873134,2929338874401.498,394,S1_depeg_stablecoin,indonesia,USDC
792,0.9389918062174836,2929338873558.84,394,S1_depeg_stablecoin,indonesia,USDC
793,0.9425253725489993,2929338872315.644,394,S1_depeg_stablecoin,indonesia,USDC
794,0.9396200798866845,2929338871253.2476,394,S1_depeg_stablecoin,indonesia,USDC
795,0.9232478070727859,2929338869974.5566,394,S1_depeg_stablecoin,indonesia,USDC
796,0.8970570755136252,2929338868119.2617,394,S1_depeg_stablecoin,indonesia,USDC
797,0.8771055265564579,2929338865349.597,394,S1_depeg_stablecoin,indonesia,USDC
798,0.9035098642934992,2929338862154.2783,394,S1_depeg_stablecoin,indonesia,USDC
799,0.9381760576690946,2929338859979.4106,394,S1_depeg_stablecoin,indonesia,USDC
800,0.9131145342557865,2929338859103.996,394,S1_depeg_stablecoin,indonesia,USDC
801,0.9220343710399896,2929338857422.177,394,S1_depeg_stablecoin,indonesia,USDC
802,0.93751985367507,2929338856125.205,394,S1_depeg_stablecoin,indonesia,USDC
803,0.916526781975889,2929338855264.673,394,S1_depeg_stablecoin,indonesia,USDC
804,0.9201502081329707,2929338854002.262,394,S1_depeg_stablecoin,indonesia,USDC
805,0.9183003927417266,2929338852856.2915,394,S1_depeg_stablecoin,indonesia,USDC
806,0.966848520233674,2929338851724.4434,394,S1_depeg_stablecoin,indonesia,USDC
807,1.0087717627690589,2929338851655.2456,394,S1_depeg_stablecoin,indonesia,USDC
808,0.9902607819746494,2929338851655.2456,394,S1_depeg_stablecoin,indonesia,USDC
809,0.9866967977629011,2929338851655.2456,394,S1_depeg_stablecoin,indonesia,USDC
810,1.018589392010254,2929338851655.2456,394,S1_depeg_stablecoin,indonesia,USDC
811,0.9924996876532585,2929338851655.2456,394,S1_depeg_stablecoin,indonesia,USDC
812,0.9901610448287939,2929338851655.2456,394,S1_depeg_stablecoin,indonesia,USDC
813,1.0206920716536096,2929338851655.2456,394,S1_depeg_stablecoin,indonesia,USDC
814,1.0449810695579453,2929338851655.2456,394,S1_depeg_stablecoin,indonesia,USDC
815,1.0770074499656535,2929338851655.2456,394,S1_depeg_stablecoin,indonesia,USDC
816,1.0361874550217753,2929338851655.2456,394,S1_depeg_stablecoin,indonesia,USDC
817,1.0395916717176967,2929338851655.2456,394,S1_depeg_stablecoin,indonesia,USDC
818,1.0015589743103146,2929338851655.2456,394,S1_depeg_stablecoin,indonesia,USDC
819,1.0103052554119523,2929338851655.2456,394,S1_depeg_stablecoin,indonesia,USDC
820,0.9851142100045459,2929338851655.2456,394,S1_depeg_stablecoin,indonesia,USDC
821,0.9738115528427311,2929338851655.2456,394,S1_depeg_stablecoin,indonesia,USDC
822,0.9609924539122018,2929338851655.2456,394,S1_depeg_stablecoin,indonesia,USDC
823,0.9388630376615402,2929338851458.1074,394,S1_depeg_stablecoin,indonesia,USDC
824,0.9404505307960814,2929338850782.976,394,S1_depeg_stablecoin,indonesia,USDC
825,0.9464898128200298,2929338850162.832,394,S1_depeg_stablecoin,indonesia,USDC
826,0.9749886018677454,2929338849721.3203,394,S1_depeg_stablecoin,indonesia,USDC
827,0.9800854981927449,2929338849721.3203,394,S1_depeg_stablecoin,indonesia,USDC
828,0.979185966367373,2929338849721.3203,394,S1_depeg_stablecoin,indonesia,USDC
829,0.9824463835101361,2929338849721.3203,394,S1_depeg_stablecoin,indonesia,USDC
830,0.9874576946395228,2929338849721.3203,394,S1_depeg_stablecoin,indonesia,USDC
831,0.9685816683814523,2929338849721.3203,394,S1_depeg_stablecoin,indonesia,USDC
832,0.9633978014917628,2929338849702.288,394,S1_depeg_stablecoin,indonesia,USDC
833,0.9570133455340036,2929338849607.455,394,S1_depeg_stablecoin,indonesia,USDC
834,0.9553595347323499,2929338849393.1494,394,S1_depeg_stablecoin,indonesia,USDC
835,0.9790088168902966,2929338849106.872,394,S1_depeg_stablecoin,indonesia,USDC
836,0.9722939602699969,2929338849106.872,394,S1_depeg_stablecoin,indonesia,USDC
837,0.9456851280618834,2929338849106.872,394,S1_depeg_stablecoin,indonesia,USDC
838,0.9425652051544074,2929338848655.451,394,S1_depeg_stablecoin,indonesia,USDC
839,0.9268785576596602,2929338848157.425,394,S1_depeg_stablecoin,indonesia,USDC
840,0.9203529813267605,2929338847369.17,394,S1_depeg_stablecoin,indonesia,USDC
841,0.9516033204084764,2929338846547.091,394,S1_depeg_stablecoin,indonesia,USDC
842,0.9610453749119747,2929338846254.478,394,S1_depeg_stablecoin,indonesia,USDC
843,0.9446107822804297,2929338846108.3555,394,S1_depeg_stablecoin,indonesia,USDC
844,0.9106732761402427,2929338845742.6523,394,S1_depeg_stablecoin,indonesia,USDC
845,0.9148566243387989,2929338844805.8584,394,S1_depeg_stablecoin,indonesia,USDC
846,0.9046054626364228,2929338844008.744,394,S1_depeg_stablecoin,indonesia,USDC
847,0.9046268240358786,2929338843093.0317,394,S1_depeg_stablecoin,indonesia,USDC
848,0.9560550942598759,2929338842301.606,394,S1_depeg_stablecoin,indonesia,USDC
849,0.9210513495844722,2929338842157.7803,394,S1_depeg_stablecoin,indonesia,USDC
850,0.9482497694637783,2929338841565.7617,394,S1_depeg_stablecoin,indonesia,USDC
851,0.9380276536555436,2929338841315.9746,394,S1_depeg_stablecoin,indonesia,USDC
852,0.9638841880424932,2929338840979.6523,394,S1_depeg_stablecoin,indonesia,USDC
853,0.9600002007997386,2929338840913.112,394,S1_depeg_stablecoin,indonesia,USDC
854,0.9649490433557459,2929338840804.9985,394,S1_depeg_stablecoin,indonesia,USDC
855,0.99643978105632,2929338840763.5728,394,S1_depeg_stablecoin,indonesia,USDC
856,0.9869417837435779,2929338840763.5728,394,S1_depeg_stablecoin,indonesia,USDC
857,0.9579625343934131,2929338840763.5728,394,S1_depeg_stablecoin,indonesia,USDC
858,0.9511053121265438,2929338840657.6855,394,S1_depeg_stablecoin,indonesia,USDC
859,0.9827991026593398,2929338840484.168,394,S1_depeg_stablecoin,indonesia,USDC
860,0.9742047249926674,2929338840484.168,394,S1_depeg_stablecoin,indonesia,USDC
861,0.9790450504777015,2929338840484.168,394,S1_depeg_stablecoin,indonesia,USDC
862,1.0223635706361092,2929338840484.168,394,S1_depeg_stablecoin,indonesia,USDC
863,1.0203092722157718,2929338840484.168,394,S1_depeg_stablecoin,indonesia,USDC
864,1.0143539526052314,2929338840484.168,394,S1_depeg_stablecoin,indonesia,USDC
865,1.0154070038677694,2929338840484.168,394,S1_depeg_stablecoin,indonesia,USDC
866,1.011927768683663,2929338840484.168,394,S1_depeg_stablecoin,indonesia,USDC
867,0.9786784733158432,2929338840484.168,394,S1_depeg_stablecoin,indonesia,USDC
868,0.9881431470711126,2929338840484.168,394,S1_depeg_stablecoin,indonesia,USDC
869,0.9923017151343635,2929338840484.168,394,S1_depeg_stablecoin,indonesia,USDC
870,1.0117577455597382,2929338840484.168,394,S1_depeg_stablecoin,indonesia,USDC
871,1.027283718447249,2929338840484.168,394,S1_depeg_stablecoin,indonesia,USDC
872,1.0265441907276005,2929338840484.168,394,S1_depeg_stablecoin,indonesia,USDC
873,1.0373302737967947,2929338840484.168,394,S1_depeg_stablecoin,indonesia,USDC
874,1.0167323549394174,2929338840484.168,394,S1_depeg_stablecoin,indonesia,USDC
875,1.0481481758667206,2929338840484.168,394,S1_depeg_stablecoin,indonesia,USDC
876,1.05723225473324,2929338840484.168,394,S1_depeg_stablecoin,indonesia,USDC
877,1.0570244670384559,2929338840484.168,394,S1_depeg_stablecoin,indonesia,USDC
878,1.045627570662602,2929338840484.168,394,S1_depeg_stablecoin,indonesia,USDC
879,1.0527485463035515,2929338840484.168,394,S1_depeg_stablecoin,indonesia,USDC
880,1.0796263914490924,2929338840484.168,394,S1_depeg_stablecoin,indonesia,USDC
881,1.0582108617449195,2929338840484.168,394,S1_depeg_stablecoin,indonesia,USDC
882,1.0497817441113195,2929338840484.168,394,S1_depeg_stablecoin,indonesia,USDC
883,1.0566107799539444,2929338840484.168,394,S1_depeg_stablecoin,indonesia,USDC
884,1.064868640422875,2929338840484.168,394,S1_depeg_stablecoin,indonesia,USDC
885,1.0547580809394128,2929338840484.168,394,S1_depeg_stablecoin,indonesia,USDC
886,1.0812504010866881,2929338840484.168,394,S1_depeg_stablecoin,indonesia,USDC
887,1.0953642683343479,2929338840484.168,394,S1_depeg_stablecoin,indonesia,USDC
888,1.0888089135474908,2929338840484.168,394,S1_depeg_stablecoin,indonesia,USDC
889,1.043603614944547,2929338840484.168,394,S1_depeg_stablecoin,indonesia,USDC
890,1.0320358105408416,2929338840484.168,394,S1_depeg_stablecoin,indonesia,USDC
891,1.0562135232338643,2929338840484.168,394,S1_depeg_stablecoin,indonesia,USDC
892,1.056034153287227,2929338840484.168,394,S1_depeg_stablecoin,indonesia,USDC
893,1.0950828029936184,2929338840484.168,394,S1_depeg_stablecoin,indonesia,USDC
894,1.0869905359085124,2929338840484.168,394,S1_depeg_stablecoin,indonesia,USDC
895,1.091346960001486,2929338840484.168,394,S1_depeg_stablecoin,indonesia,USDC
896,1.078567190851646,2929338840484.168,394,S1_depeg_stablecoin,indonesia,USDC
897,1.09859168208449,2929338840484.168,394,S1_depeg_stablecoin,indonesia,USDC
898,1.0414330214875478,2929338840484.168,394,S1_depeg_stablecoin,indonesia,USDC
899,1.063773258163593,2929338840484.168,394,S1_depeg_stablecoin,indonesia,USDC
900,1.0371881106482759,2929338840484.168,394,S1_depeg_stablecoin,indonesia,USDC
901,1.0278075071696844,2929338840484.168,394,S1_depeg_stablecoin,indonesia,USDC
902,1.0438819669887693,2929338840484.168,394,S1_depeg_stablecoin,indonesia,USDC
903,1.0310008484417807,2929338840484.168,394,S1_depeg_stablecoin,indonesia,USDC
904,1.0541601994703673,2929338840484.168,394,S1_depeg_stablecoin,indonesia,USDC
905,1.0619480089934439,2929338840484.168,394,S1_depeg_stablecoin,indonesia,USDC
906,1.1019504270177798,2929338840484.168,394,S1_depeg_stablecoin,indonesia,USDC
907,1.076076599511222,2929338840484.168,394,S1_depeg_stablecoin,indonesia,USDC
908,1.059665345243025,2929338840484.168,394,S1_depeg_stablecoin,indonesia,USDC
909,1.0456209287767597,2929338840484.168,394,S1_depeg_stablecoin,indonesia,USDC
910,1.0115034192762904,2929338840484.168,394,S1_depeg_stablecoin,indonesia,USDC
911,0.987288668129323,2929338840484.168,394,S1_depeg_stablecoin,indonesia,USDC
912,1.0024667336968711,2929338840484.168,394,S1_depeg_stablecoin,indonesia,USDC
913,0.9794819285365896,2929338840484.168,394,S1_depeg_stablecoin,indonesia,USDC
914,0.9732861243636023,2929338840484.168,394,S1_depeg_stablecoin,indonesia,USDC
915,1.0026021335289719,2929338840484.168,394,S1_depeg_stablecoin,indonesia,USDC
916,0.9909623181075339,2929338840484.168,394,S1_depeg_stablecoin,indonesia,USDC
917,1.0082163071954673,2929338840484.168,394,S1_depeg_stablecoin,indonesia,USDC
918,1.0113008246028259,2929338840484.168,394,S1_depeg_stablecoin,indonesia,USDC
919,1.0077305735669517,2929338840484.168,394,S1_depeg_stablecoin,indonesia,USDC
920,1.0085402361492772,2929338840484.168,394,S1_depeg_stablecoin,indonesia,USDC
921,1.008237060204675,2929338840484.168,394,S1_depeg_stablecoin,indonesia,USDC
922,0.9578968431052937,2929338840484.168,394,S1_depeg_stablecoin,indonesia,USDC
923,0.9625898992018831,2929338840366.286,394,S1_depeg_stablecoin,indonesia,USDC
924,0.9479283167048025,2929338840290.349,394,S1_depeg_stablecoin,indonesia,USDC
925,0.9710420233224724,2929338840065.8916,394,S1_depeg_stablecoin,indonesia,USDC
926,0.9694552789274741,2929338840065.8916,394,S1_depeg_stablecoin,indonesia,USDC
927,0.9670294074695635,2929338840060.478,394,S1_depeg_stablecoin,indonesia,USDC
928,0.9568149647191784,2929338840047.346,394,S1_depeg_stablecoin,indonesia,USDC
929,0.9415177161781844,2929338839930.991,394,S1_depeg_stablecoin,indonesia,USDC
930,0.9470969474596922,2929338839651.893,394,S1_depeg_stablecoin,indonesia,USDC
931,0.9734545975842744,2929338839442.8564,394,S1_depeg_stablecoin,indonesia,USDC
932,0.9485113230444593,2929338839442.8564,394,S1_depeg_stablecoin,indonesia,USDC
933,0.9711520564715336,2929338839258.6465,394,S1_depeg_stablecoin,indonesia,USDC
934,0.9739721020267232,2929338839258.6465,394,S1_depeg_stablecoin,indonesia,USDC
935,0.9421731497188968,2929338839258.6465,394,S1_depeg_stablecoin,indonesia,USDC
936,0.947923900104728,2929338839013.8394,394,S1_depeg_stablecoin,indonesia,USDC
937,0.9382182418043697,2929338838841.441,394,S1_depeg_stablecoin,indonesia,USDC
938,0.9442657054902784,2929338838592.5103,394,S1_depeg_stablecoin,indonesia,USDC
939,0.9587009304533011,2929338838383.45,394,S1_depeg_stablecoin,indonesia,USDC
940,0.9660628987045482,2929338838302.198,394,S1_depeg_stablecoin,indonesia,USDC
941,0.9672939343092315,2929338838270.2295,394,S1_depeg_stablecoin,indonesia,USDC
942,0.9534506762752649,2929338838257.2837,394,S1_depeg_stablecoin,indonesia,USDC
943,0.9505706192850817,2929338838136.379,394,S1_depeg_stablecoin,indonesia,USDC
944,0.9632825735283228,2929338837988.3594,394,S1_depeg_stablecoin,indonesia,USDC
945,0.9774924085795096,2929338837940.991,394,S1_depeg_stablecoin,indonesia,USDC
946,0.99967177506379,2929338837940.991,394,S1_depeg_stablecoin,indonesia,USDC
947,1.0269197295903412,2929338837940.991,394,S1_depeg_stablecoin,indonesia,USDC
948,1.0546640850273212,2929338837940.991,394,S1_depeg_stablecoin,indonesia,USDC
949,1.0156467691141318,2929338837940.991,394,S1_depeg_stablecoin,indonesia,USDC
950,0.9848658470814309,2929338837940.991,394,S1_depeg_stablecoin,indonesia,USDC
951,0.9746167823830423,2929338837940.991,394,S1_depeg_stablecoin,indonesia,USDC
952,0.9943379184298313,2929338837940.991,394,S1_depeg_stablecoin,indonesia,USDC
953,1.0180194932473356,2929338837940.991,394,S1_depeg_stablecoin,indonesia,USDC
954,0.9934647387809229,2929338837940.991,394,S1_depeg_stablecoin,indonesia,USDC
955,0.9893189439113985,2929338837940.991,394,S1_depeg_stablecoin,indonesia,USDC
956,0.9644080925334302,2929338837940.991,394,S1_depeg_stablecoin,indonesia,USDC
957,0.980538251595194,2929338837902.1177,394,S1_depeg_stablecoin,indonesia,USDC
958,0.9932756773746703,2929338837902.1177,394,S1_depeg_stablecoin,indonesia,USDC
959,1.0097622647656006,2929338837902.1177,394,S1_depeg_stablecoin,indonesia,USDC
960,0.9762639269585625,2929338837902.1177,394,S1_depeg_stablecoin,indonesia,USDC
961,0.9914329494445144,2929338837902.1177,394,S1_depeg_stablecoin,indonesia,USDC
962,0.9937380838970958,2929338837902.1177,394,S1_depeg_stablecoin,indonesia,USDC
963,0.9873871780050714,2929338837902.1177,394,S1_depeg_stablecoin,indonesia,USDC
964,0.9320079482525713,2929338837902.1177,394,S1_depeg_stablecoin,indonesia,USDC
965,0.9700403668921589,2929338837609.298,394,S1_depeg_stablecoin,indonesia,USDC
966,0.9571479700121445,2929338837609.298,394,S1_depeg_stablecoin,indonesia,USDC
967,0.9493788060010676,2929338837524.4395,394,S1_depeg_stablecoin,indonesia,USDC
968,0.9239437120884434,2929338837373.5327,394,S1_depeg_stablecoin,indonesia,USDC
969,0.9276250577376023,2929338837070.8936,394,S1_depeg_stablecoin,indonesia,USDC
970,0.9305654094739997,2929338836805.3955,394,S1_depeg_stablecoin,indonesia,USDC
971,0.9367344546102345,2929338836568.8765,394,S1_depeg_stablecoin,indonesia,USDC
972,0.9325553222495032,2929338836378.241,394,S1_depeg_stablecoin,indonesia,USDC
973,0.9475791524285904,2929338836148.466,394,S1_depeg_stablecoin,indonesia,USDC
974,0.9809467771244239,2929338836021.1943,394,S1_depeg_stablecoin,indonesia,USDC
975,0.9689976782028982,2929338836021.1943,394,S1_depeg_stablecoin,indonesia,USDC
976,0.967757923688861,2929338836019.177,394,S1_depeg_stablecoin,indonesia,USDC
977,0.9748029375127902,2929338836015.5444,394,S1_depeg_stablecoin,indonesia,USDC
978,0.9709289950171807,2929338836015.5444,394,S1_depeg_stablecoin,indonesia,USDC
979,0.9622307542036578,2929338836015.5444,394,S1_depeg_stablecoin,indonesia,USDC
980,0.9953822708432563,2929338835974.3013,394,S1_depeg_stablecoin,indonesia,USDC
981,0.9873769350257554,2929338835974.3013,394,S1_depeg_stablecoin,indonesia,USDC
982,0.9927602062532142,2929338835974.3013,394,S1_depeg_stablecoin,indonesia,USDC
983,1.004335592488454,2929338835974.3013,394,S1_depeg_stablecoin,indonesia,USDC
984,1.0022781686829267,2929338835974.3013,394,S1_depeg_stablecoin,indonesia,USDC
985,0.9965907133206571,2929338835974.3013,394,S1_depeg_stablecoin,indonesia,USDC
986,1.0074525853590073,2929338835974.3013,394,S1_depeg_stablecoin,indonesia,USDC
987,1.0082751373296182,2929338835974.3013,394,S1_depeg_stablecoin,indonesia,USDC
988,0.9986721045338579,2929338835974.3013,394,S1_depeg_stablecoin,indonesia,USDC
989,0.9960195819107518,2929338835974.3013,394,S1_depeg_stablecoin,indonesia,USDC
990,0.9619998149234243,2929338835974.3013,394,S1_depeg_stablecoin,indonesia,USDC
991,0.9633113322259776,2929338835935.8813,394,S1_depeg_stablecoin,indonesia,USDC
992,0.9936382986178566,2929338835901.521,394,S1_depeg_stablecoin,indonesia,USDC
993,0.9896684238858898,2929338835901.521,394,S1_depeg_stablecoin,indonesia,USDC
994,1.0122412047937825,2929338835901.521,394,S1_depeg_stablecoin,indonesia,USDC
995,0.9988705158883581,2929338835901.521,394,S1_depeg_stablecoin,indonesia,USDC
996,0.9907674621177582,2929338835901.521,394,S1_depeg_stablecoin,indonesia,USDC
997,1.0123515195661779,2929338835901.521,394,S1_depeg_stablecoin,indonesia,USDC
998,1.0369363729514591,2929338835901.521,394,S1_depeg_stablecoin,indonesia,USDC
999,1.028430594172101,2929338835901.521,394,S1_depeg_stablecoin,indonesia,USDC
1000,1.0517640295484088,2929338835901.521,394,S1_depeg_stablecoin,indonesia,USDC
