Step,price,liquidity,iteration,scenario,region,coin
1,1.0262605168988876,2989227652030.3506,19,S1_depeg_stablecoin,indonesia,USDC
2,1.0339531970192921,2989227652030.3506,19,S1_depeg_stablecoin,indonesia,USDC
3,1.023318980363935,2989227652030.3506,19,S1_depeg_stablecoin,indonesia,USDC
4,1.0152533416788856,2989227652030.3506,19,S1_depeg_stablecoin,indonesia,USDC
5,1.017569101938367,2989227652030.3506,19,S1_depeg_stablecoin,indonesia,USDC
6,1.028495356775172,2989227652030.3506,19,S1_depeg_stablecoin,indonesia,USDC
7,1.0067959636908819,2989227652030.3506,19,S1_depeg_stablecoin,indonesia,USDC
8,1.0353368289437785,2989227652030.3506,19,S1_depeg_stablecoin,indonesia,USDC
9,1.0555613414845342,2989227652030.3506,19,S1_depeg_stablecoin,indonesia,USDC
10,1.0779927109755139,2989227652030.3506,19,S1_depeg_stablecoin,indonesia,USDC
11,1.0835763065642732,2989227652030.3506,19,S1_depeg_stablecoin,indonesia,USDC
12,1.0700796382078255,2989227652030.3506,19,S1_depeg_stablecoin,indonesia,USDC
13,1.0600619624946985,2989227652030.3506,19,S1_depeg_stablecoin,indonesia,USDC
14,1.0230918714783446,2989227652030.3506,19,S1_depeg_stablecoin,indonesia,USDC
15,1.0316475034668366,2989227652030.3506,19,S1_depeg_stablecoin,indonesia,USDC
16,1.0233915837360457,2989227652030.3506,19,S1_depeg_stablecoin,indonesia,USDC
17,0.9836078530508918,2989227652030.3506,19,S1_depeg_stablecoin,indonesia,USDC
18,0.998914747265161,2989227652030.3506,19,S1_depeg_stablecoin,indonesia,USDC
19,0.9669534307175902,2989227652030.3506,19,S1_depeg_stablecoin,indonesia,USDC
20,0.9841284313123738,2989060444787.53,19,S1_depeg_stablecoin,indonesia,USDC
21,0.9760497534001095,2989060444787.53,19,S1_depeg_stablecoin,indonesia,USDC
22,0.9810563954582677,2989060444787.53,19,S1_depeg_stablecoin,indonesia,USDC
23,0.9580358704442739,2989060444787.53,19,S1_depeg_stablecoin,indonesia,USDC
24,0.9717852767545038,2988363469802.413,19,S1_depeg_stablecoin,indonesia,USDC
25,0.996991047354546,2988363469802.413,19,S1_depeg_stablecoin,indonesia,USDC
26,0.9955056372422417,2988363469802.413,19,S1_depeg_stablecoin,indonesia,USDC
27,0.9751119891329766,2988363469802.413,19,S1_depeg_stablecoin,indonesia,USDC
28,0.9850032379418032,2988363469802.413,19,S1_depeg_stablecoin,indonesia,USDC
29,0.9693186455589976,2988363469802.413,19,S1_depeg_stablecoin,indonesia,USDC
30,0.9603224840183134,2988321931192.041,19,S1_depeg_stablecoin,indonesia,USDC
31,0.9809774481921022,2987732358170.378,19,S1_depeg_stablecoin,indonesia,USDC
32,0.9807085267313757,2987732358170.378,19,S1_depeg_stablecoin,indonesia,USDC
33,0.9714475801881695,2987732358170.378,19,S1_depeg_stablecoin,indonesia,USDC
34,0.9569275276716823,2987732358170.378,19,S1_depeg_stablecoin,indonesia,USDC
35,0.9897404372222085,2986958403408.3184,19,S1_depeg_stablecoin,indonesia,USDC
36,1.026679286093123,2986958403408.3184,19,S1_depeg_stablecoin,indonesia,USDC
37,1.005829851025609,2986958403408.3184,19,S1_depeg_stablecoin,indonesia,USDC
38,1.0460496144490319,2986958403408.3184,19,S1_depeg_stablecoin,indonesia,USDC
39,1.087322548984013,2986958403408.3184,19,S1_depeg_stablecoin,indonesia,USDC
40,1.0361571771151585,2986958403408.3184,19,S1_depeg_stablecoin,indonesia,USDC
41,1.0420395874408304,2986958403408.3184,19,S1_depeg_stablecoin,indonesia,USDC
42,1.0859896735541228,2986958403408.3184,19,S1_depeg_stablecoin,indonesia,USDC
43,1.0844519303385858,2986958403408.3184,19,S1_depeg_stablecoin,indonesia,USDC
44,1.1123847180130775,2986958403408.3184,19,S1_depeg_stablecoin,indonesia,USDC
45,1.0885315688138943,2986958403408.3184,19,S1_depeg_stablecoin,indonesia,USDC
46,1.0944390895403198,2986958403408.3184,19,S1_depeg_stablecoin,indonesia,USDC
47,1.0629147355607007,2986958403408.3184,19,S1_depeg_stablecoin,indonesia,USDC
48,1.0612213773217598,2986958403408.3184,19,S1_depeg_stablecoin,indonesia,USDC
49,1.0483712497241187,2986958403408.3184,19,S1_depeg_stablecoin,indonesia,USDC
50,1.0412348546281254,2986958403408.3184,19,S1_depeg_stablecoin,indonesia,USDC
51,1.0332273896921063,2986958403408.3184,19,S1_depeg_stablecoin,indonesia,USDC
52,1.0376642101525166,2986958403408.3184,19,S1_depeg_stablecoin,indonesia,USDC
53,1.0462167098134787,2986958403408.3184,19,S1_depeg_stablecoin,indonesia,USDC
54,1.0543174516015292,2986958403408.3184,19,S1_depeg_stablecoin,indonesia,USDC
55,1.0426196799149219,2986958403408.3184,19,S1_depeg_stablecoin,indonesia,USDC
56,1.0466794169232707,2986958403408.3184,19,S1_depeg_stablecoin,indonesia,USDC
57,1.0087836885289725,2986958403408.3184,19,S1_depeg_stablecoin,indonesia,USDC
58,1.0019778883835417,2986958403408.3184,19,S1_depeg_stablecoin,indonesia,USDC
59,1.0107422620865214,2986958403408.3184,19,S1_depeg_stablecoin,indonesia,USDC
60,1.0092738741167409,2986958403408.3184,19,S1_depeg_stablecoin,indonesia,USDC
61,1.0453853357398482,2986958403408.3184,19,S1_depeg_stablecoin,indonesia,USDC
62,1.025904080163904,2986958403408.3184,19,S1_depeg_stablecoin,indonesia,USDC
63,1.0188299746242306,2986958403408.3184,19,S1_depeg_stablecoin,indonesia,USDC
64,1.0081543532994899,2986958403408.3184,19,S1_depeg_stablecoin,indonesia,USDC
65,0.9907821701386643,2986958403408.3184,19,S1_depeg_stablecoin,indonesia,USDC
66,0.9993325375294007,2986958403408.3184,19,S1_depeg_stablecoin,indonesia,USDC
67,1.0094052412775465,2986958403408.3184,19,S1_depeg_stablecoin,indonesia,USDC
68,1.0209548373168464,2986958403408.3184,19,S1_depeg_stablecoin,indonesia,USDC
69,1.0126685465208285,2986958403408.3184,19,S1_depeg_stablecoin,indonesia,USDC
70,0.9948695775525246,2986958403408.3184,19,S1_depeg_stablecoin,indonesia,USDC
71,0.9661597850669711,2986958403408.3184,19,S1_depeg_stablecoin,indonesia,USDC
72,0.9586756726807804,2986791931283.668,19,S1_depeg_stablecoin,indonesia,USDC
73,0.9416407091292033,2986119893407.2153,19,S1_depeg_stablecoin,indonesia,USDC
74,0.9736954443207398,2984493071624.288,19,S1_depeg_stablecoin,indonesia,USDC
75,0.9951370948241594,2984493071624.288,19,S1_depeg_stablecoin,indonesia,USDC
76,1.0118789467484703,2984493071624.288,19,S1_depeg_stablecoin,indonesia,USDC
77,0.998875015740813,2984493071624.288,19,S1_depeg_stablecoin,indonesia,USDC
78,0.9907066870494328,2984493071624.288,19,S1_depeg_stablecoin,indonesia,USDC
79,0.9856150244629707,2984493071624.288,19,S1_depeg_stablecoin,indonesia,USDC
80,1.0175651659514178,2984493071624.288,19,S1_depeg_stablecoin,indonesia,USDC
81,1.0137064481276012,2984493071624.288,19,S1_depeg_stablecoin,indonesia,USDC
82,1.0100029737177738,2984493071624.288,19,S1_depeg_stablecoin,indonesia,USDC
83,1.006032935707564,2984493071624.288,19,S1_depeg_stablecoin,indonesia,USDC
84,1.0011361105275423,2984493071624.288,19,S1_depeg_stablecoin,indonesia,USDC
85,1.003019517120766,2984493071624.288,19,S1_depeg_stablecoin,indonesia,USDC
86,0.9667432083485757,2984493071624.288,19,S1_depeg_stablecoin,indonesia,USDC
87,0.9726314654806885,2984307517029.292,19,S1_depeg_stablecoin,indonesia,USDC
88,0.9859902238662664,2984307517029.292,19,S1_depeg_stablecoin,indonesia,USDC
89,1.0151057596208264,2984307517029.292,19,S1_depeg_stablecoin,indonesia,USDC
90,1.0142562991203683,2984307517029.292,19,S1_depeg_stablecoin,indonesia,USDC
91,1.015922354200123,2984307517029.292,19,S1_depeg_stablecoin,indonesia,USDC
92,1.0116780255618871,2984307517029.292,19,S1_depeg_stablecoin,indonesia,USDC
93,0.9871525421386816,2984307517029.292,19,S1_depeg_stablecoin,indonesia,USDC
94,0.9799500998591623,2984307517029.292,19,S1_depeg_stablecoin,indonesia,USDC
95,0.9846795533870962,2984307517029.292,19,S1_depeg_stablecoin,indonesia,USDC
96,1.0116813895803485,2984307517029.292,19,S1_depeg_stablecoin,indonesia,USDC
97,1.0396861203288144,2984307517029.292,19,S1_depeg_stablecoin,indonesia,USDC
98,1.051028179992488,2984307517029.292,19,S1_depeg_stablecoin,indonesia,USDC
99,1.0456294508799782,2984307517029.292,19,S1_depeg_stablecoin,indonesia,USDC
100,1.0371856533283144,2984307517029.292,19,S1_depeg_stablecoin,indonesia,USDC
101,0.8117870527220925,2984307517029.292,19,S1_depeg_stablecoin,indonesia,USDC
102,0.8375644678010669,2975453757097.074,19,S1_depeg_stablecoin,indonesia,USDC
103,0.8324234728841822,2969348732301.336,19,S1_depeg_stablecoin,indonesia,USDC
104,0.8278389644913935,2963957379469.7886,19,S1_depeg_stablecoin,indonesia,USDC
105,0.8795798557200099,2958867468113.374,19,S1_depeg_stablecoin,indonesia,USDC
106,0.908991897287297,2956165809755.2305,19,S1_depeg_stablecoin,indonesia,USDC
107,0.9162420511482465,2954513808867.118,19,S1_depeg_stablecoin,indonesia,USDC
108,0.9263705599444352,2953221606708.006,19,S1_depeg_stablecoin,indonesia,USDC
109,0.9607177439916842,2952172951502.094,19,S1_depeg_stablecoin,indonesia,USDC
110,0.9878992149888656,2951984566002.0864,19,S1_depeg_stablecoin,indonesia,USDC
111,0.9739670745630258,2951984566002.0864,19,S1_depeg_stablecoin,indonesia,USDC
112,0.9847357326564296,2951984566002.0864,19,S1_depeg_stablecoin,indonesia,USDC
113,0.9506855624527932,2951984566002.0864,19,S1_depeg_stablecoin,indonesia,USDC
114,0.9769418995784116,2951570289941.6885,19,S1_depeg_stablecoin,indonesia,USDC
115,0.9764122727295655,2951570289941.6885,19,S1_depeg_stablecoin,indonesia,USDC
116,0.956585958344198,2951570289941.6885,19,S1_depeg_stablecoin,indonesia,USDC
117,0.972706474344933,2951294554133.7153,19,S1_depeg_stablecoin,indonesia,USDC
118,0.9900273824690312,2951294554133.7153,19,S1_depeg_stablecoin,indonesia,USDC
119,1.0086639978233214,2951294554133.7153,19,S1_depeg_stablecoin,indonesia,USDC
120,0.9711234433358413,2951294554133.7153,19,S1_depeg_stablecoin,indonesia,USDC
121,0.9971794691330637,2951294554133.7153,19,S1_depeg_stablecoin,indonesia,USDC
122,1.0107792267452071,2951294554133.7153,19,S1_depeg_stablecoin,indonesia,USDC
123,1.0088906009077068,2951294554133.7153,19,S1_depeg_stablecoin,indonesia,USDC
124,0.9987488887305741,2951294554133.7153,19,S1_depeg_stablecoin,indonesia,USDC
125,0.978394509967385,2951294554133.7153,19,S1_depeg_stablecoin,indonesia,USDC
126,0.993055016360518,2951294554133.7153,19,S1_depeg_stablecoin,indonesia,USDC
127,0.9812741918936275,2951294554133.7153,19,S1_depeg_stablecoin,indonesia,USDC
128,0.9709737124746954,2951294554133.7153,19,S1_depeg_stablecoin,indonesia,USDC
129,0.9968029397314243,2951294554133.7153,19,S1_depeg_stablecoin,indonesia,USDC
130,1.0053825119299693,2951294554133.7153,19,S1_depeg_stablecoin,indonesia,USDC
131,1.0011707394631717,2951294554133.7153,19,S1_depeg_stablecoin,indonesia,USDC
132,1.000813170614626,2951294554133.7153,19,S1_depeg_stablecoin,indonesia,USDC
133,1.0065677535304476,2951294554133.7153,19,S1_depeg_stablecoin,indonesia,USDC
134,0.9877778897545743,2951294554133.7153,19,S1_depeg_stablecoin,indonesia,USDC
135,0.9792568437285879,2951294554133.7153,19,S1_depeg_stablecoin,indonesia,USDC
136,0.9993398595706832,2951294554133.7153,19,S1_depeg_stablecoin,indonesia,USDC
137,1.042294717605805,2951294554133.7153,19,S1_depeg_stablecoin,indonesia,USDC
138,1.0176122021586735,2951294554133.7153,19,S1_depeg_stablecoin,indonesia,USDC
139,1.003737519701149,2951294554133.7153,19,S1_depeg_stablecoin,indonesia,USDC
140,0.9932280903459356,2951294554133.7153,19,S1_depeg_stablecoin,indonesia,USDC
141,0.9669842569684236,2951294554133.7153,19,S1_depeg_stablecoin,indonesia,USDC
142,1.0047041578245328,2951238265763.8657,19,S1_depeg_stablecoin,indonesia,USDC
143,0.9813733557587571,2951238265763.8657,19,S1_depeg_stablecoin,indonesia,USDC
144,0.9768565857786903,2951238265763.8657,19,S1_depeg_stablecoin,indonesia,USDC
145,0.9658827942699132,2951238265763.8657,19,S1_depeg_stablecoin,indonesia,USDC
146,0.9651358011812063,2951144840789.653,19,S1_depeg_stablecoin,indonesia,USDC
147,0.9759241581272963,2951061145605.854,19,S1_depeg_stablecoin,indonesia,USDC
148,0.9521619932406891,2951061145605.854,19,S1_depeg_stablecoin,indonesia,USDC
149,0.9516648958272744,2950695782828.0586,19,S1_depeg_stablecoin,indonesia,USDC
150,0.9574339354363536,2950343476438.7344,19,S1_depeg_stablecoin,indonesia,USDC
151,0.9423383599427707,2950069927147.1562,19,S1_depeg_stablecoin,indonesia,USDC
152,0.9130590780692888,2949537513204.9224,19,S1_depeg_stablecoin,indonesia,USDC
153,0.924107242052911,2948436302569.0205,19,S1_depeg_stablecoin,indonesia,USDC
154,0.920767154645072,2947527500559.06,19,S1_depeg_stablecoin,indonesia,USDC
155,0.9064277468147989,2946623198742.4116,19,S1_depeg_stablecoin,indonesia,USDC
156,0.9408775178356622,2945483122350.7886,19,S1_depeg_stablecoin,indonesia,USDC
157,0.9353099858662912,2944995081480.1904,19,S1_depeg_stablecoin,indonesia,USDC
158,0.9685250169457835,2944466473237.212,19,S1_depeg_stablecoin,indonesia,USDC
159,0.952981272999278,2944466473237.212,19,S1_depeg_stablecoin,indonesia,USDC
160,0.9709872388821532,2944199106909.4463,19,S1_depeg_stablecoin,indonesia,USDC
161,0.962630091477484,2944199106909.4463,19,S1_depeg_stablecoin,indonesia,USDC
162,0.9557256409399729,2944104730106.8877,19,S1_depeg_stablecoin,indonesia,USDC
163,0.9184039003822065,2943896930396.043,19,S1_depeg_stablecoin,indonesia,USDC
164,0.9272483400992328,2943178343021.883,19,S1_depeg_stablecoin,indonesia,USDC
165,0.9171216664581539,2942563481994.408,19,S1_depeg_stablecoin,indonesia,USDC
166,0.9075533879035603,2941893467667.907,19,S1_depeg_stablecoin,indonesia,USDC
167,0.931893378930616,2941118057983.395,19,S1_depeg_stablecoin,indonesia,USDC
168,0.9350680685108145,2940650941288.535,19,S1_depeg_stablecoin,indonesia,USDC
169,0.9410972306164841,2940265222859.7656,19,S1_depeg_stablecoin,indonesia,USDC
170,0.9439034456284163,2939958569232.6606,19,S1_depeg_stablecoin,indonesia,USDC
171,0.9371977524300036,2939669868238.612,19,S1_depeg_stablecoin,indonesia,USDC
172,0.9704806602217546,2939327848756.029,19,S1_depeg_stablecoin,indonesia,USDC
173,0.9657676616793386,2939327848756.029,19,S1_depeg_stablecoin,indonesia,USDC
174,0.939442799336214,2939295627422.1416,19,S1_depeg_stablecoin,indonesia,USDC
175,0.9401899382243649,2938988985524.172,19,S1_depeg_stablecoin,indonesia,USDC
176,0.9571433341516822,2938709192783.884,19,S1_depeg_stablecoin,indonesia,USDC
177,0.9630351995444977,2938583521648.631,19,S1_depeg_stablecoin,indonesia,USDC
178,0.9664621786226191,2938516344571.333,19,S1_depeg_stablecoin,indonesia,USDC
179,0.9343590467297115,2938482466493.9727,19,S1_depeg_stablecoin,indonesia,USDC
180,0.9668437047313969,2938163210955.665,19,S1_depeg_stablecoin,indonesia,USDC
181,0.9340334730938893,2938139252899.4116,19,S1_depeg_stablecoin,indonesia,USDC
182,0.895550805774581,2937828941039.5996,19,S1_depeg_stablecoin,indonesia,USDC
183,0.9102756675034945,2937184301142.7485,19,S1_depeg_stablecoin,indonesia,USDC
184,0.9271262062424354,2936719118143.201,19,S1_depeg_stablecoin,indonesia,USDC
185,0.9376476809719615,2936387996933.857,19,S1_depeg_stablecoin,indonesia,USDC
186,0.8987444456408599,2936149178621.8267,19,S1_depeg_stablecoin,indonesia,USDC
187,0.8889110753215028,2935676853813.9033,19,S1_depeg_stablecoin,indonesia,USDC
188,0.8882918414033435,2935162202895.5063,19,S1_depeg_stablecoin,indonesia,USDC
189,0.8995274521016483,2934662304727.166,19,S1_depeg_stablecoin,indonesia,USDC
190,0.9061651661097835,2934267465734.911,19,S1_depeg_stablecoin,indonesia,USDC
191,0.9260542472574057,2933944002027.9976,19,S1_depeg_stablecoin,indonesia,USDC
192,0.9520625497657963,2933730328264.2407,19,S1_depeg_stablecoin,indonesia,USDC
193,0.9370452920176736,2933647063799.43,19,S1_depeg_stablecoin,indonesia,USDC
194,0.9477972431912617,2933496919032.107,19,S1_depeg_stablecoin,indonesia,USDC
195,0.9601346003895098,2933399197901.188,19,S1_depeg_stablecoin,indonesia,USDC
196,0.9572547660645274,2933365343313.711,19,S1_depeg_stablecoin,indonesia,USDC
197,0.9865272861225224,2933320093299.0034,19,S1_depeg_stablecoin,indonesia,USDC
198,0.9761330625161652,2933320093299.0034,19,S1_depeg_stablecoin,indonesia,USDC
199,0.9680982117737137,2933320093299.0034,19,S1_depeg_stablecoin,indonesia,USDC
200,0.9754987169971969,2933312069632.3833,19,S1_depeg_stablecoin,indonesia,USDC
201,0.9910399282426298,2933312069632.3833,19,S1_depeg_stablecoin,indonesia,USDC
202,0.988055985750832,2933312069632.3833,19,S1_depeg_stablecoin,indonesia,USDC
203,0.9901309277404094,2933312069632.3833,19,S1_depeg_stablecoin,indonesia,USDC
204,0.9892284153254923,2933312069632.3833,19,S1_depeg_stablecoin,indonesia,USDC
205,0.9836393154878292,2933312069632.3833,19,S1_depeg_stablecoin,indonesia,USDC
206,0.9713693568166505,2933312069632.3833,19,S1_depeg_stablecoin,indonesia,USDC
207,0.9614828410061127,2933312069632.3833,19,S1_depeg_stablecoin,indonesia,USDC
208,0.9530300971860227,2933284315378.77,19,S1_depeg_stablecoin,indonesia,USDC
209,0.9484642108458867,2933213345087.253,19,S1_depeg_stablecoin,indonesia,USDC
210,0.9370821693412437,2933135443279.5664,19,S1_depeg_stablecoin,indonesia,USDC
211,0.9883823518911949,2933015502534.0117,19,S1_depeg_stablecoin,indonesia,USDC
212,0.977882250129902,2933015502534.0117,19,S1_depeg_stablecoin,indonesia,USDC
213,0.9825610098746288,2933015502534.0117,19,S1_depeg_stablecoin,indonesia,USDC
214,0.9745649439500893,2933015502534.0117,19,S1_depeg_stablecoin,indonesia,USDC
215,0.9688074565401703,2933015502534.0117,19,S1_depeg_stablecoin,indonesia,USDC
216,0.9929316038389796,2933015502534.0117,19,S1_depeg_stablecoin,indonesia,USDC
217,1.0277250490912255,2933015502534.0117,19,S1_depeg_stablecoin,indonesia,USDC
218,1.004699703596182,2933015502534.0117,19,S1_depeg_stablecoin,indonesia,USDC
219,1.0311273504456784,2933015502534.0117,19,S1_depeg_stablecoin,indonesia,USDC
220,1.0292486224114918,2933015502534.0117,19,S1_depeg_stablecoin,indonesia,USDC
221,1.0300098714300132,2933015502534.0117,19,S1_depeg_stablecoin,indonesia,USDC
222,1.021480936061519,2933015502534.0117,19,S1_depeg_stablecoin,indonesia,USDC
223,1.0336203615149822,2933015502534.0117,19,S1_depeg_stablecoin,indonesia,USDC
224,1.0289241022861313,2933015502534.0117,19,S1_depeg_stablecoin,indonesia,USDC
225,1.0053154684464318,2933015502534.0117,19,S1_depeg_stablecoin,indonesia,USDC
226,1.0373909622450534,2933015502534.0117,19,S1_depeg_stablecoin,indonesia,USDC
227,1.0442785274467328,2933015502534.0117,19,S1_depeg_stablecoin,indonesia,USDC
228,1.0149525637060712,2933015502534.0117,19,S1_depeg_stablecoin,indonesia,USDC
229,1.025579140643397,2933015502534.0117,19,S1_depeg_stablecoin,indonesia,USDC
230,1.0411765599735134,2933015502534.0117,19,S1_depeg_stablecoin,indonesia,USDC
231,1.0571961919077377,2933015502534.0117,19,S1_depeg_stablecoin,indonesia,USDC
232,1.0638694054146032,2933015502534.0117,19,S1_depeg_stablecoin,indonesia,USDC
233,1.0600319877787931,2933015502534.0117,19,S1_depeg_stablecoin,indonesia,USDC
234,1.09648991593957,2933015502534.0117,19,S1_depeg_stablecoin,indonesia,USDC
235,1.058959577727225,2933015502534.0117,19,S1_depeg_stablecoin,indonesia,USDC
236,1.0682004996241954,2933015502534.0117,19,S1_depeg_stablecoin,indonesia,USDC
237,1.0263414417332475,2933015502534.0117,19,S1_depeg_stablecoin,indonesia,USDC
238,1.023492663200598,2933015502534.0117,19,S1_depeg_stablecoin,indonesia,USDC
239,0.9979723897388333,2933015502534.0117,19,S1_depeg_stablecoin,indonesia,USDC
240,1.006088889934484,2933015502534.0117,19,S1_depeg_stablecoin,indonesia,USDC
241,1.0128754555838768,2933015502534.0117,19,S1_depeg_stablecoin,indonesia,USDC
242,1.0229516408377684,2933015502534.0117,19,S1_depeg_stablecoin,indonesia,USDC
243,1.0435733372861478,2933015502534.0117,19,S1_depeg_stablecoin,indonesia,USDC
244,1.0450022007794146,2933015502534.0117,19,S1_depeg_stablecoin,indonesia,USDC
245,1.0048684843778704,2933015502534.0117,19,S1_depeg_stablecoin,indonesia,USDC
246,1.0225138068397528,2933015502534.0117,19,S1_depeg_stablecoin,indonesia,USDC
247,1.0038813803351527,2933015502534.0117,19,S1_depeg_stablecoin,indonesia,USDC
248,1.014172754776856,2933015502534.0117,19,S1_depeg_stablecoin,indonesia,USDC
249,1.0165932229469525,2933015502534.0117,19,S1_depeg_stablecoin,indonesia,USDC
250,1.0475819864658222,2933015502534.0117,19,S1_depeg_stablecoin,indonesia,USDC
251,1.0664962628031311,2933015502534.0117,19,S1_depeg_stablecoin,indonesia,USDC
252,1.0565544980727755,2933015502534.0117,19,S1_depeg_stablecoin,indonesia,USDC
253,1.0647263057397491,2933015502534.0117,19,S1_depeg_stablecoin,indonesia,USDC
254,1.0480926407394504,2933015502534.0117,19,S1_depeg_stablecoin,indonesia,USDC
255,1.0623388177775845,2933015502534.0117,19,S1_depeg_stablecoin,indonesia,USDC
256,1.1042533292209353,2933015502534.0117,19,S1_depeg_stablecoin,indonesia,USDC
257,1.1138766332397214,2933015502534.0117,19,S1_depeg_stablecoin,indonesia,USDC
258,1.0891549666422502,2933015502534.0117,19,S1_depeg_stablecoin,indonesia,USDC
259,1.0734215159002098,2933015502534.0117,19,S1_depeg_stablecoin,indonesia,USDC
260,1.0692467661089742,2933015502534.0117,19,S1_depeg_stablecoin,indonesia,USDC
261,1.0798445226284772,2933015502534.0117,19,S1_depeg_stablecoin,indonesia,USDC
262,1.0854811979345524,2933015502534.0117,19,S1_depeg_stablecoin,indonesia,USDC
263,1.0617168553572802,2933015502534.0117,19,S1_depeg_stablecoin,indonesia,USDC
264,1.0498693477912528,2933015502534.0117,19,S1_depeg_stablecoin,indonesia,USDC
265,1.0401479588166338,2933015502534.0117,19,S1_depeg_stablecoin,indonesia,USDC
266,1.0644758742545735,2933015502534.0117,19,S1_depeg_stablecoin,indonesia,USDC
267,1.0467801917368718,2933015502534.0117,19,S1_depeg_stablecoin,indonesia,USDC
268,1.0438099062448394,2933015502534.0117,19,S1_depeg_stablecoin,indonesia,USDC
269,1.046532054349158,2933015502534.0117,19,S1_depeg_stablecoin,indonesia,USDC
270,1.0553507927540984,2933015502534.0117,19,S1_depeg_stablecoin,indonesia,USDC
271,1.0447076432903908,2933015502534.0117,19,S1_depeg_stablecoin,indonesia,USDC
272,1.0496652227253638,2933015502534.0117,19,S1_depeg_stablecoin,indonesia,USDC
273,1.0395981562081753,2933015502534.0117,19,S1_depeg_stablecoin,indonesia,USDC
274,1.0542638796189518,2933015502534.0117,19,S1_depeg_stablecoin,indonesia,USDC
275,1.0580149461000945,2933015502534.0117,19,S1_depeg_stablecoin,indonesia,USDC
276,1.0123997341019741,2933015502534.0117,19,S1_depeg_stablecoin,indonesia,USDC
277,1.009223237668142,2933015502534.0117,19,S1_depeg_stablecoin,indonesia,USDC
278,1.000924201418933,2933015502534.0117,19,S1_depeg_stablecoin,indonesia,USDC
279,1.039828656818224,2933015502534.0117,19,S1_depeg_stablecoin,indonesia,USDC
280,1.0254841604614973,2933015502534.0117,19,S1_depeg_stablecoin,indonesia,USDC
281,1.0183372908806638,2933015502534.0117,19,S1_depeg_stablecoin,indonesia,USDC
282,1.0456352126265471,2933015502534.0117,19,S1_depeg_stablecoin,indonesia,USDC
283,0.9941400811291726,2933015502534.0117,19,S1_depeg_stablecoin,indonesia,USDC
284,0.9809253464245262,2933015502534.0117,19,S1_depeg_stablecoin,indonesia,USDC
285,0.9689210115268325,2933015502534.0117,19,S1_depeg_stablecoin,indonesia,USDC
286,0.9741888362231776,2933015502534.0117,19,S1_depeg_stablecoin,indonesia,USDC
287,0.9764947398078263,2933015502534.0117,19,S1_depeg_stablecoin,indonesia,USDC
288,1.0074555786752761,2933015502534.0117,19,S1_depeg_stablecoin,indonesia,USDC
289,0.9829432813271801,2933015502534.0117,19,S1_depeg_stablecoin,indonesia,USDC
290,1.010003349061077,2933015502534.0117,19,S1_depeg_stablecoin,indonesia,USDC
291,0.9941503551985148,2933015502534.0117,19,S1_depeg_stablecoin,indonesia,USDC
292,0.9649474404579443,2933015502534.0117,19,S1_depeg_stablecoin,indonesia,USDC
293,0.964687633882694,2932995772286.3765,19,S1_depeg_stablecoin,indonesia,USDC
294,0.9611550097807526,2932981994376.8184,19,S1_depeg_stablecoin,indonesia,USDC
295,0.974839737686253,2932947760231.1133,19,S1_depeg_stablecoin,indonesia,USDC
296,0.9541279106594768,2932947760231.1133,19,S1_depeg_stablecoin,indonesia,USDC
297,0.9860664587352228,2932892736942.388,19,S1_depeg_stablecoin,indonesia,USDC
298,0.9986931501495702,2932892736942.388,19,S1_depeg_stablecoin,indonesia,USDC
299,0.9986466399851508,2932892736942.388,19,S1_depeg_stablecoin,indonesia,USDC
300,1.0554781942133142,2932892736942.388,19,S1_depeg_stablecoin,indonesia,USDC
301,1.0522081767509868,2932892736942.388,19,S1_depeg_stablecoin,indonesia,USDC
302,1.0565907717779452,2932892736942.388,19,S1_depeg_stablecoin,indonesia,USDC
303,1.044546782964579,2932892736942.388,19,S1_depeg_stablecoin,indonesia,USDC
304,1.0476316358367326,2932892736942.388,19,S1_depeg_stablecoin,indonesia,USDC
305,1.044609876451439,2932892736942.388,19,S1_depeg_stablecoin,indonesia,USDC
306,1.0394614843198726,2932892736942.388,19,S1_depeg_stablecoin,indonesia,USDC
307,1.063227532814726,2932892736942.388,19,S1_depeg_stablecoin,indonesia,USDC
308,1.044658095660081,2932892736942.388,19,S1_depeg_stablecoin,indonesia,USDC
309,1.0577116710502,2932892736942.388,19,S1_depeg_stablecoin,indonesia,USDC
310,1.0611745105888448,2932892736942.388,19,S1_depeg_stablecoin,indonesia,USDC
311,1.0486227092309925,2932892736942.388,19,S1_depeg_stablecoin,indonesia,USDC
312,1.0236089975811629,2932892736942.388,19,S1_depeg_stablecoin,indonesia,USDC
313,1.0684425313223587,2932892736942.388,19,S1_depeg_stablecoin,indonesia,USDC
314,1.055671220757005,2932892736942.388,19,S1_depeg_stablecoin,indonesia,USDC
315,1.038356429433687,2932892736942.388,19,S1_depeg_stablecoin,indonesia,USDC
316,1.048054845275798,2932892736942.388,19,S1_depeg_stablecoin,indonesia,USDC
317,1.0191158646424745,2932892736942.388,19,S1_depeg_stablecoin,indonesia,USDC
318,1.0408317880801816,2932892736942.388,19,S1_depeg_stablecoin,indonesia,USDC
319,1.0398207838703493,2932892736942.388,19,S1_depeg_stablecoin,indonesia,USDC
320,1.0753312502504861,2932892736942.388,19,S1_depeg_stablecoin,indonesia,USDC
321,1.083146461158796,2932892736942.388,19,S1_depeg_stablecoin,indonesia,USDC
322,1.099877562325049,2932892736942.388,19,S1_depeg_stablecoin,indonesia,USDC
323,1.1122785076275978,2932892736942.388,19,S1_depeg_stablecoin,indonesia,USDC
324,1.105647821516215,2932892736942.388,19,S1_depeg_stablecoin,indonesia,USDC
325,1.1220046371102352,2932892736942.388,19,S1_depeg_stablecoin,indonesia,USDC
326,1.0912314717650886,2932892736942.388,19,S1_depeg_stablecoin,indonesia,USDC
327,1.0920197863984669,2932892736942.388,19,S1_depeg_stablecoin,indonesia,USDC
328,1.1057675801551434,2932892736942.388,19,S1_depeg_stablecoin,indonesia,USDC
329,1.0697434825486836,2932892736942.388,19,S1_depeg_stablecoin,indonesia,USDC
330,1.0501202453969423,2932892736942.388,19,S1_depeg_stablecoin,indonesia,USDC
331,1.043445030673625,2932892736942.388,19,S1_depeg_stablecoin,indonesia,USDC
332,1.0321119172248001,2932892736942.388,19,S1_depeg_stablecoin,indonesia,USDC
333,1.045557323641399,2932892736942.388,19,S1_depeg_stablecoin,indonesia,USDC
334,1.021873377191309,2932892736942.388,19,S1_depeg_stablecoin,indonesia,USDC
335,0.9979747060087799,2932892736942.388,19,S1_depeg_stablecoin,indonesia,USDC
336,1.0097533002501087,2932892736942.388,19,S1_depeg_stablecoin,indonesia,USDC
337,1.000195451594407,2932892736942.388,19,S1_depeg_stablecoin,indonesia,USDC
338,0.9999223248867966,2932892736942.388,19,S1_depeg_stablecoin,indonesia,USDC
339,1.0098118682715778,2932892736942.388,19,S1_depeg_stablecoin,indonesia,USDC
340,1.0017258678810235,2932892736942.388,19,S1_depeg_stablecoin,indonesia,USDC
341,1.0257755218791405,2932892736942.388,19,S1_depeg_stablecoin,indonesia,USDC
342,1.0371203137635507,2932892736942.388,19,S1_depeg_stablecoin,indonesia,USDC
343,1.045760956491006,2932892736942.388,19,S1_depeg_stablecoin,indonesia,USDC
344,1.043001444103916,2932892736942.388,19,S1_depeg_stablecoin,indonesia,USDC
345,1.0793740018376594,2932892736942.388,19,S1_depeg_stablecoin,indonesia,USDC
346,1.0882628448732539,2932892736942.388,19,S1_depeg_stablecoin,indonesia,USDC
347,1.0868032100106717,2932892736942.388,19,S1_depeg_stablecoin,indonesia,USDC
348,1.044479118270378,2932892736942.388,19,S1_depeg_stablecoin,indonesia,USDC
349,1.005642890830615,2932892736942.388,19,S1_depeg_stablecoin,indonesia,USDC
350,1.0028078261074047,2932892736942.388,19,S1_depeg_stablecoin,indonesia,USDC
351,0.9945979082670652,2932892736942.388,19,S1_depeg_stablecoin,indonesia,USDC
352,1.0312682745656776,2932892736942.388,19,S1_depeg_stablecoin,indonesia,USDC
353,1.0152919268035745,2932892736942.388,19,S1_depeg_stablecoin,indonesia,USDC
354,1.0294444523923074,2932892736942.388,19,S1_depeg_stablecoin,indonesia,USDC
355,1.0132112035713499,2932892736942.388,19,S1_depeg_stablecoin,indonesia,USDC
356,0.9658855789459717,2932892736942.388,19,S1_depeg_stablecoin,indonesia,USDC
357,0.962911618702793,2932883635818.6436,19,S1_depeg_stablecoin,indonesia,USDC
358,0.9701286029901557,2932859257673.026,19,S1_depeg_stablecoin,indonesia,USDC
359,0.9873406196854985,2932859257673.026,19,S1_depeg_stablecoin,indonesia,USDC
360,0.9858689556925693,2932859257673.026,19,S1_depeg_stablecoin,indonesia,USDC
361,0.9910240959157333,2932859257673.026,19,S1_depeg_stablecoin,indonesia,USDC
362,0.9871121994105664,2932859257673.026,19,S1_depeg_stablecoin,indonesia,USDC
363,1.0087361912367494,2932859257673.026,19,S1_depeg_stablecoin,indonesia,USDC
364,0.9878624078439191,2932859257673.026,19,S1_depeg_stablecoin,indonesia,USDC
365,1.0249436175731834,2932859257673.026,19,S1_depeg_stablecoin,indonesia,USDC
366,1.0453200599680843,2932859257673.026,19,S1_depeg_stablecoin,indonesia,USDC
367,1.0747081045588223,2932859257673.026,19,S1_depeg_stablecoin,indonesia,USDC
368,1.090482743965829,2932859257673.026,19,S1_depeg_stablecoin,indonesia,USDC
369,1.0925038711185957,2932859257673.026,19,S1_depeg_stablecoin,indonesia,USDC
370,1.0682117094125239,2932859257673.026,19,S1_depeg_stablecoin,indonesia,USDC
371,1.0429023887237467,2932859257673.026,19,S1_depeg_stablecoin,indonesia,USDC
372,1.0540822824996408,2932859257673.026,19,S1_depeg_stablecoin,indonesia,USDC
373,1.0311196528536686,2932859257673.026,19,S1_depeg_stablecoin,indonesia,USDC
374,1.0016461477608647,2932859257673.026,19,S1_depeg_stablecoin,indonesia,USDC
375,1.0132937794776318,2932859257673.026,19,S1_depeg_stablecoin,indonesia,USDC
376,0.9935675405741919,2932859257673.026,19,S1_depeg_stablecoin,indonesia,USDC
377,0.9741318907100005,2932859257673.026,19,S1_depeg_stablecoin,indonesia,USDC
378,0.9327617132500969,2932859257673.026,19,S1_depeg_stablecoin,indonesia,USDC
379,0.9266112438657553,2932728176932.743,19,S1_depeg_stablecoin,indonesia,USDC
380,0.9351963887354561,2932584838311.1846,19,S1_depeg_stablecoin,indonesia,USDC
381,0.9901082985833931,2932475596747.7554,19,S1_depeg_stablecoin,indonesia,USDC
382,0.9973046949552995,2932475596747.7554,19,S1_depeg_stablecoin,indonesia,USDC
383,0.9933829878672361,2932475596747.7554,19,S1_depeg_stablecoin,indonesia,USDC
384,0.9948894046314302,2932475596747.7554,19,S1_depeg_stablecoin,indonesia,USDC
385,0.9952288203721207,2932475596747.7554,19,S1_depeg_stablecoin,indonesia,USDC
386,0.9902538717039049,2932475596747.7554,19,S1_depeg_stablecoin,indonesia,USDC
387,0.9681709765094838,2932475596747.7554,19,S1_depeg_stablecoin,indonesia,USDC
388,0.9729053619322924,2932474801261.416,19,S1_depeg_stablecoin,indonesia,USDC
389,0.9754024792156506,2932474801261.416,19,S1_depeg_stablecoin,indonesia,USDC
390,0.9877432264884328,2932474801261.416,19,S1_depeg_stablecoin,indonesia,USDC
391,1.0242297894812087,2932474801261.416,19,S1_depeg_stablecoin,indonesia,USDC
392,0.8796043725887895,2932474801261.416,19,S1_depeg_stablecoin,indonesia,USDC
393,0.8600716069946186,2932172194980.963,19,S1_depeg_stablecoin,indonesia,USDC
394,0.8644787748289903,2931852578973.395,19,S1_depeg_stablecoin,indonesia,USDC
395,0.8738160503236768,2931567026904.308,19,S1_depeg_stablecoin,indonesia,USDC
396,0.8795913456047834,2931345156307.1885,19,S1_depeg_stablecoin,indonesia,USDC
397,0.8944485943913763,2931160937317.176,19,S1_depeg_stablecoin,indonesia,USDC
398,0.9191568998977987,2931017343218.347,19,S1_depeg_stablecoin,indonesia,USDC
399,0.8997679862241921,2930930993487.3887,19,S1_depeg_stablecoin,indonesia,USDC
400,0.9384958949356637,2930807664517.6196,19,S1_depeg_stablecoin,indonesia,USDC
401,0.9737085141472241,2930756348147.102,19,S1_depeg_stablecoin,indonesia,USDC
402,0.9725775655995378,2930756348147.102,19,S1_depeg_stablecoin,indonesia,USDC
403,0.9650566049013136,2930756348147.102,19,S1_depeg_stablecoin,indonesia,USDC
404,0.9342374394102393,2930749466344.3516,19,S1_depeg_stablecoin,indonesia,USDC
405,0.9547120993873692,2930696788833.704,19,S1_depeg_stablecoin,indonesia,USDC
406,0.9550616633236989,2930673634176.553,19,S1_depeg_stablecoin,indonesia,USDC
407,0.9816402231050574,2930654715035.8296,19,S1_depeg_stablecoin,indonesia,USDC
408,0.9833595943005116,2930654715035.8296,19,S1_depeg_stablecoin,indonesia,USDC
409,0.9926249806266386,2930654715035.8296,19,S1_depeg_stablecoin,indonesia,USDC
410,0.998223600786968,2930654715035.8296,19,S1_depeg_stablecoin,indonesia,USDC
411,0.9929981849183337,2930654715035.8296,19,S1_depeg_stablecoin,indonesia,USDC
412,0.9987521435463299,2930654715035.8296,19,S1_depeg_stablecoin,indonesia,USDC
413,0.9894149529291018,2930654715035.8296,19,S1_depeg_stablecoin,indonesia,USDC
414,1.0183173606024192,2930654715035.8296,19,S1_depeg_stablecoin,indonesia,USDC
415,0.9851185521832551,2930654715035.8296,19,S1_depeg_stablecoin,indonesia,USDC
416,1.003725990990965,2930654715035.8296,19,S1_depeg_stablecoin,indonesia,USDC
417,1.0204851416775975,2930654715035.8296,19,S1_depeg_stablecoin,indonesia,USDC
418,1.007141599097787,2930654715035.8296,19,S1_depeg_stablecoin,indonesia,USDC
419,0.978949772189103,2930654715035.8296,19,S1_depeg_stablecoin,indonesia,USDC
420,0.9637080357000469,2930654715035.8296,19,S1_depeg_stablecoin,indonesia,USDC
421,0.9637799598365773,2930646351973.453,19,S1_depeg_stablecoin,indonesia,USDC
422,0.9778601542236794,2930639015633.4043,19,S1_depeg_stablecoin,indonesia,USDC
423,1.0131594853764003,2930639015633.4043,19,S1_depeg_stablecoin,indonesia,USDC
424,1.0082890527359956,2930639015633.4043,19,S1_depeg_stablecoin,indonesia,USDC
425,0.8814774742323229,2930639015633.4043,19,S1_depeg_stablecoin,indonesia,USDC
426,0.8616949909836333,2930510214116.993,19,S1_depeg_stablecoin,indonesia,USDC
427,0.886063127882325,2930367010098.0674,19,S1_depeg_stablecoin,indonesia,USDC
428,0.903466903249198,2930272872176.529,19,S1_depeg_stablecoin,indonesia,USDC
429,0.9246683476935227,2930204635848.474,19,S1_depeg_stablecoin,indonesia,USDC
430,0.9208922575520931,2930160245990.318,19,S1_depeg_stablecoin,indonesia,USDC
431,0.92485613101384,2930116834842.014,19,S1_depeg_stablecoin,indonesia,USDC
432,0.9188235139439007,2930078896367.252,19,S1_depeg_stablecoin,indonesia,USDC
433,0.9162476199041432,2930035166879.1245,19,S1_depeg_stablecoin,indonesia,USDC
434,0.9402245650569969,2929993904734.2207,19,S1_depeg_stablecoin,indonesia,USDC
435,0.9648827698182324,2929972744576.384,19,S1_depeg_stablecoin,indonesia,USDC
436,0.977649088544279,2929969262447.8364,19,S1_depeg_stablecoin,indonesia,USDC
437,0.9795133821290493,2929969262447.8364,19,S1_depeg_stablecoin,indonesia,USDC
438,0.9604316057600643,2929969262447.8364,19,S1_depeg_stablecoin,indonesia,USDC
439,0.942889027997175,2929963459556.9307,19,S1_depeg_stablecoin,indonesia,USDC
440,0.9249133843128978,2929943618695.5107,19,S1_depeg_stablecoin,indonesia,USDC
441,0.9219346167380258,2929913110924.1855,19,S1_depeg_stablecoin,indonesia,USDC
442,0.9070193479707844,2929880987209.194,19,S1_depeg_stablecoin,indonesia,USDC
443,0.9055385065977382,2929839610304.5986,19,S1_depeg_stablecoin,indonesia,USDC
444,0.9144635501976087,2929798942527.0137,19,S1_depeg_stablecoin,indonesia,USDC
445,0.9224509811887365,2929766233819.8066,19,S1_depeg_stablecoin,indonesia,USDC
446,0.9053966696776394,2929741985663.959,19,S1_depeg_stablecoin,indonesia,USDC
447,0.9231861750698689,2929708570731.072,19,S1_depeg_stablecoin,indonesia,USDC
448,0.9501127941736842,2929687264974.7656,19,S1_depeg_stablecoin,indonesia,USDC
449,0.9482620932416135,2929679023761.417,19,S1_depeg_stablecoin,indonesia,USDC
450,0.9635804279998885,2929669305757.9717,19,S1_depeg_stablecoin,indonesia,USDC
451,0.9651990418723514,2929666382842.607,19,S1_depeg_stablecoin,indonesia,USDC
452,0.9674775148618754,2929664738141.961,19,S1_depeg_stablecoin,indonesia,USDC
453,0.9553656867145213,2929663601499.466,19,S1_depeg_stablecoin,indonesia,USDC
454,0.9777809310032156,2929657024364.3027,19,S1_depeg_stablecoin,indonesia,USDC
455,0.9951902986974506,2929657024364.3027,19,S1_depeg_stablecoin,indonesia,USDC
456,0.9938160693940926,2929657024364.3027,19,S1_depeg_stablecoin,indonesia,USDC
457,0.8913570210095091,2929657024364.3027,19,S1_depeg_stablecoin,indonesia,USDC
458,0.8904352778810228,2929622212900.965,19,S1_depeg_stablecoin,indonesia,USDC
459,0.9200097722826488,2929589848853.5117,19,S1_depeg_stablecoin,indonesia,USDC
460,0.924820140443065,2929572173999.247,19,S1_depeg_stablecoin,indonesia,USDC
461,0.9306507214205464,2929557020646.237,19,S1_depeg_stablecoin,indonesia,USDC
462,0.9465036979059159,2929543659391.1626,19,S1_depeg_stablecoin,indonesia,USDC
463,0.9522124009648089,2929536583699.7637,19,S1_depeg_stablecoin,indonesia,USDC
464,0.9312826420998987,2929530918593.924,19,S1_depeg_stablecoin,indonesia,USDC
465,0.9377220995659269,2929518813769.098,19,S1_depeg_stablecoin,indonesia,USDC
466,0.9317373269029027,2929510059704.6396,19,S1_depeg_stablecoin,indonesia,USDC
467,0.9501792856782083,2929499580806.0835,19,S1_depeg_stablecoin,indonesia,USDC
468,0.9594476548077131,2929494258502.447,19,S1_depeg_stablecoin,indonesia,USDC
469,0.9615456823349515,2929491915463.643,19,S1_depeg_stablecoin,indonesia,USDC
470,0.976149793951148,2929489960027.4497,19,S1_depeg_stablecoin,indonesia,USDC
471,0.964189231250973,2929489960027.4497,19,S1_depeg_stablecoin,indonesia,USDC
472,0.9591814095611341,2929488712841.2744,19,S1_depeg_stablecoin,indonesia,USDC
473,0.9943063211077332,2929486350466.7617,19,S1_depeg_stablecoin,indonesia,USDC
474,1.0165911119878113,2929486350466.7617,19,S1_depeg_stablecoin,indonesia,USDC
475,1.001552108252223,2929486350466.7617,19,S1_depeg_stablecoin,indonesia,USDC
476,0.9777542738749119,2929486350466.7617,19,S1_depeg_stablecoin,indonesia,USDC
477,0.9436874899830977,2929486350466.7617,19,S1_depeg_stablecoin,indonesia,USDC
478,0.9682117082990501,2929479332935.6284,19,S1_depeg_stablecoin,indonesia,USDC
479,0.9646898754436575,2929479281334.007,19,S1_depeg_stablecoin,indonesia,USDC
480,0.9580015872716556,2929477903825.817,19,S1_depeg_stablecoin,indonesia,USDC
481,0.9647952568945112,2929475169060.7656,19,S1_depeg_stablecoin,indonesia,USDC
482,0.9531725104796002,2929473840955.036,19,S1_depeg_stablecoin,indonesia,USDC
483,0.9668479866053271,2929470164335.3604,19,S1_depeg_stablecoin,indonesia,USDC
484,0.9674589703852032,2929469790713.2217,19,S1_depeg_stablecoin,indonesia,USDC
485,0.9693703591220432,2929469292862.8096,19,S1_depeg_stablecoin,indonesia,USDC
486,0.9882098447422295,2929469136010.2886,19,S1_depeg_stablecoin,indonesia,USDC
487,1.0028696644416786,2929469136010.2886,19,S1_depeg_stablecoin,indonesia,USDC
488,1.0015967771050105,2929469136010.2886,19,S1_depeg_stablecoin,indonesia,USDC
489,1.0160261250101508,2929469136010.2886,19,S1_depeg_stablecoin,indonesia,USDC
490,1.0147891504406474,2929469136010.2886,19,S1_depeg_stablecoin,indonesia,USDC
491,1.025263002712533,2929469136010.2886,19,S1_depeg_stablecoin,indonesia,USDC
492,1.0084679057169055,2929469136010.2886,19,S1_depeg_stablecoin,indonesia,USDC
493,1.0170422736169993,2929469136010.2886,19,S1_depeg_stablecoin,indonesia,USDC
494,1.0101439742816667,2929469136010.2886,19,S1_depeg_stablecoin,indonesia,USDC
495,0.8656528787999757,2929469136010.2886,19,S1_depeg_stablecoin,indonesia,USDC
496,0.8773174070419972,2929443710647.987,19,S1_depeg_stablecoin,indonesia,USDC
497,0.8622013881728003,2929423974376.037,19,S1_depeg_stablecoin,indonesia,USDC
498,0.883835023327376,2929403086107.383,19,S1_depeg_stablecoin,indonesia,USDC
499,0.8763512291938349,2929388204411.07,19,S1_depeg_stablecoin,indonesia,USDC
500,0.9028445649340999,2929372703861.4775,19,S1_depeg_stablecoin,indonesia,USDC
501,0.9317787336147014,2929362661574.028,19,S1_depeg_stablecoin,indonesia,USDC
502,0.9270895873737501,2929357341743.3745,19,S1_depeg_stablecoin,indonesia,USDC
503,0.9659063308460414,2929351929083.244,19,S1_depeg_stablecoin,indonesia,USDC
504,0.9622074342899681,2929351550793.4805,19,S1_depeg_stablecoin,indonesia,USDC
505,0.930861873974766,2929350555443.7354,19,S1_depeg_stablecoin,indonesia,USDC
506,0.9686109673284532,2929345596465.0938,19,S1_depeg_stablecoin,indonesia,USDC
507,0.9777808524814795,2929345483345.5957,19,S1_depeg_stablecoin,indonesia,USDC
508,0.983991574190265,2929345483345.5957,19,S1_depeg_stablecoin,indonesia,USDC
509,0.988081897186386,2929345483345.5957,19,S1_depeg_stablecoin,indonesia,USDC
510,1.0082679432397255,2929345483345.5957,19,S1_depeg_stablecoin,indonesia,USDC
511,0.9903012882696567,2929345483345.5957,19,S1_depeg_stablecoin,indonesia,USDC
512,1.0013107032326665,2929345483345.5957,19,S1_depeg_stablecoin,indonesia,USDC
513,0.9663168244417333,2929345483345.5957,19,S1_depeg_stablecoin,indonesia,USDC
514,0.9686784912985364,2929345240513.867,19,S1_depeg_stablecoin,indonesia,USDC
515,0.9919864398715917,2929345134146.03,19,S1_depeg_stablecoin,indonesia,USDC
516,1.000811511243518,2929345134146.03,19,S1_depeg_stablecoin,indonesia,USDC
517,1.0378163045230135,2929345134146.03,19,S1_depeg_stablecoin,indonesia,USDC
518,1.0166923548146973,2929345134146.03,19,S1_depeg_stablecoin,indonesia,USDC
519,0.9966102422613186,2929345134146.03,19,S1_depeg_stablecoin,indonesia,USDC
520,1.0292332092140541,2929345134146.03,19,S1_depeg_stablecoin,indonesia,USDC
521,1.0186472797033987,2929345134146.03,19,S1_depeg_stablecoin,indonesia,USDC
522,1.0340022209827635,2929345134146.03,19,S1_depeg_stablecoin,indonesia,USDC
523,1.0917695980328557,2929345134146.03,19,S1_depeg_stablecoin,indonesia,USDC
524,1.0832845881920106,2929345134146.03,19,S1_depeg_stablecoin,indonesia,USDC
525,1.0684408782184864,2929345134146.03,19,S1_depeg_stablecoin,indonesia,USDC
526,1.0946074454818218,2929345134146.03,19,S1_depeg_stablecoin,indonesia,USDC
527,1.0917398212202034,2929345134146.03,19,S1_depeg_stablecoin,indonesia,USDC
528,1.078771012553989,2929345134146.03,19,S1_depeg_stablecoin,indonesia,USDC
529,1.0893036483839305,2929345134146.03,19,S1_depeg_stablecoin,indonesia,USDC
530,1.1073203622372532,2929345134146.03,19,S1_depeg_stablecoin,indonesia,USDC
531,1.1066913280538566,2929345134146.03,19,S1_depeg_stablecoin,indonesia,USDC
532,1.1170918746560534,2929345134146.03,19,S1_depeg_stablecoin,indonesia,USDC
533,1.113187661209922,2929345134146.03,19,S1_depeg_stablecoin,indonesia,USDC
534,1.0995399134889268,2929345134146.03,19,S1_depeg_stablecoin,indonesia,USDC
535,1.10016831772774,2929345134146.03,19,S1_depeg_stablecoin,indonesia,USDC
536,1.0877412032752063,2929345134146.03,19,S1_depeg_stablecoin,indonesia,USDC
537,1.0928254592350186,2929345134146.03,19,S1_depeg_stablecoin,indonesia,USDC
538,1.1022762775742068,2929345134146.03,19,S1_depeg_stablecoin,indonesia,USDC
539,1.1085438400202015,2929345134146.03,19,S1_depeg_stablecoin,indonesia,USDC
540,1.0903630877620678,2929345134146.03,19,S1_depeg_stablecoin,indonesia,USDC
541,1.0611055698116654,2929345134146.03,19,S1_depeg_stablecoin,indonesia,USDC
542,1.0247460249266325,2929345134146.03,19,S1_depeg_stablecoin,indonesia,USDC
543,1.0148867237199488,2929345134146.03,19,S1_depeg_stablecoin,indonesia,USDC
544,1.058712993299675,2929345134146.03,19,S1_depeg_stablecoin,indonesia,USDC
545,1.0588311094516136,2929345134146.03,19,S1_depeg_stablecoin,indonesia,USDC
546,1.0626406397174888,2929345134146.03,19,S1_depeg_stablecoin,indonesia,USDC
547,1.048696544017466,2929345134146.03,19,S1_depeg_stablecoin,indonesia,USDC
548,1.0328111255300252,2929345134146.03,19,S1_depeg_stablecoin,indonesia,USDC
549,1.0038135621138708,2929345134146.03,19,S1_depeg_stablecoin,indonesia,USDC
550,0.988045167477933,2929345134146.03,19,S1_depeg_stablecoin,indonesia,USDC
551,0.9579304207252538,2929345134146.03,19,S1_depeg_stablecoin,indonesia,USDC
552,0.9489572101673757,2929343672331.897,19,S1_depeg_stablecoin,indonesia,USDC
553,0.9439012160921818,2929341460691.8677,19,S1_depeg_stablecoin,indonesia,USDC
554,0.943011620501061,2929338509248.2466,19,S1_depeg_stablecoin,indonesia,USDC
555,0.9751789210710119,2929335750508.033,19,S1_depeg_stablecoin,indonesia,USDC
556,0.9849263567868001,2929335750508.033,19,S1_depeg_stablecoin,indonesia,USDC
557,0.9700566921224759,2929335750508.033,19,S1_depeg_stablecoin,indonesia,USDC
558,0.9544477997719999,2929335750508.033,19,S1_depeg_stablecoin,indonesia,USDC
559,0.9719422654172806,2929334101123.9775,19,S1_depeg_stablecoin,indonesia,USDC
560,1.02522534482565,2929334101123.9775,19,S1_depeg_stablecoin,indonesia,USDC
561,1.0501352903862642,2929334101123.9775,19,S1_depeg_stablecoin,indonesia,USDC
562,1.04063103698934,2929334101123.9775,19,S1_depeg_stablecoin,indonesia,USDC
563,1.007037450102289,2929334101123.9775,19,S1_depeg_stablecoin,indonesia,USDC
564,1.0141983607619585,2929334101123.9775,19,S1_depeg_stablecoin,indonesia,USDC
565,1.0120716742764677,2929334101123.9775,19,S1_depeg_stablecoin,indonesia,USDC
566,1.0360535197174598,2929334101123.9775,19,S1_depeg_stablecoin,indonesia,USDC
567,1.015387512921526,2929334101123.9775,19,S1_depeg_stablecoin,indonesia,USDC
568,1.0072865979052472,2929334101123.9775,19,S1_depeg_stablecoin,indonesia,USDC
569,1.041342095186347,2929334101123.9775,19,S1_depeg_stablecoin,indonesia,USDC
570,1.036178859056033,2929334101123.9775,19,S1_depeg_stablecoin,indonesia,USDC
571,1.0256730980256892,2929334101123.9775,19,S1_depeg_stablecoin,indonesia,USDC
572,1.012772852310363,2929334101123.9775,19,S1_depeg_stablecoin,indonesia,USDC
573,0.9815200641987837,2929334101123.9775,19,S1_depeg_stablecoin,indonesia,USDC
574,0.9592074942352237,2929334101123.9775,19,S1_depeg_stablecoin,indonesia,USDC
575,0.9784604150466738,2929332916740.002,19,S1_depeg_stablecoin,indonesia,USDC
576,0.9822316865133338,2929332916740.002,19,S1_depeg_stablecoin,indonesia,USDC
577,1.0001763346441543,2929332916740.002,19,S1_depeg_stablecoin,indonesia,USDC
578,1.0086547798826737,2929332916740.002,19,S1_depeg_stablecoin,indonesia,USDC
579,1.0225797909662488,2929332916740.002,19,S1_depeg_stablecoin,indonesia,USDC
580,1.002502729427912,2929332916740.002,19,S1_depeg_stablecoin,indonesia,USDC
581,1.0037839261876407,2929332916740.002,19,S1_depeg_stablecoin,indonesia,USDC
582,1.0016085469246154,2929332916740.002,19,S1_depeg_stablecoin,indonesia,USDC
583,0.9779155052115999,2929332916740.002,19,S1_depeg_stablecoin,indonesia,USDC
584,1.0089078005047536,2929332916740.002,19,S1_depeg_stablecoin,indonesia,USDC
585,1.0094610123994832,2929332916740.002,19,S1_depeg_stablecoin,indonesia,USDC
586,0.9713211987342341,2929332916740.002,19,S1_depeg_stablecoin,indonesia,USDC
587,0.9857301805847307,2929332916740.002,19,S1_depeg_stablecoin,indonesia,USDC
588,1.0042356657210887,2929332916740.002,19,S1_depeg_stablecoin,indonesia,USDC
589,0.9892049656403004,2929332916740.002,19,S1_depeg_stablecoin,indonesia,USDC
590,0.991683767909628,2929332916740.002,19,S1_depeg_stablecoin,indonesia,USDC
591,0.9622919675958762,2929332916740.002,19,S1_depeg_stablecoin,indonesia,USDC
592,1.0030239546608084,2929332080261.8647,19,S1_depeg_stablecoin,indonesia,USDC
593,1.0043166080448451,2929332080261.8647,19,S1_depeg_stablecoin,indonesia,USDC
594,0.9898500951918155,2929332080261.8647,19,S1_depeg_stablecoin,indonesia,USDC
595,0.9881708652848393,2929332080261.8647,19,S1_depeg_stablecoin,indonesia,USDC
596,0.9833212453107972,2929332080261.8647,19,S1_depeg_stablecoin,indonesia,USDC
597,0.954321593257253,2929332080261.8647,19,S1_depeg_stablecoin,indonesia,USDC
598,0.9932887474293843,2929330638238.6406,19,S1_depeg_stablecoin,indonesia,USDC
599,0.9793450549579276,2929330638238.6406,19,S1_depeg_stablecoin,indonesia,USDC
600,1.0197111191701893,2929330638238.6406,19,S1_depeg_stablecoin,indonesia,USDC
601,1.0256328122050817,2929330638238.6406,19,S1_depeg_stablecoin,indonesia,USDC
602,0.9901944119959549,2929330638238.6406,19,S1_depeg_stablecoin,indonesia,USDC
603,1.0033505952009591,2929330638238.6406,19,S1_depeg_stablecoin,indonesia,USDC
604,0.9932213895413271,2929330638238.6406,19,S1_depeg_stablecoin,indonesia,USDC
605,1.0222259630283588,2929330638238.6406,19,S1_depeg_stablecoin,indonesia,USDC
606,1.0328665602887277,2929330638238.6406,19,S1_depeg_stablecoin,indonesia,USDC
607,1.0406481081393852,2929330638238.6406,19,S1_depeg_stablecoin,indonesia,USDC
608,1.0523100298443746,2929330638238.6406,19,S1_depeg_stablecoin,indonesia,USDC
609,1.0271208614952696,2929330638238.6406,19,S1_depeg_stablecoin,indonesia,USDC
610,1.0160146637895213,2929330638238.6406,19,S1_depeg_stablecoin,indonesia,USDC
611,1.0319636681068145,2929330638238.6406,19,S1_depeg_stablecoin,indonesia,USDC
612,1.0241256844222253,2929330638238.6406,19,S1_depeg_stablecoin,indonesia,USDC
613,1.0308096462056993,2929330638238.6406,19,S1_depeg_stablecoin,indonesia,USDC
614,1.0508145784032796,2929330638238.6406,19,S1_depeg_stablecoin,indonesia,USDC
615,1.0660978212576944,2929330638238.6406,19,S1_depeg_stablecoin,indonesia,USDC
616,1.0828011983739627,2929330638238.6406,19,S1_depeg_stablecoin,indonesia,USDC
617,1.0535963332609046,2929330638238.6406,19,S1_depeg_stablecoin,indonesia,USDC
618,1.0550676688731517,2929330638238.6406,19,S1_depeg_stablecoin,indonesia,USDC
619,1.0438768067250956,2929330638238.6406,19,S1_depeg_stablecoin,indonesia,USDC
620,1.0298144925486252,2929330638238.6406,19,S1_depeg_stablecoin,indonesia,USDC
621,1.0292860860548032,2929330638238.6406,19,S1_depeg_stablecoin,indonesia,USDC
622,1.0079037748612178,2929330638238.6406,19,S1_depeg_stablecoin,indonesia,USDC
623,1.0064553727516414,2929330638238.6406,19,S1_depeg_stablecoin,indonesia,USDC
624,1.0089539564515824,2929330638238.6406,19,S1_depeg_stablecoin,indonesia,USDC
625,1.019313677462268,2929330638238.6406,19,S1_depeg_stablecoin,indonesia,USDC
626,0.9701909146277456,2929330638238.6406,19,S1_depeg_stablecoin,indonesia,USDC
627,0.9937795546570374,2929330638238.6406,19,S1_depeg_stablecoin,indonesia,USDC
628,1.008839800798683,2929330638238.6406,19,S1_depeg_stablecoin,indonesia,USDC
629,1.0032515485533198,2929330638238.6406,19,S1_depeg_stablecoin,indonesia,USDC
630,1.0086932346483002,2929330638238.6406,19,S1_depeg_stablecoin,indonesia,USDC
631,1.008877364766156,2929330638238.6406,19,S1_depeg_stablecoin,indonesia,USDC
632,1.0648275222952839,2929330638238.6406,19,S1_depeg_stablecoin,indonesia,USDC
633,1.0668185505050518,2929330638238.6406,19,S1_depeg_stablecoin,indonesia,USDC
634,1.0920735918093754,2929330638238.6406,19,S1_depeg_stablecoin,indonesia,USDC
635,1.0917791062483624,2929330638238.6406,19,S1_depeg_stablecoin,indonesia,USDC
636,1.0911196773332172,2929330638238.6406,19,S1_depeg_stablecoin,indonesia,USDC
637,1.094174782595176,2929330638238.6406,19,S1_depeg_stablecoin,indonesia,USDC
638,1.0659601246411299,2929330638238.6406,19,S1_depeg_stablecoin,indonesia,USDC
639,1.0495528078729013,2929330638238.6406,19,S1_depeg_stablecoin,indonesia,USDC
640,1.018675753381975,2929330638238.6406,19,S1_depeg_stablecoin,indonesia,USDC
641,1.0060627787979033,2929330638238.6406,19,S1_depeg_stablecoin,indonesia,USDC
642,0.992110525866116,2929330638238.6406,19,S1_depeg_stablecoin,indonesia,USDC
643,0.9623474719583403,2929330638238.6406,19,S1_depeg_stablecoin,indonesia,USDC
644,0.9395729725915878,2929329891840.6294,19,S1_depeg_stablecoin,indonesia,USDC
645,0.9406463935504226,2929326897360.927,19,S1_depeg_stablecoin,indonesia,USDC
646,0.9609669114299861,2929324197690.864,19,S1_depeg_stablecoin,indonesia,USDC
647,0.9575613288975159,2929323492864.331,19,S1_depeg_stablecoin,indonesia,USDC
648,0.9498230106234062,2929322473519.248,19,S1_depeg_stablecoin,indonesia,USDC
649,0.9607837796941378,2929320665112.749,19,S1_depeg_stablecoin,indonesia,USDC
650,0.9771318151188572,2929319781371.451,19,S1_depeg_stablecoin,indonesia,USDC
651,0.9920011413657377,2929319781371.451,19,S1_depeg_stablecoin,indonesia,USDC
652,1.0016691086010119,2929319781371.451,19,S1_depeg_stablecoin,indonesia,USDC
653,1.0332561649553764,2929319781371.451,19,S1_depeg_stablecoin,indonesia,USDC
654,0.9770153910855565,2929319781371.451,19,S1_depeg_stablecoin,indonesia,USDC
655,0.9661142905569138,2929319781371.451,19,S1_depeg_stablecoin,indonesia,USDC
656,0.9383219463964174,2929319465545.192,19,S1_depeg_stablecoin,indonesia,USDC
657,0.9634440765950397,2929316759019.934,19,S1_depeg_stablecoin,indonesia,USDC
658,0.9476873395300336,2929316213354.0703,19,S1_depeg_stablecoin,indonesia,USDC
659,0.9089352222585682,2929314415008.891,19,S1_depeg_stablecoin,indonesia,USDC
660,0.9251832943594892,2929309225197.009,19,S1_depeg_stablecoin,indonesia,USDC
661,0.9040267199347973,2929305666902.0093,19,S1_depeg_stablecoin,indonesia,USDC
662,0.9049368191157897,2929300488039.1807,19,S1_depeg_stablecoin,indonesia,USDC
663,0.9102904195381162,2929295959439.92,19,S1_depeg_stablecoin,indonesia,USDC
664,0.9408441288651027,2929291965882.575,19,S1_depeg_stablecoin,indonesia,USDC
665,0.9239527829760193,2929290228872.9976,19,S1_depeg_stablecoin,indonesia,USDC
666,0.9578909721433,2929287258265.313,19,S1_depeg_stablecoin,indonesia,USDC
667,0.9848144791200033,2929286514168.86,19,S1_depeg_stablecoin,indonesia,USDC
668,1.0235740675190643,2929286514168.86,19,S1_depeg_stablecoin,indonesia,USDC
669,1.0245178296434947,2929286514168.86,19,S1_depeg_stablecoin,indonesia,USDC
670,1.009390222068281,2929286514168.86,19,S1_depeg_stablecoin,indonesia,USDC
671,1.0125863483481923,2929286514168.86,19,S1_depeg_stablecoin,indonesia,USDC
672,0.9815722197225657,2929286514168.86,19,S1_depeg_stablecoin,indonesia,USDC
673,0.9694695250962639,2929286514168.86,19,S1_depeg_stablecoin,indonesia,USDC
674,0.9722439389171261,2929286503276.6826,19,S1_depeg_stablecoin,indonesia,USDC
675,0.9758215264322057,2929286503276.6826,19,S1_depeg_stablecoin,indonesia,USDC
676,0.9823704472956485,2929286503276.6826,19,S1_depeg_stablecoin,indonesia,USDC
677,0.9827825673557777,2929286503276.6826,19,S1_depeg_stablecoin,indonesia,USDC
678,0.9722834871317338,2929286503276.6826,19,S1_depeg_stablecoin,indonesia,USDC
679,0.979278652342343,2929286503276.6826,19,S1_depeg_stablecoin,indonesia,USDC
680,0.9655384859231418,2929286503276.6826,19,S1_depeg_stablecoin,indonesia,USDC
681,0.9921775985058239,2929286337131.825,19,S1_depeg_stablecoin,indonesia,USDC
682,0.9666252404476736,2929286337131.825,19,S1_depeg_stablecoin,indonesia,USDC
683,0.9716674967262756,2929286132958.5195,19,S1_depeg_stablecoin,indonesia,USDC
684,0.9671925913731723,2929286132958.5195,19,S1_depeg_stablecoin,indonesia,USDC
685,0.947637153770311,2929285963700.9297,19,S1_depeg_stablecoin,indonesia,USDC
686,0.9744512718377618,2929284619355.6484,19,S1_depeg_stablecoin,indonesia,USDC
687,0.9685419892285251,2929284619355.6484,19,S1_depeg_stablecoin,indonesia,USDC
688,0.956261708712215,2929284619355.6484,19,S1_depeg_stablecoin,indonesia,USDC
689,0.9870313856342865,2929283940952.519,19,S1_depeg_stablecoin,indonesia,USDC
690,1.0472661144366555,2929283940952.519,19,S1_depeg_stablecoin,indonesia,USDC
691,1.0761859911400329,2929283940952.519,19,S1_depeg_stablecoin,indonesia,USDC
692,1.0684776014522996,2929283940952.519,19,S1_depeg_stablecoin,indonesia,USDC
693,1.0590829158497594,2929283940952.519,19,S1_depeg_stablecoin,indonesia,USDC
694,1.0493081943510065,2929283940952.519,19,S1_depeg_stablecoin,indonesia,USDC
695,1.0369261162902197,2929283940952.519,19,S1_depeg_stablecoin,indonesia,USDC
696,1.020995310930737,2929283940952.519,19,S1_depeg_stablecoin,indonesia,USDC
697,1.037965810869243,2929283940952.519,19,S1_depeg_stablecoin,indonesia,USDC
698,1.0434855390085946,2929283940952.519,19,S1_depeg_stablecoin,indonesia,USDC
699,1.0245579065432422,2929283940952.519,19,S1_depeg_stablecoin,indonesia,USDC
700,1.0453272352316987,2929283940952.519,19,S1_depeg_stablecoin,indonesia,USDC
701,1.01146159594204,2929283940952.519,19,S1_depeg_stablecoin,indonesia,USDC
702,1.0003907425881298,2929283940952.519,19,S1_depeg_stablecoin,indonesia,USDC
703,0.9927525476585997,2929283940952.519,19,S1_depeg_stablecoin,indonesia,USDC
704,1.002428410414484,2929283940952.519,19,S1_depeg_stablecoin,indonesia,USDC
705,0.99269130805636,2929283940952.519,19,S1_depeg_stablecoin,indonesia,USDC
706,0.9760515635884256,2929283940952.519,19,S1_depeg_stablecoin,indonesia,USDC
707,0.9708577666282083,2929283940952.519,19,S1_depeg_stablecoin,indonesia,USDC
708,0.9665920996230296,2929283940952.519,19,S1_depeg_stablecoin,indonesia,USDC
709,0.9849130257866232,2929283808102.3486,19,S1_depeg_stablecoin,indonesia,USDC
710,0.987026637166781,2929283808102.3486,19,S1_depeg_stablecoin,indonesia,USDC
711,1.0035319250216814,2929283808102.3486,19,S1_depeg_stablecoin,indonesia,USDC
712,1.008241916149214,2929283808102.3486,19,S1_depeg_stablecoin,indonesia,USDC
713,1.0278624587401355,2929283808102.3486,19,S1_depeg_stablecoin,indonesia,USDC
714,1.0102419049232139,2929283808102.3486,19,S1_depeg_stablecoin,indonesia,USDC
715,1.030564242686478,2929283808102.3486,19,S1_depeg_stablecoin,indonesia,USDC
716,1.053833026634701,2929283808102.3486,19,S1_depeg_stablecoin,indonesia,USDC
717,0.9519160309506799,2929283808102.3486,19,S1_depeg_stablecoin,indonesia,USDC
718,0.9652129450886855,2929282854426.7915,19,S1_depeg_stablecoin,indonesia,USDC
719,0.9540840982302194,2929282581996.9946,19,S1_depeg_stablecoin,indonesia,USDC
720,0.9282372549513553,2929281767561.945,19,S1_depeg_stablecoin,indonesia,USDC
721,0.9308600674509268,2929279505509.706,19,S1_depeg_stablecoin,indonesia,USDC
722,0.9366075273794323,2929277536850.71,19,S1_depeg_stablecoin,indonesia,USDC
723,0.9423358514785813,2929275873358.1357,19,S1_depeg_stablecoin,indonesia,USDC
724,0.9379294740853463,2929274545515.406,19,S1_depeg_stablecoin,indonesia,USDC
725,0.9696155367710035,2929273145140.5977,19,S1_depeg_stablecoin,indonesia,USDC
726,0.9593757653219666,2929273127109.2285,19,S1_depeg_stablecoin,indonesia,USDC
727,0.9417521802793208,2929272692688.0596,19,S1_depeg_stablecoin,indonesia,USDC
728,0.9382309025453324,2929271470321.25,19,S1_depeg_stablecoin,indonesia,USDC
729,0.9871949959705371,2929270127407.629,19,S1_depeg_stablecoin,indonesia,USDC
730,0.9763130222210764,2929270127407.629,19,S1_depeg_stablecoin,indonesia,USDC
731,0.9625175607478973,2929270127407.629,19,S1_depeg_stablecoin,indonesia,USDC
732,0.9344037814608611,2929269799758.732,19,S1_depeg_stablecoin,indonesia,USDC
733,0.9528961099086936,2929268253057.958,19,S1_depeg_stablecoin,indonesia,USDC
734,0.935189890459465,2929267635725.797,19,S1_depeg_stablecoin,indonesia,USDC
735,0.9518817517486601,2929266244908.9067,19,S1_depeg_stablecoin,indonesia,USDC
736,0.9192220119848867,2929265619770.4854,19,S1_depeg_stablecoin,indonesia,USDC
737,0.9380134936988489,2929263790309.0723,19,S1_depeg_stablecoin,indonesia,USDC
738,0.9593067970593726,2929262598621.155,19,S1_depeg_stablecoin,indonesia,USDC
739,1.002077423048908,2929262286676.256,19,S1_depeg_stablecoin,indonesia,USDC
740,1.0202541723493062,2929262286676.256,19,S1_depeg_stablecoin,indonesia,USDC
741,1.0193001119891698,2929262286676.256,19,S1_depeg_stablecoin,indonesia,USDC
742,0.9796130413027869,2929262286676.256,19,S1_depeg_stablecoin,indonesia,USDC
743,0.9432759072603634,2929262286676.256,19,S1_depeg_stablecoin,indonesia,USDC
744,0.972096985699957,2929261332470.5967,19,S1_depeg_stablecoin,indonesia,USDC
745,0.9709551648733349,2929261332470.5967,19,S1_depeg_stablecoin,indonesia,USDC
746,0.9657671506051044,2929261332470.5967,19,S1_depeg_stablecoin,indonesia,USDC
747,0.9784009709993439,2929261205190.792,19,S1_depeg_stablecoin,indonesia,USDC
748,1.0032908547632535,2929261205190.792,19,S1_depeg_stablecoin,indonesia,USDC
749,1.0300256569318031,2929261205190.792,19,S1_depeg_stablecoin,indonesia,USDC
750,1.0020831256007317,2929261205190.792,19,S1_depeg_stablecoin,indonesia,USDC
751,1.0148849450918445,2929261205190.792,19,S1_depeg_stablecoin,indonesia,USDC
752,1.0551316144373866,2929261205190.792,19,S1_depeg_stablecoin,indonesia,USDC
753,1.0715331960198284,2929261205190.792,19,S1_depeg_stablecoin,indonesia,USDC
754,1.0673337748840659,2929261205190.792,19,S1_depeg_stablecoin,indonesia,USDC
755,1.045867559397715,2929261205190.792,19,S1_depeg_stablecoin,indonesia,USDC
756,1.0677550993483353,2929261205190.792,19,S1_depeg_stablecoin,indonesia,USDC
757,1.0585820943326771,2929261205190.792,19,S1_depeg_stablecoin,indonesia,USDC
758,1.0240992907964177,2929261205190.792,19,S1_depeg_stablecoin,indonesia,USDC
759,1.0199799273800958,2929261205190.792,19,S1_depeg_stablecoin,indonesia,USDC
760,0.9887230892243645,2929261205190.792,19,S1_depeg_stablecoin,indonesia,USDC
761,1.0003029270443047,2929261205190.792,19,S1_depeg_stablecoin,indonesia,USDC
762,1.005213901792585,2929261205190.792,19,S1_depeg_stablecoin,indonesia,USDC
763,0.9761393733892529,2929261205190.792,19,S1_depeg_stablecoin,indonesia,USDC
764,0.9699839329107188,2929261205190.792,19,S1_depeg_stablecoin,indonesia,USDC
765,0.999960540403079,2929261205007.124,19,S1_depeg_stablecoin,indonesia,USDC
766,1.0031852100242309,2929261205007.124,19,S1_depeg_stablecoin,indonesia,USDC
767,1.0050086831652787,2929261205007.124,19,S1_depeg_stablecoin,indonesia,USDC
768,0.9794053946695862,2929261205007.124,19,S1_depeg_stablecoin,indonesia,USDC
769,0.9903676736140015,2929261205007.124,19,S1_depeg_stablecoin,indonesia,USDC
770,0.9902811571037361,2929261205007.124,19,S1_depeg_stablecoin,indonesia,USDC
771,1.006745005903573,2929261205007.124,19,S1_depeg_stablecoin,indonesia,USDC
772,0.9738547446855377,2929261205007.124,19,S1_depeg_stablecoin,indonesia,USDC
773,0.963686513942324,2929261205007.124,19,S1_depeg_stablecoin,indonesia,USDC
774,0.9910439958667403,2929261049424.677,19,S1_depeg_stablecoin,indonesia,USDC
775,0.9911819808599136,2929261049424.677,19,S1_depeg_stablecoin,indonesia,USDC
776,0.9765867033074249,2929261049424.677,19,S1_depeg_stablecoin,indonesia,USDC
777,0.9637838304109048,2929261049424.677,19,S1_depeg_stablecoin,indonesia,USDC
778,0.9584819787559806,2929260856084.1646,19,S1_depeg_stablecoin,indonesia,USDC
779,0.9690975409010018,2929260485415.4126,19,S1_depeg_stablecoin,indonesia,USDC
780,0.9799634461486565,2929260475253.712,19,S1_depeg_stablecoin,indonesia,USDC
781,0.9968798681908437,2929260475253.712,19,S1_depeg_stablecoin,indonesia,USDC
782,1.0512171284400553,2929260475253.712,19,S1_depeg_stablecoin,indonesia,USDC
783,1.0257575198304139,2929260475253.712,19,S1_depeg_stablecoin,indonesia,USDC
784,1.0228355207744464,2929260475253.712,19,S1_depeg_stablecoin,indonesia,USDC
785,1.0203120813130704,2929260475253.712,19,S1_depeg_stablecoin,indonesia,USDC
786,0.9858771025249248,2929260475253.712,19,S1_depeg_stablecoin,indonesia,USDC
787,1.0025732288126912,2929260475253.712,19,S1_depeg_stablecoin,indonesia,USDC
788,1.0067290610231494,2929260475253.712,19,S1_depeg_stablecoin,indonesia,USDC
789,1.047206597249265,2929260475253.712,19,S1_depeg_stablecoin,indonesia,USDC
790,1.0420581021460813,2929260475253.712,19,S1_depeg_stablecoin,indonesia,USDC
791,1.0259538915018995,2929260475253.712,19,S1_depeg_stablecoin,indonesia,USDC
792,1.0099592502912906,2929260475253.712,19,S1_depeg_stablecoin,indonesia,USDC
793,1.010398723900237,2929260475253.712,19,S1_depeg_stablecoin,indonesia,USDC
794,0.9986927749066832,2929260475253.712,19,S1_depeg_stablecoin,indonesia,USDC
795,0.9831307596477827,2929260475253.712,19,S1_depeg_stablecoin,indonesia,USDC
796,0.9862244710537271,2929260475253.712,19,S1_depeg_stablecoin,indonesia,USDC
797,0.9799456145609087,2929260475253.712,19,S1_depeg_stablecoin,indonesia,USDC
798,1.001269133310102,2929260475253.712,19,S1_depeg_stablecoin,indonesia,USDC
799,1.010848390978831,2929260475253.712,19,S1_depeg_stablecoin,indonesia,USDC
800,1.0265424055979229,2929260475253.712,19,S1_depeg_stablecoin,indonesia,USDC
801,1.0054024018714738,2929260475253.712,19,S1_depeg_stablecoin,indonesia,USDC
802,1.0187064778882797,2929260475253.712,19,S1_depeg_stablecoin,indonesia,USDC
803,1.0132452760265527,2929260475253.712,19,S1_depeg_stablecoin,indonesia,USDC
804,1.0136954327595225,2929260475253.712,19,S1_depeg_stablecoin,indonesia,USDC
805,1.0154447900225252,2929260475253.712,19,S1_depeg_stablecoin,indonesia,USDC
806,0.9619744988172616,2929260475253.712,19,S1_depeg_stablecoin,indonesia,USDC
807,0.9867786622785497,2929260225392.291,19,S1_depeg_stablecoin,indonesia,USDC
808,0.9753063346539349,2929260225392.291,19,S1_depeg_stablecoin,indonesia,USDC
809,1.0358042798839464,2929260225392.291,19,S1_depeg_stablecoin,indonesia,USDC
810,1.0501296159795404,2929260225392.291,19,S1_depeg_stablecoin,indonesia,USDC
811,1.0426742967770568,2929260225392.291,19,S1_depeg_stablecoin,indonesia,USDC
812,1.0236800077643915,2929260225392.291,19,S1_depeg_stablecoin,indonesia,USDC
813,1.0006540907001087,2929260225392.291,19,S1_depeg_stablecoin,indonesia,USDC
814,1.0066794300593722,2929260225392.291,19,S1_depeg_stablecoin,indonesia,USDC
815,1.0424578968771894,2929260225392.291,19,S1_depeg_stablecoin,indonesia,USDC
816,1.0642972066182774,2929260225392.291,19,S1_depeg_stablecoin,indonesia,USDC
817,1.0596096243589725,2929260225392.291,19,S1_depeg_stablecoin,indonesia,USDC
818,1.0332497668603455,2929260225392.291,19,S1_depeg_stablecoin,indonesia,USDC
819,1.0316723879600604,2929260225392.291,19,S1_depeg_stablecoin,indonesia,USDC
820,1.0242261880794907,2929260225392.291,19,S1_depeg_stablecoin,indonesia,USDC
821,1.0243021150135279,2929260225392.291,19,S1_depeg_stablecoin,indonesia,USDC
822,0.9864481614472688,2929260225392.291,19,S1_depeg_stablecoin,indonesia,USDC
823,0.9693997838577131,2929260225392.291,19,S1_depeg_stablecoin,indonesia,USDC
824,0.965471608776536,2929260225392.291,19,S1_depeg_stablecoin,indonesia,USDC
825,0.9693157941698295,2929260073325.3564,19,S1_depeg_stablecoin,indonesia,USDC
826,1.0299157414455309,2929260065727.677,19,S1_depeg_stablecoin,indonesia,USDC
827,0.9855114031406431,2929260065727.677,19,S1_depeg_stablecoin,indonesia,USDC
828,0.9689079433157235,2929260065727.677,19,S1_depeg_stablecoin,indonesia,USDC
829,0.9922343294671415,2929260029235.311,19,S1_depeg_stablecoin,indonesia,USDC
830,0.9598031703123013,2929260029235.311,19,S1_depeg_stablecoin,indonesia,USDC
831,0.9760561055693632,2929259711017.034,19,S1_depeg_stablecoin,indonesia,USDC
832,0.9725812051593697,2929259711017.034,19,S1_depeg_stablecoin,indonesia,USDC
833,0.9567801021261358,2929259711017.034,19,S1_depeg_stablecoin,indonesia,USDC
834,0.9579054018716686,2929259345514.742,19,S1_depeg_stablecoin,indonesia,USDC
835,0.9556347845143828,2929258950339.529,19,S1_depeg_stablecoin,indonesia,USDC
836,0.9520559402628086,2929258510578.794,19,S1_depeg_stablecoin,indonesia,USDC
837,0.9567585690237044,2929258015987.6265,19,S1_depeg_stablecoin,indonesia,USDC
838,0.9461192074296643,2929257646822.617,19,S1_depeg_stablecoin,indonesia,USDC
839,0.9682482963728611,2929256991675.9644,19,S1_depeg_stablecoin,indonesia,USDC
840,0.9789068896096463,2929256954523.921,19,S1_depeg_stablecoin,indonesia,USDC
841,0.980193616374538,2929256954523.921,19,S1_depeg_stablecoin,indonesia,USDC
842,0.9359485813179896,2929256954523.921,19,S1_depeg_stablecoin,indonesia,USDC
843,0.9377648438766757,2929255957804.429,19,S1_depeg_stablecoin,indonesia,USDC
844,0.9707184954466125,2929255077334.5444,19,S1_depeg_stablecoin,indonesia,USDC
845,0.9488542958038447,2929255077334.5444,19,S1_depeg_stablecoin,indonesia,USDC
846,0.9285640192589859,2929254479471.2764,19,S1_depeg_stablecoin,indonesia,USDC
847,0.9638835433812151,2929253432255.711,19,S1_depeg_stablecoin,indonesia,USDC
848,0.9616533435635046,2929253317689.618,19,S1_depeg_stablecoin,indonesia,USDC
849,0.9713456622015162,2929253147573.2993,19,S1_depeg_stablecoin,indonesia,USDC
850,1.0008997086012343,2929253147573.2993,19,S1_depeg_stablecoin,indonesia,USDC
851,1.0152761520567115,2929253147573.2993,19,S1_depeg_stablecoin,indonesia,USDC
852,1.0482530217324513,2929253147573.2993,19,S1_depeg_stablecoin,indonesia,USDC
853,1.0199502017681679,2929253147573.2993,19,S1_depeg_stablecoin,indonesia,USDC
854,0.9830556932774226,2929253147573.2993,19,S1_depeg_stablecoin,indonesia,USDC
855,1.003497995176985,2929253147573.2993,19,S1_depeg_stablecoin,indonesia,USDC
856,1.0106667736779935,2929253147573.2993,19,S1_depeg_stablecoin,indonesia,USDC
857,1.0294125401124974,2929253147573.2993,19,S1_depeg_stablecoin,indonesia,USDC
858,1.0216954341371784,2929253147573.2993,19,S1_depeg_stablecoin,indonesia,USDC
859,1.0585252677553525,2929253147573.2993,19,S1_depeg_stablecoin,indonesia,USDC
860,1.0285378049064235,2929253147573.2993,19,S1_depeg_stablecoin,indonesia,USDC
861,1.035179576791878,2929253147573.2993,19,S1_depeg_stablecoin,indonesia,USDC
862,1.0061868281601667,2929253147573.2993,19,S1_depeg_stablecoin,indonesia,USDC
863,0.9960620118436284,2929253147573.2993,19,S1_depeg_stablecoin,indonesia,USDC
864,0.9815946713360721,2929253147573.2993,19,S1_depeg_stablecoin,indonesia,USDC
865,1.0086562695689123,2929253147573.2993,19,S1_depeg_stablecoin,indonesia,USDC
866,0.9848365662492703,2929253147573.2993,19,S1_depeg_stablecoin,indonesia,USDC
867,0.9869511175737227,2929253147573.2993,19,S1_depeg_stablecoin,indonesia,USDC
868,0.969630800962813,2929253147573.2993,19,S1_depeg_stablecoin,indonesia,USDC
869,0.968780703075507,2929253147573.2993,19,S1_depeg_stablecoin,indonesia,USDC
870,0.966432062414817,2929253126306.168,19,S1_depeg_stablecoin,indonesia,USDC
871,0.9607532362344082,2929253076682.7856,19,S1_depeg_stablecoin,indonesia,USDC
872,0.986226011677172,2929252834316.0283,19,S1_depeg_stablecoin,indonesia,USDC
873,0.9799820894020679,2929252834316.0283,19,S1_depeg_stablecoin,indonesia,USDC
874,0.9872093236362826,2929252834316.0283,19,S1_depeg_stablecoin,indonesia,USDC
875,0.9886900118634725,2929252834316.0283,19,S1_depeg_stablecoin,indonesia,USDC
876,0.9754594704249527,2929252834316.0283,19,S1_depeg_stablecoin,indonesia,USDC
877,0.9959958217884568,2929252834316.0283,19,S1_depeg_stablecoin,indonesia,USDC
878,0.9905600889708083,2929252834316.0283,19,S1_depeg_stablecoin,indonesia,USDC
879,0.9762303094628666,2929252834316.0283,19,S1_depeg_stablecoin,indonesia,USDC
880,1.0139549939207038,2929252834316.0283,19,S1_depeg_stablecoin,indonesia,USDC
881,1.0113970593620485,2929252834316.0283,19,S1_depeg_stablecoin,indonesia,USDC
882,1.0412150535624152,2929252834316.0283,19,S1_depeg_stablecoin,indonesia,USDC
883,1.0561036552431624,2929252834316.0283,19,S1_depeg_stablecoin,indonesia,USDC
884,1.0617585107127587,2929252834316.0283,19,S1_depeg_stablecoin,indonesia,USDC
885,1.0307985265322661,2929252834316.0283,19,S1_depeg_stablecoin,indonesia,USDC
886,1.0253348069092418,2929252834316.0283,19,S1_depeg_stablecoin,indonesia,USDC
887,1.026167152689341,2929252834316.0283,19,S1_depeg_stablecoin,indonesia,USDC
888,1.0504549610283653,2929252834316.0283,19,S1_depeg_stablecoin,indonesia,USDC
889,1.0653978514387,2929252834316.0283,19,S1_depeg_stablecoin,indonesia,USDC
890,1.0590348831199958,2929252834316.0283,19,S1_depeg_stablecoin,indonesia,USDC
891,1.0914866802435166,2929252834316.0283,19,S1_depeg_stablecoin,indonesia,USDC
892,1.111466748927107,2929252834316.0283,19,S1_depeg_stablecoin,indonesia,USDC
893,1.1244773791271128,2929252834316.0283,19,S1_depeg_stablecoin,indonesia,USDC
894,1.0767350821167965,2929252834316.0283,19,S1_depeg_stablecoin,indonesia,USDC
895,1.0581801942369156,2929252834316.0283,19,S1_depeg_stablecoin,indonesia,USDC
896,0.995541394279376,2929252834316.0283,19,S1_depeg_stablecoin,indonesia,USDC
897,0.9708282274775686,2929252834316.0283,19,S1_depeg_stablecoin,indonesia,USDC
898,0.9948852587895691,2929252834316.0283,19,S1_depeg_stablecoin,indonesia,USDC
899,0.9792354095470104,2929252834316.0283,19,S1_depeg_stablecoin,indonesia,USDC
900,0.9634401475084435,2929252834316.0283,19,S1_depeg_stablecoin,indonesia,USDC
901,0.9736439645604134,2929252679992.651,19,S1_depeg_stablecoin,indonesia,USDC
902,0.9609077857061351,2929252679992.651,19,S1_depeg_stablecoin,indonesia,USDC
903,0.9690892070346698,2929252445395.1284,19,S1_depeg_stablecoin,indonesia,USDC
904,0.9874848830769596,2929252429845.627,19,S1_depeg_stablecoin,indonesia,USDC
905,0.7949166463359297,2929252429845.627,19,S1_depeg_stablecoin,indonesia,USDC
906,0.8120037719163459,2929248045763.3076,19,S1_depeg_stablecoin,indonesia,USDC
907,0.8432866596994123,2929244921602.854,19,S1_depeg_stablecoin,indonesia,USDC
908,0.7938124070919216,2929242805142.4434,19,S1_depeg_stablecoin,indonesia,USDC
909,0.7971928919754784,2929240052781.2637,19,S1_depeg_stablecoin,indonesia,USDC
910,0.8192472436253864,2929237973204.0664,19,S1_depeg_stablecoin,indonesia,USDC
911,0.8145967484744149,2929236369136.657,19,S1_depeg_stablecoin,indonesia,USDC
912,0.8259555504988402,2929235028448.3354,19,S1_depeg_stablecoin,indonesia,USDC
913,0.8606508955917058,2929233955029.5117,19,S1_depeg_stablecoin,indonesia,USDC
914,0.9155522666225476,2929233289759.9766,19,S1_depeg_stablecoin,indonesia,USDC
915,0.8424716158284898,2929232989639.241,19,S1_depeg_stablecoin,indonesia,USDC
916,0.8790787086116623,2929232317095.2734,19,S1_depeg_stablecoin,indonesia,USDC
917,0.8784437483767669,2929231879823.3896,19,S1_depeg_stablecoin,indonesia,USDC
918,0.8996291481345623,2929231507261.38,19,S1_depeg_stablecoin,indonesia,USDC
919,0.9083870286162603,2929231240851.307,19,S1_depeg_stablecoin,indonesia,USDC
920,0.9112543403600956,2929231018540.6934,19,S1_depeg_stablecoin,indonesia,USDC
921,0.907334761151349,2929230814656.2905,19,S1_depeg_stablecoin,indonesia,USDC
922,0.9102224710354221,2929230615389.647,19,S1_depeg_stablecoin,indonesia,USDC
923,0.9304272987973252,2929230432768.7227,19,S1_depeg_stablecoin,indonesia,USDC
924,0.9596611995761685,2929230329296.3984,19,S1_depeg_stablecoin,indonesia,USDC
925,0.9679082519447013,2929230306327.497,19,S1_depeg_stablecoin,indonesia,USDC
926,0.9816095582298204,2929230302100.8096,19,S1_depeg_stablecoin,indonesia,USDC
927,0.9844377210562902,2929230302100.8096,19,S1_depeg_stablecoin,indonesia,USDC
928,0.853260829909287,2929230302100.8096,19,S1_depeg_stablecoin,indonesia,USDC
929,0.8575464073475425,2929230003210.532,19,S1_depeg_stablecoin,indonesia,USDC
930,0.8706449862706266,2929229736421.8623,19,S1_depeg_stablecoin,indonesia,USDC
931,0.88776370604723,2929229527404.9355,19,S1_depeg_stablecoin,indonesia,USDC
932,0.8925915971457465,2929229368411.27,19,S1_depeg_stablecoin,indonesia,USDC
933,0.9062587464147036,2929229237747.291,19,S1_depeg_stablecoin,indonesia,USDC
934,0.889411608562698,2929229136034.4775,19,S1_depeg_stablecoin,indonesia,USDC
935,0.8810811290988761,2929229021201.669,19,S1_depeg_stablecoin,indonesia,USDC
936,0.8998878121379738,2929228898426.816,19,S1_depeg_stablecoin,indonesia,USDC
937,0.9160432072384517,2929228808336.524,19,S1_depeg_stablecoin,indonesia,USDC
938,0.9403404178301802,2929228747381.9663,19,S1_depeg_stablecoin,indonesia,USDC
939,0.9623213097616731,2929228717257.987,19,S1_depeg_stablecoin,indonesia,USDC
940,0.9480018254331067,2929228708825.458,19,S1_depeg_stablecoin,indonesia,USDC
941,0.972709156477076,2929228685805.295,19,S1_depeg_stablecoin,indonesia,USDC
942,0.994659754788619,2929228685805.295,19,S1_depeg_stablecoin,indonesia,USDC
943,1.002638362138836,2929228685805.295,19,S1_depeg_stablecoin,indonesia,USDC
944,0.9854662631789639,2929228685805.295,19,S1_depeg_stablecoin,indonesia,USDC
945,0.9684956959391655,2929228685805.295,19,S1_depeg_stablecoin,indonesia,USDC
946,0.990256008263452,2929228685805.295,19,S1_depeg_stablecoin,indonesia,USDC
947,1.0147072625467957,2929228685805.295,19,S1_depeg_stablecoin,indonesia,USDC
948,1.0060841084943093,2929228685805.295,19,S1_depeg_stablecoin,indonesia,USDC
949,1.024659910581363,2929228685805.295,19,S1_depeg_stablecoin,indonesia,USDC
950,0.9961641362965318,2929228685805.295,19,S1_depeg_stablecoin,indonesia,USDC
951,0.9961429111208628,2929228685805.295,19,S1_depeg_stablecoin,indonesia,USDC
952,1.0129678756888887,2929228685805.295,19,S1_depeg_stablecoin,indonesia,USDC
953,0.9992206338892964,2929228685805.295,19,S1_depeg_stablecoin,indonesia,USDC
954,1.0279964618024453,2929228685805.295,19,S1_depeg_stablecoin,indonesia,USDC
955,1.0374512856808877,2929228685805.295,19,S1_depeg_stablecoin,indonesia,USDC
956,1.0531627673275217,2929228685805.295,19,S1_depeg_stablecoin,indonesia,USDC
957,1.0501588563050677,2929228685805.295,19,S1_depeg_stablecoin,indonesia,USDC
958,1.0422950237938107,2929228685805.295,19,S1_depeg_stablecoin,indonesia,USDC
959,1.050250668798135,2929228685805.295,19,S1_depeg_stablecoin,indonesia,USDC
960,1.0502804275543192,2929228685805.295,19,S1_depeg_stablecoin,indonesia,USDC
961,1.0485189634420666,2929228685805.295,19,S1_depeg_stablecoin,indonesia,USDC
962,1.0495273826973177,2929228685805.295,19,S1_depeg_stablecoin,indonesia,USDC
963,1.0431189644297048,2929228685805.295,19,S1_depeg_stablecoin,indonesia,USDC
964,1.063053824398645,2929228685805.295,19,S1_depeg_stablecoin,indonesia,USDC
965,1.0459440599159662,2929228685805.295,19,S1_depeg_stablecoin,indonesia,USDC
966,1.0695354354543258,2929228685805.295,19,S1_depeg_stablecoin,indonesia,USDC
967,1.0484960791076865,2929228685805.295,19,S1_depeg_stablecoin,indonesia,USDC
968,1.0112475918059989,2929228685805.295,19,S1_depeg_stablecoin,indonesia,USDC
969,1.008952605554892,2929228685805.295,19,S1_depeg_stablecoin,indonesia,USDC
970,1.018983818152003,2929228685805.295,19,S1_depeg_stablecoin,indonesia,USDC
971,0.994054006041909,2929228685805.295,19,S1_depeg_stablecoin,indonesia,USDC
972,0.9714705739848449,2929228685805.295,19,S1_depeg_stablecoin,indonesia,USDC
973,0.9934904664364546,2929228685805.295,19,S1_depeg_stablecoin,indonesia,USDC
974,1.0155269678504457,2929228685805.295,19,S1_depeg_stablecoin,indonesia,USDC
975,0.9448258035709344,2929228685805.295,19,S1_depeg_stablecoin,indonesia,USDC
976,0.9478374288742654,2929228660918.9155,19,S1_depeg_stablecoin,indonesia,USDC
977,0.9751490733845665,2929228638776.7207,19,S1_depeg_stablecoin,indonesia,USDC
978,0.9791288544086377,2929228638776.7207,19,S1_depeg_stablecoin,indonesia,USDC
979,1.0326780537485716,2929228638776.7207,19,S1_depeg_stablecoin,indonesia,USDC
980,1.0684503428445478,2929228638776.7207,19,S1_depeg_stablecoin,indonesia,USDC
981,1.0267760898856617,2929228638776.7207,19,S1_depeg_stablecoin,indonesia,USDC
982,1.043520616967089,2929228638776.7207,19,S1_depeg_stablecoin,indonesia,USDC
983,1.0089719512854074,2929228638776.7207,19,S1_depeg_stablecoin,indonesia,USDC
984,1.0243413424655259,2929228638776.7207,19,S1_depeg_stablecoin,indonesia,USDC
985,1.0678839631913983,2929228638776.7207,19,S1_depeg_stablecoin,indonesia,USDC
986,1.0626183710730404,2929228638776.7207,19,S1_depeg_stablecoin,indonesia,USDC
987,1.0225540859468945,2929228638776.7207,19,S1_depeg_stablecoin,indonesia,USDC
988,1.0169414136270576,2929228638776.7207,19,S1_depeg_stablecoin,indonesia,USDC
989,1.0311867179148275,2929228638776.7207,19,S1_depeg_stablecoin,indonesia,USDC
990,0.9857879674428666,2929228638776.7207,19,S1_depeg_stablecoin,indonesia,USDC
991,0.9933155995208005,2929228638776.7207,19,S1_depeg_stablecoin,indonesia,USDC
992,1.0047181781312249,2929228638776.7207,19,S1_depeg_stablecoin,indonesia,USDC
993,1.0285589476574688,2929228638776.7207,19,S1_depeg_stablecoin,indonesia,USDC
994,1.050999894337425,2929228638776.7207,19,S1_depeg_stablecoin,indonesia,USDC
995,1.0258723308835318,2929228638776.7207,19,S1_depeg_stablecoin,indonesia,USDC
996,1.0365621887480316,2929228638776.7207,19,S1_depeg_stablecoin,indonesia,USDC
997,1.0313280452128883,2929228638776.7207,19,S1_depeg_stablecoin,indonesia,USDC
998,1.0105269829982038,2929228638776.7207,19,S1_depeg_stablecoin,indonesia,USDC
999,1.0546347847529132,2929228638776.7207,19,S1_depeg_stablecoin,indonesia,USDC
1000,1.051579718791261,2929228638776.7207,19,S1_depeg_stablecoin,indonesia,USDC
