Step,price,liquidity,iteration,scenario,region,coin
1,0.9963336953137584,2989410082409.6396,17,S1_depeg_stablecoin,indonesia,USDC
2,1.0159197069475863,2989410082409.6396,17,S1_depeg_stablecoin,indonesia,USDC
3,1.0153272270628397,2989410082409.6396,17,S1_depeg_stablecoin,indonesia,USDC
4,1.0282665206131176,2989410082409.6396,17,S1_depeg_stablecoin,indonesia,USDC
5,1.0141022662403696,2989410082409.6396,17,S1_depeg_stablecoin,indonesia,USDC
6,1.0237327550748254,2989410082409.6396,17,S1_depeg_stablecoin,indonesia,USDC
7,1.0286558740784169,2989410082409.6396,17,S1_depeg_stablecoin,indonesia,USDC
8,1.0383178649295515,2989410082409.6396,17,S1_depeg_stablecoin,indonesia,USDC
9,1.057787333836344,2989410082409.6396,17,S1_depeg_stablecoin,indonesia,USDC
10,1.0482257423768733,2989410082409.6396,17,S1_depeg_stablecoin,indonesia,USDC
11,1.0816418014779685,2989410082409.6396,17,S1_depeg_stablecoin,indonesia,USDC
12,1.0477580676320282,2989410082409.6396,17,S1_depeg_stablecoin,indonesia,USDC
13,1.0421314560361787,2989410082409.6396,17,S1_depeg_stablecoin,indonesia,USDC
14,1.0206396332272738,2989410082409.6396,17,S1_depeg_stablecoin,indonesia,USDC
15,1.031701972899732,2989410082409.6396,17,S1_depeg_stablecoin,indonesia,USDC
16,1.027863693023252,2989410082409.6396,17,S1_depeg_stablecoin,indonesia,USDC
17,1.0638279003405897,2989410082409.6396,17,S1_depeg_stablecoin,indonesia,USDC
18,1.075044380440253,2989410082409.6396,17,S1_depeg_stablecoin,indonesia,USDC
19,1.1064947068092184,2989410082409.6396,17,S1_depeg_stablecoin,indonesia,USDC
20,1.1021978327903832,2989410082409.6396,17,S1_depeg_stablecoin,indonesia,USDC
21,1.1151175793732597,2989410082409.6396,17,S1_depeg_stablecoin,indonesia,USDC
22,1.1138193731268597,2989410082409.6396,17,S1_depeg_stablecoin,indonesia,USDC
23,1.101821618822268,2989410082409.6396,17,S1_depeg_stablecoin,indonesia,USDC
24,1.071398081006721,2989410082409.6396,17,S1_depeg_stablecoin,indonesia,USDC
25,1.049110660869523,2989410082409.6396,17,S1_depeg_stablecoin,indonesia,USDC
26,1.089534311605644,2989410082409.6396,17,S1_depeg_stablecoin,indonesia,USDC
27,1.0878349911139258,2989410082409.6396,17,S1_depeg_stablecoin,indonesia,USDC
28,1.0903363616469015,2989410082409.6396,17,S1_depeg_stablecoin,indonesia,USDC
29,1.0541270476335485,2989410082409.6396,17,S1_depeg_stablecoin,indonesia,USDC
30,1.0275795962392802,2989410082409.6396,17,S1_depeg_stablecoin,indonesia,USDC
31,1.0200822148018518,2989410082409.6396,17,S1_depeg_stablecoin,indonesia,USDC
32,1.0059123279534612,2989410082409.6396,17,S1_depeg_stablecoin,indonesia,USDC
33,0.9850492463867125,2989410082409.6396,17,S1_depeg_stablecoin,indonesia,USDC
34,0.9692892541463604,2989410082409.6396,17,S1_depeg_stablecoin,indonesia,USDC
35,0.9671914503360592,2989410082409.6396,17,S1_depeg_stablecoin,indonesia,USDC
36,0.9820048705660356,2989236357688.159,17,S1_depeg_stablecoin,indonesia,USDC
37,0.967516570301165,2989236357688.159,17,S1_depeg_stablecoin,indonesia,USDC
38,0.994909307726749,2989083188256.409,17,S1_depeg_stablecoin,indonesia,USDC
39,1.0267031952123946,2989083188256.409,17,S1_depeg_stablecoin,indonesia,USDC
40,1.0177293930105908,2989083188256.409,17,S1_depeg_stablecoin,indonesia,USDC
41,1.0433328258125782,2989083188256.409,17,S1_depeg_stablecoin,indonesia,USDC
42,1.059449245379174,2989083188256.409,17,S1_depeg_stablecoin,indonesia,USDC
43,1.0432808880133628,2989083188256.409,17,S1_depeg_stablecoin,indonesia,USDC
44,1.0448088291167283,2989083188256.409,17,S1_depeg_stablecoin,indonesia,USDC
45,0.9969439958832348,2989083188256.409,17,S1_depeg_stablecoin,indonesia,USDC
46,1.0099992647678566,2989083188256.409,17,S1_depeg_stablecoin,indonesia,USDC
47,1.0008063229974233,2989083188256.409,17,S1_depeg_stablecoin,indonesia,USDC
48,0.9979656038802058,2989083188256.409,17,S1_depeg_stablecoin,indonesia,USDC
49,1.031521836295849,2989083188256.409,17,S1_depeg_stablecoin,indonesia,USDC
50,1.0238399374363374,2989083188256.409,17,S1_depeg_stablecoin,indonesia,USDC
51,1.0185424652793906,2989083188256.409,17,S1_depeg_stablecoin,indonesia,USDC
52,1.0232961667025235,2989083188256.409,17,S1_depeg_stablecoin,indonesia,USDC
53,1.0352786187848255,2989083188256.409,17,S1_depeg_stablecoin,indonesia,USDC
54,1.0540021255136218,2989083188256.409,17,S1_depeg_stablecoin,indonesia,USDC
55,1.0360618518714269,2989083188256.409,17,S1_depeg_stablecoin,indonesia,USDC
56,1.009911688371024,2989083188256.409,17,S1_depeg_stablecoin,indonesia,USDC
57,1.0234265423612863,2989083188256.409,17,S1_depeg_stablecoin,indonesia,USDC
58,1.023558453732174,2989083188256.409,17,S1_depeg_stablecoin,indonesia,USDC
59,1.0748242777130643,2989083188256.409,17,S1_depeg_stablecoin,indonesia,USDC
60,1.0329066363182582,2989083188256.409,17,S1_depeg_stablecoin,indonesia,USDC
61,1.0634720380972145,2989083188256.409,17,S1_depeg_stablecoin,indonesia,USDC
62,1.0576174574777775,2989083188256.409,17,S1_depeg_stablecoin,indonesia,USDC
63,1.0837789826996607,2989083188256.409,17,S1_depeg_stablecoin,indonesia,USDC
64,1.0675476728534599,2989083188256.409,17,S1_depeg_stablecoin,indonesia,USDC
65,1.0395103934295025,2989083188256.409,17,S1_depeg_stablecoin,indonesia,USDC
66,1.0201093038397053,2989083188256.409,17,S1_depeg_stablecoin,indonesia,USDC
67,1.0491162184696718,2989083188256.409,17,S1_depeg_stablecoin,indonesia,USDC
68,1.0876345614499359,2989083188256.409,17,S1_depeg_stablecoin,indonesia,USDC
69,1.0557391954579893,2989083188256.409,17,S1_depeg_stablecoin,indonesia,USDC
70,1.0455021906958057,2989083188256.409,17,S1_depeg_stablecoin,indonesia,USDC
71,1.0473657983216285,2989083188256.409,17,S1_depeg_stablecoin,indonesia,USDC
72,1.0287073031875669,2989083188256.409,17,S1_depeg_stablecoin,indonesia,USDC
73,1.0318051876444783,2989083188256.409,17,S1_depeg_stablecoin,indonesia,USDC
74,0.9907254507859994,2989083188256.409,17,S1_depeg_stablecoin,indonesia,USDC
75,0.9729806405377874,2989083188256.409,17,S1_depeg_stablecoin,indonesia,USDC
76,0.9879434071483271,2989083188256.409,17,S1_depeg_stablecoin,indonesia,USDC
77,0.9791213916319458,2989083188256.409,17,S1_depeg_stablecoin,indonesia,USDC
78,0.9571425082641738,2989083188256.409,17,S1_depeg_stablecoin,indonesia,USDC
79,0.9563283740460703,2988292212519.011,17,S1_depeg_stablecoin,indonesia,USDC
80,0.9846350983527847,2987545245538.197,17,S1_depeg_stablecoin,indonesia,USDC
81,0.9731309191389608,2987545245538.197,17,S1_depeg_stablecoin,indonesia,USDC
82,0.9557235625385628,2987545245538.197,17,S1_depeg_stablecoin,indonesia,USDC
83,0.9578094628939552,2986816873113.125,17,S1_depeg_stablecoin,indonesia,USDC
84,0.9907438834902709,2986095409595.3833,17,S1_depeg_stablecoin,indonesia,USDC
85,1.0122191300740244,2986095409595.3833,17,S1_depeg_stablecoin,indonesia,USDC
86,1.0080926593802353,2986095409595.3833,17,S1_depeg_stablecoin,indonesia,USDC
87,0.9616967512237679,2986095409595.3833,17,S1_depeg_stablecoin,indonesia,USDC
88,0.9734388776961844,2985647513352.873,17,S1_depeg_stablecoin,indonesia,USDC
89,0.9469840149426382,2985647513352.873,17,S1_depeg_stablecoin,indonesia,USDC
90,0.9470476604078669,2984313121734.0547,17,S1_depeg_stablecoin,indonesia,USDC
91,1.0075064203725024,2983013994720.4316,17,S1_depeg_stablecoin,indonesia,USDC
92,1.0171422161650396,2983013994720.4316,17,S1_depeg_stablecoin,indonesia,USDC
93,1.0117034217682617,2983013994720.4316,17,S1_depeg_stablecoin,indonesia,USDC
94,0.9865802634416111,2983013994720.4316,17,S1_depeg_stablecoin,indonesia,USDC
95,0.9802688061288801,2983013994720.4316,17,S1_depeg_stablecoin,indonesia,USDC
96,0.9944177239997193,2983013994720.4316,17,S1_depeg_stablecoin,indonesia,USDC
97,1.0049103387051217,2983013994720.4316,17,S1_depeg_stablecoin,indonesia,USDC
98,0.9995876160205628,2983013994720.4316,17,S1_depeg_stablecoin,indonesia,USDC
99,1.0212697690412824,2983013994720.4316,17,S1_depeg_stablecoin,indonesia,USDC
100,1.0347392003200448,2983013994720.4316,17,S1_depeg_stablecoin,indonesia,USDC
101,0.8916600193705203,2983013994720.4316,17,S1_depeg_stablecoin,indonesia,USDC
102,0.9062283813040959,2978984142028.6577,17,S1_depeg_stablecoin,indonesia,USDC
103,0.9145972659465339,2975964568795.2124,17,S1_depeg_stablecoin,indonesia,USDC
104,0.9350187506295218,2973442323423.6484,17,S1_depeg_stablecoin,indonesia,USDC
105,0.9412440036049525,2971854382389.368,17,S1_depeg_stablecoin,indonesia,USDC
106,0.9601530983556005,2970639024184.313,17,S1_depeg_stablecoin,indonesia,USDC
107,0.9718551312242908,2970277121738.2544,17,S1_depeg_stablecoin,indonesia,USDC
108,0.9638599663546772,2970277121738.2544,17,S1_depeg_stablecoin,indonesia,USDC
109,0.9638902441282907,2970069382910.6943,17,S1_depeg_stablecoin,indonesia,USDC
110,0.9562834470710996,2969813281467.4204,17,S1_depeg_stablecoin,indonesia,USDC
111,0.9657214682935198,2969332994674.7734,17,S1_depeg_stablecoin,indonesia,USDC
112,0.9818800482722492,2969203837163.036,17,S1_depeg_stablecoin,indonesia,USDC
113,0.9754917360863711,2969203837163.036,17,S1_depeg_stablecoin,indonesia,USDC
114,0.9934134814824798,2969203837163.036,17,S1_depeg_stablecoin,indonesia,USDC
115,0.9765691655899008,2969203837163.036,17,S1_depeg_stablecoin,indonesia,USDC
116,0.972842506693205,2969203837163.036,17,S1_depeg_stablecoin,indonesia,USDC
117,0.9865633458411319,2969203837163.036,17,S1_depeg_stablecoin,indonesia,USDC
118,0.9968658563436986,2969203837163.036,17,S1_depeg_stablecoin,indonesia,USDC
119,1.0340515364118943,2969203837163.036,17,S1_depeg_stablecoin,indonesia,USDC
120,1.0604905236958861,2969203837163.036,17,S1_depeg_stablecoin,indonesia,USDC
121,1.0685938844085392,2969203837163.036,17,S1_depeg_stablecoin,indonesia,USDC
122,1.0124045978058207,2969203837163.036,17,S1_depeg_stablecoin,indonesia,USDC
123,0.9869734265437426,2969203837163.036,17,S1_depeg_stablecoin,indonesia,USDC
124,1.0256128984930712,2969203837163.036,17,S1_depeg_stablecoin,indonesia,USDC
125,1.0386238430211199,2969203837163.036,17,S1_depeg_stablecoin,indonesia,USDC
126,1.0281165329007549,2969203837163.036,17,S1_depeg_stablecoin,indonesia,USDC
127,1.060950330229135,2969203837163.036,17,S1_depeg_stablecoin,indonesia,USDC
128,1.050894516645037,2969203837163.036,17,S1_depeg_stablecoin,indonesia,USDC
129,1.074262356912312,2969203837163.036,17,S1_depeg_stablecoin,indonesia,USDC
130,1.0759277743604654,2969203837163.036,17,S1_depeg_stablecoin,indonesia,USDC
131,1.0495923282201685,2969203837163.036,17,S1_depeg_stablecoin,indonesia,USDC
132,1.042437069462684,2969203837163.036,17,S1_depeg_stablecoin,indonesia,USDC
133,1.0433411150861187,2969203837163.036,17,S1_depeg_stablecoin,indonesia,USDC
134,1.0492570553872498,2969203837163.036,17,S1_depeg_stablecoin,indonesia,USDC
135,1.1149507583750655,2969203837163.036,17,S1_depeg_stablecoin,indonesia,USDC
136,1.1175456822921672,2969203837163.036,17,S1_depeg_stablecoin,indonesia,USDC
137,1.0916700131479384,2969203837163.036,17,S1_depeg_stablecoin,indonesia,USDC
138,1.0819902451709504,2969203837163.036,17,S1_depeg_stablecoin,indonesia,USDC
139,1.0662719042406892,2969203837163.036,17,S1_depeg_stablecoin,indonesia,USDC
140,1.0834258540270945,2969203837163.036,17,S1_depeg_stablecoin,indonesia,USDC
141,1.0772233029403446,2969203837163.036,17,S1_depeg_stablecoin,indonesia,USDC
142,1.0627233242365008,2969203837163.036,17,S1_depeg_stablecoin,indonesia,USDC
143,1.0322083340775128,2969203837163.036,17,S1_depeg_stablecoin,indonesia,USDC
144,0.9911838454679215,2969203837163.036,17,S1_depeg_stablecoin,indonesia,USDC
145,1.0295647645710173,2969203837163.036,17,S1_depeg_stablecoin,indonesia,USDC
146,1.0134772180453258,2969203837163.036,17,S1_depeg_stablecoin,indonesia,USDC
147,1.005276702654397,2969203837163.036,17,S1_depeg_stablecoin,indonesia,USDC
148,0.979772183201732,2969203837163.036,17,S1_depeg_stablecoin,indonesia,USDC
149,0.9553232397358246,2969203837163.036,17,S1_depeg_stablecoin,indonesia,USDC
150,0.9767820732305649,2968632359567.3516,17,S1_depeg_stablecoin,indonesia,USDC
151,0.9829025216900282,2968632359567.3516,17,S1_depeg_stablecoin,indonesia,USDC
152,0.9975631377475386,2968632359567.3516,17,S1_depeg_stablecoin,indonesia,USDC
153,0.9931269675346386,2968632359567.3516,17,S1_depeg_stablecoin,indonesia,USDC
154,0.9886892750855032,2968632359567.3516,17,S1_depeg_stablecoin,indonesia,USDC
155,0.9872469854616851,2968632359567.3516,17,S1_depeg_stablecoin,indonesia,USDC
156,0.9798931117096015,2968632359567.3516,17,S1_depeg_stablecoin,indonesia,USDC
157,0.9895994618601665,2968632359567.3516,17,S1_depeg_stablecoin,indonesia,USDC
158,1.0231228293887789,2968632359567.3516,17,S1_depeg_stablecoin,indonesia,USDC
159,1.0119369001777887,2968632359567.3516,17,S1_depeg_stablecoin,indonesia,USDC
160,1.0101006222299818,2968632359567.3516,17,S1_depeg_stablecoin,indonesia,USDC
161,1.0272642748939564,2968632359567.3516,17,S1_depeg_stablecoin,indonesia,USDC
162,1.0380653911276563,2968632359567.3516,17,S1_depeg_stablecoin,indonesia,USDC
163,1.006417186496873,2968632359567.3516,17,S1_depeg_stablecoin,indonesia,USDC
164,1.0103103892820229,2968632359567.3516,17,S1_depeg_stablecoin,indonesia,USDC
165,1.0077035734349389,2968632359567.3516,17,S1_depeg_stablecoin,indonesia,USDC
166,1.0027119102825712,2968632359567.3516,17,S1_depeg_stablecoin,indonesia,USDC
167,0.9647880247707068,2968632359567.3516,17,S1_depeg_stablecoin,indonesia,USDC
168,0.9383522328020996,2968421611591.0806,17,S1_depeg_stablecoin,indonesia,USDC
169,0.9046009847057521,2967231817802.7188,17,S1_depeg_stablecoin,indonesia,USDC
170,0.8986441432658041,2964681813419.804,17,S1_depeg_stablecoin,indonesia,USDC
171,0.9271331909201276,2962209618753.87,17,S1_depeg_stablecoin,indonesia,USDC
172,0.9284379231642594,2960801275157.4785,17,S1_depeg_stablecoin,indonesia,USDC
173,0.9668091153981794,2959572035757.909,17,S1_depeg_stablecoin,indonesia,USDC
174,1.0160029718131178,2959490098617.839,17,S1_depeg_stablecoin,indonesia,USDC
175,0.9964392168681253,2959490098617.839,17,S1_depeg_stablecoin,indonesia,USDC
176,0.9847839404483372,2959490098617.839,17,S1_depeg_stablecoin,indonesia,USDC
177,0.9763364799722747,2959490098617.839,17,S1_depeg_stablecoin,indonesia,USDC
178,0.957826760406817,2959490098617.839,17,S1_depeg_stablecoin,indonesia,USDC
179,0.9653678909444088,2959112602489.726,17,S1_depeg_stablecoin,indonesia,USDC
180,0.984401019995579,2958988540764.969,17,S1_depeg_stablecoin,indonesia,USDC
181,1.0180594282629916,2958988540764.969,17,S1_depeg_stablecoin,indonesia,USDC
182,1.0125223565911667,2958988540764.969,17,S1_depeg_stablecoin,indonesia,USDC
183,1.0031782860329683,2958988540764.969,17,S1_depeg_stablecoin,indonesia,USDC
184,1.0303084535731604,2958988540764.969,17,S1_depeg_stablecoin,indonesia,USDC
185,1.0250746827261565,2958988540764.969,17,S1_depeg_stablecoin,indonesia,USDC
186,1.0195284920449565,2958988540764.969,17,S1_depeg_stablecoin,indonesia,USDC
187,0.9978804428023766,2958988540764.969,17,S1_depeg_stablecoin,indonesia,USDC
188,0.9878345351214464,2958988540764.969,17,S1_depeg_stablecoin,indonesia,USDC
189,0.978888686613605,2958988540764.969,17,S1_depeg_stablecoin,indonesia,USDC
190,0.9674217408184935,2958988540764.969,17,S1_depeg_stablecoin,indonesia,USDC
191,0.9644940624619169,2958909921247.6196,17,S1_depeg_stablecoin,indonesia,USDC
192,0.9448504172067537,2958742473546.5625,17,S1_depeg_stablecoin,indonesia,USDC
193,0.9527161312440883,2957981960763.6533,17,S1_depeg_stablecoin,indonesia,USDC
194,0.9653735969314099,2957496232559.7935,17,S1_depeg_stablecoin,indonesia,USDC
195,0.9854246535349077,2957412406030.461,17,S1_depeg_stablecoin,indonesia,USDC
196,0.9994939149059644,2957412406030.461,17,S1_depeg_stablecoin,indonesia,USDC
197,0.9935207616365589,2957412406030.461,17,S1_depeg_stablecoin,indonesia,USDC
198,1.0069075435673103,2957412406030.461,17,S1_depeg_stablecoin,indonesia,USDC
199,1.0115759396121713,2957412406030.461,17,S1_depeg_stablecoin,indonesia,USDC
200,1.0078535525310923,2957412406030.461,17,S1_depeg_stablecoin,indonesia,USDC
201,1.0043542073756513,2957412406030.461,17,S1_depeg_stablecoin,indonesia,USDC
202,1.008732012437507,2957412406030.461,17,S1_depeg_stablecoin,indonesia,USDC
203,0.9921391579325268,2957412406030.461,17,S1_depeg_stablecoin,indonesia,USDC
204,0.9918651973681313,2957412406030.461,17,S1_depeg_stablecoin,indonesia,USDC
205,0.9962062888140747,2957412406030.461,17,S1_depeg_stablecoin,indonesia,USDC
206,0.9782533658917221,2957412406030.461,17,S1_depeg_stablecoin,indonesia,USDC
207,0.9709744856343302,2957412406030.461,17,S1_depeg_stablecoin,indonesia,USDC
208,0.9737284499461003,2957412406030.461,17,S1_depeg_stablecoin,indonesia,USDC
209,0.9655215368983816,2957412406030.461,17,S1_depeg_stablecoin,indonesia,USDC
210,0.9973316475203564,2957332886938.699,17,S1_depeg_stablecoin,indonesia,USDC
211,0.9866716693876909,2957332886938.699,17,S1_depeg_stablecoin,indonesia,USDC
212,0.9681126549660602,2957332886938.699,17,S1_depeg_stablecoin,indonesia,USDC
213,0.9484125399055785,2957309095190.543,17,S1_depeg_stablecoin,indonesia,USDC
214,0.9515164716731186,2956688199494.5825,17,S1_depeg_stablecoin,indonesia,USDC
215,0.9476312467830741,2956190859382.723,17,S1_depeg_stablecoin,indonesia,USDC
216,0.9491597055154188,2955645571964.1094,17,S1_depeg_stablecoin,indonesia,USDC
217,0.9451549056647442,2955104586239.291,17,S1_depeg_stablecoin,indonesia,USDC
218,0.9337285386032451,2954446460083.059,17,S1_depeg_stablecoin,indonesia,USDC
219,0.9239499847665001,2953538992762.8647,17,S1_depeg_stablecoin,indonesia,USDC
220,0.9147021911298178,2952456858691.69,17,S1_depeg_stablecoin,indonesia,USDC
221,0.953463104451737,2951244338842.2056,17,S1_depeg_stablecoin,indonesia,USDC
222,0.9431723792374768,2950924477097.411,17,S1_depeg_stablecoin,indonesia,USDC
223,0.9158207279789911,2950371222648.474,17,S1_depeg_stablecoin,indonesia,USDC
224,0.9278273880225456,2949291393120.0527,17,S1_depeg_stablecoin,indonesia,USDC
225,0.9068372618110678,2948500978175.704,17,S1_depeg_stablecoin,indonesia,USDC
226,0.9188076920147891,2947257851112.7515,17,S1_depeg_stablecoin,indonesia,USDC
227,0.9277573091424135,2946315924852.6504,17,S1_depeg_stablecoin,indonesia,USDC
228,0.9273643978156056,2945579689516.56,17,S1_depeg_stablecoin,indonesia,USDC
229,0.9146418096062788,2944929507579.835,17,S1_depeg_stablecoin,indonesia,USDC
230,0.9119555338518804,2944112093362.3613,17,S1_depeg_stablecoin,indonesia,USDC
231,0.9146864836617438,2943254314819.2393,17,S1_depeg_stablecoin,indonesia,USDC
232,0.9198510177001077,2942464857937.199,17,S1_depeg_stablecoin,indonesia,USDC
233,0.944871783521566,2941789926280.642,17,S1_depeg_stablecoin,indonesia,USDC
234,0.9412101322158881,2941492772322.7437,17,S1_depeg_stablecoin,indonesia,USDC
235,0.9471734767022151,2941134154750.502,17,S1_depeg_stablecoin,indonesia,USDC
236,0.9662269356516549,2940858258038.715,17,S1_depeg_stablecoin,indonesia,USDC
237,0.9905963989851867,2940813727416.736,17,S1_depeg_stablecoin,indonesia,USDC
238,0.9663530062101444,2940813727416.736,17,S1_depeg_stablecoin,indonesia,USDC
239,0.9505040243883036,2940777455439.0034,17,S1_depeg_stablecoin,indonesia,USDC
240,0.925523847269293,2940548983245.86,17,S1_depeg_stablecoin,indonesia,USDC
241,0.923688811972224,2940038245663.547,17,S1_depeg_stablecoin,indonesia,USDC
242,0.9227944868128618,2939530820027.6274,17,S1_depeg_stablecoin,indonesia,USDC
243,0.9454410086133185,2939038289498.669,17,S1_depeg_stablecoin,indonesia,USDC
244,0.9477456895562015,2938794517277.052,17,S1_depeg_stablecoin,indonesia,USDC
245,0.9423524362105364,2938587663039.476,17,S1_depeg_stablecoin,indonesia,USDC
246,0.9560304890136534,2938344193667.021,17,S1_depeg_stablecoin,indonesia,USDC
247,0.9552891835154851,2938222316171.924,17,S1_depeg_stablecoin,indonesia,USDC
248,0.9563468669915509,2938108981073.607,17,S1_depeg_stablecoin,indonesia,USDC
249,0.9627297369637453,2937999543174.989,17,S1_depeg_stablecoin,indonesia,USDC
250,0.9699085000721511,2937951665787.3594,17,S1_depeg_stablecoin,indonesia,USDC
251,0.9682732215674175,2937951395697.12,17,S1_depeg_stablecoin,indonesia,USDC
252,0.9483479282959629,2937940796870.7056,17,S1_depeg_stablecoin,indonesia,USDC
253,0.9732337580669395,2937765480399.268,17,S1_depeg_stablecoin,indonesia,USDC
254,0.9591570416317882,2937765480399.268,17,S1_depeg_stablecoin,indonesia,USDC
255,0.9476779944674729,2937672081190.452,17,S1_depeg_stablecoin,indonesia,USDC
256,0.9509067089464434,2937504235659.319,17,S1_depeg_stablecoin,indonesia,USDC
257,0.9488179469552068,2937351761531.989,17,S1_depeg_stablecoin,indonesia,USDC
258,0.9441986020862603,2937185254895.7725,17,S1_depeg_stablecoin,indonesia,USDC
259,0.9301733955302026,2936978440133.749,17,S1_depeg_stablecoin,indonesia,USDC
260,0.9301944476774308,2936685927134.8633,17,S1_depeg_stablecoin,indonesia,USDC
261,0.8025425213925714,2936387350827.7495,17,S1_depeg_stablecoin,indonesia,USDC
262,0.8088681436885371,2935230038012.634,17,S1_depeg_stablecoin,indonesia,USDC
263,0.8438335919748733,2934282248206.8096,17,S1_depeg_stablecoin,indonesia,USDC
264,0.8544341074176256,2933661627236.366,17,S1_depeg_stablecoin,indonesia,USDC
265,0.879881996675614,2933186998806.596,17,S1_depeg_stablecoin,indonesia,USDC
266,0.8887315255941478,2932843822409.4307,17,S1_depeg_stablecoin,indonesia,USDC
267,0.920288290667014,2932569267699.9487,17,S1_depeg_stablecoin,indonesia,USDC
268,0.9277673725093195,2932416034556.4663,17,S1_depeg_stablecoin,indonesia,USDC
269,0.9324581299801913,2932288862842.9385,17,S1_depeg_stablecoin,indonesia,USDC
270,0.906206398627406,2932187468110.8247,17,S1_depeg_stablecoin,indonesia,USDC
271,0.9235192658620398,2932018236785.14,17,S1_depeg_stablecoin,indonesia,USDC
272,0.9372426342820205,2931900086825.5625,17,S1_depeg_stablecoin,indonesia,USDC
273,0.921289681347047,2931821372720.2593,17,S1_depeg_stablecoin,indonesia,USDC
274,0.955929308652954,2931703539451.785,17,S1_depeg_stablecoin,indonesia,USDC
275,0.9632151545333191,2931675480880.3555,17,S1_depeg_stablecoin,indonesia,USDC
276,0.9551048737554091,2931663930610.3447,17,S1_depeg_stablecoin,indonesia,USDC
277,0.961500041272403,2931632807461.8804,17,S1_depeg_stablecoin,indonesia,USDC
278,0.950437150319289,2931617741142.2227,17,S1_depeg_stablecoin,indonesia,USDC
279,0.824410519080413,2931575100141.747,17,S1_depeg_stablecoin,indonesia,USDC
280,0.8285841850456139,2931256628909.6826,17,S1_depeg_stablecoin,indonesia,USDC
281,0.865349479630409,2930992865994.086,17,S1_depeg_stablecoin,indonesia,USDC
282,0.8761093195178409,2930829398887.1836,17,S1_depeg_stablecoin,indonesia,USDC
283,0.8783825368897411,2930698062935.3296,17,S1_depeg_stablecoin,indonesia,USDC
284,0.8924083178887637,2930576411895.846,17,S1_depeg_stablecoin,indonesia,USDC
285,0.895201344338681,2930483115538.3916,17,S1_depeg_stablecoin,indonesia,USDC
286,0.9395974257258366,2930400371790.4424,17,S1_depeg_stablecoin,indonesia,USDC
287,0.9638994997244161,2930372416589.3506,17,S1_depeg_stablecoin,indonesia,USDC
288,0.9753014183069171,2930366364300.7646,17,S1_depeg_stablecoin,indonesia,USDC
289,0.9976296954605673,2930366364300.7646,17,S1_depeg_stablecoin,indonesia,USDC
290,1.0077828392081472,2930366364300.7646,17,S1_depeg_stablecoin,indonesia,USDC
291,1.0145609734719228,2930366364300.7646,17,S1_depeg_stablecoin,indonesia,USDC
292,0.99524585007578,2930366364300.7646,17,S1_depeg_stablecoin,indonesia,USDC
293,0.9769144149208026,2930366364300.7646,17,S1_depeg_stablecoin,indonesia,USDC
294,0.946447526322789,2930366364300.7646,17,S1_depeg_stablecoin,indonesia,USDC
295,0.9554212674621335,2930343144915.127,17,S1_depeg_stablecoin,indonesia,USDC
296,0.989276532636432,2930329836579.134,17,S1_depeg_stablecoin,indonesia,USDC
297,0.9959090210583389,2930329836579.134,17,S1_depeg_stablecoin,indonesia,USDC
298,1.004056167229825,2930329836579.134,17,S1_depeg_stablecoin,indonesia,USDC
299,1.0017727628185615,2930329836579.134,17,S1_depeg_stablecoin,indonesia,USDC
300,0.980330399797805,2930329836579.134,17,S1_depeg_stablecoin,indonesia,USDC
301,0.9952437865670114,2930329836579.134,17,S1_depeg_stablecoin,indonesia,USDC
302,0.93782202742166,2930329836579.134,17,S1_depeg_stablecoin,indonesia,USDC
303,0.9466112071575629,2930302273278.1357,17,S1_depeg_stablecoin,indonesia,USDC
304,0.9276662084793287,2930283215940.2734,17,S1_depeg_stablecoin,indonesia,USDC
305,0.9543022285372549,2930248365218.7095,17,S1_depeg_stablecoin,indonesia,USDC
306,0.9398747072939162,2930236112655.2686,17,S1_depeg_stablecoin,indonesia,USDC
307,0.9471316341292964,2930212170310.2397,17,S1_depeg_stablecoin,indonesia,USDC
308,0.9195133843183788,2930195446407.413,17,S1_depeg_stablecoin,indonesia,USDC
309,0.9300868335025017,2930154569736.974,17,S1_depeg_stablecoin,indonesia,USDC
310,0.9196719339275823,2930124823092.425,17,S1_depeg_stablecoin,indonesia,USDC
311,0.9247210252198206,2930088728451.54,17,S1_depeg_stablecoin,indonesia,USDC
312,0.9096561416790989,2930057049691.7295,17,S1_depeg_stablecoin,indonesia,USDC
313,0.8923056701545489,2930017807085.281,17,S1_depeg_stablecoin,indonesia,USDC
314,0.9220784269850908,2929972503645.775,17,S1_depeg_stablecoin,indonesia,USDC
315,0.9471966011882746,2929946976972.6187,17,S1_depeg_stablecoin,indonesia,USDC
316,0.9288266424453232,2929934844530.955,17,S1_depeg_stablecoin,indonesia,USDC
317,0.9243729335668165,2929913205740.62,17,S1_depeg_stablecoin,indonesia,USDC
318,0.9213506956440806,2929889539718.3037,17,S1_depeg_stablecoin,indonesia,USDC
319,0.9637318991189634,2929866787605.95,17,S1_depeg_stablecoin,indonesia,USDC
320,0.9636084837071801,2929863836395.3896,17,S1_depeg_stablecoin,indonesia,USDC
321,0.9493781436012046,2929861128683.154,17,S1_depeg_stablecoin,indonesia,USDC
322,0.951583067561425,2929851934166.024,17,S1_depeg_stablecoin,indonesia,USDC
323,0.9664794677696524,2929844647672.608,17,S1_depeg_stablecoin,indonesia,USDC
324,0.9570580637846313,2929843821324.083,17,S1_depeg_stablecoin,indonesia,USDC
325,0.9262110581563862,2929838353561.5234,17,S1_depeg_stablecoin,indonesia,USDC
326,0.926246862074984,2929820109182.277,17,S1_depeg_stablecoin,indonesia,USDC
327,0.9284569952279167,2929802649377.008,17,S1_depeg_stablecoin,indonesia,USDC
328,0.8965700546391532,2929785836581.7515,17,S1_depeg_stablecoin,indonesia,USDC
329,0.912327988114704,2929758054580.282,17,S1_depeg_stablecoin,indonesia,USDC
330,0.9329608959317712,2929738415797.3184,17,S1_depeg_stablecoin,indonesia,USDC
331,0.9646056490246693,2929726254216.7607,17,S1_depeg_stablecoin,indonesia,USDC
332,0.9309223761182539,2929725072766.3477,17,S1_depeg_stablecoin,indonesia,USDC
333,0.9201005757221828,2929712382998.63,17,S1_depeg_stablecoin,indonesia,USDC
334,0.9247878958255014,2929696831838.476,17,S1_depeg_stablecoin,indonesia,USDC
335,0.9452684431953883,2929683466328.117,17,S1_depeg_stablecoin,indonesia,USDC
336,0.930295711554194,2929677011268.7046,17,S1_depeg_stablecoin,indonesia,USDC
337,0.966621206471245,2929667044344.8843,17,S1_depeg_stablecoin,indonesia,USDC
338,0.9667881221402821,2929666444917.0083,17,S1_depeg_stablecoin,indonesia,USDC
339,0.9639977545462624,2929665596045.8105,17,S1_depeg_stablecoin,indonesia,USDC
340,0.9513329906109385,2929664014957.6035,17,S1_depeg_stablecoin,indonesia,USDC
341,0.9295231665235412,2929659554412.77,17,S1_depeg_stablecoin,indonesia,USDC
342,0.9593720771835391,2929650050560.3096,17,S1_depeg_stablecoin,indonesia,USDC
343,0.9197567525296263,2929647757851.192,17,S1_depeg_stablecoin,indonesia,USDC
344,0.9309434489414458,2929635776930.0947,17,S1_depeg_stablecoin,indonesia,USDC
345,0.9216199785224252,2929626957754.8857,17,S1_depeg_stablecoin,indonesia,USDC
346,0.8986070645342616,2929616435420.335,17,S1_depeg_stablecoin,indonesia,USDC
347,0.9077253981696094,2929601611277.696,17,S1_depeg_stablecoin,indonesia,USDC
348,0.9331904715076248,2929589623313.7114,17,S1_depeg_stablecoin,indonesia,USDC
349,0.891497561826801,2929583428402.509,17,S1_depeg_stablecoin,indonesia,USDC
350,0.907732848698568,2929569399450.872,17,S1_depeg_stablecoin,indonesia,USDC
351,0.8933777960284016,2929559429717.883,17,S1_depeg_stablecoin,indonesia,USDC
352,0.8830008688374571,2929548173637.631,17,S1_depeg_stablecoin,indonesia,USDC
353,0.8873396563744701,2929536065750.4375,17,S1_depeg_stablecoin,indonesia,USDC
354,0.9129088200325246,2929526061461.8623,17,S1_depeg_stablecoin,indonesia,USDC
355,0.9172093438825549,2929519585848.6436,17,S1_depeg_stablecoin,indonesia,USDC
356,0.9351212218311933,2929513782940.6025,17,S1_depeg_stablecoin,indonesia,USDC
357,0.949815219128156,2929510054128.4214,17,S1_depeg_stablecoin,indonesia,USDC
358,0.9442331599165444,2929507973811.6826,17,S1_depeg_stablecoin,indonesia,USDC
359,0.9399571154232966,2929505468739.7393,17,S1_depeg_stablecoin,indonesia,USDC
360,0.946787071907968,2929502514429.94,17,S1_depeg_stablecoin,indonesia,USDC
361,0.9294040801073538,2929500555987.7563,17,S1_depeg_stablecoin,indonesia,USDC
362,0.9290926610686571,2929496880109.5283,17,S1_depeg_stablecoin,indonesia,USDC
363,0.9583690165406986,2929493433953.383,17,S1_depeg_stablecoin,indonesia,USDC
364,0.9261729753565326,2929492613375.9707,17,S1_depeg_stablecoin,indonesia,USDC
365,0.9188767035542355,2929489091933.9653,17,S1_depeg_stablecoin,indonesia,USDC
366,0.8777245594186489,2929484927782.074,17,S1_depeg_stablecoin,indonesia,USDC
367,0.8958041540982876,2929477807792.676,17,S1_depeg_stablecoin,indonesia,USDC
368,0.9125612334917673,2929472873319.92,17,S1_depeg_stablecoin,indonesia,USDC
369,0.937583925300839,2929469250856.874,17,S1_depeg_stablecoin,indonesia,USDC
370,0.9704284451047199,2929467337962.375,17,S1_depeg_stablecoin,indonesia,USDC
371,0.9817597676864238,2929467337962.375,17,S1_depeg_stablecoin,indonesia,USDC
372,0.9956431644766445,2929467337962.375,17,S1_depeg_stablecoin,indonesia,USDC
373,1.0113196429600522,2929467337962.375,17,S1_depeg_stablecoin,indonesia,USDC
374,0.997461954496971,2929467337962.375,17,S1_depeg_stablecoin,indonesia,USDC
375,0.99086191348135,2929467337962.375,17,S1_depeg_stablecoin,indonesia,USDC
376,0.9755359541582489,2929467337962.375,17,S1_depeg_stablecoin,indonesia,USDC
377,0.9725664281719227,2929467337962.375,17,S1_depeg_stablecoin,indonesia,USDC
378,1.0126562446796787,2929467337962.375,17,S1_depeg_stablecoin,indonesia,USDC
379,1.0183151647152044,2929467337962.375,17,S1_depeg_stablecoin,indonesia,USDC
380,1.01590015974839,2929467337962.375,17,S1_depeg_stablecoin,indonesia,USDC
381,1.0201072064973695,2929467337962.375,17,S1_depeg_stablecoin,indonesia,USDC
382,1.0065898793971988,2929467337962.375,17,S1_depeg_stablecoin,indonesia,USDC
383,1.0329127633391333,2929467337962.375,17,S1_depeg_stablecoin,indonesia,USDC
384,1.0529322104445153,2929467337962.375,17,S1_depeg_stablecoin,indonesia,USDC
385,1.045385532470531,2929467337962.375,17,S1_depeg_stablecoin,indonesia,USDC
386,1.0200948173202735,2929467337962.375,17,S1_depeg_stablecoin,indonesia,USDC
387,1.0001522434548917,2929467337962.375,17,S1_depeg_stablecoin,indonesia,USDC
388,0.9993400794376133,2929467337962.375,17,S1_depeg_stablecoin,indonesia,USDC
389,0.9778746324626174,2929467337962.375,17,S1_depeg_stablecoin,indonesia,USDC
390,0.9622955214745494,2929467337962.375,17,S1_depeg_stablecoin,indonesia,USDC
391,0.9593407845754413,2929466958654.5586,17,S1_depeg_stablecoin,indonesia,USDC
392,0.9682435069134302,2929466414532.847,17,S1_depeg_stablecoin,indonesia,USDC
393,1.001024001803636,2929466404737.537,17,S1_depeg_stablecoin,indonesia,USDC
394,1.0254568340331096,2929466404737.537,17,S1_depeg_stablecoin,indonesia,USDC
395,0.9873056519049604,2929466404737.537,17,S1_depeg_stablecoin,indonesia,USDC
396,1.0128124220749397,2929466404737.537,17,S1_depeg_stablecoin,indonesia,USDC
397,0.9628984335650398,2929466404737.537,17,S1_depeg_stablecoin,indonesia,USDC
398,0.9834396242570755,2929466028941.6875,17,S1_depeg_stablecoin,indonesia,USDC
399,0.9776824937758228,2929466028941.6875,17,S1_depeg_stablecoin,indonesia,USDC
400,1.0156189547479677,2929466028941.6875,17,S1_depeg_stablecoin,indonesia,USDC
401,1.019265797920333,2929466028941.6875,17,S1_depeg_stablecoin,indonesia,USDC
402,1.0178935019909476,2929466028941.6875,17,S1_depeg_stablecoin,indonesia,USDC
403,1.0495024991058823,2929466028941.6875,17,S1_depeg_stablecoin,indonesia,USDC
404,1.0553241795415262,2929466028941.6875,17,S1_depeg_stablecoin,indonesia,USDC
405,1.0600813986402726,2929466028941.6875,17,S1_depeg_stablecoin,indonesia,USDC
406,1.0831271930331015,2929466028941.6875,17,S1_depeg_stablecoin,indonesia,USDC
407,1.085063799958218,2929466028941.6875,17,S1_depeg_stablecoin,indonesia,USDC
408,1.0757243588533223,2929466028941.6875,17,S1_depeg_stablecoin,indonesia,USDC
409,1.08589846441911,2929466028941.6875,17,S1_depeg_stablecoin,indonesia,USDC
410,1.0944289267870695,2929466028941.6875,17,S1_depeg_stablecoin,indonesia,USDC
411,1.1317713078892888,2929466028941.6875,17,S1_depeg_stablecoin,indonesia,USDC
412,1.1406853909975883,2929466028941.6875,17,S1_depeg_stablecoin,indonesia,USDC
413,1.1537681710898224,2929466028941.6875,17,S1_depeg_stablecoin,indonesia,USDC
414,1.096211937883898,2929466028941.6875,17,S1_depeg_stablecoin,indonesia,USDC
415,1.0860082286471215,2929466028941.6875,17,S1_depeg_stablecoin,indonesia,USDC
416,1.0748753094927581,2929466028941.6875,17,S1_depeg_stablecoin,indonesia,USDC
417,1.0626447992533643,2929466028941.6875,17,S1_depeg_stablecoin,indonesia,USDC
418,1.0393924336740081,2929466028941.6875,17,S1_depeg_stablecoin,indonesia,USDC
419,1.0423784889490657,2929466028941.6875,17,S1_depeg_stablecoin,indonesia,USDC
420,1.0419861664651737,2929466028941.6875,17,S1_depeg_stablecoin,indonesia,USDC
421,1.0428640369922912,2929466028941.6875,17,S1_depeg_stablecoin,indonesia,USDC
422,1.0232292399139837,2929466028941.6875,17,S1_depeg_stablecoin,indonesia,USDC
423,1.0240161817817832,2929466028941.6875,17,S1_depeg_stablecoin,indonesia,USDC
424,1.0283493575816722,2929466028941.6875,17,S1_depeg_stablecoin,indonesia,USDC
425,1.0103964718994,2929466028941.6875,17,S1_depeg_stablecoin,indonesia,USDC
426,0.991793320795828,2929466028941.6875,17,S1_depeg_stablecoin,indonesia,USDC
427,1.0086919383502133,2929466028941.6875,17,S1_depeg_stablecoin,indonesia,USDC
428,0.98770665863314,2929466028941.6875,17,S1_depeg_stablecoin,indonesia,USDC
429,0.989488484346201,2929466028941.6875,17,S1_depeg_stablecoin,indonesia,USDC
430,0.9940544426093352,2929466028941.6875,17,S1_depeg_stablecoin,indonesia,USDC
431,0.9853697817014148,2929466028941.6875,17,S1_depeg_stablecoin,indonesia,USDC
432,0.9598187715383725,2929466028941.6875,17,S1_depeg_stablecoin,indonesia,USDC
433,0.9864092365242032,2929465518225.74,17,S1_depeg_stablecoin,indonesia,USDC
434,1.0017369406921774,2929465518225.74,17,S1_depeg_stablecoin,indonesia,USDC
435,1.0045647678474547,2929465518225.74,17,S1_depeg_stablecoin,indonesia,USDC
436,1.0228742491988578,2929465518225.74,17,S1_depeg_stablecoin,indonesia,USDC
437,1.051080348411824,2929465518225.74,17,S1_depeg_stablecoin,indonesia,USDC
438,1.0621053446165716,2929465518225.74,17,S1_depeg_stablecoin,indonesia,USDC
439,1.0502575678716135,2929465518225.74,17,S1_depeg_stablecoin,indonesia,USDC
440,1.052592556419448,2929465518225.74,17,S1_depeg_stablecoin,indonesia,USDC
441,1.046087139664344,2929465518225.74,17,S1_depeg_stablecoin,indonesia,USDC
442,1.0342339802880238,2929465518225.74,17,S1_depeg_stablecoin,indonesia,USDC
443,0.9938436422304702,2929465518225.74,17,S1_depeg_stablecoin,indonesia,USDC
444,0.9828405188203392,2929465518225.74,17,S1_depeg_stablecoin,indonesia,USDC
445,0.8397886333291082,2929465518225.74,17,S1_depeg_stablecoin,indonesia,USDC
446,0.8315964989595934,2929458076603.702,17,S1_depeg_stablecoin,indonesia,USDC
447,0.839995107279075,2929451228599.0757,17,S1_depeg_stablecoin,indonesia,USDC
448,0.8512309114297565,2929446053314.1665,17,S1_depeg_stablecoin,indonesia,USDC
449,0.8503667568161998,2929441648951.748,17,S1_depeg_stablecoin,indonesia,USDC
450,0.8998107726185666,2929437838452.882,17,S1_depeg_stablecoin,indonesia,USDC
451,0.9264748071880899,2929435830024.8096,17,S1_depeg_stablecoin,indonesia,USDC
452,0.818780567583372,2929434772277.3906,17,S1_depeg_stablecoin,indonesia,USDC
453,0.85121289084303,2929430923217.8154,17,S1_depeg_stablecoin,indonesia,USDC
454,0.9005747234714362,2929428479713.2686,17,S1_depeg_stablecoin,indonesia,USDC
455,0.8903024317880289,2929427257259.6177,17,S1_depeg_stablecoin,indonesia,USDC
456,0.8979669115945753,2929425943247.4385,17,S1_depeg_stablecoin,indonesia,USDC
457,0.9026849827577529,2929424820527.9307,17,S1_depeg_stablecoin,indonesia,USDC
458,0.8944613251840245,2929423821314.9624,17,S1_depeg_stablecoin,indonesia,USDC
459,0.9008276467212666,2929422777010.714,17,S1_depeg_stablecoin,indonesia,USDC
460,0.9162035454265895,2929421871737.074,17,S1_depeg_stablecoin,indonesia,USDC
461,0.9261056671060119,2929421217897.881,17,S1_depeg_stablecoin,indonesia,USDC
462,0.955776659757478,2929420713995.9966,17,S1_depeg_stablecoin,indonesia,USDC
463,0.7945048966245304,2929420582337.7935,17,S1_depeg_stablecoin,indonesia,USDC
464,0.8101311503577918,2929418682661.529,17,S1_depeg_stablecoin,indonesia,USDC
465,0.8489659776012798,2929417294180.9243,17,S1_depeg_stablecoin,indonesia,USDC
466,0.8682387333389091,2929416450460.774,17,S1_depeg_stablecoin,indonesia,USDC
467,0.8772842278101337,2929415782397.9395,17,S1_depeg_stablecoin,indonesia,USDC
468,0.9050290267762635,2929415237574.417,17,S1_depeg_stablecoin,indonesia,USDC
469,0.9346605014788489,2929414892279.4966,17,S1_depeg_stablecoin,indonesia,USDC
470,0.9355431904006701,2929414728091.965,17,S1_depeg_stablecoin,indonesia,USDC
471,0.9773114219851633,2929414578501.1416,17,S1_depeg_stablecoin,indonesia,USDC
472,0.9572060576518422,2929414578501.1416,17,S1_depeg_stablecoin,indonesia,USDC
473,0.9603847137339088,2929414525787.546,17,S1_depeg_stablecoin,indonesia,USDC
474,0.9392380478839755,2929414481741.823,17,S1_depeg_stablecoin,indonesia,USDC
475,0.9699683626030262,2929414347009.3813,17,S1_depeg_stablecoin,indonesia,USDC
476,0.9600093784936108,2929414346918.6934,17,S1_depeg_stablecoin,indonesia,USDC
477,0.9448779963922703,2929414311786.655,17,S1_depeg_stablecoin,indonesia,USDC
478,0.9694748544958596,2929414214267.2344,17,S1_depeg_stablecoin,indonesia,USDC
479,0.9873540281640224,2929414213488.7417,17,S1_depeg_stablecoin,indonesia,USDC
480,0.9725111127586192,2929414213488.7417,17,S1_depeg_stablecoin,indonesia,USDC
481,0.9696670598512889,2929414213488.7417,17,S1_depeg_stablecoin,indonesia,USDC
482,0.9938650806214765,2929414213488.7417,17,S1_depeg_stablecoin,indonesia,USDC
483,0.9951422991218799,2929414213488.7417,17,S1_depeg_stablecoin,indonesia,USDC
484,0.992176653482641,2929414213488.7417,17,S1_depeg_stablecoin,indonesia,USDC
485,1.000041793428601,2929414213488.7417,17,S1_depeg_stablecoin,indonesia,USDC
486,0.9854656280790615,2929414213488.7417,17,S1_depeg_stablecoin,indonesia,USDC
487,0.9881564606257462,2929414213488.7417,17,S1_depeg_stablecoin,indonesia,USDC
488,1.006764317430657,2929414213488.7417,17,S1_depeg_stablecoin,indonesia,USDC
489,0.9748357179248002,2929414213488.7417,17,S1_depeg_stablecoin,indonesia,USDC
490,0.9954725516280497,2929414213488.7417,17,S1_depeg_stablecoin,indonesia,USDC
491,1.004534098366038,2929414213488.7417,17,S1_depeg_stablecoin,indonesia,USDC
492,1.004557402028687,2929414213488.7417,17,S1_depeg_stablecoin,indonesia,USDC
493,1.0027932514788778,2929414213488.7417,17,S1_depeg_stablecoin,indonesia,USDC
494,1.001682553502593,2929414213488.7417,17,S1_depeg_stablecoin,indonesia,USDC
495,1.0044080100303703,2929414213488.7417,17,S1_depeg_stablecoin,indonesia,USDC
496,1.0176975592924409,2929414213488.7417,17,S1_depeg_stablecoin,indonesia,USDC
497,1.0058951274128805,2929414213488.7417,17,S1_depeg_stablecoin,indonesia,USDC
498,0.9845624885146118,2929414213488.7417,17,S1_depeg_stablecoin,indonesia,USDC
499,1.0026185804559498,2929414213488.7417,17,S1_depeg_stablecoin,indonesia,USDC
500,1.0459315050011408,2929414213488.7417,17,S1_depeg_stablecoin,indonesia,USDC
501,1.017548690121249,2929414213488.7417,17,S1_depeg_stablecoin,indonesia,USDC
502,0.9949528100017107,2929414213488.7417,17,S1_depeg_stablecoin,indonesia,USDC
503,0.998213010067779,2929414213488.7417,17,S1_depeg_stablecoin,indonesia,USDC
504,0.9965847302310106,2929414213488.7417,17,S1_depeg_stablecoin,indonesia,USDC
505,0.9573931064429819,2929414213488.7417,17,S1_depeg_stablecoin,indonesia,USDC
506,0.9601559146148057,2929414159797.9434,17,S1_depeg_stablecoin,indonesia,USDC
507,0.9349513818990347,2929414118418.3984,17,S1_depeg_stablecoin,indonesia,USDC
508,0.9581504603566003,2929413977294.9233,17,S1_depeg_stablecoin,indonesia,USDC
509,0.9452964510714384,2929413935187.3027,17,S1_depeg_stablecoin,indonesia,USDC
510,0.9466300613409784,2929413840849.088,17,S1_depeg_stablecoin,indonesia,USDC
511,0.9578688286878958,2929413760637.629,17,S1_depeg_stablecoin,indonesia,USDC
512,0.9607841112626552,2929413722624.422,17,S1_depeg_stablecoin,indonesia,USDC
513,0.9916144383778156,2929413695397.513,17,S1_depeg_stablecoin,indonesia,USDC
514,0.9963927424486806,2929413695397.513,17,S1_depeg_stablecoin,indonesia,USDC
515,0.989393568247251,2929413695397.513,17,S1_depeg_stablecoin,indonesia,USDC
516,0.9820538422551718,2929413695397.513,17,S1_depeg_stablecoin,indonesia,USDC
517,0.9473593472015139,2929413695397.513,17,S1_depeg_stablecoin,indonesia,USDC
518,0.9524262787104075,2929413617765.64,17,S1_depeg_stablecoin,indonesia,USDC
519,0.9615618960196946,2929413559482.5215,17,S1_depeg_stablecoin,indonesia,USDC
520,0.9785325798126001,2929413529235.199,17,S1_depeg_stablecoin,indonesia,USDC
521,1.0097844181655207,2929413529235.199,17,S1_depeg_stablecoin,indonesia,USDC
522,1.0041453583407856,2929413529235.199,17,S1_depeg_stablecoin,indonesia,USDC
523,1.0115662241509304,2929413529235.199,17,S1_depeg_stablecoin,indonesia,USDC
524,0.974855376439106,2929413529235.199,17,S1_depeg_stablecoin,indonesia,USDC
525,0.9638175180581977,2929413529235.199,17,S1_depeg_stablecoin,indonesia,USDC
526,0.981431221281054,2929413511546.6235,17,S1_depeg_stablecoin,indonesia,USDC
527,0.9721450841522157,2929413511546.6235,17,S1_depeg_stablecoin,indonesia,USDC
528,0.9813334192242805,2929413511546.6235,17,S1_depeg_stablecoin,indonesia,USDC
529,0.9803803164759998,2929413511546.6235,17,S1_depeg_stablecoin,indonesia,USDC
530,1.0164153584720506,2929413511546.6235,17,S1_depeg_stablecoin,indonesia,USDC
531,1.0465649226119762,2929413511546.6235,17,S1_depeg_stablecoin,indonesia,USDC
532,1.0312825875265752,2929413511546.6235,17,S1_depeg_stablecoin,indonesia,USDC
533,1.0057910626025943,2929413511546.6235,17,S1_depeg_stablecoin,indonesia,USDC
534,1.0144454333140347,2929413511546.6235,17,S1_depeg_stablecoin,indonesia,USDC
535,1.0103117843013745,2929413511546.6235,17,S1_depeg_stablecoin,indonesia,USDC
536,1.031799048635496,2929413511546.6235,17,S1_depeg_stablecoin,indonesia,USDC
537,1.0162958779619222,2929413511546.6235,17,S1_depeg_stablecoin,indonesia,USDC
538,1.0281614837156372,2929413511546.6235,17,S1_depeg_stablecoin,indonesia,USDC
539,1.0465465625163066,2929413511546.6235,17,S1_depeg_stablecoin,indonesia,USDC
540,1.026964378185441,2929413511546.6235,17,S1_depeg_stablecoin,indonesia,USDC
541,0.9963895834887116,2929413511546.6235,17,S1_depeg_stablecoin,indonesia,USDC
542,0.9845429038260064,2929413511546.6235,17,S1_depeg_stablecoin,indonesia,USDC
543,1.0015999770358643,2929413511546.6235,17,S1_depeg_stablecoin,indonesia,USDC
544,0.9814544211438616,2929413511546.6235,17,S1_depeg_stablecoin,indonesia,USDC
545,0.9796285749835341,2929413511546.6235,17,S1_depeg_stablecoin,indonesia,USDC
546,0.9942178183339496,2929413511546.6235,17,S1_depeg_stablecoin,indonesia,USDC
547,1.0078419953442477,2929413511546.6235,17,S1_depeg_stablecoin,indonesia,USDC
548,0.9957374344006106,2929413511546.6235,17,S1_depeg_stablecoin,indonesia,USDC
549,0.9742989632409566,2929413511546.6235,17,S1_depeg_stablecoin,indonesia,USDC
550,0.9682722317907813,2929413511546.6235,17,S1_depeg_stablecoin,indonesia,USDC
551,0.9491120181864711,2929413507310.308,17,S1_depeg_stablecoin,indonesia,USDC
552,0.9894919714555585,2929413433558.4907,17,S1_depeg_stablecoin,indonesia,USDC
553,0.9859939796697497,2929413433558.4907,17,S1_depeg_stablecoin,indonesia,USDC
554,0.8862272843505099,2929413433558.4907,17,S1_depeg_stablecoin,indonesia,USDC
555,0.9024506103550314,2929413163794.1865,17,S1_depeg_stablecoin,indonesia,USDC
556,0.9275669582632794,2929412959528.557,17,S1_depeg_stablecoin,indonesia,USDC
557,0.8214094836007647,2929412844410.0176,17,S1_depeg_stablecoin,indonesia,USDC
558,0.8456304613186452,2929412438271.571,17,S1_depeg_stablecoin,indonesia,USDC
559,0.8554933234052742,2929412148762.635,17,S1_depeg_stablecoin,indonesia,USDC
560,0.8731113923343605,2929411915314.033,17,S1_depeg_stablecoin,indonesia,USDC
561,0.891511598872526,2929411732234.08,17,S1_depeg_stablecoin,indonesia,USDC
562,0.9334323965201081,2929411601664.204,17,S1_depeg_stablecoin,indonesia,USDC
563,0.9500922081688677,2929411546228.9956,17,S1_depeg_stablecoin,indonesia,USDC
564,0.962488300858625,2929411516186.3037,17,S1_depeg_stablecoin,indonesia,USDC
565,1.0052223208628877,2929411507855.449,17,S1_depeg_stablecoin,indonesia,USDC
566,1.0219619930624435,2929411507855.449,17,S1_depeg_stablecoin,indonesia,USDC
567,1.0230146192077565,2929411507855.449,17,S1_depeg_stablecoin,indonesia,USDC
568,1.00250487804947,2929411507855.449,17,S1_depeg_stablecoin,indonesia,USDC
569,0.9723733708722528,2929411507855.449,17,S1_depeg_stablecoin,indonesia,USDC
570,0.9524086577138395,2929411507855.449,17,S1_depeg_stablecoin,indonesia,USDC
571,0.9535674106284867,2929411483240.5005,17,S1_depeg_stablecoin,indonesia,USDC
572,0.953260550023596,2929411460696.3643,17,S1_depeg_stablecoin,indonesia,USDC
573,0.9518494506084034,2929411440231.68,17,S1_depeg_stablecoin,indonesia,USDC
574,0.9609168513080285,2929411418194.3374,17,S1_depeg_stablecoin,indonesia,USDC
575,0.9509949515565317,2929411407422.7344,17,S1_depeg_stablecoin,indonesia,USDC
576,0.956814177463338,2929411382525.8374,17,S1_depeg_stablecoin,indonesia,USDC
577,0.960850552645896,2929411366798.1895,17,S1_depeg_stablecoin,indonesia,USDC
578,0.9631506406693071,2929411355601.1445,17,S1_depeg_stablecoin,indonesia,USDC
579,0.9629086965519409,2929411347401.691,17,S1_depeg_stablecoin,indonesia,USDC
580,0.971478748628785,2929411339802.7476,17,S1_depeg_stablecoin,indonesia,USDC
581,0.9667528036882295,2929411339802.7476,17,S1_depeg_stablecoin,indonesia,USDC
582,0.9634867803673893,2929411335593.467,17,S1_depeg_stablecoin,indonesia,USDC
583,0.9829041244624145,2929411327178.764,17,S1_depeg_stablecoin,indonesia,USDC
584,0.9611826258159001,2929411327178.764,17,S1_depeg_stablecoin,indonesia,USDC
585,0.9650981113989101,2929411316679.7026,17,S1_depeg_stablecoin,indonesia,USDC
586,0.9303179047679133,2929411311147.548,17,S1_depeg_stablecoin,indonesia,USDC
587,0.9284269656717228,2929411265294.101,17,S1_depeg_stablecoin,indonesia,USDC
588,0.9563472805211328,2929411217573.456,17,S1_depeg_stablecoin,indonesia,USDC
589,0.9441475332779314,2929411203311.831,17,S1_depeg_stablecoin,indonesia,USDC
590,0.9521824785137194,2929411174461.741,17,S1_depeg_stablecoin,indonesia,USDC
591,0.9411840605310081,2929411155283.74,17,S1_depeg_stablecoin,indonesia,USDC
592,0.9310782842418627,2929411125597.448,17,S1_depeg_stablecoin,indonesia,USDC
593,0.9241406008784624,2929411083739.0366,17,S1_depeg_stablecoin,indonesia,USDC
594,0.908643675138012,2929411040313.9316,17,S1_depeg_stablecoin,indonesia,USDC
595,0.9544501911864399,2929410981157.5645,17,S1_depeg_stablecoin,indonesia,USDC
596,0.9794421943599037,2929410968860.174,17,S1_depeg_stablecoin,indonesia,USDC
597,0.9605518809034171,2929410968860.174,17,S1_depeg_stablecoin,indonesia,USDC
598,0.99748216233772,2929410962028.37,17,S1_depeg_stablecoin,indonesia,USDC
599,0.9756817141315842,2929410962028.37,17,S1_depeg_stablecoin,indonesia,USDC
600,0.9819380099727013,2929410962028.37,17,S1_depeg_stablecoin,indonesia,USDC
601,0.9800433119124821,2929410962028.37,17,S1_depeg_stablecoin,indonesia,USDC
602,0.9788454060592747,2929410962028.37,17,S1_depeg_stablecoin,indonesia,USDC
603,0.9897617187292072,2929410962028.37,17,S1_depeg_stablecoin,indonesia,USDC
604,0.9819620426578198,2929410962028.37,17,S1_depeg_stablecoin,indonesia,USDC
605,0.9921008327667199,2929410962028.37,17,S1_depeg_stablecoin,indonesia,USDC
606,1.0273396698392638,2929410962028.37,17,S1_depeg_stablecoin,indonesia,USDC
607,1.0093492439344123,2929410962028.37,17,S1_depeg_stablecoin,indonesia,USDC
608,0.9961838120674182,2929410962028.37,17,S1_depeg_stablecoin,indonesia,USDC
609,0.9561480994544294,2929410962028.37,17,S1_depeg_stablecoin,indonesia,USDC
610,0.9509241295426406,2929410950116.9346,17,S1_depeg_stablecoin,indonesia,USDC
611,0.9457505448034965,2929410933752.817,17,S1_depeg_stablecoin,indonesia,USDC
612,0.9699972066990389,2929410912469.716,17,S1_depeg_stablecoin,indonesia,USDC
613,0.9785484014942223,2929410912469.716,17,S1_depeg_stablecoin,indonesia,USDC
614,0.9706259145141709,2929410912469.716,17,S1_depeg_stablecoin,indonesia,USDC
615,0.9706679021424004,2929410912469.716,17,S1_depeg_stablecoin,indonesia,USDC
616,0.9801997494426596,2929410912469.716,17,S1_depeg_stablecoin,indonesia,USDC
617,0.9954536908569045,2929410912469.716,17,S1_depeg_stablecoin,indonesia,USDC
618,1.0026278056070719,2929410912469.716,17,S1_depeg_stablecoin,indonesia,USDC
619,1.0301005943883998,2929410912469.716,17,S1_depeg_stablecoin,indonesia,USDC
620,1.0457061648355175,2929410912469.716,17,S1_depeg_stablecoin,indonesia,USDC
621,1.0407892836798933,2929410912469.716,17,S1_depeg_stablecoin,indonesia,USDC
622,1.0330044229809856,2929410912469.716,17,S1_depeg_stablecoin,indonesia,USDC
623,1.0285324666714288,2929410912469.716,17,S1_depeg_stablecoin,indonesia,USDC
624,1.0504572178214784,2929410912469.716,17,S1_depeg_stablecoin,indonesia,USDC
625,1.0489249163914207,2929410912469.716,17,S1_depeg_stablecoin,indonesia,USDC
626,1.0592420580034547,2929410912469.716,17,S1_depeg_stablecoin,indonesia,USDC
627,1.0421860737633615,2929410912469.716,17,S1_depeg_stablecoin,indonesia,USDC
628,1.0402003590201243,2929410912469.716,17,S1_depeg_stablecoin,indonesia,USDC
629,1.043062124061719,2929410912469.716,17,S1_depeg_stablecoin,indonesia,USDC
630,1.01649906565665,2929410912469.716,17,S1_depeg_stablecoin,indonesia,USDC
631,0.9697863471395735,2929410912469.716,17,S1_depeg_stablecoin,indonesia,USDC
632,0.9672661145214825,2929410912286.8857,17,S1_depeg_stablecoin,indonesia,USDC
633,0.9722132038433744,2929410909947.9277,17,S1_depeg_stablecoin,indonesia,USDC
634,0.9605706800927057,2929410909947.9277,17,S1_depeg_stablecoin,indonesia,USDC
635,0.9670646989829684,2929410902440.8438,17,S1_depeg_stablecoin,indonesia,USDC
636,0.9848833348814366,2929410899959.3604,17,S1_depeg_stablecoin,indonesia,USDC
637,0.9999144240816489,2929410899959.3604,17,S1_depeg_stablecoin,indonesia,USDC
638,0.9971257330614585,2929410899959.3604,17,S1_depeg_stablecoin,indonesia,USDC
639,0.9914984791269009,2929410899959.3604,17,S1_depeg_stablecoin,indonesia,USDC
640,0.9769685433912728,2929410899959.3604,17,S1_depeg_stablecoin,indonesia,USDC
641,0.9717224193120773,2929410899959.3604,17,S1_depeg_stablecoin,indonesia,USDC
642,0.964002039244291,2929410899959.3604,17,S1_depeg_stablecoin,indonesia,USDC
643,0.960483871207186,2929410895885.239,17,S1_depeg_stablecoin,indonesia,USDC
644,0.9699022778302225,2929410887904.6836,17,S1_depeg_stablecoin,indonesia,USDC
645,0.9302509216771335,2929410887876.054,17,S1_depeg_stablecoin,indonesia,USDC
646,0.9741471215426605,2929410855890.91,17,S1_depeg_stablecoin,indonesia,USDC
647,0.974015338803483,2929410855890.91,17,S1_depeg_stablecoin,indonesia,USDC
648,0.9734336297896007,2929410855890.91,17,S1_depeg_stablecoin,indonesia,USDC
649,0.9682016539304881,2929410855890.91,17,S1_depeg_stablecoin,indonesia,USDC
650,0.9488997183661729,2929410854905.2383,17,S1_depeg_stablecoin,indonesia,USDC
651,0.9468566583123437,2929410839485.792,17,S1_depeg_stablecoin,indonesia,USDC
652,0.9643233404771756,2929410823496.5195,17,S1_depeg_stablecoin,indonesia,USDC
653,0.9771517093413231,2929410820522.372,17,S1_depeg_stablecoin,indonesia,USDC
654,0.9584324528635353,2929410820522.372,17,S1_depeg_stablecoin,indonesia,USDC
655,0.960423115302669,2929410813301.6743,17,S1_depeg_stablecoin,indonesia,USDC
656,0.9605006047405061,2929410806085.521,17,S1_depeg_stablecoin,indonesia,USDC
657,0.935014346426715,2929410798998.425,17,S1_depeg_stablecoin,indonesia,USDC
658,0.9749594544187341,2929410773152.727,17,S1_depeg_stablecoin,indonesia,USDC
659,1.0062455665568586,2929410773152.727,17,S1_depeg_stablecoin,indonesia,USDC
660,1.0089738508676285,2929410773152.727,17,S1_depeg_stablecoin,indonesia,USDC
661,1.0045158085652623,2929410773152.727,17,S1_depeg_stablecoin,indonesia,USDC
662,0.9775153877112324,2929410773152.727,17,S1_depeg_stablecoin,indonesia,USDC
663,0.9668050930581449,2929410773152.727,17,S1_depeg_stablecoin,indonesia,USDC
664,0.9570833412268257,2929410771682.528,17,S1_depeg_stablecoin,indonesia,USDC
665,0.9741273508009246,2929410764028.8804,17,S1_depeg_stablecoin,indonesia,USDC
666,0.990290080119092,2929410764028.8804,17,S1_depeg_stablecoin,indonesia,USDC
667,0.9687043966571616,2929410764028.8804,17,S1_depeg_stablecoin,indonesia,USDC
668,0.9537360637526227,2929410763441.2075,17,S1_depeg_stablecoin,indonesia,USDC
669,0.9634156397378224,2929410752022.3887,17,S1_depeg_stablecoin,indonesia,USDC
670,0.9605576053182323,2929410747925.0938,17,S1_depeg_stablecoin,indonesia,USDC
671,0.9648789837764717,2929410741877.278,17,S1_depeg_stablecoin,indonesia,USDC
672,0.9513795230542652,2929410738776.152,17,S1_depeg_stablecoin,indonesia,USDC
673,0.9827660533236549,2929410726176.2983,17,S1_depeg_stablecoin,indonesia,USDC
674,0.9767136629475383,2929410726176.2983,17,S1_depeg_stablecoin,indonesia,USDC
675,0.9785380960627148,2929410726176.2983,17,S1_depeg_stablecoin,indonesia,USDC
676,0.9677669961788116,2929410726176.2983,17,S1_depeg_stablecoin,indonesia,USDC
677,0.9940049071955249,2929410725043.1245,17,S1_depeg_stablecoin,indonesia,USDC
678,1.032638178500189,2929410725043.1245,17,S1_depeg_stablecoin,indonesia,USDC
679,1.028582059682514,2929410725043.1245,17,S1_depeg_stablecoin,indonesia,USDC
680,1.0337538980849894,2929410725043.1245,17,S1_depeg_stablecoin,indonesia,USDC
681,1.0390863255300635,2929410725043.1245,17,S1_depeg_stablecoin,indonesia,USDC
682,1.0398760647739218,2929410725043.1245,17,S1_depeg_stablecoin,indonesia,USDC
683,1.0460893993014773,2929410725043.1245,17,S1_depeg_stablecoin,indonesia,USDC
684,1.0479815093025509,2929410725043.1245,17,S1_depeg_stablecoin,indonesia,USDC
685,1.0591068326282158,2929410725043.1245,17,S1_depeg_stablecoin,indonesia,USDC
686,1.0569507268538778,2929410725043.1245,17,S1_depeg_stablecoin,indonesia,USDC
687,1.0596512627100128,2929410725043.1245,17,S1_depeg_stablecoin,indonesia,USDC
688,1.0583519388735803,2929410725043.1245,17,S1_depeg_stablecoin,indonesia,USDC
689,1.0611064433773296,2929410725043.1245,17,S1_depeg_stablecoin,indonesia,USDC
690,1.054280744573963,2929410725043.1245,17,S1_depeg_stablecoin,indonesia,USDC
691,1.0699612501512017,2929410725043.1245,17,S1_depeg_stablecoin,indonesia,USDC
692,1.0730980834520796,2929410725043.1245,17,S1_depeg_stablecoin,indonesia,USDC
693,1.0698804655902148,2929410725043.1245,17,S1_depeg_stablecoin,indonesia,USDC
694,1.0398277470237371,2929410725043.1245,17,S1_depeg_stablecoin,indonesia,USDC
695,1.0012844289651215,2929410725043.1245,17,S1_depeg_stablecoin,indonesia,USDC
696,1.0042829558486999,2929410725043.1245,17,S1_depeg_stablecoin,indonesia,USDC
697,1.0054785376839044,2929410725043.1245,17,S1_depeg_stablecoin,indonesia,USDC
698,1.0106046077060329,2929410725043.1245,17,S1_depeg_stablecoin,indonesia,USDC
699,0.9997111071619791,2929410725043.1245,17,S1_depeg_stablecoin,indonesia,USDC
700,1.00664618130842,2929410725043.1245,17,S1_depeg_stablecoin,indonesia,USDC
701,1.0175825069242497,2929410725043.1245,17,S1_depeg_stablecoin,indonesia,USDC
702,1.0140344084907231,2929410725043.1245,17,S1_depeg_stablecoin,indonesia,USDC
703,1.0266648887632073,2929410725043.1245,17,S1_depeg_stablecoin,indonesia,USDC
704,1.0406516354524087,2929410725043.1245,17,S1_depeg_stablecoin,indonesia,USDC
705,1.020107181213806,2929410725043.1245,17,S1_depeg_stablecoin,indonesia,USDC
706,1.0120828454531126,2929410725043.1245,17,S1_depeg_stablecoin,indonesia,USDC
707,1.008846661323932,2929410725043.1245,17,S1_depeg_stablecoin,indonesia,USDC
708,1.0099770604666012,2929410725043.1245,17,S1_depeg_stablecoin,indonesia,USDC
709,1.0082616121245196,2929410725043.1245,17,S1_depeg_stablecoin,indonesia,USDC
710,1.0430111733178928,2929410725043.1245,17,S1_depeg_stablecoin,indonesia,USDC
711,1.0251929265590771,2929410725043.1245,17,S1_depeg_stablecoin,indonesia,USDC
712,1.0180193784952454,2929410725043.1245,17,S1_depeg_stablecoin,indonesia,USDC
713,1.0240956717235208,2929410725043.1245,17,S1_depeg_stablecoin,indonesia,USDC
714,1.0209772540348894,2929410725043.1245,17,S1_depeg_stablecoin,indonesia,USDC
715,1.0257125223422328,2929410725043.1245,17,S1_depeg_stablecoin,indonesia,USDC
716,1.0502933873861104,2929410725043.1245,17,S1_depeg_stablecoin,indonesia,USDC
717,1.0247396694596982,2929410725043.1245,17,S1_depeg_stablecoin,indonesia,USDC
718,0.993175194137008,2929410725043.1245,17,S1_depeg_stablecoin,indonesia,USDC
719,0.9702136854213299,2929410725043.1245,17,S1_depeg_stablecoin,indonesia,USDC
720,0.9580047048680286,2929410725043.1245,17,S1_depeg_stablecoin,indonesia,USDC
721,0.9540662137157211,2929410717993.941,17,S1_depeg_stablecoin,indonesia,USDC
722,0.9705754410025178,2929410707553.4624,17,S1_depeg_stablecoin,indonesia,USDC
723,0.9551932948042682,2929410707553.4624,17,S1_depeg_stablecoin,indonesia,USDC
724,0.9769881213000231,2929410698471.67,17,S1_depeg_stablecoin,indonesia,USDC
725,0.9575187175218351,2929410698471.67,17,S1_depeg_stablecoin,indonesia,USDC
726,0.9747132322422359,2929410691453.1943,17,S1_depeg_stablecoin,indonesia,USDC
727,0.9913601396265344,2929410691453.1943,17,S1_depeg_stablecoin,indonesia,USDC
728,1.0115711397020781,2929410691453.1943,17,S1_depeg_stablecoin,indonesia,USDC
729,1.0303149069447781,2929410691453.1943,17,S1_depeg_stablecoin,indonesia,USDC
730,1.0067701148704318,2929410691453.1943,17,S1_depeg_stablecoin,indonesia,USDC
731,0.9950252514821264,2929410691453.1943,17,S1_depeg_stablecoin,indonesia,USDC
732,0.9983824052642664,2929410691453.1943,17,S1_depeg_stablecoin,indonesia,USDC
733,0.9956616735634897,2929410691453.1943,17,S1_depeg_stablecoin,indonesia,USDC
734,0.9856806915932493,2929410691453.1943,17,S1_depeg_stablecoin,indonesia,USDC
735,0.9792513441560244,2929410691453.1943,17,S1_depeg_stablecoin,indonesia,USDC
736,0.9627935927374861,2929410691453.1943,17,S1_depeg_stablecoin,indonesia,USDC
737,0.9444944983121218,2929410687342.05,17,S1_depeg_stablecoin,indonesia,USDC
738,0.9678807487311895,2929410671435.7563,17,S1_depeg_stablecoin,indonesia,USDC
739,1.0048702023597613,2929410670466.56,17,S1_depeg_stablecoin,indonesia,USDC
740,1.0124065015909527,2929410670466.56,17,S1_depeg_stablecoin,indonesia,USDC
741,0.9881534734287771,2929410670466.56,17,S1_depeg_stablecoin,indonesia,USDC
742,1.0123265683413512,2929410670466.56,17,S1_depeg_stablecoin,indonesia,USDC
743,1.0139350993510583,2929410670466.56,17,S1_depeg_stablecoin,indonesia,USDC
744,1.004211555444465,2929410670466.56,17,S1_depeg_stablecoin,indonesia,USDC
745,1.0180656957542322,2929410670466.56,17,S1_depeg_stablecoin,indonesia,USDC
746,1.0245535540607695,2929410670466.56,17,S1_depeg_stablecoin,indonesia,USDC
747,1.0375575223948672,2929410670466.56,17,S1_depeg_stablecoin,indonesia,USDC
748,1.0498258910688996,2929410670466.56,17,S1_depeg_stablecoin,indonesia,USDC
749,1.0305648032215065,2929410670466.56,17,S1_depeg_stablecoin,indonesia,USDC
750,1.0134026440498867,2929410670466.56,17,S1_depeg_stablecoin,indonesia,USDC
751,1.0095175197849648,2929410670466.56,17,S1_depeg_stablecoin,indonesia,USDC
752,1.0398754322005583,2929410670466.56,17,S1_depeg_stablecoin,indonesia,USDC
753,1.039939009921225,2929410670466.56,17,S1_depeg_stablecoin,indonesia,USDC
754,1.0298909959519063,2929410670466.56,17,S1_depeg_stablecoin,indonesia,USDC
755,1.0148505038941384,2929410670466.56,17,S1_depeg_stablecoin,indonesia,USDC
756,1.014993335943398,2929410670466.56,17,S1_depeg_stablecoin,indonesia,USDC
757,1.0253282922885707,2929410670466.56,17,S1_depeg_stablecoin,indonesia,USDC
758,1.006389022216195,2929410670466.56,17,S1_depeg_stablecoin,indonesia,USDC
759,1.0222797987745151,2929410670466.56,17,S1_depeg_stablecoin,indonesia,USDC
760,0.9963117124850154,2929410670466.56,17,S1_depeg_stablecoin,indonesia,USDC
761,1.043805999962339,2929410670466.56,17,S1_depeg_stablecoin,indonesia,USDC
762,1.0509338985840695,2929410670466.56,17,S1_depeg_stablecoin,indonesia,USDC
763,1.0416439730726086,2929410670466.56,17,S1_depeg_stablecoin,indonesia,USDC
764,1.0285479324684843,2929410670466.56,17,S1_depeg_stablecoin,indonesia,USDC
765,1.0354228039733258,2929410670466.56,17,S1_depeg_stablecoin,indonesia,USDC
766,1.0341627346431428,2929410670466.56,17,S1_depeg_stablecoin,indonesia,USDC
767,1.0105693681144605,2929410670466.56,17,S1_depeg_stablecoin,indonesia,USDC
768,1.0096014804377307,2929410670466.56,17,S1_depeg_stablecoin,indonesia,USDC
769,0.9992546799000523,2929410670466.56,17,S1_depeg_stablecoin,indonesia,USDC
770,1.0059185263423902,2929410670466.56,17,S1_depeg_stablecoin,indonesia,USDC
771,0.9842239974409123,2929410670466.56,17,S1_depeg_stablecoin,indonesia,USDC
772,0.9867060143977586,2929410670466.56,17,S1_depeg_stablecoin,indonesia,USDC
773,0.96426131432801,2929410670466.56,17,S1_depeg_stablecoin,indonesia,USDC
774,0.9774968335054982,2929410667371.3936,17,S1_depeg_stablecoin,indonesia,USDC
775,0.984633933829311,2929410667371.3936,17,S1_depeg_stablecoin,indonesia,USDC
776,0.9887721045483228,2929410667371.3936,17,S1_depeg_stablecoin,indonesia,USDC
777,1.006139692033375,2929410667371.3936,17,S1_depeg_stablecoin,indonesia,USDC
778,1.0217308542505148,2929410667371.3936,17,S1_depeg_stablecoin,indonesia,USDC
779,1.0389818661078667,2929410667371.3936,17,S1_depeg_stablecoin,indonesia,USDC
780,1.0631750126914072,2929410667371.3936,17,S1_depeg_stablecoin,indonesia,USDC
781,1.0464972040709561,2929410667371.3936,17,S1_depeg_stablecoin,indonesia,USDC
782,1.0583381850183853,2929410667371.3936,17,S1_depeg_stablecoin,indonesia,USDC
783,1.019908617387769,2929410667371.3936,17,S1_depeg_stablecoin,indonesia,USDC
784,1.0095490356519332,2929410667371.3936,17,S1_depeg_stablecoin,indonesia,USDC
785,1.0117947897037738,2929410667371.3936,17,S1_depeg_stablecoin,indonesia,USDC
786,0.9911676582881849,2929410667371.3936,17,S1_depeg_stablecoin,indonesia,USDC
787,0.9986056231029509,2929410667371.3936,17,S1_depeg_stablecoin,indonesia,USDC
788,1.0359840275396297,2929410667371.3936,17,S1_depeg_stablecoin,indonesia,USDC
789,1.0098808622892061,2929410667371.3936,17,S1_depeg_stablecoin,indonesia,USDC
790,1.039098395157344,2929410667371.3936,17,S1_depeg_stablecoin,indonesia,USDC
791,1.0066197504153729,2929410667371.3936,17,S1_depeg_stablecoin,indonesia,USDC
792,1.0225659603287878,2929410667371.3936,17,S1_depeg_stablecoin,indonesia,USDC
793,0.988937500391086,2929410667371.3936,17,S1_depeg_stablecoin,indonesia,USDC
794,0.9903433798777254,2929410667371.3936,17,S1_depeg_stablecoin,indonesia,USDC
795,0.9895766266068557,2929410667371.3936,17,S1_depeg_stablecoin,indonesia,USDC
796,0.9932689388448984,2929410667371.3936,17,S1_depeg_stablecoin,indonesia,USDC
797,0.9970057193103473,2929410667371.3936,17,S1_depeg_stablecoin,indonesia,USDC
798,0.99817824169929,2929410667371.3936,17,S1_depeg_stablecoin,indonesia,USDC
799,0.9951747541348477,2929410667371.3936,17,S1_depeg_stablecoin,indonesia,USDC
800,1.0025642236888457,2929410667371.3936,17,S1_depeg_stablecoin,indonesia,USDC
801,1.005029840219087,2929410667371.3936,17,S1_depeg_stablecoin,indonesia,USDC
802,0.9935970534841103,2929410667371.3936,17,S1_depeg_stablecoin,indonesia,USDC
803,1.0065897929418883,2929410667371.3936,17,S1_depeg_stablecoin,indonesia,USDC
804,1.0235869236327952,2929410667371.3936,17,S1_depeg_stablecoin,indonesia,USDC
805,1.0077550551718029,2929410667371.3936,17,S1_depeg_stablecoin,indonesia,USDC
806,1.0106948943593654,2929410667371.3936,17,S1_depeg_stablecoin,indonesia,USDC
807,0.9845645813143106,2929410667371.3936,17,S1_depeg_stablecoin,indonesia,USDC
808,0.9671606000191599,2929410667371.3936,17,S1_depeg_stablecoin,indonesia,USDC
809,0.9707397453254202,2929410665659.084,17,S1_depeg_stablecoin,indonesia,USDC
810,1.0082946986012438,2929410665659.084,17,S1_depeg_stablecoin,indonesia,USDC
811,0.9799485483293858,2929410665659.084,17,S1_depeg_stablecoin,indonesia,USDC
812,0.9745137271481759,2929410665659.084,17,S1_depeg_stablecoin,indonesia,USDC
813,0.977032087838184,2929410665659.084,17,S1_depeg_stablecoin,indonesia,USDC
814,0.967718726694188,2929410665659.084,17,S1_depeg_stablecoin,indonesia,USDC
815,0.9554442820786357,2929410664948.022,17,S1_depeg_stablecoin,indonesia,USDC
816,0.9787928590802795,2929410656633.2095,17,S1_depeg_stablecoin,indonesia,USDC
817,0.9662976183120033,2929410656633.2095,17,S1_depeg_stablecoin,indonesia,USDC
818,0.9695294609596529,2929410654441.462,17,S1_depeg_stablecoin,indonesia,USDC
819,0.9815200526242951,2929410654252.6133,17,S1_depeg_stablecoin,indonesia,USDC
820,1.019772248846792,2929410654252.6133,17,S1_depeg_stablecoin,indonesia,USDC
821,1.0150011803175873,2929410654252.6133,17,S1_depeg_stablecoin,indonesia,USDC
822,1.0221464238553328,2929410654252.6133,17,S1_depeg_stablecoin,indonesia,USDC
823,1.0251977336634561,2929410654252.6133,17,S1_depeg_stablecoin,indonesia,USDC
824,0.9934330681932864,2929410654252.6133,17,S1_depeg_stablecoin,indonesia,USDC
825,0.9724995927751928,2929410654252.6133,17,S1_depeg_stablecoin,indonesia,USDC
826,0.9509206167457834,2929410654252.6133,17,S1_depeg_stablecoin,indonesia,USDC
827,0.931591263435726,2929410643938.388,17,S1_depeg_stablecoin,indonesia,USDC
828,0.9540635536770081,2929410621703.739,17,S1_depeg_stablecoin,indonesia,USDC
829,0.9710554668377733,2929410612843.5,17,S1_depeg_stablecoin,indonesia,USDC
830,0.936550642234566,2929410612843.5,17,S1_depeg_stablecoin,indonesia,USDC
831,0.9223960887718012,2929410595721.17,17,S1_depeg_stablecoin,indonesia,USDC
832,0.9304656717511788,2929410571915.05,17,S1_depeg_stablecoin,indonesia,USDC
833,0.9352115729946958,2929410552586.9893,17,S1_depeg_stablecoin,indonesia,USDC
834,0.935428248000916,2929410535724.381,17,S1_depeg_stablecoin,indonesia,USDC
835,0.9571325911101093,2929410520593.507,17,S1_depeg_stablecoin,indonesia,USDC
836,0.9374074073998507,2929410515090.136,17,S1_depeg_stablecoin,indonesia,USDC
837,0.9358658797390735,2929410501947.8174,17,S1_depeg_stablecoin,indonesia,USDC
838,0.9222460857542223,2929410487184.3467,17,S1_depeg_stablecoin,indonesia,USDC
839,0.923813057867118,2929410467782.8066,17,S1_depeg_stablecoin,indonesia,USDC
840,0.9288021526385671,2929410450946.5303,17,S1_depeg_stablecoin,indonesia,USDC
841,0.8331215424689161,2929410436206.898,17,S1_depeg_stablecoin,indonesia,USDC
842,0.8767020323623643,2929410389325.283,17,S1_depeg_stablecoin,indonesia,USDC
843,0.9076488705941053,2929410359805.0713,17,S1_depeg_stablecoin,indonesia,USDC
844,0.9319686525189937,2929410342824.79,17,S1_depeg_stablecoin,indonesia,USDC
845,0.9420834193228553,2929410332907.203,17,S1_depeg_stablecoin,indonesia,USDC
846,0.9521767887278985,2929410325697.8887,17,S1_depeg_stablecoin,indonesia,USDC
847,0.9545610524344426,2929410321632.763,17,S1_depeg_stablecoin,indonesia,USDC
848,0.9782240711579075,2929410318005.338,17,S1_depeg_stablecoin,indonesia,USDC
849,0.9584408224882202,2929410318005.338,17,S1_depeg_stablecoin,indonesia,USDC
850,0.9392553079367705,2929410315539.9824,17,S1_depeg_stablecoin,indonesia,USDC
851,0.9747096615675663,2929410308880.757,17,S1_depeg_stablecoin,indonesia,USDC
852,0.9551407909747782,2929410308880.757,17,S1_depeg_stablecoin,indonesia,USDC
853,0.9200457792034292,2929410305749.4946,17,S1_depeg_stablecoin,indonesia,USDC
854,0.9209114853727676,2929410294247.6714,17,S1_depeg_stablecoin,indonesia,USDC
855,0.9261578458018302,2929410284390.8506,17,S1_depeg_stablecoin,indonesia,USDC
856,0.9498542612879141,2929410275758.305,17,S1_depeg_stablecoin,indonesia,USDC
857,0.9419295807541301,2929410271903.759,17,S1_depeg_stablecoin,indonesia,USDC
858,0.9533907831567696,2929410266620.195,17,S1_depeg_stablecoin,indonesia,USDC
859,0.9323224756303184,2929410263465.975,17,S1_depeg_stablecoin,indonesia,USDC
860,0.9296011362325662,2929410256861.15,17,S1_depeg_stablecoin,indonesia,USDC
861,0.9333665620635051,2929410250228.59,17,S1_depeg_stablecoin,indonesia,USDC
862,0.9505257420213891,2929410243890.667,17,S1_depeg_stablecoin,indonesia,USDC
863,0.9538136880374894,2929410240794.44,17,S1_depeg_stablecoin,indonesia,USDC
864,0.9298141726414871,2929410238528.558,17,S1_depeg_stablecoin,indonesia,USDC
865,0.9424601895717531,2929410232060.756,17,S1_depeg_stablecoin,indonesia,USDC
866,0.9288511548278239,2929410228255.7886,17,S1_depeg_stablecoin,indonesia,USDC
867,0.9072776407965228,2929410222603.663,17,S1_depeg_stablecoin,indonesia,USDC
868,0.8948884790806575,2929410213753.783,17,S1_depeg_stablecoin,indonesia,USDC
869,0.9263563206568464,2929410203583.207,17,S1_depeg_stablecoin,indonesia,USDC
870,0.961075509033592,2929410198591.169,17,S1_depeg_stablecoin,indonesia,USDC
871,0.9720851130470218,2929410197522.24,17,S1_depeg_stablecoin,indonesia,USDC
872,0.9949770543730061,2929410197522.24,17,S1_depeg_stablecoin,indonesia,USDC
873,0.9931704274660131,2929410197522.24,17,S1_depeg_stablecoin,indonesia,USDC
874,1.0145715601558947,2929410197522.24,17,S1_depeg_stablecoin,indonesia,USDC
875,1.0215931045431887,2929410197522.24,17,S1_depeg_stablecoin,indonesia,USDC
876,1.0156167631900905,2929410197522.24,17,S1_depeg_stablecoin,indonesia,USDC
877,1.0214962807194723,2929410197522.24,17,S1_depeg_stablecoin,indonesia,USDC
878,0.9883005680207166,2929410197522.24,17,S1_depeg_stablecoin,indonesia,USDC
879,0.9959545259281172,2929410197522.24,17,S1_depeg_stablecoin,indonesia,USDC
880,0.9464983157465411,2929410197522.24,17,S1_depeg_stablecoin,indonesia,USDC
881,0.9833012857736666,2929410195050.6895,17,S1_depeg_stablecoin,indonesia,USDC
882,0.9769589598015694,2929410195050.6895,17,S1_depeg_stablecoin,indonesia,USDC
883,0.974111657265061,2929410195050.6895,17,S1_depeg_stablecoin,indonesia,USDC
884,0.9867338834249748,2929410195050.6895,17,S1_depeg_stablecoin,indonesia,USDC
885,1.0028308748451331,2929410195050.6895,17,S1_depeg_stablecoin,indonesia,USDC
886,1.0487513595163658,2929410195050.6895,17,S1_depeg_stablecoin,indonesia,USDC
887,1.0405237474741593,2929410195050.6895,17,S1_depeg_stablecoin,indonesia,USDC
888,1.0385069682673316,2929410195050.6895,17,S1_depeg_stablecoin,indonesia,USDC
889,1.0288971797408515,2929410195050.6895,17,S1_depeg_stablecoin,indonesia,USDC
890,1.0044966692127717,2929410195050.6895,17,S1_depeg_stablecoin,indonesia,USDC
891,0.9919729191489194,2929410195050.6895,17,S1_depeg_stablecoin,indonesia,USDC
892,0.992138171861955,2929410195050.6895,17,S1_depeg_stablecoin,indonesia,USDC
893,1.0084924109134965,2929410195050.6895,17,S1_depeg_stablecoin,indonesia,USDC
894,1.0253662942584627,2929410195050.6895,17,S1_depeg_stablecoin,indonesia,USDC
895,1.0023059372847452,2929410195050.6895,17,S1_depeg_stablecoin,indonesia,USDC
896,1.0401196255985958,2929410195050.6895,17,S1_depeg_stablecoin,indonesia,USDC
897,1.0380992779422356,2929410195050.6895,17,S1_depeg_stablecoin,indonesia,USDC
898,1.0170716907914936,2929410195050.6895,17,S1_depeg_stablecoin,indonesia,USDC
899,1.0135660199979237,2929410195050.6895,17,S1_depeg_stablecoin,indonesia,USDC
900,1.0214238639692643,2929410195050.6895,17,S1_depeg_stablecoin,indonesia,USDC
901,0.9786981974867723,2929410195050.6895,17,S1_depeg_stablecoin,indonesia,USDC
902,0.9754030865926655,2929410195050.6895,17,S1_depeg_stablecoin,indonesia,USDC
903,0.9605752267972455,2929410195050.6895,17,S1_depeg_stablecoin,indonesia,USDC
904,0.976030153825496,2929410194111.0957,17,S1_depeg_stablecoin,indonesia,USDC
905,0.9733551424838104,2929410194111.0957,17,S1_depeg_stablecoin,indonesia,USDC
906,0.9646929474825708,2929410194111.0957,17,S1_depeg_stablecoin,indonesia,USDC
907,0.938954962090785,2929410193631.2446,17,S1_depeg_stablecoin,indonesia,USDC
908,0.9530143111069274,2929410190297.741,17,S1_depeg_stablecoin,indonesia,USDC
909,0.9088402892996272,2929410188408.5107,17,S1_depeg_stablecoin,indonesia,USDC
910,0.9330892979956356,2929410182062.1846,17,S1_depeg_stablecoin,indonesia,USDC
911,0.9427193211423829,2929410178381.5933,17,S1_depeg_stablecoin,indonesia,USDC
912,0.9516437175085055,2929410175682.4385,17,S1_depeg_stablecoin,indonesia,USDC
913,0.9648729213636401,2929410173917.3438,17,S1_depeg_stablecoin,indonesia,USDC
914,0.9643481733522947,2929410173433.6665,17,S1_depeg_stablecoin,indonesia,USDC
915,0.9179765838878904,2929410172957.1445,17,S1_depeg_stablecoin,indonesia,USDC
916,0.9409039555657949,2929410168225.1924,17,S1_depeg_stablecoin,indonesia,USDC
917,0.9582647801302684,2929410165651.0757,17,S1_depeg_stablecoin,indonesia,USDC
918,0.9383964935625183,2929410164644.007,17,S1_depeg_stablecoin,indonesia,USDC
919,0.9239510033474828,2929410161964.7344,17,S1_depeg_stablecoin,indonesia,USDC
920,0.9686751114726769,2929410158499.86,17,S1_depeg_stablecoin,indonesia,USDC
921,0.9709429521519913,2929410158429.376,17,S1_depeg_stablecoin,indonesia,USDC
922,1.0198537049860006,2929410158429.376,17,S1_depeg_stablecoin,indonesia,USDC
923,1.0416840492660016,2929410158429.376,17,S1_depeg_stablecoin,indonesia,USDC
924,1.038663328619467,2929410158429.376,17,S1_depeg_stablecoin,indonesia,USDC
925,1.0160896588892232,2929410158429.376,17,S1_depeg_stablecoin,indonesia,USDC
926,0.9954365953976491,2929410158429.376,17,S1_depeg_stablecoin,indonesia,USDC
927,0.9869399321362436,2929410158429.376,17,S1_depeg_stablecoin,indonesia,USDC
928,1.0105182470654104,2929410158429.376,17,S1_depeg_stablecoin,indonesia,USDC
929,1.0255877176178056,2929410158429.376,17,S1_depeg_stablecoin,indonesia,USDC
930,1.026123229666715,2929410158429.376,17,S1_depeg_stablecoin,indonesia,USDC
931,0.998112368684334,2929410158429.376,17,S1_depeg_stablecoin,indonesia,USDC
932,1.0046000932509644,2929410158429.376,17,S1_depeg_stablecoin,indonesia,USDC
933,1.0008628546488125,2929410158429.376,17,S1_depeg_stablecoin,indonesia,USDC
934,1.008281254743048,2929410158429.376,17,S1_depeg_stablecoin,indonesia,USDC
935,1.0217898354420636,2929410158429.376,17,S1_depeg_stablecoin,indonesia,USDC
936,1.0257188378722013,2929410158429.376,17,S1_depeg_stablecoin,indonesia,USDC
937,1.051686647163911,2929410158429.376,17,S1_depeg_stablecoin,indonesia,USDC
938,1.041210938197906,2929410158429.376,17,S1_depeg_stablecoin,indonesia,USDC
939,1.0538727975799624,2929410158429.376,17,S1_depeg_stablecoin,indonesia,USDC
940,1.0464184456395444,2929410158429.376,17,S1_depeg_stablecoin,indonesia,USDC
941,0.98608359203548,2929410158429.376,17,S1_depeg_stablecoin,indonesia,USDC
942,0.9883668168022952,2929410158429.376,17,S1_depeg_stablecoin,indonesia,USDC
943,0.9962489061272204,2929410158429.376,17,S1_depeg_stablecoin,indonesia,USDC
944,0.998488033866651,2929410158429.376,17,S1_depeg_stablecoin,indonesia,USDC
945,0.9803634715050576,2929410158429.376,17,S1_depeg_stablecoin,indonesia,USDC
946,0.9893865157090712,2929410158429.376,17,S1_depeg_stablecoin,indonesia,USDC
947,0.9737584435446032,2929410158429.376,17,S1_depeg_stablecoin,indonesia,USDC
948,0.9472212130072302,2929410158429.376,17,S1_depeg_stablecoin,indonesia,USDC
949,0.909816484527726,2929410156644.1826,17,S1_depeg_stablecoin,indonesia,USDC
950,0.9262257456131332,2929410152038.3105,17,S1_depeg_stablecoin,indonesia,USDC
951,0.9478834416110493,2929410149160.885,17,S1_depeg_stablecoin,indonesia,USDC
952,0.9580663924735722,2929410147696.6787,17,S1_depeg_stablecoin,indonesia,USDC
953,0.9537349926403745,2929410146988.686,17,S1_depeg_stablecoin,indonesia,USDC
954,0.9774950663544744,2929410145905.8213,17,S1_depeg_stablecoin,indonesia,USDC
955,1.0128253596096388,2929410145905.8213,17,S1_depeg_stablecoin,indonesia,USDC
956,1.0023790457879738,2929410145905.8213,17,S1_depeg_stablecoin,indonesia,USDC
957,0.9959651637040889,2929410145905.8213,17,S1_depeg_stablecoin,indonesia,USDC
958,0.9835741106123014,2929410145905.8213,17,S1_depeg_stablecoin,indonesia,USDC
959,0.9556869186801692,2929410145905.8213,17,S1_depeg_stablecoin,indonesia,USDC
960,0.9618195484724499,2929410145062.835,17,S1_depeg_stablecoin,indonesia,USDC
961,0.9766039300018249,2929410144534.452,17,S1_depeg_stablecoin,indonesia,USDC
962,0.9954414832422217,2929410144534.452,17,S1_depeg_stablecoin,indonesia,USDC
963,0.9944142526168636,2929410144534.452,17,S1_depeg_stablecoin,indonesia,USDC
964,0.9863979953157367,2929410144534.452,17,S1_depeg_stablecoin,indonesia,USDC
965,0.9736664486897548,2929410144534.452,17,S1_depeg_stablecoin,indonesia,USDC
966,0.9713376860502918,2929410144534.452,17,S1_depeg_stablecoin,indonesia,USDC
967,0.9452714580563601,2929410144534.452,17,S1_depeg_stablecoin,indonesia,USDC
968,0.9554677899917232,2929410143012.3247,17,S1_depeg_stablecoin,indonesia,USDC
969,0.9924197610210436,2929410142104.396,17,S1_depeg_stablecoin,indonesia,USDC
970,1.0113192158598927,2929410142104.396,17,S1_depeg_stablecoin,indonesia,USDC
971,0.8649417779929895,2929410142104.396,17,S1_depeg_stablecoin,indonesia,USDC
972,0.8855797651692651,2929410136054.59,17,S1_depeg_stablecoin,indonesia,USDC
973,0.8943229440884573,2929410131497.298,17,S1_depeg_stablecoin,indonesia,USDC
974,0.8882254689133832,2929410127754.2373,17,S1_depeg_stablecoin,indonesia,USDC
975,0.8606135016220554,2929410124100.51,17,S1_depeg_stablecoin,indonesia,USDC
976,0.850568381017406,2929410119504.4097,17,S1_depeg_stablecoin,indonesia,USDC
977,0.8497595713018345,2929410114937.1016,17,S1_depeg_stablecoin,indonesia,USDC
978,0.8348830078072131,2929410111156.9272,17,S1_depeg_stablecoin,indonesia,USDC
979,0.8505571366113384,2929410107232.0923,17,S1_depeg_stablecoin,indonesia,USDC
980,0.8420147433166495,2929410104299.3506,17,S1_depeg_stablecoin,indonesia,USDC
981,0.8699684553158415,2929410101530.8867,17,S1_depeg_stablecoin,indonesia,USDC
982,0.9001807027458102,2929410099600.3037,17,S1_depeg_stablecoin,indonesia,USDC
983,0.91738537166289,2929410098451.394,17,S1_depeg_stablecoin,indonesia,USDC
984,0.9348865860846093,2929410097649.5723,17,S1_depeg_stablecoin,indonesia,USDC
985,0.9330944247570979,2929410097149.047,17,S1_depeg_stablecoin,indonesia,USDC
986,0.9281340037046732,2929410096639.089,17,S1_depeg_stablecoin,indonesia,USDC
987,0.9364343516444505,2929410096042.007,17,S1_depeg_stablecoin,indonesia,USDC
988,0.9336913602855181,2929410095570.276,17,S1_depeg_stablecoin,indonesia,USDC
989,0.9115851776556927,2929410095122.635,17,S1_depeg_stablecoin,indonesia,USDC
990,0.9342594194894455,2929410094414.9785,17,S1_depeg_stablecoin,indonesia,USDC
991,0.9673709899441693,2929410094013.3125,17,S1_depeg_stablecoin,indonesia,USDC
992,0.9713362576596272,2929410093981.8633,17,S1_depeg_stablecoin,indonesia,USDC
993,0.9669069627109467,2929410093981.8633,17,S1_depeg_stablecoin,indonesia,USDC
994,0.9713591193989941,2929410093964.703,17,S1_depeg_stablecoin,indonesia,USDC
995,0.9619457177326445,2929410093964.703,17,S1_depeg_stablecoin,indonesia,USDC
996,0.9459862276557519,2929410093883.4844,17,S1_depeg_stablecoin,indonesia,USDC
997,0.9599503909196447,2929410093599.432,17,S1_depeg_stablecoin,indonesia,USDC
998,0.958261994694955,2929410093499.088,17,S1_depeg_stablecoin,indonesia,USDC
999,0.9675922023307617,2929410093372.643,17,S1_depeg_stablecoin,indonesia,USDC
1000,0.9518125283760527,2929410093357.338,17,S1_depeg_stablecoin,indonesia,USDC
