Step,price,liquidity,iteration,scenario,region,coin
1,1.0202921748417588,2989890221938.3706,192,S1_depeg_stablecoin,indonesia,USDC
2,1.080342020801528,2989890221938.3706,192,S1_depeg_stablecoin,indonesia,USDC
3,1.061973251890254,2989890221938.3706,192,S1_depeg_stablecoin,indonesia,USDC
4,1.06256659492694,2989890221938.3706,192,S1_depeg_stablecoin,indonesia,USDC
5,1.0641867688717626,2989890221938.3706,192,S1_depeg_stablecoin,indonesia,USDC
6,1.0741752509020113,2989890221938.3706,192,S1_depeg_stablecoin,indonesia,USDC
7,1.0408402839259667,2989890221938.3706,192,S1_depeg_stablecoin,indonesia,USDC
8,1.0046588373775247,2989890221938.3706,192,S1_depeg_stablecoin,indonesia,USDC
9,1.000303602781922,2989890221938.3706,192,S1_depeg_stablecoin,indonesia,USDC
10,0.9892949170225901,2989890221938.3706,192,S1_depeg_stablecoin,indonesia,USDC
11,1.0004033923499074,2989890221938.3706,192,S1_depeg_stablecoin,indonesia,USDC
12,1.01531304496687,2989890221938.3706,192,S1_depeg_stablecoin,indonesia,USDC
13,1.0589516135963013,2989890221938.3706,192,S1_depeg_stablecoin,indonesia,USDC
14,1.0422332514941104,2989890221938.3706,192,S1_depeg_stablecoin,indonesia,USDC
15,1.0347146462064178,2989890221938.3706,192,S1_depeg_stablecoin,indonesia,USDC
16,1.0043893548067737,2989890221938.3706,192,S1_depeg_stablecoin,indonesia,USDC
17,0.9837457510019024,2989890221938.3706,192,S1_depeg_stablecoin,indonesia,USDC
18,0.9883194371556114,2989890221938.3706,192,S1_depeg_stablecoin,indonesia,USDC
19,0.9843503697153756,2989890221938.3706,192,S1_depeg_stablecoin,indonesia,USDC
20,0.9570342870194523,2989890221938.3706,192,S1_depeg_stablecoin,indonesia,USDC
21,0.9560059802791473,2989088219073.594,192,S1_depeg_stablecoin,indonesia,USDC
22,0.9577940764299389,2988248942565.991,192,S1_depeg_stablecoin,indonesia,USDC
23,0.9425205680877805,2987528855214.1777,192,S1_depeg_stablecoin,indonesia,USDC
24,0.9414807667362283,2985915594991.261,192,S1_depeg_stablecoin,indonesia,USDC
25,0.9366403481149193,2984288312094.9253,192,S1_depeg_stablecoin,indonesia,USDC
26,0.9277695816692763,2982460649146.921,192,S1_depeg_stablecoin,indonesia,USDC
27,0.9477802305955739,2980196446804.64,192,S1_depeg_stablecoin,indonesia,USDC
28,0.9514498867285559,2979061667979.313,192,S1_depeg_stablecoin,indonesia,USDC
29,0.942240506119816,2978137728467.6167,192,S1_depeg_stablecoin,indonesia,USDC
30,0.9523648657079689,2976776593016.956,192,S1_depeg_stablecoin,indonesia,USDC
31,0.9489935497635266,2975924172964.9595,192,S1_depeg_stablecoin,indonesia,USDC
32,0.9793544757098412,2974944677931.645,192,S1_depeg_stablecoin,indonesia,USDC
33,0.9716431311608406,2974944677931.645,192,S1_depeg_stablecoin,indonesia,USDC
34,0.9835059042947157,2974944677931.645,192,S1_depeg_stablecoin,indonesia,USDC
35,0.9693515159997982,2974944677931.645,192,S1_depeg_stablecoin,indonesia,USDC
36,0.9734427895927485,2974914557216.336,192,S1_depeg_stablecoin,indonesia,USDC
37,0.997176330739967,2974914557216.336,192,S1_depeg_stablecoin,indonesia,USDC
38,0.999539660953442,2974914557216.336,192,S1_depeg_stablecoin,indonesia,USDC
39,0.9853029352914514,2974914557216.336,192,S1_depeg_stablecoin,indonesia,USDC
40,0.950987383391678,2974914557216.336,192,S1_depeg_stablecoin,indonesia,USDC
41,0.9485986002813548,2974066149825.412,192,S1_depeg_stablecoin,indonesia,USDC
42,0.9505524145407214,2973145347419.096,192,S1_depeg_stablecoin,indonesia,USDC
43,0.9731967644095397,2972295480783.8345,192,S1_depeg_stablecoin,indonesia,USDC
44,0.9480437691377681,2972295480783.8345,192,S1_depeg_stablecoin,indonesia,USDC
45,0.9683517817606979,2971353962648.0557,192,S1_depeg_stablecoin,indonesia,USDC
46,1.0154768139120705,2971317075560.8916,192,S1_depeg_stablecoin,indonesia,USDC
47,1.018216408479921,2971317075560.8916,192,S1_depeg_stablecoin,indonesia,USDC
48,1.0731701316763178,2971317075560.8916,192,S1_depeg_stablecoin,indonesia,USDC
49,1.0577107056122894,2971317075560.8916,192,S1_depeg_stablecoin,indonesia,USDC
50,1.0496220724408565,2971317075560.8916,192,S1_depeg_stablecoin,indonesia,USDC
51,1.0382022056482318,2971317075560.8916,192,S1_depeg_stablecoin,indonesia,USDC
52,1.0366082812195776,2971317075560.8916,192,S1_depeg_stablecoin,indonesia,USDC
53,1.0638383601530597,2971317075560.8916,192,S1_depeg_stablecoin,indonesia,USDC
54,1.0531792953584398,2971317075560.8916,192,S1_depeg_stablecoin,indonesia,USDC
55,1.026477808764307,2971317075560.8916,192,S1_depeg_stablecoin,indonesia,USDC
56,1.0174818368204546,2971317075560.8916,192,S1_depeg_stablecoin,indonesia,USDC
57,0.9939467289477439,2971317075560.8916,192,S1_depeg_stablecoin,indonesia,USDC
58,1.0027220753290962,2971317075560.8916,192,S1_depeg_stablecoin,indonesia,USDC
59,0.9967672814467987,2971317075560.8916,192,S1_depeg_stablecoin,indonesia,USDC
60,1.0128234183710028,2971317075560.8916,192,S1_depeg_stablecoin,indonesia,USDC
61,1.0353922586816797,2971317075560.8916,192,S1_depeg_stablecoin,indonesia,USDC
62,1.026653073824393,2971317075560.8916,192,S1_depeg_stablecoin,indonesia,USDC
63,1.0543306887409523,2971317075560.8916,192,S1_depeg_stablecoin,indonesia,USDC
64,1.030061225483655,2971317075560.8916,192,S1_depeg_stablecoin,indonesia,USDC
65,1.0289718950568072,2971317075560.8916,192,S1_depeg_stablecoin,indonesia,USDC
66,1.060429376166314,2971317075560.8916,192,S1_depeg_stablecoin,indonesia,USDC
67,1.047784357862475,2971317075560.8916,192,S1_depeg_stablecoin,indonesia,USDC
68,1.0227587087203336,2971317075560.8916,192,S1_depeg_stablecoin,indonesia,USDC
69,1.0081152776937472,2971317075560.8916,192,S1_depeg_stablecoin,indonesia,USDC
70,1.0172492524203547,2971317075560.8916,192,S1_depeg_stablecoin,indonesia,USDC
71,1.050991830960428,2971317075560.8916,192,S1_depeg_stablecoin,indonesia,USDC
72,1.0358975972703608,2971317075560.8916,192,S1_depeg_stablecoin,indonesia,USDC
73,1.0274784645033765,2971317075560.8916,192,S1_depeg_stablecoin,indonesia,USDC
74,1.0049283791701222,2971317075560.8916,192,S1_depeg_stablecoin,indonesia,USDC
75,1.0292113816025454,2971317075560.8916,192,S1_depeg_stablecoin,indonesia,USDC
76,0.9942150040492894,2971317075560.8916,192,S1_depeg_stablecoin,indonesia,USDC
77,1.0193377884514856,2971317075560.8916,192,S1_depeg_stablecoin,indonesia,USDC
78,1.0456283208157067,2971317075560.8916,192,S1_depeg_stablecoin,indonesia,USDC
79,1.0303349189296078,2971317075560.8916,192,S1_depeg_stablecoin,indonesia,USDC
80,1.0439575906661904,2971317075560.8916,192,S1_depeg_stablecoin,indonesia,USDC
81,1.042413668750069,2971317075560.8916,192,S1_depeg_stablecoin,indonesia,USDC
82,1.038297929103962,2971317075560.8916,192,S1_depeg_stablecoin,indonesia,USDC
83,1.0227866618079684,2971317075560.8916,192,S1_depeg_stablecoin,indonesia,USDC
84,1.0358299982474788,2971317075560.8916,192,S1_depeg_stablecoin,indonesia,USDC
85,1.0377291969433613,2971317075560.8916,192,S1_depeg_stablecoin,indonesia,USDC
86,1.0356346612115581,2971317075560.8916,192,S1_depeg_stablecoin,indonesia,USDC
87,1.0524491443287611,2971317075560.8916,192,S1_depeg_stablecoin,indonesia,USDC
88,1.0579467045453845,2971317075560.8916,192,S1_depeg_stablecoin,indonesia,USDC
89,1.0619800458470807,2971317075560.8916,192,S1_depeg_stablecoin,indonesia,USDC
90,1.0417037276875147,2971317075560.8916,192,S1_depeg_stablecoin,indonesia,USDC
91,1.0389546944557069,2971317075560.8916,192,S1_depeg_stablecoin,indonesia,USDC
92,1.0354110228735052,2971317075560.8916,192,S1_depeg_stablecoin,indonesia,USDC
93,1.0536769951667824,2971317075560.8916,192,S1_depeg_stablecoin,indonesia,USDC
94,1.0466076312778594,2971317075560.8916,192,S1_depeg_stablecoin,indonesia,USDC
95,1.0520360016325678,2971317075560.8916,192,S1_depeg_stablecoin,indonesia,USDC
96,1.0489774031960906,2971317075560.8916,192,S1_depeg_stablecoin,indonesia,USDC
97,1.0431388425526718,2971317075560.8916,192,S1_depeg_stablecoin,indonesia,USDC
98,1.0207012413108822,2971317075560.8916,192,S1_depeg_stablecoin,indonesia,USDC
99,1.0236213647657533,2971317075560.8916,192,S1_depeg_stablecoin,indonesia,USDC
100,1.0144891717460802,2971317075560.8916,192,S1_depeg_stablecoin,indonesia,USDC
101,0.8433103502582329,2971317075560.8916,192,S1_depeg_stablecoin,indonesia,USDC
102,0.8618603678028111,2966240997606.108,192,S1_depeg_stablecoin,indonesia,USDC
103,0.8664278471365223,2962274943035.3745,192,S1_depeg_stablecoin,indonesia,USDC
104,0.8728372287550616,2958890906243.208,192,S1_depeg_stablecoin,indonesia,USDC
105,0.8875470249903813,2956049658936.612,192,S1_depeg_stablecoin,indonesia,USDC
106,0.9063837983101134,2953876251938.1416,192,S1_depeg_stablecoin,indonesia,USDC
107,0.9414375020192278,2952341659452.8555,192,S1_depeg_stablecoin,indonesia,USDC
108,0.9702323301782846,2951725907643.8613,192,S1_depeg_stablecoin,indonesia,USDC
109,0.9403185052448184,2951725907643.8613,192,S1_depeg_stablecoin,indonesia,USDC
110,0.9863623825654134,2951080191024.967,192,S1_depeg_stablecoin,indonesia,USDC
111,0.9801763830574836,2951080191024.967,192,S1_depeg_stablecoin,indonesia,USDC
112,0.9678025592935949,2951080191024.967,192,S1_depeg_stablecoin,indonesia,USDC
113,0.967814461065917,2951055561381.0845,192,S1_depeg_stablecoin,indonesia,USDC
114,0.9477013855362015,2951007873057.9863,192,S1_depeg_stablecoin,indonesia,USDC
115,0.9759305667204821,2950560557216.6367,192,S1_depeg_stablecoin,indonesia,USDC
116,0.9580196119805846,2950560557216.6367,192,S1_depeg_stablecoin,indonesia,USDC
117,0.9598685378468356,2950305259652.5903,192,S1_depeg_stablecoin,indonesia,USDC
118,0.9482873039481566,2950120099852.9775,192,S1_depeg_stablecoin,indonesia,USDC
119,0.9412727584019644,2949703419593.246,192,S1_depeg_stablecoin,indonesia,USDC
120,0.9359367777444894,2949136738038.9497,192,S1_depeg_stablecoin,indonesia,USDC
121,0.9255297125727412,2948503530097.247,192,S1_depeg_stablecoin,indonesia,USDC
122,0.9040955462581329,2947650190753.1265,192,S1_depeg_stablecoin,indonesia,USDC
123,0.9047989564302213,2946501838244.3877,192,S1_depeg_stablecoin,indonesia,USDC
124,0.8733491779032377,2945439480011.4453,192,S1_depeg_stablecoin,indonesia,USDC
125,0.8777178840748966,2943957806469.5815,192,S1_depeg_stablecoin,indonesia,USDC
126,0.88267984174101,2942708140731.052,192,S1_depeg_stablecoin,indonesia,USDC
127,0.8945371213310466,2941580477440.6035,192,S1_depeg_stablecoin,indonesia,USDC
128,0.9237715439917243,2940734564107.931,192,S1_depeg_stablecoin,indonesia,USDC
129,0.9361675287477975,2940246328166.066,192,S1_depeg_stablecoin,indonesia,USDC
130,0.9555883959005819,2939896419406.653,192,S1_depeg_stablecoin,indonesia,USDC
131,0.9559816428246254,2939747754090.721,192,S1_depeg_stablecoin,indonesia,USDC
132,0.9629279630879669,2939605293877.753,192,S1_depeg_stablecoin,indonesia,USDC
133,1.0002791411012892,2939540771216.548,192,S1_depeg_stablecoin,indonesia,USDC
134,0.9781707738750588,2939540771216.548,192,S1_depeg_stablecoin,indonesia,USDC
135,0.9627521777559498,2939540771216.548,192,S1_depeg_stablecoin,indonesia,USDC
136,0.9650344172084704,2939481036805.422,192,S1_depeg_stablecoin,indonesia,USDC
137,1.0160537901112554,2939443491541.144,192,S1_depeg_stablecoin,indonesia,USDC
138,1.0136058819919789,2939443491541.144,192,S1_depeg_stablecoin,indonesia,USDC
139,0.9757717463113452,2939443491541.144,192,S1_depeg_stablecoin,indonesia,USDC
140,0.955611765351421,2939443491541.144,192,S1_depeg_stablecoin,indonesia,USDC
141,0.9584235247051044,2939309230970.6714,192,S1_depeg_stablecoin,indonesia,USDC
142,0.95164573296948,2939217005748.457,192,S1_depeg_stablecoin,indonesia,USDC
143,0.958461207786064,2939063771943.4653,192,S1_depeg_stablecoin,indonesia,USDC
144,0.9682673230908142,2938954646492.5654,192,S1_depeg_stablecoin,indonesia,USDC
145,0.9549238034845227,2938943315110.51,192,S1_depeg_stablecoin,indonesia,USDC
146,0.9540909466441375,2938816682313.1553,192,S1_depeg_stablecoin,indonesia,USDC
147,0.9545169885615057,2938670278669.463,192,S1_depeg_stablecoin,indonesia,USDC
148,0.9779942197212881,2938550717280.018,192,S1_depeg_stablecoin,indonesia,USDC
149,0.9940589289529906,2938550717280.018,192,S1_depeg_stablecoin,indonesia,USDC
150,0.9658464606186644,2938550717280.018,192,S1_depeg_stablecoin,indonesia,USDC
151,0.9650988127680049,2938528879774.835,192,S1_depeg_stablecoin,indonesia,USDC
152,0.9960580306070532,2938495667960.157,192,S1_depeg_stablecoin,indonesia,USDC
153,0.9967859477889359,2938495667960.157,192,S1_depeg_stablecoin,indonesia,USDC
154,0.9854902822481172,2938495667960.157,192,S1_depeg_stablecoin,indonesia,USDC
155,0.9543819637823029,2938495667960.157,192,S1_depeg_stablecoin,indonesia,USDC
156,0.9413455367194191,2938357111086.304,192,S1_depeg_stablecoin,indonesia,USDC
157,0.9434409656940371,2938115455620.1265,192,S1_depeg_stablecoin,indonesia,USDC
158,0.9457709257604954,2937914225001.746,192,S1_depeg_stablecoin,indonesia,USDC
159,0.9212156473976472,2937728577568.0845,192,S1_depeg_stablecoin,indonesia,USDC
160,0.9192543391387363,2937344916851.816,192,S1_depeg_stablecoin,indonesia,USDC
161,0.9137598630174649,2936975403527.481,192,S1_depeg_stablecoin,indonesia,USDC
162,0.931942795086258,2936596104319.669,192,S1_depeg_stablecoin,indonesia,USDC
163,0.9331916636268213,2936333004175.4287,192,S1_depeg_stablecoin,indonesia,USDC
164,0.9489458039850109,2936095910426.442,192,S1_depeg_stablecoin,indonesia,USDC
165,0.9460314871155853,2935966564278.9146,192,S1_depeg_stablecoin,indonesia,USDC
166,0.9417284571716581,2935827774621.5674,192,S1_depeg_stablecoin,indonesia,USDC
167,0.9771224203527084,2935666515377.827,192,S1_depeg_stablecoin,indonesia,USDC
168,1.0215811390809466,2935666515377.827,192,S1_depeg_stablecoin,indonesia,USDC
169,1.01798245676271,2935666515377.827,192,S1_depeg_stablecoin,indonesia,USDC
170,1.0315462663974388,2935666515377.827,192,S1_depeg_stablecoin,indonesia,USDC
171,1.0397819505309425,2935666515377.827,192,S1_depeg_stablecoin,indonesia,USDC
172,1.0358217519346193,2935666515377.827,192,S1_depeg_stablecoin,indonesia,USDC
173,1.0460879501363247,2935666515377.827,192,S1_depeg_stablecoin,indonesia,USDC
174,1.032610829337122,2935666515377.827,192,S1_depeg_stablecoin,indonesia,USDC
175,1.0335380026520895,2935666515377.827,192,S1_depeg_stablecoin,indonesia,USDC
176,1.0085297595255671,2935666515377.827,192,S1_depeg_stablecoin,indonesia,USDC
177,1.016218310922179,2935666515377.827,192,S1_depeg_stablecoin,indonesia,USDC
178,1.029496955771845,2935666515377.827,192,S1_depeg_stablecoin,indonesia,USDC
179,1.0373712009729699,2935666515377.827,192,S1_depeg_stablecoin,indonesia,USDC
180,1.0586203769679918,2935666515377.827,192,S1_depeg_stablecoin,indonesia,USDC
181,1.060864229038699,2935666515377.827,192,S1_depeg_stablecoin,indonesia,USDC
182,1.0588306801934042,2935666515377.827,192,S1_depeg_stablecoin,indonesia,USDC
183,1.115733700868899,2935666515377.827,192,S1_depeg_stablecoin,indonesia,USDC
184,1.1211569816794995,2935666515377.827,192,S1_depeg_stablecoin,indonesia,USDC
185,1.111226316580971,2935666515377.827,192,S1_depeg_stablecoin,indonesia,USDC
186,1.0772329981763487,2935666515377.827,192,S1_depeg_stablecoin,indonesia,USDC
187,1.0806238740368537,2935666515377.827,192,S1_depeg_stablecoin,indonesia,USDC
188,1.0773240254735903,2935666515377.827,192,S1_depeg_stablecoin,indonesia,USDC
189,1.0732637608669084,2935666515377.827,192,S1_depeg_stablecoin,indonesia,USDC
190,1.075696862796167,2935666515377.827,192,S1_depeg_stablecoin,indonesia,USDC
191,1.063080434142097,2935666515377.827,192,S1_depeg_stablecoin,indonesia,USDC
192,1.0483521104696345,2935666515377.827,192,S1_depeg_stablecoin,indonesia,USDC
193,1.0457745682431143,2935666515377.827,192,S1_depeg_stablecoin,indonesia,USDC
194,1.0419041927687003,2935666515377.827,192,S1_depeg_stablecoin,indonesia,USDC
195,1.0345481725550225,2935666515377.827,192,S1_depeg_stablecoin,indonesia,USDC
196,1.0104932710666434,2935666515377.827,192,S1_depeg_stablecoin,indonesia,USDC
197,1.0268891335074481,2935666515377.827,192,S1_depeg_stablecoin,indonesia,USDC
198,1.074099869945565,2935666515377.827,192,S1_depeg_stablecoin,indonesia,USDC
199,1.0629072756743545,2935666515377.827,192,S1_depeg_stablecoin,indonesia,USDC
200,1.0520469871752616,2935666515377.827,192,S1_depeg_stablecoin,indonesia,USDC
201,1.0300619440833332,2935666515377.827,192,S1_depeg_stablecoin,indonesia,USDC
202,1.025382856075252,2935666515377.827,192,S1_depeg_stablecoin,indonesia,USDC
203,1.0196045105873743,2935666515377.827,192,S1_depeg_stablecoin,indonesia,USDC
204,0.984943970734082,2935666515377.827,192,S1_depeg_stablecoin,indonesia,USDC
205,0.9830684044785092,2935666515377.827,192,S1_depeg_stablecoin,indonesia,USDC
206,0.9961826048954261,2935666515377.827,192,S1_depeg_stablecoin,indonesia,USDC
207,0.8237978508777405,2935666515377.827,192,S1_depeg_stablecoin,indonesia,USDC
208,0.8758557691653741,2934831149254.6694,192,S1_depeg_stablecoin,indonesia,USDC
209,0.8837050803800192,2934372500565.583,192,S1_depeg_stablecoin,indonesia,USDC
210,0.8885750153247906,2933982509254.01,192,S1_depeg_stablecoin,indonesia,USDC
211,0.8798847233316474,2933638989221.0586,192,S1_depeg_stablecoin,indonesia,USDC
212,0.9174621262959621,2933313930468.6064,192,S1_depeg_stablecoin,indonesia,USDC
213,0.9545792898164613,2933143059246.702,192,S1_depeg_stablecoin,indonesia,USDC
214,0.927966467665962,2933098962594.7705,192,S1_depeg_stablecoin,indonesia,USDC
215,0.9390327481304623,2932959916508.036,192,S1_depeg_stablecoin,indonesia,USDC
216,0.9588608696646153,2932861916502.9834,192,S1_depeg_stablecoin,indonesia,USDC
217,0.9639606916924383,2932829856419.9727,192,S1_depeg_stablecoin,indonesia,USDC
218,0.9428903698803041,2932813346744.1934,192,S1_depeg_stablecoin,indonesia,USDC
219,0.946401775488703,2932737427644.176,192,S1_depeg_stablecoin,indonesia,USDC
220,0.9695495634782408,2932676026880.317,192,S1_depeg_stablecoin,indonesia,USDC
221,0.9577787834012728,2932675602526.26,192,S1_depeg_stablecoin,indonesia,USDC
222,0.9668716443551375,2932642541986.94,192,S1_depeg_stablecoin,indonesia,USDC
223,0.9390144021364777,2932635246772.8965,192,S1_depeg_stablecoin,indonesia,USDC
224,0.9691503791674824,2932550456488.948,192,S1_depeg_stablecoin,indonesia,USDC
225,0.9754537231774297,2932548126395.45,192,S1_depeg_stablecoin,indonesia,USDC
226,0.9613405720283265,2932548126395.45,192,S1_depeg_stablecoin,indonesia,USDC
227,0.9530979920603795,2932527913465.3594,192,S1_depeg_stablecoin,indonesia,USDC
228,0.9580935150028514,2932488329308.9834,192,S1_depeg_stablecoin,indonesia,USDC
229,0.9691719875166693,2932460213255.9434,192,S1_depeg_stablecoin,indonesia,USDC
230,0.9482889125594793,2932458756976.0156,192,S1_depeg_stablecoin,indonesia,USDC
231,0.9144066184220702,2932405806901.9883,192,S1_depeg_stablecoin,indonesia,USDC
232,0.9280555154419985,2932269100318.282,192,S1_depeg_stablecoin,indonesia,USDC
233,0.9458264020535668,2932172080753.4746,192,S1_depeg_stablecoin,indonesia,USDC
234,0.9348957623824492,2932121585998.355,192,S1_depeg_stablecoin,indonesia,USDC
235,0.9400784429207567,2932040833076.5273,192,S1_depeg_stablecoin,indonesia,USDC
236,0.9298806839781251,2931974493247.738,192,S1_depeg_stablecoin,indonesia,USDC
237,0.9121761387715582,2931893287202.591,192,S1_depeg_stablecoin,indonesia,USDC
238,0.9178235367482515,2931776844298.4546,192,S1_depeg_stablecoin,indonesia,USDC
239,0.9278976283876356,2931683354108.157,192,S1_depeg_stablecoin,indonesia,USDC
240,0.9484223228891498,2931612188476.343,192,S1_depeg_stablecoin,indonesia,USDC
241,0.9653235053146677,2931573883282.578,192,S1_depeg_stablecoin,indonesia,USDC
242,0.9385670601764974,2931568775592.2217,192,S1_depeg_stablecoin,indonesia,USDC
243,0.9272429137741564,2931516173605.984,192,S1_depeg_stablecoin,indonesia,USDC
244,0.9438713076002803,2931450600430.3477,192,S1_depeg_stablecoin,indonesia,USDC
245,0.9269052211734448,2931413083369.086,192,S1_depeg_stablecoin,indonesia,USDC
246,0.9397360030293552,2931351164074.6865,192,S1_depeg_stablecoin,indonesia,USDC
247,0.9493496136685415,2931305582684.5967,192,S1_depeg_stablecoin,indonesia,USDC
248,0.9721847500649633,2931276699287.3457,192,S1_depeg_stablecoin,indonesia,USDC
249,0.9979990284042998,2931276699287.3457,192,S1_depeg_stablecoin,indonesia,USDC
250,0.9616494621248057,2931276699287.3457,192,S1_depeg_stablecoin,indonesia,USDC
251,0.938149715880296,2931267504211.045,192,S1_depeg_stablecoin,indonesia,USDC
252,0.9324368792180071,2931226671668.0513,192,S1_depeg_stablecoin,indonesia,USDC
253,0.9553898174782385,2931174917830.3037,192,S1_depeg_stablecoin,indonesia,USDC
254,1.0081573599601092,2931158521834.8867,192,S1_depeg_stablecoin,indonesia,USDC
255,0.9966593722345428,2931158521834.8867,192,S1_depeg_stablecoin,indonesia,USDC
256,0.9997978748854072,2931158521834.8867,192,S1_depeg_stablecoin,indonesia,USDC
257,1.0029084995481239,2931158521834.8867,192,S1_depeg_stablecoin,indonesia,USDC
258,0.9633666953840325,2931158521834.8867,192,S1_depeg_stablecoin,indonesia,USDC
259,0.9584822407459069,2931152243568.149,192,S1_depeg_stablecoin,indonesia,USDC
260,0.9551684470776358,2931139045213.4873,192,S1_depeg_stablecoin,indonesia,USDC
261,0.9674837186365954,2931121870839.169,192,S1_depeg_stablecoin,indonesia,USDC
262,0.9765174668432977,2931119365348.0913,192,S1_depeg_stablecoin,indonesia,USDC
263,0.9898050374334404,2931119365348.0913,192,S1_depeg_stablecoin,indonesia,USDC
264,0.955604930970133,2931119365348.0913,192,S1_depeg_stablecoin,indonesia,USDC
265,0.9784612163292117,2931102986590.3003,192,S1_depeg_stablecoin,indonesia,USDC
266,1.0099933254974263,2931102986590.3003,192,S1_depeg_stablecoin,indonesia,USDC
267,1.0782639185227025,2931102986590.3003,192,S1_depeg_stablecoin,indonesia,USDC
268,1.1198772957433047,2931102986590.3003,192,S1_depeg_stablecoin,indonesia,USDC
269,1.086707402066609,2931102986590.3003,192,S1_depeg_stablecoin,indonesia,USDC
270,1.051181365629102,2931102986590.3003,192,S1_depeg_stablecoin,indonesia,USDC
271,1.0337783377582614,2931102986590.3003,192,S1_depeg_stablecoin,indonesia,USDC
272,1.035996869509631,2931102986590.3003,192,S1_depeg_stablecoin,indonesia,USDC
273,1.0404077741917783,2931102986590.3003,192,S1_depeg_stablecoin,indonesia,USDC
274,1.0297690936107744,2931102986590.3003,192,S1_depeg_stablecoin,indonesia,USDC
275,1.009353754436861,2931102986590.3003,192,S1_depeg_stablecoin,indonesia,USDC
276,0.9876999263644972,2931102986590.3003,192,S1_depeg_stablecoin,indonesia,USDC
277,0.9879810187762664,2931102986590.3003,192,S1_depeg_stablecoin,indonesia,USDC
278,0.963775510683465,2931102986590.3003,192,S1_depeg_stablecoin,indonesia,USDC
279,0.968308981677686,2931095962112.5903,192,S1_depeg_stablecoin,indonesia,USDC
280,0.9849293182937194,2931095829770.2925,192,S1_depeg_stablecoin,indonesia,USDC
281,0.9904422838210416,2931095829770.2925,192,S1_depeg_stablecoin,indonesia,USDC
282,0.9885289488045634,2931095829770.2925,192,S1_depeg_stablecoin,indonesia,USDC
283,1.030294068939587,2931095829770.2925,192,S1_depeg_stablecoin,indonesia,USDC
284,1.005939621144371,2931095829770.2925,192,S1_depeg_stablecoin,indonesia,USDC
285,1.006928196384357,2931095829770.2925,192,S1_depeg_stablecoin,indonesia,USDC
286,0.9902462715498186,2931095829770.2925,192,S1_depeg_stablecoin,indonesia,USDC
287,1.0197952359294116,2931095829770.2925,192,S1_depeg_stablecoin,indonesia,USDC
288,1.0493929418633414,2931095829770.2925,192,S1_depeg_stablecoin,indonesia,USDC
289,1.053329214071086,2931095829770.2925,192,S1_depeg_stablecoin,indonesia,USDC
290,1.0594008134924051,2931095829770.2925,192,S1_depeg_stablecoin,indonesia,USDC
291,1.07050954552213,2931095829770.2925,192,S1_depeg_stablecoin,indonesia,USDC
292,1.0772583840908052,2931095829770.2925,192,S1_depeg_stablecoin,indonesia,USDC
293,1.1048542976159215,2931095829770.2925,192,S1_depeg_stablecoin,indonesia,USDC
294,1.1194396515389777,2931095829770.2925,192,S1_depeg_stablecoin,indonesia,USDC
295,1.0852322692390421,2931095829770.2925,192,S1_depeg_stablecoin,indonesia,USDC
296,1.0635295153377995,2931095829770.2925,192,S1_depeg_stablecoin,indonesia,USDC
297,1.05180317652374,2931095829770.2925,192,S1_depeg_stablecoin,indonesia,USDC
298,1.0123895758514287,2931095829770.2925,192,S1_depeg_stablecoin,indonesia,USDC
299,0.9933686851909161,2931095829770.2925,192,S1_depeg_stablecoin,indonesia,USDC
300,1.0081074879998408,2931095829770.2925,192,S1_depeg_stablecoin,indonesia,USDC
301,0.9254371818851023,2931095829770.2925,192,S1_depeg_stablecoin,indonesia,USDC
302,0.9227781244076046,2931045076567.553,192,S1_depeg_stablecoin,indonesia,USDC
303,0.9375013605476357,2930988855534.948,192,S1_depeg_stablecoin,indonesia,USDC
304,0.9495726005164474,2930954426813.0605,192,S1_depeg_stablecoin,indonesia,USDC
305,0.9802482041832957,2930932015536.661,192,S1_depeg_stablecoin,indonesia,USDC
306,0.9702746790064108,2930932015536.661,192,S1_depeg_stablecoin,indonesia,USDC
307,0.9618837700390047,2930932015536.661,192,S1_depeg_stablecoin,indonesia,USDC
308,0.9493959990609974,2930923298591.903,192,S1_depeg_stablecoin,indonesia,USDC
309,0.9840157033030034,2930904049497.323,192,S1_depeg_stablecoin,indonesia,USDC
310,0.9860416701834938,2930904049497.323,192,S1_depeg_stablecoin,indonesia,USDC
311,0.9870376669665397,2930904049497.323,192,S1_depeg_stablecoin,indonesia,USDC
312,1.004280450970855,2930904049497.323,192,S1_depeg_stablecoin,indonesia,USDC
313,1.0296669630028241,2930904049497.323,192,S1_depeg_stablecoin,indonesia,USDC
314,1.0389000662560626,2930904049497.323,192,S1_depeg_stablecoin,indonesia,USDC
315,1.0430687368222051,2930904049497.323,192,S1_depeg_stablecoin,indonesia,USDC
316,1.0305879725460723,2930904049497.323,192,S1_depeg_stablecoin,indonesia,USDC
317,1.0172263997272977,2930904049497.323,192,S1_depeg_stablecoin,indonesia,USDC
318,1.0026054913514881,2930904049497.323,192,S1_depeg_stablecoin,indonesia,USDC
319,1.0040249688002572,2930904049497.323,192,S1_depeg_stablecoin,indonesia,USDC
320,1.0230346971072528,2930904049497.323,192,S1_depeg_stablecoin,indonesia,USDC
321,0.9927726822002537,2930904049497.323,192,S1_depeg_stablecoin,indonesia,USDC
322,0.9772036669787367,2930904049497.323,192,S1_depeg_stablecoin,indonesia,USDC
323,0.9814797573807035,2930904049497.323,192,S1_depeg_stablecoin,indonesia,USDC
324,0.9771074283570687,2930904049497.323,192,S1_depeg_stablecoin,indonesia,USDC
325,0.9654379257335624,2930904049497.323,192,S1_depeg_stablecoin,indonesia,USDC
326,0.9921115645186667,2930899281294.625,192,S1_depeg_stablecoin,indonesia,USDC
327,0.9857896648347654,2930899281294.625,192,S1_depeg_stablecoin,indonesia,USDC
328,0.9871563625832683,2930899281294.625,192,S1_depeg_stablecoin,indonesia,USDC
329,1.025070745805836,2930899281294.625,192,S1_depeg_stablecoin,indonesia,USDC
330,1.0370562916389863,2930899281294.625,192,S1_depeg_stablecoin,indonesia,USDC
331,1.0282007669556112,2930899281294.625,192,S1_depeg_stablecoin,indonesia,USDC
332,1.051116139824574,2930899281294.625,192,S1_depeg_stablecoin,indonesia,USDC
333,1.0957175752638488,2930899281294.625,192,S1_depeg_stablecoin,indonesia,USDC
334,1.0841719893931647,2930899281294.625,192,S1_depeg_stablecoin,indonesia,USDC
335,1.0604011689786006,2930899281294.625,192,S1_depeg_stablecoin,indonesia,USDC
336,1.0434293867260211,2930899281294.625,192,S1_depeg_stablecoin,indonesia,USDC
337,1.0364524119064475,2930899281294.625,192,S1_depeg_stablecoin,indonesia,USDC
338,1.0389319558740293,2930899281294.625,192,S1_depeg_stablecoin,indonesia,USDC
339,1.0625438319463427,2930899281294.625,192,S1_depeg_stablecoin,indonesia,USDC
340,1.047963224778971,2930899281294.625,192,S1_depeg_stablecoin,indonesia,USDC
341,1.039742556374624,2930899281294.625,192,S1_depeg_stablecoin,indonesia,USDC
342,1.029526463593639,2930899281294.625,192,S1_depeg_stablecoin,indonesia,USDC
343,1.0387973583115215,2930899281294.625,192,S1_depeg_stablecoin,indonesia,USDC
344,1.0201235445001047,2930899281294.625,192,S1_depeg_stablecoin,indonesia,USDC
345,1.0040063172990672,2930899281294.625,192,S1_depeg_stablecoin,indonesia,USDC
346,0.9892630739647277,2930899281294.625,192,S1_depeg_stablecoin,indonesia,USDC
347,0.9920489644818683,2930899281294.625,192,S1_depeg_stablecoin,indonesia,USDC
348,0.9893951366305329,2930899281294.625,192,S1_depeg_stablecoin,indonesia,USDC
349,0.9770747672994333,2930899281294.625,192,S1_depeg_stablecoin,indonesia,USDC
350,0.9590462676279768,2930899281294.625,192,S1_depeg_stablecoin,indonesia,USDC
351,0.96811174455229,2930890016625.764,192,S1_depeg_stablecoin,indonesia,USDC
352,0.9606559475126922,2930889713757.366,192,S1_depeg_stablecoin,indonesia,USDC
353,0.9767351565877264,2930880085608.8945,192,S1_depeg_stablecoin,indonesia,USDC
354,0.9583417857819833,2930880085608.8945,192,S1_depeg_stablecoin,indonesia,USDC
355,0.9548130101294712,2930868901651.2827,192,S1_depeg_stablecoin,indonesia,USDC
356,0.966875913136946,2930855092577.0522,192,S1_depeg_stablecoin,indonesia,USDC
357,0.9444558390922013,2930852537554.6636,192,S1_depeg_stablecoin,indonesia,USDC
358,0.934612183112903,2930828120888.1484,192,S1_depeg_stablecoin,indonesia,USDC
359,0.9477007584452427,2930797065384.9995,192,S1_depeg_stablecoin,indonesia,USDC
360,0.9503056100481391,2930778662745.984,192,S1_depeg_stablecoin,indonesia,USDC
361,0.9785894300950545,2930762900092.873,192,S1_depeg_stablecoin,indonesia,USDC
362,0.9807697891367828,2930762900092.873,192,S1_depeg_stablecoin,indonesia,USDC
363,0.9718684473388421,2930762900092.873,192,S1_depeg_stablecoin,indonesia,USDC
364,0.9387160465416974,2930762900092.873,192,S1_depeg_stablecoin,indonesia,USDC
365,0.9307429007959607,2930734754914.7603,192,S1_depeg_stablecoin,indonesia,USDC
366,0.951084499474134,2930700575621.116,192,S1_depeg_stablecoin,indonesia,USDC
367,0.9493211871210867,2930686127714.1553,192,S1_depeg_stablecoin,indonesia,USDC
368,0.9257609656660828,2930669860402.4707,192,S1_depeg_stablecoin,indonesia,USDC
369,0.938682070779378,2930636312818.702,192,S1_depeg_stablecoin,indonesia,USDC
370,0.953196262996886,2930613814610.0293,192,S1_depeg_stablecoin,indonesia,USDC
371,0.9674525019091695,2930601869750.426,192,S1_depeg_stablecoin,indonesia,USDC
372,0.9677270643022774,2930600000759.248,192,S1_depeg_stablecoin,indonesia,USDC
373,0.9689116123928747,2930599518337.2817,192,S1_depeg_stablecoin,indonesia,USDC
374,0.94038579175522,2930598992004.1543,192,S1_depeg_stablecoin,indonesia,USDC
375,0.9947103741201482,2930579531152.5967,192,S1_depeg_stablecoin,indonesia,USDC
376,1.003612185708788,2930579531152.5967,192,S1_depeg_stablecoin,indonesia,USDC
377,1.006976992092301,2930579531152.5967,192,S1_depeg_stablecoin,indonesia,USDC
378,1.0040557838953108,2930579531152.5967,192,S1_depeg_stablecoin,indonesia,USDC
379,1.0116114746832043,2930579531152.5967,192,S1_depeg_stablecoin,indonesia,USDC
380,1.017742717181361,2930579531152.5967,192,S1_depeg_stablecoin,indonesia,USDC
381,1.0357660653446679,2930579531152.5967,192,S1_depeg_stablecoin,indonesia,USDC
382,0.9951520358442604,2930579531152.5967,192,S1_depeg_stablecoin,indonesia,USDC
383,1.017869061409764,2930579531152.5967,192,S1_depeg_stablecoin,indonesia,USDC
384,1.0095358757415778,2930579531152.5967,192,S1_depeg_stablecoin,indonesia,USDC
385,1.0481506886161,2930579531152.5967,192,S1_depeg_stablecoin,indonesia,USDC
386,1.0349969292356573,2930579531152.5967,192,S1_depeg_stablecoin,indonesia,USDC
387,1.0358968135851374,2930579531152.5967,192,S1_depeg_stablecoin,indonesia,USDC
388,1.0280704102312868,2930579531152.5967,192,S1_depeg_stablecoin,indonesia,USDC
389,1.0440177557646206,2930579531152.5967,192,S1_depeg_stablecoin,indonesia,USDC
390,1.0616135656896173,2930579531152.5967,192,S1_depeg_stablecoin,indonesia,USDC
391,1.0379365360735744,2930579531152.5967,192,S1_depeg_stablecoin,indonesia,USDC
392,1.0238435819963343,2930579531152.5967,192,S1_depeg_stablecoin,indonesia,USDC
393,1.000521006367698,2930579531152.5967,192,S1_depeg_stablecoin,indonesia,USDC
394,1.0032698933688167,2930579531152.5967,192,S1_depeg_stablecoin,indonesia,USDC
395,1.0135027934892018,2930579531152.5967,192,S1_depeg_stablecoin,indonesia,USDC
396,1.0254505869573076,2930579531152.5967,192,S1_depeg_stablecoin,indonesia,USDC
397,1.0216825352750067,2930579531152.5967,192,S1_depeg_stablecoin,indonesia,USDC
398,1.0530215894628259,2930579531152.5967,192,S1_depeg_stablecoin,indonesia,USDC
399,1.0606373174227617,2930579531152.5967,192,S1_depeg_stablecoin,indonesia,USDC
400,1.022252658631193,2930579531152.5967,192,S1_depeg_stablecoin,indonesia,USDC
401,1.0055865658351655,2930579531152.5967,192,S1_depeg_stablecoin,indonesia,USDC
402,1.0025322818315094,2930579531152.5967,192,S1_depeg_stablecoin,indonesia,USDC
403,1.0114856760619952,2930579531152.5967,192,S1_depeg_stablecoin,indonesia,USDC
404,1.0008203828407807,2930579531152.5967,192,S1_depeg_stablecoin,indonesia,USDC
405,1.0096355086345221,2930579531152.5967,192,S1_depeg_stablecoin,indonesia,USDC
406,1.0065659891367116,2930579531152.5967,192,S1_depeg_stablecoin,indonesia,USDC
407,1.0362416995040291,2930579531152.5967,192,S1_depeg_stablecoin,indonesia,USDC
408,1.0586014879454244,2930579531152.5967,192,S1_depeg_stablecoin,indonesia,USDC
409,1.052567252360486,2930579531152.5967,192,S1_depeg_stablecoin,indonesia,USDC
410,1.0411763702936923,2930579531152.5967,192,S1_depeg_stablecoin,indonesia,USDC
411,1.0084596293228154,2930579531152.5967,192,S1_depeg_stablecoin,indonesia,USDC
412,1.0098433631709272,2930579531152.5967,192,S1_depeg_stablecoin,indonesia,USDC
413,0.9853746042278746,2930579531152.5967,192,S1_depeg_stablecoin,indonesia,USDC
414,0.9919695940995926,2930579531152.5967,192,S1_depeg_stablecoin,indonesia,USDC
415,1.0221560011647832,2930579531152.5967,192,S1_depeg_stablecoin,indonesia,USDC
416,1.0062993843105728,2930579531152.5967,192,S1_depeg_stablecoin,indonesia,USDC
417,1.029610806989372,2930579531152.5967,192,S1_depeg_stablecoin,indonesia,USDC
418,1.0399796988121002,2930579531152.5967,192,S1_depeg_stablecoin,indonesia,USDC
419,1.023166049544057,2930579531152.5967,192,S1_depeg_stablecoin,indonesia,USDC
420,1.0153533727886908,2930579531152.5967,192,S1_depeg_stablecoin,indonesia,USDC
421,1.0354650767173408,2930579531152.5967,192,S1_depeg_stablecoin,indonesia,USDC
422,1.0117475909936233,2930579531152.5967,192,S1_depeg_stablecoin,indonesia,USDC
423,1.0205569082850445,2930579531152.5967,192,S1_depeg_stablecoin,indonesia,USDC
424,1.0426625864549672,2930579531152.5967,192,S1_depeg_stablecoin,indonesia,USDC
425,1.05825920474972,2930579531152.5967,192,S1_depeg_stablecoin,indonesia,USDC
426,1.0432475876949767,2930579531152.5967,192,S1_depeg_stablecoin,indonesia,USDC
427,1.026876766337629,2930579531152.5967,192,S1_depeg_stablecoin,indonesia,USDC
428,1.0331252893933418,2930579531152.5967,192,S1_depeg_stablecoin,indonesia,USDC
429,1.0399458046396806,2930579531152.5967,192,S1_depeg_stablecoin,indonesia,USDC
430,1.01734053690096,2930579531152.5967,192,S1_depeg_stablecoin,indonesia,USDC
431,1.0101098378009237,2930579531152.5967,192,S1_depeg_stablecoin,indonesia,USDC
432,0.9998570264314983,2930579531152.5967,192,S1_depeg_stablecoin,indonesia,USDC
433,0.996929317252351,2930579531152.5967,192,S1_depeg_stablecoin,indonesia,USDC
434,0.994247413579121,2930579531152.5967,192,S1_depeg_stablecoin,indonesia,USDC
435,0.9765941359844619,2930579531152.5967,192,S1_depeg_stablecoin,indonesia,USDC
436,0.9621380398226816,2930579531152.5967,192,S1_depeg_stablecoin,indonesia,USDC
437,0.9906791248420685,2930574853042.2656,192,S1_depeg_stablecoin,indonesia,USDC
438,0.988709769806994,2930574853042.2656,192,S1_depeg_stablecoin,indonesia,USDC
439,0.993340668736003,2930574853042.2656,192,S1_depeg_stablecoin,indonesia,USDC
440,0.9692578377620229,2930574853042.2656,192,S1_depeg_stablecoin,indonesia,USDC
441,0.9279381236961963,2930574853042.2656,192,S1_depeg_stablecoin,indonesia,USDC
442,0.9479063056812351,2930546022197.536,192,S1_depeg_stablecoin,indonesia,USDC
443,0.935415313706323,2930531681459.5693,192,S1_depeg_stablecoin,indonesia,USDC
444,0.9423641135000038,2930508810659.249,192,S1_depeg_stablecoin,indonesia,USDC
445,0.9614081721709373,2930493024471.3984,192,S1_depeg_stablecoin,indonesia,USDC
446,0.9315819511311348,2930488884251.8105,192,S1_depeg_stablecoin,indonesia,USDC
447,0.9432834762487863,2930465173490.9717,192,S1_depeg_stablecoin,indonesia,USDC
448,0.9145785908807974,2930451018600.1045,192,S1_depeg_stablecoin,indonesia,USDC
449,0.9253092576283142,2930418977217.4004,192,S1_depeg_stablecoin,indonesia,USDC
450,0.9131005100088113,2930395302780.7056,192,S1_depeg_stablecoin,indonesia,USDC
451,0.9344924174139245,2930367937544.672,192,S1_depeg_stablecoin,indonesia,USDC
452,0.9537474834551246,2930352063496.6133,192,S1_depeg_stablecoin,indonesia,USDC
453,0.9397226737032559,2930344697772.6655,192,S1_depeg_stablecoin,indonesia,USDC
454,0.981294030820798,2930330989969.118,192,S1_depeg_stablecoin,indonesia,USDC
455,0.963831689450133,2930330989969.118,192,S1_depeg_stablecoin,indonesia,USDC
456,0.9576401923599034,2930328465234.72,192,S1_depeg_stablecoin,indonesia,USDC
457,0.9808504441154939,2930322881108.0786,192,S1_depeg_stablecoin,indonesia,USDC
458,0.9656572464650202,2930322881108.0786,192,S1_depeg_stablecoin,indonesia,USDC
459,0.9611661689760281,2930321709977.38,192,S1_depeg_stablecoin,indonesia,USDC
460,0.9322769265019413,2930318073260.277,192,S1_depeg_stablecoin,indonesia,USDC
461,0.9654649247134056,2930302927799.9297,192,S1_depeg_stablecoin,indonesia,USDC
462,0.9612207997982085,2930300998261.627,192,S1_depeg_stablecoin,indonesia,USDC
463,0.9384815646093128,2930298101551.6104,192,S1_depeg_stablecoin,indonesia,USDC
464,0.9617172530412867,2930285702494.154,192,S1_depeg_stablecoin,indonesia,USDC
465,0.9752897389743485,2930282576943.5444,192,S1_depeg_stablecoin,indonesia,USDC
466,1.004916445194946,2930282576943.5444,192,S1_depeg_stablecoin,indonesia,USDC
467,0.973120887194724,2930282576943.5444,192,S1_depeg_stablecoin,indonesia,USDC
468,0.9649418949890683,2930282576943.5444,192,S1_depeg_stablecoin,indonesia,USDC
469,0.9859462659476221,2930280530992.1855,192,S1_depeg_stablecoin,indonesia,USDC
470,1.0065972893946546,2930280530992.1855,192,S1_depeg_stablecoin,indonesia,USDC
471,1.0080973567370595,2930280530992.1855,192,S1_depeg_stablecoin,indonesia,USDC
472,1.0139862723562814,2930280530992.1855,192,S1_depeg_stablecoin,indonesia,USDC
473,1.0078764797226203,2930280530992.1855,192,S1_depeg_stablecoin,indonesia,USDC
474,1.0436191599135336,2930280530992.1855,192,S1_depeg_stablecoin,indonesia,USDC
475,1.0217835093729153,2930280530992.1855,192,S1_depeg_stablecoin,indonesia,USDC
476,1.0143859061966565,2930280530992.1855,192,S1_depeg_stablecoin,indonesia,USDC
477,1.0166304328039604,2930280530992.1855,192,S1_depeg_stablecoin,indonesia,USDC
478,0.9966714131917469,2930280530992.1855,192,S1_depeg_stablecoin,indonesia,USDC
479,0.9537701049807245,2930280530992.1855,192,S1_depeg_stablecoin,indonesia,USDC
480,0.9833523540368487,2930274630448.7056,192,S1_depeg_stablecoin,indonesia,USDC
481,0.9920845904831499,2930274630448.7056,192,S1_depeg_stablecoin,indonesia,USDC
482,0.9590656676922951,2930274630448.7056,192,S1_depeg_stablecoin,indonesia,USDC
483,0.9850367409640141,2930270847074.0635,192,S1_depeg_stablecoin,indonesia,USDC
484,0.9916187676259722,2930270847074.0635,192,S1_depeg_stablecoin,indonesia,USDC
485,1.000206042605575,2930270847074.0635,192,S1_depeg_stablecoin,indonesia,USDC
486,1.0082443913377714,2930270847074.0635,192,S1_depeg_stablecoin,indonesia,USDC
487,1.0361033491648373,2930270847074.0635,192,S1_depeg_stablecoin,indonesia,USDC
488,1.0267887882144353,2930270847074.0635,192,S1_depeg_stablecoin,indonesia,USDC
489,1.036274105983602,2930270847074.0635,192,S1_depeg_stablecoin,indonesia,USDC
490,1.04356720249058,2930270847074.0635,192,S1_depeg_stablecoin,indonesia,USDC
491,1.0520819958173295,2930270847074.0635,192,S1_depeg_stablecoin,indonesia,USDC
492,1.0425623067692646,2930270847074.0635,192,S1_depeg_stablecoin,indonesia,USDC
493,1.026345770737738,2930270847074.0635,192,S1_depeg_stablecoin,indonesia,USDC
494,1.026609895772247,2930270847074.0635,192,S1_depeg_stablecoin,indonesia,USDC
495,1.0251867944845885,2930270847074.0635,192,S1_depeg_stablecoin,indonesia,USDC
496,1.031811385173794,2930270847074.0635,192,S1_depeg_stablecoin,indonesia,USDC
497,0.9938068635802884,2930270847074.0635,192,S1_depeg_stablecoin,indonesia,USDC
498,0.9712290306316189,2930270847074.0635,192,S1_depeg_stablecoin,indonesia,USDC
499,0.9910372041093624,2930270847074.0635,192,S1_depeg_stablecoin,indonesia,USDC
500,0.9558332971141578,2930270847074.0635,192,S1_depeg_stablecoin,indonesia,USDC
501,0.9329466659472252,2930265875959.437,192,S1_depeg_stablecoin,indonesia,USDC
502,0.934737272747317,2930252824628.3003,192,S1_depeg_stablecoin,indonesia,USDC
503,0.9299763089066386,2930240034501.402,192,S1_depeg_stablecoin,indonesia,USDC
504,0.9478600689449754,2930225600697.316,192,S1_depeg_stablecoin,indonesia,USDC
505,0.9652348571728374,2930218847159.8604,192,S1_depeg_stablecoin,indonesia,USDC
506,0.9657777520768789,2930217621930.1543,192,S1_depeg_stablecoin,indonesia,USDC
507,0.9753811092447535,2930216774357.2153,192,S1_depeg_stablecoin,indonesia,USDC
508,0.9857753486177435,2930216774357.2153,192,S1_depeg_stablecoin,indonesia,USDC
509,0.9755351167515434,2930216774357.2153,192,S1_depeg_stablecoin,indonesia,USDC
510,0.8488879433827887,2930216774357.2153,192,S1_depeg_stablecoin,indonesia,USDC
511,0.8781624515067751,2930178545352.4116,192,S1_depeg_stablecoin,indonesia,USDC
512,0.9133970492390567,2930153058254.8633,192,S1_depeg_stablecoin,indonesia,USDC
513,0.9125279078236143,2930137720820.76,192,S1_depeg_stablecoin,indonesia,USDC
514,0.9149957598161969,2930123056616.036,192,S1_depeg_stablecoin,indonesia,USDC
515,0.9254765496568849,2930110199271.458,192,S1_depeg_stablecoin,indonesia,USDC
516,0.9261748477751071,2930100660066.1836,192,S1_depeg_stablecoin,indonesia,USDC
517,0.9300955717901687,2930091423771.1035,192,S1_depeg_stablecoin,indonesia,USDC
518,0.9470573989897462,2930083871607.0454,192,S1_depeg_stablecoin,indonesia,USDC
519,0.9573822434018878,2930079461306.881,192,S1_depeg_stablecoin,indonesia,USDC
520,0.9738729812061606,2930077415401.29,192,S1_depeg_stablecoin,indonesia,USDC
521,0.9790036733357106,2930077415401.29,192,S1_depeg_stablecoin,indonesia,USDC
522,0.9605708475540152,2930077415401.29,192,S1_depeg_stablecoin,indonesia,USDC
523,0.9608850574405301,2930075595735.621,192,S1_depeg_stablecoin,indonesia,USDC
524,0.9606622263947031,2930073853806.225,192,S1_depeg_stablecoin,indonesia,USDC
525,0.9846153693100089,2930072212033.2324,192,S1_depeg_stablecoin,indonesia,USDC
526,0.9606509083033924,2930072212033.2324,192,S1_depeg_stablecoin,indonesia,USDC
527,0.9644715117169002,2930070702049.5137,192,S1_depeg_stablecoin,indonesia,USDC
528,0.9643191950782786,2930070003933.1177,192,S1_depeg_stablecoin,indonesia,USDC
529,1.0072312314635303,2930068951039.88,192,S1_depeg_stablecoin,indonesia,USDC
530,1.000104042714948,2930068951039.88,192,S1_depeg_stablecoin,indonesia,USDC
531,1.0072272656614167,2930068951039.88,192,S1_depeg_stablecoin,indonesia,USDC
532,0.969245859518368,2930068951039.88,192,S1_depeg_stablecoin,indonesia,USDC
533,0.9613392058220779,2930068812084.364,192,S1_depeg_stablecoin,indonesia,USDC
534,1.0228654277759193,2930067217514.7793,192,S1_depeg_stablecoin,indonesia,USDC
535,1.0003291305539976,2930067217514.7793,192,S1_depeg_stablecoin,indonesia,USDC
536,0.9742468155834549,2930067217514.7793,192,S1_depeg_stablecoin,indonesia,USDC
537,0.9416369068766572,2930067217514.7793,192,S1_depeg_stablecoin,indonesia,USDC
538,0.9654675284713414,2930062393799.75,192,S1_depeg_stablecoin,indonesia,USDC
539,0.9706415718619632,2930061589300.719,192,S1_depeg_stablecoin,indonesia,USDC
540,0.9853429212626688,2930061589300.719,192,S1_depeg_stablecoin,indonesia,USDC
541,0.9711494129013044,2930061589300.719,192,S1_depeg_stablecoin,indonesia,USDC
542,0.9632261494922594,2930061589300.719,192,S1_depeg_stablecoin,indonesia,USDC
543,0.9996422600561554,2930060392582.2715,192,S1_depeg_stablecoin,indonesia,USDC
544,1.002844924832247,2930060392582.2715,192,S1_depeg_stablecoin,indonesia,USDC
545,0.9942574575841207,2930060392582.2715,192,S1_depeg_stablecoin,indonesia,USDC
546,1.0004276103751744,2930060392582.2715,192,S1_depeg_stablecoin,indonesia,USDC
547,1.0092600232507198,2930060392582.2715,192,S1_depeg_stablecoin,indonesia,USDC
548,1.0073935777641836,2930060392582.2715,192,S1_depeg_stablecoin,indonesia,USDC
549,0.9886892876341561,2930060392582.2715,192,S1_depeg_stablecoin,indonesia,USDC
550,0.9929011196861617,2930060392582.2715,192,S1_depeg_stablecoin,indonesia,USDC
551,1.0089447665064366,2930060392582.2715,192,S1_depeg_stablecoin,indonesia,USDC
552,0.9934769812886156,2930060392582.2715,192,S1_depeg_stablecoin,indonesia,USDC
553,1.0213887028588282,2930060392582.2715,192,S1_depeg_stablecoin,indonesia,USDC
554,1.0095101581336317,2930060392582.2715,192,S1_depeg_stablecoin,indonesia,USDC
555,0.9352691683589436,2930060392582.2715,192,S1_depeg_stablecoin,indonesia,USDC
556,0.9457073230264852,2930054492010.458,192,S1_depeg_stablecoin,indonesia,USDC
557,0.954468857305742,2930050837756.1284,192,S1_depeg_stablecoin,indonesia,USDC
558,0.9601802673076381,2930048515002.155,192,S1_depeg_stablecoin,indonesia,USDC
559,0.9405664028350704,2930046912532.491,192,S1_depeg_stablecoin,indonesia,USDC
560,0.9583941903566279,2930042320690.3013,192,S1_depeg_stablecoin,indonesia,USDC
561,0.9522541576962384,2930040827061.8726,192,S1_depeg_stablecoin,indonesia,USDC
562,0.8343268067520887,2930038071788.9116,192,S1_depeg_stablecoin,indonesia,USDC
563,0.828577768461287,2930018654754.3745,192,S1_depeg_stablecoin,indonesia,USDC
564,0.8223854768886063,2930000295222.635,192,S1_depeg_stablecoin,indonesia,USDC
565,0.8180292356616315,2929984212366.002,192,S1_depeg_stablecoin,indonesia,USDC
566,0.8349993184252084,2929970073378.348,192,S1_depeg_stablecoin,indonesia,USDC
567,0.8637407945344655,2929959413511.2095,192,S1_depeg_stablecoin,indonesia,USDC
568,0.865997307651718,2929952319859.5415,192,S1_depeg_stablecoin,indonesia,USDC
569,0.8568300085557253,2929945802341.703,192,S1_depeg_stablecoin,indonesia,USDC
570,0.8757545516305827,2929939592920.7046,192,S1_depeg_stablecoin,indonesia,USDC
571,0.9001042499825317,2929934796023.4194,192,S1_depeg_stablecoin,indonesia,USDC
572,0.9199806327388639,2929931735083.978,192,S1_depeg_stablecoin,indonesia,USDC
573,0.9038467403315734,2929929594402.25,192,S1_depeg_stablecoin,indonesia,USDC
574,0.8982269292747,2929927039789.1025,192,S1_depeg_stablecoin,indonesia,USDC
575,0.9041810605628218,2929924381521.8184,192,S1_depeg_stablecoin,indonesia,USDC
576,0.9364098535226395,2929922177030.134,192,S1_depeg_stablecoin,indonesia,USDC
577,0.9468939939334642,2929921175200.479,192,S1_depeg_stablecoin,indonesia,USDC
578,0.9451349942276349,2929920437874.4355,192,S1_depeg_stablecoin,indonesia,USDC
579,0.9775279421806718,2929919748771.8076,192,S1_depeg_stablecoin,indonesia,USDC
580,0.98990323655029,2929919748771.8076,192,S1_depeg_stablecoin,indonesia,USDC
581,1.0416773850974645,2929919748771.8076,192,S1_depeg_stablecoin,indonesia,USDC
582,1.02624667762285,2929919748771.8076,192,S1_depeg_stablecoin,indonesia,USDC
583,1.0294672731000734,2929919748771.8076,192,S1_depeg_stablecoin,indonesia,USDC
584,1.0586751797076652,2929919748771.8076,192,S1_depeg_stablecoin,indonesia,USDC
585,0.8812246305956105,2929919748771.8076,192,S1_depeg_stablecoin,indonesia,USDC
586,0.8817931122973834,2929917227222.8193,192,S1_depeg_stablecoin,indonesia,USDC
587,0.8635200108960656,2929914936045.9517,192,S1_depeg_stablecoin,indonesia,USDC
588,0.8671166277263102,2929912282826.556,192,S1_depeg_stablecoin,indonesia,USDC
589,0.8916167256787176,2929910094040.6685,192,S1_depeg_stablecoin,indonesia,USDC
590,0.9174972889352047,2929908526561.4663,192,S1_depeg_stablecoin,indonesia,USDC
591,0.9032251854165783,2929907588326.4854,192,S1_depeg_stablecoin,indonesia,USDC
592,0.9136581616799829,2929906451368.477,192,S1_depeg_stablecoin,indonesia,USDC
593,0.9076743032987635,2929905557145.7495,192,S1_depeg_stablecoin,indonesia,USDC
594,0.9005284703747521,2929904571808.137,192,S1_depeg_stablecoin,indonesia,USDC
595,0.8894636034426946,2929903617646.047,192,S1_depeg_stablecoin,indonesia,USDC
596,0.8722871211340947,2929902505437.773,192,S1_depeg_stablecoin,indonesia,USDC
597,0.8606316688722805,2929901268060.3613,192,S1_depeg_stablecoin,indonesia,USDC
598,0.8748504142546617,2929900022600.642,192,S1_depeg_stablecoin,indonesia,USDC
599,0.901993324702901,2929899102432.6113,192,S1_depeg_stablecoin,indonesia,USDC
600,0.9230531285282936,2929898479821.386,192,S1_depeg_stablecoin,indonesia,USDC
601,0.9088993314470498,2929898090772.671,192,S1_depeg_stablecoin,indonesia,USDC
602,0.9170317375454151,2929897595111.8086,192,S1_depeg_stablecoin,indonesia,USDC
603,0.8988082679983279,2929897202847.999,192,S1_depeg_stablecoin,indonesia,USDC
604,0.9117052781402493,2929896726907.246,192,S1_depeg_stablecoin,indonesia,USDC
605,0.9158251079898223,2929896335973.8945,192,S1_depeg_stablecoin,indonesia,USDC
606,0.961482730933981,2929896021030.8013,192,S1_depeg_stablecoin,indonesia,USDC
607,0.9635451751238425,2929895981624.44,192,S1_depeg_stablecoin,indonesia,USDC
608,0.9519759900084933,2929895950378.187,192,S1_depeg_stablecoin,indonesia,USDC
609,0.9273511487945669,2929895853219.5513,192,S1_depeg_stablecoin,indonesia,USDC
610,0.9434847750385983,2929895612483.127,192,S1_depeg_stablecoin,indonesia,USDC
611,0.9688028965116,2929895470252.297,192,S1_depeg_stablecoin,indonesia,USDC
612,0.9622168361386414,2929895470252.297,192,S1_depeg_stablecoin,indonesia,USDC
613,0.9351997944444802,2929895431506.124,192,S1_depeg_stablecoin,indonesia,USDC
614,0.9639100191724089,2929895262006.1494,192,S1_depeg_stablecoin,indonesia,USDC
615,0.9421349096051078,2929895233454.2827,192,S1_depeg_stablecoin,indonesia,USDC
616,0.9400769194423908,2929895104437.0117,192,S1_depeg_stablecoin,indonesia,USDC
617,0.9466779952835704,2929894968900.2256,192,S1_depeg_stablecoin,indonesia,USDC
618,0.9806045409817008,2929894867814.8745,192,S1_depeg_stablecoin,indonesia,USDC
619,1.0028938928165938,2929894867814.8745,192,S1_depeg_stablecoin,indonesia,USDC
620,1.000553362995351,2929894867814.8745,192,S1_depeg_stablecoin,indonesia,USDC
621,1.012111100541339,2929894867814.8745,192,S1_depeg_stablecoin,indonesia,USDC
622,1.012062829011168,2929894867814.8745,192,S1_depeg_stablecoin,indonesia,USDC
623,1.0104826453752762,2929894867814.8745,192,S1_depeg_stablecoin,indonesia,USDC
624,0.9801776031038838,2929894867814.8745,192,S1_depeg_stablecoin,indonesia,USDC
625,0.9840164614794549,2929894867814.8745,192,S1_depeg_stablecoin,indonesia,USDC
626,0.9682856607602184,2929894867814.8745,192,S1_depeg_stablecoin,indonesia,USDC
627,0.9735247326123496,2929894864691.6113,192,S1_depeg_stablecoin,indonesia,USDC
628,0.9670990695199462,2929894864691.6113,192,S1_depeg_stablecoin,indonesia,USDC
629,0.993126599040078,2929894853377.876,192,S1_depeg_stablecoin,indonesia,USDC
630,0.971323673676998,2929894853377.876,192,S1_depeg_stablecoin,indonesia,USDC
631,0.9866496834941332,2929894853377.876,192,S1_depeg_stablecoin,indonesia,USDC
632,0.9639168240904348,2929894853377.876,192,S1_depeg_stablecoin,indonesia,USDC
633,0.979068593765504,2929894824332.658,192,S1_depeg_stablecoin,indonesia,USDC
634,0.9696592834501614,2929894824332.658,192,S1_depeg_stablecoin,indonesia,USDC
635,0.9523025883189933,2929894823271.369,192,S1_depeg_stablecoin,indonesia,USDC
636,0.954472897002399,2929894739321.179,192,S1_depeg_stablecoin,indonesia,USDC
637,0.9356329072705969,2929894677611.1787,192,S1_depeg_stablecoin,indonesia,USDC
638,0.9223157924355544,2929894519746.724,192,S1_depeg_stablecoin,indonesia,USDC
639,0.9259949455934375,2929894314096.3726,192,S1_depeg_stablecoin,indonesia,USDC
640,0.916147961487702,2929894133807.551,192,S1_depeg_stablecoin,indonesia,USDC
641,0.9269874883130567,2929893933538.252,192,S1_depeg_stablecoin,indonesia,USDC
642,0.935000689545157,2929893768955.537,192,S1_depeg_stablecoin,indonesia,USDC
643,0.9666696172608996,2929893648951.595,192,S1_depeg_stablecoin,indonesia,USDC
644,1.0137355596959277,2929893637185.342,192,S1_depeg_stablecoin,indonesia,USDC
645,1.0034930522922778,2929893637185.342,192,S1_depeg_stablecoin,indonesia,USDC
646,0.8268824258837226,2929893637185.342,192,S1_depeg_stablecoin,indonesia,USDC
647,0.820503274561971,2929893163762.7666,192,S1_depeg_stablecoin,indonesia,USDC
648,0.8548151818193286,2929892719742.234,192,S1_depeg_stablecoin,indonesia,USDC
649,0.8610839842581556,2929892429618.927,192,S1_depeg_stablecoin,indonesia,USDC
650,0.8472256817517431,2929892192390.462,192,S1_depeg_stablecoin,indonesia,USDC
651,0.8537596920743056,2929891958504.7007,192,S1_depeg_stablecoin,indonesia,USDC
652,0.8600849338442872,2929891763493.149,192,S1_depeg_stablecoin,indonesia,USDC
653,0.8736055547555766,2929891596042.6113,192,S1_depeg_stablecoin,indonesia,USDC
654,0.8604520097871594,2929891462420.283,192,S1_depeg_stablecoin,indonesia,USDC
655,0.8498252382990747,2929891331248.1567,192,S1_depeg_stablecoin,indonesia,USDC
656,0.8363557345362678,2929891193814.0957,192,S1_depeg_stablecoin,indonesia,USDC
657,0.869191939045514,2929891062568.0786,192,S1_depeg_stablecoin,indonesia,USDC
658,0.8791897966165133,2929890975204.9336,192,S1_depeg_stablecoin,indonesia,USDC
659,0.9005942170748112,2929890906307.7944,192,S1_depeg_stablecoin,indonesia,USDC
660,0.8984084808682101,2929890858558.102,192,S1_depeg_stablecoin,indonesia,USDC
661,0.9360310553098865,2929890812660.278,192,S1_depeg_stablecoin,indonesia,USDC
662,0.939749338227815,2929890793921.302,192,S1_depeg_stablecoin,indonesia,USDC
663,0.9363312367100634,2929890777241.346,192,S1_depeg_stablecoin,indonesia,USDC
664,0.936949874210061,2929890757966.7437,192,S1_depeg_stablecoin,indonesia,USDC
665,0.9031039501849994,2929890739703.0273,192,S1_depeg_stablecoin,indonesia,USDC
666,0.9291670302527513,2929890703995.3877,192,S1_depeg_stablecoin,indonesia,USDC
667,0.9367294452245243,2929890684885.4517,192,S1_depeg_stablecoin,indonesia,USDC
668,0.9552382667726917,2929890669006.579,192,S1_depeg_stablecoin,indonesia,USDC
669,0.9746161136833437,2929890663234.492,192,S1_depeg_stablecoin,indonesia,USDC
670,0.9678160902702898,2929890663234.492,192,S1_depeg_stablecoin,indonesia,USDC
671,0.9606913886218276,2929890662718.4033,192,S1_depeg_stablecoin,indonesia,USDC
672,0.9413046184785286,2929890659381.571,192,S1_depeg_stablecoin,indonesia,USDC
673,0.9645768664461939,2929890647330.9136,192,S1_depeg_stablecoin,indonesia,USDC
674,0.9853467150392795,2929890645729.343,192,S1_depeg_stablecoin,indonesia,USDC
675,0.9912803908087326,2929890645729.343,192,S1_depeg_stablecoin,indonesia,USDC
676,0.9859829368022969,2929890645729.343,192,S1_depeg_stablecoin,indonesia,USDC
677,0.972242677247271,2929890645729.343,192,S1_depeg_stablecoin,indonesia,USDC
678,0.9671901864197038,2929890645729.343,192,S1_depeg_stablecoin,indonesia,USDC
679,0.9828745290017756,2929890645218.4683,192,S1_depeg_stablecoin,indonesia,USDC
680,0.9494605856487279,2929890645218.4683,192,S1_depeg_stablecoin,indonesia,USDC
681,0.9360808465315192,2929890636999.4395,192,S1_depeg_stablecoin,indonesia,USDC
682,0.9488560069909775,2929890622961.519,192,S1_depeg_stablecoin,indonesia,USDC
683,0.9316778908481894,2929890615277.257,192,S1_depeg_stablecoin,indonesia,USDC
684,0.9539132426910939,2929890601122.7324,192,S1_depeg_stablecoin,indonesia,USDC
685,0.9503650249894768,2929890595735.0234,192,S1_depeg_stablecoin,indonesia,USDC
686,0.9551729050925843,2929890588502.173,192,S1_depeg_stablecoin,indonesia,USDC
687,0.9813540241434775,2929890583746.0117,192,S1_depeg_stablecoin,indonesia,USDC
688,0.9577458461025494,2929890583746.0117,192,S1_depeg_stablecoin,indonesia,USDC
689,0.9493712373391365,2929890579175.2417,192,S1_depeg_stablecoin,indonesia,USDC
690,0.9510199640238471,2929890572510.2607,192,S1_depeg_stablecoin,indonesia,USDC
691,0.9525323223715249,2929890566246.8755,192,S1_depeg_stablecoin,indonesia,USDC
692,0.9476237764744535,2929890560615.675,192,S1_depeg_stablecoin,indonesia,USDC
693,0.9371712131718478,2929890553717.3374,192,S1_depeg_stablecoin,indonesia,USDC
694,0.932826290231433,2929890542838.8857,192,S1_depeg_stablecoin,indonesia,USDC
695,0.950627128291096,2929890530540.883,192,S1_depeg_stablecoin,indonesia,USDC
696,0.9423537977022596,2929890524908.7036,192,S1_depeg_stablecoin,indonesia,USDC
697,0.9362820301386304,2929890516879.5195,192,S1_depeg_stablecoin,indonesia,USDC
698,0.914970221722909,2929890506627.131,192,S1_depeg_stablecoin,indonesia,USDC
699,0.9207274666146877,2929890491724.03,192,S1_depeg_stablecoin,indonesia,USDC
700,0.9409344112503089,2929890479122.284,192,S1_depeg_stablecoin,indonesia,USDC
701,0.9603379667101205,2929890471690.173,192,S1_depeg_stablecoin,indonesia,USDC
702,0.9758295735545242,2929890469546.5737,192,S1_depeg_stablecoin,indonesia,USDC
703,0.9370995778337564,2929890469546.5737,192,S1_depeg_stablecoin,indonesia,USDC
704,0.9517984088743265,2929890461409.566,192,S1_depeg_stablecoin,indonesia,USDC
705,0.9771038372610178,2929890457316.8574,192,S1_depeg_stablecoin,indonesia,USDC
706,0.9822171754030182,2929890457316.8574,192,S1_depeg_stablecoin,indonesia,USDC
707,0.995092308643044,2929890457316.8574,192,S1_depeg_stablecoin,indonesia,USDC
708,0.9927420109485251,2929890457316.8574,192,S1_depeg_stablecoin,indonesia,USDC
709,1.0169231514168335,2929890457316.8574,192,S1_depeg_stablecoin,indonesia,USDC
710,1.0228634026150152,2929890457316.8574,192,S1_depeg_stablecoin,indonesia,USDC
711,1.0204799683631969,2929890457316.8574,192,S1_depeg_stablecoin,indonesia,USDC
712,1.0250015927308112,2929890457316.8574,192,S1_depeg_stablecoin,indonesia,USDC
713,1.039902732002582,2929890457316.8574,192,S1_depeg_stablecoin,indonesia,USDC
714,1.0226917824418924,2929890457316.8574,192,S1_depeg_stablecoin,indonesia,USDC
715,1.029796400075354,2929890457316.8574,192,S1_depeg_stablecoin,indonesia,USDC
716,1.007112880853796,2929890457316.8574,192,S1_depeg_stablecoin,indonesia,USDC
717,1.032472594716701,2929890457316.8574,192,S1_depeg_stablecoin,indonesia,USDC
718,1.0282354236459599,2929890457316.8574,192,S1_depeg_stablecoin,indonesia,USDC
719,1.093429950694475,2929890457316.8574,192,S1_depeg_stablecoin,indonesia,USDC
720,1.0701123429229589,2929890457316.8574,192,S1_depeg_stablecoin,indonesia,USDC
721,1.0772892501752898,2929890457316.8574,192,S1_depeg_stablecoin,indonesia,USDC
722,1.0749296761253606,2929890457316.8574,192,S1_depeg_stablecoin,indonesia,USDC
723,1.079961914945783,2929890457316.8574,192,S1_depeg_stablecoin,indonesia,USDC
724,1.1082204392203925,2929890457316.8574,192,S1_depeg_stablecoin,indonesia,USDC
725,1.0874267004163094,2929890457316.8574,192,S1_depeg_stablecoin,indonesia,USDC
726,1.0869863468753531,2929890457316.8574,192,S1_depeg_stablecoin,indonesia,USDC
727,1.1028295030322322,2929890457316.8574,192,S1_depeg_stablecoin,indonesia,USDC
728,1.10069916460706,2929890457316.8574,192,S1_depeg_stablecoin,indonesia,USDC
729,1.1037738070451,2929890457316.8574,192,S1_depeg_stablecoin,indonesia,USDC
730,1.1205889150137656,2929890457316.8574,192,S1_depeg_stablecoin,indonesia,USDC
731,1.0684299833733288,2929890457316.8574,192,S1_depeg_stablecoin,indonesia,USDC
732,1.0385699383860163,2929890457316.8574,192,S1_depeg_stablecoin,indonesia,USDC
733,1.0393117542966934,2929890457316.8574,192,S1_depeg_stablecoin,indonesia,USDC
734,1.0668506822549448,2929890457316.8574,192,S1_depeg_stablecoin,indonesia,USDC
735,1.0389865257271689,2929890457316.8574,192,S1_depeg_stablecoin,indonesia,USDC
736,1.0390331928873888,2929890457316.8574,192,S1_depeg_stablecoin,indonesia,USDC
737,0.9790072680490985,2929890457316.8574,192,S1_depeg_stablecoin,indonesia,USDC
738,0.9587985128992998,2929890457316.8574,192,S1_depeg_stablecoin,indonesia,USDC
739,0.9871619643787117,2929890454760.255,192,S1_depeg_stablecoin,indonesia,USDC
740,0.9761434184744676,2929890454760.255,192,S1_depeg_stablecoin,indonesia,USDC
741,0.9503124270334057,2929890454760.255,192,S1_depeg_stablecoin,indonesia,USDC
742,0.9627534550185252,2929890450421.8574,192,S1_depeg_stablecoin,indonesia,USDC
743,0.9883750068070108,2929890449153.6055,192,S1_depeg_stablecoin,indonesia,USDC
744,0.9985764628434172,2929890449153.6055,192,S1_depeg_stablecoin,indonesia,USDC
745,0.9896285896267122,2929890449153.6055,192,S1_depeg_stablecoin,indonesia,USDC
746,1.0251005472193297,2929890449153.6055,192,S1_depeg_stablecoin,indonesia,USDC
747,1.026683975174038,2929890449153.6055,192,S1_depeg_stablecoin,indonesia,USDC
748,1.0241966608482,2929890449153.6055,192,S1_depeg_stablecoin,indonesia,USDC
749,0.9833730496337117,2929890449153.6055,192,S1_depeg_stablecoin,indonesia,USDC
750,0.9785031596065098,2929890449153.6055,192,S1_depeg_stablecoin,indonesia,USDC
751,0.9785175970787745,2929890449153.6055,192,S1_depeg_stablecoin,indonesia,USDC
752,0.9707027869112466,2929890449153.6055,192,S1_depeg_stablecoin,indonesia,USDC
753,0.9991237007311284,2929890449153.6055,192,S1_depeg_stablecoin,indonesia,USDC
754,1.003598364329085,2929890449153.6055,192,S1_depeg_stablecoin,indonesia,USDC
755,0.9800413714134061,2929890449153.6055,192,S1_depeg_stablecoin,indonesia,USDC
756,0.9891220171547601,2929890449153.6055,192,S1_depeg_stablecoin,indonesia,USDC
757,0.9907110103889619,2929890449153.6055,192,S1_depeg_stablecoin,indonesia,USDC
758,0.982262817831488,2929890449153.6055,192,S1_depeg_stablecoin,indonesia,USDC
759,0.9582742465432668,2929890449153.6055,192,S1_depeg_stablecoin,indonesia,USDC
760,0.9896327750350038,2929890446566.1543,192,S1_depeg_stablecoin,indonesia,USDC
761,1.0037906302546018,2929890446566.1543,192,S1_depeg_stablecoin,indonesia,USDC
762,0.9929980488828137,2929890446566.1543,192,S1_depeg_stablecoin,indonesia,USDC
763,1.0012927892034105,2929890446566.1543,192,S1_depeg_stablecoin,indonesia,USDC
764,0.998086003240716,2929890446566.1543,192,S1_depeg_stablecoin,indonesia,USDC
765,0.9970395296769474,2929890446566.1543,192,S1_depeg_stablecoin,indonesia,USDC
766,0.9517524197044231,2929890446566.1543,192,S1_depeg_stablecoin,indonesia,USDC
767,0.9659502723368864,2929890442899.117,192,S1_depeg_stablecoin,indonesia,USDC
768,0.9787466310436282,2929890441976.611,192,S1_depeg_stablecoin,indonesia,USDC
769,0.968803368382022,2929890441976.611,192,S1_depeg_stablecoin,indonesia,USDC
770,0.9557224869210398,2929890441976.611,192,S1_depeg_stablecoin,indonesia,USDC
771,0.9646297966039785,2929890439240.0527,192,S1_depeg_stablecoin,indonesia,USDC
772,0.9883810678146341,2929890438037.0073,192,S1_depeg_stablecoin,indonesia,USDC
773,0.9602344694870413,2929890438037.0073,192,S1_depeg_stablecoin,indonesia,USDC
774,0.980922336657932,2929890435861.422,192,S1_depeg_stablecoin,indonesia,USDC
775,0.9998670010855438,2929890435861.422,192,S1_depeg_stablecoin,indonesia,USDC
776,1.0442887967806809,2929890435861.422,192,S1_depeg_stablecoin,indonesia,USDC
777,1.0516712816265135,2929890435861.422,192,S1_depeg_stablecoin,indonesia,USDC
778,1.0567468515412781,2929890435861.422,192,S1_depeg_stablecoin,indonesia,USDC
779,1.006221824513725,2929890435861.422,192,S1_depeg_stablecoin,indonesia,USDC
780,1.0207256681836463,2929890435861.422,192,S1_depeg_stablecoin,indonesia,USDC
781,1.0248200294356118,2929890435861.422,192,S1_depeg_stablecoin,indonesia,USDC
782,1.017388547073815,2929890435861.422,192,S1_depeg_stablecoin,indonesia,USDC
783,1.0250097723831495,2929890435861.422,192,S1_depeg_stablecoin,indonesia,USDC
784,1.0555477294803122,2929890435861.422,192,S1_depeg_stablecoin,indonesia,USDC
785,1.0262828944023796,2929890435861.422,192,S1_depeg_stablecoin,indonesia,USDC
786,1.0159040160554358,2929890435861.422,192,S1_depeg_stablecoin,indonesia,USDC
787,0.9878347042313251,2929890435861.422,192,S1_depeg_stablecoin,indonesia,USDC
788,1.0066308578946594,2929890435861.422,192,S1_depeg_stablecoin,indonesia,USDC
789,1.0461458122383214,2929890435861.422,192,S1_depeg_stablecoin,indonesia,USDC
790,1.0518318126619106,2929890435861.422,192,S1_depeg_stablecoin,indonesia,USDC
791,1.1031084537532243,2929890435861.422,192,S1_depeg_stablecoin,indonesia,USDC
792,1.1070784374932574,2929890435861.422,192,S1_depeg_stablecoin,indonesia,USDC
793,1.0986670670263001,2929890435861.422,192,S1_depeg_stablecoin,indonesia,USDC
794,1.0561675676428743,2929890435861.422,192,S1_depeg_stablecoin,indonesia,USDC
795,1.0605273807735938,2929890435861.422,192,S1_depeg_stablecoin,indonesia,USDC
796,1.0781558302042789,2929890435861.422,192,S1_depeg_stablecoin,indonesia,USDC
797,1.086645266813607,2929890435861.422,192,S1_depeg_stablecoin,indonesia,USDC
798,1.0922579385793607,2929890435861.422,192,S1_depeg_stablecoin,indonesia,USDC
799,1.097699796940973,2929890435861.422,192,S1_depeg_stablecoin,indonesia,USDC
800,1.1079523204378179,2929890435861.422,192,S1_depeg_stablecoin,indonesia,USDC
801,1.111290404858408,2929890435861.422,192,S1_depeg_stablecoin,indonesia,USDC
802,1.0916405122501507,2929890435861.422,192,S1_depeg_stablecoin,indonesia,USDC
803,1.085178776979211,2929890435861.422,192,S1_depeg_stablecoin,indonesia,USDC
804,1.0938417937032197,2929890435861.422,192,S1_depeg_stablecoin,indonesia,USDC
805,1.0607657816981144,2929890435861.422,192,S1_depeg_stablecoin,indonesia,USDC
806,1.0903143037166647,2929890435861.422,192,S1_depeg_stablecoin,indonesia,USDC
807,1.074804017393756,2929890435861.422,192,S1_depeg_stablecoin,indonesia,USDC
808,1.0595354035241007,2929890435861.422,192,S1_depeg_stablecoin,indonesia,USDC
809,1.0338013956624286,2929890435861.422,192,S1_depeg_stablecoin,indonesia,USDC
810,1.0301230804913026,2929890435861.422,192,S1_depeg_stablecoin,indonesia,USDC
811,1.0428674949163088,2929890435861.422,192,S1_depeg_stablecoin,indonesia,USDC
812,1.0668574446407457,2929890435861.422,192,S1_depeg_stablecoin,indonesia,USDC
813,1.0358892866229252,2929890435861.422,192,S1_depeg_stablecoin,indonesia,USDC
814,1.0563796700564207,2929890435861.422,192,S1_depeg_stablecoin,indonesia,USDC
815,1.0713813151025036,2929890435861.422,192,S1_depeg_stablecoin,indonesia,USDC
816,0.9828902233656813,2929890435861.422,192,S1_depeg_stablecoin,indonesia,USDC
817,0.9862369265389845,2929890435861.422,192,S1_depeg_stablecoin,indonesia,USDC
818,1.0001052987031644,2929890435861.422,192,S1_depeg_stablecoin,indonesia,USDC
819,0.9880840186459648,2929890435861.422,192,S1_depeg_stablecoin,indonesia,USDC
820,0.9642218162886093,2929890435861.422,192,S1_depeg_stablecoin,indonesia,USDC
821,0.9674621014619207,2929890434715.831,192,S1_depeg_stablecoin,indonesia,USDC
822,0.9412739986158891,2929890434400.5576,192,S1_depeg_stablecoin,indonesia,USDC
823,0.9651564261514327,2929890428526.635,192,S1_depeg_stablecoin,indonesia,USDC
824,0.985445714560672,2929890427746.0913,192,S1_depeg_stablecoin,indonesia,USDC
825,1.0104913108575708,2929890427746.0913,192,S1_depeg_stablecoin,indonesia,USDC
826,1.0461905088390786,2929890427746.0913,192,S1_depeg_stablecoin,indonesia,USDC
827,1.0357481977371483,2929890427746.0913,192,S1_depeg_stablecoin,indonesia,USDC
828,1.0603188604018146,2929890427746.0913,192,S1_depeg_stablecoin,indonesia,USDC
829,1.051294049652396,2929890427746.0913,192,S1_depeg_stablecoin,indonesia,USDC
830,1.0317825759515749,2929890427746.0913,192,S1_depeg_stablecoin,indonesia,USDC
831,1.0354783959593592,2929890427746.0913,192,S1_depeg_stablecoin,indonesia,USDC
832,1.0711115097135573,2929890427746.0913,192,S1_depeg_stablecoin,indonesia,USDC
833,1.04399297147938,2929890427746.0913,192,S1_depeg_stablecoin,indonesia,USDC
834,1.0722980145456609,2929890427746.0913,192,S1_depeg_stablecoin,indonesia,USDC
835,1.0910138318361322,2929890427746.0913,192,S1_depeg_stablecoin,indonesia,USDC
836,1.0771652319483374,2929890427746.0913,192,S1_depeg_stablecoin,indonesia,USDC
837,1.0899136727775927,2929890427746.0913,192,S1_depeg_stablecoin,indonesia,USDC
838,1.078479960698241,2929890427746.0913,192,S1_depeg_stablecoin,indonesia,USDC
839,1.0655353135833612,2929890427746.0913,192,S1_depeg_stablecoin,indonesia,USDC
840,1.0403443393032212,2929890427746.0913,192,S1_depeg_stablecoin,indonesia,USDC
841,1.0420911142400553,2929890427746.0913,192,S1_depeg_stablecoin,indonesia,USDC
842,1.030406887425352,2929890427746.0913,192,S1_depeg_stablecoin,indonesia,USDC
843,0.9814900397241243,2929890427746.0913,192,S1_depeg_stablecoin,indonesia,USDC
844,0.9813955665850451,2929890427746.0913,192,S1_depeg_stablecoin,indonesia,USDC
845,0.970996605789436,2929890427746.0913,192,S1_depeg_stablecoin,indonesia,USDC
846,0.9666429512643507,2929890427746.0913,192,S1_depeg_stablecoin,indonesia,USDC
847,0.9680598902912055,2929890427273.368,192,S1_depeg_stablecoin,indonesia,USDC
848,0.9361384360676828,2929890427200.738,192,S1_depeg_stablecoin,indonesia,USDC
849,0.9497746567619167,2929890420710.958,192,S1_depeg_stablecoin,indonesia,USDC
850,0.9513537871930388,2929890416734.9604,192,S1_depeg_stablecoin,indonesia,USDC
851,0.9626928510087748,2929890413321.384,192,S1_depeg_stablecoin,indonesia,USDC
852,0.9319514374971768,2929890412247.707,192,S1_depeg_stablecoin,indonesia,USDC
853,0.9349639166932014,2929890405235.457,192,S1_depeg_stablecoin,indonesia,USDC
854,0.9330690301543222,2929890398829.9663,192,S1_depeg_stablecoin,indonesia,USDC
855,0.9618073353887885,2929890392705.428,192,S1_depeg_stablecoin,indonesia,USDC
856,0.9933151779815443,2929890391373.537,192,S1_depeg_stablecoin,indonesia,USDC
857,0.9528075361148457,2929890391373.537,192,S1_depeg_stablecoin,indonesia,USDC
858,0.9709911572494213,2929890388647.054,192,S1_depeg_stablecoin,indonesia,USDC
859,0.9714827049618945,2929890388647.054,192,S1_depeg_stablecoin,indonesia,USDC
860,0.979256120384656,2929890388647.054,192,S1_depeg_stablecoin,indonesia,USDC
861,0.9539110789105024,2929890388647.054,192,S1_depeg_stablecoin,indonesia,USDC
862,0.9641391317692964,2929890386008.957,192,S1_depeg_stablecoin,indonesia,USDC
863,0.9653378089087807,2929890385123.98,192,S1_depeg_stablecoin,indonesia,USDC
864,0.958972659012289,2929890384339.6475,192,S1_depeg_stablecoin,indonesia,USDC
865,0.9292553821954611,2929890382493.4062,192,S1_depeg_stablecoin,indonesia,USDC
866,0.9517314115884326,2929890375937.2876,192,S1_depeg_stablecoin,indonesia,USDC
867,0.9473024998194277,2929890373296.7715,192,S1_depeg_stablecoin,indonesia,USDC
868,0.9583183395843365,2929890369889.8047,192,S1_depeg_stablecoin,indonesia,USDC
869,0.9875747288468677,2929890368108.033,192,S1_depeg_stablecoin,indonesia,USDC
870,1.0313283249867937,2929890368108.033,192,S1_depeg_stablecoin,indonesia,USDC
871,1.0304841938235045,2929890368108.033,192,S1_depeg_stablecoin,indonesia,USDC
872,1.0212462590827622,2929890368108.033,192,S1_depeg_stablecoin,indonesia,USDC
873,1.0273070436325928,2929890368108.033,192,S1_depeg_stablecoin,indonesia,USDC
874,1.067483750264113,2929890368108.033,192,S1_depeg_stablecoin,indonesia,USDC
875,1.0319055488455464,2929890368108.033,192,S1_depeg_stablecoin,indonesia,USDC
876,1.0317390645213655,2929890368108.033,192,S1_depeg_stablecoin,indonesia,USDC
877,1.009953242196077,2929890368108.033,192,S1_depeg_stablecoin,indonesia,USDC
878,1.018698507544377,2929890368108.033,192,S1_depeg_stablecoin,indonesia,USDC
879,0.9886081669062377,2929890368108.033,192,S1_depeg_stablecoin,indonesia,USDC
880,0.9983597075608249,2929890368108.033,192,S1_depeg_stablecoin,indonesia,USDC
881,0.9772966703350349,2929890368108.033,192,S1_depeg_stablecoin,indonesia,USDC
882,0.9531218414059914,2929890368108.033,192,S1_depeg_stablecoin,indonesia,USDC
883,0.9021985540192939,2929890365564.6567,192,S1_depeg_stablecoin,indonesia,USDC
884,0.9222507535141256,2929890355525.4097,192,S1_depeg_stablecoin,indonesia,USDC
885,0.9641291945926936,2929890349297.0947,192,S1_depeg_stablecoin,indonesia,USDC
886,0.9849094775984963,2929890348761.76,192,S1_depeg_stablecoin,indonesia,USDC
887,1.0394038156488865,2929890348761.76,192,S1_depeg_stablecoin,indonesia,USDC
888,1.0214155076957312,2929890348761.76,192,S1_depeg_stablecoin,indonesia,USDC
889,0.8390330401190671,2929890348761.76,192,S1_depeg_stablecoin,indonesia,USDC
890,0.8343362832942554,2929890332006.365,192,S1_depeg_stablecoin,indonesia,USDC
891,0.8464264414065267,2929890316612.31,192,S1_depeg_stablecoin,indonesia,USDC
892,0.8776471884472695,2929890304551.283,192,S1_depeg_stablecoin,indonesia,USDC
893,0.8671114510834963,2929890296685.7837,192,S1_depeg_stablecoin,indonesia,USDC
894,0.8417391478694483,2929890288921.33,192,S1_depeg_stablecoin,indonesia,USDC
895,0.8447798817518994,2929890280610.7607,192,S1_depeg_stablecoin,indonesia,USDC
896,0.8561685819110162,2929890273354.8164,192,S1_depeg_stablecoin,indonesia,USDC
897,0.8791521743202803,2929890267320.9946,192,S1_depeg_stablecoin,indonesia,USDC
898,0.8953136263743664,2929890263163.2607,192,S1_depeg_stablecoin,indonesia,USDC
899,0.8953678353908902,2929890260211.556,192,S1_depeg_stablecoin,indonesia,USDC
900,0.9384088080280427,2929890257405.232,192,S1_depeg_stablecoin,indonesia,USDC
901,0.9437716436504099,2929890256362.739,192,S1_depeg_stablecoin,indonesia,USDC
902,0.9526553831081156,2929890255498.958,192,S1_depeg_stablecoin,indonesia,USDC
903,0.9610947550070691,2929890254925.678,192,S1_depeg_stablecoin,indonesia,USDC
904,0.961208345097797,2929890254644.004,192,S1_depeg_stablecoin,indonesia,USDC
905,0.9508730373350887,2929890254412.9717,192,S1_depeg_stablecoin,indonesia,USDC
906,0.9539788944353742,2929890253854.8564,192,S1_depeg_stablecoin,indonesia,USDC
907,0.9423555869182775,2929890253379.1543,192,S1_depeg_stablecoin,indonesia,USDC
908,0.9776915178674931,2929890252576.5327,192,S1_depeg_stablecoin,indonesia,USDC
909,0.9642572370194211,2929890252576.5327,192,S1_depeg_stablecoin,indonesia,USDC
910,0.9818666288396575,2929890252433.074,192,S1_depeg_stablecoin,indonesia,USDC
911,0.9769892561481615,2929890252433.074,192,S1_depeg_stablecoin,indonesia,USDC
912,0.9806456078599755,2929890252433.074,192,S1_depeg_stablecoin,indonesia,USDC
913,0.9702567411125251,2929890252433.074,192,S1_depeg_stablecoin,indonesia,USDC
914,0.9768764161348749,2929890252433.074,192,S1_depeg_stablecoin,indonesia,USDC
915,0.9865522683182493,2929890252433.074,192,S1_depeg_stablecoin,indonesia,USDC
916,0.9704155814616782,2929890252433.074,192,S1_depeg_stablecoin,indonesia,USDC
917,0.980149068009742,2929890252433.074,192,S1_depeg_stablecoin,indonesia,USDC
918,0.9756959264459901,2929890252433.074,192,S1_depeg_stablecoin,indonesia,USDC
919,0.9787206470980885,2929890252433.074,192,S1_depeg_stablecoin,indonesia,USDC
920,1.011260301916404,2929890252433.074,192,S1_depeg_stablecoin,indonesia,USDC
921,1.0609657812217506,2929890252433.074,192,S1_depeg_stablecoin,indonesia,USDC
922,1.027911624413069,2929890252433.074,192,S1_depeg_stablecoin,indonesia,USDC
923,1.0071770926900463,2929890252433.074,192,S1_depeg_stablecoin,indonesia,USDC
924,1.0133052339453812,2929890252433.074,192,S1_depeg_stablecoin,indonesia,USDC
925,0.9750968741986519,2929890252433.074,192,S1_depeg_stablecoin,indonesia,USDC
926,0.9572548065047143,2929890252433.074,192,S1_depeg_stablecoin,indonesia,USDC
927,0.9384699671570684,2929890252054.4067,192,S1_depeg_stablecoin,indonesia,USDC
928,0.9357812153547805,2929890251170.9966,192,S1_depeg_stablecoin,indonesia,USDC
929,0.919001790327197,2929890250236.5215,192,S1_depeg_stablecoin,indonesia,USDC
930,0.9310787847659382,2929890248866.883,192,S1_depeg_stablecoin,indonesia,USDC
931,0.9124322833447118,2929890247786.377,192,S1_depeg_stablecoin,indonesia,USDC
932,0.9294297538615008,2929890246252.345,192,S1_depeg_stablecoin,indonesia,USDC
933,0.9346930913200209,2929890245266.5444,192,S1_depeg_stablecoin,indonesia,USDC
934,0.9295574337103993,2929890244417.4253,192,S1_depeg_stablecoin,indonesia,USDC
935,0.9428639272190716,2929890243506.944,192,S1_depeg_stablecoin,indonesia,USDC
936,0.9176773229666423,2929890242946.81,192,S1_depeg_stablecoin,indonesia,USDC
937,0.9243483454135524,2929890241813.5957,192,S1_depeg_stablecoin,indonesia,USDC
938,0.937571266277574,2929890240878.197,192,S1_depeg_stablecoin,indonesia,USDC
939,0.9370122215611882,2929890240285.913,192,S1_depeg_stablecoin,indonesia,USDC
940,0.9574805726690199,2929890239701.975,192,S1_depeg_stablecoin,indonesia,USDC
941,0.9521990774598799,2929890239472.707,192,S1_depeg_stablecoin,indonesia,USDC
942,0.9885393908027822,2929890239194.13,192,S1_depeg_stablecoin,indonesia,USDC
943,0.9999731745307451,2929890239194.13,192,S1_depeg_stablecoin,indonesia,USDC
944,0.9958499864071025,2929890239194.13,192,S1_depeg_stablecoin,indonesia,USDC
945,0.9954830360937115,2929890239194.13,192,S1_depeg_stablecoin,indonesia,USDC
946,0.9646768368171796,2929890239194.13,192,S1_depeg_stablecoin,indonesia,USDC
947,0.9848939690607649,2929890239119.7456,192,S1_depeg_stablecoin,indonesia,USDC
948,0.970377145197732,2929890239119.7456,192,S1_depeg_stablecoin,indonesia,USDC
949,0.9586739834588667,2929890239119.7456,192,S1_depeg_stablecoin,indonesia,USDC
950,0.9661508777812011,2929890238919.131,192,S1_depeg_stablecoin,indonesia,USDC
951,0.9874332126022044,2929890238851.748,192,S1_depeg_stablecoin,indonesia,USDC
952,0.9929857888618457,2929890238851.748,192,S1_depeg_stablecoin,indonesia,USDC
953,0.986957502039678,2929890238851.748,192,S1_depeg_stablecoin,indonesia,USDC
954,1.0094825819864854,2929890238851.748,192,S1_depeg_stablecoin,indonesia,USDC
955,1.0158117989660909,2929890238851.748,192,S1_depeg_stablecoin,indonesia,USDC
956,1.0059590668224927,2929890238851.748,192,S1_depeg_stablecoin,indonesia,USDC
957,0.9977676431227674,2929890238851.748,192,S1_depeg_stablecoin,indonesia,USDC
958,0.9840581369870071,2929890238851.748,192,S1_depeg_stablecoin,indonesia,USDC
959,1.0001001195593482,2929890238851.748,192,S1_depeg_stablecoin,indonesia,USDC
960,0.9929101816134897,2929890238851.748,192,S1_depeg_stablecoin,indonesia,USDC
961,0.9977182209694271,2929890238851.748,192,S1_depeg_stablecoin,indonesia,USDC
962,0.9954678823625036,2929890238851.748,192,S1_depeg_stablecoin,indonesia,USDC
963,0.9974182848987466,2929890238851.748,192,S1_depeg_stablecoin,indonesia,USDC
964,0.9831442678006799,2929890238851.748,192,S1_depeg_stablecoin,indonesia,USDC
965,0.9634571929516239,2929890238851.748,192,S1_depeg_stablecoin,indonesia,USDC
966,0.9435004329189957,2929890238758.2744,192,S1_depeg_stablecoin,indonesia,USDC
967,0.9504830798373717,2929890238298.769,192,S1_depeg_stablecoin,indonesia,USDC
968,0.9530992777683216,2929890237983.277,192,S1_depeg_stablecoin,indonesia,USDC
969,0.9503123275940638,2929890237742.51,192,S1_depeg_stablecoin,indonesia,USDC
970,0.9688778634571644,2929890237448.9263,192,S1_depeg_stablecoin,indonesia,USDC
971,1.0378362361259614,2929890237443.1924,192,S1_depeg_stablecoin,indonesia,USDC
972,1.033587768340004,2929890237443.1924,192,S1_depeg_stablecoin,indonesia,USDC
973,1.047746726853083,2929890237443.1924,192,S1_depeg_stablecoin,indonesia,USDC
974,1.0533880865523224,2929890237443.1924,192,S1_depeg_stablecoin,indonesia,USDC
975,1.0740488964502972,2929890237443.1924,192,S1_depeg_stablecoin,indonesia,USDC
976,1.0848746215778613,2929890237443.1924,192,S1_depeg_stablecoin,indonesia,USDC
977,1.0592907148980453,2929890237443.1924,192,S1_depeg_stablecoin,indonesia,USDC
978,1.0417711373570981,2929890237443.1924,192,S1_depeg_stablecoin,indonesia,USDC
979,1.0576280690876652,2929890237443.1924,192,S1_depeg_stablecoin,indonesia,USDC
980,1.0559304288568554,2929890237443.1924,192,S1_depeg_stablecoin,indonesia,USDC
981,1.0692447349461138,2929890237443.1924,192,S1_depeg_stablecoin,indonesia,USDC
982,1.0739524941453515,2929890237443.1924,192,S1_depeg_stablecoin,indonesia,USDC
983,1.0550928697011763,2929890237443.1924,192,S1_depeg_stablecoin,indonesia,USDC
984,1.0457872026270558,2929890237443.1924,192,S1_depeg_stablecoin,indonesia,USDC
985,1.0588490135469761,2929890237443.1924,192,S1_depeg_stablecoin,indonesia,USDC
986,1.0658698348631825,2929890237443.1924,192,S1_depeg_stablecoin,indonesia,USDC
987,1.0686416276307769,2929890237443.1924,192,S1_depeg_stablecoin,indonesia,USDC
988,1.1003723545642912,2929890237443.1924,192,S1_depeg_stablecoin,indonesia,USDC
989,1.0869826314403548,2929890237443.1924,192,S1_depeg_stablecoin,indonesia,USDC
990,1.084332977528115,2929890237443.1924,192,S1_depeg_stablecoin,indonesia,USDC
991,1.1138535417006121,2929890237443.1924,192,S1_depeg_stablecoin,indonesia,USDC
992,1.0997314751431018,2929890237443.1924,192,S1_depeg_stablecoin,indonesia,USDC
993,1.0791053478197676,2929890237443.1924,192,S1_depeg_stablecoin,indonesia,USDC
994,1.0473278608348688,2929890237443.1924,192,S1_depeg_stablecoin,indonesia,USDC
995,1.0208393452054727,2929890237443.1924,192,S1_depeg_stablecoin,indonesia,USDC
996,1.0272333515185863,2929890237443.1924,192,S1_depeg_stablecoin,indonesia,USDC
997,1.0091798695038825,2929890237443.1924,192,S1_depeg_stablecoin,indonesia,USDC
998,1.0211271841568448,2929890237443.1924,192,S1_depeg_stablecoin,indonesia,USDC
999,1.0187396341121415,2929890237443.1924,192,S1_depeg_stablecoin,indonesia,USDC
1000,1.0099911128423669,2929890237443.1924,192,S1_depeg_stablecoin,indonesia,USDC
