Step,price,liquidity,iteration,scenario,region,coin
1,1.010130976379919,2990161602856.4937,489,S1_depeg_stablecoin,indonesia,USDC
2,1.019967094247133,2990161602856.4937,489,S1_depeg_stablecoin,indonesia,USDC
3,0.9988782331064859,2990161602856.4937,489,S1_depeg_stablecoin,indonesia,USDC
4,0.978479542822333,2990161602856.4937,489,S1_depeg_stablecoin,indonesia,USDC
5,0.9920571749707916,2990161602856.4937,489,S1_depeg_stablecoin,indonesia,USDC
6,0.9751216490174404,2990161602856.4937,489,S1_depeg_stablecoin,indonesia,USDC
7,0.973015857314244,2990161602856.4937,489,S1_depeg_stablecoin,indonesia,USDC
8,0.9718218128574533,2990161602856.4937,489,S1_depeg_stablecoin,indonesia,USDC
9,0.9699321308316565,2990161602856.4937,489,S1_depeg_stablecoin,indonesia,USDC
10,0.9699567910021654,2990158804127.902,489,S1_depeg_stablecoin,indonesia,USDC
11,0.9628669016714666,2990158804127.902,489,S1_depeg_stablecoin,indonesia,USDC
12,0.9528420169302015,2989737321133.316,489,S1_depeg_stablecoin,indonesia,USDC
13,0.9404612153236585,2988721500950.551,489,S1_depeg_stablecoin,indonesia,USDC
14,0.9610621765426082,2986986476110.01,489,S1_depeg_stablecoin,indonesia,USDC
15,0.9582813289659762,2986483902314.888,489,S1_depeg_stablecoin,indonesia,USDC
16,1.002387275813868,2985837611952.4014,489,S1_depeg_stablecoin,indonesia,USDC
17,1.0179907055245254,2985837611952.4014,489,S1_depeg_stablecoin,indonesia,USDC
18,1.0224336658496562,2985837611952.4014,489,S1_depeg_stablecoin,indonesia,USDC
19,1.0202113395089045,2985837611952.4014,489,S1_depeg_stablecoin,indonesia,USDC
20,1.0343493807984527,2985837611952.4014,489,S1_depeg_stablecoin,indonesia,USDC
21,1.0225405958752043,2985837611952.4014,489,S1_depeg_stablecoin,indonesia,USDC
22,1.0345515225477457,2985837611952.4014,489,S1_depeg_stablecoin,indonesia,USDC
23,1.0490426385475453,2985837611952.4014,489,S1_depeg_stablecoin,indonesia,USDC
24,1.0495100326435642,2985837611952.4014,489,S1_depeg_stablecoin,indonesia,USDC
25,1.0719234248276266,2985837611952.4014,489,S1_depeg_stablecoin,indonesia,USDC
26,1.0860856758159192,2985837611952.4014,489,S1_depeg_stablecoin,indonesia,USDC
27,1.0925777629454227,2985837611952.4014,489,S1_depeg_stablecoin,indonesia,USDC
28,1.0738391876536286,2985837611952.4014,489,S1_depeg_stablecoin,indonesia,USDC
29,1.0462959138026284,2985837611952.4014,489,S1_depeg_stablecoin,indonesia,USDC
30,1.0493244053289934,2985837611952.4014,489,S1_depeg_stablecoin,indonesia,USDC
31,1.0254500773656001,2985837611952.4014,489,S1_depeg_stablecoin,indonesia,USDC
32,1.0494354923790794,2985837611952.4014,489,S1_depeg_stablecoin,indonesia,USDC
33,1.0819607424067683,2985837611952.4014,489,S1_depeg_stablecoin,indonesia,USDC
34,1.0916393215125493,2985837611952.4014,489,S1_depeg_stablecoin,indonesia,USDC
35,1.08285507255779,2985837611952.4014,489,S1_depeg_stablecoin,indonesia,USDC
36,1.0953402742090332,2985837611952.4014,489,S1_depeg_stablecoin,indonesia,USDC
37,1.0763947381778711,2985837611952.4014,489,S1_depeg_stablecoin,indonesia,USDC
38,1.0569119842010661,2985837611952.4014,489,S1_depeg_stablecoin,indonesia,USDC
39,1.0226071822190985,2985837611952.4014,489,S1_depeg_stablecoin,indonesia,USDC
40,1.0238294712004914,2985837611952.4014,489,S1_depeg_stablecoin,indonesia,USDC
41,1.0103524543167828,2985837611952.4014,489,S1_depeg_stablecoin,indonesia,USDC
42,1.0027827536793508,2985837611952.4014,489,S1_depeg_stablecoin,indonesia,USDC
43,0.9936346065129207,2985837611952.4014,489,S1_depeg_stablecoin,indonesia,USDC
44,0.9777637580571826,2985837611952.4014,489,S1_depeg_stablecoin,indonesia,USDC
45,0.9814327619699668,2985837611952.4014,489,S1_depeg_stablecoin,indonesia,USDC
46,0.9725315211598856,2985837611952.4014,489,S1_depeg_stablecoin,indonesia,USDC
47,0.9606616471866313,2985837611952.4014,489,S1_depeg_stablecoin,indonesia,USDC
48,0.963048132776073,2985339198501.502,489,S1_depeg_stablecoin,indonesia,USDC
49,0.974646202346611,2984943747657.5225,489,S1_depeg_stablecoin,indonesia,USDC
50,0.9636021461774592,2984943747657.5225,489,S1_depeg_stablecoin,indonesia,USDC
51,0.9741003604288963,2984582419663.17,489,S1_depeg_stablecoin,indonesia,USDC
52,1.0205059465826676,2984582419663.17,489,S1_depeg_stablecoin,indonesia,USDC
53,1.0324976768170575,2984582419663.17,489,S1_depeg_stablecoin,indonesia,USDC
54,1.047605548524322,2984582419663.17,489,S1_depeg_stablecoin,indonesia,USDC
55,1.0575591608668413,2984582419663.17,489,S1_depeg_stablecoin,indonesia,USDC
56,1.0701965613146949,2984582419663.17,489,S1_depeg_stablecoin,indonesia,USDC
57,1.0917313343407393,2984582419663.17,489,S1_depeg_stablecoin,indonesia,USDC
58,1.0566357107216067,2984582419663.17,489,S1_depeg_stablecoin,indonesia,USDC
59,1.0418458526804788,2984582419663.17,489,S1_depeg_stablecoin,indonesia,USDC
60,1.0196978686627884,2984582419663.17,489,S1_depeg_stablecoin,indonesia,USDC
61,0.9928616904002053,2984582419663.17,489,S1_depeg_stablecoin,indonesia,USDC
62,1.0002458750261396,2984582419663.17,489,S1_depeg_stablecoin,indonesia,USDC
63,1.0122328969690009,2984582419663.17,489,S1_depeg_stablecoin,indonesia,USDC
64,1.0264326409968136,2984582419663.17,489,S1_depeg_stablecoin,indonesia,USDC
65,1.0307446645481446,2984582419663.17,489,S1_depeg_stablecoin,indonesia,USDC
66,1.0373911688517505,2984582419663.17,489,S1_depeg_stablecoin,indonesia,USDC
67,1.030796094770584,2984582419663.17,489,S1_depeg_stablecoin,indonesia,USDC
68,1.0250951643082358,2984582419663.17,489,S1_depeg_stablecoin,indonesia,USDC
69,1.0215220223334447,2984582419663.17,489,S1_depeg_stablecoin,indonesia,USDC
70,1.0347747447145568,2984582419663.17,489,S1_depeg_stablecoin,indonesia,USDC
71,1.01947295594815,2984582419663.17,489,S1_depeg_stablecoin,indonesia,USDC
72,1.0522141261250164,2984582419663.17,489,S1_depeg_stablecoin,indonesia,USDC
73,1.0183379736445093,2984582419663.17,489,S1_depeg_stablecoin,indonesia,USDC
74,1.009352631336407,2984582419663.17,489,S1_depeg_stablecoin,indonesia,USDC
75,1.0281782370474861,2984582419663.17,489,S1_depeg_stablecoin,indonesia,USDC
76,0.9882591654803591,2984582419663.17,489,S1_depeg_stablecoin,indonesia,USDC
77,1.013394382554155,2984582419663.17,489,S1_depeg_stablecoin,indonesia,USDC
78,1.0207961672610022,2984582419663.17,489,S1_depeg_stablecoin,indonesia,USDC
79,1.0240786994973523,2984582419663.17,489,S1_depeg_stablecoin,indonesia,USDC
80,1.0151049909654966,2984582419663.17,489,S1_depeg_stablecoin,indonesia,USDC
81,1.0579786887951905,2984582419663.17,489,S1_depeg_stablecoin,indonesia,USDC
82,1.0500603589230013,2984582419663.17,489,S1_depeg_stablecoin,indonesia,USDC
83,1.0558491416874993,2984582419663.17,489,S1_depeg_stablecoin,indonesia,USDC
84,1.0520454181303482,2984582419663.17,489,S1_depeg_stablecoin,indonesia,USDC
85,1.0564830417135094,2984582419663.17,489,S1_depeg_stablecoin,indonesia,USDC
86,1.0305668857939452,2984582419663.17,489,S1_depeg_stablecoin,indonesia,USDC
87,0.9965464178607781,2984582419663.17,489,S1_depeg_stablecoin,indonesia,USDC
88,0.988359221867278,2984582419663.17,489,S1_depeg_stablecoin,indonesia,USDC
89,0.9578005007512652,2984582419663.17,489,S1_depeg_stablecoin,indonesia,USDC
90,0.9764392746166207,2983897979752.089,489,S1_depeg_stablecoin,indonesia,USDC
91,0.9915041680363701,2983897979752.089,489,S1_depeg_stablecoin,indonesia,USDC
92,1.005060882045061,2983897979752.089,489,S1_depeg_stablecoin,indonesia,USDC
93,0.9926177809771571,2983897979752.089,489,S1_depeg_stablecoin,indonesia,USDC
94,0.9995374824376431,2983897979752.089,489,S1_depeg_stablecoin,indonesia,USDC
95,1.0020106740762262,2983897979752.089,489,S1_depeg_stablecoin,indonesia,USDC
96,0.9733711756352789,2983897979752.089,489,S1_depeg_stablecoin,indonesia,USDC
97,0.9617171185476427,2983897979752.089,489,S1_depeg_stablecoin,indonesia,USDC
98,0.9763775405515218,2983439121979.403,489,S1_depeg_stablecoin,indonesia,USDC
99,0.9741793717456338,2983439121979.403,489,S1_depeg_stablecoin,indonesia,USDC
100,0.9709032941471731,2983439121979.403,489,S1_depeg_stablecoin,indonesia,USDC
101,0.8584388634703474,2983439121979.403,489,S1_depeg_stablecoin,indonesia,USDC
102,0.8796721713537055,2977642519246.3115,489,S1_depeg_stablecoin,indonesia,USDC
103,0.871156833546976,2973399967610.5024,489,S1_depeg_stablecoin,indonesia,USDC
104,0.887317581844235,2969271458633.8154,489,S1_depeg_stablecoin,indonesia,USDC
105,0.8933745552691054,2965937749923.1016,489,S1_depeg_stablecoin,indonesia,USDC
106,0.8926138365712554,2963308233634.287,489,S1_depeg_stablecoin,indonesia,USDC
107,0.8880529386663288,2960847289189.966,489,S1_depeg_stablecoin,indonesia,USDC
108,0.8946568158260475,2958314015846.5317,489,S1_depeg_stablecoin,indonesia,USDC
109,0.9186808849136406,2956127322612.666,489,S1_depeg_stablecoin,indonesia,USDC
110,0.9203666445314924,2954826354853.704,489,S1_depeg_stablecoin,indonesia,USDC
111,0.9266746743673425,2953631724067.3486,489,S1_depeg_stablecoin,indonesia,USDC
112,0.9068984198316452,2952672133417.785,489,S1_depeg_stablecoin,indonesia,USDC
113,0.89560479529114,2951243733544.049,489,S1_depeg_stablecoin,indonesia,USDC
114,0.9271532182983176,2949702800401.6426,489,S1_depeg_stablecoin,indonesia,USDC
115,0.9353746837862581,2948839627798.131,489,S1_depeg_stablecoin,indonesia,USDC
116,0.9512853939970294,2948172893241.582,489,S1_depeg_stablecoin,indonesia,USDC
117,0.9522347763667967,2947870621532.895,489,S1_depeg_stablecoin,indonesia,USDC
118,0.9681363149505513,2947560629323.164,489,S1_depeg_stablecoin,indonesia,USDC
119,0.9739472088346379,2947546361246.374,489,S1_depeg_stablecoin,indonesia,USDC
120,0.965887013392529,2947546361246.374,489,S1_depeg_stablecoin,indonesia,USDC
121,0.9457538297815603,2947472646526.342,489,S1_depeg_stablecoin,indonesia,USDC
122,0.978110880755379,2947039938782.55,489,S1_depeg_stablecoin,indonesia,USDC
123,0.9928084887603493,2947039938782.55,489,S1_depeg_stablecoin,indonesia,USDC
124,0.9861479437636972,2947039938782.55,489,S1_depeg_stablecoin,indonesia,USDC
125,1.012340872760473,2947039938782.55,489,S1_depeg_stablecoin,indonesia,USDC
126,1.0303233411345876,2947039938782.55,489,S1_depeg_stablecoin,indonesia,USDC
127,0.9822746723866591,2947039938782.55,489,S1_depeg_stablecoin,indonesia,USDC
128,0.9872947988754083,2947039938782.55,489,S1_depeg_stablecoin,indonesia,USDC
129,0.985943971583603,2947039938782.55,489,S1_depeg_stablecoin,indonesia,USDC
130,0.9743124639980904,2947039938782.55,489,S1_depeg_stablecoin,indonesia,USDC
131,0.9660349575064922,2947039938782.55,489,S1_depeg_stablecoin,indonesia,USDC
132,0.9885267309853717,2947000495845.1074,489,S1_depeg_stablecoin,indonesia,USDC
133,0.9614580707220366,2947000495845.1074,489,S1_depeg_stablecoin,indonesia,USDC
134,0.9534671713049954,2946863409557.149,489,S1_depeg_stablecoin,indonesia,USDC
135,0.9667356278108005,2946578741403.459,489,S1_depeg_stablecoin,indonesia,USDC
136,0.9558697421141323,2946551642063.0947,489,S1_depeg_stablecoin,indonesia,USDC
137,0.963833446732495,2946337644280.797,489,S1_depeg_stablecoin,indonesia,USDC
138,1.0036032409722784,2946264965066.458,489,S1_depeg_stablecoin,indonesia,USDC
139,0.9980985923974033,2946264965066.458,489,S1_depeg_stablecoin,indonesia,USDC
140,0.9733456949010135,2946264965066.458,489,S1_depeg_stablecoin,indonesia,USDC
141,0.9885709238137663,2946264965066.458,489,S1_depeg_stablecoin,indonesia,USDC
142,0.9685109382050947,2946264965066.458,489,S1_depeg_stablecoin,indonesia,USDC
143,0.9700057854253669,2946248381724.7627,489,S1_depeg_stablecoin,indonesia,USDC
144,1.0097284090290493,2946248381724.7627,489,S1_depeg_stablecoin,indonesia,USDC
145,1.0421038251229668,2946248381724.7627,489,S1_depeg_stablecoin,indonesia,USDC
146,0.9961300612792487,2946248381724.7627,489,S1_depeg_stablecoin,indonesia,USDC
147,0.9709901444567693,2946248381724.7627,489,S1_depeg_stablecoin,indonesia,USDC
148,0.9580366366268325,2946248381724.7627,489,S1_depeg_stablecoin,indonesia,USDC
149,0.978873636630577,2946084774287.91,489,S1_depeg_stablecoin,indonesia,USDC
150,0.9726367301675932,2946084774287.91,489,S1_depeg_stablecoin,indonesia,USDC
151,0.9816349736921369,2946084774287.91,489,S1_depeg_stablecoin,indonesia,USDC
152,0.9764909704130255,2946084774287.91,489,S1_depeg_stablecoin,indonesia,USDC
153,0.9630840406611385,2946084774287.91,489,S1_depeg_stablecoin,indonesia,USDC
154,0.9528551392446317,2946001544340.786,489,S1_depeg_stablecoin,indonesia,USDC
155,0.9586009418910474,2945747158385.5166,489,S1_depeg_stablecoin,indonesia,USDC
156,0.9295129495133035,2945586104498.4453,489,S1_depeg_stablecoin,indonesia,USDC
157,0.9426335745903515,2944998340379.465,489,S1_depeg_stablecoin,indonesia,USDC
158,0.9554512185194891,2944608929792.033,489,S1_depeg_stablecoin,indonesia,USDC
159,0.9756839897218,2944425413851.795,489,S1_depeg_stablecoin,indonesia,USDC
160,0.9915600576379071,2944425413851.795,489,S1_depeg_stablecoin,indonesia,USDC
161,1.0055342989571956,2944425413851.795,489,S1_depeg_stablecoin,indonesia,USDC
162,1.0256919992838758,2944425413851.795,489,S1_depeg_stablecoin,indonesia,USDC
163,0.8724342305546398,2944425413851.795,489,S1_depeg_stablecoin,indonesia,USDC
164,0.8869492206436521,2942990713135.321,489,S1_depeg_stablecoin,indonesia,USDC
165,0.7891061572000703,2941892292921.8105,489,S1_depeg_stablecoin,indonesia,USDC
166,0.8337002382364167,2939704654154.172,489,S1_depeg_stablecoin,indonesia,USDC
167,0.8571094257209195,2938363710217.7065,489,S1_depeg_stablecoin,indonesia,USDC
168,0.8751027840736184,2937409132268.9375,489,S1_depeg_stablecoin,indonesia,USDC
169,0.8849238819890596,2936700090656.994,489,S1_depeg_stablecoin,indonesia,USDC
170,0.9192454632167879,2936165402028.0854,489,S1_depeg_stablecoin,indonesia,USDC
171,0.936046217677924,2935851257650.8755,489,S1_depeg_stablecoin,indonesia,USDC
172,0.9429156809991621,2935664657734.9165,489,S1_depeg_stablecoin,indonesia,USDC
173,0.962415257885488,2935527194243.3716,489,S1_depeg_stablecoin,indonesia,USDC
174,0.9470577801241237,2935492207819.903,489,S1_depeg_stablecoin,indonesia,USDC
175,0.9577571183312993,2935366129560.993,489,S1_depeg_stablecoin,indonesia,USDC
176,0.9578703247836831,2935304170848.483,489,S1_depeg_stablecoin,indonesia,USDC
177,1.0068248887133273,2935243601474.708,489,S1_depeg_stablecoin,indonesia,USDC
178,1.015866963719229,2935243601474.708,489,S1_depeg_stablecoin,indonesia,USDC
179,1.028407846673294,2935243601474.708,489,S1_depeg_stablecoin,indonesia,USDC
180,1.0283870770931292,2935243601474.708,489,S1_depeg_stablecoin,indonesia,USDC
181,1.0248016219013756,2935243601474.708,489,S1_depeg_stablecoin,indonesia,USDC
182,1.0164429168791953,2935243601474.708,489,S1_depeg_stablecoin,indonesia,USDC
183,1.0080613182553206,2935243601474.708,489,S1_depeg_stablecoin,indonesia,USDC
184,1.0058438291837857,2935243601474.708,489,S1_depeg_stablecoin,indonesia,USDC
185,1.0253592894544423,2935243601474.708,489,S1_depeg_stablecoin,indonesia,USDC
186,1.041632259659335,2935243601474.708,489,S1_depeg_stablecoin,indonesia,USDC
187,1.0594670019496821,2935243601474.708,489,S1_depeg_stablecoin,indonesia,USDC
188,1.044517099358227,2935243601474.708,489,S1_depeg_stablecoin,indonesia,USDC
189,1.0471370202690933,2935243601474.708,489,S1_depeg_stablecoin,indonesia,USDC
190,1.0445218546745128,2935243601474.708,489,S1_depeg_stablecoin,indonesia,USDC
191,1.0460282814612636,2935243601474.708,489,S1_depeg_stablecoin,indonesia,USDC
192,1.0355843094705972,2935243601474.708,489,S1_depeg_stablecoin,indonesia,USDC
193,1.0243804621130461,2935243601474.708,489,S1_depeg_stablecoin,indonesia,USDC
194,1.0174301107372474,2935243601474.708,489,S1_depeg_stablecoin,indonesia,USDC
195,0.9876196254961183,2935243601474.708,489,S1_depeg_stablecoin,indonesia,USDC
196,0.9814624475811552,2935243601474.708,489,S1_depeg_stablecoin,indonesia,USDC
197,0.9715627452953339,2935243601474.708,489,S1_depeg_stablecoin,indonesia,USDC
198,0.9697263665439714,2935243601474.708,489,S1_depeg_stablecoin,indonesia,USDC
199,0.9539824896560171,2935242648349.6597,489,S1_depeg_stablecoin,indonesia,USDC
200,0.989130348017225,2935170797993.404,489,S1_depeg_stablecoin,indonesia,USDC
201,0.972345480921295,2935170797993.404,489,S1_depeg_stablecoin,indonesia,USDC
202,0.9771304031342893,2935170797993.404,489,S1_depeg_stablecoin,indonesia,USDC
203,0.9881399199871954,2935170797993.404,489,S1_depeg_stablecoin,indonesia,USDC
204,0.9692510718839333,2935170797993.404,489,S1_depeg_stablecoin,indonesia,USDC
205,0.9711358617598582,2935166930439.7163,489,S1_depeg_stablecoin,indonesia,USDC
206,0.9984910862194366,2935166930439.7163,489,S1_depeg_stablecoin,indonesia,USDC
207,1.0057489306535214,2935166930439.7163,489,S1_depeg_stablecoin,indonesia,USDC
208,1.0144452219666849,2935166930439.7163,489,S1_depeg_stablecoin,indonesia,USDC
209,0.9884130682851782,2935166930439.7163,489,S1_depeg_stablecoin,indonesia,USDC
210,0.996873999837927,2935166930439.7163,489,S1_depeg_stablecoin,indonesia,USDC
211,1.0076425260860478,2935166930439.7163,489,S1_depeg_stablecoin,indonesia,USDC
212,0.9983353875901346,2935166930439.7163,489,S1_depeg_stablecoin,indonesia,USDC
213,1.0281148779052218,2935166930439.7163,489,S1_depeg_stablecoin,indonesia,USDC
214,1.0734292553566136,2935166930439.7163,489,S1_depeg_stablecoin,indonesia,USDC
215,1.080988980910335,2935166930439.7163,489,S1_depeg_stablecoin,indonesia,USDC
216,1.0758597333813766,2935166930439.7163,489,S1_depeg_stablecoin,indonesia,USDC
217,1.0564266502091533,2935166930439.7163,489,S1_depeg_stablecoin,indonesia,USDC
218,1.0748061404606228,2935166930439.7163,489,S1_depeg_stablecoin,indonesia,USDC
219,1.0494905507031014,2935166930439.7163,489,S1_depeg_stablecoin,indonesia,USDC
220,1.0352913414366975,2935166930439.7163,489,S1_depeg_stablecoin,indonesia,USDC
221,1.0110765085363576,2935166930439.7163,489,S1_depeg_stablecoin,indonesia,USDC
222,1.0169299341325855,2935166930439.7163,489,S1_depeg_stablecoin,indonesia,USDC
223,1.0354208725573602,2935166930439.7163,489,S1_depeg_stablecoin,indonesia,USDC
224,1.0183587703422603,2935166930439.7163,489,S1_depeg_stablecoin,indonesia,USDC
225,1.0293717312375101,2935166930439.7163,489,S1_depeg_stablecoin,indonesia,USDC
226,1.022331217924922,2935166930439.7163,489,S1_depeg_stablecoin,indonesia,USDC
227,1.0303251883454267,2935166930439.7163,489,S1_depeg_stablecoin,indonesia,USDC
228,0.9971628886710004,2935166930439.7163,489,S1_depeg_stablecoin,indonesia,USDC
229,0.9899612730447002,2935166930439.7163,489,S1_depeg_stablecoin,indonesia,USDC
230,1.0201970543089864,2935166930439.7163,489,S1_depeg_stablecoin,indonesia,USDC
231,1.0124695694289265,2935166930439.7163,489,S1_depeg_stablecoin,indonesia,USDC
232,0.9939463379949197,2935166930439.7163,489,S1_depeg_stablecoin,indonesia,USDC
233,1.0095467152627224,2935166930439.7163,489,S1_depeg_stablecoin,indonesia,USDC
234,0.8948856734508879,2935166930439.7163,489,S1_depeg_stablecoin,indonesia,USDC
235,0.8963086054969905,2934797359546.0703,489,S1_depeg_stablecoin,indonesia,USDC
236,0.9178158873490736,2934445178747.069,489,S1_depeg_stablecoin,indonesia,USDC
237,0.8922159162448656,2934214730698.7983,489,S1_depeg_stablecoin,indonesia,USDC
238,0.8947576077494401,2933904662465.6406,489,S1_depeg_stablecoin,indonesia,USDC
239,0.9240124423978495,2933621111821.7305,489,S1_depeg_stablecoin,indonesia,USDC
240,0.9372476554383607,2933470647506.2925,489,S1_depeg_stablecoin,indonesia,USDC
241,0.9772742028253326,2933369620233.0566,489,S1_depeg_stablecoin,indonesia,USDC
242,0.9413028679166434,2933369620233.0566,489,S1_depeg_stablecoin,indonesia,USDC
243,0.9393530734866103,2933277953357.5537,489,S1_depeg_stablecoin,indonesia,USDC
244,0.9640135555655911,2933189235098.992,489,S1_depeg_stablecoin,indonesia,USDC
245,0.9705494621448769,2933172434966.165,489,S1_depeg_stablecoin,indonesia,USDC
246,0.9625227041408209,2933172434966.165,489,S1_depeg_stablecoin,indonesia,USDC
247,0.9677071625373868,2933155042192.785,489,S1_depeg_stablecoin,indonesia,USDC
248,0.9747614909781878,2933152949267.677,489,S1_depeg_stablecoin,indonesia,USDC
249,0.975672570182738,2933152949267.677,489,S1_depeg_stablecoin,indonesia,USDC
250,0.9764323167257237,2933152949267.677,489,S1_depeg_stablecoin,indonesia,USDC
251,0.9868275960710194,2933152949267.677,489,S1_depeg_stablecoin,indonesia,USDC
252,0.9842001553652083,2933152949267.677,489,S1_depeg_stablecoin,indonesia,USDC
253,0.9835520869151606,2933152949267.677,489,S1_depeg_stablecoin,indonesia,USDC
254,0.9767661130100479,2933152949267.677,489,S1_depeg_stablecoin,indonesia,USDC
255,0.9954131263573553,2933152949267.677,489,S1_depeg_stablecoin,indonesia,USDC
256,0.9665831022496689,2933152949267.677,489,S1_depeg_stablecoin,indonesia,USDC
257,0.9757043372770755,2933144109801.2188,489,S1_depeg_stablecoin,indonesia,USDC
258,0.9892173329684426,2933144109801.2188,489,S1_depeg_stablecoin,indonesia,USDC
259,1.0161051099551526,2933144109801.2188,489,S1_depeg_stablecoin,indonesia,USDC
260,1.048285922822107,2933144109801.2188,489,S1_depeg_stablecoin,indonesia,USDC
261,1.0388882317149108,2933144109801.2188,489,S1_depeg_stablecoin,indonesia,USDC
262,1.0662700659993494,2933144109801.2188,489,S1_depeg_stablecoin,indonesia,USDC
263,1.047338306239914,2933144109801.2188,489,S1_depeg_stablecoin,indonesia,USDC
264,1.0549499333095815,2933144109801.2188,489,S1_depeg_stablecoin,indonesia,USDC
265,1.0691336246819163,2933144109801.2188,489,S1_depeg_stablecoin,indonesia,USDC
266,1.0620377822484026,2933144109801.2188,489,S1_depeg_stablecoin,indonesia,USDC
267,1.070829060851816,2933144109801.2188,489,S1_depeg_stablecoin,indonesia,USDC
268,1.10660062111368,2933144109801.2188,489,S1_depeg_stablecoin,indonesia,USDC
269,1.0823870848623476,2933144109801.2188,489,S1_depeg_stablecoin,indonesia,USDC
270,1.0593725645197427,2933144109801.2188,489,S1_depeg_stablecoin,indonesia,USDC
271,1.0567828928479694,2933144109801.2188,489,S1_depeg_stablecoin,indonesia,USDC
272,1.0655123893211913,2933144109801.2188,489,S1_depeg_stablecoin,indonesia,USDC
273,1.074344821717974,2933144109801.2188,489,S1_depeg_stablecoin,indonesia,USDC
274,1.0893955942536533,2933144109801.2188,489,S1_depeg_stablecoin,indonesia,USDC
275,1.0555749954237201,2933144109801.2188,489,S1_depeg_stablecoin,indonesia,USDC
276,1.0579750396778853,2933144109801.2188,489,S1_depeg_stablecoin,indonesia,USDC
277,1.078745843477507,2933144109801.2188,489,S1_depeg_stablecoin,indonesia,USDC
278,1.053257519723151,2933144109801.2188,489,S1_depeg_stablecoin,indonesia,USDC
279,1.0116270710428044,2933144109801.2188,489,S1_depeg_stablecoin,indonesia,USDC
280,1.025230597472533,2933144109801.2188,489,S1_depeg_stablecoin,indonesia,USDC
281,0.9924810941055765,2933144109801.2188,489,S1_depeg_stablecoin,indonesia,USDC
282,1.001580010892901,2933144109801.2188,489,S1_depeg_stablecoin,indonesia,USDC
283,1.0317703345797031,2933144109801.2188,489,S1_depeg_stablecoin,indonesia,USDC
284,1.0190366862664118,2933144109801.2188,489,S1_depeg_stablecoin,indonesia,USDC
285,0.990353417213608,2933144109801.2188,489,S1_depeg_stablecoin,indonesia,USDC
286,1.0033048547866956,2933144109801.2188,489,S1_depeg_stablecoin,indonesia,USDC
287,1.003484281914223,2933144109801.2188,489,S1_depeg_stablecoin,indonesia,USDC
288,0.9773646545612308,2933144109801.2188,489,S1_depeg_stablecoin,indonesia,USDC
289,0.9916136262969341,2933144109801.2188,489,S1_depeg_stablecoin,indonesia,USDC
290,0.99696218745951,2933144109801.2188,489,S1_depeg_stablecoin,indonesia,USDC
291,1.0107455122720463,2933144109801.2188,489,S1_depeg_stablecoin,indonesia,USDC
292,0.9786086554480573,2933144109801.2188,489,S1_depeg_stablecoin,indonesia,USDC
293,0.9918963705950382,2933144109801.2188,489,S1_depeg_stablecoin,indonesia,USDC
294,0.9868159147626275,2933144109801.2188,489,S1_depeg_stablecoin,indonesia,USDC
295,0.9919620829357401,2933144109801.2188,489,S1_depeg_stablecoin,indonesia,USDC
296,1.0338186370551725,2933144109801.2188,489,S1_depeg_stablecoin,indonesia,USDC
297,1.0383883176052804,2933144109801.2188,489,S1_depeg_stablecoin,indonesia,USDC
298,1.0439658663083564,2933144109801.2188,489,S1_depeg_stablecoin,indonesia,USDC
299,1.0117681729362769,2933144109801.2188,489,S1_depeg_stablecoin,indonesia,USDC
300,0.9930397374568809,2933144109801.2188,489,S1_depeg_stablecoin,indonesia,USDC
301,1.005624915671189,2933144109801.2188,489,S1_depeg_stablecoin,indonesia,USDC
302,1.0080158362420053,2933144109801.2188,489,S1_depeg_stablecoin,indonesia,USDC
303,1.0005631035695888,2933144109801.2188,489,S1_depeg_stablecoin,indonesia,USDC
304,1.000985666529442,2933144109801.2188,489,S1_depeg_stablecoin,indonesia,USDC
305,0.9731719845452376,2933144109801.2188,489,S1_depeg_stablecoin,indonesia,USDC
306,0.9576618276651881,2933144109801.2188,489,S1_depeg_stablecoin,indonesia,USDC
307,0.9862043648010568,2933106173012.895,489,S1_depeg_stablecoin,indonesia,USDC
308,1.013761677841854,2933106173012.895,489,S1_depeg_stablecoin,indonesia,USDC
309,1.0133481724603222,2933106173012.895,489,S1_depeg_stablecoin,indonesia,USDC
310,1.041575706239326,2933106173012.895,489,S1_depeg_stablecoin,indonesia,USDC
311,1.0396235254218913,2933106173012.895,489,S1_depeg_stablecoin,indonesia,USDC
312,1.0707887251390749,2933106173012.895,489,S1_depeg_stablecoin,indonesia,USDC
313,1.0579072496688642,2933106173012.895,489,S1_depeg_stablecoin,indonesia,USDC
314,1.063100047716413,2933106173012.895,489,S1_depeg_stablecoin,indonesia,USDC
315,1.0811996504174757,2933106173012.895,489,S1_depeg_stablecoin,indonesia,USDC
316,1.0738976812569134,2933106173012.895,489,S1_depeg_stablecoin,indonesia,USDC
317,1.0527941329231996,2933106173012.895,489,S1_depeg_stablecoin,indonesia,USDC
318,1.0423739747642276,2933106173012.895,489,S1_depeg_stablecoin,indonesia,USDC
319,1.0021228705854137,2933106173012.895,489,S1_depeg_stablecoin,indonesia,USDC
320,1.0043579880677833,2933106173012.895,489,S1_depeg_stablecoin,indonesia,USDC
321,1.0094906948287674,2933106173012.895,489,S1_depeg_stablecoin,indonesia,USDC
322,0.9859382019123668,2933106173012.895,489,S1_depeg_stablecoin,indonesia,USDC
323,0.9577620497409939,2933106173012.895,489,S1_depeg_stablecoin,indonesia,USDC
324,0.9863159000137999,2933073280563.666,489,S1_depeg_stablecoin,indonesia,USDC
325,0.9580366448461427,2933073280563.666,489,S1_depeg_stablecoin,indonesia,USDC
326,0.9621844799797515,2933043667938.698,489,S1_depeg_stablecoin,indonesia,USDC
327,0.9581431915298322,2933020446456.8945,489,S1_depeg_stablecoin,indonesia,USDC
328,0.9647508841709954,2932991669490.333,489,S1_depeg_stablecoin,indonesia,USDC
329,0.9877462527052686,2932978079386.4624,489,S1_depeg_stablecoin,indonesia,USDC
330,0.9804635937342611,2932978079386.4624,489,S1_depeg_stablecoin,indonesia,USDC
331,0.993425087578317,2932978079386.4624,489,S1_depeg_stablecoin,indonesia,USDC
332,0.9790926376758982,2932978079386.4624,489,S1_depeg_stablecoin,indonesia,USDC
333,0.9906308563460048,2932978079386.4624,489,S1_depeg_stablecoin,indonesia,USDC
334,0.9900500066804434,2932978079386.4624,489,S1_depeg_stablecoin,indonesia,USDC
335,0.98276864736988,2932978079386.4624,489,S1_depeg_stablecoin,indonesia,USDC
336,0.9573053940154439,2932978079386.4624,489,S1_depeg_stablecoin,indonesia,USDC
337,0.9522912142823063,2932941219530.9854,489,S1_depeg_stablecoin,indonesia,USDC
338,0.9198913861322668,2932895013701.4507,489,S1_depeg_stablecoin,indonesia,USDC
339,0.9027981957840179,2932765097267.5586,489,S1_depeg_stablecoin,indonesia,USDC
340,0.9248660047394115,2932584726626.641,489,S1_depeg_stablecoin,indonesia,USDC
341,0.9057644476007922,2932481363422.245,489,S1_depeg_stablecoin,indonesia,USDC
342,0.9449156721602162,2932339011973.3193,489,S1_depeg_stablecoin,indonesia,USDC
343,0.9833736914867008,2932288886418.427,489,S1_depeg_stablecoin,indonesia,USDC
344,0.9880800586691397,2932288886418.427,489,S1_depeg_stablecoin,indonesia,USDC
345,0.9981953036095916,2932288886418.427,489,S1_depeg_stablecoin,indonesia,USDC
346,1.0043007003560451,2932288886418.427,489,S1_depeg_stablecoin,indonesia,USDC
347,1.0335201614251643,2932288886418.427,489,S1_depeg_stablecoin,indonesia,USDC
348,1.0533165023098465,2932288886418.427,489,S1_depeg_stablecoin,indonesia,USDC
349,1.0015922398848967,2932288886418.427,489,S1_depeg_stablecoin,indonesia,USDC
350,1.033409186774169,2932288886418.427,489,S1_depeg_stablecoin,indonesia,USDC
351,1.021634835981162,2932288886418.427,489,S1_depeg_stablecoin,indonesia,USDC
352,1.0347425131954504,2932288886418.427,489,S1_depeg_stablecoin,indonesia,USDC
353,1.0161039339637703,2932288886418.427,489,S1_depeg_stablecoin,indonesia,USDC
354,1.0224104157949827,2932288886418.427,489,S1_depeg_stablecoin,indonesia,USDC
355,0.9964703282656501,2932288886418.427,489,S1_depeg_stablecoin,indonesia,USDC
356,1.0349713609670783,2932288886418.427,489,S1_depeg_stablecoin,indonesia,USDC
357,0.9997326034966897,2932288886418.427,489,S1_depeg_stablecoin,indonesia,USDC
358,0.9845712166499628,2932288886418.427,489,S1_depeg_stablecoin,indonesia,USDC
359,1.014622772082063,2932288886418.427,489,S1_depeg_stablecoin,indonesia,USDC
360,0.9908705831697783,2932288886418.427,489,S1_depeg_stablecoin,indonesia,USDC
361,0.9644001439980517,2932288886418.427,489,S1_depeg_stablecoin,indonesia,USDC
362,0.980391877871281,2932277894481.533,489,S1_depeg_stablecoin,indonesia,USDC
363,0.9717424651754499,2932277894481.533,489,S1_depeg_stablecoin,indonesia,USDC
364,0.941314107703678,2932277894481.533,489,S1_depeg_stablecoin,indonesia,USDC
365,0.946576404619008,2932219566150.8813,489,S1_depeg_stablecoin,indonesia,USDC
366,0.9481630073344504,2932171745930.7817,489,S1_depeg_stablecoin,indonesia,USDC
367,0.9890467402951928,2932131863981.318,489,S1_depeg_stablecoin,indonesia,USDC
368,0.9851137301752264,2932131863981.318,489,S1_depeg_stablecoin,indonesia,USDC
369,0.9951969340139593,2932131863981.318,489,S1_depeg_stablecoin,indonesia,USDC
370,1.008470319186806,2932131863981.318,489,S1_depeg_stablecoin,indonesia,USDC
371,1.0234202113954476,2932131863981.318,489,S1_depeg_stablecoin,indonesia,USDC
372,1.0491375136749348,2932131863981.318,489,S1_depeg_stablecoin,indonesia,USDC
373,1.036894978201415,2932131863981.318,489,S1_depeg_stablecoin,indonesia,USDC
374,1.0507304122138434,2932131863981.318,489,S1_depeg_stablecoin,indonesia,USDC
375,1.046294237836049,2932131863981.318,489,S1_depeg_stablecoin,indonesia,USDC
376,1.0207607990286114,2932131863981.318,489,S1_depeg_stablecoin,indonesia,USDC
377,1.0225641672444554,2932131863981.318,489,S1_depeg_stablecoin,indonesia,USDC
378,1.0204383650064281,2932131863981.318,489,S1_depeg_stablecoin,indonesia,USDC
379,1.0174414242848167,2932131863981.318,489,S1_depeg_stablecoin,indonesia,USDC
380,1.0305017328221442,2932131863981.318,489,S1_depeg_stablecoin,indonesia,USDC
381,1.0396070889011688,2932131863981.318,489,S1_depeg_stablecoin,indonesia,USDC
382,1.031615955578928,2932131863981.318,489,S1_depeg_stablecoin,indonesia,USDC
383,1.0546725961870278,2932131863981.318,489,S1_depeg_stablecoin,indonesia,USDC
384,1.048999936159623,2932131863981.318,489,S1_depeg_stablecoin,indonesia,USDC
385,1.065083049471414,2932131863981.318,489,S1_depeg_stablecoin,indonesia,USDC
386,1.0633340694120335,2932131863981.318,489,S1_depeg_stablecoin,indonesia,USDC
387,1.0378019666534533,2932131863981.318,489,S1_depeg_stablecoin,indonesia,USDC
388,1.0444646876625359,2932131863981.318,489,S1_depeg_stablecoin,indonesia,USDC
389,1.0561944481458196,2932131863981.318,489,S1_depeg_stablecoin,indonesia,USDC
390,1.065332801407977,2932131863981.318,489,S1_depeg_stablecoin,indonesia,USDC
391,1.0393554902597888,2932131863981.318,489,S1_depeg_stablecoin,indonesia,USDC
392,1.0467773007137327,2932131863981.318,489,S1_depeg_stablecoin,indonesia,USDC
393,1.0540019002840832,2932131863981.318,489,S1_depeg_stablecoin,indonesia,USDC
394,1.0282833606372273,2932131863981.318,489,S1_depeg_stablecoin,indonesia,USDC
395,1.0475430789256435,2932131863981.318,489,S1_depeg_stablecoin,indonesia,USDC
396,1.0696989258309046,2932131863981.318,489,S1_depeg_stablecoin,indonesia,USDC
397,1.0644195588637877,2932131863981.318,489,S1_depeg_stablecoin,indonesia,USDC
398,1.047267343308853,2932131863981.318,489,S1_depeg_stablecoin,indonesia,USDC
399,1.081354010258136,2932131863981.318,489,S1_depeg_stablecoin,indonesia,USDC
400,1.0584916499624646,2932131863981.318,489,S1_depeg_stablecoin,indonesia,USDC
401,1.0893141797655315,2932131863981.318,489,S1_depeg_stablecoin,indonesia,USDC
402,1.0881421095198087,2932131863981.318,489,S1_depeg_stablecoin,indonesia,USDC
403,1.0981923209113311,2932131863981.318,489,S1_depeg_stablecoin,indonesia,USDC
404,1.0661835057535405,2932131863981.318,489,S1_depeg_stablecoin,indonesia,USDC
405,1.0653749919872786,2932131863981.318,489,S1_depeg_stablecoin,indonesia,USDC
406,1.0383707171115444,2932131863981.318,489,S1_depeg_stablecoin,indonesia,USDC
407,1.0374878024209666,2932131863981.318,489,S1_depeg_stablecoin,indonesia,USDC
408,1.0021481809545183,2932131863981.318,489,S1_depeg_stablecoin,indonesia,USDC
409,1.0077640546987805,2932131863981.318,489,S1_depeg_stablecoin,indonesia,USDC
410,1.0391282013734884,2932131863981.318,489,S1_depeg_stablecoin,indonesia,USDC
411,1.0204148440194003,2932131863981.318,489,S1_depeg_stablecoin,indonesia,USDC
412,1.0415648925931225,2932131863981.318,489,S1_depeg_stablecoin,indonesia,USDC
413,1.043742701763289,2932131863981.318,489,S1_depeg_stablecoin,indonesia,USDC
414,0.977731919032351,2932131863981.318,489,S1_depeg_stablecoin,indonesia,USDC
415,0.9734214154387194,2932131863981.318,489,S1_depeg_stablecoin,indonesia,USDC
416,0.9775241950810509,2932131863981.318,489,S1_depeg_stablecoin,indonesia,USDC
417,0.9402652844327253,2932131863981.318,489,S1_depeg_stablecoin,indonesia,USDC
418,0.9844164117496803,2932071466915.1943,489,S1_depeg_stablecoin,indonesia,USDC
419,0.9770705155688418,2932071466915.1943,489,S1_depeg_stablecoin,indonesia,USDC
420,0.985050721757645,2932071466915.1943,489,S1_depeg_stablecoin,indonesia,USDC
421,0.9904241046526681,2932071466915.1943,489,S1_depeg_stablecoin,indonesia,USDC
422,1.0219424509336918,2932071466915.1943,489,S1_depeg_stablecoin,indonesia,USDC
423,1.0324428922348563,2932071466915.1943,489,S1_depeg_stablecoin,indonesia,USDC
424,0.9903206071398738,2932071466915.1943,489,S1_depeg_stablecoin,indonesia,USDC
425,0.9952849455544879,2932071466915.1943,489,S1_depeg_stablecoin,indonesia,USDC
426,0.9812121861702483,2932071466915.1943,489,S1_depeg_stablecoin,indonesia,USDC
427,0.977396814691561,2932071466915.1943,489,S1_depeg_stablecoin,indonesia,USDC
428,0.9630908298310421,2932071466915.1943,489,S1_depeg_stablecoin,indonesia,USDC
429,0.9559198570937486,2932059078241.2563,489,S1_depeg_stablecoin,indonesia,USDC
430,0.9537086513908806,2932034403118.753,489,S1_depeg_stablecoin,indonesia,USDC
431,0.8618961863575545,2932004442959.7104,489,S1_depeg_stablecoin,indonesia,USDC
432,0.8970841633741217,2931803442770.985,489,S1_depeg_stablecoin,indonesia,USDC
433,0.8998812056135305,2931685810975.5283,489,S1_depeg_stablecoin,indonesia,USDC
434,0.9217179195813823,2931583495984.0464,489,S1_depeg_stablecoin,indonesia,USDC
435,0.9352833258404777,2931514640470.211,489,S1_depeg_stablecoin,indonesia,USDC
436,0.9735586696930326,2931469236022.6167,489,S1_depeg_stablecoin,indonesia,USDC
437,0.8500528607888185,2931469236022.6167,489,S1_depeg_stablecoin,indonesia,USDC
438,0.8527513423214337,2931307538231.468,489,S1_depeg_stablecoin,indonesia,USDC
439,0.8560390622535141,2931169023402.085,489,S1_depeg_stablecoin,indonesia,USDC
440,0.8858243218048936,2931055643246.8096,489,S1_depeg_stablecoin,indonesia,USDC
441,0.888949646686507,2930978059271.3574,489,S1_depeg_stablecoin,indonesia,USDC
442,0.8826584666386746,2930912966210.296,489,S1_depeg_stablecoin,indonesia,USDC
443,0.8950689061969359,2930845311336.6543,489,S1_depeg_stablecoin,indonesia,USDC
444,0.8685617827673728,2930793744102.376,489,S1_depeg_stablecoin,indonesia,USDC
445,0.8885036318860766,2930731920488.869,489,S1_depeg_stablecoin,indonesia,USDC
446,0.921882355761018,2930686192439.9946,489,S1_depeg_stablecoin,indonesia,USDC
447,0.9186213046267078,2930660868942.9004,489,S1_depeg_stablecoin,indonesia,USDC
448,0.9068197560741074,2930635119140.84,489,S1_depeg_stablecoin,indonesia,USDC
449,0.8786280242712995,2930605047055.876,489,S1_depeg_stablecoin,indonesia,USDC
450,0.8816018242751278,2930563275537.7085,489,S1_depeg_stablecoin,indonesia,USDC
451,0.8742916455379222,2930526670246.7207,489,S1_depeg_stablecoin,indonesia,USDC
452,0.9153747458279371,2930490649629.003,489,S1_depeg_stablecoin,indonesia,USDC
453,0.9335905337611294,2930473077776.4253,489,S1_depeg_stablecoin,indonesia,USDC
454,0.9198723944267949,2930462099365.5664,489,S1_depeg_stablecoin,indonesia,USDC
455,0.9306376753450504,2930447811461.2417,489,S1_depeg_stablecoin,indonesia,USDC
456,0.9341776158949682,2930436884024.587,489,S1_depeg_stablecoin,indonesia,USDC
457,0.9413995670466229,2930426717810.422,489,S1_depeg_stablecoin,indonesia,USDC
458,0.9293698922368181,2930419428585.24,489,S1_depeg_stablecoin,indonesia,USDC
459,0.9322888324153077,2930408629113.959,489,S1_depeg_stablecoin,indonesia,USDC
460,0.9222602603029417,2930399594077.8984,489,S1_depeg_stablecoin,indonesia,USDC
461,0.9227995102619793,2930387881048.043,489,S1_depeg_stablecoin,indonesia,USDC
462,0.9041795788087499,2930376870283.6533,489,S1_depeg_stablecoin,indonesia,USDC
463,0.9071067112449874,2930363326322.883,489,S1_depeg_stablecoin,indonesia,USDC
464,0.9126328878526977,2930350895262.2227,489,S1_depeg_stablecoin,indonesia,USDC
465,0.9383496831860263,2930339979539.5767,489,S1_depeg_stablecoin,indonesia,USDC
466,0.9157187329635337,2930334533607.219,489,S1_depeg_stablecoin,indonesia,USDC
467,0.9173789337660616,2930324856390.4575,489,S1_depeg_stablecoin,indonesia,USDC
468,0.8951904764245285,2930316000127.547,489,S1_depeg_stablecoin,indonesia,USDC
469,0.8815789987580737,2930304643997.5996,489,S1_depeg_stablecoin,indonesia,USDC
470,0.9087349355558559,2930291604986.3467,489,S1_depeg_stablecoin,indonesia,USDC
471,0.9149794909274538,2930284005650.032,489,S1_depeg_stablecoin,indonesia,USDC
472,0.9172137316298393,2930277422272.768,489,S1_depeg_stablecoin,indonesia,USDC
473,0.9147060421559554,2930271281954.7026,489,S1_depeg_stablecoin,indonesia,USDC
474,0.922837724108891,2930265190267.3623,489,S1_depeg_stablecoin,indonesia,USDC
475,0.9521204448329055,2930260428233.193,489,S1_depeg_stablecoin,indonesia,USDC
476,0.9325443584291875,2930258606631.364,489,S1_depeg_stablecoin,indonesia,USDC
477,0.926387851096299,2930254860921.4434,489,S1_depeg_stablecoin,indonesia,USDC
478,0.9377875878181168,2930250667947.614,489,S1_depeg_stablecoin,indonesia,USDC
479,0.9576267837926871,2930247995830.3784,489,S1_depeg_stablecoin,indonesia,USDC
480,0.9394154800612187,2930246956624.9565,489,S1_depeg_stablecoin,indonesia,USDC
481,0.9491840302333995,2930244444143.2915,489,S1_depeg_stablecoin,indonesia,USDC
482,0.9621142002704844,2930242739650.318,489,S1_depeg_stablecoin,indonesia,USDC
483,0.9660396086941618,2930242185652.3525,489,S1_depeg_stablecoin,indonesia,USDC
484,0.9658464323763315,2930241997705.713,489,S1_depeg_stablecoin,indonesia,USDC
485,0.968514246886993,2930241794987.262,489,S1_depeg_stablecoin,indonesia,USDC
486,0.9439920012403817,2930241794987.262,489,S1_depeg_stablecoin,indonesia,USDC
487,0.9239944690785036,2930239876361.696,489,S1_depeg_stablecoin,indonesia,USDC
488,0.8931939655977872,2930236264736.102,489,S1_depeg_stablecoin,indonesia,USDC
489,0.8836897923856137,2930230489587.1094,489,S1_depeg_stablecoin,indonesia,USDC
490,0.8836990898940374,2930224499384.7544,489,S1_depeg_stablecoin,indonesia,USDC
491,0.9036077047591142,2930219154931.413,489,S1_depeg_stablecoin,indonesia,USDC
492,0.9169087146447564,2930215407672.62,489,S1_depeg_stablecoin,indonesia,USDC
493,0.9197832532636715,2930212693207.383,489,S1_depeg_stablecoin,indonesia,USDC
494,0.941445655710041,2930210048267.9897,489,S1_depeg_stablecoin,indonesia,USDC
495,0.9341184209640694,2930208718646.9507,489,S1_depeg_stablecoin,indonesia,USDC
496,0.9518223283698537,2930206975771.7354,489,S1_depeg_stablecoin,indonesia,USDC
497,0.9622727434570713,2930206200691.186,489,S1_depeg_stablecoin,indonesia,USDC
498,0.9419755706209401,2930205932143.5444,489,S1_depeg_stablecoin,indonesia,USDC
499,0.9461384634551036,2930204784005.5083,489,S1_depeg_stablecoin,indonesia,USDC
500,0.966859106185378,2930203841656.6284,489,S1_depeg_stablecoin,indonesia,USDC
501,0.9965752719243323,2930203753083.6724,489,S1_depeg_stablecoin,indonesia,USDC
502,1.019561538477566,2930203753083.6724,489,S1_depeg_stablecoin,indonesia,USDC
503,1.0026208187358245,2930203753083.6724,489,S1_depeg_stablecoin,indonesia,USDC
504,1.0026918239541212,2930203753083.6724,489,S1_depeg_stablecoin,indonesia,USDC
505,1.0316087469194533,2930203753083.6724,489,S1_depeg_stablecoin,indonesia,USDC
506,1.003850488595442,2930203753083.6724,489,S1_depeg_stablecoin,indonesia,USDC
507,1.0067208671403984,2930203753083.6724,489,S1_depeg_stablecoin,indonesia,USDC
508,1.0116802966700675,2930203753083.6724,489,S1_depeg_stablecoin,indonesia,USDC
509,1.0355417622610745,2930203753083.6724,489,S1_depeg_stablecoin,indonesia,USDC
510,1.0374409170792083,2930203753083.6724,489,S1_depeg_stablecoin,indonesia,USDC
511,1.0398012284247313,2930203753083.6724,489,S1_depeg_stablecoin,indonesia,USDC
512,1.0362148490170462,2930203753083.6724,489,S1_depeg_stablecoin,indonesia,USDC
513,1.0418335459944128,2930203753083.6724,489,S1_depeg_stablecoin,indonesia,USDC
514,1.0060209723246871,2930203753083.6724,489,S1_depeg_stablecoin,indonesia,USDC
515,1.0166459432262074,2930203753083.6724,489,S1_depeg_stablecoin,indonesia,USDC
516,1.0190946398005,2930203753083.6724,489,S1_depeg_stablecoin,indonesia,USDC
517,1.0053959484444763,2930203753083.6724,489,S1_depeg_stablecoin,indonesia,USDC
518,1.0074903854118442,2930203753083.6724,489,S1_depeg_stablecoin,indonesia,USDC
519,1.0294516548151345,2930203753083.6724,489,S1_depeg_stablecoin,indonesia,USDC
520,1.022284155467751,2930203753083.6724,489,S1_depeg_stablecoin,indonesia,USDC
521,1.0316348347852708,2930203753083.6724,489,S1_depeg_stablecoin,indonesia,USDC
522,1.0278658988498053,2930203753083.6724,489,S1_depeg_stablecoin,indonesia,USDC
523,1.0467268096764617,2930203753083.6724,489,S1_depeg_stablecoin,indonesia,USDC
524,1.0342303540880786,2930203753083.6724,489,S1_depeg_stablecoin,indonesia,USDC
525,1.0485166055238508,2930203753083.6724,489,S1_depeg_stablecoin,indonesia,USDC
526,1.0818127533644364,2930203753083.6724,489,S1_depeg_stablecoin,indonesia,USDC
527,1.0739507186269428,2930203753083.6724,489,S1_depeg_stablecoin,indonesia,USDC
528,1.0668803618664815,2930203753083.6724,489,S1_depeg_stablecoin,indonesia,USDC
529,1.047588388581336,2930203753083.6724,489,S1_depeg_stablecoin,indonesia,USDC
530,1.0717613049700503,2930203753083.6724,489,S1_depeg_stablecoin,indonesia,USDC
531,1.088635940739326,2930203753083.6724,489,S1_depeg_stablecoin,indonesia,USDC
532,1.0775133286896155,2930203753083.6724,489,S1_depeg_stablecoin,indonesia,USDC
533,1.0447001855731972,2930203753083.6724,489,S1_depeg_stablecoin,indonesia,USDC
534,1.0585095668239368,2930203753083.6724,489,S1_depeg_stablecoin,indonesia,USDC
535,1.036214322499572,2930203753083.6724,489,S1_depeg_stablecoin,indonesia,USDC
536,1.0256721717872554,2930203753083.6724,489,S1_depeg_stablecoin,indonesia,USDC
537,1.0388824504689598,2930203753083.6724,489,S1_depeg_stablecoin,indonesia,USDC
538,1.0547078767554556,2930203753083.6724,489,S1_depeg_stablecoin,indonesia,USDC
539,1.0348313733876449,2930203753083.6724,489,S1_depeg_stablecoin,indonesia,USDC
540,1.0556507861853082,2930203753083.6724,489,S1_depeg_stablecoin,indonesia,USDC
541,1.0575747199578214,2930203753083.6724,489,S1_depeg_stablecoin,indonesia,USDC
542,1.0572347942542952,2930203753083.6724,489,S1_depeg_stablecoin,indonesia,USDC
543,1.0364800732900903,2930203753083.6724,489,S1_depeg_stablecoin,indonesia,USDC
544,1.0435974887765012,2930203753083.6724,489,S1_depeg_stablecoin,indonesia,USDC
545,1.0487219205430462,2930203753083.6724,489,S1_depeg_stablecoin,indonesia,USDC
546,1.0436864718449317,2930203753083.6724,489,S1_depeg_stablecoin,indonesia,USDC
547,1.0165662925178243,2930203753083.6724,489,S1_depeg_stablecoin,indonesia,USDC
548,1.0459064910172675,2930203753083.6724,489,S1_depeg_stablecoin,indonesia,USDC
549,1.0293166855895397,2930203753083.6724,489,S1_depeg_stablecoin,indonesia,USDC
550,1.0029272781606868,2930203753083.6724,489,S1_depeg_stablecoin,indonesia,USDC
551,0.9769877085037447,2930203753083.6724,489,S1_depeg_stablecoin,indonesia,USDC
552,0.9190311221973622,2930203753083.6724,489,S1_depeg_stablecoin,indonesia,USDC
553,0.9299441493778091,2930201538290.0864,489,S1_depeg_stablecoin,indonesia,USDC
554,0.9299377448162267,2930199889168.6816,489,S1_depeg_stablecoin,indonesia,USDC
555,0.9509330490421553,2930198354891.6406,489,S1_depeg_stablecoin,indonesia,USDC
556,0.9603570261460338,2930197725423.871,489,S1_depeg_stablecoin,indonesia,USDC
557,0.9299764188005564,2930197440136.579,489,S1_depeg_stablecoin,indonesia,USDC
558,0.9629787677015086,2930196090792.7085,489,S1_depeg_stablecoin,indonesia,USDC
559,0.9805548040378954,2930195885380.8115,489,S1_depeg_stablecoin,indonesia,USDC
560,0.9765111707421829,2930195885380.8115,489,S1_depeg_stablecoin,indonesia,USDC
561,0.9687512246026532,2930195885380.8115,489,S1_depeg_stablecoin,indonesia,USDC
562,1.003050809248954,2930195885380.8115,489,S1_depeg_stablecoin,indonesia,USDC
563,0.9684707885462549,2930195885380.8115,489,S1_depeg_stablecoin,indonesia,USDC
564,0.9590297615601582,2930195831334.184,489,S1_depeg_stablecoin,indonesia,USDC
565,0.9786154664945131,2930195444226.388,489,S1_depeg_stablecoin,indonesia,USDC
566,0.9835619843036095,2930195444226.388,489,S1_depeg_stablecoin,indonesia,USDC
567,1.027125361356631,2930195444226.388,489,S1_depeg_stablecoin,indonesia,USDC
568,1.068270286577663,2930195444226.388,489,S1_depeg_stablecoin,indonesia,USDC
569,1.0978572414258236,2930195444226.388,489,S1_depeg_stablecoin,indonesia,USDC
570,1.070220961541598,2930195444226.388,489,S1_depeg_stablecoin,indonesia,USDC
571,1.0477017952298733,2930195444226.388,489,S1_depeg_stablecoin,indonesia,USDC
572,1.057681136885576,2930195444226.388,489,S1_depeg_stablecoin,indonesia,USDC
573,1.0162668246003677,2930195444226.388,489,S1_depeg_stablecoin,indonesia,USDC
574,0.9989518309556841,2930195444226.388,489,S1_depeg_stablecoin,indonesia,USDC
575,0.9711984887407656,2930195444226.388,489,S1_depeg_stablecoin,indonesia,USDC
576,0.9907803123587932,2930195444226.388,489,S1_depeg_stablecoin,indonesia,USDC
577,0.9626195832938603,2930195444226.388,489,S1_depeg_stablecoin,indonesia,USDC
578,0.9799477260528822,2930195229712.3203,489,S1_depeg_stablecoin,indonesia,USDC
579,1.026032394172921,2930195229712.3203,489,S1_depeg_stablecoin,indonesia,USDC
580,1.0229560605803238,2930195229712.3203,489,S1_depeg_stablecoin,indonesia,USDC
581,0.9843962192304524,2930195229712.3203,489,S1_depeg_stablecoin,indonesia,USDC
582,1.0047155963934538,2930195229712.3203,489,S1_depeg_stablecoin,indonesia,USDC
583,1.0189072946594688,2930195229712.3203,489,S1_depeg_stablecoin,indonesia,USDC
584,1.0381812001095447,2930195229712.3203,489,S1_depeg_stablecoin,indonesia,USDC
585,1.0086313022874547,2930195229712.3203,489,S1_depeg_stablecoin,indonesia,USDC
586,1.0284397986967593,2930195229712.3203,489,S1_depeg_stablecoin,indonesia,USDC
587,1.0655554958608666,2930195229712.3203,489,S1_depeg_stablecoin,indonesia,USDC
588,1.0423470870089109,2930195229712.3203,489,S1_depeg_stablecoin,indonesia,USDC
589,1.0692585047989411,2930195229712.3203,489,S1_depeg_stablecoin,indonesia,USDC
590,1.032789423042934,2930195229712.3203,489,S1_depeg_stablecoin,indonesia,USDC
591,1.0400703047001074,2930195229712.3203,489,S1_depeg_stablecoin,indonesia,USDC
592,1.026268821214435,2930195229712.3203,489,S1_depeg_stablecoin,indonesia,USDC
593,1.05923476683051,2930195229712.3203,489,S1_depeg_stablecoin,indonesia,USDC
594,1.0705376645174665,2930195229712.3203,489,S1_depeg_stablecoin,indonesia,USDC
595,0.9165319061767597,2930195229712.3203,489,S1_depeg_stablecoin,indonesia,USDC
596,0.9224135103160248,2930193376141.308,489,S1_depeg_stablecoin,indonesia,USDC
597,0.942379800637699,2930191817399.978,489,S1_depeg_stablecoin,indonesia,USDC
598,0.9589061901267645,2930191046798.624,489,S1_depeg_stablecoin,indonesia,USDC
599,0.971192583088121,2930190751974.025,489,S1_depeg_stablecoin,indonesia,USDC
600,1.023410909878502,2930190751974.025,489,S1_depeg_stablecoin,indonesia,USDC
601,1.025550574862626,2930190751974.025,489,S1_depeg_stablecoin,indonesia,USDC
602,1.0353956038129093,2930190751974.025,489,S1_depeg_stablecoin,indonesia,USDC
603,1.0259345755909446,2930190751974.025,489,S1_depeg_stablecoin,indonesia,USDC
604,1.0469064294790698,2930190751974.025,489,S1_depeg_stablecoin,indonesia,USDC
605,1.0567216689634205,2930190751974.025,489,S1_depeg_stablecoin,indonesia,USDC
606,1.0861993685990932,2930190751974.025,489,S1_depeg_stablecoin,indonesia,USDC
607,1.0614402311481301,2930190751974.025,489,S1_depeg_stablecoin,indonesia,USDC
608,1.0797352295569276,2930190751974.025,489,S1_depeg_stablecoin,indonesia,USDC
609,1.0771449264203974,2930190751974.025,489,S1_depeg_stablecoin,indonesia,USDC
610,1.0574719837385016,2930190751974.025,489,S1_depeg_stablecoin,indonesia,USDC
611,1.0560389882298296,2930190751974.025,489,S1_depeg_stablecoin,indonesia,USDC
612,1.0373237449303043,2930190751974.025,489,S1_depeg_stablecoin,indonesia,USDC
613,1.0231877859294651,2930190751974.025,489,S1_depeg_stablecoin,indonesia,USDC
614,1.0100540418889148,2930190751974.025,489,S1_depeg_stablecoin,indonesia,USDC
615,0.9788229479240677,2930190751974.025,489,S1_depeg_stablecoin,indonesia,USDC
616,0.970568478700902,2930190751974.025,489,S1_depeg_stablecoin,indonesia,USDC
617,0.9996075074628521,2930190751974.025,489,S1_depeg_stablecoin,indonesia,USDC
618,1.0132069064080835,2930190751974.025,489,S1_depeg_stablecoin,indonesia,USDC
619,1.0114940049369106,2930190751974.025,489,S1_depeg_stablecoin,indonesia,USDC
620,1.0390989515641815,2930190751974.025,489,S1_depeg_stablecoin,indonesia,USDC
621,1.038383267577855,2930190751974.025,489,S1_depeg_stablecoin,indonesia,USDC
622,1.072556872682184,2930190751974.025,489,S1_depeg_stablecoin,indonesia,USDC
623,1.0906437460943885,2930190751974.025,489,S1_depeg_stablecoin,indonesia,USDC
624,1.083163467991472,2930190751974.025,489,S1_depeg_stablecoin,indonesia,USDC
625,1.1052917056757945,2930190751974.025,489,S1_depeg_stablecoin,indonesia,USDC
626,1.109824886147187,2930190751974.025,489,S1_depeg_stablecoin,indonesia,USDC
627,1.1235977248774602,2930190751974.025,489,S1_depeg_stablecoin,indonesia,USDC
628,1.1203804614664818,2930190751974.025,489,S1_depeg_stablecoin,indonesia,USDC
629,1.1647694383186542,2930190751974.025,489,S1_depeg_stablecoin,indonesia,USDC
630,1.1479946228352422,2930190751974.025,489,S1_depeg_stablecoin,indonesia,USDC
631,1.104976421305401,2930190751974.025,489,S1_depeg_stablecoin,indonesia,USDC
632,1.1038250710254973,2930190751974.025,489,S1_depeg_stablecoin,indonesia,USDC
633,1.044676490643005,2930190751974.025,489,S1_depeg_stablecoin,indonesia,USDC
634,1.040773964343129,2930190751974.025,489,S1_depeg_stablecoin,indonesia,USDC
635,1.0122462595043495,2930190751974.025,489,S1_depeg_stablecoin,indonesia,USDC
636,0.997087235349021,2930190751974.025,489,S1_depeg_stablecoin,indonesia,USDC
637,1.0039302795660905,2930190751974.025,489,S1_depeg_stablecoin,indonesia,USDC
638,1.0094773271360675,2930190751974.025,489,S1_depeg_stablecoin,indonesia,USDC
639,0.9977678853862827,2930190751974.025,489,S1_depeg_stablecoin,indonesia,USDC
640,0.9840223368265913,2930190751974.025,489,S1_depeg_stablecoin,indonesia,USDC
641,0.9820363226312856,2930190751974.025,489,S1_depeg_stablecoin,indonesia,USDC
642,0.9680781276955079,2930190751974.025,489,S1_depeg_stablecoin,indonesia,USDC
643,0.977773166169099,2930190694220.539,489,S1_depeg_stablecoin,indonesia,USDC
644,0.9603418545124436,2930190694220.539,489,S1_depeg_stablecoin,indonesia,USDC
645,0.9685369826166615,2930190464031.725,489,S1_depeg_stablecoin,indonesia,USDC
646,0.9846658213873458,2930190449782.116,489,S1_depeg_stablecoin,indonesia,USDC
647,0.9916345941358654,2930190449782.116,489,S1_depeg_stablecoin,indonesia,USDC
648,0.9979409865461717,2930190449782.116,489,S1_depeg_stablecoin,indonesia,USDC
649,1.012637752514846,2930190449782.116,489,S1_depeg_stablecoin,indonesia,USDC
650,1.0464542441793947,2930190449782.116,489,S1_depeg_stablecoin,indonesia,USDC
651,1.0295328246380853,2930190449782.116,489,S1_depeg_stablecoin,indonesia,USDC
652,1.0608638593079571,2930190449782.116,489,S1_depeg_stablecoin,indonesia,USDC
653,1.058735307734922,2930190449782.116,489,S1_depeg_stablecoin,indonesia,USDC
654,1.0688817504760237,2930190449782.116,489,S1_depeg_stablecoin,indonesia,USDC
655,1.0882140218415866,2930190449782.116,489,S1_depeg_stablecoin,indonesia,USDC
656,1.1068900297801858,2930190449782.116,489,S1_depeg_stablecoin,indonesia,USDC
657,1.0982678412541549,2930190449782.116,489,S1_depeg_stablecoin,indonesia,USDC
658,1.0659229279550766,2930190449782.116,489,S1_depeg_stablecoin,indonesia,USDC
659,1.0588855075892485,2930190449782.116,489,S1_depeg_stablecoin,indonesia,USDC
660,1.0485786912869923,2930190449782.116,489,S1_depeg_stablecoin,indonesia,USDC
661,1.076574258768878,2930190449782.116,489,S1_depeg_stablecoin,indonesia,USDC
662,1.0647974003567986,2930190449782.116,489,S1_depeg_stablecoin,indonesia,USDC
663,1.0396944697156427,2930190449782.116,489,S1_depeg_stablecoin,indonesia,USDC
664,1.024786302556838,2930190449782.116,489,S1_depeg_stablecoin,indonesia,USDC
665,1.0099854882324004,2930190449782.116,489,S1_depeg_stablecoin,indonesia,USDC
666,0.9903825021864173,2930190449782.116,489,S1_depeg_stablecoin,indonesia,USDC
667,0.9953581523705446,2930190449782.116,489,S1_depeg_stablecoin,indonesia,USDC
668,1.022294418227205,2930190449782.116,489,S1_depeg_stablecoin,indonesia,USDC
669,1.0375581493324109,2930190449782.116,489,S1_depeg_stablecoin,indonesia,USDC
670,1.0690857967221585,2930190449782.116,489,S1_depeg_stablecoin,indonesia,USDC
671,1.0724539106604027,2930190449782.116,489,S1_depeg_stablecoin,indonesia,USDC
672,1.096008765904305,2930190449782.116,489,S1_depeg_stablecoin,indonesia,USDC
673,1.0727316735413404,2930190449782.116,489,S1_depeg_stablecoin,indonesia,USDC
674,1.0471822060290807,2930190449782.116,489,S1_depeg_stablecoin,indonesia,USDC
675,0.8903149434123497,2930190449782.116,489,S1_depeg_stablecoin,indonesia,USDC
676,0.8766738044565002,2930188080020.3633,489,S1_depeg_stablecoin,indonesia,USDC
677,0.817156487083818,2930185700900.1797,489,S1_depeg_stablecoin,indonesia,USDC
678,0.8381590568821125,2930182055460.8936,489,S1_depeg_stablecoin,indonesia,USDC
679,0.830889168864887,2930179446195.725,489,S1_depeg_stablecoin,indonesia,USDC
680,0.840151824210214,2930177042766.1846,489,S1_depeg_stablecoin,indonesia,USDC
681,0.8441301543438176,2930174975916.589,489,S1_depeg_stablecoin,indonesia,USDC
682,0.8386032909576171,2930173240591.837,489,S1_depeg_stablecoin,indonesia,USDC
683,0.859790762055687,2930171696049.127,489,S1_depeg_stablecoin,indonesia,USDC
684,0.8754313705408874,2930170549283.077,489,S1_depeg_stablecoin,indonesia,USDC
685,0.8684810042252357,2930169696660.006,489,S1_depeg_stablecoin,indonesia,USDC
686,0.8915904360628022,2930168904443.141,489,S1_depeg_stablecoin,indonesia,USDC
687,0.7623430503573394,2930168314222.2905,489,S1_depeg_stablecoin,indonesia,USDC
688,0.7857202749262316,2930166905632.9585,489,S1_depeg_stablecoin,indonesia,USDC
689,0.8084725315085887,2930165898216.269,489,S1_depeg_stablecoin,indonesia,USDC
690,0.8298893031754873,2930165196897.4556,489,S1_depeg_stablecoin,indonesia,USDC
691,0.8301482608667841,2930164687951.5186,489,S1_depeg_stablecoin,indonesia,USDC
692,0.829556197675012,2930164270162.378,489,S1_depeg_stablecoin,indonesia,USDC
693,0.840951988317673,2930163907404.3447,489,S1_depeg_stablecoin,indonesia,USDC
694,0.8724702592838879,2930163606961.5156,489,S1_depeg_stablecoin,indonesia,USDC
695,0.8601487079899368,2930163405456.523,489,S1_depeg_stablecoin,indonesia,USDC
696,0.8545092656258519,2930163205572.698,489,S1_depeg_stablecoin,indonesia,USDC
697,0.8373114503360581,2930163026768.726,489,S1_depeg_stablecoin,indonesia,USDC
698,0.8291009004359374,2930162843929.4087,489,S1_depeg_stablecoin,indonesia,USDC
699,0.8900959419194234,2930162674588.0234,489,S1_depeg_stablecoin,indonesia,USDC
700,0.8733825880970126,2930162590379.1855,489,S1_depeg_stablecoin,indonesia,USDC
701,0.9133654284682772,2930162496254.6055,489,S1_depeg_stablecoin,indonesia,USDC
702,0.9554795405622342,2930162446722.475,489,S1_depeg_stablecoin,indonesia,USDC
703,0.9571147449434022,2930162434732.1636,489,S1_depeg_stablecoin,indonesia,USDC
704,0.9526466895552053,2930162424306.003,489,S1_depeg_stablecoin,indonesia,USDC
705,0.9471295864200328,2930162410268.423,489,S1_depeg_stablecoin,indonesia,USDC
706,0.9337450290748379,2930162391231.4697,489,S1_depeg_stablecoin,indonesia,USDC
707,0.9331705389082015,2930162364457.4243,489,S1_depeg_stablecoin,indonesia,USDC
708,0.9319214894513231,2930162336431.8135,489,S1_depeg_stablecoin,indonesia,USDC
709,0.9641005950363088,2930162309363.3213,489,S1_depeg_stablecoin,indonesia,USDC
710,0.945064913711013,2930162305494.7334,489,S1_depeg_stablecoin,indonesia,USDC
711,0.9803742219155966,2930162288769.5713,489,S1_depeg_stablecoin,indonesia,USDC
712,0.9549461792998881,2930162288769.5713,489,S1_depeg_stablecoin,indonesia,USDC
713,0.9675358398184833,2930162278124.61,489,S1_depeg_stablecoin,indonesia,USDC
714,0.9818586658620317,2930162276409.178,489,S1_depeg_stablecoin,indonesia,USDC
715,0.9908200528318478,2930162276409.178,489,S1_depeg_stablecoin,indonesia,USDC
716,0.9690272113357858,2930162276409.178,489,S1_depeg_stablecoin,indonesia,USDC
717,0.9831756508583922,2930162276409.178,489,S1_depeg_stablecoin,indonesia,USDC
718,0.9704153721684275,2930162276409.178,489,S1_depeg_stablecoin,indonesia,USDC
719,0.9682262070468888,2930162276409.178,489,S1_depeg_stablecoin,indonesia,USDC
720,1.0331173317050637,2930162276280.6455,489,S1_depeg_stablecoin,indonesia,USDC
721,1.0357474538680578,2930162276280.6455,489,S1_depeg_stablecoin,indonesia,USDC
722,1.0188339413098078,2930162276280.6455,489,S1_depeg_stablecoin,indonesia,USDC
723,0.9920179343421125,2930162276280.6455,489,S1_depeg_stablecoin,indonesia,USDC
724,1.0046141336251113,2930162276280.6455,489,S1_depeg_stablecoin,indonesia,USDC
725,0.9725192164894756,2930162276280.6455,489,S1_depeg_stablecoin,indonesia,USDC
726,0.981113935354531,2930162276280.6455,489,S1_depeg_stablecoin,indonesia,USDC
727,0.9784820169979352,2930162276280.6455,489,S1_depeg_stablecoin,indonesia,USDC
728,1.0083537662851199,2930162276280.6455,489,S1_depeg_stablecoin,indonesia,USDC
729,0.9876492547494691,2930162276280.6455,489,S1_depeg_stablecoin,indonesia,USDC
730,0.9725751931391213,2930162276280.6455,489,S1_depeg_stablecoin,indonesia,USDC
731,0.9815753363649873,2930162276280.6455,489,S1_depeg_stablecoin,indonesia,USDC
732,0.968248533577968,2930162276280.6455,489,S1_depeg_stablecoin,indonesia,USDC
733,0.958085669187715,2930162275425.4985,489,S1_depeg_stablecoin,indonesia,USDC
734,0.9634801044276003,2930162268617.565,489,S1_depeg_stablecoin,indonesia,USDC
735,0.9567510009485384,2930162264968.72,489,S1_depeg_stablecoin,indonesia,USDC
736,0.982876182671298,2930162257401.154,489,S1_depeg_stablecoin,indonesia,USDC
737,0.9870457873717018,2930162257401.154,489,S1_depeg_stablecoin,indonesia,USDC
738,0.9698482473826717,2930162257401.154,489,S1_depeg_stablecoin,indonesia,USDC
739,0.9404975543183229,2930162257298.753,489,S1_depeg_stablecoin,indonesia,USDC
740,0.9359951740360024,2930162237393.962,489,S1_depeg_stablecoin,indonesia,USDC
741,0.938740411943848,2930162215835.811,489,S1_depeg_stablecoin,indonesia,USDC
742,0.95027420010322,2930162196081.707,489,S1_depeg_stablecoin,indonesia,USDC
743,0.9677219981435897,2930162184517.7383,489,S1_depeg_stablecoin,indonesia,USDC
744,0.9076767642662922,2930162183151.733,489,S1_depeg_stablecoin,indonesia,USDC
745,0.9229963029408597,2930162147714.8677,489,S1_depeg_stablecoin,indonesia,USDC
746,0.8955085860711859,2930162122761.8315,489,S1_depeg_stablecoin,indonesia,USDC
747,0.9202066912987986,2930162085635.8506,489,S1_depeg_stablecoin,indonesia,USDC
748,0.9242280606573713,2930162060853.189,489,S1_depeg_stablecoin,indonesia,USDC
749,0.9227099733631653,2930162041030.2695,489,S1_depeg_stablecoin,indonesia,USDC
750,0.9304951963998194,2930162020839.6953,489,S1_depeg_stablecoin,indonesia,USDC
751,0.9969575875494724,2930162004311.9907,489,S1_depeg_stablecoin,indonesia,USDC
752,1.0081858077492494,2930162004311.9907,489,S1_depeg_stablecoin,indonesia,USDC
753,1.015313965037713,2930162004311.9907,489,S1_depeg_stablecoin,indonesia,USDC
754,0.9659756624388753,2930162004311.9907,489,S1_depeg_stablecoin,indonesia,USDC
755,0.9676386235734824,2930162002879.902,489,S1_depeg_stablecoin,indonesia,USDC
756,0.9627936218944212,2930162001906.0815,489,S1_depeg_stablecoin,indonesia,USDC
757,0.9730736260102284,2930161998941.44,489,S1_depeg_stablecoin,indonesia,USDC
758,0.9609495885871496,2930161998941.44,489,S1_depeg_stablecoin,indonesia,USDC
759,0.9073192424330422,2930161995245.841,489,S1_depeg_stablecoin,indonesia,USDC
760,0.9219469700116644,2930161971150.7837,489,S1_depeg_stablecoin,indonesia,USDC
761,0.9106204083897086,2930161952905.777,489,S1_depeg_stablecoin,indonesia,USDC
762,0.9240706936658925,2930161932539.605,489,S1_depeg_stablecoin,indonesia,USDC
763,0.9491496317611228,2930161916929.176,489,S1_depeg_stablecoin,indonesia,USDC
764,0.9823012690268594,2930161911001.345,489,S1_depeg_stablecoin,indonesia,USDC
765,0.9913203805155267,2930161911001.345,489,S1_depeg_stablecoin,indonesia,USDC
766,0.9658152041206243,2930161911001.345,489,S1_depeg_stablecoin,indonesia,USDC
767,0.988413322985169,2930161909856.6104,489,S1_depeg_stablecoin,indonesia,USDC
768,0.9588701510109152,2930161909856.6104,489,S1_depeg_stablecoin,indonesia,USDC
769,0.990688344880251,2930161906334.069,489,S1_depeg_stablecoin,indonesia,USDC
770,1.0073541588611319,2930161906334.069,489,S1_depeg_stablecoin,indonesia,USDC
771,1.0098667915610786,2930161906334.069,489,S1_depeg_stablecoin,indonesia,USDC
772,1.0099357767908568,2930161906334.069,489,S1_depeg_stablecoin,indonesia,USDC
773,1.0083558752697082,2930161906334.069,489,S1_depeg_stablecoin,indonesia,USDC
774,1.0261995614590598,2930161906334.069,489,S1_depeg_stablecoin,indonesia,USDC
775,1.0516584670318834,2930161906334.069,489,S1_depeg_stablecoin,indonesia,USDC
776,1.0443225877609557,2930161906334.069,489,S1_depeg_stablecoin,indonesia,USDC
777,1.0792771425689407,2930161906334.069,489,S1_depeg_stablecoin,indonesia,USDC
778,1.0700074557613404,2930161906334.069,489,S1_depeg_stablecoin,indonesia,USDC
779,1.056883367808462,2930161906334.069,489,S1_depeg_stablecoin,indonesia,USDC
780,1.0432481695499052,2930161906334.069,489,S1_depeg_stablecoin,indonesia,USDC
781,1.0686657070769296,2930161906334.069,489,S1_depeg_stablecoin,indonesia,USDC
782,1.0661339459600547,2930161906334.069,489,S1_depeg_stablecoin,indonesia,USDC
783,1.0700244067639662,2930161906334.069,489,S1_depeg_stablecoin,indonesia,USDC
784,1.0917123452591786,2930161906334.069,489,S1_depeg_stablecoin,indonesia,USDC
785,1.0718163813586623,2930161906334.069,489,S1_depeg_stablecoin,indonesia,USDC
786,1.0921582424961482,2930161906334.069,489,S1_depeg_stablecoin,indonesia,USDC
787,1.0965596206721426,2930161906334.069,489,S1_depeg_stablecoin,indonesia,USDC
788,1.0775588499804363,2930161906334.069,489,S1_depeg_stablecoin,indonesia,USDC
789,0.9161445912354815,2930161906334.069,489,S1_depeg_stablecoin,indonesia,USDC
790,0.9113539012538712,2930161889484.6787,489,S1_depeg_stablecoin,indonesia,USDC
791,0.8874743401402897,2930161872591.1616,489,S1_depeg_stablecoin,indonesia,USDC
792,0.9089180142508083,2930161850675.3496,489,S1_depeg_stablecoin,indonesia,USDC
793,0.9201679512637162,2930161835463.802,489,S1_depeg_stablecoin,indonesia,USDC
794,0.9196155339057572,2930161824471.201,489,S1_depeg_stablecoin,indonesia,USDC
795,0.9388791721747872,2930161812959.9243,489,S1_depeg_stablecoin,indonesia,USDC
796,0.935701269836641,2930161806656.2183,489,S1_depeg_stablecoin,indonesia,USDC
797,0.9471609316447746,2930161800125.4263,489,S1_depeg_stablecoin,indonesia,USDC
798,0.9377140084409813,2930161795835.836,489,S1_depeg_stablecoin,indonesia,USDC
799,0.9420002547108512,2930161790032.1924,489,S1_depeg_stablecoin,indonesia,USDC
800,0.9557826096817996,2930161784818.544,489,S1_depeg_stablecoin,indonesia,USDC
801,0.964347954230542,2930161782151.5073,489,S1_depeg_stablecoin,indonesia,USDC
802,0.9421210802106852,2930161781328.68,489,S1_depeg_stablecoin,indonesia,USDC
803,0.9202041451245893,2930161776557.985,489,S1_depeg_stablecoin,indonesia,USDC
804,0.9285348746480944,2930161768112.7383,489,S1_depeg_stablecoin,indonesia,USDC
805,0.9389068844967815,2930161761048.4385,489,S1_depeg_stablecoin,indonesia,USDC
806,0.9413314787287622,2930161756475.801,489,S1_depeg_stablecoin,indonesia,USDC
807,0.9246469998281955,2930161752248.6963,489,S1_depeg_stablecoin,indonesia,USDC
808,0.9175194838667224,2930161745460.42,489,S1_depeg_stablecoin,indonesia,USDC
809,0.928492769791557,2930161737745.031,489,S1_depeg_stablecoin,indonesia,USDC
810,0.9498088438501777,2930161732303.4736,489,S1_depeg_stablecoin,indonesia,USDC
811,0.9655264253335851,2930161729720.9805,489,S1_depeg_stablecoin,indonesia,USDC
812,0.9430096474150875,2930161729288.0703,489,S1_depeg_stablecoin,indonesia,USDC
813,0.9658391993802198,2930161725770.0986,489,S1_depeg_stablecoin,indonesia,USDC
814,0.9481805619024176,2930161725386.7295,489,S1_depeg_stablecoin,indonesia,USDC
815,0.9028765345403847,2930161722851.504,489,S1_depeg_stablecoin,indonesia,USDC
816,0.9020803793598254,2930161715148.6543,489,S1_depeg_stablecoin,indonesia,USDC
817,0.8900451205846007,2930161707668.99,489,S1_depeg_stablecoin,indonesia,USDC
818,0.8832692518730278,2930161699431.729,489,S1_depeg_stablecoin,indonesia,USDC
819,0.8903198465044821,2930161690796.634,489,S1_depeg_stablecoin,indonesia,USDC
820,0.9129670345664869,2930161683910.1104,489,S1_depeg_stablecoin,indonesia,USDC
821,0.9155301991763009,2930161679508.037,489,S1_depeg_stablecoin,indonesia,USDC
822,0.8923846302532735,2930161675424.953,489,S1_depeg_stablecoin,indonesia,USDC
823,0.9282966599857475,2930161669753.616,489,S1_depeg_stablecoin,indonesia,USDC
824,0.902057840912905,2930161667040.0835,489,S1_depeg_stablecoin,indonesia,USDC
825,0.9403031275219612,2930161662648.3145,489,S1_depeg_stablecoin,indonesia,USDC
826,0.9878816504435765,2930161660879.824,489,S1_depeg_stablecoin,indonesia,USDC
827,0.9772354933784441,2930161660879.824,489,S1_depeg_stablecoin,indonesia,USDC
828,0.9947558364715577,2930161660879.824,489,S1_depeg_stablecoin,indonesia,USDC
829,0.9807175383748282,2930161660879.824,489,S1_depeg_stablecoin,indonesia,USDC
830,0.9907764439067863,2930161660879.824,489,S1_depeg_stablecoin,indonesia,USDC
831,1.0081983847773748,2930161660879.824,489,S1_depeg_stablecoin,indonesia,USDC
832,1.0319004371952358,2930161660879.824,489,S1_depeg_stablecoin,indonesia,USDC
833,1.0219996848758386,2930161660879.824,489,S1_depeg_stablecoin,indonesia,USDC
834,1.014933506614918,2930161660879.824,489,S1_depeg_stablecoin,indonesia,USDC
835,1.015384652127311,2930161660879.824,489,S1_depeg_stablecoin,indonesia,USDC
836,1.0046153365790373,2930161660879.824,489,S1_depeg_stablecoin,indonesia,USDC
837,0.9961439855111066,2930161660879.824,489,S1_depeg_stablecoin,indonesia,USDC
838,0.9635311100614629,2930161660879.824,489,S1_depeg_stablecoin,indonesia,USDC
839,0.9479060616115065,2930161660529.7344,489,S1_depeg_stablecoin,indonesia,USDC
840,0.9445140800086846,2930161659268.506,489,S1_depeg_stablecoin,indonesia,USDC
841,0.9394403663819715,2930161657892.802,489,S1_depeg_stablecoin,indonesia,USDC
842,0.9333359056943252,2930161656330.6987,489,S1_depeg_stablecoin,indonesia,USDC
843,0.948222565774508,2930161654371.8384,489,S1_depeg_stablecoin,indonesia,USDC
844,0.9188329117975257,2930161653308.6504,489,S1_depeg_stablecoin,indonesia,USDC
845,0.8978856839312989,2930161650647.321,489,S1_depeg_stablecoin,indonesia,USDC
846,0.8878969497666075,2930161647094.328,489,S1_depeg_stablecoin,indonesia,USDC
847,0.8945184093494051,2930161643523.705,489,S1_depeg_stablecoin,indonesia,USDC
848,0.8975272587175626,2930161640434.321,489,S1_depeg_stablecoin,indonesia,USDC
849,0.9105733237195418,2930161637626.725,489,S1_depeg_stablecoin,indonesia,USDC
850,0.9033164212456665,2930161635656.818,489,S1_depeg_stablecoin,indonesia,USDC
851,0.9409038921669227,2930161633453.947,489,S1_depeg_stablecoin,indonesia,USDC
852,0.9362646834456758,2930161632597.5938,489,S1_depeg_stablecoin,indonesia,USDC
853,0.9434401056905317,2930161631563.2373,489,S1_depeg_stablecoin,indonesia,USDC
854,0.9771972586286319,2930161630803.967,489,S1_depeg_stablecoin,indonesia,USDC
855,0.9670481213000065,2930161630803.967,489,S1_depeg_stablecoin,indonesia,USDC
856,0.9765745274921532,2930161630718.918,489,S1_depeg_stablecoin,indonesia,USDC
857,0.9874724718106679,2930161630718.918,489,S1_depeg_stablecoin,indonesia,USDC
858,0.9941093511430397,2930161630718.918,489,S1_depeg_stablecoin,indonesia,USDC
859,0.9785211952007669,2930161630718.918,489,S1_depeg_stablecoin,indonesia,USDC
860,0.9938082333268137,2930161630718.918,489,S1_depeg_stablecoin,indonesia,USDC
861,0.9788248424435296,2930161630718.918,489,S1_depeg_stablecoin,indonesia,USDC
862,0.9794081456371753,2930161630718.918,489,S1_depeg_stablecoin,indonesia,USDC
863,0.9465228127240032,2930161630718.918,489,S1_depeg_stablecoin,indonesia,USDC
864,0.9446035561643207,2930161630044.5557,489,S1_depeg_stablecoin,indonesia,USDC
865,0.9757160360414904,2930161629332.7207,489,S1_depeg_stablecoin,indonesia,USDC
866,0.989124354546831,2930161629332.7207,489,S1_depeg_stablecoin,indonesia,USDC
867,0.9979537786257722,2930161629332.7207,489,S1_depeg_stablecoin,indonesia,USDC
868,0.9953240137179664,2930161629332.7207,489,S1_depeg_stablecoin,indonesia,USDC
869,1.0034943048974128,2930161629332.7207,489,S1_depeg_stablecoin,indonesia,USDC
870,1.010044040913497,2930161629332.7207,489,S1_depeg_stablecoin,indonesia,USDC
871,0.991052132427243,2930161629332.7207,489,S1_depeg_stablecoin,indonesia,USDC
872,0.9844587818648908,2930161629332.7207,489,S1_depeg_stablecoin,indonesia,USDC
873,0.965611787395569,2930161629332.7207,489,S1_depeg_stablecoin,indonesia,USDC
874,0.9815478560218917,2930161629212.944,489,S1_depeg_stablecoin,indonesia,USDC
875,0.957225920285721,2930161629212.944,489,S1_depeg_stablecoin,indonesia,USDC
876,0.9628843100349138,2930161628865.852,489,S1_depeg_stablecoin,indonesia,USDC
877,0.960199753629553,2930161628675.053,489,S1_depeg_stablecoin,indonesia,USDC
878,0.948421236596643,2930161628432.1934,489,S1_depeg_stablecoin,indonesia,USDC
879,0.9884438460856615,2930161627885.002,489,S1_depeg_stablecoin,indonesia,USDC
880,0.9547088714492113,2930161627885.002,489,S1_depeg_stablecoin,indonesia,USDC
881,0.9385875823762485,2930161627510.3105,489,S1_depeg_stablecoin,indonesia,USDC
882,0.9724136369301215,2930161626738.4893,489,S1_depeg_stablecoin,indonesia,USDC
883,0.9649652516134162,2930161626738.4893,489,S1_depeg_stablecoin,indonesia,USDC
884,0.973356283294208,2930161626657.6597,489,S1_depeg_stablecoin,indonesia,USDC
885,0.9957296915568458,2930161626657.6597,489,S1_depeg_stablecoin,indonesia,USDC
886,0.9668313097734612,2930161626657.6597,489,S1_depeg_stablecoin,indonesia,USDC
887,0.9818589674381591,2930161626593.7905,489,S1_depeg_stablecoin,indonesia,USDC
888,0.9580020702999055,2930161626593.7905,489,S1_depeg_stablecoin,indonesia,USDC
889,0.9461160953212575,2930161626300.184,489,S1_depeg_stablecoin,indonesia,USDC
890,0.9400984308333307,2930161625765.8164,489,S1_depeg_stablecoin,indonesia,USDC
891,0.9518955683752501,2930161625059.606,489,S1_depeg_stablecoin,indonesia,USDC
892,0.9504353585696748,2930161624682.623,489,S1_depeg_stablecoin,indonesia,USDC
893,0.9627774336165534,2930161624298.1587,489,S1_depeg_stablecoin,indonesia,USDC
894,0.973169917368032,2930161624165.6094,489,S1_depeg_stablecoin,indonesia,USDC
895,0.9523287556591208,2930161624165.6094,489,S1_depeg_stablecoin,indonesia,USDC
896,0.946927239423403,2930161623813.016,489,S1_depeg_stablecoin,indonesia,USDC
897,0.9753166837362531,2930161623353.5586,489,S1_depeg_stablecoin,indonesia,USDC
898,0.990397360673213,2930161623353.5586,489,S1_depeg_stablecoin,indonesia,USDC
899,0.9930952117740003,2930161623353.5586,489,S1_depeg_stablecoin,indonesia,USDC
900,0.9552012239369967,2930161623353.5586,489,S1_depeg_stablecoin,indonesia,USDC
901,0.9725767629503483,2930161623055.9336,489,S1_depeg_stablecoin,indonesia,USDC
902,0.9833070210659356,2930161623055.9336,489,S1_depeg_stablecoin,indonesia,USDC
903,0.9637337734569986,2930161623055.9336,489,S1_depeg_stablecoin,indonesia,USDC
904,0.986181474187827,2930161622963.205,489,S1_depeg_stablecoin,indonesia,USDC
905,1.0009005310816017,2930161622963.205,489,S1_depeg_stablecoin,indonesia,USDC
906,0.9863982710737359,2930161622963.205,489,S1_depeg_stablecoin,indonesia,USDC
907,0.9868249236721218,2930161622963.205,489,S1_depeg_stablecoin,indonesia,USDC
908,0.9687940748023565,2930161622963.205,489,S1_depeg_stablecoin,indonesia,USDC
909,0.9786587651866783,2930161622946.699,489,S1_depeg_stablecoin,indonesia,USDC
910,0.9914603868760233,2930161622946.699,489,S1_depeg_stablecoin,indonesia,USDC
911,1.0060602762468027,2930161622946.699,489,S1_depeg_stablecoin,indonesia,USDC
912,0.9878715083818864,2930161622946.699,489,S1_depeg_stablecoin,indonesia,USDC
913,0.988437739985797,2930161622946.699,489,S1_depeg_stablecoin,indonesia,USDC
914,0.9686694663806105,2930161622946.699,489,S1_depeg_stablecoin,indonesia,USDC
915,0.970811536930833,2930161622937.9043,489,S1_depeg_stablecoin,indonesia,USDC
916,0.9477521931134759,2930161622937.9043,489,S1_depeg_stablecoin,indonesia,USDC
917,0.9558308181595824,2930161622495.7646,489,S1_depeg_stablecoin,indonesia,USDC
918,0.9677624326397355,2930161622253.6,489,S1_depeg_stablecoin,indonesia,USDC
919,0.9837526881514648,2930161622230.075,489,S1_depeg_stablecoin,indonesia,USDC
920,0.9756636220221845,2930161622230.075,489,S1_depeg_stablecoin,indonesia,USDC
921,1.0021090314323795,2930161622230.075,489,S1_depeg_stablecoin,indonesia,USDC
922,0.9945793904769674,2930161622230.075,489,S1_depeg_stablecoin,indonesia,USDC
923,0.9864729871821625,2930161622230.075,489,S1_depeg_stablecoin,indonesia,USDC
924,0.9664210693173704,2930161622230.075,489,S1_depeg_stablecoin,indonesia,USDC
925,1.0066994346467948,2930161622158.594,489,S1_depeg_stablecoin,indonesia,USDC
926,1.005374880435928,2930161622158.594,489,S1_depeg_stablecoin,indonesia,USDC
927,1.0315955900349376,2930161622158.594,489,S1_depeg_stablecoin,indonesia,USDC
928,1.0392487239387396,2930161622158.594,489,S1_depeg_stablecoin,indonesia,USDC
929,1.053642198470575,2930161622158.594,489,S1_depeg_stablecoin,indonesia,USDC
930,1.0415592606809951,2930161622158.594,489,S1_depeg_stablecoin,indonesia,USDC
931,1.0441966216549525,2930161622158.594,489,S1_depeg_stablecoin,indonesia,USDC
932,1.0473258329432136,2930161622158.594,489,S1_depeg_stablecoin,indonesia,USDC
933,1.0452212997486594,2930161622158.594,489,S1_depeg_stablecoin,indonesia,USDC
934,1.0297936528769647,2930161622158.594,489,S1_depeg_stablecoin,indonesia,USDC
935,1.028191708999655,2930161622158.594,489,S1_depeg_stablecoin,indonesia,USDC
936,1.001841081498652,2930161622158.594,489,S1_depeg_stablecoin,indonesia,USDC
937,1.0170075923735067,2930161622158.594,489,S1_depeg_stablecoin,indonesia,USDC
938,1.0147509729059838,2930161622158.594,489,S1_depeg_stablecoin,indonesia,USDC
939,1.0087877982657014,2930161622158.594,489,S1_depeg_stablecoin,indonesia,USDC
940,1.0181183472289599,2930161622158.594,489,S1_depeg_stablecoin,indonesia,USDC
941,1.0312177837329843,2930161622158.594,489,S1_depeg_stablecoin,indonesia,USDC
942,1.0393723525441592,2930161622158.594,489,S1_depeg_stablecoin,indonesia,USDC
943,1.066473880412104,2930161622158.594,489,S1_depeg_stablecoin,indonesia,USDC
944,1.0843165506512638,2930161622158.594,489,S1_depeg_stablecoin,indonesia,USDC
945,1.0189480898727872,2930161622158.594,489,S1_depeg_stablecoin,indonesia,USDC
946,1.0145010965250854,2930161622158.594,489,S1_depeg_stablecoin,indonesia,USDC
947,1.0274288362633892,2930161622158.594,489,S1_depeg_stablecoin,indonesia,USDC
948,1.0506626710006692,2930161622158.594,489,S1_depeg_stablecoin,indonesia,USDC
949,1.0420486308316799,2930161622158.594,489,S1_depeg_stablecoin,indonesia,USDC
950,1.0302912572953347,2930161622158.594,489,S1_depeg_stablecoin,indonesia,USDC
951,1.0289230410401158,2930161622158.594,489,S1_depeg_stablecoin,indonesia,USDC
952,1.0314681256330738,2930161622158.594,489,S1_depeg_stablecoin,indonesia,USDC
953,1.0405622776469052,2930161622158.594,489,S1_depeg_stablecoin,indonesia,USDC
954,1.0450271034981924,2930161622158.594,489,S1_depeg_stablecoin,indonesia,USDC
955,1.0824591026021086,2930161622158.594,489,S1_depeg_stablecoin,indonesia,USDC
956,1.0645461088477912,2930161622158.594,489,S1_depeg_stablecoin,indonesia,USDC
957,1.0175254090239998,2930161622158.594,489,S1_depeg_stablecoin,indonesia,USDC
958,1.0374348352137215,2930161622158.594,489,S1_depeg_stablecoin,indonesia,USDC
959,1.0470104287410946,2930161622158.594,489,S1_depeg_stablecoin,indonesia,USDC
960,1.0513107515181679,2930161622158.594,489,S1_depeg_stablecoin,indonesia,USDC
961,1.0512531836589902,2930161622158.594,489,S1_depeg_stablecoin,indonesia,USDC
962,1.0103625483094465,2930161622158.594,489,S1_depeg_stablecoin,indonesia,USDC
963,0.9963196872264727,2930161622158.594,489,S1_depeg_stablecoin,indonesia,USDC
964,1.0064308855238133,2930161622158.594,489,S1_depeg_stablecoin,indonesia,USDC
965,1.0025102640668997,2930161622158.594,489,S1_depeg_stablecoin,indonesia,USDC
966,1.0045466303657873,2930161622158.594,489,S1_depeg_stablecoin,indonesia,USDC
967,0.9808313547290041,2930161622158.594,489,S1_depeg_stablecoin,indonesia,USDC
968,1.0000250612325552,2930161622158.594,489,S1_depeg_stablecoin,indonesia,USDC
969,0.9899365737515347,2930161622158.594,489,S1_depeg_stablecoin,indonesia,USDC
970,1.0001752322739546,2930161622158.594,489,S1_depeg_stablecoin,indonesia,USDC
971,0.9871185633308359,2930161622158.594,489,S1_depeg_stablecoin,indonesia,USDC
972,1.001357582186672,2930161622158.594,489,S1_depeg_stablecoin,indonesia,USDC
973,0.97331500450854,2930161622158.594,489,S1_depeg_stablecoin,indonesia,USDC
974,0.982347102296096,2930161622158.594,489,S1_depeg_stablecoin,indonesia,USDC
975,0.9619523160301362,2930161622158.594,489,S1_depeg_stablecoin,indonesia,USDC
976,0.9641142223226637,2930161622024.243,489,S1_depeg_stablecoin,indonesia,USDC
977,0.9615479482028346,2930161621932.108,489,S1_depeg_stablecoin,indonesia,USDC
978,0.9644345580277609,2930161621765.8936,489,S1_depeg_stablecoin,indonesia,USDC
979,0.9637606159927697,2930161621657.3994,489,S1_depeg_stablecoin,indonesia,USDC
980,0.9789309879367692,2930161621548.421,489,S1_depeg_stablecoin,indonesia,USDC
981,1.0053721948568466,2930161621548.421,489,S1_depeg_stablecoin,indonesia,USDC
982,0.9979150971483953,2930161621548.421,489,S1_depeg_stablecoin,indonesia,USDC
983,0.997317103186604,2930161621548.421,489,S1_depeg_stablecoin,indonesia,USDC
984,0.9808945294328488,2930161621548.421,489,S1_depeg_stablecoin,indonesia,USDC
985,0.9769306825215954,2930161621548.421,489,S1_depeg_stablecoin,indonesia,USDC
986,0.9645198255167502,2930161621548.421,489,S1_depeg_stablecoin,indonesia,USDC
987,0.977211232582272,2930161621454.4688,489,S1_depeg_stablecoin,indonesia,USDC
988,0.9443582100452527,2930161621454.4688,489,S1_depeg_stablecoin,indonesia,USDC
989,0.9549209418894584,2930161620999.241,489,S1_depeg_stablecoin,indonesia,USDC
990,0.9767705801527146,2930161620744.961,489,S1_depeg_stablecoin,indonesia,USDC
991,0.9664871597825813,2930161620744.961,489,S1_depeg_stablecoin,indonesia,USDC
992,0.9625158726763189,2930161620711.08,489,S1_depeg_stablecoin,indonesia,USDC
993,0.977736201190531,2930161620573.3213,489,S1_depeg_stablecoin,indonesia,USDC
994,0.9702017895015245,2930161620573.3213,489,S1_depeg_stablecoin,indonesia,USDC
995,0.9875150752308589,2930161620573.3213,489,S1_depeg_stablecoin,indonesia,USDC
996,0.9543905608277953,2930161620573.3213,489,S1_depeg_stablecoin,indonesia,USDC
997,0.9738469522371284,2930161620329.8706,489,S1_depeg_stablecoin,indonesia,USDC
998,0.9743236964144945,2930161620329.8706,489,S1_depeg_stablecoin,indonesia,USDC
999,0.9578598003709657,2930161620329.8706,489,S1_depeg_stablecoin,indonesia,USDC
1000,0.952683374029484,2930161620137.0996,489,S1_depeg_stablecoin,indonesia,USDC
