Step,price,liquidity,iteration,scenario,region,coin
1,0.9871118686352869,2988771017573.4854,103,S1_depeg_stablecoin,indonesia,USDC
2,0.9848586219705922,2988771017573.4854,103,S1_depeg_stablecoin,indonesia,USDC
3,1.0199897104377156,2988771017573.4854,103,S1_depeg_stablecoin,indonesia,USDC
4,1.0021602827229557,2988771017573.4854,103,S1_depeg_stablecoin,indonesia,USDC
5,1.0056973677481347,2988771017573.4854,103,S1_depeg_stablecoin,indonesia,USDC
6,1.0184729155384629,2988771017573.4854,103,S1_depeg_stablecoin,indonesia,USDC
7,0.9924050094304564,2988771017573.4854,103,S1_depeg_stablecoin,indonesia,USDC
8,1.0126221725101587,2988771017573.4854,103,S1_depeg_stablecoin,indonesia,USDC
9,0.993092002332491,2988771017573.4854,103,S1_depeg_stablecoin,indonesia,USDC
10,0.9913408855769954,2988771017573.4854,103,S1_depeg_stablecoin,indonesia,USDC
11,0.9543402421103002,2988771017573.4854,103,S1_depeg_stablecoin,indonesia,USDC
12,0.9527352750277818,2987802372755.566,103,S1_depeg_stablecoin,indonesia,USDC
13,0.9572869886431492,2986763950812.098,103,S1_depeg_stablecoin,indonesia,USDC
14,0.935060996805007,2986003883988.511,103,S1_depeg_stablecoin,indonesia,USDC
15,0.9337053895677284,2983993596556.5938,103,S1_depeg_stablecoin,indonesia,USDC
16,0.9490869293990896,2981979414163.8257,103,S1_depeg_stablecoin,indonesia,USDC
17,0.9569512846182269,2980858798360.2305,103,S1_depeg_stablecoin,indonesia,USDC
18,0.9834165385866869,2980169373024.578,103,S1_depeg_stablecoin,indonesia,USDC
19,0.9680432035831908,2980169373024.578,103,S1_depeg_stablecoin,indonesia,USDC
20,0.9621998791777607,2980065686305.2207,103,S1_depeg_stablecoin,indonesia,USDC
21,0.972060138569669,2979683540534.5117,103,S1_depeg_stablecoin,indonesia,USDC
22,0.9856244337581118,2979683540534.5117,103,S1_depeg_stablecoin,indonesia,USDC
23,0.9543128128482058,2979683540534.5117,103,S1_depeg_stablecoin,indonesia,USDC
24,0.937470279286131,2978872512344.85,103,S1_depeg_stablecoin,indonesia,USDC
25,0.9359344237548095,2977243396567.8525,103,S1_depeg_stablecoin,indonesia,USDC
26,0.9064643040355722,2975575881672.412,103,S1_depeg_stablecoin,indonesia,USDC
27,0.9235927813440822,2972510129491.9526,103,S1_depeg_stablecoin,indonesia,USDC
28,0.9281508729678934,2970437774228.3193,103,S1_depeg_stablecoin,indonesia,USDC
29,0.9216693996683456,2968640127432.171,103,S1_depeg_stablecoin,indonesia,USDC
30,0.9251967243203149,2966714642601.4814,103,S1_depeg_stablecoin,indonesia,USDC
31,0.9492606493465613,2964981290038.829,103,S1_depeg_stablecoin,indonesia,USDC
32,0.9502545205338846,2964232856147.2188,103,S1_depeg_stablecoin,indonesia,USDC
33,0.9454811771271451,2963510989131.3545,103,S1_depeg_stablecoin,indonesia,USDC
34,0.9616572935193566,2962646824187.4688,103,S1_depeg_stablecoin,indonesia,USDC
35,0.9563302074557728,2962375152572.949,103,S1_depeg_stablecoin,indonesia,USDC
36,0.9304347027712352,2961924259140.032,103,S1_depeg_stablecoin,indonesia,USDC
37,0.929121909693538,2960608349163.8467,103,S1_depeg_stablecoin,indonesia,USDC
38,0.9340732648167052,2959285085428.6284,103,S1_depeg_stablecoin,indonesia,USDC
39,0.9300044968369823,2958154909309.869,103,S1_depeg_stablecoin,indonesia,USDC
40,0.9243479383865151,2956943338655.3486,103,S1_depeg_stablecoin,indonesia,USDC
41,0.9353565083729265,2955636678486.1953,103,S1_depeg_stablecoin,indonesia,USDC
42,0.9503168992218306,2954709746032.9297,103,S1_depeg_stablecoin,indonesia,USDC
43,0.9404178286266268,2954220846921.455,103,S1_depeg_stablecoin,indonesia,USDC
44,0.9354382589348471,2953444701340.842,103,S1_depeg_stablecoin,indonesia,USDC
45,0.9546430031420416,2952581856302.2617,103,S1_depeg_stablecoin,indonesia,USDC
46,0.9628860339433517,2952227652337.5967,103,S1_depeg_stablecoin,indonesia,USDC
47,0.9461739647026967,2952055621715.416,103,S1_depeg_stablecoin,indonesia,USDC
48,0.9814684929739169,2951483683777.097,103,S1_depeg_stablecoin,indonesia,USDC
49,1.0045296565710162,2951483683777.097,103,S1_depeg_stablecoin,indonesia,USDC
50,1.0087051872152375,2951483683777.097,103,S1_depeg_stablecoin,indonesia,USDC
51,0.9738665941041954,2951483683777.097,103,S1_depeg_stablecoin,indonesia,USDC
52,0.976327074859108,2951483683777.097,103,S1_depeg_stablecoin,indonesia,USDC
53,0.9664198550507355,2951483683777.097,103,S1_depeg_stablecoin,indonesia,USDC
54,0.9739973195864653,2951408472389.9736,103,S1_depeg_stablecoin,indonesia,USDC
55,1.0134742322329355,2951408472389.9736,103,S1_depeg_stablecoin,indonesia,USDC
56,1.032527700135129,2951408472389.9736,103,S1_depeg_stablecoin,indonesia,USDC
57,1.0339758467807512,2951408472389.9736,103,S1_depeg_stablecoin,indonesia,USDC
58,1.0855294761720613,2951408472389.9736,103,S1_depeg_stablecoin,indonesia,USDC
59,1.1294143536946966,2951408472389.9736,103,S1_depeg_stablecoin,indonesia,USDC
60,1.0819604191011476,2951408472389.9736,103,S1_depeg_stablecoin,indonesia,USDC
61,1.110838202088086,2951408472389.9736,103,S1_depeg_stablecoin,indonesia,USDC
62,1.1069301903329334,2951408472389.9736,103,S1_depeg_stablecoin,indonesia,USDC
63,1.1262155828794171,2951408472389.9736,103,S1_depeg_stablecoin,indonesia,USDC
64,1.119932384210261,2951408472389.9736,103,S1_depeg_stablecoin,indonesia,USDC
65,1.082123366645006,2951408472389.9736,103,S1_depeg_stablecoin,indonesia,USDC
66,1.1182820416502246,2951408472389.9736,103,S1_depeg_stablecoin,indonesia,USDC
67,1.0926798682591659,2951408472389.9736,103,S1_depeg_stablecoin,indonesia,USDC
68,1.08019037902819,2951408472389.9736,103,S1_depeg_stablecoin,indonesia,USDC
69,1.0434650106686336,2951408472389.9736,103,S1_depeg_stablecoin,indonesia,USDC
70,1.020968882271727,2951408472389.9736,103,S1_depeg_stablecoin,indonesia,USDC
71,1.0300164791465156,2951408472389.9736,103,S1_depeg_stablecoin,indonesia,USDC
72,1.0328135753963559,2951408472389.9736,103,S1_depeg_stablecoin,indonesia,USDC
73,1.0454467197788437,2951408472389.9736,103,S1_depeg_stablecoin,indonesia,USDC
74,0.9993240995791144,2951408472389.9736,103,S1_depeg_stablecoin,indonesia,USDC
75,1.015418688554062,2951408472389.9736,103,S1_depeg_stablecoin,indonesia,USDC
76,1.0217635534233678,2951408472389.9736,103,S1_depeg_stablecoin,indonesia,USDC
77,1.0109560277918974,2951408472389.9736,103,S1_depeg_stablecoin,indonesia,USDC
78,0.9723676097019984,2951408472389.9736,103,S1_depeg_stablecoin,indonesia,USDC
79,0.9341898174548772,2951408472389.9736,103,S1_depeg_stablecoin,indonesia,USDC
80,0.9541567070747572,2950598323924.106,103,S1_depeg_stablecoin,indonesia,USDC
81,0.9644068220619516,2950293391317.568,103,S1_depeg_stablecoin,indonesia,USDC
82,0.9610638169847302,2950169289806.228,103,S1_depeg_stablecoin,indonesia,USDC
83,0.9280292435877808,2949986493286.766,103,S1_depeg_stablecoin,indonesia,USDC
84,0.9381625391981249,2949068524664.775,103,S1_depeg_stablecoin,indonesia,USDC
85,0.9126927240188806,2948445389137.0645,103,S1_depeg_stablecoin,indonesia,USDC
86,0.8941570182668687,2947283033837.117,103,S1_depeg_stablecoin,indonesia,USDC
87,0.9243276783631775,2945869290918.633,103,S1_depeg_stablecoin,indonesia,USDC
88,0.9277786190191198,2945086433103.699,103,S1_depeg_stablecoin,indonesia,USDC
89,0.9649629109198224,2944396412945.158,103,S1_depeg_stablecoin,indonesia,USDC
90,0.9782491469235515,2944324696604.9365,103,S1_depeg_stablecoin,indonesia,USDC
91,0.95609850003784,2944324696604.9365,103,S1_depeg_stablecoin,indonesia,USDC
92,0.9760302310247027,2944101789936.413,103,S1_depeg_stablecoin,indonesia,USDC
93,0.9684379907529806,2944101789936.413,103,S1_depeg_stablecoin,indonesia,USDC
94,0.9610632374291332,2944101789936.413,103,S1_depeg_stablecoin,indonesia,USDC
95,0.9768323274982899,2943960545119.2637,103,S1_depeg_stablecoin,indonesia,USDC
96,0.9860665389075088,2943960545119.2637,103,S1_depeg_stablecoin,indonesia,USDC
97,0.9652390939564822,2943960545119.2637,103,S1_depeg_stablecoin,indonesia,USDC
98,0.9554235477719347,2943913209215.657,103,S1_depeg_stablecoin,indonesia,USDC
99,0.9766908029640698,2943685663408.3374,103,S1_depeg_stablecoin,indonesia,USDC
100,1.0009033082329764,2943685663408.3374,103,S1_depeg_stablecoin,indonesia,USDC
101,0.8400022530182873,2943685663408.3374,103,S1_depeg_stablecoin,indonesia,USDC
102,0.8498291883087875,2941809833646.45,103,S1_depeg_stablecoin,indonesia,USDC
103,0.8565643980334937,2940261776439.2266,103,S1_depeg_stablecoin,indonesia,USDC
104,0.8586432022411845,2939002959992.588,103,S1_depeg_stablecoin,indonesia,USDC
105,0.875694020422422,2937853172673.903,103,S1_depeg_stablecoin,indonesia,USDC
106,0.9163504403877578,2937028375535.6567,103,S1_depeg_stablecoin,indonesia,USDC
107,0.9215312178040906,2936607275122.8975,103,S1_depeg_stablecoin,indonesia,USDC
108,0.9186940585293112,2936215714442.0796,103,S1_depeg_stablecoin,indonesia,USDC
109,0.8827866486198149,2935842689269.7646,103,S1_depeg_stablecoin,indonesia,USDC
110,0.9180668555720202,2935249597031.0806,103,S1_depeg_stablecoin,indonesia,USDC
111,0.9386966508568337,2934930099625.575,103,S1_depeg_stablecoin,indonesia,USDC
112,0.9640073083070166,2934737777961.823,103,S1_depeg_stablecoin,indonesia,USDC
113,0.9621789387614518,2934700915121.1904,103,S1_depeg_stablecoin,indonesia,USDC
114,0.9503645122291284,2934656961208.4663,103,S1_depeg_stablecoin,indonesia,USDC
115,0.9274800318535102,2934547881263.308,103,S1_depeg_stablecoin,indonesia,USDC
116,0.9518897557379444,2934316247076.1543,103,S1_depeg_stablecoin,indonesia,USDC
117,0.9504834483636848,2934217315523.4033,103,S1_depeg_stablecoin,indonesia,USDC
118,0.936550864342531,2934112392814.7295,103,S1_depeg_stablecoin,indonesia,USDC
119,0.966398319980615,2933945672090.0615,103,S1_depeg_stablecoin,indonesia,USDC
120,0.9898804952817383,2933932412744.6084,103,S1_depeg_stablecoin,indonesia,USDC
121,0.991821676384506,2933932412744.6084,103,S1_depeg_stablecoin,indonesia,USDC
122,0.9944113082393288,2933932412744.6084,103,S1_depeg_stablecoin,indonesia,USDC
123,0.9695230896332295,2933932412744.6084,103,S1_depeg_stablecoin,indonesia,USDC
124,0.9417341009534295,2933932412744.6084,103,S1_depeg_stablecoin,indonesia,USDC
125,0.9627184314260157,2933792313949.735,103,S1_depeg_stablecoin,indonesia,USDC
126,0.9486575734065622,2933757812730.6504,103,S1_depeg_stablecoin,indonesia,USDC
127,0.9499124016347922,2933656916384.139,103,S1_depeg_stablecoin,indonesia,USDC
128,0.950172283350833,2933564127702.1846,103,S1_depeg_stablecoin,indonesia,USDC
129,0.9464498327700859,2933474388359.7085,103,S1_depeg_stablecoin,indonesia,USDC
130,0.9498013614416523,2933364549695.58,103,S1_depeg_stablecoin,indonesia,USDC
131,0.9502490122762739,2933276812325.838,103,S1_depeg_stablecoin,indonesia,USDC
132,0.966902927648773,2933188919413.0264,103,S1_depeg_stablecoin,indonesia,USDC
133,0.977940098925912,2933179832922.3364,103,S1_depeg_stablecoin,indonesia,USDC
134,0.9802375860328328,2933179832922.3364,103,S1_depeg_stablecoin,indonesia,USDC
135,1.0383574959029074,2933179832922.3364,103,S1_depeg_stablecoin,indonesia,USDC
136,1.004908000550983,2933179832922.3364,103,S1_depeg_stablecoin,indonesia,USDC
137,0.9923936954011399,2933179832922.3364,103,S1_depeg_stablecoin,indonesia,USDC
138,0.9555655531939224,2933179832922.3364,103,S1_depeg_stablecoin,indonesia,USDC
139,0.9571339583390109,2933117619420.627,103,S1_depeg_stablecoin,indonesia,USDC
140,0.9556408866350491,2933066401024.4883,103,S1_depeg_stablecoin,indonesia,USDC
141,0.9666108364597659,2933009360037.0933,103,S1_depeg_stablecoin,indonesia,USDC
142,0.992818836202468,2932999387042.697,103,S1_depeg_stablecoin,indonesia,USDC
143,1.0163156814409586,2932999387042.697,103,S1_depeg_stablecoin,indonesia,USDC
144,1.009503268407123,2932999387042.697,103,S1_depeg_stablecoin,indonesia,USDC
145,1.0077424463331304,2932999387042.697,103,S1_depeg_stablecoin,indonesia,USDC
146,0.9980524562975109,2932999387042.697,103,S1_depeg_stablecoin,indonesia,USDC
147,0.9924879994021429,2932999387042.697,103,S1_depeg_stablecoin,indonesia,USDC
148,1.0173952739676713,2932999387042.697,103,S1_depeg_stablecoin,indonesia,USDC
149,1.0191490643640904,2932999387042.697,103,S1_depeg_stablecoin,indonesia,USDC
150,1.0340638293686495,2932999387042.697,103,S1_depeg_stablecoin,indonesia,USDC
151,1.0208411524096543,2932999387042.697,103,S1_depeg_stablecoin,indonesia,USDC
152,1.0293421077434286,2932999387042.697,103,S1_depeg_stablecoin,indonesia,USDC
153,0.9954902284962368,2932999387042.697,103,S1_depeg_stablecoin,indonesia,USDC
154,0.9631483279738654,2932999387042.697,103,S1_depeg_stablecoin,indonesia,USDC
155,0.9770994018378264,2932969519619.1826,103,S1_depeg_stablecoin,indonesia,USDC
156,0.9869380544031918,2932969519619.1826,103,S1_depeg_stablecoin,indonesia,USDC
157,0.9910459109170939,2932969519619.1826,103,S1_depeg_stablecoin,indonesia,USDC
158,1.0062017053929824,2932969519619.1826,103,S1_depeg_stablecoin,indonesia,USDC
159,0.980343574004458,2932969519619.1826,103,S1_depeg_stablecoin,indonesia,USDC
160,0.9742469833779762,2932969519619.1826,103,S1_depeg_stablecoin,indonesia,USDC
161,0.9732783677720211,2932969519619.1826,103,S1_depeg_stablecoin,indonesia,USDC
162,0.9731905971194463,2932969519619.1826,103,S1_depeg_stablecoin,indonesia,USDC
163,0.9503557041696705,2932969519619.1826,103,S1_depeg_stablecoin,indonesia,USDC
164,0.9639285636740171,2932891654655.808,103,S1_depeg_stablecoin,indonesia,USDC
165,0.9676122839826097,2932870974873.265,103,S1_depeg_stablecoin,indonesia,USDC
166,0.9517328160932794,2932867727325.7603,103,S1_depeg_stablecoin,indonesia,USDC
167,0.9738495215694093,2932793945633.566,103,S1_depeg_stablecoin,indonesia,USDC
168,0.9431312054123467,2932793945633.566,103,S1_depeg_stablecoin,indonesia,USDC
169,0.921591303117892,2932690388072.562,103,S1_depeg_stablecoin,indonesia,USDC
170,0.9511147821833974,2932505286947.1177,103,S1_depeg_stablecoin,indonesia,USDC
171,0.9698703573787913,2932435706272.2656,103,S1_depeg_stablecoin,indonesia,USDC
172,0.96214130454736,2932435706272.2656,103,S1_depeg_stablecoin,indonesia,USDC
173,0.9609276167661598,2932406015888.3354,103,S1_depeg_stablecoin,indonesia,USDC
174,0.9720569736112462,2932379338882.762,103,S1_depeg_stablecoin,indonesia,USDC
175,0.9503981314517926,2932379338882.762,103,S1_depeg_stablecoin,indonesia,USDC
176,0.9702095831583802,2932306421521.9536,103,S1_depeg_stablecoin,indonesia,USDC
177,0.969476472097971,2932306421521.9536,103,S1_depeg_stablecoin,indonesia,USDC
178,0.9613077733446502,2932306421521.9536,103,S1_depeg_stablecoin,indonesia,USDC
179,0.9764506080860903,2932279447578.574,103,S1_depeg_stablecoin,indonesia,USDC
180,0.9970928628453622,2932279447578.574,103,S1_depeg_stablecoin,indonesia,USDC
181,1.0161688563639264,2932279447578.574,103,S1_depeg_stablecoin,indonesia,USDC
182,1.0371457123480896,2932279447578.574,103,S1_depeg_stablecoin,indonesia,USDC
183,1.0367747063217518,2932279447578.574,103,S1_depeg_stablecoin,indonesia,USDC
184,1.0623047837850979,2932279447578.574,103,S1_depeg_stablecoin,indonesia,USDC
185,1.0593154083931338,2932279447578.574,103,S1_depeg_stablecoin,indonesia,USDC
186,1.063581648326946,2932279447578.574,103,S1_depeg_stablecoin,indonesia,USDC
187,1.0616706043486097,2932279447578.574,103,S1_depeg_stablecoin,indonesia,USDC
188,1.0419068704502386,2932279447578.574,103,S1_depeg_stablecoin,indonesia,USDC
189,1.0355576766527408,2932279447578.574,103,S1_depeg_stablecoin,indonesia,USDC
190,1.0303819764092872,2932279447578.574,103,S1_depeg_stablecoin,indonesia,USDC
191,1.0376243770233713,2932279447578.574,103,S1_depeg_stablecoin,indonesia,USDC
192,1.0400444119666779,2932279447578.574,103,S1_depeg_stablecoin,indonesia,USDC
193,1.0811203935537967,2932279447578.574,103,S1_depeg_stablecoin,indonesia,USDC
194,1.0534246999526145,2932279447578.574,103,S1_depeg_stablecoin,indonesia,USDC
195,1.0552237942697267,2932279447578.574,103,S1_depeg_stablecoin,indonesia,USDC
196,1.0258313722082828,2932279447578.574,103,S1_depeg_stablecoin,indonesia,USDC
197,1.023848217422276,2932279447578.574,103,S1_depeg_stablecoin,indonesia,USDC
198,1.0361651415803057,2932279447578.574,103,S1_depeg_stablecoin,indonesia,USDC
199,1.0476026477787599,2932279447578.574,103,S1_depeg_stablecoin,indonesia,USDC
200,1.040506112442519,2932279447578.574,103,S1_depeg_stablecoin,indonesia,USDC
201,1.0212893055136043,2932279447578.574,103,S1_depeg_stablecoin,indonesia,USDC
202,1.0023776536501514,2932279447578.574,103,S1_depeg_stablecoin,indonesia,USDC
203,1.0051257795450637,2932279447578.574,103,S1_depeg_stablecoin,indonesia,USDC
204,0.9987226851394397,2932279447578.574,103,S1_depeg_stablecoin,indonesia,USDC
205,1.0282959829700862,2932279447578.574,103,S1_depeg_stablecoin,indonesia,USDC
206,1.0136454328337656,2932279447578.574,103,S1_depeg_stablecoin,indonesia,USDC
207,1.0526402720466228,2932279447578.574,103,S1_depeg_stablecoin,indonesia,USDC
208,1.07830780658494,2932279447578.574,103,S1_depeg_stablecoin,indonesia,USDC
209,1.0871400491276535,2932279447578.574,103,S1_depeg_stablecoin,indonesia,USDC
210,1.0768512961646757,2932279447578.574,103,S1_depeg_stablecoin,indonesia,USDC
211,1.122285628051229,2932279447578.574,103,S1_depeg_stablecoin,indonesia,USDC
212,1.0984242470312977,2932279447578.574,103,S1_depeg_stablecoin,indonesia,USDC
213,1.0856707810723154,2932279447578.574,103,S1_depeg_stablecoin,indonesia,USDC
214,1.09953186810885,2932279447578.574,103,S1_depeg_stablecoin,indonesia,USDC
215,1.1113998897355295,2932279447578.574,103,S1_depeg_stablecoin,indonesia,USDC
216,1.088820591015201,2932279447578.574,103,S1_depeg_stablecoin,indonesia,USDC
217,1.1204214318102512,2932279447578.574,103,S1_depeg_stablecoin,indonesia,USDC
218,1.1112799024331796,2932279447578.574,103,S1_depeg_stablecoin,indonesia,USDC
219,1.1151862131869137,2932279447578.574,103,S1_depeg_stablecoin,indonesia,USDC
220,1.1123566068742774,2932279447578.574,103,S1_depeg_stablecoin,indonesia,USDC
221,1.1433210238769465,2932279447578.574,103,S1_depeg_stablecoin,indonesia,USDC
222,1.0990127936025562,2932279447578.574,103,S1_depeg_stablecoin,indonesia,USDC
223,1.1086017750225279,2932279447578.574,103,S1_depeg_stablecoin,indonesia,USDC
224,1.1126037635573083,2932279447578.574,103,S1_depeg_stablecoin,indonesia,USDC
225,1.1184019736462867,2932279447578.574,103,S1_depeg_stablecoin,indonesia,USDC
226,1.1471183305677424,2932279447578.574,103,S1_depeg_stablecoin,indonesia,USDC
227,1.10058127595779,2932279447578.574,103,S1_depeg_stablecoin,indonesia,USDC
228,1.0978311518102268,2932279447578.574,103,S1_depeg_stablecoin,indonesia,USDC
229,1.0584666057436745,2932279447578.574,103,S1_depeg_stablecoin,indonesia,USDC
230,1.078142432997643,2932279447578.574,103,S1_depeg_stablecoin,indonesia,USDC
231,1.0846603039298763,2932279447578.574,103,S1_depeg_stablecoin,indonesia,USDC
232,1.1086972017377503,2932279447578.574,103,S1_depeg_stablecoin,indonesia,USDC
233,1.0853288863252737,2932279447578.574,103,S1_depeg_stablecoin,indonesia,USDC
234,1.0837183123415723,2932279447578.574,103,S1_depeg_stablecoin,indonesia,USDC
235,1.0929072391118995,2932279447578.574,103,S1_depeg_stablecoin,indonesia,USDC
236,1.1372633751070906,2932279447578.574,103,S1_depeg_stablecoin,indonesia,USDC
237,1.1299370228811043,2932279447578.574,103,S1_depeg_stablecoin,indonesia,USDC
238,1.1132969462259878,2932279447578.574,103,S1_depeg_stablecoin,indonesia,USDC
239,1.066234544285465,2932279447578.574,103,S1_depeg_stablecoin,indonesia,USDC
240,1.0689102573973168,2932279447578.574,103,S1_depeg_stablecoin,indonesia,USDC
241,1.0886020522010644,2932279447578.574,103,S1_depeg_stablecoin,indonesia,USDC
242,1.0965352276563871,2932279447578.574,103,S1_depeg_stablecoin,indonesia,USDC
243,1.087003216963184,2932279447578.574,103,S1_depeg_stablecoin,indonesia,USDC
244,1.0483447882995673,2932279447578.574,103,S1_depeg_stablecoin,indonesia,USDC
245,1.0382609956171138,2932279447578.574,103,S1_depeg_stablecoin,indonesia,USDC
246,1.0236865451418864,2932279447578.574,103,S1_depeg_stablecoin,indonesia,USDC
247,1.035258511830013,2932279447578.574,103,S1_depeg_stablecoin,indonesia,USDC
248,1.0626398501565868,2932279447578.574,103,S1_depeg_stablecoin,indonesia,USDC
249,1.0706299784188007,2932279447578.574,103,S1_depeg_stablecoin,indonesia,USDC
250,1.0625682902427462,2932279447578.574,103,S1_depeg_stablecoin,indonesia,USDC
251,1.0785657919501463,2932279447578.574,103,S1_depeg_stablecoin,indonesia,USDC
252,1.0805243083782787,2932279447578.574,103,S1_depeg_stablecoin,indonesia,USDC
253,1.090036465824106,2932279447578.574,103,S1_depeg_stablecoin,indonesia,USDC
254,1.0970564288453117,2932279447578.574,103,S1_depeg_stablecoin,indonesia,USDC
255,1.1015851883857346,2932279447578.574,103,S1_depeg_stablecoin,indonesia,USDC
256,1.1100462375077829,2932279447578.574,103,S1_depeg_stablecoin,indonesia,USDC
257,1.1068303451192933,2932279447578.574,103,S1_depeg_stablecoin,indonesia,USDC
258,1.1210355616802474,2932279447578.574,103,S1_depeg_stablecoin,indonesia,USDC
259,1.0987169434976296,2932279447578.574,103,S1_depeg_stablecoin,indonesia,USDC
260,1.0820919596693117,2932279447578.574,103,S1_depeg_stablecoin,indonesia,USDC
261,1.0766620761915653,2932279447578.574,103,S1_depeg_stablecoin,indonesia,USDC
262,1.036736697940625,2932279447578.574,103,S1_depeg_stablecoin,indonesia,USDC
263,1.0308956221866374,2932279447578.574,103,S1_depeg_stablecoin,indonesia,USDC
264,1.0427538904331222,2932279447578.574,103,S1_depeg_stablecoin,indonesia,USDC
265,1.0237199967820314,2932279447578.574,103,S1_depeg_stablecoin,indonesia,USDC
266,1.0041404555656028,2932279447578.574,103,S1_depeg_stablecoin,indonesia,USDC
267,0.9960859177406476,2932279447578.574,103,S1_depeg_stablecoin,indonesia,USDC
268,0.9840789425098703,2932279447578.574,103,S1_depeg_stablecoin,indonesia,USDC
269,0.9719100210129331,2932279447578.574,103,S1_depeg_stablecoin,indonesia,USDC
270,0.9618221290133291,2932279447578.574,103,S1_depeg_stablecoin,indonesia,USDC
271,0.9612537275012344,2932254480814.0527,103,S1_depeg_stablecoin,indonesia,USDC
272,0.9343449730704981,2932223071207.103,103,S1_depeg_stablecoin,indonesia,USDC
273,0.9210305008603307,2932096181449.0938,103,S1_depeg_stablecoin,indonesia,USDC
274,0.929551561237526,2931932801642.1763,103,S1_depeg_stablecoin,indonesia,USDC
275,0.9582344085173566,2931812438661.0264,103,S1_depeg_stablecoin,indonesia,USDC
276,0.9895316096901964,2931782095588.3364,103,S1_depeg_stablecoin,indonesia,USDC
277,0.9837765081779548,2931782095588.3364,103,S1_depeg_stablecoin,indonesia,USDC
278,1.0000823799682248,2931782095588.3364,103,S1_depeg_stablecoin,indonesia,USDC
279,1.0044648764796857,2931782095588.3364,103,S1_depeg_stablecoin,indonesia,USDC
280,0.9762989602564791,2931782095588.3364,103,S1_depeg_stablecoin,indonesia,USDC
281,0.974563621505379,2931782095588.3364,103,S1_depeg_stablecoin,indonesia,USDC
282,0.984263982939393,2931782095588.3364,103,S1_depeg_stablecoin,indonesia,USDC
283,0.9889774432440209,2931782095588.3364,103,S1_depeg_stablecoin,indonesia,USDC
284,1.0071255437495208,2931782095588.3364,103,S1_depeg_stablecoin,indonesia,USDC
285,1.0340678550535056,2931782095588.3364,103,S1_depeg_stablecoin,indonesia,USDC
286,1.035165281897867,2931782095588.3364,103,S1_depeg_stablecoin,indonesia,USDC
287,1.0418371230148094,2931782095588.3364,103,S1_depeg_stablecoin,indonesia,USDC
288,1.0377645824483912,2931782095588.3364,103,S1_depeg_stablecoin,indonesia,USDC
289,1.0530910444786923,2931782095588.3364,103,S1_depeg_stablecoin,indonesia,USDC
290,1.0597059297355378,2931782095588.3364,103,S1_depeg_stablecoin,indonesia,USDC
291,1.0565310953078402,2931782095588.3364,103,S1_depeg_stablecoin,indonesia,USDC
292,1.081033554008057,2931782095588.3364,103,S1_depeg_stablecoin,indonesia,USDC
293,1.0780822744620686,2931782095588.3364,103,S1_depeg_stablecoin,indonesia,USDC
294,1.089501183866969,2931782095588.3364,103,S1_depeg_stablecoin,indonesia,USDC
295,1.0836840682727464,2931782095588.3364,103,S1_depeg_stablecoin,indonesia,USDC
296,0.9828282726762535,2931782095588.3364,103,S1_depeg_stablecoin,indonesia,USDC
297,0.9688110998286453,2931782095588.3364,103,S1_depeg_stablecoin,indonesia,USDC
298,0.9658121904895022,2931779628436.088,103,S1_depeg_stablecoin,indonesia,USDC
299,0.9760628379904919,2931768419931.7046,103,S1_depeg_stablecoin,indonesia,USDC
300,0.9983095307457537,2931768419931.7046,103,S1_depeg_stablecoin,indonesia,USDC
301,1.007155284877298,2931768419931.7046,103,S1_depeg_stablecoin,indonesia,USDC
302,0.9917539462644909,2931768419931.7046,103,S1_depeg_stablecoin,indonesia,USDC
303,1.0025277229438094,2931768419931.7046,103,S1_depeg_stablecoin,indonesia,USDC
304,1.004588367938984,2931768419931.7046,103,S1_depeg_stablecoin,indonesia,USDC
305,0.9679965447323196,2931768419931.7046,103,S1_depeg_stablecoin,indonesia,USDC
306,0.8368893084013729,2931765531220.012,103,S1_depeg_stablecoin,indonesia,USDC
307,0.8536179492006971,2931379778722.1807,103,S1_depeg_stablecoin,indonesia,USDC
308,0.8745135094750901,2931066775657.716,103,S1_depeg_stablecoin,indonesia,USDC
309,0.8874910907930494,2930855631790.393,103,S1_depeg_stablecoin,indonesia,USDC
310,0.9114717668318277,2930682323796.979,103,S1_depeg_stablecoin,indonesia,USDC
311,0.8741997941775312,2930569904455.3984,103,S1_depeg_stablecoin,indonesia,USDC
312,0.8971440976317065,2930392240812.575,103,S1_depeg_stablecoin,indonesia,USDC
313,0.9290066359597974,2930279067551.6836,103,S1_depeg_stablecoin,indonesia,USDC
314,0.9527903715948174,2930219004445.639,103,S1_depeg_stablecoin,indonesia,USDC
315,0.9628368718463969,2930194492498.025,103,S1_depeg_stablecoin,indonesia,USDC
316,0.9588896663707505,2930184882456.871,103,S1_depeg_stablecoin,indonesia,USDC
317,0.9860776692378931,2930169690819.0947,103,S1_depeg_stablecoin,indonesia,USDC
318,0.9915062035507906,2930169690819.0947,103,S1_depeg_stablecoin,indonesia,USDC
319,1.0142851060286349,2930169690819.0947,103,S1_depeg_stablecoin,indonesia,USDC
320,1.0092476508642276,2930169690819.0947,103,S1_depeg_stablecoin,indonesia,USDC
321,1.0004900058277022,2930169690819.0947,103,S1_depeg_stablecoin,indonesia,USDC
322,0.9894217860745919,2930169690819.0947,103,S1_depeg_stablecoin,indonesia,USDC
323,0.9928327838271892,2930169690819.0947,103,S1_depeg_stablecoin,indonesia,USDC
324,0.9834836773352339,2930169690819.0947,103,S1_depeg_stablecoin,indonesia,USDC
325,0.9775748085124905,2930169690819.0947,103,S1_depeg_stablecoin,indonesia,USDC
326,0.9720452635264786,2930169690819.0947,103,S1_depeg_stablecoin,indonesia,USDC
327,1.0140017923963913,2930169690819.0947,103,S1_depeg_stablecoin,indonesia,USDC
328,1.0289683219292343,2930169690819.0947,103,S1_depeg_stablecoin,indonesia,USDC
329,1.0240285037980104,2930169690819.0947,103,S1_depeg_stablecoin,indonesia,USDC
330,1.01808853401093,2930169690819.0947,103,S1_depeg_stablecoin,indonesia,USDC
331,0.9997023060855038,2930169690819.0947,103,S1_depeg_stablecoin,indonesia,USDC
332,0.9684670155586446,2930169690819.0947,103,S1_depeg_stablecoin,indonesia,USDC
333,0.8312878288142851,2930168959335.74,103,S1_depeg_stablecoin,indonesia,USDC
334,0.8256596111251904,2929977131173.0923,103,S1_depeg_stablecoin,indonesia,USDC
335,0.8155234259599702,2929808494894.4375,103,S1_depeg_stablecoin,indonesia,USDC
336,0.8156061254024396,2929653137751.041,103,S1_depeg_stablecoin,indonesia,USDC
337,0.8349221200165386,2929512731614.8823,103,S1_depeg_stablecoin,indonesia,USDC
338,0.8643923638719686,2929409443820.794,103,S1_depeg_stablecoin,indonesia,USDC
339,0.8804104132708884,2929341422292.308,103,S1_depeg_stablecoin,indonesia,USDC
340,0.9217052338537424,2929291078423.9355,103,S1_depeg_stablecoin,indonesia,USDC
341,0.9581176929973093,2929265185416.56,103,S1_depeg_stablecoin,indonesia,USDC
342,0.9836040530056923,2929260198808.7695,103,S1_depeg_stablecoin,indonesia,USDC
343,1.0060264577573135,2929260198808.7695,103,S1_depeg_stablecoin,indonesia,USDC
344,1.0070799981058978,2929260198808.7695,103,S1_depeg_stablecoin,indonesia,USDC
345,1.0023524635951544,2929260198808.7695,103,S1_depeg_stablecoin,indonesia,USDC
346,0.9907003528122296,2929260198808.7695,103,S1_depeg_stablecoin,indonesia,USDC
347,0.9962543149255728,2929260198808.7695,103,S1_depeg_stablecoin,indonesia,USDC
348,1.0128493289589797,2929260198808.7695,103,S1_depeg_stablecoin,indonesia,USDC
349,1.0156426875814302,2929260198808.7695,103,S1_depeg_stablecoin,indonesia,USDC
350,1.0165699970743294,2929260198808.7695,103,S1_depeg_stablecoin,indonesia,USDC
351,1.0006539770589673,2929260198808.7695,103,S1_depeg_stablecoin,indonesia,USDC
352,0.9785478161863779,2929260198808.7695,103,S1_depeg_stablecoin,indonesia,USDC
353,0.9830600133961573,2929260198808.7695,103,S1_depeg_stablecoin,indonesia,USDC
354,0.9736181457338342,2929260198808.7695,103,S1_depeg_stablecoin,indonesia,USDC
355,0.9787713197058582,2929260198808.7695,103,S1_depeg_stablecoin,indonesia,USDC
356,0.9949850020398563,2929260198808.7695,103,S1_depeg_stablecoin,indonesia,USDC
357,0.9923129520049422,2929260198808.7695,103,S1_depeg_stablecoin,indonesia,USDC
358,1.0147799465523162,2929260198808.7695,103,S1_depeg_stablecoin,indonesia,USDC
359,1.0353668400976808,2929260198808.7695,103,S1_depeg_stablecoin,indonesia,USDC
360,1.0316722004388588,2929260198808.7695,103,S1_depeg_stablecoin,indonesia,USDC
361,1.0352579018110288,2929260198808.7695,103,S1_depeg_stablecoin,indonesia,USDC
362,1.0589335114841276,2929260198808.7695,103,S1_depeg_stablecoin,indonesia,USDC
363,1.0718359964486255,2929260198808.7695,103,S1_depeg_stablecoin,indonesia,USDC
364,1.0810860160445535,2929260198808.7695,103,S1_depeg_stablecoin,indonesia,USDC
365,1.0740633467345164,2929260198808.7695,103,S1_depeg_stablecoin,indonesia,USDC
366,1.0510415834473978,2929260198808.7695,103,S1_depeg_stablecoin,indonesia,USDC
367,1.0370534612155338,2929260198808.7695,103,S1_depeg_stablecoin,indonesia,USDC
368,1.0034951377303678,2929260198808.7695,103,S1_depeg_stablecoin,indonesia,USDC
369,1.0015425357262755,2929260198808.7695,103,S1_depeg_stablecoin,indonesia,USDC
370,0.9970039596491962,2929260198808.7695,103,S1_depeg_stablecoin,indonesia,USDC
371,0.9873442650597785,2929260198808.7695,103,S1_depeg_stablecoin,indonesia,USDC
372,0.9808691710501509,2929260198808.7695,103,S1_depeg_stablecoin,indonesia,USDC
373,0.9853280731541579,2929260198808.7695,103,S1_depeg_stablecoin,indonesia,USDC
374,0.9895245242208737,2929260198808.7695,103,S1_depeg_stablecoin,indonesia,USDC
375,0.9727574775114968,2929260198808.7695,103,S1_depeg_stablecoin,indonesia,USDC
376,0.9756494054374567,2929260198808.7695,103,S1_depeg_stablecoin,indonesia,USDC
377,0.9503311774882537,2929260198808.7695,103,S1_depeg_stablecoin,indonesia,USDC
378,0.9353732238323539,2929251114597.854,103,S1_depeg_stablecoin,indonesia,USDC
379,0.948498077599324,2929233976234.76,103,S1_depeg_stablecoin,indonesia,USDC
380,0.9678093197499756,2929224942896.453,103,S1_depeg_stablecoin,indonesia,USDC
381,0.9438725629327559,2929223917736.412,103,S1_depeg_stablecoin,indonesia,USDC
382,0.9592533369780191,2929212594118.244,103,S1_depeg_stablecoin,indonesia,USDC
383,0.9700857394030927,2929207701876.6724,103,S1_depeg_stablecoin,indonesia,USDC
384,0.9756870225119316,2929207701876.6724,103,S1_depeg_stablecoin,indonesia,USDC
385,0.969087101266727,2929207701876.6724,103,S1_depeg_stablecoin,indonesia,USDC
386,0.9696212178739808,2929207701876.6724,103,S1_depeg_stablecoin,indonesia,USDC
387,0.9283763117000434,2929207531352.7456,103,S1_depeg_stablecoin,indonesia,USDC
388,0.9395200141444516,2929189874940.1763,103,S1_depeg_stablecoin,indonesia,USDC
389,0.9464054229655091,2929177152300.801,103,S1_depeg_stablecoin,indonesia,USDC
390,0.9622385855253629,2929168395345.993,103,S1_depeg_stablecoin,indonesia,USDC
391,0.9557736441695115,2929165732996.811,103,S1_depeg_stablecoin,indonesia,USDC
392,0.9339188979547662,2929160540455.915,103,S1_depeg_stablecoin,indonesia,USDC
393,0.9333544334484289,2929146051368.4204,103,S1_depeg_stablecoin,indonesia,USDC
394,0.9413076649769765,2929132316648.3555,103,S1_depeg_stablecoin,indonesia,USDC
395,0.9457012608678277,2929122361116.7266,103,S1_depeg_stablecoin,indonesia,USDC
396,0.9386431306073173,2929113559874.3525,103,S1_depeg_stablecoin,indonesia,USDC
397,0.9528301401804409,2929102486622.6104,103,S1_depeg_stablecoin,indonesia,USDC
398,0.9472574155906099,2929096885292.744,103,S1_depeg_stablecoin,indonesia,USDC
399,0.9378089426048758,2929089245010.1553,103,S1_depeg_stablecoin,indonesia,USDC
400,0.9517762965462514,2929079367042.5884,103,S1_depeg_stablecoin,indonesia,USDC
401,0.9378138185784477,2929074340463.6016,103,S1_depeg_stablecoin,indonesia,USDC
402,0.9447802947126119,2929064598856.7007,103,S1_depeg_stablecoin,indonesia,USDC
403,0.9344871082143977,2929057801475.419,103,S1_depeg_stablecoin,indonesia,USDC
404,0.9328247722662775,2929047301964.413,103,S1_depeg_stablecoin,indonesia,USDC
405,0.9704424966180509,2929037028553.952,103,S1_depeg_stablecoin,indonesia,USDC
406,0.9974925656120457,2929037028553.952,103,S1_depeg_stablecoin,indonesia,USDC
407,1.0198623359748777,2929037028553.952,103,S1_depeg_stablecoin,indonesia,USDC
408,1.0173466419964645,2929037028553.952,103,S1_depeg_stablecoin,indonesia,USDC
409,1.0541269637813568,2929037028553.952,103,S1_depeg_stablecoin,indonesia,USDC
410,1.0392380408821642,2929037028553.952,103,S1_depeg_stablecoin,indonesia,USDC
411,1.0483571428278153,2929037028553.952,103,S1_depeg_stablecoin,indonesia,USDC
412,1.0472036395962794,2929037028553.952,103,S1_depeg_stablecoin,indonesia,USDC
413,1.0506523608798262,2929037028553.952,103,S1_depeg_stablecoin,indonesia,USDC
414,1.0456983794854002,2929037028553.952,103,S1_depeg_stablecoin,indonesia,USDC
415,1.0299529199575146,2929037028553.952,103,S1_depeg_stablecoin,indonesia,USDC
416,0.9984597846991179,2929037028553.952,103,S1_depeg_stablecoin,indonesia,USDC
417,0.9989348650458898,2929037028553.952,103,S1_depeg_stablecoin,indonesia,USDC
418,0.9782698193507235,2929037028553.952,103,S1_depeg_stablecoin,indonesia,USDC
419,0.9749868335910822,2929037028553.952,103,S1_depeg_stablecoin,indonesia,USDC
420,0.9375752743415947,2929037028553.952,103,S1_depeg_stablecoin,indonesia,USDC
421,0.9550925246535132,2929028703910.0933,103,S1_depeg_stablecoin,indonesia,USDC
422,0.9722331548569298,2929025141476.0703,103,S1_depeg_stablecoin,indonesia,USDC
423,0.9910449338678411,2929025141476.0703,103,S1_depeg_stablecoin,indonesia,USDC
424,1.0176952653407196,2929025141476.0703,103,S1_depeg_stablecoin,indonesia,USDC
425,1.0288671965506144,2929025141476.0703,103,S1_depeg_stablecoin,indonesia,USDC
426,1.0178279023547392,2929025141476.0703,103,S1_depeg_stablecoin,indonesia,USDC
427,1.0207100334799764,2929025141476.0703,103,S1_depeg_stablecoin,indonesia,USDC
428,0.9845999501654491,2929025141476.0703,103,S1_depeg_stablecoin,indonesia,USDC
429,0.9930946885559357,2929025141476.0703,103,S1_depeg_stablecoin,indonesia,USDC
430,0.9956341490336382,2929025141476.0703,103,S1_depeg_stablecoin,indonesia,USDC
431,0.9689051052064381,2929025141476.0703,103,S1_depeg_stablecoin,indonesia,USDC
432,0.9515407400392117,2929024949542.659,103,S1_depeg_stablecoin,indonesia,USDC
433,0.9660475088251018,2929020117175.41,103,S1_depeg_stablecoin,indonesia,USDC
434,0.9308880398437046,2929019246518.9805,103,S1_depeg_stablecoin,indonesia,USDC
435,0.9356059131018363,2929009237528.6445,103,S1_depeg_stablecoin,indonesia,USDC
436,0.9600196610453073,2929000790767.9863,103,S1_depeg_stablecoin,indonesia,USDC
437,0.9877262400645681,2928998583612.178,103,S1_depeg_stablecoin,indonesia,USDC
438,0.9829274179841301,2928998583612.178,103,S1_depeg_stablecoin,indonesia,USDC
439,0.9825149733692022,2928998583612.178,103,S1_depeg_stablecoin,indonesia,USDC
440,0.9796451098031931,2928998583612.178,103,S1_depeg_stablecoin,indonesia,USDC
441,0.974157072119482,2928998583612.178,103,S1_depeg_stablecoin,indonesia,USDC
442,1.0099664675439348,2928998583612.178,103,S1_depeg_stablecoin,indonesia,USDC
443,1.0023655204526551,2928998583612.178,103,S1_depeg_stablecoin,indonesia,USDC
444,0.9794560407494146,2928998583612.178,103,S1_depeg_stablecoin,indonesia,USDC
445,0.9769989170404026,2928998583612.178,103,S1_depeg_stablecoin,indonesia,USDC
446,0.9974161802718245,2928998583612.178,103,S1_depeg_stablecoin,indonesia,USDC
447,1.0419025679622707,2928998583612.178,103,S1_depeg_stablecoin,indonesia,USDC
448,1.0441732305968572,2928998583612.178,103,S1_depeg_stablecoin,indonesia,USDC
449,1.0447029486981416,2928998583612.178,103,S1_depeg_stablecoin,indonesia,USDC
450,1.016191234183455,2928998583612.178,103,S1_depeg_stablecoin,indonesia,USDC
451,1.0298722608846331,2928998583612.178,103,S1_depeg_stablecoin,indonesia,USDC
452,1.0150766346343278,2928998583612.178,103,S1_depeg_stablecoin,indonesia,USDC
453,1.0398717807000954,2928998583612.178,103,S1_depeg_stablecoin,indonesia,USDC
454,1.031924546080316,2928998583612.178,103,S1_depeg_stablecoin,indonesia,USDC
455,1.0389573106820316,2928998583612.178,103,S1_depeg_stablecoin,indonesia,USDC
456,1.0357549598138516,2928998583612.178,103,S1_depeg_stablecoin,indonesia,USDC
457,1.0247769343063595,2928998583612.178,103,S1_depeg_stablecoin,indonesia,USDC
458,1.0354284504406728,2928998583612.178,103,S1_depeg_stablecoin,indonesia,USDC
459,1.0561112890938724,2928998583612.178,103,S1_depeg_stablecoin,indonesia,USDC
460,1.0822037943913427,2928998583612.178,103,S1_depeg_stablecoin,indonesia,USDC
461,1.06593071099019,2928998583612.178,103,S1_depeg_stablecoin,indonesia,USDC
462,1.0651475482443677,2928998583612.178,103,S1_depeg_stablecoin,indonesia,USDC
463,1.0731420436908636,2928998583612.178,103,S1_depeg_stablecoin,indonesia,USDC
464,1.058312345082814,2928998583612.178,103,S1_depeg_stablecoin,indonesia,USDC
465,1.036677390217214,2928998583612.178,103,S1_depeg_stablecoin,indonesia,USDC
466,1.0507956865570662,2928998583612.178,103,S1_depeg_stablecoin,indonesia,USDC
467,1.0311674219220714,2928998583612.178,103,S1_depeg_stablecoin,indonesia,USDC
468,1.0679701930539387,2928998583612.178,103,S1_depeg_stablecoin,indonesia,USDC
469,1.0594544877153615,2928998583612.178,103,S1_depeg_stablecoin,indonesia,USDC
470,1.0370487392438668,2928998583612.178,103,S1_depeg_stablecoin,indonesia,USDC
471,1.0445007542362694,2928998583612.178,103,S1_depeg_stablecoin,indonesia,USDC
472,1.0201828020040307,2928998583612.178,103,S1_depeg_stablecoin,indonesia,USDC
473,0.9959288352458465,2928998583612.178,103,S1_depeg_stablecoin,indonesia,USDC
474,0.9832456436321099,2928998583612.178,103,S1_depeg_stablecoin,indonesia,USDC
475,0.9484355335784345,2928998583612.178,103,S1_depeg_stablecoin,indonesia,USDC
476,0.9741864531556246,2928993928550.0317,103,S1_depeg_stablecoin,indonesia,USDC
477,0.968818805907693,2928993928550.0317,103,S1_depeg_stablecoin,indonesia,USDC
478,0.969221488406642,2928993928550.0317,103,S1_depeg_stablecoin,indonesia,USDC
479,0.9753783958091429,2928993869262.008,103,S1_depeg_stablecoin,indonesia,USDC
480,0.9826876904634638,2928993869262.008,103,S1_depeg_stablecoin,indonesia,USDC
481,0.9961639549650739,2928993869262.008,103,S1_depeg_stablecoin,indonesia,USDC
482,0.990455114437815,2928993869262.008,103,S1_depeg_stablecoin,indonesia,USDC
483,0.9902844724993528,2928993869262.008,103,S1_depeg_stablecoin,indonesia,USDC
484,1.0041433641823432,2928993869262.008,103,S1_depeg_stablecoin,indonesia,USDC
485,1.0200985501702646,2928993869262.008,103,S1_depeg_stablecoin,indonesia,USDC
486,1.0017400103765342,2928993869262.008,103,S1_depeg_stablecoin,indonesia,USDC
487,1.0202999338263026,2928993869262.008,103,S1_depeg_stablecoin,indonesia,USDC
488,1.045255898392326,2928993869262.008,103,S1_depeg_stablecoin,indonesia,USDC
489,1.0415109530694824,2928993869262.008,103,S1_depeg_stablecoin,indonesia,USDC
490,1.0164086810894655,2928993869262.008,103,S1_depeg_stablecoin,indonesia,USDC
491,0.9999785069349035,2928993869262.008,103,S1_depeg_stablecoin,indonesia,USDC
492,1.0060028733262554,2928993869262.008,103,S1_depeg_stablecoin,indonesia,USDC
493,0.9602455657398283,2928993869262.008,103,S1_depeg_stablecoin,indonesia,USDC
494,0.9539202287525759,2928991779493.84,103,S1_depeg_stablecoin,indonesia,USDC
495,0.9773299630584877,2928988293822.0415,103,S1_depeg_stablecoin,indonesia,USDC
496,0.9792636586096052,2928988293822.0415,103,S1_depeg_stablecoin,indonesia,USDC
497,0.9790057789961076,2928988293822.0415,103,S1_depeg_stablecoin,indonesia,USDC
498,0.962586942326207,2928988293822.0415,103,S1_depeg_stablecoin,indonesia,USDC
499,0.9676531579699609,2928986633325.7925,103,S1_depeg_stablecoin,indonesia,USDC
500,0.9945371035546896,2928986351737.6304,103,S1_depeg_stablecoin,indonesia,USDC
501,0.9606400832329659,2928986351737.6304,103,S1_depeg_stablecoin,indonesia,USDC
502,0.9444565700272706,2928984565705.2744,103,S1_depeg_stablecoin,indonesia,USDC
503,0.9519512548273242,2928978942249.8623,103,S1_depeg_stablecoin,indonesia,USDC
504,0.9835679233032923,2928975073405.0176,103,S1_depeg_stablecoin,indonesia,USDC
505,0.9944757179322935,2928975073405.0176,103,S1_depeg_stablecoin,indonesia,USDC
506,0.9902615014419328,2928975073405.0176,103,S1_depeg_stablecoin,indonesia,USDC
507,0.9676276853113529,2928975073405.0176,103,S1_depeg_stablecoin,indonesia,USDC
508,0.9821625599134415,2928974687260.7954,103,S1_depeg_stablecoin,indonesia,USDC
509,0.992670499522684,2928974687260.7954,103,S1_depeg_stablecoin,indonesia,USDC
510,1.0111099029424702,2928974687260.7954,103,S1_depeg_stablecoin,indonesia,USDC
511,0.9937131303785256,2928974687260.7954,103,S1_depeg_stablecoin,indonesia,USDC
512,1.0179680021984665,2928974687260.7954,103,S1_depeg_stablecoin,indonesia,USDC
513,0.9980025561862,2928974687260.7954,103,S1_depeg_stablecoin,indonesia,USDC
514,1.015268186017944,2928974687260.7954,103,S1_depeg_stablecoin,indonesia,USDC
515,1.013045258138036,2928974687260.7954,103,S1_depeg_stablecoin,indonesia,USDC
516,0.99031847506287,2928974687260.7954,103,S1_depeg_stablecoin,indonesia,USDC
517,0.875198630565327,2928974687260.7954,103,S1_depeg_stablecoin,indonesia,USDC
518,0.9043043828337438,2928955216769.241,103,S1_depeg_stablecoin,indonesia,USDC
519,0.9238230306328831,2928943650040.3125,103,S1_depeg_stablecoin,indonesia,USDC
520,0.9322253515006478,2928935659175.6934,103,S1_depeg_stablecoin,indonesia,USDC
521,0.9503631500910266,2928929440965.4263,103,S1_depeg_stablecoin,indonesia,USDC
522,0.9588756813193277,2928926233814.53,103,S1_depeg_stablecoin,indonesia,USDC
523,0.958212455750296,2928924453737.282,103,S1_depeg_stablecoin,indonesia,USDC
524,0.9485795169747772,2928922699085.4194,103,S1_depeg_stablecoin,indonesia,USDC
525,0.976017765983992,2928919616123.3135,103,S1_depeg_stablecoin,indonesia,USDC
526,0.9738855440830791,2928919616123.3135,103,S1_depeg_stablecoin,indonesia,USDC
527,0.9798217347710431,2928919616123.3135,103,S1_depeg_stablecoin,indonesia,USDC
528,1.0034384140022155,2928919616123.3135,103,S1_depeg_stablecoin,indonesia,USDC
529,0.9953771074458408,2928919616123.3135,103,S1_depeg_stablecoin,indonesia,USDC
530,0.9900998464691874,2928919616123.3135,103,S1_depeg_stablecoin,indonesia,USDC
531,1.0256232972761499,2928919616123.3135,103,S1_depeg_stablecoin,indonesia,USDC
532,1.0265696134317126,2928919616123.3135,103,S1_depeg_stablecoin,indonesia,USDC
533,1.0154340470509118,2928919616123.3135,103,S1_depeg_stablecoin,indonesia,USDC
534,1.0054899269137265,2928919616123.3135,103,S1_depeg_stablecoin,indonesia,USDC
535,1.0186433027942672,2928919616123.3135,103,S1_depeg_stablecoin,indonesia,USDC
536,1.036349491002319,2928919616123.3135,103,S1_depeg_stablecoin,indonesia,USDC
537,1.031031751445779,2928919616123.3135,103,S1_depeg_stablecoin,indonesia,USDC
538,1.000958283724446,2928919616123.3135,103,S1_depeg_stablecoin,indonesia,USDC
539,0.9837893082803831,2928919616123.3135,103,S1_depeg_stablecoin,indonesia,USDC
540,0.973503524837205,2928919616123.3135,103,S1_depeg_stablecoin,indonesia,USDC
541,0.9995323321086355,2928919616123.3135,103,S1_depeg_stablecoin,indonesia,USDC
542,0.977501971601409,2928919616123.3135,103,S1_depeg_stablecoin,indonesia,USDC
543,0.9641974342960974,2928919616123.3135,103,S1_depeg_stablecoin,indonesia,USDC
544,0.9917486318137889,2928919001440.446,103,S1_depeg_stablecoin,indonesia,USDC
545,0.9867076861675854,2928919001440.446,103,S1_depeg_stablecoin,indonesia,USDC
546,0.9826587765407399,2928919001440.446,103,S1_depeg_stablecoin,indonesia,USDC
547,0.9731221319143547,2928919001440.446,103,S1_depeg_stablecoin,indonesia,USDC
548,0.9719457829720617,2928919001440.446,103,S1_depeg_stablecoin,indonesia,USDC
549,0.981621932852983,2928919001440.446,103,S1_depeg_stablecoin,indonesia,USDC
550,0.998046521520606,2928919001440.446,103,S1_depeg_stablecoin,indonesia,USDC
551,0.9774332523239738,2928919001440.446,103,S1_depeg_stablecoin,indonesia,USDC
552,0.9765320292251096,2928919001440.446,103,S1_depeg_stablecoin,indonesia,USDC
553,0.9797702023437174,2928919001440.446,103,S1_depeg_stablecoin,indonesia,USDC
554,0.9800025746986462,2928919001440.446,103,S1_depeg_stablecoin,indonesia,USDC
555,0.9965130853148396,2928919001440.446,103,S1_depeg_stablecoin,indonesia,USDC
556,0.9895961878259125,2928919001440.446,103,S1_depeg_stablecoin,indonesia,USDC
557,1.0277256651399218,2928919001440.446,103,S1_depeg_stablecoin,indonesia,USDC
558,1.0425990325933447,2928919001440.446,103,S1_depeg_stablecoin,indonesia,USDC
559,1.0125906972643932,2928919001440.446,103,S1_depeg_stablecoin,indonesia,USDC
560,1.0284186145927587,2928919001440.446,103,S1_depeg_stablecoin,indonesia,USDC
561,0.9922786706765768,2928919001440.446,103,S1_depeg_stablecoin,indonesia,USDC
562,1.0225239559075778,2928919001440.446,103,S1_depeg_stablecoin,indonesia,USDC
563,1.01685114544925,2928919001440.446,103,S1_depeg_stablecoin,indonesia,USDC
564,0.9843845712247709,2928919001440.446,103,S1_depeg_stablecoin,indonesia,USDC
565,0.9684880314997437,2928919001440.446,103,S1_depeg_stablecoin,indonesia,USDC
566,0.9534863226505474,2928918770773.492,103,S1_depeg_stablecoin,indonesia,USDC
567,0.9435490199634362,2928916609617.3696,103,S1_depeg_stablecoin,indonesia,USDC
568,0.9302200899803397,2928912923140.375,103,S1_depeg_stablecoin,indonesia,USDC
569,0.9371382290578816,2928907273892.0444,103,S1_depeg_stablecoin,indonesia,USDC
570,0.9551452823081916,2928903099295.9043,103,S1_depeg_stablecoin,indonesia,USDC
571,0.9422492625754156,2928901281394.436,103,S1_depeg_stablecoin,indonesia,USDC
572,0.9469024288683917,2928897942450.616,103,S1_depeg_stablecoin,indonesia,USDC
573,0.9297290740232506,2928895036429.813,103,S1_depeg_stablecoin,indonesia,USDC
574,0.9454261004672245,2928890038589.463,103,S1_depeg_stablecoin,indonesia,USDC
575,0.9776852945671894,2928887358137.4624,103,S1_depeg_stablecoin,indonesia,USDC
576,0.9369254036409598,2928887358137.4624,103,S1_depeg_stablecoin,indonesia,USDC
577,0.9613259487020521,2928883391212.5205,103,S1_depeg_stablecoin,indonesia,USDC
578,0.9556990403348534,2928882386331.3765,103,S1_depeg_stablecoin,indonesia,USDC
579,0.9832817895746379,2928880744393.1143,103,S1_depeg_stablecoin,indonesia,USDC
580,0.9833119134370853,2928880744393.1143,103,S1_depeg_stablecoin,indonesia,USDC
581,0.9645988172999043,2928880744393.1143,103,S1_depeg_stablecoin,indonesia,USDC
582,0.9652368948980636,2928880333638.8457,103,S1_depeg_stablecoin,indonesia,USDC
583,0.9962569426576657,2928879796851.311,103,S1_depeg_stablecoin,indonesia,USDC
584,1.01382926742921,2928879796851.311,103,S1_depeg_stablecoin,indonesia,USDC
585,1.0313713919916156,2928879796851.311,103,S1_depeg_stablecoin,indonesia,USDC
586,1.0777965305726207,2928879796851.311,103,S1_depeg_stablecoin,indonesia,USDC
587,1.0924902416808506,2928879796851.311,103,S1_depeg_stablecoin,indonesia,USDC
588,1.0831215286454134,2928879796851.311,103,S1_depeg_stablecoin,indonesia,USDC
589,1.0615090281465736,2928879796851.311,103,S1_depeg_stablecoin,indonesia,USDC
590,1.015756547585318,2928879796851.311,103,S1_depeg_stablecoin,indonesia,USDC
591,1.0406741212386323,2928879796851.311,103,S1_depeg_stablecoin,indonesia,USDC
592,1.0126946277772646,2928879796851.311,103,S1_depeg_stablecoin,indonesia,USDC
593,0.9857622361562718,2928879796851.311,103,S1_depeg_stablecoin,indonesia,USDC
594,0.993965481941639,2928879796851.311,103,S1_depeg_stablecoin,indonesia,USDC
595,1.0258199620779525,2928879796851.311,103,S1_depeg_stablecoin,indonesia,USDC
596,1.0208191957530948,2928879796851.311,103,S1_depeg_stablecoin,indonesia,USDC
597,1.022057840515087,2928879796851.311,103,S1_depeg_stablecoin,indonesia,USDC
598,1.037315276078377,2928879796851.311,103,S1_depeg_stablecoin,indonesia,USDC
599,1.0237026172006283,2928879796851.311,103,S1_depeg_stablecoin,indonesia,USDC
600,1.0331101589239196,2928879796851.311,103,S1_depeg_stablecoin,indonesia,USDC
601,1.0311337180979403,2928879796851.311,103,S1_depeg_stablecoin,indonesia,USDC
602,1.0505846458049153,2928879796851.311,103,S1_depeg_stablecoin,indonesia,USDC
603,1.0434175677759483,2928879796851.311,103,S1_depeg_stablecoin,indonesia,USDC
604,1.0332595602436576,2928879796851.311,103,S1_depeg_stablecoin,indonesia,USDC
605,1.0476624384325879,2928879796851.311,103,S1_depeg_stablecoin,indonesia,USDC
606,1.0097932000713115,2928879796851.311,103,S1_depeg_stablecoin,indonesia,USDC
607,1.02102813288789,2928879796851.311,103,S1_depeg_stablecoin,indonesia,USDC
608,1.0386339876803996,2928879796851.311,103,S1_depeg_stablecoin,indonesia,USDC
609,1.0465009377069991,2928879796851.311,103,S1_depeg_stablecoin,indonesia,USDC
610,1.0370937217115543,2928879796851.311,103,S1_depeg_stablecoin,indonesia,USDC
611,1.0251204257393776,2928879796851.311,103,S1_depeg_stablecoin,indonesia,USDC
612,1.0426137094489796,2928879796851.311,103,S1_depeg_stablecoin,indonesia,USDC
613,1.0426805257343272,2928879796851.311,103,S1_depeg_stablecoin,indonesia,USDC
614,1.0168008803193382,2928879796851.311,103,S1_depeg_stablecoin,indonesia,USDC
615,1.014198740586541,2928879796851.311,103,S1_depeg_stablecoin,indonesia,USDC
616,1.005284824918401,2928879796851.311,103,S1_depeg_stablecoin,indonesia,USDC
617,1.005103049281532,2928879796851.311,103,S1_depeg_stablecoin,indonesia,USDC
618,1.017103034791031,2928879796851.311,103,S1_depeg_stablecoin,indonesia,USDC
619,1.025911517810837,2928879796851.311,103,S1_depeg_stablecoin,indonesia,USDC
620,1.041905945970513,2928879796851.311,103,S1_depeg_stablecoin,indonesia,USDC
621,1.0149230488206922,2928879796851.311,103,S1_depeg_stablecoin,indonesia,USDC
622,1.0023696354456395,2928879796851.311,103,S1_depeg_stablecoin,indonesia,USDC
623,1.0125183297413587,2928879796851.311,103,S1_depeg_stablecoin,indonesia,USDC
624,1.0182263979121655,2928879796851.311,103,S1_depeg_stablecoin,indonesia,USDC
625,0.9952640414142181,2928879796851.311,103,S1_depeg_stablecoin,indonesia,USDC
626,1.0194331564907293,2928879796851.311,103,S1_depeg_stablecoin,indonesia,USDC
627,1.0220235168450174,2928879796851.311,103,S1_depeg_stablecoin,indonesia,USDC
628,1.0284325402742438,2928879796851.311,103,S1_depeg_stablecoin,indonesia,USDC
629,1.0844348543635933,2928879796851.311,103,S1_depeg_stablecoin,indonesia,USDC
630,1.0757156003170651,2928879796851.311,103,S1_depeg_stablecoin,indonesia,USDC
631,1.0712816343847513,2928879796851.311,103,S1_depeg_stablecoin,indonesia,USDC
632,1.0643083424159705,2928879796851.311,103,S1_depeg_stablecoin,indonesia,USDC
633,1.05256867637055,2928879796851.311,103,S1_depeg_stablecoin,indonesia,USDC
634,1.0405506823146158,2928879796851.311,103,S1_depeg_stablecoin,indonesia,USDC
635,1.0271860812176052,2928879796851.311,103,S1_depeg_stablecoin,indonesia,USDC
636,1.041127010464917,2928879796851.311,103,S1_depeg_stablecoin,indonesia,USDC
637,1.018851286612018,2928879796851.311,103,S1_depeg_stablecoin,indonesia,USDC
638,1.0197777977572624,2928879796851.311,103,S1_depeg_stablecoin,indonesia,USDC
639,1.040397835319674,2928879796851.311,103,S1_depeg_stablecoin,indonesia,USDC
640,1.0201250160890682,2928879796851.311,103,S1_depeg_stablecoin,indonesia,USDC
641,1.0215841784786288,2928879796851.311,103,S1_depeg_stablecoin,indonesia,USDC
642,1.0564492131039447,2928879796851.311,103,S1_depeg_stablecoin,indonesia,USDC
643,1.033939527970918,2928879796851.311,103,S1_depeg_stablecoin,indonesia,USDC
644,1.0255821965385175,2928879796851.311,103,S1_depeg_stablecoin,indonesia,USDC
645,1.011519255807248,2928879796851.311,103,S1_depeg_stablecoin,indonesia,USDC
646,1.016906293445009,2928879796851.311,103,S1_depeg_stablecoin,indonesia,USDC
647,0.9560889160984727,2928879796851.311,103,S1_depeg_stablecoin,indonesia,USDC
648,0.9647104606048872,2928878317590.3647,103,S1_depeg_stablecoin,indonesia,USDC
649,0.9578122159959298,2928877927652.9854,103,S1_depeg_stablecoin,indonesia,USDC
650,0.9503093574830769,2928876584357.154,103,S1_depeg_stablecoin,indonesia,USDC
651,0.936293229701042,2928874621273.4165,103,S1_depeg_stablecoin,indonesia,USDC
652,0.9561465063184691,2928871133010.218,103,S1_depeg_stablecoin,indonesia,USDC
653,0.9540689527467127,2928869854880.291,103,S1_depeg_stablecoin,indonesia,USDC
654,0.9385851962841297,2928868231600.079,103,S1_depeg_stablecoin,indonesia,USDC
655,0.9495803656403798,2928865083188.1577,103,S1_depeg_stablecoin,indonesia,USDC
656,0.9231961822778821,2928863265118.91,103,S1_depeg_stablecoin,indonesia,USDC
657,0.9308898469870328,2928858936151.011,103,S1_depeg_stablecoin,indonesia,USDC
658,0.9122555819668712,2928855704495.648,103,S1_depeg_stablecoin,indonesia,USDC
659,0.9179996541522532,2928850791673.141,103,S1_depeg_stablecoin,indonesia,USDC
660,0.9473933566907562,2928846852285.9414,103,S1_depeg_stablecoin,indonesia,USDC
661,0.9537805106451746,2928845084895.9463,103,S1_depeg_stablecoin,indonesia,USDC
662,0.942121354348507,2928843846407.1343,103,S1_depeg_stablecoin,indonesia,USDC
663,0.9590786512837748,2928841825971.2676,103,S1_depeg_stablecoin,indonesia,USDC
664,0.9521700457572421,2928841178090.3945,103,S1_depeg_stablecoin,indonesia,USDC
665,0.9498322280845628,2928840061420.1978,103,S1_depeg_stablecoin,indonesia,USDC
666,0.9579995068214331,2928838685976.8184,103,S1_depeg_stablecoin,indonesia,USDC
667,0.9398083370737109,2928837995307.852,103,S1_depeg_stablecoin,indonesia,USDC
668,0.8537862577258275,2928836050288.9033,103,S1_depeg_stablecoin,indonesia,USDC
669,0.858831347361742,2928828583588.341,103,S1_depeg_stablecoin,indonesia,USDC
670,0.8743463863030241,2928822126688.768,103,S1_depeg_stablecoin,indonesia,USDC
671,0.8696651860040614,2928817417751.3267,103,S1_depeg_stablecoin,indonesia,USDC
672,0.9005142313914476,2928812722796.207,103,S1_depeg_stablecoin,indonesia,USDC
673,0.8963887936905969,2928809877145.7866,103,S1_depeg_stablecoin,indonesia,USDC
674,0.9344220057492524,2928806928176.7207,103,S1_depeg_stablecoin,indonesia,USDC
675,0.918638627623268,2928805650718.189,103,S1_depeg_stablecoin,indonesia,USDC
676,0.9269297721130103,2928803913498.758,103,S1_depeg_stablecoin,indonesia,USDC
677,0.9291257786878178,2928802535371.084,103,S1_depeg_stablecoin,indonesia,USDC
678,0.9362405554175346,2928801207262.3887,103,S1_depeg_stablecoin,indonesia,USDC
679,0.9373769565994655,2928800222727.829,103,S1_depeg_stablecoin,indonesia,USDC
680,0.9353757127782695,2928799334773.9785,103,S1_depeg_stablecoin,indonesia,USDC
681,0.9637902197014849,2928798355333.755,103,S1_depeg_stablecoin,indonesia,USDC
682,0.9940285902118309,2928798197585.7393,103,S1_depeg_stablecoin,indonesia,USDC
683,0.9942786992507572,2928798197585.7393,103,S1_depeg_stablecoin,indonesia,USDC
684,1.0164111378956968,2928798197585.7393,103,S1_depeg_stablecoin,indonesia,USDC
685,1.0177476963047365,2928798197585.7393,103,S1_depeg_stablecoin,indonesia,USDC
686,1.0384386423155227,2928798197585.7393,103,S1_depeg_stablecoin,indonesia,USDC
687,1.0179285953571848,2928798197585.7393,103,S1_depeg_stablecoin,indonesia,USDC
688,1.0522789857213057,2928798197585.7393,103,S1_depeg_stablecoin,indonesia,USDC
689,1.021132201707453,2928798197585.7393,103,S1_depeg_stablecoin,indonesia,USDC
690,0.9925202151460925,2928798197585.7393,103,S1_depeg_stablecoin,indonesia,USDC
691,1.0303765742628095,2928798197585.7393,103,S1_depeg_stablecoin,indonesia,USDC
692,1.014494566311347,2928798197585.7393,103,S1_depeg_stablecoin,indonesia,USDC
693,1.0196332405936936,2928798197585.7393,103,S1_depeg_stablecoin,indonesia,USDC
694,1.0455718603593005,2928798197585.7393,103,S1_depeg_stablecoin,indonesia,USDC
695,1.0164511445572861,2928798197585.7393,103,S1_depeg_stablecoin,indonesia,USDC
696,1.0083702620007344,2928798197585.7393,103,S1_depeg_stablecoin,indonesia,USDC
697,1.0038718392588633,2928798197585.7393,103,S1_depeg_stablecoin,indonesia,USDC
698,0.9911289193066379,2928798197585.7393,103,S1_depeg_stablecoin,indonesia,USDC
699,0.9858580436071713,2928798197585.7393,103,S1_depeg_stablecoin,indonesia,USDC
700,1.0019443687002605,2928798197585.7393,103,S1_depeg_stablecoin,indonesia,USDC
701,1.0221109895040015,2928798197585.7393,103,S1_depeg_stablecoin,indonesia,USDC
702,1.0337201020812188,2928798197585.7393,103,S1_depeg_stablecoin,indonesia,USDC
703,0.9831887498146826,2928798197585.7393,103,S1_depeg_stablecoin,indonesia,USDC
704,0.9540207390575246,2928798197585.7393,103,S1_depeg_stablecoin,indonesia,USDC
705,0.9648953716703373,2928797793101.4463,103,S1_depeg_stablecoin,indonesia,USDC
706,0.9726021892212791,2928797652195.1387,103,S1_depeg_stablecoin,indonesia,USDC
707,0.9720910548090335,2928797652195.1387,103,S1_depeg_stablecoin,indonesia,USDC
708,0.9293490299148066,2928797652195.1387,103,S1_depeg_stablecoin,indonesia,USDC
709,0.9478668819802117,2928796601182.9355,103,S1_depeg_stablecoin,indonesia,USDC
710,0.9229896017109699,2928796017425.155,103,S1_depeg_stablecoin,indonesia,USDC
711,0.9530111486568847,2928794871377.2,103,S1_depeg_stablecoin,indonesia,USDC
712,0.928647195696511,2928794511371.4443,103,S1_depeg_stablecoin,indonesia,USDC
713,0.9465756778410183,2928793509789.558,103,S1_depeg_stablecoin,indonesia,USDC
714,0.9433008828080393,2928793007881.0835,103,S1_depeg_stablecoin,indonesia,USDC
715,0.9389085944507439,2928792424377.507,103,S1_depeg_stablecoin,indonesia,USDC
716,0.9740767035087867,2928791782749.8965,103,S1_depeg_stablecoin,indonesia,USDC
717,0.9653495831689293,2928791782749.8965,103,S1_depeg_stablecoin,indonesia,USDC
718,1.0007279702721235,2928791708127.221,103,S1_depeg_stablecoin,indonesia,USDC
719,1.0182399360935768,2928791708127.221,103,S1_depeg_stablecoin,indonesia,USDC
720,1.0280394167800229,2928791708127.221,103,S1_depeg_stablecoin,indonesia,USDC
721,1.0065300006209132,2928791708127.221,103,S1_depeg_stablecoin,indonesia,USDC
722,1.0191257935012166,2928791708127.221,103,S1_depeg_stablecoin,indonesia,USDC
723,1.0191121485878187,2928791708127.221,103,S1_depeg_stablecoin,indonesia,USDC
724,1.0197013852947734,2928791708127.221,103,S1_depeg_stablecoin,indonesia,USDC
725,0.9885552313122331,2928791708127.221,103,S1_depeg_stablecoin,indonesia,USDC
726,1.020225189878054,2928791708127.221,103,S1_depeg_stablecoin,indonesia,USDC
727,1.0159315167222713,2928791708127.221,103,S1_depeg_stablecoin,indonesia,USDC
728,1.016079405501607,2928791708127.221,103,S1_depeg_stablecoin,indonesia,USDC
729,1.019489673701682,2928791708127.221,103,S1_depeg_stablecoin,indonesia,USDC
730,1.0287774864738242,2928791708127.221,103,S1_depeg_stablecoin,indonesia,USDC
731,1.0191984312991929,2928791708127.221,103,S1_depeg_stablecoin,indonesia,USDC
732,1.0072155870381003,2928791708127.221,103,S1_depeg_stablecoin,indonesia,USDC
733,0.9698730301213897,2928791708127.221,103,S1_depeg_stablecoin,indonesia,USDC
734,0.9744492373241589,2928791707223.702,103,S1_depeg_stablecoin,indonesia,USDC
735,0.9624138298870895,2928791707223.702,103,S1_depeg_stablecoin,indonesia,USDC
736,0.9929289426948019,2928791572374.0093,103,S1_depeg_stablecoin,indonesia,USDC
737,0.98251052083822,2928791572374.0093,103,S1_depeg_stablecoin,indonesia,USDC
738,0.9630210614436155,2928791572374.0093,103,S1_depeg_stablecoin,indonesia,USDC
739,0.9787803596576473,2928791450376.6523,103,S1_depeg_stablecoin,indonesia,USDC
740,0.9657574864954118,2928791450376.6523,103,S1_depeg_stablecoin,indonesia,USDC
741,0.9407879285731832,2928791361009.185,103,S1_depeg_stablecoin,indonesia,USDC
742,0.9483929098858718,2928790790130.0537,103,S1_depeg_stablecoin,indonesia,USDC
743,0.9367177563273963,2928790349689.4233,103,S1_depeg_stablecoin,indonesia,USDC
744,0.951009086283317,2928789728049.0366,103,S1_depeg_stablecoin,indonesia,USDC
745,0.9696895984374229,2928789408980.1064,103,S1_depeg_stablecoin,indonesia,USDC
746,0.9754158884935491,2928789406988.703,103,S1_depeg_stablecoin,indonesia,USDC
747,1.0080988202446726,2928789406988.703,103,S1_depeg_stablecoin,indonesia,USDC
748,0.9809557722273815,2928789406988.703,103,S1_depeg_stablecoin,indonesia,USDC
749,0.9760790333356449,2928789406988.703,103,S1_depeg_stablecoin,indonesia,USDC
750,1.0158183021759948,2928789406988.703,103,S1_depeg_stablecoin,indonesia,USDC
751,1.0078919072333972,2928789406988.703,103,S1_depeg_stablecoin,indonesia,USDC
752,1.031278079429906,2928789406988.703,103,S1_depeg_stablecoin,indonesia,USDC
753,1.0356559104063088,2928789406988.703,103,S1_depeg_stablecoin,indonesia,USDC
754,1.0072726066478925,2928789406988.703,103,S1_depeg_stablecoin,indonesia,USDC
755,1.0256260418086676,2928789406988.703,103,S1_depeg_stablecoin,indonesia,USDC
756,1.0804750781455859,2928789406988.703,103,S1_depeg_stablecoin,indonesia,USDC
757,1.041490291459719,2928789406988.703,103,S1_depeg_stablecoin,indonesia,USDC
758,1.0501567037210762,2928789406988.703,103,S1_depeg_stablecoin,indonesia,USDC
759,1.06200634152509,2928789406988.703,103,S1_depeg_stablecoin,indonesia,USDC
760,1.0963606753907567,2928789406988.703,103,S1_depeg_stablecoin,indonesia,USDC
761,1.0975284261725373,2928789406988.703,103,S1_depeg_stablecoin,indonesia,USDC
762,1.0853195039053487,2928789406988.703,103,S1_depeg_stablecoin,indonesia,USDC
763,1.1392940918850145,2928789406988.703,103,S1_depeg_stablecoin,indonesia,USDC
764,1.11770676469163,2928789406988.703,103,S1_depeg_stablecoin,indonesia,USDC
765,1.0903697858081756,2928789406988.703,103,S1_depeg_stablecoin,indonesia,USDC
766,1.0949765884794647,2928789406988.703,103,S1_depeg_stablecoin,indonesia,USDC
767,1.1131975709710558,2928789406988.703,103,S1_depeg_stablecoin,indonesia,USDC
768,1.0846648569353048,2928789406988.703,103,S1_depeg_stablecoin,indonesia,USDC
769,1.075917225125912,2928789406988.703,103,S1_depeg_stablecoin,indonesia,USDC
770,1.0656863062161255,2928789406988.703,103,S1_depeg_stablecoin,indonesia,USDC
771,1.0520606866324647,2928789406988.703,103,S1_depeg_stablecoin,indonesia,USDC
772,1.0411561835636591,2928789406988.703,103,S1_depeg_stablecoin,indonesia,USDC
773,1.047373992486969,2928789406988.703,103,S1_depeg_stablecoin,indonesia,USDC
774,1.0528685624160339,2928789406988.703,103,S1_depeg_stablecoin,indonesia,USDC
775,1.0386315317687844,2928789406988.703,103,S1_depeg_stablecoin,indonesia,USDC
776,1.0356031181881586,2928789406988.703,103,S1_depeg_stablecoin,indonesia,USDC
777,1.0299630045360213,2928789406988.703,103,S1_depeg_stablecoin,indonesia,USDC
778,1.0248275453649216,2928789406988.703,103,S1_depeg_stablecoin,indonesia,USDC
779,1.016090181803272,2928789406988.703,103,S1_depeg_stablecoin,indonesia,USDC
780,1.0094958595781864,2928789406988.703,103,S1_depeg_stablecoin,indonesia,USDC
781,1.0172561694655258,2928789406988.703,103,S1_depeg_stablecoin,indonesia,USDC
782,1.0393910685320322,2928789406988.703,103,S1_depeg_stablecoin,indonesia,USDC
783,1.0295376930286393,2928789406988.703,103,S1_depeg_stablecoin,indonesia,USDC
784,1.0161156144240515,2928789406988.703,103,S1_depeg_stablecoin,indonesia,USDC
785,1.0103242336197094,2928789406988.703,103,S1_depeg_stablecoin,indonesia,USDC
786,1.0139435875983172,2928789406988.703,103,S1_depeg_stablecoin,indonesia,USDC
787,1.0121594808492724,2928789406988.703,103,S1_depeg_stablecoin,indonesia,USDC
788,0.9988024610669664,2928789406988.703,103,S1_depeg_stablecoin,indonesia,USDC
789,1.011018234979002,2928789406988.703,103,S1_depeg_stablecoin,indonesia,USDC
790,0.9861148288687592,2928789406988.703,103,S1_depeg_stablecoin,indonesia,USDC
791,0.9643886541682626,2928789406988.703,103,S1_depeg_stablecoin,indonesia,USDC
792,0.979534325370284,2928789323328.2144,103,S1_depeg_stablecoin,indonesia,USDC
793,0.9823556366930616,2928789323328.2144,103,S1_depeg_stablecoin,indonesia,USDC
794,1.011324529392845,2928789323328.2144,103,S1_depeg_stablecoin,indonesia,USDC
795,1.0014585881484117,2928789323328.2144,103,S1_depeg_stablecoin,indonesia,USDC
796,1.0057743611419594,2928789323328.2144,103,S1_depeg_stablecoin,indonesia,USDC
797,1.0149381479890955,2928789323328.2144,103,S1_depeg_stablecoin,indonesia,USDC
798,1.0023011110709232,2928789323328.2144,103,S1_depeg_stablecoin,indonesia,USDC
799,1.0147120296137726,2928789323328.2144,103,S1_depeg_stablecoin,indonesia,USDC
800,1.012434132955335,2928789323328.2144,103,S1_depeg_stablecoin,indonesia,USDC
801,1.0301017114440263,2928789323328.2144,103,S1_depeg_stablecoin,indonesia,USDC
802,1.0276724442155913,2928789323328.2144,103,S1_depeg_stablecoin,indonesia,USDC
803,1.0151223283997515,2928789323328.2144,103,S1_depeg_stablecoin,indonesia,USDC
804,1.005251828602441,2928789323328.2144,103,S1_depeg_stablecoin,indonesia,USDC
805,1.0332349056382615,2928789323328.2144,103,S1_depeg_stablecoin,indonesia,USDC
806,1.0270627644690857,2928789323328.2144,103,S1_depeg_stablecoin,indonesia,USDC
807,1.0297790212209528,2928789323328.2144,103,S1_depeg_stablecoin,indonesia,USDC
808,1.0388570839288194,2928789323328.2144,103,S1_depeg_stablecoin,indonesia,USDC
809,1.0631600250140263,2928789323328.2144,103,S1_depeg_stablecoin,indonesia,USDC
810,1.023919683242533,2928789323328.2144,103,S1_depeg_stablecoin,indonesia,USDC
811,1.0380920070350423,2928789323328.2144,103,S1_depeg_stablecoin,indonesia,USDC
812,1.007680705266331,2928789323328.2144,103,S1_depeg_stablecoin,indonesia,USDC
813,1.049138551268061,2928789323328.2144,103,S1_depeg_stablecoin,indonesia,USDC
814,1.0531739566263485,2928789323328.2144,103,S1_depeg_stablecoin,indonesia,USDC
815,1.05827617231657,2928789323328.2144,103,S1_depeg_stablecoin,indonesia,USDC
816,1.0538369829669731,2928789323328.2144,103,S1_depeg_stablecoin,indonesia,USDC
817,1.0498423382208857,2928789323328.2144,103,S1_depeg_stablecoin,indonesia,USDC
818,1.0205269344319021,2928789323328.2144,103,S1_depeg_stablecoin,indonesia,USDC
819,0.9844041339979939,2928789323328.2144,103,S1_depeg_stablecoin,indonesia,USDC
820,0.9661067228087414,2928789323328.2144,103,S1_depeg_stablecoin,indonesia,USDC
821,0.9822667726747483,2928789249854.6294,103,S1_depeg_stablecoin,indonesia,USDC
822,0.9916692168612805,2928789249854.6294,103,S1_depeg_stablecoin,indonesia,USDC
823,1.0306532754977242,2928789249854.6294,103,S1_depeg_stablecoin,indonesia,USDC
824,1.0232514999515114,2928789249854.6294,103,S1_depeg_stablecoin,indonesia,USDC
825,1.04303446047192,2928789249854.6294,103,S1_depeg_stablecoin,indonesia,USDC
826,1.05147134571623,2928789249854.6294,103,S1_depeg_stablecoin,indonesia,USDC
827,1.0408959577797148,2928789249854.6294,103,S1_depeg_stablecoin,indonesia,USDC
828,1.0624192097800431,2928789249854.6294,103,S1_depeg_stablecoin,indonesia,USDC
829,1.0364618580686735,2928789249854.6294,103,S1_depeg_stablecoin,indonesia,USDC
830,1.04456001822057,2928789249854.6294,103,S1_depeg_stablecoin,indonesia,USDC
831,1.0668453716608433,2928789249854.6294,103,S1_depeg_stablecoin,indonesia,USDC
832,1.1001864619285984,2928789249854.6294,103,S1_depeg_stablecoin,indonesia,USDC
833,1.1230914350878458,2928789249854.6294,103,S1_depeg_stablecoin,indonesia,USDC
834,1.12873557139931,2928789249854.6294,103,S1_depeg_stablecoin,indonesia,USDC
835,1.0743551466339962,2928789249854.6294,103,S1_depeg_stablecoin,indonesia,USDC
836,1.0527059758900008,2928789249854.6294,103,S1_depeg_stablecoin,indonesia,USDC
837,1.0715740724252487,2928789249854.6294,103,S1_depeg_stablecoin,indonesia,USDC
838,1.061108406491097,2928789249854.6294,103,S1_depeg_stablecoin,indonesia,USDC
839,1.0390410525437448,2928789249854.6294,103,S1_depeg_stablecoin,indonesia,USDC
840,1.0157234809866083,2928789249854.6294,103,S1_depeg_stablecoin,indonesia,USDC
841,1.0073525004468749,2928789249854.6294,103,S1_depeg_stablecoin,indonesia,USDC
842,1.0431598568750269,2928789249854.6294,103,S1_depeg_stablecoin,indonesia,USDC
843,1.072497024735264,2928789249854.6294,103,S1_depeg_stablecoin,indonesia,USDC
844,1.0879023913722836,2928789249854.6294,103,S1_depeg_stablecoin,indonesia,USDC
845,1.0548323897873126,2928789249854.6294,103,S1_depeg_stablecoin,indonesia,USDC
846,1.0639019287079867,2928789249854.6294,103,S1_depeg_stablecoin,indonesia,USDC
847,1.0661977402981986,2928789249854.6294,103,S1_depeg_stablecoin,indonesia,USDC
848,1.1060096839464628,2928789249854.6294,103,S1_depeg_stablecoin,indonesia,USDC
849,1.1387343633244293,2928789249854.6294,103,S1_depeg_stablecoin,indonesia,USDC
850,1.1129235369205837,2928789249854.6294,103,S1_depeg_stablecoin,indonesia,USDC
851,1.1245275735083475,2928789249854.6294,103,S1_depeg_stablecoin,indonesia,USDC
852,1.135619501758452,2928789249854.6294,103,S1_depeg_stablecoin,indonesia,USDC
853,1.0700424970241966,2928789249854.6294,103,S1_depeg_stablecoin,indonesia,USDC
854,1.0567373435983682,2928789249854.6294,103,S1_depeg_stablecoin,indonesia,USDC
855,1.0416760453963887,2928789249854.6294,103,S1_depeg_stablecoin,indonesia,USDC
856,1.037092524629801,2928789249854.6294,103,S1_depeg_stablecoin,indonesia,USDC
857,1.0513689249654388,2928789249854.6294,103,S1_depeg_stablecoin,indonesia,USDC
858,1.0843251506665934,2928789249854.6294,103,S1_depeg_stablecoin,indonesia,USDC
859,1.09635174758122,2928789249854.6294,103,S1_depeg_stablecoin,indonesia,USDC
860,1.0803201448004471,2928789249854.6294,103,S1_depeg_stablecoin,indonesia,USDC
861,1.0546292117067289,2928789249854.6294,103,S1_depeg_stablecoin,indonesia,USDC
862,1.0171977175949183,2928789249854.6294,103,S1_depeg_stablecoin,indonesia,USDC
863,1.0507294685638842,2928789249854.6294,103,S1_depeg_stablecoin,indonesia,USDC
864,1.0572959237491935,2928789249854.6294,103,S1_depeg_stablecoin,indonesia,USDC
865,1.0206832679138997,2928789249854.6294,103,S1_depeg_stablecoin,indonesia,USDC
866,1.029129107794277,2928789249854.6294,103,S1_depeg_stablecoin,indonesia,USDC
867,1.0240967018887746,2928789249854.6294,103,S1_depeg_stablecoin,indonesia,USDC
868,1.0292898266842794,2928789249854.6294,103,S1_depeg_stablecoin,indonesia,USDC
869,0.9966684910828671,2928789249854.6294,103,S1_depeg_stablecoin,indonesia,USDC
870,0.9690759104992841,2928789249854.6294,103,S1_depeg_stablecoin,indonesia,USDC
871,0.9726500900698524,2928789232485.29,103,S1_depeg_stablecoin,indonesia,USDC
872,0.9678603268092981,2928789232485.29,103,S1_depeg_stablecoin,indonesia,USDC
873,0.9572375335709709,2928789222482.3076,103,S1_depeg_stablecoin,indonesia,USDC
874,0.9074724674314266,2928788996059.8784,103,S1_depeg_stablecoin,indonesia,USDC
875,0.9044174889891824,2928787922889.626,103,S1_depeg_stablecoin,indonesia,USDC
876,0.9153341060924476,2928786863198.437,103,S1_depeg_stablecoin,indonesia,USDC
877,0.9362780644269377,2928786015955.158,103,S1_depeg_stablecoin,indonesia,USDC
878,0.9528468748428662,2928785543802.411,103,S1_depeg_stablecoin,indonesia,USDC
879,0.9554835006450889,2928785286925.8926,103,S1_depeg_stablecoin,indonesia,USDC
880,0.956802936666252,2928785084355.647,103,S1_depeg_stablecoin,indonesia,USDC
881,0.9379289565604972,2928784903224.6973,103,S1_depeg_stablecoin,indonesia,USDC
882,0.9514784746468118,2928784488552.037,103,S1_depeg_stablecoin,indonesia,USDC
883,0.9571711981701285,2928784231332.377,103,S1_depeg_stablecoin,indonesia,USDC
884,0.9846127779672809,2928784085744.5195,103,S1_depeg_stablecoin,indonesia,USDC
885,0.9836141290655764,2928784085744.5195,103,S1_depeg_stablecoin,indonesia,USDC
886,0.983990718676869,2928784085744.5195,103,S1_depeg_stablecoin,indonesia,USDC
887,1.017503497450072,2928784085744.5195,103,S1_depeg_stablecoin,indonesia,USDC
888,0.9855779966626177,2928784085744.5195,103,S1_depeg_stablecoin,indonesia,USDC
889,0.9917092960853308,2928784085744.5195,103,S1_depeg_stablecoin,indonesia,USDC
890,0.957588786337877,2928784085744.5195,103,S1_depeg_stablecoin,indonesia,USDC
891,0.9800164234770169,2928783947105.331,103,S1_depeg_stablecoin,indonesia,USDC
892,1.0147195099693644,2928783947105.331,103,S1_depeg_stablecoin,indonesia,USDC
893,1.032972900936915,2928783947105.331,103,S1_depeg_stablecoin,indonesia,USDC
894,1.0345145739245214,2928783947105.331,103,S1_depeg_stablecoin,indonesia,USDC
895,1.0501927954029344,2928783947105.331,103,S1_depeg_stablecoin,indonesia,USDC
896,1.0498496033283258,2928783947105.331,103,S1_depeg_stablecoin,indonesia,USDC
897,1.0539700084404915,2928783947105.331,103,S1_depeg_stablecoin,indonesia,USDC
898,1.0752495811848848,2928783947105.331,103,S1_depeg_stablecoin,indonesia,USDC
899,1.067237606130318,2928783947105.331,103,S1_depeg_stablecoin,indonesia,USDC
900,1.0845803307822885,2928783947105.331,103,S1_depeg_stablecoin,indonesia,USDC
901,1.0373947859363892,2928783947105.331,103,S1_depeg_stablecoin,indonesia,USDC
902,1.0117594946102004,2928783947105.331,103,S1_depeg_stablecoin,indonesia,USDC
903,1.0260979768992973,2928783947105.331,103,S1_depeg_stablecoin,indonesia,USDC
904,1.0180270903314388,2928783947105.331,103,S1_depeg_stablecoin,indonesia,USDC
905,1.0145203323876812,2928783947105.331,103,S1_depeg_stablecoin,indonesia,USDC
906,0.9797235021218189,2928783947105.331,103,S1_depeg_stablecoin,indonesia,USDC
907,0.9741426187181563,2928783947105.331,103,S1_depeg_stablecoin,indonesia,USDC
908,0.9892557356175479,2928783947105.331,103,S1_depeg_stablecoin,indonesia,USDC
909,0.9698034423180976,2928783947105.331,103,S1_depeg_stablecoin,indonesia,USDC
910,0.971412859312914,2928783944485.332,103,S1_depeg_stablecoin,indonesia,USDC
911,0.9684874354987038,2928783944485.332,103,S1_depeg_stablecoin,indonesia,USDC
912,0.9495465212869968,2928783930934.79,103,S1_depeg_stablecoin,indonesia,USDC
913,0.9365150169771275,2928783658642.8716,103,S1_depeg_stablecoin,indonesia,USDC
914,0.934445983796675,2928783263632.4697,103,S1_depeg_stablecoin,indonesia,USDC
915,0.9454277822172096,2928782842273.478,103,S1_depeg_stablecoin,indonesia,USDC
916,0.9595589994631772,2928782575990.903,103,S1_depeg_stablecoin,indonesia,USDC
917,0.94305694110112,2928782451577.045,103,S1_depeg_stablecoin,indonesia,USDC
918,0.9476566748089609,2928782167543.3594,103,S1_depeg_stablecoin,indonesia,USDC
919,1.0054903209498074,2928781920847.2686,103,S1_depeg_stablecoin,indonesia,USDC
920,0.9993008286816711,2928781920847.2686,103,S1_depeg_stablecoin,indonesia,USDC
921,0.9899921956575458,2928781920847.2686,103,S1_depeg_stablecoin,indonesia,USDC
922,0.9841127184504301,2928781920847.2686,103,S1_depeg_stablecoin,indonesia,USDC
923,0.9823441742915179,2928781920847.2686,103,S1_depeg_stablecoin,indonesia,USDC
924,0.9875308866037359,2928781920847.2686,103,S1_depeg_stablecoin,indonesia,USDC
925,0.9768550510016945,2928781920847.2686,103,S1_depeg_stablecoin,indonesia,USDC
926,0.9853788572219631,2928781920847.2686,103,S1_depeg_stablecoin,indonesia,USDC
927,1.0207099945434395,2928781920847.2686,103,S1_depeg_stablecoin,indonesia,USDC
928,1.0155043741441987,2928781920847.2686,103,S1_depeg_stablecoin,indonesia,USDC
929,0.9925678384022374,2928781920847.2686,103,S1_depeg_stablecoin,indonesia,USDC
930,0.9815865362795242,2928781920847.2686,103,S1_depeg_stablecoin,indonesia,USDC
931,1.004391002517132,2928781920847.2686,103,S1_depeg_stablecoin,indonesia,USDC
932,1.0105715613322308,2928781920847.2686,103,S1_depeg_stablecoin,indonesia,USDC
933,0.999810510440737,2928781920847.2686,103,S1_depeg_stablecoin,indonesia,USDC
934,0.9635930940544667,2928781920847.2686,103,S1_depeg_stablecoin,indonesia,USDC
935,0.9662392860105388,2928781862576.788,103,S1_depeg_stablecoin,indonesia,USDC
936,0.9270457691387457,2928781833091.0396,103,S1_depeg_stablecoin,indonesia,USDC
937,0.8941276166830017,2928781381077.2314,103,S1_depeg_stablecoin,indonesia,USDC
938,0.8902779795957206,2928780608092.4907,103,S1_depeg_stablecoin,indonesia,USDC
939,0.9038027755418341,2928779838190.1143,103,S1_depeg_stablecoin,indonesia,USDC
940,0.9096518780626685,2928779250774.575,103,S1_depeg_stablecoin,indonesia,USDC
941,0.9205118321789907,2928778751529.4897,103,S1_depeg_stablecoin,indonesia,USDC
942,0.9283376990999154,2928778378271.819,103,S1_depeg_stablecoin,indonesia,USDC
943,0.9576069974660666,2928778062123.748,103,S1_depeg_stablecoin,indonesia,USDC
944,0.9633342135061812,2928777982491.5137,103,S1_depeg_stablecoin,indonesia,USDC
945,0.9737975953095819,2928777947792.5996,103,S1_depeg_stablecoin,indonesia,USDC
946,0.9817523056691076,2928777947792.5996,103,S1_depeg_stablecoin,indonesia,USDC
947,0.9787369662904553,2928777947792.5996,103,S1_depeg_stablecoin,indonesia,USDC
948,0.9808826904413713,2928777947792.5996,103,S1_depeg_stablecoin,indonesia,USDC
949,0.976113610572059,2928777947792.5996,103,S1_depeg_stablecoin,indonesia,USDC
950,0.9887513295818764,2928777947792.5996,103,S1_depeg_stablecoin,indonesia,USDC
951,1.0295881371512374,2928777947792.5996,103,S1_depeg_stablecoin,indonesia,USDC
952,0.9984057551339197,2928777947792.5996,103,S1_depeg_stablecoin,indonesia,USDC
953,0.9711698260003315,2928777947792.5996,103,S1_depeg_stablecoin,indonesia,USDC
954,0.9841503903673011,2928777947792.5996,103,S1_depeg_stablecoin,indonesia,USDC
955,1.0074519473871422,2928777947792.5996,103,S1_depeg_stablecoin,indonesia,USDC
956,0.944257267857411,2928777947792.5996,103,S1_depeg_stablecoin,indonesia,USDC
957,0.9513972892304695,2928777777297.425,103,S1_depeg_stablecoin,indonesia,USDC
958,0.948893611241585,2928777647659.085,103,S1_depeg_stablecoin,indonesia,USDC
959,0.9660910235783619,2928777520859.933,103,S1_depeg_stablecoin,indonesia,USDC
960,0.9488285611941892,2928777502221.0693,103,S1_depeg_stablecoin,indonesia,USDC
961,0.9699207722987131,2928777377790.263,103,S1_depeg_stablecoin,indonesia,USDC
962,0.9852937528863511,2928777377270.773,103,S1_depeg_stablecoin,indonesia,USDC
963,1.0170034884392434,2928777377270.773,103,S1_depeg_stablecoin,indonesia,USDC
964,0.9982851299584626,2928777377270.773,103,S1_depeg_stablecoin,indonesia,USDC
965,0.972227695351038,2928777377270.773,103,S1_depeg_stablecoin,indonesia,USDC
966,1.0024580867600106,2928777377270.773,103,S1_depeg_stablecoin,indonesia,USDC
967,1.0008712116736376,2928777377270.773,103,S1_depeg_stablecoin,indonesia,USDC
968,0.980266974430694,2928777377270.773,103,S1_depeg_stablecoin,indonesia,USDC
969,0.9910868936411902,2928777377270.773,103,S1_depeg_stablecoin,indonesia,USDC
970,1.0209997041961547,2928777377270.773,103,S1_depeg_stablecoin,indonesia,USDC
971,1.0355824163832321,2928777377270.773,103,S1_depeg_stablecoin,indonesia,USDC
972,1.0473134432485531,2928777377270.773,103,S1_depeg_stablecoin,indonesia,USDC
973,1.0127747119584904,2928777377270.773,103,S1_depeg_stablecoin,indonesia,USDC
974,0.999479021061913,2928777377270.773,103,S1_depeg_stablecoin,indonesia,USDC
975,0.9900222218921036,2928777377270.773,103,S1_depeg_stablecoin,indonesia,USDC
976,0.9783694050031718,2928777377270.773,103,S1_depeg_stablecoin,indonesia,USDC
977,1.000316251640243,2928777377270.773,103,S1_depeg_stablecoin,indonesia,USDC
978,1.0125907450201326,2928777377270.773,103,S1_depeg_stablecoin,indonesia,USDC
979,1.0104928426411601,2928777377270.773,103,S1_depeg_stablecoin,indonesia,USDC
980,1.0361428839195326,2928777377270.773,103,S1_depeg_stablecoin,indonesia,USDC
981,1.0586225862510517,2928777377270.773,103,S1_depeg_stablecoin,indonesia,USDC
982,1.0103245981282118,2928777377270.773,103,S1_depeg_stablecoin,indonesia,USDC
983,1.0214111382041646,2928777377270.773,103,S1_depeg_stablecoin,indonesia,USDC
984,1.0152096202612992,2928777377270.773,103,S1_depeg_stablecoin,indonesia,USDC
985,1.014069720928828,2928777377270.773,103,S1_depeg_stablecoin,indonesia,USDC
986,1.0039698408582745,2928777377270.773,103,S1_depeg_stablecoin,indonesia,USDC
987,1.0144522716635251,2928777377270.773,103,S1_depeg_stablecoin,indonesia,USDC
988,1.0233935437853894,2928777377270.773,103,S1_depeg_stablecoin,indonesia,USDC
989,1.0178462638184447,2928777377270.773,103,S1_depeg_stablecoin,indonesia,USDC
990,1.0148427574028414,2928777377270.773,103,S1_depeg_stablecoin,indonesia,USDC
991,0.9892888554422344,2928777377270.773,103,S1_depeg_stablecoin,indonesia,USDC
992,1.0199620177720548,2928777377270.773,103,S1_depeg_stablecoin,indonesia,USDC
993,1.0054136723636773,2928777377270.773,103,S1_depeg_stablecoin,indonesia,USDC
994,1.0207738917969758,2928777377270.773,103,S1_depeg_stablecoin,indonesia,USDC
995,1.0082216374454667,2928777377270.773,103,S1_depeg_stablecoin,indonesia,USDC
996,1.012637768054069,2928777377270.773,103,S1_depeg_stablecoin,indonesia,USDC
997,1.0359609369918186,2928777377270.773,103,S1_depeg_stablecoin,indonesia,USDC
998,1.0145223491196103,2928777377270.773,103,S1_depeg_stablecoin,indonesia,USDC
999,1.023930212752439,2928777377270.773,103,S1_depeg_stablecoin,indonesia,USDC
1000,0.983703145386657,2928777377270.773,103,S1_depeg_stablecoin,indonesia,USDC
