Step,price,liquidity,iteration,scenario,region,coin
1,1.0080290320092442,2988944156590.208,251,S1_depeg_stablecoin,indonesia,USDC
2,0.9973334597657285,2988944156590.208,251,S1_depeg_stablecoin,indonesia,USDC
3,0.9943568674969583,2988944156590.208,251,S1_depeg_stablecoin,indonesia,USDC
4,0.9877486036919337,2988944156590.208,251,S1_depeg_stablecoin,indonesia,USDC
5,0.9839697924779627,2988944156590.208,251,S1_depeg_stablecoin,indonesia,USDC
6,0.9533305989941666,2988944156590.208,251,S1_depeg_stablecoin,indonesia,USDC
7,0.9149222105545209,2987925087816.9106,251,S1_depeg_stablecoin,indonesia,USDC
8,0.9189224332631918,2984642251671.2773,251,S1_depeg_stablecoin,indonesia,USDC
9,0.9350486420939607,2981730032092.0747,251,S1_depeg_stablecoin,indonesia,USDC
10,0.9410835025967479,2979844373386.0664,251,S1_depeg_stablecoin,indonesia,USDC
11,0.9713004386221132,2978356521454.671,251,S1_depeg_stablecoin,indonesia,USDC
12,0.9825460747456033,2978356521454.671,251,S1_depeg_stablecoin,indonesia,USDC
13,0.9555843223106149,2978356521454.671,251,S1_depeg_stablecoin,indonesia,USDC
14,0.9884389820631589,2977633301976.479,251,S1_depeg_stablecoin,indonesia,USDC
15,0.9835223707097568,2977633301976.479,251,S1_depeg_stablecoin,indonesia,USDC
16,0.9579221302808183,2977633301976.479,251,S1_depeg_stablecoin,indonesia,USDC
17,0.9478134016226059,2977058896818.901,251,S1_depeg_stablecoin,indonesia,USDC
18,0.9772706178142063,2975998227523.6104,251,S1_depeg_stablecoin,indonesia,USDC
19,0.987442227139961,2975998227523.6104,251,S1_depeg_stablecoin,indonesia,USDC
20,1.0130913891811397,2975998227523.6104,251,S1_depeg_stablecoin,indonesia,USDC
21,0.9884411139701432,2975998227523.6104,251,S1_depeg_stablecoin,indonesia,USDC
22,0.9903717587866154,2975998227523.6104,251,S1_depeg_stablecoin,indonesia,USDC
23,0.9988586350754209,2975998227523.6104,251,S1_depeg_stablecoin,indonesia,USDC
24,1.0115448659536743,2975998227523.6104,251,S1_depeg_stablecoin,indonesia,USDC
25,0.9931374983136256,2975998227523.6104,251,S1_depeg_stablecoin,indonesia,USDC
26,0.9976388175009048,2975998227523.6104,251,S1_depeg_stablecoin,indonesia,USDC
27,0.9936168112168671,2975998227523.6104,251,S1_depeg_stablecoin,indonesia,USDC
28,0.9721305147820261,2975998227523.6104,251,S1_depeg_stablecoin,indonesia,USDC
29,0.982113288667286,2975998227523.6104,251,S1_depeg_stablecoin,indonesia,USDC
30,0.9766972154680147,2975998227523.6104,251,S1_depeg_stablecoin,indonesia,USDC
31,0.9723083927773541,2975998227523.6104,251,S1_depeg_stablecoin,indonesia,USDC
32,0.9472606190682851,2975998227523.6104,251,S1_depeg_stablecoin,indonesia,USDC
33,0.9382486713175983,2974922102964.89,251,S1_depeg_stablecoin,indonesia,USDC
34,0.9465323996612284,2973417091740.679,251,S1_depeg_stablecoin,indonesia,USDC
35,0.9530227880405276,2972354780859.5615,251,S1_depeg_stablecoin,indonesia,USDC
36,0.9490398088207858,2971619045259.6157,251,S1_depeg_stablecoin,indonesia,USDC
37,0.9610497227135701,2970710029031.9756,251,S1_depeg_stablecoin,indonesia,USDC
38,0.9624357203575072,2970324651568.6113,251,S1_depeg_stablecoin,indonesia,USDC
39,0.962095032614202,2970011768700.9453,251,S1_depeg_stablecoin,indonesia,USDC
40,0.9923522228389741,2969697094084.3223,251,S1_depeg_stablecoin,indonesia,USDC
41,1.0169498735495175,2969697094084.3223,251,S1_depeg_stablecoin,indonesia,USDC
42,1.0246386451879437,2969697094084.3223,251,S1_depeg_stablecoin,indonesia,USDC
43,1.0098314380031022,2969697094084.3223,251,S1_depeg_stablecoin,indonesia,USDC
44,0.9992379023647545,2969697094084.3223,251,S1_depeg_stablecoin,indonesia,USDC
45,1.0042821711013128,2969697094084.3223,251,S1_depeg_stablecoin,indonesia,USDC
46,0.9809218021550812,2969697094084.3223,251,S1_depeg_stablecoin,indonesia,USDC
47,1.0094266527143874,2969697094084.3223,251,S1_depeg_stablecoin,indonesia,USDC
48,1.0043744487910053,2969697094084.3223,251,S1_depeg_stablecoin,indonesia,USDC
49,1.0458859367427529,2969697094084.3223,251,S1_depeg_stablecoin,indonesia,USDC
50,1.0506590057532752,2969697094084.3223,251,S1_depeg_stablecoin,indonesia,USDC
51,1.0544960409044446,2969697094084.3223,251,S1_depeg_stablecoin,indonesia,USDC
52,1.0431485935103046,2969697094084.3223,251,S1_depeg_stablecoin,indonesia,USDC
53,1.0502691924696514,2969697094084.3223,251,S1_depeg_stablecoin,indonesia,USDC
54,1.0433430764570186,2969697094084.3223,251,S1_depeg_stablecoin,indonesia,USDC
55,1.0314680485597616,2969697094084.3223,251,S1_depeg_stablecoin,indonesia,USDC
56,1.0474377657965153,2969697094084.3223,251,S1_depeg_stablecoin,indonesia,USDC
57,1.0252369450637013,2969697094084.3223,251,S1_depeg_stablecoin,indonesia,USDC
58,1.0427206933364803,2969697094084.3223,251,S1_depeg_stablecoin,indonesia,USDC
59,1.0385388984779456,2969697094084.3223,251,S1_depeg_stablecoin,indonesia,USDC
60,1.028526786898462,2969697094084.3223,251,S1_depeg_stablecoin,indonesia,USDC
61,1.0539333391695427,2969697094084.3223,251,S1_depeg_stablecoin,indonesia,USDC
62,1.0602388920096397,2969697094084.3223,251,S1_depeg_stablecoin,indonesia,USDC
63,1.0624214640558307,2969697094084.3223,251,S1_depeg_stablecoin,indonesia,USDC
64,1.0699487807286459,2969697094084.3223,251,S1_depeg_stablecoin,indonesia,USDC
65,1.0685622521331855,2969697094084.3223,251,S1_depeg_stablecoin,indonesia,USDC
66,1.0718108320721846,2969697094084.3223,251,S1_depeg_stablecoin,indonesia,USDC
67,1.0766360624138995,2969697094084.3223,251,S1_depeg_stablecoin,indonesia,USDC
68,1.0594367184162554,2969697094084.3223,251,S1_depeg_stablecoin,indonesia,USDC
69,1.0391068441492974,2969697094084.3223,251,S1_depeg_stablecoin,indonesia,USDC
70,1.0365738596517464,2969697094084.3223,251,S1_depeg_stablecoin,indonesia,USDC
71,1.0041043893312809,2969697094084.3223,251,S1_depeg_stablecoin,indonesia,USDC
72,1.0043728223140564,2969697094084.3223,251,S1_depeg_stablecoin,indonesia,USDC
73,1.01878488470687,2969697094084.3223,251,S1_depeg_stablecoin,indonesia,USDC
74,1.0012356270385587,2969697094084.3223,251,S1_depeg_stablecoin,indonesia,USDC
75,1.0036230387235285,2969697094084.3223,251,S1_depeg_stablecoin,indonesia,USDC
76,0.9985967760122916,2969697094084.3223,251,S1_depeg_stablecoin,indonesia,USDC
77,1.0000924088688614,2969697094084.3223,251,S1_depeg_stablecoin,indonesia,USDC
78,0.9968461675863116,2969697094084.3223,251,S1_depeg_stablecoin,indonesia,USDC
79,1.028322963479241,2969697094084.3223,251,S1_depeg_stablecoin,indonesia,USDC
80,1.034939618083806,2969697094084.3223,251,S1_depeg_stablecoin,indonesia,USDC
81,1.016429405599697,2969697094084.3223,251,S1_depeg_stablecoin,indonesia,USDC
82,1.033487295001859,2969697094084.3223,251,S1_depeg_stablecoin,indonesia,USDC
83,0.9963746133543712,2969697094084.3223,251,S1_depeg_stablecoin,indonesia,USDC
84,0.9821463662509196,2969697094084.3223,251,S1_depeg_stablecoin,indonesia,USDC
85,0.9370462320352086,2969697094084.3223,251,S1_depeg_stablecoin,indonesia,USDC
86,0.9431625787806704,2968341703387.4224,251,S1_depeg_stablecoin,indonesia,USDC
87,0.9429611921350894,2967251673945.7676,251,S1_depeg_stablecoin,indonesia,USDC
88,0.9412262206940576,2966262801078.535,251,S1_depeg_stablecoin,indonesia,USDC
89,0.931292032989187,2965155792376.9844,251,S1_depeg_stablecoin,indonesia,USDC
90,0.9542463672866327,2963710762682.7144,251,S1_depeg_stablecoin,indonesia,USDC
91,0.9860966584094606,2963167119207.78,251,S1_depeg_stablecoin,indonesia,USDC
92,1.0063646007110911,2963167119207.78,251,S1_depeg_stablecoin,indonesia,USDC
93,0.9919431806937196,2963167119207.78,251,S1_depeg_stablecoin,indonesia,USDC
94,0.9839200400266475,2963167119207.78,251,S1_depeg_stablecoin,indonesia,USDC
95,0.9744625111775838,2963167119207.78,251,S1_depeg_stablecoin,indonesia,USDC
96,0.9800282568498143,2963167119207.78,251,S1_depeg_stablecoin,indonesia,USDC
97,0.99449655564932,2963167119207.78,251,S1_depeg_stablecoin,indonesia,USDC
98,0.981178408562718,2963167119207.78,251,S1_depeg_stablecoin,indonesia,USDC
99,0.9803010292211642,2963167119207.78,251,S1_depeg_stablecoin,indonesia,USDC
100,0.9692917749277676,2963167119207.78,251,S1_depeg_stablecoin,indonesia,USDC
101,0.8176245547338455,2963167119207.78,251,S1_depeg_stablecoin,indonesia,USDC
102,0.8370365874692017,2958047601527.8438,251,S1_depeg_stablecoin,indonesia,USDC
103,0.8300463307012536,2954058226934.7407,251,S1_depeg_stablecoin,indonesia,USDC
104,0.860802315158848,2950641716661.4023,251,S1_depeg_stablecoin,indonesia,USDC
105,0.8461385761428992,2948199115293.9014,251,S1_depeg_stablecoin,indonesia,USDC
106,0.8881789914466991,2945740407457.459,251,S1_depeg_stablecoin,indonesia,USDC
107,0.8829976218265096,2944388190913.343,251,S1_depeg_stablecoin,indonesia,USDC
108,0.8959275732533862,2943065027342.1494,251,S1_depeg_stablecoin,indonesia,USDC
109,0.8846529142879955,2941986710677.8486,251,S1_depeg_stablecoin,indonesia,USDC
110,0.8944795038955426,2940865149772.939,251,S1_depeg_stablecoin,indonesia,USDC
111,0.8728783384620047,2939958869012.868,251,S1_depeg_stablecoin,indonesia,USDC
112,0.90259487390549,2938879903889.7925,251,S1_depeg_stablecoin,indonesia,USDC
113,0.8876504993678406,2938206061427.9893,251,S1_depeg_stablecoin,indonesia,USDC
114,0.8914500493175943,2937437822024.907,251,S1_depeg_stablecoin,indonesia,USDC
115,0.9012283752901897,2936765839359.538,251,S1_depeg_stablecoin,indonesia,USDC
116,0.9301941688873874,2936224610207.538,251,S1_depeg_stablecoin,indonesia,USDC
117,0.9474128289144509,2935934635016.224,251,S1_depeg_stablecoin,indonesia,USDC
118,0.9778865810652478,2935778054631.653,251,S1_depeg_stablecoin,indonesia,USDC
119,0.9765275596418838,2935778054631.653,251,S1_depeg_stablecoin,indonesia,USDC
120,0.9873375586708892,2935778054631.653,251,S1_depeg_stablecoin,indonesia,USDC
121,0.9915758892485409,2935778054631.653,251,S1_depeg_stablecoin,indonesia,USDC
122,1.0097054063448574,2935778054631.653,251,S1_depeg_stablecoin,indonesia,USDC
123,1.0418819643781803,2935778054631.653,251,S1_depeg_stablecoin,indonesia,USDC
124,1.0162103035621013,2935778054631.653,251,S1_depeg_stablecoin,indonesia,USDC
125,1.019154993823647,2935778054631.653,251,S1_depeg_stablecoin,indonesia,USDC
126,1.009084099159556,2935778054631.653,251,S1_depeg_stablecoin,indonesia,USDC
127,0.9935139734354523,2935778054631.653,251,S1_depeg_stablecoin,indonesia,USDC
128,0.9703882973187049,2935778054631.653,251,S1_depeg_stablecoin,indonesia,USDC
129,0.9711726923573477,2935778054631.653,251,S1_depeg_stablecoin,indonesia,USDC
130,0.9813818787451265,2935778054631.653,251,S1_depeg_stablecoin,indonesia,USDC
131,0.9982023576300925,2935778054631.653,251,S1_depeg_stablecoin,indonesia,USDC
132,0.9988602319302077,2935778054631.653,251,S1_depeg_stablecoin,indonesia,USDC
133,1.0114718023543405,2935778054631.653,251,S1_depeg_stablecoin,indonesia,USDC
134,1.00589785116474,2935778054631.653,251,S1_depeg_stablecoin,indonesia,USDC
135,1.0006262293229529,2935778054631.653,251,S1_depeg_stablecoin,indonesia,USDC
136,1.0049431005861007,2935778054631.653,251,S1_depeg_stablecoin,indonesia,USDC
137,0.9749020447044978,2935778054631.653,251,S1_depeg_stablecoin,indonesia,USDC
138,0.9567849328665957,2935778054631.653,251,S1_depeg_stablecoin,indonesia,USDC
139,0.9638631436577774,2935684951104.4355,251,S1_depeg_stablecoin,indonesia,USDC
140,0.9778721454903174,2935646525045.793,251,S1_depeg_stablecoin,indonesia,USDC
141,0.9534705691749934,2935646525045.793,251,S1_depeg_stablecoin,indonesia,USDC
142,0.9630744871520076,2935532312328.5244,251,S1_depeg_stablecoin,indonesia,USDC
143,0.96214237167557,2935497814590.6455,251,S1_depeg_stablecoin,indonesia,USDC
144,0.9521562492128864,2935444725715.663,251,S1_depeg_stablecoin,indonesia,USDC
145,0.9406471056538571,2935330539226.216,251,S1_depeg_stablecoin,indonesia,USDC
146,0.9480271688900355,2935156821391.0854,251,S1_depeg_stablecoin,indonesia,USDC
147,0.9666944252319631,2935027122505.8047,251,S1_depeg_stablecoin,indonesia,USDC
148,0.9769583839825284,2935013327459.208,251,S1_depeg_stablecoin,indonesia,USDC
149,0.9853891129420804,2935013327459.208,251,S1_depeg_stablecoin,indonesia,USDC
150,0.9906557124713887,2935013327459.208,251,S1_depeg_stablecoin,indonesia,USDC
151,0.9826036294732393,2935013327459.208,251,S1_depeg_stablecoin,indonesia,USDC
152,1.0070333528928181,2935013327459.208,251,S1_depeg_stablecoin,indonesia,USDC
153,0.9921276218614132,2935013327459.208,251,S1_depeg_stablecoin,indonesia,USDC
154,1.0096235097691917,2935013327459.208,251,S1_depeg_stablecoin,indonesia,USDC
155,1.0334342580785936,2935013327459.208,251,S1_depeg_stablecoin,indonesia,USDC
156,1.0517822310488847,2935013327459.208,251,S1_depeg_stablecoin,indonesia,USDC
157,1.0358259780167418,2935013327459.208,251,S1_depeg_stablecoin,indonesia,USDC
158,1.027719284993182,2935013327459.208,251,S1_depeg_stablecoin,indonesia,USDC
159,1.024005612885016,2935013327459.208,251,S1_depeg_stablecoin,indonesia,USDC
160,1.0102368419855006,2935013327459.208,251,S1_depeg_stablecoin,indonesia,USDC
161,0.9740934275210364,2935013327459.208,251,S1_depeg_stablecoin,indonesia,USDC
162,0.9534906945642544,2935013327459.208,251,S1_depeg_stablecoin,indonesia,USDC
163,0.9606940346983367,2934919698070.1406,251,S1_depeg_stablecoin,indonesia,USDC
164,0.9943573964454895,2934874476976.9785,251,S1_depeg_stablecoin,indonesia,USDC
165,1.0259380936882454,2934874476976.9785,251,S1_depeg_stablecoin,indonesia,USDC
166,1.006948315484593,2934874476976.9785,251,S1_depeg_stablecoin,indonesia,USDC
167,1.0251313782437312,2934874476976.9785,251,S1_depeg_stablecoin,indonesia,USDC
168,0.9956443108830724,2934874476976.9785,251,S1_depeg_stablecoin,indonesia,USDC
169,1.0170028201360826,2934874476976.9785,251,S1_depeg_stablecoin,indonesia,USDC
170,0.9933085514902611,2934874476976.9785,251,S1_depeg_stablecoin,indonesia,USDC
171,0.9911043160486923,2934874476976.9785,251,S1_depeg_stablecoin,indonesia,USDC
172,0.9478597531230685,2934874476976.9785,251,S1_depeg_stablecoin,indonesia,USDC
173,0.946659057626546,2934755056008.967,251,S1_depeg_stablecoin,indonesia,USDC
174,0.9372993191493858,2934625966361.4434,251,S1_depeg_stablecoin,indonesia,USDC
175,0.9441136316041996,2934452784525.436,251,S1_depeg_stablecoin,indonesia,USDC
176,0.949171582515454,2934310970767.494,251,S1_depeg_stablecoin,indonesia,USDC
177,0.9459965298126147,2934200469375.792,251,S1_depeg_stablecoin,indonesia,USDC
178,0.9244153904330787,2934085029385.376,251,S1_depeg_stablecoin,indonesia,USDC
179,0.935634050670385,2933856705292.172,251,S1_depeg_stablecoin,indonesia,USDC
180,0.953501817336438,2933698958532.657,251,S1_depeg_stablecoin,indonesia,USDC
181,0.967421745837051,2933625743240.7056,251,S1_depeg_stablecoin,indonesia,USDC
182,0.9998427763051059,2933615936874.796,251,S1_depeg_stablecoin,indonesia,USDC
183,0.9651386011870855,2933615936874.796,251,S1_depeg_stablecoin,indonesia,USDC
184,0.9534897617483542,2933595342399.195,251,S1_depeg_stablecoin,indonesia,USDC
185,0.9479857662595278,2933519924500.6084,251,S1_depeg_stablecoin,indonesia,USDC
186,0.9464805051951892,2933420088535.9297,251,S1_depeg_stablecoin,indonesia,USDC
187,0.9654618075690953,2933319754207.9434,251,S1_depeg_stablecoin,indonesia,USDC
188,0.9803108704430842,2933304456503.3203,251,S1_depeg_stablecoin,indonesia,USDC
189,0.9757580514281639,2933304456503.3203,251,S1_depeg_stablecoin,indonesia,USDC
190,1.0177585444260158,2933304456503.3203,251,S1_depeg_stablecoin,indonesia,USDC
191,1.0316490241707639,2933304456503.3203,251,S1_depeg_stablecoin,indonesia,USDC
192,1.0335950557338038,2933304456503.3203,251,S1_depeg_stablecoin,indonesia,USDC
193,1.0102437387172352,2933304456503.3203,251,S1_depeg_stablecoin,indonesia,USDC
194,1.0194888099182238,2933304456503.3203,251,S1_depeg_stablecoin,indonesia,USDC
195,1.0780247568354837,2933304456503.3203,251,S1_depeg_stablecoin,indonesia,USDC
196,1.0660957929685038,2933304456503.3203,251,S1_depeg_stablecoin,indonesia,USDC
197,1.048381963284249,2933304456503.3203,251,S1_depeg_stablecoin,indonesia,USDC
198,1.0380450190174826,2933304456503.3203,251,S1_depeg_stablecoin,indonesia,USDC
199,1.0609124288149407,2933304456503.3203,251,S1_depeg_stablecoin,indonesia,USDC
200,1.056572997181998,2933304456503.3203,251,S1_depeg_stablecoin,indonesia,USDC
201,1.033706246367917,2933304456503.3203,251,S1_depeg_stablecoin,indonesia,USDC
202,1.042672279992082,2933304456503.3203,251,S1_depeg_stablecoin,indonesia,USDC
203,1.0345735280592223,2933304456503.3203,251,S1_depeg_stablecoin,indonesia,USDC
204,1.044935095063749,2933304456503.3203,251,S1_depeg_stablecoin,indonesia,USDC
205,1.0543426294218572,2933304456503.3203,251,S1_depeg_stablecoin,indonesia,USDC
206,1.0632325091416381,2933304456503.3203,251,S1_depeg_stablecoin,indonesia,USDC
207,1.045724186707112,2933304456503.3203,251,S1_depeg_stablecoin,indonesia,USDC
208,1.0199948400694057,2933304456503.3203,251,S1_depeg_stablecoin,indonesia,USDC
209,0.9906143484138427,2933304456503.3203,251,S1_depeg_stablecoin,indonesia,USDC
210,0.9965811414051857,2933304456503.3203,251,S1_depeg_stablecoin,indonesia,USDC
211,1.0280253624195623,2933304456503.3203,251,S1_depeg_stablecoin,indonesia,USDC
212,0.9958238315570387,2933304456503.3203,251,S1_depeg_stablecoin,indonesia,USDC
213,0.9945252082106752,2933304456503.3203,251,S1_depeg_stablecoin,indonesia,USDC
214,1.0131762781576001,2933304456503.3203,251,S1_depeg_stablecoin,indonesia,USDC
215,1.007454658459979,2933304456503.3203,251,S1_depeg_stablecoin,indonesia,USDC
216,1.006449597174362,2933304456503.3203,251,S1_depeg_stablecoin,indonesia,USDC
217,1.0238156430690246,2933304456503.3203,251,S1_depeg_stablecoin,indonesia,USDC
218,1.0142452751153468,2933304456503.3203,251,S1_depeg_stablecoin,indonesia,USDC
219,1.018538849205344,2933304456503.3203,251,S1_depeg_stablecoin,indonesia,USDC
220,1.0267880278535544,2933304456503.3203,251,S1_depeg_stablecoin,indonesia,USDC
221,1.0159824140915203,2933304456503.3203,251,S1_depeg_stablecoin,indonesia,USDC
222,1.0606998819778402,2933304456503.3203,251,S1_depeg_stablecoin,indonesia,USDC
223,1.0144500818662698,2933304456503.3203,251,S1_depeg_stablecoin,indonesia,USDC
224,1.0165381216166272,2933304456503.3203,251,S1_depeg_stablecoin,indonesia,USDC
225,0.9708358152724545,2933304456503.3203,251,S1_depeg_stablecoin,indonesia,USDC
226,1.000743999048624,2933304456503.3203,251,S1_depeg_stablecoin,indonesia,USDC
227,0.9843404191316418,2933304456503.3203,251,S1_depeg_stablecoin,indonesia,USDC
228,0.983434620048464,2933304456503.3203,251,S1_depeg_stablecoin,indonesia,USDC
229,0.9809256719774433,2933304456503.3203,251,S1_depeg_stablecoin,indonesia,USDC
230,0.9630699224705087,2933304456503.3203,251,S1_depeg_stablecoin,indonesia,USDC
231,0.954821375994208,2933281605054.086,251,S1_depeg_stablecoin,indonesia,USDC
232,0.9672795889502778,2933213732374.315,251,S1_depeg_stablecoin,indonesia,USDC
233,0.9690895293141122,2933204173744.804,251,S1_depeg_stablecoin,indonesia,USDC
234,0.9783634318900575,2933204173744.804,251,S1_depeg_stablecoin,indonesia,USDC
235,1.0106289784285418,2933204173744.804,251,S1_depeg_stablecoin,indonesia,USDC
236,1.024984253811442,2933204173744.804,251,S1_depeg_stablecoin,indonesia,USDC
237,1.040509858006033,2933204173744.804,251,S1_depeg_stablecoin,indonesia,USDC
238,1.018791732163809,2933204173744.804,251,S1_depeg_stablecoin,indonesia,USDC
239,1.0519867661841058,2933204173744.804,251,S1_depeg_stablecoin,indonesia,USDC
240,1.0190378486125546,2933204173744.804,251,S1_depeg_stablecoin,indonesia,USDC
241,1.0072697409624392,2933204173744.804,251,S1_depeg_stablecoin,indonesia,USDC
242,1.013755239467193,2933204173744.804,251,S1_depeg_stablecoin,indonesia,USDC
243,1.0515479106548564,2933204173744.804,251,S1_depeg_stablecoin,indonesia,USDC
244,1.0402150247471442,2933204173744.804,251,S1_depeg_stablecoin,indonesia,USDC
245,1.0463452497137606,2933204173744.804,251,S1_depeg_stablecoin,indonesia,USDC
246,1.06968811996743,2933204173744.804,251,S1_depeg_stablecoin,indonesia,USDC
247,1.0841236689606746,2933204173744.804,251,S1_depeg_stablecoin,indonesia,USDC
248,1.0533263540004985,2933204173744.804,251,S1_depeg_stablecoin,indonesia,USDC
249,1.0904316357499964,2933204173744.804,251,S1_depeg_stablecoin,indonesia,USDC
250,1.0682845010184092,2933204173744.804,251,S1_depeg_stablecoin,indonesia,USDC
251,1.050043107031527,2933204173744.804,251,S1_depeg_stablecoin,indonesia,USDC
252,1.0524413988598744,2933204173744.804,251,S1_depeg_stablecoin,indonesia,USDC
253,1.060581928817617,2933204173744.804,251,S1_depeg_stablecoin,indonesia,USDC
254,1.050089041498626,2933204173744.804,251,S1_depeg_stablecoin,indonesia,USDC
255,1.025207069729093,2933204173744.804,251,S1_depeg_stablecoin,indonesia,USDC
256,1.0605241834949426,2933204173744.804,251,S1_depeg_stablecoin,indonesia,USDC
257,1.0465520707544687,2933204173744.804,251,S1_depeg_stablecoin,indonesia,USDC
258,1.0222454274244501,2933204173744.804,251,S1_depeg_stablecoin,indonesia,USDC
259,1.0195038838900223,2933204173744.804,251,S1_depeg_stablecoin,indonesia,USDC
260,1.023766346122589,2933204173744.804,251,S1_depeg_stablecoin,indonesia,USDC
261,0.9928096101903361,2933204173744.804,251,S1_depeg_stablecoin,indonesia,USDC
262,1.0059947320274893,2933204173744.804,251,S1_depeg_stablecoin,indonesia,USDC
263,1.011209871610335,2933204173744.804,251,S1_depeg_stablecoin,indonesia,USDC
264,0.9741075721549818,2933204173744.804,251,S1_depeg_stablecoin,indonesia,USDC
265,0.9743513447016211,2933204173744.804,251,S1_depeg_stablecoin,indonesia,USDC
266,0.9724163095418402,2933204173744.804,251,S1_depeg_stablecoin,indonesia,USDC
267,0.9785079749485476,2933204173744.804,251,S1_depeg_stablecoin,indonesia,USDC
268,0.9481741569027995,2933204173744.804,251,S1_depeg_stablecoin,indonesia,USDC
269,0.9461438462307713,2933115873114.328,251,S1_depeg_stablecoin,indonesia,USDC
270,0.9596019106269107,2933024855093.1416,251,S1_depeg_stablecoin,indonesia,USDC
271,0.976517034350275,2932989608859.536,251,S1_depeg_stablecoin,indonesia,USDC
272,0.9676585240807387,2932989608859.536,251,S1_depeg_stablecoin,indonesia,USDC
273,0.96553082948967,2932986587690.2437,251,S1_depeg_stablecoin,indonesia,USDC
274,0.9628949785549753,2932970319937.166,251,S1_depeg_stablecoin,indonesia,USDC
275,0.9948989091716236,2932948529799.996,251,S1_depeg_stablecoin,indonesia,USDC
276,0.9948584421861396,2932948529799.996,251,S1_depeg_stablecoin,indonesia,USDC
277,1.0149908394217182,2932948529799.996,251,S1_depeg_stablecoin,indonesia,USDC
278,1.0621944053312105,2932948529799.996,251,S1_depeg_stablecoin,indonesia,USDC
279,1.0669855323191084,2932948529799.996,251,S1_depeg_stablecoin,indonesia,USDC
280,1.0592859700454864,2932948529799.996,251,S1_depeg_stablecoin,indonesia,USDC
281,1.010415980894782,2932948529799.996,251,S1_depeg_stablecoin,indonesia,USDC
282,1.0039131179144403,2932948529799.996,251,S1_depeg_stablecoin,indonesia,USDC
283,0.9738949605538745,2932948529799.996,251,S1_depeg_stablecoin,indonesia,USDC
284,0.9623843947966867,2932948529799.996,251,S1_depeg_stablecoin,indonesia,USDC
285,0.9574463515615484,2932922246895.3877,251,S1_depeg_stablecoin,indonesia,USDC
286,0.9466936149835978,2932879488715.664,251,S1_depeg_stablecoin,indonesia,USDC
287,0.9409961895958575,2932795747015.4463,251,S1_depeg_stablecoin,indonesia,USDC
288,0.9669448717129447,2932688363242.7637,251,S1_depeg_stablecoin,indonesia,USDC
289,0.9824426044011274,2932680812962.7095,251,S1_depeg_stablecoin,indonesia,USDC
290,0.9720540084675329,2932680812962.7095,251,S1_depeg_stablecoin,indonesia,USDC
291,0.9722937900695151,2932680812962.7095,251,S1_depeg_stablecoin,indonesia,USDC
292,1.0049979331717078,2932680812962.7095,251,S1_depeg_stablecoin,indonesia,USDC
293,1.008779767569838,2932680812962.7095,251,S1_depeg_stablecoin,indonesia,USDC
294,0.987078872217848,2932680812962.7095,251,S1_depeg_stablecoin,indonesia,USDC
295,1.008455884187882,2932680812962.7095,251,S1_depeg_stablecoin,indonesia,USDC
296,1.0160684230954649,2932680812962.7095,251,S1_depeg_stablecoin,indonesia,USDC
297,1.0107101959581715,2932680812962.7095,251,S1_depeg_stablecoin,indonesia,USDC
298,1.0105242646444021,2932680812962.7095,251,S1_depeg_stablecoin,indonesia,USDC
299,1.021952547616912,2932680812962.7095,251,S1_depeg_stablecoin,indonesia,USDC
300,1.0477218197710052,2932680812962.7095,251,S1_depeg_stablecoin,indonesia,USDC
301,1.0494549398693067,2932680812962.7095,251,S1_depeg_stablecoin,indonesia,USDC
302,1.0233516333879416,2932680812962.7095,251,S1_depeg_stablecoin,indonesia,USDC
303,1.0245726265434898,2932680812962.7095,251,S1_depeg_stablecoin,indonesia,USDC
304,1.0509597789391218,2932680812962.7095,251,S1_depeg_stablecoin,indonesia,USDC
305,1.04388994738397,2932680812962.7095,251,S1_depeg_stablecoin,indonesia,USDC
306,1.0651602875370134,2932680812962.7095,251,S1_depeg_stablecoin,indonesia,USDC
307,1.0241539102786315,2932680812962.7095,251,S1_depeg_stablecoin,indonesia,USDC
308,1.0125850143709128,2932680812962.7095,251,S1_depeg_stablecoin,indonesia,USDC
309,1.0277952392694965,2932680812962.7095,251,S1_depeg_stablecoin,indonesia,USDC
310,1.00005024017528,2932680812962.7095,251,S1_depeg_stablecoin,indonesia,USDC
311,0.9863343019208741,2932680812962.7095,251,S1_depeg_stablecoin,indonesia,USDC
312,0.984761168742375,2932680812962.7095,251,S1_depeg_stablecoin,indonesia,USDC
313,0.9754112360020215,2932680812962.7095,251,S1_depeg_stablecoin,indonesia,USDC
314,1.0017527892337663,2932680812962.7095,251,S1_depeg_stablecoin,indonesia,USDC
315,1.0071363916786065,2932680812962.7095,251,S1_depeg_stablecoin,indonesia,USDC
316,1.0045438122678787,2932680812962.7095,251,S1_depeg_stablecoin,indonesia,USDC
317,1.0171375300504608,2932680812962.7095,251,S1_depeg_stablecoin,indonesia,USDC
318,1.006831487386481,2932680812962.7095,251,S1_depeg_stablecoin,indonesia,USDC
319,0.9612551589918723,2932680812962.7095,251,S1_depeg_stablecoin,indonesia,USDC
320,0.9835066415235474,2932647125884.483,251,S1_depeg_stablecoin,indonesia,USDC
321,0.9581293090655593,2932647125884.483,251,S1_depeg_stablecoin,indonesia,USDC
322,0.9479471989080931,2932601809591.6665,251,S1_depeg_stablecoin,indonesia,USDC
323,0.9611886676531822,2932525235177.0527,251,S1_depeg_stablecoin,indonesia,USDC
324,0.9288719765341867,2932492705204.2812,251,S1_depeg_stablecoin,indonesia,USDC
325,0.9418041015920122,2932355257030.864,251,S1_depeg_stablecoin,indonesia,USDC
326,0.9381940142766626,2932259530383.436,251,S1_depeg_stablecoin,indonesia,USDC
327,0.959552209798153,2932157838004.5225,251,S1_depeg_stablecoin,indonesia,USDC
328,0.9561163794174272,2932129924031.727,251,S1_depeg_stablecoin,indonesia,USDC
329,0.979703917716461,2932084326107.58,251,S1_depeg_stablecoin,indonesia,USDC
330,0.9989864191452884,2932084326107.58,251,S1_depeg_stablecoin,indonesia,USDC
331,0.9760889185933898,2932084326107.58,251,S1_depeg_stablecoin,indonesia,USDC
332,0.9782957420739237,2932084326107.58,251,S1_depeg_stablecoin,indonesia,USDC
333,0.9533509070697591,2932084326107.58,251,S1_depeg_stablecoin,indonesia,USDC
334,0.9601022274414259,2932035439154.5073,251,S1_depeg_stablecoin,indonesia,USDC
335,0.8362537564222143,2932010253538.7314,251,S1_depeg_stablecoin,indonesia,USDC
336,0.8807240155238808,2931613371212.523,251,S1_depeg_stablecoin,indonesia,USDC
337,0.8922493351859756,2931384115436.1387,251,S1_depeg_stablecoin,indonesia,USDC
338,0.8838029492901527,2931192998795.451,251,S1_depeg_stablecoin,indonesia,USDC
339,0.8963869656847874,2931006629595.435,251,S1_depeg_stablecoin,indonesia,USDC
340,0.9337296996325918,2930857432589.8647,251,S1_depeg_stablecoin,indonesia,USDC
341,0.9586665190246662,2930792426995.603,251,S1_depeg_stablecoin,indonesia,USDC
342,0.957920002920366,2930773466253.322,251,S1_depeg_stablecoin,indonesia,USDC
343,0.9514627043851828,2930750684752.922,251,S1_depeg_stablecoin,indonesia,USDC
344,0.9268745286226798,2930717654799.7524,251,S1_depeg_stablecoin,indonesia,USDC
345,0.9419789356025227,2930638806401.532,251,S1_depeg_stablecoin,indonesia,USDC
346,0.9628089994492794,2930593221911.1455,251,S1_depeg_stablecoin,indonesia,USDC
347,0.989201733368069,2930584158086.23,251,S1_depeg_stablecoin,indonesia,USDC
348,0.9764091959461264,2930584158086.23,251,S1_depeg_stablecoin,indonesia,USDC
349,0.9770977700777577,2930584158086.23,251,S1_depeg_stablecoin,indonesia,USDC
350,0.9800787842651387,2930584158086.23,251,S1_depeg_stablecoin,indonesia,USDC
351,0.9878479752429435,2930584158086.23,251,S1_depeg_stablecoin,indonesia,USDC
352,0.9555614495541741,2930584158086.23,251,S1_depeg_stablecoin,indonesia,USDC
353,0.9696518586272579,2930560991568.8677,251,S1_depeg_stablecoin,indonesia,USDC
354,0.957736821985201,2930560798942.059,251,S1_depeg_stablecoin,indonesia,USDC
355,0.9296027933442295,2930543882497.9644,251,S1_depeg_stablecoin,indonesia,USDC
356,0.9367239340458609,2930481137835.8833,251,S1_depeg_stablecoin,indonesia,USDC
357,0.9432957448243016,2930428411352.0674,251,S1_depeg_stablecoin,indonesia,USDC
358,0.9538242009549152,2930391887908.9043,251,S1_depeg_stablecoin,indonesia,USDC
359,0.9474918804122231,2930368886110.0303,251,S1_depeg_stablecoin,indonesia,USDC
360,0.9771080657490753,2930335826334.3477,251,S1_depeg_stablecoin,indonesia,USDC
361,0.9695238709441153,2930335826334.3477,251,S1_depeg_stablecoin,indonesia,USDC
362,0.9552910486674473,2930335369720.8325,251,S1_depeg_stablecoin,indonesia,USDC
363,0.9614263520360001,2930316416318.37,251,S1_depeg_stablecoin,indonesia,USDC
364,0.9640035532013963,2930305199943.0234,251,S1_depeg_stablecoin,indonesia,USDC
365,0.9689757626910278,2930296786103.791,251,S1_depeg_stablecoin,indonesia,USDC
366,0.9455615808829062,2930296786103.791,251,S1_depeg_stablecoin,indonesia,USDC
367,0.9492013315506636,2930262707622.3857,251,S1_depeg_stablecoin,indonesia,USDC
368,0.9322022892570171,2930237887958.5547,251,S1_depeg_stablecoin,indonesia,USDC
369,0.9549026552156887,2930187475500.7817,251,S1_depeg_stablecoin,indonesia,USDC
370,0.9641413748667244,2930170046211.4727,251,S1_depeg_stablecoin,indonesia,USDC
371,0.9759469456200547,2930164157514.358,251,S1_depeg_stablecoin,indonesia,USDC
372,1.0110927075440692,2930164157514.358,251,S1_depeg_stablecoin,indonesia,USDC
373,1.0139128163411109,2930164157514.358,251,S1_depeg_stablecoin,indonesia,USDC
374,1.0248117832721175,2930164157514.358,251,S1_depeg_stablecoin,indonesia,USDC
375,1.0210832723293453,2930164157514.358,251,S1_depeg_stablecoin,indonesia,USDC
376,1.021231743654701,2930164157514.358,251,S1_depeg_stablecoin,indonesia,USDC
377,1.0252750836664057,2930164157514.358,251,S1_depeg_stablecoin,indonesia,USDC
378,1.0601855711034178,2930164157514.358,251,S1_depeg_stablecoin,indonesia,USDC
379,1.043291618837653,2930164157514.358,251,S1_depeg_stablecoin,indonesia,USDC
380,1.0510523650295533,2930164157514.358,251,S1_depeg_stablecoin,indonesia,USDC
381,1.0537682208988697,2930164157514.358,251,S1_depeg_stablecoin,indonesia,USDC
382,1.0508483237107415,2930164157514.358,251,S1_depeg_stablecoin,indonesia,USDC
383,1.0315779255093986,2930164157514.358,251,S1_depeg_stablecoin,indonesia,USDC
384,1.0428889688539174,2930164157514.358,251,S1_depeg_stablecoin,indonesia,USDC
385,1.0119755007002107,2930164157514.358,251,S1_depeg_stablecoin,indonesia,USDC
386,0.994581730258792,2930164157514.358,251,S1_depeg_stablecoin,indonesia,USDC
387,1.0258162485509765,2930164157514.358,251,S1_depeg_stablecoin,indonesia,USDC
388,1.03754945048024,2930164157514.358,251,S1_depeg_stablecoin,indonesia,USDC
389,1.0240548687569337,2930164157514.358,251,S1_depeg_stablecoin,indonesia,USDC
390,1.061656201133514,2930164157514.358,251,S1_depeg_stablecoin,indonesia,USDC
391,1.040037260562789,2930164157514.358,251,S1_depeg_stablecoin,indonesia,USDC
392,1.0159439693536236,2930164157514.358,251,S1_depeg_stablecoin,indonesia,USDC
393,0.9984308087180995,2930164157514.358,251,S1_depeg_stablecoin,indonesia,USDC
394,1.0391474885902268,2930164157514.358,251,S1_depeg_stablecoin,indonesia,USDC
395,1.0252350841466946,2930164157514.358,251,S1_depeg_stablecoin,indonesia,USDC
396,1.0133257465834984,2930164157514.358,251,S1_depeg_stablecoin,indonesia,USDC
397,1.019739460461719,2930164157514.358,251,S1_depeg_stablecoin,indonesia,USDC
398,1.0528448305499827,2930164157514.358,251,S1_depeg_stablecoin,indonesia,USDC
399,1.0579627538710499,2930164157514.358,251,S1_depeg_stablecoin,indonesia,USDC
400,1.0448628206248873,2930164157514.358,251,S1_depeg_stablecoin,indonesia,USDC
401,1.034117026246552,2930164157514.358,251,S1_depeg_stablecoin,indonesia,USDC
402,1.0361466732553837,2930164157514.358,251,S1_depeg_stablecoin,indonesia,USDC
403,1.0165400822761137,2930164157514.358,251,S1_depeg_stablecoin,indonesia,USDC
404,1.017759644286779,2930164157514.358,251,S1_depeg_stablecoin,indonesia,USDC
405,0.969082669910408,2930164157514.358,251,S1_depeg_stablecoin,indonesia,USDC
406,0.962360690276647,2930164157514.358,251,S1_depeg_stablecoin,indonesia,USDC
407,0.961481992619675,2930156133346.128,251,S1_depeg_stablecoin,indonesia,USDC
408,0.9896806272638802,2930146296251.508,251,S1_depeg_stablecoin,indonesia,USDC
409,0.9635272936541952,2930146296251.508,251,S1_depeg_stablecoin,indonesia,USDC
410,0.9677689501702388,2930139020616.2056,251,S1_depeg_stablecoin,indonesia,USDC
411,0.9429218230290138,2930138257507.872,251,S1_depeg_stablecoin,indonesia,USDC
412,0.9272336578098893,2930107259333.631,251,S1_depeg_stablecoin,indonesia,USDC
413,0.9682713662119538,2930060341897.2227,251,S1_depeg_stablecoin,indonesia,USDC
414,0.9605263734223184,2930060178264.3433,251,S1_depeg_stablecoin,indonesia,USDC
415,0.9718271467535746,2930050789854.7114,251,S1_depeg_stablecoin,indonesia,USDC
416,0.9525596528829674,2930050789854.7114,251,S1_depeg_stablecoin,indonesia,USDC
417,0.9576472123328874,2930031788904.3574,251,S1_depeg_stablecoin,indonesia,USDC
418,0.9837058000748485,2930018725598.566,251,S1_depeg_stablecoin,indonesia,USDC
419,0.9952710101655937,2930018725598.566,251,S1_depeg_stablecoin,indonesia,USDC
420,0.9827483415984601,2930018725598.566,251,S1_depeg_stablecoin,indonesia,USDC
421,1.0166844084419346,2930018725598.566,251,S1_depeg_stablecoin,indonesia,USDC
422,0.9889859542110879,2930018725598.566,251,S1_depeg_stablecoin,indonesia,USDC
423,1.0079038488569538,2930018725598.566,251,S1_depeg_stablecoin,indonesia,USDC
424,0.9922443611345373,2930018725598.566,251,S1_depeg_stablecoin,indonesia,USDC
425,0.9903680229298018,2930018725598.566,251,S1_depeg_stablecoin,indonesia,USDC
426,1.0094788729902358,2930018725598.566,251,S1_depeg_stablecoin,indonesia,USDC
427,1.0173065647742352,2930018725598.566,251,S1_depeg_stablecoin,indonesia,USDC
428,1.0207344855024854,2930018725598.566,251,S1_depeg_stablecoin,indonesia,USDC
429,1.0151776335929037,2930018725598.566,251,S1_depeg_stablecoin,indonesia,USDC
430,0.9986925658297036,2930018725598.566,251,S1_depeg_stablecoin,indonesia,USDC
431,0.9759902657158933,2930018725598.566,251,S1_depeg_stablecoin,indonesia,USDC
432,0.9665909986891535,2930018725598.566,251,S1_depeg_stablecoin,indonesia,USDC
433,0.9844423537729752,2930016799626.1045,251,S1_depeg_stablecoin,indonesia,USDC
434,0.9349101890745157,2930016799626.1045,251,S1_depeg_stablecoin,indonesia,USDC
435,0.9235888866993993,2929981595569.712,251,S1_depeg_stablecoin,indonesia,USDC
436,0.9487878932776407,2929934677543.0967,251,S1_depeg_stablecoin,indonesia,USDC
437,0.9602627151300054,2929913016681.0723,251,S1_depeg_stablecoin,indonesia,USDC
438,0.9982857066921402,2929905275368.4614,251,S1_depeg_stablecoin,indonesia,USDC
439,0.988336245989808,2929905275368.4614,251,S1_depeg_stablecoin,indonesia,USDC
440,1.0389707074710297,2929905275368.4614,251,S1_depeg_stablecoin,indonesia,USDC
441,1.0525462732815123,2929905275368.4614,251,S1_depeg_stablecoin,indonesia,USDC
442,1.0589142255084187,2929905275368.4614,251,S1_depeg_stablecoin,indonesia,USDC
443,1.0789366229150972,2929905275368.4614,251,S1_depeg_stablecoin,indonesia,USDC
444,1.0838862791585622,2929905275368.4614,251,S1_depeg_stablecoin,indonesia,USDC
445,1.0477098269250091,2929905275368.4614,251,S1_depeg_stablecoin,indonesia,USDC
446,1.0566516914232522,2929905275368.4614,251,S1_depeg_stablecoin,indonesia,USDC
447,1.0427727487914729,2929905275368.4614,251,S1_depeg_stablecoin,indonesia,USDC
448,1.071562609347464,2929905275368.4614,251,S1_depeg_stablecoin,indonesia,USDC
449,1.0769445444220456,2929905275368.4614,251,S1_depeg_stablecoin,indonesia,USDC
450,1.0416641827108521,2929905275368.4614,251,S1_depeg_stablecoin,indonesia,USDC
451,1.008613214653713,2929905275368.4614,251,S1_depeg_stablecoin,indonesia,USDC
452,0.9834874308894319,2929905275368.4614,251,S1_depeg_stablecoin,indonesia,USDC
453,0.9822858797424425,2929905275368.4614,251,S1_depeg_stablecoin,indonesia,USDC
454,0.9659450620981149,2929905275368.4614,251,S1_depeg_stablecoin,indonesia,USDC
455,0.9776483855893989,2929901257557.16,251,S1_depeg_stablecoin,indonesia,USDC
456,0.9765537418911542,2929901257557.16,251,S1_depeg_stablecoin,indonesia,USDC
457,0.9787097526985065,2929901257557.16,251,S1_depeg_stablecoin,indonesia,USDC
458,0.9653772577398307,2929901257557.16,251,S1_depeg_stablecoin,indonesia,USDC
459,0.9439523357127988,2929897266664.081,251,S1_depeg_stablecoin,indonesia,USDC
460,0.9592995209979219,2929871672549.4077,251,S1_depeg_stablecoin,indonesia,USDC
461,0.9381297154751873,2929862091280.422,251,S1_depeg_stablecoin,indonesia,USDC
462,0.9743810379992681,2929833886691.981,251,S1_depeg_stablecoin,indonesia,USDC
463,0.9585208814790611,2929833886691.981,251,S1_depeg_stablecoin,indonesia,USDC
464,0.9836253267699219,2929823357498.8984,251,S1_depeg_stablecoin,indonesia,USDC
465,0.9422021094987971,2929823357498.8984,251,S1_depeg_stablecoin,indonesia,USDC
466,0.9513117968573348,2929799903169.206,251,S1_depeg_stablecoin,indonesia,USDC
467,0.93070716413665,2929784132958.711,251,S1_depeg_stablecoin,indonesia,USDC
468,0.927571106901172,2929750107130.2812,251,S1_depeg_stablecoin,indonesia,USDC
469,0.9415851050324059,2929714853945.428,251,S1_depeg_stablecoin,indonesia,USDC
470,0.9499458754457797,2929692277363.572,251,S1_depeg_stablecoin,indonesia,USDC
471,0.9724143198511345,2929677455744.1816,251,S1_depeg_stablecoin,indonesia,USDC
472,1.0138237778185935,2929677455744.1816,251,S1_depeg_stablecoin,indonesia,USDC
473,1.04786092893359,2929677455744.1816,251,S1_depeg_stablecoin,indonesia,USDC
474,1.075230983747687,2929677455744.1816,251,S1_depeg_stablecoin,indonesia,USDC
475,1.053732135565719,2929677455744.1816,251,S1_depeg_stablecoin,indonesia,USDC
476,1.0768989267672067,2929677455744.1816,251,S1_depeg_stablecoin,indonesia,USDC
477,1.0901612384655865,2929677455744.1816,251,S1_depeg_stablecoin,indonesia,USDC
478,1.091708224452053,2929677455744.1816,251,S1_depeg_stablecoin,indonesia,USDC
479,1.0694126493950222,2929677455744.1816,251,S1_depeg_stablecoin,indonesia,USDC
480,1.0629766168891779,2929677455744.1816,251,S1_depeg_stablecoin,indonesia,USDC
481,1.0916632886621624,2929677455744.1816,251,S1_depeg_stablecoin,indonesia,USDC
482,1.106337028172932,2929677455744.1816,251,S1_depeg_stablecoin,indonesia,USDC
483,1.0660939157829388,2929677455744.1816,251,S1_depeg_stablecoin,indonesia,USDC
484,1.0642373615106653,2929677455744.1816,251,S1_depeg_stablecoin,indonesia,USDC
485,1.095534266331093,2929677455744.1816,251,S1_depeg_stablecoin,indonesia,USDC
486,1.078294905514919,2929677455744.1816,251,S1_depeg_stablecoin,indonesia,USDC
487,1.0792637711447952,2929677455744.1816,251,S1_depeg_stablecoin,indonesia,USDC
488,1.0590710249659185,2929677455744.1816,251,S1_depeg_stablecoin,indonesia,USDC
489,1.0252124750206637,2929677455744.1816,251,S1_depeg_stablecoin,indonesia,USDC
490,1.0471067891653132,2929677455744.1816,251,S1_depeg_stablecoin,indonesia,USDC
491,1.0591942423097251,2929677455744.1816,251,S1_depeg_stablecoin,indonesia,USDC
492,1.0286276586393774,2929677455744.1816,251,S1_depeg_stablecoin,indonesia,USDC
493,1.0648438348610183,2929677455744.1816,251,S1_depeg_stablecoin,indonesia,USDC
494,1.0955912219750126,2929677455744.1816,251,S1_depeg_stablecoin,indonesia,USDC
495,1.0420644700678854,2929677455744.1816,251,S1_depeg_stablecoin,indonesia,USDC
496,1.0609309774103117,2929677455744.1816,251,S1_depeg_stablecoin,indonesia,USDC
497,1.0445736150541522,2929677455744.1816,251,S1_depeg_stablecoin,indonesia,USDC
498,1.0116947320906338,2929677455744.1816,251,S1_depeg_stablecoin,indonesia,USDC
499,0.9977049440741117,2929677455744.1816,251,S1_depeg_stablecoin,indonesia,USDC
500,0.9793213899202227,2929677455744.1816,251,S1_depeg_stablecoin,indonesia,USDC
501,0.9915020443081035,2929677455744.1816,251,S1_depeg_stablecoin,indonesia,USDC
502,0.9601508824436258,2929677455744.1816,251,S1_depeg_stablecoin,indonesia,USDC
503,0.9734043943748715,2929670010022.9736,251,S1_depeg_stablecoin,indonesia,USDC
504,0.9477923713164855,2929670010022.9736,251,S1_depeg_stablecoin,indonesia,USDC
505,0.9548888510160815,2929655345353.707,251,S1_depeg_stablecoin,indonesia,USDC
506,0.9605274641906687,2929644266096.6343,251,S1_depeg_stablecoin,indonesia,USDC
507,0.9509663012638986,2929638853666.23,251,S1_depeg_stablecoin,indonesia,USDC
508,0.9793545706528567,2929626391644.9863,251,S1_depeg_stablecoin,indonesia,USDC
509,0.9664966182089747,2929626391644.9863,251,S1_depeg_stablecoin,indonesia,USDC
510,1.002941461797571,2929624318161.086,251,S1_depeg_stablecoin,indonesia,USDC
511,1.0197629669763115,2929624318161.086,251,S1_depeg_stablecoin,indonesia,USDC
512,1.0019547921623366,2929624318161.086,251,S1_depeg_stablecoin,indonesia,USDC
513,1.0245882615499358,2929624318161.086,251,S1_depeg_stablecoin,indonesia,USDC
514,1.0606476051814524,2929624318161.086,251,S1_depeg_stablecoin,indonesia,USDC
515,1.0602454407630157,2929624318161.086,251,S1_depeg_stablecoin,indonesia,USDC
516,1.052575988912456,2929624318161.086,251,S1_depeg_stablecoin,indonesia,USDC
517,1.076734584522229,2929624318161.086,251,S1_depeg_stablecoin,indonesia,USDC
518,1.0573456613526564,2929624318161.086,251,S1_depeg_stablecoin,indonesia,USDC
519,1.0362970866071377,2929624318161.086,251,S1_depeg_stablecoin,indonesia,USDC
520,1.0397067959122301,2929624318161.086,251,S1_depeg_stablecoin,indonesia,USDC
521,1.0800162571835303,2929624318161.086,251,S1_depeg_stablecoin,indonesia,USDC
522,1.0579491477500742,2929624318161.086,251,S1_depeg_stablecoin,indonesia,USDC
523,1.0675899669710627,2929624318161.086,251,S1_depeg_stablecoin,indonesia,USDC
524,1.0778178567055139,2929624318161.086,251,S1_depeg_stablecoin,indonesia,USDC
525,1.0681806883835183,2929624318161.086,251,S1_depeg_stablecoin,indonesia,USDC
526,1.0873243516524236,2929624318161.086,251,S1_depeg_stablecoin,indonesia,USDC
527,1.0870378035186792,2929624318161.086,251,S1_depeg_stablecoin,indonesia,USDC
528,1.0555824604549187,2929624318161.086,251,S1_depeg_stablecoin,indonesia,USDC
529,1.064455937797942,2929624318161.086,251,S1_depeg_stablecoin,indonesia,USDC
530,1.0426354081474525,2929624318161.086,251,S1_depeg_stablecoin,indonesia,USDC
531,1.0380262255646113,2929624318161.086,251,S1_depeg_stablecoin,indonesia,USDC
532,1.0444932938763345,2929624318161.086,251,S1_depeg_stablecoin,indonesia,USDC
533,1.0320835695773243,2929624318161.086,251,S1_depeg_stablecoin,indonesia,USDC
534,1.0287380653241345,2929624318161.086,251,S1_depeg_stablecoin,indonesia,USDC
535,1.0457928862743242,2929624318161.086,251,S1_depeg_stablecoin,indonesia,USDC
536,1.010547467473997,2929624318161.086,251,S1_depeg_stablecoin,indonesia,USDC
537,1.0295380001405823,2929624318161.086,251,S1_depeg_stablecoin,indonesia,USDC
538,1.032037649612016,2929624318161.086,251,S1_depeg_stablecoin,indonesia,USDC
539,1.0410382241661835,2929624318161.086,251,S1_depeg_stablecoin,indonesia,USDC
540,1.05206316684025,2929624318161.086,251,S1_depeg_stablecoin,indonesia,USDC
541,1.0532578961167307,2929624318161.086,251,S1_depeg_stablecoin,indonesia,USDC
542,1.0427313964318885,2929624318161.086,251,S1_depeg_stablecoin,indonesia,USDC
543,1.063063297848336,2929624318161.086,251,S1_depeg_stablecoin,indonesia,USDC
544,1.0368582994050848,2929624318161.086,251,S1_depeg_stablecoin,indonesia,USDC
545,1.0541244922795971,2929624318161.086,251,S1_depeg_stablecoin,indonesia,USDC
546,1.0683893243069431,2929624318161.086,251,S1_depeg_stablecoin,indonesia,USDC
547,1.080073762408763,2929624318161.086,251,S1_depeg_stablecoin,indonesia,USDC
548,1.0624793211797443,2929624318161.086,251,S1_depeg_stablecoin,indonesia,USDC
549,1.097266170899736,2929624318161.086,251,S1_depeg_stablecoin,indonesia,USDC
550,1.0817452649707016,2929624318161.086,251,S1_depeg_stablecoin,indonesia,USDC
551,1.1064604641828828,2929624318161.086,251,S1_depeg_stablecoin,indonesia,USDC
552,1.0892296219820112,2929624318161.086,251,S1_depeg_stablecoin,indonesia,USDC
553,1.1099720405506597,2929624318161.086,251,S1_depeg_stablecoin,indonesia,USDC
554,1.103657866385911,2929624318161.086,251,S1_depeg_stablecoin,indonesia,USDC
555,1.1571409771695418,2929624318161.086,251,S1_depeg_stablecoin,indonesia,USDC
556,1.1552687426133113,2929624318161.086,251,S1_depeg_stablecoin,indonesia,USDC
557,1.1247534720700452,2929624318161.086,251,S1_depeg_stablecoin,indonesia,USDC
558,1.1048536590891893,2929624318161.086,251,S1_depeg_stablecoin,indonesia,USDC
559,1.0935834624234737,2929624318161.086,251,S1_depeg_stablecoin,indonesia,USDC
560,1.0518657653226864,2929624318161.086,251,S1_depeg_stablecoin,indonesia,USDC
561,1.0688304861250781,2929624318161.086,251,S1_depeg_stablecoin,indonesia,USDC
562,1.0738738549097269,2929624318161.086,251,S1_depeg_stablecoin,indonesia,USDC
563,1.0744008175258095,2929624318161.086,251,S1_depeg_stablecoin,indonesia,USDC
564,1.0582477141330529,2929624318161.086,251,S1_depeg_stablecoin,indonesia,USDC
565,1.0316250491625982,2929624318161.086,251,S1_depeg_stablecoin,indonesia,USDC
566,1.0490934068473883,2929624318161.086,251,S1_depeg_stablecoin,indonesia,USDC
567,1.0031042235497312,2929624318161.086,251,S1_depeg_stablecoin,indonesia,USDC
568,0.9956221234417314,2929624318161.086,251,S1_depeg_stablecoin,indonesia,USDC
569,0.9798106141239141,2929624318161.086,251,S1_depeg_stablecoin,indonesia,USDC
570,0.9861350069533192,2929624318161.086,251,S1_depeg_stablecoin,indonesia,USDC
571,0.9435202782455934,2929624318161.086,251,S1_depeg_stablecoin,indonesia,USDC
572,0.9692592681917848,2929607067479.634,251,S1_depeg_stablecoin,indonesia,USDC
573,0.9798990907381421,2929607067479.634,251,S1_depeg_stablecoin,indonesia,USDC
574,0.9817707521510769,2929607067479.634,251,S1_depeg_stablecoin,indonesia,USDC
575,0.9745482421930188,2929607067479.634,251,S1_depeg_stablecoin,indonesia,USDC
576,0.9779749007395927,2929607067479.634,251,S1_depeg_stablecoin,indonesia,USDC
577,0.9930405093082304,2929607067479.634,251,S1_depeg_stablecoin,indonesia,USDC
578,1.0079845520522024,2929607067479.634,251,S1_depeg_stablecoin,indonesia,USDC
579,0.987000621317981,2929607067479.634,251,S1_depeg_stablecoin,indonesia,USDC
580,0.9960466190450772,2929607067479.634,251,S1_depeg_stablecoin,indonesia,USDC
581,0.9708911677908898,2929607067479.634,251,S1_depeg_stablecoin,indonesia,USDC
582,0.9759148096681136,2929607067479.634,251,S1_depeg_stablecoin,indonesia,USDC
583,0.9821660389713618,2929607067479.634,251,S1_depeg_stablecoin,indonesia,USDC
584,0.9586882520382097,2929607067479.634,251,S1_depeg_stablecoin,indonesia,USDC
585,0.9617742706012175,2929599336880.7656,251,S1_depeg_stablecoin,indonesia,USDC
586,0.8659582957585089,2929594211356.982,251,S1_depeg_stablecoin,indonesia,USDC
587,0.874408766498451,2929524486814.9346,251,S1_depeg_stablecoin,indonesia,USDC
588,0.8881990662479852,2929468551830.5054,251,S1_depeg_stablecoin,indonesia,USDC
589,0.9056288858923288,2929424329129.1533,251,S1_depeg_stablecoin,indonesia,USDC
590,0.9185527231074345,2929393237535.286,251,S1_depeg_stablecoin,indonesia,USDC
591,0.9032413966087889,2929370677768.326,251,S1_depeg_stablecoin,indonesia,USDC
592,0.9325075910833949,2929343450470.911,251,S1_depeg_stablecoin,indonesia,USDC
593,0.9785147168459103,2929328477290.4736,251,S1_depeg_stablecoin,indonesia,USDC
594,0.9556723193463015,2929328477290.4736,251,S1_depeg_stablecoin,indonesia,USDC
595,0.9388434911673706,2929322800564.4307,251,S1_depeg_stablecoin,indonesia,USDC
596,0.9990146116551367,2929311034964.1045,251,S1_depeg_stablecoin,indonesia,USDC
597,1.0210626001093748,2929311034964.1045,251,S1_depeg_stablecoin,indonesia,USDC
598,1.0401189007238705,2929311034964.1045,251,S1_depeg_stablecoin,indonesia,USDC
599,1.0439697147333058,2929311034964.1045,251,S1_depeg_stablecoin,indonesia,USDC
600,1.0296755113045226,2929311034964.1045,251,S1_depeg_stablecoin,indonesia,USDC
601,1.0313938166643546,2929311034964.1045,251,S1_depeg_stablecoin,indonesia,USDC
602,0.9906678212514669,2929311034964.1045,251,S1_depeg_stablecoin,indonesia,USDC
603,1.005791797336982,2929311034964.1045,251,S1_depeg_stablecoin,indonesia,USDC
604,0.981522254000894,2929311034964.1045,251,S1_depeg_stablecoin,indonesia,USDC
605,1.006828150286164,2929311034964.1045,251,S1_depeg_stablecoin,indonesia,USDC
606,1.0085582594463998,2929311034964.1045,251,S1_depeg_stablecoin,indonesia,USDC
607,1.0107945397219757,2929311034964.1045,251,S1_depeg_stablecoin,indonesia,USDC
608,1.013166227672622,2929311034964.1045,251,S1_depeg_stablecoin,indonesia,USDC
609,0.977993888163946,2929311034964.1045,251,S1_depeg_stablecoin,indonesia,USDC
610,0.9999154790314088,2929311034964.1045,251,S1_depeg_stablecoin,indonesia,USDC
611,0.989147399152891,2929311034964.1045,251,S1_depeg_stablecoin,indonesia,USDC
612,0.9950448956754927,2929311034964.1045,251,S1_depeg_stablecoin,indonesia,USDC
613,1.0033822162312576,2929311034964.1045,251,S1_depeg_stablecoin,indonesia,USDC
614,1.0045516397153598,2929311034964.1045,251,S1_depeg_stablecoin,indonesia,USDC
615,1.0343221077078553,2929311034964.1045,251,S1_depeg_stablecoin,indonesia,USDC
616,1.0080110294841478,2929311034964.1045,251,S1_depeg_stablecoin,indonesia,USDC
617,0.9931377929594527,2929311034964.1045,251,S1_depeg_stablecoin,indonesia,USDC
618,1.012042304150851,2929311034964.1045,251,S1_depeg_stablecoin,indonesia,USDC
619,1.0013790358591383,2929311034964.1045,251,S1_depeg_stablecoin,indonesia,USDC
620,1.0140337838460909,2929311034964.1045,251,S1_depeg_stablecoin,indonesia,USDC
621,0.8334555852441661,2929311034964.1045,251,S1_depeg_stablecoin,indonesia,USDC
622,0.8875533707550513,2929262539999.5195,251,S1_depeg_stablecoin,indonesia,USDC
623,0.8823230520289028,2929236096450.056,251,S1_depeg_stablecoin,indonesia,USDC
624,0.8864128577025288,2929209708413.043,251,S1_depeg_stablecoin,indonesia,USDC
625,0.895017177539691,2929187863523.9507,251,S1_depeg_stablecoin,indonesia,USDC
626,0.9125893619942915,2929170343336.675,251,S1_depeg_stablecoin,indonesia,USDC
627,0.9029612045342652,2929157975327.3633,251,S1_depeg_stablecoin,indonesia,USDC
628,0.9006128426986493,2929143912011.199,251,S1_depeg_stablecoin,indonesia,USDC
629,0.8979957422610422,2929130307136.447,251,S1_depeg_stablecoin,indonesia,USDC
630,0.9067484986203932,2929117467729.751,251,S1_depeg_stablecoin,indonesia,USDC
631,0.9083593954994094,2929106441531.72,251,S1_depeg_stablecoin,indonesia,USDC
632,0.9218232686046889,2929096641447.912,251,S1_depeg_stablecoin,indonesia,USDC
633,0.8939459469577288,2929089478694.9463,251,S1_depeg_stablecoin,indonesia,USDC
634,0.9278051996821416,2929078353566.351,251,S1_depeg_stablecoin,indonesia,USDC
635,0.917519641428184,2929072516025.5146,251,S1_depeg_stablecoin,indonesia,USDC
636,0.911875642932304,2929065751462.8477,251,S1_depeg_stablecoin,indonesia,USDC
637,0.9208299938208886,2929059017596.563,251,S1_depeg_stablecoin,indonesia,USDC
638,0.9246725661088606,2929053349645.1694,251,S1_depeg_stablecoin,indonesia,USDC
639,0.9416183842953162,2929048387293.302,251,S1_depeg_stablecoin,indonesia,USDC
640,0.9521813467864519,2929045547255.2456,251,S1_depeg_stablecoin,indonesia,USDC
641,0.9393604588437171,2929043852099.4307,251,S1_depeg_stablecoin,indonesia,USDC
642,0.9591043884289931,2929041014625.038,251,S1_depeg_stablecoin,indonesia,USDC
643,0.9760125589944542,2929040063507.29,251,S1_depeg_stablecoin,indonesia,USDC
644,0.9788856245580965,2929040063507.29,251,S1_depeg_stablecoin,indonesia,USDC
645,0.9813960882389828,2929040063507.29,251,S1_depeg_stablecoin,indonesia,USDC
646,0.9919386802756304,2929040063507.29,251,S1_depeg_stablecoin,indonesia,USDC
647,0.9991348867283297,2929040063507.29,251,S1_depeg_stablecoin,indonesia,USDC
648,1.0078479274776537,2929040063507.29,251,S1_depeg_stablecoin,indonesia,USDC
649,0.9727060310259934,2929040063507.29,251,S1_depeg_stablecoin,indonesia,USDC
650,0.9657040211806012,2929040063507.29,251,S1_depeg_stablecoin,indonesia,USDC
651,0.9587571847524189,2929039808298.007,251,S1_depeg_stablecoin,indonesia,USDC
652,0.9688562032968683,2929038835619.954,251,S1_depeg_stablecoin,indonesia,USDC
653,0.9842665261471958,2929038760766.092,251,S1_depeg_stablecoin,indonesia,USDC
654,0.9811920339131078,2929038760766.092,251,S1_depeg_stablecoin,indonesia,USDC
655,0.957348342945327,2929038760766.092,251,S1_depeg_stablecoin,indonesia,USDC
656,0.9678133762178348,2929037734839.962,251,S1_depeg_stablecoin,indonesia,USDC
657,0.9647371091974242,2929037679147.147,251,S1_depeg_stablecoin,indonesia,USDC
658,0.9676636280279176,2929037285500.818,251,S1_depeg_stablecoin,indonesia,USDC
659,0.9886877458232787,2929037216417.084,251,S1_depeg_stablecoin,indonesia,USDC
660,0.980440849181731,2929037216417.084,251,S1_depeg_stablecoin,indonesia,USDC
661,0.9806983649690117,2929037216417.084,251,S1_depeg_stablecoin,indonesia,USDC
662,0.9790981504873306,2929037216417.084,251,S1_depeg_stablecoin,indonesia,USDC
663,1.0236300445752546,2929037216417.084,251,S1_depeg_stablecoin,indonesia,USDC
664,1.000284988674298,2929037216417.084,251,S1_depeg_stablecoin,indonesia,USDC
665,0.9984416419240155,2929037216417.084,251,S1_depeg_stablecoin,indonesia,USDC
666,0.9881928286944054,2929037216417.084,251,S1_depeg_stablecoin,indonesia,USDC
667,1.003140930076922,2929037216417.084,251,S1_depeg_stablecoin,indonesia,USDC
668,0.9738058363273774,2929037216417.084,251,S1_depeg_stablecoin,indonesia,USDC
669,0.9654539040868099,2929037216417.084,251,S1_depeg_stablecoin,indonesia,USDC
670,0.9482082113179499,2929036891251.9434,251,S1_depeg_stablecoin,indonesia,USDC
671,0.9528274874471566,2929035055469.003,251,S1_depeg_stablecoin,indonesia,USDC
672,0.9773152394414208,2929033667256.9287,251,S1_depeg_stablecoin,indonesia,USDC
673,0.9778920231182474,2929033667256.9287,251,S1_depeg_stablecoin,indonesia,USDC
674,0.9747493433063118,2929033667256.9287,251,S1_depeg_stablecoin,indonesia,USDC
675,0.998074742953825,2929033667256.9287,251,S1_depeg_stablecoin,indonesia,USDC
676,0.9905404146304717,2929033667256.9287,251,S1_depeg_stablecoin,indonesia,USDC
677,1.0521174286160635,2929033667256.9287,251,S1_depeg_stablecoin,indonesia,USDC
678,1.0475518237458077,2929033667256.9287,251,S1_depeg_stablecoin,indonesia,USDC
679,1.078604418191701,2929033667256.9287,251,S1_depeg_stablecoin,indonesia,USDC
680,1.0621985536990521,2929033667256.9287,251,S1_depeg_stablecoin,indonesia,USDC
681,1.1038785577074086,2929033667256.9287,251,S1_depeg_stablecoin,indonesia,USDC
682,1.05194417776613,2929033667256.9287,251,S1_depeg_stablecoin,indonesia,USDC
683,1.0558483107007326,2929033667256.9287,251,S1_depeg_stablecoin,indonesia,USDC
684,1.0470516155732015,2929033667256.9287,251,S1_depeg_stablecoin,indonesia,USDC
685,1.058529932182727,2929033667256.9287,251,S1_depeg_stablecoin,indonesia,USDC
686,1.0450896544554318,2929033667256.9287,251,S1_depeg_stablecoin,indonesia,USDC
687,1.0596822650477273,2929033667256.9287,251,S1_depeg_stablecoin,indonesia,USDC
688,1.073854950632677,2929033667256.9287,251,S1_depeg_stablecoin,indonesia,USDC
689,1.0564865166412407,2929033667256.9287,251,S1_depeg_stablecoin,indonesia,USDC
690,1.0663787780618965,2929033667256.9287,251,S1_depeg_stablecoin,indonesia,USDC
691,1.0284751479422045,2929033667256.9287,251,S1_depeg_stablecoin,indonesia,USDC
692,1.0055541145475342,2929033667256.9287,251,S1_depeg_stablecoin,indonesia,USDC
693,1.021254189170773,2929033667256.9287,251,S1_depeg_stablecoin,indonesia,USDC
694,1.0262156809984475,2929033667256.9287,251,S1_depeg_stablecoin,indonesia,USDC
695,1.0470864985848054,2929033667256.9287,251,S1_depeg_stablecoin,indonesia,USDC
696,1.032904922273739,2929033667256.9287,251,S1_depeg_stablecoin,indonesia,USDC
697,1.0506237900370134,2929033667256.9287,251,S1_depeg_stablecoin,indonesia,USDC
698,1.0427643262344195,2929033667256.9287,251,S1_depeg_stablecoin,indonesia,USDC
699,1.0460875095236364,2929033667256.9287,251,S1_depeg_stablecoin,indonesia,USDC
700,1.029906020182814,2929033667256.9287,251,S1_depeg_stablecoin,indonesia,USDC
701,1.0372621617772473,2929033667256.9287,251,S1_depeg_stablecoin,indonesia,USDC
702,1.0582710624588905,2929033667256.9287,251,S1_depeg_stablecoin,indonesia,USDC
703,1.0376126191120796,2929033667256.9287,251,S1_depeg_stablecoin,indonesia,USDC
704,1.0264805826322962,2929033667256.9287,251,S1_depeg_stablecoin,indonesia,USDC
705,1.0157216167402934,2929033667256.9287,251,S1_depeg_stablecoin,indonesia,USDC
706,1.0435749134220238,2929033667256.9287,251,S1_depeg_stablecoin,indonesia,USDC
707,1.0188056397396241,2929033667256.9287,251,S1_depeg_stablecoin,indonesia,USDC
708,1.0164350374954476,2929033667256.9287,251,S1_depeg_stablecoin,indonesia,USDC
709,1.0039874594844618,2929033667256.9287,251,S1_depeg_stablecoin,indonesia,USDC
710,0.981998861394831,2929033667256.9287,251,S1_depeg_stablecoin,indonesia,USDC
711,0.9694574158193805,2929033667256.9287,251,S1_depeg_stablecoin,indonesia,USDC
712,0.9657568762336156,2929033667256.9287,251,S1_depeg_stablecoin,indonesia,USDC
713,0.9305236360930255,2929033433701.676,251,S1_depeg_stablecoin,indonesia,USDC
714,0.948360130122987,2929030120090.04,251,S1_depeg_stablecoin,indonesia,USDC
715,0.9360967877455575,2929028202317.9263,251,S1_depeg_stablecoin,indonesia,USDC
716,0.9384832653300621,2929025356179.624,251,S1_depeg_stablecoin,indonesia,USDC
717,0.9307049628273697,2929022717884.866,251,S1_depeg_stablecoin,indonesia,USDC
718,0.9403076949227686,2929019627812.273,251,S1_depeg_stablecoin,indonesia,USDC
719,0.9346237723752553,2929017473094.55,251,S1_depeg_stablecoin,indonesia,USDC
720,0.9385904690552256,2929014880665.517,251,S1_depeg_stablecoin,indonesia,USDC
721,0.953978304403338,2929012666462.4033,251,S1_depeg_stablecoin,indonesia,USDC
722,0.9711927425176331,2929011697393.029,251,S1_depeg_stablecoin,indonesia,USDC
723,0.9556414044033965,2929011697393.029,251,S1_depeg_stablecoin,indonesia,USDC
724,0.9479336174598021,2929010801059.641,251,S1_depeg_stablecoin,indonesia,USDC
725,0.9782556347120697,2929009343930.242,251,S1_depeg_stablecoin,indonesia,USDC
726,0.9487072950931411,2929009343930.242,251,S1_depeg_stablecoin,indonesia,USDC
727,0.9625200885340496,2929008028425.3804,251,S1_depeg_stablecoin,indonesia,USDC
728,0.9523581791525743,2929007535893.76,251,S1_depeg_stablecoin,indonesia,USDC
729,0.9249670003932093,2929006538830.824,251,S1_depeg_stablecoin,indonesia,USDC
730,0.9421956221813219,2929003804432.0986,251,S1_depeg_stablecoin,indonesia,USDC
731,0.9697895238262102,2929002153451.717,251,S1_depeg_stablecoin,indonesia,USDC
732,0.9899850977277797,2929002140867.2246,251,S1_depeg_stablecoin,indonesia,USDC
733,1.003591245901618,2929002140867.2246,251,S1_depeg_stablecoin,indonesia,USDC
734,1.0080503427371819,2929002140867.2246,251,S1_depeg_stablecoin,indonesia,USDC
735,1.0094292063215444,2929002140867.2246,251,S1_depeg_stablecoin,indonesia,USDC
736,1.0384370105920866,2929002140867.2246,251,S1_depeg_stablecoin,indonesia,USDC
737,1.0527387098552183,2929002140867.2246,251,S1_depeg_stablecoin,indonesia,USDC
738,1.0373185130702838,2929002140867.2246,251,S1_depeg_stablecoin,indonesia,USDC
739,1.052576352772435,2929002140867.2246,251,S1_depeg_stablecoin,indonesia,USDC
740,1.0571031117993994,2929002140867.2246,251,S1_depeg_stablecoin,indonesia,USDC
741,1.0606504288351342,2929002140867.2246,251,S1_depeg_stablecoin,indonesia,USDC
742,1.0573525224494922,2929002140867.2246,251,S1_depeg_stablecoin,indonesia,USDC
743,1.0645505248928493,2929002140867.2246,251,S1_depeg_stablecoin,indonesia,USDC
744,1.0550251786350775,2929002140867.2246,251,S1_depeg_stablecoin,indonesia,USDC
745,1.0496321640920003,2929002140867.2246,251,S1_depeg_stablecoin,indonesia,USDC
746,1.0190076364162861,2929002140867.2246,251,S1_depeg_stablecoin,indonesia,USDC
747,1.0177163429973066,2929002140867.2246,251,S1_depeg_stablecoin,indonesia,USDC
748,1.0211761337374696,2929002140867.2246,251,S1_depeg_stablecoin,indonesia,USDC
749,1.027087839314425,2929002140867.2246,251,S1_depeg_stablecoin,indonesia,USDC
750,1.0288049884187838,2929002140867.2246,251,S1_depeg_stablecoin,indonesia,USDC
751,1.0477252431266548,2929002140867.2246,251,S1_depeg_stablecoin,indonesia,USDC
752,1.0698737852687281,2929002140867.2246,251,S1_depeg_stablecoin,indonesia,USDC
753,1.038874662069919,2929002140867.2246,251,S1_depeg_stablecoin,indonesia,USDC
754,1.0172095921353563,2929002140867.2246,251,S1_depeg_stablecoin,indonesia,USDC
755,0.9915557458026029,2929002140867.2246,251,S1_depeg_stablecoin,indonesia,USDC
756,0.9595890975478387,2929002140867.2246,251,S1_depeg_stablecoin,indonesia,USDC
757,0.966842348528384,2929001558193.1343,251,S1_depeg_stablecoin,indonesia,USDC
758,0.9649409412589199,2929001371333.0767,251,S1_depeg_stablecoin,indonesia,USDC
759,0.9769546708233334,2929001142079.6904,251,S1_depeg_stablecoin,indonesia,USDC
760,1.0031417414308084,2929001142079.6904,251,S1_depeg_stablecoin,indonesia,USDC
761,1.0091140345720915,2929001142079.6904,251,S1_depeg_stablecoin,indonesia,USDC
762,1.0034362348924066,2929001142079.6904,251,S1_depeg_stablecoin,indonesia,USDC
763,0.9940729655940889,2929001142079.6904,251,S1_depeg_stablecoin,indonesia,USDC
764,0.9928614840560069,2929001142079.6904,251,S1_depeg_stablecoin,indonesia,USDC
765,1.0166881527542508,2929001142079.6904,251,S1_depeg_stablecoin,indonesia,USDC
766,1.0532068521925944,2929001142079.6904,251,S1_depeg_stablecoin,indonesia,USDC
767,1.048945547209276,2929001142079.6904,251,S1_depeg_stablecoin,indonesia,USDC
768,1.0749836486897466,2929001142079.6904,251,S1_depeg_stablecoin,indonesia,USDC
769,1.099836074909735,2929001142079.6904,251,S1_depeg_stablecoin,indonesia,USDC
770,1.0739554758687797,2929001142079.6904,251,S1_depeg_stablecoin,indonesia,USDC
771,0.9123176546299783,2929001142079.6904,251,S1_depeg_stablecoin,indonesia,USDC
772,0.9376699570122443,2928997840967.908,251,S1_depeg_stablecoin,indonesia,USDC
773,0.9366959017125527,2928996167188.816,251,S1_depeg_stablecoin,indonesia,USDC
774,0.9425907071871152,2928994381450.581,251,S1_depeg_stablecoin,indonesia,USDC
775,0.9556270310831321,2928993061993.4243,251,S1_depeg_stablecoin,indonesia,USDC
776,0.9651837804096487,2928992374235.4844,251,S1_depeg_stablecoin,indonesia,USDC
777,0.9637788987587166,2928992192980.786,251,S1_depeg_stablecoin,indonesia,USDC
778,0.924697038247181,2928991884899.086,251,S1_depeg_stablecoin,indonesia,USDC
779,0.9618496376447743,2928989780369.4893,251,S1_depeg_stablecoin,indonesia,USDC
780,0.9862755007854203,2928989426716.188,251,S1_depeg_stablecoin,indonesia,USDC
781,1.0160709615125734,2928989426716.188,251,S1_depeg_stablecoin,indonesia,USDC
782,0.9882591401235383,2928989426716.188,251,S1_depeg_stablecoin,indonesia,USDC
783,0.9957300294825023,2928989426716.188,251,S1_depeg_stablecoin,indonesia,USDC
784,0.997743564238679,2928989426716.188,251,S1_depeg_stablecoin,indonesia,USDC
785,0.9846015820169869,2928989426716.188,251,S1_depeg_stablecoin,indonesia,USDC
786,0.9738341557102483,2928989426716.188,251,S1_depeg_stablecoin,indonesia,USDC
787,0.9641705654590299,2928989426716.188,251,S1_depeg_stablecoin,indonesia,USDC
788,0.9770897098470634,2928989154655.1196,251,S1_depeg_stablecoin,indonesia,USDC
789,0.9734770573341963,2928989154655.1196,251,S1_depeg_stablecoin,indonesia,USDC
790,0.9675673782092291,2928989154655.1196,251,S1_depeg_stablecoin,indonesia,USDC
791,0.9644843747193493,2928989067541.9556,251,S1_depeg_stablecoin,indonesia,USDC
792,0.9702564354097231,2928988894387.3633,251,S1_depeg_stablecoin,indonesia,USDC
793,0.9733001136734221,2928988894387.3633,251,S1_depeg_stablecoin,indonesia,USDC
794,0.971275478859761,2928988894387.3633,251,S1_depeg_stablecoin,indonesia,USDC
795,0.9347877137359494,2928988894387.3633,251,S1_depeg_stablecoin,indonesia,USDC
796,0.8255519219244339,2928987270346.002,251,S1_depeg_stablecoin,indonesia,USDC
797,0.8700040123498547,2928981237723.7637,251,S1_depeg_stablecoin,indonesia,USDC
798,0.8688689588895764,2928977415079.8735,251,S1_depeg_stablecoin,indonesia,USDC
799,0.8832893348144334,2928974099048.4946,251,S1_depeg_stablecoin,indonesia,USDC
800,0.8827571503119929,2928971482235.2036,251,S1_depeg_stablecoin,indonesia,USDC
801,0.9170026254697807,2928969136188.2505,251,S1_depeg_stablecoin,indonesia,USDC
802,0.9325412826027645,2928967807110.834,251,S1_depeg_stablecoin,indonesia,USDC
803,0.9247911353673731,2928966893793.135,251,S1_depeg_stablecoin,indonesia,USDC
804,0.9335623439505669,2928965922224.92,251,S1_depeg_stablecoin,indonesia,USDC
805,0.9643133812319172,2928965179146.751,251,S1_depeg_stablecoin,indonesia,USDC
806,0.9952947677116236,2928965055902.1484,251,S1_depeg_stablecoin,indonesia,USDC
807,1.0061048196704423,2928965055902.1484,251,S1_depeg_stablecoin,indonesia,USDC
808,1.010681167430685,2928965055902.1484,251,S1_depeg_stablecoin,indonesia,USDC
809,1.0314056115476185,2928965055902.1484,251,S1_depeg_stablecoin,indonesia,USDC
810,0.9619918567993595,2928965055902.1484,251,S1_depeg_stablecoin,indonesia,USDC
811,0.9592388614548437,2928964897088.062,251,S1_depeg_stablecoin,indonesia,USDC
812,0.9539348994691161,2928964666993.865,251,S1_depeg_stablecoin,indonesia,USDC
813,0.9596972346844029,2928964376003.137,251,S1_depeg_stablecoin,indonesia,USDC
814,0.975733715028221,2928964189149.081,251,S1_depeg_stablecoin,indonesia,USDC
815,0.9993709049889633,2928964189149.081,251,S1_depeg_stablecoin,indonesia,USDC
816,0.9837469247340155,2928964189149.081,251,S1_depeg_stablecoin,indonesia,USDC
817,0.9719940988780177,2928964189149.081,251,S1_depeg_stablecoin,indonesia,USDC
818,0.9488203183676021,2928964189149.081,251,S1_depeg_stablecoin,indonesia,USDC
819,0.9688663832810991,2928963787575.8447,251,S1_depeg_stablecoin,indonesia,USDC
820,0.9855844644589433,2928963780202.301,251,S1_depeg_stablecoin,indonesia,USDC
821,1.0010928221162643,2928963780202.301,251,S1_depeg_stablecoin,indonesia,USDC
822,1.0040625360766104,2928963780202.301,251,S1_depeg_stablecoin,indonesia,USDC
823,1.010476697937159,2928963780202.301,251,S1_depeg_stablecoin,indonesia,USDC
824,1.0176331843414936,2928963780202.301,251,S1_depeg_stablecoin,indonesia,USDC
825,1.0531521124173473,2928963780202.301,251,S1_depeg_stablecoin,indonesia,USDC
826,1.0530158093748812,2928963780202.301,251,S1_depeg_stablecoin,indonesia,USDC
827,1.041183810034313,2928963780202.301,251,S1_depeg_stablecoin,indonesia,USDC
828,1.0353348764690682,2928963780202.301,251,S1_depeg_stablecoin,indonesia,USDC
829,1.0351137170625042,2928963780202.301,251,S1_depeg_stablecoin,indonesia,USDC
830,1.0112660975062486,2928963780202.301,251,S1_depeg_stablecoin,indonesia,USDC
831,1.0272906952044056,2928963780202.301,251,S1_depeg_stablecoin,indonesia,USDC
832,1.0041768477361308,2928963780202.301,251,S1_depeg_stablecoin,indonesia,USDC
833,1.013808865322545,2928963780202.301,251,S1_depeg_stablecoin,indonesia,USDC
834,1.0043094327809978,2928963780202.301,251,S1_depeg_stablecoin,indonesia,USDC
835,1.0165088494343424,2928963780202.301,251,S1_depeg_stablecoin,indonesia,USDC
836,1.0412737644899368,2928963780202.301,251,S1_depeg_stablecoin,indonesia,USDC
837,1.009714235976039,2928963780202.301,251,S1_depeg_stablecoin,indonesia,USDC
838,0.9972415517592382,2928963780202.301,251,S1_depeg_stablecoin,indonesia,USDC
839,0.9540211315001855,2928963780202.301,251,S1_depeg_stablecoin,indonesia,USDC
840,0.9502936247486713,2928963487487.2007,251,S1_depeg_stablecoin,indonesia,USDC
841,0.9576951353942809,2928963094763.582,251,S1_depeg_stablecoin,indonesia,USDC
842,0.9403107385054881,2928962868676.787,251,S1_depeg_stablecoin,indonesia,USDC
843,0.9425870339279679,2928962335029.3735,251,S1_depeg_stablecoin,indonesia,USDC
844,0.9322146049975222,2928961857849.463,251,S1_depeg_stablecoin,indonesia,USDC
845,0.9361515154904416,2928961209362.4395,251,S1_depeg_stablecoin,indonesia,USDC
846,0.9454024023484107,2928960614300.072,251,S1_depeg_stablecoin,indonesia,USDC
847,0.9528144397432169,2928960243276.8193,251,S1_depeg_stablecoin,indonesia,USDC
848,0.9615786809226438,2928959997394.5967,251,S1_depeg_stablecoin,indonesia,USDC
849,0.9572115170970514,2928959880439.763,251,S1_depeg_stablecoin,indonesia,USDC
850,0.9482506950111882,2928959673136.4834,251,S1_depeg_stablecoin,indonesia,USDC
851,0.9440598949699501,2928959352383.9707,251,S1_depeg_stablecoin,indonesia,USDC
852,0.9201847154449484,2928958989829.5674,251,S1_depeg_stablecoin,indonesia,USDC
853,0.8963228256393819,2928958247626.793,251,S1_depeg_stablecoin,indonesia,USDC
854,0.8983348323655644,2928957177330.134,251,S1_depeg_stablecoin,indonesia,USDC
855,0.8986654283932258,2928956237285.5044,251,S1_depeg_stablecoin,indonesia,USDC
856,0.8844434975983102,2928955390375.6533,251,S1_depeg_stablecoin,indonesia,USDC
857,0.9005911842489249,2928954466441.0723,251,S1_depeg_stablecoin,indonesia,USDC
858,0.9213927625181182,2928953746721.8594,251,S1_depeg_stablecoin,indonesia,USDC
859,0.9316689483179528,2928953291995.9585,251,S1_depeg_stablecoin,indonesia,USDC
860,0.9471106363268128,2928952952424.4263,251,S1_depeg_stablecoin,indonesia,USDC
861,0.9104564906875275,2928952752857.5757,251,S1_depeg_stablecoin,indonesia,USDC
862,0.9233573441454126,2928952225175.1777,251,S1_depeg_stablecoin,indonesia,USDC
863,0.8998182088581741,2928951869071.731,251,S1_depeg_stablecoin,indonesia,USDC
864,0.9234388179389393,2928951350882.8066,251,S1_depeg_stablecoin,indonesia,USDC
865,0.922782529093008,2928951005547.9946,251,S1_depeg_stablecoin,indonesia,USDC
866,0.9369883390540457,2928950672155.7627,251,S1_depeg_stablecoin,indonesia,USDC
867,0.9018702274215216,2928950471576.576,251,S1_depeg_stablecoin,indonesia,USDC
868,0.9205637007096141,2928950049028.2407,251,S1_depeg_stablecoin,indonesia,USDC
869,0.9402190667164508,2928949764776.0176,251,S1_depeg_stablecoin,indonesia,USDC
870,0.9210127343135607,2928949592593.5356,251,S1_depeg_stablecoin,indonesia,USDC
871,0.9162572304466192,2928949318062.6704,251,S1_depeg_stablecoin,indonesia,USDC
872,0.9527082753109045,2928949039522.6045,251,S1_depeg_stablecoin,indonesia,USDC
873,0.9523322610364828,2928948964380.122,251,S1_depeg_stablecoin,indonesia,USDC
874,0.9447693131452469,2928948880762.1724,251,S1_depeg_stablecoin,indonesia,USDC
875,0.9533707823641105,2928948757881.6533,251,S1_depeg_stablecoin,indonesia,USDC
876,0.9482292596445159,2928948678999.306,251,S1_depeg_stablecoin,indonesia,USDC
877,0.9294081786070141,2928948589566.5527,251,S1_depeg_stablecoin,indonesia,USDC
878,0.9449470105933445,2928948404058.734,251,S1_depeg_stablecoin,indonesia,USDC
879,0.9493740946249793,2928948302506.7793,251,S1_depeg_stablecoin,indonesia,USDC
880,0.973565170555285,2928948218043.098,251,S1_depeg_stablecoin,indonesia,USDC
881,0.9610934349681102,2928948218043.098,251,S1_depeg_stablecoin,indonesia,USDC
882,0.9588306209853658,2928948186166.4785,251,S1_depeg_stablecoin,indonesia,USDC
883,0.8989597222436579,2928948145555.383,251,S1_depeg_stablecoin,indonesia,USDC
884,0.8949900287358551,2928947867487.6235,251,S1_depeg_stablecoin,indonesia,USDC
885,0.9280719126805455,2928947587417.1743,251,S1_depeg_stablecoin,indonesia,USDC
886,0.9281345867787022,2928947447760.911,251,S1_depeg_stablecoin,indonesia,USDC
887,0.903119238939112,2928947317905.082,251,S1_depeg_stablecoin,indonesia,USDC
888,0.8829114698502201,2928947115721.9736,251,S1_depeg_stablecoin,indonesia,USDC
889,0.9056190734057473,2928946855758.131,251,S1_depeg_stablecoin,indonesia,USDC
890,0.9399245858783819,2928946680828.0303,251,S1_depeg_stablecoin,indonesia,USDC
891,0.9806287252624983,2928946610379.3022,251,S1_depeg_stablecoin,indonesia,USDC
892,0.947267999505856,2928946610379.3022,251,S1_depeg_stablecoin,indonesia,USDC
893,0.958142735486718,2928946555102.054,251,S1_depeg_stablecoin,indonesia,USDC
894,0.9314353264663097,2928946529226.2476,251,S1_depeg_stablecoin,indonesia,USDC
895,0.9534629442226432,2928946443281.9346,251,S1_depeg_stablecoin,indonesia,USDC
896,0.9561717588690197,2928946406181.5947,251,S1_depeg_stablecoin,indonesia,USDC
897,0.9306551367559871,2928946374111.603,251,S1_depeg_stablecoin,indonesia,USDC
898,0.9482426076967099,2928946286892.425,251,S1_depeg_stablecoin,indonesia,USDC
899,0.9548161785134444,2928946244792.552,251,S1_depeg_stablecoin,indonesia,USDC
900,0.9400347963249697,2928946212105.0347,251,S1_depeg_stablecoin,indonesia,USDC
901,0.9308401486442641,2928946154959.723,251,S1_depeg_stablecoin,indonesia,USDC
902,0.9294930631441731,2928946074283.586,251,S1_depeg_stablecoin,indonesia,USDC
903,0.9390959634449106,2928945996443.3687,251,S1_depeg_stablecoin,indonesia,USDC
904,0.9408539486327587,2928945937825.957,251,S1_depeg_stablecoin,indonesia,USDC
905,0.974625700224968,2928945889734.889,251,S1_depeg_stablecoin,indonesia,USDC
906,0.9672566320230334,2928945889734.889,251,S1_depeg_stablecoin,indonesia,USDC
907,0.9734912427316754,2928945884833.1846,251,S1_depeg_stablecoin,indonesia,USDC
908,1.0050525017922454,2928945884833.1846,251,S1_depeg_stablecoin,indonesia,USDC
909,0.9951415527082885,2928945884833.1846,251,S1_depeg_stablecoin,indonesia,USDC
910,1.018341958892538,2928945884833.1846,251,S1_depeg_stablecoin,indonesia,USDC
911,1.050422471256329,2928945884833.1846,251,S1_depeg_stablecoin,indonesia,USDC
912,1.063029338915761,2928945884833.1846,251,S1_depeg_stablecoin,indonesia,USDC
913,1.0496802454632181,2928945884833.1846,251,S1_depeg_stablecoin,indonesia,USDC
914,1.0559261612043025,2928945884833.1846,251,S1_depeg_stablecoin,indonesia,USDC
915,1.0175335370991112,2928945884833.1846,251,S1_depeg_stablecoin,indonesia,USDC
916,0.987400498370218,2928945884833.1846,251,S1_depeg_stablecoin,indonesia,USDC
917,0.9867518981909587,2928945884833.1846,251,S1_depeg_stablecoin,indonesia,USDC
918,0.9518269837392289,2928945884833.1846,251,S1_depeg_stablecoin,indonesia,USDC
919,0.9650391924478935,2928945856745.912,251,S1_depeg_stablecoin,indonesia,USDC
920,1.0087100296649099,2928945849106.3945,251,S1_depeg_stablecoin,indonesia,USDC
921,0.9877155763793299,2928945849106.3945,251,S1_depeg_stablecoin,indonesia,USDC
922,1.0422862770541133,2928945849106.3945,251,S1_depeg_stablecoin,indonesia,USDC
923,1.0659595211783381,2928945849106.3945,251,S1_depeg_stablecoin,indonesia,USDC
924,1.0354819226796184,2928945849106.3945,251,S1_depeg_stablecoin,indonesia,USDC
925,1.0539089903064613,2928945849106.3945,251,S1_depeg_stablecoin,indonesia,USDC
926,1.0701221135288754,2928945849106.3945,251,S1_depeg_stablecoin,indonesia,USDC
927,1.0462428020504833,2928945849106.3945,251,S1_depeg_stablecoin,indonesia,USDC
928,1.0253493661547344,2928945849106.3945,251,S1_depeg_stablecoin,indonesia,USDC
929,0.9718319612274491,2928945849106.3945,251,S1_depeg_stablecoin,indonesia,USDC
930,1.002264363505164,2928945849106.3945,251,S1_depeg_stablecoin,indonesia,USDC
931,0.9780384888115371,2928945849106.3945,251,S1_depeg_stablecoin,indonesia,USDC
932,0.9366207085650113,2928945849106.3945,251,S1_depeg_stablecoin,indonesia,USDC
933,0.9401376375182962,2928945794611.265,251,S1_depeg_stablecoin,indonesia,USDC
934,0.9516548574001745,2928945744183.246,251,S1_depeg_stablecoin,indonesia,USDC
935,0.9486796181922562,2928945714157.864,251,S1_depeg_stablecoin,indonesia,USDC
936,0.9723995716388713,2928945681345.542,251,S1_depeg_stablecoin,indonesia,USDC
937,0.9743009470832383,2928945681345.542,251,S1_depeg_stablecoin,indonesia,USDC
938,0.983425208624823,2928945681345.542,251,S1_depeg_stablecoin,indonesia,USDC
939,0.9903185611492603,2928945681345.542,251,S1_depeg_stablecoin,indonesia,USDC
940,0.9902151022779908,2928945681345.542,251,S1_depeg_stablecoin,indonesia,USDC
941,0.9980004364972793,2928945681345.542,251,S1_depeg_stablecoin,indonesia,USDC
942,0.985752046180552,2928945681345.542,251,S1_depeg_stablecoin,indonesia,USDC
943,1.00352542154105,2928945681345.542,251,S1_depeg_stablecoin,indonesia,USDC
944,0.9853599341688386,2928945681345.542,251,S1_depeg_stablecoin,indonesia,USDC
945,0.9597262118787141,2928945681345.542,251,S1_depeg_stablecoin,indonesia,USDC
946,0.9653785774420589,2928945667266.534,251,S1_depeg_stablecoin,indonesia,USDC
947,0.9668889111302423,2928945661000.363,251,S1_depeg_stablecoin,indonesia,USDC
948,0.9774107684380656,2928945658742.919,251,S1_depeg_stablecoin,indonesia,USDC
949,0.9751792847903138,2928945658742.919,251,S1_depeg_stablecoin,indonesia,USDC
950,0.996948748024181,2928945658742.919,251,S1_depeg_stablecoin,indonesia,USDC
951,1.0065542748275618,2928945658742.919,251,S1_depeg_stablecoin,indonesia,USDC
952,0.9893515867796099,2928945658742.919,251,S1_depeg_stablecoin,indonesia,USDC
953,0.9559938670221694,2928945658742.919,251,S1_depeg_stablecoin,indonesia,USDC
954,0.9495356903432133,2928945638147.75,251,S1_depeg_stablecoin,indonesia,USDC
955,0.9420052271273424,2928945606890.995,251,S1_depeg_stablecoin,indonesia,USDC
956,0.9718638034642754,2928945567927.96,251,S1_depeg_stablecoin,indonesia,USDC
957,0.9924762723573147,2928945567927.96,251,S1_depeg_stablecoin,indonesia,USDC
958,0.9894115876461179,2928945567927.96,251,S1_depeg_stablecoin,indonesia,USDC
959,1.0438500880008723,2928945567927.96,251,S1_depeg_stablecoin,indonesia,USDC
960,1.0023331363167085,2928945567927.96,251,S1_depeg_stablecoin,indonesia,USDC
961,0.9861924515444946,2928945567927.96,251,S1_depeg_stablecoin,indonesia,USDC
962,0.9979654342472098,2928945567927.96,251,S1_depeg_stablecoin,indonesia,USDC
963,0.9888226533486508,2928945567927.96,251,S1_depeg_stablecoin,indonesia,USDC
964,0.995563651336631,2928945567927.96,251,S1_depeg_stablecoin,indonesia,USDC
965,0.9624551048791987,2928945567927.96,251,S1_depeg_stablecoin,indonesia,USDC
966,0.9488039307377261,2928945559681.6006,251,S1_depeg_stablecoin,indonesia,USDC
967,0.9809572119977242,2928945530302.6157,251,S1_depeg_stablecoin,indonesia,USDC
968,0.9798496658205058,2928945530302.6157,251,S1_depeg_stablecoin,indonesia,USDC
969,0.9951281469588406,2928945530302.6157,251,S1_depeg_stablecoin,indonesia,USDC
970,0.990139065059875,2928945530302.6157,251,S1_depeg_stablecoin,indonesia,USDC
971,0.9540174415747479,2928945530302.6157,251,S1_depeg_stablecoin,indonesia,USDC
972,0.9623619979566741,2928945509844.4014,251,S1_depeg_stablecoin,indonesia,USDC
973,0.9932845035295643,2928945500903.5063,251,S1_depeg_stablecoin,indonesia,USDC
974,1.0034722486063408,2928945500903.5063,251,S1_depeg_stablecoin,indonesia,USDC
975,0.985939961979169,2928945500903.5063,251,S1_depeg_stablecoin,indonesia,USDC
976,0.959793236910677,2928945500903.5063,251,S1_depeg_stablecoin,indonesia,USDC
977,0.9456109493865785,2928945486758.0557,251,S1_depeg_stablecoin,indonesia,USDC
978,0.9538038005027615,2928945453313.178,251,S1_depeg_stablecoin,indonesia,USDC
979,0.9638115881723917,2928945432684.6772,251,S1_depeg_stablecoin,indonesia,USDC
980,0.9794599746965433,2928945426100.029,251,S1_depeg_stablecoin,indonesia,USDC
981,0.9608150087519092,2928945426100.029,251,S1_depeg_stablecoin,indonesia,USDC
982,0.9473844523996798,2928945416643.1733,251,S1_depeg_stablecoin,indonesia,USDC
983,0.941974439830858,2928945390682.4834,251,S1_depeg_stablecoin,indonesia,USDC
984,0.9435118735896052,2928945357441.9746,251,S1_depeg_stablecoin,indonesia,USDC
985,0.9426407831754198,2928945328146.4897,251,S1_depeg_stablecoin,indonesia,USDC
986,0.9386706602874484,2928945295102.302,251,S1_depeg_stablecoin,indonesia,USDC
987,0.9577520446315197,2928945258330.31,251,S1_depeg_stablecoin,indonesia,USDC
988,0.959557359452658,2928945244418.9043,251,S1_depeg_stablecoin,indonesia,USDC
989,0.9386151815650212,2928945232707.7656,251,S1_depeg_stablecoin,indonesia,USDC
990,0.9304310071676759,2928945197889.463,251,S1_depeg_stablecoin,indonesia,USDC
991,0.9424957492669755,2928945155411.975,251,S1_depeg_stablecoin,indonesia,USDC
992,0.9552463203854344,2928945129029.817,251,S1_depeg_stablecoin,indonesia,USDC
993,0.9607206704140098,2928945114239.031,251,S1_depeg_stablecoin,indonesia,USDC
994,0.961974619302276,2928945105745.392,251,S1_depeg_stablecoin,indonesia,USDC
995,0.972283352049886,2928945099752.885,251,S1_depeg_stablecoin,indonesia,USDC
996,0.9814180350715619,2928945099752.885,251,S1_depeg_stablecoin,indonesia,USDC
997,0.9959773876636802,2928945099752.885,251,S1_depeg_stablecoin,indonesia,USDC
998,1.0223573138892557,2928945099752.885,251,S1_depeg_stablecoin,indonesia,USDC
999,1.010842467951594,2928945099752.885,251,S1_depeg_stablecoin,indonesia,USDC
1000,1.0389882626679436,2928945099752.885,251,S1_depeg_stablecoin,indonesia,USDC
