Step,price,liquidity,iteration,scenario,region,coin
1,0.982848421690947,2989504282802.841,359,S1_depeg_stablecoin,indonesia,USDC
2,0.9993666426541132,2989504282802.841,359,S1_depeg_stablecoin,indonesia,USDC
3,1.0363595018921297,2989504282802.841,359,S1_depeg_stablecoin,indonesia,USDC
4,1.029845729371927,2989504282802.841,359,S1_depeg_stablecoin,indonesia,USDC
5,1.0376531259200208,2989504282802.841,359,S1_depeg_stablecoin,indonesia,USDC
6,1.0239781481973584,2989504282802.841,359,S1_depeg_stablecoin,indonesia,USDC
7,1.0001834993948457,2989504282802.841,359,S1_depeg_stablecoin,indonesia,USDC
8,1.0105160529656207,2989504282802.841,359,S1_depeg_stablecoin,indonesia,USDC
9,1.0068868300299738,2989504282802.841,359,S1_depeg_stablecoin,indonesia,USDC
10,1.0159858507835804,2989504282802.841,359,S1_depeg_stablecoin,indonesia,USDC
11,1.009777837548752,2989504282802.841,359,S1_depeg_stablecoin,indonesia,USDC
12,1.0220714770146586,2989504282802.841,359,S1_depeg_stablecoin,indonesia,USDC
13,1.0114204707584722,2989504282802.841,359,S1_depeg_stablecoin,indonesia,USDC
14,1.021173152665769,2989504282802.841,359,S1_depeg_stablecoin,indonesia,USDC
15,0.9953449710813066,2989504282802.841,359,S1_depeg_stablecoin,indonesia,USDC
16,1.0059503064707318,2989504282802.841,359,S1_depeg_stablecoin,indonesia,USDC
17,1.0246545691822788,2989504282802.841,359,S1_depeg_stablecoin,indonesia,USDC
18,1.0601266925070116,2989504282802.841,359,S1_depeg_stablecoin,indonesia,USDC
19,1.0505706475857568,2989504282802.841,359,S1_depeg_stablecoin,indonesia,USDC
20,1.0417179287251144,2989504282802.841,359,S1_depeg_stablecoin,indonesia,USDC
21,1.027695652887584,2989504282802.841,359,S1_depeg_stablecoin,indonesia,USDC
22,1.0336299862017,2989504282802.841,359,S1_depeg_stablecoin,indonesia,USDC
23,1.078532335054164,2989504282802.841,359,S1_depeg_stablecoin,indonesia,USDC
24,1.0486216564578585,2989504282802.841,359,S1_depeg_stablecoin,indonesia,USDC
25,1.0537921719553616,2989504282802.841,359,S1_depeg_stablecoin,indonesia,USDC
26,1.049268494357492,2989504282802.841,359,S1_depeg_stablecoin,indonesia,USDC
27,1.0546574536542124,2989504282802.841,359,S1_depeg_stablecoin,indonesia,USDC
28,1.0357212471538286,2989504282802.841,359,S1_depeg_stablecoin,indonesia,USDC
29,1.0304630096517107,2989504282802.841,359,S1_depeg_stablecoin,indonesia,USDC
30,1.0333907198177272,2989504282802.841,359,S1_depeg_stablecoin,indonesia,USDC
31,1.0478061179695837,2989504282802.841,359,S1_depeg_stablecoin,indonesia,USDC
32,1.0629787220148115,2989504282802.841,359,S1_depeg_stablecoin,indonesia,USDC
33,1.0490340865635426,2989504282802.841,359,S1_depeg_stablecoin,indonesia,USDC
34,1.0598250768084998,2989504282802.841,359,S1_depeg_stablecoin,indonesia,USDC
35,1.0586375861039468,2989504282802.841,359,S1_depeg_stablecoin,indonesia,USDC
36,1.0447330597291153,2989504282802.841,359,S1_depeg_stablecoin,indonesia,USDC
37,1.06252613482553,2989504282802.841,359,S1_depeg_stablecoin,indonesia,USDC
38,1.0496477165235945,2989504282802.841,359,S1_depeg_stablecoin,indonesia,USDC
39,1.0305680461800169,2989504282802.841,359,S1_depeg_stablecoin,indonesia,USDC
40,0.9963022531115872,2989504282802.841,359,S1_depeg_stablecoin,indonesia,USDC
41,1.0029397127763557,2989504282802.841,359,S1_depeg_stablecoin,indonesia,USDC
42,1.0008809085405856,2989504282802.841,359,S1_depeg_stablecoin,indonesia,USDC
43,1.0221864328495904,2989504282802.841,359,S1_depeg_stablecoin,indonesia,USDC
44,1.0322749748233107,2989504282802.841,359,S1_depeg_stablecoin,indonesia,USDC
45,1.019696198921426,2989504282802.841,359,S1_depeg_stablecoin,indonesia,USDC
46,1.0069103399070838,2989504282802.841,359,S1_depeg_stablecoin,indonesia,USDC
47,0.9956582471900586,2989504282802.841,359,S1_depeg_stablecoin,indonesia,USDC
48,0.9975154328217228,2989504282802.841,359,S1_depeg_stablecoin,indonesia,USDC
49,0.9963233490110505,2989504282802.841,359,S1_depeg_stablecoin,indonesia,USDC
50,0.9895056647739352,2989504282802.841,359,S1_depeg_stablecoin,indonesia,USDC
51,1.0164482299432505,2989504282802.841,359,S1_depeg_stablecoin,indonesia,USDC
52,1.0497084305226747,2989504282802.841,359,S1_depeg_stablecoin,indonesia,USDC
53,1.0446883888621976,2989504282802.841,359,S1_depeg_stablecoin,indonesia,USDC
54,1.0016092272677606,2989504282802.841,359,S1_depeg_stablecoin,indonesia,USDC
55,1.029855926944722,2989504282802.841,359,S1_depeg_stablecoin,indonesia,USDC
56,1.046758611162943,2989504282802.841,359,S1_depeg_stablecoin,indonesia,USDC
57,1.0562861881216725,2989504282802.841,359,S1_depeg_stablecoin,indonesia,USDC
58,1.074750427214488,2989504282802.841,359,S1_depeg_stablecoin,indonesia,USDC
59,1.0662512847876586,2989504282802.841,359,S1_depeg_stablecoin,indonesia,USDC
60,1.0177567235471945,2989504282802.841,359,S1_depeg_stablecoin,indonesia,USDC
61,1.0127998319058913,2989504282802.841,359,S1_depeg_stablecoin,indonesia,USDC
62,1.022132548436428,2989504282802.841,359,S1_depeg_stablecoin,indonesia,USDC
63,1.039180649948159,2989504282802.841,359,S1_depeg_stablecoin,indonesia,USDC
64,1.0684283608389118,2989504282802.841,359,S1_depeg_stablecoin,indonesia,USDC
65,1.0935487541701454,2989504282802.841,359,S1_depeg_stablecoin,indonesia,USDC
66,1.0918767781055965,2989504282802.841,359,S1_depeg_stablecoin,indonesia,USDC
67,1.092940303027091,2989504282802.841,359,S1_depeg_stablecoin,indonesia,USDC
68,1.1416851726037125,2989504282802.841,359,S1_depeg_stablecoin,indonesia,USDC
69,1.167866875615103,2989504282802.841,359,S1_depeg_stablecoin,indonesia,USDC
70,1.137505231792263,2989504282802.841,359,S1_depeg_stablecoin,indonesia,USDC
71,1.145643385160653,2989504282802.841,359,S1_depeg_stablecoin,indonesia,USDC
72,1.1419341053931358,2989504282802.841,359,S1_depeg_stablecoin,indonesia,USDC
73,1.1552370363316522,2989504282802.841,359,S1_depeg_stablecoin,indonesia,USDC
74,1.1235588077453,2989504282802.841,359,S1_depeg_stablecoin,indonesia,USDC
75,1.1046774017955834,2989504282802.841,359,S1_depeg_stablecoin,indonesia,USDC
76,1.0685451039469096,2989504282802.841,359,S1_depeg_stablecoin,indonesia,USDC
77,1.0524841149619177,2989504282802.841,359,S1_depeg_stablecoin,indonesia,USDC
78,1.056548798204852,2989504282802.841,359,S1_depeg_stablecoin,indonesia,USDC
79,1.0686391655124736,2989504282802.841,359,S1_depeg_stablecoin,indonesia,USDC
80,1.0769406232935046,2989504282802.841,359,S1_depeg_stablecoin,indonesia,USDC
81,1.0426942428923374,2989504282802.841,359,S1_depeg_stablecoin,indonesia,USDC
82,1.0354736237717417,2989504282802.841,359,S1_depeg_stablecoin,indonesia,USDC
83,1.067858010342016,2989504282802.841,359,S1_depeg_stablecoin,indonesia,USDC
84,1.0258198249133412,2989504282802.841,359,S1_depeg_stablecoin,indonesia,USDC
85,1.0234061347683368,2989504282802.841,359,S1_depeg_stablecoin,indonesia,USDC
86,1.024372451390748,2989504282802.841,359,S1_depeg_stablecoin,indonesia,USDC
87,1.0425821257535917,2989504282802.841,359,S1_depeg_stablecoin,indonesia,USDC
88,1.0373545606456085,2989504282802.841,359,S1_depeg_stablecoin,indonesia,USDC
89,1.040410316210436,2989504282802.841,359,S1_depeg_stablecoin,indonesia,USDC
90,1.014372638249502,2989504282802.841,359,S1_depeg_stablecoin,indonesia,USDC
91,1.0103547335075236,2989504282802.841,359,S1_depeg_stablecoin,indonesia,USDC
92,0.9914109865899382,2989504282802.841,359,S1_depeg_stablecoin,indonesia,USDC
93,0.9936274602176777,2989504282802.841,359,S1_depeg_stablecoin,indonesia,USDC
94,0.9793311971852672,2989504282802.841,359,S1_depeg_stablecoin,indonesia,USDC
95,0.9772535433500794,2989504282802.841,359,S1_depeg_stablecoin,indonesia,USDC
96,0.9640691305882672,2989504282802.841,359,S1_depeg_stablecoin,indonesia,USDC
97,0.9517196973210451,2989211509167.9126,359,S1_depeg_stablecoin,indonesia,USDC
98,0.9470018699882693,2988135847675.8506,359,S1_depeg_stablecoin,indonesia,USDC
99,0.95166432811516,2986905901091.4746,359,S1_depeg_stablecoin,indonesia,USDC
100,0.9472646439600197,2985963870215.9736,359,S1_depeg_stablecoin,indonesia,USDC
101,0.827041559431816,2984742964917.5815,359,S1_depeg_stablecoin,indonesia,USDC
102,0.8442408303839866,2976601897026.69,359,S1_depeg_stablecoin,indonesia,USDC
103,0.8429696087663777,2970621890128.454,359,S1_depeg_stablecoin,indonesia,USDC
104,0.8569464001022848,2965347327082.155,359,S1_depeg_stablecoin,indonesia,USDC
105,0.8951321793714343,2961345689272.454,359,S1_depeg_stablecoin,indonesia,USDC
106,0.8945446068646125,2958888063800.1567,359,S1_depeg_stablecoin,indonesia,USDC
107,0.9246977990323837,2956655672796.3125,359,S1_depeg_stablecoin,indonesia,USDC
108,0.9173953886863404,2955493002946.0625,359,S1_depeg_stablecoin,indonesia,USDC
109,0.9544644114598491,2954157505938.7344,359,S1_depeg_stablecoin,indonesia,USDC
110,0.9454155537220316,2953820524104.1133,359,S1_depeg_stablecoin,indonesia,USDC
111,0.9527966389287538,2953227207969.984,359,S1_depeg_stablecoin,indonesia,USDC
112,0.9411479560430479,2952844773923.78,359,S1_depeg_stablecoin,indonesia,USDC
113,0.9452190770678387,2952150525598.215,359,S1_depeg_stablecoin,indonesia,USDC
114,0.965771870275425,2951571974260.6733,359,S1_depeg_stablecoin,indonesia,USDC
115,0.9584066783865361,2951475783474.8945,359,S1_depeg_stablecoin,indonesia,USDC
116,0.9644532091403654,2951213182780.439,359,S1_depeg_stablecoin,indonesia,USDC
117,0.9809794694323598,2951128821294.25,359,S1_depeg_stablecoin,indonesia,USDC
118,0.9866544524776395,2951128821294.25,359,S1_depeg_stablecoin,indonesia,USDC
119,0.944301161647984,2951128821294.25,359,S1_depeg_stablecoin,indonesia,USDC
120,0.9558611776032311,2950617994041.2246,359,S1_depeg_stablecoin,indonesia,USDC
121,0.9474659250599727,2950342373937.4536,359,S1_depeg_stablecoin,indonesia,USDC
122,0.9380036018101936,2949914712478.5146,359,S1_depeg_stablecoin,indonesia,USDC
123,0.9548720598290001,2949306679922.9907,359,S1_depeg_stablecoin,indonesia,USDC
124,0.9622282294076117,2949043909397.989,359,S1_depeg_stablecoin,indonesia,USDC
125,0.9870246259965038,2948887355279.0625,359,S1_depeg_stablecoin,indonesia,USDC
126,1.038581548286258,2948887355279.0625,359,S1_depeg_stablecoin,indonesia,USDC
127,1.0273712727444817,2948887355279.0625,359,S1_depeg_stablecoin,indonesia,USDC
128,1.0452496624356138,2948887355279.0625,359,S1_depeg_stablecoin,indonesia,USDC
129,1.0179353135590026,2948887355279.0625,359,S1_depeg_stablecoin,indonesia,USDC
130,1.0138530599774547,2948887355279.0625,359,S1_depeg_stablecoin,indonesia,USDC
131,1.006732199584924,2948887355279.0625,359,S1_depeg_stablecoin,indonesia,USDC
132,0.9944543259085384,2948887355279.0625,359,S1_depeg_stablecoin,indonesia,USDC
133,1.008849589120864,2948887355279.0625,359,S1_depeg_stablecoin,indonesia,USDC
134,0.8546615826417987,2948887355279.0625,359,S1_depeg_stablecoin,indonesia,USDC
135,0.8795204405755823,2946679407312.0366,359,S1_depeg_stablecoin,indonesia,USDC
136,0.9059604698518126,2945184010273.9385,359,S1_depeg_stablecoin,indonesia,USDC
137,0.9116491211443832,2944199645743.567,359,S1_depeg_stablecoin,indonesia,USDC
138,0.9219682803193685,2943338236472.3125,359,S1_depeg_stablecoin,indonesia,USDC
139,0.919860801712404,2942708860982.636,359,S1_depeg_stablecoin,indonesia,USDC
140,0.9008991100628817,2942062386826.0215,359,S1_depeg_stablecoin,indonesia,USDC
141,0.916394975876585,2941210736568.9014,359,S1_depeg_stablecoin,indonesia,USDC
142,0.954307405762153,2940597181905.6694,359,S1_depeg_stablecoin,indonesia,USDC
143,0.92881050339174,2940426536123.444,359,S1_depeg_stablecoin,indonesia,USDC
144,0.9244641565677412,2940002820009.715,359,S1_depeg_stablecoin,indonesia,USDC
145,0.9201419351860427,2939509974910.2095,359,S1_depeg_stablecoin,indonesia,USDC
146,0.9230755406533365,2939036869049.223,359,S1_depeg_stablecoin,indonesia,USDC
147,0.9327640486304006,2938601075168.799,359,S1_depeg_stablecoin,indonesia,USDC
148,0.9595232463036059,2938251871335.6465,359,S1_depeg_stablecoin,indonesia,USDC
149,0.9473842838446658,2938157390582.558,359,S1_depeg_stablecoin,indonesia,USDC
150,0.9461282003276241,2937971169507.231,359,S1_depeg_stablecoin,indonesia,USDC
151,0.9527682843736995,2937778582517.5913,359,S1_depeg_stablecoin,indonesia,USDC
152,0.9647371533362045,2937645128773.2466,359,S1_depeg_stablecoin,indonesia,USDC
153,0.9666894360815764,2937605805866.599,359,S1_depeg_stablecoin,indonesia,USDC
154,0.9431224952055014,2937592066387.376,359,S1_depeg_stablecoin,indonesia,USDC
155,0.9823117684402286,2937375739162.3286,359,S1_depeg_stablecoin,indonesia,USDC
156,0.9441968981343353,2937375739162.3286,359,S1_depeg_stablecoin,indonesia,USDC
157,0.9666441362191572,2937188991320.8623,359,S1_depeg_stablecoin,indonesia,USDC
158,0.9755979505435657,2937171209520.9106,359,S1_depeg_stablecoin,indonesia,USDC
159,0.9510164834688711,2937171209520.9106,359,S1_depeg_stablecoin,indonesia,USDC
160,0.946236239897796,2937040521295.6387,359,S1_depeg_stablecoin,indonesia,USDC
161,0.9364630321255398,2936855893085.7256,359,S1_depeg_stablecoin,indonesia,USDC
162,0.9228188437786847,2936625794357.309,359,S1_depeg_stablecoin,indonesia,USDC
163,0.9272471585866486,2936307733713.6055,359,S1_depeg_stablecoin,indonesia,USDC
164,0.9285744447220083,2936024761415.9307,359,S1_depeg_stablecoin,indonesia,USDC
165,0.9389408192781742,2935770299553.101,359,S1_depeg_stablecoin,indonesia,USDC
166,0.922322929489191,2935582803749.7856,359,S1_depeg_stablecoin,indonesia,USDC
167,0.9270879793777561,2935284034603.612,359,S1_depeg_stablecoin,indonesia,USDC
168,0.9716097215331934,2935035673904.5806,359,S1_depeg_stablecoin,indonesia,USDC
169,0.975576003464355,2935035673904.5806,359,S1_depeg_stablecoin,indonesia,USDC
170,0.9820649028735544,2935035673904.5806,359,S1_depeg_stablecoin,indonesia,USDC
171,0.9827486508714155,2935035673904.5806,359,S1_depeg_stablecoin,indonesia,USDC
172,0.9984782032529635,2935035673904.5806,359,S1_depeg_stablecoin,indonesia,USDC
173,0.9919971950592705,2935035673904.5806,359,S1_depeg_stablecoin,indonesia,USDC
174,0.9992849426978161,2935035673904.5806,359,S1_depeg_stablecoin,indonesia,USDC
175,0.9971410215142189,2935035673904.5806,359,S1_depeg_stablecoin,indonesia,USDC
176,1.003608515649074,2935035673904.5806,359,S1_depeg_stablecoin,indonesia,USDC
177,1.0285127813976758,2935035673904.5806,359,S1_depeg_stablecoin,indonesia,USDC
178,1.011389076765741,2935035673904.5806,359,S1_depeg_stablecoin,indonesia,USDC
179,1.030072342117799,2935035673904.5806,359,S1_depeg_stablecoin,indonesia,USDC
180,1.0274810253941022,2935035673904.5806,359,S1_depeg_stablecoin,indonesia,USDC
181,1.0437884270313706,2935035673904.5806,359,S1_depeg_stablecoin,indonesia,USDC
182,1.047195083454554,2935035673904.5806,359,S1_depeg_stablecoin,indonesia,USDC
183,1.0614327747394274,2935035673904.5806,359,S1_depeg_stablecoin,indonesia,USDC
184,1.0706724751271932,2935035673904.5806,359,S1_depeg_stablecoin,indonesia,USDC
185,1.049014002637251,2935035673904.5806,359,S1_depeg_stablecoin,indonesia,USDC
186,1.0866164906276292,2935035673904.5806,359,S1_depeg_stablecoin,indonesia,USDC
187,1.0770766716964653,2935035673904.5806,359,S1_depeg_stablecoin,indonesia,USDC
188,1.05147403646117,2935035673904.5806,359,S1_depeg_stablecoin,indonesia,USDC
189,1.0315158853117172,2935035673904.5806,359,S1_depeg_stablecoin,indonesia,USDC
190,1.0303014980241132,2935035673904.5806,359,S1_depeg_stablecoin,indonesia,USDC
191,1.0297611203948003,2935035673904.5806,359,S1_depeg_stablecoin,indonesia,USDC
192,1.0078926053038888,2935035673904.5806,359,S1_depeg_stablecoin,indonesia,USDC
193,1.0229502492501652,2935035673904.5806,359,S1_depeg_stablecoin,indonesia,USDC
194,1.0683317789629558,2935035673904.5806,359,S1_depeg_stablecoin,indonesia,USDC
195,1.0510818805112627,2935035673904.5806,359,S1_depeg_stablecoin,indonesia,USDC
196,1.0361954343600235,2935035673904.5806,359,S1_depeg_stablecoin,indonesia,USDC
197,1.0278101533305561,2935035673904.5806,359,S1_depeg_stablecoin,indonesia,USDC
198,1.0534896599073462,2935035673904.5806,359,S1_depeg_stablecoin,indonesia,USDC
199,1.056048632580398,2935035673904.5806,359,S1_depeg_stablecoin,indonesia,USDC
200,1.0388872215550484,2935035673904.5806,359,S1_depeg_stablecoin,indonesia,USDC
201,1.0684754501895515,2935035673904.5806,359,S1_depeg_stablecoin,indonesia,USDC
202,1.0723372880762063,2935035673904.5806,359,S1_depeg_stablecoin,indonesia,USDC
203,1.0691285628689289,2935035673904.5806,359,S1_depeg_stablecoin,indonesia,USDC
204,1.0336442893050184,2935035673904.5806,359,S1_depeg_stablecoin,indonesia,USDC
205,1.0318583703717017,2935035673904.5806,359,S1_depeg_stablecoin,indonesia,USDC
206,1.012914725074164,2935035673904.5806,359,S1_depeg_stablecoin,indonesia,USDC
207,1.0145418721636084,2935035673904.5806,359,S1_depeg_stablecoin,indonesia,USDC
208,0.9970601362914104,2935035673904.5806,359,S1_depeg_stablecoin,indonesia,USDC
209,0.993166066228091,2935035673904.5806,359,S1_depeg_stablecoin,indonesia,USDC
210,0.9755419457909205,2935035673904.5806,359,S1_depeg_stablecoin,indonesia,USDC
211,0.9754096384861773,2935035673904.5806,359,S1_depeg_stablecoin,indonesia,USDC
212,0.9730009803919706,2935035673904.5806,359,S1_depeg_stablecoin,indonesia,USDC
213,0.9633629597428646,2935035673904.5806,359,S1_depeg_stablecoin,indonesia,USDC
214,1.0061430701295886,2935008272486.543,359,S1_depeg_stablecoin,indonesia,USDC
215,1.0207041142909272,2935008272486.543,359,S1_depeg_stablecoin,indonesia,USDC
216,1.053905018128842,2935008272486.543,359,S1_depeg_stablecoin,indonesia,USDC
217,1.0553728948321732,2935008272486.543,359,S1_depeg_stablecoin,indonesia,USDC
218,1.0261205117674372,2935008272486.543,359,S1_depeg_stablecoin,indonesia,USDC
219,1.0207455680671391,2935008272486.543,359,S1_depeg_stablecoin,indonesia,USDC
220,1.0128464207370949,2935008272486.543,359,S1_depeg_stablecoin,indonesia,USDC
221,1.0114875910117618,2935008272486.543,359,S1_depeg_stablecoin,indonesia,USDC
222,1.0267316838431775,2935008272486.543,359,S1_depeg_stablecoin,indonesia,USDC
223,1.0079472040814301,2935008272486.543,359,S1_depeg_stablecoin,indonesia,USDC
224,1.010984916714611,2935008272486.543,359,S1_depeg_stablecoin,indonesia,USDC
225,1.0251348283558595,2935008272486.543,359,S1_depeg_stablecoin,indonesia,USDC
226,1.0204468683659813,2935008272486.543,359,S1_depeg_stablecoin,indonesia,USDC
227,1.0188787347239885,2935008272486.543,359,S1_depeg_stablecoin,indonesia,USDC
228,1.0110129090201065,2935008272486.543,359,S1_depeg_stablecoin,indonesia,USDC
229,1.0200011667608644,2935008272486.543,359,S1_depeg_stablecoin,indonesia,USDC
230,1.046549711769626,2935008272486.543,359,S1_depeg_stablecoin,indonesia,USDC
231,1.0395865686772678,2935008272486.543,359,S1_depeg_stablecoin,indonesia,USDC
232,1.0470558461873734,2935008272486.543,359,S1_depeg_stablecoin,indonesia,USDC
233,1.0526205152876846,2935008272486.543,359,S1_depeg_stablecoin,indonesia,USDC
234,1.0457105758125589,2935008272486.543,359,S1_depeg_stablecoin,indonesia,USDC
235,1.0372059536332998,2935008272486.543,359,S1_depeg_stablecoin,indonesia,USDC
236,1.0155952837106745,2935008272486.543,359,S1_depeg_stablecoin,indonesia,USDC
237,1.025066423785923,2935008272486.543,359,S1_depeg_stablecoin,indonesia,USDC
238,1.026702782543682,2935008272486.543,359,S1_depeg_stablecoin,indonesia,USDC
239,1.000351339631772,2935008272486.543,359,S1_depeg_stablecoin,indonesia,USDC
240,0.9783216071024311,2935008272486.543,359,S1_depeg_stablecoin,indonesia,USDC
241,0.9752570952138545,2935008272486.543,359,S1_depeg_stablecoin,indonesia,USDC
242,0.9659295495653515,2935008272486.543,359,S1_depeg_stablecoin,indonesia,USDC
243,0.9643427399603187,2934985175870.872,359,S1_depeg_stablecoin,indonesia,USDC
244,0.9518147372922515,2934953210059.186,359,S1_depeg_stablecoin,indonesia,USDC
245,0.9883839738567877,2934864589158.087,359,S1_depeg_stablecoin,indonesia,USDC
246,0.9789408030925865,2934864589158.087,359,S1_depeg_stablecoin,indonesia,USDC
247,0.9512843341261321,2934864589158.087,359,S1_depeg_stablecoin,indonesia,USDC
248,0.9508200043493897,2934761164722.2866,359,S1_depeg_stablecoin,indonesia,USDC
249,0.970827000151112,2934666159948.8687,359,S1_depeg_stablecoin,indonesia,USDC
250,0.9661361648566582,2934666159948.8687,359,S1_depeg_stablecoin,indonesia,USDC
251,0.9586925942776027,2934654608820.5312,359,S1_depeg_stablecoin,indonesia,USDC
252,0.9451409067279531,2934601934273.68,359,S1_depeg_stablecoin,indonesia,USDC
253,0.9155588364787306,2934480822024.7607,359,S1_depeg_stablecoin,indonesia,USDC
254,0.9342513226430647,2934223175274.8223,359,S1_depeg_stablecoin,indonesia,USDC
255,0.9242057848812264,2934054595345.4263,359,S1_depeg_stablecoin,indonesia,USDC
256,0.9338559691237934,2933839772673.846,359,S1_depeg_stablecoin,indonesia,USDC
257,0.9810574185574402,2933693005930.582,359,S1_depeg_stablecoin,indonesia,USDC
258,0.9977808902115598,2933693005930.582,359,S1_depeg_stablecoin,indonesia,USDC
259,0.9858753300350993,2933693005930.582,359,S1_depeg_stablecoin,indonesia,USDC
260,0.9866919377188317,2933693005930.582,359,S1_depeg_stablecoin,indonesia,USDC
261,0.991200270013859,2933693005930.582,359,S1_depeg_stablecoin,indonesia,USDC
262,0.9825227465435526,2933693005930.582,359,S1_depeg_stablecoin,indonesia,USDC
263,0.9906480641247088,2933693005930.582,359,S1_depeg_stablecoin,indonesia,USDC
264,1.000041219331505,2933693005930.582,359,S1_depeg_stablecoin,indonesia,USDC
265,1.0251896901721433,2933693005930.582,359,S1_depeg_stablecoin,indonesia,USDC
266,1.0056747936326433,2933693005930.582,359,S1_depeg_stablecoin,indonesia,USDC
267,0.9845734500570387,2933693005930.582,359,S1_depeg_stablecoin,indonesia,USDC
268,0.9406201419010297,2933693005930.582,359,S1_depeg_stablecoin,indonesia,USDC
269,0.966726977050932,2933566135733.5625,359,S1_depeg_stablecoin,indonesia,USDC
270,0.9430219668599436,2933554757910.176,359,S1_depeg_stablecoin,indonesia,USDC
271,0.9794510027153267,2933450020999.756,359,S1_depeg_stablecoin,indonesia,USDC
272,0.9909978212111011,2933450020999.756,359,S1_depeg_stablecoin,indonesia,USDC
273,0.9801643112894921,2933450020999.756,359,S1_depeg_stablecoin,indonesia,USDC
274,0.9701897417831823,2933450020999.756,359,S1_depeg_stablecoin,indonesia,USDC
275,0.979240028942952,2933450020999.756,359,S1_depeg_stablecoin,indonesia,USDC
276,0.9942177758633556,2933450020999.756,359,S1_depeg_stablecoin,indonesia,USDC
277,1.0090116508320237,2933450020999.756,359,S1_depeg_stablecoin,indonesia,USDC
278,0.9912980623388655,2933450020999.756,359,S1_depeg_stablecoin,indonesia,USDC
279,0.9995367536704247,2933450020999.756,359,S1_depeg_stablecoin,indonesia,USDC
280,0.954375469633426,2933450020999.756,359,S1_depeg_stablecoin,indonesia,USDC
281,0.946226900247883,2933395743490.821,359,S1_depeg_stablecoin,indonesia,USDC
282,0.941942661204523,2933304015867.875,359,S1_depeg_stablecoin,indonesia,USDC
283,0.939475735627033,2933197901071.1807,359,S1_depeg_stablecoin,indonesia,USDC
284,0.9626928915886946,2933093192510.2656,359,S1_depeg_stablecoin,indonesia,USDC
285,0.9631302811433873,2933073058530.746,359,S1_depeg_stablecoin,indonesia,USDC
286,0.9968587562686914,2933050050703.2397,359,S1_depeg_stablecoin,indonesia,USDC
287,0.9884665100052942,2933050050703.2397,359,S1_depeg_stablecoin,indonesia,USDC
288,0.993165542710836,2933050050703.2397,359,S1_depeg_stablecoin,indonesia,USDC
289,0.994640429225552,2933050050703.2397,359,S1_depeg_stablecoin,indonesia,USDC
290,0.9901410480395276,2933050050703.2397,359,S1_depeg_stablecoin,indonesia,USDC
291,1.0189246177929114,2933050050703.2397,359,S1_depeg_stablecoin,indonesia,USDC
292,1.0126145152640849,2933050050703.2397,359,S1_depeg_stablecoin,indonesia,USDC
293,1.0282180266043406,2933050050703.2397,359,S1_depeg_stablecoin,indonesia,USDC
294,1.0145442919243672,2933050050703.2397,359,S1_depeg_stablecoin,indonesia,USDC
295,0.9971229743424942,2933050050703.2397,359,S1_depeg_stablecoin,indonesia,USDC
296,0.985232247083087,2933050050703.2397,359,S1_depeg_stablecoin,indonesia,USDC
297,0.9804073257756242,2933050050703.2397,359,S1_depeg_stablecoin,indonesia,USDC
298,0.9602206815476493,2933050050703.2397,359,S1_depeg_stablecoin,indonesia,USDC
299,0.9772289459054068,2933016760942.462,359,S1_depeg_stablecoin,indonesia,USDC
300,0.9726662101863899,2933016760942.462,359,S1_depeg_stablecoin,indonesia,USDC
301,0.9505722329032034,2933016760942.462,359,S1_depeg_stablecoin,indonesia,USDC
302,0.9633133239024732,2932949440318.3022,359,S1_depeg_stablecoin,indonesia,USDC
303,0.9496806220999707,2932930077299.753,359,S1_depeg_stablecoin,indonesia,USDC
304,0.9458348168967526,2932864300282.585,359,S1_depeg_stablecoin,indonesia,USDC
305,0.9611196017086491,2932780593645.8545,359,S1_depeg_stablecoin,indonesia,USDC
306,0.9656236905109983,2932750598856.976,359,S1_depeg_stablecoin,indonesia,USDC
307,1.0313284277260828,2932741704975.0347,359,S1_depeg_stablecoin,indonesia,USDC
308,0.9984927442097578,2932741704975.0347,359,S1_depeg_stablecoin,indonesia,USDC
309,0.9693353472730772,2932741704975.0347,359,S1_depeg_stablecoin,indonesia,USDC
310,0.9708063180448816,2932739486664.236,359,S1_depeg_stablecoin,indonesia,USDC
311,0.9669450994551916,2932739486664.236,359,S1_depeg_stablecoin,indonesia,USDC
312,0.9517974197953388,2932729297771.412,359,S1_depeg_stablecoin,indonesia,USDC
313,0.9480597921631085,2932668778602.725,359,S1_depeg_stablecoin,indonesia,USDC
314,0.9569871166735622,2932602913943.0137,359,S1_depeg_stablecoin,indonesia,USDC
315,0.9906299480979547,2932563679970.827,359,S1_depeg_stablecoin,indonesia,USDC
316,0.9942042001243707,2932563679970.827,359,S1_depeg_stablecoin,indonesia,USDC
317,1.0106974888726534,2932563679970.827,359,S1_depeg_stablecoin,indonesia,USDC
318,1.0264176894809185,2932563679970.827,359,S1_depeg_stablecoin,indonesia,USDC
319,1.0291925445048493,2932563679970.827,359,S1_depeg_stablecoin,indonesia,USDC
320,1.029434475501553,2932563679970.827,359,S1_depeg_stablecoin,indonesia,USDC
321,1.0120017594714694,2932563679970.827,359,S1_depeg_stablecoin,indonesia,USDC
322,1.0279317985954879,2932563679970.827,359,S1_depeg_stablecoin,indonesia,USDC
323,1.0620434767565334,2932563679970.827,359,S1_depeg_stablecoin,indonesia,USDC
324,1.0671384021671777,2932563679970.827,359,S1_depeg_stablecoin,indonesia,USDC
325,1.0719279840694915,2932563679970.827,359,S1_depeg_stablecoin,indonesia,USDC
326,1.06192697641313,2932563679970.827,359,S1_depeg_stablecoin,indonesia,USDC
327,1.0554891639412816,2932563679970.827,359,S1_depeg_stablecoin,indonesia,USDC
328,1.0425894411777772,2932563679970.827,359,S1_depeg_stablecoin,indonesia,USDC
329,1.059229007574323,2932563679970.827,359,S1_depeg_stablecoin,indonesia,USDC
330,1.0852676007054307,2932563679970.827,359,S1_depeg_stablecoin,indonesia,USDC
331,1.0921816289684194,2932563679970.827,359,S1_depeg_stablecoin,indonesia,USDC
332,1.0954646038618578,2932563679970.827,359,S1_depeg_stablecoin,indonesia,USDC
333,1.0927608261458588,2932563679970.827,359,S1_depeg_stablecoin,indonesia,USDC
334,1.1023564470518912,2932563679970.827,359,S1_depeg_stablecoin,indonesia,USDC
335,1.0790856062385845,2932563679970.827,359,S1_depeg_stablecoin,indonesia,USDC
336,1.0592951587012267,2932563679970.827,359,S1_depeg_stablecoin,indonesia,USDC
337,1.032317734964696,2932563679970.827,359,S1_depeg_stablecoin,indonesia,USDC
338,1.0400614658252516,2932563679970.827,359,S1_depeg_stablecoin,indonesia,USDC
339,1.018267278379478,2932563679970.827,359,S1_depeg_stablecoin,indonesia,USDC
340,1.0293110075396237,2932563679970.827,359,S1_depeg_stablecoin,indonesia,USDC
341,1.0267117211637544,2932563679970.827,359,S1_depeg_stablecoin,indonesia,USDC
342,1.0018878012793,2932563679970.827,359,S1_depeg_stablecoin,indonesia,USDC
343,0.9861891164758635,2932563679970.827,359,S1_depeg_stablecoin,indonesia,USDC
344,0.9706148038848834,2932563679970.827,359,S1_depeg_stablecoin,indonesia,USDC
345,1.0033975110291053,2932563679970.827,359,S1_depeg_stablecoin,indonesia,USDC
346,1.0132222055024647,2932563679970.827,359,S1_depeg_stablecoin,indonesia,USDC
347,0.9966064274799715,2932563679970.827,359,S1_depeg_stablecoin,indonesia,USDC
348,0.997849021918354,2932563679970.827,359,S1_depeg_stablecoin,indonesia,USDC
349,0.9897568335222109,2932563679970.827,359,S1_depeg_stablecoin,indonesia,USDC
350,0.9775832707225727,2932563679970.827,359,S1_depeg_stablecoin,indonesia,USDC
351,0.9695534470193108,2932563679970.827,359,S1_depeg_stablecoin,indonesia,USDC
352,1.0259295781100402,2932563679970.827,359,S1_depeg_stablecoin,indonesia,USDC
353,1.0414342681454545,2932563679970.827,359,S1_depeg_stablecoin,indonesia,USDC
354,1.0470336639936102,2932563679970.827,359,S1_depeg_stablecoin,indonesia,USDC
355,1.0252001785861826,2932563679970.827,359,S1_depeg_stablecoin,indonesia,USDC
356,1.0227639623908364,2932563679970.827,359,S1_depeg_stablecoin,indonesia,USDC
357,1.0288342936225912,2932563679970.827,359,S1_depeg_stablecoin,indonesia,USDC
358,1.0237801004281641,2932563679970.827,359,S1_depeg_stablecoin,indonesia,USDC
359,1.0356059218406957,2932563679970.827,359,S1_depeg_stablecoin,indonesia,USDC
360,1.0080942700784135,2932563679970.827,359,S1_depeg_stablecoin,indonesia,USDC
361,0.9736053016555154,2932563679970.827,359,S1_depeg_stablecoin,indonesia,USDC
362,0.9661935610085332,2932563679970.827,359,S1_depeg_stablecoin,indonesia,USDC
363,0.9370060385358318,2932555221495.119,359,S1_depeg_stablecoin,indonesia,USDC
364,0.9294050313794519,2932451445666.6216,359,S1_depeg_stablecoin,indonesia,USDC
365,0.901743538982006,2932328105476.957,359,S1_depeg_stablecoin,indonesia,USDC
366,0.8908923057873954,2932134049918.1646,359,S1_depeg_stablecoin,indonesia,USDC
367,0.8725519852613715,2931934371133.117,359,S1_depeg_stablecoin,indonesia,USDC
368,0.9070758232668416,2931706204342.6445,359,S1_depeg_stablecoin,indonesia,USDC
369,0.9197109696893753,2931563365064.1675,359,S1_depeg_stablecoin,indonesia,USDC
370,0.9580810476397483,2931456613259.7837,359,S1_depeg_stablecoin,indonesia,USDC
371,0.9765678590215081,2931434031509.0693,359,S1_depeg_stablecoin,indonesia,USDC
372,0.9604053880189354,2931434031509.0693,359,S1_depeg_stablecoin,indonesia,USDC
373,0.9613989455099854,2931416227910.1304,359,S1_depeg_stablecoin,indonesia,USDC
374,0.9632967962981459,2931400516737.515,359,S1_depeg_stablecoin,indonesia,USDC
375,0.9646997048546898,2931388630061.4297,359,S1_depeg_stablecoin,indonesia,USDC
376,0.977540749445645,2931380618797.058,359,S1_depeg_stablecoin,indonesia,USDC
377,0.9769042703791677,2931380618797.058,359,S1_depeg_stablecoin,indonesia,USDC
378,0.989569251566802,2931380618797.058,359,S1_depeg_stablecoin,indonesia,USDC
379,1.0241641937426864,2931380618797.058,359,S1_depeg_stablecoin,indonesia,USDC
380,1.0349624204884322,2931380618797.058,359,S1_depeg_stablecoin,indonesia,USDC
381,0.997076252867119,2931380618797.058,359,S1_depeg_stablecoin,indonesia,USDC
382,0.9897859392537318,2931380618797.058,359,S1_depeg_stablecoin,indonesia,USDC
383,0.9972045357543045,2931380618797.058,359,S1_depeg_stablecoin,indonesia,USDC
384,0.9961758696622841,2931380618797.058,359,S1_depeg_stablecoin,indonesia,USDC
385,1.0143658530683115,2931380618797.058,359,S1_depeg_stablecoin,indonesia,USDC
386,1.0244322612939754,2931380618797.058,359,S1_depeg_stablecoin,indonesia,USDC
387,1.059028754245507,2931380618797.058,359,S1_depeg_stablecoin,indonesia,USDC
388,1.0610480208100874,2931380618797.058,359,S1_depeg_stablecoin,indonesia,USDC
389,1.0559745755559151,2931380618797.058,359,S1_depeg_stablecoin,indonesia,USDC
390,1.0410037514448924,2931380618797.058,359,S1_depeg_stablecoin,indonesia,USDC
391,1.0305436848245302,2931380618797.058,359,S1_depeg_stablecoin,indonesia,USDC
392,1.0558562833477037,2931380618797.058,359,S1_depeg_stablecoin,indonesia,USDC
393,1.0859225225620848,2931380618797.058,359,S1_depeg_stablecoin,indonesia,USDC
394,1.0793618768098583,2931380618797.058,359,S1_depeg_stablecoin,indonesia,USDC
395,1.060597293194273,2931380618797.058,359,S1_depeg_stablecoin,indonesia,USDC
396,1.0337870012188601,2931380618797.058,359,S1_depeg_stablecoin,indonesia,USDC
397,1.0289595097012756,2931380618797.058,359,S1_depeg_stablecoin,indonesia,USDC
398,1.026513826098417,2931380618797.058,359,S1_depeg_stablecoin,indonesia,USDC
399,1.0160259023390346,2931380618797.058,359,S1_depeg_stablecoin,indonesia,USDC
400,1.0171054493005456,2931380618797.058,359,S1_depeg_stablecoin,indonesia,USDC
401,1.0161205912659836,2931380618797.058,359,S1_depeg_stablecoin,indonesia,USDC
402,1.0242855070478782,2931380618797.058,359,S1_depeg_stablecoin,indonesia,USDC
403,1.026510577914562,2931380618797.058,359,S1_depeg_stablecoin,indonesia,USDC
404,1.0366028742385711,2931380618797.058,359,S1_depeg_stablecoin,indonesia,USDC
405,1.0144794418180472,2931380618797.058,359,S1_depeg_stablecoin,indonesia,USDC
406,1.005025631821667,2931380618797.058,359,S1_depeg_stablecoin,indonesia,USDC
407,0.996925700753855,2931380618797.058,359,S1_depeg_stablecoin,indonesia,USDC
408,0.992990784167199,2931380618797.058,359,S1_depeg_stablecoin,indonesia,USDC
409,0.9958264081072539,2931380618797.058,359,S1_depeg_stablecoin,indonesia,USDC
410,0.9993765388694404,2931380618797.058,359,S1_depeg_stablecoin,indonesia,USDC
411,1.0240629635141114,2931380618797.058,359,S1_depeg_stablecoin,indonesia,USDC
412,1.0261472560951437,2931380618797.058,359,S1_depeg_stablecoin,indonesia,USDC
413,1.0368074372648204,2931380618797.058,359,S1_depeg_stablecoin,indonesia,USDC
414,1.035691469058821,2931380618797.058,359,S1_depeg_stablecoin,indonesia,USDC
415,1.0572803923043774,2931380618797.058,359,S1_depeg_stablecoin,indonesia,USDC
416,1.0566008961697042,2931380618797.058,359,S1_depeg_stablecoin,indonesia,USDC
417,1.02735116976528,2931380618797.058,359,S1_depeg_stablecoin,indonesia,USDC
418,1.045282375162013,2931380618797.058,359,S1_depeg_stablecoin,indonesia,USDC
419,1.0466358214384182,2931380618797.058,359,S1_depeg_stablecoin,indonesia,USDC
420,1.047011857136504,2931380618797.058,359,S1_depeg_stablecoin,indonesia,USDC
421,1.0456088682264655,2931380618797.058,359,S1_depeg_stablecoin,indonesia,USDC
422,1.0485349185076027,2931380618797.058,359,S1_depeg_stablecoin,indonesia,USDC
423,1.0638515307450713,2931380618797.058,359,S1_depeg_stablecoin,indonesia,USDC
424,1.043503961262836,2931380618797.058,359,S1_depeg_stablecoin,indonesia,USDC
425,1.0602565436228941,2931380618797.058,359,S1_depeg_stablecoin,indonesia,USDC
426,1.0236281063666748,2931380618797.058,359,S1_depeg_stablecoin,indonesia,USDC
427,0.9985674511372075,2931380618797.058,359,S1_depeg_stablecoin,indonesia,USDC
428,1.0531166805722185,2931380618797.058,359,S1_depeg_stablecoin,indonesia,USDC
429,1.054153094345539,2931380618797.058,359,S1_depeg_stablecoin,indonesia,USDC
430,1.0346162407478732,2931380618797.058,359,S1_depeg_stablecoin,indonesia,USDC
431,1.0338004777912024,2931380618797.058,359,S1_depeg_stablecoin,indonesia,USDC
432,1.0517061441747144,2931380618797.058,359,S1_depeg_stablecoin,indonesia,USDC
433,1.0570913842628535,2931380618797.058,359,S1_depeg_stablecoin,indonesia,USDC
434,1.034103291655439,2931380618797.058,359,S1_depeg_stablecoin,indonesia,USDC
435,1.0303885394303645,2931380618797.058,359,S1_depeg_stablecoin,indonesia,USDC
436,1.0561836595038094,2931380618797.058,359,S1_depeg_stablecoin,indonesia,USDC
437,1.0569253233577265,2931380618797.058,359,S1_depeg_stablecoin,indonesia,USDC
438,1.044568897414236,2931380618797.058,359,S1_depeg_stablecoin,indonesia,USDC
439,0.9876837130366237,2931380618797.058,359,S1_depeg_stablecoin,indonesia,USDC
440,0.9989524003346418,2931380618797.058,359,S1_depeg_stablecoin,indonesia,USDC
441,1.0386100631193973,2931380618797.058,359,S1_depeg_stablecoin,indonesia,USDC
442,1.0568732657018094,2931380618797.058,359,S1_depeg_stablecoin,indonesia,USDC
443,1.0496428832539317,2931380618797.058,359,S1_depeg_stablecoin,indonesia,USDC
444,1.0233674976753864,2931380618797.058,359,S1_depeg_stablecoin,indonesia,USDC
445,1.0421350262868208,2931380618797.058,359,S1_depeg_stablecoin,indonesia,USDC
446,1.0367303494625395,2931380618797.058,359,S1_depeg_stablecoin,indonesia,USDC
447,1.0387755132831655,2931380618797.058,359,S1_depeg_stablecoin,indonesia,USDC
448,1.0347603409211181,2931380618797.058,359,S1_depeg_stablecoin,indonesia,USDC
449,1.0574016643453685,2931380618797.058,359,S1_depeg_stablecoin,indonesia,USDC
450,1.0535072478416492,2931380618797.058,359,S1_depeg_stablecoin,indonesia,USDC
451,1.0490718597882982,2931380618797.058,359,S1_depeg_stablecoin,indonesia,USDC
452,1.0149632245452975,2931380618797.058,359,S1_depeg_stablecoin,indonesia,USDC
453,1.0263233041982662,2931380618797.058,359,S1_depeg_stablecoin,indonesia,USDC
454,1.0347427640966744,2931380618797.058,359,S1_depeg_stablecoin,indonesia,USDC
455,1.0402181611888346,2931380618797.058,359,S1_depeg_stablecoin,indonesia,USDC
456,1.0585142947221593,2931380618797.058,359,S1_depeg_stablecoin,indonesia,USDC
457,1.0677365337065388,2931380618797.058,359,S1_depeg_stablecoin,indonesia,USDC
458,1.078579161323748,2931380618797.058,359,S1_depeg_stablecoin,indonesia,USDC
459,1.0647378937458025,2931380618797.058,359,S1_depeg_stablecoin,indonesia,USDC
460,1.0698327792582085,2931380618797.058,359,S1_depeg_stablecoin,indonesia,USDC
461,1.0586207546608488,2931380618797.058,359,S1_depeg_stablecoin,indonesia,USDC
462,1.0304551864765836,2931380618797.058,359,S1_depeg_stablecoin,indonesia,USDC
463,0.991174610489517,2931380618797.058,359,S1_depeg_stablecoin,indonesia,USDC
464,0.9696152384134171,2931380618797.058,359,S1_depeg_stablecoin,indonesia,USDC
465,0.988492096047711,2931379874526.9404,359,S1_depeg_stablecoin,indonesia,USDC
466,0.9998783734622377,2931379874526.9404,359,S1_depeg_stablecoin,indonesia,USDC
467,1.0011400185807462,2931379874526.9404,359,S1_depeg_stablecoin,indonesia,USDC
468,1.003151284698942,2931379874526.9404,359,S1_depeg_stablecoin,indonesia,USDC
469,0.9815948313221274,2931379874526.9404,359,S1_depeg_stablecoin,indonesia,USDC
470,0.987334410798134,2931379874526.9404,359,S1_depeg_stablecoin,indonesia,USDC
471,0.9954722133862894,2931379874526.9404,359,S1_depeg_stablecoin,indonesia,USDC
472,1.0076772309576036,2931379874526.9404,359,S1_depeg_stablecoin,indonesia,USDC
473,1.026247596632439,2931379874526.9404,359,S1_depeg_stablecoin,indonesia,USDC
474,1.0059699545987426,2931379874526.9404,359,S1_depeg_stablecoin,indonesia,USDC
475,1.0307418642711539,2931379874526.9404,359,S1_depeg_stablecoin,indonesia,USDC
476,1.0175331609180422,2931379874526.9404,359,S1_depeg_stablecoin,indonesia,USDC
477,1.0156518380319755,2931379874526.9404,359,S1_depeg_stablecoin,indonesia,USDC
478,1.0566120712333003,2931379874526.9404,359,S1_depeg_stablecoin,indonesia,USDC
479,1.0393363489198595,2931379874526.9404,359,S1_depeg_stablecoin,indonesia,USDC
480,1.0517986973134061,2931379874526.9404,359,S1_depeg_stablecoin,indonesia,USDC
481,1.0821403074720488,2931379874526.9404,359,S1_depeg_stablecoin,indonesia,USDC
482,1.0654937211408577,2931379874526.9404,359,S1_depeg_stablecoin,indonesia,USDC
483,1.077935243453394,2931379874526.9404,359,S1_depeg_stablecoin,indonesia,USDC
484,1.0456400448702199,2931379874526.9404,359,S1_depeg_stablecoin,indonesia,USDC
485,1.0203638694366268,2931379874526.9404,359,S1_depeg_stablecoin,indonesia,USDC
486,1.051145545538883,2931379874526.9404,359,S1_depeg_stablecoin,indonesia,USDC
487,1.0008567939668704,2931379874526.9404,359,S1_depeg_stablecoin,indonesia,USDC
488,1.0256793212907351,2931379874526.9404,359,S1_depeg_stablecoin,indonesia,USDC
489,1.0347804452853295,2931379874526.9404,359,S1_depeg_stablecoin,indonesia,USDC
490,1.033746552829463,2931379874526.9404,359,S1_depeg_stablecoin,indonesia,USDC
491,1.0594973526702551,2931379874526.9404,359,S1_depeg_stablecoin,indonesia,USDC
492,1.0289475301306144,2931379874526.9404,359,S1_depeg_stablecoin,indonesia,USDC
493,1.0378220404971392,2931379874526.9404,359,S1_depeg_stablecoin,indonesia,USDC
494,1.0368535293672492,2931379874526.9404,359,S1_depeg_stablecoin,indonesia,USDC
495,1.0480762717090726,2931379874526.9404,359,S1_depeg_stablecoin,indonesia,USDC
496,1.0814637001563832,2931379874526.9404,359,S1_depeg_stablecoin,indonesia,USDC
497,1.0909213591916724,2931379874526.9404,359,S1_depeg_stablecoin,indonesia,USDC
498,1.0759224214507765,2931379874526.9404,359,S1_depeg_stablecoin,indonesia,USDC
499,1.0586769374743439,2931379874526.9404,359,S1_depeg_stablecoin,indonesia,USDC
500,1.0443230572990196,2931379874526.9404,359,S1_depeg_stablecoin,indonesia,USDC
501,1.0399720483821704,2931379874526.9404,359,S1_depeg_stablecoin,indonesia,USDC
502,1.0267859297510509,2931379874526.9404,359,S1_depeg_stablecoin,indonesia,USDC
503,1.0240305363490738,2931379874526.9404,359,S1_depeg_stablecoin,indonesia,USDC
504,1.0250810650567432,2931379874526.9404,359,S1_depeg_stablecoin,indonesia,USDC
505,1.0172759076834577,2931379874526.9404,359,S1_depeg_stablecoin,indonesia,USDC
506,1.0153906136502318,2931379874526.9404,359,S1_depeg_stablecoin,indonesia,USDC
507,0.9989556333867754,2931379874526.9404,359,S1_depeg_stablecoin,indonesia,USDC
508,1.0022889041708658,2931379874526.9404,359,S1_depeg_stablecoin,indonesia,USDC
509,0.994744145145457,2931379874526.9404,359,S1_depeg_stablecoin,indonesia,USDC
510,0.9966940251592861,2931379874526.9404,359,S1_depeg_stablecoin,indonesia,USDC
511,1.030433217821268,2931379874526.9404,359,S1_depeg_stablecoin,indonesia,USDC
512,1.0465574934593171,2931379874526.9404,359,S1_depeg_stablecoin,indonesia,USDC
513,1.0348840256633138,2931379874526.9404,359,S1_depeg_stablecoin,indonesia,USDC
514,1.0328556369225443,2931379874526.9404,359,S1_depeg_stablecoin,indonesia,USDC
515,1.0066830823990538,2931379874526.9404,359,S1_depeg_stablecoin,indonesia,USDC
516,1.0139282354693708,2931379874526.9404,359,S1_depeg_stablecoin,indonesia,USDC
517,1.0043219879531278,2931379874526.9404,359,S1_depeg_stablecoin,indonesia,USDC
518,0.9690926609568185,2931379874526.9404,359,S1_depeg_stablecoin,indonesia,USDC
519,0.9758950223764372,2931379874526.9404,359,S1_depeg_stablecoin,indonesia,USDC
520,0.9974475141651096,2931379874526.9404,359,S1_depeg_stablecoin,indonesia,USDC
521,1.0324007460136801,2931379874526.9404,359,S1_depeg_stablecoin,indonesia,USDC
522,1.0233759759712995,2931379874526.9404,359,S1_depeg_stablecoin,indonesia,USDC
523,1.0167431111391252,2931379874526.9404,359,S1_depeg_stablecoin,indonesia,USDC
524,1.0187462492827075,2931379874526.9404,359,S1_depeg_stablecoin,indonesia,USDC
525,1.001646003007763,2931379874526.9404,359,S1_depeg_stablecoin,indonesia,USDC
526,0.9870486779058341,2931379874526.9404,359,S1_depeg_stablecoin,indonesia,USDC
527,0.9957041560586661,2931379874526.9404,359,S1_depeg_stablecoin,indonesia,USDC
528,0.9803465900929844,2931379874526.9404,359,S1_depeg_stablecoin,indonesia,USDC
529,1.002950645008983,2931379874526.9404,359,S1_depeg_stablecoin,indonesia,USDC
530,1.0093389982343868,2931379874526.9404,359,S1_depeg_stablecoin,indonesia,USDC
531,1.0350407328186455,2931379874526.9404,359,S1_depeg_stablecoin,indonesia,USDC
532,1.068452377057526,2931379874526.9404,359,S1_depeg_stablecoin,indonesia,USDC
533,1.0686050625294825,2931379874526.9404,359,S1_depeg_stablecoin,indonesia,USDC
534,1.050551470132989,2931379874526.9404,359,S1_depeg_stablecoin,indonesia,USDC
535,1.047114693315152,2931379874526.9404,359,S1_depeg_stablecoin,indonesia,USDC
536,1.0585158938309598,2931379874526.9404,359,S1_depeg_stablecoin,indonesia,USDC
537,1.0388270299214257,2931379874526.9404,359,S1_depeg_stablecoin,indonesia,USDC
538,1.0446848289473925,2931379874526.9404,359,S1_depeg_stablecoin,indonesia,USDC
539,1.0533583990691313,2931379874526.9404,359,S1_depeg_stablecoin,indonesia,USDC
540,1.064377348188201,2931379874526.9404,359,S1_depeg_stablecoin,indonesia,USDC
541,1.040761398993069,2931379874526.9404,359,S1_depeg_stablecoin,indonesia,USDC
542,1.043545899724887,2931379874526.9404,359,S1_depeg_stablecoin,indonesia,USDC
543,1.0771908124441691,2931379874526.9404,359,S1_depeg_stablecoin,indonesia,USDC
544,1.0687583596314236,2931379874526.9404,359,S1_depeg_stablecoin,indonesia,USDC
545,1.0525351064409487,2931379874526.9404,359,S1_depeg_stablecoin,indonesia,USDC
546,1.0717185977470776,2931379874526.9404,359,S1_depeg_stablecoin,indonesia,USDC
547,1.0874295284551525,2931379874526.9404,359,S1_depeg_stablecoin,indonesia,USDC
548,1.068478924578949,2931379874526.9404,359,S1_depeg_stablecoin,indonesia,USDC
549,1.0833059690248472,2931379874526.9404,359,S1_depeg_stablecoin,indonesia,USDC
550,1.0734442070117862,2931379874526.9404,359,S1_depeg_stablecoin,indonesia,USDC
551,1.0627886398759392,2931379874526.9404,359,S1_depeg_stablecoin,indonesia,USDC
552,1.0659314964736102,2931379874526.9404,359,S1_depeg_stablecoin,indonesia,USDC
553,1.0432942648228638,2931379874526.9404,359,S1_depeg_stablecoin,indonesia,USDC
554,1.040012792954528,2931379874526.9404,359,S1_depeg_stablecoin,indonesia,USDC
555,1.0741188864484434,2931379874526.9404,359,S1_depeg_stablecoin,indonesia,USDC
556,1.072232776494504,2931379874526.9404,359,S1_depeg_stablecoin,indonesia,USDC
557,1.1001775469680128,2931379874526.9404,359,S1_depeg_stablecoin,indonesia,USDC
558,1.0717254148729005,2931379874526.9404,359,S1_depeg_stablecoin,indonesia,USDC
559,1.038912937006289,2931379874526.9404,359,S1_depeg_stablecoin,indonesia,USDC
560,1.0483578395971007,2931379874526.9404,359,S1_depeg_stablecoin,indonesia,USDC
561,1.0605912220067863,2931379874526.9404,359,S1_depeg_stablecoin,indonesia,USDC
562,1.0515660483734526,2931379874526.9404,359,S1_depeg_stablecoin,indonesia,USDC
563,1.027596943690149,2931379874526.9404,359,S1_depeg_stablecoin,indonesia,USDC
564,1.007574031964431,2931379874526.9404,359,S1_depeg_stablecoin,indonesia,USDC
565,1.0009649158437297,2931379874526.9404,359,S1_depeg_stablecoin,indonesia,USDC
566,1.001608508377752,2931379874526.9404,359,S1_depeg_stablecoin,indonesia,USDC
567,0.9622362678528734,2931379874526.9404,359,S1_depeg_stablecoin,indonesia,USDC
568,0.9642803247423092,2931368513573.756,359,S1_depeg_stablecoin,indonesia,USDC
569,0.9578110711535511,2931358643239.033,359,S1_depeg_stablecoin,indonesia,USDC
570,0.9529508621502147,2931335341520.052,359,S1_depeg_stablecoin,indonesia,USDC
571,0.9731789616379903,2931303158043.2676,359,S1_depeg_stablecoin,indonesia,USDC
572,0.9565001017601252,2931303158043.2676,359,S1_depeg_stablecoin,indonesia,USDC
573,0.9774761144190117,2931279492695.2007,359,S1_depeg_stablecoin,indonesia,USDC
574,0.963996690450314,2931279492695.2007,359,S1_depeg_stablecoin,indonesia,USDC
575,0.9959099357795694,2931271800465.37,359,S1_depeg_stablecoin,indonesia,USDC
576,1.0105763916044472,2931271800465.37,359,S1_depeg_stablecoin,indonesia,USDC
577,0.9923373132579973,2931271800465.37,359,S1_depeg_stablecoin,indonesia,USDC
578,0.9677088247729451,2931271800465.37,359,S1_depeg_stablecoin,indonesia,USDC
579,0.9523399033559872,2931268626544.3306,359,S1_depeg_stablecoin,indonesia,USDC
580,0.9557476683659152,2931240838872.8604,359,S1_depeg_stablecoin,indonesia,USDC
581,0.9396619217574376,2931216618411.4155,359,S1_depeg_stablecoin,indonesia,USDC
582,0.9413255341516901,2931168388494.2256,359,S1_depeg_stablecoin,indonesia,USDC
583,0.9429441901437532,2931122515308.4795,359,S1_depeg_stablecoin,indonesia,USDC
584,0.9270073980823605,2931080577916.959,359,S1_depeg_stablecoin,indonesia,USDC
585,0.9150280442999159,2931016643757.9307,359,S1_depeg_stablecoin,indonesia,USDC
586,0.9378078970967214,2930930935057.4917,359,S1_depeg_stablecoin,indonesia,USDC
587,0.9118315421254289,2930886638754.957,359,S1_depeg_stablecoin,indonesia,USDC
588,0.927671863728087,2930803742348.8047,359,S1_depeg_stablecoin,indonesia,USDC
589,0.9172971886330502,2930750233183.7964,359,S1_depeg_stablecoin,indonesia,USDC
590,0.9613219321246733,2930682537216.889,359,S1_depeg_stablecoin,indonesia,USDC
591,0.9741758137944778,2930671996008.869,359,S1_depeg_stablecoin,indonesia,USDC
592,0.93671902727734,2930671996008.869,359,S1_depeg_stablecoin,indonesia,USDC
593,0.9118268376506014,2930631931440.459,359,S1_depeg_stablecoin,indonesia,USDC
594,0.9458352004763707,2930564303721.6245,359,S1_depeg_stablecoin,indonesia,USDC
595,0.905604630074444,2930539885434.5054,359,S1_depeg_stablecoin,indonesia,USDC
596,0.8980725688934271,2930472784017.253,359,S1_depeg_stablecoin,indonesia,USDC
597,0.9085898541458856,2930404329976.434,359,S1_depeg_stablecoin,indonesia,USDC
598,0.933219923242833,2930347348504.0566,359,S1_depeg_stablecoin,indonesia,USDC
599,0.9453787980594499,2930318283533.345,359,S1_depeg_stablecoin,indonesia,USDC
600,0.9330107106026048,2930297622011.319,359,S1_depeg_stablecoin,indonesia,USDC
601,0.9337733717665065,2930267369378.77,359,S1_depeg_stablecoin,indonesia,USDC
602,0.9319675501795303,2930241475336.35,359,S1_depeg_stablecoin,indonesia,USDC
603,0.9499398128902112,2930213431778.5454,359,S1_depeg_stablecoin,indonesia,USDC
604,0.9602352196514377,2930198766148.5024,359,S1_depeg_stablecoin,indonesia,USDC
605,0.9679404007297311,2930191774934.764,359,S1_depeg_stablecoin,indonesia,USDC
606,0.9459753240483603,2930190694404.1904,359,S1_depeg_stablecoin,indonesia,USDC
607,0.9473806855656188,2930174960162.12,359,S1_depeg_stablecoin,indonesia,USDC
608,0.9205162747293387,2930160531374.9727,359,S1_depeg_stablecoin,indonesia,USDC
609,0.9427527152777636,2930129742127.5586,359,S1_depeg_stablecoin,indonesia,USDC
610,0.9485243914053166,2930113411264.3467,359,S1_depeg_stablecoin,indonesia,USDC
611,0.934702276498985,2930099925280.4053,359,S1_depeg_stablecoin,indonesia,USDC
612,0.9149901508825244,2930078920207.005,359,S1_depeg_stablecoin,indonesia,USDC
613,0.9567267999466926,2930046331839.067,359,S1_depeg_stablecoin,indonesia,USDC
614,0.9333760040056237,2930039718676.1133,359,S1_depeg_stablecoin,indonesia,USDC
615,0.9465845106215383,2930019502386.1357,359,S1_depeg_stablecoin,indonesia,USDC
616,0.9103829524981288,2930008483743.4854,359,S1_depeg_stablecoin,indonesia,USDC
617,0.93337048411885,2929979059625.3325,359,S1_depeg_stablecoin,indonesia,USDC
618,0.9221271486942474,2929962215281.197,359,S1_depeg_stablecoin,indonesia,USDC
619,0.9095633500818785,2929940236399.0605,359,S1_depeg_stablecoin,indonesia,USDC
620,0.886507241389725,2929915106228.1973,359,S1_depeg_stablecoin,indonesia,USDC
621,0.9045620842640586,2929882147973.669,359,S1_depeg_stablecoin,indonesia,USDC
622,0.9153813151862588,2929858515421.1006,359,S1_depeg_stablecoin,indonesia,USDC
623,0.9333601209078826,2929840114405.829,359,S1_depeg_stablecoin,indonesia,USDC
624,0.9469414591789049,2929827806384.3125,359,S1_depeg_stablecoin,indonesia,USDC
625,0.9564282414117155,2929820705558.762,359,S1_depeg_stablecoin,indonesia,USDC
626,0.9833587062734973,2929816278328.602,359,S1_depeg_stablecoin,indonesia,USDC
627,0.9512935318802521,2929816278328.602,359,S1_depeg_stablecoin,indonesia,USDC
628,0.9745623685961838,2929810779207.0664,359,S1_depeg_stablecoin,indonesia,USDC
629,0.9654126179666352,2929810779207.0664,359,S1_depeg_stablecoin,indonesia,USDC
630,0.9606300710446406,2929809691180.306,359,S1_depeg_stablecoin,indonesia,USDC
631,0.9934233076294249,2929807157086.1797,359,S1_depeg_stablecoin,indonesia,USDC
632,0.97612775833852,2929807157086.1797,359,S1_depeg_stablecoin,indonesia,USDC
633,0.9999587495118635,2929807157086.1797,359,S1_depeg_stablecoin,indonesia,USDC
634,1.0222682939651522,2929807157086.1797,359,S1_depeg_stablecoin,indonesia,USDC
635,1.0158724565335637,2929807157086.1797,359,S1_depeg_stablecoin,indonesia,USDC
636,1.0129267945165434,2929807157086.1797,359,S1_depeg_stablecoin,indonesia,USDC
637,0.9857071948221233,2929807157086.1797,359,S1_depeg_stablecoin,indonesia,USDC
638,0.9595554132896198,2929807157086.1797,359,S1_depeg_stablecoin,indonesia,USDC
639,1.000344511013553,2929804527276.433,359,S1_depeg_stablecoin,indonesia,USDC
640,0.9808138226151063,2929804527276.433,359,S1_depeg_stablecoin,indonesia,USDC
641,1.0299161465921125,2929804527276.433,359,S1_depeg_stablecoin,indonesia,USDC
642,1.0094901970821748,2929804527276.433,359,S1_depeg_stablecoin,indonesia,USDC
643,1.0116619141837846,2929804527276.433,359,S1_depeg_stablecoin,indonesia,USDC
644,1.0317582111003567,2929804527276.433,359,S1_depeg_stablecoin,indonesia,USDC
645,1.0184408751157714,2929804527276.433,359,S1_depeg_stablecoin,indonesia,USDC
646,0.999099357424112,2929804527276.433,359,S1_depeg_stablecoin,indonesia,USDC
647,0.9865657861734871,2929804527276.433,359,S1_depeg_stablecoin,indonesia,USDC
648,0.9799242398140436,2929804527276.433,359,S1_depeg_stablecoin,indonesia,USDC
649,0.9533813796045262,2929804527276.433,359,S1_depeg_stablecoin,indonesia,USDC
650,0.9580737329099991,2929800104802.4375,359,S1_depeg_stablecoin,indonesia,USDC
651,0.9737255830736674,2929796890659.05,359,S1_depeg_stablecoin,indonesia,USDC
652,0.9757278702761182,2929796890659.05,359,S1_depeg_stablecoin,indonesia,USDC
653,0.9581310185666582,2929796890659.05,359,S1_depeg_stablecoin,indonesia,USDC
654,0.9639856625265985,2929793941795.578,359,S1_depeg_stablecoin,indonesia,USDC
655,0.9854501805865876,2929792145809.0474,359,S1_depeg_stablecoin,indonesia,USDC
656,0.9876442865093009,2929792145809.0474,359,S1_depeg_stablecoin,indonesia,USDC
657,1.0112990503546384,2929792145809.0474,359,S1_depeg_stablecoin,indonesia,USDC
658,1.0075051252606266,2929792145809.0474,359,S1_depeg_stablecoin,indonesia,USDC
659,0.9960020165172909,2929792145809.0474,359,S1_depeg_stablecoin,indonesia,USDC
660,1.0133809833176728,2929792145809.0474,359,S1_depeg_stablecoin,indonesia,USDC
661,1.0280424043203364,2929792145809.0474,359,S1_depeg_stablecoin,indonesia,USDC
662,1.013679893030833,2929792145809.0474,359,S1_depeg_stablecoin,indonesia,USDC
663,0.9884927499444821,2929792145809.0474,359,S1_depeg_stablecoin,indonesia,USDC
664,0.9738495779660593,2929792145809.0474,359,S1_depeg_stablecoin,indonesia,USDC
665,1.0009414143565734,2929792145809.0474,359,S1_depeg_stablecoin,indonesia,USDC
666,0.9702426552446757,2929792145809.0474,359,S1_depeg_stablecoin,indonesia,USDC
667,0.9839355566156818,2929792145809.0474,359,S1_depeg_stablecoin,indonesia,USDC
668,1.014924159297974,2929792145809.0474,359,S1_depeg_stablecoin,indonesia,USDC
669,1.0178997528503724,2929792145809.0474,359,S1_depeg_stablecoin,indonesia,USDC
670,0.9918652301347792,2929792145809.0474,359,S1_depeg_stablecoin,indonesia,USDC
671,0.9855643457867997,2929792145809.0474,359,S1_depeg_stablecoin,indonesia,USDC
672,0.987498012470154,2929792145809.0474,359,S1_depeg_stablecoin,indonesia,USDC
673,0.9525370501866666,2929792145809.0474,359,S1_depeg_stablecoin,indonesia,USDC
674,0.9572263219420899,2929786963399.5312,359,S1_depeg_stablecoin,indonesia,USDC
675,0.972098486466767,2929783653558.994,359,S1_depeg_stablecoin,indonesia,USDC
676,0.9954539593540631,2929783653558.994,359,S1_depeg_stablecoin,indonesia,USDC
677,1.0220614233832408,2929783653558.994,359,S1_depeg_stablecoin,indonesia,USDC
678,0.9969856682110121,2929783653558.994,359,S1_depeg_stablecoin,indonesia,USDC
679,1.0151215774429854,2929783653558.994,359,S1_depeg_stablecoin,indonesia,USDC
680,1.0336947386406956,2929783653558.994,359,S1_depeg_stablecoin,indonesia,USDC
681,1.0376661118597108,2929783653558.994,359,S1_depeg_stablecoin,indonesia,USDC
682,1.0435710039489252,2929783653558.994,359,S1_depeg_stablecoin,indonesia,USDC
683,1.0400389211757457,2929783653558.994,359,S1_depeg_stablecoin,indonesia,USDC
684,1.0408592723908778,2929783653558.994,359,S1_depeg_stablecoin,indonesia,USDC
685,1.0387360256447635,2929783653558.994,359,S1_depeg_stablecoin,indonesia,USDC
686,1.0361219647247508,2929783653558.994,359,S1_depeg_stablecoin,indonesia,USDC
687,1.0212595224775871,2929783653558.994,359,S1_depeg_stablecoin,indonesia,USDC
688,1.007852646841998,2929783653558.994,359,S1_depeg_stablecoin,indonesia,USDC
689,1.0046540070454757,2929783653558.994,359,S1_depeg_stablecoin,indonesia,USDC
690,1.0075968967057378,2929783653558.994,359,S1_depeg_stablecoin,indonesia,USDC
691,1.0138303473015118,2929783653558.994,359,S1_depeg_stablecoin,indonesia,USDC
692,1.0062776115778578,2929783653558.994,359,S1_depeg_stablecoin,indonesia,USDC
693,1.0279523137594784,2929783653558.994,359,S1_depeg_stablecoin,indonesia,USDC
694,1.009203150040442,2929783653558.994,359,S1_depeg_stablecoin,indonesia,USDC
695,1.0103002199550177,2929783653558.994,359,S1_depeg_stablecoin,indonesia,USDC
696,1.012218689354576,2929783653558.994,359,S1_depeg_stablecoin,indonesia,USDC
697,1.021291705317475,2929783653558.994,359,S1_depeg_stablecoin,indonesia,USDC
698,1.0204887765229238,2929783653558.994,359,S1_depeg_stablecoin,indonesia,USDC
699,0.9980076294007059,2929783653558.994,359,S1_depeg_stablecoin,indonesia,USDC
700,0.9780100197976634,2929783653558.994,359,S1_depeg_stablecoin,indonesia,USDC
701,1.0131198556290684,2929783653558.994,359,S1_depeg_stablecoin,indonesia,USDC
702,1.0236086298710292,2929783653558.994,359,S1_depeg_stablecoin,indonesia,USDC
703,1.0217664631240135,2929783653558.994,359,S1_depeg_stablecoin,indonesia,USDC
704,1.0546366301466903,2929783653558.994,359,S1_depeg_stablecoin,indonesia,USDC
705,1.0467265503962893,2929783653558.994,359,S1_depeg_stablecoin,indonesia,USDC
706,1.074601286402907,2929783653558.994,359,S1_depeg_stablecoin,indonesia,USDC
707,1.05517556972331,2929783653558.994,359,S1_depeg_stablecoin,indonesia,USDC
708,1.065921583546467,2929783653558.994,359,S1_depeg_stablecoin,indonesia,USDC
709,1.0611145425421176,2929783653558.994,359,S1_depeg_stablecoin,indonesia,USDC
710,1.0360048543882168,2929783653558.994,359,S1_depeg_stablecoin,indonesia,USDC
711,1.0617520963853386,2929783653558.994,359,S1_depeg_stablecoin,indonesia,USDC
712,1.0347073785274445,2929783653558.994,359,S1_depeg_stablecoin,indonesia,USDC
713,1.0102170928757084,2929783653558.994,359,S1_depeg_stablecoin,indonesia,USDC
714,0.9962303425881417,2929783653558.994,359,S1_depeg_stablecoin,indonesia,USDC
715,1.0241266992421119,2929783653558.994,359,S1_depeg_stablecoin,indonesia,USDC
716,1.0217602211283288,2929783653558.994,359,S1_depeg_stablecoin,indonesia,USDC
717,1.0170736810468732,2929783653558.994,359,S1_depeg_stablecoin,indonesia,USDC
718,1.0367159495930616,2929783653558.994,359,S1_depeg_stablecoin,indonesia,USDC
719,1.0294423723851605,2929783653558.994,359,S1_depeg_stablecoin,indonesia,USDC
720,1.0430378193717538,2929783653558.994,359,S1_depeg_stablecoin,indonesia,USDC
721,1.0187182486968656,2929783653558.994,359,S1_depeg_stablecoin,indonesia,USDC
722,1.0001302087237458,2929783653558.994,359,S1_depeg_stablecoin,indonesia,USDC
723,0.9998498327542945,2929783653558.994,359,S1_depeg_stablecoin,indonesia,USDC
724,1.002077454232838,2929783653558.994,359,S1_depeg_stablecoin,indonesia,USDC
725,1.01191684187685,2929783653558.994,359,S1_depeg_stablecoin,indonesia,USDC
726,1.0151721824483715,2929783653558.994,359,S1_depeg_stablecoin,indonesia,USDC
727,1.0324263576314041,2929783653558.994,359,S1_depeg_stablecoin,indonesia,USDC
728,1.0470368420036136,2929783653558.994,359,S1_depeg_stablecoin,indonesia,USDC
729,1.0671435019879483,2929783653558.994,359,S1_depeg_stablecoin,indonesia,USDC
730,1.0560209880686517,2929783653558.994,359,S1_depeg_stablecoin,indonesia,USDC
731,1.040234262345264,2929783653558.994,359,S1_depeg_stablecoin,indonesia,USDC
732,1.077040399977653,2929783653558.994,359,S1_depeg_stablecoin,indonesia,USDC
733,1.0605533732967183,2929783653558.994,359,S1_depeg_stablecoin,indonesia,USDC
734,1.0282226908275722,2929783653558.994,359,S1_depeg_stablecoin,indonesia,USDC
735,1.0488287255437463,2929783653558.994,359,S1_depeg_stablecoin,indonesia,USDC
736,1.015529863718992,2929783653558.994,359,S1_depeg_stablecoin,indonesia,USDC
737,1.008722092858472,2929783653558.994,359,S1_depeg_stablecoin,indonesia,USDC
738,1.0294394646210978,2929783653558.994,359,S1_depeg_stablecoin,indonesia,USDC
739,1.010676653158374,2929783653558.994,359,S1_depeg_stablecoin,indonesia,USDC
740,1.0291810873237837,2929783653558.994,359,S1_depeg_stablecoin,indonesia,USDC
741,1.0141023478519096,2929783653558.994,359,S1_depeg_stablecoin,indonesia,USDC
742,0.9929706290053125,2929783653558.994,359,S1_depeg_stablecoin,indonesia,USDC
743,0.9842343831904788,2929783653558.994,359,S1_depeg_stablecoin,indonesia,USDC
744,1.00196571430563,2929783653558.994,359,S1_depeg_stablecoin,indonesia,USDC
745,0.9901325398812209,2929783653558.994,359,S1_depeg_stablecoin,indonesia,USDC
746,1.0006038124422791,2929783653558.994,359,S1_depeg_stablecoin,indonesia,USDC
747,0.994519384951083,2929783653558.994,359,S1_depeg_stablecoin,indonesia,USDC
748,0.9998666539668377,2929783653558.994,359,S1_depeg_stablecoin,indonesia,USDC
749,0.9547512466639174,2929783653558.994,359,S1_depeg_stablecoin,indonesia,USDC
750,0.9675225730490742,2929779699148.794,359,S1_depeg_stablecoin,indonesia,USDC
751,0.9507914936274702,2929778995722.1157,359,S1_depeg_stablecoin,indonesia,USDC
752,0.9469411615406849,2929774252511.56,359,S1_depeg_stablecoin,indonesia,USDC
753,0.9679299847359586,2929767834792.073,359,S1_depeg_stablecoin,indonesia,USDC
754,0.9922488837358356,2929767708038.646,359,S1_depeg_stablecoin,indonesia,USDC
755,1.0071228520360591,2929767708038.646,359,S1_depeg_stablecoin,indonesia,USDC
756,1.0235187945819888,2929767708038.646,359,S1_depeg_stablecoin,indonesia,USDC
757,1.0094486594137786,2929767708038.646,359,S1_depeg_stablecoin,indonesia,USDC
758,1.0116901758263517,2929767708038.646,359,S1_depeg_stablecoin,indonesia,USDC
759,1.0228649026296461,2929767708038.646,359,S1_depeg_stablecoin,indonesia,USDC
760,0.9944988611987619,2929767708038.646,359,S1_depeg_stablecoin,indonesia,USDC
761,0.988234142114226,2929767708038.646,359,S1_depeg_stablecoin,indonesia,USDC
762,0.9933605192217143,2929767708038.646,359,S1_depeg_stablecoin,indonesia,USDC
763,0.9793521377181458,2929767708038.646,359,S1_depeg_stablecoin,indonesia,USDC
764,0.9903653381535296,2929767708038.646,359,S1_depeg_stablecoin,indonesia,USDC
765,0.93886760424192,2929767708038.646,359,S1_depeg_stablecoin,indonesia,USDC
766,0.9215276843930033,2929760083432.558,359,S1_depeg_stablecoin,indonesia,USDC
767,0.9279236617649721,2929747650009.073,359,S1_depeg_stablecoin,indonesia,USDC
768,0.9170491178279094,2929737997483.268,359,S1_depeg_stablecoin,indonesia,USDC
769,0.9108068578373983,2929725900349.633,359,S1_depeg_stablecoin,indonesia,USDC
770,0.9547371536744164,2929712376391.949,359,S1_depeg_stablecoin,indonesia,USDC
771,0.9621163963839581,2929709265937.1455,359,S1_depeg_stablecoin,indonesia,USDC
772,0.9649550597908656,2929707731237.4253,359,S1_depeg_stablecoin,indonesia,USDC
773,0.9800220247655541,2929706793806.695,359,S1_depeg_stablecoin,indonesia,USDC
774,0.9576113413472277,2929706793806.695,359,S1_depeg_stablecoin,indonesia,USDC
775,0.9644406952152799,2929704207374.014,359,S1_depeg_stablecoin,indonesia,USDC
776,1.0070725805117278,2929703061557.9062,359,S1_depeg_stablecoin,indonesia,USDC
777,1.0111929263215274,2929703061557.9062,359,S1_depeg_stablecoin,indonesia,USDC
778,1.0002318042201408,2929703061557.9062,359,S1_depeg_stablecoin,indonesia,USDC
779,1.0109786537384438,2929703061557.9062,359,S1_depeg_stablecoin,indonesia,USDC
780,0.9937093592171974,2929703061557.9062,359,S1_depeg_stablecoin,indonesia,USDC
781,0.9645279569344858,2929703061557.9062,359,S1_depeg_stablecoin,indonesia,USDC
782,1.0120793711378975,2929702303649.1636,359,S1_depeg_stablecoin,indonesia,USDC
783,1.0458566616216127,2929702303649.1636,359,S1_depeg_stablecoin,indonesia,USDC
784,1.036773929160117,2929702303649.1636,359,S1_depeg_stablecoin,indonesia,USDC
785,0.9477364284826791,2929702303649.1636,359,S1_depeg_stablecoin,indonesia,USDC
786,0.9347088248569364,2929697758647.85,359,S1_depeg_stablecoin,indonesia,USDC
787,0.9840181834244975,2929690933590.4385,359,S1_depeg_stablecoin,indonesia,USDC
788,0.9631473293333555,2929690933590.4385,359,S1_depeg_stablecoin,indonesia,USDC
789,0.9574606302158262,2929689614975.617,359,S1_depeg_stablecoin,indonesia,USDC
790,0.9674896803950664,2929687356208.4824,359,S1_depeg_stablecoin,indonesia,USDC
791,0.978040058203173,2929686882422.133,359,S1_depeg_stablecoin,indonesia,USDC
792,0.9748904704332592,2929686882422.133,359,S1_depeg_stablecoin,indonesia,USDC
793,0.9441282167970296,2929686882422.133,359,S1_depeg_stablecoin,indonesia,USDC
794,0.954612707859655,2929682360402.342,359,S1_depeg_stablecoin,indonesia,USDC
795,0.9396019600073323,2929679952145.5938,359,S1_depeg_stablecoin,indonesia,USDC
796,0.9147466203804628,2929674809539.8467,359,S1_depeg_stablecoin,indonesia,USDC
797,0.9189481095452677,2929665845334.174,359,S1_depeg_stablecoin,indonesia,USDC
798,0.9509796327513522,2929657564931.542,359,S1_depeg_stablecoin,indonesia,USDC
799,0.9427051025937795,2929654559279.6035,359,S1_depeg_stablecoin,indonesia,USDC
800,0.9554939578604874,2929650774457.6963,359,S1_depeg_stablecoin,indonesia,USDC
801,0.9511140254016268,2929648919791.789,359,S1_depeg_stablecoin,indonesia,USDC
802,0.9550794775071565,2929646347529.99,359,S1_depeg_stablecoin,indonesia,USDC
803,0.9461451509163292,2929644271964.833,359,S1_depeg_stablecoin,indonesia,USDC
804,0.9772371675036539,2929641217876.6133,359,S1_depeg_stablecoin,indonesia,USDC
805,0.9685264308677081,2929641217876.6133,359,S1_depeg_stablecoin,indonesia,USDC
806,0.9844592414352561,2929641217876.6133,359,S1_depeg_stablecoin,indonesia,USDC
807,0.9804870316081281,2929641217876.6133,359,S1_depeg_stablecoin,indonesia,USDC
808,1.0089222271131637,2929641217876.6133,359,S1_depeg_stablecoin,indonesia,USDC
809,1.0153632772456065,2929641217876.6133,359,S1_depeg_stablecoin,indonesia,USDC
810,1.0119772171721226,2929641217876.6133,359,S1_depeg_stablecoin,indonesia,USDC
811,0.9877328785366546,2929641217876.6133,359,S1_depeg_stablecoin,indonesia,USDC
812,0.9966782761278229,2929641217876.6133,359,S1_depeg_stablecoin,indonesia,USDC
813,0.9879266719599741,2929641217876.6133,359,S1_depeg_stablecoin,indonesia,USDC
814,0.9814751277848187,2929641217876.6133,359,S1_depeg_stablecoin,indonesia,USDC
815,0.9859377903016358,2929641217876.6133,359,S1_depeg_stablecoin,indonesia,USDC
816,1.0000003795611754,2929641217876.6133,359,S1_depeg_stablecoin,indonesia,USDC
817,0.9848779624818031,2929641217876.6133,359,S1_depeg_stablecoin,indonesia,USDC
818,0.9753963895982259,2929641217876.6133,359,S1_depeg_stablecoin,indonesia,USDC
819,0.9583863134660572,2929641217876.6133,359,S1_depeg_stablecoin,indonesia,USDC
820,0.9496835669072923,2929639773434.799,359,S1_depeg_stablecoin,indonesia,USDC
821,0.9321227808475384,2929637053485.867,359,S1_depeg_stablecoin,indonesia,USDC
822,0.9318937461733736,2929632333507.4956,359,S1_depeg_stablecoin,indonesia,USDC
823,0.9410345800735215,2929627303061.46,359,S1_depeg_stablecoin,indonesia,USDC
824,0.913159839175718,2929623880000.636,359,S1_depeg_stablecoin,indonesia,USDC
825,0.9326022087224035,2929617048190.673,359,S1_depeg_stablecoin,indonesia,USDC
826,0.9670482110393328,2929612832152.4185,359,S1_depeg_stablecoin,indonesia,USDC
827,0.9395409033091636,2929612501827.911,359,S1_depeg_stablecoin,indonesia,USDC
828,0.9693029674971954,2929609216032.0586,359,S1_depeg_stablecoin,indonesia,USDC
829,0.9701645305597669,2929609140628.0674,359,S1_depeg_stablecoin,indonesia,USDC
830,0.9788743400068849,2929609140628.0674,359,S1_depeg_stablecoin,indonesia,USDC
831,1.0130555050283618,2929609140628.0674,359,S1_depeg_stablecoin,indonesia,USDC
832,0.9911534139727893,2929609140628.0674,359,S1_depeg_stablecoin,indonesia,USDC
833,0.9957334309387541,2929609140628.0674,359,S1_depeg_stablecoin,indonesia,USDC
834,1.01099698022905,2929609140628.0674,359,S1_depeg_stablecoin,indonesia,USDC
835,1.0064886969343267,2929609140628.0674,359,S1_depeg_stablecoin,indonesia,USDC
836,1.0108984792584326,2929609140628.0674,359,S1_depeg_stablecoin,indonesia,USDC
837,1.0251703260904599,2929609140628.0674,359,S1_depeg_stablecoin,indonesia,USDC
838,1.0023838714876974,2929609140628.0674,359,S1_depeg_stablecoin,indonesia,USDC
839,1.0126732613791618,2929609140628.0674,359,S1_depeg_stablecoin,indonesia,USDC
840,1.0011624335095282,2929609140628.0674,359,S1_depeg_stablecoin,indonesia,USDC
841,0.9765764072774241,2929609140628.0674,359,S1_depeg_stablecoin,indonesia,USDC
842,0.9763621690223088,2929609140628.0674,359,S1_depeg_stablecoin,indonesia,USDC
843,0.9729840615480867,2929609140628.0674,359,S1_depeg_stablecoin,indonesia,USDC
844,0.991095608311259,2929609140628.0674,359,S1_depeg_stablecoin,indonesia,USDC
845,0.988964755436224,2929609140628.0674,359,S1_depeg_stablecoin,indonesia,USDC
846,0.9716229139098688,2929609140628.0674,359,S1_depeg_stablecoin,indonesia,USDC
847,0.9677898794715996,2929609140628.0674,359,S1_depeg_stablecoin,indonesia,USDC
848,0.9659568110325875,2929609075809.2295,359,S1_depeg_stablecoin,indonesia,USDC
849,0.9236147382456481,2929608762265.6797,359,S1_depeg_stablecoin,indonesia,USDC
850,0.9286685948020631,2929603903552.2236,359,S1_depeg_stablecoin,indonesia,USDC
851,0.9210082708455986,2929599781820.343,359,S1_depeg_stablecoin,indonesia,USDC
852,0.9271258704848478,2929595088597.368,359,S1_depeg_stablecoin,indonesia,USDC
853,0.9013752931335645,2929591301330.909,359,S1_depeg_stablecoin,indonesia,USDC
854,0.8054762646757656,2929585145020.6196,359,S1_depeg_stablecoin,indonesia,USDC
855,0.8182695932512088,2929571701841.3066,359,S1_depeg_stablecoin,indonesia,USDC
856,0.8272688879178769,2929561787497.3223,359,S1_depeg_stablecoin,indonesia,USDC
857,0.8340420712887823,2929553325941.659,359,S1_depeg_stablecoin,indonesia,USDC
858,0.8547753872264697,2929546734230.8076,359,S1_depeg_stablecoin,indonesia,USDC
859,0.8850034698666799,2929541901464.6084,359,S1_depeg_stablecoin,indonesia,USDC
860,0.8769553342939265,2929538752874.661,359,S1_depeg_stablecoin,indonesia,USDC
861,0.909738569496287,2929535591264.8423,359,S1_depeg_stablecoin,indonesia,USDC
862,0.922864297277219,2929533742952.7246,359,S1_depeg_stablecoin,indonesia,USDC
863,0.9062020363877388,2929532350889.688,359,S1_depeg_stablecoin,indonesia,USDC
864,0.9424385175044961,2929530640528.54,359,S1_depeg_stablecoin,indonesia,USDC
865,0.9637589188122214,2929529917752.0283,359,S1_depeg_stablecoin,indonesia,USDC
866,0.9795142255391257,2929529752814.091,359,S1_depeg_stablecoin,indonesia,USDC
867,1.0010303123657875,2929529752814.091,359,S1_depeg_stablecoin,indonesia,USDC
868,0.9816173429747335,2929529752814.091,359,S1_depeg_stablecoin,indonesia,USDC
869,1.0007066804009714,2929529752814.091,359,S1_depeg_stablecoin,indonesia,USDC
870,1.015728470594512,2929529752814.091,359,S1_depeg_stablecoin,indonesia,USDC
871,0.9996296442673912,2929529752814.091,359,S1_depeg_stablecoin,indonesia,USDC
872,0.9935964016555587,2929529752814.091,359,S1_depeg_stablecoin,indonesia,USDC
873,0.990412678509442,2929529752814.091,359,S1_depeg_stablecoin,indonesia,USDC
874,1.0051668279883021,2929529752814.091,359,S1_depeg_stablecoin,indonesia,USDC
875,1.0287348818363253,2929529752814.091,359,S1_depeg_stablecoin,indonesia,USDC
876,1.0064830332099788,2929529752814.091,359,S1_depeg_stablecoin,indonesia,USDC
877,1.0142282883627363,2929529752814.091,359,S1_depeg_stablecoin,indonesia,USDC
878,1.048387961297272,2929529752814.091,359,S1_depeg_stablecoin,indonesia,USDC
879,1.0532869338653081,2929529752814.091,359,S1_depeg_stablecoin,indonesia,USDC
880,1.0320768757419152,2929529752814.091,359,S1_depeg_stablecoin,indonesia,USDC
881,1.0258003410698713,2929529752814.091,359,S1_depeg_stablecoin,indonesia,USDC
882,1.0228637126846467,2929529752814.091,359,S1_depeg_stablecoin,indonesia,USDC
883,1.0201297421492255,2929529752814.091,359,S1_depeg_stablecoin,indonesia,USDC
884,0.9982452007491336,2929529752814.091,359,S1_depeg_stablecoin,indonesia,USDC
885,0.9954520413277315,2929529752814.091,359,S1_depeg_stablecoin,indonesia,USDC
886,0.9910736355489973,2929529752814.091,359,S1_depeg_stablecoin,indonesia,USDC
887,0.9938559425844634,2929529752814.091,359,S1_depeg_stablecoin,indonesia,USDC
888,0.9832291917842251,2929529752814.091,359,S1_depeg_stablecoin,indonesia,USDC
889,0.9683234220546739,2929529752814.091,359,S1_depeg_stablecoin,indonesia,USDC
890,0.9722523544099865,2929529708790.937,359,S1_depeg_stablecoin,indonesia,USDC
891,0.979027190314923,2929529708790.937,359,S1_depeg_stablecoin,indonesia,USDC
892,0.991930643585157,2929529708790.937,359,S1_depeg_stablecoin,indonesia,USDC
893,0.9983449590314463,2929529708790.937,359,S1_depeg_stablecoin,indonesia,USDC
894,1.0098789050032286,2929529708790.937,359,S1_depeg_stablecoin,indonesia,USDC
895,0.9942138074889648,2929529708790.937,359,S1_depeg_stablecoin,indonesia,USDC
896,0.9880208176412495,2929529708790.937,359,S1_depeg_stablecoin,indonesia,USDC
897,0.9907400806880396,2929529708790.937,359,S1_depeg_stablecoin,indonesia,USDC
898,1.004073090893978,2929529708790.937,359,S1_depeg_stablecoin,indonesia,USDC
899,1.0092415251995943,2929529708790.937,359,S1_depeg_stablecoin,indonesia,USDC
900,1.025108315030598,2929529708790.937,359,S1_depeg_stablecoin,indonesia,USDC
901,1.0141868222251584,2929529708790.937,359,S1_depeg_stablecoin,indonesia,USDC
902,0.9629018909276419,2929529708790.937,359,S1_depeg_stablecoin,indonesia,USDC
903,0.9603510226316879,2929529555451.345,359,S1_depeg_stablecoin,indonesia,USDC
904,0.9523462093293791,2929529320926.1836,359,S1_depeg_stablecoin,indonesia,USDC
905,0.9932789853143452,2929528926740.911,359,S1_depeg_stablecoin,indonesia,USDC
906,0.9963450686103607,2929528926740.911,359,S1_depeg_stablecoin,indonesia,USDC
907,1.0088903161342067,2929528926740.911,359,S1_depeg_stablecoin,indonesia,USDC
908,1.021200779261175,2929528926740.911,359,S1_depeg_stablecoin,indonesia,USDC
909,1.0390904354213801,2929528926740.911,359,S1_depeg_stablecoin,indonesia,USDC
910,1.0311457472910224,2929528926740.911,359,S1_depeg_stablecoin,indonesia,USDC
911,1.0195001122389604,2929528926740.911,359,S1_depeg_stablecoin,indonesia,USDC
912,1.0143172485262106,2929528926740.911,359,S1_depeg_stablecoin,indonesia,USDC
913,1.0181811424020124,2929528926740.911,359,S1_depeg_stablecoin,indonesia,USDC
914,0.9911383518021621,2929528926740.911,359,S1_depeg_stablecoin,indonesia,USDC
915,1.005585323289474,2929528926740.911,359,S1_depeg_stablecoin,indonesia,USDC
916,0.9862819644235523,2929528926740.911,359,S1_depeg_stablecoin,indonesia,USDC
917,0.9970211750176775,2929528926740.911,359,S1_depeg_stablecoin,indonesia,USDC
918,1.0288978885499127,2929528926740.911,359,S1_depeg_stablecoin,indonesia,USDC
919,1.031824261103195,2929528926740.911,359,S1_depeg_stablecoin,indonesia,USDC
920,1.0131801471659705,2929528926740.911,359,S1_depeg_stablecoin,indonesia,USDC
921,1.0175875232144955,2929528926740.911,359,S1_depeg_stablecoin,indonesia,USDC
922,1.027113776003293,2929528926740.911,359,S1_depeg_stablecoin,indonesia,USDC
923,1.0836085745595254,2929528926740.911,359,S1_depeg_stablecoin,indonesia,USDC
924,1.07448838020009,2929528926740.911,359,S1_depeg_stablecoin,indonesia,USDC
925,1.0515373205654333,2929528926740.911,359,S1_depeg_stablecoin,indonesia,USDC
926,1.0288610988114721,2929528926740.911,359,S1_depeg_stablecoin,indonesia,USDC
927,1.0102301476455673,2929528926740.911,359,S1_depeg_stablecoin,indonesia,USDC
928,1.0039226041264562,2929528926740.911,359,S1_depeg_stablecoin,indonesia,USDC
929,0.9863805856195048,2929528926740.911,359,S1_depeg_stablecoin,indonesia,USDC
930,0.9901767618211754,2929528926740.911,359,S1_depeg_stablecoin,indonesia,USDC
931,1.0031176941141842,2929528926740.911,359,S1_depeg_stablecoin,indonesia,USDC
932,1.0016750213654488,2929528926740.911,359,S1_depeg_stablecoin,indonesia,USDC
933,1.0259012422281097,2929528926740.911,359,S1_depeg_stablecoin,indonesia,USDC
934,1.0158886255904378,2929528926740.911,359,S1_depeg_stablecoin,indonesia,USDC
935,1.0331423785224814,2929528926740.911,359,S1_depeg_stablecoin,indonesia,USDC
936,1.0137628489999466,2929528926740.911,359,S1_depeg_stablecoin,indonesia,USDC
937,1.037685535566314,2929528926740.911,359,S1_depeg_stablecoin,indonesia,USDC
938,1.0057934883160868,2929528926740.911,359,S1_depeg_stablecoin,indonesia,USDC
939,1.0381997446713418,2929528926740.911,359,S1_depeg_stablecoin,indonesia,USDC
940,1.0684925263044964,2929528926740.911,359,S1_depeg_stablecoin,indonesia,USDC
941,1.0584572362922922,2929528926740.911,359,S1_depeg_stablecoin,indonesia,USDC
942,1.0357538665204287,2929528926740.911,359,S1_depeg_stablecoin,indonesia,USDC
943,1.0308333439418693,2929528926740.911,359,S1_depeg_stablecoin,indonesia,USDC
944,1.0164409636524925,2929528926740.911,359,S1_depeg_stablecoin,indonesia,USDC
945,1.026765949900335,2929528926740.911,359,S1_depeg_stablecoin,indonesia,USDC
946,1.026677673582637,2929528926740.911,359,S1_depeg_stablecoin,indonesia,USDC
947,1.0461783987856994,2929528926740.911,359,S1_depeg_stablecoin,indonesia,USDC
948,1.0627337812873487,2929528926740.911,359,S1_depeg_stablecoin,indonesia,USDC
949,1.0272641295236813,2929528926740.911,359,S1_depeg_stablecoin,indonesia,USDC
950,1.0067845364045915,2929528926740.911,359,S1_depeg_stablecoin,indonesia,USDC
951,0.9968642006702374,2929528926740.911,359,S1_depeg_stablecoin,indonesia,USDC
952,0.9517794761451106,2929528926740.911,359,S1_depeg_stablecoin,indonesia,USDC
953,0.9474203784307688,2929528505046.115,359,S1_depeg_stablecoin,indonesia,USDC
954,0.9776546798379953,2929527985413.3066,359,S1_depeg_stablecoin,indonesia,USDC
955,1.0022869186686556,2929527985413.3066,359,S1_depeg_stablecoin,indonesia,USDC
956,1.0116079945410705,2929527985413.3066,359,S1_depeg_stablecoin,indonesia,USDC
957,1.0081965835995075,2929527985413.3066,359,S1_depeg_stablecoin,indonesia,USDC
958,1.0087300377824684,2929527985413.3066,359,S1_depeg_stablecoin,indonesia,USDC
959,0.9834614708996323,2929527985413.3066,359,S1_depeg_stablecoin,indonesia,USDC
960,0.9886713113444626,2929527985413.3066,359,S1_depeg_stablecoin,indonesia,USDC
961,1.0266387883373118,2929527985413.3066,359,S1_depeg_stablecoin,indonesia,USDC
962,1.0229354911410204,2929527985413.3066,359,S1_depeg_stablecoin,indonesia,USDC
963,1.025703005069905,2929527985413.3066,359,S1_depeg_stablecoin,indonesia,USDC
964,1.0343319310952341,2929527985413.3066,359,S1_depeg_stablecoin,indonesia,USDC
965,1.018527549180964,2929527985413.3066,359,S1_depeg_stablecoin,indonesia,USDC
966,0.9847253939353564,2929527985413.3066,359,S1_depeg_stablecoin,indonesia,USDC
967,0.9843725117041715,2929527985413.3066,359,S1_depeg_stablecoin,indonesia,USDC
968,0.9766764649596419,2929527985413.3066,359,S1_depeg_stablecoin,indonesia,USDC
969,1.0005071655235518,2929527985413.3066,359,S1_depeg_stablecoin,indonesia,USDC
970,1.0307335169006873,2929527985413.3066,359,S1_depeg_stablecoin,indonesia,USDC
971,1.002977778219274,2929527985413.3066,359,S1_depeg_stablecoin,indonesia,USDC
972,1.0241628279630248,2929527985413.3066,359,S1_depeg_stablecoin,indonesia,USDC
973,1.0797597240527157,2929527985413.3066,359,S1_depeg_stablecoin,indonesia,USDC
974,1.0668324577501567,2929527985413.3066,359,S1_depeg_stablecoin,indonesia,USDC
975,1.0262524654125298,2929527985413.3066,359,S1_depeg_stablecoin,indonesia,USDC
976,1.0392881066399795,2929527985413.3066,359,S1_depeg_stablecoin,indonesia,USDC
977,1.0094782240216793,2929527985413.3066,359,S1_depeg_stablecoin,indonesia,USDC
978,0.9906741634083822,2929527985413.3066,359,S1_depeg_stablecoin,indonesia,USDC
979,1.032942599328688,2929527985413.3066,359,S1_depeg_stablecoin,indonesia,USDC
980,0.9920636361653613,2929527985413.3066,359,S1_depeg_stablecoin,indonesia,USDC
981,0.9851465597955809,2929527985413.3066,359,S1_depeg_stablecoin,indonesia,USDC
982,0.9560754618916564,2929527985413.3066,359,S1_depeg_stablecoin,indonesia,USDC
983,0.9568465355935647,2929527662649.7046,359,S1_depeg_stablecoin,indonesia,USDC
984,0.9878432092042494,2929527397618.865,359,S1_depeg_stablecoin,indonesia,USDC
985,1.0174418711601387,2929527397618.865,359,S1_depeg_stablecoin,indonesia,USDC
986,1.0092656742961799,2929527397618.865,359,S1_depeg_stablecoin,indonesia,USDC
987,1.029666682146304,2929527397618.865,359,S1_depeg_stablecoin,indonesia,USDC
988,1.029933143064968,2929527397618.865,359,S1_depeg_stablecoin,indonesia,USDC
989,1.0158989661483622,2929527397618.865,359,S1_depeg_stablecoin,indonesia,USDC
990,1.025743401148618,2929527397618.865,359,S1_depeg_stablecoin,indonesia,USDC
991,1.0473340581847916,2929527397618.865,359,S1_depeg_stablecoin,indonesia,USDC
992,1.0115605069445275,2929527397618.865,359,S1_depeg_stablecoin,indonesia,USDC
993,1.013323207009782,2929527397618.865,359,S1_depeg_stablecoin,indonesia,USDC
994,1.006872106698271,2929527397618.865,359,S1_depeg_stablecoin,indonesia,USDC
995,1.0100448993110869,2929527397618.865,359,S1_depeg_stablecoin,indonesia,USDC
996,1.0151468986405745,2929527397618.865,359,S1_depeg_stablecoin,indonesia,USDC
997,0.992094115662121,2929527397618.865,359,S1_depeg_stablecoin,indonesia,USDC
998,0.9939234988528495,2929527397618.865,359,S1_depeg_stablecoin,indonesia,USDC
999,0.9618678553456141,2929527397618.865,359,S1_depeg_stablecoin,indonesia,USDC
1000,0.9834717082297189,2929527219068.881,359,S1_depeg_stablecoin,indonesia,USDC
