Step,price,liquidity,iteration,scenario,region,coin
1,0.9826739883629654,2989957086379.814,529,S1_depeg_stablecoin,indonesia,USDC
2,0.9796395830671013,2989957086379.814,529,S1_depeg_stablecoin,indonesia,USDC
3,0.971594241919186,2989957086379.814,529,S1_depeg_stablecoin,indonesia,USDC
4,0.9814573488257972,2989957086379.814,529,S1_depeg_stablecoin,indonesia,USDC
5,0.9323451718626502,2989957086379.814,529,S1_depeg_stablecoin,indonesia,USDC
6,0.9313875542184089,2987662795375.512,529,S1_depeg_stablecoin,indonesia,USDC
7,0.9147834105292993,2985400900816.9727,529,S1_depeg_stablecoin,indonesia,USDC
8,0.9335193735266828,2982266514457.7495,529,S1_depeg_stablecoin,indonesia,USDC
9,0.9163864573183264,2980315871843.6104,529,S1_depeg_stablecoin,indonesia,USDC
10,0.9370316317314308,2977594960782.651,529,S1_depeg_stablecoin,indonesia,USDC
11,0.9200350038898066,2976022233830.998,529,S1_depeg_stablecoin,indonesia,USDC
12,0.947971388669375,2973708163797.18,529,S1_depeg_stablecoin,indonesia,USDC
13,0.9400124751586494,2972752343676.819,529,S1_depeg_stablecoin,indonesia,USDC
14,0.9638566424127992,2971429329407.452,529,S1_depeg_stablecoin,indonesia,USDC
15,0.9600514339871508,2971175438056.455,529,S1_depeg_stablecoin,indonesia,USDC
16,0.9600390375221569,2970782081670.395,529,S1_depeg_stablecoin,indonesia,USDC
17,0.9504131770385638,2970362848426.841,529,S1_depeg_stablecoin,indonesia,USDC
18,0.9497192143130562,2969571780956.2563,529,S1_depeg_stablecoin,indonesia,USDC
19,0.9410016636533854,2968781419075.018,529,S1_depeg_stablecoin,indonesia,USDC
20,0.936206189919849,2967650589032.38,529,S1_depeg_stablecoin,indonesia,USDC
21,0.9567497113447193,2966353509030.7837,529,S1_depeg_stablecoin,indonesia,USDC
22,0.9491522643350807,2965878122642.5073,529,S1_depeg_stablecoin,indonesia,USDC
23,0.9489543135287885,2965106089375.688,529,S1_depeg_stablecoin,indonesia,USDC
24,0.9481899014026948,2964382428123.214,529,S1_depeg_stablecoin,indonesia,USDC
25,0.9268067525767666,2963608386785.41,529,S1_depeg_stablecoin,indonesia,USDC
26,0.9357497821154688,2962128711396.403,529,S1_depeg_stablecoin,indonesia,USDC
27,0.9354482567816591,2961009110109.081,529,S1_depeg_stablecoin,indonesia,USDC
28,0.7817613462040842,2959935615231.3193,529,S1_depeg_stablecoin,indonesia,USDC
29,0.8106254337908809,2954172694376.7095,529,S1_depeg_stablecoin,indonesia,USDC
30,0.8587647032202511,2950236779982.4434,529,S1_depeg_stablecoin,indonesia,USDC
31,0.8769865864901302,2947969740403.788,529,S1_depeg_stablecoin,indonesia,USDC
32,0.9360451610952982,2946315162580.711,529,S1_depeg_stablecoin,indonesia,USDC
33,0.928076594223362,2945766745265.2,529,S1_depeg_stablecoin,indonesia,USDC
34,0.9059030198199998,2945124296537.63,529,S1_depeg_stablecoin,indonesia,USDC
35,0.9029299604201322,2944175166134.7324,529,S1_depeg_stablecoin,indonesia,USDC
36,0.9296814312957681,2943209983676.111,529,S1_depeg_stablecoin,indonesia,USDC
37,0.952466285700724,2942684472846.114,529,S1_depeg_stablecoin,indonesia,USDC
38,0.972909053485464,2942454412683.148,529,S1_depeg_stablecoin,indonesia,USDC
39,0.956093655067864,2942454412683.148,529,S1_depeg_stablecoin,indonesia,USDC
40,0.9590421713520964,2942299002470.7153,529,S1_depeg_stablecoin,indonesia,USDC
41,0.9564292143677607,2942166997600.381,529,S1_depeg_stablecoin,indonesia,USDC
42,0.9627930675616652,2942020195708.343,529,S1_depeg_stablecoin,indonesia,USDC
43,0.9825224315941544,2941944399654.1313,529,S1_depeg_stablecoin,indonesia,USDC
44,0.9741248380999935,2941944399654.1313,529,S1_depeg_stablecoin,indonesia,USDC
45,0.959567309496047,2941944399654.1313,529,S1_depeg_stablecoin,indonesia,USDC
46,0.9559122092911224,2941815471891.8994,529,S1_depeg_stablecoin,indonesia,USDC
47,0.9639944470261889,2941659955007.9736,529,S1_depeg_stablecoin,indonesia,USDC
48,0.9800614088487598,2941594352833.6914,529,S1_depeg_stablecoin,indonesia,USDC
49,0.9838508415359739,2941594352833.6914,529,S1_depeg_stablecoin,indonesia,USDC
50,0.9724537640761376,2941594352833.6914,529,S1_depeg_stablecoin,indonesia,USDC
51,0.9658154162131163,2941594352833.6914,529,S1_depeg_stablecoin,indonesia,USDC
52,0.980998995414374,2941557399121.423,529,S1_depeg_stablecoin,indonesia,USDC
53,0.9462085123694878,2941557399121.423,529,S1_depeg_stablecoin,indonesia,USDC
54,0.9466325605048244,2941293924590.179,529,S1_depeg_stablecoin,indonesia,USDC
55,0.962754930378111,2941041573520.366,529,S1_depeg_stablecoin,indonesia,USDC
56,0.9850932192349382,2940972957677.7334,529,S1_depeg_stablecoin,indonesia,USDC
57,0.9933292315032768,2940972957677.7334,529,S1_depeg_stablecoin,indonesia,USDC
58,0.9730721764374998,2940972957677.7334,529,S1_depeg_stablecoin,indonesia,USDC
59,0.989507246599808,2940972957677.7334,529,S1_depeg_stablecoin,indonesia,USDC
60,0.98528514880976,2940972957677.7334,529,S1_depeg_stablecoin,indonesia,USDC
61,0.9676154488939838,2940972957677.7334,529,S1_depeg_stablecoin,indonesia,USDC
62,0.9718081791776783,2940964266228.5205,529,S1_depeg_stablecoin,indonesia,USDC
63,0.9814347636881562,2940964266228.5205,529,S1_depeg_stablecoin,indonesia,USDC
64,1.0226777594838579,2940964266228.5205,529,S1_depeg_stablecoin,indonesia,USDC
65,1.0469387357715099,2940964266228.5205,529,S1_depeg_stablecoin,indonesia,USDC
66,1.0651831154664795,2940964266228.5205,529,S1_depeg_stablecoin,indonesia,USDC
67,1.057022959555703,2940964266228.5205,529,S1_depeg_stablecoin,indonesia,USDC
68,1.0460879303191297,2940964266228.5205,529,S1_depeg_stablecoin,indonesia,USDC
69,1.0428838889641663,2940964266228.5205,529,S1_depeg_stablecoin,indonesia,USDC
70,1.0467352206683536,2940964266228.5205,529,S1_depeg_stablecoin,indonesia,USDC
71,1.07030114760284,2940964266228.5205,529,S1_depeg_stablecoin,indonesia,USDC
72,1.0659430090602027,2940964266228.5205,529,S1_depeg_stablecoin,indonesia,USDC
73,1.027889916415426,2940964266228.5205,529,S1_depeg_stablecoin,indonesia,USDC
74,1.0454494524910116,2940964266228.5205,529,S1_depeg_stablecoin,indonesia,USDC
75,1.0610715927098675,2940964266228.5205,529,S1_depeg_stablecoin,indonesia,USDC
76,1.0345421312054515,2940964266228.5205,529,S1_depeg_stablecoin,indonesia,USDC
77,1.0529331966263937,2940964266228.5205,529,S1_depeg_stablecoin,indonesia,USDC
78,1.0262128789272837,2940964266228.5205,529,S1_depeg_stablecoin,indonesia,USDC
79,1.0409538211666423,2940964266228.5205,529,S1_depeg_stablecoin,indonesia,USDC
80,1.0222265096132346,2940964266228.5205,529,S1_depeg_stablecoin,indonesia,USDC
81,1.0497062742803231,2940964266228.5205,529,S1_depeg_stablecoin,indonesia,USDC
82,1.0277819579729721,2940964266228.5205,529,S1_depeg_stablecoin,indonesia,USDC
83,1.0134276582302073,2940964266228.5205,529,S1_depeg_stablecoin,indonesia,USDC
84,1.0035191227778595,2940964266228.5205,529,S1_depeg_stablecoin,indonesia,USDC
85,0.990116289161372,2940964266228.5205,529,S1_depeg_stablecoin,indonesia,USDC
86,1.0153052337394046,2940964266228.5205,529,S1_depeg_stablecoin,indonesia,USDC
87,0.9238311675829078,2940964266228.5205,529,S1_depeg_stablecoin,indonesia,USDC
88,0.9171525401339777,2940483577115.164,529,S1_depeg_stablecoin,indonesia,USDC
89,0.9059383179478085,2939925078188.121,529,S1_depeg_stablecoin,indonesia,USDC
90,0.9438977538326124,2939315092602.437,529,S1_depeg_stablecoin,indonesia,USDC
91,0.9284195082839357,2939063273033.3037,529,S1_depeg_stablecoin,indonesia,USDC
92,0.9289539199304786,2938684109003.2744,529,S1_depeg_stablecoin,indonesia,USDC
93,0.9266450050986017,2938336173857.379,529,S1_depeg_stablecoin,indonesia,USDC
94,0.9479421505236124,2937972251901.986,529,S1_depeg_stablecoin,indonesia,USDC
95,0.9795270653850698,2937789986629.1855,529,S1_depeg_stablecoin,indonesia,USDC
96,0.9969707268967497,2937789986629.1855,529,S1_depeg_stablecoin,indonesia,USDC
97,0.9868232609064089,2937789986629.1855,529,S1_depeg_stablecoin,indonesia,USDC
98,1.020264783506699,2937789986629.1855,529,S1_depeg_stablecoin,indonesia,USDC
99,0.9940722512282907,2937789986629.1855,529,S1_depeg_stablecoin,indonesia,USDC
100,0.9959606354000595,2937789986629.1855,529,S1_depeg_stablecoin,indonesia,USDC
101,0.8298264757466929,2937789986629.1855,529,S1_depeg_stablecoin,indonesia,USDC
102,0.8538523796893212,2936703749128.5137,529,S1_depeg_stablecoin,indonesia,USDC
103,0.870269435554151,2935929871106.3096,529,S1_depeg_stablecoin,indonesia,USDC
104,0.8679348534607432,2935355720018.2754,529,S1_depeg_stablecoin,indonesia,USDC
105,0.8933964205009165,2934812295899.3535,529,S1_depeg_stablecoin,indonesia,USDC
106,0.8783809627335231,2934455546113.05,529,S1_depeg_stablecoin,indonesia,USDC
107,0.8476228264904693,2934040090598.5728,529,S1_depeg_stablecoin,indonesia,USDC
108,0.825057895611296,2933524970479.2744,529,S1_depeg_stablecoin,indonesia,USDC
109,0.8342850478171501,2933013187861.551,529,S1_depeg_stablecoin,indonesia,USDC
110,0.8583571450581736,2932585601607.4688,529,S1_depeg_stablecoin,indonesia,USDC
111,0.8872518588682303,2932302261994.872,529,S1_depeg_stablecoin,indonesia,USDC
112,0.8984014129238617,2932102201249.745,529,S1_depeg_stablecoin,indonesia,USDC
113,0.9067934376845328,2931943863936.5454,529,S1_depeg_stablecoin,indonesia,USDC
114,0.9237760502639126,2931814402720.621,529,S1_depeg_stablecoin,indonesia,USDC
115,0.906876571045748,2931725894991.5684,529,S1_depeg_stablecoin,indonesia,USDC
116,0.9269207322669253,2931616415087.047,529,S1_depeg_stablecoin,indonesia,USDC
117,0.9394689639112942,2931548972263.0327,529,S1_depeg_stablecoin,indonesia,USDC
118,0.9587900124451029,2931498867185.3525,529,S1_depeg_stablecoin,indonesia,USDC
119,0.9674699139683877,2931483246511.9688,529,S1_depeg_stablecoin,indonesia,USDC
120,0.9918964239581414,2931481824851.75,529,S1_depeg_stablecoin,indonesia,USDC
121,1.0116990048518233,2931481824851.75,529,S1_depeg_stablecoin,indonesia,USDC
122,1.0080723810936019,2931481824851.75,529,S1_depeg_stablecoin,indonesia,USDC
123,0.9935592580081654,2931481824851.75,529,S1_depeg_stablecoin,indonesia,USDC
124,0.9805604897681391,2931481824851.75,529,S1_depeg_stablecoin,indonesia,USDC
125,0.9634845134563506,2931481824851.75,529,S1_depeg_stablecoin,indonesia,USDC
126,0.9424184097325613,2931473509936.618,529,S1_depeg_stablecoin,indonesia,USDC
127,0.9591523563341138,2931434891927.1133,529,S1_depeg_stablecoin,indonesia,USDC
128,0.9967050097167214,2931419412854.2603,529,S1_depeg_stablecoin,indonesia,USDC
129,0.9950372507851178,2931419412854.2603,529,S1_depeg_stablecoin,indonesia,USDC
130,1.0029844657437703,2931419412854.2603,529,S1_depeg_stablecoin,indonesia,USDC
131,0.9936424817268553,2931419412854.2603,529,S1_depeg_stablecoin,indonesia,USDC
132,0.9868233217788672,2931419412854.2603,529,S1_depeg_stablecoin,indonesia,USDC
133,0.9996006205577221,2931419412854.2603,529,S1_depeg_stablecoin,indonesia,USDC
134,0.9972049537365856,2931419412854.2603,529,S1_depeg_stablecoin,indonesia,USDC
135,1.0104086140038366,2931419412854.2603,529,S1_depeg_stablecoin,indonesia,USDC
136,0.9988562883441852,2931419412854.2603,529,S1_depeg_stablecoin,indonesia,USDC
137,1.0149104953557768,2931419412854.2603,529,S1_depeg_stablecoin,indonesia,USDC
138,1.0042361385548746,2931419412854.2603,529,S1_depeg_stablecoin,indonesia,USDC
139,0.9882246937714121,2931419412854.2603,529,S1_depeg_stablecoin,indonesia,USDC
140,0.9848050635356493,2931419412854.2603,529,S1_depeg_stablecoin,indonesia,USDC
141,0.9711593834768283,2931419412854.2603,529,S1_depeg_stablecoin,indonesia,USDC
142,0.9650613480061515,2931419412854.2603,529,S1_depeg_stablecoin,indonesia,USDC
143,0.944927549930957,2931412849600.1846,529,S1_depeg_stablecoin,indonesia,USDC
144,0.9628778136149984,2931376613441.363,529,S1_depeg_stablecoin,indonesia,USDC
145,0.961535524913843,2931367100542.36,529,S1_depeg_stablecoin,indonesia,USDC
146,0.9702513245524886,2931357592029.9697,529,S1_depeg_stablecoin,indonesia,USDC
147,0.9516733171896227,2931357592029.9697,529,S1_depeg_stablecoin,indonesia,USDC
148,0.9491903873399697,2931333478624.7617,529,S1_depeg_stablecoin,indonesia,USDC
149,0.919701440815033,2931307555437.5,529,S1_depeg_stablecoin,indonesia,USDC
150,0.9193012171570545,2931241291530.4023,529,S1_depeg_stablecoin,indonesia,USDC
151,0.9317152496397643,2931177716387.288,529,S1_depeg_stablecoin,indonesia,USDC
152,0.9308511402345314,2931132434398.018,529,S1_depeg_stablecoin,indonesia,USDC
153,0.9148752982099715,2931087823844.224,529,S1_depeg_stablecoin,indonesia,USDC
154,0.90286265019312,2931023564498.3184,529,S1_depeg_stablecoin,indonesia,USDC
155,0.9144697656726047,2930955089476.05,529,S1_depeg_stablecoin,indonesia,USDC
156,0.9265383731898709,2930900862771.7246,529,S1_depeg_stablecoin,indonesia,USDC
157,0.966358350862718,2930859785303.3135,529,S1_depeg_stablecoin,indonesia,USDC
158,0.9613825774835291,2930856927353.1514,529,S1_depeg_stablecoin,indonesia,USDC
159,0.9975116013785253,2930850724432.624,529,S1_depeg_stablecoin,indonesia,USDC
160,1.0090894849717424,2930850724432.624,529,S1_depeg_stablecoin,indonesia,USDC
161,1.0150247540249098,2930850724432.624,529,S1_depeg_stablecoin,indonesia,USDC
162,1.0277256059890643,2930850724432.624,529,S1_depeg_stablecoin,indonesia,USDC
163,1.0311079990209986,2930850724432.624,529,S1_depeg_stablecoin,indonesia,USDC
164,1.0145538961857314,2930850724432.624,529,S1_depeg_stablecoin,indonesia,USDC
165,0.9927991056593095,2930850724432.624,529,S1_depeg_stablecoin,indonesia,USDC
166,0.9656659224693566,2930850724432.624,529,S1_depeg_stablecoin,indonesia,USDC
167,0.9752752135207372,2930847268688.296,529,S1_depeg_stablecoin,indonesia,USDC
168,0.9586247469972052,2930847268688.296,529,S1_depeg_stablecoin,indonesia,USDC
169,0.9422286649251653,2930838082446.7275,529,S1_depeg_stablecoin,indonesia,USDC
170,0.9105259191932547,2930812859315.826,529,S1_depeg_stablecoin,indonesia,USDC
171,0.9217729627070989,2930761729022.7773,529,S1_depeg_stablecoin,indonesia,USDC
172,0.9222463860580873,2930723862662.334,529,S1_depeg_stablecoin,indonesia,USDC
173,0.9511821614992266,2930689187036.331,529,S1_depeg_stablecoin,indonesia,USDC
174,0.9380544890185052,2930676826651.4443,529,S1_depeg_stablecoin,indonesia,USDC
175,0.929387166431952,2930653868739.749,529,S1_depeg_stablecoin,indonesia,USDC
176,0.9334365449083812,2930627231402.453,529,S1_depeg_stablecoin,indonesia,USDC
177,0.9345125294336043,2930601970765.917,529,S1_depeg_stablecoin,indonesia,USDC
178,0.9553444550693043,2930580554556.3213,529,S1_depeg_stablecoin,indonesia,USDC
179,0.9427011098927496,2930571621669.476,529,S1_depeg_stablecoin,indonesia,USDC
180,0.9565740825033465,2930554935141.6426,529,S1_depeg_stablecoin,indonesia,USDC
181,0.9601986614726243,2930547564090.6733,529,S1_depeg_stablecoin,indonesia,USDC
182,0.954345899291847,2930542416435.6787,529,S1_depeg_stablecoin,indonesia,USDC
183,0.9524281029898419,2930532970233.9863,529,S1_depeg_stablecoin,indonesia,USDC
184,0.957866290565018,2930523469941.754,529,S1_depeg_stablecoin,indonesia,USDC
185,0.9736467417576107,2930517216706.43,529,S1_depeg_stablecoin,indonesia,USDC
186,0.9529176620527341,2930517216706.43,529,S1_depeg_stablecoin,indonesia,USDC
187,0.9589780100998769,2930507792121.822,529,S1_depeg_stablecoin,indonesia,USDC
188,0.9475491667867778,2930501911788.227,529,S1_depeg_stablecoin,indonesia,USDC
189,0.9486867501227819,2930489301701.243,529,S1_depeg_stablecoin,indonesia,USDC
190,0.9504369778012924,2930478081191.665,529,S1_depeg_stablecoin,indonesia,USDC
191,0.9443548906618684,2930467573734.892,529,S1_depeg_stablecoin,indonesia,USDC
192,0.9580657710961269,2930454077338.978,529,S1_depeg_stablecoin,indonesia,USDC
193,0.9585666254009906,2930447962695.813,529,S1_depeg_stablecoin,indonesia,USDC
194,0.9511101081165665,2930442176744.47,529,S1_depeg_stablecoin,indonesia,USDC
195,0.9492470158381324,2930433540540.5405,529,S1_depeg_stablecoin,indonesia,USDC
196,0.9577412315481127,2930424170622.1006,529,S1_depeg_stablecoin,indonesia,USDC
197,1.0028720469956474,2930419285099.078,529,S1_depeg_stablecoin,indonesia,USDC
198,1.0224043051324778,2930419285099.078,529,S1_depeg_stablecoin,indonesia,USDC
199,1.0226908595725703,2930419285099.078,529,S1_depeg_stablecoin,indonesia,USDC
200,1.0243121482542659,2930419285099.078,529,S1_depeg_stablecoin,indonesia,USDC
201,1.0309703043982728,2930419285099.078,529,S1_depeg_stablecoin,indonesia,USDC
202,1.0303500376869597,2930419285099.078,529,S1_depeg_stablecoin,indonesia,USDC
203,1.063954826008216,2930419285099.078,529,S1_depeg_stablecoin,indonesia,USDC
204,1.0738606944548563,2930419285099.078,529,S1_depeg_stablecoin,indonesia,USDC
205,1.0572528002909598,2930419285099.078,529,S1_depeg_stablecoin,indonesia,USDC
206,1.0373272696216342,2930419285099.078,529,S1_depeg_stablecoin,indonesia,USDC
207,1.0423501920544298,2930419285099.078,529,S1_depeg_stablecoin,indonesia,USDC
208,1.0456443449977921,2930419285099.078,529,S1_depeg_stablecoin,indonesia,USDC
209,1.06031747409692,2930419285099.078,529,S1_depeg_stablecoin,indonesia,USDC
210,1.0131381332436213,2930419285099.078,529,S1_depeg_stablecoin,indonesia,USDC
211,1.0574370689295272,2930419285099.078,529,S1_depeg_stablecoin,indonesia,USDC
212,1.0541693535806216,2930419285099.078,529,S1_depeg_stablecoin,indonesia,USDC
213,1.040454454565985,2930419285099.078,529,S1_depeg_stablecoin,indonesia,USDC
214,1.0147202155222221,2930419285099.078,529,S1_depeg_stablecoin,indonesia,USDC
215,1.0110362586879504,2930419285099.078,529,S1_depeg_stablecoin,indonesia,USDC
216,1.0143740737673301,2930419285099.078,529,S1_depeg_stablecoin,indonesia,USDC
217,0.9874019713545517,2930419285099.078,529,S1_depeg_stablecoin,indonesia,USDC
218,0.828965056772507,2930419285099.078,529,S1_depeg_stablecoin,indonesia,USDC
219,0.8655668799575321,2930354778193.79,529,S1_depeg_stablecoin,indonesia,USDC
220,0.8833389798047848,2930311961495.9043,529,S1_depeg_stablecoin,indonesia,USDC
221,0.9153792379068074,2930280256506.6235,529,S1_depeg_stablecoin,indonesia,USDC
222,0.932614619833316,2930263468410.2407,529,S1_depeg_stablecoin,indonesia,USDC
223,0.9452063112452831,2930252724157.453,529,S1_depeg_stablecoin,indonesia,USDC
224,0.9731736791615433,2930245449653.672,529,S1_depeg_stablecoin,indonesia,USDC
225,0.9785705165613242,2930245449653.672,529,S1_depeg_stablecoin,indonesia,USDC
226,0.9936450087920515,2930245449653.672,529,S1_depeg_stablecoin,indonesia,USDC
227,1.0206463207158452,2930245449653.672,529,S1_depeg_stablecoin,indonesia,USDC
228,1.0038347027688714,2930245449653.672,529,S1_depeg_stablecoin,indonesia,USDC
229,1.03460432011701,2930245449653.672,529,S1_depeg_stablecoin,indonesia,USDC
230,1.0358471927665482,2930245449653.672,529,S1_depeg_stablecoin,indonesia,USDC
231,1.0300160942004617,2930245449653.672,529,S1_depeg_stablecoin,indonesia,USDC
232,0.9918504603231093,2930245449653.672,529,S1_depeg_stablecoin,indonesia,USDC
233,1.0184244020828517,2930245449653.672,529,S1_depeg_stablecoin,indonesia,USDC
234,1.0443152338307775,2930245449653.672,529,S1_depeg_stablecoin,indonesia,USDC
235,1.0213473853911421,2930245449653.672,529,S1_depeg_stablecoin,indonesia,USDC
236,0.994017431283949,2930245449653.672,529,S1_depeg_stablecoin,indonesia,USDC
237,0.990243286041265,2930245449653.672,529,S1_depeg_stablecoin,indonesia,USDC
238,1.025902305858336,2930245449653.672,529,S1_depeg_stablecoin,indonesia,USDC
239,1.0252637324459266,2930245449653.672,529,S1_depeg_stablecoin,indonesia,USDC
240,1.0224024637049371,2930245449653.672,529,S1_depeg_stablecoin,indonesia,USDC
241,1.0207798034192703,2930245449653.672,529,S1_depeg_stablecoin,indonesia,USDC
242,1.0408347271256861,2930245449653.672,529,S1_depeg_stablecoin,indonesia,USDC
243,1.0543891871068167,2930245449653.672,529,S1_depeg_stablecoin,indonesia,USDC
244,1.049743356377984,2930245449653.672,529,S1_depeg_stablecoin,indonesia,USDC
245,1.0188726579157836,2930245449653.672,529,S1_depeg_stablecoin,indonesia,USDC
246,0.9989303601263076,2930245449653.672,529,S1_depeg_stablecoin,indonesia,USDC
247,0.9437824875392687,2930245449653.672,529,S1_depeg_stablecoin,indonesia,USDC
248,0.9734910268213618,2930237936369.6035,529,S1_depeg_stablecoin,indonesia,USDC
249,0.9600474415752007,2930237936369.6035,529,S1_depeg_stablecoin,indonesia,USDC
250,0.9528465388593043,2930235633130.2734,529,S1_depeg_stablecoin,indonesia,USDC
251,0.959470834240723,2930231164172.288,529,S1_depeg_stablecoin,indonesia,USDC
252,0.9375800988853441,2930228189109.9087,529,S1_depeg_stablecoin,indonesia,USDC
253,0.9135696147777221,2930219128157.639,529,S1_depeg_stablecoin,indonesia,USDC
254,0.9296369259876017,2930204655992.0605,529,S1_depeg_stablecoin,indonesia,USDC
255,0.9325462615187894,2930195252195.5303,529,S1_depeg_stablecoin,indonesia,USDC
256,0.9683717763332198,2930186614930.048,529,S1_depeg_stablecoin,indonesia,USDC
257,0.9940155796406179,2930186356050.1514,529,S1_depeg_stablecoin,indonesia,USDC
258,1.0145625433412353,2930186356050.1514,529,S1_depeg_stablecoin,indonesia,USDC
259,1.0030226860991935,2930186356050.1514,529,S1_depeg_stablecoin,indonesia,USDC
260,1.0247341231302074,2930186356050.1514,529,S1_depeg_stablecoin,indonesia,USDC
261,1.0483699404202569,2930186356050.1514,529,S1_depeg_stablecoin,indonesia,USDC
262,1.0612613793473171,2930186356050.1514,529,S1_depeg_stablecoin,indonesia,USDC
263,1.0332301861151083,2930186356050.1514,529,S1_depeg_stablecoin,indonesia,USDC
264,1.038077069831822,2930186356050.1514,529,S1_depeg_stablecoin,indonesia,USDC
265,1.0824526841395885,2930186356050.1514,529,S1_depeg_stablecoin,indonesia,USDC
266,1.103274684868161,2930186356050.1514,529,S1_depeg_stablecoin,indonesia,USDC
267,1.103546455052165,2930186356050.1514,529,S1_depeg_stablecoin,indonesia,USDC
268,1.071121208040314,2930186356050.1514,529,S1_depeg_stablecoin,indonesia,USDC
269,1.0735384837048476,2930186356050.1514,529,S1_depeg_stablecoin,indonesia,USDC
270,1.0722029088476808,2930186356050.1514,529,S1_depeg_stablecoin,indonesia,USDC
271,1.0529878741930345,2930186356050.1514,529,S1_depeg_stablecoin,indonesia,USDC
272,1.0532535373605691,2930186356050.1514,529,S1_depeg_stablecoin,indonesia,USDC
273,1.0311553161576894,2930186356050.1514,529,S1_depeg_stablecoin,indonesia,USDC
274,0.9816552898782686,2930186356050.1514,529,S1_depeg_stablecoin,indonesia,USDC
275,1.0314304730063595,2930186356050.1514,529,S1_depeg_stablecoin,indonesia,USDC
276,1.0285129819924133,2930186356050.1514,529,S1_depeg_stablecoin,indonesia,USDC
277,1.040867492597689,2930186356050.1514,529,S1_depeg_stablecoin,indonesia,USDC
278,0.9842912648834831,2930186356050.1514,529,S1_depeg_stablecoin,indonesia,USDC
279,0.9740751728374195,2930186356050.1514,529,S1_depeg_stablecoin,indonesia,USDC
280,0.9606325717907322,2930186356050.1514,529,S1_depeg_stablecoin,indonesia,USDC
281,0.9750023918354687,2930184450123.1416,529,S1_depeg_stablecoin,indonesia,USDC
282,0.9926863187831383,2930184450123.1416,529,S1_depeg_stablecoin,indonesia,USDC
283,1.0229653951304702,2930184450123.1416,529,S1_depeg_stablecoin,indonesia,USDC
284,1.0289174221300634,2930184450123.1416,529,S1_depeg_stablecoin,indonesia,USDC
285,0.8799247744714193,2930184450123.1416,529,S1_depeg_stablecoin,indonesia,USDC
286,0.8904219860992971,2930164267942.9443,529,S1_depeg_stablecoin,indonesia,USDC
287,0.9160799039005384,2930147270935.407,529,S1_depeg_stablecoin,indonesia,USDC
288,0.9333373417790605,2930137244565.043,529,S1_depeg_stablecoin,indonesia,USDC
289,0.9216640944988972,2930130852651.453,529,S1_depeg_stablecoin,indonesia,USDC
290,0.902118685057104,2930122431499.6025,529,S1_depeg_stablecoin,indonesia,USDC
291,0.9160612649337477,2930111694763.248,529,S1_depeg_stablecoin,indonesia,USDC
292,0.9300567621360946,2930103539095.031,529,S1_depeg_stablecoin,indonesia,USDC
293,0.9248043883044432,2930097679947.2285,529,S1_depeg_stablecoin,indonesia,USDC
294,0.9402074362894454,2930091129212.9194,529,S1_depeg_stablecoin,indonesia,USDC
295,0.930998535942334,2930087012223.594,529,S1_depeg_stablecoin,indonesia,USDC
296,0.9501624426155054,2930081788204.907,529,S1_depeg_stablecoin,indonesia,USDC
297,0.9698405500689984,2930079237916.6484,529,S1_depeg_stablecoin,indonesia,USDC
298,0.9806289838715573,2930079217837.211,529,S1_depeg_stablecoin,indonesia,USDC
299,0.9951626134158049,2930079217837.211,529,S1_depeg_stablecoin,indonesia,USDC
300,1.0124179967943994,2930079217837.211,529,S1_depeg_stablecoin,indonesia,USDC
301,1.014088279095839,2930079217837.211,529,S1_depeg_stablecoin,indonesia,USDC
302,1.0163991498771592,2930079217837.211,529,S1_depeg_stablecoin,indonesia,USDC
303,1.0231117477841312,2930079217837.211,529,S1_depeg_stablecoin,indonesia,USDC
304,1.015856375812075,2930079217837.211,529,S1_depeg_stablecoin,indonesia,USDC
305,1.0049246186385248,2930079217837.211,529,S1_depeg_stablecoin,indonesia,USDC
306,0.9917966679656078,2930079217837.211,529,S1_depeg_stablecoin,indonesia,USDC
307,1.011585329231489,2930079217837.211,529,S1_depeg_stablecoin,indonesia,USDC
308,1.0220318453958575,2930079217837.211,529,S1_depeg_stablecoin,indonesia,USDC
309,0.9861234237377918,2930079217837.211,529,S1_depeg_stablecoin,indonesia,USDC
310,0.9686484652857118,2930079217837.211,529,S1_depeg_stablecoin,indonesia,USDC
311,1.0117078420307242,2930079217837.211,529,S1_depeg_stablecoin,indonesia,USDC
312,1.0250358653698695,2930079217837.211,529,S1_depeg_stablecoin,indonesia,USDC
313,1.0141208444818046,2930079217837.211,529,S1_depeg_stablecoin,indonesia,USDC
314,1.0153083073710225,2930079217837.211,529,S1_depeg_stablecoin,indonesia,USDC
315,1.0037406402770948,2930079217837.211,529,S1_depeg_stablecoin,indonesia,USDC
316,1.0004734451709472,2930079217837.211,529,S1_depeg_stablecoin,indonesia,USDC
317,1.0228359651941152,2930079217837.211,529,S1_depeg_stablecoin,indonesia,USDC
318,1.0305572080707674,2930079217837.211,529,S1_depeg_stablecoin,indonesia,USDC
319,1.0460278371332694,2930079217837.211,529,S1_depeg_stablecoin,indonesia,USDC
320,1.04176867054236,2930079217837.211,529,S1_depeg_stablecoin,indonesia,USDC
321,1.0273266014992044,2930079217837.211,529,S1_depeg_stablecoin,indonesia,USDC
322,1.0105370018031712,2930079217837.211,529,S1_depeg_stablecoin,indonesia,USDC
323,1.0235858375480387,2930079217837.211,529,S1_depeg_stablecoin,indonesia,USDC
324,1.0415985067265177,2930079217837.211,529,S1_depeg_stablecoin,indonesia,USDC
325,1.0069066864413516,2930079217837.211,529,S1_depeg_stablecoin,indonesia,USDC
326,0.9925599599113754,2930079217837.211,529,S1_depeg_stablecoin,indonesia,USDC
327,1.0112708780555213,2930079217837.211,529,S1_depeg_stablecoin,indonesia,USDC
328,1.0277868189305464,2930079217837.211,529,S1_depeg_stablecoin,indonesia,USDC
329,1.022984418577954,2930079217837.211,529,S1_depeg_stablecoin,indonesia,USDC
330,1.0611819760666552,2930079217837.211,529,S1_depeg_stablecoin,indonesia,USDC
331,1.0527268248795942,2930079217837.211,529,S1_depeg_stablecoin,indonesia,USDC
332,1.0218919028175484,2930079217837.211,529,S1_depeg_stablecoin,indonesia,USDC
333,1.0437468944971375,2930079217837.211,529,S1_depeg_stablecoin,indonesia,USDC
334,1.0300933453152976,2930079217837.211,529,S1_depeg_stablecoin,indonesia,USDC
335,1.011529700016558,2930079217837.211,529,S1_depeg_stablecoin,indonesia,USDC
336,1.014519281133491,2930079217837.211,529,S1_depeg_stablecoin,indonesia,USDC
337,1.025728174084493,2930079217837.211,529,S1_depeg_stablecoin,indonesia,USDC
338,0.9767860289431242,2930079217837.211,529,S1_depeg_stablecoin,indonesia,USDC
339,0.9518465939673345,2930079217837.211,529,S1_depeg_stablecoin,indonesia,USDC
340,0.9648483683832463,2930076932165.113,529,S1_depeg_stablecoin,indonesia,USDC
341,0.9840761797810836,2930076512822.2344,529,S1_depeg_stablecoin,indonesia,USDC
342,0.9772509337724973,2930076512822.2344,529,S1_depeg_stablecoin,indonesia,USDC
343,0.9349589161618064,2930076512822.2344,529,S1_depeg_stablecoin,indonesia,USDC
344,0.9242100673645794,2930072198562.46,529,S1_depeg_stablecoin,indonesia,USDC
345,0.9192385400190165,2930067062101.3286,529,S1_depeg_stablecoin,indonesia,USDC
346,0.9596842923784346,2930061764742.3647,529,S1_depeg_stablecoin,indonesia,USDC
347,0.960169522017527,2930060869049.3037,529,S1_depeg_stablecoin,indonesia,USDC
348,0.9986094709689562,2930059888926.679,529,S1_depeg_stablecoin,indonesia,USDC
349,1.028272037412472,2930059888926.679,529,S1_depeg_stablecoin,indonesia,USDC
350,1.0330186363554585,2930059888926.679,529,S1_depeg_stablecoin,indonesia,USDC
351,1.0224972106459962,2930059888926.679,529,S1_depeg_stablecoin,indonesia,USDC
352,1.0314686039645047,2930059888926.679,529,S1_depeg_stablecoin,indonesia,USDC
353,1.015283754483583,2930059888926.679,529,S1_depeg_stablecoin,indonesia,USDC
354,1.005121986475099,2930059888926.679,529,S1_depeg_stablecoin,indonesia,USDC
355,0.9624593025802408,2930059888926.679,529,S1_depeg_stablecoin,indonesia,USDC
356,0.9774732877531654,2930059156746.9634,529,S1_depeg_stablecoin,indonesia,USDC
357,0.9962304224304104,2930059156746.9634,529,S1_depeg_stablecoin,indonesia,USDC
358,0.9965505677046909,2930059156746.9634,529,S1_depeg_stablecoin,indonesia,USDC
359,1.0243362355445123,2930059156746.9634,529,S1_depeg_stablecoin,indonesia,USDC
360,1.003535554677903,2930059156746.9634,529,S1_depeg_stablecoin,indonesia,USDC
361,0.9835741833158793,2930059156746.9634,529,S1_depeg_stablecoin,indonesia,USDC
362,0.9821375733365355,2930059156746.9634,529,S1_depeg_stablecoin,indonesia,USDC
363,1.0107218020721593,2930059156746.9634,529,S1_depeg_stablecoin,indonesia,USDC
364,1.007379940384194,2930059156746.9634,529,S1_depeg_stablecoin,indonesia,USDC
365,1.0443055369817045,2930059156746.9634,529,S1_depeg_stablecoin,indonesia,USDC
366,1.0691195941532188,2930059156746.9634,529,S1_depeg_stablecoin,indonesia,USDC
367,1.0649962751084323,2930059156746.9634,529,S1_depeg_stablecoin,indonesia,USDC
368,1.0730150740617797,2930059156746.9634,529,S1_depeg_stablecoin,indonesia,USDC
369,1.0831903802229843,2930059156746.9634,529,S1_depeg_stablecoin,indonesia,USDC
370,1.0754311945859734,2930059156746.9634,529,S1_depeg_stablecoin,indonesia,USDC
371,1.047938811304202,2930059156746.9634,529,S1_depeg_stablecoin,indonesia,USDC
372,1.0544030897890606,2930059156746.9634,529,S1_depeg_stablecoin,indonesia,USDC
373,1.0509575663513604,2930059156746.9634,529,S1_depeg_stablecoin,indonesia,USDC
374,1.0480113521001995,2930059156746.9634,529,S1_depeg_stablecoin,indonesia,USDC
375,1.0620169500905492,2930059156746.9634,529,S1_depeg_stablecoin,indonesia,USDC
376,1.0571928911475557,2930059156746.9634,529,S1_depeg_stablecoin,indonesia,USDC
377,1.0327478535558057,2930059156746.9634,529,S1_depeg_stablecoin,indonesia,USDC
378,1.0711057556289239,2930059156746.9634,529,S1_depeg_stablecoin,indonesia,USDC
379,1.1135041887064656,2930059156746.9634,529,S1_depeg_stablecoin,indonesia,USDC
380,1.124960310478109,2930059156746.9634,529,S1_depeg_stablecoin,indonesia,USDC
381,1.1392052012688731,2930059156746.9634,529,S1_depeg_stablecoin,indonesia,USDC
382,1.1286342414619426,2930059156746.9634,529,S1_depeg_stablecoin,indonesia,USDC
383,1.133182127017259,2930059156746.9634,529,S1_depeg_stablecoin,indonesia,USDC
384,1.1178947716118868,2930059156746.9634,529,S1_depeg_stablecoin,indonesia,USDC
385,1.1193346142766774,2930059156746.9634,529,S1_depeg_stablecoin,indonesia,USDC
386,1.100459709587152,2930059156746.9634,529,S1_depeg_stablecoin,indonesia,USDC
387,1.1091100871450288,2930059156746.9634,529,S1_depeg_stablecoin,indonesia,USDC
388,1.0900034662558495,2930059156746.9634,529,S1_depeg_stablecoin,indonesia,USDC
389,1.1125396504717164,2930059156746.9634,529,S1_depeg_stablecoin,indonesia,USDC
390,1.1211290006788224,2930059156746.9634,529,S1_depeg_stablecoin,indonesia,USDC
391,1.1379771909639753,2930059156746.9634,529,S1_depeg_stablecoin,indonesia,USDC
392,1.1473995676503734,2930059156746.9634,529,S1_depeg_stablecoin,indonesia,USDC
393,1.1417983557858666,2930059156746.9634,529,S1_depeg_stablecoin,indonesia,USDC
394,1.1517975975305694,2930059156746.9634,529,S1_depeg_stablecoin,indonesia,USDC
395,1.1364116331355798,2930059156746.9634,529,S1_depeg_stablecoin,indonesia,USDC
396,1.1143073712364986,2930059156746.9634,529,S1_depeg_stablecoin,indonesia,USDC
397,1.109016260552956,2930059156746.9634,529,S1_depeg_stablecoin,indonesia,USDC
398,1.1008695234549655,2930059156746.9634,529,S1_depeg_stablecoin,indonesia,USDC
399,1.1116708688247243,2930059156746.9634,529,S1_depeg_stablecoin,indonesia,USDC
400,1.1056476038483056,2930059156746.9634,529,S1_depeg_stablecoin,indonesia,USDC
401,1.0801419820578138,2930059156746.9634,529,S1_depeg_stablecoin,indonesia,USDC
402,1.1085070087500262,2930059156746.9634,529,S1_depeg_stablecoin,indonesia,USDC
403,1.1155850233967552,2930059156746.9634,529,S1_depeg_stablecoin,indonesia,USDC
404,1.109872898406076,2930059156746.9634,529,S1_depeg_stablecoin,indonesia,USDC
405,1.0690179041261774,2930059156746.9634,529,S1_depeg_stablecoin,indonesia,USDC
406,1.031652767173504,2930059156746.9634,529,S1_depeg_stablecoin,indonesia,USDC
407,1.0215687002152258,2930059156746.9634,529,S1_depeg_stablecoin,indonesia,USDC
408,1.0287795543476872,2930059156746.9634,529,S1_depeg_stablecoin,indonesia,USDC
409,0.9973697708033386,2930059156746.9634,529,S1_depeg_stablecoin,indonesia,USDC
410,1.0014216297546987,2930059156746.9634,529,S1_depeg_stablecoin,indonesia,USDC
411,0.9858811108211523,2930059156746.9634,529,S1_depeg_stablecoin,indonesia,USDC
412,0.9990294536429648,2930059156746.9634,529,S1_depeg_stablecoin,indonesia,USDC
413,0.9981661082643911,2930059156746.9634,529,S1_depeg_stablecoin,indonesia,USDC
414,1.0026886377440312,2930059156746.9634,529,S1_depeg_stablecoin,indonesia,USDC
415,1.03011796849188,2930059156746.9634,529,S1_depeg_stablecoin,indonesia,USDC
416,1.0177633835980893,2930059156746.9634,529,S1_depeg_stablecoin,indonesia,USDC
417,1.0301173809212738,2930059156746.9634,529,S1_depeg_stablecoin,indonesia,USDC
418,1.065265253691135,2930059156746.9634,529,S1_depeg_stablecoin,indonesia,USDC
419,1.0672991955743734,2930059156746.9634,529,S1_depeg_stablecoin,indonesia,USDC
420,1.0558125453419431,2930059156746.9634,529,S1_depeg_stablecoin,indonesia,USDC
421,1.0619329235116626,2930059156746.9634,529,S1_depeg_stablecoin,indonesia,USDC
422,1.0983241638730952,2930059156746.9634,529,S1_depeg_stablecoin,indonesia,USDC
423,1.1109274920006085,2930059156746.9634,529,S1_depeg_stablecoin,indonesia,USDC
424,1.0938041141762176,2930059156746.9634,529,S1_depeg_stablecoin,indonesia,USDC
425,1.0718256341173642,2930059156746.9634,529,S1_depeg_stablecoin,indonesia,USDC
426,1.0889251432722773,2930059156746.9634,529,S1_depeg_stablecoin,indonesia,USDC
427,1.0879969399521934,2930059156746.9634,529,S1_depeg_stablecoin,indonesia,USDC
428,1.0915107462957827,2930059156746.9634,529,S1_depeg_stablecoin,indonesia,USDC
429,1.0949573829044144,2930059156746.9634,529,S1_depeg_stablecoin,indonesia,USDC
430,1.0481199952447144,2930059156746.9634,529,S1_depeg_stablecoin,indonesia,USDC
431,1.0474238389467332,2930059156746.9634,529,S1_depeg_stablecoin,indonesia,USDC
432,1.0532973995370747,2930059156746.9634,529,S1_depeg_stablecoin,indonesia,USDC
433,1.0717143038613588,2930059156746.9634,529,S1_depeg_stablecoin,indonesia,USDC
434,1.049795153961496,2930059156746.9634,529,S1_depeg_stablecoin,indonesia,USDC
435,1.050364736339267,2930059156746.9634,529,S1_depeg_stablecoin,indonesia,USDC
436,1.071499659160222,2930059156746.9634,529,S1_depeg_stablecoin,indonesia,USDC
437,1.0503887334187698,2930059156746.9634,529,S1_depeg_stablecoin,indonesia,USDC
438,1.0522044695551849,2930059156746.9634,529,S1_depeg_stablecoin,indonesia,USDC
439,1.0322138905250324,2930059156746.9634,529,S1_depeg_stablecoin,indonesia,USDC
440,1.0457413637208932,2930059156746.9634,529,S1_depeg_stablecoin,indonesia,USDC
441,1.0395951806272536,2930059156746.9634,529,S1_depeg_stablecoin,indonesia,USDC
442,1.0368686333214185,2930059156746.9634,529,S1_depeg_stablecoin,indonesia,USDC
443,1.040435940568203,2930059156746.9634,529,S1_depeg_stablecoin,indonesia,USDC
444,1.0041390968913282,2930059156746.9634,529,S1_depeg_stablecoin,indonesia,USDC
445,0.9786181877269563,2930059156746.9634,529,S1_depeg_stablecoin,indonesia,USDC
446,0.9978266854009099,2930059156746.9634,529,S1_depeg_stablecoin,indonesia,USDC
447,1.0050040199903154,2930059156746.9634,529,S1_depeg_stablecoin,indonesia,USDC
448,1.011694379249841,2930059156746.9634,529,S1_depeg_stablecoin,indonesia,USDC
449,0.8728854272544261,2930059156746.9634,529,S1_depeg_stablecoin,indonesia,USDC
450,0.8680137240514749,2930048937654.081,529,S1_depeg_stablecoin,indonesia,USDC
451,0.7572174366780041,2930039905268.491,529,S1_depeg_stablecoin,indonesia,USDC
452,0.8033553170425651,2930022087345.8276,529,S1_depeg_stablecoin,indonesia,USDC
453,0.8140892558382822,2930010920268.123,529,S1_depeg_stablecoin,indonesia,USDC
454,0.8474682519122647,2930002783292.169,529,S1_depeg_stablecoin,indonesia,USDC
455,0.8788978363826355,2929997370084.893,529,S1_depeg_stablecoin,indonesia,USDC
456,0.8659870219677301,2929993672346.381,529,S1_depeg_stablecoin,indonesia,USDC
457,0.8622778018438386,2929989835756.5483,529,S1_depeg_stablecoin,indonesia,USDC
458,0.8793061244642967,2929986356347.8555,529,S1_depeg_stablecoin,indonesia,USDC
459,0.8877706324035041,2929983801738.0156,529,S1_depeg_stablecoin,indonesia,USDC
460,0.8985058824637009,2929981537009.1396,529,S1_depeg_stablecoin,indonesia,USDC
461,0.9009024794122873,2929979777641.397,529,S1_depeg_stablecoin,indonesia,USDC
462,0.9763299848755262,2929978237241.0737,529,S1_depeg_stablecoin,indonesia,USDC
463,0.9749620286830388,2929978237241.0737,529,S1_depeg_stablecoin,indonesia,USDC
464,1.0045932531128143,2929978237241.0737,529,S1_depeg_stablecoin,indonesia,USDC
465,1.011807759467847,2929978237241.0737,529,S1_depeg_stablecoin,indonesia,USDC
466,1.0366260853723541,2929978237241.0737,529,S1_depeg_stablecoin,indonesia,USDC
467,1.0544959040511503,2929978237241.0737,529,S1_depeg_stablecoin,indonesia,USDC
468,0.9834317448573405,2929978237241.0737,529,S1_depeg_stablecoin,indonesia,USDC
469,0.9750106621415859,2929978237241.0737,529,S1_depeg_stablecoin,indonesia,USDC
470,0.9698344170253209,2929978237241.0737,529,S1_depeg_stablecoin,indonesia,USDC
471,0.969792274603565,2929978236026.975,529,S1_depeg_stablecoin,indonesia,USDC
472,0.9948952529427811,2929978234504.136,529,S1_depeg_stablecoin,indonesia,USDC
473,0.9781075100879849,2929978234504.136,529,S1_depeg_stablecoin,indonesia,USDC
474,0.946597068880325,2929978234504.136,529,S1_depeg_stablecoin,indonesia,USDC
475,0.9534520405866919,2929977782484.0273,529,S1_depeg_stablecoin,indonesia,USDC
476,0.9746829336242125,2929977429413.6226,529,S1_depeg_stablecoin,indonesia,USDC
477,0.9674899400562229,2929977429413.6226,529,S1_depeg_stablecoin,indonesia,USDC
478,0.9829259087547411,2929977376772.144,529,S1_depeg_stablecoin,indonesia,USDC
479,0.983092747883972,2929977376772.144,529,S1_depeg_stablecoin,indonesia,USDC
480,0.9772830499426778,2929977376772.144,529,S1_depeg_stablecoin,indonesia,USDC
481,0.9994743348998679,2929977376772.144,529,S1_depeg_stablecoin,indonesia,USDC
482,1.0003302502834837,2929977376772.144,529,S1_depeg_stablecoin,indonesia,USDC
483,1.0004499631856367,2929977376772.144,529,S1_depeg_stablecoin,indonesia,USDC
484,0.9928568788151595,2929977376772.144,529,S1_depeg_stablecoin,indonesia,USDC
485,1.0016289887719334,2929977376772.144,529,S1_depeg_stablecoin,indonesia,USDC
486,1.0077343773150396,2929977376772.144,529,S1_depeg_stablecoin,indonesia,USDC
487,0.9917256368932434,2929977376772.144,529,S1_depeg_stablecoin,indonesia,USDC
488,1.0133806340313423,2929977376772.144,529,S1_depeg_stablecoin,indonesia,USDC
489,0.9938918542792204,2929977376772.144,529,S1_depeg_stablecoin,indonesia,USDC
490,0.9758553794793713,2929977376772.144,529,S1_depeg_stablecoin,indonesia,USDC
491,0.9288303466438941,2929977376772.144,529,S1_depeg_stablecoin,indonesia,USDC
492,0.9313591455505459,2929976541127.9766,529,S1_depeg_stablecoin,indonesia,USDC
493,0.9641737084180545,2929975788176.935,529,S1_depeg_stablecoin,indonesia,USDC
494,0.9297524497148759,2929975710381.759,529,S1_depeg_stablecoin,indonesia,USDC
495,0.9632748278887051,2929974937628.7124,529,S1_depeg_stablecoin,indonesia,USDC
496,0.9544678344175359,2929974813863.02,529,S1_depeg_stablecoin,indonesia,USDC
497,0.9578592405386857,2929974530000.9536,529,S1_depeg_stablecoin,indonesia,USDC
498,0.9593016690364385,2929974324690.414,529,S1_depeg_stablecoin,indonesia,USDC
499,0.9996700078926138,2929974158286.4585,529,S1_depeg_stablecoin,indonesia,USDC
500,1.0080650546385281,2929974158286.4585,529,S1_depeg_stablecoin,indonesia,USDC
501,1.02898971014266,2929974158286.4585,529,S1_depeg_stablecoin,indonesia,USDC
502,1.0328144455601513,2929974158286.4585,529,S1_depeg_stablecoin,indonesia,USDC
503,1.0055398204894288,2929974158286.4585,529,S1_depeg_stablecoin,indonesia,USDC
504,0.9967762812492558,2929974158286.4585,529,S1_depeg_stablecoin,indonesia,USDC
505,0.9862335540585793,2929974158286.4585,529,S1_depeg_stablecoin,indonesia,USDC
506,1.007287472247687,2929974158286.4585,529,S1_depeg_stablecoin,indonesia,USDC
507,0.9580036188366648,2929974158286.4585,529,S1_depeg_stablecoin,indonesia,USDC
508,1.0057282876578366,2929973971410.1973,529,S1_depeg_stablecoin,indonesia,USDC
509,1.031620697786562,2929973971410.1973,529,S1_depeg_stablecoin,indonesia,USDC
510,1.012936402524041,2929973971410.1973,529,S1_depeg_stablecoin,indonesia,USDC
511,1.0365433985438084,2929973971410.1973,529,S1_depeg_stablecoin,indonesia,USDC
512,1.0458498081592402,2929973971410.1973,529,S1_depeg_stablecoin,indonesia,USDC
513,1.0377074054467612,2929973971410.1973,529,S1_depeg_stablecoin,indonesia,USDC
514,1.0503863909256685,2929973971410.1973,529,S1_depeg_stablecoin,indonesia,USDC
515,1.0443727388592228,2929973971410.1973,529,S1_depeg_stablecoin,indonesia,USDC
516,1.0256740949800942,2929973971410.1973,529,S1_depeg_stablecoin,indonesia,USDC
517,1.0455640918514373,2929973971410.1973,529,S1_depeg_stablecoin,indonesia,USDC
518,1.0459122456978758,2929973971410.1973,529,S1_depeg_stablecoin,indonesia,USDC
519,1.0338516205987816,2929973971410.1973,529,S1_depeg_stablecoin,indonesia,USDC
520,1.0176078913433173,2929973971410.1973,529,S1_depeg_stablecoin,indonesia,USDC
521,1.0053807564781967,2929973971410.1973,529,S1_depeg_stablecoin,indonesia,USDC
522,0.9836589934539153,2929973971410.1973,529,S1_depeg_stablecoin,indonesia,USDC
523,1.0272031892644593,2929973971410.1973,529,S1_depeg_stablecoin,indonesia,USDC
524,1.0074994597239493,2929973971410.1973,529,S1_depeg_stablecoin,indonesia,USDC
525,0.9996191190434619,2929973971410.1973,529,S1_depeg_stablecoin,indonesia,USDC
526,0.9908438220578863,2929973971410.1973,529,S1_depeg_stablecoin,indonesia,USDC
527,0.9922146664139272,2929973971410.1973,529,S1_depeg_stablecoin,indonesia,USDC
528,0.9996469149425442,2929973971410.1973,529,S1_depeg_stablecoin,indonesia,USDC
529,0.9925203092948942,2929973971410.1973,529,S1_depeg_stablecoin,indonesia,USDC
530,1.016387540266138,2929973971410.1973,529,S1_depeg_stablecoin,indonesia,USDC
531,0.893249597762637,2929973971410.1973,529,S1_depeg_stablecoin,indonesia,USDC
532,0.8906707843399267,2929972728308.4604,529,S1_depeg_stablecoin,indonesia,USDC
533,0.9059864735878961,2929971478651.3813,529,S1_depeg_stablecoin,indonesia,USDC
534,0.912381203911862,2929970575102.376,529,S1_depeg_stablecoin,indonesia,USDC
535,0.9091821243924597,2929969773861.1855,529,S1_depeg_stablecoin,indonesia,USDC
536,0.8968664200376377,2929969017820.7734,529,S1_depeg_stablecoin,indonesia,USDC
537,0.9009807789826936,2929968138653.494,529,S1_depeg_stablecoin,indonesia,USDC
538,0.9018397361764344,2929967390431.928,529,S1_depeg_stablecoin,indonesia,USDC
539,0.9190751923875287,2929966701741.82,529,S1_depeg_stablecoin,indonesia,USDC
540,0.946528586194356,2929966237046.568,529,S1_depeg_stablecoin,indonesia,USDC
541,0.9749716047825281,2929966015624.83,529,S1_depeg_stablecoin,indonesia,USDC
542,0.9848409896995274,2929966015624.83,529,S1_depeg_stablecoin,indonesia,USDC
543,0.9796988870460246,2929966015624.83,529,S1_depeg_stablecoin,indonesia,USDC
544,0.9530804850457063,2929966015624.83,529,S1_depeg_stablecoin,indonesia,USDC
545,0.9740845101824954,2929965881469.4663,529,S1_depeg_stablecoin,indonesia,USDC
546,1.0058092317874134,2929965881469.4663,529,S1_depeg_stablecoin,indonesia,USDC
547,0.9977982512684199,2929965881469.4663,529,S1_depeg_stablecoin,indonesia,USDC
548,1.016289646635518,2929965881469.4663,529,S1_depeg_stablecoin,indonesia,USDC
549,1.0450323978389808,2929965881469.4663,529,S1_depeg_stablecoin,indonesia,USDC
550,1.0482981860544802,2929965881469.4663,529,S1_depeg_stablecoin,indonesia,USDC
551,1.0370749787775215,2929965881469.4663,529,S1_depeg_stablecoin,indonesia,USDC
552,1.015495528208801,2929965881469.4663,529,S1_depeg_stablecoin,indonesia,USDC
553,1.0292248587484898,2929965881469.4663,529,S1_depeg_stablecoin,indonesia,USDC
554,1.0325522844350714,2929965881469.4663,529,S1_depeg_stablecoin,indonesia,USDC
555,1.0383119484593124,2929965881469.4663,529,S1_depeg_stablecoin,indonesia,USDC
556,1.0221119650232835,2929965881469.4663,529,S1_depeg_stablecoin,indonesia,USDC
557,1.0033721802276292,2929965881469.4663,529,S1_depeg_stablecoin,indonesia,USDC
558,0.9811654751819163,2929965881469.4663,529,S1_depeg_stablecoin,indonesia,USDC
559,0.9922772215794581,2929965881469.4663,529,S1_depeg_stablecoin,indonesia,USDC
560,0.979598905511307,2929965881469.4663,529,S1_depeg_stablecoin,indonesia,USDC
561,0.9944965885890802,2929965881469.4663,529,S1_depeg_stablecoin,indonesia,USDC
562,1.0237913196213986,2929965881469.4663,529,S1_depeg_stablecoin,indonesia,USDC
563,1.0020062321681709,2929965881469.4663,529,S1_depeg_stablecoin,indonesia,USDC
564,1.0369329104086493,2929965881469.4663,529,S1_depeg_stablecoin,indonesia,USDC
565,0.989767001912017,2929965881469.4663,529,S1_depeg_stablecoin,indonesia,USDC
566,0.9810135112230016,2929965881469.4663,529,S1_depeg_stablecoin,indonesia,USDC
567,0.9497407445221469,2929965881469.4663,529,S1_depeg_stablecoin,indonesia,USDC
568,0.9399778824186243,2929965705415.309,529,S1_depeg_stablecoin,indonesia,USDC
569,0.9643792064419002,2929965447193.2373,529,S1_depeg_stablecoin,indonesia,USDC
570,1.0057087765886445,2929965408824.0957,529,S1_depeg_stablecoin,indonesia,USDC
571,1.017652094697987,2929965408824.0957,529,S1_depeg_stablecoin,indonesia,USDC
572,1.018482795982512,2929965408824.0957,529,S1_depeg_stablecoin,indonesia,USDC
573,1.0047819859013871,2929965408824.0957,529,S1_depeg_stablecoin,indonesia,USDC
574,1.0042459495849285,2929965408824.0957,529,S1_depeg_stablecoin,indonesia,USDC
575,1.0087590228976477,2929965408824.0957,529,S1_depeg_stablecoin,indonesia,USDC
576,0.9818520016199582,2929965408824.0957,529,S1_depeg_stablecoin,indonesia,USDC
577,0.9872900879151782,2929965408824.0957,529,S1_depeg_stablecoin,indonesia,USDC
578,0.995899384499927,2929965408824.0957,529,S1_depeg_stablecoin,indonesia,USDC
579,0.912808518062555,2929965408824.0957,529,S1_depeg_stablecoin,indonesia,USDC
580,0.954274334341701,2929964918130.3613,529,S1_depeg_stablecoin,indonesia,USDC
581,0.9609737292464579,2929964809621.1963,529,S1_depeg_stablecoin,indonesia,USDC
582,0.9773192792633791,2929964753289.6475,529,S1_depeg_stablecoin,indonesia,USDC
583,0.9947338796616362,2929964753289.6475,529,S1_depeg_stablecoin,indonesia,USDC
584,0.9712086689026853,2929964753289.6475,529,S1_depeg_stablecoin,indonesia,USDC
585,0.9799805093031559,2929964753289.6475,529,S1_depeg_stablecoin,indonesia,USDC
586,0.9684997749373899,2929964753289.6475,529,S1_depeg_stablecoin,indonesia,USDC
587,0.9869727025413848,2929964745412.5044,529,S1_depeg_stablecoin,indonesia,USDC
588,0.9900840548447598,2929964745412.5044,529,S1_depeg_stablecoin,indonesia,USDC
589,0.9895275121606802,2929964745412.5044,529,S1_depeg_stablecoin,indonesia,USDC
590,0.9905804534262087,2929964745412.5044,529,S1_depeg_stablecoin,indonesia,USDC
591,0.9953821322992025,2929964745412.5044,529,S1_depeg_stablecoin,indonesia,USDC
592,1.0131932434503597,2929964745412.5044,529,S1_depeg_stablecoin,indonesia,USDC
593,1.0146780269009459,2929964745412.5044,529,S1_depeg_stablecoin,indonesia,USDC
594,1.0419770951541114,2929964745412.5044,529,S1_depeg_stablecoin,indonesia,USDC
595,1.0376241999438227,2929964745412.5044,529,S1_depeg_stablecoin,indonesia,USDC
596,1.0363422958315072,2929964745412.5044,529,S1_depeg_stablecoin,indonesia,USDC
597,1.0644089486858537,2929964745412.5044,529,S1_depeg_stablecoin,indonesia,USDC
598,1.0400095975241974,2929964745412.5044,529,S1_depeg_stablecoin,indonesia,USDC
599,1.0280575428085172,2929964745412.5044,529,S1_depeg_stablecoin,indonesia,USDC
600,1.0110875444462466,2929964745412.5044,529,S1_depeg_stablecoin,indonesia,USDC
601,1.018565283833504,2929964745412.5044,529,S1_depeg_stablecoin,indonesia,USDC
602,1.0097959007299837,2929964745412.5044,529,S1_depeg_stablecoin,indonesia,USDC
603,0.9903925595337012,2929964745412.5044,529,S1_depeg_stablecoin,indonesia,USDC
604,0.9619529652941904,2929964745412.5044,529,S1_depeg_stablecoin,indonesia,USDC
605,0.9517592430994156,2929964681873.843,529,S1_depeg_stablecoin,indonesia,USDC
606,0.9512104728919984,2929964557928.5425,529,S1_depeg_stablecoin,indonesia,USDC
607,0.9674574137081867,2929964413199.8135,529,S1_depeg_stablecoin,indonesia,USDC
608,0.9389762870311907,2929964398208.672,529,S1_depeg_stablecoin,indonesia,USDC
609,0.92312587836998,2929964179628.1406,529,S1_depeg_stablecoin,indonesia,USDC
610,0.9437370206128761,2929963836855.166,529,S1_depeg_stablecoin,indonesia,USDC
611,0.9514348527679619,2929963654084.4497,529,S1_depeg_stablecoin,indonesia,USDC
612,0.9801822127731599,2929963539314.354,529,S1_depeg_stablecoin,indonesia,USDC
613,0.9749147501420855,2929963539314.354,529,S1_depeg_stablecoin,indonesia,USDC
614,0.9838098557939479,2929963539314.354,529,S1_depeg_stablecoin,indonesia,USDC
615,0.9892692541987568,2929963539314.354,529,S1_depeg_stablecoin,indonesia,USDC
616,0.9951635097482565,2929963539314.354,529,S1_depeg_stablecoin,indonesia,USDC
617,0.9697076166059518,2929963539314.354,529,S1_depeg_stablecoin,indonesia,USDC
618,0.9653878730720712,2929963538663.604,529,S1_depeg_stablecoin,indonesia,USDC
619,0.9653233190951359,2929963515794.618,529,S1_depeg_stablecoin,indonesia,USDC
620,0.957847378847998,2929963484796.3486,529,S1_depeg_stablecoin,indonesia,USDC
621,0.9418419272494,2929963409098.868,529,S1_depeg_stablecoin,indonesia,USDC
622,0.948005579603863,2929963244511.5225,529,S1_depeg_stablecoin,indonesia,USDC
623,0.9378426243809743,2929963110554.0967,529,S1_depeg_stablecoin,indonesia,USDC
624,0.9314221282608732,2929962910841.071,529,S1_depeg_stablecoin,indonesia,USDC
625,0.9580827812979158,2929962699785.543,529,S1_depeg_stablecoin,indonesia,USDC
626,0.951798678697367,2929962630820.4053,529,S1_depeg_stablecoin,indonesia,USDC
627,0.9545924819916185,2929962531386.106,529,S1_depeg_stablecoin,indonesia,USDC
628,0.9774691405498878,2929962444897.4126,529,S1_depeg_stablecoin,indonesia,USDC
629,1.0058350398897542,2929962444897.4126,529,S1_depeg_stablecoin,indonesia,USDC
630,0.9973316586573531,2929962444897.4126,529,S1_depeg_stablecoin,indonesia,USDC
631,0.9961670743986084,2929962444897.4126,529,S1_depeg_stablecoin,indonesia,USDC
632,0.9831171260141175,2929962444897.4126,529,S1_depeg_stablecoin,indonesia,USDC
633,1.000954959581745,2929962444897.4126,529,S1_depeg_stablecoin,indonesia,USDC
634,1.006789421855182,2929962444897.4126,529,S1_depeg_stablecoin,indonesia,USDC
635,0.9891769279150963,2929962444897.4126,529,S1_depeg_stablecoin,indonesia,USDC
636,1.0097610530713728,2929962444897.4126,529,S1_depeg_stablecoin,indonesia,USDC
637,1.0010089535811733,2929962444897.4126,529,S1_depeg_stablecoin,indonesia,USDC
638,1.003013273012229,2929962444897.4126,529,S1_depeg_stablecoin,indonesia,USDC
639,1.041562993833139,2929962444897.4126,529,S1_depeg_stablecoin,indonesia,USDC
640,1.039875034262537,2929962444897.4126,529,S1_depeg_stablecoin,indonesia,USDC
641,1.026060364243757,2929962444897.4126,529,S1_depeg_stablecoin,indonesia,USDC
642,1.0153175830685162,2929962444897.4126,529,S1_depeg_stablecoin,indonesia,USDC
643,1.019915254258041,2929962444897.4126,529,S1_depeg_stablecoin,indonesia,USDC
644,1.0204740989669034,2929962444897.4126,529,S1_depeg_stablecoin,indonesia,USDC
645,1.0176446433268036,2929962444897.4126,529,S1_depeg_stablecoin,indonesia,USDC
646,1.0178338807429084,2929962444897.4126,529,S1_depeg_stablecoin,indonesia,USDC
647,1.0300677942464644,2929962444897.4126,529,S1_depeg_stablecoin,indonesia,USDC
648,1.0401739300961284,2929962444897.4126,529,S1_depeg_stablecoin,indonesia,USDC
649,1.0175050351116164,2929962444897.4126,529,S1_depeg_stablecoin,indonesia,USDC
650,1.0536658711439724,2929962444897.4126,529,S1_depeg_stablecoin,indonesia,USDC
651,1.0511899091247285,2929962444897.4126,529,S1_depeg_stablecoin,indonesia,USDC
652,1.045901674379702,2929962444897.4126,529,S1_depeg_stablecoin,indonesia,USDC
653,0.9954594262108185,2929962444897.4126,529,S1_depeg_stablecoin,indonesia,USDC
654,0.9895273055118302,2929962444897.4126,529,S1_depeg_stablecoin,indonesia,USDC
655,0.9738084078841002,2929962444897.4126,529,S1_depeg_stablecoin,indonesia,USDC
656,0.9801521102700697,2929962444897.4126,529,S1_depeg_stablecoin,indonesia,USDC
657,0.9989642838161149,2929962444897.4126,529,S1_depeg_stablecoin,indonesia,USDC
658,0.988638754756395,2929962444897.4126,529,S1_depeg_stablecoin,indonesia,USDC
659,0.9714369845312714,2929962444897.4126,529,S1_depeg_stablecoin,indonesia,USDC
660,0.98207888523619,2929962444897.4126,529,S1_depeg_stablecoin,indonesia,USDC
661,1.023938523763621,2929962444897.4126,529,S1_depeg_stablecoin,indonesia,USDC
662,1.0107709501274464,2929962444897.4126,529,S1_depeg_stablecoin,indonesia,USDC
663,1.0160863543340437,2929962444897.4126,529,S1_depeg_stablecoin,indonesia,USDC
664,1.0349840152433913,2929962444897.4126,529,S1_depeg_stablecoin,indonesia,USDC
665,0.9982398615747515,2929962444897.4126,529,S1_depeg_stablecoin,indonesia,USDC
666,0.9920592267081115,2929962444897.4126,529,S1_depeg_stablecoin,indonesia,USDC
667,0.9722435902078157,2929962444897.4126,529,S1_depeg_stablecoin,indonesia,USDC
668,0.9868985629761604,2929962444897.4126,529,S1_depeg_stablecoin,indonesia,USDC
669,1.0144645544259805,2929962444897.4126,529,S1_depeg_stablecoin,indonesia,USDC
670,1.0096564152827099,2929962444897.4126,529,S1_depeg_stablecoin,indonesia,USDC
671,1.00525394606635,2929962444897.4126,529,S1_depeg_stablecoin,indonesia,USDC
672,0.9864989375971873,2929962444897.4126,529,S1_depeg_stablecoin,indonesia,USDC
673,0.9871206167686383,2929962444897.4126,529,S1_depeg_stablecoin,indonesia,USDC
674,0.9587717313683001,2929962444897.4126,529,S1_depeg_stablecoin,indonesia,USDC
675,0.9889091479734079,2929962382869.7065,529,S1_depeg_stablecoin,indonesia,USDC
676,1.0011740998396412,2929962382869.7065,529,S1_depeg_stablecoin,indonesia,USDC
677,1.0121525144360843,2929962382869.7065,529,S1_depeg_stablecoin,indonesia,USDC
678,1.019834654551799,2929962382869.7065,529,S1_depeg_stablecoin,indonesia,USDC
679,0.9803949691889325,2929962382869.7065,529,S1_depeg_stablecoin,indonesia,USDC
680,0.9407455658964067,2929962382869.7065,529,S1_depeg_stablecoin,indonesia,USDC
681,0.8363939295452325,2929962233894.5684,529,S1_depeg_stablecoin,indonesia,USDC
682,0.8641417821889873,2929961524885.064,529,S1_depeg_stablecoin,indonesia,USDC
683,0.8939381501230216,2929961040501.295,529,S1_depeg_stablecoin,indonesia,USDC
684,0.9236134715944039,2929960752059.313,529,S1_depeg_stablecoin,indonesia,USDC
685,0.9372272120181914,2929960591195.6846,529,S1_depeg_stablecoin,indonesia,USDC
686,0.9069018812116466,2929960480213.2427,529,S1_depeg_stablecoin,indonesia,USDC
687,0.9083476744294793,2929960259445.712,529,S1_depeg_stablecoin,indonesia,USDC
688,0.9343708192222426,2929960057768.504,529,S1_depeg_stablecoin,indonesia,USDC
689,0.9318420616138915,2929959948626.0864,529,S1_depeg_stablecoin,indonesia,USDC
690,0.958010450351078,2929959842851.032,529,S1_depeg_stablecoin,indonesia,USDC
691,0.991050837563951,2929959808780.054,529,S1_depeg_stablecoin,indonesia,USDC
692,1.0107601328844098,2929959808780.054,529,S1_depeg_stablecoin,indonesia,USDC
693,0.9957717704707801,2929959808780.054,529,S1_depeg_stablecoin,indonesia,USDC
694,0.9763734337307185,2929959808780.054,529,S1_depeg_stablecoin,indonesia,USDC
695,0.9797726027295213,2929959808780.054,529,S1_depeg_stablecoin,indonesia,USDC
696,1.0034328163752122,2929959808780.054,529,S1_depeg_stablecoin,indonesia,USDC
697,1.0308826524720929,2929959808780.054,529,S1_depeg_stablecoin,indonesia,USDC
698,1.031564358867725,2929959808780.054,529,S1_depeg_stablecoin,indonesia,USDC
699,1.0404205271291567,2929959808780.054,529,S1_depeg_stablecoin,indonesia,USDC
700,1.0452557872410604,2929959808780.054,529,S1_depeg_stablecoin,indonesia,USDC
701,1.007696185317535,2929959808780.054,529,S1_depeg_stablecoin,indonesia,USDC
702,1.0456976294087448,2929959808780.054,529,S1_depeg_stablecoin,indonesia,USDC
703,1.0099827162581425,2929959808780.054,529,S1_depeg_stablecoin,indonesia,USDC
704,1.0078049514110385,2929959808780.054,529,S1_depeg_stablecoin,indonesia,USDC
705,0.9693850367688387,2929959808780.054,529,S1_depeg_stablecoin,indonesia,USDC
706,0.9466418436631203,2929959808185.894,529,S1_depeg_stablecoin,indonesia,USDC
707,0.9658846806595232,2929959750129.3535,529,S1_depeg_stablecoin,indonesia,USDC
708,0.9441088211592683,2929959740440.024,529,S1_depeg_stablecoin,indonesia,USDC
709,0.9271507534807045,2929959672232.2124,529,S1_depeg_stablecoin,indonesia,USDC
710,0.9312795340797284,2929959561115.8545,529,S1_depeg_stablecoin,indonesia,USDC
711,0.9325458805920747,2929959462329.326,529,S1_depeg_stablecoin,indonesia,USDC
712,0.9368865695531658,2929959373346.2773,529,S1_depeg_stablecoin,indonesia,USDC
713,0.9232105026477062,2929959295274.8286,529,S1_depeg_stablecoin,indonesia,USDC
714,0.94028697447504,2929959188725.254,529,S1_depeg_stablecoin,indonesia,USDC
715,0.9679730015375416,2929959130797.24,529,S1_depeg_stablecoin,indonesia,USDC
716,0.9626658600514083,2929959129900.123,529,S1_depeg_stablecoin,indonesia,USDC
717,0.9853212979175174,2929959114449.13,529,S1_depeg_stablecoin,indonesia,USDC
718,0.9790535215724814,2929959114449.13,529,S1_depeg_stablecoin,indonesia,USDC
719,0.9834180497352338,2929959114449.13,529,S1_depeg_stablecoin,indonesia,USDC
720,0.9861806888433341,2929959114449.13,529,S1_depeg_stablecoin,indonesia,USDC
721,1.0066184934083748,2929959114449.13,529,S1_depeg_stablecoin,indonesia,USDC
722,0.9739061731835119,2929959114449.13,529,S1_depeg_stablecoin,indonesia,USDC
723,0.974218876888523,2929959114449.13,529,S1_depeg_stablecoin,indonesia,USDC
724,0.9659584862271527,2929959114449.13,529,S1_depeg_stablecoin,indonesia,USDC
725,0.9612933653017832,2929959108415.5474,529,S1_depeg_stablecoin,indonesia,USDC
726,0.9866279701030051,2929959092949.267,529,S1_depeg_stablecoin,indonesia,USDC
727,1.011947561197086,2929959092949.267,529,S1_depeg_stablecoin,indonesia,USDC
728,0.9973612600436293,2929959092949.267,529,S1_depeg_stablecoin,indonesia,USDC
729,1.0232777984667774,2929959092949.267,529,S1_depeg_stablecoin,indonesia,USDC
730,1.0403013883507581,2929959092949.267,529,S1_depeg_stablecoin,indonesia,USDC
731,1.014835577635197,2929959092949.267,529,S1_depeg_stablecoin,indonesia,USDC
732,1.007279755058502,2929959092949.267,529,S1_depeg_stablecoin,indonesia,USDC
733,1.0070885495102495,2929959092949.267,529,S1_depeg_stablecoin,indonesia,USDC
734,1.0123694928461313,2929959092949.267,529,S1_depeg_stablecoin,indonesia,USDC
735,1.0132186253811983,2929959092949.267,529,S1_depeg_stablecoin,indonesia,USDC
736,0.9894330971223244,2929959092949.267,529,S1_depeg_stablecoin,indonesia,USDC
737,0.9992247203463345,2929959092949.267,529,S1_depeg_stablecoin,indonesia,USDC
738,0.9808900240599328,2929959092949.267,529,S1_depeg_stablecoin,indonesia,USDC
739,0.9789496504226888,2929959092949.267,529,S1_depeg_stablecoin,indonesia,USDC
740,0.9877832110378342,2929959092949.267,529,S1_depeg_stablecoin,indonesia,USDC
741,0.9919759743931402,2929959092949.267,529,S1_depeg_stablecoin,indonesia,USDC
742,0.9908709430583396,2929959092949.267,529,S1_depeg_stablecoin,indonesia,USDC
743,0.9325757002598914,2929959092949.267,529,S1_depeg_stablecoin,indonesia,USDC
744,0.9218539622134962,2929959022506.092,529,S1_depeg_stablecoin,indonesia,USDC
745,0.9104781871284638,2929958934205.2886,529,S1_depeg_stablecoin,indonesia,USDC
746,0.9384793865718237,2929958826608.9844,529,S1_depeg_stablecoin,indonesia,USDC
747,0.9250823358231609,2929958771823.9863,529,S1_depeg_stablecoin,indonesia,USDC
748,0.9033892040434323,2929958695862.173,529,S1_depeg_stablecoin,indonesia,USDC
749,0.9411542984520723,2929958593352.655,529,S1_depeg_stablecoin,indonesia,USDC
750,0.9653102664249935,2929958551582.1016,529,S1_depeg_stablecoin,indonesia,USDC
751,0.9967287823205142,2929958545371.8735,529,S1_depeg_stablecoin,indonesia,USDC
752,1.017484842988866,2929958545371.8735,529,S1_depeg_stablecoin,indonesia,USDC
753,0.9946788965763322,2929958545371.8735,529,S1_depeg_stablecoin,indonesia,USDC
754,0.9803616520837567,2929958545371.8735,529,S1_depeg_stablecoin,indonesia,USDC
755,0.9772627606556161,2929958545371.8735,529,S1_depeg_stablecoin,indonesia,USDC
756,1.0004000430766045,2929958545371.8735,529,S1_depeg_stablecoin,indonesia,USDC
757,0.9947601767210716,2929958545371.8735,529,S1_depeg_stablecoin,indonesia,USDC
758,0.9967466475386293,2929958545371.8735,529,S1_depeg_stablecoin,indonesia,USDC
759,0.9887842585828345,2929958545371.8735,529,S1_depeg_stablecoin,indonesia,USDC
760,0.9739228335303961,2929958545371.8735,529,S1_depeg_stablecoin,indonesia,USDC
761,0.9703729922879689,2929958545371.8735,529,S1_depeg_stablecoin,indonesia,USDC
762,0.9976178902930957,2929958545371.8735,529,S1_depeg_stablecoin,indonesia,USDC
763,1.0026037994949264,2929958545371.8735,529,S1_depeg_stablecoin,indonesia,USDC
764,0.9725225519570297,2929958545371.8735,529,S1_depeg_stablecoin,indonesia,USDC
765,0.9887580371954844,2929958545371.8735,529,S1_depeg_stablecoin,indonesia,USDC
766,0.9527313632930196,2929958545371.8735,529,S1_depeg_stablecoin,indonesia,USDC
767,0.9419290301394547,2929958519397.849,529,S1_depeg_stablecoin,indonesia,USDC
768,0.9345276584360871,2929958479405.856,529,S1_depeg_stablecoin,indonesia,USDC
769,0.9261947470064285,2929958431541.4717,529,S1_depeg_stablecoin,indonesia,USDC
770,0.9529677555193667,2929958372557.095,529,S1_depeg_stablecoin,indonesia,USDC
771,0.9540666839462613,2929958353091.223,529,S1_depeg_stablecoin,indonesia,USDC
772,0.9653633469349987,2929958332284.096,529,S1_depeg_stablecoin,indonesia,USDC
773,0.9488061492822536,2929958326328.6055,529,S1_depeg_stablecoin,indonesia,USDC
774,0.9515529650658999,2929958302508.6035,529,S1_depeg_stablecoin,indonesia,USDC
775,0.9626988487315649,2929958279380.799,529,S1_depeg_stablecoin,indonesia,USDC
776,0.9504330882622042,2929958271137.6655,529,S1_depeg_stablecoin,indonesia,USDC
777,0.9629247273718569,2929958249220.68,529,S1_depeg_stablecoin,indonesia,USDC
778,0.9584250740289836,2929958242961.109,529,S1_depeg_stablecoin,indonesia,USDC
779,1.000861071556608,2929958229159.7246,529,S1_depeg_stablecoin,indonesia,USDC
780,1.0098688317058924,2929958229159.7246,529,S1_depeg_stablecoin,indonesia,USDC
781,1.0044593452425825,2929958229159.7246,529,S1_depeg_stablecoin,indonesia,USDC
782,1.0428192976478283,2929958229159.7246,529,S1_depeg_stablecoin,indonesia,USDC
783,1.031965308798946,2929958229159.7246,529,S1_depeg_stablecoin,indonesia,USDC
784,1.062680523042636,2929958229159.7246,529,S1_depeg_stablecoin,indonesia,USDC
785,1.060390327324531,2929958229159.7246,529,S1_depeg_stablecoin,indonesia,USDC
786,1.0239925093047373,2929958229159.7246,529,S1_depeg_stablecoin,indonesia,USDC
787,1.017632107408716,2929958229159.7246,529,S1_depeg_stablecoin,indonesia,USDC
788,1.040287915613926,2929958229159.7246,529,S1_depeg_stablecoin,indonesia,USDC
789,1.0529827935419578,2929958229159.7246,529,S1_depeg_stablecoin,indonesia,USDC
790,1.0512299354969876,2929958229159.7246,529,S1_depeg_stablecoin,indonesia,USDC
791,1.0520094242156643,2929958229159.7246,529,S1_depeg_stablecoin,indonesia,USDC
792,1.0462869646764505,2929958229159.7246,529,S1_depeg_stablecoin,indonesia,USDC
793,1.0754350035529716,2929958229159.7246,529,S1_depeg_stablecoin,indonesia,USDC
794,1.026270898654471,2929958229159.7246,529,S1_depeg_stablecoin,indonesia,USDC
795,1.0542463596718692,2929958229159.7246,529,S1_depeg_stablecoin,indonesia,USDC
796,1.0393366915087388,2929958229159.7246,529,S1_depeg_stablecoin,indonesia,USDC
797,1.011087682930418,2929958229159.7246,529,S1_depeg_stablecoin,indonesia,USDC
798,1.006804508681929,2929958229159.7246,529,S1_depeg_stablecoin,indonesia,USDC
799,1.021779707729977,2929958229159.7246,529,S1_depeg_stablecoin,indonesia,USDC
800,0.9932147340246291,2929958229159.7246,529,S1_depeg_stablecoin,indonesia,USDC
801,0.9914146938146166,2929958229159.7246,529,S1_depeg_stablecoin,indonesia,USDC
802,1.0064339665691822,2929958229159.7246,529,S1_depeg_stablecoin,indonesia,USDC
803,0.9850682895781275,2929958229159.7246,529,S1_depeg_stablecoin,indonesia,USDC
804,0.9811496247371442,2929958229159.7246,529,S1_depeg_stablecoin,indonesia,USDC
805,0.987550351750047,2929958229159.7246,529,S1_depeg_stablecoin,indonesia,USDC
806,0.9953557257380463,2929958229159.7246,529,S1_depeg_stablecoin,indonesia,USDC
807,1.0058670328029227,2929958229159.7246,529,S1_depeg_stablecoin,indonesia,USDC
808,0.9800570970574078,2929958229159.7246,529,S1_depeg_stablecoin,indonesia,USDC
809,0.9918567778194406,2929958229159.7246,529,S1_depeg_stablecoin,indonesia,USDC
810,1.012596824439451,2929958229159.7246,529,S1_depeg_stablecoin,indonesia,USDC
811,1.034213046522036,2929958229159.7246,529,S1_depeg_stablecoin,indonesia,USDC
812,1.046278778606108,2929958229159.7246,529,S1_depeg_stablecoin,indonesia,USDC
813,1.0069360136207777,2929958229159.7246,529,S1_depeg_stablecoin,indonesia,USDC
814,0.997447675740398,2929958229159.7246,529,S1_depeg_stablecoin,indonesia,USDC
815,0.9598956504386643,2929958229159.7246,529,S1_depeg_stablecoin,indonesia,USDC
816,0.9569393344539849,2929958219617.946,529,S1_depeg_stablecoin,indonesia,USDC
817,0.9644823401899538,2929958206065.246,529,S1_depeg_stablecoin,indonesia,USDC
818,0.9402585337574482,2929958201746.0576,529,S1_depeg_stablecoin,indonesia,USDC
819,0.9645511621111825,2929958170982.195,529,S1_depeg_stablecoin,indonesia,USDC
820,0.9657357204980749,2929958164889.594,529,S1_depeg_stablecoin,indonesia,USDC
821,0.9604600519669256,2929958160805.248,529,S1_depeg_stablecoin,indonesia,USDC
822,0.9749319978185076,2929958150994.394,529,S1_depeg_stablecoin,indonesia,USDC
823,0.9919353068427572,2929958150994.394,529,S1_depeg_stablecoin,indonesia,USDC
824,0.9662024325406179,2929958150994.394,529,S1_depeg_stablecoin,indonesia,USDC
825,0.9597774064319002,2929958148062.8374,529,S1_depeg_stablecoin,indonesia,USDC
826,0.9377480985347841,2929958138313.72,529,S1_depeg_stablecoin,indonesia,USDC
827,0.9363965313206595,2929958106713.0767,529,S1_depeg_stablecoin,indonesia,USDC
828,0.957286105356135,2929958074711.1177,529,S1_depeg_stablecoin,indonesia,USDC
829,0.9780020745897913,2929958063181.2266,529,S1_depeg_stablecoin,indonesia,USDC
830,1.0116427247368347,2929958063181.2266,529,S1_depeg_stablecoin,indonesia,USDC
831,1.0093848145789375,2929958063181.2266,529,S1_depeg_stablecoin,indonesia,USDC
832,0.9760482912887887,2929958063181.2266,529,S1_depeg_stablecoin,indonesia,USDC
833,0.9811752314899965,2929958063181.2266,529,S1_depeg_stablecoin,indonesia,USDC
834,0.9733077540003678,2929958063181.2266,529,S1_depeg_stablecoin,indonesia,USDC
835,0.9396646176767879,2929958063181.2266,529,S1_depeg_stablecoin,indonesia,USDC
836,0.9760755452590709,2929958034694.1943,529,S1_depeg_stablecoin,indonesia,USDC
837,0.9628814036173174,2929958034694.1943,529,S1_depeg_stablecoin,indonesia,USDC
838,0.9446197115528583,2929958029549.1816,529,S1_depeg_stablecoin,indonesia,USDC
839,0.9465772297238465,2929958005800.699,529,S1_depeg_stablecoin,indonesia,USDC
840,0.9696412369549858,2929957983599.2725,529,S1_depeg_stablecoin,indonesia,USDC
841,0.9765426097342217,2929957983488.6113,529,S1_depeg_stablecoin,indonesia,USDC
842,0.9678574466127907,2929957983488.6113,529,S1_depeg_stablecoin,indonesia,USDC
843,0.9895044379167216,2929957982002.5996,529,S1_depeg_stablecoin,indonesia,USDC
844,0.9915012128687529,2929957982002.5996,529,S1_depeg_stablecoin,indonesia,USDC
845,0.9961056218433906,2929957982002.5996,529,S1_depeg_stablecoin,indonesia,USDC
846,1.0051873061210483,2929957982002.5996,529,S1_depeg_stablecoin,indonesia,USDC
847,1.0060919325325728,2929957982002.5996,529,S1_depeg_stablecoin,indonesia,USDC
848,0.8546455931216749,2929957982002.5996,529,S1_depeg_stablecoin,indonesia,USDC
849,0.8818057531147552,2929957880053.7295,529,S1_depeg_stablecoin,indonesia,USDC
850,0.9032459485176336,2929957811049.9937,529,S1_depeg_stablecoin,indonesia,USDC
851,0.9234406014751889,2929957761179.199,529,S1_depeg_stablecoin,indonesia,USDC
852,0.9296655024869124,2929957728789.247,529,S1_depeg_stablecoin,indonesia,USDC
853,0.9181324260778713,2929957702076.6064,529,S1_depeg_stablecoin,indonesia,USDC
854,0.9213528531799986,2929957671752.4634,529,S1_depeg_stablecoin,indonesia,USDC
855,0.8994783027422552,2929957642395.031,529,S1_depeg_stablecoin,indonesia,USDC
856,0.8941642336796445,2929957602965.9023,529,S1_depeg_stablecoin,indonesia,USDC
857,0.9086943842455453,2929957563555.176,529,S1_depeg_stablecoin,indonesia,USDC
858,0.9133632849595928,2929957534892.369,529,S1_depeg_stablecoin,indonesia,USDC
859,0.9169391117610799,2929957508704.454,529,S1_depeg_stablecoin,indonesia,USDC
860,0.9257721347784413,2929957486780.5938,529,S1_depeg_stablecoin,indonesia,USDC
861,0.9343436069128331,2929957468524.0254,529,S1_depeg_stablecoin,indonesia,USDC
862,0.9186669100715845,2929957455770.0312,529,S1_depeg_stablecoin,indonesia,USDC
863,0.9371661003943268,2929957437770.2803,529,S1_depeg_stablecoin,indonesia,USDC
864,0.9347325621737819,2929957426634.4575,529,S1_depeg_stablecoin,indonesia,USDC
865,0.9482245689313928,2929957415408.1357,529,S1_depeg_stablecoin,indonesia,USDC
866,0.9559127608080649,2929957408619.45,529,S1_depeg_stablecoin,indonesia,USDC
867,0.9316974547486347,2929957403939.5874,529,S1_depeg_stablecoin,indonesia,USDC
868,0.9184321079902747,2929957392161.643,529,S1_depeg_stablecoin,indonesia,USDC
869,0.9355438742730646,2929957376782.222,529,S1_depeg_stablecoin,indonesia,USDC
870,0.9239724237712079,2929957367109.2827,529,S1_depeg_stablecoin,indonesia,USDC
871,0.9320158544124387,2929957354888.5215,529,S1_depeg_stablecoin,indonesia,USDC
872,0.9211931399397585,2929957345314.9575,529,S1_depeg_stablecoin,indonesia,USDC
873,0.9432481079246289,2929957333338.135,529,S1_depeg_stablecoin,indonesia,USDC
874,0.9201131396666699,2929957327249.6455,529,S1_depeg_stablecoin,indonesia,USDC
875,0.9294061003485101,2929957314861.769,529,S1_depeg_stablecoin,indonesia,USDC
876,0.9437696246955112,2929957305576.9316,529,S1_depeg_stablecoin,indonesia,USDC
877,0.9403044947929297,2929957299649.4854,529,S1_depeg_stablecoin,indonesia,USDC
878,0.9676184146596487,2929957293349.4756,529,S1_depeg_stablecoin,indonesia,USDC
879,0.9655198371564775,2929957293065.9736,529,S1_depeg_stablecoin,indonesia,USDC
880,1.0042889674377395,2929957292356.066,529,S1_depeg_stablecoin,indonesia,USDC
881,0.9997305272666208,2929957292356.066,529,S1_depeg_stablecoin,indonesia,USDC
882,1.001768683402036,2929957292356.066,529,S1_depeg_stablecoin,indonesia,USDC
883,1.0139364076651027,2929957292356.066,529,S1_depeg_stablecoin,indonesia,USDC
884,1.000967334621094,2929957292356.066,529,S1_depeg_stablecoin,indonesia,USDC
885,0.9954938347964424,2929957292356.066,529,S1_depeg_stablecoin,indonesia,USDC
886,1.0032347295996982,2929957292356.066,529,S1_depeg_stablecoin,indonesia,USDC
887,0.9902916284320122,2929957292356.066,529,S1_depeg_stablecoin,indonesia,USDC
888,0.9842427163467742,2929957292356.066,529,S1_depeg_stablecoin,indonesia,USDC
889,0.9756133498660586,2929957292356.066,529,S1_depeg_stablecoin,indonesia,USDC
890,0.9541351439107925,2929957292356.066,529,S1_depeg_stablecoin,indonesia,USDC
891,0.9534204328826996,2929957289474.1797,529,S1_depeg_stablecoin,indonesia,USDC
892,0.9536176783536657,2929957286327.864,529,S1_depeg_stablecoin,indonesia,USDC
893,0.9911294801081966,2929957283277.298,529,S1_depeg_stablecoin,indonesia,USDC
894,1.0186755344855745,2929957283277.298,529,S1_depeg_stablecoin,indonesia,USDC
895,0.9851484040153863,2929957283277.298,529,S1_depeg_stablecoin,indonesia,USDC
896,0.9746958998384363,2929957283277.298,529,S1_depeg_stablecoin,indonesia,USDC
897,0.9852540508439689,2929957283277.298,529,S1_depeg_stablecoin,indonesia,USDC
898,0.9584822567583983,2929957283277.298,529,S1_depeg_stablecoin,indonesia,USDC
899,0.9703792343826767,2929957281213.21,529,S1_depeg_stablecoin,indonesia,USDC
900,0.9997102186441743,2929957281213.21,529,S1_depeg_stablecoin,indonesia,USDC
901,0.9944265074240294,2929957281213.21,529,S1_depeg_stablecoin,indonesia,USDC
902,1.023254774686415,2929957281213.21,529,S1_depeg_stablecoin,indonesia,USDC
903,1.0296792849159093,2929957281213.21,529,S1_depeg_stablecoin,indonesia,USDC
904,1.053055933676968,2929957281213.21,529,S1_depeg_stablecoin,indonesia,USDC
905,1.0691719638504602,2929957281213.21,529,S1_depeg_stablecoin,indonesia,USDC
906,1.0721469405691506,2929957281213.21,529,S1_depeg_stablecoin,indonesia,USDC
907,1.042926596775861,2929957281213.21,529,S1_depeg_stablecoin,indonesia,USDC
908,1.0556095398117231,2929957281213.21,529,S1_depeg_stablecoin,indonesia,USDC
909,1.0303361732615872,2929957281213.21,529,S1_depeg_stablecoin,indonesia,USDC
910,1.055595182841967,2929957281213.21,529,S1_depeg_stablecoin,indonesia,USDC
911,1.064328358790193,2929957281213.21,529,S1_depeg_stablecoin,indonesia,USDC
912,1.0782019586844582,2929957281213.21,529,S1_depeg_stablecoin,indonesia,USDC
913,1.0748305677430754,2929957281213.21,529,S1_depeg_stablecoin,indonesia,USDC
914,1.0490608344342107,2929957281213.21,529,S1_depeg_stablecoin,indonesia,USDC
915,1.0293226183717492,2929957281213.21,529,S1_depeg_stablecoin,indonesia,USDC
916,1.0158909604132207,2929957281213.21,529,S1_depeg_stablecoin,indonesia,USDC
917,1.0412989974289677,2929957281213.21,529,S1_depeg_stablecoin,indonesia,USDC
918,1.0533019580200391,2929957281213.21,529,S1_depeg_stablecoin,indonesia,USDC
919,1.0194420548020495,2929957281213.21,529,S1_depeg_stablecoin,indonesia,USDC
920,1.0379554354833038,2929957281213.21,529,S1_depeg_stablecoin,indonesia,USDC
921,0.8558945123291565,2929957281213.21,529,S1_depeg_stablecoin,indonesia,USDC
922,0.9115102728369803,2929957258800.004,529,S1_depeg_stablecoin,indonesia,USDC
923,0.8859525240665049,2929957248664.7266,529,S1_depeg_stablecoin,indonesia,USDC
924,0.8852669892707802,2929957234921.406,529,S1_depeg_stablecoin,indonesia,USDC
925,0.9177260526975404,2929957222253.38,529,S1_depeg_stablecoin,indonesia,USDC
926,0.9112006948531237,2929957214931.0625,529,S1_depeg_stablecoin,indonesia,USDC
927,0.8892227976663657,2929957207726.979,529,S1_depeg_stablecoin,indonesia,USDC
928,0.8972161452525123,2929957197853.2812,529,S1_depeg_stablecoin,indonesia,USDC
929,0.8938483686988752,2929957189674.0605,529,S1_depeg_stablecoin,indonesia,USDC
930,0.7649622125015328,2929957181762.735,529,S1_depeg_stablecoin,indonesia,USDC
931,0.7963482778990149,2929957162370.1147,529,S1_depeg_stablecoin,indonesia,USDC
932,0.8189602936749816,2929957149563.858,529,S1_depeg_stablecoin,indonesia,USDC
933,0.840899130817537,2929957140315.035,529,S1_depeg_stablecoin,indonesia,USDC
934,0.8575907779492191,2929957133578.925,529,S1_depeg_stablecoin,indonesia,USDC
935,0.8816083945033822,2929957128218.6064,529,S1_depeg_stablecoin,indonesia,USDC
936,0.8830394514522132,2929957124496.032,529,S1_depeg_stablecoin,indonesia,USDC
937,0.917498427031176,2929957121078.911,529,S1_depeg_stablecoin,indonesia,USDC
938,0.9246417821594758,2929957119200.8115,529,S1_depeg_stablecoin,indonesia,USDC
939,0.8479031220491315,2929957117793.558,529,S1_depeg_stablecoin,indonesia,USDC
940,0.8759465392341329,2929957113920.495,529,S1_depeg_stablecoin,indonesia,USDC
941,0.8966524406730813,2929957111250.087,529,S1_depeg_stablecoin,indonesia,USDC
942,0.9103486290692678,2929957109411.338,529,S1_depeg_stablecoin,indonesia,USDC
943,0.9217415377326172,2929957108066.233,529,S1_depeg_stablecoin,indonesia,USDC
944,0.9431767366614715,2929957107018.1855,529,S1_depeg_stablecoin,indonesia,USDC
945,0.9459339472630056,2929957106467.3643,529,S1_depeg_stablecoin,indonesia,USDC
946,0.9486561200211535,2929957106006.511,529,S1_depeg_stablecoin,indonesia,USDC
947,0.9527580511271198,2929957105626.589,529,S1_depeg_stablecoin,indonesia,USDC
948,0.991858796949722,2929957105284.4736,529,S1_depeg_stablecoin,indonesia,USDC
949,1.0388917667427675,2929957105284.4736,529,S1_depeg_stablecoin,indonesia,USDC
950,1.01184007839719,2929957105284.4736,529,S1_depeg_stablecoin,indonesia,USDC
951,0.977487261908785,2929957105284.4736,529,S1_depeg_stablecoin,indonesia,USDC
952,0.9778359800793612,2929957105284.4736,529,S1_depeg_stablecoin,indonesia,USDC
953,0.9833810706268199,2929957105284.4736,529,S1_depeg_stablecoin,indonesia,USDC
954,0.978814158390136,2929957105284.4736,529,S1_depeg_stablecoin,indonesia,USDC
955,0.9769184901965238,2929957105284.4736,529,S1_depeg_stablecoin,indonesia,USDC
956,1.0074928990709129,2929957105284.4736,529,S1_depeg_stablecoin,indonesia,USDC
957,1.0274238181220188,2929957105284.4736,529,S1_depeg_stablecoin,indonesia,USDC
958,1.0078016249222979,2929957105284.4736,529,S1_depeg_stablecoin,indonesia,USDC
959,0.9857317047167824,2929957105284.4736,529,S1_depeg_stablecoin,indonesia,USDC
960,0.9735926791714931,2929957105284.4736,529,S1_depeg_stablecoin,indonesia,USDC
961,0.9827180996067877,2929957105284.4736,529,S1_depeg_stablecoin,indonesia,USDC
962,0.9840457049437752,2929957105284.4736,529,S1_depeg_stablecoin,indonesia,USDC
963,0.9903653353390557,2929957105284.4736,529,S1_depeg_stablecoin,indonesia,USDC
964,0.9768388232683157,2929957105284.4736,529,S1_depeg_stablecoin,indonesia,USDC
965,0.9916791281424359,2929957105284.4736,529,S1_depeg_stablecoin,indonesia,USDC
966,1.0006014017492442,2929957105284.4736,529,S1_depeg_stablecoin,indonesia,USDC
967,0.9858520753577126,2929957105284.4736,529,S1_depeg_stablecoin,indonesia,USDC
968,0.9750902286697313,2929957105284.4736,529,S1_depeg_stablecoin,indonesia,USDC
969,0.9997837530827238,2929957105284.4736,529,S1_depeg_stablecoin,indonesia,USDC
970,1.0229083418701295,2929957105284.4736,529,S1_depeg_stablecoin,indonesia,USDC
971,1.0240047375461474,2929957105284.4736,529,S1_depeg_stablecoin,indonesia,USDC
972,1.0294137864380386,2929957105284.4736,529,S1_depeg_stablecoin,indonesia,USDC
973,1.0236259001023407,2929957105284.4736,529,S1_depeg_stablecoin,indonesia,USDC
974,1.0379931851424007,2929957105284.4736,529,S1_depeg_stablecoin,indonesia,USDC
975,1.0452208202399071,2929957105284.4736,529,S1_depeg_stablecoin,indonesia,USDC
976,1.0227752004625579,2929957105284.4736,529,S1_depeg_stablecoin,indonesia,USDC
977,0.9987674988450113,2929957105284.4736,529,S1_depeg_stablecoin,indonesia,USDC
978,0.9630605639055642,2929957105284.4736,529,S1_depeg_stablecoin,indonesia,USDC
979,0.9443763733369973,2929957105185.2246,529,S1_depeg_stablecoin,indonesia,USDC
980,0.9474036717671281,2929957104705.556,529,S1_depeg_stablecoin,indonesia,USDC
981,0.9468839015379628,2929957104278.6543,529,S1_depeg_stablecoin,indonesia,USDC
982,0.9844354213985481,2929957103868.2173,529,S1_depeg_stablecoin,indonesia,USDC
983,1.0127473840027121,2929957103868.2173,529,S1_depeg_stablecoin,indonesia,USDC
984,0.9998262233268863,2929957103868.2173,529,S1_depeg_stablecoin,indonesia,USDC
985,0.9900729499679435,2929957103868.2173,529,S1_depeg_stablecoin,indonesia,USDC
986,0.9986897117537824,2929957103868.2173,529,S1_depeg_stablecoin,indonesia,USDC
987,0.9918718805593627,2929957103868.2173,529,S1_depeg_stablecoin,indonesia,USDC
988,0.9994037876055439,2929957103868.2173,529,S1_depeg_stablecoin,indonesia,USDC
989,0.9796960202904756,2929957103868.2173,529,S1_depeg_stablecoin,indonesia,USDC
990,0.9602548759590342,2929957103868.2173,529,S1_depeg_stablecoin,indonesia,USDC
991,0.9723482758379723,2929957103705.175,529,S1_depeg_stablecoin,indonesia,USDC
992,0.9501246018395564,2929957103705.175,529,S1_depeg_stablecoin,indonesia,USDC
993,0.9480356228395006,2929957103350.176,529,S1_depeg_stablecoin,indonesia,USDC
994,0.9532130633757501,2929957102996.4004,529,S1_depeg_stablecoin,indonesia,USDC
995,0.9760776222021508,2929957102708.8315,529,S1_depeg_stablecoin,indonesia,USDC
996,0.9725663342884344,2929957102708.8315,529,S1_depeg_stablecoin,indonesia,USDC
997,0.9644623859632471,2929957102708.8315,529,S1_depeg_stablecoin,indonesia,USDC
998,0.9678082149483278,2929957102615.6113,529,S1_depeg_stablecoin,indonesia,USDC
999,0.9837329978436897,2929957102605.866,529,S1_depeg_stablecoin,indonesia,USDC
1000,0.9745770171509209,2929957102605.866,529,S1_depeg_stablecoin,indonesia,USDC
