Step,price,liquidity,iteration,scenario,region,coin
1,0.9889265975332311,2989350771340.3345,326,S1_depeg_stablecoin,indonesia,USDC
2,1.0088508529193974,2989350771340.3345,326,S1_depeg_stablecoin,indonesia,USDC
3,0.9674472631697495,2989350771340.3345,326,S1_depeg_stablecoin,indonesia,USDC
4,0.9688052054832939,2989209649854.3555,326,S1_depeg_stablecoin,indonesia,USDC
5,0.9442689836678767,2989144071545.348,326,S1_depeg_stablecoin,indonesia,USDC
6,0.9698096320797004,2987557945376.1455,326,S1_depeg_stablecoin,indonesia,USDC
7,0.9721212470888777,2987550329735.1514,326,S1_depeg_stablecoin,indonesia,USDC
8,0.9704613012053414,2987550329735.1514,326,S1_depeg_stablecoin,indonesia,USDC
9,0.9627524632342729,2987550329735.1514,326,S1_depeg_stablecoin,indonesia,USDC
10,0.9821849400681645,2987135535312.797,326,S1_depeg_stablecoin,indonesia,USDC
11,0.9747893186182784,2987135535312.797,326,S1_depeg_stablecoin,indonesia,USDC
12,0.9878366979351421,2987135535312.797,326,S1_depeg_stablecoin,indonesia,USDC
13,1.0301423712407507,2987135535312.797,326,S1_depeg_stablecoin,indonesia,USDC
14,1.0276359881556922,2987135535312.797,326,S1_depeg_stablecoin,indonesia,USDC
15,1.027454924143598,2987135535312.797,326,S1_depeg_stablecoin,indonesia,USDC
16,1.0450233415553858,2987135535312.797,326,S1_depeg_stablecoin,indonesia,USDC
17,1.0334682650203735,2987135535312.797,326,S1_depeg_stablecoin,indonesia,USDC
18,1.0265382848874967,2987135535312.797,326,S1_depeg_stablecoin,indonesia,USDC
19,1.00347815860652,2987135535312.797,326,S1_depeg_stablecoin,indonesia,USDC
20,1.0371532588331418,2987135535312.797,326,S1_depeg_stablecoin,indonesia,USDC
21,1.0426680486981335,2987135535312.797,326,S1_depeg_stablecoin,indonesia,USDC
22,1.0163248991588483,2987135535312.797,326,S1_depeg_stablecoin,indonesia,USDC
23,0.9998166591774916,2987135535312.797,326,S1_depeg_stablecoin,indonesia,USDC
24,0.9876806900625289,2987135535312.797,326,S1_depeg_stablecoin,indonesia,USDC
25,1.0310210642761157,2987135535312.797,326,S1_depeg_stablecoin,indonesia,USDC
26,1.0382805747957768,2987135535312.797,326,S1_depeg_stablecoin,indonesia,USDC
27,1.0298087407487289,2987135535312.797,326,S1_depeg_stablecoin,indonesia,USDC
28,1.0125351814506647,2987135535312.797,326,S1_depeg_stablecoin,indonesia,USDC
29,1.0058173478736991,2987135535312.797,326,S1_depeg_stablecoin,indonesia,USDC
30,1.0071026773662215,2987135535312.797,326,S1_depeg_stablecoin,indonesia,USDC
31,0.9992146075109669,2987135535312.797,326,S1_depeg_stablecoin,indonesia,USDC
32,1.0077921809847856,2987135535312.797,326,S1_depeg_stablecoin,indonesia,USDC
33,1.0270557483302036,2987135535312.797,326,S1_depeg_stablecoin,indonesia,USDC
34,1.0333751212100226,2987135535312.797,326,S1_depeg_stablecoin,indonesia,USDC
35,1.0632028125925739,2987135535312.797,326,S1_depeg_stablecoin,indonesia,USDC
36,1.0711837840348124,2987135535312.797,326,S1_depeg_stablecoin,indonesia,USDC
37,1.0745588349440496,2987135535312.797,326,S1_depeg_stablecoin,indonesia,USDC
38,1.0894851728885404,2987135535312.797,326,S1_depeg_stablecoin,indonesia,USDC
39,1.0946789960854224,2987135535312.797,326,S1_depeg_stablecoin,indonesia,USDC
40,1.0622470865698732,2987135535312.797,326,S1_depeg_stablecoin,indonesia,USDC
41,1.0446214876872557,2987135535312.797,326,S1_depeg_stablecoin,indonesia,USDC
42,1.066463426424777,2987135535312.797,326,S1_depeg_stablecoin,indonesia,USDC
43,1.0607378299779653,2987135535312.797,326,S1_depeg_stablecoin,indonesia,USDC
44,1.0521903697710855,2987135535312.797,326,S1_depeg_stablecoin,indonesia,USDC
45,1.0458836898855015,2987135535312.797,326,S1_depeg_stablecoin,indonesia,USDC
46,1.030848454153326,2987135535312.797,326,S1_depeg_stablecoin,indonesia,USDC
47,1.0500599025733128,2987135535312.797,326,S1_depeg_stablecoin,indonesia,USDC
48,1.0297317036559512,2987135535312.797,326,S1_depeg_stablecoin,indonesia,USDC
49,1.0326464153411357,2987135535312.797,326,S1_depeg_stablecoin,indonesia,USDC
50,1.0185317452890414,2987135535312.797,326,S1_depeg_stablecoin,indonesia,USDC
51,1.0113291287713306,2987135535312.797,326,S1_depeg_stablecoin,indonesia,USDC
52,1.0090026405584818,2987135535312.797,326,S1_depeg_stablecoin,indonesia,USDC
53,1.0087151443304259,2987135535312.797,326,S1_depeg_stablecoin,indonesia,USDC
54,0.9711836915093652,2987135535312.797,326,S1_depeg_stablecoin,indonesia,USDC
55,0.9902314324250343,2987135535312.797,326,S1_depeg_stablecoin,indonesia,USDC
56,0.9709310648735021,2987135535312.797,326,S1_depeg_stablecoin,indonesia,USDC
57,0.9633028398976605,2987135535312.797,326,S1_depeg_stablecoin,indonesia,USDC
58,0.9872256444153036,2986736572616.0967,326,S1_depeg_stablecoin,indonesia,USDC
59,0.9747149656447733,2986736572616.0967,326,S1_depeg_stablecoin,indonesia,USDC
60,0.9450588694890415,2986736572616.0967,326,S1_depeg_stablecoin,indonesia,USDC
61,0.9335242645815963,2985287436177.303,326,S1_depeg_stablecoin,indonesia,USDC
62,0.924252917883428,2983247975092.491,326,S1_depeg_stablecoin,indonesia,USDC
63,0.9168805452766923,2980814970938.256,326,S1_depeg_stablecoin,indonesia,USDC
64,0.9257100503348498,2978075591817.864,326,S1_depeg_stablecoin,indonesia,USDC
65,0.9263707695617573,2975850829089.623,326,S1_depeg_stablecoin,indonesia,USDC
66,0.8717215720178101,2973861707510.314,326,S1_depeg_stablecoin,indonesia,USDC
67,0.9068892454833328,2969410976351.596,326,S1_depeg_stablecoin,indonesia,USDC
68,0.9369722048240098,2966886630494.9946,326,S1_depeg_stablecoin,indonesia,USDC
69,0.9283653445381482,2965608561765.1855,326,S1_depeg_stablecoin,indonesia,USDC
70,0.9179949455909623,2964083262841.329,326,S1_depeg_stablecoin,indonesia,USDC
71,0.9322420252041204,2962221133861.6685,326,S1_depeg_stablecoin,indonesia,USDC
72,0.969701938935424,2961027170754.598,326,S1_depeg_stablecoin,indonesia,USDC
73,0.9876427332121563,2961023906527.6387,326,S1_depeg_stablecoin,indonesia,USDC
74,0.9861069991995022,2961023906527.6387,326,S1_depeg_stablecoin,indonesia,USDC
75,1.0083457410883212,2961023906527.6387,326,S1_depeg_stablecoin,indonesia,USDC
76,1.0338899034342532,2961023906527.6387,326,S1_depeg_stablecoin,indonesia,USDC
77,1.0379875143753456,2961023906527.6387,326,S1_depeg_stablecoin,indonesia,USDC
78,1.014462415296029,2961023906527.6387,326,S1_depeg_stablecoin,indonesia,USDC
79,1.048156661917203,2961023906527.6387,326,S1_depeg_stablecoin,indonesia,USDC
80,1.0318225251527982,2961023906527.6387,326,S1_depeg_stablecoin,indonesia,USDC
81,1.0340485831310284,2961023906527.6387,326,S1_depeg_stablecoin,indonesia,USDC
82,1.042024430841734,2961023906527.6387,326,S1_depeg_stablecoin,indonesia,USDC
83,1.0243777754890804,2961023906527.6387,326,S1_depeg_stablecoin,indonesia,USDC
84,1.0403260573221056,2961023906527.6387,326,S1_depeg_stablecoin,indonesia,USDC
85,1.0334598422633974,2961023906527.6387,326,S1_depeg_stablecoin,indonesia,USDC
86,1.0358282435967414,2961023906527.6387,326,S1_depeg_stablecoin,indonesia,USDC
87,1.0128714684241578,2961023906527.6387,326,S1_depeg_stablecoin,indonesia,USDC
88,1.0231856907490386,2961023906527.6387,326,S1_depeg_stablecoin,indonesia,USDC
89,1.00308607802492,2961023906527.6387,326,S1_depeg_stablecoin,indonesia,USDC
90,1.004976688204068,2961023906527.6387,326,S1_depeg_stablecoin,indonesia,USDC
91,1.0349338919997675,2961023906527.6387,326,S1_depeg_stablecoin,indonesia,USDC
92,1.0214115063266047,2961023906527.6387,326,S1_depeg_stablecoin,indonesia,USDC
93,1.0575092325531987,2961023906527.6387,326,S1_depeg_stablecoin,indonesia,USDC
94,1.0598383342715647,2961023906527.6387,326,S1_depeg_stablecoin,indonesia,USDC
95,1.0380694179515262,2961023906527.6387,326,S1_depeg_stablecoin,indonesia,USDC
96,1.0365109559992056,2961023906527.6387,326,S1_depeg_stablecoin,indonesia,USDC
97,1.0550914243468035,2961023906527.6387,326,S1_depeg_stablecoin,indonesia,USDC
98,1.0372898655969884,2961023906527.6387,326,S1_depeg_stablecoin,indonesia,USDC
99,1.0171196254696977,2961023906527.6387,326,S1_depeg_stablecoin,indonesia,USDC
100,1.0193726400138252,2961023906527.6387,326,S1_depeg_stablecoin,indonesia,USDC
101,0.8569923292602704,2961023906527.6387,326,S1_depeg_stablecoin,indonesia,USDC
102,0.8925797784676934,2957412182703.3184,326,S1_depeg_stablecoin,indonesia,USDC
103,0.9079348100615474,2955224856196.447,326,S1_depeg_stablecoin,indonesia,USDC
104,0.8967076239577672,2953692098604.447,326,S1_depeg_stablecoin,indonesia,USDC
105,0.8954819302592758,2951852888592.8916,326,S1_depeg_stablecoin,indonesia,USDC
106,0.8893120047695214,2950124214012.7476,326,S1_depeg_stablecoin,indonesia,USDC
107,0.9119974333362664,2948435439987.0664,326,S1_depeg_stablecoin,indonesia,USDC
108,0.9187953343690062,2947380816508.5146,326,S1_depeg_stablecoin,indonesia,USDC
109,0.9222737648588695,2946454126611.7715,326,S1_depeg_stablecoin,indonesia,USDC
110,0.9666676844664966,2945681126833.7197,326,S1_depeg_stablecoin,indonesia,USDC
111,0.9630149176643487,2945634379727.004,326,S1_depeg_stablecoin,indonesia,USDC
112,0.9615537091796692,2945537802376.049,326,S1_depeg_stablecoin,indonesia,USDC
113,0.9654507134696392,2945418367187.0073,326,S1_depeg_stablecoin,indonesia,USDC
114,0.9408652990712563,2945362213331.8633,326,S1_depeg_stablecoin,indonesia,USDC
115,0.9565969058587824,2944881297276.3364,326,S1_depeg_stablecoin,indonesia,USDC
116,0.9838091511450106,2944689713276.0044,326,S1_depeg_stablecoin,indonesia,USDC
117,0.9805693926440582,2944689713276.0044,326,S1_depeg_stablecoin,indonesia,USDC
118,0.9637427879921214,2944689713276.0044,326,S1_depeg_stablecoin,indonesia,USDC
119,0.9611164724857392,2944610008289.074,326,S1_depeg_stablecoin,indonesia,USDC
120,1.0022486714624042,2944480302426.0146,326,S1_depeg_stablecoin,indonesia,USDC
121,1.0111335515613638,2944480302426.0146,326,S1_depeg_stablecoin,indonesia,USDC
122,1.023299492679651,2944480302426.0146,326,S1_depeg_stablecoin,indonesia,USDC
123,1.0489482561087082,2944480302426.0146,326,S1_depeg_stablecoin,indonesia,USDC
124,1.0430710180248228,2944480302426.0146,326,S1_depeg_stablecoin,indonesia,USDC
125,1.0317428584779755,2944480302426.0146,326,S1_depeg_stablecoin,indonesia,USDC
126,1.0107083157605234,2944480302426.0146,326,S1_depeg_stablecoin,indonesia,USDC
127,1.0064365183588935,2944480302426.0146,326,S1_depeg_stablecoin,indonesia,USDC
128,0.9771726487611165,2944480302426.0146,326,S1_depeg_stablecoin,indonesia,USDC
129,0.9880456572923372,2944480302426.0146,326,S1_depeg_stablecoin,indonesia,USDC
130,0.9899477823404632,2944480302426.0146,326,S1_depeg_stablecoin,indonesia,USDC
131,0.9885620566779924,2944480302426.0146,326,S1_depeg_stablecoin,indonesia,USDC
132,1.0054839925747365,2944480302426.0146,326,S1_depeg_stablecoin,indonesia,USDC
133,1.0011519372813353,2944480302426.0146,326,S1_depeg_stablecoin,indonesia,USDC
134,0.995491700885347,2944480302426.0146,326,S1_depeg_stablecoin,indonesia,USDC
135,0.9964261453755859,2944480302426.0146,326,S1_depeg_stablecoin,indonesia,USDC
136,1.010701254894941,2944480302426.0146,326,S1_depeg_stablecoin,indonesia,USDC
137,1.0170154614564921,2944480302426.0146,326,S1_depeg_stablecoin,indonesia,USDC
138,0.9933411790599469,2944480302426.0146,326,S1_depeg_stablecoin,indonesia,USDC
139,1.0197065702244417,2944480302426.0146,326,S1_depeg_stablecoin,indonesia,USDC
140,0.9678677293073905,2944480302426.0146,326,S1_depeg_stablecoin,indonesia,USDC
141,0.9616780563181564,2944463653181.544,326,S1_depeg_stablecoin,indonesia,USDC
142,0.9463950615840084,2944343970992.6523,326,S1_depeg_stablecoin,indonesia,USDC
143,0.9617066988032686,2944006594316.603,326,S1_depeg_stablecoin,indonesia,USDC
144,0.9981879363617605,2943900699051.175,326,S1_depeg_stablecoin,indonesia,USDC
145,0.971579144352976,2943900699051.175,326,S1_depeg_stablecoin,indonesia,USDC
146,0.9527528574827243,2943900699051.175,326,S1_depeg_stablecoin,indonesia,USDC
147,0.958556074331404,2943665514711.3296,326,S1_depeg_stablecoin,indonesia,USDC
148,0.944877130710271,2943527211720.514,326,S1_depeg_stablecoin,indonesia,USDC
149,0.9249568951421607,2943160043824.9834,326,S1_depeg_stablecoin,indonesia,USDC
150,0.9217655661236515,2942536723660.0557,326,S1_depeg_stablecoin,indonesia,USDC
151,0.9502575034446734,2941881036087.6206,326,S1_depeg_stablecoin,indonesia,USDC
152,0.9580654017494623,2941647321574.92,326,S1_depeg_stablecoin,indonesia,USDC
153,0.9759781947299413,2941513696916.782,326,S1_depeg_stablecoin,indonesia,USDC
154,0.9844257329127449,2941513696916.782,326,S1_depeg_stablecoin,indonesia,USDC
155,1.017397968978511,2941513696916.782,326,S1_depeg_stablecoin,indonesia,USDC
156,1.0015254093171557,2941513696916.782,326,S1_depeg_stablecoin,indonesia,USDC
157,0.9836689706165687,2941513696916.782,326,S1_depeg_stablecoin,indonesia,USDC
158,1.0098886269064045,2941513696916.782,326,S1_depeg_stablecoin,indonesia,USDC
159,0.9875363732014758,2941513696916.782,326,S1_depeg_stablecoin,indonesia,USDC
160,0.9663660363361883,2941513696916.782,326,S1_depeg_stablecoin,indonesia,USDC
161,0.9938709140288287,2941475220233.3438,326,S1_depeg_stablecoin,indonesia,USDC
162,0.9856634854119035,2941475220233.3438,326,S1_depeg_stablecoin,indonesia,USDC
163,0.9806300427637964,2941475220233.3438,326,S1_depeg_stablecoin,indonesia,USDC
164,0.9866035082622487,2941475220233.3438,326,S1_depeg_stablecoin,indonesia,USDC
165,0.9940854417361549,2941475220233.3438,326,S1_depeg_stablecoin,indonesia,USDC
166,0.9858582256908891,2941475220233.3438,326,S1_depeg_stablecoin,indonesia,USDC
167,0.9871330067374499,2941475220233.3438,326,S1_depeg_stablecoin,indonesia,USDC
168,0.9875378623654149,2941475220233.3438,326,S1_depeg_stablecoin,indonesia,USDC
169,1.0170234321293332,2941475220233.3438,326,S1_depeg_stablecoin,indonesia,USDC
170,1.0041503401254228,2941475220233.3438,326,S1_depeg_stablecoin,indonesia,USDC
171,1.0128870173799807,2941475220233.3438,326,S1_depeg_stablecoin,indonesia,USDC
172,1.0119978192316126,2941475220233.3438,326,S1_depeg_stablecoin,indonesia,USDC
173,1.0114886655394755,2941475220233.3438,326,S1_depeg_stablecoin,indonesia,USDC
174,0.984186203713988,2941475220233.3438,326,S1_depeg_stablecoin,indonesia,USDC
175,0.9976787829181202,2941475220233.3438,326,S1_depeg_stablecoin,indonesia,USDC
176,1.007203608419736,2941475220233.3438,326,S1_depeg_stablecoin,indonesia,USDC
177,1.031187959802939,2941475220233.3438,326,S1_depeg_stablecoin,indonesia,USDC
178,1.0207855802636374,2941475220233.3438,326,S1_depeg_stablecoin,indonesia,USDC
179,1.0196213407908732,2941475220233.3438,326,S1_depeg_stablecoin,indonesia,USDC
180,1.0258851163606464,2941475220233.3438,326,S1_depeg_stablecoin,indonesia,USDC
181,0.9953175792319129,2941475220233.3438,326,S1_depeg_stablecoin,indonesia,USDC
182,0.997907267128432,2941475220233.3438,326,S1_depeg_stablecoin,indonesia,USDC
183,1.0066995110817598,2941475220233.3438,326,S1_depeg_stablecoin,indonesia,USDC
184,1.0019138112285952,2941475220233.3438,326,S1_depeg_stablecoin,indonesia,USDC
185,1.0455039904101062,2941475220233.3438,326,S1_depeg_stablecoin,indonesia,USDC
186,1.030185204910261,2941475220233.3438,326,S1_depeg_stablecoin,indonesia,USDC
187,1.0450260559169802,2941475220233.3438,326,S1_depeg_stablecoin,indonesia,USDC
188,1.0439876745365353,2941475220233.3438,326,S1_depeg_stablecoin,indonesia,USDC
189,1.0184017582477654,2941475220233.3438,326,S1_depeg_stablecoin,indonesia,USDC
190,1.0033088775413515,2941475220233.3438,326,S1_depeg_stablecoin,indonesia,USDC
191,1.0010777883952404,2941475220233.3438,326,S1_depeg_stablecoin,indonesia,USDC
192,1.0028714298863908,2941475220233.3438,326,S1_depeg_stablecoin,indonesia,USDC
193,1.014989610193012,2941475220233.3438,326,S1_depeg_stablecoin,indonesia,USDC
194,1.0199943145667447,2941475220233.3438,326,S1_depeg_stablecoin,indonesia,USDC
195,1.0346607657637372,2941475220233.3438,326,S1_depeg_stablecoin,indonesia,USDC
196,1.046895448439148,2941475220233.3438,326,S1_depeg_stablecoin,indonesia,USDC
197,1.0268907699298133,2941475220233.3438,326,S1_depeg_stablecoin,indonesia,USDC
198,1.0137207948485958,2941475220233.3438,326,S1_depeg_stablecoin,indonesia,USDC
199,1.013849721880767,2941475220233.3438,326,S1_depeg_stablecoin,indonesia,USDC
200,1.033699122464554,2941475220233.3438,326,S1_depeg_stablecoin,indonesia,USDC
201,1.0262671836149984,2941475220233.3438,326,S1_depeg_stablecoin,indonesia,USDC
202,1.0175969889325005,2941475220233.3438,326,S1_depeg_stablecoin,indonesia,USDC
203,1.0178062418980551,2941475220233.3438,326,S1_depeg_stablecoin,indonesia,USDC
204,1.021241007984332,2941475220233.3438,326,S1_depeg_stablecoin,indonesia,USDC
205,1.0451627185219232,2941475220233.3438,326,S1_depeg_stablecoin,indonesia,USDC
206,1.0406893146637255,2941475220233.3438,326,S1_depeg_stablecoin,indonesia,USDC
207,1.0342365689814363,2941475220233.3438,326,S1_depeg_stablecoin,indonesia,USDC
208,1.0103750302847245,2941475220233.3438,326,S1_depeg_stablecoin,indonesia,USDC
209,1.0004951242770044,2941475220233.3438,326,S1_depeg_stablecoin,indonesia,USDC
210,1.0202737714048407,2941475220233.3438,326,S1_depeg_stablecoin,indonesia,USDC
211,1.0372480790849747,2941475220233.3438,326,S1_depeg_stablecoin,indonesia,USDC
212,1.0658615180408562,2941475220233.3438,326,S1_depeg_stablecoin,indonesia,USDC
213,1.059906578741388,2941475220233.3438,326,S1_depeg_stablecoin,indonesia,USDC
214,1.0367781513768226,2941475220233.3438,326,S1_depeg_stablecoin,indonesia,USDC
215,0.9860077810609214,2941475220233.3438,326,S1_depeg_stablecoin,indonesia,USDC
216,1.0049349556553278,2941475220233.3438,326,S1_depeg_stablecoin,indonesia,USDC
217,0.9701984277868974,2941475220233.3438,326,S1_depeg_stablecoin,indonesia,USDC
218,0.9722960184179971,2941475220233.3438,326,S1_depeg_stablecoin,indonesia,USDC
219,0.9688028305007698,2941475220233.3438,326,S1_depeg_stablecoin,indonesia,USDC
220,0.9952789049208166,2941465176471.724,326,S1_depeg_stablecoin,indonesia,USDC
221,0.9810704181393777,2941465176471.724,326,S1_depeg_stablecoin,indonesia,USDC
222,0.9633007939755475,2941465176471.724,326,S1_depeg_stablecoin,indonesia,USDC
223,0.9780250310231097,2941396715539.2764,326,S1_depeg_stablecoin,indonesia,USDC
224,0.9986063038972725,2941396715539.2764,326,S1_depeg_stablecoin,indonesia,USDC
225,0.9985241647330636,2941396715539.2764,326,S1_depeg_stablecoin,indonesia,USDC
226,1.0195865432937599,2941396715539.2764,326,S1_depeg_stablecoin,indonesia,USDC
227,1.0115715685642035,2941396715539.2764,326,S1_depeg_stablecoin,indonesia,USDC
228,1.0264363273674109,2941396715539.2764,326,S1_depeg_stablecoin,indonesia,USDC
229,1.0293960107080857,2941396715539.2764,326,S1_depeg_stablecoin,indonesia,USDC
230,1.0105777552139583,2941396715539.2764,326,S1_depeg_stablecoin,indonesia,USDC
231,0.9968835672616794,2941396715539.2764,326,S1_depeg_stablecoin,indonesia,USDC
232,0.996548018084729,2941396715539.2764,326,S1_depeg_stablecoin,indonesia,USDC
233,1.0193818095423939,2941396715539.2764,326,S1_depeg_stablecoin,indonesia,USDC
234,1.0128693892223255,2941396715539.2764,326,S1_depeg_stablecoin,indonesia,USDC
235,1.0205564439338248,2941396715539.2764,326,S1_depeg_stablecoin,indonesia,USDC
236,1.0542233924066917,2941396715539.2764,326,S1_depeg_stablecoin,indonesia,USDC
237,1.0289184030749472,2941396715539.2764,326,S1_depeg_stablecoin,indonesia,USDC
238,1.028870625111025,2941396715539.2764,326,S1_depeg_stablecoin,indonesia,USDC
239,1.0429871973686868,2941396715539.2764,326,S1_depeg_stablecoin,indonesia,USDC
240,1.030944327006673,2941396715539.2764,326,S1_depeg_stablecoin,indonesia,USDC
241,1.039979340519092,2941396715539.2764,326,S1_depeg_stablecoin,indonesia,USDC
242,1.0266039726584235,2941396715539.2764,326,S1_depeg_stablecoin,indonesia,USDC
243,1.0335009621926545,2941396715539.2764,326,S1_depeg_stablecoin,indonesia,USDC
244,1.0589283410746098,2941396715539.2764,326,S1_depeg_stablecoin,indonesia,USDC
245,1.0255812938885085,2941396715539.2764,326,S1_depeg_stablecoin,indonesia,USDC
246,1.0464277680095355,2941396715539.2764,326,S1_depeg_stablecoin,indonesia,USDC
247,1.0503262268166345,2941396715539.2764,326,S1_depeg_stablecoin,indonesia,USDC
248,1.0613938454167835,2941396715539.2764,326,S1_depeg_stablecoin,indonesia,USDC
249,1.0523255588450506,2941396715539.2764,326,S1_depeg_stablecoin,indonesia,USDC
250,1.0531882655427374,2941396715539.2764,326,S1_depeg_stablecoin,indonesia,USDC
251,1.0098828527426116,2941396715539.2764,326,S1_depeg_stablecoin,indonesia,USDC
252,0.9921908598715811,2941396715539.2764,326,S1_depeg_stablecoin,indonesia,USDC
253,0.9826080908407038,2941396715539.2764,326,S1_depeg_stablecoin,indonesia,USDC
254,0.9858470522448531,2941396715539.2764,326,S1_depeg_stablecoin,indonesia,USDC
255,1.0136247576488804,2941396715539.2764,326,S1_depeg_stablecoin,indonesia,USDC
256,0.9496799262385143,2941396715539.2764,326,S1_depeg_stablecoin,indonesia,USDC
257,0.9813211264895633,2941165159138.187,326,S1_depeg_stablecoin,indonesia,USDC
258,0.9714859814182625,2941165159138.187,326,S1_depeg_stablecoin,indonesia,USDC
259,0.9573133265061745,2941165159138.187,326,S1_depeg_stablecoin,indonesia,USDC
260,0.9922249842009276,2941027890341.2197,326,S1_depeg_stablecoin,indonesia,USDC
261,0.9998619336621866,2941027890341.2197,326,S1_depeg_stablecoin,indonesia,USDC
262,1.003625867341248,2941027890341.2197,326,S1_depeg_stablecoin,indonesia,USDC
263,0.9970692195262769,2941027890341.2197,326,S1_depeg_stablecoin,indonesia,USDC
264,1.02772336235825,2941027890341.2197,326,S1_depeg_stablecoin,indonesia,USDC
265,1.029201666713261,2941027890341.2197,326,S1_depeg_stablecoin,indonesia,USDC
266,1.030661429988842,2941027890341.2197,326,S1_depeg_stablecoin,indonesia,USDC
267,1.0206981870516696,2941027890341.2197,326,S1_depeg_stablecoin,indonesia,USDC
268,0.9927196653794241,2941027890341.2197,326,S1_depeg_stablecoin,indonesia,USDC
269,0.9642234636963943,2941027890341.2197,326,S1_depeg_stablecoin,indonesia,USDC
270,0.9578500885507408,2940972652887.675,326,S1_depeg_stablecoin,indonesia,USDC
271,0.9649491010215121,2940835550893.872,326,S1_depeg_stablecoin,indonesia,USDC
272,0.9631125366029761,2940789655369.0967,326,S1_depeg_stablecoin,indonesia,USDC
273,0.971177039713971,2940723019760.4707,326,S1_depeg_stablecoin,indonesia,USDC
274,0.9385735536450767,2940723019760.4707,326,S1_depeg_stablecoin,indonesia,USDC
275,0.9605120529544583,2940390585209.4043,326,S1_depeg_stablecoin,indonesia,USDC
276,0.9677241880812993,2940305071611.3535,326,S1_depeg_stablecoin,indonesia,USDC
277,0.997519624342682,2940291465641.526,326,S1_depeg_stablecoin,indonesia,USDC
278,0.9715304359340498,2940291465641.526,326,S1_depeg_stablecoin,indonesia,USDC
279,0.9551594474202676,2940291465641.526,326,S1_depeg_stablecoin,indonesia,USDC
280,0.9765109205408249,2940140897484.515,326,S1_depeg_stablecoin,indonesia,USDC
281,0.9545340425232012,2940140897484.515,326,S1_depeg_stablecoin,indonesia,USDC
282,0.967488069444797,2939977186551.6606,326,S1_depeg_stablecoin,indonesia,USDC
283,0.9618073093151848,2939967476702.8027,326,S1_depeg_stablecoin,indonesia,USDC
284,0.9636384994817389,2939884790293.2954,326,S1_depeg_stablecoin,indonesia,USDC
285,0.978825825204236,2939822334541.5483,326,S1_depeg_stablecoin,indonesia,USDC
286,0.9633843635032966,2939822334541.5483,326,S1_depeg_stablecoin,indonesia,USDC
287,0.9689586407441241,2939770679997.11,326,S1_depeg_stablecoin,indonesia,USDC
288,0.9739660226035669,2939759493534.919,326,S1_depeg_stablecoin,indonesia,USDC
289,0.9536992292593047,2939759493534.919,326,S1_depeg_stablecoin,indonesia,USDC
290,0.9687009039048345,2939601066657.0054,326,S1_depeg_stablecoin,indonesia,USDC
291,0.965080006386768,2939601066657.0054,326,S1_depeg_stablecoin,indonesia,USDC
292,0.9444473318093617,2939555249132.2812,326,S1_depeg_stablecoin,indonesia,USDC
293,0.9639985672191715,2939296222177.3413,326,S1_depeg_stablecoin,indonesia,USDC
294,0.9825839830751442,2939253145444.6772,326,S1_depeg_stablecoin,indonesia,USDC
295,0.980590943957178,2939253145444.6772,326,S1_depeg_stablecoin,indonesia,USDC
296,0.9904466308527113,2939253145444.6772,326,S1_depeg_stablecoin,indonesia,USDC
297,0.9941900397232025,2939253145444.6772,326,S1_depeg_stablecoin,indonesia,USDC
298,0.9945785701057555,2939253145444.6772,326,S1_depeg_stablecoin,indonesia,USDC
299,0.9860713924857696,2939253145444.6772,326,S1_depeg_stablecoin,indonesia,USDC
300,1.0178048238047945,2939253145444.6772,326,S1_depeg_stablecoin,indonesia,USDC
301,0.9982263312080272,2939253145444.6772,326,S1_depeg_stablecoin,indonesia,USDC
302,0.9851971154488515,2939253145444.6772,326,S1_depeg_stablecoin,indonesia,USDC
303,0.9763115981165038,2939253145444.6772,326,S1_depeg_stablecoin,indonesia,USDC
304,1.0001479027589932,2939253145444.6772,326,S1_depeg_stablecoin,indonesia,USDC
305,0.9914013400741092,2939253145444.6772,326,S1_depeg_stablecoin,indonesia,USDC
306,1.0248290967147278,2939253145444.6772,326,S1_depeg_stablecoin,indonesia,USDC
307,1.0248996671450799,2939253145444.6772,326,S1_depeg_stablecoin,indonesia,USDC
308,1.0144521748332622,2939253145444.6772,326,S1_depeg_stablecoin,indonesia,USDC
309,0.9703109976690714,2939253145444.6772,326,S1_depeg_stablecoin,indonesia,USDC
310,0.942350987380085,2939253145444.6772,326,S1_depeg_stablecoin,indonesia,USDC
311,0.9085786420121624,2938980747214.1143,326,S1_depeg_stablecoin,indonesia,USDC
312,0.9170044227586239,2938370967631.0654,326,S1_depeg_stablecoin,indonesia,USDC
313,0.8960278967862836,2937890845165.9043,326,S1_depeg_stablecoin,indonesia,USDC
314,0.8897068532567525,2937270249808.7935,326,S1_depeg_stablecoin,indonesia,USDC
315,0.9043838592875952,2936644603351.851,326,S1_depeg_stablecoin,indonesia,USDC
316,0.9417888469720257,2936163292669.751,326,S1_depeg_stablecoin,indonesia,USDC
317,0.9605211239416614,2935978774782.9204,326,S1_depeg_stablecoin,indonesia,USDC
318,0.9770275382177348,2935918500641.7695,326,S1_depeg_stablecoin,indonesia,USDC
319,0.9910254417107308,2935918500641.7695,326,S1_depeg_stablecoin,indonesia,USDC
320,0.9853988287923642,2935918500641.7695,326,S1_depeg_stablecoin,indonesia,USDC
321,1.004542766198174,2935918500641.7695,326,S1_depeg_stablecoin,indonesia,USDC
322,0.9768691163172206,2935918500641.7695,326,S1_depeg_stablecoin,indonesia,USDC
323,0.9794163394401741,2935918500641.7695,326,S1_depeg_stablecoin,indonesia,USDC
324,0.9550890243478061,2935918500641.7695,326,S1_depeg_stablecoin,indonesia,USDC
325,0.9412916648045716,2935832744873.5566,326,S1_depeg_stablecoin,indonesia,USDC
326,0.9637512751032912,2935660518713.5835,326,S1_depeg_stablecoin,indonesia,USDC
327,0.9533125448125968,2935623849803.5264,326,S1_depeg_stablecoin,indonesia,USDC
328,0.9139425891708357,2935531027110.4746,326,S1_depeg_stablecoin,indonesia,USDC
329,0.9065994471196105,2935201278351.4604,326,S1_depeg_stablecoin,indonesia,USDC
330,0.909355226691074,2934837531414.915,326,S1_depeg_stablecoin,indonesia,USDC
331,0.9530764740782512,2934520133461.549,326,S1_depeg_stablecoin,indonesia,USDC
332,0.9359788381375188,2934434060069.146,326,S1_depeg_stablecoin,indonesia,USDC
333,0.9398095093558752,2934255772039.6235,326,S1_depeg_stablecoin,indonesia,USDC
334,0.9234224953206926,2934113307845.2324,326,S1_depeg_stablecoin,indonesia,USDC
335,0.939646757015622,2933884620147.972,326,S1_depeg_stablecoin,indonesia,USDC
336,0.962714678360758,2933752101230.2705,326,S1_depeg_stablecoin,indonesia,USDC
337,0.943178251344997,2933727503442.7866,326,S1_depeg_stablecoin,indonesia,USDC
338,0.9289559864982087,2933606481166.1035,326,S1_depeg_stablecoin,indonesia,USDC
339,0.93993386293627,2933426407545.9507,326,S1_depeg_stablecoin,indonesia,USDC
340,0.956211245572556,2933300079054.425,326,S1_depeg_stablecoin,indonesia,USDC
341,0.9504662308080899,2933249857091.328,326,S1_depeg_stablecoin,indonesia,USDC
342,0.969259429567935,2933171337667.494,326,S1_depeg_stablecoin,indonesia,USDC
343,0.9909829402839088,2933170361147.991,326,S1_depeg_stablecoin,indonesia,USDC
344,0.9779020646702272,2933170361147.991,326,S1_depeg_stablecoin,indonesia,USDC
345,1.0006146227591566,2933170361147.991,326,S1_depeg_stablecoin,indonesia,USDC
346,0.983994406394649,2933170361147.991,326,S1_depeg_stablecoin,indonesia,USDC
347,0.9840103508845564,2933170361147.991,326,S1_depeg_stablecoin,indonesia,USDC
348,0.9624959468899101,2933170361147.991,326,S1_depeg_stablecoin,indonesia,USDC
349,0.9414706707824634,2933148196302.8105,326,S1_depeg_stablecoin,indonesia,USDC
350,0.9461471372088123,2933036507656.4883,326,S1_depeg_stablecoin,indonesia,USDC
351,0.938999784960075,2932952681082.9995,326,S1_depeg_stablecoin,indonesia,USDC
352,0.9467236376517425,2932841305675.547,326,S1_depeg_stablecoin,indonesia,USDC
353,0.962645838170571,2932757545941.552,326,S1_depeg_stablecoin,indonesia,USDC
354,0.9856982864891104,2932738276754.701,326,S1_depeg_stablecoin,indonesia,USDC
355,0.9785660703366356,2932738276754.701,326,S1_depeg_stablecoin,indonesia,USDC
356,0.9934959591172795,2932738276754.701,326,S1_depeg_stablecoin,indonesia,USDC
357,0.9578711851798783,2932738276754.701,326,S1_depeg_stablecoin,indonesia,USDC
358,0.9305865321821313,2932700806984.371,326,S1_depeg_stablecoin,indonesia,USDC
359,0.9416799321587598,2932576673332.333,326,S1_depeg_stablecoin,indonesia,USDC
360,0.9335956697695118,2932482490071.2373,326,S1_depeg_stablecoin,indonesia,USDC
361,0.959485447600543,2932372127248.63,326,S1_depeg_stablecoin,indonesia,USDC
362,0.9621837743305425,2932339376521.81,326,S1_depeg_stablecoin,indonesia,USDC
363,0.9520500141798847,2932321120105.175,326,S1_depeg_stablecoin,indonesia,USDC
364,0.9717285136476537,2932266153385.371,326,S1_depeg_stablecoin,indonesia,USDC
365,0.967065485181713,2932266153385.371,326,S1_depeg_stablecoin,indonesia,USDC
366,0.9830999474989518,2932258994163.508,326,S1_depeg_stablecoin,indonesia,USDC
367,1.0047734105071986,2932258994163.508,326,S1_depeg_stablecoin,indonesia,USDC
368,1.0186959398207587,2932258994163.508,326,S1_depeg_stablecoin,indonesia,USDC
369,1.0664401992228598,2932258994163.508,326,S1_depeg_stablecoin,indonesia,USDC
370,1.0378361072266444,2932258994163.508,326,S1_depeg_stablecoin,indonesia,USDC
371,1.039415124024965,2932258994163.508,326,S1_depeg_stablecoin,indonesia,USDC
372,1.0189830006513223,2932258994163.508,326,S1_depeg_stablecoin,indonesia,USDC
373,1.0209133732215638,2932258994163.508,326,S1_depeg_stablecoin,indonesia,USDC
374,0.9951351361295198,2932258994163.508,326,S1_depeg_stablecoin,indonesia,USDC
375,0.9790606216404899,2932258994163.508,326,S1_depeg_stablecoin,indonesia,USDC
376,0.9631777702607118,2932258994163.508,326,S1_depeg_stablecoin,indonesia,USDC
377,0.9623889137666743,2932244059934.862,326,S1_depeg_stablecoin,indonesia,USDC
378,0.9873838118817874,2932225093200.5522,326,S1_depeg_stablecoin,indonesia,USDC
379,1.0028828727485566,2932225093200.5522,326,S1_depeg_stablecoin,indonesia,USDC
380,0.9953856115671543,2932225093200.5522,326,S1_depeg_stablecoin,indonesia,USDC
381,0.9925536269269449,2932225093200.5522,326,S1_depeg_stablecoin,indonesia,USDC
382,0.9932368460298742,2932225093200.5522,326,S1_depeg_stablecoin,indonesia,USDC
383,0.9835834219341538,2932225093200.5522,326,S1_depeg_stablecoin,indonesia,USDC
384,0.9994040968564174,2932225093200.5522,326,S1_depeg_stablecoin,indonesia,USDC
385,0.9984487266665149,2932225093200.5522,326,S1_depeg_stablecoin,indonesia,USDC
386,1.0018609257824196,2932225093200.5522,326,S1_depeg_stablecoin,indonesia,USDC
387,0.9951768914414647,2932225093200.5522,326,S1_depeg_stablecoin,indonesia,USDC
388,0.9817314636052052,2932225093200.5522,326,S1_depeg_stablecoin,indonesia,USDC
389,0.9914624913430501,2932225093200.5522,326,S1_depeg_stablecoin,indonesia,USDC
390,0.9969803363761937,2932225093200.5522,326,S1_depeg_stablecoin,indonesia,USDC
391,0.9805991168950674,2932225093200.5522,326,S1_depeg_stablecoin,indonesia,USDC
392,0.9563225132710661,2932225093200.5522,326,S1_depeg_stablecoin,indonesia,USDC
393,0.9637648586284299,2932186738956.1763,326,S1_depeg_stablecoin,indonesia,USDC
394,0.9917227616207023,2932170292536.838,326,S1_depeg_stablecoin,indonesia,USDC
395,1.010208677433004,2932170292536.838,326,S1_depeg_stablecoin,indonesia,USDC
396,1.030678317627032,2932170292536.838,326,S1_depeg_stablecoin,indonesia,USDC
397,1.0497599755681675,2932170292536.838,326,S1_depeg_stablecoin,indonesia,USDC
398,1.0196198416186113,2932170292536.838,326,S1_depeg_stablecoin,indonesia,USDC
399,1.021058241289855,2932170292536.838,326,S1_depeg_stablecoin,indonesia,USDC
400,1.013147968045917,2932170292536.838,326,S1_depeg_stablecoin,indonesia,USDC
401,0.9929862077933204,2932170292536.838,326,S1_depeg_stablecoin,indonesia,USDC
402,1.0027855528695035,2932170292536.838,326,S1_depeg_stablecoin,indonesia,USDC
403,0.9857880453557696,2932170292536.838,326,S1_depeg_stablecoin,indonesia,USDC
404,0.9803348947850793,2932170292536.838,326,S1_depeg_stablecoin,indonesia,USDC
405,0.9903638077946647,2932170292536.838,326,S1_depeg_stablecoin,indonesia,USDC
406,1.004752291546735,2932170292536.838,326,S1_depeg_stablecoin,indonesia,USDC
407,1.0232774004296716,2932170292536.838,326,S1_depeg_stablecoin,indonesia,USDC
408,1.0436676241080678,2932170292536.838,326,S1_depeg_stablecoin,indonesia,USDC
409,1.060377877960062,2932170292536.838,326,S1_depeg_stablecoin,indonesia,USDC
410,1.0520196218344142,2932170292536.838,326,S1_depeg_stablecoin,indonesia,USDC
411,1.0086021257902729,2932170292536.838,326,S1_depeg_stablecoin,indonesia,USDC
412,1.0131815751821924,2932170292536.838,326,S1_depeg_stablecoin,indonesia,USDC
413,1.0271709927787855,2932170292536.838,326,S1_depeg_stablecoin,indonesia,USDC
414,1.0469854088250314,2932170292536.838,326,S1_depeg_stablecoin,indonesia,USDC
415,1.0610453809416753,2932170292536.838,326,S1_depeg_stablecoin,indonesia,USDC
416,1.0765682853545147,2932170292536.838,326,S1_depeg_stablecoin,indonesia,USDC
417,1.0597393931388712,2932170292536.838,326,S1_depeg_stablecoin,indonesia,USDC
418,1.0728531571368616,2932170292536.838,326,S1_depeg_stablecoin,indonesia,USDC
419,1.0628555923888163,2932170292536.838,326,S1_depeg_stablecoin,indonesia,USDC
420,1.0466112694952014,2932170292536.838,326,S1_depeg_stablecoin,indonesia,USDC
421,1.0447480930124027,2932170292536.838,326,S1_depeg_stablecoin,indonesia,USDC
422,1.040143409401497,2932170292536.838,326,S1_depeg_stablecoin,indonesia,USDC
423,1.051961458096721,2932170292536.838,326,S1_depeg_stablecoin,indonesia,USDC
424,1.0690612635789083,2932170292536.838,326,S1_depeg_stablecoin,indonesia,USDC
425,1.0639830638322478,2932170292536.838,326,S1_depeg_stablecoin,indonesia,USDC
426,1.084274249834861,2932170292536.838,326,S1_depeg_stablecoin,indonesia,USDC
427,1.058417271930313,2932170292536.838,326,S1_depeg_stablecoin,indonesia,USDC
428,1.0705284864832287,2932170292536.838,326,S1_depeg_stablecoin,indonesia,USDC
429,1.0588377849535624,2932170292536.838,326,S1_depeg_stablecoin,indonesia,USDC
430,1.0496339632401857,2932170292536.838,326,S1_depeg_stablecoin,indonesia,USDC
431,1.0310624123327377,2932170292536.838,326,S1_depeg_stablecoin,indonesia,USDC
432,1.0162266819973635,2932170292536.838,326,S1_depeg_stablecoin,indonesia,USDC
433,1.0134613858108752,2932170292536.838,326,S1_depeg_stablecoin,indonesia,USDC
434,0.9976980558921468,2932170292536.838,326,S1_depeg_stablecoin,indonesia,USDC
435,1.0034968832262654,2932170292536.838,326,S1_depeg_stablecoin,indonesia,USDC
436,1.0017171164384877,2932170292536.838,326,S1_depeg_stablecoin,indonesia,USDC
437,1.030002252814367,2932170292536.838,326,S1_depeg_stablecoin,indonesia,USDC
438,1.0424249073138938,2932170292536.838,326,S1_depeg_stablecoin,indonesia,USDC
439,1.0209375972656576,2932170292536.838,326,S1_depeg_stablecoin,indonesia,USDC
440,0.9659252600130137,2932170292536.838,326,S1_depeg_stablecoin,indonesia,USDC
441,0.9785131256707543,2932158448396.875,326,S1_depeg_stablecoin,indonesia,USDC
442,0.9815209516562887,2932158448396.875,326,S1_depeg_stablecoin,indonesia,USDC
443,0.9485427585241168,2932158448396.875,326,S1_depeg_stablecoin,indonesia,USDC
444,0.9733295040657595,2932103787325.974,326,S1_depeg_stablecoin,indonesia,USDC
445,0.9873205503378472,2932103787325.974,326,S1_depeg_stablecoin,indonesia,USDC
446,0.9877196248045564,2932103787325.974,326,S1_depeg_stablecoin,indonesia,USDC
447,0.9696181424102689,2932103787325.974,326,S1_depeg_stablecoin,indonesia,USDC
448,0.9638815592528779,2932103787325.974,326,S1_depeg_stablecoin,indonesia,USDC
449,0.9889407334473331,2932091547704.38,326,S1_depeg_stablecoin,indonesia,USDC
450,0.9705979969413646,2932091547704.38,326,S1_depeg_stablecoin,indonesia,USDC
451,0.9767603927945131,2932091547704.38,326,S1_depeg_stablecoin,indonesia,USDC
452,0.9639489100058587,2932091547704.38,326,S1_depeg_stablecoin,indonesia,USDC
453,0.9760350539645254,2932079543286.1685,326,S1_depeg_stablecoin,indonesia,USDC
454,0.9842295703831204,2932079543286.1685,326,S1_depeg_stablecoin,indonesia,USDC
455,0.9689306639336999,2932079543286.1685,326,S1_depeg_stablecoin,indonesia,USDC
456,0.9649939897000376,2932079543286.1685,326,S1_depeg_stablecoin,indonesia,USDC
457,0.9342257947874562,2932070384430.9883,326,S1_depeg_stablecoin,indonesia,USDC
458,0.9475512953124611,2931970083403.3555,326,S1_depeg_stablecoin,indonesia,USDC
459,0.9199560357447787,2931916546097.434,326,S1_depeg_stablecoin,indonesia,USDC
460,0.942768776927263,2931794759704.564,326,S1_depeg_stablecoin,indonesia,USDC
461,0.9442163923542716,2931730928399.672,326,S1_depeg_stablecoin,indonesia,USDC
462,0.9613105456226518,2931674505360.1084,326,S1_depeg_stablecoin,indonesia,USDC
463,0.9730603534934943,2931658323111.982,326,S1_depeg_stablecoin,indonesia,USDC
464,0.98356515582694,2931658323111.982,326,S1_depeg_stablecoin,indonesia,USDC
465,0.9397891913353715,2931658323111.982,326,S1_depeg_stablecoin,indonesia,USDC
466,0.9315371014532893,2931586454034.6035,326,S1_depeg_stablecoin,indonesia,USDC
467,0.9465356110635047,2931503062168.373,326,S1_depeg_stablecoin,indonesia,USDC
468,0.9609080880978133,2931452971407.402,326,S1_depeg_stablecoin,indonesia,USDC
469,0.9339422922216993,2931434692552.604,326,S1_depeg_stablecoin,indonesia,USDC
470,0.9583274878110394,2931364322996.747,326,S1_depeg_stablecoin,indonesia,USDC
471,0.9543845163559214,2931344418132.3604,326,S1_depeg_stablecoin,indonesia,USDC
472,0.9213929288548258,2931313902918.0947,326,S1_depeg_stablecoin,indonesia,USDC
473,0.9505052748528131,2931223484077.7983,326,S1_depeg_stablecoin,indonesia,USDC
474,0.959854727877444,2931189049390.9717,326,S1_depeg_stablecoin,indonesia,USDC
475,0.980804977907185,2931171074855.946,326,S1_depeg_stablecoin,indonesia,USDC
476,1.0069292700030876,2931171074855.946,326,S1_depeg_stablecoin,indonesia,USDC
477,1.0029887508044808,2931171074855.946,326,S1_depeg_stablecoin,indonesia,USDC
478,1.0031961171123784,2931171074855.946,326,S1_depeg_stablecoin,indonesia,USDC
479,0.997619197850388,2931171074855.946,326,S1_depeg_stablecoin,indonesia,USDC
480,1.0027624869771457,2931171074855.946,326,S1_depeg_stablecoin,indonesia,USDC
481,0.9836182901593787,2931171074855.946,326,S1_depeg_stablecoin,indonesia,USDC
482,0.9809658483718486,2931171074855.946,326,S1_depeg_stablecoin,indonesia,USDC
483,0.9820301506161655,2931171074855.946,326,S1_depeg_stablecoin,indonesia,USDC
484,0.9615697015029058,2931171074855.946,326,S1_depeg_stablecoin,indonesia,USDC
485,0.9228630112282815,2931156454872.539,326,S1_depeg_stablecoin,indonesia,USDC
486,0.9239809966184476,2931068707981.423,326,S1_depeg_stablecoin,indonesia,USDC
487,0.9187290179759504,2930987205164.83,326,S1_depeg_stablecoin,indonesia,USDC
488,0.932696713281913,2930907564092.662,326,S1_depeg_stablecoin,indonesia,USDC
489,0.9633590939167952,2930851295180.7812,326,S1_depeg_stablecoin,indonesia,USDC
490,0.9820004085698925,2930843856201.148,326,S1_depeg_stablecoin,indonesia,USDC
491,0.9654280663729694,2930843856201.148,326,S1_depeg_stablecoin,indonesia,USDC
492,0.9637046249544863,2930836818794.052,326,S1_depeg_stablecoin,indonesia,USDC
493,0.9609756407724087,2930828098718.77,326,S1_depeg_stablecoin,indonesia,USDC
494,0.9783300420394205,2930815343864.761,326,S1_depeg_stablecoin,indonesia,USDC
495,0.9660961414043484,2930815343864.761,326,S1_depeg_stablecoin,indonesia,USDC
496,0.9417658992935224,2930811166071.629,326,S1_depeg_stablecoin,indonesia,USDC
497,0.9395004870003602,2930771562360.3516,326,S1_depeg_stablecoin,indonesia,USDC
498,0.953386724733877,2930731319498.552,326,S1_depeg_stablecoin,indonesia,USDC
499,0.9527379014025521,2930707674728.8916,326,S1_depeg_stablecoin,indonesia,USDC
500,0.976227374402621,2930683527306.128,326,S1_depeg_stablecoin,indonesia,USDC
501,0.9454963812400415,2930683527306.128,326,S1_depeg_stablecoin,indonesia,USDC
502,0.9705087892172825,2930653604272.177,326,S1_depeg_stablecoin,indonesia,USDC
503,0.9872761923222191,2930653604272.177,326,S1_depeg_stablecoin,indonesia,USDC
504,0.9967601667872679,2930653604272.177,326,S1_depeg_stablecoin,indonesia,USDC
505,1.0190979306686239,2930653604272.177,326,S1_depeg_stablecoin,indonesia,USDC
506,1.0153097198770578,2930653604272.177,326,S1_depeg_stablecoin,indonesia,USDC
507,1.014171770713628,2930653604272.177,326,S1_depeg_stablecoin,indonesia,USDC
508,1.0106674837201761,2930653604272.177,326,S1_depeg_stablecoin,indonesia,USDC
509,1.0088483060147562,2930653604272.177,326,S1_depeg_stablecoin,indonesia,USDC
510,1.0177990929297003,2930653604272.177,326,S1_depeg_stablecoin,indonesia,USDC
511,1.0181173967217256,2930653604272.177,326,S1_depeg_stablecoin,indonesia,USDC
512,0.9979007762639565,2930653604272.177,326,S1_depeg_stablecoin,indonesia,USDC
513,0.9947843596593763,2930653604272.177,326,S1_depeg_stablecoin,indonesia,USDC
514,0.9828421613115257,2930653604272.177,326,S1_depeg_stablecoin,indonesia,USDC
515,0.9797398332261235,2930653604272.177,326,S1_depeg_stablecoin,indonesia,USDC
516,0.9614307095613827,2930653604272.177,326,S1_depeg_stablecoin,indonesia,USDC
517,0.9561097968835087,2930642094629.0986,326,S1_depeg_stablecoin,indonesia,USDC
518,0.992924411698651,2930623603141.7065,326,S1_depeg_stablecoin,indonesia,USDC
519,1.0106245448386175,2930623603141.7065,326,S1_depeg_stablecoin,indonesia,USDC
520,0.9963404074614929,2930623603141.7065,326,S1_depeg_stablecoin,indonesia,USDC
521,0.9810460418243396,2930623603141.7065,326,S1_depeg_stablecoin,indonesia,USDC
522,0.9507364039965396,2930623603141.7065,326,S1_depeg_stablecoin,indonesia,USDC
523,0.9554491782531767,2930600493273.414,326,S1_depeg_stablecoin,indonesia,USDC
524,0.9400510945672141,2930582705545.9863,326,S1_depeg_stablecoin,indonesia,USDC
525,0.9415734700950228,2930547201963.9473,326,S1_depeg_stablecoin,indonesia,USDC
526,0.9835626741607737,2930515742988.2554,326,S1_depeg_stablecoin,indonesia,USDC
527,0.9827827565809651,2930515742988.2554,326,S1_depeg_stablecoin,indonesia,USDC
528,0.9829604768002302,2930515742988.2554,326,S1_depeg_stablecoin,indonesia,USDC
529,0.9838682025153008,2930515742988.2554,326,S1_depeg_stablecoin,indonesia,USDC
530,0.9825572254603988,2930515742988.2554,326,S1_depeg_stablecoin,indonesia,USDC
531,0.9992256109794219,2930515742988.2554,326,S1_depeg_stablecoin,indonesia,USDC
532,1.0037660962297423,2930515742988.2554,326,S1_depeg_stablecoin,indonesia,USDC
533,0.9991293295824993,2930515742988.2554,326,S1_depeg_stablecoin,indonesia,USDC
534,1.0164402506932648,2930515742988.2554,326,S1_depeg_stablecoin,indonesia,USDC
535,1.0037175205255875,2930515742988.2554,326,S1_depeg_stablecoin,indonesia,USDC
536,0.9986147941965906,2930515742988.2554,326,S1_depeg_stablecoin,indonesia,USDC
537,1.0123006836189319,2930515742988.2554,326,S1_depeg_stablecoin,indonesia,USDC
538,0.9914742326433198,2930515742988.2554,326,S1_depeg_stablecoin,indonesia,USDC
539,0.9727555622413689,2930515742988.2554,326,S1_depeg_stablecoin,indonesia,USDC
540,0.9686699108682808,2930515742988.2554,326,S1_depeg_stablecoin,indonesia,USDC
541,0.9442095664459678,2930515209406.507,326,S1_depeg_stablecoin,indonesia,USDC
542,0.9329963481140571,2930486496251.0103,326,S1_depeg_stablecoin,indonesia,USDC
543,0.9227713009028281,2930447093072.2417,326,S1_depeg_stablecoin,indonesia,USDC
544,0.9429242473132909,2930393713846.273,326,S1_depeg_stablecoin,indonesia,USDC
545,0.9556969528558108,2930365637994.9194,326,S1_depeg_stablecoin,indonesia,USDC
546,0.940962545898376,2930351446759.6196,326,S1_depeg_stablecoin,indonesia,USDC
547,0.9440240606673784,2930321491020.9,326,S1_depeg_stablecoin,indonesia,USDC
548,0.9531067079888497,2930298296682.5146,326,S1_depeg_stablecoin,indonesia,USDC
549,0.9778001236994122,2930284085143.169,326,S1_depeg_stablecoin,indonesia,USDC
550,0.999613623294304,2930284085143.169,326,S1_depeg_stablecoin,indonesia,USDC
551,0.979458628623293,2930284085143.169,326,S1_depeg_stablecoin,indonesia,USDC
552,0.9962358620455263,2930284085143.169,326,S1_depeg_stablecoin,indonesia,USDC
553,0.9917578127135505,2930284085143.169,326,S1_depeg_stablecoin,indonesia,USDC
554,0.9935744157855982,2930284085143.169,326,S1_depeg_stablecoin,indonesia,USDC
555,0.9643683678606945,2930284085143.169,326,S1_depeg_stablecoin,indonesia,USDC
556,1.0084546895956177,2930279801241.4736,326,S1_depeg_stablecoin,indonesia,USDC
557,1.0000934273957216,2930279801241.4736,326,S1_depeg_stablecoin,indonesia,USDC
558,0.9996837779813417,2930279801241.4736,326,S1_depeg_stablecoin,indonesia,USDC
559,0.9947126659478726,2930279801241.4736,326,S1_depeg_stablecoin,indonesia,USDC
560,1.0058252382940611,2930279801241.4736,326,S1_depeg_stablecoin,indonesia,USDC
561,1.0122541126048654,2930279801241.4736,326,S1_depeg_stablecoin,indonesia,USDC
562,1.0039780102721498,2930279801241.4736,326,S1_depeg_stablecoin,indonesia,USDC
563,0.9886106327245933,2930279801241.4736,326,S1_depeg_stablecoin,indonesia,USDC
564,0.9879067126674599,2930279801241.4736,326,S1_depeg_stablecoin,indonesia,USDC
565,0.9990720534773403,2930279801241.4736,326,S1_depeg_stablecoin,indonesia,USDC
566,1.0204728670843717,2930279801241.4736,326,S1_depeg_stablecoin,indonesia,USDC
567,1.0067197650694395,2930279801241.4736,326,S1_depeg_stablecoin,indonesia,USDC
568,1.0042025799826408,2930279801241.4736,326,S1_depeg_stablecoin,indonesia,USDC
569,1.0251025209774216,2930279801241.4736,326,S1_depeg_stablecoin,indonesia,USDC
570,1.0109297548306846,2930279801241.4736,326,S1_depeg_stablecoin,indonesia,USDC
571,1.0204303395931085,2930279801241.4736,326,S1_depeg_stablecoin,indonesia,USDC
572,1.0035752001767093,2930279801241.4736,326,S1_depeg_stablecoin,indonesia,USDC
573,1.042137931149553,2930279801241.4736,326,S1_depeg_stablecoin,indonesia,USDC
574,1.0215783892774568,2930279801241.4736,326,S1_depeg_stablecoin,indonesia,USDC
575,1.00955980624508,2930279801241.4736,326,S1_depeg_stablecoin,indonesia,USDC
576,1.0081899580750493,2930279801241.4736,326,S1_depeg_stablecoin,indonesia,USDC
577,1.0090342299367328,2930279801241.4736,326,S1_depeg_stablecoin,indonesia,USDC
578,1.0182571453470899,2930279801241.4736,326,S1_depeg_stablecoin,indonesia,USDC
579,1.0723006655585772,2930279801241.4736,326,S1_depeg_stablecoin,indonesia,USDC
580,1.049164558004506,2930279801241.4736,326,S1_depeg_stablecoin,indonesia,USDC
581,1.0401451470453027,2930279801241.4736,326,S1_depeg_stablecoin,indonesia,USDC
582,1.0512027964610016,2930279801241.4736,326,S1_depeg_stablecoin,indonesia,USDC
583,0.9890819350022706,2930279801241.4736,326,S1_depeg_stablecoin,indonesia,USDC
584,0.9842680394380255,2930279801241.4736,326,S1_depeg_stablecoin,indonesia,USDC
585,0.9896113494621959,2930279801241.4736,326,S1_depeg_stablecoin,indonesia,USDC
586,0.979712114862914,2930279801241.4736,326,S1_depeg_stablecoin,indonesia,USDC
587,0.9892604893545808,2930279801241.4736,326,S1_depeg_stablecoin,indonesia,USDC
588,0.9991220987516538,2930279801241.4736,326,S1_depeg_stablecoin,indonesia,USDC
589,0.9830998019240448,2930279801241.4736,326,S1_depeg_stablecoin,indonesia,USDC
590,0.9527326061891,2930279801241.4736,326,S1_depeg_stablecoin,indonesia,USDC
591,0.9607245310072566,2930264769736.861,326,S1_depeg_stablecoin,indonesia,USDC
592,0.9743155463706156,2930257272828.1445,326,S1_depeg_stablecoin,indonesia,USDC
593,0.9737853313166822,2930257272828.1445,326,S1_depeg_stablecoin,indonesia,USDC
594,0.8542974418510506,2930257272828.1445,326,S1_depeg_stablecoin,indonesia,USDC
595,0.8914125249838878,2930149144435.2524,326,S1_depeg_stablecoin,indonesia,USDC
596,0.83575219441718,2930087465829.6733,326,S1_depeg_stablecoin,indonesia,USDC
597,0.8569243870337288,2929987543490.5503,326,S1_depeg_stablecoin,indonesia,USDC
598,0.8342615924518778,2929913313180.0293,326,S1_depeg_stablecoin,indonesia,USDC
599,0.8723958013629639,2929836172220.5703,326,S1_depeg_stablecoin,indonesia,USDC
600,0.8832295239212463,2929788404525.4844,326,S1_depeg_stablecoin,indonesia,USDC
601,0.8818638533136093,2929751890599.655,326,S1_depeg_stablecoin,indonesia,USDC
602,0.9007399809705658,2929715444098.7495,326,S1_depeg_stablecoin,indonesia,USDC
603,0.8922768512363923,2929691271551.3887,326,S1_depeg_stablecoin,indonesia,USDC
604,0.8858247285262881,2929665879014.4673,326,S1_depeg_stablecoin,indonesia,USDC
605,0.9136016480873871,2929638534402.0825,326,S1_depeg_stablecoin,indonesia,USDC
606,0.9004483866438264,2929623084660.1133,326,S1_depeg_stablecoin,indonesia,USDC
607,0.9176328750767377,2929604495360.5645,326,S1_depeg_stablecoin,indonesia,USDC
608,0.900598837875086,2929591520736.3477,326,S1_depeg_stablecoin,indonesia,USDC
609,0.942191775880009,2929575124938.7344,326,S1_depeg_stablecoin,indonesia,USDC
610,0.970041364574295,2929569361638.743,326,S1_depeg_stablecoin,indonesia,USDC
611,1.0030230560099254,2929569361638.743,326,S1_depeg_stablecoin,indonesia,USDC
612,1.0138785203442877,2929569361638.743,326,S1_depeg_stablecoin,indonesia,USDC
613,1.0235874939386735,2929569361638.743,326,S1_depeg_stablecoin,indonesia,USDC
614,0.9418902161747134,2929569361638.743,326,S1_depeg_stablecoin,indonesia,USDC
615,0.9611749430074196,2929563240883.202,326,S1_depeg_stablecoin,indonesia,USDC
616,0.956500458219684,2929561307835.9595,326,S1_depeg_stablecoin,indonesia,USDC
617,0.9454468023715727,2929558377788.3115,326,S1_depeg_stablecoin,indonesia,USDC
618,0.9188773566087122,2929553706528.139,326,S1_depeg_stablecoin,indonesia,USDC
619,0.9570975720439759,2929543581992.556,326,S1_depeg_stablecoin,indonesia,USDC
620,0.9593451074803844,2929541304608.038,326,S1_depeg_stablecoin,indonesia,USDC
621,0.9181293752097246,2929539475089.4707,326,S1_depeg_stablecoin,indonesia,USDC
622,0.8871251443504384,2929529384180.844,326,S1_depeg_stablecoin,indonesia,USDC
623,0.8788193726338326,2929514477083.479,326,S1_depeg_stablecoin,indonesia,USDC
624,0.8947020722453215,2929499437661.989,326,S1_depeg_stablecoin,indonesia,USDC
625,0.8999742653673768,2929488704102.022,326,S1_depeg_stablecoin,indonesia,USDC
626,0.9084731580113883,2929479457708.5415,326,S1_depeg_stablecoin,indonesia,USDC
627,0.9148900495919229,2929471295166.4355,326,S1_depeg_stablecoin,indonesia,USDC
628,0.9136580630143766,2929464795140.6963,326,S1_depeg_stablecoin,indonesia,USDC
629,0.9198508308034158,2929458679604.6284,326,S1_depeg_stablecoin,indonesia,USDC
630,0.9058195005251377,2929453401631.17,326,S1_depeg_stablecoin,indonesia,USDC
631,0.8983431663370602,2929446938738.515,326,S1_depeg_stablecoin,indonesia,USDC
632,0.9365658420793275,2929439834561.9634,326,S1_depeg_stablecoin,indonesia,USDC
633,0.9479051890630696,2929436859262.207,326,S1_depeg_stablecoin,indonesia,USDC
634,0.9593155501620967,2929434898338.127,326,S1_depeg_stablecoin,indonesia,USDC
635,0.9576961814981013,2929434090703.0576,326,S1_depeg_stablecoin,indonesia,USDC
636,0.9437773363897078,2929433215538.154,326,S1_depeg_stablecoin,indonesia,USDC
637,0.9735434372058083,2929430986768.601,326,S1_depeg_stablecoin,indonesia,USDC
638,0.9759204900053318,2929430986768.601,326,S1_depeg_stablecoin,indonesia,USDC
639,0.9942615452580534,2929430986768.601,326,S1_depeg_stablecoin,indonesia,USDC
640,1.0099465751334316,2929430986768.601,326,S1_depeg_stablecoin,indonesia,USDC
641,1.0163304894431844,2929430986768.601,326,S1_depeg_stablecoin,indonesia,USDC
642,1.0460061695413398,2929430986768.601,326,S1_depeg_stablecoin,indonesia,USDC
643,1.0321564738756253,2929430986768.601,326,S1_depeg_stablecoin,indonesia,USDC
644,1.0673986975278809,2929430986768.601,326,S1_depeg_stablecoin,indonesia,USDC
645,1.0508376298329885,2929430986768.601,326,S1_depeg_stablecoin,indonesia,USDC
646,1.0187099485279492,2929430986768.601,326,S1_depeg_stablecoin,indonesia,USDC
647,1.0165857091203734,2929430986768.601,326,S1_depeg_stablecoin,indonesia,USDC
648,0.9958299816754426,2929430986768.601,326,S1_depeg_stablecoin,indonesia,USDC
649,0.9773379684114687,2929430986768.601,326,S1_depeg_stablecoin,indonesia,USDC
650,0.9988178557134919,2929430986768.601,326,S1_depeg_stablecoin,indonesia,USDC
651,0.9559132790437381,2929430986768.601,326,S1_depeg_stablecoin,indonesia,USDC
652,0.9839867306100166,2929429884009.111,326,S1_depeg_stablecoin,indonesia,USDC
653,0.9762825604645642,2929429884009.111,326,S1_depeg_stablecoin,indonesia,USDC
654,0.9812485631089319,2929429884009.111,326,S1_depeg_stablecoin,indonesia,USDC
655,1.0071615516511643,2929429884009.111,326,S1_depeg_stablecoin,indonesia,USDC
656,0.996422928131458,2929429884009.111,326,S1_depeg_stablecoin,indonesia,USDC
657,0.9784922574545911,2929429884009.111,326,S1_depeg_stablecoin,indonesia,USDC
658,0.9897099824207289,2929429884009.111,326,S1_depeg_stablecoin,indonesia,USDC
659,0.9969964107642965,2929429884009.111,326,S1_depeg_stablecoin,indonesia,USDC
660,1.055953735608739,2929429884009.111,326,S1_depeg_stablecoin,indonesia,USDC
661,1.0893906509362823,2929429884009.111,326,S1_depeg_stablecoin,indonesia,USDC
662,1.114419967432366,2929429884009.111,326,S1_depeg_stablecoin,indonesia,USDC
663,1.1169694907198762,2929429884009.111,326,S1_depeg_stablecoin,indonesia,USDC
664,1.1178969604716826,2929429884009.111,326,S1_depeg_stablecoin,indonesia,USDC
665,1.1114752814729247,2929429884009.111,326,S1_depeg_stablecoin,indonesia,USDC
666,1.1246466193184645,2929429884009.111,326,S1_depeg_stablecoin,indonesia,USDC
667,1.1299765584917505,2929429884009.111,326,S1_depeg_stablecoin,indonesia,USDC
668,1.1257226747404017,2929429884009.111,326,S1_depeg_stablecoin,indonesia,USDC
669,1.1601664765330908,2929429884009.111,326,S1_depeg_stablecoin,indonesia,USDC
670,1.1553670841833155,2929429884009.111,326,S1_depeg_stablecoin,indonesia,USDC
671,1.1896590532146236,2929429884009.111,326,S1_depeg_stablecoin,indonesia,USDC
672,1.1725620855765924,2929429884009.111,326,S1_depeg_stablecoin,indonesia,USDC
673,1.1611825937454365,2929429884009.111,326,S1_depeg_stablecoin,indonesia,USDC
674,1.18005015284578,2929429884009.111,326,S1_depeg_stablecoin,indonesia,USDC
675,1.1418359450211282,2929429884009.111,326,S1_depeg_stablecoin,indonesia,USDC
676,1.175790371514319,2929429884009.111,326,S1_depeg_stablecoin,indonesia,USDC
677,1.1638947235746944,2929429884009.111,326,S1_depeg_stablecoin,indonesia,USDC
678,1.167067654876263,2929429884009.111,326,S1_depeg_stablecoin,indonesia,USDC
679,1.2052323557141198,2929429884009.111,326,S1_depeg_stablecoin,indonesia,USDC
680,1.1962868286025492,2929429884009.111,326,S1_depeg_stablecoin,indonesia,USDC
681,1.2292073335079277,2929429884009.111,326,S1_depeg_stablecoin,indonesia,USDC
682,1.228515140778194,2929429884009.111,326,S1_depeg_stablecoin,indonesia,USDC
683,1.2122019908867998,2929429884009.111,326,S1_depeg_stablecoin,indonesia,USDC
684,1.1463597725374353,2929429884009.111,326,S1_depeg_stablecoin,indonesia,USDC
685,1.114838174884688,2929429884009.111,326,S1_depeg_stablecoin,indonesia,USDC
686,1.1326190686611424,2929429884009.111,326,S1_depeg_stablecoin,indonesia,USDC
687,1.1111916725879538,2929429884009.111,326,S1_depeg_stablecoin,indonesia,USDC
688,1.116019154164619,2929429884009.111,326,S1_depeg_stablecoin,indonesia,USDC
689,1.0919490321350525,2929429884009.111,326,S1_depeg_stablecoin,indonesia,USDC
690,1.074218639391163,2929429884009.111,326,S1_depeg_stablecoin,indonesia,USDC
691,1.0289741631883274,2929429884009.111,326,S1_depeg_stablecoin,indonesia,USDC
692,1.0448317553441875,2929429884009.111,326,S1_depeg_stablecoin,indonesia,USDC
693,1.0357929944283233,2929429884009.111,326,S1_depeg_stablecoin,indonesia,USDC
694,1.0155783214954281,2929429884009.111,326,S1_depeg_stablecoin,indonesia,USDC
695,0.9986083881741967,2929429884009.111,326,S1_depeg_stablecoin,indonesia,USDC
696,0.9903407058794528,2929429884009.111,326,S1_depeg_stablecoin,indonesia,USDC
697,0.990713076843322,2929429884009.111,326,S1_depeg_stablecoin,indonesia,USDC
698,0.9662605443021829,2929429884009.111,326,S1_depeg_stablecoin,indonesia,USDC
699,0.9753799481789367,2929429579021.152,326,S1_depeg_stablecoin,indonesia,USDC
700,0.9988796637386756,2929429579021.152,326,S1_depeg_stablecoin,indonesia,USDC
701,1.0078190402225524,2929429579021.152,326,S1_depeg_stablecoin,indonesia,USDC
702,1.0119074411542601,2929429579021.152,326,S1_depeg_stablecoin,indonesia,USDC
703,1.0145787011267957,2929429579021.152,326,S1_depeg_stablecoin,indonesia,USDC
704,1.0435811227924634,2929429579021.152,326,S1_depeg_stablecoin,indonesia,USDC
705,1.0670953107111494,2929429579021.152,326,S1_depeg_stablecoin,indonesia,USDC
706,1.0205485296752186,2929429579021.152,326,S1_depeg_stablecoin,indonesia,USDC
707,1.049684643216229,2929429579021.152,326,S1_depeg_stablecoin,indonesia,USDC
708,1.0516742292584615,2929429579021.152,326,S1_depeg_stablecoin,indonesia,USDC
709,1.040821914043318,2929429579021.152,326,S1_depeg_stablecoin,indonesia,USDC
710,1.0290071938237786,2929429579021.152,326,S1_depeg_stablecoin,indonesia,USDC
711,1.0336575440526645,2929429579021.152,326,S1_depeg_stablecoin,indonesia,USDC
712,1.0264325899837252,2929429579021.152,326,S1_depeg_stablecoin,indonesia,USDC
713,1.0076783240842995,2929429579021.152,326,S1_depeg_stablecoin,indonesia,USDC
714,0.9692040305786073,2929429579021.152,326,S1_depeg_stablecoin,indonesia,USDC
715,0.9494212175986838,2929429579021.152,326,S1_depeg_stablecoin,indonesia,USDC
716,0.9557432314716436,2929427977266.1807,326,S1_depeg_stablecoin,indonesia,USDC
717,0.9229291501456386,2929426961509.7764,326,S1_depeg_stablecoin,indonesia,USDC
718,0.924949005608445,2929423362291.351,326,S1_depeg_stablecoin,indonesia,USDC
719,0.9461721512381227,2929420271679.625,326,S1_depeg_stablecoin,indonesia,USDC
720,0.9449379191701804,2929418691323.391,326,S1_depeg_stablecoin,indonesia,USDC
721,0.9810719899316199,2929417129235.427,326,S1_depeg_stablecoin,indonesia,USDC
722,0.9827672692858603,2929417129235.427,326,S1_depeg_stablecoin,indonesia,USDC
723,1.0045910788732708,2929417129235.427,326,S1_depeg_stablecoin,indonesia,USDC
724,1.0508600399272532,2929417129235.427,326,S1_depeg_stablecoin,indonesia,USDC
725,1.0292540942913557,2929417129235.427,326,S1_depeg_stablecoin,indonesia,USDC
726,1.0186271626750223,2929417129235.427,326,S1_depeg_stablecoin,indonesia,USDC
727,1.0083337224910718,2929417129235.427,326,S1_depeg_stablecoin,indonesia,USDC
728,1.0280968450333006,2929417129235.427,326,S1_depeg_stablecoin,indonesia,USDC
729,1.0037710990916622,2929417129235.427,326,S1_depeg_stablecoin,indonesia,USDC
730,0.991743000137364,2929417129235.427,326,S1_depeg_stablecoin,indonesia,USDC
731,0.9753017497419741,2929417129235.427,326,S1_depeg_stablecoin,indonesia,USDC
732,0.9702516105051936,2929417129235.427,326,S1_depeg_stablecoin,indonesia,USDC
733,0.9873412036672952,2929417129235.427,326,S1_depeg_stablecoin,indonesia,USDC
734,0.990949441645455,2929417129235.427,326,S1_depeg_stablecoin,indonesia,USDC
735,0.9963595111595223,2929417129235.427,326,S1_depeg_stablecoin,indonesia,USDC
736,1.0128203838105527,2929417129235.427,326,S1_depeg_stablecoin,indonesia,USDC
737,1.021231311395558,2929417129235.427,326,S1_depeg_stablecoin,indonesia,USDC
738,0.9868324547898654,2929417129235.427,326,S1_depeg_stablecoin,indonesia,USDC
739,0.9835118853793254,2929417129235.427,326,S1_depeg_stablecoin,indonesia,USDC
740,0.9622166385652204,2929417129235.427,326,S1_depeg_stablecoin,indonesia,USDC
741,0.9592391608109218,2929416596774.1055,326,S1_depeg_stablecoin,indonesia,USDC
742,0.9572388893609494,2929416004833.9907,326,S1_depeg_stablecoin,indonesia,USDC
743,0.955768644613016,2929415195705.9863,326,S1_depeg_stablecoin,indonesia,USDC
744,0.9329171794456275,2929414298222.3486,326,S1_depeg_stablecoin,indonesia,USDC
745,0.9442347108493024,2929412089276.1167,326,S1_depeg_stablecoin,indonesia,USDC
746,0.9712031487770497,2929410460539.6777,326,S1_depeg_stablecoin,indonesia,USDC
747,0.9094070096206415,2929410460539.6777,326,S1_depeg_stablecoin,indonesia,USDC
748,0.905057923492256,2929406824783.4683,326,S1_depeg_stablecoin,indonesia,USDC
749,0.9105353239794751,2929403346293.2847,326,S1_depeg_stablecoin,indonesia,USDC
750,0.9336873686468138,2929400365703.0913,326,S1_depeg_stablecoin,indonesia,USDC
751,0.9397101871083642,2929398509103.285,326,S1_depeg_stablecoin,indonesia,USDC
752,0.9483349852195787,2929397018414.7207,326,S1_depeg_stablecoin,indonesia,USDC
753,0.9545656017944287,2929396108645.895,326,S1_depeg_stablecoin,indonesia,USDC
754,0.9327165162929859,2929395422736.6665,326,S1_depeg_stablecoin,indonesia,USDC
755,0.9183502614386313,2929393861350.5503,326,S1_depeg_stablecoin,indonesia,USDC
756,0.9293939626067279,2929391748285.2324,326,S1_depeg_stablecoin,indonesia,USDC
757,0.9449267826977381,2929390182047.7354,326,S1_depeg_stablecoin,indonesia,USDC
758,0.9542759710707757,2929389275213.1914,326,S1_depeg_stablecoin,indonesia,USDC
759,1.0064408271469265,2929388651052.3555,326,S1_depeg_stablecoin,indonesia,USDC
760,1.0146921363109715,2929388651052.3555,326,S1_depeg_stablecoin,indonesia,USDC
761,0.9890676043524433,2929388651052.3555,326,S1_depeg_stablecoin,indonesia,USDC
762,1.0040156336743604,2929388651052.3555,326,S1_depeg_stablecoin,indonesia,USDC
763,1.00638452881822,2929388651052.3555,326,S1_depeg_stablecoin,indonesia,USDC
764,1.0083413653666125,2929388651052.3555,326,S1_depeg_stablecoin,indonesia,USDC
765,1.0077262190636656,2929388651052.3555,326,S1_depeg_stablecoin,indonesia,USDC
766,1.0026286068618366,2929388651052.3555,326,S1_depeg_stablecoin,indonesia,USDC
767,1.0412468868261564,2929388651052.3555,326,S1_depeg_stablecoin,indonesia,USDC
768,1.032540522472967,2929388651052.3555,326,S1_depeg_stablecoin,indonesia,USDC
769,1.0158130780771442,2929388651052.3555,326,S1_depeg_stablecoin,indonesia,USDC
770,1.016450192904969,2929388651052.3555,326,S1_depeg_stablecoin,indonesia,USDC
771,1.0257502600997628,2929388651052.3555,326,S1_depeg_stablecoin,indonesia,USDC
772,1.0150312585084362,2929388651052.3555,326,S1_depeg_stablecoin,indonesia,USDC
773,1.0007970445587087,2929388651052.3555,326,S1_depeg_stablecoin,indonesia,USDC
774,0.9920604787160724,2929388651052.3555,326,S1_depeg_stablecoin,indonesia,USDC
775,0.991276779233696,2929388651052.3555,326,S1_depeg_stablecoin,indonesia,USDC
776,1.00809454208738,2929388651052.3555,326,S1_depeg_stablecoin,indonesia,USDC
777,1.0140854300624245,2929388651052.3555,326,S1_depeg_stablecoin,indonesia,USDC
778,0.9965058825878111,2929388651052.3555,326,S1_depeg_stablecoin,indonesia,USDC
779,1.002288593977569,2929388651052.3555,326,S1_depeg_stablecoin,indonesia,USDC
780,0.9832726806032684,2929388651052.3555,326,S1_depeg_stablecoin,indonesia,USDC
781,1.0040352988414996,2929388651052.3555,326,S1_depeg_stablecoin,indonesia,USDC
782,0.9999265944154432,2929388651052.3555,326,S1_depeg_stablecoin,indonesia,USDC
783,1.0086557687322875,2929388651052.3555,326,S1_depeg_stablecoin,indonesia,USDC
784,1.015253754518637,2929388651052.3555,326,S1_depeg_stablecoin,indonesia,USDC
785,1.0199979980728124,2929388651052.3555,326,S1_depeg_stablecoin,indonesia,USDC
786,1.0142038756865948,2929388651052.3555,326,S1_depeg_stablecoin,indonesia,USDC
787,1.0171047969194296,2929388651052.3555,326,S1_depeg_stablecoin,indonesia,USDC
788,1.0239113488378968,2929388651052.3555,326,S1_depeg_stablecoin,indonesia,USDC
789,1.0199088974902581,2929388651052.3555,326,S1_depeg_stablecoin,indonesia,USDC
790,1.0755711017244753,2929388651052.3555,326,S1_depeg_stablecoin,indonesia,USDC
791,1.0401567052447434,2929388651052.3555,326,S1_depeg_stablecoin,indonesia,USDC
792,1.0297207994180984,2929388651052.3555,326,S1_depeg_stablecoin,indonesia,USDC
793,1.021321828521441,2929388651052.3555,326,S1_depeg_stablecoin,indonesia,USDC
794,1.028361530169381,2929388651052.3555,326,S1_depeg_stablecoin,indonesia,USDC
795,1.0154173046567505,2929388651052.3555,326,S1_depeg_stablecoin,indonesia,USDC
796,1.053324921541858,2929388651052.3555,326,S1_depeg_stablecoin,indonesia,USDC
797,1.0617396074510403,2929388651052.3555,326,S1_depeg_stablecoin,indonesia,USDC
798,1.0590291107029857,2929388651052.3555,326,S1_depeg_stablecoin,indonesia,USDC
799,1.0425427908743252,2929388651052.3555,326,S1_depeg_stablecoin,indonesia,USDC
800,1.0360274018299838,2929388651052.3555,326,S1_depeg_stablecoin,indonesia,USDC
801,1.0463358119710733,2929388651052.3555,326,S1_depeg_stablecoin,indonesia,USDC
802,1.0479328936779937,2929388651052.3555,326,S1_depeg_stablecoin,indonesia,USDC
803,1.0262594501682627,2929388651052.3555,326,S1_depeg_stablecoin,indonesia,USDC
804,1.0579428379650482,2929388651052.3555,326,S1_depeg_stablecoin,indonesia,USDC
805,1.0659036789164038,2929388651052.3555,326,S1_depeg_stablecoin,indonesia,USDC
806,1.0815017463706291,2929388651052.3555,326,S1_depeg_stablecoin,indonesia,USDC
807,1.1036360145835218,2929388651052.3555,326,S1_depeg_stablecoin,indonesia,USDC
808,1.0972071354815818,2929388651052.3555,326,S1_depeg_stablecoin,indonesia,USDC
809,1.0850771662235665,2929388651052.3555,326,S1_depeg_stablecoin,indonesia,USDC
810,1.0859434116649942,2929388651052.3555,326,S1_depeg_stablecoin,indonesia,USDC
811,1.0746520964956732,2929388651052.3555,326,S1_depeg_stablecoin,indonesia,USDC
812,1.0306838422592295,2929388651052.3555,326,S1_depeg_stablecoin,indonesia,USDC
813,1.0134245794849175,2929388651052.3555,326,S1_depeg_stablecoin,indonesia,USDC
814,0.9992861415220542,2929388651052.3555,326,S1_depeg_stablecoin,indonesia,USDC
815,0.9758797236486544,2929388651052.3555,326,S1_depeg_stablecoin,indonesia,USDC
816,0.9646468723548771,2929388651052.3555,326,S1_depeg_stablecoin,indonesia,USDC
817,0.9785210548117669,2929388442006.032,326,S1_depeg_stablecoin,indonesia,USDC
818,0.9589471912231203,2929388442006.032,326,S1_depeg_stablecoin,indonesia,USDC
819,0.9519643793268231,2929388092477.8545,326,S1_depeg_stablecoin,indonesia,USDC
820,0.946323744675775,2929387490959.6284,326,S1_depeg_stablecoin,indonesia,USDC
821,0.9499369514537214,2929386629299.964,326,S1_depeg_stablecoin,indonesia,USDC
822,0.9361389229739099,2929385949218.4883,326,S1_depeg_stablecoin,indonesia,USDC
823,0.9392228367238992,2929384798358.627,326,S1_depeg_stablecoin,indonesia,USDC
824,0.9216689209355531,2929383789808.8364,326,S1_depeg_stablecoin,indonesia,USDC
825,0.9248433172956524,2929382277953.58,326,S1_depeg_stablecoin,indonesia,USDC
826,0.8185169658068082,2929380851784.924,326,S1_depeg_stablecoin,indonesia,USDC
827,0.8263151401561127,2929376245585.7705,326,S1_depeg_stablecoin,indonesia,USDC
828,0.8056645352538686,2929372546753.753,326,S1_depeg_stablecoin,indonesia,USDC
829,0.8370485367843067,2929369075737.3306,326,S1_depeg_stablecoin,indonesia,USDC
830,0.8441376149148094,2929366617754.978,326,S1_depeg_stablecoin,indonesia,USDC
831,0.8603040966068762,2929364647093.0786,326,S1_depeg_stablecoin,indonesia,USDC
832,0.8721949503302139,2929363077904.179,326,S1_depeg_stablecoin,indonesia,USDC
833,0.8795339431736902,2929361918108.264,326,S1_depeg_stablecoin,indonesia,USDC
834,0.8980401159792789,2929360947733.231,326,S1_depeg_stablecoin,indonesia,USDC
835,0.9110233316693782,2929360246276.674,326,S1_depeg_stablecoin,indonesia,USDC
836,0.9280851418858987,2929359713650.1123,326,S1_depeg_stablecoin,indonesia,USDC
837,0.9439851103696769,2929359349138.8447,326,S1_depeg_stablecoin,indonesia,USDC
838,0.9289101246369128,2929359127472.405,326,S1_depeg_stablecoin,indonesia,USDC
839,0.9092352331572415,2929358804121.2646,326,S1_depeg_stablecoin,indonesia,USDC
840,0.9248590576812292,2929358313664.3877,326,S1_depeg_stablecoin,indonesia,USDC
841,0.9357093529797713,2929357982134.033,326,S1_depeg_stablecoin,indonesia,USDC
842,0.9458136783004347,2929357743318.8804,326,S1_depeg_stablecoin,indonesia,USDC
843,0.9061013659258739,2929357569477.1113,326,S1_depeg_stablecoin,indonesia,USDC
844,0.9311396516377358,2929357121650.6636,326,S1_depeg_stablecoin,indonesia,USDC
845,0.9553319585350333,2929356874584.8516,326,S1_depeg_stablecoin,indonesia,USDC
846,0.9409426634959593,2929356796346.0425,326,S1_depeg_stablecoin,indonesia,USDC
847,0.9659671107169774,2929356622111.3574,326,S1_depeg_stablecoin,indonesia,USDC
848,0.9724346212301546,2929356604638.912,326,S1_depeg_stablecoin,indonesia,USDC
849,0.9763390872441641,2929356604638.912,326,S1_depeg_stablecoin,indonesia,USDC
850,0.9969250637974213,2929356604638.912,326,S1_depeg_stablecoin,indonesia,USDC
851,0.9963926962277792,2929356604638.912,326,S1_depeg_stablecoin,indonesia,USDC
852,0.9870431358360424,2929356604638.912,326,S1_depeg_stablecoin,indonesia,USDC
853,0.9743628224718274,2929356604638.912,326,S1_depeg_stablecoin,indonesia,USDC
854,0.9532669617982845,2929356604638.912,326,S1_depeg_stablecoin,indonesia,USDC
855,0.9770736114640939,2929356518063.2217,326,S1_depeg_stablecoin,indonesia,USDC
856,0.975749383651599,2929356518063.2217,326,S1_depeg_stablecoin,indonesia,USDC
857,0.9693686398836878,2929356518063.2217,326,S1_depeg_stablecoin,indonesia,USDC
858,0.9846158996551945,2929356518063.2217,326,S1_depeg_stablecoin,indonesia,USDC
859,0.9867149313091077,2929356518063.2217,326,S1_depeg_stablecoin,indonesia,USDC
860,1.0129196555632312,2929356518063.2217,326,S1_depeg_stablecoin,indonesia,USDC
861,1.010062943633214,2929356518063.2217,326,S1_depeg_stablecoin,indonesia,USDC
862,0.9951715433292427,2929356518063.2217,326,S1_depeg_stablecoin,indonesia,USDC
863,0.965090760485978,2929356518063.2217,326,S1_depeg_stablecoin,indonesia,USDC
864,0.942471313692523,2929356492512.0527,326,S1_depeg_stablecoin,indonesia,USDC
865,0.9430056718767598,2929356335772.8105,326,S1_depeg_stablecoin,indonesia,USDC
866,0.9175521701686145,2929356180919.083,326,S1_depeg_stablecoin,indonesia,USDC
867,0.901379835744397,2929355911413.6562,326,S1_depeg_stablecoin,indonesia,USDC
868,0.9239167733473743,2929355547792.341,326,S1_depeg_stablecoin,indonesia,USDC
869,0.9303612559139521,2929355327097.2666,326,S1_depeg_stablecoin,indonesia,USDC
870,0.9483790654535277,2929355151830.1133,326,S1_depeg_stablecoin,indonesia,USDC
871,0.9689288936768774,2929355061863.625,326,S1_depeg_stablecoin,indonesia,USDC
872,0.957407734630554,2929355057125.886,326,S1_depeg_stablecoin,indonesia,USDC
873,0.9749179035262368,2929355001489.0317,326,S1_depeg_stablecoin,indonesia,USDC
874,0.9819379026247032,2929355001489.0317,326,S1_depeg_stablecoin,indonesia,USDC
875,0.9879702448792969,2929355001489.0317,326,S1_depeg_stablecoin,indonesia,USDC
876,1.003682765653692,2929355001489.0317,326,S1_depeg_stablecoin,indonesia,USDC
877,1.0061060763301533,2929355001489.0317,326,S1_depeg_stablecoin,indonesia,USDC
878,0.9926018247021516,2929355001489.0317,326,S1_depeg_stablecoin,indonesia,USDC
879,1.0065884136973793,2929355001489.0317,326,S1_depeg_stablecoin,indonesia,USDC
880,1.0142522263497549,2929355001489.0317,326,S1_depeg_stablecoin,indonesia,USDC
881,1.0332370709722931,2929355001489.0317,326,S1_depeg_stablecoin,indonesia,USDC
882,0.9891843734090915,2929355001489.0317,326,S1_depeg_stablecoin,indonesia,USDC
883,0.9805518507823996,2929355001489.0317,326,S1_depeg_stablecoin,indonesia,USDC
884,0.988360826090471,2929355001489.0317,326,S1_depeg_stablecoin,indonesia,USDC
885,0.9887578871027167,2929355001489.0317,326,S1_depeg_stablecoin,indonesia,USDC
886,0.9889328783589405,2929355001489.0317,326,S1_depeg_stablecoin,indonesia,USDC
887,0.9779390159954657,2929355001489.0317,326,S1_depeg_stablecoin,indonesia,USDC
888,1.0130135182700475,2929355001489.0317,326,S1_depeg_stablecoin,indonesia,USDC
889,1.016660464713794,2929355001489.0317,326,S1_depeg_stablecoin,indonesia,USDC
890,1.0184573257083422,2929355001489.0317,326,S1_depeg_stablecoin,indonesia,USDC
891,1.0109102510062735,2929355001489.0317,326,S1_depeg_stablecoin,indonesia,USDC
892,0.9876415918890762,2929355001489.0317,326,S1_depeg_stablecoin,indonesia,USDC
893,0.9780308260957147,2929355001489.0317,326,S1_depeg_stablecoin,indonesia,USDC
894,0.994390527824988,2929355001489.0317,326,S1_depeg_stablecoin,indonesia,USDC
895,1.0294025360930827,2929355001489.0317,326,S1_depeg_stablecoin,indonesia,USDC
896,0.9981736558492893,2929355001489.0317,326,S1_depeg_stablecoin,indonesia,USDC
897,0.9982345881212327,2929355001489.0317,326,S1_depeg_stablecoin,indonesia,USDC
898,0.9888261300326997,2929355001489.0317,326,S1_depeg_stablecoin,indonesia,USDC
899,0.9927663572786876,2929355001489.0317,326,S1_depeg_stablecoin,indonesia,USDC
900,0.981083798581383,2929355001489.0317,326,S1_depeg_stablecoin,indonesia,USDC
901,0.9661619873827734,2929355001489.0317,326,S1_depeg_stablecoin,indonesia,USDC
902,0.9648148572041586,2929354984751.543,326,S1_depeg_stablecoin,indonesia,USDC
903,0.9356937332508455,2929354962228.7197,326,S1_depeg_stablecoin,indonesia,USDC
904,0.9369885965456648,2929354823276.8843,326,S1_depeg_stablecoin,indonesia,USDC
905,0.9818723125866744,2929354694170.6445,326,S1_depeg_stablecoin,indonesia,USDC
906,0.9997308978762458,2929354694170.6445,326,S1_depeg_stablecoin,indonesia,USDC
907,1.0028677912201036,2929354694170.6445,326,S1_depeg_stablecoin,indonesia,USDC
908,1.0018913828578035,2929354694170.6445,326,S1_depeg_stablecoin,indonesia,USDC
909,0.9875792787696117,2929354694170.6445,326,S1_depeg_stablecoin,indonesia,USDC
910,0.9767562736382654,2929354694170.6445,326,S1_depeg_stablecoin,indonesia,USDC
911,0.9782804234657347,2929354694170.6445,326,S1_depeg_stablecoin,indonesia,USDC
912,0.9632562700167298,2929354694170.6445,326,S1_depeg_stablecoin,indonesia,USDC
913,0.9688605499719344,2929354671899.512,326,S1_depeg_stablecoin,indonesia,USDC
914,0.9492006055334159,2929354670332.112,326,S1_depeg_stablecoin,indonesia,USDC
915,0.9661329569945243,2929354590061.177,326,S1_depeg_stablecoin,indonesia,USDC
916,0.9358464592553725,2929354581503.735,326,S1_depeg_stablecoin,indonesia,USDC
917,0.9526760847892264,2929354459948.274,326,S1_depeg_stablecoin,indonesia,USDC
918,0.9288253806251776,2929354400125.2305,326,S1_depeg_stablecoin,indonesia,USDC
919,0.9495080807582125,2929354250438.2637,326,S1_depeg_stablecoin,indonesia,USDC
920,0.9513067860690431,2929354185994.8853,326,S1_depeg_stablecoin,indonesia,USDC
921,0.939593193810263,2929354128760.5107,326,S1_depeg_stablecoin,indonesia,USDC
922,0.9404206567343928,2929354027083.4385,326,S1_depeg_stablecoin,indonesia,USDC
923,0.9246093596370177,2929353927802.2603,326,S1_depeg_stablecoin,indonesia,USDC
924,0.9063397478870276,2929353792363.658,326,S1_depeg_stablecoin,indonesia,USDC
925,0.8836247574286741,2929353594096.5386,326,S1_depeg_stablecoin,indonesia,USDC
926,0.9198745969919353,2929353348277.7974,326,S1_depeg_stablecoin,indonesia,USDC
927,0.9151948203861326,2929353225756.023,326,S1_depeg_stablecoin,indonesia,USDC
928,0.910235708404156,2929353097810.3174,326,S1_depeg_stablecoin,indonesia,USDC
929,0.9326465125916246,2929352954470.2856,326,S1_depeg_stablecoin,indonesia,USDC
930,0.9588289367498465,2929352870400.6807,326,S1_depeg_stablecoin,indonesia,USDC
931,0.9567757048883391,2929352847690.1475,326,S1_depeg_stablecoin,indonesia,USDC
932,0.9437539854871554,2929352822486.915,326,S1_depeg_stablecoin,indonesia,USDC
933,0.9622558823538232,2929352770980.88,326,S1_depeg_stablecoin,indonesia,USDC
934,0.9710229911118202,2929352755016.4966,326,S1_depeg_stablecoin,indonesia,USDC
935,0.9555458594708374,2929352755016.4966,326,S1_depeg_stablecoin,indonesia,USDC
936,0.9680870450111543,2929352725457.3896,326,S1_depeg_stablecoin,indonesia,USDC
937,0.9831002143306117,2929352724818.157,326,S1_depeg_stablecoin,indonesia,USDC
938,0.931884207811476,2929352724818.157,326,S1_depeg_stablecoin,indonesia,USDC
939,0.945182947272221,2929352648056.967,326,S1_depeg_stablecoin,indonesia,USDC
940,0.9517117244388388,2929352603606.3657,326,S1_depeg_stablecoin,indonesia,USDC
941,0.9667577185292735,2929352570620.884,326,S1_depeg_stablecoin,indonesia,USDC
942,0.9469487973846781,2929352565625.625,326,S1_depeg_stablecoin,indonesia,USDC
943,0.9391521687541323,2929352527892.6514,326,S1_depeg_stablecoin,indonesia,USDC
944,0.9606045167746986,2929352472030.9717,326,S1_depeg_stablecoin,indonesia,USDC
945,0.9908070282885475,2929352457883.178,326,S1_depeg_stablecoin,indonesia,USDC
946,0.9952939274821458,2929352457883.178,326,S1_depeg_stablecoin,indonesia,USDC
947,0.9842163572422463,2929352457883.178,326,S1_depeg_stablecoin,indonesia,USDC
948,1.0204822821614008,2929352457883.178,326,S1_depeg_stablecoin,indonesia,USDC
949,1.0643621759337694,2929352457883.178,326,S1_depeg_stablecoin,indonesia,USDC
950,1.010141962097869,2929352457883.178,326,S1_depeg_stablecoin,indonesia,USDC
951,1.0143836622481786,2929352457883.178,326,S1_depeg_stablecoin,indonesia,USDC
952,0.9830145131570865,2929352457883.178,326,S1_depeg_stablecoin,indonesia,USDC
953,0.9803591268110166,2929352457883.178,326,S1_depeg_stablecoin,indonesia,USDC
954,0.954689469809701,2929352457883.178,326,S1_depeg_stablecoin,indonesia,USDC
955,0.9478420998625895,2929352433916.5513,326,S1_depeg_stablecoin,indonesia,USDC
956,0.9603017181060284,2929352398926.8115,326,S1_depeg_stablecoin,indonesia,USDC
957,0.9666587548084985,2929352383739.7563,326,S1_depeg_stablecoin,indonesia,USDC
958,0.9348404150410015,2929352380956.8164,326,S1_depeg_stablecoin,indonesia,USDC
959,0.9417716348019366,2929352324399.933,326,S1_depeg_stablecoin,indonesia,USDC
960,0.9714591278847827,2929352280747.9985,326,S1_depeg_stablecoin,indonesia,USDC
961,0.9544614512521871,2929352280747.9985,326,S1_depeg_stablecoin,indonesia,USDC
962,0.9610292473874134,2929352258957.387,326,S1_depeg_stablecoin,indonesia,USDC
963,0.9488403116443406,2929352247195.124,326,S1_depeg_stablecoin,indonesia,USDC
964,0.9293500438669083,2929352217558.751,326,S1_depeg_stablecoin,indonesia,USDC
965,0.958710081245165,2929352160469.569,326,S1_depeg_stablecoin,indonesia,USDC
966,0.9528339284628696,2929352144301.3667,326,S1_depeg_stablecoin,indonesia,USDC
967,0.9717600068190216,2929352120004.1016,326,S1_depeg_stablecoin,indonesia,USDC
968,0.9490919867539016,2929352120004.1016,326,S1_depeg_stablecoin,indonesia,USDC
969,0.9868662597301073,2929352093260.8726,326,S1_depeg_stablecoin,indonesia,USDC
970,0.96653374427145,2929352093260.8726,326,S1_depeg_stablecoin,indonesia,USDC
971,0.9495461650461625,2929352090817.4414,326,S1_depeg_stablecoin,indonesia,USDC
972,0.9849194190021213,2929352065288.2236,326,S1_depeg_stablecoin,indonesia,USDC
973,1.006774132342944,2929352065288.2236,326,S1_depeg_stablecoin,indonesia,USDC
974,1.010744783476571,2929352065288.2236,326,S1_depeg_stablecoin,indonesia,USDC
975,1.0185255307844017,2929352065288.2236,326,S1_depeg_stablecoin,indonesia,USDC
976,1.0282005295754608,2929352065288.2236,326,S1_depeg_stablecoin,indonesia,USDC
977,1.0389844110634052,2929352065288.2236,326,S1_depeg_stablecoin,indonesia,USDC
978,1.0157512871660237,2929352065288.2236,326,S1_depeg_stablecoin,indonesia,USDC
979,1.0391668123548454,2929352065288.2236,326,S1_depeg_stablecoin,indonesia,USDC
980,1.0327437657482585,2929352065288.2236,326,S1_depeg_stablecoin,indonesia,USDC
981,1.0183981080805087,2929352065288.2236,326,S1_depeg_stablecoin,indonesia,USDC
982,1.014835394940522,2929352065288.2236,326,S1_depeg_stablecoin,indonesia,USDC
983,1.000201384054606,2929352065288.2236,326,S1_depeg_stablecoin,indonesia,USDC
984,1.008407543914621,2929352065288.2236,326,S1_depeg_stablecoin,indonesia,USDC
985,0.9774093753021907,2929352065288.2236,326,S1_depeg_stablecoin,indonesia,USDC
986,0.9980118981833418,2929352065288.2236,326,S1_depeg_stablecoin,indonesia,USDC
987,1.0102837060940357,2929352065288.2236,326,S1_depeg_stablecoin,indonesia,USDC
988,1.0002575978919048,2929352065288.2236,326,S1_depeg_stablecoin,indonesia,USDC
989,1.0308723148483212,2929352065288.2236,326,S1_depeg_stablecoin,indonesia,USDC
990,1.0318351055833626,2929352065288.2236,326,S1_depeg_stablecoin,indonesia,USDC
991,1.0273641458068188,2929352065288.2236,326,S1_depeg_stablecoin,indonesia,USDC
992,0.9732911363461472,2929352065288.2236,326,S1_depeg_stablecoin,indonesia,USDC
993,1.0168633940976046,2929352065288.2236,326,S1_depeg_stablecoin,indonesia,USDC
994,1.0046701699356897,2929352065288.2236,326,S1_depeg_stablecoin,indonesia,USDC
995,0.9939447213958301,2929352065288.2236,326,S1_depeg_stablecoin,indonesia,USDC
996,0.9864208805387338,2929352065288.2236,326,S1_depeg_stablecoin,indonesia,USDC
997,0.9754040545403007,2929352065288.2236,326,S1_depeg_stablecoin,indonesia,USDC
998,1.0044854201758902,2929352065288.2236,326,S1_depeg_stablecoin,indonesia,USDC
999,1.0097306892078504,2929352065288.2236,326,S1_depeg_stablecoin,indonesia,USDC
1000,0.9987485372105971,2929352065288.2236,326,S1_depeg_stablecoin,indonesia,USDC
