Step,price,liquidity,iteration,scenario,region,coin
1,0.9670079263646012,2989002256954.6807,351,S1_depeg_stablecoin,indonesia,USDC
2,0.9814129887862965,2988817180234.9653,351,S1_depeg_stablecoin,indonesia,USDC
3,0.9766572630019191,2988817180234.9653,351,S1_depeg_stablecoin,indonesia,USDC
4,0.994244063629721,2988817180234.9653,351,S1_depeg_stablecoin,indonesia,USDC
5,1.0087023362938843,2988817180234.9653,351,S1_depeg_stablecoin,indonesia,USDC
6,0.9948234090424503,2988817180234.9653,351,S1_depeg_stablecoin,indonesia,USDC
7,0.9712633392038874,2988817180234.9653,351,S1_depeg_stablecoin,indonesia,USDC
8,0.9607424689305374,2988817180234.9653,351,S1_depeg_stablecoin,indonesia,USDC
9,0.9501572539101193,2988266821993.497,351,S1_depeg_stablecoin,indonesia,USDC
10,0.9316038484996416,2987093933297.6855,351,S1_depeg_stablecoin,indonesia,USDC
11,0.9544052938967877,2984848842444.51,351,S1_depeg_stablecoin,indonesia,USDC
12,0.9760785403792708,2983975026447.689,351,S1_depeg_stablecoin,indonesia,USDC
13,0.9502972604405447,2983975026447.689,351,S1_depeg_stablecoin,indonesia,USDC
14,0.9806330032436958,2982858413911.418,351,S1_depeg_stablecoin,indonesia,USDC
15,1.0338214429389565,2982858413911.418,351,S1_depeg_stablecoin,indonesia,USDC
16,1.067281746264956,2982858413911.418,351,S1_depeg_stablecoin,indonesia,USDC
17,1.0679181721350652,2982858413911.418,351,S1_depeg_stablecoin,indonesia,USDC
18,1.0653013605348967,2982858413911.418,351,S1_depeg_stablecoin,indonesia,USDC
19,1.040626383851793,2982858413911.418,351,S1_depeg_stablecoin,indonesia,USDC
20,1.0544210512111578,2982858413911.418,351,S1_depeg_stablecoin,indonesia,USDC
21,1.072636578187598,2982858413911.418,351,S1_depeg_stablecoin,indonesia,USDC
22,1.0776178871796869,2982858413911.418,351,S1_depeg_stablecoin,indonesia,USDC
23,1.0853574672405495,2982858413911.418,351,S1_depeg_stablecoin,indonesia,USDC
24,1.0745505185381619,2982858413911.418,351,S1_depeg_stablecoin,indonesia,USDC
25,1.0967783324229716,2982858413911.418,351,S1_depeg_stablecoin,indonesia,USDC
26,1.0701608105092104,2982858413911.418,351,S1_depeg_stablecoin,indonesia,USDC
27,1.030896427178016,2982858413911.418,351,S1_depeg_stablecoin,indonesia,USDC
28,1.040427372977182,2982858413911.418,351,S1_depeg_stablecoin,indonesia,USDC
29,1.0623152463807592,2982858413911.418,351,S1_depeg_stablecoin,indonesia,USDC
30,1.0664828289835606,2982858413911.418,351,S1_depeg_stablecoin,indonesia,USDC
31,1.0966883864720613,2982858413911.418,351,S1_depeg_stablecoin,indonesia,USDC
32,1.0858445231918072,2982858413911.418,351,S1_depeg_stablecoin,indonesia,USDC
33,1.0936642794168483,2982858413911.418,351,S1_depeg_stablecoin,indonesia,USDC
34,1.0886586565395362,2982858413911.418,351,S1_depeg_stablecoin,indonesia,USDC
35,1.0911516886471992,2982858413911.418,351,S1_depeg_stablecoin,indonesia,USDC
36,1.065544504739544,2982858413911.418,351,S1_depeg_stablecoin,indonesia,USDC
37,1.0872357576559326,2982858413911.418,351,S1_depeg_stablecoin,indonesia,USDC
38,1.0770563728983444,2982858413911.418,351,S1_depeg_stablecoin,indonesia,USDC
39,1.038122913711626,2982858413911.418,351,S1_depeg_stablecoin,indonesia,USDC
40,1.0843855922267427,2982858413911.418,351,S1_depeg_stablecoin,indonesia,USDC
41,1.0981456324418484,2982858413911.418,351,S1_depeg_stablecoin,indonesia,USDC
42,1.099033905710985,2982858413911.418,351,S1_depeg_stablecoin,indonesia,USDC
43,0.99359905985944,2982858413911.418,351,S1_depeg_stablecoin,indonesia,USDC
44,1.002077395289479,2982858413911.418,351,S1_depeg_stablecoin,indonesia,USDC
45,0.9882822717933423,2982858413911.418,351,S1_depeg_stablecoin,indonesia,USDC
46,0.9737995576779053,2982858413911.418,351,S1_depeg_stablecoin,indonesia,USDC
47,0.9920869611593415,2982858413911.418,351,S1_depeg_stablecoin,indonesia,USDC
48,0.9935521701402145,2982858413911.418,351,S1_depeg_stablecoin,indonesia,USDC
49,0.9946652714514725,2982858413911.418,351,S1_depeg_stablecoin,indonesia,USDC
50,0.990264037144612,2982858413911.418,351,S1_depeg_stablecoin,indonesia,USDC
51,0.9890668897706697,2982858413911.418,351,S1_depeg_stablecoin,indonesia,USDC
52,0.9845923286761717,2982858413911.418,351,S1_depeg_stablecoin,indonesia,USDC
53,0.9661360423284178,2982858413911.418,351,S1_depeg_stablecoin,indonesia,USDC
54,0.9460398670680882,2982643879982.7227,351,S1_depeg_stablecoin,indonesia,USDC
55,0.939315781763483,2981436083231.826,351,S1_depeg_stablecoin,indonesia,USDC
56,0.9497158842156865,2979909761390.5527,351,S1_depeg_stablecoin,indonesia,USDC
57,0.9428876721255862,2978954899548.3325,351,S1_depeg_stablecoin,indonesia,USDC
58,0.9559554119074215,2977558680554.3193,351,S1_depeg_stablecoin,indonesia,USDC
59,0.9674182876763704,2976855634194.829,351,S1_depeg_stablecoin,indonesia,USDC
60,0.9632622615032806,2976728269603.336,351,S1_depeg_stablecoin,indonesia,USDC
61,0.9657817956973093,2976396758889.1943,351,S1_depeg_stablecoin,indonesia,USDC
62,0.946841779799397,2976242329289.7183,351,S1_depeg_stablecoin,indonesia,USDC
63,0.9611278456712734,2975236563625.3013,351,S1_depeg_stablecoin,indonesia,USDC
64,0.9701699196561957,2974843581714.4688,351,S1_depeg_stablecoin,indonesia,USDC
65,0.9503122915299295,2974843581714.4688,351,S1_depeg_stablecoin,indonesia,USDC
66,0.9987772841012819,2974029028013.6855,351,S1_depeg_stablecoin,indonesia,USDC
67,1.0059610255681255,2974029028013.6855,351,S1_depeg_stablecoin,indonesia,USDC
68,0.9938461555415048,2974029028013.6855,351,S1_depeg_stablecoin,indonesia,USDC
69,0.9971765731739739,2974029028013.6855,351,S1_depeg_stablecoin,indonesia,USDC
70,0.9945842543940273,2974029028013.6855,351,S1_depeg_stablecoin,indonesia,USDC
71,1.0091473607124235,2974029028013.6855,351,S1_depeg_stablecoin,indonesia,USDC
72,0.9822364199745517,2974029028013.6855,351,S1_depeg_stablecoin,indonesia,USDC
73,0.967203862525033,2974029028013.6855,351,S1_depeg_stablecoin,indonesia,USDC
74,0.9558722236311196,2973949971721.8975,351,S1_depeg_stablecoin,indonesia,USDC
75,0.9482481950810872,2973295320935.791,351,S1_depeg_stablecoin,indonesia,USDC
76,0.9707376308816935,2972380755864.495,351,S1_depeg_stablecoin,indonesia,USDC
77,0.9504513073551053,2972380755864.495,351,S1_depeg_stablecoin,indonesia,USDC
78,0.9709422271987826,2971506536336.0566,351,S1_depeg_stablecoin,indonesia,USDC
79,0.9810670268450075,2971506536336.0566,351,S1_depeg_stablecoin,indonesia,USDC
80,1.0374409948313061,2971506536336.0566,351,S1_depeg_stablecoin,indonesia,USDC
81,1.0310694597696481,2971506536336.0566,351,S1_depeg_stablecoin,indonesia,USDC
82,1.0134937253982295,2971506536336.0566,351,S1_depeg_stablecoin,indonesia,USDC
83,1.0526346796895905,2971506536336.0566,351,S1_depeg_stablecoin,indonesia,USDC
84,1.0291398984542075,2971506536336.0566,351,S1_depeg_stablecoin,indonesia,USDC
85,1.0804844086491925,2971506536336.0566,351,S1_depeg_stablecoin,indonesia,USDC
86,1.07453354483637,2971506536336.0566,351,S1_depeg_stablecoin,indonesia,USDC
87,1.0729932136536655,2971506536336.0566,351,S1_depeg_stablecoin,indonesia,USDC
88,1.0901006083557694,2971506536336.0566,351,S1_depeg_stablecoin,indonesia,USDC
89,1.0957860513734756,2971506536336.0566,351,S1_depeg_stablecoin,indonesia,USDC
90,1.0899012908266663,2971506536336.0566,351,S1_depeg_stablecoin,indonesia,USDC
91,1.0870989150745476,2971506536336.0566,351,S1_depeg_stablecoin,indonesia,USDC
92,1.0546943052337758,2971506536336.0566,351,S1_depeg_stablecoin,indonesia,USDC
93,0.9844108557743723,2971506536336.0566,351,S1_depeg_stablecoin,indonesia,USDC
94,0.9620948383269818,2971506536336.0566,351,S1_depeg_stablecoin,indonesia,USDC
95,0.9904171570958007,2971160141284.1963,351,S1_depeg_stablecoin,indonesia,USDC
96,1.0023102210634713,2971160141284.1963,351,S1_depeg_stablecoin,indonesia,USDC
97,0.9859495242633604,2971160141284.1963,351,S1_depeg_stablecoin,indonesia,USDC
98,1.013746065900956,2971160141284.1963,351,S1_depeg_stablecoin,indonesia,USDC
99,1.0248925310880452,2971160141284.1963,351,S1_depeg_stablecoin,indonesia,USDC
100,1.001590501017307,2971160141284.1963,351,S1_depeg_stablecoin,indonesia,USDC
101,0.8379027418401213,2971160141284.1963,351,S1_depeg_stablecoin,indonesia,USDC
102,0.8644952203515001,2965536335197.9595,351,S1_depeg_stablecoin,indonesia,USDC
103,0.8587158811117201,2961562603368.3535,351,S1_depeg_stablecoin,indonesia,USDC
104,0.8852429209056274,2958064215256.338,351,S1_depeg_stablecoin,indonesia,USDC
105,0.8902717262863928,2955581950099.316,351,S1_depeg_stablecoin,indonesia,USDC
106,0.8846243964609691,2953497732774.377,351,S1_depeg_stablecoin,indonesia,USDC
107,0.913225053236439,2951439298516.9346,351,S1_depeg_stablecoin,indonesia,USDC
108,0.9114058182296984,2950126038887.833,351,S1_depeg_stablecoin,indonesia,USDC
109,0.909930942617049,2948946494032.7256,351,S1_depeg_stablecoin,indonesia,USDC
110,0.9031114323458532,2947804005795.81,351,S1_depeg_stablecoin,indonesia,USDC
111,0.8870889679343792,2946538955838.4663,351,S1_depeg_stablecoin,indonesia,USDC
112,0.9219557994979163,2945073506978.6934,351,S1_depeg_stablecoin,indonesia,USDC
113,0.9091420132298802,2944277496299.856,351,S1_depeg_stablecoin,indonesia,USDC
114,0.9330727207740872,2943366655520.9985,351,S1_depeg_stablecoin,indonesia,USDC
115,0.9468705406036044,2942836388121.104,351,S1_depeg_stablecoin,indonesia,USDC
116,0.95422597718438,2942506515981.827,351,S1_depeg_stablecoin,indonesia,USDC
117,0.936041496476078,2942318774459.1865,351,S1_depeg_stablecoin,indonesia,USDC
118,0.9443084286692741,2941882001680.1953,351,S1_depeg_stablecoin,indonesia,USDC
119,0.9484499542393781,2941565673453.8877,351,S1_depeg_stablecoin,indonesia,USDC
120,0.9597713892873467,2941286557783.3022,351,S1_depeg_stablecoin,indonesia,USDC
121,0.9863776788214094,2941182493542.831,351,S1_depeg_stablecoin,indonesia,USDC
122,0.9769905826767589,2941182493542.831,351,S1_depeg_stablecoin,indonesia,USDC
123,0.9930978491899786,2941182493542.831,351,S1_depeg_stablecoin,indonesia,USDC
124,0.9899218395616906,2941182493542.831,351,S1_depeg_stablecoin,indonesia,USDC
125,0.9824044706872862,2941182493542.831,351,S1_depeg_stablecoin,indonesia,USDC
126,0.9787536037351868,2941182493542.831,351,S1_depeg_stablecoin,indonesia,USDC
127,1.0098629424023793,2941182493542.831,351,S1_depeg_stablecoin,indonesia,USDC
128,0.9899707598115397,2941182493542.831,351,S1_depeg_stablecoin,indonesia,USDC
129,0.99669699166105,2941182493542.831,351,S1_depeg_stablecoin,indonesia,USDC
130,0.9998456749666551,2941182493542.831,351,S1_depeg_stablecoin,indonesia,USDC
131,1.0160743099900114,2941182493542.831,351,S1_depeg_stablecoin,indonesia,USDC
132,0.9956033964806481,2941182493542.831,351,S1_depeg_stablecoin,indonesia,USDC
133,1.0035315312529636,2941182493542.831,351,S1_depeg_stablecoin,indonesia,USDC
134,1.006166079253866,2941182493542.831,351,S1_depeg_stablecoin,indonesia,USDC
135,1.0218111315553033,2941182493542.831,351,S1_depeg_stablecoin,indonesia,USDC
136,1.0266183972203387,2941182493542.831,351,S1_depeg_stablecoin,indonesia,USDC
137,1.0298405898587129,2941182493542.831,351,S1_depeg_stablecoin,indonesia,USDC
138,1.0302821627110295,2941182493542.831,351,S1_depeg_stablecoin,indonesia,USDC
139,1.0190931178601212,2941182493542.831,351,S1_depeg_stablecoin,indonesia,USDC
140,1.0367520204999683,2941182493542.831,351,S1_depeg_stablecoin,indonesia,USDC
141,1.0130763934471618,2941182493542.831,351,S1_depeg_stablecoin,indonesia,USDC
142,1.027481780022688,2941182493542.831,351,S1_depeg_stablecoin,indonesia,USDC
143,0.9418079592972506,2941182493542.831,351,S1_depeg_stablecoin,indonesia,USDC
144,0.9457031114924287,2940865023352.628,351,S1_depeg_stablecoin,indonesia,USDC
145,0.9741184468651986,2940601082375.991,351,S1_depeg_stablecoin,indonesia,USDC
146,0.9804020793503951,2940601082375.991,351,S1_depeg_stablecoin,indonesia,USDC
147,0.9845057178165478,2940601082375.991,351,S1_depeg_stablecoin,indonesia,USDC
148,0.9652808815224301,2940601082375.991,351,S1_depeg_stablecoin,indonesia,USDC
149,0.92485313123742,2940565411054.6885,351,S1_depeg_stablecoin,indonesia,USDC
150,0.921544699530164,2940041935592.6787,351,S1_depeg_stablecoin,indonesia,USDC
151,0.9110402709295227,2939505163024.392,351,S1_depeg_stablecoin,indonesia,USDC
152,0.932603560218039,2938882668319.665,351,S1_depeg_stablecoin,indonesia,USDC
153,0.901086055022787,2938513121653.536,351,S1_depeg_stablecoin,indonesia,USDC
154,0.9179319447861239,2937885912015.2197,351,S1_depeg_stablecoin,indonesia,USDC
155,0.9196581862103725,2937434075010.9062,351,S1_depeg_stablecoin,indonesia,USDC
156,0.9366884113309596,2936996473965.0356,351,S1_depeg_stablecoin,indonesia,USDC
157,0.9570071498604237,2936748026810.576,351,S1_depeg_stablecoin,indonesia,USDC
158,0.9312589125159404,2936661440222.1006,351,S1_depeg_stablecoin,indonesia,USDC
159,0.929262549635829,2936355538068.472,351,S1_depeg_stablecoin,indonesia,USDC
160,0.9625086888215153,2936046719589.7227,351,S1_depeg_stablecoin,indonesia,USDC
161,0.9637017989285968,2935992315196.234,351,S1_depeg_stablecoin,indonesia,USDC
162,0.9634250370604027,2935955636332.577,351,S1_depeg_stablecoin,indonesia,USDC
163,0.9643819850980704,2935921613412.9253,351,S1_depeg_stablecoin,indonesia,USDC
164,0.909008497377571,2935881538106.0244,351,S1_depeg_stablecoin,indonesia,USDC
165,0.9194918341297463,2935448983781.9185,351,S1_depeg_stablecoin,indonesia,USDC
166,0.9465362765083859,2935131149674.9204,351,S1_depeg_stablecoin,indonesia,USDC
167,0.9155346677086809,2934988500832.1934,351,S1_depeg_stablecoin,indonesia,USDC
168,0.9329475089895628,2934652374273.466,351,S1_depeg_stablecoin,indonesia,USDC
169,0.9598537296374711,2934443061933.5737,351,S1_depeg_stablecoin,indonesia,USDC
170,0.9576040945519256,2934393645647.836,351,S1_depeg_stablecoin,indonesia,USDC
171,0.9377656311145084,2934336529664.1143,351,S1_depeg_stablecoin,indonesia,USDC
172,0.9405415705124448,2934159264804.0605,351,S1_depeg_stablecoin,indonesia,USDC
173,0.9377159483264634,2934018454522.907,351,S1_depeg_stablecoin,indonesia,USDC
174,0.9370427243329867,2933867607382.629,351,S1_depeg_stablecoin,indonesia,USDC
175,0.9713483718251376,2933702299449.3604,351,S1_depeg_stablecoin,indonesia,USDC
176,0.9821688967184794,2933702299449.3604,351,S1_depeg_stablecoin,indonesia,USDC
177,0.9989552282488502,2933702299449.3604,351,S1_depeg_stablecoin,indonesia,USDC
178,0.9761039412117984,2933702299449.3604,351,S1_depeg_stablecoin,indonesia,USDC
179,0.9662260923867348,2933702299449.3604,351,S1_depeg_stablecoin,indonesia,USDC
180,0.9518408511555883,2933686732605.399,351,S1_depeg_stablecoin,indonesia,USDC
181,0.9675564794983269,2933606784937.759,351,S1_depeg_stablecoin,indonesia,USDC
182,0.9662291033226699,2933602886068.041,351,S1_depeg_stablecoin,indonesia,USDC
183,0.9325643985386908,2933587667879.9297,351,S1_depeg_stablecoin,indonesia,USDC
184,0.9375134192016154,2933426640437.9194,351,S1_depeg_stablecoin,indonesia,USDC
185,0.9306471715262348,2933278461993.0625,351,S1_depeg_stablecoin,indonesia,USDC
186,0.9282129998894044,2933110065058.401,351,S1_depeg_stablecoin,indonesia,USDC
187,0.9271764183419829,2932938170148.0684,351,S1_depeg_stablecoin,indonesia,USDC
188,0.9200691550536158,2932774244291.9146,351,S1_depeg_stablecoin,indonesia,USDC
189,0.9058178994567733,2932585255764.4336,351,S1_depeg_stablecoin,indonesia,USDC
190,0.8813993947961519,2932353975101.871,351,S1_depeg_stablecoin,indonesia,USDC
191,0.8952603079271446,2932054657220.6035,351,S1_depeg_stablecoin,indonesia,USDC
192,0.913241137632772,2931830447911.9165,351,S1_depeg_stablecoin,indonesia,USDC
193,0.9180076044726845,2931673362789.0923,351,S1_depeg_stablecoin,indonesia,USDC
194,0.9488530421317665,2931533966132.7974,351,S1_depeg_stablecoin,indonesia,USDC
195,0.952077445086444,2931485447074.8687,351,S1_depeg_stablecoin,indonesia,USDC
196,0.9526760256887882,2931445699579.4614,351,S1_depeg_stablecoin,indonesia,USDC
197,0.9404021634200829,2931404041231.62,351,S1_depeg_stablecoin,indonesia,USDC
198,0.9413440912047913,2931330755026.951,351,S1_depeg_stablecoin,indonesia,USDC
199,0.9322131991437184,2931269006346.682,351,S1_depeg_stablecoin,indonesia,USDC
200,0.9521774903950222,2931183358741.616,351,S1_depeg_stablecoin,indonesia,USDC
201,0.9406893301268588,2931145066263.7866,351,S1_depeg_stablecoin,indonesia,USDC
202,0.9386834100525493,2931084692198.12,351,S1_depeg_stablecoin,indonesia,USDC
203,0.9234053577206807,2931024042322.6406,351,S1_depeg_stablecoin,indonesia,USDC
204,0.9082529948233203,2930932224317.393,351,S1_depeg_stablecoin,indonesia,USDC
205,0.92168485600859,2930818496205.5835,351,S1_depeg_stablecoin,indonesia,USDC
206,0.9095994162441087,2930728030369.5728,351,S1_depeg_stablecoin,indonesia,USDC
207,0.9426280750781822,2930620568800.8203,351,S1_depeg_stablecoin,indonesia,USDC
208,0.9545429280504356,2930576496328.849,351,S1_depeg_stablecoin,indonesia,USDC
209,0.954093545696356,2930553876473.1377,351,S1_depeg_stablecoin,indonesia,USDC
210,0.9426063364305527,2930530873822.593,351,S1_depeg_stablecoin,indonesia,USDC
211,0.9513942341561146,2930487704321.3496,351,S1_depeg_stablecoin,indonesia,USDC
212,0.9597746722555655,2930460456629.1987,351,S1_depeg_stablecoin,indonesia,USDC
213,0.9292297829955791,2930446085594.0776,351,S1_depeg_stablecoin,indonesia,USDC
214,0.9390922586697857,2930387157514.6426,351,S1_depeg_stablecoin,indonesia,USDC
215,0.9571437547209449,2930344484211.8237,351,S1_depeg_stablecoin,indonesia,USDC
216,0.9292259878197685,2930326694518.1763,351,S1_depeg_stablecoin,indonesia,USDC
217,0.9227528419602258,2930272635812.9883,351,S1_depeg_stablecoin,indonesia,USDC
218,0.916432770855102,2930214145650.0825,351,S1_depeg_stablecoin,indonesia,USDC
219,0.9296463047991176,2930150690208.0513,351,S1_depeg_stablecoin,indonesia,USDC
220,0.919960755820935,2930104305693.121,351,S1_depeg_stablecoin,indonesia,USDC
221,0.9233925182531253,2930052001230.7334,351,S1_depeg_stablecoin,indonesia,USDC
222,0.9114062764853471,2930004318108.1895,351,S1_depeg_stablecoin,indonesia,USDC
223,0.9203123070221515,2929948363801.2466,351,S1_depeg_stablecoin,indonesia,USDC
224,0.917148574689685,2929902480780.048,351,S1_depeg_stablecoin,indonesia,USDC
225,0.9518296947561834,2929857275758.4834,351,S1_depeg_stablecoin,indonesia,USDC
226,0.9614482223334305,2929843382328.776,351,S1_depeg_stablecoin,indonesia,USDC
227,0.9814334039203096,2929837078348.9473,351,S1_depeg_stablecoin,indonesia,USDC
228,0.9934483596972812,2929837078348.9473,351,S1_depeg_stablecoin,indonesia,USDC
229,1.0018077858536556,2929837078348.9473,351,S1_depeg_stablecoin,indonesia,USDC
230,1.0153845363926355,2929837078348.9473,351,S1_depeg_stablecoin,indonesia,USDC
231,1.042544540297473,2929837078348.9473,351,S1_depeg_stablecoin,indonesia,USDC
232,1.0055242619497025,2929837078348.9473,351,S1_depeg_stablecoin,indonesia,USDC
233,0.891525069032825,2929837078348.9473,351,S1_depeg_stablecoin,indonesia,USDC
234,0.8888261454663294,2929774207532.835,351,S1_depeg_stablecoin,indonesia,USDC
235,0.8812337119004859,2929712568807.5405,351,S1_depeg_stablecoin,indonesia,USDC
236,0.8747556168060332,2929648998407.788,351,S1_depeg_stablecoin,indonesia,USDC
237,0.890676521014047,2929588289521.862,351,S1_depeg_stablecoin,indonesia,USDC
238,0.9170610299118176,2929540365664.1016,351,S1_depeg_stablecoin,indonesia,USDC
239,0.9149105961215798,2929511768954.8823,351,S1_depeg_stablecoin,indonesia,USDC
240,0.9231353477433814,2929484317877.8965,351,S1_depeg_stablecoin,indonesia,USDC
241,0.9238693778943435,2929462294284.695,351,S1_depeg_stablecoin,indonesia,USDC
242,0.9361461225177776,2929442221437.459,351,S1_depeg_stablecoin,indonesia,USDC
243,0.9333328543664327,2929427352630.2026,351,S1_depeg_stablecoin,indonesia,USDC
244,0.9469940304536519,2929412256103.5254,351,S1_depeg_stablecoin,indonesia,USDC
245,0.9578754183139461,2929402531951.018,351,S1_depeg_stablecoin,indonesia,USDC
246,0.9466253756862778,2929397528686.1826,351,S1_depeg_stablecoin,indonesia,USDC
247,0.955943379575831,2929388724604.499,351,S1_depeg_stablecoin,indonesia,USDC
248,0.9509463875388309,2929383417068.714,351,S1_depeg_stablecoin,indonesia,USDC
249,0.9733967296365972,2929376576071.374,351,S1_depeg_stablecoin,indonesia,USDC
250,0.9565098325657837,2929376576071.374,351,S1_depeg_stablecoin,indonesia,USDC
251,0.9979059167442632,2929371652562.7485,351,S1_depeg_stablecoin,indonesia,USDC
252,0.9722370733850401,2929371652562.7485,351,S1_depeg_stablecoin,indonesia,USDC
253,0.9650410902890099,2929371652562.7485,351,S1_depeg_stablecoin,indonesia,USDC
254,0.956963716307516,2929369764109.6885,351,S1_depeg_stablecoin,indonesia,USDC
255,0.9473730678289498,2929364825009.1406,351,S1_depeg_stablecoin,indonesia,USDC
256,0.9496093570468925,2929356367480.506,351,S1_depeg_stablecoin,indonesia,USDC
257,0.960080424497273,2929348923623.4976,351,S1_depeg_stablecoin,indonesia,USDC
258,0.9541392128143525,2929346091822.588,351,S1_depeg_stablecoin,indonesia,USDC
259,0.9462686499553022,2929340743516.134,351,S1_depeg_stablecoin,indonesia,USDC
260,0.9679731061871409,2929333091827.4634,351,S1_depeg_stablecoin,indonesia,USDC
261,1.013313640146613,2929332400521.116,351,S1_depeg_stablecoin,indonesia,USDC
262,1.0128910823955224,2929332400521.116,351,S1_depeg_stablecoin,indonesia,USDC
263,0.9839548817829011,2929332400521.116,351,S1_depeg_stablecoin,indonesia,USDC
264,0.9924235181821193,2929332400521.116,351,S1_depeg_stablecoin,indonesia,USDC
265,0.9809617493224587,2929332400521.116,351,S1_depeg_stablecoin,indonesia,USDC
266,0.9981388246449705,2929332400521.116,351,S1_depeg_stablecoin,indonesia,USDC
267,0.996220436624668,2929332400521.116,351,S1_depeg_stablecoin,indonesia,USDC
268,1.0061926044866023,2929332400521.116,351,S1_depeg_stablecoin,indonesia,USDC
269,1.0209875523945606,2929332400521.116,351,S1_depeg_stablecoin,indonesia,USDC
270,1.0465612374160167,2929332400521.116,351,S1_depeg_stablecoin,indonesia,USDC
271,1.0383775405087874,2929332400521.116,351,S1_depeg_stablecoin,indonesia,USDC
272,1.0670732384712553,2929332400521.116,351,S1_depeg_stablecoin,indonesia,USDC
273,1.053960551027886,2929332400521.116,351,S1_depeg_stablecoin,indonesia,USDC
274,1.0281788125734677,2929332400521.116,351,S1_depeg_stablecoin,indonesia,USDC
275,1.066466536900205,2929332400521.116,351,S1_depeg_stablecoin,indonesia,USDC
276,1.0586350184052,2929332400521.116,351,S1_depeg_stablecoin,indonesia,USDC
277,1.049741074641912,2929332400521.116,351,S1_depeg_stablecoin,indonesia,USDC
278,1.0443166176746967,2929332400521.116,351,S1_depeg_stablecoin,indonesia,USDC
279,1.058374818242369,2929332400521.116,351,S1_depeg_stablecoin,indonesia,USDC
280,1.062823568615478,2929332400521.116,351,S1_depeg_stablecoin,indonesia,USDC
281,1.0885453074744906,2929332400521.116,351,S1_depeg_stablecoin,indonesia,USDC
282,1.0889221440117227,2929332400521.116,351,S1_depeg_stablecoin,indonesia,USDC
283,1.090225361606509,2929332400521.116,351,S1_depeg_stablecoin,indonesia,USDC
284,1.1096354414894478,2929332400521.116,351,S1_depeg_stablecoin,indonesia,USDC
285,1.12069844834013,2929332400521.116,351,S1_depeg_stablecoin,indonesia,USDC
286,1.0667806278696466,2929332400521.116,351,S1_depeg_stablecoin,indonesia,USDC
287,1.144437988670817,2929332400521.116,351,S1_depeg_stablecoin,indonesia,USDC
288,1.139515319067003,2929332400521.116,351,S1_depeg_stablecoin,indonesia,USDC
289,1.150659038610409,2929332400521.116,351,S1_depeg_stablecoin,indonesia,USDC
290,1.1484008443017977,2929332400521.116,351,S1_depeg_stablecoin,indonesia,USDC
291,1.1539642519998115,2929332400521.116,351,S1_depeg_stablecoin,indonesia,USDC
292,1.160184996475734,2929332400521.116,351,S1_depeg_stablecoin,indonesia,USDC
293,1.1659582661411596,2929332400521.116,351,S1_depeg_stablecoin,indonesia,USDC
294,1.1448821802834326,2929332400521.116,351,S1_depeg_stablecoin,indonesia,USDC
295,1.11461621789633,2929332400521.116,351,S1_depeg_stablecoin,indonesia,USDC
296,1.0998644279394136,2929332400521.116,351,S1_depeg_stablecoin,indonesia,USDC
297,1.0990689608644029,2929332400521.116,351,S1_depeg_stablecoin,indonesia,USDC
298,1.0997133409674895,2929332400521.116,351,S1_depeg_stablecoin,indonesia,USDC
299,1.0985435279809561,2929332400521.116,351,S1_depeg_stablecoin,indonesia,USDC
300,1.0991227485503374,2929332400521.116,351,S1_depeg_stablecoin,indonesia,USDC
301,1.124555872720153,2929332400521.116,351,S1_depeg_stablecoin,indonesia,USDC
302,1.0821404773610366,2929332400521.116,351,S1_depeg_stablecoin,indonesia,USDC
303,1.0855853907147555,2929332400521.116,351,S1_depeg_stablecoin,indonesia,USDC
304,1.0556868624634816,2929332400521.116,351,S1_depeg_stablecoin,indonesia,USDC
305,1.0847633217244155,2929332400521.116,351,S1_depeg_stablecoin,indonesia,USDC
306,1.0804439971844033,2929332400521.116,351,S1_depeg_stablecoin,indonesia,USDC
307,1.0707664306470368,2929332400521.116,351,S1_depeg_stablecoin,indonesia,USDC
308,1.0278559454953746,2929332400521.116,351,S1_depeg_stablecoin,indonesia,USDC
309,1.033698707282882,2929332400521.116,351,S1_depeg_stablecoin,indonesia,USDC
310,1.0240818736653088,2929332400521.116,351,S1_depeg_stablecoin,indonesia,USDC
311,1.0404529932381967,2929332400521.116,351,S1_depeg_stablecoin,indonesia,USDC
312,1.0481074180432537,2929332400521.116,351,S1_depeg_stablecoin,indonesia,USDC
313,1.057897744219412,2929332400521.116,351,S1_depeg_stablecoin,indonesia,USDC
314,1.069694045924209,2929332400521.116,351,S1_depeg_stablecoin,indonesia,USDC
315,1.0576158780616698,2929332400521.116,351,S1_depeg_stablecoin,indonesia,USDC
316,1.0459899096505556,2929332400521.116,351,S1_depeg_stablecoin,indonesia,USDC
317,1.0576655873764071,2929332400521.116,351,S1_depeg_stablecoin,indonesia,USDC
318,1.0277332593298594,2929332400521.116,351,S1_depeg_stablecoin,indonesia,USDC
319,1.0065117096087204,2929332400521.116,351,S1_depeg_stablecoin,indonesia,USDC
320,0.9686181876667942,2929332400521.116,351,S1_depeg_stablecoin,indonesia,USDC
321,0.9649589042165025,2929332246301.6816,351,S1_depeg_stablecoin,indonesia,USDC
322,0.953445881625654,2929330531345.078,351,S1_depeg_stablecoin,indonesia,USDC
323,0.9676111512347801,2929324928981.039,351,S1_depeg_stablecoin,indonesia,USDC
324,0.9586822738954197,2929324496555.861,351,S1_depeg_stablecoin,indonesia,USDC
325,0.9685114029777131,2929321423041.256,351,S1_depeg_stablecoin,indonesia,USDC
326,0.9546102250482537,2929321257433.4316,351,S1_depeg_stablecoin,indonesia,USDC
327,0.9652451980418014,2929316942611.1836,351,S1_depeg_stablecoin,indonesia,USDC
328,0.9539007432049572,2929315400066.8784,351,S1_depeg_stablecoin,indonesia,USDC
329,0.9693557712895629,2929310697732.343,351,S1_depeg_stablecoin,indonesia,USDC
330,0.9747043500485867,2929310630609.4785,351,S1_depeg_stablecoin,indonesia,USDC
331,0.9535449058788186,2929310630609.4785,351,S1_depeg_stablecoin,indonesia,USDC
332,0.9794052857963206,2929306137783.5444,351,S1_depeg_stablecoin,indonesia,USDC
333,0.9723589346205668,2929306137783.5444,351,S1_depeg_stablecoin,indonesia,USDC
334,0.9457260283893663,2929306137783.5444,351,S1_depeg_stablecoin,indonesia,USDC
335,0.957521546050514,2929299095952.874,351,S1_depeg_stablecoin,indonesia,USDC
336,0.9771907606821671,2929295277301.5654,351,S1_depeg_stablecoin,indonesia,USDC
337,0.9672954550039725,2929295277301.5654,351,S1_depeg_stablecoin,indonesia,USDC
338,0.9745130854770712,2929294954279.032,351,S1_depeg_stablecoin,indonesia,USDC
339,0.961399862050055,2929294954279.032,351,S1_depeg_stablecoin,indonesia,USDC
340,0.929585855202434,2929292941568.1953,351,S1_depeg_stablecoin,indonesia,USDC
341,0.9351608508568877,2929281176354.166,351,S1_depeg_stablecoin,indonesia,USDC
342,0.9616360797189429,2929272090715.2686,351,S1_depeg_stablecoin,indonesia,USDC
343,0.9429370343150385,2929269764047.1626,351,S1_depeg_stablecoin,indonesia,USDC
344,0.9766300455767749,2929263087451.428,351,S1_depeg_stablecoin,indonesia,USDC
345,0.9724922262502775,2929263087451.428,351,S1_depeg_stablecoin,indonesia,USDC
346,0.9553136921921799,2929263087451.428,351,S1_depeg_stablecoin,indonesia,USDC
347,0.966111519219834,2929259335806.3867,351,S1_depeg_stablecoin,indonesia,USDC
348,0.9655812442160683,2929258305243.3213,351,S1_depeg_stablecoin,indonesia,USDC
349,0.9581909293221409,2929257441371.9736,351,S1_depeg_stablecoin,indonesia,USDC
350,0.9540827242411326,2929254884630.0635,351,S1_depeg_stablecoin,indonesia,USDC
351,0.9686499358340808,2929250739120.4004,351,S1_depeg_stablecoin,indonesia,USDC
352,0.9759709402803918,2929250508659.42,351,S1_depeg_stablecoin,indonesia,USDC
353,0.9729528729380005,2929250508659.42,351,S1_depeg_stablecoin,indonesia,USDC
354,0.962242695659416,2929250508659.42,351,S1_depeg_stablecoin,indonesia,USDC
355,0.9631793193908386,2929248682405.619,351,S1_depeg_stablecoin,indonesia,USDC
356,0.9539537043655504,2929247417342.0586,351,S1_depeg_stablecoin,indonesia,USDC
357,0.9372443341230768,2929243361758.498,351,S1_depeg_stablecoin,indonesia,USDC
358,0.9896242448767087,2929235742775.3623,351,S1_depeg_stablecoin,indonesia,USDC
359,0.9792940411488849,2929235742775.3623,351,S1_depeg_stablecoin,indonesia,USDC
360,0.9800770562449688,2929235742775.3623,351,S1_depeg_stablecoin,indonesia,USDC
361,0.9866743277367008,2929235742775.3623,351,S1_depeg_stablecoin,indonesia,USDC
362,0.970805536015679,2929235742775.3623,351,S1_depeg_stablecoin,indonesia,USDC
363,0.9620114413646571,2929235742775.3623,351,S1_depeg_stablecoin,indonesia,USDC
364,0.9641949890525592,2929234124333.048,351,S1_depeg_stablecoin,indonesia,USDC
365,0.9625864810517027,2929232736711.7393,351,S1_depeg_stablecoin,indonesia,USDC
366,0.9424087137397138,2929231273389.5493,351,S1_depeg_stablecoin,indonesia,USDC
367,0.9434017046710986,2929225438966.395,351,S1_depeg_stablecoin,indonesia,USDC
368,0.973717192383856,2929219970229.293,351,S1_depeg_stablecoin,indonesia,USDC
369,1.0062005808440366,2929219970229.293,351,S1_depeg_stablecoin,indonesia,USDC
370,1.003348235907907,2929219970229.293,351,S1_depeg_stablecoin,indonesia,USDC
371,0.9978992664766988,2929219970229.293,351,S1_depeg_stablecoin,indonesia,USDC
372,1.0203189698273005,2929219970229.293,351,S1_depeg_stablecoin,indonesia,USDC
373,1.0306279407995755,2929219970229.293,351,S1_depeg_stablecoin,indonesia,USDC
374,1.0250619921508268,2929219970229.293,351,S1_depeg_stablecoin,indonesia,USDC
375,1.0090340237876534,2929219970229.293,351,S1_depeg_stablecoin,indonesia,USDC
376,0.9875713334868607,2929219970229.293,351,S1_depeg_stablecoin,indonesia,USDC
377,0.9815941567549918,2929219970229.293,351,S1_depeg_stablecoin,indonesia,USDC
378,0.9967547562943766,2929219970229.293,351,S1_depeg_stablecoin,indonesia,USDC
379,0.9569261074442879,2929219970229.293,351,S1_depeg_stablecoin,indonesia,USDC
380,0.948523711184089,2929217035837.5815,351,S1_depeg_stablecoin,indonesia,USDC
381,0.9342159502070438,2929212470790.923,351,S1_depeg_stablecoin,indonesia,USDC
382,0.9076286368849332,2929205428660.5,351,S1_depeg_stablecoin,indonesia,USDC
383,0.8945911605654508,2929193332027.647,351,S1_depeg_stablecoin,indonesia,USDC
384,0.9137709841370409,2929179515842.6855,351,S1_depeg_stablecoin,indonesia,USDC
385,0.9285972123759146,2929170028368.611,351,S1_depeg_stablecoin,indonesia,USDC
386,0.9347852522688932,2929163276654.0884,351,S1_depeg_stablecoin,indonesia,USDC
387,0.9293098589480728,2929157790283.254,351,S1_depeg_stablecoin,indonesia,USDC
388,0.9135064660712096,2929151455897.199,351,S1_depeg_stablecoin,indonesia,USDC
389,0.9369758140150529,2929143208749.4004,351,S1_depeg_stablecoin,indonesia,USDC
390,0.9476081568240876,2929138714927.6733,351,S1_depeg_stablecoin,indonesia,USDC
391,0.9490967919529716,2929135933400.565,351,S1_depeg_stablecoin,indonesia,USDC
392,0.9702630529719093,2929133052713.3906,351,S1_depeg_stablecoin,indonesia,USDC
393,0.9790122077628807,2929133052713.3906,351,S1_depeg_stablecoin,indonesia,USDC
394,0.9807469186042189,2929133052713.3906,351,S1_depeg_stablecoin,indonesia,USDC
395,0.9668219549383021,2929133052713.3906,351,S1_depeg_stablecoin,indonesia,USDC
396,0.9581180499796534,2929132697930.909,351,S1_depeg_stablecoin,indonesia,USDC
397,0.9580733054972095,2929131288757.6367,351,S1_depeg_stablecoin,indonesia,USDC
398,0.950488768377033,2929129794148.2173,351,S1_depeg_stablecoin,indonesia,USDC
399,0.9432578985519325,2929127228779.43,351,S1_depeg_stablecoin,indonesia,USDC
400,0.9658319083744086,2929123783409.1045,351,S1_depeg_stablecoin,indonesia,USDC
401,0.9620892363586945,2929123475247.202,351,S1_depeg_stablecoin,indonesia,USDC
402,0.9690071348945726,2929122723540.6465,351,S1_depeg_stablecoin,indonesia,USDC
403,0.9949243697078238,2929122682840.7056,351,S1_depeg_stablecoin,indonesia,USDC
404,1.028695897147125,2929122682840.7056,351,S1_depeg_stablecoin,indonesia,USDC
405,1.0136576737599559,2929122682840.7056,351,S1_depeg_stablecoin,indonesia,USDC
406,1.0033709766172134,2929122682840.7056,351,S1_depeg_stablecoin,indonesia,USDC
407,1.0283112221699924,2929122682840.7056,351,S1_depeg_stablecoin,indonesia,USDC
408,1.005101750693192,2929122682840.7056,351,S1_depeg_stablecoin,indonesia,USDC
409,1.0440361889436536,2929122682840.7056,351,S1_depeg_stablecoin,indonesia,USDC
410,1.0569242796167853,2929122682840.7056,351,S1_depeg_stablecoin,indonesia,USDC
411,1.027314024134024,2929122682840.7056,351,S1_depeg_stablecoin,indonesia,USDC
412,1.025994514425235,2929122682840.7056,351,S1_depeg_stablecoin,indonesia,USDC
413,1.0166936950073397,2929122682840.7056,351,S1_depeg_stablecoin,indonesia,USDC
414,1.0254230527494115,2929122682840.7056,351,S1_depeg_stablecoin,indonesia,USDC
415,1.061661405176582,2929122682840.7056,351,S1_depeg_stablecoin,indonesia,USDC
416,1.0561554076506836,2929122682840.7056,351,S1_depeg_stablecoin,indonesia,USDC
417,1.0498995785953193,2929122682840.7056,351,S1_depeg_stablecoin,indonesia,USDC
418,1.0394823805735582,2929122682840.7056,351,S1_depeg_stablecoin,indonesia,USDC
419,1.023600506484081,2929122682840.7056,351,S1_depeg_stablecoin,indonesia,USDC
420,0.9883384891020268,2929122682840.7056,351,S1_depeg_stablecoin,indonesia,USDC
421,0.9909316893224478,2929122682840.7056,351,S1_depeg_stablecoin,indonesia,USDC
422,1.00005902005134,2929122682840.7056,351,S1_depeg_stablecoin,indonesia,USDC
423,1.0289218738018353,2929122682840.7056,351,S1_depeg_stablecoin,indonesia,USDC
424,1.0397987015788284,2929122682840.7056,351,S1_depeg_stablecoin,indonesia,USDC
425,1.0357992442574948,2929122682840.7056,351,S1_depeg_stablecoin,indonesia,USDC
426,1.029261604292109,2929122682840.7056,351,S1_depeg_stablecoin,indonesia,USDC
427,1.0429788286017974,2929122682840.7056,351,S1_depeg_stablecoin,indonesia,USDC
428,1.0408045137187456,2929122682840.7056,351,S1_depeg_stablecoin,indonesia,USDC
429,1.044928131408442,2929122682840.7056,351,S1_depeg_stablecoin,indonesia,USDC
430,1.0332546994113612,2929122682840.7056,351,S1_depeg_stablecoin,indonesia,USDC
431,0.9790551704546527,2929122682840.7056,351,S1_depeg_stablecoin,indonesia,USDC
432,0.9443998345384119,2929122682840.7056,351,S1_depeg_stablecoin,indonesia,USDC
433,0.9490743970064432,2929119733409.107,351,S1_depeg_stablecoin,indonesia,USDC
434,0.9494342828225418,2929117404643.686,351,S1_depeg_stablecoin,indonesia,USDC
435,0.9390641730328926,2929114963308.835,351,S1_depeg_stablecoin,indonesia,USDC
436,0.9353221549234184,2929111722822.7266,351,S1_depeg_stablecoin,indonesia,USDC
437,0.9154060622907844,2929108052828.135,351,S1_depeg_stablecoin,indonesia,USDC
438,0.9159119075043346,2929102404241.1367,351,S1_depeg_stablecoin,indonesia,USDC
439,0.9209827123174875,2929097108181.2275,351,S1_depeg_stablecoin,indonesia,USDC
440,0.8955691286806188,2929092573158.77,351,S1_depeg_stablecoin,indonesia,USDC
441,0.8979622320583354,2929085968227.9775,351,S1_depeg_stablecoin,indonesia,USDC
442,0.91529981204457,2929080043674.699,351,S1_depeg_stablecoin,indonesia,USDC
443,0.8920525771081291,2929075769292.499,351,S1_depeg_stablecoin,indonesia,USDC
444,0.8852586426438258,2929069861975.712,351,S1_depeg_stablecoin,indonesia,USDC
445,0.8988240535213468,2929064089517.5225,351,S1_depeg_stablecoin,indonesia,USDC
446,0.9158228248847211,2929059874885.79,351,S1_depeg_stablecoin,indonesia,USDC
447,0.9323370962152586,2929056906771.3477,351,S1_depeg_stablecoin,indonesia,USDC
448,0.9677332563563552,2929054784842.701,351,S1_depeg_stablecoin,indonesia,USDC
449,0.948085299934122,2929054691247.1016,351,S1_depeg_stablecoin,indonesia,USDC
450,0.9409220283977211,2929053646941.676,351,S1_depeg_stablecoin,indonesia,USDC
451,0.9107326111683252,2929052262904.797,351,S1_depeg_stablecoin,indonesia,USDC
452,0.9208137437557173,2929049361598.44,351,S1_depeg_stablecoin,indonesia,USDC
453,0.9517099966472304,2929047100975.197,351,S1_depeg_stablecoin,indonesia,USDC
454,0.9702942774078426,2929046367035.619,351,S1_depeg_stablecoin,indonesia,USDC
455,0.9729963288698193,2929046367035.619,351,S1_depeg_stablecoin,indonesia,USDC
456,0.9501041030753916,2929046367035.619,351,S1_depeg_stablecoin,indonesia,USDC
457,0.9530572684633771,2929045500136.354,351,S1_depeg_stablecoin,indonesia,USDC
458,0.9602018752999693,2929044814482.301,351,S1_depeg_stablecoin,indonesia,USDC
459,0.8391648772830627,2929044413391.33,351,S1_depeg_stablecoin,indonesia,USDC
460,0.8589737766629203,2929039076761.661,351,S1_depeg_stablecoin,indonesia,USDC
461,0.8523352415188276,2929034952384.371,351,S1_depeg_stablecoin,indonesia,USDC
462,0.8588228566735303,2929031235166.122,351,S1_depeg_stablecoin,indonesia,USDC
463,0.8710900318811156,2929027913810.6924,351,S1_depeg_stablecoin,indonesia,USDC
464,0.8732117868795553,2929025410442.171,351,S1_depeg_stablecoin,indonesia,USDC
465,0.8598186846975857,2929023251467.7207,351,S1_depeg_stablecoin,indonesia,USDC
466,0.9000865977468904,2929020916803.487,351,S1_depeg_stablecoin,indonesia,USDC
467,0.9067907262776784,2929019636032.0947,351,S1_depeg_stablecoin,indonesia,USDC
468,0.9529234365778907,2929018587037.969,351,S1_depeg_stablecoin,indonesia,USDC
469,0.9308645711240676,2929018312729.035,351,S1_depeg_stablecoin,indonesia,USDC
470,0.9628883622683954,2929017722163.599,351,S1_depeg_stablecoin,indonesia,USDC
471,0.9650269048558864,2929017638363.597,351,S1_depeg_stablecoin,indonesia,USDC
472,0.9522009758877517,2929017568740.539,351,S1_depeg_stablecoin,indonesia,USDC
473,0.9563602382774616,2929017287776.7803,351,S1_depeg_stablecoin,indonesia,USDC
474,0.9346379979546214,2929017098878.9644,351,S1_depeg_stablecoin,indonesia,USDC
475,0.9255281239493967,2929016557806.6377,351,S1_depeg_stablecoin,indonesia,USDC
476,0.9453943374683776,2929015902151.261,351,S1_depeg_stablecoin,indonesia,USDC
477,0.9637277858584721,2929015568836.2686,351,S1_depeg_stablecoin,indonesia,USDC
478,0.956177043848076,2929015490990.215,351,S1_depeg_stablecoin,indonesia,USDC
479,0.9332156864229142,2929015312388.952,351,S1_depeg_stablecoin,indonesia,USDC
480,0.9196636968441722,2929014832171.8237,351,S1_depeg_stablecoin,indonesia,USDC
481,0.9194470733839332,2929014179604.8726,351,S1_depeg_stablecoin,indonesia,USDC
482,0.9278597794475381,2929013574658.423,351,S1_depeg_stablecoin,indonesia,USDC
483,0.9371609910392327,2929013096976.7627,351,S1_depeg_stablecoin,indonesia,USDC
484,0.9285124857799736,2929012741688.5044,351,S1_depeg_stablecoin,indonesia,USDC
485,0.9092008522694391,2929012318985.9185,351,S1_depeg_stablecoin,indonesia,USDC
486,0.9220298380526785,2929011719694.1367,351,S1_depeg_stablecoin,indonesia,USDC
487,0.9338634487146239,2929011264364.575,351,S1_depeg_stablecoin,indonesia,USDC
488,0.9540914562175599,2929010949262.968,351,S1_depeg_stablecoin,indonesia,USDC
489,0.9881002510739431,2929010806704.2393,351,S1_depeg_stablecoin,indonesia,USDC
490,0.9809552828547637,2929010806704.2393,351,S1_depeg_stablecoin,indonesia,USDC
491,0.9835799306051147,2929010806704.2393,351,S1_depeg_stablecoin,indonesia,USDC
492,0.9628044850161632,2929010806704.2393,351,S1_depeg_stablecoin,indonesia,USDC
493,0.9591994217434394,2929010759674.1006,351,S1_depeg_stablecoin,indonesia,USDC
494,0.9612686363661019,2929010670963.241,351,S1_depeg_stablecoin,indonesia,USDC
495,0.9637043057309859,2929010600812.745,351,S1_depeg_stablecoin,indonesia,USDC
496,0.9263472531404638,2929010546657.7144,351,S1_depeg_stablecoin,indonesia,USDC
497,0.9498754543420074,2929010173597.603,351,S1_depeg_stablecoin,indonesia,USDC
498,0.9846638580034398,2929010009351.374,351,S1_depeg_stablecoin,indonesia,USDC
499,0.9896440084376898,2929010009351.374,351,S1_depeg_stablecoin,indonesia,USDC
500,0.9705575531383902,2929010009351.374,351,S1_depeg_stablecoin,indonesia,USDC
501,0.9866180417174446,2929010009351.374,351,S1_depeg_stablecoin,indonesia,USDC
502,0.9929067035132443,2929010009351.374,351,S1_depeg_stablecoin,indonesia,USDC
503,0.9974769019114864,2929010009351.374,351,S1_depeg_stablecoin,indonesia,USDC
504,1.0246893349514234,2929010009351.374,351,S1_depeg_stablecoin,indonesia,USDC
505,0.9996146944626108,2929010009351.374,351,S1_depeg_stablecoin,indonesia,USDC
506,0.9804695916133952,2929010009351.374,351,S1_depeg_stablecoin,indonesia,USDC
507,0.9793667895339414,2929010009351.374,351,S1_depeg_stablecoin,indonesia,USDC
508,0.9996972364305731,2929010009351.374,351,S1_depeg_stablecoin,indonesia,USDC
509,0.9978095702079082,2929010009351.374,351,S1_depeg_stablecoin,indonesia,USDC
510,0.9737908561051922,2929010009351.374,351,S1_depeg_stablecoin,indonesia,USDC
511,0.978312431460219,2929010009351.374,351,S1_depeg_stablecoin,indonesia,USDC
512,0.9986773531404775,2929010009351.374,351,S1_depeg_stablecoin,indonesia,USDC
513,0.9943474792137066,2929010009351.374,351,S1_depeg_stablecoin,indonesia,USDC
514,0.9743477379145208,2929010009351.374,351,S1_depeg_stablecoin,indonesia,USDC
515,0.959010701427832,2929010009351.374,351,S1_depeg_stablecoin,indonesia,USDC
516,0.8379437610887612,2929009932447.282,351,S1_depeg_stablecoin,indonesia,USDC
517,0.8480374326780613,2929008887502.2466,351,S1_depeg_stablecoin,indonesia,USDC
518,0.8387683367024411,2929008105750.8525,351,S1_depeg_stablecoin,indonesia,USDC
519,0.8343131593513122,2929007330631.9053,351,S1_depeg_stablecoin,indonesia,USDC
520,0.8430965648927594,2929006620908.9844,351,S1_depeg_stablecoin,indonesia,USDC
521,0.8283687018775182,2929006061711.0654,351,S1_depeg_stablecoin,indonesia,USDC
522,0.8505695174338165,2929005506172.3174,351,S1_depeg_stablecoin,indonesia,USDC
523,0.8459696156595249,2929005122772.659,351,S1_depeg_stablecoin,indonesia,USDC
524,0.8505091846393559,2929004771510.834,351,S1_depeg_stablecoin,indonesia,USDC
525,0.8581536339731413,2929004474666.48,351,S1_depeg_stablecoin,indonesia,USDC
526,0.8632880420734103,2929004218952.0415,351,S1_depeg_stablecoin,indonesia,USDC
527,0.8715084202073822,2929004007692.0615,351,S1_depeg_stablecoin,indonesia,USDC
528,0.8831256548302437,2929003833819.6006,351,S1_depeg_stablecoin,indonesia,USDC
529,0.9208891675895573,2929003702093.462,351,S1_depeg_stablecoin,indonesia,USDC
530,0.8981903434770827,2929003632831.221,351,S1_depeg_stablecoin,indonesia,USDC
531,0.897701030492676,2929003538194.782,351,S1_depeg_stablecoin,indonesia,USDC
532,0.8909803933344091,2929003447180.593,351,S1_depeg_stablecoin,indonesia,USDC
533,0.9070732709767116,2929003352462.4824,351,S1_depeg_stablecoin,indonesia,USDC
534,0.913505586420983,2929003281393.6963,351,S1_depeg_stablecoin,indonesia,USDC
535,0.9402601779870613,2929003223249.1597,351,S1_depeg_stablecoin,indonesia,USDC
536,0.9576613367572502,2929003196598.528,351,S1_depeg_stablecoin,indonesia,USDC
537,0.9464333986101875,2929003185335.0566,351,S1_depeg_stablecoin,indonesia,USDC
538,0.9395946521424917,2929003165343.0347,351,S1_depeg_stablecoin,indonesia,USDC
539,0.971277542446821,2929003137820.7266,351,S1_depeg_stablecoin,indonesia,USDC
540,0.9867419165740602,2929003137820.7266,351,S1_depeg_stablecoin,indonesia,USDC
541,0.9916323578722239,2929003137820.7266,351,S1_depeg_stablecoin,indonesia,USDC
542,0.9776205565811644,2929003137820.7266,351,S1_depeg_stablecoin,indonesia,USDC
543,0.9994409261121628,2929003137820.7266,351,S1_depeg_stablecoin,indonesia,USDC
544,0.998583653717204,2929003137820.7266,351,S1_depeg_stablecoin,indonesia,USDC
545,0.9902844606164184,2929003137820.7266,351,S1_depeg_stablecoin,indonesia,USDC
546,1.00314059971021,2929003137820.7266,351,S1_depeg_stablecoin,indonesia,USDC
547,0.9792397801094169,2929003137820.7266,351,S1_depeg_stablecoin,indonesia,USDC
548,0.9756184910552783,2929003137820.7266,351,S1_depeg_stablecoin,indonesia,USDC
549,0.9932412317985636,2929003137820.7266,351,S1_depeg_stablecoin,indonesia,USDC
550,0.9953818226926909,2929003137820.7266,351,S1_depeg_stablecoin,indonesia,USDC
551,0.9963478057713281,2929003137820.7266,351,S1_depeg_stablecoin,indonesia,USDC
552,0.999735714298709,2929003137820.7266,351,S1_depeg_stablecoin,indonesia,USDC
553,1.0262158815889695,2929003137820.7266,351,S1_depeg_stablecoin,indonesia,USDC
554,1.031666357569323,2929003137820.7266,351,S1_depeg_stablecoin,indonesia,USDC
555,1.0369707379124544,2929003137820.7266,351,S1_depeg_stablecoin,indonesia,USDC
556,1.0285488348431218,2929003137820.7266,351,S1_depeg_stablecoin,indonesia,USDC
557,1.0139530775803092,2929003137820.7266,351,S1_depeg_stablecoin,indonesia,USDC
558,1.0069330167289867,2929003137820.7266,351,S1_depeg_stablecoin,indonesia,USDC
559,1.0016800738258762,2929003137820.7266,351,S1_depeg_stablecoin,indonesia,USDC
560,0.954895962320651,2929003137820.7266,351,S1_depeg_stablecoin,indonesia,USDC
561,0.9361779355188546,2929003125461.96,351,S1_depeg_stablecoin,indonesia,USDC
562,0.9244936467940877,2929003097073.961,351,S1_depeg_stablecoin,indonesia,USDC
563,0.9434043845476533,2929003060930.613,351,S1_depeg_stablecoin,indonesia,USDC
564,0.9647617296675869,2929003040458.333,351,S1_depeg_stablecoin,indonesia,USDC
565,0.9874825124909108,2929003037171.7944,351,S1_depeg_stablecoin,indonesia,USDC
566,0.959813803524763,2929003037171.7944,351,S1_depeg_stablecoin,indonesia,USDC
567,0.9326158632851054,2929003030594.736,351,S1_depeg_stablecoin,indonesia,USDC
568,0.958007201360996,2929003003465.548,351,S1_depeg_stablecoin,indonesia,USDC
569,0.9413551210613874,2929002994235.9043,351,S1_depeg_stablecoin,indonesia,USDC
570,0.9204911270323659,2929002972463.3975,351,S1_depeg_stablecoin,indonesia,USDC
571,0.9229101388773255,2929002937891.33,351,S1_depeg_stablecoin,indonesia,USDC
572,0.9113343219868075,2929002907540.251,351,S1_depeg_stablecoin,indonesia,USDC
573,0.9134688538383561,2929002871166.2173,351,S1_depeg_stablecoin,indonesia,USDC
574,0.924197811115662,2929002835370.256,351,S1_depeg_stablecoin,indonesia,USDC
575,0.9284843476069731,2929002808815.3296,351,S1_depeg_stablecoin,indonesia,USDC
576,0.9511793227019456,2929002785195.8916,351,S1_depeg_stablecoin,indonesia,USDC
577,0.9483219995627196,2929002774946.554,351,S1_depeg_stablecoin,indonesia,USDC
578,0.9419458810654503,2929002764750.071,351,S1_depeg_stablecoin,indonesia,USDC
579,0.9391702296667666,2929002751075.093,351,S1_depeg_stablecoin,indonesia,USDC
580,0.9289153477666028,2929002735370.331,351,S1_depeg_stablecoin,indonesia,USDC
581,0.9749950965737579,2929002715106.887,351,S1_depeg_stablecoin,indonesia,USDC
582,0.9581027737084978,2929002715106.887,351,S1_depeg_stablecoin,indonesia,USDC
583,0.9654895640078208,2929002710477.016,351,S1_depeg_stablecoin,indonesia,USDC
584,0.9428332882124698,2929002708639.4536,351,S1_depeg_stablecoin,indonesia,USDC
585,0.9500572320325918,2929002696433.1143,351,S1_depeg_stablecoin,indonesia,USDC
586,0.9510351478226579,2929002688529.013,351,S1_depeg_stablecoin,indonesia,USDC
587,0.9530838642878993,2929002681180.4106,351,S1_depeg_stablecoin,indonesia,USDC
588,0.9796258602753443,2929002674808.134,351,S1_depeg_stablecoin,indonesia,USDC
589,0.9916176836620556,2929002674808.134,351,S1_depeg_stablecoin,indonesia,USDC
590,0.9708640346965324,2929002674808.134,351,S1_depeg_stablecoin,indonesia,USDC
591,0.9721941008256485,2929002674808.134,351,S1_depeg_stablecoin,indonesia,USDC
592,0.9432037755121144,2929002674808.134,351,S1_depeg_stablecoin,indonesia,USDC
593,0.9590865271966384,2929002664085.244,351,S1_depeg_stablecoin,indonesia,USDC
594,0.9924676795981437,2929002659504.6167,351,S1_depeg_stablecoin,indonesia,USDC
595,0.9814964067106985,2929002659504.6167,351,S1_depeg_stablecoin,indonesia,USDC
596,0.977280822224297,2929002659504.6167,351,S1_depeg_stablecoin,indonesia,USDC
597,0.9546013476747615,2929002659504.6167,351,S1_depeg_stablecoin,indonesia,USDC
598,0.9800218691082807,2929002653114.177,351,S1_depeg_stablecoin,indonesia,USDC
599,0.9762849129686443,2929002653114.177,351,S1_depeg_stablecoin,indonesia,USDC
600,0.9878853061738877,2929002653114.177,351,S1_depeg_stablecoin,indonesia,USDC
601,1.0059780795444764,2929002653114.177,351,S1_depeg_stablecoin,indonesia,USDC
602,1.0167537268768858,2929002653114.177,351,S1_depeg_stablecoin,indonesia,USDC
603,0.993326733630024,2929002653114.177,351,S1_depeg_stablecoin,indonesia,USDC
604,0.9561773743771528,2929002653114.177,351,S1_depeg_stablecoin,indonesia,USDC
605,0.9927456216871045,2929002648069.5117,351,S1_depeg_stablecoin,indonesia,USDC
606,0.9780843926999561,2929002648069.5117,351,S1_depeg_stablecoin,indonesia,USDC
607,0.9686334908652015,2929002648069.5117,351,S1_depeg_stablecoin,indonesia,USDC
608,0.9490376912455744,2929002647888.632,351,S1_depeg_stablecoin,indonesia,USDC
609,0.9499856184998736,2929002639440.3037,351,S1_depeg_stablecoin,indonesia,USDC
610,0.9539374057900074,2929002632211.001,351,S1_depeg_stablecoin,indonesia,USDC
611,0.9623930894338378,2929002626887.9844,351,S1_depeg_stablecoin,indonesia,USDC
612,0.9788912189559877,2929002624469.241,351,S1_depeg_stablecoin,indonesia,USDC
613,1.0092723632682314,2929002624469.241,351,S1_depeg_stablecoin,indonesia,USDC
614,0.994476015060052,2929002624469.241,351,S1_depeg_stablecoin,indonesia,USDC
615,0.9962495171065594,2929002624469.241,351,S1_depeg_stablecoin,indonesia,USDC
616,1.0101318050678947,2929002624469.241,351,S1_depeg_stablecoin,indonesia,USDC
617,0.9853326493748034,2929002624469.241,351,S1_depeg_stablecoin,indonesia,USDC
618,0.9921764909676395,2929002624469.241,351,S1_depeg_stablecoin,indonesia,USDC
619,0.9877184963942848,2929002624469.241,351,S1_depeg_stablecoin,indonesia,USDC
620,0.9772084812493519,2929002624469.241,351,S1_depeg_stablecoin,indonesia,USDC
621,0.9935010829806838,2929002624469.241,351,S1_depeg_stablecoin,indonesia,USDC
622,1.003845531383115,2929002624469.241,351,S1_depeg_stablecoin,indonesia,USDC
623,1.0236550440990806,2929002624469.241,351,S1_depeg_stablecoin,indonesia,USDC
624,1.0035011854182903,2929002624469.241,351,S1_depeg_stablecoin,indonesia,USDC
625,1.0050481080667557,2929002624469.241,351,S1_depeg_stablecoin,indonesia,USDC
626,0.976860460009729,2929002624469.241,351,S1_depeg_stablecoin,indonesia,USDC
627,0.9881456843908182,2929002624469.241,351,S1_depeg_stablecoin,indonesia,USDC
628,0.979809213094523,2929002624469.241,351,S1_depeg_stablecoin,indonesia,USDC
629,0.966637186567283,2929002624469.241,351,S1_depeg_stablecoin,indonesia,USDC
630,0.9501837814075438,2929002623613.808,351,S1_depeg_stablecoin,indonesia,USDC
631,0.9522900721599519,2929002616431.3164,351,S1_depeg_stablecoin,indonesia,USDC
632,0.9583153748681714,2929002609868.115,351,S1_depeg_stablecoin,indonesia,USDC
633,0.928835879893807,2929002605616.918,351,S1_depeg_stablecoin,indonesia,USDC
634,0.9110375250683679,2929002591680.4795,351,S1_depeg_stablecoin,indonesia,USDC
635,0.9360155784093089,2929002572367.014,351,S1_depeg_stablecoin,indonesia,USDC
636,0.9232942626791478,2929002561666.2676,351,S1_depeg_stablecoin,indonesia,USDC
637,0.8893671411244991,2929002547793.0024,351,S1_depeg_stablecoin,indonesia,USDC
638,0.8869942936394045,2929002525275.1553,351,S1_depeg_stablecoin,indonesia,USDC
639,0.91145923943693,2929002503351.753,351,S1_depeg_stablecoin,indonesia,USDC
640,0.9390726304602488,2929002489605.9155,351,S1_depeg_stablecoin,indonesia,USDC
641,0.9573403090863046,2929002482671.306,351,S1_depeg_stablecoin,indonesia,USDC
642,0.9393343636443308,2929002480221.7676,351,S1_depeg_stablecoin,indonesia,USDC
643,0.9751413718808033,2929002473163.3887,351,S1_depeg_stablecoin,indonesia,USDC
644,0.9431946729272997,2929002473163.3887,351,S1_depeg_stablecoin,indonesia,USDC
645,0.9180784858666798,2929002467607.7427,351,S1_depeg_stablecoin,indonesia,USDC
646,0.9162668089794777,2929002457221.583,351,S1_depeg_stablecoin,indonesia,USDC
647,0.9207202983615312,2929002446419.312,351,S1_depeg_stablecoin,indonesia,USDC
648,0.9284220137293748,2929002437046.797,351,S1_depeg_stablecoin,indonesia,USDC
649,0.9481342488544111,2929002429774.051,351,S1_depeg_stablecoin,indonesia,USDC
650,0.967439715737276,2929002426340.3857,351,S1_depeg_stablecoin,indonesia,USDC
651,0.9311148527343216,2929002425893.298,351,S1_depeg_stablecoin,indonesia,USDC
652,0.9718347874302948,2929002419524.7065,351,S1_depeg_stablecoin,indonesia,USDC
653,0.967580274996817,2929002419524.7065,351,S1_depeg_stablecoin,indonesia,USDC
654,0.9465721496787177,2929002419390.84,351,S1_depeg_stablecoin,indonesia,USDC
655,0.9446898880281365,2929002415613.478,351,S1_depeg_stablecoin,indonesia,USDC
656,0.9403192573207549,2929002411774.423,351,S1_depeg_stablecoin,indonesia,USDC
657,0.9595598245061394,2929002407357.672,351,S1_depeg_stablecoin,indonesia,USDC
658,0.9478013078968992,2929002406052.396,351,S1_depeg_stablecoin,indonesia,USDC
659,0.9410199168580461,2929002402640.258,351,S1_depeg_stablecoin,indonesia,USDC
660,0.9483012934604038,2929002398287.701,351,S1_depeg_stablecoin,indonesia,USDC
661,0.928931070789742,2929002395253.793,351,S1_depeg_stablecoin,indonesia,USDC
662,0.9337785216692767,2929002389567.7393,351,S1_depeg_stablecoin,indonesia,USDC
663,0.9349604528107001,2929002384615.7383,351,S1_depeg_stablecoin,indonesia,USDC
664,0.9109096673599281,2929002380004.207,351,S1_depeg_stablecoin,indonesia,USDC
665,0.938693203874071,2929002372699.959,351,S1_depeg_stablecoin,indonesia,USDC
666,0.9395638598342257,2929002369207.634,351,S1_depeg_stablecoin,indonesia,USDC
667,0.9306403892911895,2929002365685.421,351,S1_depeg_stablecoin,indonesia,USDC
668,0.9325029046188283,2929002361532.384,351,S1_depeg_stablecoin,indonesia,USDC
669,0.9337983531425091,2929002357489.7446,351,S1_depeg_stablecoin,indonesia,USDC
670,0.9372688104195026,2929002353963.705,351,S1_depeg_stablecoin,indonesia,USDC
671,0.9198075144166307,2929002350897.226,351,S1_depeg_stablecoin,indonesia,USDC
672,0.8844415769060349,2929002346036.185,351,S1_depeg_stablecoin,indonesia,USDC
673,0.8981534479120251,2929002338709.415,351,S1_depeg_stablecoin,indonesia,USDC
674,0.9006889067286629,2929002332794.1196,351,S1_depeg_stablecoin,indonesia,USDC
675,0.9071563743749722,2929002327375.032,351,S1_depeg_stablecoin,indonesia,USDC
676,0.9280368750797905,2929002322812.692,351,S1_depeg_stablecoin,indonesia,USDC
677,0.9300294675490969,2929002320126.489,351,S1_depeg_stablecoin,indonesia,USDC
678,0.9247912039617924,2929002317599.125,351,S1_depeg_stablecoin,indonesia,USDC
679,0.9454099867565302,2929002314851.0186,351,S1_depeg_stablecoin,indonesia,USDC
680,0.9669318483915306,2929002313546.2314,351,S1_depeg_stablecoin,indonesia,USDC
681,0.973077893649129,2929002313463.6924,351,S1_depeg_stablecoin,indonesia,USDC
682,1.0003239422206243,2929002313463.6924,351,S1_depeg_stablecoin,indonesia,USDC
683,1.0327759392706208,2929002313463.6924,351,S1_depeg_stablecoin,indonesia,USDC
684,1.0267644016000723,2929002313463.6924,351,S1_depeg_stablecoin,indonesia,USDC
685,1.0612051882520397,2929002313463.6924,351,S1_depeg_stablecoin,indonesia,USDC
686,1.0722664293985225,2929002313463.6924,351,S1_depeg_stablecoin,indonesia,USDC
687,1.0566350843845254,2929002313463.6924,351,S1_depeg_stablecoin,indonesia,USDC
688,1.0656044818324446,2929002313463.6924,351,S1_depeg_stablecoin,indonesia,USDC
689,1.0766052604434826,2929002313463.6924,351,S1_depeg_stablecoin,indonesia,USDC
690,1.0569332438136991,2929002313463.6924,351,S1_depeg_stablecoin,indonesia,USDC
691,1.0413117213629806,2929002313463.6924,351,S1_depeg_stablecoin,indonesia,USDC
692,1.0085086691598837,2929002313463.6924,351,S1_depeg_stablecoin,indonesia,USDC
693,1.0072216652775978,2929002313463.6924,351,S1_depeg_stablecoin,indonesia,USDC
694,1.0314325724432638,2929002313463.6924,351,S1_depeg_stablecoin,indonesia,USDC
695,1.0130919051605982,2929002313463.6924,351,S1_depeg_stablecoin,indonesia,USDC
696,0.9834801809548815,2929002313463.6924,351,S1_depeg_stablecoin,indonesia,USDC
697,0.9758156929494451,2929002313463.6924,351,S1_depeg_stablecoin,indonesia,USDC
698,0.9572125129108106,2929002313463.6924,351,S1_depeg_stablecoin,indonesia,USDC
699,0.9567317738649811,2929002312759.5386,351,S1_depeg_stablecoin,indonesia,USDC
700,0.9374591712393466,2929002312038.302,351,S1_depeg_stablecoin,indonesia,USDC
701,0.9620208064562137,2929002310190.398,351,S1_depeg_stablecoin,indonesia,USDC
702,0.9497492587301807,2929002309856.701,351,S1_depeg_stablecoin,indonesia,USDC
703,0.9444127323386602,2929002308797.9844,351,S1_depeg_stablecoin,indonesia,USDC
704,0.9444613601882242,2929002307480.0806,351,S1_depeg_stablecoin,indonesia,USDC
705,0.9907122530236239,2929002306197.124,351,S1_depeg_stablecoin,indonesia,USDC
706,0.9731869980888348,2929002306197.124,351,S1_depeg_stablecoin,indonesia,USDC
707,0.9771573867469883,2929002306197.124,351,S1_depeg_stablecoin,indonesia,USDC
708,0.9816847787629608,2929002306197.124,351,S1_depeg_stablecoin,indonesia,USDC
709,0.9762842363798805,2929002306197.124,351,S1_depeg_stablecoin,indonesia,USDC
710,1.0087829267751285,2929002306197.124,351,S1_depeg_stablecoin,indonesia,USDC
711,0.9881395703738411,2929002306197.124,351,S1_depeg_stablecoin,indonesia,USDC
712,0.9846950197505452,2929002306197.124,351,S1_depeg_stablecoin,indonesia,USDC
713,0.9585811406471176,2929002306197.124,351,S1_depeg_stablecoin,indonesia,USDC
714,0.9785299091410343,2929002305687.064,351,S1_depeg_stablecoin,indonesia,USDC
715,0.9875132329902471,2929002305687.064,351,S1_depeg_stablecoin,indonesia,USDC
716,0.9949917571770371,2929002305687.064,351,S1_depeg_stablecoin,indonesia,USDC
717,0.9832068583251751,2929002305687.064,351,S1_depeg_stablecoin,indonesia,USDC
718,0.9969257791972875,2929002305687.064,351,S1_depeg_stablecoin,indonesia,USDC
719,1.0175244657808658,2929002305687.064,351,S1_depeg_stablecoin,indonesia,USDC
720,0.9767849977858477,2929002305687.064,351,S1_depeg_stablecoin,indonesia,USDC
721,0.9813087279770111,2929002305687.064,351,S1_depeg_stablecoin,indonesia,USDC
722,0.9710354941572137,2929002305687.064,351,S1_depeg_stablecoin,indonesia,USDC
723,1.0113281045228009,2929002305687.064,351,S1_depeg_stablecoin,indonesia,USDC
724,1.0218855274026286,2929002305687.064,351,S1_depeg_stablecoin,indonesia,USDC
725,1.0148859959644843,2929002305687.064,351,S1_depeg_stablecoin,indonesia,USDC
726,1.0268032475111455,2929002305687.064,351,S1_depeg_stablecoin,indonesia,USDC
727,1.0347236974392553,2929002305687.064,351,S1_depeg_stablecoin,indonesia,USDC
728,1.0156627951374964,2929002305687.064,351,S1_depeg_stablecoin,indonesia,USDC
729,0.9821881727561145,2929002305687.064,351,S1_depeg_stablecoin,indonesia,USDC
730,0.9973692053717965,2929002305687.064,351,S1_depeg_stablecoin,indonesia,USDC
731,0.999996529259712,2929002305687.064,351,S1_depeg_stablecoin,indonesia,USDC
732,0.9808480970788803,2929002305687.064,351,S1_depeg_stablecoin,indonesia,USDC
733,0.9646416632210201,2929002305687.064,351,S1_depeg_stablecoin,indonesia,USDC
734,0.9492177429707678,2929002305417.8633,351,S1_depeg_stablecoin,indonesia,USDC
735,0.9431442098098274,2929002304506.399,351,S1_depeg_stablecoin,indonesia,USDC
736,0.9506919587757074,2929002303282.221,351,S1_depeg_stablecoin,indonesia,USDC
737,0.9804300993720206,2929002302360.0625,351,S1_depeg_stablecoin,indonesia,USDC
738,0.9581113393527192,2929002302360.0625,351,S1_depeg_stablecoin,indonesia,USDC
739,0.986694892159224,2929002301836.4175,351,S1_depeg_stablecoin,indonesia,USDC
740,0.9773487131742554,2929002301836.4175,351,S1_depeg_stablecoin,indonesia,USDC
741,0.9451312654428508,2929002301836.4175,351,S1_depeg_stablecoin,indonesia,USDC
742,0.9530490813163435,2929002300812.6836,351,S1_depeg_stablecoin,indonesia,USDC
743,0.9335390298447346,2929002300116.698,351,S1_depeg_stablecoin,indonesia,USDC
744,0.9473359798644025,2929002298593.6235,351,S1_depeg_stablecoin,indonesia,USDC
745,0.9480581499877382,2929002297733.766,351,S1_depeg_stablecoin,indonesia,USDC
746,0.9199918559009086,2929002296811.324,351,S1_depeg_stablecoin,indonesia,USDC
747,0.9481190829396077,2929002294920.8975,351,S1_depeg_stablecoin,indonesia,USDC
748,0.9651243991912113,2929002294132.7515,351,S1_depeg_stablecoin,indonesia,USDC
749,0.9813700966627807,2929002294012.7153,351,S1_depeg_stablecoin,indonesia,USDC
750,0.9741474721983026,2929002294012.7153,351,S1_depeg_stablecoin,indonesia,USDC
751,0.9824771798841895,2929002294012.7153,351,S1_depeg_stablecoin,indonesia,USDC
752,0.9920650199255051,2929002294012.7153,351,S1_depeg_stablecoin,indonesia,USDC
753,0.9983303338442663,2929002294012.7153,351,S1_depeg_stablecoin,indonesia,USDC
754,0.9882066484108274,2929002294012.7153,351,S1_depeg_stablecoin,indonesia,USDC
755,1.004473717995032,2929002294012.7153,351,S1_depeg_stablecoin,indonesia,USDC
756,0.9979572097406936,2929002294012.7153,351,S1_depeg_stablecoin,indonesia,USDC
757,0.9980190364849217,2929002294012.7153,351,S1_depeg_stablecoin,indonesia,USDC
758,0.9876546245587202,2929002294012.7153,351,S1_depeg_stablecoin,indonesia,USDC
759,0.9896242442072635,2929002294012.7153,351,S1_depeg_stablecoin,indonesia,USDC
760,1.0357066643201982,2929002294012.7153,351,S1_depeg_stablecoin,indonesia,USDC
761,1.0379019285254305,2929002294012.7153,351,S1_depeg_stablecoin,indonesia,USDC
762,1.0257726009189305,2929002294012.7153,351,S1_depeg_stablecoin,indonesia,USDC
763,1.0446489431825243,2929002294012.7153,351,S1_depeg_stablecoin,indonesia,USDC
764,1.0085832344831214,2929002294012.7153,351,S1_depeg_stablecoin,indonesia,USDC
765,1.009396548026514,2929002294012.7153,351,S1_depeg_stablecoin,indonesia,USDC
766,0.9726930675855955,2929002294012.7153,351,S1_depeg_stablecoin,indonesia,USDC
767,0.976233400378941,2929002294012.7153,351,S1_depeg_stablecoin,indonesia,USDC
768,0.9575376113119121,2929002294012.7153,351,S1_depeg_stablecoin,indonesia,USDC
769,0.972844426021588,2929002293617.712,351,S1_depeg_stablecoin,indonesia,USDC
770,0.9633696587913344,2929002293617.712,351,S1_depeg_stablecoin,indonesia,USDC
771,0.9374456012772473,2929002293436.331,351,S1_depeg_stablecoin,indonesia,USDC
772,0.9552063399409452,2929002292251.546,351,S1_depeg_stablecoin,indonesia,USDC
773,0.954720007383086,2929002291739.837,351,S1_depeg_stablecoin,indonesia,USDC
774,0.9564331762280872,2929002291273.0703,351,S1_depeg_stablecoin,indonesia,USDC
775,0.9450973275837401,2929002290793.079,351,S1_depeg_stablecoin,indonesia,USDC
776,0.9655701648745197,2929002290020.1147,351,S1_depeg_stablecoin,indonesia,USDC
777,0.969382471650077,2929002289927.793,351,S1_depeg_stablecoin,indonesia,USDC
778,0.9578008309270883,2929002289927.793,351,S1_depeg_stablecoin,indonesia,USDC
779,0.9241408893792884,2929002289536.563,351,S1_depeg_stablecoin,indonesia,USDC
780,0.9115436183933802,2929002288123.579,351,S1_depeg_stablecoin,indonesia,USDC
781,0.8911496879130876,2929002286339.6104,351,S1_depeg_stablecoin,indonesia,USDC
782,0.8909563703521303,2929002284061.7275,351,S1_depeg_stablecoin,indonesia,USDC
783,0.9000339836091034,2929002281852.821,351,S1_depeg_stablecoin,indonesia,USDC
784,0.9045103306564866,2929002280143.3027,351,S1_depeg_stablecoin,indonesia,USDC
785,0.9109004127219554,2929002278577.72,351,S1_depeg_stablecoin,indonesia,USDC
786,0.9245950254311779,2929002277260.284,351,S1_depeg_stablecoin,indonesia,USDC
787,0.9291846197022468,2929002276363.0303,351,S1_depeg_stablecoin,indonesia,USDC
788,0.9274691544108993,2929002275617.2173,351,S1_depeg_stablecoin,indonesia,USDC
789,0.918715272857195,2929002274822.5903,351,S1_depeg_stablecoin,indonesia,USDC
790,0.9075956529082185,2929002273927.6143,351,S1_depeg_stablecoin,indonesia,USDC
791,0.9403774233475948,2929002272861.9165,351,S1_depeg_stablecoin,indonesia,USDC
792,0.9451616655101933,2929002272376.13,351,S1_depeg_stablecoin,indonesia,USDC
793,0.9576464982254944,2929002271981.2397,351,S1_depeg_stablecoin,indonesia,USDC
794,0.9244867287378424,2929002271789.868,351,S1_depeg_stablecoin,indonesia,USDC
795,0.9167777760252781,2929002271131.909,351,S1_depeg_stablecoin,indonesia,USDC
796,0.9155781510429918,2929002270414.8467,351,S1_depeg_stablecoin,indonesia,USDC
797,0.9265846635084387,2929002269698.3857,351,S1_depeg_stablecoin,indonesia,USDC
798,0.9437787053706661,2929002269176.228,351,S1_depeg_stablecoin,indonesia,USDC
799,0.9724063694095105,2929002268869.3022,351,S1_depeg_stablecoin,indonesia,USDC
800,0.9896496372544356,2929002268869.3022,351,S1_depeg_stablecoin,indonesia,USDC
801,0.9865391626395236,2929002268869.3022,351,S1_depeg_stablecoin,indonesia,USDC
802,1.004373127564296,2929002268869.3022,351,S1_depeg_stablecoin,indonesia,USDC
803,1.0142619810881999,2929002268869.3022,351,S1_depeg_stablecoin,indonesia,USDC
804,1.0117737169381942,2929002268869.3022,351,S1_depeg_stablecoin,indonesia,USDC
805,1.0275679398303414,2929002268869.3022,351,S1_depeg_stablecoin,indonesia,USDC
806,1.0338992843080876,2929002268869.3022,351,S1_depeg_stablecoin,indonesia,USDC
807,1.0144936507787183,2929002268869.3022,351,S1_depeg_stablecoin,indonesia,USDC
808,1.0146190286060057,2929002268869.3022,351,S1_depeg_stablecoin,indonesia,USDC
809,1.0000064006859533,2929002268869.3022,351,S1_depeg_stablecoin,indonesia,USDC
810,0.9762235071083858,2929002268869.3022,351,S1_depeg_stablecoin,indonesia,USDC
811,0.9644866137268169,2929002268869.3022,351,S1_depeg_stablecoin,indonesia,USDC
812,0.8981661844413681,2929002268801.5806,351,S1_depeg_stablecoin,indonesia,USDC
813,0.8843492656376307,2929002267945.224,351,S1_depeg_stablecoin,indonesia,USDC
814,0.7734366049744759,2929002267040.2812,351,S1_depeg_stablecoin,indonesia,USDC
815,0.7977015578436796,2929002265114.293,351,S1_depeg_stablecoin,indonesia,USDC
816,0.8513089202870103,2929002263664.924,351,S1_depeg_stablecoin,indonesia,USDC
817,0.8471881873545849,2929002262843.8457,351,S1_depeg_stablecoin,indonesia,USDC
818,0.8671197737587558,2929002262144.6064,351,S1_depeg_stablecoin,indonesia,USDC
819,0.868308752956327,2929002261605.756,351,S1_depeg_stablecoin,indonesia,USDC
820,0.8726182937829876,2929002261128.5137,351,S1_depeg_stablecoin,indonesia,USDC
821,0.9003952393973859,2929002260727.8564,351,S1_depeg_stablecoin,indonesia,USDC
822,0.9162369994327967,2929002260469.9346,351,S1_depeg_stablecoin,indonesia,USDC
823,0.9218814407059012,2929002260290.2764,351,S1_depeg_stablecoin,indonesia,USDC
824,0.9158644497564338,2929002260138.24,351,S1_depeg_stablecoin,indonesia,USDC
825,0.9056834724044641,2929002259965.1895,351,S1_depeg_stablecoin,indonesia,USDC
826,0.8905826931313052,2929002259775.407,351,S1_depeg_stablecoin,indonesia,USDC
827,0.9175697281411412,2929002259544.4644,351,S1_depeg_stablecoin,indonesia,USDC
828,0.9295867324103857,2929002259415.486,351,S1_depeg_stablecoin,indonesia,USDC
829,0.9173325605286433,2929002259315.883,351,S1_depeg_stablecoin,indonesia,USDC
830,0.9311965298398842,2929002259191.059,351,S1_depeg_stablecoin,indonesia,USDC
831,0.8900736160174149,2929002259104.1934,351,S1_depeg_stablecoin,indonesia,USDC
832,0.9299466607889141,2929002258935.157,351,S1_depeg_stablecoin,indonesia,USDC
833,0.9378681378627461,2929002258855.7314,351,S1_depeg_stablecoin,indonesia,USDC
834,0.9427169317743914,2929002258798.8467,351,S1_depeg_stablecoin,indonesia,USDC
835,0.9710395181188779,2929002258750.595,351,S1_depeg_stablecoin,indonesia,USDC
836,0.9746119533115568,2929002258750.595,351,S1_depeg_stablecoin,indonesia,USDC
837,0.9787445948663129,2929002258750.595,351,S1_depeg_stablecoin,indonesia,USDC
838,0.9910456053156408,2929002258750.595,351,S1_depeg_stablecoin,indonesia,USDC
839,1.0048267996592215,2929002258750.595,351,S1_depeg_stablecoin,indonesia,USDC
840,1.0185998554678746,2929002258750.595,351,S1_depeg_stablecoin,indonesia,USDC
841,1.0136785450756065,2929002258750.595,351,S1_depeg_stablecoin,indonesia,USDC
842,1.0067903479948768,2929002258750.595,351,S1_depeg_stablecoin,indonesia,USDC
843,0.9954655202326629,2929002258750.595,351,S1_depeg_stablecoin,indonesia,USDC
844,0.9805764375294678,2929002258750.595,351,S1_depeg_stablecoin,indonesia,USDC
845,0.9678653479513366,2929002258750.595,351,S1_depeg_stablecoin,indonesia,USDC
846,0.9788411047657934,2929002258747.64,351,S1_depeg_stablecoin,indonesia,USDC
847,0.9655602364827864,2929002258747.64,351,S1_depeg_stablecoin,indonesia,USDC
848,0.9932266241807455,2929002258741.549,351,S1_depeg_stablecoin,indonesia,USDC
849,0.9950034645745092,2929002258741.549,351,S1_depeg_stablecoin,indonesia,USDC
850,0.9856827748503358,2929002258741.549,351,S1_depeg_stablecoin,indonesia,USDC
851,0.9586140070100351,2929002258741.549,351,S1_depeg_stablecoin,indonesia,USDC
852,0.9487430726267861,2929002258724.3857,351,S1_depeg_stablecoin,indonesia,USDC
853,0.9405235993137446,2929002258690.28,351,S1_depeg_stablecoin,indonesia,USDC
854,0.9547311746734284,2929002258641.0757,351,S1_depeg_stablecoin,indonesia,USDC
855,0.9480929961937109,2929002258615.831,351,S1_depeg_stablecoin,indonesia,USDC
856,0.9477509049131025,2929002258579.8027,351,S1_depeg_stablecoin,indonesia,USDC
857,0.9545263817276295,2929002258543.974,351,S1_depeg_stablecoin,indonesia,USDC
858,0.947538196374451,2929002258522.3467,351,S1_depeg_stablecoin,indonesia,USDC
859,0.9428715272800041,2929002258486.0454,351,S1_depeg_stablecoin,indonesia,USDC
860,0.9489101193315537,2929002258446.2153,351,S1_depeg_stablecoin,indonesia,USDC
861,0.9628291917415569,2929002258416.4023,351,S1_depeg_stablecoin,indonesia,USDC
862,0.9743021463623526,2929002258406.5264,351,S1_depeg_stablecoin,indonesia,USDC
863,0.9439463910841844,2929002258406.5264,351,S1_depeg_stablecoin,indonesia,USDC
864,0.9305536069281862,2929002258367.5303,351,S1_depeg_stablecoin,indonesia,USDC
865,0.9617921484909011,2929002258310.075,351,S1_depeg_stablecoin,indonesia,USDC
866,0.9662319551346464,2929002258299.493,351,S1_depeg_stablecoin,indonesia,USDC
867,0.9683138294280951,2929002258295.831,351,S1_depeg_stablecoin,indonesia,USDC
868,0.9900114813003457,2929002258295.6904,351,S1_depeg_stablecoin,indonesia,USDC
869,0.9981543587469004,2929002258295.6904,351,S1_depeg_stablecoin,indonesia,USDC
870,0.9862661813182472,2929002258295.6904,351,S1_depeg_stablecoin,indonesia,USDC
871,0.9952046837502169,2929002258295.6904,351,S1_depeg_stablecoin,indonesia,USDC
872,1.0200052006816958,2929002258295.6904,351,S1_depeg_stablecoin,indonesia,USDC
873,0.9885638754998527,2929002258295.6904,351,S1_depeg_stablecoin,indonesia,USDC
874,0.9900108334581628,2929002258295.6904,351,S1_depeg_stablecoin,indonesia,USDC
875,1.0200676683197367,2929002258295.6904,351,S1_depeg_stablecoin,indonesia,USDC
876,1.0363959065982356,2929002258295.6904,351,S1_depeg_stablecoin,indonesia,USDC
877,0.994165003538283,2929002258295.6904,351,S1_depeg_stablecoin,indonesia,USDC
878,1.010625955595576,2929002258295.6904,351,S1_depeg_stablecoin,indonesia,USDC
879,0.991092442579956,2929002258295.6904,351,S1_depeg_stablecoin,indonesia,USDC
880,0.976288604062196,2929002258295.6904,351,S1_depeg_stablecoin,indonesia,USDC
881,0.9825419611529462,2929002258295.6904,351,S1_depeg_stablecoin,indonesia,USDC
882,0.9883183695782242,2929002258295.6904,351,S1_depeg_stablecoin,indonesia,USDC
883,0.9799968232774363,2929002258295.6904,351,S1_depeg_stablecoin,indonesia,USDC
884,0.9713813818080373,2929002258295.6904,351,S1_depeg_stablecoin,indonesia,USDC
885,0.9922143957141596,2929002258295.6904,351,S1_depeg_stablecoin,indonesia,USDC
886,1.0165870124515881,2929002258295.6904,351,S1_depeg_stablecoin,indonesia,USDC
887,1.0143070748301355,2929002258295.6904,351,S1_depeg_stablecoin,indonesia,USDC
888,1.01460600480797,2929002258295.6904,351,S1_depeg_stablecoin,indonesia,USDC
889,1.0077581263924553,2929002258295.6904,351,S1_depeg_stablecoin,indonesia,USDC
890,1.022158518075048,2929002258295.6904,351,S1_depeg_stablecoin,indonesia,USDC
891,1.0206497699823933,2929002258295.6904,351,S1_depeg_stablecoin,indonesia,USDC
892,0.9887497560604885,2929002258295.6904,351,S1_depeg_stablecoin,indonesia,USDC
893,0.9903055886196205,2929002258295.6904,351,S1_depeg_stablecoin,indonesia,USDC
894,1.0244924231962296,2929002258295.6904,351,S1_depeg_stablecoin,indonesia,USDC
895,1.0308996792859242,2929002258295.6904,351,S1_depeg_stablecoin,indonesia,USDC
896,1.032909505662609,2929002258295.6904,351,S1_depeg_stablecoin,indonesia,USDC
897,1.0111049981482811,2929002258295.6904,351,S1_depeg_stablecoin,indonesia,USDC
898,0.9970056189102819,2929002258295.6904,351,S1_depeg_stablecoin,indonesia,USDC
899,0.9857466267555683,2929002258295.6904,351,S1_depeg_stablecoin,indonesia,USDC
900,0.9656269585492404,2929002258295.6904,351,S1_depeg_stablecoin,indonesia,USDC
901,0.9467853904968109,2929002258292.0205,351,S1_depeg_stablecoin,indonesia,USDC
902,0.9651912041304113,2929002258262.461,351,S1_depeg_stablecoin,indonesia,USDC
903,0.9697097256339724,2929002258256.763,351,S1_depeg_stablecoin,indonesia,USDC
904,0.9591849460030986,2929002258256.503,351,S1_depeg_stablecoin,indonesia,USDC
905,0.9696628988104646,2929002258241.9883,351,S1_depeg_stablecoin,indonesia,USDC
906,0.9505643567405855,2929002258241.8384,351,S1_depeg_stablecoin,indonesia,USDC
907,0.946473551345597,2929002258216.0483,351,S1_depeg_stablecoin,indonesia,USDC
908,0.9579665202039882,2929002258185.455,351,S1_depeg_stablecoin,indonesia,USDC
909,0.9886263052087808,2929002258170.1865,351,S1_depeg_stablecoin,indonesia,USDC
910,1.0158601358721089,2929002258170.1865,351,S1_depeg_stablecoin,indonesia,USDC
911,1.021759086554466,2929002258170.1865,351,S1_depeg_stablecoin,indonesia,USDC
912,1.0255515902883787,2929002258170.1865,351,S1_depeg_stablecoin,indonesia,USDC
913,1.0228271521864627,2929002258170.1865,351,S1_depeg_stablecoin,indonesia,USDC
914,0.9927002383373668,2929002258170.1865,351,S1_depeg_stablecoin,indonesia,USDC
915,0.9678773663550082,2929002258170.1865,351,S1_depeg_stablecoin,indonesia,USDC
916,0.9512269306301918,2929002258168.2007,351,S1_depeg_stablecoin,indonesia,USDC
917,0.9861489581362217,2929002258145.728,351,S1_depeg_stablecoin,indonesia,USDC
918,0.9873317294405328,2929002258145.728,351,S1_depeg_stablecoin,indonesia,USDC
919,1.0188422906710617,2929002258145.728,351,S1_depeg_stablecoin,indonesia,USDC
920,1.0237015631141755,2929002258145.728,351,S1_depeg_stablecoin,indonesia,USDC
921,1.0157107102502185,2929002258145.728,351,S1_depeg_stablecoin,indonesia,USDC
922,0.9877259370885221,2929002258145.728,351,S1_depeg_stablecoin,indonesia,USDC
923,0.9993950402182338,2929002258145.728,351,S1_depeg_stablecoin,indonesia,USDC
924,0.9775130953230226,2929002258145.728,351,S1_depeg_stablecoin,indonesia,USDC
925,0.9688114708692854,2929002258145.728,351,S1_depeg_stablecoin,indonesia,USDC
926,0.9480800832155136,2929002258145.243,351,S1_depeg_stablecoin,indonesia,USDC
927,0.9602760361213907,2929002258118.339,351,S1_depeg_stablecoin,indonesia,USDC
928,0.9433145740844628,2929002258106.674,351,S1_depeg_stablecoin,indonesia,USDC
929,0.9656385248464732,2929002258077.2305,351,S1_depeg_stablecoin,indonesia,USDC
930,0.9409642482159077,2929002258073.509,351,S1_depeg_stablecoin,indonesia,USDC
931,0.9428533207074242,2929002258042.2944,351,S1_depeg_stablecoin,indonesia,USDC
932,0.9402226213636965,2929002258012.9336,351,S1_depeg_stablecoin,indonesia,USDC
933,0.9496580455899508,2929002257982.6226,351,S1_depeg_stablecoin,indonesia,USDC
934,0.9708455191537985,2929002257961.9653,351,S1_depeg_stablecoin,indonesia,USDC
935,0.9669140998230453,2929002257961.9653,351,S1_depeg_stablecoin,indonesia,USDC
936,0.9906874161962878,2929002257960.4785,351,S1_depeg_stablecoin,indonesia,USDC
937,0.9782437997051467,2929002257960.4785,351,S1_depeg_stablecoin,indonesia,USDC
938,0.959304816549657,2929002257960.4785,351,S1_depeg_stablecoin,indonesia,USDC
939,0.9676753671086551,2929002257951.4985,351,S1_depeg_stablecoin,indonesia,USDC
940,0.9965911372160113,2929002257950.7705,351,S1_depeg_stablecoin,indonesia,USDC
941,1.0007801690095979,2929002257950.7705,351,S1_depeg_stablecoin,indonesia,USDC
942,1.003541199535685,2929002257950.7705,351,S1_depeg_stablecoin,indonesia,USDC
943,1.0001247701489602,2929002257950.7705,351,S1_depeg_stablecoin,indonesia,USDC
944,1.021519028895094,2929002257950.7705,351,S1_depeg_stablecoin,indonesia,USDC
945,1.0662750997435708,2929002257950.7705,351,S1_depeg_stablecoin,indonesia,USDC
946,1.0873652904996745,2929002257950.7705,351,S1_depeg_stablecoin,indonesia,USDC
947,1.0806569911189223,2929002257950.7705,351,S1_depeg_stablecoin,indonesia,USDC
948,1.106143451262875,2929002257950.7705,351,S1_depeg_stablecoin,indonesia,USDC
949,1.1086676043194499,2929002257950.7705,351,S1_depeg_stablecoin,indonesia,USDC
950,1.0752317004065939,2929002257950.7705,351,S1_depeg_stablecoin,indonesia,USDC
951,1.053157981312452,2929002257950.7705,351,S1_depeg_stablecoin,indonesia,USDC
952,1.044823886837237,2929002257950.7705,351,S1_depeg_stablecoin,indonesia,USDC
953,1.058810497710995,2929002257950.7705,351,S1_depeg_stablecoin,indonesia,USDC
954,1.0383054394305344,2929002257950.7705,351,S1_depeg_stablecoin,indonesia,USDC
955,1.076441273195275,2929002257950.7705,351,S1_depeg_stablecoin,indonesia,USDC
956,1.0636517349406724,2929002257950.7705,351,S1_depeg_stablecoin,indonesia,USDC
957,1.073657688679261,2929002257950.7705,351,S1_depeg_stablecoin,indonesia,USDC
958,1.0851544698901012,2929002257950.7705,351,S1_depeg_stablecoin,indonesia,USDC
959,1.0915405024756577,2929002257950.7705,351,S1_depeg_stablecoin,indonesia,USDC
960,1.095858326531711,2929002257950.7705,351,S1_depeg_stablecoin,indonesia,USDC
961,1.0686516832541557,2929002257950.7705,351,S1_depeg_stablecoin,indonesia,USDC
962,1.047612783534406,2929002257950.7705,351,S1_depeg_stablecoin,indonesia,USDC
963,1.0401064010515315,2929002257950.7705,351,S1_depeg_stablecoin,indonesia,USDC
964,1.0933256380567948,2929002257950.7705,351,S1_depeg_stablecoin,indonesia,USDC
965,1.0614046259486962,2929002257950.7705,351,S1_depeg_stablecoin,indonesia,USDC
966,1.068495699839288,2929002257950.7705,351,S1_depeg_stablecoin,indonesia,USDC
967,1.1161740937398823,2929002257950.7705,351,S1_depeg_stablecoin,indonesia,USDC
968,1.1213776695216453,2929002257950.7705,351,S1_depeg_stablecoin,indonesia,USDC
969,1.1114514632985257,2929002257950.7705,351,S1_depeg_stablecoin,indonesia,USDC
970,1.1006421720378765,2929002257950.7705,351,S1_depeg_stablecoin,indonesia,USDC
971,1.06308494136539,2929002257950.7705,351,S1_depeg_stablecoin,indonesia,USDC
972,1.069002317189713,2929002257950.7705,351,S1_depeg_stablecoin,indonesia,USDC
973,1.0257077780562458,2929002257950.7705,351,S1_depeg_stablecoin,indonesia,USDC
974,1.023227513614483,2929002257950.7705,351,S1_depeg_stablecoin,indonesia,USDC
975,1.0138468477093483,2929002257950.7705,351,S1_depeg_stablecoin,indonesia,USDC
976,1.0076468617305772,2929002257950.7705,351,S1_depeg_stablecoin,indonesia,USDC
977,1.0153084826217245,2929002257950.7705,351,S1_depeg_stablecoin,indonesia,USDC
978,1.0074333276149805,2929002257950.7705,351,S1_depeg_stablecoin,indonesia,USDC
979,1.0364798956324708,2929002257950.7705,351,S1_depeg_stablecoin,indonesia,USDC
980,1.0511851677343014,2929002257950.7705,351,S1_depeg_stablecoin,indonesia,USDC
981,1.0818704863959625,2929002257950.7705,351,S1_depeg_stablecoin,indonesia,USDC
982,1.0682715231541335,2929002257950.7705,351,S1_depeg_stablecoin,indonesia,USDC
983,1.0727705866609105,2929002257950.7705,351,S1_depeg_stablecoin,indonesia,USDC
984,1.0865659002939432,2929002257950.7705,351,S1_depeg_stablecoin,indonesia,USDC
985,1.1102473260595584,2929002257950.7705,351,S1_depeg_stablecoin,indonesia,USDC
986,1.1250292168203766,2929002257950.7705,351,S1_depeg_stablecoin,indonesia,USDC
987,1.0993754996054093,2929002257950.7705,351,S1_depeg_stablecoin,indonesia,USDC
988,1.0827890719806255,2929002257950.7705,351,S1_depeg_stablecoin,indonesia,USDC
989,1.0508095876669576,2929002257950.7705,351,S1_depeg_stablecoin,indonesia,USDC
990,1.0683945089637619,2929002257950.7705,351,S1_depeg_stablecoin,indonesia,USDC
991,1.0457740268295594,2929002257950.7705,351,S1_depeg_stablecoin,indonesia,USDC
992,1.0761163227523434,2929002257950.7705,351,S1_depeg_stablecoin,indonesia,USDC
993,1.0702416403905943,2929002257950.7705,351,S1_depeg_stablecoin,indonesia,USDC
994,1.0642927697620213,2929002257950.7705,351,S1_depeg_stablecoin,indonesia,USDC
995,1.0449410717181118,2929002257950.7705,351,S1_depeg_stablecoin,indonesia,USDC
996,1.0213937829473525,2929002257950.7705,351,S1_depeg_stablecoin,indonesia,USDC
997,1.029715524298686,2929002257950.7705,351,S1_depeg_stablecoin,indonesia,USDC
998,1.0210530534394886,2929002257950.7705,351,S1_depeg_stablecoin,indonesia,USDC
999,1.0025788486389484,2929002257950.7705,351,S1_depeg_stablecoin,indonesia,USDC
1000,0.9980397311607998,2929002257950.7705,351,S1_depeg_stablecoin,indonesia,USDC
