Step,price,liquidity,iteration,scenario,region,coin
1,0.9899961811554631,2989606076493.293,170,S1_depeg_stablecoin,indonesia,USDC
2,0.9975441794057616,2989606076493.293,170,S1_depeg_stablecoin,indonesia,USDC
3,1.0177887454707204,2989606076493.293,170,S1_depeg_stablecoin,indonesia,USDC
4,1.0031440456754919,2989606076493.293,170,S1_depeg_stablecoin,indonesia,USDC
5,1.023016201123916,2989606076493.293,170,S1_depeg_stablecoin,indonesia,USDC
6,1.001660552824739,2989606076493.293,170,S1_depeg_stablecoin,indonesia,USDC
7,1.012481917724042,2989606076493.293,170,S1_depeg_stablecoin,indonesia,USDC
8,1.0275464044354936,2989606076493.293,170,S1_depeg_stablecoin,indonesia,USDC
9,1.0080228572230627,2989606076493.293,170,S1_depeg_stablecoin,indonesia,USDC
10,0.9940839373084144,2989606076493.293,170,S1_depeg_stablecoin,indonesia,USDC
11,0.9789662732741253,2989606076493.293,170,S1_depeg_stablecoin,indonesia,USDC
12,0.9693614871503362,2989606076493.293,170,S1_depeg_stablecoin,indonesia,USDC
13,0.950530823258241,2989566580853.108,170,S1_depeg_stablecoin,indonesia,USDC
14,0.9429567911641105,2988388967776.5454,170,S1_depeg_stablecoin,indonesia,USDC
15,0.9163167290800804,2986780093188.616,170,S1_depeg_stablecoin,indonesia,USDC
16,0.9014301943654754,2983659870941.552,170,S1_depeg_stablecoin,indonesia,USDC
17,0.896630946298038,2979864267727.8,170,S1_depeg_stablecoin,indonesia,USDC
18,0.9116015848571686,2976088927147.0747,170,S1_depeg_stablecoin,indonesia,USDC
19,0.9058547218252644,2973355593333.761,170,S1_depeg_stablecoin,indonesia,USDC
20,0.8921610080397695,2970485188746.008,170,S1_depeg_stablecoin,indonesia,USDC
21,0.9000157232436865,2967230271190.1675,170,S1_depeg_stablecoin,indonesia,USDC
22,0.917878963857565,2964538608868.7817,170,S1_depeg_stablecoin,indonesia,USDC
23,0.9203252979757042,2962679918997.6064,170,S1_depeg_stablecoin,indonesia,USDC
24,0.904444034273949,2961003686551.2017,170,S1_depeg_stablecoin,indonesia,USDC
25,0.9391061429029031,2958923260522.5806,170,S1_depeg_stablecoin,indonesia,USDC
26,0.9224863744121827,2958015407605.1406,170,S1_depeg_stablecoin,indonesia,USDC
27,0.9354617571202397,2956673201341.889,170,S1_depeg_stablecoin,indonesia,USDC
28,0.9473596757087845,2955736550009.2607,170,S1_depeg_stablecoin,indonesia,USDC
29,0.9613231892471686,2955159718710.258,170,S1_depeg_stablecoin,indonesia,USDC
30,0.9603582954163685,2954931137145.7607,170,S1_depeg_stablecoin,indonesia,USDC
31,0.9769865215450415,2954687831365.221,170,S1_depeg_stablecoin,indonesia,USDC
32,0.9873866906969326,2954687831365.221,170,S1_depeg_stablecoin,indonesia,USDC
33,1.007015946515918,2954687831365.221,170,S1_depeg_stablecoin,indonesia,USDC
34,1.0079776184392089,2954687831365.221,170,S1_depeg_stablecoin,indonesia,USDC
35,1.014788508687826,2954687831365.221,170,S1_depeg_stablecoin,indonesia,USDC
36,1.0070507830822444,2954687831365.221,170,S1_depeg_stablecoin,indonesia,USDC
37,0.9990393407476004,2954687831365.221,170,S1_depeg_stablecoin,indonesia,USDC
38,0.9833599721607372,2954687831365.221,170,S1_depeg_stablecoin,indonesia,USDC
39,0.9976671711680412,2954687831365.221,170,S1_depeg_stablecoin,indonesia,USDC
40,1.0073585504669884,2954687831365.221,170,S1_depeg_stablecoin,indonesia,USDC
41,0.9889921662433289,2954687831365.221,170,S1_depeg_stablecoin,indonesia,USDC
42,0.9789061958591145,2954687831365.221,170,S1_depeg_stablecoin,indonesia,USDC
43,0.9952281484277324,2954687831365.221,170,S1_depeg_stablecoin,indonesia,USDC
44,0.9869591993959435,2954687831365.221,170,S1_depeg_stablecoin,indonesia,USDC
45,1.0115673887607115,2954687831365.221,170,S1_depeg_stablecoin,indonesia,USDC
46,1.0033754897468652,2954687831365.221,170,S1_depeg_stablecoin,indonesia,USDC
47,1.0238805990944624,2954687831365.221,170,S1_depeg_stablecoin,indonesia,USDC
48,1.0272864372602397,2954687831365.221,170,S1_depeg_stablecoin,indonesia,USDC
49,1.0349606458554803,2954687831365.221,170,S1_depeg_stablecoin,indonesia,USDC
50,0.9918296560575766,2954687831365.221,170,S1_depeg_stablecoin,indonesia,USDC
51,0.9894761238533061,2954687831365.221,170,S1_depeg_stablecoin,indonesia,USDC
52,0.971042238313332,2954687831365.221,170,S1_depeg_stablecoin,indonesia,USDC
53,0.966221205750169,2954687831365.221,170,S1_depeg_stablecoin,indonesia,USDC
54,0.9733855028732076,2954604866620.128,170,S1_depeg_stablecoin,indonesia,USDC
55,0.9934885514873415,2954604866620.128,170,S1_depeg_stablecoin,indonesia,USDC
56,1.008006912271365,2954604866620.128,170,S1_depeg_stablecoin,indonesia,USDC
57,1.0052804649411393,2954604866620.128,170,S1_depeg_stablecoin,indonesia,USDC
58,1.0347016529466186,2954604866620.128,170,S1_depeg_stablecoin,indonesia,USDC
59,1.0346222467063346,2954604866620.128,170,S1_depeg_stablecoin,indonesia,USDC
60,1.0222466100036727,2954604866620.128,170,S1_depeg_stablecoin,indonesia,USDC
61,1.021902623276145,2954604866620.128,170,S1_depeg_stablecoin,indonesia,USDC
62,1.0216135506816804,2954604866620.128,170,S1_depeg_stablecoin,indonesia,USDC
63,1.0252095750227763,2954604866620.128,170,S1_depeg_stablecoin,indonesia,USDC
64,1.0531219268103622,2954604866620.128,170,S1_depeg_stablecoin,indonesia,USDC
65,1.0252165797442094,2954604866620.128,170,S1_depeg_stablecoin,indonesia,USDC
66,1.0216482747061744,2954604866620.128,170,S1_depeg_stablecoin,indonesia,USDC
67,0.9971482658795768,2954604866620.128,170,S1_depeg_stablecoin,indonesia,USDC
68,0.9613261380359619,2954604866620.128,170,S1_depeg_stablecoin,indonesia,USDC
69,0.9578109456118022,2954381324295.5625,170,S1_depeg_stablecoin,indonesia,USDC
70,0.9691137619994336,2954080006764.584,170,S1_depeg_stablecoin,indonesia,USDC
71,0.9785880312780337,2954072447695.924,170,S1_depeg_stablecoin,indonesia,USDC
72,0.9671303105625272,2954072447695.924,170,S1_depeg_stablecoin,indonesia,USDC
73,0.9686905713190952,2954016060477.688,170,S1_depeg_stablecoin,indonesia,USDC
74,0.9674024703618542,2954006258141.013,170,S1_depeg_stablecoin,indonesia,USDC
75,0.9480029864921943,2953949082255.814,170,S1_depeg_stablecoin,indonesia,USDC
76,0.928592006963794,2953436622364.5825,170,S1_depeg_stablecoin,indonesia,USDC
77,0.9115817691803841,2952437464519.126,170,S1_depeg_stablecoin,indonesia,USDC
78,0.9460076436467812,2951062444626.7285,170,S1_depeg_stablecoin,indonesia,USDC
79,0.9343928071185983,2950545108645.7886,170,S1_depeg_stablecoin,indonesia,USDC
80,0.9550105534825388,2949809096520.6885,170,S1_depeg_stablecoin,indonesia,USDC
81,0.9804521618553148,2949508051648.1113,170,S1_depeg_stablecoin,indonesia,USDC
82,0.989660022310729,2949508051648.1113,170,S1_depeg_stablecoin,indonesia,USDC
83,0.9909613527773525,2949508051648.1113,170,S1_depeg_stablecoin,indonesia,USDC
84,1.0052174743891766,2949508051648.1113,170,S1_depeg_stablecoin,indonesia,USDC
85,0.9723268135171189,2949508051648.1113,170,S1_depeg_stablecoin,indonesia,USDC
86,0.9613281949730288,2949508051648.1113,170,S1_depeg_stablecoin,indonesia,USDC
87,0.9443456803760987,2949359086097.658,170,S1_depeg_stablecoin,indonesia,USDC
88,0.9341909990595237,2948878826304.1514,170,S1_depeg_stablecoin,indonesia,USDC
89,0.9077283382619603,2948200667558.8887,170,S1_depeg_stablecoin,indonesia,USDC
90,0.9200254637786519,2947006939636.215,170,S1_depeg_stablecoin,indonesia,USDC
91,0.9597426003637991,2946130251580.243,170,S1_depeg_stablecoin,indonesia,USDC
92,0.917355758847824,2945984983050.2666,170,S1_depeg_stablecoin,indonesia,USDC
93,0.9267063266300304,2945116548736.831,170,S1_depeg_stablecoin,indonesia,USDC
94,0.9165774797984312,2944477771832.507,170,S1_depeg_stablecoin,indonesia,USDC
95,0.9117124279766672,2943678813294.0894,170,S1_depeg_stablecoin,indonesia,USDC
96,0.9320806994129791,2942854118581.517,170,S1_depeg_stablecoin,indonesia,USDC
97,0.9211508701939207,2942336225292.72,170,S1_depeg_stablecoin,indonesia,USDC
98,0.9380037090280292,2941746876186.1255,170,S1_depeg_stablecoin,indonesia,USDC
99,0.972515954516857,2941359391219.318,170,S1_depeg_stablecoin,indonesia,USDC
100,0.9506607119392109,2941359391219.318,170,S1_depeg_stablecoin,indonesia,USDC
101,0.8317530420720993,2941154952322.2983,170,S1_depeg_stablecoin,indonesia,USDC
102,0.8471100338251655,2939542240198.8164,170,S1_depeg_stablecoin,indonesia,USDC
103,0.8769667962976619,2938361726966.82,170,S1_depeg_stablecoin,indonesia,USDC
104,0.8534853873504138,2937558926206.4565,170,S1_depeg_stablecoin,indonesia,USDC
105,0.8415773479347487,2936643714329.4917,170,S1_depeg_stablecoin,indonesia,USDC
106,0.8346392617706481,2935730990663.995,170,S1_depeg_stablecoin,indonesia,USDC
107,0.8427491307635324,2934893604573.675,170,S1_depeg_stablecoin,indonesia,USDC
108,0.8770531930904195,2934199952466.107,170,S1_depeg_stablecoin,indonesia,USDC
109,0.8903075323440168,2933779147241.1465,170,S1_depeg_stablecoin,indonesia,USDC
110,0.74949263627743,2933459895092.4893,170,S1_depeg_stablecoin,indonesia,USDC
111,0.7957205878087712,2932583817381.5884,170,S1_depeg_stablecoin,indonesia,USDC
112,0.6949292114924951,2932080163388.0273,170,S1_depeg_stablecoin,indonesia,USDC
113,0.7259223186462036,2931391504556.326,170,S1_depeg_stablecoin,indonesia,USDC
114,0.7583213973464591,2930967467605.128,170,S1_depeg_stablecoin,indonesia,USDC
115,0.7914013857821912,2930687337282.3037,170,S1_depeg_stablecoin,indonesia,USDC
116,0.8085791886686887,2930488253077.638,170,S1_depeg_stablecoin,indonesia,USDC
117,0.832546030086258,2930344384019.1685,170,S1_depeg_stablecoin,indonesia,USDC
118,0.8570026592462154,2930241928958.215,170,S1_depeg_stablecoin,indonesia,USDC
119,0.8694872315480661,2930172544033.4023,170,S1_depeg_stablecoin,indonesia,USDC
120,0.8727838407623043,2930117656756.7534,170,S1_depeg_stablecoin,indonesia,USDC
121,0.8773827519096772,2930069739432.483,170,S1_depeg_stablecoin,indonesia,USDC
122,0.9100155210862494,2930025468107.257,170,S1_depeg_stablecoin,indonesia,USDC
123,0.9024379943138625,2930000840537.5283,170,S1_depeg_stablecoin,indonesia,USDC
124,0.9183981282816053,2929975329865.359,170,S1_depeg_stablecoin,indonesia,USDC
125,0.904559105909041,2929955686396.1455,170,S1_depeg_stablecoin,indonesia,USDC
126,0.9093479949931198,2929932100020.2427,170,S1_depeg_stablecoin,indonesia,USDC
127,0.9160305745001167,2929911714473.2437,170,S1_depeg_stablecoin,indonesia,USDC
128,0.9160357683099825,2929894709209.1313,170,S1_depeg_stablecoin,indonesia,USDC
129,0.8900074659758522,2929878651639.285,170,S1_depeg_stablecoin,indonesia,USDC
130,0.9095335089493511,2929856703122.1772,170,S1_depeg_stablecoin,indonesia,USDC
131,0.9026146094711764,2929842248640.4985,170,S1_depeg_stablecoin,indonesia,USDC
132,0.9312134947869092,2929826232740.006,170,S1_depeg_stablecoin,indonesia,USDC
133,0.910876206080086,2929817687833.5737,170,S1_depeg_stablecoin,indonesia,USDC
134,0.9245925635838006,2929804789621.951,170,S1_depeg_stablecoin,indonesia,USDC
135,0.9187617933464564,2929795994826.1235,170,S1_depeg_stablecoin,indonesia,USDC
136,0.9079334203774869,2929786226946.6523,170,S1_depeg_stablecoin,indonesia,USDC
137,0.9244104714048729,2929774699810.098,170,S1_depeg_stablecoin,indonesia,USDC
138,0.9134157124597607,2929766774596.1562,170,S1_depeg_stablecoin,indonesia,USDC
139,0.9247474029664069,2929757645500.105,170,S1_depeg_stablecoin,indonesia,USDC
140,0.9385220713343593,2929750574478.2617,170,S1_depeg_stablecoin,indonesia,USDC
141,0.9283582698798648,2929746343214.9395,170,S1_depeg_stablecoin,indonesia,USDC
142,0.9054137478694704,2929740489745.947,170,S1_depeg_stablecoin,indonesia,USDC
143,0.8499645444954707,2929731970958.5576,170,S1_depeg_stablecoin,indonesia,USDC
144,0.8496760889994077,2929717365424.7314,170,S1_depeg_stablecoin,indonesia,USDC
145,0.8509832370433822,2929704128644.2188,170,S1_depeg_stablecoin,indonesia,USDC
146,0.8778633949020079,2929692599655.8135,170,S1_depeg_stablecoin,indonesia,USDC
147,0.8826328501928311,2929684925874.174,170,S1_depeg_stablecoin,indonesia,USDC
148,0.9077419815808231,2929677980404.1104,170,S1_depeg_stablecoin,indonesia,USDC
149,0.9374974146057965,2929673365357.7144,170,S1_depeg_stablecoin,indonesia,USDC
150,0.943619256039761,2929671256035.173,170,S1_depeg_stablecoin,indonesia,USDC
151,0.9374472126077038,2929669610539.9277,170,S1_depeg_stablecoin,indonesia,USDC
152,0.9216169218368038,2929667683221.6523,170,S1_depeg_stablecoin,indonesia,USDC
153,0.9329269750432543,2929664777580.656,170,S1_depeg_stablecoin,indonesia,USDC
154,0.9427353132292204,2929662534047.793,170,S1_depeg_stablecoin,indonesia,USDC
155,0.9814057012534082,2929661113793.8438,170,S1_depeg_stablecoin,indonesia,USDC
156,0.989861154103113,2929661113793.8438,170,S1_depeg_stablecoin,indonesia,USDC
157,1.001350791487339,2929661113793.8438,170,S1_depeg_stablecoin,indonesia,USDC
158,0.9969055422581141,2929661113793.8438,170,S1_depeg_stablecoin,indonesia,USDC
159,0.9980011159972108,2929661113793.8438,170,S1_depeg_stablecoin,indonesia,USDC
160,0.9909677063070481,2929661113793.8438,170,S1_depeg_stablecoin,indonesia,USDC
161,0.9683091511470749,2929661113793.8438,170,S1_depeg_stablecoin,indonesia,USDC
162,0.9821730526824218,2929661078356.7114,170,S1_depeg_stablecoin,indonesia,USDC
163,0.9819167206411207,2929661078356.7114,170,S1_depeg_stablecoin,indonesia,USDC
164,0.9684080779183046,2929661078356.7114,170,S1_depeg_stablecoin,indonesia,USDC
165,0.951852766750471,2929661077657.792,170,S1_depeg_stablecoin,indonesia,USDC
166,0.9370171602466141,2929660185171.95,170,S1_depeg_stablecoin,indonesia,USDC
167,0.9600843704197451,2929658461107.408,170,S1_depeg_stablecoin,indonesia,USDC
168,0.9673853223345263,2929657960869.5957,170,S1_depeg_stablecoin,indonesia,USDC
169,0.9858895188332212,2929657850023.537,170,S1_depeg_stablecoin,indonesia,USDC
170,0.980617476391016,2929657850023.537,170,S1_depeg_stablecoin,indonesia,USDC
171,0.9850062313940946,2929657850023.537,170,S1_depeg_stablecoin,indonesia,USDC
172,0.9833248893193972,2929657850023.537,170,S1_depeg_stablecoin,indonesia,USDC
173,0.9603737590130222,2929657850023.537,170,S1_depeg_stablecoin,indonesia,USDC
174,0.9463380990510678,2929657441977.1875,170,S1_depeg_stablecoin,indonesia,USDC
175,0.9454405244380357,2929656237244.6836,170,S1_depeg_stablecoin,indonesia,USDC
176,0.95318823209501,2929655062156.2837,170,S1_depeg_stablecoin,indonesia,USDC
177,0.9691278380741772,2929654253414.3613,170,S1_depeg_stablecoin,indonesia,USDC
178,0.9863669701616635,2929654210096.757,170,S1_depeg_stablecoin,indonesia,USDC
179,0.9643645152957985,2929654210096.757,170,S1_depeg_stablecoin,indonesia,USDC
180,0.9730456864313921,2929653930451.204,170,S1_depeg_stablecoin,indonesia,USDC
181,0.9596879612535555,2929653930451.204,170,S1_depeg_stablecoin,indonesia,USDC
182,0.8123376241423608,2929653454147.241,170,S1_depeg_stablecoin,indonesia,USDC
183,0.8599513246843261,2929645753452.9277,170,S1_depeg_stablecoin,indonesia,USDC
184,0.8659603899485752,2929641347235.9443,170,S1_depeg_stablecoin,indonesia,USDC
185,0.8846600141319396,2929637728510.4766,170,S1_depeg_stablecoin,indonesia,USDC
186,0.8667892948409142,2929635070993.4067,170,S1_depeg_stablecoin,indonesia,USDC
187,0.8526098499544891,2929632052751.764,170,S1_depeg_stablecoin,indonesia,USDC
188,0.8695860501034998,2929629039830.1904,170,S1_depeg_stablecoin,indonesia,USDC
189,0.8795462233080971,2929626712491.2754,170,S1_depeg_stablecoin,indonesia,USDC
190,0.9043013716156403,2929624873391.535,170,S1_depeg_stablecoin,indonesia,USDC
191,0.9195062111868522,2929623692990.9546,170,S1_depeg_stablecoin,indonesia,USDC
192,0.9109748596260564,2929622800315.0513,170,S1_depeg_stablecoin,indonesia,USDC
193,0.9100585211271063,2929621808842.253,170,S1_depeg_stablecoin,indonesia,USDC
194,0.9065712114978204,2929620836656.415,170,S1_depeg_stablecoin,indonesia,USDC
195,0.9154137236646316,2929619942565.635,170,S1_depeg_stablecoin,indonesia,USDC
196,0.9266530767093062,2929619222716.887,170,S1_depeg_stablecoin,indonesia,USDC
197,0.9447694330793805,2929618651828.704,170,S1_depeg_stablecoin,indonesia,USDC
198,0.8905974079543377,2929618348947.574,170,S1_depeg_stablecoin,indonesia,USDC
199,0.8950473019541072,2929617344344.8105,170,S1_depeg_stablecoin,indonesia,USDC
200,0.915204299909035,2929616473668.6533,170,S1_depeg_stablecoin,indonesia,USDC
201,0.920741177199172,2929615917094.3477,170,S1_depeg_stablecoin,indonesia,USDC
202,0.8883858667342595,2929615417366.0757,170,S1_depeg_stablecoin,indonesia,USDC
203,0.9397036899502318,2929614631441.09,170,S1_depeg_stablecoin,indonesia,USDC
204,0.9391337643379506,2929614390831.0264,170,S1_depeg_stablecoin,indonesia,USDC
205,0.9267247273957814,2929614126261.6367,170,S1_depeg_stablecoin,indonesia,USDC
206,0.9219031654468975,2929613797536.409,170,S1_depeg_stablecoin,indonesia,USDC
207,0.9152961323321621,2929613414693.385,170,S1_depeg_stablecoin,indonesia,USDC
208,0.927215141955082,2929613022573.565,170,S1_depeg_stablecoin,indonesia,USDC
209,0.9390610618523687,2929612716195.1543,170,S1_depeg_stablecoin,indonesia,USDC
210,0.9850347204372959,2929612504416.4683,170,S1_depeg_stablecoin,indonesia,USDC
211,0.9564672052348013,2929612504416.4683,170,S1_depeg_stablecoin,indonesia,USDC
212,0.9869058711007683,2929612424317.881,170,S1_depeg_stablecoin,indonesia,USDC
213,0.955584687679077,2929612424317.881,170,S1_depeg_stablecoin,indonesia,USDC
214,0.9458926986109888,2929612334650.325,170,S1_depeg_stablecoin,indonesia,USDC
215,0.9420042898851171,2929612190722.2764,170,S1_depeg_stablecoin,indonesia,USDC
216,0.9420538169031412,2929612032534.411,170,S1_depeg_stablecoin,indonesia,USDC
217,0.9846099190675462,2929611872998.9253,170,S1_depeg_stablecoin,indonesia,USDC
218,0.943891586607495,2929611872998.9253,170,S1_depeg_stablecoin,indonesia,USDC
219,0.968285718976126,2929611722368.463,170,S1_depeg_stablecoin,indonesia,USDC
220,0.9716554193369294,2929611712390.508,170,S1_depeg_stablecoin,indonesia,USDC
221,0.9806894192217518,2929611712390.508,170,S1_depeg_stablecoin,indonesia,USDC
222,1.000451785978308,2929611712390.508,170,S1_depeg_stablecoin,indonesia,USDC
223,1.0047062103269562,2929611712390.508,170,S1_depeg_stablecoin,indonesia,USDC
224,1.018015050446352,2929611712390.508,170,S1_depeg_stablecoin,indonesia,USDC
225,0.9907123748846228,2929611712390.508,170,S1_depeg_stablecoin,indonesia,USDC
226,0.9918804818591266,2929611712390.508,170,S1_depeg_stablecoin,indonesia,USDC
227,0.9794069647158277,2929611712390.508,170,S1_depeg_stablecoin,indonesia,USDC
228,0.9970515321781038,2929611712390.508,170,S1_depeg_stablecoin,indonesia,USDC
229,1.010983884466965,2929611712390.508,170,S1_depeg_stablecoin,indonesia,USDC
230,1.0187804919503296,2929611712390.508,170,S1_depeg_stablecoin,indonesia,USDC
231,1.0431873103588791,2929611712390.508,170,S1_depeg_stablecoin,indonesia,USDC
232,1.0041235306330611,2929611712390.508,170,S1_depeg_stablecoin,indonesia,USDC
233,0.988661415850719,2929611712390.508,170,S1_depeg_stablecoin,indonesia,USDC
234,0.9665437029797946,2929611712390.508,170,S1_depeg_stablecoin,indonesia,USDC
235,0.966948037563718,2929611702028.114,170,S1_depeg_stablecoin,indonesia,USDC
236,0.9174045378133795,2929611684328.1953,170,S1_depeg_stablecoin,indonesia,USDC
237,0.9495984235110454,2929611396148.9834,170,S1_depeg_stablecoin,indonesia,USDC
238,0.9033367450824401,2929611293626.4517,170,S1_depeg_stablecoin,indonesia,USDC
239,0.9179048864828692,2929610935078.9487,170,S1_depeg_stablecoin,indonesia,USDC
240,0.9692043997542072,2929610694702.3877,170,S1_depeg_stablecoin,indonesia,USDC
241,0.9617327188922282,2929610692178.7695,170,S1_depeg_stablecoin,indonesia,USDC
242,0.9464638230411602,2929610652839.42,170,S1_depeg_stablecoin,indonesia,USDC
243,0.9634259932863919,2929610554427.3696,170,S1_depeg_stablecoin,indonesia,USDC
244,0.9707242403622562,2929610524078.948,170,S1_depeg_stablecoin,indonesia,USDC
245,0.9675630165252191,2929610524078.948,170,S1_depeg_stablecoin,indonesia,USDC
246,0.9593134013381567,2929610515388.414,170,S1_depeg_stablecoin,indonesia,USDC
247,0.9625827759059471,2929610475794.0703,170,S1_depeg_stablecoin,indonesia,USDC
248,0.9159891041904799,2929610444991.0015,170,S1_depeg_stablecoin,indonesia,USDC
249,0.919276960858785,2929610220664.8115,170,S1_depeg_stablecoin,indonesia,USDC
250,0.9286185046868406,2929610021202.473,170,S1_depeg_stablecoin,indonesia,USDC
251,0.925855055882836,2929609852915.9116,170,S1_depeg_stablecoin,indonesia,USDC
252,0.9401793471106075,2929609695483.094,170,S1_depeg_stablecoin,indonesia,USDC
253,0.9269355428028695,2929609591796.888,170,S1_depeg_stablecoin,indonesia,USDC
254,0.9759632765896882,2929609444723.042,170,S1_depeg_stablecoin,indonesia,USDC
255,0.9792027001528265,2929609444723.042,170,S1_depeg_stablecoin,indonesia,USDC
256,0.9581566082375983,2929609444723.042,170,S1_depeg_stablecoin,indonesia,USDC
257,0.9723578644523682,2929609410862.8804,170,S1_depeg_stablecoin,indonesia,USDC
258,0.9724654922590737,2929609410862.8804,170,S1_depeg_stablecoin,indonesia,USDC
259,0.9771269151996755,2929609410862.8804,170,S1_depeg_stablecoin,indonesia,USDC
260,0.959103955462765,2929609410862.8804,170,S1_depeg_stablecoin,indonesia,USDC
261,0.949795574720425,2929609373407.788,170,S1_depeg_stablecoin,indonesia,USDC
262,0.958150718147731,2929609313267.2954,170,S1_depeg_stablecoin,indonesia,USDC
263,0.9324735245370505,2929609278367.278,170,S1_depeg_stablecoin,indonesia,USDC
264,0.929103698084218,2929609154496.0967,170,S1_depeg_stablecoin,indonesia,USDC
265,0.930853491209726,2929609028492.568,170,S1_depeg_stablecoin,indonesia,USDC
266,0.9331166422203678,2929608916345.719,170,S1_depeg_stablecoin,indonesia,USDC
267,0.9480424640255687,2929608814777.5317,170,S1_depeg_stablecoin,indonesia,USDC
268,0.9638580912854823,2929608755142.5645,170,S1_depeg_stablecoin,indonesia,USDC
269,0.9862452718848319,2929608738181.72,170,S1_depeg_stablecoin,indonesia,USDC
270,0.9660732088223474,2929608738181.72,170,S1_depeg_stablecoin,indonesia,USDC
271,0.9965935549260647,2929608727406.571,170,S1_depeg_stablecoin,indonesia,USDC
272,0.9843137842932321,2929608727406.571,170,S1_depeg_stablecoin,indonesia,USDC
273,0.9743899155148499,2929608727406.571,170,S1_depeg_stablecoin,indonesia,USDC
274,0.9663854102419603,2929608727406.571,170,S1_depeg_stablecoin,indonesia,USDC
275,1.0077287513616913,2929608722121.5234,170,S1_depeg_stablecoin,indonesia,USDC
276,0.9915679969359654,2929608722121.5234,170,S1_depeg_stablecoin,indonesia,USDC
277,1.009416183628691,2929608722121.5234,170,S1_depeg_stablecoin,indonesia,USDC
278,1.0082997065925035,2929608722121.5234,170,S1_depeg_stablecoin,indonesia,USDC
279,1.0101360374148307,2929608722121.5234,170,S1_depeg_stablecoin,indonesia,USDC
280,1.002356520663923,2929608722121.5234,170,S1_depeg_stablecoin,indonesia,USDC
281,0.9860340392853819,2929608722121.5234,170,S1_depeg_stablecoin,indonesia,USDC
282,1.0255494235364522,2929608722121.5234,170,S1_depeg_stablecoin,indonesia,USDC
283,1.016086163517437,2929608722121.5234,170,S1_depeg_stablecoin,indonesia,USDC
284,1.00120914410665,2929608722121.5234,170,S1_depeg_stablecoin,indonesia,USDC
285,0.9710062813793116,2929608722121.5234,170,S1_depeg_stablecoin,indonesia,USDC
286,0.9600693817504812,2929608722121.5234,170,S1_depeg_stablecoin,indonesia,USDC
287,0.955802613349585,2929608695036.241,170,S1_depeg_stablecoin,indonesia,USDC
288,0.9583516478729572,2929608658709.493,170,S1_depeg_stablecoin,indonesia,USDC
289,0.9420015127844429,2929608631465.502,170,S1_depeg_stablecoin,indonesia,USDC
290,0.9455210806774036,2929608557717.712,170,S1_depeg_stablecoin,indonesia,USDC
291,0.9419893459807115,2929608497333.932,170,S1_depeg_stablecoin,indonesia,USDC
292,0.9374572936802686,2929608427427.407,170,S1_depeg_stablecoin,indonesia,USDC
293,0.9601094239681882,2929608353590.935,170,S1_depeg_stablecoin,indonesia,USDC
294,0.9366347968151965,2929608331940.5015,170,S1_depeg_stablecoin,indonesia,USDC
295,0.9096159471557442,2929608261726.469,170,S1_depeg_stablecoin,indonesia,USDC
296,0.9085073330695168,2929608128961.833,170,S1_depeg_stablecoin,indonesia,USDC
297,0.911428961954974,2929608005206.4565,170,S1_depeg_stablecoin,indonesia,USDC
298,0.8933545667078018,2929607897551.4814,170,S1_depeg_stablecoin,indonesia,USDC
299,0.8976336689281015,2929607753658.9106,170,S1_depeg_stablecoin,indonesia,USDC
300,0.892768441546928,2929607637384.624,170,S1_depeg_stablecoin,indonesia,USDC
301,0.9130199337745456,2929607513106.201,170,S1_depeg_stablecoin,indonesia,USDC
302,0.9378035675337127,2929607432955.4634,170,S1_depeg_stablecoin,indonesia,USDC
303,0.9332449658715266,2929607389337.527,170,S1_depeg_stablecoin,indonesia,USDC
304,0.9363671912443947,2929607339591.5117,170,S1_depeg_stablecoin,indonesia,USDC
305,0.9281626734165697,2929607299939.1235,170,S1_depeg_stablecoin,indonesia,USDC
306,0.9322801021384789,2929607248638.362,170,S1_depeg_stablecoin,indonesia,USDC
307,0.916212944379991,2929607207149.377,170,S1_depeg_stablecoin,indonesia,USDC
308,0.9022030400471913,2929607146040.323,170,S1_depeg_stablecoin,indonesia,USDC
309,0.8974047767333726,2929607073089.919,170,S1_depeg_stablecoin,indonesia,USDC
310,0.8877357987955011,2929607003774.6074,170,S1_depeg_stablecoin,indonesia,USDC
311,0.8927550477459858,2929606926878.844,170,S1_depeg_stablecoin,indonesia,USDC
312,0.900979839842247,2929606863860.2734,170,S1_depeg_stablecoin,indonesia,USDC
313,0.9068538326263144,2929606809194.355,170,S1_depeg_stablecoin,indonesia,USDC
314,0.8874701124789823,2929606763866.9863,170,S1_depeg_stablecoin,indonesia,USDC
315,0.9006996722075825,2929606708075.12,170,S1_depeg_stablecoin,indonesia,USDC
316,0.8997992652550229,2929606664053.889,170,S1_depeg_stablecoin,indonesia,USDC
317,0.9012469809246358,2929606623548.664,170,S1_depeg_stablecoin,indonesia,USDC
318,0.932189196680929,2929606585674.7227,170,S1_depeg_stablecoin,indonesia,USDC
319,0.9236387351018717,2929606565826.7236,170,S1_depeg_stablecoin,indonesia,USDC
320,0.9501443038954488,2929606544365.063,170,S1_depeg_stablecoin,indonesia,USDC
321,0.9774130567156306,2929606535990.201,170,S1_depeg_stablecoin,indonesia,USDC
322,0.9537248200494797,2929606535990.201,170,S1_depeg_stablecoin,indonesia,USDC
323,0.9442762717101802,2929606528280.5156,170,S1_depeg_stablecoin,indonesia,USDC
324,0.9257261424011312,2929606517175.693,170,S1_depeg_stablecoin,indonesia,USDC
325,0.929611116414245,2929606498748.7334,170,S1_depeg_stablecoin,indonesia,USDC
326,0.9389392311479509,2929606481678.0137,170,S1_depeg_stablecoin,indonesia,USDC
327,0.9128348303202415,2929606469978.7305,170,S1_depeg_stablecoin,indonesia,USDC
328,0.9275271971403546,2929606447380.7373,170,S1_depeg_stablecoin,indonesia,USDC
329,0.955883596089783,2929606431140.9136,170,S1_depeg_stablecoin,indonesia,USDC
330,0.9859920156999022,2929606426786.2124,170,S1_depeg_stablecoin,indonesia,USDC
331,0.9790450106091079,2929606426786.2124,170,S1_depeg_stablecoin,indonesia,USDC
332,0.9966275100508621,2929606426786.2124,170,S1_depeg_stablecoin,indonesia,USDC
333,0.9971465687549572,2929606426786.2124,170,S1_depeg_stablecoin,indonesia,USDC
334,0.9873500373031785,2929606426786.2124,170,S1_depeg_stablecoin,indonesia,USDC
335,0.9846305569329887,2929606426786.2124,170,S1_depeg_stablecoin,indonesia,USDC
336,0.980391149797887,2929606426786.2124,170,S1_depeg_stablecoin,indonesia,USDC
337,0.9779660812178759,2929606426786.2124,170,S1_depeg_stablecoin,indonesia,USDC
338,0.959953443239326,2929606426786.2124,170,S1_depeg_stablecoin,indonesia,USDC
339,0.9685865287449222,2929606423881.226,170,S1_depeg_stablecoin,indonesia,USDC
340,0.9854049523412902,2929606423711.3706,170,S1_depeg_stablecoin,indonesia,USDC
341,0.9880993898589241,2929606423711.3706,170,S1_depeg_stablecoin,indonesia,USDC
342,0.9686804211846445,2929606423711.3706,170,S1_depeg_stablecoin,indonesia,USDC
343,0.9770513125201602,2929606423550.092,170,S1_depeg_stablecoin,indonesia,USDC
344,0.9947517932748374,2929606423550.092,170,S1_depeg_stablecoin,indonesia,USDC
345,0.9906311291848778,2929606423550.092,170,S1_depeg_stablecoin,indonesia,USDC
346,0.9722876915088384,2929606423550.092,170,S1_depeg_stablecoin,indonesia,USDC
347,0.967113632792228,2929606423550.092,170,S1_depeg_stablecoin,indonesia,USDC
348,0.9974765439132317,2929606422517.377,170,S1_depeg_stablecoin,indonesia,USDC
349,0.9824976282231987,2929606422517.377,170,S1_depeg_stablecoin,indonesia,USDC
350,0.9620309662704095,2929606422517.377,170,S1_depeg_stablecoin,indonesia,USDC
351,0.9430044461070604,2929606420120.8193,170,S1_depeg_stablecoin,indonesia,USDC
352,0.9778873882585983,2929606410901.4473,170,S1_depeg_stablecoin,indonesia,USDC
353,0.9782105887449107,2929606410901.4473,170,S1_depeg_stablecoin,indonesia,USDC
354,1.0238638064794465,2929606410901.4473,170,S1_depeg_stablecoin,indonesia,USDC
355,1.0343256682026798,2929606410901.4473,170,S1_depeg_stablecoin,indonesia,USDC
356,1.053960000578434,2929606410901.4473,170,S1_depeg_stablecoin,indonesia,USDC
357,1.0482533649704875,2929606410901.4473,170,S1_depeg_stablecoin,indonesia,USDC
358,1.0510527074993423,2929606410901.4473,170,S1_depeg_stablecoin,indonesia,USDC
359,1.066701417120796,2929606410901.4473,170,S1_depeg_stablecoin,indonesia,USDC
360,1.0538862503456952,2929606410901.4473,170,S1_depeg_stablecoin,indonesia,USDC
361,1.039861060714422,2929606410901.4473,170,S1_depeg_stablecoin,indonesia,USDC
362,1.0575909830829484,2929606410901.4473,170,S1_depeg_stablecoin,indonesia,USDC
363,1.0447155060821767,2929606410901.4473,170,S1_depeg_stablecoin,indonesia,USDC
364,1.0538938561107045,2929606410901.4473,170,S1_depeg_stablecoin,indonesia,USDC
365,1.0412426377556316,2929606410901.4473,170,S1_depeg_stablecoin,indonesia,USDC
366,1.0368134397582498,2929606410901.4473,170,S1_depeg_stablecoin,indonesia,USDC
367,1.0090723632715748,2929606410901.4473,170,S1_depeg_stablecoin,indonesia,USDC
368,1.036494942494149,2929606410901.4473,170,S1_depeg_stablecoin,indonesia,USDC
369,1.0309795330841196,2929606410901.4473,170,S1_depeg_stablecoin,indonesia,USDC
370,0.9988027929561075,2929606410901.4473,170,S1_depeg_stablecoin,indonesia,USDC
371,0.977382517921979,2929606410901.4473,170,S1_depeg_stablecoin,indonesia,USDC
372,1.0153991550586483,2929606410901.4473,170,S1_depeg_stablecoin,indonesia,USDC
373,1.0365964487639516,2929606410901.4473,170,S1_depeg_stablecoin,indonesia,USDC
374,0.9779582259598564,2929606410901.4473,170,S1_depeg_stablecoin,indonesia,USDC
375,0.9770947325722794,2929606410901.4473,170,S1_depeg_stablecoin,indonesia,USDC
376,0.9413225041477535,2929606410901.4473,170,S1_depeg_stablecoin,indonesia,USDC
377,0.9380061077353318,2929606401360.139,170,S1_depeg_stablecoin,indonesia,USDC
378,0.9327514578331606,2929606390992.597,170,S1_depeg_stablecoin,indonesia,USDC
379,0.9506246374967635,2929606379633.3296,170,S1_depeg_stablecoin,indonesia,USDC
380,0.9386747237632342,2929606374090.4873,170,S1_depeg_stablecoin,indonesia,USDC
381,0.9489703281062032,2929606365420.5874,170,S1_depeg_stablecoin,indonesia,USDC
382,0.9537990638049693,2929606359156.622,170,S1_depeg_stablecoin,indonesia,USDC
383,0.9286298350805281,2929606355108.7407,170,S1_depeg_stablecoin,indonesia,USDC
384,0.9454706078738582,2929606344250.8794,170,S1_depeg_stablecoin,indonesia,USDC
385,0.946513730058768,2929606337479.817,170,S1_depeg_stablecoin,indonesia,USDC
386,0.9246587316938981,2929606331160.6416,170,S1_depeg_stablecoin,indonesia,USDC
387,0.9459057461375263,2929606319925.794,170,S1_depeg_stablecoin,indonesia,USDC
388,0.9422185775418637,2929606314110.956,170,S1_depeg_stablecoin,indonesia,USDC
389,0.9197483899910157,2929606308013.1597,170,S1_depeg_stablecoin,indonesia,USDC
390,0.9172301624529636,2929606296976.8154,170,S1_depeg_stablecoin,indonesia,USDC
391,0.9356346095638814,2929606285600.816,170,S1_depeg_stablecoin,indonesia,USDC
392,0.9562612634890479,2929606278192.505,170,S1_depeg_stablecoin,indonesia,USDC
393,0.9625747767812343,2929606275488.548,170,S1_depeg_stablecoin,indonesia,USDC
394,0.9934685231821807,2929606273965.265,170,S1_depeg_stablecoin,indonesia,USDC
395,0.9820888603540326,2929606273965.265,170,S1_depeg_stablecoin,indonesia,USDC
396,0.9597584575747455,2929606273965.265,170,S1_depeg_stablecoin,indonesia,USDC
397,0.9805521476151864,2929606272289.916,170,S1_depeg_stablecoin,indonesia,USDC
398,0.9883124531237778,2929606272289.916,170,S1_depeg_stablecoin,indonesia,USDC
399,0.9906880401956102,2929606272289.916,170,S1_depeg_stablecoin,indonesia,USDC
400,1.002030315114215,2929606272289.916,170,S1_depeg_stablecoin,indonesia,USDC
401,0.9978131647975234,2929606272289.916,170,S1_depeg_stablecoin,indonesia,USDC
402,0.988967881380247,2929606272289.916,170,S1_depeg_stablecoin,indonesia,USDC
403,0.9727404692152936,2929606272289.916,170,S1_depeg_stablecoin,indonesia,USDC
404,0.9432705369832494,2929606272289.916,170,S1_depeg_stablecoin,indonesia,USDC
405,0.947597826552545,2929606267087.2393,170,S1_depeg_stablecoin,indonesia,USDC
406,0.992513645611572,2929606263034.479,170,S1_depeg_stablecoin,indonesia,USDC
407,0.9581020877598988,2929606263034.479,170,S1_depeg_stablecoin,indonesia,USDC
408,1.0071511655918575,2929606261013.256,170,S1_depeg_stablecoin,indonesia,USDC
409,1.0033346683492759,2929606261013.256,170,S1_depeg_stablecoin,indonesia,USDC
410,1.022552445677458,2929606261013.256,170,S1_depeg_stablecoin,indonesia,USDC
411,0.9879135359760802,2929606261013.256,170,S1_depeg_stablecoin,indonesia,USDC
412,1.0082496302736756,2929606261013.256,170,S1_depeg_stablecoin,indonesia,USDC
413,0.9993579827731117,2929606261013.256,170,S1_depeg_stablecoin,indonesia,USDC
414,1.0429069584946573,2929606261013.256,170,S1_depeg_stablecoin,indonesia,USDC
415,1.0288258967332742,2929606261013.256,170,S1_depeg_stablecoin,indonesia,USDC
416,1.067338260201449,2929606261013.256,170,S1_depeg_stablecoin,indonesia,USDC
417,1.0601321124758407,2929606261013.256,170,S1_depeg_stablecoin,indonesia,USDC
418,1.0899099779224612,2929606261013.256,170,S1_depeg_stablecoin,indonesia,USDC
419,1.081255670518861,2929606261013.256,170,S1_depeg_stablecoin,indonesia,USDC
420,1.0608244937661568,2929606261013.256,170,S1_depeg_stablecoin,indonesia,USDC
421,1.069093603984468,2929606261013.256,170,S1_depeg_stablecoin,indonesia,USDC
422,1.079439613696241,2929606261013.256,170,S1_depeg_stablecoin,indonesia,USDC
423,1.0952622990448335,2929606261013.256,170,S1_depeg_stablecoin,indonesia,USDC
424,1.1060427735865195,2929606261013.256,170,S1_depeg_stablecoin,indonesia,USDC
425,1.0791110785240536,2929606261013.256,170,S1_depeg_stablecoin,indonesia,USDC
426,1.0592827904661855,2929606261013.256,170,S1_depeg_stablecoin,indonesia,USDC
427,1.0351587710851715,2929606261013.256,170,S1_depeg_stablecoin,indonesia,USDC
428,1.0018341279340195,2929606261013.256,170,S1_depeg_stablecoin,indonesia,USDC
429,1.0329626950092123,2929606261013.256,170,S1_depeg_stablecoin,indonesia,USDC
430,1.0093218617449105,2929606261013.256,170,S1_depeg_stablecoin,indonesia,USDC
431,0.9955012278753175,2929606261013.256,170,S1_depeg_stablecoin,indonesia,USDC
432,0.9882470185064336,2929606261013.256,170,S1_depeg_stablecoin,indonesia,USDC
433,0.960016125879761,2929606261013.256,170,S1_depeg_stablecoin,indonesia,USDC
434,0.9529000530988931,2929606259366.1606,170,S1_depeg_stablecoin,indonesia,USDC
435,0.9654543264932794,2929606256291.7856,170,S1_depeg_stablecoin,indonesia,USDC
436,0.9787334094345705,2929606255769.371,170,S1_depeg_stablecoin,indonesia,USDC
437,0.9645858958701001,2929606255769.371,170,S1_depeg_stablecoin,indonesia,USDC
438,0.9944530109714846,2929606254768.7324,170,S1_depeg_stablecoin,indonesia,USDC
439,0.9930048988174426,2929606254768.7324,170,S1_depeg_stablecoin,indonesia,USDC
440,0.9765672732108536,2929606254768.7324,170,S1_depeg_stablecoin,indonesia,USDC
441,0.9789741532706988,2929606254768.7324,170,S1_depeg_stablecoin,indonesia,USDC
442,0.968175623264746,2929606254768.7324,170,S1_depeg_stablecoin,indonesia,USDC
443,0.9777498533889784,2929606254725.881,170,S1_depeg_stablecoin,indonesia,USDC
444,0.9505390409344985,2929606254725.881,170,S1_depeg_stablecoin,indonesia,USDC
445,0.9598862663207707,2929606251449.412,170,S1_depeg_stablecoin,indonesia,USDC
446,0.9443981630319578,2929606249986.987,170,S1_depeg_stablecoin,indonesia,USDC
447,0.945166341075873,2929606245735.7524,170,S1_depeg_stablecoin,indonesia,USDC
448,0.9612334887791438,2929606241719.6196,170,S1_depeg_stablecoin,indonesia,USDC
449,0.9609420472989111,2929606240226.3633,170,S1_depeg_stablecoin,indonesia,USDC
450,0.9582860639268732,2929606238915.907,170,S1_depeg_stablecoin,indonesia,USDC
451,0.9739348255291433,2929606237303.6973,170,S1_depeg_stablecoin,indonesia,USDC
452,1.0139570344570747,2929606237303.6973,170,S1_depeg_stablecoin,indonesia,USDC
453,1.0289226226466492,2929606237303.6973,170,S1_depeg_stablecoin,indonesia,USDC
454,1.037283644343073,2929606237303.6973,170,S1_depeg_stablecoin,indonesia,USDC
455,1.0560428508939153,2929606237303.6973,170,S1_depeg_stablecoin,indonesia,USDC
456,1.0649614122529985,2929606237303.6973,170,S1_depeg_stablecoin,indonesia,USDC
457,1.0816096853430186,2929606237303.6973,170,S1_depeg_stablecoin,indonesia,USDC
458,1.0519368057308012,2929606237303.6973,170,S1_depeg_stablecoin,indonesia,USDC
459,1.051041146922951,2929606237303.6973,170,S1_depeg_stablecoin,indonesia,USDC
460,1.054462091618013,2929606237303.6973,170,S1_depeg_stablecoin,indonesia,USDC
461,1.050503600215681,2929606237303.6973,170,S1_depeg_stablecoin,indonesia,USDC
462,0.9943932814819664,2929606237303.6973,170,S1_depeg_stablecoin,indonesia,USDC
463,0.9858141496250086,2929606237303.6973,170,S1_depeg_stablecoin,indonesia,USDC
464,0.9760830423621211,2929606237303.6973,170,S1_depeg_stablecoin,indonesia,USDC
465,0.9577470953967085,2929606237303.6973,170,S1_depeg_stablecoin,indonesia,USDC
466,0.9798478522678541,2929606235272.363,170,S1_depeg_stablecoin,indonesia,USDC
467,0.8370785625806249,2929606235272.363,170,S1_depeg_stablecoin,indonesia,USDC
468,0.842006984710615,2929606213514.4844,170,S1_depeg_stablecoin,indonesia,USDC
469,0.8653131763675064,2929606196550.2207,170,S1_depeg_stablecoin,indonesia,USDC
470,0.8771331315039944,2929606183593.1294,170,S1_depeg_stablecoin,indonesia,USDC
471,0.9052197666146959,2929606173558.455,170,S1_depeg_stablecoin,indonesia,USDC
472,0.9549489629430483,2929606167229.886,170,S1_depeg_stablecoin,indonesia,USDC
473,0.9584001450268216,2929606165892.637,170,S1_depeg_stablecoin,indonesia,USDC
474,0.9594691325562092,2929606164950.852,170,S1_depeg_stablecoin,indonesia,USDC
475,0.9591574483516703,2929606164052.496,170,S1_depeg_stablecoin,indonesia,USDC
476,0.9964761861786742,2929606163136.2363,170,S1_depeg_stablecoin,indonesia,USDC
477,1.0024999351709618,2929606163136.2363,170,S1_depeg_stablecoin,indonesia,USDC
478,1.0170874097512759,2929606163136.2363,170,S1_depeg_stablecoin,indonesia,USDC
479,1.0279435757521524,2929606163136.2363,170,S1_depeg_stablecoin,indonesia,USDC
480,1.047909709251288,2929606163136.2363,170,S1_depeg_stablecoin,indonesia,USDC
481,1.0549742075369206,2929606163136.2363,170,S1_depeg_stablecoin,indonesia,USDC
482,1.0408892981444577,2929606163136.2363,170,S1_depeg_stablecoin,indonesia,USDC
483,1.0508913882545898,2929606163136.2363,170,S1_depeg_stablecoin,indonesia,USDC
484,1.0066730875941028,2929606163136.2363,170,S1_depeg_stablecoin,indonesia,USDC
485,0.9947880051173723,2929606163136.2363,170,S1_depeg_stablecoin,indonesia,USDC
486,0.9489877717232686,2929606163136.2363,170,S1_depeg_stablecoin,indonesia,USDC
487,0.9684753218746341,2929606161333.4116,170,S1_depeg_stablecoin,indonesia,USDC
488,0.988339401679028,2929606161289.9937,170,S1_depeg_stablecoin,indonesia,USDC
489,1.014701781846361,2929606161289.9937,170,S1_depeg_stablecoin,indonesia,USDC
490,1.0359855878093451,2929606161289.9937,170,S1_depeg_stablecoin,indonesia,USDC
491,1.0073389170836708,2929606161289.9937,170,S1_depeg_stablecoin,indonesia,USDC
492,1.0155494730126429,2929606161289.9937,170,S1_depeg_stablecoin,indonesia,USDC
493,0.9654508698846012,2929606161289.9937,170,S1_depeg_stablecoin,indonesia,USDC
494,0.9830133570067784,2929606160892.3115,170,S1_depeg_stablecoin,indonesia,USDC
495,0.9787212725093789,2929606160892.3115,170,S1_depeg_stablecoin,indonesia,USDC
496,0.9954874874884434,2929606160892.3115,170,S1_depeg_stablecoin,indonesia,USDC
497,0.9799210588446114,2929606160892.3115,170,S1_depeg_stablecoin,indonesia,USDC
498,0.9903820179050628,2929606160892.3115,170,S1_depeg_stablecoin,indonesia,USDC
499,0.9643112843078718,2929606160892.3115,170,S1_depeg_stablecoin,indonesia,USDC
500,0.9381008893028391,2929606160502.1055,170,S1_depeg_stablecoin,indonesia,USDC
501,0.9523312926908839,2929606158007.4634,170,S1_depeg_stablecoin,indonesia,USDC
502,0.9435601386030659,2929606156590.6553,170,S1_depeg_stablecoin,indonesia,USDC
503,0.9735554748663157,2929606154407.3945,170,S1_depeg_stablecoin,indonesia,USDC
504,0.9829058842984668,2929606154407.3945,170,S1_depeg_stablecoin,indonesia,USDC
505,0.9846631292428504,2929606154407.3945,170,S1_depeg_stablecoin,indonesia,USDC
506,1.0103143696879011,2929606154407.3945,170,S1_depeg_stablecoin,indonesia,USDC
507,1.003591780713828,2929606154407.3945,170,S1_depeg_stablecoin,indonesia,USDC
508,1.026501682809992,2929606154407.3945,170,S1_depeg_stablecoin,indonesia,USDC
509,1.0220347728703842,2929606154407.3945,170,S1_depeg_stablecoin,indonesia,USDC
510,1.0316059140944251,2929606154407.3945,170,S1_depeg_stablecoin,indonesia,USDC
511,1.0489729670765195,2929606154407.3945,170,S1_depeg_stablecoin,indonesia,USDC
512,1.0404886958477335,2929606154407.3945,170,S1_depeg_stablecoin,indonesia,USDC
513,1.0462985295126725,2929606154407.3945,170,S1_depeg_stablecoin,indonesia,USDC
514,1.0300818943553987,2929606154407.3945,170,S1_depeg_stablecoin,indonesia,USDC
515,1.0350254548752242,2929606154407.3945,170,S1_depeg_stablecoin,indonesia,USDC
516,1.033991219653642,2929606154407.3945,170,S1_depeg_stablecoin,indonesia,USDC
517,1.0139953983449665,2929606154407.3945,170,S1_depeg_stablecoin,indonesia,USDC
518,1.0390058189825317,2929606154407.3945,170,S1_depeg_stablecoin,indonesia,USDC
519,1.0277153865433426,2929606154407.3945,170,S1_depeg_stablecoin,indonesia,USDC
520,0.9925570483363905,2929606154407.3945,170,S1_depeg_stablecoin,indonesia,USDC
521,0.9213802290524828,2929606154407.3945,170,S1_depeg_stablecoin,indonesia,USDC
522,0.9301627710022037,2929606150502.0693,170,S1_depeg_stablecoin,indonesia,USDC
523,0.9524129956335777,2929606147462.58,170,S1_depeg_stablecoin,indonesia,USDC
524,0.9817463234435487,2929606146175.841,170,S1_depeg_stablecoin,indonesia,USDC
525,1.0052818525351745,2929606146175.841,170,S1_depeg_stablecoin,indonesia,USDC
526,0.8959014568544841,2929606146175.841,170,S1_depeg_stablecoin,indonesia,USDC
527,0.8691814209262568,2929606141226.6836,170,S1_depeg_stablecoin,indonesia,USDC
528,0.8690114741264744,2929606134793.348,170,S1_depeg_stablecoin,indonesia,USDC
529,0.8952521656108826,2929606128723.6196,170,S1_depeg_stablecoin,indonesia,USDC
530,0.9312051465740262,2929606124698.7705,170,S1_depeg_stablecoin,indonesia,USDC
531,0.9185851292899304,2929606122770.807,170,S1_depeg_stablecoin,indonesia,USDC
532,0.8854512412400883,2929606120449.363,170,S1_depeg_stablecoin,indonesia,USDC
533,0.8694172249756998,2929606116793.9727,170,S1_depeg_stablecoin,indonesia,USDC
534,0.8872243719831883,2929606112793.541,170,S1_depeg_stablecoin,indonesia,USDC
535,0.899773364187442,2929606109839.0396,170,S1_depeg_stablecoin,indonesia,USDC
536,0.9090163024632171,2929606107538.7295,170,S1_depeg_stablecoin,indonesia,USDC
537,0.887841204718001,2929606105685.8315,170,S1_depeg_stablecoin,indonesia,USDC
538,0.8995417852988199,2929606103324.9087,170,S1_depeg_stablecoin,indonesia,USDC
539,0.9169266987087314,2929606101423.58,170,S1_depeg_stablecoin,indonesia,USDC
540,0.9113031798247859,2929606100166.281,170,S1_depeg_stablecoin,indonesia,USDC
541,0.9231210136991862,2929606098842.0093,170,S1_depeg_stablecoin,indonesia,USDC
542,0.9114743381101057,2929606097761.9214,170,S1_depeg_stablecoin,indonesia,USDC
543,0.9090228095585857,2929606096575.716,170,S1_depeg_stablecoin,indonesia,USDC
544,0.9378553495148712,2929606095375.784,170,S1_depeg_stablecoin,indonesia,USDC
545,0.9389167852063667,2929606094789.674,170,S1_depeg_stablecoin,indonesia,USDC
546,0.9335610136722122,2929606094223.1934,170,S1_depeg_stablecoin,indonesia,USDC
547,0.9550298181695857,2929606093578.086,170,S1_depeg_stablecoin,indonesia,USDC
548,0.9699504975423276,2929606093314.413,170,S1_depeg_stablecoin,indonesia,USDC
549,1.002000678997919,2929606093313.5547,170,S1_depeg_stablecoin,indonesia,USDC
550,0.999226645891483,2929606093313.5547,170,S1_depeg_stablecoin,indonesia,USDC
551,0.9811890655158092,2929606093313.5547,170,S1_depeg_stablecoin,indonesia,USDC
552,0.9577397431940683,2929606093313.5547,170,S1_depeg_stablecoin,indonesia,USDC
553,0.966531230725009,2929606093113.6177,170,S1_depeg_stablecoin,indonesia,USDC
554,0.9653982436564635,2929606093054.1826,170,S1_depeg_stablecoin,indonesia,USDC
555,0.9521109726595668,2929606092995.275,170,S1_depeg_stablecoin,indonesia,USDC
556,0.9535453402975769,2929606092731.676,170,S1_depeg_stablecoin,indonesia,USDC
557,0.9690186396426798,2929606092456.215,170,S1_depeg_stablecoin,indonesia,USDC
558,0.9624352354437936,2929606092440.065,170,S1_depeg_stablecoin,indonesia,USDC
559,0.951669992292709,2929606092346.5786,170,S1_depeg_stablecoin,indonesia,USDC
560,0.9702233006056754,2929606092086.4946,170,S1_depeg_stablecoin,indonesia,USDC
561,0.9988111140823464,2929606092086.4946,170,S1_depeg_stablecoin,indonesia,USDC
562,1.0322730349951665,2929606092086.4946,170,S1_depeg_stablecoin,indonesia,USDC
563,1.066891149630031,2929606092086.4946,170,S1_depeg_stablecoin,indonesia,USDC
564,1.0564813450803956,2929606092086.4946,170,S1_depeg_stablecoin,indonesia,USDC
565,1.0323280813323576,2929606092086.4946,170,S1_depeg_stablecoin,indonesia,USDC
566,1.0497825156150808,2929606092086.4946,170,S1_depeg_stablecoin,indonesia,USDC
567,1.0421635323754326,2929606092086.4946,170,S1_depeg_stablecoin,indonesia,USDC
568,1.0329145036625769,2929606092086.4946,170,S1_depeg_stablecoin,indonesia,USDC
569,1.0342997749865182,2929606092086.4946,170,S1_depeg_stablecoin,indonesia,USDC
570,1.0151755383287873,2929606092086.4946,170,S1_depeg_stablecoin,indonesia,USDC
571,1.0308129113013917,2929606092086.4946,170,S1_depeg_stablecoin,indonesia,USDC
572,1.0169604362641382,2929606092086.4946,170,S1_depeg_stablecoin,indonesia,USDC
573,1.0222216475110175,2929606092086.4946,170,S1_depeg_stablecoin,indonesia,USDC
574,1.03437274440266,2929606092086.4946,170,S1_depeg_stablecoin,indonesia,USDC
575,1.0416226746276307,2929606092086.4946,170,S1_depeg_stablecoin,indonesia,USDC
576,0.9989210080879772,2929606092086.4946,170,S1_depeg_stablecoin,indonesia,USDC
577,0.9946378470643329,2929606092086.4946,170,S1_depeg_stablecoin,indonesia,USDC
578,0.9775917506091005,2929606092086.4946,170,S1_depeg_stablecoin,indonesia,USDC
579,0.9934424331434459,2929606092086.4946,170,S1_depeg_stablecoin,indonesia,USDC
580,1.0031883351969426,2929606092086.4946,170,S1_depeg_stablecoin,indonesia,USDC
581,0.9922022321187848,2929606092086.4946,170,S1_depeg_stablecoin,indonesia,USDC
582,1.0056843856141369,2929606092086.4946,170,S1_depeg_stablecoin,indonesia,USDC
583,0.9910133604498408,2929606092086.4946,170,S1_depeg_stablecoin,indonesia,USDC
584,0.9943571104837559,2929606092086.4946,170,S1_depeg_stablecoin,indonesia,USDC
585,0.9891546111838702,2929606092086.4946,170,S1_depeg_stablecoin,indonesia,USDC
586,0.9805923465388385,2929606092086.4946,170,S1_depeg_stablecoin,indonesia,USDC
587,0.9928374987376254,2929606092086.4946,170,S1_depeg_stablecoin,indonesia,USDC
588,0.988056875684667,2929606092086.4946,170,S1_depeg_stablecoin,indonesia,USDC
589,1.0034520058426177,2929606092086.4946,170,S1_depeg_stablecoin,indonesia,USDC
590,1.0291937940347253,2929606092086.4946,170,S1_depeg_stablecoin,indonesia,USDC
591,1.0225692780144797,2929606092086.4946,170,S1_depeg_stablecoin,indonesia,USDC
592,1.0155294522974154,2929606092086.4946,170,S1_depeg_stablecoin,indonesia,USDC
593,1.0282970518609615,2929606092086.4946,170,S1_depeg_stablecoin,indonesia,USDC
594,1.0298939106673985,2929606092086.4946,170,S1_depeg_stablecoin,indonesia,USDC
595,1.0325929647373062,2929606092086.4946,170,S1_depeg_stablecoin,indonesia,USDC
596,1.0410149644590567,2929606092086.4946,170,S1_depeg_stablecoin,indonesia,USDC
597,1.0343432791169558,2929606092086.4946,170,S1_depeg_stablecoin,indonesia,USDC
598,1.0350066656326142,2929606092086.4946,170,S1_depeg_stablecoin,indonesia,USDC
599,1.055885603826519,2929606092086.4946,170,S1_depeg_stablecoin,indonesia,USDC
600,1.0229302304858217,2929606092086.4946,170,S1_depeg_stablecoin,indonesia,USDC
601,1.025999215315781,2929606092086.4946,170,S1_depeg_stablecoin,indonesia,USDC
602,1.0291277668399301,2929606092086.4946,170,S1_depeg_stablecoin,indonesia,USDC
603,1.019225650332374,2929606092086.4946,170,S1_depeg_stablecoin,indonesia,USDC
604,1.0020595106731869,2929606092086.4946,170,S1_depeg_stablecoin,indonesia,USDC
605,1.0024276968091617,2929606092086.4946,170,S1_depeg_stablecoin,indonesia,USDC
606,0.9786710616383032,2929606092086.4946,170,S1_depeg_stablecoin,indonesia,USDC
607,0.9639376707161476,2929606092086.4946,170,S1_depeg_stablecoin,indonesia,USDC
608,0.9861075188633651,2929606092018.026,170,S1_depeg_stablecoin,indonesia,USDC
609,0.9998572711439832,2929606092018.026,170,S1_depeg_stablecoin,indonesia,USDC
610,1.0358112115277032,2929606092018.026,170,S1_depeg_stablecoin,indonesia,USDC
611,1.0226485394368279,2929606092018.026,170,S1_depeg_stablecoin,indonesia,USDC
612,1.0354354340212721,2929606092018.026,170,S1_depeg_stablecoin,indonesia,USDC
613,1.0297268672067121,2929606092018.026,170,S1_depeg_stablecoin,indonesia,USDC
614,1.039550839943704,2929606092018.026,170,S1_depeg_stablecoin,indonesia,USDC
615,1.0432261472774582,2929606092018.026,170,S1_depeg_stablecoin,indonesia,USDC
616,1.0381279519586897,2929606092018.026,170,S1_depeg_stablecoin,indonesia,USDC
617,1.0213993402368797,2929606092018.026,170,S1_depeg_stablecoin,indonesia,USDC
618,1.0403861774095122,2929606092018.026,170,S1_depeg_stablecoin,indonesia,USDC
619,1.0280701980633409,2929606092018.026,170,S1_depeg_stablecoin,indonesia,USDC
620,1.0381231621317653,2929606092018.026,170,S1_depeg_stablecoin,indonesia,USDC
621,1.0119588837031763,2929606092018.026,170,S1_depeg_stablecoin,indonesia,USDC
622,0.9638498545479933,2929606092018.026,170,S1_depeg_stablecoin,indonesia,USDC
623,0.9594670520805606,2929606091938.505,170,S1_depeg_stablecoin,indonesia,USDC
624,0.9359849126427625,2929606091803.06,170,S1_depeg_stablecoin,indonesia,USDC
625,0.9737545906223355,2929606091282.3506,170,S1_depeg_stablecoin,indonesia,USDC
626,0.9811194226509661,2929606091282.3506,170,S1_depeg_stablecoin,indonesia,USDC
627,0.968058700589711,2929606091282.3506,170,S1_depeg_stablecoin,indonesia,USDC
628,0.950911504320946,2929606091260.5596,170,S1_depeg_stablecoin,indonesia,USDC
629,0.9302280090044531,2929606090969.9565,170,S1_depeg_stablecoin,indonesia,USDC
630,0.9314678661911079,2929606090411.737,170,S1_depeg_stablecoin,indonesia,USDC
631,0.927848209169379,2929606089874.5845,170,S1_depeg_stablecoin,indonesia,USDC
632,0.9017459215602678,2929606089309.704,170,S1_depeg_stablecoin,indonesia,USDC
633,0.9281388867540801,2929606088472.7876,170,S1_depeg_stablecoin,indonesia,USDC
634,0.9456331703266668,2929606087955.803,170,S1_depeg_stablecoin,indonesia,USDC
635,0.961501748818462,2929606087699.9824,170,S1_depeg_stablecoin,indonesia,USDC
636,0.9463424187132131,2929606087616.37,170,S1_depeg_stablecoin,indonesia,USDC
637,0.9406325684405941,2929606087355.681,170,S1_depeg_stablecoin,indonesia,USDC
638,0.9512470686264194,2929606087060.0557,170,S1_depeg_stablecoin,indonesia,USDC
639,0.944788263432265,2929606086882.324,170,S1_depeg_stablecoin,indonesia,USDC
640,0.9212258322885669,2929606086641.8643,170,S1_depeg_stablecoin,indonesia,USDC
641,0.9538895317690356,2929606086172.776,170,S1_depeg_stablecoin,indonesia,USDC
642,0.9329162283907783,2929606086027.3223,170,S1_depeg_stablecoin,indonesia,USDC
643,0.9508785279107432,2929606085673.841,170,S1_depeg_stablecoin,indonesia,USDC
644,0.9739482803702199,2929606085516.1113,170,S1_depeg_stablecoin,indonesia,USDC
645,0.9939774298150189,2929606085516.1113,170,S1_depeg_stablecoin,indonesia,USDC
646,0.9624615691691268,2929606085516.1113,170,S1_depeg_stablecoin,indonesia,USDC
647,0.9721486336746832,2929606085457.8564,170,S1_depeg_stablecoin,indonesia,USDC
648,0.9502794597761871,2929606085457.8564,170,S1_depeg_stablecoin,indonesia,USDC
649,0.9425799534650652,2929606085283.299,170,S1_depeg_stablecoin,indonesia,USDC
650,0.9491752930497256,2929606085051.868,170,S1_depeg_stablecoin,indonesia,USDC
651,0.9642483657233846,2929606084883.374,170,S1_depeg_stablecoin,indonesia,USDC
652,0.9993599224842629,2929606084833.625,170,S1_depeg_stablecoin,indonesia,USDC
653,0.9719260478786982,2929606084833.625,170,S1_depeg_stablecoin,indonesia,USDC
654,0.9790492608493299,2929606084833.625,170,S1_depeg_stablecoin,indonesia,USDC
655,0.9653827449715502,2929606084833.625,170,S1_depeg_stablecoin,indonesia,USDC
656,0.9631727652580987,2929606084793.9243,170,S1_depeg_stablecoin,indonesia,USDC
657,0.9833270054846166,2929606084745.961,170,S1_depeg_stablecoin,indonesia,USDC
658,1.0103641616667274,2929606084745.961,170,S1_depeg_stablecoin,indonesia,USDC
659,1.005333261813893,2929606084745.961,170,S1_depeg_stablecoin,indonesia,USDC
660,1.0069709503017876,2929606084745.961,170,S1_depeg_stablecoin,indonesia,USDC
661,0.9810510046650548,2929606084745.961,170,S1_depeg_stablecoin,indonesia,USDC
662,0.9488704635266967,2929606084745.961,170,S1_depeg_stablecoin,indonesia,USDC
663,0.9781515520902626,2929606084573.1436,170,S1_depeg_stablecoin,indonesia,USDC
664,0.9935887129471179,2929606084573.1436,170,S1_depeg_stablecoin,indonesia,USDC
665,0.9910619120339921,2929606084573.1436,170,S1_depeg_stablecoin,indonesia,USDC
666,0.9944618268272177,2929606084573.1436,170,S1_depeg_stablecoin,indonesia,USDC
667,1.018155735481525,2929606084573.1436,170,S1_depeg_stablecoin,indonesia,USDC
668,1.0378223347545832,2929606084573.1436,170,S1_depeg_stablecoin,indonesia,USDC
669,0.9989396463464635,2929606084573.1436,170,S1_depeg_stablecoin,indonesia,USDC
670,1.0399536146263264,2929606084573.1436,170,S1_depeg_stablecoin,indonesia,USDC
671,0.9996091982918937,2929606084573.1436,170,S1_depeg_stablecoin,indonesia,USDC
672,0.998596444747485,2929606084573.1436,170,S1_depeg_stablecoin,indonesia,USDC
673,1.0055781842508749,2929606084573.1436,170,S1_depeg_stablecoin,indonesia,USDC
674,1.0350804479166509,2929606084573.1436,170,S1_depeg_stablecoin,indonesia,USDC
675,1.0275495527848104,2929606084573.1436,170,S1_depeg_stablecoin,indonesia,USDC
676,1.0374187992337542,2929606084573.1436,170,S1_depeg_stablecoin,indonesia,USDC
677,1.0479374761013394,2929606084573.1436,170,S1_depeg_stablecoin,indonesia,USDC
678,1.0538238209132456,2929606084573.1436,170,S1_depeg_stablecoin,indonesia,USDC
679,1.0492872446258161,2929606084573.1436,170,S1_depeg_stablecoin,indonesia,USDC
680,1.0469254818200942,2929606084573.1436,170,S1_depeg_stablecoin,indonesia,USDC
681,1.007851506034768,2929606084573.1436,170,S1_depeg_stablecoin,indonesia,USDC
682,1.0174071435874505,2929606084573.1436,170,S1_depeg_stablecoin,indonesia,USDC
683,1.023362624665217,2929606084573.1436,170,S1_depeg_stablecoin,indonesia,USDC
684,1.0109441443189564,2929606084573.1436,170,S1_depeg_stablecoin,indonesia,USDC
685,0.9923648216324799,2929606084573.1436,170,S1_depeg_stablecoin,indonesia,USDC
686,0.9976261137682575,2929606084573.1436,170,S1_depeg_stablecoin,indonesia,USDC
687,1.0475909925617983,2929606084573.1436,170,S1_depeg_stablecoin,indonesia,USDC
688,1.0550701215116902,2929606084573.1436,170,S1_depeg_stablecoin,indonesia,USDC
689,1.0731522514269014,2929606084573.1436,170,S1_depeg_stablecoin,indonesia,USDC
690,1.035320066617549,2929606084573.1436,170,S1_depeg_stablecoin,indonesia,USDC
691,1.0316913167640742,2929606084573.1436,170,S1_depeg_stablecoin,indonesia,USDC
692,1.031956894049765,2929606084573.1436,170,S1_depeg_stablecoin,indonesia,USDC
693,1.0118845883149126,2929606084573.1436,170,S1_depeg_stablecoin,indonesia,USDC
694,1.0066935477713983,2929606084573.1436,170,S1_depeg_stablecoin,indonesia,USDC
695,0.98786947689101,2929606084573.1436,170,S1_depeg_stablecoin,indonesia,USDC
696,1.0150947785653248,2929606084573.1436,170,S1_depeg_stablecoin,indonesia,USDC
697,1.0143358113994636,2929606084573.1436,170,S1_depeg_stablecoin,indonesia,USDC
698,1.0160557392860758,2929606084573.1436,170,S1_depeg_stablecoin,indonesia,USDC
699,1.0081485811761821,2929606084573.1436,170,S1_depeg_stablecoin,indonesia,USDC
700,1.0290041219938613,2929606084573.1436,170,S1_depeg_stablecoin,indonesia,USDC
701,1.0170317725450824,2929606084573.1436,170,S1_depeg_stablecoin,indonesia,USDC
702,1.029375217135941,2929606084573.1436,170,S1_depeg_stablecoin,indonesia,USDC
703,0.9950793204217677,2929606084573.1436,170,S1_depeg_stablecoin,indonesia,USDC
704,1.010422383443348,2929606084573.1436,170,S1_depeg_stablecoin,indonesia,USDC
705,1.0038577086231937,2929606084573.1436,170,S1_depeg_stablecoin,indonesia,USDC
706,0.9892240229371424,2929606084573.1436,170,S1_depeg_stablecoin,indonesia,USDC
707,0.971813965061379,2929606084573.1436,170,S1_depeg_stablecoin,indonesia,USDC
708,0.9927549429985796,2929606084573.1436,170,S1_depeg_stablecoin,indonesia,USDC
709,0.9946788737402945,2929606084573.1436,170,S1_depeg_stablecoin,indonesia,USDC
710,0.980495810613262,2929606084573.1436,170,S1_depeg_stablecoin,indonesia,USDC
711,0.9981706845185235,2929606084573.1436,170,S1_depeg_stablecoin,indonesia,USDC
712,1.0024534354027035,2929606084573.1436,170,S1_depeg_stablecoin,indonesia,USDC
713,1.0022926942660024,2929606084573.1436,170,S1_depeg_stablecoin,indonesia,USDC
714,1.015111811298452,2929606084573.1436,170,S1_depeg_stablecoin,indonesia,USDC
715,1.0586133563947535,2929606084573.1436,170,S1_depeg_stablecoin,indonesia,USDC
716,1.019691182918408,2929606084573.1436,170,S1_depeg_stablecoin,indonesia,USDC
717,1.0238834041669231,2929606084573.1436,170,S1_depeg_stablecoin,indonesia,USDC
718,1.0081576925093088,2929606084573.1436,170,S1_depeg_stablecoin,indonesia,USDC
719,1.0077862002123896,2929606084573.1436,170,S1_depeg_stablecoin,indonesia,USDC
720,1.0428774782642476,2929606084573.1436,170,S1_depeg_stablecoin,indonesia,USDC
721,1.0336417197612762,2929606084573.1436,170,S1_depeg_stablecoin,indonesia,USDC
722,1.0034168759925022,2929606084573.1436,170,S1_depeg_stablecoin,indonesia,USDC
723,1.0119239851414197,2929606084573.1436,170,S1_depeg_stablecoin,indonesia,USDC
724,1.0372100445714085,2929606084573.1436,170,S1_depeg_stablecoin,indonesia,USDC
725,1.08024563192095,2929606084573.1436,170,S1_depeg_stablecoin,indonesia,USDC
726,1.0389277982794536,2929606084573.1436,170,S1_depeg_stablecoin,indonesia,USDC
727,1.0088689138727163,2929606084573.1436,170,S1_depeg_stablecoin,indonesia,USDC
728,1.0266702212212477,2929606084573.1436,170,S1_depeg_stablecoin,indonesia,USDC
729,1.057207555733749,2929606084573.1436,170,S1_depeg_stablecoin,indonesia,USDC
730,1.0418078022038753,2929606084573.1436,170,S1_depeg_stablecoin,indonesia,USDC
731,1.0528676178220626,2929606084573.1436,170,S1_depeg_stablecoin,indonesia,USDC
732,1.0358285749147087,2929606084573.1436,170,S1_depeg_stablecoin,indonesia,USDC
733,1.0328890402513784,2929606084573.1436,170,S1_depeg_stablecoin,indonesia,USDC
734,1.010593980070946,2929606084573.1436,170,S1_depeg_stablecoin,indonesia,USDC
735,1.0107699012521683,2929606084573.1436,170,S1_depeg_stablecoin,indonesia,USDC
736,0.9809498209609319,2929606084573.1436,170,S1_depeg_stablecoin,indonesia,USDC
737,1.016030547888142,2929606084573.1436,170,S1_depeg_stablecoin,indonesia,USDC
738,1.0025701602722228,2929606084573.1436,170,S1_depeg_stablecoin,indonesia,USDC
739,0.9968555141811375,2929606084573.1436,170,S1_depeg_stablecoin,indonesia,USDC
740,0.9927114228165943,2929606084573.1436,170,S1_depeg_stablecoin,indonesia,USDC
741,0.9813597704777687,2929606084573.1436,170,S1_depeg_stablecoin,indonesia,USDC
742,0.9822594834435568,2929606084573.1436,170,S1_depeg_stablecoin,indonesia,USDC
743,0.9769915233600218,2929606084573.1436,170,S1_depeg_stablecoin,indonesia,USDC
744,0.9987239412829975,2929606084573.1436,170,S1_depeg_stablecoin,indonesia,USDC
745,1.0402541786719952,2929606084573.1436,170,S1_depeg_stablecoin,indonesia,USDC
746,1.0553904635315108,2929606084573.1436,170,S1_depeg_stablecoin,indonesia,USDC
747,1.0566382938615397,2929606084573.1436,170,S1_depeg_stablecoin,indonesia,USDC
748,1.0344692427786757,2929606084573.1436,170,S1_depeg_stablecoin,indonesia,USDC
749,1.0444841375705078,2929606084573.1436,170,S1_depeg_stablecoin,indonesia,USDC
750,1.0572370423692703,2929606084573.1436,170,S1_depeg_stablecoin,indonesia,USDC
751,1.0437209114000892,2929606084573.1436,170,S1_depeg_stablecoin,indonesia,USDC
752,1.0335928797488443,2929606084573.1436,170,S1_depeg_stablecoin,indonesia,USDC
753,1.0362185286291214,2929606084573.1436,170,S1_depeg_stablecoin,indonesia,USDC
754,1.0236753746686413,2929606084573.1436,170,S1_depeg_stablecoin,indonesia,USDC
755,1.0282490113074667,2929606084573.1436,170,S1_depeg_stablecoin,indonesia,USDC
756,1.0335342140743367,2929606084573.1436,170,S1_depeg_stablecoin,indonesia,USDC
757,1.0266975711317035,2929606084573.1436,170,S1_depeg_stablecoin,indonesia,USDC
758,0.9921789856028276,2929606084573.1436,170,S1_depeg_stablecoin,indonesia,USDC
759,1.003597219999334,2929606084573.1436,170,S1_depeg_stablecoin,indonesia,USDC
760,1.010657007049601,2929606084573.1436,170,S1_depeg_stablecoin,indonesia,USDC
761,1.0042308800866597,2929606084573.1436,170,S1_depeg_stablecoin,indonesia,USDC
762,1.0060890886522535,2929606084573.1436,170,S1_depeg_stablecoin,indonesia,USDC
763,1.026613944408694,2929606084573.1436,170,S1_depeg_stablecoin,indonesia,USDC
764,0.9906933714068643,2929606084573.1436,170,S1_depeg_stablecoin,indonesia,USDC
765,1.0185712963831994,2929606084573.1436,170,S1_depeg_stablecoin,indonesia,USDC
766,1.0466895208425058,2929606084573.1436,170,S1_depeg_stablecoin,indonesia,USDC
767,1.0418440963414555,2929606084573.1436,170,S1_depeg_stablecoin,indonesia,USDC
768,1.0369786721814243,2929606084573.1436,170,S1_depeg_stablecoin,indonesia,USDC
769,1.0304669948144594,2929606084573.1436,170,S1_depeg_stablecoin,indonesia,USDC
770,1.0540002701105378,2929606084573.1436,170,S1_depeg_stablecoin,indonesia,USDC
771,1.053993535647433,2929606084573.1436,170,S1_depeg_stablecoin,indonesia,USDC
772,1.0496927732414825,2929606084573.1436,170,S1_depeg_stablecoin,indonesia,USDC
773,1.0359815120423528,2929606084573.1436,170,S1_depeg_stablecoin,indonesia,USDC
774,1.0330276327683974,2929606084573.1436,170,S1_depeg_stablecoin,indonesia,USDC
775,1.0428758244528789,2929606084573.1436,170,S1_depeg_stablecoin,indonesia,USDC
776,1.0296697771459624,2929606084573.1436,170,S1_depeg_stablecoin,indonesia,USDC
777,1.0327538838754329,2929606084573.1436,170,S1_depeg_stablecoin,indonesia,USDC
778,1.0560008073912128,2929606084573.1436,170,S1_depeg_stablecoin,indonesia,USDC
779,1.0462228555383923,2929606084573.1436,170,S1_depeg_stablecoin,indonesia,USDC
780,1.0500047983444463,2929606084573.1436,170,S1_depeg_stablecoin,indonesia,USDC
781,1.0100759615602242,2929606084573.1436,170,S1_depeg_stablecoin,indonesia,USDC
782,1.0168781242215605,2929606084573.1436,170,S1_depeg_stablecoin,indonesia,USDC
783,1.0472779566795336,2929606084573.1436,170,S1_depeg_stablecoin,indonesia,USDC
784,1.0512605439307183,2929606084573.1436,170,S1_depeg_stablecoin,indonesia,USDC
785,1.0625990390052216,2929606084573.1436,170,S1_depeg_stablecoin,indonesia,USDC
786,1.087013705909744,2929606084573.1436,170,S1_depeg_stablecoin,indonesia,USDC
787,1.0717278723876578,2929606084573.1436,170,S1_depeg_stablecoin,indonesia,USDC
788,1.0873217226916267,2929606084573.1436,170,S1_depeg_stablecoin,indonesia,USDC
789,1.0919952598738039,2929606084573.1436,170,S1_depeg_stablecoin,indonesia,USDC
790,1.0823395023137277,2929606084573.1436,170,S1_depeg_stablecoin,indonesia,USDC
791,1.0874363283065656,2929606084573.1436,170,S1_depeg_stablecoin,indonesia,USDC
792,1.0534538794830548,2929606084573.1436,170,S1_depeg_stablecoin,indonesia,USDC
793,1.0443675304777824,2929606084573.1436,170,S1_depeg_stablecoin,indonesia,USDC
794,1.016387096941037,2929606084573.1436,170,S1_depeg_stablecoin,indonesia,USDC
795,1.007439958256114,2929606084573.1436,170,S1_depeg_stablecoin,indonesia,USDC
796,0.9840793725129834,2929606084573.1436,170,S1_depeg_stablecoin,indonesia,USDC
797,1.0080891692066845,2929606084573.1436,170,S1_depeg_stablecoin,indonesia,USDC
798,1.0445991988210837,2929606084573.1436,170,S1_depeg_stablecoin,indonesia,USDC
799,1.0478810698035663,2929606084573.1436,170,S1_depeg_stablecoin,indonesia,USDC
800,1.012012099411228,2929606084573.1436,170,S1_depeg_stablecoin,indonesia,USDC
801,0.9826909809296637,2929606084573.1436,170,S1_depeg_stablecoin,indonesia,USDC
802,1.0031686412678509,2929606084573.1436,170,S1_depeg_stablecoin,indonesia,USDC
803,0.9945463796934604,2929606084573.1436,170,S1_depeg_stablecoin,indonesia,USDC
804,1.0034852454679386,2929606084573.1436,170,S1_depeg_stablecoin,indonesia,USDC
805,1.0055335429423686,2929606084573.1436,170,S1_depeg_stablecoin,indonesia,USDC
806,1.010918794870101,2929606084573.1436,170,S1_depeg_stablecoin,indonesia,USDC
807,1.030150774161666,2929606084573.1436,170,S1_depeg_stablecoin,indonesia,USDC
808,1.0674693363768863,2929606084573.1436,170,S1_depeg_stablecoin,indonesia,USDC
809,1.0756641347657634,2929606084573.1436,170,S1_depeg_stablecoin,indonesia,USDC
810,1.0829105519007487,2929606084573.1436,170,S1_depeg_stablecoin,indonesia,USDC
811,1.0650836410555777,2929606084573.1436,170,S1_depeg_stablecoin,indonesia,USDC
812,1.0543696479494598,2929606084573.1436,170,S1_depeg_stablecoin,indonesia,USDC
813,1.049044155998965,2929606084573.1436,170,S1_depeg_stablecoin,indonesia,USDC
814,1.0420262692026545,2929606084573.1436,170,S1_depeg_stablecoin,indonesia,USDC
815,1.040266796120668,2929606084573.1436,170,S1_depeg_stablecoin,indonesia,USDC
816,1.0576423511203346,2929606084573.1436,170,S1_depeg_stablecoin,indonesia,USDC
817,1.074008708172927,2929606084573.1436,170,S1_depeg_stablecoin,indonesia,USDC
818,1.0994218912533151,2929606084573.1436,170,S1_depeg_stablecoin,indonesia,USDC
819,1.0672639271449158,2929606084573.1436,170,S1_depeg_stablecoin,indonesia,USDC
820,1.0472262757450057,2929606084573.1436,170,S1_depeg_stablecoin,indonesia,USDC
821,1.0498087221314325,2929606084573.1436,170,S1_depeg_stablecoin,indonesia,USDC
822,1.071878381686588,2929606084573.1436,170,S1_depeg_stablecoin,indonesia,USDC
823,1.0827841918427807,2929606084573.1436,170,S1_depeg_stablecoin,indonesia,USDC
824,1.0477278519602808,2929606084573.1436,170,S1_depeg_stablecoin,indonesia,USDC
825,1.0254921624383628,2929606084573.1436,170,S1_depeg_stablecoin,indonesia,USDC
826,1.031618065034822,2929606084573.1436,170,S1_depeg_stablecoin,indonesia,USDC
827,1.0125649335467017,2929606084573.1436,170,S1_depeg_stablecoin,indonesia,USDC
828,0.9861766378063986,2929606084573.1436,170,S1_depeg_stablecoin,indonesia,USDC
829,0.974423720853838,2929606084573.1436,170,S1_depeg_stablecoin,indonesia,USDC
830,1.007909857945405,2929606084573.1436,170,S1_depeg_stablecoin,indonesia,USDC
831,1.011920710600816,2929606084573.1436,170,S1_depeg_stablecoin,indonesia,USDC
832,1.0580569778480737,2929606084573.1436,170,S1_depeg_stablecoin,indonesia,USDC
833,1.0190833853691115,2929606084573.1436,170,S1_depeg_stablecoin,indonesia,USDC
834,0.9996875238699879,2929606084573.1436,170,S1_depeg_stablecoin,indonesia,USDC
835,0.977554121824389,2929606084573.1436,170,S1_depeg_stablecoin,indonesia,USDC
836,0.9842423295780094,2929606084573.1436,170,S1_depeg_stablecoin,indonesia,USDC
837,0.9843055844578639,2929606084573.1436,170,S1_depeg_stablecoin,indonesia,USDC
838,0.9639973782399752,2929606084573.1436,170,S1_depeg_stablecoin,indonesia,USDC
839,0.9689413046358668,2929606084523.143,170,S1_depeg_stablecoin,indonesia,USDC
840,1.0029523608300124,2929606084523.143,170,S1_depeg_stablecoin,indonesia,USDC
841,1.024268666056527,2929606084523.143,170,S1_depeg_stablecoin,indonesia,USDC
842,0.9975691982803312,2929606084523.143,170,S1_depeg_stablecoin,indonesia,USDC
843,0.9948275528515544,2929606084523.143,170,S1_depeg_stablecoin,indonesia,USDC
844,0.9988215118896493,2929606084523.143,170,S1_depeg_stablecoin,indonesia,USDC
845,1.0253706121429318,2929606084523.143,170,S1_depeg_stablecoin,indonesia,USDC
846,1.0332150783790996,2929606084523.143,170,S1_depeg_stablecoin,indonesia,USDC
847,1.0418256449562577,2929606084523.143,170,S1_depeg_stablecoin,indonesia,USDC
848,1.036433678826949,2929606084523.143,170,S1_depeg_stablecoin,indonesia,USDC
849,1.0150672003973118,2929606084523.143,170,S1_depeg_stablecoin,indonesia,USDC
850,1.0434563674720525,2929606084523.143,170,S1_depeg_stablecoin,indonesia,USDC
851,1.0503237861844446,2929606084523.143,170,S1_depeg_stablecoin,indonesia,USDC
852,0.9934568457494793,2929606084523.143,170,S1_depeg_stablecoin,indonesia,USDC
853,1.0241873742009213,2929606084523.143,170,S1_depeg_stablecoin,indonesia,USDC
854,1.0385909977144787,2929606084523.143,170,S1_depeg_stablecoin,indonesia,USDC
855,1.0397971459242539,2929606084523.143,170,S1_depeg_stablecoin,indonesia,USDC
856,1.0123433428170678,2929606084523.143,170,S1_depeg_stablecoin,indonesia,USDC
857,1.009800644273142,2929606084523.143,170,S1_depeg_stablecoin,indonesia,USDC
858,1.0313645101343896,2929606084523.143,170,S1_depeg_stablecoin,indonesia,USDC
859,1.0169276796228137,2929606084523.143,170,S1_depeg_stablecoin,indonesia,USDC
860,1.0465442928264352,2929606084523.143,170,S1_depeg_stablecoin,indonesia,USDC
861,1.053239314171338,2929606084523.143,170,S1_depeg_stablecoin,indonesia,USDC
862,1.0450879470569479,2929606084523.143,170,S1_depeg_stablecoin,indonesia,USDC
863,1.0475613351913167,2929606084523.143,170,S1_depeg_stablecoin,indonesia,USDC
864,1.0392966399737562,2929606084523.143,170,S1_depeg_stablecoin,indonesia,USDC
865,1.0352149833869975,2929606084523.143,170,S1_depeg_stablecoin,indonesia,USDC
866,1.030278724154987,2929606084523.143,170,S1_depeg_stablecoin,indonesia,USDC
867,1.018513668765612,2929606084523.143,170,S1_depeg_stablecoin,indonesia,USDC
868,1.014618101807971,2929606084523.143,170,S1_depeg_stablecoin,indonesia,USDC
869,1.0037784986656288,2929606084523.143,170,S1_depeg_stablecoin,indonesia,USDC
870,1.0284192106510344,2929606084523.143,170,S1_depeg_stablecoin,indonesia,USDC
871,1.0334426230515212,2929606084523.143,170,S1_depeg_stablecoin,indonesia,USDC
872,1.0475066605326493,2929606084523.143,170,S1_depeg_stablecoin,indonesia,USDC
873,1.0846353071405386,2929606084523.143,170,S1_depeg_stablecoin,indonesia,USDC
874,1.0804005021666532,2929606084523.143,170,S1_depeg_stablecoin,indonesia,USDC
875,1.0273444643235892,2929606084523.143,170,S1_depeg_stablecoin,indonesia,USDC
876,1.0420757952849913,2929606084523.143,170,S1_depeg_stablecoin,indonesia,USDC
877,1.0466645622569648,2929606084523.143,170,S1_depeg_stablecoin,indonesia,USDC
878,1.041298050312958,2929606084523.143,170,S1_depeg_stablecoin,indonesia,USDC
879,1.0559042726412027,2929606084523.143,170,S1_depeg_stablecoin,indonesia,USDC
880,1.0723924981618767,2929606084523.143,170,S1_depeg_stablecoin,indonesia,USDC
881,1.054185347092949,2929606084523.143,170,S1_depeg_stablecoin,indonesia,USDC
882,1.0746034206165567,2929606084523.143,170,S1_depeg_stablecoin,indonesia,USDC
883,1.0378236697699879,2929606084523.143,170,S1_depeg_stablecoin,indonesia,USDC
884,1.027765889037977,2929606084523.143,170,S1_depeg_stablecoin,indonesia,USDC
885,0.9889955128304192,2929606084523.143,170,S1_depeg_stablecoin,indonesia,USDC
886,0.9946067308237276,2929606084523.143,170,S1_depeg_stablecoin,indonesia,USDC
887,1.015487089314709,2929606084523.143,170,S1_depeg_stablecoin,indonesia,USDC
888,1.024146476746714,2929606084523.143,170,S1_depeg_stablecoin,indonesia,USDC
889,1.005972687218536,2929606084523.143,170,S1_depeg_stablecoin,indonesia,USDC
890,0.9716602465951528,2929606084523.143,170,S1_depeg_stablecoin,indonesia,USDC
891,0.9647187218854273,2929606084523.143,170,S1_depeg_stablecoin,indonesia,USDC
892,0.9504810943555769,2929606084484.099,170,S1_depeg_stablecoin,indonesia,USDC
893,0.9782598837644594,2929606084343.7,170,S1_depeg_stablecoin,indonesia,USDC
894,0.9798921731699126,2929606084343.7,170,S1_depeg_stablecoin,indonesia,USDC
895,0.9867775523590763,2929606084343.7,170,S1_depeg_stablecoin,indonesia,USDC
896,0.9698179810634624,2929606084343.7,170,S1_depeg_stablecoin,indonesia,USDC
897,0.9424467908121491,2929606084343.228,170,S1_depeg_stablecoin,indonesia,USDC
898,0.927158357473167,2929606084135.521,170,S1_depeg_stablecoin,indonesia,USDC
899,0.9247264495577294,2929606083817.477,170,S1_depeg_stablecoin,indonesia,USDC
900,0.9169449635421347,2929606083475.63,170,S1_depeg_stablecoin,indonesia,USDC
901,0.8975074461648515,2929606083103.7715,170,S1_depeg_stablecoin,indonesia,USDC
902,0.9297309534413861,2929606082609.74,170,S1_depeg_stablecoin,indonesia,USDC
903,0.9282177420968603,2929606082355.819,170,S1_depeg_stablecoin,indonesia,USDC
904,0.8796854519171536,2929606082110.742,170,S1_depeg_stablecoin,indonesia,USDC
905,0.8764138918377784,2929606081622.5522,170,S1_depeg_stablecoin,indonesia,USDC
906,0.8822029028506473,2929606081138.679,170,S1_depeg_stablecoin,indonesia,USDC
907,0.873276794678324,2929606080727.9014,170,S1_depeg_stablecoin,indonesia,USDC
908,0.8796529771910554,2929606080333.3096,170,S1_depeg_stablecoin,indonesia,USDC
909,0.868675254887808,2929606079991.9014,170,S1_depeg_stablecoin,indonesia,USDC
910,0.8933191561335814,2929606079634.629,170,S1_depeg_stablecoin,indonesia,USDC
911,0.9184029634395632,2929606079397.746,170,S1_depeg_stablecoin,indonesia,USDC
912,0.9167600795613661,2929606079243.25,170,S1_depeg_stablecoin,indonesia,USDC
913,0.9321176258737253,2929606079092.3145,170,S1_depeg_stablecoin,indonesia,USDC
914,0.9296849176814611,2929606078999.9067,170,S1_depeg_stablecoin,indonesia,USDC
915,0.9230622634694179,2929606078901.76,170,S1_depeg_stablecoin,indonesia,USDC
916,0.9459671117426858,2929606078794.767,170,S1_depeg_stablecoin,indonesia,USDC
917,0.9606575594482109,2929606078737.7456,170,S1_depeg_stablecoin,indonesia,USDC
918,0.9187204628168347,2929606078717.5684,170,S1_depeg_stablecoin,indonesia,USDC
919,0.9237763698485735,2929606078606.0537,170,S1_depeg_stablecoin,indonesia,USDC
920,0.9499411592513425,2929606078511.0415,170,S1_depeg_stablecoin,indonesia,USDC
921,0.944542076373928,2929606078471.0645,170,S1_depeg_stablecoin,indonesia,USDC
922,0.9517318898508099,2929606078421.0596,170,S1_depeg_stablecoin,indonesia,USDC
923,0.9681807133773626,2929606078387.8853,170,S1_depeg_stablecoin,indonesia,USDC
924,0.950599261102883,2929606078387.4395,170,S1_depeg_stablecoin,indonesia,USDC
925,0.9286694315823903,2929606078349.5547,170,S1_depeg_stablecoin,indonesia,USDC
926,0.9192489328384095,2929606078277.287,170,S1_depeg_stablecoin,indonesia,USDC
927,0.9573064595523706,2929606078186.294,170,S1_depeg_stablecoin,indonesia,USDC
928,0.9710461628181625,2929606078164.139,170,S1_depeg_stablecoin,indonesia,USDC
929,0.9467724381188105,2929606078164.139,170,S1_depeg_stablecoin,indonesia,USDC
930,0.9758385381777063,2929606078127.169,170,S1_depeg_stablecoin,indonesia,USDC
931,0.9724503802833415,2929606078127.169,170,S1_depeg_stablecoin,indonesia,USDC
932,0.951425746706228,2929606078127.169,170,S1_depeg_stablecoin,indonesia,USDC
933,0.9467873283134738,2929606078098.5977,170,S1_depeg_stablecoin,indonesia,USDC
934,0.9758585318522275,2929606078060.1816,170,S1_depeg_stablecoin,indonesia,USDC
935,0.9730586615572396,2929606078060.1816,170,S1_depeg_stablecoin,indonesia,USDC
936,0.9798282140861407,2929606078060.1816,170,S1_depeg_stablecoin,indonesia,USDC
937,0.9572882253165015,2929606078060.1816,170,S1_depeg_stablecoin,indonesia,USDC
938,0.9425087720454762,2929606078042.002,170,S1_depeg_stablecoin,indonesia,USDC
939,0.9211386766712667,2929606077999.6514,170,S1_depeg_stablecoin,indonesia,USDC
940,0.9222045324689535,2929606077923.7725,170,S1_depeg_stablecoin,indonesia,USDC
941,0.9550093776428356,2929606077857.093,170,S1_depeg_stablecoin,indonesia,USDC
942,0.9889224285059987,2929606077838.081,170,S1_depeg_stablecoin,indonesia,USDC
943,1.003013619303641,2929606077838.081,170,S1_depeg_stablecoin,indonesia,USDC
944,1.042933604132975,2929606077838.081,170,S1_depeg_stablecoin,indonesia,USDC
945,1.0124289605476424,2929606077838.081,170,S1_depeg_stablecoin,indonesia,USDC
946,1.0103252038884711,2929606077838.081,170,S1_depeg_stablecoin,indonesia,USDC
947,1.0152393757641713,2929606077838.081,170,S1_depeg_stablecoin,indonesia,USDC
948,1.0174477371946204,2929606077838.081,170,S1_depeg_stablecoin,indonesia,USDC
949,1.0085072771799402,2929606077838.081,170,S1_depeg_stablecoin,indonesia,USDC
950,0.9997330189397846,2929606077838.081,170,S1_depeg_stablecoin,indonesia,USDC
951,1.0142611991945154,2929606077838.081,170,S1_depeg_stablecoin,indonesia,USDC
952,0.8828657051198359,2929606077838.081,170,S1_depeg_stablecoin,indonesia,USDC
953,0.8869339982174158,2929606077722.822,170,S1_depeg_stablecoin,indonesia,USDC
954,0.8778186576017826,2929606077622.284,170,S1_depeg_stablecoin,indonesia,USDC
955,0.9154932490587272,2929606077514.9937,170,S1_depeg_stablecoin,indonesia,USDC
956,0.9216467511064687,2929606077460.6226,170,S1_depeg_stablecoin,indonesia,USDC
957,0.9375840537261243,2929606077415.076,170,S1_depeg_stablecoin,indonesia,USDC
958,0.9727734743892049,2929606077387.2373,170,S1_depeg_stablecoin,indonesia,USDC
959,0.9622828041860817,2929606077387.2373,170,S1_depeg_stablecoin,indonesia,USDC
960,1.005409798725929,2929606077381.2563,170,S1_depeg_stablecoin,indonesia,USDC
961,1.0316357928464712,2929606077381.2563,170,S1_depeg_stablecoin,indonesia,USDC
962,1.011473669705096,2929606077381.2563,170,S1_depeg_stablecoin,indonesia,USDC
963,1.0025149970056857,2929606077381.2563,170,S1_depeg_stablecoin,indonesia,USDC
964,0.9800603810665036,2929606077381.2563,170,S1_depeg_stablecoin,indonesia,USDC
965,0.9879343946575537,2929606077381.2563,170,S1_depeg_stablecoin,indonesia,USDC
966,1.0188823881463307,2929606077381.2563,170,S1_depeg_stablecoin,indonesia,USDC
967,1.0034512905193342,2929606077381.2563,170,S1_depeg_stablecoin,indonesia,USDC
968,0.9759624657499247,2929606077381.2563,170,S1_depeg_stablecoin,indonesia,USDC
969,0.9421107632395352,2929606077381.2563,170,S1_depeg_stablecoin,indonesia,USDC
970,0.9568612777870011,2929606077358.3755,170,S1_depeg_stablecoin,indonesia,USDC
971,0.9611670017409558,2929606077347.911,170,S1_depeg_stablecoin,indonesia,USDC
972,0.9542993520012742,2929606077341.3003,170,S1_depeg_stablecoin,indonesia,USDC
973,0.9794781117697486,2929606077328.899,170,S1_depeg_stablecoin,indonesia,USDC
974,0.9818445318789086,2929606077328.899,170,S1_depeg_stablecoin,indonesia,USDC
975,0.9444561229920454,2929606077328.899,170,S1_depeg_stablecoin,indonesia,USDC
976,0.9663575609462423,2929606077308.5327,170,S1_depeg_stablecoin,indonesia,USDC
977,0.9710882156625525,2929606077306.392,170,S1_depeg_stablecoin,indonesia,USDC
978,0.9486554992771616,2929606077306.392,170,S1_depeg_stablecoin,indonesia,USDC
979,0.9509836527543518,2929606077289.1772,170,S1_depeg_stablecoin,indonesia,USDC
980,0.9403172422866403,2929606077275.585,170,S1_depeg_stablecoin,indonesia,USDC
981,0.9572153075663807,2929606077251.6465,170,S1_depeg_stablecoin,indonesia,USDC
982,0.9509309442629449,2929606077243.3237,170,S1_depeg_stablecoin,indonesia,USDC
983,0.944849951815187,2929606077229.2393,170,S1_depeg_stablecoin,indonesia,USDC
984,0.9732525434302911,2929606077210.8877,170,S1_depeg_stablecoin,indonesia,USDC
985,0.9940531275254929,2929606077210.8877,170,S1_depeg_stablecoin,indonesia,USDC
986,0.992273905701446,2929606077210.8877,170,S1_depeg_stablecoin,indonesia,USDC
987,0.9911362980440525,2929606077210.8877,170,S1_depeg_stablecoin,indonesia,USDC
988,1.0097371697207416,2929606077210.8877,170,S1_depeg_stablecoin,indonesia,USDC
989,0.9886552267528591,2929606077210.8877,170,S1_depeg_stablecoin,indonesia,USDC
990,0.999575480387203,2929606077210.8877,170,S1_depeg_stablecoin,indonesia,USDC
991,0.985345741442766,2929606077210.8877,170,S1_depeg_stablecoin,indonesia,USDC
992,0.9850971645845584,2929606077210.8877,170,S1_depeg_stablecoin,indonesia,USDC
993,0.986059791670457,2929606077210.8877,170,S1_depeg_stablecoin,indonesia,USDC
994,0.9722682745216218,2929606077210.8877,170,S1_depeg_stablecoin,indonesia,USDC
995,0.9831008020002112,2929606077210.8877,170,S1_depeg_stablecoin,indonesia,USDC
996,0.9714956879169031,2929606077210.8877,170,S1_depeg_stablecoin,indonesia,USDC
997,1.0013744637749848,2929606077210.8877,170,S1_depeg_stablecoin,indonesia,USDC
998,0.9852155599355137,2929606077210.8877,170,S1_depeg_stablecoin,indonesia,USDC
999,0.9930047753432791,2929606077210.8877,170,S1_depeg_stablecoin,indonesia,USDC
1000,1.003060586098461,2929606077210.8877,170,S1_depeg_stablecoin,indonesia,USDC
