Step,price,liquidity,iteration,scenario,region,coin
1,1.0232663566395208,2989054399485.745,30,S1_depeg_stablecoin,indonesia,USDC
2,1.0265266375664392,2989054399485.745,30,S1_depeg_stablecoin,indonesia,USDC
3,1.003523866395664,2989054399485.745,30,S1_depeg_stablecoin,indonesia,USDC
4,1.0143734880496895,2989054399485.745,30,S1_depeg_stablecoin,indonesia,USDC
5,1.0007979681404569,2989054399485.745,30,S1_depeg_stablecoin,indonesia,USDC
6,1.011892891441833,2989054399485.745,30,S1_depeg_stablecoin,indonesia,USDC
7,0.9784978344779464,2989054399485.745,30,S1_depeg_stablecoin,indonesia,USDC
8,0.9781181876230495,2989054399485.745,30,S1_depeg_stablecoin,indonesia,USDC
9,1.0075878239666727,2989054399485.745,30,S1_depeg_stablecoin,indonesia,USDC
10,1.0031099137546944,2989054399485.745,30,S1_depeg_stablecoin,indonesia,USDC
11,0.9916745703940634,2989054399485.745,30,S1_depeg_stablecoin,indonesia,USDC
12,0.9980930116097719,2989054399485.745,30,S1_depeg_stablecoin,indonesia,USDC
13,0.9164202112281354,2989054399485.745,30,S1_depeg_stablecoin,indonesia,USDC
14,0.9094559987264932,2985740185747.28,30,S1_depeg_stablecoin,indonesia,USDC
15,0.8832603016169311,2982225026001.619,30,S1_depeg_stablecoin,indonesia,USDC
16,0.8795260782365826,2977528464465.681,30,S1_depeg_stablecoin,indonesia,USDC
17,0.8830008249487912,2973093921053.1035,30,S1_depeg_stablecoin,indonesia,USDC
18,0.9059116025966373,2969225158024.3184,30,S1_depeg_stablecoin,indonesia,USDC
19,0.9210724637651293,2966634053143.244,30,S1_depeg_stablecoin,indonesia,USDC
20,0.9585102046487096,2964773044130.273,30,S1_depeg_stablecoin,indonesia,USDC
21,0.9639555138256689,2964358889419.6675,30,S1_depeg_stablecoin,indonesia,USDC
22,0.9604428581244142,2964154587680.1123,30,S1_depeg_stablecoin,indonesia,USDC
23,0.9769653333743604,2963817490591.173,30,S1_depeg_stablecoin,indonesia,USDC
24,0.9638001335538955,2963817490591.173,30,S1_depeg_stablecoin,indonesia,USDC
25,0.9857192219636114,2963611442879.0957,30,S1_depeg_stablecoin,indonesia,USDC
26,0.9607637185209883,2963611442879.0957,30,S1_depeg_stablecoin,indonesia,USDC
27,0.9722330182987534,2963308929587.2095,30,S1_depeg_stablecoin,indonesia,USDC
28,0.9583617466365927,2963308929587.2095,30,S1_depeg_stablecoin,indonesia,USDC
29,0.9654211636683702,2962916893076.948,30,S1_depeg_stablecoin,indonesia,USDC
30,0.9392942453184363,2962772967049.339,30,S1_depeg_stablecoin,indonesia,USDC
31,0.9544193189055116,2961733909830.1157,30,S1_depeg_stablecoin,indonesia,USDC
32,0.9434904227550108,2961240798436.743,30,S1_depeg_stablecoin,indonesia,USDC
33,0.9619561887648995,2960400882658.1084,30,S1_depeg_stablecoin,indonesia,USDC
34,0.9811890124824129,2960167718571.9995,30,S1_depeg_stablecoin,indonesia,USDC
35,0.956023100378361,2960167718571.9995,30,S1_depeg_stablecoin,indonesia,USDC
36,0.9540772891331999,2959750711288.086,30,S1_depeg_stablecoin,indonesia,USDC
37,0.9447245635926853,2959279792631.49,30,S1_depeg_stablecoin,indonesia,USDC
38,0.9485706768738136,2958505479483.1216,30,S1_depeg_stablecoin,indonesia,USDC
39,0.9389592045336159,2957854843699.9473,30,S1_depeg_stablecoin,indonesia,USDC
40,0.9704428602052236,2956933205866.758,30,S1_depeg_stablecoin,indonesia,USDC
41,0.9667051201908693,2956933205866.758,30,S1_depeg_stablecoin,indonesia,USDC
42,0.9153501972089044,2956838507602.585,30,S1_depeg_stablecoin,indonesia,USDC
43,0.9034597176634787,2955293885120.4277,30,S1_depeg_stablecoin,indonesia,USDC
44,0.9196054108307354,2953563658216.086,30,S1_depeg_stablecoin,indonesia,USDC
45,0.9356506620746213,2952309334248.618,30,S1_depeg_stablecoin,indonesia,USDC
46,0.9179565645584441,2951530770362.2417,30,S1_depeg_stablecoin,indonesia,USDC
47,0.9061547350174782,2950343895953.258,30,S1_depeg_stablecoin,indonesia,USDC
48,0.8352175213528384,2949007084702.694,30,S1_depeg_stablecoin,indonesia,USDC
49,0.8607800799319308,2946234638961.243,30,S1_depeg_stablecoin,indonesia,USDC
50,0.8820555762353487,2944387627849.363,30,S1_depeg_stablecoin,indonesia,USDC
51,0.9139414304242156,2943044721419.644,30,S1_depeg_stablecoin,indonesia,USDC
52,0.9243236009574035,2942236187980.9644,30,S1_depeg_stablecoin,indonesia,USDC
53,0.9188275126894584,2941644121937.4043,30,S1_depeg_stablecoin,indonesia,USDC
54,0.901532573133947,2940995262736.0205,30,S1_depeg_stablecoin,indonesia,USDC
55,0.9172671782559493,2940152417188.282,30,S1_depeg_stablecoin,indonesia,USDC
56,0.9149935169183336,2939549087508.674,30,S1_depeg_stablecoin,indonesia,USDC
57,0.8879372766683645,2938984189790.5576,30,S1_depeg_stablecoin,indonesia,USDC
58,0.9213943833064244,2938144122126.0986,30,S1_depeg_stablecoin,indonesia,USDC
59,0.9094720085005871,2937713171335.912,30,S1_depeg_stablecoin,indonesia,USDC
60,0.9418140474188497,2937213269266.0977,30,S1_depeg_stablecoin,indonesia,USDC
61,0.971369114179547,2936976191413.7837,30,S1_depeg_stablecoin,indonesia,USDC
62,0.9813307809264669,2936976191413.7837,30,S1_depeg_stablecoin,indonesia,USDC
63,0.9697147845148877,2936976191413.7837,30,S1_depeg_stablecoin,indonesia,USDC
64,0.9361969051574832,2936974638135.998,30,S1_depeg_stablecoin,indonesia,USDC
65,0.9514560159046448,2936715940722.7456,30,S1_depeg_stablecoin,indonesia,USDC
66,0.9572342522239483,2936588642359.8105,30,S1_depeg_stablecoin,indonesia,USDC
67,0.9629348432781155,2936506096104.458,30,S1_depeg_stablecoin,indonesia,USDC
68,1.0287229838570981,2936451820429.7617,30,S1_depeg_stablecoin,indonesia,USDC
69,1.0178729477575048,2936451820429.7617,30,S1_depeg_stablecoin,indonesia,USDC
70,1.0370017633104418,2936451820429.7617,30,S1_depeg_stablecoin,indonesia,USDC
71,1.0228008027723594,2936451820429.7617,30,S1_depeg_stablecoin,indonesia,USDC
72,1.024371374812973,2936451820429.7617,30,S1_depeg_stablecoin,indonesia,USDC
73,1.0051101976229957,2936451820429.7617,30,S1_depeg_stablecoin,indonesia,USDC
74,0.9866147730987134,2936451820429.7617,30,S1_depeg_stablecoin,indonesia,USDC
75,1.0149814220993754,2936451820429.7617,30,S1_depeg_stablecoin,indonesia,USDC
76,1.0149428780362306,2936451820429.7617,30,S1_depeg_stablecoin,indonesia,USDC
77,1.018460166539952,2936451820429.7617,30,S1_depeg_stablecoin,indonesia,USDC
78,1.0006952957638973,2936451820429.7617,30,S1_depeg_stablecoin,indonesia,USDC
79,1.0122697412421928,2936451820429.7617,30,S1_depeg_stablecoin,indonesia,USDC
80,0.9902719509891633,2936451820429.7617,30,S1_depeg_stablecoin,indonesia,USDC
81,0.9920146574970138,2936451820429.7617,30,S1_depeg_stablecoin,indonesia,USDC
82,1.0112213829053736,2936451820429.7617,30,S1_depeg_stablecoin,indonesia,USDC
83,1.0168290296117728,2936451820429.7617,30,S1_depeg_stablecoin,indonesia,USDC
84,1.0135050387697062,2936451820429.7617,30,S1_depeg_stablecoin,indonesia,USDC
85,1.0282147384023594,2936451820429.7617,30,S1_depeg_stablecoin,indonesia,USDC
86,1.048177373094906,2936451820429.7617,30,S1_depeg_stablecoin,indonesia,USDC
87,1.0188672263153211,2936451820429.7617,30,S1_depeg_stablecoin,indonesia,USDC
88,0.9709089815977504,2936451820429.7617,30,S1_depeg_stablecoin,indonesia,USDC
89,0.9907752230323827,2936451820429.7617,30,S1_depeg_stablecoin,indonesia,USDC
90,0.971948124594991,2936451820429.7617,30,S1_depeg_stablecoin,indonesia,USDC
91,0.9777603798251486,2936451820429.7617,30,S1_depeg_stablecoin,indonesia,USDC
92,0.9832601525658093,2936451820429.7617,30,S1_depeg_stablecoin,indonesia,USDC
93,0.9841293551191371,2936451820429.7617,30,S1_depeg_stablecoin,indonesia,USDC
94,0.9925729039517219,2936451820429.7617,30,S1_depeg_stablecoin,indonesia,USDC
95,0.9892714844328674,2936451820429.7617,30,S1_depeg_stablecoin,indonesia,USDC
96,1.016564629677587,2936451820429.7617,30,S1_depeg_stablecoin,indonesia,USDC
97,1.0374327433701784,2936451820429.7617,30,S1_depeg_stablecoin,indonesia,USDC
98,1.0071988001686856,2936451820429.7617,30,S1_depeg_stablecoin,indonesia,USDC
99,0.9995668831105534,2936451820429.7617,30,S1_depeg_stablecoin,indonesia,USDC
100,0.9733129785155651,2936451820429.7617,30,S1_depeg_stablecoin,indonesia,USDC
101,0.8542076239515181,2936451820429.7617,30,S1_depeg_stablecoin,indonesia,USDC
102,0.8397383808974958,2935587206364.752,30,S1_depeg_stablecoin,indonesia,USDC
103,0.8743652846118481,2934763880497.785,30,S1_depeg_stablecoin,indonesia,USDC
104,0.8721922106022306,2934200968547.6816,30,S1_depeg_stablecoin,indonesia,USDC
105,0.8897290843339678,2933704652405.264,30,S1_depeg_stablecoin,indonesia,USDC
106,0.8912747399386911,2933319827601.214,30,S1_depeg_stablecoin,indonesia,USDC
107,0.9330327302113796,2932997550334.6094,30,S1_depeg_stablecoin,indonesia,USDC
108,0.9592007528612806,2932851826802.3535,30,S1_depeg_stablecoin,indonesia,USDC
109,0.9798038054491123,2932812226420.292,30,S1_depeg_stablecoin,indonesia,USDC
110,0.9463116052401604,2932812226420.292,30,S1_depeg_stablecoin,indonesia,USDC
111,0.9721421596335967,2932727419899.025,30,S1_depeg_stablecoin,indonesia,USDC
112,0.9527885823991956,2932727419899.025,30,S1_depeg_stablecoin,indonesia,USDC
113,0.9647119767375308,2932662246818.4175,30,S1_depeg_stablecoin,indonesia,USDC
114,0.963649530744269,2932649140951.827,30,S1_depeg_stablecoin,indonesia,USDC
115,0.9897212699301707,2932630091261.708,30,S1_depeg_stablecoin,indonesia,USDC
116,0.9832139126263642,2932630091261.708,30,S1_depeg_stablecoin,indonesia,USDC
117,0.9644865608820291,2932630091261.708,30,S1_depeg_stablecoin,indonesia,USDC
118,0.9666572188989238,2932609767180.356,30,S1_depeg_stablecoin,indonesia,USDC
119,0.9930805219532941,2932601585867.3096,30,S1_depeg_stablecoin,indonesia,USDC
120,0.9884445447582356,2932601585867.3096,30,S1_depeg_stablecoin,indonesia,USDC
121,0.9879738610466485,2932601585867.3096,30,S1_depeg_stablecoin,indonesia,USDC
122,0.985249324059432,2932601585867.3096,30,S1_depeg_stablecoin,indonesia,USDC
123,1.0253922252000205,2932601585867.3096,30,S1_depeg_stablecoin,indonesia,USDC
124,1.050983445202157,2932601585867.3096,30,S1_depeg_stablecoin,indonesia,USDC
125,1.0586709898587616,2932601585867.3096,30,S1_depeg_stablecoin,indonesia,USDC
126,1.068948624916692,2932601585867.3096,30,S1_depeg_stablecoin,indonesia,USDC
127,1.0736128464679513,2932601585867.3096,30,S1_depeg_stablecoin,indonesia,USDC
128,1.07526394520802,2932601585867.3096,30,S1_depeg_stablecoin,indonesia,USDC
129,1.0950733294484625,2932601585867.3096,30,S1_depeg_stablecoin,indonesia,USDC
130,1.1249942894674045,2932601585867.3096,30,S1_depeg_stablecoin,indonesia,USDC
131,1.0959671105096003,2932601585867.3096,30,S1_depeg_stablecoin,indonesia,USDC
132,1.1184591961398131,2932601585867.3096,30,S1_depeg_stablecoin,indonesia,USDC
133,1.1260838227539463,2932601585867.3096,30,S1_depeg_stablecoin,indonesia,USDC
134,1.1198181727248433,2932601585867.3096,30,S1_depeg_stablecoin,indonesia,USDC
135,1.0952903195305732,2932601585867.3096,30,S1_depeg_stablecoin,indonesia,USDC
136,1.092266423887465,2932601585867.3096,30,S1_depeg_stablecoin,indonesia,USDC
137,1.0727362356852213,2932601585867.3096,30,S1_depeg_stablecoin,indonesia,USDC
138,1.0731560279403336,2932601585867.3096,30,S1_depeg_stablecoin,indonesia,USDC
139,1.0518261564047073,2932601585867.3096,30,S1_depeg_stablecoin,indonesia,USDC
140,1.0200752491172758,2932601585867.3096,30,S1_depeg_stablecoin,indonesia,USDC
141,1.0040627592887488,2932601585867.3096,30,S1_depeg_stablecoin,indonesia,USDC
142,1.0148247068275658,2932601585867.3096,30,S1_depeg_stablecoin,indonesia,USDC
143,1.0021951742572446,2932601585867.3096,30,S1_depeg_stablecoin,indonesia,USDC
144,1.0004817398546832,2932601585867.3096,30,S1_depeg_stablecoin,indonesia,USDC
145,1.0085019235067925,2932601585867.3096,30,S1_depeg_stablecoin,indonesia,USDC
146,0.9897980330682772,2932601585867.3096,30,S1_depeg_stablecoin,indonesia,USDC
147,0.9961890471882684,2932601585867.3096,30,S1_depeg_stablecoin,indonesia,USDC
148,0.9870324166580766,2932601585867.3096,30,S1_depeg_stablecoin,indonesia,USDC
149,0.9666568986349257,2932601585867.3096,30,S1_depeg_stablecoin,indonesia,USDC
150,0.9386415612984962,2932589360502.7383,30,S1_depeg_stablecoin,indonesia,USDC
151,0.9329900552458273,2932482534269.925,30,S1_depeg_stablecoin,indonesia,USDC
152,0.9441507915389569,2932363576411.3193,30,S1_depeg_stablecoin,indonesia,USDC
153,0.9502776539139932,2932275391252.367,30,S1_depeg_stablecoin,indonesia,USDC
154,0.9365818891234132,2932212629766.065,30,S1_depeg_stablecoin,indonesia,USDC
155,0.9551392052987293,2932107254978.727,30,S1_depeg_stablecoin,indonesia,USDC
156,0.9687210706169528,2932067543450.317,30,S1_depeg_stablecoin,indonesia,USDC
157,0.973466206116768,2932064894100.4473,30,S1_depeg_stablecoin,indonesia,USDC
158,0.9247082824717141,2932064894100.4473,30,S1_depeg_stablecoin,indonesia,USDC
159,0.9387073116225637,2931936010382.7134,30,S1_depeg_stablecoin,indonesia,USDC
160,0.9399726424718654,2931846083671.0913,30,S1_depeg_stablecoin,indonesia,USDC
161,0.9347811274269037,2931765415870.42,30,S1_depeg_stablecoin,indonesia,USDC
162,0.9618564089294442,2931670022851.244,30,S1_depeg_stablecoin,indonesia,USDC
163,0.9655788739607756,2931653206249.511,30,S1_depeg_stablecoin,indonesia,USDC
164,0.9569470408938455,2931645972270.6494,30,S1_depeg_stablecoin,indonesia,USDC
165,0.9452920842692939,2931612997474.5347,30,S1_depeg_stablecoin,indonesia,USDC
166,0.9583511625822263,2931552653792.3804,30,S1_depeg_stablecoin,indonesia,USDC
167,0.96978663452438,2931522651979.7554,30,S1_depeg_stablecoin,indonesia,USDC
168,0.9686221855282348,2931522651979.7554,30,S1_depeg_stablecoin,indonesia,USDC
169,0.9704992307008125,2931522651979.7554,30,S1_depeg_stablecoin,indonesia,USDC
170,0.9620191479868578,2931522651979.7554,30,S1_depeg_stablecoin,indonesia,USDC
171,0.9663116334032346,2931505560935.052,30,S1_depeg_stablecoin,indonesia,USDC
172,1.0033692677475192,2931496240541.224,30,S1_depeg_stablecoin,indonesia,USDC
173,0.9951616459049433,2931496240541.224,30,S1_depeg_stablecoin,indonesia,USDC
174,0.9781900918909349,2931496240541.224,30,S1_depeg_stablecoin,indonesia,USDC
175,0.9552035904490876,2931496240541.224,30,S1_depeg_stablecoin,indonesia,USDC
176,0.9620827379711983,2931460886445.1475,30,S1_depeg_stablecoin,indonesia,USDC
177,0.975928465790182,2931441244395.842,30,S1_depeg_stablecoin,indonesia,USDC
178,0.9961980776336519,2931441244395.842,30,S1_depeg_stablecoin,indonesia,USDC
179,1.0164002102009386,2931441244395.842,30,S1_depeg_stablecoin,indonesia,USDC
180,1.0126262813001472,2931441244395.842,30,S1_depeg_stablecoin,indonesia,USDC
181,0.9888890576133114,2931441244395.842,30,S1_depeg_stablecoin,indonesia,USDC
182,0.9948272044199323,2931441244395.842,30,S1_depeg_stablecoin,indonesia,USDC
183,0.9752705631689335,2931441244395.842,30,S1_depeg_stablecoin,indonesia,USDC
184,0.9517496278197752,2931441244395.842,30,S1_depeg_stablecoin,indonesia,USDC
185,0.934512079832789,2931398333349.0356,30,S1_depeg_stablecoin,indonesia,USDC
186,0.9569467663082469,2931317854599.6777,30,S1_depeg_stablecoin,indonesia,USDC
187,0.9734605470296503,2931290760293.074,30,S1_depeg_stablecoin,indonesia,USDC
188,0.9800121483748448,2931290760293.074,30,S1_depeg_stablecoin,indonesia,USDC
189,0.9652215609139266,2931290760293.074,30,S1_depeg_stablecoin,indonesia,USDC
190,0.9866312894594105,2931281077566.138,30,S1_depeg_stablecoin,indonesia,USDC
191,0.9794238482449455,2931281077566.138,30,S1_depeg_stablecoin,indonesia,USDC
192,0.9691818950202078,2931281077566.138,30,S1_depeg_stablecoin,indonesia,USDC
193,0.9798032660750666,2931280451887.1685,30,S1_depeg_stablecoin,indonesia,USDC
194,1.0016786278886292,2931280451887.1685,30,S1_depeg_stablecoin,indonesia,USDC
195,1.0170681813509013,2931280451887.1685,30,S1_depeg_stablecoin,indonesia,USDC
196,1.01302973730128,2931280451887.1685,30,S1_depeg_stablecoin,indonesia,USDC
197,1.0226928538897166,2931280451887.1685,30,S1_depeg_stablecoin,indonesia,USDC
198,1.044279480340307,2931280451887.1685,30,S1_depeg_stablecoin,indonesia,USDC
199,1.0393542141496859,2931280451887.1685,30,S1_depeg_stablecoin,indonesia,USDC
200,1.0565431844720055,2931280451887.1685,30,S1_depeg_stablecoin,indonesia,USDC
201,1.048935686025224,2931280451887.1685,30,S1_depeg_stablecoin,indonesia,USDC
202,1.0254780855683778,2931280451887.1685,30,S1_depeg_stablecoin,indonesia,USDC
203,1.0474941857003996,2931280451887.1685,30,S1_depeg_stablecoin,indonesia,USDC
204,1.0129481669567948,2931280451887.1685,30,S1_depeg_stablecoin,indonesia,USDC
205,1.0166245168429786,2931280451887.1685,30,S1_depeg_stablecoin,indonesia,USDC
206,1.0032267542104034,2931280451887.1685,30,S1_depeg_stablecoin,indonesia,USDC
207,1.0099062394323535,2931280451887.1685,30,S1_depeg_stablecoin,indonesia,USDC
208,1.00396344716614,2931280451887.1685,30,S1_depeg_stablecoin,indonesia,USDC
209,1.0157966186725798,2931280451887.1685,30,S1_depeg_stablecoin,indonesia,USDC
210,1.0551113806299954,2931280451887.1685,30,S1_depeg_stablecoin,indonesia,USDC
211,1.0543162966389463,2931280451887.1685,30,S1_depeg_stablecoin,indonesia,USDC
212,1.0479130809919943,2931280451887.1685,30,S1_depeg_stablecoin,indonesia,USDC
213,1.049898237294145,2931280451887.1685,30,S1_depeg_stablecoin,indonesia,USDC
214,1.0525922139499817,2931280451887.1685,30,S1_depeg_stablecoin,indonesia,USDC
215,1.0650163096964507,2931280451887.1685,30,S1_depeg_stablecoin,indonesia,USDC
216,1.0823750773553014,2931280451887.1685,30,S1_depeg_stablecoin,indonesia,USDC
217,1.0900341349785332,2931280451887.1685,30,S1_depeg_stablecoin,indonesia,USDC
218,1.0385330664847683,2931280451887.1685,30,S1_depeg_stablecoin,indonesia,USDC
219,1.0649235017339431,2931280451887.1685,30,S1_depeg_stablecoin,indonesia,USDC
220,1.0425367716221448,2931280451887.1685,30,S1_depeg_stablecoin,indonesia,USDC
221,1.073150910110395,2931280451887.1685,30,S1_depeg_stablecoin,indonesia,USDC
222,1.0374684143603663,2931280451887.1685,30,S1_depeg_stablecoin,indonesia,USDC
223,1.0760565391797332,2931280451887.1685,30,S1_depeg_stablecoin,indonesia,USDC
224,1.0922535353794207,2931280451887.1685,30,S1_depeg_stablecoin,indonesia,USDC
225,1.0773136513070667,2931280451887.1685,30,S1_depeg_stablecoin,indonesia,USDC
226,1.039490390466169,2931280451887.1685,30,S1_depeg_stablecoin,indonesia,USDC
227,1.0189542470033863,2931280451887.1685,30,S1_depeg_stablecoin,indonesia,USDC
228,1.028172251701883,2931280451887.1685,30,S1_depeg_stablecoin,indonesia,USDC
229,1.0216444464200147,2931280451887.1685,30,S1_depeg_stablecoin,indonesia,USDC
230,1.027828430100325,2931280451887.1685,30,S1_depeg_stablecoin,indonesia,USDC
231,1.03130797580675,2931280451887.1685,30,S1_depeg_stablecoin,indonesia,USDC
232,1.0262814406945875,2931280451887.1685,30,S1_depeg_stablecoin,indonesia,USDC
233,1.018110147103641,2931280451887.1685,30,S1_depeg_stablecoin,indonesia,USDC
234,1.0197582560551424,2931280451887.1685,30,S1_depeg_stablecoin,indonesia,USDC
235,1.0169494702279382,2931280451887.1685,30,S1_depeg_stablecoin,indonesia,USDC
236,1.0049895684357881,2931280451887.1685,30,S1_depeg_stablecoin,indonesia,USDC
237,1.0023017754508916,2931280451887.1685,30,S1_depeg_stablecoin,indonesia,USDC
238,1.0145028441220543,2931280451887.1685,30,S1_depeg_stablecoin,indonesia,USDC
239,1.0177590834517114,2931280451887.1685,30,S1_depeg_stablecoin,indonesia,USDC
240,1.0264166134349977,2931280451887.1685,30,S1_depeg_stablecoin,indonesia,USDC
241,1.0091268287468367,2931280451887.1685,30,S1_depeg_stablecoin,indonesia,USDC
242,0.9951427206727299,2931280451887.1685,30,S1_depeg_stablecoin,indonesia,USDC
243,1.0027411059948914,2931280451887.1685,30,S1_depeg_stablecoin,indonesia,USDC
244,0.9906376342822574,2931280451887.1685,30,S1_depeg_stablecoin,indonesia,USDC
245,1.017161371322877,2931280451887.1685,30,S1_depeg_stablecoin,indonesia,USDC
246,1.0168475165489546,2931280451887.1685,30,S1_depeg_stablecoin,indonesia,USDC
247,0.9983160685893385,2931280451887.1685,30,S1_depeg_stablecoin,indonesia,USDC
248,0.9837440516897104,2931280451887.1685,30,S1_depeg_stablecoin,indonesia,USDC
249,0.9509184342178524,2931280451887.1685,30,S1_depeg_stablecoin,indonesia,USDC
250,0.9487950366530438,2931238517448.0073,30,S1_depeg_stablecoin,indonesia,USDC
251,0.9516814265675587,2931190770910.549,30,S1_depeg_stablecoin,indonesia,USDC
252,0.9740783691898913,2931150425264.338,30,S1_depeg_stablecoin,indonesia,USDC
253,0.9672489699283724,2931150425264.338,30,S1_depeg_stablecoin,indonesia,USDC
254,0.9121139688089656,2931144480697.3813,30,S1_depeg_stablecoin,indonesia,USDC
255,0.9135372635236314,2931029220842.659,30,S1_depeg_stablecoin,indonesia,USDC
256,0.919510581071258,2930917196636.8022,30,S1_depeg_stablecoin,indonesia,USDC
257,0.9190751539151387,2930822783443.4316,30,S1_depeg_stablecoin,indonesia,USDC
258,0.9036991547016611,2930734881906.2085,30,S1_depeg_stablecoin,indonesia,USDC
259,0.9250836243295207,2930622767818.941,30,S1_depeg_stablecoin,indonesia,USDC
260,0.9242604608101666,2930552161459.869,30,S1_depeg_stablecoin,indonesia,USDC
261,0.9051512876228207,2930481535745.9385,30,S1_depeg_stablecoin,indonesia,USDC
262,0.9109283109635565,2930390772050.7734,30,S1_depeg_stablecoin,indonesia,USDC
263,0.9310493606476145,2930313481929.015,30,S1_depeg_stablecoin,indonesia,USDC
264,0.9346733492949636,2930265915014.6074,30,S1_depeg_stablecoin,indonesia,USDC
265,0.9307510929498769,2930223141243.4326,30,S1_depeg_stablecoin,indonesia,USDC
266,0.9458803261971617,2930180022550.4985,30,S1_depeg_stablecoin,indonesia,USDC
267,0.9505590995711866,2930154115745.845,30,S1_depeg_stablecoin,indonesia,USDC
268,0.9611495903375393,2930133935547.748,30,S1_depeg_stablecoin,indonesia,USDC
269,0.8757494625142458,2930126247593.644,30,S1_depeg_stablecoin,indonesia,USDC
270,0.8854060780838765,2930026686819.3306,30,S1_depeg_stablecoin,indonesia,USDC
271,0.8839856807781312,2929941893418.5293,30,S1_depeg_stablecoin,indonesia,USDC
272,0.9399787613616991,2929864948869.63,30,S1_depeg_stablecoin,indonesia,USDC
273,0.9468113252068616,2929842370325.7305,30,S1_depeg_stablecoin,indonesia,USDC
274,0.9192474975781676,2929823533212.7876,30,S1_depeg_stablecoin,indonesia,USDC
275,0.9408893977803314,2929785429542.675,30,S1_depeg_stablecoin,indonesia,USDC
276,0.9485026804033309,2929764232348.104,30,S1_depeg_stablecoin,indonesia,USDC
277,0.9456442599584732,2929749756407.316,30,S1_depeg_stablecoin,indonesia,USDC
278,0.9355212385863378,2929732296683.174,30,S1_depeg_stablecoin,indonesia,USDC
279,0.948167825539802,2929708951213.3994,30,S1_depeg_stablecoin,indonesia,USDC
280,0.9962554159233306,2929695380700.748,30,S1_depeg_stablecoin,indonesia,USDC
281,1.0116956813567588,2929695380700.748,30,S1_depeg_stablecoin,indonesia,USDC
282,0.9889207624140317,2929695380700.748,30,S1_depeg_stablecoin,indonesia,USDC
283,0.988367281447296,2929695380700.748,30,S1_depeg_stablecoin,indonesia,USDC
284,0.9873704618765656,2929695380700.748,30,S1_depeg_stablecoin,indonesia,USDC
285,0.9401200390165991,2929695380700.748,30,S1_depeg_stablecoin,indonesia,USDC
286,0.9164747624539695,2929675635861.8867,30,S1_depeg_stablecoin,indonesia,USDC
287,0.918505295265706,2929642240315.3804,30,S1_depeg_stablecoin,indonesia,USDC
288,0.929731602117769,2929611857324.7705,30,S1_depeg_stablecoin,indonesia,USDC
289,0.9265615548604703,2929590059708.963,30,S1_depeg_stablecoin,indonesia,USDC
290,0.9115870594717899,2929566071825.2314,30,S1_depeg_stablecoin,indonesia,USDC
291,0.9164162323974488,2929536036253.664,30,S1_depeg_stablecoin,indonesia,USDC
292,0.9358519781595392,2929509430158.158,30,S1_depeg_stablecoin,indonesia,USDC
293,0.961593640633894,2929494915795.824,30,S1_depeg_stablecoin,indonesia,USDC
294,0.9749206206558574,2929491386930.967,30,S1_depeg_stablecoin,indonesia,USDC
295,0.9834402392183993,2929491386930.967,30,S1_depeg_stablecoin,indonesia,USDC
296,1.0021771992932835,2929491386930.967,30,S1_depeg_stablecoin,indonesia,USDC
297,1.0424522207861482,2929491386930.967,30,S1_depeg_stablecoin,indonesia,USDC
298,1.0331343666913397,2929491386930.967,30,S1_depeg_stablecoin,indonesia,USDC
299,1.027447936602096,2929491386930.967,30,S1_depeg_stablecoin,indonesia,USDC
300,0.9914030132566968,2929491386930.967,30,S1_depeg_stablecoin,indonesia,USDC
301,1.0012426045432843,2929491386930.967,30,S1_depeg_stablecoin,indonesia,USDC
302,0.9698603703815617,2929491386930.967,30,S1_depeg_stablecoin,indonesia,USDC
303,0.9832654343933319,2929491345043.714,30,S1_depeg_stablecoin,indonesia,USDC
304,0.8315582080513865,2929491345043.714,30,S1_depeg_stablecoin,indonesia,USDC
305,0.8347719562896242,2929430250289.9297,30,S1_depeg_stablecoin,indonesia,USDC
306,0.8514903426309066,2929379977099.294,30,S1_depeg_stablecoin,indonesia,USDC
307,0.8381545986942444,2929341026050.3613,30,S1_depeg_stablecoin,indonesia,USDC
308,0.8534842565081983,2929302066880.839,30,S1_depeg_stablecoin,indonesia,USDC
309,0.8740902822701992,2929274187713.7754,30,S1_depeg_stablecoin,indonesia,USDC
310,0.9001316498912435,2929253406690.078,30,S1_depeg_stablecoin,indonesia,USDC
311,0.9038816158075507,2929239756801.115,30,S1_depeg_stablecoin,indonesia,USDC
312,0.9299107653898759,2929227429612.537,30,S1_depeg_stablecoin,indonesia,USDC
313,0.9527905566950714,2929220694745.973,30,S1_depeg_stablecoin,indonesia,USDC
314,0.9819209485891883,2929217879224.658,30,S1_depeg_stablecoin,indonesia,USDC
315,0.9656275153494706,2929217879224.658,30,S1_depeg_stablecoin,indonesia,USDC
316,0.9515773296531206,2929217431954.1343,30,S1_depeg_stablecoin,indonesia,USDC
317,0.9532090983968474,2929214472308.0317,30,S1_depeg_stablecoin,indonesia,USDC
318,0.9598728856252315,2929212087494.1924,30,S1_depeg_stablecoin,indonesia,USDC
319,0.9814962348883648,2929210767343.4087,30,S1_depeg_stablecoin,indonesia,USDC
320,0.9888829057488192,2929210767343.4087,30,S1_depeg_stablecoin,indonesia,USDC
321,0.9676545804922828,2929210767343.4087,30,S1_depeg_stablecoin,indonesia,USDC
322,0.9696598960038384,2929210476190.5244,30,S1_depeg_stablecoin,indonesia,USDC
323,1.0013465948467228,2929210421466.492,30,S1_depeg_stablecoin,indonesia,USDC
324,1.007817274025264,2929210421466.492,30,S1_depeg_stablecoin,indonesia,USDC
325,0.9964381913020289,2929210421466.492,30,S1_depeg_stablecoin,indonesia,USDC
326,0.9670363098180952,2929210421466.492,30,S1_depeg_stablecoin,indonesia,USDC
327,0.9692405886922802,2929210032185.693,30,S1_depeg_stablecoin,indonesia,USDC
328,0.9882677766513961,2929209950994.523,30,S1_depeg_stablecoin,indonesia,USDC
329,0.9956193752071154,2929209950994.523,30,S1_depeg_stablecoin,indonesia,USDC
330,1.0274044457666585,2929209950994.523,30,S1_depeg_stablecoin,indonesia,USDC
331,1.0740496950750604,2929209950994.523,30,S1_depeg_stablecoin,indonesia,USDC
332,1.0513414173503721,2929209950994.523,30,S1_depeg_stablecoin,indonesia,USDC
333,0.8848875130060788,2929209950994.523,30,S1_depeg_stablecoin,indonesia,USDC
334,0.9024747755411128,2929196920508.774,30,S1_depeg_stablecoin,indonesia,USDC
335,0.9292122055421213,2929187238786.3584,30,S1_depeg_stablecoin,indonesia,USDC
336,0.9472493160596845,2929181978704.83,30,S1_depeg_stablecoin,indonesia,USDC
337,0.949852677274223,2929179103208.711,30,S1_depeg_stablecoin,indonesia,USDC
338,0.9769228728179895,2929176835406.3813,30,S1_depeg_stablecoin,indonesia,USDC
339,0.9994261029466275,2929176835406.3813,30,S1_depeg_stablecoin,indonesia,USDC
340,0.9986032916835056,2929176835406.3813,30,S1_depeg_stablecoin,indonesia,USDC
341,0.9982948777150449,2929176835406.3813,30,S1_depeg_stablecoin,indonesia,USDC
342,0.9853811505361939,2929176835406.3813,30,S1_depeg_stablecoin,indonesia,USDC
343,0.9881908147916311,2929176835406.3813,30,S1_depeg_stablecoin,indonesia,USDC
344,0.9968473007341992,2929176835406.3813,30,S1_depeg_stablecoin,indonesia,USDC
345,0.997151992624605,2929176835406.3813,30,S1_depeg_stablecoin,indonesia,USDC
346,1.0171424117694732,2929176835406.3813,30,S1_depeg_stablecoin,indonesia,USDC
347,1.015377600079998,2929176835406.3813,30,S1_depeg_stablecoin,indonesia,USDC
348,0.9882090872362554,2929176835406.3813,30,S1_depeg_stablecoin,indonesia,USDC
349,0.9867258899546316,2929176835406.3813,30,S1_depeg_stablecoin,indonesia,USDC
350,1.0076972532961104,2929176835406.3813,30,S1_depeg_stablecoin,indonesia,USDC
351,1.0107801456920131,2929176835406.3813,30,S1_depeg_stablecoin,indonesia,USDC
352,1.0112056689793438,2929176835406.3813,30,S1_depeg_stablecoin,indonesia,USDC
353,1.0104449886589437,2929176835406.3813,30,S1_depeg_stablecoin,indonesia,USDC
354,1.0070115961788706,2929176835406.3813,30,S1_depeg_stablecoin,indonesia,USDC
355,1.004133966733919,2929176835406.3813,30,S1_depeg_stablecoin,indonesia,USDC
356,1.020844584026838,2929176835406.3813,30,S1_depeg_stablecoin,indonesia,USDC
357,1.0201714863799316,2929176835406.3813,30,S1_depeg_stablecoin,indonesia,USDC
358,1.0262908795632733,2929176835406.3813,30,S1_depeg_stablecoin,indonesia,USDC
359,1.0216347225514109,2929176835406.3813,30,S1_depeg_stablecoin,indonesia,USDC
360,0.9999804413673764,2929176835406.3813,30,S1_depeg_stablecoin,indonesia,USDC
361,0.9959242527646336,2929176835406.3813,30,S1_depeg_stablecoin,indonesia,USDC
362,0.9971216182324699,2929176835406.3813,30,S1_depeg_stablecoin,indonesia,USDC
363,1.015387153979714,2929176835406.3813,30,S1_depeg_stablecoin,indonesia,USDC
364,1.0307195187427367,2929176835406.3813,30,S1_depeg_stablecoin,indonesia,USDC
365,1.0368519747958334,2929176835406.3813,30,S1_depeg_stablecoin,indonesia,USDC
366,1.0427536425930468,2929176835406.3813,30,S1_depeg_stablecoin,indonesia,USDC
367,1.031725838378461,2929176835406.3813,30,S1_depeg_stablecoin,indonesia,USDC
368,0.9900916126062579,2929176835406.3813,30,S1_depeg_stablecoin,indonesia,USDC
369,1.0117086288602428,2929176835406.3813,30,S1_depeg_stablecoin,indonesia,USDC
370,1.0287677379452729,2929176835406.3813,30,S1_depeg_stablecoin,indonesia,USDC
371,1.041801780801382,2929176835406.3813,30,S1_depeg_stablecoin,indonesia,USDC
372,1.0513770931178181,2929176835406.3813,30,S1_depeg_stablecoin,indonesia,USDC
373,1.0483699357615082,2929176835406.3813,30,S1_depeg_stablecoin,indonesia,USDC
374,1.057413565568733,2929176835406.3813,30,S1_depeg_stablecoin,indonesia,USDC
375,1.0906112451859988,2929176835406.3813,30,S1_depeg_stablecoin,indonesia,USDC
376,1.0788066101261669,2929176835406.3813,30,S1_depeg_stablecoin,indonesia,USDC
377,1.023504914678348,2929176835406.3813,30,S1_depeg_stablecoin,indonesia,USDC
378,1.0104352666609466,2929176835406.3813,30,S1_depeg_stablecoin,indonesia,USDC
379,1.0097424351826954,2929176835406.3813,30,S1_depeg_stablecoin,indonesia,USDC
380,0.9962735322406753,2929176835406.3813,30,S1_depeg_stablecoin,indonesia,USDC
381,0.9898155863940036,2929176835406.3813,30,S1_depeg_stablecoin,indonesia,USDC
382,0.9845702360471695,2929176835406.3813,30,S1_depeg_stablecoin,indonesia,USDC
383,0.9694651729843092,2929176835406.3813,30,S1_depeg_stablecoin,indonesia,USDC
384,0.9504397834991923,2929176812734.634,30,S1_depeg_stablecoin,indonesia,USDC
385,0.9438191388584657,2929174446492.33,30,S1_depeg_stablecoin,indonesia,USDC
386,0.9492280017355404,2929171440141.6973,30,S1_depeg_stablecoin,indonesia,USDC
387,0.949343802984974,2929169036628.52,30,S1_depeg_stablecoin,indonesia,USDC
388,0.941412487857209,2929166894759.116,30,S1_depeg_stablecoin,indonesia,USDC
389,0.9132539495481188,2929163919069.339,30,S1_depeg_stablecoin,indonesia,USDC
390,0.9428712028081341,2929157837049.3076,30,S1_depeg_stablecoin,indonesia,USDC
391,0.9564816139851915,2929154944124.891,30,S1_depeg_stablecoin,indonesia,USDC
392,0.9741426903966606,2929153618510.7515,30,S1_depeg_stablecoin,indonesia,USDC
393,0.9868324668368975,2929153618510.7515,30,S1_depeg_stablecoin,indonesia,USDC
394,0.9761593715656821,2929153618510.7515,30,S1_depeg_stablecoin,indonesia,USDC
395,0.9903711282545907,2929153618510.7515,30,S1_depeg_stablecoin,indonesia,USDC
396,0.9718494279678593,2929153618510.7515,30,S1_depeg_stablecoin,indonesia,USDC
397,1.0143739001250243,2929153618510.7515,30,S1_depeg_stablecoin,indonesia,USDC
398,1.000781557433268,2929153618510.7515,30,S1_depeg_stablecoin,indonesia,USDC
399,1.0161788611927667,2929153618510.7515,30,S1_depeg_stablecoin,indonesia,USDC
400,1.0333164632127343,2929153618510.7515,30,S1_depeg_stablecoin,indonesia,USDC
401,1.0453916404518415,2929153618510.7515,30,S1_depeg_stablecoin,indonesia,USDC
402,1.0252212362189823,2929153618510.7515,30,S1_depeg_stablecoin,indonesia,USDC
403,1.0198356177347612,2929153618510.7515,30,S1_depeg_stablecoin,indonesia,USDC
404,1.0140590068567286,2929153618510.7515,30,S1_depeg_stablecoin,indonesia,USDC
405,1.0305581830566286,2929153618510.7515,30,S1_depeg_stablecoin,indonesia,USDC
406,1.0291616277889029,2929153618510.7515,30,S1_depeg_stablecoin,indonesia,USDC
407,1.0681842272353896,2929153618510.7515,30,S1_depeg_stablecoin,indonesia,USDC
408,1.0296575315944683,2929153618510.7515,30,S1_depeg_stablecoin,indonesia,USDC
409,1.052156307432158,2929153618510.7515,30,S1_depeg_stablecoin,indonesia,USDC
410,1.041363163017858,2929153618510.7515,30,S1_depeg_stablecoin,indonesia,USDC
411,1.036363091322837,2929153618510.7515,30,S1_depeg_stablecoin,indonesia,USDC
412,1.0380077311217084,2929153618510.7515,30,S1_depeg_stablecoin,indonesia,USDC
413,1.0398300295536964,2929153618510.7515,30,S1_depeg_stablecoin,indonesia,USDC
414,1.019986977487392,2929153618510.7515,30,S1_depeg_stablecoin,indonesia,USDC
415,1.0311675275423435,2929153618510.7515,30,S1_depeg_stablecoin,indonesia,USDC
416,0.9103461090648294,2929153618510.7515,30,S1_depeg_stablecoin,indonesia,USDC
417,0.9246129592062925,2929147975178.469,30,S1_depeg_stablecoin,indonesia,USDC
418,0.9676714837856245,2929143596700.3423,30,S1_depeg_stablecoin,indonesia,USDC
419,1.0098405261665304,2929143482638.4004,30,S1_depeg_stablecoin,indonesia,USDC
420,0.9953977900584683,2929143482638.4004,30,S1_depeg_stablecoin,indonesia,USDC
421,0.9773018099099923,2929143482638.4004,30,S1_depeg_stablecoin,indonesia,USDC
422,0.9603058834664334,2929143482638.4004,30,S1_depeg_stablecoin,indonesia,USDC
423,0.98604193850763,2929142592347.201,30,S1_depeg_stablecoin,indonesia,USDC
424,0.9987435951283761,2929142592347.201,30,S1_depeg_stablecoin,indonesia,USDC
425,1.0012536737115982,2929142592347.201,30,S1_depeg_stablecoin,indonesia,USDC
426,0.9803236380977145,2929142592347.201,30,S1_depeg_stablecoin,indonesia,USDC
427,1.0123498222581824,2929142592347.201,30,S1_depeg_stablecoin,indonesia,USDC
428,0.9911591645220996,2929142592347.201,30,S1_depeg_stablecoin,indonesia,USDC
429,0.9945333178174384,2929142592347.201,30,S1_depeg_stablecoin,indonesia,USDC
430,0.9699911057419744,2929142592347.201,30,S1_depeg_stablecoin,indonesia,USDC
431,0.968643441860295,2929142591802.5376,30,S1_depeg_stablecoin,indonesia,USDC
432,0.9518154876902055,2929142509904.39,30,S1_depeg_stablecoin,indonesia,USDC
433,0.9484490266306119,2929141076948.6016,30,S1_depeg_stablecoin,indonesia,USDC
434,0.9209156499237267,2929139151192.2163,30,S1_depeg_stablecoin,indonesia,USDC
435,0.917021313769653,2929134862550.5356,30,S1_depeg_stablecoin,indonesia,USDC
436,0.9164876399284854,2929130467883.0483,30,S1_depeg_stablecoin,indonesia,USDC
437,0.9553344993367544,2929126271388.753,30,S1_depeg_stablecoin,indonesia,USDC
438,0.9552027561108272,2929125350226.1606,30,S1_depeg_stablecoin,indonesia,USDC
439,0.9683136586693333,2929124267880.377,30,S1_depeg_stablecoin,indonesia,USDC
440,0.9750776769912168,2929124146414.4375,30,S1_depeg_stablecoin,indonesia,USDC
441,0.974523130097265,2929124146414.4375,30,S1_depeg_stablecoin,indonesia,USDC
442,0.9420091759593979,2929124146414.4375,30,S1_depeg_stablecoin,indonesia,USDC
443,0.9511588266097666,2929122204101.233,30,S1_depeg_stablecoin,indonesia,USDC
444,0.9431192520726259,2929120944419.8867,30,S1_depeg_stablecoin,indonesia,USDC
445,0.9299995339261962,2929119295428.836,30,S1_depeg_stablecoin,indonesia,USDC
446,0.958884725866957,2929116619276.2896,30,S1_depeg_stablecoin,indonesia,USDC
447,0.9522742498663589,2929115949245.233,30,S1_depeg_stablecoin,indonesia,USDC
448,0.9425066700075208,2929114824486.823,30,S1_depeg_stablecoin,indonesia,USDC
449,0.9746823300861425,2929113230675.963,30,S1_depeg_stablecoin,indonesia,USDC
450,0.942984044832838,2929113230675.963,30,S1_depeg_stablecoin,indonesia,USDC
451,0.9738056555363102,2929111650166.726,30,S1_depeg_stablecoin,indonesia,USDC
452,0.968682728750338,2929111650166.726,30,S1_depeg_stablecoin,indonesia,USDC
453,0.9640476065406138,2929111572419.637,30,S1_depeg_stablecoin,indonesia,USDC
454,0.9360935454505798,2929111327532.4136,30,S1_depeg_stablecoin,indonesia,USDC
455,0.9755404205446909,2929109400669.117,30,S1_depeg_stablecoin,indonesia,USDC
456,1.0116771246184468,2929109400669.117,30,S1_depeg_stablecoin,indonesia,USDC
457,1.0056007089184644,2929109400669.117,30,S1_depeg_stablecoin,indonesia,USDC
458,1.0173965523589628,2929109400669.117,30,S1_depeg_stablecoin,indonesia,USDC
459,0.9819143753615972,2929109400669.117,30,S1_depeg_stablecoin,indonesia,USDC
460,1.0040292119284415,2929109400669.117,30,S1_depeg_stablecoin,indonesia,USDC
461,1.0276880273090576,2929109400669.117,30,S1_depeg_stablecoin,indonesia,USDC
462,1.0137619466714543,2929109400669.117,30,S1_depeg_stablecoin,indonesia,USDC
463,1.0248655875789838,2929109400669.117,30,S1_depeg_stablecoin,indonesia,USDC
464,0.9888301524884401,2929109400669.117,30,S1_depeg_stablecoin,indonesia,USDC
465,0.9721002520661274,2929109400669.117,30,S1_depeg_stablecoin,indonesia,USDC
466,0.9583793611358876,2929109400669.117,30,S1_depeg_stablecoin,indonesia,USDC
467,0.9509763771659172,2929108859751.932,30,S1_depeg_stablecoin,indonesia,USDC
468,0.9358485749738003,2929107791678.1553,30,S1_depeg_stablecoin,indonesia,USDC
469,0.9369895189370238,2929106088420.223,30,S1_depeg_stablecoin,indonesia,USDC
470,0.9285318833906506,2929104385956.1953,30,S1_depeg_stablecoin,indonesia,USDC
471,0.8976309085368342,2929102433149.1436,30,S1_depeg_stablecoin,indonesia,USDC
472,0.9330939114716279,2929098849486.6904,30,S1_depeg_stablecoin,indonesia,USDC
473,0.9497878171659131,2929097261684.7393,30,S1_depeg_stablecoin,indonesia,USDC
474,0.9596960202045944,2929096443474.9927,30,S1_depeg_stablecoin,indonesia,USDC
475,0.9688187210774171,2929096054727.364,30,S1_depeg_stablecoin,indonesia,USDC
476,1.001452405896681,2929096054727.364,30,S1_depeg_stablecoin,indonesia,USDC
477,1.0319620705741126,2929096054727.364,30,S1_depeg_stablecoin,indonesia,USDC
478,1.0165037531333594,2929096054727.364,30,S1_depeg_stablecoin,indonesia,USDC
479,1.0237263805046934,2929096054727.364,30,S1_depeg_stablecoin,indonesia,USDC
480,1.0134352474835686,2929096054727.364,30,S1_depeg_stablecoin,indonesia,USDC
481,1.0007053874385305,2929096054727.364,30,S1_depeg_stablecoin,indonesia,USDC
482,0.9682185454805721,2929096054727.364,30,S1_depeg_stablecoin,indonesia,USDC
483,0.9695533172548939,2929096023351.71,30,S1_depeg_stablecoin,indonesia,USDC
484,0.9970515169374002,2929096010646.9053,30,S1_depeg_stablecoin,indonesia,USDC
485,0.9742057854582721,2929096010646.9053,30,S1_depeg_stablecoin,indonesia,USDC
486,0.9550830440108676,2929096010646.9053,30,S1_depeg_stablecoin,indonesia,USDC
487,0.9573953587223387,2929095434586.039,30,S1_depeg_stablecoin,indonesia,USDC
488,0.9680054568935728,2929094901356.4316,30,S1_depeg_stablecoin,indonesia,USDC
489,0.9714026767961017,2929094884871.087,30,S1_depeg_stablecoin,indonesia,USDC
490,0.9832376464662694,2929094884871.087,30,S1_depeg_stablecoin,indonesia,USDC
491,0.9633079313681226,2929094884871.087,30,S1_depeg_stablecoin,indonesia,USDC
492,0.9431784186562959,2929094682132.581,30,S1_depeg_stablecoin,indonesia,USDC
493,0.9034348490022938,2929093568272.4897,30,S1_depeg_stablecoin,indonesia,USDC
494,0.9020970669187166,2929091075324.8467,30,S1_depeg_stablecoin,indonesia,USDC
495,0.8959687460673177,2929088692991.4062,30,S1_depeg_stablecoin,indonesia,USDC
496,0.8910442921451066,2929086259577.586,30,S1_depeg_stablecoin,indonesia,USDC
497,0.9106219694627076,2929083784919.2666,30,S1_depeg_stablecoin,indonesia,USDC
498,0.9260751092002376,2929082075558.312,30,S1_depeg_stablecoin,indonesia,USDC
499,0.9299163315575718,2929080892323.39,30,S1_depeg_stablecoin,indonesia,USDC
500,0.9610465347432026,2929079828781.507,30,S1_depeg_stablecoin,indonesia,USDC
501,0.9362994152964951,2929079594059.5312,30,S1_depeg_stablecoin,indonesia,USDC
502,0.9740221759972005,2929078746412.4946,30,S1_depeg_stablecoin,indonesia,USDC
503,0.9861585672711501,2929078746412.4946,30,S1_depeg_stablecoin,indonesia,USDC
504,1.025234300229208,2929078746412.4946,30,S1_depeg_stablecoin,indonesia,USDC
505,1.0153505871745405,2929078746412.4946,30,S1_depeg_stablecoin,indonesia,USDC
506,1.005739981815496,2929078746412.4946,30,S1_depeg_stablecoin,indonesia,USDC
507,1.0290866125647302,2929078746412.4946,30,S1_depeg_stablecoin,indonesia,USDC
508,1.033665300913798,2929078746412.4946,30,S1_depeg_stablecoin,indonesia,USDC
509,1.0221003695662862,2929078746412.4946,30,S1_depeg_stablecoin,indonesia,USDC
510,1.0348134644743203,2929078746412.4946,30,S1_depeg_stablecoin,indonesia,USDC
511,1.0518099229438944,2929078746412.4946,30,S1_depeg_stablecoin,indonesia,USDC
512,1.0283759244867419,2929078746412.4946,30,S1_depeg_stablecoin,indonesia,USDC
513,1.0271278707723122,2929078746412.4946,30,S1_depeg_stablecoin,indonesia,USDC
514,1.0093256249717368,2929078746412.4946,30,S1_depeg_stablecoin,indonesia,USDC
515,1.0237008862329644,2929078746412.4946,30,S1_depeg_stablecoin,indonesia,USDC
516,1.019472658676232,2929078746412.4946,30,S1_depeg_stablecoin,indonesia,USDC
517,1.0261746046534939,2929078746412.4946,30,S1_depeg_stablecoin,indonesia,USDC
518,1.0161039822063473,2929078746412.4946,30,S1_depeg_stablecoin,indonesia,USDC
519,1.013399557702705,2929078746412.4946,30,S1_depeg_stablecoin,indonesia,USDC
520,1.018815096434533,2929078746412.4946,30,S1_depeg_stablecoin,indonesia,USDC
521,1.049495867912754,2929078746412.4946,30,S1_depeg_stablecoin,indonesia,USDC
522,1.0184791944072336,2929078746412.4946,30,S1_depeg_stablecoin,indonesia,USDC
523,1.003301126661572,2929078746412.4946,30,S1_depeg_stablecoin,indonesia,USDC
524,1.0285169352098131,2929078746412.4946,30,S1_depeg_stablecoin,indonesia,USDC
525,1.0081590979180726,2929078746412.4946,30,S1_depeg_stablecoin,indonesia,USDC
526,1.0199788422832237,2929078746412.4946,30,S1_depeg_stablecoin,indonesia,USDC
527,1.0268558084212398,2929078746412.4946,30,S1_depeg_stablecoin,indonesia,USDC
528,1.0158764038971064,2929078746412.4946,30,S1_depeg_stablecoin,indonesia,USDC
529,0.9673975778771979,2929078746412.4946,30,S1_depeg_stablecoin,indonesia,USDC
530,0.9978506028673781,2929078708637.3535,30,S1_depeg_stablecoin,indonesia,USDC
531,0.9810036514155708,2929078708637.3535,30,S1_depeg_stablecoin,indonesia,USDC
532,1.0046274605630887,2929078708637.3535,30,S1_depeg_stablecoin,indonesia,USDC
533,0.9770085094295707,2929078708637.3535,30,S1_depeg_stablecoin,indonesia,USDC
534,0.9676125061360626,2929078708637.3535,30,S1_depeg_stablecoin,indonesia,USDC
535,0.9702679601025291,2929078689387.5337,30,S1_depeg_stablecoin,indonesia,USDC
536,1.0047460133868968,2929078689387.5337,30,S1_depeg_stablecoin,indonesia,USDC
537,1.0097301425910519,2929078689387.5337,30,S1_depeg_stablecoin,indonesia,USDC
538,1.0013616309215139,2929078689387.5337,30,S1_depeg_stablecoin,indonesia,USDC
539,0.9826307160604255,2929078689387.5337,30,S1_depeg_stablecoin,indonesia,USDC
540,1.0080526783696988,2929078689387.5337,30,S1_depeg_stablecoin,indonesia,USDC
541,1.030518005811377,2929078689387.5337,30,S1_depeg_stablecoin,indonesia,USDC
542,1.0311586389874436,2929078689387.5337,30,S1_depeg_stablecoin,indonesia,USDC
543,1.010349078847913,2929078689387.5337,30,S1_depeg_stablecoin,indonesia,USDC
544,0.9735627838061826,2929078689387.5337,30,S1_depeg_stablecoin,indonesia,USDC
545,0.9882301980790513,2929078689387.5337,30,S1_depeg_stablecoin,indonesia,USDC
546,0.983938877145575,2929078689387.5337,30,S1_depeg_stablecoin,indonesia,USDC
547,1.0124146523652497,2929078689387.5337,30,S1_depeg_stablecoin,indonesia,USDC
548,1.0070808406401286,2929078689387.5337,30,S1_depeg_stablecoin,indonesia,USDC
549,1.0488634014683917,2929078689387.5337,30,S1_depeg_stablecoin,indonesia,USDC
550,1.01289185906918,2929078689387.5337,30,S1_depeg_stablecoin,indonesia,USDC
551,1.003281028292816,2929078689387.5337,30,S1_depeg_stablecoin,indonesia,USDC
552,1.025253416998368,2929078689387.5337,30,S1_depeg_stablecoin,indonesia,USDC
553,1.0331540275422915,2929078689387.5337,30,S1_depeg_stablecoin,indonesia,USDC
554,1.0220929482408858,2929078689387.5337,30,S1_depeg_stablecoin,indonesia,USDC
555,1.0093519065575447,2929078689387.5337,30,S1_depeg_stablecoin,indonesia,USDC
556,1.0316121634512576,2929078689387.5337,30,S1_depeg_stablecoin,indonesia,USDC
557,1.0170137451193348,2929078689387.5337,30,S1_depeg_stablecoin,indonesia,USDC
558,1.0191176756436364,2929078689387.5337,30,S1_depeg_stablecoin,indonesia,USDC
559,0.997068126478593,2929078689387.5337,30,S1_depeg_stablecoin,indonesia,USDC
560,1.0041714823143804,2929078689387.5337,30,S1_depeg_stablecoin,indonesia,USDC
561,1.006605003953144,2929078689387.5337,30,S1_depeg_stablecoin,indonesia,USDC
562,1.0078873169579388,2929078689387.5337,30,S1_depeg_stablecoin,indonesia,USDC
563,1.016113510885141,2929078689387.5337,30,S1_depeg_stablecoin,indonesia,USDC
564,1.0108961999383677,2929078689387.5337,30,S1_depeg_stablecoin,indonesia,USDC
565,1.0159035608640632,2929078689387.5337,30,S1_depeg_stablecoin,indonesia,USDC
566,1.005280109782538,2929078689387.5337,30,S1_depeg_stablecoin,indonesia,USDC
567,1.0381641286059755,2929078689387.5337,30,S1_depeg_stablecoin,indonesia,USDC
568,1.00845833481092,2929078689387.5337,30,S1_depeg_stablecoin,indonesia,USDC
569,1.0053431195666611,2929078689387.5337,30,S1_depeg_stablecoin,indonesia,USDC
570,1.0018947189657608,2929078689387.5337,30,S1_depeg_stablecoin,indonesia,USDC
571,1.0171339329268816,2929078689387.5337,30,S1_depeg_stablecoin,indonesia,USDC
572,0.9905706649297323,2929078689387.5337,30,S1_depeg_stablecoin,indonesia,USDC
573,1.0034683300343041,2929078689387.5337,30,S1_depeg_stablecoin,indonesia,USDC
574,0.9979086429984485,2929078689387.5337,30,S1_depeg_stablecoin,indonesia,USDC
575,1.0069542936446256,2929078689387.5337,30,S1_depeg_stablecoin,indonesia,USDC
576,1.0180545014265072,2929078689387.5337,30,S1_depeg_stablecoin,indonesia,USDC
577,0.99755572425719,2929078689387.5337,30,S1_depeg_stablecoin,indonesia,USDC
578,0.9484945765373166,2929078689387.5337,30,S1_depeg_stablecoin,indonesia,USDC
579,0.9321460263082723,2929078215355.0186,30,S1_depeg_stablecoin,indonesia,USDC
580,1.012393290313755,2929077285947.5044,30,S1_depeg_stablecoin,indonesia,USDC
581,1.0377634381960457,2929077285947.5044,30,S1_depeg_stablecoin,indonesia,USDC
582,1.0492975553581185,2929077285947.5044,30,S1_depeg_stablecoin,indonesia,USDC
583,1.052414188723046,2929077285947.5044,30,S1_depeg_stablecoin,indonesia,USDC
584,1.0411987008626302,2929077285947.5044,30,S1_depeg_stablecoin,indonesia,USDC
585,1.0513798176433387,2929077285947.5044,30,S1_depeg_stablecoin,indonesia,USDC
586,1.072219619057561,2929077285947.5044,30,S1_depeg_stablecoin,indonesia,USDC
587,1.066982631454352,2929077285947.5044,30,S1_depeg_stablecoin,indonesia,USDC
588,1.0221110681350516,2929077285947.5044,30,S1_depeg_stablecoin,indonesia,USDC
589,1.0132432227878099,2929077285947.5044,30,S1_depeg_stablecoin,indonesia,USDC
590,1.001482414645869,2929077285947.5044,30,S1_depeg_stablecoin,indonesia,USDC
591,0.9795699442657186,2929077285947.5044,30,S1_depeg_stablecoin,indonesia,USDC
592,0.976223610815258,2929077285947.5044,30,S1_depeg_stablecoin,indonesia,USDC
593,1.0169822024653075,2929077285947.5044,30,S1_depeg_stablecoin,indonesia,USDC
594,0.9946726390000012,2929077285947.5044,30,S1_depeg_stablecoin,indonesia,USDC
595,0.9942480607887911,2929077285947.5044,30,S1_depeg_stablecoin,indonesia,USDC
596,0.9824936818201437,2929077285947.5044,30,S1_depeg_stablecoin,indonesia,USDC
597,0.9476755601221237,2929077285947.5044,30,S1_depeg_stablecoin,indonesia,USDC
598,0.9867259044157175,2929076759218.185,30,S1_depeg_stablecoin,indonesia,USDC
599,0.9892839379620421,2929076759218.185,30,S1_depeg_stablecoin,indonesia,USDC
600,0.9747647995784862,2929076759218.185,30,S1_depeg_stablecoin,indonesia,USDC
601,0.9422540078304255,2929076759218.185,30,S1_depeg_stablecoin,indonesia,USDC
602,0.9603471784522224,2929076186193.7373,30,S1_depeg_stablecoin,indonesia,USDC
603,0.986631378075166,2929075969386.31,30,S1_depeg_stablecoin,indonesia,USDC
604,0.9730066082321965,2929075969386.31,30,S1_depeg_stablecoin,indonesia,USDC
605,0.9712500477397396,2929075969386.31,30,S1_depeg_stablecoin,indonesia,USDC
606,1.030215488625448,2929075969386.31,30,S1_depeg_stablecoin,indonesia,USDC
607,1.036164854836324,2929075969386.31,30,S1_depeg_stablecoin,indonesia,USDC
608,1.0246229685128145,2929075969386.31,30,S1_depeg_stablecoin,indonesia,USDC
609,1.028892166383802,2929075969386.31,30,S1_depeg_stablecoin,indonesia,USDC
610,1.0414189189927328,2929075969386.31,30,S1_depeg_stablecoin,indonesia,USDC
611,1.0498735697662938,2929075969386.31,30,S1_depeg_stablecoin,indonesia,USDC
612,1.0805183252770851,2929075969386.31,30,S1_depeg_stablecoin,indonesia,USDC
613,1.0654017171535712,2929075969386.31,30,S1_depeg_stablecoin,indonesia,USDC
614,1.0350428031769254,2929075969386.31,30,S1_depeg_stablecoin,indonesia,USDC
615,1.0529921130077715,2929075969386.31,30,S1_depeg_stablecoin,indonesia,USDC
616,1.0559337833345566,2929075969386.31,30,S1_depeg_stablecoin,indonesia,USDC
617,1.0150149694607606,2929075969386.31,30,S1_depeg_stablecoin,indonesia,USDC
618,1.001119806295151,2929075969386.31,30,S1_depeg_stablecoin,indonesia,USDC
619,0.9749279573701811,2929075969386.31,30,S1_depeg_stablecoin,indonesia,USDC
620,0.9791493124878197,2929075969386.31,30,S1_depeg_stablecoin,indonesia,USDC
621,0.9876591567494354,2929075969386.31,30,S1_depeg_stablecoin,indonesia,USDC
622,1.0025051927487618,2929075969386.31,30,S1_depeg_stablecoin,indonesia,USDC
623,1.0189305037139857,2929075969386.31,30,S1_depeg_stablecoin,indonesia,USDC
624,1.0238960599781939,2929075969386.31,30,S1_depeg_stablecoin,indonesia,USDC
625,1.0230411804804178,2929075969386.31,30,S1_depeg_stablecoin,indonesia,USDC
626,1.0065143976562136,2929075969386.31,30,S1_depeg_stablecoin,indonesia,USDC
627,1.009715342938018,2929075969386.31,30,S1_depeg_stablecoin,indonesia,USDC
628,1.0122575018062105,2929075969386.31,30,S1_depeg_stablecoin,indonesia,USDC
629,1.028529987899836,2929075969386.31,30,S1_depeg_stablecoin,indonesia,USDC
630,1.0005703864355318,2929075969386.31,30,S1_depeg_stablecoin,indonesia,USDC
631,1.0117642077951088,2929075969386.31,30,S1_depeg_stablecoin,indonesia,USDC
632,1.0310358254453558,2929075969386.31,30,S1_depeg_stablecoin,indonesia,USDC
633,1.0009029002529137,2929075969386.31,30,S1_depeg_stablecoin,indonesia,USDC
634,0.9990782297795672,2929075969386.31,30,S1_depeg_stablecoin,indonesia,USDC
635,0.9802984193824268,2929075969386.31,30,S1_depeg_stablecoin,indonesia,USDC
636,0.9572897498117251,2929075969386.31,30,S1_depeg_stablecoin,indonesia,USDC
637,0.9398857940500439,2929075702799.04,30,S1_depeg_stablecoin,indonesia,USDC
638,0.9327999347726317,2929075063770.3706,30,S1_depeg_stablecoin,indonesia,USDC
639,0.9168026727473103,2929074271283.014,30,S1_depeg_stablecoin,indonesia,USDC
640,0.9255925471110622,2929073266682.5176,30,S1_depeg_stablecoin,indonesia,USDC
641,0.9374221739119468,2929072402925.66,30,S1_depeg_stablecoin,indonesia,USDC
642,0.9338682005047325,2929071856346.1465,30,S1_depeg_stablecoin,indonesia,USDC
643,0.9297537595576096,2929071265598.621,30,S1_depeg_stablecoin,indonesia,USDC
644,0.9064889193960889,2929070565807.245,30,S1_depeg_stablecoin,indonesia,USDC
645,0.9276420468248617,2929069559847.5757,30,S1_depeg_stablecoin,indonesia,USDC
646,0.9670302770610177,2929068954369.9893,30,S1_depeg_stablecoin,indonesia,USDC
647,0.9788119366201623,2929068926140.0947,30,S1_depeg_stablecoin,indonesia,USDC
648,1.000378036378729,2929068926140.0947,30,S1_depeg_stablecoin,indonesia,USDC
649,1.0203226591055696,2929068926140.0947,30,S1_depeg_stablecoin,indonesia,USDC
650,0.9835856335977294,2929068926140.0947,30,S1_depeg_stablecoin,indonesia,USDC
651,0.990354829110155,2929068926140.0947,30,S1_depeg_stablecoin,indonesia,USDC
652,0.972840830360949,2929068926140.0947,30,S1_depeg_stablecoin,indonesia,USDC
653,0.9691040527348855,2929068926140.0947,30,S1_depeg_stablecoin,indonesia,USDC
654,1.0154959273127635,2929068921781.12,30,S1_depeg_stablecoin,indonesia,USDC
655,1.0016484392928966,2929068921781.12,30,S1_depeg_stablecoin,indonesia,USDC
656,1.0065330186947556,2929068921781.12,30,S1_depeg_stablecoin,indonesia,USDC
657,0.999569225300641,2929068921781.12,30,S1_depeg_stablecoin,indonesia,USDC
658,0.9664723456062491,2929068921781.12,30,S1_depeg_stablecoin,indonesia,USDC
659,0.9536122628504717,2929068894064.92,30,S1_depeg_stablecoin,indonesia,USDC
660,0.9641000870832268,2929068649185.174,30,S1_depeg_stablecoin,indonesia,USDC
661,0.9594071527135563,2929068580321.0537,30,S1_depeg_stablecoin,indonesia,USDC
662,0.9712313542824405,2929068425459.793,30,S1_depeg_stablecoin,indonesia,USDC
663,0.9852008232673339,2929068425459.793,30,S1_depeg_stablecoin,indonesia,USDC
664,0.9884403799834379,2929068425459.793,30,S1_depeg_stablecoin,indonesia,USDC
665,0.9851073568652229,2929068425459.793,30,S1_depeg_stablecoin,indonesia,USDC
666,0.9856821943958839,2929068425459.793,30,S1_depeg_stablecoin,indonesia,USDC
667,0.9909341959865603,2929068425459.793,30,S1_depeg_stablecoin,indonesia,USDC
668,0.9670766025341956,2929068425459.793,30,S1_depeg_stablecoin,indonesia,USDC
669,0.9832010168513632,2929068383188.1465,30,S1_depeg_stablecoin,indonesia,USDC
670,0.9717943040352208,2929068383188.1465,30,S1_depeg_stablecoin,indonesia,USDC
671,0.9558745025931099,2929068383188.1465,30,S1_depeg_stablecoin,indonesia,USDC
672,0.9490565533617449,2929068211358.393,30,S1_depeg_stablecoin,indonesia,USDC
673,0.975851879954261,2929067925464.6367,30,S1_depeg_stablecoin,indonesia,USDC
674,0.9461990563819801,2929067925464.6367,30,S1_depeg_stablecoin,indonesia,USDC
675,0.9503421407900873,2929067631087.792,30,S1_depeg_stablecoin,indonesia,USDC
676,0.9985526566855357,2929067396807.051,30,S1_depeg_stablecoin,indonesia,USDC
677,1.0143011501397108,2929067396807.051,30,S1_depeg_stablecoin,indonesia,USDC
678,1.0421655802314613,2929067396807.051,30,S1_depeg_stablecoin,indonesia,USDC
679,1.0414361354555728,2929067396807.051,30,S1_depeg_stablecoin,indonesia,USDC
680,1.0595933861332483,2929067396807.051,30,S1_depeg_stablecoin,indonesia,USDC
681,1.0682088890057326,2929067396807.051,30,S1_depeg_stablecoin,indonesia,USDC
682,1.0430366110551974,2929067396807.051,30,S1_depeg_stablecoin,indonesia,USDC
683,1.0263003344859705,2929067396807.051,30,S1_depeg_stablecoin,indonesia,USDC
684,1.0279602573713544,2929067396807.051,30,S1_depeg_stablecoin,indonesia,USDC
685,1.0065467856460846,2929067396807.051,30,S1_depeg_stablecoin,indonesia,USDC
686,1.0228267930394415,2929067396807.051,30,S1_depeg_stablecoin,indonesia,USDC
687,1.0253977462804165,2929067396807.051,30,S1_depeg_stablecoin,indonesia,USDC
688,1.02808189844246,2929067396807.051,30,S1_depeg_stablecoin,indonesia,USDC
689,1.041837787041036,2929067396807.051,30,S1_depeg_stablecoin,indonesia,USDC
690,1.008821946264394,2929067396807.051,30,S1_depeg_stablecoin,indonesia,USDC
691,1.0318211362106091,2929067396807.051,30,S1_depeg_stablecoin,indonesia,USDC
692,1.0528084973433665,2929067396807.051,30,S1_depeg_stablecoin,indonesia,USDC
693,1.0294784772895271,2929067396807.051,30,S1_depeg_stablecoin,indonesia,USDC
694,1.0270404334751513,2929067396807.051,30,S1_depeg_stablecoin,indonesia,USDC
695,1.0235643680465984,2929067396807.051,30,S1_depeg_stablecoin,indonesia,USDC
696,0.9859816070786157,2929067396807.051,30,S1_depeg_stablecoin,indonesia,USDC
697,1.0010683798489743,2929067396807.051,30,S1_depeg_stablecoin,indonesia,USDC
698,1.0084124934160563,2929067396807.051,30,S1_depeg_stablecoin,indonesia,USDC
699,1.042525862582092,2929067396807.051,30,S1_depeg_stablecoin,indonesia,USDC
700,1.0332372805537666,2929067396807.051,30,S1_depeg_stablecoin,indonesia,USDC
701,0.9962612549383183,2929067396807.051,30,S1_depeg_stablecoin,indonesia,USDC
702,0.9864475505349871,2929067396807.051,30,S1_depeg_stablecoin,indonesia,USDC
703,1.0011451941580507,2929067396807.051,30,S1_depeg_stablecoin,indonesia,USDC
704,1.0078941863146595,2929067396807.051,30,S1_depeg_stablecoin,indonesia,USDC
705,1.0237994794377439,2929067396807.051,30,S1_depeg_stablecoin,indonesia,USDC
706,1.0342896570825741,2929067396807.051,30,S1_depeg_stablecoin,indonesia,USDC
707,1.0388671984540918,2929067396807.051,30,S1_depeg_stablecoin,indonesia,USDC
708,0.8816605526973176,2929067396807.051,30,S1_depeg_stablecoin,indonesia,USDC
709,0.8820463100108928,2929066292403.5566,30,S1_depeg_stablecoin,indonesia,USDC
710,0.8682048654408026,2929065262910.4434,30,S1_depeg_stablecoin,indonesia,USDC
711,0.8875867667559051,2929064122865.3105,30,S1_depeg_stablecoin,indonesia,USDC
712,0.8911009873376727,2929063353088.691,30,S1_depeg_stablecoin,indonesia,USDC
713,0.9175325391665377,2929062624809.8945,30,S1_depeg_stablecoin,indonesia,USDC
714,0.9123463871311459,2929062191177.1553,30,S1_depeg_stablecoin,indonesia,USDC
715,0.9377182882476489,2929061728064.619,30,S1_depeg_stablecoin,indonesia,USDC
716,0.9262626172527523,2929061499791.821,30,S1_depeg_stablecoin,indonesia,USDC
717,0.9250539655924589,2929061179638.414,30,S1_depeg_stablecoin,indonesia,USDC
718,0.9348035898726171,2929060891665.5303,30,S1_depeg_stablecoin,indonesia,USDC
719,1.002484614467036,2929060656097.0537,30,S1_depeg_stablecoin,indonesia,USDC
720,1.0121927687623518,2929060656097.0537,30,S1_depeg_stablecoin,indonesia,USDC
721,1.0294843721068874,2929060656097.0537,30,S1_depeg_stablecoin,indonesia,USDC
722,1.0305858925176499,2929060656097.0537,30,S1_depeg_stablecoin,indonesia,USDC
723,1.049920707685394,2929060656097.0537,30,S1_depeg_stablecoin,indonesia,USDC
724,1.0376556879105847,2929060656097.0537,30,S1_depeg_stablecoin,indonesia,USDC
725,1.0355274066989135,2929060656097.0537,30,S1_depeg_stablecoin,indonesia,USDC
726,1.02713478213871,2929060656097.0537,30,S1_depeg_stablecoin,indonesia,USDC
727,0.9846686364624662,2929060656097.0537,30,S1_depeg_stablecoin,indonesia,USDC
728,1.0141442881903644,2929060656097.0537,30,S1_depeg_stablecoin,indonesia,USDC
729,0.9987234236747098,2929060656097.0537,30,S1_depeg_stablecoin,indonesia,USDC
730,1.0097093110004938,2929060656097.0537,30,S1_depeg_stablecoin,indonesia,USDC
731,0.9656652530215892,2929060656097.0537,30,S1_depeg_stablecoin,indonesia,USDC
732,0.9382749342874289,2929060628137.4385,30,S1_depeg_stablecoin,indonesia,USDC
733,0.9051971121694576,2929060431065.019,30,S1_depeg_stablecoin,indonesia,USDC
734,0.8829205056747959,2929060057587.495,30,S1_depeg_stablecoin,indonesia,USDC
735,0.8913915058000025,2929059561116.502,30,S1_depeg_stablecoin,indonesia,USDC
736,0.8979204143843528,2929059161897.365,30,S1_depeg_stablecoin,indonesia,USDC
737,0.899027621325308,2929058808008.029,30,S1_depeg_stablecoin,indonesia,USDC
738,0.8922544625018822,2929058500971.8887,30,S1_depeg_stablecoin,indonesia,USDC
739,0.8998463590406128,2929058195016.834,30,S1_depeg_stablecoin,indonesia,USDC
740,0.906705288518182,2929057940105.996,30,S1_depeg_stablecoin,indonesia,USDC
741,0.9240074210928395,2929057726099.316,30,S1_depeg_stablecoin,indonesia,USDC
742,0.9170644561901684,2929057577199.9756,30,S1_depeg_stablecoin,indonesia,USDC
743,0.920294774350378,2929057412756.3066,30,S1_depeg_stablecoin,indonesia,USDC
744,0.9165263427917854,2929057258348.7876,30,S1_depeg_stablecoin,indonesia,USDC
745,0.9399068918860201,2929057104705.431,30,S1_depeg_stablecoin,indonesia,USDC
746,0.92473451715127,2929057020779.175,30,S1_depeg_stablecoin,indonesia,USDC
747,0.950462544845173,2929056898455.3477,30,S1_depeg_stablecoin,indonesia,USDC
748,0.961166244514636,2929056852338.362,30,S1_depeg_stablecoin,indonesia,USDC
749,0.9824099069840707,2929056831662.981,30,S1_depeg_stablecoin,indonesia,USDC
750,0.9681605321360486,2929056831662.981,30,S1_depeg_stablecoin,indonesia,USDC
751,0.9577637461830185,2929056827050.701,30,S1_depeg_stablecoin,indonesia,USDC
752,0.9495328017363488,2929056799926.169,30,S1_depeg_stablecoin,indonesia,USDC
753,0.9574525693245344,2929056751384.2935,30,S1_depeg_stablecoin,indonesia,USDC
754,0.9556635101477372,2929056724370.675,30,S1_depeg_stablecoin,indonesia,USDC
755,0.9337634392551164,2929056690009.1396,30,S1_depeg_stablecoin,indonesia,USDC
756,0.9375594848189999,2929056604441.418,30,S1_depeg_stablecoin,indonesia,USDC
757,0.9274601038663395,2929056537796.0884,30,S1_depeg_stablecoin,indonesia,USDC
758,0.9268190537029494,2929056446726.023,30,S1_depeg_stablecoin,indonesia,USDC
759,0.9308388336626846,2929056360702.845,30,S1_depeg_stablecoin,indonesia,USDC
760,0.9690979890152711,2929056281523.9287,30,S1_depeg_stablecoin,indonesia,USDC
761,0.9477221066241057,2929056279773.8057,30,S1_depeg_stablecoin,indonesia,USDC
762,0.9463095869946231,2929056236589.417,30,S1_depeg_stablecoin,indonesia,USDC
763,0.9779761449205808,2929056193449.5728,30,S1_depeg_stablecoin,indonesia,USDC
764,0.9720549800769778,2929056193449.5728,30,S1_depeg_stablecoin,indonesia,USDC
765,0.9592209366106366,2929056193449.5728,30,S1_depeg_stablecoin,indonesia,USDC
766,0.9923716771862992,2929056174731.329,30,S1_depeg_stablecoin,indonesia,USDC
767,0.9971602113188642,2929056174731.329,30,S1_depeg_stablecoin,indonesia,USDC
768,1.0363728028187282,2929056174731.329,30,S1_depeg_stablecoin,indonesia,USDC
769,1.0209084859176754,2929056174731.329,30,S1_depeg_stablecoin,indonesia,USDC
770,1.0067815850043882,2929056174731.329,30,S1_depeg_stablecoin,indonesia,USDC
771,0.999172265593086,2929056174731.329,30,S1_depeg_stablecoin,indonesia,USDC
772,0.9881146736156871,2929056174731.329,30,S1_depeg_stablecoin,indonesia,USDC
773,0.9921526249625069,2929056174731.329,30,S1_depeg_stablecoin,indonesia,USDC
774,0.9957753917030118,2929056174731.329,30,S1_depeg_stablecoin,indonesia,USDC
775,0.9829019663397587,2929056174731.329,30,S1_depeg_stablecoin,indonesia,USDC
776,0.9832836058622623,2929056174731.329,30,S1_depeg_stablecoin,indonesia,USDC
777,0.9771663712422657,2929056174731.329,30,S1_depeg_stablecoin,indonesia,USDC
778,0.984517190714928,2929056174731.329,30,S1_depeg_stablecoin,indonesia,USDC
779,0.9667931809383116,2929056174731.329,30,S1_depeg_stablecoin,indonesia,USDC
780,0.8306067561713969,2929056168862.3687,30,S1_depeg_stablecoin,indonesia,USDC
781,0.8473266637814595,2929055930044.7144,30,S1_depeg_stablecoin,indonesia,USDC
782,0.8323187585354563,2929055748524.0986,30,S1_depeg_stablecoin,indonesia,USDC
783,0.8445278787107194,2929055564735.077,30,S1_depeg_stablecoin,indonesia,USDC
784,0.8455904479384373,2929055417160.22,30,S1_depeg_stablecoin,indonesia,USDC
785,0.8526330217247975,2929055292006.588,30,S1_depeg_stablecoin,indonesia,USDC
786,0.8975407011207176,2929055186285.1714,30,S1_depeg_stablecoin,indonesia,USDC
787,0.9107507859688109,2929055127511.0117,30,S1_depeg_stablecoin,indonesia,USDC
788,0.906825799919791,2929055083042.0176,30,S1_depeg_stablecoin,indonesia,USDC
789,0.8988412884921666,2929055039638.8247,30,S1_depeg_stablecoin,indonesia,USDC
790,0.8992056226232263,2929054992677.5176,30,S1_depeg_stablecoin,indonesia,USDC
791,0.9014232227441089,2929054949384.072,30,S1_depeg_stablecoin,indonesia,USDC
792,0.8811951105858522,2929054912362.099,30,S1_depeg_stablecoin,indonesia,USDC
793,0.9055647864541188,2929054867496.013,30,S1_depeg_stablecoin,indonesia,USDC
794,0.9391607172911182,2929054838685.179,30,S1_depeg_stablecoin,indonesia,USDC
795,0.9658875003312601,2929054824721.6787,30,S1_depeg_stablecoin,indonesia,USDC
796,0.9966758533949751,2929054822918.81,30,S1_depeg_stablecoin,indonesia,USDC
797,0.9838824547030874,2929054822918.81,30,S1_depeg_stablecoin,indonesia,USDC
798,0.9926997597281266,2929054822918.81,30,S1_depeg_stablecoin,indonesia,USDC
799,1.0063548123431187,2929054822918.81,30,S1_depeg_stablecoin,indonesia,USDC
800,1.0329527838176717,2929054822918.81,30,S1_depeg_stablecoin,indonesia,USDC
801,1.0305760596180769,2929054822918.81,30,S1_depeg_stablecoin,indonesia,USDC
802,1.0158117616553615,2929054822918.81,30,S1_depeg_stablecoin,indonesia,USDC
803,0.9952209931062973,2929054822918.81,30,S1_depeg_stablecoin,indonesia,USDC
804,1.0031087974752966,2929054822918.81,30,S1_depeg_stablecoin,indonesia,USDC
805,1.0030029063088732,2929054822918.81,30,S1_depeg_stablecoin,indonesia,USDC
806,1.0118748323671694,2929054822918.81,30,S1_depeg_stablecoin,indonesia,USDC
807,1.068796583170774,2929054822918.81,30,S1_depeg_stablecoin,indonesia,USDC
808,1.0517222218245548,2929054822918.81,30,S1_depeg_stablecoin,indonesia,USDC
809,1.0274988965405503,2929054822918.81,30,S1_depeg_stablecoin,indonesia,USDC
810,1.045208455162226,2929054822918.81,30,S1_depeg_stablecoin,indonesia,USDC
811,1.0387401726568624,2929054822918.81,30,S1_depeg_stablecoin,indonesia,USDC
812,1.0308886418142453,2929054822918.81,30,S1_depeg_stablecoin,indonesia,USDC
813,1.0261957691432864,2929054822918.81,30,S1_depeg_stablecoin,indonesia,USDC
814,1.0307296316045451,2929054822918.81,30,S1_depeg_stablecoin,indonesia,USDC
815,1.019254587774091,2929054822918.81,30,S1_depeg_stablecoin,indonesia,USDC
816,0.9874993963900686,2929054822918.81,30,S1_depeg_stablecoin,indonesia,USDC
817,1.0107613612405248,2929054822918.81,30,S1_depeg_stablecoin,indonesia,USDC
818,1.0002839661522893,2929054822918.81,30,S1_depeg_stablecoin,indonesia,USDC
819,1.0176950847488775,2929054822918.81,30,S1_depeg_stablecoin,indonesia,USDC
820,1.013033615952657,2929054822918.81,30,S1_depeg_stablecoin,indonesia,USDC
821,1.017913430938128,2929054822918.81,30,S1_depeg_stablecoin,indonesia,USDC
822,1.0194239114967223,2929054822918.81,30,S1_depeg_stablecoin,indonesia,USDC
823,1.0025015487720272,2929054822918.81,30,S1_depeg_stablecoin,indonesia,USDC
824,0.9577319299944309,2929054822918.81,30,S1_depeg_stablecoin,indonesia,USDC
825,0.9391834219244681,2929054817563.4424,30,S1_depeg_stablecoin,indonesia,USDC
826,0.9302624276184666,2929054805591.874,30,S1_depeg_stablecoin,indonesia,USDC
827,0.9194533416355469,2929054789442.0444,30,S1_depeg_stablecoin,indonesia,USDC
828,0.9242981454902015,2929054769121.4385,30,S1_depeg_stablecoin,indonesia,USDC
829,0.941184604780881,2929054752681.3994,30,S1_depeg_stablecoin,indonesia,USDC
830,0.9182639672074813,2929054742189.1597,30,S1_depeg_stablecoin,indonesia,USDC
831,0.9397344427393434,2929054724871.1064,30,S1_depeg_stablecoin,indonesia,USDC
832,0.942467489871918,2929054715729.3613,30,S1_depeg_stablecoin,indonesia,USDC
833,0.9364087461183576,2929054707056.2974,30,S1_depeg_stablecoin,indonesia,USDC
834,0.9603613960224121,2929054696750.4014,30,S1_depeg_stablecoin,indonesia,USDC
835,0.9684622980529134,2929054694005.0723,30,S1_depeg_stablecoin,indonesia,USDC
836,0.9759065714739587,2929054694005.0723,30,S1_depeg_stablecoin,indonesia,USDC
837,0.979535434990926,2929054694005.0723,30,S1_depeg_stablecoin,indonesia,USDC
838,0.9671988284815506,2929054694005.0723,30,S1_depeg_stablecoin,indonesia,USDC
839,0.9971516899675583,2929054693315.58,30,S1_depeg_stablecoin,indonesia,USDC
840,0.9820022022230741,2929054693315.58,30,S1_depeg_stablecoin,indonesia,USDC
841,0.9860810715897529,2929054693315.58,30,S1_depeg_stablecoin,indonesia,USDC
842,1.0100450985702494,2929054693315.58,30,S1_depeg_stablecoin,indonesia,USDC
843,0.9848331082733689,2929054693315.58,30,S1_depeg_stablecoin,indonesia,USDC
844,0.9819329156872292,2929054693315.58,30,S1_depeg_stablecoin,indonesia,USDC
845,0.9828474980190695,2929054693315.58,30,S1_depeg_stablecoin,indonesia,USDC
846,1.0051324752463688,2929054693315.58,30,S1_depeg_stablecoin,indonesia,USDC
847,1.0221658516696974,2929054693315.58,30,S1_depeg_stablecoin,indonesia,USDC
848,1.0110632860028483,2929054693315.58,30,S1_depeg_stablecoin,indonesia,USDC
849,1.0182490837123832,2929054693315.58,30,S1_depeg_stablecoin,indonesia,USDC
850,1.0183751540468653,2929054693315.58,30,S1_depeg_stablecoin,indonesia,USDC
851,1.0305403061634792,2929054693315.58,30,S1_depeg_stablecoin,indonesia,USDC
852,1.0371299825902556,2929054693315.58,30,S1_depeg_stablecoin,indonesia,USDC
853,1.0191565673566292,2929054693315.58,30,S1_depeg_stablecoin,indonesia,USDC
854,1.018691095228553,2929054693315.58,30,S1_depeg_stablecoin,indonesia,USDC
855,0.9932691402789581,2929054693315.58,30,S1_depeg_stablecoin,indonesia,USDC
856,0.9961124400580745,2929054693315.58,30,S1_depeg_stablecoin,indonesia,USDC
857,0.9986323269438642,2929054693315.58,30,S1_depeg_stablecoin,indonesia,USDC
858,1.020391291260024,2929054693315.58,30,S1_depeg_stablecoin,indonesia,USDC
859,1.0485972104299686,2929054693315.58,30,S1_depeg_stablecoin,indonesia,USDC
860,1.0467952053821998,2929054693315.58,30,S1_depeg_stablecoin,indonesia,USDC
861,1.0309314384824741,2929054693315.58,30,S1_depeg_stablecoin,indonesia,USDC
862,0.9913995236160721,2929054693315.58,30,S1_depeg_stablecoin,indonesia,USDC
863,0.9757780571333028,2929054693315.58,30,S1_depeg_stablecoin,indonesia,USDC
864,0.9838750574757946,2929054693315.58,30,S1_depeg_stablecoin,indonesia,USDC
865,0.9866024240511659,2929054693315.58,30,S1_depeg_stablecoin,indonesia,USDC
866,1.0152078788092158,2929054693315.58,30,S1_depeg_stablecoin,indonesia,USDC
867,0.8414631684178818,2929054693315.58,30,S1_depeg_stablecoin,indonesia,USDC
868,0.8588354843279675,2929054655156.876,30,S1_depeg_stablecoin,indonesia,USDC
869,0.8680105569835167,2929054626473.3965,30,S1_depeg_stablecoin,indonesia,USDC
870,0.8674788153851867,2929054602607.0625,30,S1_depeg_stablecoin,indonesia,USDC
871,0.8711891648479163,2929054581138.7754,30,S1_depeg_stablecoin,indonesia,USDC
872,0.8788276097374093,2929054563438.2188,30,S1_depeg_stablecoin,indonesia,USDC
873,0.9183711098780172,2929054548027.9727,30,S1_depeg_stablecoin,indonesia,USDC
874,0.9429040390195712,2929054540539.2993,30,S1_depeg_stablecoin,indonesia,USDC
875,0.9835536126287789,2929054536871.8867,30,S1_depeg_stablecoin,indonesia,USDC
876,0.9966581749139822,2929054536871.8867,30,S1_depeg_stablecoin,indonesia,USDC
877,1.0099182342260147,2929054536871.8867,30,S1_depeg_stablecoin,indonesia,USDC
878,1.0209557991908123,2929054536871.8867,30,S1_depeg_stablecoin,indonesia,USDC
879,1.0143609802453173,2929054536871.8867,30,S1_depeg_stablecoin,indonesia,USDC
880,1.0344391988453272,2929054536871.8867,30,S1_depeg_stablecoin,indonesia,USDC
881,1.0004584949003932,2929054536871.8867,30,S1_depeg_stablecoin,indonesia,USDC
882,0.9775333451558581,2929054536871.8867,30,S1_depeg_stablecoin,indonesia,USDC
883,0.9855390298948462,2929054536871.8867,30,S1_depeg_stablecoin,indonesia,USDC
884,1.0021372202774215,2929054536871.8867,30,S1_depeg_stablecoin,indonesia,USDC
885,1.0210902777231934,2929054536871.8867,30,S1_depeg_stablecoin,indonesia,USDC
886,1.0035145126300968,2929054536871.8867,30,S1_depeg_stablecoin,indonesia,USDC
887,0.9730625996225986,2929054536871.8867,30,S1_depeg_stablecoin,indonesia,USDC
888,0.9870828451882151,2929054536871.8867,30,S1_depeg_stablecoin,indonesia,USDC
889,0.9968512080127121,2929054536871.8867,30,S1_depeg_stablecoin,indonesia,USDC
890,1.0001822009476529,2929054536871.8867,30,S1_depeg_stablecoin,indonesia,USDC
891,0.9936120490857002,2929054536871.8867,30,S1_depeg_stablecoin,indonesia,USDC
892,0.9919602437142477,2929054536871.8867,30,S1_depeg_stablecoin,indonesia,USDC
893,0.9766300346562513,2929054536871.8867,30,S1_depeg_stablecoin,indonesia,USDC
894,0.9576140831172664,2929054536871.8867,30,S1_depeg_stablecoin,indonesia,USDC
895,0.9397980513468791,2929054535417.772,30,S1_depeg_stablecoin,indonesia,USDC
896,0.941631008199591,2929054531323.1196,30,S1_depeg_stablecoin,indonesia,USDC
897,0.9492683007939475,2929054527598.607,30,S1_depeg_stablecoin,indonesia,USDC
898,0.9533639827712078,2929054525085.973,30,S1_depeg_stablecoin,indonesia,USDC
899,0.9565684102414379,2929054523035.0728,30,S1_depeg_stablecoin,indonesia,USDC
900,0.9570702394010733,2929054521509.163,30,S1_depeg_stablecoin,indonesia,USDC
901,0.961907713592041,2929054519975.154,30,S1_depeg_stablecoin,indonesia,USDC
902,0.9757890052155428,2929054518969.964,30,S1_depeg_stablecoin,indonesia,USDC
903,0.9597299256689958,2929054518969.964,30,S1_depeg_stablecoin,indonesia,USDC
904,0.9480567746474117,2929054517704.8994,30,S1_depeg_stablecoin,indonesia,USDC
905,0.9590354951411992,2929054515030.56,30,S1_depeg_stablecoin,indonesia,USDC
906,0.9746101966442559,2929054513968.4673,30,S1_depeg_stablecoin,indonesia,USDC
907,0.9401532405468136,2929054513968.4673,30,S1_depeg_stablecoin,indonesia,USDC
908,0.9433611562818636,2929054510562.691,30,S1_depeg_stablecoin,indonesia,USDC
909,0.9475200901842972,2929054507623.378,30,S1_depeg_stablecoin,indonesia,USDC
910,0.967762500603032,2929054505117.27,30,S1_depeg_stablecoin,indonesia,USDC
911,0.9989044960958825,2929054504992.033,30,S1_depeg_stablecoin,indonesia,USDC
912,0.9698078397073185,2929054504992.033,30,S1_depeg_stablecoin,indonesia,USDC
913,0.979258164747886,2929054504977.925,30,S1_depeg_stablecoin,indonesia,USDC
914,0.9744146669750212,2929054504977.925,30,S1_depeg_stablecoin,indonesia,USDC
915,1.0008325690901259,2929054504977.925,30,S1_depeg_stablecoin,indonesia,USDC
916,1.01678670540714,2929054504977.925,30,S1_depeg_stablecoin,indonesia,USDC
917,1.0118889656623664,2929054504977.925,30,S1_depeg_stablecoin,indonesia,USDC
918,1.0573903102511488,2929054504977.925,30,S1_depeg_stablecoin,indonesia,USDC
919,1.0007326830375118,2929054504977.925,30,S1_depeg_stablecoin,indonesia,USDC
920,1.0200543066403907,2929054504977.925,30,S1_depeg_stablecoin,indonesia,USDC
921,1.0182903700686674,2929054504977.925,30,S1_depeg_stablecoin,indonesia,USDC
922,1.0201935420316965,2929054504977.925,30,S1_depeg_stablecoin,indonesia,USDC
923,1.0298057444756321,2929054504977.925,30,S1_depeg_stablecoin,indonesia,USDC
924,1.0085459994323176,2929054504977.925,30,S1_depeg_stablecoin,indonesia,USDC
925,1.032183787462112,2929054504977.925,30,S1_depeg_stablecoin,indonesia,USDC
926,1.0072229438093905,2929054504977.925,30,S1_depeg_stablecoin,indonesia,USDC
927,1.0086963809019591,2929054504977.925,30,S1_depeg_stablecoin,indonesia,USDC
928,1.0025898477168314,2929054504977.925,30,S1_depeg_stablecoin,indonesia,USDC
929,0.9761877267277399,2929054504977.925,30,S1_depeg_stablecoin,indonesia,USDC
930,0.9665272751626072,2929054504977.925,30,S1_depeg_stablecoin,indonesia,USDC
931,0.9559505168110227,2929054504600.249,30,S1_depeg_stablecoin,indonesia,USDC
932,0.9465196969989624,2929054503238.869,30,S1_depeg_stablecoin,indonesia,USDC
933,0.9103986804125513,2929054500727.3696,30,S1_depeg_stablecoin,indonesia,USDC
934,0.8980260090279967,2929054494813.412,30,S1_depeg_stablecoin,indonesia,USDC
935,0.9171783928097612,2929054488241.1797,30,S1_depeg_stablecoin,indonesia,USDC
936,0.9121288283517128,2929054483663.721,30,S1_depeg_stablecoin,indonesia,USDC
937,0.9370916045701486,2929054478768.4116,30,S1_depeg_stablecoin,indonesia,USDC
938,0.9619511922624872,2929054476078.654,30,S1_depeg_stablecoin,indonesia,USDC
939,0.9807245698852525,2929054475544.721,30,S1_depeg_stablecoin,indonesia,USDC
940,0.9527464836293207,2929054475544.721,30,S1_depeg_stablecoin,indonesia,USDC
941,0.9756394916660661,2929054474191.8506,30,S1_depeg_stablecoin,indonesia,USDC
942,1.0095369741239377,2929054474191.8506,30,S1_depeg_stablecoin,indonesia,USDC
943,0.9890092715491114,2929054474191.8506,30,S1_depeg_stablecoin,indonesia,USDC
944,0.9975751666143844,2929054474191.8506,30,S1_depeg_stablecoin,indonesia,USDC
945,1.018435851066737,2929054474191.8506,30,S1_depeg_stablecoin,indonesia,USDC
946,1.0102886480140794,2929054474191.8506,30,S1_depeg_stablecoin,indonesia,USDC
947,1.0154260303354763,2929054474191.8506,30,S1_depeg_stablecoin,indonesia,USDC
948,0.9987343666643698,2929054474191.8506,30,S1_depeg_stablecoin,indonesia,USDC
949,0.9733988292325327,2929054474191.8506,30,S1_depeg_stablecoin,indonesia,USDC
950,0.979025440150893,2929054474191.8506,30,S1_depeg_stablecoin,indonesia,USDC
951,1.0029919264326317,2929054474191.8506,30,S1_depeg_stablecoin,indonesia,USDC
952,1.0151052283665183,2929054474191.8506,30,S1_depeg_stablecoin,indonesia,USDC
953,0.992473719870054,2929054474191.8506,30,S1_depeg_stablecoin,indonesia,USDC
954,1.0084724601668464,2929054474191.8506,30,S1_depeg_stablecoin,indonesia,USDC
955,1.0241197152939572,2929054474191.8506,30,S1_depeg_stablecoin,indonesia,USDC
956,0.9931261627636429,2929054474191.8506,30,S1_depeg_stablecoin,indonesia,USDC
957,0.998525463422041,2929054474191.8506,30,S1_depeg_stablecoin,indonesia,USDC
958,0.9984331270069471,2929054474191.8506,30,S1_depeg_stablecoin,indonesia,USDC
959,0.9849922737637983,2929054474191.8506,30,S1_depeg_stablecoin,indonesia,USDC
960,1.0141961440112934,2929054474191.8506,30,S1_depeg_stablecoin,indonesia,USDC
961,0.9980502116131698,2929054474191.8506,30,S1_depeg_stablecoin,indonesia,USDC
962,0.9931996333617799,2929054474191.8506,30,S1_depeg_stablecoin,indonesia,USDC
963,1.0460782806298712,2929054474191.8506,30,S1_depeg_stablecoin,indonesia,USDC
964,1.0286931362074667,2929054474191.8506,30,S1_depeg_stablecoin,indonesia,USDC
965,0.9895740929524517,2929054474191.8506,30,S1_depeg_stablecoin,indonesia,USDC
966,1.0242773515069106,2929054474191.8506,30,S1_depeg_stablecoin,indonesia,USDC
967,1.0314643497140288,2929054474191.8506,30,S1_depeg_stablecoin,indonesia,USDC
968,1.0241481406891553,2929054474191.8506,30,S1_depeg_stablecoin,indonesia,USDC
969,1.023793921166182,2929054474191.8506,30,S1_depeg_stablecoin,indonesia,USDC
970,1.0578291067610257,2929054474191.8506,30,S1_depeg_stablecoin,indonesia,USDC
971,1.0319649901634382,2929054474191.8506,30,S1_depeg_stablecoin,indonesia,USDC
972,1.032772171537348,2929054474191.8506,30,S1_depeg_stablecoin,indonesia,USDC
973,1.0446679960294942,2929054474191.8506,30,S1_depeg_stablecoin,indonesia,USDC
974,1.039561564916137,2929054474191.8506,30,S1_depeg_stablecoin,indonesia,USDC
975,1.0207659259411235,2929054474191.8506,30,S1_depeg_stablecoin,indonesia,USDC
976,1.0350931369844039,2929054474191.8506,30,S1_depeg_stablecoin,indonesia,USDC
977,1.0089668177536422,2929054474191.8506,30,S1_depeg_stablecoin,indonesia,USDC
978,0.9890596734912513,2929054474191.8506,30,S1_depeg_stablecoin,indonesia,USDC
979,0.9739903807770847,2929054474191.8506,30,S1_depeg_stablecoin,indonesia,USDC
980,0.9647682511002927,2929054474191.8506,30,S1_depeg_stablecoin,indonesia,USDC
981,0.951086187657349,2929054473788.9185,30,S1_depeg_stablecoin,indonesia,USDC
982,0.9296947178490503,2929054472404.346,30,S1_depeg_stablecoin,indonesia,USDC
983,0.9143749662795196,2929054469638.7,30,S1_depeg_stablecoin,indonesia,USDC
984,0.9468950690581436,2929054465925.383,30,S1_depeg_stablecoin,indonesia,USDC
985,0.9109301487746141,2929054464462.216,30,S1_depeg_stablecoin,indonesia,USDC
986,0.9082681198044916,2929054460607.652,30,S1_depeg_stablecoin,indonesia,USDC
987,0.8996838802453478,2929054456814.142,30,S1_depeg_stablecoin,indonesia,USDC
988,0.901330640879406,2929054452658.3584,30,S1_depeg_stablecoin,indonesia,USDC
989,0.922365477767374,2929054449164.54,30,S1_depeg_stablecoin,indonesia,USDC
990,0.9068400394825833,2929054446923.7295,30,S1_depeg_stablecoin,indonesia,USDC
991,0.9085284435490089,2929054443911.087,30,S1_depeg_stablecoin,indonesia,USDC
992,0.8789673634502664,2929054441305.1978,30,S1_depeg_stablecoin,indonesia,USDC
993,0.8777582010572396,2929054437380.5225,30,S1_depeg_stablecoin,indonesia,USDC
994,0.8793026645814496,2929054433776.9326,30,S1_depeg_stablecoin,indonesia,USDC
995,0.9189749131988099,2929054430643.7637,30,S1_depeg_stablecoin,indonesia,USDC
996,0.9070202821125242,2929054429134.8857,30,S1_depeg_stablecoin,indonesia,USDC
997,0.8952847709869054,2929054427255.42,30,S1_depeg_stablecoin,indonesia,USDC
998,0.9205329398471992,2929054425218.079,30,S1_depeg_stablecoin,indonesia,USDC
999,0.9109680637643411,2929054423905.808,30,S1_depeg_stablecoin,indonesia,USDC
1000,0.9088748107546524,2929054422419.66,30,S1_depeg_stablecoin,indonesia,USDC
