Step,price,liquidity,iteration,scenario,region,coin
1,1.025825014618394,2989489465810.74,431,S1_depeg_stablecoin,indonesia,USDC
2,1.0364182497807324,2989489465810.74,431,S1_depeg_stablecoin,indonesia,USDC
3,1.021866546732779,2989489465810.74,431,S1_depeg_stablecoin,indonesia,USDC
4,1.0229043015549308,2989489465810.74,431,S1_depeg_stablecoin,indonesia,USDC
5,0.9972990285163876,2989489465810.74,431,S1_depeg_stablecoin,indonesia,USDC
6,0.9805300109910752,2989489465810.74,431,S1_depeg_stablecoin,indonesia,USDC
7,0.9716693455274523,2989489465810.74,431,S1_depeg_stablecoin,indonesia,USDC
8,0.9442149530875492,2989489465810.74,431,S1_depeg_stablecoin,indonesia,USDC
9,0.9479306129356939,2987909153848.0625,431,S1_depeg_stablecoin,indonesia,USDC
10,0.9549239563779327,2986607336452.733,431,S1_depeg_stablecoin,indonesia,USDC
11,0.945235393643721,2985755221561.539,431,S1_depeg_stablecoin,indonesia,USDC
12,0.9396437428365692,2984318727445.5522,431,S1_depeg_stablecoin,indonesia,USDC
13,0.9345017613280162,2982634912854.1655,431,S1_depeg_stablecoin,indonesia,USDC
14,0.957880403425978,2980742127594.746,431,S1_depeg_stablecoin,indonesia,USDC
15,0.9564923852562761,2980101754827.564,431,S1_depeg_stablecoin,indonesia,USDC
16,0.9380396689607229,2979408554947.834,431,S1_depeg_stablecoin,indonesia,USDC
17,0.9476717131445987,2977813690426.5957,431,S1_depeg_stablecoin,indonesia,USDC
18,0.9132628628535479,2976715346215.5537,431,S1_depeg_stablecoin,indonesia,USDC
19,0.9054359931367254,2974022943404.618,431,S1_depeg_stablecoin,indonesia,USDC
20,0.8979336803363238,2971108753235.926,431,S1_depeg_stablecoin,indonesia,USDC
21,0.8812800618576034,2968095881421.6924,431,S1_depeg_stablecoin,indonesia,USDC
22,0.9256084183286258,2964654650459.176,431,S1_depeg_stablecoin,indonesia,USDC
23,0.9199620118772608,2963045332761.949,431,S1_depeg_stablecoin,indonesia,USDC
24,0.9443456199201808,2961352881186.956,431,S1_depeg_stablecoin,indonesia,USDC
25,0.9565767704838954,2960510163487.2627,431,S1_depeg_stablecoin,indonesia,USDC
26,0.9572143206418535,2960111906090.1245,431,S1_depeg_stablecoin,indonesia,USDC
27,0.970424100190581,2959728818197.6484,431,S1_depeg_stablecoin,indonesia,USDC
28,0.9749582717046594,2959728818197.6484,431,S1_depeg_stablecoin,indonesia,USDC
29,0.9641798448012241,2959728818197.6484,431,S1_depeg_stablecoin,indonesia,USDC
30,0.9853873597021335,2959564728778.5166,431,S1_depeg_stablecoin,indonesia,USDC
31,0.9887122863657006,2959564728778.5166,431,S1_depeg_stablecoin,indonesia,USDC
32,0.9963409330212282,2959564728778.5166,431,S1_depeg_stablecoin,indonesia,USDC
33,0.9988521569953759,2959564728778.5166,431,S1_depeg_stablecoin,indonesia,USDC
34,0.9745708815863741,2959564728778.5166,431,S1_depeg_stablecoin,indonesia,USDC
35,0.9758064606641162,2959564728778.5166,431,S1_depeg_stablecoin,indonesia,USDC
36,0.9718778820559262,2959564728778.5166,431,S1_depeg_stablecoin,indonesia,USDC
37,1.007592303859886,2959564728778.5166,431,S1_depeg_stablecoin,indonesia,USDC
38,1.0072989817366464,2959564728778.5166,431,S1_depeg_stablecoin,indonesia,USDC
39,0.9862777226434304,2959564728778.5166,431,S1_depeg_stablecoin,indonesia,USDC
40,1.0146263686841728,2959564728778.5166,431,S1_depeg_stablecoin,indonesia,USDC
41,1.0026400232796053,2959564728778.5166,431,S1_depeg_stablecoin,indonesia,USDC
42,0.974148705721912,2959564728778.5166,431,S1_depeg_stablecoin,indonesia,USDC
43,1.0034612466497843,2959564728778.5166,431,S1_depeg_stablecoin,indonesia,USDC
44,1.0156973160736185,2959564728778.5166,431,S1_depeg_stablecoin,indonesia,USDC
45,1.0058698298965063,2959564728778.5166,431,S1_depeg_stablecoin,indonesia,USDC
46,1.0022222302140045,2959564728778.5166,431,S1_depeg_stablecoin,indonesia,USDC
47,0.9993325821693612,2959564728778.5166,431,S1_depeg_stablecoin,indonesia,USDC
48,1.020126283721321,2959564728778.5166,431,S1_depeg_stablecoin,indonesia,USDC
49,1.0071893083423424,2959564728778.5166,431,S1_depeg_stablecoin,indonesia,USDC
50,1.0128639127963612,2959564728778.5166,431,S1_depeg_stablecoin,indonesia,USDC
51,1.0140773050364755,2959564728778.5166,431,S1_depeg_stablecoin,indonesia,USDC
52,0.9999204620757416,2959564728778.5166,431,S1_depeg_stablecoin,indonesia,USDC
53,0.980054668477013,2959564728778.5166,431,S1_depeg_stablecoin,indonesia,USDC
54,0.9731328531443503,2959564728778.5166,431,S1_depeg_stablecoin,indonesia,USDC
55,0.9468024298261632,2959564728778.5166,431,S1_depeg_stablecoin,indonesia,USDC
56,0.9302922721677194,2958884614882.7007,431,S1_depeg_stablecoin,indonesia,USDC
57,0.9326474681866967,2957715611614.445,431,S1_depeg_stablecoin,indonesia,USDC
58,0.9183059435398392,2956661600857.688,431,S1_depeg_stablecoin,indonesia,USDC
59,0.959773259423252,2955233377479.534,431,S1_depeg_stablecoin,indonesia,USDC
60,0.9853590141173554,2954981268527.6084,431,S1_depeg_stablecoin,indonesia,USDC
61,0.9875332806293118,2954981268527.6084,431,S1_depeg_stablecoin,indonesia,USDC
62,1.0164351355654027,2954981268527.6084,431,S1_depeg_stablecoin,indonesia,USDC
63,0.9849890550349524,2954981268527.6084,431,S1_depeg_stablecoin,indonesia,USDC
64,0.9930262610107325,2954981268527.6084,431,S1_depeg_stablecoin,indonesia,USDC
65,0.9624049611738544,2954981268527.6084,431,S1_depeg_stablecoin,indonesia,USDC
66,0.9525767600143746,2954781669319.997,431,S1_depeg_stablecoin,indonesia,USDC
67,0.9271489405632971,2954327368153.4946,431,S1_depeg_stablecoin,indonesia,USDC
68,0.9434935531332701,2953230120287.956,431,S1_depeg_stablecoin,indonesia,USDC
69,0.931901900692005,2952622737209.3535,431,S1_depeg_stablecoin,indonesia,USDC
70,0.9525494067023583,2951730808417.5947,431,S1_depeg_stablecoin,indonesia,USDC
71,0.9836094371376736,2951353769390.03,431,S1_depeg_stablecoin,indonesia,USDC
72,1.0055461482424448,2951353769390.03,431,S1_depeg_stablecoin,indonesia,USDC
73,1.0235850979794336,2951353769390.03,431,S1_depeg_stablecoin,indonesia,USDC
74,1.0230844826600607,2951353769390.03,431,S1_depeg_stablecoin,indonesia,USDC
75,1.0295198343405938,2951353769390.03,431,S1_depeg_stablecoin,indonesia,USDC
76,1.0302902936788867,2951353769390.03,431,S1_depeg_stablecoin,indonesia,USDC
77,1.029420859347595,2951353769390.03,431,S1_depeg_stablecoin,indonesia,USDC
78,1.028172952101269,2951353769390.03,431,S1_depeg_stablecoin,indonesia,USDC
79,1.0506360283136802,2951353769390.03,431,S1_depeg_stablecoin,indonesia,USDC
80,0.9899603574779338,2951353769390.03,431,S1_depeg_stablecoin,indonesia,USDC
81,0.9998944747029345,2951353769390.03,431,S1_depeg_stablecoin,indonesia,USDC
82,1.0226578919153333,2951353769390.03,431,S1_depeg_stablecoin,indonesia,USDC
83,1.0364920312242722,2951353769390.03,431,S1_depeg_stablecoin,indonesia,USDC
84,1.0452265339208453,2951353769390.03,431,S1_depeg_stablecoin,indonesia,USDC
85,1.0718846449050599,2951353769390.03,431,S1_depeg_stablecoin,indonesia,USDC
86,1.0740374929252432,2951353769390.03,431,S1_depeg_stablecoin,indonesia,USDC
87,1.0901527520147434,2951353769390.03,431,S1_depeg_stablecoin,indonesia,USDC
88,1.0974529927176853,2951353769390.03,431,S1_depeg_stablecoin,indonesia,USDC
89,1.103904715706364,2951353769390.03,431,S1_depeg_stablecoin,indonesia,USDC
90,1.0840318984087802,2951353769390.03,431,S1_depeg_stablecoin,indonesia,USDC
91,1.0424447770574927,2951353769390.03,431,S1_depeg_stablecoin,indonesia,USDC
92,1.0406811905524798,2951353769390.03,431,S1_depeg_stablecoin,indonesia,USDC
93,1.0343330365827905,2951353769390.03,431,S1_depeg_stablecoin,indonesia,USDC
94,1.0377004005454764,2951353769390.03,431,S1_depeg_stablecoin,indonesia,USDC
95,1.0679805589207054,2951353769390.03,431,S1_depeg_stablecoin,indonesia,USDC
96,1.080893233426371,2951353769390.03,431,S1_depeg_stablecoin,indonesia,USDC
97,1.1010315815346963,2951353769390.03,431,S1_depeg_stablecoin,indonesia,USDC
98,1.0919967130263943,2951353769390.03,431,S1_depeg_stablecoin,indonesia,USDC
99,1.0921090557532156,2951353769390.03,431,S1_depeg_stablecoin,indonesia,USDC
100,1.0616265550216537,2951353769390.03,431,S1_depeg_stablecoin,indonesia,USDC
101,0.915330093299511,2951353769390.03,431,S1_depeg_stablecoin,indonesia,USDC
102,0.9066627854348056,2950216906493.5923,431,S1_depeg_stablecoin,indonesia,USDC
103,0.9086345003437999,2948929958671.5195,431,S1_depeg_stablecoin,indonesia,USDC
104,0.9094813319557921,2947730558719.9814,431,S1_depeg_stablecoin,indonesia,USDC
105,0.9297334459891559,2946620911637.93,431,S1_depeg_stablecoin,indonesia,USDC
106,0.9187951329588,2945951252673.0234,431,S1_depeg_stablecoin,indonesia,USDC
107,0.9224687232943023,2945105374348.3223,431,S1_depeg_stablecoin,indonesia,USDC
108,0.9205542574492128,2944340174276.456,431,S1_depeg_stablecoin,indonesia,USDC
109,0.9460931763625626,2943623514322.319,431,S1_depeg_stablecoin,indonesia,USDC
110,0.9204394143074434,2943275163595.464,431,S1_depeg_stablecoin,indonesia,USDC
111,0.9245374114776698,2942627341588.356,431,S1_depeg_stablecoin,indonesia,USDC
112,0.966977638030406,2942062691140.0654,431,S1_depeg_stablecoin,indonesia,USDC
113,0.9752024706586937,2942037764780.128,431,S1_depeg_stablecoin,indonesia,USDC
114,0.9812066671519684,2942037764780.128,431,S1_depeg_stablecoin,indonesia,USDC
115,0.9686453171364308,2942037764780.128,431,S1_depeg_stablecoin,indonesia,USDC
116,0.9735026401072211,2942037764780.128,431,S1_depeg_stablecoin,indonesia,USDC
117,1.006224063001799,2942037764780.128,431,S1_depeg_stablecoin,indonesia,USDC
118,0.9865987108341194,2942037764780.128,431,S1_depeg_stablecoin,indonesia,USDC
119,0.9889906558596101,2942037764780.128,431,S1_depeg_stablecoin,indonesia,USDC
120,1.0002303029990185,2942037764780.128,431,S1_depeg_stablecoin,indonesia,USDC
121,1.009300401980359,2942037764780.128,431,S1_depeg_stablecoin,indonesia,USDC
122,1.000478626260143,2942037764780.128,431,S1_depeg_stablecoin,indonesia,USDC
123,1.0318109492637195,2942037764780.128,431,S1_depeg_stablecoin,indonesia,USDC
124,1.0144413048592846,2942037764780.128,431,S1_depeg_stablecoin,indonesia,USDC
125,0.9992550130678342,2942037764780.128,431,S1_depeg_stablecoin,indonesia,USDC
126,1.0359184679143632,2942037764780.128,431,S1_depeg_stablecoin,indonesia,USDC
127,1.0670957749703514,2942037764780.128,431,S1_depeg_stablecoin,indonesia,USDC
128,1.0895912319657497,2942037764780.128,431,S1_depeg_stablecoin,indonesia,USDC
129,1.072214810348234,2942037764780.128,431,S1_depeg_stablecoin,indonesia,USDC
130,1.0471612870046287,2942037764780.128,431,S1_depeg_stablecoin,indonesia,USDC
131,1.059850776466069,2942037764780.128,431,S1_depeg_stablecoin,indonesia,USDC
132,1.0330343817744465,2942037764780.128,431,S1_depeg_stablecoin,indonesia,USDC
133,1.027527589652413,2942037764780.128,431,S1_depeg_stablecoin,indonesia,USDC
134,1.019256510368837,2942037764780.128,431,S1_depeg_stablecoin,indonesia,USDC
135,1.039291050325607,2942037764780.128,431,S1_depeg_stablecoin,indonesia,USDC
136,1.026560921757563,2942037764780.128,431,S1_depeg_stablecoin,indonesia,USDC
137,1.0201926689957828,2942037764780.128,431,S1_depeg_stablecoin,indonesia,USDC
138,1.0102163118742276,2942037764780.128,431,S1_depeg_stablecoin,indonesia,USDC
139,0.8783536764748554,2942037764780.128,431,S1_depeg_stablecoin,indonesia,USDC
140,0.8867803883426739,2940930875352.053,431,S1_depeg_stablecoin,indonesia,USDC
141,0.8903049183697496,2939949277765.6196,431,S1_depeg_stablecoin,indonesia,USDC
142,0.9282060334130346,2939129496277.8486,431,S1_depeg_stablecoin,indonesia,USDC
143,0.9237189420619132,2938714140493.066,431,S1_depeg_stablecoin,indonesia,USDC
144,0.7769443255004744,2938274008840.0425,431,S1_depeg_stablecoin,indonesia,USDC
145,0.7937539593220087,2936525652263.04,431,S1_depeg_stablecoin,indonesia,USDC
146,0.7996318726108848,2935247198650.989,431,S1_depeg_stablecoin,indonesia,USDC
147,0.7936348653453598,2934255500941.2363,431,S1_depeg_stablecoin,indonesia,USDC
148,0.8180185821821311,2933388941737.5674,431,S1_depeg_stablecoin,indonesia,USDC
149,0.8147275615390908,2932814543518.794,431,S1_depeg_stablecoin,indonesia,USDC
150,0.8312187630566814,2932303459892.4165,431,S1_depeg_stablecoin,indonesia,USDC
151,0.848884554204726,2931925334006.5264,431,S1_depeg_stablecoin,indonesia,USDC
152,0.8332636953795987,2931633840887.5854,431,S1_depeg_stablecoin,indonesia,USDC
153,0.8398001424560979,2931331558491.9897,431,S1_depeg_stablecoin,indonesia,USDC
154,0.8704913539485795,2931094468292.094,431,S1_depeg_stablecoin,indonesia,USDC
155,0.8594229644867997,2930929817133.508,431,S1_depeg_stablecoin,indonesia,USDC
156,0.8639163135930942,2930772527924.878,431,S1_depeg_stablecoin,indonesia,USDC
157,0.8756009734937908,2930635234530.907,431,S1_depeg_stablecoin,indonesia,USDC
158,0.8977329643795187,2930531076978.211,431,S1_depeg_stablecoin,indonesia,USDC
159,0.9094929103024553,2930457108525.2812,431,S1_depeg_stablecoin,indonesia,USDC
160,0.926932152503029,2930398251378.0044,431,S1_depeg_stablecoin,indonesia,USDC
161,0.955708139162575,2930361324277.0186,431,S1_depeg_stablecoin,indonesia,USDC
162,0.9680466693616905,2930350468949.001,431,S1_depeg_stablecoin,indonesia,USDC
163,0.9486748427203792,2930349212154.1465,431,S1_depeg_stablecoin,indonesia,USDC
164,0.9833617861244209,2930332585458.086,431,S1_depeg_stablecoin,indonesia,USDC
165,1.0020801223467453,2930332585458.086,431,S1_depeg_stablecoin,indonesia,USDC
166,1.0069242287767488,2930332585458.086,431,S1_depeg_stablecoin,indonesia,USDC
167,1.007054247235699,2930332585458.086,431,S1_depeg_stablecoin,indonesia,USDC
168,0.9845629565314685,2930332585458.086,431,S1_depeg_stablecoin,indonesia,USDC
169,0.9988274995435752,2930332585458.086,431,S1_depeg_stablecoin,indonesia,USDC
170,0.9940817015981028,2930332585458.086,431,S1_depeg_stablecoin,indonesia,USDC
171,0.9625058138190673,2930332585458.086,431,S1_depeg_stablecoin,indonesia,USDC
172,0.975424006380885,2930327701034.005,431,S1_depeg_stablecoin,indonesia,USDC
173,0.9830928998773418,2930327701034.005,431,S1_depeg_stablecoin,indonesia,USDC
174,0.9661874938502645,2930327701034.005,431,S1_depeg_stablecoin,indonesia,USDC
175,0.9597957162519979,2930325375399.628,431,S1_depeg_stablecoin,indonesia,USDC
176,0.9716072919628711,2930317735409.424,431,S1_depeg_stablecoin,indonesia,USDC
177,0.949432582107959,2930317735409.424,431,S1_depeg_stablecoin,indonesia,USDC
178,0.9574151098446229,2930302332116.416,431,S1_depeg_stablecoin,indonesia,USDC
179,0.961534906478214,2930292981684.8984,431,S1_depeg_stablecoin,indonesia,USDC
180,0.9781565200259987,2930286501292.6343,431,S1_depeg_stablecoin,indonesia,USDC
181,0.976517197155117,2930286501292.6343,431,S1_depeg_stablecoin,indonesia,USDC
182,0.995610850081754,2930286501292.6343,431,S1_depeg_stablecoin,indonesia,USDC
183,1.0317944325336337,2930286501292.6343,431,S1_depeg_stablecoin,indonesia,USDC
184,1.0262492001481875,2930286501292.6343,431,S1_depeg_stablecoin,indonesia,USDC
185,1.046418965696395,2930286501292.6343,431,S1_depeg_stablecoin,indonesia,USDC
186,1.0583002704818856,2930286501292.6343,431,S1_depeg_stablecoin,indonesia,USDC
187,1.0324725414233182,2930286501292.6343,431,S1_depeg_stablecoin,indonesia,USDC
188,1.0372809917295962,2930286501292.6343,431,S1_depeg_stablecoin,indonesia,USDC
189,1.055052624533198,2930286501292.6343,431,S1_depeg_stablecoin,indonesia,USDC
190,1.0656148499509746,2930286501292.6343,431,S1_depeg_stablecoin,indonesia,USDC
191,1.049376108632055,2930286501292.6343,431,S1_depeg_stablecoin,indonesia,USDC
192,1.0483714439511207,2930286501292.6343,431,S1_depeg_stablecoin,indonesia,USDC
193,1.0567476431850342,2930286501292.6343,431,S1_depeg_stablecoin,indonesia,USDC
194,1.0732117802988572,2930286501292.6343,431,S1_depeg_stablecoin,indonesia,USDC
195,1.0751988915269115,2930286501292.6343,431,S1_depeg_stablecoin,indonesia,USDC
196,1.1014002122508695,2930286501292.6343,431,S1_depeg_stablecoin,indonesia,USDC
197,1.0796950228287114,2930286501292.6343,431,S1_depeg_stablecoin,indonesia,USDC
198,1.1155698697495513,2930286501292.6343,431,S1_depeg_stablecoin,indonesia,USDC
199,1.1011548128041149,2930286501292.6343,431,S1_depeg_stablecoin,indonesia,USDC
200,1.1165783823468018,2930286501292.6343,431,S1_depeg_stablecoin,indonesia,USDC
201,1.0933379338044888,2930286501292.6343,431,S1_depeg_stablecoin,indonesia,USDC
202,1.0910085892188985,2930286501292.6343,431,S1_depeg_stablecoin,indonesia,USDC
203,1.0509352380898433,2930286501292.6343,431,S1_depeg_stablecoin,indonesia,USDC
204,1.0281348616531296,2930286501292.6343,431,S1_depeg_stablecoin,indonesia,USDC
205,1.039129009737718,2930286501292.6343,431,S1_depeg_stablecoin,indonesia,USDC
206,1.0463422825524376,2930286501292.6343,431,S1_depeg_stablecoin,indonesia,USDC
207,1.0337938050645188,2930286501292.6343,431,S1_depeg_stablecoin,indonesia,USDC
208,1.0278537534640457,2930286501292.6343,431,S1_depeg_stablecoin,indonesia,USDC
209,1.0277402458074656,2930286501292.6343,431,S1_depeg_stablecoin,indonesia,USDC
210,1.0201655438280033,2930286501292.6343,431,S1_depeg_stablecoin,indonesia,USDC
211,1.0196980384925343,2930286501292.6343,431,S1_depeg_stablecoin,indonesia,USDC
212,0.8956022548164997,2930286501292.6343,431,S1_depeg_stablecoin,indonesia,USDC
213,0.9098697577596738,2930226803350.61,431,S1_depeg_stablecoin,indonesia,USDC
214,0.9523143212740192,2930184521428.6187,431,S1_depeg_stablecoin,indonesia,USDC
215,0.9505286704485807,2930171848716.913,431,S1_depeg_stablecoin,indonesia,USDC
216,0.9679985739700125,2930159306378.068,431,S1_depeg_stablecoin,indonesia,USDC
217,0.9705303957967742,2930158294862.352,431,S1_depeg_stablecoin,indonesia,USDC
218,0.9723098330865119,2930158294862.352,431,S1_depeg_stablecoin,indonesia,USDC
219,0.9695518850154601,2930158294862.352,431,S1_depeg_stablecoin,indonesia,USDC
220,0.9463504513446042,2930158087408.7695,431,S1_depeg_stablecoin,indonesia,USDC
221,0.9362552535856441,2930143634793.6494,431,S1_depeg_stablecoin,indonesia,USDC
222,0.9461241092528263,2930122320263.968,431,S1_depeg_stablecoin,indonesia,USDC
223,0.9292028311026311,2930107924126.871,431,S1_depeg_stablecoin,indonesia,USDC
224,0.9211190539490766,2930083410394.127,431,S1_depeg_stablecoin,indonesia,USDC
225,0.9363166576631479,2930055103425.527,431,S1_depeg_stablecoin,indonesia,USDC
226,0.9476934577292382,2930037318393.852,431,S1_depeg_stablecoin,indonesia,USDC
227,0.954461102230991,2930025698638.422,431,S1_depeg_stablecoin,indonesia,USDC
228,0.9559563693768618,2930017108466.1646,431,S1_depeg_stablecoin,indonesia,USDC
229,0.986026864003241,2930009872035.8706,431,S1_depeg_stablecoin,indonesia,USDC
230,0.9674192376483367,2930009872035.8706,431,S1_depeg_stablecoin,indonesia,USDC
231,0.9653763382225063,2930009361434.6167,431,S1_depeg_stablecoin,indonesia,USDC
232,0.9671154545298872,2930007811138.728,431,S1_depeg_stablecoin,indonesia,USDC
233,0.9822644888251011,2930006852752.6377,431,S1_depeg_stablecoin,indonesia,USDC
234,0.9845359886396823,2930006852752.6377,431,S1_depeg_stablecoin,indonesia,USDC
235,0.9723545064689316,2930006852752.6377,431,S1_depeg_stablecoin,indonesia,USDC
236,0.950572814633156,2930006852752.6377,431,S1_depeg_stablecoin,indonesia,USDC
237,0.9591643305549895,2929997808708.2944,431,S1_depeg_stablecoin,indonesia,USDC
238,0.9580559812168638,2929992490639.803,431,S1_depeg_stablecoin,indonesia,USDC
239,0.9330266994285203,2929986296683.095,431,S1_depeg_stablecoin,indonesia,USDC
240,0.9254383945197947,2929969074253.189,431,S1_depeg_stablecoin,indonesia,USDC
241,0.9457898158693734,2929948884455.8447,431,S1_depeg_stablecoin,indonesia,USDC
242,0.9419258141863034,2929937417847.6064,431,S1_depeg_stablecoin,indonesia,USDC
243,0.9629390746502678,2929924903302.394,431,S1_depeg_stablecoin,indonesia,USDC
244,0.9744480531623156,2929922013998.164,431,S1_depeg_stablecoin,indonesia,USDC
245,1.001858002550853,2929922013998.164,431,S1_depeg_stablecoin,indonesia,USDC
246,0.9642693429379049,2929922013998.164,431,S1_depeg_stablecoin,indonesia,USDC
247,0.9623779701750826,2929920255210.764,431,S1_depeg_stablecoin,indonesia,USDC
248,0.9683365452997289,2929917705591.102,431,S1_depeg_stablecoin,indonesia,USDC
249,1.0209011919329298,2929916971201.9517,431,S1_depeg_stablecoin,indonesia,USDC
250,1.0407536097048928,2929916971201.9517,431,S1_depeg_stablecoin,indonesia,USDC
251,1.0335308260858382,2929916971201.9517,431,S1_depeg_stablecoin,indonesia,USDC
252,1.0138378507277976,2929916971201.9517,431,S1_depeg_stablecoin,indonesia,USDC
253,0.9878367341904551,2929916971201.9517,431,S1_depeg_stablecoin,indonesia,USDC
254,0.975627488298214,2929916971201.9517,431,S1_depeg_stablecoin,indonesia,USDC
255,0.9694245565869296,2929916971201.9517,431,S1_depeg_stablecoin,indonesia,USDC
256,0.9603265770716224,2929916803179.5967,431,S1_depeg_stablecoin,indonesia,USDC
257,0.9756997609470447,2929912835323.881,431,S1_depeg_stablecoin,indonesia,USDC
258,0.9913568807540304,2929912835323.881,431,S1_depeg_stablecoin,indonesia,USDC
259,1.00884143491983,2929912835323.881,431,S1_depeg_stablecoin,indonesia,USDC
260,1.0231251372983736,2929912835323.881,431,S1_depeg_stablecoin,indonesia,USDC
261,1.0566911186956165,2929912835323.881,431,S1_depeg_stablecoin,indonesia,USDC
262,1.079334098612991,2929912835323.881,431,S1_depeg_stablecoin,indonesia,USDC
263,1.110852316239153,2929912835323.881,431,S1_depeg_stablecoin,indonesia,USDC
264,1.1027620081932845,2929912835323.881,431,S1_depeg_stablecoin,indonesia,USDC
265,1.109119119077974,2929912835323.881,431,S1_depeg_stablecoin,indonesia,USDC
266,1.0951485524961078,2929912835323.881,431,S1_depeg_stablecoin,indonesia,USDC
267,1.1122608573712947,2929912835323.881,431,S1_depeg_stablecoin,indonesia,USDC
268,1.1276696064523304,2929912835323.881,431,S1_depeg_stablecoin,indonesia,USDC
269,1.0883062768082108,2929912835323.881,431,S1_depeg_stablecoin,indonesia,USDC
270,1.0885775123479753,2929912835323.881,431,S1_depeg_stablecoin,indonesia,USDC
271,1.1007248177480167,2929912835323.881,431,S1_depeg_stablecoin,indonesia,USDC
272,1.0832357357800708,2929912835323.881,431,S1_depeg_stablecoin,indonesia,USDC
273,1.11006889949947,2929912835323.881,431,S1_depeg_stablecoin,indonesia,USDC
274,1.0805881840231444,2929912835323.881,431,S1_depeg_stablecoin,indonesia,USDC
275,1.056978318566449,2929912835323.881,431,S1_depeg_stablecoin,indonesia,USDC
276,1.0622994130005214,2929912835323.881,431,S1_depeg_stablecoin,indonesia,USDC
277,1.0571137958368744,2929912835323.881,431,S1_depeg_stablecoin,indonesia,USDC
278,1.0498407975536048,2929912835323.881,431,S1_depeg_stablecoin,indonesia,USDC
279,1.0249107168375629,2929912835323.881,431,S1_depeg_stablecoin,indonesia,USDC
280,1.0052766117268641,2929912835323.881,431,S1_depeg_stablecoin,indonesia,USDC
281,1.027679801517427,2929912835323.881,431,S1_depeg_stablecoin,indonesia,USDC
282,1.052512380729475,2929912835323.881,431,S1_depeg_stablecoin,indonesia,USDC
283,1.0461801853617176,2929912835323.881,431,S1_depeg_stablecoin,indonesia,USDC
284,1.0881085240579034,2929912835323.881,431,S1_depeg_stablecoin,indonesia,USDC
285,1.0839768382089592,2929912835323.881,431,S1_depeg_stablecoin,indonesia,USDC
286,1.088052395220376,2929912835323.881,431,S1_depeg_stablecoin,indonesia,USDC
287,1.0642367304178089,2929912835323.881,431,S1_depeg_stablecoin,indonesia,USDC
288,1.064729067998741,2929912835323.881,431,S1_depeg_stablecoin,indonesia,USDC
289,1.041533910274917,2929912835323.881,431,S1_depeg_stablecoin,indonesia,USDC
290,1.0206340524435114,2929912835323.881,431,S1_depeg_stablecoin,indonesia,USDC
291,1.049183652046898,2929912835323.881,431,S1_depeg_stablecoin,indonesia,USDC
292,1.0362977499004093,2929912835323.881,431,S1_depeg_stablecoin,indonesia,USDC
293,0.9992919352191898,2929912835323.881,431,S1_depeg_stablecoin,indonesia,USDC
294,0.9722518440486083,2929912835323.881,431,S1_depeg_stablecoin,indonesia,USDC
295,0.9797224247540954,2929912835323.881,431,S1_depeg_stablecoin,indonesia,USDC
296,0.970117096551433,2929912835323.881,431,S1_depeg_stablecoin,indonesia,USDC
297,0.9150595505083097,2929912835323.881,431,S1_depeg_stablecoin,indonesia,USDC
298,0.9156329912695139,2929890085441.158,431,S1_depeg_stablecoin,indonesia,USDC
299,0.9256279869621402,2929868220041.7266,431,S1_depeg_stablecoin,indonesia,USDC
300,0.9470306979484819,2929851872888.157,431,S1_depeg_stablecoin,indonesia,USDC
301,0.9299537878904289,2929844280707.6113,431,S1_depeg_stablecoin,indonesia,USDC
302,0.9146546692885772,2929830067046.1836,431,S1_depeg_stablecoin,indonesia,USDC
303,0.908423778626247,2929810633347.1978,431,S1_depeg_stablecoin,indonesia,USDC
304,0.9432833815702951,2929791245674.98,431,S1_depeg_stablecoin,indonesia,USDC
305,0.9330912266444649,2929783529119.664,431,S1_depeg_stablecoin,indonesia,USDC
306,0.9389169513282976,2929773013339.6914,431,S1_depeg_stablecoin,indonesia,USDC
307,0.9299123354288668,2929764529909.6333,431,S1_depeg_stablecoin,indonesia,USDC
308,0.936157147978446,2929754155943.327,431,S1_depeg_stablecoin,indonesia,USDC
309,0.9429839701596124,2929745792087.306,431,S1_depeg_stablecoin,indonesia,USDC
310,0.9542009492821458,2929739153534.7935,431,S1_depeg_stablecoin,indonesia,USDC
311,0.9857345986801002,2929735484841.715,431,S1_depeg_stablecoin,indonesia,USDC
312,0.9693213218154388,2929735484841.715,431,S1_depeg_stablecoin,indonesia,USDC
313,0.999923040520423,2929735484841.715,431,S1_depeg_stablecoin,indonesia,USDC
314,1.003437343731524,2929735484841.715,431,S1_depeg_stablecoin,indonesia,USDC
315,0.9880385957785047,2929735484841.715,431,S1_depeg_stablecoin,indonesia,USDC
316,0.9810230474766571,2929735484841.715,431,S1_depeg_stablecoin,indonesia,USDC
317,0.9774580978864142,2929735484841.715,431,S1_depeg_stablecoin,indonesia,USDC
318,0.997582179688948,2929735484841.715,431,S1_depeg_stablecoin,indonesia,USDC
319,0.9853709710857865,2929735484841.715,431,S1_depeg_stablecoin,indonesia,USDC
320,0.9986875869196374,2929735484841.715,431,S1_depeg_stablecoin,indonesia,USDC
321,0.997623107068848,2929735484841.715,431,S1_depeg_stablecoin,indonesia,USDC
322,0.9931743018240675,2929735484841.715,431,S1_depeg_stablecoin,indonesia,USDC
323,0.9863865843917654,2929735484841.715,431,S1_depeg_stablecoin,indonesia,USDC
324,0.9965041512093271,2929735484841.715,431,S1_depeg_stablecoin,indonesia,USDC
325,0.9531513224890212,2929735484841.715,431,S1_depeg_stablecoin,indonesia,USDC
326,0.9336451398786838,2929731211547.576,431,S1_depeg_stablecoin,indonesia,USDC
327,0.9032520971667323,2929722977957.658,431,S1_depeg_stablecoin,indonesia,USDC
328,0.9078429622797972,2929707286806.8857,431,S1_depeg_stablecoin,indonesia,USDC
329,0.9035943677914,2929694363692.4673,431,S1_depeg_stablecoin,indonesia,USDC
330,0.9041233977353622,2929680336503.422,431,S1_depeg_stablecoin,indonesia,USDC
331,0.9220779188643282,2929668001400.597,431,S1_depeg_stablecoin,indonesia,USDC
332,0.926313531817198,2929659898097.724,431,S1_depeg_stablecoin,indonesia,USDC
333,0.9038198780927084,2929652222237.2266,431,S1_depeg_stablecoin,indonesia,USDC
334,0.9229035813977515,2929641649764.362,431,S1_depeg_stablecoin,indonesia,USDC
335,0.9456757150569309,2929634260775.512,431,S1_depeg_stablecoin,indonesia,USDC
336,0.9489834167713825,2929631035270.5273,431,S1_depeg_stablecoin,indonesia,USDC
337,0.9571616249672711,2929628340232.5605,431,S1_depeg_stablecoin,indonesia,USDC
338,0.9284543175898774,2929626808826.1875,431,S1_depeg_stablecoin,indonesia,USDC
339,0.9522311095456686,2929621260829.437,431,S1_depeg_stablecoin,indonesia,USDC
340,0.9088136622630724,2929619171070.51,431,S1_depeg_stablecoin,indonesia,USDC
341,0.9245447648515951,2929611599088.6035,431,S1_depeg_stablecoin,indonesia,USDC
342,0.9660330570679196,2929605875792.8667,431,S1_depeg_stablecoin,indonesia,USDC
343,0.9649519601501892,2929605603538.0264,431,S1_depeg_stablecoin,indonesia,USDC
344,1.0136386122755057,2929604999138.155,431,S1_depeg_stablecoin,indonesia,USDC
345,1.051679365799219,2929604999138.155,431,S1_depeg_stablecoin,indonesia,USDC
346,1.0633420682387478,2929604999138.155,431,S1_depeg_stablecoin,indonesia,USDC
347,1.0585026151613366,2929604999138.155,431,S1_depeg_stablecoin,indonesia,USDC
348,1.0776817486481036,2929604999138.155,431,S1_depeg_stablecoin,indonesia,USDC
349,1.1117323012219391,2929604999138.155,431,S1_depeg_stablecoin,indonesia,USDC
350,1.1240223927478172,2929604999138.155,431,S1_depeg_stablecoin,indonesia,USDC
351,1.120230775326565,2929604999138.155,431,S1_depeg_stablecoin,indonesia,USDC
352,1.0815383632159061,2929604999138.155,431,S1_depeg_stablecoin,indonesia,USDC
353,1.1000066361638183,2929604999138.155,431,S1_depeg_stablecoin,indonesia,USDC
354,1.0567615486600779,2929604999138.155,431,S1_depeg_stablecoin,indonesia,USDC
355,1.0666046518644285,2929604999138.155,431,S1_depeg_stablecoin,indonesia,USDC
356,1.0700025809233886,2929604999138.155,431,S1_depeg_stablecoin,indonesia,USDC
357,1.042601810346408,2929604999138.155,431,S1_depeg_stablecoin,indonesia,USDC
358,1.068448144952297,2929604999138.155,431,S1_depeg_stablecoin,indonesia,USDC
359,1.0474342607430227,2929604999138.155,431,S1_depeg_stablecoin,indonesia,USDC
360,1.0832210874409827,2929604999138.155,431,S1_depeg_stablecoin,indonesia,USDC
361,1.0561230694518584,2929604999138.155,431,S1_depeg_stablecoin,indonesia,USDC
362,1.0471378550102775,2929604999138.155,431,S1_depeg_stablecoin,indonesia,USDC
363,1.0158911722999437,2929604999138.155,431,S1_depeg_stablecoin,indonesia,USDC
364,1.0000862411397367,2929604999138.155,431,S1_depeg_stablecoin,indonesia,USDC
365,0.9770795363899445,2929604999138.155,431,S1_depeg_stablecoin,indonesia,USDC
366,0.9991475977629939,2929604999138.155,431,S1_depeg_stablecoin,indonesia,USDC
367,0.9912702342828005,2929604999138.155,431,S1_depeg_stablecoin,indonesia,USDC
368,1.001051276489802,2929604999138.155,431,S1_depeg_stablecoin,indonesia,USDC
369,0.9973272057694438,2929604999138.155,431,S1_depeg_stablecoin,indonesia,USDC
370,1.0001367399971317,2929604999138.155,431,S1_depeg_stablecoin,indonesia,USDC
371,0.9827426131404442,2929604999138.155,431,S1_depeg_stablecoin,indonesia,USDC
372,0.9925579803835571,2929604999138.155,431,S1_depeg_stablecoin,indonesia,USDC
373,0.995131239803259,2929604999138.155,431,S1_depeg_stablecoin,indonesia,USDC
374,1.0050957321457512,2929604999138.155,431,S1_depeg_stablecoin,indonesia,USDC
375,1.0163454707932882,2929604999138.155,431,S1_depeg_stablecoin,indonesia,USDC
376,1.0387178454559902,2929604999138.155,431,S1_depeg_stablecoin,indonesia,USDC
377,1.076526538894552,2929604999138.155,431,S1_depeg_stablecoin,indonesia,USDC
378,1.0721929603820242,2929604999138.155,431,S1_depeg_stablecoin,indonesia,USDC
379,1.072430914575819,2929604999138.155,431,S1_depeg_stablecoin,indonesia,USDC
380,1.0402972610913794,2929604999138.155,431,S1_depeg_stablecoin,indonesia,USDC
381,1.0181601367170083,2929604999138.155,431,S1_depeg_stablecoin,indonesia,USDC
382,1.0064641670137884,2929604999138.155,431,S1_depeg_stablecoin,indonesia,USDC
383,1.0182438660860476,2929604999138.155,431,S1_depeg_stablecoin,indonesia,USDC
384,1.0069085285274444,2929604999138.155,431,S1_depeg_stablecoin,indonesia,USDC
385,1.0199536800062259,2929604999138.155,431,S1_depeg_stablecoin,indonesia,USDC
386,1.0035454169549378,2929604999138.155,431,S1_depeg_stablecoin,indonesia,USDC
387,1.0047246866663904,2929604999138.155,431,S1_depeg_stablecoin,indonesia,USDC
388,0.9943969466413308,2929604999138.155,431,S1_depeg_stablecoin,indonesia,USDC
389,0.9977417052131393,2929604999138.155,431,S1_depeg_stablecoin,indonesia,USDC
390,1.009412888428695,2929604999138.155,431,S1_depeg_stablecoin,indonesia,USDC
391,1.031926846853256,2929604999138.155,431,S1_depeg_stablecoin,indonesia,USDC
392,1.024018769483108,2929604999138.155,431,S1_depeg_stablecoin,indonesia,USDC
393,1.023128783131536,2929604999138.155,431,S1_depeg_stablecoin,indonesia,USDC
394,0.9955531874435382,2929604999138.155,431,S1_depeg_stablecoin,indonesia,USDC
395,0.9886113550436672,2929604999138.155,431,S1_depeg_stablecoin,indonesia,USDC
396,0.9919660385370589,2929604999138.155,431,S1_depeg_stablecoin,indonesia,USDC
397,0.9864215048332319,2929604999138.155,431,S1_depeg_stablecoin,indonesia,USDC
398,0.9676691294711524,2929604999138.155,431,S1_depeg_stablecoin,indonesia,USDC
399,0.9732845191743145,2929604914057.1494,431,S1_depeg_stablecoin,indonesia,USDC
400,0.953236477522923,2929604914057.1494,431,S1_depeg_stablecoin,indonesia,USDC
401,0.997742521730624,2929603009826.327,431,S1_depeg_stablecoin,indonesia,USDC
402,0.9905571205485202,2929603009826.327,431,S1_depeg_stablecoin,indonesia,USDC
403,0.9709885871559997,2929603009826.327,431,S1_depeg_stablecoin,indonesia,USDC
404,0.9614263109020316,2929603009826.327,431,S1_depeg_stablecoin,indonesia,USDC
405,0.9876361388990117,2929602006227.267,431,S1_depeg_stablecoin,indonesia,USDC
406,0.9938924602042933,2929602006227.267,431,S1_depeg_stablecoin,indonesia,USDC
407,1.0004293434408507,2929602006227.267,431,S1_depeg_stablecoin,indonesia,USDC
408,1.0095629240807131,2929602006227.267,431,S1_depeg_stablecoin,indonesia,USDC
409,1.0170897448288219,2929602006227.267,431,S1_depeg_stablecoin,indonesia,USDC
410,1.0042869210840164,2929602006227.267,431,S1_depeg_stablecoin,indonesia,USDC
411,0.9848501449055296,2929602006227.267,431,S1_depeg_stablecoin,indonesia,USDC
412,1.0053200987534392,2929602006227.267,431,S1_depeg_stablecoin,indonesia,USDC
413,1.0128263563353637,2929602006227.267,431,S1_depeg_stablecoin,indonesia,USDC
414,1.0055692663818627,2929602006227.267,431,S1_depeg_stablecoin,indonesia,USDC
415,1.0185579630028991,2929602006227.267,431,S1_depeg_stablecoin,indonesia,USDC
416,1.0174930422242492,2929602006227.267,431,S1_depeg_stablecoin,indonesia,USDC
417,0.9972715421377176,2929602006227.267,431,S1_depeg_stablecoin,indonesia,USDC
418,1.0095627315837614,2929602006227.267,431,S1_depeg_stablecoin,indonesia,USDC
419,0.9997097486584989,2929602006227.267,431,S1_depeg_stablecoin,indonesia,USDC
420,0.9882295200958905,2929602006227.267,431,S1_depeg_stablecoin,indonesia,USDC
421,0.9778691249743232,2929602006227.267,431,S1_depeg_stablecoin,indonesia,USDC
422,0.9612965777140315,2929602006227.267,431,S1_depeg_stablecoin,indonesia,USDC
423,0.9494163571856282,2929600996447.0923,431,S1_depeg_stablecoin,indonesia,USDC
424,0.9498941980492075,2929598629739.0703,431,S1_depeg_stablecoin,indonesia,USDC
425,0.9654667540510823,2929596461247.659,431,S1_depeg_stablecoin,indonesia,USDC
426,0.9905859785559953,2929595961209.895,431,S1_depeg_stablecoin,indonesia,USDC
427,0.9764804310714764,2929595961209.895,431,S1_depeg_stablecoin,indonesia,USDC
428,0.9335134780951542,2929595961209.895,431,S1_depeg_stablecoin,indonesia,USDC
429,0.8995689945911141,2929592198185.103,431,S1_depeg_stablecoin,indonesia,USDC
430,0.8991913765990759,2929585270691.668,431,S1_depeg_stablecoin,indonesia,USDC
431,0.9177918689045992,2929578774904.2188,431,S1_depeg_stablecoin,indonesia,USDC
432,0.9298367840415446,2929574346487.5415,431,S1_depeg_stablecoin,indonesia,USDC
433,0.9370519103684005,2929571035012.1787,431,S1_depeg_stablecoin,indonesia,USDC
434,0.9601135267411142,2929568529014.148,431,S1_depeg_stablecoin,indonesia,USDC
435,0.9722769031107168,2929567723182.966,431,S1_depeg_stablecoin,indonesia,USDC
436,0.9740809210015644,2929567723182.966,431,S1_depeg_stablecoin,indonesia,USDC
437,0.9679514809201513,2929567723182.966,431,S1_depeg_stablecoin,indonesia,USDC
438,0.975092924320786,2929567644808.033,431,S1_depeg_stablecoin,indonesia,USDC
439,0.9910445126521663,2929567644808.033,431,S1_depeg_stablecoin,indonesia,USDC
440,1.0209009736080117,2929567644808.033,431,S1_depeg_stablecoin,indonesia,USDC
441,1.0075919539481968,2929567644808.033,431,S1_depeg_stablecoin,indonesia,USDC
442,0.9725731570423217,2929567644808.033,431,S1_depeg_stablecoin,indonesia,USDC
443,0.9505891721131854,2929567644808.033,431,S1_depeg_stablecoin,indonesia,USDC
444,0.947002661440371,2929566145564.745,431,S1_depeg_stablecoin,indonesia,USDC
445,0.9423070362094746,2929564327595.4014,431,S1_depeg_stablecoin,indonesia,USDC
446,0.8702088841176155,2929562412961.6074,431,S1_depeg_stablecoin,indonesia,USDC
447,0.8812343781439274,2929555236274.8047,431,S1_depeg_stablecoin,indonesia,USDC
448,0.872800358394421,2929549620199.919,431,S1_depeg_stablecoin,indonesia,USDC
449,0.8907486435751132,2929543724549.2095,431,S1_depeg_stablecoin,indonesia,USDC
450,0.9020112287595551,2929539597037.2686,431,S1_depeg_stablecoin,indonesia,USDC
451,0.9291118537067882,2929536336474.765,431,S1_depeg_stablecoin,indonesia,USDC
452,0.9598773555062672,2929534532015.1333,431,S1_depeg_stablecoin,indonesia,USDC
453,0.9848756722708212,2929534061717.0244,431,S1_depeg_stablecoin,indonesia,USDC
454,0.982031469429737,2929534061717.0244,431,S1_depeg_stablecoin,indonesia,USDC
455,1.0018899991718724,2929534061717.0244,431,S1_depeg_stablecoin,indonesia,USDC
456,1.0068112566523728,2929534061717.0244,431,S1_depeg_stablecoin,indonesia,USDC
457,1.0089167905463166,2929534061717.0244,431,S1_depeg_stablecoin,indonesia,USDC
458,1.007584682586514,2929534061717.0244,431,S1_depeg_stablecoin,indonesia,USDC
459,1.0108151411276387,2929534061717.0244,431,S1_depeg_stablecoin,indonesia,USDC
460,1.0241295484720891,2929534061717.0244,431,S1_depeg_stablecoin,indonesia,USDC
461,1.0172050850489396,2929534061717.0244,431,S1_depeg_stablecoin,indonesia,USDC
462,1.0409679078416407,2929534061717.0244,431,S1_depeg_stablecoin,indonesia,USDC
463,1.0577194727629426,2929534061717.0244,431,S1_depeg_stablecoin,indonesia,USDC
464,1.0277008485838837,2929534061717.0244,431,S1_depeg_stablecoin,indonesia,USDC
465,1.0012795940521457,2929534061717.0244,431,S1_depeg_stablecoin,indonesia,USDC
466,1.0014875617261934,2929534061717.0244,431,S1_depeg_stablecoin,indonesia,USDC
467,0.9919587866860414,2929534061717.0244,431,S1_depeg_stablecoin,indonesia,USDC
468,0.995335219001384,2929534061717.0244,431,S1_depeg_stablecoin,indonesia,USDC
469,0.995235802379031,2929534061717.0244,431,S1_depeg_stablecoin,indonesia,USDC
470,0.9942796670517544,2929534061717.0244,431,S1_depeg_stablecoin,indonesia,USDC
471,0.9930591761512119,2929534061717.0244,431,S1_depeg_stablecoin,indonesia,USDC
472,1.010431929572325,2929534061717.0244,431,S1_depeg_stablecoin,indonesia,USDC
473,1.0019187072349376,2929534061717.0244,431,S1_depeg_stablecoin,indonesia,USDC
474,1.019223746413509,2929534061717.0244,431,S1_depeg_stablecoin,indonesia,USDC
475,1.0243026632401984,2929534061717.0244,431,S1_depeg_stablecoin,indonesia,USDC
476,1.030256052514437,2929534061717.0244,431,S1_depeg_stablecoin,indonesia,USDC
477,1.043221451424617,2929534061717.0244,431,S1_depeg_stablecoin,indonesia,USDC
478,1.071303356077827,2929534061717.0244,431,S1_depeg_stablecoin,indonesia,USDC
479,1.0778326364591184,2929534061717.0244,431,S1_depeg_stablecoin,indonesia,USDC
480,1.0651270724397175,2929534061717.0244,431,S1_depeg_stablecoin,indonesia,USDC
481,1.089563913377351,2929534061717.0244,431,S1_depeg_stablecoin,indonesia,USDC
482,1.0943164338456786,2929534061717.0244,431,S1_depeg_stablecoin,indonesia,USDC
483,1.1138319624392843,2929534061717.0244,431,S1_depeg_stablecoin,indonesia,USDC
484,1.1311731693376885,2929534061717.0244,431,S1_depeg_stablecoin,indonesia,USDC
485,1.1563471177034899,2929534061717.0244,431,S1_depeg_stablecoin,indonesia,USDC
486,1.1206088949771926,2929534061717.0244,431,S1_depeg_stablecoin,indonesia,USDC
487,1.085456578458132,2929534061717.0244,431,S1_depeg_stablecoin,indonesia,USDC
488,0.986529971587976,2929534061717.0244,431,S1_depeg_stablecoin,indonesia,USDC
489,0.9855057458552808,2929534061717.0244,431,S1_depeg_stablecoin,indonesia,USDC
490,0.9916076243504284,2929534061717.0244,431,S1_depeg_stablecoin,indonesia,USDC
491,0.9815809817829347,2929534061717.0244,431,S1_depeg_stablecoin,indonesia,USDC
492,1.0178176374269319,2929534061717.0244,431,S1_depeg_stablecoin,indonesia,USDC
493,1.020490669196754,2929534061717.0244,431,S1_depeg_stablecoin,indonesia,USDC
494,1.0352067176610171,2929534061717.0244,431,S1_depeg_stablecoin,indonesia,USDC
495,1.0605444826102828,2929534061717.0244,431,S1_depeg_stablecoin,indonesia,USDC
496,1.0283305260263125,2929534061717.0244,431,S1_depeg_stablecoin,indonesia,USDC
497,1.031893249772054,2929534061717.0244,431,S1_depeg_stablecoin,indonesia,USDC
498,1.0338913135786398,2929534061717.0244,431,S1_depeg_stablecoin,indonesia,USDC
499,1.012659104052714,2929534061717.0244,431,S1_depeg_stablecoin,indonesia,USDC
500,0.9647354429228181,2929534061717.0244,431,S1_depeg_stablecoin,indonesia,USDC
501,0.9423305847146245,2929533900742.849,431,S1_depeg_stablecoin,indonesia,USDC
502,0.9403319816024606,2929532676241.4204,431,S1_depeg_stablecoin,indonesia,USDC
503,0.897133538114699,2929531487526.1484,431,S1_depeg_stablecoin,indonesia,USDC
504,0.8528112775652343,2929528403557.725,431,S1_depeg_stablecoin,indonesia,USDC
505,0.86933198451912,2929523994789.723,431,S1_depeg_stablecoin,indonesia,USDC
506,0.873024820703736,2929520487502.4077,431,S1_depeg_stablecoin,indonesia,USDC
507,0.8822170660796091,2929517386127.035,431,S1_depeg_stablecoin,indonesia,USDC
508,0.8961444039789151,2929514971978.926,431,S1_depeg_stablecoin,indonesia,USDC
509,0.9150049564446084,2929513029944.6436,431,S1_depeg_stablecoin,indonesia,USDC
510,0.9685261643265913,2929511728017.774,431,S1_depeg_stablecoin,indonesia,USDC
511,0.9852550777225821,2929511694192.171,431,S1_depeg_stablecoin,indonesia,USDC
512,0.9959426475861315,2929511694192.171,431,S1_depeg_stablecoin,indonesia,USDC
513,0.9820721161129863,2929511694192.171,431,S1_depeg_stablecoin,indonesia,USDC
514,0.9882578192653652,2929511694192.171,431,S1_depeg_stablecoin,indonesia,USDC
515,0.9747792295744534,2929511694192.171,431,S1_depeg_stablecoin,indonesia,USDC
516,0.9653478716025018,2929511694192.171,431,S1_depeg_stablecoin,indonesia,USDC
517,0.9766562795005792,2929511600840.2456,431,S1_depeg_stablecoin,indonesia,USDC
518,1.0096392713504136,2929511600840.2456,431,S1_depeg_stablecoin,indonesia,USDC
519,0.8961119325183564,2929511600840.2456,431,S1_depeg_stablecoin,indonesia,USDC
520,0.8849721105725145,2929510033277.0684,431,S1_depeg_stablecoin,indonesia,USDC
521,0.8870116801229481,2929508311569.307,431,S1_depeg_stablecoin,indonesia,USDC
522,0.9025760273842991,2929506699221.018,431,S1_depeg_stablecoin,indonesia,USDC
523,0.8885928892325181,2929505559079.995,431,S1_depeg_stablecoin,indonesia,USDC
524,0.8712576746798276,2929504270224.5293,431,S1_depeg_stablecoin,indonesia,USDC
525,0.8912114490783762,2929502861436.375,431,S1_depeg_stablecoin,indonesia,USDC
526,0.9140805629089528,2929501773372.527,431,S1_depeg_stablecoin,indonesia,USDC
527,0.9275975228331227,2929501063855.076,431,S1_depeg_stablecoin,indonesia,USDC
528,0.9473449997863372,2929500556859.3955,431,S1_depeg_stablecoin,indonesia,USDC
529,0.9426771617925842,2929500297820.5195,431,S1_depeg_stablecoin,indonesia,USDC
530,0.9807816422845574,2929499992705.828,431,S1_depeg_stablecoin,indonesia,USDC
531,0.952986876512271,2929499992705.828,431,S1_depeg_stablecoin,indonesia,USDC
532,0.9428193475649363,2929499808071.43,431,S1_depeg_stablecoin,indonesia,USDC
533,0.9490015237109277,2929499518267.932,431,S1_depeg_stablecoin,indonesia,USDC
534,0.9615583742307855,2929499300653.206,431,S1_depeg_stablecoin,indonesia,USDC
535,0.9542814185982322,2929499228066.4233,431,S1_depeg_stablecoin,indonesia,USDC
536,0.9536126381340896,2929499077517.3003,431,S1_depeg_stablecoin,indonesia,USDC
537,0.9855776032552671,2929498922724.0894,431,S1_depeg_stablecoin,indonesia,USDC
538,1.0068479492776918,2929498922724.0894,431,S1_depeg_stablecoin,indonesia,USDC
539,0.9623280480937212,2929498922724.0894,431,S1_depeg_stablecoin,indonesia,USDC
540,0.9578549085131143,2929498866291.1357,431,S1_depeg_stablecoin,indonesia,USDC
541,0.979178278138785,2929498762220.1445,431,S1_depeg_stablecoin,indonesia,USDC
542,0.9617264090233139,2929498762220.1445,431,S1_depeg_stablecoin,indonesia,USDC
543,0.9828236642061668,2929498701267.217,431,S1_depeg_stablecoin,indonesia,USDC
544,0.9815449042512463,2929498701267.217,431,S1_depeg_stablecoin,indonesia,USDC
545,0.9514039549789886,2929498701267.217,431,S1_depeg_stablecoin,indonesia,USDC
546,0.9650494744696585,2929498539663.9673,431,S1_depeg_stablecoin,indonesia,USDC
547,0.9694332312831664,2929498498774.0635,431,S1_depeg_stablecoin,indonesia,USDC
548,0.9796086148731594,2929498493496.1245,431,S1_depeg_stablecoin,indonesia,USDC
549,0.9525954131217239,2929498493496.1245,431,S1_depeg_stablecoin,indonesia,USDC
550,0.9770421032526616,2929498331513.511,431,S1_depeg_stablecoin,indonesia,USDC
551,0.9863786623353687,2929498331513.511,431,S1_depeg_stablecoin,indonesia,USDC
552,1.0089893492670399,2929498331513.511,431,S1_depeg_stablecoin,indonesia,USDC
553,0.9873425583421831,2929498331513.511,431,S1_depeg_stablecoin,indonesia,USDC
554,0.96993310589261,2929498331513.511,431,S1_depeg_stablecoin,indonesia,USDC
555,0.9791357390833747,2929498331105.055,431,S1_depeg_stablecoin,indonesia,USDC
556,0.9862212559933228,2929498331105.055,431,S1_depeg_stablecoin,indonesia,USDC
557,0.986938056988684,2929498331105.055,431,S1_depeg_stablecoin,indonesia,USDC
558,0.9599373801131642,2929498331105.055,431,S1_depeg_stablecoin,indonesia,USDC
559,0.9698104728031045,2929498245307.5303,431,S1_depeg_stablecoin,indonesia,USDC
560,1.0134792356643405,2929498244159.603,431,S1_depeg_stablecoin,indonesia,USDC
561,1.0301676448143855,2929498244159.603,431,S1_depeg_stablecoin,indonesia,USDC
562,1.038312322223277,2929498244159.603,431,S1_depeg_stablecoin,indonesia,USDC
563,1.0322796022736185,2929498244159.603,431,S1_depeg_stablecoin,indonesia,USDC
564,1.0351613493955236,2929498244159.603,431,S1_depeg_stablecoin,indonesia,USDC
565,1.0179378669015282,2929498244159.603,431,S1_depeg_stablecoin,indonesia,USDC
566,1.033047438551664,2929498244159.603,431,S1_depeg_stablecoin,indonesia,USDC
567,1.0393431850326238,2929498244159.603,431,S1_depeg_stablecoin,indonesia,USDC
568,1.0513859617278931,2929498244159.603,431,S1_depeg_stablecoin,indonesia,USDC
569,1.0624850609293965,2929498244159.603,431,S1_depeg_stablecoin,indonesia,USDC
570,1.075370284083965,2929498244159.603,431,S1_depeg_stablecoin,indonesia,USDC
571,1.0776095513319832,2929498244159.603,431,S1_depeg_stablecoin,indonesia,USDC
572,1.0837384004460306,2929498244159.603,431,S1_depeg_stablecoin,indonesia,USDC
573,1.0983152226594253,2929498244159.603,431,S1_depeg_stablecoin,indonesia,USDC
574,1.1149642193648066,2929498244159.603,431,S1_depeg_stablecoin,indonesia,USDC
575,1.0918168799911723,2929498244159.603,431,S1_depeg_stablecoin,indonesia,USDC
576,1.0863180741353031,2929498244159.603,431,S1_depeg_stablecoin,indonesia,USDC
577,1.0863886421077091,2929498244159.603,431,S1_depeg_stablecoin,indonesia,USDC
578,1.0716385559339998,2929498244159.603,431,S1_depeg_stablecoin,indonesia,USDC
579,1.0663996009287182,2929498244159.603,431,S1_depeg_stablecoin,indonesia,USDC
580,1.086742899149383,2929498244159.603,431,S1_depeg_stablecoin,indonesia,USDC
581,1.0465351371956266,2929498244159.603,431,S1_depeg_stablecoin,indonesia,USDC
582,1.0688959777480904,2929498244159.603,431,S1_depeg_stablecoin,indonesia,USDC
583,1.0663425135273557,2929498244159.603,431,S1_depeg_stablecoin,indonesia,USDC
584,1.0512423277007639,2929498244159.603,431,S1_depeg_stablecoin,indonesia,USDC
585,1.014670870524759,2929498244159.603,431,S1_depeg_stablecoin,indonesia,USDC
586,1.0227745629483391,2929498244159.603,431,S1_depeg_stablecoin,indonesia,USDC
587,1.042929566620404,2929498244159.603,431,S1_depeg_stablecoin,indonesia,USDC
588,1.0268725034654842,2929498244159.603,431,S1_depeg_stablecoin,indonesia,USDC
589,1.0197930814883842,2929498244159.603,431,S1_depeg_stablecoin,indonesia,USDC
590,1.0394528329277288,2929498244159.603,431,S1_depeg_stablecoin,indonesia,USDC
591,1.011685711155567,2929498244159.603,431,S1_depeg_stablecoin,indonesia,USDC
592,0.9920954201498653,2929498244159.603,431,S1_depeg_stablecoin,indonesia,USDC
593,0.9866424749063478,2929498244159.603,431,S1_depeg_stablecoin,indonesia,USDC
594,0.9719433319706322,2929498244159.603,431,S1_depeg_stablecoin,indonesia,USDC
595,0.9510743812980869,2929498244159.603,431,S1_depeg_stablecoin,indonesia,USDC
596,0.9757848508596255,2929498087699.4287,431,S1_depeg_stablecoin,indonesia,USDC
597,0.9847196831448887,2929498087699.4287,431,S1_depeg_stablecoin,indonesia,USDC
598,0.9959115535598748,2929498087699.4287,431,S1_depeg_stablecoin,indonesia,USDC
599,0.9732116978994554,2929498087699.4287,431,S1_depeg_stablecoin,indonesia,USDC
600,0.9731006930163446,2929498087699.4287,431,S1_depeg_stablecoin,indonesia,USDC
601,0.9862652034405728,2929498087699.4287,431,S1_depeg_stablecoin,indonesia,USDC
602,0.9887163002493675,2929498087699.4287,431,S1_depeg_stablecoin,indonesia,USDC
603,0.9846471947089416,2929498087699.4287,431,S1_depeg_stablecoin,indonesia,USDC
604,0.9596777697757056,2929498087699.4287,431,S1_depeg_stablecoin,indonesia,USDC
605,0.9450210778469063,2929497995949.8203,431,S1_depeg_stablecoin,indonesia,USDC
606,0.9358897107468639,2929497776286.233,431,S1_depeg_stablecoin,indonesia,USDC
607,0.9387889452892801,2929497502438.6763,431,S1_depeg_stablecoin,indonesia,USDC
608,0.9423111752495639,2929497252277.0054,431,S1_depeg_stablecoin,indonesia,USDC
609,0.9442378118689124,2929497030010.923,431,S1_depeg_stablecoin,indonesia,USDC
610,0.9366698971282531,2929496843512.5283,431,S1_depeg_stablecoin,indonesia,USDC
611,0.9643482792133278,2929496597943.686,431,S1_depeg_stablecoin,indonesia,USDC
612,0.9714344390873415,2929496565166.47,431,S1_depeg_stablecoin,indonesia,USDC
613,0.9581856277724451,2929496565166.47,431,S1_depeg_stablecoin,indonesia,USDC
614,0.9640702955140228,2929496488900.578,431,S1_depeg_stablecoin,indonesia,USDC
615,0.9834740152534797,2929496458974.8354,431,S1_depeg_stablecoin,indonesia,USDC
616,0.9628303310605149,2929496458974.8354,431,S1_depeg_stablecoin,indonesia,USDC
617,0.9482851963066516,2929496420684.1226,431,S1_depeg_stablecoin,indonesia,USDC
618,0.95766052756649,2929496277409.609,431,S1_depeg_stablecoin,indonesia,USDC
619,0.9722030860845214,2929496205624.494,431,S1_depeg_stablecoin,indonesia,USDC
620,0.9790460563931342,2929496205624.494,431,S1_depeg_stablecoin,indonesia,USDC
621,0.9501444115030353,2929496205624.494,431,S1_depeg_stablecoin,indonesia,USDC
622,0.9553125467143787,2929496067662.671,431,S1_depeg_stablecoin,indonesia,USDC
623,0.9749129961136312,2929495977774.7627,431,S1_depeg_stablecoin,indonesia,USDC
624,0.9401549325239442,2929495977774.7627,431,S1_depeg_stablecoin,indonesia,USDC
625,0.9349781689529847,2929495784182.377,431,S1_depeg_stablecoin,indonesia,USDC
626,0.9650932220909199,2929495577234.6045,431,S1_depeg_stablecoin,indonesia,USDC
627,0.9520055841523081,2929495546319.76,431,S1_depeg_stablecoin,indonesia,USDC
628,0.9588843363481011,2929495443608.456,431,S1_depeg_stablecoin,indonesia,USDC
629,0.9466284578357398,2929495379272.2236,431,S1_depeg_stablecoin,indonesia,USDC
630,0.9172250636418712,2929495253059.66,431,S1_depeg_stablecoin,indonesia,USDC
631,0.8870109967397348,2929494938191.935,431,S1_depeg_stablecoin,indonesia,USDC
632,0.8900550829121052,2929494480612.2207,431,S1_depeg_stablecoin,indonesia,USDC
633,0.8865492382763822,2929494076644.2407,431,S1_depeg_stablecoin,indonesia,USDC
634,0.9173365448162196,2929493688863.621,431,S1_depeg_stablecoin,indonesia,USDC
635,0.9096993870179554,2929493477579.1377,431,S1_depeg_stablecoin,indonesia,USDC
636,0.9235344858528797,2929493246858.688,431,S1_depeg_stablecoin,indonesia,USDC
637,0.935505755324566,2929493075638.528,431,S1_depeg_stablecoin,indonesia,USDC
638,0.9641368079721556,2929492951251.4585,431,S1_depeg_stablecoin,indonesia,USDC
639,1.0211325499863995,2929492930183.615,431,S1_depeg_stablecoin,indonesia,USDC
640,1.024102930487374,2929492930183.615,431,S1_depeg_stablecoin,indonesia,USDC
641,1.0612925506462836,2929492930183.615,431,S1_depeg_stablecoin,indonesia,USDC
642,1.0290195105654247,2929492930183.615,431,S1_depeg_stablecoin,indonesia,USDC
643,1.0416408447798569,2929492930183.615,431,S1_depeg_stablecoin,indonesia,USDC
644,1.0069515715718724,2929492930183.615,431,S1_depeg_stablecoin,indonesia,USDC
645,0.986085845210224,2929492930183.615,431,S1_depeg_stablecoin,indonesia,USDC
646,0.9877725827926854,2929492930183.615,431,S1_depeg_stablecoin,indonesia,USDC
647,0.9671414523251941,2929492930183.615,431,S1_depeg_stablecoin,indonesia,USDC
648,0.9794789484925223,2929492921935.7393,431,S1_depeg_stablecoin,indonesia,USDC
649,0.9958311868395284,2929492921935.7393,431,S1_depeg_stablecoin,indonesia,USDC
650,0.998730864337891,2929492921935.7393,431,S1_depeg_stablecoin,indonesia,USDC
651,0.9965545232802088,2929492921935.7393,431,S1_depeg_stablecoin,indonesia,USDC
652,1.0218047370043535,2929492921935.7393,431,S1_depeg_stablecoin,indonesia,USDC
653,1.0431839213059002,2929492921935.7393,431,S1_depeg_stablecoin,indonesia,USDC
654,1.0246807025661935,2929492921935.7393,431,S1_depeg_stablecoin,indonesia,USDC
655,1.039044449674819,2929492921935.7393,431,S1_depeg_stablecoin,indonesia,USDC
656,1.0291302927883759,2929492921935.7393,431,S1_depeg_stablecoin,indonesia,USDC
657,1.013534832011075,2929492921935.7393,431,S1_depeg_stablecoin,indonesia,USDC
658,1.0102831670723351,2929492921935.7393,431,S1_depeg_stablecoin,indonesia,USDC
659,1.019010977545373,2929492921935.7393,431,S1_depeg_stablecoin,indonesia,USDC
660,1.0360076326052146,2929492921935.7393,431,S1_depeg_stablecoin,indonesia,USDC
661,1.0708853560835694,2929492921935.7393,431,S1_depeg_stablecoin,indonesia,USDC
662,1.0716127774430027,2929492921935.7393,431,S1_depeg_stablecoin,indonesia,USDC
663,1.0787117558524266,2929492921935.7393,431,S1_depeg_stablecoin,indonesia,USDC
664,1.0762981759305887,2929492921935.7393,431,S1_depeg_stablecoin,indonesia,USDC
665,1.102476878036973,2929492921935.7393,431,S1_depeg_stablecoin,indonesia,USDC
666,1.0667592739876581,2929492921935.7393,431,S1_depeg_stablecoin,indonesia,USDC
667,1.0621113559937352,2929492921935.7393,431,S1_depeg_stablecoin,indonesia,USDC
668,1.0528843311388703,2929492921935.7393,431,S1_depeg_stablecoin,indonesia,USDC
669,1.047238162431906,2929492921935.7393,431,S1_depeg_stablecoin,indonesia,USDC
670,1.0358139505696897,2929492921935.7393,431,S1_depeg_stablecoin,indonesia,USDC
671,1.0343850581894485,2929492921935.7393,431,S1_depeg_stablecoin,indonesia,USDC
672,1.031328442610119,2929492921935.7393,431,S1_depeg_stablecoin,indonesia,USDC
673,1.0168977896655471,2929492921935.7393,431,S1_depeg_stablecoin,indonesia,USDC
674,1.0310343021414674,2929492921935.7393,431,S1_depeg_stablecoin,indonesia,USDC
675,1.0587669145808833,2929492921935.7393,431,S1_depeg_stablecoin,indonesia,USDC
676,1.0801213381515287,2929492921935.7393,431,S1_depeg_stablecoin,indonesia,USDC
677,1.0566732319430108,2929492921935.7393,431,S1_depeg_stablecoin,indonesia,USDC
678,1.051147961811516,2929492921935.7393,431,S1_depeg_stablecoin,indonesia,USDC
679,1.0542135995295592,2929492921935.7393,431,S1_depeg_stablecoin,indonesia,USDC
680,1.0576810346558978,2929492921935.7393,431,S1_depeg_stablecoin,indonesia,USDC
681,1.080740271270597,2929492921935.7393,431,S1_depeg_stablecoin,indonesia,USDC
682,1.0869490433715927,2929492921935.7393,431,S1_depeg_stablecoin,indonesia,USDC
683,1.1129204573976432,2929492921935.7393,431,S1_depeg_stablecoin,indonesia,USDC
684,1.1332571985303,2929492921935.7393,431,S1_depeg_stablecoin,indonesia,USDC
685,1.1121529021867693,2929492921935.7393,431,S1_depeg_stablecoin,indonesia,USDC
686,1.1184747314283479,2929492921935.7393,431,S1_depeg_stablecoin,indonesia,USDC
687,1.102340234030569,2929492921935.7393,431,S1_depeg_stablecoin,indonesia,USDC
688,1.0793355461785588,2929492921935.7393,431,S1_depeg_stablecoin,indonesia,USDC
689,1.0554665485274985,2929492921935.7393,431,S1_depeg_stablecoin,indonesia,USDC
690,0.9054589627313426,2929492921935.7393,431,S1_depeg_stablecoin,indonesia,USDC
691,0.9086873652014682,2929492697573.725,431,S1_depeg_stablecoin,indonesia,USDC
692,0.9241592097560585,2929492503427.1025,431,S1_depeg_stablecoin,indonesia,USDC
693,0.9342650209645289,2929492359873.7676,431,S1_depeg_stablecoin,indonesia,USDC
694,0.9268460853881456,2929492259797.6406,431,S1_depeg_stablecoin,indonesia,USDC
695,0.9446166218961192,2929492146032.7764,431,S1_depeg_stablecoin,indonesia,USDC
696,0.9253813221828843,2929492075895.571,431,S1_depeg_stablecoin,indonesia,USDC
697,0.9368826572684277,2929491955835.2266,431,S1_depeg_stablecoin,indonesia,USDC
698,0.9344547048040766,2929491873522.4116,431,S1_depeg_stablecoin,indonesia,USDC
699,0.9371065087211308,2929491793427.449,431,S1_depeg_stablecoin,indonesia,USDC
700,0.9577301749250464,2929491719520.915,431,S1_depeg_stablecoin,indonesia,USDC
701,0.9707398306694135,2929491692643.953,431,S1_depeg_stablecoin,indonesia,USDC
702,0.9775347612770862,2929491692643.953,431,S1_depeg_stablecoin,indonesia,USDC
703,0.9973328033027846,2929491692643.953,431,S1_depeg_stablecoin,indonesia,USDC
704,1.0079659281181252,2929491692643.953,431,S1_depeg_stablecoin,indonesia,USDC
705,1.0287497368979972,2929491692643.953,431,S1_depeg_stablecoin,indonesia,USDC
706,1.038734703566348,2929491692643.953,431,S1_depeg_stablecoin,indonesia,USDC
707,1.0228789823690705,2929491692643.953,431,S1_depeg_stablecoin,indonesia,USDC
708,1.0332664227904726,2929491692643.953,431,S1_depeg_stablecoin,indonesia,USDC
709,0.9904169696048233,2929491692643.953,431,S1_depeg_stablecoin,indonesia,USDC
710,0.9928170784916783,2929491692643.953,431,S1_depeg_stablecoin,indonesia,USDC
711,1.0085979296819145,2929491692643.953,431,S1_depeg_stablecoin,indonesia,USDC
712,1.041594845861914,2929491692643.953,431,S1_depeg_stablecoin,indonesia,USDC
713,1.0341360416282508,2929491692643.953,431,S1_depeg_stablecoin,indonesia,USDC
714,1.0246767960595704,2929491692643.953,431,S1_depeg_stablecoin,indonesia,USDC
715,1.0481466486922815,2929491692643.953,431,S1_depeg_stablecoin,indonesia,USDC
716,1.0528141182039432,2929491692643.953,431,S1_depeg_stablecoin,indonesia,USDC
717,1.0417004688179357,2929491692643.953,431,S1_depeg_stablecoin,indonesia,USDC
718,1.0564316402161886,2929491692643.953,431,S1_depeg_stablecoin,indonesia,USDC
719,1.0852501005357171,2929491692643.953,431,S1_depeg_stablecoin,indonesia,USDC
720,1.066576936357052,2929491692643.953,431,S1_depeg_stablecoin,indonesia,USDC
721,1.106768290146671,2929491692643.953,431,S1_depeg_stablecoin,indonesia,USDC
722,1.1239023113452533,2929491692643.953,431,S1_depeg_stablecoin,indonesia,USDC
723,1.0984399282841277,2929491692643.953,431,S1_depeg_stablecoin,indonesia,USDC
724,1.0780129052226852,2929491692643.953,431,S1_depeg_stablecoin,indonesia,USDC
725,1.0606719979133108,2929491692643.953,431,S1_depeg_stablecoin,indonesia,USDC
726,1.070093378254016,2929491692643.953,431,S1_depeg_stablecoin,indonesia,USDC
727,1.045730353625593,2929491692643.953,431,S1_depeg_stablecoin,indonesia,USDC
728,1.0134825477706237,2929491692643.953,431,S1_depeg_stablecoin,indonesia,USDC
729,0.9941193474967609,2929491692643.953,431,S1_depeg_stablecoin,indonesia,USDC
730,0.9997971725903274,2929491692643.953,431,S1_depeg_stablecoin,indonesia,USDC
731,1.0120334937266395,2929491692643.953,431,S1_depeg_stablecoin,indonesia,USDC
732,0.9843263899563053,2929491692643.953,431,S1_depeg_stablecoin,indonesia,USDC
733,0.9795191436044199,2929491692643.953,431,S1_depeg_stablecoin,indonesia,USDC
734,0.9795980665632306,2929491692643.953,431,S1_depeg_stablecoin,indonesia,USDC
735,0.9302864860615004,2929491692643.953,431,S1_depeg_stablecoin,indonesia,USDC
736,0.9465741962142618,2929491606800.673,431,S1_depeg_stablecoin,indonesia,USDC
737,0.934131163121521,2929491557061.091,431,S1_depeg_stablecoin,indonesia,USDC
738,0.9510281393065331,2929491486830.878,431,S1_depeg_stablecoin,indonesia,USDC
739,0.9566339833813148,2929491449002.4854,431,S1_depeg_stablecoin,indonesia,USDC
740,0.9583625796955902,2929491426108.4463,431,S1_depeg_stablecoin,indonesia,USDC
741,0.9741702625247477,2929491403988.7285,431,S1_depeg_stablecoin,indonesia,USDC
742,0.9739243523441211,2929491403988.7285,431,S1_depeg_stablecoin,indonesia,USDC
743,1.020472134525758,2929491403988.7285,431,S1_depeg_stablecoin,indonesia,USDC
744,1.0479993279893791,2929491403988.7285,431,S1_depeg_stablecoin,indonesia,USDC
745,1.067339316852666,2929491403988.7285,431,S1_depeg_stablecoin,indonesia,USDC
746,1.0562322458009612,2929491403988.7285,431,S1_depeg_stablecoin,indonesia,USDC
747,1.0579848265583758,2929491403988.7285,431,S1_depeg_stablecoin,indonesia,USDC
748,1.066535174273835,2929491403988.7285,431,S1_depeg_stablecoin,indonesia,USDC
749,1.0633256292090427,2929491403988.7285,431,S1_depeg_stablecoin,indonesia,USDC
750,1.0288254226227205,2929491403988.7285,431,S1_depeg_stablecoin,indonesia,USDC
751,1.0321032730559931,2929491403988.7285,431,S1_depeg_stablecoin,indonesia,USDC
752,1.003385964582181,2929491403988.7285,431,S1_depeg_stablecoin,indonesia,USDC
753,1.0049575113129863,2929491403988.7285,431,S1_depeg_stablecoin,indonesia,USDC
754,1.0103937704381065,2929491403988.7285,431,S1_depeg_stablecoin,indonesia,USDC
755,1.0325130360229278,2929491403988.7285,431,S1_depeg_stablecoin,indonesia,USDC
756,1.009293377107639,2929491403988.7285,431,S1_depeg_stablecoin,indonesia,USDC
757,1.0296806831554797,2929491403988.7285,431,S1_depeg_stablecoin,indonesia,USDC
758,1.0707437489267477,2929491403988.7285,431,S1_depeg_stablecoin,indonesia,USDC
759,1.0668472717446404,2929491403988.7285,431,S1_depeg_stablecoin,indonesia,USDC
760,1.0406271188127882,2929491403988.7285,431,S1_depeg_stablecoin,indonesia,USDC
761,1.0614306287367086,2929491403988.7285,431,S1_depeg_stablecoin,indonesia,USDC
762,1.0887194805439888,2929491403988.7285,431,S1_depeg_stablecoin,indonesia,USDC
763,1.097012508658219,2929491403988.7285,431,S1_depeg_stablecoin,indonesia,USDC
764,1.067238244968175,2929491403988.7285,431,S1_depeg_stablecoin,indonesia,USDC
765,1.05097854781066,2929491403988.7285,431,S1_depeg_stablecoin,indonesia,USDC
766,1.0436096020485452,2929491403988.7285,431,S1_depeg_stablecoin,indonesia,USDC
767,1.0310718074744576,2929491403988.7285,431,S1_depeg_stablecoin,indonesia,USDC
768,1.046551776078061,2929491403988.7285,431,S1_depeg_stablecoin,indonesia,USDC
769,1.0144538390673206,2929491403988.7285,431,S1_depeg_stablecoin,indonesia,USDC
770,1.0224482375663642,2929491403988.7285,431,S1_depeg_stablecoin,indonesia,USDC
771,1.051672252987478,2929491403988.7285,431,S1_depeg_stablecoin,indonesia,USDC
772,1.0576118708073672,2929491403988.7285,431,S1_depeg_stablecoin,indonesia,USDC
773,1.045413907752928,2929491403988.7285,431,S1_depeg_stablecoin,indonesia,USDC
774,1.0097932456933596,2929491403988.7285,431,S1_depeg_stablecoin,indonesia,USDC
775,0.9956796163842468,2929491403988.7285,431,S1_depeg_stablecoin,indonesia,USDC
776,1.006360561707588,2929491403988.7285,431,S1_depeg_stablecoin,indonesia,USDC
777,0.9666469759751606,2929491403988.7285,431,S1_depeg_stablecoin,indonesia,USDC
778,0.9771312092845102,2929491398398.302,431,S1_depeg_stablecoin,indonesia,USDC
779,0.9724321066382303,2929491398398.302,431,S1_depeg_stablecoin,indonesia,USDC
780,0.9442462200853624,2929491398398.302,431,S1_depeg_stablecoin,indonesia,USDC
781,0.9353999460852539,2929491350790.1396,431,S1_depeg_stablecoin,indonesia,USDC
782,0.9431224872179277,2929491289829.4175,431,S1_depeg_stablecoin,indonesia,USDC
783,0.9272604460896724,2929491244635.806,431,S1_depeg_stablecoin,indonesia,USDC
784,0.9198302645664369,2929491168483.438,431,S1_depeg_stablecoin,indonesia,USDC
785,0.9429721595953864,2929491087455.09,431,S1_depeg_stablecoin,indonesia,USDC
786,0.9675659758592062,2929491042269.992,431,S1_depeg_stablecoin,indonesia,USDC
787,0.9641520044863015,2929491039189.9023,431,S1_depeg_stablecoin,indonesia,USDC
788,0.9430254701448888,2929491032611.562,431,S1_depeg_stablecoin,indonesia,USDC
789,0.935455991280935,2929490992109.624,431,S1_depeg_stablecoin,indonesia,USDC
790,0.9286550858172994,2929490939445.3213,431,S1_depeg_stablecoin,indonesia,USDC
791,0.7958689966000732,2929490878432.9355,431,S1_depeg_stablecoin,indonesia,USDC
792,0.8137441628992587,2929490634760.3438,431,S1_depeg_stablecoin,indonesia,USDC
793,0.8346492335289035,2929490453974.9946,431,S1_depeg_stablecoin,indonesia,USDC
794,0.8071803568616817,2929490324512.0015,431,S1_depeg_stablecoin,indonesia,USDC
795,0.8233434781604315,2929490186041.7236,431,S1_depeg_stablecoin,indonesia,USDC
796,0.8488005891472513,2929490077148.3516,431,S1_depeg_stablecoin,indonesia,USDC
797,0.8724670243062346,2929490005527.667,431,S1_depeg_stablecoin,indonesia,USDC
798,0.889477870912069,2929489951259.422,431,S1_depeg_stablecoin,indonesia,USDC
799,0.9108865669808667,2929489912804.8506,431,S1_depeg_stablecoin,indonesia,USDC
800,0.9411525783301045,2929489886940.9824,431,S1_depeg_stablecoin,indonesia,USDC
801,0.9196621898974666,2929489875694.1777,431,S1_depeg_stablecoin,indonesia,USDC
802,0.9209816542682988,2929489856120.799,431,S1_depeg_stablecoin,indonesia,USDC
803,0.9470660150110465,2929489836935.791,431,S1_depeg_stablecoin,indonesia,USDC
804,0.972405913814239,2929489829173.8115,431,S1_depeg_stablecoin,indonesia,USDC
805,0.9914178014586039,2929489829173.8115,431,S1_depeg_stablecoin,indonesia,USDC
806,1.0085368955486582,2929489829173.8115,431,S1_depeg_stablecoin,indonesia,USDC
807,1.0407811655221153,2929489829173.8115,431,S1_depeg_stablecoin,indonesia,USDC
808,1.0529955910148328,2929489829173.8115,431,S1_depeg_stablecoin,indonesia,USDC
809,1.0197032229496694,2929489829173.8115,431,S1_depeg_stablecoin,indonesia,USDC
810,1.0176248972665158,2929489829173.8115,431,S1_depeg_stablecoin,indonesia,USDC
811,1.0004921498058374,2929489829173.8115,431,S1_depeg_stablecoin,indonesia,USDC
812,1.0103351728752827,2929489829173.8115,431,S1_depeg_stablecoin,indonesia,USDC
813,0.9961870468039716,2929489829173.8115,431,S1_depeg_stablecoin,indonesia,USDC
814,0.9984741857841785,2929489829173.8115,431,S1_depeg_stablecoin,indonesia,USDC
815,1.0045147311633151,2929489829173.8115,431,S1_depeg_stablecoin,indonesia,USDC
816,0.972202466865286,2929489829173.8115,431,S1_depeg_stablecoin,indonesia,USDC
817,0.9614232001525423,2929489829173.8115,431,S1_depeg_stablecoin,indonesia,USDC
818,0.9669777958192579,2929489826683.4785,431,S1_depeg_stablecoin,indonesia,USDC
819,0.9813240765406196,2929489825767.995,431,S1_depeg_stablecoin,indonesia,USDC
820,1.0185127256995639,2929489825767.995,431,S1_depeg_stablecoin,indonesia,USDC
821,1.0733409471314403,2929489825767.995,431,S1_depeg_stablecoin,indonesia,USDC
822,1.0657124007410357,2929489825767.995,431,S1_depeg_stablecoin,indonesia,USDC
823,1.0546620759355296,2929489825767.995,431,S1_depeg_stablecoin,indonesia,USDC
824,1.0737843029569352,2929489825767.995,431,S1_depeg_stablecoin,indonesia,USDC
825,1.0447470881307148,2929489825767.995,431,S1_depeg_stablecoin,indonesia,USDC
826,1.0145508313006195,2929489825767.995,431,S1_depeg_stablecoin,indonesia,USDC
827,1.0318848580809883,2929489825767.995,431,S1_depeg_stablecoin,indonesia,USDC
828,1.0152441687428975,2929489825767.995,431,S1_depeg_stablecoin,indonesia,USDC
829,0.9921984529043429,2929489825767.995,431,S1_depeg_stablecoin,indonesia,USDC
830,1.0100088273532604,2929489825767.995,431,S1_depeg_stablecoin,indonesia,USDC
831,1.0199393068470797,2929489825767.995,431,S1_depeg_stablecoin,indonesia,USDC
832,1.046177344746625,2929489825767.995,431,S1_depeg_stablecoin,indonesia,USDC
833,1.040613198221459,2929489825767.995,431,S1_depeg_stablecoin,indonesia,USDC
834,1.0567760546418508,2929489825767.995,431,S1_depeg_stablecoin,indonesia,USDC
835,1.0552624245880071,2929489825767.995,431,S1_depeg_stablecoin,indonesia,USDC
836,1.0374702999914331,2929489825767.995,431,S1_depeg_stablecoin,indonesia,USDC
837,1.0323612529717114,2929489825767.995,431,S1_depeg_stablecoin,indonesia,USDC
838,1.002425753330155,2929489825767.995,431,S1_depeg_stablecoin,indonesia,USDC
839,1.0431752902212934,2929489825767.995,431,S1_depeg_stablecoin,indonesia,USDC
840,1.0617806586523302,2929489825767.995,431,S1_depeg_stablecoin,indonesia,USDC
841,1.0356069691845688,2929489825767.995,431,S1_depeg_stablecoin,indonesia,USDC
842,1.0344724201512454,2929489825767.995,431,S1_depeg_stablecoin,indonesia,USDC
843,1.0478794160032125,2929489825767.995,431,S1_depeg_stablecoin,indonesia,USDC
844,1.0224882990588324,2929489825767.995,431,S1_depeg_stablecoin,indonesia,USDC
845,1.0015266131993672,2929489825767.995,431,S1_depeg_stablecoin,indonesia,USDC
846,0.9742447692880369,2929489825767.995,431,S1_depeg_stablecoin,indonesia,USDC
847,0.9680527057029287,2929489825767.995,431,S1_depeg_stablecoin,indonesia,USDC
848,0.9579467140231765,2929489825638.1396,431,S1_depeg_stablecoin,indonesia,USDC
849,0.9247440208729247,2929489821688.0806,431,S1_depeg_stablecoin,indonesia,USDC
850,0.9384699186333176,2929489805537.1934,431,S1_depeg_stablecoin,indonesia,USDC
851,0.9335632637387103,2929489795205.213,431,S1_depeg_stablecoin,indonesia,USDC
852,0.963494675063428,2929489783214.9087,431,S1_depeg_stablecoin,indonesia,USDC
853,0.9603195591261614,2929489781086.231,431,S1_depeg_stablecoin,indonesia,USDC
854,0.9338889625354169,2929489778372.624,431,S1_depeg_stablecoin,indonesia,USDC
855,0.9714642447928926,2929489767801.7534,431,S1_depeg_stablecoin,indonesia,USDC
856,0.9880386467350691,2929489767801.7534,431,S1_depeg_stablecoin,indonesia,USDC
857,0.9907997002046296,2929489767801.7534,431,S1_depeg_stablecoin,indonesia,USDC
858,0.984334720550984,2929489767801.7534,431,S1_depeg_stablecoin,indonesia,USDC
859,0.9788246932162823,2929489767801.7534,431,S1_depeg_stablecoin,indonesia,USDC
860,0.9505935759668471,2929489767801.7534,431,S1_depeg_stablecoin,indonesia,USDC
861,0.9430788801634195,2929489762014.5635,431,S1_depeg_stablecoin,indonesia,USDC
862,0.9280189715941409,2929489754082.04,431,S1_depeg_stablecoin,indonesia,USDC
863,0.9496457024807979,2929489742675.419,431,S1_depeg_stablecoin,indonesia,USDC
864,0.971970377433595,2929489736865.7427,431,S1_depeg_stablecoin,indonesia,USDC
865,0.9950999387579815,2929489736865.7427,431,S1_depeg_stablecoin,indonesia,USDC
866,0.9863061662154592,2929489736865.7427,431,S1_depeg_stablecoin,indonesia,USDC
867,1.0139451739379668,2929489736865.7427,431,S1_depeg_stablecoin,indonesia,USDC
868,1.018935867092974,2929489736865.7427,431,S1_depeg_stablecoin,indonesia,USDC
869,1.0126945088180022,2929489736865.7427,431,S1_depeg_stablecoin,indonesia,USDC
870,0.9957895218848799,2929489736865.7427,431,S1_depeg_stablecoin,indonesia,USDC
871,1.0032094282273791,2929489736865.7427,431,S1_depeg_stablecoin,indonesia,USDC
872,1.0018727375782754,2929489736865.7427,431,S1_depeg_stablecoin,indonesia,USDC
873,0.97782464198071,2929489736865.7427,431,S1_depeg_stablecoin,indonesia,USDC
874,0.9591377492587235,2929489736865.7427,431,S1_depeg_stablecoin,indonesia,USDC
875,0.9627135566432193,2929489734401.339,431,S1_depeg_stablecoin,indonesia,USDC
876,0.9674761122986377,2929489732383.741,431,S1_depeg_stablecoin,indonesia,USDC
877,0.9713028761292676,2929489731842.028,431,S1_depeg_stablecoin,indonesia,USDC
878,0.9708719373932252,2929489731842.028,431,S1_depeg_stablecoin,indonesia,USDC
879,0.9896026525975031,2929489731842.028,431,S1_depeg_stablecoin,indonesia,USDC
880,0.9782706214129062,2929489731842.028,431,S1_depeg_stablecoin,indonesia,USDC
881,0.9644121438200015,2929489731842.028,431,S1_depeg_stablecoin,indonesia,USDC
882,0.9358719390563435,2929489730797.522,431,S1_depeg_stablecoin,indonesia,USDC
883,0.8897022076494532,2929489721772.385,431,S1_depeg_stablecoin,indonesia,USDC
884,0.8921612794624612,2929489702038.8228,431,S1_depeg_stablecoin,indonesia,USDC
885,0.935880522124282,2929489683082.4395,431,S1_depeg_stablecoin,indonesia,USDC
886,0.9297459701579611,2929489675684.8633,431,S1_depeg_stablecoin,indonesia,USDC
887,0.9398058145899404,2929489667486.913,431,S1_depeg_stablecoin,indonesia,USDC
888,0.9466214854800321,2929489661630.885,431,S1_depeg_stablecoin,indonesia,USDC
889,0.9587434618621727,2929489657095.8896,431,S1_depeg_stablecoin,indonesia,USDC
890,0.9526227415070494,2929489655282.879,431,S1_depeg_stablecoin,indonesia,USDC
891,0.9940383715120993,2929489651888.5425,431,S1_depeg_stablecoin,indonesia,USDC
892,0.9865638527415496,2929489651888.5425,431,S1_depeg_stablecoin,indonesia,USDC
893,1.0179856505908136,2929489651888.5425,431,S1_depeg_stablecoin,indonesia,USDC
894,1.0200251800284705,2929489651888.5425,431,S1_depeg_stablecoin,indonesia,USDC
895,1.028704260503903,2929489651888.5425,431,S1_depeg_stablecoin,indonesia,USDC
896,1.0198283266877453,2929489651888.5425,431,S1_depeg_stablecoin,indonesia,USDC
897,1.0229698631672348,2929489651888.5425,431,S1_depeg_stablecoin,indonesia,USDC
898,1.0147390937453662,2929489651888.5425,431,S1_depeg_stablecoin,indonesia,USDC
899,0.960480091770489,2929489651888.5425,431,S1_depeg_stablecoin,indonesia,USDC
900,0.9777194349766005,2929489650441.373,431,S1_depeg_stablecoin,indonesia,USDC
901,0.9780071360053458,2929489650441.373,431,S1_depeg_stablecoin,indonesia,USDC
902,0.9745187647821988,2929489650441.373,431,S1_depeg_stablecoin,indonesia,USDC
903,0.9774957961726207,2929489650441.373,431,S1_depeg_stablecoin,indonesia,USDC
904,0.9587344745390554,2929489650441.373,431,S1_depeg_stablecoin,indonesia,USDC
905,0.9604720788773675,2929489648555.0225,431,S1_depeg_stablecoin,indonesia,USDC
906,0.9615564860264091,2929489646759.9985,431,S1_depeg_stablecoin,indonesia,USDC
907,0.9573964992775006,2929489645543.4717,431,S1_depeg_stablecoin,indonesia,USDC
908,0.991372499673229,2929489643474.481,431,S1_depeg_stablecoin,indonesia,USDC
909,0.9949185328020311,2929489643474.481,431,S1_depeg_stablecoin,indonesia,USDC
910,1.0166485235511868,2929489643474.481,431,S1_depeg_stablecoin,indonesia,USDC
911,1.0179503592148103,2929489643474.481,431,S1_depeg_stablecoin,indonesia,USDC
912,1.0287176295787492,2929489643474.481,431,S1_depeg_stablecoin,indonesia,USDC
913,1.0294711179538634,2929489643474.481,431,S1_depeg_stablecoin,indonesia,USDC
914,1.0120072996509666,2929489643474.481,431,S1_depeg_stablecoin,indonesia,USDC
915,1.015136484294551,2929489643474.481,431,S1_depeg_stablecoin,indonesia,USDC
916,1.027124129812755,2929489643474.481,431,S1_depeg_stablecoin,indonesia,USDC
917,1.0284243670694362,2929489643474.481,431,S1_depeg_stablecoin,indonesia,USDC
918,1.0127065206847392,2929489643474.481,431,S1_depeg_stablecoin,indonesia,USDC
919,1.0037586013069764,2929489643474.481,431,S1_depeg_stablecoin,indonesia,USDC
920,1.0043092333002364,2929489643474.481,431,S1_depeg_stablecoin,indonesia,USDC
921,0.9706094294908301,2929489643474.481,431,S1_depeg_stablecoin,indonesia,USDC
922,0.9832933429129844,2929489643474.481,431,S1_depeg_stablecoin,indonesia,USDC
923,0.9544792103099105,2929489643474.481,431,S1_depeg_stablecoin,indonesia,USDC
924,0.9445585063925923,2929489640913.212,431,S1_depeg_stablecoin,indonesia,USDC
925,0.9613313132140261,2929489636654.5693,431,S1_depeg_stablecoin,indonesia,USDC
926,0.9718037978290691,2929489635355.287,431,S1_depeg_stablecoin,indonesia,USDC
927,0.9674017078022081,2929489635355.287,431,S1_depeg_stablecoin,indonesia,USDC
928,0.9989006493884987,2929489635186.0264,431,S1_depeg_stablecoin,indonesia,USDC
929,0.9696757661676878,2929489635186.0264,431,S1_depeg_stablecoin,indonesia,USDC
930,0.9906736667845063,2929489635186.0264,431,S1_depeg_stablecoin,indonesia,USDC
931,0.9702123164348725,2929489635186.0264,431,S1_depeg_stablecoin,indonesia,USDC
932,0.989118294141493,2929489635186.0264,431,S1_depeg_stablecoin,indonesia,USDC
933,0.9784318849085316,2929489635186.0264,431,S1_depeg_stablecoin,indonesia,USDC
934,0.9698303306520034,2929489635186.0264,431,S1_depeg_stablecoin,indonesia,USDC
935,0.9863516877070634,2929489635156.3994,431,S1_depeg_stablecoin,indonesia,USDC
936,0.9846614639630052,2929489635156.3994,431,S1_depeg_stablecoin,indonesia,USDC
937,0.9825250659991948,2929489635156.3994,431,S1_depeg_stablecoin,indonesia,USDC
938,1.0003568673242162,2929489635156.3994,431,S1_depeg_stablecoin,indonesia,USDC
939,1.000530684979325,2929489635156.3994,431,S1_depeg_stablecoin,indonesia,USDC
940,1.027608496320748,2929489635156.3994,431,S1_depeg_stablecoin,indonesia,USDC
941,1.0374055143320273,2929489635156.3994,431,S1_depeg_stablecoin,indonesia,USDC
942,1.0357270543858503,2929489635156.3994,431,S1_depeg_stablecoin,indonesia,USDC
943,1.0035454859628483,2929489635156.3994,431,S1_depeg_stablecoin,indonesia,USDC
944,0.9979760054392703,2929489635156.3994,431,S1_depeg_stablecoin,indonesia,USDC
945,0.9928901585069316,2929489635156.3994,431,S1_depeg_stablecoin,indonesia,USDC
946,0.9672936932289137,2929489635156.3994,431,S1_depeg_stablecoin,indonesia,USDC
947,0.9460338329730686,2929489634778.55,431,S1_depeg_stablecoin,indonesia,USDC
948,0.9318306910609513,2929489630603.7964,431,S1_depeg_stablecoin,indonesia,USDC
949,0.9308356547403066,2929489624119.222,431,S1_depeg_stablecoin,indonesia,USDC
950,0.9472284005889169,2929489618097.8867,431,S1_depeg_stablecoin,indonesia,USDC
951,0.9599828591308335,2929489614522.8125,431,S1_depeg_stablecoin,indonesia,USDC
952,0.9899700422264153,2929489612987.071,431,S1_depeg_stablecoin,indonesia,USDC
953,0.9739643136299881,2929489612987.071,431,S1_depeg_stablecoin,indonesia,USDC
954,0.968499333339168,2929489612987.071,431,S1_depeg_stablecoin,indonesia,USDC
955,0.9651851382876051,2929489612911.4224,431,S1_depeg_stablecoin,indonesia,USDC
956,0.9856615631629161,2929489612357.617,431,S1_depeg_stablecoin,indonesia,USDC
957,0.97587715504243,2929489612357.617,431,S1_depeg_stablecoin,indonesia,USDC
958,0.983089855681554,2929489612357.617,431,S1_depeg_stablecoin,indonesia,USDC
959,0.9970843137034563,2929489612357.617,431,S1_depeg_stablecoin,indonesia,USDC
960,1.0242893308302607,2929489612357.617,431,S1_depeg_stablecoin,indonesia,USDC
961,1.0195911062993157,2929489612357.617,431,S1_depeg_stablecoin,indonesia,USDC
962,1.0015110343075222,2929489612357.617,431,S1_depeg_stablecoin,indonesia,USDC
963,0.9837219457144211,2929489612357.617,431,S1_depeg_stablecoin,indonesia,USDC
964,1.0168525312978953,2929489612357.617,431,S1_depeg_stablecoin,indonesia,USDC
965,1.0121183849310438,2929489612357.617,431,S1_depeg_stablecoin,indonesia,USDC
966,1.027312213954199,2929489612357.617,431,S1_depeg_stablecoin,indonesia,USDC
967,1.0356978741586451,2929489612357.617,431,S1_depeg_stablecoin,indonesia,USDC
968,1.0226447673488575,2929489612357.617,431,S1_depeg_stablecoin,indonesia,USDC
969,1.028446090218858,2929489612357.617,431,S1_depeg_stablecoin,indonesia,USDC
970,1.0070711505756587,2929489612357.617,431,S1_depeg_stablecoin,indonesia,USDC
971,0.9960490363509429,2929489612357.617,431,S1_depeg_stablecoin,indonesia,USDC
972,0.9764988605823008,2929489612357.617,431,S1_depeg_stablecoin,indonesia,USDC
973,1.0082118301087961,2929489612357.617,431,S1_depeg_stablecoin,indonesia,USDC
974,1.0108895139747704,2929489612357.617,431,S1_depeg_stablecoin,indonesia,USDC
975,1.056265171377204,2929489612357.617,431,S1_depeg_stablecoin,indonesia,USDC
976,1.0299004501071252,2929489612357.617,431,S1_depeg_stablecoin,indonesia,USDC
977,1.0137176317777985,2929489612357.617,431,S1_depeg_stablecoin,indonesia,USDC
978,1.0082784164849206,2929489612357.617,431,S1_depeg_stablecoin,indonesia,USDC
979,0.9730015929390978,2929489612357.617,431,S1_depeg_stablecoin,indonesia,USDC
980,0.927192421488802,2929489612357.617,431,S1_depeg_stablecoin,indonesia,USDC
981,0.9543000911158991,2929489606261.326,431,S1_depeg_stablecoin,indonesia,USDC
982,0.9228540922829771,2929489604318.921,431,S1_depeg_stablecoin,indonesia,USDC
983,0.9466560459727863,2929489598137.6562,431,S1_depeg_stablecoin,indonesia,USDC
984,0.9620629297643615,2929489595316.9434,431,S1_depeg_stablecoin,indonesia,USDC
985,0.958249215514075,2929489594257.253,431,S1_depeg_stablecoin,indonesia,USDC
986,0.9525658583897617,2929489592887.955,431,S1_depeg_stablecoin,indonesia,USDC
987,0.9443338245480236,2929489590914.664,431,S1_depeg_stablecoin,indonesia,USDC
988,0.9647960181199585,2929489587720.7305,431,S1_depeg_stablecoin,indonesia,USDC
989,0.9624301834412634,2929489587287.9146,431,S1_depeg_stablecoin,indonesia,USDC
990,0.9440130542645067,2929489586497.101,431,S1_depeg_stablecoin,indonesia,USDC
991,0.9381570701819253,2929489583612.125,431,S1_depeg_stablecoin,indonesia,USDC
992,0.9455735605053126,2929489579744.969,431,S1_depeg_stablecoin,indonesia,USDC
993,0.9529273824927692,2929489576981.819,431,S1_depeg_stablecoin,indonesia,USDC
994,0.9354124566932999,2929489575207.335,431,S1_depeg_stablecoin,indonesia,USDC
995,0.9099416115874484,2929489571670.761,431,S1_depeg_stablecoin,indonesia,USDC
996,0.9036304369698683,2929489565438.88,431,S1_depeg_stablecoin,indonesia,USDC
997,0.9151270616680809,2929489559117.0034,431,S1_depeg_stablecoin,indonesia,USDC
998,0.9318178145650808,2929489554107.035,431,S1_depeg_stablecoin,indonesia,USDC
999,0.9297478427109549,2929489550631.421,431,S1_depeg_stablecoin,indonesia,USDC
1000,0.9477492239269638,2929489547418.7676,431,S1_depeg_stablecoin,indonesia,USDC
