Step,price,liquidity,iteration,scenario,region,coin
1,0.9877447951948297,2988614549857.966,372,S1_depeg_stablecoin,indonesia,USDC
2,0.9860823017765961,2988614549857.966,372,S1_depeg_stablecoin,indonesia,USDC
3,0.9764666507059778,2988614549857.966,372,S1_depeg_stablecoin,indonesia,USDC
4,0.954563938685797,2988614549857.966,372,S1_depeg_stablecoin,indonesia,USDC
5,0.9420085802569413,2987683162591.785,372,S1_depeg_stablecoin,indonesia,USDC
6,0.9337244174426522,2985978611733.3604,372,S1_depeg_stablecoin,indonesia,USDC
7,0.9277084837594499,2983867718003.784,372,S1_depeg_stablecoin,indonesia,USDC
8,0.90913907243562,2981496007414.6987,372,S1_depeg_stablecoin,indonesia,USDC
9,0.912317724346568,2978178054262.2666,372,S1_depeg_stablecoin,indonesia,USDC
10,0.9279008683417284,2975252678936.889,372,S1_depeg_stablecoin,indonesia,USDC
11,0.9164189695644017,2973246299840.917,372,S1_depeg_stablecoin,indonesia,USDC
12,0.8967439331364734,2970801364132.6875,372,S1_depeg_stablecoin,indonesia,USDC
13,0.8715065839583876,2967689828567.5317,372,S1_depeg_stablecoin,indonesia,USDC
14,0.8878213241089965,2963722140234.662,372,S1_depeg_stablecoin,indonesia,USDC
15,0.898709977506518,2960747815192.517,372,S1_depeg_stablecoin,indonesia,USDC
16,0.8889022241525786,2958430083694.4043,372,S1_depeg_stablecoin,indonesia,USDC
17,0.8599183440409697,2955960778995.8765,372,S1_depeg_stablecoin,indonesia,USDC
18,0.8954583214888083,2952943219105.7827,372,S1_depeg_stablecoin,indonesia,USDC
19,0.9024994995653607,2951134630961.5747,372,S1_depeg_stablecoin,indonesia,USDC
20,0.9183608948802846,2949586015788.581,372,S1_depeg_stablecoin,indonesia,USDC
21,0.9344257573761848,2948484696078.173,372,S1_depeg_stablecoin,indonesia,USDC
22,0.9555345540334511,2947767964679.4365,372,S1_depeg_stablecoin,indonesia,USDC
23,1.001965393713613,2947490356737.9414,372,S1_depeg_stablecoin,indonesia,USDC
24,1.0111591709179046,2947490356737.9414,372,S1_depeg_stablecoin,indonesia,USDC
25,1.039879465636269,2947490356737.9414,372,S1_depeg_stablecoin,indonesia,USDC
26,1.020609437139324,2947490356737.9414,372,S1_depeg_stablecoin,indonesia,USDC
27,1.0014789299141882,2947490356737.9414,372,S1_depeg_stablecoin,indonesia,USDC
28,1.005863392589286,2947490356737.9414,372,S1_depeg_stablecoin,indonesia,USDC
29,1.000852860704119,2947490356737.9414,372,S1_depeg_stablecoin,indonesia,USDC
30,0.9965115798038598,2947490356737.9414,372,S1_depeg_stablecoin,indonesia,USDC
31,0.9987870997324034,2947490356737.9414,372,S1_depeg_stablecoin,indonesia,USDC
32,0.9891512536777693,2947490356737.9414,372,S1_depeg_stablecoin,indonesia,USDC
33,0.9977576034462334,2947490356737.9414,372,S1_depeg_stablecoin,indonesia,USDC
34,0.9976756032293714,2947490356737.9414,372,S1_depeg_stablecoin,indonesia,USDC
35,1.0158676911248872,2947490356737.9414,372,S1_depeg_stablecoin,indonesia,USDC
36,0.9996020585875076,2947490356737.9414,372,S1_depeg_stablecoin,indonesia,USDC
37,1.0070056391967472,2947490356737.9414,372,S1_depeg_stablecoin,indonesia,USDC
38,1.0501143745770736,2947490356737.9414,372,S1_depeg_stablecoin,indonesia,USDC
39,1.0279577287153974,2947490356737.9414,372,S1_depeg_stablecoin,indonesia,USDC
40,1.0370283392521518,2947490356737.9414,372,S1_depeg_stablecoin,indonesia,USDC
41,1.0108172468273695,2947490356737.9414,372,S1_depeg_stablecoin,indonesia,USDC
42,1.0033818918353556,2947490356737.9414,372,S1_depeg_stablecoin,indonesia,USDC
43,1.000851755563899,2947490356737.9414,372,S1_depeg_stablecoin,indonesia,USDC
44,1.009454272277116,2947490356737.9414,372,S1_depeg_stablecoin,indonesia,USDC
45,1.0027052909152852,2947490356737.9414,372,S1_depeg_stablecoin,indonesia,USDC
46,1.004712927597147,2947490356737.9414,372,S1_depeg_stablecoin,indonesia,USDC
47,1.0356433146909092,2947490356737.9414,372,S1_depeg_stablecoin,indonesia,USDC
48,1.071751135283381,2947490356737.9414,372,S1_depeg_stablecoin,indonesia,USDC
49,1.0745138078002836,2947490356737.9414,372,S1_depeg_stablecoin,indonesia,USDC
50,1.055597906320099,2947490356737.9414,372,S1_depeg_stablecoin,indonesia,USDC
51,1.0498366419153526,2947490356737.9414,372,S1_depeg_stablecoin,indonesia,USDC
52,1.0236961491034198,2947490356737.9414,372,S1_depeg_stablecoin,indonesia,USDC
53,1.0306113038440257,2947490356737.9414,372,S1_depeg_stablecoin,indonesia,USDC
54,1.0075832799843991,2947490356737.9414,372,S1_depeg_stablecoin,indonesia,USDC
55,1.019792545436193,2947490356737.9414,372,S1_depeg_stablecoin,indonesia,USDC
56,1.0213413009510464,2947490356737.9414,372,S1_depeg_stablecoin,indonesia,USDC
57,1.0684924380334555,2947490356737.9414,372,S1_depeg_stablecoin,indonesia,USDC
58,1.0464390215215418,2947490356737.9414,372,S1_depeg_stablecoin,indonesia,USDC
59,0.9733586144603971,2947490356737.9414,372,S1_depeg_stablecoin,indonesia,USDC
60,0.9772345371545772,2947490356737.9414,372,S1_depeg_stablecoin,indonesia,USDC
61,0.9706782786428823,2947490356737.9414,372,S1_depeg_stablecoin,indonesia,USDC
62,0.9632559813509742,2947490356737.9414,372,S1_depeg_stablecoin,indonesia,USDC
63,0.9690624122687235,2947385708967.1196,372,S1_depeg_stablecoin,indonesia,USDC
64,0.9621311364890169,2947367565040.8486,372,S1_depeg_stablecoin,indonesia,USDC
65,0.9529639519736954,2947243589055.6533,372,S1_depeg_stablecoin,indonesia,USDC
66,0.9658198447798353,2946939977257.945,372,S1_depeg_stablecoin,indonesia,USDC
67,1.0036658628885478,2946869646055.9185,372,S1_depeg_stablecoin,indonesia,USDC
68,1.002899887431776,2946869646055.9185,372,S1_depeg_stablecoin,indonesia,USDC
69,1.0167365973612565,2946869646055.9185,372,S1_depeg_stablecoin,indonesia,USDC
70,1.0392032765801134,2946869646055.9185,372,S1_depeg_stablecoin,indonesia,USDC
71,1.0198900017938037,2946869646055.9185,372,S1_depeg_stablecoin,indonesia,USDC
72,1.0204152620308422,2946869646055.9185,372,S1_depeg_stablecoin,indonesia,USDC
73,1.0282382767695806,2946869646055.9185,372,S1_depeg_stablecoin,indonesia,USDC
74,1.0078559906411106,2946869646055.9185,372,S1_depeg_stablecoin,indonesia,USDC
75,1.0301786887907083,2946869646055.9185,372,S1_depeg_stablecoin,indonesia,USDC
76,1.0387105491017905,2946869646055.9185,372,S1_depeg_stablecoin,indonesia,USDC
77,1.046629966406431,2946869646055.9185,372,S1_depeg_stablecoin,indonesia,USDC
78,1.0363039828604945,2946869646055.9185,372,S1_depeg_stablecoin,indonesia,USDC
79,1.013323808149339,2946869646055.9185,372,S1_depeg_stablecoin,indonesia,USDC
80,1.0179459681856593,2946869646055.9185,372,S1_depeg_stablecoin,indonesia,USDC
81,1.0290620654050182,2946869646055.9185,372,S1_depeg_stablecoin,indonesia,USDC
82,1.0422581886929339,2946869646055.9185,372,S1_depeg_stablecoin,indonesia,USDC
83,1.0495656906604747,2946869646055.9185,372,S1_depeg_stablecoin,indonesia,USDC
84,1.0431344675489966,2946869646055.9185,372,S1_depeg_stablecoin,indonesia,USDC
85,1.016534814418562,2946869646055.9185,372,S1_depeg_stablecoin,indonesia,USDC
86,1.0197132293122981,2946869646055.9185,372,S1_depeg_stablecoin,indonesia,USDC
87,1.034671327342401,2946869646055.9185,372,S1_depeg_stablecoin,indonesia,USDC
88,1.0061246090359286,2946869646055.9185,372,S1_depeg_stablecoin,indonesia,USDC
89,1.0350126979570142,2946869646055.9185,372,S1_depeg_stablecoin,indonesia,USDC
90,1.0453770866104959,2946869646055.9185,372,S1_depeg_stablecoin,indonesia,USDC
91,1.0323498030459513,2946869646055.9185,372,S1_depeg_stablecoin,indonesia,USDC
92,1.0417378194985525,2946869646055.9185,372,S1_depeg_stablecoin,indonesia,USDC
93,1.0194853646577897,2946869646055.9185,372,S1_depeg_stablecoin,indonesia,USDC
94,1.0156436127834705,2946869646055.9185,372,S1_depeg_stablecoin,indonesia,USDC
95,1.0135175676667785,2946869646055.9185,372,S1_depeg_stablecoin,indonesia,USDC
96,0.9891874932531632,2946869646055.9185,372,S1_depeg_stablecoin,indonesia,USDC
97,1.0126120374473315,2946869646055.9185,372,S1_depeg_stablecoin,indonesia,USDC
98,0.9937659775445581,2946869646055.9185,372,S1_depeg_stablecoin,indonesia,USDC
99,0.9863602434064833,2946869646055.9185,372,S1_depeg_stablecoin,indonesia,USDC
100,0.9832398029590608,2946869646055.9185,372,S1_depeg_stablecoin,indonesia,USDC
101,0.8006510667340865,2946869646055.9185,372,S1_depeg_stablecoin,indonesia,USDC
102,0.8364874980782891,2943682552171.599,372,S1_depeg_stablecoin,indonesia,USDC
103,0.8605855568341766,2941608565895.46,372,S1_depeg_stablecoin,indonesia,USDC
104,0.9083669743566708,2940205288041.329,372,S1_depeg_stablecoin,indonesia,USDC
105,0.8921425931671995,2939487155942.7437,372,S1_depeg_stablecoin,indonesia,USDC
106,0.8920757788775104,2938634703682.8027,372,S1_depeg_stablecoin,indonesia,USDC
107,0.9094255800460389,2937848434546.7812,372,S1_depeg_stablecoin,indonesia,USDC
108,0.9439393880781225,2937300777337.231,372,S1_depeg_stablecoin,indonesia,USDC
109,0.9610428751482061,2937092508634.1245,372,S1_depeg_stablecoin,indonesia,USDC
110,0.9437081831471573,2937014221896.757,372,S1_depeg_stablecoin,indonesia,USDC
111,0.9246261896304565,2936802702797.7646,372,S1_depeg_stablecoin,indonesia,USDC
112,0.9220695777100505,2936419684551.6123,372,S1_depeg_stablecoin,indonesia,USDC
113,0.941233619779096,2936065364417.8384,372,S1_depeg_stablecoin,indonesia,USDC
114,0.9302888885082727,2935851998717.3867,372,S1_depeg_stablecoin,indonesia,USDC
115,0.9407677637022527,2935581709430.4233,372,S1_depeg_stablecoin,indonesia,USDC
116,0.9266358409625093,2935386067523.3843,372,S1_depeg_stablecoin,indonesia,USDC
117,0.9315162214612326,2935091692817.829,372,S1_depeg_stablecoin,indonesia,USDC
118,0.9126782590869496,2934857583566.252,372,S1_depeg_stablecoin,indonesia,USDC
119,0.9305805281125042,2934516754770.233,372,S1_depeg_stablecoin,indonesia,USDC
120,0.8994036710489441,2934283800778.871,372,S1_depeg_stablecoin,indonesia,USDC
121,0.9245953931994735,2933900591488.777,372,S1_depeg_stablecoin,indonesia,USDC
122,0.9313833651880545,2933653157837.459,372,S1_depeg_stablecoin,indonesia,USDC
123,0.9887307689595154,2933452565997.97,372,S1_depeg_stablecoin,indonesia,USDC
124,0.987175807035712,2933452565997.97,372,S1_depeg_stablecoin,indonesia,USDC
125,0.9887276945311452,2933452565997.97,372,S1_depeg_stablecoin,indonesia,USDC
126,0.9856021795969666,2933452565997.97,372,S1_depeg_stablecoin,indonesia,USDC
127,1.0052183034438646,2933452565997.97,372,S1_depeg_stablecoin,indonesia,USDC
128,1.00456358421624,2933452565997.97,372,S1_depeg_stablecoin,indonesia,USDC
129,0.9766899777801052,2933452565997.97,372,S1_depeg_stablecoin,indonesia,USDC
130,0.9025446488336192,2933452565997.97,372,S1_depeg_stablecoin,indonesia,USDC
131,0.8932505602574551,2933140426256.136,372,S1_depeg_stablecoin,indonesia,USDC
132,0.920243142396175,2932782324732.5244,372,S1_depeg_stablecoin,indonesia,USDC
133,0.9108045195672632,2932568535679.9897,372,S1_depeg_stablecoin,indonesia,USDC
134,0.9246599731753024,2932345417940.703,372,S1_depeg_stablecoin,indonesia,USDC
135,0.9134153358089386,2932185517452.168,372,S1_depeg_stablecoin,indonesia,USDC
136,0.9194791481451011,2931993143791.698,372,S1_depeg_stablecoin,indonesia,USDC
137,0.9616458861676448,2931821770530.9985,372,S1_depeg_stablecoin,indonesia,USDC
138,0.950079801284014,2931798405195.896,372,S1_depeg_stablecoin,indonesia,USDC
139,0.9542930535737117,2931741213343.879,372,S1_depeg_stablecoin,indonesia,USDC
140,0.966385659970271,2931693054058.788,372,S1_depeg_stablecoin,indonesia,USDC
141,0.9804096975925015,2931685123835.7437,372,S1_depeg_stablecoin,indonesia,USDC
142,1.0091542506134865,2931685123835.7437,372,S1_depeg_stablecoin,indonesia,USDC
143,0.981211663068038,2931685123835.7437,372,S1_depeg_stablecoin,indonesia,USDC
144,0.982275915701513,2931685123835.7437,372,S1_depeg_stablecoin,indonesia,USDC
145,1.002233935636764,2931685123835.7437,372,S1_depeg_stablecoin,indonesia,USDC
146,1.0236743159194197,2931685123835.7437,372,S1_depeg_stablecoin,indonesia,USDC
147,0.998016578190555,2931685123835.7437,372,S1_depeg_stablecoin,indonesia,USDC
148,0.9928730091342336,2931685123835.7437,372,S1_depeg_stablecoin,indonesia,USDC
149,1.0003422364137053,2931685123835.7437,372,S1_depeg_stablecoin,indonesia,USDC
150,0.9636414276149615,2931685123835.7437,372,S1_depeg_stablecoin,indonesia,USDC
151,0.973521864869006,2931670750245.445,372,S1_depeg_stablecoin,indonesia,USDC
152,0.9872513155643724,2931670750245.445,372,S1_depeg_stablecoin,indonesia,USDC
153,1.0098641781075477,2931670750245.445,372,S1_depeg_stablecoin,indonesia,USDC
154,1.027651080117692,2931670750245.445,372,S1_depeg_stablecoin,indonesia,USDC
155,1.0573140499901599,2931670750245.445,372,S1_depeg_stablecoin,indonesia,USDC
156,1.0507504260752702,2931670750245.445,372,S1_depeg_stablecoin,indonesia,USDC
157,1.024351633263174,2931670750245.445,372,S1_depeg_stablecoin,indonesia,USDC
158,1.006962725875355,2931670750245.445,372,S1_depeg_stablecoin,indonesia,USDC
159,1.0211297019441585,2931670750245.445,372,S1_depeg_stablecoin,indonesia,USDC
160,1.0193441208623513,2931670750245.445,372,S1_depeg_stablecoin,indonesia,USDC
161,1.0106574500667456,2931670750245.445,372,S1_depeg_stablecoin,indonesia,USDC
162,1.0152683382376706,2931670750245.445,372,S1_depeg_stablecoin,indonesia,USDC
163,0.9927449408180984,2931670750245.445,372,S1_depeg_stablecoin,indonesia,USDC
164,0.989154755969195,2931670750245.445,372,S1_depeg_stablecoin,indonesia,USDC
165,1.0178172914317474,2931670750245.445,372,S1_depeg_stablecoin,indonesia,USDC
166,1.0239363372588197,2931670750245.445,372,S1_depeg_stablecoin,indonesia,USDC
167,0.9945513089268911,2931670750245.445,372,S1_depeg_stablecoin,indonesia,USDC
168,1.0096407914081778,2931670750245.445,372,S1_depeg_stablecoin,indonesia,USDC
169,1.0375790357170764,2931670750245.445,372,S1_depeg_stablecoin,indonesia,USDC
170,0.9757470035722058,2931670750245.445,372,S1_depeg_stablecoin,indonesia,USDC
171,1.0048460098104082,2931670750245.445,372,S1_depeg_stablecoin,indonesia,USDC
172,1.0192088481238764,2931670750245.445,372,S1_depeg_stablecoin,indonesia,USDC
173,1.007247497044653,2931670750245.445,372,S1_depeg_stablecoin,indonesia,USDC
174,1.0023989504273954,2931670750245.445,372,S1_depeg_stablecoin,indonesia,USDC
175,1.0272729271611598,2931670750245.445,372,S1_depeg_stablecoin,indonesia,USDC
176,1.0095625112429667,2931670750245.445,372,S1_depeg_stablecoin,indonesia,USDC
177,1.0243113808139244,2931670750245.445,372,S1_depeg_stablecoin,indonesia,USDC
178,1.03545000562535,2931670750245.445,372,S1_depeg_stablecoin,indonesia,USDC
179,1.0174045299044023,2931670750245.445,372,S1_depeg_stablecoin,indonesia,USDC
180,1.0114630269197151,2931670750245.445,372,S1_depeg_stablecoin,indonesia,USDC
181,0.9941989988882685,2931670750245.445,372,S1_depeg_stablecoin,indonesia,USDC
182,0.97265753251566,2931670750245.445,372,S1_depeg_stablecoin,indonesia,USDC
183,0.9721106391873567,2931670750245.445,372,S1_depeg_stablecoin,indonesia,USDC
184,0.9668789837066155,2931670750245.445,372,S1_depeg_stablecoin,indonesia,USDC
185,0.940350670428947,2931660916790.594,372,S1_depeg_stablecoin,indonesia,USDC
186,0.93043660778888,2931574021589.74,372,S1_depeg_stablecoin,indonesia,USDC
187,0.9106775028401801,2931456799539.672,372,S1_depeg_stablecoin,indonesia,USDC
188,0.9229187795728612,2931296061903.884,372,S1_depeg_stablecoin,indonesia,USDC
189,0.9310933377985605,2931176562781.5566,372,S1_depeg_stablecoin,indonesia,USDC
190,0.9218270421861675,2931082900530.6084,372,S1_depeg_stablecoin,indonesia,USDC
191,0.9337602412020997,2930960315218.42,372,S1_depeg_stablecoin,indonesia,USDC
192,0.9202796083459669,2930878047868.6685,372,S1_depeg_stablecoin,indonesia,USDC
193,0.9366316723465702,2930765142154.1465,372,S1_depeg_stablecoin,indonesia,USDC
194,0.9542430706764793,2930695824956.0,372,S1_depeg_stablecoin,indonesia,USDC
195,0.9779822669943571,2930662016188.348,372,S1_depeg_stablecoin,indonesia,USDC
196,0.9744833728360605,2930662016188.348,372,S1_depeg_stablecoin,indonesia,USDC
197,0.979549116713236,2930662016188.348,372,S1_depeg_stablecoin,indonesia,USDC
198,0.995381242590077,2930662016188.348,372,S1_depeg_stablecoin,indonesia,USDC
199,0.9929233664835775,2930662016188.348,372,S1_depeg_stablecoin,indonesia,USDC
200,1.019342433743623,2930662016188.348,372,S1_depeg_stablecoin,indonesia,USDC
201,1.0050027611334533,2930662016188.348,372,S1_depeg_stablecoin,indonesia,USDC
202,1.000045502902327,2930662016188.348,372,S1_depeg_stablecoin,indonesia,USDC
203,1.0011094604494188,2930662016188.348,372,S1_depeg_stablecoin,indonesia,USDC
204,1.0047289528516454,2930662016188.348,372,S1_depeg_stablecoin,indonesia,USDC
205,1.0131735221189377,2930662016188.348,372,S1_depeg_stablecoin,indonesia,USDC
206,1.0276906510054415,2930662016188.348,372,S1_depeg_stablecoin,indonesia,USDC
207,1.0085847765386138,2930662016188.348,372,S1_depeg_stablecoin,indonesia,USDC
208,1.009099796345947,2930662016188.348,372,S1_depeg_stablecoin,indonesia,USDC
209,1.0127725562692196,2930662016188.348,372,S1_depeg_stablecoin,indonesia,USDC
210,1.0048953458040162,2930662016188.348,372,S1_depeg_stablecoin,indonesia,USDC
211,0.9774027794411293,2930662016188.348,372,S1_depeg_stablecoin,indonesia,USDC
212,0.941997584813733,2930662016188.348,372,S1_depeg_stablecoin,indonesia,USDC
213,0.9418836663090413,2930606972142.503,372,S1_depeg_stablecoin,indonesia,USDC
214,0.9445908075090768,2930555188641.587,372,S1_depeg_stablecoin,indonesia,USDC
215,0.964286662021995,2930509896267.3477,372,S1_depeg_stablecoin,indonesia,USDC
216,0.9819783569259665,2930502221734.072,372,S1_depeg_stablecoin,indonesia,USDC
217,0.98167752079911,2930502221734.072,372,S1_depeg_stablecoin,indonesia,USDC
218,0.9579985198074792,2930502221734.072,372,S1_depeg_stablecoin,indonesia,USDC
219,0.9473770171511782,2930480237616.8896,372,S1_depeg_stablecoin,indonesia,USDC
220,0.9508403163578814,2930440084862.3447,372,S1_depeg_stablecoin,indonesia,USDC
221,0.8936288890381162,2930407100658.198,372,S1_depeg_stablecoin,indonesia,USDC
222,0.8725070423356095,2930269258782.0024,372,S1_depeg_stablecoin,indonesia,USDC
223,0.9097296026816,2930110165591.637,372,S1_depeg_stablecoin,indonesia,USDC
224,0.8894953792247389,2930017236360.19,372,S1_depeg_stablecoin,indonesia,USDC
225,0.8967734584313737,2929908811022.119,372,S1_depeg_stablecoin,indonesia,USDC
226,0.9445644847014306,2929811105590.2246,372,S1_depeg_stablecoin,indonesia,USDC
227,0.9380141901988267,2929782022631.945,372,S1_depeg_stablecoin,indonesia,USDC
228,0.9568699321355434,2929743525145.247,372,S1_depeg_stablecoin,indonesia,USDC
229,0.967513381105927,2929729928284.497,372,S1_depeg_stablecoin,indonesia,USDC
230,0.9706374723962029,2929727068984.426,372,S1_depeg_stablecoin,indonesia,USDC
231,0.9673662254774194,2929727068984.426,372,S1_depeg_stablecoin,indonesia,USDC
232,1.0065851160185746,2929724678433.5615,372,S1_depeg_stablecoin,indonesia,USDC
233,1.0011391623235761,2929724678433.5615,372,S1_depeg_stablecoin,indonesia,USDC
234,0.9903588385970108,2929724678433.5615,372,S1_depeg_stablecoin,indonesia,USDC
235,0.9791548704955012,2929724678433.5615,372,S1_depeg_stablecoin,indonesia,USDC
236,0.983125109698787,2929724678433.5615,372,S1_depeg_stablecoin,indonesia,USDC
237,0.9645465875052243,2929724678433.5615,372,S1_depeg_stablecoin,indonesia,USDC
238,1.0072451507942564,2929719782023.4414,372,S1_depeg_stablecoin,indonesia,USDC
239,1.0103815333189945,2929719782023.4414,372,S1_depeg_stablecoin,indonesia,USDC
240,1.0075423664622323,2929719782023.4414,372,S1_depeg_stablecoin,indonesia,USDC
241,0.997380188120792,2929719782023.4414,372,S1_depeg_stablecoin,indonesia,USDC
242,0.9970385365793044,2929719782023.4414,372,S1_depeg_stablecoin,indonesia,USDC
243,0.9940146747977686,2929719782023.4414,372,S1_depeg_stablecoin,indonesia,USDC
244,1.0067702192519459,2929719782023.4414,372,S1_depeg_stablecoin,indonesia,USDC
245,0.9812812572523342,2929719782023.4414,372,S1_depeg_stablecoin,indonesia,USDC
246,0.9884364927767966,2929719782023.4414,372,S1_depeg_stablecoin,indonesia,USDC
247,0.9603853906449715,2929719782023.4414,372,S1_depeg_stablecoin,indonesia,USDC
248,0.9455441991499468,2929708826997.135,372,S1_depeg_stablecoin,indonesia,USDC
249,0.9737434856259196,2929682272158.537,372,S1_depeg_stablecoin,indonesia,USDC
250,0.9446600585609278,2929682272158.537,372,S1_depeg_stablecoin,indonesia,USDC
251,0.9646748383810708,2929657425111.0215,372,S1_depeg_stablecoin,indonesia,USDC
252,0.9841055970081658,2929652340496.709,372,S1_depeg_stablecoin,indonesia,USDC
253,0.9616118315293458,2929652340496.709,372,S1_depeg_stablecoin,indonesia,USDC
254,0.9537081370657218,2929644726037.2974,372,S1_depeg_stablecoin,indonesia,USDC
255,0.9605769843963314,2929628252661.292,372,S1_depeg_stablecoin,indonesia,USDC
256,0.9690205159375159,2929619094291.891,372,S1_depeg_stablecoin,indonesia,USDC
257,1.0054989268956975,2929619094291.891,372,S1_depeg_stablecoin,indonesia,USDC
258,0.995260752326899,2929619094291.891,372,S1_depeg_stablecoin,indonesia,USDC
259,0.9904880420012111,2929619094291.891,372,S1_depeg_stablecoin,indonesia,USDC
260,0.9868499313945199,2929619094291.891,372,S1_depeg_stablecoin,indonesia,USDC
261,1.008381510241247,2929619094291.891,372,S1_depeg_stablecoin,indonesia,USDC
262,1.0078580773566748,2929619094291.891,372,S1_depeg_stablecoin,indonesia,USDC
263,1.0148105593841712,2929619094291.891,372,S1_depeg_stablecoin,indonesia,USDC
264,0.9898931527946138,2929619094291.891,372,S1_depeg_stablecoin,indonesia,USDC
265,0.9716743058112856,2929619094291.891,372,S1_depeg_stablecoin,indonesia,USDC
266,0.9662047973458695,2929619094291.891,372,S1_depeg_stablecoin,indonesia,USDC
267,0.9592658684022709,2929616327598.23,372,S1_depeg_stablecoin,indonesia,USDC
268,0.9672492709559426,2929606641360.396,372,S1_depeg_stablecoin,indonesia,USDC
269,1.0059336643340073,2929603827984.2,372,S1_depeg_stablecoin,indonesia,USDC
270,0.9986680668891649,2929603827984.2,372,S1_depeg_stablecoin,indonesia,USDC
271,0.9926601587752337,2929603827984.2,372,S1_depeg_stablecoin,indonesia,USDC
272,0.9957272548357315,2929603827984.2,372,S1_depeg_stablecoin,indonesia,USDC
273,1.0128900398401204,2929603827984.2,372,S1_depeg_stablecoin,indonesia,USDC
274,1.010013944128938,2929603827984.2,372,S1_depeg_stablecoin,indonesia,USDC
275,0.9965230687794138,2929603827984.2,372,S1_depeg_stablecoin,indonesia,USDC
276,0.9799712568994506,2929603827984.2,372,S1_depeg_stablecoin,indonesia,USDC
277,0.9889923380206689,2929603827984.2,372,S1_depeg_stablecoin,indonesia,USDC
278,1.012465733981111,2929603827984.2,372,S1_depeg_stablecoin,indonesia,USDC
279,1.009226216081248,2929603827984.2,372,S1_depeg_stablecoin,indonesia,USDC
280,0.9933365869386638,2929603827984.2,372,S1_depeg_stablecoin,indonesia,USDC
281,0.9698969582313657,2929603827984.2,372,S1_depeg_stablecoin,indonesia,USDC
282,0.9408157899069762,2929603722894.5425,372,S1_depeg_stablecoin,indonesia,USDC
283,0.9250813685132049,2929574970231.5996,372,S1_depeg_stablecoin,indonesia,USDC
284,0.9459705730745102,2929532989740.3164,372,S1_depeg_stablecoin,indonesia,USDC
285,0.9336074275225781,2929512795467.1074,372,S1_depeg_stablecoin,indonesia,USDC
286,0.8457807169403309,2929481138301.121,372,S1_depeg_stablecoin,indonesia,USDC
287,0.8878463996736665,2929370162017.4956,372,S1_depeg_stablecoin,indonesia,USDC
288,0.9149862496623937,2929309055231.063,372,S1_depeg_stablecoin,indonesia,USDC
289,0.9422853218339553,2929272709643.5537,372,S1_depeg_stablecoin,indonesia,USDC
290,0.9254619434330356,2929254561189.378,372,S1_depeg_stablecoin,indonesia,USDC
291,0.9123551349871418,2929226002949.207,372,S1_depeg_stablecoin,indonesia,USDC
292,0.9035650423569995,2929191525233.4546,372,S1_depeg_stablecoin,indonesia,USDC
293,0.864777886562314,2929153912857.2266,372,S1_depeg_stablecoin,indonesia,USDC
294,0.8877929148989672,2929097905532.395,372,S1_depeg_stablecoin,indonesia,USDC
295,0.9089216395143873,2929059737012.295,372,S1_depeg_stablecoin,indonesia,USDC
296,0.9084909858374655,2929032414770.4473,372,S1_depeg_stablecoin,indonesia,USDC
297,0.9145657175213235,2929007244566.009,372,S1_depeg_stablecoin,indonesia,USDC
298,0.9566795774667236,2928985392958.763,372,S1_depeg_stablecoin,indonesia,USDC
299,0.9519485135085897,2928980569562.895,372,S1_depeg_stablecoin,indonesia,USDC
300,0.9819288007128405,2928974664603.912,372,S1_depeg_stablecoin,indonesia,USDC
301,0.9855063094644789,2928974664603.912,372,S1_depeg_stablecoin,indonesia,USDC
302,1.0084350777074829,2928974664603.912,372,S1_depeg_stablecoin,indonesia,USDC
303,0.8617369745765446,2928974664603.912,372,S1_depeg_stablecoin,indonesia,USDC
304,0.8755340850797426,2928935307211.7256,372,S1_depeg_stablecoin,indonesia,USDC
305,0.8970721964934985,2928905453800.4585,372,S1_depeg_stablecoin,indonesia,USDC
306,0.9187605558243299,2928884598096.949,372,S1_depeg_stablecoin,indonesia,USDC
307,0.8834134095149949,2928871463877.1304,372,S1_depeg_stablecoin,indonesia,USDC
308,0.9025812652112222,2928849034479.449,372,S1_depeg_stablecoin,indonesia,USDC
309,0.8896703882943798,2928833127937.711,372,S1_depeg_stablecoin,indonesia,USDC
310,0.891910919185251,2928815862898.9487,372,S1_depeg_stablecoin,indonesia,USDC
311,0.8958335327067106,2928800412471.676,372,S1_depeg_stablecoin,indonesia,USDC
312,0.8973531951207806,2928786201365.015,372,S1_depeg_stablecoin,indonesia,USDC
313,0.9020425698689093,2928773944441.846,372,S1_depeg_stablecoin,indonesia,USDC
314,0.9340395786161547,2928763047226.145,372,S1_depeg_stablecoin,indonesia,USDC
315,0.9336856864370893,2928757713164.271,372,S1_depeg_stablecoin,indonesia,USDC
316,0.9216310251873898,2928752353497.0586,372,S1_depeg_stablecoin,indonesia,USDC
317,0.9328510221468792,2928746038606.077,372,S1_depeg_stablecoin,indonesia,USDC
318,0.9297239948193826,2928741457981.5,372,S1_depeg_stablecoin,indonesia,USDC
319,0.940548665721602,2928736648267.6406,372,S1_depeg_stablecoin,indonesia,USDC
320,0.9642740967321065,2928733066842.7725,372,S1_depeg_stablecoin,indonesia,USDC
321,0.9552107701987993,2928732440742.4707,372,S1_depeg_stablecoin,indonesia,USDC
322,0.9635708383712142,2928730827388.9824,372,S1_depeg_stablecoin,indonesia,USDC
323,0.9568891156150671,2928730275046.31,372,S1_depeg_stablecoin,indonesia,USDC
324,0.9563588343926323,2928728793963.137,372,S1_depeg_stablecoin,indonesia,USDC
325,0.9612472645283834,2928727444338.9487,372,S1_depeg_stablecoin,indonesia,USDC
326,0.9590584678468449,2928726578171.6084,372,S1_depeg_stablecoin,indonesia,USDC
327,0.9389212652510531,2928725550923.3037,372,S1_depeg_stablecoin,indonesia,USDC
328,0.9308370036672694,2928722225328.3184,372,S1_depeg_stablecoin,indonesia,USDC
329,0.9311156014714177,2928718008012.6914,372,S1_depeg_stablecoin,indonesia,USDC
330,0.926520188164502,2928713860684.7334,372,S1_depeg_stablecoin,indonesia,USDC
331,0.9587632458991847,2928709785273.375,372,S1_depeg_stablecoin,indonesia,USDC
332,0.9102066075896774,2928708747454.9414,372,S1_depeg_stablecoin,indonesia,USDC
333,0.9285480892867132,2928703228951.02,372,S1_depeg_stablecoin,indonesia,USDC
334,0.9491772179352522,2928699439344.991,372,S1_depeg_stablecoin,indonesia,USDC
335,0.9315728461808196,2928697617040.571,372,S1_depeg_stablecoin,indonesia,USDC
336,0.9372908336602158,2928694326282.4233,372,S1_depeg_stablecoin,indonesia,USDC
337,0.9299345276347596,2928691806945.992,372,S1_depeg_stablecoin,indonesia,USDC
338,0.9477270167161354,2928688894895.4697,372,S1_depeg_stablecoin,indonesia,USDC
339,0.8115818649728697,2928687388118.2197,372,S1_depeg_stablecoin,indonesia,USDC
340,0.8102903475350306,2928676199768.848,372,S1_depeg_stablecoin,indonesia,USDC
341,0.8472586866446281,2928666456387.1113,372,S1_depeg_stablecoin,indonesia,USDC
342,0.8804653819401955,2928660296941.763,372,S1_depeg_stablecoin,indonesia,USDC
343,0.8873069599339589,2928656170095.3906,372,S1_depeg_stablecoin,indonesia,USDC
344,0.8670525090061666,2928652621946.9775,372,S1_depeg_stablecoin,indonesia,USDC
345,0.8838731550718267,2928648665113.891,372,S1_depeg_stablecoin,indonesia,USDC
346,0.8750672414430277,2928645771470.874,372,S1_depeg_stablecoin,indonesia,USDC
347,0.9105127750230347,2928642916910.329,372,S1_depeg_stablecoin,indonesia,USDC
348,0.8654361346643134,2928641177243.086,372,S1_depeg_stablecoin,indonesia,USDC
349,0.912827325544029,2928638429662.424,372,S1_depeg_stablecoin,indonesia,USDC
350,0.9316102391896376,2928637057943.646,372,S1_depeg_stablecoin,indonesia,USDC
351,0.9436763822449611,2928636193680.5146,372,S1_depeg_stablecoin,indonesia,USDC
352,0.8559371621409092,2928635606315.864,372,S1_depeg_stablecoin,indonesia,USDC
353,0.8943624667689584,2928633130275.3037,372,S1_depeg_stablecoin,indonesia,USDC
354,0.9103855954684543,2928631715948.8154,372,S1_depeg_stablecoin,indonesia,USDC
355,0.9166338751972771,2928630713712.8174,372,S1_depeg_stablecoin,indonesia,USDC
356,0.917477978676596,2928629893891.7886,372,S1_depeg_stablecoin,indonesia,USDC
357,0.9629762238765734,2928629107227.2344,372,S1_depeg_stablecoin,indonesia,USDC
358,0.9593312036244606,2928629020641.196,372,S1_depeg_stablecoin,indonesia,USDC
359,0.9438801763394142,2928628891816.069,372,S1_depeg_stablecoin,indonesia,USDC
360,0.9639579989915937,2928628547108.8438,372,S1_depeg_stablecoin,indonesia,USDC
361,0.974388399762871,2928628477234.7695,372,S1_depeg_stablecoin,indonesia,USDC
362,0.9883221122633001,2928628477234.7695,372,S1_depeg_stablecoin,indonesia,USDC
363,0.9932015597067283,2928628477234.7695,372,S1_depeg_stablecoin,indonesia,USDC
364,1.0004272795459839,2928628477234.7695,372,S1_depeg_stablecoin,indonesia,USDC
365,0.9994681723631041,2928628477234.7695,372,S1_depeg_stablecoin,indonesia,USDC
366,0.9768695338540571,2928628477234.7695,372,S1_depeg_stablecoin,indonesia,USDC
367,0.9784577781565935,2928628477234.7695,372,S1_depeg_stablecoin,indonesia,USDC
368,0.9774400223544141,2928628477234.7695,372,S1_depeg_stablecoin,indonesia,USDC
369,0.9926474942228002,2928628477234.7695,372,S1_depeg_stablecoin,indonesia,USDC
370,1.0109594264122919,2928628477234.7695,372,S1_depeg_stablecoin,indonesia,USDC
371,0.9805409896530716,2928628477234.7695,372,S1_depeg_stablecoin,indonesia,USDC
372,1.0130495447254835,2928628477234.7695,372,S1_depeg_stablecoin,indonesia,USDC
373,1.0184865511615904,2928628477234.7695,372,S1_depeg_stablecoin,indonesia,USDC
374,1.0476481681651968,2928628477234.7695,372,S1_depeg_stablecoin,indonesia,USDC
375,1.0580966410673964,2928628477234.7695,372,S1_depeg_stablecoin,indonesia,USDC
376,1.0373727306874636,2928628477234.7695,372,S1_depeg_stablecoin,indonesia,USDC
377,1.0328681482355424,2928628477234.7695,372,S1_depeg_stablecoin,indonesia,USDC
378,1.0311361628225915,2928628477234.7695,372,S1_depeg_stablecoin,indonesia,USDC
379,1.009775308497003,2928628477234.7695,372,S1_depeg_stablecoin,indonesia,USDC
380,1.0248032887211393,2928628477234.7695,372,S1_depeg_stablecoin,indonesia,USDC
381,1.052483639513492,2928628477234.7695,372,S1_depeg_stablecoin,indonesia,USDC
382,1.0406506077184168,2928628477234.7695,372,S1_depeg_stablecoin,indonesia,USDC
383,1.0346514220071745,2928628477234.7695,372,S1_depeg_stablecoin,indonesia,USDC
384,1.042155802499553,2928628477234.7695,372,S1_depeg_stablecoin,indonesia,USDC
385,1.006908589285574,2928628477234.7695,372,S1_depeg_stablecoin,indonesia,USDC
386,0.9930160037980587,2928628477234.7695,372,S1_depeg_stablecoin,indonesia,USDC
387,0.9767368860929475,2928628477234.7695,372,S1_depeg_stablecoin,indonesia,USDC
388,0.986409551883522,2928628477234.7695,372,S1_depeg_stablecoin,indonesia,USDC
389,0.9927081523227985,2928628477234.7695,372,S1_depeg_stablecoin,indonesia,USDC
390,1.0232506850384275,2928628477234.7695,372,S1_depeg_stablecoin,indonesia,USDC
391,1.042180676631696,2928628477234.7695,372,S1_depeg_stablecoin,indonesia,USDC
392,1.0648952620034116,2928628477234.7695,372,S1_depeg_stablecoin,indonesia,USDC
393,1.0737291170086363,2928628477234.7695,372,S1_depeg_stablecoin,indonesia,USDC
394,1.079561262026821,2928628477234.7695,372,S1_depeg_stablecoin,indonesia,USDC
395,1.0573860155668073,2928628477234.7695,372,S1_depeg_stablecoin,indonesia,USDC
396,1.0483293847442834,2928628477234.7695,372,S1_depeg_stablecoin,indonesia,USDC
397,1.0193702319204192,2928628477234.7695,372,S1_depeg_stablecoin,indonesia,USDC
398,1.022248846590433,2928628477234.7695,372,S1_depeg_stablecoin,indonesia,USDC
399,1.0183560995867282,2928628477234.7695,372,S1_depeg_stablecoin,indonesia,USDC
400,1.025361972785028,2928628477234.7695,372,S1_depeg_stablecoin,indonesia,USDC
401,1.0486527141902462,2928628477234.7695,372,S1_depeg_stablecoin,indonesia,USDC
402,1.0707517136970899,2928628477234.7695,372,S1_depeg_stablecoin,indonesia,USDC
403,1.0449849880241688,2928628477234.7695,372,S1_depeg_stablecoin,indonesia,USDC
404,1.059016451338742,2928628477234.7695,372,S1_depeg_stablecoin,indonesia,USDC
405,1.0466089271868486,2928628477234.7695,372,S1_depeg_stablecoin,indonesia,USDC
406,1.026370477139852,2928628477234.7695,372,S1_depeg_stablecoin,indonesia,USDC
407,1.0123695567286337,2928628477234.7695,372,S1_depeg_stablecoin,indonesia,USDC
408,0.9865146530415099,2928628477234.7695,372,S1_depeg_stablecoin,indonesia,USDC
409,1.0064917962163515,2928628477234.7695,372,S1_depeg_stablecoin,indonesia,USDC
410,1.0178991106620323,2928628477234.7695,372,S1_depeg_stablecoin,indonesia,USDC
411,1.0364596437534588,2928628477234.7695,372,S1_depeg_stablecoin,indonesia,USDC
412,1.003197808840883,2928628477234.7695,372,S1_depeg_stablecoin,indonesia,USDC
413,1.0216548957789642,2928628477234.7695,372,S1_depeg_stablecoin,indonesia,USDC
414,1.0076884642608137,2928628477234.7695,372,S1_depeg_stablecoin,indonesia,USDC
415,1.010362629285254,2928628477234.7695,372,S1_depeg_stablecoin,indonesia,USDC
416,1.0051929873836705,2928628477234.7695,372,S1_depeg_stablecoin,indonesia,USDC
417,0.9980390707398846,2928628477234.7695,372,S1_depeg_stablecoin,indonesia,USDC
418,1.008065498929039,2928628477234.7695,372,S1_depeg_stablecoin,indonesia,USDC
419,1.029766389103512,2928628477234.7695,372,S1_depeg_stablecoin,indonesia,USDC
420,0.9749800308752676,2928628477234.7695,372,S1_depeg_stablecoin,indonesia,USDC
421,0.9824445626262166,2928628477234.7695,372,S1_depeg_stablecoin,indonesia,USDC
422,0.9921564173478321,2928628477234.7695,372,S1_depeg_stablecoin,indonesia,USDC
423,1.0115733924525538,2928628477234.7695,372,S1_depeg_stablecoin,indonesia,USDC
424,1.0087350015419998,2928628477234.7695,372,S1_depeg_stablecoin,indonesia,USDC
425,1.0402345530647352,2928628477234.7695,372,S1_depeg_stablecoin,indonesia,USDC
426,1.0429719987375317,2928628477234.7695,372,S1_depeg_stablecoin,indonesia,USDC
427,1.0106736367845657,2928628477234.7695,372,S1_depeg_stablecoin,indonesia,USDC
428,1.0038529578438242,2928628477234.7695,372,S1_depeg_stablecoin,indonesia,USDC
429,0.9757180334264531,2928628477234.7695,372,S1_depeg_stablecoin,indonesia,USDC
430,0.9885128791976823,2928628477234.7695,372,S1_depeg_stablecoin,indonesia,USDC
431,0.9877199375397998,2928628477234.7695,372,S1_depeg_stablecoin,indonesia,USDC
432,0.9856550847922142,2928628477234.7695,372,S1_depeg_stablecoin,indonesia,USDC
433,0.9577519704705701,2928628477234.7695,372,S1_depeg_stablecoin,indonesia,USDC
434,0.9598038103752226,2928628321273.8203,372,S1_depeg_stablecoin,indonesia,USDC
435,0.9723699793076361,2928628195516.6274,372,S1_depeg_stablecoin,indonesia,USDC
436,0.9851097978509586,2928628195516.6274,372,S1_depeg_stablecoin,indonesia,USDC
437,0.9973248294718969,2928628195516.6274,372,S1_depeg_stablecoin,indonesia,USDC
438,1.01851662248076,2928628195516.6274,372,S1_depeg_stablecoin,indonesia,USDC
439,0.9934696895385349,2928628195516.6274,372,S1_depeg_stablecoin,indonesia,USDC
440,0.9724377586906015,2928628195516.6274,372,S1_depeg_stablecoin,indonesia,USDC
441,0.9755571661510531,2928628195516.6274,372,S1_depeg_stablecoin,indonesia,USDC
442,0.9661511275439223,2928628195516.6274,372,S1_depeg_stablecoin,indonesia,USDC
443,0.9723844249284198,2928628165180.6567,372,S1_depeg_stablecoin,indonesia,USDC
444,0.972218434162518,2928628165180.6567,372,S1_depeg_stablecoin,indonesia,USDC
445,1.0250655745209192,2928628165180.6567,372,S1_depeg_stablecoin,indonesia,USDC
446,1.0159786516510547,2928628165180.6567,372,S1_depeg_stablecoin,indonesia,USDC
447,0.9726971152469339,2928628165180.6567,372,S1_depeg_stablecoin,indonesia,USDC
448,0.9723841887923286,2928628165180.6567,372,S1_depeg_stablecoin,indonesia,USDC
449,1.0009957700895329,2928628165180.6567,372,S1_depeg_stablecoin,indonesia,USDC
450,0.9675661703461294,2928628165180.6567,372,S1_depeg_stablecoin,indonesia,USDC
451,0.9952162363020344,2928628146187.334,372,S1_depeg_stablecoin,indonesia,USDC
452,1.0371575141673794,2928628146187.334,372,S1_depeg_stablecoin,indonesia,USDC
453,1.0684449824145532,2928628146187.334,372,S1_depeg_stablecoin,indonesia,USDC
454,1.0507068385987073,2928628146187.334,372,S1_depeg_stablecoin,indonesia,USDC
455,1.0320231027778686,2928628146187.334,372,S1_depeg_stablecoin,indonesia,USDC
456,0.9253820389680951,2928628146187.334,372,S1_depeg_stablecoin,indonesia,USDC
457,0.9186416920418751,2928627520784.763,372,S1_depeg_stablecoin,indonesia,USDC
458,0.9436520174428498,2928626870850.458,372,S1_depeg_stablecoin,indonesia,USDC
459,0.9389472139900819,2928626571963.714,372,S1_depeg_stablecoin,indonesia,USDC
460,0.9432380683028394,2928626199276.8203,372,S1_depeg_stablecoin,indonesia,USDC
461,0.9357763303501685,2928625900962.337,372,S1_depeg_stablecoin,indonesia,USDC
462,0.9366572917207481,2928625525950.553,372,S1_depeg_stablecoin,indonesia,USDC
463,0.955768612264347,2928625184497.067,372,S1_depeg_stablecoin,indonesia,USDC
464,0.9864800664102971,2928625036829.365,372,S1_depeg_stablecoin,indonesia,USDC
465,0.9704926218833541,2928625036829.365,372,S1_depeg_stablecoin,indonesia,USDC
466,0.972035288825964,2928625036829.365,372,S1_depeg_stablecoin,indonesia,USDC
467,0.9975519280373645,2928625036829.365,372,S1_depeg_stablecoin,indonesia,USDC
468,0.9821327069076271,2928625036829.365,372,S1_depeg_stablecoin,indonesia,USDC
469,0.9099185202242204,2928625036829.365,372,S1_depeg_stablecoin,indonesia,USDC
470,0.901542760696254,2928624403523.494,372,S1_depeg_stablecoin,indonesia,USDC
471,0.9063516526785919,2928623708106.2373,372,S1_depeg_stablecoin,indonesia,USDC
472,0.8966652912719502,2928623137214.211,372,S1_depeg_stablecoin,indonesia,USDC
473,0.9005300541181167,2928622503778.5957,372,S1_depeg_stablecoin,indonesia,USDC
474,0.9026441380811847,2928621947783.4463,372,S1_depeg_stablecoin,indonesia,USDC
475,0.9082457158853796,2928621446921.082,372,S1_depeg_stablecoin,indonesia,USDC
476,0.9018583236412124,2928621040445.37,372,S1_depeg_stablecoin,indonesia,USDC
477,0.8651958612866243,2928620594911.8096,372,S1_depeg_stablecoin,indonesia,USDC
478,0.8496029398935002,2928619956327.362,372,S1_depeg_stablecoin,indonesia,USDC
479,0.8488219126000299,2928619327185.954,372,S1_depeg_stablecoin,indonesia,USDC
480,0.8564877095332634,2928618755172.092,372,S1_depeg_stablecoin,indonesia,USDC
481,0.8747523191154322,2928618272969.583,372,S1_depeg_stablecoin,indonesia,USDC
482,0.8959021310148695,2928617931420.9307,372,S1_depeg_stablecoin,indonesia,USDC
483,0.9221198520350875,2928617685243.128,372,S1_depeg_stablecoin,indonesia,USDC
484,0.9127952606932651,2928617538670.6387,372,S1_depeg_stablecoin,indonesia,USDC
485,0.9071752293065394,2928617362408.5254,372,S1_depeg_stablecoin,indonesia,USDC
486,0.9163661212963399,2928617189018.581,372,S1_depeg_stablecoin,indonesia,USDC
487,0.8896111450175792,2928617050522.419,372,S1_depeg_stablecoin,indonesia,USDC
488,0.9174479554818187,2928616852586.566,372,S1_depeg_stablecoin,indonesia,USDC
489,0.906497424790175,2928616727830.797,372,S1_depeg_stablecoin,indonesia,USDC
490,0.8339466207580424,2928616585246.381,372,S1_depeg_stablecoin,indonesia,USDC
491,0.8533543897789405,2928616305762.5435,372,S1_depeg_stablecoin,indonesia,USDC
492,0.910404676812072,2928616094609.3877,372,S1_depeg_stablecoin,indonesia,USDC
493,0.943044755798069,2928616002176.076,372,S1_depeg_stablecoin,indonesia,USDC
494,0.9838364937666909,2928615964598.241,372,S1_depeg_stablecoin,indonesia,USDC
495,0.9752036023090744,2928615964598.241,372,S1_depeg_stablecoin,indonesia,USDC
496,0.9805646003406929,2928615964598.241,372,S1_depeg_stablecoin,indonesia,USDC
497,0.9860457627644827,2928615964598.241,372,S1_depeg_stablecoin,indonesia,USDC
498,0.9808286904534222,2928615964598.241,372,S1_depeg_stablecoin,indonesia,USDC
499,0.9360773249126327,2928615964598.241,372,S1_depeg_stablecoin,indonesia,USDC
500,0.9188062103875393,2928615916663.795,372,S1_depeg_stablecoin,indonesia,USDC
501,0.9251815931890971,2928615848264.315,372,S1_depeg_stablecoin,indonesia,USDC
502,0.8958995464105702,2928615791617.1797,372,S1_depeg_stablecoin,indonesia,USDC
503,0.8670465190178244,2928615696756.436,372,S1_depeg_stablecoin,indonesia,USDC
504,0.8769900742308462,2928615580285.131,372,S1_depeg_stablecoin,indonesia,USDC
505,0.9197626032443255,2928615483594.519,372,S1_depeg_stablecoin,indonesia,USDC
506,0.9131367381139893,2928615439097.1333,372,S1_depeg_stablecoin,indonesia,USDC
507,0.9390658298742922,2928615388262.253,372,S1_depeg_stablecoin,indonesia,USDC
508,0.985371904748783,2928615364158.163,372,S1_depeg_stablecoin,indonesia,USDC
509,0.9638975066246255,2928615364158.163,372,S1_depeg_stablecoin,indonesia,USDC
510,0.9594094367481151,2928615360056.5044,372,S1_depeg_stablecoin,indonesia,USDC
511,0.9680481431315849,2928615352319.2627,372,S1_depeg_stablecoin,indonesia,USDC
512,0.918823425990175,2928615351591.927,372,S1_depeg_stablecoin,indonesia,USDC
513,0.9400110625959215,2928615310394.018,372,S1_depeg_stablecoin,indonesia,USDC
514,0.9208121650528844,2928615288467.022,372,S1_depeg_stablecoin,indonesia,USDC
515,0.8859644090092427,2928615254027.7046,372,S1_depeg_stablecoin,indonesia,USDC
516,0.9032483795387793,2928615197161.4165,372,S1_depeg_stablecoin,indonesia,USDC
517,0.8899338715779811,2928615154795.9595,372,S1_depeg_stablecoin,indonesia,USDC
518,0.901972512091797,2928615104862.9253,372,S1_depeg_stablecoin,indonesia,USDC
519,0.9069765739394089,2928615066910.514,372,S1_depeg_stablecoin,indonesia,USDC
520,0.9178134492298629,2928615035795.542,372,S1_depeg_stablecoin,indonesia,USDC
521,0.912967983885579,2928615010316.9717,372,S1_depeg_stablecoin,indonesia,USDC
522,0.9067874209293625,2928614983913.3247,372,S1_depeg_stablecoin,indonesia,USDC
523,0.9234857672588085,2928614957034.46,372,S1_depeg_stablecoin,indonesia,USDC
524,0.9270724210261667,2928614938594.8037,372,S1_depeg_stablecoin,indonesia,USDC
525,0.9369817456743701,2928614921391.163,372,S1_depeg_stablecoin,indonesia,USDC
526,0.9622775400679591,2928614908744.3823,372,S1_depeg_stablecoin,indonesia,USDC
527,0.9787871836285442,2928614905887.18,372,S1_depeg_stablecoin,indonesia,USDC
528,1.0087268395870308,2928614905887.18,372,S1_depeg_stablecoin,indonesia,USDC
529,1.0291081835073705,2928614905887.18,372,S1_depeg_stablecoin,indonesia,USDC
530,1.0498800562743507,2928614905887.18,372,S1_depeg_stablecoin,indonesia,USDC
531,1.038807221192231,2928614905887.18,372,S1_depeg_stablecoin,indonesia,USDC
532,1.0057612187130653,2928614905887.18,372,S1_depeg_stablecoin,indonesia,USDC
533,1.0133099416927616,2928614905887.18,372,S1_depeg_stablecoin,indonesia,USDC
534,1.0068523568663483,2928614905887.18,372,S1_depeg_stablecoin,indonesia,USDC
535,0.9960343989589215,2928614905887.18,372,S1_depeg_stablecoin,indonesia,USDC
536,1.0304317484809205,2928614905887.18,372,S1_depeg_stablecoin,indonesia,USDC
537,1.0059036913164614,2928614905887.18,372,S1_depeg_stablecoin,indonesia,USDC
538,0.9898811195482051,2928614905887.18,372,S1_depeg_stablecoin,indonesia,USDC
539,0.9936743954246838,2928614905887.18,372,S1_depeg_stablecoin,indonesia,USDC
540,0.9912707736638428,2928614905887.18,372,S1_depeg_stablecoin,indonesia,USDC
541,0.9824061115610542,2928614905887.18,372,S1_depeg_stablecoin,indonesia,USDC
542,0.9681614153772766,2928614905887.18,372,S1_depeg_stablecoin,indonesia,USDC
543,0.9690718656319645,2928614905212.345,372,S1_depeg_stablecoin,indonesia,USDC
544,0.9968217584573704,2928614905212.345,372,S1_depeg_stablecoin,indonesia,USDC
545,1.005012579014884,2928614905212.345,372,S1_depeg_stablecoin,indonesia,USDC
546,0.9953415111798092,2928614905212.345,372,S1_depeg_stablecoin,indonesia,USDC
547,0.9614180112632463,2928614905212.345,372,S1_depeg_stablecoin,indonesia,USDC
548,0.9846568924552899,2928614902313.912,372,S1_depeg_stablecoin,indonesia,USDC
549,1.0163320246950525,2928614902313.912,372,S1_depeg_stablecoin,indonesia,USDC
550,1.0553664932688371,2928614902313.912,372,S1_depeg_stablecoin,indonesia,USDC
551,1.0265491192628087,2928614902313.912,372,S1_depeg_stablecoin,indonesia,USDC
552,1.0183474948301534,2928614902313.912,372,S1_depeg_stablecoin,indonesia,USDC
553,1.0447168112663914,2928614902313.912,372,S1_depeg_stablecoin,indonesia,USDC
554,1.0387173995471526,2928614902313.912,372,S1_depeg_stablecoin,indonesia,USDC
555,1.0411925103000148,2928614902313.912,372,S1_depeg_stablecoin,indonesia,USDC
556,1.0010197816179516,2928614902313.912,372,S1_depeg_stablecoin,indonesia,USDC
557,1.0066330514239072,2928614902313.912,372,S1_depeg_stablecoin,indonesia,USDC
558,0.9997105783251733,2928614902313.912,372,S1_depeg_stablecoin,indonesia,USDC
559,0.9768134686997225,2928614902313.912,372,S1_depeg_stablecoin,indonesia,USDC
560,0.9796103227016567,2928614902313.912,372,S1_depeg_stablecoin,indonesia,USDC
561,0.989269405117626,2928614902313.912,372,S1_depeg_stablecoin,indonesia,USDC
562,0.9922211858128116,2928614902313.912,372,S1_depeg_stablecoin,indonesia,USDC
563,0.9814442536700593,2928614902313.912,372,S1_depeg_stablecoin,indonesia,USDC
564,0.9642068158842754,2928614902313.912,372,S1_depeg_stablecoin,indonesia,USDC
565,0.9731146859447674,2928614900208.92,372,S1_depeg_stablecoin,indonesia,USDC
566,0.9710539889090025,2928614900208.92,372,S1_depeg_stablecoin,indonesia,USDC
567,1.0087699903604066,2928614900208.92,372,S1_depeg_stablecoin,indonesia,USDC
568,1.0096098662515853,2928614900208.92,372,S1_depeg_stablecoin,indonesia,USDC
569,1.0069663265318203,2928614900208.92,372,S1_depeg_stablecoin,indonesia,USDC
570,0.9956165635787039,2928614900208.92,372,S1_depeg_stablecoin,indonesia,USDC
571,0.9972692056774435,2928614900208.92,372,S1_depeg_stablecoin,indonesia,USDC
572,0.9794612643273192,2928614900208.92,372,S1_depeg_stablecoin,indonesia,USDC
573,0.9952120214490334,2928614900208.92,372,S1_depeg_stablecoin,indonesia,USDC
574,0.9734004514365343,2928614900208.92,372,S1_depeg_stablecoin,indonesia,USDC
575,1.0028351890083937,2928614900208.92,372,S1_depeg_stablecoin,indonesia,USDC
576,0.9866436493754113,2928614900208.92,372,S1_depeg_stablecoin,indonesia,USDC
577,0.9980157729917668,2928614900208.92,372,S1_depeg_stablecoin,indonesia,USDC
578,0.9961216913424975,2928614900208.92,372,S1_depeg_stablecoin,indonesia,USDC
579,1.0219104461538722,2928614900208.92,372,S1_depeg_stablecoin,indonesia,USDC
580,1.01686535006286,2928614900208.92,372,S1_depeg_stablecoin,indonesia,USDC
581,0.9869205388295361,2928614900208.92,372,S1_depeg_stablecoin,indonesia,USDC
582,0.9872094449993801,2928614900208.92,372,S1_depeg_stablecoin,indonesia,USDC
583,0.9799203554096119,2928614900208.92,372,S1_depeg_stablecoin,indonesia,USDC
584,0.9939233843541143,2928614900208.92,372,S1_depeg_stablecoin,indonesia,USDC
585,1.0024747180300553,2928614900208.92,372,S1_depeg_stablecoin,indonesia,USDC
586,1.0124011613015569,2928614900208.92,372,S1_depeg_stablecoin,indonesia,USDC
587,1.0275983303113199,2928614900208.92,372,S1_depeg_stablecoin,indonesia,USDC
588,1.0347794415575975,2928614900208.92,372,S1_depeg_stablecoin,indonesia,USDC
589,1.002752382684984,2928614900208.92,372,S1_depeg_stablecoin,indonesia,USDC
590,1.0021849117375699,2928614900208.92,372,S1_depeg_stablecoin,indonesia,USDC
591,0.9695748460163949,2928614900208.92,372,S1_depeg_stablecoin,indonesia,USDC
592,0.9714766691264412,2928614900105.92,372,S1_depeg_stablecoin,indonesia,USDC
593,0.9771567114629287,2928614900105.92,372,S1_depeg_stablecoin,indonesia,USDC
594,0.9704636575350878,2928614900105.92,372,S1_depeg_stablecoin,indonesia,USDC
595,1.0112931265610687,2928614900105.92,372,S1_depeg_stablecoin,indonesia,USDC
596,0.9714576613361018,2928614900105.92,372,S1_depeg_stablecoin,indonesia,USDC
597,0.959201646387837,2928614900105.92,372,S1_depeg_stablecoin,indonesia,USDC
598,0.9326579101177443,2928614896700.8325,372,S1_depeg_stablecoin,indonesia,USDC
599,0.9327639616447927,2928614883348.423,372,S1_depeg_stablecoin,indonesia,USDC
600,0.9466317905242865,2928614870546.502,372,S1_depeg_stablecoin,indonesia,USDC
601,0.9624908440087996,2928614862820.8145,372,S1_depeg_stablecoin,indonesia,USDC
602,0.9469935134265715,2928614860593.5205,372,S1_depeg_stablecoin,indonesia,USDC
603,0.9146636988251503,2928614853777.169,372,S1_depeg_stablecoin,indonesia,USDC
604,0.9314263907292172,2928614837776.14,372,S1_depeg_stablecoin,indonesia,USDC
605,0.9372253467671635,2928614827014.8003,372,S1_depeg_stablecoin,indonesia,USDC
606,0.9306985045880279,2928614817961.9106,372,S1_depeg_stablecoin,indonesia,USDC
607,0.9655331568477843,2928614807414.2334,372,S1_depeg_stablecoin,indonesia,USDC
608,0.9559240000715206,2928614806379.1084,372,S1_depeg_stablecoin,indonesia,USDC
609,0.939770294147245,2928614802656.6426,372,S1_depeg_stablecoin,indonesia,USDC
610,0.9825579664649161,2928614795290.1655,372,S1_depeg_stablecoin,indonesia,USDC
611,0.9736325056947884,2928614795290.1655,372,S1_depeg_stablecoin,indonesia,USDC
612,0.9826072019484198,2928614795290.1655,372,S1_depeg_stablecoin,indonesia,USDC
613,0.9836158446312342,2928614795290.1655,372,S1_depeg_stablecoin,indonesia,USDC
614,1.0013314931491841,2928614795290.1655,372,S1_depeg_stablecoin,indonesia,USDC
615,0.996734401363388,2928614795290.1655,372,S1_depeg_stablecoin,indonesia,USDC
616,1.0016852039393624,2928614795290.1655,372,S1_depeg_stablecoin,indonesia,USDC
617,1.0337599053741295,2928614795290.1655,372,S1_depeg_stablecoin,indonesia,USDC
618,1.041942996726969,2928614795290.1655,372,S1_depeg_stablecoin,indonesia,USDC
619,1.0374781674161002,2928614795290.1655,372,S1_depeg_stablecoin,indonesia,USDC
620,1.0303231872096352,2928614795290.1655,372,S1_depeg_stablecoin,indonesia,USDC
621,1.0156851057173777,2928614795290.1655,372,S1_depeg_stablecoin,indonesia,USDC
622,1.011893647810807,2928614795290.1655,372,S1_depeg_stablecoin,indonesia,USDC
623,0.962962633744778,2928614795290.1655,372,S1_depeg_stablecoin,indonesia,USDC
624,0.9675349637789664,2928614793672.161,372,S1_depeg_stablecoin,indonesia,USDC
625,0.9392394876765022,2928614793052.5625,372,S1_depeg_stablecoin,indonesia,USDC
626,0.9565273676075242,2928614785585.7954,372,S1_depeg_stablecoin,indonesia,USDC
627,0.9907071155480579,2928614782839.9307,372,S1_depeg_stablecoin,indonesia,USDC
628,0.9663399607418129,2928614782839.9307,372,S1_depeg_stablecoin,indonesia,USDC
629,0.9601913761179302,2928614782231.6665,372,S1_depeg_stablecoin,indonesia,USDC
630,0.9629183728157251,2928614780193.128,372,S1_depeg_stablecoin,indonesia,USDC
631,0.9630078605720306,2928614778664.236,372,S1_depeg_stablecoin,indonesia,USDC
632,0.9604743535911222,2928614777014.9106,372,S1_depeg_stablecoin,indonesia,USDC
633,0.9596231024921331,2928614774936.7363,372,S1_depeg_stablecoin,indonesia,USDC
634,0.966630452868751,2928614772528.8813,372,S1_depeg_stablecoin,indonesia,USDC
635,0.9730686145036214,2928614772138.3877,372,S1_depeg_stablecoin,indonesia,USDC
636,1.0190950038122866,2928614772138.3877,372,S1_depeg_stablecoin,indonesia,USDC
637,1.0032608559914322,2928614772138.3877,372,S1_depeg_stablecoin,indonesia,USDC
638,0.9763097497590616,2928614772138.3877,372,S1_depeg_stablecoin,indonesia,USDC
639,0.9807852068489425,2928614772138.3877,372,S1_depeg_stablecoin,indonesia,USDC
640,0.9968576461219033,2928614772138.3877,372,S1_depeg_stablecoin,indonesia,USDC
641,0.9770214134965379,2928614772138.3877,372,S1_depeg_stablecoin,indonesia,USDC
642,0.9662384923194905,2928614772138.3877,372,S1_depeg_stablecoin,indonesia,USDC
643,0.9737864921547543,2928614771663.2505,372,S1_depeg_stablecoin,indonesia,USDC
644,0.9684250805619574,2928614771663.2505,372,S1_depeg_stablecoin,indonesia,USDC
645,0.9915191102666233,2928614771538.27,372,S1_depeg_stablecoin,indonesia,USDC
646,0.9730399366399576,2928614771538.27,372,S1_depeg_stablecoin,indonesia,USDC
647,1.0046251982059913,2928614771538.27,372,S1_depeg_stablecoin,indonesia,USDC
648,1.0089939787101752,2928614771538.27,372,S1_depeg_stablecoin,indonesia,USDC
649,1.0043659716886997,2928614771538.27,372,S1_depeg_stablecoin,indonesia,USDC
650,1.0081984560842017,2928614771538.27,372,S1_depeg_stablecoin,indonesia,USDC
651,1.018103938807037,2928614771538.27,372,S1_depeg_stablecoin,indonesia,USDC
652,1.028814280791777,2928614771538.27,372,S1_depeg_stablecoin,indonesia,USDC
653,1.055106810609224,2928614771538.27,372,S1_depeg_stablecoin,indonesia,USDC
654,1.0691695457807693,2928614771538.27,372,S1_depeg_stablecoin,indonesia,USDC
655,1.0827247131965785,2928614771538.27,372,S1_depeg_stablecoin,indonesia,USDC
656,1.066981766307643,2928614771538.27,372,S1_depeg_stablecoin,indonesia,USDC
657,1.0966734539216547,2928614771538.27,372,S1_depeg_stablecoin,indonesia,USDC
658,1.0922572515771019,2928614771538.27,372,S1_depeg_stablecoin,indonesia,USDC
659,1.0631407459298678,2928614771538.27,372,S1_depeg_stablecoin,indonesia,USDC
660,1.095132337048534,2928614771538.27,372,S1_depeg_stablecoin,indonesia,USDC
661,0.9148013140955454,2928614771538.27,372,S1_depeg_stablecoin,indonesia,USDC
662,0.9110031211742606,2928614759896.911,372,S1_depeg_stablecoin,indonesia,USDC
663,0.91047981208661,2928614747433.283,372,S1_depeg_stablecoin,indonesia,USDC
664,0.8904315321819396,2928614735926.0757,372,S1_depeg_stablecoin,indonesia,USDC
665,0.8937225357042267,2928614721027.3496,372,S1_depeg_stablecoin,indonesia,USDC
666,0.9077625902702634,2928614707869.4395,372,S1_depeg_stablecoin,indonesia,USDC
667,0.9154571102086959,2928614697731.0635,372,S1_depeg_stablecoin,indonesia,USDC
668,0.9511208065720101,2928614689628.176,372,S1_depeg_stablecoin,indonesia,USDC
669,0.9742867991013455,2928614687259.9736,372,S1_depeg_stablecoin,indonesia,USDC
670,0.9774087276873381,2928614687259.9736,372,S1_depeg_stablecoin,indonesia,USDC
671,0.965933257494815,2928614687259.9736,372,S1_depeg_stablecoin,indonesia,USDC
672,0.9501306893303454,2928614686847.2246,372,S1_depeg_stablecoin,indonesia,USDC
673,0.9568148918308258,2928614684041.1606,372,S1_depeg_stablecoin,indonesia,USDC
674,0.9564714687976351,2928614682417.3,372,S1_depeg_stablecoin,indonesia,USDC
675,0.9570785757440207,2928614680865.9316,372,S1_depeg_stablecoin,indonesia,USDC
676,0.9560088142373626,2928614679309.9414,372,S1_depeg_stablecoin,indonesia,USDC
677,0.9746545498827015,2928614677639.436,372,S1_depeg_stablecoin,indonesia,USDC
678,0.9444539143397636,2928614677639.436,372,S1_depeg_stablecoin,indonesia,USDC
679,0.9082619395255686,2928614674640.0254,372,S1_depeg_stablecoin,indonesia,USDC
680,0.935986074939293,2928614666902.765,372,S1_depeg_stablecoin,indonesia,USDC
681,0.9498230044969445,2928614663184.6943,372,S1_depeg_stablecoin,indonesia,USDC
682,0.9415222452700984,2928614661018.425,372,S1_depeg_stablecoin,indonesia,USDC
683,0.974297346684948,2928614657871.4014,372,S1_depeg_stablecoin,indonesia,USDC
684,0.9773727524755063,2928614657871.4014,372,S1_depeg_stablecoin,indonesia,USDC
685,0.9983445135724304,2928614657871.4014,372,S1_depeg_stablecoin,indonesia,USDC
686,0.9941533367579622,2928614657871.4014,372,S1_depeg_stablecoin,indonesia,USDC
687,0.97290436380231,2928614657871.4014,372,S1_depeg_stablecoin,indonesia,USDC
688,0.9931388074315655,2928614657871.4014,372,S1_depeg_stablecoin,indonesia,USDC
689,1.023475280101611,2928614657871.4014,372,S1_depeg_stablecoin,indonesia,USDC
690,1.0455379422825954,2928614657871.4014,372,S1_depeg_stablecoin,indonesia,USDC
691,1.0673540489774898,2928614657871.4014,372,S1_depeg_stablecoin,indonesia,USDC
692,1.0762722619309915,2928614657871.4014,372,S1_depeg_stablecoin,indonesia,USDC
693,1.095190671689155,2928614657871.4014,372,S1_depeg_stablecoin,indonesia,USDC
694,1.0605295665530436,2928614657871.4014,372,S1_depeg_stablecoin,indonesia,USDC
695,1.071479129863412,2928614657871.4014,372,S1_depeg_stablecoin,indonesia,USDC
696,1.0882769957715202,2928614657871.4014,372,S1_depeg_stablecoin,indonesia,USDC
697,1.0924472215119652,2928614657871.4014,372,S1_depeg_stablecoin,indonesia,USDC
698,1.1035324172739618,2928614657871.4014,372,S1_depeg_stablecoin,indonesia,USDC
699,1.1048689858428,2928614657871.4014,372,S1_depeg_stablecoin,indonesia,USDC
700,1.0818664280487031,2928614657871.4014,372,S1_depeg_stablecoin,indonesia,USDC
701,1.0723403560379765,2928614657871.4014,372,S1_depeg_stablecoin,indonesia,USDC
702,1.0765172402476655,2928614657871.4014,372,S1_depeg_stablecoin,indonesia,USDC
703,1.0754924828043357,2928614657871.4014,372,S1_depeg_stablecoin,indonesia,USDC
704,1.1042897810274745,2928614657871.4014,372,S1_depeg_stablecoin,indonesia,USDC
705,1.1099948095073742,2928614657871.4014,372,S1_depeg_stablecoin,indonesia,USDC
706,1.138630874198149,2928614657871.4014,372,S1_depeg_stablecoin,indonesia,USDC
707,1.0695240053095167,2928614657871.4014,372,S1_depeg_stablecoin,indonesia,USDC
708,1.0802785936003563,2928614657871.4014,372,S1_depeg_stablecoin,indonesia,USDC
709,1.049869568343272,2928614657871.4014,372,S1_depeg_stablecoin,indonesia,USDC
710,1.0223002005107014,2928614657871.4014,372,S1_depeg_stablecoin,indonesia,USDC
711,1.024353567467988,2928614657871.4014,372,S1_depeg_stablecoin,indonesia,USDC
712,1.0268956810404195,2928614657871.4014,372,S1_depeg_stablecoin,indonesia,USDC
713,0.9831249475305678,2928614657871.4014,372,S1_depeg_stablecoin,indonesia,USDC
714,0.9620707645067181,2928614657871.4014,372,S1_depeg_stablecoin,indonesia,USDC
715,0.957769622879229,2928614657126.0664,372,S1_depeg_stablecoin,indonesia,USDC
716,0.9395071686924842,2928614655850.3867,372,S1_depeg_stablecoin,indonesia,USDC
717,0.9169695949753783,2928614652848.923,372,S1_depeg_stablecoin,indonesia,USDC
718,0.9258476131046546,2928614647516.8286,372,S1_depeg_stablecoin,indonesia,USDC
719,0.9209297028851707,2928614643321.7065,372,S1_depeg_stablecoin,indonesia,USDC
720,0.9222283658817174,2928614638851.7285,372,S1_depeg_stablecoin,indonesia,USDC
721,0.9222332835115111,2928614634468.865,372,S1_depeg_stablecoin,indonesia,USDC
722,0.9240790835423492,2928614630420.681,372,S1_depeg_stablecoin,indonesia,USDC
723,0.9325151622921741,2928614626820.8555,372,S1_depeg_stablecoin,indonesia,USDC
724,0.9194380585388843,2928614623934.9023,372,S1_depeg_stablecoin,indonesia,USDC
725,0.9109922098744565,2928614620073.5894,372,S1_depeg_stablecoin,indonesia,USDC
726,0.8890387899004527,2928614615802.178,372,S1_depeg_stablecoin,indonesia,USDC
727,0.9139062199443789,2928614610298.1333,372,S1_depeg_stablecoin,indonesia,USDC
728,0.916754767642641,2928614606888.6914,372,S1_depeg_stablecoin,indonesia,USDC
729,0.9071923531311066,2928614603758.161,372,S1_depeg_stablecoin,indonesia,USDC
730,0.9098116912965967,2928614600525.9683,372,S1_depeg_stablecoin,indonesia,USDC
731,0.9042491852361233,2928614597382.029,372,S1_depeg_stablecoin,indonesia,USDC
732,0.9254889151644282,2928614594237.9985,372,S1_depeg_stablecoin,indonesia,USDC
733,0.9099217894712477,2928614592317.3936,372,S1_depeg_stablecoin,indonesia,USDC
734,0.9046870051582607,2928614589687.614,372,S1_depeg_stablecoin,indonesia,USDC
735,0.8485047318414696,2928614587133.078,372,S1_depeg_stablecoin,indonesia,USDC
736,0.8426469895221675,2928614582662.2583,372,S1_depeg_stablecoin,indonesia,USDC
737,0.8597388917785239,2928614578355.3247,372,S1_depeg_stablecoin,indonesia,USDC
738,0.8716608007065167,2928614575187.9395,372,S1_depeg_stablecoin,indonesia,USDC
739,0.8994085110936249,2928614572728.717,372,S1_depeg_stablecoin,indonesia,USDC
740,0.9180256833430075,2928614571064.3037,372,S1_depeg_stablecoin,indonesia,USDC
741,0.9281235068384364,2928614569959.3364,372,S1_depeg_stablecoin,indonesia,USDC
742,0.89207268353315,2928614569166.002,372,S1_depeg_stablecoin,indonesia,USDC
743,0.8944984557078476,2928614567722.2593,372,S1_depeg_stablecoin,indonesia,USDC
744,0.9020155898356349,2928614566364.049,372,S1_depeg_stablecoin,indonesia,USDC
745,0.9058066535142187,2928614565236.34,372,S1_depeg_stablecoin,indonesia,USDC
746,0.9374626410782185,2928614564242.2188,372,S1_depeg_stablecoin,indonesia,USDC
747,0.9671140457202203,2928614563790.671,372,S1_depeg_stablecoin,indonesia,USDC
748,0.9462054592874423,2928614563749.2183,372,S1_depeg_stablecoin,indonesia,USDC
749,0.9581164441232574,2928614563420.691,372,S1_depeg_stablecoin,indonesia,USDC
750,0.9230303419030186,2928614563264.2373,372,S1_depeg_stablecoin,indonesia,USDC
751,0.9659903815721298,2928614562632.7285,372,S1_depeg_stablecoin,indonesia,USDC
752,0.932658882724927,2928614562579.922,372,S1_depeg_stablecoin,indonesia,USDC
753,0.9413764406038521,2928614562120.318,372,S1_depeg_stablecoin,indonesia,USDC
754,0.9599764553131279,2928614561771.4424,372,S1_depeg_stablecoin,indonesia,USDC
755,0.9888673396279182,2928614561648.334,372,S1_depeg_stablecoin,indonesia,USDC
756,1.0069036079178124,2928614561648.334,372,S1_depeg_stablecoin,indonesia,USDC
757,1.0111613815104954,2928614561648.334,372,S1_depeg_stablecoin,indonesia,USDC
758,0.9984973504257694,2928614561648.334,372,S1_depeg_stablecoin,indonesia,USDC
759,0.9848251663067855,2928614561648.334,372,S1_depeg_stablecoin,indonesia,USDC
760,0.9887323292618098,2928614561648.334,372,S1_depeg_stablecoin,indonesia,USDC
761,0.9727433562928605,2928614561648.334,372,S1_depeg_stablecoin,indonesia,USDC
762,0.9770914450624157,2928614561648.334,372,S1_depeg_stablecoin,indonesia,USDC
763,0.9838394578696752,2928614561648.334,372,S1_depeg_stablecoin,indonesia,USDC
764,0.9887252110709583,2928614561648.334,372,S1_depeg_stablecoin,indonesia,USDC
765,0.9740781732558937,2928614561648.334,372,S1_depeg_stablecoin,indonesia,USDC
766,0.9799757444014932,2928614561648.334,372,S1_depeg_stablecoin,indonesia,USDC
767,1.0072401422999877,2928614561648.334,372,S1_depeg_stablecoin,indonesia,USDC
768,0.9979162749966706,2928614561648.334,372,S1_depeg_stablecoin,indonesia,USDC
769,0.9835322823735293,2928614561648.334,372,S1_depeg_stablecoin,indonesia,USDC
770,0.948852972020918,2928614561648.334,372,S1_depeg_stablecoin,indonesia,USDC
771,0.9503647402632643,2928614561422.376,372,S1_depeg_stablecoin,indonesia,USDC
772,0.9452766896750728,2928614561208.5107,372,S1_depeg_stablecoin,indonesia,USDC
773,0.9110847638581197,2928614560939.9854,372,S1_depeg_stablecoin,indonesia,USDC
774,0.9046066609592638,2928614560300.747,372,S1_depeg_stablecoin,indonesia,USDC
775,0.921403902195942,2928614559612.9976,372,S1_depeg_stablecoin,indonesia,USDC
776,0.9393148407352758,2928614559163.8003,372,S1_depeg_stablecoin,indonesia,USDC
777,0.9480834710577793,2928614558869.418,372,S1_depeg_stablecoin,indonesia,USDC
778,0.9471498446775063,2928614558673.812,372,S1_depeg_stablecoin,indonesia,USDC
779,0.9438891346526088,2928614558474.122,372,S1_depeg_stablecoin,indonesia,USDC
780,0.9634329158445792,2928614558250.9053,372,S1_depeg_stablecoin,indonesia,USDC
781,0.964596571985292,2928614558199.3467,372,S1_depeg_stablecoin,indonesia,USDC
782,0.9827381522980367,2928614558162.772,372,S1_depeg_stablecoin,indonesia,USDC
783,1.0078547513917804,2928614558162.772,372,S1_depeg_stablecoin,indonesia,USDC
784,1.0007975440836927,2928614558162.772,372,S1_depeg_stablecoin,indonesia,USDC
785,1.002425348855129,2928614558162.772,372,S1_depeg_stablecoin,indonesia,USDC
786,1.0191642709748518,2928614558162.772,372,S1_depeg_stablecoin,indonesia,USDC
787,1.0084480393240849,2928614558162.772,372,S1_depeg_stablecoin,indonesia,USDC
788,1.0080502629958872,2928614558162.772,372,S1_depeg_stablecoin,indonesia,USDC
789,1.0005126083653126,2928614558162.772,372,S1_depeg_stablecoin,indonesia,USDC
790,1.0084385676685739,2928614558162.772,372,S1_depeg_stablecoin,indonesia,USDC
791,0.999809527657094,2928614558162.772,372,S1_depeg_stablecoin,indonesia,USDC
792,1.0003459964914552,2928614558162.772,372,S1_depeg_stablecoin,indonesia,USDC
793,1.0065977666914816,2928614558162.772,372,S1_depeg_stablecoin,indonesia,USDC
794,0.9993317687804107,2928614558162.772,372,S1_depeg_stablecoin,indonesia,USDC
795,0.9921672184801765,2928614558162.772,372,S1_depeg_stablecoin,indonesia,USDC
796,0.9991720329520478,2928614558162.772,372,S1_depeg_stablecoin,indonesia,USDC
797,0.9897884255892019,2928614558162.772,372,S1_depeg_stablecoin,indonesia,USDC
798,1.0019435431894563,2928614558162.772,372,S1_depeg_stablecoin,indonesia,USDC
799,1.0373590387894045,2928614558162.772,372,S1_depeg_stablecoin,indonesia,USDC
800,1.0199053101524331,2928614558162.772,372,S1_depeg_stablecoin,indonesia,USDC
801,1.0539700337073281,2928614558162.772,372,S1_depeg_stablecoin,indonesia,USDC
802,1.0668495375088305,2928614558162.772,372,S1_depeg_stablecoin,indonesia,USDC
803,1.0702331559816811,2928614558162.772,372,S1_depeg_stablecoin,indonesia,USDC
804,1.0587682470023083,2928614558162.772,372,S1_depeg_stablecoin,indonesia,USDC
805,1.064954838703256,2928614558162.772,372,S1_depeg_stablecoin,indonesia,USDC
806,1.0613094898511848,2928614558162.772,372,S1_depeg_stablecoin,indonesia,USDC
807,1.0530390617292011,2928614558162.772,372,S1_depeg_stablecoin,indonesia,USDC
808,1.0328988120583857,2928614558162.772,372,S1_depeg_stablecoin,indonesia,USDC
809,1.0257253387057261,2928614558162.772,372,S1_depeg_stablecoin,indonesia,USDC
810,1.0184672685621359,2928614558162.772,372,S1_depeg_stablecoin,indonesia,USDC
811,0.9977363038974184,2928614558162.772,372,S1_depeg_stablecoin,indonesia,USDC
812,0.9921834672644654,2928614558162.772,372,S1_depeg_stablecoin,indonesia,USDC
813,0.9748982252743392,2928614558162.772,372,S1_depeg_stablecoin,indonesia,USDC
814,1.0073852664489775,2928614558162.772,372,S1_depeg_stablecoin,indonesia,USDC
815,1.0252020605789158,2928614558162.772,372,S1_depeg_stablecoin,indonesia,USDC
816,1.0075103880550633,2928614558162.772,372,S1_depeg_stablecoin,indonesia,USDC
817,1.0104799159096716,2928614558162.772,372,S1_depeg_stablecoin,indonesia,USDC
818,1.0253300950750783,2928614558162.772,372,S1_depeg_stablecoin,indonesia,USDC
819,1.074687191483297,2928614558162.772,372,S1_depeg_stablecoin,indonesia,USDC
820,1.0724171184975424,2928614558162.772,372,S1_depeg_stablecoin,indonesia,USDC
821,1.0739138865832127,2928614558162.772,372,S1_depeg_stablecoin,indonesia,USDC
822,1.0647899819549425,2928614558162.772,372,S1_depeg_stablecoin,indonesia,USDC
823,1.0386464783338494,2928614558162.772,372,S1_depeg_stablecoin,indonesia,USDC
824,1.041780422785499,2928614558162.772,372,S1_depeg_stablecoin,indonesia,USDC
825,1.0788896740227214,2928614558162.772,372,S1_depeg_stablecoin,indonesia,USDC
826,1.0580217030849792,2928614558162.772,372,S1_depeg_stablecoin,indonesia,USDC
827,1.0542068392653074,2928614558162.772,372,S1_depeg_stablecoin,indonesia,USDC
828,1.0708012099514865,2928614558162.772,372,S1_depeg_stablecoin,indonesia,USDC
829,1.0699588364616563,2928614558162.772,372,S1_depeg_stablecoin,indonesia,USDC
830,1.0685660635559002,2928614558162.772,372,S1_depeg_stablecoin,indonesia,USDC
831,1.0709072455196347,2928614558162.772,372,S1_depeg_stablecoin,indonesia,USDC
832,1.0685614736613627,2928614558162.772,372,S1_depeg_stablecoin,indonesia,USDC
833,1.0702019773117155,2928614558162.772,372,S1_depeg_stablecoin,indonesia,USDC
834,1.04551849055677,2928614558162.772,372,S1_depeg_stablecoin,indonesia,USDC
835,1.0310012596254576,2928614558162.772,372,S1_depeg_stablecoin,indonesia,USDC
836,1.015763846960885,2928614558162.772,372,S1_depeg_stablecoin,indonesia,USDC
837,1.0132210866687297,2928614558162.772,372,S1_depeg_stablecoin,indonesia,USDC
838,1.020839649055345,2928614558162.772,372,S1_depeg_stablecoin,indonesia,USDC
839,0.986298991106906,2928614558162.772,372,S1_depeg_stablecoin,indonesia,USDC
840,0.997360763741649,2928614558162.772,372,S1_depeg_stablecoin,indonesia,USDC
841,0.9831206659111682,2928614558162.772,372,S1_depeg_stablecoin,indonesia,USDC
842,1.0295706592891167,2928614558162.772,372,S1_depeg_stablecoin,indonesia,USDC
843,0.9992417610136662,2928614558162.772,372,S1_depeg_stablecoin,indonesia,USDC
844,0.9852558940112104,2928614558162.772,372,S1_depeg_stablecoin,indonesia,USDC
845,0.9514956621426747,2928614558162.772,372,S1_depeg_stablecoin,indonesia,USDC
846,0.9320553946098329,2928614558018.529,372,S1_depeg_stablecoin,indonesia,USDC
847,0.9318989896049501,2928614557727.8833,372,S1_depeg_stablecoin,indonesia,USDC
848,0.9246700988900192,2928614557446.3843,372,S1_depeg_stablecoin,indonesia,USDC
849,0.922932128933539,2928614557101.5933,372,S1_depeg_stablecoin,indonesia,USDC
850,0.9237251697137907,2928614556778.882,372,S1_depeg_stablecoin,indonesia,USDC
851,0.9649159584662329,2928614556475.924,372,S1_depeg_stablecoin,indonesia,USDC
852,0.9674377866957549,2928614556453.2056,372,S1_depeg_stablecoin,indonesia,USDC
853,0.9670006532057468,2928614556446.8545,372,S1_depeg_stablecoin,indonesia,USDC
854,0.9537646877801663,2928614556430.23,372,S1_depeg_stablecoin,indonesia,USDC
855,0.9171878609985064,2928614556320.227,372,S1_depeg_stablecoin,indonesia,USDC
856,0.9260589694872567,2928614555968.3857,372,S1_depeg_stablecoin,indonesia,USDC
857,0.9414858206855797,2928614555707.5205,372,S1_depeg_stablecoin,indonesia,USDC
858,0.9309190671037031,2928614555535.5664,372,S1_depeg_stablecoin,indonesia,USDC
859,0.9459858087056775,2928614555313.1836,372,S1_depeg_stablecoin,indonesia,USDC
860,0.9437623188443448,2928614555188.0103,372,S1_depeg_stablecoin,indonesia,USDC
861,0.9552084675477847,2928614555054.1084,372,S1_depeg_stablecoin,indonesia,USDC
862,0.949834522529923,2928614554986.869,372,S1_depeg_stablecoin,indonesia,USDC
863,0.944272838010948,2928614554880.2437,372,S1_depeg_stablecoin,indonesia,USDC
864,0.9580381713894117,2928614554751.6016,372,S1_depeg_stablecoin,indonesia,USDC
865,0.9526241213616047,2928614554701.839,372,S1_depeg_stablecoin,indonesia,USDC
866,0.9517722921066619,2928614554615.0693,372,S1_depeg_stablecoin,indonesia,USDC
867,0.9213730096838472,2928614554529.424,372,S1_depeg_stablecoin,indonesia,USDC
868,0.9059239715301755,2928614554307.8486,372,S1_depeg_stablecoin,indonesia,USDC
869,0.9233591176970732,2928614554028.618,372,S1_depeg_stablecoin,indonesia,USDC
870,0.941764540248528,2928614553828.079,372,S1_depeg_stablecoin,indonesia,USDC
871,0.9354231698028805,2928614553712.514,372,S1_depeg_stablecoin,indonesia,USDC
872,0.9468046608619013,2928614553587.945,372,S1_depeg_stablecoin,indonesia,USDC
873,0.9737452103579731,2928614553498.751,372,S1_depeg_stablecoin,indonesia,USDC
874,0.9537985485527639,2928614553498.751,372,S1_depeg_stablecoin,indonesia,USDC
875,0.9405872694203447,2928614553440.6875,372,S1_depeg_stablecoin,indonesia,USDC
876,0.972339727332059,2928614553343.0225,372,S1_depeg_stablecoin,indonesia,USDC
877,0.9441889178269045,2928614553343.0225,372,S1_depeg_stablecoin,indonesia,USDC
878,0.9408476360408632,2928614553257.1323,372,S1_depeg_stablecoin,indonesia,USDC
879,0.9609256144860581,2928614553158.598,372,S1_depeg_stablecoin,indonesia,USDC
880,0.9648383391278741,2928614553127.72,372,S1_depeg_stablecoin,indonesia,USDC
881,0.9657000151799814,2928614553112.296,372,S1_depeg_stablecoin,indonesia,USDC
882,0.9435102374676037,2928614553099.885,372,S1_depeg_stablecoin,indonesia,USDC
883,0.9308420282575223,2928614553011.351,372,S1_depeg_stablecoin,indonesia,USDC
884,0.9370867276842002,2928614552884.052,372,S1_depeg_stablecoin,indonesia,USDC
885,0.9487814558574389,2928614552784.4736,372,S1_depeg_stablecoin,indonesia,USDC
886,0.9426999803131382,2928614552725.609,372,S1_depeg_stablecoin,indonesia,USDC
887,0.943888675411441,2928614552653.371,372,S1_depeg_stablecoin,indonesia,USDC
888,0.9303952390768342,2928614552580.684,372,S1_depeg_stablecoin,indonesia,USDC
889,0.951016512122131,2928614552469.5166,372,S1_depeg_stablecoin,indonesia,USDC
890,0.9501104212205639,2928614552418.407,372,S1_depeg_stablecoin,indonesia,USDC
891,0.9749625558843195,2928614552372.49,372,S1_depeg_stablecoin,indonesia,USDC
892,0.9879406100486124,2928614552372.49,372,S1_depeg_stablecoin,indonesia,USDC
893,0.9850392603791923,2928614552372.49,372,S1_depeg_stablecoin,indonesia,USDC
894,0.9939799528982478,2928614552372.49,372,S1_depeg_stablecoin,indonesia,USDC
895,0.9929853927814704,2928614552372.49,372,S1_depeg_stablecoin,indonesia,USDC
896,0.9542824904790531,2928614552372.49,372,S1_depeg_stablecoin,indonesia,USDC
897,0.9665529411595593,2928614552335.5967,372,S1_depeg_stablecoin,indonesia,USDC
898,0.9645181533370609,2928614552328.1494,372,S1_depeg_stablecoin,indonesia,USDC
899,0.9413578823763985,2928614552315.627,372,S1_depeg_stablecoin,indonesia,USDC
900,0.9462393828962006,2928614552243.0576,372,S1_depeg_stablecoin,indonesia,USDC
901,0.9728959325386879,2928614552184.6333,372,S1_depeg_stablecoin,indonesia,USDC
902,0.9815662468696171,2928614552184.6333,372,S1_depeg_stablecoin,indonesia,USDC
903,1.0027716573847587,2928614552184.6333,372,S1_depeg_stablecoin,indonesia,USDC
904,1.008454111648469,2928614552184.6333,372,S1_depeg_stablecoin,indonesia,USDC
905,0.966565218833013,2928614552184.6333,372,S1_depeg_stablecoin,indonesia,USDC
906,0.9663669960448633,2928614552180.4043,372,S1_depeg_stablecoin,indonesia,USDC
907,0.951266155097542,2928614552171.706,372,S1_depeg_stablecoin,indonesia,USDC
908,0.9740769408159,2928614552132.8325,372,S1_depeg_stablecoin,indonesia,USDC
909,0.9590969965452156,2928614552132.8325,372,S1_depeg_stablecoin,indonesia,USDC
910,0.9669267735909373,2928614552108.791,372,S1_depeg_stablecoin,indonesia,USDC
911,0.9878625731705653,2928614552104.223,372,S1_depeg_stablecoin,indonesia,USDC
912,0.9787651444794416,2928614552104.223,372,S1_depeg_stablecoin,indonesia,USDC
913,0.9794074230543021,2928614552104.223,372,S1_depeg_stablecoin,indonesia,USDC
914,0.9937582526716467,2928614552104.223,372,S1_depeg_stablecoin,indonesia,USDC
915,0.9961630846988901,2928614552104.223,372,S1_depeg_stablecoin,indonesia,USDC
916,0.9797601311335338,2928614552104.223,372,S1_depeg_stablecoin,indonesia,USDC
917,0.9713081849602776,2928614552104.223,372,S1_depeg_stablecoin,indonesia,USDC
918,0.9780441237345205,2928614552104.223,372,S1_depeg_stablecoin,indonesia,USDC
919,0.9936860247528383,2928614552104.223,372,S1_depeg_stablecoin,indonesia,USDC
920,1.0246206834401472,2928614552104.223,372,S1_depeg_stablecoin,indonesia,USDC
921,1.0280984175364036,2928614552104.223,372,S1_depeg_stablecoin,indonesia,USDC
922,1.0380043849539515,2928614552104.223,372,S1_depeg_stablecoin,indonesia,USDC
923,1.0612726107767916,2928614552104.223,372,S1_depeg_stablecoin,indonesia,USDC
924,1.0450865537413045,2928614552104.223,372,S1_depeg_stablecoin,indonesia,USDC
925,1.022165638375588,2928614552104.223,372,S1_depeg_stablecoin,indonesia,USDC
926,1.0043257294739136,2928614552104.223,372,S1_depeg_stablecoin,indonesia,USDC
927,1.0204955840974064,2928614552104.223,372,S1_depeg_stablecoin,indonesia,USDC
928,1.02405482754848,2928614552104.223,372,S1_depeg_stablecoin,indonesia,USDC
929,1.0331590934605863,2928614552104.223,372,S1_depeg_stablecoin,indonesia,USDC
930,1.0369061351822253,2928614552104.223,372,S1_depeg_stablecoin,indonesia,USDC
931,1.0479937081626582,2928614552104.223,372,S1_depeg_stablecoin,indonesia,USDC
932,1.041496759471743,2928614552104.223,372,S1_depeg_stablecoin,indonesia,USDC
933,1.0038606174606197,2928614552104.223,372,S1_depeg_stablecoin,indonesia,USDC
934,1.0087477138568555,2928614552104.223,372,S1_depeg_stablecoin,indonesia,USDC
935,1.0073565958098813,2928614552104.223,372,S1_depeg_stablecoin,indonesia,USDC
936,1.012456828266839,2928614552104.223,372,S1_depeg_stablecoin,indonesia,USDC
937,1.0203472362975559,2928614552104.223,372,S1_depeg_stablecoin,indonesia,USDC
938,1.0142743798821603,2928614552104.223,372,S1_depeg_stablecoin,indonesia,USDC
939,0.9986899021228206,2928614552104.223,372,S1_depeg_stablecoin,indonesia,USDC
940,0.9950122283045382,2928614552104.223,372,S1_depeg_stablecoin,indonesia,USDC
941,0.997422156917427,2928614552104.223,372,S1_depeg_stablecoin,indonesia,USDC
942,0.9697182154804198,2928614552104.223,372,S1_depeg_stablecoin,indonesia,USDC
943,0.9260591994694974,2928614552104.007,372,S1_depeg_stablecoin,indonesia,USDC
944,0.9665064601334405,2928614552002.2617,372,S1_depeg_stablecoin,indonesia,USDC
945,0.9889202183775615,2928614551995.7656,372,S1_depeg_stablecoin,indonesia,USDC
946,1.0093564353137474,2928614551995.7656,372,S1_depeg_stablecoin,indonesia,USDC
947,0.9750645802291584,2928614551995.7656,372,S1_depeg_stablecoin,indonesia,USDC
948,0.9748331978656634,2928614551995.7656,372,S1_depeg_stablecoin,indonesia,USDC
949,0.9613470662632833,2928614551995.7656,372,S1_depeg_stablecoin,indonesia,USDC
950,0.9527968358440455,2928614551980.9546,372,S1_depeg_stablecoin,indonesia,USDC
951,0.9552176803765684,2928614551946.754,372,S1_depeg_stablecoin,indonesia,USDC
952,0.9647063228747406,2928614551919.744,372,S1_depeg_stablecoin,indonesia,USDC
953,0.9793827095941934,2928614551908.4917,372,S1_depeg_stablecoin,indonesia,USDC
954,0.9980332506090975,2928614551908.4917,372,S1_depeg_stablecoin,indonesia,USDC
955,1.0130029313085713,2928614551908.4917,372,S1_depeg_stablecoin,indonesia,USDC
956,0.9949101930117878,2928614551908.4917,372,S1_depeg_stablecoin,indonesia,USDC
957,0.9534807358037124,2928614551908.4917,372,S1_depeg_stablecoin,indonesia,USDC
958,0.969145906520711,2928614551876.918,372,S1_depeg_stablecoin,indonesia,USDC
959,1.022040870292192,2928614551875.7617,372,S1_depeg_stablecoin,indonesia,USDC
960,1.033925851188115,2928614551875.7617,372,S1_depeg_stablecoin,indonesia,USDC
961,1.0386666898650676,2928614551875.7617,372,S1_depeg_stablecoin,indonesia,USDC
962,1.008796358530246,2928614551875.7617,372,S1_depeg_stablecoin,indonesia,USDC
963,1.009950369607451,2928614551875.7617,372,S1_depeg_stablecoin,indonesia,USDC
964,1.030178054788134,2928614551875.7617,372,S1_depeg_stablecoin,indonesia,USDC
965,1.0061583124788684,2928614551875.7617,372,S1_depeg_stablecoin,indonesia,USDC
966,1.0183875514266767,2928614551875.7617,372,S1_depeg_stablecoin,indonesia,USDC
967,1.0252990031085218,2928614551875.7617,372,S1_depeg_stablecoin,indonesia,USDC
968,1.0182880818313467,2928614551875.7617,372,S1_depeg_stablecoin,indonesia,USDC
969,1.0097604165910377,2928614551875.7617,372,S1_depeg_stablecoin,indonesia,USDC
970,0.9930131779626276,2928614551875.7617,372,S1_depeg_stablecoin,indonesia,USDC
971,0.983827198650412,2928614551875.7617,372,S1_depeg_stablecoin,indonesia,USDC
972,0.8139636669554509,2928614551875.7617,372,S1_depeg_stablecoin,indonesia,USDC
973,0.8552906320099758,2928614551557.9424,372,S1_depeg_stablecoin,indonesia,USDC
974,0.8810411364895437,2928614551361.0947,372,S1_depeg_stablecoin,indonesia,USDC
975,0.8988861604509091,2928614551223.242,372,S1_depeg_stablecoin,indonesia,USDC
976,0.943423510473791,2928614551130.2656,372,S1_depeg_stablecoin,indonesia,USDC
977,0.9490242517388694,2928614551096.7104,372,S1_depeg_stablecoin,indonesia,USDC
978,0.9451399899492111,2928614551071.069,372,S1_depeg_stablecoin,indonesia,USDC
979,0.9665329405859596,2928614551043.409,372,S1_depeg_stablecoin,indonesia,USDC
980,0.9799141044391692,2928614551040.571,372,S1_depeg_stablecoin,indonesia,USDC
981,0.9877869002398844,2928614551040.571,372,S1_depeg_stablecoin,indonesia,USDC
982,0.9833839567326943,2928614551040.571,372,S1_depeg_stablecoin,indonesia,USDC
983,0.9864023023120717,2928614551040.571,372,S1_depeg_stablecoin,indonesia,USDC
984,0.9721568123937835,2928614551040.571,372,S1_depeg_stablecoin,indonesia,USDC
985,0.9866191485850269,2928614551040.571,372,S1_depeg_stablecoin,indonesia,USDC
986,0.9799447894381751,2928614551040.571,372,S1_depeg_stablecoin,indonesia,USDC
987,0.9965348298877661,2928614551040.571,372,S1_depeg_stablecoin,indonesia,USDC
988,0.9923162257041617,2928614551040.571,372,S1_depeg_stablecoin,indonesia,USDC
989,0.9762903986046806,2928614551040.571,372,S1_depeg_stablecoin,indonesia,USDC
990,1.0230875519279254,2928614551040.571,372,S1_depeg_stablecoin,indonesia,USDC
991,1.0540746699820416,2928614551040.571,372,S1_depeg_stablecoin,indonesia,USDC
992,1.0545171225351961,2928614551040.571,372,S1_depeg_stablecoin,indonesia,USDC
993,1.0473512549264632,2928614551040.571,372,S1_depeg_stablecoin,indonesia,USDC
994,1.0253583412568372,2928614551040.571,372,S1_depeg_stablecoin,indonesia,USDC
995,1.0263479553820694,2928614551040.571,372,S1_depeg_stablecoin,indonesia,USDC
996,1.023703545374827,2928614551040.571,372,S1_depeg_stablecoin,indonesia,USDC
997,1.0129366455187387,2928614551040.571,372,S1_depeg_stablecoin,indonesia,USDC
998,1.0028704901075176,2928614551040.571,372,S1_depeg_stablecoin,indonesia,USDC
999,0.9995570496792257,2928614551040.571,372,S1_depeg_stablecoin,indonesia,USDC
1000,0.9604524439835779,2928614551040.571,372,S1_depeg_stablecoin,indonesia,USDC
