Step,price,liquidity,iteration,scenario,region,coin
1,1.0218635778140648,2989802645954.7236,358,S1_depeg_stablecoin,indonesia,USDC
2,1.0090741803430026,2989802645954.7236,358,S1_depeg_stablecoin,indonesia,USDC
3,1.0202596662085717,2989802645954.7236,358,S1_depeg_stablecoin,indonesia,USDC
4,1.0162833986957232,2989802645954.7236,358,S1_depeg_stablecoin,indonesia,USDC
5,1.0291945796883752,2989802645954.7236,358,S1_depeg_stablecoin,indonesia,USDC
6,1.0327646450566739,2989802645954.7236,358,S1_depeg_stablecoin,indonesia,USDC
7,1.0275310430809756,2989802645954.7236,358,S1_depeg_stablecoin,indonesia,USDC
8,1.0193189495486772,2989802645954.7236,358,S1_depeg_stablecoin,indonesia,USDC
9,1.0518101451290962,2989802645954.7236,358,S1_depeg_stablecoin,indonesia,USDC
10,1.0441225015902726,2989802645954.7236,358,S1_depeg_stablecoin,indonesia,USDC
11,1.0516123421328543,2989802645954.7236,358,S1_depeg_stablecoin,indonesia,USDC
12,1.0480820897972765,2989802645954.7236,358,S1_depeg_stablecoin,indonesia,USDC
13,1.0633409385468162,2989802645954.7236,358,S1_depeg_stablecoin,indonesia,USDC
14,1.0490639355340121,2989802645954.7236,358,S1_depeg_stablecoin,indonesia,USDC
15,1.0959281004421786,2989802645954.7236,358,S1_depeg_stablecoin,indonesia,USDC
16,1.1180577863277967,2989802645954.7236,358,S1_depeg_stablecoin,indonesia,USDC
17,1.1260495662816687,2989802645954.7236,358,S1_depeg_stablecoin,indonesia,USDC
18,1.1402169293477222,2989802645954.7236,358,S1_depeg_stablecoin,indonesia,USDC
19,1.158770794619691,2989802645954.7236,358,S1_depeg_stablecoin,indonesia,USDC
20,1.164987764958487,2989802645954.7236,358,S1_depeg_stablecoin,indonesia,USDC
21,1.1987249604844208,2989802645954.7236,358,S1_depeg_stablecoin,indonesia,USDC
22,1.1651713500033265,2989802645954.7236,358,S1_depeg_stablecoin,indonesia,USDC
23,1.1023226456875317,2989802645954.7236,358,S1_depeg_stablecoin,indonesia,USDC
24,1.113454227959285,2989802645954.7236,358,S1_depeg_stablecoin,indonesia,USDC
25,1.1713935474470845,2989802645954.7236,358,S1_depeg_stablecoin,indonesia,USDC
26,1.125455965936978,2989802645954.7236,358,S1_depeg_stablecoin,indonesia,USDC
27,1.1025136223974867,2989802645954.7236,358,S1_depeg_stablecoin,indonesia,USDC
28,1.0892010385697437,2989802645954.7236,358,S1_depeg_stablecoin,indonesia,USDC
29,1.0956107330568938,2989802645954.7236,358,S1_depeg_stablecoin,indonesia,USDC
30,1.090759451196268,2989802645954.7236,358,S1_depeg_stablecoin,indonesia,USDC
31,1.0881771156175777,2989802645954.7236,358,S1_depeg_stablecoin,indonesia,USDC
32,1.0839491742271359,2989802645954.7236,358,S1_depeg_stablecoin,indonesia,USDC
33,1.1011753296740687,2989802645954.7236,358,S1_depeg_stablecoin,indonesia,USDC
34,1.110654986273757,2989802645954.7236,358,S1_depeg_stablecoin,indonesia,USDC
35,1.0915681393010825,2989802645954.7236,358,S1_depeg_stablecoin,indonesia,USDC
36,1.0843703548183912,2989802645954.7236,358,S1_depeg_stablecoin,indonesia,USDC
37,1.0704541691643312,2989802645954.7236,358,S1_depeg_stablecoin,indonesia,USDC
38,1.0702717714007814,2989802645954.7236,358,S1_depeg_stablecoin,indonesia,USDC
39,1.091873210787236,2989802645954.7236,358,S1_depeg_stablecoin,indonesia,USDC
40,1.1125427033134736,2989802645954.7236,358,S1_depeg_stablecoin,indonesia,USDC
41,1.1256001320054252,2989802645954.7236,358,S1_depeg_stablecoin,indonesia,USDC
42,1.1198378046386845,2989802645954.7236,358,S1_depeg_stablecoin,indonesia,USDC
43,1.0840120904946435,2989802645954.7236,358,S1_depeg_stablecoin,indonesia,USDC
44,1.0848481680794575,2989802645954.7236,358,S1_depeg_stablecoin,indonesia,USDC
45,1.0692527723268552,2989802645954.7236,358,S1_depeg_stablecoin,indonesia,USDC
46,1.026907263163748,2989802645954.7236,358,S1_depeg_stablecoin,indonesia,USDC
47,1.04219741281658,2989802645954.7236,358,S1_depeg_stablecoin,indonesia,USDC
48,1.0543505031757812,2989802645954.7236,358,S1_depeg_stablecoin,indonesia,USDC
49,1.0387050324268632,2989802645954.7236,358,S1_depeg_stablecoin,indonesia,USDC
50,1.039672641416834,2989802645954.7236,358,S1_depeg_stablecoin,indonesia,USDC
51,1.039599591523215,2989802645954.7236,358,S1_depeg_stablecoin,indonesia,USDC
52,1.0264960289407175,2989802645954.7236,358,S1_depeg_stablecoin,indonesia,USDC
53,1.0289365387811138,2989802645954.7236,358,S1_depeg_stablecoin,indonesia,USDC
54,0.9979521507750391,2989802645954.7236,358,S1_depeg_stablecoin,indonesia,USDC
55,1.0077714877060733,2989802645954.7236,358,S1_depeg_stablecoin,indonesia,USDC
56,1.013943630140145,2989802645954.7236,358,S1_depeg_stablecoin,indonesia,USDC
57,1.0331219611854876,2989802645954.7236,358,S1_depeg_stablecoin,indonesia,USDC
58,1.0374999842607724,2989802645954.7236,358,S1_depeg_stablecoin,indonesia,USDC
59,1.0369673661313503,2989802645954.7236,358,S1_depeg_stablecoin,indonesia,USDC
60,0.9888446092350984,2989802645954.7236,358,S1_depeg_stablecoin,indonesia,USDC
61,0.9706766988104866,2989802645954.7236,358,S1_depeg_stablecoin,indonesia,USDC
62,0.9604257553888736,2989802645954.7236,358,S1_depeg_stablecoin,indonesia,USDC
63,0.9805817890948246,2989251222828.8926,358,S1_depeg_stablecoin,indonesia,USDC
64,1.0049465198606065,2989251222828.8926,358,S1_depeg_stablecoin,indonesia,USDC
65,1.019031551614466,2989251222828.8926,358,S1_depeg_stablecoin,indonesia,USDC
66,0.9978177166328214,2989251222828.8926,358,S1_depeg_stablecoin,indonesia,USDC
67,0.9649930705014892,2989251222828.8926,358,S1_depeg_stablecoin,indonesia,USDC
68,0.9857710674192016,2988980169196.3564,358,S1_depeg_stablecoin,indonesia,USDC
69,1.0019705487960038,2988980169196.3564,358,S1_depeg_stablecoin,indonesia,USDC
70,0.9957587841159301,2988980169196.3564,358,S1_depeg_stablecoin,indonesia,USDC
71,1.0009609859733652,2988980169196.3564,358,S1_depeg_stablecoin,indonesia,USDC
72,1.0159818256625825,2988980169196.3564,358,S1_depeg_stablecoin,indonesia,USDC
73,1.0343115389129662,2988980169196.3564,358,S1_depeg_stablecoin,indonesia,USDC
74,1.058193926750046,2988980169196.3564,358,S1_depeg_stablecoin,indonesia,USDC
75,1.0825244978679973,2988980169196.3564,358,S1_depeg_stablecoin,indonesia,USDC
76,1.1031048259150726,2988980169196.3564,358,S1_depeg_stablecoin,indonesia,USDC
77,1.0962907806624276,2988980169196.3564,358,S1_depeg_stablecoin,indonesia,USDC
78,1.0660941928157674,2988980169196.3564,358,S1_depeg_stablecoin,indonesia,USDC
79,1.0655712338168997,2988980169196.3564,358,S1_depeg_stablecoin,indonesia,USDC
80,1.0575047979518877,2988980169196.3564,358,S1_depeg_stablecoin,indonesia,USDC
81,1.069919220632,2988980169196.3564,358,S1_depeg_stablecoin,indonesia,USDC
82,1.045066286033758,2988980169196.3564,358,S1_depeg_stablecoin,indonesia,USDC
83,1.035995859993647,2988980169196.3564,358,S1_depeg_stablecoin,indonesia,USDC
84,1.0472588881302385,2988980169196.3564,358,S1_depeg_stablecoin,indonesia,USDC
85,1.018193791733443,2988980169196.3564,358,S1_depeg_stablecoin,indonesia,USDC
86,1.004036248820326,2988980169196.3564,358,S1_depeg_stablecoin,indonesia,USDC
87,1.005263042104078,2988980169196.3564,358,S1_depeg_stablecoin,indonesia,USDC
88,1.0113768609486955,2988980169196.3564,358,S1_depeg_stablecoin,indonesia,USDC
89,1.0327341568312807,2988980169196.3564,358,S1_depeg_stablecoin,indonesia,USDC
90,1.0102325046588827,2988980169196.3564,358,S1_depeg_stablecoin,indonesia,USDC
91,1.0185579088346555,2988980169196.3564,358,S1_depeg_stablecoin,indonesia,USDC
92,1.0088798094376565,2988980169196.3564,358,S1_depeg_stablecoin,indonesia,USDC
93,1.00385247309385,2988980169196.3564,358,S1_depeg_stablecoin,indonesia,USDC
94,0.9556954570860489,2988980169196.3564,358,S1_depeg_stablecoin,indonesia,USDC
95,0.9618831346373017,2988197636646.865,358,S1_depeg_stablecoin,indonesia,USDC
96,0.9483122355023837,2987823726773.2563,358,S1_depeg_stablecoin,indonesia,USDC
97,0.9611673301278805,2986526461271.5146,358,S1_depeg_stablecoin,indonesia,USDC
98,0.9852026283508996,2986123486142.7764,358,S1_depeg_stablecoin,indonesia,USDC
99,1.0055415994819557,2986123486142.7764,358,S1_depeg_stablecoin,indonesia,USDC
100,1.015824496410607,2986123486142.7764,358,S1_depeg_stablecoin,indonesia,USDC
101,0.8583581284853055,2986123486142.7764,358,S1_depeg_stablecoin,indonesia,USDC
102,0.8657074234904233,2979641255210.9473,358,S1_depeg_stablecoin,indonesia,USDC
103,0.7491185409764103,2974282701634.6733,358,S1_depeg_stablecoin,indonesia,USDC
104,0.778738839210794,2964729239229.8115,358,S1_depeg_stablecoin,indonesia,USDC
105,0.817211874992808,2957842537402.7954,358,S1_depeg_stablecoin,indonesia,USDC
106,0.8506517268359329,2953514235081.412,358,S1_depeg_stablecoin,indonesia,USDC
107,0.870162997245936,2950657362498.3687,358,S1_depeg_stablecoin,indonesia,USDC
108,0.8719653767988893,2948603579109.0215,358,S1_depeg_stablecoin,indonesia,USDC
109,0.8844836807813946,2946744912140.2046,358,S1_depeg_stablecoin,indonesia,USDC
110,0.9126448455357837,2945318462622.9146,358,S1_depeg_stablecoin,indonesia,USDC
111,0.922561409591167,2944470892794.504,358,S1_depeg_stablecoin,indonesia,USDC
112,0.9301871538537367,2943753530986.413,358,S1_depeg_stablecoin,indonesia,USDC
113,0.9483586297630773,2943197829815.748,358,S1_depeg_stablecoin,indonesia,USDC
114,0.9293686825752586,2942934631000.418,358,S1_depeg_stablecoin,indonesia,USDC
115,0.9381787531352141,2942416568280.999,358,S1_depeg_stablecoin,indonesia,USDC
116,0.9338274688689074,2942016125560.949,358,S1_depeg_stablecoin,indonesia,USDC
117,0.9394916079700633,2941574731433.658,358,S1_depeg_stablecoin,indonesia,USDC
118,0.9335077398266188,2941216899105.6025,358,S1_depeg_stablecoin,indonesia,USDC
119,0.9782770287481675,2940800488528.9424,358,S1_depeg_stablecoin,indonesia,USDC
120,1.0040084506602698,2940800488528.9424,358,S1_depeg_stablecoin,indonesia,USDC
121,0.9930229161253863,2940800488528.9424,358,S1_depeg_stablecoin,indonesia,USDC
122,0.9636102145065559,2940800488528.9424,358,S1_depeg_stablecoin,indonesia,USDC
123,0.9860188487221228,2940741900837.707,358,S1_depeg_stablecoin,indonesia,USDC
124,0.9813414593746139,2940741900837.707,358,S1_depeg_stablecoin,indonesia,USDC
125,1.0009911288866478,2940741900837.707,358,S1_depeg_stablecoin,indonesia,USDC
126,0.9785497280423048,2940741900837.707,358,S1_depeg_stablecoin,indonesia,USDC
127,0.968398677716932,2940741900837.707,358,S1_depeg_stablecoin,indonesia,USDC
128,0.9699722153124115,2940735622759.527,358,S1_depeg_stablecoin,indonesia,USDC
129,0.9770473708473723,2940735412290.207,358,S1_depeg_stablecoin,indonesia,USDC
130,0.9587441579699874,2940735412290.207,358,S1_depeg_stablecoin,indonesia,USDC
131,0.9775283857869271,2940608548897.606,358,S1_depeg_stablecoin,indonesia,USDC
132,0.9806269372916712,2940608548897.606,358,S1_depeg_stablecoin,indonesia,USDC
133,0.9742395350737669,2940608548897.606,358,S1_depeg_stablecoin,indonesia,USDC
134,0.9887682767629902,2940608548897.606,358,S1_depeg_stablecoin,indonesia,USDC
135,1.0151921105278696,2940608548897.606,358,S1_depeg_stablecoin,indonesia,USDC
136,1.0149902264987742,2940608548897.606,358,S1_depeg_stablecoin,indonesia,USDC
137,1.006561442576599,2940608548897.606,358,S1_depeg_stablecoin,indonesia,USDC
138,0.9901195339802747,2940608548897.606,358,S1_depeg_stablecoin,indonesia,USDC
139,0.9801632362036956,2940608548897.606,358,S1_depeg_stablecoin,indonesia,USDC
140,0.9824330544025098,2940608548897.606,358,S1_depeg_stablecoin,indonesia,USDC
141,0.9583540937046836,2940608548897.606,358,S1_depeg_stablecoin,indonesia,USDC
142,0.9662425464047809,2940486550072.662,358,S1_depeg_stablecoin,indonesia,USDC
143,0.9868717401977652,2940463755016.925,358,S1_depeg_stablecoin,indonesia,USDC
144,0.9708107186268602,2940463755016.925,358,S1_depeg_stablecoin,indonesia,USDC
145,0.987863119885328,2940463755016.925,358,S1_depeg_stablecoin,indonesia,USDC
146,0.9749015058975453,2940463755016.925,358,S1_depeg_stablecoin,indonesia,USDC
147,0.9690468217961697,2940463755016.925,358,S1_depeg_stablecoin,indonesia,USDC
148,0.9558322748536331,2940456711805.6978,358,S1_depeg_stablecoin,indonesia,USDC
149,0.9741579222989012,2940309199709.0347,358,S1_depeg_stablecoin,indonesia,USDC
150,0.9649271306027669,2940309199709.0347,358,S1_depeg_stablecoin,indonesia,USDC
151,0.9931125609228938,2940266894626.843,358,S1_depeg_stablecoin,indonesia,USDC
152,0.9732286192767533,2940266894626.843,358,S1_depeg_stablecoin,indonesia,USDC
153,0.9717236853406239,2940266894626.843,358,S1_depeg_stablecoin,indonesia,USDC
154,0.9397509986260446,2940266894626.843,358,S1_depeg_stablecoin,indonesia,USDC
155,0.9549884537990647,2939951427944.102,358,S1_depeg_stablecoin,indonesia,USDC
156,0.9678830830013543,2939802319658.857,358,S1_depeg_stablecoin,indonesia,USDC
157,0.9354289175255615,2939785913921.2266,358,S1_depeg_stablecoin,indonesia,USDC
158,0.9309295371262735,2939440993365.3447,358,S1_depeg_stablecoin,indonesia,USDC
159,0.9689607012910849,2939075628332.5825,358,S1_depeg_stablecoin,indonesia,USDC
160,0.9924051318424554,2939072361776.3364,358,S1_depeg_stablecoin,indonesia,USDC
161,1.0060731663392675,2939072361776.3364,358,S1_depeg_stablecoin,indonesia,USDC
162,1.0457286829265118,2939072361776.3364,358,S1_depeg_stablecoin,indonesia,USDC
163,1.0252178238065555,2939072361776.3364,358,S1_depeg_stablecoin,indonesia,USDC
164,1.0386699282700218,2939072361776.3364,358,S1_depeg_stablecoin,indonesia,USDC
165,1.0051256532237938,2939072361776.3364,358,S1_depeg_stablecoin,indonesia,USDC
166,1.02280995735423,2939072361776.3364,358,S1_depeg_stablecoin,indonesia,USDC
167,1.053872214063518,2939072361776.3364,358,S1_depeg_stablecoin,indonesia,USDC
168,0.9280906687056643,2939072361776.3364,358,S1_depeg_stablecoin,indonesia,USDC
169,0.9677757944662052,2938683147687.9746,358,S1_depeg_stablecoin,indonesia,USDC
170,0.9497472639415776,2938677535620.5073,358,S1_depeg_stablecoin,indonesia,USDC
171,0.9419255791833089,2938492235828.807,358,S1_depeg_stablecoin,indonesia,USDC
172,0.955576160036779,2938258090871.523,358,S1_depeg_stablecoin,indonesia,USDC
173,0.9486249297279477,2938151720956.3604,358,S1_depeg_stablecoin,indonesia,USDC
174,0.9565293606389319,2937989849462.421,358,S1_depeg_stablecoin,indonesia,USDC
175,0.9396486978892665,2937888448078.465,358,S1_depeg_stablecoin,indonesia,USDC
176,0.9376960992204496,2937635443312.418,358,S1_depeg_stablecoin,indonesia,USDC
177,0.9539097241801779,2937399743088.5015,358,S1_depeg_stablecoin,indonesia,USDC
178,0.9904213454645181,2937285829881.802,358,S1_depeg_stablecoin,indonesia,USDC
179,1.0483979127882892,2937285829881.802,358,S1_depeg_stablecoin,indonesia,USDC
180,1.0171924684181815,2937285829881.802,358,S1_depeg_stablecoin,indonesia,USDC
181,1.0338257204146375,2937285829881.802,358,S1_depeg_stablecoin,indonesia,USDC
182,1.0311025517068468,2937285829881.802,358,S1_depeg_stablecoin,indonesia,USDC
183,1.0367802456784925,2937285829881.802,358,S1_depeg_stablecoin,indonesia,USDC
184,1.0495105481497518,2937285829881.802,358,S1_depeg_stablecoin,indonesia,USDC
185,1.0466771625645737,2937285829881.802,358,S1_depeg_stablecoin,indonesia,USDC
186,1.0062484355878256,2937285829881.802,358,S1_depeg_stablecoin,indonesia,USDC
187,1.0252968781907716,2937285829881.802,358,S1_depeg_stablecoin,indonesia,USDC
188,1.015718027049714,2937285829881.802,358,S1_depeg_stablecoin,indonesia,USDC
189,1.0092208830786231,2937285829881.802,358,S1_depeg_stablecoin,indonesia,USDC
190,0.9840794957755687,2937285829881.802,358,S1_depeg_stablecoin,indonesia,USDC
191,1.0024942940823227,2937285829881.802,358,S1_depeg_stablecoin,indonesia,USDC
192,0.9917308635973521,2937285829881.802,358,S1_depeg_stablecoin,indonesia,USDC
193,0.9960747106264782,2937285829881.802,358,S1_depeg_stablecoin,indonesia,USDC
194,1.0371696952654408,2937285829881.802,358,S1_depeg_stablecoin,indonesia,USDC
195,1.0478026674165284,2937285829881.802,358,S1_depeg_stablecoin,indonesia,USDC
196,1.074574464037811,2937285829881.802,358,S1_depeg_stablecoin,indonesia,USDC
197,1.0250342148443614,2937285829881.802,358,S1_depeg_stablecoin,indonesia,USDC
198,1.0262159849569472,2937285829881.802,358,S1_depeg_stablecoin,indonesia,USDC
199,1.040915554787691,2937285829881.802,358,S1_depeg_stablecoin,indonesia,USDC
200,1.0117731988104914,2937285829881.802,358,S1_depeg_stablecoin,indonesia,USDC
201,1.0412198669989645,2937285829881.802,358,S1_depeg_stablecoin,indonesia,USDC
202,1.0357121840830907,2937285829881.802,358,S1_depeg_stablecoin,indonesia,USDC
203,1.019365132091802,2937285829881.802,358,S1_depeg_stablecoin,indonesia,USDC
204,1.006650719439303,2937285829881.802,358,S1_depeg_stablecoin,indonesia,USDC
205,1.0000798353856546,2937285829881.802,358,S1_depeg_stablecoin,indonesia,USDC
206,0.9582304051785674,2937285829881.802,358,S1_depeg_stablecoin,indonesia,USDC
207,0.9725001763807881,2937205847810.979,358,S1_depeg_stablecoin,indonesia,USDC
208,0.9732876953673019,2937205847810.979,358,S1_depeg_stablecoin,indonesia,USDC
209,0.9735380399151689,2937205847810.979,358,S1_depeg_stablecoin,indonesia,USDC
210,0.9522820641008727,2937205847810.979,358,S1_depeg_stablecoin,indonesia,USDC
211,0.9598736029788865,2937082854434.4873,358,S1_depeg_stablecoin,indonesia,USDC
212,0.9861202642164602,2937016802794.395,358,S1_depeg_stablecoin,indonesia,USDC
213,0.9459943931114494,2937016802794.395,358,S1_depeg_stablecoin,indonesia,USDC
214,0.9107070483693697,2936844851576.561,358,S1_depeg_stablecoin,indonesia,USDC
215,0.9141380027287439,2936436149125.1694,358,S1_depeg_stablecoin,indonesia,USDC
216,0.9035887965755611,2936083486811.303,358,S1_depeg_stablecoin,indonesia,USDC
217,0.8847405527295494,2935653468048.62,358,S1_depeg_stablecoin,indonesia,USDC
218,0.9149415691317655,2935139202215.833,358,S1_depeg_stablecoin,indonesia,USDC
219,0.9399283315518384,2934844098303.171,358,S1_depeg_stablecoin,indonesia,USDC
220,0.9452130715423966,2934693028630.934,358,S1_depeg_stablecoin,indonesia,USDC
221,0.9449338654206839,2934581872844.0938,358,S1_depeg_stablecoin,indonesia,USDC
222,0.9282013845091683,2934462920332.473,358,S1_depeg_stablecoin,indonesia,USDC
223,0.9474002950199976,2934273555081.382,358,S1_depeg_stablecoin,indonesia,USDC
224,0.9660311662544755,2934181510955.4004,358,S1_depeg_stablecoin,indonesia,USDC
225,0.9653524593641091,2934168668960.539,358,S1_depeg_stablecoin,indonesia,USDC
226,0.9456647295903604,2934150364952.7085,358,S1_depeg_stablecoin,indonesia,USDC
227,0.9318188648618118,2934049378493.0176,358,S1_depeg_stablecoin,indonesia,USDC
228,0.9496879635044434,2933887099260.7583,358,S1_depeg_stablecoin,indonesia,USDC
229,0.9614260044003622,2933805042210.8677,358,S1_depeg_stablecoin,indonesia,USDC
230,0.9657588678944712,2933772277773.726,358,S1_depeg_stablecoin,indonesia,USDC
231,0.9639804400567719,2933761927775.1914,358,S1_depeg_stablecoin,indonesia,USDC
232,0.9391221383315225,2933744708646.5244,358,S1_depeg_stablecoin,indonesia,USDC
233,0.970815545160036,2933627524064.176,358,S1_depeg_stablecoin,indonesia,USDC
234,0.9596786539378493,2933627524064.176,358,S1_depeg_stablecoin,indonesia,USDC
235,0.9515810865703359,2933592166422.6494,358,S1_depeg_stablecoin,indonesia,USDC
236,0.9604664645393151,2933523375141.131,358,S1_depeg_stablecoin,indonesia,USDC
237,0.9654675742745974,2933494388517.753,358,S1_depeg_stablecoin,indonesia,USDC
238,0.9478117040029758,2933477138467.2744,358,S1_depeg_stablecoin,indonesia,USDC
239,0.8864050865763864,2933399637081.8994,358,S1_depeg_stablecoin,indonesia,USDC
240,0.8915152725097453,2933096716687.969,358,S1_depeg_stablecoin,indonesia,USDC
241,0.898280092224559,2932836209704.4966,358,S1_depeg_stablecoin,indonesia,USDC
242,0.8785887690275012,2932622468908.255,358,S1_depeg_stablecoin,indonesia,USDC
243,0.8725455454074622,2932368575733.088,358,S1_depeg_stablecoin,indonesia,USDC
244,0.9045273332449802,2932116300203.714,358,S1_depeg_stablecoin,indonesia,USDC
245,0.8918008543962194,2931963880465.714,358,S1_depeg_stablecoin,indonesia,USDC
246,0.8869115189211771,2931801700562.7944,358,S1_depeg_stablecoin,indonesia,USDC
247,0.889268441160599,2931638270428.537,358,S1_depeg_stablecoin,indonesia,USDC
248,0.8881116393154687,2931492526880.9463,358,S1_depeg_stablecoin,indonesia,USDC
249,0.9066613017787878,2931353056582.795,358,S1_depeg_stablecoin,indonesia,USDC
250,0.9434007515440958,2931256825202.7485,358,S1_depeg_stablecoin,indonesia,USDC
251,0.9607931614997127,2931218338999.4067,358,S1_depeg_stablecoin,indonesia,USDC
252,0.9695090628656091,2931207762901.675,358,S1_depeg_stablecoin,indonesia,USDC
253,0.9958227430444375,2931207051742.8223,358,S1_depeg_stablecoin,indonesia,USDC
254,1.0055801670290005,2931207051742.8223,358,S1_depeg_stablecoin,indonesia,USDC
255,1.0161012069488073,2931207051742.8223,358,S1_depeg_stablecoin,indonesia,USDC
256,1.0073952984456214,2931207051742.8223,358,S1_depeg_stablecoin,indonesia,USDC
257,1.0150616826130423,2931207051742.8223,358,S1_depeg_stablecoin,indonesia,USDC
258,0.9920715935096758,2931207051742.8223,358,S1_depeg_stablecoin,indonesia,USDC
259,0.9984462217401493,2931207051742.8223,358,S1_depeg_stablecoin,indonesia,USDC
260,0.9998704137702004,2931207051742.8223,358,S1_depeg_stablecoin,indonesia,USDC
261,1.0188421228588183,2931207051742.8223,358,S1_depeg_stablecoin,indonesia,USDC
262,1.0221183381414998,2931207051742.8223,358,S1_depeg_stablecoin,indonesia,USDC
263,1.0546876172924156,2931207051742.8223,358,S1_depeg_stablecoin,indonesia,USDC
264,1.0243908659399172,2931207051742.8223,358,S1_depeg_stablecoin,indonesia,USDC
265,1.0133059576203842,2931207051742.8223,358,S1_depeg_stablecoin,indonesia,USDC
266,1.0006485679165773,2931207051742.8223,358,S1_depeg_stablecoin,indonesia,USDC
267,1.0009206114211995,2931207051742.8223,358,S1_depeg_stablecoin,indonesia,USDC
268,0.9746105848038027,2931207051742.8223,358,S1_depeg_stablecoin,indonesia,USDC
269,0.986941747792537,2931207051742.8223,358,S1_depeg_stablecoin,indonesia,USDC
270,1.0239043074657803,2931207051742.8223,358,S1_depeg_stablecoin,indonesia,USDC
271,1.0513839177688682,2931207051742.8223,358,S1_depeg_stablecoin,indonesia,USDC
272,1.0675926553296442,2931207051742.8223,358,S1_depeg_stablecoin,indonesia,USDC
273,1.0432992279689495,2931207051742.8223,358,S1_depeg_stablecoin,indonesia,USDC
274,1.0588697097504303,2931207051742.8223,358,S1_depeg_stablecoin,indonesia,USDC
275,1.037376872850616,2931207051742.8223,358,S1_depeg_stablecoin,indonesia,USDC
276,1.0449130611364295,2931207051742.8223,358,S1_depeg_stablecoin,indonesia,USDC
277,1.0528596925663722,2931207051742.8223,358,S1_depeg_stablecoin,indonesia,USDC
278,1.0354779010580641,2931207051742.8223,358,S1_depeg_stablecoin,indonesia,USDC
279,1.0457479917353873,2931207051742.8223,358,S1_depeg_stablecoin,indonesia,USDC
280,1.0262382537288095,2931207051742.8223,358,S1_depeg_stablecoin,indonesia,USDC
281,1.0418220618736627,2931207051742.8223,358,S1_depeg_stablecoin,indonesia,USDC
282,1.0582074417582483,2931207051742.8223,358,S1_depeg_stablecoin,indonesia,USDC
283,1.0230406832600436,2931207051742.8223,358,S1_depeg_stablecoin,indonesia,USDC
284,1.026968878660575,2931207051742.8223,358,S1_depeg_stablecoin,indonesia,USDC
285,1.0194996244184207,2931207051742.8223,358,S1_depeg_stablecoin,indonesia,USDC
286,1.0226743484632128,2931207051742.8223,358,S1_depeg_stablecoin,indonesia,USDC
287,1.0109500474967057,2931207051742.8223,358,S1_depeg_stablecoin,indonesia,USDC
288,1.0208718179181653,2931207051742.8223,358,S1_depeg_stablecoin,indonesia,USDC
289,1.0164498576817438,2931207051742.8223,358,S1_depeg_stablecoin,indonesia,USDC
290,1.0576840788668826,2931207051742.8223,358,S1_depeg_stablecoin,indonesia,USDC
291,1.0364847977139315,2931207051742.8223,358,S1_depeg_stablecoin,indonesia,USDC
292,1.0391176617167708,2931207051742.8223,358,S1_depeg_stablecoin,indonesia,USDC
293,1.0032365145225797,2931207051742.8223,358,S1_depeg_stablecoin,indonesia,USDC
294,1.003802764711541,2931207051742.8223,358,S1_depeg_stablecoin,indonesia,USDC
295,0.9962225688433841,2931207051742.8223,358,S1_depeg_stablecoin,indonesia,USDC
296,1.0083390844843185,2931207051742.8223,358,S1_depeg_stablecoin,indonesia,USDC
297,0.9985099987569228,2931207051742.8223,358,S1_depeg_stablecoin,indonesia,USDC
298,0.9975706096607018,2931207051742.8223,358,S1_depeg_stablecoin,indonesia,USDC
299,0.979162060238627,2931207051742.8223,358,S1_depeg_stablecoin,indonesia,USDC
300,0.9587684591646531,2931207051742.8223,358,S1_depeg_stablecoin,indonesia,USDC
301,0.9363507799266018,2931190790257.298,358,S1_depeg_stablecoin,indonesia,USDC
302,0.934416247633533,2931145658758.534,358,S1_depeg_stablecoin,indonesia,USDC
303,0.9345421670235005,2931100931496.598,358,S1_depeg_stablecoin,indonesia,USDC
304,0.9596041131944002,2931056414006.9585,358,S1_depeg_stablecoin,indonesia,USDC
305,0.9721928069167189,2931044731403.929,358,S1_depeg_stablecoin,indonesia,USDC
306,0.9309728820398576,2931044731403.929,358,S1_depeg_stablecoin,indonesia,USDC
307,0.9245326221450325,2930996242425.6777,358,S1_depeg_stablecoin,indonesia,USDC
308,0.9565312046197444,2930940294279.5425,358,S1_depeg_stablecoin,indonesia,USDC
309,0.9548020168841309,2930925331341.7456,358,S1_depeg_stablecoin,indonesia,USDC
310,0.9814204021114608,2930907741080.3477,358,S1_depeg_stablecoin,indonesia,USDC
311,0.9581313910309284,2930907741080.3477,358,S1_depeg_stablecoin,indonesia,USDC
312,0.9407099238101728,2930894219490.7393,358,S1_depeg_stablecoin,indonesia,USDC
313,0.9328991794323876,2930861258385.547,358,S1_depeg_stablecoin,indonesia,USDC
314,0.9178174417381778,2930823197173.4883,358,S1_depeg_stablecoin,indonesia,USDC
315,0.9197067450231519,2930768295139.022,358,S1_depeg_stablecoin,indonesia,USDC
316,0.9200885604502606,2930718227468.255,358,S1_depeg_stablecoin,indonesia,USDC
317,0.9572314179785926,2930674887551.217,358,S1_depeg_stablecoin,indonesia,USDC
318,0.9609685023130298,2930664051618.0547,358,S1_depeg_stablecoin,indonesia,USDC
319,0.9416427511400262,2930656031222.946,358,S1_depeg_stablecoin,indonesia,USDC
320,0.8627701713165667,2930631083121.4775,358,S1_depeg_stablecoin,indonesia,USDC
321,0.8871597013362708,2930541471175.5347,358,S1_depeg_stablecoin,indonesia,USDC
322,0.8829928247121767,2930481229577.7783,358,S1_depeg_stablecoin,indonesia,USDC
323,0.8974768693392113,2930423069550.621,358,S1_depeg_stablecoin,indonesia,USDC
324,0.9192543960456394,2930376682889.2705,358,S1_depeg_stablecoin,indonesia,USDC
325,0.936810812344988,2930349041339.799,358,S1_depeg_stablecoin,indonesia,USDC
326,0.9383551199458867,2930330945733.749,358,S1_depeg_stablecoin,indonesia,USDC
327,0.9455230446334834,2930314822505.294,358,S1_depeg_stablecoin,indonesia,USDC
328,0.976308892068092,2930301898255.2236,358,S1_depeg_stablecoin,indonesia,USDC
329,0.9732538304887766,2930301898255.2236,358,S1_depeg_stablecoin,indonesia,USDC
330,0.9609809786074207,2930301898255.2236,358,S1_depeg_stablecoin,indonesia,USDC
331,0.9626230457496603,2930297592387.6143,358,S1_depeg_stablecoin,indonesia,USDC
332,0.9573708388688608,2930293828266.798,358,S1_depeg_stablecoin,indonesia,USDC
333,0.9830012902264023,2930288512507.965,358,S1_depeg_stablecoin,indonesia,USDC
334,0.981139653154903,2930288512507.965,358,S1_depeg_stablecoin,indonesia,USDC
335,0.9815247170808755,2930288512507.965,358,S1_depeg_stablecoin,indonesia,USDC
336,0.972627783045456,2930288512507.965,358,S1_depeg_stablecoin,indonesia,USDC
337,0.9862701446193278,2930288512507.965,358,S1_depeg_stablecoin,indonesia,USDC
338,0.9810520728780119,2930288512507.965,358,S1_depeg_stablecoin,indonesia,USDC
339,0.959012908499641,2930288512507.965,358,S1_depeg_stablecoin,indonesia,USDC
340,0.9764455283546489,2930283345876.0327,358,S1_depeg_stablecoin,indonesia,USDC
341,0.9811377380456097,2930283345876.0327,358,S1_depeg_stablecoin,indonesia,USDC
342,0.9808913315151243,2930283345876.0327,358,S1_depeg_stablecoin,indonesia,USDC
343,0.9696426579593155,2930283345876.0327,358,S1_depeg_stablecoin,indonesia,USDC
344,0.9750028618202167,2930283345876.0327,358,S1_depeg_stablecoin,indonesia,USDC
345,0.9918788012864878,2930283345876.0327,358,S1_depeg_stablecoin,indonesia,USDC
346,0.9891793001114776,2930283345876.0327,358,S1_depeg_stablecoin,indonesia,USDC
347,0.9953799545719839,2930283345876.0327,358,S1_depeg_stablecoin,indonesia,USDC
348,0.9968600428398906,2930283345876.0327,358,S1_depeg_stablecoin,indonesia,USDC
349,1.021260579884317,2930283345876.0327,358,S1_depeg_stablecoin,indonesia,USDC
350,1.0425420742219578,2930283345876.0327,358,S1_depeg_stablecoin,indonesia,USDC
351,1.025627010029528,2930283345876.0327,358,S1_depeg_stablecoin,indonesia,USDC
352,1.0248254648095352,2930283345876.0327,358,S1_depeg_stablecoin,indonesia,USDC
353,1.0178265758054674,2930283345876.0327,358,S1_depeg_stablecoin,indonesia,USDC
354,0.9865110631492477,2930283345876.0327,358,S1_depeg_stablecoin,indonesia,USDC
355,0.978129867006337,2930283345876.0327,358,S1_depeg_stablecoin,indonesia,USDC
356,0.9838663356240424,2930283345876.0327,358,S1_depeg_stablecoin,indonesia,USDC
357,0.987217647046295,2930283345876.0327,358,S1_depeg_stablecoin,indonesia,USDC
358,1.0176305934188035,2930283345876.0327,358,S1_depeg_stablecoin,indonesia,USDC
359,0.9840487375995469,2930283345876.0327,358,S1_depeg_stablecoin,indonesia,USDC
360,0.9622954909864553,2930283345876.0327,358,S1_depeg_stablecoin,indonesia,USDC
361,0.9550425284243722,2930279527776.16,358,S1_depeg_stablecoin,indonesia,USDC
362,0.9816070297796471,2930272544429.8896,358,S1_depeg_stablecoin,indonesia,USDC
363,0.9683486538194216,2930272544429.8896,358,S1_depeg_stablecoin,indonesia,USDC
364,0.9982033170797229,2930272002242.327,358,S1_depeg_stablecoin,indonesia,USDC
365,1.0182563300550143,2930272002242.327,358,S1_depeg_stablecoin,indonesia,USDC
366,1.0080387733863145,2930272002242.327,358,S1_depeg_stablecoin,indonesia,USDC
367,1.0099822389636597,2930272002242.327,358,S1_depeg_stablecoin,indonesia,USDC
368,1.0203339489152368,2930272002242.327,358,S1_depeg_stablecoin,indonesia,USDC
369,1.052354909571575,2930272002242.327,358,S1_depeg_stablecoin,indonesia,USDC
370,1.0370940134785314,2930272002242.327,358,S1_depeg_stablecoin,indonesia,USDC
371,1.0179562306796834,2930272002242.327,358,S1_depeg_stablecoin,indonesia,USDC
372,0.9890017530366803,2930272002242.327,358,S1_depeg_stablecoin,indonesia,USDC
373,0.9908341051285905,2930272002242.327,358,S1_depeg_stablecoin,indonesia,USDC
374,0.9722005993378852,2930272002242.327,358,S1_depeg_stablecoin,indonesia,USDC
375,0.946931469003878,2930272002242.327,358,S1_depeg_stablecoin,indonesia,USDC
376,0.9474985783350648,2930261272188.077,358,S1_depeg_stablecoin,indonesia,USDC
377,0.9424536049130837,2930251874439.8296,358,S1_depeg_stablecoin,indonesia,USDC
378,0.9557869822078645,2930239553845.7036,358,S1_depeg_stablecoin,indonesia,USDC
379,0.947786074707978,2930233820710.2617,358,S1_depeg_stablecoin,indonesia,USDC
380,0.9673586554351908,2930224718193.7056,358,S1_depeg_stablecoin,indonesia,USDC
381,0.9788108229027747,2930223806295.827,358,S1_depeg_stablecoin,indonesia,USDC
382,0.9576427581666729,2930223806295.827,358,S1_depeg_stablecoin,indonesia,USDC
383,0.9735425088400603,2930218748724.2197,358,S1_depeg_stablecoin,indonesia,USDC
384,1.001926286236723,2930218748724.2197,358,S1_depeg_stablecoin,indonesia,USDC
385,0.9856847822819507,2930218748724.2197,358,S1_depeg_stablecoin,indonesia,USDC
386,0.9749305406504523,2930218748724.2197,358,S1_depeg_stablecoin,indonesia,USDC
387,1.0082155749258337,2930218748724.2197,358,S1_depeg_stablecoin,indonesia,USDC
388,0.9635042504508604,2930218748724.2197,358,S1_depeg_stablecoin,indonesia,USDC
389,0.9543166655818781,2930216481200.5356,358,S1_depeg_stablecoin,indonesia,USDC
390,0.9640215984315715,2930210437805.5703,358,S1_depeg_stablecoin,indonesia,USDC
391,0.9602472355046188,2930208177714.685,358,S1_depeg_stablecoin,indonesia,USDC
392,0.9556567848824188,2930204931317.445,358,S1_depeg_stablecoin,indonesia,USDC
393,0.9529878521815022,2930199292356.345,358,S1_depeg_stablecoin,indonesia,USDC
394,0.9755151094256111,2930193297049.8984,358,S1_depeg_stablecoin,indonesia,USDC
395,0.9822326540593179,2930193297049.8984,358,S1_depeg_stablecoin,indonesia,USDC
396,0.9702655751398311,2930193297049.8984,358,S1_depeg_stablecoin,indonesia,USDC
397,0.9513762158131255,2930193297049.8984,358,S1_depeg_stablecoin,indonesia,USDC
398,0.9510736797571337,2930186447728.0195,358,S1_depeg_stablecoin,indonesia,USDC
399,0.9263607563947582,2930179927052.919,358,S1_depeg_stablecoin,indonesia,USDC
400,0.9390282846010819,2930162953587.1953,358,S1_depeg_stablecoin,indonesia,USDC
401,0.9377558100957998,2930151449107.351,358,S1_depeg_stablecoin,indonesia,USDC
402,0.9410025077252839,2930140228686.6855,358,S1_depeg_stablecoin,indonesia,USDC
403,0.9479637058321754,2930130136879.817,358,S1_depeg_stablecoin,indonesia,USDC
404,0.9589651565669766,2930122696996.969,358,S1_depeg_stablecoin,indonesia,USDC
405,0.9643103141353482,2930119733026.9473,358,S1_depeg_stablecoin,indonesia,USDC
406,0.9800528395912663,2930118259805.2007,358,S1_depeg_stablecoin,indonesia,USDC
407,1.0130807402638324,2930118259805.2007,358,S1_depeg_stablecoin,indonesia,USDC
408,1.068397201667174,2930118259805.2007,358,S1_depeg_stablecoin,indonesia,USDC
409,1.0495078741458808,2930118259805.2007,358,S1_depeg_stablecoin,indonesia,USDC
410,1.0453956897151218,2930118259805.2007,358,S1_depeg_stablecoin,indonesia,USDC
411,1.0545411582535842,2930118259805.2007,358,S1_depeg_stablecoin,indonesia,USDC
412,1.0429811242694578,2930118259805.2007,358,S1_depeg_stablecoin,indonesia,USDC
413,1.0394052483673675,2930118259805.2007,358,S1_depeg_stablecoin,indonesia,USDC
414,1.054251403292251,2930118259805.2007,358,S1_depeg_stablecoin,indonesia,USDC
415,1.0322740032479603,2930118259805.2007,358,S1_depeg_stablecoin,indonesia,USDC
416,1.0748780178275956,2930118259805.2007,358,S1_depeg_stablecoin,indonesia,USDC
417,1.081583718497305,2930118259805.2007,358,S1_depeg_stablecoin,indonesia,USDC
418,1.0407656519928468,2930118259805.2007,358,S1_depeg_stablecoin,indonesia,USDC
419,1.023630438322097,2930118259805.2007,358,S1_depeg_stablecoin,indonesia,USDC
420,1.0351198214901782,2930118259805.2007,358,S1_depeg_stablecoin,indonesia,USDC
421,1.0116512859035443,2930118259805.2007,358,S1_depeg_stablecoin,indonesia,USDC
422,1.0382125491281544,2930118259805.2007,358,S1_depeg_stablecoin,indonesia,USDC
423,1.0526309263871436,2930118259805.2007,358,S1_depeg_stablecoin,indonesia,USDC
424,1.0779548561789203,2930118259805.2007,358,S1_depeg_stablecoin,indonesia,USDC
425,1.053285129159361,2930118259805.2007,358,S1_depeg_stablecoin,indonesia,USDC
426,1.0305397075576206,2930118259805.2007,358,S1_depeg_stablecoin,indonesia,USDC
427,1.0430482443068965,2930118259805.2007,358,S1_depeg_stablecoin,indonesia,USDC
428,1.0344376958854384,2930118259805.2007,358,S1_depeg_stablecoin,indonesia,USDC
429,1.0548013628584063,2930118259805.2007,358,S1_depeg_stablecoin,indonesia,USDC
430,1.0461319722442999,2930118259805.2007,358,S1_depeg_stablecoin,indonesia,USDC
431,1.0492264473712596,2930118259805.2007,358,S1_depeg_stablecoin,indonesia,USDC
432,1.0199986066850708,2930118259805.2007,358,S1_depeg_stablecoin,indonesia,USDC
433,1.0512070689161928,2930118259805.2007,358,S1_depeg_stablecoin,indonesia,USDC
434,1.0607754356928827,2930118259805.2007,358,S1_depeg_stablecoin,indonesia,USDC
435,1.0576969100540559,2930118259805.2007,358,S1_depeg_stablecoin,indonesia,USDC
436,1.032075604388713,2930118259805.2007,358,S1_depeg_stablecoin,indonesia,USDC
437,0.8879789572233172,2930118259805.2007,358,S1_depeg_stablecoin,indonesia,USDC
438,0.9156475497313304,2930093394642.831,358,S1_depeg_stablecoin,indonesia,USDC
439,0.9094949608526859,2930078367183.657,358,S1_depeg_stablecoin,indonesia,USDC
440,0.870427435019966,2930061590513.843,358,S1_depeg_stablecoin,indonesia,USDC
441,0.8887250206913297,2930035578339.2256,358,S1_depeg_stablecoin,indonesia,USDC
442,0.863225880262833,2930016951017.371,358,S1_depeg_stablecoin,indonesia,USDC
443,0.8783863089600162,2929993861715.951,358,S1_depeg_stablecoin,indonesia,USDC
444,0.9147656837316486,2929977000624.255,358,S1_depeg_stablecoin,indonesia,USDC
445,0.9393440133234586,2929967584294.678,358,S1_depeg_stablecoin,indonesia,USDC
446,0.9384263815142464,2929962544652.965,358,S1_depeg_stablecoin,indonesia,USDC
447,0.962342306497059,2929957339930.805,358,S1_depeg_stablecoin,indonesia,USDC
448,0.9898042316625093,2929956318905.9443,358,S1_depeg_stablecoin,indonesia,USDC
449,0.9660903927297617,2929956318905.9443,358,S1_depeg_stablecoin,indonesia,USDC
450,0.979927147692238,2929955878734.446,358,S1_depeg_stablecoin,indonesia,USDC
451,0.991401555926624,2929955878734.446,358,S1_depeg_stablecoin,indonesia,USDC
452,0.975475925676395,2929955878734.446,358,S1_depeg_stablecoin,indonesia,USDC
453,0.9695549216315402,2929955878734.446,358,S1_depeg_stablecoin,indonesia,USDC
454,0.9783068132889752,2929955831683.054,358,S1_depeg_stablecoin,indonesia,USDC
455,0.8447452313672269,2929955831683.054,358,S1_depeg_stablecoin,indonesia,USDC
456,0.8443199442893917,2929937276938.498,358,S1_depeg_stablecoin,indonesia,USDC
457,0.8708391752352466,2929920554483.959,358,S1_depeg_stablecoin,indonesia,USDC
458,0.8960814020125004,2929909020844.8623,358,S1_depeg_stablecoin,indonesia,USDC
459,0.9188727279830051,2929900914573.996,358,S1_depeg_stablecoin,indonesia,USDC
460,0.9229330038769272,2929895734979.74,358,S1_depeg_stablecoin,indonesia,USDC
461,0.9349465034131607,2929891464804.172,358,S1_depeg_stablecoin,indonesia,USDC
462,0.9482578216812642,2929888454110.847,358,S1_depeg_stablecoin,indonesia,USDC
463,0.9277202311095322,2929886530753.9077,358,S1_depeg_stablecoin,indonesia,USDC
464,0.9526762124936109,2929883186969.1367,358,S1_depeg_stablecoin,indonesia,USDC
465,0.9352052305205671,2929881879781.086,358,S1_depeg_stablecoin,indonesia,USDC
466,0.9583914339646284,2929879214550.787,358,S1_depeg_stablecoin,indonesia,USDC
467,0.9319962562284906,2929878298208.9277,358,S1_depeg_stablecoin,indonesia,USDC
468,0.9455103908432704,2929875334220.387,358,S1_depeg_stablecoin,indonesia,USDC
469,0.9498308452435015,2929873567986.5293,358,S1_depeg_stablecoin,indonesia,USDC
470,0.9892923120208172,2929872276715.8945,358,S1_depeg_stablecoin,indonesia,USDC
471,0.9841129183090442,2929872276715.8945,358,S1_depeg_stablecoin,indonesia,USDC
472,1.0279153783818076,2929872276715.8945,358,S1_depeg_stablecoin,indonesia,USDC
473,1.0001688057863154,2929872276715.8945,358,S1_depeg_stablecoin,indonesia,USDC
474,1.018515799785381,2929872276715.8945,358,S1_depeg_stablecoin,indonesia,USDC
475,0.9980852512040935,2929872276715.8945,358,S1_depeg_stablecoin,indonesia,USDC
476,0.9913786416643756,2929872276715.8945,358,S1_depeg_stablecoin,indonesia,USDC
477,1.032531043375434,2929872276715.8945,358,S1_depeg_stablecoin,indonesia,USDC
478,1.0446002286377465,2929872276715.8945,358,S1_depeg_stablecoin,indonesia,USDC
479,1.060099646611931,2929872276715.8945,358,S1_depeg_stablecoin,indonesia,USDC
480,1.0261891416127382,2929872276715.8945,358,S1_depeg_stablecoin,indonesia,USDC
481,1.0217191840326647,2929872276715.8945,358,S1_depeg_stablecoin,indonesia,USDC
482,1.0208379628758741,2929872276715.8945,358,S1_depeg_stablecoin,indonesia,USDC
483,1.0259204322646869,2929872276715.8945,358,S1_depeg_stablecoin,indonesia,USDC
484,0.9973986145331432,2929872276715.8945,358,S1_depeg_stablecoin,indonesia,USDC
485,1.0214742660019236,2929872276715.8945,358,S1_depeg_stablecoin,indonesia,USDC
486,1.006573321788319,2929872276715.8945,358,S1_depeg_stablecoin,indonesia,USDC
487,1.0405374025602883,2929872276715.8945,358,S1_depeg_stablecoin,indonesia,USDC
488,1.0288527874171602,2929872276715.8945,358,S1_depeg_stablecoin,indonesia,USDC
489,1.025765115920778,2929872276715.8945,358,S1_depeg_stablecoin,indonesia,USDC
490,1.0112220070448783,2929872276715.8945,358,S1_depeg_stablecoin,indonesia,USDC
491,0.9836382860356421,2929872276715.8945,358,S1_depeg_stablecoin,indonesia,USDC
492,0.9811840790274566,2929872276715.8945,358,S1_depeg_stablecoin,indonesia,USDC
493,0.9671413214507297,2929872276715.8945,358,S1_depeg_stablecoin,indonesia,USDC
494,0.9640152882879481,2929872110453.746,358,S1_depeg_stablecoin,indonesia,USDC
495,0.9513335456038523,2929871810719.7227,358,S1_depeg_stablecoin,indonesia,USDC
496,0.9710252635650807,2929870537216.2524,358,S1_depeg_stablecoin,indonesia,USDC
497,0.9686076596755617,2929870537216.2524,358,S1_depeg_stablecoin,indonesia,USDC
498,0.9749942867920173,2929870537216.2524,358,S1_depeg_stablecoin,indonesia,USDC
499,0.9784683957918793,2929870537216.2524,358,S1_depeg_stablecoin,indonesia,USDC
500,0.9962277974215974,2929870537216.2524,358,S1_depeg_stablecoin,indonesia,USDC
501,0.9852685998728872,2929870537216.2524,358,S1_depeg_stablecoin,indonesia,USDC
502,0.9845728397135751,2929870537216.2524,358,S1_depeg_stablecoin,indonesia,USDC
503,0.9756115138106742,2929870537216.2524,358,S1_depeg_stablecoin,indonesia,USDC
504,0.9579956240505468,2929870537216.2524,358,S1_depeg_stablecoin,indonesia,USDC
505,0.9323911664747198,2929869745805.3296,358,S1_depeg_stablecoin,indonesia,USDC
506,0.954028716359662,2929867144210.37,358,S1_depeg_stablecoin,indonesia,USDC
507,0.9517800791138413,2929866133819.645,358,S1_depeg_stablecoin,indonesia,USDC
508,0.9528125508914413,2929865046695.306,358,S1_depeg_stablecoin,indonesia,USDC
509,0.9504173705243157,2929863991337.849,358,S1_depeg_stablecoin,indonesia,USDC
510,0.9373481126078163,2929862804591.896,358,S1_depeg_stablecoin,indonesia,USDC
511,0.9583383028156364,2929860973828.5576,358,S1_depeg_stablecoin,indonesia,USDC
512,0.9378634259786409,2929860272589.38,358,S1_depeg_stablecoin,indonesia,USDC
513,0.9327360882946139,2929858486720.4985,358,S1_depeg_stablecoin,indonesia,USDC
514,0.9411512350304916,2929856535130.8604,358,S1_depeg_stablecoin,indonesia,USDC
515,0.9189155154292701,2929854987692.229,358,S1_depeg_stablecoin,indonesia,USDC
516,0.9246653610530724,2929852231145.134,358,S1_depeg_stablecoin,indonesia,USDC
517,0.9352853047220894,2929850106245.5635,358,S1_depeg_stablecoin,indonesia,USDC
518,0.9382488631034845,2929848407720.27,358,S1_depeg_stablecoin,indonesia,USDC
519,0.945907487545774,2929847055456.3213,358,S1_depeg_stablecoin,indonesia,USDC
520,0.9099114898521274,2929846034295.2495,358,S1_depeg_stablecoin,indonesia,USDC
521,0.9135371398757828,2929843548005.3604,358,S1_depeg_stablecoin,indonesia,USDC
522,0.8950122729009081,2929841228788.091,358,S1_depeg_stablecoin,indonesia,USDC
523,0.8789757562684447,2929838315080.166,358,S1_depeg_stablecoin,indonesia,USDC
524,0.9059037148558805,2929835115077.7583,358,S1_depeg_stablecoin,indonesia,USDC
525,0.9726958637179184,2929833021584.0117,358,S1_depeg_stablecoin,indonesia,USDC
526,0.9666351817981347,2929833021584.0117,358,S1_depeg_stablecoin,indonesia,USDC
527,0.9654495866727058,2929832933531.0454,358,S1_depeg_stablecoin,indonesia,USDC
528,0.9723649610056294,2929832809346.457,358,S1_depeg_stablecoin,indonesia,USDC
529,0.984581240184946,2929832809346.457,358,S1_depeg_stablecoin,indonesia,USDC
530,0.970344308619783,2929832809346.457,358,S1_depeg_stablecoin,indonesia,USDC
531,0.9774561960531809,2929832809346.457,358,S1_depeg_stablecoin,indonesia,USDC
532,0.9562991472574146,2929832809346.457,358,S1_depeg_stablecoin,indonesia,USDC
533,0.9573936771038585,2929832451247.6,358,S1_depeg_stablecoin,indonesia,USDC
534,0.9575512483716928,2929832107348.4863,358,S1_depeg_stablecoin,indonesia,USDC
535,0.9773443049975657,2929831793711.7812,358,S1_depeg_stablecoin,indonesia,USDC
536,0.9773559043660188,2929831793711.7812,358,S1_depeg_stablecoin,indonesia,USDC
537,0.9867155389529618,2929831793711.7812,358,S1_depeg_stablecoin,indonesia,USDC
538,0.9817706830280675,2929831793711.7812,358,S1_depeg_stablecoin,indonesia,USDC
539,1.014307851915629,2929831793711.7812,358,S1_depeg_stablecoin,indonesia,USDC
540,1.0161446615637442,2929831793711.7812,358,S1_depeg_stablecoin,indonesia,USDC
541,1.0170583298094866,2929831793711.7812,358,S1_depeg_stablecoin,indonesia,USDC
542,1.020130237753242,2929831793711.7812,358,S1_depeg_stablecoin,indonesia,USDC
543,1.034681761078838,2929831793711.7812,358,S1_depeg_stablecoin,indonesia,USDC
544,1.0418787049227012,2929831793711.7812,358,S1_depeg_stablecoin,indonesia,USDC
545,1.0539676133972669,2929831793711.7812,358,S1_depeg_stablecoin,indonesia,USDC
546,1.063559113382011,2929831793711.7812,358,S1_depeg_stablecoin,indonesia,USDC
547,1.0649259034066128,2929831793711.7812,358,S1_depeg_stablecoin,indonesia,USDC
548,1.017890182327927,2929831793711.7812,358,S1_depeg_stablecoin,indonesia,USDC
549,1.0270866946575588,2929831793711.7812,358,S1_depeg_stablecoin,indonesia,USDC
550,1.015504544453063,2929831793711.7812,358,S1_depeg_stablecoin,indonesia,USDC
551,0.9985426301071271,2929831793711.7812,358,S1_depeg_stablecoin,indonesia,USDC
552,0.9722029586349799,2929831793711.7812,358,S1_depeg_stablecoin,indonesia,USDC
553,1.002395385036962,2929831793711.7812,358,S1_depeg_stablecoin,indonesia,USDC
554,1.0052886002557704,2929831793711.7812,358,S1_depeg_stablecoin,indonesia,USDC
555,0.9978649465427673,2929831793711.7812,358,S1_depeg_stablecoin,indonesia,USDC
556,1.025086097651608,2929831793711.7812,358,S1_depeg_stablecoin,indonesia,USDC
557,0.9852437634823548,2929831793711.7812,358,S1_depeg_stablecoin,indonesia,USDC
558,0.9950306548876768,2929831793711.7812,358,S1_depeg_stablecoin,indonesia,USDC
559,0.982714434002681,2929831793711.7812,358,S1_depeg_stablecoin,indonesia,USDC
560,1.0016051715105194,2929831793711.7812,358,S1_depeg_stablecoin,indonesia,USDC
561,0.9821348726661607,2929831793711.7812,358,S1_depeg_stablecoin,indonesia,USDC
562,0.970656304786158,2929831793711.7812,358,S1_depeg_stablecoin,indonesia,USDC
563,0.98696035698262,2929831793711.7812,358,S1_depeg_stablecoin,indonesia,USDC
564,0.9894034203471133,2929831793711.7812,358,S1_depeg_stablecoin,indonesia,USDC
565,1.0106033201650013,2929831793711.7812,358,S1_depeg_stablecoin,indonesia,USDC
566,1.0287771718154008,2929831793711.7812,358,S1_depeg_stablecoin,indonesia,USDC
567,1.0173017374793227,2929831793711.7812,358,S1_depeg_stablecoin,indonesia,USDC
568,1.01332817590946,2929831793711.7812,358,S1_depeg_stablecoin,indonesia,USDC
569,1.0171542465519068,2929831793711.7812,358,S1_depeg_stablecoin,indonesia,USDC
570,0.8532454050936045,2929831793711.7812,358,S1_depeg_stablecoin,indonesia,USDC
571,0.8508479276855831,2929828505818.787,358,S1_depeg_stablecoin,indonesia,USDC
572,0.8497519665246368,2929825329265.8047,358,S1_depeg_stablecoin,indonesia,USDC
573,0.8679508160569084,2929822576243.623,358,S1_depeg_stablecoin,indonesia,USDC
574,0.9007919796836046,2929820570160.2974,358,S1_depeg_stablecoin,indonesia,USDC
575,0.8935296366433481,2929819291295.5723,358,S1_depeg_stablecoin,indonesia,USDC
576,0.8820033304668915,2929818040098.708,358,S1_depeg_stablecoin,indonesia,USDC
577,0.8932074750351081,2929816706261.545,358,S1_depeg_stablecoin,indonesia,USDC
578,0.9032673209952743,2929815618603.1016,358,S1_depeg_stablecoin,indonesia,USDC
579,0.9060324082522496,2929814790813.7935,358,S1_depeg_stablecoin,indonesia,USDC
580,0.9246053172723252,2929814029305.9478,358,S1_depeg_stablecoin,indonesia,USDC
581,0.9194277116776237,2929813525789.2417,358,S1_depeg_stablecoin,indonesia,USDC
582,0.9226663285515178,2929812958554.058,358,S1_depeg_stablecoin,indonesia,USDC
583,0.9316687403609236,2929812482883.5054,358,S1_depeg_stablecoin,indonesia,USDC
584,0.9515365899387354,2929812094159.927,358,S1_depeg_stablecoin,indonesia,USDC
585,0.9907489493091446,2929811914318.6,358,S1_depeg_stablecoin,indonesia,USDC
586,0.9995848556147447,2929811914318.6,358,S1_depeg_stablecoin,indonesia,USDC
587,1.0052641283862622,2929811914318.6,358,S1_depeg_stablecoin,indonesia,USDC
588,1.0279914902042102,2929811914318.6,358,S1_depeg_stablecoin,indonesia,USDC
589,1.0207260440828607,2929811914318.6,358,S1_depeg_stablecoin,indonesia,USDC
590,1.023936707861209,2929811914318.6,358,S1_depeg_stablecoin,indonesia,USDC
591,1.0339311512657579,2929811914318.6,358,S1_depeg_stablecoin,indonesia,USDC
592,1.0165075412778735,2929811914318.6,358,S1_depeg_stablecoin,indonesia,USDC
593,1.0219497319540738,2929811914318.6,358,S1_depeg_stablecoin,indonesia,USDC
594,1.0169521631528808,2929811914318.6,358,S1_depeg_stablecoin,indonesia,USDC
595,1.0103279780001444,2929811914318.6,358,S1_depeg_stablecoin,indonesia,USDC
596,1.0152210884460524,2929811914318.6,358,S1_depeg_stablecoin,indonesia,USDC
597,0.9887075954651751,2929811914318.6,358,S1_depeg_stablecoin,indonesia,USDC
598,0.9898171974672825,2929811914318.6,358,S1_depeg_stablecoin,indonesia,USDC
599,1.0213589390402684,2929811914318.6,358,S1_depeg_stablecoin,indonesia,USDC
600,1.016069962044944,2929811914318.6,358,S1_depeg_stablecoin,indonesia,USDC
601,0.9949671824020067,2929811914318.6,358,S1_depeg_stablecoin,indonesia,USDC
602,0.9862987872068886,2929811914318.6,358,S1_depeg_stablecoin,indonesia,USDC
603,0.9601377260446649,2929811914318.6,358,S1_depeg_stablecoin,indonesia,USDC
604,0.950666982944969,2929811820084.431,358,S1_depeg_stablecoin,indonesia,USDC
605,0.9774805763252293,2929811652648.68,358,S1_depeg_stablecoin,indonesia,USDC
606,1.010094517939806,2929811652648.68,358,S1_depeg_stablecoin,indonesia,USDC
607,0.9951533918854084,2929811652648.68,358,S1_depeg_stablecoin,indonesia,USDC
608,1.0294163880747522,2929811652648.68,358,S1_depeg_stablecoin,indonesia,USDC
609,1.0406090029784727,2929811652648.68,358,S1_depeg_stablecoin,indonesia,USDC
610,1.0207351486033862,2929811652648.68,358,S1_depeg_stablecoin,indonesia,USDC
611,1.0136886196694102,2929811652648.68,358,S1_depeg_stablecoin,indonesia,USDC
612,1.0224140106412087,2929811652648.68,358,S1_depeg_stablecoin,indonesia,USDC
613,1.0422634146979013,2929811652648.68,358,S1_depeg_stablecoin,indonesia,USDC
614,1.020425720452477,2929811652648.68,358,S1_depeg_stablecoin,indonesia,USDC
615,0.9941932371699744,2929811652648.68,358,S1_depeg_stablecoin,indonesia,USDC
616,1.0039407774928493,2929811652648.68,358,S1_depeg_stablecoin,indonesia,USDC
617,0.987832783722556,2929811652648.68,358,S1_depeg_stablecoin,indonesia,USDC
618,0.9838069514638571,2929811652648.68,358,S1_depeg_stablecoin,indonesia,USDC
619,0.9952097333530553,2929811652648.68,358,S1_depeg_stablecoin,indonesia,USDC
620,1.0034651201550755,2929811652648.68,358,S1_depeg_stablecoin,indonesia,USDC
621,1.014202934262332,2929811652648.68,358,S1_depeg_stablecoin,indonesia,USDC
622,1.01475494958194,2929811652648.68,358,S1_depeg_stablecoin,indonesia,USDC
623,1.011160622417308,2929811652648.68,358,S1_depeg_stablecoin,indonesia,USDC
624,1.0053000345794434,2929811652648.68,358,S1_depeg_stablecoin,indonesia,USDC
625,1.0186489407263863,2929811652648.68,358,S1_depeg_stablecoin,indonesia,USDC
626,1.0416415601759024,2929811652648.68,358,S1_depeg_stablecoin,indonesia,USDC
627,1.039893040988412,2929811652648.68,358,S1_depeg_stablecoin,indonesia,USDC
628,1.0758082858399407,2929811652648.68,358,S1_depeg_stablecoin,indonesia,USDC
629,1.0569767675305504,2929811652648.68,358,S1_depeg_stablecoin,indonesia,USDC
630,1.08048903635026,2929811652648.68,358,S1_depeg_stablecoin,indonesia,USDC
631,1.0893414860080566,2929811652648.68,358,S1_depeg_stablecoin,indonesia,USDC
632,1.0887229146717472,2929811652648.68,358,S1_depeg_stablecoin,indonesia,USDC
633,1.0808625309732383,2929811652648.68,358,S1_depeg_stablecoin,indonesia,USDC
634,1.059343553926818,2929811652648.68,358,S1_depeg_stablecoin,indonesia,USDC
635,1.0579989816789548,2929811652648.68,358,S1_depeg_stablecoin,indonesia,USDC
636,1.042405483332428,2929811652648.68,358,S1_depeg_stablecoin,indonesia,USDC
637,1.0512446208632118,2929811652648.68,358,S1_depeg_stablecoin,indonesia,USDC
638,1.0363729814478293,2929811652648.68,358,S1_depeg_stablecoin,indonesia,USDC
639,1.0313372756566117,2929811652648.68,358,S1_depeg_stablecoin,indonesia,USDC
640,1.0005447858339107,2929811652648.68,358,S1_depeg_stablecoin,indonesia,USDC
641,1.004861437719604,2929811652648.68,358,S1_depeg_stablecoin,indonesia,USDC
642,0.9604734320578896,2929811652648.68,358,S1_depeg_stablecoin,indonesia,USDC
643,0.9251360739310196,2929811570228.767,358,S1_depeg_stablecoin,indonesia,USDC
644,0.9228409411572456,2929811157467.9727,358,S1_depeg_stablecoin,indonesia,USDC
645,0.9114294754619249,2929810754810.2905,358,S1_depeg_stablecoin,indonesia,USDC
646,0.9305846909412209,2929810277695.9746,358,S1_depeg_stablecoin,indonesia,USDC
647,0.9327157169041193,2929809994892.411,358,S1_depeg_stablecoin,indonesia,USDC
648,0.9247607012547032,2929809737906.3564,358,S1_depeg_stablecoin,indonesia,USDC
649,0.9309993038284868,2929809425325.998,358,S1_depeg_stablecoin,indonesia,USDC
650,0.969261174248597,2929809168705.7446,358,S1_depeg_stablecoin,indonesia,USDC
651,0.9724228744172232,2929809165386.729,358,S1_depeg_stablecoin,indonesia,USDC
652,0.9978753536070951,2929809165386.729,358,S1_depeg_stablecoin,indonesia,USDC
653,1.0143341079601784,2929809165386.729,358,S1_depeg_stablecoin,indonesia,USDC
654,1.0280621592458514,2929809165386.729,358,S1_depeg_stablecoin,indonesia,USDC
655,1.0171235711952251,2929809165386.729,358,S1_depeg_stablecoin,indonesia,USDC
656,1.0292513412007693,2929809165386.729,358,S1_depeg_stablecoin,indonesia,USDC
657,1.054678146406774,2929809165386.729,358,S1_depeg_stablecoin,indonesia,USDC
658,1.0553837425904469,2929809165386.729,358,S1_depeg_stablecoin,indonesia,USDC
659,1.0448009008750392,2929809165386.729,358,S1_depeg_stablecoin,indonesia,USDC
660,1.0357080164655406,2929809165386.729,358,S1_depeg_stablecoin,indonesia,USDC
661,1.0315295492180654,2929809165386.729,358,S1_depeg_stablecoin,indonesia,USDC
662,1.0338806510966403,2929809165386.729,358,S1_depeg_stablecoin,indonesia,USDC
663,1.0252536848405989,2929809165386.729,358,S1_depeg_stablecoin,indonesia,USDC
664,1.0465196959119758,2929809165386.729,358,S1_depeg_stablecoin,indonesia,USDC
665,1.0516923673516783,2929809165386.729,358,S1_depeg_stablecoin,indonesia,USDC
666,1.048552272682305,2929809165386.729,358,S1_depeg_stablecoin,indonesia,USDC
667,1.0278042810993804,2929809165386.729,358,S1_depeg_stablecoin,indonesia,USDC
668,1.026229786853579,2929809165386.729,358,S1_depeg_stablecoin,indonesia,USDC
669,1.0265707285024661,2929809165386.729,358,S1_depeg_stablecoin,indonesia,USDC
670,0.9885061057206431,2929809165386.729,358,S1_depeg_stablecoin,indonesia,USDC
671,0.9897864628945645,2929809165386.729,358,S1_depeg_stablecoin,indonesia,USDC
672,0.9718355642048866,2929809165386.729,358,S1_depeg_stablecoin,indonesia,USDC
673,0.996257347127676,2929809165386.729,358,S1_depeg_stablecoin,indonesia,USDC
674,0.9793879686481018,2929809165386.729,358,S1_depeg_stablecoin,indonesia,USDC
675,0.9748312099259242,2929809165386.729,358,S1_depeg_stablecoin,indonesia,USDC
676,1.0068195480303586,2929809165386.729,358,S1_depeg_stablecoin,indonesia,USDC
677,1.0418412761452243,2929809165386.729,358,S1_depeg_stablecoin,indonesia,USDC
678,1.0063547504963883,2929809165386.729,358,S1_depeg_stablecoin,indonesia,USDC
679,1.0216673330936248,2929809165386.729,358,S1_depeg_stablecoin,indonesia,USDC
680,0.9901338476950009,2929809165386.729,358,S1_depeg_stablecoin,indonesia,USDC
681,1.0321209785013095,2929809165386.729,358,S1_depeg_stablecoin,indonesia,USDC
682,1.0130164878129653,2929809165386.729,358,S1_depeg_stablecoin,indonesia,USDC
683,0.9962527975855415,2929809165386.729,358,S1_depeg_stablecoin,indonesia,USDC
684,0.9903861306149356,2929809165386.729,358,S1_depeg_stablecoin,indonesia,USDC
685,1.0044652838942636,2929809165386.729,358,S1_depeg_stablecoin,indonesia,USDC
686,1.039710201759359,2929809165386.729,358,S1_depeg_stablecoin,indonesia,USDC
687,1.0558741756648042,2929809165386.729,358,S1_depeg_stablecoin,indonesia,USDC
688,1.0438443201802896,2929809165386.729,358,S1_depeg_stablecoin,indonesia,USDC
689,1.0271590215457251,2929809165386.729,358,S1_depeg_stablecoin,indonesia,USDC
690,1.0144301600066568,2929809165386.729,358,S1_depeg_stablecoin,indonesia,USDC
691,0.9882412406840456,2929809165386.729,358,S1_depeg_stablecoin,indonesia,USDC
692,0.9924635033687046,2929809165386.729,358,S1_depeg_stablecoin,indonesia,USDC
693,0.9963920867140063,2929809165386.729,358,S1_depeg_stablecoin,indonesia,USDC
694,1.0163700692998425,2929809165386.729,358,S1_depeg_stablecoin,indonesia,USDC
695,1.0158065428235044,2929809165386.729,358,S1_depeg_stablecoin,indonesia,USDC
696,1.009788459594655,2929809165386.729,358,S1_depeg_stablecoin,indonesia,USDC
697,1.0232615014386146,2929809165386.729,358,S1_depeg_stablecoin,indonesia,USDC
698,1.051458244968917,2929809165386.729,358,S1_depeg_stablecoin,indonesia,USDC
699,1.0568386288446598,2929809165386.729,358,S1_depeg_stablecoin,indonesia,USDC
700,1.101828592574487,2929809165386.729,358,S1_depeg_stablecoin,indonesia,USDC
701,1.0768334892804328,2929809165386.729,358,S1_depeg_stablecoin,indonesia,USDC
702,1.0751450178637112,2929809165386.729,358,S1_depeg_stablecoin,indonesia,USDC
703,1.0774185084370487,2929809165386.729,358,S1_depeg_stablecoin,indonesia,USDC
704,1.0397509349125467,2929809165386.729,358,S1_depeg_stablecoin,indonesia,USDC
705,1.0853522801998303,2929809165386.729,358,S1_depeg_stablecoin,indonesia,USDC
706,1.0796181457286842,2929809165386.729,358,S1_depeg_stablecoin,indonesia,USDC
707,1.0742333493047458,2929809165386.729,358,S1_depeg_stablecoin,indonesia,USDC
708,1.0698556617689343,2929809165386.729,358,S1_depeg_stablecoin,indonesia,USDC
709,1.0457893839091539,2929809165386.729,358,S1_depeg_stablecoin,indonesia,USDC
710,1.0505747911648178,2929809165386.729,358,S1_depeg_stablecoin,indonesia,USDC
711,1.0330206866396767,2929809165386.729,358,S1_depeg_stablecoin,indonesia,USDC
712,1.059419487948211,2929809165386.729,358,S1_depeg_stablecoin,indonesia,USDC
713,1.027836651654634,2929809165386.729,358,S1_depeg_stablecoin,indonesia,USDC
714,1.019752273853382,2929809165386.729,358,S1_depeg_stablecoin,indonesia,USDC
715,1.0174421483921363,2929809165386.729,358,S1_depeg_stablecoin,indonesia,USDC
716,1.0391461493623952,2929809165386.729,358,S1_depeg_stablecoin,indonesia,USDC
717,1.0491936548947776,2929809165386.729,358,S1_depeg_stablecoin,indonesia,USDC
718,1.0298183171493918,2929809165386.729,358,S1_depeg_stablecoin,indonesia,USDC
719,1.0372772566675807,2929809165386.729,358,S1_depeg_stablecoin,indonesia,USDC
720,1.0258357401978193,2929809165386.729,358,S1_depeg_stablecoin,indonesia,USDC
721,1.015717995287098,2929809165386.729,358,S1_depeg_stablecoin,indonesia,USDC
722,1.0422325408615827,2929809165386.729,358,S1_depeg_stablecoin,indonesia,USDC
723,1.032874358623686,2929809165386.729,358,S1_depeg_stablecoin,indonesia,USDC
724,1.0245344629324868,2929809165386.729,358,S1_depeg_stablecoin,indonesia,USDC
725,1.007869522219091,2929809165386.729,358,S1_depeg_stablecoin,indonesia,USDC
726,0.9998407031348927,2929809165386.729,358,S1_depeg_stablecoin,indonesia,USDC
727,0.9882617226472649,2929809165386.729,358,S1_depeg_stablecoin,indonesia,USDC
728,0.9818308415060811,2929809165386.729,358,S1_depeg_stablecoin,indonesia,USDC
729,0.9748475336795296,2929809165386.729,358,S1_depeg_stablecoin,indonesia,USDC
730,0.9923620363036749,2929809165386.729,358,S1_depeg_stablecoin,indonesia,USDC
731,1.0025329129956653,2929809165386.729,358,S1_depeg_stablecoin,indonesia,USDC
732,1.0316786130276538,2929809165386.729,358,S1_depeg_stablecoin,indonesia,USDC
733,1.0349012673373268,2929809165386.729,358,S1_depeg_stablecoin,indonesia,USDC
734,1.0230602949092722,2929809165386.729,358,S1_depeg_stablecoin,indonesia,USDC
735,1.0432097090817698,2929809165386.729,358,S1_depeg_stablecoin,indonesia,USDC
736,1.020160817923961,2929809165386.729,358,S1_depeg_stablecoin,indonesia,USDC
737,0.9967193058692251,2929809165386.729,358,S1_depeg_stablecoin,indonesia,USDC
738,1.001477261189666,2929809165386.729,358,S1_depeg_stablecoin,indonesia,USDC
739,1.049706612925632,2929809165386.729,358,S1_depeg_stablecoin,indonesia,USDC
740,1.0780914187921216,2929809165386.729,358,S1_depeg_stablecoin,indonesia,USDC
741,1.0720007921192887,2929809165386.729,358,S1_depeg_stablecoin,indonesia,USDC
742,1.0348823711691069,2929809165386.729,358,S1_depeg_stablecoin,indonesia,USDC
743,1.0493823336381172,2929809165386.729,358,S1_depeg_stablecoin,indonesia,USDC
744,1.0285549797660922,2929809165386.729,358,S1_depeg_stablecoin,indonesia,USDC
745,1.0488078535128003,2929809165386.729,358,S1_depeg_stablecoin,indonesia,USDC
746,1.070159674323761,2929809165386.729,358,S1_depeg_stablecoin,indonesia,USDC
747,1.0509639498719001,2929809165386.729,358,S1_depeg_stablecoin,indonesia,USDC
748,1.0370522593370612,2929809165386.729,358,S1_depeg_stablecoin,indonesia,USDC
749,1.061676020290606,2929809165386.729,358,S1_depeg_stablecoin,indonesia,USDC
750,1.0893557721106497,2929809165386.729,358,S1_depeg_stablecoin,indonesia,USDC
751,1.090387480986688,2929809165386.729,358,S1_depeg_stablecoin,indonesia,USDC
752,1.0763626402122093,2929809165386.729,358,S1_depeg_stablecoin,indonesia,USDC
753,1.0528857334467738,2929809165386.729,358,S1_depeg_stablecoin,indonesia,USDC
754,1.0451599102570344,2929809165386.729,358,S1_depeg_stablecoin,indonesia,USDC
755,1.0291994712930101,2929809165386.729,358,S1_depeg_stablecoin,indonesia,USDC
756,0.9981853755155626,2929809165386.729,358,S1_depeg_stablecoin,indonesia,USDC
757,1.0320487389287631,2929809165386.729,358,S1_depeg_stablecoin,indonesia,USDC
758,1.0177344274749967,2929809165386.729,358,S1_depeg_stablecoin,indonesia,USDC
759,1.011996582150951,2929809165386.729,358,S1_depeg_stablecoin,indonesia,USDC
760,1.004933953082643,2929809165386.729,358,S1_depeg_stablecoin,indonesia,USDC
761,0.9821086430007148,2929809165386.729,358,S1_depeg_stablecoin,indonesia,USDC
762,1.0055063120359442,2929809165386.729,358,S1_depeg_stablecoin,indonesia,USDC
763,0.9943195617701528,2929809165386.729,358,S1_depeg_stablecoin,indonesia,USDC
764,1.0052876227946714,2929809165386.729,358,S1_depeg_stablecoin,indonesia,USDC
765,1.027624232677398,2929809165386.729,358,S1_depeg_stablecoin,indonesia,USDC
766,1.0091095162376422,2929809165386.729,358,S1_depeg_stablecoin,indonesia,USDC
767,0.9835692378353315,2929809165386.729,358,S1_depeg_stablecoin,indonesia,USDC
768,0.996571602347256,2929809165386.729,358,S1_depeg_stablecoin,indonesia,USDC
769,0.9964566386703031,2929809165386.729,358,S1_depeg_stablecoin,indonesia,USDC
770,0.983342327067432,2929809165386.729,358,S1_depeg_stablecoin,indonesia,USDC
771,1.012654664911512,2929809165386.729,358,S1_depeg_stablecoin,indonesia,USDC
772,1.0038136324065512,2929809165386.729,358,S1_depeg_stablecoin,indonesia,USDC
773,1.0205299053736858,2929809165386.729,358,S1_depeg_stablecoin,indonesia,USDC
774,1.0352680591323558,2929809165386.729,358,S1_depeg_stablecoin,indonesia,USDC
775,1.01987137561823,2929809165386.729,358,S1_depeg_stablecoin,indonesia,USDC
776,1.039809901905626,2929809165386.729,358,S1_depeg_stablecoin,indonesia,USDC
777,1.0574633509685019,2929809165386.729,358,S1_depeg_stablecoin,indonesia,USDC
778,1.0651956533227136,2929809165386.729,358,S1_depeg_stablecoin,indonesia,USDC
779,1.0534132137998764,2929809165386.729,358,S1_depeg_stablecoin,indonesia,USDC
780,1.03176482573401,2929809165386.729,358,S1_depeg_stablecoin,indonesia,USDC
781,0.9929578951871987,2929809165386.729,358,S1_depeg_stablecoin,indonesia,USDC
782,0.9830078123034242,2929809165386.729,358,S1_depeg_stablecoin,indonesia,USDC
783,0.9830204009419253,2929809165386.729,358,S1_depeg_stablecoin,indonesia,USDC
784,1.0130144439511155,2929809165386.729,358,S1_depeg_stablecoin,indonesia,USDC
785,1.0175462970602336,2929809165386.729,358,S1_depeg_stablecoin,indonesia,USDC
786,1.0340633310806018,2929809165386.729,358,S1_depeg_stablecoin,indonesia,USDC
787,1.0298845733486472,2929809165386.729,358,S1_depeg_stablecoin,indonesia,USDC
788,1.0236835494459564,2929809165386.729,358,S1_depeg_stablecoin,indonesia,USDC
789,1.0108391303523419,2929809165386.729,358,S1_depeg_stablecoin,indonesia,USDC
790,0.9939016034566489,2929809165386.729,358,S1_depeg_stablecoin,indonesia,USDC
791,0.9840058209406974,2929809165386.729,358,S1_depeg_stablecoin,indonesia,USDC
792,1.0086451932654952,2929809165386.729,358,S1_depeg_stablecoin,indonesia,USDC
793,0.9831008748980514,2929809165386.729,358,S1_depeg_stablecoin,indonesia,USDC
794,1.006493538792252,2929809165386.729,358,S1_depeg_stablecoin,indonesia,USDC
795,1.0283964830850632,2929809165386.729,358,S1_depeg_stablecoin,indonesia,USDC
796,1.0055014859532567,2929809165386.729,358,S1_depeg_stablecoin,indonesia,USDC
797,0.9963889943122337,2929809165386.729,358,S1_depeg_stablecoin,indonesia,USDC
798,0.9804998436935072,2929809165386.729,358,S1_depeg_stablecoin,indonesia,USDC
799,0.9536462603585667,2929809165386.729,358,S1_depeg_stablecoin,indonesia,USDC
800,0.9490931876297675,2929809065795.2695,358,S1_depeg_stablecoin,indonesia,USDC
801,0.9558583622174824,2929808944271.8457,358,S1_depeg_stablecoin,indonesia,USDC
802,0.9668787190162649,2929808857212.082,358,S1_depeg_stablecoin,indonesia,USDC
803,0.9723684769009835,2929808847829.7734,358,S1_depeg_stablecoin,indonesia,USDC
804,0.9702896504498527,2929808847829.7734,358,S1_depeg_stablecoin,indonesia,USDC
805,0.9520286789986957,2929808847829.7734,358,S1_depeg_stablecoin,indonesia,USDC
806,0.96258292633494,2929808732926.797,358,S1_depeg_stablecoin,indonesia,USDC
807,0.9718978390756617,2929808694172.466,358,S1_depeg_stablecoin,indonesia,USDC
808,0.9548471435106681,2929808694172.466,358,S1_depeg_stablecoin,indonesia,USDC
809,0.978607667797109,2929808609110.4116,358,S1_depeg_stablecoin,indonesia,USDC
810,0.9792609182648464,2929808609110.4116,358,S1_depeg_stablecoin,indonesia,USDC
811,0.9774321551913737,2929808609110.4116,358,S1_depeg_stablecoin,indonesia,USDC
812,0.9411370220521689,2929808609110.4116,358,S1_depeg_stablecoin,indonesia,USDC
813,0.9603093329409987,2929808431672.854,358,S1_depeg_stablecoin,indonesia,USDC
814,0.9624740972677669,2929808377852.4976,358,S1_depeg_stablecoin,indonesia,USDC
815,0.9692364094494599,2929808344467.9893,358,S1_depeg_stablecoin,indonesia,USDC
816,0.9629947099062505,2929808339982.081,358,S1_depeg_stablecoin,indonesia,USDC
817,1.0105206823423694,2929808306063.4194,358,S1_depeg_stablecoin,indonesia,USDC
818,1.0430739914768905,2929808306063.4194,358,S1_depeg_stablecoin,indonesia,USDC
819,1.0344717093226705,2929808306063.4194,358,S1_depeg_stablecoin,indonesia,USDC
820,1.0409102965030126,2929808306063.4194,358,S1_depeg_stablecoin,indonesia,USDC
821,1.0417158779967197,2929808306063.4194,358,S1_depeg_stablecoin,indonesia,USDC
822,1.0444756417979066,2929808306063.4194,358,S1_depeg_stablecoin,indonesia,USDC
823,1.0517004218262507,2929808306063.4194,358,S1_depeg_stablecoin,indonesia,USDC
824,1.0430415377926376,2929808306063.4194,358,S1_depeg_stablecoin,indonesia,USDC
825,1.042726321858204,2929808306063.4194,358,S1_depeg_stablecoin,indonesia,USDC
826,1.025953278321272,2929808306063.4194,358,S1_depeg_stablecoin,indonesia,USDC
827,1.0173806023807739,2929808306063.4194,358,S1_depeg_stablecoin,indonesia,USDC
828,0.99989384096971,2929808306063.4194,358,S1_depeg_stablecoin,indonesia,USDC
829,0.9815040896354887,2929808306063.4194,358,S1_depeg_stablecoin,indonesia,USDC
830,1.0127384021612624,2929808306063.4194,358,S1_depeg_stablecoin,indonesia,USDC
831,1.0540908919039247,2929808306063.4194,358,S1_depeg_stablecoin,indonesia,USDC
832,1.0271502304216389,2929808306063.4194,358,S1_depeg_stablecoin,indonesia,USDC
833,1.019294969874374,2929808306063.4194,358,S1_depeg_stablecoin,indonesia,USDC
834,1.0175371078708844,2929808306063.4194,358,S1_depeg_stablecoin,indonesia,USDC
835,0.9934961894902599,2929808306063.4194,358,S1_depeg_stablecoin,indonesia,USDC
836,0.985741304826832,2929808306063.4194,358,S1_depeg_stablecoin,indonesia,USDC
837,1.0129041508167962,2929808306063.4194,358,S1_depeg_stablecoin,indonesia,USDC
838,1.0138286890741297,2929808306063.4194,358,S1_depeg_stablecoin,indonesia,USDC
839,1.0154536979919042,2929808306063.4194,358,S1_depeg_stablecoin,indonesia,USDC
840,1.0245879733436807,2929808306063.4194,358,S1_depeg_stablecoin,indonesia,USDC
841,1.0009737169061876,2929808306063.4194,358,S1_depeg_stablecoin,indonesia,USDC
842,0.9757506577765347,2929808306063.4194,358,S1_depeg_stablecoin,indonesia,USDC
843,1.0060430451095137,2929808306063.4194,358,S1_depeg_stablecoin,indonesia,USDC
844,1.0227394081433587,2929808306063.4194,358,S1_depeg_stablecoin,indonesia,USDC
845,1.0069268691359965,2929808306063.4194,358,S1_depeg_stablecoin,indonesia,USDC
846,1.021650397430411,2929808306063.4194,358,S1_depeg_stablecoin,indonesia,USDC
847,1.0204138671209149,2929808306063.4194,358,S1_depeg_stablecoin,indonesia,USDC
848,1.0364092503071596,2929808306063.4194,358,S1_depeg_stablecoin,indonesia,USDC
849,1.0323478365321792,2929808306063.4194,358,S1_depeg_stablecoin,indonesia,USDC
850,1.012450890852389,2929808306063.4194,358,S1_depeg_stablecoin,indonesia,USDC
851,0.9952565397070796,2929808306063.4194,358,S1_depeg_stablecoin,indonesia,USDC
852,1.0383911359999625,2929808306063.4194,358,S1_depeg_stablecoin,indonesia,USDC
853,1.0103541781343042,2929808306063.4194,358,S1_depeg_stablecoin,indonesia,USDC
854,1.003289840281391,2929808306063.4194,358,S1_depeg_stablecoin,indonesia,USDC
855,0.9888852231497406,2929808306063.4194,358,S1_depeg_stablecoin,indonesia,USDC
856,0.9587755307149967,2929808306063.4194,358,S1_depeg_stablecoin,indonesia,USDC
857,0.9893312071793472,2929808244539.1826,358,S1_depeg_stablecoin,indonesia,USDC
858,0.9601460586221052,2929808244539.1826,358,S1_depeg_stablecoin,indonesia,USDC
859,0.984670563659842,2929808195300.286,358,S1_depeg_stablecoin,indonesia,USDC
860,0.9963235158860378,2929808195300.286,358,S1_depeg_stablecoin,indonesia,USDC
861,1.0056285793778663,2929808195300.286,358,S1_depeg_stablecoin,indonesia,USDC
862,0.9794490802298695,2929808195300.286,358,S1_depeg_stablecoin,indonesia,USDC
863,0.9481113030840431,2929808195300.286,358,S1_depeg_stablecoin,indonesia,USDC
864,0.9601226541805861,2929808074988.2104,358,S1_depeg_stablecoin,indonesia,USDC
865,0.9549551135425683,2929808023422.075,358,S1_depeg_stablecoin,indonesia,USDC
866,0.9597555802320306,2929807948338.156,358,S1_depeg_stablecoin,indonesia,USDC
867,0.9459773400579828,2929807892338.319,358,S1_depeg_stablecoin,indonesia,USDC
868,0.9615220252542818,2929807772117.945,358,S1_depeg_stablecoin,indonesia,USDC
869,0.9874526649775189,2929807737481.591,358,S1_depeg_stablecoin,indonesia,USDC
870,0.9943089097333163,2929807737481.591,358,S1_depeg_stablecoin,indonesia,USDC
871,1.0187784940732947,2929807737481.591,358,S1_depeg_stablecoin,indonesia,USDC
872,1.0477488661783219,2929807737481.591,358,S1_depeg_stablecoin,indonesia,USDC
873,1.0616070853141932,2929807737481.591,358,S1_depeg_stablecoin,indonesia,USDC
874,1.1107526908405727,2929807737481.591,358,S1_depeg_stablecoin,indonesia,USDC
875,1.145064881834592,2929807737481.591,358,S1_depeg_stablecoin,indonesia,USDC
876,1.1513361907813038,2929807737481.591,358,S1_depeg_stablecoin,indonesia,USDC
877,1.137548718698729,2929807737481.591,358,S1_depeg_stablecoin,indonesia,USDC
878,1.1282569006738945,2929807737481.591,358,S1_depeg_stablecoin,indonesia,USDC
879,1.0850494305119498,2929807737481.591,358,S1_depeg_stablecoin,indonesia,USDC
880,1.0760473244201576,2929807737481.591,358,S1_depeg_stablecoin,indonesia,USDC
881,1.0822511193138162,2929807737481.591,358,S1_depeg_stablecoin,indonesia,USDC
882,1.0878041840936807,2929807737481.591,358,S1_depeg_stablecoin,indonesia,USDC
883,1.0953997175240442,2929807737481.591,358,S1_depeg_stablecoin,indonesia,USDC
884,1.0911545645439311,2929807737481.591,358,S1_depeg_stablecoin,indonesia,USDC
885,1.110567089436959,2929807737481.591,358,S1_depeg_stablecoin,indonesia,USDC
886,1.1038994148309085,2929807737481.591,358,S1_depeg_stablecoin,indonesia,USDC
887,1.1130516807196613,2929807737481.591,358,S1_depeg_stablecoin,indonesia,USDC
888,1.0909135323171688,2929807737481.591,358,S1_depeg_stablecoin,indonesia,USDC
889,1.1172791024840898,2929807737481.591,358,S1_depeg_stablecoin,indonesia,USDC
890,1.141828620150431,2929807737481.591,358,S1_depeg_stablecoin,indonesia,USDC
891,1.1087807009255832,2929807737481.591,358,S1_depeg_stablecoin,indonesia,USDC
892,1.0941631041509567,2929807737481.591,358,S1_depeg_stablecoin,indonesia,USDC
893,1.1107172530251552,2929807737481.591,358,S1_depeg_stablecoin,indonesia,USDC
894,1.1137894825620007,2929807737481.591,358,S1_depeg_stablecoin,indonesia,USDC
895,1.10530416885641,2929807737481.591,358,S1_depeg_stablecoin,indonesia,USDC
896,1.087815443802247,2929807737481.591,358,S1_depeg_stablecoin,indonesia,USDC
897,1.0952323951390124,2929807737481.591,358,S1_depeg_stablecoin,indonesia,USDC
898,1.0944822210632932,2929807737481.591,358,S1_depeg_stablecoin,indonesia,USDC
899,1.0896003322284322,2929807737481.591,358,S1_depeg_stablecoin,indonesia,USDC
900,1.1119567443443186,2929807737481.591,358,S1_depeg_stablecoin,indonesia,USDC
901,1.0939876702260516,2929807737481.591,358,S1_depeg_stablecoin,indonesia,USDC
902,1.08305492345192,2929807737481.591,358,S1_depeg_stablecoin,indonesia,USDC
903,1.0608315839395548,2929807737481.591,358,S1_depeg_stablecoin,indonesia,USDC
904,1.0923418547983827,2929807737481.591,358,S1_depeg_stablecoin,indonesia,USDC
905,1.0963518224450322,2929807737481.591,358,S1_depeg_stablecoin,indonesia,USDC
906,1.0463086592333184,2929807737481.591,358,S1_depeg_stablecoin,indonesia,USDC
907,1.057852483260082,2929807737481.591,358,S1_depeg_stablecoin,indonesia,USDC
908,1.037900062401553,2929807737481.591,358,S1_depeg_stablecoin,indonesia,USDC
909,1.0752753077857553,2929807737481.591,358,S1_depeg_stablecoin,indonesia,USDC
910,1.0513532747498033,2929807737481.591,358,S1_depeg_stablecoin,indonesia,USDC
911,1.0537174315872548,2929807737481.591,358,S1_depeg_stablecoin,indonesia,USDC
912,1.0778926150818426,2929807737481.591,358,S1_depeg_stablecoin,indonesia,USDC
913,1.0728844208910713,2929807737481.591,358,S1_depeg_stablecoin,indonesia,USDC
914,1.0556013389225574,2929807737481.591,358,S1_depeg_stablecoin,indonesia,USDC
915,1.045643823290629,2929807737481.591,358,S1_depeg_stablecoin,indonesia,USDC
916,1.026233099428699,2929807737481.591,358,S1_depeg_stablecoin,indonesia,USDC
917,1.0338109954541368,2929807737481.591,358,S1_depeg_stablecoin,indonesia,USDC
918,1.0630725323995962,2929807737481.591,358,S1_depeg_stablecoin,indonesia,USDC
919,1.0890659785541354,2929807737481.591,358,S1_depeg_stablecoin,indonesia,USDC
920,1.0851580059579409,2929807737481.591,358,S1_depeg_stablecoin,indonesia,USDC
921,1.0908149910407323,2929807737481.591,358,S1_depeg_stablecoin,indonesia,USDC
922,1.1128469278631687,2929807737481.591,358,S1_depeg_stablecoin,indonesia,USDC
923,1.0954093327269703,2929807737481.591,358,S1_depeg_stablecoin,indonesia,USDC
924,1.0609683994385306,2929807737481.591,358,S1_depeg_stablecoin,indonesia,USDC
925,1.0468980427255457,2929807737481.591,358,S1_depeg_stablecoin,indonesia,USDC
926,1.0660980364207655,2929807737481.591,358,S1_depeg_stablecoin,indonesia,USDC
927,1.113835002488724,2929807737481.591,358,S1_depeg_stablecoin,indonesia,USDC
928,1.1189862607358345,2929807737481.591,358,S1_depeg_stablecoin,indonesia,USDC
929,1.123039827673246,2929807737481.591,358,S1_depeg_stablecoin,indonesia,USDC
930,1.0963566003505758,2929807737481.591,358,S1_depeg_stablecoin,indonesia,USDC
931,1.0787075246099438,2929807737481.591,358,S1_depeg_stablecoin,indonesia,USDC
932,1.051546804351495,2929807737481.591,358,S1_depeg_stablecoin,indonesia,USDC
933,1.0601783390769612,2929807737481.591,358,S1_depeg_stablecoin,indonesia,USDC
934,1.0306329198484045,2929807737481.591,358,S1_depeg_stablecoin,indonesia,USDC
935,1.0251811540470606,2929807737481.591,358,S1_depeg_stablecoin,indonesia,USDC
936,1.041727539949328,2929807737481.591,358,S1_depeg_stablecoin,indonesia,USDC
937,1.0478239941811074,2929807737481.591,358,S1_depeg_stablecoin,indonesia,USDC
938,1.0286143938118062,2929807737481.591,358,S1_depeg_stablecoin,indonesia,USDC
939,1.0020769506908227,2929807737481.591,358,S1_depeg_stablecoin,indonesia,USDC
940,0.9829275089356593,2929807737481.591,358,S1_depeg_stablecoin,indonesia,USDC
941,0.9757021210057641,2929807737481.591,358,S1_depeg_stablecoin,indonesia,USDC
942,0.9844622724154977,2929807737481.591,358,S1_depeg_stablecoin,indonesia,USDC
943,0.9758888448534245,2929807737481.591,358,S1_depeg_stablecoin,indonesia,USDC
944,1.0115894677188033,2929807737481.591,358,S1_depeg_stablecoin,indonesia,USDC
945,0.9901842835420529,2929807737481.591,358,S1_depeg_stablecoin,indonesia,USDC
946,0.9554655551133845,2929807737481.591,358,S1_depeg_stablecoin,indonesia,USDC
947,0.9467028872243466,2929807672878.3945,358,S1_depeg_stablecoin,indonesia,USDC
948,0.9544399615348124,2929807556727.627,358,S1_depeg_stablecoin,indonesia,USDC
949,0.9895139675636938,2929807481793.005,358,S1_depeg_stablecoin,indonesia,USDC
950,0.9657123546524196,2929807481793.005,358,S1_depeg_stablecoin,indonesia,USDC
951,0.8303871558127986,2929807466113.586,358,S1_depeg_stablecoin,indonesia,USDC
952,0.8527869313391174,2929806772344.4224,358,S1_depeg_stablecoin,indonesia,USDC
953,0.9000214116360552,2929806284188.841,358,S1_depeg_stablecoin,indonesia,USDC
954,0.9112581077676822,2929806021716.173,358,S1_depeg_stablecoin,indonesia,USDC
955,0.8909715524196351,2929805822414.0894,358,S1_depeg_stablecoin,indonesia,USDC
956,0.9282544677720959,2929805563619.602,358,S1_depeg_stablecoin,indonesia,USDC
957,0.9319318296659416,2929805441675.887,358,S1_depeg_stablecoin,indonesia,USDC
958,0.9266474933290234,2929805341765.5693,358,S1_depeg_stablecoin,indonesia,USDC
959,0.946065917303617,2929805228042.8535,358,S1_depeg_stablecoin,indonesia,USDC
960,0.9048804674209646,2929805164331.605,358,S1_depeg_stablecoin,indonesia,USDC
961,0.8933291085671342,2929805003524.644,358,S1_depeg_stablecoin,indonesia,USDC
962,0.9061185154074998,2929804817177.234,358,S1_depeg_stablecoin,indonesia,USDC
963,0.9251701020294092,2929804677720.203,358,S1_depeg_stablecoin,indonesia,USDC
964,0.9417242303784287,2929804589011.622,358,S1_depeg_stablecoin,indonesia,USDC
965,0.939344585432797,2929804534318.819,358,S1_depeg_stablecoin,indonesia,USDC
966,0.9083414501198158,2929804474639.866,358,S1_depeg_stablecoin,indonesia,USDC
967,0.8823391138917168,2929804367038.482,358,S1_depeg_stablecoin,indonesia,USDC
968,0.9050270094459137,2929804214991.287,358,S1_depeg_stablecoin,indonesia,USDC
969,0.8876363162116488,2929804114997.812,358,S1_depeg_stablecoin,indonesia,USDC
970,0.8940299227064293,2929803998768.4863,358,S1_depeg_stablecoin,indonesia,USDC
971,0.9056274736458927,2929803895302.989,358,S1_depeg_stablecoin,indonesia,USDC
972,0.8980400209805719,2929803814419.62,358,S1_depeg_stablecoin,indonesia,USDC
973,0.9151677494248672,2929803729792.379,358,S1_depeg_stablecoin,indonesia,USDC
974,0.9267020118905458,2929803670120.2534,358,S1_depeg_stablecoin,indonesia,USDC
975,0.9018826563600081,2929803624404.4727,358,S1_depeg_stablecoin,indonesia,USDC
976,0.9142156753923262,2929803558971.6807,358,S1_depeg_stablecoin,indonesia,USDC
977,0.9147174150990969,2929803510501.673,358,S1_depeg_stablecoin,indonesia,USDC
978,0.9288752109263625,2929803461229.106,358,S1_depeg_stablecoin,indonesia,USDC
979,0.9348967752512874,2929803428647.6777,358,S1_depeg_stablecoin,indonesia,USDC
980,0.920565359908794,2929803401184.1074,358,S1_depeg_stablecoin,indonesia,USDC
981,0.9034250282021775,2929803363734.5527,358,S1_depeg_stablecoin,indonesia,USDC
982,0.8875811964642535,2929803314470.458,358,S1_depeg_stablecoin,indonesia,USDC
983,0.8999977958695996,2929803257668.1206,358,S1_depeg_stablecoin,indonesia,USDC
984,0.9124031070872054,2929803215612.5796,358,S1_depeg_stablecoin,indonesia,USDC
985,0.9356309660593874,2929803184359.477,358,S1_depeg_stablecoin,indonesia,USDC
986,0.9097212198387579,2929803167069.1455,358,S1_depeg_stablecoin,indonesia,USDC
987,0.9259154672376764,2929803134685.494,358,S1_depeg_stablecoin,indonesia,USDC
988,0.8997528713253197,2929803114340.032,358,S1_depeg_stablecoin,indonesia,USDC
989,0.9474125558759133,2929803082840.0225,358,S1_depeg_stablecoin,indonesia,USDC
990,0.9466097348751109,2929803073461.5913,358,S1_depeg_stablecoin,indonesia,USDC
991,0.9664481498820049,2929803063933.787,358,S1_depeg_stablecoin,indonesia,USDC
992,0.9624434610476162,2929803062403.273,358,S1_depeg_stablecoin,indonesia,USDC
993,0.9022872869010755,2929803059694.42,358,S1_depeg_stablecoin,indonesia,USDC
994,0.9258872227298116,2929803030812.5254,358,S1_depeg_stablecoin,indonesia,USDC
995,0.924708989302263,2929803013310.3125,358,S1_depeg_stablecoin,indonesia,USDC
996,0.9285412194907979,2929802997583.5317,358,S1_depeg_stablecoin,indonesia,USDC
997,0.9224435104093438,2929802983424.0283,358,S1_depeg_stablecoin,indonesia,USDC
998,0.9023924818826214,2929802968227.937,358,S1_depeg_stablecoin,indonesia,USDC
999,0.9342238354906622,2929802946311.1777,358,S1_depeg_stablecoin,indonesia,USDC
1000,0.9508966382102894,2929802935233.238,358,S1_depeg_stablecoin,indonesia,USDC
