Step,price,liquidity,iteration,scenario,region,coin
1,0.9960324537409968,2989327497360.421,461,S1_depeg_stablecoin,indonesia,USDC
2,0.9911147384029071,2989327497360.421,461,S1_depeg_stablecoin,indonesia,USDC
3,0.9918060431211398,2989327497360.421,461,S1_depeg_stablecoin,indonesia,USDC
4,0.9914105001975868,2989327497360.421,461,S1_depeg_stablecoin,indonesia,USDC
5,0.9890587313350071,2989327497360.421,461,S1_depeg_stablecoin,indonesia,USDC
6,1.0076707201606458,2989327497360.421,461,S1_depeg_stablecoin,indonesia,USDC
7,0.9986850810749546,2989327497360.421,461,S1_depeg_stablecoin,indonesia,USDC
8,1.0031218179513144,2989327497360.421,461,S1_depeg_stablecoin,indonesia,USDC
9,0.9976200548041974,2989327497360.421,461,S1_depeg_stablecoin,indonesia,USDC
10,0.9872555532516607,2989327497360.421,461,S1_depeg_stablecoin,indonesia,USDC
11,0.989758397589153,2989327497360.421,461,S1_depeg_stablecoin,indonesia,USDC
12,0.9671717286822292,2989327497360.421,461,S1_depeg_stablecoin,indonesia,USDC
13,0.9857048390516836,2989177935426.8354,461,S1_depeg_stablecoin,indonesia,USDC
14,0.9997633192139472,2989177935426.8354,461,S1_depeg_stablecoin,indonesia,USDC
15,0.9505852938673954,2989177935426.8354,461,S1_depeg_stablecoin,indonesia,USDC
16,0.8980641815750906,2987992931803.161,461,S1_depeg_stablecoin,indonesia,USDC
17,0.913683119545062,2983722529252.9287,461,S1_depeg_stablecoin,indonesia,USDC
18,0.9031897245314684,2980608585737.8247,461,S1_depeg_stablecoin,indonesia,USDC
19,0.8744542147715616,2977149571311.016,461,S1_depeg_stablecoin,indonesia,USDC
20,0.9138357771722998,2972500778588.992,461,S1_depeg_stablecoin,indonesia,USDC
21,0.9525136717305571,2970061981399.666,461,S1_depeg_stablecoin,indonesia,USDC
22,0.9567036966145227,2969338675590.8413,461,S1_depeg_stablecoin,indonesia,USDC
23,0.9690993128362867,2968790221194.3853,461,S1_depeg_stablecoin,indonesia,USDC
24,0.9745462070996742,2968760853546.8276,461,S1_depeg_stablecoin,indonesia,USDC
25,0.9743054538207367,2968760853546.8276,461,S1_depeg_stablecoin,indonesia,USDC
26,0.9660564328835066,2968760853546.8276,461,S1_depeg_stablecoin,indonesia,USDC
27,0.953667023700248,2968608647972.455,461,S1_depeg_stablecoin,indonesia,USDC
28,0.9582611130232908,2967969643687.2393,461,S1_depeg_stablecoin,indonesia,USDC
29,0.9484058303010097,2967532480655.705,461,S1_depeg_stablecoin,indonesia,USDC
30,0.9767806910026254,2966707292082.2007,461,S1_depeg_stablecoin,indonesia,USDC
31,0.9867049704963222,2966707292082.2007,461,S1_depeg_stablecoin,indonesia,USDC
32,1.0000069186296827,2966707292082.2007,461,S1_depeg_stablecoin,indonesia,USDC
33,1.0260004911589773,2966707292082.2007,461,S1_depeg_stablecoin,indonesia,USDC
34,1.0232530995504068,2966707292082.2007,461,S1_depeg_stablecoin,indonesia,USDC
35,1.0015158314383867,2966707292082.2007,461,S1_depeg_stablecoin,indonesia,USDC
36,0.9855877943476768,2966707292082.2007,461,S1_depeg_stablecoin,indonesia,USDC
37,0.9969783301947738,2966707292082.2007,461,S1_depeg_stablecoin,indonesia,USDC
38,1.0074464697657886,2966707292082.2007,461,S1_depeg_stablecoin,indonesia,USDC
39,1.005478369642562,2966707292082.2007,461,S1_depeg_stablecoin,indonesia,USDC
40,1.0111118897484268,2966707292082.2007,461,S1_depeg_stablecoin,indonesia,USDC
41,1.0376203926417016,2966707292082.2007,461,S1_depeg_stablecoin,indonesia,USDC
42,0.9883841766180643,2966707292082.2007,461,S1_depeg_stablecoin,indonesia,USDC
43,0.972155667962456,2966707292082.2007,461,S1_depeg_stablecoin,indonesia,USDC
44,1.0170565257272415,2966707292082.2007,461,S1_depeg_stablecoin,indonesia,USDC
45,0.9859053766433973,2966707292082.2007,461,S1_depeg_stablecoin,indonesia,USDC
46,1.01987481963162,2966707292082.2007,461,S1_depeg_stablecoin,indonesia,USDC
47,1.0087153904122346,2966707292082.2007,461,S1_depeg_stablecoin,indonesia,USDC
48,1.0182721311193863,2966707292082.2007,461,S1_depeg_stablecoin,indonesia,USDC
49,0.9923836207787147,2966707292082.2007,461,S1_depeg_stablecoin,indonesia,USDC
50,1.009913629341383,2966707292082.2007,461,S1_depeg_stablecoin,indonesia,USDC
51,1.012157614732191,2966707292082.2007,461,S1_depeg_stablecoin,indonesia,USDC
52,1.0626350088652181,2966707292082.2007,461,S1_depeg_stablecoin,indonesia,USDC
53,1.0548725916959572,2966707292082.2007,461,S1_depeg_stablecoin,indonesia,USDC
54,1.0363987250756543,2966707292082.2007,461,S1_depeg_stablecoin,indonesia,USDC
55,1.0398721267608573,2966707292082.2007,461,S1_depeg_stablecoin,indonesia,USDC
56,1.0261549298454073,2966707292082.2007,461,S1_depeg_stablecoin,indonesia,USDC
57,1.0442032082367705,2966707292082.2007,461,S1_depeg_stablecoin,indonesia,USDC
58,1.033386323395782,2966707292082.2007,461,S1_depeg_stablecoin,indonesia,USDC
59,1.0292455856693874,2966707292082.2007,461,S1_depeg_stablecoin,indonesia,USDC
60,1.000577336112112,2966707292082.2007,461,S1_depeg_stablecoin,indonesia,USDC
61,1.013491798954398,2966707292082.2007,461,S1_depeg_stablecoin,indonesia,USDC
62,1.0242786719140646,2966707292082.2007,461,S1_depeg_stablecoin,indonesia,USDC
63,1.0366770514588401,2966707292082.2007,461,S1_depeg_stablecoin,indonesia,USDC
64,1.0436863791438222,2966707292082.2007,461,S1_depeg_stablecoin,indonesia,USDC
65,1.0744236899893425,2966707292082.2007,461,S1_depeg_stablecoin,indonesia,USDC
66,1.0757301440261202,2966707292082.2007,461,S1_depeg_stablecoin,indonesia,USDC
67,1.079024413317494,2966707292082.2007,461,S1_depeg_stablecoin,indonesia,USDC
68,1.067641562371632,2966707292082.2007,461,S1_depeg_stablecoin,indonesia,USDC
69,1.0337259579618445,2966707292082.2007,461,S1_depeg_stablecoin,indonesia,USDC
70,1.0151625966633289,2966707292082.2007,461,S1_depeg_stablecoin,indonesia,USDC
71,1.0218511141101767,2966707292082.2007,461,S1_depeg_stablecoin,indonesia,USDC
72,1.027618606983481,2966707292082.2007,461,S1_depeg_stablecoin,indonesia,USDC
73,1.0304987103395422,2966707292082.2007,461,S1_depeg_stablecoin,indonesia,USDC
74,1.026773171511812,2966707292082.2007,461,S1_depeg_stablecoin,indonesia,USDC
75,1.0399813335352146,2966707292082.2007,461,S1_depeg_stablecoin,indonesia,USDC
76,1.0683163021903523,2966707292082.2007,461,S1_depeg_stablecoin,indonesia,USDC
77,1.066475321809257,2966707292082.2007,461,S1_depeg_stablecoin,indonesia,USDC
78,1.0369872001458438,2966707292082.2007,461,S1_depeg_stablecoin,indonesia,USDC
79,1.0364153123269113,2966707292082.2007,461,S1_depeg_stablecoin,indonesia,USDC
80,1.0019096275723158,2966707292082.2007,461,S1_depeg_stablecoin,indonesia,USDC
81,1.0354748768976558,2966707292082.2007,461,S1_depeg_stablecoin,indonesia,USDC
82,1.005453559205121,2966707292082.2007,461,S1_depeg_stablecoin,indonesia,USDC
83,1.0090061047805394,2966707292082.2007,461,S1_depeg_stablecoin,indonesia,USDC
84,1.0159011511965528,2966707292082.2007,461,S1_depeg_stablecoin,indonesia,USDC
85,0.9710786041911106,2966707292082.2007,461,S1_depeg_stablecoin,indonesia,USDC
86,0.9815520798751189,2966707292082.2007,461,S1_depeg_stablecoin,indonesia,USDC
87,1.0022865484194161,2966707292082.2007,461,S1_depeg_stablecoin,indonesia,USDC
88,1.0155892358336764,2966707292082.2007,461,S1_depeg_stablecoin,indonesia,USDC
89,1.027635604533918,2966707292082.2007,461,S1_depeg_stablecoin,indonesia,USDC
90,0.998895386262355,2966707292082.2007,461,S1_depeg_stablecoin,indonesia,USDC
91,1.017532984509462,2966707292082.2007,461,S1_depeg_stablecoin,indonesia,USDC
92,1.0046278716020385,2966707292082.2007,461,S1_depeg_stablecoin,indonesia,USDC
93,1.008935717452668,2966707292082.2007,461,S1_depeg_stablecoin,indonesia,USDC
94,0.9496458924398486,2966707292082.2007,461,S1_depeg_stablecoin,indonesia,USDC
95,0.9391753621715654,2965984970757.0957,461,S1_depeg_stablecoin,indonesia,USDC
96,0.911853216360416,2964820070405.3867,461,S1_depeg_stablecoin,indonesia,USDC
97,0.9286221919633569,2962801398213.175,461,S1_depeg_stablecoin,indonesia,USDC
98,0.9423335938572818,2961402419215.6294,461,S1_depeg_stablecoin,indonesia,USDC
99,0.929953499986306,2960557218275.448,461,S1_depeg_stablecoin,indonesia,USDC
100,0.9340242048988266,2959324386332.4126,461,S1_depeg_stablecoin,indonesia,USDC
101,0.8090788357080974,2958211848258.8774,461,S1_depeg_stablecoin,indonesia,USDC
102,0.8217553307408337,2953648386313.967,461,S1_depeg_stablecoin,indonesia,USDC
103,0.846343890177742,2949996972777.933,461,S1_depeg_stablecoin,indonesia,USDC
104,0.8636542460696646,2947466698191.069,461,S1_depeg_stablecoin,indonesia,USDC
105,0.8743173726118066,2945605495265.933,461,S1_depeg_stablecoin,indonesia,USDC
106,0.8934048350434657,2944069795380.5874,461,S1_depeg_stablecoin,indonesia,USDC
107,0.9034206504757295,2942932564218.1343,461,S1_depeg_stablecoin,indonesia,USDC
108,0.9346556960256136,2942066463108.595,461,S1_depeg_stablecoin,indonesia,USDC
109,0.9492270158540492,2941602287976.9224,461,S1_depeg_stablecoin,indonesia,USDC
110,0.952484207710002,2941371542983.723,461,S1_depeg_stablecoin,indonesia,USDC
111,0.9670616251041277,2941183556506.4443,461,S1_depeg_stablecoin,indonesia,USDC
112,0.9743456782475248,2941147641509.992,461,S1_depeg_stablecoin,indonesia,USDC
113,0.9927271043034589,2941147641509.992,461,S1_depeg_stablecoin,indonesia,USDC
114,0.9520495140618126,2941147641509.992,461,S1_depeg_stablecoin,indonesia,USDC
115,0.9612508428723439,2940958117542.412,461,S1_depeg_stablecoin,indonesia,USDC
116,0.907413258531794,2940868703192.2754,461,S1_depeg_stablecoin,indonesia,USDC
117,0.9468918485682485,2940142363371.5127,461,S1_depeg_stablecoin,indonesia,USDC
118,0.9594484243554762,2939914328645.3203,461,S1_depeg_stablecoin,indonesia,USDC
119,0.9901091832632728,2939799166015.2803,461,S1_depeg_stablecoin,indonesia,USDC
120,0.9917291689004356,2939799166015.2803,461,S1_depeg_stablecoin,indonesia,USDC
121,1.0098128187917566,2939799166015.2803,461,S1_depeg_stablecoin,indonesia,USDC
122,1.0100198960901656,2939799166015.2803,461,S1_depeg_stablecoin,indonesia,USDC
123,1.0082103891967384,2939799166015.2803,461,S1_depeg_stablecoin,indonesia,USDC
124,0.9795562737875909,2939799166015.2803,461,S1_depeg_stablecoin,indonesia,USDC
125,0.965440685106546,2939799166015.2803,461,S1_depeg_stablecoin,indonesia,USDC
126,0.986201528372356,2939749945773.1597,461,S1_depeg_stablecoin,indonesia,USDC
127,0.9870997517987793,2939749945773.1597,461,S1_depeg_stablecoin,indonesia,USDC
128,0.9739258832824402,2939749945773.1597,461,S1_depeg_stablecoin,indonesia,USDC
129,0.9404455438686236,2939749945773.1597,461,S1_depeg_stablecoin,indonesia,USDC
130,0.9460275809572962,2939464384296.812,461,S1_depeg_stablecoin,indonesia,USDC
131,0.9664250741628437,2939242064620.573,461,S1_depeg_stablecoin,indonesia,USDC
132,0.9705544869780448,2939222683383.832,461,S1_depeg_stablecoin,indonesia,USDC
133,1.0152791108139163,2939222683383.832,461,S1_depeg_stablecoin,indonesia,USDC
134,0.9890734646658667,2939222683383.832,461,S1_depeg_stablecoin,indonesia,USDC
135,0.9641321830757598,2939222683383.832,461,S1_depeg_stablecoin,indonesia,USDC
136,0.9955628185240303,2939162824476.598,461,S1_depeg_stablecoin,indonesia,USDC
137,0.9969904388225869,2939162824476.598,461,S1_depeg_stablecoin,indonesia,USDC
138,1.0129508918367773,2939162824476.598,461,S1_depeg_stablecoin,indonesia,USDC
139,0.9913302256599722,2939162824476.598,461,S1_depeg_stablecoin,indonesia,USDC
140,0.9730677509725341,2939162824476.598,461,S1_depeg_stablecoin,indonesia,USDC
141,0.9753386597113844,2939162824476.598,461,S1_depeg_stablecoin,indonesia,USDC
142,1.0010156004911992,2939162824476.598,461,S1_depeg_stablecoin,indonesia,USDC
143,1.0192825820744733,2939162824476.598,461,S1_depeg_stablecoin,indonesia,USDC
144,0.8686836630397413,2939162824476.598,461,S1_depeg_stablecoin,indonesia,USDC
145,0.8851715592541965,2938179885135.347,461,S1_depeg_stablecoin,indonesia,USDC
146,0.9041720766582964,2937458123323.4185,461,S1_depeg_stablecoin,indonesia,USDC
147,0.9048748874691126,2936946509743.4834,461,S1_depeg_stablecoin,indonesia,USDC
148,0.9262854152118378,2936459829681.9404,461,S1_depeg_stablecoin,indonesia,USDC
149,0.9219381036148219,2936147448054.781,461,S1_depeg_stablecoin,indonesia,USDC
150,0.9256522557276701,2935818645980.363,461,S1_depeg_stablecoin,indonesia,USDC
151,0.93590851341845,2935538477160.3853,461,S1_depeg_stablecoin,indonesia,USDC
152,0.9425154838273425,2935320186918.6235,461,S1_depeg_stablecoin,indonesia,USDC
153,0.9300051127014828,2935156330571.915,461,S1_depeg_stablecoin,indonesia,USDC
154,0.9249974239870484,2934923004387.211,461,S1_depeg_stablecoin,indonesia,USDC
155,0.9622722861960964,2934663404149.784,461,S1_depeg_stablecoin,indonesia,USDC
156,0.9956729825756796,2934631271384.4844,461,S1_depeg_stablecoin,indonesia,USDC
157,0.9870578234316998,2934631271384.4844,461,S1_depeg_stablecoin,indonesia,USDC
158,0.9821189740711372,2934631271384.4844,461,S1_depeg_stablecoin,indonesia,USDC
159,0.9966020052616302,2934631271384.4844,461,S1_depeg_stablecoin,indonesia,USDC
160,0.9795319749852623,2934631271384.4844,461,S1_depeg_stablecoin,indonesia,USDC
161,0.9806399045578662,2934631271384.4844,461,S1_depeg_stablecoin,indonesia,USDC
162,1.0070351276518708,2934631271384.4844,461,S1_depeg_stablecoin,indonesia,USDC
163,1.0091659256119005,2934631271384.4844,461,S1_depeg_stablecoin,indonesia,USDC
164,1.037035604112464,2934631271384.4844,461,S1_depeg_stablecoin,indonesia,USDC
165,1.0127122405851823,2934631271384.4844,461,S1_depeg_stablecoin,indonesia,USDC
166,0.9965300938596396,2934631271384.4844,461,S1_depeg_stablecoin,indonesia,USDC
167,1.0103579763652348,2934631271384.4844,461,S1_depeg_stablecoin,indonesia,USDC
168,0.9987145079827467,2934631271384.4844,461,S1_depeg_stablecoin,indonesia,USDC
169,1.0051784270611441,2934631271384.4844,461,S1_depeg_stablecoin,indonesia,USDC
170,1.0117141512802599,2934631271384.4844,461,S1_depeg_stablecoin,indonesia,USDC
171,1.043101417123306,2934631271384.4844,461,S1_depeg_stablecoin,indonesia,USDC
172,1.000438034898235,2934631271384.4844,461,S1_depeg_stablecoin,indonesia,USDC
173,0.9784519301127571,2934631271384.4844,461,S1_depeg_stablecoin,indonesia,USDC
174,0.9954580613248875,2934631271384.4844,461,S1_depeg_stablecoin,indonesia,USDC
175,0.9893597642811587,2934631271384.4844,461,S1_depeg_stablecoin,indonesia,USDC
176,0.9854145946818835,2934631271384.4844,461,S1_depeg_stablecoin,indonesia,USDC
177,1.0025522095923027,2934631271384.4844,461,S1_depeg_stablecoin,indonesia,USDC
178,1.0098851734937502,2934631271384.4844,461,S1_depeg_stablecoin,indonesia,USDC
179,1.0199699674245235,2934631271384.4844,461,S1_depeg_stablecoin,indonesia,USDC
180,1.0056682277437508,2934631271384.4844,461,S1_depeg_stablecoin,indonesia,USDC
181,0.9910072294349928,2934631271384.4844,461,S1_depeg_stablecoin,indonesia,USDC
182,0.9947300596841667,2934631271384.4844,461,S1_depeg_stablecoin,indonesia,USDC
183,1.0312002384867767,2934631271384.4844,461,S1_depeg_stablecoin,indonesia,USDC
184,1.0310430336273024,2934631271384.4844,461,S1_depeg_stablecoin,indonesia,USDC
185,1.0552309808033846,2934631271384.4844,461,S1_depeg_stablecoin,indonesia,USDC
186,1.0477691440862305,2934631271384.4844,461,S1_depeg_stablecoin,indonesia,USDC
187,1.0718091838243369,2934631271384.4844,461,S1_depeg_stablecoin,indonesia,USDC
188,1.053348260290266,2934631271384.4844,461,S1_depeg_stablecoin,indonesia,USDC
189,1.0550068890224484,2934631271384.4844,461,S1_depeg_stablecoin,indonesia,USDC
190,1.0387288408068558,2934631271384.4844,461,S1_depeg_stablecoin,indonesia,USDC
191,1.0322818924578716,2934631271384.4844,461,S1_depeg_stablecoin,indonesia,USDC
192,1.0640951948264412,2934631271384.4844,461,S1_depeg_stablecoin,indonesia,USDC
193,1.056794252869558,2934631271384.4844,461,S1_depeg_stablecoin,indonesia,USDC
194,1.0341599894752285,2934631271384.4844,461,S1_depeg_stablecoin,indonesia,USDC
195,1.0439725352263909,2934631271384.4844,461,S1_depeg_stablecoin,indonesia,USDC
196,0.9942030316306633,2934631271384.4844,461,S1_depeg_stablecoin,indonesia,USDC
197,1.0077035340940155,2934631271384.4844,461,S1_depeg_stablecoin,indonesia,USDC
198,1.0081258996232207,2934631271384.4844,461,S1_depeg_stablecoin,indonesia,USDC
199,1.0092737696001142,2934631271384.4844,461,S1_depeg_stablecoin,indonesia,USDC
200,1.0304753734615748,2934631271384.4844,461,S1_depeg_stablecoin,indonesia,USDC
201,1.0315753341502307,2934631271384.4844,461,S1_depeg_stablecoin,indonesia,USDC
202,0.9883189483321346,2934631271384.4844,461,S1_depeg_stablecoin,indonesia,USDC
203,1.014210481707192,2934631271384.4844,461,S1_depeg_stablecoin,indonesia,USDC
204,1.0024950940255815,2934631271384.4844,461,S1_depeg_stablecoin,indonesia,USDC
205,1.0294969452592073,2934631271384.4844,461,S1_depeg_stablecoin,indonesia,USDC
206,1.042162136574992,2934631271384.4844,461,S1_depeg_stablecoin,indonesia,USDC
207,1.0106004798889683,2934631271384.4844,461,S1_depeg_stablecoin,indonesia,USDC
208,1.0347722313558105,2934631271384.4844,461,S1_depeg_stablecoin,indonesia,USDC
209,1.065404550378523,2934631271384.4844,461,S1_depeg_stablecoin,indonesia,USDC
210,1.0931468253910899,2934631271384.4844,461,S1_depeg_stablecoin,indonesia,USDC
211,1.0505215136846426,2934631271384.4844,461,S1_depeg_stablecoin,indonesia,USDC
212,1.0469642170918867,2934631271384.4844,461,S1_depeg_stablecoin,indonesia,USDC
213,1.06103619020644,2934631271384.4844,461,S1_depeg_stablecoin,indonesia,USDC
214,1.058797971495777,2934631271384.4844,461,S1_depeg_stablecoin,indonesia,USDC
215,1.0302640227939335,2934631271384.4844,461,S1_depeg_stablecoin,indonesia,USDC
216,1.0335916750557668,2934631271384.4844,461,S1_depeg_stablecoin,indonesia,USDC
217,1.065752658327561,2934631271384.4844,461,S1_depeg_stablecoin,indonesia,USDC
218,1.038416909012066,2934631271384.4844,461,S1_depeg_stablecoin,indonesia,USDC
219,1.0047504020557123,2934631271384.4844,461,S1_depeg_stablecoin,indonesia,USDC
220,0.9975041919794057,2934631271384.4844,461,S1_depeg_stablecoin,indonesia,USDC
221,1.001374598761541,2934631271384.4844,461,S1_depeg_stablecoin,indonesia,USDC
222,1.0119627560490987,2934631271384.4844,461,S1_depeg_stablecoin,indonesia,USDC
223,1.0415351894858533,2934631271384.4844,461,S1_depeg_stablecoin,indonesia,USDC
224,1.0254739943085207,2934631271384.4844,461,S1_depeg_stablecoin,indonesia,USDC
225,1.0047418486924502,2934631271384.4844,461,S1_depeg_stablecoin,indonesia,USDC
226,1.0058324504323575,2934631271384.4844,461,S1_depeg_stablecoin,indonesia,USDC
227,0.9821743686413877,2934631271384.4844,461,S1_depeg_stablecoin,indonesia,USDC
228,1.007500463431166,2934631271384.4844,461,S1_depeg_stablecoin,indonesia,USDC
229,1.0562687683253735,2934631271384.4844,461,S1_depeg_stablecoin,indonesia,USDC
230,1.0402794699364262,2934631271384.4844,461,S1_depeg_stablecoin,indonesia,USDC
231,1.02981433517155,2934631271384.4844,461,S1_depeg_stablecoin,indonesia,USDC
232,1.039352475921518,2934631271384.4844,461,S1_depeg_stablecoin,indonesia,USDC
233,1.038113313958734,2934631271384.4844,461,S1_depeg_stablecoin,indonesia,USDC
234,1.047368663058536,2934631271384.4844,461,S1_depeg_stablecoin,indonesia,USDC
235,1.009175101819972,2934631271384.4844,461,S1_depeg_stablecoin,indonesia,USDC
236,1.0426697965038685,2934631271384.4844,461,S1_depeg_stablecoin,indonesia,USDC
237,1.021930536853603,2934631271384.4844,461,S1_depeg_stablecoin,indonesia,USDC
238,1.0372665652476816,2934631271384.4844,461,S1_depeg_stablecoin,indonesia,USDC
239,1.053109152188185,2934631271384.4844,461,S1_depeg_stablecoin,indonesia,USDC
240,1.0151019392629592,2934631271384.4844,461,S1_depeg_stablecoin,indonesia,USDC
241,1.0110381856602142,2934631271384.4844,461,S1_depeg_stablecoin,indonesia,USDC
242,0.9913481387263625,2934631271384.4844,461,S1_depeg_stablecoin,indonesia,USDC
243,0.9965451582434794,2934631271384.4844,461,S1_depeg_stablecoin,indonesia,USDC
244,0.9697105025985732,2934631271384.4844,461,S1_depeg_stablecoin,indonesia,USDC
245,0.9627782451580168,2934629688468.198,461,S1_depeg_stablecoin,indonesia,USDC
246,0.973434375276541,2934600386116.2095,461,S1_depeg_stablecoin,indonesia,USDC
247,1.0096895890535553,2934600386116.2095,461,S1_depeg_stablecoin,indonesia,USDC
248,1.0085442647510598,2934600386116.2095,461,S1_depeg_stablecoin,indonesia,USDC
249,1.021565641763443,2934600386116.2095,461,S1_depeg_stablecoin,indonesia,USDC
250,0.9966500011856249,2934600386116.2095,461,S1_depeg_stablecoin,indonesia,USDC
251,1.0133757397754548,2934600386116.2095,461,S1_depeg_stablecoin,indonesia,USDC
252,1.0296989806177788,2934600386116.2095,461,S1_depeg_stablecoin,indonesia,USDC
253,1.0340754020882603,2934600386116.2095,461,S1_depeg_stablecoin,indonesia,USDC
254,0.9955301699692816,2934600386116.2095,461,S1_depeg_stablecoin,indonesia,USDC
255,1.0524187115151447,2934600386116.2095,461,S1_depeg_stablecoin,indonesia,USDC
256,1.0333066896512508,2934600386116.2095,461,S1_depeg_stablecoin,indonesia,USDC
257,1.0155294208579273,2934600386116.2095,461,S1_depeg_stablecoin,indonesia,USDC
258,1.01229404993269,2934600386116.2095,461,S1_depeg_stablecoin,indonesia,USDC
259,1.0106048630683313,2934600386116.2095,461,S1_depeg_stablecoin,indonesia,USDC
260,1.0080633756471504,2934600386116.2095,461,S1_depeg_stablecoin,indonesia,USDC
261,0.9987697428829386,2934600386116.2095,461,S1_depeg_stablecoin,indonesia,USDC
262,0.987787938374822,2934600386116.2095,461,S1_depeg_stablecoin,indonesia,USDC
263,1.003278987421338,2934600386116.2095,461,S1_depeg_stablecoin,indonesia,USDC
264,0.9946957529818451,2934600386116.2095,461,S1_depeg_stablecoin,indonesia,USDC
265,0.95699481717696,2934600386116.2095,461,S1_depeg_stablecoin,indonesia,USDC
266,0.9677459818386552,2934529690361.287,461,S1_depeg_stablecoin,indonesia,USDC
267,0.9831766550273902,2934526250921.9814,461,S1_depeg_stablecoin,indonesia,USDC
268,0.9892894244980747,2934526250921.9814,461,S1_depeg_stablecoin,indonesia,USDC
269,0.9800083716013169,2934526250921.9814,461,S1_depeg_stablecoin,indonesia,USDC
270,0.9661698302420237,2934526250921.9814,461,S1_depeg_stablecoin,indonesia,USDC
271,0.9767857040192843,2934508759887.7266,461,S1_depeg_stablecoin,indonesia,USDC
272,0.9828710491124681,2934508759887.7266,461,S1_depeg_stablecoin,indonesia,USDC
273,0.9588100181959339,2934508759887.7266,461,S1_depeg_stablecoin,indonesia,USDC
274,0.9788264979443603,2934459989343.457,461,S1_depeg_stablecoin,indonesia,USDC
275,1.0079254006170113,2934459989343.457,461,S1_depeg_stablecoin,indonesia,USDC
276,1.0361562493476044,2934459989343.457,461,S1_depeg_stablecoin,indonesia,USDC
277,1.018389050867348,2934459989343.457,461,S1_depeg_stablecoin,indonesia,USDC
278,0.9914782495567719,2934459989343.457,461,S1_depeg_stablecoin,indonesia,USDC
279,1.0150089025465938,2934459989343.457,461,S1_depeg_stablecoin,indonesia,USDC
280,1.0339739866868973,2934459989343.457,461,S1_depeg_stablecoin,indonesia,USDC
281,1.0130344412030343,2934459989343.457,461,S1_depeg_stablecoin,indonesia,USDC
282,1.0045363493225554,2934459989343.457,461,S1_depeg_stablecoin,indonesia,USDC
283,1.0331987985015538,2934459989343.457,461,S1_depeg_stablecoin,indonesia,USDC
284,1.0060115187124543,2934459989343.457,461,S1_depeg_stablecoin,indonesia,USDC
285,1.0060642771495478,2934459989343.457,461,S1_depeg_stablecoin,indonesia,USDC
286,0.9811449110355281,2934459989343.457,461,S1_depeg_stablecoin,indonesia,USDC
287,1.0233981594695756,2934459989343.457,461,S1_depeg_stablecoin,indonesia,USDC
288,1.028412624783127,2934459989343.457,461,S1_depeg_stablecoin,indonesia,USDC
289,1.0215476587138288,2934459989343.457,461,S1_depeg_stablecoin,indonesia,USDC
290,1.0260701060666233,2934459989343.457,461,S1_depeg_stablecoin,indonesia,USDC
291,1.0172341813573396,2934459989343.457,461,S1_depeg_stablecoin,indonesia,USDC
292,1.0020566710783512,2934459989343.457,461,S1_depeg_stablecoin,indonesia,USDC
293,1.006010770353645,2934459989343.457,461,S1_depeg_stablecoin,indonesia,USDC
294,1.0215408485104882,2934459989343.457,461,S1_depeg_stablecoin,indonesia,USDC
295,0.9944416692974873,2934459989343.457,461,S1_depeg_stablecoin,indonesia,USDC
296,0.9551050639524117,2934459989343.457,461,S1_depeg_stablecoin,indonesia,USDC
297,0.9654978025624591,2934393054297.1836,461,S1_depeg_stablecoin,indonesia,USDC
298,0.9882572544363802,2934378551724.831,461,S1_depeg_stablecoin,indonesia,USDC
299,0.9752718050972132,2934378551724.831,461,S1_depeg_stablecoin,indonesia,USDC
300,0.9583909559860683,2934378551724.831,461,S1_depeg_stablecoin,indonesia,USDC
301,0.9560718476247312,2934318100268.7144,461,S1_depeg_stablecoin,indonesia,USDC
302,0.9617479347784028,2934253951092.6406,461,S1_depeg_stablecoin,indonesia,USDC
303,0.9862079975509519,2934215255943.3174,461,S1_depeg_stablecoin,indonesia,USDC
304,1.001740029940025,2934215255943.3174,461,S1_depeg_stablecoin,indonesia,USDC
305,0.9885160978726192,2934215255943.3174,461,S1_depeg_stablecoin,indonesia,USDC
306,1.039358872925309,2934215255943.3174,461,S1_depeg_stablecoin,indonesia,USDC
307,1.0455737382594767,2934215255943.3174,461,S1_depeg_stablecoin,indonesia,USDC
308,1.0456216402632579,2934215255943.3174,461,S1_depeg_stablecoin,indonesia,USDC
309,1.04703589685337,2934215255943.3174,461,S1_depeg_stablecoin,indonesia,USDC
310,1.056658522636788,2934215255943.3174,461,S1_depeg_stablecoin,indonesia,USDC
311,1.0163312435894745,2934215255943.3174,461,S1_depeg_stablecoin,indonesia,USDC
312,1.0025166889390786,2934215255943.3174,461,S1_depeg_stablecoin,indonesia,USDC
313,0.971645010167539,2934215255943.3174,461,S1_depeg_stablecoin,indonesia,USDC
314,0.965709121685115,2934215255943.3174,461,S1_depeg_stablecoin,indonesia,USDC
315,0.9444949784358603,2934196525695.264,461,S1_depeg_stablecoin,indonesia,USDC
316,0.9546943328233971,2934082430956.5625,461,S1_depeg_stablecoin,indonesia,USDC
317,0.9546038818431704,2934014801764.1143,461,S1_depeg_stablecoin,indonesia,USDC
318,0.9571825121645658,2933944057656.0083,461,S1_depeg_stablecoin,indonesia,USDC
319,0.9712833838829213,2933883054866.905,461,S1_depeg_stablecoin,indonesia,USDC
320,0.9504984051855305,2933883054866.905,461,S1_depeg_stablecoin,indonesia,USDC
321,0.9546676510888598,2933795345320.615,461,S1_depeg_stablecoin,indonesia,USDC
322,0.9446269312758325,2933731708619.0605,461,S1_depeg_stablecoin,indonesia,USDC
323,0.9579536990692713,2933616504129.4307,461,S1_depeg_stablecoin,indonesia,USDC
324,0.9371763824419408,2933572535239.979,461,S1_depeg_stablecoin,indonesia,USDC
325,0.9599361618168409,2933428888332.8877,461,S1_depeg_stablecoin,indonesia,USDC
326,0.9522604899464916,2933391972610.834,461,S1_depeg_stablecoin,indonesia,USDC
327,0.9671809707816746,2933324289623.0674,461,S1_depeg_stablecoin,indonesia,USDC
328,1.0126064129254138,2933317174877.9834,461,S1_depeg_stablecoin,indonesia,USDC
329,1.0055758889142983,2933317174877.9834,461,S1_depeg_stablecoin,indonesia,USDC
330,1.0163943312880162,2933317174877.9834,461,S1_depeg_stablecoin,indonesia,USDC
331,1.0007630144223323,2933317174877.9834,461,S1_depeg_stablecoin,indonesia,USDC
332,0.9853212821555309,2933317174877.9834,461,S1_depeg_stablecoin,indonesia,USDC
333,0.9763675279577632,2933317174877.9834,461,S1_depeg_stablecoin,indonesia,USDC
334,0.9715130326096567,2933317174877.9834,461,S1_depeg_stablecoin,indonesia,USDC
335,0.9612585883441401,2933317174877.9834,461,S1_depeg_stablecoin,indonesia,USDC
336,0.9463349411271116,2933281220843.39,461,S1_depeg_stablecoin,indonesia,USDC
337,0.9492895832515348,2933184761978.45,461,S1_depeg_stablecoin,indonesia,USDC
338,0.9596490471285408,2933112488387.797,461,S1_depeg_stablecoin,indonesia,USDC
339,0.9775567977949379,2933072098425.175,461,S1_depeg_stablecoin,indonesia,USDC
340,0.9709677221995223,2933072098425.175,461,S1_depeg_stablecoin,indonesia,USDC
341,0.9789576468316896,2933072098425.175,461,S1_depeg_stablecoin,indonesia,USDC
342,0.9602161621665403,2933072098425.175,461,S1_depeg_stablecoin,indonesia,USDC
343,0.972468449062699,2933039436298.1333,461,S1_depeg_stablecoin,indonesia,USDC
344,1.0108104774527162,2933039436298.1333,461,S1_depeg_stablecoin,indonesia,USDC
345,1.00765824858787,2933039436298.1333,461,S1_depeg_stablecoin,indonesia,USDC
346,0.9840035616611681,2933039436298.1333,461,S1_depeg_stablecoin,indonesia,USDC
347,0.9789191109887942,2933039436298.1333,461,S1_depeg_stablecoin,indonesia,USDC
348,0.9956934600712066,2933039436298.1333,461,S1_depeg_stablecoin,indonesia,USDC
349,1.0065403715693366,2933039436298.1333,461,S1_depeg_stablecoin,indonesia,USDC
350,1.0137281735086616,2933039436298.1333,461,S1_depeg_stablecoin,indonesia,USDC
351,1.0357490169604382,2933039436298.1333,461,S1_depeg_stablecoin,indonesia,USDC
352,1.0377921712918212,2933039436298.1333,461,S1_depeg_stablecoin,indonesia,USDC
353,1.0220861771382725,2933039436298.1333,461,S1_depeg_stablecoin,indonesia,USDC
354,1.0044906052238007,2933039436298.1333,461,S1_depeg_stablecoin,indonesia,USDC
355,1.0041629755726136,2933039436298.1333,461,S1_depeg_stablecoin,indonesia,USDC
356,0.9662752337867002,2933039436298.1333,461,S1_depeg_stablecoin,indonesia,USDC
357,0.9648770560985404,2933027320970.662,461,S1_depeg_stablecoin,indonesia,USDC
358,0.9477536128814283,2933010019544.1836,461,S1_depeg_stablecoin,indonesia,USDC
359,0.9586738308716367,2932928851403.9473,461,S1_depeg_stablecoin,indonesia,USDC
360,0.9400858080292073,2932891913553.292,461,S1_depeg_stablecoin,indonesia,USDC
361,0.9601787543553634,2932789314444.1777,461,S1_depeg_stablecoin,indonesia,USDC
362,0.9493521050667253,2932761369431.2573,461,S1_depeg_stablecoin,indonesia,USDC
363,0.9744797097010223,2932691262941.271,461,S1_depeg_stablecoin,indonesia,USDC
364,0.978512935536207,2932691262941.271,461,S1_depeg_stablecoin,indonesia,USDC
365,0.956828973597054,2932691262941.271,461,S1_depeg_stablecoin,indonesia,USDC
366,0.964630353808584,2932648085296.449,461,S1_depeg_stablecoin,indonesia,USDC
367,0.9904175590688492,2932629703458.9604,461,S1_depeg_stablecoin,indonesia,USDC
368,0.9935374945542281,2932629703458.9604,461,S1_depeg_stablecoin,indonesia,USDC
369,0.9961587163531018,2932629703458.9604,461,S1_depeg_stablecoin,indonesia,USDC
370,1.028528812142245,2932629703458.9604,461,S1_depeg_stablecoin,indonesia,USDC
371,1.003931603346666,2932629703458.9604,461,S1_depeg_stablecoin,indonesia,USDC
372,1.0343012625711443,2932629703458.9604,461,S1_depeg_stablecoin,indonesia,USDC
373,1.0299147723502218,2932629703458.9604,461,S1_depeg_stablecoin,indonesia,USDC
374,0.9997995338571422,2932629703458.9604,461,S1_depeg_stablecoin,indonesia,USDC
375,1.0125811760914318,2932629703458.9604,461,S1_depeg_stablecoin,indonesia,USDC
376,0.9992605953381413,2932629703458.9604,461,S1_depeg_stablecoin,indonesia,USDC
377,1.019521995917468,2932629703458.9604,461,S1_depeg_stablecoin,indonesia,USDC
378,1.0408426420039925,2932629703458.9604,461,S1_depeg_stablecoin,indonesia,USDC
379,1.03469304186021,2932629703458.9604,461,S1_depeg_stablecoin,indonesia,USDC
380,1.0566776917414362,2932629703458.9604,461,S1_depeg_stablecoin,indonesia,USDC
381,1.0600530722080965,2932629703458.9604,461,S1_depeg_stablecoin,indonesia,USDC
382,1.069696927956301,2932629703458.9604,461,S1_depeg_stablecoin,indonesia,USDC
383,1.0632183026046915,2932629703458.9604,461,S1_depeg_stablecoin,indonesia,USDC
384,1.0192320054181907,2932629703458.9604,461,S1_depeg_stablecoin,indonesia,USDC
385,1.0257657180394257,2932629703458.9604,461,S1_depeg_stablecoin,indonesia,USDC
386,1.0218049539413476,2932629703458.9604,461,S1_depeg_stablecoin,indonesia,USDC
387,1.0189861281715864,2932629703458.9604,461,S1_depeg_stablecoin,indonesia,USDC
388,1.033642699263803,2932629703458.9604,461,S1_depeg_stablecoin,indonesia,USDC
389,1.0443492019530463,2932629703458.9604,461,S1_depeg_stablecoin,indonesia,USDC
390,1.0364697278295485,2932629703458.9604,461,S1_depeg_stablecoin,indonesia,USDC
391,1.0669488224009216,2932629703458.9604,461,S1_depeg_stablecoin,indonesia,USDC
392,1.0880364617578835,2932629703458.9604,461,S1_depeg_stablecoin,indonesia,USDC
393,1.0641757353889678,2932629703458.9604,461,S1_depeg_stablecoin,indonesia,USDC
394,1.0345934500366978,2932629703458.9604,461,S1_depeg_stablecoin,indonesia,USDC
395,1.034514234105939,2932629703458.9604,461,S1_depeg_stablecoin,indonesia,USDC
396,1.0631712357608933,2932629703458.9604,461,S1_depeg_stablecoin,indonesia,USDC
397,1.0936821638182441,2932629703458.9604,461,S1_depeg_stablecoin,indonesia,USDC
398,1.0729156035467322,2932629703458.9604,461,S1_depeg_stablecoin,indonesia,USDC
399,1.0751800725392056,2932629703458.9604,461,S1_depeg_stablecoin,indonesia,USDC
400,1.0536681408314303,2932629703458.9604,461,S1_depeg_stablecoin,indonesia,USDC
401,1.005026078446353,2932629703458.9604,461,S1_depeg_stablecoin,indonesia,USDC
402,1.0245361829678017,2932629703458.9604,461,S1_depeg_stablecoin,indonesia,USDC
403,0.9955561653735181,2932629703458.9604,461,S1_depeg_stablecoin,indonesia,USDC
404,0.963098166194024,2932629703458.9604,461,S1_depeg_stablecoin,indonesia,USDC
405,0.922629657685991,2932608305636.13,461,S1_depeg_stablecoin,indonesia,USDC
406,0.946598970518414,2932456793876.633,461,S1_depeg_stablecoin,indonesia,USDC
407,0.9454355593174913,2932381300309.589,461,S1_depeg_stablecoin,indonesia,USDC
408,0.9553280986208658,2932309685987.809,461,S1_depeg_stablecoin,indonesia,USDC
409,0.9753184871676951,2932269152659.005,461,S1_depeg_stablecoin,indonesia,USDC
410,0.9743851546801252,2932269152659.005,461,S1_depeg_stablecoin,indonesia,USDC
411,0.956892404055519,2932269152659.005,461,S1_depeg_stablecoin,indonesia,USDC
412,0.9557301181735909,2932233761539.9355,461,S1_depeg_stablecoin,indonesia,USDC
413,0.9504207119636878,2932193219321.888,461,S1_depeg_stablecoin,indonesia,USDC
414,0.9520650128630843,2932140265219.2354,461,S1_depeg_stablecoin,indonesia,USDC
415,0.9370953563975253,2932088258048.7534,461,S1_depeg_stablecoin,indonesia,USDC
416,0.9485127713717381,2932000588890.1387,461,S1_depeg_stablecoin,indonesia,USDC
417,0.9712658584973454,2931946121361.1875,461,S1_depeg_stablecoin,indonesia,USDC
418,1.0075349298246103,2931946121361.1875,461,S1_depeg_stablecoin,indonesia,USDC
419,0.9852198449839356,2931946121361.1875,461,S1_depeg_stablecoin,indonesia,USDC
420,0.9641700199319604,2931946121361.1875,461,S1_depeg_stablecoin,indonesia,USDC
421,0.9523228969138792,2931931980536.201,461,S1_depeg_stablecoin,indonesia,USDC
422,0.9527300020835148,2931884516909.825,461,S1_depeg_stablecoin,indonesia,USDC
423,0.961275525665261,2931845221851.2153,461,S1_depeg_stablecoin,indonesia,USDC
424,0.982558066675882,2931827602320.462,461,S1_depeg_stablecoin,indonesia,USDC
425,0.9553145937387467,2931827602320.462,461,S1_depeg_stablecoin,indonesia,USDC
426,0.9563078121885062,2931795510416.604,461,S1_depeg_stablecoin,indonesia,USDC
427,0.9362526595049039,2931766231185.8945,461,S1_depeg_stablecoin,indonesia,USDC
428,0.9221431014342591,2931681385020.137,461,S1_depeg_stablecoin,indonesia,USDC
429,0.911855804717939,2931574697965.159,461,S1_depeg_stablecoin,indonesia,USDC
430,0.9374709549829446,2931450205401.909,461,S1_depeg_stablecoin,indonesia,USDC
431,0.9497275885462996,2931383598736.4785,461,S1_depeg_stablecoin,indonesia,USDC
432,0.9637806456551093,2931342413687.706,461,S1_depeg_stablecoin,indonesia,USDC
433,0.9887055790443792,2931333256440.0845,461,S1_depeg_stablecoin,indonesia,USDC
434,0.9662528470236862,2931333256440.0845,461,S1_depeg_stablecoin,indonesia,USDC
435,0.9728777648305036,2931326658696.6055,461,S1_depeg_stablecoin,indonesia,USDC
436,0.9922503938718329,2931326658696.6055,461,S1_depeg_stablecoin,indonesia,USDC
437,1.0040861475838323,2931326658696.6055,461,S1_depeg_stablecoin,indonesia,USDC
438,0.9707573890952382,2931326658696.6055,461,S1_depeg_stablecoin,indonesia,USDC
439,0.969705676153567,2931326658696.6055,461,S1_depeg_stablecoin,indonesia,USDC
440,0.9765455331819277,2931326052097.7866,461,S1_depeg_stablecoin,indonesia,USDC
441,0.941270989659087,2931326052097.7866,461,S1_depeg_stablecoin,indonesia,USDC
442,0.9349656796911568,2931270912513.2764,461,S1_depeg_stablecoin,indonesia,USDC
443,0.9488555103157001,2931207235405.255,461,S1_depeg_stablecoin,indonesia,USDC
444,0.9617383035582971,2931167925050.7783,461,S1_depeg_stablecoin,indonesia,USDC
445,0.9644128779882879,2931154666281.0693,461,S1_depeg_stablecoin,indonesia,USDC
446,0.9484584134222704,2931144141934.991,461,S1_depeg_stablecoin,indonesia,USDC
447,0.9424259297675801,2931105409300.041,461,S1_depeg_stablecoin,indonesia,USDC
448,0.9244067333202232,2931056633277.794,461,S1_depeg_stablecoin,indonesia,USDC
449,0.8977471243360877,2930975358066.4473,461,S1_depeg_stablecoin,indonesia,USDC
450,0.9127178526288136,2930861298530.4575,461,S1_depeg_stablecoin,indonesia,USDC
451,0.8951178327158917,2930777622497.8057,461,S1_depeg_stablecoin,indonesia,USDC
452,0.9041237996616712,2930665675577.0635,461,S1_depeg_stablecoin,indonesia,USDC
453,0.9130442834762049,2930581408438.766,461,S1_depeg_stablecoin,indonesia,USDC
454,0.9273868967438846,2930507782249.1533,461,S1_depeg_stablecoin,indonesia,USDC
455,0.9450739641588073,2930458863775.845,461,S1_depeg_stablecoin,indonesia,USDC
456,0.9526113415912247,2930429791116.2363,461,S1_depeg_stablecoin,indonesia,USDC
457,0.9587672278731455,2930410934336.3823,461,S1_depeg_stablecoin,indonesia,USDC
458,0.9520325769091212,2930400690681.5703,461,S1_depeg_stablecoin,indonesia,USDC
459,0.9719543976175246,2930380811796.5605,461,S1_depeg_stablecoin,indonesia,USDC
460,0.9832792720768557,2930380811796.5605,461,S1_depeg_stablecoin,indonesia,USDC
461,0.9681845475754857,2930380811796.5605,461,S1_depeg_stablecoin,indonesia,USDC
462,0.9695428943424386,2930379420961.2407,461,S1_depeg_stablecoin,indonesia,USDC
463,0.984515965090573,2930379092030.576,461,S1_depeg_stablecoin,indonesia,USDC
464,0.9821560855875502,2930379092030.576,461,S1_depeg_stablecoin,indonesia,USDC
465,0.9875584155815387,2930379092030.576,461,S1_depeg_stablecoin,indonesia,USDC
466,0.973925985640608,2930379092030.576,461,S1_depeg_stablecoin,indonesia,USDC
467,0.9579496257003156,2930379092030.576,461,S1_depeg_stablecoin,indonesia,USDC
468,0.9515077160771372,2930367558206.441,461,S1_depeg_stablecoin,indonesia,USDC
469,0.969875230704656,2930349454426.9795,461,S1_depeg_stablecoin,indonesia,USDC
470,0.9770737387227644,2930349367050.7295,461,S1_depeg_stablecoin,indonesia,USDC
471,0.9868246591809082,2930349367050.7295,461,S1_depeg_stablecoin,indonesia,USDC
472,0.9720254580636123,2930349367050.7295,461,S1_depeg_stablecoin,indonesia,USDC
473,0.9864811081761243,2930349367050.7295,461,S1_depeg_stablecoin,indonesia,USDC
474,1.0085871541611162,2930349367050.7295,461,S1_depeg_stablecoin,indonesia,USDC
475,0.9870463083019405,2930349367050.7295,461,S1_depeg_stablecoin,indonesia,USDC
476,0.9882637933312173,2930349367050.7295,461,S1_depeg_stablecoin,indonesia,USDC
477,0.984459329084131,2930349367050.7295,461,S1_depeg_stablecoin,indonesia,USDC
478,0.9940912941204237,2930349367050.7295,461,S1_depeg_stablecoin,indonesia,USDC
479,0.9914993339821072,2930349367050.7295,461,S1_depeg_stablecoin,indonesia,USDC
480,0.9726112924457389,2930349367050.7295,461,S1_depeg_stablecoin,indonesia,USDC
481,0.9851174791347834,2930349367050.7295,461,S1_depeg_stablecoin,indonesia,USDC
482,1.0049210901744159,2930349367050.7295,461,S1_depeg_stablecoin,indonesia,USDC
483,1.028883456259821,2930349367050.7295,461,S1_depeg_stablecoin,indonesia,USDC
484,1.0383605646016723,2930349367050.7295,461,S1_depeg_stablecoin,indonesia,USDC
485,1.0295747341242476,2930349367050.7295,461,S1_depeg_stablecoin,indonesia,USDC
486,0.9866248621771612,2930349367050.7295,461,S1_depeg_stablecoin,indonesia,USDC
487,0.997393753216031,2930349367050.7295,461,S1_depeg_stablecoin,indonesia,USDC
488,1.01328208861447,2930349367050.7295,461,S1_depeg_stablecoin,indonesia,USDC
489,0.9889645479597253,2930349367050.7295,461,S1_depeg_stablecoin,indonesia,USDC
490,0.9852544659081193,2930349367050.7295,461,S1_depeg_stablecoin,indonesia,USDC
491,0.9672897887891793,2930349367050.7295,461,S1_depeg_stablecoin,indonesia,USDC
492,0.9982523698122391,2930346511913.935,461,S1_depeg_stablecoin,indonesia,USDC
493,1.0054274632989513,2930346511913.935,461,S1_depeg_stablecoin,indonesia,USDC
494,1.0127799018790031,2930346511913.935,461,S1_depeg_stablecoin,indonesia,USDC
495,1.0213039708335196,2930346511913.935,461,S1_depeg_stablecoin,indonesia,USDC
496,1.0105985363616328,2930346511913.935,461,S1_depeg_stablecoin,indonesia,USDC
497,1.0084532626592175,2930346511913.935,461,S1_depeg_stablecoin,indonesia,USDC
498,0.9920012900479475,2930346511913.935,461,S1_depeg_stablecoin,indonesia,USDC
499,1.0140937549922953,2930346511913.935,461,S1_depeg_stablecoin,indonesia,USDC
500,1.0346484052544012,2930346511913.935,461,S1_depeg_stablecoin,indonesia,USDC
501,1.0160394791682092,2930346511913.935,461,S1_depeg_stablecoin,indonesia,USDC
502,1.023108091719313,2930346511913.935,461,S1_depeg_stablecoin,indonesia,USDC
503,0.9911821152842326,2930346511913.935,461,S1_depeg_stablecoin,indonesia,USDC
504,0.9927767407216757,2930346511913.935,461,S1_depeg_stablecoin,indonesia,USDC
505,1.00178714021284,2930346511913.935,461,S1_depeg_stablecoin,indonesia,USDC
506,0.9820306625491513,2930346511913.935,461,S1_depeg_stablecoin,indonesia,USDC
507,0.9725455282388061,2930346511913.935,461,S1_depeg_stablecoin,indonesia,USDC
508,0.9580799332832884,2930346511913.935,461,S1_depeg_stablecoin,indonesia,USDC
509,0.9607074510282528,2930335468200.423,461,S1_depeg_stablecoin,indonesia,USDC
510,0.9313060458797506,2930327166544.651,461,S1_depeg_stablecoin,indonesia,USDC
511,0.9396499404008606,2930287289066.764,461,S1_depeg_stablecoin,indonesia,USDC
512,0.9736107505544671,2930258261029.1,461,S1_depeg_stablecoin,indonesia,USDC
513,0.9804148755182607,2930258261029.1,461,S1_depeg_stablecoin,indonesia,USDC
514,1.0164000213915632,2930258261029.1,461,S1_depeg_stablecoin,indonesia,USDC
515,1.0189275392787793,2930258261029.1,461,S1_depeg_stablecoin,indonesia,USDC
516,1.024180496533062,2930258261029.1,461,S1_depeg_stablecoin,indonesia,USDC
517,1.044323836966114,2930258261029.1,461,S1_depeg_stablecoin,indonesia,USDC
518,1.0442468505024596,2930258261029.1,461,S1_depeg_stablecoin,indonesia,USDC
519,1.024457039118448,2930258261029.1,461,S1_depeg_stablecoin,indonesia,USDC
520,1.0328183289454613,2930258261029.1,461,S1_depeg_stablecoin,indonesia,USDC
521,1.0500664899167156,2930258261029.1,461,S1_depeg_stablecoin,indonesia,USDC
522,1.0386746210444893,2930258261029.1,461,S1_depeg_stablecoin,indonesia,USDC
523,1.0254401636233668,2930258261029.1,461,S1_depeg_stablecoin,indonesia,USDC
524,1.02922265805348,2930258261029.1,461,S1_depeg_stablecoin,indonesia,USDC
525,1.0529011147241922,2930258261029.1,461,S1_depeg_stablecoin,indonesia,USDC
526,1.0550305348358295,2930258261029.1,461,S1_depeg_stablecoin,indonesia,USDC
527,1.0499146565274273,2930258261029.1,461,S1_depeg_stablecoin,indonesia,USDC
528,1.0495856278810731,2930258261029.1,461,S1_depeg_stablecoin,indonesia,USDC
529,1.046019308375745,2930258261029.1,461,S1_depeg_stablecoin,indonesia,USDC
530,1.0284288984894847,2930258261029.1,461,S1_depeg_stablecoin,indonesia,USDC
531,1.0411914424294275,2930258261029.1,461,S1_depeg_stablecoin,indonesia,USDC
532,1.0261325891376227,2930258261029.1,461,S1_depeg_stablecoin,indonesia,USDC
533,1.036385695996238,2930258261029.1,461,S1_depeg_stablecoin,indonesia,USDC
534,1.0049863967127775,2930258261029.1,461,S1_depeg_stablecoin,indonesia,USDC
535,1.0216116220967058,2930258261029.1,461,S1_depeg_stablecoin,indonesia,USDC
536,1.0118753095925384,2930258261029.1,461,S1_depeg_stablecoin,indonesia,USDC
537,1.0176862323848896,2930258261029.1,461,S1_depeg_stablecoin,indonesia,USDC
538,1.036106597544346,2930258261029.1,461,S1_depeg_stablecoin,indonesia,USDC
539,1.05804108318718,2930258261029.1,461,S1_depeg_stablecoin,indonesia,USDC
540,1.01926109740487,2930258261029.1,461,S1_depeg_stablecoin,indonesia,USDC
541,0.9821403148045493,2930258261029.1,461,S1_depeg_stablecoin,indonesia,USDC
542,0.9761503819962484,2930258261029.1,461,S1_depeg_stablecoin,indonesia,USDC
543,0.9983137549707669,2930258261029.1,461,S1_depeg_stablecoin,indonesia,USDC
544,1.0043363733232265,2930258261029.1,461,S1_depeg_stablecoin,indonesia,USDC
545,1.0270013027297034,2930258261029.1,461,S1_depeg_stablecoin,indonesia,USDC
546,1.0434298905667825,2930258261029.1,461,S1_depeg_stablecoin,indonesia,USDC
547,1.0183495514863332,2930258261029.1,461,S1_depeg_stablecoin,indonesia,USDC
548,1.006021972772979,2930258261029.1,461,S1_depeg_stablecoin,indonesia,USDC
549,0.9716818361956596,2930258261029.1,461,S1_depeg_stablecoin,indonesia,USDC
550,0.9779136570573871,2930258261029.1,461,S1_depeg_stablecoin,indonesia,USDC
551,0.973828354673355,2930258261029.1,461,S1_depeg_stablecoin,indonesia,USDC
552,0.9597810696008381,2930258261029.1,461,S1_depeg_stablecoin,indonesia,USDC
553,0.9324137085608465,2930249737412.5244,461,S1_depeg_stablecoin,indonesia,USDC
554,0.9264595619393626,2930214001759.5605,461,S1_depeg_stablecoin,indonesia,USDC
555,0.9051785935447191,2930176467195.2275,461,S1_depeg_stablecoin,indonesia,USDC
556,0.898700536429239,2930122484109.746,461,S1_depeg_stablecoin,indonesia,USDC
557,0.8898507914576278,2930068200045.612,461,S1_depeg_stablecoin,indonesia,USDC
558,0.9112238299792843,2930008375728.893,461,S1_depeg_stablecoin,indonesia,USDC
559,0.8948978936036912,2929967118592.0386,461,S1_depeg_stablecoin,indonesia,USDC
560,0.9226938615370913,2929921061246.829,461,S1_depeg_stablecoin,indonesia,USDC
561,0.9506677467871084,2929892113602.09,461,S1_depeg_stablecoin,indonesia,USDC
562,0.9713267266459236,2929881342184.8267,461,S1_depeg_stablecoin,indonesia,USDC
563,0.994520553660432,2929881342184.8267,461,S1_depeg_stablecoin,indonesia,USDC
564,0.8715327700421397,2929881342184.8267,461,S1_depeg_stablecoin,indonesia,USDC
565,0.8741948145212692,2929828787524.863,461,S1_depeg_stablecoin,indonesia,USDC
566,0.8861558674976957,2929780365713.14,461,S1_depeg_stablecoin,indonesia,USDC
567,0.9000382008058568,2929742092864.864,461,S1_depeg_stablecoin,indonesia,USDC
568,0.8992668625594594,2929712907961.337,461,S1_depeg_stablecoin,indonesia,USDC
569,0.9081158878962732,2929684803527.3105,461,S1_depeg_stablecoin,indonesia,USDC
570,0.9115115837000907,2929663700396.4937,461,S1_depeg_stablecoin,indonesia,USDC
571,0.9201158351857927,2929644444427.068,461,S1_depeg_stablecoin,indonesia,USDC
572,0.9293485102854585,2929629020001.8066,461,S1_depeg_stablecoin,indonesia,USDC
573,0.9276100709545897,2929617111876.1987,461,S1_depeg_stablecoin,indonesia,USDC
574,0.9299879887757037,2929604810840.606,461,S1_depeg_stablecoin,indonesia,USDC
575,0.9135254606286598,2929593371799.284,461,S1_depeg_stablecoin,indonesia,USDC
576,0.9051061260539073,2929579077399.301,461,S1_depeg_stablecoin,indonesia,USDC
577,0.9201911278254741,2929563477055.893,461,S1_depeg_stablecoin,indonesia,USDC
578,0.9188293104693538,2929552005414.4805,461,S1_depeg_stablecoin,indonesia,USDC
579,0.9362371227370385,2929540472052.292,461,S1_depeg_stablecoin,indonesia,USDC
580,0.9287190703744754,2929533759016.8027,461,S1_depeg_stablecoin,indonesia,USDC
581,0.9593729923358352,2929525235241.882,461,S1_depeg_stablecoin,indonesia,USDC
582,0.9090739216229075,2929523208159.6875,461,S1_depeg_stablecoin,indonesia,USDC
583,0.9213361988827862,2929511832767.191,461,S1_depeg_stablecoin,indonesia,USDC
584,0.9188267685762421,2929502584868.661,461,S1_depeg_stablecoin,indonesia,USDC
585,0.9146934006804153,2929493347968.065,461,S1_depeg_stablecoin,indonesia,USDC
586,0.8801921485333201,2929484134271.4014,461,S1_depeg_stablecoin,indonesia,USDC
587,0.8990851933237513,2929469631978.1685,461,S1_depeg_stablecoin,indonesia,USDC
588,0.9004736752652552,2929459731523.626,461,S1_depeg_stablecoin,indonesia,USDC
589,0.9041706453677867,2929450253425.304,461,S1_depeg_stablecoin,indonesia,USDC
590,0.9363804497063017,2929442325769.226,461,S1_depeg_stablecoin,indonesia,USDC
591,0.9388188877879756,2929438470614.6772,461,S1_depeg_stablecoin,indonesia,USDC
592,0.9588906108724358,2929434903326.5396,461,S1_depeg_stablecoin,indonesia,USDC
593,0.9838720945096497,2929433824908.192,461,S1_depeg_stablecoin,indonesia,USDC
594,0.9577584182872352,2929433824908.192,461,S1_depeg_stablecoin,indonesia,USDC
595,0.9827455611960493,2929432483034.6206,461,S1_depeg_stablecoin,indonesia,USDC
596,0.9629183519805113,2929432483034.6206,461,S1_depeg_stablecoin,indonesia,USDC
597,0.9556757722919873,2929431917241.321,461,S1_depeg_stablecoin,indonesia,USDC
598,0.956452115681865,2929430375247.3506,461,S1_depeg_stablecoin,indonesia,USDC
599,0.9709578763497076,2929429092581.2275,461,S1_depeg_stablecoin,indonesia,USDC
600,0.9736334888912562,2929429092581.2275,461,S1_depeg_stablecoin,indonesia,USDC
601,0.9724639368726653,2929429092581.2275,461,S1_depeg_stablecoin,indonesia,USDC
602,0.977950958464583,2929429092581.2275,461,S1_depeg_stablecoin,indonesia,USDC
603,0.9631315112718213,2929429092581.2275,461,S1_depeg_stablecoin,indonesia,USDC
604,0.9919716838899403,2929428502227.5547,461,S1_depeg_stablecoin,indonesia,USDC
605,1.0069501749893612,2929428502227.5547,461,S1_depeg_stablecoin,indonesia,USDC
606,0.9830142891485777,2929428502227.5547,461,S1_depeg_stablecoin,indonesia,USDC
607,1.0045040985831124,2929428502227.5547,461,S1_depeg_stablecoin,indonesia,USDC
608,1.0232831357622265,2929428502227.5547,461,S1_depeg_stablecoin,indonesia,USDC
609,1.0136880708087925,2929428502227.5547,461,S1_depeg_stablecoin,indonesia,USDC
610,0.9865359987882674,2929428502227.5547,461,S1_depeg_stablecoin,indonesia,USDC
611,0.9895971384692511,2929428502227.5547,461,S1_depeg_stablecoin,indonesia,USDC
612,0.9867978847084408,2929428502227.5547,461,S1_depeg_stablecoin,indonesia,USDC
613,0.9887704349657804,2929428502227.5547,461,S1_depeg_stablecoin,indonesia,USDC
614,0.9877591715319768,2929428502227.5547,461,S1_depeg_stablecoin,indonesia,USDC
615,0.9852350677658523,2929428502227.5547,461,S1_depeg_stablecoin,indonesia,USDC
616,0.9756207546827176,2929428502227.5547,461,S1_depeg_stablecoin,indonesia,USDC
617,0.9682966679383377,2929428502227.5547,461,S1_depeg_stablecoin,indonesia,USDC
618,0.9771798578487016,2929428434582.9814,461,S1_depeg_stablecoin,indonesia,USDC
619,0.9981236175333285,2929428434582.9814,461,S1_depeg_stablecoin,indonesia,USDC
620,0.9454279942400098,2929428434582.9814,461,S1_depeg_stablecoin,indonesia,USDC
621,0.9513508286690592,2929426066847.117,461,S1_depeg_stablecoin,indonesia,USDC
622,0.9487397927504508,2929424336929.3755,461,S1_depeg_stablecoin,indonesia,USDC
623,0.9635241751272526,2929422214424.9365,461,S1_depeg_stablecoin,indonesia,USDC
624,0.9719079645266805,2929421641066.586,461,S1_depeg_stablecoin,indonesia,USDC
625,0.9366674165677431,2929421641066.586,461,S1_depeg_stablecoin,indonesia,USDC
626,0.9401625425368151,2929418611378.4033,461,S1_depeg_stablecoin,indonesia,USDC
627,0.9420644318557121,2929416089719.5615,461,S1_depeg_stablecoin,indonesia,USDC
628,0.9571024582519263,2929413802868.579,461,S1_depeg_stablecoin,indonesia,USDC
629,0.9335094641614224,2929412718948.298,461,S1_depeg_stablecoin,indonesia,USDC
630,0.9749460529531363,2929409805072.0557,461,S1_depeg_stablecoin,indonesia,USDC
631,0.9849855665292261,2929409805072.0557,461,S1_depeg_stablecoin,indonesia,USDC
632,1.0242267712122213,2929409805072.0557,461,S1_depeg_stablecoin,indonesia,USDC
633,1.0186456574117047,2929409805072.0557,461,S1_depeg_stablecoin,indonesia,USDC
634,1.020818928466039,2929409805072.0557,461,S1_depeg_stablecoin,indonesia,USDC
635,1.0237951165090267,2929409805072.0557,461,S1_depeg_stablecoin,indonesia,USDC
636,1.0012533363390537,2929409805072.0557,461,S1_depeg_stablecoin,indonesia,USDC
637,1.0227238023617957,2929409805072.0557,461,S1_depeg_stablecoin,indonesia,USDC
638,1.0127698733501522,2929409805072.0557,461,S1_depeg_stablecoin,indonesia,USDC
639,0.9873203878845369,2929409805072.0557,461,S1_depeg_stablecoin,indonesia,USDC
640,0.9808626072554278,2929409805072.0557,461,S1_depeg_stablecoin,indonesia,USDC
641,0.9978095086735921,2929409805072.0557,461,S1_depeg_stablecoin,indonesia,USDC
642,1.0324691551724807,2929409805072.0557,461,S1_depeg_stablecoin,indonesia,USDC
643,1.0174152720302527,2929409805072.0557,461,S1_depeg_stablecoin,indonesia,USDC
644,0.9928878652201536,2929409805072.0557,461,S1_depeg_stablecoin,indonesia,USDC
645,0.9873264823659249,2929409805072.0557,461,S1_depeg_stablecoin,indonesia,USDC
646,0.9775645542351892,2929409805072.0557,461,S1_depeg_stablecoin,indonesia,USDC
647,0.9669770704162899,2929409805072.0557,461,S1_depeg_stablecoin,indonesia,USDC
648,0.9732403221820097,2929409594889.205,461,S1_depeg_stablecoin,indonesia,USDC
649,0.980390485140621,2929409594889.205,461,S1_depeg_stablecoin,indonesia,USDC
650,0.9782045352711732,2929409594889.205,461,S1_depeg_stablecoin,indonesia,USDC
651,0.9651934531231866,2929409594889.205,461,S1_depeg_stablecoin,indonesia,USDC
652,0.9402384002641107,2929409335374.724,461,S1_depeg_stablecoin,indonesia,USDC
653,0.9483912043684339,2929406993070.2246,461,S1_depeg_stablecoin,indonesia,USDC
654,0.9222460880579796,2929405291987.6543,461,S1_depeg_stablecoin,indonesia,USDC
655,0.9436706575809632,2929401462093.037,461,S1_depeg_stablecoin,indonesia,USDC
656,0.9350519445276021,2929399669182.177,461,S1_depeg_stablecoin,indonesia,USDC
657,0.925481075131875,2929397310528.7173,461,S1_depeg_stablecoin,indonesia,USDC
658,0.9625028292529356,2929394106397.589,461,S1_depeg_stablecoin,indonesia,USDC
659,0.9800270825384293,2929393720318.4106,461,S1_depeg_stablecoin,indonesia,USDC
660,0.9738474945366822,2929393720318.4106,461,S1_depeg_stablecoin,indonesia,USDC
661,0.9349786019581423,2929393720318.4106,461,S1_depeg_stablecoin,indonesia,USDC
662,0.9476414998743423,2929391329369.368,461,S1_depeg_stablecoin,indonesia,USDC
663,0.9461674339932455,2929389915803.347,461,S1_depeg_stablecoin,indonesia,USDC
664,0.953665195081311,2929388439966.882,461,S1_depeg_stablecoin,indonesia,USDC
665,0.9529996668649198,2929387461767.702,461,S1_depeg_stablecoin,indonesia,USDC
666,0.9552688345497745,2929386508039.725,461,S1_depeg_stablecoin,indonesia,USDC
667,0.9657932785031635,2929385702457.592,461,S1_depeg_stablecoin,indonesia,USDC
668,0.9536209355283949,2929385518422.7344,461,S1_depeg_stablecoin,indonesia,USDC
669,0.9456999811769491,2929384538700.3423,461,S1_depeg_stablecoin,indonesia,USDC
670,0.9392104806505839,2929383109725.4624,461,S1_depeg_stablecoin,indonesia,USDC
671,0.9280680080658283,2929381460190.8516,461,S1_depeg_stablecoin,indonesia,USDC
672,0.9274885147843966,2929379327524.587,461,S1_depeg_stablecoin,indonesia,USDC
673,0.9109730359499816,2929377056001.641,461,S1_depeg_stablecoin,indonesia,USDC
674,0.9429586969923549,2929374115530.5596,461,S1_depeg_stablecoin,indonesia,USDC
675,0.9373225801704471,2929372861576.8286,461,S1_depeg_stablecoin,indonesia,USDC
676,0.9338523426883913,2929371382361.9893,461,S1_depeg_stablecoin,indonesia,USDC
677,0.9268728877278721,2929369796839.194,461,S1_depeg_stablecoin,indonesia,USDC
678,0.9237040264824667,2929367969546.422,461,S1_depeg_stablecoin,indonesia,USDC
679,0.9443578683728816,2929366037897.709,461,S1_depeg_stablecoin,indonesia,USDC
680,0.9409367763669589,2929365092505.9785,461,S1_depeg_stablecoin,indonesia,USDC
681,0.9398199772900059,2929364004422.6704,461,S1_depeg_stablecoin,indonesia,USDC
682,0.9632587955211994,2929362981810.118,461,S1_depeg_stablecoin,indonesia,USDC
683,0.9911542557729931,2929362802407.1694,461,S1_depeg_stablecoin,indonesia,USDC
684,0.9905931171425499,2929362802407.1694,461,S1_depeg_stablecoin,indonesia,USDC
685,0.9746702634941614,2929362802407.1694,461,S1_depeg_stablecoin,indonesia,USDC
686,0.9714125221711062,2929362802407.1694,461,S1_depeg_stablecoin,indonesia,USDC
687,0.9665966806077972,2929362802407.1694,461,S1_depeg_stablecoin,indonesia,USDC
688,1.0104471236756443,2929362678536.705,461,S1_depeg_stablecoin,indonesia,USDC
689,1.0140986005613921,2929362678536.705,461,S1_depeg_stablecoin,indonesia,USDC
690,1.0107135971250325,2929362678536.705,461,S1_depeg_stablecoin,indonesia,USDC
691,1.0177427592320658,2929362678536.705,461,S1_depeg_stablecoin,indonesia,USDC
692,1.0104202100994595,2929362678536.705,461,S1_depeg_stablecoin,indonesia,USDC
693,1.0169476581202688,2929362678536.705,461,S1_depeg_stablecoin,indonesia,USDC
694,1.0129550979594062,2929362678536.705,461,S1_depeg_stablecoin,indonesia,USDC
695,1.0083958166440559,2929362678536.705,461,S1_depeg_stablecoin,indonesia,USDC
696,1.011754328712222,2929362678536.705,461,S1_depeg_stablecoin,indonesia,USDC
697,0.9662927930171278,2929362678536.705,461,S1_depeg_stablecoin,indonesia,USDC
698,0.9753789155207847,2929362544079.0737,461,S1_depeg_stablecoin,indonesia,USDC
699,0.9577334732659197,2929362544079.0737,461,S1_depeg_stablecoin,indonesia,USDC
700,1.0022112360521902,2929362151993.022,461,S1_depeg_stablecoin,indonesia,USDC
701,1.005554342238539,2929362151993.022,461,S1_depeg_stablecoin,indonesia,USDC
702,1.0117555402739395,2929362151993.022,461,S1_depeg_stablecoin,indonesia,USDC
703,1.0239235510326994,2929362151993.022,461,S1_depeg_stablecoin,indonesia,USDC
704,1.0222280584755092,2929362151993.022,461,S1_depeg_stablecoin,indonesia,USDC
705,1.0070833513524957,2929362151993.022,461,S1_depeg_stablecoin,indonesia,USDC
706,0.9991908886604552,2929362151993.022,461,S1_depeg_stablecoin,indonesia,USDC
707,0.995403810916182,2929362151993.022,461,S1_depeg_stablecoin,indonesia,USDC
708,0.9990428748595409,2929362151993.022,461,S1_depeg_stablecoin,indonesia,USDC
709,0.9856754205355983,2929362151993.022,461,S1_depeg_stablecoin,indonesia,USDC
710,0.9836262456861309,2929362151993.022,461,S1_depeg_stablecoin,indonesia,USDC
711,1.0274044305111658,2929362151993.022,461,S1_depeg_stablecoin,indonesia,USDC
712,1.0161462415988063,2929362151993.022,461,S1_depeg_stablecoin,indonesia,USDC
713,1.0394151198162005,2929362151993.022,461,S1_depeg_stablecoin,indonesia,USDC
714,1.0373268142017522,2929362151993.022,461,S1_depeg_stablecoin,indonesia,USDC
715,1.0362031491965076,2929362151993.022,461,S1_depeg_stablecoin,indonesia,USDC
716,1.0498200842946932,2929362151993.022,461,S1_depeg_stablecoin,indonesia,USDC
717,1.0191178274545585,2929362151993.022,461,S1_depeg_stablecoin,indonesia,USDC
718,1.03782232086713,2929362151993.022,461,S1_depeg_stablecoin,indonesia,USDC
719,1.026757676378854,2929362151993.022,461,S1_depeg_stablecoin,indonesia,USDC
720,1.0189018896824673,2929362151993.022,461,S1_depeg_stablecoin,indonesia,USDC
721,1.0379150210475712,2929362151993.022,461,S1_depeg_stablecoin,indonesia,USDC
722,1.0493784505357773,2929362151993.022,461,S1_depeg_stablecoin,indonesia,USDC
723,1.0577462877842336,2929362151993.022,461,S1_depeg_stablecoin,indonesia,USDC
724,1.0701474236986825,2929362151993.022,461,S1_depeg_stablecoin,indonesia,USDC
725,1.0329548106196556,2929362151993.022,461,S1_depeg_stablecoin,indonesia,USDC
726,1.034205520466197,2929362151993.022,461,S1_depeg_stablecoin,indonesia,USDC
727,1.0290442432066305,2929362151993.022,461,S1_depeg_stablecoin,indonesia,USDC
728,1.023440206515417,2929362151993.022,461,S1_depeg_stablecoin,indonesia,USDC
729,1.011912931956054,2929362151993.022,461,S1_depeg_stablecoin,indonesia,USDC
730,0.9990879313629064,2929362151993.022,461,S1_depeg_stablecoin,indonesia,USDC
731,1.0163311068751124,2929362151993.022,461,S1_depeg_stablecoin,indonesia,USDC
732,0.988378528447875,2929362151993.022,461,S1_depeg_stablecoin,indonesia,USDC
733,1.0053234731942966,2929362151993.022,461,S1_depeg_stablecoin,indonesia,USDC
734,0.998738405215322,2929362151993.022,461,S1_depeg_stablecoin,indonesia,USDC
735,1.0020013333756208,2929362151993.022,461,S1_depeg_stablecoin,indonesia,USDC
736,1.0278253995121986,2929362151993.022,461,S1_depeg_stablecoin,indonesia,USDC
737,1.0182690625204154,2929362151993.022,461,S1_depeg_stablecoin,indonesia,USDC
738,1.0281358356729413,2929362151993.022,461,S1_depeg_stablecoin,indonesia,USDC
739,1.0078874694096775,2929362151993.022,461,S1_depeg_stablecoin,indonesia,USDC
740,1.0264666300705607,2929362151993.022,461,S1_depeg_stablecoin,indonesia,USDC
741,0.9975237497141033,2929362151993.022,461,S1_depeg_stablecoin,indonesia,USDC
742,0.9722861722519379,2929362151993.022,461,S1_depeg_stablecoin,indonesia,USDC
743,0.9335027245082395,2929362151993.022,461,S1_depeg_stablecoin,indonesia,USDC
744,0.9591942154764649,2929360927197.6826,461,S1_depeg_stablecoin,indonesia,USDC
745,0.9914289424324654,2929360625105.846,461,S1_depeg_stablecoin,indonesia,USDC
746,0.9707755121315129,2929360625105.846,461,S1_depeg_stablecoin,indonesia,USDC
747,0.9553252190290487,2929360625105.846,461,S1_depeg_stablecoin,indonesia,USDC
748,1.0040966233912552,2929360123928.106,461,S1_depeg_stablecoin,indonesia,USDC
749,1.0202277863529345,2929360123928.106,461,S1_depeg_stablecoin,indonesia,USDC
750,1.0294675580390806,2929360123928.106,461,S1_depeg_stablecoin,indonesia,USDC
751,1.0353983906910678,2929360123928.106,461,S1_depeg_stablecoin,indonesia,USDC
752,1.011515135554738,2929360123928.106,461,S1_depeg_stablecoin,indonesia,USDC
753,1.0557911239514628,2929360123928.106,461,S1_depeg_stablecoin,indonesia,USDC
754,1.035912127605144,2929360123928.106,461,S1_depeg_stablecoin,indonesia,USDC
755,1.0582815115416728,2929360123928.106,461,S1_depeg_stablecoin,indonesia,USDC
756,1.0518882735663637,2929360123928.106,461,S1_depeg_stablecoin,indonesia,USDC
757,1.038892219453348,2929360123928.106,461,S1_depeg_stablecoin,indonesia,USDC
758,1.0355159801430127,2929360123928.106,461,S1_depeg_stablecoin,indonesia,USDC
759,0.999162418026452,2929360123928.106,461,S1_depeg_stablecoin,indonesia,USDC
760,0.9779313257665772,2929360123928.106,461,S1_depeg_stablecoin,indonesia,USDC
761,0.9568007335992438,2929360123928.106,461,S1_depeg_stablecoin,indonesia,USDC
762,0.9462532883369429,2929359679962.3755,461,S1_depeg_stablecoin,indonesia,USDC
763,0.9568751988931153,2929358981255.656,461,S1_depeg_stablecoin,indonesia,USDC
764,0.9512664727248976,2929358555255.7974,461,S1_depeg_stablecoin,indonesia,USDC
765,0.9976323119175049,2929358033455.91,461,S1_depeg_stablecoin,indonesia,USDC
766,1.032549109536664,2929358033455.91,461,S1_depeg_stablecoin,indonesia,USDC
767,1.0453002448470408,2929358033455.91,461,S1_depeg_stablecoin,indonesia,USDC
768,1.0502649571263691,2929358033455.91,461,S1_depeg_stablecoin,indonesia,USDC
769,1.0055926467524368,2929358033455.91,461,S1_depeg_stablecoin,indonesia,USDC
770,0.99245012932783,2929358033455.91,461,S1_depeg_stablecoin,indonesia,USDC
771,1.0028670700643545,2929358033455.91,461,S1_depeg_stablecoin,indonesia,USDC
772,0.997600197850528,2929358033455.91,461,S1_depeg_stablecoin,indonesia,USDC
773,1.0007116086255508,2929358033455.91,461,S1_depeg_stablecoin,indonesia,USDC
774,0.9763227577421454,2929358033455.91,461,S1_depeg_stablecoin,indonesia,USDC
775,1.0100522679850452,2929358033455.91,461,S1_depeg_stablecoin,indonesia,USDC
776,0.9913467547195755,2929358033455.91,461,S1_depeg_stablecoin,indonesia,USDC
777,1.0018012351819054,2929358033455.91,461,S1_depeg_stablecoin,indonesia,USDC
778,0.9768122307299835,2929358033455.91,461,S1_depeg_stablecoin,indonesia,USDC
779,0.9891190841960326,2929358033455.91,461,S1_depeg_stablecoin,indonesia,USDC
780,1.0090334354376445,2929358033455.91,461,S1_depeg_stablecoin,indonesia,USDC
781,1.0209036900894435,2929358033455.91,461,S1_depeg_stablecoin,indonesia,USDC
782,1.0149522422582153,2929358033455.91,461,S1_depeg_stablecoin,indonesia,USDC
783,0.9833316789136364,2929358033455.91,461,S1_depeg_stablecoin,indonesia,USDC
784,0.9743001298164639,2929358033455.91,461,S1_depeg_stablecoin,indonesia,USDC
785,0.9862571392296364,2929358033455.91,461,S1_depeg_stablecoin,indonesia,USDC
786,1.0038181366052765,2929358033455.91,461,S1_depeg_stablecoin,indonesia,USDC
787,1.0155988536174232,2929358033455.91,461,S1_depeg_stablecoin,indonesia,USDC
788,1.0337142902685166,2929358033455.91,461,S1_depeg_stablecoin,indonesia,USDC
789,1.0285505858398631,2929358033455.91,461,S1_depeg_stablecoin,indonesia,USDC
790,1.0417675787504865,2929358033455.91,461,S1_depeg_stablecoin,indonesia,USDC
791,1.054915048595462,2929358033455.91,461,S1_depeg_stablecoin,indonesia,USDC
792,0.9669859212520167,2929358033455.91,461,S1_depeg_stablecoin,indonesia,USDC
793,0.9756052269877977,2929357938571.172,461,S1_depeg_stablecoin,indonesia,USDC
794,0.9906387314260825,2929357938571.172,461,S1_depeg_stablecoin,indonesia,USDC
795,0.992749018221124,2929357938571.172,461,S1_depeg_stablecoin,indonesia,USDC
796,0.9906802770413617,2929357938571.172,461,S1_depeg_stablecoin,indonesia,USDC
797,0.9824953640213343,2929357938571.172,461,S1_depeg_stablecoin,indonesia,USDC
798,0.9704332384839673,2929357938571.172,461,S1_depeg_stablecoin,indonesia,USDC
799,0.9922101871289957,2929357938571.172,461,S1_depeg_stablecoin,indonesia,USDC
800,0.9959381904946453,2929357938571.172,461,S1_depeg_stablecoin,indonesia,USDC
801,0.9748769389189983,2929357938571.172,461,S1_depeg_stablecoin,indonesia,USDC
802,0.9811701714106392,2929357938571.172,461,S1_depeg_stablecoin,indonesia,USDC
803,1.006056966140471,2929357938571.172,461,S1_depeg_stablecoin,indonesia,USDC
804,1.0430284962781715,2929357938571.172,461,S1_depeg_stablecoin,indonesia,USDC
805,0.9142594431453263,2929357938571.172,461,S1_depeg_stablecoin,indonesia,USDC
806,0.9082208091476386,2929356234099.868,461,S1_depeg_stablecoin,indonesia,USDC
807,0.9314157012274057,2929354449517.1455,461,S1_depeg_stablecoin,indonesia,USDC
808,0.9653577869273684,2929353409531.0312,461,S1_depeg_stablecoin,indonesia,USDC
809,0.9444889655276861,2929353300745.749,461,S1_depeg_stablecoin,indonesia,USDC
810,0.9647393907489752,2929352622115.7983,461,S1_depeg_stablecoin,indonesia,USDC
811,0.9671512087977082,2929352531522.178,461,S1_depeg_stablecoin,indonesia,USDC
812,0.9944720752687135,2929352500388.1553,461,S1_depeg_stablecoin,indonesia,USDC
813,1.0283305830166745,2929352500388.1553,461,S1_depeg_stablecoin,indonesia,USDC
814,1.0207523439002038,2929352500388.1553,461,S1_depeg_stablecoin,indonesia,USDC
815,1.0155977499991171,2929352500388.1553,461,S1_depeg_stablecoin,indonesia,USDC
816,1.0275240544872983,2929352500388.1553,461,S1_depeg_stablecoin,indonesia,USDC
817,1.035261705141351,2929352500388.1553,461,S1_depeg_stablecoin,indonesia,USDC
818,1.0502424855514405,2929352500388.1553,461,S1_depeg_stablecoin,indonesia,USDC
819,1.0265201216395758,2929352500388.1553,461,S1_depeg_stablecoin,indonesia,USDC
820,1.016172000961439,2929352500388.1553,461,S1_depeg_stablecoin,indonesia,USDC
821,0.9895775809046801,2929352500388.1553,461,S1_depeg_stablecoin,indonesia,USDC
822,1.0005825575968557,2929352500388.1553,461,S1_depeg_stablecoin,indonesia,USDC
823,1.0087405889833592,2929352500388.1553,461,S1_depeg_stablecoin,indonesia,USDC
824,0.9965716401562057,2929352500388.1553,461,S1_depeg_stablecoin,indonesia,USDC
825,0.9931789212039014,2929352500388.1553,461,S1_depeg_stablecoin,indonesia,USDC
826,0.9629874781435566,2929352500388.1553,461,S1_depeg_stablecoin,indonesia,USDC
827,0.9750563781623677,2929352367333.492,461,S1_depeg_stablecoin,indonesia,USDC
828,1.0076477733288183,2929352367333.492,461,S1_depeg_stablecoin,indonesia,USDC
829,0.9651027518555494,2929352367333.492,461,S1_depeg_stablecoin,indonesia,USDC
830,0.9434193958030924,2929352286509.01,461,S1_depeg_stablecoin,indonesia,USDC
831,0.96366375506952,2929351607219.786,461,S1_depeg_stablecoin,indonesia,USDC
832,0.9615872084604271,2929351494886.913,461,S1_depeg_stablecoin,indonesia,USDC
833,0.9405396388037677,2929351286756.8228,461,S1_depeg_stablecoin,indonesia,USDC
834,0.9704437660075661,2929350564237.018,461,S1_depeg_stablecoin,indonesia,USDC
835,0.9587471016087421,2929350564237.018,461,S1_depeg_stablecoin,indonesia,USDC
836,0.9703159450842544,2929350329131.614,461,S1_depeg_stablecoin,indonesia,USDC
837,0.9724880473070957,2929350329131.614,461,S1_depeg_stablecoin,indonesia,USDC
838,0.9788933024119536,2929350329131.614,461,S1_depeg_stablecoin,indonesia,USDC
839,0.9890745921118007,2929350329131.614,461,S1_depeg_stablecoin,indonesia,USDC
840,1.0013809894634036,2929350329131.614,461,S1_depeg_stablecoin,indonesia,USDC
841,1.009829122533244,2929350329131.614,461,S1_depeg_stablecoin,indonesia,USDC
842,1.0472926922266659,2929350329131.614,461,S1_depeg_stablecoin,indonesia,USDC
843,1.0412873612514495,2929350329131.614,461,S1_depeg_stablecoin,indonesia,USDC
844,1.0447666434562024,2929350329131.614,461,S1_depeg_stablecoin,indonesia,USDC
845,0.9851858978155281,2929350329131.614,461,S1_depeg_stablecoin,indonesia,USDC
846,0.9860489163773186,2929350329131.614,461,S1_depeg_stablecoin,indonesia,USDC
847,1.0132929707678495,2929350329131.614,461,S1_depeg_stablecoin,indonesia,USDC
848,0.9923178829026715,2929350329131.614,461,S1_depeg_stablecoin,indonesia,USDC
849,1.0036995945786942,2929350329131.614,461,S1_depeg_stablecoin,indonesia,USDC
850,1.0270750771430703,2929350329131.614,461,S1_depeg_stablecoin,indonesia,USDC
851,0.9076352202726149,2929350329131.614,461,S1_depeg_stablecoin,indonesia,USDC
852,0.9231546399674376,2929348897417.936,461,S1_depeg_stablecoin,indonesia,USDC
853,0.9343014295507618,2929347863919.587,461,S1_depeg_stablecoin,indonesia,USDC
854,0.9561000380914133,2929347160287.092,461,S1_depeg_stablecoin,indonesia,USDC
855,0.9581435164030977,2929346893181.232,461,S1_depeg_stablecoin,indonesia,USDC
856,0.9425411997604676,2929346697950.11,461,S1_depeg_stablecoin,indonesia,USDC
857,0.964616787681152,2929346154419.0205,461,S1_depeg_stablecoin,indonesia,USDC
858,0.9575595147255354,2929346050877.8784,461,S1_depeg_stablecoin,indonesia,USDC
859,0.9629907406478929,2929345853513.1914,461,S1_depeg_stablecoin,indonesia,USDC
860,0.9550751738938967,2929345744099.2427,461,S1_depeg_stablecoin,indonesia,USDC
861,0.9605310134113383,2929345505601.4844,461,S1_depeg_stablecoin,indonesia,USDC
862,0.9465509303739134,2929345354346.9307,461,S1_depeg_stablecoin,indonesia,USDC
863,0.9334415413340512,2929344939220.5,461,S1_depeg_stablecoin,indonesia,USDC
864,0.9463571819703063,2929344281851.922,461,S1_depeg_stablecoin,indonesia,USDC
865,0.82738629029851,2929343888221.503,461,S1_depeg_stablecoin,indonesia,USDC
866,0.856343295915899,2929341624203.836,461,S1_depeg_stablecoin,indonesia,USDC
867,0.8549199132128599,2929340073544.379,461,S1_depeg_stablecoin,indonesia,USDC
868,0.8556853697740956,2929338612470.713,461,S1_depeg_stablecoin,indonesia,USDC
869,0.8701101133936248,2929337329922.8076,461,S1_depeg_stablecoin,indonesia,USDC
870,0.871757854087068,2929336317372.7646,461,S1_depeg_stablecoin,indonesia,USDC
871,0.8975306771925027,2929335462973.1304,461,S1_depeg_stablecoin,indonesia,USDC
872,0.9273679975694051,2929334867857.0903,461,S1_depeg_stablecoin,indonesia,USDC
873,0.9372898711686692,2929334562324.7656,461,S1_depeg_stablecoin,indonesia,USDC
874,0.9246262613622519,2929334331758.6494,461,S1_depeg_stablecoin,indonesia,USDC
875,0.9486968358490109,2929334012065.661,461,S1_depeg_stablecoin,indonesia,USDC
876,0.9586163181389362,2929333886217.635,461,S1_depeg_stablecoin,indonesia,USDC
877,0.9814503907611317,2929333811239.575,461,S1_depeg_stablecoin,indonesia,USDC
878,0.9711524258220028,2929333811239.575,461,S1_depeg_stablecoin,indonesia,USDC
879,0.9736127355253735,2929333811239.575,461,S1_depeg_stablecoin,indonesia,USDC
880,0.9659884018330973,2929333811239.575,461,S1_depeg_stablecoin,indonesia,USDC
881,0.9502882462851754,2929333785127.466,461,S1_depeg_stablecoin,indonesia,USDC
882,0.9855019073249119,2929333657351.2646,461,S1_depeg_stablecoin,indonesia,USDC
883,0.9615238601009314,2929333657351.2646,461,S1_depeg_stablecoin,indonesia,USDC
884,0.9483710727469082,2929333611624.573,461,S1_depeg_stablecoin,indonesia,USDC
885,0.9481247079289943,2929333491561.3467,461,S1_depeg_stablecoin,indonesia,USDC
886,0.9577659993279941,2929333372409.4395,461,S1_depeg_stablecoin,indonesia,USDC
887,0.9427688193961661,2929333298311.1367,461,S1_depeg_stablecoin,indonesia,USDC
888,0.9537179155234828,2929333152571.989,461,S1_depeg_stablecoin,indonesia,USDC
889,0.9463482901000654,2929333071137.057,461,S1_depeg_stablecoin,indonesia,USDC
890,0.9361693660296926,2929332940340.884,461,S1_depeg_stablecoin,indonesia,USDC
891,0.944366942862958,2929332750506.3687,461,S1_depeg_stablecoin,indonesia,USDC
892,0.9214043594632085,2929332626751.975,461,S1_depeg_stablecoin,indonesia,USDC
893,0.8853397507010178,2929332376762.041,461,S1_depeg_stablecoin,indonesia,USDC
894,0.9236474276837876,2929331960446.7363,461,S1_depeg_stablecoin,indonesia,USDC
895,0.9001268283820696,2929331764738.36,461,S1_depeg_stablecoin,indonesia,USDC
896,0.888797411650212,2929331479310.11,461,S1_depeg_stablecoin,indonesia,USDC
897,0.8750053228949568,2929331153519.517,461,S1_depeg_stablecoin,indonesia,USDC
898,0.8944140503734134,2929330819018.866,461,S1_depeg_stablecoin,indonesia,USDC
899,0.8868659849225029,2929330560183.085,461,S1_depeg_stablecoin,indonesia,USDC
900,0.9376283890389961,2929330315544.6577,461,S1_depeg_stablecoin,indonesia,USDC
901,0.9680943269640052,2929330224501.774,461,S1_depeg_stablecoin,indonesia,USDC
902,0.9527788942481262,2929330220636.215,461,S1_depeg_stablecoin,indonesia,USDC
903,0.9467867777054124,2929330174509.3857,461,S1_depeg_stablecoin,indonesia,USDC
904,0.9630136488496494,2929330110442.1133,461,S1_depeg_stablecoin,indonesia,USDC
905,0.8846740316742979,2929330091621.592,461,S1_depeg_stablecoin,indonesia,USDC
906,0.9103791024148236,2929329868549.9355,461,S1_depeg_stablecoin,indonesia,USDC
907,0.9058414898071638,2929329722805.145,461,S1_depeg_stablecoin,indonesia,USDC
908,0.9073095248137483,2929329575608.013,461,S1_depeg_stablecoin,indonesia,USDC
909,0.9162336527460495,2929329447902.9556,461,S1_depeg_stablecoin,indonesia,USDC
910,0.9100644482305231,2929329342611.709,461,S1_depeg_stablecoin,indonesia,USDC
911,0.9298217185379541,2929329228595.055,461,S1_depeg_stablecoin,indonesia,USDC
912,0.9212124968537245,2929329161076.2764,461,S1_depeg_stablecoin,indonesia,USDC
913,0.8920100393524925,2929329077397.366,461,S1_depeg_stablecoin,indonesia,USDC
914,0.8868884969086364,2929328950359.2026,461,S1_depeg_stablecoin,indonesia,USDC
915,0.9311252848880693,2929328825863.416,461,S1_depeg_stablecoin,indonesia,USDC
916,0.9461779370499978,2929328772620.9673,461,S1_depeg_stablecoin,indonesia,USDC
917,0.9301977078607137,2929328741302.063,461,S1_depeg_stablecoin,indonesia,USDC
918,0.9304507923107891,2929328694734.816,461,S1_depeg_stablecoin,indonesia,USDC
919,0.8868034120329213,2929328645915.013,461,S1_depeg_stablecoin,indonesia,USDC
920,0.919513700512205,2929328549635.5674,461,S1_depeg_stablecoin,indonesia,USDC
921,0.901725552145079,2929328499232.6895,461,S1_depeg_stablecoin,indonesia,USDC
922,0.9158630737877789,2929328433790.0566,461,S1_depeg_stablecoin,indonesia,USDC
923,0.9298681524900565,2929328382892.3047,461,S1_depeg_stablecoin,indonesia,USDC
924,0.9491798255163981,2929328348376.7246,461,S1_depeg_stablecoin,indonesia,USDC
925,0.9398496719778934,2929328331605.7593,461,S1_depeg_stablecoin,indonesia,USDC
926,0.9756871821946738,2929328306525.163,461,S1_depeg_stablecoin,indonesia,USDC
927,0.9821185564595071,2929328306525.163,461,S1_depeg_stablecoin,indonesia,USDC
928,0.9779365755274809,2929328306525.163,461,S1_depeg_stablecoin,indonesia,USDC
929,0.9646717175429567,2929328306525.163,461,S1_depeg_stablecoin,indonesia,USDC
930,0.9749751766121753,2929328302080.3613,461,S1_depeg_stablecoin,indonesia,USDC
931,0.9319082441470561,2929328302080.3613,461,S1_depeg_stablecoin,indonesia,USDC
932,0.9273432312459051,2929328272373.3384,461,S1_depeg_stablecoin,indonesia,USDC
933,0.9290545776014466,2929328240240.255,461,S1_depeg_stablecoin,indonesia,USDC
934,0.9340239107383521,2929328211598.6753,461,S1_depeg_stablecoin,indonesia,USDC
935,0.931077587243202,2929328187537.4727,461,S1_depeg_stablecoin,indonesia,USDC
936,0.9331624762261705,2929328162295.284,461,S1_depeg_stablecoin,indonesia,USDC
937,0.9600356429001589,2929328139334.0225,461,S1_depeg_stablecoin,indonesia,USDC
938,0.9726082399069674,2929328134061.8047,461,S1_depeg_stablecoin,indonesia,USDC
939,0.9889331475249632,2929328134061.8047,461,S1_depeg_stablecoin,indonesia,USDC
940,0.9909884127947793,2929328134061.8047,461,S1_depeg_stablecoin,indonesia,USDC
941,0.9845755074410838,2929328134061.8047,461,S1_depeg_stablecoin,indonesia,USDC
942,0.9849947566986674,2929328134061.8047,461,S1_depeg_stablecoin,indonesia,USDC
943,0.9688959026825068,2929328134061.8047,461,S1_depeg_stablecoin,indonesia,USDC
944,0.9364014494411549,2929328134061.8047,461,S1_depeg_stablecoin,indonesia,USDC
945,0.9344999118631753,2929328114095.228,461,S1_depeg_stablecoin,indonesia,USDC
946,0.9273976152582979,2929328091523.9497,461,S1_depeg_stablecoin,indonesia,USDC
947,0.9241373011716313,2929328066902.084,461,S1_depeg_stablecoin,indonesia,USDC
948,0.9547492404109175,2929328039973.509,461,S1_depeg_stablecoin,indonesia,USDC
949,0.9662527804927303,2929328031442.3115,461,S1_depeg_stablecoin,indonesia,USDC
950,0.9881527310819092,2929328029690.835,461,S1_depeg_stablecoin,indonesia,USDC
951,0.9428115133345106,2929328029690.835,461,S1_depeg_stablecoin,indonesia,USDC
952,0.9730571357658889,2929328016339.1855,461,S1_depeg_stablecoin,indonesia,USDC
953,0.9608635891886212,2929328016339.1855,461,S1_depeg_stablecoin,indonesia,USDC
954,0.9497508004974677,2929328012146.183,461,S1_depeg_stablecoin,indonesia,USDC
955,0.9726863855700072,2929328001399.792,461,S1_depeg_stablecoin,indonesia,USDC
956,0.9936414542030347,2929328001399.792,461,S1_depeg_stablecoin,indonesia,USDC
957,0.994915236469183,2929328001399.792,461,S1_depeg_stablecoin,indonesia,USDC
958,1.0260787679356624,2929328001399.792,461,S1_depeg_stablecoin,indonesia,USDC
959,1.0425049408807812,2929328001399.792,461,S1_depeg_stablecoin,indonesia,USDC
960,1.0276851786720758,2929328001399.792,461,S1_depeg_stablecoin,indonesia,USDC
961,0.9930432557675353,2929328001399.792,461,S1_depeg_stablecoin,indonesia,USDC
962,0.9964214830408982,2929328001399.792,461,S1_depeg_stablecoin,indonesia,USDC
963,1.006688328128138,2929328001399.792,461,S1_depeg_stablecoin,indonesia,USDC
964,1.0001131049640484,2929328001399.792,461,S1_depeg_stablecoin,indonesia,USDC
965,0.9714757954686438,2929328001399.792,461,S1_depeg_stablecoin,indonesia,USDC
966,1.003443682938824,2929328001399.792,461,S1_depeg_stablecoin,indonesia,USDC
967,1.0031518823632584,2929328001399.792,461,S1_depeg_stablecoin,indonesia,USDC
968,0.976765043495597,2929328001399.792,461,S1_depeg_stablecoin,indonesia,USDC
969,0.9543475366927421,2929328001399.792,461,S1_depeg_stablecoin,indonesia,USDC
970,0.9414929390112843,2929327994452.4453,461,S1_depeg_stablecoin,indonesia,USDC
971,0.9407300690230767,2929327980335.497,461,S1_depeg_stablecoin,indonesia,USDC
972,0.9574196490643901,2929327965761.6343,461,S1_depeg_stablecoin,indonesia,USDC
973,0.9561898880859843,2929327960024.8076,461,S1_depeg_stablecoin,indonesia,USDC
974,0.9784435860141677,2929327954132.66,461,S1_depeg_stablecoin,indonesia,USDC
975,0.9752637940004845,2929327954132.66,461,S1_depeg_stablecoin,indonesia,USDC
976,0.9881664202023644,2929327954132.66,461,S1_depeg_stablecoin,indonesia,USDC
977,0.9868412586768109,2929327954132.66,461,S1_depeg_stablecoin,indonesia,USDC
978,0.9666630987763486,2929327954132.66,461,S1_depeg_stablecoin,indonesia,USDC
979,0.9332200189278114,2929327952561.316,461,S1_depeg_stablecoin,indonesia,USDC
980,0.9657645525319891,2929327935301.2334,461,S1_depeg_stablecoin,indonesia,USDC
981,0.9619778871635957,2929327933388.9907,461,S1_depeg_stablecoin,indonesia,USDC
982,0.9457312003839107,2929327930637.512,461,S1_depeg_stablecoin,indonesia,USDC
983,0.9526440618564262,2929327921009.22,461,S1_depeg_stablecoin,indonesia,USDC
984,0.9532292091928237,2929327914463.1294,461,S1_depeg_stablecoin,indonesia,USDC
985,0.942696452445407,2929327908257.221,461,S1_depeg_stablecoin,indonesia,USDC
986,0.947234148785156,2929327897091.318,461,S1_depeg_stablecoin,indonesia,USDC
987,0.9460634264864715,2929327888072.841,461,S1_depeg_stablecoin,indonesia,USDC
988,0.9142732364855589,2929327879159.1387,461,S1_depeg_stablecoin,indonesia,USDC
989,0.9191541438899359,2929327858346.6704,461,S1_depeg_stablecoin,indonesia,USDC
990,0.926736808504486,2929327840928.6885,461,S1_depeg_stablecoin,indonesia,USDC
991,0.9346649395779312,2929327826469.3115,461,S1_depeg_stablecoin,indonesia,USDC
992,0.9586996093291361,2929327814846.6235,461,S1_depeg_stablecoin,indonesia,USDC
993,0.9511357470629432,2929327811371.6914,461,S1_depeg_stablecoin,indonesia,USDC
994,0.9588715781771383,2929327805793.62,461,S1_depeg_stablecoin,indonesia,USDC
995,0.9640064861934444,2929327802691.4097,461,S1_depeg_stablecoin,indonesia,USDC
996,0.9466751062704211,2929327801371.2974,461,S1_depeg_stablecoin,indonesia,USDC
997,0.9689310299231998,2929327794896.6025,461,S1_depeg_stablecoin,indonesia,USDC
998,0.9867570953526594,2929327794568.7085,461,S1_depeg_stablecoin,indonesia,USDC
999,0.9830291834711183,2929327794568.7085,461,S1_depeg_stablecoin,indonesia,USDC
1000,0.9909852712370257,2929327794568.7085,461,S1_depeg_stablecoin,indonesia,USDC
