Step,price,liquidity,iteration,scenario,region,coin
1,0.9867036975134935,2989187688292.819,320,S1_depeg_stablecoin,indonesia,USDC
2,0.9888694927298951,2989187688292.819,320,S1_depeg_stablecoin,indonesia,USDC
3,0.9853277747914673,2989187688292.819,320,S1_depeg_stablecoin,indonesia,USDC
4,1.0234764068719184,2989187688292.819,320,S1_depeg_stablecoin,indonesia,USDC
5,1.0325809838768814,2989187688292.819,320,S1_depeg_stablecoin,indonesia,USDC
6,1.0420531213672568,2989187688292.819,320,S1_depeg_stablecoin,indonesia,USDC
7,0.9873292198641125,2989187688292.819,320,S1_depeg_stablecoin,indonesia,USDC
8,1.0147655131032247,2989187688292.819,320,S1_depeg_stablecoin,indonesia,USDC
9,1.0236799964386218,2989187688292.819,320,S1_depeg_stablecoin,indonesia,USDC
10,0.9933358506923243,2989187688292.819,320,S1_depeg_stablecoin,indonesia,USDC
11,0.9962444584485228,2989187688292.819,320,S1_depeg_stablecoin,indonesia,USDC
12,0.9805800140895201,2989187688292.819,320,S1_depeg_stablecoin,indonesia,USDC
13,0.9629214645539259,2989187688292.819,320,S1_depeg_stablecoin,indonesia,USDC
14,0.9769265473249407,2988749840739.4536,320,S1_depeg_stablecoin,indonesia,USDC
15,0.990448226093909,2988749840739.4536,320,S1_depeg_stablecoin,indonesia,USDC
16,0.9948701682524766,2988749840739.4536,320,S1_depeg_stablecoin,indonesia,USDC
17,1.0010647982128296,2988749840739.4536,320,S1_depeg_stablecoin,indonesia,USDC
18,1.0295173833840952,2988749840739.4536,320,S1_depeg_stablecoin,indonesia,USDC
19,1.0264284646065127,2988749840739.4536,320,S1_depeg_stablecoin,indonesia,USDC
20,1.0325459452022892,2988749840739.4536,320,S1_depeg_stablecoin,indonesia,USDC
21,0.99906728819863,2988749840739.4536,320,S1_depeg_stablecoin,indonesia,USDC
22,1.0021349022964803,2988749840739.4536,320,S1_depeg_stablecoin,indonesia,USDC
23,1.0390761056236173,2988749840739.4536,320,S1_depeg_stablecoin,indonesia,USDC
24,1.0372772170056306,2988749840739.4536,320,S1_depeg_stablecoin,indonesia,USDC
25,1.044868780840242,2988749840739.4536,320,S1_depeg_stablecoin,indonesia,USDC
26,1.0587122947671632,2988749840739.4536,320,S1_depeg_stablecoin,indonesia,USDC
27,1.0187255084619335,2988749840739.4536,320,S1_depeg_stablecoin,indonesia,USDC
28,1.0469458704725068,2988749840739.4536,320,S1_depeg_stablecoin,indonesia,USDC
29,1.0902032295928423,2988749840739.4536,320,S1_depeg_stablecoin,indonesia,USDC
30,1.0596679424262023,2988749840739.4536,320,S1_depeg_stablecoin,indonesia,USDC
31,1.0295408150362673,2988749840739.4536,320,S1_depeg_stablecoin,indonesia,USDC
32,0.9992260740604006,2988749840739.4536,320,S1_depeg_stablecoin,indonesia,USDC
33,1.005661582224191,2988749840739.4536,320,S1_depeg_stablecoin,indonesia,USDC
34,1.0025834142345904,2988749840739.4536,320,S1_depeg_stablecoin,indonesia,USDC
35,1.0567617500846374,2988749840739.4536,320,S1_depeg_stablecoin,indonesia,USDC
36,1.0361493668039872,2988749840739.4536,320,S1_depeg_stablecoin,indonesia,USDC
37,1.0320421128189217,2988749840739.4536,320,S1_depeg_stablecoin,indonesia,USDC
38,1.0750864925696726,2988749840739.4536,320,S1_depeg_stablecoin,indonesia,USDC
39,1.0463854708564844,2988749840739.4536,320,S1_depeg_stablecoin,indonesia,USDC
40,1.0158679907234596,2988749840739.4536,320,S1_depeg_stablecoin,indonesia,USDC
41,1.016497531937625,2988749840739.4536,320,S1_depeg_stablecoin,indonesia,USDC
42,1.069841369719366,2988749840739.4536,320,S1_depeg_stablecoin,indonesia,USDC
43,1.0600790232600845,2988749840739.4536,320,S1_depeg_stablecoin,indonesia,USDC
44,1.049601658501862,2988749840739.4536,320,S1_depeg_stablecoin,indonesia,USDC
45,1.0786851395562767,2988749840739.4536,320,S1_depeg_stablecoin,indonesia,USDC
46,1.082641898005425,2988749840739.4536,320,S1_depeg_stablecoin,indonesia,USDC
47,1.0646078920592534,2988749840739.4536,320,S1_depeg_stablecoin,indonesia,USDC
48,1.0593186103375776,2988749840739.4536,320,S1_depeg_stablecoin,indonesia,USDC
49,1.0726989302709045,2988749840739.4536,320,S1_depeg_stablecoin,indonesia,USDC
50,1.100883497111788,2988749840739.4536,320,S1_depeg_stablecoin,indonesia,USDC
51,1.1145692311417648,2988749840739.4536,320,S1_depeg_stablecoin,indonesia,USDC
52,1.1290570277716157,2988749840739.4536,320,S1_depeg_stablecoin,indonesia,USDC
53,1.132212012671038,2988749840739.4536,320,S1_depeg_stablecoin,indonesia,USDC
54,1.1068454043857043,2988749840739.4536,320,S1_depeg_stablecoin,indonesia,USDC
55,1.0716746895119487,2988749840739.4536,320,S1_depeg_stablecoin,indonesia,USDC
56,1.095575169292767,2988749840739.4536,320,S1_depeg_stablecoin,indonesia,USDC
57,1.0545096538529937,2988749840739.4536,320,S1_depeg_stablecoin,indonesia,USDC
58,1.002727401465072,2988749840739.4536,320,S1_depeg_stablecoin,indonesia,USDC
59,0.9691037665311383,2988749840739.4536,320,S1_depeg_stablecoin,indonesia,USDC
60,0.9625640553497675,2988694808167.8037,320,S1_depeg_stablecoin,indonesia,USDC
61,0.9420235786691998,2988320712075.366,320,S1_depeg_stablecoin,indonesia,USDC
62,0.9548092244410091,2986658111013.8115,320,S1_depeg_stablecoin,indonesia,USDC
63,0.9693360007578382,2985858399752.738,320,S1_depeg_stablecoin,indonesia,USDC
64,0.9827719276507125,2985845478369.8906,320,S1_depeg_stablecoin,indonesia,USDC
65,0.9531458638688982,2985845478369.8906,320,S1_depeg_stablecoin,indonesia,USDC
66,0.972836942813748,2984861026713.348,320,S1_depeg_stablecoin,indonesia,USDC
67,0.98328380358439,2984861026713.348,320,S1_depeg_stablecoin,indonesia,USDC
68,0.9907950966284949,2984861026713.348,320,S1_depeg_stablecoin,indonesia,USDC
69,1.0080858785892661,2984861026713.348,320,S1_depeg_stablecoin,indonesia,USDC
70,1.02700311634786,2984861026713.348,320,S1_depeg_stablecoin,indonesia,USDC
71,1.0251204862193024,2984861026713.348,320,S1_depeg_stablecoin,indonesia,USDC
72,1.0154212560584384,2984861026713.348,320,S1_depeg_stablecoin,indonesia,USDC
73,1.0317323793919475,2984861026713.348,320,S1_depeg_stablecoin,indonesia,USDC
74,0.9971285051427998,2984861026713.348,320,S1_depeg_stablecoin,indonesia,USDC
75,1.016087321899258,2984861026713.348,320,S1_depeg_stablecoin,indonesia,USDC
76,1.0388856166774534,2984861026713.348,320,S1_depeg_stablecoin,indonesia,USDC
77,1.0405998942475694,2984861026713.348,320,S1_depeg_stablecoin,indonesia,USDC
78,1.0192576240437827,2984861026713.348,320,S1_depeg_stablecoin,indonesia,USDC
79,1.0104586833405107,2984861026713.348,320,S1_depeg_stablecoin,indonesia,USDC
80,1.007569830086752,2984861026713.348,320,S1_depeg_stablecoin,indonesia,USDC
81,1.015636647420745,2984861026713.348,320,S1_depeg_stablecoin,indonesia,USDC
82,0.9941981737740833,2984861026713.348,320,S1_depeg_stablecoin,indonesia,USDC
83,0.9775964396444526,2984861026713.348,320,S1_depeg_stablecoin,indonesia,USDC
84,0.9797376731551526,2984861026713.348,320,S1_depeg_stablecoin,indonesia,USDC
85,0.9927267141092714,2984861026713.348,320,S1_depeg_stablecoin,indonesia,USDC
86,1.0148550311361075,2984861026713.348,320,S1_depeg_stablecoin,indonesia,USDC
87,1.0403209153990178,2984861026713.348,320,S1_depeg_stablecoin,indonesia,USDC
88,1.0245159294331376,2984861026713.348,320,S1_depeg_stablecoin,indonesia,USDC
89,1.0167006818774227,2984861026713.348,320,S1_depeg_stablecoin,indonesia,USDC
90,1.0280098927905703,2984861026713.348,320,S1_depeg_stablecoin,indonesia,USDC
91,1.0188837362501937,2984861026713.348,320,S1_depeg_stablecoin,indonesia,USDC
92,1.0384811858552507,2984861026713.348,320,S1_depeg_stablecoin,indonesia,USDC
93,1.0309476709465522,2984861026713.348,320,S1_depeg_stablecoin,indonesia,USDC
94,1.0621473882108292,2984861026713.348,320,S1_depeg_stablecoin,indonesia,USDC
95,1.0494857062746341,2984861026713.348,320,S1_depeg_stablecoin,indonesia,USDC
96,1.0296767537359663,2984861026713.348,320,S1_depeg_stablecoin,indonesia,USDC
97,1.002953550051834,2984861026713.348,320,S1_depeg_stablecoin,indonesia,USDC
98,1.004731387137349,2984861026713.348,320,S1_depeg_stablecoin,indonesia,USDC
99,1.0165186387315621,2984861026713.348,320,S1_depeg_stablecoin,indonesia,USDC
100,1.0407186126425287,2984861026713.348,320,S1_depeg_stablecoin,indonesia,USDC
101,0.9041589471001285,2984861026713.348,320,S1_depeg_stablecoin,indonesia,USDC
102,0.9298300403227875,2981345466297.9404,320,S1_depeg_stablecoin,indonesia,USDC
103,0.9157910600842848,2979374146318.203,320,S1_depeg_stablecoin,indonesia,USDC
104,0.9022314544068107,2976642189977.323,320,S1_depeg_stablecoin,indonesia,USDC
105,0.9066255502522984,2973406904758.3096,320,S1_depeg_stablecoin,indonesia,USDC
106,0.9106364597207339,2970730697272.2397,320,S1_depeg_stablecoin,indonesia,USDC
107,0.9001709573971788,2968316149338.644,320,S1_depeg_stablecoin,indonesia,USDC
108,0.8920116782643965,2965633724793.0845,320,S1_depeg_stablecoin,indonesia,USDC
109,0.8978466213990484,2962703451369.8164,320,S1_depeg_stablecoin,indonesia,USDC
110,0.9225701556918612,2960328389584.305,320,S1_depeg_stablecoin,indonesia,USDC
111,0.9476532288847442,2958805710600.9014,320,S1_depeg_stablecoin,indonesia,USDC
112,0.9741696934313244,2958203291246.5996,320,S1_depeg_stablecoin,indonesia,USDC
113,0.9346848639987149,2958203291246.5996,320,S1_depeg_stablecoin,indonesia,USDC
114,0.9393683390734149,2957212167551.729,320,S1_depeg_stablecoin,indonesia,USDC
115,0.9681687645321875,2956356813876.7363,320,S1_depeg_stablecoin,indonesia,USDC
116,0.9759506236346713,2956350100758.4863,320,S1_depeg_stablecoin,indonesia,USDC
117,1.004641235464001,2956350100758.4863,320,S1_depeg_stablecoin,indonesia,USDC
118,0.9713071057778903,2956350100758.4863,320,S1_depeg_stablecoin,indonesia,USDC
119,0.9878395790253165,2956350100758.4863,320,S1_depeg_stablecoin,indonesia,USDC
120,0.966837736791519,2956350100758.4863,320,S1_depeg_stablecoin,indonesia,USDC
121,0.9489912136505675,2956261549523.8535,320,S1_depeg_stablecoin,indonesia,USDC
122,0.953780285904748,2955699304195.256,320,S1_depeg_stablecoin,indonesia,USDC
123,0.9567758896657294,2955276825723.325,320,S1_depeg_stablecoin,indonesia,USDC
124,0.9950051573138482,2954921149814.1426,320,S1_depeg_stablecoin,indonesia,USDC
125,0.9837027125975746,2954921149814.1426,320,S1_depeg_stablecoin,indonesia,USDC
126,0.9821870311149927,2954921149814.1426,320,S1_depeg_stablecoin,indonesia,USDC
127,0.9813770830509873,2954921149814.1426,320,S1_depeg_stablecoin,indonesia,USDC
128,0.9736926843778375,2954921149814.1426,320,S1_depeg_stablecoin,indonesia,USDC
129,0.9906310172594903,2954921149814.1426,320,S1_depeg_stablecoin,indonesia,USDC
130,0.9834774440817037,2954921149814.1426,320,S1_depeg_stablecoin,indonesia,USDC
131,0.9890919540283504,2954921149814.1426,320,S1_depeg_stablecoin,indonesia,USDC
132,1.0026031697651492,2954921149814.1426,320,S1_depeg_stablecoin,indonesia,USDC
133,1.025626543558564,2954921149814.1426,320,S1_depeg_stablecoin,indonesia,USDC
134,1.03640992667901,2954921149814.1426,320,S1_depeg_stablecoin,indonesia,USDC
135,1.0499200405189106,2954921149814.1426,320,S1_depeg_stablecoin,indonesia,USDC
136,1.0650228489269984,2954921149814.1426,320,S1_depeg_stablecoin,indonesia,USDC
137,1.0809672800129604,2954921149814.1426,320,S1_depeg_stablecoin,indonesia,USDC
138,1.0595270503521539,2954921149814.1426,320,S1_depeg_stablecoin,indonesia,USDC
139,1.1031591527203042,2954921149814.1426,320,S1_depeg_stablecoin,indonesia,USDC
140,1.1113355864802252,2954921149814.1426,320,S1_depeg_stablecoin,indonesia,USDC
141,1.0912703437121074,2954921149814.1426,320,S1_depeg_stablecoin,indonesia,USDC
142,1.0709029415142188,2954921149814.1426,320,S1_depeg_stablecoin,indonesia,USDC
143,1.0532399373724872,2954921149814.1426,320,S1_depeg_stablecoin,indonesia,USDC
144,1.0231801006334666,2954921149814.1426,320,S1_depeg_stablecoin,indonesia,USDC
145,1.005543338176942,2954921149814.1426,320,S1_depeg_stablecoin,indonesia,USDC
146,1.023019319669202,2954921149814.1426,320,S1_depeg_stablecoin,indonesia,USDC
147,1.0173845546657343,2954921149814.1426,320,S1_depeg_stablecoin,indonesia,USDC
148,1.023235125110798,2954921149814.1426,320,S1_depeg_stablecoin,indonesia,USDC
149,1.0492015116501219,2954921149814.1426,320,S1_depeg_stablecoin,indonesia,USDC
150,1.0660711448777103,2954921149814.1426,320,S1_depeg_stablecoin,indonesia,USDC
151,1.044455365784181,2954921149814.1426,320,S1_depeg_stablecoin,indonesia,USDC
152,1.017509126949832,2954921149814.1426,320,S1_depeg_stablecoin,indonesia,USDC
153,0.9382269440628381,2954921149814.1426,320,S1_depeg_stablecoin,indonesia,USDC
154,0.9612590885505532,2954105299909.039,320,S1_depeg_stablecoin,indonesia,USDC
155,0.9450955294600188,2953880761108.3496,320,S1_depeg_stablecoin,indonesia,USDC
156,0.9634633455363284,2953269830153.993,320,S1_depeg_stablecoin,indonesia,USDC
157,0.9312060977819616,2953107544958.0225,320,S1_depeg_stablecoin,indonesia,USDC
158,0.944678390798305,2952178940166.171,320,S1_depeg_stablecoin,indonesia,USDC
159,0.9446094073458473,2951578759243.4956,320,S1_depeg_stablecoin,indonesia,USDC
160,0.9340763695047529,2951013838964.6855,320,S1_depeg_stablecoin,indonesia,USDC
161,0.9277200871629319,2950230578910.717,320,S1_depeg_stablecoin,indonesia,USDC
162,0.969068263034167,2949365928165.995,320,S1_depeg_stablecoin,indonesia,USDC
163,0.9693784064432085,2949352918366.086,320,S1_depeg_stablecoin,indonesia,USDC
164,0.9631893491766172,2949339996121.6685,320,S1_depeg_stablecoin,indonesia,USDC
165,0.9647605720094898,2949211080924.1475,320,S1_depeg_stablecoin,indonesia,USDC
166,0.9642217767815403,2949114906446.676,320,S1_depeg_stablecoin,indonesia,USDC
167,0.9515290050188558,2949032951919.1973,320,S1_depeg_stablecoin,indonesia,USDC
168,0.9626822085350244,2948688283275.107,320,S1_depeg_stablecoin,indonesia,USDC
169,0.9725091735466435,2948565966463.1646,320,S1_depeg_stablecoin,indonesia,USDC
170,0.9762438738507772,2948565966463.1646,320,S1_depeg_stablecoin,indonesia,USDC
171,0.9855917112226462,2948565966463.1646,320,S1_depeg_stablecoin,indonesia,USDC
172,0.9918791611431226,2948565966463.1646,320,S1_depeg_stablecoin,indonesia,USDC
173,0.9658508170393398,2948565966463.1646,320,S1_depeg_stablecoin,indonesia,USDC
174,0.9724616731562815,2948505948147.9414,320,S1_depeg_stablecoin,indonesia,USDC
175,0.9526238593533916,2948505948147.9414,320,S1_depeg_stablecoin,indonesia,USDC
176,0.929781348247022,2948175867550.7246,320,S1_depeg_stablecoin,indonesia,USDC
177,0.9170233921191783,2947411384366.1743,320,S1_depeg_stablecoin,indonesia,USDC
178,0.9466770662701296,2946441692673.9854,320,S1_depeg_stablecoin,indonesia,USDC
179,0.9611284529799081,2946074257319.1943,320,S1_depeg_stablecoin,indonesia,USDC
180,0.9483139237871664,2945953649444.9365,320,S1_depeg_stablecoin,indonesia,USDC
181,0.9339650487889002,2945593928473.3223,320,S1_depeg_stablecoin,indonesia,USDC
182,0.9398993658489024,2945021750517.8223,320,S1_depeg_stablecoin,indonesia,USDC
183,0.9180066953445689,2944562803165.762,320,S1_depeg_stablecoin,indonesia,USDC
184,0.9139643141063771,2943760222468.049,320,S1_depeg_stablecoin,indonesia,USDC
185,0.9199601325024233,2942983012108.184,320,S1_depeg_stablecoin,indonesia,USDC
186,0.9415917871140278,2942328262230.5615,320,S1_depeg_stablecoin,indonesia,USDC
187,0.9539997030934579,2941943416641.008,320,S1_depeg_stablecoin,indonesia,USDC
188,0.9640374816583046,2941763254706.713,320,S1_depeg_stablecoin,indonesia,USDC
189,0.9643889147818817,2941685953628.9805,320,S1_depeg_stablecoin,indonesia,USDC
190,0.9705476766148232,2941636597966.8345,320,S1_depeg_stablecoin,indonesia,USDC
191,0.9971706613448319,2941636597966.8345,320,S1_depeg_stablecoin,indonesia,USDC
192,1.0228633773519724,2941636597966.8345,320,S1_depeg_stablecoin,indonesia,USDC
193,0.9968406205969349,2941636597966.8345,320,S1_depeg_stablecoin,indonesia,USDC
194,0.9935948268621436,2941636597966.8345,320,S1_depeg_stablecoin,indonesia,USDC
195,1.0009433188108292,2941636597966.8345,320,S1_depeg_stablecoin,indonesia,USDC
196,0.9974195664768316,2941636597966.8345,320,S1_depeg_stablecoin,indonesia,USDC
197,1.0088901879315906,2941636597966.8345,320,S1_depeg_stablecoin,indonesia,USDC
198,1.0076580707465987,2941636597966.8345,320,S1_depeg_stablecoin,indonesia,USDC
199,0.9787772415360954,2941636597966.8345,320,S1_depeg_stablecoin,indonesia,USDC
200,0.9622782732857991,2941636597966.8345,320,S1_depeg_stablecoin,indonesia,USDC
201,0.9934067071455743,2941553653924.5986,320,S1_depeg_stablecoin,indonesia,USDC
202,0.9624182195760911,2941553653924.5986,320,S1_depeg_stablecoin,indonesia,USDC
203,0.9452641503248678,2941464892785.225,320,S1_depeg_stablecoin,indonesia,USDC
204,0.924562563420503,2941151813316.4053,320,S1_depeg_stablecoin,indonesia,USDC
205,0.947541822567242,2940622552235.763,320,S1_depeg_stablecoin,indonesia,USDC
206,0.951285737591976,2940378255419.819,320,S1_depeg_stablecoin,indonesia,USDC
207,0.9574689605220018,2940171703126.384,320,S1_depeg_stablecoin,indonesia,USDC
208,0.9235559303210397,2940053885554.1357,320,S1_depeg_stablecoin,indonesia,USDC
209,0.942206028340399,2939547698453.858,320,S1_depeg_stablecoin,indonesia,USDC
210,0.9393846084836877,2939261117765.9385,320,S1_depeg_stablecoin,indonesia,USDC
211,0.9251307877289698,2938953673087.141,320,S1_depeg_stablecoin,indonesia,USDC
212,0.9450562117768151,2938514610736.683,320,S1_depeg_stablecoin,indonesia,USDC
213,0.9363311692684695,2938283678922.1494,320,S1_depeg_stablecoin,indonesia,USDC
214,0.9807175784437465,2937967955861.495,320,S1_depeg_stablecoin,indonesia,USDC
215,0.9647295569810842,2937967955861.495,320,S1_depeg_stablecoin,indonesia,USDC
216,0.8705928300302305,2937930966950.6953,320,S1_depeg_stablecoin,indonesia,USDC
217,0.8966155639657807,2937074124486.5337,320,S1_depeg_stablecoin,indonesia,USDC
218,0.8999706957218759,2936477483587.1567,320,S1_depeg_stablecoin,indonesia,USDC
219,0.9367034367525514,2935963940155.69,320,S1_depeg_stablecoin,indonesia,USDC
220,0.9561072681466526,2935746239418.668,320,S1_depeg_stablecoin,indonesia,USDC
221,0.966747373050851,2935662088700.9375,320,S1_depeg_stablecoin,indonesia,USDC
222,0.9685800529824509,2935644153572.265,320,S1_depeg_stablecoin,indonesia,USDC
223,0.9570491000228447,2935640994837.959,320,S1_depeg_stablecoin,indonesia,USDC
224,0.971979565791515,2935564253287.6553,320,S1_depeg_stablecoin,indonesia,USDC
225,0.9865754413439544,2935564253287.6553,320,S1_depeg_stablecoin,indonesia,USDC
226,0.9481430256612022,2935564253287.6553,320,S1_depeg_stablecoin,indonesia,USDC
227,0.9573026264488667,2935426120969.9893,320,S1_depeg_stablecoin,indonesia,USDC
228,0.9509702328527943,2935344459413.2104,320,S1_depeg_stablecoin,indonesia,USDC
229,0.9561340654916359,2935223673927.8496,320,S1_depeg_stablecoin,indonesia,USDC
230,0.9598680033627909,2935146482700.2944,320,S1_depeg_stablecoin,indonesia,USDC
231,0.9548630490871979,2935096567680.663,320,S1_depeg_stablecoin,indonesia,USDC
232,0.9751868825431462,2935009035655.4697,320,S1_depeg_stablecoin,indonesia,USDC
233,0.9762317918961517,2935009035655.4697,320,S1_depeg_stablecoin,indonesia,USDC
234,0.9764480169481692,2935009035655.4697,320,S1_depeg_stablecoin,indonesia,USDC
235,0.9720405652981735,2935009035655.4697,320,S1_depeg_stablecoin,indonesia,USDC
236,0.9620397800044179,2935009035655.4697,320,S1_depeg_stablecoin,indonesia,USDC
237,0.980793271792707,2934965144122.6284,320,S1_depeg_stablecoin,indonesia,USDC
238,0.9861551413549078,2934965144122.6284,320,S1_depeg_stablecoin,indonesia,USDC
239,0.9678141614686357,2934965144122.6284,320,S1_depeg_stablecoin,indonesia,USDC
240,0.9527066586470035,2934952124962.251,320,S1_depeg_stablecoin,indonesia,USDC
241,0.93842077874287,2934863408057.636,320,S1_depeg_stablecoin,indonesia,USDC
242,0.9389401152622467,2934678629902.743,320,S1_depeg_stablecoin,indonesia,USDC
243,0.9322299346487988,2934520089489.9434,320,S1_depeg_stablecoin,indonesia,USDC
244,0.9634542146800386,2934312455323.248,320,S1_depeg_stablecoin,indonesia,USDC
245,0.9592333915775617,2934281165643.3115,320,S1_depeg_stablecoin,indonesia,USDC
246,0.9405110930284084,2934235333389.3853,320,S1_depeg_stablecoin,indonesia,USDC
247,0.9672818525131087,2934086923147.4136,320,S1_depeg_stablecoin,indonesia,USDC
248,0.9449174634713289,2934078637659.5674,320,S1_depeg_stablecoin,indonesia,USDC
249,0.9632721283330755,2933966052998.4395,320,S1_depeg_stablecoin,indonesia,USDC
250,0.9848255486959626,2933938873487.122,320,S1_depeg_stablecoin,indonesia,USDC
251,1.0026336424587943,2933938873487.122,320,S1_depeg_stablecoin,indonesia,USDC
252,0.9928442599118203,2933938873487.122,320,S1_depeg_stablecoin,indonesia,USDC
253,1.0017959361893451,2933938873487.122,320,S1_depeg_stablecoin,indonesia,USDC
254,0.992054242825293,2933938873487.122,320,S1_depeg_stablecoin,indonesia,USDC
255,0.9840607976753069,2933938873487.122,320,S1_depeg_stablecoin,indonesia,USDC
256,0.9733940550169705,2933938873487.122,320,S1_depeg_stablecoin,indonesia,USDC
257,0.9806105082359615,2933938873487.122,320,S1_depeg_stablecoin,indonesia,USDC
258,0.9595043806909274,2933938873487.122,320,S1_depeg_stablecoin,indonesia,USDC
259,0.9905824953494694,2933897382227.615,320,S1_depeg_stablecoin,indonesia,USDC
260,0.9947172013272567,2933897382227.615,320,S1_depeg_stablecoin,indonesia,USDC
261,0.8573857452418928,2933897382227.615,320,S1_depeg_stablecoin,indonesia,USDC
262,0.8956665121715002,2933362118507.1816,320,S1_depeg_stablecoin,indonesia,USDC
263,0.8992179668705924,2933042221643.748,320,S1_depeg_stablecoin,indonesia,USDC
264,0.7723375707760413,2932767650520.053,320,S1_depeg_stablecoin,indonesia,USDC
265,0.7870476055323896,2932065917608.176,320,S1_depeg_stablecoin,indonesia,USDC
266,0.8102242611615877,2931543985823.4497,320,S1_depeg_stablecoin,indonesia,USDC
267,0.8037331397018167,2931171204080.3857,320,S1_depeg_stablecoin,indonesia,USDC
268,0.7990711823711936,2930838001933.349,320,S1_depeg_stablecoin,indonesia,USDC
269,0.8127592125161991,2930553022050.766,320,S1_depeg_stablecoin,indonesia,USDC
270,0.8597538545889558,2930340537320.0723,320,S1_depeg_stablecoin,indonesia,USDC
271,0.8945562978175263,2930212230850.7285,320,S1_depeg_stablecoin,indonesia,USDC
272,0.8877017867985665,2930134462323.919,320,S1_depeg_stablecoin,indonesia,USDC
273,0.8163385139640659,2930054134683.6455,320,S1_depeg_stablecoin,indonesia,USDC
274,0.8059665933456273,2929916877529.022,320,S1_depeg_stablecoin,indonesia,USDC
275,0.8158112985175494,2929795956599.6294,320,S1_depeg_stablecoin,indonesia,USDC
276,0.8236297028360093,2929703054663.8154,320,S1_depeg_stablecoin,indonesia,USDC
277,0.8474047076274662,2929625287314.464,320,S1_depeg_stablecoin,indonesia,USDC
278,0.864541596093698,2929573422569.6514,320,S1_depeg_stablecoin,indonesia,USDC
279,0.8769714203536667,2929534178885.4316,320,S1_depeg_stablecoin,indonesia,USDC
280,0.8880430554241203,2929503145776.7534,320,S1_depeg_stablecoin,indonesia,USDC
281,0.9203509592102589,2929477095900.4434,320,S1_depeg_stablecoin,indonesia,USDC
282,0.9464885498928898,2929463470891.991,320,S1_depeg_stablecoin,indonesia,USDC
283,0.9794532338288586,2929457287577.317,320,S1_depeg_stablecoin,indonesia,USDC
284,0.9696705909304513,2929457287577.317,320,S1_depeg_stablecoin,indonesia,USDC
285,0.9593143468976905,2929457256411.741,320,S1_depeg_stablecoin,indonesia,USDC
286,0.9655497601998007,2929454286812.3535,320,S1_depeg_stablecoin,indonesia,USDC
287,0.9620440142107665,2929453218182.805,320,S1_depeg_stablecoin,indonesia,USDC
288,0.9866074953315499,2929451559801.78,320,S1_depeg_stablecoin,indonesia,USDC
289,0.9746673892139123,2929451559801.78,320,S1_depeg_stablecoin,indonesia,USDC
290,0.9999642019358813,2929451559801.78,320,S1_depeg_stablecoin,indonesia,USDC
291,1.0036513423064068,2929451559801.78,320,S1_depeg_stablecoin,indonesia,USDC
292,0.9886301310492179,2929451559801.78,320,S1_depeg_stablecoin,indonesia,USDC
293,0.9844713626277167,2929451559801.78,320,S1_depeg_stablecoin,indonesia,USDC
294,0.9756272187453675,2929451559801.78,320,S1_depeg_stablecoin,indonesia,USDC
295,0.9723140930691294,2929451559801.78,320,S1_depeg_stablecoin,indonesia,USDC
296,0.954550219270582,2929451559801.78,320,S1_depeg_stablecoin,indonesia,USDC
297,0.9352532804414971,2929447567223.646,320,S1_depeg_stablecoin,indonesia,USDC
298,0.9670933825407777,2929438553475.062,320,S1_depeg_stablecoin,indonesia,USDC
299,0.9612686657964613,2929437943235.6543,320,S1_depeg_stablecoin,indonesia,USDC
300,0.9478936179798348,2929436023913.0127,320,S1_depeg_stablecoin,indonesia,USDC
301,0.9468189876294,2929430586048.297,320,S1_depeg_stablecoin,indonesia,USDC
302,0.9286173684195237,2929425219978.6885,320,S1_depeg_stablecoin,indonesia,USDC
303,0.967395250909233,2929415960283.427,320,S1_depeg_stablecoin,indonesia,USDC
304,0.9867665304752258,2929415603061.967,320,S1_depeg_stablecoin,indonesia,USDC
305,1.0149195883333506,2929415603061.967,320,S1_depeg_stablecoin,indonesia,USDC
306,1.0343031590033145,2929415603061.967,320,S1_depeg_stablecoin,indonesia,USDC
307,1.0315714483174174,2929415603061.967,320,S1_depeg_stablecoin,indonesia,USDC
308,1.0038094553294414,2929415603061.967,320,S1_depeg_stablecoin,indonesia,USDC
309,1.0100606149143745,2929415603061.967,320,S1_depeg_stablecoin,indonesia,USDC
310,1.0127925634029173,2929415603061.967,320,S1_depeg_stablecoin,indonesia,USDC
311,1.0124773503152753,2929415603061.967,320,S1_depeg_stablecoin,indonesia,USDC
312,1.0285550907484673,2929415603061.967,320,S1_depeg_stablecoin,indonesia,USDC
313,1.0160273261900203,2929415603061.967,320,S1_depeg_stablecoin,indonesia,USDC
314,1.005397159400665,2929415603061.967,320,S1_depeg_stablecoin,indonesia,USDC
315,1.0091714626955723,2929415603061.967,320,S1_depeg_stablecoin,indonesia,USDC
316,0.9958743773852279,2929415603061.967,320,S1_depeg_stablecoin,indonesia,USDC
317,0.9831775836612929,2929415603061.967,320,S1_depeg_stablecoin,indonesia,USDC
318,0.9829156147422209,2929415603061.967,320,S1_depeg_stablecoin,indonesia,USDC
319,0.9905631101719633,2929415603061.967,320,S1_depeg_stablecoin,indonesia,USDC
320,1.035719019311729,2929415603061.967,320,S1_depeg_stablecoin,indonesia,USDC
321,1.0312141591864177,2929415603061.967,320,S1_depeg_stablecoin,indonesia,USDC
322,1.0316237237372554,2929415603061.967,320,S1_depeg_stablecoin,indonesia,USDC
323,1.0397989030080965,2929415603061.967,320,S1_depeg_stablecoin,indonesia,USDC
324,1.0645597725289853,2929415603061.967,320,S1_depeg_stablecoin,indonesia,USDC
325,1.0376313341051637,2929415603061.967,320,S1_depeg_stablecoin,indonesia,USDC
326,1.0203214023100775,2929415603061.967,320,S1_depeg_stablecoin,indonesia,USDC
327,1.0334191399307255,2929415603061.967,320,S1_depeg_stablecoin,indonesia,USDC
328,1.0288242263908094,2929415603061.967,320,S1_depeg_stablecoin,indonesia,USDC
329,1.02429594936949,2929415603061.967,320,S1_depeg_stablecoin,indonesia,USDC
330,1.0360439092549492,2929415603061.967,320,S1_depeg_stablecoin,indonesia,USDC
331,1.0624169686926972,2929415603061.967,320,S1_depeg_stablecoin,indonesia,USDC
332,1.0453489586208586,2929415603061.967,320,S1_depeg_stablecoin,indonesia,USDC
333,1.0245459909069738,2929415603061.967,320,S1_depeg_stablecoin,indonesia,USDC
334,1.0140689603620392,2929415603061.967,320,S1_depeg_stablecoin,indonesia,USDC
335,1.0010109711668325,2929415603061.967,320,S1_depeg_stablecoin,indonesia,USDC
336,0.9893604818862819,2929415603061.967,320,S1_depeg_stablecoin,indonesia,USDC
337,0.9967812783215632,2929415603061.967,320,S1_depeg_stablecoin,indonesia,USDC
338,0.9707581384664353,2929415603061.967,320,S1_depeg_stablecoin,indonesia,USDC
339,0.9867095119119316,2929415603061.967,320,S1_depeg_stablecoin,indonesia,USDC
340,0.9720331686043762,2929415603061.967,320,S1_depeg_stablecoin,indonesia,USDC
341,0.9453347669163426,2929415603061.967,320,S1_depeg_stablecoin,indonesia,USDC
342,0.9396463912071471,2929409807628.045,320,S1_depeg_stablecoin,indonesia,USDC
343,0.9530858190046279,2929403548001.0,320,S1_depeg_stablecoin,indonesia,USDC
344,0.9185228484877853,2929400128135.681,320,S1_depeg_stablecoin,indonesia,USDC
345,0.8972090115650351,2929388854117.1465,320,S1_depeg_stablecoin,indonesia,USDC
346,0.9243368196380308,2929373758179.835,320,S1_depeg_stablecoin,indonesia,USDC
347,0.9267013317408567,2929365477696.9814,320,S1_depeg_stablecoin,indonesia,USDC
348,0.9280894502952018,2929357761247.268,320,S1_depeg_stablecoin,indonesia,USDC
349,0.9549876914728109,2929350833254.74,320,S1_depeg_stablecoin,indonesia,USDC
350,0.919600831582931,2929348686856.869,320,S1_depeg_stablecoin,indonesia,USDC
351,0.9512430871828124,2929340988932.9404,320,S1_depeg_stablecoin,indonesia,USDC
352,0.9316072538513396,2929338024554.8564,320,S1_depeg_stablecoin,indonesia,USDC
353,0.9321085041009556,2929332424415.5986,320,S1_depeg_stablecoin,indonesia,USDC
354,0.9487881532099727,2929327277043.838,320,S1_depeg_stablecoin,indonesia,USDC
355,0.9456754865128729,2929324345664.949,320,S1_depeg_stablecoin,indonesia,USDC
356,0.9660496015187797,2929321301405.332,320,S1_depeg_stablecoin,indonesia,USDC
357,0.9137668511063145,2929320757255.8096,320,S1_depeg_stablecoin,indonesia,USDC
358,0.9223290736082929,2929313437735.281,320,S1_depeg_stablecoin,indonesia,USDC
359,0.9335779406544945,2929307257743.0996,320,S1_depeg_stablecoin,indonesia,USDC
360,0.9519771249021928,2929302903118.809,320,S1_depeg_stablecoin,indonesia,USDC
361,0.9206762197071638,2929301047598.131,320,S1_depeg_stablecoin,indonesia,USDC
362,0.9233271335692234,2929295440150.47,320,S1_depeg_stablecoin,indonesia,USDC
363,0.953380642345609,2929290536918.8403,320,S1_depeg_stablecoin,indonesia,USDC
364,0.952336856115032,2929289021927.855,320,S1_depeg_stablecoin,indonesia,USDC
365,0.939279834517391,2929287260924.421,320,S1_depeg_stablecoin,indonesia,USDC
366,0.9465954684732989,2929284316137.2065,320,S1_depeg_stablecoin,indonesia,USDC
367,0.9321314659633786,2929282250661.7505,320,S1_depeg_stablecoin,indonesia,USDC
368,0.9479605992857412,2929278777568.667,320,S1_depeg_stablecoin,indonesia,USDC
369,0.951644934595898,2929276707926.3457,320,S1_depeg_stablecoin,indonesia,USDC
370,0.9560849215581273,2929275097001.15,320,S1_depeg_stablecoin,indonesia,USDC
371,0.964696105764483,2929273974046.576,320,S1_depeg_stablecoin,indonesia,USDC
372,0.9554978491835929,2929273606251.925,320,S1_depeg_stablecoin,indonesia,USDC
373,0.9392001923828398,2929272453258.4795,320,S1_depeg_stablecoin,indonesia,USDC
374,0.92034647000805,2929270027423.4746,320,S1_depeg_stablecoin,indonesia,USDC
375,0.9297941913591559,2929265812548.7393,320,S1_depeg_stablecoin,indonesia,USDC
376,0.9474817042949195,2929262857074.455,320,S1_depeg_stablecoin,indonesia,USDC
377,0.9616151858865573,2929261247966.436,320,S1_depeg_stablecoin,indonesia,USDC
378,0.9583979848988396,2929260612106.447,320,S1_depeg_stablecoin,indonesia,USDC
379,0.9701104462600063,2929259896256.6455,320,S1_depeg_stablecoin,indonesia,USDC
380,0.9794351050528184,2929259896256.6455,320,S1_depeg_stablecoin,indonesia,USDC
381,0.9888328688841508,2929259896256.6455,320,S1_depeg_stablecoin,indonesia,USDC
382,0.9826020893878651,2929259896256.6455,320,S1_depeg_stablecoin,indonesia,USDC
383,0.9764918392055943,2929259896256.6455,320,S1_depeg_stablecoin,indonesia,USDC
384,1.0084449706234513,2929259896256.6455,320,S1_depeg_stablecoin,indonesia,USDC
385,0.983145344972403,2929259896256.6455,320,S1_depeg_stablecoin,indonesia,USDC
386,0.9793664038361446,2929259896256.6455,320,S1_depeg_stablecoin,indonesia,USDC
387,0.9492500525565702,2929259896256.6455,320,S1_depeg_stablecoin,indonesia,USDC
388,0.9324137384495843,2929258414084.5254,320,S1_depeg_stablecoin,indonesia,USDC
389,0.9144294913956942,2929255755194.3887,320,S1_depeg_stablecoin,indonesia,USDC
390,0.9037867437210065,2929251955007.899,320,S1_depeg_stablecoin,indonesia,USDC
391,0.9032333235784501,2929247779552.8623,320,S1_depeg_stablecoin,indonesia,USDC
392,0.8919803666046957,2929243643373.7744,320,S1_depeg_stablecoin,indonesia,USDC
393,0.9308060106809933,2929239454319.6133,320,S1_depeg_stablecoin,indonesia,USDC
394,0.9582148324811881,2929237423993.9478,320,S1_depeg_stablecoin,indonesia,USDC
395,0.9862350312695705,2929236926846.691,320,S1_depeg_stablecoin,indonesia,USDC
396,1.0183219070655534,2929236926846.691,320,S1_depeg_stablecoin,indonesia,USDC
397,0.9715453592893658,2929236926846.691,320,S1_depeg_stablecoin,indonesia,USDC
398,0.9824333818466188,2929236926846.691,320,S1_depeg_stablecoin,indonesia,USDC
399,0.9722552194170684,2929236926846.691,320,S1_depeg_stablecoin,indonesia,USDC
400,1.0199919921598741,2929236926846.691,320,S1_depeg_stablecoin,indonesia,USDC
401,1.0467816350068888,2929236926846.691,320,S1_depeg_stablecoin,indonesia,USDC
402,1.0386394061048663,2929236926846.691,320,S1_depeg_stablecoin,indonesia,USDC
403,1.0194873897577184,2929236926846.691,320,S1_depeg_stablecoin,indonesia,USDC
404,1.0050880594789742,2929236926846.691,320,S1_depeg_stablecoin,indonesia,USDC
405,0.9899199400629489,2929236926846.691,320,S1_depeg_stablecoin,indonesia,USDC
406,1.03013535187453,2929236926846.691,320,S1_depeg_stablecoin,indonesia,USDC
407,1.020012298355194,2929236926846.691,320,S1_depeg_stablecoin,indonesia,USDC
408,1.0207172090791736,2929236926846.691,320,S1_depeg_stablecoin,indonesia,USDC
409,1.0495863649094284,2929236926846.691,320,S1_depeg_stablecoin,indonesia,USDC
410,1.038036333339766,2929236926846.691,320,S1_depeg_stablecoin,indonesia,USDC
411,0.994532907811942,2929236926846.691,320,S1_depeg_stablecoin,indonesia,USDC
412,0.9851942960355023,2929236926846.691,320,S1_depeg_stablecoin,indonesia,USDC
413,1.015469976682982,2929236926846.691,320,S1_depeg_stablecoin,indonesia,USDC
414,1.042624436354337,2929236926846.691,320,S1_depeg_stablecoin,indonesia,USDC
415,1.0234817351103402,2929236926846.691,320,S1_depeg_stablecoin,indonesia,USDC
416,1.0373486555805167,2929236926846.691,320,S1_depeg_stablecoin,indonesia,USDC
417,1.0540379316009636,2929236926846.691,320,S1_depeg_stablecoin,indonesia,USDC
418,1.0773135418873516,2929236926846.691,320,S1_depeg_stablecoin,indonesia,USDC
419,1.0757491219750581,2929236926846.691,320,S1_depeg_stablecoin,indonesia,USDC
420,1.068411506703534,2929236926846.691,320,S1_depeg_stablecoin,indonesia,USDC
421,1.0713654946311066,2929236926846.691,320,S1_depeg_stablecoin,indonesia,USDC
422,1.0810961996382937,2929236926846.691,320,S1_depeg_stablecoin,indonesia,USDC
423,1.121257261405362,2929236926846.691,320,S1_depeg_stablecoin,indonesia,USDC
424,1.1072553541405605,2929236926846.691,320,S1_depeg_stablecoin,indonesia,USDC
425,1.1103163635544664,2929236926846.691,320,S1_depeg_stablecoin,indonesia,USDC
426,1.0755746867145246,2929236926846.691,320,S1_depeg_stablecoin,indonesia,USDC
427,1.0866272256554819,2929236926846.691,320,S1_depeg_stablecoin,indonesia,USDC
428,1.0531614101138762,2929236926846.691,320,S1_depeg_stablecoin,indonesia,USDC
429,1.0326023891210379,2929236926846.691,320,S1_depeg_stablecoin,indonesia,USDC
430,1.0129513069297165,2929236926846.691,320,S1_depeg_stablecoin,indonesia,USDC
431,1.0104718323172015,2929236926846.691,320,S1_depeg_stablecoin,indonesia,USDC
432,1.0063925713594566,2929236926846.691,320,S1_depeg_stablecoin,indonesia,USDC
433,1.016451636275698,2929236926846.691,320,S1_depeg_stablecoin,indonesia,USDC
434,1.0634353188785042,2929236926846.691,320,S1_depeg_stablecoin,indonesia,USDC
435,1.0957190460611976,2929236926846.691,320,S1_depeg_stablecoin,indonesia,USDC
436,1.1001287185898077,2929236926846.691,320,S1_depeg_stablecoin,indonesia,USDC
437,1.0892113067050646,2929236926846.691,320,S1_depeg_stablecoin,indonesia,USDC
438,1.0963965638824598,2929236926846.691,320,S1_depeg_stablecoin,indonesia,USDC
439,1.1046064060800043,2929236926846.691,320,S1_depeg_stablecoin,indonesia,USDC
440,1.1003865433893187,2929236926846.691,320,S1_depeg_stablecoin,indonesia,USDC
441,1.089158267625654,2929236926846.691,320,S1_depeg_stablecoin,indonesia,USDC
442,1.114839339519192,2929236926846.691,320,S1_depeg_stablecoin,indonesia,USDC
443,1.1215497864153254,2929236926846.691,320,S1_depeg_stablecoin,indonesia,USDC
444,1.1028584128764316,2929236926846.691,320,S1_depeg_stablecoin,indonesia,USDC
445,1.087639763167823,2929236926846.691,320,S1_depeg_stablecoin,indonesia,USDC
446,1.0660012340093883,2929236926846.691,320,S1_depeg_stablecoin,indonesia,USDC
447,1.0711744264780327,2929236926846.691,320,S1_depeg_stablecoin,indonesia,USDC
448,1.0648059126213107,2929236926846.691,320,S1_depeg_stablecoin,indonesia,USDC
449,1.0663526231460143,2929236926846.691,320,S1_depeg_stablecoin,indonesia,USDC
450,1.0475544414822748,2929236926846.691,320,S1_depeg_stablecoin,indonesia,USDC
451,1.0534446580483092,2929236926846.691,320,S1_depeg_stablecoin,indonesia,USDC
452,1.0670027408575207,2929236926846.691,320,S1_depeg_stablecoin,indonesia,USDC
453,1.0138820576280279,2929236926846.691,320,S1_depeg_stablecoin,indonesia,USDC
454,1.0115664177667028,2929236926846.691,320,S1_depeg_stablecoin,indonesia,USDC
455,0.9882332463627795,2929236926846.691,320,S1_depeg_stablecoin,indonesia,USDC
456,0.9531800891908268,2929236926846.691,320,S1_depeg_stablecoin,indonesia,USDC
457,0.9245088578779614,2929236152424.9863,320,S1_depeg_stablecoin,indonesia,USDC
458,0.9278772000871712,2929234004919.595,320,S1_depeg_stablecoin,indonesia,USDC
459,0.9528999916326995,2929232165783.7583,320,S1_depeg_stablecoin,indonesia,USDC
460,0.9642531842091282,2929231453636.4966,320,S1_depeg_stablecoin,indonesia,USDC
461,0.9780310483019343,2929231274989.2964,320,S1_depeg_stablecoin,indonesia,USDC
462,0.9753233077069712,2929231274989.2964,320,S1_depeg_stablecoin,indonesia,USDC
463,0.9827823814321163,2929231274989.2964,320,S1_depeg_stablecoin,indonesia,USDC
464,0.987140126656833,2929231274989.2964,320,S1_depeg_stablecoin,indonesia,USDC
465,0.9689414282730728,2929231274989.2964,320,S1_depeg_stablecoin,indonesia,USDC
466,0.9746587914698666,2929231259188.7285,320,S1_depeg_stablecoin,indonesia,USDC
467,0.9838810224762304,2929231259188.7285,320,S1_depeg_stablecoin,indonesia,USDC
468,0.9897497118478499,2929231259188.7285,320,S1_depeg_stablecoin,indonesia,USDC
469,0.9658178968319773,2929231259188.7285,320,S1_depeg_stablecoin,indonesia,USDC
470,0.9939850944279027,2929231122622.703,320,S1_depeg_stablecoin,indonesia,USDC
471,0.9733645152422692,2929231122622.703,320,S1_depeg_stablecoin,indonesia,USDC
472,0.9651835236040082,2929231122622.703,320,S1_depeg_stablecoin,indonesia,USDC
473,0.9311047719001608,2929230906952.162,320,S1_depeg_stablecoin,indonesia,USDC
474,0.9501190735457592,2929229173962.87,320,S1_depeg_stablecoin,indonesia,USDC
475,0.9576597840474588,2929228359045.654,320,S1_depeg_stablecoin,indonesia,USDC
476,0.9598586901414972,2929227841637.5376,320,S1_depeg_stablecoin,indonesia,USDC
477,0.9770613364915958,2929227449429.847,320,S1_depeg_stablecoin,indonesia,USDC
478,0.9686040371407963,2929227449429.847,320,S1_depeg_stablecoin,indonesia,USDC
479,0.9778208671322011,2929227430373.357,320,S1_depeg_stablecoin,indonesia,USDC
480,0.9994302481441294,2929227430373.357,320,S1_depeg_stablecoin,indonesia,USDC
481,0.9991299045722277,2929227430373.357,320,S1_depeg_stablecoin,indonesia,USDC
482,1.0087049531308614,2929227430373.357,320,S1_depeg_stablecoin,indonesia,USDC
483,1.0027949361272182,2929227430373.357,320,S1_depeg_stablecoin,indonesia,USDC
484,1.0079312892401027,2929227430373.357,320,S1_depeg_stablecoin,indonesia,USDC
485,0.9971369004075052,2929227430373.357,320,S1_depeg_stablecoin,indonesia,USDC
486,1.0385932678684315,2929227430373.357,320,S1_depeg_stablecoin,indonesia,USDC
487,1.0243126201697104,2929227430373.357,320,S1_depeg_stablecoin,indonesia,USDC
488,1.0242409144243647,2929227430373.357,320,S1_depeg_stablecoin,indonesia,USDC
489,1.0407350471603518,2929227430373.357,320,S1_depeg_stablecoin,indonesia,USDC
490,1.0495292984820042,2929227430373.357,320,S1_depeg_stablecoin,indonesia,USDC
491,1.024962733792608,2929227430373.357,320,S1_depeg_stablecoin,indonesia,USDC
492,1.0158079752825502,2929227430373.357,320,S1_depeg_stablecoin,indonesia,USDC
493,1.008195666669754,2929227430373.357,320,S1_depeg_stablecoin,indonesia,USDC
494,1.0085284999740622,2929227430373.357,320,S1_depeg_stablecoin,indonesia,USDC
495,1.0007951821188572,2929227430373.357,320,S1_depeg_stablecoin,indonesia,USDC
496,0.9777702724515578,2929227430373.357,320,S1_depeg_stablecoin,indonesia,USDC
497,0.9555792025407651,2929227430373.357,320,S1_depeg_stablecoin,indonesia,USDC
498,0.95842377659857,2929226930534.441,320,S1_depeg_stablecoin,indonesia,USDC
499,0.9907317990094476,2929226462207.6826,320,S1_depeg_stablecoin,indonesia,USDC
500,1.004241270740994,2929226462207.6826,320,S1_depeg_stablecoin,indonesia,USDC
501,1.0110647527581857,2929226462207.6826,320,S1_depeg_stablecoin,indonesia,USDC
502,0.9954128030583539,2929226462207.6826,320,S1_depeg_stablecoin,indonesia,USDC
503,0.9938021153808836,2929226462207.6826,320,S1_depeg_stablecoin,indonesia,USDC
504,1.0044113650779156,2929226462207.6826,320,S1_depeg_stablecoin,indonesia,USDC
505,0.9822834417348513,2929226462207.6826,320,S1_depeg_stablecoin,indonesia,USDC
506,0.9684117929988333,2929226462207.6826,320,S1_depeg_stablecoin,indonesia,USDC
507,0.9678235457191102,2929226398722.1123,320,S1_depeg_stablecoin,indonesia,USDC
508,0.9724289988865872,2929226376069.265,320,S1_depeg_stablecoin,indonesia,USDC
509,0.9457067817298441,2929226376069.265,320,S1_depeg_stablecoin,indonesia,USDC
510,0.9460973498350632,2929225407151.1235,320,S1_depeg_stablecoin,indonesia,USDC
511,0.9396939677469672,2929224582487.872,320,S1_depeg_stablecoin,indonesia,USDC
512,0.942198686911834,2929223506315.965,320,S1_depeg_stablecoin,indonesia,USDC
513,0.9257087738424812,2929222586448.298,320,S1_depeg_stablecoin,indonesia,USDC
514,0.9466316236629081,2929220992961.6006,320,S1_depeg_stablecoin,indonesia,USDC
515,0.9507704711796279,2929220282234.5605,320,S1_depeg_stablecoin,indonesia,USDC
516,0.9793025104530287,2929219663631.7695,320,S1_depeg_stablecoin,indonesia,USDC
517,0.9611762481403944,2929219663631.7695,320,S1_depeg_stablecoin,indonesia,USDC
518,0.9769034181605551,2929219436753.0835,320,S1_depeg_stablecoin,indonesia,USDC
519,0.9871397789784269,2929219436753.0835,320,S1_depeg_stablecoin,indonesia,USDC
520,0.99083741725752,2929219436753.0835,320,S1_depeg_stablecoin,indonesia,USDC
521,0.9811909700740844,2929219436753.0835,320,S1_depeg_stablecoin,indonesia,USDC
522,0.9778433709799887,2929219436753.0835,320,S1_depeg_stablecoin,indonesia,USDC
523,0.9663026572137867,2929219436753.0835,320,S1_depeg_stablecoin,indonesia,USDC
524,0.9647729306978675,2929219315737.6807,320,S1_depeg_stablecoin,indonesia,USDC
525,0.9588121400259807,2929219183519.1665,320,S1_depeg_stablecoin,indonesia,USDC
526,0.9336234350240905,2929218887124.183,320,S1_depeg_stablecoin,indonesia,USDC
527,0.9359845966749445,2929217823863.613,320,S1_depeg_stablecoin,indonesia,USDC
528,0.9567809339554969,2929216866526.954,320,S1_depeg_stablecoin,indonesia,USDC
529,0.9954962430462136,2929216533891.6934,320,S1_depeg_stablecoin,indonesia,USDC
530,0.9959868507780951,2929216533891.6934,320,S1_depeg_stablecoin,indonesia,USDC
531,1.0152925578791223,2929216533891.6934,320,S1_depeg_stablecoin,indonesia,USDC
532,1.0452124151086826,2929216533891.6934,320,S1_depeg_stablecoin,indonesia,USDC
533,1.0890050595230918,2929216533891.6934,320,S1_depeg_stablecoin,indonesia,USDC
534,1.0670426554412789,2929216533891.6934,320,S1_depeg_stablecoin,indonesia,USDC
535,1.0833750468623387,2929216533891.6934,320,S1_depeg_stablecoin,indonesia,USDC
536,1.0672919294934637,2929216533891.6934,320,S1_depeg_stablecoin,indonesia,USDC
537,1.0997315950207636,2929216533891.6934,320,S1_depeg_stablecoin,indonesia,USDC
538,1.0681916789277697,2929216533891.6934,320,S1_depeg_stablecoin,indonesia,USDC
539,1.0272693209030457,2929216533891.6934,320,S1_depeg_stablecoin,indonesia,USDC
540,1.0512901652208335,2929216533891.6934,320,S1_depeg_stablecoin,indonesia,USDC
541,1.0402155376560203,2929216533891.6934,320,S1_depeg_stablecoin,indonesia,USDC
542,1.0314147781009997,2929216533891.6934,320,S1_depeg_stablecoin,indonesia,USDC
543,0.9925989624204828,2929216533891.6934,320,S1_depeg_stablecoin,indonesia,USDC
544,1.0169155080446102,2929216533891.6934,320,S1_depeg_stablecoin,indonesia,USDC
545,1.0020904490387788,2929216533891.6934,320,S1_depeg_stablecoin,indonesia,USDC
546,0.9815221756466945,2929216533891.6934,320,S1_depeg_stablecoin,indonesia,USDC
547,1.008752637553606,2929216533891.6934,320,S1_depeg_stablecoin,indonesia,USDC
548,1.0014118777291652,2929216533891.6934,320,S1_depeg_stablecoin,indonesia,USDC
549,0.9980828650739654,2929216533891.6934,320,S1_depeg_stablecoin,indonesia,USDC
550,1.033215682620253,2929216533891.6934,320,S1_depeg_stablecoin,indonesia,USDC
551,1.011571236575673,2929216533891.6934,320,S1_depeg_stablecoin,indonesia,USDC
552,1.040917864008013,2929216533891.6934,320,S1_depeg_stablecoin,indonesia,USDC
553,1.0233592859413516,2929216533891.6934,320,S1_depeg_stablecoin,indonesia,USDC
554,1.0298317239409067,2929216533891.6934,320,S1_depeg_stablecoin,indonesia,USDC
555,1.0084793268270216,2929216533891.6934,320,S1_depeg_stablecoin,indonesia,USDC
556,0.9923285549420935,2929216533891.6934,320,S1_depeg_stablecoin,indonesia,USDC
557,1.0265526038726507,2929216533891.6934,320,S1_depeg_stablecoin,indonesia,USDC
558,1.0254161195502483,2929216533891.6934,320,S1_depeg_stablecoin,indonesia,USDC
559,1.0358858260190347,2929216533891.6934,320,S1_depeg_stablecoin,indonesia,USDC
560,1.0056179253486446,2929216533891.6934,320,S1_depeg_stablecoin,indonesia,USDC
561,0.9696517310616628,2929216533891.6934,320,S1_depeg_stablecoin,indonesia,USDC
562,0.9765813297812318,2929216526996.238,320,S1_depeg_stablecoin,indonesia,USDC
563,0.9610957396258694,2929216526996.238,320,S1_depeg_stablecoin,indonesia,USDC
564,0.952460560605727,2929216281571.59,320,S1_depeg_stablecoin,indonesia,USDC
565,0.9654547542336892,2929215834618.334,320,S1_depeg_stablecoin,indonesia,USDC
566,0.9675047987400155,2929215719353.8574,320,S1_depeg_stablecoin,indonesia,USDC
567,0.9732887854085204,2929215647247.5293,320,S1_depeg_stablecoin,indonesia,USDC
568,0.9630790429705017,2929215647247.5293,320,S1_depeg_stablecoin,indonesia,USDC
569,0.96906505102799,2929215465535.1133,320,S1_depeg_stablecoin,indonesia,USDC
570,0.9946942110360748,2929215438761.604,320,S1_depeg_stablecoin,indonesia,USDC
571,1.023256033624531,2929215438761.604,320,S1_depeg_stablecoin,indonesia,USDC
572,1.031114631545451,2929215438761.604,320,S1_depeg_stablecoin,indonesia,USDC
573,1.0373847885416263,2929215438761.604,320,S1_depeg_stablecoin,indonesia,USDC
574,1.0478215647754179,2929215438761.604,320,S1_depeg_stablecoin,indonesia,USDC
575,1.0274360934986397,2929215438761.604,320,S1_depeg_stablecoin,indonesia,USDC
576,1.0337277436759786,2929215438761.604,320,S1_depeg_stablecoin,indonesia,USDC
577,1.0370572491891554,2929215438761.604,320,S1_depeg_stablecoin,indonesia,USDC
578,1.0197893257284185,2929215438761.604,320,S1_depeg_stablecoin,indonesia,USDC
579,1.0091047433312055,2929215438761.604,320,S1_depeg_stablecoin,indonesia,USDC
580,0.9843818331736384,2929215438761.604,320,S1_depeg_stablecoin,indonesia,USDC
581,1.0053527537559885,2929215438761.604,320,S1_depeg_stablecoin,indonesia,USDC
582,1.0078680470748962,2929215438761.604,320,S1_depeg_stablecoin,indonesia,USDC
583,0.9927211918655136,2929215438761.604,320,S1_depeg_stablecoin,indonesia,USDC
584,0.9961344243214266,2929215438761.604,320,S1_depeg_stablecoin,indonesia,USDC
585,0.979571164302994,2929215438761.604,320,S1_depeg_stablecoin,indonesia,USDC
586,0.9585136614265847,2929215438761.604,320,S1_depeg_stablecoin,indonesia,USDC
587,0.9786488534315153,2929215110152.037,320,S1_depeg_stablecoin,indonesia,USDC
588,0.9726691912096168,2929215110152.037,320,S1_depeg_stablecoin,indonesia,USDC
589,0.9479545514659613,2929215110152.037,320,S1_depeg_stablecoin,indonesia,USDC
590,0.8715545429897151,2929214511534.49,320,S1_depeg_stablecoin,indonesia,USDC
591,0.9055886783700244,2929211789239.3516,320,S1_depeg_stablecoin,indonesia,USDC
592,0.9423400707355617,2929210188853.9717,320,S1_depeg_stablecoin,indonesia,USDC
593,0.9528392375600209,2929209547241.673,320,S1_depeg_stablecoin,indonesia,USDC
594,0.9464829959794941,2929209195949.063,320,S1_depeg_stablecoin,indonesia,USDC
595,0.9384774445980834,2929208714152.9053,320,S1_depeg_stablecoin,indonesia,USDC
596,0.9200766999321508,2929208075459.0234,320,S1_depeg_stablecoin,indonesia,USDC
597,0.9116437675757996,2929207110176.409,320,S1_depeg_stablecoin,indonesia,USDC
598,0.9161934462758822,2929205971460.2573,320,S1_depeg_stablecoin,indonesia,USDC
599,0.9285960153809777,2929205009635.9326,320,S1_depeg_stablecoin,indonesia,USDC
600,0.9166642934404794,2929204334035.9556,320,S1_depeg_stablecoin,indonesia,USDC
601,0.9269272375310175,2929203418765.3667,320,S1_depeg_stablecoin,indonesia,USDC
602,0.945268736869229,2929202720255.1523,320,S1_depeg_stablecoin,indonesia,USDC
603,0.9222364809725886,2929202365152.6274,320,S1_depeg_stablecoin,indonesia,USDC
604,0.9206668017708071,2929201681824.021,320,S1_depeg_stablecoin,indonesia,USDC
605,0.9294275348813001,2929201008226.1265,320,S1_depeg_stablecoin,indonesia,USDC
606,0.9684057435095916,2929200451089.498,320,S1_depeg_stablecoin,indonesia,USDC
607,1.0020590460278052,2929200450898.1396,320,S1_depeg_stablecoin,indonesia,USDC
608,1.0301151981666157,2929200450898.1396,320,S1_depeg_stablecoin,indonesia,USDC
609,1.025568628951063,2929200450898.1396,320,S1_depeg_stablecoin,indonesia,USDC
610,1.0505224065474987,2929200450898.1396,320,S1_depeg_stablecoin,indonesia,USDC
611,1.0108575804385063,2929200450898.1396,320,S1_depeg_stablecoin,indonesia,USDC
612,1.015114145683994,2929200450898.1396,320,S1_depeg_stablecoin,indonesia,USDC
613,0.9879500400347182,2929200450898.1396,320,S1_depeg_stablecoin,indonesia,USDC
614,0.943252825718853,2929200450898.1396,320,S1_depeg_stablecoin,indonesia,USDC
615,0.9705767770598366,2929200136308.924,320,S1_depeg_stablecoin,indonesia,USDC
616,0.9641460224726686,2929200136308.924,320,S1_depeg_stablecoin,indonesia,USDC
617,0.9819735806522152,2929200076523.4717,320,S1_depeg_stablecoin,indonesia,USDC
618,1.0003104239872864,2929200076523.4717,320,S1_depeg_stablecoin,indonesia,USDC
619,0.9828616631330648,2929200076523.4717,320,S1_depeg_stablecoin,indonesia,USDC
620,1.0081691332031986,2929200076523.4717,320,S1_depeg_stablecoin,indonesia,USDC
621,1.0335789670015005,2929200076523.4717,320,S1_depeg_stablecoin,indonesia,USDC
622,1.0150187148510512,2929200076523.4717,320,S1_depeg_stablecoin,indonesia,USDC
623,1.0190129168559157,2929200076523.4717,320,S1_depeg_stablecoin,indonesia,USDC
624,0.9940372300002219,2929200076523.4717,320,S1_depeg_stablecoin,indonesia,USDC
625,1.0064428882018592,2929200076523.4717,320,S1_depeg_stablecoin,indonesia,USDC
626,1.0144429514182918,2929200076523.4717,320,S1_depeg_stablecoin,indonesia,USDC
627,0.9820234674205975,2929200076523.4717,320,S1_depeg_stablecoin,indonesia,USDC
628,1.0099507818175342,2929200076523.4717,320,S1_depeg_stablecoin,indonesia,USDC
629,1.0308476701791964,2929200076523.4717,320,S1_depeg_stablecoin,indonesia,USDC
630,1.0404119783333545,2929200076523.4717,320,S1_depeg_stablecoin,indonesia,USDC
631,1.0700610062785438,2929200076523.4717,320,S1_depeg_stablecoin,indonesia,USDC
632,1.0662256172964915,2929200076523.4717,320,S1_depeg_stablecoin,indonesia,USDC
633,1.0479124070911736,2929200076523.4717,320,S1_depeg_stablecoin,indonesia,USDC
634,1.0366232316554942,2929200076523.4717,320,S1_depeg_stablecoin,indonesia,USDC
635,1.0217345972646663,2929200076523.4717,320,S1_depeg_stablecoin,indonesia,USDC
636,1.0247773129794973,2929200076523.4717,320,S1_depeg_stablecoin,indonesia,USDC
637,1.0324338066481609,2929200076523.4717,320,S1_depeg_stablecoin,indonesia,USDC
638,1.0319888450507353,2929200076523.4717,320,S1_depeg_stablecoin,indonesia,USDC
639,1.0088916263014331,2929200076523.4717,320,S1_depeg_stablecoin,indonesia,USDC
640,1.001920169698812,2929200076523.4717,320,S1_depeg_stablecoin,indonesia,USDC
641,0.9996918902088106,2929200076523.4717,320,S1_depeg_stablecoin,indonesia,USDC
642,1.0267788537973725,2929200076523.4717,320,S1_depeg_stablecoin,indonesia,USDC
643,1.030090587691522,2929200076523.4717,320,S1_depeg_stablecoin,indonesia,USDC
644,1.0287487567716156,2929200076523.4717,320,S1_depeg_stablecoin,indonesia,USDC
645,1.0358644122022198,2929200076523.4717,320,S1_depeg_stablecoin,indonesia,USDC
646,1.0210630780964443,2929200076523.4717,320,S1_depeg_stablecoin,indonesia,USDC
647,1.0236452528591338,2929200076523.4717,320,S1_depeg_stablecoin,indonesia,USDC
648,1.0398254886792355,2929200076523.4717,320,S1_depeg_stablecoin,indonesia,USDC
649,1.005769551633379,2929200076523.4717,320,S1_depeg_stablecoin,indonesia,USDC
650,1.0374144217136458,2929200076523.4717,320,S1_depeg_stablecoin,indonesia,USDC
651,1.0299588354554183,2929200076523.4717,320,S1_depeg_stablecoin,indonesia,USDC
652,1.0388911707660462,2929200076523.4717,320,S1_depeg_stablecoin,indonesia,USDC
653,1.052920677162516,2929200076523.4717,320,S1_depeg_stablecoin,indonesia,USDC
654,1.0386100402538114,2929200076523.4717,320,S1_depeg_stablecoin,indonesia,USDC
655,1.0256075529343993,2929200076523.4717,320,S1_depeg_stablecoin,indonesia,USDC
656,1.0495208314077684,2929200076523.4717,320,S1_depeg_stablecoin,indonesia,USDC
657,1.030415831870068,2929200076523.4717,320,S1_depeg_stablecoin,indonesia,USDC
658,1.0175949697272046,2929200076523.4717,320,S1_depeg_stablecoin,indonesia,USDC
659,1.0314181668856608,2929200076523.4717,320,S1_depeg_stablecoin,indonesia,USDC
660,1.0424462211737004,2929200076523.4717,320,S1_depeg_stablecoin,indonesia,USDC
661,1.0629856224252048,2929200076523.4717,320,S1_depeg_stablecoin,indonesia,USDC
662,1.0631157350743337,2929200076523.4717,320,S1_depeg_stablecoin,indonesia,USDC
663,1.0131928355363609,2929200076523.4717,320,S1_depeg_stablecoin,indonesia,USDC
664,1.0402424343791556,2929200076523.4717,320,S1_depeg_stablecoin,indonesia,USDC
665,1.008485611831102,2929200076523.4717,320,S1_depeg_stablecoin,indonesia,USDC
666,0.9980147610472987,2929200076523.4717,320,S1_depeg_stablecoin,indonesia,USDC
667,0.9697390369612366,2929200076523.4717,320,S1_depeg_stablecoin,indonesia,USDC
668,0.9603755831501987,2929200074312.51,320,S1_depeg_stablecoin,indonesia,USDC
669,0.9375366200720157,2929199959934.8135,320,S1_depeg_stablecoin,indonesia,USDC
670,0.9528912295000106,2929199575697.04,320,S1_depeg_stablecoin,indonesia,USDC
671,0.9363443503512036,2929199366028.101,320,S1_depeg_stablecoin,indonesia,USDC
672,0.9377425235127718,2929198986541.3643,320,S1_depeg_stablecoin,indonesia,USDC
673,0.96609500847886,2929198647074.3906,320,S1_depeg_stablecoin,indonesia,USDC
674,0.9571097271983989,2929198615725.275,320,S1_depeg_stablecoin,indonesia,USDC
675,0.958812594754639,2929198494670.0615,320,S1_depeg_stablecoin,indonesia,USDC
676,0.9791825182168501,2929198385339.7935,320,S1_depeg_stablecoin,indonesia,USDC
677,1.0254498853993634,2929198385339.7935,320,S1_depeg_stablecoin,indonesia,USDC
678,0.9864375680952616,2929198385339.7935,320,S1_depeg_stablecoin,indonesia,USDC
679,0.9663289897360465,2929198385339.7935,320,S1_depeg_stablecoin,indonesia,USDC
680,0.967899663706491,2929198363422.319,320,S1_depeg_stablecoin,indonesia,USDC
681,0.9774652545299611,2929198346180.0522,320,S1_depeg_stablecoin,indonesia,USDC
682,0.9782264368143365,2929198346180.0522,320,S1_depeg_stablecoin,indonesia,USDC
683,0.9194684574409147,2929198346180.0522,320,S1_depeg_stablecoin,indonesia,USDC
684,0.9158104100456913,2929197820649.129,320,S1_depeg_stablecoin,indonesia,USDC
685,0.9054903620697574,2929197269488.993,320,S1_depeg_stablecoin,indonesia,USDC
686,0.9167185373994213,2929196632293.636,320,S1_depeg_stablecoin,indonesia,USDC
687,0.9090494622565588,2929196179400.882,320,S1_depeg_stablecoin,indonesia,USDC
688,0.9473596689567473,2929195672625.3984,320,S1_depeg_stablecoin,indonesia,USDC
689,0.93524542551655,2929195500709.8794,320,S1_depeg_stablecoin,indonesia,USDC
690,0.9647464499970728,2929195229316.092,320,S1_depeg_stablecoin,indonesia,USDC
691,0.9573402858482237,2929195202177.174,320,S1_depeg_stablecoin,indonesia,USDC
692,0.9593031357545713,2929195120634.2666,320,S1_depeg_stablecoin,indonesia,USDC
693,0.9585401652955411,2929195054264.0625,320,S1_depeg_stablecoin,indonesia,USDC
694,0.9822032337994082,2929194982982.3965,320,S1_depeg_stablecoin,indonesia,USDC
695,0.989445191121823,2929194982982.3965,320,S1_depeg_stablecoin,indonesia,USDC
696,0.9903184912175882,2929194982982.3965,320,S1_depeg_stablecoin,indonesia,USDC
697,0.9950133510774078,2929194982982.3965,320,S1_depeg_stablecoin,indonesia,USDC
698,0.8848024158300836,2929194982982.3965,320,S1_depeg_stablecoin,indonesia,USDC
699,0.881028284327638,2929194385587.141,320,S1_depeg_stablecoin,indonesia,USDC
700,0.8662493596556761,2929193771288.413,320,S1_depeg_stablecoin,indonesia,USDC
701,0.8963337216005004,2929193148655.1436,320,S1_depeg_stablecoin,indonesia,USDC
702,0.8973744689501011,2929192733970.0186,320,S1_depeg_stablecoin,indonesia,USDC
703,0.9003438564631445,2929192365293.5615,320,S1_depeg_stablecoin,indonesia,USDC
704,0.8868671412155636,2929192029435.9995,320,S1_depeg_stablecoin,indonesia,USDC
705,0.9335798960365054,2929191682698.5293,320,S1_depeg_stablecoin,indonesia,USDC
706,0.9058346742369633,2929191537235.509,320,S1_depeg_stablecoin,indonesia,USDC
707,0.9196438851694201,2929191282628.641,320,S1_depeg_stablecoin,indonesia,USDC
708,0.9181848900904468,2929191101123.9766,320,S1_depeg_stablecoin,indonesia,USDC
709,0.9389184505925969,2929190928507.1865,320,S1_depeg_stablecoin,indonesia,USDC
710,0.9486904997767743,2929190831558.9653,320,S1_depeg_stablecoin,indonesia,USDC
711,0.9514715880955771,2929190762505.9443,320,S1_depeg_stablecoin,indonesia,USDC
712,0.9684778385404549,2929190711474.0337,320,S1_depeg_stablecoin,indonesia,USDC
713,0.9622908089228049,2929190706729.941,320,S1_depeg_stablecoin,indonesia,USDC
714,0.9652552811445306,2929190682740.551,320,S1_depeg_stablecoin,indonesia,USDC
715,0.984839951301919,2929190671680.5054,320,S1_depeg_stablecoin,indonesia,USDC
716,0.9567479641355565,2929190671680.5054,320,S1_depeg_stablecoin,indonesia,USDC
717,0.960818910937542,2929190637573.205,320,S1_depeg_stablecoin,indonesia,USDC
718,0.9968710785230707,2929190613644.715,320,S1_depeg_stablecoin,indonesia,USDC
719,1.0079528484525964,2929190613644.715,320,S1_depeg_stablecoin,indonesia,USDC
720,1.0171188102755526,2929190613644.715,320,S1_depeg_stablecoin,indonesia,USDC
721,1.0647509979659748,2929190613644.715,320,S1_depeg_stablecoin,indonesia,USDC
722,1.0830997969401681,2929190613644.715,320,S1_depeg_stablecoin,indonesia,USDC
723,1.0656387735934811,2929190613644.715,320,S1_depeg_stablecoin,indonesia,USDC
724,1.0363719489713656,2929190613644.715,320,S1_depeg_stablecoin,indonesia,USDC
725,1.0727873066794993,2929190613644.715,320,S1_depeg_stablecoin,indonesia,USDC
726,1.0650973311989496,2929190613644.715,320,S1_depeg_stablecoin,indonesia,USDC
727,1.0604860465752222,2929190613644.715,320,S1_depeg_stablecoin,indonesia,USDC
728,1.0515976795753215,2929190613644.715,320,S1_depeg_stablecoin,indonesia,USDC
729,1.0583121742220944,2929190613644.715,320,S1_depeg_stablecoin,indonesia,USDC
730,1.050865626709462,2929190613644.715,320,S1_depeg_stablecoin,indonesia,USDC
731,1.0569414775403883,2929190613644.715,320,S1_depeg_stablecoin,indonesia,USDC
732,1.0556117921092967,2929190613644.715,320,S1_depeg_stablecoin,indonesia,USDC
733,1.0549646519845897,2929190613644.715,320,S1_depeg_stablecoin,indonesia,USDC
734,1.0553219775922351,2929190613644.715,320,S1_depeg_stablecoin,indonesia,USDC
735,1.0385354550933492,2929190613644.715,320,S1_depeg_stablecoin,indonesia,USDC
736,1.019561070909913,2929190613644.715,320,S1_depeg_stablecoin,indonesia,USDC
737,1.0645339936996363,2929190613644.715,320,S1_depeg_stablecoin,indonesia,USDC
738,1.0460399083060399,2929190613644.715,320,S1_depeg_stablecoin,indonesia,USDC
739,1.0483029509585196,2929190613644.715,320,S1_depeg_stablecoin,indonesia,USDC
740,1.0153389236459165,2929190613644.715,320,S1_depeg_stablecoin,indonesia,USDC
741,1.0393740592707073,2929190613644.715,320,S1_depeg_stablecoin,indonesia,USDC
742,1.027251047398221,2929190613644.715,320,S1_depeg_stablecoin,indonesia,USDC
743,1.0300025921843106,2929190613644.715,320,S1_depeg_stablecoin,indonesia,USDC
744,1.0015134672149082,2929190613644.715,320,S1_depeg_stablecoin,indonesia,USDC
745,1.0114234738965662,2929190613644.715,320,S1_depeg_stablecoin,indonesia,USDC
746,1.0043386072271079,2929190613644.715,320,S1_depeg_stablecoin,indonesia,USDC
747,0.9944839174745812,2929190613644.715,320,S1_depeg_stablecoin,indonesia,USDC
748,0.9944069761562745,2929190613644.715,320,S1_depeg_stablecoin,indonesia,USDC
749,0.9601616398020596,2929190613644.715,320,S1_depeg_stablecoin,indonesia,USDC
750,0.9899586330676757,2929190589981.205,320,S1_depeg_stablecoin,indonesia,USDC
751,0.97281669778239,2929190589981.205,320,S1_depeg_stablecoin,indonesia,USDC
752,0.9857382624671984,2929190589981.205,320,S1_depeg_stablecoin,indonesia,USDC
753,1.0021806615802769,2929190589981.205,320,S1_depeg_stablecoin,indonesia,USDC
754,0.9927282595067265,2929190589981.205,320,S1_depeg_stablecoin,indonesia,USDC
755,0.9727483875758753,2929190589981.205,320,S1_depeg_stablecoin,indonesia,USDC
756,0.9796002821064158,2929190589981.205,320,S1_depeg_stablecoin,indonesia,USDC
757,0.9810102769694022,2929190589981.205,320,S1_depeg_stablecoin,indonesia,USDC
758,0.9636313135416567,2929190589981.205,320,S1_depeg_stablecoin,indonesia,USDC
759,0.9652623085802529,2929190570929.717,320,S1_depeg_stablecoin,indonesia,USDC
760,0.9626860105698024,2929190556850.29,320,S1_depeg_stablecoin,indonesia,USDC
761,0.968720257467786,2929190538839.3164,320,S1_depeg_stablecoin,indonesia,USDC
762,0.9276034772898949,2929190537614.1045,320,S1_depeg_stablecoin,indonesia,USDC
763,0.9378140906510999,2929190423709.706,320,S1_depeg_stablecoin,indonesia,USDC
764,0.9637288263945024,2929190338859.1147,320,S1_depeg_stablecoin,indonesia,USDC
765,0.9752138457914118,2929190326678.492,320,S1_depeg_stablecoin,indonesia,USDC
766,0.9891115347332501,2929190326678.492,320,S1_depeg_stablecoin,indonesia,USDC
767,0.9731235784604866,2929190326678.492,320,S1_depeg_stablecoin,indonesia,USDC
768,0.9657711222982918,2929190326678.492,320,S1_depeg_stablecoin,indonesia,USDC
769,0.963208264197168,2929190319831.1094,320,S1_depeg_stablecoin,indonesia,USDC
770,0.9598976350183457,2929190306396.2954,320,S1_depeg_stablecoin,indonesia,USDC
771,0.9567737296833038,2929190280992.2827,320,S1_depeg_stablecoin,indonesia,USDC
772,0.9458510500309018,2929190247631.368,320,S1_depeg_stablecoin,indonesia,USDC
773,0.9396408088130696,2929190183914.5244,320,S1_depeg_stablecoin,indonesia,USDC
774,0.9717771553023673,2929190108486.7603,320,S1_depeg_stablecoin,indonesia,USDC
775,0.9782957344307788,2929190108486.7603,320,S1_depeg_stablecoin,indonesia,USDC
776,0.9873538006133322,2929190108486.7603,320,S1_depeg_stablecoin,indonesia,USDC
777,1.0036673052967282,2929190108486.7603,320,S1_depeg_stablecoin,indonesia,USDC
778,1.0231663107848148,2929190108486.7603,320,S1_depeg_stablecoin,indonesia,USDC
779,1.0357047126773966,2929190108486.7603,320,S1_depeg_stablecoin,indonesia,USDC
780,1.024069840285387,2929190108486.7603,320,S1_depeg_stablecoin,indonesia,USDC
781,1.010024389035634,2929190108486.7603,320,S1_depeg_stablecoin,indonesia,USDC
782,1.024639201158937,2929190108486.7603,320,S1_depeg_stablecoin,indonesia,USDC
783,0.9927431720417803,2929190108486.7603,320,S1_depeg_stablecoin,indonesia,USDC
784,0.984163125707283,2929190108486.7603,320,S1_depeg_stablecoin,indonesia,USDC
785,0.98437811973678,2929190108486.7603,320,S1_depeg_stablecoin,indonesia,USDC
786,1.0115210319704233,2929190108486.7603,320,S1_depeg_stablecoin,indonesia,USDC
787,0.9961848136406123,2929190108486.7603,320,S1_depeg_stablecoin,indonesia,USDC
788,0.9969361684168812,2929190108486.7603,320,S1_depeg_stablecoin,indonesia,USDC
789,0.9935981566207224,2929190108486.7603,320,S1_depeg_stablecoin,indonesia,USDC
790,0.9936743242934182,2929190108486.7603,320,S1_depeg_stablecoin,indonesia,USDC
791,1.0227435663919662,2929190108486.7603,320,S1_depeg_stablecoin,indonesia,USDC
792,1.0339768247425423,2929190108486.7603,320,S1_depeg_stablecoin,indonesia,USDC
793,1.039686454121221,2929190108486.7603,320,S1_depeg_stablecoin,indonesia,USDC
794,1.043657930688104,2929190108486.7603,320,S1_depeg_stablecoin,indonesia,USDC
795,1.0284978922129469,2929190108486.7603,320,S1_depeg_stablecoin,indonesia,USDC
796,1.0202110131251174,2929190108486.7603,320,S1_depeg_stablecoin,indonesia,USDC
797,0.9822276140650117,2929190108486.7603,320,S1_depeg_stablecoin,indonesia,USDC
798,1.0120856533068048,2929190108486.7603,320,S1_depeg_stablecoin,indonesia,USDC
799,1.001045399884017,2929190108486.7603,320,S1_depeg_stablecoin,indonesia,USDC
800,0.997484760527779,2929190108486.7603,320,S1_depeg_stablecoin,indonesia,USDC
801,0.9935242706117627,2929190108486.7603,320,S1_depeg_stablecoin,indonesia,USDC
802,1.0055576262408021,2929190108486.7603,320,S1_depeg_stablecoin,indonesia,USDC
803,1.012328348250293,2929190108486.7603,320,S1_depeg_stablecoin,indonesia,USDC
804,1.0411715763085083,2929190108486.7603,320,S1_depeg_stablecoin,indonesia,USDC
805,1.0297814343814797,2929190108486.7603,320,S1_depeg_stablecoin,indonesia,USDC
806,1.0172305310321874,2929190108486.7603,320,S1_depeg_stablecoin,indonesia,USDC
807,0.9761430039336662,2929190108486.7603,320,S1_depeg_stablecoin,indonesia,USDC
808,0.9972381111968305,2929190108486.7603,320,S1_depeg_stablecoin,indonesia,USDC
809,0.9833716119479162,2929190108486.7603,320,S1_depeg_stablecoin,indonesia,USDC
810,0.9847862021636461,2929190108486.7603,320,S1_depeg_stablecoin,indonesia,USDC
811,0.968618397111029,2929190108486.7603,320,S1_depeg_stablecoin,indonesia,USDC
812,0.9708222346394857,2929190108486.7603,320,S1_depeg_stablecoin,indonesia,USDC
813,0.9809422299954847,2929190108486.7603,320,S1_depeg_stablecoin,indonesia,USDC
814,0.9792474046967112,2929190108486.7603,320,S1_depeg_stablecoin,indonesia,USDC
815,0.9736943206940556,2929190108486.7603,320,S1_depeg_stablecoin,indonesia,USDC
816,0.9806172193613008,2929190108486.7603,320,S1_depeg_stablecoin,indonesia,USDC
817,0.9632449553170059,2929190108486.7603,320,S1_depeg_stablecoin,indonesia,USDC
818,0.9972466564728001,2929190096217.8926,320,S1_depeg_stablecoin,indonesia,USDC
819,1.0089431532336468,2929190096217.8926,320,S1_depeg_stablecoin,indonesia,USDC
820,0.9906094784915928,2929190096217.8926,320,S1_depeg_stablecoin,indonesia,USDC
821,0.9956010215819694,2929190096217.8926,320,S1_depeg_stablecoin,indonesia,USDC
822,0.9839486652630992,2929190096217.8926,320,S1_depeg_stablecoin,indonesia,USDC
823,1.0016057509401546,2929190096217.8926,320,S1_depeg_stablecoin,indonesia,USDC
824,0.9884223193235385,2929190096217.8926,320,S1_depeg_stablecoin,indonesia,USDC
825,1.0279289906630882,2929190096217.8926,320,S1_depeg_stablecoin,indonesia,USDC
826,1.0229926028373462,2929190096217.8926,320,S1_depeg_stablecoin,indonesia,USDC
827,1.0220465592734698,2929190096217.8926,320,S1_depeg_stablecoin,indonesia,USDC
828,0.9991305370949882,2929190096217.8926,320,S1_depeg_stablecoin,indonesia,USDC
829,0.9755686590925196,2929190096217.8926,320,S1_depeg_stablecoin,indonesia,USDC
830,0.9642097180280371,2929190096217.8926,320,S1_depeg_stablecoin,indonesia,USDC
831,0.9445024097768822,2929190084749.59,320,S1_depeg_stablecoin,indonesia,USDC
832,0.945661237775108,2929190023978.0093,320,S1_depeg_stablecoin,indonesia,USDC
833,0.9666907133133862,2929189965372.147,320,S1_depeg_stablecoin,indonesia,USDC
834,0.9924783594880279,2929189961513.2666,320,S1_depeg_stablecoin,indonesia,USDC
835,1.031098754372609,2929189961513.2666,320,S1_depeg_stablecoin,indonesia,USDC
836,1.0365766470269249,2929189961513.2666,320,S1_depeg_stablecoin,indonesia,USDC
837,1.0226569495680495,2929189961513.2666,320,S1_depeg_stablecoin,indonesia,USDC
838,1.0567192258742264,2929189961513.2666,320,S1_depeg_stablecoin,indonesia,USDC
839,1.0346557205555116,2929189961513.2666,320,S1_depeg_stablecoin,indonesia,USDC
840,1.024772726126184,2929189961513.2666,320,S1_depeg_stablecoin,indonesia,USDC
841,1.002976563280707,2929189961513.2666,320,S1_depeg_stablecoin,indonesia,USDC
842,0.9954539959589601,2929189961513.2666,320,S1_depeg_stablecoin,indonesia,USDC
843,1.0063824012177998,2929189961513.2666,320,S1_depeg_stablecoin,indonesia,USDC
844,1.0045882585759922,2929189961513.2666,320,S1_depeg_stablecoin,indonesia,USDC
845,1.0021032850213636,2929189961513.2666,320,S1_depeg_stablecoin,indonesia,USDC
846,1.0039073343491343,2929189961513.2666,320,S1_depeg_stablecoin,indonesia,USDC
847,0.9899870625782785,2929189961513.2666,320,S1_depeg_stablecoin,indonesia,USDC
848,0.9887196011836766,2929189961513.2666,320,S1_depeg_stablecoin,indonesia,USDC
849,0.9881117526769532,2929189961513.2666,320,S1_depeg_stablecoin,indonesia,USDC
850,0.9785040086510762,2929189961513.2666,320,S1_depeg_stablecoin,indonesia,USDC
851,0.9966355251848512,2929189961513.2666,320,S1_depeg_stablecoin,indonesia,USDC
852,1.018464966953292,2929189961513.2666,320,S1_depeg_stablecoin,indonesia,USDC
853,1.010856116426993,2929189961513.2666,320,S1_depeg_stablecoin,indonesia,USDC
854,0.9951287944737088,2929189961513.2666,320,S1_depeg_stablecoin,indonesia,USDC
855,0.9705471020852303,2929189961513.2666,320,S1_depeg_stablecoin,indonesia,USDC
856,0.8971778702208085,2929189961513.2666,320,S1_depeg_stablecoin,indonesia,USDC
857,0.9175168200075553,2929189794765.6895,320,S1_depeg_stablecoin,indonesia,USDC
858,0.9225121534065196,2929189680792.0864,320,S1_depeg_stablecoin,indonesia,USDC
859,0.9663070480271745,2929189585840.909,320,S1_depeg_stablecoin,indonesia,USDC
860,0.9626277887396211,2929189581912.1934,320,S1_depeg_stablecoin,indonesia,USDC
861,0.9733759314194101,2929189569968.1445,320,S1_depeg_stablecoin,indonesia,USDC
862,0.9741612383747376,2929189569968.1445,320,S1_depeg_stablecoin,indonesia,USDC
863,0.9884091647958276,2929189569968.1445,320,S1_depeg_stablecoin,indonesia,USDC
864,0.9915190072872591,2929189569968.1445,320,S1_depeg_stablecoin,indonesia,USDC
865,1.0340034814581127,2929189569968.1445,320,S1_depeg_stablecoin,indonesia,USDC
866,1.023862270013444,2929189569968.1445,320,S1_depeg_stablecoin,indonesia,USDC
867,1.023700339886615,2929189569968.1445,320,S1_depeg_stablecoin,indonesia,USDC
868,1.0295349150135211,2929189569968.1445,320,S1_depeg_stablecoin,indonesia,USDC
869,0.9920372346316978,2929189569968.1445,320,S1_depeg_stablecoin,indonesia,USDC
870,1.0126566634452716,2929189569968.1445,320,S1_depeg_stablecoin,indonesia,USDC
871,1.039673116706973,2929189569968.1445,320,S1_depeg_stablecoin,indonesia,USDC
872,1.0320308382025418,2929189569968.1445,320,S1_depeg_stablecoin,indonesia,USDC
873,1.0389564235861108,2929189569968.1445,320,S1_depeg_stablecoin,indonesia,USDC
874,1.0061003219854685,2929189569968.1445,320,S1_depeg_stablecoin,indonesia,USDC
875,0.9881333637622077,2929189569968.1445,320,S1_depeg_stablecoin,indonesia,USDC
876,0.9883854632082429,2929189569968.1445,320,S1_depeg_stablecoin,indonesia,USDC
877,0.9569654053748582,2929189569968.1445,320,S1_depeg_stablecoin,indonesia,USDC
878,0.9514004274500039,2929189546054.023,320,S1_depeg_stablecoin,indonesia,USDC
879,0.9490325180393716,2929189510431.792,320,S1_depeg_stablecoin,indonesia,USDC
880,0.9648623372229016,2929189471044.5073,320,S1_depeg_stablecoin,indonesia,USDC
881,0.9647713413268407,2929189461602.0566,320,S1_depeg_stablecoin,indonesia,USDC
882,0.9828836532001503,2929189453102.788,320,S1_depeg_stablecoin,indonesia,USDC
883,0.9889741076693231,2929189453102.788,320,S1_depeg_stablecoin,indonesia,USDC
884,0.9952238920448145,2929189453102.788,320,S1_depeg_stablecoin,indonesia,USDC
885,0.9735107600731595,2929189453102.788,320,S1_depeg_stablecoin,indonesia,USDC
886,0.9825862316642132,2929189453102.788,320,S1_depeg_stablecoin,indonesia,USDC
887,0.9821258098535227,2929189453102.788,320,S1_depeg_stablecoin,indonesia,USDC
888,1.0049223023482405,2929189453102.788,320,S1_depeg_stablecoin,indonesia,USDC
889,1.0479820121671646,2929189453102.788,320,S1_depeg_stablecoin,indonesia,USDC
890,1.0338780339758558,2929189453102.788,320,S1_depeg_stablecoin,indonesia,USDC
891,0.9907746861835668,2929189453102.788,320,S1_depeg_stablecoin,indonesia,USDC
892,1.0012887015906669,2929189453102.788,320,S1_depeg_stablecoin,indonesia,USDC
893,0.979372196421551,2929189453102.788,320,S1_depeg_stablecoin,indonesia,USDC
894,0.9737204159463275,2929189453102.788,320,S1_depeg_stablecoin,indonesia,USDC
895,0.9708201600273156,2929189453102.788,320,S1_depeg_stablecoin,indonesia,USDC
896,0.9564961144684473,2929189453102.788,320,S1_depeg_stablecoin,indonesia,USDC
897,0.9542862413988978,2929189432491.461,320,S1_depeg_stablecoin,indonesia,USDC
898,0.943417038144568,2929189408345.8706,320,S1_depeg_stablecoin,indonesia,USDC
899,0.9483908339779756,2929189366224.4067,320,S1_depeg_stablecoin,indonesia,USDC
900,0.9457746834389276,2929189330379.1523,320,S1_depeg_stablecoin,indonesia,USDC
901,0.967095880575997,2929189292460.412,320,S1_depeg_stablecoin,indonesia,USDC
902,0.9830519978806826,2929189290378.4453,320,S1_depeg_stablecoin,indonesia,USDC
903,0.98741037861414,2929189290378.4453,320,S1_depeg_stablecoin,indonesia,USDC
904,0.9655197223252736,2929189290378.4453,320,S1_depeg_stablecoin,indonesia,USDC
905,0.9657151805478357,2929189285826.1045,320,S1_depeg_stablecoin,indonesia,USDC
906,0.970335600620269,2929189278769.257,320,S1_depeg_stablecoin,indonesia,USDC
907,1.0016782926780126,2929189278769.257,320,S1_depeg_stablecoin,indonesia,USDC
908,1.0655176763839627,2929189278769.257,320,S1_depeg_stablecoin,indonesia,USDC
909,1.0704303820231407,2929189278769.257,320,S1_depeg_stablecoin,indonesia,USDC
910,1.0353032018695008,2929189278769.257,320,S1_depeg_stablecoin,indonesia,USDC
911,1.0413338858849648,2929189278769.257,320,S1_depeg_stablecoin,indonesia,USDC
912,1.0350491844006275,2929189278769.257,320,S1_depeg_stablecoin,indonesia,USDC
913,1.0423100097243019,2929189278769.257,320,S1_depeg_stablecoin,indonesia,USDC
914,1.0081024171981852,2929189278769.257,320,S1_depeg_stablecoin,indonesia,USDC
915,1.0167564029565568,2929189278769.257,320,S1_depeg_stablecoin,indonesia,USDC
916,1.0020828241420756,2929189278769.257,320,S1_depeg_stablecoin,indonesia,USDC
917,1.0089297433988962,2929189278769.257,320,S1_depeg_stablecoin,indonesia,USDC
918,1.0395974490349396,2929189278769.257,320,S1_depeg_stablecoin,indonesia,USDC
919,1.0164655893970107,2929189278769.257,320,S1_depeg_stablecoin,indonesia,USDC
920,0.9891416116257132,2929189278769.257,320,S1_depeg_stablecoin,indonesia,USDC
921,1.0054147605964052,2929189278769.257,320,S1_depeg_stablecoin,indonesia,USDC
922,1.0087545765445187,2929189278769.257,320,S1_depeg_stablecoin,indonesia,USDC
923,1.0149791179691396,2929189278769.257,320,S1_depeg_stablecoin,indonesia,USDC
924,1.0629665852940666,2929189278769.257,320,S1_depeg_stablecoin,indonesia,USDC
925,1.063204627059741,2929189278769.257,320,S1_depeg_stablecoin,indonesia,USDC
926,1.0606662049727986,2929189278769.257,320,S1_depeg_stablecoin,indonesia,USDC
927,1.102109306050837,2929189278769.257,320,S1_depeg_stablecoin,indonesia,USDC
928,1.1032775683857308,2929189278769.257,320,S1_depeg_stablecoin,indonesia,USDC
929,1.0364504669455694,2929189278769.257,320,S1_depeg_stablecoin,indonesia,USDC
930,1.044349092283632,2929189278769.257,320,S1_depeg_stablecoin,indonesia,USDC
931,1.0487618792191695,2929189278769.257,320,S1_depeg_stablecoin,indonesia,USDC
932,1.0599424764324683,2929189278769.257,320,S1_depeg_stablecoin,indonesia,USDC
933,1.065536812420119,2929189278769.257,320,S1_depeg_stablecoin,indonesia,USDC
934,1.0397229199677869,2929189278769.257,320,S1_depeg_stablecoin,indonesia,USDC
935,1.0140294128200202,2929189278769.257,320,S1_depeg_stablecoin,indonesia,USDC
936,0.9976764276312872,2929189278769.257,320,S1_depeg_stablecoin,indonesia,USDC
937,1.0100742059148062,2929189278769.257,320,S1_depeg_stablecoin,indonesia,USDC
938,1.0629301912408142,2929189278769.257,320,S1_depeg_stablecoin,indonesia,USDC
939,1.0896072338368121,2929189278769.257,320,S1_depeg_stablecoin,indonesia,USDC
940,1.0692874197596485,2929189278769.257,320,S1_depeg_stablecoin,indonesia,USDC
941,1.0826173845761755,2929189278769.257,320,S1_depeg_stablecoin,indonesia,USDC
942,1.074769346806272,2929189278769.257,320,S1_depeg_stablecoin,indonesia,USDC
943,1.031252463122369,2929189278769.257,320,S1_depeg_stablecoin,indonesia,USDC
944,0.9974106584013636,2929189278769.257,320,S1_depeg_stablecoin,indonesia,USDC
945,1.005810059872634,2929189278769.257,320,S1_depeg_stablecoin,indonesia,USDC
946,1.014893866120366,2929189278769.257,320,S1_depeg_stablecoin,indonesia,USDC
947,1.010396879541073,2929189278769.257,320,S1_depeg_stablecoin,indonesia,USDC
948,0.9917216934484134,2929189278769.257,320,S1_depeg_stablecoin,indonesia,USDC
949,0.9628089426010331,2929189278769.257,320,S1_depeg_stablecoin,indonesia,USDC
950,0.9891101632798249,2929189270027.368,320,S1_depeg_stablecoin,indonesia,USDC
951,1.0009683955102315,2929189270027.368,320,S1_depeg_stablecoin,indonesia,USDC
952,1.0520692270851586,2929189270027.368,320,S1_depeg_stablecoin,indonesia,USDC
953,1.0699866550320973,2929189270027.368,320,S1_depeg_stablecoin,indonesia,USDC
954,1.0421433391913453,2929189270027.368,320,S1_depeg_stablecoin,indonesia,USDC
955,0.999733457601358,2929189270027.368,320,S1_depeg_stablecoin,indonesia,USDC
956,1.0283108243301995,2929189270027.368,320,S1_depeg_stablecoin,indonesia,USDC
957,1.053155226689992,2929189270027.368,320,S1_depeg_stablecoin,indonesia,USDC
958,1.0300810540374035,2929189270027.368,320,S1_depeg_stablecoin,indonesia,USDC
959,1.0472424208985271,2929189270027.368,320,S1_depeg_stablecoin,indonesia,USDC
960,1.0382054964576615,2929189270027.368,320,S1_depeg_stablecoin,indonesia,USDC
961,1.0711747720331253,2929189270027.368,320,S1_depeg_stablecoin,indonesia,USDC
962,1.0370524114071142,2929189270027.368,320,S1_depeg_stablecoin,indonesia,USDC
963,1.0456413317855486,2929189270027.368,320,S1_depeg_stablecoin,indonesia,USDC
964,1.0317079538480218,2929189270027.368,320,S1_depeg_stablecoin,indonesia,USDC
965,1.0292834162139761,2929189270027.368,320,S1_depeg_stablecoin,indonesia,USDC
966,0.8923729046409832,2929189270027.368,320,S1_depeg_stablecoin,indonesia,USDC
967,0.8996544493230748,2929189152219.5493,320,S1_depeg_stablecoin,indonesia,USDC
968,0.9279521546396754,2929189053625.936,320,S1_depeg_stablecoin,indonesia,USDC
969,0.9288787769745427,2929188996189.326,320,S1_depeg_stablecoin,indonesia,USDC
970,0.9763520008468665,2929188942321.091,320,S1_depeg_stablecoin,indonesia,USDC
971,1.0058023475011124,2929188942321.091,320,S1_depeg_stablecoin,indonesia,USDC
972,1.0283560859523018,2929188942321.091,320,S1_depeg_stablecoin,indonesia,USDC
973,1.0322127970082358,2929188942321.091,320,S1_depeg_stablecoin,indonesia,USDC
974,1.0440290918458965,2929188942321.091,320,S1_depeg_stablecoin,indonesia,USDC
975,1.0326346811803622,2929188942321.091,320,S1_depeg_stablecoin,indonesia,USDC
976,1.0117600116446632,2929188942321.091,320,S1_depeg_stablecoin,indonesia,USDC
977,0.9789419115625915,2929188942321.091,320,S1_depeg_stablecoin,indonesia,USDC
978,0.974241381378432,2929188942321.091,320,S1_depeg_stablecoin,indonesia,USDC
979,0.9646446411471595,2929188942321.091,320,S1_depeg_stablecoin,indonesia,USDC
980,0.9858688912511613,2929188937683.008,320,S1_depeg_stablecoin,indonesia,USDC
981,1.0010707594671318,2929188937683.008,320,S1_depeg_stablecoin,indonesia,USDC
982,1.0392507594489904,2929188937683.008,320,S1_depeg_stablecoin,indonesia,USDC
983,1.0383010667220032,2929188937683.008,320,S1_depeg_stablecoin,indonesia,USDC
984,1.0218871401608127,2929188937683.008,320,S1_depeg_stablecoin,indonesia,USDC
985,1.036192908026981,2929188937683.008,320,S1_depeg_stablecoin,indonesia,USDC
986,1.0429245233415099,2929188937683.008,320,S1_depeg_stablecoin,indonesia,USDC
987,1.0273131666379558,2929188937683.008,320,S1_depeg_stablecoin,indonesia,USDC
988,1.038744683408815,2929188937683.008,320,S1_depeg_stablecoin,indonesia,USDC
989,1.0284516072855587,2929188937683.008,320,S1_depeg_stablecoin,indonesia,USDC
990,1.042417191517416,2929188937683.008,320,S1_depeg_stablecoin,indonesia,USDC
991,1.0521488415992097,2929188937683.008,320,S1_depeg_stablecoin,indonesia,USDC
992,1.043262555568493,2929188937683.008,320,S1_depeg_stablecoin,indonesia,USDC
993,1.0336070286618138,2929188937683.008,320,S1_depeg_stablecoin,indonesia,USDC
994,1.0370332267022115,2929188937683.008,320,S1_depeg_stablecoin,indonesia,USDC
995,1.0343186876590247,2929188937683.008,320,S1_depeg_stablecoin,indonesia,USDC
996,1.023526227642683,2929188937683.008,320,S1_depeg_stablecoin,indonesia,USDC
997,1.0314016543516829,2929188937683.008,320,S1_depeg_stablecoin,indonesia,USDC
998,1.0654232071481688,2929188937683.008,320,S1_depeg_stablecoin,indonesia,USDC
999,1.0576870948293526,2929188937683.008,320,S1_depeg_stablecoin,indonesia,USDC
1000,1.0698204844365449,2929188937683.008,320,S1_depeg_stablecoin,indonesia,USDC
