Step,price,liquidity,iteration,scenario,region,coin
1,1.0045778756700912,2988911618769.9194,314,S1_depeg_stablecoin,indonesia,USDC
2,1.0092469302982994,2988911618769.9194,314,S1_depeg_stablecoin,indonesia,USDC
3,1.0114924942080077,2988911618769.9194,314,S1_depeg_stablecoin,indonesia,USDC
4,0.9858878334478958,2988911618769.9194,314,S1_depeg_stablecoin,indonesia,USDC
5,0.996741236813518,2988911618769.9194,314,S1_depeg_stablecoin,indonesia,USDC
6,0.9836807777853585,2988911618769.9194,314,S1_depeg_stablecoin,indonesia,USDC
7,0.9775915267173707,2988911618769.9194,314,S1_depeg_stablecoin,indonesia,USDC
8,0.9947416614308505,2988911618769.9194,314,S1_depeg_stablecoin,indonesia,USDC
9,1.004044896985619,2988911618769.9194,314,S1_depeg_stablecoin,indonesia,USDC
10,0.990799987083591,2988911618769.9194,314,S1_depeg_stablecoin,indonesia,USDC
11,0.958530066704644,2988911618769.9194,314,S1_depeg_stablecoin,indonesia,USDC
12,0.9558367407124255,2988234202741.3115,314,S1_depeg_stablecoin,indonesia,USDC
13,0.9248922789082717,2987368016000.6973,314,S1_depeg_stablecoin,indonesia,USDC
14,0.9040377705247371,2984688981129.2964,314,S1_depeg_stablecoin,indonesia,USDC
15,0.8968778671654282,2980945785222.9795,314,S1_depeg_stablecoin,indonesia,USDC
16,0.9046676174166259,2977049428866.5615,314,S1_depeg_stablecoin,indonesia,USDC
17,0.8987103984993821,2973830667249.1455,314,S1_depeg_stablecoin,indonesia,USDC
18,0.9121585046394106,2970529367181.2373,314,S1_depeg_stablecoin,indonesia,USDC
19,0.9361714926378013,2968109541414.881,314,S1_depeg_stablecoin,indonesia,USDC
20,0.9349289216879543,2966757251402.418,314,S1_depeg_stablecoin,indonesia,USDC
21,0.9306619764380252,2965388914138.682,314,S1_depeg_stablecoin,indonesia,USDC
22,0.9367117989005906,2963909589700.854,314,S1_depeg_stablecoin,indonesia,USDC
23,0.9398661219019019,2962751670468.745,314,S1_depeg_stablecoin,indonesia,USDC
24,0.9719011673274035,2961741280480.267,314,S1_depeg_stablecoin,indonesia,USDC
25,0.9591092432660515,2961741280480.267,314,S1_depeg_stablecoin,indonesia,USDC
26,0.9772898460336588,2961391192811.2495,314,S1_depeg_stablecoin,indonesia,USDC
27,0.9975052467157618,2961391192811.2495,314,S1_depeg_stablecoin,indonesia,USDC
28,1.0069078826186415,2961391192811.2495,314,S1_depeg_stablecoin,indonesia,USDC
29,1.0123720292729579,2961391192811.2495,314,S1_depeg_stablecoin,indonesia,USDC
30,1.0569343731386098,2961391192811.2495,314,S1_depeg_stablecoin,indonesia,USDC
31,1.0437100167778046,2961391192811.2495,314,S1_depeg_stablecoin,indonesia,USDC
32,1.0316616228775073,2961391192811.2495,314,S1_depeg_stablecoin,indonesia,USDC
33,1.0239020981024134,2961391192811.2495,314,S1_depeg_stablecoin,indonesia,USDC
34,1.0447594720055478,2961391192811.2495,314,S1_depeg_stablecoin,indonesia,USDC
35,1.0463721770446697,2961391192811.2495,314,S1_depeg_stablecoin,indonesia,USDC
36,1.0540103322067138,2961391192811.2495,314,S1_depeg_stablecoin,indonesia,USDC
37,1.0830333354474417,2961391192811.2495,314,S1_depeg_stablecoin,indonesia,USDC
38,1.1126899959248246,2961391192811.2495,314,S1_depeg_stablecoin,indonesia,USDC
39,1.1050019965160949,2961391192811.2495,314,S1_depeg_stablecoin,indonesia,USDC
40,1.124140307741285,2961391192811.2495,314,S1_depeg_stablecoin,indonesia,USDC
41,1.1359597452253154,2961391192811.2495,314,S1_depeg_stablecoin,indonesia,USDC
42,1.1160605109004844,2961391192811.2495,314,S1_depeg_stablecoin,indonesia,USDC
43,1.0903035458397918,2961391192811.2495,314,S1_depeg_stablecoin,indonesia,USDC
44,1.0622752154909563,2961391192811.2495,314,S1_depeg_stablecoin,indonesia,USDC
45,1.068153266565105,2961391192811.2495,314,S1_depeg_stablecoin,indonesia,USDC
46,1.0511980512375687,2961391192811.2495,314,S1_depeg_stablecoin,indonesia,USDC
47,1.0834793609767996,2961391192811.2495,314,S1_depeg_stablecoin,indonesia,USDC
48,1.107785368381399,2961391192811.2495,314,S1_depeg_stablecoin,indonesia,USDC
49,1.1106604321274187,2961391192811.2495,314,S1_depeg_stablecoin,indonesia,USDC
50,1.0929345917951347,2961391192811.2495,314,S1_depeg_stablecoin,indonesia,USDC
51,1.0956842796297188,2961391192811.2495,314,S1_depeg_stablecoin,indonesia,USDC
52,1.0888252196499015,2961391192811.2495,314,S1_depeg_stablecoin,indonesia,USDC
53,1.0784619717307165,2961391192811.2495,314,S1_depeg_stablecoin,indonesia,USDC
54,1.086096605839151,2961391192811.2495,314,S1_depeg_stablecoin,indonesia,USDC
55,1.0449132787646602,2961391192811.2495,314,S1_depeg_stablecoin,indonesia,USDC
56,1.004626716485241,2961391192811.2495,314,S1_depeg_stablecoin,indonesia,USDC
57,1.0021228675014886,2961391192811.2495,314,S1_depeg_stablecoin,indonesia,USDC
58,0.9737148739360113,2961391192811.2495,314,S1_depeg_stablecoin,indonesia,USDC
59,0.9663847134969324,2961391192811.2495,314,S1_depeg_stablecoin,indonesia,USDC
60,0.9613184354981633,2961307641920.127,314,S1_depeg_stablecoin,indonesia,USDC
61,0.9665813975256107,2961082289629.79,314,S1_depeg_stablecoin,indonesia,USDC
62,0.9727629408443635,2960968909490.6104,314,S1_depeg_stablecoin,indonesia,USDC
63,0.9593476234155079,2960968909490.6104,314,S1_depeg_stablecoin,indonesia,USDC
64,0.927881052537523,2960684037242.8755,314,S1_depeg_stablecoin,indonesia,USDC
65,0.9485346079002663,2959343772251.9424,314,S1_depeg_stablecoin,indonesia,USDC
66,0.9592111471612654,2958697197933.7656,314,S1_depeg_stablecoin,indonesia,USDC
67,0.9618876179496635,2958407681462.5234,314,S1_depeg_stablecoin,indonesia,USDC
68,0.976804669926669,2958160997617.634,314,S1_depeg_stablecoin,indonesia,USDC
69,0.9460751183596213,2958160997617.634,314,S1_depeg_stablecoin,indonesia,USDC
70,0.9650649076034787,2957466713868.796,314,S1_depeg_stablecoin,indonesia,USDC
71,0.985117876286237,2957372854808.5684,314,S1_depeg_stablecoin,indonesia,USDC
72,0.9976003001582612,2957372854808.5684,314,S1_depeg_stablecoin,indonesia,USDC
73,1.0315867249880122,2957372854808.5684,314,S1_depeg_stablecoin,indonesia,USDC
74,1.0570801284799125,2957372854808.5684,314,S1_depeg_stablecoin,indonesia,USDC
75,1.088531364068608,2957372854808.5684,314,S1_depeg_stablecoin,indonesia,USDC
76,1.0704783466883507,2957372854808.5684,314,S1_depeg_stablecoin,indonesia,USDC
77,1.0864705993175623,2957372854808.5684,314,S1_depeg_stablecoin,indonesia,USDC
78,1.0925261741402128,2957372854808.5684,314,S1_depeg_stablecoin,indonesia,USDC
79,1.0634477092639807,2957372854808.5684,314,S1_depeg_stablecoin,indonesia,USDC
80,1.0382915591696786,2957372854808.5684,314,S1_depeg_stablecoin,indonesia,USDC
81,1.0444444784594134,2957372854808.5684,314,S1_depeg_stablecoin,indonesia,USDC
82,1.0522614630802105,2957372854808.5684,314,S1_depeg_stablecoin,indonesia,USDC
83,1.0164738116148153,2957372854808.5684,314,S1_depeg_stablecoin,indonesia,USDC
84,1.0405821235171673,2957372854808.5684,314,S1_depeg_stablecoin,indonesia,USDC
85,1.0606575802946827,2957372854808.5684,314,S1_depeg_stablecoin,indonesia,USDC
86,1.0848219635019967,2957372854808.5684,314,S1_depeg_stablecoin,indonesia,USDC
87,1.0716968475806024,2957372854808.5684,314,S1_depeg_stablecoin,indonesia,USDC
88,1.05288259524107,2957372854808.5684,314,S1_depeg_stablecoin,indonesia,USDC
89,1.0502596145505267,2957372854808.5684,314,S1_depeg_stablecoin,indonesia,USDC
90,1.0498420331160503,2957372854808.5684,314,S1_depeg_stablecoin,indonesia,USDC
91,1.0588382630571684,2957372854808.5684,314,S1_depeg_stablecoin,indonesia,USDC
92,1.0690131720638156,2957372854808.5684,314,S1_depeg_stablecoin,indonesia,USDC
93,1.0477011621234484,2957372854808.5684,314,S1_depeg_stablecoin,indonesia,USDC
94,1.005567108017329,2957372854808.5684,314,S1_depeg_stablecoin,indonesia,USDC
95,0.966517165429072,2957372854808.5684,314,S1_depeg_stablecoin,indonesia,USDC
96,0.9604343079001242,2957287036206.1055,314,S1_depeg_stablecoin,indonesia,USDC
97,0.9776081249536454,2957007210941.7754,314,S1_depeg_stablecoin,indonesia,USDC
98,0.987057611021372,2957007210941.7754,314,S1_depeg_stablecoin,indonesia,USDC
99,0.9725199795077879,2957007210941.7754,314,S1_depeg_stablecoin,indonesia,USDC
100,1.0054119118869056,2957007210941.7754,314,S1_depeg_stablecoin,indonesia,USDC
101,0.8627912202550344,2957007210941.7754,314,S1_depeg_stablecoin,indonesia,USDC
102,0.9292560140677291,2953901959237.696,314,S1_depeg_stablecoin,indonesia,USDC
103,0.9381977216595065,2952912982206.4053,314,S1_depeg_stablecoin,indonesia,USDC
104,0.9334994475953691,2952202537780.2446,314,S1_depeg_stablecoin,indonesia,USDC
105,0.98593381101869,2951326113646.3394,314,S1_depeg_stablecoin,indonesia,USDC
106,1.0082896759176638,2951326113646.3394,314,S1_depeg_stablecoin,indonesia,USDC
107,0.9853981897692711,2951326113646.3394,314,S1_depeg_stablecoin,indonesia,USDC
108,0.941083387807766,2951326113646.3394,314,S1_depeg_stablecoin,indonesia,USDC
109,0.9592333285994636,2950703199909.564,314,S1_depeg_stablecoin,indonesia,USDC
110,0.9902774146267214,2950491854974.652,314,S1_depeg_stablecoin,indonesia,USDC
111,0.9481179307167766,2950491854974.652,314,S1_depeg_stablecoin,indonesia,USDC
112,0.958000914418125,2950005030001.6826,314,S1_depeg_stablecoin,indonesia,USDC
113,0.8419102506375442,2949774560793.0566,314,S1_depeg_stablecoin,indonesia,USDC
114,0.8789386030343583,2947132716328.4346,314,S1_depeg_stablecoin,indonesia,USDC
115,0.8971166975691696,2945535865790.608,314,S1_depeg_stablecoin,indonesia,USDC
116,0.8864044611755689,2944316074417.906,314,S1_depeg_stablecoin,indonesia,USDC
117,0.8625136055637515,2943078703388.824,314,S1_depeg_stablecoin,indonesia,USDC
118,0.8715124659078213,2941508838599.794,314,S1_depeg_stablecoin,indonesia,USDC
119,0.9006018203932015,2940257643225.9355,314,S1_depeg_stablecoin,indonesia,USDC
120,0.9239258545441194,2939504030097.908,314,S1_depeg_stablecoin,indonesia,USDC
121,0.9612159425041785,2939000899891.461,314,S1_depeg_stablecoin,indonesia,USDC
122,0.9808510115702312,2938929704363.102,314,S1_depeg_stablecoin,indonesia,USDC
123,0.9583725798705325,2938929704363.102,314,S1_depeg_stablecoin,indonesia,USDC
124,0.9514669780747902,2938809617259.922,314,S1_depeg_stablecoin,indonesia,USDC
125,0.9411314895808447,2938637031135.713,314,S1_depeg_stablecoin,indonesia,USDC
126,0.9259915036008243,2938357387287.958,314,S1_depeg_stablecoin,indonesia,USDC
127,0.9116837509325717,2937964871088.426,314,S1_depeg_stablecoin,indonesia,USDC
128,0.9436219244302005,2937420590967.7285,314,S1_depeg_stablecoin,indonesia,USDC
129,0.8544846134777045,2937213926701.9805,314,S1_depeg_stablecoin,indonesia,USDC
130,0.845725075340366,2936245938863.465,314,S1_depeg_stablecoin,indonesia,USDC
131,0.8634076574643231,2935306276928.3564,314,S1_depeg_stablecoin,indonesia,USDC
132,0.8778496449026,2934603574255.3438,314,S1_depeg_stablecoin,indonesia,USDC
133,0.8798114626954608,2934074827042.334,314,S1_depeg_stablecoin,indonesia,USDC
134,0.8887493395411561,2933616185188.038,314,S1_depeg_stablecoin,indonesia,USDC
135,0.8872344004556502,2933231202248.765,314,S1_depeg_stablecoin,indonesia,USDC
136,0.8815416900431734,2932871125508.2896,314,S1_depeg_stablecoin,indonesia,USDC
137,0.8776689709243249,2932534218858.2744,314,S1_depeg_stablecoin,indonesia,USDC
138,0.9203225695257735,2932189395771.5864,314,S1_depeg_stablecoin,indonesia,USDC
139,0.9356147319587662,2932021528205.493,314,S1_depeg_stablecoin,indonesia,USDC
140,0.948578167495538,2931921607121.064,314,S1_depeg_stablecoin,indonesia,USDC
141,0.9416639206895477,2931863111749.459,314,S1_depeg_stablecoin,indonesia,USDC
142,0.9366412330103213,2931779906170.843,314,S1_depeg_stablecoin,indonesia,USDC
143,0.9855814027123242,2931690631971.449,314,S1_depeg_stablecoin,indonesia,USDC
144,0.9971610724134119,2931690631971.449,314,S1_depeg_stablecoin,indonesia,USDC
145,0.9985470021004861,2931690631971.449,314,S1_depeg_stablecoin,indonesia,USDC
146,1.0148327371059687,2931690631971.449,314,S1_depeg_stablecoin,indonesia,USDC
147,1.0159598519198063,2931690631971.449,314,S1_depeg_stablecoin,indonesia,USDC
148,1.0125320459868445,2931690631971.449,314,S1_depeg_stablecoin,indonesia,USDC
149,1.0063158088042123,2931690631971.449,314,S1_depeg_stablecoin,indonesia,USDC
150,0.994494352248629,2931690631971.449,314,S1_depeg_stablecoin,indonesia,USDC
151,0.975636100173147,2931690631971.449,314,S1_depeg_stablecoin,indonesia,USDC
152,0.9663439325279096,2931690631971.449,314,S1_depeg_stablecoin,indonesia,USDC
153,0.9599885434207133,2931683337617.561,314,S1_depeg_stablecoin,indonesia,USDC
154,0.945149850394834,2931654730459.9395,314,S1_depeg_stablecoin,indonesia,USDC
155,0.9619262150054778,2931592211149.061,314,S1_depeg_stablecoin,indonesia,USDC
156,0.9590731193001649,2931569899266.0435,314,S1_depeg_stablecoin,indonesia,USDC
157,0.9333808397502028,2931545562196.5474,314,S1_depeg_stablecoin,indonesia,USDC
158,0.9477344112191377,2931449086208.605,314,S1_depeg_stablecoin,indonesia,USDC
159,0.9527363420597307,2931397676832.265,314,S1_depeg_stablecoin,indonesia,USDC
160,0.9713751454433959,2931355487814.8066,314,S1_depeg_stablecoin,indonesia,USDC
161,0.9668097552184473,2931355487814.8066,314,S1_depeg_stablecoin,indonesia,USDC
162,0.9912617901017177,2931348820496.205,314,S1_depeg_stablecoin,indonesia,USDC
163,0.9984435271696415,2931348820496.205,314,S1_depeg_stablecoin,indonesia,USDC
164,0.9824915050615963,2931348820496.205,314,S1_depeg_stablecoin,indonesia,USDC
165,1.0082958599847487,2931348820496.205,314,S1_depeg_stablecoin,indonesia,USDC
166,1.0425995484538875,2931348820496.205,314,S1_depeg_stablecoin,indonesia,USDC
167,1.0848872307473376,2931348820496.205,314,S1_depeg_stablecoin,indonesia,USDC
168,1.0984998320175956,2931348820496.205,314,S1_depeg_stablecoin,indonesia,USDC
169,1.0764271179264706,2931348820496.205,314,S1_depeg_stablecoin,indonesia,USDC
170,1.060256100952876,2931348820496.205,314,S1_depeg_stablecoin,indonesia,USDC
171,1.0424800588598806,2931348820496.205,314,S1_depeg_stablecoin,indonesia,USDC
172,0.9946600309490456,2931348820496.205,314,S1_depeg_stablecoin,indonesia,USDC
173,1.0031440566309702,2931348820496.205,314,S1_depeg_stablecoin,indonesia,USDC
174,1.0208714430136192,2931348820496.205,314,S1_depeg_stablecoin,indonesia,USDC
175,1.0252100785242408,2931348820496.205,314,S1_depeg_stablecoin,indonesia,USDC
176,1.0137318013432912,2931348820496.205,314,S1_depeg_stablecoin,indonesia,USDC
177,0.994156635705543,2931348820496.205,314,S1_depeg_stablecoin,indonesia,USDC
178,1.01230520011007,2931348820496.205,314,S1_depeg_stablecoin,indonesia,USDC
179,1.0176159010776877,2931348820496.205,314,S1_depeg_stablecoin,indonesia,USDC
180,1.0048791736568692,2931348820496.205,314,S1_depeg_stablecoin,indonesia,USDC
181,1.0438512918077194,2931348820496.205,314,S1_depeg_stablecoin,indonesia,USDC
182,1.01041343400192,2931348820496.205,314,S1_depeg_stablecoin,indonesia,USDC
183,1.0073899234680674,2931348820496.205,314,S1_depeg_stablecoin,indonesia,USDC
184,0.9971288348696469,2931348820496.205,314,S1_depeg_stablecoin,indonesia,USDC
185,0.9817528418527856,2931348820496.205,314,S1_depeg_stablecoin,indonesia,USDC
186,0.9456842364202038,2931348820496.205,314,S1_depeg_stablecoin,indonesia,USDC
187,0.9196878927063101,2931294548849.4688,314,S1_depeg_stablecoin,indonesia,USDC
188,0.9091980537517185,2931170950670.257,314,S1_depeg_stablecoin,indonesia,USDC
189,0.8988852483320684,2931029330281.843,314,S1_depeg_stablecoin,indonesia,USDC
190,0.9168359402144921,2930877824357.542,314,S1_depeg_stablecoin,indonesia,USDC
191,0.9307013624874305,2930775728251.974,314,S1_depeg_stablecoin,indonesia,USDC
192,0.9473265769094131,2930700205609.8926,314,S1_depeg_stablecoin,indonesia,USDC
193,0.9455212021917178,2930660057477.963,314,S1_depeg_stablecoin,indonesia,USDC
194,0.9546065919917941,2930620844039.126,314,S1_depeg_stablecoin,indonesia,USDC
195,0.9334348098286488,2930597718859.8003,314,S1_depeg_stablecoin,indonesia,USDC
196,0.9269200337345792,2930534159508.837,314,S1_depeg_stablecoin,indonesia,USDC
197,0.9487265715724212,2930464124579.0693,314,S1_depeg_stablecoin,indonesia,USDC
198,0.9583514341600844,2930432842498.477,314,S1_depeg_stablecoin,indonesia,USDC
199,0.9463599444559154,2930414574380.1685,314,S1_depeg_stablecoin,indonesia,USDC
200,0.9563702024369464,2930379367609.309,314,S1_depeg_stablecoin,indonesia,USDC
201,0.9572489779867615,2930359816123.498,314,S1_depeg_stablecoin,indonesia,USDC
202,0.8335204396226165,2930341838700.956,314,S1_depeg_stablecoin,indonesia,USDC
203,0.857593777697733,2930152879249.241,314,S1_depeg_stablecoin,indonesia,USDC
204,0.8705589871157257,2930015120139.0044,314,S1_depeg_stablecoin,indonesia,USDC
205,0.8871646478177138,2929909355832.701,314,S1_depeg_stablecoin,indonesia,USDC
206,0.9009489661309975,2929824151811.071,314,S1_depeg_stablecoin,indonesia,USDC
207,0.8743281094189126,2929763850797.8,314,S1_depeg_stablecoin,indonesia,USDC
208,0.8803090259390977,2929679794458.2935,314,S1_depeg_stablecoin,indonesia,USDC
209,0.9122451028194178,2929608765153.4062,314,S1_depeg_stablecoin,indonesia,USDC
210,0.9330088192190326,2929569327270.839,314,S1_depeg_stablecoin,indonesia,USDC
211,0.9584179582676795,2929545764226.978,314,S1_depeg_stablecoin,indonesia,USDC
212,0.9400967661340315,2929539551602.2305,314,S1_depeg_stablecoin,indonesia,USDC
213,0.9305882283104049,2929521468301.955,314,S1_depeg_stablecoin,indonesia,USDC
214,0.9255209802630724,2929497403853.3447,314,S1_depeg_stablecoin,indonesia,USDC
215,0.9511787652986592,2929470542877.791,314,S1_depeg_stablecoin,indonesia,USDC
216,0.9628966814828882,2929460162644.921,314,S1_depeg_stablecoin,indonesia,USDC
217,0.9583315003489382,2929456836837.5522,314,S1_depeg_stablecoin,indonesia,USDC
218,0.9578081984499962,2929451061395.0063,314,S1_depeg_stablecoin,indonesia,USDC
219,0.9654723975541124,2929444669217.945,314,S1_depeg_stablecoin,indonesia,USDC
220,0.9784634351466562,2929442504395.387,314,S1_depeg_stablecoin,indonesia,USDC
221,1.0322164821974285,2929442504395.387,314,S1_depeg_stablecoin,indonesia,USDC
222,1.0521037149529993,2929442504395.387,314,S1_depeg_stablecoin,indonesia,USDC
223,1.0320016794775784,2929442504395.387,314,S1_depeg_stablecoin,indonesia,USDC
224,1.01334032194503,2929442504395.387,314,S1_depeg_stablecoin,indonesia,USDC
225,1.013064568084762,2929442504395.387,314,S1_depeg_stablecoin,indonesia,USDC
226,1.0036073861471808,2929442504395.387,314,S1_depeg_stablecoin,indonesia,USDC
227,1.0091011218089532,2929442504395.387,314,S1_depeg_stablecoin,indonesia,USDC
228,0.9772766316894511,2929442504395.387,314,S1_depeg_stablecoin,indonesia,USDC
229,0.9560150698900864,2929442504395.387,314,S1_depeg_stablecoin,indonesia,USDC
230,0.9616739291957741,2929435260990.7363,314,S1_depeg_stablecoin,indonesia,USDC
231,0.9646677368048938,2929431119706.5425,314,S1_depeg_stablecoin,indonesia,USDC
232,0.9697942256502172,2929428263917.1357,314,S1_depeg_stablecoin,indonesia,USDC
233,0.9992560896014999,2929428154316.8066,314,S1_depeg_stablecoin,indonesia,USDC
234,1.0282967778837273,2929428154316.8066,314,S1_depeg_stablecoin,indonesia,USDC
235,1.0297180405118302,2929428154316.8066,314,S1_depeg_stablecoin,indonesia,USDC
236,1.0472363324288287,2929428154316.8066,314,S1_depeg_stablecoin,indonesia,USDC
237,1.005694664657466,2929428154316.8066,314,S1_depeg_stablecoin,indonesia,USDC
238,1.0243678370375766,2929428154316.8066,314,S1_depeg_stablecoin,indonesia,USDC
239,1.0011913513858222,2929428154316.8066,314,S1_depeg_stablecoin,indonesia,USDC
240,0.9864367006674514,2929428154316.8066,314,S1_depeg_stablecoin,indonesia,USDC
241,1.0029775301787818,2929428154316.8066,314,S1_depeg_stablecoin,indonesia,USDC
242,0.9767741296470006,2929428154316.8066,314,S1_depeg_stablecoin,indonesia,USDC
243,0.9749225765828742,2929428154316.8066,314,S1_depeg_stablecoin,indonesia,USDC
244,0.9938263988650833,2929428154316.8066,314,S1_depeg_stablecoin,indonesia,USDC
245,0.9797857154046037,2929428154316.8066,314,S1_depeg_stablecoin,indonesia,USDC
246,0.9994324564108403,2929428154316.8066,314,S1_depeg_stablecoin,indonesia,USDC
247,0.9829097893303009,2929428154316.8066,314,S1_depeg_stablecoin,indonesia,USDC
248,0.9778450248959737,2929428154316.8066,314,S1_depeg_stablecoin,indonesia,USDC
249,0.8209293394820946,2929428154316.8066,314,S1_depeg_stablecoin,indonesia,USDC
250,0.8455276543821727,2929348772569.2236,314,S1_depeg_stablecoin,indonesia,USDC
251,0.8634279049731685,2929295006445.739,314,S1_depeg_stablecoin,indonesia,USDC
252,0.8734794894154324,2929254696670.0903,314,S1_depeg_stablecoin,indonesia,USDC
253,0.8933428754346543,2929222064758.5205,314,S1_depeg_stablecoin,indonesia,USDC
254,0.8923923949597263,2929198094038.945,314,S1_depeg_stablecoin,indonesia,USDC
255,0.8995917060445893,2929175720629.623,314,S1_depeg_stablecoin,indonesia,USDC
256,0.9113311104180511,2929157445198.2344,314,S1_depeg_stablecoin,indonesia,USDC
257,0.9436557863729855,2929142576782.174,314,S1_depeg_stablecoin,indonesia,USDC
258,0.9763829693353135,2929136304197.417,314,S1_depeg_stablecoin,indonesia,USDC
259,0.9566317702886991,2929136304197.417,314,S1_depeg_stablecoin,indonesia,USDC
260,0.9791363389436594,2929133207654.7285,314,S1_depeg_stablecoin,indonesia,USDC
261,0.9620761919234069,2929133207654.7285,314,S1_depeg_stablecoin,indonesia,USDC
262,0.9809633352186666,2929131681574.2886,314,S1_depeg_stablecoin,indonesia,USDC
263,1.006840025234282,2929131681574.2886,314,S1_depeg_stablecoin,indonesia,USDC
264,1.0010614057037095,2929131681574.2886,314,S1_depeg_stablecoin,indonesia,USDC
265,0.9882067916242495,2929131681574.2886,314,S1_depeg_stablecoin,indonesia,USDC
266,1.0049423338860983,2929131681574.2886,314,S1_depeg_stablecoin,indonesia,USDC
267,1.0255060607580138,2929131681574.2886,314,S1_depeg_stablecoin,indonesia,USDC
268,1.0182770169563442,2929131681574.2886,314,S1_depeg_stablecoin,indonesia,USDC
269,1.0169838066611487,2929131681574.2886,314,S1_depeg_stablecoin,indonesia,USDC
270,0.9464793983391312,2929131681574.2886,314,S1_depeg_stablecoin,indonesia,USDC
271,0.9504550059343391,2929126755445.876,314,S1_depeg_stablecoin,indonesia,USDC
272,0.9561440190894803,2929122969984.2383,314,S1_depeg_stablecoin,indonesia,USDC
273,0.9563175868674938,2929119950934.3506,314,S1_depeg_stablecoin,indonesia,USDC
274,0.9751119880685087,2929117012288.2246,314,S1_depeg_stablecoin,indonesia,USDC
275,1.015521786412202,2929117012288.2246,314,S1_depeg_stablecoin,indonesia,USDC
276,1.0044225188551288,2929117012288.2246,314,S1_depeg_stablecoin,indonesia,USDC
277,0.9836374488042608,2929117012288.2246,314,S1_depeg_stablecoin,indonesia,USDC
278,0.9940315214454937,2929117012288.2246,314,S1_depeg_stablecoin,indonesia,USDC
279,0.9702261515304007,2929117012288.2246,314,S1_depeg_stablecoin,indonesia,USDC
280,0.9942430458711238,2929117012288.2246,314,S1_depeg_stablecoin,indonesia,USDC
281,1.0305606630657198,2929117012288.2246,314,S1_depeg_stablecoin,indonesia,USDC
282,1.035807789868471,2929117012288.2246,314,S1_depeg_stablecoin,indonesia,USDC
283,1.0400888294099753,2929117012288.2246,314,S1_depeg_stablecoin,indonesia,USDC
284,1.0302691804683466,2929117012288.2246,314,S1_depeg_stablecoin,indonesia,USDC
285,1.0229206068478571,2929117012288.2246,314,S1_depeg_stablecoin,indonesia,USDC
286,1.0412349931104115,2929117012288.2246,314,S1_depeg_stablecoin,indonesia,USDC
287,1.0619698810853992,2929117012288.2246,314,S1_depeg_stablecoin,indonesia,USDC
288,1.0495127626787064,2929117012288.2246,314,S1_depeg_stablecoin,indonesia,USDC
289,1.0622942345998125,2929117012288.2246,314,S1_depeg_stablecoin,indonesia,USDC
290,1.0653754981604022,2929117012288.2246,314,S1_depeg_stablecoin,indonesia,USDC
291,1.0860953284012074,2929117012288.2246,314,S1_depeg_stablecoin,indonesia,USDC
292,1.0423450886207293,2929117012288.2246,314,S1_depeg_stablecoin,indonesia,USDC
293,1.0097478685093177,2929117012288.2246,314,S1_depeg_stablecoin,indonesia,USDC
294,1.0099522623147956,2929117012288.2246,314,S1_depeg_stablecoin,indonesia,USDC
295,1.0156497198499885,2929117012288.2246,314,S1_depeg_stablecoin,indonesia,USDC
296,1.0079102627157681,2929117012288.2246,314,S1_depeg_stablecoin,indonesia,USDC
297,1.0331269929440094,2929117012288.2246,314,S1_depeg_stablecoin,indonesia,USDC
298,1.0465885107396502,2929117012288.2246,314,S1_depeg_stablecoin,indonesia,USDC
299,1.0249819427305313,2929117012288.2246,314,S1_depeg_stablecoin,indonesia,USDC
300,1.044409228628708,2929117012288.2246,314,S1_depeg_stablecoin,indonesia,USDC
301,1.0479305228493807,2929117012288.2246,314,S1_depeg_stablecoin,indonesia,USDC
302,1.0276963358996598,2929117012288.2246,314,S1_depeg_stablecoin,indonesia,USDC
303,1.0221333999254858,2929117012288.2246,314,S1_depeg_stablecoin,indonesia,USDC
304,1.0067190374527766,2929117012288.2246,314,S1_depeg_stablecoin,indonesia,USDC
305,1.0031369321464054,2929117012288.2246,314,S1_depeg_stablecoin,indonesia,USDC
306,1.0150823383706298,2929117012288.2246,314,S1_depeg_stablecoin,indonesia,USDC
307,1.0147179573818421,2929117012288.2246,314,S1_depeg_stablecoin,indonesia,USDC
308,1.0344994361268065,2929117012288.2246,314,S1_depeg_stablecoin,indonesia,USDC
309,1.0477137222448052,2929117012288.2246,314,S1_depeg_stablecoin,indonesia,USDC
310,1.0374729630652395,2929117012288.2246,314,S1_depeg_stablecoin,indonesia,USDC
311,1.047725623576755,2929117012288.2246,314,S1_depeg_stablecoin,indonesia,USDC
312,1.016628140292853,2929117012288.2246,314,S1_depeg_stablecoin,indonesia,USDC
313,1.0168357895063938,2929117012288.2246,314,S1_depeg_stablecoin,indonesia,USDC
314,1.009469684578215,2929117012288.2246,314,S1_depeg_stablecoin,indonesia,USDC
315,1.0185405340506977,2929117012288.2246,314,S1_depeg_stablecoin,indonesia,USDC
316,1.0246561870707027,2929117012288.2246,314,S1_depeg_stablecoin,indonesia,USDC
317,1.0378106336471977,2929117012288.2246,314,S1_depeg_stablecoin,indonesia,USDC
318,1.0573764831696237,2929117012288.2246,314,S1_depeg_stablecoin,indonesia,USDC
319,1.0500905525430653,2929117012288.2246,314,S1_depeg_stablecoin,indonesia,USDC
320,1.0496418467036723,2929117012288.2246,314,S1_depeg_stablecoin,indonesia,USDC
321,1.0178646465714918,2929117012288.2246,314,S1_depeg_stablecoin,indonesia,USDC
322,1.020448393922339,2929117012288.2246,314,S1_depeg_stablecoin,indonesia,USDC
323,1.0083476861662735,2929117012288.2246,314,S1_depeg_stablecoin,indonesia,USDC
324,0.9723725026648224,2929117012288.2246,314,S1_depeg_stablecoin,indonesia,USDC
325,0.9598773871080148,2929117012288.2246,314,S1_depeg_stablecoin,indonesia,USDC
326,0.9670743970147824,2929115152722.9746,314,S1_depeg_stablecoin,indonesia,USDC
327,0.9718750886157235,2929114884284.177,314,S1_depeg_stablecoin,indonesia,USDC
328,0.9924753484112859,2929114884284.177,314,S1_depeg_stablecoin,indonesia,USDC
329,0.9989060179492152,2929114884284.177,314,S1_depeg_stablecoin,indonesia,USDC
330,0.9847825345650725,2929114884284.177,314,S1_depeg_stablecoin,indonesia,USDC
331,0.9832649639695278,2929114884284.177,314,S1_depeg_stablecoin,indonesia,USDC
332,0.9783966947398625,2929114884284.177,314,S1_depeg_stablecoin,indonesia,USDC
333,0.9652766445264879,2929114884284.177,314,S1_depeg_stablecoin,indonesia,USDC
334,1.0099037815005665,2929114137776.61,314,S1_depeg_stablecoin,indonesia,USDC
335,0.9542200661385485,2929114137776.61,314,S1_depeg_stablecoin,indonesia,USDC
336,0.9900405859195386,2929110843202.866,314,S1_depeg_stablecoin,indonesia,USDC
337,1.0027315301682278,2929110843202.866,314,S1_depeg_stablecoin,indonesia,USDC
338,0.9882719206080512,2929110843202.866,314,S1_depeg_stablecoin,indonesia,USDC
339,0.9693854567522193,2929110843202.866,314,S1_depeg_stablecoin,indonesia,USDC
340,0.9877647432342198,2929110843202.866,314,S1_depeg_stablecoin,indonesia,USDC
341,0.9666487874788556,2929110843202.866,314,S1_depeg_stablecoin,indonesia,USDC
342,0.9236831643065813,2929110384069.265,314,S1_depeg_stablecoin,indonesia,USDC
343,0.9115423618486721,2929100893162.346,314,S1_depeg_stablecoin,indonesia,USDC
344,0.9419561103525828,2929089486426.3213,314,S1_depeg_stablecoin,indonesia,USDC
345,0.9694260682558486,2929084344054.231,314,S1_depeg_stablecoin,indonesia,USDC
346,0.9790557973653827,2929084277089.694,314,S1_depeg_stablecoin,indonesia,USDC
347,0.9613397005006648,2929084277089.694,314,S1_depeg_stablecoin,indonesia,USDC
348,0.9537602192334117,2929082854240.087,314,S1_depeg_stablecoin,indonesia,USDC
349,0.9586668170922834,2929080395547.34,314,S1_depeg_stablecoin,indonesia,USDC
350,0.9633278273209296,2929078540269.5547,314,S1_depeg_stablecoin,indonesia,USDC
351,0.9671924431216848,2929077392095.256,314,S1_depeg_stablecoin,indonesia,USDC
352,0.9652601846567898,2929077192623.968,314,S1_depeg_stablecoin,indonesia,USDC
353,0.9688000971935266,2929076680057.7427,314,S1_depeg_stablecoin,indonesia,USDC
354,0.9777556392264722,2929076546339.586,314,S1_depeg_stablecoin,indonesia,USDC
355,0.9566070180332611,2929076546339.586,314,S1_depeg_stablecoin,indonesia,USDC
356,0.9917532554278413,2929074516367.379,314,S1_depeg_stablecoin,indonesia,USDC
357,0.9943216038797058,2929074516367.379,314,S1_depeg_stablecoin,indonesia,USDC
358,0.9786682084210299,2929074516367.379,314,S1_depeg_stablecoin,indonesia,USDC
359,0.986698096063255,2929074516367.379,314,S1_depeg_stablecoin,indonesia,USDC
360,0.9665374210069693,2929074516367.379,314,S1_depeg_stablecoin,indonesia,USDC
361,0.9450960728556562,2929074215854.891,314,S1_depeg_stablecoin,indonesia,USDC
362,0.9472412090115205,2929070200366.297,314,S1_depeg_stablecoin,indonesia,USDC
363,0.9280999894766966,2929066479618.455,314,S1_depeg_stablecoin,indonesia,USDC
364,0.8951903991284414,2929060175364.9336,314,S1_depeg_stablecoin,indonesia,USDC
365,0.9179645994396569,2929049520775.5435,314,S1_depeg_stablecoin,indonesia,USDC
366,0.9438049161296966,2929042706194.3193,314,S1_depeg_stablecoin,indonesia,USDC
367,0.9357786822910988,2929039545861.705,314,S1_depeg_stablecoin,indonesia,USDC
368,0.9288047825555694,2929035032631.136,314,S1_depeg_stablecoin,indonesia,USDC
369,0.9563898689677023,2929029938564.383,314,S1_depeg_stablecoin,indonesia,USDC
370,0.9812783186165911,2929028544388.2803,314,S1_depeg_stablecoin,indonesia,USDC
371,1.0015559572708608,2929028544388.2803,314,S1_depeg_stablecoin,indonesia,USDC
372,1.0060545816201514,2929028544388.2803,314,S1_depeg_stablecoin,indonesia,USDC
373,1.0154384929404312,2929028544388.2803,314,S1_depeg_stablecoin,indonesia,USDC
374,1.0234270599302908,2929028544388.2803,314,S1_depeg_stablecoin,indonesia,USDC
375,1.003597759065261,2929028544388.2803,314,S1_depeg_stablecoin,indonesia,USDC
376,1.0162751535123642,2929028544388.2803,314,S1_depeg_stablecoin,indonesia,USDC
377,1.0489857378424454,2929028544388.2803,314,S1_depeg_stablecoin,indonesia,USDC
378,1.0645533420958369,2929028544388.2803,314,S1_depeg_stablecoin,indonesia,USDC
379,1.0559117693540603,2929028544388.2803,314,S1_depeg_stablecoin,indonesia,USDC
380,1.031703142160487,2929028544388.2803,314,S1_depeg_stablecoin,indonesia,USDC
381,1.0396965538953253,2929028544388.2803,314,S1_depeg_stablecoin,indonesia,USDC
382,1.0149381780569537,2929028544388.2803,314,S1_depeg_stablecoin,indonesia,USDC
383,0.9975796091478581,2929028544388.2803,314,S1_depeg_stablecoin,indonesia,USDC
384,0.9381099406517924,2929028544388.2803,314,S1_depeg_stablecoin,indonesia,USDC
385,0.9467101698492952,2929024944138.668,314,S1_depeg_stablecoin,indonesia,USDC
386,0.9479719757566576,2929022534474.6396,314,S1_depeg_stablecoin,indonesia,USDC
387,0.987790241144543,2929020015656.256,314,S1_depeg_stablecoin,indonesia,USDC
388,0.8926399107548589,2929020015656.256,314,S1_depeg_stablecoin,indonesia,USDC
389,0.9152938738165523,2929011370715.2236,314,S1_depeg_stablecoin,indonesia,USDC
390,0.909777822622318,2929006037523.119,314,S1_depeg_stablecoin,indonesia,USDC
391,0.9049608232454859,2929000471024.676,314,S1_depeg_stablecoin,indonesia,USDC
392,0.8977877382124974,2928994797811.117,314,S1_depeg_stablecoin,indonesia,USDC
393,0.8966446896945618,2928988605494.933,314,S1_depeg_stablecoin,indonesia,USDC
394,0.9162313035439241,2928982917416.888,314,S1_depeg_stablecoin,indonesia,USDC
395,0.9572247822264223,2928979066163.1416,314,S1_depeg_stablecoin,indonesia,USDC
396,0.9915292600867922,2928978177858.877,314,S1_depeg_stablecoin,indonesia,USDC
397,0.9976067644472351,2928978177858.877,314,S1_depeg_stablecoin,indonesia,USDC
398,0.9898378395909525,2928978177858.877,314,S1_depeg_stablecoin,indonesia,USDC
399,0.9958459576551889,2928978177858.877,314,S1_depeg_stablecoin,indonesia,USDC
400,0.9933117859873644,2928978177858.877,314,S1_depeg_stablecoin,indonesia,USDC
401,1.0042514922294083,2928978177858.877,314,S1_depeg_stablecoin,indonesia,USDC
402,0.9981076867802298,2928978177858.877,314,S1_depeg_stablecoin,indonesia,USDC
403,0.9974521583849847,2928978177858.877,314,S1_depeg_stablecoin,indonesia,USDC
404,1.0069792990410091,2928978177858.877,314,S1_depeg_stablecoin,indonesia,USDC
405,1.0168823568525671,2928978177858.877,314,S1_depeg_stablecoin,indonesia,USDC
406,1.0006074724420047,2928978177858.877,314,S1_depeg_stablecoin,indonesia,USDC
407,0.9934662966161757,2928978177858.877,314,S1_depeg_stablecoin,indonesia,USDC
408,0.9844302136204414,2928978177858.877,314,S1_depeg_stablecoin,indonesia,USDC
409,1.0076967663008265,2928978177858.877,314,S1_depeg_stablecoin,indonesia,USDC
410,0.9944242331381733,2928978177858.877,314,S1_depeg_stablecoin,indonesia,USDC
411,1.0118131840570854,2928978177858.877,314,S1_depeg_stablecoin,indonesia,USDC
412,0.9057431537671914,2928978177858.877,314,S1_depeg_stablecoin,indonesia,USDC
413,0.9127711107481516,2928973768707.1816,314,S1_depeg_stablecoin,indonesia,USDC
414,0.9421272597475779,2928970193842.3755,314,S1_depeg_stablecoin,indonesia,USDC
415,0.969185509932054,2928968685437.4453,314,S1_depeg_stablecoin,indonesia,USDC
416,0.9885628889190243,2928968653991.697,314,S1_depeg_stablecoin,indonesia,USDC
417,0.9324092480831115,2928968653991.697,314,S1_depeg_stablecoin,indonesia,USDC
418,0.9581598882790975,2928966443685.6426,314,S1_depeg_stablecoin,indonesia,USDC
419,0.9504950725435535,2928965774476.233,314,S1_depeg_stablecoin,indonesia,USDC
420,0.9825689143571416,2928964823698.4937,314,S1_depeg_stablecoin,indonesia,USDC
421,0.983897007149459,2928964823698.4937,314,S1_depeg_stablecoin,indonesia,USDC
422,0.9797145833898413,2928964823698.4937,314,S1_depeg_stablecoin,indonesia,USDC
423,0.9636265473214635,2928964823698.4937,314,S1_depeg_stablecoin,indonesia,USDC
424,0.9815938156664646,2928964541327.122,314,S1_depeg_stablecoin,indonesia,USDC
425,0.9679810822742119,2928964541327.122,314,S1_depeg_stablecoin,indonesia,USDC
426,1.002346301925969,2928964489693.1323,314,S1_depeg_stablecoin,indonesia,USDC
427,0.9847996410541894,2928964489693.1323,314,S1_depeg_stablecoin,indonesia,USDC
428,0.9945323267661332,2928964489693.1323,314,S1_depeg_stablecoin,indonesia,USDC
429,1.0239783611990356,2928964489693.1323,314,S1_depeg_stablecoin,indonesia,USDC
430,1.0347371471144389,2928964489693.1323,314,S1_depeg_stablecoin,indonesia,USDC
431,1.0536576547815653,2928964489693.1323,314,S1_depeg_stablecoin,indonesia,USDC
432,1.0703121010240775,2928964489693.1323,314,S1_depeg_stablecoin,indonesia,USDC
433,1.0435839898348385,2928964489693.1323,314,S1_depeg_stablecoin,indonesia,USDC
434,1.044794042955624,2928964489693.1323,314,S1_depeg_stablecoin,indonesia,USDC
435,1.0359955612399243,2928964489693.1323,314,S1_depeg_stablecoin,indonesia,USDC
436,1.0608759574082653,2928964489693.1323,314,S1_depeg_stablecoin,indonesia,USDC
437,1.044826703695311,2928964489693.1323,314,S1_depeg_stablecoin,indonesia,USDC
438,1.0231625401388884,2928964489693.1323,314,S1_depeg_stablecoin,indonesia,USDC
439,1.041337603940266,2928964489693.1323,314,S1_depeg_stablecoin,indonesia,USDC
440,1.0566299697786359,2928964489693.1323,314,S1_depeg_stablecoin,indonesia,USDC
441,1.0381673009924506,2928964489693.1323,314,S1_depeg_stablecoin,indonesia,USDC
442,1.0509210380276002,2928964489693.1323,314,S1_depeg_stablecoin,indonesia,USDC
443,1.0679599939627713,2928964489693.1323,314,S1_depeg_stablecoin,indonesia,USDC
444,1.058733805993906,2928964489693.1323,314,S1_depeg_stablecoin,indonesia,USDC
445,1.0595334693215457,2928964489693.1323,314,S1_depeg_stablecoin,indonesia,USDC
446,1.0571429114042352,2928964489693.1323,314,S1_depeg_stablecoin,indonesia,USDC
447,1.0698078573154417,2928964489693.1323,314,S1_depeg_stablecoin,indonesia,USDC
448,1.0650940188788884,2928964489693.1323,314,S1_depeg_stablecoin,indonesia,USDC
449,1.1009628236160687,2928964489693.1323,314,S1_depeg_stablecoin,indonesia,USDC
450,1.0558310422692236,2928964489693.1323,314,S1_depeg_stablecoin,indonesia,USDC
451,1.0474097640015332,2928964489693.1323,314,S1_depeg_stablecoin,indonesia,USDC
452,1.0354870747384053,2928964489693.1323,314,S1_depeg_stablecoin,indonesia,USDC
453,1.0258674324534212,2928964489693.1323,314,S1_depeg_stablecoin,indonesia,USDC
454,1.0267630485751527,2928964489693.1323,314,S1_depeg_stablecoin,indonesia,USDC
455,1.0231846060917598,2928964489693.1323,314,S1_depeg_stablecoin,indonesia,USDC
456,1.006806495245613,2928964489693.1323,314,S1_depeg_stablecoin,indonesia,USDC
457,0.99570588409546,2928964489693.1323,314,S1_depeg_stablecoin,indonesia,USDC
458,1.0119397805672259,2928964489693.1323,314,S1_depeg_stablecoin,indonesia,USDC
459,1.017027504043253,2928964489693.1323,314,S1_depeg_stablecoin,indonesia,USDC
460,1.0392648464899519,2928964489693.1323,314,S1_depeg_stablecoin,indonesia,USDC
461,1.026829690467055,2928964489693.1323,314,S1_depeg_stablecoin,indonesia,USDC
462,1.042647622467967,2928964489693.1323,314,S1_depeg_stablecoin,indonesia,USDC
463,1.0258437001766822,2928964489693.1323,314,S1_depeg_stablecoin,indonesia,USDC
464,1.0373512766100652,2928964489693.1323,314,S1_depeg_stablecoin,indonesia,USDC
465,1.0128573987678535,2928964489693.1323,314,S1_depeg_stablecoin,indonesia,USDC
466,1.023184365542467,2928964489693.1323,314,S1_depeg_stablecoin,indonesia,USDC
467,0.9904160119983918,2928964489693.1323,314,S1_depeg_stablecoin,indonesia,USDC
468,1.0065638815594675,2928964489693.1323,314,S1_depeg_stablecoin,indonesia,USDC
469,0.9941459314112352,2928964489693.1323,314,S1_depeg_stablecoin,indonesia,USDC
470,1.0098968950967577,2928964489693.1323,314,S1_depeg_stablecoin,indonesia,USDC
471,1.027949714767806,2928964489693.1323,314,S1_depeg_stablecoin,indonesia,USDC
472,1.031802551309741,2928964489693.1323,314,S1_depeg_stablecoin,indonesia,USDC
473,0.9798211081003801,2928964489693.1323,314,S1_depeg_stablecoin,indonesia,USDC
474,0.9668822426132517,2928964489693.1323,314,S1_depeg_stablecoin,indonesia,USDC
475,1.0036109423236752,2928964410012.3174,314,S1_depeg_stablecoin,indonesia,USDC
476,1.0049414042725755,2928964410012.3174,314,S1_depeg_stablecoin,indonesia,USDC
477,1.034749580523555,2928964410012.3174,314,S1_depeg_stablecoin,indonesia,USDC
478,1.0508044894340944,2928964410012.3174,314,S1_depeg_stablecoin,indonesia,USDC
479,1.0379511754064419,2928964410012.3174,314,S1_depeg_stablecoin,indonesia,USDC
480,1.043855134078995,2928964410012.3174,314,S1_depeg_stablecoin,indonesia,USDC
481,1.0367427959707336,2928964410012.3174,314,S1_depeg_stablecoin,indonesia,USDC
482,1.0521168587626493,2928964410012.3174,314,S1_depeg_stablecoin,indonesia,USDC
483,1.0121024862658274,2928964410012.3174,314,S1_depeg_stablecoin,indonesia,USDC
484,1.0046924208479762,2928964410012.3174,314,S1_depeg_stablecoin,indonesia,USDC
485,0.982244921001305,2928964410012.3174,314,S1_depeg_stablecoin,indonesia,USDC
486,0.9733014727116034,2928964410012.3174,314,S1_depeg_stablecoin,indonesia,USDC
487,0.9652324383312196,2928964410012.3174,314,S1_depeg_stablecoin,indonesia,USDC
488,0.9953463119134036,2928964183120.9727,314,S1_depeg_stablecoin,indonesia,USDC
489,0.9928524975039286,2928964183120.9727,314,S1_depeg_stablecoin,indonesia,USDC
490,0.963392566290857,2928964183120.9727,314,S1_depeg_stablecoin,indonesia,USDC
491,0.9728948632567354,2928963857745.3994,314,S1_depeg_stablecoin,indonesia,USDC
492,0.9679603180752033,2928963857745.3994,314,S1_depeg_stablecoin,indonesia,USDC
493,0.989921130201514,2928963777623.637,314,S1_depeg_stablecoin,indonesia,USDC
494,0.9725111094782716,2928963777623.637,314,S1_depeg_stablecoin,indonesia,USDC
495,1.0017699648083702,2928963777623.637,314,S1_depeg_stablecoin,indonesia,USDC
496,0.9948487910223575,2928963777623.637,314,S1_depeg_stablecoin,indonesia,USDC
497,0.9825145342487356,2928963777623.637,314,S1_depeg_stablecoin,indonesia,USDC
498,0.9642168998000594,2928963777623.637,314,S1_depeg_stablecoin,indonesia,USDC
499,0.9709662452954744,2928963562861.16,314,S1_depeg_stablecoin,indonesia,USDC
500,1.0079677995513647,2928963562861.16,314,S1_depeg_stablecoin,indonesia,USDC
501,1.0014130251707871,2928963562861.16,314,S1_depeg_stablecoin,indonesia,USDC
502,1.0050188110720053,2928963562861.16,314,S1_depeg_stablecoin,indonesia,USDC
503,1.0274375047680087,2928963562861.16,314,S1_depeg_stablecoin,indonesia,USDC
504,0.9989877034230904,2928963562861.16,314,S1_depeg_stablecoin,indonesia,USDC
505,0.9964233189094183,2928963562861.16,314,S1_depeg_stablecoin,indonesia,USDC
506,0.9777870075683307,2928963562861.16,314,S1_depeg_stablecoin,indonesia,USDC
507,0.9833305854176875,2928963562861.16,314,S1_depeg_stablecoin,indonesia,USDC
508,1.0200302858492019,2928963562861.16,314,S1_depeg_stablecoin,indonesia,USDC
509,1.041276422403336,2928963562861.16,314,S1_depeg_stablecoin,indonesia,USDC
510,1.0276262414223922,2928963562861.16,314,S1_depeg_stablecoin,indonesia,USDC
511,1.0205287244397432,2928963562861.16,314,S1_depeg_stablecoin,indonesia,USDC
512,1.0376171111829207,2928963562861.16,314,S1_depeg_stablecoin,indonesia,USDC
513,1.0424253243076491,2928963562861.16,314,S1_depeg_stablecoin,indonesia,USDC
514,1.015570716598361,2928963562861.16,314,S1_depeg_stablecoin,indonesia,USDC
515,1.0090664896344586,2928963562861.16,314,S1_depeg_stablecoin,indonesia,USDC
516,1.0342040164484259,2928963562861.16,314,S1_depeg_stablecoin,indonesia,USDC
517,1.0476046474613518,2928963562861.16,314,S1_depeg_stablecoin,indonesia,USDC
518,1.0970998396634852,2928963562861.16,314,S1_depeg_stablecoin,indonesia,USDC
519,1.0551539215762586,2928963562861.16,314,S1_depeg_stablecoin,indonesia,USDC
520,1.0470798655517586,2928963562861.16,314,S1_depeg_stablecoin,indonesia,USDC
521,1.0548243986323855,2928963562861.16,314,S1_depeg_stablecoin,indonesia,USDC
522,1.0690067767464315,2928963562861.16,314,S1_depeg_stablecoin,indonesia,USDC
523,1.0379609677618726,2928963562861.16,314,S1_depeg_stablecoin,indonesia,USDC
524,1.0093666045848342,2928963562861.16,314,S1_depeg_stablecoin,indonesia,USDC
525,1.0098807688799143,2928963562861.16,314,S1_depeg_stablecoin,indonesia,USDC
526,1.0188860576006604,2928963562861.16,314,S1_depeg_stablecoin,indonesia,USDC
527,1.011437470870208,2928963562861.16,314,S1_depeg_stablecoin,indonesia,USDC
528,1.0176147602811485,2928963562861.16,314,S1_depeg_stablecoin,indonesia,USDC
529,1.0246083606960232,2928963562861.16,314,S1_depeg_stablecoin,indonesia,USDC
530,1.0387141083483835,2928963562861.16,314,S1_depeg_stablecoin,indonesia,USDC
531,1.0424014487873507,2928963562861.16,314,S1_depeg_stablecoin,indonesia,USDC
532,1.0711470068309086,2928963562861.16,314,S1_depeg_stablecoin,indonesia,USDC
533,1.0938910795469232,2928963562861.16,314,S1_depeg_stablecoin,indonesia,USDC
534,1.1071984347706147,2928963562861.16,314,S1_depeg_stablecoin,indonesia,USDC
535,1.1095066435550198,2928963562861.16,314,S1_depeg_stablecoin,indonesia,USDC
536,1.0918344153308992,2928963562861.16,314,S1_depeg_stablecoin,indonesia,USDC
537,1.10914946374104,2928963562861.16,314,S1_depeg_stablecoin,indonesia,USDC
538,1.133685337109812,2928963562861.16,314,S1_depeg_stablecoin,indonesia,USDC
539,1.1310797525211314,2928963562861.16,314,S1_depeg_stablecoin,indonesia,USDC
540,1.1224587559599808,2928963562861.16,314,S1_depeg_stablecoin,indonesia,USDC
541,1.1016608842669036,2928963562861.16,314,S1_depeg_stablecoin,indonesia,USDC
542,1.1036140021506424,2928963562861.16,314,S1_depeg_stablecoin,indonesia,USDC
543,1.0899496070685954,2928963562861.16,314,S1_depeg_stablecoin,indonesia,USDC
544,1.0428109876512406,2928963562861.16,314,S1_depeg_stablecoin,indonesia,USDC
545,1.0894451318698628,2928963562861.16,314,S1_depeg_stablecoin,indonesia,USDC
546,1.0703858758920863,2928963562861.16,314,S1_depeg_stablecoin,indonesia,USDC
547,1.0625518862602223,2928963562861.16,314,S1_depeg_stablecoin,indonesia,USDC
548,1.0678781086203555,2928963562861.16,314,S1_depeg_stablecoin,indonesia,USDC
549,1.0495552481614878,2928963562861.16,314,S1_depeg_stablecoin,indonesia,USDC
550,1.0126115673606741,2928963562861.16,314,S1_depeg_stablecoin,indonesia,USDC
551,1.0029514828624662,2928963562861.16,314,S1_depeg_stablecoin,indonesia,USDC
552,1.0007579445493517,2928963562861.16,314,S1_depeg_stablecoin,indonesia,USDC
553,1.0095757217361327,2928963562861.16,314,S1_depeg_stablecoin,indonesia,USDC
554,0.9686869073270358,2928963562861.16,314,S1_depeg_stablecoin,indonesia,USDC
555,1.021301644904953,2928963562861.16,314,S1_depeg_stablecoin,indonesia,USDC
556,1.0327337694232506,2928963562861.16,314,S1_depeg_stablecoin,indonesia,USDC
557,1.0163407117811376,2928963562861.16,314,S1_depeg_stablecoin,indonesia,USDC
558,1.0435403767925884,2928963562861.16,314,S1_depeg_stablecoin,indonesia,USDC
559,1.0405737673966444,2928963562861.16,314,S1_depeg_stablecoin,indonesia,USDC
560,1.0281251903783146,2928963562861.16,314,S1_depeg_stablecoin,indonesia,USDC
561,1.027999504281266,2928963562861.16,314,S1_depeg_stablecoin,indonesia,USDC
562,1.022386291847796,2928963562861.16,314,S1_depeg_stablecoin,indonesia,USDC
563,1.027144832784876,2928963562861.16,314,S1_depeg_stablecoin,indonesia,USDC
564,1.0007147876443863,2928963562861.16,314,S1_depeg_stablecoin,indonesia,USDC
565,0.9875265657307366,2928963562861.16,314,S1_depeg_stablecoin,indonesia,USDC
566,1.0142631546439778,2928963562861.16,314,S1_depeg_stablecoin,indonesia,USDC
567,1.0070648165608855,2928963562861.16,314,S1_depeg_stablecoin,indonesia,USDC
568,1.0428438161807156,2928963562861.16,314,S1_depeg_stablecoin,indonesia,USDC
569,1.043338108867085,2928963562861.16,314,S1_depeg_stablecoin,indonesia,USDC
570,1.0336056141813628,2928963562861.16,314,S1_depeg_stablecoin,indonesia,USDC
571,1.0079346870346961,2928963562861.16,314,S1_depeg_stablecoin,indonesia,USDC
572,0.9995836830674631,2928963562861.16,314,S1_depeg_stablecoin,indonesia,USDC
573,1.015907451926908,2928963562861.16,314,S1_depeg_stablecoin,indonesia,USDC
574,1.021866415954528,2928963562861.16,314,S1_depeg_stablecoin,indonesia,USDC
575,1.037492763255966,2928963562861.16,314,S1_depeg_stablecoin,indonesia,USDC
576,1.0026467547457936,2928963562861.16,314,S1_depeg_stablecoin,indonesia,USDC
577,1.0090322140902475,2928963562861.16,314,S1_depeg_stablecoin,indonesia,USDC
578,0.9766520441228786,2928963562861.16,314,S1_depeg_stablecoin,indonesia,USDC
579,0.9553042753360865,2928963562861.16,314,S1_depeg_stablecoin,indonesia,USDC
580,0.9671901735444789,2928962775896.147,314,S1_depeg_stablecoin,indonesia,USDC
581,0.9694914479982649,2928962656234.968,314,S1_depeg_stablecoin,indonesia,USDC
582,0.9535086446805005,2928962647402.2275,314,S1_depeg_stablecoin,indonesia,USDC
583,0.9782690106846781,2928961779844.179,314,S1_depeg_stablecoin,indonesia,USDC
584,0.998904520224932,2928961779844.179,314,S1_depeg_stablecoin,indonesia,USDC
585,1.0016686818094156,2928961779844.179,314,S1_depeg_stablecoin,indonesia,USDC
586,1.004119569061189,2928961779844.179,314,S1_depeg_stablecoin,indonesia,USDC
587,1.0099216430794205,2928961779844.179,314,S1_depeg_stablecoin,indonesia,USDC
588,0.9947571057407198,2928961779844.179,314,S1_depeg_stablecoin,indonesia,USDC
589,0.9895407555961182,2928961779844.179,314,S1_depeg_stablecoin,indonesia,USDC
590,0.9987086663863318,2928961779844.179,314,S1_depeg_stablecoin,indonesia,USDC
591,0.9636279417603564,2928961779844.179,314,S1_depeg_stablecoin,indonesia,USDC
592,0.9806508289313325,2928961511949.629,314,S1_depeg_stablecoin,indonesia,USDC
593,1.0011214481453035,2928961511949.629,314,S1_depeg_stablecoin,indonesia,USDC
594,0.9883045399633622,2928961511949.629,314,S1_depeg_stablecoin,indonesia,USDC
595,1.0398148263632871,2928961511949.629,314,S1_depeg_stablecoin,indonesia,USDC
596,1.0033440659190809,2928961511949.629,314,S1_depeg_stablecoin,indonesia,USDC
597,0.9889565432646705,2928961511949.629,314,S1_depeg_stablecoin,indonesia,USDC
598,0.9826700948461995,2928961511949.629,314,S1_depeg_stablecoin,indonesia,USDC
599,0.9630168283507462,2928961511949.629,314,S1_depeg_stablecoin,indonesia,USDC
600,0.9488141884410599,2928961185513.7773,314,S1_depeg_stablecoin,indonesia,USDC
601,0.9385809094020368,2928960102924.4014,314,S1_depeg_stablecoin,indonesia,USDC
602,0.9762505284507965,2928958532483.1206,314,S1_depeg_stablecoin,indonesia,USDC
603,0.9899949908329527,2928958532483.1206,314,S1_depeg_stablecoin,indonesia,USDC
604,0.9876205231451652,2928958532483.1206,314,S1_depeg_stablecoin,indonesia,USDC
605,1.0188609438147216,2928958532483.1206,314,S1_depeg_stablecoin,indonesia,USDC
606,1.015055668859389,2928958532483.1206,314,S1_depeg_stablecoin,indonesia,USDC
607,1.0173179629509306,2928958532483.1206,314,S1_depeg_stablecoin,indonesia,USDC
608,1.0431287065829182,2928958532483.1206,314,S1_depeg_stablecoin,indonesia,USDC
609,1.0368060511973842,2928958532483.1206,314,S1_depeg_stablecoin,indonesia,USDC
610,1.0485054831515075,2928958532483.1206,314,S1_depeg_stablecoin,indonesia,USDC
611,1.049203081051631,2928958532483.1206,314,S1_depeg_stablecoin,indonesia,USDC
612,1.0418306606383503,2928958532483.1206,314,S1_depeg_stablecoin,indonesia,USDC
613,1.0264838371251273,2928958532483.1206,314,S1_depeg_stablecoin,indonesia,USDC
614,1.009262330621549,2928958532483.1206,314,S1_depeg_stablecoin,indonesia,USDC
615,1.0025392729006588,2928958532483.1206,314,S1_depeg_stablecoin,indonesia,USDC
616,0.9891722216243962,2928958532483.1206,314,S1_depeg_stablecoin,indonesia,USDC
617,0.9732271892890776,2928958532483.1206,314,S1_depeg_stablecoin,indonesia,USDC
618,0.9378161862510861,2928958532483.1206,314,S1_depeg_stablecoin,indonesia,USDC
619,0.915379750176398,2928957074452.328,314,S1_depeg_stablecoin,indonesia,USDC
620,0.9393559865094818,2928954648576.4795,314,S1_depeg_stablecoin,indonesia,USDC
621,0.9487042041779464,2928953380037.4404,314,S1_depeg_stablecoin,indonesia,USDC
622,0.9723725499979685,2928952501278.4023,314,S1_depeg_stablecoin,indonesia,USDC
623,0.9717160602482526,2928952501278.4023,314,S1_depeg_stablecoin,indonesia,USDC
624,0.9738878383840217,2928952501278.4023,314,S1_depeg_stablecoin,indonesia,USDC
625,1.0139198368642224,2928952501278.4023,314,S1_depeg_stablecoin,indonesia,USDC
626,1.0088059343433506,2928952501278.4023,314,S1_depeg_stablecoin,indonesia,USDC
627,1.039809745471777,2928952501278.4023,314,S1_depeg_stablecoin,indonesia,USDC
628,1.0277506511177334,2928952501278.4023,314,S1_depeg_stablecoin,indonesia,USDC
629,1.0505237420474023,2928952501278.4023,314,S1_depeg_stablecoin,indonesia,USDC
630,1.0582338353777332,2928952501278.4023,314,S1_depeg_stablecoin,indonesia,USDC
631,1.0786544379069156,2928952501278.4023,314,S1_depeg_stablecoin,indonesia,USDC
632,1.060932509851854,2928952501278.4023,314,S1_depeg_stablecoin,indonesia,USDC
633,1.0751480763171986,2928952501278.4023,314,S1_depeg_stablecoin,indonesia,USDC
634,1.0796944121805083,2928952501278.4023,314,S1_depeg_stablecoin,indonesia,USDC
635,1.0109046988337227,2928952501278.4023,314,S1_depeg_stablecoin,indonesia,USDC
636,1.0483722879836015,2928952501278.4023,314,S1_depeg_stablecoin,indonesia,USDC
637,0.9930482964997404,2928952501278.4023,314,S1_depeg_stablecoin,indonesia,USDC
638,0.9984091742444439,2928952501278.4023,314,S1_depeg_stablecoin,indonesia,USDC
639,0.9724985736329154,2928952501278.4023,314,S1_depeg_stablecoin,indonesia,USDC
640,0.9760500569752724,2928952501278.4023,314,S1_depeg_stablecoin,indonesia,USDC
641,0.9749270667851697,2928952501278.4023,314,S1_depeg_stablecoin,indonesia,USDC
642,0.9691166250375709,2928952501278.4023,314,S1_depeg_stablecoin,indonesia,USDC
643,0.9817217464988514,2928952488414.071,314,S1_depeg_stablecoin,indonesia,USDC
644,1.0028656253356025,2928952488414.071,314,S1_depeg_stablecoin,indonesia,USDC
645,0.98774519883591,2928952488414.071,314,S1_depeg_stablecoin,indonesia,USDC
646,0.9870867339695016,2928952488414.071,314,S1_depeg_stablecoin,indonesia,USDC
647,0.9907668263286264,2928952488414.071,314,S1_depeg_stablecoin,indonesia,USDC
648,0.9523742976341165,2928952488414.071,314,S1_depeg_stablecoin,indonesia,USDC
649,0.9816532558599076,2928951811464.695,314,S1_depeg_stablecoin,indonesia,USDC
650,1.0053910219004911,2928951811464.695,314,S1_depeg_stablecoin,indonesia,USDC
651,0.9971579573202793,2928951811464.695,314,S1_depeg_stablecoin,indonesia,USDC
652,0.9780813245023737,2928951811464.695,314,S1_depeg_stablecoin,indonesia,USDC
653,0.970522200381768,2928951811464.695,314,S1_depeg_stablecoin,indonesia,USDC
654,0.9550604662301186,2928951811464.695,314,S1_depeg_stablecoin,indonesia,USDC
655,0.958477608010998,2928951285538.8467,314,S1_depeg_stablecoin,indonesia,USDC
656,0.951882698215929,2928950843616.4736,314,S1_depeg_stablecoin,indonesia,USDC
657,0.950919868735581,2928950208277.6143,314,S1_depeg_stablecoin,indonesia,USDC
658,0.9553570205991833,2928949449212.7974,314,S1_depeg_stablecoin,indonesia,USDC
659,0.9660231086250557,2928948965184.744,314,S1_depeg_stablecoin,indonesia,USDC
660,0.9594567832354317,2928948877476.619,314,S1_depeg_stablecoin,indonesia,USDC
661,0.8416108090794404,2928948525158.794,314,S1_depeg_stablecoin,indonesia,USDC
662,0.8585833412753149,2928943640229.508,314,S1_depeg_stablecoin,indonesia,USDC
663,0.8868440435145301,2928940195584.514,314,S1_depeg_stablecoin,indonesia,USDC
664,0.8909868115054327,2928937799640.2695,314,S1_depeg_stablecoin,indonesia,USDC
665,0.8863647533352241,2928935715660.7676,314,S1_depeg_stablecoin,indonesia,USDC
666,0.8776915793843029,2928933637980.9634,314,S1_depeg_stablecoin,indonesia,USDC
667,0.8844232975486204,2928931633616.838,314,S1_depeg_stablecoin,indonesia,USDC
668,0.8775606585112617,2928929906565.3228,314,S1_depeg_stablecoin,indonesia,USDC
669,0.8966649809861449,2928928279189.5674,314,S1_depeg_stablecoin,indonesia,USDC
670,0.9100303990245666,2928927078022.137,314,S1_depeg_stablecoin,indonesia,USDC
671,0.9405428605098971,2928926169547.236,314,S1_depeg_stablecoin,indonesia,USDC
672,0.9621814737547277,2928925742801.341,314,S1_depeg_stablecoin,indonesia,USDC
673,0.969228465582147,2928925628956.897,314,S1_depeg_stablecoin,indonesia,USDC
674,0.962692963574729,2928925625247.5635,314,S1_depeg_stablecoin,indonesia,USDC
675,0.9381521106558626,2928925537508.6895,314,S1_depeg_stablecoin,indonesia,USDC
676,0.9684928067994801,2928925110117.655,314,S1_depeg_stablecoin,indonesia,USDC
677,0.9605991784147084,2928925102987.7925,314,S1_depeg_stablecoin,indonesia,USDC
678,0.978992195244234,2928924990711.3057,314,S1_depeg_stablecoin,indonesia,USDC
679,0.9963974238454677,2928924990711.3057,314,S1_depeg_stablecoin,indonesia,USDC
680,0.9863362882733984,2928924990711.3057,314,S1_depeg_stablecoin,indonesia,USDC
681,1.0057605268045897,2928924990711.3057,314,S1_depeg_stablecoin,indonesia,USDC
682,0.9715560478701428,2928924990711.3057,314,S1_depeg_stablecoin,indonesia,USDC
683,0.978674611497266,2928924990711.3057,314,S1_depeg_stablecoin,indonesia,USDC
684,0.9856190935607829,2928924990711.3057,314,S1_depeg_stablecoin,indonesia,USDC
685,0.9595287589766056,2928924990711.3057,314,S1_depeg_stablecoin,indonesia,USDC
686,0.974077295898127,2928924865121.906,314,S1_depeg_stablecoin,indonesia,USDC
687,0.9523386512089301,2928924865121.906,314,S1_depeg_stablecoin,indonesia,USDC
688,0.9392784991183738,2928924656481.1914,314,S1_depeg_stablecoin,indonesia,USDC
689,0.908479309857323,2928924284363.0596,314,S1_depeg_stablecoin,indonesia,USDC
690,0.8902640605131555,2928923540818.8945,314,S1_depeg_stablecoin,indonesia,USDC
691,0.9164735046157324,2928922560802.631,314,S1_depeg_stablecoin,indonesia,USDC
692,0.9246361962814529,2928921988707.1587,314,S1_depeg_stablecoin,indonesia,USDC
693,0.9164438408985316,2928921530296.3584,314,S1_depeg_stablecoin,indonesia,USDC
694,0.9099953473188956,2928920996990.2534,314,S1_depeg_stablecoin,indonesia,USDC
695,0.9183877382679242,2928920416849.167,314,S1_depeg_stablecoin,indonesia,USDC
696,0.9056403658852303,2928919985728.33,314,S1_depeg_stablecoin,indonesia,USDC
697,0.8874621757926555,2928919444142.058,314,S1_depeg_stablecoin,indonesia,USDC
698,0.9018299945254842,2928918778276.9136,314,S1_depeg_stablecoin,indonesia,USDC
699,0.897478455883058,2928918311347.853,314,S1_depeg_stablecoin,indonesia,USDC
700,0.9009242436321401,2928917846348.4565,314,S1_depeg_stablecoin,indonesia,USDC
701,0.8986767880622077,2928917402869.386,314,S1_depeg_stablecoin,indonesia,USDC
702,0.8821061614674951,2928916987802.706,314,S1_depeg_stablecoin,indonesia,USDC
703,0.9128013849694938,2928916523286.452,314,S1_depeg_stablecoin,indonesia,USDC
704,0.9211243201298577,2928916241589.9185,314,S1_depeg_stablecoin,indonesia,USDC
705,0.9417404832346385,2928916027453.767,314,S1_depeg_stablecoin,indonesia,USDC
706,0.9538729905990075,2928915903306.026,314,S1_depeg_stablecoin,indonesia,USDC
707,0.9442909893846001,2928915835550.7715,314,S1_depeg_stablecoin,indonesia,USDC
708,0.9537402290209223,2928915723788.644,314,S1_depeg_stablecoin,indonesia,USDC
709,0.9676976349966122,2928915661588.3726,314,S1_depeg_stablecoin,indonesia,USDC
710,1.0037302593211237,2928915654296.463,314,S1_depeg_stablecoin,indonesia,USDC
711,1.005264968952357,2928915654296.463,314,S1_depeg_stablecoin,indonesia,USDC
712,0.9824222645708721,2928915654296.463,314,S1_depeg_stablecoin,indonesia,USDC
713,0.9687656036358685,2928915654296.463,314,S1_depeg_stablecoin,indonesia,USDC
714,0.9736501195577838,2928915654296.463,314,S1_depeg_stablecoin,indonesia,USDC
715,0.9391392758618238,2928915654296.463,314,S1_depeg_stablecoin,indonesia,USDC
716,0.9514946266394411,2928915530243.3633,314,S1_depeg_stablecoin,indonesia,USDC
717,0.9297220013271852,2928915455621.4287,314,S1_depeg_stablecoin,indonesia,USDC
718,0.9152418674822461,2928915310200.41,314,S1_depeg_stablecoin,indonesia,USDC
719,0.9238458521663578,2928915101812.9463,314,S1_depeg_stablecoin,indonesia,USDC
720,0.9371298499526316,2928914936084.201,314,S1_depeg_stablecoin,indonesia,USDC
721,0.9685586968617217,2928914827362.6387,314,S1_depeg_stablecoin,indonesia,USDC
722,0.9621250659230126,2928914824235.7207,314,S1_depeg_stablecoin,indonesia,USDC
723,0.9874361514850942,2928914804470.2656,314,S1_depeg_stablecoin,indonesia,USDC
724,0.9649658511439445,2928914804470.2656,314,S1_depeg_stablecoin,indonesia,USDC
725,0.9722891863300231,2928914789918.6855,314,S1_depeg_stablecoin,indonesia,USDC
726,0.9642515980218608,2928914789918.6855,314,S1_depeg_stablecoin,indonesia,USDC
727,0.9821049136637271,2928914776969.3423,314,S1_depeg_stablecoin,indonesia,USDC
728,0.9772960053030412,2928914776969.3423,314,S1_depeg_stablecoin,indonesia,USDC
729,0.9457670350169574,2928914776969.3423,314,S1_depeg_stablecoin,indonesia,USDC
730,0.9484193360503613,2928914703853.7856,314,S1_depeg_stablecoin,indonesia,USDC
731,0.9550398946931424,2928914640595.5527,314,S1_depeg_stablecoin,indonesia,USDC
732,0.9684966060211961,2928914593990.573,314,S1_depeg_stablecoin,indonesia,USDC
733,0.9680206003387521,2928914592455.3267,314,S1_depeg_stablecoin,indonesia,USDC
734,0.9869771414629331,2928914588072.4043,314,S1_depeg_stablecoin,indonesia,USDC
735,0.972240107627843,2928914588072.4043,314,S1_depeg_stablecoin,indonesia,USDC
736,0.9594761333839852,2928914588072.4043,314,S1_depeg_stablecoin,indonesia,USDC
737,0.9443825620660118,2928914555857.411,314,S1_depeg_stablecoin,indonesia,USDC
738,0.9163644872320743,2928914478289.724,314,S1_depeg_stablecoin,indonesia,USDC
739,0.9243493261634863,2928914332502.1562,314,S1_depeg_stablecoin,indonesia,USDC
740,0.9614234402280051,2928914208304.543,314,S1_depeg_stablecoin,indonesia,USDC
741,0.9636840657623549,2928914187124.6406,314,S1_depeg_stablecoin,indonesia,USDC
742,0.9434354169673341,2928914173604.596,314,S1_depeg_stablecoin,indonesia,USDC
743,0.9462158013969085,2928914106043.3984,314,S1_depeg_stablecoin,indonesia,USDC
744,0.9544843007161645,2928914049719.9478,314,S1_depeg_stablecoin,indonesia,USDC
745,0.9690411851500316,2928914010835.5254,314,S1_depeg_stablecoin,indonesia,USDC
746,0.9737373363772348,2928914009259.167,314,S1_depeg_stablecoin,indonesia,USDC
747,0.9687986995822583,2928914009259.167,314,S1_depeg_stablecoin,indonesia,USDC
748,0.9341607993706272,2928914008271.7256,314,S1_depeg_stablecoin,indonesia,USDC
749,0.9351419813731717,2928913928094.725,314,S1_depeg_stablecoin,indonesia,USDC
750,0.9418858083058087,2928913845106.594,314,S1_depeg_stablecoin,indonesia,USDC
751,0.9633960954583086,2928913782733.5386,314,S1_depeg_stablecoin,indonesia,USDC
752,0.9536680276517364,2928913768000.9517,314,S1_depeg_stablecoin,indonesia,USDC
753,0.9734821777779109,2928913736947.0586,314,S1_depeg_stablecoin,indonesia,USDC
754,0.9715215332084151,2928913736947.0586,314,S1_depeg_stablecoin,indonesia,USDC
755,0.9701230686779275,2928913736947.0586,314,S1_depeg_stablecoin,indonesia,USDC
756,0.9565818979247659,2928913736947.0586,314,S1_depeg_stablecoin,indonesia,USDC
757,0.9780514884837513,2928913710852.088,314,S1_depeg_stablecoin,indonesia,USDC
758,1.001814570027548,2928913710852.088,314,S1_depeg_stablecoin,indonesia,USDC
759,0.9696700787210266,2928913710852.088,314,S1_depeg_stablecoin,indonesia,USDC
760,0.9642290970508038,2928913710140.5186,314,S1_depeg_stablecoin,indonesia,USDC
761,0.963803094543091,2928913700229.34,314,S1_depeg_stablecoin,indonesia,USDC
762,0.9505378768616515,2928913686931.8066,314,S1_depeg_stablecoin,indonesia,USDC
763,0.9487536962299172,2928913647194.0537,314,S1_depeg_stablecoin,indonesia,USDC
764,0.9629073703490381,2928913606333.413,314,S1_depeg_stablecoin,indonesia,USDC
765,0.9749668375218735,2928913593029.497,314,S1_depeg_stablecoin,indonesia,USDC
766,1.0119312556147038,2928913593029.497,314,S1_depeg_stablecoin,indonesia,USDC
767,0.9900804051869155,2928913593029.497,314,S1_depeg_stablecoin,indonesia,USDC
768,1.0033563655303495,2928913593029.497,314,S1_depeg_stablecoin,indonesia,USDC
769,0.9906381913804497,2928913593029.497,314,S1_depeg_stablecoin,indonesia,USDC
770,0.9648844179460498,2928913593029.497,314,S1_depeg_stablecoin,indonesia,USDC
771,0.9497386864530353,2928913586191.2256,314,S1_depeg_stablecoin,indonesia,USDC
772,0.9481009815322792,2928913548494.8374,314,S1_depeg_stablecoin,indonesia,USDC
773,0.9320986295272051,2928913508319.0015,314,S1_depeg_stablecoin,indonesia,USDC
774,0.9350045080895575,2928913434487.5586,314,S1_depeg_stablecoin,indonesia,USDC
775,0.9698913776898122,2928913368980.412,314,S1_depeg_stablecoin,indonesia,USDC
776,0.9754941713655303,2928913368980.412,314,S1_depeg_stablecoin,indonesia,USDC
777,0.9496550048160135,2928913368980.412,314,S1_depeg_stablecoin,indonesia,USDC
778,0.9227763996928611,2928913333744.7407,314,S1_depeg_stablecoin,indonesia,USDC
779,0.9034496887590371,2928913252523.204,314,S1_depeg_stablecoin,indonesia,USDC
780,0.9149071494488143,2928913145925.5327,314,S1_depeg_stablecoin,indonesia,USDC
781,0.9119285915064103,2928913061482.213,314,S1_depeg_stablecoin,indonesia,USDC
782,0.92888838257924,2928912981660.3057,314,S1_depeg_stablecoin,indonesia,USDC
783,0.9270000951474057,2928912928892.5107,314,S1_depeg_stablecoin,indonesia,USDC
784,0.9509462193596631,2928912875744.8765,314,S1_depeg_stablecoin,indonesia,USDC
785,0.9498456518457065,2928912853140.4756,314,S1_depeg_stablecoin,indonesia,USDC
786,0.979526416282256,2928912827493.121,314,S1_depeg_stablecoin,indonesia,USDC
787,0.989091359292576,2928912827493.121,314,S1_depeg_stablecoin,indonesia,USDC
788,1.0248745600256517,2928912827493.121,314,S1_depeg_stablecoin,indonesia,USDC
789,1.0070093005596141,2928912827493.121,314,S1_depeg_stablecoin,indonesia,USDC
790,0.9850320272654995,2928912827493.121,314,S1_depeg_stablecoin,indonesia,USDC
791,0.9775349574219475,2928912827493.121,314,S1_depeg_stablecoin,indonesia,USDC
792,0.971234887532158,2928912827493.121,314,S1_depeg_stablecoin,indonesia,USDC
793,0.9508913638525439,2928912827493.121,314,S1_depeg_stablecoin,indonesia,USDC
794,0.9629142876675599,2928912806741.4565,314,S1_depeg_stablecoin,indonesia,USDC
795,0.9455945236752645,2928912798063.493,314,S1_depeg_stablecoin,indonesia,USDC
796,1.0110841645821846,2928912769526.3604,314,S1_depeg_stablecoin,indonesia,USDC
797,1.0261369003695064,2928912769526.3604,314,S1_depeg_stablecoin,indonesia,USDC
798,1.064745975174843,2928912769526.3604,314,S1_depeg_stablecoin,indonesia,USDC
799,1.0292823626670768,2928912769526.3604,314,S1_depeg_stablecoin,indonesia,USDC
800,1.0563461207187825,2928912769526.3604,314,S1_depeg_stablecoin,indonesia,USDC
801,1.0785810214249987,2928912769526.3604,314,S1_depeg_stablecoin,indonesia,USDC
802,1.0761781607078347,2928912769526.3604,314,S1_depeg_stablecoin,indonesia,USDC
803,1.0430662280111893,2928912769526.3604,314,S1_depeg_stablecoin,indonesia,USDC
804,1.0018600205128871,2928912769526.3604,314,S1_depeg_stablecoin,indonesia,USDC
805,1.008311969993333,2928912769526.3604,314,S1_depeg_stablecoin,indonesia,USDC
806,1.0318260461923408,2928912769526.3604,314,S1_depeg_stablecoin,indonesia,USDC
807,0.9912884523271377,2928912769526.3604,314,S1_depeg_stablecoin,indonesia,USDC
808,0.9919550904714043,2928912769526.3604,314,S1_depeg_stablecoin,indonesia,USDC
809,0.9970760535854545,2928912769526.3604,314,S1_depeg_stablecoin,indonesia,USDC
810,0.9976068987795357,2928912769526.3604,314,S1_depeg_stablecoin,indonesia,USDC
811,1.007467978179569,2928912769526.3604,314,S1_depeg_stablecoin,indonesia,USDC
812,1.0074557053565667,2928912769526.3604,314,S1_depeg_stablecoin,indonesia,USDC
813,0.9801115526424231,2928912769526.3604,314,S1_depeg_stablecoin,indonesia,USDC
814,0.9611646325471823,2928912769526.3604,314,S1_depeg_stablecoin,indonesia,USDC
815,0.9838094672442556,2928912761348.161,314,S1_depeg_stablecoin,indonesia,USDC
816,1.0040609927842636,2928912761348.161,314,S1_depeg_stablecoin,indonesia,USDC
817,0.9730281207862358,2928912761348.161,314,S1_depeg_stablecoin,indonesia,USDC
818,0.9661034237458302,2928912761348.161,314,S1_depeg_stablecoin,indonesia,USDC
819,0.985547541044497,2928912756758.3228,314,S1_depeg_stablecoin,indonesia,USDC
820,0.9409301810537796,2928912756758.3228,314,S1_depeg_stablecoin,indonesia,USDC
821,0.928359868495647,2928912722654.0786,314,S1_depeg_stablecoin,indonesia,USDC
822,0.9490886462028062,2928912677942.315,314,S1_depeg_stablecoin,indonesia,USDC
823,0.9469006232910896,2928912655108.574,314,S1_depeg_stablecoin,indonesia,USDC
824,0.981573174959808,2928912633265.966,314,S1_depeg_stablecoin,indonesia,USDC
825,0.973699544012295,2928912633265.966,314,S1_depeg_stablecoin,indonesia,USDC
826,0.9751835304309378,2928912633265.966,314,S1_depeg_stablecoin,indonesia,USDC
827,0.9981003284418686,2928912633265.966,314,S1_depeg_stablecoin,indonesia,USDC
828,0.999370537960309,2928912633265.966,314,S1_depeg_stablecoin,indonesia,USDC
829,0.9823967645121311,2928912633265.966,314,S1_depeg_stablecoin,indonesia,USDC
830,1.0082927542458384,2928912633265.966,314,S1_depeg_stablecoin,indonesia,USDC
831,1.015236896713885,2928912633265.966,314,S1_depeg_stablecoin,indonesia,USDC
832,1.030259898213623,2928912633265.966,314,S1_depeg_stablecoin,indonesia,USDC
833,0.980079170374454,2928912633265.966,314,S1_depeg_stablecoin,indonesia,USDC
834,0.9745046492320161,2928912633265.966,314,S1_depeg_stablecoin,indonesia,USDC
835,0.9671279548918665,2928912633265.966,314,S1_depeg_stablecoin,indonesia,USDC
836,0.9625318240556505,2928912631981.1714,314,S1_depeg_stablecoin,indonesia,USDC
837,0.9751284678467047,2928912626137.1704,314,S1_depeg_stablecoin,indonesia,USDC
838,0.9542680247756902,2928912626137.1704,314,S1_depeg_stablecoin,indonesia,USDC
839,0.968960863897039,2928912612173.8384,314,S1_depeg_stablecoin,indonesia,USDC
840,0.967935446274813,2928912612173.8384,314,S1_depeg_stablecoin,indonesia,USDC
841,0.994478305762268,2928912611170.571,314,S1_depeg_stablecoin,indonesia,USDC
842,0.9999397630112785,2928912611170.571,314,S1_depeg_stablecoin,indonesia,USDC
843,1.0275766054753972,2928912611170.571,314,S1_depeg_stablecoin,indonesia,USDC
844,1.049075389402858,2928912611170.571,314,S1_depeg_stablecoin,indonesia,USDC
845,1.0347374873031265,2928912611170.571,314,S1_depeg_stablecoin,indonesia,USDC
846,1.0425960913165797,2928912611170.571,314,S1_depeg_stablecoin,indonesia,USDC
847,1.0930687937113017,2928912611170.571,314,S1_depeg_stablecoin,indonesia,USDC
848,1.057012346669391,2928912611170.571,314,S1_depeg_stablecoin,indonesia,USDC
849,1.04653450980038,2928912611170.571,314,S1_depeg_stablecoin,indonesia,USDC
850,1.0221608794764423,2928912611170.571,314,S1_depeg_stablecoin,indonesia,USDC
851,1.0562267740076938,2928912611170.571,314,S1_depeg_stablecoin,indonesia,USDC
852,1.0382431921015416,2928912611170.571,314,S1_depeg_stablecoin,indonesia,USDC
853,1.0379981969993195,2928912611170.571,314,S1_depeg_stablecoin,indonesia,USDC
854,1.0328790422330751,2928912611170.571,314,S1_depeg_stablecoin,indonesia,USDC
855,1.031638640729812,2928912611170.571,314,S1_depeg_stablecoin,indonesia,USDC
856,1.0500373718567964,2928912611170.571,314,S1_depeg_stablecoin,indonesia,USDC
857,1.0364645235942573,2928912611170.571,314,S1_depeg_stablecoin,indonesia,USDC
858,1.0162826589495775,2928912611170.571,314,S1_depeg_stablecoin,indonesia,USDC
859,1.0066428781354044,2928912611170.571,314,S1_depeg_stablecoin,indonesia,USDC
860,0.985744786416982,2928912611170.571,314,S1_depeg_stablecoin,indonesia,USDC
861,0.9994103037779459,2928912611170.571,314,S1_depeg_stablecoin,indonesia,USDC
862,0.988280335114809,2928912611170.571,314,S1_depeg_stablecoin,indonesia,USDC
863,0.9641152523999702,2928912611170.571,314,S1_depeg_stablecoin,indonesia,USDC
864,0.9748634963964772,2928912605149.924,314,S1_depeg_stablecoin,indonesia,USDC
865,0.9656642072931321,2928912605149.924,314,S1_depeg_stablecoin,indonesia,USDC
866,0.9469341987640941,2928912601888.034,314,S1_depeg_stablecoin,indonesia,USDC
867,0.9406630593819073,2928912581199.468,314,S1_depeg_stablecoin,indonesia,USDC
868,0.9588883125067535,2928912555035.1816,314,S1_depeg_stablecoin,indonesia,USDC
869,0.9764042202615987,2928912546294.032,314,S1_depeg_stablecoin,indonesia,USDC
870,1.0055919286531987,2928912546294.032,314,S1_depeg_stablecoin,indonesia,USDC
871,1.0398518756452217,2928912546294.032,314,S1_depeg_stablecoin,indonesia,USDC
872,1.0122968501585154,2928912546294.032,314,S1_depeg_stablecoin,indonesia,USDC
873,0.9758541452869914,2928912546294.032,314,S1_depeg_stablecoin,indonesia,USDC
874,0.9628900887022177,2928912546294.032,314,S1_depeg_stablecoin,indonesia,USDC
875,0.9686620814089993,2928912541269.705,314,S1_depeg_stablecoin,indonesia,USDC
876,0.9610356761042557,2928912540858.5625,314,S1_depeg_stablecoin,indonesia,USDC
877,0.9660815270016683,2928912532956.5186,314,S1_depeg_stablecoin,indonesia,USDC
878,1.0036054996704833,2928912530861.8535,314,S1_depeg_stablecoin,indonesia,USDC
879,1.0272684715241776,2928912530861.8535,314,S1_depeg_stablecoin,indonesia,USDC
880,1.0344727845806605,2928912530861.8535,314,S1_depeg_stablecoin,indonesia,USDC
881,1.038996633398048,2928912530861.8535,314,S1_depeg_stablecoin,indonesia,USDC
882,1.0864602684712439,2928912530861.8535,314,S1_depeg_stablecoin,indonesia,USDC
883,1.0966107408496686,2928912530861.8535,314,S1_depeg_stablecoin,indonesia,USDC
884,1.0661858710168781,2928912530861.8535,314,S1_depeg_stablecoin,indonesia,USDC
885,1.0576657871678588,2928912530861.8535,314,S1_depeg_stablecoin,indonesia,USDC
886,1.045772501331389,2928912530861.8535,314,S1_depeg_stablecoin,indonesia,USDC
887,1.053266462969669,2928912530861.8535,314,S1_depeg_stablecoin,indonesia,USDC
888,1.0215337016514154,2928912530861.8535,314,S1_depeg_stablecoin,indonesia,USDC
889,1.0046939774795955,2928912530861.8535,314,S1_depeg_stablecoin,indonesia,USDC
890,0.9929935935486708,2928912530861.8535,314,S1_depeg_stablecoin,indonesia,USDC
891,0.9766152990400794,2928912530861.8535,314,S1_depeg_stablecoin,indonesia,USDC
892,0.9878956824537408,2928912530861.8535,314,S1_depeg_stablecoin,indonesia,USDC
893,0.9575498511843081,2928912530861.8535,314,S1_depeg_stablecoin,indonesia,USDC
894,0.9607046945259696,2928912519154.967,314,S1_depeg_stablecoin,indonesia,USDC
895,0.9615367060991246,2928912510526.7666,314,S1_depeg_stablecoin,indonesia,USDC
896,0.9322256296737065,2928912503921.966,314,S1_depeg_stablecoin,indonesia,USDC
897,0.975978728269194,2928912470486.2153,314,S1_depeg_stablecoin,indonesia,USDC
898,0.9843811703816636,2928912470486.2153,314,S1_depeg_stablecoin,indonesia,USDC
899,1.012067965046786,2928912470486.2153,314,S1_depeg_stablecoin,indonesia,USDC
900,0.9950172597814377,2928912470486.2153,314,S1_depeg_stablecoin,indonesia,USDC
901,0.9859422791523251,2928912470486.2153,314,S1_depeg_stablecoin,indonesia,USDC
902,1.0001692727156695,2928912470486.2153,314,S1_depeg_stablecoin,indonesia,USDC
903,0.9795748861542373,2928912470486.2153,314,S1_depeg_stablecoin,indonesia,USDC
904,0.9743997137325097,2928912470486.2153,314,S1_depeg_stablecoin,indonesia,USDC
905,0.995207028385605,2928912470486.2153,314,S1_depeg_stablecoin,indonesia,USDC
906,1.0132095100782414,2928912470486.2153,314,S1_depeg_stablecoin,indonesia,USDC
907,0.9781798410693517,2928912470486.2153,314,S1_depeg_stablecoin,indonesia,USDC
908,0.9559978584241889,2928912470486.2153,314,S1_depeg_stablecoin,indonesia,USDC
909,0.9549884441258228,2928912459500.473,314,S1_depeg_stablecoin,indonesia,USDC
910,0.9760205374851267,2928912446489.4697,314,S1_depeg_stablecoin,indonesia,USDC
911,0.9949844436972969,2928912446489.4697,314,S1_depeg_stablecoin,indonesia,USDC
912,0.9736143949535111,2928912446489.4697,314,S1_depeg_stablecoin,indonesia,USDC
913,0.9760907041996515,2928912446489.4697,314,S1_depeg_stablecoin,indonesia,USDC
914,0.9403019481531767,2928912446489.4697,314,S1_depeg_stablecoin,indonesia,USDC
915,0.9378797664651697,2928912422839.907,314,S1_depeg_stablecoin,indonesia,USDC
916,0.9179536556759457,2928912398788.912,314,S1_depeg_stablecoin,indonesia,USDC
917,0.9433597371018071,2928912357999.3037,314,S1_depeg_stablecoin,indonesia,USDC
918,0.9700449163413289,2928912337696.9683,314,S1_depeg_stablecoin,indonesia,USDC
919,0.9545750866984755,2928912337696.9683,314,S1_depeg_stablecoin,indonesia,USDC
920,0.9492794160715168,2928912327947.9707,314,S1_depeg_stablecoin,indonesia,USDC
921,0.957538236108603,2928912314033.052,314,S1_depeg_stablecoin,indonesia,USDC
922,0.9752161382053173,2928912306114.694,314,S1_depeg_stablecoin,indonesia,USDC
923,0.9782796916649306,2928912306114.694,314,S1_depeg_stablecoin,indonesia,USDC
924,0.9900933842035244,2928912306114.694,314,S1_depeg_stablecoin,indonesia,USDC
925,0.9758095065430259,2928912306114.694,314,S1_depeg_stablecoin,indonesia,USDC
926,0.9772852874857734,2928912306114.694,314,S1_depeg_stablecoin,indonesia,USDC
927,0.9583883048498446,2928912306114.694,314,S1_depeg_stablecoin,indonesia,USDC
928,0.9931208016492418,2928912299360.922,314,S1_depeg_stablecoin,indonesia,USDC
929,1.0043760581046326,2928912299360.922,314,S1_depeg_stablecoin,indonesia,USDC
930,0.9982884176255162,2928912299360.922,314,S1_depeg_stablecoin,indonesia,USDC
931,1.014098653237504,2928912299360.922,314,S1_depeg_stablecoin,indonesia,USDC
932,0.910882299519096,2928912299360.922,314,S1_depeg_stablecoin,indonesia,USDC
933,0.9100957993148094,2928912261007.994,314,S1_depeg_stablecoin,indonesia,USDC
934,0.9077528760908375,2928912224321.6396,314,S1_depeg_stablecoin,indonesia,USDC
935,0.9283405574216457,2928912185461.9976,314,S1_depeg_stablecoin,indonesia,USDC
936,0.9297159063234055,2928912163217.014,314,S1_depeg_stablecoin,indonesia,USDC
937,0.907726991853619,2928912142578.6025,314,S1_depeg_stablecoin,indonesia,USDC
938,0.9275222575220872,2928912111442.033,314,S1_depeg_stablecoin,indonesia,USDC
939,0.9354838019302013,2928912089867.189,314,S1_depeg_stablecoin,indonesia,USDC
940,0.9872873421817847,2928912073103.8003,314,S1_depeg_stablecoin,indonesia,USDC
941,1.0106109227092877,2928912073103.8003,314,S1_depeg_stablecoin,indonesia,USDC
942,0.9954179749054487,2928912073103.8003,314,S1_depeg_stablecoin,indonesia,USDC
943,1.023095505735776,2928912073103.8003,314,S1_depeg_stablecoin,indonesia,USDC
944,1.0102639803066398,2928912073103.8003,314,S1_depeg_stablecoin,indonesia,USDC
945,1.0027682241229359,2928912073103.8003,314,S1_depeg_stablecoin,indonesia,USDC
946,1.0136033213649747,2928912073103.8003,314,S1_depeg_stablecoin,indonesia,USDC
947,1.0082088246111434,2928912073103.8003,314,S1_depeg_stablecoin,indonesia,USDC
948,1.0186587991508622,2928912073103.8003,314,S1_depeg_stablecoin,indonesia,USDC
949,1.0301324160545826,2928912073103.8003,314,S1_depeg_stablecoin,indonesia,USDC
950,1.028405326588333,2928912073103.8003,314,S1_depeg_stablecoin,indonesia,USDC
951,1.0004868079178235,2928912073103.8003,314,S1_depeg_stablecoin,indonesia,USDC
952,1.0132888990826412,2928912073103.8003,314,S1_depeg_stablecoin,indonesia,USDC
953,1.0086966611350259,2928912073103.8003,314,S1_depeg_stablecoin,indonesia,USDC
954,0.9722141201083134,2928912073103.8003,314,S1_depeg_stablecoin,indonesia,USDC
955,0.9351555609336485,2928912073103.8003,314,S1_depeg_stablecoin,indonesia,USDC
956,0.9442009607682313,2928912056783.1724,314,S1_depeg_stablecoin,indonesia,USDC
957,0.9618455230788572,2928912046393.1875,314,S1_depeg_stablecoin,indonesia,USDC
958,0.9268454271235979,2928912042798.297,314,S1_depeg_stablecoin,indonesia,USDC
959,0.9553696479626301,2928912025532.5415,314,S1_depeg_stablecoin,indonesia,USDC
960,0.9471587823218317,2928912020030.2046,314,S1_depeg_stablecoin,indonesia,USDC
961,0.9252132998736485,2928912010956.5605,314,S1_depeg_stablecoin,indonesia,USDC
962,0.9375691811015613,2928911993336.8335,314,S1_depeg_stablecoin,indonesia,USDC
963,0.968483608229875,2928911982019.013,314,S1_depeg_stablecoin,indonesia,USDC
964,0.9720250199941838,2928911981835.121,314,S1_depeg_stablecoin,indonesia,USDC
965,0.9907431642767937,2928911981835.121,314,S1_depeg_stablecoin,indonesia,USDC
966,0.9775730998716375,2928911981835.121,314,S1_depeg_stablecoin,indonesia,USDC
967,0.9855180557659978,2928911981835.121,314,S1_depeg_stablecoin,indonesia,USDC
968,0.9878269373223846,2928911981835.121,314,S1_depeg_stablecoin,indonesia,USDC
969,0.9709311481782562,2928911981835.121,314,S1_depeg_stablecoin,indonesia,USDC
970,0.9940076107636158,2928911981835.121,314,S1_depeg_stablecoin,indonesia,USDC
971,1.0088230578364283,2928911981835.121,314,S1_depeg_stablecoin,indonesia,USDC
972,1.0016474504793889,2928911981835.121,314,S1_depeg_stablecoin,indonesia,USDC
973,0.9906791113886936,2928911981835.121,314,S1_depeg_stablecoin,indonesia,USDC
974,0.9822743321489944,2928911981835.121,314,S1_depeg_stablecoin,indonesia,USDC
975,0.9914401333519678,2928911981835.121,314,S1_depeg_stablecoin,indonesia,USDC
976,0.9437519911290176,2928911981835.121,314,S1_depeg_stablecoin,indonesia,USDC
977,0.945123669131204,2928911973063.3125,314,S1_depeg_stablecoin,indonesia,USDC
978,0.9765383084928502,2928911964310.8994,314,S1_depeg_stablecoin,indonesia,USDC
979,0.9449682366718797,2928911964310.8994,314,S1_depeg_stablecoin,indonesia,USDC
980,0.9315563912820574,2928911956057.306,314,S1_depeg_stablecoin,indonesia,USDC
981,0.9384313880026438,2928911943470.8955,314,S1_depeg_stablecoin,indonesia,USDC
982,0.925295057128859,2928911933933.999,314,S1_depeg_stablecoin,indonesia,USDC
983,0.9382868900292599,2928911920622.477,314,S1_depeg_stablecoin,indonesia,USDC
984,0.954412953613795,2928911910753.7314,314,S1_depeg_stablecoin,indonesia,USDC
985,0.9508943351460379,2928911906061.8086,314,S1_depeg_stablecoin,indonesia,USDC
986,0.9724491160065094,2928911901130.3447,314,S1_depeg_stablecoin,indonesia,USDC
987,0.958507835760939,2928911901130.3447,314,S1_depeg_stablecoin,indonesia,USDC
988,0.9392039560951011,2928911898388.958,314,S1_depeg_stablecoin,indonesia,USDC
989,0.9108258572928061,2928911889511.4736,314,S1_depeg_stablecoin,indonesia,USDC
990,0.9096132734189558,2928911874239.5747,314,S1_depeg_stablecoin,indonesia,USDC
991,0.913737187359887,2928911859117.8193,314,S1_depeg_stablecoin,indonesia,USDC
992,0.951432792225032,2928911845176.9443,314,S1_depeg_stablecoin,indonesia,USDC
993,0.9332507730144297,2928911840843.1855,314,S1_depeg_stablecoin,indonesia,USDC
994,0.9715400393937275,2928911833193.845,314,S1_depeg_stablecoin,indonesia,USDC
995,0.9725860287521889,2928911833193.845,314,S1_depeg_stablecoin,indonesia,USDC
996,0.971796151605572,2928911833193.845,314,S1_depeg_stablecoin,indonesia,USDC
997,0.9755417845194734,2928911833193.845,314,S1_depeg_stablecoin,indonesia,USDC
998,0.9576777148999558,2928911833193.845,314,S1_depeg_stablecoin,indonesia,USDC
999,0.8217495753517032,2928911830937.714,314,S1_depeg_stablecoin,indonesia,USDC
1000,0.8129301186353425,2928911798510.9453,314,S1_depeg_stablecoin,indonesia,USDC
