Step,price,liquidity,iteration,scenario,region,coin
1,0.9742057532737596,2989999077459.9624,174,S1_depeg_stablecoin,indonesia,USDC
2,0.9562333151444363,2989999077459.9624,174,S1_depeg_stablecoin,indonesia,USDC
3,0.979254159341419,2989170090089.956,174,S1_depeg_stablecoin,indonesia,USDC
4,1.0038490888719143,2989170090089.956,174,S1_depeg_stablecoin,indonesia,USDC
5,1.0043698933771723,2989170090089.956,174,S1_depeg_stablecoin,indonesia,USDC
6,1.0018501482758098,2989170090089.956,174,S1_depeg_stablecoin,indonesia,USDC
7,0.9925708820493317,2989170090089.956,174,S1_depeg_stablecoin,indonesia,USDC
8,0.9884929030670706,2989170090089.956,174,S1_depeg_stablecoin,indonesia,USDC
9,0.9987536416302146,2989170090089.956,174,S1_depeg_stablecoin,indonesia,USDC
10,0.9893092039416163,2989170090089.956,174,S1_depeg_stablecoin,indonesia,USDC
11,1.0157524667428968,2989170090089.956,174,S1_depeg_stablecoin,indonesia,USDC
12,0.984117185187104,2989170090089.956,174,S1_depeg_stablecoin,indonesia,USDC
13,0.993975403416556,2989170090089.956,174,S1_depeg_stablecoin,indonesia,USDC
14,0.9616747242874831,2989170090089.956,174,S1_depeg_stablecoin,indonesia,USDC
15,0.9956216901576743,2988672195821.718,174,S1_depeg_stablecoin,indonesia,USDC
16,0.9834993485321101,2988672195821.718,174,S1_depeg_stablecoin,indonesia,USDC
17,0.9950746726815519,2988672195821.718,174,S1_depeg_stablecoin,indonesia,USDC
18,0.9902286961558835,2988672195821.718,174,S1_depeg_stablecoin,indonesia,USDC
19,0.9754833430816695,2988672195821.718,174,S1_depeg_stablecoin,indonesia,USDC
20,0.970819818415391,2988672195821.718,174,S1_depeg_stablecoin,indonesia,USDC
21,0.941423999047614,2988672195821.718,174,S1_depeg_stablecoin,indonesia,USDC
22,0.9240048015250582,2986989823389.7974,174,S1_depeg_stablecoin,indonesia,USDC
23,0.917782040847686,2984287451564.7686,174,S1_depeg_stablecoin,indonesia,USDC
24,0.9129205766686737,2981386282633.438,174,S1_depeg_stablecoin,indonesia,USDC
25,0.9141769310162609,2978362414553.1177,174,S1_depeg_stablecoin,indonesia,USDC
26,0.9395049229517047,2975600697978.0576,174,S1_depeg_stablecoin,indonesia,USDC
27,0.9536444567549158,2974181982450.7227,174,S1_depeg_stablecoin,indonesia,USDC
28,0.9536322745017789,2973471279517.9756,174,S1_depeg_stablecoin,indonesia,USDC
29,0.9540109328480919,2972760729542.0347,174,S1_depeg_stablecoin,indonesia,USDC
30,0.9679102871108336,2972090325396.202,174,S1_depeg_stablecoin,indonesia,USDC
31,1.001077933898127,2971999646403.0747,174,S1_depeg_stablecoin,indonesia,USDC
32,1.0184827176413893,2971999646403.0747,174,S1_depeg_stablecoin,indonesia,USDC
33,0.9992551185971994,2971999646403.0747,174,S1_depeg_stablecoin,indonesia,USDC
34,0.999198205515259,2971999646403.0747,174,S1_depeg_stablecoin,indonesia,USDC
35,1.0022763013904104,2971999646403.0747,174,S1_depeg_stablecoin,indonesia,USDC
36,0.996998645077337,2971999646403.0747,174,S1_depeg_stablecoin,indonesia,USDC
37,1.0183507997788754,2971999646403.0747,174,S1_depeg_stablecoin,indonesia,USDC
38,1.017245424519016,2971999646403.0747,174,S1_depeg_stablecoin,indonesia,USDC
39,1.03376907440608,2971999646403.0747,174,S1_depeg_stablecoin,indonesia,USDC
40,1.0208322502356137,2971999646403.0747,174,S1_depeg_stablecoin,indonesia,USDC
41,1.0108546636939097,2971999646403.0747,174,S1_depeg_stablecoin,indonesia,USDC
42,1.0277139167008216,2971999646403.0747,174,S1_depeg_stablecoin,indonesia,USDC
43,1.018107113901193,2971999646403.0747,174,S1_depeg_stablecoin,indonesia,USDC
44,1.0224084877585788,2971999646403.0747,174,S1_depeg_stablecoin,indonesia,USDC
45,1.011111401332784,2971999646403.0747,174,S1_depeg_stablecoin,indonesia,USDC
46,1.0213821726691197,2971999646403.0747,174,S1_depeg_stablecoin,indonesia,USDC
47,1.0341868624555912,2971999646403.0747,174,S1_depeg_stablecoin,indonesia,USDC
48,1.0175478960703286,2971999646403.0747,174,S1_depeg_stablecoin,indonesia,USDC
49,1.0105407734856715,2971999646403.0747,174,S1_depeg_stablecoin,indonesia,USDC
50,1.0096366742514902,2971999646403.0747,174,S1_depeg_stablecoin,indonesia,USDC
51,1.039334721116309,2971999646403.0747,174,S1_depeg_stablecoin,indonesia,USDC
52,1.0425326096565612,2971999646403.0747,174,S1_depeg_stablecoin,indonesia,USDC
53,1.039169695548043,2971999646403.0747,174,S1_depeg_stablecoin,indonesia,USDC
54,1.0454134619577855,2971999646403.0747,174,S1_depeg_stablecoin,indonesia,USDC
55,0.9951125573703181,2971999646403.0747,174,S1_depeg_stablecoin,indonesia,USDC
56,1.0188778714419804,2971999646403.0747,174,S1_depeg_stablecoin,indonesia,USDC
57,1.0288210330223304,2971999646403.0747,174,S1_depeg_stablecoin,indonesia,USDC
58,1.017178572700848,2971999646403.0747,174,S1_depeg_stablecoin,indonesia,USDC
59,1.0330250764060853,2971999646403.0747,174,S1_depeg_stablecoin,indonesia,USDC
60,1.035817474271336,2971999646403.0747,174,S1_depeg_stablecoin,indonesia,USDC
61,1.113778356756477,2971999646403.0747,174,S1_depeg_stablecoin,indonesia,USDC
62,1.099135734413444,2971999646403.0747,174,S1_depeg_stablecoin,indonesia,USDC
63,1.0815093591668636,2971999646403.0747,174,S1_depeg_stablecoin,indonesia,USDC
64,1.0538840978056536,2971999646403.0747,174,S1_depeg_stablecoin,indonesia,USDC
65,1.0648555846685874,2971999646403.0747,174,S1_depeg_stablecoin,indonesia,USDC
66,1.0766895278772535,2971999646403.0747,174,S1_depeg_stablecoin,indonesia,USDC
67,1.0701176880780192,2971999646403.0747,174,S1_depeg_stablecoin,indonesia,USDC
68,1.0819099323025727,2971999646403.0747,174,S1_depeg_stablecoin,indonesia,USDC
69,1.1034390706855008,2971999646403.0747,174,S1_depeg_stablecoin,indonesia,USDC
70,1.112715525651105,2971999646403.0747,174,S1_depeg_stablecoin,indonesia,USDC
71,1.141278644131887,2971999646403.0747,174,S1_depeg_stablecoin,indonesia,USDC
72,1.1234938312245406,2971999646403.0747,174,S1_depeg_stablecoin,indonesia,USDC
73,1.1052601296944975,2971999646403.0747,174,S1_depeg_stablecoin,indonesia,USDC
74,1.081901056907077,2971999646403.0747,174,S1_depeg_stablecoin,indonesia,USDC
75,1.0820211460230638,2971999646403.0747,174,S1_depeg_stablecoin,indonesia,USDC
76,1.0792597515404017,2971999646403.0747,174,S1_depeg_stablecoin,indonesia,USDC
77,1.096937986742834,2971999646403.0747,174,S1_depeg_stablecoin,indonesia,USDC
78,1.108268614017596,2971999646403.0747,174,S1_depeg_stablecoin,indonesia,USDC
79,1.086609055359123,2971999646403.0747,174,S1_depeg_stablecoin,indonesia,USDC
80,1.086388617207202,2971999646403.0747,174,S1_depeg_stablecoin,indonesia,USDC
81,1.0680883153381784,2971999646403.0747,174,S1_depeg_stablecoin,indonesia,USDC
82,1.0724608729250735,2971999646403.0747,174,S1_depeg_stablecoin,indonesia,USDC
83,1.0455357121373083,2971999646403.0747,174,S1_depeg_stablecoin,indonesia,USDC
84,1.0269275053914013,2971999646403.0747,174,S1_depeg_stablecoin,indonesia,USDC
85,1.0502346601142563,2971999646403.0747,174,S1_depeg_stablecoin,indonesia,USDC
86,1.046903555148133,2971999646403.0747,174,S1_depeg_stablecoin,indonesia,USDC
87,1.0101049803715263,2971999646403.0747,174,S1_depeg_stablecoin,indonesia,USDC
88,1.0421354023310871,2971999646403.0747,174,S1_depeg_stablecoin,indonesia,USDC
89,1.03898309805287,2971999646403.0747,174,S1_depeg_stablecoin,indonesia,USDC
90,1.0304467168087021,2971999646403.0747,174,S1_depeg_stablecoin,indonesia,USDC
91,1.0341325404454818,2971999646403.0747,174,S1_depeg_stablecoin,indonesia,USDC
92,1.0743196632509842,2971999646403.0747,174,S1_depeg_stablecoin,indonesia,USDC
93,1.1075721022115694,2971999646403.0747,174,S1_depeg_stablecoin,indonesia,USDC
94,1.0903819757203392,2971999646403.0747,174,S1_depeg_stablecoin,indonesia,USDC
95,1.0930220961397539,2971999646403.0747,174,S1_depeg_stablecoin,indonesia,USDC
96,1.0898369762905915,2971999646403.0747,174,S1_depeg_stablecoin,indonesia,USDC
97,1.106587253946162,2971999646403.0747,174,S1_depeg_stablecoin,indonesia,USDC
98,1.0863856575840967,2971999646403.0747,174,S1_depeg_stablecoin,indonesia,USDC
99,1.0856150594457747,2971999646403.0747,174,S1_depeg_stablecoin,indonesia,USDC
100,1.0612494661690905,2971999646403.0747,174,S1_depeg_stablecoin,indonesia,USDC
101,0.8911921358190804,2971999646403.0747,174,S1_depeg_stablecoin,indonesia,USDC
102,0.8849084164847116,2968665789599.789,174,S1_depeg_stablecoin,indonesia,USDC
103,0.897764573440004,2965273818707.719,174,S1_depeg_stablecoin,indonesia,USDC
104,0.924626498033579,2962646925943.982,174,S1_depeg_stablecoin,indonesia,USDC
105,0.9566836710222083,2961119763864.199,174,S1_depeg_stablecoin,indonesia,USDC
106,0.9541435830416641,2960738773680.192,174,S1_depeg_stablecoin,indonesia,USDC
107,0.9352842954512004,2960308937779.07,174,S1_depeg_stablecoin,indonesia,USDC
108,0.9685302784321224,2959257857638.1357,174,S1_depeg_stablecoin,indonesia,USDC
109,0.9799658934832588,2959213525411.0454,174,S1_depeg_stablecoin,indonesia,USDC
110,0.9725122232862405,2959213525411.0454,174,S1_depeg_stablecoin,indonesia,USDC
111,0.942383520544089,2959213525411.0454,174,S1_depeg_stablecoin,indonesia,USDC
112,0.9878245812221323,2958468537246.4604,174,S1_depeg_stablecoin,indonesia,USDC
113,1.0041155513148254,2958468537246.4604,174,S1_depeg_stablecoin,indonesia,USDC
114,1.0157005988572887,2958468537246.4604,174,S1_depeg_stablecoin,indonesia,USDC
115,1.0244982764669681,2958468537246.4604,174,S1_depeg_stablecoin,indonesia,USDC
116,1.0954499353489198,2958468537246.4604,174,S1_depeg_stablecoin,indonesia,USDC
117,1.0571463009180582,2958468537246.4604,174,S1_depeg_stablecoin,indonesia,USDC
118,1.0355325324352167,2958468537246.4604,174,S1_depeg_stablecoin,indonesia,USDC
119,1.0174502384996567,2958468537246.4604,174,S1_depeg_stablecoin,indonesia,USDC
120,1.0121893397658868,2958468537246.4604,174,S1_depeg_stablecoin,indonesia,USDC
121,0.9868773800912195,2958468537246.4604,174,S1_depeg_stablecoin,indonesia,USDC
122,0.9901921236751362,2958468537246.4604,174,S1_depeg_stablecoin,indonesia,USDC
123,0.9877477811209044,2958468537246.4604,174,S1_depeg_stablecoin,indonesia,USDC
124,0.96615561616713,2958468537246.4604,174,S1_depeg_stablecoin,indonesia,USDC
125,0.9631497770561639,2958388799719.6104,174,S1_depeg_stablecoin,indonesia,USDC
126,0.9823270255866653,2958188309073.4326,174,S1_depeg_stablecoin,indonesia,USDC
127,0.9962009278423583,2958188309073.4326,174,S1_depeg_stablecoin,indonesia,USDC
128,0.9849085813828076,2958188309073.4326,174,S1_depeg_stablecoin,indonesia,USDC
129,0.9731319383248618,2958188309073.4326,174,S1_depeg_stablecoin,indonesia,USDC
130,0.9858414722621649,2958188309073.4326,174,S1_depeg_stablecoin,indonesia,USDC
131,0.9866640072511228,2958188309073.4326,174,S1_depeg_stablecoin,indonesia,USDC
132,0.9642964505428057,2958188309073.4326,174,S1_depeg_stablecoin,indonesia,USDC
133,0.9805100865433704,2958074437016.3047,174,S1_depeg_stablecoin,indonesia,USDC
134,0.9867025816344024,2958074437016.3047,174,S1_depeg_stablecoin,indonesia,USDC
135,0.9993671922449757,2958074437016.3047,174,S1_depeg_stablecoin,indonesia,USDC
136,0.9811047961457451,2958074437016.3047,174,S1_depeg_stablecoin,indonesia,USDC
137,1.0098499654302742,2958074437016.3047,174,S1_depeg_stablecoin,indonesia,USDC
138,1.0505839409983315,2958074437016.3047,174,S1_depeg_stablecoin,indonesia,USDC
139,1.055501463810463,2958074437016.3047,174,S1_depeg_stablecoin,indonesia,USDC
140,1.0003704742306774,2958074437016.3047,174,S1_depeg_stablecoin,indonesia,USDC
141,0.9972854712138062,2958074437016.3047,174,S1_depeg_stablecoin,indonesia,USDC
142,0.9775199882733857,2958074437016.3047,174,S1_depeg_stablecoin,indonesia,USDC
143,0.9542511769668002,2958074437016.3047,174,S1_depeg_stablecoin,indonesia,USDC
144,0.9503560706939481,2957684815226.1504,174,S1_depeg_stablecoin,indonesia,USDC
145,0.9526575887495435,2957147813650.59,174,S1_depeg_stablecoin,indonesia,USDC
146,1.0017074321323627,2956662427518.6846,174,S1_depeg_stablecoin,indonesia,USDC
147,1.0224799909091802,2956662427518.6846,174,S1_depeg_stablecoin,indonesia,USDC
148,1.0145162699607457,2956662427518.6846,174,S1_depeg_stablecoin,indonesia,USDC
149,1.017238578565636,2956662427518.6846,174,S1_depeg_stablecoin,indonesia,USDC
150,1.0385250612231838,2956662427518.6846,174,S1_depeg_stablecoin,indonesia,USDC
151,1.0129419690598942,2956662427518.6846,174,S1_depeg_stablecoin,indonesia,USDC
152,1.018760235199807,2956662427518.6846,174,S1_depeg_stablecoin,indonesia,USDC
153,1.01605408415069,2956662427518.6846,174,S1_depeg_stablecoin,indonesia,USDC
154,1.041057745363831,2956662427518.6846,174,S1_depeg_stablecoin,indonesia,USDC
155,1.0594574420524696,2956662427518.6846,174,S1_depeg_stablecoin,indonesia,USDC
156,1.0659702076741233,2956662427518.6846,174,S1_depeg_stablecoin,indonesia,USDC
157,1.087031061005796,2956662427518.6846,174,S1_depeg_stablecoin,indonesia,USDC
158,1.0828061373867257,2956662427518.6846,174,S1_depeg_stablecoin,indonesia,USDC
159,1.0564588391221217,2956662427518.6846,174,S1_depeg_stablecoin,indonesia,USDC
160,1.0410364910920058,2956662427518.6846,174,S1_depeg_stablecoin,indonesia,USDC
161,1.0300920478443583,2956662427518.6846,174,S1_depeg_stablecoin,indonesia,USDC
162,1.0311821473986051,2956662427518.6846,174,S1_depeg_stablecoin,indonesia,USDC
163,1.0375178665467681,2956662427518.6846,174,S1_depeg_stablecoin,indonesia,USDC
164,1.0508213875152244,2956662427518.6846,174,S1_depeg_stablecoin,indonesia,USDC
165,1.0536191665362373,2956662427518.6846,174,S1_depeg_stablecoin,indonesia,USDC
166,1.0411661481834473,2956662427518.6846,174,S1_depeg_stablecoin,indonesia,USDC
167,1.0295969814065522,2956662427518.6846,174,S1_depeg_stablecoin,indonesia,USDC
168,1.0727513518599814,2956662427518.6846,174,S1_depeg_stablecoin,indonesia,USDC
169,1.0640985800579261,2956662427518.6846,174,S1_depeg_stablecoin,indonesia,USDC
170,1.0555275267837303,2956662427518.6846,174,S1_depeg_stablecoin,indonesia,USDC
171,1.07040479395997,2956662427518.6846,174,S1_depeg_stablecoin,indonesia,USDC
172,1.0718056319605849,2956662427518.6846,174,S1_depeg_stablecoin,indonesia,USDC
173,1.0549552549345762,2956662427518.6846,174,S1_depeg_stablecoin,indonesia,USDC
174,1.064152760904094,2956662427518.6846,174,S1_depeg_stablecoin,indonesia,USDC
175,1.08870901281164,2956662427518.6846,174,S1_depeg_stablecoin,indonesia,USDC
176,1.0709075210539876,2956662427518.6846,174,S1_depeg_stablecoin,indonesia,USDC
177,1.0782936895458717,2956662427518.6846,174,S1_depeg_stablecoin,indonesia,USDC
178,1.0362372489475327,2956662427518.6846,174,S1_depeg_stablecoin,indonesia,USDC
179,1.0570487959432011,2956662427518.6846,174,S1_depeg_stablecoin,indonesia,USDC
180,1.0172189134152645,2956662427518.6846,174,S1_depeg_stablecoin,indonesia,USDC
181,0.9758428774110136,2956662427518.6846,174,S1_depeg_stablecoin,indonesia,USDC
182,0.9791408705416929,2956662427518.6846,174,S1_depeg_stablecoin,indonesia,USDC
183,0.9880648423033622,2956662427518.6846,174,S1_depeg_stablecoin,indonesia,USDC
184,0.9908764577148789,2956662427518.6846,174,S1_depeg_stablecoin,indonesia,USDC
185,0.9915562445040065,2956662427518.6846,174,S1_depeg_stablecoin,indonesia,USDC
186,0.9631312698990769,2956662427518.6846,174,S1_depeg_stablecoin,indonesia,USDC
187,0.968091082725827,2956473619936.0664,174,S1_depeg_stablecoin,indonesia,USDC
188,0.9667671263267056,2956465064253.4155,174,S1_depeg_stablecoin,indonesia,USDC
189,0.9738221335666915,2956376856839.042,174,S1_depeg_stablecoin,indonesia,USDC
190,0.9808125817164497,2956376856839.042,174,S1_depeg_stablecoin,indonesia,USDC
191,0.967255439826448,2956376856839.042,174,S1_depeg_stablecoin,indonesia,USDC
192,0.9979354765068246,2956317015533.99,174,S1_depeg_stablecoin,indonesia,USDC
193,1.0069536327841253,2956317015533.99,174,S1_depeg_stablecoin,indonesia,USDC
194,0.9935945673937304,2956317015533.99,174,S1_depeg_stablecoin,indonesia,USDC
195,0.9877296852041098,2956317015533.99,174,S1_depeg_stablecoin,indonesia,USDC
196,0.9815560672022777,2956317015533.99,174,S1_depeg_stablecoin,indonesia,USDC
197,0.9896892955210852,2956317015533.99,174,S1_depeg_stablecoin,indonesia,USDC
198,0.9617743175172307,2956317015533.99,174,S1_depeg_stablecoin,indonesia,USDC
199,0.94894116764582,2956145693941.2305,174,S1_depeg_stablecoin,indonesia,USDC
200,0.9565003787878295,2955623961548.155,174,S1_depeg_stablecoin,indonesia,USDC
201,0.8129354084441797,2955267336570.014,174,S1_depeg_stablecoin,indonesia,USDC
202,0.8315545204885788,2951175842965.4297,174,S1_depeg_stablecoin,indonesia,USDC
203,0.8329023518367892,2948337213136.665,174,S1_depeg_stablecoin,indonesia,USDC
204,0.851712821167208,2945850822735.129,174,S1_depeg_stablecoin,indonesia,USDC
205,0.8550157955871225,2943998229660.3223,174,S1_depeg_stablecoin,indonesia,USDC
206,0.8574750195690072,2942408336438.876,174,S1_depeg_stablecoin,indonesia,USDC
207,0.8596375971693792,2941059965145.9805,174,S1_depeg_stablecoin,indonesia,USDC
208,0.873463841206839,2939801505205.2915,174,S1_depeg_stablecoin,indonesia,USDC
209,0.897984234040716,2938889885984.9883,174,S1_depeg_stablecoin,indonesia,USDC
210,0.8884819448420647,2938276557888.242,174,S1_depeg_stablecoin,indonesia,USDC
211,0.9184821703307405,2937612655591.672,174,S1_depeg_stablecoin,indonesia,USDC
212,0.9055072502049206,2937229668342.9478,174,S1_depeg_stablecoin,indonesia,USDC
213,0.8925469349691851,2936772304094.6,174,S1_depeg_stablecoin,indonesia,USDC
214,0.8930296776585728,2936256419152.4463,174,S1_depeg_stablecoin,indonesia,USDC
215,0.8877745978328692,2935794396354.3237,174,S1_depeg_stablecoin,indonesia,USDC
216,0.918788808331698,2935303136120.5347,174,S1_depeg_stablecoin,indonesia,USDC
217,0.918163733299385,2935023108115.703,174,S1_depeg_stablecoin,indonesia,USDC
218,0.9391001264455411,2934761662970.415,174,S1_depeg_stablecoin,indonesia,USDC
219,0.9318156330661862,2934624898797.9443,174,S1_depeg_stablecoin,indonesia,USDC
220,0.9087051226439216,2934442801829.5527,174,S1_depeg_stablecoin,indonesia,USDC
221,0.9484137076485093,2934168980921.239,174,S1_depeg_stablecoin,indonesia,USDC
222,0.9670473718265707,2934076184266.401,174,S1_depeg_stablecoin,indonesia,USDC
223,0.9938636395736328,2934070699100.2236,174,S1_depeg_stablecoin,indonesia,USDC
224,1.027754602129627,2934070699100.2236,174,S1_depeg_stablecoin,indonesia,USDC
225,1.0117000369774904,2934070699100.2236,174,S1_depeg_stablecoin,indonesia,USDC
226,1.0101680052049695,2934070699100.2236,174,S1_depeg_stablecoin,indonesia,USDC
227,1.013940739282242,2934070699100.2236,174,S1_depeg_stablecoin,indonesia,USDC
228,1.0084295689846068,2934070699100.2236,174,S1_depeg_stablecoin,indonesia,USDC
229,0.9977104148731565,2934070699100.2236,174,S1_depeg_stablecoin,indonesia,USDC
230,1.007726536593406,2934070699100.2236,174,S1_depeg_stablecoin,indonesia,USDC
231,1.050476999221552,2934070699100.2236,174,S1_depeg_stablecoin,indonesia,USDC
232,1.038699416432122,2934070699100.2236,174,S1_depeg_stablecoin,indonesia,USDC
233,1.0082886827268387,2934070699100.2236,174,S1_depeg_stablecoin,indonesia,USDC
234,1.0050441024228425,2934070699100.2236,174,S1_depeg_stablecoin,indonesia,USDC
235,0.9795467659163228,2934070699100.2236,174,S1_depeg_stablecoin,indonesia,USDC
236,1.0187973395265988,2934070699100.2236,174,S1_depeg_stablecoin,indonesia,USDC
237,1.0096351592789858,2934070699100.2236,174,S1_depeg_stablecoin,indonesia,USDC
238,1.0190465764262404,2934070699100.2236,174,S1_depeg_stablecoin,indonesia,USDC
239,1.0514858990578737,2934070699100.2236,174,S1_depeg_stablecoin,indonesia,USDC
240,1.0427968190462795,2934070699100.2236,174,S1_depeg_stablecoin,indonesia,USDC
241,1.0315741744825058,2934070699100.2236,174,S1_depeg_stablecoin,indonesia,USDC
242,0.9854074671797557,2934070699100.2236,174,S1_depeg_stablecoin,indonesia,USDC
243,1.0152231804403478,2934070699100.2236,174,S1_depeg_stablecoin,indonesia,USDC
244,1.015901385776884,2934070699100.2236,174,S1_depeg_stablecoin,indonesia,USDC
245,0.9886132170931798,2934070699100.2236,174,S1_depeg_stablecoin,indonesia,USDC
246,0.9958821485602417,2934070699100.2236,174,S1_depeg_stablecoin,indonesia,USDC
247,0.987635671360731,2934070699100.2236,174,S1_depeg_stablecoin,indonesia,USDC
248,0.9876084941316733,2934070699100.2236,174,S1_depeg_stablecoin,indonesia,USDC
249,0.9883071620366404,2934070699100.2236,174,S1_depeg_stablecoin,indonesia,USDC
250,0.9630115470674043,2934070699100.2236,174,S1_depeg_stablecoin,indonesia,USDC
251,0.9618701537238477,2934049127773.5,174,S1_depeg_stablecoin,indonesia,USDC
252,0.9674358711006315,2934023143343.9463,174,S1_depeg_stablecoin,indonesia,USDC
253,0.9990707266774983,2934019260649.494,174,S1_depeg_stablecoin,indonesia,USDC
254,1.0062519270277854,2934019260649.494,174,S1_depeg_stablecoin,indonesia,USDC
255,1.0084617767614583,2934019260649.494,174,S1_depeg_stablecoin,indonesia,USDC
256,1.015649066327599,2934019260649.494,174,S1_depeg_stablecoin,indonesia,USDC
257,1.0462083424281428,2934019260649.494,174,S1_depeg_stablecoin,indonesia,USDC
258,1.0236278637745193,2934019260649.494,174,S1_depeg_stablecoin,indonesia,USDC
259,1.0298170435265217,2934019260649.494,174,S1_depeg_stablecoin,indonesia,USDC
260,1.0299281992965696,2934019260649.494,174,S1_depeg_stablecoin,indonesia,USDC
261,1.0647916515762779,2934019260649.494,174,S1_depeg_stablecoin,indonesia,USDC
262,1.0568750303677679,2934019260649.494,174,S1_depeg_stablecoin,indonesia,USDC
263,1.0414534964668214,2934019260649.494,174,S1_depeg_stablecoin,indonesia,USDC
264,1.0351589753458401,2934019260649.494,174,S1_depeg_stablecoin,indonesia,USDC
265,1.0262673360935417,2934019260649.494,174,S1_depeg_stablecoin,indonesia,USDC
266,1.0430989331308123,2934019260649.494,174,S1_depeg_stablecoin,indonesia,USDC
267,1.0397448219966448,2934019260649.494,174,S1_depeg_stablecoin,indonesia,USDC
268,1.0334648658463195,2934019260649.494,174,S1_depeg_stablecoin,indonesia,USDC
269,1.021033395291442,2934019260649.494,174,S1_depeg_stablecoin,indonesia,USDC
270,1.0347852806788274,2934019260649.494,174,S1_depeg_stablecoin,indonesia,USDC
271,1.025794812574842,2934019260649.494,174,S1_depeg_stablecoin,indonesia,USDC
272,1.029370892828498,2934019260649.494,174,S1_depeg_stablecoin,indonesia,USDC
273,1.0527440059181075,2934019260649.494,174,S1_depeg_stablecoin,indonesia,USDC
274,1.0546271338884532,2934019260649.494,174,S1_depeg_stablecoin,indonesia,USDC
275,1.0609265696597336,2934019260649.494,174,S1_depeg_stablecoin,indonesia,USDC
276,1.087754634406241,2934019260649.494,174,S1_depeg_stablecoin,indonesia,USDC
277,1.070485658753502,2934019260649.494,174,S1_depeg_stablecoin,indonesia,USDC
278,1.0395599852598807,2934019260649.494,174,S1_depeg_stablecoin,indonesia,USDC
279,1.0276225299732986,2934019260649.494,174,S1_depeg_stablecoin,indonesia,USDC
280,1.0087576544368446,2934019260649.494,174,S1_depeg_stablecoin,indonesia,USDC
281,0.9954109216846813,2934019260649.494,174,S1_depeg_stablecoin,indonesia,USDC
282,0.9971026622088894,2934019260649.494,174,S1_depeg_stablecoin,indonesia,USDC
283,0.9757967140575683,2934019260649.494,174,S1_depeg_stablecoin,indonesia,USDC
284,0.936512769863118,2934019260649.494,174,S1_depeg_stablecoin,indonesia,USDC
285,0.9392257705201112,2933880472196.2363,174,S1_depeg_stablecoin,indonesia,USDC
286,0.9280974387944723,2933761375586.7544,174,S1_depeg_stablecoin,indonesia,USDC
287,0.9498369591152415,2933608145829.0728,174,S1_depeg_stablecoin,indonesia,USDC
288,0.9947883199516917,2933536228256.627,174,S1_depeg_stablecoin,indonesia,USDC
289,0.980457506995249,2933536228256.627,174,S1_depeg_stablecoin,indonesia,USDC
290,0.9700794154667973,2933536228256.627,174,S1_depeg_stablecoin,indonesia,USDC
291,0.9537443618852747,2933536228256.627,174,S1_depeg_stablecoin,indonesia,USDC
292,0.944048888521361,2933482583180.079,174,S1_depeg_stablecoin,indonesia,USDC
293,0.9587411292010353,2933396084112.4683,174,S1_depeg_stablecoin,indonesia,USDC
294,0.9316370550178925,2933359053367.547,174,S1_depeg_stablecoin,indonesia,USDC
295,0.9463848190232844,2933226168242.925,174,S1_depeg_stablecoin,indonesia,USDC
296,0.9179496619116132,2933156521562.4604,174,S1_depeg_stablecoin,indonesia,USDC
297,0.931797053867161,2933000446752.95,174,S1_depeg_stablecoin,indonesia,USDC
298,0.8969662014090617,2932889282806.373,174,S1_depeg_stablecoin,indonesia,USDC
299,0.9065710706021148,2932676821307.929,174,S1_depeg_stablecoin,indonesia,USDC
300,0.9081814985461606,2932501721900.2197,174,S1_depeg_stablecoin,indonesia,USDC
301,0.8941808787696406,2932350137122.7603,174,S1_depeg_stablecoin,indonesia,USDC
302,0.9102267704021697,2932174940561.9736,174,S1_depeg_stablecoin,indonesia,USDC
303,0.9000698595298612,2932040859773.551,174,S1_depeg_stablecoin,indonesia,USDC
304,0.9164629715919607,2931900624423.743,174,S1_depeg_stablecoin,indonesia,USDC
305,0.8880779225741127,2931801151378.75,174,S1_depeg_stablecoin,indonesia,USDC
306,0.9052565195433384,2931652416483.86,174,S1_depeg_stablecoin,indonesia,USDC
307,0.9106309987426329,2931550137341.4814,174,S1_depeg_stablecoin,indonesia,USDC
308,0.9310837271618888,2931459961319.991,174,S1_depeg_stablecoin,indonesia,USDC
309,0.9103786696121793,2931401350851.041,174,S1_depeg_stablecoin,indonesia,USDC
310,0.9541081001357002,2931317318002.456,174,S1_depeg_stablecoin,indonesia,USDC
311,0.9684873053071906,2931295720737.8184,174,S1_depeg_stablecoin,indonesia,USDC
312,1.005760750413621,2931294374559.144,174,S1_depeg_stablecoin,indonesia,USDC
313,1.0054443028289948,2931294374559.144,174,S1_depeg_stablecoin,indonesia,USDC
314,0.9709889788119496,2931294374559.144,174,S1_depeg_stablecoin,indonesia,USDC
315,0.9882174802267161,2931294374559.144,174,S1_depeg_stablecoin,indonesia,USDC
316,0.9841301677661699,2931294374559.144,174,S1_depeg_stablecoin,indonesia,USDC
317,1.010067068598981,2931294374559.144,174,S1_depeg_stablecoin,indonesia,USDC
318,1.0043451938481154,2931294374559.144,174,S1_depeg_stablecoin,indonesia,USDC
319,0.9962994920195464,2931294374559.144,174,S1_depeg_stablecoin,indonesia,USDC
320,0.9995667126357363,2931294374559.144,174,S1_depeg_stablecoin,indonesia,USDC
321,1.0184149869891357,2931294374559.144,174,S1_depeg_stablecoin,indonesia,USDC
322,1.027216819385368,2931294374559.144,174,S1_depeg_stablecoin,indonesia,USDC
323,1.0254753206355052,2931294374559.144,174,S1_depeg_stablecoin,indonesia,USDC
324,1.0212636509548798,2931294374559.144,174,S1_depeg_stablecoin,indonesia,USDC
325,0.9953808071792704,2931294374559.144,174,S1_depeg_stablecoin,indonesia,USDC
326,1.0282434221169894,2931294374559.144,174,S1_depeg_stablecoin,indonesia,USDC
327,0.8665531037295792,2931294374559.144,174,S1_depeg_stablecoin,indonesia,USDC
328,0.8878048922017914,2931162148943.229,174,S1_depeg_stablecoin,indonesia,USDC
329,0.9037213522228058,2931063593493.802,174,S1_depeg_stablecoin,indonesia,USDC
330,0.9432150413602816,2930994371747.811,174,S1_depeg_stablecoin,indonesia,USDC
331,0.9546049284324977,2930966888328.9097,174,S1_depeg_stablecoin,indonesia,USDC
332,0.9753919563395114,2930953044256.014,174,S1_depeg_stablecoin,indonesia,USDC
333,0.9972940387795742,2930953044256.014,174,S1_depeg_stablecoin,indonesia,USDC
334,0.9821731323291734,2930953044256.014,174,S1_depeg_stablecoin,indonesia,USDC
335,0.9997914678146846,2930953044256.014,174,S1_depeg_stablecoin,indonesia,USDC
336,0.9847391615064295,2930953044256.014,174,S1_depeg_stablecoin,indonesia,USDC
337,1.036025606667571,2930953044256.014,174,S1_depeg_stablecoin,indonesia,USDC
338,1.0079035466678374,2930953044256.014,174,S1_depeg_stablecoin,indonesia,USDC
339,1.0256798329934647,2930953044256.014,174,S1_depeg_stablecoin,indonesia,USDC
340,0.9988853960966964,2930953044256.014,174,S1_depeg_stablecoin,indonesia,USDC
341,1.0149571698745508,2930953044256.014,174,S1_depeg_stablecoin,indonesia,USDC
342,1.010285479597946,2930953044256.014,174,S1_depeg_stablecoin,indonesia,USDC
343,1.0251124064188215,2930953044256.014,174,S1_depeg_stablecoin,indonesia,USDC
344,1.0298533120536173,2930953044256.014,174,S1_depeg_stablecoin,indonesia,USDC
345,1.0349765105726627,2930953044256.014,174,S1_depeg_stablecoin,indonesia,USDC
346,1.0444399574094432,2930953044256.014,174,S1_depeg_stablecoin,indonesia,USDC
347,1.0261295687573389,2930953044256.014,174,S1_depeg_stablecoin,indonesia,USDC
348,1.0008903587995799,2930953044256.014,174,S1_depeg_stablecoin,indonesia,USDC
349,0.9923017780907836,2930953044256.014,174,S1_depeg_stablecoin,indonesia,USDC
350,0.9967975535516586,2930953044256.014,174,S1_depeg_stablecoin,indonesia,USDC
351,0.846281698876596,2930953044256.014,174,S1_depeg_stablecoin,indonesia,USDC
352,0.8576960948837392,2930833864861.3887,174,S1_depeg_stablecoin,indonesia,USDC
353,0.8541237595328202,2930741301422.03,174,S1_depeg_stablecoin,indonesia,USDC
354,0.8656482766122364,2930654482101.747,174,S1_depeg_stablecoin,indonesia,USDC
355,0.8772155310383624,2930585484749.908,174,S1_depeg_stablecoin,indonesia,USDC
356,0.913609014605461,2930533103921.4463,174,S1_depeg_stablecoin,indonesia,USDC
357,0.9092899217833954,2930504436370.129,174,S1_depeg_stablecoin,indonesia,USDC
358,0.9274889803782671,2930472807113.465,174,S1_depeg_stablecoin,indonesia,USDC
359,0.9367663682978722,2930452045535.5312,174,S1_depeg_stablecoin,indonesia,USDC
360,0.9274106750671923,2930436526180.69,174,S1_depeg_stablecoin,indonesia,USDC
361,0.9541770839331599,2930417319329.4443,174,S1_depeg_stablecoin,indonesia,USDC
362,0.9722876092345192,2930411154352.1606,174,S1_depeg_stablecoin,indonesia,USDC
363,0.979930520985266,2930411154352.1606,174,S1_depeg_stablecoin,indonesia,USDC
364,1.0093978010833582,2930411154352.1606,174,S1_depeg_stablecoin,indonesia,USDC
365,1.0391407510813295,2930411154352.1606,174,S1_depeg_stablecoin,indonesia,USDC
366,1.0191606433895384,2930411154352.1606,174,S1_depeg_stablecoin,indonesia,USDC
367,1.0008685624193248,2930411154352.1606,174,S1_depeg_stablecoin,indonesia,USDC
368,0.9985213156092665,2930411154352.1606,174,S1_depeg_stablecoin,indonesia,USDC
369,1.0303359506660892,2930411154352.1606,174,S1_depeg_stablecoin,indonesia,USDC
370,1.0444505410325742,2930411154352.1606,174,S1_depeg_stablecoin,indonesia,USDC
371,1.085360666220042,2930411154352.1606,174,S1_depeg_stablecoin,indonesia,USDC
372,1.084071300351118,2930411154352.1606,174,S1_depeg_stablecoin,indonesia,USDC
373,1.0828131948957622,2930411154352.1606,174,S1_depeg_stablecoin,indonesia,USDC
374,1.1042364177976423,2930411154352.1606,174,S1_depeg_stablecoin,indonesia,USDC
375,1.088359951649672,2930411154352.1606,174,S1_depeg_stablecoin,indonesia,USDC
376,1.067571808251458,2930411154352.1606,174,S1_depeg_stablecoin,indonesia,USDC
377,1.057411889502305,2930411154352.1606,174,S1_depeg_stablecoin,indonesia,USDC
378,1.0124178791876652,2930411154352.1606,174,S1_depeg_stablecoin,indonesia,USDC
379,1.025119286042785,2930411154352.1606,174,S1_depeg_stablecoin,indonesia,USDC
380,1.0055618929384598,2930411154352.1606,174,S1_depeg_stablecoin,indonesia,USDC
381,0.9761449103719444,2930411154352.1606,174,S1_depeg_stablecoin,indonesia,USDC
382,0.9671938049221314,2930411154352.1606,174,S1_depeg_stablecoin,indonesia,USDC
383,0.9989454115509643,2930410659058.964,174,S1_depeg_stablecoin,indonesia,USDC
384,0.968965691813314,2930410659058.964,174,S1_depeg_stablecoin,indonesia,USDC
385,0.9741872850381155,2930410220190.698,174,S1_depeg_stablecoin,indonesia,USDC
386,0.983363750319815,2930410220190.698,174,S1_depeg_stablecoin,indonesia,USDC
387,0.9832255138162674,2930410220190.698,174,S1_depeg_stablecoin,indonesia,USDC
388,0.9659112993806702,2930410220190.698,174,S1_depeg_stablecoin,indonesia,USDC
389,0.9514035807433545,2930409209599.4976,174,S1_depeg_stablecoin,indonesia,USDC
390,0.9519109968018161,2930402374092.748,174,S1_depeg_stablecoin,indonesia,USDC
391,0.9573346761034055,2930395521707.374,174,S1_depeg_stablecoin,indonesia,USDC
392,0.9485499821548995,2930391217198.416,174,S1_depeg_stablecoin,indonesia,USDC
393,0.9759552190158005,2930382894095.9375,174,S1_depeg_stablecoin,indonesia,USDC
394,1.0089852103861987,2930382894095.9375,174,S1_depeg_stablecoin,indonesia,USDC
395,1.0181688473112103,2930382894095.9375,174,S1_depeg_stablecoin,indonesia,USDC
396,1.050350822950966,2930382894095.9375,174,S1_depeg_stablecoin,indonesia,USDC
397,1.0485641576159928,2930382894095.9375,174,S1_depeg_stablecoin,indonesia,USDC
398,1.0392333938005334,2930382894095.9375,174,S1_depeg_stablecoin,indonesia,USDC
399,1.0465757034679815,2930382894095.9375,174,S1_depeg_stablecoin,indonesia,USDC
400,1.06874978730715,2930382894095.9375,174,S1_depeg_stablecoin,indonesia,USDC
401,1.0869533711856854,2930382894095.9375,174,S1_depeg_stablecoin,indonesia,USDC
402,1.100177411448819,2930382894095.9375,174,S1_depeg_stablecoin,indonesia,USDC
403,1.0838915388824026,2930382894095.9375,174,S1_depeg_stablecoin,indonesia,USDC
404,1.089080672286766,2930382894095.9375,174,S1_depeg_stablecoin,indonesia,USDC
405,1.0945207728409532,2930382894095.9375,174,S1_depeg_stablecoin,indonesia,USDC
406,1.0864832242820575,2930382894095.9375,174,S1_depeg_stablecoin,indonesia,USDC
407,1.0478005260721273,2930382894095.9375,174,S1_depeg_stablecoin,indonesia,USDC
408,1.0711075149677451,2930382894095.9375,174,S1_depeg_stablecoin,indonesia,USDC
409,1.0502635665762183,2930382894095.9375,174,S1_depeg_stablecoin,indonesia,USDC
410,1.0457316662551754,2930382894095.9375,174,S1_depeg_stablecoin,indonesia,USDC
411,1.0278736591253304,2930382894095.9375,174,S1_depeg_stablecoin,indonesia,USDC
412,1.0232335193719162,2930382894095.9375,174,S1_depeg_stablecoin,indonesia,USDC
413,1.0237840891517183,2930382894095.9375,174,S1_depeg_stablecoin,indonesia,USDC
414,1.0261932261150541,2930382894095.9375,174,S1_depeg_stablecoin,indonesia,USDC
415,1.034620032376713,2930382894095.9375,174,S1_depeg_stablecoin,indonesia,USDC
416,0.9985231558670637,2930382894095.9375,174,S1_depeg_stablecoin,indonesia,USDC
417,0.9851473607439822,2930382894095.9375,174,S1_depeg_stablecoin,indonesia,USDC
418,1.0058022388621977,2930382894095.9375,174,S1_depeg_stablecoin,indonesia,USDC
419,0.9671545882580457,2930382894095.9375,174,S1_depeg_stablecoin,indonesia,USDC
420,0.9522491618844753,2930381768202.7803,174,S1_depeg_stablecoin,indonesia,USDC
421,0.9628595621528576,2930375076306.475,174,S1_depeg_stablecoin,indonesia,USDC
422,0.937733176381571,2930372546753.2905,174,S1_depeg_stablecoin,indonesia,USDC
423,0.9493332022828143,2930360525146.2236,174,S1_depeg_stablecoin,indonesia,USDC
424,0.9469973902376404,2930353455606.41,174,S1_depeg_stablecoin,indonesia,USDC
425,0.9173135882180019,2930345377379.353,174,S1_depeg_stablecoin,indonesia,USDC
426,0.9010640528379423,2930327556447.6104,174,S1_depeg_stablecoin,indonesia,USDC
427,0.9113481982545144,2930305322205.046,174,S1_depeg_stablecoin,indonesia,USDC
428,0.89797728834849,2930286804879.196,174,S1_depeg_stablecoin,indonesia,USDC
429,0.8686856647607681,2930265441055.5366,174,S1_depeg_stablecoin,indonesia,USDC
430,0.8721904889258395,2930239422929.049,174,S1_depeg_stablecoin,indonesia,USDC
431,0.8706916455983182,2930216771227.0117,174,S1_depeg_stablecoin,indonesia,USDC
432,0.8603481595511899,2930194483794.2603,174,S1_depeg_stablecoin,indonesia,USDC
433,0.8745625066795116,2930172394449.7334,174,S1_depeg_stablecoin,indonesia,USDC
434,0.8928071332771226,2930155716351.3833,174,S1_depeg_stablecoin,indonesia,USDC
435,0.9189266007714213,2930143825932.256,174,S1_depeg_stablecoin,indonesia,USDC
436,0.9290252808407903,2930136809402.3804,174,S1_depeg_stablecoin,indonesia,USDC
437,0.899517911485372,2930131329109.8496,174,S1_depeg_stablecoin,indonesia,USDC
438,0.91888045217885,2930121944687.9927,174,S1_depeg_stablecoin,indonesia,USDC
439,0.9473095681476761,2930115811590.5063,174,S1_depeg_stablecoin,indonesia,USDC
440,0.9444394339300707,2930113187537.0757,174,S1_depeg_stablecoin,indonesia,USDC
441,0.9593112233908953,2930110290708.5776,174,S1_depeg_stablecoin,indonesia,USDC
442,0.9509704474463427,2930109065210.0513,174,S1_depeg_stablecoin,indonesia,USDC
443,0.948740708351405,2930107092991.192,174,S1_depeg_stablecoin,indonesia,USDC
444,0.9453545501595477,2930104819871.672,174,S1_depeg_stablecoin,indonesia,USDC
445,0.9350768575236844,2930102231725.8506,174,S1_depeg_stablecoin,indonesia,USDC
446,0.9486980553643182,2930098863049.3867,174,S1_depeg_stablecoin,indonesia,USDC
447,0.9247545932318982,2930096671681.241,174,S1_depeg_stablecoin,indonesia,USDC
448,0.9200720523426429,2930092497955.0596,174,S1_depeg_stablecoin,indonesia,USDC
449,0.9509919522377555,2930087816965.4395,174,S1_depeg_stablecoin,indonesia,USDC
450,0.9615256705485933,2930086152543.162,174,S1_depeg_stablecoin,indonesia,USDC
451,0.9653954626975253,2930085564506.9043,174,S1_depeg_stablecoin,indonesia,USDC
452,0.9462811945543447,2930085308227.913,174,S1_depeg_stablecoin,indonesia,USDC
453,0.9685543023089345,2930083438454.5977,174,S1_depeg_stablecoin,indonesia,USDC
454,0.972872723042614,2930083312722.128,174,S1_depeg_stablecoin,indonesia,USDC
455,0.9985064982744021,2930083312722.128,174,S1_depeg_stablecoin,indonesia,USDC
456,1.0080032437850974,2930083312722.128,174,S1_depeg_stablecoin,indonesia,USDC
457,0.9917917066570239,2930083312722.128,174,S1_depeg_stablecoin,indonesia,USDC
458,0.9991740525702328,2930083312722.128,174,S1_depeg_stablecoin,indonesia,USDC
459,0.9846898712011564,2930083312722.128,174,S1_depeg_stablecoin,indonesia,USDC
460,0.9793876298624051,2930083312722.128,174,S1_depeg_stablecoin,indonesia,USDC
461,0.9695716183643066,2930083312722.128,174,S1_depeg_stablecoin,indonesia,USDC
462,0.9616011917611589,2930083275521.2627,174,S1_depeg_stablecoin,indonesia,USDC
463,0.9988856363234963,2930082713141.7676,174,S1_depeg_stablecoin,indonesia,USDC
464,0.9779590814880984,2930082713141.7676,174,S1_depeg_stablecoin,indonesia,USDC
465,0.9784144363792181,2930082713141.7676,174,S1_depeg_stablecoin,indonesia,USDC
466,0.9886639545017967,2930082713141.7676,174,S1_depeg_stablecoin,indonesia,USDC
467,0.9765066064081342,2930082713141.7676,174,S1_depeg_stablecoin,indonesia,USDC
468,0.980320583856212,2930082713141.7676,174,S1_depeg_stablecoin,indonesia,USDC
469,0.9758892155255167,2930082713141.7676,174,S1_depeg_stablecoin,indonesia,USDC
470,0.951544380216393,2930082713141.7676,174,S1_depeg_stablecoin,indonesia,USDC
471,0.9968924862318493,2930081330752.6914,174,S1_depeg_stablecoin,indonesia,USDC
472,0.960948773964192,2930081330752.6914,174,S1_depeg_stablecoin,indonesia,USDC
473,0.9802585753263482,2930080563233.9854,174,S1_depeg_stablecoin,indonesia,USDC
474,0.9638552520121388,2930080563233.9854,174,S1_depeg_stablecoin,indonesia,USDC
475,0.9529160614016413,2930080198857.2764,174,S1_depeg_stablecoin,indonesia,USDC
476,0.9723849621864459,2930078967004.466,174,S1_depeg_stablecoin,indonesia,USDC
477,0.9845280242857318,2930078967004.466,174,S1_depeg_stablecoin,indonesia,USDC
478,0.9937533054963603,2930078967004.466,174,S1_depeg_stablecoin,indonesia,USDC
479,1.0166262073022125,2930078967004.466,174,S1_depeg_stablecoin,indonesia,USDC
480,1.0160111520811832,2930078967004.466,174,S1_depeg_stablecoin,indonesia,USDC
481,1.0052354779659411,2930078967004.466,174,S1_depeg_stablecoin,indonesia,USDC
482,1.0205439353262615,2930078967004.466,174,S1_depeg_stablecoin,indonesia,USDC
483,1.0354139937702547,2930078967004.466,174,S1_depeg_stablecoin,indonesia,USDC
484,1.017049588947616,2930078967004.466,174,S1_depeg_stablecoin,indonesia,USDC
485,0.995711123245607,2930078967004.466,174,S1_depeg_stablecoin,indonesia,USDC
486,0.9921077243406518,2930078967004.466,174,S1_depeg_stablecoin,indonesia,USDC
487,0.9993751206638071,2930078967004.466,174,S1_depeg_stablecoin,indonesia,USDC
488,1.0393084404638053,2930078967004.466,174,S1_depeg_stablecoin,indonesia,USDC
489,1.058483832352997,2930078967004.466,174,S1_depeg_stablecoin,indonesia,USDC
490,1.0231303926662334,2930078967004.466,174,S1_depeg_stablecoin,indonesia,USDC
491,1.0220545888710597,2930078967004.466,174,S1_depeg_stablecoin,indonesia,USDC
492,1.0430977025469983,2930078967004.466,174,S1_depeg_stablecoin,indonesia,USDC
493,1.0498262957266793,2930078967004.466,174,S1_depeg_stablecoin,indonesia,USDC
494,1.081832854494276,2930078967004.466,174,S1_depeg_stablecoin,indonesia,USDC
495,1.073097214558454,2930078967004.466,174,S1_depeg_stablecoin,indonesia,USDC
496,1.0528334802799426,2930078967004.466,174,S1_depeg_stablecoin,indonesia,USDC
497,1.0187465362128743,2930078967004.466,174,S1_depeg_stablecoin,indonesia,USDC
498,1.0319930949752363,2930078967004.466,174,S1_depeg_stablecoin,indonesia,USDC
499,1.0330372681293731,2930078967004.466,174,S1_depeg_stablecoin,indonesia,USDC
500,1.0371555457665698,2930078967004.466,174,S1_depeg_stablecoin,indonesia,USDC
501,1.0173914431146462,2930078967004.466,174,S1_depeg_stablecoin,indonesia,USDC
502,1.0136374030236392,2930078967004.466,174,S1_depeg_stablecoin,indonesia,USDC
503,1.025425444054406,2930078967004.466,174,S1_depeg_stablecoin,indonesia,USDC
504,1.0203593031026656,2930078967004.466,174,S1_depeg_stablecoin,indonesia,USDC
505,1.0511067220034234,2930078967004.466,174,S1_depeg_stablecoin,indonesia,USDC
506,1.0678535888565075,2930078967004.466,174,S1_depeg_stablecoin,indonesia,USDC
507,1.0272443940965328,2930078967004.466,174,S1_depeg_stablecoin,indonesia,USDC
508,1.0126115724290556,2930078967004.466,174,S1_depeg_stablecoin,indonesia,USDC
509,0.9877618448244465,2930078967004.466,174,S1_depeg_stablecoin,indonesia,USDC
510,0.9954848227982201,2930078967004.466,174,S1_depeg_stablecoin,indonesia,USDC
511,1.0094669570085684,2930078967004.466,174,S1_depeg_stablecoin,indonesia,USDC
512,1.0002014168016127,2930078967004.466,174,S1_depeg_stablecoin,indonesia,USDC
513,0.9806774123777403,2930078967004.466,174,S1_depeg_stablecoin,indonesia,USDC
514,0.9457531759811411,2930078967004.466,174,S1_depeg_stablecoin,indonesia,USDC
515,0.9703779025218039,2930076970027.428,174,S1_depeg_stablecoin,indonesia,USDC
516,0.974860254941466,2930076970027.428,174,S1_depeg_stablecoin,indonesia,USDC
517,0.9751118177632763,2930076970027.428,174,S1_depeg_stablecoin,indonesia,USDC
518,0.9862129902001607,2930076970027.428,174,S1_depeg_stablecoin,indonesia,USDC
519,0.9643938218747834,2930076970027.428,174,S1_depeg_stablecoin,indonesia,USDC
520,0.9950122830088718,2930076567106.796,174,S1_depeg_stablecoin,indonesia,USDC
521,1.0018955632673303,2930076567106.796,174,S1_depeg_stablecoin,indonesia,USDC
522,1.0015081617557042,2930076567106.796,174,S1_depeg_stablecoin,indonesia,USDC
523,1.0337499206506897,2930076567106.796,174,S1_depeg_stablecoin,indonesia,USDC
524,1.041445280746661,2930076567106.796,174,S1_depeg_stablecoin,indonesia,USDC
525,1.0545191352110066,2930076567106.796,174,S1_depeg_stablecoin,indonesia,USDC
526,1.0723519275784075,2930076567106.796,174,S1_depeg_stablecoin,indonesia,USDC
527,1.0716332049080568,2930076567106.796,174,S1_depeg_stablecoin,indonesia,USDC
528,1.0760424380853013,2930076567106.796,174,S1_depeg_stablecoin,indonesia,USDC
529,1.0527099946462823,2930076567106.796,174,S1_depeg_stablecoin,indonesia,USDC
530,1.0483565009198357,2930076567106.796,174,S1_depeg_stablecoin,indonesia,USDC
531,1.0327118933937052,2930076567106.796,174,S1_depeg_stablecoin,indonesia,USDC
532,1.0390227638881049,2930076567106.796,174,S1_depeg_stablecoin,indonesia,USDC
533,1.0619603064646779,2930076567106.796,174,S1_depeg_stablecoin,indonesia,USDC
534,1.0622519435862787,2930076567106.796,174,S1_depeg_stablecoin,indonesia,USDC
535,1.0941317259251846,2930076567106.796,174,S1_depeg_stablecoin,indonesia,USDC
536,1.0825692177202229,2930076567106.796,174,S1_depeg_stablecoin,indonesia,USDC
537,1.085151831723612,2930076567106.796,174,S1_depeg_stablecoin,indonesia,USDC
538,1.0783791750555278,2930076567106.796,174,S1_depeg_stablecoin,indonesia,USDC
539,1.0541191752908041,2930076567106.796,174,S1_depeg_stablecoin,indonesia,USDC
540,1.073521253951505,2930076567106.796,174,S1_depeg_stablecoin,indonesia,USDC
541,1.0800444277756003,2930076567106.796,174,S1_depeg_stablecoin,indonesia,USDC
542,1.0408629975554462,2930076567106.796,174,S1_depeg_stablecoin,indonesia,USDC
543,1.0180234183339756,2930076567106.796,174,S1_depeg_stablecoin,indonesia,USDC
544,1.0279377505718743,2930076567106.796,174,S1_depeg_stablecoin,indonesia,USDC
545,1.0457801036396193,2930076567106.796,174,S1_depeg_stablecoin,indonesia,USDC
546,1.0459195312134597,2930076567106.796,174,S1_depeg_stablecoin,indonesia,USDC
547,1.0282846277605895,2930076567106.796,174,S1_depeg_stablecoin,indonesia,USDC
548,1.0052680948112878,2930076567106.796,174,S1_depeg_stablecoin,indonesia,USDC
549,0.9921018903421556,2930076567106.796,174,S1_depeg_stablecoin,indonesia,USDC
550,1.003211123409102,2930076567106.796,174,S1_depeg_stablecoin,indonesia,USDC
551,1.064376319786606,2930076567106.796,174,S1_depeg_stablecoin,indonesia,USDC
552,1.0727103676923972,2930076567106.796,174,S1_depeg_stablecoin,indonesia,USDC
553,1.0519477265247283,2930076567106.796,174,S1_depeg_stablecoin,indonesia,USDC
554,1.069576570621209,2930076567106.796,174,S1_depeg_stablecoin,indonesia,USDC
555,1.0704864509822378,2930076567106.796,174,S1_depeg_stablecoin,indonesia,USDC
556,1.102037123974708,2930076567106.796,174,S1_depeg_stablecoin,indonesia,USDC
557,1.0888020514094054,2930076567106.796,174,S1_depeg_stablecoin,indonesia,USDC
558,1.0686064083484916,2930076567106.796,174,S1_depeg_stablecoin,indonesia,USDC
559,1.0690004619474278,2930076567106.796,174,S1_depeg_stablecoin,indonesia,USDC
560,1.0492019329667879,2930076567106.796,174,S1_depeg_stablecoin,indonesia,USDC
561,1.0686458409345154,2930076567106.796,174,S1_depeg_stablecoin,indonesia,USDC
562,1.0752516878506964,2930076567106.796,174,S1_depeg_stablecoin,indonesia,USDC
563,1.0970960726167522,2930076567106.796,174,S1_depeg_stablecoin,indonesia,USDC
564,1.0875529623575273,2930076567106.796,174,S1_depeg_stablecoin,indonesia,USDC
565,1.1013077235364472,2930076567106.796,174,S1_depeg_stablecoin,indonesia,USDC
566,1.1229864174132695,2930076567106.796,174,S1_depeg_stablecoin,indonesia,USDC
567,1.1168285274642817,2930076567106.796,174,S1_depeg_stablecoin,indonesia,USDC
568,1.1101695598299077,2930076567106.796,174,S1_depeg_stablecoin,indonesia,USDC
569,1.047841458935195,2930076567106.796,174,S1_depeg_stablecoin,indonesia,USDC
570,1.0388391559152064,2930076567106.796,174,S1_depeg_stablecoin,indonesia,USDC
571,1.0203025295656345,2930076567106.796,174,S1_depeg_stablecoin,indonesia,USDC
572,1.0283415603889057,2930076567106.796,174,S1_depeg_stablecoin,indonesia,USDC
573,1.0535278881086527,2930076567106.796,174,S1_depeg_stablecoin,indonesia,USDC
574,1.0424645801125056,2930076567106.796,174,S1_depeg_stablecoin,indonesia,USDC
575,1.0283526177488929,2930076567106.796,174,S1_depeg_stablecoin,indonesia,USDC
576,1.0343241014000462,2930076567106.796,174,S1_depeg_stablecoin,indonesia,USDC
577,1.001349011860198,2930076567106.796,174,S1_depeg_stablecoin,indonesia,USDC
578,1.0371242583080118,2930076567106.796,174,S1_depeg_stablecoin,indonesia,USDC
579,1.0303428117030318,2930076567106.796,174,S1_depeg_stablecoin,indonesia,USDC
580,1.0230237798632156,2930076567106.796,174,S1_depeg_stablecoin,indonesia,USDC
581,0.8874246215872218,2930076567106.796,174,S1_depeg_stablecoin,indonesia,USDC
582,0.9070701009075922,2930070420131.9565,174,S1_depeg_stablecoin,indonesia,USDC
583,0.9080742884169419,2930066133437.3335,174,S1_depeg_stablecoin,indonesia,USDC
584,0.9119654987752315,2930061959355.9106,174,S1_depeg_stablecoin,indonesia,USDC
585,0.9250434410041627,2930058291466.1885,174,S1_depeg_stablecoin,indonesia,USDC
586,0.9570945859583849,2930055547076.5347,174,S1_depeg_stablecoin,indonesia,USDC
587,0.9397333821405659,2930054795773.666,174,S1_depeg_stablecoin,indonesia,USDC
588,0.9806935781954882,2930053114595.172,174,S1_depeg_stablecoin,indonesia,USDC
589,0.9904183016099101,2930053114595.172,174,S1_depeg_stablecoin,indonesia,USDC
590,0.9661311681428153,2930053114595.172,174,S1_depeg_stablecoin,indonesia,USDC
591,0.9739205278713291,2930052993407.6895,174,S1_depeg_stablecoin,indonesia,USDC
592,0.9879920028591992,2930052993407.6895,174,S1_depeg_stablecoin,indonesia,USDC
593,0.946477776531986,2930052993407.6895,174,S1_depeg_stablecoin,indonesia,USDC
594,0.9335602727286259,2930051735241.592,174,S1_depeg_stablecoin,indonesia,USDC
595,0.9266549815349286,2930049876778.407,174,S1_depeg_stablecoin,indonesia,USDC
596,0.9291545795455322,2930047670605.629,174,S1_depeg_stablecoin,indonesia,USDC
597,0.9302845620347167,2930045742972.651,174,S1_depeg_stablecoin,indonesia,USDC
598,0.9155375726505116,2930044000007.7627,174,S1_depeg_stablecoin,indonesia,USDC
599,0.9427448754127257,2930041477749.004,174,S1_depeg_stablecoin,indonesia,USDC
600,0.8232665840258907,2930040286382.859,174,S1_depeg_stablecoin,indonesia,USDC
601,0.8379460269593582,2930034302165.3555,174,S1_depeg_stablecoin,indonesia,USDC
602,0.8373576118620052,2930029800982.754,174,S1_depeg_stablecoin,indonesia,USDC
603,0.8521425407517302,2930025771705.987,174,S1_depeg_stablecoin,indonesia,USDC
604,0.8535986281384329,2930022663778.703,174,S1_depeg_stablecoin,indonesia,USDC
605,0.8643527975600086,2930020011380.365,174,S1_depeg_stablecoin,indonesia,USDC
606,0.8863041890452193,2930017779982.4395,174,S1_depeg_stablecoin,indonesia,USDC
607,0.8783020668535212,2930016275855.777,174,S1_depeg_stablecoin,indonesia,USDC
608,0.874236066606042,2930014686041.657,174,S1_depeg_stablecoin,indonesia,USDC
609,0.9110372049749412,2930013145073.4326,174,S1_depeg_stablecoin,indonesia,USDC
610,0.9367326195578133,2930012332828.16,174,S1_depeg_stablecoin,indonesia,USDC
611,0.9597904420884692,2930011921446.9688,174,S1_depeg_stablecoin,indonesia,USDC
612,0.9937240795906152,2930011795159.48,174,S1_depeg_stablecoin,indonesia,USDC
613,1.0282675450834722,2930011795159.48,174,S1_depeg_stablecoin,indonesia,USDC
614,1.0184163296244364,2930011795159.48,174,S1_depeg_stablecoin,indonesia,USDC
615,1.0141155505899822,2930011795159.48,174,S1_depeg_stablecoin,indonesia,USDC
616,1.0143291628678797,2930011795159.48,174,S1_depeg_stablecoin,indonesia,USDC
617,1.041103575958694,2930011795159.48,174,S1_depeg_stablecoin,indonesia,USDC
618,1.0171226835107716,2930011795159.48,174,S1_depeg_stablecoin,indonesia,USDC
619,1.0651116581476503,2930011795159.48,174,S1_depeg_stablecoin,indonesia,USDC
620,1.077260235171264,2930011795159.48,174,S1_depeg_stablecoin,indonesia,USDC
621,1.0756873673663594,2930011795159.48,174,S1_depeg_stablecoin,indonesia,USDC
622,1.0747643185921538,2930011795159.48,174,S1_depeg_stablecoin,indonesia,USDC
623,1.0340757589696947,2930011795159.48,174,S1_depeg_stablecoin,indonesia,USDC
624,1.060502578779063,2930011795159.48,174,S1_depeg_stablecoin,indonesia,USDC
625,1.070714707682246,2930011795159.48,174,S1_depeg_stablecoin,indonesia,USDC
626,1.0521339509825949,2930011795159.48,174,S1_depeg_stablecoin,indonesia,USDC
627,1.0626926226246316,2930011795159.48,174,S1_depeg_stablecoin,indonesia,USDC
628,1.0582850745668475,2930011795159.48,174,S1_depeg_stablecoin,indonesia,USDC
629,1.0349070929360826,2930011795159.48,174,S1_depeg_stablecoin,indonesia,USDC
630,1.0541041922119794,2930011795159.48,174,S1_depeg_stablecoin,indonesia,USDC
631,1.0357296236645621,2930011795159.48,174,S1_depeg_stablecoin,indonesia,USDC
632,1.0129130645179052,2930011795159.48,174,S1_depeg_stablecoin,indonesia,USDC
633,0.9931574198763896,2930011795159.48,174,S1_depeg_stablecoin,indonesia,USDC
634,0.9672278982385175,2930011795159.48,174,S1_depeg_stablecoin,indonesia,USDC
635,0.9930789319928277,2930011758814.3696,174,S1_depeg_stablecoin,indonesia,USDC
636,0.9890149851846902,2930011758814.3696,174,S1_depeg_stablecoin,indonesia,USDC
637,0.9961735365251974,2930011758814.3696,174,S1_depeg_stablecoin,indonesia,USDC
638,1.0109945054168878,2930011758814.3696,174,S1_depeg_stablecoin,indonesia,USDC
639,1.0265790066346392,2930011758814.3696,174,S1_depeg_stablecoin,indonesia,USDC
640,1.0049056896523367,2930011758814.3696,174,S1_depeg_stablecoin,indonesia,USDC
641,1.002700848276226,2930011758814.3696,174,S1_depeg_stablecoin,indonesia,USDC
642,0.8453149355398218,2930011758814.3696,174,S1_depeg_stablecoin,indonesia,USDC
643,0.8521781043309372,2930010196000.8486,174,S1_depeg_stablecoin,indonesia,USDC
644,0.8525175877596729,2930008930197.3696,174,S1_depeg_stablecoin,indonesia,USDC
645,0.848545312673906,2930007786853.3667,174,S1_depeg_stablecoin,indonesia,USDC
646,0.8856027304110423,2930006696341.3535,174,S1_depeg_stablecoin,indonesia,USDC
647,0.8901740446013826,2930006048604.3604,174,S1_depeg_stablecoin,indonesia,USDC
648,0.877763498526691,2930005474915.431,174,S1_depeg_stablecoin,indonesia,USDC
649,0.8729048217429983,2930004880249.173,174,S1_depeg_stablecoin,indonesia,USDC
650,0.8813992741225487,2930004337416.6714,174,S1_depeg_stablecoin,indonesia,USDC
651,0.8896214873778886,2930003889123.632,174,S1_depeg_stablecoin,indonesia,USDC
652,0.8643690278006656,2930003499729.4214,174,S1_depeg_stablecoin,indonesia,USDC
653,0.9142116661296262,2930003028314.3066,174,S1_depeg_stablecoin,indonesia,USDC
654,0.9099006898795823,2930002818556.863,174,S1_depeg_stablecoin,indonesia,USDC
655,0.9371697222057308,2930002592505.8853,174,S1_depeg_stablecoin,indonesia,USDC
656,0.9240919049994052,2930002484920.969,174,S1_depeg_stablecoin,indonesia,USDC
657,0.9381857717452666,2930002328027.133,174,S1_depeg_stablecoin,indonesia,USDC
658,0.9609427442006555,2930002231771.7505,174,S1_depeg_stablecoin,indonesia,USDC
659,0.9617424889182097,2930002208669.2036,174,S1_depeg_stablecoin,indonesia,USDC
660,0.9742061035515517,2930002184045.0005,174,S1_depeg_stablecoin,indonesia,USDC
661,0.9849820628823591,2930002184045.0005,174,S1_depeg_stablecoin,indonesia,USDC
662,1.0380831901759457,2930002184045.0005,174,S1_depeg_stablecoin,indonesia,USDC
663,1.0295927296157685,2930002184045.0005,174,S1_depeg_stablecoin,indonesia,USDC
664,1.040690978018689,2930002184045.0005,174,S1_depeg_stablecoin,indonesia,USDC
665,1.0071041961307858,2930002184045.0005,174,S1_depeg_stablecoin,indonesia,USDC
666,1.0156108539949371,2930002184045.0005,174,S1_depeg_stablecoin,indonesia,USDC
667,0.9976800686839601,2930002184045.0005,174,S1_depeg_stablecoin,indonesia,USDC
668,0.9971621085179697,2930002184045.0005,174,S1_depeg_stablecoin,indonesia,USDC
669,1.0054387276945154,2930002184045.0005,174,S1_depeg_stablecoin,indonesia,USDC
670,0.9862725035620262,2930002184045.0005,174,S1_depeg_stablecoin,indonesia,USDC
671,0.9866829423790197,2930002184045.0005,174,S1_depeg_stablecoin,indonesia,USDC
672,0.9995469313295641,2930002184045.0005,174,S1_depeg_stablecoin,indonesia,USDC
673,1.0022474396471535,2930002184045.0005,174,S1_depeg_stablecoin,indonesia,USDC
674,0.9661806192409874,2930002184045.0005,174,S1_depeg_stablecoin,indonesia,USDC
675,0.9589032397080938,2930002177228.4106,174,S1_depeg_stablecoin,indonesia,USDC
676,0.9897463910809217,2930002143939.397,174,S1_depeg_stablecoin,indonesia,USDC
677,1.0125332322589036,2930002143939.397,174,S1_depeg_stablecoin,indonesia,USDC
678,1.0307567768648758,2930002143939.397,174,S1_depeg_stablecoin,indonesia,USDC
679,1.0085941522415456,2930002143939.397,174,S1_depeg_stablecoin,indonesia,USDC
680,1.0011594060261413,2930002143939.397,174,S1_depeg_stablecoin,indonesia,USDC
681,1.0033726067004067,2930002143939.397,174,S1_depeg_stablecoin,indonesia,USDC
682,1.0398790186554758,2930002143939.397,174,S1_depeg_stablecoin,indonesia,USDC
683,1.02990554089168,2930002143939.397,174,S1_depeg_stablecoin,indonesia,USDC
684,1.0065633124206637,2930002143939.397,174,S1_depeg_stablecoin,indonesia,USDC
685,1.0034612588744996,2930002143939.397,174,S1_depeg_stablecoin,indonesia,USDC
686,1.0085523833439276,2930002143939.397,174,S1_depeg_stablecoin,indonesia,USDC
687,1.0484486546053147,2930002143939.397,174,S1_depeg_stablecoin,indonesia,USDC
688,1.0663944027054015,2930002143939.397,174,S1_depeg_stablecoin,indonesia,USDC
689,1.0305803974325387,2930002143939.397,174,S1_depeg_stablecoin,indonesia,USDC
690,1.0204401195754267,2930002143939.397,174,S1_depeg_stablecoin,indonesia,USDC
691,1.0264428748084546,2930002143939.397,174,S1_depeg_stablecoin,indonesia,USDC
692,1.0307934384894974,2930002143939.397,174,S1_depeg_stablecoin,indonesia,USDC
693,1.0265070387106967,2930002143939.397,174,S1_depeg_stablecoin,indonesia,USDC
694,1.0095719203919178,2930002143939.397,174,S1_depeg_stablecoin,indonesia,USDC
695,0.9914808859234641,2930002143939.397,174,S1_depeg_stablecoin,indonesia,USDC
696,1.0041545729526375,2930002143939.397,174,S1_depeg_stablecoin,indonesia,USDC
697,0.9920239030623663,2930002143939.397,174,S1_depeg_stablecoin,indonesia,USDC
698,1.0132277479409986,2930002143939.397,174,S1_depeg_stablecoin,indonesia,USDC
699,0.992239502892783,2930002143939.397,174,S1_depeg_stablecoin,indonesia,USDC
700,1.0050088778361377,2930002143939.397,174,S1_depeg_stablecoin,indonesia,USDC
701,1.056616587208304,2930002143939.397,174,S1_depeg_stablecoin,indonesia,USDC
702,1.0327902882620563,2930002143939.397,174,S1_depeg_stablecoin,indonesia,USDC
703,1.0431469847652348,2930002143939.397,174,S1_depeg_stablecoin,indonesia,USDC
704,1.0150837532197194,2930002143939.397,174,S1_depeg_stablecoin,indonesia,USDC
705,1.0208652122473503,2930002143939.397,174,S1_depeg_stablecoin,indonesia,USDC
706,1.0031273981324558,2930002143939.397,174,S1_depeg_stablecoin,indonesia,USDC
707,0.9734840446364212,2930002143939.397,174,S1_depeg_stablecoin,indonesia,USDC
708,0.975665028774078,2930002143939.397,174,S1_depeg_stablecoin,indonesia,USDC
709,0.9710265885040105,2930002143939.397,174,S1_depeg_stablecoin,indonesia,USDC
710,0.9843665287073919,2930002143939.397,174,S1_depeg_stablecoin,indonesia,USDC
711,0.9734201714828469,2930002143939.397,174,S1_depeg_stablecoin,indonesia,USDC
712,0.9853398098087439,2930002143939.397,174,S1_depeg_stablecoin,indonesia,USDC
713,0.9760411631350683,2930002143939.397,174,S1_depeg_stablecoin,indonesia,USDC
714,0.9801312555050106,2930002143939.397,174,S1_depeg_stablecoin,indonesia,USDC
715,0.985729811222415,2930002143939.397,174,S1_depeg_stablecoin,indonesia,USDC
716,1.009669796490214,2930002143939.397,174,S1_depeg_stablecoin,indonesia,USDC
717,0.9801772748844808,2930002143939.397,174,S1_depeg_stablecoin,indonesia,USDC
718,0.9990344633292295,2930002143939.397,174,S1_depeg_stablecoin,indonesia,USDC
719,0.9179651311284918,2930002143939.397,174,S1_depeg_stablecoin,indonesia,USDC
720,0.9029055455142954,2930001988138.857,174,S1_depeg_stablecoin,indonesia,USDC
721,0.9205289058082468,2930001796422.716,174,S1_depeg_stablecoin,indonesia,USDC
722,0.9547706353559386,2930001657752.5483,174,S1_depeg_stablecoin,indonesia,USDC
723,0.9316795094791177,2930001623256.706,174,S1_depeg_stablecoin,indonesia,USDC
724,0.9650750808662104,2930001531648.7925,174,S1_depeg_stablecoin,indonesia,USDC
725,0.9828820358428435,2930001520685.284,174,S1_depeg_stablecoin,indonesia,USDC
726,0.9984618312165894,2930001520685.284,174,S1_depeg_stablecoin,indonesia,USDC
727,1.0130930932563218,2930001520685.284,174,S1_depeg_stablecoin,indonesia,USDC
728,0.9828035556298789,2930001520685.284,174,S1_depeg_stablecoin,indonesia,USDC
729,0.9686882746931949,2930001520685.284,174,S1_depeg_stablecoin,indonesia,USDC
730,0.9538106014291279,2930001520685.284,174,S1_depeg_stablecoin,indonesia,USDC
731,0.9529797296617518,2930001483751.3423,174,S1_depeg_stablecoin,indonesia,USDC
732,0.9508451716438903,2930001447361.13,174,S1_depeg_stablecoin,indonesia,USDC
733,0.9133346012579053,2930001406566.8555,174,S1_depeg_stablecoin,indonesia,USDC
734,0.9296858419785466,2930001277488.135,174,S1_depeg_stablecoin,indonesia,USDC
735,0.9747374898411852,2930001186052.791,174,S1_depeg_stablecoin,indonesia,USDC
736,0.9797939801959603,2930001186052.791,174,S1_depeg_stablecoin,indonesia,USDC
737,1.0078336658872158,2930001186052.791,174,S1_depeg_stablecoin,indonesia,USDC
738,0.9933010799739506,2930001186052.791,174,S1_depeg_stablecoin,indonesia,USDC
739,0.9946812976141503,2930001186052.791,174,S1_depeg_stablecoin,indonesia,USDC
740,0.9814713419844807,2930001186052.791,174,S1_depeg_stablecoin,indonesia,USDC
741,0.9934071836886231,2930001186052.791,174,S1_depeg_stablecoin,indonesia,USDC
742,0.9750280618586472,2930001186052.791,174,S1_depeg_stablecoin,indonesia,USDC
743,0.9587441561103078,2930001186052.791,174,S1_depeg_stablecoin,indonesia,USDC
744,0.9119079694497229,2930001166068.87,174,S1_depeg_stablecoin,indonesia,USDC
745,0.9281556479228908,2930001047359.6562,174,S1_depeg_stablecoin,indonesia,USDC
746,0.9449903335412413,2930000964813.8896,174,S1_depeg_stablecoin,indonesia,USDC
747,0.9328300806743351,2930000919757.098,174,S1_depeg_stablecoin,indonesia,USDC
748,0.9500122006186295,2930000855539.8936,174,S1_depeg_stablecoin,indonesia,USDC
749,0.9677177268692442,2930000818900.8164,174,S1_depeg_stablecoin,indonesia,USDC
750,0.9772660420652615,2930000815787.6523,174,S1_depeg_stablecoin,indonesia,USDC
751,1.0113940079117216,2930000815787.6523,174,S1_depeg_stablecoin,indonesia,USDC
752,1.0244085522013022,2930000815787.6523,174,S1_depeg_stablecoin,indonesia,USDC
753,1.0276585859750424,2930000815787.6523,174,S1_depeg_stablecoin,indonesia,USDC
754,0.968911810635158,2930000815787.6523,174,S1_depeg_stablecoin,indonesia,USDC
755,0.9553413802896565,2930000815135.405,174,S1_depeg_stablecoin,indonesia,USDC
756,0.9719112372774054,2930000791538.911,174,S1_depeg_stablecoin,indonesia,USDC
757,0.9753749917372118,2930000791538.911,174,S1_depeg_stablecoin,indonesia,USDC
758,0.957883753897505,2930000791538.911,174,S1_depeg_stablecoin,indonesia,USDC
759,0.9366131977502421,2930000770128.3936,174,S1_depeg_stablecoin,indonesia,USDC
760,0.9516310066765445,2930000717398.3477,174,S1_depeg_stablecoin,indonesia,USDC
761,0.9648980149097426,2930000689098.885,174,S1_depeg_stablecoin,indonesia,USDC
762,0.9333568748817046,2930000680622.021,174,S1_depeg_stablecoin,indonesia,USDC
763,0.9634859571798264,2930000625567.5044,174,S1_depeg_stablecoin,indonesia,USDC
764,0.9655037480131133,2930000615171.1753,174,S1_depeg_stablecoin,indonesia,USDC
765,0.9774772620973352,2930000609864.526,174,S1_depeg_stablecoin,indonesia,USDC
766,0.9611832397080138,2930000609864.526,174,S1_depeg_stablecoin,indonesia,USDC
767,0.9648686468959959,2930000597979.1743,174,S1_depeg_stablecoin,indonesia,USDC
768,0.9610696576648803,2930000589935.545,174,S1_depeg_stablecoin,indonesia,USDC
769,0.9689532118001757,2930000579045.993,174,S1_depeg_stablecoin,indonesia,USDC
770,0.9951033803313352,2930000578493.23,174,S1_depeg_stablecoin,indonesia,USDC
771,0.987526290290304,2930000578493.23,174,S1_depeg_stablecoin,indonesia,USDC
772,0.9977251753499974,2930000578493.23,174,S1_depeg_stablecoin,indonesia,USDC
773,0.9804685294058278,2930000578493.23,174,S1_depeg_stablecoin,indonesia,USDC
774,1.0134919899579329,2930000578493.23,174,S1_depeg_stablecoin,indonesia,USDC
775,0.9912191181829272,2930000578493.23,174,S1_depeg_stablecoin,indonesia,USDC
776,0.9846567186234165,2930000578493.23,174,S1_depeg_stablecoin,indonesia,USDC
777,0.9776962748522107,2930000578493.23,174,S1_depeg_stablecoin,indonesia,USDC
778,1.0046069687265788,2930000578493.23,174,S1_depeg_stablecoin,indonesia,USDC
779,1.007806607021562,2930000578493.23,174,S1_depeg_stablecoin,indonesia,USDC
780,0.8748700658490816,2930000578493.23,174,S1_depeg_stablecoin,indonesia,USDC
781,0.8832678324131031,2930000434510.1387,174,S1_depeg_stablecoin,indonesia,USDC
782,0.9043023369494827,2930000321335.569,174,S1_depeg_stablecoin,indonesia,USDC
783,0.9518160157363489,2930000241137.7275,174,S1_depeg_stablecoin,indonesia,USDC
784,0.9622626396810728,2930000220302.4297,174,S1_depeg_stablecoin,indonesia,USDC
785,0.9947286326200748,2930000211909.7744,174,S1_depeg_stablecoin,indonesia,USDC
786,0.9820883573359472,2930000211909.7744,174,S1_depeg_stablecoin,indonesia,USDC
787,0.9546830425868275,2930000211909.7744,174,S1_depeg_stablecoin,indonesia,USDC
788,0.9783687629057929,2930000193996.043,174,S1_depeg_stablecoin,indonesia,USDC
789,0.9664291506550017,2930000193996.043,174,S1_depeg_stablecoin,indonesia,USDC
790,0.9549040351103165,2930000191817.8687,174,S1_depeg_stablecoin,indonesia,USDC
791,0.9576621054581776,2930000175342.879,174,S1_depeg_stablecoin,indonesia,USDC
792,0.9661454109105605,2930000162994.2754,174,S1_depeg_stablecoin,indonesia,USDC
793,0.976609212833009,2930000158680.576,174,S1_depeg_stablecoin,indonesia,USDC
794,0.9673495719839307,2930000158680.576,174,S1_depeg_stablecoin,indonesia,USDC
795,0.9746552345976783,2930000156317.829,174,S1_depeg_stablecoin,indonesia,USDC
796,0.9498006278434148,2930000156317.829,174,S1_depeg_stablecoin,indonesia,USDC
797,0.9432720761528489,2930000133851.5903,174,S1_depeg_stablecoin,indonesia,USDC
798,0.9520159395690047,2930000107832.199,174,S1_depeg_stablecoin,indonesia,USDC
799,0.9607754597719466,2930000088728.8213,174,S1_depeg_stablecoin,indonesia,USDC
800,0.964105798957365,2930000079111.821,174,S1_depeg_stablecoin,indonesia,USDC
801,0.9742855052573949,2930000073025.287,174,S1_depeg_stablecoin,indonesia,USDC
802,0.9721174130385614,2930000073025.287,174,S1_depeg_stablecoin,indonesia,USDC
803,0.9648329316579994,2930000073025.287,174,S1_depeg_stablecoin,indonesia,USDC
804,0.9933719204805188,2930000067722.0356,174,S1_depeg_stablecoin,indonesia,USDC
805,1.0043354538499565,2930000067722.0356,174,S1_depeg_stablecoin,indonesia,USDC
806,0.9846071160025817,2930000067722.0356,174,S1_depeg_stablecoin,indonesia,USDC
807,1.0096480923267832,2930000067722.0356,174,S1_depeg_stablecoin,indonesia,USDC
808,1.0257374910565602,2930000067722.0356,174,S1_depeg_stablecoin,indonesia,USDC
809,1.0241553649107555,2930000067722.0356,174,S1_depeg_stablecoin,indonesia,USDC
810,1.0227905500324235,2930000067722.0356,174,S1_depeg_stablecoin,indonesia,USDC
811,0.9956785285866666,2930000067722.0356,174,S1_depeg_stablecoin,indonesia,USDC
812,1.0189235390422138,2930000067722.0356,174,S1_depeg_stablecoin,indonesia,USDC
813,1.003510945015134,2930000067722.0356,174,S1_depeg_stablecoin,indonesia,USDC
814,1.0119605977447517,2930000067722.0356,174,S1_depeg_stablecoin,indonesia,USDC
815,1.0351917590512445,2930000067722.0356,174,S1_depeg_stablecoin,indonesia,USDC
816,1.0467700697669848,2930000067722.0356,174,S1_depeg_stablecoin,indonesia,USDC
817,1.0447204340556575,2930000067722.0356,174,S1_depeg_stablecoin,indonesia,USDC
818,1.0436404687947913,2930000067722.0356,174,S1_depeg_stablecoin,indonesia,USDC
819,1.005912359472759,2930000067722.0356,174,S1_depeg_stablecoin,indonesia,USDC
820,0.9910301504458265,2930000067722.0356,174,S1_depeg_stablecoin,indonesia,USDC
821,0.9787978972074525,2930000067722.0356,174,S1_depeg_stablecoin,indonesia,USDC
822,0.9993234906033872,2930000067722.0356,174,S1_depeg_stablecoin,indonesia,USDC
823,0.9868851639908255,2930000067722.0356,174,S1_depeg_stablecoin,indonesia,USDC
824,1.0042871861927556,2930000067722.0356,174,S1_depeg_stablecoin,indonesia,USDC
825,1.0264915675515456,2930000067722.0356,174,S1_depeg_stablecoin,indonesia,USDC
826,0.9914925250356782,2930000067722.0356,174,S1_depeg_stablecoin,indonesia,USDC
827,0.9786940615675861,2930000067722.0356,174,S1_depeg_stablecoin,indonesia,USDC
828,0.9508154164928277,2930000067722.0356,174,S1_depeg_stablecoin,indonesia,USDC
829,0.9390528433485191,2930000049830.194,174,S1_depeg_stablecoin,indonesia,USDC
830,0.9586584557049201,2930000021862.2207,174,S1_depeg_stablecoin,indonesia,USDC
831,0.9600826811696062,2930000012832.5015,174,S1_depeg_stablecoin,indonesia,USDC
832,0.9633762890502598,2930000003269.2153,174,S1_depeg_stablecoin,indonesia,USDC
833,0.9169517537237575,2929999997515.111,174,S1_depeg_stablecoin,indonesia,USDC
834,0.9212173398547195,2929999948533.8535,174,S1_depeg_stablecoin,indonesia,USDC
835,0.922943676596618,2929999904726.326,174,S1_depeg_stablecoin,indonesia,USDC
836,0.896505703550507,2929999866762.578,174,S1_depeg_stablecoin,indonesia,USDC
837,0.9042373251372628,2929999811169.9756,174,S1_depeg_stablecoin,indonesia,USDC
838,0.9227160543477457,2929999765048.706,174,S1_depeg_stablecoin,indonesia,USDC
839,0.9528446506873103,2929999731531.2744,174,S1_depeg_stablecoin,indonesia,USDC
840,0.9908663700884719,2929999721019.79,174,S1_depeg_stablecoin,indonesia,USDC
841,0.9738654129816364,2929999721019.79,174,S1_depeg_stablecoin,indonesia,USDC
842,0.9776407074982871,2929999721019.79,174,S1_depeg_stablecoin,indonesia,USDC
843,0.9590981206349305,2929999721019.79,174,S1_depeg_stablecoin,indonesia,USDC
844,0.9591733046676029,2929999714701.9165,174,S1_depeg_stablecoin,indonesia,USDC
845,0.9644792319036624,2929999708474.827,174,S1_depeg_stablecoin,indonesia,USDC
846,0.9811167542561915,2929999704883.397,174,S1_depeg_stablecoin,indonesia,USDC
847,0.9882427042128447,2929999704883.397,174,S1_depeg_stablecoin,indonesia,USDC
848,1.0041297645457938,2929999704883.397,174,S1_depeg_stablecoin,indonesia,USDC
849,1.0052457100316583,2929999704883.397,174,S1_depeg_stablecoin,indonesia,USDC
850,1.02430055940677,2929999704883.397,174,S1_depeg_stablecoin,indonesia,USDC
851,1.0089417443834763,2929999704883.397,174,S1_depeg_stablecoin,indonesia,USDC
852,0.9841743371877961,2929999704883.397,174,S1_depeg_stablecoin,indonesia,USDC
853,0.9759181242597156,2929999704883.397,174,S1_depeg_stablecoin,indonesia,USDC
854,0.9739489429483652,2929999704883.397,174,S1_depeg_stablecoin,indonesia,USDC
855,0.9718652054776745,2929999704883.397,174,S1_depeg_stablecoin,indonesia,USDC
856,0.9885598878946009,2929999704883.397,174,S1_depeg_stablecoin,indonesia,USDC
857,0.9812287722786929,2929999704883.397,174,S1_depeg_stablecoin,indonesia,USDC
858,0.9352702279806017,2929999704883.397,174,S1_depeg_stablecoin,indonesia,USDC
859,0.9390815554991411,2929999684512.651,174,S1_depeg_stablecoin,indonesia,USDC
860,0.9710755877104514,2929999666422.644,174,S1_depeg_stablecoin,indonesia,USDC
861,0.9497859030101045,2929999666422.644,174,S1_depeg_stablecoin,indonesia,USDC
862,0.9476378111981895,2929999655673.533,174,S1_depeg_stablecoin,indonesia,USDC
863,0.9422744230973416,2929999642343.5117,174,S1_depeg_stablecoin,indonesia,USDC
864,0.9646613346341432,2929999626197.4062,174,S1_depeg_stablecoin,indonesia,USDC
865,0.935232120429641,2929999623838.504,174,S1_depeg_stablecoin,indonesia,USDC
866,0.9336480996856765,2929999604254.5625,174,S1_depeg_stablecoin,indonesia,USDC
867,0.8988992424966362,2929999585708.58,174,S1_depeg_stablecoin,indonesia,USDC
868,0.9011490755763502,2929999551102.76,174,S1_depeg_stablecoin,indonesia,USDC
869,0.9021623668103099,2929999519079.948,174,S1_depeg_stablecoin,indonesia,USDC
870,0.9128762944489686,2929999488194.9434,174,S1_depeg_stablecoin,indonesia,USDC
871,0.9310443945525098,2929999464006.589,174,S1_depeg_stablecoin,indonesia,USDC
872,0.9445437994462077,2929999448946.088,174,S1_depeg_stablecoin,indonesia,USDC
873,1.002431273817087,2929999439556.007,174,S1_depeg_stablecoin,indonesia,USDC
874,1.0001408558993603,2929999439556.007,174,S1_depeg_stablecoin,indonesia,USDC
875,1.0038129308204315,2929999439556.007,174,S1_depeg_stablecoin,indonesia,USDC
876,0.9766030730221497,2929999439556.007,174,S1_depeg_stablecoin,indonesia,USDC
877,0.9975995856427006,2929999439556.007,174,S1_depeg_stablecoin,indonesia,USDC
878,0.9870454734137536,2929999439556.007,174,S1_depeg_stablecoin,indonesia,USDC
879,0.9879059784451705,2929999439556.007,174,S1_depeg_stablecoin,indonesia,USDC
880,1.0063042542736609,2929999439556.007,174,S1_depeg_stablecoin,indonesia,USDC
881,1.0340947938319183,2929999439556.007,174,S1_depeg_stablecoin,indonesia,USDC
882,1.0467111227535078,2929999439556.007,174,S1_depeg_stablecoin,indonesia,USDC
883,1.0214706619083966,2929999439556.007,174,S1_depeg_stablecoin,indonesia,USDC
884,1.010395980340871,2929999439556.007,174,S1_depeg_stablecoin,indonesia,USDC
885,1.0114801817771644,2929999439556.007,174,S1_depeg_stablecoin,indonesia,USDC
886,1.057223498833158,2929999439556.007,174,S1_depeg_stablecoin,indonesia,USDC
887,1.0915488006076095,2929999439556.007,174,S1_depeg_stablecoin,indonesia,USDC
888,1.0847011994735622,2929999439556.007,174,S1_depeg_stablecoin,indonesia,USDC
889,1.1150971701178567,2929999439556.007,174,S1_depeg_stablecoin,indonesia,USDC
890,1.1012276733121682,2929999439556.007,174,S1_depeg_stablecoin,indonesia,USDC
891,1.0950655364619317,2929999439556.007,174,S1_depeg_stablecoin,indonesia,USDC
892,1.1113748430963817,2929999439556.007,174,S1_depeg_stablecoin,indonesia,USDC
893,1.117525337651931,2929999439556.007,174,S1_depeg_stablecoin,indonesia,USDC
894,1.099416546739531,2929999439556.007,174,S1_depeg_stablecoin,indonesia,USDC
895,1.111607001053655,2929999439556.007,174,S1_depeg_stablecoin,indonesia,USDC
896,1.0834174682169262,2929999439556.007,174,S1_depeg_stablecoin,indonesia,USDC
897,1.0914063562705734,2929999439556.007,174,S1_depeg_stablecoin,indonesia,USDC
898,1.1024964375397046,2929999439556.007,174,S1_depeg_stablecoin,indonesia,USDC
899,1.0999141975535145,2929999439556.007,174,S1_depeg_stablecoin,indonesia,USDC
900,1.064041513329893,2929999439556.007,174,S1_depeg_stablecoin,indonesia,USDC
901,1.0373129629271651,2929999439556.007,174,S1_depeg_stablecoin,indonesia,USDC
902,1.0500008363152933,2929999439556.007,174,S1_depeg_stablecoin,indonesia,USDC
903,1.0192092411142375,2929999439556.007,174,S1_depeg_stablecoin,indonesia,USDC
904,1.0130735261014807,2929999439556.007,174,S1_depeg_stablecoin,indonesia,USDC
905,1.0126336698735814,2929999439556.007,174,S1_depeg_stablecoin,indonesia,USDC
906,1.0396813613518514,2929999439556.007,174,S1_depeg_stablecoin,indonesia,USDC
907,1.0458082560066044,2929999439556.007,174,S1_depeg_stablecoin,indonesia,USDC
908,1.0311946641224672,2929999439556.007,174,S1_depeg_stablecoin,indonesia,USDC
909,1.0703885777793105,2929999439556.007,174,S1_depeg_stablecoin,indonesia,USDC
910,1.0448291092661075,2929999439556.007,174,S1_depeg_stablecoin,indonesia,USDC
911,1.0761091193341599,2929999439556.007,174,S1_depeg_stablecoin,indonesia,USDC
912,1.0512440561005951,2929999439556.007,174,S1_depeg_stablecoin,indonesia,USDC
913,1.0682988177437347,2929999439556.007,174,S1_depeg_stablecoin,indonesia,USDC
914,1.0504711430381692,2929999439556.007,174,S1_depeg_stablecoin,indonesia,USDC
915,1.0729314099880298,2929999439556.007,174,S1_depeg_stablecoin,indonesia,USDC
916,1.0811667784030323,2929999439556.007,174,S1_depeg_stablecoin,indonesia,USDC
917,1.1230411396898847,2929999439556.007,174,S1_depeg_stablecoin,indonesia,USDC
918,1.1031044140218675,2929999439556.007,174,S1_depeg_stablecoin,indonesia,USDC
919,1.0546340531688463,2929999439556.007,174,S1_depeg_stablecoin,indonesia,USDC
920,1.0381788495372317,2929999439556.007,174,S1_depeg_stablecoin,indonesia,USDC
921,1.0944256350088195,2929999439556.007,174,S1_depeg_stablecoin,indonesia,USDC
922,1.0619377121213023,2929999439556.007,174,S1_depeg_stablecoin,indonesia,USDC
923,1.070829251555686,2929999439556.007,174,S1_depeg_stablecoin,indonesia,USDC
924,1.083138531529955,2929999439556.007,174,S1_depeg_stablecoin,indonesia,USDC
925,1.0689573742301908,2929999439556.007,174,S1_depeg_stablecoin,indonesia,USDC
926,1.0675362425910022,2929999439556.007,174,S1_depeg_stablecoin,indonesia,USDC
927,1.0167849993736244,2929999439556.007,174,S1_depeg_stablecoin,indonesia,USDC
928,1.0163037187034696,2929999439556.007,174,S1_depeg_stablecoin,indonesia,USDC
929,1.0093718016269275,2929999439556.007,174,S1_depeg_stablecoin,indonesia,USDC
930,1.0072757527479463,2929999439556.007,174,S1_depeg_stablecoin,indonesia,USDC
931,0.9793458438783053,2929999439556.007,174,S1_depeg_stablecoin,indonesia,USDC
932,1.0063910943416863,2929999439556.007,174,S1_depeg_stablecoin,indonesia,USDC
933,1.0236062205514382,2929999439556.007,174,S1_depeg_stablecoin,indonesia,USDC
934,1.0599406023365316,2929999439556.007,174,S1_depeg_stablecoin,indonesia,USDC
935,1.0615674194864084,2929999439556.007,174,S1_depeg_stablecoin,indonesia,USDC
936,1.0427202122641197,2929999439556.007,174,S1_depeg_stablecoin,indonesia,USDC
937,1.0684596546942509,2929999439556.007,174,S1_depeg_stablecoin,indonesia,USDC
938,1.0737866828709415,2929999439556.007,174,S1_depeg_stablecoin,indonesia,USDC
939,1.073429390810055,2929999439556.007,174,S1_depeg_stablecoin,indonesia,USDC
940,1.0785564820310845,2929999439556.007,174,S1_depeg_stablecoin,indonesia,USDC
941,1.0941008225233773,2929999439556.007,174,S1_depeg_stablecoin,indonesia,USDC
942,1.056463116503787,2929999439556.007,174,S1_depeg_stablecoin,indonesia,USDC
943,1.0733758860106406,2929999439556.007,174,S1_depeg_stablecoin,indonesia,USDC
944,1.0510783045029437,2929999439556.007,174,S1_depeg_stablecoin,indonesia,USDC
945,1.024919273866778,2929999439556.007,174,S1_depeg_stablecoin,indonesia,USDC
946,1.021404222489613,2929999439556.007,174,S1_depeg_stablecoin,indonesia,USDC
947,1.0091195987428403,2929999439556.007,174,S1_depeg_stablecoin,indonesia,USDC
948,1.008855386062857,2929999439556.007,174,S1_depeg_stablecoin,indonesia,USDC
949,1.005902156121048,2929999439556.007,174,S1_depeg_stablecoin,indonesia,USDC
950,1.0154014261280842,2929999439556.007,174,S1_depeg_stablecoin,indonesia,USDC
951,1.0334362634100784,2929999439556.007,174,S1_depeg_stablecoin,indonesia,USDC
952,1.0327380942162974,2929999439556.007,174,S1_depeg_stablecoin,indonesia,USDC
953,1.0428435793640112,2929999439556.007,174,S1_depeg_stablecoin,indonesia,USDC
954,1.0393091919664128,2929999439556.007,174,S1_depeg_stablecoin,indonesia,USDC
955,1.0213262337315292,2929999439556.007,174,S1_depeg_stablecoin,indonesia,USDC
956,1.035407677821517,2929999439556.007,174,S1_depeg_stablecoin,indonesia,USDC
957,1.0527296389099212,2929999439556.007,174,S1_depeg_stablecoin,indonesia,USDC
958,0.9500354001134477,2929999439556.007,174,S1_depeg_stablecoin,indonesia,USDC
959,0.9668769239527006,2929999432407.4683,174,S1_depeg_stablecoin,indonesia,USDC
960,0.9682042768394695,2929999431469.766,174,S1_depeg_stablecoin,indonesia,USDC
961,0.9356293823139976,2929999431010.9946,174,S1_depeg_stablecoin,indonesia,USDC
962,0.9611267323430823,2929999419264.151,174,S1_depeg_stablecoin,indonesia,USDC
963,0.9632744794284452,2929999416361.196,174,S1_depeg_stablecoin,indonesia,USDC
964,0.9418270918006341,2929999414435.254,174,S1_depeg_stablecoin,indonesia,USDC
965,0.9446090003475363,2929999405321.34,174,S1_depeg_stablecoin,indonesia,USDC
966,0.9703633351633411,2929999397675.258,174,S1_depeg_stablecoin,indonesia,USDC
967,0.97405411086109,2929999397675.258,174,S1_depeg_stablecoin,indonesia,USDC
968,0.9683077240912035,2929999397675.258,174,S1_depeg_stablecoin,indonesia,USDC
969,0.9702958603723021,2929999397116.6055,174,S1_depeg_stablecoin,indonesia,USDC
970,0.983990552206125,2929999397116.6055,174,S1_depeg_stablecoin,indonesia,USDC
971,0.957660326290261,2929999397116.6055,174,S1_depeg_stablecoin,indonesia,USDC
972,0.9433332353257631,2929999393278.774,174,S1_depeg_stablecoin,indonesia,USDC
973,0.9377401461607839,2929999385206.1694,174,S1_depeg_stablecoin,indonesia,USDC
974,0.9186581686893615,2929999375624.7275,174,S1_depeg_stablecoin,indonesia,USDC
975,0.9106236774392231,2929999361093.1177,174,S1_depeg_stablecoin,indonesia,USDC
976,0.9303645531908963,2929999343731.165,174,S1_depeg_stablecoin,indonesia,USDC
977,0.9418628416037523,2929999332850.9814,174,S1_depeg_stablecoin,indonesia,USDC
978,0.9829297941142688,2929999326208.103,174,S1_depeg_stablecoin,indonesia,USDC
979,0.9723451366009346,2929999326208.103,174,S1_depeg_stablecoin,indonesia,USDC
980,0.963567121788831,2929999326208.103,174,S1_depeg_stablecoin,indonesia,USDC
981,0.9569652703705939,2929999325025.592,174,S1_depeg_stablecoin,indonesia,USDC
982,0.9568818389426696,2929999322248.0093,174,S1_depeg_stablecoin,indonesia,USDC
983,0.985165566730852,2929999318937.526,174,S1_depeg_stablecoin,indonesia,USDC
984,0.9620754991176634,2929999318937.526,174,S1_depeg_stablecoin,indonesia,USDC
985,0.9596944407281044,2929999316964.7534,174,S1_depeg_stablecoin,indonesia,USDC
986,0.9361038010736822,2929999314917.782,174,S1_depeg_stablecoin,indonesia,USDC
987,0.9406194206928057,2929999306883.9873,174,S1_depeg_stablecoin,indonesia,USDC
988,0.9410064607234692,2929999299934.904,174,S1_depeg_stablecoin,indonesia,USDC
989,0.9183888924420253,2929999293514.0034,174,S1_depeg_stablecoin,indonesia,USDC
990,0.9362131156393572,2929999282018.345,174,S1_depeg_stablecoin,indonesia,USDC
991,0.926171519758661,2929999275113.922,174,S1_depeg_stablecoin,indonesia,USDC
992,0.9191133572255593,2929999266687.906,174,S1_depeg_stablecoin,indonesia,USDC
993,0.9572868717063373,2929999257028.506,174,S1_depeg_stablecoin,indonesia,USDC
994,0.9725228024158223,2929999254939.001,174,S1_depeg_stablecoin,indonesia,USDC
995,0.9668102216771035,2929999254939.001,174,S1_depeg_stablecoin,indonesia,USDC
996,0.975780912662965,2929999254558.258,174,S1_depeg_stablecoin,indonesia,USDC
997,0.9754047735290976,2929999254558.258,174,S1_depeg_stablecoin,indonesia,USDC
998,0.9940147869670115,2929999254558.258,174,S1_depeg_stablecoin,indonesia,USDC
999,0.9811154717015703,2929999254558.258,174,S1_depeg_stablecoin,indonesia,USDC
1000,0.9738537958664225,2929999254558.258,174,S1_depeg_stablecoin,indonesia,USDC
