Step,price,liquidity,iteration,scenario,region,coin
1,0.9956979177805555,2989649176408.799,532,S5_twin_shock_imf_bailout,indonesia,USDC
2,1.027115114938291,2989649176408.799,532,S5_twin_shock_imf_bailout,indonesia,USDC
3,1.0292996152886869,2989649176408.799,532,S5_twin_shock_imf_bailout,indonesia,USDC
4,1.0386251061342866,2989649176408.799,532,S5_twin_shock_imf_bailout,indonesia,USDC
5,1.0473332936103155,2989649176408.799,532,S5_twin_shock_imf_bailout,indonesia,USDC
6,1.0946954223221816,2989649176408.799,532,S5_twin_shock_imf_bailout,indonesia,USDC
7,1.0945319548436752,2989649176408.799,532,S5_twin_shock_imf_bailout,indonesia,USDC
8,1.1201369342197882,2989649176408.799,532,S5_twin_shock_imf_bailout,indonesia,USDC
9,1.1218335952000438,2989649176408.799,532,S5_twin_shock_imf_bailout,indonesia,USDC
10,1.1001221434856407,2989649176408.799,532,S5_twin_shock_imf_bailout,indonesia,USDC
11,1.0591362102385624,2989649176408.799,532,S5_twin_shock_imf_bailout,indonesia,USDC
12,1.0336458412308123,2989649176408.799,532,S5_twin_shock_imf_bailout,indonesia,USDC
13,1.0032713619846734,2989649176408.799,532,S5_twin_shock_imf_bailout,indonesia,USDC
14,1.013393078901585,2989649176408.799,532,S5_twin_shock_imf_bailout,indonesia,USDC
15,1.013692727518413,2989649176408.799,532,S5_twin_shock_imf_bailout,indonesia,USDC
16,1.0060155148877248,2989649176408.799,532,S5_twin_shock_imf_bailout,indonesia,USDC
17,0.9904099130376971,2989649176408.799,532,S5_twin_shock_imf_bailout,indonesia,USDC
18,0.995761646540092,2989649176408.799,532,S5_twin_shock_imf_bailout,indonesia,USDC
19,0.9723902998103593,2989649176408.799,532,S5_twin_shock_imf_bailout,indonesia,USDC
20,0.9470713727345138,2989649176408.799,532,S5_twin_shock_imf_bailout,indonesia,USDC
21,0.9231890683648963,2988269514858.972,532,S5_twin_shock_imf_bailout,indonesia,USDC
22,0.9259412401464816,2985496747897.8906,532,S5_twin_shock_imf_bailout,indonesia,USDC
23,0.9242113513010657,2982986863663.114,532,S5_twin_shock_imf_bailout,indonesia,USDC
24,0.9505117114593673,2980469069205.2773,532,S5_twin_shock_imf_bailout,indonesia,USDC
25,0.9437865861704048,2979448045767.729,532,S5_twin_shock_imf_bailout,indonesia,USDC
26,0.9683729505799915,2978142303446.009,532,S5_twin_shock_imf_bailout,indonesia,USDC
27,0.9714516180161552,2978083488156.9004,532,S5_twin_shock_imf_bailout,indonesia,USDC
28,0.9728351382365968,2978083488156.9004,532,S5_twin_shock_imf_bailout,indonesia,USDC
29,0.9871989693397496,2978083488156.9004,532,S5_twin_shock_imf_bailout,indonesia,USDC
30,0.994283388303923,2978083488156.9004,532,S5_twin_shock_imf_bailout,indonesia,USDC
31,1.0143766574386144,2978083488156.9004,532,S5_twin_shock_imf_bailout,indonesia,USDC
32,1.0246286823521078,2978083488156.9004,532,S5_twin_shock_imf_bailout,indonesia,USDC
33,1.0589710571009623,2978083488156.9004,532,S5_twin_shock_imf_bailout,indonesia,USDC
34,1.0450376013800298,2978083488156.9004,532,S5_twin_shock_imf_bailout,indonesia,USDC
35,1.0272752416009256,2978083488156.9004,532,S5_twin_shock_imf_bailout,indonesia,USDC
36,1.04467031719503,2978083488156.9004,532,S5_twin_shock_imf_bailout,indonesia,USDC
37,1.0195059528939798,2978083488156.9004,532,S5_twin_shock_imf_bailout,indonesia,USDC
38,1.018670337941775,2978083488156.9004,532,S5_twin_shock_imf_bailout,indonesia,USDC
39,1.0344623584440822,2978083488156.9004,532,S5_twin_shock_imf_bailout,indonesia,USDC
40,1.0077440815193446,2978083488156.9004,532,S5_twin_shock_imf_bailout,indonesia,USDC
41,1.0167206702486877,2978083488156.9004,532,S5_twin_shock_imf_bailout,indonesia,USDC
42,1.0119582090476258,2978083488156.9004,532,S5_twin_shock_imf_bailout,indonesia,USDC
43,1.0111341504406843,2978083488156.9004,532,S5_twin_shock_imf_bailout,indonesia,USDC
44,0.9937115914720008,2978083488156.9004,532,S5_twin_shock_imf_bailout,indonesia,USDC
45,0.9922848786808209,2978083488156.9004,532,S5_twin_shock_imf_bailout,indonesia,USDC
46,1.016293033511066,2978083488156.9004,532,S5_twin_shock_imf_bailout,indonesia,USDC
47,1.0303124774501193,2978083488156.9004,532,S5_twin_shock_imf_bailout,indonesia,USDC
48,1.0568665323277735,2978083488156.9004,532,S5_twin_shock_imf_bailout,indonesia,USDC
49,1.0455396998662172,2978083488156.9004,532,S5_twin_shock_imf_bailout,indonesia,USDC
50,1.013263531268947,2978083488156.9004,532,S5_twin_shock_imf_bailout,indonesia,USDC
51,1.0165229091738706,2978083488156.9004,532,S5_twin_shock_imf_bailout,indonesia,USDC
52,1.0154609999314559,2978083488156.9004,532,S5_twin_shock_imf_bailout,indonesia,USDC
53,1.005880867773171,2978083488156.9004,532,S5_twin_shock_imf_bailout,indonesia,USDC
54,1.023394551077127,2978083488156.9004,532,S5_twin_shock_imf_bailout,indonesia,USDC
55,1.0046070547154762,2978083488156.9004,532,S5_twin_shock_imf_bailout,indonesia,USDC
56,0.9847029954448785,2978083488156.9004,532,S5_twin_shock_imf_bailout,indonesia,USDC
57,1.0149192597688153,2978083488156.9004,532,S5_twin_shock_imf_bailout,indonesia,USDC
58,1.0366592936331656,2978083488156.9004,532,S5_twin_shock_imf_bailout,indonesia,USDC
59,1.0295703789886101,2978083488156.9004,532,S5_twin_shock_imf_bailout,indonesia,USDC
60,1.02216305616695,2978083488156.9004,532,S5_twin_shock_imf_bailout,indonesia,USDC
61,1.0130345320441874,2978083488156.9004,532,S5_twin_shock_imf_bailout,indonesia,USDC
62,1.0356907738645837,2978083488156.9004,532,S5_twin_shock_imf_bailout,indonesia,USDC
63,1.070336595678858,2978083488156.9004,532,S5_twin_shock_imf_bailout,indonesia,USDC
64,1.1032302959431328,2978083488156.9004,532,S5_twin_shock_imf_bailout,indonesia,USDC
65,1.0840547725639391,2978083488156.9004,532,S5_twin_shock_imf_bailout,indonesia,USDC
66,1.0708033222890225,2978083488156.9004,532,S5_twin_shock_imf_bailout,indonesia,USDC
67,1.040351948250251,2978083488156.9004,532,S5_twin_shock_imf_bailout,indonesia,USDC
68,1.0524984398876887,2978083488156.9004,532,S5_twin_shock_imf_bailout,indonesia,USDC
69,1.0245166449193885,2978083488156.9004,532,S5_twin_shock_imf_bailout,indonesia,USDC
70,1.029422932081969,2978083488156.9004,532,S5_twin_shock_imf_bailout,indonesia,USDC
71,1.0454569328938628,2978083488156.9004,532,S5_twin_shock_imf_bailout,indonesia,USDC
72,1.0464959406866554,2978083488156.9004,532,S5_twin_shock_imf_bailout,indonesia,USDC
73,1.0494955937876698,2978083488156.9004,532,S5_twin_shock_imf_bailout,indonesia,USDC
74,1.050750333940873,2978083488156.9004,532,S5_twin_shock_imf_bailout,indonesia,USDC
75,1.0338732489812357,2978083488156.9004,532,S5_twin_shock_imf_bailout,indonesia,USDC
76,1.0192909621543855,2978083488156.9004,532,S5_twin_shock_imf_bailout,indonesia,USDC
77,1.0341381066156432,2978083488156.9004,532,S5_twin_shock_imf_bailout,indonesia,USDC
78,1.022556547972905,2978083488156.9004,532,S5_twin_shock_imf_bailout,indonesia,USDC
79,1.0286551705889144,2978083488156.9004,532,S5_twin_shock_imf_bailout,indonesia,USDC
80,1.023473930944098,2978083488156.9004,532,S5_twin_shock_imf_bailout,indonesia,USDC
81,1.0022016157615952,2978083488156.9004,532,S5_twin_shock_imf_bailout,indonesia,USDC
82,1.0083683863733706,2978083488156.9004,532,S5_twin_shock_imf_bailout,indonesia,USDC
83,1.0204474795612917,2978083488156.9004,532,S5_twin_shock_imf_bailout,indonesia,USDC
84,1.0431432672498984,2978083488156.9004,532,S5_twin_shock_imf_bailout,indonesia,USDC
85,1.0319839652380458,2978083488156.9004,532,S5_twin_shock_imf_bailout,indonesia,USDC
86,1.0265782300264534,2978083488156.9004,532,S5_twin_shock_imf_bailout,indonesia,USDC
87,1.0261210292341436,2978083488156.9004,532,S5_twin_shock_imf_bailout,indonesia,USDC
88,1.0292834319209911,2978083488156.9004,532,S5_twin_shock_imf_bailout,indonesia,USDC
89,1.0689054507684528,2978083488156.9004,532,S5_twin_shock_imf_bailout,indonesia,USDC
90,1.073689611231891,2978083488156.9004,532,S5_twin_shock_imf_bailout,indonesia,USDC
91,1.114658592869802,2978083488156.9004,532,S5_twin_shock_imf_bailout,indonesia,USDC
92,1.0794633771445228,2978083488156.9004,532,S5_twin_shock_imf_bailout,indonesia,USDC
93,1.0633526270497828,2978083488156.9004,532,S5_twin_shock_imf_bailout,indonesia,USDC
94,1.086046417455485,2978083488156.9004,532,S5_twin_shock_imf_bailout,indonesia,USDC
95,1.0491409855819653,2978083488156.9004,532,S5_twin_shock_imf_bailout,indonesia,USDC
96,1.0521585148843122,2978083488156.9004,532,S5_twin_shock_imf_bailout,indonesia,USDC
97,1.035986943862925,2978083488156.9004,532,S5_twin_shock_imf_bailout,indonesia,USDC
98,1.0433130800645787,2978083488156.9004,532,S5_twin_shock_imf_bailout,indonesia,USDC
99,1.0293194321980546,2978083488156.9004,532,S5_twin_shock_imf_bailout,indonesia,USDC
100,1.041300526322285,2978083488156.9004,532,S5_twin_shock_imf_bailout,indonesia,USDC
101,0.8443983432636013,2978083488156.9004,532,S5_twin_shock_imf_bailout,indonesia,USDC
102,0.8356325290944063,2971941596982.091,532,S5_twin_shock_imf_bailout,indonesia,USDC
103,0.8579705663940947,2966322333409.7085,532,S5_twin_shock_imf_bailout,indonesia,USDC
104,0.8435700621509646,2962355282253.54,532,S5_twin_shock_imf_bailout,indonesia,USDC
105,0.8629953295263535,2958356086146.318,532,S5_twin_shock_imf_bailout,indonesia,USDC
106,0.8521075221021798,2955325091557.0703,532,S5_twin_shock_imf_bailout,indonesia,USDC
107,0.8432025323087636,2952334900896.4893,532,S5_twin_shock_imf_bailout,indonesia,USDC
108,0.8762551039319233,2949552798617.9746,532,S5_twin_shock_imf_bailout,indonesia,USDC
109,0.8857309738754878,2947713170615.45,532,S5_twin_shock_imf_bailout,indonesia,USDC
110,0.9277140436366194,2946250255720.1743,532,S5_twin_shock_imf_bailout,indonesia,USDC
111,0.9485821523916625,2945588409049.4404,532,S5_twin_shock_imf_bailout,indonesia,USDC
112,0.9572146087619962,2945236466723.986,532,S5_twin_shock_imf_bailout,indonesia,USDC
113,0.959924402777407,2945031013522.9346,532,S5_twin_shock_imf_bailout,indonesia,USDC
114,0.9746597261646311,2944903014162.2446,532,S5_twin_shock_imf_bailout,indonesia,USDC
115,0.9698847578046821,2944903014162.2446,532,S5_twin_shock_imf_bailout,indonesia,USDC
116,0.9987721936270024,2944901201908.8945,532,S5_twin_shock_imf_bailout,indonesia,USDC
117,1.01131683115607,2944901201908.8945,532,S5_twin_shock_imf_bailout,indonesia,USDC
118,1.0363325896191855,2944901201908.8945,532,S5_twin_shock_imf_bailout,indonesia,USDC
119,1.025673176353699,2944901201908.8945,532,S5_twin_shock_imf_bailout,indonesia,USDC
120,1.0089255254595983,2944901201908.8945,532,S5_twin_shock_imf_bailout,indonesia,USDC
121,600001.0055161498,2871318671861.1724,532,S5_twin_shock_imf_bailout,indonesia,USDC
122,480001.95,2799567705064.6426,532,S5_twin_shock_imf_bailout,indonesia,USDC
123,384001.95,2729604112438.027,532,S5_twin_shock_imf_bailout,indonesia,USDC
124,307201.95,2661384489627.076,532,S5_twin_shock_imf_bailout,indonesia,USDC
125,245761.95,2594866261386.3994,532,S5_twin_shock_imf_bailout,indonesia,USDC
126,196609.95,2530007712051.7393,532,S5_twin_shock_imf_bailout,indonesia,USDC
127,157288.35,2466768005010.446,532,S5_twin_shock_imf_bailout,indonesia,USDC
128,125831.06999999999,2405107193493.1846,532,S5_twin_shock_imf_bailout,indonesia,USDC
129,100665.246,2344986224542.255,532,S5_twin_shock_imf_bailout,indonesia,USDC
130,80532.5868,2286366937637.8184,532,S5_twin_shock_imf_bailout,indonesia,USDC
131,64426.45944,2229212059164.169,532,S5_twin_shock_imf_bailout,indonesia,USDC
132,51541.557552,2173485193658.9019,532,S5_twin_shock_imf_bailout,indonesia,USDC
133,41233.6360416,2119150812596.4988,532,S5_twin_shock_imf_bailout,indonesia,USDC
134,32987.29883328,2066174241304.8418,532,S5_twin_shock_imf_bailout,indonesia,USDC
135,26390.229066624004,2014521644490.8252,532,S5_twin_shock_imf_bailout,indonesia,USDC
136,21112.573253299208,1964160010753.438,532,S5_twin_shock_imf_bailout,indonesia,USDC
137,16890.448602639364,1915057136384.5093,532,S5_twin_shock_imf_bailout,indonesia,USDC
138,13512.748882111493,1867181608694.8218,532,S5_twin_shock_imf_bailout,indonesia,USDC
139,10810.589105689196,1820502789053.3916,532,S5_twin_shock_imf_bailout,indonesia,USDC
140,8648.861284551356,1774990795787.809,532,S5_twin_shock_imf_bailout,indonesia,USDC
141,6919.479027641083,1730616487061.7158,532,S5_twin_shock_imf_bailout,indonesia,USDC
142,5535.973222112866,1687351443820.0547,532,S5_twin_shock_imf_bailout,indonesia,USDC
143,4429.168577690293,1645167952872.4583,532,S5_twin_shock_imf_bailout,indonesia,USDC
144,3543.724862152234,1604038990168.9707,532,S5_twin_shock_imf_bailout,indonesia,USDC
145,2835.3698897217873,1563938204309.4058,532,S5_twin_shock_imf_bailout,indonesia,USDC
146,2268.6859117774297,1524839900317.3984,532,S5_twin_shock_imf_bailout,indonesia,USDC
147,1815.338729421944,1486719023702.0454,532,S5_twin_shock_imf_bailout,indonesia,USDC
148,1452.6609835375552,1449551144823.5598,532,S5_twin_shock_imf_bailout,indonesia,USDC
149,1162.518786830044,1413312443574.2231,532,S5_twin_shock_imf_bailout,indonesia,USDC
150,930.4050294640354,1377979694381.8696,532,S5_twin_shock_imf_bailout,indonesia,USDC
151,744.7140235712283,1343530251539.9243,532,S5_twin_shock_imf_bailout,indonesia,USDC
152,596.1612188569826,1309942034865.5073,532,S5_twin_shock_imf_bailout,indonesia,USDC
153,477.3189750855861,1277193515685.1348,532,S5_twin_shock_imf_bailout,indonesia,USDC
154,382.24518006846887,1245263703146.0186,532,S5_twin_shock_imf_bailout,indonesia,USDC
155,306.1861440547751,1214132130849.7776,532,S5_twin_shock_imf_bailout,indonesia,USDC
156,245.3389152438201,1183778843804.461,532,S5_twin_shock_imf_bailout,indonesia,USDC
157,196.66113219505607,1154184385690.0916,532,S5_twin_shock_imf_bailout,indonesia,USDC
158,157.71890575604485,1125329786432.433,532,S5_twin_shock_imf_bailout,indonesia,USDC
159,126.5651246048359,1097196550079.2971,532,S5_twin_shock_imf_bailout,indonesia,USDC
160,101.64209968386872,1069766642973.4548,532,S5_twin_shock_imf_bailout,indonesia,USDC
161,81.70367974709498,1043022482216.0305,532,S5_twin_shock_imf_bailout,indonesia,USDC
162,65.75294379767598,1016946924414.1592,532,S5_twin_shock_imf_bailout,indonesia,USDC
163,52.99235503814079,991523254706.6288,532,S5_twin_shock_imf_bailout,indonesia,USDC
164,42.78388403051264,966735176061.222,532,S5_twin_shock_imf_bailout,indonesia,USDC
165,34.61710722441011,942566798837.4987,532,S5_twin_shock_imf_bailout,indonesia,USDC
166,28.083685779528086,919002630608.8069,532,S5_twin_shock_imf_bailout,indonesia,USDC
167,22.85694862362247,896027566237.3834,532,S5_twin_shock_imf_bailout,indonesia,USDC
168,18.675558898897975,873626878196.4861,532,S5_twin_shock_imf_bailout,indonesia,USDC
169,15.330447119118379,851786207133.6038,532,S5_twin_shock_imf_bailout,indonesia,USDC
170,12.654357695294703,830491552668.8875,532,S5_twin_shock_imf_bailout,indonesia,USDC
171,10.513486156235762,809729264423.0643,532,S5_twin_shock_imf_bailout,indonesia,USDC
172,8.800788924988609,789486033269.207,532,S5_twin_shock_imf_bailout,indonesia,USDC
173,7.430631139990888,769748882802.8522,532,S5_twin_shock_imf_bailout,indonesia,USDC
174,6.334504911992711,750505161025.0812,532,S5_twin_shock_imf_bailout,indonesia,USDC
175,5.457603929594168,731742532233.2944,532,S5_twin_shock_imf_bailout,indonesia,USDC
176,4.756083143675334,713448969114.5343,532,S5_twin_shock_imf_bailout,indonesia,USDC
177,4.1948665149402675,695612745036.3287,532,S5_twin_shock_imf_bailout,indonesia,USDC
178,3.745893211952214,678222426530.1467,532,S5_twin_shock_imf_bailout,indonesia,USDC
179,3.3867145695617715,661266865962.6741,532,S5_twin_shock_imf_bailout,indonesia,USDC
180,3.099371655649417,644735194390.232,532,S5_twin_shock_imf_bailout,indonesia,USDC
181,2.8694973245195334,628616814591.7761,532,S5_twin_shock_imf_bailout,indonesia,USDC
182,2.685597859615627,612901394276.0216,532,S5_twin_shock_imf_bailout,indonesia,USDC
183,2.5384782876925014,597578859458.3529,532,S5_twin_shock_imf_bailout,indonesia,USDC
184,2.420782630154001,582639388003.2797,532,S5_twin_shock_imf_bailout,indonesia,USDC
185,2.326626104123201,568073403328.306,532,S5_twin_shock_imf_bailout,indonesia,USDC
186,2.2513008832985606,553871568265.185,532,S5_twin_shock_imf_bailout,indonesia,USDC
187,2.1910407066388484,540024779074.6249,532,S5_twin_shock_imf_bailout,indonesia,USDC
188,2.1428325653110787,526524159610.61475,532,S5_twin_shock_imf_bailout,indonesia,USDC
189,2.104266052248863,513361055630.63367,532,S5_twin_shock_imf_bailout,indonesia,USDC
190,2.0353926807036427,500527029248.09534,532,S5_twin_shock_imf_bailout,indonesia,USDC
191,2.040774900780641,488013853523.475,532,S5_twin_shock_imf_bailout,indonesia,USDC
192,1.9825923656535989,475813507190.6537,532,S5_twin_shock_imf_bailout,indonesia,USDC
193,1.96477916946194,463918169515.0999,532,S5_twin_shock_imf_bailout,indonesia,USDC
194,1.8714770517724892,452320215280.59235,532,S5_twin_shock_imf_bailout,indonesia,USDC
195,1.7607995000492935,441012209901.2735,532,S5_twin_shock_imf_bailout,indonesia,USDC
196,1.7436332148381741,429986904655.89844,532,S5_twin_shock_imf_bailout,indonesia,USDC
197,1.6616956068624622,419237232041.2263,532,S5_twin_shock_imf_bailout,indonesia,USDC
198,1.617667258607919,408756301241.57605,532,S5_twin_shock_imf_bailout,indonesia,USDC
199,1.4993539217333407,398537393711.6409,532,S5_twin_shock_imf_bailout,indonesia,USDC
200,1.4217386564934529,388573958869.7334,532,S5_twin_shock_imf_bailout,indonesia,USDC
201,1.398248303817466,378859609898.6968,532,S5_twin_shock_imf_bailout,indonesia,USDC
202,1.3527731559779412,369388119651.7947,532,S5_twin_shock_imf_bailout,indonesia,USDC
203,1.3224670049326572,360153416660.95215,532,S5_twin_shock_imf_bailout,indonesia,USDC
204,1.2825193545977236,351149581244.7902,532,S5_twin_shock_imf_bailout,indonesia,USDC
205,1.2578306221242277,342370841713.95996,532,S5_twin_shock_imf_bailout,indonesia,USDC
206,1.1852719903309552,333811570671.3425,532,S5_twin_shock_imf_bailout,indonesia,USDC
207,1.135976059548582,325466281404.74426,532,S5_twin_shock_imf_bailout,indonesia,USDC
208,1.1024935502747633,317329624369.77386,532,S5_twin_shock_imf_bailout,indonesia,USDC
209,1.0778718847234008,309396383760.6481,532,S5_twin_shock_imf_bailout,indonesia,USDC
210,1.067809144650358,301661474166.72675,532,S5_twin_shock_imf_bailout,indonesia,USDC
211,1.047860137129177,294119937312.63446,532,S5_twin_shock_imf_bailout,indonesia,USDC
212,1.0513310368773456,286766938879.8793,532,S5_twin_shock_imf_bailout,indonesia,USDC
213,1.0237729039008039,279597765407.93085,532,S5_twin_shock_imf_bailout,indonesia,USDC
214,0.9767848099284605,272607821272.77142,532,S5_twin_shock_imf_bailout,indonesia,USDC
215,0.9550724160107441,265792625740.98322,532,S5_twin_shock_imf_bailout,indonesia,USDC
216,0.9539612330816541,258941784975.0603,532,S5_twin_shock_imf_bailout,indonesia,USDC
217,0.9215169883901119,252260563581.22244,532,S5_twin_shock_imf_bailout,indonesia,USDC
218,0.8998457238465629,245289937659.28546,532,S5_twin_shock_imf_bailout,indonesia,USDC
219,0.8859387294317952,238160130767.34827,532,S5_twin_shock_imf_bailout,indonesia,USDC
220,0.9026861835282195,231147635818.0528,532,S5_twin_shock_imf_bailout,indonesia,USDC
221,0.9138177034970453,224593465628.06677,532,S5_twin_shock_imf_bailout,indonesia,USDC
222,0.9011899641108901,218392441621.34564,532,S5_twin_shock_imf_bailout,indonesia,USDC
223,0.8983961170086818,212231709445.69336,532,S5_twin_shock_imf_bailout,indonesia,USDC
224,0.8627082992901022,206262444193.13855,532,S5_twin_shock_imf_bailout,indonesia,USDC
225,0.8595857909835734,200151621924.94598,532,S5_twin_shock_imf_bailout,indonesia,USDC
226,0.8696827686605058,194289074873.14847,532,S5_twin_shock_imf_bailout,indonesia,USDC
227,0.8677284744558683,188735804797.81583,532,S5_twin_shock_imf_bailout,indonesia,USDC
228,0.831033080887519,183346661727.722,532,S5_twin_shock_imf_bailout,indonesia,USDC
229,0.8357258403356947,177978404731.33765,532,S5_twin_shock_imf_bailout,indonesia,USDC
230,0.8292122119507721,172859003900.4309,532,S5_twin_shock_imf_bailout,indonesia,USDC
231,0.8110424693161818,167902320325.8988,532,S5_twin_shock_imf_bailout,indonesia,USDC
232,0.7950112444971091,163128109403.01288,532,S5_twin_shock_imf_bailout,indonesia,USDC
233,0.7762156853315441,158479010486.29105,532,S5_twin_shock_imf_bailout,indonesia,USDC
234,0.7723544325841477,154028790398.71094,532,S5_twin_shock_imf_bailout,indonesia,USDC
235,0.7764977997800305,149749065997.10074,532,S5_twin_shock_imf_bailout,indonesia,USDC
236,0.7826076290684792,145677400933.31226,532,S5_twin_shock_imf_bailout,indonesia,USDC
237,0.785935438602314,141790060111.6341,532,S5_twin_shock_imf_bailout,indonesia,USDC
238,0.7887667879682839,138044090708.56732,532,S5_twin_shock_imf_bailout,indonesia,USDC
239,0.7661278570191744,134434300573.73979,532,S5_twin_shock_imf_bailout,indonesia,USDC
240,0.7517872074967741,130923144018.19467,532,S5_twin_shock_imf_bailout,indonesia,USDC
241,0.743766495790538,127519244547.53802,532,S5_twin_shock_imf_bailout,indonesia,USDC
242,0.7546035438206999,124227593398.32419,532,S5_twin_shock_imf_bailout,indonesia,USDC
243,0.7536056877362142,121045378970.18027,532,S5_twin_shock_imf_bailout,indonesia,USDC
244,0.7543540981876921,117957506599.19899,532,S5_twin_shock_imf_bailout,indonesia,USDC
245,0.7567494219556445,114959625928.75282,532,S5_twin_shock_imf_bailout,indonesia,USDC
246,0.7805562123480435,112047995839.7417,532,S5_twin_shock_imf_bailout,indonesia,USDC
247,0.7804888587586003,109222220440.38312,532,S5_twin_shock_imf_bailout,indonesia,USDC
248,0.7926172888863298,106470793694.74728,532,S5_twin_shock_imf_bailout,indonesia,USDC
249,0.8094430411569705,103793851087.79776,532,S5_twin_shock_imf_bailout,indonesia,USDC
250,0.8122674055683327,101186930049.48055,532,S5_twin_shock_imf_bailout,indonesia,USDC
251,0.8120582767397455,98647561859.4277,532,S5_twin_shock_imf_bailout,indonesia,USDC
252,0.7945846116063098,96173535229.83983,532,S5_twin_shock_imf_bailout,indonesia,USDC
253,0.7901173930460108,93761506313.71107,532,S5_twin_shock_imf_bailout,indonesia,USDC
254,0.796279795088248,91410983946.10258,532,S5_twin_shock_imf_bailout,indonesia,USDC
255,0.8066249150014727,89120584625.55255,532,S5_twin_shock_imf_bailout,indonesia,USDC
256,0.8108392318542359,86888603193.42194,532,S5_twin_shock_imf_bailout,indonesia,USDC
257,0.8076578621026603,84713094103.17566,532,S5_twin_shock_imf_bailout,indonesia,USDC
258,0.8086476325870535,82592624571.92653,532,S5_twin_shock_imf_bailout,indonesia,USDC
259,0.7854899573446897,80525505438.6709,532,S5_twin_shock_imf_bailout,indonesia,USDC
260,0.8061809150123718,78510158738.8979,532,S5_twin_shock_imf_bailout,indonesia,USDC
261,0.822787789142465,76545843838.50635,532,S5_twin_shock_imf_bailout,indonesia,USDC
262,0.8234550477142585,74631047351.41675,532,S5_twin_shock_imf_bailout,indonesia,USDC
263,0.8340673002702763,72764289376.43396,532,S5_twin_shock_imf_bailout,indonesia,USDC
264,0.8243242949539344,70944368402.88048,532,S5_twin_shock_imf_bailout,indonesia,USDC
265,0.8751573255957643,69169990323.72128,532,S5_twin_shock_imf_bailout,indonesia,USDC
266,0.8429546011820078,67440315167.64278,532,S5_twin_shock_imf_bailout,indonesia,USDC
267,0.8107018420483548,65753824944.0352,532,S5_twin_shock_imf_bailout,indonesia,USDC
268,0.8075687621668627,64109424848.886154,532,S5_twin_shock_imf_bailout,indonesia,USDC
269,0.7961328218204985,62506234181.17115,532,S5_twin_shock_imf_bailout,indonesia,USDC
270,0.8081878395758105,60943159306.856,532,S5_twin_shock_imf_bailout,indonesia,USDC
271,0.8071992626997532,59419250768.11108,532,S5_twin_shock_imf_bailout,indonesia,USDC
272,0.8219501603252497,57933503456.22812,532,S5_twin_shock_imf_bailout,indonesia,USDC
273,0.8272184123465682,56484953876.34335,532,S5_twin_shock_imf_bailout,indonesia,USDC
274,0.8279651818155408,55072652381.17964,532,S5_twin_shock_imf_bailout,indonesia,USDC
275,0.7961405319652038,53695691573.852234,532,S5_twin_shock_imf_bailout,indonesia,USDC
276,0.796977914804222,52353146713.17061,532,S5_twin_shock_imf_bailout,indonesia,USDC
277,0.81645216537521,51044187448.88486,532,S5_twin_shock_imf_bailout,indonesia,USDC
278,0.6864410975868765,49767989353.41139,532,S5_twin_shock_imf_bailout,indonesia,USDC
279,0.6899476251368645,48523646411.47304,532,S5_twin_shock_imf_bailout,indonesia,USDC
280,0.6892991444954718,47310449888.337074,532,S5_twin_shock_imf_bailout,indonesia,USDC
281,0.6892708582528239,46127617681.69075,532,S5_twin_shock_imf_bailout,indonesia,USDC
282,0.6964679608310055,44974373694.02681,532,S5_twin_shock_imf_bailout,indonesia,USDC
283,0.7189188593883196,43849976957.24254,532,S5_twin_shock_imf_bailout,indonesia,USDC
284,0.6376712954334673,42753702250.11158,532,S5_twin_shock_imf_bailout,indonesia,USDC
285,0.6629566603702791,41684835792.77083,532,S5_twin_shock_imf_bailout,indonesia,USDC
286,0.6851898342194512,40642699548.2789,532,S5_twin_shock_imf_bailout,indonesia,USDC
287,0.6964649803118841,39626622328.32871,532,S5_twin_shock_imf_bailout,indonesia,USDC
288,0.708393524051009,38635950534.57599,532,S5_twin_shock_imf_bailout,indonesia,USDC
289,0.7003732818206823,37670047397.15272,532,S5_twin_shock_imf_bailout,indonesia,USDC
290,0.6941639920536387,36728292717.49598,532,S5_twin_shock_imf_bailout,indonesia,USDC
291,0.7152323566604706,35810082899.71136,532,S5_twin_shock_imf_bailout,indonesia,USDC
292,0.7458925408293186,34914829071.840706,532,S5_twin_shock_imf_bailout,indonesia,USDC
293,0.7647856927817164,34041957222.608585,532,S5_twin_shock_imf_bailout,indonesia,USDC
294,0.7667110992255808,33190907477.353912,532,S5_twin_shock_imf_bailout,indonesia,USDC
295,0.7661709756025727,32361134163.188034,532,S5_twin_shock_imf_bailout,indonesia,USDC
296,0.8104795003748432,31552105286.446556,532,S5_twin_shock_imf_bailout,indonesia,USDC
297,0.8115509838402153,30763302343.60853,532,S5_twin_shock_imf_bailout,indonesia,USDC
298,0.8150463838647746,29994219520.18423,532,S5_twin_shock_imf_bailout,indonesia,USDC
299,0.8154618069530831,29244363818.89286,532,S5_twin_shock_imf_bailout,indonesia,USDC
300,0.8128595703276554,28513254547.2747,532,S5_twin_shock_imf_bailout,indonesia,USDC
301,0.8254563079538421,27800423024.985966,532,S5_twin_shock_imf_bailout,indonesia,USDC
302,0.826038332193143,27105412326.420013,532,S5_twin_shock_imf_bailout,indonesia,USDC
303,0.8270719590339419,26427776915.96871,532,S5_twin_shock_imf_bailout,indonesia,USDC
304,0.8121541619664633,25767082402.325535,532,S5_twin_shock_imf_bailout,indonesia,USDC
305,0.8161074496087164,25122905258.503574,532,S5_twin_shock_imf_bailout,indonesia,USDC
306,0.8437870466424011,24494832557.021767,532,S5_twin_shock_imf_bailout,indonesia,USDC
307,0.868147419754696,23882461695.821815,532,S5_twin_shock_imf_bailout,indonesia,USDC
308,0.8169756958694072,23285400120.099197,532,S5_twin_shock_imf_bailout,indonesia,USDC
309,0.7958925590038539,22703265072.19171,532,S5_twin_shock_imf_bailout,indonesia,USDC
310,0.7916072233564481,22135683403.851704,532,S5_twin_shock_imf_bailout,indonesia,USDC
311,0.7804518507880281,21582291281.883564,532,S5_twin_shock_imf_bailout,indonesia,USDC
312,0.776724016296345,21042733969.018238,532,S5_twin_shock_imf_bailout,indonesia,USDC
313,0.7919852505819797,20516665592.57732,532,S5_twin_shock_imf_bailout,indonesia,USDC
314,0.7716918623759111,20003748933.077232,532,S5_twin_shock_imf_bailout,indonesia,USDC
315,0.7732825395406647,19503655192.470245,532,S5_twin_shock_imf_bailout,indonesia,USDC
316,0.7566118269003872,19016063798.820637,532,S5_twin_shock_imf_bailout,indonesia,USDC
317,0.7793056278583547,18540662191.70065,532,S5_twin_shock_imf_bailout,indonesia,USDC
318,0.758592545691475,18077145627.782608,532,S5_twin_shock_imf_bailout,indonesia,USDC
319,0.7230627766852751,17625216979.108215,532,S5_twin_shock_imf_bailout,indonesia,USDC
320,0.7243325452838534,17184586547.31331,532,S5_twin_shock_imf_bailout,indonesia,USDC
321,0.6978810266517281,16754971878.162289,532,S5_twin_shock_imf_bailout,indonesia,USDC
322,0.7209167494032377,16336097576.828987,532,S5_twin_shock_imf_bailout,indonesia,USDC
323,0.7400695494974573,15927695134.463436,532,S5_twin_shock_imf_bailout,indonesia,USDC
324,0.732682147993851,15529502753.95943,532,S5_twin_shock_imf_bailout,indonesia,USDC
325,0.7491230737826753,15141265183.480135,532,S5_twin_shock_imf_bailout,indonesia,USDC
326,0.760772947937979,14762733552.65644,532,S5_twin_shock_imf_bailout,indonesia,USDC
327,0.7692285259334796,14393665212.970383,532,S5_twin_shock_imf_bailout,indonesia,USDC
328,0.7574646578769563,14033823581.957973,532,S5_twin_shock_imf_bailout,indonesia,USDC
329,0.7615764983389194,13682977991.841843,532,S5_twin_shock_imf_bailout,indonesia,USDC
330,0.7536550259982097,13340903541.626587,532,S5_twin_shock_imf_bailout,indonesia,USDC
331,0.7649065269041684,13007380952.738832,532,S5_twin_shock_imf_bailout,indonesia,USDC
332,0.791991768204261,12682196428.649935,532,S5_twin_shock_imf_bailout,indonesia,USDC
333,0.8089258501719075,12365141517.751652,532,S5_twin_shock_imf_bailout,indonesia,USDC
334,0.8103282455085494,12056012979.666615,532,S5_twin_shock_imf_bailout,indonesia,USDC
335,0.8080477351701203,11754612655.065117,532,S5_twin_shock_imf_bailout,indonesia,USDC
336,0.8499229622657372,11460747338.594324,532,S5_twin_shock_imf_bailout,indonesia,USDC
337,0.8517672549996472,11174228655.06946,532,S5_twin_shock_imf_bailout,indonesia,USDC
338,0.8105621548949995,10894872938.63844,532,S5_twin_shock_imf_bailout,indonesia,USDC
339,0.799535198713916,10622501115.112019,532,S5_twin_shock_imf_bailout,indonesia,USDC
340,0.8035752459957556,10356938587.179535,532,S5_twin_shock_imf_bailout,indonesia,USDC
341,0.8083215134241911,10098015122.45361,532,S5_twin_shock_imf_bailout,indonesia,USDC
342,0.8124396102395333,9845564744.355547,532,S5_twin_shock_imf_bailout,indonesia,USDC
343,0.8045562773393234,9599425625.71721,532,S5_twin_shock_imf_bailout,indonesia,USDC
344,0.7893436024504491,9359439985.04697,532,S5_twin_shock_imf_bailout,indonesia,USDC
345,0.8025131710688832,9125453985.396942,532,S5_twin_shock_imf_bailout,indonesia,USDC
346,0.805734213850265,8897317635.743046,532,S5_twin_shock_imf_bailout,indonesia,USDC
347,0.8175548843030165,8674884694.83399,532,S5_twin_shock_imf_bailout,indonesia,USDC
348,0.8411583399353827,8458012577.45166,532,S5_twin_shock_imf_bailout,indonesia,USDC
349,0.830063215737692,8246562263.006748,532,S5_twin_shock_imf_bailout,indonesia,USDC
350,0.8419291810717509,8040398206.423269,532,S5_twin_shock_imf_bailout,indonesia,USDC
351,0.8385272298878494,7839388251.256444,532,S5_twin_shock_imf_bailout,indonesia,USDC
352,0.8418157765181099,7643403544.9693165,532,S5_twin_shock_imf_bailout,indonesia,USDC
353,0.8281219627619154,7452318456.340151,532,S5_twin_shock_imf_bailout,indonesia,USDC
354,0.8119073956842202,7266010494.927097,532,S5_twin_shock_imf_bailout,indonesia,USDC
355,0.7994540042930707,7084360232.549472,532,S5_twin_shock_imf_bailout,indonesia,USDC
356,0.7867597154460342,6907251226.731784,532,S5_twin_shock_imf_bailout,indonesia,USDC
357,0.7786988567139402,6734569946.060028,532,S5_twin_shock_imf_bailout,indonesia,USDC
358,0.8102335716180165,6566205697.405375,532,S5_twin_shock_imf_bailout,indonesia,USDC
359,0.8227328937798647,6402050554.968166,532,S5_twin_shock_imf_bailout,indonesia,USDC
360,0.7906225777804226,6241999291.0923605,532,S5_twin_shock_imf_bailout,indonesia,USDC
361,0.7944262189514363,6085949308.813457,532,S5_twin_shock_imf_bailout,indonesia,USDC
362,0.8038819776496923,5933800576.091778,532,S5_twin_shock_imf_bailout,indonesia,USDC
363,0.7823341694412055,5785455561.688459,532,S5_twin_shock_imf_bailout,indonesia,USDC
364,0.7669926662742508,5640819172.645262,532,S5_twin_shock_imf_bailout,indonesia,USDC
365,0.7518055940200891,5499798693.328265,532,S5_twin_shock_imf_bailout,indonesia,USDC
366,0.7369927160721854,5362303725.994334,532,S5_twin_shock_imf_bailout,indonesia,USDC
367,0.7403589078198731,5228246132.843882,532,S5_twin_shock_imf_bailout,indonesia,USDC
368,0.7391886676268183,5097539979.522322,532,S5_twin_shock_imf_bailout,indonesia,USDC
369,0.7660299233631238,4970101480.033913,532,S5_twin_shock_imf_bailout,indonesia,USDC
370,0.8003622546743329,4845848943.032819,532,S5_twin_shock_imf_bailout,indonesia,USDC
371,0.8304621860755422,4724702719.456832,532,S5_twin_shock_imf_bailout,indonesia,USDC
372,0.8200963599584797,4606585151.470301,532,S5_twin_shock_imf_bailout,indonesia,USDC
373,0.8292327274590383,4491420522.683442,532,S5_twin_shock_imf_bailout,indonesia,USDC
374,0.8527920819974679,4379135009.616272,532,S5_twin_shock_imf_bailout,indonesia,USDC
375,0.8516417798290062,4269656634.375808,532,S5_twin_shock_imf_bailout,indonesia,USDC
376,0.850395093715655,4162915218.5163593,532,S5_twin_shock_imf_bailout,indonesia,USDC
377,0.8605146456668706,4058842338.0534034,532,S5_twin_shock_imf_bailout,indonesia,USDC
378,0.8615116636740354,3957371279.6020308,532,S5_twin_shock_imf_bailout,indonesia,USDC
379,0.8328968661419751,3858436997.6119456,532,S5_twin_shock_imf_bailout,indonesia,USDC
380,0.8010563526745322,3761976072.6716084,532,S5_twin_shock_imf_bailout,indonesia,USDC
381,0.799606927901305,3667926670.8547783,532,S5_twin_shock_imf_bailout,indonesia,USDC
382,0.7962287814454073,3576228504.083376,532,S5_twin_shock_imf_bailout,indonesia,USDC
383,0.8133077465826771,3486822791.481263,532,S5_twin_shock_imf_bailout,indonesia,USDC
384,0.801990493936876,3399652221.694209,532,S5_twin_shock_imf_bailout,indonesia,USDC
385,0.8272299271591863,3314660916.1518354,532,S5_twin_shock_imf_bailout,indonesia,USDC
386,0.8035292534148856,3231794393.2480254,532,S5_twin_shock_imf_bailout,indonesia,USDC
387,0.818220832193576,3150999533.416811,532,S5_twin_shock_imf_bailout,indonesia,USDC
388,0.8208278678593126,3072224545.08138,532,S5_twin_shock_imf_bailout,indonesia,USDC
389,0.8351638358103014,2995418931.4543366,532,S5_twin_shock_imf_bailout,indonesia,USDC
390,0.833548919783472,2920533458.1679716,532,S5_twin_shock_imf_bailout,indonesia,USDC
391,0.8024202081025753,2847520121.7137666,532,S5_twin_shock_imf_bailout,indonesia,USDC
392,0.7983857425357411,2776332118.6709156,532,S5_twin_shock_imf_bailout,indonesia,USDC
393,0.7992988447513519,2706923815.704138,532,S5_twin_shock_imf_bailout,indonesia,USDC
394,0.8043849133513108,2639250720.3115296,532,S5_twin_shock_imf_bailout,indonesia,USDC
395,0.7972821134430766,2573269452.3037376,532,S5_twin_shock_imf_bailout,indonesia,USDC
396,0.7974983367587677,2508937715.9961414,532,S5_twin_shock_imf_bailout,indonesia,USDC
397,0.8037784221418348,2446214273.0962353,532,S5_twin_shock_imf_bailout,indonesia,USDC
398,0.8506366691078089,2385058916.2688274,532,S5_twin_shock_imf_bailout,indonesia,USDC
399,0.843814391011228,2325432443.3621054,532,S5_twin_shock_imf_bailout,indonesia,USDC
400,0.8507717929561472,2267296632.278052,532,S5_twin_shock_imf_bailout,indonesia,USDC
401,0.858665915365013,2210614216.4710994,532,S5_twin_shock_imf_bailout,indonesia,USDC
402,0.8441070328560668,2155348861.0593214,532,S5_twin_shock_imf_bailout,indonesia,USDC
403,0.8128037324921914,2101465139.5328376,532,S5_twin_shock_imf_bailout,indonesia,USDC
404,0.8087553619994632,2048928511.044516,532,S5_twin_shock_imf_bailout,indonesia,USDC
405,0.8236649955885592,1997705298.2684023,532,S5_twin_shock_imf_bailout,indonesia,USDC
406,0.8189776266051881,1947762665.8116915,532,S5_twin_shock_imf_bailout,indonesia,USDC
407,0.8284645470331063,1899068599.166399,532,S5_twin_shock_imf_bailout,indonesia,USDC
408,0.8267776785423242,1851591884.1872387,532,S5_twin_shock_imf_bailout,indonesia,USDC
409,0.8082736900536804,1805302087.0825574,532,S5_twin_shock_imf_bailout,indonesia,USDC
410,0.7820808526678534,1760169534.9054933,532,S5_twin_shock_imf_bailout,indonesia,USDC
411,0.7756683104039195,1716165296.5328555,532,S5_twin_shock_imf_bailout,indonesia,USDC
412,0.7663361172742339,1673261164.1195335,532,S5_twin_shock_imf_bailout,indonesia,USDC
413,0.7384445518724446,1631429635.0165448,532,S5_twin_shock_imf_bailout,indonesia,USDC
414,0.7347610129856347,1590643894.141131,532,S5_twin_shock_imf_bailout,indonesia,USDC
415,0.7299421869974548,1550877796.7876027,532,S5_twin_shock_imf_bailout,indonesia,USDC
416,0.7260014660909218,1512105851.8679123,532,S5_twin_shock_imf_bailout,indonesia,USDC
417,0.7454153769127696,1474303205.5712142,532,S5_twin_shock_imf_bailout,indonesia,USDC
418,0.7245191194280559,1437445625.4319339,532,S5_twin_shock_imf_bailout,indonesia,USDC
419,0.7436181386329759,1401509484.7961357,532,S5_twin_shock_imf_bailout,indonesia,USDC
420,0.7389330435551443,1366471747.6762323,532,S5_twin_shock_imf_bailout,indonesia,USDC
421,0.737293175024126,1332309953.9843264,532,S5_twin_shock_imf_bailout,indonesia,USDC
422,0.741575931004809,1299002205.1347184,532,S5_twin_shock_imf_bailout,indonesia,USDC
423,0.7530154919186527,1266527150.0063503,532,S5_twin_shock_imf_bailout,indonesia,USDC
424,0.759071379800645,1234863971.2561915,532,S5_twin_shock_imf_bailout,indonesia,USDC
425,0.7605429357063235,1203992371.9747868,532,S5_twin_shock_imf_bailout,indonesia,USDC
426,0.7611671404709331,1173892562.675417,532,S5_twin_shock_imf_bailout,indonesia,USDC
427,0.7833358032709683,1144545248.6085317,532,S5_twin_shock_imf_bailout,indonesia,USDC
428,0.7989682357632373,1115931617.3933184,532,S5_twin_shock_imf_bailout,indonesia,USDC
429,0.8095653759877237,1088033326.9584854,532,S5_twin_shock_imf_bailout,indonesia,USDC
430,0.8083777447559668,1060832493.7845232,532,S5_twin_shock_imf_bailout,indonesia,USDC
431,0.7930080074392658,1034311681.4399103,532,S5_twin_shock_imf_bailout,indonesia,USDC
432,0.7928958339993804,1008453889.4039123,532,S5_twin_shock_imf_bailout,indonesia,USDC
433,0.80963812444928,983242542.1688147,532,S5_twin_shock_imf_bailout,indonesia,USDC
434,0.8267217836965038,958661478.6145942,532,S5_twin_shock_imf_bailout,indonesia,USDC
435,0.8413598402926535,934694941.6492294,532,S5_twin_shock_imf_bailout,indonesia,USDC
436,0.8355613652660578,911327568.1079986,532,S5_twin_shock_imf_bailout,indonesia,USDC
437,0.8391998686433204,888544378.9052986,532,S5_twin_shock_imf_bailout,indonesia,USDC
438,0.8388183718394129,866330769.4326663,532,S5_twin_shock_imf_bailout,indonesia,USDC
439,0.8438013436593966,844672500.1968495,532,S5_twin_shock_imf_bailout,indonesia,USDC
440,0.8241163903891127,823555687.6919281,532,S5_twin_shock_imf_bailout,indonesia,USDC
441,0.840956881578486,802966795.4996301,532,S5_twin_shock_imf_bailout,indonesia,USDC
442,0.8607430459944211,782892625.6121393,532,S5_twin_shock_imf_bailout,indonesia,USDC
443,0.8472340601355827,763320309.9718359,532,S5_twin_shock_imf_bailout,indonesia,USDC
444,0.8276615867861361,744237302.2225399,532,S5_twin_shock_imf_bailout,indonesia,USDC
445,0.8120400853219721,725631369.6669765,532,S5_twin_shock_imf_bailout,indonesia,USDC
446,0.8003216971302646,707490585.425302,532,S5_twin_shock_imf_bailout,indonesia,USDC
447,0.8108170020550203,689803320.7896695,532,S5_twin_shock_imf_bailout,indonesia,USDC
448,0.8114751702868951,672558237.7699277,532,S5_twin_shock_imf_bailout,indonesia,USDC
449,0.8054340490077533,655744281.8256795,532,S5_twin_shock_imf_bailout,indonesia,USDC
450,0.808945155360774,639350674.7800376,532,S5_twin_shock_imf_bailout,indonesia,USDC
451,0.8088333484807928,623366907.9105366,532,S5_twin_shock_imf_bailout,indonesia,USDC
452,0.8290101156680072,607782735.2127732,532,S5_twin_shock_imf_bailout,indonesia,USDC
453,0.8164146381092912,592588166.832454,532,S5_twin_shock_imf_bailout,indonesia,USDC
454,0.8088227980240559,577773462.6616426,532,S5_twin_shock_imf_bailout,indonesia,USDC
455,0.8096161768876357,563329126.0951015,532,S5_twin_shock_imf_bailout,indonesia,USDC
456,0.835018534778091,549245897.942724,532,S5_twin_shock_imf_bailout,indonesia,USDC
457,0.8483096619551059,535514750.4941559,532,S5_twin_shock_imf_bailout,indonesia,USDC
458,0.8385227529402768,522126881.731802,532,S5_twin_shock_imf_bailout,indonesia,USDC
459,0.8371795664042141,509073709.68850696,532,S5_twin_shock_imf_bailout,indonesia,USDC
460,0.852938468212826,496346866.9462943,532,S5_twin_shock_imf_bailout,indonesia,USDC
461,0.8274273898227001,483938195.2726369,532,S5_twin_shock_imf_bailout,indonesia,USDC
462,0.8157937387651625,471839740.390821,532,S5_twin_shock_imf_bailout,indonesia,USDC
463,0.8067849280029856,460043746.88105047,532,S5_twin_shock_imf_bailout,indonesia,USDC
464,0.7882054959752178,448542653.2090242,532,S5_twin_shock_imf_bailout,indonesia,USDC
465,0.8174871208691913,437329086.87879854,532,S5_twin_shock_imf_bailout,indonesia,USDC
466,0.8247520642829087,426395859.7068286,532,S5_twin_shock_imf_bailout,indonesia,USDC
467,0.8207801207258923,415735963.2141579,532,S5_twin_shock_imf_bailout,indonesia,USDC
468,0.8573909230883999,405342564.1338039,532,S5_twin_shock_imf_bailout,indonesia,USDC
469,0.8385972411967053,395209000.03045887,532,S5_twin_shock_imf_bailout,indonesia,USDC
470,0.8292935636158901,385328775.02969736,532,S5_twin_shock_imf_bailout,indonesia,USDC
471,0.8480277418724472,375695555.6539549,532,S5_twin_shock_imf_bailout,indonesia,USDC
472,0.814325151992436,366303166.762606,532,S5_twin_shock_imf_bailout,indonesia,USDC
473,0.7751430451838619,357145587.5935409,532,S5_twin_shock_imf_bailout,indonesia,USDC
474,0.7645954796426886,348216947.9037024,532,S5_twin_shock_imf_bailout,indonesia,USDC
475,0.7606955519208839,339511524.2061099,532,S5_twin_shock_imf_bailout,indonesia,USDC
476,0.7722275381669651,331023736.1009571,532,S5_twin_shock_imf_bailout,indonesia,USDC
477,0.762463144668075,322748142.69843316,532,S5_twin_shock_imf_bailout,indonesia,USDC
478,0.7713895305411784,314679439.1309724,532,S5_twin_shock_imf_bailout,indonesia,USDC
479,0.7381198114297403,306812453.15269804,532,S5_twin_shock_imf_bailout,indonesia,USDC
480,0.7454716870214444,299142141.82388055,532,S5_twin_shock_imf_bailout,indonesia,USDC
481,0.7322969031066413,291663588.2782836,532,S5_twin_shock_imf_bailout,indonesia,USDC
482,0.7450618359865525,284371998.5713265,532,S5_twin_shock_imf_bailout,indonesia,USDC
483,0.7492754842115231,277262698.6070433,532,S5_twin_shock_imf_bailout,indonesia,USDC
484,0.7394138353749771,270331131.1418673,532,S5_twin_shock_imf_bailout,indonesia,USDC
485,0.7373663756787721,263572852.86332056,532,S5_twin_shock_imf_bailout,indonesia,USDC
486,0.7301543418545389,256983531.54173756,532,S5_twin_shock_imf_bailout,indonesia,USDC
487,0.7102000608173625,250558943.25319412,532,S5_twin_shock_imf_bailout,indonesia,USDC
488,0.7190864969869313,244294969.67186427,532,S5_twin_shock_imf_bailout,indonesia,USDC
489,0.7420780142131393,238187595.43006766,532,S5_twin_shock_imf_bailout,indonesia,USDC
490,0.7395731630820532,232232905.54431593,532,S5_twin_shock_imf_bailout,indonesia,USDC
491,0.7451793103219566,226427082.90570804,532,S5_twin_shock_imf_bailout,indonesia,USDC
492,0.7464903856518885,220766405.83306533,532,S5_twin_shock_imf_bailout,indonesia,USDC
493,0.7418077250852747,215247245.6872387,532,S5_twin_shock_imf_bailout,indonesia,USDC
494,0.728461149146257,209866064.5450577,532,S5_twin_shock_imf_bailout,indonesia,USDC
495,0.7398996956001088,204619412.93143123,532,S5_twin_shock_imf_bailout,indonesia,USDC
496,0.7407067538274809,199503927.60814548,532,S5_twin_shock_imf_bailout,indonesia,USDC
497,0.7223348222155478,194516329.41794184,532,S5_twin_shock_imf_bailout,indonesia,USDC
498,0.7259003066390728,189653421.1824933,532,S5_twin_shock_imf_bailout,indonesia,USDC
499,0.7467526392112865,184912085.65293097,532,S5_twin_shock_imf_bailout,indonesia,USDC
500,0.744390403069426,180289283.5116077,532,S5_twin_shock_imf_bailout,indonesia,USDC
501,0.7559860213141386,175782051.42381752,532,S5_twin_shock_imf_bailout,indonesia,USDC
502,0.7693100319581356,171387500.13822207,532,S5_twin_shock_imf_bailout,indonesia,USDC
503,0.7671252147113177,167102812.63476652,532,S5_twin_shock_imf_bailout,indonesia,USDC
504,0.7861087942301858,162925242.31889734,532,S5_twin_shock_imf_bailout,indonesia,USDC
505,0.7747091792115532,158852111.2609249,532,S5_twin_shock_imf_bailout,indonesia,USDC
506,0.7742477310590856,154880808.47940177,532,S5_twin_shock_imf_bailout,indonesia,USDC
507,0.7934293028522312,151008788.26741675,532,S5_twin_shock_imf_bailout,indonesia,USDC
508,0.7903014244965738,147233568.56073132,532,S5_twin_shock_imf_bailout,indonesia,USDC
509,0.7864594421098412,143552729.34671307,532,S5_twin_shock_imf_bailout,indonesia,USDC
510,0.7871866163870428,139963911.11304522,532,S5_twin_shock_imf_bailout,indonesia,USDC
511,0.7730103722016173,136464813.3352191,532,S5_twin_shock_imf_bailout,indonesia,USDC
512,0.7925153132094659,133053193.00183862,532,S5_twin_shock_imf_bailout,indonesia,USDC
513,0.7704381767798563,129726863.17679265,532,S5_twin_shock_imf_bailout,indonesia,USDC
514,0.7723676551972021,126483691.59737283,532,S5_twin_shock_imf_bailout,indonesia,USDC
515,0.7388082630303485,123321599.30743852,532,S5_twin_shock_imf_bailout,indonesia,USDC
516,0.726580692422688,120238559.32475255,532,S5_twin_shock_imf_bailout,indonesia,USDC
517,0.7576182322227831,117232595.34163374,532,S5_twin_shock_imf_bailout,indonesia,USDC
518,0.7829155153308355,114301780.4580929,532,S5_twin_shock_imf_bailout,indonesia,USDC
519,0.8039435808992927,111444235.94664058,532,S5_twin_shock_imf_bailout,indonesia,USDC
520,0.8176177280828808,108658130.04797456,532,S5_twin_shock_imf_bailout,indonesia,USDC
521,0.7965171210013465,105941676.79677519,532,S5_twin_shock_imf_bailout,indonesia,USDC
522,0.7925428400507986,103293134.8768558,532,S5_twin_shock_imf_bailout,indonesia,USDC
523,0.8088111462673895,100710806.50493442,532,S5_twin_shock_imf_bailout,indonesia,USDC
524,0.7841099336184485,98193036.34231105,532,S5_twin_shock_imf_bailout,indonesia,USDC
525,0.7762685794033525,95738210.43375328,532,S5_twin_shock_imf_bailout,indonesia,USDC
526,0.7663037684555366,93344755.17290944,532,S5_twin_shock_imf_bailout,indonesia,USDC
527,0.7787687449553884,91011136.29358672,532,S5_twin_shock_imf_bailout,indonesia,USDC
528,0.7825153540908193,88735857.88624704,532,S5_twin_shock_imf_bailout,indonesia,USDC
529,0.8245192959683685,86517461.43909086,532,S5_twin_shock_imf_bailout,indonesia,USDC
530,0.8217612728010055,84354524.9031136,532,S5_twin_shock_imf_bailout,indonesia,USDC
531,0.8300430432583721,82245661.78053576,532,S5_twin_shock_imf_bailout,indonesia,USDC
532,0.8065822183564723,80189520.23602235,532,S5_twin_shock_imf_bailout,indonesia,USDC
533,0.7841592284247114,78184782.2301218,532,S5_twin_shock_imf_bailout,indonesia,USDC
534,0.7878555963190631,76230162.67436875,532,S5_twin_shock_imf_bailout,indonesia,USDC
535,0.8018098451331295,74324408.60750955,532,S5_twin_shock_imf_bailout,indonesia,USDC
536,0.8125784502883306,72466298.3923218,532,S5_twin_shock_imf_bailout,indonesia,USDC
537,0.8197837135819005,70654640.93251376,532,S5_twin_shock_imf_bailout,indonesia,USDC
538,0.8338127310119973,68888274.9092009,532,S5_twin_shock_imf_bailout,indonesia,USDC
539,0.8097599085221854,67166068.03647089,532,S5_twin_shock_imf_bailout,indonesia,USDC
540,0.7915883606125712,65486916.335559115,532,S5_twin_shock_imf_bailout,indonesia,USDC
541,0.7979762880492672,63849743.42717014,532,S5_twin_shock_imf_bailout,indonesia,USDC
542,0.8028274278211562,62253499.84149089,532,S5_twin_shock_imf_bailout,indonesia,USDC
543,0.7866393393813149,60697162.34545361,532,S5_twin_shock_imf_bailout,indonesia,USDC
544,0.7999765775395321,59179733.286817275,532,S5_twin_shock_imf_bailout,indonesia,USDC
545,0.8164434123359859,57700239.95464684,532,S5_twin_shock_imf_bailout,indonesia,USDC
546,0.8208181775821838,56257733.95578067,532,S5_twin_shock_imf_bailout,indonesia,USDC
547,0.8412780684343321,54851290.606886156,532,S5_twin_shock_imf_bailout,indonesia,USDC
548,0.8407049511463299,53480008.341713995,532,S5_twin_shock_imf_bailout,indonesia,USDC
549,0.8365529490484276,52143008.133171156,532,S5_twin_shock_imf_bailout,indonesia,USDC
550,0.8342449114972782,50839432.92984187,532,S5_twin_shock_imf_bailout,indonesia,USDC
551,0.8584380284407928,49568447.10659582,532,S5_twin_shock_imf_bailout,indonesia,USDC
552,0.8310864274597147,48329235.92893092,532,S5_twin_shock_imf_bailout,indonesia,USDC
553,0.8226561688262286,47121005.03070765,532,S5_twin_shock_imf_bailout,indonesia,USDC
554,0.8346970514359342,45942979.904939964,532,S5_twin_shock_imf_bailout,indonesia,USDC
555,0.828069301490652,44794405.40731646,532,S5_twin_shock_imf_bailout,indonesia,USDC
556,0.806151432032753,43674545.272133544,532,S5_twin_shock_imf_bailout,indonesia,USDC
557,0.8132702314636219,42582681.64033021,532,S5_twin_shock_imf_bailout,indonesia,USDC
558,0.7967555088609141,41518114.599321954,532,S5_twin_shock_imf_bailout,indonesia,USDC
559,0.7924571625158232,40480161.73433891,532,S5_twin_shock_imf_bailout,indonesia,USDC
560,0.7997640015414481,39468157.690980434,532,S5_twin_shock_imf_bailout,indonesia,USDC
561,0.7260923981783896,38481453.74870592,532,S5_twin_shock_imf_bailout,indonesia,USDC
562,0.7255323052825922,37519417.404988274,532,S5_twin_shock_imf_bailout,indonesia,USDC
563,0.7331621910319308,36581431.969863564,532,S5_twin_shock_imf_bailout,indonesia,USDC
564,0.7594170894960899,35666896.17061698,532,S5_twin_shock_imf_bailout,indonesia,USDC
565,0.7682565472224735,34775223.76635155,532,S5_twin_shock_imf_bailout,indonesia,USDC
566,0.7769729446146973,33905843.17219277,532,S5_twin_shock_imf_bailout,indonesia,USDC
567,0.7755451267335219,33058197.092887945,532,S5_twin_shock_imf_bailout,indonesia,USDC
568,0.7846414921302817,32231742.165565748,532,S5_twin_shock_imf_bailout,indonesia,USDC
569,0.7700395719665712,31425948.611426607,532,S5_twin_shock_imf_bailout,indonesia,USDC
570,0.7754943659861163,30640299.89614094,532,S5_twin_shock_imf_bailout,indonesia,USDC
571,0.7846405424387595,29874292.398737416,532,S5_twin_shock_imf_bailout,indonesia,USDC
572,0.7668124189749916,29127435.08876898,532,S5_twin_shock_imf_bailout,indonesia,USDC
573,0.7471537958665596,28399249.21154976,532,S5_twin_shock_imf_bailout,indonesia,USDC
574,0.7693654682969125,27689267.98126101,532,S5_twin_shock_imf_bailout,indonesia,USDC
575,0.7652764913166162,26997036.28172949,532,S5_twin_shock_imf_bailout,indonesia,USDC
576,0.7595783024602943,26322110.37468625,532,S5_twin_shock_imf_bailout,indonesia,USDC
577,0.7517305963221907,25664057.61531909,532,S5_twin_shock_imf_bailout,indonesia,USDC
578,0.7694547968513215,25022456.174936116,532,S5_twin_shock_imf_bailout,indonesia,USDC
579,0.776077383783694,24396894.770562716,532,S5_twin_shock_imf_bailout,indonesia,USDC
580,0.787583991660431,23786972.401298646,532,S5_twin_shock_imf_bailout,indonesia,USDC
581,0.7883507493559789,23192298.091266178,532,S5_twin_shock_imf_bailout,indonesia,USDC
582,0.7774456592548126,22612490.638984524,532,S5_twin_shock_imf_bailout,indonesia,USDC
583,0.7717158250643545,22047178.373009913,532,S5_twin_shock_imf_bailout,indonesia,USDC
584,0.8084113262410382,21495998.913684666,532,S5_twin_shock_imf_bailout,indonesia,USDC
585,0.8148743782707626,20958598.940842547,532,S5_twin_shock_imf_bailout,indonesia,USDC
586,0.8144806577055732,20434633.967321485,532,S5_twin_shock_imf_bailout,indonesia,USDC
587,0.8208128988504747,19923768.118138447,532,S5_twin_shock_imf_bailout,indonesia,USDC
588,0.8036762077449789,19425673.91518499,532,S5_twin_shock_imf_bailout,indonesia,USDC
589,0.8102626714691288,18940032.067305364,532,S5_twin_shock_imf_bailout,indonesia,USDC
590,0.8029296482487838,18466531.265622728,532,S5_twin_shock_imf_bailout,indonesia,USDC
591,0.8285201625950066,18004867.98398216,532,S5_twin_shock_imf_bailout,indonesia,USDC
592,0.8314962831728289,17554746.284382604,532,S5_twin_shock_imf_bailout,indonesia,USDC
593,0.83329756367007,17115877.627273038,532,S5_twin_shock_imf_bailout,indonesia,USDC
594,0.814079420864012,16687980.686591214,532,S5_twin_shock_imf_bailout,indonesia,USDC
595,0.8264288106367657,16270781.169426434,532,S5_twin_shock_imf_bailout,indonesia,USDC
596,0.8288072285342092,15864011.640190773,532,S5_twin_shock_imf_bailout,indonesia,USDC
597,0.8362131756866714,15467411.349186005,532,S5_twin_shock_imf_bailout,indonesia,USDC
598,0.8625425256979694,15080726.065456355,532,S5_twin_shock_imf_bailout,indonesia,USDC
599,0.8535445583269164,14703707.913819946,532,S5_twin_shock_imf_bailout,indonesia,USDC
600,0.8535062943107892,14336115.215974446,532,S5_twin_shock_imf_bailout,indonesia,USDC
601,0.8120003062193375,13977712.335575085,532,S5_twin_shock_imf_bailout,indonesia,USDC
602,0.8086945574165725,13628269.527185708,532,S5_twin_shock_imf_bailout,indonesia,USDC
603,0.7930930081354916,13287562.789006066,532,S5_twin_shock_imf_bailout,indonesia,USDC
604,0.8077122552717099,12955373.719280913,532,S5_twin_shock_imf_bailout,indonesia,USDC
605,0.7976897117068154,12631489.376298893,532,S5_twin_shock_imf_bailout,indonesia,USDC
606,0.7932836018502781,12315702.14189142,532,S5_twin_shock_imf_bailout,indonesia,USDC
607,0.7949298612783531,12007809.588344134,532,S5_twin_shock_imf_bailout,indonesia,USDC
608,0.8050902300165097,11707614.348635532,532,S5_twin_shock_imf_bailout,indonesia,USDC
609,0.7899343348118973,11414923.989919642,532,S5_twin_shock_imf_bailout,indonesia,USDC
610,0.791149769907504,11129550.89017165,532,S5_twin_shock_imf_bailout,indonesia,USDC
611,0.7749489105846721,10851312.117917359,532,S5_twin_shock_imf_bailout,indonesia,USDC
612,0.7731163898731188,10580029.314969426,532,S5_twin_shock_imf_bailout,indonesia,USDC
613,0.7874994473645966,10315528.582095189,532,S5_twin_shock_imf_bailout,indonesia,USDC
614,0.7911570741609939,10057640.36754281,532,S5_twin_shock_imf_bailout,indonesia,USDC
615,0.7900613680185448,9806199.35835424,532,S5_twin_shock_imf_bailout,indonesia,USDC
616,0.7894840213010871,9561044.374395384,532,S5_twin_shock_imf_bailout,indonesia,USDC
617,0.8100501979191005,9322018.265035499,532,S5_twin_shock_imf_bailout,indonesia,USDC
618,0.7970950379707875,9088967.80840961,532,S5_twin_shock_imf_bailout,indonesia,USDC
619,0.8205482358419895,8861743.61319937,532,S5_twin_shock_imf_bailout,indonesia,USDC
620,0.8077395494138289,8640200.022869388,532,S5_twin_shock_imf_bailout,indonesia,USDC
621,0.8115897543635133,8424195.022297652,532,S5_twin_shock_imf_bailout,indonesia,USDC
622,0.7866211430078682,8213590.146740211,532,S5_twin_shock_imf_bailout,indonesia,USDC
623,0.8018449250856152,8008250.3930717055,532,S5_twin_shock_imf_bailout,indonesia,USDC
624,0.7983193508029668,7808044.133244913,532,S5_twin_shock_imf_bailout,indonesia,USDC
625,0.8052352987399887,7612843.0299137905,532,S5_twin_shock_imf_bailout,indonesia,USDC
626,0.8015416765465163,7422521.954165946,532,S5_twin_shock_imf_bailout,indonesia,USDC
627,0.811802809435879,7236958.905311797,532,S5_twin_shock_imf_bailout,indonesia,USDC
628,0.8236343991760698,7056034.932679003,532,S5_twin_shock_imf_bailout,indonesia,USDC
629,0.8204436777822651,6879634.059362028,532,S5_twin_shock_imf_bailout,indonesia,USDC
630,0.8333498542043626,6707643.207877977,532,S5_twin_shock_imf_bailout,indonesia,USDC
631,0.8349423889575673,6539952.127681026,532,S5_twin_shock_imf_bailout,indonesia,USDC
632,0.8206385961281946,6376453.324489001,532,S5_twin_shock_imf_bailout,indonesia,USDC
633,0.8165439626893096,6217041.991376775,532,S5_twin_shock_imf_bailout,indonesia,USDC
634,0.8120844831635491,6061615.941592357,532,S5_twin_shock_imf_bailout,indonesia,USDC
635,0.7892197805271086,5910075.543052548,532,S5_twin_shock_imf_bailout,indonesia,USDC
636,0.7798271802461227,5762323.654476234,532,S5_twin_shock_imf_bailout,indonesia,USDC
637,0.7819341093989217,5618265.563114328,532,S5_twin_shock_imf_bailout,indonesia,USDC
638,0.7953086444224715,5477808.924036469,532,S5_twin_shock_imf_bailout,indonesia,USDC
639,0.7919871571376558,5340863.7009355575,532,S5_twin_shock_imf_bailout,indonesia,USDC
640,0.7561393930533251,5207342.108412169,532,S5_twin_shock_imf_bailout,indonesia,USDC
641,0.7663168164309621,5077158.555701865,532,S5_twin_shock_imf_bailout,indonesia,USDC
642,0.7655475638726957,4950229.5918093175,532,S5_twin_shock_imf_bailout,indonesia,USDC
643,0.7740779493337153,4826473.852014085,532,S5_twin_shock_imf_bailout,indonesia,USDC
644,0.7731642714742676,4705812.005713733,532,S5_twin_shock_imf_bailout,indonesia,USDC
645,0.7670366053397498,4588166.70557089,532,S5_twin_shock_imf_bailout,indonesia,USDC
646,0.7606889990784607,4473462.537931617,532,S5_twin_shock_imf_bailout,indonesia,USDC
647,0.762278198667173,4361625.974483327,532,S5_twin_shock_imf_bailout,indonesia,USDC
648,0.7720926336289545,4252585.3251212435,532,S5_twin_shock_imf_bailout,indonesia,USDC
649,0.7791620186977751,4146270.691993213,532,S5_twin_shock_imf_bailout,indonesia,USDC
650,0.7771482753397443,4042613.9246933823,532,S5_twin_shock_imf_bailout,indonesia,USDC
651,0.7854323810522541,3941548.576576048,532,S5_twin_shock_imf_bailout,indonesia,USDC
652,0.7931068719698917,3843009.8621616466,532,S5_twin_shock_imf_bailout,indonesia,USDC
653,0.8155158688560161,3746934.6156076053,532,S5_twin_shock_imf_bailout,indonesia,USDC
654,0.8515818711755895,3653261.250217415,532,S5_twin_shock_imf_bailout,indonesia,USDC
655,0.8578558608637332,3561929.7189619793,532,S5_twin_shock_imf_bailout,indonesia,USDC
656,0.8266959517631773,3472881.4759879303,532,S5_twin_shock_imf_bailout,indonesia,USDC
657,0.8597586405041048,3386059.439088232,532,S5_twin_shock_imf_bailout,indonesia,USDC
658,0.8709820455135651,3301407.9531110264,532,S5_twin_shock_imf_bailout,indonesia,USDC
659,0.8431013498881316,3218872.7542832503,532,S5_twin_shock_imf_bailout,indonesia,USDC
660,0.8435891129609306,3138400.935426169,532,S5_twin_shock_imf_bailout,indonesia,USDC
661,0.8285183479865953,3059940.912040515,532,S5_twin_shock_imf_bailout,indonesia,USDC
662,0.811473624945484,2983442.389239502,532,S5_twin_shock_imf_bailout,indonesia,USDC
663,0.8228352361593207,2908856.3295085146,532,S5_twin_shock_imf_bailout,indonesia,USDC
664,0.8258681021507238,2836134.9212708017,532,S5_twin_shock_imf_bailout,indonesia,USDC
665,0.835909728899309,2765231.548239032,532,S5_twin_shock_imf_bailout,indonesia,USDC
666,0.8415045628184767,2696100.759533056,532,S5_twin_shock_imf_bailout,indonesia,USDC
667,0.8261937521277363,2628698.2405447294,532,S5_twin_shock_imf_bailout,indonesia,USDC
668,0.8392009524613155,2562980.7845311114,532,S5_twin_shock_imf_bailout,indonesia,USDC
669,0.8250326417299761,2498906.2649178333,532,S5_twin_shock_imf_bailout,indonesia,USDC
670,0.8126101230246313,2436433.6082948875,532,S5_twin_shock_imf_bailout,indonesia,USDC
671,0.8198975558382003,2375522.7680875156,532,S5_twin_shock_imf_bailout,indonesia,USDC
672,0.8053598790216725,2316134.6988853277,532,S5_twin_shock_imf_bailout,indonesia,USDC
673,0.8172930883342603,2258231.3314131945,532,S5_twin_shock_imf_bailout,indonesia,USDC
674,0.8364206173644493,2201775.5481278645,532,S5_twin_shock_imf_bailout,indonesia,USDC
675,0.8459902342067814,2146731.1594246677,532,S5_twin_shock_imf_bailout,indonesia,USDC
676,0.8457211384045906,2093062.8804390512,532,S5_twin_shock_imf_bailout,indonesia,USDC
677,0.8417048452301028,2040736.308428075,532,S5_twin_shock_imf_bailout,indonesia,USDC
678,0.8479866736432582,1989717.900717373,532,S5_twin_shock_imf_bailout,indonesia,USDC
679,0.8388726564115344,1939974.9531994388,532,S5_twin_shock_imf_bailout,indonesia,USDC
680,0.8545922161926653,1891475.5793694528,532,S5_twin_shock_imf_bailout,indonesia,USDC
681,0.8573599579933198,1844188.6898852168,532,S5_twin_shock_imf_bailout,indonesia,USDC
682,0.8436059925813737,1798083.972638086,532,S5_twin_shock_imf_bailout,indonesia,USDC
683,0.855203433745694,1753131.873322134,532,S5_twin_shock_imf_bailout,indonesia,USDC
684,0.8427460166681604,1709303.5764890804,532,S5_twin_shock_imf_bailout,indonesia,USDC
685,0.830902547030084,1666570.9870768536,532,S5_twin_shock_imf_bailout,indonesia,USDC
686,0.8226472569258437,1624906.712399932,532,S5_twin_shock_imf_bailout,indonesia,USDC
687,0.8245160128768417,1584284.044589934,532,S5_twin_shock_imf_bailout,indonesia,USDC
688,0.8323035614866904,1544676.9434751854,532,S5_twin_shock_imf_bailout,indonesia,USDC
689,0.8290978162185811,1506060.019888306,532,S5_twin_shock_imf_bailout,indonesia,USDC
690,0.8173974107129279,1468408.5193910983,532,S5_twin_shock_imf_bailout,indonesia,USDC
691,0.7905241279796018,1431698.3064063208,532,S5_twin_shock_imf_bailout,indonesia,USDC
692,0.7997510640692241,1395905.8487461628,532,S5_twin_shock_imf_bailout,indonesia,USDC
693,0.7997416729266397,1361008.2025275086,532,S5_twin_shock_imf_bailout,indonesia,USDC
694,0.7943137653797168,1326982.997464321,532,S5_twin_shock_imf_bailout,indonesia,USDC
695,0.785111316502442,1293808.422527713,532,S5_twin_shock_imf_bailout,indonesia,USDC
696,0.7662514899876237,1261463.2119645202,532,S5_twin_shock_imf_bailout,indonesia,USDC
697,0.7587574163537456,1229926.6316654072,532,S5_twin_shock_imf_bailout,indonesia,USDC
698,0.7708741836317456,1199178.465873772,532,S5_twin_shock_imf_bailout,indonesia,USDC
699,0.7568868627486015,1169199.0042269276,532,S5_twin_shock_imf_bailout,indonesia,USDC
700,0.7587220569280838,1139969.0291212546,532,S5_twin_shock_imf_bailout,indonesia,USDC
701,0.749281900493898,1111469.8033932233,532,S5_twin_shock_imf_bailout,indonesia,USDC
702,0.7635671884388633,1083683.0583083928,532,S5_twin_shock_imf_bailout,indonesia,USDC
703,0.779918487288304,1056590.9818506828,532,S5_twin_shock_imf_bailout,indonesia,USDC
704,0.76571384854564,1030176.2073044158,532,S5_twin_shock_imf_bailout,indonesia,USDC
705,0.7826586595113411,1004421.8021218053,532,S5_twin_shock_imf_bailout,indonesia,USDC
706,0.7964615975618717,979311.2570687602,532,S5_twin_shock_imf_bailout,indonesia,USDC
707,0.7829175196582575,954828.4756420413,532,S5_twin_shock_imf_bailout,indonesia,USDC
708,0.7720439691627593,930957.7637509902,532,S5_twin_shock_imf_bailout,indonesia,USDC
709,0.7753787788595877,907683.8196572154,532,S5_twin_shock_imf_bailout,indonesia,USDC
710,0.7916451627515475,884991.7241657851,532,S5_twin_shock_imf_bailout,indonesia,USDC
711,0.7851010051107116,862866.9310616406,532,S5_twin_shock_imf_bailout,indonesia,USDC
712,0.7613818856966217,841295.2577850996,532,S5_twin_shock_imf_bailout,indonesia,USDC
713,0.751058525161615,820262.876340472,532,S5_twin_shock_imf_bailout,indonesia,USDC
714,0.7516012732349191,799756.3044319602,532,S5_twin_shock_imf_bailout,indonesia,USDC
715,0.7542039459983243,779762.3968211613,532,S5_twin_shock_imf_bailout,indonesia,USDC
716,0.7661950080319376,760268.3369006321,532,S5_twin_shock_imf_bailout,indonesia,USDC
717,0.7792412217175875,741261.6284781164,532,S5_twin_shock_imf_bailout,indonesia,USDC
718,0.7933530433782428,722730.0877661635,532,S5_twin_shock_imf_bailout,indonesia,USDC
719,0.8397142739141917,704661.8355720094,532,S5_twin_shock_imf_bailout,indonesia,USDC
720,0.8345177151160132,687045.2896827091,532,S5_twin_shock_imf_bailout,indonesia,USDC
721,0.8400351614269702,669869.1574406414,532,S5_twin_shock_imf_bailout,indonesia,USDC
722,0.80749239988984,653122.4285046253,532,S5_twin_shock_imf_bailout,indonesia,USDC
723,0.8044360033525282,636794.3677920097,532,S5_twin_shock_imf_bailout,indonesia,USDC
724,0.8020506770691243,620874.5085972096,532,S5_twin_shock_imf_bailout,indonesia,USDC
725,0.8123258045042387,605352.6458822793,532,S5_twin_shock_imf_bailout,indonesia,USDC
726,0.7020662074951666,590218.8297352223,532,S5_twin_shock_imf_bailout,indonesia,USDC
727,0.7260346979415754,575463.3589918418,532,S5_twin_shock_imf_bailout,indonesia,USDC
728,0.7322189675158699,561076.7750170457,532,S5_twin_shock_imf_bailout,indonesia,USDC
729,0.7265155106017669,547049.8556416195,532,S5_twin_shock_imf_bailout,indonesia,USDC
730,0.7333796166558316,533373.609250579,532,S5_twin_shock_imf_bailout,indonesia,USDC
731,0.7525604095180615,520039.26901931467,532,S5_twin_shock_imf_bailout,indonesia,USDC
732,0.7551619399780725,507038.28729383176,532,S5_twin_shock_imf_bailout,indonesia,USDC
733,0.7602388950654803,494362.33011148596,532,S5_twin_shock_imf_bailout,indonesia,USDC
734,0.7928173965896075,482003.27185869886,532,S5_twin_shock_imf_bailout,indonesia,USDC
735,0.6552267338043993,469953.1900622314,532,S5_twin_shock_imf_bailout,indonesia,USDC
736,0.6860338037345377,458204.3603106756,532,S5_twin_shock_imf_bailout,indonesia,USDC
737,0.69890134675437,446749.25130290864,532,S5_twin_shock_imf_bailout,indonesia,USDC
738,0.7149619764405213,435580.520020336,532,S5_twin_shock_imf_bailout,indonesia,USDC
739,0.7290118556285444,424691.0070198276,532,S5_twin_shock_imf_bailout,indonesia,USDC
740,0.7283063742508471,414073.73184433184,532,S5_twin_shock_imf_bailout,indonesia,USDC
741,0.7211903850192859,403721.8885482236,532,S5_twin_shock_imf_bailout,indonesia,USDC
742,0.7339237314839782,393628.84133451805,532,S5_twin_shock_imf_bailout,indonesia,USDC
743,0.7372141249557289,383788.120301155,532,S5_twin_shock_imf_bailout,indonesia,USDC
744,0.7420152911413093,374193.4172936262,532,S5_twin_shock_imf_bailout,indonesia,USDC
745,0.7535658429787848,364838.58186128555,532,S5_twin_shock_imf_bailout,indonesia,USDC
746,0.7453835562681063,355717.6173147534,532,S5_twin_shock_imf_bailout,indonesia,USDC
747,0.7397587641546198,346824.6768818846,532,S5_twin_shock_imf_bailout,indonesia,USDC
748,0.7041919318620525,338154.05995983747,532,S5_twin_shock_imf_bailout,indonesia,USDC
749,0.7345895464435317,329700.2084608415,532,S5_twin_shock_imf_bailout,indonesia,USDC
750,0.7332523395457743,321457.70324932045,532,S5_twin_shock_imf_bailout,indonesia,USDC
751,0.7287524345629434,313421.26066808746,532,S5_twin_shock_imf_bailout,indonesia,USDC
752,0.7475873784168021,305585.72915138525,532,S5_twin_shock_imf_bailout,indonesia,USDC
753,0.7644094569215236,297946.08592260064,532,S5_twin_shock_imf_bailout,indonesia,USDC
754,0.7632784003133176,290497.43377453566,532,S5_twin_shock_imf_bailout,indonesia,USDC
755,0.7582400246985996,283234.99793017225,532,S5_twin_shock_imf_bailout,indonesia,USDC
756,0.7724460008584582,276154.1229819179,532,S5_twin_shock_imf_bailout,indonesia,USDC
757,0.7710480713032776,269250.26990737,532,S5_twin_shock_imf_bailout,indonesia,USDC
758,0.7606743847115933,262519.0131596857,532,S5_twin_shock_imf_bailout,indonesia,USDC
759,0.7520729299850523,255956.0378306936,532,S5_twin_shock_imf_bailout,indonesia,USDC
760,0.7493717468513328,249557.13688492624,532,S5_twin_shock_imf_bailout,indonesia,USDC
761,0.754293432369967,243318.2084628031,532,S5_twin_shock_imf_bailout,indonesia,USDC
762,0.7449503207040908,237235.253251233,532,S5_twin_shock_imf_bailout,indonesia,USDC
763,0.7750738714058693,231304.3719199522,532,S5_twin_shock_imf_bailout,indonesia,USDC
764,0.776603493948475,225521.76262195338,532,S5_twin_shock_imf_bailout,indonesia,USDC
765,0.7794728051265828,219883.71855640458,532,S5_twin_shock_imf_bailout,indonesia,USDC
766,0.7715507553702042,214386.62559249444,532,S5_twin_shock_imf_bailout,indonesia,USDC
767,0.7572012177648435,209026.95995268208,532,S5_twin_shock_imf_bailout,indonesia,USDC
768,0.7668860738784999,203801.28595386504,532,S5_twin_shock_imf_bailout,indonesia,USDC
769,0.7600524685701185,198706.25380501838,532,S5_twin_shock_imf_bailout,indonesia,USDC
770,0.74939716320612,193738.59745989295,532,S5_twin_shock_imf_bailout,indonesia,USDC
771,0.7450678937737576,188895.13252339562,532,S5_twin_shock_imf_bailout,indonesia,USDC
772,0.7583330477662207,184172.75421031073,532,S5_twin_shock_imf_bailout,indonesia,USDC
773,0.7297959617560413,179568.43535505293,532,S5_twin_shock_imf_bailout,indonesia,USDC
774,0.7623891954173576,175079.22447117663,532,S5_twin_shock_imf_bailout,indonesia,USDC
775,0.7684738460036712,170702.24385939722,532,S5_twin_shock_imf_bailout,indonesia,USDC
776,0.7626697189765039,166434.6877629123,532,S5_twin_shock_imf_bailout,indonesia,USDC
777,0.7659573758175399,162273.8205688395,532,S5_twin_shock_imf_bailout,indonesia,USDC
778,0.7803059394692413,158216.9750546185,532,S5_twin_shock_imf_bailout,indonesia,USDC
779,0.7983148390420671,154261.55067825306,532,S5_twin_shock_imf_bailout,indonesia,USDC
780,0.781526647086333,150405.01191129672,532,S5_twin_shock_imf_bailout,indonesia,USDC
781,0.8011757729883777,146644.8866135143,532,S5_twin_shock_imf_bailout,indonesia,USDC
782,0.8212916754401781,142978.76444817643,532,S5_twin_shock_imf_bailout,indonesia,USDC
783,0.8442092200703128,139404.29533697202,532,S5_twin_shock_imf_bailout,indonesia,USDC
784,0.8164246167150333,135919.18795354772,532,S5_twin_shock_imf_bailout,indonesia,USDC
785,0.828661594492683,132521.20825470902,532,S5_twin_shock_imf_bailout,indonesia,USDC
786,0.8426166754794197,129208.1780483413,532,S5_twin_shock_imf_bailout,indonesia,USDC
787,0.8279452375924107,125977.97359713278,532,S5_twin_shock_imf_bailout,indonesia,USDC
788,0.828307885089608,122828.52425720445,532,S5_twin_shock_imf_bailout,indonesia,USDC
789,0.8245330384901066,119757.81115077433,532,S5_twin_shock_imf_bailout,indonesia,USDC
790,0.7968826884728298,116763.86587200499,532,S5_twin_shock_imf_bailout,indonesia,USDC
791,0.7939832456958492,113844.76922520486,532,S5_twin_shock_imf_bailout,indonesia,USDC
792,0.7758296990653676,110998.64999457475,532,S5_twin_shock_imf_bailout,indonesia,USDC
793,0.7665743797578344,108223.68374471038,532,S5_twin_shock_imf_bailout,indonesia,USDC
794,0.754520319897855,105518.09165109263,532,S5_twin_shock_imf_bailout,indonesia,USDC
795,0.7609033930052769,102880.1393598153,532,S5_twin_shock_imf_bailout,indonesia,USDC
796,0.7583764894303598,100308.13587581992,532,S5_twin_shock_imf_bailout,indonesia,USDC
797,0.7682132478701749,97800.43247892443,532,S5_twin_shock_imf_bailout,indonesia,USDC
798,0.7890532097897389,95355.42166695131,532,S5_twin_shock_imf_bailout,indonesia,USDC
799,0.7917786753667241,92971.53612527753,532,S5_twin_shock_imf_bailout,indonesia,USDC
800,0.7774949311315166,90647.24772214559,532,S5_twin_shock_imf_bailout,indonesia,USDC
801,0.7987792262482507,88381.06652909196,532,S5_twin_shock_imf_bailout,indonesia,USDC
802,0.7909318152099045,86171.53986586464,532,S5_twin_shock_imf_bailout,indonesia,USDC
803,0.807825761915444,84017.25136921804,532,S5_twin_shock_imf_bailout,indonesia,USDC
804,0.8064215965682859,81916.82008498759,532,S5_twin_shock_imf_bailout,indonesia,USDC
805,0.7887421368279203,79868.8995828629,532,S5_twin_shock_imf_bailout,indonesia,USDC
806,0.8047514603580863,77872.17709329132,532,S5_twin_shock_imf_bailout,indonesia,USDC
807,0.7923392507261751,75925.37266595903,532,S5_twin_shock_imf_bailout,indonesia,USDC
808,0.7966046351698397,74027.23834931006,532,S5_twin_shock_imf_bailout,indonesia,USDC
809,0.8139420350037733,72176.5573905773,532,S5_twin_shock_imf_bailout,indonesia,USDC
810,0.7969035600408707,70372.14345581288,532,S5_twin_shock_imf_bailout,indonesia,USDC
811,0.8079526861896555,68612.83986941756,532,S5_twin_shock_imf_bailout,indonesia,USDC
812,0.8205948023630973,66897.51887268212,532,S5_twin_shock_imf_bailout,indonesia,USDC
813,0.8185868581326731,65225.08090086507,532,S5_twin_shock_imf_bailout,indonesia,USDC
814,0.8386631299496397,63594.45387834345,532,S5_twin_shock_imf_bailout,indonesia,USDC
815,0.8190909977051827,62004.59253138486,532,S5_twin_shock_imf_bailout,indonesia,USDC
816,0.8380884519186211,60454.477718100236,532,S5_twin_shock_imf_bailout,indonesia,USDC
817,0.8267144928741977,58943.11577514773,532,S5_twin_shock_imf_bailout,indonesia,USDC
818,0.7942495894103255,57469.53788076903,532,S5_twin_shock_imf_bailout,indonesia,USDC
819,0.7893466289808536,56032.79943374981,532,S5_twin_shock_imf_bailout,indonesia,USDC
820,0.7915461533421366,54631.979447906066,532,S5_twin_shock_imf_bailout,indonesia,USDC
821,0.7905558368841563,53266.17996170842,532,S5_twin_shock_imf_bailout,indonesia,USDC
822,0.8015987860211661,51934.525462665704,532,S5_twin_shock_imf_bailout,indonesia,USDC
823,0.8217813380528596,50636.162326099075,532,S5_twin_shock_imf_bailout,indonesia,USDC
824,0.7953135179036203,49370.25826794659,532,S5_twin_shock_imf_bailout,indonesia,USDC
825,0.7810783328086446,48136.00181124793,532,S5_twin_shock_imf_bailout,indonesia,USDC
826,0.7748869806723494,46932.60176596673,532,S5_twin_shock_imf_bailout,indonesia,USDC
827,0.785801594241688,45759.28672181756,532,S5_twin_shock_imf_bailout,indonesia,USDC
828,0.7644821303950853,44615.30455377212,532,S5_twin_shock_imf_bailout,indonesia,USDC
829,0.7659818627052323,43499.921939927815,532,S5_twin_shock_imf_bailout,indonesia,USDC
830,0.7558137732201128,42412.42389142962,532,S5_twin_shock_imf_bailout,indonesia,USDC
831,0.7503647052189426,41352.11329414388,532,S5_twin_shock_imf_bailout,indonesia,USDC
832,0.7691903598773205,40318.310461790286,532,S5_twin_shock_imf_bailout,indonesia,USDC
833,0.7655558665112772,39310.35270024552,532,S5_twin_shock_imf_bailout,indonesia,USDC
834,0.7508747446591584,38327.59388273939,532,S5_twin_shock_imf_bailout,indonesia,USDC
835,0.767093257306262,37369.4040356709,532,S5_twin_shock_imf_bailout,indonesia,USDC
836,0.7572678123287119,36435.168934779125,532,S5_twin_shock_imf_bailout,indonesia,USDC
837,0.7756567799944857,35524.28971140965,532,S5_twin_shock_imf_bailout,indonesia,USDC
838,0.7608649314590984,34636.18246862441,532,S5_twin_shock_imf_bailout,indonesia,USDC
839,0.7531632086135477,33770.2779069088,532,S5_twin_shock_imf_bailout,indonesia,USDC
840,0.7697524366538604,32926.02095923608,532,S5_twin_shock_imf_bailout,indonesia,USDC
841,0.7733487460462731,32102.870435255172,532,S5_twin_shock_imf_bailout,indonesia,USDC
842,0.7766202426814851,31300.298674373793,532,S5_twin_shock_imf_bailout,indonesia,USDC
843,0.7805386836379269,30517.79120751445,532,S5_twin_shock_imf_bailout,indonesia,USDC
844,0.7846246740663058,29754.84642732659,532,S5_twin_shock_imf_bailout,indonesia,USDC
845,0.7730373427862688,29010.97526664343,532,S5_twin_shock_imf_bailout,indonesia,USDC
846,0.7718611352773598,28285.70088497734,532,S5_twin_shock_imf_bailout,indonesia,USDC
847,0.7616028697228314,27578.558362852906,532,S5_twin_shock_imf_bailout,indonesia,USDC
848,0.75998098586661,26889.094403781583,532,S5_twin_shock_imf_bailout,indonesia,USDC
849,0.7554049968032631,26216.867043687045,532,S5_twin_shock_imf_bailout,indonesia,USDC
850,0.7342872706986814,25561.445367594868,532,S5_twin_shock_imf_bailout,indonesia,USDC
851,0.7471940597164839,24922.409233404996,532,S5_twin_shock_imf_bailout,indonesia,USDC
852,0.7677750455340018,24299.34900256987,532,S5_twin_shock_imf_bailout,indonesia,USDC
853,0.7648991591340739,23691.865277505625,532,S5_twin_shock_imf_bailout,indonesia,USDC
854,0.7554153246290674,23099.568645567982,532,S5_twin_shock_imf_bailout,indonesia,USDC
855,0.7440445522623317,22522.079429428784,532,S5_twin_shock_imf_bailout,indonesia,USDC
856,0.7443381301839413,21959.027443693063,532,S5_twin_shock_imf_bailout,indonesia,USDC
857,0.746119424580383,21410.05175760074,532,S5_twin_shock_imf_bailout,indonesia,USDC
858,0.7510314563210588,20874.80046366072,532,S5_twin_shock_imf_bailout,indonesia,USDC
859,0.7626108106337688,20352.930452069202,532,S5_twin_shock_imf_bailout,indonesia,USDC
860,0.7587554243107064,19844.10719076747,532,S5_twin_shock_imf_bailout,indonesia,USDC
861,0.760729715099403,19348.004510998282,532,S5_twin_shock_imf_bailout,indonesia,USDC
862,0.7564061834371207,18864.30439822333,532,S5_twin_shock_imf_bailout,indonesia,USDC
863,0.7402626513021965,18392.696788267745,532,S5_twin_shock_imf_bailout,indonesia,USDC
864,0.7797535529424819,17932.87936856105,532,S5_twin_shock_imf_bailout,indonesia,USDC
865,0.7615167956268871,17484.557384347027,532,S5_twin_shock_imf_bailout,indonesia,USDC
866,0.7618384563035985,17047.443449738348,532,S5_twin_shock_imf_bailout,indonesia,USDC
867,0.7765797136129912,16621.25736349489,532,S5_twin_shock_imf_bailout,indonesia,USDC
868,0.7881685417344705,16205.72592940752,532,S5_twin_shock_imf_bailout,indonesia,USDC
869,0.7872128659801549,15800.582781172332,532,S5_twin_shock_imf_bailout,indonesia,USDC
870,0.7970772001391648,15405.568211643022,532,S5_twin_shock_imf_bailout,indonesia,USDC
871,0.7808809942925646,15020.429006351947,532,S5_twin_shock_imf_bailout,indonesia,USDC
872,0.7584449370686446,14644.91828119315,532,S5_twin_shock_imf_bailout,indonesia,USDC
873,0.7612038882427544,14278.795324163319,532,S5_twin_shock_imf_bailout,indonesia,USDC
874,0.7755606753870321,13921.825441059236,532,S5_twin_shock_imf_bailout,indonesia,USDC
875,0.7713587405324591,13573.779805032756,532,S5_twin_shock_imf_bailout,indonesia,USDC
876,0.7835741774251956,13234.435309906938,532,S5_twin_shock_imf_bailout,indonesia,USDC
877,0.7721890813199017,12903.574427159265,532,S5_twin_shock_imf_bailout,indonesia,USDC
878,0.7517371192910242,12580.98506648028,532,S5_twin_shock_imf_bailout,indonesia,USDC
879,0.7480161122557447,12266.460439818275,532,S5_twin_shock_imf_bailout,indonesia,USDC
880,0.7601054664278086,11959.798928822816,532,S5_twin_shock_imf_bailout,indonesia,USDC
881,0.7706103285872568,11660.803955602247,532,S5_twin_shock_imf_bailout,indonesia,USDC
882,0.759085560782569,11369.28385671219,532,S5_twin_shock_imf_bailout,indonesia,USDC
883,0.7413801119333193,11085.051760294387,532,S5_twin_shock_imf_bailout,indonesia,USDC
884,0.7596898506650446,10807.925466287026,532,S5_twin_shock_imf_bailout,indonesia,USDC
885,0.7924080445046212,10537.727329629852,532,S5_twin_shock_imf_bailout,indonesia,USDC
886,0.7838863263844018,10274.284146389105,532,S5_twin_shock_imf_bailout,indonesia,USDC
887,0.7769844719080774,10017.427042729376,532,S5_twin_shock_imf_bailout,indonesia,USDC
888,0.7834420916838836,9766.991366661143,532,S5_twin_shock_imf_bailout,indonesia,USDC
889,0.7839789125285397,9522.816582494614,532,S5_twin_shock_imf_bailout,indonesia,USDC
890,0.7802136062520811,9284.746167932248,532,S5_twin_shock_imf_bailout,indonesia,USDC
891,0.7611414610752226,9052.627513733942,532,S5_twin_shock_imf_bailout,indonesia,USDC
892,0.7658637995036598,8826.311825890592,532,S5_twin_shock_imf_bailout,indonesia,USDC
893,0.7544234780904033,8605.654030243328,532,S5_twin_shock_imf_bailout,indonesia,USDC
894,0.7588788835494807,8390.512679487245,532,S5_twin_shock_imf_bailout,indonesia,USDC
895,0.7516062455953678,8180.749862500064,532,S5_twin_shock_imf_bailout,indonesia,USDC
896,0.7594816195174166,7976.231115937563,532,S5_twin_shock_imf_bailout,indonesia,USDC
897,0.7778739242314182,7776.825338039123,532,S5_twin_shock_imf_bailout,indonesia,USDC
898,0.8112064318343082,7582.404704588145,532,S5_twin_shock_imf_bailout,indonesia,USDC
899,0.8074774088669473,7392.844586973442,532,S5_twin_shock_imf_bailout,indonesia,USDC
900,0.8184403669076544,7208.023472299106,532,S5_twin_shock_imf_bailout,indonesia,USDC
901,0.8215453145740645,7027.822885491629,532,S5_twin_shock_imf_bailout,indonesia,USDC
902,0.8219432996805794,6852.127313354338,532,S5_twin_shock_imf_bailout,indonesia,USDC
903,0.8088672047917318,6680.824130520479,532,S5_twin_shock_imf_bailout,indonesia,USDC
904,0.8077517530755737,6513.803527257467,532,S5_twin_shock_imf_bailout,indonesia,USDC
905,0.8015278672470031,6350.958439076031,532,S5_twin_shock_imf_bailout,indonesia,USDC
906,0.791243024293542,6192.1844780991305,532,S5_twin_shock_imf_bailout,indonesia,USDC
907,0.7794772614460586,6037.379866146652,532,S5_twin_shock_imf_bailout,indonesia,USDC
908,0.7642062519125041,5886.445369492985,532,S5_twin_shock_imf_bailout,indonesia,USDC
909,0.7693586562157907,5739.284235255661,532,S5_twin_shock_imf_bailout,indonesia,USDC
910,0.7801926017141729,5595.8021293742695,532,S5_twin_shock_imf_bailout,indonesia,USDC
911,0.7729661706220828,5455.907076139913,532,S5_twin_shock_imf_bailout,indonesia,USDC
912,0.7514539255287687,5319.5093992364145,532,S5_twin_shock_imf_bailout,indonesia,USDC
913,0.7469760142564936,5186.521664255504,532,S5_twin_shock_imf_bailout,indonesia,USDC
914,0.7363588018481672,5056.858622649117,532,S5_twin_shock_imf_bailout,indonesia,USDC
915,0.6722910272722198,4930.43715708289,532,S5_twin_shock_imf_bailout,indonesia,USDC
916,0.6884311492604962,4807.176228155817,532,S5_twin_shock_imf_bailout,indonesia,USDC
917,0.7131595014657215,4686.996822451922,532,S5_twin_shock_imf_bailout,indonesia,USDC
918,0.74537048741396,4569.821901890624,532,S5_twin_shock_imf_bailout,indonesia,USDC
919,0.7342397794191027,4455.576354343359,532,S5_twin_shock_imf_bailout,indonesia,USDC
920,0.7678725510821612,4344.186945484774,532,S5_twin_shock_imf_bailout,indonesia,USDC
921,0.7611316749078776,4235.582271847655,532,S5_twin_shock_imf_bailout,indonesia,USDC
922,0.7684869824664382,4129.692715051464,532,S5_twin_shock_imf_bailout,indonesia,USDC
923,0.7908114849065487,4026.4503971751765,532,S5_twin_shock_imf_bailout,indonesia,USDC
924,0.7826621190465303,3925.7891372457975,532,S5_twin_shock_imf_bailout,indonesia,USDC
925,0.7894880146372448,3827.6444088146527,532,S5_twin_shock_imf_bailout,indonesia,USDC
926,0.7801237651805344,3731.953298594286,532,S5_twin_shock_imf_bailout,indonesia,USDC
927,0.7556848851125461,3638.6544661294292,532,S5_twin_shock_imf_bailout,indonesia,USDC
928,0.7762027971600333,3547.688104476193,532,S5_twin_shock_imf_bailout,indonesia,USDC
929,0.799844903526381,3458.9959018642885,532,S5_twin_shock_imf_bailout,indonesia,USDC
930,0.7804033666027943,3372.521004317681,532,S5_twin_shock_imf_bailout,indonesia,USDC
931,0.7920884719829734,3288.2079792097393,532,S5_twin_shock_imf_bailout,indonesia,USDC
932,0.7847209258272098,3206.002779729496,532,S5_twin_shock_imf_bailout,indonesia,USDC
933,0.7951318468216964,3125.852710236258,532,S5_twin_shock_imf_bailout,indonesia,USDC
934,0.7729008513554652,3047.706392480352,532,S5_twin_shock_imf_bailout,indonesia,USDC
935,0.7818357757996516,2971.513732668343,532,S5_twin_shock_imf_bailout,indonesia,USDC
936,0.7929335272556179,2897.2258893516346,532,S5_twin_shock_imf_bailout,indonesia,USDC
937,0.7845678382234246,2824.795242117844,532,S5_twin_shock_imf_bailout,indonesia,USDC
938,0.7913810171764062,2754.1753610648975,532,S5_twin_shock_imf_bailout,indonesia,USDC
939,0.7891838473264488,2685.3209770382755,532,S5_twin_shock_imf_bailout,indonesia,USDC
940,0.8042084890282329,2618.1879526123184,532,S5_twin_shock_imf_bailout,indonesia,USDC
941,0.7961710657354546,2552.7332537970105,532,S5_twin_shock_imf_bailout,indonesia,USDC
942,0.79915850760305,2488.914922452085,532,S5_twin_shock_imf_bailout,indonesia,USDC
943,0.7900862992563585,2426.692049390783,532,S5_twin_shock_imf_bailout,indonesia,USDC
944,0.7740046653060613,2366.0247481560136,532,S5_twin_shock_imf_bailout,indonesia,USDC
945,0.7678776035882255,2306.8741294521133,532,S5_twin_shock_imf_bailout,indonesia,USDC
946,0.7685684902285782,2249.2022762158103,532,S5_twin_shock_imf_bailout,indonesia,USDC
947,0.7866712945745822,2192.972219310415,532,S5_twin_shock_imf_bailout,indonesia,USDC
948,0.7677692362691054,2138.1479138276545,532,S5_twin_shock_imf_bailout,indonesia,USDC
949,0.7704520487003478,2084.694215981963,532,S5_twin_shock_imf_bailout,indonesia,USDC
950,0.7557216396725478,2032.5768605824142,532,S5_twin_shock_imf_bailout,indonesia,USDC
951,0.7592945318547016,1981.7624390678536,532,S5_twin_shock_imf_bailout,indonesia,USDC
952,0.7712555831635839,1932.2183780911573,532,S5_twin_shock_imf_bailout,indonesia,USDC
953,0.7507205963517379,1883.9129186388782,532,S5_twin_shock_imf_bailout,indonesia,USDC
954,0.7730132278230335,1836.8150956729064,532,S5_twin_shock_imf_bailout,indonesia,USDC
955,0.7864325285899051,1790.8947182810837,532,S5_twin_shock_imf_bailout,indonesia,USDC
956,0.7671973163813565,1746.1223503240567,532,S5_twin_shock_imf_bailout,indonesia,USDC
957,0.7936627306265985,1702.4692915659552,532,S5_twin_shock_imf_bailout,indonesia,USDC
958,0.7856078891399181,1659.9075592768063,532,S5_twin_shock_imf_bailout,indonesia,USDC
959,0.7985399530330833,1618.4098702948863,532,S5_twin_shock_imf_bailout,indonesia,USDC
960,0.8016402709512855,1577.949623537514,532,S5_twin_shock_imf_bailout,indonesia,USDC
961,0.7806607319336858,1538.5008829490762,532,S5_twin_shock_imf_bailout,indonesia,USDC
962,0.7823720745141165,1500.038360875349,532,S5_twin_shock_imf_bailout,indonesia,USDC
963,0.7654947591104453,1462.5374018534656,532,S5_twin_shock_imf_bailout,indonesia,USDC
964,0.7490308677866996,1425.9739668071288,532,S5_twin_shock_imf_bailout,indonesia,USDC
965,0.7423906868002739,1390.3246176369507,532,S5_twin_shock_imf_bailout,indonesia,USDC
966,0.7470639235902631,1355.566502196027,532,S5_twin_shock_imf_bailout,indonesia,USDC
967,0.7687322188765835,1321.6773396411263,532,S5_twin_shock_imf_bailout,indonesia,USDC
968,0.7817704378878444,1288.635406150098,532,S5_twin_shock_imf_bailout,indonesia,USDC
969,0.7777774856274091,1256.4195209963457,532,S5_twin_shock_imf_bailout,indonesia,USDC
970,0.7976810423272879,1225.0090329714371,532,S5_twin_shock_imf_bailout,indonesia,USDC
971,0.8015541742166726,1194.383807147151,532,S5_twin_shock_imf_bailout,indonesia,USDC
972,0.7940589929578288,1164.5242119684724,532,S5_twin_shock_imf_bailout,indonesia,USDC
973,0.7932290167690488,1135.4111066692608,532,S5_twin_shock_imf_bailout,indonesia,USDC
974,0.7881878687963872,1107.025829002529,532,S5_twin_shock_imf_bailout,indonesia,USDC
975,0.7639193979450556,1079.350183277466,532,S5_twin_shock_imf_bailout,indonesia,USDC
976,0.753895099488153,1052.366428695529,532,S5_twin_shock_imf_bailout,indonesia,USDC
977,0.7342124518052409,1026.057267978141,532,S5_twin_shock_imf_bailout,indonesia,USDC
978,0.7574106220552134,1000.4058362786875,532,S5_twin_shock_imf_bailout,indonesia,USDC
979,0.7581089016682492,975.3956903717203,532,S5_twin_shock_imf_bailout,indonesia,USDC
980,0.7441352757925974,951.0107981124273,532,S5_twin_shock_imf_bailout,indonesia,USDC
981,0.725705898777864,927.2355281596166,532,S5_twin_shock_imf_bailout,indonesia,USDC
982,0.7099372146158806,904.0546399556263,532,S5_twin_shock_imf_bailout,indonesia,USDC
983,0.7260498748476821,881.4532739567355,532,S5_twin_shock_imf_bailout,indonesia,USDC
984,0.7318490712843086,859.4169421078171,532,S5_twin_shock_imf_bailout,indonesia,USDC
985,0.7540021652150731,837.9315185551217,532,S5_twin_shock_imf_bailout,indonesia,USDC
986,0.7350395780134751,816.9832305912437,532,S5_twin_shock_imf_bailout,indonesia,USDC
987,0.7358421026968457,796.5586498264627,532,S5_twin_shock_imf_bailout,indonesia,USDC
988,0.754021259269901,776.644683580801,532,S5_twin_shock_imf_bailout,indonesia,USDC
989,0.7581881894094082,757.228566491281,532,S5_twin_shock_imf_bailout,indonesia,USDC
990,0.7834983575243871,738.2978523289989,532,S5_twin_shock_imf_bailout,indonesia,USDC
991,0.7761852017540896,719.8404060207739,532,S5_twin_shock_imf_bailout,indonesia,USDC
992,0.8151245892491661,701.8443958702546,532,S5_twin_shock_imf_bailout,indonesia,USDC
993,0.7982185696244456,684.2982859734982,532,S5_twin_shock_imf_bailout,indonesia,USDC
994,0.7784783658367846,667.1908288241608,532,S5_twin_shock_imf_bailout,indonesia,USDC
995,0.7813416878941842,650.5110581035568,532,S5_twin_shock_imf_bailout,indonesia,USDC
996,0.7854761178747427,634.2482816509679,532,S5_twin_shock_imf_bailout,indonesia,USDC
997,0.7820827837754493,618.3920746096937,532,S5_twin_shock_imf_bailout,indonesia,USDC
998,0.7870329770448478,602.9322727444514,532,S5_twin_shock_imf_bailout,indonesia,USDC
999,0.7819779771286566,587.8589659258402,532,S5_twin_shock_imf_bailout,indonesia,USDC
1000,0.7905704343183382,573.1624917776942,532,S5_twin_shock_imf_bailout,indonesia,USDC
