Step,price,liquidity,iteration,scenario,region,coin
1,1.0015580066199905,2989332076981.0386,327,S5_twin_shock_imf_bailout,indonesia,USDC
2,1.0169674670920883,2989332076981.0386,327,S5_twin_shock_imf_bailout,indonesia,USDC
3,1.0548714027281674,2989332076981.0386,327,S5_twin_shock_imf_bailout,indonesia,USDC
4,1.0141019686252646,2989332076981.0386,327,S5_twin_shock_imf_bailout,indonesia,USDC
5,1.0202722564306401,2989332076981.0386,327,S5_twin_shock_imf_bailout,indonesia,USDC
6,1.0195225987930587,2989332076981.0386,327,S5_twin_shock_imf_bailout,indonesia,USDC
7,1.0014011431299816,2989332076981.0386,327,S5_twin_shock_imf_bailout,indonesia,USDC
8,0.9972597078633196,2989332076981.0386,327,S5_twin_shock_imf_bailout,indonesia,USDC
9,0.9981494377566457,2989332076981.0386,327,S5_twin_shock_imf_bailout,indonesia,USDC
10,1.000597721072995,2989332076981.0386,327,S5_twin_shock_imf_bailout,indonesia,USDC
11,0.989689230004729,2989332076981.0386,327,S5_twin_shock_imf_bailout,indonesia,USDC
12,0.9775285098218286,2989332076981.0386,327,S5_twin_shock_imf_bailout,indonesia,USDC
13,0.9826571462183109,2989332076981.0386,327,S5_twin_shock_imf_bailout,indonesia,USDC
14,0.9460564620496253,2989332076981.0386,327,S5_twin_shock_imf_bailout,indonesia,USDC
15,0.9826537585539474,2987851033396.4795,327,S5_twin_shock_imf_bailout,indonesia,USDC
16,0.9770339023220925,2987851033396.4795,327,S5_twin_shock_imf_bailout,indonesia,USDC
17,0.9944837579514518,2987851033396.4795,327,S5_twin_shock_imf_bailout,indonesia,USDC
18,1.0049880307855548,2987851033396.4795,327,S5_twin_shock_imf_bailout,indonesia,USDC
19,1.0037630363431211,2987851033396.4795,327,S5_twin_shock_imf_bailout,indonesia,USDC
20,1.0040637527135816,2987851033396.4795,327,S5_twin_shock_imf_bailout,indonesia,USDC
21,0.9883894508747045,2987851033396.4795,327,S5_twin_shock_imf_bailout,indonesia,USDC
22,1.033167534799768,2987851033396.4795,327,S5_twin_shock_imf_bailout,indonesia,USDC
23,1.0261435420425942,2987851033396.4795,327,S5_twin_shock_imf_bailout,indonesia,USDC
24,1.0159906722307341,2987851033396.4795,327,S5_twin_shock_imf_bailout,indonesia,USDC
25,0.990127653094639,2987851033396.4795,327,S5_twin_shock_imf_bailout,indonesia,USDC
26,0.998054266946918,2987851033396.4795,327,S5_twin_shock_imf_bailout,indonesia,USDC
27,0.9725037038244263,2987851033396.4795,327,S5_twin_shock_imf_bailout,indonesia,USDC
28,0.8937392454809047,2987851033396.4795,327,S5_twin_shock_imf_bailout,indonesia,USDC
29,0.9227124258247694,2983250311984.1997,327,S5_twin_shock_imf_bailout,indonesia,USDC
30,0.9319031282713169,2980621793904.705,327,S5_twin_shock_imf_bailout,indonesia,USDC
31,0.9281821489629252,2978642589260.0234,327,S5_twin_shock_imf_bailout,indonesia,USDC
32,0.9446760515379387,2976535197272.385,327,S5_twin_shock_imf_bailout,indonesia,USDC
33,0.9637074044720009,2975331054887.965,327,S5_twin_shock_imf_bailout,indonesia,USDC
34,0.9502728685520947,2975041914217.656,327,S5_twin_shock_imf_bailout,indonesia,USDC
35,0.9710274474555111,2974125130474.6987,327,S5_twin_shock_imf_bailout,indonesia,USDC
36,0.9881676731672742,2974125130474.6987,327,S5_twin_shock_imf_bailout,indonesia,USDC
37,0.946254455495495,2974125130474.6987,327,S5_twin_shock_imf_bailout,indonesia,USDC
38,0.9547768626040453,2973056476614.705,327,S5_twin_shock_imf_bailout,indonesia,USDC
39,0.9470307663002153,2972405531967.161,327,S5_twin_shock_imf_bailout,indonesia,USDC
40,0.9711440034128391,2971413321197.5938,327,S5_twin_shock_imf_bailout,indonesia,USDC
41,0.9873360337757429,2971413321197.5938,327,S5_twin_shock_imf_bailout,indonesia,USDC
42,1.000755770665823,2971413321197.5938,327,S5_twin_shock_imf_bailout,indonesia,USDC
43,0.9921954589019686,2971413321197.5938,327,S5_twin_shock_imf_bailout,indonesia,USDC
44,1.0094005080686512,2971413321197.5938,327,S5_twin_shock_imf_bailout,indonesia,USDC
45,1.0212586997485764,2971413321197.5938,327,S5_twin_shock_imf_bailout,indonesia,USDC
46,1.0318313612184147,2971413321197.5938,327,S5_twin_shock_imf_bailout,indonesia,USDC
47,1.0503189594147577,2971413321197.5938,327,S5_twin_shock_imf_bailout,indonesia,USDC
48,1.0599302610562014,2971413321197.5938,327,S5_twin_shock_imf_bailout,indonesia,USDC
49,1.0226610624351784,2971413321197.5938,327,S5_twin_shock_imf_bailout,indonesia,USDC
50,0.9993939594258243,2971413321197.5938,327,S5_twin_shock_imf_bailout,indonesia,USDC
51,0.977727615232816,2971413321197.5938,327,S5_twin_shock_imf_bailout,indonesia,USDC
52,0.9687029394341841,2971413321197.5938,327,S5_twin_shock_imf_bailout,indonesia,USDC
53,0.9626276129327883,2971383498142.1655,327,S5_twin_shock_imf_bailout,indonesia,USDC
54,0.9456385967931871,2971085275540.093,327,S5_twin_shock_imf_bailout,indonesia,USDC
55,0.9180925995477613,2970068068050.079,327,S5_twin_shock_imf_bailout,indonesia,USDC
56,0.9049384945377708,2967888171760.141,327,S5_twin_shock_imf_bailout,indonesia,USDC
57,0.9100061093557955,2965329226151.7085,327,S5_twin_shock_imf_bailout,indonesia,USDC
58,0.9194516737745618,2963102825088.978,327,S5_twin_shock_imf_bailout,indonesia,USDC
59,0.9413787617405739,2961342974787.7026,327,S5_twin_shock_imf_bailout,indonesia,USDC
60,0.9353325763891576,2960414232307.384,327,S5_twin_shock_imf_bailout,indonesia,USDC
61,0.9188053642441234,2959303368136.8306,327,S5_twin_shock_imf_bailout,indonesia,USDC
62,0.9297325014370805,2957786958706.8975,327,S5_twin_shock_imf_bailout,indonesia,USDC
63,0.912231993290245,2956661643341.458,327,S5_twin_shock_imf_bailout,indonesia,USDC
64,0.8928574540866432,2955034040689.001,327,S5_twin_shock_imf_bailout,indonesia,USDC
65,0.9109963777887197,2953017746982.3125,327,S5_twin_shock_imf_bailout,indonesia,USDC
66,0.9274669705735669,2951599411608.315,327,S5_twin_shock_imf_bailout,indonesia,USDC
67,0.911635054268287,2950676744555.4106,327,S5_twin_shock_imf_bailout,indonesia,USDC
68,0.8949595547495325,2949435853834.039,327,S5_twin_shock_imf_bailout,indonesia,USDC
69,0.8799305342382592,2947880599848.1987,327,S5_twin_shock_imf_bailout,indonesia,USDC
70,0.9176640324985402,2946186234499.7744,327,S5_twin_shock_imf_bailout,indonesia,USDC
71,0.9570265520761236,2945276875076.924,327,S5_twin_shock_imf_bailout,indonesia,USDC
72,0.9605682682143597,2945073144261.587,327,S5_twin_shock_imf_bailout,indonesia,USDC
73,0.9889359533772606,2944920087019.7207,327,S5_twin_shock_imf_bailout,indonesia,USDC
74,0.9756832011793969,2944920087019.7207,327,S5_twin_shock_imf_bailout,indonesia,USDC
75,0.9725807315409493,2944920087019.7207,327,S5_twin_shock_imf_bailout,indonesia,USDC
76,0.961129087486724,2944920087019.7207,327,S5_twin_shock_imf_bailout,indonesia,USDC
77,0.9493668653539475,2944795132652.6567,327,S5_twin_shock_imf_bailout,indonesia,USDC
78,0.966872272222511,2944489401309.7593,327,S5_twin_shock_imf_bailout,indonesia,USDC
79,0.9586841788587023,2944440527099.104,327,S5_twin_shock_imf_bailout,indonesia,USDC
80,0.9453678405487203,2944273876167.9243,327,S5_twin_shock_imf_bailout,indonesia,USDC
81,0.9603270437271862,2943920098304.341,327,S5_twin_shock_imf_bailout,indonesia,USDC
82,0.9696099483591136,2943783972291.2583,327,S5_twin_shock_imf_bailout,indonesia,USDC
83,0.9754202082394332,2943780095583.2524,327,S5_twin_shock_imf_bailout,indonesia,USDC
84,0.9631542314694312,2943780095583.2524,327,S5_twin_shock_imf_bailout,indonesia,USDC
85,0.9542193740607794,2943678128788.3286,327,S5_twin_shock_imf_bailout,indonesia,USDC
86,0.9502357934818496,2943455950893.311,327,S5_twin_shock_imf_bailout,indonesia,USDC
87,0.9636099280934287,2943180280826.0605,327,S5_twin_shock_imf_bailout,indonesia,USDC
88,0.9803497545483757,2943089052972.0947,327,S5_twin_shock_imf_bailout,indonesia,USDC
89,0.9888842038183563,2943089052972.0947,327,S5_twin_shock_imf_bailout,indonesia,USDC
90,1.007842514258285,2943089052972.0947,327,S5_twin_shock_imf_bailout,indonesia,USDC
91,1.0099022737547996,2943089052972.0947,327,S5_twin_shock_imf_bailout,indonesia,USDC
92,1.0150192612958826,2943089052972.0947,327,S5_twin_shock_imf_bailout,indonesia,USDC
93,1.0213861088788845,2943089052972.0947,327,S5_twin_shock_imf_bailout,indonesia,USDC
94,1.0246199746813391,2943089052972.0947,327,S5_twin_shock_imf_bailout,indonesia,USDC
95,1.049460300612026,2943089052972.0947,327,S5_twin_shock_imf_bailout,indonesia,USDC
96,1.041758557795194,2943089052972.0947,327,S5_twin_shock_imf_bailout,indonesia,USDC
97,1.0288846296216783,2943089052972.0947,327,S5_twin_shock_imf_bailout,indonesia,USDC
98,1.0359404183262935,2943089052972.0947,327,S5_twin_shock_imf_bailout,indonesia,USDC
99,1.0235527205388861,2943089052972.0947,327,S5_twin_shock_imf_bailout,indonesia,USDC
100,0.9390317388449564,2943089052972.0947,327,S5_twin_shock_imf_bailout,indonesia,USDC
101,0.8074303977906006,2942649847172.925,327,S5_twin_shock_imf_bailout,indonesia,USDC
102,0.8240495399028402,2940417821809.6143,327,S5_twin_shock_imf_bailout,indonesia,USDC
103,0.8230647911101215,2938783478814.1475,327,S5_twin_shock_imf_bailout,indonesia,USDC
104,0.838985960469882,2937409406829.5547,327,S5_twin_shock_imf_bailout,indonesia,USDC
105,0.8829707278854684,2936385473389.663,327,S5_twin_shock_imf_bailout,indonesia,USDC
106,0.9285710797921019,2935766780790.0776,327,S5_twin_shock_imf_bailout,indonesia,USDC
107,0.9694073925552019,2935499863728.1924,327,S5_twin_shock_imf_bailout,indonesia,USDC
108,0.9968117450200672,2935497366348.2314,327,S5_twin_shock_imf_bailout,indonesia,USDC
109,1.0138509798733562,2935497366348.2314,327,S5_twin_shock_imf_bailout,indonesia,USDC
110,1.0461358527596583,2935497366348.2314,327,S5_twin_shock_imf_bailout,indonesia,USDC
111,1.0361275221599333,2935497366348.2314,327,S5_twin_shock_imf_bailout,indonesia,USDC
112,1.0034284905862754,2935497366348.2314,327,S5_twin_shock_imf_bailout,indonesia,USDC
113,0.9854218178540357,2935497366348.2314,327,S5_twin_shock_imf_bailout,indonesia,USDC
114,1.0009525744746128,2935497366348.2314,327,S5_twin_shock_imf_bailout,indonesia,USDC
115,0.9845262362542676,2935497366348.2314,327,S5_twin_shock_imf_bailout,indonesia,USDC
116,0.9769696465660461,2935497366348.2314,327,S5_twin_shock_imf_bailout,indonesia,USDC
117,0.9343664451000264,2935497366348.2314,327,S5_twin_shock_imf_bailout,indonesia,USDC
118,0.9351106940399183,2935284701871.573,327,S5_twin_shock_imf_bailout,indonesia,USDC
119,0.9450640681377106,2935083834660.336,327,S5_twin_shock_imf_bailout,indonesia,USDC
120,0.9483409899840811,2934941461927.8804,327,S5_twin_shock_imf_bailout,indonesia,USDC
121,600000.944695904,2861485805398.6235,327,S5_twin_shock_imf_bailout,indonesia,USDC
122,480001.95,2789980660263.6577,327,S5_twin_shock_imf_bailout,indonesia,USDC
123,384001.95,2720256743757.0664,327,S5_twin_shock_imf_bailout,indonesia,USDC
124,307201.95,2652270805163.1396,327,S5_twin_shock_imf_bailout,indonesia,USDC
125,245761.95,2585980419034.061,327,S5_twin_shock_imf_bailout,indonesia,USDC
126,196609.95,2521344015758.2095,327,S5_twin_shock_imf_bailout,indonesia,USDC
127,157288.35,2458320901124.2544,327,S5_twin_shock_imf_bailout,indonesia,USDC
128,125831.06999999999,2396871267204.148,327,S5_twin_shock_imf_bailout,indonesia,USDC
129,100665.246,2336956196410.4443,327,S5_twin_shock_imf_bailout,indonesia,USDC
130,80532.5868,2278537660209.303,327,S5_twin_shock_imf_bailout,indonesia,USDC
131,64426.45944,2221578513671.366,327,S5_twin_shock_imf_bailout,indonesia,USDC
132,51541.557552,2166042486803.4194,327,S5_twin_shock_imf_bailout,indonesia,USDC
133,41233.6360416,2111894173412.4033,327,S5_twin_shock_imf_bailout,indonesia,USDC
134,32987.29883328,2059099018100.3486,327,S5_twin_shock_imf_bailout,indonesia,USDC
135,26390.229066624004,2007623301866.4448,327,S5_twin_shock_imf_bailout,indonesia,USDC
136,21112.573253299208,1957434126694.6675,327,S5_twin_shock_imf_bailout,indonesia,USDC
137,16890.448602639364,1908499399427.2075,327,S5_twin_shock_imf_bailout,indonesia,USDC
138,13512.748882111493,1860787815161.4526,327,S5_twin_shock_imf_bailout,indonesia,USDC
139,10810.589105689196,1814268840358.3567,327,S5_twin_shock_imf_bailout,indonesia,USDC
140,8648.861284551356,1768912695810.1501,327,S5_twin_shock_imf_bailout,indonesia,USDC
141,6919.479027641083,1724690339583.4985,327,S5_twin_shock_imf_bailout,indonesia,USDC
142,5535.973222112866,1681573450028.792,327,S5_twin_shock_imf_bailout,indonesia,USDC
143,4429.168577690293,1639534408925.9775,327,S5_twin_shock_imf_bailout,indonesia,USDC
144,3543.724862152234,1598546284821.1523,327,S5_twin_shock_imf_bailout,indonesia,USDC
145,2835.3698897217873,1558582816595.2827,327,S5_twin_shock_imf_bailout,indonesia,USDC
146,2268.6859117774297,1519618397296.1282,327,S5_twin_shock_imf_bailout,indonesia,USDC
147,1815.338729421944,1481628058256.3071,327,S5_twin_shock_imf_bailout,indonesia,USDC
148,1452.6609835375552,1444587453513.9648,327,S5_twin_shock_imf_bailout,indonesia,USDC
149,1162.518786830044,1408472844547.3684,327,S5_twin_shock_imf_bailout,indonesia,USDC
150,930.4050294640354,1373261085330.686,327,S5_twin_shock_imf_bailout,indonesia,USDC
151,744.7140235712283,1338929607715.0205,327,S5_twin_shock_imf_bailout,indonesia,USDC
152,596.1612188569826,1305456407136.226,327,S5_twin_shock_imf_bailout,indonesia,USDC
153,477.3189750855861,1272820028649.0854,327,S5_twin_shock_imf_bailout,indonesia,USDC
154,382.24518006846887,1240999553285.8704,327,S5_twin_shock_imf_bailout,indonesia,USDC
155,306.1861440547751,1209974584736.1333,327,S5_twin_shock_imf_bailout,indonesia,USDC
156,245.3389152438201,1179725236343.6577,327,S5_twin_shock_imf_bailout,indonesia,USDC
157,196.66113219505607,1150232118415.8083,327,S5_twin_shock_imf_bailout,indonesia,USDC
158,157.71890575604485,1121476325840.0068,327,S5_twin_shock_imf_bailout,indonesia,USDC
159,126.5651246048359,1093439426001.6816,327,S5_twin_shock_imf_bailout,indonesia,USDC
160,101.64209968386872,1066103446997.7798,327,S5_twin_shock_imf_bailout,indonesia,USDC
161,81.70367974709498,1039450866139.7473,327,S5_twin_shock_imf_bailout,indonesia,USDC
162,65.75294379767598,1013464598739.7832,327,S5_twin_shock_imf_bailout,indonesia,USDC
163,52.99235503814079,988127987174.1123,327,S5_twin_shock_imf_bailout,indonesia,USDC
164,42.78388403051264,963424790217.0183,327,S5_twin_shock_imf_bailout,indonesia,USDC
165,34.61710722441011,939339172639.4,327,S5_twin_shock_imf_bailout,indonesia,USDC
166,28.083685779528086,915855695065.6606,327,S5_twin_shock_imf_bailout,indonesia,USDC
167,22.85694862362247,892959304082.8159,327,S5_twin_shock_imf_bailout,indonesia,USDC
168,18.675558898897975,870635322595.7827,327,S5_twin_shock_imf_bailout,indonesia,USDC
169,15.330447119118379,848869440422.918,327,S5_twin_shock_imf_bailout,indonesia,USDC
170,12.654357695294703,827647705125.9689,327,S5_twin_shock_imf_bailout,indonesia,USDC
171,10.513486156235762,806956513068.7188,327,S5_twin_shock_imf_bailout,indonesia,USDC
172,8.800788924988609,786782600698.72,327,S5_twin_shock_imf_bailout,indonesia,USDC
173,7.430631139990888,767113036046.6274,327,S5_twin_shock_imf_bailout,indonesia,USDC
174,6.334504911992711,747935210437.7621,327,S5_twin_shock_imf_bailout,indonesia,USDC
175,5.457603929594168,729236830410.6582,327,S5_twin_shock_imf_bailout,indonesia,USDC
176,4.756083143675334,711005909837.4639,327,S5_twin_shock_imf_bailout,indonesia,USDC
177,4.1948665149402675,693230762241.185,327,S5_twin_shock_imf_bailout,indonesia,USDC
178,3.745893211952214,675899993304.8817,327,S5_twin_shock_imf_bailout,indonesia,USDC
179,3.3867145695617715,659002493568.0408,327,S5_twin_shock_imf_bailout,indonesia,USDC
180,3.099371655649417,642527431305.4644,327,S5_twin_shock_imf_bailout,indonesia,USDC
181,2.8694973245195334,626464245584.1277,327,S5_twin_shock_imf_bailout,indonesia,USDC
182,2.685597859615627,610802639493.5643,327,S5_twin_shock_imf_bailout,indonesia,USDC
183,2.5384782876925014,595532573545.4572,327,S5_twin_shock_imf_bailout,indonesia,USDC
184,2.420782630154001,580644259238.2062,327,S5_twin_shock_imf_bailout,indonesia,USDC
185,2.326626104123201,566128152782.3594,327,S5_twin_shock_imf_bailout,indonesia,USDC
186,2.2513008832985606,551974948982.8872,327,S5_twin_shock_imf_bailout,indonesia,USDC
187,2.1910407066388484,538175575274.3844,327,S5_twin_shock_imf_bailout,indonesia,USDC
188,2.1428325653110787,524721185905.38025,327,S5_twin_shock_imf_bailout,indonesia,USDC
189,2.104266052248863,511603156268.03015,327,S5_twin_shock_imf_bailout,indonesia,USDC
190,2.0634790434243317,498813077369.5569,327,S5_twin_shock_imf_bailout,indonesia,USDC
191,2.024587974027452,486342750441.8999,327,S5_twin_shock_imf_bailout,indonesia,USDC
192,2.022498716206659,474184181686.1181,327,S5_twin_shock_imf_bailout,indonesia,USDC
193,1.8862419658166307,462329577148.1776,327,S5_twin_shock_imf_bailout,indonesia,USDC
194,1.830054522859125,450771337722.84314,327,S5_twin_shock_imf_bailout,indonesia,USDC
195,1.814470501222183,439502054282.468,327,S5_twin_shock_imf_bailout,indonesia,USDC
196,1.6911023851348979,428514502927.5632,327,S5_twin_shock_imf_bailout,indonesia,USDC
197,1.6221873018130317,417801640356.0995,327,S5_twin_shock_imf_bailout,indonesia,USDC
198,1.5972031462338043,407356599348.57733,327,S5_twin_shock_imf_bailout,indonesia,USDC
199,1.498912481965605,397172684365.96716,327,S5_twin_shock_imf_bailout,indonesia,USDC
200,1.4261642771164436,387243367257.7014,327,S5_twin_shock_imf_bailout,indonesia,USDC
201,1.3400834999085605,377562283076.9656,327,S5_twin_shock_imf_bailout,indonesia,USDC
202,1.2733589234187583,368123226000.6069,327,S5_twin_shock_imf_bailout,indonesia,USDC
203,1.2340132666193342,358920145351.044,327,S5_twin_shock_imf_bailout,indonesia,USDC
204,1.1553967467334654,349947141717.62976,327,S5_twin_shock_imf_bailout,indonesia,USDC
205,1.1478873878596272,341198463174.9785,327,S5_twin_shock_imf_bailout,indonesia,USDC
206,0.9309442272923171,332668501595.8357,327,S5_twin_shock_imf_bailout,indonesia,USDC
207,0.9070704845400887,324149174452.753,327,S5_twin_shock_imf_bailout,indonesia,USDC
208,0.8969841598990719,315736339744.50305,327,S5_twin_shock_imf_bailout,indonesia,USDC
209,0.878677966430096,307478957796.9928,327,S5_twin_shock_imf_bailout,indonesia,USDC
210,0.8857904790386478,299371023458.42896,327,S5_twin_shock_imf_bailout,indonesia,USDC
211,0.8896129676554415,291558963655.3059,327,S5_twin_shock_imf_bailout,indonesia,USDC
212,0.8674324446326968,283982668065.1915,327,S5_twin_shock_imf_bailout,indonesia,USDC
213,0.8374823728675764,276543331200.61615,327,S5_twin_shock_imf_bailout,indonesia,USDC
214,0.8382400651484643,269224145069.15094,327,S5_twin_shock_imf_bailout,indonesia,USDC
215,0.8184398588485391,262128159214.9107,327,S5_twin_shock_imf_bailout,indonesia,USDC
216,0.8028933603815248,255226308902.52863,327,S5_twin_shock_imf_bailout,indonesia,USDC
217,0.7891072177681913,248511904603.49268,327,S5_twin_shock_imf_bailout,indonesia,USDC
218,0.7946404050212496,241992871792.58826,327,S5_twin_shock_imf_bailout,indonesia,USDC
219,0.7949453772573937,235710891567.1352,327,S5_twin_shock_imf_bailout,indonesia,USDC
220,0.8019523201625014,229630596973.34717,327,S5_twin_shock_imf_bailout,indonesia,USDC
221,0.8078310992228019,223734239149.1334,327,S5_twin_shock_imf_bailout,indonesia,USDC
222,0.8000281247822063,218018788652.39954,327,S5_twin_shock_imf_bailout,indonesia,USDC
223,0.8012283042428742,212463013748.15103,327,S5_twin_shock_imf_bailout,indonesia,USDC
224,0.7788799469638426,207062273507.73492,327,S5_twin_shock_imf_bailout,indonesia,USDC
225,0.7426793565275662,201801636149.28467,327,S5_twin_shock_imf_bailout,indonesia,USDC
226,0.7712259598755449,196672236150.88126,327,S5_twin_shock_imf_bailout,indonesia,USDC
227,0.7751341458799981,191701103279.71423,327,S5_twin_shock_imf_bailout,indonesia,USDC
228,0.7818309884230492,186864121641.22595,327,S5_twin_shock_imf_bailout,indonesia,USDC
229,0.7787021775840155,182159538736.92407,327,S5_twin_shock_imf_bailout,indonesia,USDC
230,0.7862688974088201,177578822144.42505,327,S5_twin_shock_imf_bailout,indonesia,USDC
231,0.7577324259700361,173118457689.52557,327,S5_twin_shock_imf_bailout,indonesia,USDC
232,0.7841025536908074,168769830558.12784,327,S5_twin_shock_imf_bailout,indonesia,USDC
233,0.7756799737718814,164536944659.8171,327,S5_twin_shock_imf_bailout,indonesia,USDC
234,0.7797943272979954,160411360198.8471,327,S5_twin_shock_imf_bailout,indonesia,USDC
235,0.7607274069429323,156391512951.28503,327,S5_twin_shock_imf_bailout,indonesia,USDC
236,0.7837402824891264,152473548642.91855,327,S5_twin_shock_imf_bailout,indonesia,USDC
237,0.7813124032952895,148655677873.61832,327,S5_twin_shock_imf_bailout,indonesia,USDC
238,0.7829005574181496,144934331761.67978,327,S5_twin_shock_imf_bailout,indonesia,USDC
239,0.7766832859855514,141307151669.39902,327,S5_twin_shock_imf_bailout,indonesia,USDC
240,0.7605196705654097,137771171634.89337,327,S5_twin_shock_imf_bailout,indonesia,USDC
241,0.7774768290024598,134324003273.73398,327,S5_twin_shock_imf_bailout,indonesia,USDC
242,0.7854614996781796,130963756916.66077,327,S5_twin_shock_imf_bailout,indonesia,USDC
243,0.8046402742312075,127688006830.07065,327,S5_twin_shock_imf_bailout,indonesia,USDC
244,0.7924879850466668,124494624394.80878,327,S5_twin_shock_imf_bailout,indonesia,USDC
245,0.8054046613048637,121381175289.98099,327,S5_twin_shock_imf_bailout,indonesia,USDC
246,0.7985221926323268,118345822398.10869,327,S5_twin_shock_imf_bailout,indonesia,USDC
247,0.790492398972676,115386461541.62334,327,S5_twin_shock_imf_bailout,indonesia,USDC
248,0.7891137342506968,112501180217.75095,327,S5_twin_shock_imf_bailout,indonesia,USDC
249,0.8002698337316475,109688159846.23654,327,S5_twin_shock_imf_bailout,indonesia,USDC
250,0.7978731394955741,106945560549.3657,327,S5_twin_shock_imf_bailout,indonesia,USDC
251,0.7927835706273331,104271582776.70416,327,S5_twin_shock_imf_bailout,indonesia,USDC
252,0.7907291210990642,101664511646.86835,327,S5_twin_shock_imf_bailout,indonesia,USDC
253,0.7987270376921618,99122674582.89833,327,S5_twin_shock_imf_bailout,indonesia,USDC
254,0.8064827949088781,96644427275.96025,327,S5_twin_shock_imf_bailout,indonesia,USDC
255,0.7770636437438536,94228170374.57465,327,S5_twin_shock_imf_bailout,indonesia,USDC
256,0.7702447145001629,91872322082.48888,327,S5_twin_shock_imf_bailout,indonesia,USDC
257,0.7552061982283682,89575391757.94269,327,S5_twin_shock_imf_bailout,indonesia,USDC
258,0.7784023140274847,87335904604.66829,327,S5_twin_shock_imf_bailout,indonesia,USDC
259,0.7671958568394295,85152438296.71591,327,S5_twin_shock_imf_bailout,indonesia,USDC
260,0.7834942484625719,83023568132.99002,327,S5_twin_shock_imf_bailout,indonesia,USDC
261,0.7837705048875363,80947934349.46124,327,S5_twin_shock_imf_bailout,indonesia,USDC
262,0.776269496200021,78924199002.54422,327,S5_twin_shock_imf_bailout,indonesia,USDC
263,0.7892378809505131,76951062142.09541,327,S5_twin_shock_imf_bailout,indonesia,USDC
264,0.7857134330938096,75027261779.50378,327,S5_twin_shock_imf_bailout,indonesia,USDC
265,0.6517889616651051,73151561229.55817,327,S5_twin_shock_imf_bailout,indonesia,USDC
266,0.6576299753992281,71322744862.6828,327,S5_twin_shock_imf_bailout,indonesia,USDC
267,0.5799809411607328,69539657688.04816,327,S5_twin_shock_imf_bailout,indonesia,USDC
268,0.5944569349366067,67801151111.15095,327,S5_twin_shock_imf_bailout,indonesia,USDC
269,0.6333603179760732,66106113570.78589,327,S5_twin_shock_imf_bailout,indonesia,USDC
270,0.6542290716703826,64453455469.40967,327,S5_twin_shock_imf_bailout,indonesia,USDC
271,0.6597745101145591,62842115859.78363,327,S5_twin_shock_imf_bailout,indonesia,USDC
272,0.7021427347672998,61271060865.63998,327,S5_twin_shock_imf_bailout,indonesia,USDC
273,0.6949011600308564,59739283079.35707,327,S5_twin_shock_imf_bailout,indonesia,USDC
274,0.7077320038029349,58245800078.62759,327,S5_twin_shock_imf_bailout,indonesia,USDC
275,0.7300679335316261,56789654430.10359,327,S5_twin_shock_imf_bailout,indonesia,USDC
276,0.7268537940252453,55369912637.784454,327,S5_twin_shock_imf_bailout,indonesia,USDC
277,0.7122624959439925,53985664511.16025,327,S5_twin_shock_imf_bailout,indonesia,USDC
278,0.7052183874035323,52636022636.76361,327,S5_twin_shock_imf_bailout,indonesia,USDC
279,0.7028369623307852,51320121868.60644,327,S5_twin_shock_imf_bailout,indonesia,USDC
280,0.6976487629907469,50037118673.535866,327,S5_twin_shock_imf_bailout,indonesia,USDC
281,0.7169880834946227,48786190601.06296,327,S5_twin_shock_imf_bailout,indonesia,USDC
282,0.7295404277091825,47566535765.941605,327,S5_twin_shock_imf_bailout,indonesia,USDC
283,0.7435979938748429,46377372320.61768,327,S5_twin_shock_imf_bailout,indonesia,USDC
284,0.7411577849010679,45217937975.92993,327,S5_twin_shock_imf_bailout,indonesia,USDC
285,0.7511031151660791,44087489496.63881,327,S5_twin_shock_imf_bailout,indonesia,USDC
286,0.7683475032712033,42985302237.37492,327,S5_twin_shock_imf_bailout,indonesia,USDC
287,0.76777982439151,41910669666.46484,327,S5_twin_shock_imf_bailout,indonesia,USDC
288,0.7600360487489484,40862902912.787544,327,S5_twin_shock_imf_bailout,indonesia,USDC
289,0.7461189782823233,39841330329.58317,327,S5_twin_shock_imf_bailout,indonesia,USDC
290,0.7447838389073439,38845297063.15935,327,S5_twin_shock_imf_bailout,indonesia,USDC
291,0.7497713832687664,37874164630.01053,327,S5_twin_shock_imf_bailout,indonesia,USDC
292,0.7215123273385536,36927310509.36995,327,S5_twin_shock_imf_bailout,indonesia,USDC
293,0.7174516399895245,36004127742.29591,327,S5_twin_shock_imf_bailout,indonesia,USDC
294,0.740146150924861,35104024545.3236,327,S5_twin_shock_imf_bailout,indonesia,USDC
295,0.751321017003354,34226423929.318703,327,S5_twin_shock_imf_bailout,indonesia,USDC
296,0.7445574828052902,33370763329.388023,327,S5_twin_shock_imf_bailout,indonesia,USDC
297,0.7398693445494513,32536494244.730408,327,S5_twin_shock_imf_bailout,indonesia,USDC
298,0.7486334891738279,31723081887.51899,327,S5_twin_shock_imf_bailout,indonesia,USDC
299,0.7433763528004798,30930004839.523445,327,S5_twin_shock_imf_bailout,indonesia,USDC
300,0.7452117751469386,30156754717.91852,327,S5_twin_shock_imf_bailout,indonesia,USDC
301,0.7543330610501728,29402835849.484035,327,S5_twin_shock_imf_bailout,indonesia,USDC
302,0.7319645916204345,28667764952.88439,327,S5_twin_shock_imf_bailout,indonesia,USDC
303,0.7513160313482146,27951070828.747627,327,S5_twin_shock_imf_bailout,indonesia,USDC
304,0.7713361270435654,27252294057.80825,327,S5_twin_shock_imf_bailout,indonesia,USDC
305,0.7751839878443779,26570986706.199726,327,S5_twin_shock_imf_bailout,indonesia,USDC
306,0.7703641246909162,25906712038.41999,327,S5_twin_shock_imf_bailout,indonesia,USDC
307,0.7874310786304447,25259044237.356617,327,S5_twin_shock_imf_bailout,indonesia,USDC
308,0.7920662638709827,24627568131.347786,327,S5_twin_shock_imf_bailout,indonesia,USDC
309,0.7807485147146551,24011878928.00327,327,S5_twin_shock_imf_bailout,indonesia,USDC
310,0.8057404244505084,23411581954.751324,327,S5_twin_shock_imf_bailout,indonesia,USDC
311,0.7880061467359498,22826292405.84688,327,S5_twin_shock_imf_bailout,indonesia,USDC
312,0.789027493338943,22255635095.668335,327,S5_twin_shock_imf_bailout,indonesia,USDC
313,0.8005103496161207,21699244218.248486,327,S5_twin_shock_imf_bailout,indonesia,USDC
314,0.76610575665705,21156763112.772095,327,S5_twin_shock_imf_bailout,indonesia,USDC
315,0.7500420668566137,20627844034.93248,327,S5_twin_shock_imf_bailout,indonesia,USDC
316,0.738712758705967,20112147934.041584,327,S5_twin_shock_imf_bailout,indonesia,USDC
317,0.7339580652016381,19609344235.67572,327,S5_twin_shock_imf_bailout,indonesia,USDC
318,0.762084341429356,19119110629.771927,327,S5_twin_shock_imf_bailout,indonesia,USDC
319,0.7688893785694358,18641132864.0195,327,S5_twin_shock_imf_bailout,indonesia,USDC
320,0.77488332267573,18175104542.413197,327,S5_twin_shock_imf_bailout,indonesia,USDC
321,0.7839226032104194,17720726928.848225,327,S5_twin_shock_imf_bailout,indonesia,USDC
322,0.7844450114835755,17277708755.62345,327,S5_twin_shock_imf_bailout,indonesia,USDC
323,0.7949309391646294,16845766036.72985,327,S5_twin_shock_imf_bailout,indonesia,USDC
324,0.8035868289856627,16424621885.80935,327,S5_twin_shock_imf_bailout,indonesia,USDC
325,0.8247990626159456,16014006338.662317,327,S5_twin_shock_imf_bailout,indonesia,USDC
326,0.8253290895241384,15613656180.194511,327,S5_twin_shock_imf_bailout,indonesia,USDC
327,0.8284229237957605,15223314775.68854,327,S5_twin_shock_imf_bailout,indonesia,USDC
328,0.8138342102099722,14842731906.29546,327,S5_twin_shock_imf_bailout,indonesia,USDC
329,0.8115615015294649,14471663608.63723,327,S5_twin_shock_imf_bailout,indonesia,USDC
330,0.7973472656721657,14109872018.420546,327,S5_twin_shock_imf_bailout,indonesia,USDC
331,0.803035517360448,13757125217.959358,327,S5_twin_shock_imf_bailout,indonesia,USDC
332,0.7982324452997935,13413197087.509823,327,S5_twin_shock_imf_bailout,indonesia,USDC
333,0.794379454321973,13077867160.32163,327,S5_twin_shock_imf_bailout,indonesia,USDC
334,0.7961595601056288,12750920481.313192,327,S5_twin_shock_imf_bailout,indonesia,USDC
335,0.7835640789234999,12432147469.28006,327,S5_twin_shock_imf_bailout,indonesia,USDC
336,0.7765428416837068,12121343782.547771,327,S5_twin_shock_imf_bailout,indonesia,USDC
337,0.785433466775982,11818310187.983852,327,S5_twin_shock_imf_bailout,indonesia,USDC
338,0.798265785289497,11522852433.28407,327,S5_twin_shock_imf_bailout,indonesia,USDC
339,0.7754543880039154,11234781122.451832,327,S5_twin_shock_imf_bailout,indonesia,USDC
340,0.7513202854092739,10953911594.39041,327,S5_twin_shock_imf_bailout,indonesia,USDC
341,0.7344630198793148,10680063804.530533,327,S5_twin_shock_imf_bailout,indonesia,USDC
342,0.7130392579568415,10413062209.417171,327,S5_twin_shock_imf_bailout,indonesia,USDC
343,0.7059405602075797,10152735654.181664,327,S5_twin_shock_imf_bailout,indonesia,USDC
344,0.6966140149756993,9898917262.827059,327,S5_twin_shock_imf_bailout,indonesia,USDC
345,0.7057518836885582,9651444331.256332,327,S5_twin_shock_imf_bailout,indonesia,USDC
346,0.7111065840387005,9410158222.974892,327,S5_twin_shock_imf_bailout,indonesia,USDC
347,0.7291229808680593,9174904267.400496,327,S5_twin_shock_imf_bailout,indonesia,USDC
348,0.7332385782265665,8945531660.715466,327,S5_twin_shock_imf_bailout,indonesia,USDC
349,0.7213608571573884,8721893369.197567,327,S5_twin_shock_imf_bailout,indonesia,USDC
350,0.7276614140120273,8503846034.967617,327,S5_twin_shock_imf_bailout,indonesia,USDC
351,0.7575396149145849,8291249884.09342,327,S5_twin_shock_imf_bailout,indonesia,USDC
352,0.7710839912603298,8083968636.991079,327,S5_twin_shock_imf_bailout,indonesia,USDC
353,0.7529154053371967,7881869421.0662985,327,S5_twin_shock_imf_bailout,indonesia,USDC
354,0.7442909631980733,7684822685.539638,327,S5_twin_shock_imf_bailout,indonesia,USDC
355,0.7469013609387692,7492702118.401144,327,S5_twin_shock_imf_bailout,indonesia,USDC
356,0.7578671201391305,7305384565.441113,327,S5_twin_shock_imf_bailout,indonesia,USDC
357,0.754798998923605,7122749951.305084,327,S5_twin_shock_imf_bailout,indonesia,USDC
358,0.7069468081145063,6944681202.522456,327,S5_twin_shock_imf_bailout,indonesia,USDC
359,0.7123895818897579,6771064172.459394,327,S5_twin_shock_imf_bailout,indonesia,USDC
360,0.7240663949376187,6601787568.147908,327,S5_twin_shock_imf_bailout,indonesia,USDC
361,0.7016737086522012,6436742878.94421,327,S5_twin_shock_imf_bailout,indonesia,USDC
362,0.694985174672953,6275824306.970605,327,S5_twin_shock_imf_bailout,indonesia,USDC
363,0.7134893131009205,6118928699.296339,327,S5_twin_shock_imf_bailout,indonesia,USDC
364,0.7125286785880864,5965955481.8139305,327,S5_twin_shock_imf_bailout,indonesia,USDC
365,0.7195792231269021,5816806594.768582,327,S5_twin_shock_imf_bailout,indonesia,USDC
366,0.7282939677143705,5671386429.899368,327,S5_twin_shock_imf_bailout,indonesia,USDC
367,0.7327066037032489,5529601769.151884,327,S5_twin_shock_imf_bailout,indonesia,USDC
368,0.7531376596922389,5391361724.923086,327,S5_twin_shock_imf_bailout,indonesia,USDC
369,0.7580721975466541,5256577681.80001,327,S5_twin_shock_imf_bailout,indonesia,USDC
370,0.7461492896330757,5125163239.755009,327,S5_twin_shock_imf_bailout,indonesia,USDC
371,0.7324356674259058,4997034158.761133,327,S5_twin_shock_imf_bailout,indonesia,USDC
372,0.7311102501645137,4872108304.792105,327,S5_twin_shock_imf_bailout,indonesia,USDC
373,0.7454063685251205,4750305597.172302,327,S5_twin_shock_imf_bailout,indonesia,USDC
374,0.7588923885985166,4631547957.242995,327,S5_twin_shock_imf_bailout,indonesia,USDC
375,0.7919574128932676,4515759258.31192,327,S5_twin_shock_imf_bailout,indonesia,USDC
376,0.7906005300596087,4402865276.854122,327,S5_twin_shock_imf_bailout,indonesia,USDC
377,0.8108259765828779,4292793644.932769,327,S5_twin_shock_imf_bailout,indonesia,USDC
378,0.8084592334768239,4185473803.809449,327,S5_twin_shock_imf_bailout,indonesia,USDC
379,0.7939088257601228,4080836958.7142134,327,S5_twin_shock_imf_bailout,indonesia,USDC
380,0.8122159976324207,3978816034.746358,327,S5_twin_shock_imf_bailout,indonesia,USDC
381,0.8147642459703056,3879345633.877699,327,S5_twin_shock_imf_bailout,indonesia,USDC
382,0.8012876323054484,3782361993.030757,327,S5_twin_shock_imf_bailout,indonesia,USDC
383,0.8046021304988521,3687802943.2049875,327,S5_twin_shock_imf_bailout,indonesia,USDC
384,0.8029863389511482,3595607869.624863,327,S5_twin_shock_imf_bailout,indonesia,USDC
385,0.7939237637851438,3505717672.8842416,327,S5_twin_shock_imf_bailout,indonesia,USDC
386,0.7795005341383051,3418074731.0621357,327,S5_twin_shock_imf_bailout,indonesia,USDC
387,0.7909222231752339,3332622862.7855825,327,S5_twin_shock_imf_bailout,indonesia,USDC
388,0.7659460959730049,3249307291.2159424,327,S5_twin_shock_imf_bailout,indonesia,USDC
389,0.7596819958830768,3168074608.935544,327,S5_twin_shock_imf_bailout,indonesia,USDC
390,0.7651310323287288,3088872743.712155,327,S5_twin_shock_imf_bailout,indonesia,USDC
391,0.773653302522651,3011650925.1193514,327,S5_twin_shock_imf_bailout,indonesia,USDC
392,0.7432685061446945,2936359651.9913673,327,S5_twin_shock_imf_bailout,indonesia,USDC
393,0.7649490584918403,2862950660.691583,327,S5_twin_shock_imf_bailout,indonesia,USDC
394,0.7664209897563692,2791376894.1742935,327,S5_twin_shock_imf_bailout,indonesia,USDC
395,0.7824570136091917,2721592471.8199363,327,S5_twin_shock_imf_bailout,indonesia,USDC
396,0.7740025588941534,2653552660.024438,327,S5_twin_shock_imf_bailout,indonesia,USDC
397,0.7515597429350519,2587213843.5238266,327,S5_twin_shock_imf_bailout,indonesia,USDC
398,0.7671768439528737,2522533497.435731,327,S5_twin_shock_imf_bailout,indonesia,USDC
399,0.7579361040497101,2459470159.999838,327,S5_twin_shock_imf_bailout,indonesia,USDC
400,0.7488456908766716,2397983405.9998417,327,S5_twin_shock_imf_bailout,indonesia,USDC
401,0.7582363617680323,2338033820.849846,327,S5_twin_shock_imf_bailout,indonesia,USDC
402,0.7782991120160038,2279582975.3286,327,S5_twin_shock_imf_bailout,indonesia,USDC
403,0.7595538505637759,2222593400.945385,327,S5_twin_shock_imf_bailout,indonesia,USDC
404,0.7619099998273884,2167028565.92175,327,S5_twin_shock_imf_bailout,indonesia,USDC
405,0.7462960856246595,2112852851.7737064,327,S5_twin_shock_imf_bailout,indonesia,USDC
406,0.7612635313698797,2060031530.479364,327,S5_twin_shock_imf_bailout,indonesia,USDC
407,0.7652022209350661,2008530742.2173798,327,S5_twin_shock_imf_bailout,indonesia,USDC
408,0.7649170577783673,1958317473.6619453,327,S5_twin_shock_imf_bailout,indonesia,USDC
409,0.7689113719322622,1909359536.8203964,327,S5_twin_shock_imf_bailout,indonesia,USDC
410,0.8156584944913847,1861625548.3998866,327,S5_twin_shock_imf_bailout,indonesia,USDC
411,0.802832925065813,1815084909.6898894,327,S5_twin_shock_imf_bailout,indonesia,USDC
412,0.8133962775861264,1769707786.947642,327,S5_twin_shock_imf_bailout,indonesia,USDC
413,0.8231830863039037,1725465092.273951,327,S5_twin_shock_imf_bailout,indonesia,USDC
414,0.8150525059640978,1682328464.9671025,327,S5_twin_shock_imf_bailout,indonesia,USDC
415,0.783687643571933,1640270253.3429246,327,S5_twin_shock_imf_bailout,indonesia,USDC
416,0.7769436133051606,1599263497.0093515,327,S5_twin_shock_imf_bailout,indonesia,USDC
417,0.7739466328036444,1559281909.584118,327,S5_twin_shock_imf_bailout,indonesia,USDC
418,0.8032711442722619,1520299861.8445148,327,S5_twin_shock_imf_bailout,indonesia,USDC
419,0.7990046652500143,1482292365.2984018,327,S5_twin_shock_imf_bailout,indonesia,USDC
420,0.8005725443389992,1445235056.165942,327,S5_twin_shock_imf_bailout,indonesia,USDC
421,0.817675871143894,1409104179.7617934,327,S5_twin_shock_imf_bailout,indonesia,USDC
422,0.8333239065347978,1373876575.2677484,327,S5_twin_shock_imf_bailout,indonesia,USDC
423,0.8739940764807905,1339529660.8860548,327,S5_twin_shock_imf_bailout,indonesia,USDC
424,0.8744187266968125,1306041419.3639033,327,S5_twin_shock_imf_bailout,indonesia,USDC
425,0.8706254218933059,1273390383.8798058,327,S5_twin_shock_imf_bailout,indonesia,USDC
426,0.8682797508012494,1241555624.2828107,327,S5_twin_shock_imf_bailout,indonesia,USDC
427,0.8587696796329248,1210516733.6757402,327,S5_twin_shock_imf_bailout,indonesia,USDC
428,0.8327467411709963,1180253815.3338468,327,S5_twin_shock_imf_bailout,indonesia,USDC
429,0.8224612061640534,1150747469.9505005,327,S5_twin_shock_imf_bailout,indonesia,USDC
430,0.8054074109530882,1121978783.201738,327,S5_twin_shock_imf_bailout,indonesia,USDC
431,0.8019824519632216,1093929313.6216948,327,S5_twin_shock_imf_bailout,indonesia,USDC
432,0.8273165324966614,1066581080.7811524,327,S5_twin_shock_imf_bailout,indonesia,USDC
433,0.8523679907342558,1039916553.7616236,327,S5_twin_shock_imf_bailout,indonesia,USDC
434,0.8519795549447384,1013918639.9175829,327,S5_twin_shock_imf_bailout,indonesia,USDC
435,0.8304598253523073,988570673.9196434,327,S5_twin_shock_imf_bailout,indonesia,USDC
436,0.8116080723301692,963856407.0716523,327,S5_twin_shock_imf_bailout,indonesia,USDC
437,0.8116314845461667,939759996.894861,327,S5_twin_shock_imf_bailout,indonesia,USDC
438,0.802951515657686,916265996.9724895,327,S5_twin_shock_imf_bailout,indonesia,USDC
439,0.8008116156147147,893359347.0481772,327,S5_twin_shock_imf_bailout,indonesia,USDC
440,0.8155430000894504,871025363.3719728,327,S5_twin_shock_imf_bailout,indonesia,USDC
441,0.8349392386214541,849249729.2876735,327,S5_twin_shock_imf_bailout,indonesia,USDC
442,0.8582298456887699,828018486.0554817,327,S5_twin_shock_imf_bailout,indonesia,USDC
443,0.8336633994875309,807318023.9040947,327,S5_twin_shock_imf_bailout,indonesia,USDC
444,0.8222393553060968,787135073.3064923,327,S5_twin_shock_imf_bailout,indonesia,USDC
445,0.8283876821656333,767456696.47383,327,S5_twin_shock_imf_bailout,indonesia,USDC
446,0.8512613863192183,748270279.0619843,327,S5_twin_shock_imf_bailout,indonesia,USDC
447,0.8257049407766603,729563522.0854346,327,S5_twin_shock_imf_bailout,indonesia,USDC
448,0.8194711756646693,711324434.0332987,327,S5_twin_shock_imf_bailout,indonesia,USDC
449,0.8301999438195127,693541323.1824663,327,S5_twin_shock_imf_bailout,indonesia,USDC
450,0.7904196274206278,676202790.1029046,327,S5_twin_shock_imf_bailout,indonesia,USDC
451,0.6854520622665214,659297720.350332,327,S5_twin_shock_imf_bailout,indonesia,USDC
452,0.6994679206056134,642815277.3415737,327,S5_twin_shock_imf_bailout,indonesia,USDC
453,0.7283182613296884,626744895.4080344,327,S5_twin_shock_imf_bailout,indonesia,USDC
454,0.7204660612950131,611076273.0228336,327,S5_twin_shock_imf_bailout,indonesia,USDC
455,0.7180408489129217,595799366.1972628,327,S5_twin_shock_imf_bailout,indonesia,USDC
456,0.7227402168235915,580904382.0423311,327,S5_twin_shock_imf_bailout,indonesia,USDC
457,0.7525438416317062,566381772.4912729,327,S5_twin_shock_imf_bailout,indonesia,USDC
458,0.7738927351464924,552222228.1789911,327,S5_twin_shock_imf_bailout,indonesia,USDC
459,0.7856736429970996,538416672.4745163,327,S5_twin_shock_imf_bailout,indonesia,USDC
460,0.8154213164826639,524956255.6626534,327,S5_twin_shock_imf_bailout,indonesia,USDC
461,0.7846439920687031,511832349.27108705,327,S5_twin_shock_imf_bailout,indonesia,USDC
462,0.7889568112351659,499036540.5393099,327,S5_twin_shock_imf_bailout,indonesia,USDC
463,0.7846064249089163,486560627.02582717,327,S5_twin_shock_imf_bailout,indonesia,USDC
464,0.7844034436375916,474396611.35018146,327,S5_twin_shock_imf_bailout,indonesia,USDC
465,0.81166139012753,462536696.06642693,327,S5_twin_shock_imf_bailout,indonesia,USDC
466,0.8062796203688534,450973278.66476625,327,S5_twin_shock_imf_bailout,indonesia,USDC
467,0.8203145387428576,439698946.69814706,327,S5_twin_shock_imf_bailout,indonesia,USDC
468,0.8349997693616642,428706473.0306934,327,S5_twin_shock_imf_bailout,indonesia,USDC
469,0.8167257280200123,417988811.204926,327,S5_twin_shock_imf_bailout,indonesia,USDC
470,0.7804771424774147,407539090.9248029,327,S5_twin_shock_imf_bailout,indonesia,USDC
471,0.7833735632775398,397350613.65168285,327,S5_twin_shock_imf_bailout,indonesia,USDC
472,0.7782854336170028,387416848.31039083,327,S5_twin_shock_imf_bailout,indonesia,USDC
473,0.7950748380854787,377731427.102631,327,S5_twin_shock_imf_bailout,indonesia,USDC
474,0.8067985036656369,368288141.4250652,327,S5_twin_shock_imf_bailout,indonesia,USDC
475,0.830565373425593,359080937.8894386,327,S5_twin_shock_imf_bailout,indonesia,USDC
476,0.8121019651369579,350103914.4422027,327,S5_twin_shock_imf_bailout,indonesia,USDC
477,0.7997216956392447,341351316.5811476,327,S5_twin_shock_imf_bailout,indonesia,USDC
478,0.7812667049581942,332817533.6666189,327,S5_twin_shock_imf_bailout,indonesia,USDC
479,0.7567371438544378,324497095.32495344,327,S5_twin_shock_imf_bailout,indonesia,USDC
480,0.6666873687663069,316384667.94182956,327,S5_twin_shock_imf_bailout,indonesia,USDC
481,0.680614334798195,308475051.2432838,327,S5_twin_shock_imf_bailout,indonesia,USDC
482,0.701120488443782,300763174.9622017,327,S5_twin_shock_imf_bailout,indonesia,USDC
483,0.7187083369013841,293244095.5881467,327,S5_twin_shock_imf_bailout,indonesia,USDC
484,0.6911224327585458,285912993.19844306,327,S5_twin_shock_imf_bailout,indonesia,USDC
485,0.7133407494411852,278765168.36848193,327,S5_twin_shock_imf_bailout,indonesia,USDC
486,0.7302234521174723,271796039.15926987,327,S5_twin_shock_imf_bailout,indonesia,USDC
487,0.7273402534785155,265001138.18028814,327,S5_twin_shock_imf_bailout,indonesia,USDC
488,0.7499050579784375,258376109.72578096,327,S5_twin_shock_imf_bailout,indonesia,USDC
489,0.7598704205336728,251916706.98263645,327,S5_twin_shock_imf_bailout,indonesia,USDC
490,0.7922162820368339,245618789.30807054,327,S5_twin_shock_imf_bailout,indonesia,USDC
491,0.7806619749849434,239478319.57536876,327,S5_twin_shock_imf_bailout,indonesia,USDC
492,0.7721620488138181,233491361.5859846,327,S5_twin_shock_imf_bailout,indonesia,USDC
493,0.7822444221414676,227654077.54633498,327,S5_twin_shock_imf_bailout,indonesia,USDC
494,0.7808670336898488,221962725.6076766,327,S5_twin_shock_imf_bailout,indonesia,USDC
495,0.7891303808146471,216413657.46748465,327,S5_twin_shock_imf_bailout,indonesia,USDC
496,0.7903776280587845,211003316.03079754,327,S5_twin_shock_imf_bailout,indonesia,USDC
497,0.7840462267472786,205728233.13002762,327,S5_twin_shock_imf_bailout,indonesia,USDC
498,0.8050171149187582,200585027.30177692,327,S5_twin_shock_imf_bailout,indonesia,USDC
499,0.7924403029867637,195570401.6192325,327,S5_twin_shock_imf_bailout,indonesia,USDC
500,0.7704204818174607,190681141.57875168,327,S5_twin_shock_imf_bailout,indonesia,USDC
501,0.7506821927709276,185914113.0392829,327,S5_twin_shock_imf_bailout,indonesia,USDC
502,0.7586903270036949,181266260.21330082,327,S5_twin_shock_imf_bailout,indonesia,USDC
503,0.7581354814916557,176734603.7079683,327,S5_twin_shock_imf_bailout,indonesia,USDC
504,0.73949730079325,172316238.61526906,327,S5_twin_shock_imf_bailout,indonesia,USDC
505,0.7409686295240349,168008332.64988738,327,S5_twin_shock_imf_bailout,indonesia,USDC
506,0.7228596602056796,163808124.33364016,327,S5_twin_shock_imf_bailout,indonesia,USDC
507,0.7394246156716312,159712921.22529918,327,S5_twin_shock_imf_bailout,indonesia,USDC
508,0.7480579992328076,155720098.19466668,327,S5_twin_shock_imf_bailout,indonesia,USDC
509,0.7608576603932476,151827095.73980004,327,S5_twin_shock_imf_bailout,indonesia,USDC
510,0.7687731838330049,148031418.34630504,327,S5_twin_shock_imf_bailout,indonesia,USDC
511,0.7955360397764547,144330632.8876474,327,S5_twin_shock_imf_bailout,indonesia,USDC
512,0.8006996348267733,140722367.0654562,327,S5_twin_shock_imf_bailout,indonesia,USDC
513,0.8003263997037352,137204307.8888198,327,S5_twin_shock_imf_bailout,indonesia,USDC
514,0.8243432390209338,133774200.19159931,327,S5_twin_shock_imf_bailout,indonesia,USDC
515,0.8370934923103188,130429845.18680933,327,S5_twin_shock_imf_bailout,indonesia,USDC
516,0.85719991448305,127169099.0571391,327,S5_twin_shock_imf_bailout,indonesia,USDC
517,0.8433431927775971,123989871.5807106,327,S5_twin_shock_imf_bailout,indonesia,USDC
518,0.8246344576774148,120890124.79119283,327,S5_twin_shock_imf_bailout,indonesia,USDC
519,0.7882896345603274,117867871.67141302,327,S5_twin_shock_imf_bailout,indonesia,USDC
520,0.7774608932451398,114921174.8796277,327,S5_twin_shock_imf_bailout,indonesia,USDC
521,0.7675051569153925,112048145.50763702,327,S5_twin_shock_imf_bailout,indonesia,USDC
522,0.7751971942357461,109246941.86994609,327,S5_twin_shock_imf_bailout,indonesia,USDC
523,0.7795337349859071,106515768.32319742,327,S5_twin_shock_imf_bailout,indonesia,USDC
524,0.7755020712297033,103852874.1151175,327,S5_twin_shock_imf_bailout,indonesia,USDC
525,0.7658906153414652,101256552.26223956,327,S5_twin_shock_imf_bailout,indonesia,USDC
526,0.7653570661318815,98725138.45568357,327,S5_twin_shock_imf_bailout,indonesia,USDC
527,0.7530779374348614,96257009.99429148,327,S5_twin_shock_imf_bailout,indonesia,USDC
528,0.7929813075432212,93850584.7444342,327,S5_twin_shock_imf_bailout,indonesia,USDC
529,0.7983491954133862,91504320.12582335,327,S5_twin_shock_imf_bailout,indonesia,USDC
530,0.7887064408795628,89216712.12267776,327,S5_twin_shock_imf_bailout,indonesia,USDC
531,0.7997613658403908,86986294.31961082,327,S5_twin_shock_imf_bailout,indonesia,USDC
532,0.7981886941887395,84811636.96162054,327,S5_twin_shock_imf_bailout,indonesia,USDC
533,0.7772495726191457,82691346.03758003,327,S5_twin_shock_imf_bailout,indonesia,USDC
534,0.7677405709209744,80624062.38664053,327,S5_twin_shock_imf_bailout,indonesia,USDC
535,0.7904311942653878,78608460.82697451,327,S5_twin_shock_imf_bailout,indonesia,USDC
536,0.770195514941427,76643249.30630015,327,S5_twin_shock_imf_bailout,indonesia,USDC
537,0.779729976364655,74727168.07364264,327,S5_twin_shock_imf_bailout,indonesia,USDC
538,0.7781040866693716,72858988.87180158,327,S5_twin_shock_imf_bailout,indonesia,USDC
539,0.7865741157465225,71037514.15000653,327,S5_twin_shock_imf_bailout,indonesia,USDC
540,0.762157571338202,69261576.29625638,327,S5_twin_shock_imf_bailout,indonesia,USDC
541,0.7614180597451756,67530036.88884997,327,S5_twin_shock_imf_bailout,indonesia,USDC
542,0.7637992365685219,65841785.966628715,327,S5_twin_shock_imf_bailout,indonesia,USDC
543,0.7537121586333229,64195741.317462996,327,S5_twin_shock_imf_bailout,indonesia,USDC
544,0.762766533599065,62590847.78452642,327,S5_twin_shock_imf_bailout,indonesia,USDC
545,0.7845058429934193,61026076.589913264,327,S5_twin_shock_imf_bailout,indonesia,USDC
546,0.8075234886468777,59500424.67516543,327,S5_twin_shock_imf_bailout,indonesia,USDC
547,0.7925787767838117,58012914.058286294,327,S5_twin_shock_imf_bailout,indonesia,USDC
548,0.7637782620006379,56562591.206829146,327,S5_twin_shock_imf_bailout,indonesia,USDC
549,0.770309185347085,55148526.42665841,327,S5_twin_shock_imf_bailout,indonesia,USDC
550,0.7874454472470818,53769813.265991956,327,S5_twin_shock_imf_bailout,indonesia,USDC
551,0.8007895729580318,52425567.93434215,327,S5_twin_shock_imf_bailout,indonesia,USDC
552,0.8255089937566452,51114928.735983595,327,S5_twin_shock_imf_bailout,indonesia,USDC
553,0.8307659965022284,49837055.51758401,327,S5_twin_shock_imf_bailout,indonesia,USDC
554,0.836345108330475,48591129.12964441,327,S5_twin_shock_imf_bailout,indonesia,USDC
555,0.8366466557477263,47376350.90140329,327,S5_twin_shock_imf_bailout,indonesia,USDC
556,0.8209038710487812,46191942.128868215,327,S5_twin_shock_imf_bailout,indonesia,USDC
557,0.802004165011286,45037143.57564651,327,S5_twin_shock_imf_bailout,indonesia,USDC
558,0.7767257090020988,43911214.98625535,327,S5_twin_shock_imf_bailout,indonesia,USDC
559,0.7784933457568974,42813434.61159897,327,S5_twin_shock_imf_bailout,indonesia,USDC
560,0.7788641893131104,41743098.74630899,327,S5_twin_shock_imf_bailout,indonesia,USDC
561,0.7896521911857353,40699521.277651265,327,S5_twin_shock_imf_bailout,indonesia,USDC
562,0.785720729286842,39682033.245709985,327,S5_twin_shock_imf_bailout,indonesia,USDC
563,0.8165529470995782,38689982.41456723,327,S5_twin_shock_imf_bailout,indonesia,USDC
564,0.7962187091809776,37722732.85420305,327,S5_twin_shock_imf_bailout,indonesia,USDC
565,0.8017367269426335,36779664.53284798,327,S5_twin_shock_imf_bailout,indonesia,USDC
566,0.8114920480709752,35860172.919526786,327,S5_twin_shock_imf_bailout,indonesia,USDC
567,0.777099403370964,34963668.59653861,327,S5_twin_shock_imf_bailout,indonesia,USDC
568,0.7809961206081418,34089576.881625146,327,S5_twin_shock_imf_bailout,indonesia,USDC
569,0.7725085860800132,33237337.45958452,327,S5_twin_shock_imf_bailout,indonesia,USDC
570,0.7554328426803623,32406404.023094907,327,S5_twin_shock_imf_bailout,indonesia,USDC
571,0.7663224000437457,31596243.922517534,327,S5_twin_shock_imf_bailout,indonesia,USDC
572,0.7800449868322077,30806337.824454598,327,S5_twin_shock_imf_bailout,indonesia,USDC
573,0.7492312775234901,30036179.37884323,327,S5_twin_shock_imf_bailout,indonesia,USDC
574,0.7890412485526204,29285274.89437215,327,S5_twin_shock_imf_bailout,indonesia,USDC
575,0.7850701910531744,28553143.022012845,327,S5_twin_shock_imf_bailout,indonesia,USDC
576,0.778354460272623,27839314.446462527,327,S5_twin_shock_imf_bailout,indonesia,USDC
577,0.7609106267257524,27143331.58530096,327,S5_twin_shock_imf_bailout,indonesia,USDC
578,0.7872748635179323,26464748.295668438,327,S5_twin_shock_imf_bailout,indonesia,USDC
579,0.7938834040089451,25803129.58827673,327,S5_twin_shock_imf_bailout,indonesia,USDC
580,0.8006708479779653,25158051.34856981,327,S5_twin_shock_imf_bailout,indonesia,USDC
581,0.8158162982664557,24529100.06485556,327,S5_twin_shock_imf_bailout,indonesia,USDC
582,0.8015110754559593,23915872.563234176,327,S5_twin_shock_imf_bailout,indonesia,USDC
583,0.8238481530333719,23317975.74915332,327,S5_twin_shock_imf_bailout,indonesia,USDC
584,0.8238479374222837,22735026.355424486,327,S5_twin_shock_imf_bailout,indonesia,USDC
585,0.8186780171049943,22166650.696538877,327,S5_twin_shock_imf_bailout,indonesia,USDC
586,0.8373224078696151,21612484.429125402,327,S5_twin_shock_imf_bailout,indonesia,USDC
587,0.8578432109284543,21072172.31839727,327,S5_twin_shock_imf_bailout,indonesia,USDC
588,0.8655430564275152,20545368.01043734,327,S5_twin_shock_imf_bailout,indonesia,USDC
589,0.8577987440597318,20031733.810176406,327,S5_twin_shock_imf_bailout,indonesia,USDC
590,0.8229108377447532,19530940.464921996,327,S5_twin_shock_imf_bailout,indonesia,USDC
591,0.8097304454384828,19042666.953298945,327,S5_twin_shock_imf_bailout,indonesia,USDC
592,0.8168261089611197,18566600.279466473,327,S5_twin_shock_imf_bailout,indonesia,USDC
593,0.8294494046190368,18102435.27247981,327,S5_twin_shock_imf_bailout,indonesia,USDC
594,0.8162389024752713,17649874.390667815,327,S5_twin_shock_imf_bailout,indonesia,USDC
595,0.8190157629865077,17208627.53090112,327,S5_twin_shock_imf_bailout,indonesia,USDC
596,0.8141173120371572,16778411.84262859,327,S5_twin_shock_imf_bailout,indonesia,USDC
597,0.8038905326294898,16358951.546562877,327,S5_twin_shock_imf_bailout,indonesia,USDC
598,0.7793093263074636,15949977.757898804,327,S5_twin_shock_imf_bailout,indonesia,USDC
599,0.7871293042980101,15551228.313951332,327,S5_twin_shock_imf_bailout,indonesia,USDC
600,0.7989481068776082,15162447.606102549,327,S5_twin_shock_imf_bailout,indonesia,USDC
601,0.7953320293688182,14783386.415949985,327,S5_twin_shock_imf_bailout,indonesia,USDC
602,0.8167101555073151,14413801.755551238,327,S5_twin_shock_imf_bailout,indonesia,USDC
603,0.8210016825801653,14053456.711662456,327,S5_twin_shock_imf_bailout,indonesia,USDC
604,0.8117207156438632,13702120.293870894,327,S5_twin_shock_imf_bailout,indonesia,USDC
605,0.8318689842980853,13359567.286524123,327,S5_twin_shock_imf_bailout,indonesia,USDC
606,0.8155756332141929,13025578.10436102,327,S5_twin_shock_imf_bailout,indonesia,USDC
607,0.8113887555164115,12699938.651751993,327,S5_twin_shock_imf_bailout,indonesia,USDC
608,0.8194886627472173,12382440.185458194,327,S5_twin_shock_imf_bailout,indonesia,USDC
609,0.8044102671500852,12072879.18082174,327,S5_twin_shock_imf_bailout,indonesia,USDC
610,0.8108148468402786,11771057.201301197,327,S5_twin_shock_imf_bailout,indonesia,USDC
611,0.8373193604118564,11476780.771268666,327,S5_twin_shock_imf_bailout,indonesia,USDC
612,0.8195944758766067,11189861.251986949,327,S5_twin_shock_imf_bailout,indonesia,USDC
613,0.8261795881483215,10910114.720687276,327,S5_twin_shock_imf_bailout,indonesia,USDC
614,0.8242598071213222,10637361.852670094,327,S5_twin_shock_imf_bailout,indonesia,USDC
615,0.8454635841905487,10371427.806353342,327,S5_twin_shock_imf_bailout,indonesia,USDC
616,0.8365878797475019,10112142.111194508,327,S5_twin_shock_imf_bailout,indonesia,USDC
617,0.8226654511654479,9859338.558414645,327,S5_twin_shock_imf_bailout,indonesia,USDC
618,0.805356053347835,9612855.094454281,327,S5_twin_shock_imf_bailout,indonesia,USDC
619,0.8092335552186168,9372533.717092924,327,S5_twin_shock_imf_bailout,indonesia,USDC
620,0.8372670926183788,9138220.374165598,327,S5_twin_shock_imf_bailout,indonesia,USDC
621,0.8377120217190259,8909764.86481146,327,S5_twin_shock_imf_bailout,indonesia,USDC
622,0.8346597465044717,8687020.743191173,327,S5_twin_shock_imf_bailout,indonesia,USDC
623,0.8056549513226158,8469845.224611394,327,S5_twin_shock_imf_bailout,indonesia,USDC
624,0.7828298449415961,8258099.093996108,327,S5_twin_shock_imf_bailout,indonesia,USDC
625,0.7917126477090581,8051646.616646206,327,S5_twin_shock_imf_bailout,indonesia,USDC
626,0.8083672598099794,7850355.451230051,327,S5_twin_shock_imf_bailout,indonesia,USDC
627,0.8123271238441058,7654096.5649493,327,S5_twin_shock_imf_bailout,indonesia,USDC
628,0.8125000889762966,7462744.150825568,327,S5_twin_shock_imf_bailout,indonesia,USDC
629,0.8001708278366323,7276175.547054928,327,S5_twin_shock_imf_bailout,indonesia,USDC
630,0.8153194841432051,7094271.158378556,327,S5_twin_shock_imf_bailout,indonesia,USDC
631,0.8355290269382626,6916914.379419092,327,S5_twin_shock_imf_bailout,indonesia,USDC
632,0.8342511447459191,6743991.519933614,327,S5_twin_shock_imf_bailout,indonesia,USDC
633,0.8485666977110925,6575391.731935274,327,S5_twin_shock_imf_bailout,indonesia,USDC
634,0.8170290056891264,6411006.9386368925,327,S5_twin_shock_imf_bailout,indonesia,USDC
635,0.8315168725888232,6250731.76517097,327,S5_twin_shock_imf_bailout,indonesia,USDC
636,0.8249896047710082,6094463.471041696,327,S5_twin_shock_imf_bailout,indonesia,USDC
637,0.7084415799271613,5942101.884265654,327,S5_twin_shock_imf_bailout,indonesia,USDC
638,0.7158973486348897,5793549.337159012,327,S5_twin_shock_imf_bailout,indonesia,USDC
639,0.7024033379927938,5648710.603730037,327,S5_twin_shock_imf_bailout,indonesia,USDC
640,0.705601501037866,5507492.838636786,327,S5_twin_shock_imf_bailout,indonesia,USDC
641,0.7113927695549807,5369805.517670866,327,S5_twin_shock_imf_bailout,indonesia,USDC
642,0.7148401413447728,5235560.379729094,327,S5_twin_shock_imf_bailout,indonesia,USDC
643,0.707246049489477,5104671.370235867,327,S5_twin_shock_imf_bailout,indonesia,USDC
644,0.6983046381493752,4977054.58597997,327,S5_twin_shock_imf_bailout,indonesia,USDC
645,0.7005943118741388,4852628.221330471,327,S5_twin_shock_imf_bailout,indonesia,USDC
646,0.7111439465370514,4731312.51579721,327,S5_twin_shock_imf_bailout,indonesia,USDC
647,0.72643552824566,4613029.70290228,327,S5_twin_shock_imf_bailout,indonesia,USDC
648,0.7455457318053726,4497703.960329723,327,S5_twin_shock_imf_bailout,indonesia,USDC
649,0.7593852086951667,4385261.361321479,327,S5_twin_shock_imf_bailout,indonesia,USDC
650,0.7521238576873448,4275629.827288442,327,S5_twin_shock_imf_bailout,indonesia,USDC
651,0.7403757296127895,4168739.081606231,327,S5_twin_shock_imf_bailout,indonesia,USDC
652,0.7153430954125439,4064520.604566076,327,S5_twin_shock_imf_bailout,indonesia,USDC
653,0.7229105070167346,3962907.589451924,327,S5_twin_shock_imf_bailout,indonesia,USDC
654,0.7259497932592729,3863834.8997156257,327,S5_twin_shock_imf_bailout,indonesia,USDC
655,0.7267652007573085,3767239.027222735,327,S5_twin_shock_imf_bailout,indonesia,USDC
656,0.707595532545803,3673058.0515421666,327,S5_twin_shock_imf_bailout,indonesia,USDC
657,0.7262848850220299,3581231.6002536127,327,S5_twin_shock_imf_bailout,indonesia,USDC
658,0.707100960651839,3491700.8102472723,327,S5_twin_shock_imf_bailout,indonesia,USDC
659,0.7291742755556363,3404408.289991091,327,S5_twin_shock_imf_bailout,indonesia,USDC
660,0.721189331888435,3319298.0827413136,327,S5_twin_shock_imf_bailout,indonesia,USDC
661,0.7107679416246502,3236315.630672781,327,S5_twin_shock_imf_bailout,indonesia,USDC
662,0.721544083621407,3155407.739905961,327,S5_twin_shock_imf_bailout,indonesia,USDC
663,0.7430739161827765,3076522.546408312,327,S5_twin_shock_imf_bailout,indonesia,USDC
664,0.7418513431905582,2999609.4827481043,327,S5_twin_shock_imf_bailout,indonesia,USDC
665,0.7397979818112391,2924619.245679402,327,S5_twin_shock_imf_bailout,indonesia,USDC
666,0.7702961187006981,2851503.7645374164,327,S5_twin_shock_imf_bailout,indonesia,USDC
667,0.7961793033822477,2780216.170423981,327,S5_twin_shock_imf_bailout,indonesia,USDC
668,0.7976697181215521,2710710.7661633813,327,S5_twin_shock_imf_bailout,indonesia,USDC
669,0.7939453465144274,2642942.997009297,327,S5_twin_shock_imf_bailout,indonesia,USDC
670,0.7983168191960477,2576869.422084064,327,S5_twin_shock_imf_bailout,indonesia,USDC
671,0.799904891962588,2512447.686531963,327,S5_twin_shock_imf_bailout,indonesia,USDC
672,0.8019042409835957,2449636.494368664,327,S5_twin_shock_imf_bailout,indonesia,USDC
673,0.8134164621428053,2388395.5820094473,327,S5_twin_shock_imf_bailout,indonesia,USDC
674,0.8315293215830766,2328685.692459211,327,S5_twin_shock_imf_bailout,indonesia,USDC
675,0.8399470776747787,2270468.550147731,327,S5_twin_shock_imf_bailout,indonesia,USDC
676,0.8574663660675385,2213706.8363940376,327,S5_twin_shock_imf_bailout,indonesia,USDC
677,0.867516596400326,2158364.1654841867,327,S5_twin_shock_imf_bailout,indonesia,USDC
678,0.8841428584783085,2104405.061347082,327,S5_twin_shock_imf_bailout,indonesia,USDC
679,0.8580217462612856,2051794.934813405,327,S5_twin_shock_imf_bailout,indonesia,USDC
680,0.866052426755128,2000500.0614430697,327,S5_twin_shock_imf_bailout,indonesia,USDC
681,0.8303146846546836,1950487.559906993,327,S5_twin_shock_imf_bailout,indonesia,USDC
682,0.8383087733151323,1901725.370909318,327,S5_twin_shock_imf_bailout,indonesia,USDC
683,0.8211167166429635,1854182.2366365856,327,S5_twin_shock_imf_bailout,indonesia,USDC
684,0.794158914563014,1807827.6807206708,327,S5_twin_shock_imf_bailout,indonesia,USDC
685,0.7833972110558969,1762631.988702654,327,S5_twin_shock_imf_bailout,indonesia,USDC
686,0.8062421291485992,1718566.1889850877,327,S5_twin_shock_imf_bailout,indonesia,USDC
687,0.7851336175983434,1675602.0342604604,327,S5_twin_shock_imf_bailout,indonesia,USDC
688,0.8090112338970794,1633711.9834039488,327,S5_twin_shock_imf_bailout,indonesia,USDC
689,0.8019004737510178,1592869.1838188502,327,S5_twin_shock_imf_bailout,indonesia,USDC
690,0.7881201465387664,1553047.454223379,327,S5_twin_shock_imf_bailout,indonesia,USDC
691,0.7987959854317328,1514221.2678677945,327,S5_twin_shock_imf_bailout,indonesia,USDC
692,0.8076326791646138,1476365.7361710998,327,S5_twin_shock_imf_bailout,indonesia,USDC
693,0.8053981570996134,1439456.5927668223,327,S5_twin_shock_imf_bailout,indonesia,USDC
694,0.8014380238606222,1403470.1779476516,327,S5_twin_shock_imf_bailout,indonesia,USDC
695,0.782129486952226,1368383.4234989604,327,S5_twin_shock_imf_bailout,indonesia,USDC
696,0.7956494463153896,1334173.8379114866,327,S5_twin_shock_imf_bailout,indonesia,USDC
697,0.8070444728023288,1300819.4919636992,327,S5_twin_shock_imf_bailout,indonesia,USDC
698,0.8069586405752674,1268299.0046646069,327,S5_twin_shock_imf_bailout,indonesia,USDC
699,0.8032888388743546,1236591.5295479917,327,S5_twin_shock_imf_bailout,indonesia,USDC
700,0.8348144263373445,1205676.7413092917,327,S5_twin_shock_imf_bailout,indonesia,USDC
701,0.8235727251224799,1175534.8227765597,327,S5_twin_shock_imf_bailout,indonesia,USDC
702,0.8359826584256258,1146146.4522071457,327,S5_twin_shock_imf_bailout,indonesia,USDC
703,0.8216057269790779,1117492.7909019669,327,S5_twin_shock_imf_bailout,indonesia,USDC
704,0.8184230212792266,1089555.471129418,327,S5_twin_shock_imf_bailout,indonesia,USDC
705,0.8077717383022577,1062316.5843511822,327,S5_twin_shock_imf_bailout,indonesia,USDC
706,0.7978882312391515,1035758.6697424029,327,S5_twin_shock_imf_bailout,indonesia,USDC
707,0.7855740448501514,1009864.7029988428,327,S5_twin_shock_imf_bailout,indonesia,USDC
708,0.7931989352747938,984618.0854238716,327,S5_twin_shock_imf_bailout,indonesia,USDC
709,0.8076862606930674,960002.6332882748,327,S5_twin_shock_imf_bailout,indonesia,USDC
710,0.8065646881347774,936002.567456068,327,S5_twin_shock_imf_bailout,indonesia,USDC
711,0.8033142429365927,912602.5032696661,327,S5_twin_shock_imf_bailout,indonesia,USDC
712,0.7985702437277789,889787.4406879245,327,S5_twin_shock_imf_bailout,indonesia,USDC
713,0.7970812793140364,867542.7546707264,327,S5_twin_shock_imf_bailout,indonesia,USDC
714,0.7978761552736403,845854.1858039582,327,S5_twin_shock_imf_bailout,indonesia,USDC
715,0.7963573370073258,824707.8311588592,327,S5_twin_shock_imf_bailout,indonesia,USDC
716,0.7872642826806567,804090.1353798878,327,S5_twin_shock_imf_bailout,indonesia,USDC
717,0.7956065663942343,783987.8819953906,327,S5_twin_shock_imf_bailout,indonesia,USDC
718,0.7789348061318488,764388.1849455058,327,S5_twin_shock_imf_bailout,indonesia,USDC
719,0.7828472278425561,745278.4803218682,327,S5_twin_shock_imf_bailout,indonesia,USDC
720,0.7668716645377882,726646.5183138214,327,S5_twin_shock_imf_bailout,indonesia,USDC
721,0.7794316225115901,708480.3553559759,327,S5_twin_shock_imf_bailout,indonesia,USDC
722,0.7906924762851645,690768.3464720765,327,S5_twin_shock_imf_bailout,indonesia,USDC
723,0.7972845544455153,673499.1378102746,327,S5_twin_shock_imf_bailout,indonesia,USDC
724,0.7722738443626336,656661.6593650178,327,S5_twin_shock_imf_bailout,indonesia,USDC
725,0.7675906857619105,640245.1178808922,327,S5_twin_shock_imf_bailout,indonesia,USDC
726,0.7557257495660181,624238.98993387,327,S5_twin_shock_imf_bailout,indonesia,USDC
727,0.7415022073176489,608633.0151855233,327,S5_twin_shock_imf_bailout,indonesia,USDC
728,0.7508364188255672,593417.1898058852,327,S5_twin_shock_imf_bailout,indonesia,USDC
729,0.7340907916519798,578581.7600607381,327,S5_twin_shock_imf_bailout,indonesia,USDC
730,0.7290972543878299,564117.2160592196,327,S5_twin_shock_imf_bailout,indonesia,USDC
731,0.7462454985812814,550014.285657739,327,S5_twin_shock_imf_bailout,indonesia,USDC
732,0.7537143959962813,536263.9285162957,327,S5_twin_shock_imf_bailout,indonesia,USDC
733,0.7409177850239216,522857.3303033883,327,S5_twin_shock_imf_bailout,indonesia,USDC
734,0.7493549083187594,509785.8970458036,327,S5_twin_shock_imf_bailout,indonesia,USDC
735,0.7589051845839067,497041.2496196585,327,S5_twin_shock_imf_bailout,indonesia,USDC
736,0.761021792479619,484615.21837916697,327,S5_twin_shock_imf_bailout,indonesia,USDC
737,0.7619543796210572,472499.83791968785,327,S5_twin_shock_imf_bailout,indonesia,USDC
738,0.7901596504374467,460687.34197169566,327,S5_twin_shock_imf_bailout,indonesia,USDC
739,0.7885759409205035,449170.1584224033,327,S5_twin_shock_imf_bailout,indonesia,USDC
740,0.8130772477655773,437940.9044618432,327,S5_twin_shock_imf_bailout,indonesia,USDC
741,0.8143992506473603,426992.3818502971,327,S5_twin_shock_imf_bailout,indonesia,USDC
742,0.8070559031971689,416317.57230403967,327,S5_twin_shock_imf_bailout,indonesia,USDC
743,0.8203209454087668,405909.63299643865,327,S5_twin_shock_imf_bailout,indonesia,USDC
744,0.8219923362504835,395761.8921715277,327,S5_twin_shock_imf_bailout,indonesia,USDC
745,0.7773507819219718,385867.84486723953,327,S5_twin_shock_imf_bailout,indonesia,USDC
746,0.7651077944921021,376221.1487455586,327,S5_twin_shock_imf_bailout,indonesia,USDC
747,0.7608757114957705,366815.6200269196,327,S5_twin_shock_imf_bailout,indonesia,USDC
748,0.743274831370952,357645.2295262466,327,S5_twin_shock_imf_bailout,indonesia,USDC
749,0.7685115063800303,348704.09878809046,327,S5_twin_shock_imf_bailout,indonesia,USDC
750,0.7867623518297272,339986.49631838815,327,S5_twin_shock_imf_bailout,indonesia,USDC
751,0.7502926015597201,331486.83391042845,327,S5_twin_shock_imf_bailout,indonesia,USDC
752,0.7298267203170108,323199.6630626677,327,S5_twin_shock_imf_bailout,indonesia,USDC
753,0.7243495813829757,315119.67148610106,327,S5_twin_shock_imf_bailout,indonesia,USDC
754,0.7244887834787846,307241.6796989485,327,S5_twin_shock_imf_bailout,indonesia,USDC
755,0.7223724842649827,299560.6377064748,327,S5_twin_shock_imf_bailout,indonesia,USDC
756,0.7498589643799466,292071.62176381296,327,S5_twin_shock_imf_bailout,indonesia,USDC
757,0.7610354619212465,284769.8312197176,327,S5_twin_shock_imf_bailout,indonesia,USDC
758,0.7830594797327652,277650.58543922467,327,S5_twin_shock_imf_bailout,indonesia,USDC
759,0.7997502592944691,270709.320803244,327,S5_twin_shock_imf_bailout,indonesia,USDC
760,0.7972074966015752,263941.58778316295,327,S5_twin_shock_imf_bailout,indonesia,USDC
761,0.7764581383457995,257343.04808858386,327,S5_twin_shock_imf_bailout,indonesia,USDC
762,0.7890488288456261,250909.47188636928,327,S5_twin_shock_imf_bailout,indonesia,USDC
763,0.7771725083122443,244636.73508921007,327,S5_twin_shock_imf_bailout,indonesia,USDC
764,0.7679036630158005,238520.8167119798,327,S5_twin_shock_imf_bailout,indonesia,USDC
765,0.7464995653303119,232557.79629418033,327,S5_twin_shock_imf_bailout,indonesia,USDC
766,0.7642746993121391,226743.85138682582,327,S5_twin_shock_imf_bailout,indonesia,USDC
767,0.7708168861416591,221075.25510215515,327,S5_twin_shock_imf_bailout,indonesia,USDC
768,0.7838849779819967,215548.3737246013,327,S5_twin_shock_imf_bailout,indonesia,USDC
769,0.7948878497796723,210159.66438148625,327,S5_twin_shock_imf_bailout,indonesia,USDC
770,0.7865751794609319,204905.6727719491,327,S5_twin_shock_imf_bailout,indonesia,USDC
771,0.7459908779770966,199783.03095265038,327,S5_twin_shock_imf_bailout,indonesia,USDC
772,0.7417752901899137,194788.45517883412,327,S5_twin_shock_imf_bailout,indonesia,USDC
773,0.7504379276127534,189918.74379936326,327,S5_twin_shock_imf_bailout,indonesia,USDC
774,0.7744530529853321,185170.77520437917,327,S5_twin_shock_imf_bailout,indonesia,USDC
775,0.7811863129175657,180541.5058242697,327,S5_twin_shock_imf_bailout,indonesia,USDC
776,0.7872815531749836,176027.96817866297,327,S5_twin_shock_imf_bailout,indonesia,USDC
777,0.7801764946465519,171627.2689741964,327,S5_twin_shock_imf_bailout,indonesia,USDC
778,0.8080082874989581,167336.58724984148,327,S5_twin_shock_imf_bailout,indonesia,USDC
779,0.8101607732921217,163153.17256859544,327,S5_twin_shock_imf_bailout,indonesia,USDC
780,0.7888694957203306,159074.34325438057,327,S5_twin_shock_imf_bailout,indonesia,USDC
781,0.7884939939543277,155097.48467302104,327,S5_twin_shock_imf_bailout,indonesia,USDC
782,0.7954811161470257,151220.04755619552,327,S5_twin_shock_imf_bailout,indonesia,USDC
783,0.8057313092030012,147439.5463672906,327,S5_twin_shock_imf_bailout,indonesia,USDC
784,0.8129352016516753,143753.55770810836,327,S5_twin_shock_imf_bailout,indonesia,USDC
785,0.8277538859760261,140159.71876540565,327,S5_twin_shock_imf_bailout,indonesia,USDC
786,0.8130231773897595,136655.7257962705,327,S5_twin_shock_imf_bailout,indonesia,USDC
787,0.8226712941729948,133239.33265136374,327,S5_twin_shock_imf_bailout,indonesia,USDC
788,0.8202711947386502,129908.34933507966,327,S5_twin_shock_imf_bailout,indonesia,USDC
789,0.8245461820655223,126660.64060170265,327,S5_twin_shock_imf_bailout,indonesia,USDC
790,0.8043907871367059,123494.12458666008,327,S5_twin_shock_imf_bailout,indonesia,USDC
791,0.7984721261087092,120406.77147199359,327,S5_twin_shock_imf_bailout,indonesia,USDC
792,0.8112892775416705,117396.60218519374,327,S5_twin_shock_imf_bailout,indonesia,USDC
793,0.7799873459358299,114461.68713056389,327,S5_twin_shock_imf_bailout,indonesia,USDC
794,0.7777509807985422,111600.1449522998,327,S5_twin_shock_imf_bailout,indonesia,USDC
795,0.7859018573560075,108810.14132849229,327,S5_twin_shock_imf_bailout,indonesia,USDC
796,0.7809737483070883,106089.88779528,327,S5_twin_shock_imf_bailout,indonesia,USDC
797,0.7601905016561685,103437.64060039801,327,S5_twin_shock_imf_bailout,indonesia,USDC
798,0.7581799976501088,100851.69958538804,327,S5_twin_shock_imf_bailout,indonesia,USDC
799,0.7611449641283864,98330.40709575334,327,S5_twin_shock_imf_bailout,indonesia,USDC
800,0.7682791182249908,95872.1469183595,327,S5_twin_shock_imf_bailout,indonesia,USDC
801,0.7594154608233041,93475.34324540052,327,S5_twin_shock_imf_bailout,indonesia,USDC
802,0.7535142789358804,91138.45966426551,327,S5_twin_shock_imf_bailout,indonesia,USDC
803,0.7725996726880587,88859.99817265887,327,S5_twin_shock_imf_bailout,indonesia,USDC
804,0.7653767883532543,86638.4982183424,327,S5_twin_shock_imf_bailout,indonesia,USDC
805,0.7927456732400162,84472.53576288384,327,S5_twin_shock_imf_bailout,indonesia,USDC
806,0.7779054466110099,82360.72236881174,327,S5_twin_shock_imf_bailout,indonesia,USDC
807,0.7867938212111399,80301.70430959144,327,S5_twin_shock_imf_bailout,indonesia,USDC
808,0.8194444791725147,78294.16170185166,327,S5_twin_shock_imf_bailout,indonesia,USDC
809,0.8105189784687106,76336.80765930536,327,S5_twin_shock_imf_bailout,indonesia,USDC
810,0.8329247148172779,74428.38746782273,327,S5_twin_shock_imf_bailout,indonesia,USDC
811,0.8444219266788179,72567.67778112716,327,S5_twin_shock_imf_bailout,indonesia,USDC
812,0.8233465901049737,70753.48583659898,327,S5_twin_shock_imf_bailout,indonesia,USDC
813,0.8217605187525244,68984.648690684,327,S5_twin_shock_imf_bailout,indonesia,USDC
814,0.8399080976794834,67260.03247341691,327,S5_twin_shock_imf_bailout,indonesia,USDC
815,0.8164000320582326,65578.53166158148,327,S5_twin_shock_imf_bailout,indonesia,USDC
816,0.8083762028378824,63939.068370041954,327,S5_twin_shock_imf_bailout,indonesia,USDC
817,0.7974149461520038,62340.5916607909,327,S5_twin_shock_imf_bailout,indonesia,USDC
818,0.7975104540725139,60782.07686927113,327,S5_twin_shock_imf_bailout,indonesia,USDC
819,0.7995154879944433,59262.52494753935,327,S5_twin_shock_imf_bailout,indonesia,USDC
820,0.7988210166184381,57780.96182385087,327,S5_twin_shock_imf_bailout,indonesia,USDC
821,0.7889643917992077,56336.43777825459,327,S5_twin_shock_imf_bailout,indonesia,USDC
822,0.7626491774404948,54928.026833798234,327,S5_twin_shock_imf_bailout,indonesia,USDC
823,0.7688170023434204,53554.82616295328,327,S5_twin_shock_imf_bailout,indonesia,USDC
824,0.7818039886027283,52215.955508879444,327,S5_twin_shock_imf_bailout,indonesia,USDC
825,0.7807953523812989,50910.55662115746,327,S5_twin_shock_imf_bailout,indonesia,USDC
826,0.8007244761799042,49637.792705628526,327,S5_twin_shock_imf_bailout,indonesia,USDC
827,0.8015536202642325,48396.84788798782,327,S5_twin_shock_imf_bailout,indonesia,USDC
828,0.7874823250202748,47186.926690788125,327,S5_twin_shock_imf_bailout,indonesia,USDC
829,0.7834818185425036,46007.25352351842,327,S5_twin_shock_imf_bailout,indonesia,USDC
830,0.7693150865923104,44857.07218543046,327,S5_twin_shock_imf_bailout,indonesia,USDC
831,0.7656060771516037,43735.6453807947,327,S5_twin_shock_imf_bailout,indonesia,USDC
832,0.7659524481056318,42642.25424627483,327,S5_twin_shock_imf_bailout,indonesia,USDC
833,0.7804177900013535,41576.19789011796,327,S5_twin_shock_imf_bailout,indonesia,USDC
834,0.7807973067737574,40536.79294286501,327,S5_twin_shock_imf_bailout,indonesia,USDC
835,0.7838354225619294,39523.373119293385,327,S5_twin_shock_imf_bailout,indonesia,USDC
836,0.809892680918755,38535.28879131105,327,S5_twin_shock_imf_bailout,indonesia,USDC
837,0.8226835736690564,37571.90657152828,327,S5_twin_shock_imf_bailout,indonesia,USDC
838,0.8285314502209598,36632.60890724007,327,S5_twin_shock_imf_bailout,indonesia,USDC
839,0.8272756694863111,35716.79368455907,327,S5_twin_shock_imf_bailout,indonesia,USDC
840,0.8068310707924733,34823.87384244509,327,S5_twin_shock_imf_bailout,indonesia,USDC
841,0.8232351453085834,33953.27699638396,327,S5_twin_shock_imf_bailout,indonesia,USDC
842,0.822933600043298,33104.445071474365,327,S5_twin_shock_imf_bailout,indonesia,USDC
843,0.8071416694483708,32276.833944687503,327,S5_twin_shock_imf_bailout,indonesia,USDC
844,0.7888121154716854,31469.91309607032,327,S5_twin_shock_imf_bailout,indonesia,USDC
845,0.7950544433481086,30683.165268668563,327,S5_twin_shock_imf_bailout,indonesia,USDC
846,0.8024644214510156,29916.086136951846,327,S5_twin_shock_imf_bailout,indonesia,USDC
847,0.7712841090311644,29168.183983528048,327,S5_twin_shock_imf_bailout,indonesia,USDC
848,0.7660773767136871,28438.979383939848,327,S5_twin_shock_imf_bailout,indonesia,USDC
849,0.7448708736304739,27728.00489934135,327,S5_twin_shock_imf_bailout,indonesia,USDC
850,0.7468621211624098,27034.804776857818,327,S5_twin_shock_imf_bailout,indonesia,USDC
851,0.7490325353976821,26358.934657436374,327,S5_twin_shock_imf_bailout,indonesia,USDC
852,0.7472914645416142,25699.961291000465,327,S5_twin_shock_imf_bailout,indonesia,USDC
853,0.7381719689149723,25057.46225872545,327,S5_twin_shock_imf_bailout,indonesia,USDC
854,0.7502711684715946,24431.025702257317,327,S5_twin_shock_imf_bailout,indonesia,USDC
855,0.7404356922772359,23820.250059700884,327,S5_twin_shock_imf_bailout,indonesia,USDC
856,0.7480875138210413,23224.74380820836,327,S5_twin_shock_imf_bailout,indonesia,USDC
857,0.7508598967134269,22644.12521300315,327,S5_twin_shock_imf_bailout,indonesia,USDC
858,0.7467256962271891,22078.02208267807,327,S5_twin_shock_imf_bailout,indonesia,USDC
859,0.7524201320219217,21526.071530611123,327,S5_twin_shock_imf_bailout,indonesia,USDC
860,0.7434762187944726,20987.919742345843,327,S5_twin_shock_imf_bailout,indonesia,USDC
861,0.7591606000817194,20463.221748787197,327,S5_twin_shock_imf_bailout,indonesia,USDC
862,0.7585034354634077,19951.641205067517,327,S5_twin_shock_imf_bailout,indonesia,USDC
863,0.7779471708885733,19452.85017494083,327,S5_twin_shock_imf_bailout,indonesia,USDC
864,0.751718133532842,18966.528920567307,327,S5_twin_shock_imf_bailout,indonesia,USDC
865,0.7467125421897987,18492.365697553127,327,S5_twin_shock_imf_bailout,indonesia,USDC
866,0.7546666647213968,18030.056555114297,327,S5_twin_shock_imf_bailout,indonesia,USDC
867,0.7422228341490428,17579.30514123644,327,S5_twin_shock_imf_bailout,indonesia,USDC
868,0.7408551188320569,17139.82251270553,327,S5_twin_shock_imf_bailout,indonesia,USDC
869,0.7453419672058884,16711.32694988789,327,S5_twin_shock_imf_bailout,indonesia,USDC
870,0.727920032651888,16293.543776140694,327,S5_twin_shock_imf_bailout,indonesia,USDC
871,0.7373832244480818,15886.205181737176,327,S5_twin_shock_imf_bailout,indonesia,USDC
872,0.7273510485372855,15489.050052193747,327,S5_twin_shock_imf_bailout,indonesia,USDC
873,0.7250254856020647,15101.823800888906,327,S5_twin_shock_imf_bailout,indonesia,USDC
874,0.7247793278175042,14724.278205866682,327,S5_twin_shock_imf_bailout,indonesia,USDC
875,0.7279481796862333,14356.171250720014,327,S5_twin_shock_imf_bailout,indonesia,USDC
876,0.738837956555863,13997.266969452015,327,S5_twin_shock_imf_bailout,indonesia,USDC
877,0.7675231229634595,13647.335295215715,327,S5_twin_shock_imf_bailout,indonesia,USDC
878,0.7691928001072619,13306.151912835321,327,S5_twin_shock_imf_bailout,indonesia,USDC
879,0.7680546001495282,12973.49811501444,327,S5_twin_shock_imf_bailout,indonesia,USDC
880,0.7632194657151562,12649.160662139078,327,S5_twin_shock_imf_bailout,indonesia,USDC
881,0.7619435282897417,12332.931645585602,327,S5_twin_shock_imf_bailout,indonesia,USDC
882,0.7694071109103205,12024.60835444596,327,S5_twin_shock_imf_bailout,indonesia,USDC
883,0.7721557177099064,11723.993145584813,327,S5_twin_shock_imf_bailout,indonesia,USDC
884,0.7771633605038956,11430.893316945192,327,S5_twin_shock_imf_bailout,indonesia,USDC
885,0.806902958501715,11145.120984021562,327,S5_twin_shock_imf_bailout,indonesia,USDC
886,0.8312896253105265,10866.492959421023,327,S5_twin_shock_imf_bailout,indonesia,USDC
887,0.856738851752286,10594.830635435497,327,S5_twin_shock_imf_bailout,indonesia,USDC
888,0.8529482938699727,10329.95986954961,327,S5_twin_shock_imf_bailout,indonesia,USDC
889,0.8538687579826372,10071.710872810869,327,S5_twin_shock_imf_bailout,indonesia,USDC
890,0.8419064496074367,9819.918100990597,327,S5_twin_shock_imf_bailout,indonesia,USDC
891,0.8366185855227349,9574.420148465833,327,S5_twin_shock_imf_bailout,indonesia,USDC
892,0.8047962893605068,9335.059644754187,327,S5_twin_shock_imf_bailout,indonesia,USDC
893,0.8127136133733518,9101.683153635331,327,S5_twin_shock_imf_bailout,indonesia,USDC
894,0.813158529570053,8874.14107479445,327,S5_twin_shock_imf_bailout,indonesia,USDC
895,0.8235164658290609,8652.287547924589,327,S5_twin_shock_imf_bailout,indonesia,USDC
896,0.8448822390962956,8435.980359226473,327,S5_twin_shock_imf_bailout,indonesia,USDC
897,0.8470312259503303,8225.08085024581,327,S5_twin_shock_imf_bailout,indonesia,USDC
898,0.8351640352319816,8019.453828989665,327,S5_twin_shock_imf_bailout,indonesia,USDC
899,0.8648318504149897,7818.967483264923,327,S5_twin_shock_imf_bailout,indonesia,USDC
900,0.8738349503485271,7623.4932961833,327,S5_twin_shock_imf_bailout,indonesia,USDC
901,0.8292139369706268,7432.905963778718,327,S5_twin_shock_imf_bailout,indonesia,USDC
902,0.8404210868209241,7247.083314684249,327,S5_twin_shock_imf_bailout,indonesia,USDC
903,0.8327046251190001,7065.906231817144,327,S5_twin_shock_imf_bailout,indonesia,USDC
904,0.812068404574397,6889.258576021714,327,S5_twin_shock_imf_bailout,indonesia,USDC
905,0.8169104884142186,6717.027111621172,327,S5_twin_shock_imf_bailout,indonesia,USDC
906,0.8355345584030296,6549.101433830642,327,S5_twin_shock_imf_bailout,indonesia,USDC
907,0.8311321866932764,6385.373897984877,327,S5_twin_shock_imf_bailout,indonesia,USDC
908,0.8468498258028938,6225.739550535254,327,S5_twin_shock_imf_bailout,indonesia,USDC
909,0.8586802343429228,6070.096061771873,327,S5_twin_shock_imf_bailout,indonesia,USDC
910,0.8613081652481251,5918.343660227576,327,S5_twin_shock_imf_bailout,indonesia,USDC
911,0.857868487893017,5770.3850687218865,327,S5_twin_shock_imf_bailout,indonesia,USDC
912,0.877730528442883,5626.125442003839,327,S5_twin_shock_imf_bailout,indonesia,USDC
913,0.8839154963929504,5485.472305953744,327,S5_twin_shock_imf_bailout,indonesia,USDC
914,0.850485781124667,5348.335498304899,327,S5_twin_shock_imf_bailout,indonesia,USDC
915,0.8492739337740168,5214.627110847277,327,S5_twin_shock_imf_bailout,indonesia,USDC
916,0.8115571829307741,5084.261433076095,327,S5_twin_shock_imf_bailout,indonesia,USDC
917,0.8066744747727345,4957.154897249194,327,S5_twin_shock_imf_bailout,indonesia,USDC
918,0.7980999407680905,4833.226024817963,327,S5_twin_shock_imf_bailout,indonesia,USDC
919,0.80872249511783,4712.395374197514,327,S5_twin_shock_imf_bailout,indonesia,USDC
920,0.8248418236271355,4594.585489842577,327,S5_twin_shock_imf_bailout,indonesia,USDC
921,0.819889516573162,4479.7208525965125,327,S5_twin_shock_imf_bailout,indonesia,USDC
922,0.8634363982293897,4367.7278312816,327,S5_twin_shock_imf_bailout,indonesia,USDC
923,0.8492156365765225,4258.534635499559,327,S5_twin_shock_imf_bailout,indonesia,USDC
924,0.8356853541884844,4152.07126961207,327,S5_twin_shock_imf_bailout,indonesia,USDC
925,0.8179507678985922,4048.2694878717684,327,S5_twin_shock_imf_bailout,indonesia,USDC
926,0.7817717837389453,3947.0627506749743,327,S5_twin_shock_imf_bailout,indonesia,USDC
927,0.7911701115278433,3848.3861819081,327,S5_twin_shock_imf_bailout,indonesia,USDC
928,0.7775063262843438,3752.1765273603974,327,S5_twin_shock_imf_bailout,indonesia,USDC
929,0.7629336211212492,3658.372114176387,327,S5_twin_shock_imf_bailout,indonesia,USDC
930,0.7637540945247906,3566.9128113219776,327,S5_twin_shock_imf_bailout,indonesia,USDC
931,0.7713843587794397,3477.739991038928,327,S5_twin_shock_imf_bailout,indonesia,USDC
932,0.7934512158948681,3390.7964912629545,327,S5_twin_shock_imf_bailout,indonesia,USDC
933,0.8076609014815251,3306.026578981381,327,S5_twin_shock_imf_bailout,indonesia,USDC
934,0.8162878910072005,3223.375914506846,327,S5_twin_shock_imf_bailout,indonesia,USDC
935,0.8302231118688141,3142.7915166441753,327,S5_twin_shock_imf_bailout,indonesia,USDC
936,0.8370175708626925,3064.221728728071,327,S5_twin_shock_imf_bailout,indonesia,USDC
937,0.8094348431872436,2987.616185509869,327,S5_twin_shock_imf_bailout,indonesia,USDC
938,0.7754793397324123,2912.9257808721222,327,S5_twin_shock_imf_bailout,indonesia,USDC
939,0.7741202592384197,2840.102636350319,327,S5_twin_shock_imf_bailout,indonesia,USDC
940,0.7936975942835217,2769.100070441561,327,S5_twin_shock_imf_bailout,indonesia,USDC
941,0.7969233451325187,2699.872568680522,327,S5_twin_shock_imf_bailout,indonesia,USDC
942,0.8022550783904859,2632.375754463509,327,S5_twin_shock_imf_bailout,indonesia,USDC
943,0.7908796144615763,2566.5663606019216,327,S5_twin_shock_imf_bailout,indonesia,USDC
944,0.7932945790915836,2502.402201586873,327,S5_twin_shock_imf_bailout,indonesia,USDC
945,0.7927291973189389,2439.842146547201,327,S5_twin_shock_imf_bailout,indonesia,USDC
946,0.7708939197066746,2378.846092883521,327,S5_twin_shock_imf_bailout,indonesia,USDC
947,0.7436374287079364,2319.374940561433,327,S5_twin_shock_imf_bailout,indonesia,USDC
948,0.7620257915822682,2261.3905670473973,327,S5_twin_shock_imf_bailout,indonesia,USDC
949,0.7345215993973832,2204.8558028712123,327,S5_twin_shock_imf_bailout,indonesia,USDC
950,0.7644320086743028,2149.734407799432,327,S5_twin_shock_imf_bailout,indonesia,USDC
951,0.7605887342731136,2095.991047604446,327,S5_twin_shock_imf_bailout,indonesia,USDC
952,0.7764087846823625,2043.591271414335,327,S5_twin_shock_imf_bailout,indonesia,USDC
953,0.767707996201891,1992.5014896289767,327,S5_twin_shock_imf_bailout,indonesia,USDC
954,0.7802412124347159,1942.6889523882523,327,S5_twin_shock_imf_bailout,indonesia,USDC
955,0.7852454106401963,1894.121728578546,327,S5_twin_shock_imf_bailout,indonesia,USDC
956,0.7916366811690275,1846.768685364082,327,S5_twin_shock_imf_bailout,indonesia,USDC
957,0.7860005431167338,1800.5994682299802,327,S5_twin_shock_imf_bailout,indonesia,USDC
958,0.8160480856431984,1755.5844815242303,327,S5_twin_shock_imf_bailout,indonesia,USDC
959,0.8121405356297962,1711.6948694861246,327,S5_twin_shock_imf_bailout,indonesia,USDC
960,0.8159536486438629,1668.9024977489714,327,S5_twin_shock_imf_bailout,indonesia,USDC
961,0.7996820978595249,1627.179935305247,327,S5_twin_shock_imf_bailout,indonesia,USDC
962,0.804900409762392,1586.500436922616,327,S5_twin_shock_imf_bailout,indonesia,USDC
963,0.7532309426573567,1546.8379259995504,327,S5_twin_shock_imf_bailout,indonesia,USDC
964,0.772722538962051,1508.1669778495618,327,S5_twin_shock_imf_bailout,indonesia,USDC
965,0.7820014514861962,1470.4628034033228,327,S5_twin_shock_imf_bailout,indonesia,USDC
966,0.7635026319318846,1433.7012333182397,327,S5_twin_shock_imf_bailout,indonesia,USDC
967,0.7617324356077323,1397.8587024852836,327,S5_twin_shock_imf_bailout,indonesia,USDC
968,0.7583658830514814,1362.9122349231516,327,S5_twin_shock_imf_bailout,indonesia,USDC
969,0.7359227111850266,1328.8394290500728,327,S5_twin_shock_imf_bailout,indonesia,USDC
970,0.7219628972219145,1295.6184433238209,327,S5_twin_shock_imf_bailout,indonesia,USDC
971,0.7129696333204479,1263.2279822407254,327,S5_twin_shock_imf_bailout,indonesia,USDC
972,0.6949855633123845,1231.647282684707,327,S5_twin_shock_imf_bailout,indonesia,USDC
973,0.6841617425330493,1200.8561006175894,327,S5_twin_shock_imf_bailout,indonesia,USDC
974,0.6714503905381509,1170.8346981021498,327,S5_twin_shock_imf_bailout,indonesia,USDC
975,0.6884575505121828,1141.563830649596,327,S5_twin_shock_imf_bailout,indonesia,USDC
976,0.6889774240605994,1113.0247348833561,327,S5_twin_shock_imf_bailout,indonesia,USDC
977,0.7093081458572791,1085.1991165112722,327,S5_twin_shock_imf_bailout,indonesia,USDC
978,0.7234811496756084,1058.0691385984906,327,S5_twin_shock_imf_bailout,indonesia,USDC
979,0.7146572841148897,1031.6174101335282,327,S5_twin_shock_imf_bailout,indonesia,USDC
980,0.7300016303798009,1005.8269748801899,327,S5_twin_shock_imf_bailout,indonesia,USDC
981,0.7401123746556253,980.6813005081851,327,S5_twin_shock_imf_bailout,indonesia,USDC
982,0.7323906698073419,956.1642679954805,327,S5_twin_shock_imf_bailout,indonesia,USDC
983,0.7750532799829408,932.2601612955934,327,S5_twin_shock_imf_bailout,indonesia,USDC
984,0.7856703720008152,908.9536572632037,327,S5_twin_shock_imf_bailout,indonesia,USDC
985,0.8034993842940538,886.2298158316236,327,S5_twin_shock_imf_bailout,indonesia,USDC
986,0.8202710906580503,864.074070435833,327,S5_twin_shock_imf_bailout,indonesia,USDC
987,0.8062553489079228,842.4722186749373,327,S5_twin_shock_imf_bailout,indonesia,USDC
988,0.8023994394130957,821.4104132080638,327,S5_twin_shock_imf_bailout,indonesia,USDC
989,0.8009480689860738,800.8751528778621,327,S5_twin_shock_imf_bailout,indonesia,USDC
990,0.8138099335755811,780.8532740559156,327,S5_twin_shock_imf_bailout,indonesia,USDC
991,0.8005784498663011,761.3319422045176,327,S5_twin_shock_imf_bailout,indonesia,USDC
992,0.7995596595194336,742.2986436494048,327,S5_twin_shock_imf_bailout,indonesia,USDC
993,0.7918854065187221,723.7411775581696,327,S5_twin_shock_imf_bailout,indonesia,USDC
994,0.7834719863034232,705.6476481192153,327,S5_twin_shock_imf_bailout,indonesia,USDC
995,0.7605493676715477,688.006456916235,327,S5_twin_shock_imf_bailout,indonesia,USDC
996,0.7574430608001989,670.8062954933291,327,S5_twin_shock_imf_bailout,indonesia,USDC
997,0.753784167769192,654.0361381059959,327,S5_twin_shock_imf_bailout,indonesia,USDC
998,0.7457191088244217,637.685234653346,327,S5_twin_shock_imf_bailout,indonesia,USDC
999,0.7425338738489651,621.7431037870124,327,S5_twin_shock_imf_bailout,indonesia,USDC
1000,0.7284615598375117,606.199526192337,327,S5_twin_shock_imf_bailout,indonesia,USDC
