Step,price,liquidity,iteration,scenario,region,coin
1,0.9812117506864192,2989988738282.399,163,S5_twin_shock_imf_bailout,indonesia,USDC
2,0.9599785627375657,2989988738282.399,163,S5_twin_shock_imf_bailout,indonesia,USDC
3,0.9637182615615201,2989399799975.3896,163,S5_twin_shock_imf_bailout,indonesia,USDC
4,0.9522841600339154,2989043386192.458,163,S5_twin_shock_imf_bailout,indonesia,USDC
5,0.9703961583119473,2987964826716.5527,163,S5_twin_shock_imf_bailout,indonesia,USDC
6,0.9467108274196087,2987964826716.5527,163,S5_twin_shock_imf_bailout,indonesia,USDC
7,0.9367353127231633,2986615185300.1763,163,S5_twin_shock_imf_bailout,indonesia,USDC
8,0.9444379697596644,2984673266690.2334,163,S5_twin_shock_imf_bailout,indonesia,USDC
9,0.9426083270746111,2983276280593.423,163,S5_twin_shock_imf_bailout,indonesia,USDC
10,0.956271978905954,2981817117644.581,163,S5_twin_shock_imf_bailout,indonesia,USDC
11,0.9741125675970617,2981118385053.0713,163,S5_twin_shock_imf_bailout,indonesia,USDC
12,0.9398008964373452,2981118385053.0713,163,S5_twin_shock_imf_bailout,indonesia,USDC
13,0.9436631488759275,2979558733556.1978,163,S5_twin_shock_imf_bailout,indonesia,USDC
14,0.9483557999329295,2978257942298.079,163,S5_twin_shock_imf_bailout,indonesia,USDC
15,0.9371600946736663,2977194685111.2715,163,S5_twin_shock_imf_bailout,indonesia,USDC
16,0.9630072632037767,2975613328808.0864,163,S5_twin_shock_imf_bailout,indonesia,USDC
17,0.9466671949159694,2975284420815.322,163,S5_twin_shock_imf_bailout,indonesia,USDC
18,0.9679448152338397,2974209276162.471,163,S5_twin_shock_imf_bailout,indonesia,USDC
19,0.993552813468244,2974141626272.738,163,S5_twin_shock_imf_bailout,indonesia,USDC
20,1.0119973696890052,2974141626272.738,163,S5_twin_shock_imf_bailout,indonesia,USDC
21,1.0304345970421813,2974141626272.738,163,S5_twin_shock_imf_bailout,indonesia,USDC
22,0.9985399108453161,2974141626272.738,163,S5_twin_shock_imf_bailout,indonesia,USDC
23,0.9890459169934797,2974141626272.738,163,S5_twin_shock_imf_bailout,indonesia,USDC
24,0.9908746259203287,2974141626272.738,163,S5_twin_shock_imf_bailout,indonesia,USDC
25,0.9396480616284817,2974141626272.738,163,S5_twin_shock_imf_bailout,indonesia,USDC
26,0.9783088287623779,2972760053349.8438,163,S5_twin_shock_imf_bailout,indonesia,USDC
27,0.9842893390727645,2972760053349.8438,163,S5_twin_shock_imf_bailout,indonesia,USDC
28,0.9993791906619138,2972760053349.8438,163,S5_twin_shock_imf_bailout,indonesia,USDC
29,1.0069034826355694,2972760053349.8438,163,S5_twin_shock_imf_bailout,indonesia,USDC
30,1.0112532948658353,2972760053349.8438,163,S5_twin_shock_imf_bailout,indonesia,USDC
31,1.0080209318799498,2972760053349.8438,163,S5_twin_shock_imf_bailout,indonesia,USDC
32,1.036637764344628,2972760053349.8438,163,S5_twin_shock_imf_bailout,indonesia,USDC
33,0.9948848669420285,2972760053349.8438,163,S5_twin_shock_imf_bailout,indonesia,USDC
34,0.965540686027289,2972760053349.8438,163,S5_twin_shock_imf_bailout,indonesia,USDC
35,0.9496569114494698,2972592724247.039,163,S5_twin_shock_imf_bailout,indonesia,USDC
36,0.9621586484470767,2971742596092.5356,163,S5_twin_shock_imf_bailout,indonesia,USDC
37,0.9431423573994167,2971437819726.712,163,S5_twin_shock_imf_bailout,indonesia,USDC
38,0.9645711255162286,2970339947859.4697,163,S5_twin_shock_imf_bailout,indonesia,USDC
39,0.9722640696950994,2970145168141.083,163,S5_twin_shock_imf_bailout,indonesia,USDC
40,0.9739223553679446,2970145168141.083,163,S5_twin_shock_imf_bailout,indonesia,USDC
41,0.9566751393727183,2970145168141.083,163,S5_twin_shock_imf_bailout,indonesia,USDC
42,0.9683745655388077,2969606377387.038,163,S5_twin_shock_imf_bailout,indonesia,USDC
43,0.9826475280208036,2969558866646.5317,163,S5_twin_shock_imf_bailout,indonesia,USDC
44,0.9904104341216131,2969558866646.5317,163,S5_twin_shock_imf_bailout,indonesia,USDC
45,0.9705748447658511,2969558866646.5317,163,S5_twin_shock_imf_bailout,indonesia,USDC
46,0.953210731130827,2969558866646.5317,163,S5_twin_shock_imf_bailout,indonesia,USDC
47,0.9301096689431942,2968873966106.0234,163,S5_twin_shock_imf_bailout,indonesia,USDC
48,0.908084754334228,2967317423897.74,163,S5_twin_shock_imf_bailout,indonesia,USDC
49,0.89370746378474,2964990319053.1016,163,S5_twin_shock_imf_bailout,indonesia,USDC
50,0.8902289279789686,2962269003511.474,163,S5_twin_shock_imf_bailout,indonesia,USDC
51,0.9050164708006785,2959614332003.7974,163,S5_twin_shock_imf_bailout,indonesia,USDC
52,0.7811808085176877,2957709080069.4624,163,S5_twin_shock_imf_bailout,indonesia,USDC
53,0.8292145769666479,2952313067158.2803,163,S5_twin_shock_imf_bailout,indonesia,USDC
54,0.8498377865056694,2949198044673.545,163,S5_twin_shock_imf_bailout,indonesia,USDC
55,0.8729745092721816,2946818423255.348,163,S5_twin_shock_imf_bailout,indonesia,USDC
56,0.8810528612918214,2945216877670.856,163,S5_twin_shock_imf_bailout,indonesia,USDC
57,0.9035079594315618,2943845012039.8413,163,S5_twin_shock_imf_bailout,indonesia,USDC
58,0.9139812938987071,2942914485078.462,163,S5_twin_shock_imf_bailout,indonesia,USDC
59,0.9031898815266896,2942201634677.117,163,S5_twin_shock_imf_bailout,indonesia,USDC
60,0.9180288937644696,2941379194865.514,163,S5_twin_shock_imf_bailout,indonesia,USDC
61,0.9492596199684347,2940768911742.677,163,S5_twin_shock_imf_bailout,indonesia,USDC
62,0.9409154464874702,2940547791382.526,163,S5_twin_shock_imf_bailout,indonesia,USDC
63,0.9379020913729412,2940263346539.1904,163,S5_twin_shock_imf_bailout,indonesia,USDC
64,0.9635095098019671,2939923353305.1646,163,S5_twin_shock_imf_bailout,indonesia,USDC
65,0.9775666259431165,2939856878540.807,163,S5_twin_shock_imf_bailout,indonesia,USDC
66,0.9797171489406687,2939856878540.807,163,S5_twin_shock_imf_bailout,indonesia,USDC
67,0.98779372718541,2939856878540.807,163,S5_twin_shock_imf_bailout,indonesia,USDC
68,0.9756752188588945,2939856878540.807,163,S5_twin_shock_imf_bailout,indonesia,USDC
69,0.9733984047483107,2939856878540.807,163,S5_twin_shock_imf_bailout,indonesia,USDC
70,0.9822776524188503,2939856878540.807,163,S5_twin_shock_imf_bailout,indonesia,USDC
71,0.9708558199380349,2939856878540.807,163,S5_twin_shock_imf_bailout,indonesia,USDC
72,0.9710868714657436,2939856878540.807,163,S5_twin_shock_imf_bailout,indonesia,USDC
73,1.033907788638167,2939856878540.807,163,S5_twin_shock_imf_bailout,indonesia,USDC
74,1.014631556988536,2939856878540.807,163,S5_twin_shock_imf_bailout,indonesia,USDC
75,0.9988672944424242,2939856878540.807,163,S5_twin_shock_imf_bailout,indonesia,USDC
76,0.9855936215611043,2939856878540.807,163,S5_twin_shock_imf_bailout,indonesia,USDC
77,1.010204677029428,2939856878540.807,163,S5_twin_shock_imf_bailout,indonesia,USDC
78,0.9762962487491172,2939856878540.807,163,S5_twin_shock_imf_bailout,indonesia,USDC
79,0.9542210315938624,2939856878540.807,163,S5_twin_shock_imf_bailout,indonesia,USDC
80,0.9675766232685753,2939719639974.5093,163,S5_twin_shock_imf_bailout,indonesia,USDC
81,0.9694141778307301,2939700688931.9634,163,S5_twin_shock_imf_bailout,indonesia,USDC
82,0.9798200610401608,2939698753681.698,163,S5_twin_shock_imf_bailout,indonesia,USDC
83,0.9978348957442835,2939698753681.698,163,S5_twin_shock_imf_bailout,indonesia,USDC
84,1.0123386865398816,2939698753681.698,163,S5_twin_shock_imf_bailout,indonesia,USDC
85,0.9259664313712616,2939698753681.698,163,S5_twin_shock_imf_bailout,indonesia,USDC
86,0.944634410118554,2939270438508.1826,163,S5_twin_shock_imf_bailout,indonesia,USDC
87,0.9203010035284955,2939054210197.951,163,S5_twin_shock_imf_bailout,indonesia,USDC
88,0.94532620318181,2938601997394.924,163,S5_twin_shock_imf_bailout,indonesia,USDC
89,0.9524398293492219,2938399103269.3154,163,S5_twin_shock_imf_bailout,indonesia,USDC
90,0.9517562932746632,2938246848171.99,163,S5_twin_shock_imf_bailout,indonesia,USDC
91,0.9411852460925454,2938105249024.008,163,S5_twin_shock_imf_bailout,indonesia,USDC
92,0.8829759253873747,2937888747239.973,163,S5_twin_shock_imf_bailout,indonesia,USDC
93,0.9099125022532918,2937211555796.125,163,S5_twin_shock_imf_bailout,indonesia,USDC
94,0.9332358703611734,2936775255809.1426,163,S5_twin_shock_imf_bailout,indonesia,USDC
95,0.9677153290060371,2936525783461.2314,163,S5_twin_shock_imf_bailout,indonesia,USDC
96,0.9511080141392058,2936514033738.082,163,S5_twin_shock_imf_bailout,indonesia,USDC
97,0.9325848629593099,2936386945295.3125,163,S5_twin_shock_imf_bailout,indonesia,USDC
98,0.9586367306317711,2936140151695.1035,163,S5_twin_shock_imf_bailout,indonesia,USDC
99,0.9623282832889197,2936076848238.7324,163,S5_twin_shock_imf_bailout,indonesia,USDC
100,0.9572770060267664,2936036548883.471,163,S5_twin_shock_imf_bailout,indonesia,USDC
101,0.8421163357564803,2935957222844.4727,163,S5_twin_shock_imf_bailout,indonesia,USDC
102,0.8547773263851748,2935218918344.3213,163,S5_twin_shock_imf_bailout,indonesia,USDC
103,0.8617082063237815,2934610667526.3853,163,S5_twin_shock_imf_bailout,indonesia,USDC
104,0.872458403105023,2934094670610.8433,163,S5_twin_shock_imf_bailout,indonesia,USDC
105,0.8965907768483325,2933699843433.924,163,S5_twin_shock_imf_bailout,indonesia,USDC
106,0.861958297155462,2933418988437.833,163,S5_twin_shock_imf_bailout,indonesia,USDC
107,0.8851771289266428,2933053284395.5547,163,S5_twin_shock_imf_bailout,indonesia,USDC
108,0.8771208253689564,2932803439446.3877,163,S5_twin_shock_imf_bailout,indonesia,USDC
109,0.8947975083962745,2932539920604.776,163,S5_twin_shock_imf_bailout,indonesia,USDC
110,0.8963037131308712,2932355966243.605,163,S5_twin_shock_imf_bailout,indonesia,USDC
111,0.9240617264575957,2932188768023.578,163,S5_twin_shock_imf_bailout,indonesia,USDC
112,0.9268331368687632,2932087391584.413,163,S5_twin_shock_imf_bailout,indonesia,USDC
113,0.9248332855497482,2931999242821.5137,163,S5_twin_shock_imf_bailout,indonesia,USDC
114,0.9276693754990047,2931913416292.2466,163,S5_twin_shock_imf_bailout,indonesia,USDC
115,0.9168678740023645,2931836599628.3296,163,S5_twin_shock_imf_bailout,indonesia,USDC
116,0.9142657580702165,2931743300690.447,163,S5_twin_shock_imf_bailout,indonesia,USDC
117,0.9039375433348941,2931650240997.836,163,S5_twin_shock_imf_bailout,indonesia,USDC
118,0.9168733396718006,2931539851075.987,163,S5_twin_shock_imf_bailout,indonesia,USDC
119,0.9388668351605606,2931454897011.5376,163,S5_twin_shock_imf_bailout,indonesia,USDC
120,0.9552063856698373,2931407839113.1924,163,S5_twin_shock_imf_bailout,indonesia,USDC
121,600000.9147085829,2858144736006.3105,163,S5_twin_shock_imf_bailout,indonesia,USDC
122,480001.95,2786723117606.1523,163,S5_twin_shock_imf_bailout,indonesia,USDC
123,384001.95,2717080639665.999,163,S5_twin_shock_imf_bailout,indonesia,USDC
124,307201.95,2649174103674.3486,163,S5_twin_shock_imf_bailout,indonesia,USDC
125,245761.95,2582961135082.49,163,S5_twin_shock_imf_bailout,indonesia,USDC
126,196609.95,2518400213905.4277,163,S5_twin_shock_imf_bailout,indonesia,USDC
127,157288.35,2455450694317.7925,163,S5_twin_shock_imf_bailout,indonesia,USDC
128,125831.06999999999,2394072815567.8477,163,S5_twin_shock_imf_bailout,indonesia,USDC
129,100665.246,2334227706065.0513,163,S5_twin_shock_imf_bailout,indonesia,USDC
130,80532.5868,2275877382122.545,163,S5_twin_shock_imf_bailout,indonesia,USDC
131,64426.45944,2218984742536.7773,163,S5_twin_shock_imf_bailout,indonesia,USDC
132,51541.557552,2163513559947.1948,163,S5_twin_shock_imf_bailout,indonesia,USDC
133,41233.6360416,2109428469727.5845,163,S5_twin_shock_imf_bailout,indonesia,USDC
134,32987.29883328,2056694957007.6501,163,S5_twin_shock_imf_bailout,indonesia,USDC
135,26390.229066624004,2005279342301.0635,163,S5_twin_shock_imf_bailout,indonesia,USDC
136,21112.573253299208,1955148766118.4204,163,S5_twin_shock_imf_bailout,indonesia,USDC
137,16890.448602639364,1906271172865.367,163,S5_twin_shock_imf_bailout,indonesia,USDC
138,13512.748882111493,1858615294263.658,163,S5_twin_shock_imf_bailout,indonesia,USDC
139,10810.589105689196,1812150632483.0068,163,S5_twin_shock_imf_bailout,indonesia,USDC
140,8648.861284551356,1766847443131.6843,163,S5_twin_shock_imf_bailout,indonesia,USDC
141,6919.479027641083,1722676718221.9941,163,S5_twin_shock_imf_bailout,indonesia,USDC
142,5535.973222112866,1679610169201.3257,163,S5_twin_shock_imf_bailout,indonesia,USDC
143,4429.168577690293,1637620210119.1978,163,S5_twin_shock_imf_bailout,indonesia,USDC
144,3543.724862152234,1596679940984.5417,163,S5_twin_shock_imf_bailout,indonesia,USDC
145,2835.3698897217873,1556763131354.5874,163,S5_twin_shock_imf_bailout,indonesia,USDC
146,2268.6859117774297,1517844204186.4502,163,S5_twin_shock_imf_bailout,indonesia,USDC
147,1815.338729421944,1479898219974.371,163,S5_twin_shock_imf_bailout,indonesia,USDC
148,1452.6609835375552,1442900861189.0771,163,S5_twin_shock_imf_bailout,indonesia,USDC
149,1162.518786830044,1406828417030.603,163,S5_twin_shock_imf_bailout,indonesia,USDC
150,930.4050294640354,1371657768501.8398,163,S5_twin_shock_imf_bailout,indonesia,USDC
151,744.7140235712283,1337366373806.8953,163,S5_twin_shock_imf_bailout,indonesia,USDC
152,596.1612188569826,1303932254075.8042,163,S5_twin_shock_imf_bailout,indonesia,USDC
153,477.3189750855861,1271333979415.174,163,S5_twin_shock_imf_bailout,indonesia,USDC
154,382.24518006846887,1239550655282.807,163,S5_twin_shock_imf_bailout,indonesia,USDC
155,306.1861440547751,1208561909183.1465,163,S5_twin_shock_imf_bailout,indonesia,USDC
156,245.3389152438201,1178347877679.4954,163,S5_twin_shock_imf_bailout,indonesia,USDC
157,196.66113219505607,1148889193718.2502,163,S5_twin_shock_imf_bailout,indonesia,USDC
158,157.71890575604485,1120166974259.8877,163,S5_twin_shock_imf_bailout,indonesia,USDC
159,126.5651246048359,1092162808211.0654,163,S5_twin_shock_imf_bailout,indonesia,USDC
160,101.64209968386872,1064858744651.9288,163,S5_twin_shock_imf_bailout,indonesia,USDC
161,81.70367974709498,1038237281352.5427,163,S5_twin_shock_imf_bailout,indonesia,USDC
162,65.75294379767598,1012281353572.2587,163,S5_twin_shock_imf_bailout,indonesia,USDC
163,52.99235503814079,986974323135.7759,163,S5_twin_shock_imf_bailout,indonesia,USDC
164,42.78388403051264,962299967779.6404,163,S5_twin_shock_imf_bailout,indonesia,USDC
165,34.61710722441011,938242470762.9565,163,S5_twin_shock_imf_bailout,indonesia,USDC
166,28.083685779528086,914786410736.1284,163,S5_twin_shock_imf_bailout,indonesia,USDC
167,22.85694862362247,891916751861.5217,163,S5_twin_shock_imf_bailout,indonesia,USDC
168,18.675558898897975,869618834180.021,163,S5_twin_shock_imf_bailout,indonesia,USDC
169,15.330447119118379,847878364217.5503,163,S5_twin_shock_imf_bailout,indonesia,USDC
170,12.654357695294703,826681405825.7354,163,S5_twin_shock_imf_bailout,indonesia,USDC
171,10.513486156235762,806014371250.991,163,S5_twin_shock_imf_bailout,indonesia,USDC
172,8.800788924988609,785864012426.4355,163,S5_twin_shock_imf_bailout,indonesia,USDC
173,7.430631139990888,766217412481.15,163,S5_twin_shock_imf_bailout,indonesia,USDC
174,6.334504911992711,747061977461.4216,163,S5_twin_shock_imf_bailout,indonesia,USDC
175,5.457603929594168,728385428258.7263,163,S5_twin_shock_imf_bailout,indonesia,USDC
176,4.756083143675334,710175792739.3303,163,S5_twin_shock_imf_bailout,indonesia,USDC
177,4.1948665149402675,692421398070.5049,163,S5_twin_shock_imf_bailout,indonesia,USDC
178,3.745893211952214,675110863238.4685,163,S5_twin_shock_imf_bailout,indonesia,USDC
179,3.3867145695617715,658233091753.2878,163,S5_twin_shock_imf_bailout,indonesia,USDC
180,3.099371655649417,641777264536.0803,163,S5_twin_shock_imf_bailout,indonesia,USDC
181,2.8694973245195334,625732832983.9783,163,S5_twin_shock_imf_bailout,indonesia,USDC
182,2.685597859615627,610089512208.4187,163,S5_twin_shock_imf_bailout,indonesia,USDC
183,2.5384782876925014,594837274442.4401,163,S5_twin_shock_imf_bailout,indonesia,USDC
184,2.420782630154001,579966342612.7644,163,S5_twin_shock_imf_bailout,indonesia,USDC
185,2.326626104123201,565467184072.5538,163,S5_twin_shock_imf_bailout,indonesia,USDC
186,2.2513008832985606,551330504490.8267,163,S5_twin_shock_imf_bailout,indonesia,USDC
187,2.1910407066388484,537547241894.62537,163,S5_twin_shock_imf_bailout,indonesia,USDC
188,2.1364071625193355,524108560860.1153,163,S5_twin_shock_imf_bailout,indonesia,USDC
189,2.104266052248863,511005846848.8967,163,S5_twin_shock_imf_bailout,indonesia,USDC
190,2.0734128417990907,498230700685.90186,163,S5_twin_shock_imf_bailout,indonesia,USDC
191,1.98796799839608,485774933175.3363,163,S5_twin_shock_imf_bailout,indonesia,USDC
192,1.908113701574726,473630559851.21857,163,S5_twin_shock_imf_bailout,indonesia,USDC
193,1.7850252113984413,461789795859.15063,163,S5_twin_shock_imf_bailout,indonesia,USDC
194,1.7586767076105572,450245050966.0419,163,S5_twin_shock_imf_bailout,indonesia,USDC
195,1.6653429849756618,438988924694.5868,163,S5_twin_shock_imf_bailout,indonesia,USDC
196,1.5854610035271337,428014201579.3789,163,S5_twin_shock_imf_bailout,indonesia,USDC
197,1.4658704649135008,417313846541.6198,163,S5_twin_shock_imf_bailout,indonesia,USDC
198,1.3740548691313026,406881000379.4596,163,S5_twin_shock_imf_bailout,indonesia,USDC
199,1.2938134678322613,396708975371.07745,163,S5_twin_shock_imf_bailout,indonesia,USDC
200,1.2890558998607573,386791250987.6839,163,S5_twin_shock_imf_bailout,indonesia,USDC
201,1.234989002121072,377121469713.69855,163,S5_twin_shock_imf_bailout,indonesia,USDC
202,1.223974369844416,367693432971.4215,163,S5_twin_shock_imf_bailout,indonesia,USDC
203,1.2144153471926131,358501097147.58826,163,S5_twin_shock_imf_bailout,indonesia,USDC
204,1.1544603626535448,349538569719.26044,163,S5_twin_shock_imf_bailout,indonesia,USDC
205,1.098164756827217,340800105476.56836,163,S5_twin_shock_imf_bailout,indonesia,USDC
206,1.081204967496898,332280102839.88574,163,S5_twin_shock_imf_bailout,indonesia,USDC
207,1.0642577330674734,323973100269.07385,163,S5_twin_shock_imf_bailout,indonesia,USDC
208,1.0240567183095364,315873772762.49524,163,S5_twin_shock_imf_bailout,indonesia,USDC
209,1.0286634796149647,307976928443.55145,163,S5_twin_shock_imf_bailout,indonesia,USDC
210,1.0215549143476765,300277505232.5575,163,S5_twin_shock_imf_bailout,indonesia,USDC
211,1.0134207552101582,292770567601.81946,163,S5_twin_shock_imf_bailout,indonesia,USDC
212,0.9865831775971222,285451303411.83466,163,S5_twin_shock_imf_bailout,indonesia,USDC
213,0.9805926689422149,278315020826.58734,163,S5_twin_shock_imf_bailout,indonesia,USDC
214,0.9636770320221486,271357145305.96155,163,S5_twin_shock_imf_bailout,indonesia,USDC
215,0.9565910049488596,264566008015.54092,163,S5_twin_shock_imf_bailout,indonesia,USDC
216,0.9229050429284374,257935099666.54462,163,S5_twin_shock_imf_bailout,indonesia,USDC
217,0.9082111366109318,251421578227.27765,163,S5_twin_shock_imf_bailout,indonesia,USDC
218,0.8870423194518166,245058721157.70844,163,S5_twin_shock_imf_bailout,indonesia,USDC
219,0.8963190820108387,238836668905.27982,163,S5_twin_shock_imf_bailout,indonesia,USDC
220,0.8841334509199664,232785837409.14374,163,S5_twin_shock_imf_bailout,indonesia,USDC
221,0.8524423597311017,226875563419.67953,163,S5_twin_shock_imf_bailout,indonesia,USDC
222,0.8586692128378276,221092950394.39166,163,S5_twin_shock_imf_bailout,indonesia,USDC
223,0.8437754287954206,215475256657.06567,163,S5_twin_shock_imf_bailout,indonesia,USDC
224,0.846191109261287,209993112535.96533,163,S5_twin_shock_imf_bailout,indonesia,USDC
225,0.8326893512867818,204662004295.59354,163,S5_twin_shock_imf_bailout,indonesia,USDC
226,0.8381759439409341,199471606693.6236,163,S5_twin_shock_imf_bailout,indonesia,USDC
227,0.7934229908870267,194420708604.19302,163,S5_twin_shock_imf_bailout,indonesia,USDC
228,0.8096247064077553,189485624637.5533,163,S5_twin_shock_imf_bailout,indonesia,USDC
229,0.8168753363418831,184695139590.83185,163,S5_twin_shock_imf_bailout,indonesia,USDC
230,0.7962507731500625,180033855544.31,163,S5_twin_shock_imf_bailout,indonesia,USDC
231,0.7910382622483835,175489845985.63492,163,S5_twin_shock_imf_bailout,indonesia,USDC
232,0.7696723241194764,171065222867.6767,163,S5_twin_shock_imf_bailout,indonesia,USDC
233,0.7643902505891579,166754472172.58392,163,S5_twin_shock_imf_bailout,indonesia,USDC
234,0.7539542336020455,162557822995.91974,163,S5_twin_shock_imf_bailout,indonesia,USDC
235,0.761356858142676,158472178861.81512,163,S5_twin_shock_imf_bailout,indonesia,USDC
236,0.7688379204237367,154493825143.03537,163,S5_twin_shock_imf_bailout,indonesia,USDC
237,0.7884708238759157,150618508663.90894,163,S5_twin_shock_imf_bailout,indonesia,USDC
238,0.7952916261395544,146843298435.78525,163,S5_twin_shock_imf_bailout,indonesia,USDC
239,0.7856007901822091,143164885758.187,163,S5_twin_shock_imf_bailout,indonesia,USDC
240,0.7862259847468541,139579364698.578,163,S5_twin_shock_imf_bailout,indonesia,USDC
241,0.7569518014333533,136084460361.28423,163,S5_twin_shock_imf_bailout,indonesia,USDC
242,0.7735893734670704,132677350919.2464,163,S5_twin_shock_imf_bailout,indonesia,USDC
243,0.7901320069308114,129356733744.5504,163,S5_twin_shock_imf_bailout,indonesia,USDC
244,0.7868893550261132,126120282191.29846,163,S5_twin_shock_imf_bailout,indonesia,USDC
245,0.7824370351219412,122965058498.85458,163,S5_twin_shock_imf_bailout,indonesia,USDC
246,0.7939412482081747,119889045245.72981,163,S5_twin_shock_imf_bailout,indonesia,USDC
247,0.8093211749547025,116890474112.17644,163,S5_twin_shock_imf_bailout,indonesia,USDC
248,0.8048882849616289,113967173838.818,163,S5_twin_shock_imf_bailout,indonesia,USDC
249,0.7965063783407894,111117097206.78485,163,S5_twin_shock_imf_bailout,indonesia,USDC
250,0.7993209680160569,108338380995.58899,163,S5_twin_shock_imf_bailout,indonesia,USDC
251,0.810508529999812,105629265879.20255,163,S5_twin_shock_imf_bailout,indonesia,USDC
252,0.773117535678563,102988037671.57011,163,S5_twin_shock_imf_bailout,indonesia,USDC
253,0.7568838130861929,100412829982.99573,163,S5_twin_shock_imf_bailout,indonesia,USDC
254,0.7679789039257594,97902056393.04903,163,S5_twin_shock_imf_bailout,indonesia,USDC
255,0.7727997931824256,95454153070.76225,163,S5_twin_shock_imf_bailout,indonesia,USDC
256,0.7649079638730664,93067542940.14102,163,S5_twin_shock_imf_bailout,indonesia,USDC
257,0.7652329250981228,90740638808.57532,163,S5_twin_shock_imf_bailout,indonesia,USDC
258,0.7808120039743074,88471940041.35208,163,S5_twin_shock_imf_bailout,indonesia,USDC
259,0.7855023590910962,86260008303.43988,163,S5_twin_shock_imf_bailout,indonesia,USDC
260,0.808163441895168,84103407577.24652,163,S5_twin_shock_imf_bailout,indonesia,USDC
261,0.8276626879122284,82000747413.55417,163,S5_twin_shock_imf_bailout,indonesia,USDC
262,0.8243326899714751,79950674938.84975,163,S5_twin_shock_imf_bailout,indonesia,USDC
263,0.7974339129400638,77951859918.6225,163,S5_twin_shock_imf_bailout,indonesia,USDC
264,0.7827581310207975,76003015876.12083,163,S5_twin_shock_imf_bailout,indonesia,USDC
265,0.8198313242714109,74102897890.68849,163,S5_twin_shock_imf_bailout,indonesia,USDC
266,0.8147072058232776,72250297800.62259,163,S5_twin_shock_imf_bailout,indonesia,USDC
267,0.8186058243029737,70444015590.87541,163,S5_twin_shock_imf_bailout,indonesia,USDC
268,0.828611539221584,68682894923.28125,163,S5_twin_shock_imf_bailout,indonesia,USDC
269,0.8234533029159333,66965806568.26985,163,S5_twin_shock_imf_bailout,indonesia,USDC
270,0.8105824390520385,65291647253.6044,163,S5_twin_shock_imf_bailout,indonesia,USDC
271,0.8258132356308301,63659343531.036835,163,S5_twin_shock_imf_bailout,indonesia,USDC
272,0.8388586543433805,62067850187.32088,163,S5_twin_shock_imf_bailout,indonesia,USDC
273,0.8191404963843494,60516146197.26213,163,S5_twin_shock_imf_bailout,indonesia,USDC
274,0.7938972257529903,59003235308.211,163,S5_twin_shock_imf_bailout,indonesia,USDC
275,0.7784031989383845,57528146755.77962,163,S5_twin_shock_imf_bailout,indonesia,USDC
276,0.7850986685827108,56089936394.577415,163,S5_twin_shock_imf_bailout,indonesia,USDC
277,0.7887010862387186,54687682767.29712,163,S5_twin_shock_imf_bailout,indonesia,USDC
278,0.7836351949790379,53320486461.60193,163,S5_twin_shock_imf_bailout,indonesia,USDC
279,0.7897721338405576,51987470830.92203,163,S5_twin_shock_imf_bailout,indonesia,USDC
280,0.786150614049265,50687781280.38905,163,S5_twin_shock_imf_bailout,indonesia,USDC
281,0.7903638345989434,49420584531.18654,163,S5_twin_shock_imf_bailout,indonesia,USDC
282,0.7961329922787389,48185068146.40264,163,S5_twin_shock_imf_bailout,indonesia,USDC
283,0.7723336872194296,46980440004.89307,163,S5_twin_shock_imf_bailout,indonesia,USDC
284,0.732817006812321,45805927682.94683,163,S5_twin_shock_imf_bailout,indonesia,USDC
285,0.7500272082235533,44660778187.32596,163,S5_twin_shock_imf_bailout,indonesia,USDC
286,0.7555490325742995,43544257812.51731,163,S5_twin_shock_imf_bailout,indonesia,USDC
287,0.7691130860625164,42455650672.12421,163,S5_twin_shock_imf_bailout,indonesia,USDC
288,0.7754202373750907,41394258895.43337,163,S5_twin_shock_imf_bailout,indonesia,USDC
289,0.7866179317624366,40359402021.02829,163,S5_twin_shock_imf_bailout,indonesia,USDC
290,0.7925019542661309,39350416667.62199,163,S5_twin_shock_imf_bailout,indonesia,USDC
291,0.7865263300514401,38366656027.08856,163,S5_twin_shock_imf_bailout,indonesia,USDC
292,0.7971314332983166,37407489427.30452,163,S5_twin_shock_imf_bailout,indonesia,USDC
293,0.8025742391569487,36472302035.45966,163,S5_twin_shock_imf_bailout,indonesia,USDC
294,0.7920091236312584,35560494365.37828,163,S5_twin_shock_imf_bailout,indonesia,USDC
295,0.8067144572733836,34671481898.349106,163,S5_twin_shock_imf_bailout,indonesia,USDC
296,0.8130768778277632,33804694769.37607,163,S5_twin_shock_imf_bailout,indonesia,USDC
297,0.8273767888387205,32959577337.53688,163,S5_twin_shock_imf_bailout,indonesia,USDC
298,0.8271803767732833,32135587854.963898,163,S5_twin_shock_imf_bailout,indonesia,USDC
299,0.8324164887375305,31332198115.25861,163,S5_twin_shock_imf_bailout,indonesia,USDC
300,0.8082267755360332,30548893126.67798,163,S5_twin_shock_imf_bailout,indonesia,USDC
301,0.77403898733589,29785170762.50309,163,S5_twin_shock_imf_bailout,indonesia,USDC
302,0.754081062203635,29040541458.275787,163,S5_twin_shock_imf_bailout,indonesia,USDC
303,0.7502861980246276,28314527889.808826,163,S5_twin_shock_imf_bailout,indonesia,USDC
304,0.7452026435496749,27606664665.939976,163,S5_twin_shock_imf_bailout,indonesia,USDC
305,0.7508002459564953,26916498029.051258,163,S5_twin_shock_imf_bailout,indonesia,USDC
306,0.7371154895267334,26243585562.968124,163,S5_twin_shock_imf_bailout,indonesia,USDC
307,0.7451494215212586,25587495911.362335,163,S5_twin_shock_imf_bailout,indonesia,USDC
308,0.7496126957386857,24947808503.839897,163,S5_twin_shock_imf_bailout,indonesia,USDC
309,0.7384082170472321,24324113283.863945,163,S5_twin_shock_imf_bailout,indonesia,USDC
310,0.7620603220161525,23716010445.985043,163,S5_twin_shock_imf_bailout,indonesia,USDC
311,0.7459089874992605,23123110180.57244,163,S5_twin_shock_imf_bailout,indonesia,USDC
312,0.7756025259166096,22545032422.653496,163,S5_twin_shock_imf_bailout,indonesia,USDC
313,0.7747442976332193,21981406609.734314,163,S5_twin_shock_imf_bailout,indonesia,USDC
314,0.7868451268832023,21431871442.58311,163,S5_twin_shock_imf_bailout,indonesia,USDC
315,0.7857124181782988,20896074655.01597,163,S5_twin_shock_imf_bailout,indonesia,USDC
316,0.7839264943781904,20373672787.46351,163,S5_twin_shock_imf_bailout,indonesia,USDC
317,0.8004070783882826,19864330966.805283,163,S5_twin_shock_imf_bailout,indonesia,USDC
318,0.8041233474312898,19367722691.926533,163,S5_twin_shock_imf_bailout,indonesia,USDC
319,0.8149073106848955,18883529624.049442,163,S5_twin_shock_imf_bailout,indonesia,USDC
320,0.8185928962175893,18411441382.96552,163,S5_twin_shock_imf_bailout,indonesia,USDC
321,0.8133231710236787,17951155347.995506,163,S5_twin_shock_imf_bailout,indonesia,USDC
322,0.8007701706987274,17502376463.94991,163,S5_twin_shock_imf_bailout,indonesia,USDC
323,0.79844295653459,17064817052.050632,163,S5_twin_shock_imf_bailout,indonesia,USDC
324,0.8112708180693976,16638196625.485119,163,S5_twin_shock_imf_bailout,indonesia,USDC
325,0.8058071966678335,16222241709.654152,163,S5_twin_shock_imf_bailout,indonesia,USDC
326,0.803030720920511,15816685666.741354,163,S5_twin_shock_imf_bailout,indonesia,USDC
327,0.7961438551056986,15421268524.932781,163,S5_twin_shock_imf_bailout,indonesia,USDC
328,0.8074217501829188,15035736811.679605,163,S5_twin_shock_imf_bailout,indonesia,USDC
329,0.8311414254945348,14659843391.292057,163,S5_twin_shock_imf_bailout,indonesia,USDC
330,0.8026457293739245,14293347306.439684,163,S5_twin_shock_imf_bailout,indonesia,USDC
331,0.8032315731161527,13936013623.706337,163,S5_twin_shock_imf_bailout,indonesia,USDC
332,0.8202544515120411,13587613283.054586,163,S5_twin_shock_imf_bailout,indonesia,USDC
333,0.8183381927688439,13247922950.93504,163,S5_twin_shock_imf_bailout,indonesia,USDC
334,0.8142707855937221,12916724877.124271,163,S5_twin_shock_imf_bailout,indonesia,USDC
335,0.7845764720948258,12593806755.161325,163,S5_twin_shock_imf_bailout,indonesia,USDC
336,0.7780277508936505,12278961586.249495,163,S5_twin_shock_imf_bailout,indonesia,USDC
337,0.7361103402692633,11971987546.564892,163,S5_twin_shock_imf_bailout,indonesia,USDC
338,0.7136142840190666,11672687857.87324,163,S5_twin_shock_imf_bailout,indonesia,USDC
339,0.7178029207369725,11380870661.402641,163,S5_twin_shock_imf_bailout,indonesia,USDC
340,0.6964429631222471,11096348894.849844,163,S5_twin_shock_imf_bailout,indonesia,USDC
341,0.6985321446564382,10818940172.464754,163,S5_twin_shock_imf_bailout,indonesia,USDC
342,0.6901181543396265,10548466668.143057,163,S5_twin_shock_imf_bailout,indonesia,USDC
343,0.6761920456150466,10284755001.431835,163,S5_twin_shock_imf_bailout,indonesia,USDC
344,0.6949359869009093,10027636126.390068,163,S5_twin_shock_imf_bailout,indonesia,USDC
345,0.700793448472558,9776945223.22638,163,S5_twin_shock_imf_bailout,indonesia,USDC
346,0.7253063272299415,9532521592.642807,163,S5_twin_shock_imf_bailout,indonesia,USDC
347,0.7399361741018635,9294208552.824858,163,S5_twin_shock_imf_bailout,indonesia,USDC
348,0.7601256537753127,9061853339.00296,163,S5_twin_shock_imf_bailout,indonesia,USDC
349,0.7603764254520754,8835307005.526983,163,S5_twin_shock_imf_bailout,indonesia,USDC
350,0.7565215239050856,8614424330.388063,163,S5_twin_shock_imf_bailout,indonesia,USDC
351,0.7600540902896452,8399063722.12775,163,S5_twin_shock_imf_bailout,indonesia,USDC
352,0.739720196153483,8189087129.074088,163,S5_twin_shock_imf_bailout,indonesia,USDC
353,0.7224756697118366,7984359950.846832,163,S5_twin_shock_imf_bailout,indonesia,USDC
354,0.6593529874763872,7784750952.075336,163,S5_twin_shock_imf_bailout,indonesia,USDC
355,0.6666265725658268,7590132178.273142,163,S5_twin_shock_imf_bailout,indonesia,USDC
356,0.6817231758618253,7400378873.816114,163,S5_twin_shock_imf_bailout,indonesia,USDC
357,0.6863562945260004,7215369401.970577,163,S5_twin_shock_imf_bailout,indonesia,USDC
358,0.7165431964323455,7034985166.921217,163,S5_twin_shock_imf_bailout,indonesia,USDC
359,0.7260138350709086,6859110537.748127,163,S5_twin_shock_imf_bailout,indonesia,USDC
360,0.7423491268098187,6687632774.304382,163,S5_twin_shock_imf_bailout,indonesia,USDC
361,0.7529536459475629,6520441954.946743,163,S5_twin_shock_imf_bailout,indonesia,USDC
362,0.7654761581861688,6357430906.073052,163,S5_twin_shock_imf_bailout,indonesia,USDC
363,0.7585171937137636,6198495133.421209,163,S5_twin_shock_imf_bailout,indonesia,USDC
364,0.768254967761447,6043532755.085666,163,S5_twin_shock_imf_bailout,indonesia,USDC
365,0.785413504916376,5892444436.208513,163,S5_twin_shock_imf_bailout,indonesia,USDC
366,0.8092239556804682,5745133325.303293,163,S5_twin_shock_imf_bailout,indonesia,USDC
367,0.8129035909404624,5601504992.170707,163,S5_twin_shock_imf_bailout,indonesia,USDC
368,0.8177252869332986,5461467367.366434,163,S5_twin_shock_imf_bailout,indonesia,USDC
369,0.8184625318330281,5324930683.18227,163,S5_twin_shock_imf_bailout,indonesia,USDC
370,0.8032975251698019,5191807416.10271,163,S5_twin_shock_imf_bailout,indonesia,USDC
371,0.8085548433443434,5062012230.700139,163,S5_twin_shock_imf_bailout,indonesia,USDC
372,0.8053047094494781,4935461924.932633,163,S5_twin_shock_imf_bailout,indonesia,USDC
373,0.8024098434270786,4812075376.809316,163,S5_twin_shock_imf_bailout,indonesia,USDC
374,0.8119777912699769,4691773492.389081,163,S5_twin_shock_imf_bailout,indonesia,USDC
375,0.7911719723741376,4574479155.079352,163,S5_twin_shock_imf_bailout,indonesia,USDC
376,0.7850453692784449,4460117176.202368,163,S5_twin_shock_imf_bailout,indonesia,USDC
377,0.7917338252180441,4348614246.797308,163,S5_twin_shock_imf_bailout,indonesia,USDC
378,0.8207422841557335,4239898890.627374,163,S5_twin_shock_imf_bailout,indonesia,USDC
379,0.8205123907753692,4133901418.3616896,163,S5_twin_shock_imf_bailout,indonesia,USDC
380,0.8146845895324399,4030553882.902646,163,S5_twin_shock_imf_bailout,indonesia,USDC
381,0.7788565526934587,3929790035.830079,163,S5_twin_shock_imf_bailout,indonesia,USDC
382,0.7742794682772686,3831545284.934326,163,S5_twin_shock_imf_bailout,indonesia,USDC
383,0.7729170612080615,3735756652.810968,163,S5_twin_shock_imf_bailout,indonesia,USDC
384,0.765274959508583,3642362736.490694,163,S5_twin_shock_imf_bailout,indonesia,USDC
385,0.7605814190727599,3551303668.0784264,163,S5_twin_shock_imf_bailout,indonesia,USDC
386,0.7632596411855963,3462521076.376466,163,S5_twin_shock_imf_bailout,indonesia,USDC
387,0.7708235019525972,3375958049.4670544,163,S5_twin_shock_imf_bailout,indonesia,USDC
388,0.7820557625353005,3291559098.230378,163,S5_twin_shock_imf_bailout,indonesia,USDC
389,0.7962044962051457,3209270120.774618,163,S5_twin_shock_imf_bailout,indonesia,USDC
390,0.802168317637716,3129038367.755253,163,S5_twin_shock_imf_bailout,indonesia,USDC
391,0.8097280367265878,3050812408.5613713,163,S5_twin_shock_imf_bailout,indonesia,USDC
392,0.8045102700398719,2974542098.3473372,163,S5_twin_shock_imf_bailout,indonesia,USDC
393,0.8116969404833189,2900178545.8886538,163,S5_twin_shock_imf_bailout,indonesia,USDC
394,0.7868840342468302,2827674082.2414374,163,S5_twin_shock_imf_bailout,indonesia,USDC
395,0.8237750790426825,2756982230.1854014,163,S5_twin_shock_imf_bailout,indonesia,USDC
396,0.8127873101975238,2688057674.4307666,163,S5_twin_shock_imf_bailout,indonesia,USDC
397,0.8080154243278809,2620856232.5699973,163,S5_twin_shock_imf_bailout,indonesia,USDC
398,0.824156361588227,2555334826.7557473,163,S5_twin_shock_imf_bailout,indonesia,USDC
399,0.7930732536679728,2491451456.086854,163,S5_twin_shock_imf_bailout,indonesia,USDC
400,0.816022496708964,2429165169.6846824,163,S5_twin_shock_imf_bailout,indonesia,USDC
401,0.7910119623109698,2368436040.4425654,163,S5_twin_shock_imf_bailout,indonesia,USDC
402,0.7809245532411145,2309225139.431501,163,S5_twin_shock_imf_bailout,indonesia,USDC
403,0.7657388790129762,2251494510.9457135,163,S5_twin_shock_imf_bailout,indonesia,USDC
404,0.744687790245496,2195207148.172071,163,S5_twin_shock_imf_bailout,indonesia,USDC
405,0.7680982583059758,2140326969.4677691,163,S5_twin_shock_imf_bailout,indonesia,USDC
406,0.7537110424757482,2086818795.2310748,163,S5_twin_shock_imf_bailout,indonesia,USDC
407,0.7504756577253751,2034648325.350298,163,S5_twin_shock_imf_bailout,indonesia,USDC
408,0.7082510122677225,1983782117.2165408,163,S5_twin_shock_imf_bailout,indonesia,USDC
409,0.7021847324063836,1934187564.286127,163,S5_twin_shock_imf_bailout,indonesia,USDC
410,0.7221502599250771,1885832875.1789737,163,S5_twin_shock_imf_bailout,indonesia,USDC
411,0.7184892475414016,1838687053.2994995,163,S5_twin_shock_imf_bailout,indonesia,USDC
412,0.7089146719461051,1792719876.967012,163,S5_twin_shock_imf_bailout,indonesia,USDC
413,0.7261314861078004,1747901880.0428367,163,S5_twin_shock_imf_bailout,indonesia,USDC
414,0.7353807198401635,1704204333.0417662,163,S5_twin_shock_imf_bailout,indonesia,USDC
415,0.7273100172698709,1661599224.7157216,163,S5_twin_shock_imf_bailout,indonesia,USDC
416,0.7242766247620667,1620059244.0978284,163,S5_twin_shock_imf_bailout,indonesia,USDC
417,0.7620805052852986,1579557762.9953828,163,S5_twin_shock_imf_bailout,indonesia,USDC
418,0.649934432910364,1540068818.9204984,163,S5_twin_shock_imf_bailout,indonesia,USDC
419,0.6700294835669364,1501567098.447486,163,S5_twin_shock_imf_bailout,indonesia,USDC
420,0.6782496683172251,1464027920.9862988,163,S5_twin_shock_imf_bailout,indonesia,USDC
421,0.7009849359714759,1427427222.9616413,163,S5_twin_shock_imf_bailout,indonesia,USDC
422,0.7083327730124489,1391741542.3876002,163,S5_twin_shock_imf_bailout,indonesia,USDC
423,0.7286673876340661,1356948003.8279104,163,S5_twin_shock_imf_bailout,indonesia,USDC
424,0.7387059450934964,1323024303.7322125,163,S5_twin_shock_imf_bailout,indonesia,USDC
425,0.7372225103661217,1289948696.1389072,163,S5_twin_shock_imf_bailout,indonesia,USDC
426,0.7646980372172182,1257699978.7354345,163,S5_twin_shock_imf_bailout,indonesia,USDC
427,0.8060122249982127,1226257479.2670486,163,S5_twin_shock_imf_bailout,indonesia,USDC
428,0.8311008447192768,1195601042.2853723,163,S5_twin_shock_imf_bailout,indonesia,USDC
429,0.8328103610737304,1165711016.228238,163,S5_twin_shock_imf_bailout,indonesia,USDC
430,0.8381934479856343,1136568240.8225322,163,S5_twin_shock_imf_bailout,indonesia,USDC
431,0.8121819102253472,1108154034.8019688,163,S5_twin_shock_imf_bailout,indonesia,USDC
432,0.8274660699442992,1080450183.9319196,163,S5_twin_shock_imf_bailout,indonesia,USDC
433,0.8190615319395196,1053438929.3336217,163,S5_twin_shock_imf_bailout,indonesia,USDC
434,0.8292062101965931,1027102956.1002811,163,S5_twin_shock_imf_bailout,indonesia,USDC
435,0.8328265322355863,1001425382.1977742,163,S5_twin_shock_imf_bailout,indonesia,USDC
436,0.8352786598149998,976389747.6428298,163,S5_twin_shock_imf_bailout,indonesia,USDC
437,0.8118368829557374,951980003.9517591,163,S5_twin_shock_imf_bailout,indonesia,USDC
438,0.8082250629067375,928180503.8529651,163,S5_twin_shock_imf_bailout,indonesia,USDC
439,0.8050630211898748,904975991.2566409,163,S5_twin_shock_imf_bailout,indonesia,USDC
440,0.7892419264520377,882351591.4752249,163,S5_twin_shock_imf_bailout,indonesia,USDC
441,0.8026845891993879,860292801.6883441,163,S5_twin_shock_imf_bailout,indonesia,USDC
442,0.7996285845081421,838785481.6461356,163,S5_twin_shock_imf_bailout,indonesia,USDC
443,0.7924888686308471,817815844.6049821,163,S5_twin_shock_imf_bailout,indonesia,USDC
444,0.7823740790670816,797370448.4898577,163,S5_twin_shock_imf_bailout,indonesia,USDC
445,0.7991448599460197,777436187.2776113,163,S5_twin_shock_imf_bailout,indonesia,USDC
446,0.793669957651504,758000282.5956709,163,S5_twin_shock_imf_bailout,indonesia,USDC
447,0.7969723573507547,739050275.5307791,163,S5_twin_shock_imf_bailout,indonesia,USDC
448,0.8031871234228994,720574018.6425096,163,S5_twin_shock_imf_bailout,indonesia,USDC
449,0.7894191763066644,702559668.1764469,163,S5_twin_shock_imf_bailout,indonesia,USDC
450,0.7961297102282768,684995676.4720358,163,S5_twin_shock_imf_bailout,indonesia,USDC
451,0.7981514546056765,667870784.5602349,163,S5_twin_shock_imf_bailout,indonesia,USDC
452,0.807761232262603,651174014.946229,163,S5_twin_shock_imf_bailout,indonesia,USDC
453,0.8073969665066799,634894664.5725732,163,S5_twin_shock_imf_bailout,indonesia,USDC
454,0.8151765758398621,619022297.9582589,163,S5_twin_shock_imf_bailout,indonesia,USDC
455,0.8061015415339806,603546740.5093024,163,S5_twin_shock_imf_bailout,indonesia,USDC
456,0.8051528737888817,588458071.9965699,163,S5_twin_shock_imf_bailout,indonesia,USDC
457,0.8028921874426739,573746620.1966556,163,S5_twin_shock_imf_bailout,indonesia,USDC
458,0.7931457547197952,559402954.6917392,163,S5_twin_shock_imf_bailout,indonesia,USDC
459,0.7663816105742958,545417880.8244457,163,S5_twin_shock_imf_bailout,indonesia,USDC
460,0.7895062726352746,531782433.80383456,163,S5_twin_shock_imf_bailout,indonesia,USDC
461,0.7669718114699033,518487872.9587387,163,S5_twin_shock_imf_bailout,indonesia,USDC
462,0.7900502670001996,505525676.1347703,163,S5_twin_shock_imf_bailout,indonesia,USDC
463,0.7917841363807218,492887534.231401,163,S5_twin_shock_imf_bailout,indonesia,USDC
464,0.7848738420919775,480565345.87561595,163,S5_twin_shock_imf_bailout,indonesia,USDC
465,0.7832147039227572,468551212.22872555,163,S5_twin_shock_imf_bailout,indonesia,USDC
466,0.7831572816240951,456837431.9230075,163,S5_twin_shock_imf_bailout,indonesia,USDC
467,0.80437952921939,445416496.1249323,163,S5_twin_shock_imf_bailout,indonesia,USDC
468,0.8363376971922627,434281083.721809,163,S5_twin_shock_imf_bailout,indonesia,USDC
469,0.8459277509379287,423424056.6287638,163,S5_twin_shock_imf_bailout,indonesia,USDC
470,0.8427959904055196,412838455.21304464,163,S5_twin_shock_imf_bailout,indonesia,USDC
471,0.8152084195400799,402517493.83271855,163,S5_twin_shock_imf_bailout,indonesia,USDC
472,0.8059797244966778,392454556.48690057,163,S5_twin_shock_imf_bailout,indonesia,USDC
473,0.7946515462833939,382643192.5747281,163,S5_twin_shock_imf_bailout,indonesia,USDC
474,0.8061476203539014,373077112.7603599,163,S5_twin_shock_imf_bailout,indonesia,USDC
475,0.7799249299019084,363750184.9413508,163,S5_twin_shock_imf_bailout,indonesia,USDC
476,0.7807895159290363,354656430.3178171,163,S5_twin_shock_imf_bailout,indonesia,USDC
477,0.7904120507977965,345790019.5598717,163,S5_twin_shock_imf_bailout,indonesia,USDC
478,0.7946268274233904,337145269.0708748,163,S5_twin_shock_imf_bailout,indonesia,USDC
479,0.7708768802405734,328716637.344103,163,S5_twin_shock_imf_bailout,indonesia,USDC
480,0.7773903698301771,320498721.4105004,163,S5_twin_shock_imf_bailout,indonesia,USDC
481,0.7883820857018909,312486253.3752379,163,S5_twin_shock_imf_bailout,indonesia,USDC
482,0.7812245539906201,304674097.04085696,163,S5_twin_shock_imf_bailout,indonesia,USDC
483,0.7757559413900251,297057244.6148355,163,S5_twin_shock_imf_bailout,indonesia,USDC
484,0.7672397471415572,289630813.49946463,163,S5_twin_shock_imf_bailout,indonesia,USDC
485,0.7785182462505923,282390043.161978,163,S5_twin_shock_imf_bailout,indonesia,USDC
486,0.763706291673203,275330292.08292854,163,S5_twin_shock_imf_bailout,indonesia,USDC
487,0.7710990803968107,268447034.78085536,163,S5_twin_shock_imf_bailout,indonesia,USDC
488,0.7525706155746209,261735858.91133395,163,S5_twin_shock_imf_bailout,indonesia,USDC
489,0.7409868902915817,255192462.43855062,163,S5_twin_shock_imf_bailout,indonesia,USDC
490,0.7558363437834783,248812650.87758684,163,S5_twin_shock_imf_bailout,indonesia,USDC
491,0.7775575362536666,242592334.6056472,163,S5_twin_shock_imf_bailout,indonesia,USDC
492,0.7761392168915442,236527526.240506,163,S5_twin_shock_imf_bailout,indonesia,USDC
493,0.7833934579183022,230614338.08449334,163,S5_twin_shock_imf_bailout,indonesia,USDC
494,0.7720133119510052,224848979.63238102,163,S5_twin_shock_imf_bailout,indonesia,USDC
495,0.7517344851747795,219227755.14157152,163,S5_twin_shock_imf_bailout,indonesia,USDC
496,0.7329132854997767,213747061.2630322,163,S5_twin_shock_imf_bailout,indonesia,USDC
497,0.7415956970168625,208403384.7314564,163,S5_twin_shock_imf_bailout,indonesia,USDC
498,0.7354495486067273,203193300.11316997,163,S5_twin_shock_imf_bailout,indonesia,USDC
499,0.7356321999178059,198113467.61034074,163,S5_twin_shock_imf_bailout,indonesia,USDC
500,0.7146207285757785,193160630.9200822,163,S5_twin_shock_imf_bailout,indonesia,USDC
501,0.7099043962486304,188331615.14708015,163,S5_twin_shock_imf_bailout,indonesia,USDC
502,0.7121955317244676,183623324.76840317,163,S5_twin_shock_imf_bailout,indonesia,USDC
503,0.7098153015499573,179032741.64919308,163,S5_twin_shock_imf_bailout,indonesia,USDC
504,0.7194837517060364,174556923.10796326,163,S5_twin_shock_imf_bailout,indonesia,USDC
505,0.7203411011394963,170193000.03026417,163,S5_twin_shock_imf_bailout,indonesia,USDC
506,0.722562993488597,165938175.02950758,163,S5_twin_shock_imf_bailout,indonesia,USDC
507,0.7228471267747254,161789720.65376988,163,S5_twin_shock_imf_bailout,indonesia,USDC
508,0.7332178429676327,157744977.63742563,163,S5_twin_shock_imf_bailout,indonesia,USDC
509,0.7610462450658446,153801353.19649,163,S5_twin_shock_imf_bailout,indonesia,USDC
510,0.7630147856136346,149956319.36657774,163,S5_twin_shock_imf_bailout,indonesia,USDC
511,0.7501070473865956,146207411.3824133,163,S5_twin_shock_imf_bailout,indonesia,USDC
512,0.7518531154058125,142552226.09785295,163,S5_twin_shock_imf_bailout,indonesia,USDC
513,0.7615335024208418,138988420.44540662,163,S5_twin_shock_imf_bailout,indonesia,USDC
514,0.7598099916078844,135513709.93427145,163,S5_twin_shock_imf_bailout,indonesia,USDC
515,0.7741873618450053,132125867.18591467,163,S5_twin_shock_imf_bailout,indonesia,USDC
516,0.7941127485188776,128822720.5062668,163,S5_twin_shock_imf_bailout,indonesia,USDC
517,0.8089299396560197,125602152.49361014,163,S5_twin_shock_imf_bailout,indonesia,USDC
518,0.797758658210558,122462098.68126988,163,S5_twin_shock_imf_bailout,indonesia,USDC
519,0.824173755449968,119400546.21423812,163,S5_twin_shock_imf_bailout,indonesia,USDC
520,0.8144197448765979,116415532.55888218,163,S5_twin_shock_imf_bailout,indonesia,USDC
521,0.7888132135543704,113505144.24491012,163,S5_twin_shock_imf_bailout,indonesia,USDC
522,0.7918609389539352,110667515.63878736,163,S5_twin_shock_imf_bailout,indonesia,USDC
523,0.7923605382929468,107900827.74781767,163,S5_twin_shock_imf_bailout,indonesia,USDC
524,0.8018816833145932,105203307.05412224,163,S5_twin_shock_imf_bailout,indonesia,USDC
525,0.8088092235257254,102573224.37776917,163,S5_twin_shock_imf_bailout,indonesia,USDC
526,0.8409154216507126,100008893.76832494,163,S5_twin_shock_imf_bailout,indonesia,USDC
527,0.8404013245223035,97508671.42411682,163,S5_twin_shock_imf_bailout,indonesia,USDC
528,0.8508636849406124,95070954.6385139,163,S5_twin_shock_imf_bailout,indonesia,USDC
529,0.8560836786465155,92694180.77255106,163,S5_twin_shock_imf_bailout,indonesia,USDC
530,0.8345357783087038,90376826.25323728,163,S5_twin_shock_imf_bailout,indonesia,USDC
531,0.8196571606690133,88117405.59690635,163,S5_twin_shock_imf_bailout,indonesia,USDC
532,0.8279035475135513,85914470.45698369,163,S5_twin_shock_imf_bailout,indonesia,USDC
533,0.7901233675794995,83766608.69555908,163,S5_twin_shock_imf_bailout,indonesia,USDC
534,0.7702154511348017,81672443.47817011,163,S5_twin_shock_imf_bailout,indonesia,USDC
535,0.7818568041279218,79630632.39121586,163,S5_twin_shock_imf_bailout,indonesia,USDC
536,0.7644983874697467,77639866.58143547,163,S5_twin_shock_imf_bailout,indonesia,USDC
537,0.7696502466135133,75698869.91689959,163,S5_twin_shock_imf_bailout,indonesia,USDC
538,0.7608851666900909,73806398.1689771,163,S5_twin_shock_imf_bailout,indonesia,USDC
539,0.7768790624763563,71961238.21475267,163,S5_twin_shock_imf_bailout,indonesia,USDC
540,0.7971186646952862,70162207.25938386,163,S5_twin_shock_imf_bailout,indonesia,USDC
541,0.7938797916028436,68408152.07789925,163,S5_twin_shock_imf_bailout,indonesia,USDC
542,0.8336546502813824,66697948.27595177,163,S5_twin_shock_imf_bailout,indonesia,USDC
543,0.8183624134926232,65030499.56905298,163,S5_twin_shock_imf_bailout,indonesia,USDC
544,0.8172993361286377,63404737.07982665,163,S5_twin_shock_imf_bailout,indonesia,USDC
545,0.8205931563776877,61819618.65283099,163,S5_twin_shock_imf_bailout,indonesia,USDC
546,0.8336725843840205,60274128.18651022,163,S5_twin_shock_imf_bailout,indonesia,USDC
547,0.820765607486832,58767274.98184746,163,S5_twin_shock_imf_bailout,indonesia,USDC
548,0.8360399263303638,57298093.107301265,163,S5_twin_shock_imf_bailout,indonesia,USDC
549,0.8367976943593455,55865640.77961873,163,S5_twin_shock_imf_bailout,indonesia,USDC
550,0.8223319683135731,54468999.760128275,163,S5_twin_shock_imf_bailout,indonesia,USDC
551,0.8069879161655008,53107274.76612506,163,S5_twin_shock_imf_bailout,indonesia,USDC
552,0.8299231061014511,51779592.89697194,163,S5_twin_shock_imf_bailout,indonesia,USDC
553,0.7970686230057192,50485103.07454764,163,S5_twin_shock_imf_bailout,indonesia,USDC
554,0.8364364402949437,49222975.49768395,163,S5_twin_shock_imf_bailout,indonesia,USDC
555,0.8459840041875015,47992401.11024185,163,S5_twin_shock_imf_bailout,indonesia,USDC
556,0.8290737935337419,46792591.0824858,163,S5_twin_shock_imf_bailout,indonesia,USDC
557,0.8345778866251,45622776.30542366,163,S5_twin_shock_imf_bailout,indonesia,USDC
558,0.8309574030033634,44482206.89778806,163,S5_twin_shock_imf_bailout,indonesia,USDC
559,0.8172995516643233,43370151.72534336,163,S5_twin_shock_imf_bailout,indonesia,USDC
560,0.8279867134443245,42285897.93220978,163,S5_twin_shock_imf_bailout,indonesia,USDC
561,0.8216512649259917,41228750.48390454,163,S5_twin_shock_imf_bailout,indonesia,USDC
562,0.8397819290192312,40198031.72180692,163,S5_twin_shock_imf_bailout,indonesia,USDC
563,0.8257302611013441,39193080.92876175,163,S5_twin_shock_imf_bailout,indonesia,USDC
564,0.8006677612886643,38213253.90554271,163,S5_twin_shock_imf_bailout,indonesia,USDC
565,0.8160040675138622,37257922.55790414,163,S5_twin_shock_imf_bailout,indonesia,USDC
566,0.8075843352663017,36326474.493956536,163,S5_twin_shock_imf_bailout,indonesia,USDC
567,0.8082041148744336,35418312.63160762,163,S5_twin_shock_imf_bailout,indonesia,USDC
568,0.6915103381128166,34532854.81581743,163,S5_twin_shock_imf_bailout,indonesia,USDC
569,0.6940796475424174,33669533.445422,163,S5_twin_shock_imf_bailout,indonesia,USDC
570,0.7245499364628332,32827795.10928645,163,S5_twin_shock_imf_bailout,indonesia,USDC
571,0.7402353800865291,32007100.23155429,163,S5_twin_shock_imf_bailout,indonesia,USDC
572,0.749340746311051,31206922.72576543,163,S5_twin_shock_imf_bailout,indonesia,USDC
573,0.7541875448920928,30426749.657621294,163,S5_twin_shock_imf_bailout,indonesia,USDC
574,0.6589329830063558,29666080.91618076,163,S5_twin_shock_imf_bailout,indonesia,USDC
575,0.6674234745307792,28924428.893276244,163,S5_twin_shock_imf_bailout,indonesia,USDC
576,0.7108288139854709,28201318.170944333,163,S5_twin_shock_imf_bailout,indonesia,USDC
577,0.6901216308036389,27496285.216670725,163,S5_twin_shock_imf_bailout,indonesia,USDC
578,0.6835684214135286,26808878.086253956,163,S5_twin_shock_imf_bailout,indonesia,USDC
579,0.7080040456378913,26138656.134097606,163,S5_twin_shock_imf_bailout,indonesia,USDC
580,0.7209353942311342,25485189.730745167,163,S5_twin_shock_imf_bailout,indonesia,USDC
581,0.7243554821383356,24848059.98747654,163,S5_twin_shock_imf_bailout,indonesia,USDC
582,0.7504615601202953,24226858.487789623,163,S5_twin_shock_imf_bailout,indonesia,USDC
583,0.7599597758471489,23621187.025594883,163,S5_twin_shock_imf_bailout,indonesia,USDC
584,0.7627063022752789,23030657.34995501,163,S5_twin_shock_imf_bailout,indonesia,USDC
585,0.7712136191576772,22454890.916206136,163,S5_twin_shock_imf_bailout,indonesia,USDC
586,0.7862274577235033,21893518.643300984,163,S5_twin_shock_imf_bailout,indonesia,USDC
587,0.7637736929656938,21346180.67721846,163,S5_twin_shock_imf_bailout,indonesia,USDC
588,0.7795097551482459,20812526.160288,163,S5_twin_shock_imf_bailout,indonesia,USDC
589,0.7701112467020769,20292213.006280795,163,S5_twin_shock_imf_bailout,indonesia,USDC
590,0.7713475056643823,19784907.68112378,163,S5_twin_shock_imf_bailout,indonesia,USDC
591,0.7835075010151823,19290284.98909568,163,S5_twin_shock_imf_bailout,indonesia,USDC
592,0.7845364471168,18808027.86436829,163,S5_twin_shock_imf_bailout,indonesia,USDC
593,0.8005367160588585,18337827.167759083,163,S5_twin_shock_imf_bailout,indonesia,USDC
594,0.7977207651595108,17879381.488565106,163,S5_twin_shock_imf_bailout,indonesia,USDC
595,0.782661833148893,17432396.951350976,163,S5_twin_shock_imf_bailout,indonesia,USDC
596,0.807114212217238,16996587.027567204,163,S5_twin_shock_imf_bailout,indonesia,USDC
597,0.791247853584059,16571672.351878025,163,S5_twin_shock_imf_bailout,indonesia,USDC
598,0.7906880599758923,16157380.543081071,163,S5_twin_shock_imf_bailout,indonesia,USDC
599,0.7712067424400345,15753446.029504046,163,S5_twin_shock_imf_bailout,indonesia,USDC
600,0.762505838589661,15359609.878766444,163,S5_twin_shock_imf_bailout,indonesia,USDC
601,0.777764397921929,14975619.631797284,163,S5_twin_shock_imf_bailout,indonesia,USDC
602,0.7513188214081491,14601229.141002351,163,S5_twin_shock_imf_bailout,indonesia,USDC
603,0.7537752044038109,14236198.412477292,163,S5_twin_shock_imf_bailout,indonesia,USDC
604,0.7536532218439095,13880293.45216536,163,S5_twin_shock_imf_bailout,indonesia,USDC
605,0.7647503214283363,13533286.115861226,163,S5_twin_shock_imf_bailout,indonesia,USDC
606,0.7890374195920609,13194953.962964695,163,S5_twin_shock_imf_bailout,indonesia,USDC
607,0.8250265198404167,12865080.113890577,163,S5_twin_shock_imf_bailout,indonesia,USDC
608,0.837942107927027,12543453.111043314,163,S5_twin_shock_imf_bailout,indonesia,USDC
609,0.8425792150773639,12229866.78326723,163,S5_twin_shock_imf_bailout,indonesia,USDC
610,0.8561387827441955,11924120.113685548,163,S5_twin_shock_imf_bailout,indonesia,USDC
611,0.8454525658404926,11626017.11084341,163,S5_twin_shock_imf_bailout,indonesia,USDC
612,0.8433692212705761,11335366.683072325,163,S5_twin_shock_imf_bailout,indonesia,USDC
613,0.840588410439579,11051982.515995517,163,S5_twin_shock_imf_bailout,indonesia,USDC
614,0.8518250407769781,10775682.95309563,163,S5_twin_shock_imf_bailout,indonesia,USDC
615,0.8448948030275745,10506290.879268238,163,S5_twin_shock_imf_bailout,indonesia,USDC
616,0.8590899504063292,10243633.607286531,163,S5_twin_shock_imf_bailout,indonesia,USDC
617,0.8540898409689475,9987542.767104369,163,S5_twin_shock_imf_bailout,indonesia,USDC
618,0.8559922216712884,9737854.19792676,163,S5_twin_shock_imf_bailout,indonesia,USDC
619,0.8275427319779217,9494407.842978591,163,S5_twin_shock_imf_bailout,indonesia,USDC
620,0.820180513596895,9257047.646904126,163,S5_twin_shock_imf_bailout,indonesia,USDC
621,0.807873673136211,9025621.455731522,163,S5_twin_shock_imf_bailout,indonesia,USDC
622,0.8225447400159439,8799980.919338236,163,S5_twin_shock_imf_bailout,indonesia,USDC
623,0.8397793024794914,8579981.39635478,163,S5_twin_shock_imf_bailout,indonesia,USDC
624,0.8109243912544314,8365481.86144591,163,S5_twin_shock_imf_bailout,indonesia,USDC
625,0.7920020374372976,8156344.814909762,163,S5_twin_shock_imf_bailout,indonesia,USDC
626,0.8007780761966109,7952436.1945370175,163,S5_twin_shock_imf_bailout,indonesia,USDC
627,0.8124714618859818,7753625.289673593,163,S5_twin_shock_imf_bailout,indonesia,USDC
628,0.8074005626975288,7559784.657431753,163,S5_twin_shock_imf_bailout,indonesia,USDC
629,0.7988007661301466,7370790.040995959,163,S5_twin_shock_imf_bailout,indonesia,USDC
630,0.8064493555239375,7186520.289971061,163,S5_twin_shock_imf_bailout,indonesia,USDC
631,0.7881983775098743,7006857.282721783,163,S5_twin_shock_imf_bailout,indonesia,USDC
632,0.7884881167241274,6831685.85065374,163,S5_twin_shock_imf_bailout,indonesia,USDC
633,0.7862613337686276,6660893.704387396,163,S5_twin_shock_imf_bailout,indonesia,USDC
634,0.7858317274028742,6494371.36177771,163,S5_twin_shock_imf_bailout,indonesia,USDC
635,0.7846436044326944,6332012.077733267,163,S5_twin_shock_imf_bailout,indonesia,USDC
636,0.7991487810940014,6173711.775789936,163,S5_twin_shock_imf_bailout,indonesia,USDC
637,0.7990587389185888,6019368.981395188,163,S5_twin_shock_imf_bailout,indonesia,USDC
638,0.7849136962461715,5868884.756860308,163,S5_twin_shock_imf_bailout,indonesia,USDC
639,0.7800032990904305,5722162.6379388,163,S5_twin_shock_imf_bailout,indonesia,USDC
640,0.7801484310009528,5579108.571990331,163,S5_twin_shock_imf_bailout,indonesia,USDC
641,0.7761329514009514,5439630.857690572,163,S5_twin_shock_imf_bailout,indonesia,USDC
642,0.7871481804534034,5303640.0862483075,163,S5_twin_shock_imf_bailout,indonesia,USDC
643,0.7983110953899827,5171049.0840921,163,S5_twin_shock_imf_bailout,indonesia,USDC
644,0.7803981511499719,5041772.856989798,163,S5_twin_shock_imf_bailout,indonesia,USDC
645,0.7762671869450475,4915728.535565052,163,S5_twin_shock_imf_bailout,indonesia,USDC
646,0.76621748579063,4792835.3221759265,163,S5_twin_shock_imf_bailout,indonesia,USDC
647,0.7579688924457171,4673014.439121528,163,S5_twin_shock_imf_bailout,indonesia,USDC
648,0.7834788756688164,4556189.0781434905,163,S5_twin_shock_imf_bailout,indonesia,USDC
649,0.8066910786379151,4442284.351189903,163,S5_twin_shock_imf_bailout,indonesia,USDC
650,0.811264106454971,4331227.242410155,163,S5_twin_shock_imf_bailout,indonesia,USDC
651,0.7941298627775888,4222946.561349901,163,S5_twin_shock_imf_bailout,indonesia,USDC
652,0.7938988569574076,4117372.897316154,163,S5_twin_shock_imf_bailout,indonesia,USDC
653,0.8068448654788604,4014438.5748832505,163,S5_twin_shock_imf_bailout,indonesia,USDC
654,0.8050135490764878,3914077.610511169,163,S5_twin_shock_imf_bailout,indonesia,USDC
655,0.793273201581364,3816225.6702483897,163,S5_twin_shock_imf_bailout,indonesia,USDC
656,0.788370514790578,3720820.02849218,163,S5_twin_shock_imf_bailout,indonesia,USDC
657,0.8163405121210487,3627799.5277798753,163,S5_twin_shock_imf_bailout,indonesia,USDC
658,0.779166424046051,3537104.539585379,163,S5_twin_shock_imf_bailout,indonesia,USDC
659,0.7758214458237083,3448676.9260957446,163,S5_twin_shock_imf_bailout,indonesia,USDC
660,0.7957923032815178,3362460.002943351,163,S5_twin_shock_imf_bailout,indonesia,USDC
661,0.7947670106087921,3278398.502869767,163,S5_twin_shock_imf_bailout,indonesia,USDC
662,0.8001989705971702,3196438.5402980233,163,S5_twin_shock_imf_bailout,indonesia,USDC
663,0.8162957291789368,3116527.5767905726,163,S5_twin_shock_imf_bailout,indonesia,USDC
664,0.8104878203445798,3038614.387370808,163,S5_twin_shock_imf_bailout,indonesia,USDC
665,0.7933209585895299,2962649.027686538,163,S5_twin_shock_imf_bailout,indonesia,USDC
666,0.8240515996645859,2888582.801994375,163,S5_twin_shock_imf_bailout,indonesia,USDC
667,0.7886458542958378,2816368.2319445154,163,S5_twin_shock_imf_bailout,indonesia,USDC
668,0.7665058153356448,2745959.0261459025,163,S5_twin_shock_imf_bailout,indonesia,USDC
669,0.7682328452668526,2677310.050492255,163,S5_twin_shock_imf_bailout,indonesia,USDC
670,0.7783242256572315,2610377.299229949,163,S5_twin_shock_imf_bailout,indonesia,USDC
671,0.7801634047985844,2545117.8667492,163,S5_twin_shock_imf_bailout,indonesia,USDC
672,0.7552340001146095,2481489.92008047,163,S5_twin_shock_imf_bailout,indonesia,USDC
673,0.7604950549212649,2419452.672078458,163,S5_twin_shock_imf_bailout,indonesia,USDC
674,0.7744676646842202,2358966.3552764966,163,S5_twin_shock_imf_bailout,indonesia,USDC
675,0.7611866259306318,2299992.1963945846,163,S5_twin_shock_imf_bailout,indonesia,USDC
676,0.7523973008299731,2242492.3914847197,163,S5_twin_shock_imf_bailout,indonesia,USDC
677,0.762193816268408,2186430.081697602,163,S5_twin_shock_imf_bailout,indonesia,USDC
678,0.7627540827682087,2131769.329655162,163,S5_twin_shock_imf_bailout,indonesia,USDC
679,0.772958009128611,2078475.0964137828,163,S5_twin_shock_imf_bailout,indonesia,USDC
680,0.7755693144196493,2026513.219003438,163,S5_twin_shock_imf_bailout,indonesia,USDC
681,0.7917857876298978,1975850.3885283521,163,S5_twin_shock_imf_bailout,indonesia,USDC
682,0.6665307296054952,1926454.1288151434,163,S5_twin_shock_imf_bailout,indonesia,USDC
683,0.674509086961622,1878292.7755947649,163,S5_twin_shock_imf_bailout,indonesia,USDC
684,0.6999871016912719,1831335.4562048956,163,S5_twin_shock_imf_bailout,indonesia,USDC
685,0.7083789586597967,1785552.0697997732,163,S5_twin_shock_imf_bailout,indonesia,USDC
686,0.7178236037632757,1740913.2680547787,163,S5_twin_shock_imf_bailout,indonesia,USDC
687,0.7153797595554486,1697390.4363534092,163,S5_twin_shock_imf_bailout,indonesia,USDC
688,0.7255228232665218,1654955.6754445739,163,S5_twin_shock_imf_bailout,indonesia,USDC
689,0.724728440708268,1613581.7835584595,163,S5_twin_shock_imf_bailout,indonesia,USDC
690,0.736904208487309,1573242.238969498,163,S5_twin_shock_imf_bailout,indonesia,USDC
691,0.7444249828993178,1533911.1829952607,163,S5_twin_shock_imf_bailout,indonesia,USDC
692,0.7217305387156694,1495563.4034203792,163,S5_twin_shock_imf_bailout,indonesia,USDC
693,0.7376374605116586,1458174.3183348696,163,S5_twin_shock_imf_bailout,indonesia,USDC
694,0.7535827067771022,1421719.9603764978,163,S5_twin_shock_imf_bailout,indonesia,USDC
695,0.7585136490450032,1386176.9613670853,163,S5_twin_shock_imf_bailout,indonesia,USDC
696,0.7775952145492394,1351522.5373329083,163,S5_twin_shock_imf_bailout,indonesia,USDC
697,0.7827524640047591,1317734.4738995857,163,S5_twin_shock_imf_bailout,indonesia,USDC
698,0.7894195994488921,1284791.112052096,163,S5_twin_shock_imf_bailout,indonesia,USDC
699,0.8040616782140173,1252671.3342507936,163,S5_twin_shock_imf_bailout,indonesia,USDC
700,0.8132431505625445,1221354.550894524,163,S5_twin_shock_imf_bailout,indonesia,USDC
701,0.8026295889617103,1190820.6871221606,163,S5_twin_shock_imf_bailout,indonesia,USDC
702,0.7946456281316407,1161050.1699441066,163,S5_twin_shock_imf_bailout,indonesia,USDC
703,0.7883587101865227,1132023.915695504,163,S5_twin_shock_imf_bailout,indonesia,USDC
704,0.7776098571136978,1103723.3178031163,163,S5_twin_shock_imf_bailout,indonesia,USDC
705,0.7738557059043827,1076130.2348580384,163,S5_twin_shock_imf_bailout,indonesia,USDC
706,0.7682956290355305,1049226.9789865876,163,S5_twin_shock_imf_bailout,indonesia,USDC
707,0.7685221893387426,1022996.3045119229,163,S5_twin_shock_imf_bailout,indonesia,USDC
708,0.7766834963668819,997421.3968991248,163,S5_twin_shock_imf_bailout,indonesia,USDC
709,0.7660249622859688,972485.8619766467,163,S5_twin_shock_imf_bailout,indonesia,USDC
710,0.7483814962357741,948173.7154272306,163,S5_twin_shock_imf_bailout,indonesia,USDC
711,0.7522911049860188,924469.3725415498,163,S5_twin_shock_imf_bailout,indonesia,USDC
712,0.7436298382757308,901357.6382280111,163,S5_twin_shock_imf_bailout,indonesia,USDC
713,0.7355145631099319,878823.6972723108,163,S5_twin_shock_imf_bailout,indonesia,USDC
714,0.7302083986045808,856853.1048405031,163,S5_twin_shock_imf_bailout,indonesia,USDC
715,0.7446463210283276,835431.7772194904,163,S5_twin_shock_imf_bailout,indonesia,USDC
716,0.7397133347346659,814545.9827890032,163,S5_twin_shock_imf_bailout,indonesia,USDC
717,0.7502830277352492,794182.3332192781,163,S5_twin_shock_imf_bailout,indonesia,USDC
718,0.7765885327032824,774327.7748887963,163,S5_twin_shock_imf_bailout,indonesia,USDC
719,0.785617607723695,754969.5805165763,163,S5_twin_shock_imf_bailout,indonesia,USDC
720,0.793348399582685,736095.341003662,163,S5_twin_shock_imf_bailout,indonesia,USDC
721,0.7862050330380133,717692.9574785703,163,S5_twin_shock_imf_bailout,indonesia,USDC
722,0.7919469948949602,699750.6335416061,163,S5_twin_shock_imf_bailout,indonesia,USDC
723,0.8171934745080252,682256.8677030659,163,S5_twin_shock_imf_bailout,indonesia,USDC
724,0.815026103967492,665200.4460104892,163,S5_twin_shock_imf_bailout,indonesia,USDC
725,0.6965746206074805,648570.434860227,163,S5_twin_shock_imf_bailout,indonesia,USDC
726,0.6993905822564273,632356.1739887213,163,S5_twin_shock_imf_bailout,indonesia,USDC
727,0.7334931752239284,616547.2696390033,163,S5_twin_shock_imf_bailout,indonesia,USDC
728,0.7229432290942814,601133.5878980283,163,S5_twin_shock_imf_bailout,indonesia,USDC
729,0.7472452495463036,586105.2482005775,163,S5_twin_shock_imf_bailout,indonesia,USDC
730,0.7618955748737236,571452.616995563,163,S5_twin_shock_imf_bailout,indonesia,USDC
731,0.7844432747272082,557166.3015706739,163,S5_twin_shock_imf_bailout,indonesia,USDC
732,0.7666807259799016,543237.1440314071,163,S5_twin_shock_imf_bailout,indonesia,USDC
733,0.7658311938625847,529656.215430622,163,S5_twin_shock_imf_bailout,indonesia,USDC
734,0.7499850091625165,516414.81004485645,163,S5_twin_shock_imf_bailout,indonesia,USDC
735,0.7773336853743076,503504.43979373504,163,S5_twin_shock_imf_bailout,indonesia,USDC
736,0.7870463745156777,490916.82879889174,163,S5_twin_shock_imf_bailout,indonesia,USDC
737,0.7879687045088818,478643.9080789194,163,S5_twin_shock_imf_bailout,indonesia,USDC
738,0.7838658342916219,466677.81037694647,163,S5_twin_shock_imf_bailout,indonesia,USDC
739,0.7623274913195599,455010.8651175228,163,S5_twin_shock_imf_bailout,indonesia,USDC
740,0.7548332746451446,443635.5934895847,163,S5_twin_shock_imf_bailout,indonesia,USDC
741,0.767963606071621,432544.70365234505,163,S5_twin_shock_imf_bailout,indonesia,USDC
742,0.772035818456666,421731.08606103645,163,S5_twin_shock_imf_bailout,indonesia,USDC
743,0.7782147281157442,411187.8089095105,163,S5_twin_shock_imf_bailout,indonesia,USDC
744,0.7917714898399307,400908.1136867727,163,S5_twin_shock_imf_bailout,indonesia,USDC
745,0.7485358212926567,390885.41084460344,163,S5_twin_shock_imf_bailout,indonesia,USDC
746,0.7640738974011624,381113.2755734883,163,S5_twin_shock_imf_bailout,indonesia,USDC
747,0.7854138898655167,371585.4436841511,163,S5_twin_shock_imf_bailout,indonesia,USDC
748,0.7798089833962312,362295.8075920474,163,S5_twin_shock_imf_bailout,indonesia,USDC
749,0.7845357452813647,353238.41240224615,163,S5_twin_shock_imf_bailout,indonesia,USDC
750,0.8017525658093883,344407.45209219004,163,S5_twin_shock_imf_bailout,indonesia,USDC
751,0.7911247880737693,335797.2657898853,163,S5_twin_shock_imf_bailout,indonesia,USDC
752,0.7993711664823793,327402.33414513816,163,S5_twin_shock_imf_bailout,indonesia,USDC
753,0.7967077729250976,319217.27579150966,163,S5_twin_shock_imf_bailout,indonesia,USDC
754,0.7937621722892003,311236.84389672196,163,S5_twin_shock_imf_bailout,indonesia,USDC
755,0.8151641326805811,303455.9227993039,163,S5_twin_shock_imf_bailout,indonesia,USDC
756,0.8128161805857586,295869.5247293213,163,S5_twin_shock_imf_bailout,indonesia,USDC
757,0.7644973729646424,288472.7866110883,163,S5_twin_shock_imf_bailout,indonesia,USDC
758,0.7886023927137266,281260.96694581106,163,S5_twin_shock_imf_bailout,indonesia,USDC
759,0.8034977010156786,274229.4427721658,163,S5_twin_shock_imf_bailout,indonesia,USDC
760,0.8012150007629948,267373.70670286164,163,S5_twin_shock_imf_bailout,indonesia,USDC
761,0.8053502860619375,260689.36403529008,163,S5_twin_shock_imf_bailout,indonesia,USDC
762,0.7968191334562525,254172.12993440786,163,S5_twin_shock_imf_bailout,indonesia,USDC
763,0.7971063997217467,247817.82668604766,163,S5_twin_shock_imf_bailout,indonesia,USDC
764,0.7694222018771731,241622.38101889644,163,S5_twin_shock_imf_bailout,indonesia,USDC
765,0.7774549385525732,235581.82149342407,163,S5_twin_shock_imf_bailout,indonesia,USDC
766,0.7827231589788308,229692.27595608844,163,S5_twin_shock_imf_bailout,indonesia,USDC
767,0.784729395390687,223949.96905718622,163,S5_twin_shock_imf_bailout,indonesia,USDC
768,0.7714155753618724,218351.21983075657,163,S5_twin_shock_imf_bailout,indonesia,USDC
769,0.7734087801266356,212892.43933498766,163,S5_twin_shock_imf_bailout,indonesia,USDC
770,0.7350361639889057,207570.128351613,163,S5_twin_shock_imf_bailout,indonesia,USDC
771,0.7384571056091866,202380.87514282265,163,S5_twin_shock_imf_bailout,indonesia,USDC
772,0.7346309707461397,197321.35326425207,163,S5_twin_shock_imf_bailout,indonesia,USDC
773,0.7568347707757849,192388.31943264577,163,S5_twin_shock_imf_bailout,indonesia,USDC
774,0.7660636027990154,187578.61144682963,163,S5_twin_shock_imf_bailout,indonesia,USDC
775,0.7853173874148616,182889.1461606589,163,S5_twin_shock_imf_bailout,indonesia,USDC
776,0.7878574222045008,178316.9175066424,163,S5_twin_shock_imf_bailout,indonesia,USDC
777,0.7682064989309061,173858.99456897634,163,S5_twin_shock_imf_bailout,indonesia,USDC
778,0.7764759107865803,169512.51970475193,163,S5_twin_shock_imf_bailout,indonesia,USDC
779,0.7956329000372345,165274.70671213313,163,S5_twin_shock_imf_bailout,indonesia,USDC
780,0.7879246317594079,161142.83904432983,163,S5_twin_shock_imf_bailout,indonesia,USDC
781,0.8024399420664784,157114.26806822157,163,S5_twin_shock_imf_bailout,indonesia,USDC
782,0.7928871290719804,153186.41136651603,163,S5_twin_shock_imf_bailout,indonesia,USDC
783,0.7734713976697855,149356.75108235312,163,S5_twin_shock_imf_bailout,indonesia,USDC
784,0.7538204760780218,145622.83230529432,163,S5_twin_shock_imf_bailout,indonesia,USDC
785,0.7638709023318482,141982.26149766194,163,S5_twin_shock_imf_bailout,indonesia,USDC
786,0.7688121869713538,138432.70496022038,163,S5_twin_shock_imf_bailout,indonesia,USDC
787,0.7555486683170024,134971.8873362149,163,S5_twin_shock_imf_bailout,indonesia,USDC
788,0.7761952054717104,131597.5901528095,163,S5_twin_shock_imf_bailout,indonesia,USDC
789,0.7907002930430982,128307.6503989893,163,S5_twin_shock_imf_bailout,indonesia,USDC
790,0.8019923430156028,125099.95913901457,163,S5_twin_shock_imf_bailout,indonesia,USDC
791,0.8132273948638139,121972.46016053918,163,S5_twin_shock_imf_bailout,indonesia,USDC
792,0.8026851217128773,118923.14865652571,163,S5_twin_shock_imf_bailout,indonesia,USDC
793,0.7700120039825363,115950.06994011256,163,S5_twin_shock_imf_bailout,indonesia,USDC
794,0.7880017935463431,113051.31819160975,163,S5_twin_shock_imf_bailout,indonesia,USDC
795,0.8022973966203302,110225.0352368195,163,S5_twin_shock_imf_bailout,indonesia,USDC
796,0.8016878021607857,107469.40935589901,163,S5_twin_shock_imf_bailout,indonesia,USDC
797,0.7896664541449666,104782.67412200154,163,S5_twin_shock_imf_bailout,indonesia,USDC
798,0.793663184238046,102163.10726895151,163,S5_twin_shock_imf_bailout,indonesia,USDC
799,0.8238963464490294,99609.0295872277,163,S5_twin_shock_imf_bailout,indonesia,USDC
800,0.8223078944226078,97118.80384754702,163,S5_twin_shock_imf_bailout,indonesia,USDC
801,0.8295887083522505,94690.83375135835,163,S5_twin_shock_imf_bailout,indonesia,USDC
802,0.8118733443141204,92323.5629075744,163,S5_twin_shock_imf_bailout,indonesia,USDC
803,0.8035032317341579,90015.47383488504,163,S5_twin_shock_imf_bailout,indonesia,USDC
804,0.7974676220366052,87765.08698901291,163,S5_twin_shock_imf_bailout,indonesia,USDC
805,0.7885699965068048,85570.95981428759,163,S5_twin_shock_imf_bailout,indonesia,USDC
806,0.7963125465790606,83431.68581893039,163,S5_twin_shock_imf_bailout,indonesia,USDC
807,0.786476845580456,81345.89367345713,163,S5_twin_shock_imf_bailout,indonesia,USDC
808,0.797116443987177,79312.24633162071,163,S5_twin_shock_imf_bailout,indonesia,USDC
809,0.8060880203028545,77329.4401733302,163,S5_twin_shock_imf_bailout,indonesia,USDC
810,0.8052292234365083,75396.20416899695,163,S5_twin_shock_imf_bailout,indonesia,USDC
811,0.8213756295249497,73511.29906477201,163,S5_twin_shock_imf_bailout,indonesia,USDC
812,0.8287548642697578,71673.5165881527,163,S5_twin_shock_imf_bailout,indonesia,USDC
813,0.8269037571104778,69881.6786734489,163,S5_twin_shock_imf_bailout,indonesia,USDC
814,0.7110456921429893,68134.63670661268,163,S5_twin_shock_imf_bailout,indonesia,USDC
815,0.7317086671444143,66431.27078894737,163,S5_twin_shock_imf_bailout,indonesia,USDC
816,0.7364720800083671,64770.48901922368,163,S5_twin_shock_imf_bailout,indonesia,USDC
817,0.7477079647662591,63151.22679374309,163,S5_twin_shock_imf_bailout,indonesia,USDC
818,0.7579934973543945,61572.446123899506,163,S5_twin_shock_imf_bailout,indonesia,USDC
819,0.7567285269698257,60033.13497080202,163,S5_twin_shock_imf_bailout,indonesia,USDC
820,0.7497149869961931,58532.30659653197,163,S5_twin_shock_imf_bailout,indonesia,USDC
821,0.765156123632658,57068.99893161867,163,S5_twin_shock_imf_bailout,indonesia,USDC
822,0.7878499866130154,55642.27395832821,163,S5_twin_shock_imf_bailout,indonesia,USDC
823,0.7805292558437871,54251.21710937,163,S5_twin_shock_imf_bailout,indonesia,USDC
824,0.7974388451804073,52894.93668163575,163,S5_twin_shock_imf_bailout,indonesia,USDC
825,0.8201045851088913,51572.56326459485,163,S5_twin_shock_imf_bailout,indonesia,USDC
826,0.8180225472064784,50283.249182979984,163,S5_twin_shock_imf_bailout,indonesia,USDC
827,0.8119915752311401,49026.167953405486,163,S5_twin_shock_imf_bailout,indonesia,USDC
828,0.8388783416649328,47800.51375457035,163,S5_twin_shock_imf_bailout,indonesia,USDC
829,0.81329610389063,46605.50091070609,163,S5_twin_shock_imf_bailout,indonesia,USDC
830,0.8089450973061529,45440.363387938436,163,S5_twin_shock_imf_bailout,indonesia,USDC
831,0.8059226112179654,44304.354303239976,163,S5_twin_shock_imf_bailout,indonesia,USDC
832,0.8108018904186267,43196.74544565898,163,S5_twin_shock_imf_bailout,indonesia,USDC
833,0.8032267729295582,42116.8268095175,163,S5_twin_shock_imf_bailout,indonesia,USDC
834,0.820567185412067,41063.90613927956,163,S5_twin_shock_imf_bailout,indonesia,USDC
835,0.8370825636494184,40037.30848579758,163,S5_twin_shock_imf_bailout,indonesia,USDC
836,0.8378166709407678,39036.37577365263,163,S5_twin_shock_imf_bailout,indonesia,USDC
837,0.8170186457144871,38060.466379311314,163,S5_twin_shock_imf_bailout,indonesia,USDC
838,0.8306264533368849,37108.95471982853,163,S5_twin_shock_imf_bailout,indonesia,USDC
839,0.8249317628317182,36181.23085183282,163,S5_twin_shock_imf_bailout,indonesia,USDC
840,0.7869505822986734,35276.700080537,163,S5_twin_shock_imf_bailout,indonesia,USDC
841,0.798546729472004,34394.78257852358,163,S5_twin_shock_imf_bailout,indonesia,USDC
842,0.7902663863019285,33534.91301406048,163,S5_twin_shock_imf_bailout,indonesia,USDC
843,0.7997431439138635,32696.54018870897,163,S5_twin_shock_imf_bailout,indonesia,USDC
844,0.791564369611953,31879.126683991242,163,S5_twin_shock_imf_bailout,indonesia,USDC
845,0.7864979121798044,31082.148516891466,163,S5_twin_shock_imf_bailout,indonesia,USDC
846,0.7965203159478544,30305.094803969176,163,S5_twin_shock_imf_bailout,indonesia,USDC
847,0.7884579670916996,29547.467433869948,163,S5_twin_shock_imf_bailout,indonesia,USDC
848,0.7930099301983391,28808.780748023197,163,S5_twin_shock_imf_bailout,indonesia,USDC
849,0.785952353877751,28088.56122932262,163,S5_twin_shock_imf_bailout,indonesia,USDC
850,0.7876122907920783,27386.347198589552,163,S5_twin_shock_imf_bailout,indonesia,USDC
851,0.7791011339532528,26701.68851862482,163,S5_twin_shock_imf_bailout,indonesia,USDC
852,0.7794333478094286,26034.146305659193,163,S5_twin_shock_imf_bailout,indonesia,USDC
853,0.7977222248903855,25383.292648017712,163,S5_twin_shock_imf_bailout,indonesia,USDC
854,0.7835597281879817,24748.71033181727,163,S5_twin_shock_imf_bailout,indonesia,USDC
855,0.7791478697342195,24129.992573521835,163,S5_twin_shock_imf_bailout,indonesia,USDC
856,0.7769053461603578,23526.74275918379,163,S5_twin_shock_imf_bailout,indonesia,USDC
857,0.8122150340190643,22938.574190204195,163,S5_twin_shock_imf_bailout,indonesia,USDC
858,0.8149358090228412,22365.109835449093,163,S5_twin_shock_imf_bailout,indonesia,USDC
859,0.8388194584218576,21805.982089562865,163,S5_twin_shock_imf_bailout,indonesia,USDC
860,0.8399133400308488,21260.832537323793,163,S5_twin_shock_imf_bailout,indonesia,USDC
861,0.8405012048021112,20729.3117238907,163,S5_twin_shock_imf_bailout,indonesia,USDC
862,0.8333176304995751,20211.078930793432,163,S5_twin_shock_imf_bailout,indonesia,USDC
863,0.8190895524710108,19705.801957523596,163,S5_twin_shock_imf_bailout,indonesia,USDC
864,0.8007881270314745,19213.156908585504,163,S5_twin_shock_imf_bailout,indonesia,USDC
865,0.8118773845594595,18732.827985870867,163,S5_twin_shock_imf_bailout,indonesia,USDC
866,0.7927152022001112,18264.507286224096,163,S5_twin_shock_imf_bailout,indonesia,USDC
867,0.7863916356110429,17807.894604068493,163,S5_twin_shock_imf_bailout,indonesia,USDC
868,0.8005241862712996,17362.69723896678,163,S5_twin_shock_imf_bailout,indonesia,USDC
869,0.7825226459987911,16928.629807992613,163,S5_twin_shock_imf_bailout,indonesia,USDC
870,0.7648439828502869,16505.414062792795,163,S5_twin_shock_imf_bailout,indonesia,USDC
871,0.7771332879303352,16092.778711222976,163,S5_twin_shock_imf_bailout,indonesia,USDC
872,0.7655348336881762,15690.459243442401,163,S5_twin_shock_imf_bailout,indonesia,USDC
873,0.756149212614852,15298.197762356343,163,S5_twin_shock_imf_bailout,indonesia,USDC
874,0.7645468602658554,14915.742818297433,163,S5_twin_shock_imf_bailout,indonesia,USDC
875,0.7569105375538839,14542.849247839997,163,S5_twin_shock_imf_bailout,indonesia,USDC
876,0.768980183267563,14179.278016643999,163,S5_twin_shock_imf_bailout,indonesia,USDC
877,0.7714092286615618,13824.796066227897,163,S5_twin_shock_imf_bailout,indonesia,USDC
878,0.7606577071603049,13479.1761645722,163,S5_twin_shock_imf_bailout,indonesia,USDC
879,0.7756426135522605,13142.196760457893,163,S5_twin_shock_imf_bailout,indonesia,USDC
880,0.7988642085514899,12813.641841446446,163,S5_twin_shock_imf_bailout,indonesia,USDC
881,0.814074890056568,12493.300795410287,163,S5_twin_shock_imf_bailout,indonesia,USDC
882,0.7950072369737992,12180.968275525029,163,S5_twin_shock_imf_bailout,indonesia,USDC
883,0.7967997147326961,11876.444068636902,163,S5_twin_shock_imf_bailout,indonesia,USDC
884,0.7781916535887822,11579.532966920979,163,S5_twin_shock_imf_bailout,indonesia,USDC
885,0.7665518015837791,11290.044642747955,163,S5_twin_shock_imf_bailout,indonesia,USDC
886,0.7951575833991495,11007.793526679256,163,S5_twin_shock_imf_bailout,indonesia,USDC
887,0.7934811437457576,10732.598688512275,163,S5_twin_shock_imf_bailout,indonesia,USDC
888,0.8057338871949359,10464.28372129947,163,S5_twin_shock_imf_bailout,indonesia,USDC
889,0.8068684010043395,10202.676628266981,163,S5_twin_shock_imf_bailout,indonesia,USDC
890,0.8164668217558926,9947.609712560306,163,S5_twin_shock_imf_bailout,indonesia,USDC
891,0.812117091751049,9698.919469746299,163,S5_twin_shock_imf_bailout,indonesia,USDC
892,0.7837110408003319,9456.44648300264,163,S5_twin_shock_imf_bailout,indonesia,USDC
893,0.7819972024600199,9220.035320927575,163,S5_twin_shock_imf_bailout,indonesia,USDC
894,0.7708482573206568,8989.534437904385,163,S5_twin_shock_imf_bailout,indonesia,USDC
895,0.8058214451718541,8764.796076956776,163,S5_twin_shock_imf_bailout,indonesia,USDC
896,0.8068039849558869,8545.676175032857,163,S5_twin_shock_imf_bailout,indonesia,USDC
897,0.8127187573781768,8332.034270657035,163,S5_twin_shock_imf_bailout,indonesia,USDC
898,0.8587573621465215,8123.73341389061,163,S5_twin_shock_imf_bailout,indonesia,USDC
899,0.8354659291374675,7920.640078543344,163,S5_twin_shock_imf_bailout,indonesia,USDC
900,0.8194017806068136,7722.624076579761,163,S5_twin_shock_imf_bailout,indonesia,USDC
901,0.7787078232658475,7529.558474665268,163,S5_twin_shock_imf_bailout,indonesia,USDC
902,0.7611782098161899,7341.319512798635,163,S5_twin_shock_imf_bailout,indonesia,USDC
903,0.7601621225956767,7157.786524978669,163,S5_twin_shock_imf_bailout,indonesia,USDC
904,0.7763361619641546,6978.841861854202,163,S5_twin_shock_imf_bailout,indonesia,USDC
905,0.7612707684616834,6804.370815307848,163,S5_twin_shock_imf_bailout,indonesia,USDC
906,0.7812462304263049,6634.261544925152,163,S5_twin_shock_imf_bailout,indonesia,USDC
907,0.7578707307600465,6468.405006302022,163,S5_twin_shock_imf_bailout,indonesia,USDC
908,0.7711085598286109,6306.694881144472,163,S5_twin_shock_imf_bailout,indonesia,USDC
909,0.761842384856296,6149.02750911586,163,S5_twin_shock_imf_bailout,indonesia,USDC
910,0.7496441275325523,5995.301821387963,163,S5_twin_shock_imf_bailout,indonesia,USDC
911,0.7369432366754581,5845.4192758532645,163,S5_twin_shock_imf_bailout,indonesia,USDC
912,0.7392513072496195,5699.283793956933,163,S5_twin_shock_imf_bailout,indonesia,USDC
913,0.7482931181617268,5556.801699108009,163,S5_twin_shock_imf_bailout,indonesia,USDC
914,0.7396576973941582,5417.881656630309,163,S5_twin_shock_imf_bailout,indonesia,USDC
915,0.7385893657868493,5282.434615214552,163,S5_twin_shock_imf_bailout,indonesia,USDC
916,0.7463614809078716,5150.373749834187,163,S5_twin_shock_imf_bailout,indonesia,USDC
917,0.7448924907347397,5021.6144060883325,163,S5_twin_shock_imf_bailout,indonesia,USDC
918,0.7533262615768297,4896.074045936125,163,S5_twin_shock_imf_bailout,indonesia,USDC
919,0.7575183419978917,4773.672194787721,163,S5_twin_shock_imf_bailout,indonesia,USDC
920,0.7538111899822215,4654.330389918028,163,S5_twin_shock_imf_bailout,indonesia,USDC
921,0.7671665452822249,4537.972130170077,163,S5_twin_shock_imf_bailout,indonesia,USDC
922,0.7633684801152194,4424.522826915825,163,S5_twin_shock_imf_bailout,indonesia,USDC
923,0.7800253541219841,4313.90975624293,163,S5_twin_shock_imf_bailout,indonesia,USDC
924,0.7561031610556094,4206.062012336857,163,S5_twin_shock_imf_bailout,indonesia,USDC
925,0.7391822517073262,4100.910462028435,163,S5_twin_shock_imf_bailout,indonesia,USDC
926,0.7711333438370279,3998.387700477725,163,S5_twin_shock_imf_bailout,indonesia,USDC
927,0.7841881667189543,3898.4280079657815,163,S5_twin_shock_imf_bailout,indonesia,USDC
928,0.7700890689500699,3800.967307766637,163,S5_twin_shock_imf_bailout,indonesia,USDC
929,0.7995100058369056,3705.943125072471,163,S5_twin_shock_imf_bailout,indonesia,USDC
930,0.8183614505052491,3613.294546945659,163,S5_twin_shock_imf_bailout,indonesia,USDC
931,0.81406734664292,3522.9621832720177,163,S5_twin_shock_imf_bailout,indonesia,USDC
932,0.7790956984261762,3434.888128690218,163,S5_twin_shock_imf_bailout,indonesia,USDC
933,0.7582233299529235,3349.0159254729624,163,S5_twin_shock_imf_bailout,indonesia,USDC
934,0.7485502706257919,3265.2905273361384,163,S5_twin_shock_imf_bailout,indonesia,USDC
935,0.7537509761677726,3183.658264152735,163,S5_twin_shock_imf_bailout,indonesia,USDC
936,0.7349263973758751,3104.0668075489166,163,S5_twin_shock_imf_bailout,indonesia,USDC
937,0.7256482789185164,3026.4651373601932,163,S5_twin_shock_imf_bailout,indonesia,USDC
938,0.7450431759601379,2950.8035089261884,163,S5_twin_shock_imf_bailout,indonesia,USDC
939,0.7451793841307833,2877.033421203034,163,S5_twin_shock_imf_bailout,indonesia,USDC
940,0.7653976770148713,2805.107585672958,163,S5_twin_shock_imf_bailout,indonesia,USDC
941,0.7769238314798884,2734.9798960311336,163,S5_twin_shock_imf_bailout,indonesia,USDC
942,0.7748975289768951,2666.6053986303555,163,S5_twin_shock_imf_bailout,indonesia,USDC
943,0.7785647945747911,2599.940263664597,163,S5_twin_shock_imf_bailout,indonesia,USDC
944,0.747978032519505,2534.941757072982,163,S5_twin_shock_imf_bailout,indonesia,USDC
945,0.7578363635258567,2471.5682131461576,163,S5_twin_shock_imf_bailout,indonesia,USDC
946,0.7603230199195602,2409.7790078175035,163,S5_twin_shock_imf_bailout,indonesia,USDC
947,0.7521385109643464,2349.534532622066,163,S5_twin_shock_imf_bailout,indonesia,USDC
948,0.762815447136152,2290.7961693065145,163,S5_twin_shock_imf_bailout,indonesia,USDC
949,0.7706426437297174,2233.5262650738514,163,S5_twin_shock_imf_bailout,indonesia,USDC
950,0.736222395811187,2177.6881084470047,163,S5_twin_shock_imf_bailout,indonesia,USDC
951,0.7350117631350188,2123.24590573583,163,S5_twin_shock_imf_bailout,indonesia,USDC
952,0.717141832527185,2070.164758092434,163,S5_twin_shock_imf_bailout,indonesia,USDC
953,0.7127578235707531,2018.4106391401233,163,S5_twin_shock_imf_bailout,indonesia,USDC
954,0.7343549797982816,1967.95037316162,163,S5_twin_shock_imf_bailout,indonesia,USDC
955,0.7395911059082302,1918.7516138325796,163,S5_twin_shock_imf_bailout,indonesia,USDC
956,0.7675949490753243,1870.782823486765,163,S5_twin_shock_imf_bailout,indonesia,USDC
957,0.7705999949581842,1824.013252899596,163,S5_twin_shock_imf_bailout,indonesia,USDC
958,0.7766988274073541,1778.4129215771063,163,S5_twin_shock_imf_bailout,indonesia,USDC
959,0.7738283790964191,1733.9525985376786,163,S5_twin_shock_imf_bailout,indonesia,USDC
960,0.7429731878453962,1690.6037835742363,163,S5_twin_shock_imf_bailout,indonesia,USDC
961,0.7653071117855673,1648.3386889848807,163,S5_twin_shock_imf_bailout,indonesia,USDC
962,0.8077342380162605,1607.1302217602588,163,S5_twin_shock_imf_bailout,indonesia,USDC
963,0.7800998221930743,1566.9519662162525,163,S5_twin_shock_imf_bailout,indonesia,USDC
964,0.779975336167175,1527.778167060846,163,S5_twin_shock_imf_bailout,indonesia,USDC
965,0.7637783633382655,1489.583712884325,163,S5_twin_shock_imf_bailout,indonesia,USDC
966,0.7546629032820934,1452.3441200622167,163,S5_twin_shock_imf_bailout,indonesia,USDC
967,0.7520635673630832,1416.0355170606613,163,S5_twin_shock_imf_bailout,indonesia,USDC
968,0.75153349683168,1380.6346291341447,163,S5_twin_shock_imf_bailout,indonesia,USDC
969,0.7538866476586701,1346.1187634057912,163,S5_twin_shock_imf_bailout,indonesia,USDC
970,0.7590989995778916,1312.4657943206464,163,S5_twin_shock_imf_bailout,indonesia,USDC
971,0.7661241250141149,1279.6541494626304,163,S5_twin_shock_imf_bailout,indonesia,USDC
972,0.7597741509196889,1247.6627957260644,163,S5_twin_shock_imf_bailout,indonesia,USDC
973,0.7757909759636551,1216.471225832913,163,S5_twin_shock_imf_bailout,indonesia,USDC
974,0.7767163119672829,1186.0594451870902,163,S5_twin_shock_imf_bailout,indonesia,USDC
975,0.7649920839922948,1156.4079590574129,163,S5_twin_shock_imf_bailout,indonesia,USDC
976,0.7655883345138855,1127.4977600809775,163,S5_twin_shock_imf_bailout,indonesia,USDC
977,0.790727343818633,1099.310316078953,163,S5_twin_shock_imf_bailout,indonesia,USDC
978,0.7904975088196452,1071.8275581769792,163,S5_twin_shock_imf_bailout,indonesia,USDC
979,0.7948608548660636,1045.0318692225546,163,S5_twin_shock_imf_bailout,indonesia,USDC
980,0.788528672772436,1018.9060724919907,163,S5_twin_shock_imf_bailout,indonesia,USDC
981,0.781099611632574,993.4334206796909,163,S5_twin_shock_imf_bailout,indonesia,USDC
982,0.8022601130927465,968.5975851626987,163,S5_twin_shock_imf_bailout,indonesia,USDC
983,0.798078006259417,944.3826455336314,163,S5_twin_shock_imf_bailout,indonesia,USDC
984,0.7943084588897843,920.7730793952906,163,S5_twin_shock_imf_bailout,indonesia,USDC
985,0.757127593268361,897.7537524104082,163,S5_twin_shock_imf_bailout,indonesia,USDC
986,0.7510582646070748,875.309908600148,163,S5_twin_shock_imf_bailout,indonesia,USDC
987,0.7439546911985162,853.4271608851443,163,S5_twin_shock_imf_bailout,indonesia,USDC
988,0.7618085871904672,832.0914818630156,163,S5_twin_shock_imf_bailout,indonesia,USDC
989,0.7767597118780126,811.2891948164404,163,S5_twin_shock_imf_bailout,indonesia,USDC
990,0.7674371851730992,791.0069649460294,163,S5_twin_shock_imf_bailout,indonesia,USDC
991,0.7673016763244421,771.2317908223786,163,S5_twin_shock_imf_bailout,indonesia,USDC
992,0.7970347575428404,751.9509960518192,163,S5_twin_shock_imf_bailout,indonesia,USDC
993,0.790433867444364,733.1522211505236,163,S5_twin_shock_imf_bailout,indonesia,USDC
994,0.7736963052497509,714.8234156217605,163,S5_twin_shock_imf_bailout,indonesia,USDC
995,0.7658168380256105,696.9528302312166,163,S5_twin_shock_imf_bailout,indonesia,USDC
996,0.7623606038728455,679.529009475436,163,S5_twin_shock_imf_bailout,indonesia,USDC
997,0.7711133323178391,662.5407842385503,163,S5_twin_shock_imf_bailout,indonesia,USDC
998,0.7690626298478538,645.9772646325864,163,S5_twin_shock_imf_bailout,indonesia,USDC
999,0.7904320463587039,629.8278330167718,163,S5_twin_shock_imf_bailout,indonesia,USDC
1000,0.7809962402481077,614.0821371913524,163,S5_twin_shock_imf_bailout,indonesia,USDC
