Step,price,liquidity,iteration,scenario,region,coin
1,1.003447985220455,2988957162593.1953,224,S5_twin_shock_imf_bailout,indonesia,USDC
2,0.9935885740076488,2988957162593.1953,224,S5_twin_shock_imf_bailout,indonesia,USDC
3,1.0126229458438831,2988957162593.1953,224,S5_twin_shock_imf_bailout,indonesia,USDC
4,1.0013917833576909,2988957162593.1953,224,S5_twin_shock_imf_bailout,indonesia,USDC
5,0.9964092107955216,2988957162593.1953,224,S5_twin_shock_imf_bailout,indonesia,USDC
6,0.9859921736724724,2988957162593.1953,224,S5_twin_shock_imf_bailout,indonesia,USDC
7,0.9547323894517106,2988957162593.1953,224,S5_twin_shock_imf_bailout,indonesia,USDC
8,0.950769649497428,2988012774311.858,224,S5_twin_shock_imf_bailout,indonesia,USDC
9,0.9739795773223328,2986841990690.7305,224,S5_twin_shock_imf_bailout,indonesia,USDC
10,1.014449271545895,2986841990690.7305,224,S5_twin_shock_imf_bailout,indonesia,USDC
11,1.0424978687644741,2986841990690.7305,224,S5_twin_shock_imf_bailout,indonesia,USDC
12,1.005337525095665,2986841990690.7305,224,S5_twin_shock_imf_bailout,indonesia,USDC
13,1.0080996243499276,2986841990690.7305,224,S5_twin_shock_imf_bailout,indonesia,USDC
14,1.0253796428101067,2986841990690.7305,224,S5_twin_shock_imf_bailout,indonesia,USDC
15,1.0217009457182564,2986841990690.7305,224,S5_twin_shock_imf_bailout,indonesia,USDC
16,1.0400167839412315,2986841990690.7305,224,S5_twin_shock_imf_bailout,indonesia,USDC
17,1.020148984385354,2986841990690.7305,224,S5_twin_shock_imf_bailout,indonesia,USDC
18,0.998495586982862,2986841990690.7305,224,S5_twin_shock_imf_bailout,indonesia,USDC
19,0.9529152747112818,2986841990690.7305,224,S5_twin_shock_imf_bailout,indonesia,USDC
20,0.9504789180872738,2985860793676.966,224,S5_twin_shock_imf_bailout,indonesia,USDC
21,0.9761967890323083,2984729140843.448,224,S5_twin_shock_imf_bailout,indonesia,USDC
22,0.9968533826348622,2984729140843.448,224,S5_twin_shock_imf_bailout,indonesia,USDC
23,0.9748277499699645,2984729140843.448,224,S5_twin_shock_imf_bailout,indonesia,USDC
24,0.9591815691611282,2984729140843.448,224,S5_twin_shock_imf_bailout,indonesia,USDC
25,0.9440392820513246,2984129499847.4756,224,S5_twin_shock_imf_bailout,indonesia,USDC
26,0.9537045131489059,2982652888006.2104,224,S5_twin_shock_imf_bailout,indonesia,USDC
27,0.9588765857354613,2981763650997.718,224,S5_twin_shock_imf_bailout,indonesia,USDC
28,0.9335188397610285,2981158095898.358,224,S5_twin_shock_imf_bailout,indonesia,USDC
29,0.9385068013319928,2979250926352.413,224,S5_twin_shock_imf_bailout,indonesia,USDC
30,0.9196847628358957,2977652455492.3276,224,S5_twin_shock_imf_bailout,indonesia,USDC
31,0.9469400402441841,2975149000660.4873,224,S5_twin_shock_imf_bailout,indonesia,USDC
32,1.0020621380763095,2974065514774.931,224,S5_twin_shock_imf_bailout,indonesia,USDC
33,1.0135872719593015,2974065514774.931,224,S5_twin_shock_imf_bailout,indonesia,USDC
34,1.02629980554318,2974065514774.931,224,S5_twin_shock_imf_bailout,indonesia,USDC
35,1.051846100410975,2974065514774.931,224,S5_twin_shock_imf_bailout,indonesia,USDC
36,1.0805660956718492,2974065514774.931,224,S5_twin_shock_imf_bailout,indonesia,USDC
37,1.0840629176397125,2974065514774.931,224,S5_twin_shock_imf_bailout,indonesia,USDC
38,1.0859778570437548,2974065514774.931,224,S5_twin_shock_imf_bailout,indonesia,USDC
39,1.0404454015555473,2974065514774.931,224,S5_twin_shock_imf_bailout,indonesia,USDC
40,1.0358966751151906,2974065514774.931,224,S5_twin_shock_imf_bailout,indonesia,USDC
41,1.0195977551308286,2974065514774.931,224,S5_twin_shock_imf_bailout,indonesia,USDC
42,1.0376790578838222,2974065514774.931,224,S5_twin_shock_imf_bailout,indonesia,USDC
43,1.0391770893997698,2974065514774.931,224,S5_twin_shock_imf_bailout,indonesia,USDC
44,1.0291686083610712,2974065514774.931,224,S5_twin_shock_imf_bailout,indonesia,USDC
45,1.0411298991720666,2974065514774.931,224,S5_twin_shock_imf_bailout,indonesia,USDC
46,1.0344578156809567,2974065514774.931,224,S5_twin_shock_imf_bailout,indonesia,USDC
47,1.0192510662532757,2974065514774.931,224,S5_twin_shock_imf_bailout,indonesia,USDC
48,1.0200280310069652,2974065514774.931,224,S5_twin_shock_imf_bailout,indonesia,USDC
49,0.9900362523780224,2974065514774.931,224,S5_twin_shock_imf_bailout,indonesia,USDC
50,0.9863438269009434,2974065514774.931,224,S5_twin_shock_imf_bailout,indonesia,USDC
51,1.016446557123357,2974065514774.931,224,S5_twin_shock_imf_bailout,indonesia,USDC
52,1.0286450925164805,2974065514774.931,224,S5_twin_shock_imf_bailout,indonesia,USDC
53,1.0108924065203237,2974065514774.931,224,S5_twin_shock_imf_bailout,indonesia,USDC
54,1.0126503459672516,2974065514774.931,224,S5_twin_shock_imf_bailout,indonesia,USDC
55,0.9621867337594998,2974065514774.931,224,S5_twin_shock_imf_bailout,indonesia,USDC
56,1.0044320552453228,2973715720634.2314,224,S5_twin_shock_imf_bailout,indonesia,USDC
57,0.9992567308976312,2973715720634.2314,224,S5_twin_shock_imf_bailout,indonesia,USDC
58,1.0039290882736664,2973715720634.2314,224,S5_twin_shock_imf_bailout,indonesia,USDC
59,0.983830778557728,2973715720634.2314,224,S5_twin_shock_imf_bailout,indonesia,USDC
60,0.996125322104354,2973715720634.2314,224,S5_twin_shock_imf_bailout,indonesia,USDC
61,1.0200822408465466,2973715720634.2314,224,S5_twin_shock_imf_bailout,indonesia,USDC
62,0.9982712743769552,2973715720634.2314,224,S5_twin_shock_imf_bailout,indonesia,USDC
63,1.0325237167956172,2973715720634.2314,224,S5_twin_shock_imf_bailout,indonesia,USDC
64,1.0163033925057963,2973715720634.2314,224,S5_twin_shock_imf_bailout,indonesia,USDC
65,1.026381730424586,2973715720634.2314,224,S5_twin_shock_imf_bailout,indonesia,USDC
66,1.046961874882284,2973715720634.2314,224,S5_twin_shock_imf_bailout,indonesia,USDC
67,1.050493224586185,2973715720634.2314,224,S5_twin_shock_imf_bailout,indonesia,USDC
68,1.0362205235634123,2973715720634.2314,224,S5_twin_shock_imf_bailout,indonesia,USDC
69,1.012689899827535,2973715720634.2314,224,S5_twin_shock_imf_bailout,indonesia,USDC
70,1.0260593616357598,2973715720634.2314,224,S5_twin_shock_imf_bailout,indonesia,USDC
71,1.0069934381129946,2973715720634.2314,224,S5_twin_shock_imf_bailout,indonesia,USDC
72,0.988442182392214,2973715720634.2314,224,S5_twin_shock_imf_bailout,indonesia,USDC
73,1.005977554772107,2973715720634.2314,224,S5_twin_shock_imf_bailout,indonesia,USDC
74,1.029339901304772,2973715720634.2314,224,S5_twin_shock_imf_bailout,indonesia,USDC
75,1.0510065218668578,2973715720634.2314,224,S5_twin_shock_imf_bailout,indonesia,USDC
76,1.069662990937701,2973715720634.2314,224,S5_twin_shock_imf_bailout,indonesia,USDC
77,1.0646042150346284,2973715720634.2314,224,S5_twin_shock_imf_bailout,indonesia,USDC
78,1.0401457865352268,2973715720634.2314,224,S5_twin_shock_imf_bailout,indonesia,USDC
79,1.0301973923751673,2973715720634.2314,224,S5_twin_shock_imf_bailout,indonesia,USDC
80,1.0225492975772212,2973715720634.2314,224,S5_twin_shock_imf_bailout,indonesia,USDC
81,1.0118637789987204,2973715720634.2314,224,S5_twin_shock_imf_bailout,indonesia,USDC
82,0.9920628269695021,2973715720634.2314,224,S5_twin_shock_imf_bailout,indonesia,USDC
83,1.0093269710078372,2973715720634.2314,224,S5_twin_shock_imf_bailout,indonesia,USDC
84,1.0145841607463548,2973715720634.2314,224,S5_twin_shock_imf_bailout,indonesia,USDC
85,1.0072264037714447,2973715720634.2314,224,S5_twin_shock_imf_bailout,indonesia,USDC
86,1.023174359718593,2973715720634.2314,224,S5_twin_shock_imf_bailout,indonesia,USDC
87,1.027920244711207,2973715720634.2314,224,S5_twin_shock_imf_bailout,indonesia,USDC
88,1.0215041837594352,2973715720634.2314,224,S5_twin_shock_imf_bailout,indonesia,USDC
89,1.0190185983995728,2973715720634.2314,224,S5_twin_shock_imf_bailout,indonesia,USDC
90,0.9869784421529002,2973715720634.2314,224,S5_twin_shock_imf_bailout,indonesia,USDC
91,1.0141050046838023,2973715720634.2314,224,S5_twin_shock_imf_bailout,indonesia,USDC
92,1.0265899833960501,2973715720634.2314,224,S5_twin_shock_imf_bailout,indonesia,USDC
93,1.0291554923742343,2973715720634.2314,224,S5_twin_shock_imf_bailout,indonesia,USDC
94,1.0598012947391198,2973715720634.2314,224,S5_twin_shock_imf_bailout,indonesia,USDC
95,1.0649316831906852,2973715720634.2314,224,S5_twin_shock_imf_bailout,indonesia,USDC
96,1.056547565349323,2973715720634.2314,224,S5_twin_shock_imf_bailout,indonesia,USDC
97,1.0562872115648043,2973715720634.2314,224,S5_twin_shock_imf_bailout,indonesia,USDC
98,1.0810603155986873,2973715720634.2314,224,S5_twin_shock_imf_bailout,indonesia,USDC
99,1.0787170309461531,2973715720634.2314,224,S5_twin_shock_imf_bailout,indonesia,USDC
100,1.0691169537285912,2973715720634.2314,224,S5_twin_shock_imf_bailout,indonesia,USDC
101,0.8760970598303078,2973715720634.2314,224,S5_twin_shock_imf_bailout,indonesia,USDC
102,0.8791553569682399,2969452347364.4795,224,S5_twin_shock_imf_bailout,indonesia,USDC
103,0.9267413139149582,2965659800348.9614,224,S5_twin_shock_imf_bailout,indonesia,USDC
104,0.9373090869647175,2964137072397.0234,224,S5_twin_shock_imf_bailout,indonesia,USDC
105,0.9377008760432272,2962983709235.608,224,S5_twin_shock_imf_bailout,indonesia,USDC
106,0.9393843155557281,2961850691041.9746,224,S5_twin_shock_imf_bailout,indonesia,USDC
107,0.9807406707230256,2960874702879.6714,224,S5_twin_shock_imf_bailout,indonesia,USDC
108,0.9701204726115599,2960874702879.6714,224,S5_twin_shock_imf_bailout,indonesia,USDC
109,0.9557648906347317,2960874702879.6714,224,S5_twin_shock_imf_bailout,indonesia,USDC
110,0.9815193042589541,2960474343974.8276,224,S5_twin_shock_imf_bailout,indonesia,USDC
111,0.9479375898441299,2960474343974.8276,224,S5_twin_shock_imf_bailout,indonesia,USDC
112,0.9443963261914707,2959838320818.8535,224,S5_twin_shock_imf_bailout,indonesia,USDC
113,0.9433531567536098,2959080983523.242,224,S5_twin_shock_imf_bailout,indonesia,USDC
114,0.9539009516855823,2958282825663.151,224,S5_twin_shock_imf_bailout,indonesia,USDC
115,0.9638796416421208,2957842477050.6133,224,S5_twin_shock_imf_bailout,indonesia,USDC
116,0.9891805824897502,2957696035449.474,224,S5_twin_shock_imf_bailout,indonesia,USDC
117,1.0026954478196184,2957696035449.474,224,S5_twin_shock_imf_bailout,indonesia,USDC
118,0.9855824736466484,2957696035449.474,224,S5_twin_shock_imf_bailout,indonesia,USDC
119,0.970814669228978,2957696035449.474,224,S5_twin_shock_imf_bailout,indonesia,USDC
120,0.9883466853080716,2957696035449.474,224,S5_twin_shock_imf_bailout,indonesia,USDC
121,600000.9746247135,2883793634563.2373,224,S5_twin_shock_imf_bailout,indonesia,USDC
122,480001.95,2811730793699.1562,224,S5_twin_shock_imf_bailout,indonesia,USDC
123,384001.95,2741463123856.6777,224,S5_twin_shock_imf_bailout,indonesia,USDC
124,307201.95,2672947025760.2603,224,S5_twin_shock_imf_bailout,indonesia,USDC
125,245761.95,2606139734116.254,224,S5_twin_shock_imf_bailout,indonesia,USDC
126,196609.95,2540999347963.3477,224,S5_twin_shock_imf_bailout,indonesia,USDC
127,157288.35,2477484850024.264,224,S5_twin_shock_imf_bailout,indonesia,USDC
128,125831.06999999999,2415556117381.657,224,S5_twin_shock_imf_bailout,indonesia,USDC
129,100665.246,2355173925333.5156,224,S5_twin_shock_imf_bailout,indonesia,USDC
130,80532.5868,2296299945909.298,224,S5_twin_shock_imf_bailout,indonesia,USDC
131,64426.45944,2238896742228.8613,224,S5_twin_shock_imf_bailout,indonesia,USDC
132,51541.557552,2182927759646.9766,224,S5_twin_shock_imf_bailout,indonesia,USDC
133,41233.6360416,2128357314434.8716,224,S5_twin_shock_imf_bailout,indonesia,USDC
134,32987.29883328,2075150580597.2554,224,S5_twin_shock_imf_bailout,indonesia,USDC
135,26390.229066624004,2023273575300.9287,224,S5_twin_shock_imf_bailout,indonesia,USDC
136,21112.573253299208,1972693143293.289,224,S5_twin_shock_imf_bailout,indonesia,USDC
137,16890.448602639364,1923376940610.8638,224,S5_twin_shock_imf_bailout,indonesia,USDC
138,13512.748882111493,1875293417815.5176,224,S5_twin_shock_imf_bailout,indonesia,USDC
139,10810.589105689196,1828411802946.0698,224,S5_twin_shock_imf_bailout,indonesia,USDC
140,8648.861284551356,1782702084333.1704,224,S5_twin_shock_imf_bailout,indonesia,USDC
141,6919.479027641083,1738134993393.443,224,S5_twin_shock_imf_bailout,indonesia,USDC
142,5535.973222112866,1694681987493.4883,224,S5_twin_shock_imf_bailout,indonesia,USDC
143,4429.168577690293,1652315232954.0564,224,S5_twin_shock_imf_bailout,indonesia,USDC
144,3543.724862152234,1611007588248.529,224,S5_twin_shock_imf_bailout,indonesia,USDC
145,2835.3698897217873,1570732587436.975,224,S5_twin_shock_imf_bailout,indonesia,USDC
146,2268.6859117774297,1531464423866.778,224,S5_twin_shock_imf_bailout,indonesia,USDC
147,1815.338729421944,1493177934162.6907,224,S5_twin_shock_imf_bailout,indonesia,USDC
148,1452.6609835375552,1455848582522.689,224,S5_twin_shock_imf_bailout,indonesia,USDC
149,1162.518786830044,1419452445330.874,224,S5_twin_shock_imf_bailout,indonesia,USDC
150,930.4050294640354,1383966196094.6042,224,S5_twin_shock_imf_bailout,indonesia,USDC
151,744.7140235712283,1349367090709.8408,224,S5_twin_shock_imf_bailout,indonesia,USDC
152,596.1612188569826,1315632953056.1758,224,S5_twin_shock_imf_bailout,indonesia,USDC
153,477.3189750855861,1282742160921.0364,224,S5_twin_shock_imf_bailout,indonesia,USDC
154,382.24518006846887,1250673632251.0227,224,S5_twin_shock_imf_bailout,indonesia,USDC
155,306.1861440547751,1219406811727.1567,224,S5_twin_shock_imf_bailout,indonesia,USDC
156,245.3389152438201,1188921657659.9055,224,S5_twin_shock_imf_bailout,indonesia,USDC
157,196.66113219505607,1159198629199.15,224,S5_twin_shock_imf_bailout,indonesia,USDC
158,157.71890575604485,1130218673853.7651,224,S5_twin_shock_imf_bailout,indonesia,USDC
159,126.5651246048359,1101963215315.0957,224,S5_twin_shock_imf_bailout,indonesia,USDC
160,101.64209968386872,1074414141578.3584,224,S5_twin_shock_imf_bailout,indonesia,USDC
161,81.70367974709498,1047553793355.8116,224,S5_twin_shock_imf_bailout,indonesia,USDC
162,65.75294379767598,1021364952775.4458,224,S5_twin_shock_imf_bailout,indonesia,USDC
163,52.99235503814079,995830832358.8833,224,S5_twin_shock_imf_bailout,indonesia,USDC
164,42.78388403051264,970935064272.1702,224,S5_twin_shock_imf_bailout,indonesia,USDC
165,34.61710722441011,946661689843.1731,224,S5_twin_shock_imf_bailout,indonesia,USDC
166,28.083685779528086,922995149339.3396,224,S5_twin_shock_imf_bailout,indonesia,USDC
167,22.85694862362247,899920271999.6527,224,S5_twin_shock_imf_bailout,indonesia,USDC
168,18.675558898897975,877422266314.6986,224,S5_twin_shock_imf_bailout,indonesia,USDC
169,15.330447119118379,855486710548.861,224,S5_twin_shock_imf_bailout,indonesia,USDC
170,12.654357695294703,834099543498.7632,224,S5_twin_shock_imf_bailout,indonesia,USDC
171,10.513486156235762,813247055482.1932,224,S5_twin_shock_imf_bailout,indonesia,USDC
172,8.800788924988609,792915879551.8577,224,S5_twin_shock_imf_bailout,indonesia,USDC
173,7.430631139990888,773092982928.4366,224,S5_twin_shock_imf_bailout,indonesia,USDC
174,6.334504911992711,753765658647.5261,224,S5_twin_shock_imf_bailout,indonesia,USDC
175,5.457603929594168,734921517415.1782,224,S5_twin_shock_imf_bailout,indonesia,USDC
176,4.756083143675334,716548479666.8708,224,S5_twin_shock_imf_bailout,indonesia,USDC
177,4.1948665149402675,698634767824.8569,224,S5_twin_shock_imf_bailout,indonesia,USDC
178,3.745893211952214,681168898748.9617,224,S5_twin_shock_imf_bailout,indonesia,USDC
179,3.3867145695617715,664139676376.0187,224,S5_twin_shock_imf_bailout,indonesia,USDC
180,3.099371655649417,647536184543.2429,224,S5_twin_shock_imf_bailout,indonesia,USDC
181,2.8694973245195334,631347779990.9617,224,S5_twin_shock_imf_bailout,indonesia,USDC
182,2.685597859615627,615564085540.2275,224,S5_twin_shock_imf_bailout,indonesia,USDC
183,2.5384782876925014,600174983440.9537,224,S5_twin_shock_imf_bailout,indonesia,USDC
184,2.420782630154001,585170608886.3154,224,S5_twin_shock_imf_bailout,indonesia,USDC
185,2.326626104123201,570541343689.2659,224,S5_twin_shock_imf_bailout,indonesia,USDC
186,2.2513008832985606,556277810117.121,224,S5_twin_shock_imf_bailout,indonesia,USDC
187,2.1910407066388484,542370864880.2623,224,S5_twin_shock_imf_bailout,indonesia,USDC
188,2.1428325653110787,528811593271.1112,224,S5_twin_shock_imf_bailout,indonesia,USDC
189,2.104266052248863,515591303449.6178,224,S5_twin_shock_imf_bailout,indonesia,USDC
190,2.0734128417990907,502701520871.60486,224,S5_twin_shock_imf_bailout,indonesia,USDC
191,2.0433799335609506,490133982856.3967,224,S5_twin_shock_imf_bailout,indonesia,USDC
192,1.9578651911962415,477880633290.25244,224,S5_twin_shock_imf_bailout,indonesia,USDC
193,2.0131873750011344,465933617462.2086,224,S5_twin_shock_imf_bailout,indonesia,USDC
194,1.9317801237838952,454285277029.02344,224,S5_twin_shock_imf_bailout,indonesia,USDC
195,1.8506496594837685,442928145105.9938,224,S5_twin_shock_imf_bailout,indonesia,USDC
196,1.7239960363700175,431854941480.5008,224,S5_twin_shock_imf_bailout,indonesia,USDC
197,1.6411028115965878,421058567945.2136,224,S5_twin_shock_imf_bailout,indonesia,USDC
198,1.5398538241086546,410532103747.9637,224,S5_twin_shock_imf_bailout,indonesia,USDC
199,1.4842842530236857,400268801155.36884,224,S5_twin_shock_imf_bailout,indonesia,USDC
200,1.4190921820879452,390262081127.36804,224,S5_twin_shock_imf_bailout,indonesia,USDC
201,1.3056873383834215,380505529099.8906,224,S5_twin_shock_imf_bailout,indonesia,USDC
202,1.2619476081865055,370992890872.95874,224,S5_twin_shock_imf_bailout,indonesia,USDC
203,1.2086843105808398,361718068601.58704,224,S5_twin_shock_imf_bailout,indonesia,USDC
204,1.1650297564072662,352675116886.90924,224,S5_twin_shock_imf_bailout,indonesia,USDC
205,1.0989653371358807,343858238965.026,224,S5_twin_shock_imf_bailout,indonesia,USDC
206,1.055963337246279,335261782991.13196,224,S5_twin_shock_imf_bailout,indonesia,USDC
207,1.0587686350336467,326880238416.53894,224,S5_twin_shock_imf_bailout,indonesia,USDC
208,1.0308335298001832,318708232456.2736,224,S5_twin_shock_imf_bailout,indonesia,USDC
209,1.0126936114830078,310740526644.98535,224,S5_twin_shock_imf_bailout,indonesia,USDC
210,1.0198503269599324,302972013478.9556,224,S5_twin_shock_imf_bailout,indonesia,USDC
211,0.9841864628187778,295397713142.0576,224,S5_twin_shock_imf_bailout,indonesia,USDC
212,0.9583552023786415,288012770313.56683,224,S5_twin_shock_imf_bailout,indonesia,USDC
213,0.9593522264919281,280476067654.41504,224,S5_twin_shock_imf_bailout,indonesia,USDC
214,0.9341602276271275,273198927743.32626,224,S5_twin_shock_imf_bailout,indonesia,USDC
215,0.9361752544852006,265417929908.58353,224,S5_twin_shock_imf_bailout,indonesia,USDC
216,0.9344994969057977,257859527980.96628,224,S5_twin_shock_imf_bailout,indonesia,USDC
217,0.91023950631595,250506889599.9796,224,S5_twin_shock_imf_bailout,indonesia,USDC
218,0.8888931444307177,242764109342.18158,224,S5_twin_shock_imf_bailout,indonesia,USDC
219,0.8971298909325018,234846987176.0583,224,S5_twin_shock_imf_bailout,indonesia,USDC
220,0.8504194098822582,227487885305.70264,224,S5_twin_shock_imf_bailout,indonesia,USDC
221,0.8129136790666159,219509818093.45862,224,S5_twin_shock_imf_bailout,indonesia,USDC
222,0.8187569776845119,211351972580.09863,224,S5_twin_shock_imf_bailout,indonesia,USDC
223,0.8050081842740681,203797314753.18942,224,S5_twin_shock_imf_bailout,indonesia,USDC
224,0.7785465110761707,196560759605.53125,224,S5_twin_shock_imf_bailout,indonesia,USDC
225,0.7700081198020469,189584343366.72342,224,S5_twin_shock_imf_bailout,indonesia,USDC
226,0.7807670886986481,183215005585.6288,224,S5_twin_shock_imf_bailout,indonesia,USDC
227,0.7859582869520291,177392793012.4505,224,S5_twin_shock_imf_bailout,indonesia,USDC
228,0.7979121990117255,171911557266.0689,224,S5_twin_shock_imf_bailout,indonesia,USDC
229,0.7892574535479397,166836371044.79575,224,S5_twin_shock_imf_bailout,indonesia,USDC
230,0.7988157063748738,161991075642.95807,224,S5_twin_shock_imf_bailout,indonesia,USDC
231,0.8066424557623363,157440152893.49875,224,S5_twin_shock_imf_bailout,indonesia,USDC
232,0.8146597581424234,153088789323.18042,224,S5_twin_shock_imf_bailout,indonesia,USDC
233,0.7965513548147449,148945256818.21146,224,S5_twin_shock_imf_bailout,indonesia,USDC
234,0.7772527832658637,144902593661.46786,224,S5_twin_shock_imf_bailout,indonesia,USDC
235,0.8043004736039532,141005717054.15167,224,S5_twin_shock_imf_bailout,indonesia,USDC
236,0.7778265979232676,137277153148.28802,224,S5_twin_shock_imf_bailout,indonesia,USDC
237,0.7608327542018594,133660911759.97711,224,S5_twin_shock_imf_bailout,indonesia,USDC
238,0.7614176599526195,130156114912.32883,224,S5_twin_shock_imf_bailout,indonesia,USDC
239,0.7970791375185329,126769915504.97519,224,S5_twin_shock_imf_bailout,indonesia,USDC
240,0.8065308979531538,123510193262.42474,224,S5_twin_shock_imf_bailout,indonesia,USDC
241,0.7978700629050732,120353563929.61484,224,S5_twin_shock_imf_bailout,indonesia,USDC
242,0.8059939778360194,117282941317.65334,224,S5_twin_shock_imf_bailout,indonesia,USDC
243,0.808322431804504,114303423292.36026,224,S5_twin_shock_imf_bailout,indonesia,USDC
244,0.8030253920038275,111407611637.71228,224,S5_twin_shock_imf_bailout,indonesia,USDC
245,0.8242793615986356,108588574045.57224,224,S5_twin_shock_imf_bailout,indonesia,USDC
246,0.8411658740654427,105848791856.9031,224,S5_twin_shock_imf_bailout,indonesia,USDC
247,0.8285623872577202,103184108298.36938,224,S5_twin_shock_imf_bailout,indonesia,USDC
248,0.8145910649027235,100586899940.60075,224,S5_twin_shock_imf_bailout,indonesia,USDC
249,0.8278492001929733,98055945777.80453,224,S5_twin_shock_imf_bailout,indonesia,USDC
250,0.7979120179213278,95591703138.30978,224,S5_twin_shock_imf_bailout,indonesia,USDC
251,0.8014691182050977,93188595989.86447,224,S5_twin_shock_imf_bailout,indonesia,USDC
252,0.8032335714302083,90848307304.02025,224,S5_twin_shock_imf_bailout,indonesia,USDC
253,0.7946869386384589,88568392182.97998,224,S5_twin_shock_imf_bailout,indonesia,USDC
254,0.7682272932429686,86346694470.98361,224,S5_twin_shock_imf_bailout,indonesia,USDC
255,0.7638108575357305,84180866920.53345,224,S5_twin_shock_imf_bailout,indonesia,USDC
256,0.7798499385385133,82070461939.74533,224,S5_twin_shock_imf_bailout,indonesia,USDC
257,0.7958962627393761,80014183858.30573,224,S5_twin_shock_imf_bailout,indonesia,USDC
258,0.793220534251686,78010625765.27731,224,S5_twin_shock_imf_bailout,indonesia,USDC
259,0.8075589946833713,76057656622.78235,224,S5_twin_shock_imf_bailout,indonesia,USDC
260,0.8126525741917904,74154029413.87909,224,S5_twin_shock_imf_bailout,indonesia,USDC
261,0.7776468153814651,72298449969.09982,224,S5_twin_shock_imf_bailout,indonesia,USDC
262,0.8165886786883874,70489281417.58557,224,S5_twin_shock_imf_bailout,indonesia,USDC
263,0.8234078301961488,68725874213.73434,224,S5_twin_shock_imf_bailout,indonesia,USDC
264,0.8323889728707533,67006820384.20706,224,S5_twin_shock_imf_bailout,indonesia,USDC
265,0.8250011579070579,65330891127.72886,224,S5_twin_shock_imf_bailout,indonesia,USDC
266,0.8142846568149705,63696946485.64787,224,S5_twin_shock_imf_bailout,indonesia,USDC
267,0.8261564811734512,62103918997.5936,224,S5_twin_shock_imf_bailout,indonesia,USDC
268,0.823129279867944,60550829677.062294,224,S5_twin_shock_imf_bailout,indonesia,USDC
269,0.8218394550195569,59036649036.162186,224,S5_twin_shock_imf_bailout,indonesia,USDC
270,0.8153640942588615,57560378854.118935,224,S5_twin_shock_imf_bailout,indonesia,USDC
271,0.7660753742697725,56121060862.474976,224,S5_twin_shock_imf_bailout,indonesia,USDC
272,0.761067163908545,54717687608.83828,224,S5_twin_shock_imf_bailout,indonesia,USDC
273,0.776241686660338,53349449184.28871,224,S5_twin_shock_imf_bailout,indonesia,USDC
274,0.7679019516521064,52015504660.37015,224,S5_twin_shock_imf_bailout,indonesia,USDC
275,0.7708716077102471,50714937164.16365,224,S5_twin_shock_imf_bailout,indonesia,USDC
276,0.7690614435115186,49446924722.824036,224,S5_twin_shock_imf_bailout,indonesia,USDC
277,0.7860656457222285,48210631562.52703,224,S5_twin_shock_imf_bailout,indonesia,USDC
278,0.776762293158749,47005282032.552155,224,S5_twin_shock_imf_bailout,indonesia,USDC
279,0.7849205721410139,45830078033.7085,224,S5_twin_shock_imf_bailout,indonesia,USDC
280,0.7901999921362304,44684270392.83168,224,S5_twin_shock_imf_bailout,indonesia,USDC
281,0.8144835332440378,43567119465.83772,224,S5_twin_shock_imf_bailout,indonesia,USDC
282,0.7997961885212782,42477909420.20015,224,S5_twin_shock_imf_bailout,indonesia,USDC
283,0.7846738614698706,41415932739.09471,224,S5_twin_shock_imf_bailout,indonesia,USDC
284,0.7858723661028701,40380507622.61153,224,S5_twin_shock_imf_bailout,indonesia,USDC
285,0.7895085848090844,39370973304.690346,224,S5_twin_shock_imf_bailout,indonesia,USDC
286,0.7730667230491592,38386681394.24301,224,S5_twin_shock_imf_bailout,indonesia,USDC
287,0.7985513902926761,37426998749.02609,224,S5_twin_shock_imf_bailout,indonesia,USDC
288,0.7911746815024628,36491313173.50566,224,S5_twin_shock_imf_bailout,indonesia,USDC
289,0.7897814651264988,35579021177.799065,224,S5_twin_shock_imf_bailout,indonesia,USDC
290,0.8233545898255455,34689538386.6678,224,S5_twin_shock_imf_bailout,indonesia,USDC
291,0.7950116865042308,33822294749.960163,224,S5_twin_shock_imf_bailout,indonesia,USDC
292,0.7761361983961789,32976732137.517082,224,S5_twin_shock_imf_bailout,indonesia,USDC
293,0.7949961624310278,32152309072.765366,224,S5_twin_shock_imf_bailout,indonesia,USDC
294,0.8033939198556906,31348498043.466328,224,S5_twin_shock_imf_bailout,indonesia,USDC
295,0.8067043499003091,30564783045.2581,224,S5_twin_shock_imf_bailout,indonesia,USDC
296,0.7905558243384101,29800661334.524296,224,S5_twin_shock_imf_bailout,indonesia,USDC
297,0.7953332936873422,29055642871.43573,224,S5_twin_shock_imf_bailout,indonesia,USDC
298,0.8066571123028475,28329250152.37153,224,S5_twin_shock_imf_bailout,indonesia,USDC
299,0.8139442596936657,27621017635.471626,224,S5_twin_shock_imf_bailout,indonesia,USDC
300,0.8071635086973945,26930491210.607918,224,S5_twin_shock_imf_bailout,indonesia,USDC
301,0.8000332145913167,26257228100.611137,224,S5_twin_shock_imf_bailout,indonesia,USDC
302,0.8183902442709505,25600796668.512154,224,S5_twin_shock_imf_bailout,indonesia,USDC
303,0.8079143922062653,24960776196.665264,224,S5_twin_shock_imf_bailout,indonesia,USDC
304,0.8298029305756915,24336756267.183475,224,S5_twin_shock_imf_bailout,indonesia,USDC
305,0.8273897451960133,23728337005.53343,224,S5_twin_shock_imf_bailout,indonesia,USDC
306,0.8186092888271845,23135128248.169025,224,S5_twin_shock_imf_bailout,indonesia,USDC
307,0.808086148542008,22556749759.15733,224,S5_twin_shock_imf_bailout,indonesia,USDC
308,0.8254922020344302,21992830756.914833,224,S5_twin_shock_imf_bailout,indonesia,USDC
309,0.8023229855991456,21443009793.91786,224,S5_twin_shock_imf_bailout,indonesia,USDC
310,0.7689689340500157,20906934342.95699,224,S5_twin_shock_imf_bailout,indonesia,USDC
311,0.7810330681098219,20384260791.731983,224,S5_twin_shock_imf_bailout,indonesia,USDC
312,0.7980227027125776,19874654126.296524,224,S5_twin_shock_imf_bailout,indonesia,USDC
313,0.8182620448458136,19377787662.626953,224,S5_twin_shock_imf_bailout,indonesia,USDC
314,0.8296246926328618,18893342890.3529,224,S5_twin_shock_imf_bailout,indonesia,USDC
315,0.814195855495484,18421009251.998672,224,S5_twin_shock_imf_bailout,indonesia,USDC
316,0.8348288112512221,17960483957.955093,224,S5_twin_shock_imf_bailout,indonesia,USDC
317,0.8139119022119095,17511471816.10669,224,S5_twin_shock_imf_bailout,indonesia,USDC
318,0.82215794946294,17073684976.707157,224,S5_twin_shock_imf_bailout,indonesia,USDC
319,0.8309045627242507,16646842816.338362,224,S5_twin_shock_imf_bailout,indonesia,USDC
320,0.8410157497900257,16230671717.091925,224,S5_twin_shock_imf_bailout,indonesia,USDC
321,0.8147518317994267,15824904901.704483,224,S5_twin_shock_imf_bailout,indonesia,USDC
322,0.8138561236615699,15429282254.556198,224,S5_twin_shock_imf_bailout,indonesia,USDC
323,0.8001993105898249,15043550177.405506,224,S5_twin_shock_imf_bailout,indonesia,USDC
324,0.7794603497195174,14667461404.755795,224,S5_twin_shock_imf_bailout,indonesia,USDC
325,0.761786971849438,14300774852.297436,224,S5_twin_shock_imf_bailout,indonesia,USDC
326,0.7595277030470461,13943255465.365173,224,S5_twin_shock_imf_bailout,indonesia,USDC
327,0.7814551701853151,13594674066.78076,224,S5_twin_shock_imf_bailout,indonesia,USDC
328,0.7769325667221607,13254807206.831673,224,S5_twin_shock_imf_bailout,indonesia,USDC
329,0.77954977468372,12923437019.733788,224,S5_twin_shock_imf_bailout,indonesia,USDC
330,0.7369762896355452,12600351088.58025,224,S5_twin_shock_imf_bailout,indonesia,USDC
331,0.7533084470194308,12285342305.846428,224,S5_twin_shock_imf_bailout,indonesia,USDC
332,0.6565137754071709,11978208744.157324,224,S5_twin_shock_imf_bailout,indonesia,USDC
333,0.6708375862077097,11678753520.774498,224,S5_twin_shock_imf_bailout,indonesia,USDC
334,0.6804778507275927,11386784679.83829,224,S5_twin_shock_imf_bailout,indonesia,USDC
335,0.7061453024219465,11102115060.767733,224,S5_twin_shock_imf_bailout,indonesia,USDC
336,0.7059472823321421,10824562182.908573,224,S5_twin_shock_imf_bailout,indonesia,USDC
337,0.7432493831486816,10553948127.334988,224,S5_twin_shock_imf_bailout,indonesia,USDC
338,0.7607234614780104,10290099423.526098,224,S5_twin_shock_imf_bailout,indonesia,USDC
339,0.7928103012100397,10032846937.520878,224,S5_twin_shock_imf_bailout,indonesia,USDC
340,0.7783059201869869,9782025763.784508,224,S5_twin_shock_imf_bailout,indonesia,USDC
341,0.7972983320694764,9537475119.431614,224,S5_twin_shock_imf_bailout,indonesia,USDC
342,0.7925049402316292,9299038241.261272,224,S5_twin_shock_imf_bailout,indonesia,USDC
343,0.786519731659777,9066562285.066505,224,S5_twin_shock_imf_bailout,indonesia,USDC
344,0.7798573448978214,8839898227.809998,224,S5_twin_shock_imf_bailout,indonesia,USDC
345,0.7817567276692634,8618900772.004128,224,S5_twin_shock_imf_bailout,indonesia,USDC
346,0.7775052283446952,8403428252.610942,224,S5_twin_shock_imf_bailout,indonesia,USDC
347,0.7608424863742541,8193342546.218636,224,S5_twin_shock_imf_bailout,indonesia,USDC
348,0.7760302258265168,7988508982.494543,224,S5_twin_shock_imf_bailout,indonesia,USDC
349,0.7699791143835818,7788796257.885141,224,S5_twin_shock_imf_bailout,indonesia,USDC
350,0.7585707868826987,7594076351.397882,224,S5_twin_shock_imf_bailout,indonesia,USDC
351,0.7609700459148596,7404224442.577522,224,S5_twin_shock_imf_bailout,indonesia,USDC
352,0.7599739755516148,7219118831.48727,224,S5_twin_shock_imf_bailout,indonesia,USDC
353,0.75048130266036,7038640860.67942,224,S5_twin_shock_imf_bailout,indonesia,USDC
354,0.7633704649070432,6862674839.144914,224,S5_twin_shock_imf_bailout,indonesia,USDC
355,0.7877096609612081,6691107968.153391,224,S5_twin_shock_imf_bailout,indonesia,USDC
356,0.787743788455899,6523830268.940332,224,S5_twin_shock_imf_bailout,indonesia,USDC
357,0.7845750403907934,6360734512.209445,224,S5_twin_shock_imf_bailout,indonesia,USDC
358,0.7814104857236585,6201716149.398056,224,S5_twin_shock_imf_bailout,indonesia,USDC
359,0.8039264366843382,6046673245.657778,224,S5_twin_shock_imf_bailout,indonesia,USDC
360,0.7817552576648786,5895506414.512704,224,S5_twin_shock_imf_bailout,indonesia,USDC
361,0.7998346605759271,5748118754.146515,224,S5_twin_shock_imf_bailout,indonesia,USDC
362,0.7868097867068814,5604415785.290306,224,S5_twin_shock_imf_bailout,indonesia,USDC
363,0.7805370703568719,5464305390.655821,224,S5_twin_shock_imf_bailout,indonesia,USDC
364,0.770693263088922,5327697755.887497,224,S5_twin_shock_imf_bailout,indonesia,USDC
365,0.7508799362514351,5194505311.988623,224,S5_twin_shock_imf_bailout,indonesia,USDC
366,0.7729675863524049,5064642679.187484,224,S5_twin_shock_imf_bailout,indonesia,USDC
367,0.7869410326515859,4938026612.206791,224,S5_twin_shock_imf_bailout,indonesia,USDC
368,0.7966342182835638,4814575946.900832,224,S5_twin_shock_imf_bailout,indonesia,USDC
369,0.7871303020568201,4694211548.22773,224,S5_twin_shock_imf_bailout,indonesia,USDC
370,0.7804330549447962,4576856259.521524,224,S5_twin_shock_imf_bailout,indonesia,USDC
371,0.7680865656434449,4462434853.033024,224,S5_twin_shock_imf_bailout,indonesia,USDC
372,0.7697233437716434,4350873981.706817,224,S5_twin_shock_imf_bailout,indonesia,USDC
373,0.7679923851405571,4242102132.1638317,224,S5_twin_shock_imf_bailout,indonesia,USDC
374,0.7735638638781779,4136049578.8594885,224,S5_twin_shock_imf_bailout,indonesia,USDC
375,0.7913131816684268,4032648339.387806,224,S5_twin_shock_imf_bailout,indonesia,USDC
376,0.7930769083560576,3931832130.9029784,224,S5_twin_shock_imf_bailout,indonesia,USDC
377,0.784921384239196,3833536327.63029,224,S5_twin_shock_imf_bailout,indonesia,USDC
378,0.7872715597354367,3737697919.4394336,224,S5_twin_shock_imf_bailout,indonesia,USDC
379,0.8021328017883417,3644255471.453371,224,S5_twin_shock_imf_bailout,indonesia,USDC
380,0.8197998227663543,3553149084.666978,224,S5_twin_shock_imf_bailout,indonesia,USDC
381,0.8234717638816975,3464320357.5502615,224,S5_twin_shock_imf_bailout,indonesia,USDC
382,0.826478886388226,3377712348.6114693,224,S5_twin_shock_imf_bailout,indonesia,USDC
383,0.8371118907663269,3293269539.896154,224,S5_twin_shock_imf_bailout,indonesia,USDC
384,0.8480327182284927,3210937801.398726,224,S5_twin_shock_imf_bailout,indonesia,USDC
385,0.8036700239461774,3130664356.363739,224,S5_twin_shock_imf_bailout,indonesia,USDC
386,0.8170874237175303,3052397747.4546223,224,S5_twin_shock_imf_bailout,indonesia,USDC
387,0.8223479349835695,2976087803.768239,224,S5_twin_shock_imf_bailout,indonesia,USDC
388,0.8196854565480064,2901685608.674019,224,S5_twin_shock_imf_bailout,indonesia,USDC
389,0.8158531185513571,2829143468.457156,224,S5_twin_shock_imf_bailout,indonesia,USDC
390,0.8166128332160837,2758414881.745717,224,S5_twin_shock_imf_bailout,indonesia,USDC
391,0.7954651668073482,2689454509.7020655,224,S5_twin_shock_imf_bailout,indonesia,USDC
392,0.7884015858812352,2622218146.959505,224,S5_twin_shock_imf_bailout,indonesia,USDC
393,0.7736528569965508,2556662693.2855096,224,S5_twin_shock_imf_bailout,indonesia,USDC
394,0.7603886528410312,2492746125.953365,224,S5_twin_shock_imf_bailout,indonesia,USDC
395,0.769093045630557,2430427472.8045254,224,S5_twin_shock_imf_bailout,indonesia,USDC
396,0.797015844777045,2369666785.984408,224,S5_twin_shock_imf_bailout,indonesia,USDC
397,0.8068283006502734,2310425116.3347945,224,S5_twin_shock_imf_bailout,indonesia,USDC
398,0.797392239448293,2252664488.4264226,224,S5_twin_shock_imf_bailout,indonesia,USDC
399,0.7794395611010807,2196347876.2157598,224,S5_twin_shock_imf_bailout,indonesia,USDC
400,0.8036324225040977,2141439179.3103638,224,S5_twin_shock_imf_bailout,indonesia,USDC
401,0.818427616343336,2087903199.8276036,224,S5_twin_shock_imf_bailout,indonesia,USDC
402,0.8193793950875764,2035705619.8319125,224,S5_twin_shock_imf_bailout,indonesia,USDC
403,0.7938033415316963,1984812979.3361137,224,S5_twin_shock_imf_bailout,indonesia,USDC
404,0.8055255889825295,1935192654.8527098,224,S5_twin_shock_imf_bailout,indonesia,USDC
405,0.7794443055429425,1886812838.4813914,224,S5_twin_shock_imf_bailout,indonesia,USDC
406,0.7872276658300075,1839642517.5193563,224,S5_twin_shock_imf_bailout,indonesia,USDC
407,0.7841537854082619,1793651454.5813718,224,S5_twin_shock_imf_bailout,indonesia,USDC
408,0.7848883288986639,1748810168.2168372,224,S5_twin_shock_imf_bailout,indonesia,USDC
409,0.7615385182953973,1705089914.0114155,224,S5_twin_shock_imf_bailout,indonesia,USDC
410,0.7795046315497715,1662462666.16113,224,S5_twin_shock_imf_bailout,indonesia,USDC
411,0.7600558806054494,1620901099.5071013,224,S5_twin_shock_imf_bailout,indonesia,USDC
412,0.7631045326874557,1580378572.0194235,224,S5_twin_shock_imf_bailout,indonesia,USDC
413,0.7752894478895741,1540869107.7189379,224,S5_twin_shock_imf_bailout,indonesia,USDC
414,0.7948809926967916,1502347380.0259643,224,S5_twin_shock_imf_bailout,indonesia,USDC
415,0.794266381129968,1464788695.525315,224,S5_twin_shock_imf_bailout,indonesia,USDC
416,0.7940101124810923,1428168978.1371822,224,S5_twin_shock_imf_bailout,indonesia,USDC
417,0.7975781720752141,1392464753.6837528,224,S5_twin_shock_imf_bailout,indonesia,USDC
418,0.7920481351483156,1357653134.8416588,224,S5_twin_shock_imf_bailout,indonesia,USDC
419,0.7915249925945744,1323711806.4706173,224,S5_twin_shock_imf_bailout,indonesia,USDC
420,0.8118593022582073,1290619011.3088522,224,S5_twin_shock_imf_bailout,indonesia,USDC
421,0.7973084603601645,1258353536.0261307,224,S5_twin_shock_imf_bailout,indonesia,USDC
422,0.7901118194452521,1226894697.6254773,224,S5_twin_shock_imf_bailout,indonesia,USDC
423,0.7912187222669933,1196222330.1848404,224,S5_twin_shock_imf_bailout,indonesia,USDC
424,0.7957020051424685,1166316771.9302194,224,S5_twin_shock_imf_bailout,indonesia,USDC
425,0.7918289653072054,1137158852.6319637,224,S5_twin_shock_imf_bailout,indonesia,USDC
426,0.7947596413978475,1108729881.3161647,224,S5_twin_shock_imf_bailout,indonesia,USDC
427,0.7853431652303149,1081011634.2832606,224,S5_twin_shock_imf_bailout,indonesia,USDC
428,0.8035540950074846,1053986343.4261792,224,S5_twin_shock_imf_bailout,indonesia,USDC
429,0.7947778724888632,1027636684.8405247,224,S5_twin_shock_imf_bailout,indonesia,USDC
430,0.8143522968298428,1001945767.7195115,224,S5_twin_shock_imf_bailout,indonesia,USDC
431,0.8221845089810605,976897123.5265238,224,S5_twin_shock_imf_bailout,indonesia,USDC
432,0.7895735000911784,952474695.4383607,224,S5_twin_shock_imf_bailout,indonesia,USDC
433,0.8020816841211895,928662828.0524015,224,S5_twin_shock_imf_bailout,indonesia,USDC
434,0.7964724838500652,905446257.3510916,224,S5_twin_shock_imf_bailout,indonesia,USDC
435,0.8096560350304255,882810100.9173143,224,S5_twin_shock_imf_bailout,indonesia,USDC
436,0.8112014252487726,860739848.3943815,224,S5_twin_shock_imf_bailout,indonesia,USDC
437,0.8162498795724634,839221352.1845219,224,S5_twin_shock_imf_bailout,indonesia,USDC
438,0.8151305808246008,818240818.379909,224,S5_twin_shock_imf_bailout,indonesia,USDC
439,0.8085354191853077,797784797.9204111,224,S5_twin_shock_imf_bailout,indonesia,USDC
440,0.8005475332452392,777840177.9724009,224,S5_twin_shock_imf_bailout,indonesia,USDC
441,0.8016335247174354,758394173.5230908,224,S5_twin_shock_imf_bailout,indonesia,USDC
442,0.8183338497768509,739434319.1850137,224,S5_twin_shock_imf_bailout,indonesia,USDC
443,0.805436737131782,720948461.2053882,224,S5_twin_shock_imf_bailout,indonesia,USDC
444,0.8076228963918053,702924749.6752535,224,S5_twin_shock_imf_bailout,indonesia,USDC
445,0.8007063114686928,685351630.9333723,224,S5_twin_shock_imf_bailout,indonesia,USDC
446,0.787817339978526,668217840.1600379,224,S5_twin_shock_imf_bailout,indonesia,USDC
447,0.8192959621487189,651512394.156037,224,S5_twin_shock_imf_bailout,indonesia,USDC
448,0.8048696086990408,635224584.302136,224,S5_twin_shock_imf_bailout,indonesia,USDC
449,0.80500200538582,619343969.6945826,224,S5_twin_shock_imf_bailout,indonesia,USDC
450,0.8068678688936183,603860370.452218,224,S5_twin_shock_imf_bailout,indonesia,USDC
451,0.8134547190606679,588763861.1909125,224,S5_twin_shock_imf_bailout,indonesia,USDC
452,0.8342263372240575,574044764.6611397,224,S5_twin_shock_imf_bailout,indonesia,USDC
453,0.8174721636477514,559693645.5446112,224,S5_twin_shock_imf_bailout,indonesia,USDC
454,0.8396367686715274,545701304.405996,224,S5_twin_shock_imf_bailout,indonesia,USDC
455,0.8305444877748225,532058771.7958461,224,S5_twin_shock_imf_bailout,indonesia,USDC
456,0.84356783479498,518757302.50095,224,S5_twin_shock_imf_bailout,indonesia,USDC
457,0.8247120947213193,505788369.93842614,224,S5_twin_shock_imf_bailout,indonesia,USDC
458,0.8341199816072861,493143660.6899655,224,S5_twin_shock_imf_bailout,indonesia,USDC
459,0.8399852630742755,480815069.1727164,224,S5_twin_shock_imf_bailout,indonesia,USDC
460,0.8334547508003163,468794692.4433984,224,S5_twin_shock_imf_bailout,indonesia,USDC
461,0.8405635485997353,457074825.1323134,224,S5_twin_shock_imf_bailout,indonesia,USDC
462,0.8542899946960052,445647954.50400555,224,S5_twin_shock_imf_bailout,indonesia,USDC
463,0.8708909862939098,434506755.64140546,224,S5_twin_shock_imf_bailout,indonesia,USDC
464,0.8614427025969273,423644086.7503703,224,S5_twin_shock_imf_bailout,indonesia,USDC
465,0.8664242490569917,413052984.58161104,224,S5_twin_shock_imf_bailout,indonesia,USDC
466,0.8600652837043812,402726659.96707076,224,S5_twin_shock_imf_bailout,indonesia,USDC
467,0.8178291117413363,392658493.46789396,224,S5_twin_shock_imf_bailout,indonesia,USDC
468,0.8332480437860963,382842031.1311966,224,S5_twin_shock_imf_bailout,indonesia,USDC
469,0.8333979758371917,373270980.3529167,224,S5_twin_shock_imf_bailout,indonesia,USDC
470,0.8451628655105328,363939205.8440938,224,S5_twin_shock_imf_bailout,indonesia,USDC
471,0.8347770603605373,354840725.6979914,224,S5_twin_shock_imf_bailout,indonesia,USDC
472,0.7393427843968299,345969707.55554163,224,S5_twin_shock_imf_bailout,indonesia,USDC
473,0.7542196074578245,337320464.8666531,224,S5_twin_shock_imf_bailout,indonesia,USDC
474,0.779129434043484,328887453.2449868,224,S5_twin_shock_imf_bailout,indonesia,USDC
475,0.7664747250005851,320665266.9138621,224,S5_twin_shock_imf_bailout,indonesia,USDC
476,0.7618294016663285,312648635.24101555,224,S5_twin_shock_imf_bailout,indonesia,USDC
477,0.7907740672167699,304832419.3599902,224,S5_twin_shock_imf_bailout,indonesia,USDC
478,0.8106311584266382,297211608.8759904,224,S5_twin_shock_imf_bailout,indonesia,USDC
479,0.8045046910968553,289781318.65409064,224,S5_twin_shock_imf_bailout,indonesia,USDC
480,0.7698710584452267,282536785.6877384,224,S5_twin_shock_imf_bailout,indonesia,USDC
481,0.8020659870454774,275473366.0455449,224,S5_twin_shock_imf_bailout,indonesia,USDC
482,0.792524180895907,268586531.8944063,224,S5_twin_shock_imf_bailout,indonesia,USDC
483,0.793326689391744,261871868.59704614,224,S5_twin_shock_imf_bailout,indonesia,USDC
484,0.7871608390475393,255325071.88211995,224,S5_twin_shock_imf_bailout,indonesia,USDC
485,0.804227092248226,248941945.08506697,224,S5_twin_shock_imf_bailout,indonesia,USDC
486,0.8088647516338507,242718396.4579403,224,S5_twin_shock_imf_bailout,indonesia,USDC
487,0.7860908400122715,236650436.5464918,224,S5_twin_shock_imf_bailout,indonesia,USDC
488,0.7682352191185399,230734175.63282952,224,S5_twin_shock_imf_bailout,indonesia,USDC
489,0.7553060715314983,224965821.24200878,224,S5_twin_shock_imf_bailout,indonesia,USDC
490,0.7561783960570447,219341675.71095854,224,S5_twin_shock_imf_bailout,indonesia,USDC
491,0.7533193525888837,213858133.81818458,224,S5_twin_shock_imf_bailout,indonesia,USDC
492,0.7506964208144162,208511680.47272998,224,S5_twin_shock_imf_bailout,indonesia,USDC
493,0.7804445552794734,203298888.46091172,224,S5_twin_shock_imf_bailout,indonesia,USDC
494,0.7605058727625411,198216416.24938893,224,S5_twin_shock_imf_bailout,indonesia,USDC
495,0.774767349661068,193261005.8431542,224,S5_twin_shock_imf_bailout,indonesia,USDC
496,0.7769192631668691,188429480.69707534,224,S5_twin_shock_imf_bailout,indonesia,USDC
497,0.7756430318661037,183718743.67964846,224,S5_twin_shock_imf_bailout,indonesia,USDC
498,0.778679327076064,179125775.08765724,224,S5_twin_shock_imf_bailout,indonesia,USDC
499,0.783816046766786,174647630.71046582,224,S5_twin_shock_imf_bailout,indonesia,USDC
500,0.782452620039159,170281439.94270417,224,S5_twin_shock_imf_bailout,indonesia,USDC
501,0.8088578810457809,166024403.94413656,224,S5_twin_shock_imf_bailout,indonesia,USDC
502,0.8048371245711958,161873793.84553316,224,S5_twin_shock_imf_bailout,indonesia,USDC
503,0.8066132974264937,157826948.99939483,224,S5_twin_shock_imf_bailout,indonesia,USDC
504,0.7879136582071796,153881275.27440995,224,S5_twin_shock_imf_bailout,indonesia,USDC
505,0.7665739941194425,150034243.39254972,224,S5_twin_shock_imf_bailout,indonesia,USDC
506,0.7747601185413964,146283387.30773598,224,S5_twin_shock_imf_bailout,indonesia,USDC
507,0.764730746208837,142626302.62504256,224,S5_twin_shock_imf_bailout,indonesia,USDC
508,0.7798450600439523,139060645.0594165,224,S5_twin_shock_imf_bailout,indonesia,USDC
509,0.7967978016364589,135584128.9329311,224,S5_twin_shock_imf_bailout,indonesia,USDC
510,0.80251897615088,132194525.70960781,224,S5_twin_shock_imf_bailout,indonesia,USDC
511,0.7926050793798248,128889662.56686762,224,S5_twin_shock_imf_bailout,indonesia,USDC
512,0.8054358338935788,125667421.00269592,224,S5_twin_shock_imf_bailout,indonesia,USDC
513,0.7817073000873518,122525735.47762853,224,S5_twin_shock_imf_bailout,indonesia,USDC
514,0.778826879327675,119462592.09068781,224,S5_twin_shock_imf_bailout,indonesia,USDC
515,0.7805860633244249,116476027.28842062,224,S5_twin_shock_imf_bailout,indonesia,USDC
516,0.8029291787287621,113564126.60621011,224,S5_twin_shock_imf_bailout,indonesia,USDC
517,0.7679536886202587,110725023.44105485,224,S5_twin_shock_imf_bailout,indonesia,USDC
518,0.7998047676190353,107956897.85502848,224,S5_twin_shock_imf_bailout,indonesia,USDC
519,0.7756795226156464,105257975.40865277,224,S5_twin_shock_imf_bailout,indonesia,USDC
520,0.7884145835604559,102626526.02343646,224,S5_twin_shock_imf_bailout,indonesia,USDC
521,0.7778750948650929,100060862.87285054,224,S5_twin_shock_imf_bailout,indonesia,USDC
522,0.7716049851640463,97559341.30102926,224,S5_twin_shock_imf_bailout,indonesia,USDC
523,0.7624911803421551,95120357.76850353,224,S5_twin_shock_imf_bailout,indonesia,USDC
524,0.7768909986732868,92742348.82429095,224,S5_twin_shock_imf_bailout,indonesia,USDC
525,0.7748606541153323,90423790.10368368,224,S5_twin_shock_imf_bailout,indonesia,USDC
526,0.6752835752709494,88163195.35109158,224,S5_twin_shock_imf_bailout,indonesia,USDC
527,0.6818028970367226,85959115.4673143,224,S5_twin_shock_imf_bailout,indonesia,USDC
528,0.7056068486991706,83810137.58063143,224,S5_twin_shock_imf_bailout,indonesia,USDC
529,0.7221810790180598,81714884.14111565,224,S5_twin_shock_imf_bailout,indonesia,USDC
530,0.7365421637594306,79672012.03758776,224,S5_twin_shock_imf_bailout,indonesia,USDC
531,0.7466487234011832,77680211.73664807,224,S5_twin_shock_imf_bailout,indonesia,USDC
532,0.7471005431762797,75738206.44323187,224,S5_twin_shock_imf_bailout,indonesia,USDC
533,0.7721896191943131,73844751.28215107,224,S5_twin_shock_imf_bailout,indonesia,USDC
534,0.7903865019092461,71998632.50009729,224,S5_twin_shock_imf_bailout,indonesia,USDC
535,0.7759059810053723,70198666.68759486,224,S5_twin_shock_imf_bailout,indonesia,USDC
536,0.7776131622073141,68443700.02040498,224,S5_twin_shock_imf_bailout,indonesia,USDC
537,0.7663987873519148,66732607.51989487,224,S5_twin_shock_imf_bailout,indonesia,USDC
538,0.780706119251282,65064292.3318975,224,S5_twin_shock_imf_bailout,indonesia,USDC
539,0.7843597282104242,63437685.02360006,224,S5_twin_shock_imf_bailout,indonesia,USDC
540,0.8005237299061545,61851742.89801006,224,S5_twin_shock_imf_bailout,indonesia,USDC
541,0.7742143237914686,60305449.3255598,224,S5_twin_shock_imf_bailout,indonesia,USDC
542,0.7843828745104053,58797813.0924208,224,S5_twin_shock_imf_bailout,indonesia,USDC
543,0.7890205979149538,57327867.765110284,224,S5_twin_shock_imf_bailout,indonesia,USDC
544,0.7915750035904339,55894671.07098252,224,S5_twin_shock_imf_bailout,indonesia,USDC
545,0.8010624505833267,54497304.29420796,224,S5_twin_shock_imf_bailout,indonesia,USDC
546,0.7905784890103218,53134871.68685277,224,S5_twin_shock_imf_bailout,indonesia,USDC
547,0.7895283344254693,51806499.894681446,224,S5_twin_shock_imf_bailout,indonesia,USDC
548,0.7756488021743718,50511337.39731441,224,S5_twin_shock_imf_bailout,indonesia,USDC
549,0.7758924449327552,49248553.96238155,224,S5_twin_shock_imf_bailout,indonesia,USDC
550,0.7939086111739053,48017340.11332201,224,S5_twin_shock_imf_bailout,indonesia,USDC
551,0.7863883453739471,46816906.61048896,224,S5_twin_shock_imf_bailout,indonesia,USDC
552,0.7912826445149514,45646483.94522674,224,S5_twin_shock_imf_bailout,indonesia,USDC
553,0.7821375303966758,44505321.84659607,224,S5_twin_shock_imf_bailout,indonesia,USDC
554,0.7755113175887373,43392688.80043117,224,S5_twin_shock_imf_bailout,indonesia,USDC
555,0.7580570367407745,42307871.58042039,224,S5_twin_shock_imf_bailout,indonesia,USDC
556,0.7635635851739571,41250174.79090988,224,S5_twin_shock_imf_bailout,indonesia,USDC
557,0.7573531858321957,40218920.42113713,224,S5_twin_shock_imf_bailout,indonesia,USDC
558,0.7511279553920857,39213447.4106087,224,S5_twin_shock_imf_bailout,indonesia,USDC
559,0.763016545841482,38233111.22534348,224,S5_twin_shock_imf_bailout,indonesia,USDC
560,0.7798408615288631,37277283.4447099,224,S5_twin_shock_imf_bailout,indonesia,USDC
561,0.7856548286565577,36345351.358592145,224,S5_twin_shock_imf_bailout,indonesia,USDC
562,0.7823579644134424,35436717.57462734,224,S5_twin_shock_imf_bailout,indonesia,USDC
563,0.8029521643426815,34550799.635261655,224,S5_twin_shock_imf_bailout,indonesia,USDC
564,0.7983540139965343,33687029.64438012,224,S5_twin_shock_imf_bailout,indonesia,USDC
565,0.7934815628356788,32844853.903270617,224,S5_twin_shock_imf_bailout,indonesia,USDC
566,0.7823411148817916,32023732.55568885,224,S5_twin_shock_imf_bailout,indonesia,USDC
567,0.7709638516458128,31223139.241796628,224,S5_twin_shock_imf_bailout,indonesia,USDC
568,0.7653391643855598,30442560.760751713,224,S5_twin_shock_imf_bailout,indonesia,USDC
569,0.7728846974329701,29681496.741732918,224,S5_twin_shock_imf_bailout,indonesia,USDC
570,0.7879782600922681,28939459.323189594,224,S5_twin_shock_imf_bailout,indonesia,USDC
571,0.77032801597808,28215972.840109855,224,S5_twin_shock_imf_bailout,indonesia,USDC
572,0.7663130125411763,27510573.51910711,224,S5_twin_shock_imf_bailout,indonesia,USDC
573,0.7836357320076068,26822809.181129433,224,S5_twin_shock_imf_bailout,indonesia,USDC
574,0.7981119160858164,26152238.951601196,224,S5_twin_shock_imf_bailout,indonesia,USDC
575,0.7563741708323514,25498432.977811165,224,S5_twin_shock_imf_bailout,indonesia,USDC
576,0.7592289352965267,24860972.153365888,224,S5_twin_shock_imf_bailout,indonesia,USDC
577,0.7613390016849709,24239447.84953174,224,S5_twin_shock_imf_bailout,indonesia,USDC
578,0.7730161026633097,23633461.653293446,224,S5_twin_shock_imf_bailout,indonesia,USDC
579,0.8029305116782098,23042625.11196111,224,S5_twin_shock_imf_bailout,indonesia,USDC
580,0.8242820608123808,22466559.48416208,224,S5_twin_shock_imf_bailout,indonesia,USDC
581,0.8347776600114348,21904895.49705803,224,S5_twin_shock_imf_bailout,indonesia,USDC
582,0.8276980840666804,21357273.10963158,224,S5_twin_shock_imf_bailout,indonesia,USDC
583,0.8566107995776595,20823341.28189079,224,S5_twin_shock_imf_bailout,indonesia,USDC
584,0.8559845740968108,20302757.749843523,224,S5_twin_shock_imf_bailout,indonesia,USDC
585,0.8650410992407717,19795188.806097433,224,S5_twin_shock_imf_bailout,indonesia,USDC
586,0.8235013906472833,19300309.085944995,224,S5_twin_shock_imf_bailout,indonesia,USDC
587,0.8051201024730862,18817801.358796373,224,S5_twin_shock_imf_bailout,indonesia,USDC
588,0.7929223076068905,18347356.32482646,224,S5_twin_shock_imf_bailout,indonesia,USDC
589,0.7839955740908116,17888672.416705802,224,S5_twin_shock_imf_bailout,indonesia,USDC
590,0.7960493282615955,17441455.606288157,224,S5_twin_shock_imf_bailout,indonesia,USDC
591,0.8070154347146378,17005419.216130953,224,S5_twin_shock_imf_bailout,indonesia,USDC
592,0.7893129051958051,16580283.735727679,224,S5_twin_shock_imf_bailout,indonesia,USDC
593,0.7989610835196227,16165776.642334487,224,S5_twin_shock_imf_bailout,indonesia,USDC
594,0.7616152909132571,15761632.226276126,224,S5_twin_shock_imf_bailout,indonesia,USDC
595,0.7625022847031608,15367591.420619223,224,S5_twin_shock_imf_bailout,indonesia,USDC
596,0.7382483040604959,14983401.63510374,224,S5_twin_shock_imf_bailout,indonesia,USDC
597,0.7167183879254464,14608816.594226148,224,S5_twin_shock_imf_bailout,indonesia,USDC
598,0.7218076645539856,14243596.179370493,224,S5_twin_shock_imf_bailout,indonesia,USDC
599,0.7302065399249411,13887506.27488623,224,S5_twin_shock_imf_bailout,indonesia,USDC
600,0.7473048345533753,13540318.618014075,224,S5_twin_shock_imf_bailout,indonesia,USDC
601,0.7391228890381696,13201810.652563725,224,S5_twin_shock_imf_bailout,indonesia,USDC
602,0.7510304590507603,12871765.386249632,224,S5_twin_shock_imf_bailout,indonesia,USDC
603,0.7499486545534457,12549971.251593389,224,S5_twin_shock_imf_bailout,indonesia,USDC
604,0.7415312562074458,12236221.970303554,224,S5_twin_shock_imf_bailout,indonesia,USDC
605,0.7527090146824613,11930316.421045966,224,S5_twin_shock_imf_bailout,indonesia,USDC
606,0.7811073625536984,11632058.510519817,224,S5_twin_shock_imf_bailout,indonesia,USDC
607,0.8073511350255385,11341257.047756823,224,S5_twin_shock_imf_bailout,indonesia,USDC
608,0.7895722699567237,11057725.621562902,224,S5_twin_shock_imf_bailout,indonesia,USDC
609,0.7933818093118229,10781282.48102383,224,S5_twin_shock_imf_bailout,indonesia,USDC
610,0.7838533643170873,10511750.418998234,224,S5_twin_shock_imf_bailout,indonesia,USDC
611,0.8158774256778646,10248956.658523278,224,S5_twin_shock_imf_bailout,indonesia,USDC
612,0.830434812111238,9992732.742060196,224,S5_twin_shock_imf_bailout,indonesia,USDC
613,0.8132874696092075,9742914.42350869,224,S5_twin_shock_imf_bailout,indonesia,USDC
614,0.8035446396118988,9499341.562920973,224,S5_twin_shock_imf_bailout,indonesia,USDC
615,0.7699200253435635,9261858.023847949,224,S5_twin_shock_imf_bailout,indonesia,USDC
616,0.7751813827861305,9030311.57325175,224,S5_twin_shock_imf_bailout,indonesia,USDC
617,0.8016530175556232,8804553.783920458,224,S5_twin_shock_imf_bailout,indonesia,USDC
618,0.7925615546966803,8584439.939322446,224,S5_twin_shock_imf_bailout,indonesia,USDC
619,0.8055576619410687,8369828.940839384,224,S5_twin_shock_imf_bailout,indonesia,USDC
620,0.8028738659032344,8160583.2173184,224,S5_twin_shock_imf_bailout,indonesia,USDC
621,0.8103420149101286,7956568.63688544,224,S5_twin_shock_imf_bailout,indonesia,USDC
622,0.8171180441247736,7757654.420963304,224,S5_twin_shock_imf_bailout,indonesia,USDC
623,0.7936123563157397,7563713.060439222,224,S5_twin_shock_imf_bailout,indonesia,USDC
624,0.6836512338283606,7374620.233928241,224,S5_twin_shock_imf_bailout,indonesia,USDC
625,0.6811260036469758,7190254.728080034,224,S5_twin_shock_imf_bailout,indonesia,USDC
626,0.7125682675013834,7010498.359878034,224,S5_twin_shock_imf_bailout,indonesia,USDC
627,0.7007584572769324,6835235.900881083,224,S5_twin_shock_imf_bailout,indonesia,USDC
628,0.6887447133882317,6664355.003359055,224,S5_twin_shock_imf_bailout,indonesia,USDC
629,0.7065722003880437,6497746.128275079,224,S5_twin_shock_imf_bailout,indonesia,USDC
630,0.7281708545999556,6335302.475068202,224,S5_twin_shock_imf_bailout,indonesia,USDC
631,0.739987623785036,6176919.913191497,224,S5_twin_shock_imf_bailout,indonesia,USDC
632,0.7503782062753332,6022496.91536171,224,S5_twin_shock_imf_bailout,indonesia,USDC
633,0.748179982181787,5871934.492477667,224,S5_twin_shock_imf_bailout,indonesia,USDC
634,0.7312294302518926,5725136.130165726,224,S5_twin_shock_imf_bailout,indonesia,USDC
635,0.7414378793005346,5582007.726911582,224,S5_twin_shock_imf_bailout,indonesia,USDC
636,0.7785530268708913,5442457.533738793,224,S5_twin_shock_imf_bailout,indonesia,USDC
637,0.7715927496644821,5306396.095395323,224,S5_twin_shock_imf_bailout,indonesia,USDC
638,0.7866128687818887,5173736.19301044,224,S5_twin_shock_imf_bailout,indonesia,USDC
639,0.7925487295321805,5044392.788185179,224,S5_twin_shock_imf_bailout,indonesia,USDC
640,0.8112876423204451,4918282.96848055,224,S5_twin_shock_imf_bailout,indonesia,USDC
641,0.7833927799155311,4795325.894268535,224,S5_twin_shock_imf_bailout,indonesia,USDC
642,0.767378159750639,4675442.746911822,224,S5_twin_shock_imf_bailout,indonesia,USDC
643,0.7373482315301402,4558556.678239027,224,S5_twin_shock_imf_bailout,indonesia,USDC
644,0.7519210372923749,4444592.761283051,224,S5_twin_shock_imf_bailout,indonesia,USDC
645,0.7596300488836374,4333477.9422509745,224,S5_twin_shock_imf_bailout,indonesia,USDC
646,0.7417595708430698,4225140.9936947,224,S5_twin_shock_imf_bailout,indonesia,USDC
647,0.7735548363609838,4119512.4688523333,224,S5_twin_shock_imf_bailout,indonesia,USDC
648,0.7916451262054905,4016524.6571310246,224,S5_twin_shock_imf_bailout,indonesia,USDC
649,0.7790014074189126,3916111.540702749,224,S5_twin_shock_imf_bailout,indonesia,USDC
650,0.7695851512992715,3818208.7521851803,224,S5_twin_shock_imf_bailout,indonesia,USDC
651,0.6615401203419797,3722753.533380551,224,S5_twin_shock_imf_bailout,indonesia,USDC
652,0.6578406715082903,3629684.6950460374,224,S5_twin_shock_imf_bailout,indonesia,USDC
653,0.6596774147046666,3538942.577669886,224,S5_twin_shock_imf_bailout,indonesia,USDC
654,0.665891391033307,3450469.013228139,224,S5_twin_shock_imf_bailout,indonesia,USDC
655,0.6800482806369885,3364207.2878974355,224,S5_twin_shock_imf_bailout,indonesia,USDC
656,0.7057783591455424,3280102.1056999997,224,S5_twin_shock_imf_bailout,indonesia,USDC
657,0.7027640484992327,3198099.5530574997,224,S5_twin_shock_imf_bailout,indonesia,USDC
658,0.7390698469226428,3118147.0642310623,224,S5_twin_shock_imf_bailout,indonesia,USDC
659,0.7421799597145016,3040193.3876252854,224,S5_twin_shock_imf_bailout,indonesia,USDC
660,0.750152329656099,2964188.5529346536,224,S5_twin_shock_imf_bailout,indonesia,USDC
661,0.7588477581681087,2890083.839111287,224,S5_twin_shock_imf_bailout,indonesia,USDC
662,0.7729492885297549,2817831.743133505,224,S5_twin_shock_imf_bailout,indonesia,USDC
663,0.7595448122446742,2747385.9495551675,224,S5_twin_shock_imf_bailout,indonesia,USDC
664,0.7705546822555391,2678701.300816288,224,S5_twin_shock_imf_bailout,indonesia,USDC
665,0.7662451450355378,2611733.768295881,224,S5_twin_shock_imf_bailout,indonesia,USDC
666,0.7659445978239624,2546440.4240884837,224,S5_twin_shock_imf_bailout,indonesia,USDC
667,0.7406070746833926,2482779.4134862716,224,S5_twin_shock_imf_bailout,indonesia,USDC
668,0.7520651450026848,2420709.928149115,224,S5_twin_shock_imf_bailout,indonesia,USDC
669,0.7637151758601278,2360192.179945387,224,S5_twin_shock_imf_bailout,indonesia,USDC
670,0.7661895870331613,2301187.375446752,224,S5_twin_shock_imf_bailout,indonesia,USDC
671,0.7623847453924779,2243657.6910605836,224,S5_twin_shock_imf_bailout,indonesia,USDC
672,0.7527635367016645,2187566.248784069,224,S5_twin_shock_imf_bailout,indonesia,USDC
673,0.7361349278419654,2132877.0925644673,224,S5_twin_shock_imf_bailout,indonesia,USDC
674,0.7425220242124796,2079555.1652503556,224,S5_twin_shock_imf_bailout,indonesia,USDC
675,0.7595773246708126,2027566.286119097,224,S5_twin_shock_imf_bailout,indonesia,USDC
676,0.7780949631211467,1976877.1289661191,224,S5_twin_shock_imf_bailout,indonesia,USDC
677,0.7716337359900193,1927455.2007419665,224,S5_twin_shock_imf_bailout,indonesia,USDC
678,0.7630263626808966,1879268.8207234172,224,S5_twin_shock_imf_bailout,indonesia,USDC
679,0.7678111196313969,1832287.1002053318,224,S5_twin_shock_imf_bailout,indonesia,USDC
680,0.7693218526448518,1786479.9227001984,224,S5_twin_shock_imf_bailout,indonesia,USDC
681,0.7609422927050017,1741817.9246326934,224,S5_twin_shock_imf_bailout,indonesia,USDC
682,0.7607424010586848,1698272.4765168761,224,S5_twin_shock_imf_bailout,indonesia,USDC
683,0.7647863598368052,1655815.6646039544,224,S5_twin_shock_imf_bailout,indonesia,USDC
684,0.7523145551891891,1614420.2729888554,224,S5_twin_shock_imf_bailout,indonesia,USDC
685,0.7643646331760644,1574059.7661641343,224,S5_twin_shock_imf_bailout,indonesia,USDC
686,0.7637973190730275,1534708.272010031,224,S5_twin_shock_imf_bailout,indonesia,USDC
687,0.7209368567430308,1496340.5652097801,224,S5_twin_shock_imf_bailout,indonesia,USDC
688,0.7077577363816578,1458932.0510795356,224,S5_twin_shock_imf_bailout,indonesia,USDC
689,0.7307525602553315,1422458.749802547,224,S5_twin_shock_imf_bailout,indonesia,USDC
690,0.7307041044835767,1386897.2810574835,224,S5_twin_shock_imf_bailout,indonesia,USDC
691,0.7374733696000912,1352224.8490310463,224,S5_twin_shock_imf_bailout,indonesia,USDC
692,0.7405135819720445,1318419.2278052703,224,S5_twin_shock_imf_bailout,indonesia,USDC
693,0.7596214681478052,1285458.7471101386,224,S5_twin_shock_imf_bailout,indonesia,USDC
694,0.7924941538058999,1253322.278432385,224,S5_twin_shock_imf_bailout,indonesia,USDC
695,0.7684748167914452,1221989.2214715756,224,S5_twin_shock_imf_bailout,indonesia,USDC
696,0.7724114047691439,1191439.4909347862,224,S5_twin_shock_imf_bailout,indonesia,USDC
697,0.7671340925425438,1161653.5036614165,224,S5_twin_shock_imf_bailout,indonesia,USDC
698,0.7637969889859072,1132612.166069881,224,S5_twin_shock_imf_bailout,indonesia,USDC
699,0.7633074763138968,1104296.8619181341,224,S5_twin_shock_imf_bailout,indonesia,USDC
700,0.7651024462231754,1076689.4403701806,224,S5_twin_shock_imf_bailout,indonesia,USDC
701,0.7577941746187438,1049772.2043609263,224,S5_twin_shock_imf_bailout,indonesia,USDC
702,0.7672286322059263,1023527.8992519032,224,S5_twin_shock_imf_bailout,indonesia,USDC
703,0.7477169011084741,997939.7017706055,224,S5_twin_shock_imf_bailout,indonesia,USDC
704,0.7664206138379489,972991.2092263404,224,S5_twin_shock_imf_bailout,indonesia,USDC
705,0.778627219740304,948666.4289956819,224,S5_twin_shock_imf_bailout,indonesia,USDC
706,0.7999602391669476,924949.7682707899,224,S5_twin_shock_imf_bailout,indonesia,USDC
707,0.7864639972538049,901826.02406402,224,S5_twin_shock_imf_bailout,indonesia,USDC
708,0.7630443279717047,879280.3734624195,224,S5_twin_shock_imf_bailout,indonesia,USDC
709,0.7657721480422495,857298.364125859,224,S5_twin_shock_imf_bailout,indonesia,USDC
710,0.771804844121694,835865.9050227125,224,S5_twin_shock_imf_bailout,indonesia,USDC
711,0.7570903111937423,814969.2573971447,224,S5_twin_shock_imf_bailout,indonesia,USDC
712,0.7548761427797135,794595.0259622161,224,S5_twin_shock_imf_bailout,indonesia,USDC
713,0.7292146745989431,774730.1503131606,224,S5_twin_shock_imf_bailout,indonesia,USDC
714,0.7398671031306217,755361.8965553318,224,S5_twin_shock_imf_bailout,indonesia,USDC
715,0.7366425385009666,736477.8491414484,224,S5_twin_shock_imf_bailout,indonesia,USDC
716,0.7619479069773941,718065.9029129122,224,S5_twin_shock_imf_bailout,indonesia,USDC
717,0.7771264573178704,700114.2553400894,224,S5_twin_shock_imf_bailout,indonesia,USDC
718,0.7704444230197698,682611.3989565872,224,S5_twin_shock_imf_bailout,indonesia,USDC
719,0.7652709465944526,665546.1139826725,224,S5_twin_shock_imf_bailout,indonesia,USDC
720,0.7788686392620066,648907.4611331057,224,S5_twin_shock_imf_bailout,indonesia,USDC
721,0.7696044033388736,632684.774604778,224,S5_twin_shock_imf_bailout,indonesia,USDC
722,0.7638575644330169,616867.6552396587,224,S5_twin_shock_imf_bailout,indonesia,USDC
723,0.7542790223258243,601445.9638586672,224,S5_twin_shock_imf_bailout,indonesia,USDC
724,0.7580380921945962,586409.8147622005,224,S5_twin_shock_imf_bailout,indonesia,USDC
725,0.7655662520385121,571749.5693931454,224,S5_twin_shock_imf_bailout,indonesia,USDC
726,0.7673582355353092,557455.8301583168,224,S5_twin_shock_imf_bailout,indonesia,USDC
727,0.7801497334556144,543519.4344043588,224,S5_twin_shock_imf_bailout,indonesia,USDC
728,0.7876121026106028,529931.4485442499,224,S5_twin_shock_imf_bailout,indonesia,USDC
729,0.7877554979570415,516683.1623306436,224,S5_twin_shock_imf_bailout,indonesia,USDC
730,0.7981331459138095,503766.08327237755,224,S5_twin_shock_imf_bailout,indonesia,USDC
731,0.8127018267775055,491171.93119056814,224,S5_twin_shock_imf_bailout,indonesia,USDC
732,0.8119702059674329,478892.6329108039,224,S5_twin_shock_imf_bailout,indonesia,USDC
733,0.816972929095777,466920.3170880338,224,S5_twin_shock_imf_bailout,indonesia,USDC
734,0.8177975725539486,455247.30916083296,224,S5_twin_shock_imf_bailout,indonesia,USDC
735,0.8031321432011845,443866.1264318122,224,S5_twin_shock_imf_bailout,indonesia,USDC
736,0.7903978846971537,432769.4732710168,224,S5_twin_shock_imf_bailout,indonesia,USDC
737,0.8049863215799417,421950.2364392414,224,S5_twin_shock_imf_bailout,indonesia,USDC
738,0.8066343689929029,411401.4805282604,224,S5_twin_shock_imf_bailout,indonesia,USDC
739,0.8161439364653553,401116.44351505383,224,S5_twin_shock_imf_bailout,indonesia,USDC
740,0.8250009924254775,391088.53242717753,224,S5_twin_shock_imf_bailout,indonesia,USDC
741,0.7939361164143294,381311.31911649805,224,S5_twin_shock_imf_bailout,indonesia,USDC
742,0.7662740384312271,371778.5361385856,224,S5_twin_shock_imf_bailout,indonesia,USDC
743,0.7609280292697016,362484.072735121,224,S5_twin_shock_imf_bailout,indonesia,USDC
744,0.7818119419350544,353421.9709167429,224,S5_twin_shock_imf_bailout,indonesia,USDC
745,0.8135803213619808,344586.4216438243,224,S5_twin_shock_imf_bailout,indonesia,USDC
746,0.7906583870046295,335971.7611027287,224,S5_twin_shock_imf_bailout,indonesia,USDC
747,0.7883717239298913,327572.46707516053,224,S5_twin_shock_imf_bailout,indonesia,USDC
748,0.8026631104694967,319383.1553982815,224,S5_twin_shock_imf_bailout,indonesia,USDC
749,0.7941643695365078,311398.57651332446,224,S5_twin_shock_imf_bailout,indonesia,USDC
750,0.799074613858999,303613.61210049136,224,S5_twin_shock_imf_bailout,indonesia,USDC
751,0.7861841034911882,296023.2717979791,224,S5_twin_shock_imf_bailout,indonesia,USDC
752,0.7840860829418425,288622.6900030296,224,S5_twin_shock_imf_bailout,indonesia,USDC
753,0.7858132113216847,281407.1227529539,224,S5_twin_shock_imf_bailout,indonesia,USDC
754,0.7727740107456769,274371.94468413,224,S5_twin_shock_imf_bailout,indonesia,USDC
755,0.7855709068869801,267512.64606702677,224,S5_twin_shock_imf_bailout,indonesia,USDC
756,0.7847719171084305,260824.82991535112,224,S5_twin_shock_imf_bailout,indonesia,USDC
757,0.7913163915357226,254304.20916746734,224,S5_twin_shock_imf_bailout,indonesia,USDC
758,0.7903101439560243,247946.60393828066,224,S5_twin_shock_imf_bailout,indonesia,USDC
759,0.7969831483968793,241747.93883982365,224,S5_twin_shock_imf_bailout,indonesia,USDC
760,0.793289035645533,235704.24036882806,224,S5_twin_shock_imf_bailout,indonesia,USDC
761,0.7861903964697259,229811.63435960736,224,S5_twin_shock_imf_bailout,indonesia,USDC
762,0.7978861563345035,224066.34350061716,224,S5_twin_shock_imf_bailout,indonesia,USDC
763,0.7874887966897002,218464.68491310172,224,S5_twin_shock_imf_bailout,indonesia,USDC
764,0.7958521955555393,213003.0677902742,224,S5_twin_shock_imf_bailout,indonesia,USDC
765,0.7966229060684946,207677.99109551735,224,S5_twin_shock_imf_bailout,indonesia,USDC
766,0.7770015008941472,202486.0413181294,224,S5_twin_shock_imf_bailout,indonesia,USDC
767,0.7755437322384547,197423.89028517617,224,S5_twin_shock_imf_bailout,indonesia,USDC
768,0.7631141840795371,192488.29302804676,224,S5_twin_shock_imf_bailout,indonesia,USDC
769,0.7483351499751651,187676.0857023456,224,S5_twin_shock_imf_bailout,indonesia,USDC
770,0.7471267459241407,182984.18355978694,224,S5_twin_shock_imf_bailout,indonesia,USDC
771,0.7462582712631366,178409.57897079227,224,S5_twin_shock_imf_bailout,indonesia,USDC
772,0.7603268782896975,173949.33949652244,224,S5_twin_shock_imf_bailout,indonesia,USDC
773,0.7489356818996212,169600.60600910938,224,S5_twin_shock_imf_bailout,indonesia,USDC
774,0.7415153063700676,165360.59085888165,224,S5_twin_shock_imf_bailout,indonesia,USDC
775,0.7802362432052348,161226.5760874096,224,S5_twin_shock_imf_bailout,indonesia,USDC
776,0.7784326928051944,157195.9116852244,224,S5_twin_shock_imf_bailout,indonesia,USDC
777,0.7644511676217601,153266.01389309377,224,S5_twin_shock_imf_bailout,indonesia,USDC
778,0.7868057873944913,149434.3635457664,224,S5_twin_shock_imf_bailout,indonesia,USDC
779,0.7923990387061941,145698.50445712224,224,S5_twin_shock_imf_bailout,indonesia,USDC
780,0.7762611395234983,142056.04184569418,224,S5_twin_shock_imf_bailout,indonesia,USDC
781,0.7837027745282443,138504.64079955182,224,S5_twin_shock_imf_bailout,indonesia,USDC
782,0.809403526610871,135042.02477956304,224,S5_twin_shock_imf_bailout,indonesia,USDC
783,0.8104647577022767,131665.97416007397,224,S5_twin_shock_imf_bailout,indonesia,USDC
784,0.7917197670890241,128374.32480607211,224,S5_twin_shock_imf_bailout,indonesia,USDC
785,0.7926950145813106,125164.96668592031,224,S5_twin_shock_imf_bailout,indonesia,USDC
786,0.7941709197643184,122035.8425187723,224,S5_twin_shock_imf_bailout,indonesia,USDC
787,0.7635565682993967,118984.946455803,224,S5_twin_shock_imf_bailout,indonesia,USDC
788,0.7942158748933036,116010.32279440793,224,S5_twin_shock_imf_bailout,indonesia,USDC
789,0.7919488493071066,113110.06472454773,224,S5_twin_shock_imf_bailout,indonesia,USDC
790,0.7923863091251298,110282.31310643404,224,S5_twin_shock_imf_bailout,indonesia,USDC
791,0.7653861256870578,107525.2552787732,224,S5_twin_shock_imf_bailout,indonesia,USDC
792,0.7874716709487873,104837.12389680387,224,S5_twin_shock_imf_bailout,indonesia,USDC
793,0.7853755152416884,102216.19579938377,224,S5_twin_shock_imf_bailout,indonesia,USDC
794,0.7946285868715476,99660.79090439918,224,S5_twin_shock_imf_bailout,indonesia,USDC
795,0.802598448522227,97169.2711317892,224,S5_twin_shock_imf_bailout,indonesia,USDC
796,0.801860217319075,94740.03935349447,224,S5_twin_shock_imf_bailout,indonesia,USDC
797,0.8022298096568289,92371.53836965712,224,S5_twin_shock_imf_bailout,indonesia,USDC
798,0.7839675103877607,90062.24991041569,224,S5_twin_shock_imf_bailout,indonesia,USDC
799,0.8038645359804649,87810.69366265529,224,S5_twin_shock_imf_bailout,indonesia,USDC
800,0.8024768202241969,85615.4263210889,224,S5_twin_shock_imf_bailout,indonesia,USDC
801,0.7743176979191748,83475.04066306169,224,S5_twin_shock_imf_bailout,indonesia,USDC
802,0.7713407396494202,81388.16464648514,224,S5_twin_shock_imf_bailout,indonesia,USDC
803,0.7734594356869066,79353.46053032302,224,S5_twin_shock_imf_bailout,indonesia,USDC
804,0.7616150237075274,77369.62401706494,224,S5_twin_shock_imf_bailout,indonesia,USDC
805,0.7732126178270415,75435.38341663832,224,S5_twin_shock_imf_bailout,indonesia,USDC
806,0.7995395956012191,73549.49883122236,224,S5_twin_shock_imf_bailout,indonesia,USDC
807,0.8102755126005451,71710.7613604418,224,S5_twin_shock_imf_bailout,indonesia,USDC
808,0.8094444481070444,69917.99232643074,224,S5_twin_shock_imf_bailout,indonesia,USDC
809,0.7821812612269643,68170.04251826998,224,S5_twin_shock_imf_bailout,indonesia,USDC
810,0.8163884869287639,66465.79145531323,224,S5_twin_shock_imf_bailout,indonesia,USDC
811,0.8208429669347459,64804.1466689304,224,S5_twin_shock_imf_bailout,indonesia,USDC
812,0.8368661324735681,63184.04300220714,224,S5_twin_shock_imf_bailout,indonesia,USDC
813,0.7986016078017959,61604.44192715196,224,S5_twin_shock_imf_bailout,indonesia,USDC
814,0.7932626051763503,60064.33087897316,224,S5_twin_shock_imf_bailout,indonesia,USDC
815,0.8099565248363877,58562.72260699883,224,S5_twin_shock_imf_bailout,indonesia,USDC
816,0.8247195151475544,57098.65454182385,224,S5_twin_shock_imf_bailout,indonesia,USDC
817,0.8326135677788434,55671.188178278266,224,S5_twin_shock_imf_bailout,indonesia,USDC
818,0.8327444858945926,54279.408473821306,224,S5_twin_shock_imf_bailout,indonesia,USDC
819,0.7046875851984159,52922.423261975775,224,S5_twin_shock_imf_bailout,indonesia,USDC
820,0.6997020496184635,51599.36268042639,224,S5_twin_shock_imf_bailout,indonesia,USDC
821,0.7153287902261749,50309.37861341573,224,S5_twin_shock_imf_bailout,indonesia,USDC
822,0.7481566913073522,49051.64414808033,224,S5_twin_shock_imf_bailout,indonesia,USDC
823,0.7395238955301412,47825.353044378324,224,S5_twin_shock_imf_bailout,indonesia,USDC
824,0.7430838505494758,46629.71921826887,224,S5_twin_shock_imf_bailout,indonesia,USDC
825,0.7467841382323737,45463.97623781214,224,S5_twin_shock_imf_bailout,indonesia,USDC
826,0.7688185451523211,44327.37683186684,224,S5_twin_shock_imf_bailout,indonesia,USDC
827,0.7630283820795716,43219.192411070166,224,S5_twin_shock_imf_bailout,indonesia,USDC
828,0.7619438641871852,42138.71260079341,224,S5_twin_shock_imf_bailout,indonesia,USDC
829,0.7718005057259489,41085.244785773575,224,S5_twin_shock_imf_bailout,indonesia,USDC
830,0.7862896642093316,40058.11366612924,224,S5_twin_shock_imf_bailout,indonesia,USDC
831,0.7915463962401964,39056.66082447601,224,S5_twin_shock_imf_bailout,indonesia,USDC
832,0.7914301169934979,38080.24430386411,224,S5_twin_shock_imf_bailout,indonesia,USDC
833,0.7973220876762884,37128.2381962675,224,S5_twin_shock_imf_bailout,indonesia,USDC
834,0.8054304610286562,36200.032241360816,224,S5_twin_shock_imf_bailout,indonesia,USDC
835,0.7995060734167027,35295.0314353268,224,S5_twin_shock_imf_bailout,indonesia,USDC
836,0.8036751743963885,34412.65564944362,224,S5_twin_shock_imf_bailout,indonesia,USDC
837,0.8254453897535213,33552.33925820754,224,S5_twin_shock_imf_bailout,indonesia,USDC
838,0.8199058264479088,32713.530776752348,224,S5_twin_shock_imf_bailout,indonesia,USDC
839,0.8093546872872937,31895.69250733354,224,S5_twin_shock_imf_bailout,indonesia,USDC
840,0.7932772890914936,31098.3001946502,224,S5_twin_shock_imf_bailout,indonesia,USDC
841,0.7954358908375685,30320.842689783945,224,S5_twin_shock_imf_bailout,indonesia,USDC
842,0.7875679698416304,29562.821622539348,224,S5_twin_shock_imf_bailout,indonesia,USDC
843,0.7416493150765354,28823.75108197586,224,S5_twin_shock_imf_bailout,indonesia,USDC
844,0.7738206135482638,28103.157304926466,224,S5_twin_shock_imf_bailout,indonesia,USDC
845,0.7398996407269555,27400.578372303306,224,S5_twin_shock_imf_bailout,indonesia,USDC
846,0.7400120403101123,26715.563912995724,224,S5_twin_shock_imf_bailout,indonesia,USDC
847,0.7469239670076521,26047.674815170827,224,S5_twin_shock_imf_bailout,indonesia,USDC
848,0.7651739343344497,25396.482944791558,224,S5_twin_shock_imf_bailout,indonesia,USDC
849,0.7537150867151515,24761.570871171767,224,S5_twin_shock_imf_bailout,indonesia,USDC
850,0.7627791392189389,24142.531599392474,224,S5_twin_shock_imf_bailout,indonesia,USDC
851,0.770526898496184,23538.96830940766,224,S5_twin_shock_imf_bailout,indonesia,USDC
852,0.7671128754093823,22950.49410167247,224,S5_twin_shock_imf_bailout,indonesia,USDC
853,0.7818754644885466,22376.73174913066,224,S5_twin_shock_imf_bailout,indonesia,USDC
854,0.7850712734607084,21817.313455402393,224,S5_twin_shock_imf_bailout,indonesia,USDC
855,0.7741650725656722,21271.88061901733,224,S5_twin_shock_imf_bailout,indonesia,USDC
856,0.7953592030783014,20740.083603541898,224,S5_twin_shock_imf_bailout,indonesia,USDC
857,0.7929320536522246,20221.581513453348,224,S5_twin_shock_imf_bailout,indonesia,USDC
858,0.7822702709480788,19716.041975617016,224,S5_twin_shock_imf_bailout,indonesia,USDC
859,0.7724191238514831,19223.14092622659,224,S5_twin_shock_imf_bailout,indonesia,USDC
860,0.7919732478246423,18742.562403070926,224,S5_twin_shock_imf_bailout,indonesia,USDC
861,0.7818700504263972,18273.998342994153,224,S5_twin_shock_imf_bailout,indonesia,USDC
862,0.7865852259982995,17817.1483844193,224,S5_twin_shock_imf_bailout,indonesia,USDC
863,0.7768868603009166,17371.719674808817,224,S5_twin_shock_imf_bailout,indonesia,USDC
864,0.7867520050779395,16937.426682938596,224,S5_twin_shock_imf_bailout,indonesia,USDC
865,0.8192680696747426,16513.991015865133,224,S5_twin_shock_imf_bailout,indonesia,USDC
866,0.8121495958060609,16101.141240468503,224,S5_twin_shock_imf_bailout,indonesia,USDC
867,0.8346621476333661,15698.61270945679,224,S5_twin_shock_imf_bailout,indonesia,USDC
868,0.83229503697265,15306.147391720373,224,S5_twin_shock_imf_bailout,indonesia,USDC
869,0.8111001058079015,14923.493706927362,224,S5_twin_shock_imf_bailout,indonesia,USDC
870,0.8191201624900105,14550.40636425418,224,S5_twin_shock_imf_bailout,indonesia,USDC
871,0.82747653325185,14186.646205147823,224,S5_twin_shock_imf_bailout,indonesia,USDC
872,0.822385276677526,13831.98005001913,224,S5_twin_shock_imf_bailout,indonesia,USDC
873,0.8199157072348298,13486.18054876865,224,S5_twin_shock_imf_bailout,indonesia,USDC
874,0.8494315941095945,13149.026035049435,224,S5_twin_shock_imf_bailout,indonesia,USDC
875,0.8196298441036516,12820.300384173199,224,S5_twin_shock_imf_bailout,indonesia,USDC
876,0.8348387118400528,12499.79287456887,224,S5_twin_shock_imf_bailout,indonesia,USDC
877,0.8564677461323111,12187.298052704647,224,S5_twin_shock_imf_bailout,indonesia,USDC
878,0.8414000600302652,11882.615601387031,224,S5_twin_shock_imf_bailout,indonesia,USDC
879,0.825736780338679,11585.550211352354,224,S5_twin_shock_imf_bailout,indonesia,USDC
880,0.8141435094462324,11295.911456068545,224,S5_twin_shock_imf_bailout,indonesia,USDC
881,0.823484599085299,11013.51366966683,224,S5_twin_shock_imf_bailout,indonesia,USDC
882,0.8165640198949128,10738.17582792516,224,S5_twin_shock_imf_bailout,indonesia,USDC
883,0.8293565816292198,10469.721432227032,224,S5_twin_shock_imf_bailout,indonesia,USDC
884,0.8406905971716944,10207.978396421357,224,S5_twin_shock_imf_bailout,indonesia,USDC
885,0.8334030270318183,9952.778936510822,224,S5_twin_shock_imf_bailout,indonesia,USDC
886,0.812651202989145,9703.959463098052,224,S5_twin_shock_imf_bailout,indonesia,USDC
887,0.8272453553973752,9461.3604765206,224,S5_twin_shock_imf_bailout,indonesia,USDC
888,0.8056450549477937,9224.826464607584,224,S5_twin_shock_imf_bailout,indonesia,USDC
889,0.7932196413705083,8994.205802992396,224,S5_twin_shock_imf_bailout,indonesia,USDC
890,0.7766615384768865,8769.350657917585,224,S5_twin_shock_imf_bailout,indonesia,USDC
891,0.7619963694753408,8550.116891469646,224,S5_twin_shock_imf_bailout,indonesia,USDC
892,0.7565322337085003,8336.363969182905,224,S5_twin_shock_imf_bailout,indonesia,USDC
893,0.771259789282492,8127.954869953332,224,S5_twin_shock_imf_bailout,indonesia,USDC
894,0.7772009544270958,7924.755998204499,224,S5_twin_shock_imf_bailout,indonesia,USDC
895,0.7891611809419798,7726.637098249387,224,S5_twin_shock_imf_bailout,indonesia,USDC
896,0.7936417007638583,7533.471170793153,224,S5_twin_shock_imf_bailout,indonesia,USDC
897,0.7961770703639535,7345.134391523323,224,S5_twin_shock_imf_bailout,indonesia,USDC
898,0.8073569825443789,7161.50603173524,224,S5_twin_shock_imf_bailout,indonesia,USDC
899,0.8150884939089222,6982.468380941858,224,S5_twin_shock_imf_bailout,indonesia,USDC
900,0.8127276008608313,6807.906671418314,224,S5_twin_shock_imf_bailout,indonesia,USDC
901,0.812985802701298,6637.709004632855,224,S5_twin_shock_imf_bailout,indonesia,USDC
902,0.8140578603182651,6471.766279517033,224,S5_twin_shock_imf_bailout,indonesia,USDC
903,0.8050758421810021,6309.972122529107,224,S5_twin_shock_imf_bailout,indonesia,USDC
904,0.7916869092906075,6152.22281946588,224,S5_twin_shock_imf_bailout,indonesia,USDC
905,0.78583012788748,5998.417248979233,224,S5_twin_shock_imf_bailout,indonesia,USDC
906,0.7940941552479348,5848.456817754752,224,S5_twin_shock_imf_bailout,indonesia,USDC
907,0.8065506485762407,5702.245397310884,224,S5_twin_shock_imf_bailout,indonesia,USDC
908,0.8034316596141047,5559.689262378111,224,S5_twin_shock_imf_bailout,indonesia,USDC
909,0.7879678341027194,5420.697030818658,224,S5_twin_shock_imf_bailout,indonesia,USDC
910,0.7966366708351309,5285.179605048192,224,S5_twin_shock_imf_bailout,indonesia,USDC
911,0.8047754086164752,5153.050114921987,224,S5_twin_shock_imf_bailout,indonesia,USDC
912,0.7925459974632812,5024.223862048937,224,S5_twin_shock_imf_bailout,indonesia,USDC
913,0.802745168672965,4898.618265497714,224,S5_twin_shock_imf_bailout,indonesia,USDC
914,0.8263849859477582,4776.152808860272,224,S5_twin_shock_imf_bailout,indonesia,USDC
915,0.8489371980998476,4656.748988638764,224,S5_twin_shock_imf_bailout,indonesia,USDC
916,0.8369438700519833,4540.330263922795,224,S5_twin_shock_imf_bailout,indonesia,USDC
917,0.8582498773286834,4426.822007324725,224,S5_twin_shock_imf_bailout,indonesia,USDC
918,0.8439296102561609,4316.151457141607,224,S5_twin_shock_imf_bailout,indonesia,USDC
919,0.857855240853031,4208.247670713066,224,S5_twin_shock_imf_bailout,indonesia,USDC
920,0.8386390072358292,4103.041478945241,224,S5_twin_shock_imf_bailout,indonesia,USDC
921,0.8168412782024062,4000.465441971609,224,S5_twin_shock_imf_bailout,indonesia,USDC
922,0.8244691674268642,3900.4538059223196,224,S5_twin_shock_imf_bailout,indonesia,USDC
923,0.8019461793687823,3802.9424607742612,224,S5_twin_shock_imf_bailout,indonesia,USDC
924,0.8431816037000301,3707.868899254905,224,S5_twin_shock_imf_bailout,indonesia,USDC
925,0.835136992418156,3615.172176773532,224,S5_twin_shock_imf_bailout,indonesia,USDC
926,0.830372982262645,3524.7928723541936,224,S5_twin_shock_imf_bailout,indonesia,USDC
927,0.8339134438343944,3436.673050545339,224,S5_twin_shock_imf_bailout,indonesia,USDC
928,0.8252869241318161,3350.7562242817057,224,S5_twin_shock_imf_bailout,indonesia,USDC
929,0.8108869182047973,3266.9873186746627,224,S5_twin_shock_imf_bailout,indonesia,USDC
930,0.8159006850322144,3185.3126357077963,224,S5_twin_shock_imf_bailout,indonesia,USDC
931,0.8216649444058948,3105.679819815102,224,S5_twin_shock_imf_bailout,indonesia,USDC
932,0.8103010520226004,3028.0378243197238,224,S5_twin_shock_imf_bailout,indonesia,USDC
933,0.8204075025404832,2952.336878711731,224,S5_twin_shock_imf_bailout,indonesia,USDC
934,0.8218069059453084,2878.5284567439376,224,S5_twin_shock_imf_bailout,indonesia,USDC
935,0.8159494300561165,2806.565245325339,224,S5_twin_shock_imf_bailout,indonesia,USDC
936,0.8108571742883791,2736.4011141922056,224,S5_twin_shock_imf_bailout,indonesia,USDC
937,0.8322578588757208,2667.9910863374007,224,S5_twin_shock_imf_bailout,indonesia,USDC
938,0.8640516512773236,2601.2913091789655,224,S5_twin_shock_imf_bailout,indonesia,USDC
939,0.8588205881550165,2536.259026449491,224,S5_twin_shock_imf_bailout,indonesia,USDC
940,0.8477893300875757,2472.852550788254,224,S5_twin_shock_imf_bailout,indonesia,USDC
941,0.849768779352185,2411.0312370185475,224,S5_twin_shock_imf_bailout,indonesia,USDC
942,0.8360157317980972,2350.755456093084,224,S5_twin_shock_imf_bailout,indonesia,USDC
943,0.8516458553698991,2291.986569690757,224,S5_twin_shock_imf_bailout,indonesia,USDC
944,0.8312407669788238,2234.686905448488,224,S5_twin_shock_imf_bailout,indonesia,USDC
945,0.8225507118339813,2178.8197328122756,224,S5_twin_shock_imf_bailout,indonesia,USDC
946,0.8051851178234514,2124.3492394919685,224,S5_twin_shock_imf_bailout,indonesia,USDC
947,0.8007215680546271,2071.2405085046694,224,S5_twin_shock_imf_bailout,indonesia,USDC
948,0.7959254663929309,2019.459495792053,224,S5_twin_shock_imf_bailout,indonesia,USDC
949,0.7770862853079481,1968.9730083972515,224,S5_twin_shock_imf_bailout,indonesia,USDC
950,0.7731238400889796,1919.7486831873202,224,S5_twin_shock_imf_bailout,indonesia,USDC
951,0.7704069492374619,1871.7549661076373,224,S5_twin_shock_imf_bailout,indonesia,USDC
952,0.7456605791696469,1824.9610919549464,224,S5_twin_shock_imf_bailout,indonesia,USDC
953,0.7666335297178924,1779.3370646560727,224,S5_twin_shock_imf_bailout,indonesia,USDC
954,0.7742482439738381,1734.8536380396708,224,S5_twin_shock_imf_bailout,indonesia,USDC
955,0.771367007740971,1691.482297088679,224,S5_twin_shock_imf_bailout,indonesia,USDC
956,0.7666709379196958,1649.195239661462,224,S5_twin_shock_imf_bailout,indonesia,USDC
957,0.7794456194213896,1607.9653586699255,224,S5_twin_shock_imf_bailout,indonesia,USDC
958,0.7551577978362652,1567.7662247031774,224,S5_twin_shock_imf_bailout,indonesia,USDC
959,0.7568180223274455,1528.5720690855978,224,S5_twin_shock_imf_bailout,indonesia,USDC
960,0.7465141997180341,1490.3577673584577,224,S5_twin_shock_imf_bailout,indonesia,USDC
961,0.7449415585505024,1453.0988231744964,224,S5_twin_shock_imf_bailout,indonesia,USDC
962,0.7768136651482245,1416.771352595134,224,S5_twin_shock_imf_bailout,indonesia,USDC
963,0.7958118644884384,1381.3520687802556,224,S5_twin_shock_imf_bailout,indonesia,USDC
964,0.7802879399256355,1346.8182670607493,224,S5_twin_shock_imf_bailout,indonesia,USDC
965,0.7765874964585255,1313.1478103842305,224,S5_twin_shock_imf_bailout,indonesia,USDC
966,0.7991049473675239,1280.319115124625,224,S5_twin_shock_imf_bailout,indonesia,USDC
967,0.8070796310576218,1248.3111372465091,224,S5_twin_shock_imf_bailout,indonesia,USDC
968,0.7911154219755661,1217.1033588153464,224,S5_twin_shock_imf_bailout,indonesia,USDC
969,0.7892141849419613,1186.6757748449627,224,S5_twin_shock_imf_bailout,indonesia,USDC
970,0.7967334223692842,1157.0088804738384,224,S5_twin_shock_imf_bailout,indonesia,USDC
971,0.7831328310310566,1128.0836584619926,224,S5_twin_shock_imf_bailout,indonesia,USDC
972,0.7754777469266918,1099.8815670004428,224,S5_twin_shock_imf_bailout,indonesia,USDC
973,0.7643038530832483,1072.3845278254316,224,S5_twin_shock_imf_bailout,indonesia,USDC
974,0.7682620149979974,1045.574914629796,224,S5_twin_shock_imf_bailout,indonesia,USDC
975,0.7678935488988414,1019.4355417640511,224,S5_twin_shock_imf_bailout,indonesia,USDC
976,0.771037979889458,993.9496532199498,224,S5_twin_shock_imf_bailout,indonesia,USDC
977,0.7807490297238271,969.100911889451,224,S5_twin_shock_imf_bailout,indonesia,USDC
978,0.7923734187843177,944.8733890922147,224,S5_twin_shock_imf_bailout,indonesia,USDC
979,0.7771662664554566,921.2515543649093,224,S5_twin_shock_imf_bailout,indonesia,USDC
980,0.7814085295506964,898.2202655057865,224,S5_twin_shock_imf_bailout,indonesia,USDC
981,0.7915470628442491,875.7647588681419,224,S5_twin_shock_imf_bailout,indonesia,USDC
982,0.7934129704494498,853.8706398964384,224,S5_twin_shock_imf_bailout,indonesia,USDC
983,0.8085161051101758,832.5238738990274,224,S5_twin_shock_imf_bailout,indonesia,USDC
984,0.8077682572268471,811.7107770515518,224,S5_twin_shock_imf_bailout,indonesia,USDC
985,0.7941851236490338,791.4180076252628,224,S5_twin_shock_imf_bailout,indonesia,USDC
986,0.8037295240017658,771.6325574346314,224,S5_twin_shock_imf_bailout,indonesia,USDC
987,0.799030895708607,752.3417434987656,224,S5_twin_shock_imf_bailout,indonesia,USDC
988,0.8179747885843731,733.5331999112964,224,S5_twin_shock_imf_bailout,indonesia,USDC
989,0.8257248818581018,715.194869913514,224,S5_twin_shock_imf_bailout,indonesia,USDC
990,0.8239865172430914,697.3149981656762,224,S5_twin_shock_imf_bailout,indonesia,USDC
991,0.8367005854073966,679.8821232115343,224,S5_twin_shock_imf_bailout,indonesia,USDC
992,0.838854188075405,662.8850701312459,224,S5_twin_shock_imf_bailout,indonesia,USDC
993,0.7835157862020083,646.3129433779648,224,S5_twin_shock_imf_bailout,indonesia,USDC
994,0.7978295966328819,630.1551197935157,224,S5_twin_shock_imf_bailout,indonesia,USDC
995,0.6755978558856879,614.4012417986777,224,S5_twin_shock_imf_bailout,indonesia,USDC
996,0.6924148436085487,599.0412107537109,224,S5_twin_shock_imf_bailout,indonesia,USDC
997,0.6873726951324449,584.065180484868,224,S5_twin_shock_imf_bailout,indonesia,USDC
998,0.6953301158621021,569.4635509727464,224,S5_twin_shock_imf_bailout,indonesia,USDC
999,0.6896213417484222,555.2269621984277,224,S5_twin_shock_imf_bailout,indonesia,USDC
1000,0.6996265880873984,541.346288143467,224,S5_twin_shock_imf_bailout,indonesia,USDC
