Step,price,liquidity,iteration,scenario,region,coin
1,0.9867036975134935,2989187688292.819,320,S5_twin_shock_imf_bailout,indonesia,USDC
2,0.9888694927298951,2989187688292.819,320,S5_twin_shock_imf_bailout,indonesia,USDC
3,0.9853277747914673,2989187688292.819,320,S5_twin_shock_imf_bailout,indonesia,USDC
4,1.0234764068719184,2989187688292.819,320,S5_twin_shock_imf_bailout,indonesia,USDC
5,1.0325809838768814,2989187688292.819,320,S5_twin_shock_imf_bailout,indonesia,USDC
6,1.0420531213672568,2989187688292.819,320,S5_twin_shock_imf_bailout,indonesia,USDC
7,0.9873292198641125,2989187688292.819,320,S5_twin_shock_imf_bailout,indonesia,USDC
8,1.0147655131032247,2989187688292.819,320,S5_twin_shock_imf_bailout,indonesia,USDC
9,1.0236799964386218,2989187688292.819,320,S5_twin_shock_imf_bailout,indonesia,USDC
10,0.9933358506923243,2989187688292.819,320,S5_twin_shock_imf_bailout,indonesia,USDC
11,0.9962444584485228,2989187688292.819,320,S5_twin_shock_imf_bailout,indonesia,USDC
12,0.9805800140895201,2989187688292.819,320,S5_twin_shock_imf_bailout,indonesia,USDC
13,0.9629214645539259,2989187688292.819,320,S5_twin_shock_imf_bailout,indonesia,USDC
14,0.9769265473249407,2988749840739.4536,320,S5_twin_shock_imf_bailout,indonesia,USDC
15,0.990448226093909,2988749840739.4536,320,S5_twin_shock_imf_bailout,indonesia,USDC
16,0.9948701682524766,2988749840739.4536,320,S5_twin_shock_imf_bailout,indonesia,USDC
17,1.0010647982128296,2988749840739.4536,320,S5_twin_shock_imf_bailout,indonesia,USDC
18,1.0295173833840952,2988749840739.4536,320,S5_twin_shock_imf_bailout,indonesia,USDC
19,1.0264284646065127,2988749840739.4536,320,S5_twin_shock_imf_bailout,indonesia,USDC
20,1.0325459452022892,2988749840739.4536,320,S5_twin_shock_imf_bailout,indonesia,USDC
21,0.99906728819863,2988749840739.4536,320,S5_twin_shock_imf_bailout,indonesia,USDC
22,1.0021349022964803,2988749840739.4536,320,S5_twin_shock_imf_bailout,indonesia,USDC
23,1.0390761056236173,2988749840739.4536,320,S5_twin_shock_imf_bailout,indonesia,USDC
24,1.0372772170056306,2988749840739.4536,320,S5_twin_shock_imf_bailout,indonesia,USDC
25,1.044868780840242,2988749840739.4536,320,S5_twin_shock_imf_bailout,indonesia,USDC
26,1.0587122947671632,2988749840739.4536,320,S5_twin_shock_imf_bailout,indonesia,USDC
27,1.0187255084619335,2988749840739.4536,320,S5_twin_shock_imf_bailout,indonesia,USDC
28,1.0469458704725068,2988749840739.4536,320,S5_twin_shock_imf_bailout,indonesia,USDC
29,1.0902032295928423,2988749840739.4536,320,S5_twin_shock_imf_bailout,indonesia,USDC
30,1.0596679424262023,2988749840739.4536,320,S5_twin_shock_imf_bailout,indonesia,USDC
31,1.0295408150362673,2988749840739.4536,320,S5_twin_shock_imf_bailout,indonesia,USDC
32,0.9992260740604006,2988749840739.4536,320,S5_twin_shock_imf_bailout,indonesia,USDC
33,1.005661582224191,2988749840739.4536,320,S5_twin_shock_imf_bailout,indonesia,USDC
34,1.0025834142345904,2988749840739.4536,320,S5_twin_shock_imf_bailout,indonesia,USDC
35,1.0567617500846374,2988749840739.4536,320,S5_twin_shock_imf_bailout,indonesia,USDC
36,1.0361493668039872,2988749840739.4536,320,S5_twin_shock_imf_bailout,indonesia,USDC
37,1.0320421128189217,2988749840739.4536,320,S5_twin_shock_imf_bailout,indonesia,USDC
38,1.0750864925696726,2988749840739.4536,320,S5_twin_shock_imf_bailout,indonesia,USDC
39,1.0463854708564844,2988749840739.4536,320,S5_twin_shock_imf_bailout,indonesia,USDC
40,1.0158679907234596,2988749840739.4536,320,S5_twin_shock_imf_bailout,indonesia,USDC
41,1.016497531937625,2988749840739.4536,320,S5_twin_shock_imf_bailout,indonesia,USDC
42,1.069841369719366,2988749840739.4536,320,S5_twin_shock_imf_bailout,indonesia,USDC
43,1.0600790232600845,2988749840739.4536,320,S5_twin_shock_imf_bailout,indonesia,USDC
44,1.049601658501862,2988749840739.4536,320,S5_twin_shock_imf_bailout,indonesia,USDC
45,1.0786851395562767,2988749840739.4536,320,S5_twin_shock_imf_bailout,indonesia,USDC
46,1.082641898005425,2988749840739.4536,320,S5_twin_shock_imf_bailout,indonesia,USDC
47,1.0646078920592534,2988749840739.4536,320,S5_twin_shock_imf_bailout,indonesia,USDC
48,1.0593186103375776,2988749840739.4536,320,S5_twin_shock_imf_bailout,indonesia,USDC
49,1.0726989302709045,2988749840739.4536,320,S5_twin_shock_imf_bailout,indonesia,USDC
50,1.100883497111788,2988749840739.4536,320,S5_twin_shock_imf_bailout,indonesia,USDC
51,1.1145692311417648,2988749840739.4536,320,S5_twin_shock_imf_bailout,indonesia,USDC
52,1.1290570277716157,2988749840739.4536,320,S5_twin_shock_imf_bailout,indonesia,USDC
53,1.132212012671038,2988749840739.4536,320,S5_twin_shock_imf_bailout,indonesia,USDC
54,1.1068454043857043,2988749840739.4536,320,S5_twin_shock_imf_bailout,indonesia,USDC
55,1.0716746895119487,2988749840739.4536,320,S5_twin_shock_imf_bailout,indonesia,USDC
56,1.095575169292767,2988749840739.4536,320,S5_twin_shock_imf_bailout,indonesia,USDC
57,1.0545096538529937,2988749840739.4536,320,S5_twin_shock_imf_bailout,indonesia,USDC
58,1.002727401465072,2988749840739.4536,320,S5_twin_shock_imf_bailout,indonesia,USDC
59,0.9691037665311383,2988749840739.4536,320,S5_twin_shock_imf_bailout,indonesia,USDC
60,0.9625640553497675,2988694808167.8037,320,S5_twin_shock_imf_bailout,indonesia,USDC
61,0.9420235786691998,2988320712075.366,320,S5_twin_shock_imf_bailout,indonesia,USDC
62,0.9548092244410091,2986658111013.8115,320,S5_twin_shock_imf_bailout,indonesia,USDC
63,0.9693360007578382,2985858399752.738,320,S5_twin_shock_imf_bailout,indonesia,USDC
64,0.9827719276507125,2985845478369.8906,320,S5_twin_shock_imf_bailout,indonesia,USDC
65,0.9531458638688982,2985845478369.8906,320,S5_twin_shock_imf_bailout,indonesia,USDC
66,0.972836942813748,2984861026713.348,320,S5_twin_shock_imf_bailout,indonesia,USDC
67,0.98328380358439,2984861026713.348,320,S5_twin_shock_imf_bailout,indonesia,USDC
68,0.9907950966284949,2984861026713.348,320,S5_twin_shock_imf_bailout,indonesia,USDC
69,1.0080858785892661,2984861026713.348,320,S5_twin_shock_imf_bailout,indonesia,USDC
70,1.02700311634786,2984861026713.348,320,S5_twin_shock_imf_bailout,indonesia,USDC
71,1.0251204862193024,2984861026713.348,320,S5_twin_shock_imf_bailout,indonesia,USDC
72,1.0154212560584384,2984861026713.348,320,S5_twin_shock_imf_bailout,indonesia,USDC
73,1.0317323793919475,2984861026713.348,320,S5_twin_shock_imf_bailout,indonesia,USDC
74,0.9971285051427998,2984861026713.348,320,S5_twin_shock_imf_bailout,indonesia,USDC
75,1.016087321899258,2984861026713.348,320,S5_twin_shock_imf_bailout,indonesia,USDC
76,1.0388856166774534,2984861026713.348,320,S5_twin_shock_imf_bailout,indonesia,USDC
77,1.0405998942475694,2984861026713.348,320,S5_twin_shock_imf_bailout,indonesia,USDC
78,1.0192576240437827,2984861026713.348,320,S5_twin_shock_imf_bailout,indonesia,USDC
79,1.0104586833405107,2984861026713.348,320,S5_twin_shock_imf_bailout,indonesia,USDC
80,1.007569830086752,2984861026713.348,320,S5_twin_shock_imf_bailout,indonesia,USDC
81,1.015636647420745,2984861026713.348,320,S5_twin_shock_imf_bailout,indonesia,USDC
82,0.9941981737740833,2984861026713.348,320,S5_twin_shock_imf_bailout,indonesia,USDC
83,0.9775964396444526,2984861026713.348,320,S5_twin_shock_imf_bailout,indonesia,USDC
84,0.9797376731551526,2984861026713.348,320,S5_twin_shock_imf_bailout,indonesia,USDC
85,0.9927267141092714,2984861026713.348,320,S5_twin_shock_imf_bailout,indonesia,USDC
86,1.0148550311361075,2984861026713.348,320,S5_twin_shock_imf_bailout,indonesia,USDC
87,1.0403209153990178,2984861026713.348,320,S5_twin_shock_imf_bailout,indonesia,USDC
88,1.0245159294331376,2984861026713.348,320,S5_twin_shock_imf_bailout,indonesia,USDC
89,1.0167006818774227,2984861026713.348,320,S5_twin_shock_imf_bailout,indonesia,USDC
90,1.0280098927905703,2984861026713.348,320,S5_twin_shock_imf_bailout,indonesia,USDC
91,1.0188837362501937,2984861026713.348,320,S5_twin_shock_imf_bailout,indonesia,USDC
92,1.0384811858552507,2984861026713.348,320,S5_twin_shock_imf_bailout,indonesia,USDC
93,1.0309476709465522,2984861026713.348,320,S5_twin_shock_imf_bailout,indonesia,USDC
94,1.0621473882108292,2984861026713.348,320,S5_twin_shock_imf_bailout,indonesia,USDC
95,1.0494857062746341,2984861026713.348,320,S5_twin_shock_imf_bailout,indonesia,USDC
96,1.0296767537359663,2984861026713.348,320,S5_twin_shock_imf_bailout,indonesia,USDC
97,1.002953550051834,2984861026713.348,320,S5_twin_shock_imf_bailout,indonesia,USDC
98,1.004731387137349,2984861026713.348,320,S5_twin_shock_imf_bailout,indonesia,USDC
99,1.0165186387315621,2984861026713.348,320,S5_twin_shock_imf_bailout,indonesia,USDC
100,1.0407186126425287,2984861026713.348,320,S5_twin_shock_imf_bailout,indonesia,USDC
101,0.9041589471001285,2984861026713.348,320,S5_twin_shock_imf_bailout,indonesia,USDC
102,0.9298300403227875,2981345466297.9404,320,S5_twin_shock_imf_bailout,indonesia,USDC
103,0.9157910600842848,2979374146318.203,320,S5_twin_shock_imf_bailout,indonesia,USDC
104,0.9022314544068107,2976642189977.323,320,S5_twin_shock_imf_bailout,indonesia,USDC
105,0.9066255502522984,2973406904758.3096,320,S5_twin_shock_imf_bailout,indonesia,USDC
106,0.9106364597207339,2970730697272.2397,320,S5_twin_shock_imf_bailout,indonesia,USDC
107,0.9001709573971788,2968316149338.644,320,S5_twin_shock_imf_bailout,indonesia,USDC
108,0.8920116782643965,2965633724793.0845,320,S5_twin_shock_imf_bailout,indonesia,USDC
109,0.8978466213990484,2962703451369.8164,320,S5_twin_shock_imf_bailout,indonesia,USDC
110,0.9225701556918612,2960328389584.305,320,S5_twin_shock_imf_bailout,indonesia,USDC
111,0.9476532288847442,2958805710600.9014,320,S5_twin_shock_imf_bailout,indonesia,USDC
112,0.9741696934313244,2958203291246.5996,320,S5_twin_shock_imf_bailout,indonesia,USDC
113,0.9346848639987149,2958203291246.5996,320,S5_twin_shock_imf_bailout,indonesia,USDC
114,0.9393683390734149,2957212167551.729,320,S5_twin_shock_imf_bailout,indonesia,USDC
115,0.9681687645321875,2956356813876.7363,320,S5_twin_shock_imf_bailout,indonesia,USDC
116,0.9759506236346713,2956350100758.4863,320,S5_twin_shock_imf_bailout,indonesia,USDC
117,1.004641235464001,2956350100758.4863,320,S5_twin_shock_imf_bailout,indonesia,USDC
118,0.9713071057778903,2956350100758.4863,320,S5_twin_shock_imf_bailout,indonesia,USDC
119,0.9878395790253165,2956350100758.4863,320,S5_twin_shock_imf_bailout,indonesia,USDC
120,0.966837736791519,2956350100758.4863,320,S5_twin_shock_imf_bailout,indonesia,USDC
121,600000.9252664333,2882395010785.757,320,S5_twin_shock_imf_bailout,indonesia,USDC
122,480001.95,2810367135516.1133,320,S5_twin_shock_imf_bailout,indonesia,USDC
123,384001.95,2740133557128.2104,320,S5_twin_shock_imf_bailout,indonesia,USDC
124,307201.95,2671650698200.005,320,S5_twin_shock_imf_bailout,indonesia,USDC
125,245761.95,2604875814745.005,320,S5_twin_shock_imf_bailout,indonesia,USDC
126,196609.95,2539767026576.3794,320,S5_twin_shock_imf_bailout,indonesia,USDC
127,157288.35,2476283336671.97,320,S5_twin_shock_imf_bailout,indonesia,USDC
128,125831.06999999999,2414384641863.171,320,S5_twin_shock_imf_bailout,indonesia,USDC
129,100665.246,2354031736702.991,320,S5_twin_shock_imf_bailout,indonesia,USDC
130,80532.5868,2295186311994.5366,320,S5_twin_shock_imf_bailout,indonesia,USDC
131,64426.45944,2237810949161.969,320,S5_twin_shock_imf_bailout,indonesia,USDC
132,51541.557552,2181869111406.7568,320,S5_twin_shock_imf_bailout,indonesia,USDC
133,41233.6360416,2127325132400.6572,320,S5_twin_shock_imf_bailout,indonesia,USDC
134,32987.29883328,2074144203113.8965,320,S5_twin_shock_imf_bailout,indonesia,USDC
135,26390.229066624004,2022292357254.6536,320,S5_twin_shock_imf_bailout,indonesia,USDC
136,21112.573253299208,1971736455698.171,320,S5_twin_shock_imf_bailout,indonesia,USDC
137,16890.448602639364,1922444170205.6235,320,S5_twin_shock_imf_bailout,indonesia,USDC
138,13512.748882111493,1874383966670.4084,320,S5_twin_shock_imf_bailout,indonesia,USDC
139,10810.589105689196,1827525088079.5884,320,S5_twin_shock_imf_bailout,indonesia,USDC
140,8648.861284551356,1781837537338.351,320,S5_twin_shock_imf_bailout,indonesia,USDC
141,6919.479027641083,1737292060073.4941,320,S5_twin_shock_imf_bailout,indonesia,USDC
142,5535.973222112866,1693860127506.5383,320,S5_twin_shock_imf_bailout,indonesia,USDC
143,4429.168577690293,1651513919466.7798,320,S5_twin_shock_imf_bailout,indonesia,USDC
144,3543.724862152234,1610226307598.4346,320,S5_twin_shock_imf_bailout,indonesia,USDC
145,2835.3698897217873,1569970838803.1328,320,S5_twin_shock_imf_bailout,indonesia,USDC
146,2268.6859117774297,1530721718948.7822,320,S5_twin_shock_imf_bailout,indonesia,USDC
147,1815.338729421944,1492453796867.6445,320,S5_twin_shock_imf_bailout,indonesia,USDC
148,1452.6609835375552,1455142548660.019,320,S5_twin_shock_imf_bailout,indonesia,USDC
149,1162.518786830044,1418764062314.771,320,S5_twin_shock_imf_bailout,indonesia,USDC
150,930.4050294640354,1383295022653.9036,320,S5_twin_shock_imf_bailout,indonesia,USDC
151,744.7140235712283,1348712696605.1577,320,S5_twin_shock_imf_bailout,indonesia,USDC
152,596.1612188569826,1314994918804.1099,320,S5_twin_shock_imf_bailout,indonesia,USDC
153,477.3189750855861,1282120077525.2722,320,S5_twin_shock_imf_bailout,indonesia,USDC
154,382.24518006846887,1250067100940.1526,320,S5_twin_shock_imf_bailout,indonesia,USDC
155,306.1861440547751,1218815443699.0583,320,S5_twin_shock_imf_bailout,indonesia,USDC
156,245.3389152438201,1188345073832.5098,320,S5_twin_shock_imf_bailout,indonesia,USDC
157,196.66113219505607,1158636459967.4392,320,S5_twin_shock_imf_bailout,indonesia,USDC
158,157.71890575604485,1129670558852.847,320,S5_twin_shock_imf_bailout,indonesia,USDC
159,126.5651246048359,1101428803189.2007,320,S5_twin_shock_imf_bailout,indonesia,USDC
160,101.64209968386872,1073893089755.6106,320,S5_twin_shock_imf_bailout,indonesia,USDC
161,81.70367974709498,1047045767828.6326,320,S5_twin_shock_imf_bailout,indonesia,USDC
162,65.75294379767598,1020869627886.4463,320,S5_twin_shock_imf_bailout,indonesia,USDC
163,52.99235503814079,995347890592.1086,320,S5_twin_shock_imf_bailout,indonesia,USDC
164,42.78388403051264,970464196049.5648,320,S5_twin_shock_imf_bailout,indonesia,USDC
165,34.61710722441011,946202593326.1328,320,S5_twin_shock_imf_bailout,indonesia,USDC
166,28.083685779528086,922547530235.2253,320,S5_twin_shock_imf_bailout,indonesia,USDC
167,22.85694862362247,899483843373.1414,320,S5_twin_shock_imf_bailout,indonesia,USDC
168,18.675558898897975,876996748403.8501,320,S5_twin_shock_imf_bailout,indonesia,USDC
169,15.330447119118379,855071830585.7837,320,S5_twin_shock_imf_bailout,indonesia,USDC
170,12.654357695294703,833695035534.763,320,S5_twin_shock_imf_bailout,indonesia,USDC
171,10.513486156235762,812852660217.293,320,S5_twin_shock_imf_bailout,indonesia,USDC
172,8.800788924988609,792531344168.5798,320,S5_twin_shock_imf_bailout,indonesia,USDC
173,7.430631139990888,772718060929.7407,320,S5_twin_shock_imf_bailout,indonesia,USDC
174,6.334504911992711,753400109698.7976,320,S5_twin_shock_imf_bailout,indonesia,USDC
175,5.457603929594168,734565107190.1678,320,S5_twin_shock_imf_bailout,indonesia,USDC
176,4.756083143675334,716200979697.486,320,S5_twin_shock_imf_bailout,indonesia,USDC
177,4.1948665149402675,698295955354.7065,320,S5_twin_shock_imf_bailout,indonesia,USDC
178,3.745893211952214,680838556590.5651,320,S5_twin_shock_imf_bailout,indonesia,USDC
179,3.3867145695617715,663817592771.5819,320,S5_twin_shock_imf_bailout,indonesia,USDC
180,3.099371655649417,647222153028.9172,320,S5_twin_shock_imf_bailout,indonesia,USDC
181,2.8694973245195334,631041599264.4941,320,S5_twin_shock_imf_bailout,indonesia,USDC
182,2.685597859615627,615265559331.9216,320,S5_twin_shock_imf_bailout,indonesia,USDC
183,2.5384782876925014,599883920387.8555,320,S5_twin_shock_imf_bailout,indonesia,USDC
184,2.420782630154001,584886822409.5446,320,S5_twin_shock_imf_bailout,indonesia,USDC
185,2.326626104123201,570264651874.4143,320,S5_twin_shock_imf_bailout,indonesia,USDC
186,2.2513008832985606,556008035597.6409,320,S5_twin_shock_imf_bailout,indonesia,USDC
187,2.1910407066388484,542107834723.7691,320,S5_twin_shock_imf_bailout,indonesia,USDC
188,2.1428325653110787,528555138868.5303,320,S5_twin_shock_imf_bailout,indonesia,USDC
189,2.104266052248863,515341260407.10144,320,S5_twin_shock_imf_bailout,indonesia,USDC
190,2.0734128417990907,502457728905.15137,320,S5_twin_shock_imf_bailout,indonesia,USDC
191,2.0487302734392725,489896285689.1046,320,S5_twin_shock_imf_bailout,indonesia,USDC
192,2.026675027466435,477648878552.1426,320,S5_twin_shock_imf_bailout,indonesia,USDC
193,1.8947512542838358,465707656592.5516,320,S5_twin_shock_imf_bailout,indonesia,USDC
194,1.8067160406526659,454064965181.1078,320,S5_twin_shock_imf_bailout,indonesia,USDC
195,1.7374818142001165,442713341054.276,320,S5_twin_shock_imf_bailout,indonesia,USDC
196,1.6505307705914019,431645507530.07605,320,S5_twin_shock_imf_bailout,indonesia,USDC
197,1.5912462448057483,420854369843.5495,320,S5_twin_shock_imf_bailout,indonesia,USDC
198,1.514776304573481,410333010598.84106,320,S5_twin_shock_imf_bailout,indonesia,USDC
199,1.4034759821669895,400074685334.9743,320,S5_twin_shock_imf_bailout,indonesia,USDC
200,1.3190878090290714,390072818202.4834,320,S5_twin_shock_imf_bailout,indonesia,USDC
201,1.3025521769379589,380320997748.12805,320,S5_twin_shock_imf_bailout,indonesia,USDC
202,1.2101351932238045,370812972804.99023,320,S5_twin_shock_imf_bailout,indonesia,USDC
203,1.1414391256107859,361542648485.31775,320,S5_twin_shock_imf_bailout,indonesia,USDC
204,1.0745071012372969,352504082273.5467,320,S5_twin_shock_imf_bailout,indonesia,USDC
205,1.062474791617362,343691480216.9975,320,S5_twin_shock_imf_bailout,indonesia,USDC
206,1.0319576063404592,335099193211.8042,320,S5_twin_shock_imf_bailout,indonesia,USDC
207,1.007409767692885,326721713381.69434,320,S5_twin_shock_imf_bailout,indonesia,USDC
208,0.9451291792880744,318553670547.30023,320,S5_twin_shock_imf_bailout,indonesia,USDC
209,0.9396538124243763,309937655094.6541,320,S5_twin_shock_imf_bailout,indonesia,USDC
210,0.9150982079923025,301410263124.8457,320,S5_twin_shock_imf_bailout,indonesia,USDC
211,0.882251592695947,292498133957.14026,320,S5_twin_shock_imf_bailout,indonesia,USDC
212,0.8840695715282456,283100134189.59955,320,S5_twin_shock_imf_bailout,indonesia,USDC
213,0.8608262469262778,274161283760.26337,320,S5_twin_shock_imf_bailout,indonesia,USDC
214,0.887500846744577,265096525447.672,320,S5_twin_shock_imf_bailout,indonesia,USDC
215,0.8614218893541116,256986560162.32178,320,S5_twin_shock_imf_bailout,indonesia,USDC
216,0.7679572917405438,248853153275.5794,320,S5_twin_shock_imf_bailout,indonesia,USDC
217,0.78273266421918,239780420312.71466,320,S5_twin_shock_imf_bailout,indonesia,USDC
218,0.7782869321038682,231587217731.55963,320,S5_twin_shock_imf_bailout,indonesia,USDC
219,0.8030425116919647,224017265379.92636,320,S5_twin_shock_imf_bailout,indonesia,USDC
220,0.8130010739067575,217192481337.82916,320,S5_twin_shock_imf_bailout,indonesia,USDC
221,0.8158966123134148,210800415408.51404,320,S5_twin_shock_imf_bailout,indonesia,USDC
222,0.8119274485613999,204717725899.56628,320,S5_twin_shock_imf_bailout,indonesia,USDC
223,0.7975393871513962,198909569742.30154,320,S5_twin_shock_imf_bailout,indonesia,USDC
224,0.80572936107658,193300660473.48535,320,S5_twin_shock_imf_bailout,indonesia,USDC
225,0.8148971273454688,187945853677.00543,320,S5_twin_shock_imf_bailout,indonesia,USDC
226,0.7803118560591641,182862022546.67715,320,S5_twin_shock_imf_bailout,indonesia,USDC
227,0.7850501952073693,177872760634.89978,320,S5_twin_shock_imf_bailout,indonesia,USDC
228,0.7773955563969543,173090576125.0972,320,S5_twin_shock_imf_bailout,indonesia,USDC
229,0.7794516953960119,168480656838.93652,320,S5_twin_shock_imf_bailout,indonesia,USDC
230,0.7805109902920929,164053213059.9445,320,S5_twin_shock_imf_bailout,indonesia,USDC
231,0.7747218697895781,159781570208.945,320,S5_twin_shock_imf_bailout,indonesia,USDC
232,0.7895288595283704,155638049188.39377,320,S5_twin_shock_imf_bailout,indonesia,USDC
233,0.7896503724096932,151636459677.0645,320,S5_twin_shock_imf_bailout,indonesia,USDC
234,0.7891352638937871,147756923362.33978,320,S5_twin_shock_imf_bailout,indonesia,USDC
235,0.7849979647955148,143987134987.32718,320,S5_twin_shock_imf_bailout,indonesia,USDC
236,0.7767177923009689,140327993648.95493,320,S5_twin_shock_imf_bailout,indonesia,USDC
237,0.7905246430272284,136766764090.56937,320,S5_twin_shock_imf_bailout,indonesia,USDC
238,0.7941823264737143,133307163633.2349,320,S5_twin_shock_imf_bailout,indonesia,USDC
239,0.7787569971388335,129942205571.61789,320,S5_twin_shock_imf_bailout,indonesia,USDC
240,0.7658281080325372,126664903521.09317,320,S5_twin_shock_imf_bailout,indonesia,USDC
241,0.7539450953428954,123475054432.40512,320,S5_twin_shock_imf_bailout,indonesia,USDC
242,0.7541360621543483,120367277933.52614,320,S5_twin_shock_imf_bailout,indonesia,USDC
243,0.7486102294676323,117342789750.46875,320,S5_twin_shock_imf_bailout,indonesia,USDC
244,0.773319865815229,114396067428.1834,320,S5_twin_shock_imf_bailout,indonesia,USDC
245,0.769366958350637,111527329035.4812,320,S5_twin_shock_imf_bailout,indonesia,USDC
246,0.754080586125186,108732198265.11133,320,S5_twin_shock_imf_bailout,indonesia,USDC
247,0.7752148430798661,106007625485.18417,320,S5_twin_shock_imf_bailout,indonesia,USDC
248,0.7569798788890628,103353101171.383,320,S5_twin_shock_imf_bailout,indonesia,USDC
249,0.7714321889631065,100765527837.44136,320,S5_twin_shock_imf_bailout,indonesia,USDC
250,0.7880889296172602,98243563972.98445,320,S5_twin_shock_imf_bailout,indonesia,USDC
251,0.8020128653134995,95785356854.99776,320,S5_twin_shock_imf_bailout,indonesia,USDC
252,0.7931587235978743,93389191102.8857,320,S5_twin_shock_imf_bailout,indonesia,USDC
253,0.7997737917801048,91053110926.60713,320,S5_twin_shock_imf_bailout,indonesia,USDC
254,0.7912066268948063,88775639509.5176,320,S5_twin_shock_imf_bailout,indonesia,USDC
255,0.7846641756407082,86555277534.75789,320,S5_twin_shock_imf_bailout,indonesia,USDC
256,0.7764833583504783,84390554478.36966,320,S5_twin_shock_imf_bailout,indonesia,USDC
257,0.7829632987785878,82280080175.4835,320,S5_twin_shock_imf_bailout,indonesia,USDC
258,0.7665976146717329,80222560398.96336,320,S5_twin_shock_imf_bailout,indonesia,USDC
259,0.7910305619697124,78216535270.09578,320,S5_twin_shock_imf_bailout,indonesia,USDC
260,0.7940102661954095,76260796704.5123,320,S5_twin_shock_imf_bailout,indonesia,USDC
261,0.6852661262149565,74354007024.9275,320,S5_twin_shock_imf_bailout,indonesia,USDC
262,0.717325190661136,72494788738.92615,320,S5_twin_shock_imf_bailout,indonesia,USDC
263,0.7210223690304061,70682182316.49976,320,S5_twin_shock_imf_bailout,indonesia,USDC
264,0.6211811587686238,68914958439.91432,320,S5_twin_shock_imf_bailout,indonesia,USDC
265,0.6357007592375445,67191910266.12535,320,S5_twin_shock_imf_bailout,indonesia,USDC
266,0.656368699558046,65512003412.896454,320,S5_twin_shock_imf_bailout,indonesia,USDC
267,0.6526018374368534,63874135010.4837,320,S5_twin_shock_imf_bailout,indonesia,USDC
268,0.6502031776394,62277233110.54791,320,S5_twin_shock_imf_bailout,indonesia,USDC
269,0.6624515980067921,60720269109.16963,320,S5_twin_shock_imf_bailout,indonesia,USDC
270,0.70113194394267,59202241219.49336,320,S5_twin_shock_imf_bailout,indonesia,USDC
271,0.7290335905103538,57722172065.9432,320,S5_twin_shock_imf_bailout,indonesia,USDC
272,0.7227791639996485,56279109224.08932,320,S5_twin_shock_imf_bailout,indonesia,USDC
273,0.66488408680916,54872124735.31768,320,S5_twin_shock_imf_bailout,indonesia,USDC
274,0.6573525649978765,53500315401.91159,320,S5_twin_shock_imf_bailout,indonesia,USDC
275,0.6661762302693494,52162803226.87039,320,S5_twin_shock_imf_bailout,indonesia,USDC
276,0.6730729227967633,50858730352.08754,320,S5_twin_shock_imf_bailout,indonesia,USDC
277,0.6926369245012112,49587260116.06487,320,S5_twin_shock_imf_bailout,indonesia,USDC
278,0.7063633657800935,48347577402.59702,320,S5_twin_shock_imf_bailout,indonesia,USDC
279,0.7159908943234534,47138887127.91586,320,S5_twin_shock_imf_bailout,indonesia,USDC
280,0.7243451287896036,45960414348.52219,320,S5_twin_shock_imf_bailout,indonesia,USDC
281,0.7496686156146946,44811403534.60809,320,S5_twin_shock_imf_bailout,indonesia,USDC
282,0.7694942962186752,43691118151.57971,320,S5_twin_shock_imf_bailout,indonesia,USDC
283,0.7944304673126141,42598839982.90162,320,S5_twin_shock_imf_bailout,indonesia,USDC
284,0.7854523216920462,41533868826.6155,320,S5_twin_shock_imf_bailout,indonesia,USDC
285,0.7755700086611843,40495521976.25664,320,S5_twin_shock_imf_bailout,indonesia,USDC
286,0.7793258657544193,39483133810.710144,320,S5_twin_shock_imf_bailout,indonesia,USDC
287,0.7753516709754801,38496055376.15871,320,S5_twin_shock_imf_bailout,indonesia,USDC
288,0.793922092516832,37533653921.03706,320,S5_twin_shock_imf_bailout,indonesia,USDC
289,0.7836425579918315,36595312519.05983,320,S5_twin_shock_imf_bailout,indonesia,USDC
290,0.8037165171922178,35680429660.96363,320,S5_twin_shock_imf_bailout,indonesia,USDC
291,0.8052060995859466,34788418884.43367,320,S5_twin_shock_imf_bailout,indonesia,USDC
292,0.7918460629636316,33918708384.162846,320,S5_twin_shock_imf_bailout,indonesia,USDC
293,0.7880973676978086,33070740649.148106,320,S5_twin_shock_imf_bailout,indonesia,USDC
294,0.780928970588526,32243972111.651,320,S5_twin_shock_imf_bailout,indonesia,USDC
295,0.7786448678576888,31437872791.53299,320,S5_twin_shock_imf_bailout,indonesia,USDC
296,0.7650579959458798,30651925957.42724,320,S5_twin_shock_imf_bailout,indonesia,USDC
297,0.7494832939765056,29885627795.48753,320,S5_twin_shock_imf_bailout,indonesia,USDC
298,0.7747697169070729,29138487089.50965,320,S5_twin_shock_imf_bailout,indonesia,USDC
299,0.7696652279732026,28410024904.646065,320,S5_twin_shock_imf_bailout,indonesia,USDC
300,0.7587574019888588,27699774275.87478,320,S5_twin_shock_imf_bailout,indonesia,USDC
301,0.7578548986337893,27007279913.669914,320,S5_twin_shock_imf_bailout,indonesia,USDC
302,0.7434364926496227,26332097911.72005,320,S5_twin_shock_imf_bailout,indonesia,USDC
303,0.7744081966162152,25673795460.528713,320,S5_twin_shock_imf_bailout,indonesia,USDC
304,0.7892938557915536,25031950571.68411,320,S5_twin_shock_imf_bailout,indonesia,USDC
305,0.8113179761066015,24406151805.655487,320,S5_twin_shock_imf_bailout,indonesia,USDC
306,0.8248431505708871,23795998009.212494,320,S5_twin_shock_imf_bailout,indonesia,USDC
307,0.8213552984296164,23201098058.046387,320,S5_twin_shock_imf_bailout,indonesia,USDC
308,0.7984034351504942,22621070605.753616,320,S5_twin_shock_imf_bailout,indonesia,USDC
309,0.8026661057991837,22055543839.746925,320,S5_twin_shock_imf_bailout,indonesia,USDC
310,0.803895793373895,21504155243.060684,320,S5_twin_shock_imf_bailout,indonesia,USDC
311,0.802694681208764,20966551361.42646,320,S5_twin_shock_imf_bailout,indonesia,USDC
312,0.8144523693009754,20442387576.913998,320,S5_twin_shock_imf_bailout,indonesia,USDC
313,0.8030623547433872,19931327887.131653,320,S5_twin_shock_imf_bailout,indonesia,USDC
314,0.7940398922795755,19433044689.64111,320,S5_twin_shock_imf_bailout,indonesia,USDC
315,0.7969225026046011,18947218572.106964,320,S5_twin_shock_imf_bailout,indonesia,USDC
316,0.7862936899560384,18473538107.56828,320,S5_twin_shock_imf_bailout,indonesia,USDC
317,0.7768838745582598,18011699654.677307,320,S5_twin_shock_imf_bailout,indonesia,USDC
318,0.7778097061130864,17561407163.14105,320,S5_twin_shock_imf_bailout,indonesia,USDC
319,0.7848026145338838,17122371983.923382,320,S5_twin_shock_imf_bailout,indonesia,USDC
320,0.8206301928969787,16694312684.217415,320,S5_twin_shock_imf_bailout,indonesia,USDC
321,0.8163660569636446,16276954867.041311,320,S5_twin_shock_imf_bailout,indonesia,USDC
322,0.8161128715207009,15870030995.302254,320,S5_twin_shock_imf_bailout,indonesia,USDC
323,0.8219860122105416,15473280220.367592,320,S5_twin_shock_imf_bailout,indonesia,USDC
324,0.8407162102232761,15086448214.817844,320,S5_twin_shock_imf_bailout,indonesia,USDC
325,0.8187531073287078,14709287009.415113,320,S5_twin_shock_imf_bailout,indonesia,USDC
326,0.8048842503730046,14341554834.14896,320,S5_twin_shock_imf_bailout,indonesia,USDC
327,0.814297295662817,13983015963.266537,320,S5_twin_shock_imf_bailout,indonesia,USDC
328,0.8105530134496781,13633440564.162157,320,S5_twin_shock_imf_bailout,indonesia,USDC
329,0.8058994572337358,13292604550.037512,320,S5_twin_shock_imf_bailout,indonesia,USDC
330,0.8142673183144478,12960289436.268814,320,S5_twin_shock_imf_bailout,indonesia,USDC
331,0.8347707969765603,12636282200.348015,320,S5_twin_shock_imf_bailout,indonesia,USDC
332,0.8210869146638378,12320375145.329454,320,S5_twin_shock_imf_bailout,indonesia,USDC
333,0.804858014073286,12012365766.686165,320,S5_twin_shock_imf_bailout,indonesia,USDC
334,0.7961166615273941,11712056622.50977,320,S5_twin_shock_imf_bailout,indonesia,USDC
335,0.78601759436551,11419255206.939232,320,S5_twin_shock_imf_bailout,indonesia,USDC
336,0.7777071374251419,11133773826.758469,320,S5_twin_shock_imf_bailout,indonesia,USDC
337,0.7847513511236833,10855429481.083466,320,S5_twin_shock_imf_bailout,indonesia,USDC
338,0.7652200132836576,10584043744.05178,320,S5_twin_shock_imf_bailout,indonesia,USDC
339,0.779715053942466,10319442650.446245,320,S5_twin_shock_imf_bailout,indonesia,USDC
340,0.7691764968316487,10061456584.18209,320,S5_twin_shock_imf_bailout,indonesia,USDC
341,0.7498871679685088,9809920169.5748,320,S5_twin_shock_imf_bailout,indonesia,USDC
342,0.7462774890563422,9564672165.333052,320,S5_twin_shock_imf_bailout,indonesia,USDC
343,0.7576706703128832,9325555361.197962,320,S5_twin_shock_imf_bailout,indonesia,USDC
344,0.7310210521059669,9092416477.166677,320,S5_twin_shock_imf_bailout,indonesia,USDC
345,0.7152965485242125,8865106065.236275,320,S5_twin_shock_imf_bailout,indonesia,USDC
346,0.7379626397902551,8643478413.604378,320,S5_twin_shock_imf_bailout,indonesia,USDC
347,0.7404685144387013,8427391453.263628,320,S5_twin_shock_imf_bailout,indonesia,USDC
348,0.7420816515703715,8216706666.93154,320,S5_twin_shock_imf_bailout,indonesia,USDC
349,0.7637602105121479,8011289000.257879,320,S5_twin_shock_imf_bailout,indonesia,USDC
350,0.735702527463615,7811006775.251179,320,S5_twin_shock_imf_bailout,indonesia,USDC
351,0.7612531419397599,7615731605.869665,320,S5_twin_shock_imf_bailout,indonesia,USDC
352,0.745638297407061,7425338315.7227545,320,S5_twin_shock_imf_bailout,indonesia,USDC
353,0.7463008458502117,7239704857.829548,320,S5_twin_shock_imf_bailout,indonesia,USDC
354,0.7597185446037046,7058712236.383705,320,S5_twin_shock_imf_bailout,indonesia,USDC
355,0.757156292633026,6882244430.474032,320,S5_twin_shock_imf_bailout,indonesia,USDC
356,0.7732372200875619,6710188319.71212,320,S5_twin_shock_imf_bailout,indonesia,USDC
357,0.7315192049359838,6542433611.719269,320,S5_twin_shock_imf_bailout,indonesia,USDC
358,0.7388759024864918,6378872771.426243,320,S5_twin_shock_imf_bailout,indonesia,USDC
359,0.748136775157655,6219400952.140553,320,S5_twin_shock_imf_bailout,indonesia,USDC
360,0.7628151710489451,6063915928.337015,320,S5_twin_shock_imf_bailout,indonesia,USDC
361,0.7378146464292061,5912318030.128572,320,S5_twin_shock_imf_bailout,indonesia,USDC
362,0.7402683293228856,5764510079.375343,320,S5_twin_shock_imf_bailout,indonesia,USDC
363,0.7643367956103314,5620397327.390947,320,S5_twin_shock_imf_bailout,indonesia,USDC
364,0.7632056920530574,5479887394.206166,320,S5_twin_shock_imf_bailout,indonesia,USDC
365,0.7526227962343882,5342890209.351006,320,S5_twin_shock_imf_bailout,indonesia,USDC
366,0.758428030322779,5209317954.117225,320,S5_twin_shock_imf_bailout,indonesia,USDC
367,0.7468642812908238,5079085005.26429,320,S5_twin_shock_imf_bailout,indonesia,USDC
368,0.7595482888459713,4952107880.132679,320,S5_twin_shock_imf_bailout,indonesia,USDC
369,0.7623178578289622,4828305183.129359,320,S5_twin_shock_imf_bailout,indonesia,USDC
370,0.7656372834064553,4707597553.551123,320,S5_twin_shock_imf_bailout,indonesia,USDC
371,0.7721997085663724,4589907614.712343,320,S5_twin_shock_imf_bailout,indonesia,USDC
372,0.7645575945507268,4475159924.344534,320,S5_twin_shock_imf_bailout,indonesia,USDC
373,0.7515155688456433,4363280926.235919,320,S5_twin_shock_imf_bailout,indonesia,USDC
374,0.7367592828114153,4254198903.080021,320,S5_twin_shock_imf_bailout,indonesia,USDC
375,0.744694742270561,4147843930.5030193,320,S5_twin_shock_imf_bailout,indonesia,USDC
376,0.7589269539158492,4044147832.240443,320,S5_twin_shock_imf_bailout,indonesia,USDC
377,0.7700016499986584,3943044136.4344316,320,S5_twin_shock_imf_bailout,indonesia,USDC
378,0.7671120727817289,3844468033.023571,320,S5_twin_shock_imf_bailout,indonesia,USDC
379,0.7761256931333906,3748356332.197982,320,S5_twin_shock_imf_bailout,indonesia,USDC
380,0.7842005277724535,3654647423.893032,320,S5_twin_shock_imf_bailout,indonesia,USDC
381,0.7917335106654078,3563281238.2957063,320,S5_twin_shock_imf_bailout,indonesia,USDC
382,0.7863688049879083,3474199207.338314,320,S5_twin_shock_imf_bailout,indonesia,USDC
383,0.7814974159509096,3387344227.154856,320,S5_twin_shock_imf_bailout,indonesia,USDC
384,0.8070830840102347,3302660621.4759846,320,S5_twin_shock_imf_bailout,indonesia,USDC
385,0.785600944402984,3220094105.939085,320,S5_twin_shock_imf_bailout,indonesia,USDC
386,0.7826923870453035,3139591753.290608,320,S5_twin_shock_imf_bailout,indonesia,USDC
387,0.7591753218935517,3061101959.4583426,320,S5_twin_shock_imf_bailout,indonesia,USDC
388,0.7458790831682509,2984574410.4718843,320,S5_twin_shock_imf_bailout,indonesia,USDC
389,0.7319670556040243,2909960050.2100873,320,S5_twin_shock_imf_bailout,indonesia,USDC
390,0.7241291828853629,2837211048.954835,320,S5_twin_shock_imf_bailout,indonesia,USDC
391,0.724384496921731,2766280772.730964,320,S5_twin_shock_imf_bailout,indonesia,USDC
392,0.7160791086658836,2697123753.4126897,320,S5_twin_shock_imf_bailout,indonesia,USDC
393,0.7476167382197255,2629695659.5773726,320,S5_twin_shock_imf_bailout,indonesia,USDC
394,0.7693116950274104,2563953268.0879383,320,S5_twin_shock_imf_bailout,indonesia,USDC
395,0.790993110484969,2499854436.38574,320,S5_twin_shock_imf_bailout,indonesia,USDC
396,0.8159645577417978,2437358075.4760966,320,S5_twin_shock_imf_bailout,indonesia,USDC
397,0.7768277244672691,2376424123.5891943,320,S5_twin_shock_imf_bailout,indonesia,USDC
398,0.7861073865725091,2317013520.499464,320,S5_twin_shock_imf_bailout,indonesia,USDC
399,0.7780446901064791,2259088182.4869776,320,S5_twin_shock_imf_bailout,indonesia,USDC
400,0.8163728434019707,2202610977.924803,320,S5_twin_shock_imf_bailout,indonesia,USDC
401,0.8353491507732219,2147545703.4766827,320,S5_twin_shock_imf_bailout,indonesia,USDC
402,0.82729751231647,2093857060.889766,320,S5_twin_shock_imf_bailout,indonesia,USDC
403,0.8109375458137611,2041510634.3675218,320,S5_twin_shock_imf_bailout,indonesia,USDC
404,0.7981037497364787,1990472868.5083337,320,S5_twin_shock_imf_bailout,indonesia,USDC
405,0.785651496937378,1940711046.7956254,320,S5_twin_shock_imf_bailout,indonesia,USDC
406,0.8175349992039247,1892193270.6257346,320,S5_twin_shock_imf_bailout,indonesia,USDC
407,0.8088124399741375,1844888438.8600912,320,S5_twin_shock_imf_bailout,indonesia,USDC
408,0.8081010570458717,1798766227.888589,320,S5_twin_shock_imf_bailout,indonesia,USDC
409,0.8294988939477536,1753797072.191374,320,S5_twin_shock_imf_bailout,indonesia,USDC
410,0.8197295859826906,1709952145.38659,320,S5_twin_shock_imf_bailout,indonesia,USDC
411,0.7853394540663461,1667203341.751925,320,S5_twin_shock_imf_bailout,indonesia,USDC
412,0.7786105978795335,1625523258.2081268,320,S5_twin_shock_imf_bailout,indonesia,USDC
413,0.803273336052301,1584885176.7529237,320,S5_twin_shock_imf_bailout,indonesia,USDC
414,0.8236963125688965,1545263047.3341007,320,S5_twin_shock_imf_bailout,indonesia,USDC
415,0.8081724134169641,1506631471.1507483,320,S5_twin_shock_imf_bailout,indonesia,USDC
416,0.8179210607143114,1468965684.3719795,320,S5_twin_shock_imf_bailout,indonesia,USDC
417,0.8306138796261382,1432241542.26268,320,S5_twin_shock_imf_bailout,indonesia,USDC
418,0.8481627980038476,1396435503.7061129,320,S5_twin_shock_imf_bailout,indonesia,USDC
419,0.8460359022934886,1361524616.11346,320,S5_twin_shock_imf_bailout,indonesia,USDC
420,0.8395584304141405,1327486500.7106235,320,S5_twin_shock_imf_bailout,indonesia,USDC
421,0.8412893763480302,1294299338.192858,320,S5_twin_shock_imf_bailout,indonesia,USDC
422,0.8482854778161902,1261941854.7380366,320,S5_twin_shock_imf_bailout,indonesia,USDC
423,0.8787429738700164,1230393308.3695855,320,S5_twin_shock_imf_bailout,indonesia,USDC
424,0.8666155264079801,1199633475.660346,320,S5_twin_shock_imf_bailout,indonesia,USDC
425,0.8680759206131183,1169642638.7688372,320,S5_twin_shock_imf_bailout,indonesia,USDC
426,0.8404001798020684,1140401572.7996163,320,S5_twin_shock_imf_bailout,indonesia,USDC
427,0.848778803334791,1111891533.479626,320,S5_twin_shock_imf_bailout,indonesia,USDC
428,0.8226335143207609,1084094245.1426353,320,S5_twin_shock_imf_bailout,indonesia,USDC
429,0.8070624877445586,1056991889.0140693,320,S5_twin_shock_imf_bailout,indonesia,USDC
430,0.792504306170795,1030567091.7887175,320,S5_twin_shock_imf_bailout,indonesia,USDC
431,0.7910010614259628,1004802914.4939995,320,S5_twin_shock_imf_bailout,indonesia,USDC
432,0.7883443380407589,979682841.6316496,320,S5_twin_shock_imf_bailout,indonesia,USDC
433,0.796789417545962,955190770.5908583,320,S5_twin_shock_imf_bailout,indonesia,USDC
434,0.833191441827589,931311001.326087,320,S5_twin_shock_imf_bailout,indonesia,USDC
435,0.8579881880661705,908028226.2929348,320,S5_twin_shock_imf_bailout,indonesia,USDC
436,0.8606634082616185,885327520.6356114,320,S5_twin_shock_imf_bailout,indonesia,USDC
437,0.8515004218483699,863194332.6197212,320,S5_twin_shock_imf_bailout,indonesia,USDC
438,0.8565919676175943,841614474.3042281,320,S5_twin_shock_imf_bailout,indonesia,USDC
439,0.8623951297394336,820574112.4466225,320,S5_twin_shock_imf_bailout,indonesia,USDC
440,0.8585259149196165,800059759.6354569,320,S5_twin_shock_imf_bailout,indonesia,USDC
441,0.8494017017430325,780058265.6445705,320,S5_twin_shock_imf_bailout,indonesia,USDC
442,0.8689600522917336,760556809.0034562,320,S5_twin_shock_imf_bailout,indonesia,USDC
443,0.8734754963666824,741542888.7783699,320,S5_twin_shock_imf_bailout,indonesia,USDC
444,0.8584061254303408,723004316.5589106,320,S5_twin_shock_imf_bailout,indonesia,USDC
445,0.8464165575938679,704929208.6449379,320,S5_twin_shock_imf_bailout,indonesia,USDC
446,0.8297905583847204,687305978.4288144,320,S5_twin_shock_imf_bailout,indonesia,USDC
447,0.8341545016606702,670123328.968094,320,S5_twin_shock_imf_bailout,indonesia,USDC
448,0.8295056283287511,653370245.7438917,320,S5_twin_shock_imf_bailout,indonesia,USDC
449,0.8310294649102862,637035989.6002944,320,S5_twin_shock_imf_bailout,indonesia,USDC
450,0.816823845439969,621110089.8602871,320,S5_twin_shock_imf_bailout,indonesia,USDC
451,0.821927558332448,605582337.6137799,320,S5_twin_shock_imf_bailout,indonesia,USDC
452,0.8327767105092518,590442779.1734353,320,S5_twin_shock_imf_bailout,indonesia,USDC
453,0.7919332162221535,575681709.6940994,320,S5_twin_shock_imf_bailout,indonesia,USDC
454,0.7906631097002794,561289666.951747,320,S5_twin_shock_imf_bailout,indonesia,USDC
455,0.7732259967193034,547257425.2779533,320,S5_twin_shock_imf_bailout,indonesia,USDC
456,0.7478644399636664,533575989.64600444,320,S5_twin_shock_imf_bailout,indonesia,USDC
457,0.7273460626369684,520236589.9048543,320,S5_twin_shock_imf_bailout,indonesia,USDC
458,0.731974691417489,507230675.15723294,320,S5_twin_shock_imf_bailout,indonesia,USDC
459,0.7531908829809951,494549908.27830213,320,S5_twin_shock_imf_bailout,indonesia,USDC
460,0.7631060967635649,482186160.5713446,320,S5_twin_shock_imf_bailout,indonesia,USDC
461,0.7745983653349547,470131506.55706096,320,S5_twin_shock_imf_bailout,indonesia,USDC
462,0.7736787559153449,458378218.89313453,320,S5_twin_shock_imf_bailout,indonesia,USDC
463,0.780736610818807,446918763.42080617,320,S5_twin_shock_imf_bailout,indonesia,USDC
464,0.7848084654565854,435745794.33528596,320,S5_twin_shock_imf_bailout,indonesia,USDC
465,0.7708394003797615,424852149.4769038,320,S5_twin_shock_imf_bailout,indonesia,USDC
466,0.7754664786990645,414230845.73998123,320,S5_twin_shock_imf_bailout,indonesia,USDC
467,0.7836850037383332,403875074.5964817,320,S5_twin_shock_imf_bailout,indonesia,USDC
468,0.7886423662795916,393778197.73156965,320,S5_twin_shock_imf_bailout,indonesia,USDC
469,0.769773470545524,383933742.78828037,320,S5_twin_shock_imf_bailout,indonesia,USDC
470,0.7919676790279362,374335399.21857333,320,S5_twin_shock_imf_bailout,indonesia,USDC
471,0.7754785554513761,364977014.23810905,320,S5_twin_shock_imf_bailout,indonesia,USDC
472,0.7699388499860523,355852588.8821563,320,S5_twin_shock_imf_bailout,indonesia,USDC
473,0.7430327436259223,346956274.16010237,320,S5_twin_shock_imf_bailout,indonesia,USDC
474,0.758582280228619,338282367.30609983,320,S5_twin_shock_imf_bailout,indonesia,USDC
475,0.764679268702224,329825308.12344736,320,S5_twin_shock_imf_bailout,indonesia,USDC
476,0.7664107357105407,321579675.42036116,320,S5_twin_shock_imf_bailout,indonesia,USDC
477,0.7799371767067874,313540183.5348521,320,S5_twin_shock_imf_bailout,indonesia,USDC
478,0.7737781210077099,305701678.9464808,320,S5_twin_shock_imf_bailout,indonesia,USDC
479,0.7807957184718601,298059136.9728188,320,S5_twin_shock_imf_bailout,indonesia,USDC
480,0.7982984401664693,290607658.5484983,320,S5_twin_shock_imf_bailout,indonesia,USDC
481,0.7972559097922568,283342467.0847858,320,S5_twin_shock_imf_bailout,indonesia,USDC
482,0.8041077166561492,276258905.4076662,320,S5_twin_shock_imf_bailout,indonesia,USDC
483,0.7983199971344986,269352432.7724745,320,S5_twin_shock_imf_bailout,indonesia,USDC
484,0.8016812016389012,262618621.95316267,320,S5_twin_shock_imf_bailout,indonesia,USDC
485,0.7923287230824475,256053156.40433362,320,S5_twin_shock_imf_bailout,indonesia,USDC
486,0.8246886534628299,249651827.49422532,320,S5_twin_shock_imf_bailout,indonesia,USDC
487,0.8124922960448535,243410531.80686966,320,S5_twin_shock_imf_bailout,indonesia,USDC
488,0.8108998338539927,237325268.51169795,320,S5_twin_shock_imf_bailout,indonesia,USDC
489,0.8224307080698661,231392136.79890543,320,S5_twin_shock_imf_bailout,indonesia,USDC
490,0.8287117380488956,225607333.37893283,320,S5_twin_shock_imf_bailout,indonesia,USDC
491,0.808888546614758,219967150.04445952,320,S5_twin_shock_imf_bailout,indonesia,USDC
492,0.8006781783374216,214467971.293348,320,S5_twin_shock_imf_bailout,indonesia,USDC
493,0.7943012743976522,209106272.01101434,320,S5_twin_shock_imf_bailout,indonesia,USDC
494,0.7945758036002488,203878615.21073896,320,S5_twin_shock_imf_bailout,indonesia,USDC
495,0.7885541266601122,198781649.8304705,320,S5_twin_shock_imf_bailout,indonesia,USDC
496,0.7710462362407883,193812108.58470872,320,S5_twin_shock_imf_bailout,indonesia,USDC
497,0.7553525506614898,188966805.87009102,320,S5_twin_shock_imf_bailout,indonesia,USDC
498,0.7585640663933534,184242635.72333872,320,S5_twin_shock_imf_bailout,indonesia,USDC
499,0.7846539208278548,179636569.83025527,320,S5_twin_shock_imf_bailout,indonesia,USDC
500,0.795721245948339,175145655.58449888,320,S5_twin_shock_imf_bailout,indonesia,USDC
501,0.8007525541342293,170767014.19488642,320,S5_twin_shock_imf_bailout,indonesia,USDC
502,0.7878705778458577,166497838.84001425,320,S5_twin_shock_imf_bailout,indonesia,USDC
503,0.7869002603048689,162335392.8690139,320,S5_twin_shock_imf_bailout,indonesia,USDC
504,0.7955444432771062,158277008.04728854,320,S5_twin_shock_imf_bailout,indonesia,USDC
505,0.7779565558481182,154320082.84610632,320,S5_twin_shock_imf_bailout,indonesia,USDC
506,0.7680574729395401,150462080.77495366,320,S5_twin_shock_imf_bailout,indonesia,USDC
507,0.7680304559785153,146700528.75557983,320,S5_twin_shock_imf_bailout,indonesia,USDC
508,0.7720325628266796,143033015.53669032,320,S5_twin_shock_imf_bailout,indonesia,USDC
509,0.7523296875325849,139457190.14827308,320,S5_twin_shock_imf_bailout,indonesia,USDC
510,0.7532111264813847,135970760.39456624,320,S5_twin_shock_imf_bailout,indonesia,USDC
511,0.7486692062812638,132571491.38470209,320,S5_twin_shock_imf_bailout,indonesia,USDC
512,0.7511873432835313,129257204.10008456,320,S5_twin_shock_imf_bailout,indonesia,USDC
513,0.7386299968816833,126025773.99758244,320,S5_twin_shock_imf_bailout,indonesia,USDC
514,0.7557978036791339,122875129.64764288,320,S5_twin_shock_imf_bailout,indonesia,USDC
515,0.7592775978857805,119803251.4064518,320,S5_twin_shock_imf_bailout,indonesia,USDC
516,0.7819022845608271,116808170.1212905,320,S5_twin_shock_imf_bailout,indonesia,USDC
517,0.7679632960659319,113887965.86825824,320,S5_twin_shock_imf_bailout,indonesia,USDC
518,0.7802465123526237,111040766.72155178,320,S5_twin_shock_imf_bailout,indonesia,USDC
519,0.7888022832301747,108264747.55351299,320,S5_twin_shock_imf_bailout,indonesia,USDC
520,0.7915709340259596,105558128.86467516,320,S5_twin_shock_imf_bailout,indonesia,USDC
521,0.7836211854580846,102919175.6430583,320,S5_twin_shock_imf_bailout,indonesia,USDC
522,0.7812150618718244,100346196.25198185,320,S5_twin_shock_imf_bailout,indonesia,USDC
523,0.7724924638837251,97837541.3456823,320,S5_twin_shock_imf_bailout,indonesia,USDC
524,0.7710057494497908,95391602.81204024,320,S5_twin_shock_imf_bailout,indonesia,USDC
525,0.7660834755560895,93006812.74173923,320,S5_twin_shock_imf_bailout,indonesia,USDC
526,0.746119413953234,90681642.42319575,320,S5_twin_shock_imf_bailout,indonesia,USDC
527,0.7483551118696775,88414601.36261585,320,S5_twin_shock_imf_bailout,indonesia,USDC
528,0.7650658873559862,86204236.32855046,320,S5_twin_shock_imf_bailout,indonesia,USDC
529,0.7955226282805764,84049130.42033671,320,S5_twin_shock_imf_bailout,indonesia,USDC
530,0.7952821506837278,81947902.15982829,320,S5_twin_shock_imf_bailout,indonesia,USDC
531,0.8099262719458578,79899204.60583258,320,S5_twin_shock_imf_bailout,indonesia,USDC
532,0.8318929374651585,77901724.49068676,320,S5_twin_shock_imf_bailout,indonesia,USDC
533,0.8649404755872466,75954181.3784196,320,S5_twin_shock_imf_bailout,indonesia,USDC
534,0.8457458568858361,74055326.84395911,320,S5_twin_shock_imf_bailout,indonesia,USDC
535,0.8571563886020132,72203943.67286012,320,S5_twin_shock_imf_bailout,indonesia,USDC
536,0.843095682069947,70398845.08103862,320,S5_twin_shock_imf_bailout,indonesia,USDC
537,0.8673473143177739,68638873.95401265,320,S5_twin_shock_imf_bailout,indonesia,USDC
538,0.8412926664052784,66922902.10516234,320,S5_twin_shock_imf_bailout,indonesia,USDC
539,0.8086955272764988,65249829.552533284,320,S5_twin_shock_imf_bailout,indonesia,USDC
540,0.826378140117106,63618583.81371994,320,S5_twin_shock_imf_bailout,indonesia,USDC
541,0.8175081651619156,62028119.21837695,320,S5_twin_shock_imf_bailout,indonesia,USDC
542,0.810630404985318,60477416.23791753,320,S5_twin_shock_imf_bailout,indonesia,USDC
543,0.780607174681506,58965480.83196959,320,S5_twin_shock_imf_bailout,indonesia,USDC
544,0.8005674307271892,57491343.811170354,320,S5_twin_shock_imf_bailout,indonesia,USDC
545,0.7886480824420151,56054060.21589109,320,S5_twin_shock_imf_bailout,indonesia,USDC
546,0.7731107101422815,54652708.71049382,320,S5_twin_shock_imf_bailout,indonesia,USDC
547,0.7958508034513274,53286390.99273147,320,S5_twin_shock_imf_bailout,indonesia,USDC
548,0.78998332405145,51954231.21791318,320,S5_twin_shock_imf_bailout,indonesia,USDC
549,0.787658931909348,50655375.437465355,320,S5_twin_shock_imf_bailout,indonesia,USDC
550,0.8154754472578661,49388991.05152872,320,S5_twin_shock_imf_bailout,indonesia,USDC
551,0.7982827444363666,48154266.275240496,320,S5_twin_shock_imf_bailout,indonesia,USDC
552,0.820817446180241,46950409.618359484,320,S5_twin_shock_imf_bailout,indonesia,USDC
553,0.8067634869613677,45776649.3779005,320,S5_twin_shock_imf_bailout,indonesia,USDC
554,0.8109069928602864,44632233.14345299,320,S5_twin_shock_imf_bailout,indonesia,USDC
555,0.7931844215025864,43516427.31486666,320,S5_twin_shock_imf_bailout,indonesia,USDC
556,0.7807978494851002,42428516.63199499,320,S5_twin_shock_imf_bailout,indonesia,USDC
557,0.8084413929741007,41367803.71619512,320,S5_twin_shock_imf_bailout,indonesia,USDC
558,0.806588906928347,40333608.62329024,320,S5_twin_shock_imf_bailout,indonesia,USDC
559,0.813922453143707,39325268.40770799,320,S5_twin_shock_imf_bailout,indonesia,USDC
560,0.7904856842498644,38342136.69751529,320,S5_twin_shock_imf_bailout,indonesia,USDC
561,0.7629281997944185,37383583.280077405,320,S5_twin_shock_imf_bailout,indonesia,USDC
562,0.7694801493443894,36448993.69807547,320,S5_twin_shock_imf_bailout,indonesia,USDC
563,0.7591691562101599,35537768.85562359,320,S5_twin_shock_imf_bailout,indonesia,USDC
564,0.7533800122324649,34649324.63423299,320,S5_twin_shock_imf_bailout,indonesia,USDC
565,0.7645256351125146,33783091.51837717,320,S5_twin_shock_imf_bailout,indonesia,USDC
566,0.7667657514837578,32938514.230417743,320,S5_twin_shock_imf_bailout,indonesia,USDC
567,0.7718169084690384,32115051.3746573,320,S5_twin_shock_imf_bailout,indonesia,USDC
568,0.7651546600831547,31312175.090290867,320,S5_twin_shock_imf_bailout,indonesia,USDC
569,0.7702239778277281,30529370.713033598,320,S5_twin_shock_imf_bailout,indonesia,USDC
570,0.7905682528383909,29766136.44520776,320,S5_twin_shock_imf_bailout,indonesia,USDC
571,0.8129310194230207,29021983.034077566,320,S5_twin_shock_imf_bailout,indonesia,USDC
572,0.8174593106328673,28296433.458225626,320,S5_twin_shock_imf_bailout,indonesia,USDC
573,0.8216584892613075,27589022.621769987,320,S5_twin_shock_imf_bailout,indonesia,USDC
574,0.8290830960881062,26899297.05622574,320,S5_twin_shock_imf_bailout,indonesia,USDC
575,0.8123211330841467,26226814.629820094,320,S5_twin_shock_imf_bailout,indonesia,USDC
576,0.8158300488424511,25571144.264074594,320,S5_twin_shock_imf_bailout,indonesia,USDC
577,0.8181002456447548,24931865.657472726,320,S5_twin_shock_imf_bailout,indonesia,USDC
578,0.8043012611273493,24308569.016035907,320,S5_twin_shock_imf_bailout,indonesia,USDC
579,0.7952513277672052,23700854.790635012,320,S5_twin_shock_imf_bailout,indonesia,USDC
580,0.7759472693330494,23108333.420869134,320,S5_twin_shock_imf_bailout,indonesia,USDC
581,0.7935886995010615,22530625.08534741,320,S5_twin_shock_imf_bailout,indonesia,USDC
582,0.7955406359246375,21967359.458213724,320,S5_twin_shock_imf_bailout,indonesia,USDC
583,0.7835884213232244,21418175.47175838,320,S5_twin_shock_imf_bailout,indonesia,USDC
584,0.7869504792337556,20882721.08496442,320,S5_twin_shock_imf_bailout,indonesia,USDC
585,0.7744482315229294,20360653.05784031,320,S5_twin_shock_imf_bailout,indonesia,USDC
586,0.7592614981753842,19851636.731394302,320,S5_twin_shock_imf_bailout,indonesia,USDC
587,0.7757617649247748,19355345.813109446,320,S5_twin_shock_imf_bailout,indonesia,USDC
588,0.7721590696961917,18871462.16778171,320,S5_twin_shock_imf_bailout,indonesia,USDC
589,0.7540293128745253,18399675.613587167,320,S5_twin_shock_imf_bailout,indonesia,USDC
590,0.6945195171661892,17939683.723247487,320,S5_twin_shock_imf_bailout,indonesia,USDC
591,0.7231516747281149,17491191.6301663,320,S5_twin_shock_imf_bailout,indonesia,USDC
592,0.7531349430436036,17053911.839412145,320,S5_twin_shock_imf_bailout,indonesia,USDC
593,0.7616252781876822,16627564.043426838,320,S5_twin_shock_imf_bailout,indonesia,USDC
594,0.7565957469148381,16211874.94234117,320,S5_twin_shock_imf_bailout,indonesia,USDC
595,0.7503769590179724,15806578.068782639,320,S5_twin_shock_imf_bailout,indonesia,USDC
596,0.7360730160140191,15411413.617063072,320,S5_twin_shock_imf_bailout,indonesia,USDC
597,0.7299335091014708,15026128.276636496,320,S5_twin_shock_imf_bailout,indonesia,USDC
598,0.7341418169446102,14650475.069720583,320,S5_twin_shock_imf_bailout,indonesia,USDC
599,0.7444118107765999,14284213.192977568,320,S5_twin_shock_imf_bailout,indonesia,USDC
600,0.7351349161341896,13927107.86315313,320,S5_twin_shock_imf_bailout,indonesia,USDC
601,0.743629208846018,13578930.166574301,320,S5_twin_shock_imf_bailout,indonesia,USDC
602,0.7582997414462417,13239456.912409946,320,S5_twin_shock_imf_bailout,indonesia,USDC
603,0.7398418588255671,12908470.489599697,320,S5_twin_shock_imf_bailout,indonesia,USDC
604,0.7388236965066454,12585758.727359703,320,S5_twin_shock_imf_bailout,indonesia,USDC
605,0.7459944280797498,12271114.75917571,320,S5_twin_shock_imf_bailout,indonesia,USDC
606,0.7769405273375967,11964336.890196316,320,S5_twin_shock_imf_bailout,indonesia,USDC
607,0.8029404399389648,11665228.467941409,320,S5_twin_shock_imf_bailout,indonesia,USDC
608,0.8238693958343241,11373597.756242875,320,S5_twin_shock_imf_bailout,indonesia,USDC
609,0.8187450722626143,11089257.812336802,320,S5_twin_shock_imf_bailout,indonesia,USDC
610,0.8361514876294538,10812026.367028384,320,S5_twin_shock_imf_bailout,indonesia,USDC
611,0.8035350156567759,10541725.707852673,320,S5_twin_shock_imf_bailout,indonesia,USDC
612,0.8058882879013927,10278182.565156356,320,S5_twin_shock_imf_bailout,indonesia,USDC
613,0.7835064328808308,10021228.001027446,320,S5_twin_shock_imf_bailout,indonesia,USDC
614,0.7489878854123343,9770697.301001761,320,S5_twin_shock_imf_bailout,indonesia,USDC
615,0.7712268788267326,9526429.868476717,320,S5_twin_shock_imf_bailout,indonesia,USDC
616,0.7674812096154486,9288269.121764798,320,S5_twin_shock_imf_bailout,indonesia,USDC
617,0.7816687471797183,9056062.393720679,320,S5_twin_shock_imf_bailout,indonesia,USDC
618,0.7966031441635405,8829660.833877662,320,S5_twin_shock_imf_bailout,indonesia,USDC
619,0.7823146845481507,8608919.31303072,320,S5_twin_shock_imf_bailout,indonesia,USDC
620,0.8026895519377663,8393696.330204953,320,S5_twin_shock_imf_bailout,indonesia,USDC
621,0.8216677109002718,8183853.92194983,320,S5_twin_shock_imf_bailout,indonesia,USDC
622,0.806082269259316,7979257.573901083,320,S5_twin_shock_imf_bailout,indonesia,USDC
623,0.808082877041852,7779776.134553556,320,S5_twin_shock_imf_bailout,indonesia,USDC
624,0.787328652638615,7585281.731189718,320,S5_twin_shock_imf_bailout,indonesia,USDC
625,0.7973388210842117,7395649.687909975,320,S5_twin_shock_imf_bailout,indonesia,USDC
626,0.803180835554811,7210758.445712225,320,S5_twin_shock_imf_bailout,indonesia,USDC
627,0.7770428088844937,7030489.484569419,320,S5_twin_shock_imf_bailout,indonesia,USDC
628,0.7999628443513049,6854727.247455184,320,S5_twin_shock_imf_bailout,indonesia,USDC
629,0.8157088510500581,6683359.0662688045,320,S5_twin_shock_imf_bailout,indonesia,USDC
630,0.8226590478548912,6516275.0896120835,320,S5_twin_shock_imf_bailout,indonesia,USDC
631,0.8451762593420721,6353368.2123717815,320,S5_twin_shock_imf_bailout,indonesia,USDC
632,0.84110042011374,6194534.007062487,320,S5_twin_shock_imf_bailout,indonesia,USDC
633,0.825944441913402,6039670.656885926,320,S5_twin_shock_imf_bailout,indonesia,USDC
634,0.8166910690116327,5888678.890463778,320,S5_twin_shock_imf_bailout,indonesia,USDC
635,0.8048927435160517,5741461.918202183,320,S5_twin_shock_imf_bailout,indonesia,USDC
636,0.8065279805948675,5597925.3702471275,320,S5_twin_shock_imf_bailout,indonesia,USDC
637,0.8116644558508431,5457977.23599095,320,S5_twin_shock_imf_bailout,indonesia,USDC
638,0.811386841386676,5321527.805091176,320,S5_twin_shock_imf_bailout,indonesia,USDC
639,0.7935151820395803,5188489.609963897,320,S5_twin_shock_imf_bailout,indonesia,USDC
640,0.7882359531454938,5058777.369714798,320,S5_twin_shock_imf_bailout,indonesia,USDC
641,0.787003329941611,4932307.935471929,320,S5_twin_shock_imf_bailout,indonesia,USDC
642,0.8086366026517375,4809000.237085131,320,S5_twin_shock_imf_bailout,indonesia,USDC
643,0.810225485738666,4688775.231158002,320,S5_twin_shock_imf_bailout,indonesia,USDC
644,0.8092472888897712,4571555.850379052,320,S5_twin_shock_imf_bailout,indonesia,USDC
645,0.813786788740978,4457266.954119576,320,S5_twin_shock_imf_bailout,indonesia,USDC
646,0.802370795611953,4345835.280266587,320,S5_twin_shock_imf_bailout,indonesia,USDC
647,0.8039182464382795,4237189.398259922,320,S5_twin_shock_imf_bailout,indonesia,USDC
648,0.8159171676756255,4131259.6633034246,320,S5_twin_shock_imf_bailout,indonesia,USDC
649,0.7896295814161403,4027978.171720838,320,S5_twin_shock_imf_bailout,indonesia,USDC
650,0.8146568920087185,3927278.717427817,320,S5_twin_shock_imf_bailout,indonesia,USDC
651,0.8089558303039316,3829096.749492122,320,S5_twin_shock_imf_bailout,indonesia,USDC
652,0.8149747861500983,3733369.3307548184,320,S5_twin_shock_imf_bailout,indonesia,USDC
653,0.8260007300804838,3640035.0974859484,320,S5_twin_shock_imf_bailout,indonesia,USDC
654,0.8148007223027539,3549034.220048799,320,S5_twin_shock_imf_bailout,indonesia,USDC
655,0.804876464223316,3460308.3645475795,320,S5_twin_shock_imf_bailout,indonesia,USDC
656,0.8228143436166665,3373800.6554338904,320,S5_twin_shock_imf_bailout,indonesia,USDC
657,0.8080311198385273,3289455.6390480427,320,S5_twin_shock_imf_bailout,indonesia,USDC
658,0.7984434736354888,3207219.248071842,320,S5_twin_shock_imf_bailout,indonesia,USDC
659,0.8090329001737034,3127038.7668700456,320,S5_twin_shock_imf_bailout,indonesia,USDC
660,0.8178814610078348,3048862.7976982943,320,S5_twin_shock_imf_bailout,indonesia,USDC
661,0.8338739096190403,2972641.227755837,320,S5_twin_shock_imf_bailout,indonesia,USDC
662,0.8336781475102817,2898325.197061941,320,S5_twin_shock_imf_bailout,indonesia,USDC
663,0.794747761917315,2825867.0671353927,320,S5_twin_shock_imf_bailout,indonesia,USDC
664,0.8158562400033105,2755220.390457008,320,S5_twin_shock_imf_bailout,indonesia,USDC
665,0.7913994194710418,2686339.880695583,320,S5_twin_shock_imf_bailout,indonesia,USDC
666,0.7836563690129357,2619181.383678193,320,S5_twin_shock_imf_bailout,indonesia,USDC
667,0.7626078081556411,2553701.8490862385,320,S5_twin_shock_imf_bailout,indonesia,USDC
668,0.7565360712837408,2489859.302859083,320,S5_twin_shock_imf_bailout,indonesia,USDC
669,0.7399709503770022,2427612.8202876057,320,S5_twin_shock_imf_bailout,indonesia,USDC
670,0.7534212125195987,2366922.4997804156,320,S5_twin_shock_imf_bailout,indonesia,USDC
671,0.7415033851092921,2307749.437285905,320,S5_twin_shock_imf_bailout,indonesia,USDC
672,0.7437746939416001,2250055.7013537576,320,S5_twin_shock_imf_bailout,indonesia,USDC
673,0.7670080948602659,2193804.308819914,320,S5_twin_shock_imf_bailout,indonesia,USDC
674,0.7603398925514273,2138959.201099416,320,S5_twin_shock_imf_bailout,indonesia,USDC
675,0.7621681203422676,2085485.2210719301,320,S5_twin_shock_imf_bailout,indonesia,USDC
676,0.7785680311976859,2033348.0905451318,320,S5_twin_shock_imf_bailout,indonesia,USDC
677,0.8157137938886777,1982514.3882815037,320,S5_twin_shock_imf_bailout,indonesia,USDC
678,0.7832386734841625,1932951.5285744662,320,S5_twin_shock_imf_bailout,indonesia,USDC
679,0.7679487321749725,1884627.7403601047,320,S5_twin_shock_imf_bailout,indonesia,USDC
680,0.7694649662147014,1837512.0468511023,320,S5_twin_shock_imf_bailout,indonesia,USDC
681,0.7771983814881235,1791574.2456798244,320,S5_twin_shock_imf_bailout,indonesia,USDC
682,0.7786610465709747,1746784.8895378287,320,S5_twin_shock_imf_bailout,indonesia,USDC
683,0.7331288577297845,1703115.267299383,320,S5_twin_shock_imf_bailout,indonesia,USDC
684,0.7310990915550736,1660537.3856168983,320,S5_twin_shock_imf_bailout,indonesia,USDC
685,0.7237642926745402,1619023.950976476,320,S5_twin_shock_imf_bailout,indonesia,USDC
686,0.7335206422850671,1578548.3522020641,320,S5_twin_shock_imf_bailout,indonesia,USDC
687,0.7280299017867117,1539084.6433970125,320,S5_twin_shock_imf_bailout,indonesia,USDC
688,0.7589862898469694,1500607.5273120874,320,S5_twin_shock_imf_bailout,indonesia,USDC
689,0.7492751115401826,1463092.339129285,320,S5_twin_shock_imf_bailout,indonesia,USDC
690,0.7727295669519517,1426515.030651053,320,S5_twin_shock_imf_bailout,indonesia,USDC
691,0.7664393070461353,1390852.1548847766,320,S5_twin_shock_imf_bailout,indonesia,USDC
692,0.7677444168000727,1356080.8510126572,320,S5_twin_shock_imf_bailout,indonesia,USDC
693,0.7668901316244018,1322178.8297373408,320,S5_twin_shock_imf_bailout,indonesia,USDC
694,0.7853823013727292,1289124.3589939072,320,S5_twin_shock_imf_bailout,indonesia,USDC
695,0.7911697577010054,1256896.2500190595,320,S5_twin_shock_imf_bailout,indonesia,USDC
696,0.7915153991108832,1225473.8437685831,320,S5_twin_shock_imf_bailout,indonesia,USDC
697,0.7948711433037526,1194836.9976743683,320,S5_twin_shock_imf_bailout,indonesia,USDC
698,0.7073536176311959,1164966.0727325093,320,S5_twin_shock_imf_bailout,indonesia,USDC
699,0.7056282096734147,1135841.9209141964,320,S5_twin_shock_imf_bailout,indonesia,USDC
700,0.6950837067149448,1107445.8728913416,320,S5_twin_shock_imf_bailout,indonesia,USDC
701,0.7202148416147027,1079759.7260690583,320,S5_twin_shock_imf_bailout,indonesia,USDC
702,0.7216071283955693,1052765.7329173316,320,S5_twin_shock_imf_bailout,indonesia,USDC
703,0.724440330014285,1026446.5895943984,320,S5_twin_shock_imf_bailout,indonesia,USDC
704,0.714085406073966,1000785.4248545384,320,S5_twin_shock_imf_bailout,indonesia,USDC
705,0.7518050514769823,975765.7892331749,320,S5_twin_shock_imf_bailout,indonesia,USDC
706,0.7293881385046175,951371.6445023455,320,S5_twin_shock_imf_bailout,indonesia,USDC
707,0.7405601670528129,927587.3533897868,320,S5_twin_shock_imf_bailout,indonesia,USDC
708,0.7393168057880984,904397.6695550422,320,S5_twin_shock_imf_bailout,indonesia,USDC
709,0.7557611753573025,881787.7278161661,320,S5_twin_shock_imf_bailout,indonesia,USDC
710,0.7631189123796129,859743.0346207621,320,S5_twin_shock_imf_bailout,indonesia,USDC
711,0.7647948260036321,838249.458755243,320,S5_twin_shock_imf_bailout,indonesia,USDC
712,0.7777770170160204,817293.222286362,320,S5_twin_shock_imf_bailout,indonesia,USDC
713,0.77211496349374,796860.8917292028,320,S5_twin_shock_imf_bailout,indonesia,USDC
714,0.7739111518837523,776939.3694359728,320,S5_twin_shock_imf_bailout,indonesia,USDC
715,0.7888794452461297,757515.8852000735,320,S5_twin_shock_imf_bailout,indonesia,USDC
716,0.7663938409732135,738577.9880700717,320,S5_twin_shock_imf_bailout,indonesia,USDC
717,0.7693255753239175,720113.5383683199,320,S5_twin_shock_imf_bailout,indonesia,USDC
718,0.7975090941138779,702110.699909112,320,S5_twin_shock_imf_bailout,indonesia,USDC
719,0.805450728905056,684557.9324113841,320,S5_twin_shock_imf_bailout,indonesia,USDC
720,0.8113499675907386,667443.9841010994,320,S5_twin_shock_imf_bailout,indonesia,USDC
721,0.8471499271249507,650757.884498572,320,S5_twin_shock_imf_bailout,indonesia,USDC
722,0.8598643019941452,634488.9373861076,320,S5_twin_shock_imf_bailout,indonesia,USDC
723,0.8443580651436589,618626.713951455,320,S5_twin_shock_imf_bailout,indonesia,USDC
724,0.820161211879961,603161.0461026686,320,S5_twin_shock_imf_bailout,indonesia,USDC
725,0.8479800583153198,588082.0199501019,320,S5_twin_shock_imf_bailout,indonesia,USDC
726,0.8407691042464852,573379.9694513493,320,S5_twin_shock_imf_bailout,indonesia,USDC
727,0.83623942902777,559045.4702150656,320,S5_twin_shock_imf_bailout,indonesia,USDC
728,0.8285722224236239,545069.3334596889,320,S5_twin_shock_imf_bailout,indonesia,USDC
729,0.8332929752783803,531442.6001231967,320,S5_twin_shock_imf_bailout,indonesia,USDC
730,0.8269389459852963,518156.5351201168,320,S5_twin_shock_imf_bailout,indonesia,USDC
731,0.831293116965355,505202.6217421139,320,S5_twin_shock_imf_bailout,indonesia,USDC
732,0.8298278794964009,492572.556198561,320,S5_twin_shock_imf_bailout,indonesia,USDC
733,0.8289663054288234,480258.242293597,320,S5_twin_shock_imf_bailout,indonesia,USDC
734,0.8289372751237577,468251.78623625706,320,S5_twin_shock_imf_bailout,indonesia,USDC
735,0.8156373046449475,456545.4915803506,320,S5_twin_shock_imf_bailout,indonesia,USDC
736,0.8009663796121006,445131.85429084185,320,S5_twin_shock_imf_bailout,indonesia,USDC
737,0.8354967315463242,434003.5579335708,320,S5_twin_shock_imf_bailout,indonesia,USDC
738,0.8207895087729388,423153.4689852315,320,S5_twin_shock_imf_bailout,indonesia,USDC
739,0.8225394247108859,412574.6322606008,320,S5_twin_shock_imf_bailout,indonesia,USDC
740,0.7969468240936639,402260.2664540857,320,S5_twin_shock_imf_bailout,indonesia,USDC
741,0.815548348018559,392203.7597927336,320,S5_twin_shock_imf_bailout,indonesia,USDC
742,0.80627264496864,382398.66579791525,320,S5_twin_shock_imf_bailout,indonesia,USDC
743,0.8077182199566244,372838.69915296737,320,S5_twin_shock_imf_bailout,indonesia,USDC
744,0.7859967828483011,363517.7316741432,320,S5_twin_shock_imf_bailout,indonesia,USDC
745,0.7944354941309778,354429.7883822896,320,S5_twin_shock_imf_bailout,indonesia,USDC
746,0.7890631875831144,345569.0436727323,320,S5_twin_shock_imf_bailout,indonesia,USDC
747,0.7819074593410793,336929.817580914,320,S5_twin_shock_imf_bailout,indonesia,USDC
748,0.7828180132642603,328506.5721413912,320,S5_twin_shock_imf_bailout,indonesia,USDC
749,0.7570265081192362,320293.90783785644,320,S5_twin_shock_imf_bailout,indonesia,USDC
750,0.7813960794911904,312286.56014191,320,S5_twin_shock_imf_bailout,indonesia,USDC
751,0.7688736449657594,304479.39613836224,320,S5_twin_shock_imf_bailout,indonesia,USDC
752,0.7806671478876023,296867.41123490315,320,S5_twin_shock_imf_bailout,indonesia,USDC
753,0.7943170076787405,289445.7259540306,320,S5_twin_shock_imf_bailout,indonesia,USDC
754,0.7866980274865063,282209.5828051798,320,S5_twin_shock_imf_bailout,indonesia,USDC
755,0.7713761502977813,275154.3432350503,320,S5_twin_shock_imf_bailout,indonesia,USDC
756,0.7781323228912413,268275.48465417407,320,S5_twin_shock_imf_bailout,indonesia,USDC
757,0.7800766705001146,261568.5975378197,320,S5_twin_shock_imf_bailout,indonesia,USDC
758,0.7670709073515702,255029.38259937422,320,S5_twin_shock_imf_bailout,indonesia,USDC
759,0.7685309992042642,248653.64803438986,320,S5_twin_shock_imf_bailout,indonesia,USDC
760,0.766631319948036,242437.30683353008,320,S5_twin_shock_imf_bailout,indonesia,USDC
761,0.7715352579810005,236376.37416269188,320,S5_twin_shock_imf_bailout,indonesia,USDC
762,0.7392166587585361,230466.9648086246,320,S5_twin_shock_imf_bailout,indonesia,USDC
763,0.7480094971519989,224705.29068840895,320,S5_twin_shock_imf_bailout,indonesia,USDC
764,0.768910259114451,219087.65842119872,320,S5_twin_shock_imf_bailout,indonesia,USDC
765,0.7779198225253533,213610.46696066874,320,S5_twin_shock_imf_bailout,indonesia,USDC
766,0.7895688981657186,208270.20528665205,320,S5_twin_shock_imf_bailout,indonesia,USDC
767,0.776795096996774,203063.45015448576,320,S5_twin_shock_imf_bailout,indonesia,USDC
768,0.7717281446791137,197986.86390062363,320,S5_twin_shock_imf_bailout,indonesia,USDC
769,0.7694784589701491,193037.19230310805,320,S5_twin_shock_imf_bailout,indonesia,USDC
770,0.766712663767629,188211.2624955303,320,S5_twin_shock_imf_bailout,indonesia,USDC
771,0.7641721616505563,183505.98093314207,320,S5_twin_shock_imf_bailout,indonesia,USDC
772,0.7555435153170095,178918.33140981352,320,S5_twin_shock_imf_bailout,indonesia,USDC
773,0.7508262160160698,174445.3731245682,320,S5_twin_shock_imf_bailout,indonesia,USDC
774,0.7764673319923837,170084.23879645398,320,S5_twin_shock_imf_bailout,indonesia,USDC
775,0.782341406323322,165832.1328265426,320,S5_twin_shock_imf_bailout,indonesia,USDC
776,0.7897769966726579,161686.32950587905,320,S5_twin_shock_imf_bailout,indonesia,USDC
777,0.802409350866143,157644.17126823208,320,S5_twin_shock_imf_bailout,indonesia,USDC
778,0.8166636975076311,153703.06698652628,320,S5_twin_shock_imf_bailout,indonesia,USDC
779,0.8244541979433967,149860.49031186313,320,S5_twin_shock_imf_bailout,indonesia,USDC
780,0.8141239372264293,146113.97805406654,320,S5_twin_shock_imf_bailout,indonesia,USDC
781,0.8013730682396116,142461.12860271486,320,S5_twin_shock_imf_bailout,indonesia,USDC
782,0.8120591517040717,138899.600387647,320,S5_twin_shock_imf_bailout,indonesia,USDC
783,0.7856549142659575,135427.11037795583,320,S5_twin_shock_imf_bailout,indonesia,USDC
784,0.779395142443626,132041.43261850692,320,S5_twin_shock_imf_bailout,indonesia,USDC
785,0.7804298017382991,128740.39680304425,320,S5_twin_shock_imf_bailout,indonesia,USDC
786,0.8024561503502075,125521.88688296815,320,S5_twin_shock_imf_bailout,indonesia,USDC
787,0.7896164892783645,122383.83971089392,320,S5_twin_shock_imf_bailout,indonesia,USDC
788,0.7903146730620284,119324.24371812158,320,S5_twin_shock_imf_bailout,indonesia,USDC
789,0.787755782229543,116341.13762516856,320,S5_twin_shock_imf_bailout,indonesia,USDC
790,0.788047257283965,113432.60918453934,320,S5_twin_shock_imf_bailout,indonesia,USDC
791,0.8110266808886448,110596.79395492584,320,S5_twin_shock_imf_bailout,indonesia,USDC
792,0.818391124392513,107831.8741060527,320,S5_twin_shock_imf_bailout,indonesia,USDC
793,0.822247042361539,105136.07725340138,320,S5_twin_shock_imf_bailout,indonesia,USDC
794,0.8247115815007979,102507.67532206634,320,S5_twin_shock_imf_bailout,indonesia,USDC
795,0.8122494817136793,99944.98343901469,320,S5_twin_shock_imf_bailout,indonesia,USDC
796,0.8044464847830022,97446.35885303932,320,S5_twin_shock_imf_bailout,indonesia,USDC
797,0.7741550199560769,95010.19988171333,320,S5_twin_shock_imf_bailout,indonesia,USDC
798,0.7988570521955982,92634.9448846705,320,S5_twin_shock_imf_bailout,indonesia,USDC
799,0.7898743038133945,90319.07126255374,320,S5_twin_shock_imf_bailout,indonesia,USDC
800,0.7873675493832698,88061.0944809899,320,S5_twin_shock_imf_bailout,indonesia,USDC
801,0.7847094111241336,85859.56711896515,320,S5_twin_shock_imf_bailout,indonesia,USDC
802,0.7946987226915191,83713.07794099102,320,S5_twin_shock_imf_bailout,indonesia,USDC
803,0.7998491559620591,81620.25099246624,320,S5_twin_shock_imf_bailout,indonesia,USDC
804,0.8218581204564761,79579.74471765458,320,S5_twin_shock_imf_bailout,indonesia,USDC
805,0.8124967022459445,77590.25109971323,320,S5_twin_shock_imf_bailout,indonesia,USDC
806,0.8014010456963332,75650.49482222038,320,S5_twin_shock_imf_bailout,indonesia,USDC
807,0.768963646746983,73759.23245166488,320,S5_twin_shock_imf_bailout,indonesia,USDC
808,0.7872182792436441,71915.25164037326,320,S5_twin_shock_imf_bailout,indonesia,USDC
809,0.7768408858240909,70117.37034936393,320,S5_twin_shock_imf_bailout,indonesia,USDC
810,0.7790895527694686,68364.43609062984,320,S5_twin_shock_imf_bailout,indonesia,USDC
811,0.7673697362003524,66655.32518836408,320,S5_twin_shock_imf_bailout,indonesia,USDC
812,0.7696298772045237,64988.94205865498,320,S5_twin_shock_imf_bailout,indonesia,USDC
813,0.7790834145025078,63364.2185071886,320,S5_twin_shock_imf_bailout,indonesia,USDC
814,0.7785278488234981,61780.11304450888,320,S5_twin_shock_imf_bailout,indonesia,USDC
815,0.7749368838657261,60235.61021839616,320,S5_twin_shock_imf_bailout,indonesia,USDC
816,0.7813730868696016,58729.71996293626,320,S5_twin_shock_imf_bailout,indonesia,USDC
817,0.7681732484386558,57261.47696386285,320,S5_twin_shock_imf_bailout,indonesia,USDC
818,0.7949696311071697,55829.94003976628,320,S5_twin_shock_imf_bailout,indonesia,USDC
819,0.8036858732967875,54434.191538772124,320,S5_twin_shock_imf_bailout,indonesia,USDC
820,0.7881946473662549,53073.33675030282,320,S5_twin_shock_imf_bailout,indonesia,USDC
821,0.792179728712628,51746.503331545246,320,S5_twin_shock_imf_bailout,indonesia,USDC
822,0.7827999465632837,50452.84074825662,320,S5_twin_shock_imf_bailout,indonesia,USDC
823,0.7971326277527768,49191.5197295502,320,S5_twin_shock_imf_bailout,indonesia,USDC
824,0.7861925185047144,47961.73173631145,320,S5_twin_shock_imf_bailout,indonesia,USDC
825,0.8174624176500919,46762.68844290366,320,S5_twin_shock_imf_bailout,indonesia,USDC
826,0.8116029272727904,45593.62123183107,320,S5_twin_shock_imf_bailout,indonesia,USDC
827,0.8093816584088718,44453.7807010353,320,S5_twin_shock_imf_bailout,indonesia,USDC
828,0.790226552526822,43342.43618350941,320,S5_twin_shock_imf_bailout,indonesia,USDC
829,0.7719678051542763,42258.875278921674,320,S5_twin_shock_imf_bailout,indonesia,USDC
830,0.764496479859543,41202.40339694863,320,S5_twin_shock_imf_bailout,indonesia,USDC
831,0.7495967736080235,40172.34331202492,320,S5_twin_shock_imf_bailout,indonesia,USDC
832,0.7513253069992699,39168.034729224295,320,S5_twin_shock_imf_bailout,indonesia,USDC
833,0.7685341193823784,38188.83386099369,320,S5_twin_shock_imf_bailout,indonesia,USDC
834,0.7890287454499111,37234.11301446884,320,S5_twin_shock_imf_bailout,indonesia,USDC
835,0.8193992400953511,36303.260189107124,320,S5_twin_shock_imf_bailout,indonesia,USDC
836,0.8227590728536995,35395.67868437945,320,S5_twin_shock_imf_bailout,indonesia,USDC
837,0.8109260571006521,34510.786717269955,320,S5_twin_shock_imf_bailout,indonesia,USDC
838,0.8361545834032926,33648.01704933821,320,S5_twin_shock_imf_bailout,indonesia,USDC
839,0.8179112661412828,32806.81662310475,320,S5_twin_shock_imf_bailout,indonesia,USDC
840,0.8096959681328686,31986.646207527134,320,S5_twin_shock_imf_bailout,indonesia,USDC
841,0.7915213478246577,31186.980052338957,320,S5_twin_shock_imf_bailout,indonesia,USDC
842,0.7858034245187133,30407.305551030484,320,S5_twin_shock_imf_bailout,indonesia,USDC
843,0.7948688355829557,29647.122912254723,320,S5_twin_shock_imf_bailout,indonesia,USDC
844,0.7933468505704739,28905.944839448355,320,S5_twin_shock_imf_bailout,indonesia,USDC
845,0.7913987875498908,28183.29621846215,320,S5_twin_shock_imf_bailout,indonesia,USDC
846,0.7929334288262609,27478.7138130006,320,S5_twin_shock_imf_bailout,indonesia,USDC
847,0.7820867884721687,26791.745967675583,320,S5_twin_shock_imf_bailout,indonesia,USDC
848,0.7818691401819144,26121.952318483694,320,S5_twin_shock_imf_bailout,indonesia,USDC
849,0.7821423390537616,25468.903510521603,320,S5_twin_shock_imf_bailout,indonesia,USDC
850,0.7753155642788406,24832.18092275856,320,S5_twin_shock_imf_bailout,indonesia,USDC
851,0.7906596540758865,24211.376399689598,320,S5_twin_shock_imf_bailout,indonesia,USDC
852,0.807770241921011,23606.091989697357,320,S5_twin_shock_imf_bailout,indonesia,USDC
853,0.8006183543772376,23015.939689954925,320,S5_twin_shock_imf_bailout,indonesia,USDC
854,0.7876848261492172,22440.54119770605,320,S5_twin_shock_imf_bailout,indonesia,USDC
855,0.7687587684114618,21879.5276677634,320,S5_twin_shock_imf_bailout,indonesia,USDC
856,0.7128535494153664,21332.539476069313,320,S5_twin_shock_imf_bailout,indonesia,USDC
857,0.7304335148137842,20799.22598916758,320,S5_twin_shock_imf_bailout,indonesia,USDC
858,0.7354005852632938,20279.24533943839,320,S5_twin_shock_imf_bailout,indonesia,USDC
859,0.7707229944686569,19772.26420595243,320,S5_twin_shock_imf_bailout,indonesia,USDC
860,0.7677637243776235,19277.957600803624,320,S5_twin_shock_imf_bailout,indonesia,USDC
861,0.7762438492702898,18796.008660783533,320,S5_twin_shock_imf_bailout,indonesia,USDC
862,0.7776779987415782,18326.108444263944,320,S5_twin_shock_imf_bailout,indonesia,USDC
863,0.7895989403383638,17867.955733157345,320,S5_twin_shock_imf_bailout,indonesia,USDC
864,0.7918572934737694,17421.25683982841,320,S5_twin_shock_imf_bailout,indonesia,USDC
865,0.8250288313260834,16985.7254188327,320,S5_twin_shock_imf_bailout,indonesia,USDC
866,0.8156609720724642,16561.08228336188,320,S5_twin_shock_imf_bailout,indonesia,USDC
867,0.8136031834024204,16147.055226277835,320,S5_twin_shock_imf_bailout,indonesia,USDC
868,0.8164842266253457,15743.378845620891,320,S5_twin_shock_imf_bailout,indonesia,USDC
869,0.7853519399204146,15349.79437448037,320,S5_twin_shock_imf_bailout,indonesia,USDC
870,0.8019445111148034,14966.04951511836,320,S5_twin_shock_imf_bailout,indonesia,USDC
871,0.8223358320325344,14591.8982772404,320,S5_twin_shock_imf_bailout,indonesia,USDC
872,0.8157190140831352,14227.100820309392,320,S5_twin_shock_imf_bailout,indonesia,USDC
873,0.8206877579983448,13871.423299801656,320,S5_twin_shock_imf_bailout,indonesia,USDC
874,0.7945500407472554,13524.637717306614,320,S5_twin_shock_imf_bailout,indonesia,USDC
875,0.780441549538531,13186.521774373949,320,S5_twin_shock_imf_bailout,indonesia,USDC
876,0.7815358174210367,12856.858730014601,320,S5_twin_shock_imf_bailout,indonesia,USDC
877,0.7577492976290684,12535.437261764237,320,S5_twin_shock_imf_bailout,indonesia,USDC
878,0.7541955766900477,12222.05133022013,320,S5_twin_shock_imf_bailout,indonesia,USDC
879,0.7531396495481478,11916.500046964627,320,S5_twin_shock_imf_bailout,indonesia,USDC
880,0.7662964387675681,11618.587545790511,320,S5_twin_shock_imf_bailout,indonesia,USDC
881,0.7665956525165258,11328.122857145749,320,S5_twin_shock_imf_bailout,indonesia,USDC
882,0.7811418433181095,11044.919785717106,320,S5_twin_shock_imf_bailout,indonesia,USDC
883,0.7865315199594749,10768.796791074177,320,S5_twin_shock_imf_bailout,indonesia,USDC
884,0.7916397533251683,10499.576871297322,320,S5_twin_shock_imf_bailout,indonesia,USDC
885,0.7744070688659311,10237.08744951489,320,S5_twin_shock_imf_bailout,indonesia,USDC
886,0.7825915014753659,9981.160263277017,320,S5_twin_shock_imf_bailout,indonesia,USDC
887,0.7826460785103718,9731.631256695091,320,S5_twin_shock_imf_bailout,indonesia,USDC
888,0.8009961920306397,9488.340475277713,320,S5_twin_shock_imf_bailout,indonesia,USDC
889,0.8339621035526925,9251.131963395772,320,S5_twin_shock_imf_bailout,indonesia,USDC
890,0.8214939992636161,9019.853664310876,320,S5_twin_shock_imf_bailout,indonesia,USDC
891,0.7867060443612599,8794.357322703105,320,S5_twin_shock_imf_bailout,indonesia,USDC
892,0.795202794811584,8574.498389635526,320,S5_twin_shock_imf_bailout,indonesia,USDC
893,0.7776527710385929,8360.135929894639,320,S5_twin_shock_imf_bailout,indonesia,USDC
894,0.774100383225687,8151.132531647272,320,S5_twin_shock_imf_bailout,indonesia,USDC
895,0.7729082657139233,7947.354218356091,320,S5_twin_shock_imf_bailout,indonesia,USDC
896,0.7627421236466934,7748.670362897188,320,S5_twin_shock_imf_bailout,indonesia,USDC
897,0.7611454134085037,7554.95360382476,320,S5_twin_shock_imf_bailout,indonesia,USDC
898,0.7527460562238223,7366.07976372914,320,S5_twin_shock_imf_bailout,indonesia,USDC
899,0.7570038704336408,7181.927769635911,320,S5_twin_shock_imf_bailout,indonesia,USDC
900,0.7551474350429345,7002.379575395014,320,S5_twin_shock_imf_bailout,indonesia,USDC
901,0.7721935151340508,6827.320086010139,320,S5_twin_shock_imf_bailout,indonesia,USDC
902,0.7845981694090607,6656.637083859885,320,S5_twin_shock_imf_bailout,indonesia,USDC
903,0.7882295012122642,6490.221156763388,320,S5_twin_shock_imf_bailout,indonesia,USDC
904,0.7708918080031734,6327.9656278443035,320,S5_twin_shock_imf_bailout,indonesia,USDC
905,0.7709020459420618,6169.766487148196,320,S5_twin_shock_imf_bailout,indonesia,USDC
906,0.7744155196974103,6015.522324969491,320,S5_twin_shock_imf_bailout,indonesia,USDC
907,0.800072960829073,5865.1342668452535,320,S5_twin_shock_imf_bailout,indonesia,USDC
908,0.8494798545243215,5718.505910174123,320,S5_twin_shock_imf_bailout,indonesia,USDC
909,0.8514410204862402,5575.543262419769,320,S5_twin_shock_imf_bailout,indonesia,USDC
910,0.8220964550079382,5436.154680859276,320,S5_twin_shock_imf_bailout,indonesia,USDC
911,0.8258819268180566,5300.250813837793,320,S5_twin_shock_imf_bailout,indonesia,USDC
912,0.8200216389634889,5167.744543491849,320,S5_twin_shock_imf_bailout,indonesia,USDC
913,0.8249832372905664,5038.5509299045525,320,S5_twin_shock_imf_bailout,indonesia,USDC
914,0.797487433456075,4912.5871566569385,320,S5_twin_shock_imf_bailout,indonesia,USDC
915,0.8038776121738666,4789.772477740515,320,S5_twin_shock_imf_bailout,indonesia,USDC
916,0.7916289681412311,4670.028165797003,320,S5_twin_shock_imf_bailout,indonesia,USDC
917,0.7970709208551207,4553.277461652076,320,S5_twin_shock_imf_bailout,indonesia,USDC
918,0.8207063762030863,4439.445525110776,320,S5_twin_shock_imf_bailout,indonesia,USDC
919,0.8022090122076603,4328.459386983006,320,S5_twin_shock_imf_bailout,indonesia,USDC
920,0.7803130463989247,4220.247902308431,320,S5_twin_shock_imf_bailout,indonesia,USDC
921,0.7939585438554323,4114.74170475072,320,S5_twin_shock_imf_bailout,indonesia,USDC
922,0.7965123790204525,4011.873162131952,320,S5_twin_shock_imf_bailout,indonesia,USDC
923,0.8011381416764569,3911.576333078653,320,S5_twin_shock_imf_bailout,indonesia,USDC
924,0.8379861721580929,3813.7869247516865,320,S5_twin_shock_imf_bailout,indonesia,USDC
925,0.8374018675842373,3718.442251632894,320,S5_twin_shock_imf_bailout,indonesia,USDC
926,0.8347422028347827,3625.481195342072,320,S5_twin_shock_imf_bailout,indonesia,USDC
927,0.8663873577330654,3534.8441654585204,320,S5_twin_shock_imf_bailout,indonesia,USDC
928,0.8660610456338383,3446.473061322057,320,S5_twin_shock_imf_bailout,indonesia,USDC
929,0.8131601193625368,3360.3112347890055,320,S5_twin_shock_imf_bailout,indonesia,USDC
930,0.8194694446493008,3276.3034539192804,320,S5_twin_shock_imf_bailout,indonesia,USDC
931,0.8229165355082892,3194.3958675712984,320,S5_twin_shock_imf_bailout,indonesia,USDC
932,0.8315283012354107,3114.535970882016,320,S5_twin_shock_imf_bailout,indonesia,USDC
933,0.8356185050649754,3036.672571609966,320,S5_twin_shock_imf_bailout,indonesia,USDC
934,0.8153102397254398,2960.7557573197164,320,S5_twin_shock_imf_bailout,indonesia,USDC
935,0.7955802703763801,2886.7368633867236,320,S5_twin_shock_imf_bailout,indonesia,USDC
936,0.7829968331337593,2814.5684418020555,320,S5_twin_shock_imf_bailout,indonesia,USDC
937,0.7935788832737962,2744.204230757004,320,S5_twin_shock_imf_bailout,indonesia,USDC
938,0.8347686424280503,2675.599124988079,320,S5_twin_shock_imf_bailout,indonesia,USDC
939,0.8550558642304352,2608.709146863377,320,S5_twin_shock_imf_bailout,indonesia,USDC
940,0.8384837422010298,2543.4914181917925,320,S5_twin_shock_imf_bailout,indonesia,USDC
941,0.8484304083066517,2479.904132736998,320,S5_twin_shock_imf_bailout,indonesia,USDC
942,0.8417885452308194,2417.906529418573,320,S5_twin_shock_imf_bailout,indonesia,USDC
943,0.8077618400835429,2357.4588661831085,320,S5_twin_shock_imf_bailout,indonesia,USDC
944,0.782008556607602,2298.5223945285306,320,S5_twin_shock_imf_bailout,indonesia,USDC
945,0.7895911176128688,2241.0593346653172,320,S5_twin_shock_imf_bailout,indonesia,USDC
946,0.797124071511616,2185.0328512986844,320,S5_twin_shock_imf_bailout,indonesia,USDC
947,0.7935718262232591,2130.4070300162175,320,S5_twin_shock_imf_bailout,indonesia,USDC
948,0.7792724521329384,2077.1468542658117,320,S5_twin_shock_imf_bailout,indonesia,USDC
949,0.7579872260076385,2025.2181829091664,320,S5_twin_shock_imf_bailout,indonesia,USDC
950,0.7796927126172051,1974.5877283364375,320,S5_twin_shock_imf_bailout,indonesia,USDC
951,0.7899616048584756,1925.2230351280264,320,S5_twin_shock_imf_bailout,indonesia,USDC
952,0.8300602514462353,1877.0924592498259,320,S5_twin_shock_imf_bailout,indonesia,USDC
953,0.8433774099973826,1830.16514776858,320,S5_twin_shock_imf_bailout,indonesia,USDC
954,0.8208246824222996,1784.4110190743654,320,S5_twin_shock_imf_bailout,indonesia,USDC
955,0.7875428385041202,1739.8007435975062,320,S5_twin_shock_imf_bailout,indonesia,USDC
956,0.8102857686283222,1696.3057250075688,320,S5_twin_shock_imf_bailout,indonesia,USDC
957,0.8284744519398155,1653.8980818823795,320,S5_twin_shock_imf_bailout,indonesia,USDC
958,0.8101684216988921,1612.55062983532,320,S5_twin_shock_imf_bailout,indonesia,USDC
959,0.8235726231074497,1572.2368640894372,320,S5_twin_shock_imf_bailout,indonesia,USDC
960,0.8163134330804335,1532.9309424872013,320,S5_twin_shock_imf_bailout,indonesia,USDC
961,0.8418667045559077,1494.6076689250212,320,S5_twin_shock_imf_bailout,indonesia,USDC
962,0.8147572127080274,1457.2424772018958,320,S5_twin_shock_imf_bailout,indonesia,USDC
963,0.821467536332006,1420.8114152718483,320,S5_twin_shock_imf_bailout,indonesia,USDC
964,0.8105436256070607,1385.291129890052,320,S5_twin_shock_imf_bailout,indonesia,USDC
965,0.808807905391422,1350.6588516428008,320,S5_twin_shock_imf_bailout,indonesia,USDC
966,0.7017638740827578,1316.8923803517307,320,S5_twin_shock_imf_bailout,indonesia,USDC
967,0.7100707426410173,1283.9700708429375,320,S5_twin_shock_imf_bailout,indonesia,USDC
968,0.7343378628276095,1251.870819071864,320,S5_twin_shock_imf_bailout,indonesia,USDC
969,0.736462276772213,1220.5740485950673,320,S5_twin_shock_imf_bailout,indonesia,USDC
970,0.7748800922595261,1190.0596973801908,320,S5_twin_shock_imf_bailout,indonesia,USDC
971,0.7991002317215188,1160.3082049456862,320,S5_twin_shock_imf_bailout,indonesia,USDC
972,0.8161386909221037,1131.300499822044,320,S5_twin_shock_imf_bailout,indonesia,USDC
973,0.8173408980016529,1103.0179873264929,320,S5_twin_shock_imf_bailout,indonesia,USDC
974,0.8259660884090274,1075.4425376433305,320,S5_twin_shock_imf_bailout,indonesia,USDC
975,0.8163137940685575,1048.5564742022473,320,S5_twin_shock_imf_bailout,indonesia,USDC
976,0.7995556033850284,1022.342562347191,320,S5_twin_shock_imf_bailout,indonesia,USDC
977,0.7734767068782403,996.7839982885114,320,S5_twin_shock_imf_bailout,indonesia,USDC
978,0.7711765295939509,971.8643983312985,320,S5_twin_shock_imf_bailout,indonesia,USDC
979,0.7651244779834422,947.567788373016,320,S5_twin_shock_imf_bailout,indonesia,USDC
980,0.7822574075422486,923.8785936636907,320,S5_twin_shock_imf_bailout,indonesia,USDC
981,0.7947702562657594,900.7816288220984,320,S5_twin_shock_imf_bailout,indonesia,USDC
982,0.824388284964434,878.2620881015459,320,S5_twin_shock_imf_bailout,indonesia,USDC
983,0.8227259547769492,856.3055358990072,320,S5_twin_shock_imf_bailout,indonesia,USDC
984,0.809090260336476,834.897897501532,320,S5_twin_shock_imf_bailout,indonesia,USDC
985,0.819040003780198,814.0254500639937,320,S5_twin_shock_imf_bailout,indonesia,USDC
986,0.823775266804305,793.674813812394,320,S5_twin_shock_imf_bailout,indonesia,USDC
987,0.8110211873886565,773.8329434670841,320,S5_twin_shock_imf_bailout,indonesia,USDC
988,0.8186754869271382,754.4871198804069,320,S5_twin_shock_imf_bailout,indonesia,USDC
989,0.8103741370996512,735.6249418833968,320,S5_twin_shock_imf_bailout,indonesia,USDC
990,0.8201014688738367,717.2343183363118,320,S5_twin_shock_imf_bailout,indonesia,USDC
991,0.8274762317229436,699.303460377904,320,S5_twin_shock_imf_bailout,indonesia,USDC
992,0.8202369525389063,681.8208738684564,320,S5_twin_shock_imf_bailout,indonesia,USDC
993,0.8125971689336424,664.775352021745,320,S5_twin_shock_imf_bailout,indonesia,USDC
994,0.8153028355853451,648.1559682212014,320,S5_twin_shock_imf_bailout,indonesia,USDC
995,0.8131740301890051,631.9520690156713,320,S5_twin_shock_imf_bailout,indonesia,USDC
996,0.8048217192580108,616.1532672902795,320,S5_twin_shock_imf_bailout,indonesia,USDC
997,0.8102791045212019,600.7494356080226,320,S5_twin_shock_imf_bailout,indonesia,USDC
998,0.8368384267245923,585.730699717822,320,S5_twin_shock_imf_bailout,indonesia,USDC
999,0.8303751678116925,571.0874322248764,320,S5_twin_shock_imf_bailout,indonesia,USDC
1000,0.8395100581444502,556.8102464192546,320,S5_twin_shock_imf_bailout,indonesia,USDC
