Step,price,liquidity,iteration,scenario,region,coin
1,0.9908345201409261,2989224736598.76,47,S5_twin_shock_imf_bailout,indonesia,USDC
2,1.001089777972022,2989224736598.76,47,S5_twin_shock_imf_bailout,indonesia,USDC
3,0.9953607448918658,2989224736598.76,47,S5_twin_shock_imf_bailout,indonesia,USDC
4,1.0097810458377745,2989224736598.76,47,S5_twin_shock_imf_bailout,indonesia,USDC
5,1.0074957482723257,2989224736598.76,47,S5_twin_shock_imf_bailout,indonesia,USDC
6,1.0089550517117942,2989224736598.76,47,S5_twin_shock_imf_bailout,indonesia,USDC
7,1.0300627530198396,2989224736598.76,47,S5_twin_shock_imf_bailout,indonesia,USDC
8,1.0104940738544326,2989224736598.76,47,S5_twin_shock_imf_bailout,indonesia,USDC
9,0.979823011814057,2989224736598.76,47,S5_twin_shock_imf_bailout,indonesia,USDC
10,0.9843946045191205,2989224736598.76,47,S5_twin_shock_imf_bailout,indonesia,USDC
11,0.9970076840627191,2989224736598.76,47,S5_twin_shock_imf_bailout,indonesia,USDC
12,1.006962229025037,2989224736598.76,47,S5_twin_shock_imf_bailout,indonesia,USDC
13,0.9927425761532171,2989224736598.76,47,S5_twin_shock_imf_bailout,indonesia,USDC
14,0.9868339070112507,2989224736598.76,47,S5_twin_shock_imf_bailout,indonesia,USDC
15,0.9947998152272076,2989224736598.76,47,S5_twin_shock_imf_bailout,indonesia,USDC
16,0.9866155184618339,2989224736598.76,47,S5_twin_shock_imf_bailout,indonesia,USDC
17,0.9484624740373991,2989224736598.76,47,S5_twin_shock_imf_bailout,indonesia,USDC
18,0.9598987274674764,2987906001025.2793,47,S5_twin_shock_imf_bailout,indonesia,USDC
19,0.9587113047661812,2987294912938.1396,47,S5_twin_shock_imf_bailout,indonesia,USDC
20,0.9984789703145961,2986619102089.821,47,S5_twin_shock_imf_bailout,indonesia,USDC
21,0.9583872206507265,2986619102089.821,47,S5_twin_shock_imf_bailout,indonesia,USDC
22,0.9484010786595515,2985931980334.8315,47,S5_twin_shock_imf_bailout,indonesia,USDC
23,0.9575209941359867,2984683188956.554,47,S5_twin_shock_imf_bailout,indonesia,USDC
24,0.9640002334511109,2983992688493.0503,47,S5_twin_shock_imf_bailout,indonesia,USDC
25,0.9640475032914385,2983673567326.998,47,S5_twin_shock_imf_bailout,indonesia,USDC
26,0.9993330961256882,2983369205787.384,47,S5_twin_shock_imf_bailout,indonesia,USDC
27,1.0323579865476267,2983369205787.384,47,S5_twin_shock_imf_bailout,indonesia,USDC
28,1.0576859142994726,2983369205787.384,47,S5_twin_shock_imf_bailout,indonesia,USDC
29,1.014275760188694,2983369205787.384,47,S5_twin_shock_imf_bailout,indonesia,USDC
30,0.9889685456524437,2983369205787.384,47,S5_twin_shock_imf_bailout,indonesia,USDC
31,0.97915054748688,2983369205787.384,47,S5_twin_shock_imf_bailout,indonesia,USDC
32,0.9737254597121413,2983369205787.384,47,S5_twin_shock_imf_bailout,indonesia,USDC
33,0.9930952689286645,2983369205787.384,47,S5_twin_shock_imf_bailout,indonesia,USDC
34,0.9851917971432351,2983369205787.384,47,S5_twin_shock_imf_bailout,indonesia,USDC
35,0.9991612257802074,2983369205787.384,47,S5_twin_shock_imf_bailout,indonesia,USDC
36,1.0133768044964242,2983369205787.384,47,S5_twin_shock_imf_bailout,indonesia,USDC
37,1.0135487043741196,2983369205787.384,47,S5_twin_shock_imf_bailout,indonesia,USDC
38,1.0189422941354547,2983369205787.384,47,S5_twin_shock_imf_bailout,indonesia,USDC
39,1.043110295232187,2983369205787.384,47,S5_twin_shock_imf_bailout,indonesia,USDC
40,1.0618766077049249,2983369205787.384,47,S5_twin_shock_imf_bailout,indonesia,USDC
41,1.0451353770386747,2983369205787.384,47,S5_twin_shock_imf_bailout,indonesia,USDC
42,1.0385015619964728,2983369205787.384,47,S5_twin_shock_imf_bailout,indonesia,USDC
43,1.0512014014196593,2983369205787.384,47,S5_twin_shock_imf_bailout,indonesia,USDC
44,1.056006713514468,2983369205787.384,47,S5_twin_shock_imf_bailout,indonesia,USDC
45,1.0740033978589467,2983369205787.384,47,S5_twin_shock_imf_bailout,indonesia,USDC
46,1.039857323370656,2983369205787.384,47,S5_twin_shock_imf_bailout,indonesia,USDC
47,1.0297622103300408,2983369205787.384,47,S5_twin_shock_imf_bailout,indonesia,USDC
48,1.0201254437643499,2983369205787.384,47,S5_twin_shock_imf_bailout,indonesia,USDC
49,0.9953453965388447,2983369205787.384,47,S5_twin_shock_imf_bailout,indonesia,USDC
50,1.0202491925192587,2983369205787.384,47,S5_twin_shock_imf_bailout,indonesia,USDC
51,1.0272618593992195,2983369205787.384,47,S5_twin_shock_imf_bailout,indonesia,USDC
52,1.035100130381732,2983369205787.384,47,S5_twin_shock_imf_bailout,indonesia,USDC
53,1.0090332286036037,2983369205787.384,47,S5_twin_shock_imf_bailout,indonesia,USDC
54,1.0052101637215827,2983369205787.384,47,S5_twin_shock_imf_bailout,indonesia,USDC
55,1.0061650733117518,2983369205787.384,47,S5_twin_shock_imf_bailout,indonesia,USDC
56,0.9931644157423286,2983369205787.384,47,S5_twin_shock_imf_bailout,indonesia,USDC
57,1.0029812903238802,2983369205787.384,47,S5_twin_shock_imf_bailout,indonesia,USDC
58,0.998919163693189,2983369205787.384,47,S5_twin_shock_imf_bailout,indonesia,USDC
59,0.999470177080082,2983369205787.384,47,S5_twin_shock_imf_bailout,indonesia,USDC
60,0.9585102859012476,2983369205787.384,47,S5_twin_shock_imf_bailout,indonesia,USDC
61,0.9420806342431522,2982742954160.253,47,S5_twin_shock_imf_bailout,indonesia,USDC
62,0.9436244980832491,2981202547262.5684,47,S5_twin_shock_imf_bailout,indonesia,USDC
63,0.9490351377130759,2979789206185.4634,47,S5_twin_shock_imf_bailout,indonesia,USDC
64,0.969300496114402,2978696343152.993,47,S5_twin_shock_imf_bailout,indonesia,USDC
65,0.9612549309678495,2978660667296.2803,47,S5_twin_shock_imf_bailout,indonesia,USDC
66,0.9767946006454423,2978229452119.3457,47,S5_twin_shock_imf_bailout,indonesia,USDC
67,0.9610892899333516,2978229452119.3457,47,S5_twin_shock_imf_bailout,indonesia,USDC
68,0.9784865265487579,2977823337546.2812,47,S5_twin_shock_imf_bailout,indonesia,USDC
69,0.9757606331772685,2977823337546.2812,47,S5_twin_shock_imf_bailout,indonesia,USDC
70,0.9546147075951771,2977823337546.2812,47,S5_twin_shock_imf_bailout,indonesia,USDC
71,0.976437286840752,2977052509003.9688,47,S5_twin_shock_imf_bailout,indonesia,USDC
72,0.9776415214634772,2977052509003.9688,47,S5_twin_shock_imf_bailout,indonesia,USDC
73,0.9866580460226677,2977052509003.9688,47,S5_twin_shock_imf_bailout,indonesia,USDC
74,0.9907798925333149,2977052509003.9688,47,S5_twin_shock_imf_bailout,indonesia,USDC
75,0.9843359957299234,2977052509003.9688,47,S5_twin_shock_imf_bailout,indonesia,USDC
76,0.9766850728286629,2977052509003.9688,47,S5_twin_shock_imf_bailout,indonesia,USDC
77,0.9755077367176875,2977052509003.9688,47,S5_twin_shock_imf_bailout,indonesia,USDC
78,0.9949305876443253,2977052509003.9688,47,S5_twin_shock_imf_bailout,indonesia,USDC
79,0.9741123446251745,2977052509003.9688,47,S5_twin_shock_imf_bailout,indonesia,USDC
80,0.9835694507505872,2977052509003.9688,47,S5_twin_shock_imf_bailout,indonesia,USDC
81,0.9543633247394193,2977052509003.9688,47,S5_twin_shock_imf_bailout,indonesia,USDC
82,0.9749884132871285,2976316561851.3516,47,S5_twin_shock_imf_bailout,indonesia,USDC
83,0.9814233209479515,2976316561851.3516,47,S5_twin_shock_imf_bailout,indonesia,USDC
84,0.9757666977383017,2976316561851.3516,47,S5_twin_shock_imf_bailout,indonesia,USDC
85,0.9888340510069279,2976316561851.3516,47,S5_twin_shock_imf_bailout,indonesia,USDC
86,1.008064993838358,2976316561851.3516,47,S5_twin_shock_imf_bailout,indonesia,USDC
87,1.008841964193964,2976316561851.3516,47,S5_twin_shock_imf_bailout,indonesia,USDC
88,0.9915835130946175,2976316561851.3516,47,S5_twin_shock_imf_bailout,indonesia,USDC
89,0.9838421270234236,2976316561851.3516,47,S5_twin_shock_imf_bailout,indonesia,USDC
90,1.0013343822681446,2976316561851.3516,47,S5_twin_shock_imf_bailout,indonesia,USDC
91,0.9897055043005527,2976316561851.3516,47,S5_twin_shock_imf_bailout,indonesia,USDC
92,0.9854174616359797,2976316561851.3516,47,S5_twin_shock_imf_bailout,indonesia,USDC
93,0.9715141642757819,2976316561851.3516,47,S5_twin_shock_imf_bailout,indonesia,USDC
94,0.9748686100931883,2976316561851.3516,47,S5_twin_shock_imf_bailout,indonesia,USDC
95,0.968249252803457,2976316561851.3516,47,S5_twin_shock_imf_bailout,indonesia,USDC
96,0.98501917874532,2976256110578.439,47,S5_twin_shock_imf_bailout,indonesia,USDC
97,0.9934776558169893,2976256110578.439,47,S5_twin_shock_imf_bailout,indonesia,USDC
98,1.0138378422202339,2976256110578.439,47,S5_twin_shock_imf_bailout,indonesia,USDC
99,1.0214477514474891,2976256110578.439,47,S5_twin_shock_imf_bailout,indonesia,USDC
100,0.9970013320521603,2976256110578.439,47,S5_twin_shock_imf_bailout,indonesia,USDC
101,0.7646882804930458,2976256110578.439,47,S5_twin_shock_imf_bailout,indonesia,USDC
102,0.7782187235842492,2966486077741.082,47,S5_twin_shock_imf_bailout,indonesia,USDC
103,0.807962528637068,2959119039014.033,47,S5_twin_shock_imf_bailout,indonesia,USDC
104,0.8323801154545488,2954244479987.3516,47,S5_twin_shock_imf_bailout,indonesia,USDC
105,0.8299434979772922,2950837621218.0435,47,S5_twin_shock_imf_bailout,indonesia,USDC
106,0.848245529891718,2947807883545.4336,47,S5_twin_shock_imf_bailout,indonesia,USDC
107,0.8429070597171486,2945588283446.445,47,S5_twin_shock_imf_bailout,indonesia,USDC
108,0.836735086260241,2943518671795.9893,47,S5_twin_shock_imf_bailout,indonesia,USDC
109,0.8519226018878505,2941554877939.226,47,S5_twin_shock_imf_bailout,indonesia,USDC
110,0.8564274316636457,2940145728419.8857,47,S5_twin_shock_imf_bailout,indonesia,USDC
111,0.8752190168525608,2938920671788.5195,47,S5_twin_shock_imf_bailout,indonesia,USDC
112,0.8904709207773306,2937973259139.2217,47,S5_twin_shock_imf_bailout,indonesia,USDC
113,0.9070927139918825,2937305371447.179,47,S5_twin_shock_imf_bailout,indonesia,USDC
114,0.9301012339504762,2936794267471.3564,47,S5_twin_shock_imf_bailout,indonesia,USDC
115,0.9874407385823816,2936501028500.9644,47,S5_twin_shock_imf_bailout,indonesia,USDC
116,1.0001346746809296,2936501028500.9644,47,S5_twin_shock_imf_bailout,indonesia,USDC
117,1.019346651647056,2936501028500.9644,47,S5_twin_shock_imf_bailout,indonesia,USDC
118,1.0321945893312683,2936501028500.9644,47,S5_twin_shock_imf_bailout,indonesia,USDC
119,1.0483900644311965,2936501028500.9644,47,S5_twin_shock_imf_bailout,indonesia,USDC
120,1.0691820500869758,2936501028500.9644,47,S5_twin_shock_imf_bailout,indonesia,USDC
121,600001.0530883308,2863128502788.4404,47,S5_twin_shock_imf_bailout,indonesia,USDC
122,480001.95,2791582290218.729,47,S5_twin_shock_imf_bailout,indonesia,USDC
123,384001.95,2721818332963.2607,47,S5_twin_shock_imf_bailout,indonesia,USDC
124,307201.95,2653793354639.179,47,S5_twin_shock_imf_bailout,indonesia,USDC
125,245761.95,2587464904773.2,47,S5_twin_shock_imf_bailout,indonesia,USDC
126,196609.95,2522791389353.8696,47,S5_twin_shock_imf_bailout,indonesia,USDC
127,157288.35,2459732090380.023,47,S5_twin_shock_imf_bailout,indonesia,USDC
128,125831.06999999999,2398247176728.5225,47,S5_twin_shock_imf_bailout,indonesia,USDC
129,100665.246,2338297708196.709,47,S5_twin_shock_imf_bailout,indonesia,USDC
130,80532.5868,2279845634200.9116,47,S5_twin_shock_imf_bailout,indonesia,USDC
131,64426.45944,2222853788313.1846,47,S5_twin_shock_imf_bailout,indonesia,USDC
132,51541.557552,2167285879579.1921,47,S5_twin_shock_imf_bailout,indonesia,USDC
133,41233.6360416,2113106481368.7817,47,S5_twin_shock_imf_bailout,indonesia,USDC
134,32987.29883328,2060281018357.8176,47,S5_twin_shock_imf_bailout,indonesia,USDC
135,26390.229066624004,2008775752117.4768,47,S5_twin_shock_imf_bailout,indonesia,USDC
136,21112.573253299208,1958557765689.4233,47,S5_twin_shock_imf_bailout,indonesia,USDC
137,16890.448602639364,1909594947447.0947,47,S5_twin_shock_imf_bailout,indonesia,USDC
138,13512.748882111493,1861855974480.8428,47,S5_twin_shock_imf_bailout,indonesia,USDC
139,10810.589105689196,1815310295694.762,47,S5_twin_shock_imf_bailout,indonesia,USDC
140,8648.861284551356,1769928114763.145,47,S5_twin_shock_imf_bailout,indonesia,USDC
141,6919.479027641083,1725680373062.6685,47,S5_twin_shock_imf_bailout,indonesia,USDC
142,5535.973222112866,1682538732670.9834,47,S5_twin_shock_imf_bailout,indonesia,USDC
143,4429.168577690293,1640475559502.1138,47,S5_twin_shock_imf_bailout,indonesia,USDC
144,3543.724862152234,1599463906632.8853,47,S5_twin_shock_imf_bailout,indonesia,USDC
145,2835.3698897217873,1559477497861.7222,47,S5_twin_shock_imf_bailout,indonesia,USDC
146,2268.6859117774297,1520490711530.9067,47,S5_twin_shock_imf_bailout,indonesia,USDC
147,1815.338729421944,1482478564635.216,47,S5_twin_shock_imf_bailout,indonesia,USDC
148,1452.6609835375552,1445416697233.4014,47,S5_twin_shock_imf_bailout,indonesia,USDC
149,1162.518786830044,1409281357173.8186,47,S5_twin_shock_imf_bailout,indonesia,USDC
150,930.4050294640354,1374049385141.475,47,S5_twin_shock_imf_bailout,indonesia,USDC
151,744.7140235712283,1339698200030.5398,47,S5_twin_shock_imf_bailout,indonesia,USDC
152,596.1612188569826,1306205784643.8574,47,S5_twin_shock_imf_bailout,indonesia,USDC
153,477.3189750855861,1273550671719.0261,47,S5_twin_shock_imf_bailout,indonesia,USDC
154,382.24518006846887,1241711930279.0625,47,S5_twin_shock_imf_bailout,indonesia,USDC
155,306.1861440547751,1210669152304.4956,47,S5_twin_shock_imf_bailout,indonesia,USDC
156,245.3389152438201,1180402439722.811,47,S5_twin_shock_imf_bailout,indonesia,USDC
157,196.66113219505607,1150892391710.483,47,S5_twin_shock_imf_bailout,indonesia,USDC
158,157.71890575604485,1122120092302.3145,47,S5_twin_shock_imf_bailout,indonesia,USDC
159,126.5651246048359,1094067098302.4316,47,S5_twin_shock_imf_bailout,indonesia,USDC
160,101.64209968386872,1066715427491.0109,47,S5_twin_shock_imf_bailout,indonesia,USDC
161,81.70367974709498,1040047547120.6476,47,S5_twin_shock_imf_bailout,indonesia,USDC
162,65.75294379767598,1014046362696.161,47,S5_twin_shock_imf_bailout,indonesia,USDC
163,52.99235503814079,988695207031.5807,47,S5_twin_shock_imf_bailout,indonesia,USDC
164,42.78388403051264,963977829578.05,47,S5_twin_shock_imf_bailout,indonesia,USDC
165,34.61710722441011,939878386016.406,47,S5_twin_shock_imf_bailout,indonesia,USDC
166,28.083685779528086,916381428108.2415,47,S5_twin_shock_imf_bailout,indonesia,USDC
167,22.85694862362247,893471893799.332,47,S5_twin_shock_imf_bailout,indonesia,USDC
168,18.675558898897975,871135097569.386,47,S5_twin_shock_imf_bailout,indonesia,USDC
169,15.330447119118379,849356721022.181,47,S5_twin_shock_imf_bailout,indonesia,USDC
170,12.654357695294703,828122803710.2505,47,S5_twin_shock_imf_bailout,indonesia,USDC
171,10.513486156235762,807419734188.3933,47,S5_twin_shock_imf_bailout,indonesia,USDC
172,8.800788924988609,787234241290.4026,47,S5_twin_shock_imf_bailout,indonesia,USDC
173,7.430631139990888,767553385623.5181,47,S5_twin_shock_imf_bailout,indonesia,USDC
174,6.334504911992711,748364551275.2303,47,S5_twin_shock_imf_bailout,indonesia,USDC
175,5.457603929594168,729655437727.1898,47,S5_twin_shock_imf_bailout,indonesia,USDC
176,4.756083143675334,711414051971.0823,47,S5_twin_shock_imf_bailout,indonesia,USDC
177,4.1948665149402675,693628700821.463,47,S5_twin_shock_imf_bailout,indonesia,USDC
178,3.745893211952214,676287983420.6526,47,S5_twin_shock_imf_bailout,indonesia,USDC
179,3.3867145695617715,659380783930.9174,47,S5_twin_shock_imf_bailout,indonesia,USDC
180,3.099371655649417,642896264409.2692,47,S5_twin_shock_imf_bailout,indonesia,USDC
181,2.8694973245195334,626823857860.3374,47,S5_twin_shock_imf_bailout,indonesia,USDC
182,2.685597859615627,611153261462.8688,47,S5_twin_shock_imf_bailout,indonesia,USDC
183,2.5384782876925014,595874429965.5289,47,S5_twin_shock_imf_bailout,indonesia,USDC
184,2.420782630154001,580977569247.7761,47,S5_twin_shock_imf_bailout,indonesia,USDC
185,2.326626104123201,566453130041.6902,47,S5_twin_shock_imf_bailout,indonesia,USDC
186,2.2513008832985606,552291801810.7346,47,S5_twin_shock_imf_bailout,indonesia,USDC
187,2.1910407066388484,538484506781.53564,47,S5_twin_shock_imf_bailout,indonesia,USDC
188,2.1125618288956476,525022394124.85266,47,S5_twin_shock_imf_bailout,indonesia,USDC
189,2.023684571850161,511896834282.01575,47,S5_twin_shock_imf_bailout,indonesia,USDC
190,2.033366439006317,499099413433.1929,47,S5_twin_shock_imf_bailout,indonesia,USDC
191,1.9711562937553786,486621928103.94507,47,S5_twin_shock_imf_bailout,indonesia,USDC
192,1.9017334877491487,474456379906.61206,47,S5_twin_shock_imf_bailout,indonesia,USDC
193,1.7941854243226678,462594970413.1593,47,S5_twin_shock_imf_bailout,indonesia,USDC
194,1.7245042748675623,451030096156.2002,47,S5_twin_shock_imf_bailout,indonesia,USDC
195,1.6260825585417515,439754343754.9912,47,S5_twin_shock_imf_bailout,indonesia,USDC
196,1.5889875668421447,428760485163.2732,47,S5_twin_shock_imf_bailout,indonesia,USDC
197,1.5151221153325458,418041473035.91675,47,S5_twin_shock_imf_bailout,indonesia,USDC
198,1.395405217716321,407590436211.3992,47,S5_twin_shock_imf_bailout,indonesia,USDC
199,1.3233611125989402,397400675307.2185,47,S5_twin_shock_imf_bailout,indonesia,USDC
200,1.2808152130804937,387465658425.42145,47,S5_twin_shock_imf_bailout,indonesia,USDC
201,1.2287740988915954,377779016965.4927,47,S5_twin_shock_imf_bailout,indonesia,USDC
202,1.1708537712757712,368334541541.9207,47,S5_twin_shock_imf_bailout,indonesia,USDC
203,1.1229128158946957,359126178003.8251,47,S5_twin_shock_imf_bailout,indonesia,USDC
204,1.0777555926084863,350148023554.09125,47,S5_twin_shock_imf_bailout,indonesia,USDC
205,1.0614072499758982,341394322965.52844,47,S5_twin_shock_imf_bailout,indonesia,USDC
206,1.0407826778489113,332859464891.6218,47,S5_twin_shock_imf_bailout,indonesia,USDC
207,0.9966394320183575,324537978269.51654,47,S5_twin_shock_imf_bailout,indonesia,USDC
208,0.9540527561441485,316424528812.9268,47,S5_twin_shock_imf_bailout,indonesia,USDC
209,0.9022914329379714,308402954126.2958,47,S5_twin_shock_imf_bailout,indonesia,USDC
210,0.8716367825718201,300240591035.6294,47,S5_twin_shock_imf_bailout,indonesia,USDC
211,0.8485927315979805,292072284152.6814,47,S5_twin_shock_imf_bailout,indonesia,USDC
212,0.8324092468472624,284035920295.4913,47,S5_twin_shock_imf_bailout,indonesia,USDC
213,0.8328922596067067,276206743787.57355,47,S5_twin_shock_imf_bailout,indonesia,USDC
214,0.8264509026526358,268704046678.17993,47,S5_twin_shock_imf_bailout,indonesia,USDC
215,0.82813739429041,261456903566.36542,47,S5_twin_shock_imf_bailout,indonesia,USDC
216,0.8017785804125739,254450591952.68756,47,S5_twin_shock_imf_bailout,indonesia,USDC
217,0.8380096211593332,247621482814.95377,47,S5_twin_shock_imf_bailout,indonesia,USDC
218,0.8382972360522218,241119009471.0515,47,S5_twin_shock_imf_bailout,indonesia,USDC
219,0.8146492243550012,234821287630.34335,47,S5_twin_shock_imf_bailout,indonesia,USDC
220,0.8002214948006487,228674570979.51892,47,S5_twin_shock_imf_bailout,indonesia,USDC
221,0.8023903996631497,222698079423.2649,47,S5_twin_shock_imf_bailout,indonesia,USDC
222,0.7861139785641043,216923448362.23077,47,S5_twin_shock_imf_bailout,indonesia,USDC
223,0.7802938915789644,211315279233.6355,47,S5_twin_shock_imf_bailout,indonesia,USDC
224,0.7443805134388242,205873053967.30826,47,S5_twin_shock_imf_bailout,indonesia,USDC
225,0.7755391730352201,200572862845.55896,47,S5_twin_shock_imf_bailout,indonesia,USDC
226,0.7702208836638041,195460549098.6603,47,S5_twin_shock_imf_bailout,indonesia,USDC
227,0.753990753715774,190487379455.98996,47,S5_twin_shock_imf_bailout,indonesia,USDC
228,0.754344566132478,185652124559.32916,47,S5_twin_shock_imf_bailout,indonesia,USDC
229,0.7371779067824301,180953934443.80966,47,S5_twin_shock_imf_bailout,indonesia,USDC
230,0.7555619504337279,176381961287.62097,47,S5_twin_shock_imf_bailout,indonesia,USDC
231,0.7541398789409567,171937923598.94754,47,S5_twin_shock_imf_bailout,indonesia,USDC
232,0.7603837296226437,167612946071.92346,47,S5_twin_shock_imf_bailout,indonesia,USDC
233,0.7640827677821918,163402896209.91382,47,S5_twin_shock_imf_bailout,indonesia,USDC
234,0.7554960645573918,159301846444.11493,47,S5_twin_shock_imf_bailout,indonesia,USDC
235,0.7411772780902434,155306702511.92474,47,S5_twin_shock_imf_bailout,indonesia,USDC
236,0.7412317949201948,151413426391.90573,47,S5_twin_shock_imf_bailout,indonesia,USDC
237,0.7468702653014182,147620062808.6114,47,S5_twin_shock_imf_bailout,indonesia,USDC
238,0.7343613484619723,143923108457.58902,47,S5_twin_shock_imf_bailout,indonesia,USDC
239,0.7171253770004115,140319977318.60904,47,S5_twin_shock_imf_bailout,indonesia,USDC
240,0.7232577867433616,136807664516.74226,47,S5_twin_shock_imf_bailout,indonesia,USDC
241,0.7105599969159179,133384475774.4231,47,S5_twin_shock_imf_bailout,indonesia,USDC
242,0.6929904871070902,130047531601.99976,47,S5_twin_shock_imf_bailout,indonesia,USDC
243,0.7098106473132879,126794409155.15976,47,S5_twin_shock_imf_bailout,indonesia,USDC
244,0.7201655916216082,123623264833.0266,47,S5_twin_shock_imf_bailout,indonesia,USDC
245,0.7443277828920013,120531769093.23022,47,S5_twin_shock_imf_bailout,indonesia,USDC
246,0.7667599366870984,117517830309.69322,47,S5_twin_shock_imf_bailout,indonesia,USDC
247,0.730780785351078,114579447250.31174,47,S5_twin_shock_imf_bailout,indonesia,USDC
248,0.7344357220536021,111714552614.66513,47,S5_twin_shock_imf_bailout,indonesia,USDC
249,0.7236195533915709,108921377911.75787,47,S5_twin_shock_imf_bailout,indonesia,USDC
250,0.7220306765218011,106198106443.61682,47,S5_twin_shock_imf_bailout,indonesia,USDC
251,0.7215877953597116,103542970065.30826,47,S5_twin_shock_imf_bailout,indonesia,USDC
252,0.7024301771696088,100954263207.73131,47,S5_twin_shock_imf_bailout,indonesia,USDC
253,0.724791833319655,98430296236.01994,47,S5_twin_shock_imf_bailout,indonesia,USDC
254,0.7394758797078387,95969461591.70639,47,S5_twin_shock_imf_bailout,indonesia,USDC
255,0.7486516240517583,93570172795.90839,47,S5_twin_shock_imf_bailout,indonesia,USDC
256,0.7434436750463169,91230879025.79422,47,S5_twin_shock_imf_bailout,indonesia,USDC
257,0.7505147629570732,88950076342.04037,47,S5_twin_shock_imf_bailout,indonesia,USDC
258,0.7528781811740956,86726300473.6858,47,S5_twin_shock_imf_bailout,indonesia,USDC
259,0.7371030563235824,84558124623.1282,47,S5_twin_shock_imf_bailout,indonesia,USDC
260,0.7479021009867237,82444157101.28339,47,S5_twin_shock_imf_bailout,indonesia,USDC
261,0.7582867473638729,80383042337.8142,47,S5_twin_shock_imf_bailout,indonesia,USDC
262,0.7500741278711115,78373458232.43285,47,S5_twin_shock_imf_bailout,indonesia,USDC
263,0.75026805245547,76414115296.89514,47,S5_twin_shock_imf_bailout,indonesia,USDC
264,0.764306206167952,74503757124.74756,47,S5_twin_shock_imf_bailout,indonesia,USDC
265,0.7331565493869869,72641159345.9153,47,S5_twin_shock_imf_bailout,indonesia,USDC
266,0.7378130706375602,70825126777.65659,47,S5_twin_shock_imf_bailout,indonesia,USDC
267,0.7289858084276581,69054495952.12152,47,S5_twin_shock_imf_bailout,indonesia,USDC
268,0.7366325470416185,67328131494.9289,47,S5_twin_shock_imf_bailout,indonesia,USDC
269,0.7246287995529813,65644926699.49684,47,S5_twin_shock_imf_bailout,indonesia,USDC
270,0.7584145323107284,64003802299.14903,47,S5_twin_shock_imf_bailout,indonesia,USDC
271,0.7889676242922254,62403706492.8277,47,S5_twin_shock_imf_bailout,indonesia,USDC
272,0.8150897754290626,60843613300.79876,47,S5_twin_shock_imf_bailout,indonesia,USDC
273,0.806389752423953,59322522598.426445,47,S5_twin_shock_imf_bailout,indonesia,USDC
274,0.8224339782308966,57839459197.39466,47,S5_twin_shock_imf_bailout,indonesia,USDC
275,0.8373514047012343,56393472475.77026,47,S5_twin_shock_imf_bailout,indonesia,USDC
276,0.8475986004049599,54983635478.32482,47,S5_twin_shock_imf_bailout,indonesia,USDC
277,0.8523225258177324,53609044436.26254,47,S5_twin_shock_imf_bailout,indonesia,USDC
278,0.8483545104012465,52268818200.526306,47,S5_twin_shock_imf_bailout,indonesia,USDC
279,0.8299166099861937,50962097628.84932,47,S5_twin_shock_imf_bailout,indonesia,USDC
280,0.8306978847285676,49688045075.19196,47,S5_twin_shock_imf_bailout,indonesia,USDC
281,0.8121771662854161,48445843849.18694,47,S5_twin_shock_imf_bailout,indonesia,USDC
282,0.8217091268916339,47234697651.99913,47,S5_twin_shock_imf_bailout,indonesia,USDC
283,0.8516968751073931,46053830134.49241,47,S5_twin_shock_imf_bailout,indonesia,USDC
284,0.849591182295957,44902484327.059814,47,S5_twin_shock_imf_bailout,indonesia,USDC
285,0.8402943652115337,43779922173.58053,47,S5_twin_shock_imf_bailout,indonesia,USDC
286,0.8530937122656794,42685424074.16581,47,S5_twin_shock_imf_bailout,indonesia,USDC
287,0.8129449192765533,41618288436.289,47,S5_twin_shock_imf_bailout,indonesia,USDC
288,0.8082053944811,40577831184.465004,47,S5_twin_shock_imf_bailout,indonesia,USDC
289,0.8101865708879494,39563385369.26198,47,S5_twin_shock_imf_bailout,indonesia,USDC
290,0.8048068940774888,38574300705.55766,47,S5_twin_shock_imf_bailout,indonesia,USDC
291,0.7901421509430134,37609943162.77932,47,S5_twin_shock_imf_bailout,indonesia,USDC
292,0.7934530183085973,36669694559.77624,47,S5_twin_shock_imf_bailout,indonesia,USDC
293,0.7976647632001445,35752952176.52759,47,S5_twin_shock_imf_bailout,indonesia,USDC
294,0.7922152916013347,34859128356.38071,47,S5_twin_shock_imf_bailout,indonesia,USDC
295,0.7929784076407453,33987650134.631702,47,S5_twin_shock_imf_bailout,indonesia,USDC
296,0.7785025256839117,33137958870.958992,47,S5_twin_shock_imf_bailout,indonesia,USDC
297,0.7904616110780194,32309509889.944782,47,S5_twin_shock_imf_bailout,indonesia,USDC
298,0.8241833390434716,31501772135.211502,47,S5_twin_shock_imf_bailout,indonesia,USDC
299,0.8380654978965005,30714227827.072884,47,S5_twin_shock_imf_bailout,indonesia,USDC
300,0.82699153692649,29946372127.7965,47,S5_twin_shock_imf_bailout,indonesia,USDC
301,0.8358991233607868,29197712821.050808,47,S5_twin_shock_imf_bailout,indonesia,USDC
302,0.8222919074100628,28467769997.61518,47,S5_twin_shock_imf_bailout,indonesia,USDC
303,0.8290019341017987,27756075744.91327,47,S5_twin_shock_imf_bailout,indonesia,USDC
304,0.8109499530351972,27062173849.10261,47,S5_twin_shock_imf_bailout,indonesia,USDC
305,0.774246339772889,26385619500.796776,47,S5_twin_shock_imf_bailout,indonesia,USDC
306,0.7685252043296722,25725979011.077843,47,S5_twin_shock_imf_bailout,indonesia,USDC
307,0.7830667563762032,25082829534.056866,47,S5_twin_shock_imf_bailout,indonesia,USDC
308,0.7849163626938146,24455758794.377342,47,S5_twin_shock_imf_bailout,indonesia,USDC
309,0.7742713001579935,23844364823.40431,47,S5_twin_shock_imf_bailout,indonesia,USDC
310,0.794160537550202,23248255701.884605,47,S5_twin_shock_imf_bailout,indonesia,USDC
311,0.7965500368308829,22667049308.6508,47,S5_twin_shock_imf_bailout,indonesia,USDC
312,0.8071272015517453,22100373075.401463,47,S5_twin_shock_imf_bailout,indonesia,USDC
313,0.8178999545067809,21547863748.093487,47,S5_twin_shock_imf_bailout,indonesia,USDC
314,0.8020195365305128,21009167154.074886,47,S5_twin_shock_imf_bailout,indonesia,USDC
315,0.7700461995122697,20483937974.918808,47,S5_twin_shock_imf_bailout,indonesia,USDC
316,0.785738471176787,19971839525.249577,47,S5_twin_shock_imf_bailout,indonesia,USDC
317,0.8035738790425516,19472543536.889507,47,S5_twin_shock_imf_bailout,indonesia,USDC
318,0.8051482792487983,18985729948.30244,47,S5_twin_shock_imf_bailout,indonesia,USDC
319,0.7902924494236471,18511086699.461365,47,S5_twin_shock_imf_bailout,indonesia,USDC
320,0.7924507826767392,18048309531.844875,47,S5_twin_shock_imf_bailout,indonesia,USDC
321,0.7650447060270248,17597101793.444145,47,S5_twin_shock_imf_bailout,indonesia,USDC
322,0.7918270828891794,17157174248.515049,47,S5_twin_shock_imf_bailout,indonesia,USDC
323,0.8031670340802767,16728244892.237507,47,S5_twin_shock_imf_bailout,indonesia,USDC
324,0.8148468514302156,16310038769.879402,47,S5_twin_shock_imf_bailout,indonesia,USDC
325,0.7967456467115478,15902287800.5913,47,S5_twin_shock_imf_bailout,indonesia,USDC
326,0.7811256477856758,15504730605.5387,47,S5_twin_shock_imf_bailout,indonesia,USDC
327,0.7965470391151183,15117112340.366207,47,S5_twin_shock_imf_bailout,indonesia,USDC
328,0.7923986105994115,14739184531.831284,47,S5_twin_shock_imf_bailout,indonesia,USDC
329,0.8007809902179662,14370704918.51426,47,S5_twin_shock_imf_bailout,indonesia,USDC
330,0.7891425009716491,14011437295.534803,47,S5_twin_shock_imf_bailout,indonesia,USDC
331,0.796462244288953,13661151363.132301,47,S5_twin_shock_imf_bailout,indonesia,USDC
332,0.7910694589704882,13319622579.042358,47,S5_twin_shock_imf_bailout,indonesia,USDC
333,0.8069190794442718,12986632014.556396,47,S5_twin_shock_imf_bailout,indonesia,USDC
334,0.81059947944352,12661966214.185097,47,S5_twin_shock_imf_bailout,indonesia,USDC
335,0.7979975687067199,12345417058.824438,47,S5_twin_shock_imf_bailout,indonesia,USDC
336,0.8201705856501285,12036781632.348259,47,S5_twin_shock_imf_bailout,indonesia,USDC
337,0.8178279386639646,11735862091.5358,47,S5_twin_shock_imf_bailout,indonesia,USDC
338,0.8106970404195571,11442465539.24408,47,S5_twin_shock_imf_bailout,indonesia,USDC
339,0.8002337920513657,11156403900.759958,47,S5_twin_shock_imf_bailout,indonesia,USDC
340,0.7980797143285524,10877493803.238205,47,S5_twin_shock_imf_bailout,indonesia,USDC
341,0.8112990342392201,10605556458.154995,47,S5_twin_shock_imf_bailout,indonesia,USDC
342,0.7947898197727625,10340417546.699364,47,S5_twin_shock_imf_bailout,indonesia,USDC
343,0.7973589373432861,10081907108.030354,47,S5_twin_shock_imf_bailout,indonesia,USDC
344,0.8169626402530799,9829859430.328323,47,S5_twin_shock_imf_bailout,indonesia,USDC
345,0.8079901480735243,9584112944.56914,47,S5_twin_shock_imf_bailout,indonesia,USDC
346,0.7890161317992508,9344510120.954079,47,S5_twin_shock_imf_bailout,indonesia,USDC
347,0.7892400384687933,9110897367.92941,47,S5_twin_shock_imf_bailout,indonesia,USDC
348,0.7821133437297411,8883124933.730553,47,S5_twin_shock_imf_bailout,indonesia,USDC
349,0.7721709950478776,8661046810.386744,47,S5_twin_shock_imf_bailout,indonesia,USDC
350,0.7966328846940983,8444520640.126598,47,S5_twin_shock_imf_bailout,indonesia,USDC
351,0.7673399908566091,8233407624.123106,47,S5_twin_shock_imf_bailout,indonesia,USDC
352,0.7582947529498286,8027572433.519716,47,S5_twin_shock_imf_bailout,indonesia,USDC
353,0.7727863544079736,7826883122.681446,47,S5_twin_shock_imf_bailout,indonesia,USDC
354,0.7537760505220558,7631211044.61421,47,S5_twin_shock_imf_bailout,indonesia,USDC
355,0.7748455004536199,7440430768.498686,47,S5_twin_shock_imf_bailout,indonesia,USDC
356,0.7660521725557722,7254419999.286093,47,S5_twin_shock_imf_bailout,indonesia,USDC
357,0.7602270084571885,7073059499.303837,47,S5_twin_shock_imf_bailout,indonesia,USDC
358,0.7412990697337783,6896233011.821157,47,S5_twin_shock_imf_bailout,indonesia,USDC
359,0.752148172754284,6723827186.525559,47,S5_twin_shock_imf_bailout,indonesia,USDC
360,0.783473473083852,6555731506.862368,47,S5_twin_shock_imf_bailout,indonesia,USDC
361,0.7377183184096767,6391838219.190773,47,S5_twin_shock_imf_bailout,indonesia,USDC
362,0.7212150708461373,6232042263.710968,47,S5_twin_shock_imf_bailout,indonesia,USDC
363,0.7185007822877525,6076241207.118166,47,S5_twin_shock_imf_bailout,indonesia,USDC
364,0.7277353043743888,5924335176.940189,47,S5_twin_shock_imf_bailout,indonesia,USDC
365,0.7211440089535278,5776226797.516669,47,S5_twin_shock_imf_bailout,indonesia,USDC
366,0.7196640194507298,5631821127.57874,47,S5_twin_shock_imf_bailout,indonesia,USDC
367,0.7365378037274262,5491025599.389261,47,S5_twin_shock_imf_bailout,indonesia,USDC
368,0.7617265647669044,5353749959.404524,47,S5_twin_shock_imf_bailout,indonesia,USDC
369,0.7722402237485347,5219906210.419406,47,S5_twin_shock_imf_bailout,indonesia,USDC
370,0.7674407480369373,5089408555.158917,47,S5_twin_shock_imf_bailout,indonesia,USDC
371,0.7564701320829198,4962173341.279942,47,S5_twin_shock_imf_bailout,indonesia,USDC
372,0.7736511169228502,4838119007.747942,47,S5_twin_shock_imf_bailout,indonesia,USDC
373,0.7762462065223649,4717166032.554241,47,S5_twin_shock_imf_bailout,indonesia,USDC
374,0.7945800965853225,4599236881.740384,47,S5_twin_shock_imf_bailout,indonesia,USDC
375,0.8089286128568353,4484255959.696874,47,S5_twin_shock_imf_bailout,indonesia,USDC
376,0.7999813761062377,4372149560.704451,47,S5_twin_shock_imf_bailout,indonesia,USDC
377,0.808137528632688,4262845821.686839,47,S5_twin_shock_imf_bailout,indonesia,USDC
378,0.801053043200107,4156274676.1446676,47,S5_twin_shock_imf_bailout,indonesia,USDC
379,0.8235315451970429,4052367809.2410507,47,S5_twin_shock_imf_bailout,indonesia,USDC
380,0.8278003123437017,3951058614.010024,47,S5_twin_shock_imf_bailout,indonesia,USDC
381,0.8538975656309076,3852282148.6597733,47,S5_twin_shock_imf_bailout,indonesia,USDC
382,0.85910177142701,3755975094.943279,47,S5_twin_shock_imf_bailout,indonesia,USDC
383,0.8325350103762479,3662075717.569697,47,S5_twin_shock_imf_bailout,indonesia,USDC
384,0.8419888794478402,3570523824.6304545,47,S5_twin_shock_imf_bailout,indonesia,USDC
385,0.8387446298035284,3481260729.0146933,47,S5_twin_shock_imf_bailout,indonesia,USDC
386,0.831310349433106,3394229210.7893257,47,S5_twin_shock_imf_bailout,indonesia,USDC
387,0.8236294350970537,3309373480.5195932,47,S5_twin_shock_imf_bailout,indonesia,USDC
388,0.822023697762649,3226639143.5066032,47,S5_twin_shock_imf_bailout,indonesia,USDC
389,0.7930592961661359,3145973164.918938,47,S5_twin_shock_imf_bailout,indonesia,USDC
390,0.795883519698123,3067323835.7959642,47,S5_twin_shock_imf_bailout,indonesia,USDC
391,0.785778505720834,2990640739.9010653,47,S5_twin_shock_imf_bailout,indonesia,USDC
392,0.8122507285318463,2915874721.4035387,47,S5_twin_shock_imf_bailout,indonesia,USDC
393,0.8136625654242859,2842977853.3684506,47,S5_twin_shock_imf_bailout,indonesia,USDC
394,0.8062453140979201,2771903407.0342393,47,S5_twin_shock_imf_bailout,indonesia,USDC
395,0.8171588247936108,2702605821.858383,47,S5_twin_shock_imf_bailout,indonesia,USDC
396,0.792846960926451,2635040676.3119235,47,S5_twin_shock_imf_bailout,indonesia,USDC
397,0.7813924313408841,2569164659.404125,47,S5_twin_shock_imf_bailout,indonesia,USDC
398,0.7788319559976435,2504935542.9190226,47,S5_twin_shock_imf_bailout,indonesia,USDC
399,0.7677502584816069,2442312154.346047,47,S5_twin_shock_imf_bailout,indonesia,USDC
400,0.7573078385415544,2381254350.4873953,47,S5_twin_shock_imf_bailout,indonesia,USDC
401,0.7795337332347315,2321722991.7252107,47,S5_twin_shock_imf_bailout,indonesia,USDC
402,0.787825090754863,2263679916.9320803,47,S5_twin_shock_imf_bailout,indonesia,USDC
403,0.8019034740063211,2207087919.008778,47,S5_twin_shock_imf_bailout,indonesia,USDC
404,0.8029359803499252,2151910721.033559,47,S5_twin_shock_imf_bailout,indonesia,USDC
405,0.8086818636749243,2098112953.00772,47,S5_twin_shock_imf_bailout,indonesia,USDC
406,0.8130411285269679,2045660129.1825268,47,S5_twin_shock_imf_bailout,indonesia,USDC
407,0.8130554467954182,1994518625.9529636,47,S5_twin_shock_imf_bailout,indonesia,USDC
408,0.7910460158756007,1944655660.3041394,47,S5_twin_shock_imf_bailout,indonesia,USDC
409,0.7997889358928087,1896039268.796536,47,S5_twin_shock_imf_bailout,indonesia,USDC
410,0.8033707341877793,1848638287.0766225,47,S5_twin_shock_imf_bailout,indonesia,USDC
411,0.7971408216171736,1802422329.8997068,47,S5_twin_shock_imf_bailout,indonesia,USDC
412,0.79297241493044,1757361771.652214,47,S5_twin_shock_imf_bailout,indonesia,USDC
413,0.8074427757838738,1713427727.360909,47,S5_twin_shock_imf_bailout,indonesia,USDC
414,0.8172927869961445,1670592034.1768863,47,S5_twin_shock_imf_bailout,indonesia,USDC
415,0.8262095617309536,1628827233.322464,47,S5_twin_shock_imf_bailout,indonesia,USDC
416,0.789244277917396,1588106552.4894025,47,S5_twin_shock_imf_bailout,indonesia,USDC
417,0.7700379458444224,1548403888.6771674,47,S5_twin_shock_imf_bailout,indonesia,USDC
418,0.7878995665667673,1509693791.4602382,47,S5_twin_shock_imf_bailout,indonesia,USDC
419,0.819641898454703,1471951446.6737323,47,S5_twin_shock_imf_bailout,indonesia,USDC
420,0.826967022421465,1435152660.5068889,47,S5_twin_shock_imf_bailout,indonesia,USDC
421,0.8235766597108344,1399273843.9942167,47,S5_twin_shock_imf_bailout,indonesia,USDC
422,0.8088415849210215,1364291997.8943613,47,S5_twin_shock_imf_bailout,indonesia,USDC
423,0.810904821162405,1330184697.9470022,47,S5_twin_shock_imf_bailout,indonesia,USDC
424,0.8332988860384264,1296930080.4983273,47,S5_twin_shock_imf_bailout,indonesia,USDC
425,0.8000569901856973,1264506828.4858692,47,S5_twin_shock_imf_bailout,indonesia,USDC
426,0.7939663503140163,1232894157.7737222,47,S5_twin_shock_imf_bailout,indonesia,USDC
427,0.8062510008376889,1202071803.829379,47,S5_twin_shock_imf_bailout,indonesia,USDC
428,0.8005430925378861,1172020008.7336447,47,S5_twin_shock_imf_bailout,indonesia,USDC
429,0.8095256196938001,1142719508.5153036,47,S5_twin_shock_imf_bailout,indonesia,USDC
430,0.799680582394095,1114151520.802421,47,S5_twin_shock_imf_bailout,indonesia,USDC
431,0.7726764647466551,1086297732.7823606,47,S5_twin_shock_imf_bailout,indonesia,USDC
432,0.8029402355445352,1059140289.4628015,47,S5_twin_shock_imf_bailout,indonesia,USDC
433,0.8003886401704146,1032661782.2262313,47,S5_twin_shock_imf_bailout,indonesia,USDC
434,0.797035767277048,1006845237.6705756,47,S5_twin_shock_imf_bailout,indonesia,USDC
435,0.7963431131762005,981674106.7288113,47,S5_twin_shock_imf_bailout,indonesia,USDC
436,0.7961517164662137,957132254.060591,47,S5_twin_shock_imf_bailout,indonesia,USDC
437,0.7874849901443634,933203947.7090762,47,S5_twin_shock_imf_bailout,indonesia,USDC
438,0.7926616285495421,909873849.0163494,47,S5_twin_shock_imf_bailout,indonesia,USDC
439,0.8113531680284998,887127002.7909408,47,S5_twin_shock_imf_bailout,indonesia,USDC
440,0.811587414417412,864948827.7211671,47,S5_twin_shock_imf_bailout,indonesia,USDC
441,0.7982753565795218,843325107.028138,47,S5_twin_shock_imf_bailout,indonesia,USDC
442,0.7871819491183152,822241979.3524346,47,S5_twin_shock_imf_bailout,indonesia,USDC
443,0.7979437768297933,801685929.8686237,47,S5_twin_shock_imf_bailout,indonesia,USDC
444,0.823128285100475,781643781.6219082,47,S5_twin_shock_imf_bailout,indonesia,USDC
445,0.7931150939698474,762102687.0813603,47,S5_twin_shock_imf_bailout,indonesia,USDC
446,0.8039738141048438,743050119.9043264,47,S5_twin_shock_imf_bailout,indonesia,USDC
447,0.8013620546467738,724473866.9067183,47,S5_twin_shock_imf_bailout,indonesia,USDC
448,0.7902150038872646,706362020.2340503,47,S5_twin_shock_imf_bailout,indonesia,USDC
449,0.7933418166869576,688702969.728199,47,S5_twin_shock_imf_bailout,indonesia,USDC
450,0.7764911243645481,671485395.484994,47,S5_twin_shock_imf_bailout,indonesia,USDC
451,0.7752252762398666,654698260.5978692,47,S5_twin_shock_imf_bailout,indonesia,USDC
452,0.7716084422816452,638330804.0829225,47,S5_twin_shock_imf_bailout,indonesia,USDC
453,0.7641160870105962,622372533.9808494,47,S5_twin_shock_imf_bailout,indonesia,USDC
454,0.7665051422564446,606813220.6313281,47,S5_twin_shock_imf_bailout,indonesia,USDC
455,0.7721294439109208,591642890.115545,47,S5_twin_shock_imf_bailout,indonesia,USDC
456,0.796017145687915,576851817.8626564,47,S5_twin_shock_imf_bailout,indonesia,USDC
457,0.7986427833926854,562430522.41609,47,S5_twin_shock_imf_bailout,indonesia,USDC
458,0.8210466824814875,548369759.3556877,47,S5_twin_shock_imf_bailout,indonesia,USDC
459,0.8307809570796668,534660515.37179554,47,S5_twin_shock_imf_bailout,indonesia,USDC
460,0.8327389147630541,521294002.48750067,47,S5_twin_shock_imf_bailout,indonesia,USDC
461,0.8238135483717828,508261652.4253131,47,S5_twin_shock_imf_bailout,indonesia,USDC
462,0.836017712947063,495555111.11468035,47,S5_twin_shock_imf_bailout,indonesia,USDC
463,0.8590903025317477,483166233.33681333,47,S5_twin_shock_imf_bailout,indonesia,USDC
464,0.8481467194266931,471087077.50339305,47,S5_twin_shock_imf_bailout,indonesia,USDC
465,0.8582353892889952,459309900.5658082,47,S5_twin_shock_imf_bailout,indonesia,USDC
466,0.8630297956789835,447827153.051663,47,S5_twin_shock_imf_bailout,indonesia,USDC
467,0.8575752938728843,436631474.2253714,47,S5_twin_shock_imf_bailout,indonesia,USDC
468,0.8404584789176542,425715687.36973715,47,S5_twin_shock_imf_bailout,indonesia,USDC
469,0.852481433794375,415072795.18549365,47,S5_twin_shock_imf_bailout,indonesia,USDC
470,0.8542606759561716,404695975.30585635,47,S5_twin_shock_imf_bailout,indonesia,USDC
471,0.8556396073776928,394578575.9232099,47,S5_twin_shock_imf_bailout,indonesia,USDC
472,0.8600460405939085,384714111.5251297,47,S5_twin_shock_imf_bailout,indonesia,USDC
473,0.8605201725576977,375096258.7370014,47,S5_twin_shock_imf_bailout,indonesia,USDC
474,0.807843044967114,365718852.2685764,47,S5_twin_shock_imf_bailout,indonesia,USDC
475,0.7974815137641117,356575880.96186197,47,S5_twin_shock_imf_bailout,indonesia,USDC
476,0.7912547265381334,347661483.9378154,47,S5_twin_shock_imf_bailout,indonesia,USDC
477,0.7795257032895478,338969946.8393701,47,S5_twin_shock_imf_bailout,indonesia,USDC
478,0.7692455439602334,330495698.1683858,47,S5_twin_shock_imf_bailout,indonesia,USDC
479,0.7495601268639501,322233305.7141761,47,S5_twin_shock_imf_bailout,indonesia,USDC
480,0.7430004667890637,314177473.0713217,47,S5_twin_shock_imf_bailout,indonesia,USDC
481,0.7421370379647886,306323036.2445387,47,S5_twin_shock_imf_bailout,indonesia,USDC
482,0.7700543479448184,298664960.3384252,47,S5_twin_shock_imf_bailout,indonesia,USDC
483,0.7828548018450655,291198336.3299646,47,S5_twin_shock_imf_bailout,indonesia,USDC
484,0.7802003990837062,283918377.9217155,47,S5_twin_shock_imf_bailout,indonesia,USDC
485,0.7701591978607228,276820418.4736726,47,S5_twin_shock_imf_bailout,indonesia,USDC
486,0.7678094381891335,269899908.0118308,47,S5_twin_shock_imf_bailout,indonesia,USDC
487,0.7568695785850905,263152410.311535,47,S5_twin_shock_imf_bailout,indonesia,USDC
488,0.7590426576085066,256573600.05374664,47,S5_twin_shock_imf_bailout,indonesia,USDC
489,0.7725227490329528,250159260.05240297,47,S5_twin_shock_imf_bailout,indonesia,USDC
490,0.7799444716262277,243905278.5510929,47,S5_twin_shock_imf_bailout,indonesia,USDC
491,0.7933285992008866,237807646.58731556,47,S5_twin_shock_imf_bailout,indonesia,USDC
492,0.7771865056943231,231862455.4226327,47,S5_twin_shock_imf_bailout,indonesia,USDC
493,0.7701807296322756,226065894.03706682,47,S5_twin_shock_imf_bailout,indonesia,USDC
494,0.7963510691212907,220414246.68614018,47,S5_twin_shock_imf_bailout,indonesia,USDC
495,0.7770414280276736,214903890.51898667,47,S5_twin_shock_imf_bailout,indonesia,USDC
496,0.7590615116199475,209531293.25601202,47,S5_twin_shock_imf_bailout,indonesia,USDC
497,0.7750613955449394,204293010.9246117,47,S5_twin_shock_imf_bailout,indonesia,USDC
498,0.7548460063283375,199185685.6514964,47,S5_twin_shock_imf_bailout,indonesia,USDC
499,0.761079184681075,194206043.51020902,47,S5_twin_shock_imf_bailout,indonesia,USDC
500,0.7658816415743188,189350892.4224538,47,S5_twin_shock_imf_bailout,indonesia,USDC
501,0.7638284056385779,184617120.11189246,47,S5_twin_shock_imf_bailout,indonesia,USDC
502,0.7657424956578547,180001692.10909513,47,S5_twin_shock_imf_bailout,indonesia,USDC
503,0.7595675972228734,175501649.80636775,47,S5_twin_shock_imf_bailout,indonesia,USDC
504,0.7568264237750447,171114108.56120858,47,S5_twin_shock_imf_bailout,indonesia,USDC
505,0.7613756548417331,166836255.84717834,47,S5_twin_shock_imf_bailout,indonesia,USDC
506,0.7720328620672084,162665349.4509989,47,S5_twin_shock_imf_bailout,indonesia,USDC
507,0.7795751137374266,158598715.7147239,47,S5_twin_shock_imf_bailout,indonesia,USDC
508,0.7574564420467899,154633747.8218558,47,S5_twin_shock_imf_bailout,indonesia,USDC
509,0.7742743072744913,150767904.12630942,47,S5_twin_shock_imf_bailout,indonesia,USDC
510,0.7818006755184412,146998706.5231517,47,S5_twin_shock_imf_bailout,indonesia,USDC
511,0.7950416152201449,143323738.8600729,47,S5_twin_shock_imf_bailout,indonesia,USDC
512,0.7811431672214255,139740645.38857105,47,S5_twin_shock_imf_bailout,indonesia,USDC
513,0.7692802904355748,136247129.25385678,47,S5_twin_shock_imf_bailout,indonesia,USDC
514,0.7381311322495018,132840951.02251038,47,S5_twin_shock_imf_bailout,indonesia,USDC
515,0.7348079754528097,129519927.24694762,47,S5_twin_shock_imf_bailout,indonesia,USDC
516,0.7412396360432535,126281929.0657739,47,S5_twin_shock_imf_bailout,indonesia,USDC
517,0.7485630886670267,123124880.83912957,47,S5_twin_shock_imf_bailout,indonesia,USDC
518,0.7632066970540381,120046758.81815132,47,S5_twin_shock_imf_bailout,indonesia,USDC
519,0.77637067054377,117045589.84769756,47,S5_twin_shock_imf_bailout,indonesia,USDC
520,0.7816312867523159,114119450.1015051,47,S5_twin_shock_imf_bailout,indonesia,USDC
521,0.7743275753600946,111266463.84896746,47,S5_twin_shock_imf_bailout,indonesia,USDC
522,0.7945822485409195,108484802.2527433,47,S5_twin_shock_imf_bailout,indonesia,USDC
523,0.7922602848580762,105772682.19642472,47,S5_twin_shock_imf_bailout,indonesia,USDC
524,0.7644170022644826,103128365.1415141,47,S5_twin_shock_imf_bailout,indonesia,USDC
525,0.7684458626997177,100550156.01297624,47,S5_twin_shock_imf_bailout,indonesia,USDC
526,0.7532049158805626,98036402.11265184,47,S5_twin_shock_imf_bailout,indonesia,USDC
527,0.7527898983481532,95585492.05983554,47,S5_twin_shock_imf_bailout,indonesia,USDC
528,0.7522825510325861,93195854.75833964,47,S5_twin_shock_imf_bailout,indonesia,USDC
529,0.7540283486698242,90865958.38938116,47,S5_twin_shock_imf_bailout,indonesia,USDC
530,0.7589676358267514,88594309.42964664,47,S5_twin_shock_imf_bailout,indonesia,USDC
531,0.6472185090568899,86379451.69390547,47,S5_twin_shock_imf_bailout,indonesia,USDC
532,0.6760792084797801,84219965.40155783,47,S5_twin_shock_imf_bailout,indonesia,USDC
533,0.6837722389489389,82114466.26651889,47,S5_twin_shock_imf_bailout,indonesia,USDC
534,0.6933844530184557,80061604.60985592,47,S5_twin_shock_imf_bailout,indonesia,USDC
535,0.7288225687145814,78060064.49460952,47,S5_twin_shock_imf_bailout,indonesia,USDC
536,0.7387148750430779,76108562.88224429,47,S5_twin_shock_imf_bailout,indonesia,USDC
537,0.735528719800438,74205848.81018817,47,S5_twin_shock_imf_bailout,indonesia,USDC
538,0.7413075356359985,72350702.58993347,47,S5_twin_shock_imf_bailout,indonesia,USDC
539,0.7535512687541598,70541935.02518514,47,S5_twin_shock_imf_bailout,indonesia,USDC
540,0.7620887528120162,68778386.6495555,47,S5_twin_shock_imf_bailout,indonesia,USDC
541,0.7926795287261316,67058926.98331662,47,S5_twin_shock_imf_bailout,indonesia,USDC
542,0.7766319097426251,65382453.8087337,47,S5_twin_shock_imf_bailout,indonesia,USDC
543,0.7984491720286563,63747892.46351536,47,S5_twin_shock_imf_bailout,indonesia,USDC
544,0.8099852976174677,62154195.15192748,47,S5_twin_shock_imf_bailout,indonesia,USDC
545,0.8274564794518265,60600340.27312929,47,S5_twin_shock_imf_bailout,indonesia,USDC
546,0.8272770619814955,59085331.76630106,47,S5_twin_shock_imf_bailout,indonesia,USDC
547,0.8201625072014312,57608198.47214353,47,S5_twin_shock_imf_bailout,indonesia,USDC
548,0.842718156603288,56167993.51033994,47,S5_twin_shock_imf_bailout,indonesia,USDC
549,0.8253087663876594,54763793.67258144,47,S5_twin_shock_imf_bailout,indonesia,USDC
550,0.8247554331040279,53394698.8307669,47,S5_twin_shock_imf_bailout,indonesia,USDC
551,0.8284338100479695,52059831.359997734,47,S5_twin_shock_imf_bailout,indonesia,USDC
552,0.8290267369893554,50758335.575997785,47,S5_twin_shock_imf_bailout,indonesia,USDC
553,0.8302949352711486,49489377.18659785,47,S5_twin_shock_imf_bailout,indonesia,USDC
554,0.8269709816992523,48252142.7569329,47,S5_twin_shock_imf_bailout,indonesia,USDC
555,0.8164025548119986,47045839.188009575,47,S5_twin_shock_imf_bailout,indonesia,USDC
556,0.8159436163185425,45869693.20830934,47,S5_twin_shock_imf_bailout,indonesia,USDC
557,0.8088004198777806,44722950.8781016,47,S5_twin_shock_imf_bailout,indonesia,USDC
558,0.8293912668928549,43604877.106149055,47,S5_twin_shock_imf_bailout,indonesia,USDC
559,0.8493005067883701,42514755.17849533,47,S5_twin_shock_imf_bailout,indonesia,USDC
560,0.8161077003466529,41451886.29903294,47,S5_twin_shock_imf_bailout,indonesia,USDC
561,0.8196302156234271,40415589.14155712,47,S5_twin_shock_imf_bailout,indonesia,USDC
562,0.806410702630148,39405199.4130182,47,S5_twin_shock_imf_bailout,indonesia,USDC
563,0.8074049091764408,38420069.42769274,47,S5_twin_shock_imf_bailout,indonesia,USDC
564,0.8122325666777342,37459567.69200042,47,S5_twin_shock_imf_bailout,indonesia,USDC
565,0.8039487278222213,36523078.49970041,47,S5_twin_shock_imf_bailout,indonesia,USDC
566,0.8007240124752047,35610001.537207894,47,S5_twin_shock_imf_bailout,indonesia,USDC
567,0.785025250337055,34719751.4987777,47,S5_twin_shock_imf_bailout,indonesia,USDC
568,0.7756325425391192,33851757.711308256,47,S5_twin_shock_imf_bailout,indonesia,USDC
569,0.7884615191306935,33005463.768525552,47,S5_twin_shock_imf_bailout,indonesia,USDC
570,0.7576777675831091,32180327.174312413,47,S5_twin_shock_imf_bailout,indonesia,USDC
571,0.7852688307345019,31375818.9949546,47,S5_twin_shock_imf_bailout,indonesia,USDC
572,0.7922261499017836,30591423.520080738,47,S5_twin_shock_imf_bailout,indonesia,USDC
573,0.7693868684375657,29826637.93207872,47,S5_twin_shock_imf_bailout,indonesia,USDC
574,0.7508367846514684,29080971.98377675,47,S5_twin_shock_imf_bailout,indonesia,USDC
575,0.7647053746973183,28353947.68418233,47,S5_twin_shock_imf_bailout,indonesia,USDC
576,0.7644310213649427,27645098.992077775,47,S5_twin_shock_imf_bailout,indonesia,USDC
577,0.7526920771512604,26953971.51727583,47,S5_twin_shock_imf_bailout,indonesia,USDC
578,0.7488574163767497,26280122.229343936,47,S5_twin_shock_imf_bailout,indonesia,USDC
579,0.7480758715502007,25623119.173610337,47,S5_twin_shock_imf_bailout,indonesia,USDC
580,0.7634648076722937,24982541.194270078,47,S5_twin_shock_imf_bailout,indonesia,USDC
581,0.7730032276612602,24357977.664413325,47,S5_twin_shock_imf_bailout,indonesia,USDC
582,0.7454061902895865,23749028.222802993,47,S5_twin_shock_imf_bailout,indonesia,USDC
583,0.7672652465823987,23155302.517232917,47,S5_twin_shock_imf_bailout,indonesia,USDC
584,0.7489652610927265,22576419.954302095,47,S5_twin_shock_imf_bailout,indonesia,USDC
585,0.7295478418103624,22012009.455444545,47,S5_twin_shock_imf_bailout,indonesia,USDC
586,0.7681209384975721,21461709.219058428,47,S5_twin_shock_imf_bailout,indonesia,USDC
587,0.7905993439354297,20925166.488581967,47,S5_twin_shock_imf_bailout,indonesia,USDC
588,0.7899615595805254,20402037.32636742,47,S5_twin_shock_imf_bailout,indonesia,USDC
589,0.79108223744314,19891986.393208236,47,S5_twin_shock_imf_bailout,indonesia,USDC
590,0.7698044736877985,19394686.733378027,47,S5_twin_shock_imf_bailout,indonesia,USDC
591,0.769627904495425,18909819.565043576,47,S5_twin_shock_imf_bailout,indonesia,USDC
592,0.7718174368085039,18437074.075917486,47,S5_twin_shock_imf_bailout,indonesia,USDC
593,0.7675582808050392,17976147.22401955,47,S5_twin_shock_imf_bailout,indonesia,USDC
594,0.7698640796543619,17526743.543419063,47,S5_twin_shock_imf_bailout,indonesia,USDC
595,0.7736179328599914,17088574.954833582,47,S5_twin_shock_imf_bailout,indonesia,USDC
596,0.7782223122194267,16661360.580962744,47,S5_twin_shock_imf_bailout,indonesia,USDC
597,0.7648519577314993,16244826.566438675,47,S5_twin_shock_imf_bailout,indonesia,USDC
598,0.7837404567018404,15838705.902277708,47,S5_twin_shock_imf_bailout,indonesia,USDC
599,0.7999220815039326,15442738.254720766,47,S5_twin_shock_imf_bailout,indonesia,USDC
600,0.7908095581542558,15056669.798352746,47,S5_twin_shock_imf_bailout,indonesia,USDC
601,0.7859217769336863,14680253.05339393,47,S5_twin_shock_imf_bailout,indonesia,USDC
602,0.798060191275263,14313246.727059081,47,S5_twin_shock_imf_bailout,indonesia,USDC
603,0.8115313909327143,13955415.558882605,47,S5_twin_shock_imf_bailout,indonesia,USDC
604,0.8148137828533725,13606530.169910539,47,S5_twin_shock_imf_bailout,indonesia,USDC
605,0.7956337706044975,13266366.915662775,47,S5_twin_shock_imf_bailout,indonesia,USDC
606,0.797440029848945,12934707.742771206,47,S5_twin_shock_imf_bailout,indonesia,USDC
607,0.8230800538755065,12611340.049201924,47,S5_twin_shock_imf_bailout,indonesia,USDC
608,0.8227808483998845,12296056.547971876,47,S5_twin_shock_imf_bailout,indonesia,USDC
609,0.8286526562160592,11988655.13427258,47,S5_twin_shock_imf_bailout,indonesia,USDC
610,0.826066953820561,11688938.755915767,47,S5_twin_shock_imf_bailout,indonesia,USDC
611,0.7681581206408243,11396715.287017873,47,S5_twin_shock_imf_bailout,indonesia,USDC
612,0.7722763710568448,11111797.404842425,47,S5_twin_shock_imf_bailout,indonesia,USDC
613,0.758625227855977,10834002.469721364,47,S5_twin_shock_imf_bailout,indonesia,USDC
614,0.7703833305365996,10563152.40797833,47,S5_twin_shock_imf_bailout,indonesia,USDC
615,0.7525452964678102,10299073.597778872,47,S5_twin_shock_imf_bailout,indonesia,USDC
616,0.7627805350150205,10041596.7578344,47,S5_twin_shock_imf_bailout,indonesia,USDC
617,0.7781318002014985,9790556.83888854,47,S5_twin_shock_imf_bailout,indonesia,USDC
618,0.7858896190565233,9545792.917916326,47,S5_twin_shock_imf_bailout,indonesia,USDC
619,0.7709628050654482,9307148.09496842,47,S5_twin_shock_imf_bailout,indonesia,USDC
620,0.7697618870945265,9074469.392594207,47,S5_twin_shock_imf_bailout,indonesia,USDC
621,0.7563333451215914,8847607.657779353,47,S5_twin_shock_imf_bailout,indonesia,USDC
622,0.7631080436792379,8626417.466334868,47,S5_twin_shock_imf_bailout,indonesia,USDC
623,0.8028529034156164,8410757.029676497,47,S5_twin_shock_imf_bailout,indonesia,USDC
624,0.8205743246297719,8200488.103934586,47,S5_twin_shock_imf_bailout,indonesia,USDC
625,0.8126235888206075,7995475.901336221,47,S5_twin_shock_imf_bailout,indonesia,USDC
626,0.806826450895492,7795589.003802815,47,S5_twin_shock_imf_bailout,indonesia,USDC
627,0.7896999336556748,7600699.2787077455,47,S5_twin_shock_imf_bailout,indonesia,USDC
628,0.8042307795325313,7410681.796740052,47,S5_twin_shock_imf_bailout,indonesia,USDC
629,0.8084539146569368,7225414.7518215515,47,S5_twin_shock_imf_bailout,indonesia,USDC
630,0.8342538363262441,7044779.383026012,47,S5_twin_shock_imf_bailout,indonesia,USDC
631,0.8452420801607193,6868659.898450362,47,S5_twin_shock_imf_bailout,indonesia,USDC
632,0.8232429431245775,6696943.400989104,47,S5_twin_shock_imf_bailout,indonesia,USDC
633,0.8200886388412665,6529519.815964376,47,S5_twin_shock_imf_bailout,indonesia,USDC
634,0.793976536456025,6366281.820565267,47,S5_twin_shock_imf_bailout,indonesia,USDC
635,0.7900301234774235,6207124.775051135,47,S5_twin_shock_imf_bailout,indonesia,USDC
636,0.8056284927635079,6051946.655674856,47,S5_twin_shock_imf_bailout,indonesia,USDC
637,0.8295754189568922,5900647.989282984,47,S5_twin_shock_imf_bailout,indonesia,USDC
638,0.8499053158458546,5753131.78955091,47,S5_twin_shock_imf_bailout,indonesia,USDC
639,0.8284449797736758,5609303.494812137,47,S5_twin_shock_imf_bailout,indonesia,USDC
640,0.8261252802254385,5469070.907441834,47,S5_twin_shock_imf_bailout,indonesia,USDC
641,0.8093251747971767,5332344.134755788,47,S5_twin_shock_imf_bailout,indonesia,USDC
642,0.813534903417016,5199035.531386893,47,S5_twin_shock_imf_bailout,indonesia,USDC
643,0.8080386290821826,5069059.643102221,47,S5_twin_shock_imf_bailout,indonesia,USDC
644,0.8134367855138207,4942333.152024666,47,S5_twin_shock_imf_bailout,indonesia,USDC
645,0.7874225364524967,4818774.823224049,47,S5_twin_shock_imf_bailout,indonesia,USDC
646,0.7992885028501149,4698305.452643448,47,S5_twin_shock_imf_bailout,indonesia,USDC
647,0.8098746320885617,4580847.816327361,47,S5_twin_shock_imf_bailout,indonesia,USDC
648,0.8026110708789089,4466326.620919178,47,S5_twin_shock_imf_bailout,indonesia,USDC
649,0.8101260068878785,4354668.455396198,47,S5_twin_shock_imf_bailout,indonesia,USDC
650,0.833522456608607,4245801.744011294,47,S5_twin_shock_imf_bailout,indonesia,USDC
651,0.8175392513163622,4139656.7004110115,47,S5_twin_shock_imf_bailout,indonesia,USDC
652,0.8053178242764129,4036165.282900736,47,S5_twin_shock_imf_bailout,indonesia,USDC
653,0.811075543520122,3935261.150828218,47,S5_twin_shock_imf_bailout,indonesia,USDC
654,0.8165489654618076,3836879.6220575124,47,S5_twin_shock_imf_bailout,indonesia,USDC
655,0.8155509220002898,3740957.6315060747,47,S5_twin_shock_imf_bailout,indonesia,USDC
656,0.7925260573781497,3647433.6907184226,47,S5_twin_shock_imf_bailout,indonesia,USDC
657,0.7826146908903417,3556247.8484504623,47,S5_twin_shock_imf_bailout,indonesia,USDC
658,0.6734831204344655,3467341.6522392007,47,S5_twin_shock_imf_bailout,indonesia,USDC
659,0.6952402794607483,3380658.110933221,47,S5_twin_shock_imf_bailout,indonesia,USDC
660,0.717627112646397,3296141.6581598907,47,S5_twin_shock_imf_bailout,indonesia,USDC
661,0.7134481830512961,3213738.116705893,47,S5_twin_shock_imf_bailout,indonesia,USDC
662,0.7216165032306493,3133394.663788246,47,S5_twin_shock_imf_bailout,indonesia,USDC
663,0.7046707979220058,3055059.79719354,47,S5_twin_shock_imf_bailout,indonesia,USDC
664,0.7346073877121662,2978683.3022637013,47,S5_twin_shock_imf_bailout,indonesia,USDC
665,0.7649096830538663,2904216.219707109,47,S5_twin_shock_imf_bailout,indonesia,USDC
666,0.7791419673194486,2831610.814214431,47,S5_twin_shock_imf_bailout,indonesia,USDC
667,0.7817769740994844,2760820.54385907,47,S5_twin_shock_imf_bailout,indonesia,USDC
668,0.7827964296079776,2691800.0302625936,47,S5_twin_shock_imf_bailout,indonesia,USDC
669,0.779371280113935,2624505.0295060286,47,S5_twin_shock_imf_bailout,indonesia,USDC
670,0.7992558201432377,2558892.4037683783,47,S5_twin_shock_imf_bailout,indonesia,USDC
671,0.7962656978445509,2494920.0936741685,47,S5_twin_shock_imf_bailout,indonesia,USDC
672,0.7738010355158378,2432547.0913323145,47,S5_twin_shock_imf_bailout,indonesia,USDC
673,0.7755455558776769,2371733.4140490065,47,S5_twin_shock_imf_bailout,indonesia,USDC
674,0.7494555542454595,2312440.078697781,47,S5_twin_shock_imf_bailout,indonesia,USDC
675,0.743986325697386,2254629.076730337,47,S5_twin_shock_imf_bailout,indonesia,USDC
676,0.7644945256413543,2198263.3498120783,47,S5_twin_shock_imf_bailout,indonesia,USDC
677,0.7457423959185723,2143306.7660667766,47,S5_twin_shock_imf_bailout,indonesia,USDC
678,0.7391131095604381,2089724.096915107,47,S5_twin_shock_imf_bailout,indonesia,USDC
679,0.7462344355455235,2037480.9944922295,47,S5_twin_shock_imf_bailout,indonesia,USDC
680,0.7655428762670766,1986543.9696299236,47,S5_twin_shock_imf_bailout,indonesia,USDC
681,0.7491818232253018,1936880.3703891756,47,S5_twin_shock_imf_bailout,indonesia,USDC
682,0.7592673523872583,1888458.3611294462,47,S5_twin_shock_imf_bailout,indonesia,USDC
683,0.7600501798433723,1841246.9021012103,47,S5_twin_shock_imf_bailout,indonesia,USDC
684,0.7666550044391273,1795215.7295486801,47,S5_twin_shock_imf_bailout,indonesia,USDC
685,0.7616181924070959,1750335.336309963,47,S5_twin_shock_imf_bailout,indonesia,USDC
686,0.7934798542711674,1706576.952902214,47,S5_twin_shock_imf_bailout,indonesia,USDC
687,0.8022950526264891,1663912.5290796584,47,S5_twin_shock_imf_bailout,indonesia,USDC
688,0.8356459159395679,1622314.715852667,47,S5_twin_shock_imf_bailout,indonesia,USDC
689,0.8282028225530879,1581756.8479563503,47,S5_twin_shock_imf_bailout,indonesia,USDC
690,0.8148473475202523,1542212.9267574416,47,S5_twin_shock_imf_bailout,indonesia,USDC
691,0.79228293663285,1503657.6035885056,47,S5_twin_shock_imf_bailout,indonesia,USDC
692,0.7748226866278483,1466066.163498793,47,S5_twin_shock_imf_bailout,indonesia,USDC
693,0.7519650354852389,1429414.5094113231,47,S5_twin_shock_imf_bailout,indonesia,USDC
694,0.7250594623685401,1393679.14667604,47,S5_twin_shock_imf_bailout,indonesia,USDC
695,0.7545493731201505,1358837.1680091391,47,S5_twin_shock_imf_bailout,indonesia,USDC
696,0.7565611032679133,1324866.2388089106,47,S5_twin_shock_imf_bailout,indonesia,USDC
697,0.7411590785719526,1291744.5828386878,47,S5_twin_shock_imf_bailout,indonesia,USDC
698,0.7292257872133704,1259450.9682677207,47,S5_twin_shock_imf_bailout,indonesia,USDC
699,0.7401630945685513,1227964.6940610276,47,S5_twin_shock_imf_bailout,indonesia,USDC
700,0.748344885886882,1197265.576709502,47,S5_twin_shock_imf_bailout,indonesia,USDC
701,0.7584552088049983,1167333.9372917644,47,S5_twin_shock_imf_bailout,indonesia,USDC
702,0.7436062495607472,1138150.5888594703,47,S5_twin_shock_imf_bailout,indonesia,USDC
703,0.7493526430732379,1109696.8241379836,47,S5_twin_shock_imf_bailout,indonesia,USDC
704,0.7482767969351897,1081954.403534534,47,S5_twin_shock_imf_bailout,indonesia,USDC
705,0.7653261042602671,1054905.5434461706,47,S5_twin_shock_imf_bailout,indonesia,USDC
706,0.7703729523812246,1028532.9048600163,47,S5_twin_shock_imf_bailout,indonesia,USDC
707,0.7568459424344314,1002819.5822385161,47,S5_twin_shock_imf_bailout,indonesia,USDC
708,0.7493021197203616,977749.092682553,47,S5_twin_shock_imf_bailout,indonesia,USDC
709,0.7483141473508232,953305.3653654892,47,S5_twin_shock_imf_bailout,indonesia,USDC
710,0.7362501089901463,929472.7312313521,47,S5_twin_shock_imf_bailout,indonesia,USDC
711,0.739859804712396,906235.9129505681,47,S5_twin_shock_imf_bailout,indonesia,USDC
712,0.7645492612082581,883580.0151268039,47,S5_twin_shock_imf_bailout,indonesia,USDC
713,0.7618086641833635,861490.5147486338,47,S5_twin_shock_imf_bailout,indonesia,USDC
714,0.7704492601709021,839953.2518799179,47,S5_twin_shock_imf_bailout,indonesia,USDC
715,0.7775574030027077,818954.4205829201,47,S5_twin_shock_imf_bailout,indonesia,USDC
716,0.7677419633284782,798480.560068347,47,S5_twin_shock_imf_bailout,indonesia,USDC
717,0.788560165380631,778518.5460666383,47,S5_twin_shock_imf_bailout,indonesia,USDC
718,0.7856019057350764,759055.5824149724,47,S5_twin_shock_imf_bailout,indonesia,USDC
719,0.7921901680860296,740079.192854598,47,S5_twin_shock_imf_bailout,indonesia,USDC
720,0.7774926616438841,721577.2130332331,47,S5_twin_shock_imf_bailout,indonesia,USDC
721,0.7679630036030746,703537.7827074022,47,S5_twin_shock_imf_bailout,indonesia,USDC
722,0.7697588130141767,685949.3381397172,47,S5_twin_shock_imf_bailout,indonesia,USDC
723,0.7799398809779509,668800.6046862244,47,S5_twin_shock_imf_bailout,indonesia,USDC
724,0.7927789676105074,652080.5895690687,47,S5_twin_shock_imf_bailout,indonesia,USDC
725,0.7776410089824687,635778.574829842,47,S5_twin_shock_imf_bailout,indonesia,USDC
726,0.7536867010915796,619884.110459096,47,S5_twin_shock_imf_bailout,indonesia,USDC
727,0.7491220537812189,604387.0076976186,47,S5_twin_shock_imf_bailout,indonesia,USDC
728,0.7558411983830859,589277.3325051782,47,S5_twin_shock_imf_bailout,indonesia,USDC
729,0.770382471268819,574545.3991925486,47,S5_twin_shock_imf_bailout,indonesia,USDC
730,0.7813445966044812,560181.764212735,47,S5_twin_shock_imf_bailout,indonesia,USDC
731,0.7980690003056313,546177.2201074165,47,S5_twin_shock_imf_bailout,indonesia,USDC
732,0.799594043992168,532522.7896047311,47,S5_twin_shock_imf_bailout,indonesia,USDC
733,0.8098667052149302,519209.71986461285,47,S5_twin_shock_imf_bailout,indonesia,USDC
734,0.8044799746295076,506229.47686799755,47,S5_twin_shock_imf_bailout,indonesia,USDC
735,0.8345906338832529,493573.7399462976,47,S5_twin_shock_imf_bailout,indonesia,USDC
736,0.8242227893937252,481234.39644764015,47,S5_twin_shock_imf_bailout,indonesia,USDC
737,0.8193175237084879,469203.5365364492,47,S5_twin_shock_imf_bailout,indonesia,USDC
738,0.8103392614873246,457473.44812303793,47,S5_twin_shock_imf_bailout,indonesia,USDC
739,0.8468526535320116,446036.611919962,47,S5_twin_shock_imf_bailout,indonesia,USDC
740,0.8373980831671508,434885.69662196294,47,S5_twin_shock_imf_bailout,indonesia,USDC
741,0.8380698448647854,424013.5542064138,47,S5_twin_shock_imf_bailout,indonesia,USDC
742,0.8462449943084517,413413.2153512535,47,S5_twin_shock_imf_bailout,indonesia,USDC
743,0.8458271849718788,403077.8849674722,47,S5_twin_shock_imf_bailout,indonesia,USDC
744,0.8484049347011773,393000.9378432854,47,S5_twin_shock_imf_bailout,indonesia,USDC
745,0.8404039604045295,383175.91439720325,47,S5_twin_shock_imf_bailout,indonesia,USDC
746,0.8489597844853783,373596.5165372731,47,S5_twin_shock_imf_bailout,indonesia,USDC
747,0.8377356567636955,364256.6036238413,47,S5_twin_shock_imf_bailout,indonesia,USDC
748,0.8370199416148494,355150.18853324524,47,S5_twin_shock_imf_bailout,indonesia,USDC
749,0.8109760393444977,346271.4338199141,47,S5_twin_shock_imf_bailout,indonesia,USDC
750,0.8003950758780728,337614.6479744163,47,S5_twin_shock_imf_bailout,indonesia,USDC
751,0.7990587213652365,329174.2817750559,47,S5_twin_shock_imf_bailout,indonesia,USDC
752,0.8044040948683687,320944.9247306795,47,S5_twin_shock_imf_bailout,indonesia,USDC
753,0.8015395590903508,312921.3016124125,47,S5_twin_shock_imf_bailout,indonesia,USDC
754,0.8123967601577577,305098.2690721022,47,S5_twin_shock_imf_bailout,indonesia,USDC
755,0.8206320505780383,297470.81234529964,47,S5_twin_shock_imf_bailout,indonesia,USDC
756,0.8132497297013608,290034.0420366671,47,S5_twin_shock_imf_bailout,indonesia,USDC
757,0.8122469320807423,282783.19098575047,47,S5_twin_shock_imf_bailout,indonesia,USDC
758,0.7968671243058213,275713.6112111067,47,S5_twin_shock_imf_bailout,indonesia,USDC
759,0.7922167006684865,268820.770930829,47,S5_twin_shock_imf_bailout,indonesia,USDC
760,0.7881964271673843,262100.2516575583,47,S5_twin_shock_imf_bailout,indonesia,USDC
761,0.7939243280625181,255547.74536611934,47,S5_twin_shock_imf_bailout,indonesia,USDC
762,0.8186181212417719,249159.05173196635,47,S5_twin_shock_imf_bailout,indonesia,USDC
763,0.8193045963622346,242930.0754386672,47,S5_twin_shock_imf_bailout,indonesia,USDC
764,0.8496204701209595,236856.8235527005,47,S5_twin_shock_imf_bailout,indonesia,USDC
765,0.8504569542207793,230935.40296388298,47,S5_twin_shock_imf_bailout,indonesia,USDC
766,0.8319646323796402,225162.01788978593,47,S5_twin_shock_imf_bailout,indonesia,USDC
767,0.7856608143969681,219532.96744254127,47,S5_twin_shock_imf_bailout,indonesia,USDC
768,0.800035841692038,214044.64325647772,47,S5_twin_shock_imf_bailout,indonesia,USDC
769,0.789632883516267,208693.52717506583,47,S5_twin_shock_imf_bailout,indonesia,USDC
770,0.7936126749693393,203476.18899568915,47,S5_twin_shock_imf_bailout,indonesia,USDC
771,0.7666100703429765,198389.28427079692,47,S5_twin_shock_imf_bailout,indonesia,USDC
772,0.7799073754253742,193429.552164027,47,S5_twin_shock_imf_bailout,indonesia,USDC
773,0.7707487327094781,188593.8133599263,47,S5_twin_shock_imf_bailout,indonesia,USDC
774,0.7728207073750891,183878.96802592816,47,S5_twin_shock_imf_bailout,indonesia,USDC
775,0.6581679392579438,179281.99382527996,47,S5_twin_shock_imf_bailout,indonesia,USDC
776,0.6811531742263376,174799.94397964794,47,S5_twin_shock_imf_bailout,indonesia,USDC
777,0.6824714765567499,170429.94538015674,47,S5_twin_shock_imf_bailout,indonesia,USDC
778,0.6827223954108842,166169.19674565282,47,S5_twin_shock_imf_bailout,indonesia,USDC
779,0.700726639132383,162014.9668270115,47,S5_twin_shock_imf_bailout,indonesia,USDC
780,0.7191571452762324,157964.5926563362,47,S5_twin_shock_imf_bailout,indonesia,USDC
781,0.7410464142874704,154015.4778399278,47,S5_twin_shock_imf_bailout,indonesia,USDC
782,0.7576884272091599,150165.09089392962,47,S5_twin_shock_imf_bailout,indonesia,USDC
783,0.7339761449041,146410.96362158138,47,S5_twin_shock_imf_bailout,indonesia,USDC
784,0.7714142709936321,142750.68953104183,47,S5_twin_shock_imf_bailout,indonesia,USDC
785,0.7769682970338577,139181.92229276578,47,S5_twin_shock_imf_bailout,indonesia,USDC
786,0.7629072050759835,135702.37423544665,47,S5_twin_shock_imf_bailout,indonesia,USDC
787,0.7666299248079517,132309.8148795605,47,S5_twin_shock_imf_bailout,indonesia,USDC
788,0.7490759411967159,129002.06950757146,47,S5_twin_shock_imf_bailout,indonesia,USDC
789,0.7401395408368981,125777.0177698822,47,S5_twin_shock_imf_bailout,indonesia,USDC
790,0.765485709083635,122632.59232563514,47,S5_twin_shock_imf_bailout,indonesia,USDC
791,0.7513766957848963,119566.77751749425,47,S5_twin_shock_imf_bailout,indonesia,USDC
792,0.776679252013141,116577.6080795569,47,S5_twin_shock_imf_bailout,indonesia,USDC
793,0.8066738196185793,113663.16787756798,47,S5_twin_shock_imf_bailout,indonesia,USDC
794,0.78676112008458,110821.58868062877,47,S5_twin_shock_imf_bailout,indonesia,USDC
795,0.7635313784061865,108051.04896361305,47,S5_twin_shock_imf_bailout,indonesia,USDC
796,0.7635166105435736,105349.77273952273,47,S5_twin_shock_imf_bailout,indonesia,USDC
797,0.7624156327211867,102716.02842103466,47,S5_twin_shock_imf_bailout,indonesia,USDC
798,0.7579210025954197,100148.1277105088,47,S5_twin_shock_imf_bailout,indonesia,USDC
799,0.7652583365988093,97644.42451774608,47,S5_twin_shock_imf_bailout,indonesia,USDC
800,0.7745554099035142,95203.31390480242,47,S5_twin_shock_imf_bailout,indonesia,USDC
801,0.75275850364102,92823.23105718236,47,S5_twin_shock_imf_bailout,indonesia,USDC
802,0.7379842660217782,90502.6502807528,47,S5_twin_shock_imf_bailout,indonesia,USDC
803,0.7632393936381157,88240.08402373399,47,S5_twin_shock_imf_bailout,indonesia,USDC
804,0.7626494858513496,86034.08192314065,47,S5_twin_shock_imf_bailout,indonesia,USDC
805,0.7536057883516794,83883.22987506213,47,S5_twin_shock_imf_bailout,indonesia,USDC
806,0.7378843640419256,81786.14912818557,47,S5_twin_shock_imf_bailout,indonesia,USDC
807,0.7336218131124879,79741.49539998092,47,S5_twin_shock_imf_bailout,indonesia,USDC
808,0.7464806309182407,77747.95801498141,47,S5_twin_shock_imf_bailout,indonesia,USDC
809,0.7521531528662483,75804.25906460687,47,S5_twin_shock_imf_bailout,indonesia,USDC
810,0.7776612910137878,73909.1525879917,47,S5_twin_shock_imf_bailout,indonesia,USDC
811,0.7882800760950504,72061.4237732919,47,S5_twin_shock_imf_bailout,indonesia,USDC
812,0.8005846188358159,70259.8881789596,47,S5_twin_shock_imf_bailout,indonesia,USDC
813,0.7747422003473556,68503.39097448562,47,S5_twin_shock_imf_bailout,indonesia,USDC
814,0.7898738358586331,66790.80620012348,47,S5_twin_shock_imf_bailout,indonesia,USDC
815,0.7379610028937301,65121.0360451204,47,S5_twin_shock_imf_bailout,indonesia,USDC
816,0.7188853901970534,63493.01014399239,47,S5_twin_shock_imf_bailout,indonesia,USDC
817,0.7136225243027716,61905.684890392586,47,S5_twin_shock_imf_bailout,indonesia,USDC
818,0.7488845317839453,60358.04276813277,47,S5_twin_shock_imf_bailout,indonesia,USDC
819,0.7687380489900295,58849.09169892945,47,S5_twin_shock_imf_bailout,indonesia,USDC
820,0.7481442200372017,57377.86440645621,47,S5_twin_shock_imf_bailout,indonesia,USDC
821,0.753384145740984,55943.4177962948,47,S5_twin_shock_imf_bailout,indonesia,USDC
822,0.7672735352834705,54544.832351387435,47,S5_twin_shock_imf_bailout,indonesia,USDC
823,0.7685323205834785,53181.21154260276,47,S5_twin_shock_imf_bailout,indonesia,USDC
824,0.7708812740265029,51851.6812540377,47,S5_twin_shock_imf_bailout,indonesia,USDC
825,0.7705055868468774,50555.38922268675,47,S5_twin_shock_imf_bailout,indonesia,USDC
826,0.7745072075783893,49291.50449211958,47,S5_twin_shock_imf_bailout,indonesia,USDC
827,0.7585453087531191,48059.216879816595,47,S5_twin_shock_imf_bailout,indonesia,USDC
828,0.7745894574853932,46857.73645782118,47,S5_twin_shock_imf_bailout,indonesia,USDC
829,0.7889987229122498,45686.29304637565,47,S5_twin_shock_imf_bailout,indonesia,USDC
830,0.7989620682964721,44544.13572021626,47,S5_twin_shock_imf_bailout,indonesia,USDC
831,0.7989182770918577,43430.53232721085,47,S5_twin_shock_imf_bailout,indonesia,USDC
832,0.7808685584769477,42344.76901903058,47,S5_twin_shock_imf_bailout,indonesia,USDC
833,0.7900953901042417,41286.14979355482,47,S5_twin_shock_imf_bailout,indonesia,USDC
834,0.8080897561730686,40253.99604871594,47,S5_twin_shock_imf_bailout,indonesia,USDC
835,0.7998872934576436,39247.646147498046,47,S5_twin_shock_imf_bailout,indonesia,USDC
836,0.8038414461910789,38266.45499381059,47,S5_twin_shock_imf_bailout,indonesia,USDC
837,0.8203103918188513,37309.79361896533,47,S5_twin_shock_imf_bailout,indonesia,USDC
838,0.8251800849330645,36377.0487784912,47,S5_twin_shock_imf_bailout,indonesia,USDC
839,0.8005589256035431,35467.62255902892,47,S5_twin_shock_imf_bailout,indonesia,USDC
840,0.815230212585172,34580.93199505319,47,S5_twin_shock_imf_bailout,indonesia,USDC
841,0.7947186290484146,33716.40869517687,47,S5_twin_shock_imf_bailout,indonesia,USDC
842,0.7702349228707388,32873.498477797446,47,S5_twin_shock_imf_bailout,indonesia,USDC
843,0.771227572213845,32051.661015852507,47,S5_twin_shock_imf_bailout,indonesia,USDC
844,0.7687490116922256,31250.369490456193,47,S5_twin_shock_imf_bailout,indonesia,USDC
845,0.8055792277007243,30469.11025319479,47,S5_twin_shock_imf_bailout,indonesia,USDC
846,0.7866471613650252,29707.38249686492,47,S5_twin_shock_imf_bailout,indonesia,USDC
847,0.7889861873470237,28964.697934443302,47,S5_twin_shock_imf_bailout,indonesia,USDC
848,0.8178511811659539,28240.580486082217,47,S5_twin_shock_imf_bailout,indonesia,USDC
849,0.8330114110081716,27534.56597393016,47,S5_twin_shock_imf_bailout,indonesia,USDC
850,0.8274739041215592,26846.20182458191,47,S5_twin_shock_imf_bailout,indonesia,USDC
851,0.8536107196411024,26175.04677896736,47,S5_twin_shock_imf_bailout,indonesia,USDC
852,0.8688298076386083,25520.670609493172,47,S5_twin_shock_imf_bailout,indonesia,USDC
853,0.8638423418702235,24882.653844255845,47,S5_twin_shock_imf_bailout,indonesia,USDC
854,0.8314388747355124,24260.58749814945,47,S5_twin_shock_imf_bailout,indonesia,USDC
855,0.8176281821835615,23654.07281069571,47,S5_twin_shock_imf_bailout,indonesia,USDC
856,0.8017324422477938,23062.72099042832,47,S5_twin_shock_imf_bailout,indonesia,USDC
857,0.789824860892425,22486.152965667614,47,S5_twin_shock_imf_bailout,indonesia,USDC
858,0.7920708530069261,21923.99914152592,47,S5_twin_shock_imf_bailout,indonesia,USDC
859,0.7845508596277755,21375.89916298777,47,S5_twin_shock_imf_bailout,indonesia,USDC
860,0.7765836564774236,20841.501683913077,47,S5_twin_shock_imf_bailout,indonesia,USDC
861,0.7732129424995174,20320.46414181525,47,S5_twin_shock_imf_bailout,indonesia,USDC
862,0.7656049922608058,19812.45253826987,47,S5_twin_shock_imf_bailout,indonesia,USDC
863,0.7672222692248817,19317.141224813124,47,S5_twin_shock_imf_bailout,indonesia,USDC
864,0.7688839158660203,18834.212694192793,47,S5_twin_shock_imf_bailout,indonesia,USDC
865,0.7960126567097564,18363.357376837976,47,S5_twin_shock_imf_bailout,indonesia,USDC
866,0.7867444175473156,17904.273442417023,47,S5_twin_shock_imf_bailout,indonesia,USDC
867,0.8015156147643984,17456.666606356597,47,S5_twin_shock_imf_bailout,indonesia,USDC
868,0.8082837002829181,17020.249941197682,47,S5_twin_shock_imf_bailout,indonesia,USDC
869,0.8197231531393298,16594.74369266774,47,S5_twin_shock_imf_bailout,indonesia,USDC
870,0.8002523711937529,16179.875100351046,47,S5_twin_shock_imf_bailout,indonesia,USDC
871,0.8182894770427377,15775.378222842271,47,S5_twin_shock_imf_bailout,indonesia,USDC
872,0.81394241698773,15380.993767271215,47,S5_twin_shock_imf_bailout,indonesia,USDC
873,0.8295216228906881,14996.468923089433,47,S5_twin_shock_imf_bailout,indonesia,USDC
874,0.8483760847967512,14621.557200012197,47,S5_twin_shock_imf_bailout,indonesia,USDC
875,0.8071737635651755,14256.018270011893,47,S5_twin_shock_imf_bailout,indonesia,USDC
876,0.7902462402967266,13899.617813261595,47,S5_twin_shock_imf_bailout,indonesia,USDC
877,0.7609019932969792,13552.127367930056,47,S5_twin_shock_imf_bailout,indonesia,USDC
878,0.7723238887655469,13213.324183731804,47,S5_twin_shock_imf_bailout,indonesia,USDC
879,0.7657564202099914,12882.991079138512,47,S5_twin_shock_imf_bailout,indonesia,USDC
880,0.7615954208684291,12560.916302160047,47,S5_twin_shock_imf_bailout,indonesia,USDC
881,0.7746529252589265,12246.893394606046,47,S5_twin_shock_imf_bailout,indonesia,USDC
882,0.7760225736928756,11940.721059740896,47,S5_twin_shock_imf_bailout,indonesia,USDC
883,0.7885331580321142,11642.203033247373,47,S5_twin_shock_imf_bailout,indonesia,USDC
884,0.7773355886042373,11351.14795741619,47,S5_twin_shock_imf_bailout,indonesia,USDC
885,0.779036581932007,11067.369258480785,47,S5_twin_shock_imf_bailout,indonesia,USDC
886,0.7963681523408451,10790.685027018764,47,S5_twin_shock_imf_bailout,indonesia,USDC
887,0.6531780404540068,10520.917901343295,47,S5_twin_shock_imf_bailout,indonesia,USDC
888,0.6712244732184295,10257.894953809713,47,S5_twin_shock_imf_bailout,indonesia,USDC
889,0.6881182844778475,10001.44757996447,47,S5_twin_shock_imf_bailout,indonesia,USDC
890,0.7094854583512001,9751.411390465359,47,S5_twin_shock_imf_bailout,indonesia,USDC
891,0.7149494038638047,9507.626105703726,47,S5_twin_shock_imf_bailout,indonesia,USDC
892,0.7520584811495384,9269.935453061133,47,S5_twin_shock_imf_bailout,indonesia,USDC
893,0.7890155242474151,9038.187066734603,47,S5_twin_shock_imf_bailout,indonesia,USDC
894,0.7780384899958707,8812.232390066238,47,S5_twin_shock_imf_bailout,indonesia,USDC
895,0.7804617365062636,8591.926580314583,47,S5_twin_shock_imf_bailout,indonesia,USDC
896,0.7796965660652967,8377.128415806717,47,S5_twin_shock_imf_bailout,indonesia,USDC
897,0.8121801853863759,8167.700205411549,47,S5_twin_shock_imf_bailout,indonesia,USDC
898,0.8111849963725909,7963.507700276261,47,S5_twin_shock_imf_bailout,indonesia,USDC
899,0.8119050154719057,7764.420007769354,47,S5_twin_shock_imf_bailout,indonesia,USDC
900,0.7873552900141818,7570.30950757512,47,S5_twin_shock_imf_bailout,indonesia,USDC
901,0.7858989493055482,7381.051769885742,47,S5_twin_shock_imf_bailout,indonesia,USDC
902,0.791995737087906,7196.525475638598,47,S5_twin_shock_imf_bailout,indonesia,USDC
903,0.7898774194144593,7016.612338747634,47,S5_twin_shock_imf_bailout,indonesia,USDC
904,0.7966229069296635,6841.197030278943,47,S5_twin_shock_imf_bailout,indonesia,USDC
905,0.8059648609525604,6670.16710452197,47,S5_twin_shock_imf_bailout,indonesia,USDC
906,0.7707838924970917,6503.412926908921,47,S5_twin_shock_imf_bailout,indonesia,USDC
907,0.7724082833085777,6340.8276037361975,47,S5_twin_shock_imf_bailout,indonesia,USDC
908,0.7736177555189538,6182.306913642793,47,S5_twin_shock_imf_bailout,indonesia,USDC
909,0.7890771525216579,6027.749240801722,47,S5_twin_shock_imf_bailout,indonesia,USDC
910,0.8061001771782413,5877.05550978168,47,S5_twin_shock_imf_bailout,indonesia,USDC
911,0.8056358158578413,5730.129122037138,47,S5_twin_shock_imf_bailout,indonesia,USDC
912,0.8099991280197734,5586.875893986209,47,S5_twin_shock_imf_bailout,indonesia,USDC
913,0.8140325468334114,5447.203996636554,47,S5_twin_shock_imf_bailout,indonesia,USDC
914,0.7989541151384736,5311.023896720641,47,S5_twin_shock_imf_bailout,indonesia,USDC
915,0.8026637027246412,5178.248299302624,47,S5_twin_shock_imf_bailout,indonesia,USDC
916,0.7854972334141923,5048.792091820058,47,S5_twin_shock_imf_bailout,indonesia,USDC
917,0.7633882251122369,4922.572289524556,47,S5_twin_shock_imf_bailout,indonesia,USDC
918,0.7829545490455596,4799.507982286443,47,S5_twin_shock_imf_bailout,indonesia,USDC
919,0.7990090389058001,4679.5202827292815,47,S5_twin_shock_imf_bailout,indonesia,USDC
920,0.7864872432665067,4562.532275661049,47,S5_twin_shock_imf_bailout,indonesia,USDC
921,0.7925951912202767,4448.468968769524,47,S5_twin_shock_imf_bailout,indonesia,USDC
922,0.8124409366932365,4337.257244550286,47,S5_twin_shock_imf_bailout,indonesia,USDC
923,0.8116158503751915,4228.825813436528,47,S5_twin_shock_imf_bailout,indonesia,USDC
924,0.7942165335620207,4123.105168100616,47,S5_twin_shock_imf_bailout,indonesia,USDC
925,0.7519193743670185,4020.0275388980995,47,S5_twin_shock_imf_bailout,indonesia,USDC
926,0.7648207619415873,3919.5268504256474,47,S5_twin_shock_imf_bailout,indonesia,USDC
927,0.7562068790584833,3821.538679165006,47,S5_twin_shock_imf_bailout,indonesia,USDC
928,0.7570989027631455,3726.0002121858806,47,S5_twin_shock_imf_bailout,indonesia,USDC
929,0.7685937340912459,3632.850206881234,47,S5_twin_shock_imf_bailout,indonesia,USDC
930,0.7577823881643654,3542.0289517092033,47,S5_twin_shock_imf_bailout,indonesia,USDC
931,0.7897412642948809,3453.4782279164733,47,S5_twin_shock_imf_bailout,indonesia,USDC
932,0.7893620237357324,3367.1412722185614,47,S5_twin_shock_imf_bailout,indonesia,USDC
933,0.7777634777254895,3282.9627404130974,47,S5_twin_shock_imf_bailout,indonesia,USDC
934,0.7758035815466505,3200.88867190277,47,S5_twin_shock_imf_bailout,indonesia,USDC
935,0.7736537269589532,3120.8664551052007,47,S5_twin_shock_imf_bailout,indonesia,USDC
936,0.7782787056846462,3042.8447937275705,47,S5_twin_shock_imf_bailout,indonesia,USDC
937,0.768164436665235,2966.7736738843814,47,S5_twin_shock_imf_bailout,indonesia,USDC
938,0.7804835555939051,2892.604332037272,47,S5_twin_shock_imf_bailout,indonesia,USDC
939,0.7832091205645343,2820.28922373634,47,S5_twin_shock_imf_bailout,indonesia,USDC
940,0.789168371673816,2749.7819931429317,47,S5_twin_shock_imf_bailout,indonesia,USDC
941,0.7748162251128643,2681.037443314358,47,S5_twin_shock_imf_bailout,indonesia,USDC
942,0.7672973180439948,2614.0115072314993,47,S5_twin_shock_imf_bailout,indonesia,USDC
943,0.7967955588674602,2548.661219550712,47,S5_twin_shock_imf_bailout,indonesia,USDC
944,0.7843216081781951,2484.944689061944,47,S5_twin_shock_imf_bailout,indonesia,USDC
945,0.7919996619797368,2422.8210718353953,47,S5_twin_shock_imf_bailout,indonesia,USDC
946,0.7990028443905969,2362.2505450395106,47,S5_twin_shock_imf_bailout,indonesia,USDC
947,0.7863013069110791,2303.1942814135227,47,S5_twin_shock_imf_bailout,indonesia,USDC
948,0.7874033194479325,2245.6144243781846,47,S5_twin_shock_imf_bailout,indonesia,USDC
949,0.788585211757229,2189.47406376873,47,S5_twin_shock_imf_bailout,indonesia,USDC
950,0.7907861623996457,2134.737212174512,47,S5_twin_shock_imf_bailout,indonesia,USDC
951,0.774339791396565,2081.368781870149,47,S5_twin_shock_imf_bailout,indonesia,USDC
952,0.774875733510608,2029.3345623233954,47,S5_twin_shock_imf_bailout,indonesia,USDC
953,0.7874699712688612,1978.6011982653104,47,S5_twin_shock_imf_bailout,indonesia,USDC
954,0.7983003091281562,1929.136168308678,47,S5_twin_shock_imf_bailout,indonesia,USDC
955,0.8188636508461429,1880.9077641009608,47,S5_twin_shock_imf_bailout,indonesia,USDC
956,0.8240574386515055,1833.8850699984368,47,S5_twin_shock_imf_bailout,indonesia,USDC
957,0.8040185221442481,1788.037943248476,47,S5_twin_shock_imf_bailout,indonesia,USDC
958,0.7893756344372137,1743.3369946672642,47,S5_twin_shock_imf_bailout,indonesia,USDC
959,0.79777421984816,1699.7535698005827,47,S5_twin_shock_imf_bailout,indonesia,USDC
960,0.8069374567175105,1657.2597305555678,47,S5_twin_shock_imf_bailout,indonesia,USDC
961,0.7845556777719428,1615.8282372916785,47,S5_twin_shock_imf_bailout,indonesia,USDC
962,0.801397648570349,1575.4325313593868,47,S5_twin_shock_imf_bailout,indonesia,USDC
963,0.8050216391198091,1536.0467180754017,47,S5_twin_shock_imf_bailout,indonesia,USDC
964,0.7861743584026121,1497.6455501235168,47,S5_twin_shock_imf_bailout,indonesia,USDC
965,0.7968691369775814,1460.204411370429,47,S5_twin_shock_imf_bailout,indonesia,USDC
966,0.7903727140376996,1423.6993010861684,47,S5_twin_shock_imf_bailout,indonesia,USDC
967,0.7803986712786602,1388.1068185590138,47,S5_twin_shock_imf_bailout,indonesia,USDC
968,0.7989005578834211,1353.4041480950386,47,S5_twin_shock_imf_bailout,indonesia,USDC
969,0.7634254449999199,1319.5690443926628,47,S5_twin_shock_imf_bailout,indonesia,USDC
970,0.7593798066842636,1286.5798182828462,47,S5_twin_shock_imf_bailout,indonesia,USDC
971,0.7437787082804859,1254.415322825775,47,S5_twin_shock_imf_bailout,indonesia,USDC
972,0.75533825320225,1223.0549397551306,47,S5_twin_shock_imf_bailout,indonesia,USDC
973,0.7640440156380602,1192.4785662612524,47,S5_twin_shock_imf_bailout,indonesia,USDC
974,0.7609938156713008,1162.6666021047213,47,S5_twin_shock_imf_bailout,indonesia,USDC
975,0.7807497922467564,1133.599937052103,47,S5_twin_shock_imf_bailout,indonesia,USDC
976,0.7812087652177248,1105.2599386258005,47,S5_twin_shock_imf_bailout,indonesia,USDC
977,0.7939618709233964,1077.6284401601556,47,S5_twin_shock_imf_bailout,indonesia,USDC
978,0.8060706457414439,1050.6877291561516,47,S5_twin_shock_imf_bailout,indonesia,USDC
979,0.8062026602112512,1024.4205359272478,47,S5_twin_shock_imf_bailout,indonesia,USDC
980,0.8310851694399708,998.8100225290666,47,S5_twin_shock_imf_bailout,indonesia,USDC
981,0.8268613223302367,973.8397719658399,47,S5_twin_shock_imf_bailout,indonesia,USDC
982,0.8193886119961732,949.4937776666939,47,S5_twin_shock_imf_bailout,indonesia,USDC
983,0.8266812466547525,925.7564332250265,47,S5_twin_shock_imf_bailout,indonesia,USDC
984,0.8354095533616832,902.6125223944009,47,S5_twin_shock_imf_bailout,indonesia,USDC
985,0.8244684370985168,880.0472093345408,47,S5_twin_shock_imf_bailout,indonesia,USDC
986,0.8407277104102174,858.0460291011773,47,S5_twin_shock_imf_bailout,indonesia,USDC
987,0.8324219216136496,836.5948783736478,47,S5_twin_shock_imf_bailout,indonesia,USDC
988,0.8488286832960891,815.6800064143066,47,S5_twin_shock_imf_bailout,indonesia,USDC
989,0.8423248574345158,795.2880062539489,47,S5_twin_shock_imf_bailout,indonesia,USDC
990,0.8173143151167467,775.4058060976001,47,S5_twin_shock_imf_bailout,indonesia,USDC
991,0.8484731901807727,756.0206609451601,47,S5_twin_shock_imf_bailout,indonesia,USDC
992,0.8335505142676641,737.1201444215311,47,S5_twin_shock_imf_bailout,indonesia,USDC
993,0.8120882191816373,718.6921408109929,47,S5_twin_shock_imf_bailout,indonesia,USDC
994,0.8237326307636603,700.724837290718,47,S5_twin_shock_imf_bailout,indonesia,USDC
995,0.81329772942761,683.2067163584501,47,S5_twin_shock_imf_bailout,indonesia,USDC
996,0.8111230820987212,666.1265484494888,47,S5_twin_shock_imf_bailout,indonesia,USDC
997,0.7928536560237006,649.4733847382515,47,S5_twin_shock_imf_bailout,indonesia,USDC
998,0.7900054757759972,633.2365501197953,47,S5_twin_shock_imf_bailout,indonesia,USDC
999,0.7843105708829928,617.4056363668004,47,S5_twin_shock_imf_bailout,indonesia,USDC
1000,0.7690900549598293,601.9704954576304,47,S5_twin_shock_imf_bailout,indonesia,USDC
