Step,price,liquidity,iteration,scenario,region,coin
1,1.0124169843028892,2988712128735.0557,217,S5_twin_shock_imf_bailout,indonesia,USDC
2,1.016680747332804,2988712128735.0557,217,S5_twin_shock_imf_bailout,indonesia,USDC
3,1.049860070322197,2988712128735.0557,217,S5_twin_shock_imf_bailout,indonesia,USDC
4,1.0111379625080081,2988712128735.0557,217,S5_twin_shock_imf_bailout,indonesia,USDC
5,1.0056683299412112,2988712128735.0557,217,S5_twin_shock_imf_bailout,indonesia,USDC
6,1.023914619260312,2988712128735.0557,217,S5_twin_shock_imf_bailout,indonesia,USDC
7,1.023291701211807,2988712128735.0557,217,S5_twin_shock_imf_bailout,indonesia,USDC
8,1.0307128727051122,2988712128735.0557,217,S5_twin_shock_imf_bailout,indonesia,USDC
9,1.0243400662418845,2988712128735.0557,217,S5_twin_shock_imf_bailout,indonesia,USDC
10,1.045433181902273,2988712128735.0557,217,S5_twin_shock_imf_bailout,indonesia,USDC
11,1.0341290647846073,2988712128735.0557,217,S5_twin_shock_imf_bailout,indonesia,USDC
12,1.034229460545249,2988712128735.0557,217,S5_twin_shock_imf_bailout,indonesia,USDC
13,1.0297543816486758,2988712128735.0557,217,S5_twin_shock_imf_bailout,indonesia,USDC
14,1.0614069076049002,2988712128735.0557,217,S5_twin_shock_imf_bailout,indonesia,USDC
15,1.0601141959199003,2988712128735.0557,217,S5_twin_shock_imf_bailout,indonesia,USDC
16,0.8783301632070515,2988712128735.0557,217,S5_twin_shock_imf_bailout,indonesia,USDC
17,0.8599594717787019,2983151794427.3457,217,S5_twin_shock_imf_bailout,indonesia,USDC
18,0.8542075619509385,2976975949510.882,217,S5_twin_shock_imf_bailout,indonesia,USDC
19,0.8895073552660739,2971254625864.567,217,S5_twin_shock_imf_bailout,indonesia,USDC
20,0.9131563147276582,2967781794271.2085,217,S5_twin_shock_imf_bailout,indonesia,USDC
21,0.9195969755041608,2965557926407.4614,217,S5_twin_shock_imf_bailout,indonesia,USDC
22,0.9456497285109252,2963703189438.2563,217,S5_twin_shock_imf_bailout,indonesia,USDC
23,0.932777186891089,2962864754138.9175,217,S5_twin_shock_imf_bailout,indonesia,USDC
24,0.9298777237574161,2961570703234.1216,217,S5_twin_shock_imf_bailout,indonesia,USDC
25,0.9387170103074448,2960245846567.6826,217,S5_twin_shock_imf_bailout,indonesia,USDC
26,0.9254446506489332,2959228868248.171,217,S5_twin_shock_imf_bailout,indonesia,USDC
27,0.9107013890575176,2957863259796.1455,217,S5_twin_shock_imf_bailout,indonesia,USDC
28,0.9130180784262574,2956081175693.749,217,S5_twin_shock_imf_bailout,indonesia,USDC
29,0.8980087662971371,2954514273607.8076,217,S5_twin_shock_imf_bailout,indonesia,USDC
30,0.9130742629227976,2952646473526.2217,217,S5_twin_shock_imf_bailout,indonesia,USDC
31,0.8953866829559832,2951281040423.8926,217,S5_twin_shock_imf_bailout,indonesia,USDC
32,0.8624344616059264,2949591462585.165,217,S5_twin_shock_imf_bailout,indonesia,USDC
33,0.8918901320629555,2947365296838.206,217,S5_twin_shock_imf_bailout,indonesia,USDC
34,0.900266070567854,2945907840833.9375,217,S5_twin_shock_imf_bailout,indonesia,USDC
35,0.8974019155874331,2944711642239.0386,217,S5_twin_shock_imf_bailout,indonesia,USDC
36,0.8936664962612477,2943534268002.4443,217,S5_twin_shock_imf_bailout,indonesia,USDC
37,0.9439344090321605,2942388186113.389,217,S5_twin_shock_imf_bailout,indonesia,USDC
38,0.9610518309835769,2942020686610.63,217,S5_twin_shock_imf_bailout,indonesia,USDC
39,1.005503803853062,2941905179037.432,217,S5_twin_shock_imf_bailout,indonesia,USDC
40,1.0005315130241628,2941905179037.432,217,S5_twin_shock_imf_bailout,indonesia,USDC
41,1.0201201127456048,2941905179037.432,217,S5_twin_shock_imf_bailout,indonesia,USDC
42,1.0422263455933003,2941905179037.432,217,S5_twin_shock_imf_bailout,indonesia,USDC
43,1.0569661779229464,2941905179037.432,217,S5_twin_shock_imf_bailout,indonesia,USDC
44,1.060305750084205,2941905179037.432,217,S5_twin_shock_imf_bailout,indonesia,USDC
45,1.0122924178050803,2941905179037.432,217,S5_twin_shock_imf_bailout,indonesia,USDC
46,1.0154584844285655,2941905179037.432,217,S5_twin_shock_imf_bailout,indonesia,USDC
47,1.0096490548090182,2941905179037.432,217,S5_twin_shock_imf_bailout,indonesia,USDC
48,0.9916328876988991,2941905179037.432,217,S5_twin_shock_imf_bailout,indonesia,USDC
49,1.004995668604853,2941905179037.432,217,S5_twin_shock_imf_bailout,indonesia,USDC
50,1.021361675524119,2941905179037.432,217,S5_twin_shock_imf_bailout,indonesia,USDC
51,1.0055013840441296,2941905179037.432,217,S5_twin_shock_imf_bailout,indonesia,USDC
52,1.0076528149836055,2941905179037.432,217,S5_twin_shock_imf_bailout,indonesia,USDC
53,0.9952988313333433,2941905179037.432,217,S5_twin_shock_imf_bailout,indonesia,USDC
54,0.9894170313059836,2941905179037.432,217,S5_twin_shock_imf_bailout,indonesia,USDC
55,0.9896588677028069,2941905179037.432,217,S5_twin_shock_imf_bailout,indonesia,USDC
56,0.9819114740269643,2941905179037.432,217,S5_twin_shock_imf_bailout,indonesia,USDC
57,1.0122339967636578,2941905179037.432,217,S5_twin_shock_imf_bailout,indonesia,USDC
58,0.9802394078903532,2941905179037.432,217,S5_twin_shock_imf_bailout,indonesia,USDC
59,0.9836308147891488,2941905179037.432,217,S5_twin_shock_imf_bailout,indonesia,USDC
60,0.9864679075056366,2941905179037.432,217,S5_twin_shock_imf_bailout,indonesia,USDC
61,0.9972456102455417,2941905179037.432,217,S5_twin_shock_imf_bailout,indonesia,USDC
62,0.965865390031249,2941905179037.432,217,S5_twin_shock_imf_bailout,indonesia,USDC
63,0.9702584028891331,2941862740555.1035,217,S5_twin_shock_imf_bailout,indonesia,USDC
64,0.9956934475204359,2941862740555.1035,217,S5_twin_shock_imf_bailout,indonesia,USDC
65,0.9803686154348774,2941862740555.1035,217,S5_twin_shock_imf_bailout,indonesia,USDC
66,0.9652027619778653,2941862740555.1035,217,S5_twin_shock_imf_bailout,indonesia,USDC
67,0.9518067592269782,2941797702807.6426,217,S5_twin_shock_imf_bailout,indonesia,USDC
68,0.944392673521565,2941562238437.6846,217,S5_twin_shock_imf_bailout,indonesia,USDC
69,0.9709932056501497,2941234588780.96,217,S5_twin_shock_imf_bailout,indonesia,USDC
70,0.9758175926518435,2941234588780.96,217,S5_twin_shock_imf_bailout,indonesia,USDC
71,0.9577166381367194,2941234588780.96,217,S5_twin_shock_imf_bailout,indonesia,USDC
72,0.9484441561917195,2941102603462.9155,217,S5_twin_shock_imf_bailout,indonesia,USDC
73,0.9375094745475381,2940860013227.613,217,S5_twin_shock_imf_bailout,indonesia,USDC
74,0.9324201829147358,2940453115134.5215,217,S5_twin_shock_imf_bailout,indonesia,USDC
75,0.9348652673171729,2940011862817.0737,217,S5_twin_shock_imf_bailout,indonesia,USDC
76,0.9268344919905641,2939602570923.9204,217,S5_twin_shock_imf_bailout,indonesia,USDC
77,0.9185729250506611,2939145304510.7217,217,S5_twin_shock_imf_bailout,indonesia,USDC
78,0.9124980332746688,2938592162538.995,217,S5_twin_shock_imf_bailout,indonesia,USDC
79,0.9360553332647212,2938021285837.078,217,S5_twin_shock_imf_bailout,indonesia,USDC
80,0.9425177566573906,2937726200591.7266,217,S5_twin_shock_imf_bailout,indonesia,USDC
81,0.9490205595228705,2937479719983.9746,217,S5_twin_shock_imf_bailout,indonesia,USDC
82,0.9202444964568584,2937313131516.0117,217,S5_twin_shock_imf_bailout,indonesia,USDC
83,0.9012930480771,2936895506115.7007,217,S5_twin_shock_imf_bailout,indonesia,USDC
84,0.8931726581042013,2936315861872.135,217,S5_twin_shock_imf_bailout,indonesia,USDC
85,0.8937669238167062,2935741568583.141,217,S5_twin_shock_imf_bailout,indonesia,USDC
86,0.8975324070306037,2935202027618.215,217,S5_twin_shock_imf_bailout,indonesia,USDC
87,0.8717453727070898,2934751453252.4224,217,S5_twin_shock_imf_bailout,indonesia,USDC
88,0.8677546754299149,2934139709355.974,217,S5_twin_shock_imf_bailout,indonesia,USDC
89,0.8871000638080941,2933567601374.308,217,S5_twin_shock_imf_bailout,indonesia,USDC
90,0.8798691270966031,2933180890813.0522,217,S5_twin_shock_imf_bailout,indonesia,USDC
91,0.8757882916225253,2932765660476.055,217,S5_twin_shock_imf_bailout,indonesia,USDC
92,0.8729090359148193,2932371959290.1978,217,S5_twin_shock_imf_bailout,indonesia,USDC
93,0.8956741682247705,2932029608870.2954,217,S5_twin_shock_imf_bailout,indonesia,USDC
94,0.9367269975791228,2931793248533.467,217,S5_twin_shock_imf_bailout,indonesia,USDC
95,0.970369765949196,2931687559763.867,217,S5_twin_shock_imf_bailout,indonesia,USDC
96,0.9292274848967959,2931687559763.867,217,S5_twin_shock_imf_bailout,indonesia,USDC
97,0.9195714361312267,2931566104488.6455,217,S5_twin_shock_imf_bailout,indonesia,USDC
98,0.9053550829375094,2931429563416.469,217,S5_twin_shock_imf_bailout,indonesia,USDC
99,0.9082452377816727,2931257295900.9395,217,S5_twin_shock_imf_bailout,indonesia,USDC
100,0.905829380259199,2931095258588.4297,217,S5_twin_shock_imf_bailout,indonesia,USDC
101,0.7888830566724856,2930945344796.029,217,S5_twin_shock_imf_bailout,indonesia,USDC
102,0.8072979950220097,2930528362046.799,217,S5_twin_shock_imf_bailout,indonesia,USDC
103,0.823243313114143,2930235671730.1367,217,S5_twin_shock_imf_bailout,indonesia,USDC
104,0.8547427155610635,2930014405789.4307,217,S5_twin_shock_imf_bailout,indonesia,USDC
105,0.881137316250667,2929859666699.869,217,S5_twin_shock_imf_bailout,indonesia,USDC
106,0.8999067257744784,2929756874001.6265,217,S5_twin_shock_imf_bailout,indonesia,USDC
107,0.925447418900384,2929686769859.624,217,S5_twin_shock_imf_bailout,indonesia,USDC
108,0.9455022348443413,2929644508748.522,217,S5_twin_shock_imf_bailout,indonesia,USDC
109,0.9618996488665734,2929620961092.2275,217,S5_twin_shock_imf_bailout,indonesia,USDC
110,0.9935954743801512,2929613371544.584,217,S5_twin_shock_imf_bailout,indonesia,USDC
111,0.9927521619531297,2929613371544.584,217,S5_twin_shock_imf_bailout,indonesia,USDC
112,1.0174634382207237,2929613371544.584,217,S5_twin_shock_imf_bailout,indonesia,USDC
113,1.0234985665462948,2929613371544.584,217,S5_twin_shock_imf_bailout,indonesia,USDC
114,1.0377897979878496,2929613371544.584,217,S5_twin_shock_imf_bailout,indonesia,USDC
115,1.0311038149762268,2929613371544.584,217,S5_twin_shock_imf_bailout,indonesia,USDC
116,1.009025972553186,2929613371544.584,217,S5_twin_shock_imf_bailout,indonesia,USDC
117,1.0324513996897289,2929613371544.584,217,S5_twin_shock_imf_bailout,indonesia,USDC
118,1.0302711895288048,2929613371544.584,217,S5_twin_shock_imf_bailout,indonesia,USDC
119,1.056196283548616,2929613371544.584,217,S5_twin_shock_imf_bailout,indonesia,USDC
120,1.0199253169970754,2929613371544.584,217,S5_twin_shock_imf_bailout,indonesia,USDC
121,600000.9865048173,2856413037255.9697,217,S5_twin_shock_imf_bailout,indonesia,USDC
122,480001.95,2785034711324.57,217,S5_twin_shock_imf_bailout,indonesia,USDC
123,384001.95,2715434443541.456,217,S5_twin_shock_imf_bailout,indonesia,USDC
124,307201.95,2647569062452.9194,217,S5_twin_shock_imf_bailout,indonesia,USDC
125,245761.95,2581396219891.596,217,S5_twin_shock_imf_bailout,indonesia,USDC
126,196609.95,2516874421594.3066,217,S5_twin_shock_imf_bailout,indonesia,USDC
127,157288.35,2453963046814.4487,217,S5_twin_shock_imf_bailout,indonesia,USDC
128,125831.06999999999,2392622359252.087,217,S5_twin_shock_imf_bailout,indonesia,USDC
129,100665.246,2332813511157.185,217,S5_twin_shock_imf_bailout,indonesia,USDC
130,80532.5868,2274498542087.3755,217,S5_twin_shock_imf_bailout,indonesia,USDC
131,64426.45944,2217640373502.487,217,S5_twin_shock_imf_bailout,indonesia,USDC
132,51541.557552,2162202800138.7617,217,S5_twin_shock_imf_bailout,indonesia,USDC
133,41233.6360416,2108150478914.362,217,S5_twin_shock_imf_bailout,indonesia,USDC
134,32987.29883328,2055448915964.7585,217,S5_twin_shock_imf_bailout,indonesia,USDC
135,26390.229066624004,2004064452284.244,217,S5_twin_shock_imf_bailout,indonesia,USDC
136,21112.573253299208,1953964248352.0215,217,S5_twin_shock_imf_bailout,indonesia,USDC
137,16890.448602639364,1905116268043.128,217,S5_twin_shock_imf_bailout,indonesia,USDC
138,13512.748882111493,1857489262061.9749,217,S5_twin_shock_imf_bailout,indonesia,USDC
139,10810.589105689196,1811052751086.3657,217,S5_twin_shock_imf_bailout,indonesia,USDC
140,8648.861284551356,1765777008769.959,217,S5_twin_shock_imf_bailout,indonesia,USDC
141,6919.479027641083,1721633044719.312,217,S5_twin_shock_imf_bailout,indonesia,USDC
142,5535.973222112866,1678592587536.2107,217,S5_twin_shock_imf_bailout,indonesia,USDC
143,4429.168577690293,1636628067995.7107,217,S5_twin_shock_imf_bailout,indonesia,USDC
144,3543.724862152234,1595712602414.142,217,S5_twin_shock_imf_bailout,indonesia,USDC
145,2835.3698897217873,1555819976248.4478,217,S5_twin_shock_imf_bailout,indonesia,USDC
146,2268.6859117774297,1516924627957.9639,217,S5_twin_shock_imf_bailout,indonesia,USDC
147,1815.338729421944,1479001633151.597,217,S5_twin_shock_imf_bailout,indonesia,USDC
148,1452.6609835375552,1442026689036.8726,217,S5_twin_shock_imf_bailout,indonesia,USDC
149,1162.518786830044,1405976099182.2031,217,S5_twin_shock_imf_bailout,indonesia,USDC
150,930.4050294640354,1370826758599.6501,217,S5_twin_shock_imf_bailout,indonesia,USDC
151,744.7140235712283,1336556139152.2605,217,S5_twin_shock_imf_bailout,indonesia,USDC
152,596.1612188569826,1303142275287.5352,217,S5_twin_shock_imf_bailout,indonesia,USDC
153,477.3189750855861,1270563750096.6118,217,S5_twin_shock_imf_bailout,indonesia,USDC
154,382.24518006846887,1238799681697.2085,217,S5_twin_shock_imf_bailout,indonesia,USDC
155,306.1861440547751,1207829709937.1882,217,S5_twin_shock_imf_bailout,indonesia,USDC
156,245.3389152438201,1177633983414.6863,217,S5_twin_shock_imf_bailout,indonesia,USDC
157,196.66113219505607,1148193146810.0613,217,S5_twin_shock_imf_bailout,indonesia,USDC
158,157.71890575604485,1119488328524.4033,217,S5_twin_shock_imf_bailout,indonesia,USDC
159,126.5651246048359,1091501128618.9683,217,S5_twin_shock_imf_bailout,indonesia,USDC
160,101.64209968386872,1064213607049.6342,217,S5_twin_shock_imf_bailout,indonesia,USDC
161,81.70367974709498,1037608272190.3054,217,S5_twin_shock_imf_bailout,indonesia,USDC
162,65.75294379767598,1011668069639.0773,217,S5_twin_shock_imf_bailout,indonesia,USDC
163,52.99235503814079,986376371300.924,217,S5_twin_shock_imf_bailout,indonesia,USDC
164,42.78388403051264,961716964740.6597,217,S5_twin_shock_imf_bailout,indonesia,USDC
165,34.61710722441011,937674042799.9504,217,S5_twin_shock_imf_bailout,indonesia,USDC
166,28.083685779528086,914232193472.1974,217,S5_twin_shock_imf_bailout,indonesia,USDC
167,22.85694862362247,891376390029.1892,217,S5_twin_shock_imf_bailout,indonesia,USDC
168,18.675558898897975,869091981393.4966,217,S5_twin_shock_imf_bailout,indonesia,USDC
169,15.330447119118379,847364682750.689,217,S5_twin_shock_imf_bailout,indonesia,USDC
170,12.654357695294703,826180566395.5455,217,S5_twin_shock_imf_bailout,indonesia,USDC
171,10.513486156235762,805526052806.5559,217,S5_twin_shock_imf_bailout,indonesia,USDC
172,8.800788924988609,785387901943.1112,217,S5_twin_shock_imf_bailout,indonesia,USDC
173,7.430631139990888,765753204759.9089,217,S5_twin_shock_imf_bailout,indonesia,USDC
174,6.334504911992711,746609374933.2114,217,S5_twin_shock_imf_bailout,indonesia,USDC
175,5.457603929594168,727944140793.7214,217,S5_twin_shock_imf_bailout,indonesia,USDC
176,4.756083143675334,709745537460.9506,217,S5_twin_shock_imf_bailout,indonesia,USDC
177,4.1948665149402675,692001899174.0846,217,S5_twin_shock_imf_bailout,indonesia,USDC
178,3.745893211952214,674701851814.4587,217,S5_twin_shock_imf_bailout,indonesia,USDC
179,3.3867145695617715,657834305614.8782,217,S5_twin_shock_imf_bailout,indonesia,USDC
180,3.099371655649417,641388448051.1311,217,S5_twin_shock_imf_bailout,indonesia,USDC
181,2.8694973245195334,625353736911.1527,217,S5_twin_shock_imf_bailout,indonesia,USDC
182,2.685597859615627,609719893537.4138,217,S5_twin_shock_imf_bailout,indonesia,USDC
183,2.5384782876925014,594476896238.2103,217,S5_twin_shock_imf_bailout,indonesia,USDC
184,2.420782630154001,579614973863.6405,217,S5_twin_shock_imf_bailout,indonesia,USDC
185,2.326626104123201,565124599542.158,217,S5_twin_shock_imf_bailout,indonesia,USDC
186,2.2513008832985606,550996484573.6907,217,S5_twin_shock_imf_bailout,indonesia,USDC
187,2.1910407066388484,537221572475.4178,217,S5_twin_shock_imf_bailout,indonesia,USDC
188,2.1428325653110787,523791033176.3878,217,S5_twin_shock_imf_bailout,indonesia,USDC
189,2.104266052248863,510696257357.2626,217,S5_twin_shock_imf_bailout,indonesia,USDC
190,2.0486402969048463,497928850931.5584,217,S5_twin_shock_imf_bailout,indonesia,USDC
191,1.9366809374884346,485480629664.85144,217,S5_twin_shock_imf_bailout,indonesia,USDC
192,1.9154154376542043,473343613928.49585,217,S5_twin_shock_imf_bailout,indonesia,USDC
193,1.7953627530955019,461510023584.496,217,S5_twin_shock_imf_bailout,indonesia,USDC
194,1.8088348706769084,449972272998.25354,217,S5_twin_shock_imf_bailout,indonesia,USDC
195,1.7170005338091758,438722966175.99316,217,S5_twin_shock_imf_bailout,indonesia,USDC
196,1.6209239513607283,427754892023.7501,217,S5_twin_shock_imf_bailout,indonesia,USDC
197,1.5500865175137168,417061019724.88184,217,S5_twin_shock_imf_bailout,indonesia,USDC
198,1.4892939299694066,406634494233.14014,217,S5_twin_shock_imf_bailout,indonesia,USDC
199,1.422465207023692,396468631878.4159,217,S5_twin_shock_imf_bailout,indonesia,USDC
200,1.360631133044096,386556916082.3389,217,S5_twin_shock_imf_bailout,indonesia,USDC
201,1.3206575449756146,376892993180.9872,217,S5_twin_shock_imf_bailout,indonesia,USDC
202,1.2813432007375365,367470668352.0279,217,S5_twin_shock_imf_bailout,indonesia,USDC
203,1.2643859951621952,358283901643.6795,217,S5_twin_shock_imf_bailout,indonesia,USDC
204,1.2165657873244455,349326804102.9494,217,S5_twin_shock_imf_bailout,indonesia,USDC
205,1.171692531281677,340593634000.66516,217,S5_twin_shock_imf_bailout,indonesia,USDC
206,1.1201522029205389,332078793150.88007,217,S5_twin_shock_imf_bailout,indonesia,USDC
207,1.104228400039435,323776823322.29333,217,S5_twin_shock_imf_bailout,indonesia,USDC
208,1.0454991868093895,315682402739.3843,217,S5_twin_shock_imf_bailout,indonesia,USDC
209,1.0524560436966919,307790342671.0182,217,S5_twin_shock_imf_bailout,indonesia,USDC
210,1.0113729104305569,300095584104.3376,217,S5_twin_shock_imf_bailout,indonesia,USDC
211,0.996108147699712,292593194501.80505,217,S5_twin_shock_imf_bailout,indonesia,USDC
212,0.981130749738463,285278364639.3206,217,S5_twin_shock_imf_bailout,indonesia,USDC
213,0.9636156383317153,278146405523.3862,217,S5_twin_shock_imf_bailout,indonesia,USDC
214,0.9350098814024337,271188056731.6892,217,S5_twin_shock_imf_bailout,indonesia,USDC
215,0.9545368566802361,264378773757.55035,217,S5_twin_shock_imf_bailout,indonesia,USDC
216,0.9457630311049058,257757821762.00223,217,S5_twin_shock_imf_bailout,indonesia,USDC
217,0.9488101848801893,251294613061.90698,217,S5_twin_shock_imf_bailout,indonesia,USDC
218,0.9254813975074266,244996619472.24585,217,S5_twin_shock_imf_bailout,indonesia,USDC
219,0.9260277608232858,238837118175.78882,217,S5_twin_shock_imf_bailout,indonesia,USDC
220,0.9088767421945443,232833515195.67633,217,S5_twin_shock_imf_bailout,indonesia,USDC
221,0.8871775415282801,226966626509.961,217,S5_twin_shock_imf_bailout,indonesia,USDC
222,0.8477343389311274,221236647953.38165,217,S5_twin_shock_imf_bailout,indonesia,USDC
223,0.8581904162472621,215628098653.90555,217,S5_twin_shock_imf_bailout,indonesia,USDC
224,0.8646326036119482,210175197589.8002,217,S5_twin_shock_imf_bailout,indonesia,USDC
225,0.8373337733481964,204867687365.1397,217,S5_twin_shock_imf_bailout,indonesia,USDC
226,0.8333599437842034,199688815052.66272,217,S5_twin_shock_imf_bailout,indonesia,USDC
227,0.8213065488211186,194645400945.5756,217,S5_twin_shock_imf_bailout,indonesia,USDC
228,0.8023790868049256,189730048050.97018,217,S5_twin_shock_imf_bailout,indonesia,USDC
229,0.8049172737107941,184939647435.9123,217,S5_twin_shock_imf_bailout,indonesia,USDC
230,0.806879326555945,180279127227.78616,217,S5_twin_shock_imf_bailout,indonesia,USDC
231,0.7959570587172985,175740764602.9379,217,S5_twin_shock_imf_bailout,indonesia,USDC
232,0.7931172197262348,171319742812.3255,217,S5_twin_shock_imf_bailout,indonesia,USDC
233,0.7861434479604078,167012545701.05725,217,S5_twin_shock_imf_bailout,indonesia,USDC
234,0.7828362962031256,162816982986.65305,217,S5_twin_shock_imf_bailout,indonesia,USDC
235,0.8025272618617268,158729024637.9964,217,S5_twin_shock_imf_bailout,indonesia,USDC
236,0.7805835067660563,154748883674.09814,217,S5_twin_shock_imf_bailout,indonesia,USDC
237,0.7623600803748227,150868398989.96823,217,S5_twin_shock_imf_bailout,indonesia,USDC
238,0.7855840358775333,147086261330.51025,217,S5_twin_shock_imf_bailout,indonesia,USDC
239,0.7915586294920273,143402079697.51923,217,S5_twin_shock_imf_bailout,indonesia,USDC
240,0.8129914308917833,139811102983.7235,217,S5_twin_shock_imf_bailout,indonesia,USDC
241,0.8059084440836466,136311824661.75552,217,S5_twin_shock_imf_bailout,indonesia,USDC
242,0.8169839399531768,132900409409.11346,217,S5_twin_shock_imf_bailout,indonesia,USDC
243,0.794932492471192,129575073952.45457,217,S5_twin_shock_imf_bailout,indonesia,USDC
244,0.7998267017503474,126332838952.05872,217,S5_twin_shock_imf_bailout,indonesia,USDC
245,0.8025296605353814,123172375063.73465,217,S5_twin_shock_imf_bailout,indonesia,USDC
246,0.8182901487620311,120091232193.2395,217,S5_twin_shock_imf_bailout,indonesia,USDC
247,0.8000798670501513,117087570710.14307,217,S5_twin_shock_imf_bailout,indonesia,USDC
248,0.8008064639691507,114159072841.60402,217,S5_twin_shock_imf_bailout,indonesia,USDC
249,0.8049508462345879,111304016948.93633,217,S5_twin_shock_imf_bailout,indonesia,USDC
250,0.7771344093769946,108520560999.59027,217,S5_twin_shock_imf_bailout,indonesia,USDC
251,0.7863423217898836,105806726829.83511,217,S5_twin_shock_imf_bailout,indonesia,USDC
252,0.78384936121635,103160924245.3363,217,S5_twin_shock_imf_bailout,indonesia,USDC
253,0.7756109908864608,100581340149.8498,217,S5_twin_shock_imf_bailout,indonesia,USDC
254,0.7604369156917378,98066360574.82437,217,S5_twin_shock_imf_bailout,indonesia,USDC
255,0.7683777184728121,95614295704.6947,217,S5_twin_shock_imf_bailout,indonesia,USDC
256,0.7779139074683794,93223636611.44823,217,S5_twin_shock_imf_bailout,indonesia,USDC
257,0.8076214540319387,90892815375.6014,217,S5_twin_shock_imf_bailout,indonesia,USDC
258,0.8352511277078755,88620331225.82211,217,S5_twin_shock_imf_bailout,indonesia,USDC
259,0.8400435668705162,86404716712.20084,217,S5_twin_shock_imf_bailout,indonesia,USDC
260,0.8242649092970641,84244507786.67169,217,S5_twin_shock_imf_bailout,indonesia,USDC
261,0.8302624623473764,82138306146.39609,217,S5_twin_shock_imf_bailout,indonesia,USDC
262,0.8327322108409466,80084775398.00124,217,S5_twin_shock_imf_bailout,indonesia,USDC
263,0.81368887261705,78082594161.26984,217,S5_twin_shock_imf_bailout,indonesia,USDC
264,0.8118648668963501,76130468423.22098,217,S5_twin_shock_imf_bailout,indonesia,USDC
265,0.7993963629222138,74227152506.14241,217,S5_twin_shock_imf_bailout,indonesia,USDC
266,0.7752454256364868,72371426634.03621,217,S5_twin_shock_imf_bailout,indonesia,USDC
267,0.7727388666237464,70562095455.5493,217,S5_twin_shock_imf_bailout,indonesia,USDC
268,0.7763031502588197,68798007475.66565,217,S5_twin_shock_imf_bailout,indonesia,USDC
269,0.7641968022626106,67078027886.587875,217,S5_twin_shock_imf_bailout,indonesia,USDC
270,0.7626881146156131,65401052045.15831,217,S5_twin_shock_imf_bailout,indonesia,USDC
271,0.7620612059781051,63766005706.98569,217,S5_twin_shock_imf_bailout,indonesia,USDC
272,0.7518613629598974,62171839997.36397,217,S5_twin_shock_imf_bailout,indonesia,USDC
273,0.7454925366597156,60617531031.41855,217,S5_twin_shock_imf_bailout,indonesia,USDC
274,0.7288895167895916,59102082068.71271,217,S5_twin_shock_imf_bailout,indonesia,USDC
275,0.6144109808854433,57624521321.783905,217,S5_twin_shock_imf_bailout,indonesia,USDC
276,0.6317769551048051,56183898159.33438,217,S5_twin_shock_imf_bailout,indonesia,USDC
277,0.6221750132935812,54779294934.798004,217,S5_twin_shock_imf_bailout,indonesia,USDC
278,0.6303622266567629,53409808432.78069,217,S5_twin_shock_imf_bailout,indonesia,USDC
279,0.645028016700831,52074560559.80437,217,S5_twin_shock_imf_bailout,indonesia,USDC
280,0.6869877013317187,50772694949.36418,217,S5_twin_shock_imf_bailout,indonesia,USDC
281,0.703386898563698,49503376617.99725,217,S5_twin_shock_imf_bailout,indonesia,USDC
282,0.7277302090601564,48265791558.91123,217,S5_twin_shock_imf_bailout,indonesia,USDC
283,0.7232426561182311,47059146334.55063,217,S5_twin_shock_imf_bailout,indonesia,USDC
284,0.7132004682535875,45882667349.82286,217,S5_twin_shock_imf_bailout,indonesia,USDC
285,0.7115165864004978,44735600411.214775,217,S5_twin_shock_imf_bailout,indonesia,USDC
286,0.7162745662751455,43617210214.74984,217,S5_twin_shock_imf_bailout,indonesia,USDC
287,0.7119930608385425,42526779825.92884,217,S5_twin_shock_imf_bailout,indonesia,USDC
288,0.7265103341649207,41463610222.03609,217,S5_twin_shock_imf_bailout,indonesia,USDC
289,0.7481733740833535,40427019894.26798,217,S5_twin_shock_imf_bailout,indonesia,USDC
290,0.7405959928365701,39416344348.05523,217,S5_twin_shock_imf_bailout,indonesia,USDC
291,0.7284364483304752,38430935697.34285,217,S5_twin_shock_imf_bailout,indonesia,USDC
292,0.7421615405321466,37470162272.38828,217,S5_twin_shock_imf_bailout,indonesia,USDC
293,0.7298207443300228,36533408192.73106,217,S5_twin_shock_imf_bailout,indonesia,USDC
294,0.712430019620698,35620072969.15811,217,S5_twin_shock_imf_bailout,indonesia,USDC
295,0.7103082781328673,34729571129.20413,217,S5_twin_shock_imf_bailout,indonesia,USDC
296,0.7150742867886019,33861331839.17579,217,S5_twin_shock_imf_bailout,indonesia,USDC
297,0.6986107419392293,33014798534.423664,217,S5_twin_shock_imf_bailout,indonesia,USDC
298,0.7047276084914266,32189428564.137512,217,S5_twin_shock_imf_bailout,indonesia,USDC
299,0.7065788622300092,31384692845.122906,217,S5_twin_shock_imf_bailout,indonesia,USDC
300,0.7212417181922526,30600075520.429035,217,S5_twin_shock_imf_bailout,indonesia,USDC
301,0.7203976176428769,29835073629.90394,217,S5_twin_shock_imf_bailout,indonesia,USDC
302,0.7342747502288991,29089196787.28044,217,S5_twin_shock_imf_bailout,indonesia,USDC
303,0.7508814190408541,28361966866.30857,217,S5_twin_shock_imf_bailout,indonesia,USDC
304,0.7609600249137212,27652917693.772156,217,S5_twin_shock_imf_bailout,indonesia,USDC
305,0.6446318289897822,26961594750.76839,217,S5_twin_shock_imf_bailout,indonesia,USDC
306,0.6757560352155866,26287554881.179077,217,S5_twin_shock_imf_bailout,indonesia,USDC
307,0.6065253329198494,25630366008.64339,217,S5_twin_shock_imf_bailout,indonesia,USDC
308,0.6338796163778033,24989606857.972534,217,S5_twin_shock_imf_bailout,indonesia,USDC
309,0.6570631979492955,24364866686.25446,217,S5_twin_shock_imf_bailout,indonesia,USDC
310,0.6784058768003908,23755745018.925076,217,S5_twin_shock_imf_bailout,indonesia,USDC
311,0.6776602895853887,23161851393.346825,217,S5_twin_shock_imf_bailout,indonesia,USDC
312,0.6725762420456414,22582805108.43828,217,S5_twin_shock_imf_bailout,indonesia,USDC
313,0.694325683360576,22018234980.67421,217,S5_twin_shock_imf_bailout,indonesia,USDC
314,0.693119125031958,21467779106.120358,217,S5_twin_shock_imf_bailout,indonesia,USDC
315,0.6866168881811024,20931084628.44075,217,S5_twin_shock_imf_bailout,indonesia,USDC
316,0.7135063084940462,20407807512.711353,217,S5_twin_shock_imf_bailout,indonesia,USDC
317,0.7255851458284504,19897612324.881084,217,S5_twin_shock_imf_bailout,indonesia,USDC
318,0.7479109653745017,19400172016.75056,217,S5_twin_shock_imf_bailout,indonesia,USDC
319,0.744268125942029,18915167716.325787,217,S5_twin_shock_imf_bailout,indonesia,USDC
320,0.7386128808507806,18442288523.412704,217,S5_twin_shock_imf_bailout,indonesia,USDC
321,0.7473896784961718,17981231310.323654,217,S5_twin_shock_imf_bailout,indonesia,USDC
322,0.7677626273745396,17531700527.562786,217,S5_twin_shock_imf_bailout,indonesia,USDC
323,0.768812678811208,17093408014.371761,217,S5_twin_shock_imf_bailout,indonesia,USDC
324,0.7661994113112579,16666072814.01091,217,S5_twin_shock_imf_bailout,indonesia,USDC
325,0.775583592943511,16249420993.659374,217,S5_twin_shock_imf_bailout,indonesia,USDC
326,0.771063244435707,15843185468.816889,217,S5_twin_shock_imf_bailout,indonesia,USDC
327,0.7780876343287502,15447105832.095665,217,S5_twin_shock_imf_bailout,indonesia,USDC
328,0.7798237276484584,15060928186.292656,217,S5_twin_shock_imf_bailout,indonesia,USDC
329,0.7800934362987614,14684404981.634844,217,S5_twin_shock_imf_bailout,indonesia,USDC
330,0.7887976630282381,14317294857.093582,217,S5_twin_shock_imf_bailout,indonesia,USDC
331,0.7763341301120809,13959362485.665932,217,S5_twin_shock_imf_bailout,indonesia,USDC
332,0.6613472169260021,13610378423.524014,217,S5_twin_shock_imf_bailout,indonesia,USDC
333,0.6922653870959046,13270118962.935574,217,S5_twin_shock_imf_bailout,indonesia,USDC
334,0.6857703019663074,12938365988.861975,217,S5_twin_shock_imf_bailout,indonesia,USDC
335,0.7072544064234235,12614906839.140266,217,S5_twin_shock_imf_bailout,indonesia,USDC
336,0.7124480240239561,12299534168.16166,217,S5_twin_shock_imf_bailout,indonesia,USDC
337,0.7145541134050623,11992045813.957542,217,S5_twin_shock_imf_bailout,indonesia,USDC
338,0.7044639976336042,11692244668.608547,217,S5_twin_shock_imf_bailout,indonesia,USDC
339,0.7183108768410195,11399938551.893288,217,S5_twin_shock_imf_bailout,indonesia,USDC
340,0.7319870471252907,11114940088.095926,217,S5_twin_shock_imf_bailout,indonesia,USDC
341,0.7377030599618133,10837066585.893507,217,S5_twin_shock_imf_bailout,indonesia,USDC
342,0.770052615261169,10566139921.246155,217,S5_twin_shock_imf_bailout,indonesia,USDC
343,0.7988069609118889,10301986423.21499,217,S5_twin_shock_imf_bailout,indonesia,USDC
344,0.7758766673095447,10044436762.634607,217,S5_twin_shock_imf_bailout,indonesia,USDC
345,0.781542604819868,9793325843.568735,217,S5_twin_shock_imf_bailout,indonesia,USDC
346,0.7779387693053105,9548492697.479511,217,S5_twin_shock_imf_bailout,indonesia,USDC
347,0.7793659870023331,9309780380.042519,217,S5_twin_shock_imf_bailout,indonesia,USDC
348,0.7786713834787866,9077035870.541454,217,S5_twin_shock_imf_bailout,indonesia,USDC
349,0.7696825078112236,8850109973.777914,217,S5_twin_shock_imf_bailout,indonesia,USDC
350,0.737553037647923,8628857224.433464,217,S5_twin_shock_imf_bailout,indonesia,USDC
351,0.7316665696920978,8413135793.822624,217,S5_twin_shock_imf_bailout,indonesia,USDC
352,0.7136010768700246,8202807398.977058,217,S5_twin_shock_imf_bailout,indonesia,USDC
353,0.7210266020286441,7997737214.002629,217,S5_twin_shock_imf_bailout,indonesia,USDC
354,0.7266367255126681,7797793783.652563,217,S5_twin_shock_imf_bailout,indonesia,USDC
355,0.7173493228102412,7602848939.061247,217,S5_twin_shock_imf_bailout,indonesia,USDC
356,0.7398616128673124,7412777715.584715,217,S5_twin_shock_imf_bailout,indonesia,USDC
357,0.7581517082451628,7227458272.695099,217,S5_twin_shock_imf_bailout,indonesia,USDC
358,0.7703563080084606,7046771815.877722,217,S5_twin_shock_imf_bailout,indonesia,USDC
359,0.7844245218171434,6870602520.480779,217,S5_twin_shock_imf_bailout,indonesia,USDC
360,0.7589204242037907,6698837457.46876,217,S5_twin_shock_imf_bailout,indonesia,USDC
361,0.7744308365561805,6531366521.032042,217,S5_twin_shock_imf_bailout,indonesia,USDC
362,0.7903166468465228,6368082358.00624,217,S5_twin_shock_imf_bailout,indonesia,USDC
363,0.8138569947514188,6208880299.056084,217,S5_twin_shock_imf_bailout,indonesia,USDC
364,0.8263771822742251,6053658291.579681,217,S5_twin_shock_imf_bailout,indonesia,USDC
365,0.8123828620453935,5902316834.29019,217,S5_twin_shock_imf_bailout,indonesia,USDC
366,0.826166178482881,5754758913.432935,217,S5_twin_shock_imf_bailout,indonesia,USDC
367,0.808701547358528,5610889940.597111,217,S5_twin_shock_imf_bailout,indonesia,USDC
368,0.8208298216012423,5470617692.082184,217,S5_twin_shock_imf_bailout,indonesia,USDC
369,0.8218727214603374,5333852249.7801285,217,S5_twin_shock_imf_bailout,indonesia,USDC
370,0.812024433285089,5200505943.535625,217,S5_twin_shock_imf_bailout,indonesia,USDC
371,0.8126445449929419,5070493294.947235,217,S5_twin_shock_imf_bailout,indonesia,USDC
372,0.8071201401542908,4943730962.573554,217,S5_twin_shock_imf_bailout,indonesia,USDC
373,0.7900978935433656,4820137688.509215,217,S5_twin_shock_imf_bailout,indonesia,USDC
374,0.768004352060396,4699634246.296485,217,S5_twin_shock_imf_bailout,indonesia,USDC
375,0.7793957543637715,4582143390.139072,217,S5_twin_shock_imf_bailout,indonesia,USDC
376,0.7766841883435929,4467589805.385595,217,S5_twin_shock_imf_bailout,indonesia,USDC
377,0.785400665025795,4355900060.250956,217,S5_twin_shock_imf_bailout,indonesia,USDC
378,0.7729165594233967,4247002558.7446814,217,S5_twin_shock_imf_bailout,indonesia,USDC
379,0.7782849169717342,4140827494.776065,217,S5_twin_shock_imf_bailout,indonesia,USDC
380,0.781418211058847,4037306807.406663,217,S5_twin_shock_imf_bailout,indonesia,USDC
381,0.8103474252939267,3936374137.2214966,217,S5_twin_shock_imf_bailout,indonesia,USDC
382,0.8195473852221908,3837964783.7909594,217,S5_twin_shock_imf_bailout,indonesia,USDC
383,0.822597682189216,3742015664.196185,217,S5_twin_shock_imf_bailout,indonesia,USDC
384,0.8188375879539765,3648465272.591281,217,S5_twin_shock_imf_bailout,indonesia,USDC
385,0.8360430003056849,3557253640.776499,217,S5_twin_shock_imf_bailout,indonesia,USDC
386,0.8421228172210371,3468322299.757086,217,S5_twin_shock_imf_bailout,indonesia,USDC
387,0.8173852306613579,3381614242.263159,217,S5_twin_shock_imf_bailout,indonesia,USDC
388,0.812202563215977,3297073886.20658,217,S5_twin_shock_imf_bailout,indonesia,USDC
389,0.8288232040044711,3214647039.0514154,217,S5_twin_shock_imf_bailout,indonesia,USDC
390,0.8234893684747954,3134280863.0751305,217,S5_twin_shock_imf_bailout,indonesia,USDC
391,0.8255252366234317,3055923841.498252,217,S5_twin_shock_imf_bailout,indonesia,USDC
392,0.8195736546706296,2979525745.4607954,217,S5_twin_shock_imf_bailout,indonesia,USDC
393,0.8005600843422326,2905037601.8242755,217,S5_twin_shock_imf_bailout,indonesia,USDC
394,0.8202500374353701,2832411661.7786684,217,S5_twin_shock_imf_bailout,indonesia,USDC
395,0.816086462669898,2761601370.234202,217,S5_twin_shock_imf_bailout,indonesia,USDC
396,0.8226070396725343,2692561335.978347,217,S5_twin_shock_imf_bailout,indonesia,USDC
397,0.8165151344027386,2625247302.578888,217,S5_twin_shock_imf_bailout,indonesia,USDC
398,0.8438355522058916,2559616120.0144157,217,S5_twin_shock_imf_bailout,indonesia,USDC
399,0.8627629267407472,2495625717.0140553,217,S5_twin_shock_imf_bailout,indonesia,USDC
400,0.8531545328480639,2433235074.088704,217,S5_twin_shock_imf_bailout,indonesia,USDC
401,0.8298274036706379,2372404197.2364864,217,S5_twin_shock_imf_bailout,indonesia,USDC
402,0.8374093507562083,2313094092.3055744,217,S5_twin_shock_imf_bailout,indonesia,USDC
403,0.8227804556598949,2255266739.997935,217,S5_twin_shock_imf_bailout,indonesia,USDC
404,0.8022736455695422,2198885071.4979863,217,S5_twin_shock_imf_bailout,indonesia,USDC
405,0.7772920133005832,2143912944.710537,217,S5_twin_shock_imf_bailout,indonesia,USDC
406,0.771279715118654,2090315121.0927732,217,S5_twin_shock_imf_bailout,indonesia,USDC
407,0.7702958264687972,2038057243.065454,217,S5_twin_shock_imf_bailout,indonesia,USDC
408,0.8029195318648275,1987105811.9888177,217,S5_twin_shock_imf_bailout,indonesia,USDC
409,0.8047973312766327,1937428166.6890972,217,S5_twin_shock_imf_bailout,indonesia,USDC
410,0.7921583299643937,1888992462.5218697,217,S5_twin_shock_imf_bailout,indonesia,USDC
411,0.8101087087314597,1841767650.9588232,217,S5_twin_shock_imf_bailout,indonesia,USDC
412,0.8054592991396573,1795723459.6848526,217,S5_twin_shock_imf_bailout,indonesia,USDC
413,0.8214386340353137,1750830373.1927311,217,S5_twin_shock_imf_bailout,indonesia,USDC
414,0.84652139888815,1707059613.8629127,217,S5_twin_shock_imf_bailout,indonesia,USDC
415,0.8285462885731305,1664383123.51634,217,S5_twin_shock_imf_bailout,indonesia,USDC
416,0.824946664890669,1622773545.4284315,217,S5_twin_shock_imf_bailout,indonesia,USDC
417,0.7877385138064787,1582204206.7927208,217,S5_twin_shock_imf_bailout,indonesia,USDC
418,0.7666942439507226,1542649101.6229026,217,S5_twin_shock_imf_bailout,indonesia,USDC
419,0.7545633464990438,1504082874.0823302,217,S5_twin_shock_imf_bailout,indonesia,USDC
420,0.7361353159502988,1466480802.2302718,217,S5_twin_shock_imf_bailout,indonesia,USDC
421,0.7472140026735947,1429818782.1745152,217,S5_twin_shock_imf_bailout,indonesia,USDC
422,0.769285116118284,1394073312.6201522,217,S5_twin_shock_imf_bailout,indonesia,USDC
423,0.7419907744603098,1359221479.8046484,217,S5_twin_shock_imf_bailout,indonesia,USDC
424,0.7381017165520917,1325240942.8095322,217,S5_twin_shock_imf_bailout,indonesia,USDC
425,0.7345749888718655,1292109919.2392938,217,S5_twin_shock_imf_bailout,indonesia,USDC
426,0.7583229300300028,1259807171.2583115,217,S5_twin_shock_imf_bailout,indonesia,USDC
427,0.7755662146376378,1228311991.9768538,217,S5_twin_shock_imf_bailout,indonesia,USDC
428,0.7731583317049128,1197604192.1774323,217,S5_twin_shock_imf_bailout,indonesia,USDC
429,0.7623202590296709,1167664087.3729966,217,S5_twin_shock_imf_bailout,indonesia,USDC
430,0.7672581790343347,1138472485.1886716,217,S5_twin_shock_imf_bailout,indonesia,USDC
431,0.7560444401016982,1110010673.0589547,217,S5_twin_shock_imf_bailout,indonesia,USDC
432,0.7445515328328721,1082260406.232481,217,S5_twin_shock_imf_bailout,indonesia,USDC
433,0.7484059703104257,1055203896.0766689,217,S5_twin_shock_imf_bailout,indonesia,USDC
434,0.7532392506999035,1028823798.6747522,217,S5_twin_shock_imf_bailout,indonesia,USDC
435,0.7649437735584964,1003103203.7078834,217,S5_twin_shock_imf_bailout,indonesia,USDC
436,0.7450412831256259,978025623.6151862,217,S5_twin_shock_imf_bailout,indonesia,USDC
437,0.7387521931751874,953574983.0248066,217,S5_twin_shock_imf_bailout,indonesia,USDC
438,0.7500498643852925,929735608.4491866,217,S5_twin_shock_imf_bailout,indonesia,USDC
439,0.7471135748416036,906492218.2379568,217,S5_twin_shock_imf_bailout,indonesia,USDC
440,0.746253103255408,883829912.7820077,217,S5_twin_shock_imf_bailout,indonesia,USDC
441,0.7497818817210221,861734164.9624577,217,S5_twin_shock_imf_bailout,indonesia,USDC
442,0.768981880425315,840190810.8383962,217,S5_twin_shock_imf_bailout,indonesia,USDC
443,0.7822680973669645,819186040.5674362,217,S5_twin_shock_imf_bailout,indonesia,USDC
444,0.7924465397919583,798706389.5532503,217,S5_twin_shock_imf_bailout,indonesia,USDC
445,0.8117795709775993,778738729.814419,217,S5_twin_shock_imf_bailout,indonesia,USDC
446,0.7911840660538236,759270261.5690585,217,S5_twin_shock_imf_bailout,indonesia,USDC
447,0.7949534179497459,740288505.0298321,217,S5_twin_shock_imf_bailout,indonesia,USDC
448,0.7986272368732555,721781292.4040864,217,S5_twin_shock_imf_bailout,indonesia,USDC
449,0.7997821248191889,703736760.0939841,217,S5_twin_shock_imf_bailout,indonesia,USDC
450,0.8004995589288779,686143341.0916345,217,S5_twin_shock_imf_bailout,indonesia,USDC
451,0.766749012786142,668989757.5643437,217,S5_twin_shock_imf_bailout,indonesia,USDC
452,0.7868986195435711,652265013.6252351,217,S5_twin_shock_imf_bailout,indonesia,USDC
453,0.7810277225582749,635958388.2846042,217,S5_twin_shock_imf_bailout,indonesia,USDC
454,0.7973765630499162,620059428.5774891,217,S5_twin_shock_imf_bailout,indonesia,USDC
455,0.8079787706142788,604557942.8630519,217,S5_twin_shock_imf_bailout,indonesia,USDC
456,0.8049700560349077,589443994.2914755,217,S5_twin_shock_imf_bailout,indonesia,USDC
457,0.8221551957653465,574707894.4341887,217,S5_twin_shock_imf_bailout,indonesia,USDC
458,0.8044893607452437,560340197.073334,217,S5_twin_shock_imf_bailout,indonesia,USDC
459,0.8150567296369067,546331692.1465006,217,S5_twin_shock_imf_bailout,indonesia,USDC
460,0.8431913602592904,532673399.84283805,217,S5_twin_shock_imf_bailout,indonesia,USDC
461,0.8469970254970339,519356564.8467672,217,S5_twin_shock_imf_bailout,indonesia,USDC
462,0.8602800611282048,506372650.725598,217,S5_twin_shock_imf_bailout,indonesia,USDC
463,0.8314147007371083,493713334.457458,217,S5_twin_shock_imf_bailout,indonesia,USDC
464,0.8115906028113029,481370501.09602153,217,S5_twin_shock_imf_bailout,indonesia,USDC
465,0.8173639826388013,469336238.56862104,217,S5_twin_shock_imf_bailout,indonesia,USDC
466,0.8182956133391478,457602832.6044055,217,S5_twin_shock_imf_bailout,indonesia,USDC
467,0.8170664186689173,446162761.7892953,217,S5_twin_shock_imf_bailout,indonesia,USDC
468,0.78856795472925,435008692.7445629,217,S5_twin_shock_imf_bailout,indonesia,USDC
469,0.8059256577239416,424133475.42594886,217,S5_twin_shock_imf_bailout,indonesia,USDC
470,0.7870487245314033,413530138.54030013,217,S5_twin_shock_imf_bailout,indonesia,USDC
471,0.8092890967254988,403191885.07679266,217,S5_twin_shock_imf_bailout,indonesia,USDC
472,0.8079072965868959,393112087.94987285,217,S5_twin_shock_imf_bailout,indonesia,USDC
473,0.8151582476001994,383284285.75112605,217,S5_twin_shock_imf_bailout,indonesia,USDC
474,0.810279795088592,373702178.6073479,217,S5_twin_shock_imf_bailout,indonesia,USDC
475,0.798029551998246,364359624.1421642,217,S5_twin_shock_imf_bailout,indonesia,USDC
476,0.8107673048682069,355250633.5386101,217,S5_twin_shock_imf_bailout,indonesia,USDC
477,0.8127765626352661,346369367.7001448,217,S5_twin_shock_imf_bailout,indonesia,USDC
478,0.7965669810839584,337710133.5076412,217,S5_twin_shock_imf_bailout,indonesia,USDC
479,0.8106580661179053,329267380.1699502,217,S5_twin_shock_imf_bailout,indonesia,USDC
480,0.8159429145561632,321035695.6657014,217,S5_twin_shock_imf_bailout,indonesia,USDC
481,0.8122657577023111,313009803.2740589,217,S5_twin_shock_imf_bailout,indonesia,USDC
482,0.8109419599581718,305184558.1922074,217,S5_twin_shock_imf_bailout,indonesia,USDC
483,0.8062546675004267,297554944.2374022,217,S5_twin_shock_imf_bailout,indonesia,USDC
484,0.8131395874525826,290116070.63146716,217,S5_twin_shock_imf_bailout,indonesia,USDC
485,0.8228799401651595,282863168.86568046,217,S5_twin_shock_imf_bailout,indonesia,USDC
486,0.8050024323436582,275791589.64403844,217,S5_twin_shock_imf_bailout,indonesia,USDC
487,0.7940774527705632,268896799.9029375,217,S5_twin_shock_imf_bailout,indonesia,USDC
488,0.7865744614594631,262174379.90536407,217,S5_twin_shock_imf_bailout,indonesia,USDC
489,0.8095477112926129,255620020.40772995,217,S5_twin_shock_imf_bailout,indonesia,USDC
490,0.7963498552480398,249229519.8975367,217,S5_twin_shock_imf_bailout,indonesia,USDC
491,0.6606921753517588,242998781.9000983,217,S5_twin_shock_imf_bailout,indonesia,USDC
492,0.6754129820727772,236923812.35259584,217,S5_twin_shock_imf_bailout,indonesia,USDC
493,0.6815832977132482,231000717.04378092,217,S5_twin_shock_imf_bailout,indonesia,USDC
494,0.698443954373282,225225699.11768642,217,S5_twin_shock_imf_bailout,indonesia,USDC
495,0.6844644123917661,219595056.63974425,217,S5_twin_shock_imf_bailout,indonesia,USDC
496,0.6991722316736501,214105180.22375065,217,S5_twin_shock_imf_bailout,indonesia,USDC
497,0.7091247913048881,208752550.71815687,217,S5_twin_shock_imf_bailout,indonesia,USDC
498,0.6919144112875083,203533736.95020294,217,S5_twin_shock_imf_bailout,indonesia,USDC
499,0.6977712085013821,198445393.52644786,217,S5_twin_shock_imf_bailout,indonesia,USDC
500,0.7210918537608197,193484258.68828666,217,S5_twin_shock_imf_bailout,indonesia,USDC
501,0.705063900687774,188647152.2210795,217,S5_twin_shock_imf_bailout,indonesia,USDC
502,0.7116808700924895,183930973.4155525,217,S5_twin_shock_imf_bailout,indonesia,USDC
503,0.6988785629638642,179332699.08016372,217,S5_twin_shock_imf_bailout,indonesia,USDC
504,0.7129539495402665,174849381.6031596,217,S5_twin_shock_imf_bailout,indonesia,USDC
505,0.7024753425337451,170478147.0630806,217,S5_twin_shock_imf_bailout,indonesia,USDC
506,0.7220395787299448,166216193.3865036,217,S5_twin_shock_imf_bailout,indonesia,USDC
507,0.7509195442893699,162060788.55184102,217,S5_twin_shock_imf_bailout,indonesia,USDC
508,0.7372628451216388,158009268.838045,217,S5_twin_shock_imf_bailout,indonesia,USDC
509,0.7192773666956382,154059037.11709386,217,S5_twin_shock_imf_bailout,indonesia,USDC
510,0.7356975393433368,150207561.18916652,217,S5_twin_shock_imf_bailout,indonesia,USDC
511,0.7535260714944972,146452372.15943736,217,S5_twin_shock_imf_bailout,indonesia,USDC
512,0.7524246800853654,142791062.8554514,217,S5_twin_shock_imf_bailout,indonesia,USDC
513,0.7827289755085032,139221286.28406513,217,S5_twin_shock_imf_bailout,indonesia,USDC
514,0.775240469890566,135740754.1269635,217,S5_twin_shock_imf_bailout,indonesia,USDC
515,0.7673333855870895,132347235.27378944,217,S5_twin_shock_imf_bailout,indonesia,USDC
516,0.7578734913550185,129038554.3919447,217,S5_twin_shock_imf_bailout,indonesia,USDC
517,0.7787863688204774,125812590.53214607,217,S5_twin_shock_imf_bailout,indonesia,USDC
518,0.7818121970987862,122667275.76884243,217,S5_twin_shock_imf_bailout,indonesia,USDC
519,0.7837772878935994,119600593.87462136,217,S5_twin_shock_imf_bailout,indonesia,USDC
520,0.8208812568826112,116610579.02775581,217,S5_twin_shock_imf_bailout,indonesia,USDC
521,0.8344382492917977,113695314.55206192,217,S5_twin_shock_imf_bailout,indonesia,USDC
522,0.8002484815485079,110852931.68826038,217,S5_twin_shock_imf_bailout,indonesia,USDC
523,0.8062753612335131,108081608.39605387,217,S5_twin_shock_imf_bailout,indonesia,USDC
524,0.8400138635834935,105379568.18615252,217,S5_twin_shock_imf_bailout,indonesia,USDC
525,0.8509018016711518,102745078.98149872,217,S5_twin_shock_imf_bailout,indonesia,USDC
526,0.8487019623401828,100176452.00696124,217,S5_twin_shock_imf_bailout,indonesia,USDC
527,0.8430897285044537,97672040.70678721,217,S5_twin_shock_imf_bailout,indonesia,USDC
528,0.8432088867181395,95230239.68911752,217,S5_twin_shock_imf_bailout,indonesia,USDC
529,0.8217845132266797,92849483.6968896,217,S5_twin_shock_imf_bailout,indonesia,USDC
530,0.7887429250809118,90528246.60446735,217,S5_twin_shock_imf_bailout,indonesia,USDC
531,0.7784187562341436,88265040.43935567,217,S5_twin_shock_imf_bailout,indonesia,USDC
532,0.8091245126798337,86058414.42837177,217,S5_twin_shock_imf_bailout,indonesia,USDC
533,0.8031805084968261,83906954.06766248,217,S5_twin_shock_imf_bailout,indonesia,USDC
534,0.8229274590706549,81809280.2159709,217,S5_twin_shock_imf_bailout,indonesia,USDC
535,0.8061266640356686,79764048.21057165,217,S5_twin_shock_imf_bailout,indonesia,USDC
536,0.8204606830016268,77769947.00530735,217,S5_twin_shock_imf_bailout,indonesia,USDC
537,0.7973768149095227,75825698.33017465,217,S5_twin_shock_imf_bailout,indonesia,USDC
538,0.792966273048489,73930055.8719203,217,S5_twin_shock_imf_bailout,indonesia,USDC
539,0.7910572648914832,72081804.4751223,217,S5_twin_shock_imf_bailout,indonesia,USDC
540,0.7893058338212023,70279759.36324424,217,S5_twin_shock_imf_bailout,indonesia,USDC
541,0.8001145646439729,68522765.37916313,217,S5_twin_shock_imf_bailout,indonesia,USDC
542,0.8037048759372032,66809696.244684055,217,S5_twin_shock_imf_bailout,indonesia,USDC
543,0.814800092917884,65139453.838566944,217,S5_twin_shock_imf_bailout,indonesia,USDC
544,0.8249357758334257,63510967.49260278,217,S5_twin_shock_imf_bailout,indonesia,USDC
545,0.8248129994537465,61923193.30528771,217,S5_twin_shock_imf_bailout,indonesia,USDC
546,0.8057224804385497,60375113.47265551,217,S5_twin_shock_imf_bailout,indonesia,USDC
547,0.7940394507464994,58865735.635839134,217,S5_twin_shock_imf_bailout,indonesia,USDC
548,0.8316579389053204,57394092.24494315,217,S5_twin_shock_imf_bailout,indonesia,USDC
549,0.8040438452752472,55959239.93881957,217,S5_twin_shock_imf_bailout,indonesia,USDC
550,0.7512101466867601,54560258.94034908,217,S5_twin_shock_imf_bailout,indonesia,USDC
551,0.7363406220653467,53196252.46684036,217,S5_twin_shock_imf_bailout,indonesia,USDC
552,0.7279233956866907,51866346.155169345,217,S5_twin_shock_imf_bailout,indonesia,USDC
553,0.7205688713088344,50569687.50129011,217,S5_twin_shock_imf_bailout,indonesia,USDC
554,0.730389089746156,49305445.31375786,217,S5_twin_shock_imf_bailout,indonesia,USDC
555,0.7429095191899131,48072809.18091391,217,S5_twin_shock_imf_bailout,indonesia,USDC
556,0.7555888557543771,46870988.95139106,217,S5_twin_shock_imf_bailout,indonesia,USDC
557,0.7749593470075773,45699214.22760629,217,S5_twin_shock_imf_bailout,indonesia,USDC
558,0.7826786862920296,44556733.87191613,217,S5_twin_shock_imf_bailout,indonesia,USDC
559,0.7835319249187623,43442815.525118224,217,S5_twin_shock_imf_bailout,indonesia,USDC
560,0.7958218951670314,42356745.13699027,217,S5_twin_shock_imf_bailout,indonesia,USDC
561,0.7851010873765507,41297826.508565515,217,S5_twin_shock_imf_bailout,indonesia,USDC
562,0.8065783916054418,40265380.84585138,217,S5_twin_shock_imf_bailout,indonesia,USDC
563,0.7838518027709589,39258746.324705094,217,S5_twin_shock_imf_bailout,indonesia,USDC
564,0.8189273872804015,38277277.666587465,217,S5_twin_shock_imf_bailout,indonesia,USDC
565,0.819646047871612,37320345.724922776,217,S5_twin_shock_imf_bailout,indonesia,USDC
566,0.8291306905457451,36387337.08179971,217,S5_twin_shock_imf_bailout,indonesia,USDC
567,0.8247092835758758,35477653.65475471,217,S5_twin_shock_imf_bailout,indonesia,USDC
568,0.8237888727410764,34590712.313385844,217,S5_twin_shock_imf_bailout,indonesia,USDC
569,0.8139902523374949,33725944.505551204,217,S5_twin_shock_imf_bailout,indonesia,USDC
570,0.8322016487221385,32882795.89291242,217,S5_twin_shock_imf_bailout,indonesia,USDC
571,0.8182919995533335,32060725.995589614,217,S5_twin_shock_imf_bailout,indonesia,USDC
572,0.8073371338747557,31259207.845699877,217,S5_twin_shock_imf_bailout,indonesia,USDC
573,0.8397639771663822,30477727.649557382,217,S5_twin_shock_imf_bailout,indonesia,USDC
574,0.8376019921504249,29715784.458318442,217,S5_twin_shock_imf_bailout,indonesia,USDC
575,0.8257700999660742,28972889.846860483,217,S5_twin_shock_imf_bailout,indonesia,USDC
576,0.8347923860653331,28248567.60068897,217,S5_twin_shock_imf_bailout,indonesia,USDC
577,0.8195916832065105,27542353.410671744,217,S5_twin_shock_imf_bailout,indonesia,USDC
578,0.8054623161379286,26853794.57540495,217,S5_twin_shock_imf_bailout,indonesia,USDC
579,0.7984665189327832,26182449.71101983,217,S5_twin_shock_imf_bailout,indonesia,USDC
580,0.7969531837583135,25527888.46824433,217,S5_twin_shock_imf_bailout,indonesia,USDC
581,0.7809081511044998,24889691.25653822,217,S5_twin_shock_imf_bailout,indonesia,USDC
582,0.7777027055882826,24267448.97512477,217,S5_twin_shock_imf_bailout,indonesia,USDC
583,0.7920880296748583,23660762.750746645,217,S5_twin_shock_imf_bailout,indonesia,USDC
584,0.7737622980143126,23069243.68197798,217,S5_twin_shock_imf_bailout,indonesia,USDC
585,0.7535358084580809,22492512.58992853,217,S5_twin_shock_imf_bailout,indonesia,USDC
586,0.7480727333551914,21930199.775180317,217,S5_twin_shock_imf_bailout,indonesia,USDC
587,0.7258047947735955,21381944.780800812,217,S5_twin_shock_imf_bailout,indonesia,USDC
588,0.7262422544816074,20847396.16128079,217,S5_twin_shock_imf_bailout,indonesia,USDC
589,0.7277597171922792,20326211.25724877,217,S5_twin_shock_imf_bailout,indonesia,USDC
590,0.7277521189622207,19818055.975817554,217,S5_twin_shock_imf_bailout,indonesia,USDC
591,0.7460424377715391,19322604.576422114,217,S5_twin_shock_imf_bailout,indonesia,USDC
592,0.7252029167277172,18839539.46201156,217,S5_twin_shock_imf_bailout,indonesia,USDC
593,0.743046351079478,18368550.975461267,217,S5_twin_shock_imf_bailout,indonesia,USDC
594,0.7494190575919462,17909337.201074738,217,S5_twin_shock_imf_bailout,indonesia,USDC
595,0.7578653106073726,17461603.771047868,217,S5_twin_shock_imf_bailout,indonesia,USDC
596,0.7601814744236599,17025063.67677167,217,S5_twin_shock_imf_bailout,indonesia,USDC
597,0.7553246123969841,16599437.084852379,217,S5_twin_shock_imf_bailout,indonesia,USDC
598,0.7507155486353625,16184451.15773107,217,S5_twin_shock_imf_bailout,indonesia,USDC
599,0.7363601211739894,15779839.878787791,217,S5_twin_shock_imf_bailout,indonesia,USDC
600,0.7643633654564117,15385343.881818097,217,S5_twin_shock_imf_bailout,indonesia,USDC
601,0.786363524013235,15000710.284772646,217,S5_twin_shock_imf_bailout,indonesia,USDC
602,0.8234424837577168,14625692.52765333,217,S5_twin_shock_imf_bailout,indonesia,USDC
603,0.8144342953857897,14260050.214461993,217,S5_twin_shock_imf_bailout,indonesia,USDC
604,0.8038323112688809,13903548.959100446,217,S5_twin_shock_imf_bailout,indonesia,USDC
605,0.8061609062128249,13555960.235122932,217,S5_twin_shock_imf_bailout,indonesia,USDC
606,0.7986416431623863,13217061.229244858,217,S5_twin_shock_imf_bailout,indonesia,USDC
607,0.8084511493063045,12886634.698513739,217,S5_twin_shock_imf_bailout,indonesia,USDC
608,0.8065302731548184,12564468.831050895,217,S5_twin_shock_imf_bailout,indonesia,USDC
609,0.7941802709153548,12250357.110274624,217,S5_twin_shock_imf_bailout,indonesia,USDC
610,0.7829711784449256,11944098.182517758,217,S5_twin_shock_imf_bailout,indonesia,USDC
611,0.7900089552510591,11645495.727954812,217,S5_twin_shock_imf_bailout,indonesia,USDC
612,0.7760372033547325,11354358.334755942,217,S5_twin_shock_imf_bailout,indonesia,USDC
613,0.7654070539014155,11070499.376387045,217,S5_twin_shock_imf_bailout,indonesia,USDC
614,0.7661637711828326,10793736.89197737,217,S5_twin_shock_imf_bailout,indonesia,USDC
615,0.7549408402472397,10523893.469677934,217,S5_twin_shock_imf_bailout,indonesia,USDC
616,0.7566761308226624,10260796.132935986,217,S5_twin_shock_imf_bailout,indonesia,USDC
617,0.7675082177551561,10004276.229612587,217,S5_twin_shock_imf_bailout,indonesia,USDC
618,0.7862805755472878,9754169.323872272,217,S5_twin_shock_imf_bailout,indonesia,USDC
619,0.7658774747845853,9510315.090775464,217,S5_twin_shock_imf_bailout,indonesia,USDC
620,0.7623567511421733,9272557.213506078,217,S5_twin_shock_imf_bailout,indonesia,USDC
621,0.7737819030921612,9040743.283168426,217,S5_twin_shock_imf_bailout,indonesia,USDC
622,0.7622608264351822,8814724.701089215,217,S5_twin_shock_imf_bailout,indonesia,USDC
623,0.7515075651319046,8594356.583561985,217,S5_twin_shock_imf_bailout,indonesia,USDC
624,0.7334646899112478,8379497.6689729355,217,S5_twin_shock_imf_bailout,indonesia,USDC
625,0.7186833053858483,8170010.227248613,217,S5_twin_shock_imf_bailout,indonesia,USDC
626,0.7081877488835618,7965759.971567397,217,S5_twin_shock_imf_bailout,indonesia,USDC
627,0.7055463855557533,7766615.972278211,217,S5_twin_shock_imf_bailout,indonesia,USDC
628,0.7208744117232108,7572450.572971256,217,S5_twin_shock_imf_bailout,indonesia,USDC
629,0.7359006533342524,7383139.308646975,217,S5_twin_shock_imf_bailout,indonesia,USDC
630,0.7514062165377577,7198560.8259308,217,S5_twin_shock_imf_bailout,indonesia,USDC
631,0.7834603551905472,7018596.805282531,217,S5_twin_shock_imf_bailout,indonesia,USDC
632,0.8121300083544456,6843131.885150468,217,S5_twin_shock_imf_bailout,indonesia,USDC
633,0.793094315011121,6672053.588021706,217,S5_twin_shock_imf_bailout,indonesia,USDC
634,0.7923372535455683,6505252.2483211635,217,S5_twin_shock_imf_bailout,indonesia,USDC
635,0.8023375788631915,6342620.942113135,217,S5_twin_shock_imf_bailout,indonesia,USDC
636,0.8118542487834638,6184055.418560307,217,S5_twin_shock_imf_bailout,indonesia,USDC
637,0.8436874738527133,6029454.033096299,217,S5_twin_shock_imf_bailout,indonesia,USDC
638,0.8223857933219109,5878717.6822688915,217,S5_twin_shock_imf_bailout,indonesia,USDC
639,0.8108911912159977,5731749.740212169,217,S5_twin_shock_imf_bailout,indonesia,USDC
640,0.8370966635118327,5588455.996706865,217,S5_twin_shock_imf_bailout,indonesia,USDC
641,0.8062466819909399,5448744.596789193,217,S5_twin_shock_imf_bailout,indonesia,USDC
642,0.8146470303389346,5312525.981869464,217,S5_twin_shock_imf_bailout,indonesia,USDC
643,0.8285218219827125,5179712.832322727,217,S5_twin_shock_imf_bailout,indonesia,USDC
644,0.8429067125212053,5050220.011514659,217,S5_twin_shock_imf_bailout,indonesia,USDC
645,0.8493862526693112,4923964.511226792,217,S5_twin_shock_imf_bailout,indonesia,USDC
646,0.8613588970218662,4800865.398446122,217,S5_twin_shock_imf_bailout,indonesia,USDC
647,0.8554899307708554,4680843.76348497,217,S5_twin_shock_imf_bailout,indonesia,USDC
648,0.8508571717065218,4563822.669397846,217,S5_twin_shock_imf_bailout,indonesia,USDC
649,0.8245535975989783,4449727.1026628995,217,S5_twin_shock_imf_bailout,indonesia,USDC
650,0.8447542484065146,4338483.925096327,217,S5_twin_shock_imf_bailout,indonesia,USDC
651,0.8688111831842533,4230021.826968919,217,S5_twin_shock_imf_bailout,indonesia,USDC
652,0.8349661214779418,4124271.281294696,217,S5_twin_shock_imf_bailout,indonesia,USDC
653,0.8476050711872193,4021164.499262329,217,S5_twin_shock_imf_bailout,indonesia,USDC
654,0.8425356130920088,3920635.3867807705,217,S5_twin_shock_imf_bailout,indonesia,USDC
655,0.8243182760703907,3822619.5021112515,217,S5_twin_shock_imf_bailout,indonesia,USDC
656,0.8266003367855319,3727054.01455847,217,S5_twin_shock_imf_bailout,indonesia,USDC
657,0.806904326565719,3633877.664194508,217,S5_twin_shock_imf_bailout,indonesia,USDC
658,0.8299265632983592,3543030.7225896455,217,S5_twin_shock_imf_bailout,indonesia,USDC
659,0.8326214649106268,3454454.954524904,217,S5_twin_shock_imf_bailout,indonesia,USDC
660,0.806960144752152,3368093.5806617816,217,S5_twin_shock_imf_bailout,indonesia,USDC
661,0.8021129442253678,3283891.241145237,217,S5_twin_shock_imf_bailout,indonesia,USDC
662,0.7865457397072227,3201793.9601166057,217,S5_twin_shock_imf_bailout,indonesia,USDC
663,0.7758475292373685,3121749.111113691,217,S5_twin_shock_imf_bailout,indonesia,USDC
664,0.7677794830247663,3043705.3833358483,217,S5_twin_shock_imf_bailout,indonesia,USDC
665,0.7698925938076858,2967612.7487524524,217,S5_twin_shock_imf_bailout,indonesia,USDC
666,0.7673696981270312,2893422.430033641,217,S5_twin_shock_imf_bailout,indonesia,USDC
667,0.7593066603457382,2821086.8692828002,217,S5_twin_shock_imf_bailout,indonesia,USDC
668,0.7577331081798004,2750559.69755073,217,S5_twin_shock_imf_bailout,indonesia,USDC
669,0.7381578278438002,2681795.705111962,217,S5_twin_shock_imf_bailout,indonesia,USDC
670,0.726148529440723,2614750.812484163,217,S5_twin_shock_imf_bailout,indonesia,USDC
671,0.7560502811768205,2549382.0421720585,217,S5_twin_shock_imf_bailout,indonesia,USDC
672,0.7839510231469816,2485647.4911177573,217,S5_twin_shock_imf_bailout,indonesia,USDC
673,0.7964800094269501,2423506.3038398135,217,S5_twin_shock_imf_bailout,indonesia,USDC
674,0.8061523771677287,2362918.646243818,217,S5_twin_shock_imf_bailout,indonesia,USDC
675,0.8448511920102824,2303845.680087723,217,S5_twin_shock_imf_bailout,indonesia,USDC
676,0.8283145208306397,2246249.5380855296,217,S5_twin_shock_imf_bailout,indonesia,USDC
677,0.8012066498288284,2190093.299633391,217,S5_twin_shock_imf_bailout,indonesia,USDC
678,0.7485357480574002,2135340.9671425563,217,S5_twin_shock_imf_bailout,indonesia,USDC
679,0.752427897219415,2081957.4429639927,217,S5_twin_shock_imf_bailout,indonesia,USDC
680,0.7434570518365975,2029908.5068898927,217,S5_twin_shock_imf_bailout,indonesia,USDC
681,0.7693952299856908,1979160.7942176454,217,S5_twin_shock_imf_bailout,indonesia,USDC
682,0.7509738437217386,1929681.7743622041,217,S5_twin_shock_imf_bailout,indonesia,USDC
683,0.7558658795167925,1881439.730003149,217,S5_twin_shock_imf_bailout,indonesia,USDC
684,0.7637228576246222,1834403.7367530705,217,S5_twin_shock_imf_bailout,indonesia,USDC
685,0.7513774223578162,1788543.6433342437,217,S5_twin_shock_imf_bailout,indonesia,USDC
686,0.7567234885118204,1743830.0522508875,217,S5_twin_shock_imf_bailout,indonesia,USDC
687,0.7632371401429573,1700234.3009446152,217,S5_twin_shock_imf_bailout,indonesia,USDC
688,0.771376019137568,1657728.4434209997,217,S5_twin_shock_imf_bailout,indonesia,USDC
689,0.7857238643880645,1616285.2323354748,217,S5_twin_shock_imf_bailout,indonesia,USDC
690,0.7719600099505836,1575878.1015270879,217,S5_twin_shock_imf_bailout,indonesia,USDC
691,0.7920482184693799,1536481.1489889107,217,S5_twin_shock_imf_bailout,indonesia,USDC
692,0.7799053002345223,1498069.120264188,217,S5_twin_shock_imf_bailout,indonesia,USDC
693,0.7784928749588216,1460617.3922575833,217,S5_twin_shock_imf_bailout,indonesia,USDC
694,0.7881416492287189,1424101.9574511438,217,S5_twin_shock_imf_bailout,indonesia,USDC
695,0.795173832003314,1388499.408514865,217,S5_twin_shock_imf_bailout,indonesia,USDC
696,0.8005649302532613,1353786.9233019934,217,S5_twin_shock_imf_bailout,indonesia,USDC
697,0.7764122972392664,1319942.2502194436,217,S5_twin_shock_imf_bailout,indonesia,USDC
698,0.7952546809027424,1286943.6939639575,217,S5_twin_shock_imf_bailout,indonesia,USDC
699,0.7872042129080297,1254770.1016148585,217,S5_twin_shock_imf_bailout,indonesia,USDC
700,0.7598868440321751,1223400.849074487,217,S5_twin_shock_imf_bailout,indonesia,USDC
701,0.7521285672682605,1192815.827847625,217,S5_twin_shock_imf_bailout,indonesia,USDC
702,0.7565721725013255,1162995.4321514342,217,S5_twin_shock_imf_bailout,indonesia,USDC
703,0.7596746116875615,1133920.5463476484,217,S5_twin_shock_imf_bailout,indonesia,USDC
704,0.7666070712601584,1105572.5326889572,217,S5_twin_shock_imf_bailout,indonesia,USDC
705,0.7883057328378071,1077933.2193717333,217,S5_twin_shock_imf_bailout,indonesia,USDC
706,0.807810764783502,1050984.8888874399,217,S5_twin_shock_imf_bailout,indonesia,USDC
707,0.8108426766206255,1024710.266665254,217,S5_twin_shock_imf_bailout,indonesia,USDC
708,0.7943801218923505,999092.5099986226,217,S5_twin_shock_imf_bailout,indonesia,USDC
709,0.7665932923869218,974115.197248657,217,S5_twin_shock_imf_bailout,indonesia,USDC
710,0.7687042617377404,949762.3173174406,217,S5_twin_shock_imf_bailout,indonesia,USDC
711,0.7728147534897257,926018.2593845048,217,S5_twin_shock_imf_bailout,indonesia,USDC
712,0.7839045382900555,902867.802899892,217,S5_twin_shock_imf_bailout,indonesia,USDC
713,0.7858235162871435,880296.1078273947,217,S5_twin_shock_imf_bailout,indonesia,USDC
714,0.7669149915309318,858288.7051317098,217,S5_twin_shock_imf_bailout,indonesia,USDC
715,0.7534574718448716,836831.4875034171,217,S5_twin_shock_imf_bailout,indonesia,USDC
716,0.7279136989634573,815910.7003158317,217,S5_twin_shock_imf_bailout,indonesia,USDC
717,0.7361640000544054,795512.9328079359,217,S5_twin_shock_imf_bailout,indonesia,USDC
718,0.7385393388141717,775625.1094877374,217,S5_twin_shock_imf_bailout,indonesia,USDC
719,0.7279925296319214,756234.4817505439,217,S5_twin_shock_imf_bailout,indonesia,USDC
720,0.7246510589614905,737328.6197067804,217,S5_twin_shock_imf_bailout,indonesia,USDC
721,0.7272697203615205,718895.4042141108,217,S5_twin_shock_imf_bailout,indonesia,USDC
722,0.7196799941219972,700923.0191087581,217,S5_twin_shock_imf_bailout,indonesia,USDC
723,0.7408183086088453,683399.9436310391,217,S5_twin_shock_imf_bailout,indonesia,USDC
724,0.7594845620558126,666314.9450402632,217,S5_twin_shock_imf_bailout,indonesia,USDC
725,0.7385261500993765,649657.0714142566,217,S5_twin_shock_imf_bailout,indonesia,USDC
726,0.7486000083120141,633415.6446289002,217,S5_twin_shock_imf_bailout,indonesia,USDC
727,0.6419329391857921,617580.2535131777,217,S5_twin_shock_imf_bailout,indonesia,USDC
728,0.6515239488411673,602140.7471753483,217,S5_twin_shock_imf_bailout,indonesia,USDC
729,0.6435813950948821,587087.2284959645,217,S5_twin_shock_imf_bailout,indonesia,USDC
730,0.6534971520207762,572410.0477835655,217,S5_twin_shock_imf_bailout,indonesia,USDC
731,0.6662454209702149,558099.7965889764,217,S5_twin_shock_imf_bailout,indonesia,USDC
732,0.7029355976320527,544147.3016742519,217,S5_twin_shock_imf_bailout,indonesia,USDC
733,0.6934169051423779,530543.6191323956,217,S5_twin_shock_imf_bailout,indonesia,USDC
734,0.7016628585259916,517280.0286540858,217,S5_twin_shock_imf_bailout,indonesia,USDC
735,0.6983448832520898,504348.02793773357,217,S5_twin_shock_imf_bailout,indonesia,USDC
736,0.6967870750880815,491739.3272392903,217,S5_twin_shock_imf_bailout,indonesia,USDC
737,0.7074348296838823,479445.844058308,217,S5_twin_shock_imf_bailout,indonesia,USDC
738,0.7240626563605372,467459.6979568503,217,S5_twin_shock_imf_bailout,indonesia,USDC
739,0.7164234256531793,455773.205507929,217,S5_twin_shock_imf_bailout,indonesia,USDC
740,0.7113835674794186,444378.87537023076,217,S5_twin_shock_imf_bailout,indonesia,USDC
741,0.7073310405618836,433269.403485975,217,S5_twin_shock_imf_bailout,indonesia,USDC
742,0.7048002416380885,422437.6683988257,217,S5_twin_shock_imf_bailout,indonesia,USDC
743,0.7016933299408465,411876.7266888551,217,S5_twin_shock_imf_bailout,indonesia,USDC
744,0.7136587089313016,401579.8085216337,217,S5_twin_shock_imf_bailout,indonesia,USDC
745,0.6802048336512364,391540.3133085928,217,S5_twin_shock_imf_bailout,indonesia,USDC
746,0.7190693897421493,381751.805475878,217,S5_twin_shock_imf_bailout,indonesia,USDC
747,0.7306846179394019,372208.01033898105,217,S5_twin_shock_imf_bailout,indonesia,USDC
748,0.7252892517749104,362902.8100805065,217,S5_twin_shock_imf_bailout,indonesia,USDC
749,0.7176418264893472,353830.23982849385,217,S5_twin_shock_imf_bailout,indonesia,USDC
750,0.7628220689793488,344984.4838327815,217,S5_twin_shock_imf_bailout,indonesia,USDC
751,0.7775604768338082,336359.871736962,217,S5_twin_shock_imf_bailout,indonesia,USDC
752,0.8193428331856205,327950.8749435379,217,S5_twin_shock_imf_bailout,indonesia,USDC
753,0.820259694389718,319752.1030699495,217,S5_twin_shock_imf_bailout,indonesia,USDC
754,0.8071511279514042,311758.3004932007,217,S5_twin_shock_imf_bailout,indonesia,USDC
755,0.8212499130996577,303964.34298087074,217,S5_twin_shock_imf_bailout,indonesia,USDC
756,0.8284932422464055,296365.23440634896,217,S5_twin_shock_imf_bailout,indonesia,USDC
757,0.7970368205348475,288956.10354619025,217,S5_twin_shock_imf_bailout,indonesia,USDC
758,0.7694984968962107,281732.2009575355,217,S5_twin_shock_imf_bailout,indonesia,USDC
759,0.7323330226629644,274688.8959335971,217,S5_twin_shock_imf_bailout,indonesia,USDC
760,0.7289976064725777,267821.67353525717,217,S5_twin_shock_imf_bailout,indonesia,USDC
761,0.7359373291568325,261126.13169687573,217,S5_twin_shock_imf_bailout,indonesia,USDC
762,0.7453273597813038,254597.97840445384,217,S5_twin_shock_imf_bailout,indonesia,USDC
763,0.7366156601967504,248233.0289443425,217,S5_twin_shock_imf_bailout,indonesia,USDC
764,0.7308218362761157,242027.2032207339,217,S5_twin_shock_imf_bailout,indonesia,USDC
765,0.7487617218517804,235976.5231402156,217,S5_twin_shock_imf_bailout,indonesia,USDC
766,0.7465206991984238,230077.11006171018,217,S5_twin_shock_imf_bailout,indonesia,USDC
767,0.7565742266553409,224325.18231016747,217,S5_twin_shock_imf_bailout,indonesia,USDC
768,0.7704011053213011,218717.05275241326,217,S5_twin_shock_imf_bailout,indonesia,USDC
769,0.7767977686223959,213249.12643360294,217,S5_twin_shock_imf_bailout,indonesia,USDC
770,0.7757701366741592,207917.8982727629,217,S5_twin_shock_imf_bailout,indonesia,USDC
771,0.7644429278367556,202719.95081594383,217,S5_twin_shock_imf_bailout,indonesia,USDC
772,0.7789385011665817,197651.95204554521,217,S5_twin_shock_imf_bailout,indonesia,USDC
773,0.7586816406955316,192710.6532444066,217,S5_twin_shock_imf_bailout,indonesia,USDC
774,0.783278508774439,187892.88691329642,217,S5_twin_shock_imf_bailout,indonesia,USDC
775,0.7979258094827743,183195.564740464,217,S5_twin_shock_imf_bailout,indonesia,USDC
776,0.8073681520358955,178615.6756219524,217,S5_twin_shock_imf_bailout,indonesia,USDC
777,0.8120174869974843,174150.2837314036,217,S5_twin_shock_imf_bailout,indonesia,USDC
778,0.8121188829714553,169796.5266381185,217,S5_twin_shock_imf_bailout,indonesia,USDC
779,0.7872017951976563,165551.61347216554,217,S5_twin_shock_imf_bailout,indonesia,USDC
780,0.7909923889035863,161412.8231353614,217,S5_twin_shock_imf_bailout,indonesia,USDC
781,0.8023095294663274,157377.5025569774,217,S5_twin_shock_imf_bailout,indonesia,USDC
782,0.8163832484999969,153443.06499305295,217,S5_twin_shock_imf_bailout,indonesia,USDC
783,0.8087962151029321,149606.98836822662,217,S5_twin_shock_imf_bailout,indonesia,USDC
784,0.8042199142617698,145866.81365902096,217,S5_twin_shock_imf_bailout,indonesia,USDC
785,0.8355551079000617,142220.14331754541,217,S5_twin_shock_imf_bailout,indonesia,USDC
786,0.8609304121493385,138664.63973460678,217,S5_twin_shock_imf_bailout,indonesia,USDC
787,0.8538208234091182,135198.0237412416,217,S5_twin_shock_imf_bailout,indonesia,USDC
788,0.8119669810680508,131818.0731477106,217,S5_twin_shock_imf_bailout,indonesia,USDC
789,0.8106447404117181,128522.62131901781,217,S5_twin_shock_imf_bailout,indonesia,USDC
790,0.8107232307243989,125309.55578604236,217,S5_twin_shock_imf_bailout,indonesia,USDC
791,0.7962940696430387,122176.8168913913,217,S5_twin_shock_imf_bailout,indonesia,USDC
792,0.7972836311676789,119122.39646910652,217,S5_twin_shock_imf_bailout,indonesia,USDC
793,0.804788823614883,116144.33655737885,217,S5_twin_shock_imf_bailout,indonesia,USDC
794,0.8234324538308012,113240.72814344439,217,S5_twin_shock_imf_bailout,indonesia,USDC
795,0.8017855110352599,110409.7099398583,217,S5_twin_shock_imf_bailout,indonesia,USDC
796,0.8235303939213432,107649.46719136182,217,S5_twin_shock_imf_bailout,indonesia,USDC
797,0.8149271843324056,104958.23051157777,217,S5_twin_shock_imf_bailout,indonesia,USDC
798,0.8212787394523281,102334.27474878833,217,S5_twin_shock_imf_bailout,indonesia,USDC
799,0.8246330000561647,99775.91788006862,217,S5_twin_shock_imf_bailout,indonesia,USDC
800,0.82686150650508,97281.51993306691,217,S5_twin_shock_imf_bailout,indonesia,USDC
801,0.8359796118233069,94849.48193474024,217,S5_twin_shock_imf_bailout,indonesia,USDC
802,0.8301737096705079,92478.24488637173,217,S5_twin_shock_imf_bailout,indonesia,USDC
803,0.8289814002614511,90166.28876421244,217,S5_twin_shock_imf_bailout,indonesia,USDC
804,0.8281840038514695,87912.13154510711,217,S5_twin_shock_imf_bailout,indonesia,USDC
805,0.8250383625289869,85714.32825647944,217,S5_twin_shock_imf_bailout,indonesia,USDC
806,0.8160959143994533,83571.47005006747,217,S5_twin_shock_imf_bailout,indonesia,USDC
807,0.8147156694118116,81482.18329881577,217,S5_twin_shock_imf_bailout,indonesia,USDC
808,0.8098583255285358,79445.12871634538,217,S5_twin_shock_imf_bailout,indonesia,USDC
809,0.819917137743336,77459.00049843674,217,S5_twin_shock_imf_bailout,indonesia,USDC
810,0.8138625492461073,75522.52548597583,217,S5_twin_shock_imf_bailout,indonesia,USDC
811,0.777621371784786,73634.46234882643,217,S5_twin_shock_imf_bailout,indonesia,USDC
812,0.7938910160530516,71793.60079010577,217,S5_twin_shock_imf_bailout,indonesia,USDC
813,0.8021319650104615,69998.76077035312,217,S5_twin_shock_imf_bailout,indonesia,USDC
814,0.8119688456506783,68248.79175109431,217,S5_twin_shock_imf_bailout,indonesia,USDC
815,0.8112263828573014,66542.57195731695,217,S5_twin_shock_imf_bailout,indonesia,USDC
816,0.8064943758884984,64879.00765838403,217,S5_twin_shock_imf_bailout,indonesia,USDC
817,0.8059890166742698,63257.03246692443,217,S5_twin_shock_imf_bailout,indonesia,USDC
818,0.8210624341052735,61675.60665525131,217,S5_twin_shock_imf_bailout,indonesia,USDC
819,0.8390205277819021,60133.716488870035,217,S5_twin_shock_imf_bailout,indonesia,USDC
820,0.8237061090471254,58630.37357664828,217,S5_twin_shock_imf_bailout,indonesia,USDC
821,0.8053552658939223,57164.614237232076,217,S5_twin_shock_imf_bailout,indonesia,USDC
822,0.7898817122798814,55735.498881301275,217,S5_twin_shock_imf_bailout,indonesia,USDC
823,0.8112121337222576,54342.111409268735,217,S5_twin_shock_imf_bailout,indonesia,USDC
824,0.8163716290782016,52983.558624037025,217,S5_twin_shock_imf_bailout,indonesia,USDC
825,0.7992382342042458,51658.96965843609,217,S5_twin_shock_imf_bailout,indonesia,USDC
826,0.822158371077941,50367.4954169752,217,S5_twin_shock_imf_bailout,indonesia,USDC
827,0.8402312215311701,49108.30803155081,217,S5_twin_shock_imf_bailout,indonesia,USDC
828,0.8437599361782143,47880.60033076204,217,S5_twin_shock_imf_bailout,indonesia,USDC
829,0.8640247304344072,46683.585322492996,217,S5_twin_shock_imf_bailout,indonesia,USDC
830,0.8747181049543772,45516.49568943067,217,S5_twin_shock_imf_bailout,indonesia,USDC
831,0.8558679538862738,44378.5832971949,217,S5_twin_shock_imf_bailout,indonesia,USDC
832,0.8393270817424712,43269.11871476503,217,S5_twin_shock_imf_bailout,indonesia,USDC
833,0.8901029888903741,42187.39074689591,217,S5_twin_shock_imf_bailout,indonesia,USDC
834,0.8751392486539495,41132.70597822351,217,S5_twin_shock_imf_bailout,indonesia,USDC
835,0.8787585321755799,40104.38832876792,217,S5_twin_shock_imf_bailout,indonesia,USDC
836,0.847546472426608,39101.77862054872,217,S5_twin_shock_imf_bailout,indonesia,USDC
837,0.8275900027228787,38124.234155035,217,S5_twin_shock_imf_bailout,indonesia,USDC
838,0.795560994311124,37171.12830115913,217,S5_twin_shock_imf_bailout,indonesia,USDC
839,0.8037029710332374,36241.85009363015,217,S5_twin_shock_imf_bailout,indonesia,USDC
840,0.8025869443196518,35335.803841289395,217,S5_twin_shock_imf_bailout,indonesia,USDC
841,0.8002963908498797,34452.40874525716,217,S5_twin_shock_imf_bailout,indonesia,USDC
842,0.8134574258117857,33591.098526625734,217,S5_twin_shock_imf_bailout,indonesia,USDC
843,0.8153806510688073,32751.32106346009,217,S5_twin_shock_imf_bailout,indonesia,USDC
844,0.7991566816748064,31932.53803687359,217,S5_twin_shock_imf_bailout,indonesia,USDC
845,0.7806163375245908,31134.22458595175,217,S5_twin_shock_imf_bailout,indonesia,USDC
846,0.772502471849127,30355.868971302953,217,S5_twin_shock_imf_bailout,indonesia,USDC
847,0.791201256760792,29596.97224702038,217,S5_twin_shock_imf_bailout,indonesia,USDC
848,0.7766148837158532,28857.047940844874,217,S5_twin_shock_imf_bailout,indonesia,USDC
849,0.766610176979448,28135.62174232375,217,S5_twin_shock_imf_bailout,indonesia,USDC
850,0.7836147012328977,27432.231198765658,217,S5_twin_shock_imf_bailout,indonesia,USDC
851,0.7824426183571201,26746.425418796516,217,S5_twin_shock_imf_bailout,indonesia,USDC
852,0.7776142282113262,26077.764783326606,217,S5_twin_shock_imf_bailout,indonesia,USDC
853,0.7794805717186302,25425.82066374344,217,S5_twin_shock_imf_bailout,indonesia,USDC
854,0.766768509744011,24790.175147149854,217,S5_twin_shock_imf_bailout,indonesia,USDC
855,0.7457522358623865,24170.420768471107,217,S5_twin_shock_imf_bailout,indonesia,USDC
856,0.7485982131456422,23566.16024925933,217,S5_twin_shock_imf_bailout,indonesia,USDC
857,0.7436363204412125,22977.00624302785,217,S5_twin_shock_imf_bailout,indonesia,USDC
858,0.6378567439688924,22402.581086952152,217,S5_twin_shock_imf_bailout,indonesia,USDC
859,0.6771288288472737,21842.51655977835,217,S5_twin_shock_imf_bailout,indonesia,USDC
860,0.6625012508809617,21296.45364578389,217,S5_twin_shock_imf_bailout,indonesia,USDC
861,0.6983943792467545,20764.042304639293,217,S5_twin_shock_imf_bailout,indonesia,USDC
862,0.7235444325840236,20244.94124702331,217,S5_twin_shock_imf_bailout,indonesia,USDC
863,0.7260200104021258,19738.817715847727,217,S5_twin_shock_imf_bailout,indonesia,USDC
864,0.7269515171215895,19245.347272951534,217,S5_twin_shock_imf_bailout,indonesia,USDC
865,0.7413317202647822,18764.213591127747,217,S5_twin_shock_imf_bailout,indonesia,USDC
866,0.7582262661645062,18295.10825134955,217,S5_twin_shock_imf_bailout,indonesia,USDC
867,0.7598693338737926,17837.730545065813,217,S5_twin_shock_imf_bailout,indonesia,USDC
868,0.7442162406833946,17391.787281439167,217,S5_twin_shock_imf_bailout,indonesia,USDC
869,0.780162136160205,16956.992599403187,217,S5_twin_shock_imf_bailout,indonesia,USDC
870,0.776059663033584,16533.06778441811,217,S5_twin_shock_imf_bailout,indonesia,USDC
871,0.7491980708204703,16119.741089807656,217,S5_twin_shock_imf_bailout,indonesia,USDC
872,0.7496094054282302,15716.747562562465,217,S5_twin_shock_imf_bailout,indonesia,USDC
873,0.6388016871061368,15323.828873498403,217,S5_twin_shock_imf_bailout,indonesia,USDC
874,0.6437725005529107,14940.733151660943,217,S5_twin_shock_imf_bailout,indonesia,USDC
875,0.6575366821444247,14567.21482286942,217,S5_twin_shock_imf_bailout,indonesia,USDC
876,0.622552290071617,14203.034452297685,217,S5_twin_shock_imf_bailout,indonesia,USDC
877,0.6547493605365243,13847.958590990242,217,S5_twin_shock_imf_bailout,indonesia,USDC
878,0.6664140417601171,13501.759626215486,217,S5_twin_shock_imf_bailout,indonesia,USDC
879,0.6799947485459765,13164.215635560098,217,S5_twin_shock_imf_bailout,indonesia,USDC
880,0.6958072553461376,12835.110244671096,217,S5_twin_shock_imf_bailout,indonesia,USDC
881,0.7153563887848862,12514.23248855432,217,S5_twin_shock_imf_bailout,indonesia,USDC
882,0.7109098105778843,12201.37667634046,217,S5_twin_shock_imf_bailout,indonesia,USDC
883,0.7485614700898119,11896.342259431949,217,S5_twin_shock_imf_bailout,indonesia,USDC
884,0.7782635717133036,11598.933702946151,217,S5_twin_shock_imf_bailout,indonesia,USDC
885,0.7854458974544453,11308.960360372497,217,S5_twin_shock_imf_bailout,indonesia,USDC
886,0.7781319527403928,11026.236351363184,217,S5_twin_shock_imf_bailout,indonesia,USDC
887,0.7661842230686895,10750.580442579105,217,S5_twin_shock_imf_bailout,indonesia,USDC
888,0.7876947767956942,10481.815931514628,217,S5_twin_shock_imf_bailout,indonesia,USDC
889,0.7993786903730026,10219.770533226761,217,S5_twin_shock_imf_bailout,indonesia,USDC
890,0.8094171836561257,9964.276269896092,217,S5_twin_shock_imf_bailout,indonesia,USDC
891,0.8106655579694463,9715.169363148689,217,S5_twin_shock_imf_bailout,indonesia,USDC
892,0.8084119097764249,9472.290129069972,217,S5_twin_shock_imf_bailout,indonesia,USDC
893,0.8067043486674313,9235.482875843223,217,S5_twin_shock_imf_bailout,indonesia,USDC
894,0.7838019632509332,9004.595803947142,217,S5_twin_shock_imf_bailout,indonesia,USDC
895,0.788268216583589,8779.480908848465,217,S5_twin_shock_imf_bailout,indonesia,USDC
896,0.8073635918401467,8559.993886127253,217,S5_twin_shock_imf_bailout,indonesia,USDC
897,0.6776875357111453,8345.994038974071,217,S5_twin_shock_imf_bailout,indonesia,USDC
898,0.6807272310121891,8137.344187999719,217,S5_twin_shock_imf_bailout,indonesia,USDC
899,0.6679356338053523,7933.910583299727,217,S5_twin_shock_imf_bailout,indonesia,USDC
900,0.6751881619354317,7735.562818717233,217,S5_twin_shock_imf_bailout,indonesia,USDC
901,0.6857122859259293,7542.173748249303,217,S5_twin_shock_imf_bailout,indonesia,USDC
902,0.633146426444758,7353.61940454307,217,S5_twin_shock_imf_bailout,indonesia,USDC
903,0.6556572273526763,7169.778919429495,217,S5_twin_shock_imf_bailout,indonesia,USDC
904,0.6721487954875469,6990.534446443757,217,S5_twin_shock_imf_bailout,indonesia,USDC
905,0.6755274423993313,6815.771085282662,217,S5_twin_shock_imf_bailout,indonesia,USDC
906,0.6803773438176215,6645.376808150597,217,S5_twin_shock_imf_bailout,indonesia,USDC
907,0.6905961352742966,6479.2423879468315,217,S5_twin_shock_imf_bailout,indonesia,USDC
908,0.7155778652424989,6317.26132824816,217,S5_twin_shock_imf_bailout,indonesia,USDC
909,0.7465499738609966,6159.329795041956,217,S5_twin_shock_imf_bailout,indonesia,USDC
910,0.7145064537190953,6005.346550165907,217,S5_twin_shock_imf_bailout,indonesia,USDC
911,0.7308076227331493,5855.212886411759,217,S5_twin_shock_imf_bailout,indonesia,USDC
912,0.719501660929585,5708.832564251466,217,S5_twin_shock_imf_bailout,indonesia,USDC
913,0.7230442046556699,5566.111750145179,217,S5_twin_shock_imf_bailout,indonesia,USDC
914,0.7320588119413092,5426.958956391549,217,S5_twin_shock_imf_bailout,indonesia,USDC
915,0.6248264268711796,5291.28498248176,217,S5_twin_shock_imf_bailout,indonesia,USDC
916,0.6557422555530926,5159.002857919717,217,S5_twin_shock_imf_bailout,indonesia,USDC
917,0.6761799191726539,5030.0277864717245,217,S5_twin_shock_imf_bailout,indonesia,USDC
918,0.7161795460617578,4904.27709180993,217,S5_twin_shock_imf_bailout,indonesia,USDC
919,0.7293064746087728,4781.670164514682,217,S5_twin_shock_imf_bailout,indonesia,USDC
920,0.7332426480481948,4662.128410401815,217,S5_twin_shock_imf_bailout,indonesia,USDC
921,0.7479986463114653,4545.57520014177,217,S5_twin_shock_imf_bailout,indonesia,USDC
922,0.727950977444824,4431.935820138226,217,S5_twin_shock_imf_bailout,indonesia,USDC
923,0.7262187794311709,4321.1374246347705,217,S5_twin_shock_imf_bailout,indonesia,USDC
924,0.7093265176474242,4213.108989018901,217,S5_twin_shock_imf_bailout,indonesia,USDC
925,0.7214498503940376,4107.781264293429,217,S5_twin_shock_imf_bailout,indonesia,USDC
926,0.7167374015198068,4005.086732686093,217,S5_twin_shock_imf_bailout,indonesia,USDC
927,0.731099843103493,3904.959564368941,217,S5_twin_shock_imf_bailout,indonesia,USDC
928,0.7238911497185193,3807.335575259717,217,S5_twin_shock_imf_bailout,indonesia,USDC
929,0.7301477217747407,3712.1521858782244,217,S5_twin_shock_imf_bailout,indonesia,USDC
930,0.7330121857516758,3619.3483812312684,217,S5_twin_shock_imf_bailout,indonesia,USDC
931,0.7750671751657574,3528.864671700487,217,S5_twin_shock_imf_bailout,indonesia,USDC
932,0.7856226486588992,3440.643054907975,217,S5_twin_shock_imf_bailout,indonesia,USDC
933,0.7687868311184853,3354.626978535275,217,S5_twin_shock_imf_bailout,indonesia,USDC
934,0.7759918662807391,3270.7613040718934,217,S5_twin_shock_imf_bailout,indonesia,USDC
935,0.7786100794779766,3188.992271470096,217,S5_twin_shock_imf_bailout,indonesia,USDC
936,0.7811109018899667,3109.267464683344,217,S5_twin_shock_imf_bailout,indonesia,USDC
937,0.7617317922667366,3031.5357780662603,217,S5_twin_shock_imf_bailout,indonesia,USDC
938,0.7671219753498173,2955.7473836146037,217,S5_twin_shock_imf_bailout,indonesia,USDC
939,0.7892951509084754,2881.8536990242383,217,S5_twin_shock_imf_bailout,indonesia,USDC
940,0.7906223058393502,2809.807356548633,217,S5_twin_shock_imf_bailout,indonesia,USDC
941,0.7550229620992922,2739.562172634917,217,S5_twin_shock_imf_bailout,indonesia,USDC
942,0.7639116947568245,2671.0731183190437,217,S5_twin_shock_imf_bailout,indonesia,USDC
943,0.7868069131691732,2604.296290361068,217,S5_twin_shock_imf_bailout,indonesia,USDC
944,0.7932283280517834,2539.188883102041,217,S5_twin_shock_imf_bailout,indonesia,USDC
945,0.7744391284151654,2475.7091610244897,217,S5_twin_shock_imf_bailout,indonesia,USDC
946,0.793036398499786,2413.8164319988778,217,S5_twin_shock_imf_bailout,indonesia,USDC
947,0.8073023212079773,2353.471021198906,217,S5_twin_shock_imf_bailout,indonesia,USDC
948,0.8071948603107527,2294.634245668933,217,S5_twin_shock_imf_bailout,indonesia,USDC
949,0.8009500948214789,2237.26838952721,217,S5_twin_shock_imf_bailout,indonesia,USDC
950,0.8035271023823091,2181.3366797890294,217,S5_twin_shock_imf_bailout,indonesia,USDC
951,0.7955237707550082,2126.803262794304,217,S5_twin_shock_imf_bailout,indonesia,USDC
952,0.80639114682272,2073.633181224446,217,S5_twin_shock_imf_bailout,indonesia,USDC
953,0.8145216152465775,2021.7923516938351,217,S5_twin_shock_imf_bailout,indonesia,USDC
954,0.8364762364613488,1971.2475429014894,217,S5_twin_shock_imf_bailout,indonesia,USDC
955,0.8239506637002152,1921.966354328952,217,S5_twin_shock_imf_bailout,indonesia,USDC
956,0.8228270968477924,1873.9171954707283,217,S5_twin_shock_imf_bailout,indonesia,USDC
957,0.8005268519591602,1827.06926558396,217,S5_twin_shock_imf_bailout,indonesia,USDC
958,0.7737726598104561,1781.392533944361,217,S5_twin_shock_imf_bailout,indonesia,USDC
959,0.7845169425435584,1736.857720595752,217,S5_twin_shock_imf_bailout,indonesia,USDC
960,0.7770828202466982,1693.4362775808581,217,S5_twin_shock_imf_bailout,indonesia,USDC
961,0.7574423060664836,1651.1003706413367,217,S5_twin_shock_imf_bailout,indonesia,USDC
962,0.790138051753607,1609.822861375303,217,S5_twin_shock_imf_bailout,indonesia,USDC
963,0.7802664956644835,1569.5772898409207,217,S5_twin_shock_imf_bailout,indonesia,USDC
964,0.7676290526567849,1530.3378575948977,217,S5_twin_shock_imf_bailout,indonesia,USDC
965,0.7687036106480691,1492.0794111550251,217,S5_twin_shock_imf_bailout,indonesia,USDC
966,0.7632150057053549,1454.7774258761497,217,S5_twin_shock_imf_bailout,indonesia,USDC
967,0.7893106933308411,1418.4079902292458,217,S5_twin_shock_imf_bailout,indonesia,USDC
968,0.7917631802597686,1382.9477904735145,217,S5_twin_shock_imf_bailout,indonesia,USDC
969,0.7966684718260622,1348.3740957116768,217,S5_twin_shock_imf_bailout,indonesia,USDC
970,0.7919950026479257,1314.6647433188848,217,S5_twin_shock_imf_bailout,indonesia,USDC
971,0.7639593943976825,1281.7981247359126,217,S5_twin_shock_imf_bailout,indonesia,USDC
972,0.7555418996403365,1249.753171617515,217,S5_twin_shock_imf_bailout,indonesia,USDC
973,0.7478823420147227,1218.5093423270769,217,S5_twin_shock_imf_bailout,indonesia,USDC
974,0.7527719925295275,1188.0466087689001,217,S5_twin_shock_imf_bailout,indonesia,USDC
975,0.7547537590078086,1158.3454435496774,217,S5_twin_shock_imf_bailout,indonesia,USDC
976,0.7682909373391704,1129.3868074609356,217,S5_twin_shock_imf_bailout,indonesia,USDC
977,0.7618810426903683,1101.152137274412,217,S5_twin_shock_imf_bailout,indonesia,USDC
978,0.7664147327708093,1073.6233338425518,217,S5_twin_shock_imf_bailout,indonesia,USDC
979,0.7448238438157068,1046.782750496488,217,S5_twin_shock_imf_bailout,indonesia,USDC
980,0.766631594462626,1020.6131817340759,217,S5_twin_shock_imf_bailout,indonesia,USDC
981,0.7614118298257698,995.097852190724,217,S5_twin_shock_imf_bailout,indonesia,USDC
982,0.7470593632168037,970.220405885956,217,S5_twin_shock_imf_bailout,indonesia,USDC
983,0.7638200566412358,945.9648957388071,217,S5_twin_shock_imf_bailout,indonesia,USDC
984,0.7748793379073315,922.3157733453368,217,S5_twin_shock_imf_bailout,indonesia,USDC
985,0.7979170977288349,899.2578790117035,217,S5_twin_shock_imf_bailout,indonesia,USDC
986,0.7939206332608512,876.7764320364108,217,S5_twin_shock_imf_bailout,indonesia,USDC
987,0.811232691389601,854.8570212355006,217,S5_twin_shock_imf_bailout,indonesia,USDC
988,0.8281234061771138,833.4855957046132,217,S5_twin_shock_imf_bailout,indonesia,USDC
989,0.7959720884425345,812.6484558119978,217,S5_twin_shock_imf_bailout,indonesia,USDC
990,0.7991439999680597,792.3322444166979,217,S5_twin_shock_imf_bailout,indonesia,USDC
991,0.7903902687407502,772.5239383062803,217,S5_twin_shock_imf_bailout,indonesia,USDC
992,0.7976639523618838,753.2108398486234,217,S5_twin_shock_imf_bailout,indonesia,USDC
993,0.7881762505754348,734.3805688524078,217,S5_twin_shock_imf_bailout,indonesia,USDC
994,0.7974984422296119,716.0210546310975,217,S5_twin_shock_imf_bailout,indonesia,USDC
995,0.776693123469973,698.1205282653202,217,S5_twin_shock_imf_bailout,indonesia,USDC
996,0.7908490461818786,680.6675150586872,217,S5_twin_shock_imf_bailout,indonesia,USDC
997,0.7873648189698222,663.6508271822199,217,S5_twin_shock_imf_bailout,indonesia,USDC
998,0.7986244029383514,647.0595565026645,217,S5_twin_shock_imf_bailout,indonesia,USDC
999,0.7799184629953649,630.8830675900979,217,S5_twin_shock_imf_bailout,indonesia,USDC
1000,0.8029797127031255,615.1109909003454,217,S5_twin_shock_imf_bailout,indonesia,USDC
