Step,price,liquidity,iteration,scenario,region,coin
1,1.0176789809717208,2989501650074.517,27,S5_twin_shock_imf_bailout,indonesia,USDC
2,1.0065634829676413,2989501650074.517,27,S5_twin_shock_imf_bailout,indonesia,USDC
3,0.9920565444931668,2989501650074.517,27,S5_twin_shock_imf_bailout,indonesia,USDC
4,1.008019379354255,2989501650074.517,27,S5_twin_shock_imf_bailout,indonesia,USDC
5,1.0215044315817003,2989501650074.517,27,S5_twin_shock_imf_bailout,indonesia,USDC
6,0.9985261330008,2989501650074.517,27,S5_twin_shock_imf_bailout,indonesia,USDC
7,0.9978108428835522,2989501650074.517,27,S5_twin_shock_imf_bailout,indonesia,USDC
8,1.0403936777141571,2989501650074.517,27,S5_twin_shock_imf_bailout,indonesia,USDC
9,0.9937707440591599,2989501650074.517,27,S5_twin_shock_imf_bailout,indonesia,USDC
10,0.9891979868231054,2989501650074.517,27,S5_twin_shock_imf_bailout,indonesia,USDC
11,0.977562429557894,2989501650074.517,27,S5_twin_shock_imf_bailout,indonesia,USDC
12,0.9769193232790259,2989501650074.517,27,S5_twin_shock_imf_bailout,indonesia,USDC
13,0.9405289421486422,2989501650074.517,27,S5_twin_shock_imf_bailout,indonesia,USDC
14,0.9509758817754441,2987709972364.7544,27,S5_twin_shock_imf_bailout,indonesia,USDC
15,0.9310329432974884,2986568362050.422,27,S5_twin_shock_imf_bailout,indonesia,USDC
16,0.9300613131353022,2984275865347.957,27,S5_twin_shock_imf_bailout,indonesia,USDC
17,0.964823067305628,2982075561562.5366,27,S5_twin_shock_imf_bailout,indonesia,USDC
18,0.969892496684992,2981822435053.395,27,S5_twin_shock_imf_bailout,indonesia,USDC
19,0.9649183843275593,2981822435053.395,27,S5_twin_shock_imf_bailout,indonesia,USDC
20,0.9297278550970183,2981557717452.3926,27,S5_twin_shock_imf_bailout,indonesia,USDC
21,0.9580642621653132,2979434535996.1504,27,S5_twin_shock_imf_bailout,indonesia,USDC
22,0.9788865598448364,2978831399454.2676,27,S5_twin_shock_imf_bailout,indonesia,USDC
23,0.9575868657281058,2978831399454.2676,27,S5_twin_shock_imf_bailout,indonesia,USDC
24,0.9927103399718409,2978234634636.549,27,S5_twin_shock_imf_bailout,indonesia,USDC
25,0.8389592698433166,2978234634636.549,27,S5_twin_shock_imf_bailout,indonesia,USDC
26,0.8398850481630066,2971695198617.923,27,S5_twin_shock_imf_bailout,indonesia,USDC
27,0.8697860532811008,2966076474995.012,27,S5_twin_shock_imf_bailout,indonesia,USDC
28,0.90201010917944,2962297807411.677,27,S5_twin_shock_imf_bailout,indonesia,USDC
29,0.8954903008104347,2960043792401.254,27,S5_twin_shock_imf_bailout,indonesia,USDC
30,0.9034865378438474,2957767830465.0874,27,S5_twin_shock_imf_bailout,indonesia,USDC
31,0.8997529307476199,2955892650580.4697,27,S5_twin_shock_imf_bailout,indonesia,USDC
32,0.9068802843833573,2953981423322.5513,27,S5_twin_shock_imf_bailout,indonesia,USDC
33,0.8953836394919565,2952446471810.3716,27,S5_twin_shock_imf_bailout,indonesia,USDC
34,0.8936446470994124,2950745373504.8613,27,S5_twin_shock_imf_bailout,indonesia,USDC
35,0.8834265873359484,2949115391156.5083,27,S5_twin_shock_imf_bailout,indonesia,USDC
36,0.9242527090253366,2947387228847.8877,27,S5_twin_shock_imf_bailout,indonesia,USDC
37,0.946447565619521,2946571942445.8086,27,S5_twin_shock_imf_bailout,indonesia,USDC
38,0.9428887575653288,2946177176141.786,27,S5_twin_shock_imf_bailout,indonesia,USDC
39,0.9107311108634409,2945721629089.5474,27,S5_twin_shock_imf_bailout,indonesia,USDC
40,0.9199550269926619,2944747078430.7163,27,S5_twin_shock_imf_bailout,indonesia,USDC
41,0.9212079255921464,2943989581411.668,27,S5_twin_shock_imf_bailout,indonesia,USDC
42,0.9327650207664048,2943260822418.041,27,S5_twin_shock_imf_bailout,indonesia,USDC
43,0.9191415635027219,2942744595791.824,27,S5_twin_shock_imf_bailout,indonesia,USDC
44,0.9253784541891433,2942093030384.078,27,S5_twin_shock_imf_bailout,indonesia,USDC
45,0.9127106242720033,2941513806823.9697,27,S5_twin_shock_imf_bailout,indonesia,USDC
46,0.9443885451516268,2940819414504.174,27,S5_twin_shock_imf_bailout,indonesia,USDC
47,0.9507132554013795,2940539448120.912,27,S5_twin_shock_imf_bailout,indonesia,USDC
48,0.9387749076338785,2940328394495.7925,27,S5_twin_shock_imf_bailout,indonesia,USDC
49,0.9506537342057159,2940000820416.726,27,S5_twin_shock_imf_bailout,indonesia,USDC
50,0.9515467257747192,2939791418622.8496,27,S5_twin_shock_imf_bailout,indonesia,USDC
51,0.9571166846240405,2939595666127.244,27,S5_twin_shock_imf_bailout,indonesia,USDC
52,0.9606592561716107,2939476410261.4316,27,S5_twin_shock_imf_bailout,indonesia,USDC
53,0.9863241381021136,2939380356983.436,27,S5_twin_shock_imf_bailout,indonesia,USDC
54,1.0058968258029288,2939380356983.436,27,S5_twin_shock_imf_bailout,indonesia,USDC
55,1.0545327029975016,2939380356983.436,27,S5_twin_shock_imf_bailout,indonesia,USDC
56,1.0642267076759713,2939380356983.436,27,S5_twin_shock_imf_bailout,indonesia,USDC
57,1.0405981462068672,2939380356983.436,27,S5_twin_shock_imf_bailout,indonesia,USDC
58,1.0160092049744764,2939380356983.436,27,S5_twin_shock_imf_bailout,indonesia,USDC
59,1.0215024922676745,2939380356983.436,27,S5_twin_shock_imf_bailout,indonesia,USDC
60,1.0252615563286473,2939380356983.436,27,S5_twin_shock_imf_bailout,indonesia,USDC
61,1.0342589263189494,2939380356983.436,27,S5_twin_shock_imf_bailout,indonesia,USDC
62,1.0532045501365546,2939380356983.436,27,S5_twin_shock_imf_bailout,indonesia,USDC
63,1.0702967945305295,2939380356983.436,27,S5_twin_shock_imf_bailout,indonesia,USDC
64,1.0889568352403944,2939380356983.436,27,S5_twin_shock_imf_bailout,indonesia,USDC
65,1.096717911489152,2939380356983.436,27,S5_twin_shock_imf_bailout,indonesia,USDC
66,1.0846775288628911,2939380356983.436,27,S5_twin_shock_imf_bailout,indonesia,USDC
67,1.0276437031711294,2939380356983.436,27,S5_twin_shock_imf_bailout,indonesia,USDC
68,1.01865709942188,2939380356983.436,27,S5_twin_shock_imf_bailout,indonesia,USDC
69,1.017113115219125,2939380356983.436,27,S5_twin_shock_imf_bailout,indonesia,USDC
70,1.031623696870718,2939380356983.436,27,S5_twin_shock_imf_bailout,indonesia,USDC
71,1.0643518233634373,2939380356983.436,27,S5_twin_shock_imf_bailout,indonesia,USDC
72,1.0749310530858942,2939380356983.436,27,S5_twin_shock_imf_bailout,indonesia,USDC
73,1.0702110697310911,2939380356983.436,27,S5_twin_shock_imf_bailout,indonesia,USDC
74,1.0857226849455055,2939380356983.436,27,S5_twin_shock_imf_bailout,indonesia,USDC
75,1.064650610284665,2939380356983.436,27,S5_twin_shock_imf_bailout,indonesia,USDC
76,1.0731018399604086,2939380356983.436,27,S5_twin_shock_imf_bailout,indonesia,USDC
77,1.0546491850733042,2939380356983.436,27,S5_twin_shock_imf_bailout,indonesia,USDC
78,1.046007543920214,2939380356983.436,27,S5_twin_shock_imf_bailout,indonesia,USDC
79,1.0383053673962035,2939380356983.436,27,S5_twin_shock_imf_bailout,indonesia,USDC
80,1.0350767568908543,2939380356983.436,27,S5_twin_shock_imf_bailout,indonesia,USDC
81,1.0289048060277286,2939380356983.436,27,S5_twin_shock_imf_bailout,indonesia,USDC
82,1.048789254834097,2939380356983.436,27,S5_twin_shock_imf_bailout,indonesia,USDC
83,1.054937545462322,2939380356983.436,27,S5_twin_shock_imf_bailout,indonesia,USDC
84,1.0580614984869738,2939380356983.436,27,S5_twin_shock_imf_bailout,indonesia,USDC
85,1.047435865551064,2939380356983.436,27,S5_twin_shock_imf_bailout,indonesia,USDC
86,1.0619066972340518,2939380356983.436,27,S5_twin_shock_imf_bailout,indonesia,USDC
87,1.0474472817531577,2939380356983.436,27,S5_twin_shock_imf_bailout,indonesia,USDC
88,1.0004181593342174,2939380356983.436,27,S5_twin_shock_imf_bailout,indonesia,USDC
89,0.9937221008789076,2939380356983.436,27,S5_twin_shock_imf_bailout,indonesia,USDC
90,1.0244921114755545,2939380356983.436,27,S5_twin_shock_imf_bailout,indonesia,USDC
91,1.0401212468575889,2939380356983.436,27,S5_twin_shock_imf_bailout,indonesia,USDC
92,1.0194804465876992,2939380356983.436,27,S5_twin_shock_imf_bailout,indonesia,USDC
93,0.9896778743136072,2939380356983.436,27,S5_twin_shock_imf_bailout,indonesia,USDC
94,0.975742853140469,2939380356983.436,27,S5_twin_shock_imf_bailout,indonesia,USDC
95,0.9824649029483864,2939380356983.436,27,S5_twin_shock_imf_bailout,indonesia,USDC
96,0.9678569533940049,2939380356983.436,27,S5_twin_shock_imf_bailout,indonesia,USDC
97,0.9706506854672602,2939358531695.4844,27,S5_twin_shock_imf_bailout,indonesia,USDC
98,0.9546730748155248,2939358531695.4844,27,S5_twin_shock_imf_bailout,indonesia,USDC
99,0.9604385776176783,2939202783564.3955,27,S5_twin_shock_imf_bailout,indonesia,USDC
100,0.9640810823919259,2939113795067.7354,27,S5_twin_shock_imf_bailout,indonesia,USDC
101,0.8062275331102706,2939067034104.0513,27,S5_twin_shock_imf_bailout,indonesia,USDC
102,0.8447269489417679,2937452037671.8193,27,S5_twin_shock_imf_bailout,indonesia,USDC
103,0.883872570511879,2936488898223.94,27,S5_twin_shock_imf_bailout,indonesia,USDC
104,0.9103467019852577,2935910317642.5317,27,S5_twin_shock_imf_bailout,indonesia,USDC
105,0.921663876224775,2935516195831.9004,27,S5_twin_shock_imf_bailout,indonesia,USDC
106,0.9084642502858681,2935216484668.8276,27,S5_twin_shock_imf_bailout,indonesia,USDC
107,0.9159467946663007,2934853941750.01,27,S5_twin_shock_imf_bailout,indonesia,USDC
108,0.9234998309309882,2934563480729.5684,27,S5_twin_shock_imf_bailout,indonesia,USDC
109,0.9385074535637228,2934340785434.5034,27,S5_twin_shock_imf_bailout,indonesia,USDC
110,0.9299963335903291,2934183675439.621,27,S5_twin_shock_imf_bailout,indonesia,USDC
111,0.9326793967871221,2934007479322.365,27,S5_twin_shock_imf_bailout,indonesia,USDC
112,0.9417528995745853,2933844580782.72,27,S5_twin_shock_imf_bailout,indonesia,USDC
113,0.9435281950624628,2933722445286.3584,27,S5_twin_shock_imf_bailout,indonesia,USDC
114,0.9417226163384407,2933615400659.3745,27,S5_twin_shock_imf_bailout,indonesia,USDC
115,0.9623898826287067,2933507834502.1377,27,S5_twin_shock_imf_bailout,indonesia,USDC
116,0.9520345823998316,2933476404055.0186,27,S5_twin_shock_imf_bailout,indonesia,USDC
117,0.9478925688286414,2933406094943.354,27,S5_twin_shock_imf_bailout,indonesia,USDC
118,0.9591710301869313,2933317108091.601,27,S5_twin_shock_imf_bailout,indonesia,USDC
119,0.9683877559603647,2933277219833.141,27,S5_twin_shock_imf_bailout,indonesia,USDC
120,0.9584268065367837,2933277096711.2754,27,S5_twin_shock_imf_bailout,indonesia,USDC
121,600000.9013308543,2859946512692.696,27,S5_twin_shock_imf_bailout,indonesia,USDC
122,480001.95,2788479849875.3784,27,S5_twin_shock_imf_bailout,indonesia,USDC
123,384001.95,2718793453628.4937,27,S5_twin_shock_imf_bailout,indonesia,USDC
124,307201.95,2650844097287.7812,27,S5_twin_shock_imf_bailout,indonesia,USDC
125,245761.95,2584589378855.587,27,S5_twin_shock_imf_bailout,indonesia,USDC
126,196609.95,2519987751584.1973,27,S5_twin_shock_imf_bailout,indonesia,USDC
127,157288.35,2456998543554.593,27,S5_twin_shock_imf_bailout,indonesia,USDC
128,125831.06999999999,2395581968573.7275,27,S5_twin_shock_imf_bailout,indonesia,USDC
129,100665.246,2335699130245.784,27,S5_twin_shock_imf_bailout,indonesia,USDC
130,80532.5868,2277312020698.76,27,S5_twin_shock_imf_bailout,indonesia,USDC
131,64426.45944,2220383515148.587,27,S5_twin_shock_imf_bailout,indonesia,USDC
132,51541.557552,2164877363243.709,27,S5_twin_shock_imf_bailout,indonesia,USDC
133,41233.6360416,2110758177941.6855,27,S5_twin_shock_imf_bailout,indonesia,USDC
134,32987.29883328,2057991422516.399,27,S5_twin_shock_imf_bailout,indonesia,USDC
135,26390.229066624004,2006543396172.0933,27,S5_twin_shock_imf_bailout,indonesia,USDC
136,21112.573253299208,1956381218642.6748,27,S5_twin_shock_imf_bailout,indonesia,USDC
137,16890.448602639364,1907472814076.5146,27,S5_twin_shock_imf_bailout,indonesia,USDC
138,13512.748882111493,1859786894444.5273,27,S5_twin_shock_imf_bailout,indonesia,USDC
139,10810.589105689196,1813292942659.3545,27,S5_twin_shock_imf_bailout,indonesia,USDC
140,8648.861284551356,1767961195553.6226,27,S5_twin_shock_imf_bailout,indonesia,USDC
141,6919.479027641083,1723762626833.384,27,S5_twin_shock_imf_bailout,indonesia,USDC
142,5535.973222112866,1680668930097.4307,27,S5_twin_shock_imf_bailout,indonesia,USDC
143,4429.168577690293,1638652501992.9004,27,S5_twin_shock_imf_bailout,indonesia,USDC
144,3543.724862152234,1597686425561.4019,27,S5_twin_shock_imf_bailout,indonesia,USDC
145,2835.3698897217873,1557744453817.026,27,S5_twin_shock_imf_bailout,indonesia,USDC
146,2268.6859117774297,1518800993587.3276,27,S5_twin_shock_imf_bailout,indonesia,USDC
147,1815.338729421944,1480831089640.2266,27,S5_twin_shock_imf_bailout,indonesia,USDC
148,1452.6609835375552,1443810409113.2866,27,S5_twin_shock_imf_bailout,indonesia,USDC
149,1162.518786830044,1407715226256.7068,27,S5_twin_shock_imf_bailout,indonesia,USDC
150,930.4050294640354,1372522407497.291,27,S5_twin_shock_imf_bailout,indonesia,USDC
151,744.7140235712283,1338209396827.4604,27,S5_twin_shock_imf_bailout,indonesia,USDC
152,596.1612188569826,1304754201520.8552,27,S5_twin_shock_imf_bailout,indonesia,USDC
153,477.3189750855861,1272135378174.0989,27,S5_twin_shock_imf_bailout,indonesia,USDC
154,382.24518006846887,1240332019072.7583,27,S5_twin_shock_imf_bailout,indonesia,USDC
155,306.1861440547751,1209323738878.349,27,S5_twin_shock_imf_bailout,indonesia,USDC
156,245.3389152438201,1179090661632.318,27,S5_twin_shock_imf_bailout,indonesia,USDC
157,196.66113219505607,1149613408072.2524,27,S5_twin_shock_imf_bailout,indonesia,USDC
158,157.71890575604485,1120873083255.0398,27,S5_twin_shock_imf_bailout,indonesia,USDC
159,126.5651246048359,1092851264481.3387,27,S5_twin_shock_imf_bailout,indonesia,USDC
160,101.64209968386872,1065529989515.4452,27,S5_twin_shock_imf_bailout,indonesia,USDC
161,81.70367974709498,1038891745094.4712,27,S5_twin_shock_imf_bailout,indonesia,USDC
162,65.75294379767598,1012919455720.639,27,S5_twin_shock_imf_bailout,indonesia,USDC
163,52.99235503814079,987596472730.4467,27,S5_twin_shock_imf_bailout,indonesia,USDC
164,42.78388403051264,962906563634.4443,27,S5_twin_shock_imf_bailout,indonesia,USDC
165,34.61710722441011,938833901721.3904,27,S5_twin_shock_imf_bailout,indonesia,USDC
166,28.083685779528086,915363055920.6013,27,S5_twin_shock_imf_bailout,indonesia,USDC
167,22.85694862362247,892478980916.383,27,S5_twin_shock_imf_bailout,indonesia,USDC
168,18.675558898897975,870167007508.5105,27,S5_twin_shock_imf_bailout,indonesia,USDC
169,15.330447119118379,848412833212.8276,27,S5_twin_shock_imf_bailout,indonesia,USDC
170,12.654357695294703,827202513096.1309,27,S5_twin_shock_imf_bailout,indonesia,USDC
171,10.513486156235762,806522450839.6265,27,S5_twin_shock_imf_bailout,indonesia,USDC
172,8.800788924988609,786359390025.3551,27,S5_twin_shock_imf_bailout,indonesia,USDC
173,7.430631139990888,766700405640.0967,27,S5_twin_shock_imf_bailout,indonesia,USDC
174,6.334504911992711,747532895791.3945,27,S5_twin_shock_imf_bailout,indonesia,USDC
175,5.457603929594168,728844573630.45,27,S5_twin_shock_imf_bailout,indonesia,USDC
176,4.756083143675334,710623459476.7609,27,S5_twin_shock_imf_bailout,indonesia,USDC
177,4.1948665149402675,692857873139.4996,27,S5_twin_shock_imf_bailout,indonesia,USDC
178,3.745893211952214,675536426430.7383,27,S5_twin_shock_imf_bailout,indonesia,USDC
179,3.3867145695617715,658648015865.751,27,S5_twin_shock_imf_bailout,indonesia,USDC
180,3.099371655649417,642181815545.7319,27,S5_twin_shock_imf_bailout,indonesia,USDC
181,2.8694973245195334,626127270218.3884,27,S5_twin_shock_imf_bailout,indonesia,USDC
182,2.685597859615627,610474088511.9686,27,S5_twin_shock_imf_bailout,indonesia,USDC
183,2.5384782876925014,595212236338.4014,27,S5_twin_shock_imf_bailout,indonesia,USDC
184,2.420782630154001,580331930461.3268,27,S5_twin_shock_imf_bailout,indonesia,USDC
185,2.326626104123201,565823632224.902,27,S5_twin_shock_imf_bailout,indonesia,USDC
186,2.2513008832985606,551678041439.3662,27,S5_twin_shock_imf_bailout,indonesia,USDC
187,2.1910407066388484,537886090419.4514,27,S5_twin_shock_imf_bailout,indonesia,USDC
188,2.1428325653110787,524438938171.82056,27,S5_twin_shock_imf_bailout,indonesia,USDC
189,2.0976109732725563,511327964727.8095,27,S5_twin_shock_imf_bailout,indonesia,USDC
190,2.0734128417990907,498544765617.8418,27,S5_twin_shock_imf_bailout,indonesia,USDC
191,1.9960623971241043,486081146483.97766,27,S5_twin_shock_imf_bailout,indonesia,USDC
192,1.8909602440821174,473929117827.1439,27,S5_twin_shock_imf_bailout,indonesia,USDC
193,1.842035352189276,462080889885.67786,27,S5_twin_shock_imf_bailout,indonesia,USDC
194,1.7942026661171535,450528867641.9059,27,S5_twin_shock_imf_bailout,indonesia,USDC
195,1.6859722985771375,439265645953.55414,27,S5_twin_shock_imf_bailout,indonesia,USDC
196,1.5839340100188484,428284004806.87213,27,S5_twin_shock_imf_bailout,indonesia,USDC
197,1.4632686448536567,417576904688.4258,27,S5_twin_shock_imf_bailout,indonesia,USDC
198,1.395218861882326,407137482072.5954,27,S5_twin_shock_imf_bailout,indonesia,USDC
199,1.3451934723825048,396959045021.8848,27,S5_twin_shock_imf_bailout,indonesia,USDC
200,1.2876512284809283,387035068897.22107,27,S5_twin_shock_imf_bailout,indonesia,USDC
201,1.2312353289202078,377359192175.4973,27,S5_twin_shock_imf_bailout,indonesia,USDC
202,1.1855843991315977,367925212371.6753,27,S5_twin_shock_imf_bailout,indonesia,USDC
203,1.1475966660437407,358727082062.8357,27,S5_twin_shock_imf_bailout,indonesia,USDC
204,1.0883364074441304,349758905011.6267,27,S5_twin_shock_imf_bailout,indonesia,USDC
205,0.9156337383195943,341014932386.6255,27,S5_twin_shock_imf_bailout,indonesia,USDC
206,0.875518082841781,332290762151.62415,27,S5_twin_shock_imf_bailout,indonesia,USDC
207,0.8709573664555017,323648071875.28345,27,S5_twin_shock_imf_bailout,indonesia,USDC
208,0.8422705810800416,315260180928.1655,27,S5_twin_shock_imf_bailout,indonesia,USDC
209,0.8459130823589548,307031317603.7089,27,S5_twin_shock_imf_bailout,indonesia,USDC
210,0.8098965339471903,299040310683.79333,27,S5_twin_shock_imf_bailout,indonesia,USDC
211,0.8077532865534043,291209613694.0545,27,S5_twin_shock_imf_bailout,indonesia,USDC
212,0.8188235479597922,283629263002.03485,27,S5_twin_shock_imf_bailout,indonesia,USDC
213,0.8302147480433886,276319624240.7256,27,S5_twin_shock_imf_bailout,indonesia,USDC
214,0.8233648296668146,269235243910.81,27,S5_twin_shock_imf_bailout,indonesia,USDC
215,0.7990139025283011,262344953407.92383,27,S5_twin_shock_imf_bailout,indonesia,USDC
216,0.8027514234609767,255627216097.35614,27,S5_twin_shock_imf_bailout,indonesia,USDC
217,0.8070259663596072,249104625605.75598,27,S5_twin_shock_imf_bailout,indonesia,USDC
218,0.8198534201530805,242774521569.95142,27,S5_twin_shock_imf_bailout,indonesia,USDC
219,0.8375251620039574,236620659140.36578,27,S5_twin_shock_imf_bailout,indonesia,USDC
220,0.8546492244115924,230644701923.13123,27,S5_twin_shock_imf_bailout,indonesia,USDC
221,0.8482520918982605,224832910199.20148,27,S5_twin_shock_imf_bailout,indonesia,USDC
222,0.835365992370488,219170273904.19232,27,S5_twin_shock_imf_bailout,indonesia,USDC
223,0.8279600547395171,213650168509.47095,27,S5_twin_shock_imf_bailout,indonesia,USDC
224,0.8494016651510435,208270613477.75635,27,S5_twin_shock_imf_bailout,indonesia,USDC
225,0.8407172909623193,203034715719.40466,27,S5_twin_shock_imf_bailout,indonesia,USDC
226,0.8036672552446199,197932610545.59714,27,S5_twin_shock_imf_bailout,indonesia,USDC
227,0.8125098514860288,192953609629.2721,27,S5_twin_shock_imf_bailout,indonesia,USDC
228,0.8143576952870256,188107130084.4383,27,S5_twin_shock_imf_bailout,indonesia,USDC
229,0.7583223436945278,183384294698.23438,27,S5_twin_shock_imf_bailout,indonesia,USDC
230,0.7676080432570314,178777985738.9375,27,S5_twin_shock_imf_bailout,indonesia,USDC
231,0.7844631167443596,174291391749.88092,27,S5_twin_shock_imf_bailout,indonesia,USDC
232,0.7834560877204909,169921606183.2537,27,S5_twin_shock_imf_bailout,indonesia,USDC
233,0.7651642470012412,165663560240.5459,27,S5_twin_shock_imf_bailout,indonesia,USDC
234,0.7540248671580039,161513189552.03845,27,S5_twin_shock_imf_bailout,indonesia,USDC
235,0.7470381262422834,157467492806.1746,27,S5_twin_shock_imf_bailout,indonesia,USDC
236,0.751408876730417,153524610843.927,27,S5_twin_shock_imf_bailout,indonesia,USDC
237,0.7548087209452459,149681974660.568,27,S5_twin_shock_imf_bailout,indonesia,USDC
238,0.7425084436270328,145936421019.94623,27,S5_twin_shock_imf_bailout,indonesia,USDC
239,0.7388851529241762,142284961954.4834,27,S5_twin_shock_imf_bailout,indonesia,USDC
240,0.7326123932176037,138725499810.41754,27,S5_twin_shock_imf_bailout,indonesia,USDC
241,0.7313811214435622,135255511598.71371,27,S5_twin_shock_imf_bailout,indonesia,USDC
242,0.7360686369609878,131872728904.20929,27,S5_twin_shock_imf_bailout,indonesia,USDC
243,0.7467524936507891,128574860788.37396,27,S5_twin_shock_imf_bailout,indonesia,USDC
244,0.7398373839475789,125359669059.1832,27,S5_twin_shock_imf_bailout,indonesia,USDC
245,0.7556685444501875,122225038758.1975,27,S5_twin_shock_imf_bailout,indonesia,USDC
246,0.7908133655254861,119168956236.92047,27,S5_twin_shock_imf_bailout,indonesia,USDC
247,0.810179537809407,116189433748.19229,27,S5_twin_shock_imf_bailout,indonesia,USDC
248,0.7753962364461613,113284484410.6759,27,S5_twin_shock_imf_bailout,indonesia,USDC
249,0.7717043002278142,110452144321.29643,27,S5_twin_shock_imf_bailout,indonesia,USDC
250,0.7747762664177255,107690655014.47383,27,S5_twin_shock_imf_bailout,indonesia,USDC
251,0.7845183793904212,104998248746.73541,27,S5_twin_shock_imf_bailout,indonesia,USDC
252,0.7603271491023826,102373185353.05598,27,S5_twin_shock_imf_bailout,indonesia,USDC
253,0.739088010664781,99813752911.72078,27,S5_twin_shock_imf_bailout,indonesia,USDC
254,0.7363963305890058,97318325354.96666,27,S5_twin_shock_imf_bailout,indonesia,USDC
255,0.737150019583114,94885297604.25003,27,S5_twin_shock_imf_bailout,indonesia,USDC
256,0.7599867379628358,92513114488.40758,27,S5_twin_shock_imf_bailout,indonesia,USDC
257,0.7425458081607283,90200252172.07327,27,S5_twin_shock_imf_bailout,indonesia,USDC
258,0.7477860833029006,87945214972.617,27,S5_twin_shock_imf_bailout,indonesia,USDC
259,0.7451441434213262,85746562248.46402,27,S5_twin_shock_imf_bailout,indonesia,USDC
260,0.7580627724988239,83602880462.10402,27,S5_twin_shock_imf_bailout,indonesia,USDC
261,0.7504738476254614,81512795399.03851,27,S5_twin_shock_imf_bailout,indonesia,USDC
262,0.758862931477864,79474964556.36577,27,S5_twin_shock_imf_bailout,indonesia,USDC
263,0.7597412233990518,77488082368.17516,27,S5_twin_shock_imf_bailout,indonesia,USDC
264,0.7521137402929997,75550873787.08589,27,S5_twin_shock_imf_bailout,indonesia,USDC
265,0.7592069602648861,73662096490.43802,27,S5_twin_shock_imf_bailout,indonesia,USDC
266,0.7616577426144578,71820540125.02237,27,S5_twin_shock_imf_bailout,indonesia,USDC
267,0.7513385729106146,70025023327.10352,27,S5_twin_shock_imf_bailout,indonesia,USDC
268,0.7550578967248093,68274395028.66787,27,S5_twin_shock_imf_bailout,indonesia,USDC
269,0.7597382881397744,66567533125.61623,27,S5_twin_shock_imf_bailout,indonesia,USDC
270,0.783573387226138,64903343274.57149,27,S5_twin_shock_imf_bailout,indonesia,USDC
271,0.7700068591860104,63280758603.36995,27,S5_twin_shock_imf_bailout,indonesia,USDC
272,0.7840580918762289,61698738726.85703,27,S5_twin_shock_imf_bailout,indonesia,USDC
273,0.776251054277406,60156269548.77669,27,S5_twin_shock_imf_bailout,indonesia,USDC
274,0.767381115821467,58652362232.459984,27,S5_twin_shock_imf_bailout,indonesia,USDC
275,0.7787634037476584,57186052666.23062,27,S5_twin_shock_imf_bailout,indonesia,USDC
276,0.7807192039918079,55756400981.62457,27,S5_twin_shock_imf_bailout,indonesia,USDC
277,0.7751076798460758,54362490642.3374,27,S5_twin_shock_imf_bailout,indonesia,USDC
278,0.801282524387177,53003428120.21148,27,S5_twin_shock_imf_bailout,indonesia,USDC
279,0.7999060945814195,51678342246.61328,27,S5_twin_shock_imf_bailout,indonesia,USDC
280,0.7780298135005845,50386383546.6049,27,S5_twin_shock_imf_bailout,indonesia,USDC
281,0.775747682389842,49126723822.24508,27,S5_twin_shock_imf_bailout,indonesia,USDC
282,0.7411096642834192,47898555610.43011,27,S5_twin_shock_imf_bailout,indonesia,USDC
283,0.7433350050800155,46701091607.90313,27,S5_twin_shock_imf_bailout,indonesia,USDC
284,0.7670578181210296,45533564235.941986,27,S5_twin_shock_imf_bailout,indonesia,USDC
285,0.7700466818355931,44395225073.34692,27,S5_twin_shock_imf_bailout,indonesia,USDC
286,0.7583973421529808,43285344402.791595,27,S5_twin_shock_imf_bailout,indonesia,USDC
287,0.7641663725787342,42203210753.91779,27,S5_twin_shock_imf_bailout,indonesia,USDC
288,0.765458264227197,41148130455.38349,27,S5_twin_shock_imf_bailout,indonesia,USDC
289,0.7672224076741248,40119427170.207184,27,S5_twin_shock_imf_bailout,indonesia,USDC
290,0.7615585859277227,39116441472.33912,27,S5_twin_shock_imf_bailout,indonesia,USDC
291,0.7826092067989207,38138530420.39757,27,S5_twin_shock_imf_bailout,indonesia,USDC
292,0.7885948109974438,37185067149.61386,27,S5_twin_shock_imf_bailout,indonesia,USDC
293,0.791534237831224,36255440462.45477,27,S5_twin_shock_imf_bailout,indonesia,USDC
294,0.8228652717628524,35349054444.16,27,S5_twin_shock_imf_bailout,indonesia,USDC
295,0.8023335367871607,34465328078.618546,27,S5_twin_shock_imf_bailout,indonesia,USDC
296,0.8259633051953251,33603694872.341995,27,S5_twin_shock_imf_bailout,indonesia,USDC
297,0.822784553293853,32763602497.46241,27,S5_twin_shock_imf_bailout,indonesia,USDC
298,0.8352928997320919,31944512432.4521,27,S5_twin_shock_imf_bailout,indonesia,USDC
299,0.8248903195829226,31145899619.492317,27,S5_twin_shock_imf_bailout,indonesia,USDC
300,0.8198801892528724,30367252127.132282,27,S5_twin_shock_imf_bailout,indonesia,USDC
301,0.8001847484254203,29608070822.182007,27,S5_twin_shock_imf_bailout,indonesia,USDC
302,0.7777087456896797,28867869050.032906,27,S5_twin_shock_imf_bailout,indonesia,USDC
303,0.8203629170301479,28146172322.2416,27,S5_twin_shock_imf_bailout,indonesia,USDC
304,0.8202352424462,27442518013.176277,27,S5_twin_shock_imf_bailout,indonesia,USDC
305,0.8013441123664965,26756455062.043823,27,S5_twin_shock_imf_bailout,indonesia,USDC
306,0.7975717340808312,26087543684.686195,27,S5_twin_shock_imf_bailout,indonesia,USDC
307,0.8145468199004919,25435355091.899162,27,S5_twin_shock_imf_bailout,indonesia,USDC
308,0.8493763546728793,24799471214.090275,27,S5_twin_shock_imf_bailout,indonesia,USDC
309,0.8492743825620934,24179484433.41828,27,S5_twin_shock_imf_bailout,indonesia,USDC
310,0.8326888367750006,23574997322.294,27,S5_twin_shock_imf_bailout,indonesia,USDC
311,0.8198423635710259,22985622388.95299,27,S5_twin_shock_imf_bailout,indonesia,USDC
312,0.798688581539564,22410981828.948315,27,S5_twin_shock_imf_bailout,indonesia,USDC
313,0.7712799642906748,21850707282.963734,27,S5_twin_shock_imf_bailout,indonesia,USDC
314,0.7842846544372627,21304439600.621582,27,S5_twin_shock_imf_bailout,indonesia,USDC
315,0.806399584230311,20771828610.410812,27,S5_twin_shock_imf_bailout,indonesia,USDC
316,0.7861674170608208,20252532895.01078,27,S5_twin_shock_imf_bailout,indonesia,USDC
317,0.7901137588894429,19746219572.509598,27,S5_twin_shock_imf_bailout,indonesia,USDC
318,0.7877488803669955,19252564083.089394,27,S5_twin_shock_imf_bailout,indonesia,USDC
319,0.8004725269616496,18771249980.926918,27,S5_twin_shock_imf_bailout,indonesia,USDC
320,0.8113318217160498,18301968731.340122,27,S5_twin_shock_imf_bailout,indonesia,USDC
321,0.809816508528575,17844419513.00479,27,S5_twin_shock_imf_bailout,indonesia,USDC
322,0.7879602529953494,17398309025.13661,27,S5_twin_shock_imf_bailout,indonesia,USDC
323,0.8019685819553357,16963351299.467846,27,S5_twin_shock_imf_bailout,indonesia,USDC
324,0.7900738470089573,16539267516.94989,27,S5_twin_shock_imf_bailout,indonesia,USDC
325,0.7872438670796112,16125785828.997082,27,S5_twin_shock_imf_bailout,indonesia,USDC
326,0.7648272850248213,15722641183.249512,27,S5_twin_shock_imf_bailout,indonesia,USDC
327,0.7752068576263379,15329575153.646935,27,S5_twin_shock_imf_bailout,indonesia,USDC
328,0.7685677050826989,14946335774.7896,27,S5_twin_shock_imf_bailout,indonesia,USDC
329,0.7785969851264005,14572677380.406654,27,S5_twin_shock_imf_bailout,indonesia,USDC
330,0.7945453733637436,14208360445.886402,27,S5_twin_shock_imf_bailout,indonesia,USDC
331,0.7883835148723098,13853151434.73172,27,S5_twin_shock_imf_bailout,indonesia,USDC
332,0.8013410842671473,13506822648.856697,27,S5_twin_shock_imf_bailout,indonesia,USDC
333,0.8186221669933775,13169152082.630077,27,S5_twin_shock_imf_bailout,indonesia,USDC
334,0.810352367228492,12839923280.560547,27,S5_twin_shock_imf_bailout,indonesia,USDC
335,0.7706241565741593,12518925198.54322,27,S5_twin_shock_imf_bailout,indonesia,USDC
336,0.7934278928211852,12205952068.576082,27,S5_twin_shock_imf_bailout,indonesia,USDC
337,0.8064912761514602,11900803266.859167,27,S5_twin_shock_imf_bailout,indonesia,USDC
338,0.8206089239507675,11603283185.18578,27,S5_twin_shock_imf_bailout,indonesia,USDC
339,0.7906533010689012,11313201105.554737,27,S5_twin_shock_imf_bailout,indonesia,USDC
340,0.7925562468013019,11030371077.914373,27,S5_twin_shock_imf_bailout,indonesia,USDC
341,0.7858613893198128,10754611800.965302,27,S5_twin_shock_imf_bailout,indonesia,USDC
342,0.7831950818927554,10485746505.940117,27,S5_twin_shock_imf_bailout,indonesia,USDC
343,0.7753342158329751,10223602843.290764,27,S5_twin_shock_imf_bailout,indonesia,USDC
344,0.7693256920548428,9968012772.207779,27,S5_twin_shock_imf_bailout,indonesia,USDC
345,0.7981255034760085,9718812452.901978,27,S5_twin_shock_imf_bailout,indonesia,USDC
346,0.7924435432275424,9475842141.579018,27,S5_twin_shock_imf_bailout,indonesia,USDC
347,0.7695037014414471,9238946088.039213,27,S5_twin_shock_imf_bailout,indonesia,USDC
348,0.79823889344216,9007972435.837925,27,S5_twin_shock_imf_bailout,indonesia,USDC
349,0.805959596669138,8782773124.941751,27,S5_twin_shock_imf_bailout,indonesia,USDC
350,0.7767145523521695,8563203796.818038,27,S5_twin_shock_imf_bailout,indonesia,USDC
351,0.779555808421814,8349123701.897415,27,S5_twin_shock_imf_bailout,indonesia,USDC
352,0.7693245860202748,8140395609.349848,27,S5_twin_shock_imf_bailout,indonesia,USDC
353,0.7564116869975385,7936885719.115986,27,S5_twin_shock_imf_bailout,indonesia,USDC
354,0.7622238578083618,7738463576.137988,27,S5_twin_shock_imf_bailout,indonesia,USDC
355,0.761398609057046,7545001986.734463,27,S5_twin_shock_imf_bailout,indonesia,USDC
356,0.7797541143530193,7356376937.066043,27,S5_twin_shock_imf_bailout,indonesia,USDC
357,0.7822896838821853,7172467513.63935,27,S5_twin_shock_imf_bailout,indonesia,USDC
358,0.7837349006217432,6993155825.798334,27,S5_twin_shock_imf_bailout,indonesia,USDC
359,0.7713488390200401,6818326930.153348,27,S5_twin_shock_imf_bailout,indonesia,USDC
360,0.8023330306426418,6647868756.899491,27,S5_twin_shock_imf_bailout,indonesia,USDC
361,0.8084044609110064,6481672037.976987,27,S5_twin_shock_imf_bailout,indonesia,USDC
362,0.7925395214868058,6319630237.02755,27,S5_twin_shock_imf_bailout,indonesia,USDC
363,0.769367403952187,6161639481.101849,27,S5_twin_shock_imf_bailout,indonesia,USDC
364,0.7527873706717912,6007598494.07429,27,S5_twin_shock_imf_bailout,indonesia,USDC
365,0.750692949217084,5857408531.722424,27,S5_twin_shock_imf_bailout,indonesia,USDC
366,0.7355193970355803,5710973318.429356,27,S5_twin_shock_imf_bailout,indonesia,USDC
367,0.7271079197259157,5568198985.468616,27,S5_twin_shock_imf_bailout,indonesia,USDC
368,0.7292239549477258,5428994010.831895,27,S5_twin_shock_imf_bailout,indonesia,USDC
369,0.7540015836231015,5293269160.561093,27,S5_twin_shock_imf_bailout,indonesia,USDC
370,0.7414174869055068,5160937431.547064,27,S5_twin_shock_imf_bailout,indonesia,USDC
371,0.7340917936554214,5031913995.758385,27,S5_twin_shock_imf_bailout,indonesia,USDC
372,0.7597476341080012,4906116145.864424,27,S5_twin_shock_imf_bailout,indonesia,USDC
373,0.7695966873970334,4783463242.217812,27,S5_twin_shock_imf_bailout,indonesia,USDC
374,0.7644934658379878,4663876661.162366,27,S5_twin_shock_imf_bailout,indonesia,USDC
375,0.7714772860176049,4547279744.633306,27,S5_twin_shock_imf_bailout,indonesia,USDC
376,0.7701123984165532,4433597751.017472,27,S5_twin_shock_imf_bailout,indonesia,USDC
377,0.7791094921976068,4322757807.242035,27,S5_twin_shock_imf_bailout,indonesia,USDC
378,0.7792468701531076,4214688862.0609846,27,S5_twin_shock_imf_bailout,indonesia,USDC
379,0.7792731554819475,4109321640.5094595,27,S5_twin_shock_imf_bailout,indonesia,USDC
380,0.7974479926153346,4006588599.496723,27,S5_twin_shock_imf_bailout,indonesia,USDC
381,0.7953152165309733,3906423884.509305,27,S5_twin_shock_imf_bailout,indonesia,USDC
382,0.784489228140576,3808763287.396573,27,S5_twin_shock_imf_bailout,indonesia,USDC
383,0.7842116040465638,3713544205.2116585,27,S5_twin_shock_imf_bailout,indonesia,USDC
384,0.7868651500992777,3620705600.0813675,27,S5_twin_shock_imf_bailout,indonesia,USDC
385,0.7728485832973495,3530187960.079333,27,S5_twin_shock_imf_bailout,indonesia,USDC
386,0.7850869831043301,3441933261.0773497,27,S5_twin_shock_imf_bailout,indonesia,USDC
387,0.7936218785322533,3355884929.550416,27,S5_twin_shock_imf_bailout,indonesia,USDC
388,0.7861544019627095,3271987806.311655,27,S5_twin_shock_imf_bailout,indonesia,USDC
389,0.7771839889695968,3190188111.1538644,27,S5_twin_shock_imf_bailout,indonesia,USDC
390,0.6587157015014713,3110433408.3750176,27,S5_twin_shock_imf_bailout,indonesia,USDC
391,0.6773001775266614,3032672573.1656423,27,S5_twin_shock_imf_bailout,indonesia,USDC
392,0.6898412880892729,2956855758.836501,27,S5_twin_shock_imf_bailout,indonesia,USDC
393,0.6925601381123612,2882934364.8655887,27,S5_twin_shock_imf_bailout,indonesia,USDC
394,0.6871152957717142,2810861005.743949,27,S5_twin_shock_imf_bailout,indonesia,USDC
395,0.7046318890610767,2740589480.60035,27,S5_twin_shock_imf_bailout,indonesia,USDC
396,0.72626986850603,2672074743.5853415,27,S5_twin_shock_imf_bailout,indonesia,USDC
397,0.7294374100693358,2605272874.995708,27,S5_twin_shock_imf_bailout,indonesia,USDC
398,0.7252495558799468,2540141053.1208153,27,S5_twin_shock_imf_bailout,indonesia,USDC
399,0.7387307683950782,2476637526.7927947,27,S5_twin_shock_imf_bailout,indonesia,USDC
400,0.7390789977653325,2414721588.622975,27,S5_twin_shock_imf_bailout,indonesia,USDC
401,0.7215251085449913,2354353548.9074,27,S5_twin_shock_imf_bailout,indonesia,USDC
402,0.7256642584781517,2295494710.1847153,27,S5_twin_shock_imf_bailout,indonesia,USDC
403,0.711373506794371,2238107342.4300976,27,S5_twin_shock_imf_bailout,indonesia,USDC
404,0.7383553406428386,2182154658.869345,27,S5_twin_shock_imf_bailout,indonesia,USDC
405,0.7483582374377564,2127600792.3976116,27,S5_twin_shock_imf_bailout,indonesia,USDC
406,0.7786661485960094,2074410772.5876708,27,S5_twin_shock_imf_bailout,indonesia,USDC
407,0.7800507069186793,2022550503.2729793,27,S5_twin_shock_imf_bailout,indonesia,USDC
408,0.7742403486767913,1971986740.6911547,27,S5_twin_shock_imf_bailout,indonesia,USDC
409,0.7854424050067956,1922687072.1738758,27,S5_twin_shock_imf_bailout,indonesia,USDC
410,0.7952796845681661,1874619895.3695292,27,S5_twin_shock_imf_bailout,indonesia,USDC
411,0.7852965998849946,1827754397.9852908,27,S5_twin_shock_imf_bailout,indonesia,USDC
412,0.7681937484899283,1782060538.0356584,27,S5_twin_shock_imf_bailout,indonesia,USDC
413,0.8005951766321618,1737509024.5847669,27,S5_twin_shock_imf_bailout,indonesia,USDC
414,0.7715807168085953,1694071298.9701476,27,S5_twin_shock_imf_bailout,indonesia,USDC
415,0.6989557026631951,1651719516.4958942,27,S5_twin_shock_imf_bailout,indonesia,USDC
416,0.7127225773755247,1610426528.5834968,27,S5_twin_shock_imf_bailout,indonesia,USDC
417,0.7048554161875119,1570165865.3689094,27,S5_twin_shock_imf_bailout,indonesia,USDC
418,0.7048878319396215,1530911718.7346866,27,S5_twin_shock_imf_bailout,indonesia,USDC
419,0.7296285413005315,1492638925.7663195,27,S5_twin_shock_imf_bailout,indonesia,USDC
420,0.7611534629323832,1455322952.6221614,27,S5_twin_shock_imf_bailout,indonesia,USDC
421,0.7626755345993433,1418939878.8066075,27,S5_twin_shock_imf_bailout,indonesia,USDC
422,0.7595979283635094,1383466381.8364422,27,S5_twin_shock_imf_bailout,indonesia,USDC
423,0.7722805917914864,1348879722.2905312,27,S5_twin_shock_imf_bailout,indonesia,USDC
424,0.7756225660313735,1315157729.2332678,27,S5_twin_shock_imf_bailout,indonesia,USDC
425,0.7581267761439027,1282278786.0024362,27,S5_twin_shock_imf_bailout,indonesia,USDC
426,0.7526093582665508,1250221816.3523753,27,S5_twin_shock_imf_bailout,indonesia,USDC
427,0.7809862730471774,1218966270.9435658,27,S5_twin_shock_imf_bailout,indonesia,USDC
428,0.7842386230768758,1188492114.1699767,27,S5_twin_shock_imf_bailout,indonesia,USDC
429,0.7693158028295409,1158779811.3157272,27,S5_twin_shock_imf_bailout,indonesia,USDC
430,0.8068947857354225,1129810316.032834,27,S5_twin_shock_imf_bailout,indonesia,USDC
431,0.811947013283433,1101565058.1320133,27,S5_twin_shock_imf_bailout,indonesia,USDC
432,0.8040294635440859,1074025931.6787128,27,S5_twin_shock_imf_bailout,indonesia,USDC
433,0.8043934991393608,1047175283.386745,27,S5_twin_shock_imf_bailout,indonesia,USDC
434,0.8311602565349319,1020995901.3020765,27,S5_twin_shock_imf_bailout,indonesia,USDC
435,0.825036436958975,995471003.7695246,27,S5_twin_shock_imf_bailout,indonesia,USDC
436,0.8087515933925659,970584228.6752865,27,S5_twin_shock_imf_bailout,indonesia,USDC
437,0.8172093363002304,946319622.9584043,27,S5_twin_shock_imf_bailout,indonesia,USDC
438,0.8279772530998494,922661632.3844441,27,S5_twin_shock_imf_bailout,indonesia,USDC
439,0.8184420253569364,899595091.5748332,27,S5_twin_shock_imf_bailout,indonesia,USDC
440,0.7997226168075368,877105214.2854624,27,S5_twin_shock_imf_bailout,indonesia,USDC
441,0.813286217473989,855177583.9283259,27,S5_twin_shock_imf_bailout,indonesia,USDC
442,0.8046398559762802,833798144.3301177,27,S5_twin_shock_imf_bailout,indonesia,USDC
443,0.7842027382416903,812953190.7218647,27,S5_twin_shock_imf_bailout,indonesia,USDC
444,0.8028282212945871,792629360.9538181,27,S5_twin_shock_imf_bailout,indonesia,USDC
445,0.8201511160017109,772813626.9299726,27,S5_twin_shock_imf_bailout,indonesia,USDC
446,0.8501943644555284,753493286.2567233,27,S5_twin_shock_imf_bailout,indonesia,USDC
447,0.8298429293911875,734655954.1003053,27,S5_twin_shock_imf_bailout,indonesia,USDC
448,0.8162296589572885,716289555.2477976,27,S5_twin_shock_imf_bailout,indonesia,USDC
449,0.8146777119994394,698382316.3666027,27,S5_twin_shock_imf_bailout,indonesia,USDC
450,0.8148496242582964,680922758.4574375,27,S5_twin_shock_imf_bailout,indonesia,USDC
451,0.810887229822196,663899689.4960017,27,S5_twin_shock_imf_bailout,indonesia,USDC
452,0.7658242985466355,647302197.2586017,27,S5_twin_shock_imf_bailout,indonesia,USDC
453,0.7805933195475413,631119642.3271366,27,S5_twin_shock_imf_bailout,indonesia,USDC
454,0.7930900128160835,615341651.2689582,27,S5_twin_shock_imf_bailout,indonesia,USDC
455,0.7743749839147486,599958109.9872344,27,S5_twin_shock_imf_bailout,indonesia,USDC
456,0.7879608718975979,584959157.2375534,27,S5_twin_shock_imf_bailout,indonesia,USDC
457,0.7834387334148404,570335178.3066145,27,S5_twin_shock_imf_bailout,indonesia,USDC
458,0.782081191676433,556076798.8489492,27,S5_twin_shock_imf_bailout,indonesia,USDC
459,0.785280848575345,542174878.8777255,27,S5_twin_shock_imf_bailout,indonesia,USDC
460,0.7831597289186626,528620506.90578234,27,S5_twin_shock_imf_bailout,indonesia,USDC
461,0.8064297672037849,515404994.2331377,27,S5_twin_shock_imf_bailout,indonesia,USDC
462,0.7917600163848383,502519869.3773093,27,S5_twin_shock_imf_bailout,indonesia,USDC
463,0.7762330167246126,489956872.6428766,27,S5_twin_shock_imf_bailout,indonesia,USDC
464,0.7744966864509043,477707950.82680476,27,S5_twin_shock_imf_bailout,indonesia,USDC
465,0.7473082815162231,465765252.0561346,27,S5_twin_shock_imf_bailout,indonesia,USDC
466,0.7624016352347548,454121120.7547313,27,S5_twin_shock_imf_bailout,indonesia,USDC
467,0.7693652950353868,442768092.7358629,27,S5_twin_shock_imf_bailout,indonesia,USDC
468,0.7620633844216622,431698890.4174664,27,S5_twin_shock_imf_bailout,indonesia,USDC
469,0.7809579411565569,420906418.15702975,27,S5_twin_shock_imf_bailout,indonesia,USDC
470,0.7804326585434204,410383757.703104,27,S5_twin_shock_imf_bailout,indonesia,USDC
471,0.7810341607302267,400124163.76052636,27,S5_twin_shock_imf_bailout,indonesia,USDC
472,0.7748928034248633,390121059.6665132,27,S5_twin_shock_imf_bailout,indonesia,USDC
473,0.7581319830684425,380368033.17485034,27,S5_twin_shock_imf_bailout,indonesia,USDC
474,0.7783489131310963,370858832.34547913,27,S5_twin_shock_imf_bailout,indonesia,USDC
475,0.7792813754776671,361587361.5368421,27,S5_twin_shock_imf_bailout,indonesia,USDC
476,0.7843743803718055,352547677.4984211,27,S5_twin_shock_imf_bailout,indonesia,USDC
477,0.7646274565298624,343733985.56096053,27,S5_twin_shock_imf_bailout,indonesia,USDC
478,0.7556770251932636,335140635.9219365,27,S5_twin_shock_imf_bailout,indonesia,USDC
479,0.7639748243998988,326762120.0238881,27,S5_twin_shock_imf_bailout,indonesia,USDC
480,0.7870137913218423,318593067.02329093,27,S5_twin_shock_imf_bailout,indonesia,USDC
481,0.7948171852849747,310628240.34770864,27,S5_twin_shock_imf_bailout,indonesia,USDC
482,0.7888974690482295,302862534.33901596,27,S5_twin_shock_imf_bailout,indonesia,USDC
483,0.7827045661167048,295290970.9805405,27,S5_twin_shock_imf_bailout,indonesia,USDC
484,0.7564154688920084,287908696.70602703,27,S5_twin_shock_imf_bailout,indonesia,USDC
485,0.7747400634404324,280710979.28837633,27,S5_twin_shock_imf_bailout,indonesia,USDC
486,0.7794698142208374,273693204.80616695,27,S5_twin_shock_imf_bailout,indonesia,USDC
487,0.8009235891236409,266850874.68601274,27,S5_twin_shock_imf_bailout,indonesia,USDC
488,0.8075643493550063,260179602.8188624,27,S5_twin_shock_imf_bailout,indonesia,USDC
489,0.8339107982565901,253675112.74839085,27,S5_twin_shock_imf_bailout,indonesia,USDC
490,0.8047032691522078,247333234.92968112,27,S5_twin_shock_imf_bailout,indonesia,USDC
491,0.8160645679069924,241149904.05643904,27,S5_twin_shock_imf_bailout,indonesia,USDC
492,0.8288703826949195,235121156.45502812,27,S5_twin_shock_imf_bailout,indonesia,USDC
493,0.8259657496892834,229243127.54365242,27,S5_twin_shock_imf_bailout,indonesia,USDC
494,0.8262813753930396,223512049.3550611,27,S5_twin_shock_imf_bailout,indonesia,USDC
495,0.8037227850727555,217924248.1211846,27,S5_twin_shock_imf_bailout,indonesia,USDC
496,0.7964874013482662,212476141.91815495,27,S5_twin_shock_imf_bailout,indonesia,USDC
497,0.8131400421887439,207164238.37020108,27,S5_twin_shock_imf_bailout,indonesia,USDC
498,0.8158953749337874,201985132.41094604,27,S5_twin_shock_imf_bailout,indonesia,USDC
499,0.8144249559685224,196935504.1006724,27,S5_twin_shock_imf_bailout,indonesia,USDC
500,0.8237512783930037,192012116.4981556,27,S5_twin_shock_imf_bailout,indonesia,USDC
501,0.8110083118347308,187211813.5857017,27,S5_twin_shock_imf_bailout,indonesia,USDC
502,0.8154853399060811,182531518.24605915,27,S5_twin_shock_imf_bailout,indonesia,USDC
503,0.8212744291118942,177968230.28990766,27,S5_twin_shock_imf_bailout,indonesia,USDC
504,0.825901336766683,173519024.53265998,27,S5_twin_shock_imf_bailout,indonesia,USDC
505,0.8270930953421822,169181048.91934347,27,S5_twin_shock_imf_bailout,indonesia,USDC
506,0.8086622890525101,164951522.69635987,27,S5_twin_shock_imf_bailout,indonesia,USDC
507,0.8009420472743812,160827734.6289509,27,S5_twin_shock_imf_bailout,indonesia,USDC
508,0.7942388052144849,156807041.2632271,27,S5_twin_shock_imf_bailout,indonesia,USDC
509,0.7985036951971598,152886865.23164645,27,S5_twin_shock_imf_bailout,indonesia,USDC
510,0.7957141944950477,149064693.60085526,27,S5_twin_shock_imf_bailout,indonesia,USDC
511,0.8061047852092277,145338076.2608339,27,S5_twin_shock_imf_bailout,indonesia,USDC
512,0.8025159628063188,141704624.35431305,27,S5_twin_shock_imf_bailout,indonesia,USDC
513,0.7915259852672394,138162008.7454552,27,S5_twin_shock_imf_bailout,indonesia,USDC
514,0.7797194078040408,134707958.52681884,27,S5_twin_shock_imf_bailout,indonesia,USDC
515,0.7663563958592856,131340259.56364837,27,S5_twin_shock_imf_bailout,indonesia,USDC
516,0.7615483840989715,128056753.07455716,27,S5_twin_shock_imf_bailout,indonesia,USDC
517,0.7780977750123356,124855334.24769321,27,S5_twin_shock_imf_bailout,indonesia,USDC
518,0.7937332751164594,121733950.89150089,27,S5_twin_shock_imf_bailout,indonesia,USDC
519,0.7903089738043636,118690602.11921337,27,S5_twin_shock_imf_bailout,indonesia,USDC
520,0.7861460108371205,115723337.06623304,27,S5_twin_shock_imf_bailout,indonesia,USDC
521,0.8272193143204265,112830253.63957721,27,S5_twin_shock_imf_bailout,indonesia,USDC
522,0.826929578178242,110009497.29858778,27,S5_twin_shock_imf_bailout,indonesia,USDC
523,0.8159988452739374,107259259.8661231,27,S5_twin_shock_imf_bailout,indonesia,USDC
524,0.8205744062878967,104577778.36947003,27,S5_twin_shock_imf_bailout,indonesia,USDC
525,0.8209691639746963,101963333.91023326,27,S5_twin_shock_imf_bailout,indonesia,USDC
526,0.8028315294742924,99414250.56247744,27,S5_twin_shock_imf_bailout,indonesia,USDC
527,0.830234425406002,96928894.29841551,27,S5_twin_shock_imf_bailout,indonesia,USDC
528,0.8049746731966949,94505671.94095512,27,S5_twin_shock_imf_bailout,indonesia,USDC
529,0.823524292386432,92143030.14243124,27,S5_twin_shock_imf_bailout,indonesia,USDC
530,0.8282967698535749,89839454.38887046,27,S5_twin_shock_imf_bailout,indonesia,USDC
531,0.8183952574213816,87593468.0291487,27,S5_twin_shock_imf_bailout,indonesia,USDC
532,0.8195595350305108,85403631.32841998,27,S5_twin_shock_imf_bailout,indonesia,USDC
533,0.8001906696783182,83268540.54520948,27,S5_twin_shock_imf_bailout,indonesia,USDC
534,0.7922568926472912,81186827.03157924,27,S5_twin_shock_imf_bailout,indonesia,USDC
535,0.7952260999823668,79157156.35578977,27,S5_twin_shock_imf_bailout,indonesia,USDC
536,0.7933057906498069,77178227.44689502,27,S5_twin_shock_imf_bailout,indonesia,USDC
537,0.7985621836225214,75248771.76072264,27,S5_twin_shock_imf_bailout,indonesia,USDC
538,0.777967167177491,73367552.46670458,27,S5_twin_shock_imf_bailout,indonesia,USDC
539,0.7865417999638775,71533363.65503696,27,S5_twin_shock_imf_bailout,indonesia,USDC
540,0.7908259008096387,69745029.56366104,27,S5_twin_shock_imf_bailout,indonesia,USDC
541,0.7747549025645005,68001403.82456951,27,S5_twin_shock_imf_bailout,indonesia,USDC
542,0.8023001648977643,66301368.72895527,27,S5_twin_shock_imf_bailout,indonesia,USDC
543,0.7980388805514885,64643834.510731384,27,S5_twin_shock_imf_bailout,indonesia,USDC
544,0.7804585624004419,63027738.64796311,27,S5_twin_shock_imf_bailout,indonesia,USDC
545,0.7854837684469117,61452045.18176402,27,S5_twin_shock_imf_bailout,indonesia,USDC
546,0.7789351579174876,59915744.05221993,27,S5_twin_shock_imf_bailout,indonesia,USDC
547,0.814672622657063,58417850.45091443,27,S5_twin_shock_imf_bailout,indonesia,USDC
548,0.848696600547893,56957404.18964158,27,S5_twin_shock_imf_bailout,indonesia,USDC
549,0.8477090688677953,55533469.08490053,27,S5_twin_shock_imf_bailout,indonesia,USDC
550,0.8046359896494152,54145132.35777802,27,S5_twin_shock_imf_bailout,indonesia,USDC
551,0.8032227393961526,52791504.04883357,27,S5_twin_shock_imf_bailout,indonesia,USDC
552,0.8117049633894236,51471716.447612725,27,S5_twin_shock_imf_bailout,indonesia,USDC
553,0.8114404799343881,50184923.53642241,27,S5_twin_shock_imf_bailout,indonesia,USDC
554,0.7944943479308625,48930300.44801185,27,S5_twin_shock_imf_bailout,indonesia,USDC
555,0.7854565963289495,47707042.93681155,27,S5_twin_shock_imf_bailout,indonesia,USDC
556,0.7821721279183822,46514366.863391265,27,S5_twin_shock_imf_bailout,indonesia,USDC
557,0.7620540585657878,45351507.69180649,27,S5_twin_shock_imf_bailout,indonesia,USDC
558,0.7911316945376173,44217719.999511324,27,S5_twin_shock_imf_bailout,indonesia,USDC
559,0.7862392216115182,43112276.999523535,27,S5_twin_shock_imf_bailout,indonesia,USDC
560,0.7812310633402484,42034470.07453545,27,S5_twin_shock_imf_bailout,indonesia,USDC
561,0.7816215820745354,40983608.32267206,27,S5_twin_shock_imf_bailout,indonesia,USDC
562,0.8124671115617524,39959018.11460526,27,S5_twin_shock_imf_bailout,indonesia,USDC
563,0.797852395968621,38960042.66174013,27,S5_twin_shock_imf_bailout,indonesia,USDC
564,0.7740186472476565,37986041.59519663,27,S5_twin_shock_imf_bailout,indonesia,USDC
565,0.8082440436520011,37036390.55531672,27,S5_twin_shock_imf_bailout,indonesia,USDC
566,0.8084512166746091,36110480.7914338,27,S5_twin_shock_imf_bailout,indonesia,USDC
567,0.8126095878738134,35207718.771647945,27,S5_twin_shock_imf_bailout,indonesia,USDC
568,0.8158479127790171,34327525.80235675,27,S5_twin_shock_imf_bailout,indonesia,USDC
569,0.79145837250301,33469337.657297827,27,S5_twin_shock_imf_bailout,indonesia,USDC
570,0.784154183382361,32632604.21586538,27,S5_twin_shock_imf_bailout,indonesia,USDC
571,0.787251146252025,31816789.110468745,27,S5_twin_shock_imf_bailout,indonesia,USDC
572,0.8111994919553804,31021369.38270703,27,S5_twin_shock_imf_bailout,indonesia,USDC
573,0.7969817457267873,30245835.148139354,27,S5_twin_shock_imf_bailout,indonesia,USDC
574,0.7873952465277291,29489689.269435868,27,S5_twin_shock_imf_bailout,indonesia,USDC
575,0.7862641813761495,28752447.037699968,27,S5_twin_shock_imf_bailout,indonesia,USDC
576,0.7958445743241455,28033635.861757472,27,S5_twin_shock_imf_bailout,indonesia,USDC
577,0.8000378769228931,27332794.965213533,27,S5_twin_shock_imf_bailout,indonesia,USDC
578,0.8007512338128848,26649475.0910832,27,S5_twin_shock_imf_bailout,indonesia,USDC
579,0.8035168753181606,25983238.21380612,27,S5_twin_shock_imf_bailout,indonesia,USDC
580,0.8125810884827727,25333657.25846096,27,S5_twin_shock_imf_bailout,indonesia,USDC
581,0.8071505681885754,24700315.82699944,27,S5_twin_shock_imf_bailout,indonesia,USDC
582,0.8278758839052136,24082807.931324452,27,S5_twin_shock_imf_bailout,indonesia,USDC
583,0.8501427613861766,23480737.733041342,27,S5_twin_shock_imf_bailout,indonesia,USDC
584,0.8431034726348081,22893719.28971531,27,S5_twin_shock_imf_bailout,indonesia,USDC
585,0.8336025496880619,22321376.307472426,27,S5_twin_shock_imf_bailout,indonesia,USDC
586,0.8234971136502451,21763341.899785616,27,S5_twin_shock_imf_bailout,indonesia,USDC
587,0.8304755163334927,21219258.352290973,27,S5_twin_shock_imf_bailout,indonesia,USDC
588,0.8035978798415383,20688776.8934837,27,S5_twin_shock_imf_bailout,indonesia,USDC
589,0.8031077782967255,20171557.47114661,27,S5_twin_shock_imf_bailout,indonesia,USDC
590,0.7825769366307302,19667268.53436794,27,S5_twin_shock_imf_bailout,indonesia,USDC
591,0.7973994423669706,19175586.821008746,27,S5_twin_shock_imf_bailout,indonesia,USDC
592,0.8022050309810554,18696197.150483526,27,S5_twin_shock_imf_bailout,indonesia,USDC
593,0.7888478802597251,18228792.221721437,27,S5_twin_shock_imf_bailout,indonesia,USDC
594,0.7939565766336687,17773072.416178405,27,S5_twin_shock_imf_bailout,indonesia,USDC
595,0.8116822287840901,17328745.60577394,27,S5_twin_shock_imf_bailout,indonesia,USDC
596,0.806347048460912,16895526.965629593,27,S5_twin_shock_imf_bailout,indonesia,USDC
597,0.7914063478485586,16473138.791488854,27,S5_twin_shock_imf_bailout,indonesia,USDC
598,0.8246742559377267,16061310.321701633,27,S5_twin_shock_imf_bailout,indonesia,USDC
599,0.7996694980661293,15659777.563659092,27,S5_twin_shock_imf_bailout,indonesia,USDC
600,0.8117639255211139,15268283.124567617,27,S5_twin_shock_imf_bailout,indonesia,USDC
601,0.8019396288325354,14886576.046453424,27,S5_twin_shock_imf_bailout,indonesia,USDC
602,0.8152213375766418,14514411.645292088,27,S5_twin_shock_imf_bailout,indonesia,USDC
603,0.8152469289924837,14151551.354159787,27,S5_twin_shock_imf_bailout,indonesia,USDC
604,0.8096825204753845,13797762.57030579,27,S5_twin_shock_imf_bailout,indonesia,USDC
605,0.8159528290239128,13452818.506048148,27,S5_twin_shock_imf_bailout,indonesia,USDC
606,0.8009242010591974,13116498.043396946,27,S5_twin_shock_imf_bailout,indonesia,USDC
607,0.8005930905242248,12788585.592312021,27,S5_twin_shock_imf_bailout,indonesia,USDC
608,0.8191826158764752,12468870.952504221,27,S5_twin_shock_imf_bailout,indonesia,USDC
609,0.8022810291975857,12157149.178691616,27,S5_twin_shock_imf_bailout,indonesia,USDC
610,0.8148641967096233,11853220.449224327,27,S5_twin_shock_imf_bailout,indonesia,USDC
611,0.7835130792471771,11556889.937993718,27,S5_twin_shock_imf_bailout,indonesia,USDC
612,0.8146915473125937,11267967.689543875,27,S5_twin_shock_imf_bailout,indonesia,USDC
613,0.8413807304568015,10986268.497305278,27,S5_twin_shock_imf_bailout,indonesia,USDC
614,0.8465677374247779,10711611.784872646,27,S5_twin_shock_imf_bailout,indonesia,USDC
615,0.8430565466838633,10443821.49025083,27,S5_twin_shock_imf_bailout,indonesia,USDC
616,0.8364837771601138,10182725.952994559,27,S5_twin_shock_imf_bailout,indonesia,USDC
617,0.8416789849213304,9928157.804169696,27,S5_twin_shock_imf_bailout,indonesia,USDC
618,0.8272974445406839,9679953.859065454,27,S5_twin_shock_imf_bailout,indonesia,USDC
619,0.8028464622273247,9437955.012588818,27,S5_twin_shock_imf_bailout,indonesia,USDC
620,0.809617060881876,9202006.137274096,27,S5_twin_shock_imf_bailout,indonesia,USDC
621,0.8282250857830031,8971955.983842244,27,S5_twin_shock_imf_bailout,indonesia,USDC
622,0.8599699663376468,8747657.084246188,27,S5_twin_shock_imf_bailout,indonesia,USDC
623,0.827625993547077,8528965.657140033,27,S5_twin_shock_imf_bailout,indonesia,USDC
624,0.8338891641063062,8315741.515711533,27,S5_twin_shock_imf_bailout,indonesia,USDC
625,0.8225719159625425,8107847.977818744,27,S5_twin_shock_imf_bailout,indonesia,USDC
626,0.841737765138578,7905151.778373277,27,S5_twin_shock_imf_bailout,indonesia,USDC
627,0.8370676424382958,7707522.983913944,27,S5_twin_shock_imf_bailout,indonesia,USDC
628,0.8474949645666133,7514834.9093160955,27,S5_twin_shock_imf_bailout,indonesia,USDC
629,0.8594432646375765,7326964.036583193,27,S5_twin_shock_imf_bailout,indonesia,USDC
630,0.8791352344544092,7143789.935668614,27,S5_twin_shock_imf_bailout,indonesia,USDC
631,0.8773304101954016,6965195.187276898,27,S5_twin_shock_imf_bailout,indonesia,USDC
632,0.8621788511457422,6791065.307594975,27,S5_twin_shock_imf_bailout,indonesia,USDC
633,0.8744319071338519,6621288.674905101,27,S5_twin_shock_imf_bailout,indonesia,USDC
634,0.8872237533033253,6455756.458032473,27,S5_twin_shock_imf_bailout,indonesia,USDC
635,0.8877997038148417,6294362.546581661,27,S5_twin_shock_imf_bailout,indonesia,USDC
636,0.8668522833552175,6137003.482917121,27,S5_twin_shock_imf_bailout,indonesia,USDC
637,0.8578188153715856,5983578.395844191,27,S5_twin_shock_imf_bailout,indonesia,USDC
638,0.8541761859465068,5833988.935948087,27,S5_twin_shock_imf_bailout,indonesia,USDC
639,0.870540100384315,5688139.212549385,27,S5_twin_shock_imf_bailout,indonesia,USDC
640,0.8574167243372899,5545935.7322356505,27,S5_twin_shock_imf_bailout,indonesia,USDC
641,0.7344934369239444,5407287.338929759,27,S5_twin_shock_imf_bailout,indonesia,USDC
642,0.7246282194298869,5272105.155456515,27,S5_twin_shock_imf_bailout,indonesia,USDC
643,0.74199527758863,5140302.526570102,27,S5_twin_shock_imf_bailout,indonesia,USDC
644,0.7465225128661465,5011794.963405849,27,S5_twin_shock_imf_bailout,indonesia,USDC
645,0.7501105716446127,4886500.089320703,27,S5_twin_shock_imf_bailout,indonesia,USDC
646,0.7612472308825133,4764337.587087685,27,S5_twin_shock_imf_bailout,indonesia,USDC
647,0.7526087226890283,4645229.147410493,27,S5_twin_shock_imf_bailout,indonesia,USDC
648,0.7511652791863743,4529098.418725232,27,S5_twin_shock_imf_bailout,indonesia,USDC
649,0.7383612244902326,4415870.958257101,27,S5_twin_shock_imf_bailout,indonesia,USDC
650,0.7239954012222989,4305474.184300672,27,S5_twin_shock_imf_bailout,indonesia,USDC
651,0.7368434685015464,4197837.329693156,27,S5_twin_shock_imf_bailout,indonesia,USDC
652,0.7507072751613902,4092891.396450827,27,S5_twin_shock_imf_bailout,indonesia,USDC
653,0.7580537232176698,3990569.1115395566,27,S5_twin_shock_imf_bailout,indonesia,USDC
654,0.7730344343924405,3890804.8837510673,27,S5_twin_shock_imf_bailout,indonesia,USDC
655,0.769213747699457,3793534.761657291,27,S5_twin_shock_imf_bailout,indonesia,USDC
656,0.7559103366496305,3698696.3926158585,27,S5_twin_shock_imf_bailout,indonesia,USDC
657,0.7469622722673843,3606228.9828004623,27,S5_twin_shock_imf_bailout,indonesia,USDC
658,0.7347960585008798,3516073.2582304506,27,S5_twin_shock_imf_bailout,indonesia,USDC
659,0.7521584461035886,3428171.42677469,27,S5_twin_shock_imf_bailout,indonesia,USDC
660,0.7629160358634183,3342467.141105322,27,S5_twin_shock_imf_bailout,indonesia,USDC
661,0.7500727924935179,3258905.462577689,27,S5_twin_shock_imf_bailout,indonesia,USDC
662,0.7618091203301908,3177432.8260132466,27,S5_twin_shock_imf_bailout,indonesia,USDC
663,0.7794039453069362,3097997.005362916,27,S5_twin_shock_imf_bailout,indonesia,USDC
664,0.7455117329634489,3020547.080228843,27,S5_twin_shock_imf_bailout,indonesia,USDC
665,0.7460528971580951,2945033.4032231215,27,S5_twin_shock_imf_bailout,indonesia,USDC
666,0.7345479811113176,2871407.5681425435,27,S5_twin_shock_imf_bailout,indonesia,USDC
667,0.7461710474521903,2799622.37893898,27,S5_twin_shock_imf_bailout,indonesia,USDC
668,0.7651245393402059,2729631.819465505,27,S5_twin_shock_imf_bailout,indonesia,USDC
669,0.7697786844510062,2661391.0239788676,27,S5_twin_shock_imf_bailout,indonesia,USDC
670,0.7752314670546556,2594856.248379396,27,S5_twin_shock_imf_bailout,indonesia,USDC
671,0.7711518201879008,2529984.8421699107,27,S5_twin_shock_imf_bailout,indonesia,USDC
672,0.7708892769815929,2466735.2211156636,27,S5_twin_shock_imf_bailout,indonesia,USDC
673,0.7782601192509088,2405066.8405877715,27,S5_twin_shock_imf_bailout,indonesia,USDC
674,0.7932450270332378,2344940.169573077,27,S5_twin_shock_imf_bailout,indonesia,USDC
675,0.6916111219828,2286316.66533375,27,S5_twin_shock_imf_bailout,indonesia,USDC
676,0.7226114664858977,2229158.7487004064,27,S5_twin_shock_imf_bailout,indonesia,USDC
677,0.7232943699004152,2173429.7799828965,27,S5_twin_shock_imf_bailout,indonesia,USDC
678,0.7127075929109047,2119094.035483324,27,S5_twin_shock_imf_bailout,indonesia,USDC
679,0.7275852554034783,2066116.684596241,27,S5_twin_shock_imf_bailout,indonesia,USDC
680,0.7230419337751913,2014463.767481335,27,S5_twin_shock_imf_bailout,indonesia,USDC
681,0.7207112354076533,1964102.1732943014,27,S5_twin_shock_imf_bailout,indonesia,USDC
682,0.7319000162579361,1914999.6189619438,27,S5_twin_shock_imf_bailout,indonesia,USDC
683,0.7123630141915828,1867124.6284878952,27,S5_twin_shock_imf_bailout,indonesia,USDC
684,0.7272578500467087,1820446.5127756982,27,S5_twin_shock_imf_bailout,indonesia,USDC
685,0.7071627269003047,1774935.3499563057,27,S5_twin_shock_imf_bailout,indonesia,USDC
686,0.7245462359513308,1730561.9662073976,27,S5_twin_shock_imf_bailout,indonesia,USDC
687,0.7270918360408763,1687297.9170522126,27,S5_twin_shock_imf_bailout,indonesia,USDC
688,0.7230182032017457,1645115.4691259074,27,S5_twin_shock_imf_bailout,indonesia,USDC
689,0.7408646914480336,1603987.58239776,27,S5_twin_shock_imf_bailout,indonesia,USDC
690,0.7531405532586677,1563887.892837816,27,S5_twin_shock_imf_bailout,indonesia,USDC
691,0.7426590896246462,1524790.6955168706,27,S5_twin_shock_imf_bailout,indonesia,USDC
692,0.735431579864655,1486670.9281289487,27,S5_twin_shock_imf_bailout,indonesia,USDC
693,0.742309417393801,1449504.154925725,27,S5_twin_shock_imf_bailout,indonesia,USDC
694,0.7585726276323383,1413266.5510525818,27,S5_twin_shock_imf_bailout,indonesia,USDC
695,0.7802260378467736,1377934.8872762672,27,S5_twin_shock_imf_bailout,indonesia,USDC
696,0.7903095590034104,1343486.5150943606,27,S5_twin_shock_imf_bailout,indonesia,USDC
697,0.7859591317234004,1309899.3522170016,27,S5_twin_shock_imf_bailout,indonesia,USDC
698,0.7944350247186909,1277151.8684115764,27,S5_twin_shock_imf_bailout,indonesia,USDC
699,0.7942755078335004,1245223.071701287,27,S5_twin_shock_imf_bailout,indonesia,USDC
700,0.8148537070370581,1214092.494908755,27,S5_twin_shock_imf_bailout,indonesia,USDC
701,0.8306731581152124,1183740.182536036,27,S5_twin_shock_imf_bailout,indonesia,USDC
702,0.8204225584788443,1154146.6779726353,27,S5_twin_shock_imf_bailout,indonesia,USDC
703,0.8119332164531738,1125293.0110233193,27,S5_twin_shock_imf_bailout,indonesia,USDC
704,0.7957286172790392,1097160.6857477364,27,S5_twin_shock_imf_bailout,indonesia,USDC
705,0.7781270886485803,1069731.6686040428,27,S5_twin_shock_imf_bailout,indonesia,USDC
706,0.670198223025543,1042988.3768889417,27,S5_twin_shock_imf_bailout,indonesia,USDC
707,0.716403764070505,1016913.6674667184,27,S5_twin_shock_imf_bailout,indonesia,USDC
708,0.7310224728399551,991490.8257800505,27,S5_twin_shock_imf_bailout,indonesia,USDC
709,0.7287083761500226,966703.555135549,27,S5_twin_shock_imf_bailout,indonesia,USDC
710,0.7357016095910018,942535.9662571603,27,S5_twin_shock_imf_bailout,indonesia,USDC
711,0.7245447623100354,918972.5671007314,27,S5_twin_shock_imf_bailout,indonesia,USDC
712,0.7600429680990692,895998.2529232132,27,S5_twin_shock_imf_bailout,indonesia,USDC
713,0.7709279885776488,873598.2966001327,27,S5_twin_shock_imf_bailout,indonesia,USDC
714,0.7569125501429955,851758.3391851294,27,S5_twin_shock_imf_bailout,indonesia,USDC
715,0.7842949352579808,830464.3807055012,27,S5_twin_shock_imf_bailout,indonesia,USDC
716,0.7723544212552027,809702.7711878637,27,S5_twin_shock_imf_bailout,indonesia,USDC
717,0.7902307812509679,789460.2019081671,27,S5_twin_shock_imf_bailout,indonesia,USDC
718,0.7687248978251926,769723.6968604629,27,S5_twin_shock_imf_bailout,indonesia,USDC
719,0.7735924307711988,750480.6044389512,27,S5_twin_shock_imf_bailout,indonesia,USDC
720,0.7671445563207215,731718.5893279775,27,S5_twin_shock_imf_bailout,indonesia,USDC
721,0.7631387861015282,713425.624594778,27,S5_twin_shock_imf_bailout,indonesia,USDC
722,0.7678349175317837,695589.9839799086,27,S5_twin_shock_imf_bailout,indonesia,USDC
723,0.786558382646705,678200.234380411,27,S5_twin_shock_imf_bailout,indonesia,USDC
724,0.7714635863983564,661245.2285209007,27,S5_twin_shock_imf_bailout,indonesia,USDC
725,0.7533019029181832,644714.0978078782,27,S5_twin_shock_imf_bailout,indonesia,USDC
726,0.7715493510344351,628596.2453626811,27,S5_twin_shock_imf_bailout,indonesia,USDC
727,0.7842550521247494,612881.3392286141,27,S5_twin_shock_imf_bailout,indonesia,USDC
728,0.8034858865829289,597559.3057478988,27,S5_twin_shock_imf_bailout,indonesia,USDC
729,0.7939070131793883,582620.3231042014,27,S5_twin_shock_imf_bailout,indonesia,USDC
730,0.8040445536195169,568054.8150265963,27,S5_twin_shock_imf_bailout,indonesia,USDC
731,0.8326899186172528,553853.4446509314,27,S5_twin_shock_imf_bailout,indonesia,USDC
732,0.7885592301355332,540007.1085346581,27,S5_twin_shock_imf_bailout,indonesia,USDC
733,0.7974349122404464,526506.9308212916,27,S5_twin_shock_imf_bailout,indonesia,USDC
734,0.798862218336796,513344.25755075936,27,S5_twin_shock_imf_bailout,indonesia,USDC
735,0.7729606732100732,500510.65111199033,27,S5_twin_shock_imf_bailout,indonesia,USDC
736,0.7528849345337338,487997.8848341906,27,S5_twin_shock_imf_bailout,indonesia,USDC
737,0.7492182583732258,475797.93771333585,27,S5_twin_shock_imf_bailout,indonesia,USDC
738,0.7512542674083003,463902.98927050247,27,S5_twin_shock_imf_bailout,indonesia,USDC
739,0.7489456486212775,452305.41453873995,27,S5_twin_shock_imf_bailout,indonesia,USDC
740,0.7741609837657777,440997.7791752714,27,S5_twin_shock_imf_bailout,indonesia,USDC
741,0.7791829316224962,429972.8346958896,27,S5_twin_shock_imf_bailout,indonesia,USDC
742,0.7730322012914335,419223.5138284924,27,S5_twin_shock_imf_bailout,indonesia,USDC
743,0.7707659684066345,408742.92598278,27,S5_twin_shock_imf_bailout,indonesia,USDC
744,0.796777475770787,398524.3528332105,27,S5_twin_shock_imf_bailout,indonesia,USDC
745,0.800745706203465,388561.24401238025,27,S5_twin_shock_imf_bailout,indonesia,USDC
746,0.8068447539298474,378847.21291207074,27,S5_twin_shock_imf_bailout,indonesia,USDC
747,0.793451175530282,369376.032589269,27,S5_twin_shock_imf_bailout,indonesia,USDC
748,0.7860823490902237,360141.63177453727,27,S5_twin_shock_imf_bailout,indonesia,USDC
749,0.7773186652404397,351138.0909801738,27,S5_twin_shock_imf_bailout,indonesia,USDC
750,0.7715577640323339,342359.63870566944,27,S5_twin_shock_imf_bailout,indonesia,USDC
751,0.7703897772604449,333800.64773802774,27,S5_twin_shock_imf_bailout,indonesia,USDC
752,0.7870070676837178,325455.631544577,27,S5_twin_shock_imf_bailout,indonesia,USDC
753,0.8010301091890865,317319.24075596256,27,S5_twin_shock_imf_bailout,indonesia,USDC
754,0.7739948951168182,309386.25973706355,27,S5_twin_shock_imf_bailout,indonesia,USDC
755,0.7860566540460678,301651.60324363696,27,S5_twin_shock_imf_bailout,indonesia,USDC
756,0.7906873586273259,294110.313162546,27,S5_twin_shock_imf_bailout,indonesia,USDC
757,0.7847190936306196,286757.55533348233,27,S5_twin_shock_imf_bailout,indonesia,USDC
758,0.683783017957425,279588.61645014526,27,S5_twin_shock_imf_bailout,indonesia,USDC
759,0.6978177822781714,272598.90103889164,27,S5_twin_shock_imf_bailout,indonesia,USDC
760,0.7200449553584947,265783.92851291934,27,S5_twin_shock_imf_bailout,indonesia,USDC
761,0.7098684453294747,259139.33030009636,27,S5_twin_shock_imf_bailout,indonesia,USDC
762,0.7259976938170993,252660.847042594,27,S5_twin_shock_imf_bailout,indonesia,USDC
763,0.7331454527830746,246344.32586652914,27,S5_twin_shock_imf_bailout,indonesia,USDC
764,0.7403997049112161,240185.7177198659,27,S5_twin_shock_imf_bailout,indonesia,USDC
765,0.7308720352760985,234181.07477686927,27,S5_twin_shock_imf_bailout,indonesia,USDC
766,0.7476434388704747,228326.5479074475,27,S5_twin_shock_imf_bailout,indonesia,USDC
767,0.7418193335864123,222618.3842097613,27,S5_twin_shock_imf_bailout,indonesia,USDC
768,0.7611723255602362,217052.92460451726,27,S5_twin_shock_imf_bailout,indonesia,USDC
769,0.7405827224682906,211626.60148940433,27,S5_twin_shock_imf_bailout,indonesia,USDC
770,0.7388120121492231,206335.9364521692,27,S5_twin_shock_imf_bailout,indonesia,USDC
771,0.73163405090594,201177.53804086498,27,S5_twin_shock_imf_bailout,indonesia,USDC
772,0.7634922371151526,196148.09958984336,27,S5_twin_shock_imf_bailout,indonesia,USDC
773,0.7661023477014249,191244.3971000973,27,S5_twin_shock_imf_bailout,indonesia,USDC
774,0.7471531389190778,186463.28717259486,27,S5_twin_shock_imf_bailout,indonesia,USDC
775,0.7561652648051227,181801.70499328,27,S5_twin_shock_imf_bailout,indonesia,USDC
776,0.7591743566480886,177256.662368448,27,S5_twin_shock_imf_bailout,indonesia,USDC
777,0.7615105550569744,172825.2458092368,27,S5_twin_shock_imf_bailout,indonesia,USDC
778,0.7570448292637552,168504.61466400587,27,S5_twin_shock_imf_bailout,indonesia,USDC
779,0.7678054629961111,164291.99929740574,27,S5_twin_shock_imf_bailout,indonesia,USDC
780,0.7824736443265292,160184.69931497058,27,S5_twin_shock_imf_bailout,indonesia,USDC
781,0.7905160468873967,156180.08183209633,27,S5_twin_shock_imf_bailout,indonesia,USDC
782,0.7662777499636556,152275.5797862939,27,S5_twin_shock_imf_bailout,indonesia,USDC
783,0.7544406465018715,148468.69029163657,27,S5_twin_shock_imf_bailout,indonesia,USDC
784,0.7384711551601432,144756.97303434566,27,S5_twin_shock_imf_bailout,indonesia,USDC
785,0.7295911631722524,141138.048708487,27,S5_twin_shock_imf_bailout,indonesia,USDC
786,0.7181286260579021,137609.59749077485,27,S5_twin_shock_imf_bailout,indonesia,USDC
787,0.7228581879928901,134169.35755350548,27,S5_twin_shock_imf_bailout,indonesia,USDC
788,0.7294491116192086,130815.12361466783,27,S5_twin_shock_imf_bailout,indonesia,USDC
789,0.7388013786387329,127544.74552430114,27,S5_twin_shock_imf_bailout,indonesia,USDC
790,0.7480172812012905,124356.12688619361,27,S5_twin_shock_imf_bailout,indonesia,USDC
791,0.7450686100697959,121247.22371403879,27,S5_twin_shock_imf_bailout,indonesia,USDC
792,0.7596529626677222,118216.04312118782,27,S5_twin_shock_imf_bailout,indonesia,USDC
793,0.7728690362358317,115260.64204315812,27,S5_twin_shock_imf_bailout,indonesia,USDC
794,0.7562299035774743,112379.12599207916,27,S5_twin_shock_imf_bailout,indonesia,USDC
795,0.7680093378832877,109569.64784227719,27,S5_twin_shock_imf_bailout,indonesia,USDC
796,0.7859121013403918,106830.40664622028,27,S5_twin_shock_imf_bailout,indonesia,USDC
797,0.7973625204375818,104159.64648006475,27,S5_twin_shock_imf_bailout,indonesia,USDC
798,0.7967764170962912,101555.65531806313,27,S5_twin_shock_imf_bailout,indonesia,USDC
799,0.7771637620824656,99016.76393511155,27,S5_twin_shock_imf_bailout,indonesia,USDC
800,0.7691743512335348,96541.34483673376,27,S5_twin_shock_imf_bailout,indonesia,USDC
801,0.7543945055243405,94127.81121581541,27,S5_twin_shock_imf_bailout,indonesia,USDC
802,0.792694362740067,91774.61593542004,27,S5_twin_shock_imf_bailout,indonesia,USDC
803,0.7765870074923038,89480.25053703453,27,S5_twin_shock_imf_bailout,indonesia,USDC
804,0.7537690295419707,87243.24427360865,27,S5_twin_shock_imf_bailout,indonesia,USDC
805,0.7662204862478978,85062.16316676844,27,S5_twin_shock_imf_bailout,indonesia,USDC
806,0.7648084920025555,82935.60908759922,27,S5_twin_shock_imf_bailout,indonesia,USDC
807,0.7880550620740613,80862.21886040925,27,S5_twin_shock_imf_bailout,indonesia,USDC
808,0.8069926415108695,78840.66338889902,27,S5_twin_shock_imf_bailout,indonesia,USDC
809,0.8316764120247073,76869.64680417653,27,S5_twin_shock_imf_bailout,indonesia,USDC
810,0.8231439168594746,74947.90563407213,27,S5_twin_shock_imf_bailout,indonesia,USDC
811,0.8266845407321457,73074.20799322033,27,S5_twin_shock_imf_bailout,indonesia,USDC
812,0.8483516133286336,71247.35279338981,27,S5_twin_shock_imf_bailout,indonesia,USDC
813,0.8584157429096961,69466.16897355508,27,S5_twin_shock_imf_bailout,indonesia,USDC
814,0.8481115525204463,67729.51474921619,27,S5_twin_shock_imf_bailout,indonesia,USDC
815,0.8615220989438934,66036.27688048579,27,S5_twin_shock_imf_bailout,indonesia,USDC
816,0.8501107716607537,64385.369958473646,27,S5_twin_shock_imf_bailout,indonesia,USDC
817,0.8394805311103478,62775.735709511806,27,S5_twin_shock_imf_bailout,indonesia,USDC
818,0.8705865538961639,61206.34231677401,27,S5_twin_shock_imf_bailout,indonesia,USDC
819,0.8569747546720436,59676.18375885466,27,S5_twin_shock_imf_bailout,indonesia,USDC
820,0.8413187514478375,58184.2791648833,27,S5_twin_shock_imf_bailout,indonesia,USDC
821,0.836958378499148,56729.672185761214,27,S5_twin_shock_imf_bailout,indonesia,USDC
822,0.8283053691829583,55311.430381117185,27,S5_twin_shock_imf_bailout,indonesia,USDC
823,0.8474340404519132,53928.64462158926,27,S5_twin_shock_imf_bailout,indonesia,USDC
824,0.8908589042757118,52580.42850604952,27,S5_twin_shock_imf_bailout,indonesia,USDC
825,0.8800560814712057,51265.91779339829,27,S5_twin_shock_imf_bailout,indonesia,USDC
826,0.8890072062426965,49984.26984856333,27,S5_twin_shock_imf_bailout,indonesia,USDC
827,0.8687189976546836,48734.663102349245,27,S5_twin_shock_imf_bailout,indonesia,USDC
828,0.8593422704420711,47516.296524790516,27,S5_twin_shock_imf_bailout,indonesia,USDC
829,0.8511595748713316,46328.38911167075,27,S5_twin_shock_imf_bailout,indonesia,USDC
830,0.837789823522962,45170.17938387898,27,S5_twin_shock_imf_bailout,indonesia,USDC
831,0.8470813164103963,44040.92489928201,27,S5_twin_shock_imf_bailout,indonesia,USDC
832,0.8566686221627787,42939.90177679996,27,S5_twin_shock_imf_bailout,indonesia,USDC
833,0.8279815537028526,41866.40423237996,27,S5_twin_shock_imf_bailout,indonesia,USDC
834,0.8321073870863417,40819.74412657046,27,S5_twin_shock_imf_bailout,indonesia,USDC
835,0.7987706832034169,39799.2505234062,27,S5_twin_shock_imf_bailout,indonesia,USDC
836,0.8233356691266823,38804.269260321045,27,S5_twin_shock_imf_bailout,indonesia,USDC
837,0.8471850721448166,37834.16252881302,27,S5_twin_shock_imf_bailout,indonesia,USDC
838,0.8370858415495481,36888.308465592694,27,S5_twin_shock_imf_bailout,indonesia,USDC
839,0.8234794850767363,35966.10075395288,27,S5_twin_shock_imf_bailout,indonesia,USDC
840,0.8309609944288077,35066.94823510405,27,S5_twin_shock_imf_bailout,indonesia,USDC
841,0.8248554583796208,34190.27452922645,27,S5_twin_shock_imf_bailout,indonesia,USDC
842,0.8090706596091618,33335.51766599579,27,S5_twin_shock_imf_bailout,indonesia,USDC
843,0.8167339955157146,32502.129724345898,27,S5_twin_shock_imf_bailout,indonesia,USDC
844,0.8192736057384923,31689.576481237247,27,S5_twin_shock_imf_bailout,indonesia,USDC
845,0.8217371317902477,30897.337069206318,27,S5_twin_shock_imf_bailout,indonesia,USDC
846,0.7792575918133309,30124.903642476158,27,S5_twin_shock_imf_bailout,indonesia,USDC
847,0.7889296376580054,29371.78105141426,27,S5_twin_shock_imf_bailout,indonesia,USDC
848,0.759829093190162,28637.4865251289,27,S5_twin_shock_imf_bailout,indonesia,USDC
849,0.8000687650091675,27921.54936200068,27,S5_twin_shock_imf_bailout,indonesia,USDC
850,0.7979400797688126,27223.510627950665,27,S5_twin_shock_imf_bailout,indonesia,USDC
851,0.7794171860713085,26542.922862251897,27,S5_twin_shock_imf_bailout,indonesia,USDC
852,0.7967464099320906,25879.349790695596,27,S5_twin_shock_imf_bailout,indonesia,USDC
853,0.7900701096361876,25232.36604592821,27,S5_twin_shock_imf_bailout,indonesia,USDC
854,0.7842220038168529,24601.556894780006,27,S5_twin_shock_imf_bailout,indonesia,USDC
855,0.7908261968936506,23986.517972410504,27,S5_twin_shock_imf_bailout,indonesia,USDC
856,0.8079020155913679,23386.85502310024,27,S5_twin_shock_imf_bailout,indonesia,USDC
857,0.7937764252926964,22802.183647522736,27,S5_twin_shock_imf_bailout,indonesia,USDC
858,0.775296875932288,22232.129056334667,27,S5_twin_shock_imf_bailout,indonesia,USDC
859,0.7978728850403717,21676.325829926303,27,S5_twin_shock_imf_bailout,indonesia,USDC
860,0.8107449228323836,21134.417684178145,27,S5_twin_shock_imf_bailout,indonesia,USDC
861,0.7866519677960834,20606.05724207369,27,S5_twin_shock_imf_bailout,indonesia,USDC
862,0.7833513165315132,20090.905811021847,27,S5_twin_shock_imf_bailout,indonesia,USDC
863,0.7948318139332565,19588.6331657463,27,S5_twin_shock_imf_bailout,indonesia,USDC
864,0.7990807891927885,19098.917336602644,27,S5_twin_shock_imf_bailout,indonesia,USDC
865,0.818114453793382,18621.444403187576,27,S5_twin_shock_imf_bailout,indonesia,USDC
866,0.7978882450440021,18155.90829310789,27,S5_twin_shock_imf_bailout,indonesia,USDC
867,0.8214490473604655,17702.01058578019,27,S5_twin_shock_imf_bailout,indonesia,USDC
868,0.818909771200511,17259.460321135684,27,S5_twin_shock_imf_bailout,indonesia,USDC
869,0.8120797078661022,16827.97381310729,27,S5_twin_shock_imf_bailout,indonesia,USDC
870,0.7922586849725293,16407.27446777961,27,S5_twin_shock_imf_bailout,indonesia,USDC
871,0.8030097167509476,15997.09260608512,27,S5_twin_shock_imf_bailout,indonesia,USDC
872,0.8241724034810106,15597.165290932993,27,S5_twin_shock_imf_bailout,indonesia,USDC
873,0.825202360738651,15207.236158659669,27,S5_twin_shock_imf_bailout,indonesia,USDC
874,0.8040871571796187,14827.055254693178,27,S5_twin_shock_imf_bailout,indonesia,USDC
875,0.8174537581053416,14456.378873325848,27,S5_twin_shock_imf_bailout,indonesia,USDC
876,0.8272701835768367,14094.9694014927,27,S5_twin_shock_imf_bailout,indonesia,USDC
877,0.8276453191414017,13742.595166455383,27,S5_twin_shock_imf_bailout,indonesia,USDC
878,0.822461734790647,13399.030287294001,27,S5_twin_shock_imf_bailout,indonesia,USDC
879,0.8409426877109741,13064.05453011165,27,S5_twin_shock_imf_bailout,indonesia,USDC
880,0.8325262882903911,12737.45316685886,27,S5_twin_shock_imf_bailout,indonesia,USDC
881,0.8119949646894329,12419.016837687388,27,S5_twin_shock_imf_bailout,indonesia,USDC
882,0.8078735452612897,12108.541416745204,27,S5_twin_shock_imf_bailout,indonesia,USDC
883,0.7981199030378892,11805.827881326573,27,S5_twin_shock_imf_bailout,indonesia,USDC
884,0.7991477430099209,11510.682184293408,27,S5_twin_shock_imf_bailout,indonesia,USDC
885,0.816841307637556,11222.915129686073,27,S5_twin_shock_imf_bailout,indonesia,USDC
886,0.8002812599288193,10942.34225144392,27,S5_twin_shock_imf_bailout,indonesia,USDC
887,0.7899374701828379,10668.783695157823,27,S5_twin_shock_imf_bailout,indonesia,USDC
888,0.7722050752611436,10402.064102778877,27,S5_twin_shock_imf_bailout,indonesia,USDC
889,0.8057566342151615,10142.012500209406,27,S5_twin_shock_imf_bailout,indonesia,USDC
890,0.8062727643939299,9888.462187704172,27,S5_twin_shock_imf_bailout,indonesia,USDC
891,0.8008353448759636,9641.250633011565,27,S5_twin_shock_imf_bailout,indonesia,USDC
892,0.7919163425768813,9400.219367186277,27,S5_twin_shock_imf_bailout,indonesia,USDC
893,0.7987414821166766,9165.21388300662,27,S5_twin_shock_imf_bailout,indonesia,USDC
894,0.7967961461159047,8936.083535931453,27,S5_twin_shock_imf_bailout,indonesia,USDC
895,0.7975405790331206,8712.681447533167,27,S5_twin_shock_imf_bailout,indonesia,USDC
896,0.7939032784545393,8494.864411344839,27,S5_twin_shock_imf_bailout,indonesia,USDC
897,0.7797732770070709,8282.492801061217,27,S5_twin_shock_imf_bailout,indonesia,USDC
898,0.780918742918423,8075.430481034688,27,S5_twin_shock_imf_bailout,indonesia,USDC
899,0.7721629633422858,7873.54471900882,27,S5_twin_shock_imf_bailout,indonesia,USDC
900,0.7692880950361292,7676.7061010336,27,S5_twin_shock_imf_bailout,indonesia,USDC
901,0.7653097266956925,7484.78844850776,27,S5_twin_shock_imf_bailout,indonesia,USDC
902,0.7886187640917416,7297.6687372950655,27,S5_twin_shock_imf_bailout,indonesia,USDC
903,0.7745074374206219,7115.22701886269,27,S5_twin_shock_imf_bailout,indonesia,USDC
904,0.7591310427567571,6937.346343391122,27,S5_twin_shock_imf_bailout,indonesia,USDC
905,0.7735024674874617,6763.912684806344,27,S5_twin_shock_imf_bailout,indonesia,USDC
906,0.7687063971114176,6594.814867686186,27,S5_twin_shock_imf_bailout,indonesia,USDC
907,0.7720361496165808,6429.94449599403,27,S5_twin_shock_imf_bailout,indonesia,USDC
908,0.7663226615035792,6269.195883594179,27,S5_twin_shock_imf_bailout,indonesia,USDC
909,0.7592510053034487,6112.465986504325,27,S5_twin_shock_imf_bailout,indonesia,USDC
910,0.7690956217389121,5959.654336841717,27,S5_twin_shock_imf_bailout,indonesia,USDC
911,0.7694102404415142,5810.662978420674,27,S5_twin_shock_imf_bailout,indonesia,USDC
912,0.7794193207681196,5665.396403960157,27,S5_twin_shock_imf_bailout,indonesia,USDC
913,0.7905012864932988,5523.761493861153,27,S5_twin_shock_imf_bailout,indonesia,USDC
914,0.778887945658503,5385.667456514625,27,S5_twin_shock_imf_bailout,indonesia,USDC
915,0.8276607318205269,5251.025770101759,27,S5_twin_shock_imf_bailout,indonesia,USDC
916,0.8370618385829193,5119.750125849215,27,S5_twin_shock_imf_bailout,indonesia,USDC
917,0.8342131722292443,4991.756372702985,27,S5_twin_shock_imf_bailout,indonesia,USDC
918,0.820556798939712,4866.96246338541,27,S5_twin_shock_imf_bailout,indonesia,USDC
919,0.8334628762317686,4745.288401800774,27,S5_twin_shock_imf_bailout,indonesia,USDC
920,0.8093767269624743,4626.656191755756,27,S5_twin_shock_imf_bailout,indonesia,USDC
921,0.8410495677211813,4510.989786961861,27,S5_twin_shock_imf_bailout,indonesia,USDC
922,0.8341599639869804,4398.215042287815,27,S5_twin_shock_imf_bailout,indonesia,USDC
923,0.8282495867481803,4288.25966623062,27,S5_twin_shock_imf_bailout,indonesia,USDC
924,0.7862924686129407,4181.053174574854,27,S5_twin_shock_imf_bailout,indonesia,USDC
925,0.770590828356215,4076.526845210483,27,S5_twin_shock_imf_bailout,indonesia,USDC
926,0.7483326781852695,3974.6136740802203,27,S5_twin_shock_imf_bailout,indonesia,USDC
927,0.7757816871192745,3875.248332228215,27,S5_twin_shock_imf_bailout,indonesia,USDC
928,0.7571368470541441,3778.3671239225096,27,S5_twin_shock_imf_bailout,indonesia,USDC
929,0.7773751430643641,3683.907945824447,27,S5_twin_shock_imf_bailout,indonesia,USDC
930,0.7617773810673173,3591.810247178836,27,S5_twin_shock_imf_bailout,indonesia,USDC
931,0.7741855492113798,3502.0149909993647,27,S5_twin_shock_imf_bailout,indonesia,USDC
932,0.755722946737586,3414.4646162243807,27,S5_twin_shock_imf_bailout,indonesia,USDC
933,0.7568444672873575,3329.103000818771,27,S5_twin_shock_imf_bailout,indonesia,USDC
934,0.7623554419514674,3245.875425798302,27,S5_twin_shock_imf_bailout,indonesia,USDC
935,0.7955232728651153,3164.728540153344,27,S5_twin_shock_imf_bailout,indonesia,USDC
936,0.788030734037226,3085.61032664951,27,S5_twin_shock_imf_bailout,indonesia,USDC
937,0.7979431178292039,3008.4700684832724,27,S5_twin_shock_imf_bailout,indonesia,USDC
938,0.7953063331783251,2933.258316771191,27,S5_twin_shock_imf_bailout,indonesia,USDC
939,0.8028250676625173,2859.9268588519108,27,S5_twin_shock_imf_bailout,indonesia,USDC
940,0.7969790141855609,2788.428687380613,27,S5_twin_shock_imf_bailout,indonesia,USDC
941,0.7784862046784099,2718.7179701960977,27,S5_twin_shock_imf_bailout,indonesia,USDC
942,0.7809399714650479,2650.7500209411955,27,S5_twin_shock_imf_bailout,indonesia,USDC
943,0.7882000572393436,2584.4812704176657,27,S5_twin_shock_imf_bailout,indonesia,USDC
944,0.7717503622125094,2519.869238657224,27,S5_twin_shock_imf_bailout,indonesia,USDC
945,0.8022968663796743,2456.872507690793,27,S5_twin_shock_imf_bailout,indonesia,USDC
946,0.789600965914158,2395.4506949985234,27,S5_twin_shock_imf_bailout,indonesia,USDC
947,0.8011590112123137,2335.5644276235607,27,S5_twin_shock_imf_bailout,indonesia,USDC
948,0.8195195279354386,2277.1753169329713,27,S5_twin_shock_imf_bailout,indonesia,USDC
949,0.8279046392265332,2220.245934009647,27,S5_twin_shock_imf_bailout,indonesia,USDC
950,0.8337517513734696,2164.739785659406,27,S5_twin_shock_imf_bailout,indonesia,USDC
951,0.8318424494167336,2110.621291017921,27,S5_twin_shock_imf_bailout,indonesia,USDC
952,0.8399361583895493,2057.855758742473,27,S5_twin_shock_imf_bailout,indonesia,USDC
953,0.8382764630248014,2006.4093647739112,27,S5_twin_shock_imf_bailout,indonesia,USDC
954,0.8542028949212206,1956.2491306545633,27,S5_twin_shock_imf_bailout,indonesia,USDC
955,0.8617565345951348,1907.342902388199,27,S5_twin_shock_imf_bailout,indonesia,USDC
956,0.8599327623971406,1859.6593298284943,27,S5_twin_shock_imf_bailout,indonesia,USDC
957,0.8573615696135782,1813.1678465827817,27,S5_twin_shock_imf_bailout,indonesia,USDC
958,0.8311382527563946,1767.8386504182122,27,S5_twin_shock_imf_bailout,indonesia,USDC
959,0.8134046734503515,1723.642684157757,27,S5_twin_shock_imf_bailout,indonesia,USDC
960,0.797180485537383,1680.551617053813,27,S5_twin_shock_imf_bailout,indonesia,USDC
961,0.770601986170465,1638.537826627468,27,S5_twin_shock_imf_bailout,indonesia,USDC
962,0.7847366294673846,1597.5743809617813,27,S5_twin_shock_imf_bailout,indonesia,USDC
963,0.7837431692390396,1557.6350214377367,27,S5_twin_shock_imf_bailout,indonesia,USDC
964,0.7757774719428383,1518.6941459017933,27,S5_twin_shock_imf_bailout,indonesia,USDC
965,0.7712611150768443,1480.7267922542485,27,S5_twin_shock_imf_bailout,indonesia,USDC
966,0.7710817795645282,1443.7086224478921,27,S5_twin_shock_imf_bailout,indonesia,USDC
967,0.7611624249510058,1407.615906886695,27,S5_twin_shock_imf_bailout,indonesia,USDC
968,0.7543734700336967,1372.4255092145277,27,S5_twin_shock_imf_bailout,indonesia,USDC
969,0.7475984301331214,1338.1148714841645,27,S5_twin_shock_imf_bailout,indonesia,USDC
970,0.7313885877590155,1304.6619996970603,27,S5_twin_shock_imf_bailout,indonesia,USDC
971,0.763243263181478,1272.045449704634,27,S5_twin_shock_imf_bailout,indonesia,USDC
972,0.7646951509904518,1240.244313462018,27,S5_twin_shock_imf_bailout,indonesia,USDC
973,0.7852027701675509,1209.2382056254676,27,S5_twin_shock_imf_bailout,indonesia,USDC
974,0.8004296450250288,1179.0072504848308,27,S5_twin_shock_imf_bailout,indonesia,USDC
975,0.7652412976007438,1149.53206922271,27,S5_twin_shock_imf_bailout,indonesia,USDC
976,0.7603314040357431,1120.7937674921423,27,S5_twin_shock_imf_bailout,indonesia,USDC
977,0.7612039478564928,1092.773923304839,27,S5_twin_shock_imf_bailout,indonesia,USDC
978,0.7891878457613271,1065.454575222218,27,S5_twin_shock_imf_bailout,indonesia,USDC
979,0.7931222471803994,1038.8182108416624,27,S5_twin_shock_imf_bailout,indonesia,USDC
980,0.7887614829248332,1012.8477555706208,27,S5_twin_shock_imf_bailout,indonesia,USDC
981,0.8007899852601763,987.5265616813554,27,S5_twin_shock_imf_bailout,indonesia,USDC
982,0.8288700795590389,962.8383976393214,27,S5_twin_shock_imf_bailout,indonesia,USDC
983,0.8047707955086127,938.7674376983384,27,S5_twin_shock_imf_bailout,indonesia,USDC
984,0.7943290935899391,915.2982517558798,27,S5_twin_shock_imf_bailout,indonesia,USDC
985,0.7713143140425792,892.4157954619827,27,S5_twin_shock_imf_bailout,indonesia,USDC
986,0.7693528938411801,870.1054005754332,27,S5_twin_shock_imf_bailout,indonesia,USDC
987,0.7467207149032808,848.3527655610474,27,S5_twin_shock_imf_bailout,indonesia,USDC
988,0.7098103343050061,827.1439464220211,27,S5_twin_shock_imf_bailout,indonesia,USDC
989,0.6973966289816266,806.4653477614706,27,S5_twin_shock_imf_bailout,indonesia,USDC
990,0.7170611682292962,786.3037140674339,27,S5_twin_shock_imf_bailout,indonesia,USDC
991,0.6898849037746625,766.646121215748,27,S5_twin_shock_imf_bailout,indonesia,USDC
992,0.6865211377962923,747.4799681853544,27,S5_twin_shock_imf_bailout,indonesia,USDC
993,0.6787448858488,728.7929689807205,27,S5_twin_shock_imf_bailout,indonesia,USDC
994,0.6650198852808075,710.5731447562025,27,S5_twin_shock_imf_bailout,indonesia,USDC
995,0.6819813448186466,692.8088161372974,27,S5_twin_shock_imf_bailout,indonesia,USDC
996,0.6942194121260392,675.488595733865,27,S5_twin_shock_imf_bailout,indonesia,USDC
997,0.713918163580881,658.6013808405183,27,S5_twin_shock_imf_bailout,indonesia,USDC
998,0.7188626614494842,642.1363463195055,27,S5_twin_shock_imf_bailout,indonesia,USDC
999,0.7340284665330736,626.0829376615178,27,S5_twin_shock_imf_bailout,indonesia,USDC
1000,0.7464034593152825,610.4308642199799,27,S5_twin_shock_imf_bailout,indonesia,USDC
