Step,price,liquidity,iteration,scenario,region,coin
1,1.0080290320092442,2988944156590.208,251,S5_twin_shock_imf_bailout,indonesia,USDC
2,0.9973334597657285,2988944156590.208,251,S5_twin_shock_imf_bailout,indonesia,USDC
3,0.9943568674969583,2988944156590.208,251,S5_twin_shock_imf_bailout,indonesia,USDC
4,0.9877486036919337,2988944156590.208,251,S5_twin_shock_imf_bailout,indonesia,USDC
5,0.9839697924779627,2988944156590.208,251,S5_twin_shock_imf_bailout,indonesia,USDC
6,0.9533305989941666,2988944156590.208,251,S5_twin_shock_imf_bailout,indonesia,USDC
7,0.9149222105545209,2987925087816.9106,251,S5_twin_shock_imf_bailout,indonesia,USDC
8,0.9189224332631918,2984642251671.2773,251,S5_twin_shock_imf_bailout,indonesia,USDC
9,0.9350486420939607,2981730032092.0747,251,S5_twin_shock_imf_bailout,indonesia,USDC
10,0.9410835025967479,2979844373386.0664,251,S5_twin_shock_imf_bailout,indonesia,USDC
11,0.9713004386221132,2978356521454.671,251,S5_twin_shock_imf_bailout,indonesia,USDC
12,0.9825460747456033,2978356521454.671,251,S5_twin_shock_imf_bailout,indonesia,USDC
13,0.9555843223106149,2978356521454.671,251,S5_twin_shock_imf_bailout,indonesia,USDC
14,0.9884389820631589,2977633301976.479,251,S5_twin_shock_imf_bailout,indonesia,USDC
15,0.9835223707097568,2977633301976.479,251,S5_twin_shock_imf_bailout,indonesia,USDC
16,0.9579221302808183,2977633301976.479,251,S5_twin_shock_imf_bailout,indonesia,USDC
17,0.9478134016226059,2977058896818.901,251,S5_twin_shock_imf_bailout,indonesia,USDC
18,0.9772706178142063,2975998227523.6104,251,S5_twin_shock_imf_bailout,indonesia,USDC
19,0.987442227139961,2975998227523.6104,251,S5_twin_shock_imf_bailout,indonesia,USDC
20,1.0130913891811397,2975998227523.6104,251,S5_twin_shock_imf_bailout,indonesia,USDC
21,0.9884411139701432,2975998227523.6104,251,S5_twin_shock_imf_bailout,indonesia,USDC
22,0.9903717587866154,2975998227523.6104,251,S5_twin_shock_imf_bailout,indonesia,USDC
23,0.9988586350754209,2975998227523.6104,251,S5_twin_shock_imf_bailout,indonesia,USDC
24,1.0115448659536743,2975998227523.6104,251,S5_twin_shock_imf_bailout,indonesia,USDC
25,0.9931374983136256,2975998227523.6104,251,S5_twin_shock_imf_bailout,indonesia,USDC
26,0.9976388175009048,2975998227523.6104,251,S5_twin_shock_imf_bailout,indonesia,USDC
27,0.9936168112168671,2975998227523.6104,251,S5_twin_shock_imf_bailout,indonesia,USDC
28,0.9721305147820261,2975998227523.6104,251,S5_twin_shock_imf_bailout,indonesia,USDC
29,0.982113288667286,2975998227523.6104,251,S5_twin_shock_imf_bailout,indonesia,USDC
30,0.9766972154680147,2975998227523.6104,251,S5_twin_shock_imf_bailout,indonesia,USDC
31,0.9723083927773541,2975998227523.6104,251,S5_twin_shock_imf_bailout,indonesia,USDC
32,0.9472606190682851,2975998227523.6104,251,S5_twin_shock_imf_bailout,indonesia,USDC
33,0.9382486713175983,2974922102964.89,251,S5_twin_shock_imf_bailout,indonesia,USDC
34,0.9465323996612284,2973417091740.679,251,S5_twin_shock_imf_bailout,indonesia,USDC
35,0.9530227880405276,2972354780859.5615,251,S5_twin_shock_imf_bailout,indonesia,USDC
36,0.9490398088207858,2971619045259.6157,251,S5_twin_shock_imf_bailout,indonesia,USDC
37,0.9610497227135701,2970710029031.9756,251,S5_twin_shock_imf_bailout,indonesia,USDC
38,0.9624357203575072,2970324651568.6113,251,S5_twin_shock_imf_bailout,indonesia,USDC
39,0.962095032614202,2970011768700.9453,251,S5_twin_shock_imf_bailout,indonesia,USDC
40,0.9923522228389741,2969697094084.3223,251,S5_twin_shock_imf_bailout,indonesia,USDC
41,1.0169498735495175,2969697094084.3223,251,S5_twin_shock_imf_bailout,indonesia,USDC
42,1.0246386451879437,2969697094084.3223,251,S5_twin_shock_imf_bailout,indonesia,USDC
43,1.0098314380031022,2969697094084.3223,251,S5_twin_shock_imf_bailout,indonesia,USDC
44,0.9992379023647545,2969697094084.3223,251,S5_twin_shock_imf_bailout,indonesia,USDC
45,1.0042821711013128,2969697094084.3223,251,S5_twin_shock_imf_bailout,indonesia,USDC
46,0.9809218021550812,2969697094084.3223,251,S5_twin_shock_imf_bailout,indonesia,USDC
47,1.0094266527143874,2969697094084.3223,251,S5_twin_shock_imf_bailout,indonesia,USDC
48,1.0043744487910053,2969697094084.3223,251,S5_twin_shock_imf_bailout,indonesia,USDC
49,1.0458859367427529,2969697094084.3223,251,S5_twin_shock_imf_bailout,indonesia,USDC
50,1.0506590057532752,2969697094084.3223,251,S5_twin_shock_imf_bailout,indonesia,USDC
51,1.0544960409044446,2969697094084.3223,251,S5_twin_shock_imf_bailout,indonesia,USDC
52,1.0431485935103046,2969697094084.3223,251,S5_twin_shock_imf_bailout,indonesia,USDC
53,1.0502691924696514,2969697094084.3223,251,S5_twin_shock_imf_bailout,indonesia,USDC
54,1.0433430764570186,2969697094084.3223,251,S5_twin_shock_imf_bailout,indonesia,USDC
55,1.0314680485597616,2969697094084.3223,251,S5_twin_shock_imf_bailout,indonesia,USDC
56,1.0474377657965153,2969697094084.3223,251,S5_twin_shock_imf_bailout,indonesia,USDC
57,1.0252369450637013,2969697094084.3223,251,S5_twin_shock_imf_bailout,indonesia,USDC
58,1.0427206933364803,2969697094084.3223,251,S5_twin_shock_imf_bailout,indonesia,USDC
59,1.0385388984779456,2969697094084.3223,251,S5_twin_shock_imf_bailout,indonesia,USDC
60,1.028526786898462,2969697094084.3223,251,S5_twin_shock_imf_bailout,indonesia,USDC
61,1.0539333391695427,2969697094084.3223,251,S5_twin_shock_imf_bailout,indonesia,USDC
62,1.0602388920096397,2969697094084.3223,251,S5_twin_shock_imf_bailout,indonesia,USDC
63,1.0624214640558307,2969697094084.3223,251,S5_twin_shock_imf_bailout,indonesia,USDC
64,1.0699487807286459,2969697094084.3223,251,S5_twin_shock_imf_bailout,indonesia,USDC
65,1.0685622521331855,2969697094084.3223,251,S5_twin_shock_imf_bailout,indonesia,USDC
66,1.0718108320721846,2969697094084.3223,251,S5_twin_shock_imf_bailout,indonesia,USDC
67,1.0766360624138995,2969697094084.3223,251,S5_twin_shock_imf_bailout,indonesia,USDC
68,1.0594367184162554,2969697094084.3223,251,S5_twin_shock_imf_bailout,indonesia,USDC
69,1.0391068441492974,2969697094084.3223,251,S5_twin_shock_imf_bailout,indonesia,USDC
70,1.0365738596517464,2969697094084.3223,251,S5_twin_shock_imf_bailout,indonesia,USDC
71,1.0041043893312809,2969697094084.3223,251,S5_twin_shock_imf_bailout,indonesia,USDC
72,1.0043728223140564,2969697094084.3223,251,S5_twin_shock_imf_bailout,indonesia,USDC
73,1.01878488470687,2969697094084.3223,251,S5_twin_shock_imf_bailout,indonesia,USDC
74,1.0012356270385587,2969697094084.3223,251,S5_twin_shock_imf_bailout,indonesia,USDC
75,1.0036230387235285,2969697094084.3223,251,S5_twin_shock_imf_bailout,indonesia,USDC
76,0.9985967760122916,2969697094084.3223,251,S5_twin_shock_imf_bailout,indonesia,USDC
77,1.0000924088688614,2969697094084.3223,251,S5_twin_shock_imf_bailout,indonesia,USDC
78,0.9968461675863116,2969697094084.3223,251,S5_twin_shock_imf_bailout,indonesia,USDC
79,1.028322963479241,2969697094084.3223,251,S5_twin_shock_imf_bailout,indonesia,USDC
80,1.034939618083806,2969697094084.3223,251,S5_twin_shock_imf_bailout,indonesia,USDC
81,1.016429405599697,2969697094084.3223,251,S5_twin_shock_imf_bailout,indonesia,USDC
82,1.033487295001859,2969697094084.3223,251,S5_twin_shock_imf_bailout,indonesia,USDC
83,0.9963746133543712,2969697094084.3223,251,S5_twin_shock_imf_bailout,indonesia,USDC
84,0.9821463662509196,2969697094084.3223,251,S5_twin_shock_imf_bailout,indonesia,USDC
85,0.9370462320352086,2969697094084.3223,251,S5_twin_shock_imf_bailout,indonesia,USDC
86,0.9431625787806704,2968341703387.4224,251,S5_twin_shock_imf_bailout,indonesia,USDC
87,0.9429611921350894,2967251673945.7676,251,S5_twin_shock_imf_bailout,indonesia,USDC
88,0.9412262206940576,2966262801078.535,251,S5_twin_shock_imf_bailout,indonesia,USDC
89,0.931292032989187,2965155792376.9844,251,S5_twin_shock_imf_bailout,indonesia,USDC
90,0.9542463672866327,2963710762682.7144,251,S5_twin_shock_imf_bailout,indonesia,USDC
91,0.9860966584094606,2963167119207.78,251,S5_twin_shock_imf_bailout,indonesia,USDC
92,1.0063646007110911,2963167119207.78,251,S5_twin_shock_imf_bailout,indonesia,USDC
93,0.9919431806937196,2963167119207.78,251,S5_twin_shock_imf_bailout,indonesia,USDC
94,0.9839200400266475,2963167119207.78,251,S5_twin_shock_imf_bailout,indonesia,USDC
95,0.9744625111775838,2963167119207.78,251,S5_twin_shock_imf_bailout,indonesia,USDC
96,0.9800282568498143,2963167119207.78,251,S5_twin_shock_imf_bailout,indonesia,USDC
97,0.99449655564932,2963167119207.78,251,S5_twin_shock_imf_bailout,indonesia,USDC
98,0.981178408562718,2963167119207.78,251,S5_twin_shock_imf_bailout,indonesia,USDC
99,0.9803010292211642,2963167119207.78,251,S5_twin_shock_imf_bailout,indonesia,USDC
100,0.9692917749277676,2963167119207.78,251,S5_twin_shock_imf_bailout,indonesia,USDC
101,0.8176245547338455,2963167119207.78,251,S5_twin_shock_imf_bailout,indonesia,USDC
102,0.8370365874692017,2958047601527.8438,251,S5_twin_shock_imf_bailout,indonesia,USDC
103,0.8300463307012536,2954058226934.7407,251,S5_twin_shock_imf_bailout,indonesia,USDC
104,0.860802315158848,2950641716661.4023,251,S5_twin_shock_imf_bailout,indonesia,USDC
105,0.8461385761428992,2948199115293.9014,251,S5_twin_shock_imf_bailout,indonesia,USDC
106,0.8881789914466991,2945740407457.459,251,S5_twin_shock_imf_bailout,indonesia,USDC
107,0.8829976218265096,2944388190913.343,251,S5_twin_shock_imf_bailout,indonesia,USDC
108,0.8959275732533862,2943065027342.1494,251,S5_twin_shock_imf_bailout,indonesia,USDC
109,0.8846529142879955,2941986710677.8486,251,S5_twin_shock_imf_bailout,indonesia,USDC
110,0.8944795038955426,2940865149772.939,251,S5_twin_shock_imf_bailout,indonesia,USDC
111,0.8728783384620047,2939958869012.868,251,S5_twin_shock_imf_bailout,indonesia,USDC
112,0.90259487390549,2938879903889.7925,251,S5_twin_shock_imf_bailout,indonesia,USDC
113,0.8876504993678406,2938206061427.9893,251,S5_twin_shock_imf_bailout,indonesia,USDC
114,0.8914500493175943,2937437822024.907,251,S5_twin_shock_imf_bailout,indonesia,USDC
115,0.9012283752901897,2936765839359.538,251,S5_twin_shock_imf_bailout,indonesia,USDC
116,0.9301941688873874,2936224610207.538,251,S5_twin_shock_imf_bailout,indonesia,USDC
117,0.9474128289144509,2935934635016.224,251,S5_twin_shock_imf_bailout,indonesia,USDC
118,0.9778865810652478,2935778054631.653,251,S5_twin_shock_imf_bailout,indonesia,USDC
119,0.9765275596418838,2935778054631.653,251,S5_twin_shock_imf_bailout,indonesia,USDC
120,0.9873375586708892,2935778054631.653,251,S5_twin_shock_imf_bailout,indonesia,USDC
121,600000.966786492,2862423603265.8613,251,S5_twin_shock_imf_bailout,indonesia,USDC
122,480001.95,2790895013184.215,251,S5_twin_shock_imf_bailout,indonesia,USDC
123,384001.95,2721148237854.6094,251,S5_twin_shock_imf_bailout,indonesia,USDC
124,307201.95,2653140011908.244,251,S5_twin_shock_imf_bailout,indonesia,USDC
125,245761.95,2586827895610.538,251,S5_twin_shock_imf_bailout,indonesia,USDC
126,196609.95,2522170305420.2744,251,S5_twin_shock_imf_bailout,indonesia,USDC
127,157288.35,2459126533544.7676,251,S5_twin_shock_imf_bailout,indonesia,USDC
128,125831.06999999999,2397656758814.1484,251,S5_twin_shock_imf_bailout,indonesia,USDC
129,100665.246,2337722050730.195,251,S5_twin_shock_imf_bailout,indonesia,USDC
130,80532.5868,2279284368171.0596,251,S5_twin_shock_imf_bailout,indonesia,USDC
131,64426.45944,2222306553934.0796,251,S5_twin_shock_imf_bailout,indonesia,USDC
132,51541.557552,2166752326059.5645,251,S5_twin_shock_imf_bailout,indonesia,USDC
133,41233.6360416,2112586266687.1448,251,S5_twin_shock_imf_bailout,indonesia,USDC
134,32987.29883328,2059773809043.2217,251,S5_twin_shock_imf_bailout,indonesia,USDC
135,26390.229066624004,2008281223035.7456,251,S5_twin_shock_imf_bailout,indonesia,USDC
136,21112.573253299208,1958075599834.7356,251,S5_twin_shock_imf_bailout,indonesia,USDC
137,16890.448602639364,1909124835738.7742,251,S5_twin_shock_imf_bailout,indonesia,USDC
138,13512.748882111493,1861397615565.23,251,S5_twin_shock_imf_bailout,indonesia,USDC
139,10810.589105689196,1814863395752.0393,251,S5_twin_shock_imf_bailout,indonesia,USDC
140,8648.861284551356,1769492387318.9907,251,S5_twin_shock_imf_bailout,indonesia,USDC
141,6919.479027641083,1725255538804.618,251,S5_twin_shock_imf_bailout,indonesia,USDC
142,5535.973222112866,1682124519269.3838,251,S5_twin_shock_imf_bailout,indonesia,USDC
143,4429.168577690293,1640071701435.5544,251,S5_twin_shock_imf_bailout,indonesia,USDC
144,3543.724862152234,1599070145017.9897,251,S5_twin_shock_imf_bailout,indonesia,USDC
145,2835.3698897217873,1559093580287.1992,251,S5_twin_shock_imf_bailout,indonesia,USDC
146,2268.6859117774297,1520116391895.7466,251,S5_twin_shock_imf_bailout,indonesia,USDC
147,1815.338729421944,1482113602990.935,251,S5_twin_shock_imf_bailout,indonesia,USDC
148,1452.6609835375552,1445060859630.2273,251,S5_twin_shock_imf_bailout,indonesia,USDC
149,1162.518786830044,1408934415510.724,251,S5_twin_shock_imf_bailout,indonesia,USDC
150,930.4050294640354,1373711117019.958,251,S5_twin_shock_imf_bailout,indonesia,USDC
151,744.7140235712283,1339368388612.0605,251,S5_twin_shock_imf_bailout,indonesia,USDC
152,596.1612188569826,1305884218510.84,251,S5_twin_shock_imf_bailout,indonesia,USDC
153,477.3189750855861,1273237144739.334,251,S5_twin_shock_imf_bailout,indonesia,USDC
154,382.24518006846887,1241406241473.8628,251,S5_twin_shock_imf_bailout,indonesia,USDC
155,306.1861440547751,1210371105719.4258,251,S5_twin_shock_imf_bailout,indonesia,USDC
156,245.3389152438201,1180111844302.3682,251,S5_twin_shock_imf_bailout,indonesia,USDC
157,196.66113219505607,1150609061175.551,251,S5_twin_shock_imf_bailout,indonesia,USDC
158,157.71890575604485,1121843845030.7559,251,S5_twin_shock_imf_bailout,indonesia,USDC
159,126.5651246048359,1093797757212.6621,251,S5_twin_shock_imf_bailout,indonesia,USDC
160,101.64209968386872,1066452819928.4854,251,S5_twin_shock_imf_bailout,indonesia,USDC
161,81.70367974709498,1039791504747.1853,251,S5_twin_shock_imf_bailout,indonesia,USDC
162,65.75294379767598,1013796721382.0354,251,S5_twin_shock_imf_bailout,indonesia,USDC
163,52.99235503814079,988451806750.3081,251,S5_twin_shock_imf_bailout,indonesia,USDC
164,42.78388403051264,963740514303.8092,251,S5_twin_shock_imf_bailout,indonesia,USDC
165,34.61710722441011,939647003624.021,251,S5_twin_shock_imf_bailout,indonesia,USDC
166,28.083685779528086,916155830275.6664,251,S5_twin_shock_imf_bailout,indonesia,USDC
167,22.85694862362247,893251935912.5713,251,S5_twin_shock_imf_bailout,indonesia,USDC
168,18.675558898897975,870920638629.7943,251,S5_twin_shock_imf_bailout,indonesia,USDC
169,15.330447119118379,849147623556.0792,251,S5_twin_shock_imf_bailout,indonesia,USDC
170,12.654357695294703,827918933680.801,251,S5_twin_shock_imf_bailout,indonesia,USDC
171,10.513486156235762,807220960909.6802,251,S5_twin_shock_imf_bailout,indonesia,USDC
172,8.800788924988609,787040437343.6572,251,S5_twin_shock_imf_bailout,indonesia,USDC
173,7.430631139990888,767364426775.4413,251,S5_twin_shock_imf_bailout,indonesia,USDC
174,6.334504911992711,748180316398.3556,251,S5_twin_shock_imf_bailout,indonesia,USDC
175,5.457603929594168,729475808722.2369,251,S5_twin_shock_imf_bailout,indonesia,USDC
176,4.756083143675334,711238913691.2532,251,S5_twin_shock_imf_bailout,indonesia,USDC
177,4.1948665149402675,693457940998.6296,251,S5_twin_shock_imf_bailout,indonesia,USDC
178,3.745893211952214,676121492593.3901,251,S5_twin_shock_imf_bailout,indonesia,USDC
179,3.3867145695617715,659218455374.3364,251,S5_twin_shock_imf_bailout,indonesia,USDC
180,3.099371655649417,642737994066.6028,251,S5_twin_shock_imf_bailout,indonesia,USDC
181,2.8694973245195334,626669544276.2375,251,S5_twin_shock_imf_bailout,indonesia,USDC
182,2.685597859615627,611002805718.3715,251,S5_twin_shock_imf_bailout,indonesia,USDC
183,2.5384782876925014,595727735614.6442,251,S5_twin_shock_imf_bailout,indonesia,USDC
184,2.420782630154001,580834542255.6635,251,S5_twin_shock_imf_bailout,indonesia,USDC
185,2.326626104123201,566313678724.3804,251,S5_twin_shock_imf_bailout,indonesia,USDC
186,2.2513008832985606,552155836776.3577,251,S5_twin_shock_imf_bailout,indonesia,USDC
187,2.1910407066388484,538351940873.01794,251,S5_twin_shock_imf_bailout,indonesia,USDC
188,2.1428325653110787,524893142364.048,251,S5_twin_shock_imf_bailout,indonesia,USDC
189,2.104266052248863,511770813815.2312,251,S5_twin_shock_imf_bailout,indonesia,USDC
190,2.0734128417990907,498976543478.07794,251,S5_twin_shock_imf_bailout,indonesia,USDC
191,2.046861046042538,486502129897.70795,251,S5_twin_shock_imf_bailout,indonesia,USDC
192,1.9846560299156941,474339576655.5309,251,S5_twin_shock_imf_bailout,indonesia,USDC
193,1.8679110297784287,462481087243.3551,251,S5_twin_shock_imf_bailout,indonesia,USDC
194,1.8064385737045665,450919060065.64124,251,S5_twin_shock_imf_bailout,indonesia,USDC
195,1.8255712578376981,439646083566.69617,251,S5_twin_shock_imf_bailout,indonesia,USDC
196,1.7268037216722667,428654931479.68555,251,S5_twin_shock_imf_bailout,indonesia,USDC
197,1.6229464016669921,417938558194.4188,251,S5_twin_shock_imf_bailout,indonesia,USDC
198,1.5355205996050194,407490094240.9387,251,S5_twin_shock_imf_bailout,indonesia,USDC
199,1.5005202914321996,397302841886.0195,251,S5_twin_shock_imf_bailout,indonesia,USDC
200,1.430853148954535,387370270839.75244,251,S5_twin_shock_imf_bailout,indonesia,USDC
201,1.3420994536249744,377686014069.4654,251,S5_twin_shock_imf_bailout,indonesia,USDC
202,1.2998443805747912,368243863718.2941,251,S5_twin_shock_imf_bailout,indonesia,USDC
203,1.2408877030450733,359037767125.78906,251,S5_twin_shock_imf_bailout,indonesia,USDC
204,1.208323856389855,350061822948.0062,251,S5_twin_shock_imf_bailout,indonesia,USDC
205,1.1780994984021738,341310277374.5956,251,S5_twin_shock_imf_bailout,indonesia,USDC
206,1.150570327528966,332777520440.4623,251,S5_twin_shock_imf_bailout,indonesia,USDC
207,1.098346289454619,324458082429.636,251,S5_twin_shock_imf_bailout,indonesia,USDC
208,1.042028713613238,316346630369.04333,251,S5_twin_shock_imf_bailout,indonesia,USDC
209,0.9855492337444303,308437964609.9358,251,S5_twin_shock_imf_bailout,indonesia,USDC
210,0.9683704969885367,300727015494.7822,251,S5_twin_shock_imf_bailout,indonesia,USDC
211,0.9779829954940743,293201298638.4916,251,S5_twin_shock_imf_bailout,indonesia,USDC
212,0.9269489365896612,285871266172.58997,251,S5_twin_shock_imf_bailout,indonesia,USDC
213,0.9100746470324447,278437515600.7771,251,S5_twin_shock_imf_bailout,indonesia,USDC
214,0.9129315082518511,271083137484.39996,251,S5_twin_shock_imf_bailout,indonesia,USDC
215,0.8943823604290636,263981339669.37836,251,S5_twin_shock_imf_bailout,indonesia,USDC
216,0.8818855143962641,256961723538.62317,251,S5_twin_shock_imf_bailout,indonesia,USDC
217,0.8865780362301835,250094405896.89484,251,S5_twin_shock_imf_bailout,indonesia,USDC
218,0.8683142865739428,243439776544.81076,251,S5_twin_shock_imf_bailout,indonesia,USDC
219,0.8635259104962962,236913924278.30933,251,S5_twin_shock_imf_bailout,indonesia,USDC
220,0.8627091509151253,230576563253.88788,251,S5_twin_shock_imf_bailout,indonesia,USDC
221,0.8464984614074913,224421656558.0841,251,S5_twin_shock_imf_bailout,indonesia,USDC
222,0.8773367902841686,218427952159.6267,251,S5_twin_shock_imf_bailout,indonesia,USDC
223,0.8342954426673979,212709652505.88354,251,S5_twin_shock_imf_bailout,indonesia,USDC
224,0.8315289423419278,207063625539.14017,251,S5_twin_shock_imf_bailout,indonesia,USDC
225,0.7906530888322122,201583383859.94946,251,S5_twin_shock_imf_bailout,indonesia,USDC
226,0.8137174686798452,196205286789.58676,251,S5_twin_shock_imf_bailout,indonesia,USDC
227,0.7979915221825093,191058814386.08078,251,S5_twin_shock_imf_bailout,indonesia,USDC
228,0.7959190584344314,186067467405.3161,251,S5_twin_shock_imf_bailout,indonesia,USDC
229,0.7927748972647075,181234593533.00983,251,S5_twin_shock_imf_bailout,indonesia,USDC
230,0.7776559606655468,176550407693.68292,251,S5_twin_shock_imf_bailout,indonesia,USDC
231,0.7699202402254584,171998774463.2619,251,S5_twin_shock_imf_bailout,indonesia,USDC
232,0.7789655581149443,167575027979.0591,251,S5_twin_shock_imf_bailout,indonesia,USDC
233,0.7794145965679294,163293693386.6383,251,S5_twin_shock_imf_bailout,indonesia,USDC
234,0.7858758859303766,159140205410.88815,251,S5_twin_shock_imf_bailout,indonesia,USDC
235,0.8113445325233433,155104519795.2527,251,S5_twin_shock_imf_bailout,indonesia,USDC
236,0.8207872046308886,151185031963.80707,251,S5_twin_shock_imf_bailout,indonesia,USDC
237,0.830547483491636,147373800852.5063,251,S5_twin_shock_imf_bailout,indonesia,USDC
238,0.8118984268269701,143664807650.82306,251,S5_twin_shock_imf_bailout,indonesia,USDC
239,0.8363144061801225,140047452880.61523,251,S5_twin_shock_imf_bailout,indonesia,USDC
240,0.8090928792585773,136528427884.71045,251,S5_twin_shock_imf_bailout,indonesia,USDC
241,0.798543158467955,133096254032.16406,251,S5_twin_shock_imf_bailout,indonesia,USDC
242,0.8030924706974629,129752983324.89148,251,S5_twin_shock_imf_bailout,indonesia,USDC
243,0.8318208839764987,126495481185.48462,251,S5_twin_shock_imf_bailout,indonesia,USDC
244,0.8220880027442767,123323719209.04099,251,S5_twin_shock_imf_bailout,indonesia,USDC
245,0.8262930334348935,120232020495.39084,251,S5_twin_shock_imf_bailout,indonesia,USDC
246,0.8438748339439109,117219133856.75299,251,S5_twin_shock_imf_bailout,indonesia,USDC
247,0.8541546042978925,114283685611.22513,251,S5_twin_shock_imf_bailout,indonesia,USDC
248,0.8290918992583317,111422412028.88326,251,S5_twin_shock_imf_bailout,indonesia,USDC
249,0.8574958939497882,108632351541.04755,251,S5_twin_shock_imf_bailout,indonesia,USDC
250,0.8392571973981151,105913464661.95242,251,S5_twin_shock_imf_bailout,indonesia,USDC
251,0.8245700882199959,103262590192.08435,251,S5_twin_shock_imf_bailout,indonesia,USDC
252,0.8262774330972993,100678070140.17404,251,S5_twin_shock_imf_bailout,indonesia,USDC
253,0.8324126629478644,98158609580.7804,251,S5_twin_shock_imf_bailout,indonesia,USDC
254,0.8239786974511923,95702443998.49957,251,S5_twin_shock_imf_bailout,indonesia,USDC
255,0.8046120727255637,93307999696.20149,251,S5_twin_shock_imf_bailout,indonesia,USDC
256,0.8314001000604783,90973466129.30956,251,S5_twin_shock_imf_bailout,indonesia,USDC
257,0.8203931818908493,88697841807.84113,251,S5_twin_shock_imf_bailout,indonesia,USDC
258,0.8016492162154047,86479165317.43759,251,S5_twin_shock_imf_bailout,indonesia,USDC
259,0.7992025808913267,84315982354.75961,251,S5_twin_shock_imf_bailout,indonesia,USDC
260,0.8023643526964241,82207048590.75247,251,S5_twin_shock_imf_bailout,indonesia,USDC
261,0.7780654779767023,80151036047.4649,251,S5_twin_shock_imf_bailout,indonesia,USDC
262,0.789651419992015,78146482926.51309,251,S5_twin_shock_imf_bailout,indonesia,USDC
263,0.794183279396908,76192244626.5668,251,S5_twin_shock_imf_bailout,indonesia,USDC
264,0.7655498799142196,74286958273.5476,251,S5_twin_shock_imf_bailout,indonesia,USDC
265,0.7678810100151721,72429335854.78545,251,S5_twin_shock_imf_bailout,indonesia,USDC
266,0.7682401576490957,70618257491.41525,251,S5_twin_shock_imf_bailout,indonesia,USDC
267,0.7747505174306206,68852525789.14511,251,S5_twin_shock_imf_bailout,indonesia,USDC
268,0.7521956162486082,67130991108.60918,251,S5_twin_shock_imf_bailout,indonesia,USDC
269,0.7513937722483387,65452526514.28958,251,S5_twin_shock_imf_bailout,indonesia,USDC
270,0.762683688145913,63816066852.15161,251,S5_twin_shock_imf_bailout,indonesia,USDC
271,0.7763671017816159,62220555821.490364,251,S5_twin_shock_imf_bailout,indonesia,USDC
272,0.7703280949994448,60664957025.32129,251,S5_twin_shock_imf_bailout,indonesia,USDC
273,0.7687499569345885,59148265491.80476,251,S5_twin_shock_imf_bailout,indonesia,USDC
274,0.7667977274018037,57669501723.98358,251,S5_twin_shock_imf_bailout,indonesia,USDC
275,0.7921287983369814,56227719999.720856,251,S5_twin_shock_imf_bailout,indonesia,USDC
276,0.7918539159001051,54821995334.19678,251,S5_twin_shock_imf_bailout,indonesia,USDC
277,0.8074713702638535,53451418817.2878,251,S5_twin_shock_imf_bailout,indonesia,USDC
278,0.8432254248054918,52115113438.61864,251,S5_twin_shock_imf_bailout,indonesia,USDC
279,0.8455530745609315,50812222911.13583,251,S5_twin_shock_imf_bailout,indonesia,USDC
280,0.8381824152709946,49541906669.43677,251,S5_twin_shock_imf_bailout,indonesia,USDC
281,0.7989523842636151,48303348830.83033,251,S5_twin_shock_imf_bailout,indonesia,USDC
282,0.7934207749773151,47095753617.30076,251,S5_twin_shock_imf_bailout,indonesia,USDC
283,0.7699437066837095,45918349716.89353,251,S5_twin_shock_imf_bailout,indonesia,USDC
284,0.7625386008356817,44770381431.715065,251,S5_twin_shock_imf_bailout,indonesia,USDC
285,0.7593103696311769,43651114341.51978,251,S5_twin_shock_imf_bailout,indonesia,USDC
286,0.7515290238980549,42559830508.93791,251,S5_twin_shock_imf_bailout,indonesia,USDC
287,0.7478131642493614,41495829818.87335,251,S5_twin_shock_imf_bailout,indonesia,USDC
288,0.7689539158918993,40458430048.43911,251,S5_twin_shock_imf_bailout,indonesia,USDC
289,0.7813378163729313,39446966459.66389,251,S5_twin_shock_imf_bailout,indonesia,USDC
290,0.7737324722239023,38460790208.23422,251,S5_twin_shock_imf_bailout,indonesia,USDC
291,0.7749872586174025,37499268638.90738,251,S5_twin_shock_imf_bailout,indonesia,USDC
292,0.8016954406894504,36561785501.659775,251,S5_twin_shock_imf_bailout,indonesia,USDC
293,0.803678906831168,35647739829.035835,251,S5_twin_shock_imf_bailout,indonesia,USDC
294,0.785532438987435,34756545485.59742,251,S5_twin_shock_imf_bailout,indonesia,USDC
295,0.8025870967927035,33887631065.09059,251,S5_twin_shock_imf_bailout,indonesia,USDC
296,0.8076007711303776,33040439699.091618,251,S5_twin_shock_imf_bailout,indonesia,USDC
297,0.8021288724110808,32214428261.588493,251,S5_twin_shock_imf_bailout,indonesia,USDC
298,0.8011596107637344,31409067151.009735,251,S5_twin_shock_imf_bailout,indonesia,USDC
299,0.8093883294031973,30623840148.47218,251,S5_twin_shock_imf_bailout,indonesia,USDC
300,0.8282646048761686,29858243887.353294,251,S5_twin_shock_imf_bailout,indonesia,USDC
301,0.8288681351153091,29111787590.525536,251,S5_twin_shock_imf_bailout,indonesia,USDC
302,0.8078183150277451,28383992733.901756,251,S5_twin_shock_imf_bailout,indonesia,USDC
303,0.8077523634039634,27674392753.741837,251,S5_twin_shock_imf_bailout,indonesia,USDC
304,0.8273141380314087,26982532798.481606,251,S5_twin_shock_imf_bailout,indonesia,USDC
305,0.8214136913178401,26307969371.06181,251,S5_twin_shock_imf_bailout,indonesia,USDC
306,0.8377118451731959,25650270045.19155,251,S5_twin_shock_imf_bailout,indonesia,USDC
307,0.8052846154788059,25009013226.027023,251,S5_twin_shock_imf_bailout,indonesia,USDC
308,0.7956233369362308,24383787818.19862,251,S5_twin_shock_imf_bailout,indonesia,USDC
309,0.8074516504049187,23774193053.30757,251,S5_twin_shock_imf_bailout,indonesia,USDC
310,0.7851413371569138,23179838177.02902,251,S5_twin_shock_imf_bailout,indonesia,USDC
311,0.7752968972310412,22600342171.74465,251,S5_twin_shock_imf_bailout,indonesia,USDC
312,0.7755209625602942,22035333574.915062,251,S5_twin_shock_imf_bailout,indonesia,USDC
313,0.7695958676307306,21484450202.118664,251,S5_twin_shock_imf_bailout,indonesia,USDC
314,0.7918659705454364,20947338919.79437,251,S5_twin_shock_imf_bailout,indonesia,USDC
315,0.796127266350948,20423655427.298416,251,S5_twin_shock_imf_bailout,indonesia,USDC
316,0.7938595196002123,19913064024.895927,251,S5_twin_shock_imf_bailout,indonesia,USDC
317,0.8036161834027156,19415237411.185074,251,S5_twin_shock_imf_bailout,indonesia,USDC
318,0.794826653475412,18929856465.224785,251,S5_twin_shock_imf_bailout,indonesia,USDC
319,0.7591938102802006,18456610044.619335,251,S5_twin_shock_imf_bailout,indonesia,USDC
320,0.7775279345927807,17995194783.98202,251,S5_twin_shock_imf_bailout,indonesia,USDC
321,0.7587529702769655,17545314907.971382,251,S5_twin_shock_imf_bailout,indonesia,USDC
322,0.7515531847665821,17106682029.20023,251,S5_twin_shock_imf_bailout,indonesia,USDC
323,0.7627816765881249,16679014973.741957,251,S5_twin_shock_imf_bailout,indonesia,USDC
324,0.7379528102989277,16262039595.749542,251,S5_twin_shock_imf_bailout,indonesia,USDC
325,0.7491246824152789,15855488602.824055,251,S5_twin_shock_imf_bailout,indonesia,USDC
326,0.7469472268616449,15459101385.429083,251,S5_twin_shock_imf_bailout,indonesia,USDC
327,0.7643928011521425,15072623849.007051,251,S5_twin_shock_imf_bailout,indonesia,USDC
328,0.7618726580464706,14695808251.525148,251,S5_twin_shock_imf_bailout,indonesia,USDC
329,0.7806638338811771,14328413044.157219,251,S5_twin_shock_imf_bailout,indonesia,USDC
330,0.7963897174278277,13970202717.281754,251,S5_twin_shock_imf_bailout,indonesia,USDC
331,0.7777707811804211,13620947648.78034,251,S5_twin_shock_imf_bailout,indonesia,USDC
332,0.7802490592547514,13280423957.053429,251,S5_twin_shock_imf_bailout,indonesia,USDC
333,0.761106364623749,12948413357.71543,251,S5_twin_shock_imf_bailout,indonesia,USDC
334,0.766526012166523,12624703023.421917,251,S5_twin_shock_imf_bailout,indonesia,USDC
335,0.6688182606087654,12309085447.57099,251,S5_twin_shock_imf_bailout,indonesia,USDC
336,0.7061380136961583,12001358311.065773,251,S5_twin_shock_imf_bailout,indonesia,USDC
337,0.7163373150921094,11701324353.093697,251,S5_twin_shock_imf_bailout,indonesia,USDC
338,0.7103564618490327,11408791244.121365,251,S5_twin_shock_imf_bailout,indonesia,USDC
339,0.72112861847204,11123571462.912083,251,S5_twin_shock_imf_bailout,indonesia,USDC
340,0.7512652447786965,10845482176.261724,251,S5_twin_shock_imf_bailout,indonesia,USDC
341,0.7708102539099567,10574345121.804867,251,S5_twin_shock_imf_bailout,indonesia,USDC
342,0.7695353252883474,10309986493.722921,251,S5_twin_shock_imf_bailout,indonesia,USDC
343,0.7638287687542252,10052236831.348965,251,S5_twin_shock_imf_bailout,indonesia,USDC
344,0.7439386511592754,9800930910.540546,251,S5_twin_shock_imf_bailout,indonesia,USDC
345,0.7560051809321507,9555907637.755157,251,S5_twin_shock_imf_bailout,indonesia,USDC
346,0.7723273485027268,9317009946.79601,251,S5_twin_shock_imf_bailout,indonesia,USDC
347,0.7926958293521567,9084084698.115215,251,S5_twin_shock_imf_bailout,indonesia,USDC
348,0.782032229169256,8856982580.654116,251,S5_twin_shock_imf_bailout,indonesia,USDC
349,0.7828132444821326,8635558016.1309,251,S5_twin_shock_imf_bailout,indonesia,USDC
350,0.785343206628201,8419669065.721927,251,S5_twin_shock_imf_bailout,indonesia,USDC
351,0.7914794235337265,8209177339.074112,251,S5_twin_shock_imf_bailout,indonesia,USDC
352,0.7654800181707273,8003947905.593605,251,S5_twin_shock_imf_bailout,indonesia,USDC
353,0.7763570988837376,7803849207.950333,251,S5_twin_shock_imf_bailout,indonesia,USDC
354,0.7664481766621449,7608752977.749039,251,S5_twin_shock_imf_bailout,indonesia,USDC
355,0.7439946447576219,7418534153.3032055,251,S5_twin_shock_imf_bailout,indonesia,USDC
356,0.7499348393828438,7233070799.468708,251,S5_twin_shock_imf_bailout,indonesia,USDC
357,0.7552765499533444,7052244029.480486,251,S5_twin_shock_imf_bailout,indonesia,USDC
358,0.7636131522390838,6875937928.742406,251,S5_twin_shock_imf_bailout,indonesia,USDC
359,0.7584271735681405,6704039480.523001,251,S5_twin_shock_imf_bailout,indonesia,USDC
360,0.7818001315723813,6536438493.509226,251,S5_twin_shock_imf_bailout,indonesia,USDC
361,0.7760932801511584,6373027531.171028,251,S5_twin_shock_imf_bailout,indonesia,USDC
362,0.7643762454101211,6213701842.891353,251,S5_twin_shock_imf_bailout,indonesia,USDC
363,0.7690695756539718,6058359296.818733,251,S5_twin_shock_imf_bailout,indonesia,USDC
364,0.7708604517084454,5906900314.398,251,S5_twin_shock_imf_bailout,indonesia,USDC
365,0.7745265969181478,5759227806.537836,251,S5_twin_shock_imf_bailout,indonesia,USDC
366,0.7557259359496942,5615247111.374233,251,S5_twin_shock_imf_bailout,indonesia,USDC
367,0.7587370831020483,5474865933.589729,251,S5_twin_shock_imf_bailout,indonesia,USDC
368,0.7453696673127603,5337994285.249879,251,S5_twin_shock_imf_bailout,indonesia,USDC
369,0.7636529223829942,5204544428.118536,251,S5_twin_shock_imf_bailout,indonesia,USDC
370,0.7708539501696758,5074430817.415508,251,S5_twin_shock_imf_bailout,indonesia,USDC
371,0.7799273094457888,4947570046.98007,251,S5_twin_shock_imf_bailout,indonesia,USDC
372,0.80817039338255,4823880795.805531,251,S5_twin_shock_imf_bailout,indonesia,USDC
373,0.8088631590441266,4703283775.910365,251,S5_twin_shock_imf_bailout,indonesia,USDC
374,0.8159365979747493,4585701681.512583,251,S5_twin_shock_imf_bailout,indonesia,USDC
375,0.8110826089841399,4471059139.4747505,251,S5_twin_shock_imf_bailout,indonesia,USDC
376,0.8097067636243271,4359282660.987866,251,S5_twin_shock_imf_bailout,indonesia,USDC
377,0.8115465865480641,4250300594.463156,251,S5_twin_shock_imf_bailout,indonesia,USDC
378,0.8374144554192647,4144043079.6015663,251,S5_twin_shock_imf_bailout,indonesia,USDC
379,0.8233367185986723,4040442002.61152,251,S5_twin_shock_imf_bailout,indonesia,USDC
380,0.8288848527694486,3939430952.5462246,251,S5_twin_shock_imf_bailout,indonesia,USDC
381,0.8304205412420235,3840945178.7325625,251,S5_twin_shock_imf_bailout,indonesia,USDC
382,0.8275879964498415,3744921549.264244,251,S5_twin_shock_imf_bailout,indonesia,USDC
383,0.8121567463862811,3651298510.5326333,251,S5_twin_shock_imf_bailout,indonesia,USDC
384,0.8209004150818666,3560016047.7693133,251,S5_twin_shock_imf_bailout,indonesia,USDC
385,0.7966213836494751,3471015646.575077,251,S5_twin_shock_imf_bailout,indonesia,USDC
386,0.7829845796921706,3384240255.410697,251,S5_twin_shock_imf_bailout,indonesia,USDC
387,0.8081360565392789,3299634249.025427,251,S5_twin_shock_imf_bailout,indonesia,USDC
388,0.8162942598796548,3217143392.7997885,251,S5_twin_shock_imf_bailout,indonesia,USDC
389,0.8057086018516458,3136714807.9797926,251,S5_twin_shock_imf_bailout,indonesia,USDC
390,0.8341617343613468,3058296937.7802963,251,S5_twin_shock_imf_bailout,indonesia,USDC
391,0.8169621955663784,2981839514.335788,251,S5_twin_shock_imf_bailout,indonesia,USDC
392,0.7982720519779635,2907293526.477392,251,S5_twin_shock_imf_bailout,indonesia,USDC
393,0.7845240967814548,2834611188.3154564,251,S5_twin_shock_imf_bailout,indonesia,USDC
394,0.8169557013728115,2763745908.6075687,251,S5_twin_shock_imf_bailout,indonesia,USDC
395,0.8060925324488326,2694652260.8923793,251,S5_twin_shock_imf_bailout,indonesia,USDC
396,0.7961129882027259,2627285954.3700695,251,S5_twin_shock_imf_bailout,indonesia,USDC
397,0.801084918129957,2561603805.5108175,251,S5_twin_shock_imf_bailout,indonesia,USDC
398,0.8264039987687606,2497563710.3730464,251,S5_twin_shock_imf_bailout,indonesia,USDC
399,0.8302087775930413,2435124617.61372,251,S5_twin_shock_imf_bailout,indonesia,USDC
400,0.819821304599889,2374246502.1733766,251,S5_twin_shock_imf_bailout,indonesia,USDC
401,0.8115154812549439,2314890339.6190414,251,S5_twin_shock_imf_bailout,indonesia,USDC
402,0.8132978916976573,2257018081.1285653,251,S5_twin_shock_imf_bailout,indonesia,USDC
403,0.7982429767439271,2200592629.1003513,251,S5_twin_shock_imf_bailout,indonesia,USDC
404,0.7990531301149028,2145577813.3728423,251,S5_twin_shock_imf_bailout,indonesia,USDC
405,0.7611377155011467,2091938368.0385213,251,S5_twin_shock_imf_bailout,indonesia,USDC
406,0.7572551795431391,2039639908.8375583,251,S5_twin_shock_imf_bailout,indonesia,USDC
407,0.7578610822596178,1988648911.1166196,251,S5_twin_shock_imf_bailout,indonesia,USDC
408,0.7809797687244462,1938932688.338704,251,S5_twin_shock_imf_bailout,indonesia,USDC
409,0.7614689352652954,1890459371.1302361,251,S5_twin_shock_imf_bailout,indonesia,USDC
410,0.7656430858620707,1843197886.8519802,251,S5_twin_shock_imf_bailout,indonesia,USDC
411,0.7468963675054506,1797117939.6806808,251,S5_twin_shock_imf_bailout,indonesia,USDC
412,0.7356428407112788,1752189991.1886637,251,S5_twin_shock_imf_bailout,indonesia,USDC
413,0.7690057618211232,1708385241.4089472,251,S5_twin_shock_imf_bailout,indonesia,USDC
414,0.763234574574816,1665675610.3737235,251,S5_twin_shock_imf_bailout,indonesia,USDC
415,0.7725121513094038,1624033720.1143806,251,S5_twin_shock_imf_bailout,indonesia,USDC
416,0.7585642503581875,1583432877.111521,251,S5_twin_shock_imf_bailout,indonesia,USDC
417,0.7629152449454409,1543847055.183733,251,S5_twin_shock_imf_bailout,indonesia,USDC
418,0.7836399987972197,1505250878.8041396,251,S5_twin_shock_imf_bailout,indonesia,USDC
419,0.7930819559368956,1467619606.8340364,251,S5_twin_shock_imf_bailout,indonesia,USDC
420,0.7828828088072355,1430929116.6631854,251,S5_twin_shock_imf_bailout,indonesia,USDC
421,0.8099951667877732,1395155888.7466056,251,S5_twin_shock_imf_bailout,indonesia,USDC
422,0.7866951331130773,1360276991.5279408,251,S5_twin_shock_imf_bailout,indonesia,USDC
423,0.8017432108998211,1326270066.739742,251,S5_twin_shock_imf_bailout,indonesia,USDC
424,0.7885615197769293,1293113315.0712485,251,S5_twin_shock_imf_bailout,indonesia,USDC
425,0.7871694628624715,1260785482.1944673,251,S5_twin_shock_imf_bailout,indonesia,USDC
426,0.8023544200370631,1229265845.1396055,251,S5_twin_shock_imf_bailout,indonesia,USDC
427,0.8075968311179209,1198534199.0111156,251,S5_twin_shock_imf_bailout,indonesia,USDC
428,0.8090598444866262,1168570844.0358377,251,S5_twin_shock_imf_bailout,indonesia,USDC
429,0.8034501789769994,1139356572.9349415,251,S5_twin_shock_imf_bailout,indonesia,USDC
430,0.7897648654091579,1110872658.611568,251,S5_twin_shock_imf_bailout,indonesia,USDC
431,0.7722180397672305,1083100842.1462789,251,S5_twin_shock_imf_bailout,indonesia,USDC
432,0.7662684962096922,1056023321.092622,251,S5_twin_shock_imf_bailout,indonesia,USDC
433,0.7807633572996016,1029622738.0653063,251,S5_twin_shock_imf_bailout,indonesia,USDC
434,0.7426357742992189,1003882169.6136737,251,S5_twin_shock_imf_bailout,indonesia,USDC
435,0.7346635741307469,978785115.3733318,251,S5_twin_shock_imf_bailout,indonesia,USDC
436,0.7554767000647435,954315487.4889985,251,S5_twin_shock_imf_bailout,indonesia,USDC
437,0.7649344613174626,930457600.3017735,251,S5_twin_shock_imf_bailout,indonesia,USDC
438,0.7950312654029885,907196160.294229,251,S5_twin_shock_imf_bailout,indonesia,USDC
439,0.786747698870731,884516256.2868735,251,S5_twin_shock_imf_bailout,indonesia,USDC
440,0.826724155426726,862403349.8797016,251,S5_twin_shock_imf_bailout,indonesia,USDC
441,0.8361750124979874,840843266.132709,251,S5_twin_shock_imf_bailout,indonesia,USDC
442,0.8398546821339379,819822184.4793913,251,S5_twin_shock_imf_bailout,indonesia,USDC
443,0.8542534717409673,799326629.8674066,251,S5_twin_shock_imf_bailout,indonesia,USDC
444,0.8566337925182188,779343464.1207213,251,S5_twin_shock_imf_bailout,indonesia,USDC
445,0.8270073896006023,759859877.5177033,251,S5_twin_shock_imf_bailout,indonesia,USDC
446,0.8333726630523522,740863380.5797608,251,S5_twin_shock_imf_bailout,indonesia,USDC
447,0.8218715894161631,722341796.0652667,251,S5_twin_shock_imf_bailout,indonesia,USDC
448,0.8439136879965258,704283251.1636351,251,S5_twin_shock_imf_bailout,indonesia,USDC
449,0.8472639251690607,686676169.8845443,251,S5_twin_shock_imf_bailout,indonesia,USDC
450,0.8190250333718492,669509265.6374307,251,S5_twin_shock_imf_bailout,indonesia,USDC
451,0.7932397778775319,652771533.9964949,251,S5_twin_shock_imf_bailout,indonesia,USDC
452,0.773880814258974,636452245.6465825,251,S5_twin_shock_imf_bailout,indonesia,USDC
453,0.774451270776371,620540939.505418,251,S5_twin_shock_imf_bailout,indonesia,USDC
454,0.7630962364422691,605027416.0177824,251,S5_twin_shock_imf_bailout,indonesia,USDC
455,0.7730851619507196,589901730.617338,251,S5_twin_shock_imf_bailout,indonesia,USDC
456,0.7735984884087411,575154187.3519044,251,S5_twin_shock_imf_bailout,indonesia,USDC
457,0.7765517141559545,560775332.6681069,251,S5_twin_shock_imf_bailout,indonesia,USDC
458,0.7670815909564507,546755949.3514042,251,S5_twin_shock_imf_bailout,indonesia,USDC
459,0.7505758236380531,533087050.6176191,251,S5_twin_shock_imf_bailout,indonesia,USDC
460,0.7632881269924565,519759874.3521787,251,S5_twin_shock_imf_bailout,indonesia,USDC
461,0.7469462239503853,506765877.4933741,251,S5_twin_shock_imf_bailout,indonesia,USDC
462,0.7761065282328805,494096730.5560398,251,S5_twin_shock_imf_bailout,indonesia,USDC
463,0.7644839532729844,481744312.2921388,251,S5_twin_shock_imf_bailout,indonesia,USDC
464,0.7843539677437684,469700704.4848354,251,S5_twin_shock_imf_bailout,indonesia,USDC
465,0.7519513934704857,457958186.87271446,251,S5_twin_shock_imf_bailout,indonesia,USDC
466,0.7594724350035108,446509232.2008966,251,S5_twin_shock_imf_bailout,indonesia,USDC
467,0.7433560847046784,435346501.3958742,251,S5_twin_shock_imf_bailout,indonesia,USDC
468,0.741362170001566,424462838.8609773,251,S5_twin_shock_imf_bailout,indonesia,USDC
469,0.7529055639616639,413851267.88945293,251,S5_twin_shock_imf_bailout,indonesia,USDC
470,0.7596778539946089,403504986.1922165,251,S5_twin_shock_imf_bailout,indonesia,USDC
471,0.7774255786969466,393417361.53741115,251,S5_twin_shock_imf_bailout,indonesia,USDC
472,0.8107983208432695,383581927.4989759,251,S5_twin_shock_imf_bailout,indonesia,USDC
473,0.8359096976675978,373992379.3115015,251,S5_twin_shock_imf_bailout,indonesia,USDC
474,0.8558305022166982,364642569.82871395,251,S5_twin_shock_imf_bailout,indonesia,USDC
475,0.8370164959307472,355526505.5829961,251,S5_twin_shock_imf_bailout,indonesia,USDC
476,0.8538552066115012,346638342.9434212,251,S5_twin_shock_imf_bailout,indonesia,USDC
477,0.8626457756612539,337972384.3698357,251,S5_twin_shock_imf_bailout,indonesia,USDC
478,0.8622094784697837,329523074.7605898,251,S5_twin_shock_imf_bailout,indonesia,USDC
479,0.8433439918919876,321284997.89157504,251,S5_twin_shock_imf_bailout,indonesia,USDC
480,0.8374107520876313,313252872.94428563,251,S5_twin_shock_imf_bailout,indonesia,USDC
481,0.8590222034744136,305421551.1206785,251,S5_twin_shock_imf_bailout,indonesia,USDC
482,0.8692887725161781,297786012.34266156,251,S5_twin_shock_imf_bailout,indonesia,USDC
483,0.836811654861381,290341362.03409505,251,S5_twin_shock_imf_bailout,indonesia,USDC
484,0.8349606467118125,283082827.98324263,251,S5_twin_shock_imf_bailout,indonesia,USDC
485,0.858878969942788,276005757.2836616,251,S5_twin_shock_imf_bailout,indonesia,USDC
486,0.8446882489570101,269105613.35157007,251,S5_twin_shock_imf_bailout,indonesia,USDC
487,0.8449903680644293,262377973.0177808,251,S5_twin_shock_imf_bailout,indonesia,USDC
488,0.8289636395194248,255818523.69233626,251,S5_twin_shock_imf_bailout,indonesia,USDC
489,0.8027727805912228,249423060.60002786,251,S5_twin_shock_imf_bailout,indonesia,USDC
490,0.81934727950664,243187484.08502716,251,S5_twin_shock_imf_bailout,indonesia,USDC
491,0.828932057079498,237107796.98290145,251,S5_twin_shock_imf_bailout,indonesia,USDC
492,0.8053023997174906,231180102.05832896,251,S5_twin_shock_imf_bailout,indonesia,USDC
493,0.8327627210086234,225400599.50687075,251,S5_twin_shock_imf_bailout,indonesia,USDC
494,0.8564782812371122,219765584.51919892,251,S5_twin_shock_imf_bailout,indonesia,USDC
495,0.8145841231153745,214271444.90621895,251,S5_twin_shock_imf_bailout,indonesia,USDC
496,0.8295857741383892,208914658.78356346,251,S5_twin_shock_imf_bailout,indonesia,USDC
497,0.8169999242495808,203691792.31397438,251,S5_twin_shock_imf_bailout,indonesia,USDC
498,0.7919218689041503,198599497.50612503,251,S5_twin_shock_imf_bailout,indonesia,USDC
499,0.7815391290137773,193634510.0684719,251,S5_twin_shock_imf_bailout,indonesia,USDC
500,0.7684424809671514,188793647.3167601,251,S5_twin_shock_imf_bailout,indonesia,USDC
501,0.7799001607080037,184073806.1338411,251,S5_twin_shock_imf_bailout,indonesia,USDC
502,0.7566123297827828,179471960.98049507,251,S5_twin_shock_imf_bailout,indonesia,USDC
503,0.7681324189113615,174985161.95598269,251,S5_twin_shock_imf_bailout,indonesia,USDC
504,0.7499293661999719,170610532.90708312,251,S5_twin_shock_imf_bailout,indonesia,USDC
505,0.7565226798222788,166345269.58440605,251,S5_twin_shock_imf_bailout,indonesia,USDC
506,0.7617263572320327,162186637.84479588,251,S5_twin_shock_imf_bailout,indonesia,USDC
507,0.7548250590619572,158131971.89867598,251,S5_twin_shock_imf_bailout,indonesia,USDC
508,0.7777802158225833,154178672.60120907,251,S5_twin_shock_imf_bailout,indonesia,USDC
509,0.7685513259258598,150324205.78617886,251,S5_twin_shock_imf_bailout,indonesia,USDC
510,0.7974053300729602,146566100.6415244,251,S5_twin_shock_imf_bailout,indonesia,USDC
511,0.8100503233870496,142901948.12548628,251,S5_twin_shock_imf_bailout,indonesia,USDC
512,0.7946764314925018,139329399.42234913,251,S5_twin_shock_imf_bailout,indonesia,USDC
513,0.8121331729328394,135846164.4367904,251,S5_twin_shock_imf_bailout,indonesia,USDC
514,0.8388400191120798,132450010.32587063,251,S5_twin_shock_imf_bailout,indonesia,USDC
515,0.8374919454974188,129138760.06772387,251,S5_twin_shock_imf_bailout,indonesia,USDC
516,0.8306028422678259,125910291.06603077,251,S5_twin_shock_imf_bailout,indonesia,USDC
517,0.8487591286487668,122762533.78938,251,S5_twin_shock_imf_bailout,indonesia,USDC
518,0.8326514012060814,119693470.4446455,251,S5_twin_shock_imf_bailout,indonesia,USDC
519,0.8157235852551492,116701133.68352936,251,S5_twin_shock_imf_bailout,indonesia,USDC
520,0.8182508944117578,113783605.34144112,251,S5_twin_shock_imf_bailout,indonesia,USDC
521,0.8494153873412758,110939015.2079051,251,S5_twin_shock_imf_bailout,indonesia,USDC
522,0.8314178388905682,108165539.82770748,251,S5_twin_shock_imf_bailout,indonesia,USDC
523,0.838525836520512,105461401.3320148,251,S5_twin_shock_imf_bailout,indonesia,USDC
524,0.8459573206308547,102824866.29871441,251,S5_twin_shock_imf_bailout,indonesia,USDC
525,0.8378633292684486,100254244.64124656,251,S5_twin_shock_imf_bailout,indonesia,USDC
526,0.8523089707870327,97747888.5252154,251,S5_twin_shock_imf_bailout,indonesia,USDC
527,0.8514092050184185,95304191.312085,251,S5_twin_shock_imf_bailout,indonesia,USDC
528,0.8264846488651658,92921586.52928288,251,S5_twin_shock_imf_bailout,indonesia,USDC
529,0.8333719497949676,90598546.86605081,251,S5_twin_shock_imf_bailout,indonesia,USDC
530,0.8163635483209453,88333583.19439954,251,S5_twin_shock_imf_bailout,indonesia,USDC
531,0.8130615661311852,86125243.61453955,251,S5_twin_shock_imf_bailout,indonesia,USDC
532,0.8183799179993911,83972112.52417606,251,S5_twin_shock_imf_bailout,indonesia,USDC
533,0.8089377860231248,81872809.71107167,251,S5_twin_shock_imf_bailout,indonesia,USDC
534,0.8067088670782757,79825989.46829487,251,S5_twin_shock_imf_bailout,indonesia,USDC
535,0.8192234600650691,77830339.7315875,251,S5_twin_shock_imf_bailout,indonesia,USDC
536,0.7921071645910553,75884581.2382978,251,S5_twin_shock_imf_bailout,indonesia,USDC
537,0.8071794788898263,73987466.70734036,251,S5_twin_shock_imf_bailout,indonesia,USDC
538,0.8084060559239554,72137780.03965685,251,S5_twin_shock_imf_bailout,indonesia,USDC
539,0.8157932206259448,70334335.53866543,251,S5_twin_shock_imf_bailout,indonesia,USDC
540,0.8245427390762703,68575977.15019879,251,S5_twin_shock_imf_bailout,indonesia,USDC
541,0.8254634428575285,66861577.72144383,251,S5_twin_shock_imf_bailout,indonesia,USDC
542,0.8172894462381474,65190038.27840774,251,S5_twin_shock_imf_bailout,indonesia,USDC
543,0.8331958461620784,63560287.32144754,251,S5_twin_shock_imf_bailout,indonesia,USDC
544,0.8126967657143478,61971280.13841136,251,S5_twin_shock_imf_bailout,indonesia,USDC
545,0.8263386375385505,60421998.13495108,251,S5_twin_shock_imf_bailout,indonesia,USDC
546,0.8373208155765053,58911448.181577295,251,S5_twin_shock_imf_bailout,indonesia,USDC
547,0.8460577874929979,57438661.97703786,251,S5_twin_shock_imf_bailout,indonesia,USDC
548,0.8319693928128944,56002695.42761192,251,S5_twin_shock_imf_bailout,indonesia,USDC
549,0.8587612334610435,54602628.041921616,251,S5_twin_shock_imf_bailout,indonesia,USDC
550,0.8460531414178749,53237562.340873584,251,S5_twin_shock_imf_bailout,indonesia,USDC
551,0.8647832784236635,51906623.28235174,251,S5_twin_shock_imf_bailout,indonesia,USDC
552,0.8507308120935052,50608957.700292945,251,S5_twin_shock_imf_bailout,indonesia,USDC
553,0.8663628624947912,49343733.757785626,251,S5_twin_shock_imf_bailout,indonesia,USDC
554,0.8608049975049323,48110140.41384098,251,S5_twin_shock_imf_bailout,indonesia,USDC
555,0.9014953841418606,46907386.90349496,251,S5_twin_shock_imf_bailout,indonesia,USDC
556,0.8986639246204295,45734702.23090758,251,S5_twin_shock_imf_bailout,indonesia,USDC
557,0.8740233474733433,44591334.6751349,251,S5_twin_shock_imf_bailout,indonesia,USDC
558,0.8582117861235422,43476551.30825652,251,S5_twin_shock_imf_bailout,indonesia,USDC
559,0.849431957207582,42389637.52555011,251,S5_twin_shock_imf_bailout,indonesia,USDC
560,0.8175000851413048,41329896.58741135,251,S5_twin_shock_imf_bailout,indonesia,USDC
561,0.8313265757993895,40296649.172726065,251,S5_twin_shock_imf_bailout,indonesia,USDC
562,0.8356113035390191,39289232.94340792,251,S5_twin_shock_imf_bailout,indonesia,USDC
563,0.8362906455594308,38307002.11982272,251,S5_twin_shock_imf_bailout,indonesia,USDC
564,0.8241025618367787,37349327.06682715,251,S5_twin_shock_imf_bailout,indonesia,USDC
565,0.8041053247641423,36415593.89015648,251,S5_twin_shock_imf_bailout,indonesia,USDC
566,0.8184581719096935,35505204.04290256,251,S5_twin_shock_imf_bailout,indonesia,USDC
567,0.783491744132261,34617573.941829994,251,S5_twin_shock_imf_bailout,indonesia,USDC
568,0.7788294498812782,33752134.59328425,251,S5_twin_shock_imf_bailout,indonesia,USDC
569,0.7679837864435003,32908331.228452146,251,S5_twin_shock_imf_bailout,indonesia,USDC
570,0.7749633224357096,32085622.947740838,251,S5_twin_shock_imf_bailout,indonesia,USDC
571,0.743316870428706,31283482.37404732,251,S5_twin_shock_imf_bailout,indonesia,USDC
572,0.7648967493267456,30501395.314696137,251,S5_twin_shock_imf_bailout,indonesia,USDC
573,0.7740851764153436,29738860.43182873,251,S5_twin_shock_imf_bailout,indonesia,USDC
574,0.7768862957148254,28995388.921033014,251,S5_twin_shock_imf_bailout,indonesia,USDC
575,0.7723081789127478,28270504.19800719,251,S5_twin_shock_imf_bailout,indonesia,USDC
576,0.7763343403241336,27563741.593057007,251,S5_twin_shock_imf_bailout,indonesia,USDC
577,0.7891519208586855,26874648.053230584,251,S5_twin_shock_imf_bailout,indonesia,USDC
578,0.800927209587559,26202781.85189982,251,S5_twin_shock_imf_bailout,indonesia,USDC
579,0.7836828533212699,25547712.305602327,251,S5_twin_shock_imf_bailout,indonesia,USDC
580,0.7912439587131791,24909019.497962266,251,S5_twin_shock_imf_bailout,indonesia,USDC
581,0.771412070021559,24286294.01051321,251,S5_twin_shock_imf_bailout,indonesia,USDC
582,0.776662064948346,23679136.66025038,251,S5_twin_shock_imf_bailout,indonesia,USDC
583,0.7824489975526534,23087158.24374412,251,S5_twin_shock_imf_bailout,indonesia,USDC
584,0.7643768117261366,22509979.287650518,251,S5_twin_shock_imf_bailout,indonesia,USDC
585,0.7669244355161684,21947229.805459253,251,S5_twin_shock_imf_bailout,indonesia,USDC
586,0.6914961364792409,21398549.060322773,251,S5_twin_shock_imf_bailout,indonesia,USDC
587,0.6998880031092458,20863585.333814703,251,S5_twin_shock_imf_bailout,indonesia,USDC
588,0.7121431131035025,20341995.700469334,251,S5_twin_shock_imf_bailout,indonesia,USDC
589,0.7268786706947215,19833445.8079576,251,S5_twin_shock_imf_bailout,indonesia,USDC
590,0.7376228383225135,19337609.662758663,251,S5_twin_shock_imf_bailout,indonesia,USDC
591,0.725676960938286,18854169.421189692,251,S5_twin_shock_imf_bailout,indonesia,USDC
592,0.7493573316364263,18382815.185659952,251,S5_twin_shock_imf_bailout,indonesia,USDC
593,0.7857443919151982,17923244.806018453,251,S5_twin_shock_imf_bailout,indonesia,USDC
594,0.7674882796026246,17475163.68586799,251,S5_twin_shock_imf_bailout,indonesia,USDC
595,0.7536309832985808,17038284.59372129,251,S5_twin_shock_imf_bailout,indonesia,USDC
596,0.8011905817944901,16612327.47887826,251,S5_twin_shock_imf_bailout,indonesia,USDC
597,0.8174750460429958,16197019.291906305,251,S5_twin_shock_imf_bailout,indonesia,USDC
598,0.830262049410827,15792093.809608644,251,S5_twin_shock_imf_bailout,indonesia,USDC
599,0.8317560984997184,15397291.464368429,251,S5_twin_shock_imf_bailout,indonesia,USDC
600,0.8190870689146958,15012359.177759219,251,S5_twin_shock_imf_bailout,indonesia,USDC
601,0.8183188685227758,14637050.198315237,251,S5_twin_shock_imf_bailout,indonesia,USDC
602,0.785626817256641,14271123.943357356,251,S5_twin_shock_imf_bailout,indonesia,USDC
603,0.7978527228395753,13914345.844773423,251,S5_twin_shock_imf_bailout,indonesia,USDC
604,0.7783413359192579,13566487.198654085,251,S5_twin_shock_imf_bailout,indonesia,USDC
605,0.7990740768447948,13227325.018687733,251,S5_twin_shock_imf_bailout,indonesia,USDC
606,0.7998208662668229,12896641.89322054,251,S5_twin_shock_imf_bailout,indonesia,USDC
607,0.8009406276531705,12574225.845890028,251,S5_twin_shock_imf_bailout,indonesia,USDC
608,0.8021174382719912,12259870.199742777,251,S5_twin_shock_imf_bailout,indonesia,USDC
609,0.7739056618890225,11953373.44474921,251,S5_twin_shock_imf_bailout,indonesia,USDC
610,0.7923501539340316,11654539.108630478,251,S5_twin_shock_imf_bailout,indonesia,USDC
611,0.783849301310641,11363175.630914716,251,S5_twin_shock_imf_bailout,indonesia,USDC
612,0.7889953141578977,11079096.240141848,251,S5_twin_shock_imf_bailout,indonesia,USDC
613,0.795666744676717,10802118.8341383,251,S5_twin_shock_imf_bailout,indonesia,USDC
614,0.7962476959540701,10532065.863284845,251,S5_twin_shock_imf_bailout,indonesia,USDC
615,0.8191905348405846,10268764.216702724,251,S5_twin_shock_imf_bailout,indonesia,USDC
616,0.7979399891742301,10012045.111285154,251,S5_twin_shock_imf_bailout,indonesia,USDC
617,0.785888248644452,9761743.983503027,251,S5_twin_shock_imf_bailout,indonesia,USDC
618,0.8011109016970874,9517700.38391545,251,S5_twin_shock_imf_bailout,indonesia,USDC
619,0.7921285460710771,9279757.874317564,251,S5_twin_shock_imf_bailout,indonesia,USDC
620,0.8020281762892371,9047763.927459624,251,S5_twin_shock_imf_bailout,indonesia,USDC
621,0.6603724692389582,8821569.829273133,251,S5_twin_shock_imf_bailout,indonesia,USDC
622,0.7058517997464027,8601030.583541306,251,S5_twin_shock_imf_bailout,indonesia,USDC
623,0.7034303592694434,8386004.818952773,251,S5_twin_shock_imf_bailout,indonesia,USDC
624,0.7082156122956662,8176354.698478954,251,S5_twin_shock_imf_bailout,indonesia,USDC
625,0.7162963886112355,7971945.83101698,251,S5_twin_shock_imf_bailout,indonesia,USDC
626,0.7311625008397831,7772647.185241556,251,S5_twin_shock_imf_bailout,indonesia,USDC
627,0.7240692623505471,7578331.005610516,251,S5_twin_shock_imf_bailout,indonesia,USDC
628,0.7228393494741022,7388872.730470253,251,S5_twin_shock_imf_bailout,indonesia,USDC
629,0.7213541399778564,7204150.9122084975,251,S5_twin_shock_imf_bailout,indonesia,USDC
630,0.7288622907501614,7024047.139403285,251,S5_twin_shock_imf_bailout,indonesia,USDC
631,0.7304741213708332,6848445.960918203,251,S5_twin_shock_imf_bailout,indonesia,USDC
632,0.7414323921678623,6677234.811895248,251,S5_twin_shock_imf_bailout,indonesia,USDC
633,0.7192719794822313,6510303.941597867,251,S5_twin_shock_imf_bailout,indonesia,USDC
634,0.7466763876774307,6347546.343057921,251,S5_twin_shock_imf_bailout,indonesia,USDC
635,0.7383201908767231,6188857.684481472,251,S5_twin_shock_imf_bailout,indonesia,USDC
636,0.7338591866478801,6034136.242369436,251,S5_twin_shock_imf_bailout,indonesia,USDC
637,0.741100704775975,5883282.836310199,251,S5_twin_shock_imf_bailout,indonesia,USDC
638,0.7441030329375339,5736200.765402444,251,S5_twin_shock_imf_bailout,indonesia,USDC
639,0.7574583894820665,5592795.746267384,251,S5_twin_shock_imf_bailout,indonesia,USDC
640,0.7654478965163248,5452975.852610699,251,S5_twin_shock_imf_bailout,indonesia,USDC
641,0.7547305174273902,5316651.456295432,251,S5_twin_shock_imf_bailout,indonesia,USDC
642,0.7701539901342418,5183735.169888046,251,S5_twin_shock_imf_bailout,indonesia,USDC
643,0.7829949512763087,5054141.790640844,251,S5_twin_shock_imf_bailout,indonesia,USDC
644,0.7853763951022485,4927788.245874823,251,S5_twin_shock_imf_bailout,indonesia,USDC
645,0.7872981779699414,4804593.539727953,251,S5_twin_shock_imf_bailout,indonesia,USDC
646,0.7954557530988411,4684478.701234754,251,S5_twin_shock_imf_bailout,indonesia,USDC
647,0.8003935034922981,4567366.733703885,251,S5_twin_shock_imf_bailout,indonesia,USDC
648,0.8062148124999362,4453182.565361287,251,S5_twin_shock_imf_bailout,indonesia,USDC
649,0.7770529489362176,4341853.001227256,251,S5_twin_shock_imf_bailout,indonesia,USDC
650,0.7722103348640761,4233306.676196574,251,S5_twin_shock_imf_bailout,indonesia,USDC
651,0.766432353423289,4127474.0092916596,251,S5_twin_shock_imf_bailout,indonesia,USDC
652,0.7742741032066962,4024287.159059368,251,S5_twin_shock_imf_bailout,indonesia,USDC
653,0.7861416308471525,3923679.980082884,251,S5_twin_shock_imf_bailout,indonesia,USDC
654,0.7837702570382754,3825587.9805808123,251,S5_twin_shock_imf_bailout,indonesia,USDC
655,0.7651626326990757,3729948.281066292,251,S5_twin_shock_imf_bailout,indonesia,USDC
656,0.7733365872364453,3636699.5740396343,251,S5_twin_shock_imf_bailout,indonesia,USDC
657,0.770646007795166,3545782.084688644,251,S5_twin_shock_imf_bailout,indonesia,USDC
658,0.7727791629569822,3457137.5325714275,251,S5_twin_shock_imf_bailout,indonesia,USDC
659,0.7891561783438334,3370709.0942571415,251,S5_twin_shock_imf_bailout,indonesia,USDC
660,0.7825208313417075,3286441.366900713,251,S5_twin_shock_imf_bailout,indonesia,USDC
661,0.7830635012974879,3204280.332728195,251,S5_twin_shock_imf_bailout,indonesia,USDC
662,0.7820846582915445,3124173.3244099906,251,S5_twin_shock_imf_bailout,indonesia,USDC
663,0.8175879631395746,3046068.991299741,251,S5_twin_shock_imf_bailout,indonesia,USDC
664,0.797036477998481,2969917.266517247,251,S5_twin_shock_imf_bailout,indonesia,USDC
665,0.7949656871829456,2895669.334854316,251,S5_twin_shock_imf_bailout,indonesia,USDC
666,0.786462583409603,2823277.6014829576,251,S5_twin_shock_imf_bailout,indonesia,USDC
667,0.7983927451035593,2752695.661445884,251,S5_twin_shock_imf_bailout,indonesia,USDC
668,0.7746703062321731,2683878.2699097367,251,S5_twin_shock_imf_bailout,indonesia,USDC
669,0.7691212021987862,2616781.3131619934,251,S5_twin_shock_imf_bailout,indonesia,USDC
670,0.7556184116402509,2551361.7803329434,251,S5_twin_shock_imf_bailout,indonesia,USDC
671,0.759620568342428,2487577.73582462,251,S5_twin_shock_imf_bailout,indonesia,USDC
672,0.7791461684119073,2425388.2924290043,251,S5_twin_shock_imf_bailout,indonesia,USDC
673,0.7802229808703837,2364753.5851182793,251,S5_twin_shock_imf_bailout,indonesia,USDC
674,0.7782587693586417,2305634.7454903224,251,S5_twin_shock_imf_bailout,indonesia,USDC
675,0.79730128612383,2247993.876853064,251,S5_twin_shock_imf_bailout,indonesia,USDC
676,0.7906190274570735,2191794.029931738,251,S5_twin_shock_imf_bailout,indonesia,USDC
677,0.8389395806240197,2136999.1791834445,251,S5_twin_shock_imf_bailout,indonesia,USDC
678,0.8336827941343029,2083574.1997038582,251,S5_twin_shock_imf_bailout,indonesia,USDC
679,0.856683664406536,2031484.8447112618,251,S5_twin_shock_imf_bailout,indonesia,USDC
680,0.8420392757076208,1980697.7235934804,251,S5_twin_shock_imf_bailout,indonesia,USDC
681,0.8733622366608602,1931180.2805036432,251,S5_twin_shock_imf_bailout,indonesia,USDC
682,0.8309301389547457,1882900.7734910522,251,S5_twin_shock_imf_bailout,indonesia,USDC
683,0.8332238847030837,1835828.2541537757,251,S5_twin_shock_imf_bailout,indonesia,USDC
684,0.8256360208555434,1789932.5477999314,251,S5_twin_shock_imf_bailout,indonesia,USDC
685,0.8340808917504556,1745184.234104933,251,S5_twin_shock_imf_bailout,indonesia,USDC
686,0.8229843820398897,1701554.6282523097,251,S5_twin_shock_imf_bailout,indonesia,USDC
687,0.8340054299778377,1659015.762546002,251,S5_twin_shock_imf_bailout,indonesia,USDC
688,0.8444723615487684,1617540.3684823518,251,S5_twin_shock_imf_bailout,indonesia,USDC
689,0.8302506407221799,1577101.8592702933,251,S5_twin_shock_imf_bailout,indonesia,USDC
690,0.8375832056704818,1537674.3127885358,251,S5_twin_shock_imf_bailout,indonesia,USDC
691,0.8077034017112541,1499232.4549688224,251,S5_twin_shock_imf_bailout,indonesia,USDC
692,0.7891344474706926,1461751.643594602,251,S5_twin_shock_imf_bailout,indonesia,USDC
693,0.8018403320063852,1425207.8525047367,251,S5_twin_shock_imf_bailout,indonesia,USDC
694,0.8053005305664795,1389577.6561921183,251,S5_twin_shock_imf_bailout,indonesia,USDC
695,0.8208531642677779,1354838.2147873153,251,S5_twin_shock_imf_bailout,indonesia,USDC
696,0.8099347612569237,1320967.2594176326,251,S5_twin_shock_imf_bailout,indonesia,USDC
697,0.8239674058952523,1287943.0779321915,251,S5_twin_shock_imf_bailout,indonesia,USDC
698,0.8178373930049694,1255744.500983887,251,S5_twin_shock_imf_bailout,indonesia,USDC
699,0.8205136012977126,1224350.8884592897,251,S5_twin_shock_imf_bailout,indonesia,USDC
700,0.8080070493257465,1193742.1162478074,251,S5_twin_shock_imf_bailout,indonesia,USDC
701,0.8129093851540934,1163898.5633416122,251,S5_twin_shock_imf_bailout,indonesia,USDC
702,0.8294521712260294,1134801.099258072,251,S5_twin_shock_imf_bailout,indonesia,USDC
703,0.81333375833919,1106431.07177662,251,S5_twin_shock_imf_bailout,indonesia,USDC
704,0.8049644152045031,1078770.2949822047,251,S5_twin_shock_imf_bailout,indonesia,USDC
705,0.796079591470648,1051801.0376076496,251,S5_twin_shock_imf_bailout,indonesia,USDC
706,0.8177282592788419,1025506.0116674582,251,S5_twin_shock_imf_bailout,indonesia,USDC
707,0.798726658232082,999868.3613757718,251,S5_twin_shock_imf_bailout,indonesia,USDC
708,0.7967849498873949,974871.6523413777,251,S5_twin_shock_imf_bailout,indonesia,USDC
709,0.7871844801838775,950499.8610328431,251,S5_twin_shock_imf_bailout,indonesia,USDC
710,0.7708535658756588,926737.3645070221,251,S5_twin_shock_imf_bailout,indonesia,USDC
711,0.7629249710286417,903568.9303943465,251,S5_twin_shock_imf_bailout,indonesia,USDC
712,0.7611930791852194,880979.7071344878,251,S5_twin_shock_imf_bailout,indonesia,USDC
713,0.734811440885911,858955.2144561256,251,S5_twin_shock_imf_bailout,indonesia,USDC
714,0.7502895106147897,837481.3340947225,251,S5_twin_shock_imf_bailout,indonesia,USDC
715,0.7417419069575238,816544.3007423545,251,S5_twin_shock_imf_bailout,indonesia,USDC
716,0.7447377789628671,796130.6932237956,251,S5_twin_shock_imf_bailout,indonesia,USDC
717,0.7395790960461189,776227.4258932008,251,S5_twin_shock_imf_bailout,indonesia,USDC
718,0.7480817640844151,756821.7402458708,251,S5_twin_shock_imf_bailout,indonesia,USDC
719,0.7442827730764154,737901.1967397239,251,S5_twin_shock_imf_bailout,indonesia,USDC
720,0.7480900790283385,719453.6668212308,251,S5_twin_shock_imf_bailout,indonesia,USDC
721,0.7607389362137801,701467.3251507,251,S5_twin_shock_imf_bailout,indonesia,USDC
722,0.7744921690753944,683930.6420219325,251,S5_twin_shock_imf_bailout,indonesia,USDC
723,0.763163335100681,666832.3759713842,251,S5_twin_shock_imf_bailout,indonesia,USDC
724,0.7571062171288436,650161.5665720997,251,S5_twin_shock_imf_bailout,indonesia,USDC
725,0.7811886083809699,633907.5274077972,251,S5_twin_shock_imf_bailout,indonesia,USDC
726,0.7582730934422803,618059.8392226022,251,S5_twin_shock_imf_bailout,indonesia,USDC
727,0.7692529706321454,602608.3432420371,251,S5_twin_shock_imf_bailout,indonesia,USDC
728,0.7610508439570282,587543.1346609863,251,S5_twin_shock_imf_bailout,indonesia,USDC
729,0.7394502101520667,572854.5562944616,251,S5_twin_shock_imf_bailout,indonesia,USDC
730,0.7535634291405509,558533.1923871001,251,S5_twin_shock_imf_bailout,indonesia,USDC
731,0.775500815332524,544569.8625774225,251,S5_twin_shock_imf_bailout,indonesia,USDC
732,0.7910775055362248,530955.616012987,251,S5_twin_shock_imf_bailout,indonesia,USDC
733,0.8015065525775329,517681.7256126623,251,S5_twin_shock_imf_bailout,indonesia,USDC
734,0.8039948939603158,504739.68247234577,251,S5_twin_shock_imf_bailout,indonesia,USDC
735,0.8039299062374805,492121.19041053706,251,S5_twin_shock_imf_bailout,indonesia,USDC
736,0.8256406523609624,479818.16065027367,251,S5_twin_shock_imf_bailout,indonesia,USDC
737,0.8357405093529725,467822.7066340169,251,S5_twin_shock_imf_bailout,indonesia,USDC
738,0.822407988372727,456127.13896816643,251,S5_twin_shock_imf_bailout,indonesia,USDC
739,0.8335213714153384,444723.9604939623,251,S5_twin_shock_imf_bailout,indonesia,USDC
740,0.8360554327799455,433605.86148161325,251,S5_twin_shock_imf_bailout,indonesia,USDC
741,0.8378558277862651,422765.71494457294,251,S5_twin_shock_imf_bailout,indonesia,USDC
742,0.834363044030202,412196.57207095856,251,S5_twin_shock_imf_bailout,indonesia,USDC
743,0.8392147802674692,401891.6577691847,251,S5_twin_shock_imf_bailout,indonesia,USDC
744,0.8310037098641195,391844.366324955,251,S5_twin_shock_imf_bailout,indonesia,USDC
745,0.8262720019438348,382048.2571668311,251,S5_twin_shock_imf_bailout,indonesia,USDC
746,0.8020839273490077,372497.0507376604,251,S5_twin_shock_imf_bailout,indonesia,USDC
747,0.8005813671832948,363184.62446921883,251,S5_twin_shock_imf_bailout,indonesia,USDC
748,0.8028985668880205,354105.00885748834,251,S5_twin_shock_imf_bailout,indonesia,USDC
749,0.806972189673785,345252.38363605115,251,S5_twin_shock_imf_bailout,indonesia,USDC
750,0.8075286781916436,336621.07404514984,251,S5_twin_shock_imf_bailout,indonesia,USDC
751,0.8214047742343283,328205.5471940211,251,S5_twin_shock_imf_bailout,indonesia,USDC
752,0.8386043249308605,320000.40851417056,251,S5_twin_shock_imf_bailout,indonesia,USDC
753,0.8142586697874652,312000.3983013163,251,S5_twin_shock_imf_bailout,indonesia,USDC
754,0.7977177283433554,304200.38834378344,251,S5_twin_shock_imf_bailout,indonesia,USDC
755,0.777806479934395,296595.3786351888,251,S5_twin_shock_imf_bailout,indonesia,USDC
756,0.7543581303789233,289180.4941693091,251,S5_twin_shock_imf_bailout,indonesia,USDC
757,0.7614259002061811,281950.9818150764,251,S5_twin_shock_imf_bailout,indonesia,USDC
758,0.7610724378168258,274902.20726969943,251,S5_twin_shock_imf_bailout,indonesia,USDC
759,0.7714602304050124,268029.65208795696,251,S5_twin_shock_imf_bailout,indonesia,USDC
760,0.7934595005542135,261328.91078575805,251,S5_twin_shock_imf_bailout,indonesia,USDC
761,0.7980457704307057,254795.6880161141,251,S5_twin_shock_imf_bailout,indonesia,USDC
762,0.7932153636164859,248425.79581571126,251,S5_twin_shock_imf_bailout,indonesia,USDC
763,0.7858659122639912,242215.15092031847,251,S5_twin_shock_imf_bailout,indonesia,USDC
764,0.7853973325916921,236159.7721473105,251,S5_twin_shock_imf_bailout,indonesia,USDC
765,0.8045118325838982,230255.77784362773,251,S5_twin_shock_imf_bailout,indonesia,USDC
766,0.8321515730388186,224499.38339753702,251,S5_twin_shock_imf_bailout,indonesia,USDC
767,0.8280265298326478,218886.8988125986,251,S5_twin_shock_imf_bailout,indonesia,USDC
768,0.847689662642164,213414.72634228363,251,S5_twin_shock_imf_bailout,indonesia,USDC
769,0.8660145711770056,208079.35818372652,251,S5_twin_shock_imf_bailout,indonesia,USDC
770,0.8445523236843077,202877.37422913336,251,S5_twin_shock_imf_bailout,indonesia,USDC
771,0.7183086262039816,197805.43987340503,251,S5_twin_shock_imf_bailout,indonesia,USDC
772,0.7402184462963346,192860.3038765699,251,S5_twin_shock_imf_bailout,indonesia,USDC
773,0.7409042797474087,188038.79627965565,251,S5_twin_shock_imf_bailout,indonesia,USDC
774,0.7467950644085855,183337.82637266425,251,S5_twin_shock_imf_bailout,indonesia,USDC
775,0.7580215145006718,178754.38071334764,251,S5_twin_shock_imf_bailout,indonesia,USDC
776,0.7661742217223495,174285.52119551395,251,S5_twin_shock_imf_bailout,indonesia,USDC
777,0.7654834129475514,169928.38316562612,251,S5_twin_shock_imf_bailout,indonesia,USDC
778,0.7351977557549909,165680.17358648547,251,S5_twin_shock_imf_bailout,indonesia,USDC
779,0.765420251660589,161538.16924682335,251,S5_twin_shock_imf_bailout,indonesia,USDC
780,0.7848640137174686,157499.71501565276,251,S5_twin_shock_imf_bailout,indonesia,USDC
781,0.8085889183873416,153562.22214026144,251,S5_twin_shock_imf_bailout,indonesia,USDC
782,0.7853663303491126,149723.1665867549,251,S5_twin_shock_imf_bailout,indonesia,USDC
783,0.791542475511951,145980.08742208604,251,S5_twin_shock_imf_bailout,indonesia,USDC
784,0.7929839202267641,142330.58523653387,251,S5_twin_shock_imf_bailout,indonesia,USDC
785,0.7824334661479001,138772.32060562054,251,S5_twin_shock_imf_bailout,indonesia,USDC
786,0.7744915894367502,135303.01259048,251,S5_twin_shock_imf_bailout,indonesia,USDC
787,0.7679350284943112,131920.43727571802,251,S5_twin_shock_imf_bailout,indonesia,USDC
788,0.7782138299432624,128622.42634382506,251,S5_twin_shock_imf_bailout,indonesia,USDC
789,0.7760944280332925,125406.86568522942,251,S5_twin_shock_imf_bailout,indonesia,USDC
790,0.7722714871254744,122271.6940430987,251,S5_twin_shock_imf_bailout,indonesia,USDC
791,0.7696897101493587,119214.90169202123,251,S5_twin_shock_imf_bailout,indonesia,USDC
792,0.7741616840357883,116234.5291497207,251,S5_twin_shock_imf_bailout,indonesia,USDC
793,0.7775049324659143,113328.66592097768,251,S5_twin_shock_imf_bailout,indonesia,USDC
794,0.7765641158408179,110495.44927295326,251,S5_twin_shock_imf_bailout,indonesia,USDC
795,0.748401739695458,107733.06304112941,251,S5_twin_shock_imf_bailout,indonesia,USDC
796,0.6621792301580943,105039.73646510119,251,S5_twin_shock_imf_bailout,indonesia,USDC
797,0.6995183618306947,102413.74305347365,251,S5_twin_shock_imf_bailout,indonesia,USDC
798,0.6996184887346724,99853.39947713682,251,S5_twin_shock_imf_bailout,indonesia,USDC
799,0.7119844577732652,97357.0644902084,251,S5_twin_shock_imf_bailout,indonesia,USDC
800,0.7120763301398669,94923.13787795318,251,S5_twin_shock_imf_bailout,indonesia,USDC
801,0.7398302434893317,92550.05943100437,251,S5_twin_shock_imf_bailout,indonesia,USDC
802,0.7520005281383142,90236.30794522926,251,S5_twin_shock_imf_bailout,indonesia,USDC
803,0.745366741520787,87980.40024659852,251,S5_twin_shock_imf_bailout,indonesia,USDC
804,0.7520835984225491,85780.89024043355,251,S5_twin_shock_imf_bailout,indonesia,USDC
805,0.7761604937424471,83636.36798442272,251,S5_twin_shock_imf_bailout,indonesia,USDC
806,0.7998884779900203,81545.45878481214,251,S5_twin_shock_imf_bailout,indonesia,USDC
807,0.8073041920016092,79506.82231519185,251,S5_twin_shock_imf_bailout,indonesia,USDC
808,0.809304400485284,77519.15175731205,251,S5_twin_shock_imf_bailout,indonesia,USDC
809,0.8239925371542764,75581.17296337924,251,S5_twin_shock_imf_bailout,indonesia,USDC
810,0.7678094666025669,73691.64363929475,251,S5_twin_shock_imf_bailout,indonesia,USDC
811,0.7655947272831725,71849.3525483124,251,S5_twin_shock_imf_bailout,indonesia,USDC
812,0.761422988779282,70053.11873460459,251,S5_twin_shock_imf_bailout,indonesia,USDC
813,0.7660693474021196,68301.79076623946,251,S5_twin_shock_imf_bailout,indonesia,USDC
814,0.7787021300242106,66594.24599708348,251,S5_twin_shock_imf_bailout,indonesia,USDC
815,0.797968026134328,64929.38984715639,251,S5_twin_shock_imf_bailout,indonesia,USDC
816,0.784882311139309,63306.15510097747,251,S5_twin_shock_imf_bailout,indonesia,USDC
817,0.7758011959496466,61723.50122345304,251,S5_twin_shock_imf_bailout,indonesia,USDC
818,0.7583191843730144,60180.413692866714,251,S5_twin_shock_imf_bailout,indonesia,USDC
819,0.7742231974510033,58675.90335054505,251,S5_twin_shock_imf_bailout,indonesia,USDC
820,0.7871290266575632,57209.00576678141,251,S5_twin_shock_imf_bailout,indonesia,USDC
821,0.7993572817684104,55778.780622611885,251,S5_twin_shock_imf_bailout,indonesia,USDC
822,0.8008310267134932,54384.31110704659,251,S5_twin_shock_imf_bailout,indonesia,USDC
823,0.8049536833374376,53024.70332937043,251,S5_twin_shock_imf_bailout,indonesia,USDC
824,0.8094089521971786,51699.08574613617,251,S5_twin_shock_imf_bailout,indonesia,USDC
825,0.8358527653884621,50406.60860248276,251,S5_twin_shock_imf_bailout,indonesia,USDC
826,0.834513756910537,49146.44338742069,251,S5_twin_shock_imf_bailout,indonesia,USDC
827,0.8241699039890329,47917.78230273517,251,S5_twin_shock_imf_bailout,indonesia,USDC
828,0.8188475067093485,46719.83774516679,251,S5_twin_shock_imf_bailout,indonesia,USDC
829,0.8181150362205251,45551.84180153762,251,S5_twin_shock_imf_bailout,indonesia,USDC
830,0.7990117787968156,44413.04575649918,251,S5_twin_shock_imf_bailout,indonesia,USDC
831,0.8110822637650347,43302.719612586705,251,S5_twin_shock_imf_bailout,indonesia,USDC
832,0.7918266614111307,42220.15162227203,251,S5_twin_shock_imf_bailout,indonesia,USDC
833,0.7994857744713155,41164.647831715236,251,S5_twin_shock_imf_bailout,indonesia,USDC
834,0.7917020113578427,40135.53163592235,251,S5_twin_shock_imf_bailout,indonesia,USDC
835,0.8013783639021299,39132.14334502429,251,S5_twin_shock_imf_bailout,indonesia,USDC
836,0.8201392748088531,38153.83976139869,251,S5_twin_shock_imf_bailout,indonesia,USDC
837,0.7953139990396875,37199.99376736372,251,S5_twin_shock_imf_bailout,indonesia,USDC
838,0.785565005489716,36269.99392317962,251,S5_twin_shock_imf_bailout,indonesia,USDC
839,0.7525549616704358,35363.244075100134,251,S5_twin_shock_imf_bailout,indonesia,USDC
840,0.7508607619191952,34479.16297322263,251,S5_twin_shock_imf_bailout,indonesia,USDC
841,0.7577689121604506,33617.183898892064,251,S5_twin_shock_imf_bailout,indonesia,USDC
842,0.7450302658234409,32776.75430141976,251,S5_twin_shock_imf_bailout,indonesia,USDC
843,0.7478672018730177,31957.33544388427,251,S5_twin_shock_imf_bailout,indonesia,USDC
844,0.7406144948169231,31158.402057787163,251,S5_twin_shock_imf_bailout,indonesia,USDC
845,0.7446584741712762,30379.442006342484,251,S5_twin_shock_imf_bailout,indonesia,USDC
846,0.7526941178991874,29619.95595618392,251,S5_twin_shock_imf_bailout,indonesia,USDC
847,0.7590295990911452,28879.457057279324,251,S5_twin_shock_imf_bailout,indonesia,USDC
848,0.7662382459837528,28157.470630847336,251,S5_twin_shock_imf_bailout,indonesia,USDC
849,0.7629174280331905,27453.533865076155,251,S5_twin_shock_imf_bailout,indonesia,USDC
850,0.7560413391944943,26767.19551844925,251,S5_twin_shock_imf_bailout,indonesia,USDC
851,0.7530555831775794,26098.015630488022,251,S5_twin_shock_imf_bailout,indonesia,USDC
852,0.7345883516384611,25445.565239725816,251,S5_twin_shock_imf_bailout,indonesia,USDC
853,0.7164877269441036,24809.426108732674,251,S5_twin_shock_imf_bailout,indonesia,USDC
854,0.7191288158017781,24189.190456014356,251,S5_twin_shock_imf_bailout,indonesia,USDC
855,0.7202692032854054,23584.460694613997,251,S5_twin_shock_imf_bailout,indonesia,USDC
856,0.7097617306897815,22994.849177248645,251,S5_twin_shock_imf_bailout,indonesia,USDC
857,0.7234802518553399,22419.97794781743,251,S5_twin_shock_imf_bailout,indonesia,USDC
858,0.7404988775115691,21859.478499121997,251,S5_twin_shock_imf_bailout,indonesia,USDC
859,0.7487289471520314,21312.991536643945,251,S5_twin_shock_imf_bailout,indonesia,USDC
860,0.7608661736611332,20780.166748227846,251,S5_twin_shock_imf_bailout,indonesia,USDC
861,0.7314059141245604,20260.662579522148,251,S5_twin_shock_imf_bailout,indonesia,USDC
862,0.741964152622957,19754.146015034094,251,S5_twin_shock_imf_bailout,indonesia,USDC
863,0.723327710624919,19260.292364658242,251,S5_twin_shock_imf_bailout,indonesia,USDC
864,0.7425494516844319,18778.785055541786,251,S5_twin_shock_imf_bailout,indonesia,USDC
865,0.7420090214652163,18309.31542915324,251,S5_twin_shock_imf_bailout,indonesia,USDC
866,0.7532877106835939,17851.58254342441,251,S5_twin_shock_imf_bailout,indonesia,USDC
867,0.7251462306656297,17405.2929798388,251,S5_twin_shock_imf_bailout,indonesia,USDC
868,0.7403961505413906,16970.16065534283,251,S5_twin_shock_imf_bailout,indonesia,USDC
869,0.7560275726344603,16545.90663895926,251,S5_twin_shock_imf_bailout,indonesia,USDC
870,0.7404387361433321,16132.258972985277,251,S5_twin_shock_imf_bailout,indonesia,USDC
871,0.7367094665212118,15728.952498660645,251,S5_twin_shock_imf_bailout,indonesia,USDC
872,0.7657890138749839,15335.728686194128,251,S5_twin_shock_imf_bailout,indonesia,USDC
873,0.7649507139679467,14952.335469039277,251,S5_twin_shock_imf_bailout,indonesia,USDC
874,0.7584858428500523,14578.527082313296,251,S5_twin_shock_imf_bailout,indonesia,USDC
875,0.7650329821832562,14214.063905255462,251,S5_twin_shock_imf_bailout,indonesia,USDC
876,0.7605663983371158,13858.712307624075,251,S5_twin_shock_imf_bailout,indonesia,USDC
877,0.745404920808332,13512.244499933473,251,S5_twin_shock_imf_bailout,indonesia,USDC
878,0.7578306303401218,13174.438387435137,251,S5_twin_shock_imf_bailout,indonesia,USDC
879,0.761161037350206,12845.077427749258,251,S5_twin_shock_imf_bailout,indonesia,USDC
880,0.7800839364070008,12523.950492055528,251,S5_twin_shock_imf_bailout,indonesia,USDC
881,0.7705597869514248,12210.85172975414,251,S5_twin_shock_imf_bailout,indonesia,USDC
882,0.7683119840095217,11905.580436510285,251,S5_twin_shock_imf_bailout,indonesia,USDC
883,0.7205737406708338,11607.94092559753,251,S5_twin_shock_imf_bailout,indonesia,USDC
884,0.7181729075176789,11317.742402457592,251,S5_twin_shock_imf_bailout,indonesia,USDC
885,0.7451262963395592,11034.79884239615,251,S5_twin_shock_imf_bailout,indonesia,USDC
886,0.7452146485316816,10758.928871336248,251,S5_twin_shock_imf_bailout,indonesia,USDC
887,0.7254062106336879,10489.955649552841,251,S5_twin_shock_imf_bailout,indonesia,USDC
888,0.7098383005501607,10227.70675831402,251,S5_twin_shock_imf_bailout,indonesia,USDC
889,0.7286483524254694,9972.01408935617,251,S5_twin_shock_imf_bailout,indonesia,USDC
890,0.7561830836434494,9722.713737122263,251,S5_twin_shock_imf_bailout,indonesia,USDC
891,0.7881424197617941,9479.645893694207,251,S5_twin_shock_imf_bailout,indonesia,USDC
892,0.7613159437385049,9242.654746351851,251,S5_twin_shock_imf_bailout,indonesia,USDC
893,0.7695233977291963,9011.588377693057,251,S5_twin_shock_imf_bailout,indonesia,USDC
894,0.7477779819898058,8786.298668250729,251,S5_twin_shock_imf_bailout,indonesia,USDC
895,0.765227574001084,8566.641201544462,251,S5_twin_shock_imf_bailout,indonesia,USDC
896,0.766965663454079,8352.47517150585,251,S5_twin_shock_imf_bailout,indonesia,USDC
897,0.7463467784517449,8143.663292218203,251,S5_twin_shock_imf_bailout,indonesia,USDC
898,0.7603781365215033,7940.071709912749,251,S5_twin_shock_imf_bailout,indonesia,USDC
899,0.7653572867296178,7741.56991716493,251,S5_twin_shock_imf_bailout,indonesia,USDC
900,0.7533399743839051,7548.030669235807,251,S5_twin_shock_imf_bailout,indonesia,USDC
901,0.7460475185932762,7359.329902504911,251,S5_twin_shock_imf_bailout,indonesia,USDC
902,0.7451318975185567,7175.346654942288,251,S5_twin_shock_imf_bailout,indonesia,USDC
903,0.7528928856414273,6995.962988568731,251,S5_twin_shock_imf_bailout,indonesia,USDC
904,0.7542507588691973,6821.063913854513,251,S5_twin_shock_imf_bailout,indonesia,USDC
905,0.7809323244969852,6650.537316008151,251,S5_twin_shock_imf_bailout,indonesia,USDC
906,0.7753913733092416,6484.273883107946,251,S5_twin_shock_imf_bailout,indonesia,USDC
907,0.779766535479592,6322.167036030249,251,S5_twin_shock_imf_bailout,indonesia,USDC
908,0.8051552007865574,6164.112860129491,251,S5_twin_shock_imf_bailout,indonesia,USDC
909,0.7959135514518898,6010.010038626255,251,S5_twin_shock_imf_bailout,indonesia,USDC
910,0.8135485505097294,5859.759787660598,251,S5_twin_shock_imf_bailout,indonesia,USDC
911,0.8369315006372848,5713.265792969083,251,S5_twin_shock_imf_bailout,indonesia,USDC
912,0.8452881758150194,5570.4341481448555,251,S5_twin_shock_imf_bailout,indonesia,USDC
913,0.8332104133863976,5431.173294441234,251,S5_twin_shock_imf_bailout,indonesia,USDC
914,0.8369247475374224,5295.393962080204,251,S5_twin_shock_imf_bailout,indonesia,USDC
915,0.8057323917539841,5163.009113028199,251,S5_twin_shock_imf_bailout,indonesia,USDC
916,0.7811969063857549,5033.933885202494,251,S5_twin_shock_imf_bailout,indonesia,USDC
917,0.781466865533341,4908.0855380724315,251,S5_twin_shock_imf_bailout,indonesia,USDC
918,0.7548411814669999,4785.38339962062,251,S5_twin_shock_imf_bailout,indonesia,USDC
919,0.7659498117284966,4665.748814630106,251,S5_twin_shock_imf_bailout,indonesia,USDC
920,0.8006263986465753,4549.105094264352,251,S5_twin_shock_imf_bailout,indonesia,USDC
921,0.7834556328039102,4435.377466907744,251,S5_twin_shock_imf_bailout,indonesia,USDC
922,0.8267594719102793,4324.49303023505,251,S5_twin_shock_imf_bailout,indonesia,USDC
923,0.8443257259864492,4216.380704479174,251,S5_twin_shock_imf_bailout,indonesia,USDC
924,0.8192163742587992,4110.971186867195,251,S5_twin_shock_imf_bailout,indonesia,USDC
925,0.8330198368946468,4008.196907195515,251,S5_twin_shock_imf_bailout,indonesia,USDC
926,0.8448218330626933,3907.991984515627,251,S5_twin_shock_imf_bailout,indonesia,USDC
927,0.8251709284592033,3810.292184902737,251,S5_twin_shock_imf_bailout,indonesia,USDC
928,0.8084000843616148,3715.034880280168,251,S5_twin_shock_imf_bailout,indonesia,USDC
929,0.7657633432107285,3622.159008273164,251,S5_twin_shock_imf_bailout,indonesia,USDC
930,0.7915253818254957,3531.6050330663347,251,S5_twin_shock_imf_bailout,indonesia,USDC
931,0.7727442654259004,3443.3149072396764,251,S5_twin_shock_imf_bailout,indonesia,USDC
932,0.7417957432626134,3357.2320345586845,251,S5_twin_shock_imf_bailout,indonesia,USDC
933,0.7457116618339654,3273.301233694717,251,S5_twin_shock_imf_bailout,indonesia,USDC
934,0.7556960835002461,3191.4687028523495,251,S5_twin_shock_imf_bailout,indonesia,USDC
935,0.7539939220049289,3111.6819852810404,251,S5_twin_shock_imf_bailout,indonesia,USDC
936,0.7732303046344531,3033.8899356490147,251,S5_twin_shock_imf_bailout,indonesia,USDC
937,0.775866973146975,2958.042687257789,251,S5_twin_shock_imf_bailout,indonesia,USDC
938,0.7839514849551098,2884.0916200763445,251,S5_twin_shock_imf_bailout,indonesia,USDC
939,0.78966939178413,2811.989329574436,251,S5_twin_shock_imf_bailout,indonesia,USDC
940,0.7894593487268308,2741.6895963350753,251,S5_twin_shock_imf_bailout,indonesia,USDC
941,0.7954844731339957,2673.1473564266985,251,S5_twin_shock_imf_bailout,indonesia,USDC
942,0.7853192061143713,2606.3186725160303,251,S5_twin_shock_imf_bailout,indonesia,USDC
943,0.799527626561266,2541.1607057031297,251,S5_twin_shock_imf_bailout,indonesia,USDC
944,0.7844476102585345,2477.631688060552,251,S5_twin_shock_imf_bailout,indonesia,USDC
945,0.7645811196665935,2415.690895859038,251,S5_twin_shock_imf_bailout,indonesia,USDC
946,0.7692042990591882,2355.298623462562,251,S5_twin_shock_imf_bailout,indonesia,USDC
947,0.7704460396899225,2296.4161578759977,251,S5_twin_shock_imf_bailout,indonesia,USDC
948,0.7787478547349382,2239.0057539290983,251,S5_twin_shock_imf_bailout,indonesia,USDC
949,0.777663978031084,2183.0306100808707,251,S5_twin_shock_imf_bailout,indonesia,USDC
950,0.7955476487393118,2128.4548448288488,251,S5_twin_shock_imf_bailout,indonesia,USDC
951,0.8025439331693844,2075.2434737081276,251,S5_twin_shock_imf_bailout,indonesia,USDC
952,0.7879712674583439,2023.3623868654245,251,S5_twin_shock_imf_bailout,indonesia,USDC
953,0.7617568141519323,1972.7783271937888,251,S5_twin_shock_imf_bailout,indonesia,USDC
954,0.7568990384893576,1923.458869013944,251,S5_twin_shock_imf_bailout,indonesia,USDC
955,0.7512803313036184,1875.3723972885955,251,S5_twin_shock_imf_bailout,indonesia,USDC
956,0.7752160371909421,1828.4880873563807,251,S5_twin_shock_imf_bailout,indonesia,USDC
957,0.7923572945928142,1782.7758851724711,251,S5_twin_shock_imf_bailout,indonesia,USDC
958,0.7895739115588131,1738.2064880431594,251,S5_twin_shock_imf_bailout,indonesia,USDC
959,0.8323423320201446,1694.7513258420804,251,S5_twin_shock_imf_bailout,indonesia,USDC
960,0.7981653850947975,1652.3825426960284,251,S5_twin_shock_imf_bailout,indonesia,USDC
961,0.7847998009661313,1611.072979128628,251,S5_twin_shock_imf_bailout,indonesia,USDC
962,0.7943540861335977,1570.7961546504123,251,S5_twin_shock_imf_bailout,indonesia,USDC
963,0.7867771561699874,1531.526250784152,251,S5_twin_shock_imf_bailout,indonesia,USDC
964,0.7922381774773436,1493.2380945145483,251,S5_twin_shock_imf_bailout,indonesia,USDC
965,0.7659833222855957,1455.9071421516842,251,S5_twin_shock_imf_bailout,indonesia,USDC
966,0.7554679041396183,1419.5094635978924,251,S5_twin_shock_imf_bailout,indonesia,USDC
967,0.7811969560474525,1384.021727007945,251,S5_twin_shock_imf_bailout,indonesia,USDC
968,0.780845351323777,1349.4211838327465,251,S5_twin_shock_imf_bailout,indonesia,USDC
969,0.7934014727995661,1315.6856542369278,251,S5_twin_shock_imf_bailout,indonesia,USDC
970,0.7890856103055769,1282.7935128810045,251,S5_twin_shock_imf_bailout,indonesia,USDC
971,0.7605779412532996,1250.7236750589796,251,S5_twin_shock_imf_bailout,indonesia,USDC
972,0.7673648412157371,1219.455583182505,251,S5_twin_shock_imf_bailout,indonesia,USDC
973,0.7917622567747374,1188.9691936029424,251,S5_twin_shock_imf_bailout,indonesia,USDC
974,0.7995213173041724,1159.2449637628688,251,S5_twin_shock_imf_bailout,indonesia,USDC
975,0.7849373824432017,1130.263839668797,251,S5_twin_shock_imf_bailout,indonesia,USDC
976,0.7646313200798572,1102.007243677077,251,S5_twin_shock_imf_bailout,indonesia,USDC
977,0.7536426988904021,1074.4570625851502,251,S5_twin_shock_imf_bailout,indonesia,USDC
978,0.7604967874558195,1047.5956360205214,251,S5_twin_shock_imf_bailout,indonesia,USDC
979,0.768587543061596,1021.4057451200084,251,S5_twin_shock_imf_bailout,indonesia,USDC
980,0.7809188716374791,995.8706014920082,251,S5_twin_shock_imf_bailout,indonesia,USDC
981,0.7667155344444302,970.9738364547079,251,S5_twin_shock_imf_bailout,indonesia,USDC
982,0.7561258354516975,946.6994905433403,251,S5_twin_shock_imf_bailout,indonesia,USDC
983,0.7520948925599013,923.0320032797567,251,S5_twin_shock_imf_bailout,indonesia,USDC
984,0.7536088361778668,899.9562031977628,251,S5_twin_shock_imf_bailout,indonesia,USDC
985,0.7531575799608736,877.4572981178187,251,S5_twin_shock_imf_bailout,indonesia,USDC
986,0.7502455713357118,855.5208656648733,251,S5_twin_shock_imf_bailout,indonesia,USDC
987,0.7655778374282335,834.1328440232514,251,S5_twin_shock_imf_bailout,indonesia,USDC
988,0.7668962262440284,813.2795229226701,251,S5_twin_shock_imf_bailout,indonesia,USDC
989,0.7502383301282721,792.9475348496034,251,S5_twin_shock_imf_bailout,indonesia,USDC
990,0.7440357765194886,773.1238464783632,251,S5_twin_shock_imf_bailout,indonesia,USDC
991,0.7539407807469504,753.7957503164042,251,S5_twin_shock_imf_bailout,indonesia,USDC
992,0.7641288003157873,734.950856558494,251,S5_twin_shock_imf_bailout,indonesia,USDC
993,0.7683258004476409,716.5770851445318,251,S5_twin_shock_imf_bailout,indonesia,USDC
994,0.7691066051772858,698.6626580159184,251,S5_twin_shock_imf_bailout,indonesia,USDC
995,0.7770409980863451,681.1960915655204,251,S5_twin_shock_imf_bailout,indonesia,USDC
996,0.7849346367493696,664.1661892763824,251,S5_twin_shock_imf_bailout,indonesia,USDC
997,0.7965304261957858,647.5620345444729,251,S5_twin_shock_imf_bailout,indonesia,USDC
998,0.8166332275514497,631.372983680861,251,S5_twin_shock_imf_bailout,indonesia,USDC
999,0.8054605687988271,615.5886590888394,251,S5_twin_shock_imf_bailout,indonesia,USDC
1000,0.8263742703264898,600.1989426116185,251,S5_twin_shock_imf_bailout,indonesia,USDC
