Step,price,liquidity,iteration,scenario,region,coin
1,1.0296869571141756,2989478972172.1255,466,S5_twin_shock_imf_bailout,indonesia,USDC
2,1.0269602350508666,2989478972172.1255,466,S5_twin_shock_imf_bailout,indonesia,USDC
3,1.0495459860633674,2989478972172.1255,466,S5_twin_shock_imf_bailout,indonesia,USDC
4,1.0494466359230263,2989478972172.1255,466,S5_twin_shock_imf_bailout,indonesia,USDC
5,1.0459891146784253,2989478972172.1255,466,S5_twin_shock_imf_bailout,indonesia,USDC
6,1.006779653205862,2989478972172.1255,466,S5_twin_shock_imf_bailout,indonesia,USDC
7,0.9891612140757258,2989478972172.1255,466,S5_twin_shock_imf_bailout,indonesia,USDC
8,0.9843219646338882,2989478972172.1255,466,S5_twin_shock_imf_bailout,indonesia,USDC
9,0.9668993772736421,2989478972172.1255,466,S5_twin_shock_imf_bailout,indonesia,USDC
10,0.9826809691101007,2989287181075.6494,466,S5_twin_shock_imf_bailout,indonesia,USDC
11,0.9929896185502294,2989287181075.6494,466,S5_twin_shock_imf_bailout,indonesia,USDC
12,1.0337145159081138,2989287181075.6494,466,S5_twin_shock_imf_bailout,indonesia,USDC
13,1.024807113992815,2989287181075.6494,466,S5_twin_shock_imf_bailout,indonesia,USDC
14,1.0414721182263484,2989287181075.6494,466,S5_twin_shock_imf_bailout,indonesia,USDC
15,1.0352001938036666,2989287181075.6494,466,S5_twin_shock_imf_bailout,indonesia,USDC
16,1.0273092197761615,2989287181075.6494,466,S5_twin_shock_imf_bailout,indonesia,USDC
17,0.9276595493059685,2989287181075.6494,466,S5_twin_shock_imf_bailout,indonesia,USDC
18,0.917176738561042,2986719428030.409,466,S5_twin_shock_imf_bailout,indonesia,USDC
19,0.9456812926964255,2983626606303.7095,466,S5_twin_shock_imf_bailout,indonesia,USDC
20,0.9262886702110954,2982269080050.486,466,S5_twin_shock_imf_bailout,indonesia,USDC
21,0.936746723598821,2979911554763.311,466,S5_twin_shock_imf_bailout,indonesia,USDC
22,0.9688534639052964,2978182638672.043,466,S5_twin_shock_imf_bailout,indonesia,USDC
23,0.9909964641637857,2978151802982.1997,466,S5_twin_shock_imf_bailout,indonesia,USDC
24,0.978306441291048,2978151802982.1997,466,S5_twin_shock_imf_bailout,indonesia,USDC
25,0.9871160933783326,2978151802982.1997,466,S5_twin_shock_imf_bailout,indonesia,USDC
26,1.0046560707185,2978151802982.1997,466,S5_twin_shock_imf_bailout,indonesia,USDC
27,1.0358134820974596,2978151802982.1997,466,S5_twin_shock_imf_bailout,indonesia,USDC
28,1.0237272133529638,2978151802982.1997,466,S5_twin_shock_imf_bailout,indonesia,USDC
29,1.0205009732550656,2978151802982.1997,466,S5_twin_shock_imf_bailout,indonesia,USDC
30,0.9920863706503747,2978151802982.1997,466,S5_twin_shock_imf_bailout,indonesia,USDC
31,1.0095248212162853,2978151802982.1997,466,S5_twin_shock_imf_bailout,indonesia,USDC
32,0.8683531462189729,2978151802982.1997,466,S5_twin_shock_imf_bailout,indonesia,USDC
33,0.8872194113878085,2973051349253.8906,466,S5_twin_shock_imf_bailout,indonesia,USDC
34,0.9237035019695187,2969396464574.4365,466,S5_twin_shock_imf_bailout,indonesia,USDC
35,0.9370586903060169,2967532907408.8916,466,S5_twin_shock_imf_bailout,indonesia,USDC
36,0.9374867338395428,2966274556323.102,466,S5_twin_shock_imf_bailout,indonesia,USDC
37,0.9475770014743885,2965058037175.261,466,S5_twin_shock_imf_bailout,indonesia,USDC
38,0.9545716491832599,2964263736742.2295,466,S5_twin_shock_imf_bailout,indonesia,USDC
39,0.9451940577867575,2963710467102.162,466,S5_twin_shock_imf_bailout,indonesia,USDC
40,0.9427680302544198,2962879658290.8203,466,S5_twin_shock_imf_bailout,indonesia,USDC
41,0.9667542223953064,2961988647849.5,466,S5_twin_shock_imf_bailout,indonesia,USDC
42,0.9691028123789645,2961897973146.7554,466,S5_twin_shock_imf_bailout,indonesia,USDC
43,1.0093991460844647,2961867987655.662,466,S5_twin_shock_imf_bailout,indonesia,USDC
44,1.0095027051344592,2961867987655.662,466,S5_twin_shock_imf_bailout,indonesia,USDC
45,1.0201020383250727,2961867987655.662,466,S5_twin_shock_imf_bailout,indonesia,USDC
46,1.0269526705609808,2961867987655.662,466,S5_twin_shock_imf_bailout,indonesia,USDC
47,1.0034103340912552,2961867987655.662,466,S5_twin_shock_imf_bailout,indonesia,USDC
48,0.9895208820618786,2961867987655.662,466,S5_twin_shock_imf_bailout,indonesia,USDC
49,0.9915039499295776,2961867987655.662,466,S5_twin_shock_imf_bailout,indonesia,USDC
50,0.9655549547721463,2961867987655.662,466,S5_twin_shock_imf_bailout,indonesia,USDC
51,0.9639532374772797,2961748497556.4233,466,S5_twin_shock_imf_bailout,indonesia,USDC
52,0.9639769955773627,2961578023070.9116,466,S5_twin_shock_imf_bailout,indonesia,USDC
53,0.9622125489653154,2961389061057.171,466,S5_twin_shock_imf_bailout,indonesia,USDC
54,0.9865186617538558,2961165843920.97,466,S5_twin_shock_imf_bailout,indonesia,USDC
55,1.0062824283506044,2961165843920.97,466,S5_twin_shock_imf_bailout,indonesia,USDC
56,1.0127489352942034,2961165843920.97,466,S5_twin_shock_imf_bailout,indonesia,USDC
57,1.0010604420464773,2961165843920.97,466,S5_twin_shock_imf_bailout,indonesia,USDC
58,0.9767431711371765,2961165843920.97,466,S5_twin_shock_imf_bailout,indonesia,USDC
59,0.9722699728142243,2961165843920.97,466,S5_twin_shock_imf_bailout,indonesia,USDC
60,0.9699575487728398,2961165843920.97,466,S5_twin_shock_imf_bailout,indonesia,USDC
61,0.9658214395700245,2961165382412.8394,466,S5_twin_shock_imf_bailout,indonesia,USDC
62,0.9920018788758733,2961049292856.9844,466,S5_twin_shock_imf_bailout,indonesia,USDC
63,1.0057361807620608,2961049292856.9844,466,S5_twin_shock_imf_bailout,indonesia,USDC
64,1.0116515621055964,2961049292856.9844,466,S5_twin_shock_imf_bailout,indonesia,USDC
65,1.0036656240739878,2961049292856.9844,466,S5_twin_shock_imf_bailout,indonesia,USDC
66,0.9998635650649195,2961049292856.9844,466,S5_twin_shock_imf_bailout,indonesia,USDC
67,0.9825253456424591,2961049292856.9844,466,S5_twin_shock_imf_bailout,indonesia,USDC
68,0.9769269609172888,2961049292856.9844,466,S5_twin_shock_imf_bailout,indonesia,USDC
69,0.9904311786007999,2961049292856.9844,466,S5_twin_shock_imf_bailout,indonesia,USDC
70,0.9651151421721289,2961049292856.9844,466,S5_twin_shock_imf_bailout,indonesia,USDC
71,0.9724012410384496,2960921978928.8296,466,S5_twin_shock_imf_bailout,indonesia,USDC
72,0.988612085242924,2960921978928.8296,466,S5_twin_shock_imf_bailout,indonesia,USDC
73,0.9939270686495603,2960921978928.8296,466,S5_twin_shock_imf_bailout,indonesia,USDC
74,0.96614872463487,2960921978928.8296,466,S5_twin_shock_imf_bailout,indonesia,USDC
75,0.9858596685510722,2960817885813.569,466,S5_twin_shock_imf_bailout,indonesia,USDC
76,0.99687941206593,2960817885813.569,466,S5_twin_shock_imf_bailout,indonesia,USDC
77,1.0061589362931804,2960817885813.569,466,S5_twin_shock_imf_bailout,indonesia,USDC
78,0.9899471236245754,2960817885813.569,466,S5_twin_shock_imf_bailout,indonesia,USDC
79,1.0028405976778954,2960817885813.569,466,S5_twin_shock_imf_bailout,indonesia,USDC
80,1.021379775795403,2960817885813.569,466,S5_twin_shock_imf_bailout,indonesia,USDC
81,1.0104953301498594,2960817885813.569,466,S5_twin_shock_imf_bailout,indonesia,USDC
82,0.975767419063291,2960817885813.569,466,S5_twin_shock_imf_bailout,indonesia,USDC
83,0.9649855103390476,2960817885813.569,466,S5_twin_shock_imf_bailout,indonesia,USDC
84,0.952748454589168,2960688527612.4863,466,S5_twin_shock_imf_bailout,indonesia,USDC
85,0.9887985604300134,2960148330700.3394,466,S5_twin_shock_imf_bailout,indonesia,USDC
86,1.018499557658756,2960148330700.3394,466,S5_twin_shock_imf_bailout,indonesia,USDC
87,1.024527518736757,2960148330700.3394,466,S5_twin_shock_imf_bailout,indonesia,USDC
88,1.0460830447690443,2960148330700.3394,466,S5_twin_shock_imf_bailout,indonesia,USDC
89,1.0012838668345911,2960148330700.3394,466,S5_twin_shock_imf_bailout,indonesia,USDC
90,0.9997280085788409,2960148330700.3394,466,S5_twin_shock_imf_bailout,indonesia,USDC
91,1.0200377842660424,2960148330700.3394,466,S5_twin_shock_imf_bailout,indonesia,USDC
92,1.0004071803378802,2960148330700.3394,466,S5_twin_shock_imf_bailout,indonesia,USDC
93,0.9889206568136512,2960148330700.3394,466,S5_twin_shock_imf_bailout,indonesia,USDC
94,0.9783035965512099,2960148330700.3394,466,S5_twin_shock_imf_bailout,indonesia,USDC
95,0.9760109544503149,2960148330700.3394,466,S5_twin_shock_imf_bailout,indonesia,USDC
96,1.0066086777896641,2960148330700.3394,466,S5_twin_shock_imf_bailout,indonesia,USDC
97,1.0476182477198517,2960148330700.3394,466,S5_twin_shock_imf_bailout,indonesia,USDC
98,1.0504942163935724,2960148330700.3394,466,S5_twin_shock_imf_bailout,indonesia,USDC
99,1.0727361473668626,2960148330700.3394,466,S5_twin_shock_imf_bailout,indonesia,USDC
100,1.074431135523986,2960148330700.3394,466,S5_twin_shock_imf_bailout,indonesia,USDC
101,0.900121889977562,2960148330700.3394,466,S5_twin_shock_imf_bailout,indonesia,USDC
102,0.9208151726040524,2957975449708.4287,466,S5_twin_shock_imf_bailout,indonesia,USDC
103,0.9272828462588691,2956615261241.16,466,S5_twin_shock_imf_bailout,indonesia,USDC
104,0.9032300331789808,2955471618453.04,466,S5_twin_shock_imf_bailout,indonesia,USDC
105,0.9186454442882224,2953750160438.875,466,S5_twin_shock_imf_bailout,indonesia,USDC
106,0.9410316434630019,2952465174779.0444,466,S5_twin_shock_imf_bailout,indonesia,USDC
107,0.9533865159856222,2951818636290.2817,466,S5_twin_shock_imf_bailout,indonesia,USDC
108,0.9516724938693971,2951483349089.24,466,S5_twin_shock_imf_bailout,indonesia,USDC
109,0.9573411543634663,2951084110947.365,466,S5_twin_shock_imf_bailout,indonesia,USDC
110,0.941025848061535,2950816730151.3105,466,S5_twin_shock_imf_bailout,indonesia,USDC
111,0.9517755641160953,2950240587991.4653,466,S5_twin_shock_imf_bailout,indonesia,USDC
112,0.9381747341025802,2949850517129.253,466,S5_twin_shock_imf_bailout,indonesia,USDC
113,0.9714831764855186,2949225264531.708,466,S5_twin_shock_imf_bailout,indonesia,USDC
114,0.9795017992403916,2949225264531.708,466,S5_twin_shock_imf_bailout,indonesia,USDC
115,0.9691828669721487,2949225264531.708,466,S5_twin_shock_imf_bailout,indonesia,USDC
116,0.9848454557189582,2949225264531.708,466,S5_twin_shock_imf_bailout,indonesia,USDC
117,0.9910326936056604,2949225264531.708,466,S5_twin_shock_imf_bailout,indonesia,USDC
118,0.9973327411236615,2949225264531.708,466,S5_twin_shock_imf_bailout,indonesia,USDC
119,1.0116868305592592,2949225264531.708,466,S5_twin_shock_imf_bailout,indonesia,USDC
120,0.9648947105736684,2949225264531.708,466,S5_twin_shock_imf_bailout,indonesia,USDC
121,600000.9276744296,2875456482933.619,466,S5_twin_shock_imf_bailout,indonesia,USDC
122,480001.95,2803602070860.2783,466,S5_twin_shock_imf_bailout,indonesia,USDC
123,384001.95,2733537619088.7715,466,S5_twin_shock_imf_bailout,indonesia,USDC
124,307201.95,2665219658611.5522,466,S5_twin_shock_imf_bailout,indonesia,USDC
125,245761.95,2598605551146.2637,466,S5_twin_shock_imf_bailout,indonesia,USDC
126,196609.95,2533653519567.607,466,S5_twin_shock_imf_bailout,indonesia,USDC
127,157288.35,2470322667338.417,466,S5_twin_shock_imf_bailout,indonesia,USDC
128,125831.06999999999,2408572989262.9565,466,S5_twin_shock_imf_bailout,indonesia,USDC
129,100665.246,2348365375417.782,466,S5_twin_shock_imf_bailout,indonesia,USDC
130,80532.5868,2289661609741.458,466,S5_twin_shock_imf_bailout,indonesia,USDC
131,64426.45944,2232424364465.2173,466,S5_twin_shock_imf_bailout,indonesia,USDC
132,51541.557552,2176617191327.4238,466,S5_twin_shock_imf_bailout,indonesia,USDC
133,41233.6360416,2122204510323.3076,466,S5_twin_shock_imf_bailout,indonesia,USDC
134,32987.29883328,2069151596588.4805,466,S5_twin_shock_imf_bailout,indonesia,USDC
135,26390.229066624004,2017424565892.373,466,S5_twin_shock_imf_bailout,indonesia,USDC
136,21112.573253299208,1966990359119.9473,466,S5_twin_shock_imf_bailout,indonesia,USDC
137,16890.448602639364,1917816726041.8555,466,S5_twin_shock_imf_bailout,indonesia,USDC
138,13512.748882111493,1869872208610.7344,466,S5_twin_shock_imf_bailout,indonesia,USDC
139,10810.589105689196,1823126123971.406,466,S5_twin_shock_imf_bailout,indonesia,USDC
140,8648.861284551356,1777548547332.873,466,S5_twin_shock_imf_bailout,indonesia,USDC
141,6919.479027641083,1733110294818.1533,466,S5_twin_shock_imf_bailout,indonesia,USDC
142,5535.973222112866,1689782906382.581,466,S5_twin_shock_imf_bailout,indonesia,USDC
143,4429.168577690293,1647538628870.9216,466,S5_twin_shock_imf_bailout,indonesia,USDC
144,3543.724862152234,1606350399267.4727,466,S5_twin_shock_imf_bailout,indonesia,USDC
145,2835.3698897217873,1566191828180.445,466,S5_twin_shock_imf_bailout,indonesia,USDC
146,2268.6859117774297,1527037183591.6616,466,S5_twin_shock_imf_bailout,indonesia,USDC
147,1815.338729421944,1488861374894.4521,466,S5_twin_shock_imf_bailout,indonesia,USDC
148,1452.6609835375552,1451639937236.1562,466,S5_twin_shock_imf_bailout,indonesia,USDC
149,1162.518786830044,1415349016176.505,466,S5_twin_shock_imf_bailout,indonesia,USDC
150,930.4050294640354,1379965352669.0942,466,S5_twin_shock_imf_bailout,indonesia,USDC
151,744.7140235712283,1345466268369.9683,466,S5_twin_shock_imf_bailout,indonesia,USDC
152,596.1612188569826,1311829651274.8003,466,S5_twin_shock_imf_bailout,indonesia,USDC
153,477.3189750855861,1279033941684.1953,466,S5_twin_shock_imf_bailout,indonesia,USDC
154,382.24518006846887,1247058118495.1025,466,S5_twin_shock_imf_bailout,indonesia,USDC
155,306.1861440547751,1215881685815.1345,466,S5_twin_shock_imf_bailout,indonesia,USDC
156,245.3389152438201,1185484659895.6838,466,S5_twin_shock_imf_bailout,indonesia,USDC
157,196.66113219505607,1155847556379.034,466,S5_twin_shock_imf_bailout,indonesia,USDC
158,157.71890575604485,1126951377854.1519,466,S5_twin_shock_imf_bailout,indonesia,USDC
159,126.5651246048359,1098777601715.4729,466,S5_twin_shock_imf_bailout,indonesia,USDC
160,101.64209968386872,1071308168318.7263,466,S5_twin_shock_imf_bailout,indonesia,USDC
161,81.70367974709498,1044525469427.6702,466,S5_twin_shock_imf_bailout,indonesia,USDC
162,65.75294379767598,1018412336945.508,466,S5_twin_shock_imf_bailout,indonesia,USDC
163,52.99235503814079,992952031924.694,466,S5_twin_shock_imf_bailout,indonesia,USDC
164,42.78388403051264,968128233848.8354,466,S5_twin_shock_imf_bailout,indonesia,USDC
165,34.61710722441011,943925030180.4219,466,S5_twin_shock_imf_bailout,indonesia,USDC
166,28.083685779528086,920326906168.157,466,S5_twin_shock_imf_bailout,indonesia,USDC
167,22.85694862362247,897318734907.7498,466,S5_twin_shock_imf_bailout,indonesia,USDC
168,18.675558898897975,874885767650.0933,466,S5_twin_shock_imf_bailout,indonesia,USDC
169,15.330447119118379,853013624350.8706,466,S5_twin_shock_imf_bailout,indonesia,USDC
170,12.654357695294703,831688284455.7229,466,S5_twin_shock_imf_bailout,indonesia,USDC
171,10.513486156235762,810896077915.2288,466,S5_twin_shock_imf_bailout,indonesia,USDC
172,8.800788924988609,790623676424.0673,466,S5_twin_shock_imf_bailout,indonesia,USDC
173,7.430631139990888,770858084878.8411,466,S5_twin_shock_imf_bailout,indonesia,USDC
174,6.334504911992711,751586633049.1704,466,S5_twin_shock_imf_bailout,indonesia,USDC
175,5.457603929594168,732796967456.7814,466,S5_twin_shock_imf_bailout,indonesia,USDC
176,4.756083143675334,714477043457.434,466,S5_twin_shock_imf_bailout,indonesia,USDC
177,4.1948665149402675,696615117520.6559,466,S5_twin_shock_imf_bailout,indonesia,USDC
178,3.745893211952214,679199739702.3657,466,S5_twin_shock_imf_bailout,indonesia,USDC
179,3.3867145695617715,662219746305.5876,466,S5_twin_shock_imf_bailout,indonesia,USDC
180,3.099371655649417,645664252724.5728,466,S5_twin_shock_imf_bailout,indonesia,USDC
181,2.8694973245195334,629522646467.7583,466,S5_twin_shock_imf_bailout,indonesia,USDC
182,2.685597859615627,613784580355.1042,466,S5_twin_shock_imf_bailout,indonesia,USDC
183,2.5384782876925014,598439965885.4585,466,S5_twin_shock_imf_bailout,indonesia,USDC
184,2.420782630154001,583478966769.7075,466,S5_twin_shock_imf_bailout,indonesia,USDC
185,2.326626104123201,568891992625.5731,466,S5_twin_shock_imf_bailout,indonesia,USDC
186,2.2513008832985606,554669692830.0206,466,S5_twin_shock_imf_bailout,indonesia,USDC
187,2.1910407066388484,540802950525.3394,466,S5_twin_shock_imf_bailout,indonesia,USDC
188,2.1428325653110787,527282876775.0614,466,S5_twin_shock_imf_bailout,indonesia,USDC
189,2.104266052248863,514100804865.9693,466,S5_twin_shock_imf_bailout,indonesia,USDC
190,2.0734128417990907,501248284752.54755,466,S5_twin_shock_imf_bailout,indonesia,USDC
191,2.0487302734392725,488717077640.3159,466,S5_twin_shock_imf_bailout,indonesia,USDC
192,2.0289842187514178,476499150704.5736,466,S5_twin_shock_imf_bailout,indonesia,USDC
193,2.0131873750011344,464586671941.1718,466,S5_twin_shock_imf_bailout,indonesia,USDC
194,1.9621369295157518,452972005146.0126,466,S5_twin_shock_imf_bailout,indonesia,USDC
195,1.8070233441589387,441647705020.05817,466,S5_twin_shock_imf_bailout,indonesia,USDC
196,1.7070079089900025,430606512396.7135,466,S5_twin_shock_imf_bailout,indonesia,USDC
197,1.6307780533624918,419841349588.5211,466,S5_twin_shock_imf_bailout,indonesia,USDC
198,1.5746159623258555,409345315850.18835,466,S5_twin_shock_imf_bailout,indonesia,USDC
199,1.5000341702395805,399111682955.0379,466,S5_twin_shock_imf_bailout,indonesia,USDC
200,1.425179146633368,389133890882.0454,466,S5_twin_shock_imf_bailout,indonesia,USDC
201,1.364193823956791,379405543610.701,466,S5_twin_shock_imf_bailout,indonesia,USDC
202,1.3110476141992664,369920405020.99884,466,S5_twin_shock_imf_bailout,indonesia,USDC
203,1.2584667413794983,360672394895.9262,466,S5_twin_shock_imf_bailout,indonesia,USDC
204,1.2057674358828951,351655585023.8899,466,S5_twin_shock_imf_bailout,indonesia,USDC
205,1.1717617417924675,342864195398.58215,466,S5_twin_shock_imf_bailout,indonesia,USDC
206,1.109332372452492,334292590513.8491,466,S5_twin_shock_imf_bailout,indonesia,USDC
207,1.0806893620613076,325935275751.1882,466,S5_twin_shock_imf_bailout,indonesia,USDC
208,1.0070551974955084,317786893857.5567,466,S5_twin_shock_imf_bailout,indonesia,USDC
209,0.9792627869388841,309842221511.2363,466,S5_twin_shock_imf_bailout,indonesia,USDC
210,0.9620203635659703,302096165973.5503,466,S5_twin_shock_imf_bailout,indonesia,USDC
211,0.9224271217340212,294411104013.6426,466,S5_twin_shock_imf_bailout,indonesia,USDC
212,0.9494013926911586,286167610194.1659,466,S5_twin_shock_imf_bailout,indonesia,USDC
213,0.9134929546962128,278643529272.5698,466,S5_twin_shock_imf_bailout,indonesia,USDC
214,0.9318248498517754,270641164723.47818,466,S5_twin_shock_imf_bailout,indonesia,USDC
215,0.9008699382019351,263215829350.75323,466,S5_twin_shock_imf_bailout,indonesia,USDC
216,0.9010279706077755,255543336707.42242,466,S5_twin_shock_imf_bailout,indonesia,USDC
217,0.9043003714386902,248113729811.71835,466,S5_twin_shock_imf_bailout,indonesia,USDC
218,0.8879319696751385,240965352588.58865,466,S5_twin_shock_imf_bailout,indonesia,USDC
219,0.888516320336512,233915293366.9372,466,S5_twin_shock_imf_bailout,indonesia,USDC
220,0.8937091953252264,227083157859.604,466,S5_twin_shock_imf_bailout,indonesia,USDC
221,0.9002957488761143,220580814218.4044,466,S5_twin_shock_imf_bailout,indonesia,USDC
222,0.8758179472682556,214387141602.64752,466,S5_twin_shock_imf_bailout,indonesia,USDC
223,0.879270535233658,208145725672.6203,466,S5_twin_shock_imf_bailout,indonesia,USDC
224,0.8710450123185397,202171738930.959,466,S5_twin_shock_imf_bailout,indonesia,USDC
225,0.8394753006750607,196351401546.9504,466,S5_twin_shock_imf_bailout,indonesia,USDC
226,0.8579262122239789,190509107632.48627,466,S5_twin_shock_imf_bailout,indonesia,USDC
227,0.843715766440391,185051031146.50128,466,S5_twin_shock_imf_bailout,indonesia,USDC
228,0.8275436128856187,179729576732.2494,466,S5_twin_shock_imf_bailout,indonesia,USDC
229,0.8557726718798884,174537606844.81427,466,S5_twin_shock_imf_bailout,indonesia,USDC
230,0.8513713843740647,169696178742.66772,466,S5_twin_shock_imf_bailout,indonesia,USDC
231,0.8719945664664914,165043260830.1077,466,S5_twin_shock_imf_bailout,indonesia,USDC
232,0.8343420963463041,160610868835.10297,466,S5_twin_shock_imf_bailout,indonesia,USDC
233,0.860934514235351,156195030879.7379,466,S5_twin_shock_imf_bailout,indonesia,USDC
234,0.8502322589751922,152030809235.4181,466,S5_twin_shock_imf_bailout,indonesia,USDC
235,0.8459844829487133,147974890276.89444,466,S5_twin_shock_imf_bailout,indonesia,USDC
236,0.8602341849010902,144031555377.43552,466,S5_twin_shock_imf_bailout,indonesia,USDC
237,0.84318324219088,140237809404.9478,466,S5_twin_shock_imf_bailout,indonesia,USDC
238,0.8401140838639025,136546383923.51147,466,S5_twin_shock_imf_bailout,indonesia,USDC
239,0.8812640635025242,132966006300.24918,466,S5_twin_shock_imf_bailout,indonesia,USDC
240,0.8742711109811111,129535738434.0345,466,S5_twin_shock_imf_bailout,indonesia,USDC
241,0.8503077573948353,126200167340.771,466,S5_twin_shock_imf_bailout,indonesia,USDC
242,0.8500811361327623,122934492864.62115,466,S5_twin_shock_imf_bailout,indonesia,USDC
243,0.8446160863013727,119760899208.89966,466,S5_twin_shock_imf_bailout,indonesia,USDC
244,0.8556343418581946,116676445734.5954,466,S5_twin_shock_imf_bailout,indonesia,USDC
245,0.8660516961354902,113685476150.10007,466,S5_twin_shock_imf_bailout,indonesia,USDC
246,0.8819854131145398,110785056976.10588,466,S5_twin_shock_imf_bailout,indonesia,USDC
247,0.8742572734008306,107970073664.43257,466,S5_twin_shock_imf_bailout,indonesia,USDC
248,0.8493978711301947,105224719291.10849,466,S5_twin_shock_imf_bailout,indonesia,USDC
249,0.8413849849085807,102542681501.55963,466,S5_twin_shock_imf_bailout,indonesia,USDC
250,0.847488042286287,99929733126.75076,466,S5_twin_shock_imf_bailout,indonesia,USDC
251,0.8388499063702001,97391458015.13614,466,S5_twin_shock_imf_bailout,indonesia,USDC
252,0.841185060949477,94917361079.94983,466,S5_twin_shock_imf_bailout,indonesia,USDC
253,0.841555060178844,92511036888.85287,466,S5_twin_shock_imf_bailout,indonesia,USDC
254,0.85475599614606,90169388151.00275,466,S5_twin_shock_imf_bailout,indonesia,USDC
255,0.8747392853552419,87892678365.59865,466,S5_twin_shock_imf_bailout,indonesia,USDC
256,0.8560593313621729,85678990708.47269,466,S5_twin_shock_imf_bailout,indonesia,USDC
257,0.8443914802745622,83519737804.0798,466,S5_twin_shock_imf_bailout,indonesia,USDC
258,0.8481157185107355,81415582822.78615,466,S5_twin_shock_imf_bailout,indonesia,USDC
259,0.8406146439384808,79365506121.25557,466,S5_twin_shock_imf_bailout,indonesia,USDC
260,0.8527113036224515,77368015134.49133,466,S5_twin_shock_imf_bailout,indonesia,USDC
261,0.8226653508908228,75423516259.14326,466,S5_twin_shock_imf_bailout,indonesia,USDC
262,0.8232685728745773,73526472126.79305,466,S5_twin_shock_imf_bailout,indonesia,USDC
263,0.826545091725056,71678772774.7953,466,S5_twin_shock_imf_bailout,indonesia,USDC
264,0.8320730732820867,69878465261.79488,466,S5_twin_shock_imf_bailout,indonesia,USDC
265,0.8312048461341472,68124648343.89169,466,S5_twin_shock_imf_bailout,indonesia,USDC
266,0.8106733318360004,66415839584.91194,466,S5_twin_shock_imf_bailout,indonesia,USDC
267,0.8125481817968501,64749658095.63356,466,S5_twin_shock_imf_bailout,indonesia,USDC
268,0.8149080912785671,63126105072.048386,466,S5_twin_shock_imf_bailout,indonesia,USDC
269,0.8115494141274157,61543784188.77561,466,S5_twin_shock_imf_bailout,indonesia,USDC
270,0.8072521497714913,60001611949.00122,466,S5_twin_shock_imf_bailout,indonesia,USDC
271,0.7965395895466573,58498679304.06073,466,S5_twin_shock_imf_bailout,indonesia,USDC
272,0.7858486444564915,57033452777.00902,466,S5_twin_shock_imf_bailout,indonesia,USDC
273,0.7794324662787158,55605350606.28342,466,S5_twin_shock_imf_bailout,indonesia,USDC
274,0.775288663971282,54213212753.46846,466,S5_twin_shock_imf_bailout,indonesia,USDC
275,0.7743728005969851,52856260660.45828,466,S5_twin_shock_imf_bailout,indonesia,USDC
276,0.797617505574052,51533512220.8094,466,S5_twin_shock_imf_bailout,indonesia,USDC
277,0.8169514994146055,50244207946.41052,466,S5_twin_shock_imf_bailout,indonesia,USDC
278,0.8058434257920541,48987411679.166336,466,S5_twin_shock_imf_bailout,indonesia,USDC
279,0.7805872324093394,47762124386.78936,466,S5_twin_shock_imf_bailout,indonesia,USDC
280,0.7824229191875055,46567462348.983826,466,S5_twin_shock_imf_bailout,indonesia,USDC
281,0.7915807759275623,45402778831.82763,466,S5_twin_shock_imf_bailout,indonesia,USDC
282,0.7824963218991352,44267343132.09285,466,S5_twin_shock_imf_bailout,indonesia,USDC
283,0.7675403790013852,43160348780.911674,466,S5_twin_shock_imf_bailout,indonesia,USDC
284,0.7648061584056641,42081060061.73767,466,S5_twin_shock_imf_bailout,indonesia,USDC
285,0.7523804973704746,41028806505.61812,466,S5_twin_shock_imf_bailout,indonesia,USDC
286,0.7781650000978676,40002890895.20748,466,S5_twin_shock_imf_bailout,indonesia,USDC
287,0.7999456219589177,39002686899.39033,466,S5_twin_shock_imf_bailout,indonesia,USDC
288,0.7978600876012618,38027524990.58545,466,S5_twin_shock_imf_bailout,indonesia,USDC
289,0.7947471948248576,37076758863.985565,466,S5_twin_shock_imf_bailout,indonesia,USDC
290,0.7855925569487691,36149770985.357025,466,S5_twin_shock_imf_bailout,indonesia,USDC
291,0.7974151628191197,35245965866.85957,466,S5_twin_shock_imf_bailout,indonesia,USDC
292,0.7933014396733787,34364773309.30332,466,S5_twin_shock_imf_bailout,indonesia,USDC
293,0.6942941025938772,33505614667.601814,466,S5_twin_shock_imf_bailout,indonesia,USDC
294,0.726310988866802,32667926920.319088,466,S5_twin_shock_imf_bailout,indonesia,USDC
295,0.7461608102713195,31851198135.37065,466,S5_twin_shock_imf_bailout,indonesia,USDC
296,0.7465799148554695,31054895859.9581,466,S5_twin_shock_imf_bailout,indonesia,USDC
297,0.7501047140630717,30278506915.09306,466,S5_twin_shock_imf_bailout,indonesia,USDC
298,0.7493299686802064,29521531250.76025,466,S5_twin_shock_imf_bailout,indonesia,USDC
299,0.7406705149751219,28783482964.73704,466,S5_twin_shock_imf_bailout,indonesia,USDC
300,0.747170694274292,28063887386.49283,466,S5_twin_shock_imf_bailout,indonesia,USDC
301,0.7368002115249448,27362283870.49688,466,S5_twin_shock_imf_bailout,indonesia,USDC
302,0.7434643291000208,26678221831.693264,466,S5_twin_shock_imf_bailout,indonesia,USDC
303,0.7389167037326253,26011262352.137844,466,S5_twin_shock_imf_bailout,indonesia,USDC
304,0.7756182623753205,25360977891.487263,466,S5_twin_shock_imf_bailout,indonesia,USDC
305,0.7774748292533309,24726951479.411865,466,S5_twin_shock_imf_bailout,indonesia,USDC
306,0.7362088438230248,24108776095.950672,466,S5_twin_shock_imf_bailout,indonesia,USDC
307,0.7464327031433268,23506055227.335392,466,S5_twin_shock_imf_bailout,indonesia,USDC
308,0.7474965529547376,22918402719.157303,466,S5_twin_shock_imf_bailout,indonesia,USDC
309,0.758407437305299,22345441817.43347,466,S5_twin_shock_imf_bailout,indonesia,USDC
310,0.7580109875163976,21786805125.289413,466,S5_twin_shock_imf_bailout,indonesia,USDC
311,0.7640463821622119,21242134478.573517,466,S5_twin_shock_imf_bailout,indonesia,USDC
312,0.77333761955199,20711080745.450245,466,S5_twin_shock_imf_bailout,indonesia,USDC
313,0.7981641879964332,20193303437.864075,466,S5_twin_shock_imf_bailout,indonesia,USDC
314,0.7919794636145226,19688470640.365387,466,S5_twin_shock_imf_bailout,indonesia,USDC
315,0.7868702236032596,19196258700.823753,466,S5_twin_shock_imf_bailout,indonesia,USDC
316,0.7578447567005009,18716352086.318455,466,S5_twin_shock_imf_bailout,indonesia,USDC
317,0.7855477492860274,18248443144.87603,466,S5_twin_shock_imf_bailout,indonesia,USDC
318,0.8130152419017501,17792231972.61178,466,S5_twin_shock_imf_bailout,indonesia,USDC
319,0.8033272545165676,17347426107.971687,466,S5_twin_shock_imf_bailout,indonesia,USDC
320,0.8239429997016597,16913740392.748734,466,S5_twin_shock_imf_bailout,indonesia,USDC
321,0.7735636195195433,16490896839.40466,466,S5_twin_shock_imf_bailout,indonesia,USDC
322,0.7930124921146605,16078624368.228876,466,S5_twin_shock_imf_bailout,indonesia,USDC
323,0.7996326935124471,15676658721.852564,466,S5_twin_shock_imf_bailout,indonesia,USDC
324,0.7930898306982898,15284742225.627129,466,S5_twin_shock_imf_bailout,indonesia,USDC
325,0.787153362870542,14902623645.55381,466,S5_twin_shock_imf_bailout,indonesia,USDC
326,0.7956748531471229,14530058032.199589,466,S5_twin_shock_imf_bailout,indonesia,USDC
327,0.8009522444484364,14166806564.560589,466,S5_twin_shock_imf_bailout,indonesia,USDC
328,0.7969430829328982,13812636387.52163,466,S5_twin_shock_imf_bailout,indonesia,USDC
329,0.8054536305109833,13467320466.302422,466,S5_twin_shock_imf_bailout,indonesia,USDC
330,0.8042392686800162,13130637445.425697,466,S5_twin_shock_imf_bailout,indonesia,USDC
331,0.7880946251697787,12802371501.726225,466,S5_twin_shock_imf_bailout,indonesia,USDC
332,0.7979362510796453,12482312207.548967,466,S5_twin_shock_imf_bailout,indonesia,USDC
333,0.7989497158953199,12170254397.195904,466,S5_twin_shock_imf_bailout,indonesia,USDC
334,0.8011470459092308,11865998032.808332,466,S5_twin_shock_imf_bailout,indonesia,USDC
335,0.7834099030057314,11569348078.34976,466,S5_twin_shock_imf_bailout,indonesia,USDC
336,0.7842157204467314,11280114373.120674,466,S5_twin_shock_imf_bailout,indonesia,USDC
337,0.6568824813674526,10998111511.142359,466,S5_twin_shock_imf_bailout,indonesia,USDC
338,0.6534353409489365,10723158719.779064,466,S5_twin_shock_imf_bailout,indonesia,USDC
339,0.6786956070440204,10455079749.266048,466,S5_twin_shock_imf_bailout,indonesia,USDC
340,0.7007445898292237,10193702753.869396,466,S5_twin_shock_imf_bailout,indonesia,USDC
341,0.6950958509343791,9938860183.938034,466,S5_twin_shock_imf_bailout,indonesia,USDC
342,0.7080692008582071,9690388678.51887,466,S5_twin_shock_imf_bailout,indonesia,USDC
343,0.7027851292074518,9448128961.006203,466,S5_twin_shock_imf_bailout,indonesia,USDC
344,0.7207367297114168,9211925736.58418,466,S5_twin_shock_imf_bailout,indonesia,USDC
345,0.7160778080742362,8981627592.88518,466,S5_twin_shock_imf_bailout,indonesia,USDC
346,0.7344922454967465,8757086902.85441,466,S5_twin_shock_imf_bailout,indonesia,USDC
347,0.7463560001630541,8538159730.131786,466,S5_twin_shock_imf_bailout,indonesia,USDC
348,0.6445744321017601,8324705736.77108,466,S5_twin_shock_imf_bailout,indonesia,USDC
349,0.6801753895312957,8116588093.225357,466,S5_twin_shock_imf_bailout,indonesia,USDC
350,0.6847246906398884,7913673390.81989,466,S5_twin_shock_imf_bailout,indonesia,USDC
351,0.6727244450983261,7715831555.99876,466,S5_twin_shock_imf_bailout,indonesia,USDC
352,0.6820987369231515,7522935767.060486,466,S5_twin_shock_imf_bailout,indonesia,USDC
353,0.7258129833370296,7334862372.859217,466,S5_twin_shock_imf_bailout,indonesia,USDC
354,0.7332796426833784,7151490813.523023,466,S5_twin_shock_imf_bailout,indonesia,USDC
355,0.7565030473012003,6972703543.173627,466,S5_twin_shock_imf_bailout,indonesia,USDC
356,0.74901980873413,6798385954.586674,466,S5_twin_shock_imf_bailout,indonesia,USDC
357,0.7350467390012863,6628426305.715563,466,S5_twin_shock_imf_bailout,indonesia,USDC
358,0.7141142387922558,6462715648.067683,466,S5_twin_shock_imf_bailout,indonesia,USDC
359,0.7133783622512371,6301147756.861715,466,S5_twin_shock_imf_bailout,indonesia,USDC
360,0.7193058605783216,6143619062.937032,466,S5_twin_shock_imf_bailout,indonesia,USDC
361,0.74215949842423,5990028586.361256,466,S5_twin_shock_imf_bailout,indonesia,USDC
362,0.7537472421032274,5840277871.700596,466,S5_twin_shock_imf_bailout,indonesia,USDC
363,0.7523643337478917,5694270924.906887,466,S5_twin_shock_imf_bailout,indonesia,USDC
364,0.7526157860741522,5551914151.783259,466,S5_twin_shock_imf_bailout,indonesia,USDC
365,0.7558064823832371,5413116297.987938,466,S5_twin_shock_imf_bailout,indonesia,USDC
366,0.761828128290676,5277788390.537695,466,S5_twin_shock_imf_bailout,indonesia,USDC
367,0.7401037711163752,5145843680.773836,466,S5_twin_shock_imf_bailout,indonesia,USDC
368,0.7583809131400697,5017197588.754126,466,S5_twin_shock_imf_bailout,indonesia,USDC
369,0.7579083726181033,4891767649.035003,466,S5_twin_shock_imf_bailout,indonesia,USDC
370,0.7531034900376746,4769473457.808928,466,S5_twin_shock_imf_bailout,indonesia,USDC
371,0.750209322730213,4650236621.363536,466,S5_twin_shock_imf_bailout,indonesia,USDC
372,0.7629025990942074,4533980705.82932,466,S5_twin_shock_imf_bailout,indonesia,USDC
373,0.7567569038988659,4420631188.183488,466,S5_twin_shock_imf_bailout,indonesia,USDC
374,0.7486582238236654,4310115408.478819,466,S5_twin_shock_imf_bailout,indonesia,USDC
375,0.7556707798733234,4202362523.2667823,466,S5_twin_shock_imf_bailout,indonesia,USDC
376,0.7457411507908042,4097303460.185065,466,S5_twin_shock_imf_bailout,indonesia,USDC
377,0.7318302900442928,3994870873.680399,466,S5_twin_shock_imf_bailout,indonesia,USDC
378,0.7393709086235396,3894999101.8383565,466,S5_twin_shock_imf_bailout,indonesia,USDC
379,0.7159246455634988,3797624124.2923737,466,S5_twin_shock_imf_bailout,indonesia,USDC
380,0.7311280792484659,3702683521.185044,466,S5_twin_shock_imf_bailout,indonesia,USDC
381,0.7490848002355379,3610116433.155403,466,S5_twin_shock_imf_bailout,indonesia,USDC
382,0.7739088545011547,3519863522.3265076,466,S5_twin_shock_imf_bailout,indonesia,USDC
383,0.7857891541779195,3431866934.268338,466,S5_twin_shock_imf_bailout,indonesia,USDC
384,0.7860414987115494,3346070260.911625,466,S5_twin_shock_imf_bailout,indonesia,USDC
385,0.8224925973885617,3262418504.388829,466,S5_twin_shock_imf_bailout,indonesia,USDC
386,0.8027030946992506,3180858041.779106,466,S5_twin_shock_imf_bailout,indonesia,USDC
387,0.7925165754605692,3101336590.734626,466,S5_twin_shock_imf_bailout,indonesia,USDC
388,0.8240415742264106,3023803175.9662576,466,S5_twin_shock_imf_bailout,indonesia,USDC
389,0.8056720486466011,2948208096.5670996,466,S5_twin_shock_imf_bailout,indonesia,USDC
390,0.8080622704290903,2874502894.1529202,466,S5_twin_shock_imf_bailout,indonesia,USDC
391,0.8210742819207553,2802640321.799096,466,S5_twin_shock_imf_bailout,indonesia,USDC
392,0.8290643602129838,2732574313.754118,466,S5_twin_shock_imf_bailout,indonesia,USDC
393,0.81011147391997,2664259955.910264,466,S5_twin_shock_imf_bailout,indonesia,USDC
394,0.794955132463938,2597653457.012507,466,S5_twin_shock_imf_bailout,indonesia,USDC
395,0.8141653796543699,2532712120.5871935,466,S5_twin_shock_imf_bailout,indonesia,USDC
396,0.8113412369153687,2469394317.572513,466,S5_twin_shock_imf_bailout,indonesia,USDC
397,0.7891411442696378,2407659459.6331997,466,S5_twin_shock_imf_bailout,indonesia,USDC
398,0.7848618511516572,2347467973.1423693,466,S5_twin_shock_imf_bailout,indonesia,USDC
399,0.8034079222800423,2288781273.81381,466,S5_twin_shock_imf_bailout,indonesia,USDC
400,0.7952856981509704,2231561741.9684644,466,S5_twin_shock_imf_bailout,indonesia,USDC
401,0.8123175288998303,2175772698.419252,466,S5_twin_shock_imf_bailout,indonesia,USDC
402,0.8124517754495407,2121378380.9587708,466,S5_twin_shock_imf_bailout,indonesia,USDC
403,0.8005015175415646,2068343921.4348016,466,S5_twin_shock_imf_bailout,indonesia,USDC
404,0.7935691103068085,2016635323.3989315,466,S5_twin_shock_imf_bailout,indonesia,USDC
405,0.8083007081664915,1966219440.3139582,466,S5_twin_shock_imf_bailout,indonesia,USDC
406,0.8034403140772683,1917063954.3061094,466,S5_twin_shock_imf_bailout,indonesia,USDC
407,0.8016999501400329,1869137355.4484568,466,S5_twin_shock_imf_bailout,indonesia,USDC
408,0.7784060210893431,1822408921.562245,466,S5_twin_shock_imf_bailout,indonesia,USDC
409,0.7720828938645526,1776848698.5231888,466,S5_twin_shock_imf_bailout,indonesia,USDC
410,0.7740579751159413,1732427481.0601091,466,S5_twin_shock_imf_bailout,indonesia,USDC
411,0.8011824176907684,1689116794.0336065,466,S5_twin_shock_imf_bailout,indonesia,USDC
412,0.8405753428969756,1646888874.1827664,466,S5_twin_shock_imf_bailout,indonesia,USDC
413,0.8480491379968952,1605716652.328197,466,S5_twin_shock_imf_bailout,indonesia,USDC
414,0.8424584861149432,1565573736.0199924,466,S5_twin_shock_imf_bailout,indonesia,USDC
415,0.8329888122960791,1526434392.6194925,466,S5_twin_shock_imf_bailout,indonesia,USDC
416,0.8522722974423138,1488273532.8040051,466,S5_twin_shock_imf_bailout,indonesia,USDC
417,0.852909677190295,1451066694.483905,466,S5_twin_shock_imf_bailout,indonesia,USDC
418,0.8508220342731092,1414790027.1218076,466,S5_twin_shock_imf_bailout,indonesia,USDC
419,0.826502852948192,1379420276.4437623,466,S5_twin_shock_imf_bailout,indonesia,USDC
420,0.8242295315462033,1344934769.5326684,466,S5_twin_shock_imf_bailout,indonesia,USDC
421,0.8065716382685416,1311311400.2943516,466,S5_twin_shock_imf_bailout,indonesia,USDC
422,0.8002833806852402,1278528615.2869925,466,S5_twin_shock_imf_bailout,indonesia,USDC
423,0.8349672905097065,1246565399.9048178,466,S5_twin_shock_imf_bailout,indonesia,USDC
424,0.8477560100800788,1215401264.9071975,466,S5_twin_shock_imf_bailout,indonesia,USDC
425,0.8470882942119272,1185016233.2845173,466,S5_twin_shock_imf_bailout,indonesia,USDC
426,0.8545384167310504,1155390827.4524045,466,S5_twin_shock_imf_bailout,indonesia,USDC
427,0.83548970770772,1126506056.7660944,466,S5_twin_shock_imf_bailout,indonesia,USDC
428,0.8387669842012375,1098343405.346942,466,S5_twin_shock_imf_bailout,indonesia,USDC
429,0.8407774115901026,1070884820.2132685,466,S5_twin_shock_imf_bailout,indonesia,USDC
430,0.8548597535026209,1044112699.7079368,466,S5_twin_shock_imf_bailout,indonesia,USDC
431,0.8678100745188467,1018009882.2152383,466,S5_twin_shock_imf_bailout,indonesia,USDC
432,0.8526137236596845,992559635.1598574,466,S5_twin_shock_imf_bailout,indonesia,USDC
433,0.8611115347086239,967745644.2808611,466,S5_twin_shock_imf_bailout,indonesia,USDC
434,0.868037255737352,943552003.1738396,466,S5_twin_shock_imf_bailout,indonesia,USDC
435,0.875277814116565,919963203.0944934,466,S5_twin_shock_imf_bailout,indonesia,USDC
436,0.858008516656179,896964123.0171311,466,S5_twin_shock_imf_bailout,indonesia,USDC
437,0.8431249333156692,874540019.9417028,466,S5_twin_shock_imf_bailout,indonesia,USDC
438,0.8515953757191332,852676519.4431603,466,S5_twin_shock_imf_bailout,indonesia,USDC
439,0.8549134251545697,831359606.4570813,466,S5_twin_shock_imf_bailout,indonesia,USDC
440,0.8365834045469582,810575616.2956543,466,S5_twin_shock_imf_bailout,indonesia,USDC
441,0.8128138731447302,790311225.8882629,466,S5_twin_shock_imf_bailout,indonesia,USDC
442,0.8070846801981322,770553445.2410562,466,S5_twin_shock_imf_bailout,indonesia,USDC
443,0.8062579033798305,751289609.1100299,466,S5_twin_shock_imf_bailout,indonesia,USDC
444,0.7923334351938695,732507368.8822792,466,S5_twin_shock_imf_bailout,indonesia,USDC
445,0.7832879458339098,714194684.6602222,466,S5_twin_shock_imf_bailout,indonesia,USDC
446,0.7878979415242543,696339817.5437167,466,S5_twin_shock_imf_bailout,indonesia,USDC
447,0.792826439253195,678931322.1051238,466,S5_twin_shock_imf_bailout,indonesia,USDC
448,0.7988151572929213,661958039.0524957,466,S5_twin_shock_imf_bailout,indonesia,USDC
449,0.8056366627763744,645409088.0761832,466,S5_twin_shock_imf_bailout,indonesia,USDC
450,0.804480462271417,629273860.8742787,466,S5_twin_shock_imf_bailout,indonesia,USDC
451,0.7941318271018747,613542014.3524216,466,S5_twin_shock_imf_bailout,indonesia,USDC
452,0.8048736112711725,598203463.9936111,466,S5_twin_shock_imf_bailout,indonesia,USDC
453,0.7581320181256886,583248377.3937708,466,S5_twin_shock_imf_bailout,indonesia,USDC
454,0.7707980298856731,568667167.9589266,466,S5_twin_shock_imf_bailout,indonesia,USDC
455,0.7816683376618031,554450488.7599534,466,S5_twin_shock_imf_bailout,indonesia,USDC
456,0.7998538268199185,540589226.5409546,466,S5_twin_shock_imf_bailout,indonesia,USDC
457,0.789120633491429,527074495.87743074,466,S5_twin_shock_imf_bailout,indonesia,USDC
458,0.8138493158193257,513897633.480495,466,S5_twin_shock_imf_bailout,indonesia,USDC
459,0.7936697176209744,501050192.64348257,466,S5_twin_shock_imf_bailout,indonesia,USDC
460,0.7761973024185853,488523937.8273955,466,S5_twin_shock_imf_bailout,indonesia,USDC
461,0.773833588017046,476310839.3817105,466,S5_twin_shock_imf_bailout,indonesia,USDC
462,0.7754189888730778,464403068.3971678,466,S5_twin_shock_imf_bailout,indonesia,USDC
463,0.7858555476306848,452792991.6872387,466,S5_twin_shock_imf_bailout,indonesia,USDC
464,0.796337242629283,441473166.8950577,466,S5_twin_shock_imf_bailout,indonesia,USDC
465,0.7919964473190302,430436337.7226813,466,S5_twin_shock_imf_bailout,indonesia,USDC
466,0.6951431748339749,419675429.2796142,466,S5_twin_shock_imf_bailout,indonesia,USDC
467,0.7009216092782994,409183543.5476239,466,S5_twin_shock_imf_bailout,indonesia,USDC
468,0.6996929298785663,398953954.95893323,466,S5_twin_shock_imf_bailout,indonesia,USDC
469,0.7101945345958846,388980106.0849599,466,S5_twin_shock_imf_bailout,indonesia,USDC
470,0.707970317107452,379255603.43283594,466,S5_twin_shock_imf_bailout,indonesia,USDC
471,0.7144876064150897,369774213.347015,466,S5_twin_shock_imf_bailout,indonesia,USDC
472,0.7365543367658501,360529858.01333964,466,S5_twin_shock_imf_bailout,indonesia,USDC
473,0.7460556825265506,351516611.56300616,466,S5_twin_shock_imf_bailout,indonesia,USDC
474,0.7406330211451364,342728696.273931,466,S5_twin_shock_imf_bailout,indonesia,USDC
475,0.743198573624071,334160478.8670827,466,S5_twin_shock_imf_bailout,indonesia,USDC
476,0.7288114524191412,325806466.89540565,466,S5_twin_shock_imf_bailout,indonesia,USDC
477,0.7284961388873711,317661305.22302055,466,S5_twin_shock_imf_bailout,indonesia,USDC
478,0.7228848856464601,309719772.592445,466,S5_twin_shock_imf_bailout,indonesia,USDC
479,0.7452856187449652,301976778.2776339,466,S5_twin_shock_imf_bailout,indonesia,USDC
480,0.753440294756752,294427358.820693,466,S5_twin_shock_imf_bailout,indonesia,USDC
481,0.7356095894596961,287066674.85017574,466,S5_twin_shock_imf_bailout,indonesia,USDC
482,0.7391216209281473,279890007.97892135,466,S5_twin_shock_imf_bailout,indonesia,USDC
483,0.775786095894001,272892757.77944833,466,S5_twin_shock_imf_bailout,indonesia,USDC
484,0.7792062999920866,266070438.83496213,466,S5_twin_shock_imf_bailout,indonesia,USDC
485,0.7983491523137269,259418677.86408806,466,S5_twin_shock_imf_bailout,indonesia,USDC
486,0.772388377022404,252933210.9174859,466,S5_twin_shock_imf_bailout,indonesia,USDC
487,0.7972082109402513,246609880.6445487,466,S5_twin_shock_imf_bailout,indonesia,USDC
488,0.8075894371309932,240444633.62843502,466,S5_twin_shock_imf_bailout,indonesia,USDC
489,0.8199364835895173,234433517.78772414,466,S5_twin_shock_imf_bailout,indonesia,USDC
490,0.7483170766760231,228572679.84303105,466,S5_twin_shock_imf_bailout,indonesia,USDC
491,0.7575437026775577,222858362.84695524,466,S5_twin_shock_imf_bailout,indonesia,USDC
492,0.7475605846569671,217286903.7757814,466,S5_twin_shock_imf_bailout,indonesia,USDC
493,0.7772133460264896,211854731.18138683,466,S5_twin_shock_imf_bailout,indonesia,USDC
494,0.7515854742448174,206558362.90185216,466,S5_twin_shock_imf_bailout,indonesia,USDC
495,0.7525040148522969,201394403.82930586,466,S5_twin_shock_imf_bailout,indonesia,USDC
496,0.7540333181832067,196359543.7335732,466,S5_twin_shock_imf_bailout,indonesia,USDC
497,0.778414581490924,191450555.14023387,466,S5_twin_shock_imf_bailout,indonesia,USDC
498,0.7761557465626494,186664291.26172802,466,S5_twin_shock_imf_bailout,indonesia,USDC
499,0.7829471242894603,181997683.9801848,466,S5_twin_shock_imf_bailout,indonesia,USDC
500,0.763901834928211,177447741.8806802,466,S5_twin_shock_imf_bailout,indonesia,USDC
501,0.7503196373895924,173011548.3336632,466,S5_twin_shock_imf_bailout,indonesia,USDC
502,0.7657952561315905,168686259.6253216,466,S5_twin_shock_imf_bailout,indonesia,USDC
503,0.7741067769198368,164469103.13468856,466,S5_twin_shock_imf_bailout,indonesia,USDC
504,0.7617182961989409,160357375.55632135,466,S5_twin_shock_imf_bailout,indonesia,USDC
505,0.7599260580840899,156348441.1674133,466,S5_twin_shock_imf_bailout,indonesia,USDC
506,0.7683404998679876,152439730.13822797,466,S5_twin_shock_imf_bailout,indonesia,USDC
507,0.7805617056386409,148628736.8847723,466,S5_twin_shock_imf_bailout,indonesia,USDC
508,0.7816133861040057,144913018.46265298,466,S5_twin_shock_imf_bailout,indonesia,USDC
509,0.7686784313696416,141290193.00108665,466,S5_twin_shock_imf_bailout,indonesia,USDC
510,0.7825292664540775,137757938.17605948,466,S5_twin_shock_imf_bailout,indonesia,USDC
511,0.7787387659915957,134313989.721658,466,S5_twin_shock_imf_bailout,indonesia,USDC
512,0.78002075983564,130956139.97861654,466,S5_twin_shock_imf_bailout,indonesia,USDC
513,0.7758052195708254,127682236.47915111,466,S5_twin_shock_imf_bailout,indonesia,USDC
514,0.7886017839240019,124490180.56717235,466,S5_twin_shock_imf_bailout,indonesia,USDC
515,0.7527519433474971,121377926.05299304,466,S5_twin_shock_imf_bailout,indonesia,USDC
516,0.7461303924084336,118343477.90166822,466,S5_twin_shock_imf_bailout,indonesia,USDC
517,0.7665780370504335,115384890.9541265,466,S5_twin_shock_imf_bailout,indonesia,USDC
518,0.7672242378865126,112500268.68027335,466,S5_twin_shock_imf_bailout,indonesia,USDC
519,0.7783686382770506,109687761.96326652,466,S5_twin_shock_imf_bailout,indonesia,USDC
520,0.7502638788840991,106945567.91418487,466,S5_twin_shock_imf_bailout,indonesia,USDC
521,0.721919350286991,104271928.71633023,466,S5_twin_shock_imf_bailout,indonesia,USDC
522,0.7391365728562054,101665130.498422,466,S5_twin_shock_imf_bailout,indonesia,USDC
523,0.7493811378935665,99123502.23596144,466,S5_twin_shock_imf_bailout,indonesia,USDC
524,0.7568010300850476,96645414.6800624,466,S5_twin_shock_imf_bailout,indonesia,USDC
525,0.7440371844851303,94229279.31306085,466,S5_twin_shock_imf_bailout,indonesia,USDC
526,0.7410543805662553,91873547.33023432,466,S5_twin_shock_imf_bailout,indonesia,USDC
527,0.7249055455215488,89576708.64697847,466,S5_twin_shock_imf_bailout,indonesia,USDC
528,0.7507866181242256,87337290.93080398,466,S5_twin_shock_imf_bailout,indonesia,USDC
529,0.7287510264604633,85153858.6575339,466,S5_twin_shock_imf_bailout,indonesia,USDC
530,0.7407295099224881,83025012.19109555,466,S5_twin_shock_imf_bailout,indonesia,USDC
531,0.7220690427800267,80949386.88631816,466,S5_twin_shock_imf_bailout,indonesia,USDC
532,0.7400659550111462,78925652.2141602,466,S5_twin_shock_imf_bailout,indonesia,USDC
533,0.7549268734664966,76952510.9088062,466,S5_twin_shock_imf_bailout,indonesia,USDC
534,0.784069029252465,75028698.13608605,466,S5_twin_shock_imf_bailout,indonesia,USDC
535,0.7769397023420478,73152980.68268389,466,S5_twin_shock_imf_bailout,indonesia,USDC
536,0.7825641054601794,71324156.1656168,466,S5_twin_shock_imf_bailout,indonesia,USDC
537,0.7871948986470502,69541052.26147637,466,S5_twin_shock_imf_bailout,indonesia,USDC
538,0.7887247390768904,67802525.95493945,466,S5_twin_shock_imf_bailout,indonesia,USDC
539,0.7761591163379867,66107462.80606597,466,S5_twin_shock_imf_bailout,indonesia,USDC
540,0.7674015054728631,64454776.23591431,466,S5_twin_shock_imf_bailout,indonesia,USDC
541,0.7736263970793001,62843406.83001646,466,S5_twin_shock_imf_bailout,indonesia,USDC
542,0.8032402007285343,61272321.65926605,466,S5_twin_shock_imf_bailout,indonesia,USDC
543,0.8059266124254644,59740513.617784396,466,S5_twin_shock_imf_bailout,indonesia,USDC
544,0.8318559126244801,58247000.77733978,466,S5_twin_shock_imf_bailout,indonesia,USDC
545,0.7983297064906506,56790825.75790629,466,S5_twin_shock_imf_bailout,indonesia,USDC
546,0.8064656539695653,55371055.11395864,466,S5_twin_shock_imf_bailout,indonesia,USDC
547,0.7877371716199085,53986778.736109674,466,S5_twin_shock_imf_bailout,indonesia,USDC
548,0.7682298903502636,52637109.26770692,466,S5_twin_shock_imf_bailout,indonesia,USDC
549,0.7536529520160659,51321181.53601425,466,S5_twin_shock_imf_bailout,indonesia,USDC
550,0.7192928348600778,50038151.99761389,466,S5_twin_shock_imf_bailout,indonesia,USDC
551,0.7284231237657178,48787198.197673544,466,S5_twin_shock_imf_bailout,indonesia,USDC
552,0.7257947246457277,47567518.24273171,466,S5_twin_shock_imf_bailout,indonesia,USDC
553,0.739342112184971,46378330.28666341,466,S5_twin_shock_imf_bailout,indonesia,USDC
554,0.739844446736655,45218872.02949683,466,S5_twin_shock_imf_bailout,indonesia,USDC
555,0.7372524623015478,44088400.22875941,466,S5_twin_shock_imf_bailout,indonesia,USDC
556,0.7542819827104823,42986190.223040424,466,S5_twin_shock_imf_bailout,indonesia,USDC
557,0.7177331328749016,41911535.46746442,466,S5_twin_shock_imf_bailout,indonesia,USDC
558,0.7326956920419836,40863747.0807778,466,S5_twin_shock_imf_bailout,indonesia,USDC
559,0.7374190925320131,39842153.403758354,466,S5_twin_shock_imf_bailout,indonesia,USDC
560,0.7574359909661545,38846099.568664394,466,S5_twin_shock_imf_bailout,indonesia,USDC
561,0.7668811376895784,37874947.07944778,466,S5_twin_shock_imf_bailout,indonesia,USDC
562,0.7686766190323314,36928073.40246159,466,S5_twin_shock_imf_bailout,indonesia,USDC
563,0.7744878297541776,36004871.56740005,466,S5_twin_shock_imf_bailout,indonesia,USDC
564,0.7803173155164266,35104749.77821505,466,S5_twin_shock_imf_bailout,indonesia,USDC
565,0.7724107287080262,34227131.033759676,466,S5_twin_shock_imf_bailout,indonesia,USDC
566,0.7835304242514076,33371452.757915683,466,S5_twin_shock_imf_bailout,indonesia,USDC
567,0.7879708282936937,32537166.438967794,466,S5_twin_shock_imf_bailout,indonesia,USDC
568,0.8016908551720592,31723737.277993597,466,S5_twin_shock_imf_bailout,indonesia,USDC
569,0.7380108644150489,30930643.846043758,466,S5_twin_shock_imf_bailout,indonesia,USDC
570,0.7248886318052603,30157377.749892663,466,S5_twin_shock_imf_bailout,indonesia,USDC
571,0.746589704475707,29403443.306145344,466,S5_twin_shock_imf_bailout,indonesia,USDC
572,0.7548089755449552,28668357.223491713,466,S5_twin_shock_imf_bailout,indonesia,USDC
573,0.7574762708006194,27951648.29290442,466,S5_twin_shock_imf_bailout,indonesia,USDC
574,0.7845384499594895,27252857.08558181,466,S5_twin_shock_imf_bailout,indonesia,USDC
575,0.7776585140105243,26571535.658442263,466,S5_twin_shock_imf_bailout,indonesia,USDC
576,0.7626826301461909,25907247.266981207,466,S5_twin_shock_imf_bailout,indonesia,USDC
577,0.7558019081939316,25259566.085306678,466,S5_twin_shock_imf_bailout,indonesia,USDC
578,0.7735734381944556,24628076.93317401,466,S5_twin_shock_imf_bailout,indonesia,USDC
579,0.810474281856743,24012375.00984466,466,S5_twin_shock_imf_bailout,indonesia,USDC
580,0.8064559369537243,23412065.634598546,466,S5_twin_shock_imf_bailout,indonesia,USDC
581,0.7887304005152204,22826763.99373358,466,S5_twin_shock_imf_bailout,indonesia,USDC
582,0.7639278301102764,22256094.89389024,466,S5_twin_shock_imf_bailout,indonesia,USDC
583,0.7658589919688591,21699692.521542985,466,S5_twin_shock_imf_bailout,indonesia,USDC
584,0.7809596945764422,21157200.20850441,466,S5_twin_shock_imf_bailout,indonesia,USDC
585,0.7911326959293463,20628270.2032918,466,S5_twin_shock_imf_bailout,indonesia,USDC
586,0.7720257497070651,20112563.448209506,466,S5_twin_shock_imf_bailout,indonesia,USDC
587,0.7597101517460069,19609749.362004265,466,S5_twin_shock_imf_bailout,indonesia,USDC
588,0.7701308225230767,19119505.62795416,466,S5_twin_shock_imf_bailout,indonesia,USDC
589,0.7618934269054408,18641517.987255305,466,S5_twin_shock_imf_bailout,indonesia,USDC
590,0.7568662416387961,18175480.037573926,466,S5_twin_shock_imf_bailout,indonesia,USDC
591,0.7438461641475634,17721093.036634576,466,S5_twin_shock_imf_bailout,indonesia,USDC
592,0.7500703740320631,17278065.71071871,466,S5_twin_shock_imf_bailout,indonesia,USDC
593,0.7425670932418751,16846114.067950744,466,S5_twin_shock_imf_bailout,indonesia,USDC
594,0.7692070749818721,16424961.216251975,466,S5_twin_shock_imf_bailout,indonesia,USDC
595,0.7809052363410517,16014337.185845677,466,S5_twin_shock_imf_bailout,indonesia,USDC
596,0.798475770386237,15613978.756199535,466,S5_twin_shock_imf_bailout,indonesia,USDC
597,0.8128317730219325,15223629.287294548,466,S5_twin_shock_imf_bailout,indonesia,USDC
598,0.8042285782633822,14843038.555112183,466,S5_twin_shock_imf_bailout,indonesia,USDC
599,0.8248231500483452,14471962.59123438,466,S5_twin_shock_imf_bailout,indonesia,USDC
600,0.8089454237112547,14110163.526453521,466,S5_twin_shock_imf_bailout,indonesia,USDC
601,0.8464225643817405,13757409.438292183,466,S5_twin_shock_imf_bailout,indonesia,USDC
602,0.8610992437684425,13413474.202334877,466,S5_twin_shock_imf_bailout,indonesia,USDC
603,0.8258962218378356,13078137.347276505,466,S5_twin_shock_imf_bailout,indonesia,USDC
604,0.8173039303308466,12751183.913594594,466,S5_twin_shock_imf_bailout,indonesia,USDC
605,0.8273283832490685,12432404.31575473,466,S5_twin_shock_imf_bailout,indonesia,USDC
606,0.8369757006373717,12121594.207860861,466,S5_twin_shock_imf_bailout,indonesia,USDC
607,0.7975001507243173,11818554.35266434,466,S5_twin_shock_imf_bailout,indonesia,USDC
608,0.7848720999971613,11523090.493847732,466,S5_twin_shock_imf_bailout,indonesia,USDC
609,0.7964555299224816,11235013.231501538,466,S5_twin_shock_imf_bailout,indonesia,USDC
610,0.7734464199867296,10954137.900713999,466,S5_twin_shock_imf_bailout,indonesia,USDC
611,0.7714944020672191,10680284.45319615,466,S5_twin_shock_imf_bailout,indonesia,USDC
612,0.7891686021191687,10413277.341866245,466,S5_twin_shock_imf_bailout,indonesia,USDC
613,0.7876946627079424,10152945.40831959,466,S5_twin_shock_imf_bailout,indonesia,USDC
614,0.8099607159575126,9899121.7731116,466,S5_twin_shock_imf_bailout,indonesia,USDC
615,0.8077276323710061,9651643.728783809,466,S5_twin_shock_imf_bailout,indonesia,USDC
616,0.800895013135658,9410352.635564215,466,S5_twin_shock_imf_bailout,indonesia,USDC
617,0.7874003290456679,9175093.81967511,466,S5_twin_shock_imf_bailout,indonesia,USDC
618,0.7888449254904312,8945716.474183232,466,S5_twin_shock_imf_bailout,indonesia,USDC
619,0.7854811100376762,8722073.562328652,466,S5_twin_shock_imf_bailout,indonesia,USDC
620,0.7956863150972558,8504021.723270435,466,S5_twin_shock_imf_bailout,indonesia,USDC
621,0.8168340055070221,8291421.1801886745,466,S5_twin_shock_imf_bailout,indonesia,USDC
622,0.829901496006779,8084135.650683958,466,S5_twin_shock_imf_bailout,indonesia,USDC
623,0.8119523068595366,7882032.259416859,466,S5_twin_shock_imf_bailout,indonesia,USDC
624,0.8313383018055344,7684981.452931438,466,S5_twin_shock_imf_bailout,indonesia,USDC
625,0.8519566822541611,7492856.916608151,466,S5_twin_shock_imf_bailout,indonesia,USDC
626,0.8420408604918909,7305535.493692948,466,S5_twin_shock_imf_bailout,indonesia,USDC
627,0.8355477477301533,7122897.106350623,466,S5_twin_shock_imf_bailout,indonesia,USDC
628,0.833320882907266,6944824.678691858,466,S5_twin_shock_imf_bailout,indonesia,USDC
629,0.8229823375401726,6771204.061724561,466,S5_twin_shock_imf_bailout,indonesia,USDC
630,0.8361197321837478,6601923.960181448,466,S5_twin_shock_imf_bailout,indonesia,USDC
631,0.8580160014143234,6436875.861176912,466,S5_twin_shock_imf_bailout,indonesia,USDC
632,0.8631195458432104,6275953.964647489,466,S5_twin_shock_imf_bailout,indonesia,USDC
633,0.8591871659373048,6119055.115531301,466,S5_twin_shock_imf_bailout,indonesia,USDC
634,0.8529069193518525,5966078.737643019,466,S5_twin_shock_imf_bailout,indonesia,USDC
635,0.8635251575438923,5816926.769201944,466,S5_twin_shock_imf_bailout,indonesia,USDC
636,0.8284979003374345,5671503.599971895,466,S5_twin_shock_imf_bailout,indonesia,USDC
637,0.8140970326355095,5529716.0099725975,466,S5_twin_shock_imf_bailout,indonesia,USDC
638,0.8295687181817245,5391473.109723283,466,S5_twin_shock_imf_bailout,indonesia,USDC
639,0.8288479643050671,5256686.281980202,466,S5_twin_shock_imf_bailout,indonesia,USDC
640,0.8075072941657756,5125269.124930696,466,S5_twin_shock_imf_bailout,indonesia,USDC
641,0.8029964979193835,4997137.396807428,466,S5_twin_shock_imf_bailout,indonesia,USDC
642,0.8060846129732556,4872208.961887242,466,S5_twin_shock_imf_bailout,indonesia,USDC
643,0.8127735868982151,4750403.737840062,466,S5_twin_shock_imf_bailout,indonesia,USDC
644,0.7997942897353485,4631643.644394061,466,S5_twin_shock_imf_bailout,indonesia,USDC
645,0.773335657947603,4515852.553284209,466,S5_twin_shock_imf_bailout,indonesia,USDC
646,0.7476080142666656,4402956.239452103,466,S5_twin_shock_imf_bailout,indonesia,USDC
647,0.7547842593916471,4292882.333465802,466,S5_twin_shock_imf_bailout,indonesia,USDC
648,0.7680468014561004,4185560.275129156,466,S5_twin_shock_imf_bailout,indonesia,USDC
649,0.770254793919727,4080921.268250927,466,S5_twin_shock_imf_bailout,indonesia,USDC
650,0.7765698866528664,3978898.236544654,466,S5_twin_shock_imf_bailout,indonesia,USDC
651,0.7801572403609833,3879425.7806310374,466,S5_twin_shock_imf_bailout,indonesia,USDC
652,0.7823674143513244,3782440.1361152614,466,S5_twin_shock_imf_bailout,indonesia,USDC
653,0.763775961434565,3687879.13271238,466,S5_twin_shock_imf_bailout,indonesia,USDC
654,0.7921506554722835,3595682.1543945703,466,S5_twin_shock_imf_bailout,indonesia,USDC
655,0.7793572827010437,3505790.1005347064,466,S5_twin_shock_imf_bailout,indonesia,USDC
656,0.7786662555765734,3418145.3480213387,466,S5_twin_shock_imf_bailout,indonesia,USDC
657,0.688654957289534,3332691.714320805,466,S5_twin_shock_imf_bailout,indonesia,USDC
658,0.6970283148868468,3249374.421462785,466,S5_twin_shock_imf_bailout,indonesia,USDC
659,0.7013556610558798,3168140.0609262153,466,S5_twin_shock_imf_bailout,indonesia,USDC
660,0.7035131705450173,3088936.55940306,466,S5_twin_shock_imf_bailout,indonesia,USDC
661,0.7153215117585936,3011713.1454179836,466,S5_twin_shock_imf_bailout,indonesia,USDC
662,0.7485188163727291,2936420.3167825337,466,S5_twin_shock_imf_bailout,indonesia,USDC
663,0.7344615849586692,2863009.80886297,466,S5_twin_shock_imf_bailout,indonesia,USDC
664,0.7468345394280314,2791434.563641396,466,S5_twin_shock_imf_bailout,indonesia,USDC
665,0.7494417289259602,2721648.6995503614,466,S5_twin_shock_imf_bailout,indonesia,USDC
666,0.7601358318258946,2653607.482061602,466,S5_twin_shock_imf_bailout,indonesia,USDC
667,0.767124873400782,2587267.295010062,466,S5_twin_shock_imf_bailout,indonesia,USDC
668,0.7781750804762796,2522585.6126348106,466,S5_twin_shock_imf_bailout,indonesia,USDC
669,0.7864080830473831,2459520.97231894,466,S5_twin_shock_imf_bailout,indonesia,USDC
670,0.78908185473099,2398032.9480109666,466,S5_twin_shock_imf_bailout,indonesia,USDC
671,0.7849365523255871,2338082.1243106923,466,S5_twin_shock_imf_bailout,indonesia,USDC
672,0.7929687912988399,2279630.071202925,466,S5_twin_shock_imf_bailout,indonesia,USDC
673,0.7990046031043426,2222639.3194228522,466,S5_twin_shock_imf_bailout,indonesia,USDC
674,0.7966963018107582,2167073.3364372803,466,S5_twin_shock_imf_bailout,indonesia,USDC
675,0.7876075162412987,2112896.5030263485,466,S5_twin_shock_imf_bailout,indonesia,USDC
676,0.7852510019808119,2060074.09045069,466,S5_twin_shock_imf_bailout,indonesia,USDC
677,0.761256734582024,2008572.2381894225,466,S5_twin_shock_imf_bailout,indonesia,USDC
678,0.7409521240535147,1958357.9322346873,466,S5_twin_shock_imf_bailout,indonesia,USDC
679,0.7539150261376651,1909398.9839288197,466,S5_twin_shock_imf_bailout,indonesia,USDC
680,0.7737964475056245,1861664.0093305993,466,S5_twin_shock_imf_bailout,indonesia,USDC
681,0.8008352532852803,1815122.4090973344,466,S5_twin_shock_imf_bailout,indonesia,USDC
682,0.8074121067329645,1769744.348869901,466,S5_twin_shock_imf_bailout,indonesia,USDC
683,0.7951304929251157,1725500.7401481532,466,S5_twin_shock_imf_bailout,indonesia,USDC
684,0.8096084230026285,1682363.2216444495,466,S5_twin_shock_imf_bailout,indonesia,USDC
685,0.8145120255748851,1640304.141103338,466,S5_twin_shock_imf_bailout,indonesia,USDC
686,0.779363216547771,1599296.5375757548,466,S5_twin_shock_imf_bailout,indonesia,USDC
687,0.8231465978653201,1559314.1241363608,466,S5_twin_shock_imf_bailout,indonesia,USDC
688,0.8403185575994618,1520331.2710329518,466,S5_twin_shock_imf_bailout,indonesia,USDC
689,0.8341870897630932,1482322.989257128,466,S5_twin_shock_imf_bailout,indonesia,USDC
690,0.8160747993423704,1445264.9145256998,466,S5_twin_shock_imf_bailout,indonesia,USDC
691,0.8203208766392119,1409133.2916625573,466,S5_twin_shock_imf_bailout,indonesia,USDC
692,0.8166960109103455,1373904.9593709933,466,S5_twin_shock_imf_bailout,indonesia,USDC
693,0.8111596828870198,1339557.3353867186,466,S5_twin_shock_imf_bailout,indonesia,USDC
694,0.8207900896000729,1306068.4020020505,466,S5_twin_shock_imf_bailout,indonesia,USDC
695,0.8030940584010134,1273416.6919519992,466,S5_twin_shock_imf_bailout,indonesia,USDC
696,0.8250382299924637,1241581.2746531991,466,S5_twin_shock_imf_bailout,indonesia,USDC
697,0.8498660743792459,1210541.7427868694,466,S5_twin_shock_imf_bailout,indonesia,USDC
698,0.8614655944356752,1180278.1992171975,466,S5_twin_shock_imf_bailout,indonesia,USDC
699,0.8630631760747117,1150771.2442367678,466,S5_twin_shock_imf_bailout,indonesia,USDC
700,0.8169771852257951,1122001.9631308485,466,S5_twin_shock_imf_bailout,indonesia,USDC
701,0.8057926861566143,1093951.9140525772,466,S5_twin_shock_imf_bailout,indonesia,USDC
702,0.7838733221524348,1066603.116201263,466,S5_twin_shock_imf_bailout,indonesia,USDC
703,0.8042481311443306,1039938.0382962313,466,S5_twin_shock_imf_bailout,indonesia,USDC
704,0.815062478126072,1013939.5873388255,466,S5_twin_shock_imf_bailout,indonesia,USDC
705,0.8117369140247638,988591.097655355,466,S5_twin_shock_imf_bailout,indonesia,USDC
706,0.8038341934891406,963876.320213971,466,S5_twin_shock_imf_bailout,indonesia,USDC
707,0.8114505338653054,939779.4122086216,466,S5_twin_shock_imf_bailout,indonesia,USDC
708,0.7805028046959459,916284.9269034062,466,S5_twin_shock_imf_bailout,indonesia,USDC
709,0.7754907795076422,893377.8037308212,466,S5_twin_shock_imf_bailout,indonesia,USDC
710,0.7774857947695741,871043.3586375506,466,S5_twin_shock_imf_bailout,indonesia,USDC
711,0.7749946769990693,849267.2746716118,466,S5_twin_shock_imf_bailout,indonesia,USDC
712,0.7765010281659708,828035.5928048214,466,S5_twin_shock_imf_bailout,indonesia,USDC
713,0.7932285147523306,807334.7029847009,466,S5_twin_shock_imf_bailout,indonesia,USDC
714,0.7818969070430996,787151.3354100834,466,S5_twin_shock_imf_bailout,indonesia,USDC
715,0.8047872468887144,767472.5520248314,466,S5_twin_shock_imf_bailout,indonesia,USDC
716,0.8003625701965955,748285.7382242106,466,S5_twin_shock_imf_bailout,indonesia,USDC
717,0.7739937527140616,729578.5947686053,466,S5_twin_shock_imf_bailout,indonesia,USDC
718,0.7571165196968167,711339.1298993902,466,S5_twin_shock_imf_bailout,indonesia,USDC
719,0.7494463111055936,693555.6516519055,466,S5_twin_shock_imf_bailout,indonesia,USDC
720,0.7899162406882486,676216.7603606078,466,S5_twin_shock_imf_bailout,indonesia,USDC
721,0.7652802114916546,659311.3413515927,466,S5_twin_shock_imf_bailout,indonesia,USDC
722,0.7620040673591536,642828.5578178028,466,S5_twin_shock_imf_bailout,indonesia,USDC
723,0.762966148359934,626757.8438723577,466,S5_twin_shock_imf_bailout,indonesia,USDC
724,0.760311331793549,611088.8977755487,466,S5_twin_shock_imf_bailout,indonesia,USDC
725,0.7710855156458982,595811.6753311601,466,S5_twin_shock_imf_bailout,indonesia,USDC
726,0.7522885484469668,580916.3834478811,466,S5_twin_shock_imf_bailout,indonesia,USDC
727,0.7457725907641534,566393.4738616841,466,S5_twin_shock_imf_bailout,indonesia,USDC
728,0.7562213296018129,552233.637015142,466,S5_twin_shock_imf_bailout,indonesia,USDC
729,0.7431250150106422,538427.7960897634,466,S5_twin_shock_imf_bailout,indonesia,USDC
730,0.766068609209472,524967.1011875193,466,S5_twin_shock_imf_bailout,indonesia,USDC
731,0.7479661844814012,511842.9236578313,466,S5_twin_shock_imf_bailout,indonesia,USDC
732,0.7514216439608911,499046.85056638555,466,S5_twin_shock_imf_bailout,indonesia,USDC
733,0.76051469164416,486570.67930222594,466,S5_twin_shock_imf_bailout,indonesia,USDC
734,0.7487473489644706,474406.4123196703,466,S5_twin_shock_imf_bailout,indonesia,USDC
735,0.7825071767582853,462546.25201167853,466,S5_twin_shock_imf_bailout,indonesia,USDC
736,0.7972187022449235,450982.5957113866,466,S5_twin_shock_imf_bailout,indonesia,USDC
737,0.7684154701240801,439708.03081860184,466,S5_twin_shock_imf_bailout,indonesia,USDC
738,0.7692650795689325,428715.3300481368,466,S5_twin_shock_imf_bailout,indonesia,USDC
739,0.7711691420709256,417997.4467969334,466,S5_twin_shock_imf_bailout,indonesia,USDC
740,0.7859877444407245,407547.51062701,466,S5_twin_shock_imf_bailout,indonesia,USDC
741,0.7905483139845046,397358.82286133483,466,S5_twin_shock_imf_bailout,indonesia,USDC
742,0.7674862853849513,387424.85228980146,466,S5_twin_shock_imf_bailout,indonesia,USDC
743,0.7798245287257777,377739.2309825564,466,S5_twin_shock_imf_bailout,indonesia,USDC
744,0.7721432890405359,368295.7502079925,466,S5_twin_shock_imf_bailout,indonesia,USDC
745,0.7923803258548016,359088.35645279265,466,S5_twin_shock_imf_bailout,indonesia,USDC
746,0.7956499608912964,350111.14754147286,466,S5_twin_shock_imf_bailout,indonesia,USDC
747,0.7899842317215503,341358.3688529361,466,S5_twin_shock_imf_bailout,indonesia,USDC
748,0.7915847401005746,332824.4096316126,466,S5_twin_shock_imf_bailout,indonesia,USDC
749,0.7957226936235627,324503.7993908223,466,S5_twin_shock_imf_bailout,indonesia,USDC
750,0.8169106497366325,316391.2044060518,466,S5_twin_shock_imf_bailout,indonesia,USDC
751,0.8135864919821635,308481.4242959005,466,S5_twin_shock_imf_bailout,indonesia,USDC
752,0.8247081821569887,300769.38868850295,466,S5_twin_shock_imf_bailout,indonesia,USDC
753,0.801680783582211,293250.1539712904,466,S5_twin_shock_imf_bailout,indonesia,USDC
754,0.8105834922083983,285918.90012200817,466,S5_twin_shock_imf_bailout,indonesia,USDC
755,0.810076274359015,278770.92761895794,466,S5_twin_shock_imf_bailout,indonesia,USDC
756,0.7901838681109574,271801.654428484,466,S5_twin_shock_imf_bailout,indonesia,USDC
757,0.7890122664217974,265006.6130677719,466,S5_twin_shock_imf_bailout,indonesia,USDC
758,0.7855091127445799,258381.44774107763,466,S5_twin_shock_imf_bailout,indonesia,USDC
759,0.7927930882912105,251921.91154755067,466,S5_twin_shock_imf_bailout,indonesia,USDC
760,0.7776073895052006,245623.8637588619,466,S5_twin_shock_imf_bailout,indonesia,USDC
761,0.764197813127867,239483.26716489036,466,S5_twin_shock_imf_bailout,indonesia,USDC
762,0.7646340128437726,233496.18548576807,466,S5_twin_shock_imf_bailout,indonesia,USDC
763,0.7633331598547559,227658.7808486239,466,S5_twin_shock_imf_bailout,indonesia,USDC
764,0.7697184710001643,221967.3113274083,466,S5_twin_shock_imf_bailout,indonesia,USDC
765,0.7560631402680721,216418.1285442231,466,S5_twin_shock_imf_bailout,indonesia,USDC
766,0.7577954510650532,211007.67533061747,466,S5_twin_shock_imf_bailout,indonesia,USDC
767,0.7500964224671215,205732.48344735208,466,S5_twin_shock_imf_bailout,indonesia,USDC
768,0.7564106363198232,200589.17136116826,466,S5_twin_shock_imf_bailout,indonesia,USDC
769,0.7664600916145516,195574.44207713907,466,S5_twin_shock_imf_bailout,indonesia,USDC
770,0.7666355600333649,190685.0810252106,466,S5_twin_shock_imf_bailout,indonesia,USDC
771,0.7415212322429275,185917.95399958032,466,S5_twin_shock_imf_bailout,indonesia,USDC
772,0.7224906343213066,181270.0051495908,466,S5_twin_shock_imf_bailout,indonesia,USDC
773,0.7056324569555482,176738.25502085104,466,S5_twin_shock_imf_bailout,indonesia,USDC
774,0.7079107003050217,172319.79864532975,466,S5_twin_shock_imf_bailout,indonesia,USDC
775,0.7090308274060252,168011.8036791965,466,S5_twin_shock_imf_bailout,indonesia,USDC
776,0.7249841413973944,163811.5085872166,466,S5_twin_shock_imf_bailout,indonesia,USDC
777,0.7177977711451567,159716.22087253619,466,S5_twin_shock_imf_bailout,indonesia,USDC
778,0.7222657554665656,155723.31535072275,466,S5_twin_shock_imf_bailout,indonesia,USDC
779,0.7457414160301276,151830.23246695468,466,S5_twin_shock_imf_bailout,indonesia,USDC
780,0.7320593825272865,148034.47665528083,466,S5_twin_shock_imf_bailout,indonesia,USDC
781,0.7298331861973814,144333.61473889882,466,S5_twin_shock_imf_bailout,indonesia,USDC
782,0.7268542648300232,140725.2743704263,466,S5_twin_shock_imf_bailout,indonesia,USDC
783,0.7605840010628813,137207.14251116567,466,S5_twin_shock_imf_bailout,indonesia,USDC
784,0.7660237546077672,133776.96394838655,466,S5_twin_shock_imf_bailout,indonesia,USDC
785,0.7947725621092114,130432.53984967686,466,S5_twin_shock_imf_bailout,indonesia,USDC
786,0.8067426140981971,127171.72635343496,466,S5_twin_shock_imf_bailout,indonesia,USDC
787,0.7916192094900191,123992.43319459907,466,S5_twin_shock_imf_bailout,indonesia,USDC
788,0.8349274292123373,120892.6223647341,466,S5_twin_shock_imf_bailout,indonesia,USDC
789,0.8458250109039176,117870.30680561575,466,S5_twin_shock_imf_bailout,indonesia,USDC
790,0.8357319909028639,114923.54913547536,466,S5_twin_shock_imf_bailout,indonesia,USDC
791,0.8060618937223085,112050.46040708845,466,S5_twin_shock_imf_bailout,indonesia,USDC
792,0.8140507125808591,109249.19889691126,466,S5_twin_shock_imf_bailout,indonesia,USDC
793,0.7809520623511417,106517.96892448846,466,S5_twin_shock_imf_bailout,indonesia,USDC
794,0.7785228825173965,103855.01970137627,466,S5_twin_shock_imf_bailout,indonesia,USDC
795,0.7816212639925642,101258.64420884184,466,S5_twin_shock_imf_bailout,indonesia,USDC
796,0.7822579500285333,98727.1781036208,466,S5_twin_shock_imf_bailout,indonesia,USDC
797,0.7964621774942544,96258.99865103028,466,S5_twin_shock_imf_bailout,indonesia,USDC
798,0.8214841306083694,93852.52368475453,466,S5_twin_shock_imf_bailout,indonesia,USDC
799,0.7888567200844055,91506.21059263566,466,S5_twin_shock_imf_bailout,indonesia,USDC
800,0.7822202785325136,89218.55532781976,466,S5_twin_shock_imf_bailout,indonesia,USDC
801,0.773694144429634,86988.09144462427,466,S5_twin_shock_imf_bailout,indonesia,USDC
802,0.7922771855628861,84813.38915850867,466,S5_twin_shock_imf_bailout,indonesia,USDC
803,0.8030638818805206,82693.05442954594,466,S5_twin_shock_imf_bailout,indonesia,USDC
804,0.8035873013098045,80625.72806880731,466,S5_twin_shock_imf_bailout,indonesia,USDC
805,0.8018926552755932,78610.08486708712,466,S5_twin_shock_imf_bailout,indonesia,USDC
806,0.7731379872029395,76644.83274540995,466,S5_twin_shock_imf_bailout,indonesia,USDC
807,0.7760832554650271,74728.7119267747,466,S5_twin_shock_imf_bailout,indonesia,USDC
808,0.778191297243121,72860.49412860532,466,S5_twin_shock_imf_bailout,indonesia,USDC
809,0.8072378423084359,71038.98177539019,466,S5_twin_shock_imf_bailout,indonesia,USDC
810,0.8348202739543923,69263.00723100544,466,S5_twin_shock_imf_bailout,indonesia,USDC
811,0.8095904473679993,67531.4320502303,466,S5_twin_shock_imf_bailout,indonesia,USDC
812,0.8080368171925038,65843.14624897455,466,S5_twin_shock_imf_bailout,indonesia,USDC
813,0.8078431281562654,64197.06759275017,466,S5_twin_shock_imf_bailout,indonesia,USDC
814,0.8072990227225901,62592.140902931416,466,S5_twin_shock_imf_bailout,indonesia,USDC
815,0.810432855360547,61027.337380358134,466,S5_twin_shock_imf_bailout,indonesia,USDC
816,0.8077607959400743,59501.65394584918,466,S5_twin_shock_imf_bailout,indonesia,USDC
817,0.7935072709998633,58014.112597202955,466,S5_twin_shock_imf_bailout,indonesia,USDC
818,0.7897161555669868,56563.75978227288,466,S5_twin_shock_imf_bailout,indonesia,USDC
819,0.7843922353487798,55149.66578771606,466,S5_twin_shock_imf_bailout,indonesia,USDC
820,0.7833057510657447,53770.924143023156,466,S5_twin_shock_imf_bailout,indonesia,USDC
821,0.8011831048145545,52426.65103944758,466,S5_twin_shock_imf_bailout,indonesia,USDC
822,0.7840106256358552,51115.98476346138,466,S5_twin_shock_imf_bailout,indonesia,USDC
823,0.7795846063031288,49838.085144374854,466,S5_twin_shock_imf_bailout,indonesia,USDC
824,0.7650857946175492,48592.13301576548,466,S5_twin_shock_imf_bailout,indonesia,USDC
825,0.7680345482266917,47377.32969037134,466,S5_twin_shock_imf_bailout,indonesia,USDC
826,0.7912686467842516,46192.89644811206,466,S5_twin_shock_imf_bailout,indonesia,USDC
827,0.8124375089900054,45038.07403690926,466,S5_twin_shock_imf_bailout,indonesia,USDC
828,0.8019307789781914,43912.12218598653,466,S5_twin_shock_imf_bailout,indonesia,USDC
829,0.7929505919252755,42814.319131336866,466,S5_twin_shock_imf_bailout,indonesia,USDC
830,0.7794659222179476,41743.96115305344,466,S5_twin_shock_imf_bailout,indonesia,USDC
831,0.7754704891313318,40700.362124227104,466,S5_twin_shock_imf_bailout,indonesia,USDC
832,0.7862074204080819,39682.853071121426,466,S5_twin_shock_imf_bailout,indonesia,USDC
833,0.8019051072010754,38690.781744343396,466,S5_twin_shock_imf_bailout,indonesia,USDC
834,0.7940133051462233,37723.51220073481,466,S5_twin_shock_imf_bailout,indonesia,USDC
835,0.789633424718373,36780.424395716436,466,S5_twin_shock_imf_bailout,indonesia,USDC
836,0.7861384891318167,35860.913785823526,466,S5_twin_shock_imf_bailout,indonesia,USDC
837,0.829499592116962,34964.39094117794,466,S5_twin_shock_imf_bailout,indonesia,USDC
838,0.8614574782765932,34090.281167648485,466,S5_twin_shock_imf_bailout,indonesia,USDC
839,0.8484393240704047,33238.02413845727,466,S5_twin_shock_imf_bailout,indonesia,USDC
840,0.8399107314154607,32407.07353499584,466,S5_twin_shock_imf_bailout,indonesia,USDC
841,0.844481720663376,31596.89669662095,466,S5_twin_shock_imf_bailout,indonesia,USDC
842,0.8580129714396326,30806.974279205424,466,S5_twin_shock_imf_bailout,indonesia,USDC
843,0.8548455884092604,30036.79992222529,466,S5_twin_shock_imf_bailout,indonesia,USDC
844,0.8410124468145784,29285.879924169658,466,S5_twin_shock_imf_bailout,indonesia,USDC
845,0.8857858915358786,28553.732926065415,466,S5_twin_shock_imf_bailout,indonesia,USDC
846,0.857836603200462,27839.88960291378,466,S5_twin_shock_imf_bailout,indonesia,USDC
847,0.8272929481710839,27143.892362840932,466,S5_twin_shock_imf_bailout,indonesia,USDC
848,0.8146041921134559,26465.295053769914,466,S5_twin_shock_imf_bailout,indonesia,USDC
849,0.8245861610122546,25803.662677425666,466,S5_twin_shock_imf_bailout,indonesia,USDC
850,0.8466184271731598,25158.57111049002,466,S5_twin_shock_imf_bailout,indonesia,USDC
851,0.8291332881370812,24529.60683272777,466,S5_twin_shock_imf_bailout,indonesia,USDC
852,0.842527703210171,23916.36666190958,466,S5_twin_shock_imf_bailout,indonesia,USDC
853,0.8640698996205257,23318.45749536184,466,S5_twin_shock_imf_bailout,indonesia,USDC
854,0.8465641222023972,22735.49605797779,466,S5_twin_shock_imf_bailout,indonesia,USDC
855,0.8460043122037846,22167.108656528348,466,S5_twin_shock_imf_bailout,indonesia,USDC
856,0.8275252214958068,21612.93094011514,466,S5_twin_shock_imf_bailout,indonesia,USDC
857,0.8210818984164633,21072.60766661226,466,S5_twin_shock_imf_bailout,indonesia,USDC
858,0.8063459015685203,20545.792474946953,466,S5_twin_shock_imf_bailout,indonesia,USDC
859,0.83271253659957,20032.14766307328,466,S5_twin_shock_imf_bailout,indonesia,USDC
860,0.827724629048561,19531.343971496448,466,S5_twin_shock_imf_bailout,indonesia,USDC
861,0.8188150614680438,19043.060372209035,466,S5_twin_shock_imf_bailout,indonesia,USDC
862,0.81718808846235,18566.98386290381,466,S5_twin_shock_imf_bailout,indonesia,USDC
863,0.8250904071617488,18102.809266331216,466,S5_twin_shock_imf_bailout,indonesia,USDC
864,0.7900241492523622,17650.239034672933,466,S5_twin_shock_imf_bailout,indonesia,USDC
865,0.748705362722928,17208.983058806112,466,S5_twin_shock_imf_bailout,indonesia,USDC
866,0.756579082313374,16778.758482335958,466,S5_twin_shock_imf_bailout,indonesia,USDC
867,0.7540029256557521,16359.289520277562,466,S5_twin_shock_imf_bailout,indonesia,USDC
868,0.7663888616388044,15950.30728227062,466,S5_twin_shock_imf_bailout,indonesia,USDC
869,0.7804154751849596,15551.549600213855,466,S5_twin_shock_imf_bailout,indonesia,USDC
870,0.753215245863413,15162.760860208506,466,S5_twin_shock_imf_bailout,indonesia,USDC
871,0.7555420039632046,14783.691838703293,466,S5_twin_shock_imf_bailout,indonesia,USDC
872,0.7728535985306098,14414.099542735712,466,S5_twin_shock_imf_bailout,indonesia,USDC
873,0.7635401907255331,14053.747054167321,466,S5_twin_shock_imf_bailout,indonesia,USDC
874,0.7693533861437942,13702.403377813136,466,S5_twin_shock_imf_bailout,indonesia,USDC
875,0.7450277878800574,13359.843293367809,466,S5_twin_shock_imf_bailout,indonesia,USDC
876,0.7453668622933095,13025.847211033612,466,S5_twin_shock_imf_bailout,indonesia,USDC
877,0.7274091421209354,12700.201030757773,466,S5_twin_shock_imf_bailout,indonesia,USDC
878,0.7303493407726339,12382.696004988828,466,S5_twin_shock_imf_bailout,indonesia,USDC
879,0.7336849888807423,12073.128604864107,466,S5_twin_shock_imf_bailout,indonesia,USDC
880,0.7370859971780066,11771.300389742504,466,S5_twin_shock_imf_bailout,indonesia,USDC
881,0.7364780515850008,11477.01787999894,466,S5_twin_shock_imf_bailout,indonesia,USDC
882,0.7340554110632934,11190.092432998968,466,S5_twin_shock_imf_bailout,indonesia,USDC
883,0.7432078939191509,10910.340122173993,466,S5_twin_shock_imf_bailout,indonesia,USDC
884,0.7610004745232408,10637.581619119645,466,S5_twin_shock_imf_bailout,indonesia,USDC
885,0.7510514717992038,10371.642078641653,466,S5_twin_shock_imf_bailout,indonesia,USDC
886,0.7753027585265715,10112.351026675611,466,S5_twin_shock_imf_bailout,indonesia,USDC
887,0.7719816135223642,9859.542251008721,466,S5_twin_shock_imf_bailout,indonesia,USDC
888,0.7649230939904856,9613.053694733504,466,S5_twin_shock_imf_bailout,indonesia,USDC
889,0.7672271958934141,9372.727352365167,466,S5_twin_shock_imf_bailout,indonesia,USDC
890,0.764006897932849,9138.409168556038,466,S5_twin_shock_imf_bailout,indonesia,USDC
891,0.7584635552326593,8909.948939342137,466,S5_twin_shock_imf_bailout,indonesia,USDC
892,0.7554750978026514,8687.200215858584,466,S5_twin_shock_imf_bailout,indonesia,USDC
893,0.7770118706129375,8470.020210462118,466,S5_twin_shock_imf_bailout,indonesia,USDC
894,0.8021839796486578,8258.269705200564,466,S5_twin_shock_imf_bailout,indonesia,USDC
895,0.8034050694651003,8051.8129625705515,466,S5_twin_shock_imf_bailout,indonesia,USDC
896,0.8216412295767422,7850.517638506288,466,S5_twin_shock_imf_bailout,indonesia,USDC
897,0.8145681025770143,7654.254697543631,466,S5_twin_shock_imf_bailout,indonesia,USDC
898,0.8340860899812618,7462.89833010504,466,S5_twin_shock_imf_bailout,indonesia,USDC
899,0.8671615872964218,7276.325871852414,466,S5_twin_shock_imf_bailout,indonesia,USDC
900,0.8482215819804109,7094.417725056103,466,S5_twin_shock_imf_bailout,indonesia,USDC
901,0.8519788778841028,6917.057281929701,466,S5_twin_shock_imf_bailout,indonesia,USDC
902,0.8433348466513433,6744.130849881458,466,S5_twin_shock_imf_bailout,indonesia,USDC
903,0.8481361744776615,6575.527578634422,466,S5_twin_shock_imf_bailout,indonesia,USDC
904,0.8403656258307782,6411.139389168561,466,S5_twin_shock_imf_bailout,indonesia,USDC
905,0.8367308944410443,6250.860904439347,466,S5_twin_shock_imf_bailout,indonesia,USDC
906,0.8294070475045511,6094.589381828364,466,S5_twin_shock_imf_bailout,indonesia,USDC
907,0.8327057233158295,5942.224647282655,466,S5_twin_shock_imf_bailout,indonesia,USDC
908,0.8022357209797377,5793.669031100589,466,S5_twin_shock_imf_bailout,indonesia,USDC
909,0.7837619242375498,5648.827305323074,466,S5_twin_shock_imf_bailout,indonesia,USDC
910,0.7884368697635274,5507.606622689997,466,S5_twin_shock_imf_bailout,indonesia,USDC
911,0.7908056729993473,5369.916457122747,466,S5_twin_shock_imf_bailout,indonesia,USDC
912,0.769786898394628,5235.668545694678,466,S5_twin_shock_imf_bailout,indonesia,USDC
913,0.7819954330413025,5104.776832052311,466,S5_twin_shock_imf_bailout,indonesia,USDC
914,0.7741716828084216,4977.157411251003,466,S5_twin_shock_imf_bailout,indonesia,USDC
915,0.757885815370402,4852.728475969729,466,S5_twin_shock_imf_bailout,indonesia,USDC
916,0.7440262638456964,4731.410264070485,466,S5_twin_shock_imf_bailout,indonesia,USDC
917,0.7567786519623453,4613.125007468723,466,S5_twin_shock_imf_bailout,indonesia,USDC
918,0.7552717732977465,4497.796882282005,466,S5_twin_shock_imf_bailout,indonesia,USDC
919,0.7641190503144083,4385.351960224955,466,S5_twin_shock_imf_bailout,indonesia,USDC
920,0.7927520935858892,4275.718161219331,466,S5_twin_shock_imf_bailout,indonesia,USDC
921,0.7873810843447722,4168.825207188847,466,S5_twin_shock_imf_bailout,indonesia,USDC
922,0.7577673291936035,4064.604577009126,466,S5_twin_shock_imf_bailout,indonesia,USDC
923,0.7711831189750415,3962.989462583898,466,S5_twin_shock_imf_bailout,indonesia,USDC
924,0.7585982979107785,3863.9147260193004,466,S5_twin_shock_imf_bailout,indonesia,USDC
925,0.7625663205288415,3767.3168578688183,466,S5_twin_shock_imf_bailout,indonesia,USDC
926,0.7537841245532478,3673.1339364220976,466,S5_twin_shock_imf_bailout,indonesia,USDC
927,0.7587616607099179,3581.3055880115453,466,S5_twin_shock_imf_bailout,indonesia,USDC
928,0.7622201905549888,3491.772948311257,466,S5_twin_shock_imf_bailout,indonesia,USDC
929,0.7453323238889745,3404.4786246034755,466,S5_twin_shock_imf_bailout,indonesia,USDC
930,0.7386952120052985,3319.3666589883887,466,S5_twin_shock_imf_bailout,indonesia,USDC
931,0.7623464076773954,3236.3824925136787,466,S5_twin_shock_imf_bailout,indonesia,USDC
932,0.7740450639370203,3155.4729302008373,466,S5_twin_shock_imf_bailout,indonesia,USDC
933,0.785582218288349,3076.586106945816,466,S5_twin_shock_imf_bailout,indonesia,USDC
934,0.7816774985890262,2999.6714542721706,466,S5_twin_shock_imf_bailout,indonesia,USDC
935,0.796143347292703,2924.6796679153667,466,S5_twin_shock_imf_bailout,indonesia,USDC
936,0.8008612606360157,2851.5626762174825,466,S5_twin_shock_imf_bailout,indonesia,USDC
937,0.8201417866281855,2780.273609312045,466,S5_twin_shock_imf_bailout,indonesia,USDC
938,0.8380371112472959,2710.766769079244,466,S5_twin_shock_imf_bailout,indonesia,USDC
939,0.8352236323408769,2642.997599852263,466,S5_twin_shock_imf_bailout,indonesia,USDC
940,0.8259353893587221,2576.9226598559567,466,S5_twin_shock_imf_bailout,indonesia,USDC
941,0.8356008313030535,2512.4995933595574,466,S5_twin_shock_imf_bailout,indonesia,USDC
942,0.8352637599145276,2449.687103525569,466,S5_twin_shock_imf_bailout,indonesia,USDC
943,0.8337377108873825,2388.4449259374296,466,S5_twin_shock_imf_bailout,indonesia,USDC
944,0.8045979212624161,2328.7338027889937,466,S5_twin_shock_imf_bailout,indonesia,USDC
945,0.8320248826169574,2270.515457719269,466,S5_twin_shock_imf_bailout,indonesia,USDC
946,0.8337533335896715,2213.752571276287,466,S5_twin_shock_imf_bailout,indonesia,USDC
947,0.6997677327368056,2158.40875699438,466,S5_twin_shock_imf_bailout,indonesia,USDC
948,0.7275792503756823,2104.4485380695205,466,S5_twin_shock_imf_bailout,indonesia,USDC
949,0.7051214998456476,2051.8373246177825,466,S5_twin_shock_imf_bailout,indonesia,USDC
950,0.7298026666934196,2000.5413915023378,466,S5_twin_shock_imf_bailout,indonesia,USDC
951,0.7511869268422433,1950.5278567147793,466,S5_twin_shock_imf_bailout,indonesia,USDC
952,0.7509702548414566,1901.76466029691,466,S5_twin_shock_imf_bailout,indonesia,USDC
953,0.7605902003153847,1854.2205437894872,466,S5_twin_shock_imf_bailout,indonesia,USDC
954,0.7700361349011574,1807.86503019475,466,S5_twin_shock_imf_bailout,indonesia,USDC
955,0.7738445218551837,1762.6684044398812,466,S5_twin_shock_imf_bailout,indonesia,USDC
956,0.7701513011354971,1718.6016943288842,466,S5_twin_shock_imf_bailout,indonesia,USDC
957,0.7717363471855755,1675.6366519706617,466,S5_twin_shock_imf_bailout,indonesia,USDC
958,0.7533682522103106,1633.7457356713953,466,S5_twin_shock_imf_bailout,indonesia,USDC
959,0.7642788822092392,1592.9020922796103,466,S5_twin_shock_imf_bailout,indonesia,USDC
960,0.7793754559526169,1553.0795399726203,466,S5_twin_shock_imf_bailout,indonesia,USDC
961,0.7541709223753547,1514.2525514733047,466,S5_twin_shock_imf_bailout,indonesia,USDC
962,0.7520998376219321,1476.396237686472,466,S5_twin_shock_imf_bailout,indonesia,USDC
963,0.7755477395876447,1439.4863317443103,466,S5_twin_shock_imf_bailout,indonesia,USDC
964,0.7825336720102448,1403.4991734507025,466,S5_twin_shock_imf_bailout,indonesia,USDC
965,0.781626032825382,1368.411694114435,466,S5_twin_shock_imf_bailout,indonesia,USDC
966,0.7975553401945523,1334.201401761574,466,S5_twin_shock_imf_bailout,indonesia,USDC
967,0.7850599761248304,1300.8463667175347,466,S5_twin_shock_imf_bailout,indonesia,USDC
968,0.802926238761828,1268.3252075495964,466,S5_twin_shock_imf_bailout,indonesia,USDC
969,0.7893958449652274,1236.6170773608565,466,S5_twin_shock_imf_bailout,indonesia,USDC
970,0.7765369183228211,1205.7016504268352,466,S5_twin_shock_imf_bailout,indonesia,USDC
971,0.8042999782206377,1175.5591091661643,466,S5_twin_shock_imf_bailout,indonesia,USDC
972,0.7611491024533301,1146.1701314370102,466,S5_twin_shock_imf_bailout,indonesia,USDC
973,0.7534048798943103,1117.515878151085,466,S5_twin_shock_imf_bailout,indonesia,USDC
974,0.7549831111650879,1089.577981197308,466,S5_twin_shock_imf_bailout,indonesia,USDC
975,0.7730657481897868,1062.338531667375,466,S5_twin_shock_imf_bailout,indonesia,USDC
976,0.7544268321114108,1035.7800683756907,466,S5_twin_shock_imf_bailout,indonesia,USDC
977,0.7930642092254669,1009.8855666662985,466,S5_twin_shock_imf_bailout,indonesia,USDC
978,0.7798578794705029,984.638427499641,466,S5_twin_shock_imf_bailout,indonesia,USDC
979,0.8156176411243963,960.02246681215,466,S5_twin_shock_imf_bailout,indonesia,USDC
980,0.8187384421435063,936.0219051418462,466,S5_twin_shock_imf_bailout,indonesia,USDC
981,0.7879679629518349,912.6213575133002,466,S5_twin_shock_imf_bailout,indonesia,USDC
982,0.7904390205069737,889.8058235754677,466,S5_twin_shock_imf_bailout,indonesia,USDC
983,0.7715228356539444,867.5606779860809,466,S5_twin_shock_imf_bailout,indonesia,USDC
984,0.7882542722648568,845.8716610364288,466,S5_twin_shock_imf_bailout,indonesia,USDC
985,0.7704445423428639,824.7248695105181,466,S5_twin_shock_imf_bailout,indonesia,USDC
986,0.7875528683972348,804.1067477727552,466,S5_twin_shock_imf_bailout,indonesia,USDC
987,0.7595243553133787,784.0040790784363,466,S5_twin_shock_imf_bailout,indonesia,USDC
988,0.7616705862587135,764.4039771014754,466,S5_twin_shock_imf_bailout,indonesia,USDC
989,0.7480933552542411,745.2938776739386,466,S5_twin_shock_imf_bailout,indonesia,USDC
990,0.7431039841273019,726.6615307320901,466,S5_twin_shock_imf_bailout,indonesia,USDC
991,0.7694060944883282,708.4949924637879,466,S5_twin_shock_imf_bailout,indonesia,USDC
992,0.7774945293500052,690.782617652193,466,S5_twin_shock_imf_bailout,indonesia,USDC
993,0.789604889162809,673.5130522108883,466,S5_twin_shock_imf_bailout,indonesia,USDC
994,0.7543197686311277,656.6752259056161,466,S5_twin_shock_imf_bailout,indonesia,USDC
995,0.7445387440503324,640.2583452579756,466,S5_twin_shock_imf_bailout,indonesia,USDC
996,0.7250096987051456,624.2518866265262,466,S5_twin_shock_imf_bailout,indonesia,USDC
997,0.7725379429756104,608.645589460863,466,S5_twin_shock_imf_bailout,indonesia,USDC
998,0.7682178029160077,593.4294497243415,466,S5_twin_shock_imf_bailout,indonesia,USDC
999,0.7948270064321666,578.593713481233,466,S5_twin_shock_imf_bailout,indonesia,USDC
1000,0.7855339927584004,564.1288706442022,466,S5_twin_shock_imf_bailout,indonesia,USDC
