Step,price,liquidity,iteration,scenario,region,coin
1,1.0013015515356596,2989434292782.0933,524,S5_twin_shock_imf_bailout,indonesia,USDC
2,0.9722492482072066,2989434292782.0933,524,S5_twin_shock_imf_bailout,indonesia,USDC
3,0.9792285842586136,2989434292782.0933,524,S5_twin_shock_imf_bailout,indonesia,USDC
4,0.979085458210453,2989434292782.0933,524,S5_twin_shock_imf_bailout,indonesia,USDC
5,0.9933713618850529,2989434292782.0933,524,S5_twin_shock_imf_bailout,indonesia,USDC
6,0.9689574321579446,2989434292782.0933,524,S5_twin_shock_imf_bailout,indonesia,USDC
7,0.968565409266519,2989393806035.04,524,S5_twin_shock_imf_bailout,indonesia,USDC
8,0.9497675058167864,2989329794029.2505,524,S5_twin_shock_imf_bailout,indonesia,USDC
9,0.9693695916740923,2988107140904.292,524,S5_twin_shock_imf_bailout,indonesia,USDC
10,0.9440360958362396,2988085332949.474,524,S5_twin_shock_imf_bailout,indonesia,USDC
11,0.9640320229948802,2986545704297.9062,524,S5_twin_shock_imf_bailout,indonesia,USDC
12,0.9642706252130827,2986223537783.388,524,S5_twin_shock_imf_bailout,indonesia,USDC
13,0.9717909427917403,2985917483985.007,524,S5_twin_shock_imf_bailout,indonesia,USDC
14,0.9733126691747838,2985917483985.007,524,S5_twin_shock_imf_bailout,indonesia,USDC
15,0.9707866283905544,2985917483985.007,524,S5_twin_shock_imf_bailout,indonesia,USDC
16,0.9655587761435716,2985917483985.007,524,S5_twin_shock_imf_bailout,indonesia,USDC
17,0.9632115687735544,2985668428948.11,524,S5_twin_shock_imf_bailout,indonesia,USDC
18,0.9545851174680577,2985295550235.2607,524,S5_twin_shock_imf_bailout,indonesia,USDC
19,0.9725782888758201,2984407823718.016,524,S5_twin_shock_imf_bailout,indonesia,USDC
20,1.0221563573744161,2984407823718.016,524,S5_twin_shock_imf_bailout,indonesia,USDC
21,0.9830117222549645,2984407823718.016,524,S5_twin_shock_imf_bailout,indonesia,USDC
22,0.9576217570209707,2984407823718.016,524,S5_twin_shock_imf_bailout,indonesia,USDC
23,0.9503048997826677,2983730541536.909,524,S5_twin_shock_imf_bailout,indonesia,USDC
24,0.9410341492608223,2982671117413.617,524,S5_twin_shock_imf_bailout,indonesia,USDC
25,0.9402856578915805,2981115565034.962,524,S5_twin_shock_imf_bailout,indonesia,USDC
26,0.9685902569994688,2979566991898.4062,524,S5_twin_shock_imf_bailout,indonesia,USDC
27,0.9331450011387208,2979503224482.116,524,S5_twin_shock_imf_bailout,indonesia,USDC
28,0.9714568422849139,2977600863223.57,524,S5_twin_shock_imf_bailout,indonesia,USDC
29,0.9915192705283057,2977600863223.57,524,S5_twin_shock_imf_bailout,indonesia,USDC
30,0.9916890547337415,2977600863223.57,524,S5_twin_shock_imf_bailout,indonesia,USDC
31,0.9801110922658506,2977600863223.57,524,S5_twin_shock_imf_bailout,indonesia,USDC
32,1.002252202027718,2977600863223.57,524,S5_twin_shock_imf_bailout,indonesia,USDC
33,1.0403164430612115,2977600863223.57,524,S5_twin_shock_imf_bailout,indonesia,USDC
34,1.0602831778238946,2977600863223.57,524,S5_twin_shock_imf_bailout,indonesia,USDC
35,1.056950153858055,2977600863223.57,524,S5_twin_shock_imf_bailout,indonesia,USDC
36,1.0372989753956872,2977600863223.57,524,S5_twin_shock_imf_bailout,indonesia,USDC
37,1.02639390723578,2977600863223.57,524,S5_twin_shock_imf_bailout,indonesia,USDC
38,1.0270509260036285,2977600863223.57,524,S5_twin_shock_imf_bailout,indonesia,USDC
39,1.0109928574412401,2977600863223.57,524,S5_twin_shock_imf_bailout,indonesia,USDC
40,0.9969985301315724,2977600863223.57,524,S5_twin_shock_imf_bailout,indonesia,USDC
41,1.0094004633335143,2977600863223.57,524,S5_twin_shock_imf_bailout,indonesia,USDC
42,0.9902653553893263,2977600863223.57,524,S5_twin_shock_imf_bailout,indonesia,USDC
43,1.0034342473446556,2977600863223.57,524,S5_twin_shock_imf_bailout,indonesia,USDC
44,1.0008994555802277,2977600863223.57,524,S5_twin_shock_imf_bailout,indonesia,USDC
45,0.9514260105730162,2977600863223.57,524,S5_twin_shock_imf_bailout,indonesia,USDC
46,0.9824636748933091,2976694166957.33,524,S5_twin_shock_imf_bailout,indonesia,USDC
47,0.9844152517273587,2976694166957.33,524,S5_twin_shock_imf_bailout,indonesia,USDC
48,0.9825917885730631,2976694166957.33,524,S5_twin_shock_imf_bailout,indonesia,USDC
49,0.9747124808608068,2976694166957.33,524,S5_twin_shock_imf_bailout,indonesia,USDC
50,1.027530843400648,2976694166957.33,524,S5_twin_shock_imf_bailout,indonesia,USDC
51,1.0495698733144994,2976694166957.33,524,S5_twin_shock_imf_bailout,indonesia,USDC
52,1.0268810479305228,2976694166957.33,524,S5_twin_shock_imf_bailout,indonesia,USDC
53,1.032917039928062,2976694166957.33,524,S5_twin_shock_imf_bailout,indonesia,USDC
54,1.076905258511694,2976694166957.33,524,S5_twin_shock_imf_bailout,indonesia,USDC
55,1.094804645865002,2976694166957.33,524,S5_twin_shock_imf_bailout,indonesia,USDC
56,1.0950289126907575,2976694166957.33,524,S5_twin_shock_imf_bailout,indonesia,USDC
57,1.108393176616046,2976694166957.33,524,S5_twin_shock_imf_bailout,indonesia,USDC
58,1.1346582648697108,2976694166957.33,524,S5_twin_shock_imf_bailout,indonesia,USDC
59,1.1626919671533698,2976694166957.33,524,S5_twin_shock_imf_bailout,indonesia,USDC
60,1.1124056855934346,2976694166957.33,524,S5_twin_shock_imf_bailout,indonesia,USDC
61,1.11298260766175,2976694166957.33,524,S5_twin_shock_imf_bailout,indonesia,USDC
62,1.0730298639586406,2976694166957.33,524,S5_twin_shock_imf_bailout,indonesia,USDC
63,1.0758336101371178,2976694166957.33,524,S5_twin_shock_imf_bailout,indonesia,USDC
64,1.0183989573514571,2976694166957.33,524,S5_twin_shock_imf_bailout,indonesia,USDC
65,1.0302619571683505,2976694166957.33,524,S5_twin_shock_imf_bailout,indonesia,USDC
66,1.0196926270054911,2976694166957.33,524,S5_twin_shock_imf_bailout,indonesia,USDC
67,1.0312740152436954,2976694166957.33,524,S5_twin_shock_imf_bailout,indonesia,USDC
68,1.0361801721314148,2976694166957.33,524,S5_twin_shock_imf_bailout,indonesia,USDC
69,1.0294808124886694,2976694166957.33,524,S5_twin_shock_imf_bailout,indonesia,USDC
70,1.0497789149663599,2976694166957.33,524,S5_twin_shock_imf_bailout,indonesia,USDC
71,1.0454798443897735,2976694166957.33,524,S5_twin_shock_imf_bailout,indonesia,USDC
72,1.016326663336549,2976694166957.33,524,S5_twin_shock_imf_bailout,indonesia,USDC
73,1.0183018551185263,2976694166957.33,524,S5_twin_shock_imf_bailout,indonesia,USDC
74,1.0096437697401626,2976694166957.33,524,S5_twin_shock_imf_bailout,indonesia,USDC
75,1.021580803656737,2976694166957.33,524,S5_twin_shock_imf_bailout,indonesia,USDC
76,1.0468421113203263,2976694166957.33,524,S5_twin_shock_imf_bailout,indonesia,USDC
77,1.0330318774548213,2976694166957.33,524,S5_twin_shock_imf_bailout,indonesia,USDC
78,1.0237054603775344,2976694166957.33,524,S5_twin_shock_imf_bailout,indonesia,USDC
79,0.9940820785517778,2976694166957.33,524,S5_twin_shock_imf_bailout,indonesia,USDC
80,0.9944007864482522,2976694166957.33,524,S5_twin_shock_imf_bailout,indonesia,USDC
81,1.0492967408387264,2976694166957.33,524,S5_twin_shock_imf_bailout,indonesia,USDC
82,1.0712233326213014,2976694166957.33,524,S5_twin_shock_imf_bailout,indonesia,USDC
83,1.0667060298734694,2976694166957.33,524,S5_twin_shock_imf_bailout,indonesia,USDC
84,1.0697656399644744,2976694166957.33,524,S5_twin_shock_imf_bailout,indonesia,USDC
85,1.0269988142135282,2976694166957.33,524,S5_twin_shock_imf_bailout,indonesia,USDC
86,1.0312271631748136,2976694166957.33,524,S5_twin_shock_imf_bailout,indonesia,USDC
87,1.0228250505168348,2976694166957.33,524,S5_twin_shock_imf_bailout,indonesia,USDC
88,0.9990291733141062,2976694166957.33,524,S5_twin_shock_imf_bailout,indonesia,USDC
89,1.022641100515082,2976694166957.33,524,S5_twin_shock_imf_bailout,indonesia,USDC
90,1.0358149714760538,2976694166957.33,524,S5_twin_shock_imf_bailout,indonesia,USDC
91,1.0323531156458574,2976694166957.33,524,S5_twin_shock_imf_bailout,indonesia,USDC
92,1.0387312034479537,2976694166957.33,524,S5_twin_shock_imf_bailout,indonesia,USDC
93,1.0684317316933714,2976694166957.33,524,S5_twin_shock_imf_bailout,indonesia,USDC
94,1.0573999451306162,2976694166957.33,524,S5_twin_shock_imf_bailout,indonesia,USDC
95,1.042175948113168,2976694166957.33,524,S5_twin_shock_imf_bailout,indonesia,USDC
96,1.0152686874761652,2976694166957.33,524,S5_twin_shock_imf_bailout,indonesia,USDC
97,1.0218731741826903,2976694166957.33,524,S5_twin_shock_imf_bailout,indonesia,USDC
98,1.0262901467896064,2976694166957.33,524,S5_twin_shock_imf_bailout,indonesia,USDC
99,1.0299874950050665,2976694166957.33,524,S5_twin_shock_imf_bailout,indonesia,USDC
100,0.9801274009609426,2976694166957.33,524,S5_twin_shock_imf_bailout,indonesia,USDC
101,0.8348745710163823,2976694166957.33,524,S5_twin_shock_imf_bailout,indonesia,USDC
102,0.8738032097446612,2970512908790.5303,524,S5_twin_shock_imf_bailout,indonesia,USDC
103,0.9011218965146869,2966706278343.3926,524,S5_twin_shock_imf_bailout,indonesia,USDC
104,0.9048955518569816,2964186238161.779,524,S5_twin_shock_imf_bailout,indonesia,USDC
105,0.8973686215151669,2961910395285.629,524,S5_twin_shock_imf_bailout,indonesia,USDC
106,0.9260981503098573,2959650466693.61,524,S5_twin_shock_imf_bailout,indonesia,USDC
107,0.9573684176977588,2958397998272.8433,524,S5_twin_shock_imf_bailout,indonesia,USDC
108,0.9549328891724157,2958084473530.6123,524,S5_twin_shock_imf_bailout,indonesia,USDC
109,0.9401604658241545,2957683828421.7314,524,S5_twin_shock_imf_bailout,indonesia,USDC
110,0.9378497846592927,2956901940760.3887,524,S5_twin_shock_imf_bailout,indonesia,USDC
111,0.9117122673544089,2956020917704.0137,524,S5_twin_shock_imf_bailout,indonesia,USDC
112,0.8961673047972673,2954544308999.122,524,S5_twin_shock_imf_bailout,indonesia,USDC
113,0.8774185948017356,2952678000449.4795,524,S5_twin_shock_imf_bailout,indonesia,USDC
114,0.9014879810810222,2950459510637.2485,524,S5_twin_shock_imf_bailout,indonesia,USDC
115,0.9360251664012866,2949010341946.9316,524,S5_twin_shock_imf_bailout,indonesia,USDC
116,0.9966997180157107,2948324679047.039,524,S5_twin_shock_imf_bailout,indonesia,USDC
117,1.0132165528475083,2948324679047.039,524,S5_twin_shock_imf_bailout,indonesia,USDC
118,0.9961178748024063,2948324679047.039,524,S5_twin_shock_imf_bailout,indonesia,USDC
119,0.9684666223572982,2948324679047.039,524,S5_twin_shock_imf_bailout,indonesia,USDC
120,0.9582768186552515,2948314769333.0254,524,S5_twin_shock_imf_bailout,indonesia,USDC
121,600000.9346383575,2874424419925.2466,524,S5_twin_shock_imf_bailout,indonesia,USDC
122,480001.95,2802595809427.115,524,S5_twin_shock_imf_bailout,indonesia,USDC
123,384001.95,2732556514191.4375,524,S5_twin_shock_imf_bailout,indonesia,USDC
124,307201.95,2664263081336.6514,524,S5_twin_shock_imf_bailout,indonesia,USDC
125,245761.95,2597672888303.2354,524,S5_twin_shock_imf_bailout,indonesia,USDC
126,196609.95,2532744173295.6543,524,S5_twin_shock_imf_bailout,indonesia,USDC
127,157288.35,2469436054723.263,524,S5_twin_shock_imf_bailout,indonesia,USDC
128,125831.06999999999,2407708541963.181,524,S5_twin_shock_imf_bailout,indonesia,USDC
129,100665.246,2347522539300.502,524,S5_twin_shock_imf_bailout,indonesia,USDC
130,80532.5868,2288839844527.1094,524,S5_twin_shock_imf_bailout,indonesia,USDC
131,64426.45944,2231623143381.2275,524,S5_twin_shock_imf_bailout,indonesia,USDC
132,51541.557552,2175836000770.534,524,S5_twin_shock_imf_bailout,indonesia,USDC
133,41233.6360416,2121442849530.3398,524,S5_twin_shock_imf_bailout,indonesia,USDC
134,32987.29883328,2068408977315.3374,524,S5_twin_shock_imf_bailout,indonesia,USDC
135,26390.229066624004,2016700512101.0583,524,S5_twin_shock_imf_bailout,indonesia,USDC
136,21112.573253299208,1966284406673.4155,524,S5_twin_shock_imf_bailout,indonesia,USDC
137,16890.448602639364,1917128422406.4873,524,S5_twin_shock_imf_bailout,indonesia,USDC
138,13512.748882111493,1869201112566.2505,524,S5_twin_shock_imf_bailout,indonesia,USDC
139,10810.589105689196,1822471805328.0344,524,S5_twin_shock_imf_bailout,indonesia,USDC
140,8648.861284551356,1776910586655.586,524,S5_twin_shock_imf_bailout,indonesia,USDC
141,6919.479027641083,1732488283157.7983,524,S5_twin_shock_imf_bailout,indonesia,USDC
142,5535.973222112866,1689176445013.7349,524,S5_twin_shock_imf_bailout,indonesia,USDC
143,4429.168577690293,1646947329036.2964,524,S5_twin_shock_imf_bailout,indonesia,USDC
144,3543.724862152234,1605773881928.7131,524,S5_twin_shock_imf_bailout,indonesia,USDC
145,2835.3698897217873,1565629723775.1545,524,S5_twin_shock_imf_bailout,indonesia,USDC
146,2268.6859117774297,1526489131796.5032,524,S5_twin_shock_imf_bailout,indonesia,USDC
147,1815.338729421944,1488327024394.1726,524,S5_twin_shock_imf_bailout,indonesia,USDC
148,1452.6609835375552,1451118945498.3838,524,S5_twin_shock_imf_bailout,indonesia,USDC
149,1162.518786830044,1414841049232.1768,524,S5_twin_shock_imf_bailout,indonesia,USDC
150,930.4050294640354,1379470084898.3743,524,S5_twin_shock_imf_bailout,indonesia,USDC
151,744.7140235712283,1344983382293.5166,524,S5_twin_shock_imf_bailout,indonesia,USDC
152,596.1612188569826,1311358837350.2598,524,S5_twin_shock_imf_bailout,indonesia,USDC
153,477.3189750855861,1278574898107.7683,524,S5_twin_shock_imf_bailout,indonesia,USDC
154,382.24518006846887,1246610551008.0862,524,S5_twin_shock_imf_bailout,indonesia,USDC
155,306.1861440547751,1215445307515.2935,524,S5_twin_shock_imf_bailout,indonesia,USDC
156,245.3389152438201,1185059191053.3389,524,S5_twin_shock_imf_bailout,indonesia,USDC
157,196.66113219505607,1155432724257.7478,524,S5_twin_shock_imf_bailout,indonesia,USDC
158,157.71890575604485,1126546916535.8977,524,S5_twin_shock_imf_bailout,indonesia,USDC
159,126.5651246048359,1098383251930.1752,524,S5_twin_shock_imf_bailout,indonesia,USDC
160,101.64209968386872,1070923677278.0608,524,S5_twin_shock_imf_bailout,indonesia,USDC
161,81.70367974709498,1044150590663.0212,524,S5_twin_shock_imf_bailout,indonesia,USDC
162,65.75294379767598,1018046830149.9756,524,S5_twin_shock_imf_bailout,indonesia,USDC
163,52.99235503814079,992595662799.0497,524,S5_twin_shock_imf_bailout,indonesia,USDC
164,42.78388403051264,967780773951.3323,524,S5_twin_shock_imf_bailout,indonesia,USDC
165,34.61710722441011,943586256780.3562,524,S5_twin_shock_imf_bailout,indonesia,USDC
166,28.083685779528086,919996602103.093,524,S5_twin_shock_imf_bailout,indonesia,USDC
167,22.85694862362247,896996688444.3124,524,S5_twin_shock_imf_bailout,indonesia,USDC
168,18.675558898897975,874571772348.2417,524,S5_twin_shock_imf_bailout,indonesia,USDC
169,15.330447119118379,852707478931.5654,524,S5_twin_shock_imf_bailout,indonesia,USDC
170,12.654357695294703,831389792671.9001,524,S5_twin_shock_imf_bailout,indonesia,USDC
171,10.513486156235762,810605048426.0018,524,S5_twin_shock_imf_bailout,indonesia,USDC
172,8.800788924988609,790339922672.071,524,S5_twin_shock_imf_bailout,indonesia,USDC
173,7.430631139990888,770581424970.6447,524,S5_twin_shock_imf_bailout,indonesia,USDC
174,6.334504911992711,751316889638.679,524,S5_twin_shock_imf_bailout,indonesia,USDC
175,5.457603929594168,732533967631.5522,524,S5_twin_shock_imf_bailout,indonesia,USDC
176,4.756083143675334,714220618627.8356,524,S5_twin_shock_imf_bailout,indonesia,USDC
177,4.1948665149402675,696365103311.7974,524,S5_twin_shock_imf_bailout,indonesia,USDC
178,3.745893211952214,678955975848.7288,524,S5_twin_shock_imf_bailout,indonesia,USDC
179,3.3867145695617715,661982076548.2915,524,S5_twin_shock_imf_bailout,indonesia,USDC
180,3.099371655649417,645432524711.209,524,S5_twin_shock_imf_bailout,indonesia,USDC
181,2.8694973245195334,629296711654.7286,524,S5_twin_shock_imf_bailout,indonesia,USDC
182,2.685597859615627,613564293912.4003,524,S5_twin_shock_imf_bailout,indonesia,USDC
183,2.5384782876925014,598225186603.8223,524,S5_twin_shock_imf_bailout,indonesia,USDC
184,2.420782630154001,583269556970.112,524,S5_twin_shock_imf_bailout,indonesia,USDC
185,2.326626104123201,568687818070.9678,524,S5_twin_shock_imf_bailout,indonesia,USDC
186,2.2513008832985606,554470622639.2803,524,S5_twin_shock_imf_bailout,indonesia,USDC
187,2.1910407066388484,540608857089.3676,524,S5_twin_shock_imf_bailout,indonesia,USDC
188,2.1428325653110787,527093635674.9889,524,S5_twin_shock_imf_bailout,indonesia,USDC
189,2.0575155902695297,513916294793.39856,524,S5_twin_shock_imf_bailout,indonesia,USDC
190,2.0515766713000922,501068387431.7911,524,S5_twin_shock_imf_bailout,indonesia,USDC
191,1.962947598641631,488541677752.57825,524,S5_twin_shock_imf_bailout,indonesia,USDC
192,1.8848486486048937,476328135814.0294,524,S5_twin_shock_imf_bailout,indonesia,USDC
193,1.8717999126702283,464419932422.89124,524,S5_twin_shock_imf_bailout,indonesia,USDC
194,1.8464156957880729,452809434115.6889,524,S5_twin_shock_imf_bailout,indonesia,USDC
195,1.7196952071046736,441489198265.49255,524,S5_twin_shock_imf_bailout,indonesia,USDC
196,1.5838355066616183,430451968311.0121,524,S5_twin_shock_imf_bailout,indonesia,USDC
197,1.5320420525657004,419690669104.9622,524,S5_twin_shock_imf_bailout,indonesia,USDC
198,1.4546022304437616,409198402378.7185,524,S5_twin_shock_imf_bailout,indonesia,USDC
199,1.4227491252037752,398968442320.3548,524,S5_twin_shock_imf_bailout,indonesia,USDC
200,1.378830172417254,388994231263.2294,524,S5_twin_shock_imf_bailout,indonesia,USDC
201,1.3030393922604007,379269375482.35535,524,S5_twin_shock_imf_bailout,indonesia,USDC
202,1.1697111267123816,369787641095.8618,524,S5_twin_shock_imf_bailout,indonesia,USDC
203,1.1513711864541887,360542950068.9176,524,S5_twin_shock_imf_bailout,indonesia,USDC
204,1.1230222647222565,351529376317.5565,524,S5_twin_shock_imf_bailout,indonesia,USDC
205,1.0669329361036126,342741141909.9071,524,S5_twin_shock_imf_bailout,indonesia,USDC
206,1.0211548056569828,334172613362.39105,524,S5_twin_shock_imf_bailout,indonesia,USDC
207,1.0105672251130389,325818298028.5165,524,S5_twin_shock_imf_bailout,indonesia,USDC
208,0.9829487834604128,317672840577.95184,524,S5_twin_shock_imf_bailout,indonesia,USDC
209,0.9615408547714868,309731019563.6216,524,S5_twin_shock_imf_bailout,indonesia,USDC
210,0.9145898173146113,301853249372.5824,524,S5_twin_shock_imf_bailout,indonesia,USDC
211,0.8718656097409441,293302570266.12085,524,S5_twin_shock_imf_bailout,indonesia,USDC
212,0.8649934459805786,284357949701.9978,524,S5_twin_shock_imf_bailout,indonesia,USDC
213,0.8673249991254965,275685502751.16406,524,S5_twin_shock_imf_bailout,indonesia,USDC
214,0.8704255362458424,267356407395.1358,524,S5_twin_shock_imf_bailout,indonesia,USDC
215,0.8548101253264087,259396031671.1786,524,S5_twin_shock_imf_bailout,indonesia,USDC
216,0.8550101525176282,251586071582.4481,524,S5_twin_shock_imf_bailout,indonesia,USDC
217,0.8486168910518027,244154998922.49158,524,S5_twin_shock_imf_bailout,indonesia,USDC
218,0.8450794640768449,236985940478.4051,524,S5_twin_shock_imf_bailout,indonesia,USDC
219,0.83455060637184,230119866229.50177,524,S5_twin_shock_imf_bailout,indonesia,USDC
220,0.8658099491409895,223433375439.22018,524,S5_twin_shock_imf_bailout,indonesia,USDC
221,0.8649039581887483,217229749848.5157,524,S5_twin_shock_imf_bailout,indonesia,USDC
222,0.8650472419754028,211278528568.98456,524,S5_twin_shock_imf_bailout,indonesia,USDC
223,0.8292185487125304,205497410925.02667,524,S5_twin_shock_imf_bailout,indonesia,USDC
224,0.8256989033688277,199786976353.29578,524,S5_twin_shock_imf_bailout,indonesia,USDC
225,0.8082129712429459,194297320907.27576,524,S5_twin_shock_imf_bailout,indonesia,USDC
226,0.8075668505987558,188961928019.5749,524,S5_twin_shock_imf_bailout,indonesia,USDC
227,0.8220893792979402,183807814249.10547,524,S5_twin_shock_imf_bailout,indonesia,USDC
228,0.8192244624057693,178899680840.49677,524,S5_twin_shock_imf_bailout,indonesia,USDC
229,0.810512392856147,174149113798.8072,524,S5_twin_shock_imf_bailout,indonesia,USDC
230,0.8104012464875608,169556116631.82,524,S5_twin_shock_imf_bailout,indonesia,USDC
231,0.7796320280663503,165102023721.71045,524,S5_twin_shock_imf_bailout,indonesia,USDC
232,0.8082403453202373,160768364351.9635,524,S5_twin_shock_imf_bailout,indonesia,USDC
233,0.8306291166644509,156601308514.44864,524,S5_twin_shock_imf_bailout,indonesia,USDC
234,0.8217937747808935,152582296934.52472,524,S5_twin_shock_imf_bailout,indonesia,USDC
235,0.8150227335883846,148672647313.03815,524,S5_twin_shock_imf_bailout,indonesia,USDC
236,0.811648730861231,144871291082.10498,524,S5_twin_shock_imf_bailout,indonesia,USDC
237,0.8294641620598329,141178150385.2326,524,S5_twin_shock_imf_bailout,indonesia,USDC
238,0.8205579895463946,137596470829.872,524,S5_twin_shock_imf_bailout,indonesia,USDC
239,0.8326386568540036,134108548996.41187,524,S5_twin_shock_imf_bailout,indonesia,USDC
240,0.824305070721216,130715686347.7474,524,S5_twin_shock_imf_bailout,indonesia,USDC
241,0.8366989177778904,127411239873.89737,524,S5_twin_shock_imf_bailout,indonesia,USDC
242,0.8238158348909658,124197537564.71552,524,S5_twin_shock_imf_bailout,indonesia,USDC
243,0.8401612452296444,121066252906.23013,524,S5_twin_shock_imf_bailout,indonesia,USDC
244,0.8438089063749324,118020497089.89835,524,S5_twin_shock_imf_bailout,indonesia,USDC
245,0.8456683004920516,115053406970.73177,524,S5_twin_shock_imf_bailout,indonesia,USDC
246,0.8755637985981752,112162467763.88193,524,S5_twin_shock_imf_bailout,indonesia,USDC
247,0.8999855301032406,109348719714.41187,524,S5_twin_shock_imf_bailout,indonesia,USDC
248,0.8770262804903657,106608830109.56212,524,S5_twin_shock_imf_bailout,indonesia,USDC
249,0.8762345651966864,103935375110.11006,524,S5_twin_shock_imf_bailout,indonesia,USDC
250,0.8611210090886616,101329977868.38104,524,S5_twin_shock_imf_bailout,indonesia,USDC
251,0.8343434254774096,98788796952.61049,524,S5_twin_shock_imf_bailout,indonesia,USDC
252,0.8048767668033262,96310304135.5519,524,S5_twin_shock_imf_bailout,indonesia,USDC
253,0.7852969011103755,93893904137.56117,524,S5_twin_shock_imf_bailout,indonesia,USDC
254,0.7929407218275463,91537927950.33994,524,S5_twin_shock_imf_bailout,indonesia,USDC
255,0.8004755124229407,89242783277.73178,524,S5_twin_shock_imf_bailout,indonesia,USDC
256,0.7976318537261818,87006472517.71243,524,S5_twin_shock_imf_bailout,indonesia,USDC
257,0.80528631205833,84826912962.20508,524,S5_twin_shock_imf_bailout,indonesia,USDC
258,0.7900639367597977,82702988714.1359,524,S5_twin_shock_imf_bailout,indonesia,USDC
259,0.7674497697952982,80632302299.56583,524,S5_twin_shock_imf_bailout,indonesia,USDC
260,0.7565901210524332,78613573970.1559,524,S5_twin_shock_imf_bailout,indonesia,USDC
261,0.7401848421604732,76645938704.28659,524,S5_twin_shock_imf_bailout,indonesia,USDC
262,0.758402373327818,74727712257.50476,524,S5_twin_shock_imf_bailout,indonesia,USDC
263,0.7821234219548161,72858086847.81181,524,S5_twin_shock_imf_bailout,indonesia,USDC
264,0.7902369037049589,71035615859.2096,524,S5_twin_shock_imf_bailout,indonesia,USDC
265,0.7965338666667139,69258970098.55937,524,S5_twin_shock_imf_bailout,indonesia,USDC
266,0.7937707264670946,67526896990.47032,524,S5_twin_shock_imf_bailout,indonesia,USDC
267,0.8029849834157492,65838230732.669785,524,S5_twin_shock_imf_bailout,indonesia,USDC
268,0.778917731665624,64191878928.44708,524,S5_twin_shock_imf_bailout,indonesia,USDC
269,0.7876167307789745,62586703654.319824,524,S5_twin_shock_imf_bailout,indonesia,USDC
270,0.7945843815785192,61021737679.31665,524,S5_twin_shock_imf_bailout,indonesia,USDC
271,0.7905622847852778,59495960215.94902,524,S5_twin_shock_imf_bailout,indonesia,USDC
272,0.8073755333801657,58008364267.87159,524,S5_twin_shock_imf_bailout,indonesia,USDC
273,0.7952115333894828,56558008888.59011,524,S5_twin_shock_imf_bailout,indonesia,USDC
274,0.8065429266322527,55143932575.97363,524,S5_twin_shock_imf_bailout,indonesia,USDC
275,0.8007623785791443,53765230255.72777,524,S5_twin_shock_imf_bailout,indonesia,USDC
276,0.8021985250046368,52421009961.47677,524,S5_twin_shock_imf_bailout,indonesia,USDC
277,0.7971954164857066,51110414334.11251,524,S5_twin_shock_imf_bailout,indonesia,USDC
278,0.7957907076108449,49832592234.496284,524,S5_twin_shock_imf_bailout,indonesia,USDC
279,0.7905872413431055,48586726133.20593,524,S5_twin_shock_imf_bailout,indonesia,USDC
280,0.7937348532612384,47372016137.777756,524,S5_twin_shock_imf_bailout,indonesia,USDC
281,0.7603857656574834,46187680419.215385,524,S5_twin_shock_imf_bailout,indonesia,USDC
282,0.7596609614200763,45032953166.7801,524,S5_twin_shock_imf_bailout,indonesia,USDC
283,0.7693304075477365,43907102641.38365,524,S5_twin_shock_imf_bailout,indonesia,USDC
284,0.7775109314323728,42809405353.39193,524,S5_twin_shock_imf_bailout,indonesia,USDC
285,0.7720562726996029,41739154691.80326,524,S5_twin_shock_imf_bailout,indonesia,USDC
286,0.7732278460132291,40695662630.929474,524,S5_twin_shock_imf_bailout,indonesia,USDC
287,0.7693247250138708,39678260577.779205,524,S5_twin_shock_imf_bailout,indonesia,USDC
288,0.7837704562519544,38686295329.822426,524,S5_twin_shock_imf_bailout,indonesia,USDC
289,0.7947573974518891,37719131767.063446,524,S5_twin_shock_imf_bailout,indonesia,USDC
290,0.7718440355692283,36776148829.286064,524,S5_twin_shock_imf_bailout,indonesia,USDC
291,0.8057244610492136,35856740567.96814,524,S5_twin_shock_imf_bailout,indonesia,USDC
292,0.7892810674178494,34960319106.22168,524,S5_twin_shock_imf_bailout,indonesia,USDC
293,0.797972990953529,34086308356.843582,524,S5_twin_shock_imf_bailout,indonesia,USDC
294,0.8084091325640179,33234148449.07701,524,S5_twin_shock_imf_bailout,indonesia,USDC
295,0.8046619053010796,32403293038.701565,524,S5_twin_shock_imf_bailout,indonesia,USDC
296,0.7980671280580098,31593209349.397156,524,S5_twin_shock_imf_bailout,indonesia,USDC
297,0.7876523009360937,30803377876.36133,524,S5_twin_shock_imf_bailout,indonesia,USDC
298,0.7679854836558812,30033292385.28116,524,S5_twin_shock_imf_bailout,indonesia,USDC
299,0.7876027446062652,29282459103.523697,524,S5_twin_shock_imf_bailout,indonesia,USDC
300,0.7966095303967694,28550396896.0475,524,S5_twin_shock_imf_bailout,indonesia,USDC
301,0.7827321364445259,27836636431.69944,524,S5_twin_shock_imf_bailout,indonesia,USDC
302,0.7944728364429641,27140720026.745552,524,S5_twin_shock_imf_bailout,indonesia,USDC
303,0.7890396475330279,26462201665.660797,524,S5_twin_shock_imf_bailout,indonesia,USDC
304,0.7877819932321564,25800646309.0422,524,S5_twin_shock_imf_bailout,indonesia,USDC
305,0.7882265714038013,25155629891.23503,524,S5_twin_shock_imf_bailout,indonesia,USDC
306,0.7982847824403765,24526738935.68763,524,S5_twin_shock_imf_bailout,indonesia,USDC
307,0.7784880951367013,23913570293.503662,524,S5_twin_shock_imf_bailout,indonesia,USDC
308,0.8152945692007643,23315730883.62777,524,S5_twin_shock_imf_bailout,indonesia,USDC
309,0.8390147950550436,22732837513.978603,524,S5_twin_shock_imf_bailout,indonesia,USDC
310,0.8158312303268145,22164516503.02324,524,S5_twin_shock_imf_bailout,indonesia,USDC
311,0.8323304487779547,21610403514.18039,524,S5_twin_shock_imf_bailout,indonesia,USDC
312,0.8204461403453308,21070143369.04519,524,S5_twin_shock_imf_bailout,indonesia,USDC
313,0.8175751605038408,20543389734.630337,524,S5_twin_shock_imf_bailout,indonesia,USDC
314,0.7977519180889756,20029804944.73223,524,S5_twin_shock_imf_bailout,indonesia,USDC
315,0.8046038228544856,19529059778.54921,524,S5_twin_shock_imf_bailout,indonesia,USDC
316,0.8295748574078305,19040833250.87046,524,S5_twin_shock_imf_bailout,indonesia,USDC
317,0.8167683843386621,18564812394.436523,524,S5_twin_shock_imf_bailout,indonesia,USDC
318,0.8271698941302192,18100692061.54605,524,S5_twin_shock_imf_bailout,indonesia,USDC
319,0.8196507775436611,17648174741.894527,524,S5_twin_shock_imf_bailout,indonesia,USDC
320,0.8039158584577559,17206970357.014557,524,S5_twin_shock_imf_bailout,indonesia,USDC
321,0.8102726446860582,16776796083.102947,524,S5_twin_shock_imf_bailout,indonesia,USDC
322,0.8152451535519866,16357376168.729212,524,S5_twin_shock_imf_bailout,indonesia,USDC
323,0.8009765371077566,15948441754.527336,524,S5_twin_shock_imf_bailout,indonesia,USDC
324,0.7972084710617577,15549730701.462667,524,S5_twin_shock_imf_bailout,indonesia,USDC
325,0.8037731275196857,15160987426.266388,524,S5_twin_shock_imf_bailout,indonesia,USDC
326,0.7992795815492438,14781962734.50605,524,S5_twin_shock_imf_bailout,indonesia,USDC
327,0.7706810283497548,14412413660.799603,524,S5_twin_shock_imf_bailout,indonesia,USDC
328,0.8086024365987869,14052103314.019611,524,S5_twin_shock_imf_bailout,indonesia,USDC
329,0.8093797799046321,13700800727.921251,524,S5_twin_shock_imf_bailout,indonesia,USDC
330,0.7882313922005897,13358280707.00457,524,S5_twin_shock_imf_bailout,indonesia,USDC
331,0.7896245618247323,13024323686.793228,524,S5_twin_shock_imf_bailout,indonesia,USDC
332,0.7907466450529301,12698715592.466877,524,S5_twin_shock_imf_bailout,indonesia,USDC
333,0.8215649989029643,12381247700.970972,524,S5_twin_shock_imf_bailout,indonesia,USDC
334,0.8275030538629631,12071716507.29684,524,S5_twin_shock_imf_bailout,indonesia,USDC
335,0.8289485476402186,11769923593.60889,524,S5_twin_shock_imf_bailout,indonesia,USDC
336,0.83114181935546,11475675502.919558,524,S5_twin_shock_imf_bailout,indonesia,USDC
337,0.8230238904050832,11188783614.632214,524,S5_twin_shock_imf_bailout,indonesia,USDC
338,0.8038144985315743,10909064023.61853,524,S5_twin_shock_imf_bailout,indonesia,USDC
339,0.788673503023983,10636337422.4432,524,S5_twin_shock_imf_bailout,indonesia,USDC
340,0.8069108731295074,10370428986.313265,524,S5_twin_shock_imf_bailout,indonesia,USDC
341,0.7869854589531136,10111168261.239437,524,S5_twin_shock_imf_bailout,indonesia,USDC
342,0.7903880211318917,9858389054.320118,524,S5_twin_shock_imf_bailout,indonesia,USDC
343,0.7685527665398812,9611929327.664944,524,S5_twin_shock_imf_bailout,indonesia,USDC
344,0.7681829440302838,9371631094.199377,524,S5_twin_shock_imf_bailout,indonesia,USDC
345,0.7784032648172633,9137340316.6243,524,S5_twin_shock_imf_bailout,indonesia,USDC
346,0.7800561803417165,8908906808.535135,524,S5_twin_shock_imf_bailout,indonesia,USDC
347,0.8037694322663039,8686184138.191677,524,S5_twin_shock_imf_bailout,indonesia,USDC
348,0.7875787661232913,8469029534.642305,524,S5_twin_shock_imf_bailout,indonesia,USDC
349,0.7984857817689932,8257303796.191154,524,S5_twin_shock_imf_bailout,indonesia,USDC
350,0.8091372970311919,8050871201.216467,524,S5_twin_shock_imf_bailout,indonesia,USDC
351,0.7973223503128238,7849599421.134167,524,S5_twin_shock_imf_bailout,indonesia,USDC
352,0.7911373675465608,7653359435.55802,524,S5_twin_shock_imf_bailout,indonesia,USDC
353,0.7650117628668635,7462025449.628252,524,S5_twin_shock_imf_bailout,indonesia,USDC
354,0.7329970079710206,7275474813.349987,524,S5_twin_shock_imf_bailout,indonesia,USDC
355,0.7488165685490518,7093587942.982252,524,S5_twin_shock_imf_bailout,indonesia,USDC
356,0.7380699215918555,6916248244.382298,524,S5_twin_shock_imf_bailout,indonesia,USDC
357,0.7524110242777,6743342038.251698,524,S5_twin_shock_imf_bailout,indonesia,USDC
358,0.762347741311401,6574758487.280382,524,S5_twin_shock_imf_bailout,indonesia,USDC
359,0.7677534741231612,6410389525.087472,524,S5_twin_shock_imf_bailout,indonesia,USDC
360,0.7705211011938351,6250129786.952054,524,S5_twin_shock_imf_bailout,indonesia,USDC
361,0.7823343705636077,6093876542.27164,524,S5_twin_shock_imf_bailout,indonesia,USDC
362,0.7748434714596613,5941529628.710073,524,S5_twin_shock_imf_bailout,indonesia,USDC
363,0.7668647317682223,5792991387.988099,524,S5_twin_shock_imf_bailout,indonesia,USDC
364,0.7702443899599638,5648166603.284795,524,S5_twin_shock_imf_bailout,indonesia,USDC
365,0.758821387322363,5506962438.199931,524,S5_twin_shock_imf_bailout,indonesia,USDC
366,0.6677223277739148,5369288377.242704,524,S5_twin_shock_imf_bailout,indonesia,USDC
367,0.707373117293433,5235056167.809001,524,S5_twin_shock_imf_bailout,indonesia,USDC
368,0.7238856223348501,5104179763.612214,524,S5_twin_shock_imf_bailout,indonesia,USDC
369,0.7214787316728664,4976575269.520803,524,S5_twin_shock_imf_bailout,indonesia,USDC
370,0.7295267709219837,4852160887.781932,524,S5_twin_shock_imf_bailout,indonesia,USDC
371,0.6607557788805709,4730856865.586781,524,S5_twin_shock_imf_bailout,indonesia,USDC
372,0.6755571797947801,4612585443.946537,524,S5_twin_shock_imf_bailout,indonesia,USDC
373,0.6996190100206201,4497270807.847488,524,S5_twin_shock_imf_bailout,indonesia,USDC
374,0.7176756204493957,4384839037.651056,524,S5_twin_shock_imf_bailout,indonesia,USDC
375,0.7629120617860748,4275218061.709606,524,S5_twin_shock_imf_bailout,indonesia,USDC
376,0.7696355583939082,4168337610.166766,524,S5_twin_shock_imf_bailout,indonesia,USDC
377,0.770115903174397,4064129169.912516,524,S5_twin_shock_imf_bailout,indonesia,USDC
378,0.7780728747693663,3962525940.664642,524,S5_twin_shock_imf_bailout,indonesia,USDC
379,0.7673574597709969,3863462792.147977,524,S5_twin_shock_imf_bailout,indonesia,USDC
380,0.78523195950293,3766876222.344236,524,S5_twin_shock_imf_bailout,indonesia,USDC
381,0.7873822842221305,3672704316.7856007,524,S5_twin_shock_imf_bailout,indonesia,USDC
382,0.7823832446404151,3580886708.865937,524,S5_twin_shock_imf_bailout,indonesia,USDC
383,0.7810804189285458,3491364541.144269,524,S5_twin_shock_imf_bailout,indonesia,USDC
384,0.7554365471308641,3404080427.6156454,524,S5_twin_shock_imf_bailout,indonesia,USDC
385,0.7598182740927246,3318978416.925239,524,S5_twin_shock_imf_bailout,indonesia,USDC
386,0.7836228663969308,3236003956.502096,524,S5_twin_shock_imf_bailout,indonesia,USDC
387,0.758514818328551,3155103857.5895357,524,S5_twin_shock_imf_bailout,indonesia,USDC
388,0.7741620069600982,3076226261.14979,524,S5_twin_shock_imf_bailout,indonesia,USDC
389,0.7166114794887483,2999320604.6210394,524,S5_twin_shock_imf_bailout,indonesia,USDC
390,0.7250656668517629,2924337589.5055075,524,S5_twin_shock_imf_bailout,indonesia,USDC
391,0.7254054010877454,2851229149.7678657,524,S5_twin_shock_imf_bailout,indonesia,USDC
392,0.718349505546058,2779948421.0236654,524,S5_twin_shock_imf_bailout,indonesia,USDC
393,0.7323079947202752,2710449710.4980717,524,S5_twin_shock_imf_bailout,indonesia,USDC
394,0.7340949730898008,2642688467.735618,524,S5_twin_shock_imf_bailout,indonesia,USDC
395,0.7371345111467905,2576621256.042227,524,S5_twin_shock_imf_bailout,indonesia,USDC
396,0.7438808899207028,2512205724.6411695,524,S5_twin_shock_imf_bailout,indonesia,USDC
397,0.7518455897148223,2449400581.52514,524,S5_twin_shock_imf_bailout,indonesia,USDC
398,0.7585931024203422,2388165566.987011,524,S5_twin_shock_imf_bailout,indonesia,USDC
399,0.7647626011610829,2328461427.812335,524,S5_twin_shock_imf_bailout,indonesia,USDC
400,0.7764293812706486,2270249892.1170263,524,S5_twin_shock_imf_bailout,indonesia,USDC
401,0.7816528110380659,2213493644.8141003,524,S5_twin_shock_imf_bailout,indonesia,USDC
402,0.7912923159456744,2158156303.6937475,524,S5_twin_shock_imf_bailout,indonesia,USDC
403,0.7621889171731346,2104202396.1014037,524,S5_twin_shock_imf_bailout,indonesia,USDC
404,0.7687811140643223,2051597336.1988685,524,S5_twin_shock_imf_bailout,indonesia,USDC
405,0.7763379028496994,2000307402.7938967,524,S5_twin_shock_imf_bailout,indonesia,USDC
406,0.7669543455289073,1950299717.7240496,524,S5_twin_shock_imf_bailout,indonesia,USDC
407,0.7717885359749542,1901542224.7809482,524,S5_twin_shock_imf_bailout,indonesia,USDC
408,0.7657034474530691,1854003669.1614246,524,S5_twin_shock_imf_bailout,indonesia,USDC
409,0.7409292417602673,1807653577.432389,524,S5_twin_shock_imf_bailout,indonesia,USDC
410,0.7641463846612966,1762462237.9965792,524,S5_twin_shock_imf_bailout,indonesia,USDC
411,0.7401799614062501,1718400682.0466647,524,S5_twin_shock_imf_bailout,indonesia,USDC
412,0.7534142783761464,1675440664.9954982,524,S5_twin_shock_imf_bailout,indonesia,USDC
413,0.7458374736077353,1633554648.3706107,524,S5_twin_shock_imf_bailout,indonesia,USDC
414,0.7498148591881757,1592715782.1613455,524,S5_twin_shock_imf_bailout,indonesia,USDC
415,0.7526660618521803,1552897887.6073117,524,S5_twin_shock_imf_bailout,indonesia,USDC
416,0.7434846854754237,1514075440.417129,524,S5_twin_shock_imf_bailout,indonesia,USDC
417,0.7646643322856058,1476223554.4067006,524,S5_twin_shock_imf_bailout,indonesia,USDC
418,0.7589752104771733,1439317965.5465333,524,S5_twin_shock_imf_bailout,indonesia,USDC
419,0.7781195528194063,1403335016.4078698,524,S5_twin_shock_imf_bailout,indonesia,USDC
420,0.7870650026929067,1368251640.997673,524,S5_twin_shock_imf_bailout,indonesia,USDC
421,0.7815296731508338,1334045349.9727314,524,S5_twin_shock_imf_bailout,indonesia,USDC
422,0.776343435957398,1300694216.223413,524,S5_twin_shock_imf_bailout,indonesia,USDC
423,0.7645828278569547,1268176860.8178277,524,S5_twin_shock_imf_bailout,indonesia,USDC
424,0.7802232236083212,1236472439.297382,524,S5_twin_shock_imf_bailout,indonesia,USDC
425,0.7875581000357471,1205560628.3149476,524,S5_twin_shock_imf_bailout,indonesia,USDC
426,0.7932987387153243,1175421612.6070738,524,S5_twin_shock_imf_bailout,indonesia,USDC
427,0.8089553842866539,1146036072.291897,524,S5_twin_shock_imf_bailout,indonesia,USDC
428,0.8228908792088853,1117385170.4845996,524,S5_twin_shock_imf_bailout,indonesia,USDC
429,0.8064456086032272,1089450541.2224846,524,S5_twin_shock_imf_bailout,indonesia,USDC
430,0.8073958997923114,1062214277.6919227,524,S5_twin_shock_imf_bailout,indonesia,USDC
431,0.8189014249389056,1035658920.7496245,524,S5_twin_shock_imf_bailout,indonesia,USDC
432,0.8083013544071406,1009767447.7308838,524,S5_twin_shock_imf_bailout,indonesia,USDC
433,0.8091612104033935,984523261.5376118,524,S5_twin_shock_imf_bailout,indonesia,USDC
434,0.8392067723090972,959910179.9991715,524,S5_twin_shock_imf_bailout,indonesia,USDC
435,0.8310032093577043,935912425.4991922,524,S5_twin_shock_imf_bailout,indonesia,USDC
436,0.8098397714194121,912514614.8617125,524,S5_twin_shock_imf_bailout,indonesia,USDC
437,0.8084950430183598,889701749.4901698,524,S5_twin_shock_imf_bailout,indonesia,USDC
438,0.8051294808407133,867459205.7529154,524,S5_twin_shock_imf_bailout,indonesia,USDC
439,0.8058825260124972,845772725.6090926,524,S5_twin_shock_imf_bailout,indonesia,USDC
440,0.7951491018818254,824628407.4688652,524,S5_twin_shock_imf_bailout,indonesia,USDC
441,0.7712743125561801,804012697.2821436,524,S5_twin_shock_imf_bailout,indonesia,USDC
442,0.7690132518902055,783912379.85009,524,S5_twin_shock_imf_bailout,indonesia,USDC
443,0.8126172610094229,764314570.3538377,524,S5_twin_shock_imf_bailout,indonesia,USDC
444,0.787245074685015,745206706.0949918,524,S5_twin_shock_imf_bailout,indonesia,USDC
445,0.7847209873228733,726576538.442617,524,S5_twin_shock_imf_bailout,indonesia,USDC
446,0.7309151371119014,708412124.9815516,524,S5_twin_shock_imf_bailout,indonesia,USDC
447,0.736232311329792,690701821.8570129,524,S5_twin_shock_imf_bailout,indonesia,USDC
448,0.7426481955277204,673434276.3105876,524,S5_twin_shock_imf_bailout,indonesia,USDC
449,0.7597170961842358,656598419.4028229,524,S5_twin_shock_imf_bailout,indonesia,USDC
450,0.7588467119021803,640183458.9177523,524,S5_twin_shock_imf_bailout,indonesia,USDC
451,0.7983964623991187,624178872.4448085,524,S5_twin_shock_imf_bailout,indonesia,USDC
452,0.8070308615669309,608574400.6336882,524,S5_twin_shock_imf_bailout,indonesia,USDC
453,0.7749308451808361,593360040.617846,524,S5_twin_shock_imf_bailout,indonesia,USDC
454,0.804464882499331,578526039.6024,524,S5_twin_shock_imf_bailout,indonesia,USDC
455,0.7898122507835587,564062888.61234,524,S5_twin_shock_imf_bailout,indonesia,USDC
456,0.7738124122235618,549961316.3970314,524,S5_twin_shock_imf_bailout,indonesia,USDC
457,0.7843035516488429,536212283.48710567,524,S5_twin_shock_imf_bailout,indonesia,USDC
458,0.7947998358831109,522806976.399928,524,S5_twin_shock_imf_bailout,indonesia,USDC
459,0.7997700158942227,509736801.9899298,524,S5_twin_shock_imf_bailout,indonesia,USDC
460,0.7917576174760435,496993381.9401816,524,S5_twin_shock_imf_bailout,indonesia,USDC
461,0.7757619071088276,484568547.391677,524,S5_twin_shock_imf_bailout,indonesia,USDC
462,0.769541526668833,472454333.7068851,524,S5_twin_shock_imf_bailout,indonesia,USDC
463,0.782090692172287,460642975.364213,524,S5_twin_shock_imf_bailout,indonesia,USDC
464,0.7822849495111789,449126900.9801077,524,S5_twin_shock_imf_bailout,indonesia,USDC
465,0.798175893928616,437898728.45560503,524,S5_twin_shock_imf_bailout,indonesia,USDC
466,0.7993710502609146,426951260.2442149,524,S5_twin_shock_imf_bailout,indonesia,USDC
467,0.7813908347990202,416277478.7381095,524,S5_twin_shock_imf_bailout,indonesia,USDC
468,0.7939264251392906,405870541.7696568,524,S5_twin_shock_imf_bailout,indonesia,USDC
469,0.8041035673056217,395723778.2254154,524,S5_twin_shock_imf_bailout,indonesia,USDC
470,0.8057662134485681,385830683.76978004,524,S5_twin_shock_imf_bailout,indonesia,USDC
471,0.8123441256946463,376184916.6755355,524,S5_twin_shock_imf_bailout,indonesia,USDC
472,0.8164771609786057,366780293.7586471,524,S5_twin_shock_imf_bailout,indonesia,USDC
473,0.8313716199601994,357610786.41468096,524,S5_twin_shock_imf_bailout,indonesia,USDC
474,0.8156353661726549,348670516.7543139,524,S5_twin_shock_imf_bailout,indonesia,USDC
475,0.8347087923336367,339953753.835456,524,S5_twin_shock_imf_bailout,indonesia,USDC
476,0.8278453225234517,331454909.98956966,524,S5_twin_shock_imf_bailout,indonesia,USDC
477,0.8111855756587096,323168537.23983043,524,S5_twin_shock_imf_bailout,indonesia,USDC
478,0.7954202845858191,315089323.8088347,524,S5_twin_shock_imf_bailout,indonesia,USDC
479,0.7857676955393922,307212090.7136138,524,S5_twin_shock_imf_bailout,indonesia,USDC
480,0.7996079228525933,299531788.4457735,524,S5_twin_shock_imf_bailout,indonesia,USDC
481,0.7716070313326624,292043493.7346291,524,S5_twin_shock_imf_bailout,indonesia,USDC
482,0.7611783525075019,284742406.39126337,524,S5_twin_shock_imf_bailout,indonesia,USDC
483,0.7751389582736206,277623846.2314818,524,S5_twin_shock_imf_bailout,indonesia,USDC
484,0.7552807075591214,270683250.07569474,524,S5_twin_shock_imf_bailout,indonesia,USDC
485,0.759611348427685,263916168.82380235,524,S5_twin_shock_imf_bailout,indonesia,USDC
486,0.7785206139973848,257318264.6032073,524,S5_twin_shock_imf_bailout,indonesia,USDC
487,0.784792432789962,250885307.9881271,524,S5_twin_shock_imf_bailout,indonesia,USDC
488,0.7955570101094803,244613175.28842396,524,S5_twin_shock_imf_bailout,indonesia,USDC
489,0.7667261787702394,238497845.90621334,524,S5_twin_shock_imf_bailout,indonesia,USDC
490,0.7686907546824614,232535399.75855803,524,S5_twin_shock_imf_bailout,indonesia,USDC
491,0.7777859109191878,226722014.76459408,524,S5_twin_shock_imf_bailout,indonesia,USDC
492,0.7809192082344771,221053964.3954792,524,S5_twin_shock_imf_bailout,indonesia,USDC
493,0.788205855937391,215527615.28559223,524,S5_twin_shock_imf_bailout,indonesia,USDC
494,0.8000236759861991,210139424.90345243,524,S5_twin_shock_imf_bailout,indonesia,USDC
495,0.792609834501627,204885939.28086612,524,S5_twin_shock_imf_bailout,indonesia,USDC
496,0.7936027872774195,199763790.79884446,524,S5_twin_shock_imf_bailout,indonesia,USDC
497,0.7829945030468921,194769696.02887335,524,S5_twin_shock_imf_bailout,indonesia,USDC
498,0.7972204240777492,189900453.62815154,524,S5_twin_shock_imf_bailout,indonesia,USDC
499,0.7986611349520534,185152942.28744775,524,S5_twin_shock_imf_bailout,indonesia,USDC
500,0.8122861350207617,180524118.73026153,524,S5_twin_shock_imf_bailout,indonesia,USDC
501,0.8180879492679629,176011015.76200503,524,S5_twin_shock_imf_bailout,indonesia,USDC
502,0.8148025622368564,171610740.36795488,524,S5_twin_shock_imf_bailout,indonesia,USDC
503,0.8088989951910129,167320471.858756,524,S5_twin_shock_imf_bailout,indonesia,USDC
504,0.8079554526508667,163137460.0622871,524,S5_twin_shock_imf_bailout,indonesia,USDC
505,0.8152548467208796,159059023.56072992,524,S5_twin_shock_imf_bailout,indonesia,USDC
506,0.8179951784608236,155082547.97171167,524,S5_twin_shock_imf_bailout,indonesia,USDC
507,0.8173216113011652,151205484.2724189,524,S5_twin_shock_imf_bailout,indonesia,USDC
508,0.8046336602247137,147425347.1656084,524,S5_twin_shock_imf_bailout,indonesia,USDC
509,0.8197712858715499,143739713.4864682,524,S5_twin_shock_imf_bailout,indonesia,USDC
510,0.8080153929341092,140146220.64930648,524,S5_twin_shock_imf_bailout,indonesia,USDC
511,0.8010465534345499,136642565.13307384,524,S5_twin_shock_imf_bailout,indonesia,USDC
512,0.7942363139413398,133226501.00474697,524,S5_twin_shock_imf_bailout,indonesia,USDC
513,0.8101507529036374,129895838.47962831,524,S5_twin_shock_imf_bailout,indonesia,USDC
514,0.8004201687341653,126648442.5176376,524,S5_twin_shock_imf_bailout,indonesia,USDC
515,0.8046769323834291,123482231.45469666,524,S5_twin_shock_imf_bailout,indonesia,USDC
516,0.8364878989183804,120395175.66832924,524,S5_twin_shock_imf_bailout,indonesia,USDC
517,0.8472411226107249,117385296.27662101,524,S5_twin_shock_imf_bailout,indonesia,USDC
518,0.8607830879252499,114450663.8697055,524,S5_twin_shock_imf_bailout,indonesia,USDC
519,0.8532774781736914,111589397.27296284,524,S5_twin_shock_imf_bailout,indonesia,USDC
520,0.8780894386313645,108799662.34113878,524,S5_twin_shock_imf_bailout,indonesia,USDC
521,0.8659549101305988,106079670.78261031,524,S5_twin_shock_imf_bailout,indonesia,USDC
522,0.8750714090717797,103427679.01304504,524,S5_twin_shock_imf_bailout,indonesia,USDC
523,0.8763942075916406,100841987.03771892,524,S5_twin_shock_imf_bailout,indonesia,USDC
524,0.855814667650421,98320937.36177595,524,S5_twin_shock_imf_bailout,indonesia,USDC
525,0.8441959854756411,95862913.92773154,524,S5_twin_shock_imf_bailout,indonesia,USDC
526,0.8834466282397109,93466341.07953826,524,S5_twin_shock_imf_bailout,indonesia,USDC
527,0.8659624677923135,91129682.55254981,524,S5_twin_shock_imf_bailout,indonesia,USDC
528,0.8490740379549356,88851440.48873606,524,S5_twin_shock_imf_bailout,indonesia,USDC
529,0.8471704163942225,86630154.47651765,524,S5_twin_shock_imf_bailout,indonesia,USDC
530,0.8494872974334436,84464400.61460471,524,S5_twin_shock_imf_bailout,indonesia,USDC
531,0.8607796512803418,82352790.59923959,524,S5_twin_shock_imf_bailout,indonesia,USDC
532,0.7883697190842879,80293970.8342586,524,S5_twin_shock_imf_bailout,indonesia,USDC
533,0.7949880589051905,78286621.56340215,524,S5_twin_shock_imf_bailout,indonesia,USDC
534,0.8032585767120793,76329456.02431709,524,S5_twin_shock_imf_bailout,indonesia,USDC
535,0.79035290942534,74421219.62370916,524,S5_twin_shock_imf_bailout,indonesia,USDC
536,0.7641279237141888,72560689.13311642,524,S5_twin_shock_imf_bailout,indonesia,USDC
537,0.769720887667834,70746671.90478851,524,S5_twin_shock_imf_bailout,indonesia,USDC
538,0.7664371504989055,68978005.1071688,524,S5_twin_shock_imf_bailout,indonesia,USDC
539,0.7591445724782835,67253554.97948956,524,S5_twin_shock_imf_bailout,indonesia,USDC
540,0.7604450279003706,65572216.10500233,524,S5_twin_shock_imf_bailout,indonesia,USDC
541,0.7498202984516601,63932910.702377275,524,S5_twin_shock_imf_bailout,indonesia,USDC
542,0.7409952606984216,62334587.93481784,524,S5_twin_shock_imf_bailout,indonesia,USDC
543,0.7455257453310866,60776223.236447394,524,S5_twin_shock_imf_bailout,indonesia,USDC
544,0.7447257936887064,59256817.655536205,524,S5_twin_shock_imf_bailout,indonesia,USDC
545,0.7339456535141318,57775397.214147806,524,S5_twin_shock_imf_bailout,indonesia,USDC
546,0.7521806110429902,56331012.283794105,524,S5_twin_shock_imf_bailout,indonesia,USDC
547,0.775461699136696,54922736.97669926,524,S5_twin_shock_imf_bailout,indonesia,USDC
548,0.769875082171267,53549668.55228178,524,S5_twin_shock_imf_bailout,indonesia,USDC
549,0.7595473628085518,52210926.838474736,524,S5_twin_shock_imf_bailout,indonesia,USDC
550,0.7568615384897522,50905653.667512864,524,S5_twin_shock_imf_bailout,indonesia,USDC
551,0.7657540428007305,49633012.32582504,524,S5_twin_shock_imf_bailout,indonesia,USDC
552,0.7542547575209156,48392187.01767942,524,S5_twin_shock_imf_bailout,indonesia,USDC
553,0.7564337669003711,47182382.342237435,524,S5_twin_shock_imf_bailout,indonesia,USDC
554,0.776212598715489,46002822.7836815,524,S5_twin_shock_imf_bailout,indonesia,USDC
555,0.7620906749199521,44852752.21408946,524,S5_twin_shock_imf_bailout,indonesia,USDC
556,0.7418683235561824,43731433.40873723,524,S5_twin_shock_imf_bailout,indonesia,USDC
557,0.7686372621038953,42638147.5735188,524,S5_twin_shock_imf_bailout,indonesia,USDC
558,0.7712213667981725,41572193.88418082,524,S5_twin_shock_imf_bailout,indonesia,USDC
559,0.765099747027122,40532889.0370763,524,S5_twin_shock_imf_bailout,indonesia,USDC
560,0.763708926221443,39519566.811149396,524,S5_twin_shock_imf_bailout,indonesia,USDC
561,0.7730609159934662,38531577.64087066,524,S5_twin_shock_imf_bailout,indonesia,USDC
562,0.7804903300110035,37568288.19984889,524,S5_twin_shock_imf_bailout,indonesia,USDC
563,0.769412756461962,36629080.99485267,524,S5_twin_shock_imf_bailout,indonesia,USDC
564,0.7681564238150671,35713353.96998136,524,S5_twin_shock_imf_bailout,indonesia,USDC
565,0.7556075530682347,34820520.12073182,524,S5_twin_shock_imf_bailout,indonesia,USDC
566,0.7556166981221981,33950007.117713526,524,S5_twin_shock_imf_bailout,indonesia,USDC
567,0.7336122681199297,33101256.939770684,524,S5_twin_shock_imf_bailout,indonesia,USDC
568,0.7268802086035359,32273725.516276415,524,S5_twin_shock_imf_bailout,indonesia,USDC
569,0.7417670184788789,31466882.37836951,524,S5_twin_shock_imf_bailout,indonesia,USDC
570,0.7386092690170579,30680210.31891027,524,S5_twin_shock_imf_bailout,indonesia,USDC
571,0.7495226391655291,29913205.06093751,524,S5_twin_shock_imf_bailout,indonesia,USDC
572,0.7392872601433488,29165374.934414074,524,S5_twin_shock_imf_bailout,indonesia,USDC
573,0.7496773612195077,28436240.561053723,524,S5_twin_shock_imf_bailout,indonesia,USDC
574,0.7903300542858741,27725334.54702738,524,S5_twin_shock_imf_bailout,indonesia,USDC
575,0.7968085606055936,27032201.183351696,524,S5_twin_shock_imf_bailout,indonesia,USDC
576,0.797959428184138,26356396.153767906,524,S5_twin_shock_imf_bailout,indonesia,USDC
577,0.7951658045203883,25697486.249923706,524,S5_twin_shock_imf_bailout,indonesia,USDC
578,0.7706610290100941,25055049.093675613,524,S5_twin_shock_imf_bailout,indonesia,USDC
579,0.7842116553037455,24428672.86633372,524,S5_twin_shock_imf_bailout,indonesia,USDC
580,0.7992420841882628,23817956.044675376,524,S5_twin_shock_imf_bailout,indonesia,USDC
581,0.7834195803627769,23222507.143558495,524,S5_twin_shock_imf_bailout,indonesia,USDC
582,0.7532928158423057,22641944.46496953,524,S5_twin_shock_imf_bailout,indonesia,USDC
583,0.7819905989752463,22075895.85334529,524,S5_twin_shock_imf_bailout,indonesia,USDC
584,0.7873515131093298,21523998.45701166,524,S5_twin_shock_imf_bailout,indonesia,USDC
585,0.8021072891503278,20985898.495586365,524,S5_twin_shock_imf_bailout,indonesia,USDC
586,0.7944852859113484,20461251.033196706,524,S5_twin_shock_imf_bailout,indonesia,USDC
587,0.8054955968710888,19949719.75736679,524,S5_twin_shock_imf_bailout,indonesia,USDC
588,0.8153183773599902,19450976.763432622,524,S5_twin_shock_imf_bailout,indonesia,USDC
589,0.8195165574814569,18964702.344346806,524,S5_twin_shock_imf_bailout,indonesia,USDC
590,0.8384202989957439,18490584.785738133,524,S5_twin_shock_imf_bailout,indonesia,USDC
591,0.8258196566477374,18028320.166094683,524,S5_twin_shock_imf_bailout,indonesia,USDC
592,0.8167971444869139,17577612.161942318,524,S5_twin_shock_imf_bailout,indonesia,USDC
593,0.8054496167308494,17138171.857893758,524,S5_twin_shock_imf_bailout,indonesia,USDC
594,0.8332432837747741,16709717.561446413,524,S5_twin_shock_imf_bailout,indonesia,USDC
595,0.8187314598939958,16291974.622410253,524,S5_twin_shock_imf_bailout,indonesia,USDC
596,0.8199402064631406,15884675.256849997,524,S5_twin_shock_imf_bailout,indonesia,USDC
597,0.8254128080916979,15487558.375428747,524,S5_twin_shock_imf_bailout,indonesia,USDC
598,0.8280672197849235,15100369.416043028,524,S5_twin_shock_imf_bailout,indonesia,USDC
599,0.8336709102660932,14722860.180641953,524,S5_twin_shock_imf_bailout,indonesia,USDC
600,0.7723891448070794,14354788.676125903,524,S5_twin_shock_imf_bailout,indonesia,USDC
601,0.7912863458193242,13995918.959222756,524,S5_twin_shock_imf_bailout,indonesia,USDC
602,0.7978914407252962,13646020.985242188,524,S5_twin_shock_imf_bailout,indonesia,USDC
603,0.8124286300589247,13304870.460611135,524,S5_twin_shock_imf_bailout,indonesia,USDC
604,0.7889345357867148,12972248.699095856,524,S5_twin_shock_imf_bailout,indonesia,USDC
605,0.7316376990739784,12647942.481618458,524,S5_twin_shock_imf_bailout,indonesia,USDC
606,0.7633890659937131,12331743.919577997,524,S5_twin_shock_imf_bailout,indonesia,USDC
607,0.7628225340130508,12023450.321588546,524,S5_twin_shock_imf_bailout,indonesia,USDC
608,0.7608118859096009,11722864.063548833,524,S5_twin_shock_imf_bailout,indonesia,USDC
609,0.7961367715860435,11429792.461960113,524,S5_twin_shock_imf_bailout,indonesia,USDC
610,0.8116083553169134,11144047.65041111,524,S5_twin_shock_imf_bailout,indonesia,USDC
611,0.8204354112329304,10865446.459150832,524,S5_twin_shock_imf_bailout,indonesia,USDC
612,0.8129039418683066,10593810.297672061,524,S5_twin_shock_imf_bailout,indonesia,USDC
613,0.8267594349107756,10328965.04023026,524,S5_twin_shock_imf_bailout,indonesia,USDC
614,0.8395864261687027,10070740.914224504,524,S5_twin_shock_imf_bailout,indonesia,USDC
615,0.8282707024928362,9818972.391368892,524,S5_twin_shock_imf_bailout,indonesia,USDC
616,0.8173092412060339,9573498.08158467,524,S5_twin_shock_imf_bailout,indonesia,USDC
617,0.8017081134547658,9334160.629545052,524,S5_twin_shock_imf_bailout,indonesia,USDC
618,0.8164417883730835,9100806.613806427,524,S5_twin_shock_imf_bailout,indonesia,USDC
619,0.8229410636446188,8873286.448461264,524,S5_twin_shock_imf_bailout,indonesia,USDC
620,0.8182892260730393,8651454.287249733,524,S5_twin_shock_imf_bailout,indonesia,USDC
621,0.8232644358942344,8435167.93006849,524,S5_twin_shock_imf_bailout,indonesia,USDC
622,0.8339175783025297,8224288.731816778,524,S5_twin_shock_imf_bailout,indonesia,USDC
623,0.8329054700493559,8018681.513521357,524,S5_twin_shock_imf_bailout,indonesia,USDC
624,0.8526334905211026,7818214.475683324,524,S5_twin_shock_imf_bailout,indonesia,USDC
625,0.8353653679882778,7622759.11379124,524,S5_twin_shock_imf_bailout,indonesia,USDC
626,0.839454746619363,7432190.13594646,524,S5_twin_shock_imf_bailout,indonesia,USDC
627,0.8075994955745488,7246385.382547798,524,S5_twin_shock_imf_bailout,indonesia,USDC
628,0.8185624792776474,7065225.747984103,524,S5_twin_shock_imf_bailout,indonesia,USDC
629,0.798280683927162,6888595.104284501,524,S5_twin_shock_imf_bailout,indonesia,USDC
630,0.797263130285518,6716380.226677388,524,S5_twin_shock_imf_bailout,indonesia,USDC
631,0.7871507073131815,6548470.721010452,524,S5_twin_shock_imf_bailout,indonesia,USDC
632,0.7950070353903458,6384758.952985192,524,S5_twin_shock_imf_bailout,indonesia,USDC
633,0.8078193167264003,6225139.979160562,524,S5_twin_shock_imf_bailout,indonesia,USDC
634,0.8117929753928598,6069511.479681548,524,S5_twin_shock_imf_bailout,indonesia,USDC
635,0.7832944231084438,5917773.692689509,524,S5_twin_shock_imf_bailout,indonesia,USDC
636,0.8032962644651273,5769829.350372272,524,S5_twin_shock_imf_bailout,indonesia,USDC
637,0.8262347462832889,5625583.616612964,524,S5_twin_shock_imf_bailout,indonesia,USDC
638,0.8227663097684729,5484944.02619764,524,S5_twin_shock_imf_bailout,indonesia,USDC
639,0.8297197261405284,5347820.425542699,524,S5_twin_shock_imf_bailout,indonesia,USDC
640,0.8426652889671199,5214124.914904132,524,S5_twin_shock_imf_bailout,indonesia,USDC
641,0.8504563629504747,5083771.792031528,524,S5_twin_shock_imf_bailout,indonesia,USDC
642,0.8344905985229554,4956677.49723074,524,S5_twin_shock_imf_bailout,indonesia,USDC
643,0.8232440038249142,4832760.559799972,524,S5_twin_shock_imf_bailout,indonesia,USDC
644,0.8203818119972702,4711941.545804973,524,S5_twin_shock_imf_bailout,indonesia,USDC
645,0.8180303972874815,4594143.007159848,524,S5_twin_shock_imf_bailout,indonesia,USDC
646,0.8218326565501992,4479289.431980852,524,S5_twin_shock_imf_bailout,indonesia,USDC
647,0.8239261731259111,4367307.196181331,524,S5_twin_shock_imf_bailout,indonesia,USDC
648,0.7978091791244865,4258124.516276797,524,S5_twin_shock_imf_bailout,indonesia,USDC
649,0.8182684939616187,4151671.4033698775,524,S5_twin_shock_imf_bailout,indonesia,USDC
650,0.791001355868807,4047879.618285631,524,S5_twin_shock_imf_bailout,indonesia,USDC
651,0.778352251467871,3946682.62782849,524,S5_twin_shock_imf_bailout,indonesia,USDC
652,0.7930673317473939,3848015.5621327776,524,S5_twin_shock_imf_bailout,indonesia,USDC
653,0.7727758370071692,3751815.173079458,524,S5_twin_shock_imf_bailout,indonesia,USDC
654,0.7819388814898464,3658019.793752472,524,S5_twin_shock_imf_bailout,indonesia,USDC
655,0.7582744063626624,3566569.29890866,524,S5_twin_shock_imf_bailout,indonesia,USDC
656,0.7916229492312326,3477405.0664359434,524,S5_twin_shock_imf_bailout,indonesia,USDC
657,0.7821270962842874,3390469.9397750455,524,S5_twin_shock_imf_bailout,indonesia,USDC
658,0.7994749486441687,3305708.191280669,524,S5_twin_shock_imf_bailout,indonesia,USDC
659,0.8184289590978845,3223065.486498652,524,S5_twin_shock_imf_bailout,indonesia,USDC
660,0.821891556354407,3142488.849336186,524,S5_twin_shock_imf_bailout,indonesia,USDC
661,0.79448790072795,3063926.6281027813,524,S5_twin_shock_imf_bailout,indonesia,USDC
662,0.7873837053368127,2987328.4624002115,524,S5_twin_shock_imf_bailout,indonesia,USDC
663,0.7990991822403558,2912645.2508402066,524,S5_twin_shock_imf_bailout,indonesia,USDC
664,0.8202360962426638,2839829.119569201,524,S5_twin_shock_imf_bailout,indonesia,USDC
665,0.8114680573421783,2768833.391579971,524,S5_twin_shock_imf_bailout,indonesia,USDC
666,0.8077738438226076,2699612.556790472,524,S5_twin_shock_imf_bailout,indonesia,USDC
667,0.8115137218729289,2632122.24287071,524,S5_twin_shock_imf_bailout,indonesia,USDC
668,0.8165460370632625,2566319.1867989423,524,S5_twin_shock_imf_bailout,indonesia,USDC
669,0.7631624758842505,2502161.207128969,524,S5_twin_shock_imf_bailout,indonesia,USDC
670,0.7609160524004496,2439607.1769507444,524,S5_twin_shock_imf_bailout,indonesia,USDC
671,0.7526444987393393,2378616.9975269763,524,S5_twin_shock_imf_bailout,indonesia,USDC
672,0.7720389261789243,2319151.5725888014,524,S5_twin_shock_imf_bailout,indonesia,USDC
673,0.7562566549832319,2261172.7832740815,524,S5_twin_shock_imf_bailout,indonesia,USDC
674,0.7660249312545332,2204643.4636922292,524,S5_twin_shock_imf_bailout,indonesia,USDC
675,0.7549921227666175,2149527.377099924,524,S5_twin_shock_imf_bailout,indonesia,USDC
676,0.7762324108748504,2095789.1926724256,524,S5_twin_shock_imf_bailout,indonesia,USDC
677,0.7746984228499125,2043394.4628556152,524,S5_twin_shock_imf_bailout,indonesia,USDC
678,0.7965160967358768,1992309.6012842245,524,S5_twin_shock_imf_bailout,indonesia,USDC
679,0.8020582977963205,1942501.8612521188,524,S5_twin_shock_imf_bailout,indonesia,USDC
680,0.7812049891993113,1893939.3147208157,524,S5_twin_shock_imf_bailout,indonesia,USDC
681,0.7917896923226028,1846590.8318527956,524,S5_twin_shock_imf_bailout,indonesia,USDC
682,0.7954319794495832,1800426.0610564756,524,S5_twin_shock_imf_bailout,indonesia,USDC
683,0.7908178713685515,1755415.4095300636,524,S5_twin_shock_imf_bailout,indonesia,USDC
684,0.7983458320341343,1711530.024291812,524,S5_twin_shock_imf_bailout,indonesia,USDC
685,0.7935587328331062,1668741.773684517,524,S5_twin_shock_imf_bailout,indonesia,USDC
686,0.7906710762877591,1627023.2293424043,524,S5_twin_shock_imf_bailout,indonesia,USDC
687,0.7912565570571864,1586347.6486088438,524,S5_twin_shock_imf_bailout,indonesia,USDC
688,0.8041058243149518,1546688.957393623,524,S5_twin_shock_imf_bailout,indonesia,USDC
689,0.8185602919259445,1508021.7334587823,524,S5_twin_shock_imf_bailout,indonesia,USDC
690,0.8104386242678241,1470321.1901223126,524,S5_twin_shock_imf_bailout,indonesia,USDC
691,0.8167890540129058,1433563.1603692546,524,S5_twin_shock_imf_bailout,indonesia,USDC
692,0.7928494362496706,1397724.0813600235,524,S5_twin_shock_imf_bailout,indonesia,USDC
693,0.7750729015073149,1362780.9793260228,524,S5_twin_shock_imf_bailout,indonesia,USDC
694,0.8035004155958201,1328711.4548428722,524,S5_twin_shock_imf_bailout,indonesia,USDC
695,0.8002645698828672,1295493.6684718004,524,S5_twin_shock_imf_bailout,indonesia,USDC
696,0.7874362512852268,1263106.3267600054,524,S5_twin_shock_imf_bailout,indonesia,USDC
697,0.8050185869449927,1231528.6685910053,524,S5_twin_shock_imf_bailout,indonesia,USDC
698,0.811293721420282,1200740.45187623,524,S5_twin_shock_imf_bailout,indonesia,USDC
699,0.7954149647385746,1170721.9405793243,524,S5_twin_shock_imf_bailout,indonesia,USDC
700,0.8044722809563086,1141453.8920648412,524,S5_twin_shock_imf_bailout,indonesia,USDC
701,0.795394884183405,1112917.54476322,524,S5_twin_shock_imf_bailout,indonesia,USDC
702,0.8034573939262211,1085094.6061441395,524,S5_twin_shock_imf_bailout,indonesia,USDC
703,0.82157684201681,1057967.2409905363,524,S5_twin_shock_imf_bailout,indonesia,USDC
704,0.8088008784068156,1031518.0599657728,524,S5_twin_shock_imf_bailout,indonesia,USDC
705,0.7941672510570306,1005730.1084666285,524,S5_twin_shock_imf_bailout,indonesia,USDC
706,0.7873466972917921,980586.8557549629,524,S5_twin_shock_imf_bailout,indonesia,USDC
707,0.7847151445663004,956072.1843610887,524,S5_twin_shock_imf_bailout,indonesia,USDC
708,0.7957204996845435,932170.3797520616,524,S5_twin_shock_imf_bailout,indonesia,USDC
709,0.7952822662231799,908866.12025826,524,S5_twin_shock_imf_bailout,indonesia,USDC
710,0.7685094428421951,886144.4672518035,524,S5_twin_shock_imf_bailout,indonesia,USDC
711,0.7345614642697723,863990.8555705084,524,S5_twin_shock_imf_bailout,indonesia,USDC
712,0.7255957931987983,842391.0841812456,524,S5_twin_shock_imf_bailout,indonesia,USDC
713,0.754777776958564,821331.3070767145,524,S5_twin_shock_imf_bailout,indonesia,USDC
714,0.7477022606744743,800798.0243997967,524,S5_twin_shock_imf_bailout,indonesia,USDC
715,0.75242149466635,780778.0737898017,524,S5_twin_shock_imf_bailout,indonesia,USDC
716,0.7521647182483107,761258.6219450567,524,S5_twin_shock_imf_bailout,indonesia,USDC
717,0.7627047806615095,742227.1563964303,524,S5_twin_shock_imf_bailout,indonesia,USDC
718,0.7758864252282485,723671.4774865195,524,S5_twin_shock_imf_bailout,indonesia,USDC
719,0.8106257002069257,705579.6905493565,524,S5_twin_shock_imf_bailout,indonesia,USDC
720,0.795609888095517,687940.1982856225,524,S5_twin_shock_imf_bailout,indonesia,USDC
721,0.791258116225989,670741.6933284821,524,S5_twin_shock_imf_bailout,indonesia,USDC
722,0.7741118691528128,653973.15099527,524,S5_twin_shock_imf_bailout,indonesia,USDC
723,0.784566581628753,637623.8222203882,524,S5_twin_shock_imf_bailout,indonesia,USDC
724,0.7893208477154393,621683.2266648785,524,S5_twin_shock_imf_bailout,indonesia,USDC
725,0.7915905266241035,606141.1459982565,524,S5_twin_shock_imf_bailout,indonesia,USDC
726,0.8419333897005972,590987.6173483001,524,S5_twin_shock_imf_bailout,indonesia,USDC
727,0.8567530802914155,576212.9269145926,524,S5_twin_shock_imf_bailout,indonesia,USDC
728,0.8466845644578402,561807.6037417279,524,S5_twin_shock_imf_bailout,indonesia,USDC
729,0.8412574949689615,547762.4136481846,524,S5_twin_shock_imf_bailout,indonesia,USDC
730,0.8285720865167379,534068.3533069801,524,S5_twin_shock_imf_bailout,indonesia,USDC
731,0.8321370530295882,520716.64447430556,524,S5_twin_shock_imf_bailout,indonesia,USDC
732,0.8528550840630001,507698.7283624479,524,S5_twin_shock_imf_bailout,indonesia,USDC
733,0.8394930378722862,495006.26015338674,524,S5_twin_shock_imf_bailout,indonesia,USDC
734,0.8431206116143343,482631.103649552,524,S5_twin_shock_imf_bailout,indonesia,USDC
735,0.8269811902443255,470565.3260583132,524,S5_twin_shock_imf_bailout,indonesia,USDC
736,0.83919831671861,458801.1929068554,524,S5_twin_shock_imf_bailout,indonesia,USDC
737,0.8331114012279743,447331.163084184,524,S5_twin_shock_imf_bailout,indonesia,USDC
738,0.8188765560011422,436147.8840070794,524,S5_twin_shock_imf_bailout,indonesia,USDC
739,0.8450477934113189,425244.18690690235,524,S5_twin_shock_imf_bailout,indonesia,USDC
740,0.8247894444858201,414613.0822342299,524,S5_twin_shock_imf_bailout,indonesia,USDC
741,0.833384069803009,404247.7551783741,524,S5_twin_shock_imf_bailout,indonesia,USDC
742,0.8509875188136589,394141.5612989147,524,S5_twin_shock_imf_bailout,indonesia,USDC
743,0.8463286720454322,384288.0222664419,524,S5_twin_shock_imf_bailout,indonesia,USDC
744,0.8396818466270263,374680.82170978084,524,S5_twin_shock_imf_bailout,indonesia,USDC
745,0.853899333472681,365313.8011670363,524,S5_twin_shock_imf_bailout,indonesia,USDC
746,0.8134568601814002,356180.9561378604,524,S5_twin_shock_imf_bailout,indonesia,USDC
747,0.7908611224220836,347276.4322344139,524,S5_twin_shock_imf_bailout,indonesia,USDC
748,0.8053934281173598,338594.52142855356,524,S5_twin_shock_imf_bailout,indonesia,USDC
749,0.7895063734688779,330129.6583928397,524,S5_twin_shock_imf_bailout,indonesia,USDC
750,0.7821288714509133,321876.4169330187,524,S5_twin_shock_imf_bailout,indonesia,USDC
751,0.8043901619250641,313829.5065096933,524,S5_twin_shock_imf_bailout,indonesia,USDC
752,0.8006967514323042,305983.7688469509,524,S5_twin_shock_imf_bailout,indonesia,USDC
753,0.8043378888587066,298334.1746257772,524,S5_twin_shock_imf_bailout,indonesia,USDC
754,0.8030142035197574,290875.8202601327,524,S5_twin_shock_imf_bailout,indonesia,USDC
755,0.7779696536004943,283603.9247536294,524,S5_twin_shock_imf_bailout,indonesia,USDC
756,0.7796549931225059,276513.82663478865,524,S5_twin_shock_imf_bailout,indonesia,USDC
757,0.7723546063326335,269600.98096891894,524,S5_twin_shock_imf_bailout,indonesia,USDC
758,0.813737421600526,262860.95644469594,524,S5_twin_shock_imf_bailout,indonesia,USDC
759,0.8032366703961347,256289.43253357854,524,S5_twin_shock_imf_bailout,indonesia,USDC
760,0.7855083714658161,249882.1967202391,524,S5_twin_shock_imf_bailout,indonesia,USDC
761,0.7866354312238899,243635.14180223312,524,S5_twin_shock_imf_bailout,indonesia,USDC
762,0.790832385532961,237544.2632571773,524,S5_twin_shock_imf_bailout,indonesia,USDC
763,0.793496382935531,231605.65667574786,524,S5_twin_shock_imf_bailout,indonesia,USDC
764,0.7990822646317002,225815.51525885414,524,S5_twin_shock_imf_bailout,indonesia,USDC
765,0.7794375194158694,220170.12737738277,524,S5_twin_shock_imf_bailout,indonesia,USDC
766,0.7705198281121374,214665.87419294822,524,S5_twin_shock_imf_bailout,indonesia,USDC
767,0.7899727210098288,209299.22733812453,524,S5_twin_shock_imf_bailout,indonesia,USDC
768,0.7891298138003284,204066.74665467138,524,S5_twin_shock_imf_bailout,indonesia,USDC
769,0.7952005723833326,198965.0779883046,524,S5_twin_shock_imf_bailout,indonesia,USDC
770,0.7820458233690329,193990.95103859704,524,S5_twin_shock_imf_bailout,indonesia,USDC
771,0.7679139064197539,189141.17726263212,524,S5_twin_shock_imf_bailout,indonesia,USDC
772,0.7751401063301764,184412.64783106628,524,S5_twin_shock_imf_bailout,indonesia,USDC
773,0.7964439579280876,179802.33163528965,524,S5_twin_shock_imf_bailout,indonesia,USDC
774,0.804741147790818,175307.2733444074,524,S5_twin_shock_imf_bailout,indonesia,USDC
775,0.8354078082716851,170924.5915107972,524,S5_twin_shock_imf_bailout,indonesia,USDC
776,0.8218021430205837,166651.4767230273,524,S5_twin_shock_imf_bailout,indonesia,USDC
777,0.7827885895110562,162485.1898049516,524,S5_twin_shock_imf_bailout,indonesia,USDC
778,0.7758827985176843,158423.0600598278,524,S5_twin_shock_imf_bailout,indonesia,USDC
779,0.7860638585721526,154462.4835583321,524,S5_twin_shock_imf_bailout,indonesia,USDC
780,0.7968858924418343,150600.9214693738,524,S5_twin_shock_imf_bailout,indonesia,USDC
781,0.7969650673395758,146835.89843263946,524,S5_twin_shock_imf_bailout,indonesia,USDC
782,0.7985421688967486,143165.00097182347,524,S5_twin_shock_imf_bailout,indonesia,USDC
783,0.815245954151537,139585.87594752788,524,S5_twin_shock_imf_bailout,indonesia,USDC
784,0.8429492892444388,136096.2290488397,524,S5_twin_shock_imf_bailout,indonesia,USDC
785,0.8628620593107109,132693.82332261873,524,S5_twin_shock_imf_bailout,indonesia,USDC
786,0.8529929036021194,129376.47773955323,524,S5_twin_shock_imf_bailout,indonesia,USDC
787,0.8653080380733338,126142.06579606442,524,S5_twin_shock_imf_bailout,indonesia,USDC
788,0.8682033432010148,122988.51415116279,524,S5_twin_shock_imf_bailout,indonesia,USDC
789,0.8662454687050345,119913.8012973837,524,S5_twin_shock_imf_bailout,indonesia,USDC
790,0.8683460372293575,116915.95626494914,524,S5_twin_shock_imf_bailout,indonesia,USDC
791,0.8557926819582412,113993.0573583254,524,S5_twin_shock_imf_bailout,indonesia,USDC
792,0.8323492681770202,111143.23092436726,524,S5_twin_shock_imf_bailout,indonesia,USDC
793,0.8089918982785983,108364.65015125807,524,S5_twin_shock_imf_bailout,indonesia,USDC
794,0.8164407648655755,105655.53389747662,524,S5_twin_shock_imf_bailout,indonesia,USDC
795,0.8242617108442917,103014.14555003971,524,S5_twin_shock_imf_bailout,indonesia,USDC
796,0.8108025083737688,100438.79191128872,524,S5_twin_shock_imf_bailout,indonesia,USDC
797,0.8022406841767814,97927.8221135065,524,S5_twin_shock_imf_bailout,indonesia,USDC
798,0.7819964285429715,95479.62656066884,524,S5_twin_shock_imf_bailout,indonesia,USDC
799,0.7967776207868572,93092.63589665212,524,S5_twin_shock_imf_bailout,indonesia,USDC
800,0.8206460768039053,90765.31999923581,524,S5_twin_shock_imf_bailout,indonesia,USDC
801,0.8221680317964658,88496.18699925492,524,S5_twin_shock_imf_bailout,indonesia,USDC
802,0.813328164638074,86283.78232427355,524,S5_twin_shock_imf_bailout,indonesia,USDC
803,0.8119161967754778,84126.68776616671,524,S5_twin_shock_imf_bailout,indonesia,USDC
804,0.8309294142241404,82023.52057201254,524,S5_twin_shock_imf_bailout,indonesia,USDC
805,0.8217657248599959,79972.93255771222,524,S5_twin_shock_imf_bailout,indonesia,USDC
806,0.8041676474324198,77973.60924376942,524,S5_twin_shock_imf_bailout,indonesia,USDC
807,0.8136695149779021,76024.26901267518,524,S5_twin_shock_imf_bailout,indonesia,USDC
808,0.8266968322432839,74123.66228735831,524,S5_twin_shock_imf_bailout,indonesia,USDC
809,0.8323917798628069,72270.57073017435,524,S5_twin_shock_imf_bailout,indonesia,USDC
810,0.8374111367163228,70463.80646191999,524,S5_twin_shock_imf_bailout,indonesia,USDC
811,0.82778385192421,68702.21130037199,524,S5_twin_shock_imf_bailout,indonesia,USDC
812,0.8246262637866005,66984.6560178627,524,S5_twin_shock_imf_bailout,indonesia,USDC
813,0.8376725638309384,65310.03961741613,524,S5_twin_shock_imf_bailout,indonesia,USDC
814,0.8148447096224853,63677.28862698071,524,S5_twin_shock_imf_bailout,indonesia,USDC
815,0.8286582674734781,62085.3564113062,524,S5_twin_shock_imf_bailout,indonesia,USDC
816,0.8020217827138013,60533.22250102354,524,S5_twin_shock_imf_bailout,indonesia,USDC
817,0.7932937891010253,59019.89193849795,524,S5_twin_shock_imf_bailout,indonesia,USDC
818,0.8004975478651788,57544.394640035505,524,S5_twin_shock_imf_bailout,indonesia,USDC
819,0.7945299539521914,56105.78477403461,524,S5_twin_shock_imf_bailout,indonesia,USDC
820,0.8281412798342563,54703.14015468375,524,S5_twin_shock_imf_bailout,indonesia,USDC
821,0.8427659826636325,53335.56165081666,524,S5_twin_shock_imf_bailout,indonesia,USDC
822,0.8280621689835808,52002.172609546236,524,S5_twin_shock_imf_bailout,indonesia,USDC
823,0.8306930540376184,50702.118294307584,524,S5_twin_shock_imf_bailout,indonesia,USDC
824,0.8206851655022328,49434.56533694989,524,S5_twin_shock_imf_bailout,indonesia,USDC
825,0.8557813618651774,48198.70120352614,524,S5_twin_shock_imf_bailout,indonesia,USDC
826,0.8541800700817054,46993.73367343799,524,S5_twin_shock_imf_bailout,indonesia,USDC
827,0.8463045616468808,45818.890331602044,524,S5_twin_shock_imf_bailout,indonesia,USDC
828,0.8314356839700389,44673.41807331199,524,S5_twin_shock_imf_bailout,indonesia,USDC
829,0.8013810573712076,43556.58262147919,524,S5_twin_shock_imf_bailout,indonesia,USDC
830,0.8014394097591381,42467.66805594221,524,S5_twin_shock_imf_bailout,indonesia,USDC
831,0.8079461546548665,41405.97635454366,524,S5_twin_shock_imf_bailout,indonesia,USDC
832,0.8136746200611299,40370.82694568006,524,S5_twin_shock_imf_bailout,indonesia,USDC
833,0.813907667414852,39361.55627203806,524,S5_twin_shock_imf_bailout,indonesia,USDC
834,0.7951678616996304,38377.51736523711,524,S5_twin_shock_imf_bailout,indonesia,USDC
835,0.7917585081766806,37418.079431106176,524,S5_twin_shock_imf_bailout,indonesia,USDC
836,0.81086721899696,36482.62744532853,524,S5_twin_shock_imf_bailout,indonesia,USDC
837,0.8087187976923058,35570.56175919531,524,S5_twin_shock_imf_bailout,indonesia,USDC
838,0.7953054028144775,34681.29771521543,524,S5_twin_shock_imf_bailout,indonesia,USDC
839,0.78197529787404,33814.26527233504,524,S5_twin_shock_imf_bailout,indonesia,USDC
840,0.7966166053265664,32968.908640526664,524,S5_twin_shock_imf_bailout,indonesia,USDC
841,0.7796262565647815,32144.6859245135,524,S5_twin_shock_imf_bailout,indonesia,USDC
842,0.8042205104138902,31341.068776400658,524,S5_twin_shock_imf_bailout,indonesia,USDC
843,0.7976090370079705,30557.542056990646,524,S5_twin_shock_imf_bailout,indonesia,USDC
844,0.7961140509343175,29793.60350556588,524,S5_twin_shock_imf_bailout,indonesia,USDC
845,0.7670285791070748,29048.763417926733,524,S5_twin_shock_imf_bailout,indonesia,USDC
846,0.7423160302857958,28322.544332478567,524,S5_twin_shock_imf_bailout,indonesia,USDC
847,0.7615851521295254,27614.4807241666,524,S5_twin_shock_imf_bailout,indonesia,USDC
848,0.7627427624178673,26924.118706062436,524,S5_twin_shock_imf_bailout,indonesia,USDC
849,0.7512442332242104,26251.01573841088,524,S5_twin_shock_imf_bailout,indonesia,USDC
850,0.7784198426689184,25594.740344950606,524,S5_twin_shock_imf_bailout,indonesia,USDC
851,0.7958074038496452,24954.87183632684,524,S5_twin_shock_imf_bailout,indonesia,USDC
852,0.8123604271935178,24331.00004041867,524,S5_twin_shock_imf_bailout,indonesia,USDC
853,0.8170849914709186,23722.7250394082,524,S5_twin_shock_imf_bailout,indonesia,USDC
854,0.8182598968246151,23129.656913422998,524,S5_twin_shock_imf_bailout,indonesia,USDC
855,0.8344360210673989,22551.415490587424,524,S5_twin_shock_imf_bailout,indonesia,USDC
856,0.8241662794848114,21987.630103322736,524,S5_twin_shock_imf_bailout,indonesia,USDC
857,0.8139674051405958,21437.939350739667,524,S5_twin_shock_imf_bailout,indonesia,USDC
858,0.8103571364189058,20901.99086697118,524,S5_twin_shock_imf_bailout,indonesia,USDC
859,0.8281710239627819,20379.441095296897,524,S5_twin_shock_imf_bailout,indonesia,USDC
860,0.8174119597792189,19869.955067914474,524,S5_twin_shock_imf_bailout,indonesia,USDC
861,0.8054162156924456,19373.206191216614,524,S5_twin_shock_imf_bailout,indonesia,USDC
862,0.8066370443661862,18888.8760364362,524,S5_twin_shock_imf_bailout,indonesia,USDC
863,0.8190542642096511,18416.654135525296,524,S5_twin_shock_imf_bailout,indonesia,USDC
864,0.8205790007175643,17956.237782137163,524,S5_twin_shock_imf_bailout,indonesia,USDC
865,0.8019127419141907,17507.331837583733,524,S5_twin_shock_imf_bailout,indonesia,USDC
866,0.8077535447455383,17069.64854164414,524,S5_twin_shock_imf_bailout,indonesia,USDC
867,0.8172642589409268,16642.907328103036,524,S5_twin_shock_imf_bailout,indonesia,USDC
868,0.829548667766593,16226.83464490046,524,S5_twin_shock_imf_bailout,indonesia,USDC
869,0.8105132263101501,15821.163778777951,524,S5_twin_shock_imf_bailout,indonesia,USDC
870,0.8000291873522776,15425.634684308501,524,S5_twin_shock_imf_bailout,indonesia,USDC
871,0.7420080355664215,15039.993817200788,524,S5_twin_shock_imf_bailout,indonesia,USDC
872,0.7428983085102873,14663.993971770768,524,S5_twin_shock_imf_bailout,indonesia,USDC
873,0.724831652413521,14297.394122476499,524,S5_twin_shock_imf_bailout,indonesia,USDC
874,0.7405419438949882,13939.959269414587,524,S5_twin_shock_imf_bailout,indonesia,USDC
875,0.7535126152000367,13591.460287679223,524,S5_twin_shock_imf_bailout,indonesia,USDC
876,0.7368122197907073,13251.673780487243,524,S5_twin_shock_imf_bailout,indonesia,USDC
877,0.7481755932765272,12920.38193597506,524,S5_twin_shock_imf_bailout,indonesia,USDC
878,0.7550946045233805,12597.372387575684,524,S5_twin_shock_imf_bailout,indonesia,USDC
879,0.7944814472044945,12282.438077886292,524,S5_twin_shock_imf_bailout,indonesia,USDC
880,0.8070956804801545,11975.377125939136,524,S5_twin_shock_imf_bailout,indonesia,USDC
881,0.8052527996653973,11675.992697790658,524,S5_twin_shock_imf_bailout,indonesia,USDC
882,0.7785831795398465,11384.09288034589,524,S5_twin_shock_imf_bailout,indonesia,USDC
883,0.7725139128080971,11099.490558337242,524,S5_twin_shock_imf_bailout,indonesia,USDC
884,0.7748399227461008,10822.003294378812,524,S5_twin_shock_imf_bailout,indonesia,USDC
885,0.7671264888028395,10551.453212019342,524,S5_twin_shock_imf_bailout,indonesia,USDC
886,0.7592365777557976,10287.666881718858,524,S5_twin_shock_imf_bailout,indonesia,USDC
887,0.7738061984545821,10030.475209675886,524,S5_twin_shock_imf_bailout,indonesia,USDC
888,0.8052807784682693,9779.71332943399,524,S5_twin_shock_imf_bailout,indonesia,USDC
889,0.8038496608427106,9535.22049619814,524,S5_twin_shock_imf_bailout,indonesia,USDC
890,0.811345227320081,9296.839983793187,524,S5_twin_shock_imf_bailout,indonesia,USDC
891,0.8316998506950859,9064.418984198357,524,S5_twin_shock_imf_bailout,indonesia,USDC
892,0.8251119282423706,8837.808509593398,524,S5_twin_shock_imf_bailout,indonesia,USDC
893,0.8292332320923781,8616.863296853562,524,S5_twin_shock_imf_bailout,indonesia,USDC
894,0.8392427930474353,8401.441714432223,524,S5_twin_shock_imf_bailout,indonesia,USDC
895,0.8417432876258761,8191.405671571418,524,S5_twin_shock_imf_bailout,indonesia,USDC
896,0.8276505201706068,7986.620529782133,524,S5_twin_shock_imf_bailout,indonesia,USDC
897,0.8212097713244566,7786.95501653758,524,S5_twin_shock_imf_bailout,indonesia,USDC
898,0.8323683218191253,7592.28114112414,524,S5_twin_shock_imf_bailout,indonesia,USDC
899,0.8049452350049165,7402.474112596037,524,S5_twin_shock_imf_bailout,indonesia,USDC
900,0.8211574340400297,7217.4122597811365,524,S5_twin_shock_imf_bailout,indonesia,USDC
901,0.8262451330882229,7036.9769532866085,524,S5_twin_shock_imf_bailout,indonesia,USDC
902,0.8372218872376249,6861.052529454442,524,S5_twin_shock_imf_bailout,indonesia,USDC
903,0.817596330162261,6689.526216218082,524,S5_twin_shock_imf_bailout,indonesia,USDC
904,0.7872294173376247,6522.288060812631,524,S5_twin_shock_imf_bailout,indonesia,USDC
905,0.7924298749664139,6359.230859292314,524,S5_twin_shock_imf_bailout,indonesia,USDC
906,0.797307228186198,6200.250087810005,524,S5_twin_shock_imf_bailout,indonesia,USDC
907,0.7980832194247975,6045.243835614756,524,S5_twin_shock_imf_bailout,indonesia,USDC
908,0.7818714809968946,5894.112739724387,524,S5_twin_shock_imf_bailout,indonesia,USDC
909,0.7759141032739358,5746.759921231277,524,S5_twin_shock_imf_bailout,indonesia,USDC
910,0.7767370746816435,5603.090923200495,524,S5_twin_shock_imf_bailout,indonesia,USDC
911,0.7839837902164553,5463.013650120483,524,S5_twin_shock_imf_bailout,indonesia,USDC
912,0.7867193904465979,5326.438308867471,524,S5_twin_shock_imf_bailout,indonesia,USDC
913,0.7980476224466996,5193.2773511457835,524,S5_twin_shock_imf_bailout,indonesia,USDC
914,0.79290340425076,5063.44541736714,524,S5_twin_shock_imf_bailout,indonesia,USDC
915,0.8199243902497924,4936.859281932961,524,S5_twin_shock_imf_bailout,indonesia,USDC
916,0.8188039006673037,4813.437799884638,524,S5_twin_shock_imf_bailout,indonesia,USDC
917,0.8263376519145512,4693.101854887522,524,S5_twin_shock_imf_bailout,indonesia,USDC
918,0.8099194477598097,4575.774308515333,524,S5_twin_shock_imf_bailout,indonesia,USDC
919,0.7954513667444497,4461.3799508024495,524,S5_twin_shock_imf_bailout,indonesia,USDC
920,0.7863365380045345,4349.8454520323885,524,S5_twin_shock_imf_bailout,indonesia,USDC
921,0.782341033382301,4241.099315731579,524,S5_twin_shock_imf_bailout,indonesia,USDC
922,0.7938811048172365,4135.071832838289,524,S5_twin_shock_imf_bailout,indonesia,USDC
923,0.8044722099701489,4031.6950370173317,524,S5_twin_shock_imf_bailout,indonesia,USDC
924,0.8021172036761183,3930.902661091899,524,S5_twin_shock_imf_bailout,indonesia,USDC
925,0.8310957073472494,3832.630094564601,524,S5_twin_shock_imf_bailout,indonesia,USDC
926,0.8121491965383677,3736.8143422004864,524,S5_twin_shock_imf_bailout,indonesia,USDC
927,0.818699569326675,3643.3939836454747,524,S5_twin_shock_imf_bailout,indonesia,USDC
928,0.8041409934812749,3552.309134054338,524,S5_twin_shock_imf_bailout,indonesia,USDC
929,0.8167345424718859,3463.5014057029794,524,S5_twin_shock_imf_bailout,indonesia,USDC
930,0.7995203105289225,3376.9138705604046,524,S5_twin_shock_imf_bailout,indonesia,USDC
931,0.8030481039131098,3292.491023796395,524,S5_twin_shock_imf_bailout,indonesia,USDC
932,0.8052882362744204,3210.1787482014843,524,S5_twin_shock_imf_bailout,indonesia,USDC
933,0.7827186688661718,3129.9242794964475,524,S5_twin_shock_imf_bailout,indonesia,USDC
934,0.782630549275042,3051.6761725090364,524,S5_twin_shock_imf_bailout,indonesia,USDC
935,0.7714479865000797,2975.3842681963106,524,S5_twin_shock_imf_bailout,indonesia,USDC
936,0.7584813511442237,2900.9996614914025,524,S5_twin_shock_imf_bailout,indonesia,USDC
937,0.7646594226262853,2828.4746699541174,524,S5_twin_shock_imf_bailout,indonesia,USDC
938,0.7680274440783613,2757.762803205265,524,S5_twin_shock_imf_bailout,indonesia,USDC
939,0.7894283427086084,2688.818733125133,524,S5_twin_shock_imf_bailout,indonesia,USDC
940,0.8112714606259525,2621.598264797005,524,S5_twin_shock_imf_bailout,indonesia,USDC
941,0.8129399498625661,2556.0583081770797,524,S5_twin_shock_imf_bailout,indonesia,USDC
942,0.8007995423469676,2492.156850472653,524,S5_twin_shock_imf_bailout,indonesia,USDC
943,0.8136738903148734,2429.8529292108365,524,S5_twin_shock_imf_bailout,indonesia,USDC
944,0.7975191063987724,2369.1066059805653,524,S5_twin_shock_imf_bailout,indonesia,USDC
945,0.7876962665009056,2309.8789408310513,524,S5_twin_shock_imf_bailout,indonesia,USDC
946,0.784566663874473,2252.131967310275,524,S5_twin_shock_imf_bailout,indonesia,USDC
947,0.766191779542849,2195.828668127518,524,S5_twin_shock_imf_bailout,indonesia,USDC
948,0.7838518151493379,2140.93295142433,524,S5_twin_shock_imf_bailout,indonesia,USDC
949,0.7793133240058658,2087.4096276387218,524,S5_twin_shock_imf_bailout,indonesia,USDC
950,0.7652213429776988,2035.2243869477538,524,S5_twin_shock_imf_bailout,indonesia,USDC
951,0.7768745126311558,1984.34377727406,524,S5_twin_shock_imf_bailout,indonesia,USDC
952,0.7445849257903999,1934.7351828422086,524,S5_twin_shock_imf_bailout,indonesia,USDC
953,0.7435006838732069,1886.3668032711535,524,S5_twin_shock_imf_bailout,indonesia,USDC
954,0.7358457403953088,1839.2076331893745,524,S5_twin_shock_imf_bailout,indonesia,USDC
955,0.7604377095092536,1793.2274423596405,524,S5_twin_shock_imf_bailout,indonesia,USDC
956,0.7696809820496378,1748.396756300649,524,S5_twin_shock_imf_bailout,indonesia,USDC
957,0.7685366697188438,1704.686837393133,524,S5_twin_shock_imf_bailout,indonesia,USDC
958,0.7746397170908405,1662.0696664583047,524,S5_twin_shock_imf_bailout,indonesia,USDC
959,0.764175448540023,1620.5179247968472,524,S5_twin_shock_imf_bailout,indonesia,USDC
960,0.7666310176673438,1580.004976676926,524,S5_twin_shock_imf_bailout,indonesia,USDC
961,0.7689302742696872,1540.5048522600027,524,S5_twin_shock_imf_bailout,indonesia,USDC
962,0.7711901043636089,1501.9922309535027,524,S5_twin_shock_imf_bailout,indonesia,USDC
963,0.7860565354459002,1464.4424251796652,524,S5_twin_shock_imf_bailout,indonesia,USDC
964,0.7908694765015929,1427.8313645501735,524,S5_twin_shock_imf_bailout,indonesia,USDC
965,0.7786160278961848,1392.135580436419,524,S5_twin_shock_imf_bailout,indonesia,USDC
966,0.7800358355349594,1357.3321909255087,524,S5_twin_shock_imf_bailout,indonesia,USDC
967,0.7832669987559068,1323.398886152371,524,S5_twin_shock_imf_bailout,indonesia,USDC
968,0.7799969652168834,1290.313913998562,524,S5_twin_shock_imf_bailout,indonesia,USDC
969,0.803711278251272,1258.056066148598,524,S5_twin_shock_imf_bailout,indonesia,USDC
970,0.7981994019329667,1226.6046644948829,524,S5_twin_shock_imf_bailout,indonesia,USDC
971,0.7885872230142655,1195.9395478825109,524,S5_twin_shock_imf_bailout,indonesia,USDC
972,0.7852482840659512,1166.0410591854481,524,S5_twin_shock_imf_bailout,indonesia,USDC
973,0.7958252569483505,1136.8900327058118,524,S5_twin_shock_imf_bailout,indonesia,USDC
974,0.7934216646088089,1108.4677818881664,524,S5_twin_shock_imf_bailout,indonesia,USDC
975,0.7718266292059772,1080.7560873409625,524,S5_twin_shock_imf_bailout,indonesia,USDC
976,0.7578058123524855,1053.7371851574385,524,S5_twin_shock_imf_bailout,indonesia,USDC
977,0.7475700249754107,1027.3937555285024,524,S5_twin_shock_imf_bailout,indonesia,USDC
978,0.7429199238504725,1001.7089116402899,524,S5_twin_shock_imf_bailout,indonesia,USDC
979,0.7461557933147852,976.6661888492827,524,S5_twin_shock_imf_bailout,indonesia,USDC
980,0.7552534604384794,952.2495341280505,524,S5_twin_shock_imf_bailout,indonesia,USDC
981,0.7665177457298541,928.4432957748493,524,S5_twin_shock_imf_bailout,indonesia,USDC
982,0.7726840578978036,905.232213380478,524,S5_twin_shock_imf_bailout,indonesia,USDC
983,0.782939484309584,882.6014080459661,524,S5_twin_shock_imf_bailout,indonesia,USDC
984,0.7800067414892526,860.5363728448169,524,S5_twin_shock_imf_bailout,indonesia,USDC
985,0.7755982439142279,839.0229635236965,524,S5_twin_shock_imf_bailout,indonesia,USDC
986,0.7735112184313899,818.047389435604,524,S5_twin_shock_imf_bailout,indonesia,USDC
987,0.7796961294118362,797.596204699714,524,S5_twin_shock_imf_bailout,indonesia,USDC
988,0.7628706749483926,777.6562995822212,524,S5_twin_shock_imf_bailout,indonesia,USDC
989,0.7823147240650253,758.2148920926657,524,S5_twin_shock_imf_bailout,indonesia,USDC
990,0.8031557467067584,739.259519790349,524,S5_twin_shock_imf_bailout,indonesia,USDC
991,0.8090361343345992,720.7780317955902,524,S5_twin_shock_imf_bailout,indonesia,USDC
992,0.8177755993947408,702.7585810007005,524,S5_twin_shock_imf_bailout,indonesia,USDC
993,0.828645390225904,685.189616475683,524,S5_twin_shock_imf_bailout,indonesia,USDC
994,0.8129090799069824,668.059876063791,524,S5_twin_shock_imf_bailout,indonesia,USDC
995,0.783762903141012,651.3583791621961,524,S5_twin_shock_imf_bailout,indonesia,USDC
996,0.7771381372589482,635.0744196831413,524,S5_twin_shock_imf_bailout,indonesia,USDC
997,0.7933603260285158,619.1975591910627,524,S5_twin_shock_imf_bailout,indonesia,USDC
998,0.7802933715143724,603.7176202112862,524,S5_twin_shock_imf_bailout,indonesia,USDC
999,0.7859773471998933,588.624679706004,524,S5_twin_shock_imf_bailout,indonesia,USDC
1000,0.8030646483695885,573.9090627133539,524,S5_twin_shock_imf_bailout,indonesia,USDC
