Step,price,liquidity,iteration,scenario,region,coin
1,1.0087645524912732,2989110362327.2974,290,S5_twin_shock_imf_bailout,indonesia,USDC
2,1.012531093294328,2989110362327.2974,290,S5_twin_shock_imf_bailout,indonesia,USDC
3,1.0111208721089913,2989110362327.2974,290,S5_twin_shock_imf_bailout,indonesia,USDC
4,1.029451974081502,2989110362327.2974,290,S5_twin_shock_imf_bailout,indonesia,USDC
5,1.0341598977291635,2989110362327.2974,290,S5_twin_shock_imf_bailout,indonesia,USDC
6,1.0153718724418903,2989110362327.2974,290,S5_twin_shock_imf_bailout,indonesia,USDC
7,0.9997579696393268,2989110362327.2974,290,S5_twin_shock_imf_bailout,indonesia,USDC
8,0.9848460147087919,2989110362327.2974,290,S5_twin_shock_imf_bailout,indonesia,USDC
9,0.9930534756532856,2989110362327.2974,290,S5_twin_shock_imf_bailout,indonesia,USDC
10,0.9696405152821208,2989110362327.2974,290,S5_twin_shock_imf_bailout,indonesia,USDC
11,0.9516838355240753,2989095538215.2197,290,S5_twin_shock_imf_bailout,indonesia,USDC
12,0.9455732135173363,2987962859506.271,290,S5_twin_shock_imf_bailout,indonesia,USDC
13,0.9516285589815531,2986495369057.494,290,S5_twin_shock_imf_bailout,indonesia,USDC
14,0.956732982930255,2985421475036.1904,290,S5_twin_shock_imf_bailout,indonesia,USDC
15,0.9398971264278829,2984662941986.659,290,S5_twin_shock_imf_bailout,indonesia,USDC
16,0.9229705053810814,2982971510871.9614,290,S5_twin_shock_imf_bailout,indonesia,USDC
17,0.9198464960783408,2980380984355.6934,290,S5_twin_shock_imf_bailout,indonesia,USDC
18,0.9498488279567715,2977730055136.14,290,S5_twin_shock_imf_bailout,indonesia,USDC
19,0.9409705947180381,2976746480185.9053,290,S5_twin_shock_imf_bailout,indonesia,USDC
20,0.9481681554365189,2975367835125.6274,290,S5_twin_shock_imf_bailout,indonesia,USDC
21,0.9457992080517653,2974326715583.326,290,S5_twin_shock_imf_bailout,indonesia,USDC
22,0.9534400162847294,2973241839628.679,290,S5_twin_shock_imf_bailout,indonesia,USDC
23,0.9587348456917026,2972500843470.4067,290,S5_twin_shock_imf_bailout,indonesia,USDC
24,0.9911857461379677,2971996925464.6455,290,S5_twin_shock_imf_bailout,indonesia,USDC
25,0.9970770469631269,2971996925464.6455,290,S5_twin_shock_imf_bailout,indonesia,USDC
26,1.0066671681793253,2971996925464.6455,290,S5_twin_shock_imf_bailout,indonesia,USDC
27,1.016983378448255,2971996925464.6455,290,S5_twin_shock_imf_bailout,indonesia,USDC
28,1.0168557676659444,2971996925464.6455,290,S5_twin_shock_imf_bailout,indonesia,USDC
29,1.0010433558821599,2971996925464.6455,290,S5_twin_shock_imf_bailout,indonesia,USDC
30,0.9806040656933999,2971996925464.6455,290,S5_twin_shock_imf_bailout,indonesia,USDC
31,1.0084494890781903,2971996925464.6455,290,S5_twin_shock_imf_bailout,indonesia,USDC
32,1.0066413214912253,2971996925464.6455,290,S5_twin_shock_imf_bailout,indonesia,USDC
33,0.982639513421466,2971996925464.6455,290,S5_twin_shock_imf_bailout,indonesia,USDC
34,0.9619640674670581,2971996925464.6455,290,S5_twin_shock_imf_bailout,indonesia,USDC
35,0.95988086824429,2971672505335.8833,290,S5_twin_shock_imf_bailout,indonesia,USDC
36,0.9403964175574312,2971250453353.735,290,S5_twin_shock_imf_bailout,indonesia,USDC
37,0.9349600004814378,2969964373293.0767,290,S5_twin_shock_imf_bailout,indonesia,USDC
38,0.9247420794263567,2968524481151.4546,290,S5_twin_shock_imf_bailout,indonesia,USDC
39,0.945624862435611,2966726879567.163,290,S5_twin_shock_imf_bailout,indonesia,USDC
40,0.9430645644193557,2965826008636.6436,290,S5_twin_shock_imf_bailout,indonesia,USDC
41,0.9478487013821095,2964853076047.1807,290,S5_twin_shock_imf_bailout,indonesia,USDC
42,0.9964234500967576,2964079582660.6587,290,S5_twin_shock_imf_bailout,indonesia,USDC
43,0.9908121767722875,2964079582660.6587,290,S5_twin_shock_imf_bailout,indonesia,USDC
44,1.0060245418053426,2964079582660.6587,290,S5_twin_shock_imf_bailout,indonesia,USDC
45,0.9963819814761077,2964079582660.6587,290,S5_twin_shock_imf_bailout,indonesia,USDC
46,1.0517170125158817,2964079582660.6587,290,S5_twin_shock_imf_bailout,indonesia,USDC
47,1.0769036550557896,2964079582660.6587,290,S5_twin_shock_imf_bailout,indonesia,USDC
48,1.0831510107270061,2964079582660.6587,290,S5_twin_shock_imf_bailout,indonesia,USDC
49,1.0778128735313242,2964079582660.6587,290,S5_twin_shock_imf_bailout,indonesia,USDC
50,1.035933797498269,2964079582660.6587,290,S5_twin_shock_imf_bailout,indonesia,USDC
51,1.0238720452887355,2964079582660.6587,290,S5_twin_shock_imf_bailout,indonesia,USDC
52,1.0239472678698878,2964079582660.6587,290,S5_twin_shock_imf_bailout,indonesia,USDC
53,1.0023944077003815,2964079582660.6587,290,S5_twin_shock_imf_bailout,indonesia,USDC
54,1.0118439110569353,2964079582660.6587,290,S5_twin_shock_imf_bailout,indonesia,USDC
55,1.010210500594632,2964079582660.6587,290,S5_twin_shock_imf_bailout,indonesia,USDC
56,0.9894198035948831,2964079582660.6587,290,S5_twin_shock_imf_bailout,indonesia,USDC
57,0.9772319795982086,2964079582660.6587,290,S5_twin_shock_imf_bailout,indonesia,USDC
58,1.0082067346833825,2964079582660.6587,290,S5_twin_shock_imf_bailout,indonesia,USDC
59,0.994038469771716,2964079582660.6587,290,S5_twin_shock_imf_bailout,indonesia,USDC
60,1.0227069456685107,2964079582660.6587,290,S5_twin_shock_imf_bailout,indonesia,USDC
61,1.047259895584811,2964079582660.6587,290,S5_twin_shock_imf_bailout,indonesia,USDC
62,1.035955242418777,2964079582660.6587,290,S5_twin_shock_imf_bailout,indonesia,USDC
63,1.0365163197144405,2964079582660.6587,290,S5_twin_shock_imf_bailout,indonesia,USDC
64,1.0149573437665496,2964079582660.6587,290,S5_twin_shock_imf_bailout,indonesia,USDC
65,0.9674141860593044,2964079582660.6587,290,S5_twin_shock_imf_bailout,indonesia,USDC
66,0.9403456979741133,2963986362147.841,290,S5_twin_shock_imf_bailout,indonesia,USDC
67,0.9277040179117244,2962940856109.7144,290,S5_twin_shock_imf_bailout,indonesia,USDC
68,0.9137319465994068,2961515751092.915,290,S5_twin_shock_imf_bailout,indonesia,USDC
69,0.9288461957547555,2959724778959.9897,290,S5_twin_shock_imf_bailout,indonesia,USDC
70,0.9462089476115751,2958449889006.5693,290,S5_twin_shock_imf_bailout,indonesia,USDC
71,0.9709960515293458,2957730282598.035,290,S5_twin_shock_imf_bailout,indonesia,USDC
72,0.9552784916763437,2957730282598.035,290,S5_twin_shock_imf_bailout,indonesia,USDC
73,0.9820820009576021,2957326022893.744,290,S5_twin_shock_imf_bailout,indonesia,USDC
74,0.9815591453339585,2957326022893.744,290,S5_twin_shock_imf_bailout,indonesia,USDC
75,0.9826079326260051,2957326022893.744,290,S5_twin_shock_imf_bailout,indonesia,USDC
76,0.9521161339860483,2957326022893.744,290,S5_twin_shock_imf_bailout,indonesia,USDC
77,0.9704766705182741,2956805811457.594,290,S5_twin_shock_imf_bailout,indonesia,USDC
78,0.9565202999426916,2956805811457.594,290,S5_twin_shock_imf_bailout,indonesia,USDC
79,0.9592936522645487,2956450576120.457,290,S5_twin_shock_imf_bailout,indonesia,USDC
80,0.9407243723637734,2956176810773.337,290,S5_twin_shock_imf_bailout,indonesia,USDC
81,0.9729057941808278,2955359916684.5317,290,S5_twin_shock_imf_bailout,indonesia,USDC
82,0.9881977720486755,2955359916684.5317,290,S5_twin_shock_imf_bailout,indonesia,USDC
83,1.018084110759985,2955359916684.5317,290,S5_twin_shock_imf_bailout,indonesia,USDC
84,1.002660650993814,2955359916684.5317,290,S5_twin_shock_imf_bailout,indonesia,USDC
85,1.010030318887865,2955359916684.5317,290,S5_twin_shock_imf_bailout,indonesia,USDC
86,0.9870231608807324,2955359916684.5317,290,S5_twin_shock_imf_bailout,indonesia,USDC
87,0.9749670962752759,2955359916684.5317,290,S5_twin_shock_imf_bailout,indonesia,USDC
88,0.9686199659375065,2955359916684.5317,290,S5_twin_shock_imf_bailout,indonesia,USDC
89,0.9515473623060623,2955355190055.674,290,S5_twin_shock_imf_bailout,indonesia,USDC
90,0.9377707572869024,2954872914107.41,290,S5_twin_shock_imf_bailout,indonesia,USDC
91,0.9411918438010121,2954039048766.0146,290,S5_twin_shock_imf_bailout,indonesia,USDC
92,0.940296598471285,2953340276354.9717,290,S5_twin_shock_imf_bailout,indonesia,USDC
93,0.9088590760287906,2952640586622.572,290,S5_twin_shock_imf_bailout,indonesia,USDC
94,0.9047936695495271,2951221859363.3965,290,S5_twin_shock_imf_bailout,indonesia,USDC
95,0.8930689705135628,2949801678894.0195,290,S5_twin_shock_imf_bailout,indonesia,USDC
96,0.9021374413930471,2948269778077.282,290,S5_twin_shock_imf_bailout,indonesia,USDC
97,0.8965080756166282,2946961333955.328,290,S5_twin_shock_imf_bailout,indonesia,USDC
98,0.8864826400914684,2945608857401.6616,290,S5_twin_shock_imf_bailout,indonesia,USDC
99,0.8779334901469655,2944220821157.456,290,S5_twin_shock_imf_bailout,indonesia,USDC
100,0.8795780342522335,2942881704499.5317,290,S5_twin_shock_imf_bailout,indonesia,USDC
101,0.7833291996779574,2941683443442.3867,290,S5_twin_shock_imf_bailout,indonesia,USDC
102,0.8338619155036542,2939263827860.6675,290,S5_twin_shock_imf_bailout,indonesia,USDC
103,0.8416984700620073,2937896946646.589,290,S5_twin_shock_imf_bailout,indonesia,USDC
104,0.8836432525216109,2936758346495.197,290,S5_twin_shock_imf_bailout,indonesia,USDC
105,0.8400759433625757,2936092637203.4077,290,S5_twin_shock_imf_bailout,indonesia,USDC
106,0.8385151472092232,2935195558847.206,290,S5_twin_shock_imf_bailout,indonesia,USDC
107,0.8312083777374631,2934370701972.337,290,S5_twin_shock_imf_bailout,indonesia,USDC
108,0.8468146076398362,2933618030763.0723,290,S5_twin_shock_imf_bailout,indonesia,USDC
109,0.8593021169639555,2933057440550.9126,290,S5_twin_shock_imf_bailout,indonesia,USDC
110,0.8914603082067348,2932626053703.792,290,S5_twin_shock_imf_bailout,indonesia,USDC
111,0.940841905338358,2932341392552.091,290,S5_twin_shock_imf_bailout,indonesia,USDC
112,0.9082743784094676,2932244268134.411,290,S5_twin_shock_imf_bailout,indonesia,USDC
113,0.920015116902342,2932044843099.411,290,S5_twin_shock_imf_bailout,indonesia,USDC
114,0.9535809890553036,2931897648169.177,290,S5_twin_shock_imf_bailout,indonesia,USDC
115,0.9462044797152828,2931850468296.245,290,S5_twin_shock_imf_bailout,indonesia,USDC
116,0.9369693092447018,2931783249484.7334,290,S5_twin_shock_imf_bailout,indonesia,USDC
117,0.9441305405099958,2931692231640.2783,290,S5_twin_shock_imf_bailout,indonesia,USDC
118,0.9606267003948447,2931625870466.9854,290,S5_twin_shock_imf_bailout,indonesia,USDC
119,0.9372038077075554,2931606667973.5107,290,S5_twin_shock_imf_bailout,indonesia,USDC
120,0.9564212121491861,2931530346947.1963,290,S5_twin_shock_imf_bailout,indonesia,USDC
121,600000.9496038869,2858254358612.1865,290,S5_twin_shock_imf_bailout,indonesia,USDC
122,480001.95,2786829999646.882,290,S5_twin_shock_imf_bailout,indonesia,USDC
123,384001.95,2717184849655.71,290,S5_twin_shock_imf_bailout,indonesia,USDC
124,307201.95,2649275708414.3174,290,S5_twin_shock_imf_bailout,indonesia,USDC
125,245761.95,2583060199703.959,290,S5_twin_shock_imf_bailout,indonesia,USDC
126,196609.95,2518496801911.3604,290,S5_twin_shock_imf_bailout,indonesia,USDC
127,157288.35,2455544867623.576,290,S5_twin_shock_imf_bailout,indonesia,USDC
128,125831.06999999999,2394164634540.987,290,S5_twin_shock_imf_bailout,indonesia,USDC
129,100665.246,2334317229563.8623,290,S5_twin_shock_imf_bailout,indonesia,USDC
130,80532.5868,2275964667533.8857,290,S5_twin_shock_imf_bailout,indonesia,USDC
131,64426.45944,2219069845812.8345,290,S5_twin_shock_imf_bailout,indonesia,USDC
132,51541.557552,2163596535641.3506,290,S5_twin_shock_imf_bailout,indonesia,USDC
133,41233.6360416,2109509371029.3862,290,S5_twin_shock_imf_bailout,indonesia,USDC
134,32987.29883328,2056773835776.9072,290,S5_twin_shock_imf_bailout,indonesia,USDC
135,26390.229066624004,2005356249101.0894,290,S5_twin_shock_imf_bailout,indonesia,USDC
136,21112.573253299208,1955223750248.4456,290,S5_twin_shock_imf_bailout,indonesia,USDC
137,16890.448602639364,1906344282392.141,290,S5_twin_shock_imf_bailout,indonesia,USDC
138,13512.748882111493,1858686576052.263,290,S5_twin_shock_imf_bailout,indonesia,USDC
139,10810.589105689196,1812220132226.8965,290,S5_twin_shock_imf_bailout,indonesia,USDC
140,8648.861284551356,1766915205381.9768,290,S5_twin_shock_imf_bailout,indonesia,USDC
141,6919.479027641083,1722742786416.0293,290,S5_twin_shock_imf_bailout,indonesia,USDC
142,5535.973222112866,1679674585690.5098,290,S5_twin_shock_imf_bailout,indonesia,USDC
143,4429.168577690293,1637683016196.1523,290,S5_twin_shock_imf_bailout,indonesia,USDC
144,3543.724862152234,1596741176909.5725,290,S5_twin_shock_imf_bailout,indonesia,USDC
145,2835.3698897217873,1556822836381.4927,290,S5_twin_shock_imf_bailout,indonesia,USDC
146,2268.6859117774297,1517902416587.6826,290,S5_twin_shock_imf_bailout,indonesia,USDC
147,1815.338729421944,1479954977065.5728,290,S5_twin_shock_imf_bailout,indonesia,USDC
148,1452.6609835375552,1442956199352.9988,290,S5_twin_shock_imf_bailout,indonesia,USDC
149,1162.518786830044,1406882371740.4263,290,S5_twin_shock_imf_bailout,indonesia,USDC
150,930.4050294640354,1371710374343.9177,290,S5_twin_shock_imf_bailout,indonesia,USDC
151,744.7140235712283,1337417664502.9214,290,S5_twin_shock_imf_bailout,indonesia,USDC
152,596.1612188569826,1303982262504.4294,290,S5_twin_shock_imf_bailout,indonesia,USDC
153,477.3189750855861,1271382737633.0837,290,S5_twin_shock_imf_bailout,indonesia,USDC
154,382.24518006846887,1239598194545.2688,290,S5_twin_shock_imf_bailout,indonesia,USDC
155,306.1861440547751,1208608259964.0466,290,S5_twin_shock_imf_bailout,indonesia,USDC
156,245.3389152438201,1178393069690.8733,290,S5_twin_shock_imf_bailout,indonesia,USDC
157,196.66113219505607,1148933255929.3438,290,S5_twin_shock_imf_bailout,indonesia,USDC
158,157.71890575604485,1120209934915.7039,290,S5_twin_shock_imf_bailout,indonesia,USDC
159,126.5651246048359,1092204694850.4861,290,S5_twin_shock_imf_bailout,indonesia,USDC
160,101.64209968386872,1064899584125.364,290,S5_twin_shock_imf_bailout,indonesia,USDC
161,81.70367974709498,1038277099839.1418,290,S5_twin_shock_imf_bailout,indonesia,USDC
162,65.75294379767598,1012320176596.693,290,S5_twin_shock_imf_bailout,indonesia,USDC
163,52.99235503814079,987012175584.5991,290,S5_twin_shock_imf_bailout,indonesia,USDC
164,42.78388403051264,962336873917.243,290,S5_twin_shock_imf_bailout,indonesia,USDC
165,34.61710722441011,938278454247.1191,290,S5_twin_shock_imf_bailout,indonesia,USDC
166,28.083685779528086,914821494633.187,290,S5_twin_shock_imf_bailout,indonesia,USDC
167,22.85694862362247,891950958661.154,290,S5_twin_shock_imf_bailout,indonesia,USDC
168,18.675558898897975,869652185809.6624,290,S5_twin_shock_imf_bailout,indonesia,USDC
169,15.330447119118379,847910882056.4507,290,S5_twin_shock_imf_bailout,indonesia,USDC
170,12.654357695294703,826713110718.6631,290,S5_twin_shock_imf_bailout,indonesia,USDC
171,10.513486156235762,806045283521.5956,290,S5_twin_shock_imf_bailout,indonesia,USDC
172,8.800788924988609,785894151890.2749,290,S5_twin_shock_imf_bailout,indonesia,USDC
173,7.430631139990888,766246798458.3936,290,S5_twin_shock_imf_bailout,indonesia,USDC
174,6.334504911992711,747090628789.234,290,S5_twin_shock_imf_bailout,indonesia,USDC
175,5.457603929594168,728413363303.3434,290,S5_twin_shock_imf_bailout,indonesia,USDC
176,4.756083143675334,710203029407.8319,290,S5_twin_shock_imf_bailout,indonesia,USDC
177,4.1948665149402675,692447953822.294,290,S5_twin_shock_imf_bailout,indonesia,USDC
178,3.745893211952214,675136755096.4629,290,S5_twin_shock_imf_bailout,indonesia,USDC
179,3.3867145695617715,658258336314.8323,290,S5_twin_shock_imf_bailout,indonesia,USDC
180,3.099371655649417,641801877983.5863,290,S5_twin_shock_imf_bailout,indonesia,USDC
181,2.8694973245195334,625756831095.2965,290,S5_twin_shock_imf_bailout,indonesia,USDC
182,2.685597859615627,610112910366.9539,290,S5_twin_shock_imf_bailout,indonesia,USDC
183,2.5384782876925014,594860087647.012,290,S5_twin_shock_imf_bailout,indonesia,USDC
184,2.420782630154001,579988585487.2222,290,S5_twin_shock_imf_bailout,indonesia,USDC
185,2.326626104123201,565488870875.1501,290,S5_twin_shock_imf_bailout,indonesia,USDC
186,2.2513008832985606,551351649123.358,290,S5_twin_shock_imf_bailout,indonesia,USDC
187,2.1910407066388484,537567857911.34344,290,S5_twin_shock_imf_bailout,indonesia,USDC
188,2.1428325653110787,524128661476.41534,290,S5_twin_shock_imf_bailout,indonesia,USDC
189,2.104266052248863,511025444949.7893,290,S5_twin_shock_imf_bailout,indonesia,USDC
190,2.0707908713249465,498249808834.2721,290,S5_twin_shock_imf_bailout,indonesia,USDC
191,1.9571725304121692,485793563619.99725,290,S5_twin_shock_imf_bailout,indonesia,USDC
192,1.9208326734531505,473648724534.763,290,S5_twin_shock_imf_bailout,indonesia,USDC
193,1.8299059833545874,461807506425.60645,290,S5_twin_shock_imf_bailout,indonesia,USDC
194,1.7692048333148425,450262318768.33624,290,S5_twin_shock_imf_bailout,indonesia,USDC
195,1.7098458509977539,439005760801.8238,290,S5_twin_shock_imf_bailout,indonesia,USDC
196,1.6472196201606981,428030616783.93506,290,S5_twin_shock_imf_bailout,indonesia,USDC
197,1.5594499220849998,417329851366.062,290,S5_twin_shock_imf_bailout,indonesia,USDC
198,1.4732662324917662,406896605083.29083,290,S5_twin_shock_imf_bailout,indonesia,USDC
199,1.4204198710426987,396724189957.3128,290,S5_twin_shock_imf_bailout,indonesia,USDC
200,1.3655224525815721,386806085209.2634,290,S5_twin_shock_imf_bailout,indonesia,USDC
201,1.3016866814683716,377135933079.7386,290,S5_twin_shock_imf_bailout,indonesia,USDC
202,1.2941792041312619,367707534753.3105,290,S5_twin_shock_imf_bailout,indonesia,USDC
203,1.3095426915697128,358514846384.93005,290,S5_twin_shock_imf_bailout,indonesia,USDC
204,1.263276207468873,349551975225.66864,290,S5_twin_shock_imf_bailout,indonesia,USDC
205,1.2299575873521738,340813175845.3164,290,S5_twin_shock_imf_bailout,indonesia,USDC
206,1.1932032592981687,332292846449.4151,290,S5_twin_shock_imf_bailout,indonesia,USDC
207,1.135864047402977,323985525288.365,290,S5_twin_shock_imf_bailout,indonesia,USDC
208,1.1262293886263357,315885887156.3041,290,S5_twin_shock_imf_bailout,indonesia,USDC
209,1.0693320584181436,307988739977.515,290,S5_twin_shock_imf_bailout,indonesia,USDC
210,1.0384953584419339,300289021478.172,290,S5_twin_shock_imf_bailout,indonesia,USDC
211,0.9998910176190192,292781795941.2936,290,S5_twin_shock_imf_bailout,indonesia,USDC
212,0.993806282790457,285462251042.8219,290,S5_twin_shock_imf_bailout,indonesia,USDC
213,0.956905322892476,278325694766.7999,290,S5_twin_shock_imf_bailout,indonesia,USDC
214,0.9219450234055315,271337816738.1374,290,S5_twin_shock_imf_bailout,indonesia,USDC
215,0.8947093949773588,264446506582.73535,290,S5_twin_shock_imf_bailout,indonesia,USDC
216,0.890876671187991,257668986789.2553,290,S5_twin_shock_imf_bailout,indonesia,USDC
217,0.8746408219518869,251065653329.48456,290,S5_twin_shock_imf_bailout,indonesia,USDC
218,0.8414858108357135,244617608846.1375,290,S5_twin_shock_imf_bailout,indonesia,USDC
219,0.8613139337096826,238286912911.94678,290,S5_twin_shock_imf_bailout,indonesia,USDC
220,0.851231847930939,232167527172.4817,290,S5_twin_shock_imf_bailout,indonesia,USDC
221,0.86055168799774,226202044833.17825,290,S5_twin_shock_imf_bailout,indonesia,USDC
222,0.8391059311096601,220422151646.5692,290,S5_twin_shock_imf_bailout,indonesia,USDC
223,0.8568586850685902,214775225643.98822,290,S5_twin_shock_imf_bailout,indonesia,USDC
224,0.8480089686535172,209301474028.21973,290,S5_twin_shock_imf_bailout,indonesia,USDC
225,0.8502997544721093,203973650269.75616,290,S5_twin_shock_imf_bailout,indonesia,USDC
226,0.828115154965402,198788525779.23245,290,S5_twin_shock_imf_bailout,indonesia,USDC
227,0.823826001969556,193733282675.22232,290,S5_twin_shock_imf_bailout,indonesia,USDC
228,0.811483741126204,188814197392.78577,290,S5_twin_shock_imf_bailout,indonesia,USDC
229,0.8194472431748199,184024971199.42957,290,S5_twin_shock_imf_bailout,indonesia,USDC
230,0.8158988075245396,179367853679.3887,290,S5_twin_shock_imf_bailout,indonesia,USDC
231,0.7992277261141314,174834398979.1134,290,S5_twin_shock_imf_bailout,indonesia,USDC
232,0.8399359278208177,170418225093.39328,290,S5_twin_shock_imf_bailout,indonesia,USDC
233,0.8523498372607691,166127797184.59174,290,S5_twin_shock_imf_bailout,indonesia,USDC
234,0.8413128123654712,161952074065.0466,290,S5_twin_shock_imf_bailout,indonesia,USDC
235,0.8576686898690257,157880445273.726,290,S5_twin_shock_imf_bailout,indonesia,USDC
236,0.834764971766265,153916857901.63144,290,S5_twin_shock_imf_bailout,indonesia,USDC
237,0.8213244716701422,150049941634.84024,290,S5_twin_shock_imf_bailout,indonesia,USDC
238,0.8125950130297727,146280721858.1746,290,S5_twin_shock_imf_bailout,indonesia,USDC
239,0.8157950109565747,142607913169.74554,290,S5_twin_shock_imf_bailout,indonesia,USDC
240,0.8297755636437345,139029976534.9445,290,S5_twin_shock_imf_bailout,indonesia,USDC
241,0.8424196117676795,135544620394.6076,290,S5_twin_shock_imf_bailout,indonesia,USDC
242,0.8287808750840512,132148298613.1661,290,S5_twin_shock_imf_bailout,indonesia,USDC
243,0.833835301343068,128836811633.94543,290,S5_twin_shock_imf_bailout,indonesia,USDC
244,0.8137007415594656,125609747283.51773,290,S5_twin_shock_imf_bailout,indonesia,USDC
245,0.7900738179917918,122463136900.16331,290,S5_twin_shock_imf_bailout,indonesia,USDC
246,0.8050573224488811,119395410321.39578,290,S5_twin_shock_imf_bailout,indonesia,USDC
247,0.7926201505488925,116406026773.42386,290,S5_twin_shock_imf_bailout,indonesia,USDC
248,0.7979757972001212,113491919751.24261,290,S5_twin_shock_imf_bailout,indonesia,USDC
249,0.806960086609801,110651526436.72842,290,S5_twin_shock_imf_bailout,indonesia,USDC
250,0.7880180477201587,107882795580.48007,290,S5_twin_shock_imf_bailout,indonesia,USDC
251,0.7666309685990801,105183285911.69704,290,S5_twin_shock_imf_bailout,indonesia,USDC
252,0.7632318689232003,102551488775.44736,290,S5_twin_shock_imf_bailout,indonesia,USDC
253,0.7528403591039007,99985921700.03186,290,S5_twin_shock_imf_bailout,indonesia,USDC
254,0.7619282804550908,97484858024.09,290,S5_twin_shock_imf_bailout,indonesia,USDC
255,0.7889180061429926,95046694202.44748,290,S5_twin_shock_imf_bailout,indonesia,USDC
256,0.8074062259522717,92669788902.5009,290,S5_twin_shock_imf_bailout,indonesia,USDC
257,0.7701181149149177,90352489471.60419,290,S5_twin_shock_imf_bailout,indonesia,USDC
258,0.7650976366928839,88093107403.69333,290,S5_twin_shock_imf_bailout,indonesia,USDC
259,0.7782576890640058,85890322952.916,290,S5_twin_shock_imf_bailout,indonesia,USDC
260,0.7896250288679502,83742717440.84131,290,S5_twin_shock_imf_bailout,indonesia,USDC
261,0.7930636082922666,81648896437.91745,290,S5_twin_shock_imf_bailout,indonesia,USDC
262,0.7836744754171107,79607469289.18521,290,S5_twin_shock_imf_bailout,indonesia,USDC
263,0.7706260353689638,77617103901.64812,290,S5_twin_shock_imf_bailout,indonesia,USDC
264,0.7976578757405718,75676510077.14278,290,S5_twin_shock_imf_bailout,indonesia,USDC
265,0.7933990554786384,73784487728.58209,290,S5_twin_shock_imf_bailout,indonesia,USDC
266,0.7983114959112722,71939778512.51004,290,S5_twin_shock_imf_bailout,indonesia,USDC
267,0.7955669234596319,70141208448.61035,290,S5_twin_shock_imf_bailout,indonesia,USDC
268,0.7912865951444954,68387613448.1472,290,S5_twin_shock_imf_bailout,indonesia,USDC
269,0.7850727777803984,66677868669.67525,290,S5_twin_shock_imf_bailout,indonesia,USDC
270,0.7722202419528481,65010875996.95645,290,S5_twin_shock_imf_bailout,indonesia,USDC
271,0.7516063670462179,63385565885.04544,290,S5_twin_shock_imf_bailout,indonesia,USDC
272,0.7815797603014096,61800892728.27856,290,S5_twin_shock_imf_bailout,indonesia,USDC
273,0.7522663255859909,60255847925.203316,290,S5_twin_shock_imf_bailout,indonesia,USDC
274,0.7852900607987022,58749430474.56551,290,S5_twin_shock_imf_bailout,indonesia,USDC
275,0.7751853989835977,57280680518.85957,290,S5_twin_shock_imf_bailout,indonesia,USDC
276,0.757012279221477,55848650956.937965,290,S5_twin_shock_imf_bailout,indonesia,USDC
277,0.7562365051706886,54452423385.53141,290,S5_twin_shock_imf_bailout,indonesia,USDC
278,0.7645762829989832,53091103743.945755,290,S5_twin_shock_imf_bailout,indonesia,USDC
279,0.7686133293014653,51763819488.92969,290,S5_twin_shock_imf_bailout,indonesia,USDC
280,0.7912073996900748,50469718834.349976,290,S5_twin_shock_imf_bailout,indonesia,USDC
281,0.8057091266124812,49207972211.74404,290,S5_twin_shock_imf_bailout,indonesia,USDC
282,0.8073381930435687,47977770101.56995,290,S5_twin_shock_imf_bailout,indonesia,USDC
283,0.7864352694980223,46778323678.9274,290,S5_twin_shock_imf_bailout,indonesia,USDC
284,0.797949769260406,45608863394.49376,290,S5_twin_shock_imf_bailout,indonesia,USDC
285,0.7848715389204556,44468640207.92208,290,S5_twin_shock_imf_bailout,indonesia,USDC
286,0.800381358578489,43356922802.11813,290,S5_twin_shock_imf_bailout,indonesia,USDC
287,0.7888099019287581,42272998635.65714,290,S5_twin_shock_imf_bailout,indonesia,USDC
288,0.8072057314980914,41216172719.80641,290,S5_twin_shock_imf_bailout,indonesia,USDC
289,0.8139089784535856,40185767715.87729,290,S5_twin_shock_imf_bailout,indonesia,USDC
290,0.8137874833903239,39181122969.36699,290,S5_twin_shock_imf_bailout,indonesia,USDC
291,0.7989687083280138,38201594395.124596,290,S5_twin_shock_imf_bailout,indonesia,USDC
292,0.8234555872347233,37246554085.138985,290,S5_twin_shock_imf_bailout,indonesia,USDC
293,0.8389445192896792,36315389927.096596,290,S5_twin_shock_imf_bailout,indonesia,USDC
294,0.838035976942889,35407504944.48285,290,S5_twin_shock_imf_bailout,indonesia,USDC
295,0.8166799329269051,34522317110.109024,290,S5_twin_shock_imf_bailout,indonesia,USDC
296,0.800311335632301,33659258973.768623,290,S5_twin_shock_imf_bailout,indonesia,USDC
297,0.8052033521189795,32817777290.378395,290,S5_twin_shock_imf_bailout,indonesia,USDC
298,0.8083435088357545,31997332690.61513,290,S5_twin_shock_imf_bailout,indonesia,USDC
299,0.8006395697425841,31197399245.038673,290,S5_twin_shock_imf_bailout,indonesia,USDC
300,0.8099153518962569,30417464145.82457,290,S5_twin_shock_imf_bailout,indonesia,USDC
301,0.8098566896617266,29657027447.773346,290,S5_twin_shock_imf_bailout,indonesia,USDC
302,0.8105806796383864,28915601682.72481,290,S5_twin_shock_imf_bailout,indonesia,USDC
303,0.8296108779204806,28192711575.118656,290,S5_twin_shock_imf_bailout,indonesia,USDC
304,0.8089976368445573,27487893737.511444,290,S5_twin_shock_imf_bailout,indonesia,USDC
305,0.8122885393861331,26800696349.574127,290,S5_twin_shock_imf_bailout,indonesia,USDC
306,0.8203999940528829,26130678904.058403,290,S5_twin_shock_imf_bailout,indonesia,USDC
307,0.8392391170911666,25477411901.28327,290,S5_twin_shock_imf_bailout,indonesia,USDC
308,0.8313781444899738,24840476580.848793,290,S5_twin_shock_imf_bailout,indonesia,USDC
309,0.8203863166837637,24219464645.655144,290,S5_twin_shock_imf_bailout,indonesia,USDC
310,0.8124028989337755,23613978010.256042,290,S5_twin_shock_imf_bailout,indonesia,USDC
311,0.8280135510091526,23023628542.7194,290,S5_twin_shock_imf_bailout,indonesia,USDC
312,0.822186677114984,22448037815.47359,290,S5_twin_shock_imf_bailout,indonesia,USDC
313,0.8222556665302964,21886836858.42707,290,S5_twin_shock_imf_bailout,indonesia,USDC
314,0.8307830219171338,21339665927.21713,290,S5_twin_shock_imf_bailout,indonesia,USDC
315,0.8544712349866104,20806174270.82447,290,S5_twin_shock_imf_bailout,indonesia,USDC
316,0.8520306556249777,20286019908.203075,290,S5_twin_shock_imf_bailout,indonesia,USDC
317,0.8705190710209822,19778869405.33951,290,S5_twin_shock_imf_bailout,indonesia,USDC
318,0.8320964342011791,19284397666.45375,290,S5_twin_shock_imf_bailout,indonesia,USDC
319,0.8199324551947782,18802287719.969738,290,S5_twin_shock_imf_bailout,indonesia,USDC
320,0.8209467376360307,18332230522.24279,290,S5_twin_shock_imf_bailout,indonesia,USDC
321,0.7936021599344812,17873924755.29766,290,S5_twin_shock_imf_bailout,indonesia,USDC
322,0.8035200837152017,17427076632.579327,290,S5_twin_shock_imf_bailout,indonesia,USDC
323,0.8140488782625681,16991399713.78191,290,S5_twin_shock_imf_bailout,indonesia,USDC
324,0.7884317589002737,16566614718.554846,290,S5_twin_shock_imf_bailout,indonesia,USDC
325,0.772147846840438,16152449348.345078,290,S5_twin_shock_imf_bailout,indonesia,USDC
326,0.780126444258828,15748638112.577196,290,S5_twin_shock_imf_bailout,indonesia,USDC
327,0.7503798305797061,15354922158.174982,290,S5_twin_shock_imf_bailout,indonesia,USDC
328,0.7484454833920112,14971049102.758316,290,S5_twin_shock_imf_bailout,indonesia,USDC
329,0.7484336955268184,14596772874.029125,290,S5_twin_shock_imf_bailout,indonesia,USDC
330,0.7600151146791104,14231853551.230808,290,S5_twin_shock_imf_bailout,indonesia,USDC
331,0.7955703565152813,13876057211.78106,290,S5_twin_shock_imf_bailout,indonesia,USDC
332,0.8084390118722334,13529155781.01744,290,S5_twin_shock_imf_bailout,indonesia,USDC
333,0.7760007593592819,13190926886.142487,290,S5_twin_shock_imf_bailout,indonesia,USDC
334,0.7797518266269742,12861153713.651596,290,S5_twin_shock_imf_bailout,indonesia,USDC
335,0.7834273435063127,12539624870.541885,290,S5_twin_shock_imf_bailout,indonesia,USDC
336,0.7637307630598773,12226134248.554924,290,S5_twin_shock_imf_bailout,indonesia,USDC
337,0.7851743775196006,11920480892.144432,290,S5_twin_shock_imf_bailout,indonesia,USDC
338,0.7826787551150931,11622468869.695208,290,S5_twin_shock_imf_bailout,indonesia,USDC
339,0.7687663183838803,11331907147.833368,290,S5_twin_shock_imf_bailout,indonesia,USDC
340,0.7862115760660878,11048609469.037994,290,S5_twin_shock_imf_bailout,indonesia,USDC
341,0.8043157173829977,10772394232.236332,290,S5_twin_shock_imf_bailout,indonesia,USDC
342,0.7928259956530016,10503084376.375103,290,S5_twin_shock_imf_bailout,indonesia,USDC
343,0.7768698575844246,10240507266.918573,290,S5_twin_shock_imf_bailout,indonesia,USDC
344,0.7999637148352521,9984494585.204071,290,S5_twin_shock_imf_bailout,indonesia,USDC
345,0.791515566613675,9734882220.543661,290,S5_twin_shock_imf_bailout,indonesia,USDC
346,0.8005287072734094,9491510165.004158,290,S5_twin_shock_imf_bailout,indonesia,USDC
347,0.7841253380516959,9254222410.857449,290,S5_twin_shock_imf_bailout,indonesia,USDC
348,0.8161465194264145,9022866850.56721,290,S5_twin_shock_imf_bailout,indonesia,USDC
349,0.8114833322132777,8797295179.29035,290,S5_twin_shock_imf_bailout,indonesia,USDC
350,0.8048538008492298,8577362799.797013,290,S5_twin_shock_imf_bailout,indonesia,USDC
351,0.8171034731372527,8362928729.792162,290,S5_twin_shock_imf_bailout,indonesia,USDC
352,0.8137956149829303,8153855511.539856,290,S5_twin_shock_imf_bailout,indonesia,USDC
353,0.8198755544010913,7950009123.744857,290,S5_twin_shock_imf_bailout,indonesia,USDC
354,0.8209157643365479,7751258895.646063,290,S5_twin_shock_imf_bailout,indonesia,USDC
355,0.8333751305759086,7557477423.250429,290,S5_twin_shock_imf_bailout,indonesia,USDC
356,0.8355595487251989,7368540487.665594,290,S5_twin_shock_imf_bailout,indonesia,USDC
357,0.8283061314626353,7184326975.470924,290,S5_twin_shock_imf_bailout,indonesia,USDC
358,0.8047582262597806,7004718801.081332,290,S5_twin_shock_imf_bailout,indonesia,USDC
359,0.7957046144942863,6829600831.051659,290,S5_twin_shock_imf_bailout,indonesia,USDC
360,0.7887728743148871,6658860810.273026,290,S5_twin_shock_imf_bailout,indonesia,USDC
361,0.7572429284078641,6492389290.014136,290,S5_twin_shock_imf_bailout,indonesia,USDC
362,0.6373200660078465,6330079557.761713,290,S5_twin_shock_imf_bailout,indonesia,USDC
363,0.6473183794176567,6171827568.815192,290,S5_twin_shock_imf_bailout,indonesia,USDC
364,0.6867060443469825,6017531879.593247,290,S5_twin_shock_imf_bailout,indonesia,USDC
365,0.7191660533112236,5867093582.602501,290,S5_twin_shock_imf_bailout,indonesia,USDC
366,0.7323868958333889,5720416243.036829,290,S5_twin_shock_imf_bailout,indonesia,USDC
367,0.7381207360340164,5577405836.960494,290,S5_twin_shock_imf_bailout,indonesia,USDC
368,0.7608915675614059,5437970691.036152,290,S5_twin_shock_imf_bailout,indonesia,USDC
369,0.7793230416838381,5302021423.760022,290,S5_twin_shock_imf_bailout,indonesia,USDC
370,0.789503649180056,5169470888.165862,290,S5_twin_shock_imf_bailout,indonesia,USDC
371,0.7924803868496243,5040234115.961599,290,S5_twin_shock_imf_bailout,indonesia,USDC
372,0.8215044535001116,4914228263.062463,290,S5_twin_shock_imf_bailout,indonesia,USDC
373,0.8198467392761473,4791372556.485834,290,S5_twin_shock_imf_bailout,indonesia,USDC
374,0.7936198520872415,4671588242.57363,290,S5_twin_shock_imf_bailout,indonesia,USDC
375,0.7879703055824648,4554798536.5092325,290,S5_twin_shock_imf_bailout,indonesia,USDC
376,0.7769189126820051,4440928573.096453,290,S5_twin_shock_imf_bailout,indonesia,USDC
377,0.7850133849211143,4329905358.768999,290,S5_twin_shock_imf_bailout,indonesia,USDC
378,0.8310604693333714,4221657724.7997417,290,S5_twin_shock_imf_bailout,indonesia,USDC
379,0.8481424543139742,4116116281.6797276,290,S5_twin_shock_imf_bailout,indonesia,USDC
380,0.8386600813359135,4013213374.63772,290,S5_twin_shock_imf_bailout,indonesia,USDC
381,0.8322623053318623,3912883040.2717614,290,S5_twin_shock_imf_bailout,indonesia,USDC
382,0.828665152733534,3815060964.2649536,290,S5_twin_shock_imf_bailout,indonesia,USDC
383,0.833340703389501,3719684440.158319,290,S5_twin_shock_imf_bailout,indonesia,USDC
384,0.8563978895725772,3626692329.1543508,290,S5_twin_shock_imf_bailout,indonesia,USDC
385,0.8211688951136658,3536025020.925485,290,S5_twin_shock_imf_bailout,indonesia,USDC
386,0.8192337521913583,3447624395.40234,290,S5_twin_shock_imf_bailout,indonesia,USDC
387,0.8206199975779976,3361433785.5172744,290,S5_twin_shock_imf_bailout,indonesia,USDC
388,0.8383842697538736,3277397940.8793373,290,S5_twin_shock_imf_bailout,indonesia,USDC
389,0.8501081927532982,3195462992.3573494,290,S5_twin_shock_imf_bailout,indonesia,USDC
390,0.829002244805297,3115576417.5484123,290,S5_twin_shock_imf_bailout,indonesia,USDC
391,0.8366211155480336,3037687007.1096983,290,S5_twin_shock_imf_bailout,indonesia,USDC
392,0.8542522202859549,2961744831.931953,290,S5_twin_shock_imf_bailout,indonesia,USDC
393,0.839125175280863,2887701211.1336517,290,S5_twin_shock_imf_bailout,indonesia,USDC
394,0.8384340962893829,2815508680.8553085,290,S5_twin_shock_imf_bailout,indonesia,USDC
395,0.8367989219139587,2745120963.833924,290,S5_twin_shock_imf_bailout,indonesia,USDC
396,0.8383460080760826,2676492939.7380743,290,S5_twin_shock_imf_bailout,indonesia,USDC
397,0.8121682630484467,2609580616.244621,290,S5_twin_shock_imf_bailout,indonesia,USDC
398,0.8316807242067459,2544341100.838504,290,S5_twin_shock_imf_bailout,indonesia,USDC
399,0.8373190193155196,2480732573.31754,290,S5_twin_shock_imf_bailout,indonesia,USDC
400,0.832796681726868,2418714258.9846005,290,S5_twin_shock_imf_bailout,indonesia,USDC
401,0.8478733518478462,2358246402.509985,290,S5_twin_shock_imf_bailout,indonesia,USDC
402,0.8637718279555524,2299290242.447235,290,S5_twin_shock_imf_bailout,indonesia,USDC
403,0.8343786435102535,2241807986.3860536,290,S5_twin_shock_imf_bailout,indonesia,USDC
404,0.8120445342572922,2185762786.7264013,290,S5_twin_shock_imf_bailout,indonesia,USDC
405,0.8102113829101687,2131118717.058241,290,S5_twin_shock_imf_bailout,indonesia,USDC
406,0.8037505570379303,2077840749.1317847,290,S5_twin_shock_imf_bailout,indonesia,USDC
407,0.7819174527823584,2025894730.4034896,290,S5_twin_shock_imf_bailout,indonesia,USDC
408,0.770769957737396,1975247362.143402,290,S5_twin_shock_imf_bailout,indonesia,USDC
409,0.7669969860464854,1925866178.0898166,290,S5_twin_shock_imf_bailout,indonesia,USDC
410,0.7547334380757578,1877719523.6375709,290,S5_twin_shock_imf_bailout,indonesia,USDC
411,0.7447076731214403,1830776535.5466309,290,S5_twin_shock_imf_bailout,indonesia,USDC
412,0.7455689733279628,1785007122.1579647,290,S5_twin_shock_imf_bailout,indonesia,USDC
413,0.7579751558820848,1740381944.1040156,290,S5_twin_shock_imf_bailout,indonesia,USDC
414,0.7519070965072416,1696872395.5014153,290,S5_twin_shock_imf_bailout,indonesia,USDC
415,0.7558349316221309,1654450585.61388,290,S5_twin_shock_imf_bailout,indonesia,USDC
416,0.7650817855598977,1613089320.973533,290,S5_twin_shock_imf_bailout,indonesia,USDC
417,0.7619462829783565,1572762087.9491947,290,S5_twin_shock_imf_bailout,indonesia,USDC
418,0.7587189678396445,1533443035.7504647,290,S5_twin_shock_imf_bailout,indonesia,USDC
419,0.7715990982432294,1495106959.856703,290,S5_twin_shock_imf_bailout,indonesia,USDC
420,0.7904445537489762,1457729285.8602855,290,S5_twin_shock_imf_bailout,indonesia,USDC
421,0.8029578400805406,1421286053.7137783,290,S5_twin_shock_imf_bailout,indonesia,USDC
422,0.7933739140318046,1385753902.370934,290,S5_twin_shock_imf_bailout,indonesia,USDC
423,0.8028239689729704,1351110054.8116605,290,S5_twin_shock_imf_bailout,indonesia,USDC
424,0.8196440515179152,1317332303.441369,290,S5_twin_shock_imf_bailout,indonesia,USDC
425,0.8243378612266067,1284398995.8553348,290,S5_twin_shock_imf_bailout,indonesia,USDC
426,0.8165370889544187,1252289020.9589515,290,S5_twin_shock_imf_bailout,indonesia,USDC
427,0.8223728813527476,1220981795.4349775,290,S5_twin_shock_imf_bailout,indonesia,USDC
428,0.8042264644805104,1190457250.549103,290,S5_twin_shock_imf_bailout,indonesia,USDC
429,0.8093090657458233,1160695819.2853754,290,S5_twin_shock_imf_bailout,indonesia,USDC
430,0.8081060959580892,1131678423.803241,290,S5_twin_shock_imf_bailout,indonesia,USDC
431,0.8175373882653827,1103386463.20816,290,S5_twin_shock_imf_bailout,indonesia,USDC
432,0.8091568564862209,1075801801.627956,290,S5_twin_shock_imf_bailout,indonesia,USDC
433,0.834739525665483,1048906756.5872571,290,S5_twin_shock_imf_bailout,indonesia,USDC
434,0.834776169914663,1022684087.6725757,290,S5_twin_shock_imf_bailout,indonesia,USDC
435,0.803475898608245,997116985.4807613,290,S5_twin_shock_imf_bailout,indonesia,USDC
436,0.7832337874559924,972189060.8437421,290,S5_twin_shock_imf_bailout,indonesia,USDC
437,0.795810496268655,947884334.3226486,290,S5_twin_shock_imf_bailout,indonesia,USDC
438,0.8185789265034619,924187225.9645824,290,S5_twin_shock_imf_bailout,indonesia,USDC
439,0.7990020691300771,901082545.3154678,290,S5_twin_shock_imf_bailout,indonesia,USDC
440,0.7858851546149465,878555481.6825812,290,S5_twin_shock_imf_bailout,indonesia,USDC
441,0.7828721052969864,856591594.6405166,290,S5_twin_shock_imf_bailout,indonesia,USDC
442,0.6604543942689176,835176804.7745037,290,S5_twin_shock_imf_bailout,indonesia,USDC
443,0.679089926572721,814297384.6551411,290,S5_twin_shock_imf_bailout,indonesia,USDC
444,0.6758983136229759,793939950.0387626,290,S5_twin_shock_imf_bailout,indonesia,USDC
445,0.6820287271566783,774091451.2877936,290,S5_twin_shock_imf_bailout,indonesia,USDC
446,0.7000068779637483,754739165.0055988,290,S5_twin_shock_imf_bailout,indonesia,USDC
447,0.7097200416567192,735870685.8804588,290,S5_twin_shock_imf_bailout,indonesia,USDC
448,0.724900169411911,717473918.7334473,290,S5_twin_shock_imf_bailout,indonesia,USDC
449,0.741307284906207,699537070.7651111,290,S5_twin_shock_imf_bailout,indonesia,USDC
450,0.7404644121855917,682048643.9959834,290,S5_twin_shock_imf_bailout,indonesia,USDC
451,0.7561757526588048,664997427.8960837,290,S5_twin_shock_imf_bailout,indonesia,USDC
452,0.7709654270672059,648372492.1986817,290,S5_twin_shock_imf_bailout,indonesia,USDC
453,0.7628591489530779,632163179.8937147,290,S5_twin_shock_imf_bailout,indonesia,USDC
454,0.7749856253097351,616359100.3963717,290,S5_twin_shock_imf_bailout,indonesia,USDC
455,0.7740682221582421,600950122.8864625,290,S5_twin_shock_imf_bailout,indonesia,USDC
456,0.767362049266657,585926369.8143009,290,S5_twin_shock_imf_bailout,indonesia,USDC
457,0.787605649516022,571278210.5689433,290,S5_twin_shock_imf_bailout,indonesia,USDC
458,0.8020263353733134,556996255.3047197,290,S5_twin_shock_imf_bailout,indonesia,USDC
459,0.8080776316931294,543071348.9221017,290,S5_twin_shock_imf_bailout,indonesia,USDC
460,0.8072832439563726,529494565.19904923,290,S5_twin_shock_imf_bailout,indonesia,USDC
461,0.7440828199772229,516257201.06907296,290,S5_twin_shock_imf_bailout,indonesia,USDC
462,0.7583011026233233,503350771.0423461,290,S5_twin_shock_imf_bailout,indonesia,USDC
463,0.7665885242626786,490767001.7662875,290,S5_twin_shock_imf_bailout,indonesia,USDC
464,0.7594351502403058,478497826.7221303,290,S5_twin_shock_imf_bailout,indonesia,USDC
465,0.763149042536032,466535381.054077,290,S5_twin_shock_imf_bailout,indonesia,USDC
466,0.7645291693136148,454871996.5277251,290,S5_twin_shock_imf_bailout,indonesia,USDC
467,0.7877496229122266,443500196.61453193,290,S5_twin_shock_imf_bailout,indonesia,USDC
468,0.7773561582788581,432412691.6991687,290,S5_twin_shock_imf_bailout,indonesia,USDC
469,0.775812012792648,421602374.40668947,290,S5_twin_shock_imf_bailout,indonesia,USDC
470,0.7693841084987182,411062315.04652226,290,S5_twin_shock_imf_bailout,indonesia,USDC
471,0.7798252732584228,400785757.17035913,290,S5_twin_shock_imf_bailout,indonesia,USDC
472,0.7785286382266103,390766113.2411002,290,S5_twin_shock_imf_bailout,indonesia,USDC
473,0.7651792451979245,380996960.4100727,290,S5_twin_shock_imf_bailout,indonesia,USDC
474,0.7989667490450352,371472036.39982086,290,S5_twin_shock_imf_bailout,indonesia,USDC
475,0.796898558661516,362185235.48982537,290,S5_twin_shock_imf_bailout,indonesia,USDC
476,0.7611343024916727,353130604.6025797,290,S5_twin_shock_imf_bailout,indonesia,USDC
477,0.747986306826187,344302339.4875152,290,S5_twin_shock_imf_bailout,indonesia,USDC
478,0.7507287615225512,335694781.00032735,290,S5_twin_shock_imf_bailout,indonesia,USDC
479,0.7566193913723833,327302411.47531915,290,S5_twin_shock_imf_bailout,indonesia,USDC
480,0.7726147027069662,319119851.18843615,290,S5_twin_shock_imf_bailout,indonesia,USDC
481,0.7705695488566621,311141854.90872526,290,S5_twin_shock_imf_bailout,indonesia,USDC
482,0.7834822088229407,303363308.53600717,290,S5_twin_shock_imf_bailout,indonesia,USDC
483,0.7885209737112349,295779225.8226069,290,S5_twin_shock_imf_bailout,indonesia,USDC
484,0.8063854138920348,288384745.17704177,290,S5_twin_shock_imf_bailout,indonesia,USDC
485,0.8223441938653967,281175126.54761577,290,S5_twin_shock_imf_bailout,indonesia,USDC
486,0.7407980584296391,274145748.3839253,290,S5_twin_shock_imf_bailout,indonesia,USDC
487,0.7493959225120065,267292104.6743272,290,S5_twin_shock_imf_bailout,indonesia,USDC
488,0.750145918975898,260609802.05746904,290,S5_twin_shock_imf_bailout,indonesia,USDC
489,0.7558223732253092,254094557.0060323,290,S5_twin_shock_imf_bailout,indonesia,USDC
490,0.7702904568995714,247742193.0808815,290,S5_twin_shock_imf_bailout,indonesia,USDC
491,0.7959021072353378,241548638.25385946,290,S5_twin_shock_imf_bailout,indonesia,USDC
492,0.7808058654868576,235509922.29751298,290,S5_twin_shock_imf_bailout,indonesia,USDC
493,0.7885647333505678,229622174.24007514,290,S5_twin_shock_imf_bailout,indonesia,USDC
494,0.7717979626562643,223881619.88407326,290,S5_twin_shock_imf_bailout,indonesia,USDC
495,0.7359731390052244,218284579.38697144,290,S5_twin_shock_imf_bailout,indonesia,USDC
496,0.7472641733014626,212827464.90229714,290,S5_twin_shock_imf_bailout,indonesia,USDC
497,0.7740404163475534,207506778.27973974,290,S5_twin_shock_imf_bailout,indonesia,USDC
498,0.7830625086934019,202319108.82274622,290,S5_twin_shock_imf_bailout,indonesia,USDC
499,0.7618496658506758,197261131.1021776,290,S5_twin_shock_imf_bailout,indonesia,USDC
500,0.7790641489672062,192329602.82462314,290,S5_twin_shock_imf_bailout,indonesia,USDC
501,0.7855483529826627,187521362.75400758,290,S5_twin_shock_imf_bailout,indonesia,USDC
502,0.7715536152221043,182833328.6851574,290,S5_twin_shock_imf_bailout,indonesia,USDC
503,0.7868422499134635,178262495.46802843,290,S5_twin_shock_imf_bailout,indonesia,USDC
504,0.8098304756606242,173805933.08132774,290,S5_twin_shock_imf_bailout,indonesia,USDC
505,0.7707531626607845,169460784.75429454,290,S5_twin_shock_imf_bailout,indonesia,USDC
506,0.7973875765537353,165224265.1354372,290,S5_twin_shock_imf_bailout,indonesia,USDC
507,0.8098697179815572,161093658.50705123,290,S5_twin_shock_imf_bailout,indonesia,USDC
508,0.8111944376001567,157066317.04437494,290,S5_twin_shock_imf_bailout,indonesia,USDC
509,0.7862228654669583,153139659.11826557,290,S5_twin_shock_imf_bailout,indonesia,USDC
510,0.7920569969261528,149311167.64030892,290,S5_twin_shock_imf_bailout,indonesia,USDC
511,0.7899855501652651,145578388.4493012,290,S5_twin_shock_imf_bailout,indonesia,USDC
512,0.8125639908995042,141938928.7380687,290,S5_twin_shock_imf_bailout,indonesia,USDC
513,0.8239119160171071,138390455.51961696,290,S5_twin_shock_imf_bailout,indonesia,USDC
514,0.8263104724297713,134930694.13162655,290,S5_twin_shock_imf_bailout,indonesia,USDC
515,0.8565170202458063,131557426.77833588,290,S5_twin_shock_imf_bailout,indonesia,USDC
516,0.8411501606954962,128268491.10887748,290,S5_twin_shock_imf_bailout,indonesia,USDC
517,0.8640836129464115,125061778.83115554,290,S5_twin_shock_imf_bailout,indonesia,USDC
518,0.8730094246144192,121935234.36037666,290,S5_twin_shock_imf_bailout,indonesia,USDC
519,0.8491407957988025,118886853.50136724,290,S5_twin_shock_imf_bailout,indonesia,USDC
520,0.8520541069564863,115914682.16383307,290,S5_twin_shock_imf_bailout,indonesia,USDC
521,0.8839587051450617,113016815.10973723,290,S5_twin_shock_imf_bailout,indonesia,USDC
522,0.8279909309118056,110191394.73199381,290,S5_twin_shock_imf_bailout,indonesia,USDC
523,0.8178036412518164,107436609.86369395,290,S5_twin_shock_imf_bailout,indonesia,USDC
524,0.808961420566695,104750694.6171016,290,S5_twin_shock_imf_bailout,indonesia,USDC
525,0.8049416727647382,102131927.25167407,290,S5_twin_shock_imf_bailout,indonesia,USDC
526,0.772111254035869,99578629.07038221,290,S5_twin_shock_imf_bailout,indonesia,USDC
527,0.7883650130170501,97089163.34362265,290,S5_twin_shock_imf_bailout,indonesia,USDC
528,0.79253657216693,94661934.26003209,290,S5_twin_shock_imf_bailout,indonesia,USDC
529,0.7925160844717454,92295385.90353128,290,S5_twin_shock_imf_bailout,indonesia,USDC
530,0.7832165652478671,89988001.255943,290,S5_twin_shock_imf_bailout,indonesia,USDC
531,0.7585098030535333,87738301.22454444,290,S5_twin_shock_imf_bailout,indonesia,USDC
532,0.7573813270291171,85544843.69393082,290,S5_twin_shock_imf_bailout,indonesia,USDC
533,0.7320203957458601,83406222.60158256,290,S5_twin_shock_imf_bailout,indonesia,USDC
534,0.7249757685210623,81321067.03654298,290,S5_twin_shock_imf_bailout,indonesia,USDC
535,0.7300641847833227,79288040.36062941,290,S5_twin_shock_imf_bailout,indonesia,USDC
536,0.7448971852507306,77305839.35161369,290,S5_twin_shock_imf_bailout,indonesia,USDC
537,0.7503262255042709,75373193.36782333,290,S5_twin_shock_imf_bailout,indonesia,USDC
538,0.7419082833652587,73488863.53362775,290,S5_twin_shock_imf_bailout,indonesia,USDC
539,0.7598053070502372,71651641.94528706,290,S5_twin_shock_imf_bailout,indonesia,USDC
540,0.7463705576443533,69860350.89665487,290,S5_twin_shock_imf_bailout,indonesia,USDC
541,0.7455827173041829,68113842.12423852,290,S5_twin_shock_imf_bailout,indonesia,USDC
542,0.7576392176064608,66410996.07113255,290,S5_twin_shock_imf_bailout,indonesia,USDC
543,0.7584328922620106,64750721.16935423,290,S5_twin_shock_imf_bailout,indonesia,USDC
544,0.746664616610587,63131953.14012037,290,S5_twin_shock_imf_bailout,indonesia,USDC
545,0.7625880021551128,61553654.311617374,290,S5_twin_shock_imf_bailout,indonesia,USDC
546,0.766027814736151,60014812.953826934,290,S5_twin_shock_imf_bailout,indonesia,USDC
547,0.745517517933924,58514442.629981264,290,S5_twin_shock_imf_bailout,indonesia,USDC
548,0.7484007745725646,57051581.56423173,290,S5_twin_shock_imf_bailout,indonesia,USDC
549,0.7637841853087954,55625292.025125936,290,S5_twin_shock_imf_bailout,indonesia,USDC
550,0.7732480731784642,54234659.72449779,290,S5_twin_shock_imf_bailout,indonesia,USDC
551,0.7698188168101541,52878793.23138534,290,S5_twin_shock_imf_bailout,indonesia,USDC
552,0.7791317786731949,51556823.40060072,290,S5_twin_shock_imf_bailout,indonesia,USDC
553,0.7931713187891519,50267902.815585695,290,S5_twin_shock_imf_bailout,indonesia,USDC
554,0.8236758133217942,49011205.24519605,290,S5_twin_shock_imf_bailout,indonesia,USDC
555,0.7422065037064233,47785925.114066154,290,S5_twin_shock_imf_bailout,indonesia,USDC
556,0.7482941280254689,46591276.986214496,290,S5_twin_shock_imf_bailout,indonesia,USDC
557,0.7709241588052383,45426495.06155914,290,S5_twin_shock_imf_bailout,indonesia,USDC
558,0.7712447437784984,44290832.685020156,290,S5_twin_shock_imf_bailout,indonesia,USDC
559,0.7856575544808474,43183561.86789465,290,S5_twin_shock_imf_bailout,indonesia,USDC
560,0.8045419821228337,42103972.821197286,290,S5_twin_shock_imf_bailout,indonesia,USDC
561,0.8161042772254433,41051373.500667356,290,S5_twin_shock_imf_bailout,indonesia,USDC
562,0.7982862136368656,40025089.163150676,290,S5_twin_shock_imf_bailout,indonesia,USDC
563,0.776873986080066,39024461.934071906,290,S5_twin_shock_imf_bailout,indonesia,USDC
564,0.7848131440917199,38048850.385720104,290,S5_twin_shock_imf_bailout,indonesia,USDC
565,0.7964782742717641,37097629.1260771,290,S5_twin_shock_imf_bailout,indonesia,USDC
566,0.7819439056779057,36170188.39792518,290,S5_twin_shock_imf_bailout,indonesia,USDC
567,0.7723211956962005,35265933.687977046,290,S5_twin_shock_imf_bailout,indonesia,USDC
568,0.7647590774805268,34384285.345777616,290,S5_twin_shock_imf_bailout,indonesia,USDC
569,0.7615749391313659,33524678.21213318,290,S5_twin_shock_imf_bailout,indonesia,USDC
570,0.7529688881164033,32686561.25682985,290,S5_twin_shock_imf_bailout,indonesia,USDC
571,0.7417541290806335,31869397.225409105,290,S5_twin_shock_imf_bailout,indonesia,USDC
572,0.7351977866503018,31072662.294773877,290,S5_twin_shock_imf_bailout,indonesia,USDC
573,0.733289448510886,30295845.737404533,290,S5_twin_shock_imf_bailout,indonesia,USDC
574,0.7618363575630653,29538449.593969416,290,S5_twin_shock_imf_bailout,indonesia,USDC
575,0.7620862726020684,28799988.35412018,290,S5_twin_shock_imf_bailout,indonesia,USDC
576,0.7855189485418667,28079988.645267174,290,S5_twin_shock_imf_bailout,indonesia,USDC
577,0.781734680276846,27377988.929135494,290,S5_twin_shock_imf_bailout,indonesia,USDC
578,0.7757759174511307,26693539.20590711,290,S5_twin_shock_imf_bailout,indonesia,USDC
579,0.7667668473154193,26026200.725759435,290,S5_twin_shock_imf_bailout,indonesia,USDC
580,0.7749413308389274,25375545.70761545,290,S5_twin_shock_imf_bailout,indonesia,USDC
581,0.7639656813906318,24741157.06492506,290,S5_twin_shock_imf_bailout,indonesia,USDC
582,0.7703531035662152,24122628.138301935,290,S5_twin_shock_imf_bailout,indonesia,USDC
583,0.7764751465115478,23519562.43484439,290,S5_twin_shock_imf_bailout,indonesia,USDC
584,0.6627076617230272,22931573.373973276,290,S5_twin_shock_imf_bailout,indonesia,USDC
585,0.6858347939408165,22358284.039623946,290,S5_twin_shock_imf_bailout,indonesia,USDC
586,0.7079429231679464,21799326.938633345,290,S5_twin_shock_imf_bailout,indonesia,USDC
587,0.697365305687049,21254343.765167512,290,S5_twin_shock_imf_bailout,indonesia,USDC
588,0.7091688612810415,20722985.171038322,290,S5_twin_shock_imf_bailout,indonesia,USDC
589,0.7187028178775327,20204910.541762363,290,S5_twin_shock_imf_bailout,indonesia,USDC
590,0.7264843516939002,19699787.778218307,290,S5_twin_shock_imf_bailout,indonesia,USDC
591,0.7082799385927201,19207293.083762847,290,S5_twin_shock_imf_bailout,indonesia,USDC
592,0.7106666373394264,18727110.756668776,290,S5_twin_shock_imf_bailout,indonesia,USDC
593,0.6369846911306969,18258932.987752058,290,S5_twin_shock_imf_bailout,indonesia,USDC
594,0.6379198291918817,17802459.663058255,290,S5_twin_shock_imf_bailout,indonesia,USDC
595,0.6531350868345241,17357398.1714818,290,S5_twin_shock_imf_bailout,indonesia,USDC
596,0.6842521455749858,16923463.21719475,290,S5_twin_shock_imf_bailout,indonesia,USDC
597,0.6915753953279691,16500376.636764884,290,S5_twin_shock_imf_bailout,indonesia,USDC
598,0.7112108639089144,16087867.220845763,290,S5_twin_shock_imf_bailout,indonesia,USDC
599,0.7339994430320934,15685670.540324619,290,S5_twin_shock_imf_bailout,indonesia,USDC
600,0.7407190513916257,15293528.776816504,290,S5_twin_shock_imf_bailout,indonesia,USDC
601,0.7407568125532834,14911190.557396092,290,S5_twin_shock_imf_bailout,indonesia,USDC
602,0.7562918067893751,14538410.793461189,290,S5_twin_shock_imf_bailout,indonesia,USDC
603,0.7704763491851171,14174950.523624659,290,S5_twin_shock_imf_bailout,indonesia,USDC
604,0.7795303525051407,13820576.760534044,290,S5_twin_shock_imf_bailout,indonesia,USDC
605,0.7768379921484727,13475062.341520693,290,S5_twin_shock_imf_bailout,indonesia,USDC
606,0.7869211570743782,13138185.782982673,290,S5_twin_shock_imf_bailout,indonesia,USDC
607,0.7750411902474036,12809731.138408106,290,S5_twin_shock_imf_bailout,indonesia,USDC
608,0.7906352541841387,12489487.859947905,290,S5_twin_shock_imf_bailout,indonesia,USDC
609,0.7976380283241145,12177250.663449207,290,S5_twin_shock_imf_bailout,indonesia,USDC
610,0.8174092872077,11872819.396862976,290,S5_twin_shock_imf_bailout,indonesia,USDC
611,0.8300956971075165,11575998.911941402,290,S5_twin_shock_imf_bailout,indonesia,USDC
612,0.8247566435921694,11286598.939142868,290,S5_twin_shock_imf_bailout,indonesia,USDC
613,0.8620115357193989,11004433.965664297,290,S5_twin_shock_imf_bailout,indonesia,USDC
614,0.8418265297532321,10729323.116522688,290,S5_twin_shock_imf_bailout,indonesia,USDC
615,0.8425494589868143,10461090.038609622,290,S5_twin_shock_imf_bailout,indonesia,USDC
616,0.8422274152489605,10199562.78764438,290,S5_twin_shock_imf_bailout,indonesia,USDC
617,0.8507773657373405,9944573.717953272,290,S5_twin_shock_imf_bailout,indonesia,USDC
618,0.8317982294051859,9695959.375004439,290,S5_twin_shock_imf_bailout,indonesia,USDC
619,0.8510309521737971,9453560.390629329,290,S5_twin_shock_imf_bailout,indonesia,USDC
620,0.8395194874875457,9217221.380863594,290,S5_twin_shock_imf_bailout,indonesia,USDC
621,0.8236156768496542,8986790.846342005,290,S5_twin_shock_imf_bailout,indonesia,USDC
622,0.826830836610429,8762121.075183455,290,S5_twin_shock_imf_bailout,indonesia,USDC
623,0.8306591523251241,8543068.048303869,290,S5_twin_shock_imf_bailout,indonesia,USDC
624,0.8226597029014117,8329491.347096272,290,S5_twin_shock_imf_bailout,indonesia,USDC
625,0.8024292201053288,8121254.063418865,290,S5_twin_shock_imf_bailout,indonesia,USDC
626,0.8355683298319999,7918222.711833393,290,S5_twin_shock_imf_bailout,indonesia,USDC
627,0.8223325168631725,7720267.144037559,290,S5_twin_shock_imf_bailout,indonesia,USDC
628,0.834258979063732,7527260.465436621,290,S5_twin_shock_imf_bailout,indonesia,USDC
629,0.8014007036056662,7339078.953800704,290,S5_twin_shock_imf_bailout,indonesia,USDC
630,0.7974098708542203,7155601.979955686,290,S5_twin_shock_imf_bailout,indonesia,USDC
631,0.8047820346543819,6976711.930456795,290,S5_twin_shock_imf_bailout,indonesia,USDC
632,0.8057420843896016,6802294.132195375,290,S5_twin_shock_imf_bailout,indonesia,USDC
633,0.7858580782479472,6632236.7788904905,290,S5_twin_shock_imf_bailout,indonesia,USDC
634,0.7910075489485177,6466430.859418228,290,S5_twin_shock_imf_bailout,indonesia,USDC
635,0.7796742714613341,6304770.087932773,290,S5_twin_shock_imf_bailout,indonesia,USDC
636,0.7782093604822515,6147150.835734453,290,S5_twin_shock_imf_bailout,indonesia,USDC
637,0.8127915369244949,5993472.064841092,290,S5_twin_shock_imf_bailout,indonesia,USDC
638,0.8098011270250791,5843635.263220064,290,S5_twin_shock_imf_bailout,indonesia,USDC
639,0.834755846386298,5697544.381639563,290,S5_twin_shock_imf_bailout,indonesia,USDC
640,0.8061166185515214,5555105.772098574,290,S5_twin_shock_imf_bailout,indonesia,USDC
641,0.7984105531725211,5416228.12779611,290,S5_twin_shock_imf_bailout,indonesia,USDC
642,0.7978749866438735,5280822.424601207,290,S5_twin_shock_imf_bailout,indonesia,USDC
643,0.801707844963958,5148801.863986176,290,S5_twin_shock_imf_bailout,indonesia,USDC
644,0.7900108703581675,5020081.817386522,290,S5_twin_shock_imf_bailout,indonesia,USDC
645,0.7833099943829515,4894579.771951859,290,S5_twin_shock_imf_bailout,indonesia,USDC
646,0.7856373476692754,4772215.277653063,290,S5_twin_shock_imf_bailout,indonesia,USDC
647,0.7805876195557198,4652909.895711737,290,S5_twin_shock_imf_bailout,indonesia,USDC
648,0.7565976033228319,4536587.148318943,290,S5_twin_shock_imf_bailout,indonesia,USDC
649,0.7483923906819457,4423172.46961097,290,S5_twin_shock_imf_bailout,indonesia,USDC
650,0.7639737179905085,4312593.157870695,290,S5_twin_shock_imf_bailout,indonesia,USDC
651,0.7366500413273777,4204778.328923928,290,S5_twin_shock_imf_bailout,indonesia,USDC
652,0.7217525009056988,4099658.870700829,290,S5_twin_shock_imf_bailout,indonesia,USDC
653,0.7227889570311694,3997167.398933308,290,S5_twin_shock_imf_bailout,indonesia,USDC
654,0.7109718456323306,3897238.213959975,290,S5_twin_shock_imf_bailout,indonesia,USDC
655,0.7300830956563077,3799807.258610976,290,S5_twin_shock_imf_bailout,indonesia,USDC
656,0.7600766259365054,3704812.077145702,290,S5_twin_shock_imf_bailout,indonesia,USDC
657,0.7824216191126876,3612191.775217059,290,S5_twin_shock_imf_bailout,indonesia,USDC
658,0.7859342429019852,3521886.9808366327,290,S5_twin_shock_imf_bailout,indonesia,USDC
659,0.8058463180701695,3433839.806315717,290,S5_twin_shock_imf_bailout,indonesia,USDC
660,0.7878342567777858,3347993.8111578235,290,S5_twin_shock_imf_bailout,indonesia,USDC
661,0.8052085633581914,3264293.9658788787,290,S5_twin_shock_imf_bailout,indonesia,USDC
662,0.7607170637580389,3182686.616731907,290,S5_twin_shock_imf_bailout,indonesia,USDC
663,0.7652826596106319,3103119.451313609,290,S5_twin_shock_imf_bailout,indonesia,USDC
664,0.7683667703393074,3025541.465030769,290,S5_twin_shock_imf_bailout,indonesia,USDC
665,0.7849459831576591,2949902.9284049994,290,S5_twin_shock_imf_bailout,indonesia,USDC
666,0.7784146864280707,2876155.3551948746,290,S5_twin_shock_imf_bailout,indonesia,USDC
667,0.781286839790865,2804251.4713150025,290,S5_twin_shock_imf_bailout,indonesia,USDC
668,0.7825340181826884,2734145.1845321273,290,S5_twin_shock_imf_bailout,indonesia,USDC
669,0.7678783894995503,2665791.554918824,290,S5_twin_shock_imf_bailout,indonesia,USDC
670,0.7600603774543989,2599146.7660458535,290,S5_twin_shock_imf_bailout,indonesia,USDC
671,0.7641290957559008,2534168.0968947075,290,S5_twin_shock_imf_bailout,indonesia,USDC
672,0.7863476406569238,2470813.8944723397,290,S5_twin_shock_imf_bailout,indonesia,USDC
673,0.8083316090849552,2409043.5471105315,290,S5_twin_shock_imf_bailout,indonesia,USDC
674,0.7931853639734048,2348817.458432768,290,S5_twin_shock_imf_bailout,indonesia,USDC
675,0.7841580354827787,2290097.0219719484,290,S5_twin_shock_imf_bailout,indonesia,USDC
676,0.7781182972993881,2232844.59642265,290,S5_twin_shock_imf_bailout,indonesia,USDC
677,0.7856943818528953,2177023.4815120837,290,S5_twin_shock_imf_bailout,indonesia,USDC
678,0.7975068201885459,2122597.894474282,290,S5_twin_shock_imf_bailout,indonesia,USDC
679,0.7607861300373135,2069532.9471124248,290,S5_twin_shock_imf_bailout,indonesia,USDC
680,0.7504708483474212,2017794.623434614,290,S5_twin_shock_imf_bailout,indonesia,USDC
681,0.7670834023823653,1967349.7578487487,290,S5_twin_shock_imf_bailout,indonesia,USDC
682,0.7898023757682695,1918166.01390253,290,S5_twin_shock_imf_bailout,indonesia,USDC
683,0.8105322828931251,1870211.8635549666,290,S5_twin_shock_imf_bailout,indonesia,USDC
684,0.8190507341513624,1823456.5669660927,290,S5_twin_shock_imf_bailout,indonesia,USDC
685,0.837513457029916,1777870.1527919401,290,S5_twin_shock_imf_bailout,indonesia,USDC
686,0.8401455228636149,1733423.398972142,290,S5_twin_shock_imf_bailout,indonesia,USDC
687,0.8518061347364252,1690087.8139978384,290,S5_twin_shock_imf_bailout,indonesia,USDC
688,0.8541187610772007,1647835.6186478925,290,S5_twin_shock_imf_bailout,indonesia,USDC
689,0.8489944625542808,1606639.728181695,290,S5_twin_shock_imf_bailout,indonesia,USDC
690,0.854428126774451,1566473.7349771527,290,S5_twin_shock_imf_bailout,indonesia,USDC
691,0.8667899851519892,1527311.8916027239,290,S5_twin_shock_imf_bailout,indonesia,USDC
692,0.8560865858540956,1489129.094312656,290,S5_twin_shock_imf_bailout,indonesia,USDC
693,0.8644636029939822,1451900.8669548396,290,S5_twin_shock_imf_bailout,indonesia,USDC
694,0.8681340789709067,1415603.3452809684,290,S5_twin_shock_imf_bailout,indonesia,USDC
695,0.8556648423423815,1380213.261648944,290,S5_twin_shock_imf_bailout,indonesia,USDC
696,0.8264369380106094,1345707.9301077207,290,S5_twin_shock_imf_bailout,indonesia,USDC
697,0.811291467204613,1312065.2318550276,290,S5_twin_shock_imf_bailout,indonesia,USDC
698,0.7957116083663335,1279263.601058652,290,S5_twin_shock_imf_bailout,indonesia,USDC
699,0.8001543654161994,1247282.0110321858,290,S5_twin_shock_imf_bailout,indonesia,USDC
700,0.794909834431766,1216099.960756381,290,S5_twin_shock_imf_bailout,indonesia,USDC
701,0.7906917995191411,1185697.4617374714,290,S5_twin_shock_imf_bailout,indonesia,USDC
702,0.8037967561581848,1156055.0251940347,290,S5_twin_shock_imf_bailout,indonesia,USDC
703,0.7954111858231795,1127153.6495641838,290,S5_twin_shock_imf_bailout,indonesia,USDC
704,0.792096374242214,1098974.8083250793,290,S5_twin_shock_imf_bailout,indonesia,USDC
705,0.8033718672807577,1071500.4381169523,290,S5_twin_shock_imf_bailout,indonesia,USDC
706,0.8177390002599947,1044712.9271640284,290,S5_twin_shock_imf_bailout,indonesia,USDC
707,0.8281204497867213,1018595.1039849278,290,S5_twin_shock_imf_bailout,indonesia,USDC
708,0.8643821504353395,993130.2263853045,290,S5_twin_shock_imf_bailout,indonesia,USDC
709,0.863493678921688,968301.9707256721,290,S5_twin_shock_imf_bailout,indonesia,USDC
710,0.8302938007414796,944094.4214575302,290,S5_twin_shock_imf_bailout,indonesia,USDC
711,0.8160629380506855,920492.0609210918,290,S5_twin_shock_imf_bailout,indonesia,USDC
712,0.8014037897769636,897479.7593980646,290,S5_twin_shock_imf_bailout,indonesia,USDC
713,0.7946606448355386,875042.7654131129,290,S5_twin_shock_imf_bailout,indonesia,USDC
714,0.7827456740731726,853166.6962777851,290,S5_twin_shock_imf_bailout,indonesia,USDC
715,0.7955873537164776,831837.5288708406,290,S5_twin_shock_imf_bailout,indonesia,USDC
716,0.8375321271632108,811041.5906490695,290,S5_twin_shock_imf_bailout,indonesia,USDC
717,0.8006035726368773,790765.5508828429,290,S5_twin_shock_imf_bailout,indonesia,USDC
718,0.7974592126236304,770996.4121107718,290,S5_twin_shock_imf_bailout,indonesia,USDC
719,0.7714729270418504,751721.5018080025,290,S5_twin_shock_imf_bailout,indonesia,USDC
720,0.7667023097307826,732928.4642628024,290,S5_twin_shock_imf_bailout,indonesia,USDC
721,0.7720485208621716,714605.2526562323,290,S5_twin_shock_imf_bailout,indonesia,USDC
722,0.7719571215868353,696740.1213398265,290,S5_twin_shock_imf_bailout,indonesia,USDC
723,0.7649911473042847,679321.6183063309,290,S5_twin_shock_imf_bailout,indonesia,USDC
724,0.7807362485981392,662338.5778486726,290,S5_twin_shock_imf_bailout,indonesia,USDC
725,0.780202295414559,645780.1134024558,290,S5_twin_shock_imf_bailout,indonesia,USDC
726,0.7656789891812725,629635.6105673944,290,S5_twin_shock_imf_bailout,indonesia,USDC
727,0.7709169373372872,613894.7203032095,290,S5_twin_shock_imf_bailout,indonesia,USDC
728,0.7978350876553865,598547.3522956293,290,S5_twin_shock_imf_bailout,indonesia,USDC
729,0.7694169708594027,583583.6684882386,290,S5_twin_shock_imf_bailout,indonesia,USDC
730,0.7670461978963956,568994.0767760326,290,S5_twin_shock_imf_bailout,indonesia,USDC
731,0.7613532534942561,554769.2248566317,290,S5_twin_shock_imf_bailout,indonesia,USDC
732,0.7518196445965892,540899.9942352159,290,S5_twin_shock_imf_bailout,indonesia,USDC
733,0.7273463467902582,527377.4943793355,290,S5_twin_shock_imf_bailout,indonesia,USDC
734,0.7305346158111254,514193.0570198522,290,S5_twin_shock_imf_bailout,indonesia,USDC
735,0.7341107958252727,501338.23059435585,290,S5_twin_shock_imf_bailout,indonesia,USDC
736,0.7583496310857214,488804.774829497,290,S5_twin_shock_imf_bailout,indonesia,USDC
737,0.7908231626413692,476584.6554587595,290,S5_twin_shock_imf_bailout,indonesia,USDC
738,0.7899801688403513,464670.0390722906,290,S5_twin_shock_imf_bailout,indonesia,USDC
739,0.7543479146008204,453053.2880954833,290,S5_twin_shock_imf_bailout,indonesia,USDC
740,0.745306929003676,441726.9558930962,290,S5_twin_shock_imf_bailout,indonesia,USDC
741,0.7555417307666805,430683.7819957688,290,S5_twin_shock_imf_bailout,indonesia,USDC
742,0.7531234266920421,419916.68744587456,290,S5_twin_shock_imf_bailout,indonesia,USDC
743,0.7448526775824542,409418.7702597277,290,S5_twin_shock_imf_bailout,indonesia,USDC
744,0.763328258465776,399183.30100323446,290,S5_twin_shock_imf_bailout,indonesia,USDC
745,0.7603202214134758,389203.7184781537,290,S5_twin_shock_imf_bailout,indonesia,USDC
746,0.7562081850909058,379473.62551619986,290,S5_twin_shock_imf_bailout,indonesia,USDC
747,0.7665957761209395,369986.7848782948,290,S5_twin_shock_imf_bailout,indonesia,USDC
748,0.7557995762228678,360737.11525633745,290,S5_twin_shock_imf_bailout,indonesia,USDC
749,0.7682233599793876,351718.687374929,290,S5_twin_shock_imf_bailout,indonesia,USDC
750,0.7689188365197434,342925.7201905558,290,S5_twin_shock_imf_bailout,indonesia,USDC
751,0.7758362763550022,334352.5771857919,290,S5_twin_shock_imf_bailout,indonesia,USDC
752,0.7778028443254721,325993.7627561471,290,S5_twin_shock_imf_bailout,indonesia,USDC
753,0.7676771433434522,317843.9186872434,290,S5_twin_shock_imf_bailout,indonesia,USDC
754,0.7920256895175,309897.82072006236,290,S5_twin_shock_imf_bailout,indonesia,USDC
755,0.8119239427143091,302150.3752020608,290,S5_twin_shock_imf_bailout,indonesia,USDC
756,0.8300235297735682,294596.6158220093,290,S5_twin_shock_imf_bailout,indonesia,USDC
757,0.8242627612829965,287231.700426459,290,S5_twin_shock_imf_bailout,indonesia,USDC
758,0.8196924478065809,280050.90791579755,290,S5_twin_shock_imf_bailout,indonesia,USDC
759,0.8372055248285701,273049.6352179026,290,S5_twin_shock_imf_bailout,indonesia,USDC
760,0.8113795145043372,266223.39433745504,290,S5_twin_shock_imf_bailout,indonesia,USDC
761,0.8207806410267556,259567.80947901867,290,S5_twin_shock_imf_bailout,indonesia,USDC
762,0.8250904721148262,253078.61424204323,290,S5_twin_shock_imf_bailout,indonesia,USDC
763,0.8363799352033899,246751.64888599215,290,S5_twin_shock_imf_bailout,indonesia,USDC
764,0.7139013177064847,240582.85766384233,290,S5_twin_shock_imf_bailout,indonesia,USDC
765,0.7205207117805189,234568.28622224627,290,S5_twin_shock_imf_bailout,indonesia,USDC
766,0.7651654286121746,228704.0790666901,290,S5_twin_shock_imf_bailout,indonesia,USDC
767,0.7681692646248105,222986.47709002285,290,S5_twin_shock_imf_bailout,indonesia,USDC
768,0.6768947700013771,217411.8151627723,290,S5_twin_shock_imf_bailout,indonesia,USDC
769,0.7011720221094849,211976.51978370297,290,S5_twin_shock_imf_bailout,indonesia,USDC
770,0.7170966224978356,206677.1067891104,290,S5_twin_shock_imf_bailout,indonesia,USDC
771,0.7169944981152825,201510.17911938264,290,S5_twin_shock_imf_bailout,indonesia,USDC
772,0.7154292645268701,196472.42464139807,290,S5_twin_shock_imf_bailout,indonesia,USDC
773,0.7413148139022854,191560.61402536312,290,S5_twin_shock_imf_bailout,indonesia,USDC
774,0.7388277130171461,186771.59867472903,290,S5_twin_shock_imf_bailout,indonesia,USDC
775,0.7421395985583187,182102.30870786082,290,S5_twin_shock_imf_bailout,indonesia,USDC
776,0.7343619700505182,177549.7509901643,290,S5_twin_shock_imf_bailout,indonesia,USDC
777,0.755700552737232,173111.00721541018,290,S5_twin_shock_imf_bailout,indonesia,USDC
778,0.7588953850804153,168783.2320350249,290,S5_twin_shock_imf_bailout,indonesia,USDC
779,0.7566748570335795,164563.6512341493,290,S5_twin_shock_imf_bailout,indonesia,USDC
780,0.7756878571984795,160449.55995329557,290,S5_twin_shock_imf_bailout,indonesia,USDC
781,0.7807984274208403,156438.32095446318,290,S5_twin_shock_imf_bailout,indonesia,USDC
782,0.8087871863143173,152527.36293060158,290,S5_twin_shock_imf_bailout,indonesia,USDC
783,0.8044402326875896,148714.17885733655,290,S5_twin_shock_imf_bailout,indonesia,USDC
784,0.7979257154338095,144996.32438590314,290,S5_twin_shock_imf_bailout,indonesia,USDC
785,0.7971500141182244,141371.41627625556,290,S5_twin_shock_imf_bailout,indonesia,USDC
786,0.7916516984792076,137837.13086934917,290,S5_twin_shock_imf_bailout,indonesia,USDC
787,0.801592337312012,134391.20259761543,290,S5_twin_shock_imf_bailout,indonesia,USDC
788,0.8233776033332176,131031.42253267505,290,S5_twin_shock_imf_bailout,indonesia,USDC
789,0.8533912587312981,127755.63696935817,290,S5_twin_shock_imf_bailout,indonesia,USDC
790,0.8463584343738221,124561.74604512421,290,S5_twin_shock_imf_bailout,indonesia,USDC
791,0.8385152173521052,121447.70239399609,290,S5_twin_shock_imf_bailout,indonesia,USDC
792,0.8240450334691922,118411.5098341462,290,S5_twin_shock_imf_bailout,indonesia,USDC
793,0.8036481672898522,115451.22208829253,290,S5_twin_shock_imf_bailout,indonesia,USDC
794,0.7999467217526989,112564.94153608523,290,S5_twin_shock_imf_bailout,indonesia,USDC
795,0.79729547591424,109750.8179976831,290,S5_twin_shock_imf_bailout,indonesia,USDC
796,0.8081323288655015,107007.04754774102,290,S5_twin_shock_imf_bailout,indonesia,USDC
797,0.7857521467725822,104331.87135904748,290,S5_twin_shock_imf_bailout,indonesia,USDC
798,0.7932653264993673,101723.57457507131,290,S5_twin_shock_imf_bailout,indonesia,USDC
799,0.7467025269834507,99180.48521069452,290,S5_twin_shock_imf_bailout,indonesia,USDC
800,0.7459222305735711,96700.97308042715,290,S5_twin_shock_imf_bailout,indonesia,USDC
801,0.7431300560901746,94283.44875341648,290,S5_twin_shock_imf_bailout,indonesia,USDC
802,0.747067701517184,91926.36253458106,290,S5_twin_shock_imf_bailout,indonesia,USDC
803,0.7868823680707281,89628.20347121653,290,S5_twin_shock_imf_bailout,indonesia,USDC
804,0.7786504913342198,87387.49838443613,290,S5_twin_shock_imf_bailout,indonesia,USDC
805,0.7846231886828013,85202.81092482521,290,S5_twin_shock_imf_bailout,indonesia,USDC
806,0.776432199798487,83072.74065170459,290,S5_twin_shock_imf_bailout,indonesia,USDC
807,0.7819353930437446,80995.92213541197,290,S5_twin_shock_imf_bailout,indonesia,USDC
808,0.7932631408169363,78971.02408202668,290,S5_twin_shock_imf_bailout,indonesia,USDC
809,0.795213080658685,76996.748479976,290,S5_twin_shock_imf_bailout,indonesia,USDC
810,0.7814844352398068,75071.82976797661,290,S5_twin_shock_imf_bailout,indonesia,USDC
811,0.7873261465296111,73195.03402377719,290,S5_twin_shock_imf_bailout,indonesia,USDC
812,0.7890668461296113,71365.15817318278,290,S5_twin_shock_imf_bailout,indonesia,USDC
813,0.7805787525969287,69581.02921885319,290,S5_twin_shock_imf_bailout,indonesia,USDC
814,0.7904870522553954,67841.50348838186,290,S5_twin_shock_imf_bailout,indonesia,USDC
815,0.7565128262052105,66145.46590117233,290,S5_twin_shock_imf_bailout,indonesia,USDC
816,0.7612682803472229,64491.82925364301,290,S5_twin_shock_imf_bailout,indonesia,USDC
817,0.7863215851247197,62879.53352230194,290,S5_twin_shock_imf_bailout,indonesia,USDC
818,0.7960625194735254,61307.545184244394,290,S5_twin_shock_imf_bailout,indonesia,USDC
819,0.795878189197795,59774.85655463829,290,S5_twin_shock_imf_bailout,indonesia,USDC
820,0.7955235623700366,58280.48514077233,290,S5_twin_shock_imf_bailout,indonesia,USDC
821,0.8208467142394046,56823.473012253016,290,S5_twin_shock_imf_bailout,indonesia,USDC
822,0.814654555694386,55402.88618694669,290,S5_twin_shock_imf_bailout,indonesia,USDC
823,0.8096553952697413,54017.81403227303,290,S5_twin_shock_imf_bailout,indonesia,USDC
824,0.791643597862102,52667.3686814662,290,S5_twin_shock_imf_bailout,indonesia,USDC
825,0.8045655474415147,51350.68446442955,290,S5_twin_shock_imf_bailout,indonesia,USDC
826,0.7946173703272156,50066.91735281881,290,S5_twin_shock_imf_bailout,indonesia,USDC
827,0.7926285235416084,48815.244418998336,290,S5_twin_shock_imf_bailout,indonesia,USDC
828,0.7859402133464786,47594.863308523374,290,S5_twin_shock_imf_bailout,indonesia,USDC
829,0.7956697267819469,46404.991725810294,290,S5_twin_shock_imf_bailout,indonesia,USDC
830,0.7780988337882362,45244.86693266504,290,S5_twin_shock_imf_bailout,indonesia,USDC
831,0.7650025372126661,44113.74525934841,290,S5_twin_shock_imf_bailout,indonesia,USDC
832,0.7471364498222746,43010.9016278647,290,S5_twin_shock_imf_bailout,indonesia,USDC
833,0.7654544941536339,41935.62908716808,290,S5_twin_shock_imf_bailout,indonesia,USDC
834,0.7952860434106986,40887.238359988885,290,S5_twin_shock_imf_bailout,indonesia,USDC
835,0.8190616560771602,39865.05740098916,290,S5_twin_shock_imf_bailout,indonesia,USDC
836,0.8191802019267891,38868.43096596443,290,S5_twin_shock_imf_bailout,indonesia,USDC
837,0.8067850616439982,37896.720191815315,290,S5_twin_shock_imf_bailout,indonesia,USDC
838,0.8160551342984078,36949.30218701993,290,S5_twin_shock_imf_bailout,indonesia,USDC
839,0.8105988344783668,36025.569632344435,290,S5_twin_shock_imf_bailout,indonesia,USDC
840,0.8170305948325343,35124.930391535825,290,S5_twin_shock_imf_bailout,indonesia,USDC
841,0.8105455967727835,34246.807131747424,290,S5_twin_shock_imf_bailout,indonesia,USDC
842,0.8044054694734316,33390.63695345374,290,S5_twin_shock_imf_bailout,indonesia,USDC
843,0.7888789219004267,32555.871029617396,290,S5_twin_shock_imf_bailout,indonesia,USDC
844,0.7995297319443819,31741.974253876964,290,S5_twin_shock_imf_bailout,indonesia,USDC
845,0.7875702317692658,30948.424897530036,290,S5_twin_shock_imf_bailout,indonesia,USDC
846,0.7779200934205681,30174.71427509179,290,S5_twin_shock_imf_bailout,indonesia,USDC
847,0.7937149942927968,29420.346418214493,290,S5_twin_shock_imf_bailout,indonesia,USDC
848,0.8008054075465337,28684.83775775913,290,S5_twin_shock_imf_bailout,indonesia,USDC
849,0.7974921088799238,27967.716813815154,290,S5_twin_shock_imf_bailout,indonesia,USDC
850,0.8235218451885996,27268.523893469774,290,S5_twin_shock_imf_bailout,indonesia,USDC
851,0.8226244516182325,26586.810796133028,290,S5_twin_shock_imf_bailout,indonesia,USDC
852,0.8275942310185813,25922.140526229705,290,S5_twin_shock_imf_bailout,indonesia,USDC
853,0.7995529718602217,25274.08701307396,290,S5_twin_shock_imf_bailout,indonesia,USDC
854,0.8084892123269308,24642.234837747106,290,S5_twin_shock_imf_bailout,indonesia,USDC
855,0.7943133626866424,24026.17896680343,290,S5_twin_shock_imf_bailout,indonesia,USDC
856,0.7799453976106195,23425.524492633347,290,S5_twin_shock_imf_bailout,indonesia,USDC
857,0.795642520909994,22839.88638031751,290,S5_twin_shock_imf_bailout,indonesia,USDC
858,0.7622416792443546,22268.889220809575,290,S5_twin_shock_imf_bailout,indonesia,USDC
859,0.7530974188701482,21712.166990289334,290,S5_twin_shock_imf_bailout,indonesia,USDC
860,0.7608217422290801,21169.362815532102,290,S5_twin_shock_imf_bailout,indonesia,USDC
861,0.7694739763638581,20640.1287451438,290,S5_twin_shock_imf_bailout,indonesia,USDC
862,0.7925082986087528,20124.125526515207,290,S5_twin_shock_imf_bailout,indonesia,USDC
863,0.8181128851492322,19621.022388352325,290,S5_twin_shock_imf_bailout,indonesia,USDC
864,0.7964575308222883,19130.496828643518,290,S5_twin_shock_imf_bailout,indonesia,USDC
865,0.8092637033928203,18652.234407927426,290,S5_twin_shock_imf_bailout,indonesia,USDC
866,0.810032774310066,18185.928547729243,290,S5_twin_shock_imf_bailout,indonesia,USDC
867,0.8060380060358465,17731.28033403601,290,S5_twin_shock_imf_bailout,indonesia,USDC
868,0.789989449180657,17287.998325685112,290,S5_twin_shock_imf_bailout,indonesia,USDC
869,0.7949471003875231,16855.798367542986,290,S5_twin_shock_imf_bailout,indonesia,USDC
870,0.7952161695688449,16434.40340835441,290,S5_twin_shock_imf_bailout,indonesia,USDC
871,0.8062793193486697,16023.54332314555,290,S5_twin_shock_imf_bailout,indonesia,USDC
872,0.8224129244972876,15622.95474006691,290,S5_twin_shock_imf_bailout,indonesia,USDC
873,0.8315471523295798,15232.38087156524,290,S5_twin_shock_imf_bailout,indonesia,USDC
874,0.8444659291018629,14851.571349776108,290,S5_twin_shock_imf_bailout,indonesia,USDC
875,0.8185882452676067,14480.282066031705,290,S5_twin_shock_imf_bailout,indonesia,USDC
876,0.8377414677216528,14118.275014380913,290,S5_twin_shock_imf_bailout,indonesia,USDC
877,0.8364858712125963,13765.31813902139,290,S5_twin_shock_imf_bailout,indonesia,USDC
878,0.8297596806930712,13421.185185545855,290,S5_twin_shock_imf_bailout,indonesia,USDC
879,0.8251838768128853,13085.655555907208,290,S5_twin_shock_imf_bailout,indonesia,USDC
880,0.8234389986084117,12758.514167009527,290,S5_twin_shock_imf_bailout,indonesia,USDC
881,0.8303152967790938,12439.55131283429,290,S5_twin_shock_imf_bailout,indonesia,USDC
882,0.8529632854772655,12128.56253001343,290,S5_twin_shock_imf_bailout,indonesia,USDC
883,0.8376202763725621,11825.348466763095,290,S5_twin_shock_imf_bailout,indonesia,USDC
884,0.8156941319355673,11529.714755094017,290,S5_twin_shock_imf_bailout,indonesia,USDC
885,0.8081585890105247,11241.471886216666,290,S5_twin_shock_imf_bailout,indonesia,USDC
886,0.8243052051211454,10960.435089061251,290,S5_twin_shock_imf_bailout,indonesia,USDC
887,0.8047348075064642,10686.42421183472,290,S5_twin_shock_imf_bailout,indonesia,USDC
888,0.7945801945905211,10419.263606538852,290,S5_twin_shock_imf_bailout,indonesia,USDC
889,0.7702951319640724,10158.782016375382,290,S5_twin_shock_imf_bailout,indonesia,USDC
890,0.766633277188194,9904.812465965997,290,S5_twin_shock_imf_bailout,indonesia,USDC
891,0.7623723649333428,9657.192154316846,290,S5_twin_shock_imf_bailout,indonesia,USDC
892,0.7519244568427113,9415.762350458926,290,S5_twin_shock_imf_bailout,indonesia,USDC
893,0.7766038081724514,9180.368291697452,290,S5_twin_shock_imf_bailout,indonesia,USDC
894,0.7883003961898812,8950.859084405016,290,S5_twin_shock_imf_bailout,indonesia,USDC
895,0.8019247131564984,8727.08760729489,290,S5_twin_shock_imf_bailout,indonesia,USDC
896,0.8127742894252594,8508.91041711252,290,S5_twin_shock_imf_bailout,indonesia,USDC
897,0.8094170147185231,8296.187656684706,290,S5_twin_shock_imf_bailout,indonesia,USDC
898,0.8003791014930978,8088.782965267589,290,S5_twin_shock_imf_bailout,indonesia,USDC
899,0.7967995307009383,7886.563391135899,290,S5_twin_shock_imf_bailout,indonesia,USDC
900,0.8061383819936276,7689.399306357502,290,S5_twin_shock_imf_bailout,indonesia,USDC
901,0.8158038452936964,7497.164323698565,290,S5_twin_shock_imf_bailout,indonesia,USDC
902,0.8273089319594014,7309.735215606101,290,S5_twin_shock_imf_bailout,indonesia,USDC
903,0.8341202692781116,7126.991835215948,290,S5_twin_shock_imf_bailout,indonesia,USDC
904,0.8333884930233111,6948.8170393355485,290,S5_twin_shock_imf_bailout,indonesia,USDC
905,0.8213653134783319,6775.096613352161,290,S5_twin_shock_imf_bailout,indonesia,USDC
906,0.816216513624504,6605.719198018356,290,S5_twin_shock_imf_bailout,indonesia,USDC
907,0.8419941981971778,6440.576218067898,290,S5_twin_shock_imf_bailout,indonesia,USDC
908,0.8131943112685482,6279.561812616201,290,S5_twin_shock_imf_bailout,indonesia,USDC
909,0.7749542433677425,6122.572767300795,290,S5_twin_shock_imf_bailout,indonesia,USDC
910,0.7707860230471687,5969.508448118275,290,S5_twin_shock_imf_bailout,indonesia,USDC
911,0.7614258922987267,5820.270736915318,290,S5_twin_shock_imf_bailout,indonesia,USDC
912,0.7617381262227987,5674.763968492435,290,S5_twin_shock_imf_bailout,indonesia,USDC
913,0.776118657118342,5532.894869280124,290,S5_twin_shock_imf_bailout,indonesia,USDC
914,0.790542468040982,5394.572497548122,290,S5_twin_shock_imf_bailout,indonesia,USDC
915,0.7743016673704988,5259.708185109418,290,S5_twin_shock_imf_bailout,indonesia,USDC
916,0.7887770152110026,5128.215480481683,290,S5_twin_shock_imf_bailout,indonesia,USDC
917,0.7779285347781654,5000.01009346964,290,S5_twin_shock_imf_bailout,indonesia,USDC
918,0.7840743478197683,4875.0098411329,290,S5_twin_shock_imf_bailout,indonesia,USDC
919,0.7840089619400713,4753.134595104577,290,S5_twin_shock_imf_bailout,indonesia,USDC
920,0.777492913027827,4634.306230226963,290,S5_twin_shock_imf_bailout,indonesia,USDC
921,0.7693958309947075,4518.448574471288,290,S5_twin_shock_imf_bailout,indonesia,USDC
922,0.7767206680496006,4405.487360109506,290,S5_twin_shock_imf_bailout,indonesia,USDC
923,0.7616092079923409,4295.350176106768,290,S5_twin_shock_imf_bailout,indonesia,USDC
924,0.7567283456822814,4187.966421704099,290,S5_twin_shock_imf_bailout,indonesia,USDC
925,0.7618406944052017,4083.2672611614967,290,S5_twin_shock_imf_bailout,indonesia,USDC
926,0.7781688228460718,3981.1855796324594,290,S5_twin_shock_imf_bailout,indonesia,USDC
927,0.7893397388200778,3881.655940141648,290,S5_twin_shock_imf_bailout,indonesia,USDC
928,0.8033724446010694,3784.614541638107,290,S5_twin_shock_imf_bailout,indonesia,USDC
929,0.7968984327480754,3689.999178097154,290,S5_twin_shock_imf_bailout,indonesia,USDC
930,0.8033736682301134,3597.7491986447253,290,S5_twin_shock_imf_bailout,indonesia,USDC
931,0.7860225298243014,3507.805468678607,290,S5_twin_shock_imf_bailout,indonesia,USDC
932,0.7837835801327635,3420.110331961642,290,S5_twin_shock_imf_bailout,indonesia,USDC
933,0.7865334584410401,3334.6075736626008,290,S5_twin_shock_imf_bailout,indonesia,USDC
934,0.8081601621066241,3251.242384321036,290,S5_twin_shock_imf_bailout,indonesia,USDC
935,0.7991797980941817,3169.96132471301,290,S5_twin_shock_imf_bailout,indonesia,USDC
936,0.7791728722839035,3090.712291595185,290,S5_twin_shock_imf_bailout,indonesia,USDC
937,0.8013528571474569,3013.444484305305,290,S5_twin_shock_imf_bailout,indonesia,USDC
938,0.7893922632741662,2938.1083721976725,290,S5_twin_shock_imf_bailout,indonesia,USDC
939,0.7924812325835572,2864.655662892731,290,S5_twin_shock_imf_bailout,indonesia,USDC
940,0.7992200678028392,2793.039271320413,290,S5_twin_shock_imf_bailout,indonesia,USDC
941,0.8083419491662448,2723.213289537402,290,S5_twin_shock_imf_bailout,indonesia,USDC
942,0.8305710622455448,2655.132957298967,290,S5_twin_shock_imf_bailout,indonesia,USDC
943,0.8382171419221528,2588.754633366493,290,S5_twin_shock_imf_bailout,indonesia,USDC
944,0.8336326117372231,2524.0357675323307,290,S5_twin_shock_imf_bailout,indonesia,USDC
945,0.856785144089814,2460.9348733440224,290,S5_twin_shock_imf_bailout,indonesia,USDC
946,0.8375650081662095,2399.4115015104217,290,S5_twin_shock_imf_bailout,indonesia,USDC
947,0.8284928453485615,2339.426213972661,290,S5_twin_shock_imf_bailout,indonesia,USDC
948,0.8069043387356188,2280.9405586233447,290,S5_twin_shock_imf_bailout,indonesia,USDC
949,0.8164371508947537,2223.917044657761,290,S5_twin_shock_imf_bailout,indonesia,USDC
950,0.8277853366385461,2168.319118541317,290,S5_twin_shock_imf_bailout,indonesia,USDC
951,0.8283624735566347,2114.111140577784,290,S5_twin_shock_imf_bailout,indonesia,USDC
952,0.7947816189556763,2061.2583620633395,290,S5_twin_shock_imf_bailout,indonesia,USDC
953,0.7865696509521264,2009.726903011756,290,S5_twin_shock_imf_bailout,indonesia,USDC
954,0.7821174218026723,1959.4837304364619,290,S5_twin_shock_imf_bailout,indonesia,USDC
955,0.7486974048329736,1910.4966371755504,290,S5_twin_shock_imf_bailout,indonesia,USDC
956,0.755934850942955,1862.7342212461617,290,S5_twin_shock_imf_bailout,indonesia,USDC
957,0.7503095186951467,1816.1658657150078,290,S5_twin_shock_imf_bailout,indonesia,USDC
958,0.7672616127950084,1770.7617190721326,290,S5_twin_shock_imf_bailout,indonesia,USDC
959,0.7861224326838424,1726.4926760953292,290,S5_twin_shock_imf_bailout,indonesia,USDC
960,0.7849304355183189,1683.3303591929462,290,S5_twin_shock_imf_bailout,indonesia,USDC
961,0.7983589938645825,1641.2471002131224,290,S5_twin_shock_imf_bailout,indonesia,USDC
962,0.8285274699315942,1600.2159227077943,290,S5_twin_shock_imf_bailout,indonesia,USDC
963,0.8274274026885854,1560.2105246400993,290,S5_twin_shock_imf_bailout,indonesia,USDC
964,0.8028205925522468,1521.2052615240968,290,S5_twin_shock_imf_bailout,indonesia,USDC
965,0.802099074205885,1483.1751299859948,290,S5_twin_shock_imf_bailout,indonesia,USDC
966,0.7997381622386455,1446.0957517363447,290,S5_twin_shock_imf_bailout,indonesia,USDC
967,0.8288268920212032,1409.943357942936,290,S5_twin_shock_imf_bailout,indonesia,USDC
968,0.8240954702529419,1374.6947739943625,290,S5_twin_shock_imf_bailout,indonesia,USDC
969,0.7838189431266883,1340.3274046445035,290,S5_twin_shock_imf_bailout,indonesia,USDC
970,0.7768647410638322,1306.819219528391,290,S5_twin_shock_imf_bailout,indonesia,USDC
971,0.7810123195410968,1274.1487390401812,290,S5_twin_shock_imf_bailout,indonesia,USDC
972,0.7966781981990159,1242.2950205641769,290,S5_twin_shock_imf_bailout,indonesia,USDC
973,0.7686054257226405,1211.2376450500724,290,S5_twin_shock_imf_bailout,indonesia,USDC
974,0.758541148872497,1180.9567039238204,290,S5_twin_shock_imf_bailout,indonesia,USDC
975,0.7719979098893013,1151.432786325725,290,S5_twin_shock_imf_bailout,indonesia,USDC
976,0.775863409561908,1122.646966667582,290,S5_twin_shock_imf_bailout,indonesia,USDC
977,0.7791313022011249,1094.5807925008924,290,S5_twin_shock_imf_bailout,indonesia,USDC
978,0.8113822192942902,1067.21627268837,290,S5_twin_shock_imf_bailout,indonesia,USDC
979,0.8024414652350949,1040.5358658711607,290,S5_twin_shock_imf_bailout,indonesia,USDC
980,0.8244387847908282,1014.5224692243819,290,S5_twin_shock_imf_bailout,indonesia,USDC
981,0.7994037429467539,989.1594074937723,290,S5_twin_shock_imf_bailout,indonesia,USDC
982,0.8142868694382016,964.430422306428,290,S5_twin_shock_imf_bailout,indonesia,USDC
983,0.8055347470073132,940.3196617487672,290,S5_twin_shock_imf_bailout,indonesia,USDC
984,0.7913023306017828,916.8116702050481,290,S5_twin_shock_imf_bailout,indonesia,USDC
985,0.786866245881573,893.8913784499218,290,S5_twin_shock_imf_bailout,indonesia,USDC
986,0.8099340166534145,871.5440939886739,290,S5_twin_shock_imf_bailout,indonesia,USDC
987,0.835802520393141,849.755491638957,290,S5_twin_shock_imf_bailout,indonesia,USDC
988,0.8266359397494503,828.511604347983,290,S5_twin_shock_imf_bailout,indonesia,USDC
989,0.8481017376262442,807.7988142392835,290,S5_twin_shock_imf_bailout,indonesia,USDC
990,0.8374189838077298,787.6038438833014,290,S5_twin_shock_imf_bailout,indonesia,USDC
991,0.8460679221596291,767.9137477862189,290,S5_twin_shock_imf_bailout,indonesia,USDC
992,0.8566452917705897,748.7159040915634,290,S5_twin_shock_imf_bailout,indonesia,USDC
993,0.8266384252929979,729.9980064892743,290,S5_twin_shock_imf_bailout,indonesia,USDC
994,0.8292177868864934,711.7480563270424,290,S5_twin_shock_imf_bailout,indonesia,USDC
995,0.8059439868550782,693.9543549188663,290,S5_twin_shock_imf_bailout,indonesia,USDC
996,0.8049138325557136,676.6054960458947,290,S5_twin_shock_imf_bailout,indonesia,USDC
997,0.8225512796683138,659.6903586447472,290,S5_twin_shock_imf_bailout,indonesia,USDC
998,0.8081595116214084,643.1980996786286,290,S5_twin_shock_imf_bailout,indonesia,USDC
999,0.7980078869997641,627.1181471866629,290,S5_twin_shock_imf_bailout,indonesia,USDC
1000,0.798884611063813,611.4401935069964,290,S5_twin_shock_imf_bailout,indonesia,USDC
