Step,price,liquidity,iteration,scenario,region,coin
1,0.9902846846162285,2989235801979.908,134,S5_twin_shock_imf_bailout,indonesia,USDC
2,0.9644147201358289,2989235801979.908,134,S5_twin_shock_imf_bailout,indonesia,USDC
3,0.980156726345299,2988908663678.9614,134,S5_twin_shock_imf_bailout,indonesia,USDC
4,0.8198950495767305,2988908663678.9614,134,S5_twin_shock_imf_bailout,indonesia,USDC
5,0.8483062248305806,2979721439520.755,134,S5_twin_shock_imf_bailout,indonesia,USDC
6,0.8646370909253634,2973497129187.873,134,S5_twin_shock_imf_bailout,indonesia,USDC
7,0.8720336585656998,2968689394967.1147,134,S5_twin_shock_imf_bailout,indonesia,USDC
8,0.8663928774684673,2964732424045.1074,134,S5_twin_shock_imf_bailout,indonesia,USDC
9,0.8785260611084766,2960940977785.556,134,S5_twin_shock_imf_bailout,indonesia,USDC
10,0.8730575277516545,2957951083647.215,134,S5_twin_shock_imf_bailout,indonesia,USDC
11,0.86691220386534,2955153333406.8813,134,S5_twin_shock_imf_bailout,indonesia,USDC
12,0.8907327686685959,2952423047924.537,134,S5_twin_shock_imf_bailout,indonesia,USDC
13,0.9130609374329568,2950585034964.718,134,S5_twin_shock_imf_bailout,indonesia,USDC
14,0.9047318996415439,2949331833611.439,134,S5_twin_shock_imf_bailout,indonesia,USDC
15,0.9178169240650017,2947979637931.714,134,S5_twin_shock_imf_bailout,indonesia,USDC
16,0.9386761441009865,2946971276060.8,134,S5_twin_shock_imf_bailout,indonesia,USDC
17,0.9493039852238981,2946427827476.2827,134,S5_twin_shock_imf_bailout,indonesia,USDC
18,0.9571729626675758,2946069077445.3687,134,S5_twin_shock_imf_bailout,indonesia,USDC
19,0.9389322646618387,2945853328422.817,134,S5_twin_shock_imf_bailout,indonesia,USDC
20,0.9673172972671167,2945350578424.4126,134,S5_twin_shock_imf_bailout,indonesia,USDC
21,0.9953449837369914,2945311282120.2705,134,S5_twin_shock_imf_bailout,indonesia,USDC
22,0.9938995559764867,2945311282120.2705,134,S5_twin_shock_imf_bailout,indonesia,USDC
23,0.9403665965984401,2945311282120.2705,134,S5_twin_shock_imf_bailout,indonesia,USDC
24,0.9505210377078017,2944820177802.8755,134,S5_twin_shock_imf_bailout,indonesia,USDC
25,0.9961354521680793,2944531387905.9604,134,S5_twin_shock_imf_bailout,indonesia,USDC
26,0.9788290798522435,2944531387905.9604,134,S5_twin_shock_imf_bailout,indonesia,USDC
27,0.980467633286374,2944531387905.9604,134,S5_twin_shock_imf_bailout,indonesia,USDC
28,0.9929477703832299,2944531387905.9604,134,S5_twin_shock_imf_bailout,indonesia,USDC
29,0.9959816598202933,2944531387905.9604,134,S5_twin_shock_imf_bailout,indonesia,USDC
30,0.9853448449176626,2944531387905.9604,134,S5_twin_shock_imf_bailout,indonesia,USDC
31,0.9694431267875396,2944531387905.9604,134,S5_twin_shock_imf_bailout,indonesia,USDC
32,0.9956049026292211,2944525544142.31,134,S5_twin_shock_imf_bailout,indonesia,USDC
33,0.98977694998,2944525544142.31,134,S5_twin_shock_imf_bailout,indonesia,USDC
34,0.9524311136550195,2944525544142.31,134,S5_twin_shock_imf_bailout,indonesia,USDC
35,0.9494101236268984,2944272327342.0303,134,S5_twin_shock_imf_bailout,indonesia,USDC
36,0.9607675352195612,2943970114567.7695,134,S5_twin_shock_imf_bailout,indonesia,USDC
37,0.9783641756292366,2943829873307.9434,134,S5_twin_shock_imf_bailout,indonesia,USDC
38,1.0182900561324546,2943829873307.9434,134,S5_twin_shock_imf_bailout,indonesia,USDC
39,0.998029992732845,2943829873307.9434,134,S5_twin_shock_imf_bailout,indonesia,USDC
40,0.9978331139936096,2943829873307.9434,134,S5_twin_shock_imf_bailout,indonesia,USDC
41,1.006623133245718,2943829873307.9434,134,S5_twin_shock_imf_bailout,indonesia,USDC
42,0.9912694745236529,2943829873307.9434,134,S5_twin_shock_imf_bailout,indonesia,USDC
43,0.9712715801547849,2943829873307.9434,134,S5_twin_shock_imf_bailout,indonesia,USDC
44,0.9876232429709472,2943829873307.9434,134,S5_twin_shock_imf_bailout,indonesia,USDC
45,0.9596341390377127,2943829873307.9434,134,S5_twin_shock_imf_bailout,indonesia,USDC
46,0.9543321927926602,2943680731838.482,134,S5_twin_shock_imf_bailout,indonesia,USDC
47,0.9391184953274678,2943455207388.2744,134,S5_twin_shock_imf_bailout,indonesia,USDC
48,0.944831549588038,2943013054220.135,134,S5_twin_shock_imf_bailout,indonesia,USDC
49,0.9228345669722908,2942665047790.1523,134,S5_twin_shock_imf_bailout,indonesia,USDC
50,0.909471888764044,2942025437957.5254,134,S5_twin_shock_imf_bailout,indonesia,USDC
51,0.9292948014692244,2941242916919.538,134,S5_twin_shock_imf_bailout,indonesia,USDC
52,0.922787859650323,2940762796499.4,134,S5_twin_shock_imf_bailout,indonesia,USDC
53,0.9271827450095824,2940240323108.724,134,S5_twin_shock_imf_bailout,indonesia,USDC
54,0.9630304173126373,2939754567039.425,134,S5_twin_shock_imf_bailout,indonesia,USDC
55,0.9651006241562679,2939685095653.0107,134,S5_twin_shock_imf_bailout,indonesia,USDC
56,0.9724584791361618,2939649643836.205,134,S5_twin_shock_imf_bailout,indonesia,USDC
57,0.9904027361532326,2939649643836.205,134,S5_twin_shock_imf_bailout,indonesia,USDC
58,1.0141101877167908,2939649643836.205,134,S5_twin_shock_imf_bailout,indonesia,USDC
59,1.0236580000391635,2939649643836.205,134,S5_twin_shock_imf_bailout,indonesia,USDC
60,1.0506789789787274,2939649643836.205,134,S5_twin_shock_imf_bailout,indonesia,USDC
61,1.0557874548543638,2939649643836.205,134,S5_twin_shock_imf_bailout,indonesia,USDC
62,1.0585370422268776,2939649643836.205,134,S5_twin_shock_imf_bailout,indonesia,USDC
63,1.0665545262657505,2939649643836.205,134,S5_twin_shock_imf_bailout,indonesia,USDC
64,1.0566918359451267,2939649643836.205,134,S5_twin_shock_imf_bailout,indonesia,USDC
65,1.051060056468756,2939649643836.205,134,S5_twin_shock_imf_bailout,indonesia,USDC
66,1.0689198606003687,2939649643836.205,134,S5_twin_shock_imf_bailout,indonesia,USDC
67,1.0428465446983137,2939649643836.205,134,S5_twin_shock_imf_bailout,indonesia,USDC
68,0.990857932700242,2939649643836.205,134,S5_twin_shock_imf_bailout,indonesia,USDC
69,1.0097027034841062,2939649643836.205,134,S5_twin_shock_imf_bailout,indonesia,USDC
70,1.0190117338868088,2939649643836.205,134,S5_twin_shock_imf_bailout,indonesia,USDC
71,0.9776539857924682,2939649643836.205,134,S5_twin_shock_imf_bailout,indonesia,USDC
72,0.9808168401625015,2939649643836.205,134,S5_twin_shock_imf_bailout,indonesia,USDC
73,1.0080420541455508,2939649643836.205,134,S5_twin_shock_imf_bailout,indonesia,USDC
74,1.0049040352955063,2939649643836.205,134,S5_twin_shock_imf_bailout,indonesia,USDC
75,1.0030174806455379,2939649643836.205,134,S5_twin_shock_imf_bailout,indonesia,USDC
76,0.9910173584260542,2939649643836.205,134,S5_twin_shock_imf_bailout,indonesia,USDC
77,0.9980274810672386,2939649643836.205,134,S5_twin_shock_imf_bailout,indonesia,USDC
78,0.9901180022533408,2939649643836.205,134,S5_twin_shock_imf_bailout,indonesia,USDC
79,0.982530141256003,2939649643836.205,134,S5_twin_shock_imf_bailout,indonesia,USDC
80,0.9874231435833368,2939649643836.205,134,S5_twin_shock_imf_bailout,indonesia,USDC
81,1.010046253608461,2939649643836.205,134,S5_twin_shock_imf_bailout,indonesia,USDC
82,0.9988556986605235,2939649643836.205,134,S5_twin_shock_imf_bailout,indonesia,USDC
83,1.0081623235435446,2939649643836.205,134,S5_twin_shock_imf_bailout,indonesia,USDC
84,0.9969440250120297,2939649643836.205,134,S5_twin_shock_imf_bailout,indonesia,USDC
85,0.9790230562719658,2939649643836.205,134,S5_twin_shock_imf_bailout,indonesia,USDC
86,1.0024123620744063,2939649643836.205,134,S5_twin_shock_imf_bailout,indonesia,USDC
87,1.0140955972415016,2939649643836.205,134,S5_twin_shock_imf_bailout,indonesia,USDC
88,1.0260590626123234,2939649643836.205,134,S5_twin_shock_imf_bailout,indonesia,USDC
89,1.0034546998198817,2939649643836.205,134,S5_twin_shock_imf_bailout,indonesia,USDC
90,0.975325719644528,2939649643836.205,134,S5_twin_shock_imf_bailout,indonesia,USDC
91,0.9902353610146164,2939649643836.205,134,S5_twin_shock_imf_bailout,indonesia,USDC
92,1.0001390067146805,2939649643836.205,134,S5_twin_shock_imf_bailout,indonesia,USDC
93,1.0165336352609353,2939649643836.205,134,S5_twin_shock_imf_bailout,indonesia,USDC
94,0.9954213375259846,2939649643836.205,134,S5_twin_shock_imf_bailout,indonesia,USDC
95,1.0164619059627427,2939649643836.205,134,S5_twin_shock_imf_bailout,indonesia,USDC
96,1.0520977765799981,2939649643836.205,134,S5_twin_shock_imf_bailout,indonesia,USDC
97,1.0491946672262225,2939649643836.205,134,S5_twin_shock_imf_bailout,indonesia,USDC
98,1.039391166817591,2939649643836.205,134,S5_twin_shock_imf_bailout,indonesia,USDC
99,1.016194758001655,2939649643836.205,134,S5_twin_shock_imf_bailout,indonesia,USDC
100,1.0220671882256243,2939649643836.205,134,S5_twin_shock_imf_bailout,indonesia,USDC
101,0.868959615204062,2939649643836.205,134,S5_twin_shock_imf_bailout,indonesia,USDC
102,0.9091795453685785,2938635224355.626,134,S5_twin_shock_imf_bailout,indonesia,USDC
103,0.9419770648196799,2938089869560.2734,134,S5_twin_shock_imf_bailout,indonesia,USDC
104,0.9513722879513439,2937842873111.4688,134,S5_twin_shock_imf_bailout,indonesia,USDC
105,0.9042879460906896,2937677584407.7354,134,S5_twin_shock_imf_bailout,indonesia,USDC
106,0.9179387511449859,2937133583766.5386,134,S5_twin_shock_imf_bailout,indonesia,USDC
107,0.9324352534077266,2936709698835.6143,134,S5_twin_shock_imf_bailout,indonesia,USDC
108,0.9866621544734151,2936428833599.6562,134,S5_twin_shock_imf_bailout,indonesia,USDC
109,0.9720678787316742,2936428833599.6562,134,S5_twin_shock_imf_bailout,indonesia,USDC
110,0.959207638303226,2936428833599.6562,134,S5_twin_shock_imf_bailout,indonesia,USDC
111,0.9624450619226336,2936348802879.103,134,S5_twin_shock_imf_bailout,indonesia,USDC
112,0.9622053063828729,2936307172089.4927,134,S5_twin_shock_imf_bailout,indonesia,USDC
113,0.9535665698684932,2936254896521.0244,134,S5_twin_shock_imf_bailout,indonesia,USDC
114,0.9507991285481042,2936135981263.573,134,S5_twin_shock_imf_bailout,indonesia,USDC
115,0.947250169125908,2936005179411.7915,134,S5_twin_shock_imf_bailout,indonesia,USDC
116,0.972364382714629,2935846414265.711,134,S5_twin_shock_imf_bailout,indonesia,USDC
117,1.012597974641302,2935846414265.711,134,S5_twin_shock_imf_bailout,indonesia,USDC
118,1.0338768329685677,2935846414265.711,134,S5_twin_shock_imf_bailout,indonesia,USDC
119,1.0412136378720822,2935846414265.711,134,S5_twin_shock_imf_bailout,indonesia,USDC
120,1.0201438070840225,2935846414265.711,134,S5_twin_shock_imf_bailout,indonesia,USDC
121,600000.9988431644,2862490253909.0684,134,S5_twin_shock_imf_bailout,indonesia,USDC
122,480001.95,2790959997561.3413,134,S5_twin_shock_imf_bailout,indonesia,USDC
123,384001.95,2721211597622.308,134,S5_twin_shock_imf_bailout,indonesia,USDC
124,307201.95,2653201787681.75,134,S5_twin_shock_imf_bailout,indonesia,USDC
125,245761.95,2586888126989.7065,134,S5_twin_shock_imf_bailout,indonesia,USDC
126,196609.95,2522229031014.964,134,S5_twin_shock_imf_bailout,indonesia,USDC
127,157288.35,2459183790999.59,134,S5_twin_shock_imf_bailout,indonesia,USDC
128,125831.06999999999,2397712584832.6,134,S5_twin_shock_imf_bailout,indonesia,USDC
129,100665.246,2337776481098.185,134,S5_twin_shock_imf_bailout,indonesia,USDC
130,80532.5868,2279337437779.85,134,S5_twin_shock_imf_bailout,indonesia,USDC
131,64426.45944,2222358296802.6504,134,S5_twin_shock_imf_bailout,indonesia,USDC
132,51541.557552,2166802775356.4207,134,S5_twin_shock_imf_bailout,indonesia,USDC
133,41233.6360416,2112635454751.5796,134,S5_twin_shock_imf_bailout,indonesia,USDC
134,32987.29883328,2059821767406.0454,134,S5_twin_shock_imf_bailout,indonesia,USDC
135,26390.229066624004,2008327982439.499,134,S5_twin_shock_imf_bailout,indonesia,USDC
136,21112.573253299208,1958121190253.395,134,S5_twin_shock_imf_bailout,indonesia,USDC
137,16890.448602639364,1909169286396.9673,134,S5_twin_shock_imf_bailout,indonesia,USDC
138,13512.748882111493,1861440954956.9683,134,S5_twin_shock_imf_bailout,indonesia,USDC
139,10810.589105689196,1814905651658.9844,134,S5_twin_shock_imf_bailout,indonesia,USDC
140,8648.861284551356,1769533586828.262,134,S5_twin_shock_imf_bailout,indonesia,USDC
141,6919.479027641083,1725295708326.1572,134,S5_twin_shock_imf_bailout,indonesia,USDC
142,5535.973222112866,1682163684552.8848,134,S5_twin_shock_imf_bailout,indonesia,USDC
143,4429.168577690293,1640109887586.968,134,S5_twin_shock_imf_bailout,indonesia,USDC
144,3543.724862152234,1599107376515.6177,134,S5_twin_shock_imf_bailout,indonesia,USDC
145,2835.3698897217873,1559129880997.3867,134,S5_twin_shock_imf_bailout,indonesia,USDC
146,2268.6859117774297,1520151785088.1794,134,S5_twin_shock_imf_bailout,indonesia,USDC
147,1815.338729421944,1482148111353.5571,134,S5_twin_shock_imf_bailout,indonesia,USDC
148,1452.6609835375552,1445094505283.7837,134,S5_twin_shock_imf_bailout,indonesia,USDC
149,1162.518786830044,1408967220022.9414,134,S5_twin_shock_imf_bailout,indonesia,USDC
150,930.4050294640354,1373743101419.3699,134,S5_twin_shock_imf_bailout,indonesia,USDC
151,744.7140235712283,1339399573401.4873,134,S5_twin_shock_imf_bailout,indonesia,USDC
152,596.1612188569826,1305914623680.5312,134,S5_twin_shock_imf_bailout,indonesia,USDC
153,477.3189750855861,1273266789779.783,134,S5_twin_shock_imf_bailout,indonesia,USDC
154,382.24518006846887,1241435145388.3005,134,S5_twin_shock_imf_bailout,indonesia,USDC
155,306.1861440547751,1210399287036.0024,134,S5_twin_shock_imf_bailout,indonesia,USDC
156,245.3389152438201,1180139321086.0303,134,S5_twin_shock_imf_bailout,indonesia,USDC
157,196.66113219505607,1150635851039.6216,134,S5_twin_shock_imf_bailout,indonesia,USDC
158,157.71890575604485,1121869965148.2249,134,S5_twin_shock_imf_bailout,indonesia,USDC
159,126.5651246048359,1093823224327.1942,134,S5_twin_shock_imf_bailout,indonesia,USDC
160,101.64209968386872,1066477650365.1543,134,S5_twin_shock_imf_bailout,indonesia,USDC
161,81.70367974709498,1039815714422.9375,134,S5_twin_shock_imf_bailout,indonesia,USDC
162,65.75294379767598,1013820325815.8938,134,S5_twin_shock_imf_bailout,indonesia,USDC
163,52.99235503814079,988474821073.3201,134,S5_twin_shock_imf_bailout,indonesia,USDC
164,42.78388403051264,963762953268.7458,134,S5_twin_shock_imf_bailout,indonesia,USDC
165,34.61710722441011,939668881614.8345,134,S5_twin_shock_imf_bailout,indonesia,USDC
166,28.083685779528086,916177161316.7092,134,S5_twin_shock_imf_bailout,indonesia,USDC
167,22.85694862362247,893272733677.5883,134,S5_twin_shock_imf_bailout,indonesia,USDC
168,18.675558898897975,870940916450.6858,134,S5_twin_shock_imf_bailout,indonesia,USDC
169,15.330447119118379,849167394431.4484,134,S5_twin_shock_imf_bailout,indonesia,USDC
170,12.654357695294703,827938210284.286,134,S5_twin_shock_imf_bailout,indonesia,USDC
171,10.513486156235762,807239755598.0779,134,S5_twin_shock_imf_bailout,indonesia,USDC
172,8.800788924988609,787058762164.8452,134,S5_twin_shock_imf_bailout,indonesia,USDC
173,7.430631139990888,767382293476.0995,134,S5_twin_shock_imf_bailout,indonesia,USDC
174,6.334504911992711,748197736431.4973,134,S5_twin_shock_imf_bailout,indonesia,USDC
175,5.457603929594168,729492793254.55,134,S5_twin_shock_imf_bailout,indonesia,USDC
176,4.756083143675334,711255473610.2585,134,S5_twin_shock_imf_bailout,indonesia,USDC
177,4.1948665149402675,693474086919.6598,134,S5_twin_shock_imf_bailout,indonesia,USDC
178,3.745893211952214,676137234866.3945,134,S5_twin_shock_imf_bailout,indonesia,USDC
179,3.3867145695617715,659233804090.5157,134,S5_twin_shock_imf_bailout,indonesia,USDC
180,3.099371655649417,642752959064.8776,134,S5_twin_shock_imf_bailout,indonesia,USDC
181,2.8694973245195334,626684135149.5555,134,S5_twin_shock_imf_bailout,indonesia,USDC
182,2.685597859615627,611017031819.8564,134,S5_twin_shock_imf_bailout,indonesia,USDC
183,2.5384782876925014,595741606063.592,134,S5_twin_shock_imf_bailout,indonesia,USDC
184,2.420782630154001,580848065943.3876,134,S5_twin_shock_imf_bailout,indonesia,USDC
185,2.326626104123201,566326864319.9114,134,S5_twin_shock_imf_bailout,indonesia,USDC
186,2.2513008832985606,552168692732.0002,134,S5_twin_shock_imf_bailout,indonesia,USDC
187,2.1910407066388484,538364475429.76965,134,S5_twin_shock_imf_bailout,indonesia,USDC
188,2.1428325653110787,524905363556.88086,134,S5_twin_shock_imf_bailout,indonesia,USDC
189,2.065549822713013,511782729478.24316,134,S5_twin_shock_imf_bailout,indonesia,USDC
190,2.001596551752064,498988161249.51465,134,S5_twin_shock_imf_bailout,indonesia,USDC
191,1.9793580258368368,486513457224.8587,134,S5_twin_shock_imf_bailout,indonesia,USDC
192,1.9183500284776533,474350620799.5029,134,S5_twin_shock_imf_bailout,indonesia,USDC
193,1.7765786947074131,462491855283.7279,134,S5_twin_shock_imf_bailout,indonesia,USDC
194,1.720402166348021,450929558905.0047,134,S5_twin_shock_imf_bailout,indonesia,USDC
195,1.6082870451631093,439656319935.07556,134,S5_twin_shock_imf_bailout,indonesia,USDC
196,1.535810933167901,428664911938.85535,134,S5_twin_shock_imf_bailout,indonesia,USDC
197,1.5087034270581041,417948289142.10944,134,S5_twin_shock_imf_bailout,indonesia,USDC
198,1.4502598880845126,407499581914.937,134,S5_twin_shock_imf_bailout,indonesia,USDC
199,1.374376668966322,397312092368.16785,134,S5_twin_shock_imf_bailout,indonesia,USDC
200,1.3465160262310238,387379290059.8471,134,S5_twin_shock_imf_bailout,indonesia,USDC
201,1.2544349916109592,377694807809.0577,134,S5_twin_shock_imf_bailout,indonesia,USDC
202,1.171115586852911,368252437614.3966,134,S5_twin_shock_imf_bailout,indonesia,USDC
203,1.1266341182346618,359046126674.489,134,S5_twin_shock_imf_bailout,indonesia,USDC
204,1.0750964666746,350069973507.98865,134,S5_twin_shock_imf_bailout,indonesia,USDC
205,1.0527977106749522,341318224170.5784,134,S5_twin_shock_imf_bailout,indonesia,USDC
206,1.036047905913462,332785268566.54553,134,S5_twin_shock_imf_bailout,indonesia,USDC
207,1.0198912422536943,324465636852.56714,134,S5_twin_shock_imf_bailout,indonesia,USDC
208,1.0323656262537395,316353995931.4012,134,S5_twin_shock_imf_bailout,indonesia,USDC
209,0.9911280610171397,308445146033.23474,134,S5_twin_shock_imf_bailout,indonesia,USDC
210,0.9499343158793336,300734017382.4987,134,S5_twin_shock_imf_bailout,indonesia,USDC
211,0.946203596772804,293082336745.41235,134,S5_twin_shock_imf_bailout,indonesia,USDC
212,0.9428699819011052,285612045047.117,134,S5_twin_shock_imf_bailout,indonesia,USDC
213,0.9140880731534347,278311275506.4116,134,S5_twin_shock_imf_bailout,indonesia,USDC
214,0.9261844926184583,271024911615.32568,134,S5_twin_shock_imf_bailout,indonesia,USDC
215,0.751777714707687,263999908084.35693,134,S5_twin_shock_imf_bailout,indonesia,USDC
216,0.7491270837472455,256178236261.58124,134,S5_twin_shock_imf_bailout,indonesia,USDC
217,0.7539425093494607,248815447333.0456,134,S5_twin_shock_imf_bailout,indonesia,USDC
218,0.762774191072193,241871080297.59766,134,S5_twin_shock_imf_bailout,indonesia,USDC
219,0.7943277150115602,235294937652.97498,134,S5_twin_shock_imf_bailout,indonesia,USDC
220,0.8007818373831986,229072068375.17307,134,S5_twin_shock_imf_bailout,indonesia,USDC
221,0.7806121223266692,223067537676.0111,134,S5_twin_shock_imf_bailout,indonesia,USDC
222,0.8083463043803085,217226819766.32123,134,S5_twin_shock_imf_bailout,indonesia,USDC
223,0.8023286144379446,211617700686.95728,134,S5_twin_shock_imf_bailout,indonesia,USDC
224,0.7987669960552722,206171785308.26163,134,S5_twin_shock_imf_bailout,indonesia,USDC
225,0.7890398391723022,200882320171.50934,134,S5_twin_shock_imf_bailout,indonesia,USDC
226,0.7951829255194635,195742144625.74258,134,S5_twin_shock_imf_bailout,indonesia,USDC
227,0.7807577750827092,190755358074.09076,134,S5_twin_shock_imf_bailout,indonesia,USDC
228,0.7669253420771354,185901743943.26804,134,S5_twin_shock_imf_bailout,indonesia,USDC
229,0.7770841212929777,181183818306.08716,134,S5_twin_shock_imf_bailout,indonesia,USDC
230,0.7840450115083459,176600828530.56415,134,S5_twin_shock_imf_bailout,indonesia,USDC
231,0.7759213679822634,172143367797.63223,134,S5_twin_shock_imf_bailout,indonesia,USDC
232,0.764958022171222,167805215490.32425,134,S5_twin_shock_imf_bailout,indonesia,USDC
233,0.7657302985219487,163578633922.1302,134,S5_twin_shock_imf_bailout,indonesia,USDC
234,0.7665765631825063,159465406717.74084,134,S5_twin_shock_imf_bailout,indonesia,USDC
235,0.767797558733381,155459147526.03653,134,S5_twin_shock_imf_bailout,indonesia,USDC
236,0.7834698613359652,151557848610.41553,134,S5_twin_shock_imf_bailout,indonesia,USDC
237,0.8048699591403499,147757977664.29742,134,S5_twin_shock_imf_bailout,indonesia,USDC
238,0.7812141540356647,144056306670.95337,134,S5_twin_shock_imf_bailout,indonesia,USDC
239,0.7681730594512051,140447318967.56467,134,S5_twin_shock_imf_bailout,indonesia,USDC
240,0.7700877452631943,136929289647.3447,134,S5_twin_shock_imf_bailout,indonesia,USDC
241,0.7436907644344602,133500786672.01825,134,S5_twin_shock_imf_bailout,indonesia,USDC
242,0.7540561486600317,130158508949.35037,134,S5_twin_shock_imf_bailout,indonesia,USDC
243,0.7663446686320385,126901115139.88133,134,S5_twin_shock_imf_bailout,indonesia,USDC
244,0.7772299142638248,123726042454.83907,134,S5_twin_shock_imf_bailout,indonesia,USDC
245,0.7761769402476576,120630893504.47241,134,S5_twin_shock_imf_bailout,indonesia,USDC
246,0.7760747023384978,117613511578.09286,134,S5_twin_shock_imf_bailout,indonesia,USDC
247,0.7835594530195285,114671885144.64066,134,S5_twin_shock_imf_bailout,indonesia,USDC
248,0.7731203560682041,111804116143.97101,134,S5_twin_shock_imf_bailout,indonesia,USDC
249,0.766865901018512,109008180388.97974,134,S5_twin_shock_imf_bailout,indonesia,USDC
250,0.7493259987450018,106282273844.76025,134,S5_twin_shock_imf_bailout,indonesia,USDC
251,0.7865849420796824,103624624987.23596,134,S5_twin_shock_imf_bailout,indonesia,USDC
252,0.784163168639454,101033635091.1257,134,S5_twin_shock_imf_bailout,indonesia,USDC
253,0.7730775895325847,98507484243.41263,134,S5_twin_shock_imf_bailout,indonesia,USDC
254,0.7440374246962576,96044529097.33298,134,S5_twin_shock_imf_bailout,indonesia,USDC
255,0.7358693976305992,93643158224.38947,134,S5_twin_shock_imf_bailout,indonesia,USDC
256,0.7372031587367579,91301874498.32626,134,S5_twin_shock_imf_bailout,indonesia,USDC
257,0.7341760010434812,89019173176.16313,134,S5_twin_shock_imf_bailout,indonesia,USDC
258,0.7341106423365659,86793581632.61493,134,S5_twin_shock_imf_bailout,indonesia,USDC
259,0.742302546195534,84623655597.16525,134,S5_twin_shock_imf_bailout,indonesia,USDC
260,0.7466540725861328,82507999891.3853,134,S5_twin_shock_imf_bailout,indonesia,USDC
261,0.7823603420605812,80445250785.01985,134,S5_twin_shock_imf_bailout,indonesia,USDC
262,0.7668047403229815,78434085276.49164,134,S5_twin_shock_imf_bailout,indonesia,USDC
263,0.7665618510739788,76473203824.80653,134,S5_twin_shock_imf_bailout,indonesia,USDC
264,0.7604887090052009,74561350407.83385,134,S5_twin_shock_imf_bailout,indonesia,USDC
265,0.7595147503975065,72697297920.34305,134,S5_twin_shock_imf_bailout,indonesia,USDC
266,0.756992476630289,70879849981.0327,134,S5_twin_shock_imf_bailout,indonesia,USDC
267,0.7435711804028163,69107842156.58643,134,S5_twin_shock_imf_bailout,indonesia,USDC
268,0.773987028723712,67380135941.465546,134,S5_twin_shock_imf_bailout,indonesia,USDC
269,0.7899763865149089,65695625910.0793,134,S5_twin_shock_imf_bailout,indonesia,USDC
270,0.7829823444266493,64053230153.03066,134,S5_twin_shock_imf_bailout,indonesia,USDC
271,0.8076019123746617,62451895243.62919,134,S5_twin_shock_imf_bailout,indonesia,USDC
272,0.7857767712250932,60890594928.06339,134,S5_twin_shock_imf_bailout,indonesia,USDC
273,0.7736318444524695,59368327143.28527,134,S5_twin_shock_imf_bailout,indonesia,USDC
274,0.7495162382462072,57884116549.73793,134,S5_twin_shock_imf_bailout,indonesia,USDC
275,0.7457857460087817,56437011491.23851,134,S5_twin_shock_imf_bailout,indonesia,USDC
276,0.7611998725349803,55026084490.30454,134,S5_twin_shock_imf_bailout,indonesia,USDC
277,0.8070559044077149,53650431107.16237,134,S5_twin_shock_imf_bailout,indonesia,USDC
278,0.7979082057782136,52309169544.1038,134,S5_twin_shock_imf_bailout,indonesia,USDC
279,0.8208487820202452,51001439622.60686,134,S5_twin_shock_imf_bailout,indonesia,USDC
280,0.8149045324973098,49726403129.14747,134,S5_twin_shock_imf_bailout,indonesia,USDC
281,0.8226849369248036,48483242614.37854,134,S5_twin_shock_imf_bailout,indonesia,USDC
282,0.8056367611649955,47271161181.30847,134,S5_twin_shock_imf_bailout,indonesia,USDC
283,0.7926349310087459,46089381803.57996,134,S5_twin_shock_imf_bailout,indonesia,USDC
284,0.7940544930411151,44937146950.29663,134,S5_twin_shock_imf_bailout,indonesia,USDC
285,0.7604632047598074,43813718014.82858,134,S5_twin_shock_imf_bailout,indonesia,USDC
286,0.7860732603645306,42718374809.3158,134,S5_twin_shock_imf_bailout,indonesia,USDC
287,0.7760277130489183,41650415263.50369,134,S5_twin_shock_imf_bailout,indonesia,USDC
288,0.7525925814537264,40609154734.54727,134,S5_twin_shock_imf_bailout,indonesia,USDC
289,0.7590346234758042,39593925738.71639,134,S5_twin_shock_imf_bailout,indonesia,USDC
290,0.7377168708095898,38604077495.62709,134,S5_twin_shock_imf_bailout,indonesia,USDC
291,0.7223085890318737,37638975473.29378,134,S5_twin_shock_imf_bailout,indonesia,USDC
292,0.7347501478481941,36698001012.15471,134,S5_twin_shock_imf_bailout,indonesia,USDC
293,0.7205585184322525,35780550936.326614,134,S5_twin_shock_imf_bailout,indonesia,USDC
294,0.7578155047100218,34886037120.93307,134,S5_twin_shock_imf_bailout,indonesia,USDC
295,0.7699718864579906,34013886165.745552,134,S5_twin_shock_imf_bailout,indonesia,USDC
296,0.7599641932804639,33163538992.745995,134,S5_twin_shock_imf_bailout,indonesia,USDC
297,0.7792606049480558,32334450501.97013,134,S5_twin_shock_imf_bailout,indonesia,USDC
298,0.7836783638095723,31526089227.89702,134,S5_twin_shock_imf_bailout,indonesia,USDC
299,0.7967133892588059,30737936987.841766,134,S5_twin_shock_imf_bailout,indonesia,USDC
300,0.8074282998619251,29969488556.196728,134,S5_twin_shock_imf_bailout,indonesia,USDC
301,0.7997466879132679,29220251336.6514,134,S5_twin_shock_imf_bailout,indonesia,USDC
302,0.8224789089730561,28489745048.297554,134,S5_twin_shock_imf_bailout,indonesia,USDC
303,0.8018798650957416,27777501418.4713,134,S5_twin_shock_imf_bailout,indonesia,USDC
304,0.7935686447971462,27083063879.644737,134,S5_twin_shock_imf_bailout,indonesia,USDC
305,0.7921680547368694,26405987279.659492,134,S5_twin_shock_imf_bailout,indonesia,USDC
306,0.8100693543884984,25745837595.28289,134,S5_twin_shock_imf_bailout,indonesia,USDC
307,0.8129147008764831,25102191653.55109,134,S5_twin_shock_imf_bailout,indonesia,USDC
308,0.8000940456780351,24474636860.660507,134,S5_twin_shock_imf_bailout,indonesia,USDC
309,0.8015709419372412,23862770937.76356,134,S5_twin_shock_imf_bailout,indonesia,USDC
310,0.8163772621764167,23266201663.186478,134,S5_twin_shock_imf_bailout,indonesia,USDC
311,0.7861000910413437,22684546620.749924,134,S5_twin_shock_imf_bailout,indonesia,USDC
312,0.8045415950327169,22117432954.382545,134,S5_twin_shock_imf_bailout,indonesia,USDC
313,0.7865434273394557,21564497129.911217,134,S5_twin_shock_imf_bailout,indonesia,USDC
314,0.7733332879877844,21025384701.058243,134,S5_twin_shock_imf_bailout,indonesia,USDC
315,0.7879015183261057,20499750083.005722,134,S5_twin_shock_imf_bailout,indonesia,USDC
316,0.7792755942250073,19987256330.54943,134,S5_twin_shock_imf_bailout,indonesia,USDC
317,0.7543260827694621,19487574921.973106,134,S5_twin_shock_imf_bailout,indonesia,USDC
318,0.7451103533115839,19000385548.624237,134,S5_twin_shock_imf_bailout,indonesia,USDC
319,0.7582052996098809,18525375909.673454,134,S5_twin_shock_imf_bailout,indonesia,USDC
320,0.7499157967765154,18062241511.751915,134,S5_twin_shock_imf_bailout,indonesia,USDC
321,0.7607946293943934,17610685473.811344,134,S5_twin_shock_imf_bailout,indonesia,USDC
322,0.7821837666941945,17170418336.861607,134,S5_twin_shock_imf_bailout,indonesia,USDC
323,0.7549927284108765,16741157878.360834,134,S5_twin_shock_imf_bailout,indonesia,USDC
324,0.7673328266000561,16322628931.331318,134,S5_twin_shock_imf_bailout,indonesia,USDC
325,0.73811669038482,15914563207.994942,134,S5_twin_shock_imf_bailout,indonesia,USDC
326,0.7430145466228288,15516699127.748516,134,S5_twin_shock_imf_bailout,indonesia,USDC
327,0.7274016126518997,15128781649.518852,134,S5_twin_shock_imf_bailout,indonesia,USDC
328,0.7521972295123299,14750562108.251078,134,S5_twin_shock_imf_bailout,indonesia,USDC
329,0.756975744492294,14381798055.523674,134,S5_twin_shock_imf_bailout,indonesia,USDC
330,0.7792837908598345,14022253104.120472,134,S5_twin_shock_imf_bailout,indonesia,USDC
331,0.7939072470306426,13671696776.506502,134,S5_twin_shock_imf_bailout,indonesia,USDC
332,0.7880729531782104,13329904357.085487,134,S5_twin_shock_imf_bailout,indonesia,USDC
333,0.7807375537029111,12996656748.15154,134,S5_twin_shock_imf_bailout,indonesia,USDC
334,0.7736353657642335,12671740329.441675,134,S5_twin_shock_imf_bailout,indonesia,USDC
335,0.7908284485860795,12354946821.200548,134,S5_twin_shock_imf_bailout,indonesia,USDC
336,0.7945512609134852,12046073150.666876,134,S5_twin_shock_imf_bailout,indonesia,USDC
337,0.7812033990963473,11744921321.897146,134,S5_twin_shock_imf_bailout,indonesia,USDC
338,0.795527628975478,11451298288.847021,134,S5_twin_shock_imf_bailout,indonesia,USDC
339,0.79185114277105,11165015831.62384,134,S5_twin_shock_imf_bailout,indonesia,USDC
340,0.7891182286312575,10885890435.831661,134,S5_twin_shock_imf_bailout,indonesia,USDC
341,0.8097273630157442,10613743174.934542,134,S5_twin_shock_imf_bailout,indonesia,USDC
342,0.7950255582065758,10348399595.560146,134,S5_twin_shock_imf_bailout,indonesia,USDC
343,0.7973862832782859,10089689605.670204,134,S5_twin_shock_imf_bailout,indonesia,USDC
344,0.8112742266150079,9837447365.527721,134,S5_twin_shock_imf_bailout,indonesia,USDC
345,0.7869424364967645,9591511181.388983,134,S5_twin_shock_imf_bailout,indonesia,USDC
346,0.7878006246383364,9351723401.853714,134,S5_twin_shock_imf_bailout,indonesia,USDC
347,0.8027334627195859,9117930316.806938,134,S5_twin_shock_imf_bailout,indonesia,USDC
348,0.7619323922625982,8889982058.886423,134,S5_twin_shock_imf_bailout,indonesia,USDC
349,0.7478269305373814,8667732507.413908,134,S5_twin_shock_imf_bailout,indonesia,USDC
350,0.7695717935883122,8451039194.728258,134,S5_twin_shock_imf_bailout,indonesia,USDC
351,0.7821212756806535,8239763214.85984,134,S5_twin_shock_imf_bailout,indonesia,USDC
352,0.790344708271491,8033769134.488192,134,S5_twin_shock_imf_bailout,indonesia,USDC
353,0.7839638248411926,7832924906.125866,134,S5_twin_shock_imf_bailout,indonesia,USDC
354,0.8019572739944872,7637101783.472622,134,S5_twin_shock_imf_bailout,indonesia,USDC
355,0.7871924548888896,7446174238.88573,134,S5_twin_shock_imf_bailout,indonesia,USDC
356,0.7705269365070613,7260019882.913521,134,S5_twin_shock_imf_bailout,indonesia,USDC
357,0.7752600912148128,7078519385.840624,134,S5_twin_shock_imf_bailout,indonesia,USDC
358,0.7747008724879824,6901556401.194561,134,S5_twin_shock_imf_bailout,indonesia,USDC
359,0.7900815449052875,6729017491.164662,134,S5_twin_shock_imf_bailout,indonesia,USDC
360,0.779993773084248,6560792053.885517,134,S5_twin_shock_imf_bailout,indonesia,USDC
361,0.797279071173683,6396772252.538356,134,S5_twin_shock_imf_bailout,indonesia,USDC
362,0.7865699898581362,6236852946.224879,134,S5_twin_shock_imf_bailout,indonesia,USDC
363,0.7732551703836171,6080931622.5692425,134,S5_twin_shock_imf_bailout,indonesia,USDC
364,0.783502985602203,5928908332.004997,134,S5_twin_shock_imf_bailout,indonesia,USDC
365,0.7853722914760981,5780685623.704863,134,S5_twin_shock_imf_bailout,indonesia,USDC
366,0.7619278555644595,5636168483.112232,134,S5_twin_shock_imf_bailout,indonesia,USDC
367,0.7717136727623641,5495264271.03442,134,S5_twin_shock_imf_bailout,indonesia,USDC
368,0.7855823094540929,5357882664.2585535,134,S5_twin_shock_imf_bailout,indonesia,USDC
369,0.7533506592438621,5223935597.652085,134,S5_twin_shock_imf_bailout,indonesia,USDC
370,0.749887940611537,5093337207.710779,134,S5_twin_shock_imf_bailout,indonesia,USDC
371,0.7615749507208123,4966003777.518006,134,S5_twin_shock_imf_bailout,indonesia,USDC
372,0.7523503881454697,4841853683.080053,134,S5_twin_shock_imf_bailout,indonesia,USDC
373,0.7332308789171736,4720807341.00305,134,S5_twin_shock_imf_bailout,indonesia,USDC
374,0.7434714947427878,4602787157.477972,134,S5_twin_shock_imf_bailout,indonesia,USDC
375,0.7447123160261211,4487717478.541021,134,S5_twin_shock_imf_bailout,indonesia,USDC
376,0.7479823788587069,4375524541.577496,134,S5_twin_shock_imf_bailout,indonesia,USDC
377,0.7388247956245965,4266136428.0380573,134,S5_twin_shock_imf_bailout,indonesia,USDC
378,0.7321904749286149,4159483017.337105,134,S5_twin_shock_imf_bailout,indonesia,USDC
379,0.7247066414803748,4055495941.9036765,134,S5_twin_shock_imf_bailout,indonesia,USDC
380,0.7482569086705407,3954108543.356084,134,S5_twin_shock_imf_bailout,indonesia,USDC
381,0.7598004935619194,3855255829.7721825,134,S5_twin_shock_imf_bailout,indonesia,USDC
382,0.7539159710362413,3758874434.027878,134,S5_twin_shock_imf_bailout,indonesia,USDC
383,0.7782839146121924,3664902573.177181,134,S5_twin_shock_imf_bailout,indonesia,USDC
384,0.7828119059591734,3573280008.847751,134,S5_twin_shock_imf_bailout,indonesia,USDC
385,0.7800360040765362,3483948008.626558,134,S5_twin_shock_imf_bailout,indonesia,USDC
386,0.7928124321180628,3396849308.4108934,134,S5_twin_shock_imf_bailout,indonesia,USDC
387,0.7998844674292669,3311928075.7006216,134,S5_twin_shock_imf_bailout,indonesia,USDC
388,0.7948701427986707,3229129873.8081055,134,S5_twin_shock_imf_bailout,indonesia,USDC
389,0.7837900097235468,3148401626.962903,134,S5_twin_shock_imf_bailout,indonesia,USDC
390,0.77210123573282,3069691586.2888308,134,S5_twin_shock_imf_bailout,indonesia,USDC
391,0.7775984485963833,2992949296.63161,134,S5_twin_shock_imf_bailout,indonesia,USDC
392,0.7783371745816772,2918125564.21582,134,S5_twin_shock_imf_bailout,indonesia,USDC
393,0.7701876331946101,2845172425.110424,134,S5_twin_shock_imf_bailout,indonesia,USDC
394,0.7764757280047716,2774043114.4826636,134,S5_twin_shock_imf_bailout,indonesia,USDC
395,0.7899900499489634,2704692036.6205974,134,S5_twin_shock_imf_bailout,indonesia,USDC
396,0.8444733138009407,2637074735.705082,134,S5_twin_shock_imf_bailout,indonesia,USDC
397,0.8527573673047725,2571147867.312455,134,S5_twin_shock_imf_bailout,indonesia,USDC
398,0.8564767139334947,2506869170.6296434,134,S5_twin_shock_imf_bailout,indonesia,USDC
399,0.8516517116911413,2444197441.3639026,134,S5_twin_shock_imf_bailout,indonesia,USDC
400,0.8393060454248855,2383092505.329805,134,S5_twin_shock_imf_bailout,indonesia,USDC
401,0.8356166383200762,2323515192.69656,134,S5_twin_shock_imf_bailout,indonesia,USDC
402,0.8043593345788564,2265427312.8791456,134,S5_twin_shock_imf_bailout,indonesia,USDC
403,0.7983521817494157,2208791630.057167,134,S5_twin_shock_imf_bailout,indonesia,USDC
404,0.7773116904657223,2153571839.305738,134,S5_twin_shock_imf_bailout,indonesia,USDC
405,0.7740192032265545,2099732543.3230946,134,S5_twin_shock_imf_bailout,indonesia,USDC
406,0.7874713008875561,2047239229.740017,134,S5_twin_shock_imf_bailout,indonesia,USDC
407,0.7673767615821542,1996058248.9965167,134,S5_twin_shock_imf_bailout,indonesia,USDC
408,0.7836714929081818,1946156792.7716036,134,S5_twin_shock_imf_bailout,indonesia,USDC
409,0.7979279387762702,1897502872.9523137,134,S5_twin_shock_imf_bailout,indonesia,USDC
410,0.7971288955268006,1850065301.1285057,134,S5_twin_shock_imf_bailout,indonesia,USDC
411,0.7937712543187574,1803813668.6002932,134,S5_twin_shock_imf_bailout,indonesia,USDC
412,0.788116448564314,1758718326.8852859,134,S5_twin_shock_imf_bailout,indonesia,USDC
413,0.7774030777923826,1714750368.7131536,134,S5_twin_shock_imf_bailout,indonesia,USDC
414,0.7692329589203952,1671881609.4953249,134,S5_twin_shock_imf_bailout,indonesia,USDC
415,0.7817359336985109,1630084569.2579417,134,S5_twin_shock_imf_bailout,indonesia,USDC
416,0.815611524025713,1589332455.026493,134,S5_twin_shock_imf_bailout,indonesia,USDC
417,0.8262859380959572,1549599143.650831,134,S5_twin_shock_imf_bailout,indonesia,USDC
418,0.7995844026688771,1510859165.0595603,134,S5_twin_shock_imf_bailout,indonesia,USDC
419,0.7617374870594152,1473087685.9330711,134,S5_twin_shock_imf_bailout,indonesia,USDC
420,0.7618465662709434,1436260493.7847443,134,S5_twin_shock_imf_bailout,indonesia,USDC
421,0.755757425738786,1400353981.440126,134,S5_twin_shock_imf_bailout,indonesia,USDC
422,0.7823851086140856,1365345131.9041226,134,S5_twin_shock_imf_bailout,indonesia,USDC
423,0.7749582712635147,1331211503.6065197,134,S5_twin_shock_imf_bailout,indonesia,USDC
424,0.7769962213256102,1297931216.0163567,134,S5_twin_shock_imf_bailout,indonesia,USDC
425,0.7597262176479593,1265482935.6159477,134,S5_twin_shock_imf_bailout,indonesia,USDC
426,0.7576779999396502,1233845862.2255492,134,S5_twin_shock_imf_bailout,indonesia,USDC
427,0.7269189660502018,1202999715.6699104,134,S5_twin_shock_imf_bailout,indonesia,USDC
428,0.7173095412409372,1172924722.7781625,134,S5_twin_shock_imf_bailout,indonesia,USDC
429,0.7438389192877686,1143601604.7087083,134,S5_twin_shock_imf_bailout,indonesia,USDC
430,0.7591265980095547,1115011564.5909905,134,S5_twin_shock_imf_bailout,indonesia,USDC
431,0.7819775034323987,1087136275.4762158,134,S5_twin_shock_imf_bailout,indonesia,USDC
432,0.7830794269470386,1059957868.5893105,134,S5_twin_shock_imf_bailout,indonesia,USDC
433,0.7869334094530411,1033458921.8745778,134,S5_twin_shock_imf_bailout,indonesia,USDC
434,0.7178513336022003,1007622448.8277133,134,S5_twin_shock_imf_bailout,indonesia,USDC
435,0.7218435271673632,982431887.6070204,134,S5_twin_shock_imf_bailout,indonesia,USDC
436,0.7656790824749671,957871090.4168448,134,S5_twin_shock_imf_bailout,indonesia,USDC
437,0.7943666460256609,933924313.1564238,134,S5_twin_shock_imf_bailout,indonesia,USDC
438,0.8054892837717342,910576205.3275132,134,S5_twin_shock_imf_bailout,indonesia,USDC
439,0.7408239099055544,887811800.1943252,134,S5_twin_shock_imf_bailout,indonesia,USDC
440,0.7399327131796829,865616505.1894671,134,S5_twin_shock_imf_bailout,indonesia,USDC
441,0.741917479677869,843976092.5597304,134,S5_twin_shock_imf_bailout,indonesia,USDC
442,0.7471307753568316,822876690.2457371,134,S5_twin_shock_imf_bailout,indonesia,USDC
443,0.7726737243862706,802304772.9895937,134,S5_twin_shock_imf_bailout,indonesia,USDC
444,0.7674272473938167,782247153.6648539,134,S5_twin_shock_imf_bailout,indonesia,USDC
445,0.7741187622282563,762690974.8232327,134,S5_twin_shock_imf_bailout,indonesia,USDC
446,0.7835329626487897,743623700.4526517,134,S5_twin_shock_imf_bailout,indonesia,USDC
447,0.8041141058872394,725033107.9413354,134,S5_twin_shock_imf_bailout,indonesia,USDC
448,0.799245798396467,706907280.242802,134,S5_twin_shock_imf_bailout,indonesia,USDC
449,0.8235752897683086,689234598.236732,134,S5_twin_shock_imf_bailout,indonesia,USDC
450,0.838094877176574,672003733.2808137,134,S5_twin_shock_imf_bailout,indonesia,USDC
451,0.823553347760536,655203639.9487933,134,S5_twin_shock_imf_bailout,indonesia,USDC
452,0.8287326167197514,638823548.9500735,134,S5_twin_shock_imf_bailout,indonesia,USDC
453,0.8299243011716212,622852960.2263217,134,S5_twin_shock_imf_bailout,indonesia,USDC
454,0.8279383575045534,607281636.2206637,134,S5_twin_shock_imf_bailout,indonesia,USDC
455,0.8366630986079004,592099595.315147,134,S5_twin_shock_imf_bailout,indonesia,USDC
456,0.8413758501904334,577297105.4322684,134,S5_twin_shock_imf_bailout,indonesia,USDC
457,0.8404970825018855,562864677.7964616,134,S5_twin_shock_imf_bailout,indonesia,USDC
458,0.8316199209292447,548793060.8515501,134,S5_twin_shock_imf_bailout,indonesia,USDC
459,0.8302987422357478,535073234.3302614,134,S5_twin_shock_imf_bailout,indonesia,USDC
460,0.8256282357278016,521696403.4720049,134,S5_twin_shock_imf_bailout,indonesia,USDC
461,0.8072841710886993,508653993.3852047,134,S5_twin_shock_imf_bailout,indonesia,USDC
462,0.8147310931450336,495937643.55057454,134,S5_twin_shock_imf_bailout,indonesia,USDC
463,0.7907927849598061,483539202.4618103,134,S5_twin_shock_imf_bailout,indonesia,USDC
464,0.7919895491466445,471450722.4002651,134,S5_twin_shock_imf_bailout,indonesia,USDC
465,0.8105523360422635,459664454.3402584,134,S5_twin_shock_imf_bailout,indonesia,USDC
466,0.8097152982661401,448172842.9817519,134,S5_twin_shock_imf_bailout,indonesia,USDC
467,0.7911521379407302,436968521.9072081,134,S5_twin_shock_imf_bailout,indonesia,USDC
468,0.7823052189377521,426044308.85952795,134,S5_twin_shock_imf_bailout,indonesia,USDC
469,0.771058182461777,415393201.1380397,134,S5_twin_shock_imf_bailout,indonesia,USDC
470,0.8009243021731811,405008371.10958874,134,S5_twin_shock_imf_bailout,indonesia,USDC
471,0.7912497678464981,394883161.83184904,134,S5_twin_shock_imf_bailout,indonesia,USDC
472,0.7769446228684657,385011082.7860528,134,S5_twin_shock_imf_bailout,indonesia,USDC
473,0.8010119586953596,375385805.71640146,134,S5_twin_shock_imf_bailout,indonesia,USDC
474,0.7960270119950682,366001160.57349145,134,S5_twin_shock_imf_bailout,indonesia,USDC
475,0.7771366460669107,356851131.55915415,134,S5_twin_shock_imf_bailout,indonesia,USDC
476,0.7905912653753315,347929853.27017534,134,S5_twin_shock_imf_bailout,indonesia,USDC
477,0.7697097475560984,339231606.93842095,134,S5_twin_shock_imf_bailout,indonesia,USDC
478,0.775321684586767,330750816.7649604,134,S5_twin_shock_imf_bailout,indonesia,USDC
479,0.7866903845010595,322482046.3458364,134,S5_twin_shock_imf_bailout,indonesia,USDC
480,0.802719857840643,314419995.18719053,134,S5_twin_shock_imf_bailout,indonesia,USDC
481,0.783864658865681,306559495.30751073,134,S5_twin_shock_imf_bailout,indonesia,USDC
482,0.7953213809708762,298895507.924823,134,S5_twin_shock_imf_bailout,indonesia,USDC
483,0.8038224918819021,291423120.2267024,134,S5_twin_shock_imf_bailout,indonesia,USDC
484,0.8198899640188639,284137542.2210348,134,S5_twin_shock_imf_bailout,indonesia,USDC
485,0.8217822733352157,277034103.665509,134,S5_twin_shock_imf_bailout,indonesia,USDC
486,0.8179358151478177,270108251.07387125,134,S5_twin_shock_imf_bailout,indonesia,USDC
487,0.8103467533862891,263355544.7970245,134,S5_twin_shock_imf_bailout,indonesia,USDC
488,0.8164355206471939,256771656.17709887,134,S5_twin_shock_imf_bailout,indonesia,USDC
489,0.7992897020267976,250352364.7726714,134,S5_twin_shock_imf_bailout,indonesia,USDC
490,0.7954469729327066,244093555.65335461,134,S5_twin_shock_imf_bailout,indonesia,USDC
491,0.8092830652543657,237991216.76202077,134,S5_twin_shock_imf_bailout,indonesia,USDC
492,0.7988784078964447,232041436.34297025,134,S5_twin_shock_imf_bailout,indonesia,USDC
493,0.7913297308818653,226240400.43439603,134,S5_twin_shock_imf_bailout,indonesia,USDC
494,0.7863689976608147,220584390.4235361,134,S5_twin_shock_imf_bailout,indonesia,USDC
495,0.7880788500127017,215069780.6629477,134,S5_twin_shock_imf_bailout,indonesia,USDC
496,0.7707562594662952,209693036.14637402,134,S5_twin_shock_imf_bailout,indonesia,USDC
497,0.7846256967905438,204450710.24271467,134,S5_twin_shock_imf_bailout,indonesia,USDC
498,0.7734923375734681,199339442.4866468,134,S5_twin_shock_imf_bailout,indonesia,USDC
499,0.7962134684419475,194355956.42448065,134,S5_twin_shock_imf_bailout,indonesia,USDC
500,0.7743717552451033,189497057.51386863,134,S5_twin_shock_imf_bailout,indonesia,USDC
501,0.788072738984006,184759631.0760219,134,S5_twin_shock_imf_bailout,indonesia,USDC
502,0.7875568713521256,180140640.29912135,134,S5_twin_shock_imf_bailout,indonesia,USDC
503,0.8070575742629412,175637124.29164332,134,S5_twin_shock_imf_bailout,indonesia,USDC
504,0.7868037221541401,171246196.18435225,134,S5_twin_shock_imf_bailout,indonesia,USDC
505,0.834547289429952,166965041.27974343,134,S5_twin_shock_imf_bailout,indonesia,USDC
506,0.8055425481353652,162790915.24774987,134,S5_twin_shock_imf_bailout,indonesia,USDC
507,0.7807369425582601,158721142.3665561,134,S5_twin_shock_imf_bailout,indonesia,USDC
508,0.7604985030121342,154753113.8073922,134,S5_twin_shock_imf_bailout,indonesia,USDC
509,0.7647107145513335,150884285.9622074,134,S5_twin_shock_imf_bailout,indonesia,USDC
510,0.7806700432546626,147112178.8131522,134,S5_twin_shock_imf_bailout,indonesia,USDC
511,0.7804375347070132,143434374.3428234,134,S5_twin_shock_imf_bailout,indonesia,USDC
512,0.7708843200921263,139848514.9842528,134,S5_twin_shock_imf_bailout,indonesia,USDC
513,0.7351256475957254,136352302.1096465,134,S5_twin_shock_imf_bailout,indonesia,USDC
514,0.7446325619091696,132943494.55690533,134,S5_twin_shock_imf_bailout,indonesia,USDC
515,0.7313955748391899,129619907.1929827,134,S5_twin_shock_imf_bailout,indonesia,USDC
516,0.7100867909959049,126379409.51315814,134,S5_twin_shock_imf_bailout,indonesia,USDC
517,0.6975519885277702,123219924.27532917,134,S5_twin_shock_imf_bailout,indonesia,USDC
518,0.7209338054041196,120139426.16844594,134,S5_twin_shock_imf_bailout,indonesia,USDC
519,0.730300451778763,117135940.51423481,134,S5_twin_shock_imf_bailout,indonesia,USDC
520,0.7426842045218751,114207542.00137894,134,S5_twin_shock_imf_bailout,indonesia,USDC
521,0.7372429575212605,111352353.45134446,134,S5_twin_shock_imf_bailout,indonesia,USDC
522,0.7366592305845842,108568544.61506084,134,S5_twin_shock_imf_bailout,indonesia,USDC
523,0.7553264585082788,105854330.99968433,134,S5_twin_shock_imf_bailout,indonesia,USDC
524,0.7552632476637111,103207972.72469223,134,S5_twin_shock_imf_bailout,indonesia,USDC
525,0.7605064011208292,100627773.4065749,134,S5_twin_shock_imf_bailout,indonesia,USDC
526,0.7468143786447711,98112079.07141054,134,S5_twin_shock_imf_bailout,indonesia,USDC
527,0.7657756759518655,95659277.09462526,134,S5_twin_shock_imf_bailout,indonesia,USDC
528,0.7628215251850994,93267795.16725963,134,S5_twin_shock_imf_bailout,indonesia,USDC
529,0.7659992399112819,90936100.28807814,134,S5_twin_shock_imf_bailout,indonesia,USDC
530,0.7928870956624239,88662697.78087619,134,S5_twin_shock_imf_bailout,indonesia,USDC
531,0.7851656890355068,86446130.33635429,134,S5_twin_shock_imf_bailout,indonesia,USDC
532,0.777119124998321,84284977.07794543,134,S5_twin_shock_imf_bailout,indonesia,USDC
533,0.7716370031249639,82177852.65099679,134,S5_twin_shock_imf_bailout,indonesia,USDC
534,0.7694715512258521,80123406.33472186,134,S5_twin_shock_imf_bailout,indonesia,USDC
535,0.759915518247742,78120321.17635383,134,S5_twin_shock_imf_bailout,indonesia,USDC
536,0.7611546134548072,76167313.14694497,134,S5_twin_shock_imf_bailout,indonesia,USDC
537,0.7501263975083994,74263130.31827135,134,S5_twin_shock_imf_bailout,indonesia,USDC
538,0.7909467911520506,72406552.06031457,134,S5_twin_shock_imf_bailout,indonesia,USDC
539,0.7896094232340025,70596388.2588067,134,S5_twin_shock_imf_bailout,indonesia,USDC
540,0.7690697328591454,68831478.55233653,134,S5_twin_shock_imf_bailout,indonesia,USDC
541,0.7525185069034923,67110691.58852813,134,S5_twin_shock_imf_bailout,indonesia,USDC
542,0.740376924397927,65432924.29881492,134,S5_twin_shock_imf_bailout,indonesia,USDC
543,0.7086507065839893,63797101.191344544,134,S5_twin_shock_imf_bailout,indonesia,USDC
544,0.710460379826539,62202173.66156094,134,S5_twin_shock_imf_bailout,indonesia,USDC
545,0.7150580153563572,60647119.32002191,134,S5_twin_shock_imf_bailout,indonesia,USDC
546,0.7082538189052169,59130941.337021366,134,S5_twin_shock_imf_bailout,indonesia,USDC
547,0.7132776829652965,57652667.803595826,134,S5_twin_shock_imf_bailout,indonesia,USDC
548,0.7315521218026564,56211351.108505934,134,S5_twin_shock_imf_bailout,indonesia,USDC
549,0.7612560182579163,54806067.33079329,134,S5_twin_shock_imf_bailout,indonesia,USDC
550,0.7659488808403013,53435915.64752346,134,S5_twin_shock_imf_bailout,indonesia,USDC
551,0.770117827396755,52100017.75633537,134,S5_twin_shock_imf_bailout,indonesia,USDC
552,0.7734552405016185,50797517.312426984,134,S5_twin_shock_imf_bailout,indonesia,USDC
553,0.7818859474439291,49527579.37961631,134,S5_twin_shock_imf_bailout,indonesia,USDC
554,0.7819682576722482,48289389.8951259,134,S5_twin_shock_imf_bailout,indonesia,USDC
555,0.7953569472806883,47082155.14774775,134,S5_twin_shock_imf_bailout,indonesia,USDC
556,0.8071945116098451,45905101.269054055,134,S5_twin_shock_imf_bailout,indonesia,USDC
557,0.8008999112787488,44757473.73732771,134,S5_twin_shock_imf_bailout,indonesia,USDC
558,0.8143577188689944,43638536.89389451,134,S5_twin_shock_imf_bailout,indonesia,USDC
559,0.7986215528791831,42547573.47154715,134,S5_twin_shock_imf_bailout,indonesia,USDC
560,0.7854664917850803,41483884.13475847,134,S5_twin_shock_imf_bailout,indonesia,USDC
561,0.8016268597126921,40446787.031389505,134,S5_twin_shock_imf_bailout,indonesia,USDC
562,0.8010861866753972,39435617.35560477,134,S5_twin_shock_imf_bailout,indonesia,USDC
563,0.8222504911560791,38449726.92171465,134,S5_twin_shock_imf_bailout,indonesia,USDC
564,0.8047928566737408,37488483.748671785,134,S5_twin_shock_imf_bailout,indonesia,USDC
565,0.8264232211201512,36551271.65495499,134,S5_twin_shock_imf_bailout,indonesia,USDC
566,0.7208221672953818,35637489.86358112,134,S5_twin_shock_imf_bailout,indonesia,USDC
567,0.7160008830075054,34746552.616991594,134,S5_twin_shock_imf_bailout,indonesia,USDC
568,0.7319958104460986,33877888.8015668,134,S5_twin_shock_imf_bailout,indonesia,USDC
569,0.7232616544801285,33030941.581527635,134,S5_twin_shock_imf_bailout,indonesia,USDC
570,0.7355227003871667,32205168.04198944,134,S5_twin_shock_imf_bailout,indonesia,USDC
571,0.746593706269302,31400038.8409397,134,S5_twin_shock_imf_bailout,indonesia,USDC
572,0.7360196287907305,30615037.869916208,134,S5_twin_shock_imf_bailout,indonesia,USDC
573,0.7230079279705249,29849661.9231683,134,S5_twin_shock_imf_bailout,indonesia,USDC
574,0.7133277687854696,29103420.375089098,134,S5_twin_shock_imf_bailout,indonesia,USDC
575,0.7550818699688304,28375834.865711868,134,S5_twin_shock_imf_bailout,indonesia,USDC
576,0.7711161656593635,27666438.994069077,134,S5_twin_shock_imf_bailout,indonesia,USDC
577,0.7656142705541327,26974778.01921735,134,S5_twin_shock_imf_bailout,indonesia,USDC
578,0.7569714209296601,26300408.56873691,134,S5_twin_shock_imf_bailout,indonesia,USDC
579,0.7604630877753586,25642898.354518488,134,S5_twin_shock_imf_bailout,indonesia,USDC
580,0.7708537992764204,25001825.895655528,134,S5_twin_shock_imf_bailout,indonesia,USDC
581,0.7896394745281838,24376780.248264138,134,S5_twin_shock_imf_bailout,indonesia,USDC
582,0.8028214677476775,23767360.742057536,134,S5_twin_shock_imf_bailout,indonesia,USDC
583,0.8208963966035817,23173176.723506097,134,S5_twin_shock_imf_bailout,indonesia,USDC
584,0.8198697761557912,22593847.305418443,134,S5_twin_shock_imf_bailout,indonesia,USDC
585,0.8306243954421423,22029001.122782983,134,S5_twin_shock_imf_bailout,indonesia,USDC
586,0.8277083583184721,21478276.09471341,134,S5_twin_shock_imf_bailout,indonesia,USDC
587,0.8133811568506903,20941319.19234557,134,S5_twin_shock_imf_bailout,indonesia,USDC
588,0.8022497096975696,20417786.21253693,134,S5_twin_shock_imf_bailout,indonesia,USDC
589,0.7860214242918271,19907341.55722351,134,S5_twin_shock_imf_bailout,indonesia,USDC
590,0.7947531077789066,19409658.018292923,134,S5_twin_shock_imf_bailout,indonesia,USDC
591,0.786770735903987,18924416.5678356,134,S5_twin_shock_imf_bailout,indonesia,USDC
592,0.7856698497797457,18451306.15363971,134,S5_twin_shock_imf_bailout,indonesia,USDC
593,0.7779309593456879,17990023.499798715,134,S5_twin_shock_imf_bailout,indonesia,USDC
594,0.7936667865119638,17540272.912303746,134,S5_twin_shock_imf_bailout,indonesia,USDC
595,0.6576133537937922,17101766.089496154,134,S5_twin_shock_imf_bailout,indonesia,USDC
596,0.6756403137128492,16674221.937258752,134,S5_twin_shock_imf_bailout,indonesia,USDC
597,0.6679305390199219,16257366.388827283,134,S5_twin_shock_imf_bailout,indonesia,USDC
598,0.7045894285567715,15850932.229106601,134,S5_twin_shock_imf_bailout,indonesia,USDC
599,0.723338184309166,15454658.923378937,134,S5_twin_shock_imf_bailout,indonesia,USDC
600,0.7176284345504688,15068292.450294461,134,S5_twin_shock_imf_bailout,indonesia,USDC
601,0.7265740237240246,14691585.139037099,134,S5_twin_shock_imf_bailout,indonesia,USDC
602,0.7373971320159286,14324295.510561172,134,S5_twin_shock_imf_bailout,indonesia,USDC
603,0.7595391142316105,13966188.122797143,134,S5_twin_shock_imf_bailout,indonesia,USDC
604,0.7733501283945703,13617033.419727214,134,S5_twin_shock_imf_bailout,indonesia,USDC
605,0.7637739407325296,13276607.584234035,134,S5_twin_shock_imf_bailout,indonesia,USDC
606,0.7799929959546054,12944692.394628182,134,S5_twin_shock_imf_bailout,indonesia,USDC
607,0.7894057428998745,12621075.084762478,134,S5_twin_shock_imf_bailout,indonesia,USDC
608,0.7774063257314352,12305548.207643416,134,S5_twin_shock_imf_bailout,indonesia,USDC
609,0.7796780393391468,11997909.502452333,134,S5_twin_shock_imf_bailout,indonesia,USDC
610,0.7841961669714514,11697961.764891023,134,S5_twin_shock_imf_bailout,indonesia,USDC
611,0.7952150181023282,11405512.720768748,134,S5_twin_shock_imf_bailout,indonesia,USDC
612,0.8006212360540191,11120374.90274953,134,S5_twin_shock_imf_bailout,indonesia,USDC
613,0.8076276725576695,10842365.530180791,134,S5_twin_shock_imf_bailout,indonesia,USDC
614,0.8180179353266575,10571306.391926272,134,S5_twin_shock_imf_bailout,indonesia,USDC
615,0.8183000917781331,10307023.732128115,134,S5_twin_shock_imf_bailout,indonesia,USDC
616,0.8351566818058962,10049348.138824912,134,S5_twin_shock_imf_bailout,indonesia,USDC
617,0.823808667568987,9798114.435354289,134,S5_twin_shock_imf_bailout,indonesia,USDC
618,0.8005770820695504,9553161.57447043,134,S5_twin_shock_imf_bailout,indonesia,USDC
619,0.800070987066283,9314332.53510867,134,S5_twin_shock_imf_bailout,indonesia,USDC
620,0.7998804098727986,9081474.221730955,134,S5_twin_shock_imf_bailout,indonesia,USDC
621,0.8130898712578779,8854437.36618768,134,S5_twin_shock_imf_bailout,indonesia,USDC
622,0.8120026282098649,8633076.432032987,134,S5_twin_shock_imf_bailout,indonesia,USDC
623,0.8059996282842132,8417249.521232164,134,S5_twin_shock_imf_bailout,indonesia,USDC
624,0.7999255091074673,8206818.283201359,134,S5_twin_shock_imf_bailout,indonesia,USDC
625,0.7938029740701301,8001647.826121326,134,S5_twin_shock_imf_bailout,indonesia,USDC
626,0.8066865742058169,7801606.630468292,134,S5_twin_shock_imf_bailout,indonesia,USDC
627,0.7878096603131778,7606566.464706586,134,S5_twin_shock_imf_bailout,indonesia,USDC
628,0.7925809279880144,7416402.30308892,134,S5_twin_shock_imf_bailout,indonesia,USDC
629,0.8155025836026197,7230992.245511698,134,S5_twin_shock_imf_bailout,indonesia,USDC
630,0.8345519518615473,7050217.439373905,134,S5_twin_shock_imf_bailout,indonesia,USDC
631,0.8363592806236041,6873962.003389558,134,S5_twin_shock_imf_bailout,indonesia,USDC
632,0.8386285387137079,6702112.953304819,134,S5_twin_shock_imf_bailout,indonesia,USDC
633,0.8429183082620327,6534560.129472198,134,S5_twin_shock_imf_bailout,indonesia,USDC
634,0.8584694400648899,6371196.126235392,134,S5_twin_shock_imf_bailout,indonesia,USDC
635,0.8631208733001586,6211916.223079508,134,S5_twin_shock_imf_bailout,indonesia,USDC
636,0.8459381159944515,6056618.31750252,134,S5_twin_shock_imf_bailout,indonesia,USDC
637,0.8463405163695968,5905202.859564957,134,S5_twin_shock_imf_bailout,indonesia,USDC
638,0.8379896336029385,5757572.788075834,134,S5_twin_shock_imf_bailout,indonesia,USDC
639,0.8207114068582854,5613633.4683739375,134,S5_twin_shock_imf_bailout,indonesia,USDC
640,0.8084944686756599,5473292.631664589,134,S5_twin_shock_imf_bailout,indonesia,USDC
641,0.8204051427575314,5336460.315872975,134,S5_twin_shock_imf_bailout,indonesia,USDC
642,0.8198809612140906,5203048.807976151,134,S5_twin_shock_imf_bailout,indonesia,USDC
643,0.8551354867070269,5072972.587776747,134,S5_twin_shock_imf_bailout,indonesia,USDC
644,0.8484670753901871,4946148.273082328,134,S5_twin_shock_imf_bailout,indonesia,USDC
645,0.8617137501267199,4822494.56625527,134,S5_twin_shock_imf_bailout,indonesia,USDC
646,0.8700407465559782,4701932.202098887,134,S5_twin_shock_imf_bailout,indonesia,USDC
647,0.853746626340109,4584383.897046415,134,S5_twin_shock_imf_bailout,indonesia,USDC
648,0.8213144470272983,4469774.299620255,134,S5_twin_shock_imf_bailout,indonesia,USDC
649,0.8208727255971204,4358029.942129749,134,S5_twin_shock_imf_bailout,indonesia,USDC
650,0.7947392331980014,4249079.193576505,134,S5_twin_shock_imf_bailout,indonesia,USDC
651,0.8161625848072702,4142852.213737092,134,S5_twin_shock_imf_bailout,indonesia,USDC
652,0.7999426297764779,4039280.908393665,134,S5_twin_shock_imf_bailout,indonesia,USDC
653,0.7792141803249809,3938298.8856838234,134,S5_twin_shock_imf_bailout,indonesia,USDC
654,0.7817835142975811,3839841.413541728,134,S5_twin_shock_imf_bailout,indonesia,USDC
655,0.6784380601168096,3743845.378203185,134,S5_twin_shock_imf_bailout,indonesia,USDC
656,0.7002690840208623,3650249.243748105,134,S5_twin_shock_imf_bailout,indonesia,USDC
657,0.717297892732206,3558993.0126544028,134,S5_twin_shock_imf_bailout,indonesia,USDC
658,0.735764551857749,3470018.187338043,134,S5_twin_shock_imf_bailout,indonesia,USDC
659,0.7209389348834879,3383267.732654592,134,S5_twin_shock_imf_bailout,indonesia,USDC
660,0.7387625824984699,3298686.039338227,134,S5_twin_shock_imf_bailout,indonesia,USDC
661,0.7623725296537711,3216218.8883547713,134,S5_twin_shock_imf_bailout,indonesia,USDC
662,0.7598747257649653,3135813.416145902,134,S5_twin_shock_imf_bailout,indonesia,USDC
663,0.7573723095719193,3057418.0807422544,134,S5_twin_shock_imf_bailout,indonesia,USDC
664,0.7431366575433169,2980982.628723698,134,S5_twin_shock_imf_bailout,indonesia,USDC
665,0.744513145189674,2906458.0630056057,134,S5_twin_shock_imf_bailout,indonesia,USDC
666,0.7480214614370471,2833796.6114304657,134,S5_twin_shock_imf_bailout,indonesia,USDC
667,0.7577263851871571,2762951.696144704,134,S5_twin_shock_imf_bailout,indonesia,USDC
668,0.7765164125866678,2693877.9037410864,134,S5_twin_shock_imf_bailout,indonesia,USDC
669,0.7973171514487354,2626530.956147559,134,S5_twin_shock_imf_bailout,indonesia,USDC
670,0.8220169834002699,2560867.6822438696,134,S5_twin_shock_imf_bailout,indonesia,USDC
671,0.8253925550129592,2496845.9901877735,134,S5_twin_shock_imf_bailout,indonesia,USDC
672,0.8017473967707617,2434424.840433079,134,S5_twin_shock_imf_bailout,indonesia,USDC
673,0.8297736364936902,2373564.219422252,134,S5_twin_shock_imf_bailout,indonesia,USDC
674,0.8131745716615284,2314225.1139366957,134,S5_twin_shock_imf_bailout,indonesia,USDC
675,0.7963755525144554,2256369.4860882782,134,S5_twin_shock_imf_bailout,indonesia,USDC
676,0.7816793110882474,2199960.248936071,134,S5_twin_shock_imf_bailout,indonesia,USDC
677,0.783510162976294,2144961.2427126695,134,S5_twin_shock_imf_bailout,indonesia,USDC
678,0.7617624972971792,2091337.211644853,134,S5_twin_shock_imf_bailout,indonesia,USDC
679,0.7613650918321413,2039053.7813537316,134,S5_twin_shock_imf_bailout,indonesia,USDC
680,0.7826312647023169,1988077.4368198882,134,S5_twin_shock_imf_bailout,indonesia,USDC
681,0.7879123547144515,1938375.5008993912,134,S5_twin_shock_imf_bailout,indonesia,USDC
682,0.7885176939878823,1889916.1133769064,134,S5_twin_shock_imf_bailout,indonesia,USDC
683,0.7475949475411238,1842668.2105424837,134,S5_twin_shock_imf_bailout,indonesia,USDC
684,0.750673978275101,1796601.5052789217,134,S5_twin_shock_imf_bailout,indonesia,USDC
685,0.7807908465668553,1751686.4676469485,134,S5_twin_shock_imf_bailout,indonesia,USDC
686,0.7984449928162249,1707894.3059557746,134,S5_twin_shock_imf_bailout,indonesia,USDC
687,0.8226800180199568,1665196.9483068804,134,S5_twin_shock_imf_bailout,indonesia,USDC
688,0.837519246509327,1623567.0245992083,134,S5_twin_shock_imf_bailout,indonesia,USDC
689,0.8292919424760427,1582977.848984228,134,S5_twin_shock_imf_bailout,indonesia,USDC
690,0.833493665238358,1543403.4027596223,134,S5_twin_shock_imf_bailout,indonesia,USDC
691,0.8263950003649179,1504818.3176906318,134,S5_twin_shock_imf_bailout,indonesia,USDC
692,0.8482199758313241,1467197.859748366,134,S5_twin_shock_imf_bailout,indonesia,USDC
693,0.8477777639190531,1430517.9132546568,134,S5_twin_shock_imf_bailout,indonesia,USDC
694,0.8504957802388001,1394754.9654232906,134,S5_twin_shock_imf_bailout,indonesia,USDC
695,0.8720228755809245,1359886.0912877084,134,S5_twin_shock_imf_bailout,indonesia,USDC
696,0.863715174438427,1325888.9390055155,134,S5_twin_shock_imf_bailout,indonesia,USDC
697,0.8508194136432174,1292741.7155303776,134,S5_twin_shock_imf_bailout,indonesia,USDC
698,0.8299240847907373,1260423.172642118,134,S5_twin_shock_imf_bailout,indonesia,USDC
699,0.8073308022891309,1228912.5933260652,134,S5_twin_shock_imf_bailout,indonesia,USDC
700,0.8067777531393985,1198189.7784929136,134,S5_twin_shock_imf_bailout,indonesia,USDC
701,0.79198230990541,1168235.0340305907,134,S5_twin_shock_imf_bailout,indonesia,USDC
702,0.7937409327694651,1139029.158179826,134,S5_twin_shock_imf_bailout,indonesia,USDC
703,0.7935896600441275,1110553.4292253302,134,S5_twin_shock_imf_bailout,indonesia,USDC
704,0.7864617199505749,1082789.593494697,134,S5_twin_shock_imf_bailout,indonesia,USDC
705,0.7677952598320372,1055719.8536573295,134,S5_twin_shock_imf_bailout,indonesia,USDC
706,0.7477563141688052,1029326.8573158963,134,S5_twin_shock_imf_bailout,indonesia,USDC
707,0.758979342588377,1003593.685882999,134,S5_twin_shock_imf_bailout,indonesia,USDC
708,0.7726501035904765,978503.8437359241,134,S5_twin_shock_imf_bailout,indonesia,USDC
709,0.7623786945119182,954041.2476425259,134,S5_twin_shock_imf_bailout,indonesia,USDC
710,0.780340578649991,930190.2164514628,134,S5_twin_shock_imf_bailout,indonesia,USDC
711,0.7983185153122998,906935.4610401762,134,S5_twin_shock_imf_bailout,indonesia,USDC
712,0.8004207759160429,884262.0745141718,134,S5_twin_shock_imf_bailout,indonesia,USDC
713,0.7995830662978789,862155.5226513175,134,S5_twin_shock_imf_bailout,indonesia,USDC
714,0.7906131609589497,840601.6345850346,134,S5_twin_shock_imf_bailout,indonesia,USDC
715,0.7673572599955278,819586.5937204087,134,S5_twin_shock_imf_bailout,indonesia,USDC
716,0.7712377816844302,799096.9288773986,134,S5_twin_shock_imf_bailout,indonesia,USDC
717,0.7023654678030576,779119.5056554636,134,S5_twin_shock_imf_bailout,indonesia,USDC
718,0.7281984728315153,759641.518014077,134,S5_twin_shock_imf_bailout,indonesia,USDC
719,0.7349577288575211,740650.480063725,134,S5_twin_shock_imf_bailout,indonesia,USDC
720,0.7602112641588404,722134.2180621319,134,S5_twin_shock_imf_bailout,indonesia,USDC
721,0.7748374811807285,704080.8626105787,134,S5_twin_shock_imf_bailout,indonesia,USDC
722,0.8058873300304785,686478.8410453142,134,S5_twin_shock_imf_bailout,indonesia,USDC
723,0.8040789497258375,669316.8700191813,134,S5_twin_shock_imf_bailout,indonesia,USDC
724,0.7860715849502208,652583.9482687018,134,S5_twin_shock_imf_bailout,indonesia,USDC
725,0.7690878564259869,636269.3495619842,134,S5_twin_shock_imf_bailout,indonesia,USDC
726,0.7951806233117792,620362.6158229345,134,S5_twin_shock_imf_bailout,indonesia,USDC
727,0.7840393035445694,604853.5504273612,134,S5_twin_shock_imf_bailout,indonesia,USDC
728,0.804885178991094,589732.2116666771,134,S5_twin_shock_imf_bailout,indonesia,USDC
729,0.7547917141702595,574988.9063750103,134,S5_twin_shock_imf_bailout,indonesia,USDC
730,0.7545523490684283,560614.183715635,134,S5_twin_shock_imf_bailout,indonesia,USDC
731,0.7404100342385631,546598.829122744,134,S5_twin_shock_imf_bailout,indonesia,USDC
732,0.7500437514048887,532933.8583946754,134,S5_twin_shock_imf_bailout,indonesia,USDC
733,0.7766414119006948,519610.51193480863,134,S5_twin_shock_imf_bailout,indonesia,USDC
734,0.7768940751036256,506620.2491364384,134,S5_twin_shock_imf_bailout,indonesia,USDC
735,0.7759820635975826,493954.74290802743,134,S5_twin_shock_imf_bailout,indonesia,USDC
736,0.7682012539762407,481605.8743353267,134,S5_twin_shock_imf_bailout,indonesia,USDC
737,0.7994273967153384,469565.72747694363,134,S5_twin_shock_imf_bailout,indonesia,USDC
738,0.8111526189338845,457826.58429002005,134,S5_twin_shock_imf_bailout,indonesia,USDC
739,0.8252039822152917,446380.91968276945,134,S5_twin_shock_imf_bailout,indonesia,USDC
740,0.8141418899776528,435221.39669070026,134,S5_twin_shock_imf_bailout,indonesia,USDC
741,0.8470146981431108,424340.86177343276,134,S5_twin_shock_imf_bailout,indonesia,USDC
742,0.8381549285349748,413732.34022909694,134,S5_twin_shock_imf_bailout,indonesia,USDC
743,0.8378317954673768,403389.0317233695,134,S5_twin_shock_imf_bailout,indonesia,USDC
744,0.822587186548407,393304.3059302853,134,S5_twin_shock_imf_bailout,indonesia,USDC
745,0.8200709928173712,383471.6982820282,134,S5_twin_shock_imf_bailout,indonesia,USDC
746,0.8210174653688866,373884.90582497744,134,S5_twin_shock_imf_bailout,indonesia,USDC
747,0.8031615484582476,364537.783179353,134,S5_twin_shock_imf_bailout,indonesia,USDC
748,0.7922665416434521,355424.3385998692,134,S5_twin_shock_imf_bailout,indonesia,USDC
749,0.7930609851308289,346538.7301348725,134,S5_twin_shock_imf_bailout,indonesia,USDC
750,0.7966981871822102,337875.2618815007,134,S5_twin_shock_imf_bailout,indonesia,USDC
751,0.790760069766117,329428.38033446315,134,S5_twin_shock_imf_bailout,indonesia,USDC
752,0.7951660280224213,321192.67082610156,134,S5_twin_shock_imf_bailout,indonesia,USDC
753,0.6845118400518788,313162.854055449,134,S5_twin_shock_imf_bailout,indonesia,USDC
754,0.6813866510013875,305333.7827040628,134,S5_twin_shock_imf_bailout,indonesia,USDC
755,0.7054009999359445,297700.43813646125,134,S5_twin_shock_imf_bailout,indonesia,USDC
756,0.7203938914828255,290257.92718304973,134,S5_twin_shock_imf_bailout,indonesia,USDC
757,0.7475272917725468,283001.47900347353,134,S5_twin_shock_imf_bailout,indonesia,USDC
758,0.748302139084933,275926.44202838663,134,S5_twin_shock_imf_bailout,indonesia,USDC
759,0.7840186686858223,269028.280977677,134,S5_twin_shock_imf_bailout,indonesia,USDC
760,0.7585887546782613,262302.57395323506,134,S5_twin_shock_imf_bailout,indonesia,USDC
761,0.7482966742839378,255745.00960440416,134,S5_twin_shock_imf_bailout,indonesia,USDC
762,0.7486059242848423,249351.38436429406,134,S5_twin_shock_imf_bailout,indonesia,USDC
763,0.7514152949057346,243117.5997551867,134,S5_twin_shock_imf_bailout,indonesia,USDC
764,0.7373203552533225,237039.65976130706,134,S5_twin_shock_imf_bailout,indonesia,USDC
765,0.7537323007794433,231113.6682672744,134,S5_twin_shock_imf_bailout,indonesia,USDC
766,0.7478591895898077,225335.8265605925,134,S5_twin_shock_imf_bailout,indonesia,USDC
767,0.7498768917074633,219702.43089657772,134,S5_twin_shock_imf_bailout,indonesia,USDC
768,0.7535585705185153,214209.87012416328,134,S5_twin_shock_imf_bailout,indonesia,USDC
769,0.734079349459517,208854.6233710592,134,S5_twin_shock_imf_bailout,indonesia,USDC
770,0.7392404454580533,203633.2577867827,134,S5_twin_shock_imf_bailout,indonesia,USDC
771,0.7320305656279849,198542.42634211318,134,S5_twin_shock_imf_bailout,indonesia,USDC
772,0.7501528200672636,193578.86568356032,134,S5_twin_shock_imf_bailout,indonesia,USDC
773,0.6466973626780463,188739.3940414713,134,S5_twin_shock_imf_bailout,indonesia,USDC
774,0.6742854630282471,184020.90919043453,134,S5_twin_shock_imf_bailout,indonesia,USDC
775,0.6753691856383603,179420.38646067365,134,S5_twin_shock_imf_bailout,indonesia,USDC
776,0.6841536051623981,174934.8767991568,134,S5_twin_shock_imf_bailout,indonesia,USDC
777,0.6916263299183821,170561.5048791779,134,S5_twin_shock_imf_bailout,indonesia,USDC
778,0.7139192993653649,166297.46725719847,134,S5_twin_shock_imf_bailout,indonesia,USDC
779,0.7195696847812355,162140.0305757685,134,S5_twin_shock_imf_bailout,indonesia,USDC
780,0.7283804355982711,158086.5298113743,134,S5_twin_shock_imf_bailout,indonesia,USDC
781,0.7329278861333928,154134.36656608994,134,S5_twin_shock_imf_bailout,indonesia,USDC
782,0.7404131712440758,150281.00740193768,134,S5_twin_shock_imf_bailout,indonesia,USDC
783,0.7549654428568658,146523.98221688924,134,S5_twin_shock_imf_bailout,indonesia,USDC
784,0.7499571949153152,142860.882661467,134,S5_twin_shock_imf_bailout,indonesia,USDC
785,0.74998510204465,139289.36059493033,134,S5_twin_shock_imf_bailout,indonesia,USDC
786,0.770525374234698,135807.12658005705,134,S5_twin_shock_imf_bailout,indonesia,USDC
787,0.76488326409235,132411.94841555564,134,S5_twin_shock_imf_bailout,indonesia,USDC
788,0.761662951746388,129101.64970516675,134,S5_twin_shock_imf_bailout,indonesia,USDC
789,0.7660384873868881,125874.1084625376,134,S5_twin_shock_imf_bailout,indonesia,USDC
790,0.7539523120036904,122727.25575097415,134,S5_twin_shock_imf_bailout,indonesia,USDC
791,0.7586239024729643,119659.07435719979,134,S5_twin_shock_imf_bailout,indonesia,USDC
792,0.7531136563526446,116667.59749826981,134,S5_twin_shock_imf_bailout,indonesia,USDC
793,0.750053441854903,113750.90756081307,134,S5_twin_shock_imf_bailout,indonesia,USDC
794,0.7637860033020711,110907.13487179272,134,S5_twin_shock_imf_bailout,indonesia,USDC
795,0.7864473245608369,108134.4564999979,134,S5_twin_shock_imf_bailout,indonesia,USDC
796,0.7671570817765623,105431.09508749796,134,S5_twin_shock_imf_bailout,indonesia,USDC
797,0.7712279463164697,102795.31771031051,134,S5_twin_shock_imf_bailout,indonesia,USDC
798,0.7957228216477085,100225.43476755275,134,S5_twin_shock_imf_bailout,indonesia,USDC
799,0.8147149712447023,97719.79889836394,134,S5_twin_shock_imf_bailout,indonesia,USDC
800,0.8193301102603296,95276.80392590484,134,S5_twin_shock_imf_bailout,indonesia,USDC
801,0.8055742012123853,92894.8838277572,134,S5_twin_shock_imf_bailout,indonesia,USDC
802,0.7985895934184557,90572.51173206329,134,S5_twin_shock_imf_bailout,indonesia,USDC
803,0.7996479335451095,88308.19893876169,134,S5_twin_shock_imf_bailout,indonesia,USDC
804,0.7997032375784556,86100.49396529266,134,S5_twin_shock_imf_bailout,indonesia,USDC
805,0.7924078543060544,83947.98161616034,134,S5_twin_shock_imf_bailout,indonesia,USDC
806,0.7907584881528953,81849.28207575633,134,S5_twin_shock_imf_bailout,indonesia,USDC
807,0.7601139747577261,79803.05002386242,134,S5_twin_shock_imf_bailout,indonesia,USDC
808,0.7596581661997458,77807.97377326585,134,S5_twin_shock_imf_bailout,indonesia,USDC
809,0.7592223309501794,75862.77442893421,134,S5_twin_shock_imf_bailout,indonesia,USDC
810,0.7655707315917367,73966.20506821085,134,S5_twin_shock_imf_bailout,indonesia,USDC
811,0.7985495597178822,72117.04994150558,134,S5_twin_shock_imf_bailout,indonesia,USDC
812,0.8282154444834569,70314.12369296794,134,S5_twin_shock_imf_bailout,indonesia,USDC
813,0.8319175649748762,68556.27060064375,134,S5_twin_shock_imf_bailout,indonesia,USDC
814,0.8107538122611244,66842.36383562765,134,S5_twin_shock_imf_bailout,indonesia,USDC
815,0.8293723504520656,65171.30473973697,134,S5_twin_shock_imf_bailout,indonesia,USDC
816,0.805701709130596,63542.02212124354,134,S5_twin_shock_imf_bailout,indonesia,USDC
817,0.7838220198266389,61953.47156821246,134,S5_twin_shock_imf_bailout,indonesia,USDC
818,0.7931073814126693,60404.634779007145,134,S5_twin_shock_imf_bailout,indonesia,USDC
819,0.7912310175804292,58894.518909531966,134,S5_twin_shock_imf_bailout,indonesia,USDC
820,0.7700044508232686,57422.155936793664,134,S5_twin_shock_imf_bailout,indonesia,USDC
821,0.7688701075055135,55986.60203837382,134,S5_twin_shock_imf_bailout,indonesia,USDC
822,0.7667054435319852,54586.93698741448,134,S5_twin_shock_imf_bailout,indonesia,USDC
823,0.7912045627788051,53222.26356272912,134,S5_twin_shock_imf_bailout,indonesia,USDC
824,0.7778239417577449,51891.7069736609,134,S5_twin_shock_imf_bailout,indonesia,USDC
825,0.7707038626006446,50594.41429931937,134,S5_twin_shock_imf_bailout,indonesia,USDC
826,0.7833781404642253,49329.553941836384,134,S5_twin_shock_imf_bailout,indonesia,USDC
827,0.7826234548657108,48096.315093290475,134,S5_twin_shock_imf_bailout,indonesia,USDC
828,0.7808760692319838,46893.907215958214,134,S5_twin_shock_imf_bailout,indonesia,USDC
829,0.7962627009935082,45721.55953555926,134,S5_twin_shock_imf_bailout,indonesia,USDC
830,0.8000934099646791,44578.52054717028,134,S5_twin_shock_imf_bailout,indonesia,USDC
831,0.7876178075940345,43464.057533491025,134,S5_twin_shock_imf_bailout,indonesia,USDC
832,0.7630398565174998,42377.45609515375,134,S5_twin_shock_imf_bailout,indonesia,USDC
833,0.7587193730529026,41318.019692774906,134,S5_twin_shock_imf_bailout,indonesia,USDC
834,0.8126105768134778,40285.06920045553,134,S5_twin_shock_imf_bailout,indonesia,USDC
835,0.821908512414612,39277.94247044415,134,S5_twin_shock_imf_bailout,indonesia,USDC
836,0.8195158689837992,38295.993908683035,134,S5_twin_shock_imf_bailout,indonesia,USDC
837,0.8373593473579459,37338.59406096596,134,S5_twin_shock_imf_bailout,indonesia,USDC
838,0.8426040708793832,36405.12920944182,134,S5_twin_shock_imf_bailout,indonesia,USDC
839,0.8735860412876897,35495.00097920577,134,S5_twin_shock_imf_bailout,indonesia,USDC
840,0.8677647507667418,34607.62595472563,134,S5_twin_shock_imf_bailout,indonesia,USDC
841,0.8569523187569892,33742.435305857485,134,S5_twin_shock_imf_bailout,indonesia,USDC
842,0.8753167129623548,32898.87442321105,134,S5_twin_shock_imf_bailout,indonesia,USDC
843,0.8354569964698616,32076.402562630774,134,S5_twin_shock_imf_bailout,indonesia,USDC
844,0.8164674250164522,31274.492498565003,134,S5_twin_shock_imf_bailout,indonesia,USDC
845,0.8471497263140139,30492.63018610088,134,S5_twin_shock_imf_bailout,indonesia,USDC
846,0.8517948913626662,29730.314431448354,134,S5_twin_shock_imf_bailout,indonesia,USDC
847,0.8530417119427725,28987.05657066215,134,S5_twin_shock_imf_bailout,indonesia,USDC
848,0.8197834878782169,28262.380156395593,134,S5_twin_shock_imf_bailout,indonesia,USDC
849,0.8140301130485875,27555.82065248571,134,S5_twin_shock_imf_bailout,indonesia,USDC
850,0.8382215686034002,26866.925136173562,134,S5_twin_shock_imf_bailout,indonesia,USDC
851,0.8355003957298112,26195.252007769224,134,S5_twin_shock_imf_bailout,indonesia,USDC
852,0.8104180806194605,25540.37070757499,134,S5_twin_shock_imf_bailout,indonesia,USDC
853,0.8203088291300463,24901.861439885623,134,S5_twin_shock_imf_bailout,indonesia,USDC
854,0.8341851613762845,24279.314903888477,134,S5_twin_shock_imf_bailout,indonesia,USDC
855,0.8458346613467294,23672.332031291266,134,S5_twin_shock_imf_bailout,indonesia,USDC
856,0.8182376372680359,23080.523730508983,134,S5_twin_shock_imf_bailout,indonesia,USDC
857,0.7960808858216127,22503.51063724626,134,S5_twin_shock_imf_bailout,indonesia,USDC
858,0.7977747719036558,21940.922871315102,134,S5_twin_shock_imf_bailout,indonesia,USDC
859,0.8161111232295772,21392.399799532224,134,S5_twin_shock_imf_bailout,indonesia,USDC
860,0.833537555608848,20857.58980454392,134,S5_twin_shock_imf_bailout,indonesia,USDC
861,0.8470092013179266,20336.150059430325,134,S5_twin_shock_imf_bailout,indonesia,USDC
862,0.8561173253112503,19827.746307944566,134,S5_twin_shock_imf_bailout,indonesia,USDC
863,0.8373611943476388,19332.052650245954,134,S5_twin_shock_imf_bailout,indonesia,USDC
864,0.8488864288385363,18848.7513339898,134,S5_twin_shock_imf_bailout,indonesia,USDC
865,0.8430646639108045,18377.53255064006,134,S5_twin_shock_imf_bailout,indonesia,USDC
866,0.8402493583398811,17918.094236874054,134,S5_twin_shock_imf_bailout,indonesia,USDC
867,0.8477404339906888,17470.141880952207,134,S5_twin_shock_imf_bailout,indonesia,USDC
868,0.8428902326108053,17033.3883339284,134,S5_twin_shock_imf_bailout,indonesia,USDC
869,0.8574647092156471,16607.55362558019,134,S5_twin_shock_imf_bailout,indonesia,USDC
870,0.8530908274407215,16192.364784940683,134,S5_twin_shock_imf_bailout,indonesia,USDC
871,0.8513561992052896,15787.555665317166,134,S5_twin_shock_imf_bailout,indonesia,USDC
872,0.8279541815624135,15392.866773684236,134,S5_twin_shock_imf_bailout,indonesia,USDC
873,0.815235105756681,15008.045104342129,134,S5_twin_shock_imf_bailout,indonesia,USDC
874,0.8343443042993336,14632.843976733577,134,S5_twin_shock_imf_bailout,indonesia,USDC
875,0.828135819279304,14267.022877315238,134,S5_twin_shock_imf_bailout,indonesia,USDC
876,0.8097162113964519,13910.347305382355,134,S5_twin_shock_imf_bailout,indonesia,USDC
877,0.815372972663763,13562.588622747797,134,S5_twin_shock_imf_bailout,indonesia,USDC
878,0.831024005895242,13223.523907179104,134,S5_twin_shock_imf_bailout,indonesia,USDC
879,0.8435615292826099,12892.935809499624,134,S5_twin_shock_imf_bailout,indonesia,USDC
880,0.8409727333797433,12570.612414262134,134,S5_twin_shock_imf_bailout,indonesia,USDC
881,0.8517555561346356,12256.34710390558,134,S5_twin_shock_imf_bailout,indonesia,USDC
882,0.8413573711884316,11949.938426307941,134,S5_twin_shock_imf_bailout,indonesia,USDC
883,0.8374470234216802,11651.189965650243,134,S5_twin_shock_imf_bailout,indonesia,USDC
884,0.8440455852133785,11359.910216508986,134,S5_twin_shock_imf_bailout,indonesia,USDC
885,0.8593479166952289,11075.91246109626,134,S5_twin_shock_imf_bailout,indonesia,USDC
886,0.8832892675497667,10799.014649568855,134,S5_twin_shock_imf_bailout,indonesia,USDC
887,0.8614832690504086,10529.039283329634,134,S5_twin_shock_imf_bailout,indonesia,USDC
888,0.8690923883486349,10265.813301246393,134,S5_twin_shock_imf_bailout,indonesia,USDC
889,0.831307987689611,10009.167968715232,134,S5_twin_shock_imf_bailout,indonesia,USDC
890,0.8097855404473322,9758.938769497352,134,S5_twin_shock_imf_bailout,indonesia,USDC
891,0.7997996187501654,9514.965300259919,134,S5_twin_shock_imf_bailout,indonesia,USDC
892,0.8058509291850604,9277.09116775342,134,S5_twin_shock_imf_bailout,indonesia,USDC
893,0.7804466673572542,9045.163888559586,134,S5_twin_shock_imf_bailout,indonesia,USDC
894,0.7776646272602178,8819.034791345595,134,S5_twin_shock_imf_bailout,indonesia,USDC
895,0.7637465234235636,8598.558921561955,134,S5_twin_shock_imf_bailout,indonesia,USDC
896,0.7717020974116805,8383.594948522907,134,S5_twin_shock_imf_bailout,indonesia,USDC
897,0.7687873773060504,8174.005074809835,134,S5_twin_shock_imf_bailout,indonesia,USDC
898,0.7530665984481018,7969.654947939588,134,S5_twin_shock_imf_bailout,indonesia,USDC
899,0.7767045850974187,7770.413574241099,134,S5_twin_shock_imf_bailout,indonesia,USDC
900,0.7834638079225579,7576.153234885071,134,S5_twin_shock_imf_bailout,indonesia,USDC
901,0.779709128982509,7386.749404012945,134,S5_twin_shock_imf_bailout,indonesia,USDC
902,0.77447779959612,7202.080668912621,134,S5_twin_shock_imf_bailout,indonesia,USDC
903,0.7908479372998269,7022.028652189805,134,S5_twin_shock_imf_bailout,indonesia,USDC
904,0.7609244171547431,6846.47793588506,134,S5_twin_shock_imf_bailout,indonesia,USDC
905,0.788130740597469,6675.315987487934,134,S5_twin_shock_imf_bailout,indonesia,USDC
906,0.7648786522583405,6508.433087800735,134,S5_twin_shock_imf_bailout,indonesia,USDC
907,0.6542092290075198,6345.722260605717,134,S5_twin_shock_imf_bailout,indonesia,USDC
908,0.6714792336572005,6187.079204090574,134,S5_twin_shock_imf_bailout,indonesia,USDC
909,0.6951960472573925,6032.402223988311,134,S5_twin_shock_imf_bailout,indonesia,USDC
910,0.7329249612727258,5881.592168388602,134,S5_twin_shock_imf_bailout,indonesia,USDC
911,0.739974338640462,5734.552364178888,134,S5_twin_shock_imf_bailout,indonesia,USDC
912,0.7477795970415827,5591.188555074415,134,S5_twin_shock_imf_bailout,indonesia,USDC
913,0.7379474560627668,5451.4088411975545,134,S5_twin_shock_imf_bailout,indonesia,USDC
914,0.7461720471651484,5315.123620167616,134,S5_twin_shock_imf_bailout,indonesia,USDC
915,0.7574400626515257,5182.245529663425,134,S5_twin_shock_imf_bailout,indonesia,USDC
916,0.7833282426587538,5052.689391421839,134,S5_twin_shock_imf_bailout,indonesia,USDC
917,0.7872204637178524,4926.372156636293,134,S5_twin_shock_imf_bailout,indonesia,USDC
918,0.7769517824492262,4803.212852720386,134,S5_twin_shock_imf_bailout,indonesia,USDC
919,0.7829829424771001,4683.132531402376,134,S5_twin_shock_imf_bailout,indonesia,USDC
920,0.7860083489600325,4566.054218117317,134,S5_twin_shock_imf_bailout,indonesia,USDC
921,0.7695162156785724,4451.902862664384,134,S5_twin_shock_imf_bailout,indonesia,USDC
922,0.7651834749982058,4340.605291097774,134,S5_twin_shock_imf_bailout,indonesia,USDC
923,0.7606476687673692,4232.0901588203305,134,S5_twin_shock_imf_bailout,indonesia,USDC
924,0.7599372310726306,4126.287904849822,134,S5_twin_shock_imf_bailout,indonesia,USDC
925,0.7656802104901641,4023.1307072285763,134,S5_twin_shock_imf_bailout,indonesia,USDC
926,0.7653365762800698,3922.552439547862,134,S5_twin_shock_imf_bailout,indonesia,USDC
927,0.7942607030429518,3824.4886285591656,134,S5_twin_shock_imf_bailout,indonesia,USDC
928,0.7969094103367619,3728.8764128451867,134,S5_twin_shock_imf_bailout,indonesia,USDC
929,0.7986834588403144,3635.6545025240566,134,S5_twin_shock_imf_bailout,indonesia,USDC
930,0.7759603474608415,3544.763139960955,134,S5_twin_shock_imf_bailout,indonesia,USDC
931,0.7735739174808743,3456.1440614619314,134,S5_twin_shock_imf_bailout,indonesia,USDC
932,0.7726143266105504,3369.740459925383,134,S5_twin_shock_imf_bailout,indonesia,USDC
933,0.7817115073383064,3285.4969484272488,134,S5_twin_shock_imf_bailout,indonesia,USDC
934,0.7722378261823445,3203.3595247165676,134,S5_twin_shock_imf_bailout,indonesia,USDC
935,0.781178090103136,3123.275536598653,134,S5_twin_shock_imf_bailout,indonesia,USDC
936,0.806179039880728,3045.193648183687,134,S5_twin_shock_imf_bailout,indonesia,USDC
937,0.8103229619531437,2969.063806979095,134,S5_twin_shock_imf_bailout,indonesia,USDC
938,0.800932151836845,2894.8372118046177,134,S5_twin_shock_imf_bailout,indonesia,USDC
939,0.8173349427187735,2822.466281509502,134,S5_twin_shock_imf_bailout,indonesia,USDC
940,0.8049311410927845,2751.9046244717647,134,S5_twin_shock_imf_bailout,indonesia,USDC
941,0.8020762180904872,2683.1070088599704,134,S5_twin_shock_imf_bailout,indonesia,USDC
942,0.8207790349626528,2616.029333638471,134,S5_twin_shock_imf_bailout,indonesia,USDC
943,0.812064130470891,2550.6286002975094,134,S5_twin_shock_imf_bailout,indonesia,USDC
944,0.7758251676291728,2486.8628852900715,134,S5_twin_shock_imf_bailout,indonesia,USDC
945,0.7623042514761402,2424.69131315782,134,S5_twin_shock_imf_bailout,indonesia,USDC
946,0.7602690254164846,2364.0740303288744,134,S5_twin_shock_imf_bailout,indonesia,USDC
947,0.7780260950901828,2304.9721795706528,134,S5_twin_shock_imf_bailout,indonesia,USDC
948,0.7770001198751952,2247.3478750813865,134,S5_twin_shock_imf_bailout,indonesia,USDC
949,0.7638993803907661,2191.1641782043516,134,S5_twin_shock_imf_bailout,indonesia,USDC
950,0.7552971564042822,2136.385073749243,134,S5_twin_shock_imf_bailout,indonesia,USDC
951,0.7533251104263942,2082.9754469055115,134,S5_twin_shock_imf_bailout,indonesia,USDC
952,0.724458784638798,2030.9010607328742,134,S5_twin_shock_imf_bailout,indonesia,USDC
953,0.7143007549162155,1980.1285342145525,134,S5_twin_shock_imf_bailout,indonesia,USDC
954,0.7300204408154217,1930.6253208591884,134,S5_twin_shock_imf_bailout,indonesia,USDC
955,0.7367399230571323,1882.3596878377089,134,S5_twin_shock_imf_bailout,indonesia,USDC
956,0.7477240515289262,1835.3006956417662,134,S5_twin_shock_imf_bailout,indonesia,USDC
957,0.7652867043531931,1789.418178250722,134,S5_twin_shock_imf_bailout,indonesia,USDC
958,0.771702685804485,1744.6827237944538,134,S5_twin_shock_imf_bailout,indonesia,USDC
959,0.7610190202108907,1701.0656556995928,134,S5_twin_shock_imf_bailout,indonesia,USDC
960,0.7381671811297339,1658.5390143071027,134,S5_twin_shock_imf_bailout,indonesia,USDC
961,0.7143120870518406,1617.0755389494252,134,S5_twin_shock_imf_bailout,indonesia,USDC
962,0.7161478431904061,1576.6486504756897,134,S5_twin_shock_imf_bailout,indonesia,USDC
963,0.7145101210262339,1537.2324342137977,134,S5_twin_shock_imf_bailout,indonesia,USDC
964,0.7223522753133276,1498.8016233584526,134,S5_twin_shock_imf_bailout,indonesia,USDC
965,0.7421535410742638,1461.3315827744912,134,S5_twin_shock_imf_bailout,indonesia,USDC
966,0.759760183597722,1424.7982932051289,134,S5_twin_shock_imf_bailout,indonesia,USDC
967,0.7658501693216948,1389.1783358750008,134,S5_twin_shock_imf_bailout,indonesia,USDC
968,0.7842765616260108,1354.4488774781257,134,S5_twin_shock_imf_bailout,indonesia,USDC
969,0.7997960574426793,1320.5876555411728,134,S5_twin_shock_imf_bailout,indonesia,USDC
970,0.7884233399072216,1287.5729641526434,134,S5_twin_shock_imf_bailout,indonesia,USDC
971,0.780862866506978,1255.3836400488274,134,S5_twin_shock_imf_bailout,indonesia,USDC
972,0.7724996896858028,1223.9990490476066,134,S5_twin_shock_imf_bailout,indonesia,USDC
973,0.7972700714442672,1193.3990728214162,134,S5_twin_shock_imf_bailout,indonesia,USDC
974,0.7653914944645003,1163.564096000881,134,S5_twin_shock_imf_bailout,indonesia,USDC
975,0.7823895854590536,1134.4749936008589,134,S5_twin_shock_imf_bailout,indonesia,USDC
976,0.7830281568185269,1106.1131187608376,134,S5_twin_shock_imf_bailout,indonesia,USDC
977,0.7818222438628318,1078.4602907918165,134,S5_twin_shock_imf_bailout,indonesia,USDC
978,0.7875854895017101,1051.4987835220213,134,S5_twin_shock_imf_bailout,indonesia,USDC
979,0.7931609720597661,1025.2113139339708,134,S5_twin_shock_imf_bailout,indonesia,USDC
980,0.7627544851897569,999.5810310856214,134,S5_twin_shock_imf_bailout,indonesia,USDC
981,0.7653293032097421,974.5915053084809,134,S5_twin_shock_imf_bailout,indonesia,USDC
982,0.7826226556400363,950.2267176757689,134,S5_twin_shock_imf_bailout,indonesia,USDC
983,0.7961537694779658,926.4710497338747,134,S5_twin_shock_imf_bailout,indonesia,USDC
984,0.8047499428526504,903.3092734905279,134,S5_twin_shock_imf_bailout,indonesia,USDC
985,0.8137351979861651,880.7265416532646,134,S5_twin_shock_imf_bailout,indonesia,USDC
986,0.8169075318610519,858.708378111933,134,S5_twin_shock_imf_bailout,indonesia,USDC
987,0.8353111579272096,837.2406686591346,134,S5_twin_shock_imf_bailout,indonesia,USDC
988,0.8123263770693709,816.3096519426564,134,S5_twin_shock_imf_bailout,indonesia,USDC
989,0.8128935228353823,795.9019106440899,134,S5_twin_shock_imf_bailout,indonesia,USDC
990,0.7633267976266486,776.0043628779877,134,S5_twin_shock_imf_bailout,indonesia,USDC
991,0.7686714745018399,756.604253806038,134,S5_twin_shock_imf_bailout,indonesia,USDC
992,0.7672001875254185,737.6891474608869,134,S5_twin_shock_imf_bailout,indonesia,USDC
993,0.7650072448653072,719.2469187743649,134,S5_twin_shock_imf_bailout,indonesia,USDC
994,0.7645179514538669,701.2657458050057,134,S5_twin_shock_imf_bailout,indonesia,USDC
995,0.7807436233820259,683.7341021598806,134,S5_twin_shock_imf_bailout,indonesia,USDC
996,0.7890407479464544,666.6407496058836,134,S5_twin_shock_imf_bailout,indonesia,USDC
997,0.8033038165797539,649.9747308657364,134,S5_twin_shock_imf_bailout,indonesia,USDC
998,0.8031609609261022,633.725362594093,134,S5_twin_shock_imf_bailout,indonesia,USDC
999,0.7965222457610097,617.8822285292407,134,S5_twin_shock_imf_bailout,indonesia,USDC
1000,0.78441764060054,602.4351728160096,134,S5_twin_shock_imf_bailout,indonesia,USDC
