Step,price,liquidity,iteration,scenario,region,coin
1,0.9972537219024455,2989494756104.9214,115,S5_twin_shock_imf_bailout,indonesia,USDC
2,1.0264200399757875,2989494756104.9214,115,S5_twin_shock_imf_bailout,indonesia,USDC
3,1.030578635854799,2989494756104.9214,115,S5_twin_shock_imf_bailout,indonesia,USDC
4,1.0180373813960963,2989494756104.9214,115,S5_twin_shock_imf_bailout,indonesia,USDC
5,1.0587392106790934,2989494756104.9214,115,S5_twin_shock_imf_bailout,indonesia,USDC
6,1.0038614764371558,2989494756104.9214,115,S5_twin_shock_imf_bailout,indonesia,USDC
7,0.9869762673464001,2989494756104.9214,115,S5_twin_shock_imf_bailout,indonesia,USDC
8,0.9796751764124058,2989494756104.9214,115,S5_twin_shock_imf_bailout,indonesia,USDC
9,0.9766614365949993,2989494756104.9214,115,S5_twin_shock_imf_bailout,indonesia,USDC
10,1.0022340471843219,2989494756104.9214,115,S5_twin_shock_imf_bailout,indonesia,USDC
11,0.9875346489065145,2989494756104.9214,115,S5_twin_shock_imf_bailout,indonesia,USDC
12,0.9915441575100252,2989494756104.9214,115,S5_twin_shock_imf_bailout,indonesia,USDC
13,0.9798118853957221,2989494756104.9214,115,S5_twin_shock_imf_bailout,indonesia,USDC
14,0.9900573905236238,2989494756104.9214,115,S5_twin_shock_imf_bailout,indonesia,USDC
15,0.9710048830457378,2989494756104.9214,115,S5_twin_shock_imf_bailout,indonesia,USDC
16,0.9480012660094467,2989494756104.9214,115,S5_twin_shock_imf_bailout,indonesia,USDC
17,0.944327279960084,2988148015933.093,115,S5_twin_shock_imf_bailout,indonesia,USDC
18,0.9292679706808007,2986610704028.915,115,S5_twin_shock_imf_bailout,indonesia,USDC
19,0.9565874524386956,2984212303549.0864,115,S5_twin_shock_imf_bailout,indonesia,USDC
20,0.9540759415224137,2983478996778.552,115,S5_twin_shock_imf_bailout,indonesia,USDC
21,0.9360660481766525,2982630009066.8447,115,S5_twin_shock_imf_bailout,indonesia,USDC
22,0.9281700401796676,2980805978071.298,115,S5_twin_shock_imf_bailout,indonesia,USDC
23,0.9337346166527103,2978632190571.189,115,S5_twin_shock_imf_bailout,indonesia,USDC
24,0.9349243129493248,2976812936030.9575,115,S5_twin_shock_imf_bailout,indonesia,USDC
25,0.9404316371878791,2975136760505.1836,115,S5_twin_shock_imf_bailout,indonesia,USDC
26,0.9613859380518612,2973761376458.2417,115,S5_twin_shock_imf_bailout,indonesia,USDC
27,0.9491958157647504,2973388834199.325,115,S5_twin_shock_imf_bailout,indonesia,USDC
28,0.9584088369986095,2972461052424.4307,115,S5_twin_shock_imf_bailout,indonesia,USDC
29,0.9609891264105529,2971958885734.9756,115,S5_twin_shock_imf_bailout,indonesia,USDC
30,0.9537340104251534,2971585646867.2744,115,S5_twin_shock_imf_bailout,indonesia,USDC
31,0.9871102689194882,2970892557118.2812,115,S5_twin_shock_imf_bailout,indonesia,USDC
32,0.9928792287701432,2970892557118.2812,115,S5_twin_shock_imf_bailout,indonesia,USDC
33,0.9711286514428592,2970892557118.2812,115,S5_twin_shock_imf_bailout,indonesia,USDC
34,0.9980749715404166,2970892557118.2812,115,S5_twin_shock_imf_bailout,indonesia,USDC
35,0.9882328134108683,2970892557118.2812,115,S5_twin_shock_imf_bailout,indonesia,USDC
36,0.9806459775231717,2970892557118.2812,115,S5_twin_shock_imf_bailout,indonesia,USDC
37,0.9835274728314762,2970892557118.2812,115,S5_twin_shock_imf_bailout,indonesia,USDC
38,1.0045784665605069,2970892557118.2812,115,S5_twin_shock_imf_bailout,indonesia,USDC
39,1.0049879180251002,2970892557118.2812,115,S5_twin_shock_imf_bailout,indonesia,USDC
40,1.0316471611508191,2970892557118.2812,115,S5_twin_shock_imf_bailout,indonesia,USDC
41,0.9862981271497575,2970892557118.2812,115,S5_twin_shock_imf_bailout,indonesia,USDC
42,0.9907410854979444,2970892557118.2812,115,S5_twin_shock_imf_bailout,indonesia,USDC
43,1.0249149031280789,2970892557118.2812,115,S5_twin_shock_imf_bailout,indonesia,USDC
44,1.025765531591794,2970892557118.2812,115,S5_twin_shock_imf_bailout,indonesia,USDC
45,0.8453564838165252,2970892557118.2812,115,S5_twin_shock_imf_bailout,indonesia,USDC
46,0.8303149641183452,2965573003014.602,115,S5_twin_shock_imf_bailout,indonesia,USDC
47,0.858402360698675,2960512121957.7495,115,S5_twin_shock_imf_bailout,indonesia,USDC
48,0.854986822669924,2956978592410.679,115,S5_twin_shock_imf_bailout,indonesia,USDC
49,0.889952958320475,2953719826082.076,115,S5_twin_shock_imf_bailout,indonesia,USDC
50,0.8856713541104614,2951769264768.8555,115,S5_twin_shock_imf_bailout,indonesia,USDC
51,0.9130452443098448,2949881852582.891,115,S5_twin_shock_imf_bailout,indonesia,USDC
52,0.9015817701842687,2948738948997.375,115,S5_twin_shock_imf_bailout,indonesia,USDC
53,0.9072328853237643,2947421742999.4023,115,S5_twin_shock_imf_bailout,indonesia,USDC
54,0.9422981355467388,2946317332648.4385,115,S5_twin_shock_imf_bailout,indonesia,USDC
55,0.9622699959273611,2945859565838.0635,115,S5_twin_shock_imf_bailout,indonesia,USDC
56,0.9432741723953619,2945751383294.235,115,S5_twin_shock_imf_bailout,indonesia,USDC
57,0.9453478887436614,2945337301490.088,115,S5_twin_shock_imf_bailout,indonesia,USDC
58,0.9555292560308187,2944934670364.914,115,S5_twin_shock_imf_bailout,indonesia,USDC
59,0.9498912332073972,2944722066583.148,115,S5_twin_shock_imf_bailout,indonesia,USDC
60,0.9548335861981913,2944426516866.7896,115,S5_twin_shock_imf_bailout,indonesia,USDC
61,0.9705193276426658,2944211307531.9434,115,S5_twin_shock_imf_bailout,indonesia,USDC
62,0.9813241249789386,2944211307531.9434,115,S5_twin_shock_imf_bailout,indonesia,USDC
63,0.9701291157166791,2944211307531.9434,115,S5_twin_shock_imf_bailout,indonesia,USDC
64,0.9576532808563026,2944211307531.9434,115,S5_twin_shock_imf_bailout,indonesia,USDC
65,0.9788976315847417,2944023986782.2183,115,S5_twin_shock_imf_bailout,indonesia,USDC
66,0.9914518942027887,2944023986782.2183,115,S5_twin_shock_imf_bailout,indonesia,USDC
67,0.9770817182299645,2944023986782.2183,115,S5_twin_shock_imf_bailout,indonesia,USDC
68,0.9412596382743016,2944023986782.2183,115,S5_twin_shock_imf_bailout,indonesia,USDC
69,0.9547317843124704,2943629686498.176,115,S5_twin_shock_imf_bailout,indonesia,USDC
70,0.9762483240809579,2943435126263.1577,115,S5_twin_shock_imf_bailout,indonesia,USDC
71,0.9617779417444512,2943435126263.1577,115,S5_twin_shock_imf_bailout,indonesia,USDC
72,0.9561771055818745,2943316962824.452,115,S5_twin_shock_imf_bailout,indonesia,USDC
73,0.9528047379310862,2943129166024.601,115,S5_twin_shock_imf_bailout,indonesia,USDC
74,0.9719941840392983,2942887467826.9478,115,S5_twin_shock_imf_bailout,indonesia,USDC
75,0.9828915707418565,2942887467826.9478,115,S5_twin_shock_imf_bailout,indonesia,USDC
76,0.8814007782983031,2942887467826.9478,115,S5_twin_shock_imf_bailout,indonesia,USDC
77,0.8931007952581996,2941689335742.6367,115,S5_twin_shock_imf_bailout,indonesia,USDC
78,0.9137788840587993,2940788288227.011,115,S5_twin_shock_imf_bailout,indonesia,USDC
79,0.9382099202792478,2940183908915.983,115,S5_twin_shock_imf_bailout,indonesia,USDC
80,0.9569902552302069,2939833590338.652,115,S5_twin_shock_imf_bailout,indonesia,USDC
81,0.9621185890379123,2939717845943.273,115,S5_twin_shock_imf_bailout,indonesia,USDC
82,0.9583839250637618,2939641451674.4463,115,S5_twin_shock_imf_bailout,indonesia,USDC
83,0.9468090109531644,2939534461796.911,115,S5_twin_shock_imf_bailout,indonesia,USDC
84,0.9486630357013919,2939303580693.042,115,S5_twin_shock_imf_bailout,indonesia,USDC
85,0.9848103722845555,2939096446571.0605,115,S5_twin_shock_imf_bailout,indonesia,USDC
86,0.9876604945245373,2939096446571.0605,115,S5_twin_shock_imf_bailout,indonesia,USDC
87,0.9890460802309037,2939096446571.0605,115,S5_twin_shock_imf_bailout,indonesia,USDC
88,0.9480783566337635,2939096446571.0605,115,S5_twin_shock_imf_bailout,indonesia,USDC
89,0.9315159314063753,2938896590888.8994,115,S5_twin_shock_imf_bailout,indonesia,USDC
90,0.9628190617943228,2938534681744.495,115,S5_twin_shock_imf_bailout,indonesia,USDC
91,0.9704345685501127,2938479331621.797,115,S5_twin_shock_imf_bailout,indonesia,USDC
92,0.9789935549610245,2938479331621.797,115,S5_twin_shock_imf_bailout,indonesia,USDC
93,0.9992575458585424,2938479331621.797,115,S5_twin_shock_imf_bailout,indonesia,USDC
94,0.9828970771494556,2938479331621.797,115,S5_twin_shock_imf_bailout,indonesia,USDC
95,0.9907200043680917,2938479331621.797,115,S5_twin_shock_imf_bailout,indonesia,USDC
96,0.9885018134132811,2938479331621.797,115,S5_twin_shock_imf_bailout,indonesia,USDC
97,0.9955415097233501,2938479331621.797,115,S5_twin_shock_imf_bailout,indonesia,USDC
98,0.9324509409669354,2938479331621.797,115,S5_twin_shock_imf_bailout,indonesia,USDC
99,0.9408320690517754,2938141909312.719,115,S5_twin_shock_imf_bailout,indonesia,USDC
100,0.9453236214619511,2937899423569.4663,115,S5_twin_shock_imf_bailout,indonesia,USDC
101,0.7837866987813046,2937693534403.7646,115,S5_twin_shock_imf_bailout,indonesia,USDC
102,0.8069554077325537,2936210970149.2383,115,S5_twin_shock_imf_bailout,indonesia,USDC
103,0.8397058226033193,2935104454227.708,115,S5_twin_shock_imf_bailout,indonesia,USDC
104,0.8317215932467432,2934350937730.438,115,S5_twin_shock_imf_bailout,indonesia,USDC
105,0.8547036610399771,2933686838426.9106,115,S5_twin_shock_imf_bailout,indonesia,USDC
106,0.8697190216528548,2933198885511.59,115,S5_twin_shock_imf_bailout,indonesia,USDC
107,0.8748583186322106,2932840818665.5347,115,S5_twin_shock_imf_bailout,indonesia,USDC
108,0.8642170274469162,2932512622770.711,115,S5_twin_shock_imf_bailout,indonesia,USDC
109,0.8714528416810947,2932190648009.375,115,S5_twin_shock_imf_bailout,indonesia,USDC
110,0.8640352507864715,2931928554657.753,115,S5_twin_shock_imf_bailout,indonesia,USDC
111,0.8726031139328093,2931674088900.587,115,S5_twin_shock_imf_bailout,indonesia,USDC
112,0.8882928467703195,2931469575274.3926,115,S5_twin_shock_imf_bailout,indonesia,USDC
113,0.9089016740709932,2931303228003.794,115,S5_twin_shock_imf_bailout,indonesia,USDC
114,0.8910120188256243,2931194930280.0693,115,S5_twin_shock_imf_bailout,indonesia,USDC
115,0.9270012595126028,2931056483552.5024,115,S5_twin_shock_imf_bailout,indonesia,USDC
116,0.9285770914331986,2930991191269.908,115,S5_twin_shock_imf_bailout,indonesia,USDC
117,0.9611960250867345,2930930983122.3,115,S5_twin_shock_imf_bailout,indonesia,USDC
118,0.9542670369768473,2930918904217.5605,115,S5_twin_shock_imf_bailout,indonesia,USDC
119,0.9446518585502327,2930899162419.6772,115,S5_twin_shock_imf_bailout,indonesia,USDC
120,0.9524064535340966,2930865113151.589,115,S5_twin_shock_imf_bailout,indonesia,USDC
121,600000.8946341332,2857609251606.958,115,S5_twin_shock_imf_bailout,indonesia,USDC
122,480001.95,2786201020316.7837,115,S5_twin_shock_imf_bailout,indonesia,USDC
123,384001.95,2716571594808.8643,115,S5_twin_shock_imf_bailout,indonesia,USDC
124,307201.95,2648677784938.6426,115,S5_twin_shock_imf_bailout,indonesia,USDC
125,245761.95,2582477224315.177,115,S5_twin_shock_imf_bailout,indonesia,USDC
126,196609.95,2517928400907.2974,115,S5_twin_shock_imf_bailout,indonesia,USDC
127,157288.35,2454990676644.615,115,S5_twin_shock_imf_bailout,indonesia,USDC
128,125831.06999999999,2393624298336.4995,115,S5_twin_shock_imf_bailout,indonesia,USDC
129,100665.246,2333790401764.4873,115,S5_twin_shock_imf_bailout,indonesia,USDC
130,80532.5868,2275451010429.4946,115,S5_twin_shock_imf_bailout,indonesia,USDC
131,64426.45944,2218569030136.0537,115,S5_twin_shock_imf_bailout,indonesia,USDC
132,51541.557552,2163108240356.4893,115,S5_twin_shock_imf_bailout,indonesia,USDC
133,41233.6360416,2109033283126.6465,115,S5_twin_shock_imf_bailout,indonesia,USDC
134,32987.29883328,2056309650071.7356,115,S5_twin_shock_imf_bailout,indonesia,USDC
135,26390.229066624004,2004903668038.5469,115,S5_twin_shock_imf_bailout,indonesia,USDC
136,21112.573253299208,1954782483712.4668,115,S5_twin_shock_imf_bailout,indonesia,USDC
137,16890.448602639364,1905914047519.562,115,S5_twin_shock_imf_bailout,indonesia,USDC
138,13512.748882111493,1858267097051.4985,115,S5_twin_shock_imf_bailout,indonesia,USDC
139,10810.589105689196,1811811140201.1514,115,S5_twin_shock_imf_bailout,indonesia,USDC
140,8648.861284551356,1766516438156.875,115,S5_twin_shock_imf_bailout,indonesia,USDC
141,6919.479027641083,1722353988371.555,115,S5_twin_shock_imf_bailout,indonesia,USDC
142,5535.973222112866,1679295507597.1475,115,S5_twin_shock_imf_bailout,indonesia,USDC
143,4429.168577690293,1637313415055.124,115,S5_twin_shock_imf_bailout,indonesia,USDC
144,3543.724862152234,1596380815797.0698,115,S5_twin_shock_imf_bailout,indonesia,USDC
145,2835.3698897217873,1556471484296.8025,115,S5_twin_shock_imf_bailout,indonesia,USDC
146,2268.6859117774297,1517559848305.1099,115,S5_twin_shock_imf_bailout,indonesia,USDC
147,1815.338729421944,1479620972990.0642,115,S5_twin_shock_imf_bailout,indonesia,USDC
148,1452.6609835375552,1442630545379.3782,115,S5_twin_shock_imf_bailout,indonesia,USDC
149,1162.518786830044,1406564859116.1462,115,S5_twin_shock_imf_bailout,indonesia,USDC
150,930.4050294640354,1371400799535.2446,115,S5_twin_shock_imf_bailout,indonesia,USDC
151,744.7140235712283,1337115829064.4648,115,S5_twin_shock_imf_bailout,indonesia,USDC
152,596.1612188569826,1303687972951.9346,115,S5_twin_shock_imf_bailout,indonesia,USDC
153,477.3189750855861,1271095805319.4014,115,S5_twin_shock_imf_bailout,indonesia,USDC
154,382.24518006846887,1239318435539.4285,115,S5_twin_shock_imf_bailout,indonesia,USDC
155,306.1861440547751,1208335494933.3523,115,S5_twin_shock_imf_bailout,indonesia,USDC
156,245.3389152438201,1178127123785.9463,115,S5_twin_shock_imf_bailout,indonesia,USDC
157,196.66113219505607,1148673958672.0398,115,S5_twin_shock_imf_bailout,indonesia,USDC
158,157.71890575604485,1119957120089.8325,115,S5_twin_shock_imf_bailout,indonesia,USDC
159,126.5651246048359,1091958200395.2617,115,S5_twin_shock_imf_bailout,indonesia,USDC
160,101.64209968386872,1064659252031.5203,115,S5_twin_shock_imf_bailout,indonesia,USDC
161,81.70367974709498,1038042776047.6443,115,S5_twin_shock_imf_bailout,indonesia,USDC
162,65.75294379767598,1012091710899.9828,115,S5_twin_shock_imf_bailout,indonesia,USDC
163,52.99235503814079,986789421530.3069,115,S5_twin_shock_imf_bailout,indonesia,USDC
164,42.78388403051264,962119688714.3079,115,S5_twin_shock_imf_bailout,indonesia,USDC
165,34.61710722441011,938066698674.2574,115,S5_twin_shock_imf_bailout,indonesia,USDC
166,28.083685779528086,914615032949.6467,115,S5_twin_shock_imf_bailout,indonesia,USDC
167,22.85694862362247,891749658519.7023,115,S5_twin_shock_imf_bailout,indonesia,USDC
168,18.675558898897975,869455918171.747,115,S5_twin_shock_imf_bailout,indonesia,USDC
169,15.330447119118379,847719521109.483,115,S5_twin_shock_imf_bailout,indonesia,USDC
170,12.654357695294703,826526533795.3699,115,S5_twin_shock_imf_bailout,indonesia,USDC
171,10.513486156235762,805863371021.3846,115,S5_twin_shock_imf_bailout,indonesia,USDC
172,8.800788924988609,785716787202.5693,115,S5_twin_shock_imf_bailout,indonesia,USDC
173,7.430631139990888,766073867887.8805,115,S5_twin_shock_imf_bailout,indonesia,USDC
174,6.334504911992711,746922021482.9838,115,S5_twin_shock_imf_bailout,indonesia,USDC
175,5.457603929594168,728248971179.7495,115,S5_twin_shock_imf_bailout,indonesia,USDC
176,4.756083143675334,710042747087.3279,115,S5_twin_shock_imf_bailout,indonesia,USDC
177,4.1948665149402675,692291678559.8024,115,S5_twin_shock_imf_bailout,indonesia,USDC
178,3.745893211952214,674984386715.5336,115,S5_twin_shock_imf_bailout,indonesia,USDC
179,3.3867145695617715,658109777143.4263,115,S5_twin_shock_imf_bailout,indonesia,USDC
180,3.099371655649417,641657032791.4653,115,S5_twin_shock_imf_bailout,indonesia,USDC
181,2.8694973245195334,625615607032.9785,115,S5_twin_shock_imf_bailout,indonesia,USDC
182,2.685597859615627,609975216906.194,115,S5_twin_shock_imf_bailout,indonesia,USDC
183,2.5384782876925014,594725836522.771,115,S5_twin_shock_imf_bailout,indonesia,USDC
184,2.420782630154001,579857690641.0872,115,S5_twin_shock_imf_bailout,indonesia,USDC
185,2.326626104123201,565361248400.1685,115,S5_twin_shock_imf_bailout,indonesia,USDC
186,2.2513008832985606,551227217210.251,115,S5_twin_shock_imf_bailout,indonesia,USDC
187,2.1910407066388484,537446536796.0641,115,S5_twin_shock_imf_bailout,indonesia,USDC
188,2.1428325653110787,524010373389.01794,115,S5_twin_shock_imf_bailout,indonesia,USDC
189,2.104266052248863,510910114064.57684,115,S5_twin_shock_imf_bailout,indonesia,USDC
190,2.0187978002810523,498137361221.18994,115,S5_twin_shock_imf_bailout,indonesia,USDC
191,2.000725151670086,485683927197.2422,115,S5_twin_shock_imf_bailout,indonesia,USDC
192,1.9561565178279312,473541829022.5768,115,S5_twin_shock_imf_bailout,indonesia,USDC
193,1.8923473341027106,461703283301.22485,115,S5_twin_shock_imf_bailout,indonesia,USDC
194,1.8759556780830047,450160701222.0642,115,S5_twin_shock_imf_bailout,indonesia,USDC
195,1.7343753888903939,438906683694.20856,115,S5_twin_shock_imf_bailout,indonesia,USDC
196,1.5930956176416526,427934016604.0102,115,S5_twin_shock_imf_bailout,indonesia,USDC
197,1.464066632912256,417235666190.63525,115,S5_twin_shock_imf_bailout,indonesia,USDC
198,1.4375433085885572,406804774537.24976,115,S5_twin_shock_imf_bailout,indonesia,USDC
199,1.289546343759885,396634655174.9227,115,S5_twin_shock_imf_bailout,indonesia,USDC
200,1.2560519250565159,386718788796.43317,115,S5_twin_shock_imf_bailout,indonesia,USDC
201,1.2205156640099244,377050819077.229,115,S5_twin_shock_imf_bailout,indonesia,USDC
202,1.1829411262259395,367624548600.8637,115,S5_twin_shock_imf_bailout,indonesia,USDC
203,1.1413663579460516,358433934886.29443,115,S5_twin_shock_imf_bailout,indonesia,USDC
204,1.0636406602507664,349473086514.4989,115,S5_twin_shock_imf_bailout,indonesia,USDC
205,1.031174212684037,340736259351.92596,115,S5_twin_shock_imf_bailout,indonesia,USDC
206,1.0069861541164662,332217852868.3594,115,S5_twin_shock_imf_bailout,indonesia,USDC
207,0.9890338631126377,323912406546.8357,115,S5_twin_shock_imf_bailout,indonesia,USDC
208,0.959691626164715,315814596383.313,115,S5_twin_shock_imf_bailout,indonesia,USDC
209,0.9366315710499296,307907105940.39606,115,S5_twin_shock_imf_bailout,indonesia,USDC
210,0.949231129151462,300166131834.58875,115,S5_twin_shock_imf_bailout,indonesia,USDC
211,0.9004329655980706,292635076590.11835,115,S5_twin_shock_imf_bailout,indonesia,USDC
212,0.9142999205680757,285235198681.4523,115,S5_twin_shock_imf_bailout,indonesia,USDC
213,0.9415313985919085,278038538673.7058,115,S5_twin_shock_imf_bailout,indonesia,USDC
214,0.9127310987967877,271059139495.91946,115,S5_twin_shock_imf_bailout,indonesia,USDC
215,0.8777118186721801,264223729174.71698,115,S5_twin_shock_imf_bailout,indonesia,USDC
216,0.8566804839398229,257529972901.7221,115,S5_twin_shock_imf_bailout,indonesia,USDC
217,0.8496168028258446,250986087728.91525,115,S5_twin_shock_imf_bailout,indonesia,USDC
218,0.856926102022414,244614364465.38248,115,S5_twin_shock_imf_bailout,indonesia,USDC
219,0.864548530504408,238418957583.01434,115,S5_twin_shock_imf_bailout,indonesia,USDC
220,0.8726854716897948,232390921414.13824,115,S5_twin_shock_imf_bailout,indonesia,USDC
221,0.8725688075048939,226526799385.70776,115,S5_twin_shock_imf_bailout,indonesia,USDC
222,0.8732194365185562,220816732476.49884,115,S5_twin_shock_imf_bailout,indonesia,USDC
223,0.853501497576606,215254108176.60437,115,S5_twin_shock_imf_bailout,indonesia,USDC
224,0.8370402415851074,209825536343.53415,115,S5_twin_shock_imf_bailout,indonesia,USDC
225,0.8112600388722523,204530107810.64343,115,S5_twin_shock_imf_bailout,indonesia,USDC
226,0.824199726489724,199366591906.1809,115,S5_twin_shock_imf_bailout,indonesia,USDC
227,0.813738195073659,194344460128.31567,115,S5_twin_shock_imf_bailout,indonesia,USDC
228,0.7911295094997995,189450307372.77466,115,S5_twin_shock_imf_bailout,indonesia,USDC
229,0.7674833969209618,184679743371.21057,115,S5_twin_shock_imf_bailout,indonesia,USDC
230,0.7800064762731433,180031533437.03595,115,S5_twin_shock_imf_bailout,indonesia,USDC
231,0.7825578019380623,175506426585.49957,115,S5_twin_shock_imf_bailout,indonesia,USDC
232,0.795992012070815,171099846113.76053,115,S5_twin_shock_imf_bailout,indonesia,USDC
233,0.8168985389287948,166808110702.79083,115,S5_twin_shock_imf_bailout,indonesia,USDC
234,0.7296191112745134,162627589911.7539,115,S5_twin_shock_imf_bailout,indonesia,USDC
235,0.7602462458434762,158548196939.98248,115,S5_twin_shock_imf_bailout,indonesia,USDC
236,0.7532896678780915,154575620025.65375,115,S5_twin_shock_imf_bailout,indonesia,USDC
237,0.7794349565310744,150704110995.40057,115,S5_twin_shock_imf_bailout,indonesia,USDC
238,0.800914946524864,146931369257.59262,115,S5_twin_shock_imf_bailout,indonesia,USDC
239,0.8054030318226932,143254478080.53027,115,S5_twin_shock_imf_bailout,indonesia,USDC
240,0.8009326713260472,139670194714.8546,115,S5_twin_shock_imf_bailout,indonesia,USDC
241,0.8000039607311799,136175876089.37428,115,S5_twin_shock_imf_bailout,indonesia,USDC
242,0.815998613524118,132769385523.5025,115,S5_twin_shock_imf_bailout,indonesia,USDC
243,0.8266688173619277,129448541558.39914,115,S5_twin_shock_imf_bailout,indonesia,USDC
244,0.8395764405302892,126211115588.77422,115,S5_twin_shock_imf_bailout,indonesia,USDC
245,0.8499889976196209,123054867775.21765,115,S5_twin_shock_imf_bailout,indonesia,USDC
246,0.8160909722962632,119977702742.36221,115,S5_twin_shock_imf_bailout,indonesia,USDC
247,0.777313762472918,116977346629.85666,115,S5_twin_shock_imf_bailout,indonesia,USDC
248,0.7478583338129112,114051969664.35612,115,S5_twin_shock_imf_bailout,indonesia,USDC
249,0.7365391226768129,111199827813.36041,115,S5_twin_shock_imf_bailout,indonesia,USDC
250,0.7597591827703829,108419137623.49983,115,S5_twin_shock_imf_bailout,indonesia,USDC
251,0.7728061017419476,105708146890.20187,115,S5_twin_shock_imf_bailout,indonesia,USDC
252,0.7829119400784927,103065081363.13617,115,S5_twin_shock_imf_bailout,indonesia,USDC
253,0.7859966426056404,100488183720.19637,115,S5_twin_shock_imf_bailout,indonesia,USDC
254,0.7817392092602701,97975761365.91054,115,S5_twin_shock_imf_bailout,indonesia,USDC
255,0.7602747788747374,95526180623.80745,115,S5_twin_shock_imf_bailout,indonesia,USDC
256,0.7639140018650203,93137860095.47813,115,S5_twin_shock_imf_bailout,indonesia,USDC
257,0.766604879214675,90809275843.59038,115,S5_twin_shock_imf_bailout,indonesia,USDC
258,0.7681258045571252,88538943023.63972,115,S5_twin_shock_imf_bailout,indonesia,USDC
259,0.7621021550815115,86325384185.90755,115,S5_twin_shock_imf_bailout,indonesia,USDC
260,0.788048920885698,84167182716.87944,115,S5_twin_shock_imf_bailout,indonesia,USDC
261,0.8069626080774829,82062955754.35431,115,S5_twin_shock_imf_bailout,indonesia,USDC
262,0.8121840903237693,80011348627.84004,115,S5_twin_shock_imf_bailout,indonesia,USDC
263,0.8205481567379892,78011036689.86829,115,S5_twin_shock_imf_bailout,indonesia,USDC
264,0.7942467374451475,76060737860.85196,115,S5_twin_shock_imf_bailout,indonesia,USDC
265,0.7932237018574516,74159196621.77133,115,S5_twin_shock_imf_bailout,indonesia,USDC
266,0.7685270682698159,72305197934.79358,115,S5_twin_shock_imf_bailout,indonesia,USDC
267,0.7665145936775626,70497551172.24594,115,S5_twin_shock_imf_bailout,indonesia,USDC
268,0.7498662798817294,68735099061.8156,115,S5_twin_shock_imf_bailout,indonesia,USDC
269,0.758945986689993,67016709785.76105,115,S5_twin_shock_imf_bailout,indonesia,USDC
270,0.7582153217662837,65341283365.96621,115,S5_twin_shock_imf_bailout,indonesia,USDC
271,0.7639478164831092,63707744362.373764,115,S5_twin_shock_imf_bailout,indonesia,USDC
272,0.8121284700958201,62115045083.472496,115,S5_twin_shock_imf_bailout,indonesia,USDC
273,0.7925853188141369,60562165738.670044,115,S5_twin_shock_imf_bailout,indonesia,USDC
274,0.7707022783057224,59048108338.91588,115,S5_twin_shock_imf_bailout,indonesia,USDC
275,0.7682790718023973,57571902813.49399,115,S5_twin_shock_imf_bailout,indonesia,USDC
276,0.7690920859950731,56132602899.61304,115,S5_twin_shock_imf_bailout,indonesia,USDC
277,0.7942404703507858,54729285994.65958,115,S5_twin_shock_imf_bailout,indonesia,USDC
278,0.7790922554812463,53361052476.000114,115,S5_twin_shock_imf_bailout,indonesia,USDC
279,0.7795152556591393,52027024970.42374,115,S5_twin_shock_imf_bailout,indonesia,USDC
280,0.7820565402030526,50726348365.8996,115,S5_twin_shock_imf_bailout,indonesia,USDC
281,0.7708694030615221,49458188893.5146,115,S5_twin_shock_imf_bailout,indonesia,USDC
282,0.7708658700706166,48221733530.66119,115,S5_twin_shock_imf_bailout,indonesia,USDC
283,0.8131254932750425,47016189677.07625,115,S5_twin_shock_imf_bailout,indonesia,USDC
284,0.804276510708373,45840784609.926,115,S5_twin_shock_imf_bailout,indonesia,USDC
285,0.809438419860305,44694764704.45482,115,S5_twin_shock_imf_bailout,indonesia,USDC
286,0.796665595783817,43577395351.92421,115,S5_twin_shock_imf_bailout,indonesia,USDC
287,0.7832126030277061,42487960246.17456,115,S5_twin_shock_imf_bailout,indonesia,USDC
288,0.7821818351949923,41425761047.18683,115,S5_twin_shock_imf_bailout,indonesia,USDC
289,0.7863625294866337,40390116863.95122,115,S5_twin_shock_imf_bailout,indonesia,USDC
290,0.7898441221038621,39380363820.32056,115,S5_twin_shock_imf_bailout,indonesia,USDC
291,0.7930921699648656,38395854627.04077,115,S5_twin_shock_imf_bailout,indonesia,USDC
292,0.7680804406121349,37435958182.383644,115,S5_twin_shock_imf_bailout,indonesia,USDC
293,0.7761588843310419,36500059154.94353,115,S5_twin_shock_imf_bailout,indonesia,USDC
294,0.770110339982867,35587557619.85146,115,S5_twin_shock_imf_bailout,indonesia,USDC
295,0.768827649073006,34697868631.37462,115,S5_twin_shock_imf_bailout,indonesia,USDC
296,0.7329686771803694,33830421876.86835,115,S5_twin_shock_imf_bailout,indonesia,USDC
297,0.7317503771986755,32984661293.311626,115,S5_twin_shock_imf_bailout,indonesia,USDC
298,0.7566655679126857,32160044732.313774,115,S5_twin_shock_imf_bailout,indonesia,USDC
299,0.7613867317545715,31356043594.1372,115,S5_twin_shock_imf_bailout,indonesia,USDC
300,0.7709962520372607,30572142489.99459,115,S5_twin_shock_imf_bailout,indonesia,USDC
301,0.7574384472604451,29807838916.881653,115,S5_twin_shock_imf_bailout,indonesia,USDC
302,0.7559105426251095,29062642934.5952,115,S5_twin_shock_imf_bailout,indonesia,USDC
303,0.7541165892464311,28336076853.435524,115,S5_twin_shock_imf_bailout,indonesia,USDC
304,0.7626796857268644,27627674925.832348,115,S5_twin_shock_imf_bailout,indonesia,USDC
305,0.7608617264121985,26936983048.007366,115,S5_twin_shock_imf_bailout,indonesia,USDC
306,0.7411336376354216,26263558468.308025,115,S5_twin_shock_imf_bailout,indonesia,USDC
307,0.7599435086199059,25606969503.489902,115,S5_twin_shock_imf_bailout,indonesia,USDC
308,0.7521496042645026,24966795263.64715,115,S5_twin_shock_imf_bailout,indonesia,USDC
309,0.7698425260981872,24342625380.181015,115,S5_twin_shock_imf_bailout,indonesia,USDC
310,0.7721139649417569,23734059744.340702,115,S5_twin_shock_imf_bailout,indonesia,USDC
311,0.7895640642045876,23140708249.704575,115,S5_twin_shock_imf_bailout,indonesia,USDC
312,0.81576913492076,22562190542.69742,115,S5_twin_shock_imf_bailout,indonesia,USDC
313,0.8041141888788208,21998135778.60798,115,S5_twin_shock_imf_bailout,indonesia,USDC
314,0.787433335479108,21448182383.668896,115,S5_twin_shock_imf_bailout,indonesia,USDC
315,0.7819959491722562,20911977823.660686,115,S5_twin_shock_imf_bailout,indonesia,USDC
316,0.7591195204520221,20389178377.71621,115,S5_twin_shock_imf_bailout,indonesia,USDC
317,0.7782536282049624,19879448917.949387,115,S5_twin_shock_imf_bailout,indonesia,USDC
318,0.7771577515841616,19382462694.761784,115,S5_twin_shock_imf_bailout,indonesia,USDC
319,0.7477871764974299,18897901127.19047,115,S5_twin_shock_imf_bailout,indonesia,USDC
320,0.7685133831189505,18425453598.82755,115,S5_twin_shock_imf_bailout,indonesia,USDC
321,0.7626955744236323,17964817258.733128,115,S5_twin_shock_imf_bailout,indonesia,USDC
322,0.7666988583226456,17515696827.162395,115,S5_twin_shock_imf_bailout,indonesia,USDC
323,0.7937413836736746,17077804406.403156,115,S5_twin_shock_imf_bailout,indonesia,USDC
324,0.7969634063309213,16650859296.186182,115,S5_twin_shock_imf_bailout,indonesia,USDC
325,0.8023968163169964,16234587813.734547,115,S5_twin_shock_imf_bailout,indonesia,USDC
326,0.8024631692914644,15828723118.353579,115,S5_twin_shock_imf_bailout,indonesia,USDC
327,0.7947708504412737,15433005040.363571,115,S5_twin_shock_imf_bailout,indonesia,USDC
328,0.7948409286229058,15047179914.326841,115,S5_twin_shock_imf_bailout,indonesia,USDC
329,0.7781019368568487,14671000416.447357,115,S5_twin_shock_imf_bailout,indonesia,USDC
330,0.7563912859122494,14304225406.015587,115,S5_twin_shock_imf_bailout,indonesia,USDC
331,0.7783543410363144,13946619770.846813,115,S5_twin_shock_imf_bailout,indonesia,USDC
332,0.8149310507831274,13597954276.56329,115,S5_twin_shock_imf_bailout,indonesia,USDC
333,0.8017994824386242,13258005419.64112,115,S5_twin_shock_imf_bailout,indonesia,USDC
334,0.8003714951652197,12926555284.142807,115,S5_twin_shock_imf_bailout,indonesia,USDC
335,0.8031761273305766,12603391402.032951,115,S5_twin_shock_imf_bailout,indonesia,USDC
336,0.8173385648371843,12288306616.976992,115,S5_twin_shock_imf_bailout,indonesia,USDC
337,0.7939998227577958,11981098951.548483,115,S5_twin_shock_imf_bailout,indonesia,USDC
338,0.8179718958469316,11681571477.755957,115,S5_twin_shock_imf_bailout,indonesia,USDC
339,0.8101362090959934,11389532190.809286,115,S5_twin_shock_imf_bailout,indonesia,USDC
340,0.778734115543513,11104793886.036537,115,S5_twin_shock_imf_bailout,indonesia,USDC
341,0.7704569904415625,10827174038.883158,115,S5_twin_shock_imf_bailout,indonesia,USDC
342,0.7941025519264246,10556494687.90904,115,S5_twin_shock_imf_bailout,indonesia,USDC
343,0.6781142986701292,10292582320.709906,115,S5_twin_shock_imf_bailout,indonesia,USDC
344,0.7047812724320285,10035267762.690098,115,S5_twin_shock_imf_bailout,indonesia,USDC
345,0.703457251274012,9784386068.621536,115,S5_twin_shock_imf_bailout,indonesia,USDC
346,0.7243388894704114,9539776416.905098,115,S5_twin_shock_imf_bailout,indonesia,USDC
347,0.7144756175716085,9301282006.481817,115,S5_twin_shock_imf_bailout,indonesia,USDC
348,0.7227325370333632,9068749956.319284,115,S5_twin_shock_imf_bailout,indonesia,USDC
349,0.701070719364351,8842031207.410957,115,S5_twin_shock_imf_bailout,indonesia,USDC
350,0.7112786592676089,8620980427.225386,115,S5_twin_shock_imf_bailout,indonesia,USDC
351,0.7364720327861195,8405455916.54454,115,S5_twin_shock_imf_bailout,indonesia,USDC
352,0.7505973671618529,8195319518.630791,115,S5_twin_shock_imf_bailout,indonesia,USDC
353,0.7539549210778264,7990436530.66492,115,S5_twin_shock_imf_bailout,indonesia,USDC
354,0.7444320171261387,7790675617.398226,115,S5_twin_shock_imf_bailout,indonesia,USDC
355,0.7278476222651066,7595908726.963209,115,S5_twin_shock_imf_bailout,indonesia,USDC
356,0.7114237826539251,7406011008.789078,115,S5_twin_shock_imf_bailout,indonesia,USDC
357,0.7124371573985768,7220860733.569308,115,S5_twin_shock_imf_bailout,indonesia,USDC
358,0.7251085378813926,7040339215.230046,115,S5_twin_shock_imf_bailout,indonesia,USDC
359,0.7217055766501037,6864330734.849275,115,S5_twin_shock_imf_bailout,indonesia,USDC
360,0.7262844635324259,6692722466.478026,115,S5_twin_shock_imf_bailout,indonesia,USDC
361,0.7260637694279221,6525404404.816063,115,S5_twin_shock_imf_bailout,indonesia,USDC
362,0.7291439554006774,6362269294.695652,115,S5_twin_shock_imf_bailout,indonesia,USDC
363,0.7467218387969371,6203212562.328255,115,S5_twin_shock_imf_bailout,indonesia,USDC
364,0.747242260675462,6048132248.270042,115,S5_twin_shock_imf_bailout,indonesia,USDC
365,0.7574945090353402,5896928942.063288,115,S5_twin_shock_imf_bailout,indonesia,USDC
366,0.7707457031914207,5749505718.5117035,115,S5_twin_shock_imf_bailout,indonesia,USDC
367,0.7848497108851,5605768075.548908,115,S5_twin_shock_imf_bailout,indonesia,USDC
368,0.7811765805769028,5465623873.660184,115,S5_twin_shock_imf_bailout,indonesia,USDC
369,0.7932051182021546,5328983276.818678,115,S5_twin_shock_imf_bailout,indonesia,USDC
370,0.7911975214818009,5195758694.898211,115,S5_twin_shock_imf_bailout,indonesia,USDC
371,0.7867081070857561,5065864727.525754,115,S5_twin_shock_imf_bailout,indonesia,USDC
372,0.7561122788510453,4939218109.337609,115,S5_twin_shock_imf_bailout,indonesia,USDC
373,0.7553582520621431,4815737656.604169,115,S5_twin_shock_imf_bailout,indonesia,USDC
374,0.7524900999954696,4695344215.189064,115,S5_twin_shock_imf_bailout,indonesia,USDC
375,0.7576132433187484,4577960609.809337,115,S5_twin_shock_imf_bailout,indonesia,USDC
376,0.7592133852303757,4463511594.564103,115,S5_twin_shock_imf_bailout,indonesia,USDC
377,0.7779669513454278,4351923804.700001,115,S5_twin_shock_imf_bailout,indonesia,USDC
378,0.7884654241878213,4243125709.5825005,115,S5_twin_shock_imf_bailout,indonesia,USDC
379,0.7845157362994993,4137047566.8429384,115,S5_twin_shock_imf_bailout,indonesia,USDC
380,0.7622320918123843,4033621377.6718645,115,S5_twin_shock_imf_bailout,indonesia,USDC
381,0.7613629710646463,3932780843.230068,115,S5_twin_shock_imf_bailout,indonesia,USDC
382,0.7504687948211124,3834461322.149317,115,S5_twin_shock_imf_bailout,indonesia,USDC
383,0.7426438716355895,3738599789.095583,115,S5_twin_shock_imf_bailout,indonesia,USDC
384,0.7370748156819414,3645134794.3681936,115,S5_twin_shock_imf_bailout,indonesia,USDC
385,0.74024571031599,3554006424.5089893,115,S5_twin_shock_imf_bailout,indonesia,USDC
386,0.7349859758663358,3465156263.896264,115,S5_twin_shock_imf_bailout,indonesia,USDC
387,0.7345884577636567,3378527357.2988577,115,S5_twin_shock_imf_bailout,indonesia,USDC
388,0.7458695159737887,3294064173.3663864,115,S5_twin_shock_imf_bailout,indonesia,USDC
389,0.7516209000347996,3211712569.032227,115,S5_twin_shock_imf_bailout,indonesia,USDC
390,0.7663339935674722,3131419754.8064213,115,S5_twin_shock_imf_bailout,indonesia,USDC
391,0.7640095533886163,3053134260.93626,115,S5_twin_shock_imf_bailout,indonesia,USDC
392,0.7782419444501938,2976805904.4128537,115,S5_twin_shock_imf_bailout,indonesia,USDC
393,0.786413265147939,2902385756.8025327,115,S5_twin_shock_imf_bailout,indonesia,USDC
394,0.7868469712326438,2829826112.882469,115,S5_twin_shock_imf_bailout,indonesia,USDC
395,0.7838832288117625,2759080460.0604076,115,S5_twin_shock_imf_bailout,indonesia,USDC
396,0.7963035106418744,2690103448.558897,115,S5_twin_shock_imf_bailout,indonesia,USDC
397,0.7999338309535212,2622850862.344925,115,S5_twin_shock_imf_bailout,indonesia,USDC
398,0.8168972923908876,2557279590.7863016,115,S5_twin_shock_imf_bailout,indonesia,USDC
399,0.8105977837880666,2493347601.0166445,115,S5_twin_shock_imf_bailout,indonesia,USDC
400,0.8072333485572561,2431013910.991228,115,S5_twin_shock_imf_bailout,indonesia,USDC
401,0.8126775599224404,2370238563.2164474,115,S5_twin_shock_imf_bailout,indonesia,USDC
402,0.8224367211101421,2310982599.136036,115,S5_twin_shock_imf_bailout,indonesia,USDC
403,0.8286124696354437,2253208034.157635,115,S5_twin_shock_imf_bailout,indonesia,USDC
404,0.8404782721355933,2196877833.3036942,115,S5_twin_shock_imf_bailout,indonesia,USDC
405,0.8383089455120539,2141955887.4711022,115,S5_twin_shock_imf_bailout,indonesia,USDC
406,0.8561204168219932,2088406990.2843244,115,S5_twin_shock_imf_bailout,indonesia,USDC
407,0.8387844698464664,2036196815.5272162,115,S5_twin_shock_imf_bailout,indonesia,USDC
408,0.83916841005391,1985291895.1390357,115,S5_twin_shock_imf_bailout,indonesia,USDC
409,0.8201816916208537,1935659597.76056,115,S5_twin_shock_imf_bailout,indonesia,USDC
410,0.806721763975491,1887268107.816546,115,S5_twin_shock_imf_bailout,indonesia,USDC
411,0.8088077584980381,1840086405.1211324,115,S5_twin_shock_imf_bailout,indonesia,USDC
412,0.8026218495965062,1794084244.993104,115,S5_twin_shock_imf_bailout,indonesia,USDC
413,0.8179685744420224,1749232138.8682766,115,S5_twin_shock_imf_bailout,indonesia,USDC
414,0.8109463203981994,1705501335.3965697,115,S5_twin_shock_imf_bailout,indonesia,USDC
415,0.7993253318359752,1662863802.0116556,115,S5_twin_shock_imf_bailout,indonesia,USDC
416,0.7915566828555352,1621292206.9613643,115,S5_twin_shock_imf_bailout,indonesia,USDC
417,0.7876709711322194,1580759901.7873302,115,S5_twin_shock_imf_bailout,indonesia,USDC
418,0.7817963219307579,1541240904.2426467,115,S5_twin_shock_imf_bailout,indonesia,USDC
419,0.7732271913121315,1502709881.6365805,115,S5_twin_shock_imf_bailout,indonesia,USDC
420,0.7773444470050632,1465142134.595666,115,S5_twin_shock_imf_bailout,indonesia,USDC
421,0.7555665840292061,1428513581.2307744,115,S5_twin_shock_imf_bailout,indonesia,USDC
422,0.7519762873716886,1392800741.700005,115,S5_twin_shock_imf_bailout,indonesia,USDC
423,0.7059569488454762,1357980723.1575048,115,S5_twin_shock_imf_bailout,indonesia,USDC
424,0.6943486268207412,1324031205.0785673,115,S5_twin_shock_imf_bailout,indonesia,USDC
425,0.7183432850513691,1290930424.9516032,115,S5_twin_shock_imf_bailout,indonesia,USDC
426,0.7101997099339074,1258657164.327813,115,S5_twin_shock_imf_bailout,indonesia,USDC
427,0.7219864349241141,1227190735.2196176,115,S5_twin_shock_imf_bailout,indonesia,USDC
428,0.7393420539171144,1196510966.839127,115,S5_twin_shock_imf_bailout,indonesia,USDC
429,0.7464048411835174,1166598192.668149,115,S5_twin_shock_imf_bailout,indonesia,USDC
430,0.7630270210955409,1137433237.8514452,115,S5_twin_shock_imf_bailout,indonesia,USDC
431,0.7573157894305914,1108997406.905159,115,S5_twin_shock_imf_bailout,indonesia,USDC
432,0.7592522646670673,1081272471.7325299,115,S5_twin_shock_imf_bailout,indonesia,USDC
433,0.7711728697984845,1054240659.9392169,115,S5_twin_shock_imf_bailout,indonesia,USDC
434,0.7742907676847351,1027884643.4407363,115,S5_twin_shock_imf_bailout,indonesia,USDC
435,0.7454335315904508,1002187527.354718,115,S5_twin_shock_imf_bailout,indonesia,USDC
436,0.7549657906295363,977132839.17085,115,S5_twin_shock_imf_bailout,indonesia,USDC
437,0.7454987940284574,952704518.1915789,115,S5_twin_shock_imf_bailout,indonesia,USDC
438,0.7368608307400267,928886905.2367892,115,S5_twin_shock_imf_bailout,indonesia,USDC
439,0.7385946233679591,905664732.6058695,115,S5_twin_shock_imf_bailout,indonesia,USDC
440,0.7299590776928723,883023114.2907228,115,S5_twin_shock_imf_bailout,indonesia,USDC
441,0.7421586727780272,860947536.4334548,115,S5_twin_shock_imf_bailout,indonesia,USDC
442,0.7399833507840342,839423848.0226185,115,S5_twin_shock_imf_bailout,indonesia,USDC
443,0.7576989837516415,818438251.822053,115,S5_twin_shock_imf_bailout,indonesia,USDC
444,0.7517395880352455,797977295.5265017,115,S5_twin_shock_imf_bailout,indonesia,USDC
445,0.7569388082732578,778027863.138339,115,S5_twin_shock_imf_bailout,indonesia,USDC
446,0.7721883062937286,758577166.5598806,115,S5_twin_shock_imf_bailout,indonesia,USDC
447,0.7824150114343467,739612737.3958837,115,S5_twin_shock_imf_bailout,indonesia,USDC
448,0.7855398483842576,721122418.9609866,115,S5_twin_shock_imf_bailout,indonesia,USDC
449,0.7904480824315651,703094358.4869618,115,S5_twin_shock_imf_bailout,indonesia,USDC
450,0.7973938459175669,685516999.5247879,115,S5_twin_shock_imf_bailout,indonesia,USDC
451,0.8101146474599803,668379074.5366681,115,S5_twin_shock_imf_bailout,indonesia,USDC
452,0.8317631709388988,651669597.6732514,115,S5_twin_shock_imf_bailout,indonesia,USDC
453,0.8338515571513251,635377857.73142,115,S5_twin_shock_imf_bailout,indonesia,USDC
454,0.851849740209139,619493411.2881346,115,S5_twin_shock_imf_bailout,indonesia,USDC
455,0.8354834260794628,604006076.0059311,115,S5_twin_shock_imf_bailout,indonesia,USDC
456,0.8114732497268555,588905924.1057829,115,S5_twin_shock_imf_bailout,indonesia,USDC
457,0.8088452920290644,574183276.0031383,115,S5_twin_shock_imf_bailout,indonesia,USDC
458,0.813831033423582,559828694.1030599,115,S5_twin_shock_imf_bailout,indonesia,USDC
459,0.8038339118693903,545832976.7504834,115,S5_twin_shock_imf_bailout,indonesia,USDC
460,0.7943115076229537,532187152.3317213,115,S5_twin_shock_imf_bailout,indonesia,USDC
461,0.786410433384275,518882473.5234282,115,S5_twin_shock_imf_bailout,indonesia,USDC
462,0.7725868570728732,505910411.68534255,115,S5_twin_shock_imf_bailout,indonesia,USDC
463,0.8022449564984637,493262651.393209,115,S5_twin_shock_imf_bailout,indonesia,USDC
464,0.7896384980682515,480931085.10837877,115,S5_twin_shock_imf_bailout,indonesia,USDC
465,0.7707700742950315,468907807.98066926,115,S5_twin_shock_imf_bailout,indonesia,USDC
466,0.7751184711874102,457185112.7811525,115,S5_twin_shock_imf_bailout,indonesia,USDC
467,0.7949152493676227,445755484.9616237,115,S5_twin_shock_imf_bailout,indonesia,USDC
468,0.8022899062984223,434611597.8375832,115,S5_twin_shock_imf_bailout,indonesia,USDC
469,0.797936458398395,423746307.8916435,115,S5_twin_shock_imf_bailout,indonesia,USDC
470,0.7997872531838971,413152650.1943524,115,S5_twin_shock_imf_bailout,indonesia,USDC
471,0.7708039294406498,402823833.9394936,115,S5_twin_shock_imf_bailout,indonesia,USDC
472,0.7644032197998315,392753238.0910063,115,S5_twin_shock_imf_bailout,indonesia,USDC
473,0.7740976760892656,382934407.1387311,115,S5_twin_shock_imf_bailout,indonesia,USDC
474,0.7747655246621863,373361046.96026284,115,S5_twin_shock_imf_bailout,indonesia,USDC
475,0.7837523120490535,364027020.7862562,115,S5_twin_shock_imf_bailout,indonesia,USDC
476,0.7541892402572697,354926345.26659983,115,S5_twin_shock_imf_bailout,indonesia,USDC
477,0.7807146031903806,346053186.63493484,115,S5_twin_shock_imf_bailout,indonesia,USDC
478,0.7777991057879331,337401856.9690615,115,S5_twin_shock_imf_bailout,indonesia,USDC
479,0.7481486834308254,328966810.5448349,115,S5_twin_shock_imf_bailout,indonesia,USDC
480,0.7638443513399552,320742640.281214,115,S5_twin_shock_imf_bailout,indonesia,USDC
481,0.7685974930520338,312724074.2741837,115,S5_twin_shock_imf_bailout,indonesia,USDC
482,0.7597343524475141,304905972.4173291,115,S5_twin_shock_imf_bailout,indonesia,USDC
483,0.7529280039491183,297283323.10689586,115,S5_twin_shock_imf_bailout,indonesia,USDC
484,0.7457894065942388,289851240.02922344,115,S5_twin_shock_imf_bailout,indonesia,USDC
485,0.6490654564059655,282604959.02849287,115,S5_twin_shock_imf_bailout,indonesia,USDC
486,0.6599019000429245,275539835.0527805,115,S5_twin_shock_imf_bailout,indonesia,USDC
487,0.6799012653271628,268651339.17646104,115,S5_twin_shock_imf_bailout,indonesia,USDC
488,0.692942507168865,261935055.6970495,115,S5_twin_shock_imf_bailout,indonesia,USDC
489,0.6979993224883337,255386679.30462325,115,S5_twin_shock_imf_bailout,indonesia,USDC
490,0.7197632498640588,249002012.32200766,115,S5_twin_shock_imf_bailout,indonesia,USDC
491,0.7201085333783538,242776962.0139575,115,S5_twin_shock_imf_bailout,indonesia,USDC
492,0.7153054482511103,236707537.96360856,115,S5_twin_shock_imf_bailout,indonesia,USDC
493,0.733792873657557,230789849.51451832,115,S5_twin_shock_imf_bailout,indonesia,USDC
494,0.7519762279848997,225020103.27665538,115,S5_twin_shock_imf_bailout,indonesia,USDC
495,0.7513536184652146,219394600.69473898,115,S5_twin_shock_imf_bailout,indonesia,USDC
496,0.7599599516338793,213909735.67737055,115,S5_twin_shock_imf_bailout,indonesia,USDC
497,0.7803075639492003,208561992.28543627,115,S5_twin_shock_imf_bailout,indonesia,USDC
498,0.7938589342588159,203347942.47830036,115,S5_twin_shock_imf_bailout,indonesia,USDC
499,0.8069154760532926,198264243.91634285,115,S5_twin_shock_imf_bailout,indonesia,USDC
500,0.7961708674360172,193307637.8184343,115,S5_twin_shock_imf_bailout,indonesia,USDC
501,0.7699463402696975,188474946.87297344,115,S5_twin_shock_imf_bailout,indonesia,USDC
502,0.7801162852974873,183763073.2011491,115,S5_twin_shock_imf_bailout,indonesia,USDC
503,0.7994945238237455,179168996.37112036,115,S5_twin_shock_imf_bailout,indonesia,USDC
504,0.7857793400955748,174689771.46184236,115,S5_twin_shock_imf_bailout,indonesia,USDC
505,0.7913429554472419,170322527.1752963,115,S5_twin_shock_imf_bailout,indonesia,USDC
506,0.8079514813274867,166064463.9959139,115,S5_twin_shock_imf_bailout,indonesia,USDC
507,0.7792879227109586,161912852.39601606,115,S5_twin_shock_imf_bailout,indonesia,USDC
508,0.7783012031932606,157865031.08611566,115,S5_twin_shock_imf_bailout,indonesia,USDC
509,0.7925937919088102,153918405.30896276,115,S5_twin_shock_imf_bailout,indonesia,USDC
510,0.82587784132218,150070445.1762387,115,S5_twin_shock_imf_bailout,indonesia,USDC
511,0.8318426112557505,146318684.0468327,115,S5_twin_shock_imf_bailout,indonesia,USDC
512,0.8386975674520422,142660716.9456619,115,S5_twin_shock_imf_bailout,indonesia,USDC
513,0.8527943851172572,139094199.02202034,115,S5_twin_shock_imf_bailout,indonesia,USDC
514,0.8486476216281466,135616844.04646984,115,S5_twin_shock_imf_bailout,indonesia,USDC
515,0.8338923899885475,132226422.94530809,115,S5_twin_shock_imf_bailout,indonesia,USDC
516,0.8221833080124056,128920762.3716754,115,S5_twin_shock_imf_bailout,indonesia,USDC
517,0.8277466323448525,125697743.3123835,115,S5_twin_shock_imf_bailout,indonesia,USDC
518,0.8373408362425431,122555299.72957394,115,S5_twin_shock_imf_bailout,indonesia,USDC
519,0.8161428932466547,119491417.23633458,115,S5_twin_shock_imf_bailout,indonesia,USDC
520,0.8087536649933963,116504131.80542621,115,S5_twin_shock_imf_bailout,indonesia,USDC
521,0.8303925751339656,113591528.51029053,115,S5_twin_shock_imf_bailout,indonesia,USDC
522,0.8393552229686045,110751740.29753327,115,S5_twin_shock_imf_bailout,indonesia,USDC
523,0.8180423501830343,107982946.79009494,115,S5_twin_shock_imf_bailout,indonesia,USDC
524,0.7964040565821965,105283373.12034257,115,S5_twin_shock_imf_bailout,indonesia,USDC
525,0.803944841505259,102651288.792334,115,S5_twin_shock_imf_bailout,indonesia,USDC
526,0.7830902089587356,100085006.57252565,115,S5_twin_shock_imf_bailout,indonesia,USDC
527,0.7759271071606659,97582881.40821251,115,S5_twin_shock_imf_bailout,indonesia,USDC
528,0.7660292009901994,95143309.37300721,115,S5_twin_shock_imf_bailout,indonesia,USDC
529,0.7624756143771366,92764726.63868202,115,S5_twin_shock_imf_bailout,indonesia,USDC
530,0.7639035067554869,90445608.47271498,115,S5_twin_shock_imf_bailout,indonesia,USDC
531,0.7492757525629737,88184468.26089709,115,S5_twin_shock_imf_bailout,indonesia,USDC
532,0.754421229763791,85979856.55437467,115,S5_twin_shock_imf_bailout,indonesia,USDC
533,0.7619202356092215,83830360.1405153,115,S5_twin_shock_imf_bailout,indonesia,USDC
534,0.7376324808778597,81734601.13700241,115,S5_twin_shock_imf_bailout,indonesia,USDC
535,0.7329219855375235,79691236.10857736,115,S5_twin_shock_imf_bailout,indonesia,USDC
536,0.7361375253286013,77698955.20586292,115,S5_twin_shock_imf_bailout,indonesia,USDC
537,0.7343897141252406,75756481.32571635,115,S5_twin_shock_imf_bailout,indonesia,USDC
538,0.7296890470560555,73862569.29257344,115,S5_twin_shock_imf_bailout,indonesia,USDC
539,0.7334297122121772,72016005.0602591,115,S5_twin_shock_imf_bailout,indonesia,USDC
540,0.705888473974337,70215604.93375263,115,S5_twin_shock_imf_bailout,indonesia,USDC
541,0.7272637103238623,68460214.8104088,115,S5_twin_shock_imf_bailout,indonesia,USDC
542,0.7229471762158857,66748709.440148585,115,S5_twin_shock_imf_bailout,indonesia,USDC
543,0.7393050689260839,65079991.704144865,115,S5_twin_shock_imf_bailout,indonesia,USDC
544,0.7594793937933553,63452991.91154124,115,S5_twin_shock_imf_bailout,indonesia,USDC
545,0.7844657607248242,61866667.113752715,115,S5_twin_shock_imf_bailout,indonesia,USDC
546,0.7977791845700368,60320000.43590889,115,S5_twin_shock_imf_bailout,indonesia,USDC
547,0.7971257852948743,58812000.425011165,115,S5_twin_shock_imf_bailout,indonesia,USDC
548,0.8266748563353735,57341700.41438589,115,S5_twin_shock_imf_bailout,indonesia,USDC
549,0.841861849795328,55908157.90402625,115,S5_twin_shock_imf_bailout,indonesia,USDC
550,0.8272813718948997,54510453.956425585,115,S5_twin_shock_imf_bailout,indonesia,USDC
551,0.7997698949586703,53147692.60751495,115,S5_twin_shock_imf_bailout,indonesia,USDC
552,0.817081178129126,51819000.292327076,115,S5_twin_shock_imf_bailout,indonesia,USDC
553,0.8214751326675009,50523525.28501889,115,S5_twin_shock_imf_bailout,indonesia,USDC
554,0.8100568605857864,49260437.152893424,115,S5_twin_shock_imf_bailout,indonesia,USDC
555,0.8051471224680362,48028926.224071085,115,S5_twin_shock_imf_bailout,indonesia,USDC
556,0.8045870335255991,46828203.068469316,115,S5_twin_shock_imf_bailout,indonesia,USDC
557,0.8033781875697191,45657497.99175758,115,S5_twin_shock_imf_bailout,indonesia,USDC
558,0.8102060191055838,44516060.54196364,115,S5_twin_shock_imf_bailout,indonesia,USDC
559,0.7965823280959053,43403159.02841455,115,S5_twin_shock_imf_bailout,indonesia,USDC
560,0.7703752059174286,42318080.052704185,115,S5_twin_shock_imf_bailout,indonesia,USDC
561,0.7821237727085493,41260128.05138658,115,S5_twin_shock_imf_bailout,indonesia,USDC
562,0.7853888537747679,40228624.85010192,115,S5_twin_shock_imf_bailout,indonesia,USDC
563,0.7824291279416992,39222909.22884937,115,S5_twin_shock_imf_bailout,indonesia,USDC
564,0.7718995916042241,38242336.49812813,115,S5_twin_shock_imf_bailout,indonesia,USDC
565,0.8027383462245831,37286278.08567493,115,S5_twin_shock_imf_bailout,indonesia,USDC
566,0.7980585596754816,36354121.13353306,115,S5_twin_shock_imf_bailout,indonesia,USDC
567,0.790979364808368,35445268.10519473,115,S5_twin_shock_imf_bailout,indonesia,USDC
568,0.81413202478356,34559136.40256487,115,S5_twin_shock_imf_bailout,indonesia,USDC
569,0.819869802743807,33695157.992500745,115,S5_twin_shock_imf_bailout,indonesia,USDC
570,0.8001488405071016,32852779.04268822,115,S5_twin_shock_imf_bailout,indonesia,USDC
571,0.7990100309262693,32031459.566621013,115,S5_twin_shock_imf_bailout,indonesia,USDC
572,0.8007260157599101,31230673.07745549,115,S5_twin_shock_imf_bailout,indonesia,USDC
573,0.8008254032888474,30449906.2505191,115,S5_twin_shock_imf_bailout,indonesia,USDC
574,0.8034716545668651,29688658.594256125,115,S5_twin_shock_imf_bailout,indonesia,USDC
575,0.8151258975396432,28946442.129399724,115,S5_twin_shock_imf_bailout,indonesia,USDC
576,0.8072885988781682,28222781.07616473,115,S5_twin_shock_imf_bailout,indonesia,USDC
577,0.825044874626479,27517211.54926061,115,S5_twin_shock_imf_bailout,indonesia,USDC
578,0.8067962027750692,26829281.260529093,115,S5_twin_shock_imf_bailout,indonesia,USDC
579,0.803367692257726,26158549.22901587,115,S5_twin_shock_imf_bailout,indonesia,USDC
580,0.808591641161905,25504585.49829047,115,S5_twin_shock_imf_bailout,indonesia,USDC
581,0.7996896053470072,24866970.86083321,115,S5_twin_shock_imf_bailout,indonesia,USDC
582,0.803085181967589,24245296.589312382,115,S5_twin_shock_imf_bailout,indonesia,USDC
583,0.8220059823693788,23639164.174579572,115,S5_twin_shock_imf_bailout,indonesia,USDC
584,0.8109521857125785,23048185.07021508,115,S5_twin_shock_imf_bailout,indonesia,USDC
585,0.8027518126904042,22471980.443459705,115,S5_twin_shock_imf_bailout,indonesia,USDC
586,0.8064568676270215,21910180.93237321,115,S5_twin_shock_imf_bailout,indonesia,USDC
587,0.8455596110031321,21362426.40906388,115,S5_twin_shock_imf_bailout,indonesia,USDC
588,0.822943767935728,20828365.748837285,115,S5_twin_shock_imf_bailout,indonesia,USDC
589,0.8527911636521357,20307656.605116352,115,S5_twin_shock_imf_bailout,indonesia,USDC
590,0.8668404953254417,19799965.18998844,115,S5_twin_shock_imf_bailout,indonesia,USDC
591,0.8531546474259779,19304966.06023873,115,S5_twin_shock_imf_bailout,indonesia,USDC
592,0.8749780452073691,18822341.908732764,115,S5_twin_shock_imf_bailout,indonesia,USDC
593,0.855864541707531,18351783.361014444,115,S5_twin_shock_imf_bailout,indonesia,USDC
594,0.7174040533334083,17892988.776989084,115,S5_twin_shock_imf_bailout,indonesia,USDC
595,0.7271269853418241,17445664.057564355,115,S5_twin_shock_imf_bailout,indonesia,USDC
596,0.715957673241967,17009522.45612525,115,S5_twin_shock_imf_bailout,indonesia,USDC
597,0.7180689200835894,16584284.394722115,115,S5_twin_shock_imf_bailout,indonesia,USDC
598,0.7137206929925681,16169677.284854062,115,S5_twin_shock_imf_bailout,indonesia,USDC
599,0.7274885598114248,15765435.35273271,115,S5_twin_shock_imf_bailout,indonesia,USDC
600,0.7325679729165948,15371299.468914393,115,S5_twin_shock_imf_bailout,indonesia,USDC
601,0.7448777717527988,14987016.982191533,115,S5_twin_shock_imf_bailout,indonesia,USDC
602,0.7258848651101902,14612341.557636747,115,S5_twin_shock_imf_bailout,indonesia,USDC
603,0.7241805666483875,14247033.018695828,115,S5_twin_shock_imf_bailout,indonesia,USDC
604,0.7421424542100237,13890857.193228431,115,S5_twin_shock_imf_bailout,indonesia,USDC
605,0.7673909124770263,13543585.76339772,115,S5_twin_shock_imf_bailout,indonesia,USDC
606,0.7622115230921651,13204996.119312778,115,S5_twin_shock_imf_bailout,indonesia,USDC
607,0.7777062643693987,12874871.216329958,115,S5_twin_shock_imf_bailout,indonesia,USDC
608,0.7953408208458098,12552999.43592171,115,S5_twin_shock_imf_bailout,indonesia,USDC
609,0.7830680965606261,12239174.450023668,115,S5_twin_shock_imf_bailout,indonesia,USDC
610,0.8070567103220654,11933195.088773075,115,S5_twin_shock_imf_bailout,indonesia,USDC
611,0.7935459071940622,11634865.211553749,115,S5_twin_shock_imf_bailout,indonesia,USDC
612,0.8008056566644672,11343993.581264906,115,S5_twin_shock_imf_bailout,indonesia,USDC
613,0.7996163690074494,11060393.741733283,115,S5_twin_shock_imf_bailout,indonesia,USDC
614,0.7985790890765408,10783883.89818995,115,S5_twin_shock_imf_bailout,indonesia,USDC
615,0.7938305408627624,10514286.800735202,115,S5_twin_shock_imf_bailout,indonesia,USDC
616,0.798431762958181,10251429.630716823,115,S5_twin_shock_imf_bailout,indonesia,USDC
617,0.7937327118800345,9995143.889948903,115,S5_twin_shock_imf_bailout,indonesia,USDC
618,0.784698425176745,9745265.29270018,115,S5_twin_shock_imf_bailout,indonesia,USDC
619,0.7951096552565453,9501633.660382675,115,S5_twin_shock_imf_bailout,indonesia,USDC
620,0.8129450413815574,9264092.81887311,115,S5_twin_shock_imf_bailout,indonesia,USDC
621,0.8218867232887594,9032490.49840128,115,S5_twin_shock_imf_bailout,indonesia,USDC
622,0.8248512398111562,8806678.23594125,115,S5_twin_shock_imf_bailout,indonesia,USDC
623,0.8455289972352342,8586511.280042717,115,S5_twin_shock_imf_bailout,indonesia,USDC
624,0.8379369808554182,8371848.498041649,115,S5_twin_shock_imf_bailout,indonesia,USDC
625,0.8331563834271125,8162552.285590609,115,S5_twin_shock_imf_bailout,indonesia,USDC
626,0.7985587697708075,7958488.478450842,115,S5_twin_shock_imf_bailout,indonesia,USDC
627,0.7977908607162293,7759526.266489571,115,S5_twin_shock_imf_bailout,indonesia,USDC
628,0.7932643902592987,7565538.109827332,115,S5_twin_shock_imf_bailout,indonesia,USDC
629,0.7931532436340015,7376399.657081649,115,S5_twin_shock_imf_bailout,indonesia,USDC
630,0.7906635074553413,7191989.665654608,115,S5_twin_shock_imf_bailout,indonesia,USDC
631,0.7913310642464986,7012189.924013243,115,S5_twin_shock_imf_bailout,indonesia,USDC
632,0.7975793496442777,6836885.175912911,115,S5_twin_shock_imf_bailout,indonesia,USDC
633,0.8093853872821511,6665963.0465150885,115,S5_twin_shock_imf_bailout,indonesia,USDC
634,0.8129226449134029,6499313.970352212,115,S5_twin_shock_imf_bailout,indonesia,USDC
635,0.8170638819762724,6336831.121093407,115,S5_twin_shock_imf_bailout,indonesia,USDC
636,0.7906818916180633,6178410.343066072,115,S5_twin_shock_imf_bailout,indonesia,USDC
637,0.7858021761397247,6023950.08448942,115,S5_twin_shock_imf_bailout,indonesia,USDC
638,0.7742426095899352,5873351.332377184,115,S5_twin_shock_imf_bailout,indonesia,USDC
639,0.7411765903685629,5726517.549067755,115,S5_twin_shock_imf_bailout,indonesia,USDC
640,0.7345192973800917,5583354.610341061,115,S5_twin_shock_imf_bailout,indonesia,USDC
641,0.7584785956396409,5443770.745082535,115,S5_twin_shock_imf_bailout,indonesia,USDC
642,0.7719632869057621,5307676.476455471,115,S5_twin_shock_imf_bailout,indonesia,USDC
643,0.8021701681497652,5174984.564544084,115,S5_twin_shock_imf_bailout,indonesia,USDC
644,0.8060425324565419,5045609.950430482,115,S5_twin_shock_imf_bailout,indonesia,USDC
645,0.8267228556938806,4919469.701669719,115,S5_twin_shock_imf_bailout,indonesia,USDC
646,0.845105934540737,4796482.959127977,115,S5_twin_shock_imf_bailout,indonesia,USDC
647,0.82894593284864,4676570.885149777,115,S5_twin_shock_imf_bailout,indonesia,USDC
648,0.823294034617051,4559656.613021033,115,S5_twin_shock_imf_bailout,indonesia,USDC
649,0.8203561179765181,4445665.197695507,115,S5_twin_shock_imf_bailout,indonesia,USDC
650,0.8101448743476359,4334523.567753119,115,S5_twin_shock_imf_bailout,indonesia,USDC
651,0.8127277699904566,4226160.478559291,115,S5_twin_shock_imf_bailout,indonesia,USDC
652,0.8448768646756277,4120506.466595309,115,S5_twin_shock_imf_bailout,indonesia,USDC
653,0.8590081082506545,4017493.804930426,115,S5_twin_shock_imf_bailout,indonesia,USDC
654,0.8612442251522879,3917056.4598071654,115,S5_twin_shock_imf_bailout,indonesia,USDC
655,0.8684422741743594,3819130.0483119865,115,S5_twin_shock_imf_bailout,indonesia,USDC
656,0.8663804435120377,3723651.797104187,115,S5_twin_shock_imf_bailout,indonesia,USDC
657,0.8657736784344868,3630560.5021765823,115,S5_twin_shock_imf_bailout,indonesia,USDC
658,0.867830454473917,3539796.4896221673,115,S5_twin_shock_imf_bailout,indonesia,USDC
659,0.8491883538669447,3451301.577381613,115,S5_twin_shock_imf_bailout,indonesia,USDC
660,0.8547163870188419,3365019.0379470726,115,S5_twin_shock_imf_bailout,indonesia,USDC
661,0.8512954019320675,3280893.561998396,115,S5_twin_shock_imf_bailout,indonesia,USDC
662,0.8282478753977756,3198871.2229484366,115,S5_twin_shock_imf_bailout,indonesia,USDC
663,0.8162811191383457,3118899.442374726,115,S5_twin_shock_imf_bailout,indonesia,USDC
664,0.8473020000950426,3040926.9563153572,115,S5_twin_shock_imf_bailout,indonesia,USDC
665,0.8594671057432426,2964903.7824074733,115,S5_twin_shock_imf_bailout,indonesia,USDC
666,0.8527863425519512,2890781.1878472865,115,S5_twin_shock_imf_bailout,indonesia,USDC
667,0.8593248519357716,2818511.6581511046,115,S5_twin_shock_imf_bailout,indonesia,USDC
668,0.8384212582234848,2748048.866697327,115,S5_twin_shock_imf_bailout,indonesia,USDC
669,0.8316116676407221,2679347.6450298936,115,S5_twin_shock_imf_bailout,indonesia,USDC
670,0.843922256289799,2612363.9539041463,115,S5_twin_shock_imf_bailout,indonesia,USDC
671,0.8647408420682933,2547054.8550565424,115,S5_twin_shock_imf_bailout,indonesia,USDC
672,0.8570617277915731,2483378.483680129,115,S5_twin_shock_imf_bailout,indonesia,USDC
673,0.8403309686368224,2421294.021588126,115,S5_twin_shock_imf_bailout,indonesia,USDC
674,0.8320108472755875,2360761.6710484223,115,S5_twin_shock_imf_bailout,indonesia,USDC
675,0.8229613727732498,2301742.629272212,115,S5_twin_shock_imf_bailout,indonesia,USDC
676,0.8279044180165949,2244199.0635404065,115,S5_twin_shock_imf_bailout,indonesia,USDC
677,0.8350743049250975,2188094.0869518965,115,S5_twin_shock_imf_bailout,indonesia,USDC
678,0.8344721363025754,2133391.734778099,115,S5_twin_shock_imf_bailout,indonesia,USDC
679,0.8454636521020461,2080056.9414086468,115,S5_twin_shock_imf_bailout,indonesia,USDC
680,0.8287135699655201,2028055.5178734306,115,S5_twin_shock_imf_bailout,indonesia,USDC
681,0.8240875997095993,1977354.1299265947,115,S5_twin_shock_imf_bailout,indonesia,USDC
682,0.8291223949169029,1927920.2766784297,115,S5_twin_shock_imf_bailout,indonesia,USDC
683,0.8305712542874943,1879722.2697614692,115,S5_twin_shock_imf_bailout,indonesia,USDC
684,0.8103035198882377,1832729.2130174325,115,S5_twin_shock_imf_bailout,indonesia,USDC
685,0.8088941489533714,1786910.9826919965,115,S5_twin_shock_imf_bailout,indonesia,USDC
686,0.8192964113481749,1742238.2081246967,115,S5_twin_shock_imf_bailout,indonesia,USDC
687,0.8057881833418186,1698682.2529215792,115,S5_twin_shock_imf_bailout,indonesia,USDC
688,0.8332022373486533,1656215.1965985396,115,S5_twin_shock_imf_bailout,indonesia,USDC
689,0.8564173573167064,1614809.8166835762,115,S5_twin_shock_imf_bailout,indonesia,USDC
690,0.839997755430994,1574439.5712664868,115,S5_twin_shock_imf_bailout,indonesia,USDC
691,0.8304380795043083,1535078.5819848247,115,S5_twin_shock_imf_bailout,indonesia,USDC
692,0.8195826608447172,1496701.617435204,115,S5_twin_shock_imf_bailout,indonesia,USDC
693,0.8142736290249658,1459284.076999324,115,S5_twin_shock_imf_bailout,indonesia,USDC
694,0.7832569671557953,1422801.9750743408,115,S5_twin_shock_imf_bailout,indonesia,USDC
695,0.7998708696390644,1387231.9256974822,115,S5_twin_shock_imf_bailout,indonesia,USDC
696,0.7689170978730739,1352551.1275550453,115,S5_twin_shock_imf_bailout,indonesia,USDC
697,0.7533894148568024,1318737.3493661692,115,S5_twin_shock_imf_bailout,indonesia,USDC
698,0.7563122810610335,1285768.9156320149,115,S5_twin_shock_imf_bailout,indonesia,USDC
699,0.779205176464964,1253624.6927412143,115,S5_twin_shock_imf_bailout,indonesia,USDC
700,0.778294215994464,1222284.075422684,115,S5_twin_shock_imf_bailout,indonesia,USDC
701,0.7874996941023253,1191726.973537117,115,S5_twin_shock_imf_bailout,indonesia,USDC
702,0.7884276161941131,1161933.799198689,115,S5_twin_shock_imf_bailout,indonesia,USDC
703,0.7983962167182229,1132885.4542187217,115,S5_twin_shock_imf_bailout,indonesia,USDC
704,0.7780482557391598,1104563.3178632536,115,S5_twin_shock_imf_bailout,indonesia,USDC
705,0.7786285784878153,1076949.2349166723,115,S5_twin_shock_imf_bailout,indonesia,USDC
706,0.7915952997328541,1050025.5040437556,115,S5_twin_shock_imf_bailout,indonesia,USDC
707,0.8027798854182083,1023774.8664426617,115,S5_twin_shock_imf_bailout,indonesia,USDC
708,0.7903312296734606,998180.4947815951,115,S5_twin_shock_imf_bailout,indonesia,USDC
709,0.7872016428109656,973225.9824120551,115,S5_twin_shock_imf_bailout,indonesia,USDC
710,0.797699801582636,948895.3328517538,115,S5_twin_shock_imf_bailout,indonesia,USDC
711,0.8090961636361195,925172.9495304599,115,S5_twin_shock_imf_bailout,indonesia,USDC
712,0.8234347765445451,902043.6257921986,115,S5_twin_shock_imf_bailout,indonesia,USDC
713,0.8031868359059818,879492.5351473936,115,S5_twin_shock_imf_bailout,indonesia,USDC
714,0.8068031492302676,857505.2217687087,115,S5_twin_shock_imf_bailout,indonesia,USDC
715,0.8297566784945996,836067.5912244909,115,S5_twin_shock_imf_bailout,indonesia,USDC
716,0.8403995367688676,815165.9014438787,115,S5_twin_shock_imf_bailout,indonesia,USDC
717,0.8276110717041278,794786.7539077816,115,S5_twin_shock_imf_bailout,indonesia,USDC
718,0.8568214569517049,774917.085060087,115,S5_twin_shock_imf_bailout,indonesia,USDC
719,0.8640583037899768,755544.1579335849,115,S5_twin_shock_imf_bailout,indonesia,USDC
720,0.868900328857336,736655.5539852453,115,S5_twin_shock_imf_bailout,indonesia,USDC
721,0.8585339867209971,718239.1651356141,115,S5_twin_shock_imf_bailout,indonesia,USDC
722,0.8694510423900075,700283.1860072238,115,S5_twin_shock_imf_bailout,indonesia,USDC
723,0.874600784202457,682776.1063570431,115,S5_twin_shock_imf_bailout,indonesia,USDC
724,0.8570809292482877,665706.703698117,115,S5_twin_shock_imf_bailout,indonesia,USDC
725,0.8609667620032423,649064.0361056642,115,S5_twin_shock_imf_bailout,indonesia,USDC
726,0.867179549105968,632837.4352030226,115,S5_twin_shock_imf_bailout,indonesia,USDC
727,0.8629532751527371,617016.499322947,115,S5_twin_shock_imf_bailout,indonesia,USDC
728,0.8477134344129309,601591.0868398733,115,S5_twin_shock_imf_bailout,indonesia,USDC
729,0.862599454977992,586551.3096688765,115,S5_twin_shock_imf_bailout,indonesia,USDC
730,0.8719478008257701,571887.5269271546,115,S5_twin_shock_imf_bailout,indonesia,USDC
731,0.8726931439197013,557590.3387539758,115,S5_twin_shock_imf_bailout,indonesia,USDC
732,0.8808249769122568,543650.5802851263,115,S5_twin_shock_imf_bailout,indonesia,USDC
733,0.8198170783977264,530059.3157779982,115,S5_twin_shock_imf_bailout,indonesia,USDC
734,0.8038368976967161,516807.8328835483,115,S5_twin_shock_imf_bailout,indonesia,USDC
735,0.7900821967712179,503887.6370614596,115,S5_twin_shock_imf_bailout,indonesia,USDC
736,0.7606735172285145,491290.4461349231,115,S5_twin_shock_imf_bailout,indonesia,USDC
737,0.7852439793786153,479008.18498155,115,S5_twin_shock_imf_bailout,indonesia,USDC
738,0.7803168687369049,467032.9803570112,115,S5_twin_shock_imf_bailout,indonesia,USDC
739,0.7790953227322991,455357.15584808594,115,S5_twin_shock_imf_bailout,indonesia,USDC
740,0.7554403481907789,443973.22695188376,115,S5_twin_shock_imf_bailout,indonesia,USDC
741,0.6434043461606141,432873.8962780867,115,S5_twin_shock_imf_bailout,indonesia,USDC
742,0.671543377247875,422052.0488711345,115,S5_twin_shock_imf_bailout,indonesia,USDC
743,0.6919834550374877,411500.74764935614,115,S5_twin_shock_imf_bailout,indonesia,USDC
744,0.7011034162410633,401213.2289581223,115,S5_twin_shock_imf_bailout,indonesia,USDC
745,0.7234552405700285,391182.89823416923,115,S5_twin_shock_imf_bailout,indonesia,USDC
746,0.7404728692512216,381403.32577831496,115,S5_twin_shock_imf_bailout,indonesia,USDC
747,0.7529091546809504,371868.24263385707,115,S5_twin_shock_imf_bailout,indonesia,USDC
748,0.7495064547048873,362571.5365680107,115,S5_twin_shock_imf_bailout,indonesia,USDC
749,0.7444387332412769,353507.2481538104,115,S5_twin_shock_imf_bailout,indonesia,USDC
750,0.7461748461548231,344669.56694996514,115,S5_twin_shock_imf_bailout,indonesia,USDC
751,0.7664962372811465,336052.827776216,115,S5_twin_shock_imf_bailout,indonesia,USDC
752,0.7650884916647048,327651.5070818106,115,S5_twin_shock_imf_bailout,indonesia,USDC
753,0.7575614708358247,319460.21940476535,115,S5_twin_shock_imf_bailout,indonesia,USDC
754,0.7567198340899349,311473.7139196462,115,S5_twin_shock_imf_bailout,indonesia,USDC
755,0.7693084768195377,303686.87107165507,115,S5_twin_shock_imf_bailout,indonesia,USDC
756,0.7613552566489779,296094.69929486373,115,S5_twin_shock_imf_bailout,indonesia,USDC
757,0.7568496162530078,288692.3318124921,115,S5_twin_shock_imf_bailout,indonesia,USDC
758,0.7484810814635842,281475.0235171798,115,S5_twin_shock_imf_bailout,indonesia,USDC
759,0.7534854617575099,274438.1479292503,115,S5_twin_shock_imf_bailout,indonesia,USDC
760,0.7483082386899016,267577.19423101906,115,S5_twin_shock_imf_bailout,indonesia,USDC
761,0.7668880974327449,260887.76437524357,115,S5_twin_shock_imf_bailout,indonesia,USDC
762,0.7901006185287094,254365.5702658625,115,S5_twin_shock_imf_bailout,indonesia,USDC
763,0.7838411197642043,248006.43100921594,115,S5_twin_shock_imf_bailout,indonesia,USDC
764,0.7844567844996203,241806.27023398553,115,S5_twin_shock_imf_bailout,indonesia,USDC
765,0.7749318969516424,235761.1134781359,115,S5_twin_shock_imf_bailout,indonesia,USDC
766,0.7656685515961194,229867.0856411825,115,S5_twin_shock_imf_bailout,indonesia,USDC
767,0.7731456173951523,224120.40850015293,115,S5_twin_shock_imf_bailout,indonesia,USDC
768,0.7618156103591213,218517.3982876491,115,S5_twin_shock_imf_bailout,indonesia,USDC
769,0.7846499590219133,213054.4633304579,115,S5_twin_shock_imf_bailout,indonesia,USDC
770,0.788848303587339,207728.10174719646,115,S5_twin_shock_imf_bailout,indonesia,USDC
771,0.7880661824119192,202534.89920351654,115,S5_twin_shock_imf_bailout,indonesia,USDC
772,0.7766016466173365,197471.52672342863,115,S5_twin_shock_imf_bailout,indonesia,USDC
773,0.764146241629524,192534.73855534292,115,S5_twin_shock_imf_bailout,indonesia,USDC
774,0.7576927875594022,187721.37009145934,115,S5_twin_shock_imf_bailout,indonesia,USDC
775,0.7702196541542193,183028.33583917285,115,S5_twin_shock_imf_bailout,indonesia,USDC
776,0.7759136041877869,178452.62744319352,115,S5_twin_shock_imf_bailout,indonesia,USDC
777,0.7995901939445093,173991.3117571137,115,S5_twin_shock_imf_bailout,indonesia,USDC
778,0.813239275796749,169641.52896318585,115,S5_twin_shock_imf_bailout,indonesia,USDC
779,0.8229989210243136,165400.4907391062,115,S5_twin_shock_imf_bailout,indonesia,USDC
780,0.8302306582013603,161265.47847062856,115,S5_twin_shock_imf_bailout,indonesia,USDC
781,0.8313293326135994,157233.84150886285,115,S5_twin_shock_imf_bailout,indonesia,USDC
782,0.7911902984000381,153302.99547114124,115,S5_twin_shock_imf_bailout,indonesia,USDC
783,0.820168773571475,149470.42058436273,115,S5_twin_shock_imf_bailout,indonesia,USDC
784,0.8106842361259656,145733.66006975365,115,S5_twin_shock_imf_bailout,indonesia,USDC
785,0.8075201173658586,142090.31856800982,115,S5_twin_shock_imf_bailout,indonesia,USDC
786,0.8004390157441941,138538.0606038096,115,S5_twin_shock_imf_bailout,indonesia,USDC
787,0.7812408704176702,135074.60908871435,115,S5_twin_shock_imf_bailout,indonesia,USDC
788,0.7972220403358579,131697.7438614965,115,S5_twin_shock_imf_bailout,indonesia,USDC
789,0.7815082433206643,128405.30026495909,115,S5_twin_shock_imf_bailout,indonesia,USDC
790,0.7598811193745548,125195.1677583351,115,S5_twin_shock_imf_bailout,indonesia,USDC
791,0.7724714509300327,122065.28856437674,115,S5_twin_shock_imf_bailout,indonesia,USDC
792,0.7826987647569867,119013.65635026732,115,S5_twin_shock_imf_bailout,indonesia,USDC
793,0.7706018806901029,116038.31494151062,115,S5_twin_shock_imf_bailout,indonesia,USDC
794,0.6595877368837564,113137.35706797286,115,S5_twin_shock_imf_bailout,indonesia,USDC
795,0.6655637275948728,110308.92314127355,115,S5_twin_shock_imf_bailout,indonesia,USDC
796,0.663495258835307,107551.2000627417,115,S5_twin_shock_imf_bailout,indonesia,USDC
797,0.6908699818660751,104862.42006117316,115,S5_twin_shock_imf_bailout,indonesia,USDC
798,0.6857488993010457,102240.85955964384,115,S5_twin_shock_imf_bailout,indonesia,USDC
799,0.6906787292405497,99684.83807065274,115,S5_twin_shock_imf_bailout,indonesia,USDC
800,0.7098691804348692,97192.71711888643,115,S5_twin_shock_imf_bailout,indonesia,USDC
801,0.7271596194772229,94762.89919091426,115,S5_twin_shock_imf_bailout,indonesia,USDC
802,0.7566001524554289,92393.82671114142,115,S5_twin_shock_imf_bailout,indonesia,USDC
803,0.7777158255362394,90083.98104336287,115,S5_twin_shock_imf_bailout,indonesia,USDC
804,0.7932077099124132,87831.8815172788,115,S5_twin_shock_imf_bailout,indonesia,USDC
805,0.8082511949801974,85636.08447934683,115,S5_twin_shock_imf_bailout,indonesia,USDC
806,0.8309701438172411,83495.18236736316,115,S5_twin_shock_imf_bailout,indonesia,USDC
807,0.8132730914200583,81407.80280817908,115,S5_twin_shock_imf_bailout,indonesia,USDC
808,0.7953313646992016,79372.6077379746,115,S5_twin_shock_imf_bailout,indonesia,USDC
809,0.8077863754492204,77388.29254452523,115,S5_twin_shock_imf_bailout,indonesia,USDC
810,0.7917724360516512,75453.58523091211,115,S5_twin_shock_imf_bailout,indonesia,USDC
811,0.7708204497582671,73567.2456001393,115,S5_twin_shock_imf_bailout,indonesia,USDC
812,0.7662594272990614,71728.06446013582,115,S5_twin_shock_imf_bailout,indonesia,USDC
813,0.7500551980604281,69934.86284863242,115,S5_twin_shock_imf_bailout,indonesia,USDC
814,0.7542564231405647,68186.4912774166,115,S5_twin_shock_imf_bailout,indonesia,USDC
815,0.7577517252364859,66481.82899548119,115,S5_twin_shock_imf_bailout,indonesia,USDC
816,0.7646206921434605,64819.78327059417,115,S5_twin_shock_imf_bailout,indonesia,USDC
817,0.7881253024126306,63199.288688829314,115,S5_twin_shock_imf_bailout,indonesia,USDC
818,0.7988798626455393,61619.30647160858,115,S5_twin_shock_imf_bailout,indonesia,USDC
819,0.7932527966273067,60078.82380981836,115,S5_twin_shock_imf_bailout,indonesia,USDC
820,0.7937653753488819,58576.8532145729,115,S5_twin_shock_imf_bailout,indonesia,USDC
821,0.7737157117792984,57112.43188420858,115,S5_twin_shock_imf_bailout,indonesia,USDC
822,0.7700038361157273,55684.62108710337,115,S5_twin_shock_imf_bailout,indonesia,USDC
823,0.7823142260391828,54292.50555992578,115,S5_twin_shock_imf_bailout,indonesia,USDC
824,0.7915724884519176,52935.19292092764,115,S5_twin_shock_imf_bailout,indonesia,USDC
825,0.7845077908442478,51611.81309790445,115,S5_twin_shock_imf_bailout,indonesia,USDC
826,0.7849952685718781,50321.517770456834,115,S5_twin_shock_imf_bailout,indonesia,USDC
827,0.7731524246872955,49063.47982619541,115,S5_twin_shock_imf_bailout,indonesia,USDC
828,0.7441599843285097,47836.89283054053,115,S5_twin_shock_imf_bailout,indonesia,USDC
829,0.7473218259877525,46640.97050977701,115,S5_twin_shock_imf_bailout,indonesia,USDC
830,0.7557705376190635,45474.946247032596,115,S5_twin_shock_imf_bailout,indonesia,USDC
831,0.7593987606275822,44338.07259085678,115,S5_twin_shock_imf_bailout,indonesia,USDC
832,0.7713539127632677,43229.62077608536,115,S5_twin_shock_imf_bailout,indonesia,USDC
833,0.8077273512600608,42148.880256683224,115,S5_twin_shock_imf_bailout,indonesia,USDC
834,0.7943863711281524,41095.15825026614,115,S5_twin_shock_imf_bailout,indonesia,USDC
835,0.7714986523476783,40067.779294009495,115,S5_twin_shock_imf_bailout,indonesia,USDC
836,0.7817846154573088,39066.08481165925,115,S5_twin_shock_imf_bailout,indonesia,USDC
837,0.782388673855319,38089.43269136777,115,S5_twin_shock_imf_bailout,indonesia,USDC
838,0.8051756884544281,37137.19687408358,115,S5_twin_shock_imf_bailout,indonesia,USDC
839,0.7865773777120091,36208.76695223149,115,S5_twin_shock_imf_bailout,indonesia,USDC
840,0.7634053771995649,35303.5477784257,115,S5_twin_shock_imf_bailout,indonesia,USDC
841,0.7459219038771877,34420.959083965055,115,S5_twin_shock_imf_bailout,indonesia,USDC
842,0.7631369197631962,33560.43510686593,115,S5_twin_shock_imf_bailout,indonesia,USDC
843,0.7599627420466051,32721.424229194286,115,S5_twin_shock_imf_bailout,indonesia,USDC
844,0.7505439618388254,31903.38862346443,115,S5_twin_shock_imf_bailout,indonesia,USDC
845,0.7427858552980119,31105.80390787782,115,S5_twin_shock_imf_bailout,indonesia,USDC
846,0.7587937058592434,30328.158810180874,115,S5_twin_shock_imf_bailout,indonesia,USDC
847,0.75022836082565,29569.95483992635,115,S5_twin_shock_imf_bailout,indonesia,USDC
848,0.7296644237193753,28830.705968928196,115,S5_twin_shock_imf_bailout,indonesia,USDC
849,0.7378986903833146,28109.93831970499,115,S5_twin_shock_imf_bailout,indonesia,USDC
850,0.7566279034165164,27407.189861712366,115,S5_twin_shock_imf_bailout,indonesia,USDC
851,0.7459386460950813,26722.010115169556,115,S5_twin_shock_imf_bailout,indonesia,USDC
852,0.7363450384667475,26053.95986229032,115,S5_twin_shock_imf_bailout,indonesia,USDC
853,0.7326916936723761,25402.610865733062,115,S5_twin_shock_imf_bailout,indonesia,USDC
854,0.7456434540453164,24767.545594089737,115,S5_twin_shock_imf_bailout,indonesia,USDC
855,0.7335430213166095,24148.35695423749,115,S5_twin_shock_imf_bailout,indonesia,USDC
856,0.7387757331091795,23544.648030381555,115,S5_twin_shock_imf_bailout,indonesia,USDC
857,0.7648869059868807,22956.031829622018,115,S5_twin_shock_imf_bailout,indonesia,USDC
858,0.7591929865793816,22382.131033881466,115,S5_twin_shock_imf_bailout,indonesia,USDC
859,0.7673598856478139,21822.57775803443,115,S5_twin_shock_imf_bailout,indonesia,USDC
860,0.7767426302524791,21277.013314083568,115,S5_twin_shock_imf_bailout,indonesia,USDC
861,0.7838667112294878,20745.087981231478,115,S5_twin_shock_imf_bailout,indonesia,USDC
862,0.7943112100200265,20226.46078170069,115,S5_twin_shock_imf_bailout,indonesia,USDC
863,0.7912838107464484,19720.799262158172,115,S5_twin_shock_imf_bailout,indonesia,USDC
864,0.7804003866071035,19227.77928060422,115,S5_twin_shock_imf_bailout,indonesia,USDC
865,0.7769210858318644,18747.084798589112,115,S5_twin_shock_imf_bailout,indonesia,USDC
866,0.7912245824936285,18278.407678624382,115,S5_twin_shock_imf_bailout,indonesia,USDC
867,0.796072732420245,17821.447486658777,115,S5_twin_shock_imf_bailout,indonesia,USDC
868,0.7728847611581932,17375.911299492305,115,S5_twin_shock_imf_bailout,indonesia,USDC
869,0.7559461238827684,16941.513517004998,115,S5_twin_shock_imf_bailout,indonesia,USDC
870,0.7572449080432584,16517.97567907987,115,S5_twin_shock_imf_bailout,indonesia,USDC
871,0.7731116578766485,16105.026287102875,115,S5_twin_shock_imf_bailout,indonesia,USDC
872,0.7883949262951947,15702.400629925305,115,S5_twin_shock_imf_bailout,indonesia,USDC
873,0.7997432560352257,15309.840614177172,115,S5_twin_shock_imf_bailout,indonesia,USDC
874,0.7864993542990989,14927.094598822743,115,S5_twin_shock_imf_bailout,indonesia,USDC
875,0.7967133757509078,14553.917233852175,115,S5_twin_shock_imf_bailout,indonesia,USDC
876,0.8017754011754455,14190.06930300587,115,S5_twin_shock_imf_bailout,indonesia,USDC
877,0.8090256156401555,13835.317570430723,115,S5_twin_shock_imf_bailout,indonesia,USDC
878,0.8343321057266962,13489.434631169956,115,S5_twin_shock_imf_bailout,indonesia,USDC
879,0.8398552863489305,13152.198765390707,115,S5_twin_shock_imf_bailout,indonesia,USDC
880,0.8247467115022077,12823.39379625594,115,S5_twin_shock_imf_bailout,indonesia,USDC
881,0.8255818410053055,12502.80895134954,115,S5_twin_shock_imf_bailout,indonesia,USDC
882,0.8169713867254658,12190.238727565802,115,S5_twin_shock_imf_bailout,indonesia,USDC
883,0.8141421521837959,11885.482759376657,115,S5_twin_shock_imf_bailout,indonesia,USDC
884,0.8243332525668099,11588.345690392242,115,S5_twin_shock_imf_bailout,indonesia,USDC
885,0.8131607820881045,11298.637048132434,115,S5_twin_shock_imf_bailout,indonesia,USDC
886,0.819470342468716,11016.171121929125,115,S5_twin_shock_imf_bailout,indonesia,USDC
887,0.8090965245155166,10740.766843880896,115,S5_twin_shock_imf_bailout,indonesia,USDC
888,0.7871696524519648,10472.247672783875,115,S5_twin_shock_imf_bailout,indonesia,USDC
889,0.7812512150152718,10210.441480964277,115,S5_twin_shock_imf_bailout,indonesia,USDC
890,0.7789102817259044,9955.180443940171,115,S5_twin_shock_imf_bailout,indonesia,USDC
891,0.7718472306137211,9706.300932841667,115,S5_twin_shock_imf_bailout,indonesia,USDC
892,0.8102217510822445,9463.643409520624,115,S5_twin_shock_imf_bailout,indonesia,USDC
893,0.7878290437582768,9227.05232428261,115,S5_twin_shock_imf_bailout,indonesia,USDC
894,0.7983189073302628,8996.376016175545,115,S5_twin_shock_imf_bailout,indonesia,USDC
895,0.8093078795220197,8771.466615771156,115,S5_twin_shock_imf_bailout,indonesia,USDC
896,0.8035312452739595,8552.179950376876,115,S5_twin_shock_imf_bailout,indonesia,USDC
897,0.8265200733573954,8338.375451617456,115,S5_twin_shock_imf_bailout,indonesia,USDC
898,0.824171618052634,8129.916065327019,115,S5_twin_shock_imf_bailout,indonesia,USDC
899,0.8050180936317841,7926.668163693843,115,S5_twin_shock_imf_bailout,indonesia,USDC
900,0.8198117344710837,7728.501459601498,115,S5_twin_shock_imf_bailout,indonesia,USDC
901,0.8384286063521305,7535.2889231114605,115,S5_twin_shock_imf_bailout,indonesia,USDC
902,0.8524569451455336,7346.9067000336745,115,S5_twin_shock_imf_bailout,indonesia,USDC
903,0.8429800281892592,7163.234032532831,115,S5_twin_shock_imf_bailout,indonesia,USDC
904,0.8317827377803371,6984.153181719512,115,S5_twin_shock_imf_bailout,indonesia,USDC
905,0.8266033556832885,6809.549352176524,115,S5_twin_shock_imf_bailout,indonesia,USDC
906,0.8194460112157741,6639.31061837211,115,S5_twin_shock_imf_bailout,indonesia,USDC
907,0.8115109424563633,6473.327852912807,115,S5_twin_shock_imf_bailout,indonesia,USDC
908,0.8076073499248856,6311.494656589988,115,S5_twin_shock_imf_bailout,indonesia,USDC
909,0.8006258569246167,6153.707290175238,115,S5_twin_shock_imf_bailout,indonesia,USDC
910,0.8084142937820918,5999.864607920857,115,S5_twin_shock_imf_bailout,indonesia,USDC
911,0.8033373638846372,5849.867992722836,115,S5_twin_shock_imf_bailout,indonesia,USDC
912,0.7969654917143689,5703.621292904765,115,S5_twin_shock_imf_bailout,indonesia,USDC
913,0.8048115251472985,5561.030760582145,115,S5_twin_shock_imf_bailout,indonesia,USDC
914,0.7770936989273467,5422.004991567593,115,S5_twin_shock_imf_bailout,indonesia,USDC
915,0.7725902392822853,5286.454866778402,115,S5_twin_shock_imf_bailout,indonesia,USDC
916,0.7675973195081688,5154.293495108943,115,S5_twin_shock_imf_bailout,indonesia,USDC
917,0.7585344514608486,5025.436157731219,115,S5_twin_shock_imf_bailout,indonesia,USDC
918,0.7671918530796956,4899.800253787938,115,S5_twin_shock_imf_bailout,indonesia,USDC
919,0.7648914044895149,4777.30524744324,115,S5_twin_shock_imf_bailout,indonesia,USDC
920,0.7507561778364474,4657.872616257158,115,S5_twin_shock_imf_bailout,indonesia,USDC
921,0.7425618871356156,4541.4258008507295,115,S5_twin_shock_imf_bailout,indonesia,USDC
922,0.7423074375190424,4427.890155829462,115,S5_twin_shock_imf_bailout,indonesia,USDC
923,0.7600244171579451,4317.192901933725,115,S5_twin_shock_imf_bailout,indonesia,USDC
924,0.7589720983876449,4209.263079385382,115,S5_twin_shock_imf_bailout,indonesia,USDC
925,0.7373066355334837,4104.031502400747,115,S5_twin_shock_imf_bailout,indonesia,USDC
926,0.7594968143745926,4001.430714840729,115,S5_twin_shock_imf_bailout,indonesia,USDC
927,0.7797972140331932,3901.394946969711,115,S5_twin_shock_imf_bailout,indonesia,USDC
928,0.7882747873309746,3803.8600732954674,115,S5_twin_shock_imf_bailout,indonesia,USDC
929,0.7960387928322209,3708.7635714630806,115,S5_twin_shock_imf_bailout,indonesia,USDC
930,0.7904523028546708,3616.044482176504,115,S5_twin_shock_imf_bailout,indonesia,USDC
931,0.8035023131308892,3525.6433701220913,115,S5_twin_shock_imf_bailout,indonesia,USDC
932,0.7787162531915518,3437.502285869039,115,S5_twin_shock_imf_bailout,indonesia,USDC
933,0.7794809881531326,3351.564728722313,115,S5_twin_shock_imf_bailout,indonesia,USDC
934,0.7735562214580947,3267.7756105042545,115,S5_twin_shock_imf_bailout,indonesia,USDC
935,0.7916984825079924,3186.081220241648,115,S5_twin_shock_imf_bailout,indonesia,USDC
936,0.7694982490415376,3106.429189735607,115,S5_twin_shock_imf_bailout,indonesia,USDC
937,0.7861519974217639,3028.7684599922172,115,S5_twin_shock_imf_bailout,indonesia,USDC
938,0.7779689531116871,2953.0492484924116,115,S5_twin_shock_imf_bailout,indonesia,USDC
939,0.7515562929299398,2879.2230172801014,115,S5_twin_shock_imf_bailout,indonesia,USDC
940,0.7683274564922641,2807.2424418480987,115,S5_twin_shock_imf_bailout,indonesia,USDC
941,0.7468021232144132,2737.061380801896,115,S5_twin_shock_imf_bailout,indonesia,USDC
942,0.7692710542576983,2668.6348462818487,115,S5_twin_shock_imf_bailout,indonesia,USDC
943,0.7612307822752244,2601.9189751248027,115,S5_twin_shock_imf_bailout,indonesia,USDC
944,0.7545712745509584,2536.8710007466825,115,S5_twin_shock_imf_bailout,indonesia,USDC
945,0.7567325096855025,2473.4492257280153,115,S5_twin_shock_imf_bailout,indonesia,USDC
946,0.7553958607620065,2411.6129950848153,115,S5_twin_shock_imf_bailout,indonesia,USDC
947,0.7581457377530205,2351.3226702076945,115,S5_twin_shock_imf_bailout,indonesia,USDC
948,0.7345046061491053,2292.5396034525024,115,S5_twin_shock_imf_bailout,indonesia,USDC
949,0.7397299004755747,2235.22611336619,115,S5_twin_shock_imf_bailout,indonesia,USDC
950,0.739593848995379,2179.3454605320353,115,S5_twin_shock_imf_bailout,indonesia,USDC
951,0.7614864415116921,2124.8618240187343,115,S5_twin_shock_imf_bailout,indonesia,USDC
952,0.7626216682548547,2071.740278418266,115,S5_twin_shock_imf_bailout,indonesia,USDC
953,0.7684734317275296,2019.9467714578093,115,S5_twin_shock_imf_bailout,indonesia,USDC
954,0.7558774305850865,1969.4481021713639,115,S5_twin_shock_imf_bailout,indonesia,USDC
955,0.7557685647435639,1920.2118996170798,115,S5_twin_shock_imf_bailout,indonesia,USDC
956,0.7792032704305788,1872.206602126653,115,S5_twin_shock_imf_bailout,indonesia,USDC
957,0.7570583360790979,1825.4014370734865,115,S5_twin_shock_imf_bailout,indonesia,USDC
958,0.7745384597743991,1779.7664011466495,115,S5_twin_shock_imf_bailout,indonesia,USDC
959,0.7786325296167909,1735.2722411179832,115,S5_twin_shock_imf_bailout,indonesia,USDC
960,0.7833538915880568,1691.8904350900336,115,S5_twin_shock_imf_bailout,indonesia,USDC
961,0.7821387311622331,1649.5931742127827,115,S5_twin_shock_imf_bailout,indonesia,USDC
962,0.8152181983408062,1608.353344857463,115,S5_twin_shock_imf_bailout,indonesia,USDC
963,0.7835716413389139,1568.1445112360266,115,S5_twin_shock_imf_bailout,indonesia,USDC
964,0.7910719410208583,1528.940898455126,115,S5_twin_shock_imf_bailout,indonesia,USDC
965,0.8079192947020003,1490.7173759937477,115,S5_twin_shock_imf_bailout,indonesia,USDC
966,0.7905702453330926,1453.4494415939039,115,S5_twin_shock_imf_bailout,indonesia,USDC
967,0.7949636036602805,1417.1132055540565,115,S5_twin_shock_imf_bailout,indonesia,USDC
968,0.7768881517769428,1381.685375415205,115,S5_twin_shock_imf_bailout,indonesia,USDC
969,0.7908836439664939,1347.1432410298248,115,S5_twin_shock_imf_bailout,indonesia,USDC
970,0.7874638456889586,1313.4646600040792,115,S5_twin_shock_imf_bailout,indonesia,USDC
971,0.7995776544294559,1280.6280435039776,115,S5_twin_shock_imf_bailout,indonesia,USDC
972,0.784667855997636,1248.612342416378,115,S5_twin_shock_imf_bailout,indonesia,USDC
973,0.7837797444744764,1217.3970338559684,115,S5_twin_shock_imf_bailout,indonesia,USDC
974,0.773060130334383,1186.9621080095694,115,S5_twin_shock_imf_bailout,indonesia,USDC
975,0.7769773978307555,1157.28805530933,115,S5_twin_shock_imf_bailout,indonesia,USDC
976,0.7713963801528119,1128.3558539265969,115,S5_twin_shock_imf_bailout,indonesia,USDC
977,0.7568240670997926,1100.146957578432,115,S5_twin_shock_imf_bailout,indonesia,USDC
978,0.7722523443518045,1072.643283638971,115,S5_twin_shock_imf_bailout,indonesia,USDC
979,0.7877528998131273,1045.827201547997,115,S5_twin_shock_imf_bailout,indonesia,USDC
980,0.75636368893788,1019.681521509297,115,S5_twin_shock_imf_bailout,indonesia,USDC
981,0.7653422336758741,994.1894834715645,115,S5_twin_shock_imf_bailout,indonesia,USDC
982,0.7801031042826435,969.3347463847754,115,S5_twin_shock_imf_bailout,indonesia,USDC
983,0.7471181744610206,945.101377725156,115,S5_twin_shock_imf_bailout,indonesia,USDC
984,0.7255498332373143,921.4738432820272,115,S5_twin_shock_imf_bailout,indonesia,USDC
985,0.7047467829520518,898.4369971999763,115,S5_twin_shock_imf_bailout,indonesia,USDC
986,0.720608419315297,875.976072269977,115,S5_twin_shock_imf_bailout,indonesia,USDC
987,0.7142386395675403,854.0766704632276,115,S5_twin_shock_imf_bailout,indonesia,USDC
988,0.7263261627061123,832.7247537016468,115,S5_twin_shock_imf_bailout,indonesia,USDC
989,0.7257970930067946,811.9066348591057,115,S5_twin_shock_imf_bailout,indonesia,USDC
990,0.7470375132998724,791.608968987628,115,S5_twin_shock_imf_bailout,indonesia,USDC
991,0.765694277544432,771.8187447629375,115,S5_twin_shock_imf_bailout,indonesia,USDC
992,0.7493970815473175,752.523276143864,115,S5_twin_shock_imf_bailout,indonesia,USDC
993,0.7255401690367634,733.7101942402674,115,S5_twin_shock_imf_bailout,indonesia,USDC
994,0.7235630175754167,715.3674393842607,115,S5_twin_shock_imf_bailout,indonesia,USDC
995,0.7314207718252005,697.4832533996541,115,S5_twin_shock_imf_bailout,indonesia,USDC
996,0.7518952127208428,680.0461720646629,115,S5_twin_shock_imf_bailout,indonesia,USDC
997,0.7532091249699694,663.0450177630463,115,S5_twin_shock_imf_bailout,indonesia,USDC
998,0.7385451426956561,646.4688923189701,115,S5_twin_shock_imf_bailout,indonesia,USDC
999,0.7172898920792502,630.3071700109958,115,S5_twin_shock_imf_bailout,indonesia,USDC
1000,0.7086076314438002,614.549490760721,115,S5_twin_shock_imf_bailout,indonesia,USDC
