Step,price,liquidity,iteration,scenario,region,coin
1,0.9711446963753002,2988881137881.243,476,S2_panic_selling_defi,indonesia,USDC
2,0.9492195499325737,2988881137881.243,476,S2_panic_selling_defi,indonesia,USDC
3,0.9191909799020265,2987621924707.004,476,S2_panic_selling_defi,indonesia,USDC
4,0.9239538652867127,2984607779886.1426,476,S2_panic_selling_defi,indonesia,USDC
5,0.8628577339427944,2981981846997.674,476,S2_panic_selling_defi,indonesia,USDC
6,0.8817042323580901,2976151231815.774,476,S2_panic_selling_defi,indonesia,USDC
7,0.8994926468551521,2971933667465.1953,476,S2_panic_selling_defi,indonesia,USDC
8,0.8942821202590195,2968850800101.999,476,S2_panic_selling_defi,indonesia,USDC
9,0.8928520430906615,2965730781465.588,476,S2_panic_selling_defi,indonesia,USDC
10,0.9017686988215964,2962846962977.55,476,S2_panic_selling_defi,indonesia,USDC
11,0.9285365313560489,2960520533828.275,476,S2_panic_selling_defi,indonesia,USDC
12,0.9478688383658882,2959168081146.0444,476,S2_panic_selling_defi,indonesia,USDC
13,0.9309618280216637,2958509346636.7607,476,S2_panic_selling_defi,indonesia,USDC
14,0.9339124776426718,2957359854231.309,476,S2_panic_selling_defi,indonesia,USDC
15,0.9520323697406629,2956300342568.4316,476,S2_panic_selling_defi,indonesia,USDC
16,0.9189415247313625,2955812101732.532,476,S2_panic_selling_defi,indonesia,USDC
17,0.9082214826682018,2954411227135.378,476,S2_panic_selling_defi,indonesia,USDC
18,0.9233007769549956,2952803885793.782,476,S2_panic_selling_defi,indonesia,USDC
19,0.8918137879172192,2951667414037.243,476,S2_panic_selling_defi,indonesia,USDC
20,0.8904025414998701,2949894692788.5933,476,S2_panic_selling_defi,indonesia,USDC
21,0.8863604819884195,2948191338843.069,476,S2_panic_selling_defi,indonesia,USDC
22,0.8870151465706833,2946526291522.2915,476,S2_panic_selling_defi,indonesia,USDC
23,0.9110240632105964,2945016724008.2295,476,S2_panic_selling_defi,indonesia,USDC
24,0.9061808258809819,2944081917293.8364,476,S2_panic_selling_defi,indonesia,USDC
25,0.9148167264571253,2943129784402.2812,476,S2_panic_selling_defi,indonesia,USDC
26,0.9239064874054906,2942319179290.337,476,S2_panic_selling_defi,indonesia,USDC
27,0.916174964979609,2941680615856.383,476,S2_panic_selling_defi,indonesia,USDC
28,0.9123918339167243,2940970376320.0376,476,S2_panic_selling_defi,indonesia,USDC
29,0.9241802710507709,2940266396009.62,476,S2_panic_selling_defi,indonesia,USDC
30,0.9410426388895597,2939764372504.221,476,S2_panic_selling_defi,indonesia,USDC
31,0.9302181583074662,2939467079810.9346,476,S2_panic_selling_defi,indonesia,USDC
32,0.9394466520172918,2939054722468.2847,476,S2_panic_selling_defi,indonesia,USDC
33,0.9395226143536977,2938734271880.5327,476,S2_panic_selling_defi,indonesia,USDC
34,0.9617099417867137,2938443452778.731,476,S2_panic_selling_defi,indonesia,USDC
35,0.9649922053988538,2938379541548.223,476,S2_panic_selling_defi,indonesia,USDC
36,0.9886703186046492,2938330504378.5293,476,S2_panic_selling_defi,indonesia,USDC
37,0.995608431381954,2938330504378.5293,476,S2_panic_selling_defi,indonesia,USDC
38,1.0151817932616234,2938330504378.5293,476,S2_panic_selling_defi,indonesia,USDC
39,0.977330291439248,2938330504378.5293,476,S2_panic_selling_defi,indonesia,USDC
40,0.9602330296372601,2938330504378.5293,476,S2_panic_selling_defi,indonesia,USDC
41,0.9151248863128527,2938241675444.9736,476,S2_panic_selling_defi,indonesia,USDC
42,0.9441107778704239,2937725786010.6816,476,S2_panic_selling_defi,indonesia,USDC
43,0.9505825298752999,2937498174856.163,476,S2_panic_selling_defi,indonesia,USDC
44,0.930794093984503,2937347629031.771,476,S2_panic_selling_defi,indonesia,USDC
45,0.9212663555946812,2937025576565.994,476,S2_panic_selling_defi,indonesia,USDC
46,0.9422517661225464,2936638366205.575,476,S2_panic_selling_defi,indonesia,USDC
47,0.9109252956834601,2936439550665.36,476,S2_panic_selling_defi,indonesia,USDC
48,0.9317131258308418,2935990768820.3584,476,S2_panic_selling_defi,indonesia,USDC
49,0.9453013732746866,2935718492341.176,476,S2_panic_selling_defi,indonesia,USDC
50,0.9505584734467662,2935563674227.1294,476,S2_panic_selling_defi,indonesia,USDC
51,0.984254612148845,2935435414131.1016,476,S2_panic_selling_defi,indonesia,USDC
52,0.9795126395746999,2935435414131.1016,476,S2_panic_selling_defi,indonesia,USDC
53,0.9657551716810779,2935435414131.1016,476,S2_panic_selling_defi,indonesia,USDC
54,0.9780813391700416,2935410594981.326,476,S2_panic_selling_defi,indonesia,USDC
55,0.9405134703085372,2935410594981.326,476,S2_panic_selling_defi,indonesia,USDC
56,0.930594840255827,2935212109382.717,476,S2_panic_selling_defi,indonesia,USDC
57,0.9235511181186851,2934970007718.8477,476,S2_panic_selling_defi,indonesia,USDC
58,0.9266882414098003,2934694441903.6885,476,S2_panic_selling_defi,indonesia,USDC
59,0.9550360563457925,2934456838560.0015,476,S2_panic_selling_defi,indonesia,USDC
60,0.9850362104762829,2934375122800.817,476,S2_panic_selling_defi,indonesia,USDC
61,0.9549978763018233,2934375122800.817,476,S2_panic_selling_defi,indonesia,USDC
62,0.9568568915021467,2934294420436.5864,476,S2_panic_selling_defi,indonesia,USDC
63,0.9838773618989854,2934229118751.175,476,S2_panic_selling_defi,indonesia,USDC
64,0.9798521911244772,2934229118751.175,476,S2_panic_selling_defi,indonesia,USDC
65,0.9768353009117263,2934229118751.175,476,S2_panic_selling_defi,indonesia,USDC
66,1.0333268254669306,2934229118751.175,476,S2_panic_selling_defi,indonesia,USDC
67,1.0475386585899251,2934229118751.175,476,S2_panic_selling_defi,indonesia,USDC
68,1.0517729036180938,2934229118751.175,476,S2_panic_selling_defi,indonesia,USDC
69,1.0405951578253327,2934229118751.175,476,S2_panic_selling_defi,indonesia,USDC
70,1.0270979084989036,2934229118751.175,476,S2_panic_selling_defi,indonesia,USDC
71,1.0056189290016584,2934229118751.175,476,S2_panic_selling_defi,indonesia,USDC
72,1.0198555665633575,2934229118751.175,476,S2_panic_selling_defi,indonesia,USDC
73,1.0060235696715842,2934229118751.175,476,S2_panic_selling_defi,indonesia,USDC
74,0.9668059248046738,2934229118751.175,476,S2_panic_selling_defi,indonesia,USDC
75,1.005093171232628,2934214580285.366,476,S2_panic_selling_defi,indonesia,USDC
76,0.9986588073624665,2934214580285.366,476,S2_panic_selling_defi,indonesia,USDC
77,0.9726132582636465,2934214580285.366,476,S2_panic_selling_defi,indonesia,USDC
78,0.995186481312958,2934214580285.366,476,S2_panic_selling_defi,indonesia,USDC
79,1.0215749885114602,2934214580285.366,476,S2_panic_selling_defi,indonesia,USDC
80,1.010423715811141,2934214580285.366,476,S2_panic_selling_defi,indonesia,USDC
81,0.9881029306402238,2934214580285.366,476,S2_panic_selling_defi,indonesia,USDC
82,1.0067714668267767,2934214580285.366,476,S2_panic_selling_defi,indonesia,USDC
83,0.9867689592578973,2934214580285.366,476,S2_panic_selling_defi,indonesia,USDC
84,1.0163802250464065,2934214580285.366,476,S2_panic_selling_defi,indonesia,USDC
85,0.9905203327135514,2934214580285.366,476,S2_panic_selling_defi,indonesia,USDC
86,1.0355265261938131,2934214580285.366,476,S2_panic_selling_defi,indonesia,USDC
87,1.0445754279343993,2934214580285.366,476,S2_panic_selling_defi,indonesia,USDC
88,1.0559171267490008,2934214580285.366,476,S2_panic_selling_defi,indonesia,USDC
89,1.0532613443327055,2934214580285.366,476,S2_panic_selling_defi,indonesia,USDC
90,1.0564428717297203,2934214580285.366,476,S2_panic_selling_defi,indonesia,USDC
91,1.0608924952793928,2934214580285.366,476,S2_panic_selling_defi,indonesia,USDC
92,1.0599345945104084,2934214580285.366,476,S2_panic_selling_defi,indonesia,USDC
93,1.000211076786519,2934214580285.366,476,S2_panic_selling_defi,indonesia,USDC
94,0.9924827566774816,2934214580285.366,476,S2_panic_selling_defi,indonesia,USDC
95,0.9960659514546049,2934214580285.366,476,S2_panic_selling_defi,indonesia,USDC
96,1.0171413000417269,2934214580285.366,476,S2_panic_selling_defi,indonesia,USDC
97,0.9965312965814626,2934214580285.366,476,S2_panic_selling_defi,indonesia,USDC
98,0.9741041086853477,2934214580285.366,476,S2_panic_selling_defi,indonesia,USDC
99,0.9590269033227776,2934214580285.366,476,S2_panic_selling_defi,indonesia,USDC
100,0.9497641867261098,2934161759259.1636,476,S2_panic_selling_defi,indonesia,USDC
101,0.9580379403259164,2934056195348.188,476,S2_panic_selling_defi,indonesia,USDC
102,0.9789807269242505,2933996095207.7393,476,S2_panic_selling_defi,indonesia,USDC
103,0.985605785379864,2933996095207.7393,476,S2_panic_selling_defi,indonesia,USDC
104,0.9647611313179427,2933996095207.7393,476,S2_panic_selling_defi,indonesia,USDC
105,0.9649713498741427,2933974633049.833,476,S2_panic_selling_defi,indonesia,USDC
106,0.9843615262984249,2933951270206.6396,476,S2_panic_selling_defi,indonesia,USDC
107,0.9961701119706304,2933951270206.6396,476,S2_panic_selling_defi,indonesia,USDC
108,0.9854390798438556,2933951270206.6396,476,S2_panic_selling_defi,indonesia,USDC
109,0.9920101733231447,2933951270206.6396,476,S2_panic_selling_defi,indonesia,USDC
110,1.0069952457368236,2933951270206.6396,476,S2_panic_selling_defi,indonesia,USDC
111,1.0213339657745781,2933951270206.6396,476,S2_panic_selling_defi,indonesia,USDC
112,1.0127763572366382,2933951270206.6396,476,S2_panic_selling_defi,indonesia,USDC
113,1.035912594830896,2933951270206.6396,476,S2_panic_selling_defi,indonesia,USDC
114,0.9478491655922969,2933951270206.6396,476,S2_panic_selling_defi,indonesia,USDC
115,0.9890418517333636,2933835489112.2427,476,S2_panic_selling_defi,indonesia,USDC
116,0.9800631068088501,2933835489112.2427,476,S2_panic_selling_defi,indonesia,USDC
117,0.940585099460239,2933835489112.2427,476,S2_panic_selling_defi,indonesia,USDC
118,0.9503827381474158,2933685250196.0586,476,S2_panic_selling_defi,indonesia,USDC
119,0.94881994884864,2933592220822.9424,476,S2_panic_selling_defi,indonesia,USDC
120,0.9430779347202074,2933501782364.812,476,S2_panic_selling_defi,indonesia,USDC
121,0.9051817407805871,2860043648963.2754,476,S2_panic_selling_defi,indonesia,USDC
122,0.9130050663235232,2788270999492.3154,476,S2_panic_selling_defi,indonesia,USDC
123,0.9127499777776521,2718328680202.7256,476,S2_panic_selling_defi,indonesia,USDC
124,0.8988201536741638,2650153180239.5615,476,S2_panic_selling_defi,indonesia,USDC
125,0.8932401400495973,2583649853300.863,476,S2_panic_selling_defi,indonesia,USDC
126,0.8557898387574424,2518794971253.73,476,S2_panic_selling_defi,indonesia,USDC
127,0.8411182084960329,2455462396568.9043,476,S2_panic_selling_defi,indonesia,USDC
128,0.8402714198116047,2393705890045.997,476,S2_panic_selling_defi,indonesia,USDC
129,0.8183136222291761,2333540342492.576,476,S2_panic_selling_defi,indonesia,USDC
130,0.8188057295482775,2274894361316.075,476,S2_panic_selling_defi,indonesia,USDC
131,0.8037164841042934,2217749495560.5083,476,S2_panic_selling_defi,indonesia,USDC
132,0.7685937699516305,2162051781516.9692,476,S2_panic_selling_defi,indonesia,USDC
133,0.7823715500491779,2107744457502.9893,476,S2_panic_selling_defi,indonesia,USDC
134,0.7907285954387032,2054857126829.887,476,S2_panic_selling_defi,indonesia,USDC
135,0.821159845357813,2003339240632.717,476,S2_panic_selling_defi,indonesia,USDC
136,0.8140609414953929,1953160382132.6294,476,S2_panic_selling_defi,indonesia,USDC
137,0.8302273797051637,1904245816231.3413,476,S2_panic_selling_defi,indonesia,USDC
138,0.8201338711408602,1856570450669.064,476,S2_panic_selling_defi,indonesia,USDC
139,0.8192561992061902,1810093962282.4956,476,S2_panic_selling_defi,indonesia,USDC
140,0.8067103925942302,1764787387459.9512,476,S2_panic_selling_defi,indonesia,USDC
141,0.8019048177758625,1720619098666.5618,476,S2_panic_selling_defi,indonesia,USDC
142,0.792064681026009,1677563486520.151,476,S2_panic_selling_defi,indonesia,USDC
143,0.7927175301909601,1635588107167.2273,476,S2_panic_selling_defi,indonesia,USDC
144,0.7722425316835044,1594668578200.3955,476,S2_panic_selling_defi,indonesia,USDC
145,0.7599580581937238,1554774429831.9707,476,S2_panic_selling_defi,indonesia,USDC
146,0.7655708424941465,1515881180034.6353,476,S2_panic_selling_defi,indonesia,USDC
147,0.7813836071862846,1477966211955.7866,476,S2_panic_selling_defi,indonesia,USDC
148,0.791384860315538,1441003596989.0825,476,S2_panic_selling_defi,indonesia,USDC
149,0.779535844974842,1404968196259.2668,476,S2_panic_selling_defi,indonesia,USDC
150,0.791183842618525,1369834799066.378,476,S2_panic_selling_defi,indonesia,USDC
151,0.7795998014048,1335582398488.5923,476,S2_panic_selling_defi,indonesia,USDC
152,0.7516436389548258,1302186735554.412,476,S2_panic_selling_defi,indonesia,USDC
153,0.742011515566429,1269626654511.4214,476,S2_panic_selling_defi,indonesia,USDC
154,0.7232896104860226,1237881476478.458,476,S2_panic_selling_defi,indonesia,USDC
155,0.7486675087362143,1206930753654.0957,476,S2_panic_selling_defi,indonesia,USDC
156,0.7519429714359446,1176755035885.743,476,S2_panic_selling_defi,indonesia,USDC
157,0.773139325393024,1147334152593.0557,476,S2_panic_selling_defi,indonesia,USDC
158,0.7587905156476364,1118649422229.6196,476,S2_panic_selling_defi,indonesia,USDC
159,0.7817899431524207,1090682003491.8623,476,S2_panic_selling_defi,indonesia,USDC
160,0.7915932886549827,1063414139895.3867,476,S2_panic_selling_defi,indonesia,USDC
161,0.7943287672093503,1036828145705.905,476,S2_panic_selling_defi,indonesia,USDC
162,0.7948945151030656,1010906946185.6805,476,S2_panic_selling_defi,indonesia,USDC
163,0.8022341728478983,985633837033.1669,476,S2_panic_selling_defi,indonesia,USDC
164,0.7863615389846031,960992656377.454,476,S2_panic_selling_defi,indonesia,USDC
165,0.8168756375303724,936967534812.2068,476,S2_panic_selling_defi,indonesia,USDC
166,0.8058188322155564,913543143946.56,476,S2_panic_selling_defi,indonesia,USDC
167,0.7981959684139369,890704380586.2732,476,S2_panic_selling_defi,indonesia,USDC
168,0.8023998644475773,868436602843.977,476,S2_panic_selling_defi,indonesia,USDC
169,0.6626165130163331,846725552728.6079,476,S2_panic_selling_defi,indonesia,USDC
170,0.6932275046021693,825557216633.692,476,S2_panic_selling_defi,indonesia,USDC
171,0.7011043958370803,804918162873.0527,476,S2_panic_selling_defi,indonesia,USDC
172,0.7178773178575699,784795120028.0236,476,S2_panic_selling_defi,indonesia,USDC
173,0.7167921410849505,765175181500.9365,476,S2_panic_selling_defi,indonesia,USDC
174,0.7352695307453135,746045756701.9844,476,S2_panic_selling_defi,indonesia,USDC
175,0.7610501236820407,727394582197.5919,476,S2_panic_selling_defi,indonesia,USDC
176,0.7514000859014892,709209695936.3064,476,S2_panic_selling_defi,indonesia,USDC
177,0.7401008878354771,691479436052.0471,476,S2_panic_selling_defi,indonesia,USDC
178,0.748021061253963,674192435557.0491,476,S2_panic_selling_defi,indonesia,USDC
179,0.7579872444551462,657337614527.0851,476,S2_panic_selling_defi,indonesia,USDC
180,0.7455975821577423,640904166571.4508,476,S2_panic_selling_defi,indonesia,USDC
181,0.7427084038832438,624881555641.0504,476,S2_panic_selling_defi,indonesia,USDC
182,0.733444309838772,609259511780.3943,476,S2_panic_selling_defi,indonesia,USDC
183,0.7449555161945739,594028019955.9524,476,S2_panic_selling_defi,indonesia,USDC
184,0.7395496397771574,579177316506.5256,476,S2_panic_selling_defi,indonesia,USDC
185,0.7352463162600189,564697881138.678,476,S2_panic_selling_defi,indonesia,USDC
186,0.7342383934730102,550580432231.5491,476,S2_panic_selling_defi,indonesia,USDC
187,0.6506459610923494,536815920004.4304,476,S2_panic_selling_defi,indonesia,USDC
188,0.6572782799391566,523395520431.989,476,S2_panic_selling_defi,indonesia,USDC
189,0.6740281033148611,510310631388.42206,476,S2_panic_selling_defi,indonesia,USDC
190,0.6989619869466527,497552864977.8576,476,S2_panic_selling_defi,indonesia,USDC
191,0.6998520825455322,485114042937.6682,476,S2_panic_selling_defi,indonesia,USDC
192,0.7053837475154039,472986191567.2449,476,S2_panic_selling_defi,indonesia,USDC
193,0.7043397417940936,461161536554.9957,476,S2_panic_selling_defi,indonesia,USDC
194,0.7114769893706977,449632497983.6053,476,S2_panic_selling_defi,indonesia,USDC
195,0.7052801241034388,438391685415.7965,476,S2_panic_selling_defi,indonesia,USDC
196,0.7158518999086945,427431893189.4447,476,S2_panic_selling_defi,indonesia,USDC
197,0.7328258168741438,416746095799.7649,476,S2_panic_selling_defi,indonesia,USDC
198,0.7265282061373376,406327443360.1752,476,S2_panic_selling_defi,indonesia,USDC
199,0.7317542827518811,396169257242.2705,476,S2_panic_selling_defi,indonesia,USDC
200,0.7179647050883536,386265025786.1523,476,S2_panic_selling_defi,indonesia,USDC
201,0.7263146736505994,376608400121.0158,476,S2_panic_selling_defi,indonesia,USDC
202,0.7391374356668103,367193190103.8626,476,S2_panic_selling_defi,indonesia,USDC
203,0.7376944933697389,358013360340.93494,476,S2_panic_selling_defi,indonesia,USDC
204,0.73672306099342,349063026324.60266,476,S2_panic_selling_defi,indonesia,USDC
205,0.73141241530208,340336450660.21545,476,S2_panic_selling_defi,indonesia,USDC
206,0.7334687081413775,331828039389.0158,476,S2_panic_selling_defi,indonesia,USDC
207,0.7343884396690858,323532338400.60486,476,S2_panic_selling_defi,indonesia,USDC
208,0.7456191618621221,315444029937.9703,476,S2_panic_selling_defi,indonesia,USDC
209,0.770406209970117,307557929187.5234,476,S2_panic_selling_defi,indonesia,USDC
210,0.773785669483736,299868980956.51434,476,S2_panic_selling_defi,indonesia,USDC
211,0.7861095129750385,292372256431.5548,476,S2_panic_selling_defi,indonesia,USDC
212,0.7925804447877103,285062950019.97253,476,S2_panic_selling_defi,indonesia,USDC
213,0.8285485013461467,277936376268.80554,476,S2_panic_selling_defi,indonesia,USDC
214,0.7866085550986819,270987966861.65045,476,S2_panic_selling_defi,indonesia,USDC
215,0.8073669817022331,264213267689.6457,476,S2_panic_selling_defi,indonesia,USDC
216,0.8005176144782283,257607935997.0758,476,S2_panic_selling_defi,indonesia,USDC
217,0.7837513961083082,251167737596.84216,476,S2_panic_selling_defi,indonesia,USDC
218,0.8040668306418649,244888544156.6429,476,S2_panic_selling_defi,indonesia,USDC
219,0.7881052990129851,238766330552.53842,476,S2_panic_selling_defi,indonesia,USDC
220,0.7764311800244942,232797172288.5443,476,S2_panic_selling_defi,indonesia,USDC
221,0.775395034260913,226977242981.17694,476,S2_panic_selling_defi,indonesia,USDC
222,0.755319141892904,221302811906.52502,476,S2_panic_selling_defi,indonesia,USDC
223,0.7511205336304851,215770241608.74567,476,S2_panic_selling_defi,indonesia,USDC
224,0.7573549250458439,210375985568.43475,476,S2_panic_selling_defi,indonesia,USDC
225,0.7601920262476115,205116585929.1584,476,S2_panic_selling_defi,indonesia,USDC
226,0.7783646760454279,199988671280.87717,476,S2_panic_selling_defi,indonesia,USDC
227,0.7809741712452167,194988954498.81592,476,S2_panic_selling_defi,indonesia,USDC
228,0.7773316030232019,190114230636.31442,476,S2_panic_selling_defi,indonesia,USDC
229,0.7922257878107181,185361374870.38147,476,S2_panic_selling_defi,indonesia,USDC
230,0.780447412912132,180727340498.60297,476,S2_panic_selling_defi,indonesia,USDC
231,0.7692809961130525,176209156986.1217,476,S2_panic_selling_defi,indonesia,USDC
232,0.763292768374547,171803928061.45505,476,S2_panic_selling_defi,indonesia,USDC
233,0.768409009179915,167508829859.90765,476,S2_panic_selling_defi,indonesia,USDC
234,0.7604608762146712,163321109113.40143,476,S2_panic_selling_defi,indonesia,USDC
235,0.7631550656789959,159238081385.55905,476,S2_panic_selling_defi,indonesia,USDC
236,0.7679894540125614,155257129350.9145,476,S2_panic_selling_defi,indonesia,USDC
237,0.7614942440711115,151375701117.13724,476,S2_panic_selling_defi,indonesia,USDC
238,0.764462204594259,147591308589.20514,476,S2_panic_selling_defi,indonesia,USDC
239,0.7600601508505923,143901525874.47205,476,S2_panic_selling_defi,indonesia,USDC
240,0.7415892627961769,140303987727.60782,476,S2_panic_selling_defi,indonesia,USDC
241,0.748524061477916,136796388034.41562,476,S2_panic_selling_defi,indonesia,USDC
242,0.7587280895122142,133376478333.55368,476,S2_panic_selling_defi,indonesia,USDC
243,0.7645040168772896,130042066375.21371,476,S2_panic_selling_defi,indonesia,USDC
244,0.7564837667230948,126791014715.83252,476,S2_panic_selling_defi,indonesia,USDC
245,0.7717254112009097,123621239347.936,476,S2_panic_selling_defi,indonesia,USDC
246,0.7782053023762184,120530708364.23709,476,S2_panic_selling_defi,indonesia,USDC
247,0.7764205312945749,117517440655.13078,476,S2_panic_selling_defi,indonesia,USDC
248,0.7799076499043623,114579504638.7522,476,S2_panic_selling_defi,indonesia,USDC
249,0.8010328693653911,111715017022.78313,476,S2_panic_selling_defi,indonesia,USDC
250,0.7982348003235176,108922141597.21338,476,S2_panic_selling_defi,indonesia,USDC
251,0.7994271088718573,106199088057.28287,476,S2_panic_selling_defi,indonesia,USDC
252,0.7942494039219219,103544110855.85068,476,S2_panic_selling_defi,indonesia,USDC
253,0.7958123921874446,100955508084.45428,476,S2_panic_selling_defi,indonesia,USDC
254,0.7726646078925662,98431620382.34285,476,S2_panic_selling_defi,indonesia,USDC
255,0.7762811315521426,95970829872.78418,476,S2_panic_selling_defi,indonesia,USDC
256,0.7870491554890537,93571559125.96452,476,S2_panic_selling_defi,indonesia,USDC
257,0.785017327203798,91232270147.81535,476,S2_panic_selling_defi,indonesia,USDC
258,0.7968468895593829,88951463394.11993,476,S2_panic_selling_defi,indonesia,USDC
259,0.8013944742645062,86727676809.26689,476,S2_panic_selling_defi,indonesia,USDC
260,0.7950850419824259,84559484889.03519,476,S2_panic_selling_defi,indonesia,USDC
261,0.7912481113642338,82445497766.8093,476,S2_panic_selling_defi,indonesia,USDC
262,0.7833361563973918,80384360322.63904,476,S2_panic_selling_defi,indonesia,USDC
263,0.782998436025068,78374751314.57304,476,S2_panic_selling_defi,indonesia,USDC
264,0.7549245814635104,76415382531.70871,476,S2_panic_selling_defi,indonesia,USDC
265,0.7208668988048401,74504997968.41599,476,S2_panic_selling_defi,indonesia,USDC
266,0.690678117061839,72642373019.20557,476,S2_panic_selling_defi,indonesia,USDC
267,0.6999462700650616,70826313693.72542,476,S2_panic_selling_defi,indonesia,USDC
268,0.7084005401660927,69055655851.38226,476,S2_panic_selling_defi,indonesia,USDC
269,0.7035894596253325,67329264455.09771,476,S2_panic_selling_defi,indonesia,USDC
270,0.7035259267959006,65646032843.72027,476,S2_panic_selling_defi,indonesia,USDC
271,0.6945095826511426,64004882022.627266,476,S2_panic_selling_defi,indonesia,USDC
272,0.7142171906017645,62404759972.061584,476,S2_panic_selling_defi,indonesia,USDC
273,0.7160221996801055,60844640972.76004,476,S2_panic_selling_defi,indonesia,USDC
274,0.7156725712085974,59323524948.44104,476,S2_panic_selling_defi,indonesia,USDC
275,0.721171417392592,57840436824.73001,476,S2_panic_selling_defi,indonesia,USDC
276,0.7260969283439613,56394425904.11177,476,S2_panic_selling_defi,indonesia,USDC
277,0.7328996094979492,54984565256.50897,476,S2_panic_selling_defi,indonesia,USDC
278,0.7657298662299824,53609951125.096245,476,S2_panic_selling_defi,indonesia,USDC
279,0.7783652561224719,52269702346.96884,476,S2_panic_selling_defi,indonesia,USDC
280,0.7876444986485196,50962959788.29462,476,S2_panic_selling_defi,indonesia,USDC
281,0.7770352276467521,49688885793.58725,476,S2_panic_selling_defi,indonesia,USDC
282,0.8024824329644267,48446663648.747574,476,S2_panic_selling_defi,indonesia,USDC
283,0.8182779341589012,47235497057.528885,476,S2_panic_selling_defi,indonesia,USDC
284,0.8024017634358112,46054609631.09067,476,S2_panic_selling_defi,indonesia,USDC
285,0.8258960719076966,44903244390.3134,476,S2_panic_selling_defi,indonesia,USDC
286,0.8262759615069977,43780663280.555565,476,S2_panic_selling_defi,indonesia,USDC
287,0.7987793912662717,42686146698.54167,476,S2_panic_selling_defi,indonesia,USDC
288,0.8449030292966885,41618993031.07814,476,S2_panic_selling_defi,indonesia,USDC
289,0.8337786613077214,40578518205.301186,476,S2_panic_selling_defi,indonesia,USDC
290,0.8344239348498528,39564055250.168655,476,S2_panic_selling_defi,indonesia,USDC
291,0.8301137847660659,38574953868.91443,476,S2_panic_selling_defi,indonesia,USDC
292,0.8159105569022728,37610580022.191574,476,S2_panic_selling_defi,indonesia,USDC
293,0.7860707206004961,36670315521.63679,476,S2_panic_selling_defi,indonesia,USDC
294,0.7893776012425283,35753557633.59587,476,S2_panic_selling_defi,indonesia,USDC
295,0.7875748013195896,34859718692.755974,476,S2_panic_selling_defi,indonesia,USDC
296,0.7669754999682897,33988225725.437073,476,S2_panic_selling_defi,indonesia,USDC
297,0.7608382837883731,33138520082.301147,476,S2_panic_selling_defi,indonesia,USDC
298,0.7467552093456165,32310057080.24362,476,S2_panic_selling_defi,indonesia,USDC
299,0.7311466268781964,31502305653.23753,476,S2_panic_selling_defi,indonesia,USDC
300,0.7404543756965646,30714748011.906593,476,S2_panic_selling_defi,indonesia,USDC
301,0.7656168419579396,29946879311.608925,476,S2_panic_selling_defi,indonesia,USDC
302,0.7706759987024752,29198207328.818703,476,S2_panic_selling_defi,indonesia,USDC
303,0.7538899103076002,28468252145.598236,476,S2_panic_selling_defi,indonesia,USDC
304,0.7692496730258522,27756545841.958282,476,S2_panic_selling_defi,indonesia,USDC
305,0.7706601078690498,27062632195.909325,476,S2_panic_selling_defi,indonesia,USDC
306,0.7762585052594457,26386066391.01159,476,S2_panic_selling_defi,indonesia,USDC
307,0.7697925091291747,25726414731.236298,476,S2_panic_selling_defi,indonesia,USDC
308,0.7831303527512695,25083254362.95539,476,S2_panic_selling_defi,indonesia,USDC
309,0.8029841025499063,24456173003.881508,476,S2_panic_selling_defi,indonesia,USDC
310,0.818838815164959,23844768678.78447,476,S2_panic_selling_defi,indonesia,USDC
311,0.8123428586350344,23248649461.814857,476,S2_panic_selling_defi,indonesia,USDC
312,0.8176622861832774,22667433225.269485,476,S2_panic_selling_defi,indonesia,USDC
313,0.8095952429318204,22100747394.63775,476,S2_panic_selling_defi,indonesia,USDC
314,0.8068193255940898,21548228709.771805,476,S2_panic_selling_defi,indonesia,USDC
315,0.8059134555145993,21009522992.027508,476,S2_panic_selling_defi,indonesia,USDC
316,0.8014958574727008,20484284917.22682,476,S2_panic_selling_defi,indonesia,USDC
317,0.7690705770729146,19972177794.29615,476,S2_panic_selling_defi,indonesia,USDC
318,0.7706520022280817,19472873349.438747,476,S2_panic_selling_defi,indonesia,USDC
319,0.7534773951355154,18986051515.702778,476,S2_panic_selling_defi,indonesia,USDC
320,0.7773139106620435,18511400227.810207,476,S2_panic_selling_defi,indonesia,USDC
321,0.7871865803169251,18048615222.114952,476,S2_panic_selling_defi,indonesia,USDC
322,0.7875104905415993,17597399841.562077,476,S2_panic_selling_defi,indonesia,USDC
323,0.7683612263053744,17157464845.523026,476,S2_panic_selling_defi,indonesia,USDC
324,0.7822640201487305,16728528224.384949,476,S2_panic_selling_defi,indonesia,USDC
325,0.7980945476163697,16310315018.775328,476,S2_panic_selling_defi,indonesia,USDC
326,0.7729360294710785,15902557143.305943,476,S2_panic_selling_defi,indonesia,USDC
327,0.7672968903306735,15504993214.723295,476,S2_panic_selling_defi,indonesia,USDC
328,0.7549173267531395,15117368384.355213,476,S2_panic_selling_defi,indonesia,USDC
329,0.7492481879429463,14739434174.746332,476,S2_panic_selling_defi,indonesia,USDC
330,0.7665237537276075,14370948320.377676,476,S2_panic_selling_defi,indonesia,USDC
331,0.7624758284891628,14011674612.368233,476,S2_panic_selling_defi,indonesia,USDC
332,0.7492809964605935,13661382747.059029,476,S2_panic_selling_defi,indonesia,USDC
333,0.7499817014731199,13319848178.382553,476,S2_panic_selling_defi,indonesia,USDC
334,0.768027424834964,12986851973.92299,476,S2_panic_selling_defi,indonesia,USDC
335,0.7727979733045774,12662180674.574915,476,S2_panic_selling_defi,indonesia,USDC
336,0.7924831467571314,12345626157.71054,476,S2_panic_selling_defi,indonesia,USDC
337,0.7597954621246229,12036985503.767778,476,S2_panic_selling_defi,indonesia,USDC
338,0.7386728064010332,11736060866.173584,476,S2_panic_selling_defi,indonesia,USDC
339,0.7357224773185909,11442659344.519245,476,S2_panic_selling_defi,indonesia,USDC
340,0.7489080545942802,11156592860.906263,476,S2_panic_selling_defi,indonesia,USDC
341,0.7624396825317088,10877678039.383606,476,S2_panic_selling_defi,indonesia,USDC
342,0.7777478397547113,10605736088.399017,476,S2_panic_selling_defi,indonesia,USDC
343,0.78989845625581,10340592686.189041,476,S2_panic_selling_defi,indonesia,USDC
344,0.7951498702870828,10082077869.034315,476,S2_panic_selling_defi,indonesia,USDC
345,0.7886223275542548,9830025922.308456,476,S2_panic_selling_defi,indonesia,USDC
346,0.7749140253346752,9584275274.250744,476,S2_panic_selling_defi,indonesia,USDC
347,0.7745052871478536,9344668392.394478,476,S2_panic_selling_defi,indonesia,USDC
348,0.7801031100815674,9111051682.584614,476,S2_panic_selling_defi,indonesia,USDC
349,0.7830931195946139,8883275390.52,476,S2_panic_selling_defi,indonesia,USDC
350,0.7812159943010035,8661193505.757,476,S2_panic_selling_defi,indonesia,USDC
351,0.7906695064582722,8444663668.113075,476,S2_panic_selling_defi,indonesia,USDC
352,0.802354807666785,8233547076.410248,476,S2_panic_selling_defi,indonesia,USDC
353,0.8086922674226256,8027708399.499992,476,S2_panic_selling_defi,indonesia,USDC
354,0.8290177138935944,7827015689.512491,476,S2_panic_selling_defi,indonesia,USDC
355,0.8342809352004942,7631340297.274679,476,S2_panic_selling_defi,indonesia,USDC
356,0.8283564950500067,7440556789.8428135,476,S2_panic_selling_defi,indonesia,USDC
357,0.8316323332460374,7254542870.096743,476,S2_panic_selling_defi,indonesia,USDC
358,0.834379172535478,7073179298.344324,476,S2_panic_selling_defi,indonesia,USDC
359,0.8607937757030577,6896349815.8857155,476,S2_panic_selling_defi,indonesia,USDC
360,0.8408784920385222,6723941070.488573,476,S2_panic_selling_defi,indonesia,USDC
361,0.8427951416081775,6555842543.726358,476,S2_panic_selling_defi,indonesia,USDC
362,0.8361615274216639,6391946480.1332,476,S2_panic_selling_defi,indonesia,USDC
363,0.8270226678860624,6232147818.129869,476,S2_panic_selling_defi,indonesia,USDC
364,0.7967035596438978,6076344122.676623,476,S2_panic_selling_defi,indonesia,USDC
365,0.8066690775720109,5924435519.609707,476,S2_panic_selling_defi,indonesia,USDC
366,0.7928505155692304,5776324631.619465,476,S2_panic_selling_defi,indonesia,USDC
367,0.8102075116413839,5631916515.828979,476,S2_panic_selling_defi,indonesia,USDC
368,0.8310141129604325,5491118602.933254,476,S2_panic_selling_defi,indonesia,USDC
369,0.8377948406789824,5353840637.859922,476,S2_panic_selling_defi,indonesia,USDC
370,0.8275039664347345,5219994621.9134245,476,S2_panic_selling_defi,indonesia,USDC
371,0.7839674841792631,5089494756.365589,476,S2_panic_selling_defi,indonesia,USDC
372,0.7989829101248211,4962257387.4564495,476,S2_panic_selling_defi,indonesia,USDC
373,0.7733241581378263,4838200952.770038,476,S2_panic_selling_defi,indonesia,USDC
374,0.7731212873062792,4717245928.950787,476,S2_panic_selling_defi,indonesia,USDC
375,0.7572727934635289,4599314780.727017,476,S2_panic_selling_defi,indonesia,USDC
376,0.7474136237405115,4484331911.208841,476,S2_panic_selling_defi,indonesia,USDC
377,0.757685381318654,4372223613.428621,476,S2_panic_selling_defi,indonesia,USDC
378,0.7736160407853374,4262918023.092905,476,S2_panic_selling_defi,indonesia,USDC
379,0.7834282316725355,4156345072.5155826,476,S2_panic_selling_defi,indonesia,USDC
380,0.7968833959734218,4052436445.702693,476,S2_panic_selling_defi,indonesia,USDC
381,0.8087697931612343,3951125534.560126,476,S2_panic_selling_defi,indonesia,USDC
382,0.7955007894112811,3852347396.196122,476,S2_panic_selling_defi,indonesia,USDC
383,0.76460144249225,3756038711.2912197,476,S2_panic_selling_defi,indonesia,USDC
384,0.7980713837873187,3662137743.508939,476,S2_panic_selling_defi,indonesia,USDC
385,0.8075659097635699,3570584299.9212155,476,S2_panic_selling_defi,indonesia,USDC
386,0.812388666039258,3481319692.4231853,476,S2_panic_selling_defi,indonesia,USDC
387,0.8186950368066064,3394286700.1126056,476,S2_panic_selling_defi,indonesia,USDC
388,0.7945127669510434,3309429532.6097903,476,S2_panic_selling_defi,indonesia,USDC
389,0.7991875899841189,3226693794.294545,476,S2_panic_selling_defi,indonesia,USDC
390,0.7893750945429856,3146026449.437182,476,S2_panic_selling_defi,indonesia,USDC
391,0.792970849521082,3067375788.2012525,476,S2_panic_selling_defi,indonesia,USDC
392,0.7756341434486907,2990691393.496221,476,S2_panic_selling_defi,indonesia,USDC
393,0.796341172439391,2915924108.6588154,476,S2_panic_selling_defi,indonesia,USDC
394,0.797501195149537,2843026005.942345,476,S2_panic_selling_defi,indonesia,USDC
395,0.8198449979807483,2771950355.7937865,476,S2_panic_selling_defi,indonesia,USDC
396,0.8027425406974745,2702651596.898942,476,S2_panic_selling_defi,indonesia,USDC
397,0.6837965588532213,2635085306.9764686,476,S2_panic_selling_defi,indonesia,USDC
398,0.6880588870738348,2569208174.302057,476,S2_panic_selling_defi,indonesia,USDC
399,0.7065942193672817,2504977969.944505,476,S2_panic_selling_defi,indonesia,USDC
400,0.7184335987761054,2442353520.6958923,476,S2_panic_selling_defi,indonesia,USDC
401,0.725161019746647,2381294682.678495,476,S2_panic_selling_defi,indonesia,USDC
402,0.7099593309460177,2321762315.611533,476,S2_panic_selling_defi,indonesia,USDC
403,0.7046521297614888,2263718257.7212443,476,S2_panic_selling_defi,indonesia,USDC
404,0.7242987784181004,2207125301.2782135,476,S2_panic_selling_defi,indonesia,USDC
405,0.7243873713753812,2151947168.746258,476,S2_panic_selling_defi,indonesia,USDC
406,0.751925055467413,2098148489.5276015,476,S2_panic_selling_defi,indonesia,USDC
407,0.7489635975229914,2045694777.2894115,476,S2_panic_selling_defi,indonesia,USDC
408,0.7552851265266732,1994552407.8571758,476,S2_panic_selling_defi,indonesia,USDC
409,0.7781509075178376,1944688597.6607466,476,S2_panic_selling_defi,indonesia,USDC
410,0.7667391384973856,1896071382.719228,476,S2_panic_selling_defi,indonesia,USDC
411,0.7710509253253569,1848669598.1512473,476,S2_panic_selling_defi,indonesia,USDC
412,0.7764093475933698,1802452858.1974661,476,S2_panic_selling_defi,indonesia,USDC
413,0.7863146283535565,1757391536.7425294,476,S2_panic_selling_defi,indonesia,USDC
414,0.7753987039967956,1713456748.323966,476,S2_panic_selling_defi,indonesia,USDC
415,0.8009260581007803,1670620329.6158671,476,S2_panic_selling_defi,indonesia,USDC
416,0.775292127926867,1628854821.3754704,476,S2_panic_selling_defi,indonesia,USDC
417,0.7919910888622599,1588133450.8410835,476,S2_panic_selling_defi,indonesia,USDC
418,0.7885879077992274,1548430114.5700564,476,S2_panic_selling_defi,indonesia,USDC
419,0.7877773325634811,1509719361.7058053,476,S2_panic_selling_defi,indonesia,USDC
420,0.7665851809178565,1471976377.6631598,476,S2_panic_selling_defi,indonesia,USDC
421,0.7634846613993636,1435176968.221581,476,S2_panic_selling_defi,indonesia,USDC
422,0.7746579190905465,1399297544.0160413,476,S2_panic_selling_defi,indonesia,USDC
423,0.7469281528659338,1364315105.4156404,476,S2_panic_selling_defi,indonesia,USDC
424,0.7524125620064144,1330207227.7802494,476,S2_panic_selling_defi,indonesia,USDC
425,0.7753951922151212,1296952047.0857432,476,S2_panic_selling_defi,indonesia,USDC
426,0.7623960257395822,1264528245.9085996,476,S2_panic_selling_defi,indonesia,USDC
427,0.7664959165152836,1232915039.7608845,476,S2_panic_selling_defi,indonesia,USDC
428,0.7866437252011257,1202092163.7668624,476,S2_panic_selling_defi,indonesia,USDC
429,0.8009607977643074,1172039859.6726909,476,S2_panic_selling_defi,indonesia,USDC
430,0.7909145884426445,1142738863.1808734,476,S2_panic_selling_defi,indonesia,USDC
431,0.8041923929811065,1114170391.6013517,476,S2_panic_selling_defi,indonesia,USDC
432,0.7888448879377761,1086316131.811318,476,S2_panic_selling_defi,indonesia,USDC
433,0.8090466629841132,1059158228.5160351,476,S2_panic_selling_defi,indonesia,USDC
434,0.7997687308947736,1032679272.8031342,476,S2_panic_selling_defi,indonesia,USDC
435,0.7943487723266598,1006862290.9830558,476,S2_panic_selling_defi,indonesia,USDC
436,0.8063570272768933,981690733.7084794,476,S2_panic_selling_defi,indonesia,USDC
437,0.7983349616547899,957148465.3657675,476,S2_panic_selling_defi,indonesia,USDC
438,0.8161911776499177,933219753.7316234,476,S2_panic_selling_defi,indonesia,USDC
439,0.8165381566564254,909889259.8883326,476,S2_panic_selling_defi,indonesia,USDC
440,0.8004117876245886,887142028.3911242,476,S2_panic_selling_defi,indonesia,USDC
441,0.8205365645779121,864963477.6813464,476,S2_panic_selling_defi,indonesia,USDC
442,0.8265102689752959,843339390.7393126,476,S2_panic_selling_defi,indonesia,USDC
443,0.8212612712359463,822255905.9708297,476,S2_panic_selling_defi,indonesia,USDC
444,0.7885194608255105,801699508.3215591,476,S2_panic_selling_defi,indonesia,USDC
445,0.7903150992511342,781657020.6135201,476,S2_panic_selling_defi,indonesia,USDC
446,0.7669874491177942,762115595.0981822,476,S2_panic_selling_defi,indonesia,USDC
447,0.7822556392590057,743062705.2207276,476,S2_panic_selling_defi,indonesia,USDC
448,0.7835732390342096,724486137.5902095,476,S2_panic_selling_defi,indonesia,USDC
449,0.7796192209282421,706373984.1504542,476,S2_panic_selling_defi,indonesia,USDC
450,0.7992253700519293,688714634.5466928,476,S2_panic_selling_defi,indonesia,USDC
451,0.7787185504237436,671496768.6830255,476,S2_panic_selling_defi,indonesia,USDC
452,0.7607731621893045,654709349.4659498,476,S2_panic_selling_defi,indonesia,USDC
453,0.7805437075161307,638341615.7293011,476,S2_panic_selling_defi,indonesia,USDC
454,0.7815857634279864,622383075.3360686,476,S2_panic_selling_defi,indonesia,USDC
455,0.7828294899739373,606823498.4526669,476,S2_panic_selling_defi,indonesia,USDC
456,0.6618863105762098,591652910.9913503,476,S2_panic_selling_defi,indonesia,USDC
457,0.6847470325343232,576861588.2165664,476,S2_panic_selling_defi,indonesia,USDC
458,0.7088939547003209,562440048.5111523,476,S2_panic_selling_defi,indonesia,USDC
459,0.7074251957445262,548379047.2983735,476,S2_panic_selling_defi,indonesia,USDC
460,0.7237135139362483,534669571.11591417,476,S2_panic_selling_defi,indonesia,USDC
461,0.7157924887037407,521302831.8380163,476,S2_panic_selling_defi,indonesia,USDC
462,0.7382930387129747,508270261.04206586,476,S2_panic_selling_defi,indonesia,USDC
463,0.7417508111127363,495563504.51601416,476,S2_panic_selling_defi,indonesia,USDC
464,0.7534062709569781,483174416.90311384,476,S2_panic_selling_defi,indonesia,USDC
465,0.7475425937544341,471095056.480536,476,S2_panic_selling_defi,indonesia,USDC
466,0.7662853864187407,459317680.0685226,476,S2_panic_selling_defi,indonesia,USDC
467,0.7611785308530024,447834738.0668095,476,S2_panic_selling_defi,indonesia,USDC
468,0.7676043868960015,436638869.6151393,476,S2_panic_selling_defi,indonesia,USDC
469,0.7526789123706014,425722897.8747608,476,S2_panic_selling_defi,indonesia,USDC
470,0.7599522975553298,415079825.4278918,476,S2_panic_selling_defi,indonesia,USDC
471,0.782273607355746,404702829.7921945,476,S2_panic_selling_defi,indonesia,USDC
472,0.7820206519739719,394585259.0473896,476,S2_panic_selling_defi,indonesia,USDC
473,0.7964172383900249,384720627.5712049,476,S2_panic_selling_defi,indonesia,USDC
474,0.7788117040312146,375102611.8819248,476,S2_panic_selling_defi,indonesia,USDC
475,0.7537290614272572,365725046.58487666,476,S2_panic_selling_defi,indonesia,USDC
476,0.7599568510439699,356581920.4202547,476,S2_panic_selling_defi,indonesia,USDC
477,0.7861033087613797,347667372.4097484,476,S2_panic_selling_defi,indonesia,USDC
478,0.8054472849076358,338975688.0995047,476,S2_panic_selling_defi,indonesia,USDC
479,0.8046310648797124,330501295.89701706,476,S2_panic_selling_defi,indonesia,USDC
480,0.8254840119174546,322238763.4995916,476,S2_panic_selling_defi,indonesia,USDC
481,0.7971979885834116,314182794.41210186,476,S2_panic_selling_defi,indonesia,USDC
482,0.7865311802236835,306328224.5517993,476,S2_panic_selling_defi,indonesia,USDC
483,0.773659170170137,298670018.93800426,476,S2_panic_selling_defi,indonesia,USDC
484,0.75672376577399,291203268.4645542,476,S2_panic_selling_defi,indonesia,USDC
485,0.7460554566030282,283923186.75294036,476,S2_panic_selling_defi,indonesia,USDC
486,0.7604486000529423,276825107.0841168,476,S2_panic_selling_defi,indonesia,USDC
487,0.7718762469966791,269904479.4070139,476,S2_panic_selling_defi,indonesia,USDC
488,0.7851071701033528,263156867.42183852,476,S2_panic_selling_defi,indonesia,USDC
489,0.7986361474889644,256577945.7362926,476,S2_panic_selling_defi,indonesia,USDC
490,0.8003363870562261,250163497.0928853,476,S2_panic_selling_defi,indonesia,USDC
491,0.7841889806147362,243909409.66556314,476,S2_panic_selling_defi,indonesia,USDC
492,0.8093508733361344,237811674.42392403,476,S2_panic_selling_defi,indonesia,USDC
493,0.7986341827474694,231866382.56332594,476,S2_panic_selling_defi,indonesia,USDC
494,0.7816872930926115,226069722.99924278,476,S2_panic_selling_defi,indonesia,USDC
495,0.7972594482822165,220417979.92426175,476,S2_panic_selling_defi,indonesia,USDC
496,0.7846519227937674,214907530.4261552,476,S2_panic_selling_defi,indonesia,USDC
497,0.7981693062496215,209534842.16550133,476,S2_panic_selling_defi,indonesia,USDC
498,0.7921633315475224,204296471.11136377,476,S2_panic_selling_defi,indonesia,USDC
499,0.8063414957726313,199189059.33357966,476,S2_panic_selling_defi,indonesia,USDC
500,0.8286813806115264,194209332.8502402,476,S2_panic_selling_defi,indonesia,USDC
501,0.8318098325053437,189354099.5289842,476,S2_panic_selling_defi,indonesia,USDC
502,0.8167192105530972,184620247.04075956,476,S2_panic_selling_defi,indonesia,USDC
503,0.8249196633076084,180004740.86474058,476,S2_panic_selling_defi,indonesia,USDC
504,0.8197329581922692,175504622.34312207,476,S2_panic_selling_defi,indonesia,USDC
505,0.8092870340381736,171117006.78454402,476,S2_panic_selling_defi,indonesia,USDC
506,0.8045527453138139,166839081.61493042,476,S2_panic_selling_defi,indonesia,USDC
507,0.811603945528747,162668104.57455716,476,S2_panic_selling_defi,indonesia,USDC
508,0.7935583644385612,158601401.96019322,476,S2_panic_selling_defi,indonesia,USDC
509,0.8106975203538187,154636366.9111884,476,S2_panic_selling_defi,indonesia,USDC
510,0.7906557783848842,150770457.73840868,476,S2_panic_selling_defi,indonesia,USDC
511,0.7887123452691718,147001196.29494846,476,S2_panic_selling_defi,indonesia,USDC
512,0.7811128675779112,143326166.38757476,476,S2_panic_selling_defi,indonesia,USDC
513,0.7757323597248585,139743012.2278854,476,S2_panic_selling_defi,indonesia,USDC
514,0.7717586699491046,136249436.92218825,476,S2_panic_selling_defi,indonesia,USDC
515,0.7723761135510148,132843200.99913356,476,S2_panic_selling_defi,indonesia,USDC
516,0.6669618252915812,129522120.97415522,476,S2_panic_selling_defi,indonesia,USDC
517,0.6835986329702979,126284067.94980133,476,S2_panic_selling_defi,indonesia,USDC
518,0.7046740570609846,123126966.2510563,476,S2_panic_selling_defi,indonesia,USDC
519,0.7114690643106503,120048792.0947799,476,S2_panic_selling_defi,indonesia,USDC
520,0.7247746323732982,117047572.2924104,476,S2_panic_selling_defi,indonesia,USDC
521,0.7537871138546757,114121382.98510015,476,S2_panic_selling_defi,indonesia,USDC
522,0.7422389982615423,111268348.41047263,476,S2_panic_selling_defi,indonesia,USDC
523,0.7404986916885115,108486639.70021084,476,S2_panic_selling_defi,indonesia,USDC
524,0.7561776791395826,105774473.70770556,476,S2_panic_selling_defi,indonesia,USDC
525,0.7483584714829705,103130111.86501291,476,S2_panic_selling_defi,indonesia,USDC
526,0.7523599163824604,100551859.0683876,476,S2_panic_selling_defi,indonesia,USDC
527,0.7577832501702461,98038062.59167792,476,S2_panic_selling_defi,indonesia,USDC
528,0.7626282585133886,95587111.02688596,476,S2_panic_selling_defi,indonesia,USDC
529,0.7528329437765043,93197433.25121382,476,S2_panic_selling_defi,indonesia,USDC
530,0.7639698705042722,90867497.41993347,476,S2_panic_selling_defi,indonesia,USDC
531,0.7468988912978709,88595809.98443514,476,S2_panic_selling_defi,indonesia,USDC
532,0.7271439009964803,86380914.73482426,476,S2_panic_selling_defi,indonesia,USDC
533,0.741074032622942,84221391.86645365,476,S2_panic_selling_defi,indonesia,USDC
534,0.7533886200176381,82115857.0697923,476,S2_panic_selling_defi,indonesia,USDC
535,0.7581833286175543,80062960.6430475,476,S2_panic_selling_defi,indonesia,USDC
536,0.7664212322179349,78061386.6269713,476,S2_panic_selling_defi,indonesia,USDC
537,0.7609923774556389,76109851.96129704,476,S2_panic_selling_defi,indonesia,USDC
538,0.7511229574907988,74207105.6622646,476,S2_panic_selling_defi,indonesia,USDC
539,0.7449571238513233,72351928.02070798,476,S2_panic_selling_defi,indonesia,USDC
540,0.7432923051155307,70543129.82019028,476,S2_panic_selling_defi,indonesia,USDC
541,0.7453615436176085,68779551.57468553,476,S2_panic_selling_defi,indonesia,USDC
542,0.743989042679089,67060062.78531839,476,S2_panic_selling_defi,indonesia,USDC
543,0.7585072151337641,65383561.21568543,476,S2_panic_selling_defi,indonesia,USDC
544,0.745985903833479,63748972.185293294,476,S2_panic_selling_defi,indonesia,USDC
545,0.7435503253515147,62155247.880660966,476,S2_panic_selling_defi,indonesia,USDC
546,0.7443856336266997,60601366.68364443,476,S2_panic_selling_defi,indonesia,USDC
547,0.6987313112115501,59086332.51655332,476,S2_panic_selling_defi,indonesia,USDC
548,0.7261429107275335,57609174.20363949,476,S2_panic_selling_defi,indonesia,USDC
549,0.7366212119364847,56168944.8485485,476,S2_panic_selling_defi,indonesia,USDC
550,0.738025465545149,54764721.2273348,476,S2_panic_selling_defi,indonesia,USDC
551,0.771022313116209,53395603.19665142,476,S2_panic_selling_defi,indonesia,USDC
552,0.7931556538847601,52060713.11673513,476,S2_panic_selling_defi,indonesia,USDC
553,0.796314606522852,50759195.28881676,476,S2_panic_selling_defi,indonesia,USDC
554,0.8038928865763103,49490215.40659634,476,S2_panic_selling_defi,indonesia,USDC
555,0.8160808320402452,48252960.02143143,476,S2_panic_selling_defi,indonesia,USDC
556,0.6948231379946352,47046636.020895645,476,S2_panic_selling_defi,indonesia,USDC
557,0.7294758298095066,45870470.12037325,476,S2_panic_selling_defi,indonesia,USDC
558,0.7405826888865175,44723708.36736392,476,S2_panic_selling_defi,indonesia,USDC
559,0.7425548977022429,43605615.65817983,476,S2_panic_selling_defi,indonesia,USDC
560,0.7537049865194849,42515475.26672533,476,S2_panic_selling_defi,indonesia,USDC
561,0.778358359180626,41452588.385057196,476,S2_panic_selling_defi,indonesia,USDC
562,0.7935072241795379,40416273.67543076,476,S2_panic_selling_defi,indonesia,USDC
563,0.7904704325115989,39405866.83354499,476,S2_panic_selling_defi,indonesia,USDC
564,0.7823050391851827,38420720.162706375,476,S2_panic_selling_defi,indonesia,USDC
565,0.7863233023880528,37460202.158638716,476,S2_panic_selling_defi,indonesia,USDC
566,0.7971166467676708,36523697.104672745,476,S2_panic_selling_defi,indonesia,USDC
567,0.7984039281978365,35610604.677055925,476,S2_panic_selling_defi,indonesia,USDC
568,0.8009382259174832,34720339.56012952,476,S2_panic_selling_defi,indonesia,USDC
569,0.8094300226017977,33852331.07112628,476,S2_panic_selling_defi,indonesia,USDC
570,0.7940552134196524,33006022.794348132,476,S2_panic_selling_defi,indonesia,USDC
571,0.7816136049244702,32180872.224489428,476,S2_panic_selling_defi,indonesia,USDC
572,0.7745137278843182,31376350.4188772,476,S2_panic_selling_defi,indonesia,USDC
573,0.7814108471988688,30591941.658405267,476,S2_panic_selling_defi,indonesia,USDC
574,0.7602960389535458,29827143.116945133,476,S2_panic_selling_defi,indonesia,USDC
575,0.7542202632056877,29081464.539021507,476,S2_panic_selling_defi,indonesia,USDC
576,0.7552685059848918,28354427.925545968,476,S2_panic_selling_defi,indonesia,USDC
577,0.7360738204858749,27645567.22740732,476,S2_panic_selling_defi,indonesia,USDC
578,0.7668491781475839,26954428.04672214,476,S2_panic_selling_defi,indonesia,USDC
579,0.7865556894292064,26280567.345554084,476,S2_panic_selling_defi,indonesia,USDC
580,0.802101295577256,25623553.161915235,476,S2_panic_selling_defi,indonesia,USDC
581,0.7935301922158017,24982964.332867354,476,S2_panic_selling_defi,indonesia,USDC
582,0.7848966862999552,24358390.224545665,476,S2_panic_selling_defi,indonesia,USDC
583,0.7735140127520292,23749430.46893203,476,S2_panic_selling_defi,indonesia,USDC
584,0.7920011274928395,23155694.707208727,476,S2_panic_selling_defi,indonesia,USDC
585,0.7944103298242486,22576802.33952851,476,S2_panic_selling_defi,indonesia,USDC
586,0.7999800480919546,22012382.281040296,476,S2_panic_selling_defi,indonesia,USDC
587,0.8213200800206034,21462072.72401429,476,S2_panic_selling_defi,indonesia,USDC
588,0.83010874800909,20925520.905913934,476,S2_panic_selling_defi,indonesia,USDC
589,0.8143978595928518,20402382.883266084,476,S2_panic_selling_defi,indonesia,USDC
590,0.8014424749810034,19892323.31118443,476,S2_panic_selling_defi,indonesia,USDC
591,0.7909951878040046,19395015.22840482,476,S2_panic_selling_defi,indonesia,USDC
592,0.7855610387575156,18910139.8476947,476,S2_panic_selling_defi,indonesia,USDC
593,0.7904287587560156,18437386.351502333,476,S2_panic_selling_defi,indonesia,USDC
594,0.7843047767006072,17976451.692714773,476,S2_panic_selling_defi,indonesia,USDC
595,0.7913776585947427,17527040.400396906,476,S2_panic_selling_defi,indonesia,USDC
596,0.8043794003275958,17088864.39038698,476,S2_panic_selling_defi,indonesia,USDC
597,0.8042291347290959,16661642.780627308,476,S2_panic_selling_defi,indonesia,USDC
598,0.8133541385567253,16245101.711111626,476,S2_panic_selling_defi,indonesia,USDC
599,0.8071270882761336,15838974.168333836,476,S2_panic_selling_defi,indonesia,USDC
600,0.8064747860313197,15442999.81412549,476,S2_panic_selling_defi,indonesia,USDC
601,0.8014785380861426,15056924.818772351,476,S2_panic_selling_defi,indonesia,USDC
602,0.8070558027522764,14680501.698303044,476,S2_panic_selling_defi,indonesia,USDC
603,0.8157841387531428,14313489.155845465,476,S2_panic_selling_defi,indonesia,USDC
604,0.8103781210638568,13955651.92694933,476,S2_panic_selling_defi,indonesia,USDC
605,0.7932680269483352,13606760.628775593,476,S2_panic_selling_defi,indonesia,USDC
606,0.8012621852190907,13266591.613056205,476,S2_panic_selling_defi,indonesia,USDC
607,0.8116929060294464,12934926.8227298,476,S2_panic_selling_defi,indonesia,USDC
608,0.811556735366846,12611553.652161557,476,S2_panic_selling_defi,indonesia,USDC
609,0.7920364843643009,12296264.810857516,476,S2_panic_selling_defi,indonesia,USDC
610,0.7867186491023941,11988858.190586079,476,S2_panic_selling_defi,indonesia,USDC
611,0.7927596403837257,11689136.735821426,476,S2_panic_selling_defi,indonesia,USDC
612,0.8033854919612908,11396908.317425892,476,S2_panic_selling_defi,indonesia,USDC
613,0.8175014671763903,11111985.609490244,476,S2_panic_selling_defi,indonesia,USDC
614,0.8055144177694001,10834185.969252987,476,S2_panic_selling_defi,indonesia,USDC
615,0.8287103033892507,10563331.320021663,476,S2_panic_selling_defi,indonesia,USDC
616,0.8166584669080554,10299248.037021121,476,S2_panic_selling_defi,indonesia,USDC
617,0.6947515824711953,10041766.836095594,476,S2_panic_selling_defi,indonesia,USDC
618,0.7133828132183467,9790722.665193204,476,S2_panic_selling_defi,indonesia,USDC
619,0.7365202002684904,9545954.598563373,476,S2_panic_selling_defi,indonesia,USDC
620,0.7500322951125785,9307305.733599288,476,S2_panic_selling_defi,indonesia,USDC
621,0.6752933611315766,9074623.090259306,476,S2_panic_selling_defi,indonesia,USDC
622,0.6685146570431628,8847757.513002824,476,S2_panic_selling_defi,indonesia,USDC
623,0.6686272777614944,8626563.575177753,476,S2_panic_selling_defi,indonesia,USDC
624,0.6661986397080858,8410899.485798309,476,S2_panic_selling_defi,indonesia,USDC
625,0.6994126545046767,8200626.998653352,476,S2_panic_selling_defi,indonesia,USDC
626,0.6923548670787179,7995611.323687019,476,S2_panic_selling_defi,indonesia,USDC
627,0.7166812390488758,7795721.040594843,476,S2_panic_selling_defi,indonesia,USDC
628,0.7327645151250844,7600828.014579972,476,S2_panic_selling_defi,indonesia,USDC
629,0.7274612707118481,7410807.314215472,476,S2_panic_selling_defi,indonesia,USDC
630,0.7399877564806099,7225537.131360086,476,S2_panic_selling_defi,indonesia,USDC
631,0.7637790836379532,7044898.703076083,476,S2_panic_selling_defi,indonesia,USDC
632,0.7518794703319338,6868776.235499181,476,S2_panic_selling_defi,indonesia,USDC
633,0.7527755044853834,6697056.829611701,476,S2_panic_selling_defi,indonesia,USDC
634,0.7773896056186281,6529630.408871409,476,S2_panic_selling_defi,indonesia,USDC
635,0.7537388340824426,6366389.648649624,476,S2_panic_selling_defi,indonesia,USDC
636,0.7716531494782775,6207229.907433382,476,S2_panic_selling_defi,indonesia,USDC
637,0.7998581494184352,6052049.1597475475,476,S2_panic_selling_defi,indonesia,USDC
638,0.798896244036326,5900747.930753859,476,S2_panic_selling_defi,indonesia,USDC
639,0.7308818293299194,5753229.232485012,476,S2_panic_selling_defi,indonesia,USDC
640,0.7387119892490832,5609398.501672887,476,S2_panic_selling_defi,indonesia,USDC
641,0.744796483138104,5469163.539131065,476,S2_panic_selling_defi,indonesia,USDC
642,0.7690900502204354,5332434.450652788,476,S2_panic_selling_defi,indonesia,USDC
643,0.7714638665160436,5199123.589386469,476,S2_panic_selling_defi,indonesia,USDC
644,0.7780843886870604,5069145.499651807,476,S2_panic_selling_defi,indonesia,USDC
645,0.776470968762776,4942416.862160511,476,S2_panic_selling_defi,indonesia,USDC
646,0.7779465886471773,4818856.440606499,476,S2_panic_selling_defi,indonesia,USDC
647,0.79974634238976,4698385.029591337,476,S2_panic_selling_defi,indonesia,USDC
648,0.8017110320325073,4580925.403851553,476,S2_panic_selling_defi,indonesia,USDC
649,0.8127345858143592,4466402.268755264,476,S2_panic_selling_defi,indonesia,USDC
650,0.8268263230502155,4354742.212036382,476,S2_panic_selling_defi,indonesia,USDC
651,0.818908928142784,4245873.656735473,476,S2_panic_selling_defi,indonesia,USDC
652,0.7892993138708164,4139726.815317086,476,S2_panic_selling_defi,indonesia,USDC
653,0.7641044638321963,4036233.644934159,476,S2_panic_selling_defi,indonesia,USDC
654,0.7531148982993586,3935327.803810805,476,S2_panic_selling_defi,indonesia,USDC
655,0.7447079656415146,3836944.608715535,476,S2_panic_selling_defi,indonesia,USDC
656,0.7641070279023955,3741020.9934976464,476,S2_panic_selling_defi,indonesia,USDC
657,0.7815226823194741,3647495.4686602056,476,S2_panic_selling_defi,indonesia,USDC
658,0.7661825379575887,3556308.0819437,476,S2_panic_selling_defi,indonesia,USDC
659,0.7855858094528757,3467400.379895108,476,S2_panic_selling_defi,indonesia,USDC
660,0.7768895126057604,3380715.3703977303,476,S2_panic_selling_defi,indonesia,USDC
661,0.7743402193190434,3296197.486137787,476,S2_panic_selling_defi,indonesia,USDC
662,0.7738582243977371,3213792.5489843423,476,S2_panic_selling_defi,indonesia,USDC
663,0.7865745309951517,3133447.7352597336,476,S2_panic_selling_defi,indonesia,USDC
664,0.8107568802870982,3055111.54187824,476,S2_panic_selling_defi,indonesia,USDC
665,0.7887696193708572,2978733.753331284,476,S2_panic_selling_defi,indonesia,USDC
666,0.7924016070180115,2904265.4094980024,476,S2_panic_selling_defi,indonesia,USDC
667,0.8226204718568709,2831658.774260552,476,S2_panic_selling_defi,indonesia,USDC
668,0.8228336322549857,2760867.304904038,476,S2_panic_selling_defi,indonesia,USDC
669,0.7900679092560132,2691845.6222814373,476,S2_panic_selling_defi,indonesia,USDC
670,0.7703871722106674,2624549.4817244015,476,S2_panic_selling_defi,indonesia,USDC
671,0.7525456378864711,2558935.7446812913,476,S2_panic_selling_defi,indonesia,USDC
672,0.7653783251027464,2494962.351064259,476,S2_panic_selling_defi,indonesia,USDC
673,0.7892642496274095,2432588.2922876524,476,S2_panic_selling_defi,indonesia,USDC
674,0.7933373353097323,2371773.584980461,476,S2_panic_selling_defi,indonesia,USDC
675,0.7934034336011997,2312479.2453559497,476,S2_panic_selling_defi,indonesia,USDC
676,0.78768840321953,2254667.2642220506,476,S2_panic_selling_defi,indonesia,USDC
677,0.7859350604041005,2198300.582616499,476,S2_panic_selling_defi,indonesia,USDC
678,0.7720433995653341,2143343.0680510867,476,S2_panic_selling_defi,indonesia,USDC
679,0.7715883385971746,2089759.4913498098,476,S2_panic_selling_defi,indonesia,USDC
680,0.7528936622456505,2037515.5040660643,476,S2_panic_selling_defi,indonesia,USDC
681,0.7716479025911499,1986577.616464413,476,S2_panic_selling_defi,indonesia,USDC
682,0.786517161948917,1936913.1760528022,476,S2_panic_selling_defi,indonesia,USDC
683,0.7898932352337571,1888490.3466514824,476,S2_panic_selling_defi,indonesia,USDC
684,0.7917576495592833,1841278.0879851952,476,S2_panic_selling_defi,indonesia,USDC
685,0.776471202145613,1795246.1357855652,476,S2_panic_selling_defi,indonesia,USDC
686,0.766602001072227,1750364.9823909262,476,S2_panic_selling_defi,indonesia,USDC
687,0.7712964443223495,1706605.857831153,476,S2_panic_selling_defi,indonesia,USDC
688,0.7422839057571671,1663940.7113853744,476,S2_panic_selling_defi,indonesia,USDC
689,0.7524053272244468,1622342.19360074,476,S2_panic_selling_defi,indonesia,USDC
690,0.7580037077618413,1581783.6387607215,476,S2_panic_selling_defi,indonesia,USDC
691,0.7808215184911892,1542239.0477917036,476,S2_panic_selling_defi,indonesia,USDC
692,0.7926624490521877,1503683.071596911,476,S2_panic_selling_defi,indonesia,USDC
693,0.8029157199993432,1466090.9948069882,476,S2_panic_selling_defi,indonesia,USDC
694,0.805503754199928,1429438.7199368135,476,S2_panic_selling_defi,indonesia,USDC
695,0.8178776849505883,1393702.751938393,476,S2_panic_selling_defi,indonesia,USDC
696,0.8297495776181835,1358860.1831399333,476,S2_panic_selling_defi,indonesia,USDC
697,0.8402186945724759,1324888.678561435,476,S2_panic_selling_defi,indonesia,USDC
698,0.86058896446263,1291766.4615973993,476,S2_panic_selling_defi,indonesia,USDC
699,0.8377600616211007,1259472.3000574643,476,S2_panic_selling_defi,indonesia,USDC
700,0.8238101456933455,1227985.4925560276,476,S2_panic_selling_defi,indonesia,USDC
701,0.8437711895232316,1197285.8552421269,476,S2_panic_selling_defi,indonesia,USDC
702,0.8514963682498182,1167353.7088610737,476,S2_panic_selling_defi,indonesia,USDC
703,0.8332006052043293,1138169.866139547,476,S2_panic_selling_defi,indonesia,USDC
704,0.8236642913920488,1109715.6194860581,476,S2_panic_selling_defi,indonesia,USDC
705,0.8021862496113998,1081972.7289989067,476,S2_panic_selling_defi,indonesia,USDC
706,0.7904790614708841,1054923.410773934,476,S2_panic_selling_defi,indonesia,USDC
707,0.7890726988794647,1028550.3255045856,476,S2_panic_selling_defi,indonesia,USDC
708,0.8112494930470572,1002836.5673669712,476,S2_panic_selling_defi,indonesia,USDC
709,0.8072222692981217,977765.6531827967,476,S2_panic_selling_defi,indonesia,USDC
710,0.7938724028143305,953321.5118532269,476,S2_panic_selling_defi,indonesia,USDC
711,0.7757269688321892,929488.4740568963,476,S2_panic_selling_defi,indonesia,USDC
712,0.7715521661984143,906251.2622054737,476,S2_panic_selling_defi,indonesia,USDC
713,0.7669380836426929,883594.980650337,476,S2_panic_selling_defi,indonesia,USDC
714,0.7832040097627172,861505.1061340786,476,S2_panic_selling_defi,indonesia,USDC
715,0.7858317319030447,839967.4784807266,476,S2_panic_selling_defi,indonesia,USDC
716,0.7642307030188042,818968.2915187083,476,S2_panic_selling_defi,indonesia,USDC
717,0.7617251453484468,798494.0842307408,476,S2_panic_selling_defi,indonesia,USDC
718,0.7600363418767809,778531.7321249722,476,S2_panic_selling_defi,indonesia,USDC
719,0.7620654704075863,759068.4388218479,476,S2_panic_selling_defi,indonesia,USDC
720,0.7687731611060438,740091.7278513017,476,S2_panic_selling_defi,indonesia,USDC
721,0.7896371045372601,721589.4346550191,476,S2_panic_selling_defi,indonesia,USDC
722,0.7936548131402783,703549.6987886436,476,S2_panic_selling_defi,indonesia,USDC
723,0.7936790323577526,685960.9563189276,476,S2_panic_selling_defi,indonesia,USDC
724,0.779731554125354,668811.9324109543,476,S2_panic_selling_defi,indonesia,USDC
725,0.7939373413909936,652091.6341006805,476,S2_panic_selling_defi,indonesia,USDC
726,0.8053473181742693,635789.3432481635,476,S2_panic_selling_defi,indonesia,USDC
727,0.7720454216383318,619894.6096669594,476,S2_panic_selling_defi,indonesia,USDC
728,0.771067450318031,604397.2444252854,476,S2_panic_selling_defi,indonesia,USDC
729,0.7796159121521641,589287.3133146532,476,S2_panic_selling_defi,indonesia,USDC
730,0.7743002077384095,574555.1304817869,476,S2_panic_selling_defi,indonesia,USDC
731,0.772613213932581,560191.2522197423,476,S2_panic_selling_defi,indonesia,USDC
732,0.7780348974693312,546186.4709142487,476,S2_panic_selling_defi,indonesia,USDC
733,0.797117872592084,532531.8091413925,476,S2_panic_selling_defi,indonesia,USDC
734,0.797192585340845,519218.5139128576,476,S2_panic_selling_defi,indonesia,USDC
735,0.8080835573564032,506238.0510650362,476,S2_panic_selling_defi,indonesia,USDC
736,0.8324143953521098,493582.09978841036,476,S2_panic_selling_defi,indonesia,USDC
737,0.8544104443357519,481242.54729370004,476,S2_panic_selling_defi,indonesia,USDC
738,0.8254534995996058,469211.4836113576,476,S2_panic_selling_defi,indonesia,USDC
739,0.8001799523069965,457481.1965210736,476,S2_panic_selling_defi,indonesia,USDC
740,0.833352486201637,446044.1666080468,476,S2_panic_selling_defi,indonesia,USDC
741,0.8400931631692831,434893.0624428456,476,S2_panic_selling_defi,indonesia,USDC
742,0.8389574591516464,424020.73588177445,476,S2_panic_selling_defi,indonesia,USDC
743,0.8469262887464821,413420.2174847302,476,S2_panic_selling_defi,indonesia,USDC
744,0.8688756104415422,403084.7120476119,476,S2_panic_selling_defi,indonesia,USDC
745,0.7895333412032709,393007.5942464216,476,S2_panic_selling_defi,indonesia,USDC
746,0.7593411923062535,383182.4043902611,476,S2_panic_selling_defi,indonesia,USDC
747,0.7482523524653324,373602.84428050456,476,S2_panic_selling_defi,indonesia,USDC
748,0.7502304113567265,364262.77317349194,476,S2_panic_selling_defi,indonesia,USDC
749,0.7529536372836781,355156.20384415466,476,S2_panic_selling_defi,indonesia,USDC
750,0.7541344198617831,346277.2987480508,476,S2_panic_selling_defi,indonesia,USDC
751,0.7535712790690658,337620.3662793495,476,S2_panic_selling_defi,indonesia,USDC
752,0.7556054090854714,329179.85712236573,476,S2_panic_selling_defi,indonesia,USDC
753,0.7495696468718186,320950.3606943066,476,S2_panic_selling_defi,indonesia,USDC
754,0.7689654359339219,312926.60167694895,476,S2_panic_selling_defi,indonesia,USDC
755,0.788765098689573,305103.4366350252,476,S2_panic_selling_defi,indonesia,USDC
756,0.811337212970706,297475.8507191496,476,S2_panic_selling_defi,indonesia,USDC
757,0.8183757674401725,290038.95445117087,476,S2_panic_selling_defi,indonesia,USDC
758,0.800121867315104,282787.98058989155,476,S2_panic_selling_defi,indonesia,USDC
759,0.8009494247446476,275718.28107514424,476,S2_panic_selling_defi,indonesia,USDC
760,0.7999594996219889,268825.32404826564,476,S2_panic_selling_defi,indonesia,USDC
761,0.7822015503405354,262104.69094705902,476,S2_panic_selling_defi,indonesia,USDC
762,0.7746680826988459,255552.07367338252,476,S2_panic_selling_defi,indonesia,USDC
763,0.7691322109860921,249163.27183154796,476,S2_panic_selling_defi,indonesia,USDC
764,0.7685527728159196,242934.19003575927,476,S2_panic_selling_defi,indonesia,USDC
765,0.7931939113848858,236860.83528486526,476,S2_panic_selling_defi,indonesia,USDC
766,0.7746993617272057,230939.31440274365,476,S2_panic_selling_defi,indonesia,USDC
767,0.7664247677114098,225165.83154267503,476,S2_panic_selling_defi,indonesia,USDC
768,0.7462626000242928,219536.68575410816,476,S2_panic_selling_defi,indonesia,USDC
769,0.7545059089019919,214048.26861025544,476,S2_panic_selling_defi,indonesia,USDC
770,0.784309080879822,208697.06189499906,476,S2_panic_selling_defi,indonesia,USDC
771,0.7791747713873396,203479.63534762408,476,S2_panic_selling_defi,indonesia,USDC
772,0.7525248826706004,198392.64446393348,476,S2_panic_selling_defi,indonesia,USDC
773,0.7213633200140509,193432.82835233514,476,S2_panic_selling_defi,indonesia,USDC
774,0.7262522868664244,188597.00764352677,476,S2_panic_selling_defi,indonesia,USDC
775,0.7314154277528871,183882.0824524386,476,S2_panic_selling_defi,indonesia,USDC
776,0.7460356805412234,179285.03039112763,476,S2_panic_selling_defi,indonesia,USDC
777,0.751620310386515,174802.90463134946,476,S2_panic_selling_defi,indonesia,USDC
778,0.7513397174110142,170432.8320155657,476,S2_panic_selling_defi,indonesia,USDC
779,0.7613615676331899,166172.01121517658,476,S2_panic_selling_defi,indonesia,USDC
780,0.7799112207143093,162017.71093479716,476,S2_panic_selling_defi,indonesia,USDC
781,0.7686789746316313,157967.26816142723,476,S2_panic_selling_defi,indonesia,USDC
782,0.7759384754684958,154018.08645739156,476,S2_panic_selling_defi,indonesia,USDC
783,0.7934144711584826,150167.63429595676,476,S2_panic_selling_defi,indonesia,USDC
784,0.7924176686473724,146413.44343855785,476,S2_panic_selling_defi,indonesia,USDC
785,0.8161078738755843,142753.1073525939,476,S2_panic_selling_defi,indonesia,USDC
786,0.8266400457670482,139184.27966877905,476,S2_panic_selling_defi,indonesia,USDC
787,0.7906041465758548,135704.6726770596,476,S2_panic_selling_defi,indonesia,USDC
788,0.7906283717977656,132312.05586013308,476,S2_panic_selling_defi,indonesia,USDC
789,0.7765810900710655,129004.25446362977,476,S2_panic_selling_defi,indonesia,USDC
790,0.7798505728785234,125779.148102039,476,S2_panic_selling_defi,indonesia,USDC
791,0.7664801163566881,122634.66939948805,476,S2_panic_selling_defi,indonesia,USDC
792,0.7481014184705571,119568.80266450084,476,S2_panic_selling_defi,indonesia,USDC
793,0.7444226638073072,116579.58259788832,476,S2_panic_selling_defi,indonesia,USDC
794,0.7220664606366684,113665.0930329411,476,S2_panic_selling_defi,indonesia,USDC
795,0.7385436755374174,110823.46570711758,476,S2_panic_selling_defi,indonesia,USDC
796,0.7284927907454569,108052.87906443965,476,S2_panic_selling_defi,indonesia,USDC
797,0.7392781600390284,105351.55708782867,476,S2_panic_selling_defi,indonesia,USDC
798,0.7179651632068369,102717.76816063294,476,S2_panic_selling_defi,indonesia,USDC
799,0.7373863028315492,100149.82395661713,476,S2_panic_selling_defi,indonesia,USDC
800,0.7369917346421759,97646.07835770168,476,S2_panic_selling_defi,indonesia,USDC
801,0.7254088322793556,95204.92639875915,476,S2_panic_selling_defi,indonesia,USDC
802,0.6767319491029734,92824.80323879016,476,S2_panic_selling_defi,indonesia,USDC
803,0.6764073399499715,90504.18315782041,476,S2_panic_selling_defi,indonesia,USDC
804,0.697074118332511,88241.5785788749,476,S2_panic_selling_defi,indonesia,USDC
805,0.6946341894013545,86035.53911440304,476,S2_panic_selling_defi,indonesia,USDC
806,0.7227963851280143,83884.65063654295,476,S2_panic_selling_defi,indonesia,USDC
807,0.7258008036184086,81787.53437062938,476,S2_panic_selling_defi,indonesia,USDC
808,0.7497657290053211,79742.84601136364,476,S2_panic_selling_defi,indonesia,USDC
809,0.7644027054445329,77749.27486107955,476,S2_panic_selling_defi,indonesia,USDC
810,0.7832515624956811,75805.54298955256,476,S2_panic_selling_defi,indonesia,USDC
811,0.798679761019121,73910.40441481375,476,S2_panic_selling_defi,indonesia,USDC
812,0.7806913361287172,72062.64430444341,476,S2_panic_selling_defi,indonesia,USDC
813,0.7699883104585162,70261.07819683231,476,S2_panic_selling_defi,indonesia,USDC
814,0.7688639927595942,68504.55124191151,476,S2_panic_selling_defi,indonesia,USDC
815,0.7982902390150565,66791.93746086372,476,S2_panic_selling_defi,indonesia,USDC
816,0.7971183045770062,65122.139024342134,476,S2_panic_selling_defi,indonesia,USDC
817,0.8112829445412597,63494.08554873358,476,S2_panic_selling_defi,indonesia,USDC
818,0.8138703231764725,61906.73341001524,476,S2_panic_selling_defi,indonesia,USDC
819,0.8161271694276359,60359.06507476486,476,S2_panic_selling_defi,indonesia,USDC
820,0.8086322301550543,58850.08844789573,476,S2_panic_selling_defi,indonesia,USDC
821,0.8049609563696974,57378.83623669834,476,S2_panic_selling_defi,indonesia,USDC
822,0.7825504844013239,55944.365330780885,476,S2_panic_selling_defi,indonesia,USDC
823,0.7729232003519082,54545.756197511364,476,S2_panic_selling_defi,indonesia,USDC
824,0.7705894542132813,53182.112292573576,476,S2_panic_selling_defi,indonesia,USDC
825,0.7661636175428599,51852.55948525923,476,S2_panic_selling_defi,indonesia,USDC
826,0.7586826490098489,50556.245498127755,476,S2_panic_selling_defi,indonesia,USDC
827,0.7592159863721746,49292.33936067457,476,S2_panic_selling_defi,indonesia,USDC
828,0.7665351327559783,48060.0308766577,476,S2_panic_selling_defi,indonesia,USDC
829,0.7706279853833836,46858.53010474126,476,S2_panic_selling_defi,indonesia,USDC
830,0.7867155894825244,45687.06685212273,476,S2_panic_selling_defi,indonesia,USDC
831,0.7796949429892103,44544.89018081966,476,S2_panic_selling_defi,indonesia,USDC
832,0.7910704295180646,43431.267926299166,476,S2_panic_selling_defi,indonesia,USDC
833,0.7732859959611907,42345.486228141686,476,S2_panic_selling_defi,indonesia,USDC
834,0.7893444162202208,41286.84907243814,476,S2_panic_selling_defi,indonesia,USDC
835,0.8288013574402001,40254.677845627186,476,S2_panic_selling_defi,indonesia,USDC
836,0.8196343729291636,39248.3108994865,476,S2_panic_selling_defi,indonesia,USDC
837,0.8216169942027368,38267.10312699934,476,S2_panic_selling_defi,indonesia,USDC
838,0.8552860371597701,37310.425548824365,476,S2_panic_selling_defi,indonesia,USDC
839,0.8605089889575364,36377.66491010375,476,S2_panic_selling_defi,indonesia,USDC
840,0.8586817396171763,35468.22328735116,476,S2_panic_selling_defi,indonesia,USDC
841,0.8581924444339812,34581.51770516738,476,S2_panic_selling_defi,indonesia,USDC
842,0.8196482303835296,33716.9797625382,476,S2_panic_selling_defi,indonesia,USDC
843,0.8076639339509923,32874.05526847474,476,S2_panic_selling_defi,indonesia,USDC
844,0.8202079804903105,32052.203886762873,476,S2_panic_selling_defi,indonesia,USDC
845,0.842344769954806,31250.898789593797,476,S2_panic_selling_defi,indonesia,USDC
846,0.8213916963467289,30469.626319853953,476,S2_panic_selling_defi,indonesia,USDC
847,0.8114383362455747,29707.885661857603,476,S2_panic_selling_defi,indonesia,USDC
848,0.8301620610742017,28965.188520311167,476,S2_panic_selling_defi,indonesia,USDC
849,0.827555821203342,28241.058807303387,476,S2_panic_selling_defi,indonesia,USDC
850,0.860739692634794,27535.0323371208,476,S2_panic_selling_defi,indonesia,USDC
851,0.8292723065144253,26846.65652869278,476,S2_panic_selling_defi,indonesia,USDC
852,0.8218864922635478,26175.490115475463,476,S2_panic_selling_defi,indonesia,USDC
853,0.8302982716800766,25521.102862588577,476,S2_panic_selling_defi,indonesia,USDC
854,0.8419157997578215,24883.075291023866,476,S2_panic_selling_defi,indonesia,USDC
855,0.8349873357473768,24260.998408748266,476,S2_panic_selling_defi,indonesia,USDC
856,0.8282382002859137,23654.47344852956,476,S2_panic_selling_defi,indonesia,USDC
857,0.8189061319335074,23063.111612316323,476,S2_panic_selling_defi,indonesia,USDC
858,0.8169197927918017,22486.533822008412,476,S2_panic_selling_defi,indonesia,USDC
859,0.8124490166840553,21924.370476458203,476,S2_panic_selling_defi,indonesia,USDC
860,0.8270397206615763,21376.26121454675,476,S2_panic_selling_defi,indonesia,USDC
861,0.8054897885602488,20841.85468418308,476,S2_panic_selling_defi,indonesia,USDC
862,0.7972507942232823,20320.8083170785,476,S2_panic_selling_defi,indonesia,USDC
863,0.815307573467481,19812.788109151537,476,S2_panic_selling_defi,indonesia,USDC
864,0.8386875713540474,19317.468406422748,476,S2_panic_selling_defi,indonesia,USDC
865,0.8341270698213471,18834.53169626218,476,S2_panic_selling_defi,indonesia,USDC
866,0.8688864865884547,18363.668403855627,476,S2_panic_selling_defi,indonesia,USDC
867,0.8598566313648894,17904.576693759234,476,S2_panic_selling_defi,indonesia,USDC
868,0.8608182909320499,17456.962276415252,476,S2_panic_selling_defi,indonesia,USDC
869,0.8309497027866228,17020.538219504873,476,S2_panic_selling_defi,indonesia,USDC
870,0.8200426178067927,16595.024764017253,476,S2_panic_selling_defi,indonesia,USDC
871,0.8526905378562687,16180.14914491682,476,S2_panic_selling_defi,indonesia,USDC
872,0.8266253704456388,15775.6454162939,476,S2_panic_selling_defi,indonesia,USDC
873,0.8037916590507561,15381.254280886553,476,S2_panic_selling_defi,indonesia,USDC
874,0.7901977390842259,14996.722923864389,476,S2_panic_selling_defi,indonesia,USDC
875,0.7957840606977917,14621.80485076778,476,S2_panic_selling_defi,indonesia,USDC
876,0.800201434160352,14256.259729498586,476,S2_panic_selling_defi,indonesia,USDC
877,0.79690135822382,13899.853236261122,476,S2_panic_selling_defi,indonesia,USDC
878,0.8010740966936062,13552.356905354593,476,S2_panic_selling_defi,indonesia,USDC
879,0.7889382157766021,13213.547982720727,476,S2_panic_selling_defi,indonesia,USDC
880,0.8134191821637886,12883.20928315271,476,S2_panic_selling_defi,indonesia,USDC
881,0.7911773941620445,12561.12905107389,476,S2_panic_selling_defi,indonesia,USDC
882,0.7892114048065195,12247.100824797046,476,S2_panic_selling_defi,indonesia,USDC
883,0.7849389664678722,11940.923304177119,476,S2_panic_selling_defi,indonesia,USDC
884,0.7726774726660542,11642.40022157269,476,S2_panic_selling_defi,indonesia,USDC
885,0.7649450382279237,11351.340216033374,476,S2_panic_selling_defi,indonesia,USDC
886,0.7477034138151109,11067.556710632538,476,S2_panic_selling_defi,indonesia,USDC
887,0.7474224654448637,10790.867792866726,476,S2_panic_selling_defi,indonesia,USDC
888,0.7778077788935543,10521.096098045056,476,S2_panic_selling_defi,indonesia,USDC
889,0.7923829284629791,10258.06869559393,476,S2_panic_selling_defi,indonesia,USDC
890,0.7780959458689617,10001.616978204082,476,S2_panic_selling_defi,indonesia,USDC
891,0.7779824457139758,9751.576553748979,476,S2_panic_selling_defi,indonesia,USDC
892,0.7953503461334267,9507.787139905256,476,S2_panic_selling_defi,indonesia,USDC
893,0.7629130054957808,9270.092461407625,476,S2_panic_selling_defi,indonesia,USDC
894,0.7466974391711023,9038.340149872434,476,S2_panic_selling_defi,indonesia,USDC
895,0.7463965707402237,8812.381646125625,476,S2_panic_selling_defi,indonesia,USDC
896,0.7422084597074852,8592.072104972482,476,S2_panic_selling_defi,indonesia,USDC
897,0.7566984400919624,8377.27030234817,476,S2_panic_selling_defi,indonesia,USDC
898,0.7641461469847965,8167.838544789467,476,S2_panic_selling_defi,indonesia,USDC
899,0.745702054373745,7963.642581169731,476,S2_panic_selling_defi,indonesia,USDC
900,0.7320558499180764,7764.5515166404875,476,S2_panic_selling_defi,indonesia,USDC
901,0.7433154108880454,7570.437728724475,476,S2_panic_selling_defi,indonesia,USDC
902,0.7262733743775035,7381.1767855063645,476,S2_panic_selling_defi,indonesia,USDC
903,0.7372995909891578,7196.647365868705,476,S2_panic_selling_defi,indonesia,USDC
904,0.7319801318903475,7016.731181721987,476,S2_panic_selling_defi,indonesia,USDC
905,0.7323452391437089,6841.312902178937,476,S2_panic_selling_defi,indonesia,USDC
906,0.7167319805074975,6670.280079624465,476,S2_panic_selling_defi,indonesia,USDC
907,0.7363474056475747,6503.523077633852,476,S2_panic_selling_defi,indonesia,USDC
908,0.7311286400484304,6340.935000693005,476,S2_panic_selling_defi,indonesia,USDC
909,0.7208641703026718,6182.411625675681,476,S2_panic_selling_defi,indonesia,USDC
910,0.7556785551859794,6027.851335033789,476,S2_panic_selling_defi,indonesia,USDC
911,0.7692256116284367,5877.155051657944,476,S2_panic_selling_defi,indonesia,USDC
912,0.7760941483538075,5730.226175366495,476,S2_panic_selling_defi,indonesia,USDC
913,0.7613465231806087,5586.970520982333,476,S2_panic_selling_defi,indonesia,USDC
914,0.7624060066360312,5447.296257957774,476,S2_panic_selling_defi,indonesia,USDC
915,0.7460387630830627,5311.1138515088305,476,S2_panic_selling_defi,indonesia,USDC
916,0.7593216884773178,5178.33600522111,476,S2_panic_selling_defi,indonesia,USDC
917,0.7821857154147392,5048.877605090582,476,S2_panic_selling_defi,indonesia,USDC
918,0.7878315635145369,4922.655664963317,476,S2_panic_selling_defi,indonesia,USDC
919,0.805298645699877,4799.589273339234,476,S2_panic_selling_defi,indonesia,USDC
920,0.7870577022417337,4679.599541505753,476,S2_panic_selling_defi,indonesia,USDC
921,0.7950096026265189,4562.60955296811,476,S2_panic_selling_defi,indonesia,USDC
922,0.7993455185554119,4448.544314143906,476,S2_panic_selling_defi,indonesia,USDC
923,0.8001350332507776,4337.3307062903095,476,S2_panic_selling_defi,indonesia,USDC
924,0.7939006532335754,4228.897438633051,476,S2_panic_selling_defi,indonesia,USDC
925,0.7754861354566283,4123.175002667225,476,S2_panic_selling_defi,indonesia,USDC
926,0.798554123373114,4020.0956276005445,476,S2_panic_selling_defi,indonesia,USDC
927,0.7914875458068071,3919.5932369105303,476,S2_panic_selling_defi,indonesia,USDC
928,0.7756496914565564,3821.6034059877675,476,S2_panic_selling_defi,indonesia,USDC
929,0.7742845410589213,3726.063320838073,476,S2_panic_selling_defi,indonesia,USDC
930,0.7769187105447665,3632.9117378171222,476,S2_panic_selling_defi,indonesia,USDC
931,0.8042858065712886,3542.088944371694,476,S2_panic_selling_defi,indonesia,USDC
932,0.8159125014280277,3453.5367207624013,476,S2_panic_selling_defi,indonesia,USDC
933,0.8002878506556791,3367.1983027433416,476,S2_panic_selling_defi,indonesia,USDC
934,0.7818440526123845,3283.018345174758,476,S2_panic_selling_defi,indonesia,USDC
935,0.8051718626802099,3200.9428865453892,476,S2_panic_selling_defi,indonesia,USDC
936,0.8024392240345496,3120.9193143817542,476,S2_panic_selling_defi,indonesia,USDC
937,0.8063943607965028,3042.896331522211,476,S2_panic_selling_defi,indonesia,USDC
938,0.8238302460952617,2966.8239232341552,476,S2_panic_selling_defi,indonesia,USDC
939,0.8238153871548546,2892.6533251533015,476,S2_panic_selling_defi,indonesia,USDC
940,0.8181456011274586,2820.336992024469,476,S2_panic_selling_defi,indonesia,USDC
941,0.8119731145538939,2749.828567223857,476,S2_panic_selling_defi,indonesia,USDC
942,0.8283221357198268,2681.082853043261,476,S2_panic_selling_defi,indonesia,USDC
943,0.824442880219686,2614.0557817171793,476,S2_panic_selling_defi,indonesia,USDC
944,0.8346686698278677,2548.70438717425,476,S2_panic_selling_defi,indonesia,USDC
945,0.8265990714416763,2484.9867774948934,476,S2_panic_selling_defi,indonesia,USDC
946,0.8085517093701616,2422.8621080575213,476,S2_panic_selling_defi,indonesia,USDC
947,0.8174646402744787,2362.2905553560836,476,S2_panic_selling_defi,indonesia,USDC
948,0.7965243879446772,2303.2332914721815,476,S2_panic_selling_defi,indonesia,USDC
949,0.8042884928568423,2245.6524591853768,476,S2_panic_selling_defi,indonesia,USDC
950,0.813158611165305,2189.5111477057426,476,S2_panic_selling_defi,indonesia,USDC
951,0.8052638854405463,2134.773369013099,476,S2_panic_selling_defi,indonesia,USDC
952,0.8120903667397876,2081.4040347877713,476,S2_panic_selling_defi,indonesia,USDC
953,0.8179663134043356,2029.3689339180773,476,S2_panic_selling_defi,indonesia,USDC
954,0.8381946977656946,1978.6347105701252,476,S2_panic_selling_defi,indonesia,USDC
955,0.8352806953889301,1929.168842805872,476,S2_panic_selling_defi,indonesia,USDC
956,0.8220317012629363,1880.9396217357253,476,S2_panic_selling_defi,indonesia,USDC
957,0.819834559199877,1833.9161311923322,476,S2_panic_selling_defi,indonesia,USDC
958,0.8088217752652227,1788.068227912524,476,S2_panic_selling_defi,indonesia,USDC
959,0.7937079277137365,1743.366522214711,476,S2_panic_selling_defi,indonesia,USDC
960,0.7988037004330873,1699.7823591593428,476,S2_panic_selling_defi,indonesia,USDC
961,0.8091577596159074,1657.2878001803592,476,S2_panic_selling_defi,indonesia,USDC
962,0.7872500525223847,1615.8556051758503,476,S2_panic_selling_defi,indonesia,USDC
963,0.7863907281539672,1575.4592150464541,476,S2_panic_selling_defi,indonesia,USDC
964,0.785013194096308,1536.0727346702927,476,S2_panic_selling_defi,indonesia,USDC
965,0.8014465180210015,1497.6709163035353,476,S2_panic_selling_defi,indonesia,USDC
966,0.8284016996446608,1460.229143395947,476,S2_panic_selling_defi,indonesia,USDC
967,0.826830034796121,1423.7234148110483,476,S2_panic_selling_defi,indonesia,USDC
968,0.8258229873784083,1388.1303294407721,476,S2_panic_selling_defi,indonesia,USDC
969,0.7974609289254679,1353.4270712047528,476,S2_panic_selling_defi,indonesia,USDC
970,0.8193561874742213,1319.5913944246338,476,S2_panic_selling_defi,indonesia,USDC
971,0.8025192879976515,1286.601609564018,476,S2_panic_selling_defi,indonesia,USDC
972,0.8093339305916156,1254.4365693249174,476,S2_panic_selling_defi,indonesia,USDC
973,0.8101272532230401,1223.0756550917945,476,S2_panic_selling_defi,indonesia,USDC
974,0.8282682191218472,1192.4987637144998,476,S2_panic_selling_defi,indonesia,USDC
975,0.8208369464570182,1162.6862946216372,476,S2_panic_selling_defi,indonesia,USDC
976,0.8003388006617702,1133.6191372560963,476,S2_panic_selling_defi,indonesia,USDC
977,0.8204593931125269,1105.2786588246938,476,S2_panic_selling_defi,indonesia,USDC
978,0.829825744767514,1077.6466923540765,476,S2_panic_selling_defi,indonesia,USDC
979,0.8220126256739148,1050.7055250452245,476,S2_panic_selling_defi,indonesia,USDC
980,0.8247375117520122,1024.4378869190941,476,S2_panic_selling_defi,indonesia,USDC
981,0.8213735951736778,998.8269397461166,476,S2_panic_selling_defi,indonesia,USDC
982,0.8158250460381611,973.8562662524637,476,S2_panic_selling_defi,indonesia,USDC
983,0.8256562146694617,949.5098595961522,476,S2_panic_selling_defi,indonesia,USDC
984,0.8232834178389338,925.7721131062483,476,S2_panic_selling_defi,indonesia,USDC
985,0.8279641053023412,902.6278102785923,476,S2_panic_selling_defi,indonesia,USDC
986,0.8538912929659807,880.0621150216273,476,S2_panic_selling_defi,indonesia,USDC
987,0.8124116015385906,858.0605621460867,476,S2_panic_selling_defi,indonesia,USDC
988,0.8214488962883231,836.6090480924345,476,S2_panic_selling_defi,indonesia,USDC
989,0.7969829282395166,815.6938218901237,476,S2_panic_selling_defi,indonesia,USDC
990,0.7549648896378807,795.3014763428706,476,S2_panic_selling_defi,indonesia,USDC
991,0.7501566241423799,775.4189394342989,476,S2_panic_selling_defi,indonesia,USDC
992,0.7406404195227769,756.0334659484414,476,S2_panic_selling_defi,indonesia,USDC
993,0.7512574858575056,737.1326292997303,476,S2_panic_selling_defi,indonesia,USDC
994,0.7820092338232956,718.704313567237,476,S2_panic_selling_defi,indonesia,USDC
995,0.788279990761202,700.7367057280561,476,S2_panic_selling_defi,indonesia,USDC
996,0.7900950108243404,683.2182880848547,476,S2_panic_selling_defi,indonesia,USDC
997,0.7777892663815232,666.1378308827334,476,S2_panic_selling_defi,indonesia,USDC
998,0.7777021806373464,649.484385110665,476,S2_panic_selling_defi,indonesia,USDC
999,0.7722740318919136,633.2472754828984,476,S2_panic_selling_defi,indonesia,USDC
1000,0.7847478770006175,617.4160935958259,476,S2_panic_selling_defi,indonesia,USDC
