Step,price,liquidity,iteration,scenario,region,coin
1,1.0134427396998242,2989508127556.2793,430,S2_panic_selling_defi,indonesia,USDC
2,1.0183917447122848,2989508127556.2793,430,S2_panic_selling_defi,indonesia,USDC
3,1.0454006875287467,2989508127556.2793,430,S2_panic_selling_defi,indonesia,USDC
4,1.0348908237195955,2989508127556.2793,430,S2_panic_selling_defi,indonesia,USDC
5,1.0179882403323188,2989508127556.2793,430,S2_panic_selling_defi,indonesia,USDC
6,1.0069800723356084,2989508127556.2793,430,S2_panic_selling_defi,indonesia,USDC
7,1.0064269939144301,2989508127556.2793,430,S2_panic_selling_defi,indonesia,USDC
8,0.9925693604291623,2989508127556.2793,430,S2_panic_selling_defi,indonesia,USDC
9,1.0234481687358903,2989508127556.2793,430,S2_panic_selling_defi,indonesia,USDC
10,1.0217426443280704,2989508127556.2793,430,S2_panic_selling_defi,indonesia,USDC
11,1.0335677776369194,2989508127556.2793,430,S2_panic_selling_defi,indonesia,USDC
12,1.0342458526114517,2989508127556.2793,430,S2_panic_selling_defi,indonesia,USDC
13,1.0084015002943711,2989508127556.2793,430,S2_panic_selling_defi,indonesia,USDC
14,1.0094763317670163,2989508127556.2793,430,S2_panic_selling_defi,indonesia,USDC
15,0.9935866898063114,2989508127556.2793,430,S2_panic_selling_defi,indonesia,USDC
16,0.9991961810310895,2989508127556.2793,430,S2_panic_selling_defi,indonesia,USDC
17,1.0307605364620573,2989508127556.2793,430,S2_panic_selling_defi,indonesia,USDC
18,1.0531870229255855,2989508127556.2793,430,S2_panic_selling_defi,indonesia,USDC
19,1.0239456100517692,2989508127556.2793,430,S2_panic_selling_defi,indonesia,USDC
20,1.0496042865564972,2989508127556.2793,430,S2_panic_selling_defi,indonesia,USDC
21,1.0231956150897918,2989508127556.2793,430,S2_panic_selling_defi,indonesia,USDC
22,1.0362507136221502,2989508127556.2793,430,S2_panic_selling_defi,indonesia,USDC
23,1.0144419361806154,2989508127556.2793,430,S2_panic_selling_defi,indonesia,USDC
24,0.9945731566126628,2989508127556.2793,430,S2_panic_selling_defi,indonesia,USDC
25,1.01223229139353,2989508127556.2793,430,S2_panic_selling_defi,indonesia,USDC
26,0.9996404874684625,2989508127556.2793,430,S2_panic_selling_defi,indonesia,USDC
27,1.006660764200884,2989508127556.2793,430,S2_panic_selling_defi,indonesia,USDC
28,0.990864977324175,2989508127556.2793,430,S2_panic_selling_defi,indonesia,USDC
29,0.9887131695080819,2989508127556.2793,430,S2_panic_selling_defi,indonesia,USDC
30,0.9846880296316696,2989508127556.2793,430,S2_panic_selling_defi,indonesia,USDC
31,0.9754985893420283,2989508127556.2793,430,S2_panic_selling_defi,indonesia,USDC
32,0.9886101608328071,2989508127556.2793,430,S2_panic_selling_defi,indonesia,USDC
33,0.9829821549714721,2989508127556.2793,430,S2_panic_selling_defi,indonesia,USDC
34,0.9914514145350961,2989508127556.2793,430,S2_panic_selling_defi,indonesia,USDC
35,0.9944742827438079,2989508127556.2793,430,S2_panic_selling_defi,indonesia,USDC
36,1.0189353485655044,2989508127556.2793,430,S2_panic_selling_defi,indonesia,USDC
37,0.9792017593937316,2989508127556.2793,430,S2_panic_selling_defi,indonesia,USDC
38,0.9889867627509653,2989508127556.2793,430,S2_panic_selling_defi,indonesia,USDC
39,0.9689322665534068,2989508127556.2793,430,S2_panic_selling_defi,indonesia,USDC
40,0.9768820024798878,2989451453664.0215,430,S2_panic_selling_defi,indonesia,USDC
41,0.950432977106453,2989451453664.0215,430,S2_panic_selling_defi,indonesia,USDC
42,0.9505662587346303,2988287774503.8623,430,S2_panic_selling_defi,indonesia,USDC
43,0.9533958681584648,2987110136926.0796,430,S2_panic_selling_defi,indonesia,USDC
44,0.981488444268072,2986152912692.426,430,S2_panic_selling_defi,indonesia,USDC
45,0.9903607259742981,2986152912692.426,430,S2_panic_selling_defi,indonesia,USDC
46,0.9744427873689113,2986152912692.426,430,S2_panic_selling_defi,indonesia,USDC
47,0.9486417145708584,2986152912692.426,430,S2_panic_selling_defi,indonesia,USDC
48,0.9245007821414563,2984921621867.9688,430,S2_panic_selling_defi,indonesia,USDC
49,0.9435338651460855,2982345922745.284,430,S2_panic_selling_defi,indonesia,USDC
50,0.9358569498513133,2980939102328.57,430,S2_panic_selling_defi,indonesia,USDC
51,0.940831886604361,2979188207862.3877,430,S2_panic_selling_defi,indonesia,USDC
52,0.9362309888008057,2977712560570.7695,430,S2_panic_selling_defi,indonesia,USDC
53,0.9924934871451409,2976053984577.375,430,S2_panic_selling_defi,indonesia,USDC
54,0.9836974106155755,2976053984577.375,430,S2_panic_selling_defi,indonesia,USDC
55,1.019875428545607,2976053984577.375,430,S2_panic_selling_defi,indonesia,USDC
56,1.008215121723269,2976053984577.375,430,S2_panic_selling_defi,indonesia,USDC
57,1.006721165382534,2976053984577.375,430,S2_panic_selling_defi,indonesia,USDC
58,1.0449312808080002,2976053984577.375,430,S2_panic_selling_defi,indonesia,USDC
59,1.047138743440681,2976053984577.375,430,S2_panic_selling_defi,indonesia,USDC
60,1.0409780092795446,2976053984577.375,430,S2_panic_selling_defi,indonesia,USDC
61,1.0333811875010541,2976053984577.375,430,S2_panic_selling_defi,indonesia,USDC
62,1.0374941653788685,2976053984577.375,430,S2_panic_selling_defi,indonesia,USDC
63,1.0577961955111768,2976053984577.375,430,S2_panic_selling_defi,indonesia,USDC
64,1.0246233772151243,2976053984577.375,430,S2_panic_selling_defi,indonesia,USDC
65,1.0102321552256504,2976053984577.375,430,S2_panic_selling_defi,indonesia,USDC
66,1.025415419003778,2976053984577.375,430,S2_panic_selling_defi,indonesia,USDC
67,1.026336573823077,2976053984577.375,430,S2_panic_selling_defi,indonesia,USDC
68,1.0188030229100835,2976053984577.375,430,S2_panic_selling_defi,indonesia,USDC
69,0.9851366827931846,2976053984577.375,430,S2_panic_selling_defi,indonesia,USDC
70,0.9968116833884623,2976053984577.375,430,S2_panic_selling_defi,indonesia,USDC
71,0.97626782330037,2976053984577.375,430,S2_panic_selling_defi,indonesia,USDC
72,1.0281743078190935,2976053984577.375,430,S2_panic_selling_defi,indonesia,USDC
73,1.0166638717074519,2976053984577.375,430,S2_panic_selling_defi,indonesia,USDC
74,1.0407382310927658,2976053984577.375,430,S2_panic_selling_defi,indonesia,USDC
75,1.0223347860988656,2976053984577.375,430,S2_panic_selling_defi,indonesia,USDC
76,1.0184800910942493,2976053984577.375,430,S2_panic_selling_defi,indonesia,USDC
77,1.0410257604683557,2976053984577.375,430,S2_panic_selling_defi,indonesia,USDC
78,1.0610352888947425,2976053984577.375,430,S2_panic_selling_defi,indonesia,USDC
79,1.0962560906601664,2976053984577.375,430,S2_panic_selling_defi,indonesia,USDC
80,1.0735843257433533,2976053984577.375,430,S2_panic_selling_defi,indonesia,USDC
81,1.0645027383839085,2976053984577.375,430,S2_panic_selling_defi,indonesia,USDC
82,1.0330581822254785,2976053984577.375,430,S2_panic_selling_defi,indonesia,USDC
83,1.0282379910775166,2976053984577.375,430,S2_panic_selling_defi,indonesia,USDC
84,1.0365763038427642,2976053984577.375,430,S2_panic_selling_defi,indonesia,USDC
85,1.0378568767742642,2976053984577.375,430,S2_panic_selling_defi,indonesia,USDC
86,1.0004085013705013,2976053984577.375,430,S2_panic_selling_defi,indonesia,USDC
87,1.0190202132637827,2976053984577.375,430,S2_panic_selling_defi,indonesia,USDC
88,1.0359505938781521,2976053984577.375,430,S2_panic_selling_defi,indonesia,USDC
89,1.0289518458711981,2976053984577.375,430,S2_panic_selling_defi,indonesia,USDC
90,1.0413610591335782,2976053984577.375,430,S2_panic_selling_defi,indonesia,USDC
91,1.0462477026786383,2976053984577.375,430,S2_panic_selling_defi,indonesia,USDC
92,1.0000980644944313,2976053984577.375,430,S2_panic_selling_defi,indonesia,USDC
93,1.0116383847486483,2976053984577.375,430,S2_panic_selling_defi,indonesia,USDC
94,1.0060198555335447,2976053984577.375,430,S2_panic_selling_defi,indonesia,USDC
95,1.042726816931417,2976053984577.375,430,S2_panic_selling_defi,indonesia,USDC
96,1.0439657193502276,2976053984577.375,430,S2_panic_selling_defi,indonesia,USDC
97,1.0216256240100094,2976053984577.375,430,S2_panic_selling_defi,indonesia,USDC
98,1.0262558176698544,2976053984577.375,430,S2_panic_selling_defi,indonesia,USDC
99,1.0293902880865116,2976053984577.375,430,S2_panic_selling_defi,indonesia,USDC
100,1.0096893603636583,2976053984577.375,430,S2_panic_selling_defi,indonesia,USDC
101,0.9912620000207073,2976053984577.375,430,S2_panic_selling_defi,indonesia,USDC
102,0.998226800232432,2976053984577.375,430,S2_panic_selling_defi,indonesia,USDC
103,0.9837855177822856,2976053984577.375,430,S2_panic_selling_defi,indonesia,USDC
104,0.9315804203394503,2976053984577.375,430,S2_panic_selling_defi,indonesia,USDC
105,0.9585723560815057,2974210404926.148,430,S2_panic_selling_defi,indonesia,USDC
106,0.9378651877339182,2973703970335.3394,430,S2_panic_selling_defi,indonesia,USDC
107,0.9650311749811484,2972239820736.735,430,S2_panic_selling_defi,indonesia,USDC
108,0.889750997865255,2972020927637.5874,430,S2_panic_selling_defi,indonesia,USDC
109,0.9099034444473384,2968558616492.778,430,S2_panic_selling_defi,indonesia,USDC
110,0.9044542250119787,2966269433347.1455,430,S2_panic_selling_defi,indonesia,USDC
111,0.9259070389234572,2963830782563.896,430,S2_panic_selling_defi,indonesia,USDC
112,0.957244240806471,2962373635373.583,430,S2_panic_selling_defi,indonesia,USDC
113,0.9549830588814308,2961980837091.925,430,S2_panic_selling_defi,indonesia,USDC
114,0.964522890439787,2961498948436.794,430,S2_panic_selling_defi,indonesia,USDC
115,0.9615280597303346,2961334872970.9355,430,S2_panic_selling_defi,indonesia,USDC
116,0.9278634170113871,2961093385542.275,430,S2_panic_selling_defi,indonesia,USDC
117,0.9426347283262366,2959790568772.9434,430,S2_panic_selling_defi,indonesia,USDC
118,0.9601440613944126,2959018186124.596,430,S2_panic_selling_defi,indonesia,USDC
119,0.9768283645110372,2958737324796.0596,430,S2_panic_selling_defi,indonesia,USDC
120,0.9489013421099384,2958737324796.0596,430,S2_panic_selling_defi,indonesia,USDC
121,0.9269952217383796,2884149015993.54,430,S2_panic_selling_defi,indonesia,USDC
122,0.9136702475004578,2810809298169.857,430,S2_panic_selling_defi,indonesia,USDC
123,0.8891073010983617,2739071138161.2686,430,S2_panic_selling_defi,indonesia,USDC
124,0.8834463644746668,2668638831078.971,430,S2_panic_selling_defi,indonesia,USDC
125,0.8864753000133592,2599897867507.8325,430,S2_panic_selling_defi,indonesia,USDC
126,0.8744200618947183,2533158568454.7964,430,S2_panic_selling_defi,indonesia,USDC
127,0.8696982670912198,2467954191033.446,430,S2_panic_selling_defi,indonesia,USDC
128,0.8883137063821526,2404437818742.604,430,S2_panic_selling_defi,indonesia,USDC
129,0.8821618325573859,2342999734829.6685,430,S2_panic_selling_defi,indonesia,USDC
130,0.8514037935641164,2283146751863.3496,430,S2_panic_selling_defi,indonesia,USDC
131,0.8357928311486031,2224459791463.415,430,S2_panic_selling_defi,indonesia,USDC
132,0.8376533072572865,2167250823558.6868,430,S2_panic_selling_defi,indonesia,USDC
133,0.8334082218499498,2111795436902.1064,430,S2_panic_selling_defi,indonesia,USDC
134,0.8427117329585627,2057803794990.132,430,S2_panic_selling_defi,indonesia,USDC
135,0.836966774487594,2005417738976.3955,430,S2_panic_selling_defi,indonesia,USDC
136,0.8348631250287443,1954440742950.3013,430,S2_panic_selling_defi,indonesia,USDC
137,0.8427657226914046,1904802365164.5112,430,S2_panic_selling_defi,indonesia,USDC
138,0.8656233079959076,1856577108131.8164,430,S2_panic_selling_defi,indonesia,USDC
139,0.8620215064901148,1809708614651.038,430,S2_panic_selling_defi,indonesia,USDC
140,0.8725823942507893,1764045509945.9102,430,S2_panic_selling_defi,indonesia,USDC
141,0.8389493126949445,1719621665395.6406,430,S2_panic_selling_defi,indonesia,USDC
142,0.8368466348991113,1676210225486.2058,430,S2_panic_selling_defi,indonesia,USDC
143,0.8217417532143048,1633935095701.4683,430,S2_panic_selling_defi,indonesia,USDC
144,0.7977442721079655,1592745621834.136,430,S2_panic_selling_defi,indonesia,USDC
145,0.7895265751152051,1552581605556.2788,430,S2_panic_selling_defi,indonesia,USDC
146,0.781422828775347,1513474110154.153,430,S2_panic_selling_defi,indonesia,USDC
147,0.7765716523859247,1475390899536.8809,430,S2_panic_selling_defi,indonesia,USDC
148,0.7636513270468849,1438287012246.439,430,S2_panic_selling_defi,indonesia,USDC
149,0.748538584946214,1402142698470.4248,430,S2_panic_selling_defi,indonesia,USDC
150,0.7667052741886745,1366934025577.0356,430,S2_panic_selling_defi,indonesia,USDC
151,0.7918101649700103,1332650165674.9436,430,S2_panic_selling_defi,indonesia,USDC
152,0.7698600506744934,1299260063296.7815,430,S2_panic_selling_defi,indonesia,USDC
153,0.7720249869514179,1266709896279.4937,430,S2_panic_selling_defi,indonesia,USDC
154,0.7432696509179155,1234986326263.4202,430,S2_panic_selling_defi,indonesia,USDC
155,0.7440180886818192,1204058232767.8604,430,S2_panic_selling_defi,indonesia,USDC
156,0.7327683004919736,1173916751206.0466,430,S2_panic_selling_defi,indonesia,USDC
157,0.7421074511527052,1144535779811.4634,430,S2_panic_selling_defi,indonesia,USDC
158,0.7419708329101545,1115898844387.4084,430,S2_panic_selling_defi,indonesia,USDC
159,0.7465914115173309,1087983263421.4589,430,S2_panic_selling_defi,indonesia,USDC
160,0.7522232630601198,1060769760691.8274,430,S2_panic_selling_defi,indonesia,USDC
161,0.7683871888207962,1034240666108.7808,430,S2_panic_selling_defi,indonesia,USDC
162,0.7702364863003842,1008377027369.4943,430,S2_panic_selling_defi,indonesia,USDC
163,0.7732283269252812,983161737949.5992,430,S2_panic_selling_defi,indonesia,USDC
164,0.7872032927555987,958578262157.3037,430,S2_panic_selling_defi,indonesia,USDC
165,0.7911796475312326,934610477254.8372,430,S2_panic_selling_defi,indonesia,USDC
166,0.793047116907601,911242537764.7754,430,S2_panic_selling_defi,indonesia,USDC
167,0.8136590661593411,888459284865.6057,430,S2_panic_selling_defi,indonesia,USDC
168,0.7991097030671814,866246101066.1288,430,S2_panic_selling_defi,indonesia,USDC
169,0.7683684797995863,844588420250.6675,430,S2_panic_selling_defi,indonesia,USDC
170,0.7622665440871409,823472243267.9243,430,S2_panic_selling_defi,indonesia,USDC
171,0.7798759907787776,802884181913.247,430,S2_panic_selling_defi,indonesia,USDC
172,0.7605949575717273,782811191458.1531,430,S2_panic_selling_defi,indonesia,USDC
173,0.7565033792180883,763240123546.9807,430,S2_panic_selling_defi,indonesia,USDC
174,0.7538084410649325,744158487778.9763,430,S2_panic_selling_defi,indonesia,USDC
175,0.7841505915017241,725554013089.2246,430,S2_panic_selling_defi,indonesia,USDC
176,0.780640363852782,707414833737.6267,430,S2_panic_selling_defi,indonesia,USDC
177,0.7704328502498579,689729194768.8588,430,S2_panic_selling_defi,indonesia,USDC
178,0.7829179734408283,672485734190.4688,430,S2_panic_selling_defi,indonesia,USDC
179,0.7816284341669876,655673413096.4154,430,S2_panic_selling_defi,indonesia,USDC
180,0.7759501314287047,639281434827.745,430,S2_panic_selling_defi,indonesia,USDC
181,0.7614244042357512,623299278615.3022,430,S2_panic_selling_defi,indonesia,USDC
182,0.7784697260388284,607716691622.7356,430,S2_panic_selling_defi,indonesia,USDC
183,0.7871458149131357,592523697492.2509,430,S2_panic_selling_defi,indonesia,USDC
184,0.8069963573851662,577710545366.6912,430,S2_panic_selling_defi,indonesia,USDC
185,0.7995290250868256,563267738016.927,430,S2_panic_selling_defi,indonesia,USDC
186,0.795039155819924,549186004438.79034,430,S2_panic_selling_defi,indonesia,USDC
187,0.8032178565404848,535456320899.1281,430,S2_panic_selling_defi,indonesia,USDC
188,0.8029834925664061,522069885496.80457,430,S2_panic_selling_defi,indonesia,USDC
189,0.7918504506742103,509018115655.38025,430,S2_panic_selling_defi,indonesia,USDC
190,0.7949036631869155,496292643122.71387,430,S2_panic_selling_defi,indonesia,USDC
191,0.7924095303684926,483885311501.3176,430,S2_panic_selling_defi,indonesia,USDC
192,0.778997198777622,471788165706.97845,430,S2_panic_selling_defi,indonesia,USDC
193,0.7900475101866993,459993449559.6593,430,S2_panic_selling_defi,indonesia,USDC
194,0.7959328101379639,448493604413.4233,430,S2_panic_selling_defi,indonesia,USDC
195,0.8145113200937317,437281257536.8269,430,S2_panic_selling_defi,indonesia,USDC
196,0.7850896259986029,426349220863.9098,430,S2_panic_selling_defi,indonesia,USDC
197,0.7949175073639401,415690484994.69336,430,S2_panic_selling_defi,indonesia,USDC
198,0.8065410928653394,405298218934.67755,430,S2_panic_selling_defi,indonesia,USDC
199,0.8012081296222968,395165760298.3489,430,S2_panic_selling_defi,indonesia,USDC
200,0.7836640012109012,385286613625.9893,430,S2_panic_selling_defi,indonesia,USDC
201,0.803635327913575,375654445849.12213,430,S2_panic_selling_defi,indonesia,USDC
202,0.7413243859491099,366263083007.41406,430,S2_panic_selling_defi,indonesia,USDC
203,0.7510357919818748,357106503896.2357,430,S2_panic_selling_defi,indonesia,USDC
204,0.7395132614502296,348178839769.6615,430,S2_panic_selling_defi,indonesia,USDC
205,0.7338371768950895,339474367553.9797,430,S2_panic_selling_defi,indonesia,USDC
206,0.7516637410635741,330987507385.5347,430,S2_panic_selling_defi,indonesia,USDC
207,0.7574849826973022,322712819054.70593,430,S2_panic_selling_defi,indonesia,USDC
208,0.7597263796772362,314644998072.30286,430,S2_panic_selling_defi,indonesia,USDC
209,0.7408047816354166,306778872717.8461,430,S2_panic_selling_defi,indonesia,USDC
210,0.7518509196136668,299109400567.9548,430,S2_panic_selling_defi,indonesia,USDC
211,0.7882340413847548,291631665308.327,430,S2_panic_selling_defi,indonesia,USDC
212,0.8121195439855375,284340873508.2776,430,S2_panic_selling_defi,indonesia,USDC
213,0.8192748554390366,277232351549.4191,430,S2_panic_selling_defi,indonesia,USDC
214,0.8309478472237536,270301542665.90573,430,S2_panic_selling_defi,indonesia,USDC
215,0.804086087790405,263544004028.1134,430,S2_panic_selling_defi,indonesia,USDC
216,0.8164067024738819,256955403849.19714,430,S2_panic_selling_defi,indonesia,USDC
217,0.837640910663325,250531518692.94647,430,S2_panic_selling_defi,indonesia,USDC
218,0.8348865260268904,244268230682.9383,430,S2_panic_selling_defi,indonesia,USDC
219,0.8077807706531597,238161524877.37158,430,S2_panic_selling_defi,indonesia,USDC
220,0.81587142832016,232207486717.17743,430,S2_panic_selling_defi,indonesia,USDC
221,0.8057761943866393,226402299518.81915,430,S2_panic_selling_defi,indonesia,USDC
222,0.79178063855773,220742242003.3017,430,S2_panic_selling_defi,indonesia,USDC
223,0.8002215836000677,215223685928.23267,430,S2_panic_selling_defi,indonesia,USDC
224,0.7942192488678999,209843093759.6126,430,S2_panic_selling_defi,indonesia,USDC
225,0.7937347409991756,204597016399.20642,430,S2_panic_selling_defi,indonesia,USDC
226,0.8089840398419538,199482090975.02435,430,S2_panic_selling_defi,indonesia,USDC
227,0.8123500324615375,194495038689.75922,430,S2_panic_selling_defi,indonesia,USDC
228,0.8121027863486124,189632662713.6232,430,S2_panic_selling_defi,indonesia,USDC
229,0.7900238642877404,184891846138.62225,430,S2_panic_selling_defi,indonesia,USDC
230,0.7987922306442914,180269549978.2696,430,S2_panic_selling_defi,indonesia,USDC
231,0.7922081471597433,175762811223.20502,430,S2_panic_selling_defi,indonesia,USDC
232,0.7682512744224432,171368740937.92084,430,S2_panic_selling_defi,indonesia,USDC
233,0.7475838203444187,167084522410.26575,430,S2_panic_selling_defi,indonesia,USDC
234,0.753900338760818,162907409346.12326,430,S2_panic_selling_defi,indonesia,USDC
235,0.7467545985245492,158834724109.5525,430,S2_panic_selling_defi,indonesia,USDC
236,0.761361414171365,154863856004.4961,430,S2_panic_selling_defi,indonesia,USDC
237,0.7635260676299661,150992259602.63458,430,S2_panic_selling_defi,indonesia,USDC
238,0.791437624022026,147217453111.26236,430,S2_panic_selling_defi,indonesia,USDC
239,0.8285197224862341,143537016782.5463,430,S2_panic_selling_defi,indonesia,USDC
240,0.8085273332109779,139948591362.39014,430,S2_panic_selling_defi,indonesia,USDC
241,0.7801339590926926,136449876577.75085,430,S2_panic_selling_defi,indonesia,USDC
242,0.7654923050595736,133038629662.72577,430,S2_panic_selling_defi,indonesia,USDC
243,0.7761050607803579,129712663920.67264,430,S2_panic_selling_defi,indonesia,USDC
244,0.7754177588320292,126469847322.28302,430,S2_panic_selling_defi,indonesia,USDC
245,0.7615139971283973,123308101138.93091,430,S2_panic_selling_defi,indonesia,USDC
246,0.766731202431146,120225398610.20721,430,S2_panic_selling_defi,indonesia,USDC
247,0.7820483817603793,117219763644.74942,430,S2_panic_selling_defi,indonesia,USDC
248,0.7703226044607487,114289269553.479,430,S2_panic_selling_defi,indonesia,USDC
249,0.7660893293170405,111432037814.51447,430,S2_panic_selling_defi,indonesia,USDC
250,0.7701528270345646,108646236869.05182,430,S2_panic_selling_defi,indonesia,USDC
251,0.7848796311330867,105930080947.24234,430,S2_panic_selling_defi,indonesia,USDC
252,0.7667563062053339,103281828923.50247,430,S2_panic_selling_defi,indonesia,USDC
253,0.7773226014863743,100699783200.3621,430,S2_panic_selling_defi,indonesia,USDC
254,0.8049074901085769,98182288620.31155,430,S2_panic_selling_defi,indonesia,USDC
255,0.8197447994144021,95727731404.77525,430,S2_panic_selling_defi,indonesia,USDC
256,0.8218779104124087,93334538119.63435,430,S2_panic_selling_defi,indonesia,USDC
257,0.8162584207925657,91001174666.6263,430,S2_panic_selling_defi,indonesia,USDC
258,0.781062909484052,88726145299.94476,430,S2_panic_selling_defi,indonesia,USDC
259,0.7732234550381964,86507991667.43,430,S2_panic_selling_defi,indonesia,USDC
260,0.7825115531521833,84345291875.73068,430,S2_panic_selling_defi,indonesia,USDC
261,0.7882837768974292,82236659578.82684,430,S2_panic_selling_defi,indonesia,USDC
262,0.7991701745100146,80180743089.34808,430,S2_panic_selling_defi,indonesia,USDC
263,0.778527712085919,78176224512.10817,430,S2_panic_selling_defi,indonesia,USDC
264,0.7951871174487593,76221818899.2997,430,S2_panic_selling_defi,indonesia,USDC
265,0.8223564434721294,74316273426.81314,430,S2_panic_selling_defi,indonesia,USDC
266,0.8228444096296945,72458366591.13985,430,S2_panic_selling_defi,indonesia,USDC
267,0.812971716237157,70646907426.35876,430,S2_panic_selling_defi,indonesia,USDC
268,0.7982423108465521,68880734740.69753,430,S2_panic_selling_defi,indonesia,USDC
269,0.8151063441322401,67158716372.17798,430,S2_panic_selling_defi,indonesia,USDC
270,0.8093006835930158,65479748462.87196,430,S2_panic_selling_defi,indonesia,USDC
271,0.8137144210809416,63842754751.2988,430,S2_panic_selling_defi,indonesia,USDC
272,0.8209130193170088,62246685882.51521,430,S2_panic_selling_defi,indonesia,USDC
273,0.859344172399396,60690518735.4514,430,S2_panic_selling_defi,indonesia,USDC
274,0.8633248216171912,59173255767.06457,430,S2_panic_selling_defi,indonesia,USDC
275,0.848787257100046,57693924372.88747,430,S2_panic_selling_defi,indonesia,USDC
276,0.8842315091665945,56251576263.56477,430,S2_panic_selling_defi,indonesia,USDC
277,0.8626556161947475,54845286856.97536,430,S2_panic_selling_defi,indonesia,USDC
278,0.849555134223349,53474154685.55061,430,S2_panic_selling_defi,indonesia,USDC
279,0.8521260310769514,52137300818.41148,430,S2_panic_selling_defi,indonesia,USDC
280,0.8317781590135557,50833868297.950905,430,S2_panic_selling_defi,indonesia,USDC
281,0.8425342579658545,49563021590.50185,430,S2_panic_selling_defi,indonesia,USDC
282,0.8093736277168303,48323946050.73906,430,S2_panic_selling_defi,indonesia,USDC
283,0.8134106850833551,47115847399.470314,430,S2_panic_selling_defi,indonesia,USDC
284,0.8148181434611745,45937951214.48334,430,S2_panic_selling_defi,indonesia,USDC
285,0.8216637605602328,44789502434.12107,430,S2_panic_selling_defi,indonesia,USDC
286,0.828444931423081,43669764873.2679,430,S2_panic_selling_defi,indonesia,USDC
287,0.81010133906014,42578020751.43608,430,S2_panic_selling_defi,indonesia,USDC
288,0.8136328342849157,41513570232.65006,430,S2_panic_selling_defi,indonesia,USDC
289,0.7858255987865761,40475730976.83372,430,S2_panic_selling_defi,indonesia,USDC
290,0.794479000304975,39463837702.41278,430,S2_panic_selling_defi,indonesia,USDC
291,0.7882782020497368,38477241759.85239,430,S2_panic_selling_defi,indonesia,USDC
292,0.7865413181783995,37515310715.85602,430,S2_panic_selling_defi,indonesia,USDC
293,0.7866520751528004,36577427947.959564,430,S2_panic_selling_defi,indonesia,USDC
294,0.7798727086099555,35662992249.26054,430,S2_panic_selling_defi,indonesia,USDC
295,0.7871633874975889,34771417443.02899,430,S2_panic_selling_defi,indonesia,USDC
296,0.7767727261670936,33902132006.953236,430,S2_panic_selling_defi,indonesia,USDC
297,0.7748254230445277,33054578706.779385,430,S2_panic_selling_defi,indonesia,USDC
298,0.7637264801028016,32228214239.10988,430,S2_panic_selling_defi,indonesia,USDC
299,0.7779279624846412,31422508883.13212,430,S2_panic_selling_defi,indonesia,USDC
300,0.7886417544583474,30636946161.053802,430,S2_panic_selling_defi,indonesia,USDC
301,0.7888073454460351,29871022507.02745,430,S2_panic_selling_defi,indonesia,USDC
302,0.7938492808670916,29124246944.351757,430,S2_panic_selling_defi,indonesia,USDC
303,0.8039628859704266,28396140770.742958,430,S2_panic_selling_defi,indonesia,USDC
304,0.7829500093076939,27686237251.47438,430,S2_panic_selling_defi,indonesia,USDC
305,0.7848563123283635,26994081320.187515,430,S2_panic_selling_defi,indonesia,USDC
306,0.7957282811817548,26319229287.18282,430,S2_panic_selling_defi,indonesia,USDC
307,0.782531319597372,25661248555.00325,430,S2_panic_selling_defi,indonesia,USDC
308,0.7837167777758282,25019717341.128166,430,S2_panic_selling_defi,indonesia,USDC
309,0.7753422079087023,24394224407.59996,430,S2_panic_selling_defi,indonesia,USDC
310,0.762944338554668,23784368797.409958,430,S2_panic_selling_defi,indonesia,USDC
311,0.7897410480070894,23189759577.474705,430,S2_panic_selling_defi,indonesia,USDC
312,0.8076117495560006,22610015588.037838,430,S2_panic_selling_defi,indonesia,USDC
313,0.8035929907267599,22044765198.33689,430,S2_panic_selling_defi,indonesia,USDC
314,0.7927075404211331,21493646068.378468,430,S2_panic_selling_defi,indonesia,USDC
315,0.7970630448781407,20956304916.669006,430,S2_panic_selling_defi,indonesia,USDC
316,0.7908673936782481,20432397293.75228,430,S2_panic_selling_defi,indonesia,USDC
317,0.7706175013301112,19921587361.408474,430,S2_panic_selling_defi,indonesia,USDC
318,0.7787758290451281,19423547677.373264,430,S2_panic_selling_defi,indonesia,USDC
319,0.7732471151548171,18937958985.438934,430,S2_panic_selling_defi,indonesia,USDC
320,0.7780444592433483,18464510010.80296,430,S2_panic_selling_defi,indonesia,USDC
321,0.7570241097084884,18002897260.532883,430,S2_panic_selling_defi,indonesia,USDC
322,0.7672899978568462,17552824829.01956,430,S2_panic_selling_defi,indonesia,USDC
323,0.7589422757250127,17114004208.294075,430,S2_panic_selling_defi,indonesia,USDC
324,0.7626150797876133,16686154103.086721,430,S2_panic_selling_defi,indonesia,USDC
325,0.7804617123263048,16269000250.509554,430,S2_panic_selling_defi,indonesia,USDC
326,0.7746591820661692,15862275244.246815,430,S2_panic_selling_defi,indonesia,USDC
327,0.7799593068222046,15465718363.140644,430,S2_panic_selling_defi,indonesia,USDC
328,0.7979475932009427,15079075404.062128,430,S2_panic_selling_defi,indonesia,USDC
329,0.7965207820168053,14702098518.960575,430,S2_panic_selling_defi,indonesia,USDC
330,0.7872609600668797,14334546055.98656,430,S2_panic_selling_defi,indonesia,USDC
331,0.7851532102705386,13976182404.586897,430,S2_panic_selling_defi,indonesia,USDC
332,0.7773324124038417,13626777844.472223,430,S2_panic_selling_defi,indonesia,USDC
333,0.7737837063301733,13286108398.36042,430,S2_panic_selling_defi,indonesia,USDC
334,0.7800446293647147,12953955688.401405,430,S2_panic_selling_defi,indonesia,USDC
335,0.7771122608681045,12630106796.191372,430,S2_panic_selling_defi,indonesia,USDC
336,0.7963849787677822,12314354126.286589,430,S2_panic_selling_defi,indonesia,USDC
337,0.8058426782227479,12006495273.129423,430,S2_panic_selling_defi,indonesia,USDC
338,0.8255696401447306,11706332891.301188,430,S2_panic_selling_defi,indonesia,USDC
339,0.8263557807319354,11413674569.018658,430,S2_panic_selling_defi,indonesia,USDC
340,0.8146560484914095,11128332704.793192,430,S2_panic_selling_defi,indonesia,USDC
341,0.8175851776237737,10850124387.173363,430,S2_panic_selling_defi,indonesia,USDC
342,0.8527547091036795,10578871277.494028,430,S2_panic_selling_defi,indonesia,USDC
343,0.8495237275889168,10314399495.556677,430,S2_panic_selling_defi,indonesia,USDC
344,0.8194948948280663,10056539508.16776,430,S2_panic_selling_defi,indonesia,USDC
345,0.8195957704826397,9805126020.463566,430,S2_panic_selling_defi,indonesia,USDC
346,0.8063386425738724,9559997869.951979,430,S2_panic_selling_defi,indonesia,USDC
347,0.8285207667317036,9320997923.203178,430,S2_panic_selling_defi,indonesia,USDC
348,0.8465656359793376,9087972975.1231,430,S2_panic_selling_defi,indonesia,USDC
349,0.8366618234129937,8860773650.745022,430,S2_panic_selling_defi,indonesia,USDC
350,0.8174566506339143,8639254309.476395,430,S2_panic_selling_defi,indonesia,USDC
351,0.8368674263021774,8423272951.739485,430,S2_panic_selling_defi,indonesia,USDC
352,0.828921331774196,8212691127.945999,430,S2_panic_selling_defi,indonesia,USDC
353,0.8188300557752931,8007373849.747349,430,S2_panic_selling_defi,indonesia,USDC
354,0.8009094883176505,7807189503.503664,430,S2_panic_selling_defi,indonesia,USDC
355,0.7985677376233314,7612009765.916074,430,S2_panic_selling_defi,indonesia,USDC
356,0.8117033744322375,7421709521.768171,430,S2_panic_selling_defi,indonesia,USDC
357,0.8203195189350884,7236166783.7239685,430,S2_panic_selling_defi,indonesia,USDC
358,0.8112526268708969,7055262614.130868,430,S2_panic_selling_defi,indonesia,USDC
359,0.8079786476505458,6878881048.7775955,430,S2_panic_selling_defi,indonesia,USDC
360,0.7913881661239346,6706909022.558157,430,S2_panic_selling_defi,indonesia,USDC
361,0.8026390195778831,6539236296.994202,430,S2_panic_selling_defi,indonesia,USDC
362,0.7809587606668059,6375755389.569347,430,S2_panic_selling_defi,indonesia,USDC
363,0.772247115750471,6216361504.830113,430,S2_panic_selling_defi,indonesia,USDC
364,0.8123489964919052,6060952467.209361,430,S2_panic_selling_defi,indonesia,USDC
365,0.799010868659185,5909428655.529127,430,S2_panic_selling_defi,indonesia,USDC
366,0.7939379699128214,5761692939.140898,430,S2_panic_selling_defi,indonesia,USDC
367,0.7679732054173813,5617650615.662375,430,S2_panic_selling_defi,indonesia,USDC
368,0.7656873041902812,5477209350.270817,430,S2_panic_selling_defi,indonesia,USDC
369,0.7848643259478439,5340279116.514047,430,S2_panic_selling_defi,indonesia,USDC
370,0.7715292425162783,5206772138.601195,430,S2_panic_selling_defi,indonesia,USDC
371,0.7835113772089991,5076602835.136166,430,S2_panic_selling_defi,indonesia,USDC
372,0.7535568125824658,4949687764.257761,430,S2_panic_selling_defi,indonesia,USDC
373,0.7788731517960916,4825945570.151318,430,S2_panic_selling_defi,indonesia,USDC
374,0.7790624352333747,4705296930.897534,430,S2_panic_selling_defi,indonesia,USDC
375,0.7681454176486494,4587664507.625095,430,S2_panic_selling_defi,indonesia,USDC
376,0.7619500907963633,4472972894.934469,430,S2_panic_selling_defi,indonesia,USDC
377,0.7841907675663861,4361148572.561107,430,S2_panic_selling_defi,indonesia,USDC
378,0.7824283028224253,4252119858.24708,430,S2_panic_selling_defi,indonesia,USDC
379,0.8190222978741305,4145816861.790902,430,S2_panic_selling_defi,indonesia,USDC
380,0.8153160054830937,4042171440.24613,430,S2_panic_selling_defi,indonesia,USDC
381,0.8073211297621115,3941117154.239977,430,S2_panic_selling_defi,indonesia,USDC
382,0.8086486434288122,3842589225.383978,430,S2_panic_selling_defi,indonesia,USDC
383,0.8045893178027556,3746524494.7493777,430,S2_panic_selling_defi,indonesia,USDC
384,0.7939058576166631,3652861382.380644,430,S2_panic_selling_defi,indonesia,USDC
385,0.7727928009113617,3561539847.821128,430,S2_panic_selling_defi,indonesia,USDC
386,0.7668163224420883,3472501351.625599,430,S2_panic_selling_defi,indonesia,USDC
387,0.7667475516829724,3385688817.8349595,430,S2_panic_selling_defi,indonesia,USDC
388,0.7534760512036716,3301046597.3890853,430,S2_panic_selling_defi,indonesia,USDC
389,0.7756917203621916,3218520432.454358,430,S2_panic_selling_defi,indonesia,USDC
390,0.7780227073909692,3138057421.642999,430,S2_panic_selling_defi,indonesia,USDC
391,0.7828862521695326,3059605986.101924,430,S2_panic_selling_defi,indonesia,USDC
392,0.7888760754221945,2983115836.449376,430,S2_panic_selling_defi,indonesia,USDC
393,0.8028713453611122,2908537940.5381417,430,S2_panic_selling_defi,indonesia,USDC
394,0.7828108211549205,2835824492.0246882,430,S2_panic_selling_defi,indonesia,USDC
395,0.763341578264923,2764928879.724071,430,S2_panic_selling_defi,indonesia,USDC
396,0.7723686098358774,2695805657.7309694,430,S2_panic_selling_defi,indonesia,USDC
397,0.7577036117155176,2628410516.287695,430,S2_panic_selling_defi,indonesia,USDC
398,0.7739659585937814,2562700253.3805027,430,S2_panic_selling_defi,indonesia,USDC
399,0.7751200256095737,2498632747.04599,430,S2_panic_selling_defi,indonesia,USDC
400,0.7900295423011889,2436166928.36984,430,S2_panic_selling_defi,indonesia,USDC
401,0.7846636626818241,2375262755.1605945,430,S2_panic_selling_defi,indonesia,USDC
402,0.7898962533136616,2315881186.281579,430,S2_panic_selling_defi,indonesia,USDC
403,0.806880159182416,2257984156.62454,430,S2_panic_selling_defi,indonesia,USDC
404,0.7904434405102432,2201534552.708926,430,S2_panic_selling_defi,indonesia,USDC
405,0.7541262164863307,2146496188.8912034,430,S2_panic_selling_defi,indonesia,USDC
406,0.7635282407586865,2092833784.1689234,430,S2_panic_selling_defi,indonesia,USDC
407,0.7703025234848168,2040512939.5647004,430,S2_panic_selling_defi,indonesia,USDC
408,0.7219869636623064,1989500116.0755825,430,S2_panic_selling_defi,indonesia,USDC
409,0.7425717219474127,1939762613.1736932,430,S2_panic_selling_defi,indonesia,USDC
410,0.7424720397475145,1891268547.8443508,430,S2_panic_selling_defi,indonesia,USDC
411,0.7830531800346494,1843986834.148242,430,S2_panic_selling_defi,indonesia,USDC
412,0.7693653495668973,1797887163.2945359,430,S2_panic_selling_defi,indonesia,USDC
413,0.7615608757832588,1752939984.2121723,430,S2_panic_selling_defi,indonesia,USDC
414,0.7473948308098546,1709116484.6068683,430,S2_panic_selling_defi,indonesia,USDC
415,0.740767283492307,1666388572.4916964,430,S2_panic_selling_defi,indonesia,USDC
416,0.7685153566480158,1624728858.1794038,430,S2_panic_selling_defi,indonesia,USDC
417,0.7748150037221195,1584110636.7249188,430,S2_panic_selling_defi,indonesia,USDC
418,0.7846701932365043,1544507870.8067958,430,S2_panic_selling_defi,indonesia,USDC
419,0.7845555439672869,1505895174.0366259,430,S2_panic_selling_defi,indonesia,USDC
420,0.8180519492822663,1468247794.6857102,430,S2_panic_selling_defi,indonesia,USDC
421,0.8081721136789541,1431541599.8185673,430,S2_panic_selling_defi,indonesia,USDC
422,0.8089160213046489,1395753059.8231034,430,S2_panic_selling_defi,indonesia,USDC
423,0.8147604959025176,1360859233.3275256,430,S2_panic_selling_defi,indonesia,USDC
424,0.8289305553741552,1326837752.4943376,430,S2_panic_selling_defi,indonesia,USDC
425,0.8378246231325375,1293666808.681979,430,S2_panic_selling_defi,indonesia,USDC
426,0.8753694760830077,1261325138.4649296,430,S2_panic_selling_defi,indonesia,USDC
427,0.8490125763796574,1229792010.0033064,430,S2_panic_selling_defi,indonesia,USDC
428,0.8606884664819875,1199047209.7532237,430,S2_panic_selling_defi,indonesia,USDC
429,0.8628396681226627,1169071029.5093932,430,S2_panic_selling_defi,indonesia,USDC
430,0.8558140778476925,1139844253.7716582,430,S2_panic_selling_defi,indonesia,USDC
431,0.849637022040732,1111348147.4273667,430,S2_panic_selling_defi,indonesia,USDC
432,0.8786522870466101,1083564443.7416825,430,S2_panic_selling_defi,indonesia,USDC
433,0.864412673498321,1056475332.6481404,430,S2_panic_selling_defi,indonesia,USDC
434,0.8715572504531695,1030063449.3319371,430,S2_panic_selling_defi,indonesia,USDC
435,0.8430907605726023,1004311863.0986385,430,S2_panic_selling_defi,indonesia,USDC
436,0.821012312448904,979204066.5211726,430,S2_panic_selling_defi,indonesia,USDC
437,0.8105567331360646,954723964.8581433,430,S2_panic_selling_defi,indonesia,USDC
438,0.7742622880484303,930855865.7366897,430,S2_panic_selling_defi,indonesia,USDC
439,0.792133016637029,907584469.0932724,430,S2_panic_selling_defi,indonesia,USDC
440,0.8121512678077504,884894857.3659407,430,S2_panic_selling_defi,indonesia,USDC
441,0.7732403805642264,862772485.931792,430,S2_panic_selling_defi,indonesia,USDC
442,0.7694151397531452,841203173.7834973,430,S2_panic_selling_defi,indonesia,USDC
443,0.7665025096714175,820173094.43891,430,S2_panic_selling_defi,indonesia,USDC
444,0.755145625153102,799668767.0779372,430,S2_panic_selling_defi,indonesia,USDC
445,0.756254623065185,779677047.9009888,430,S2_panic_selling_defi,indonesia,USDC
446,0.7511824294105027,760185121.703464,430,S2_panic_selling_defi,indonesia,USDC
447,0.7591784456631533,741180493.6608775,430,S2_panic_selling_defi,indonesia,USDC
448,0.7761635617943119,722650981.3193555,430,S2_panic_selling_defi,indonesia,USDC
449,0.7751784668591651,704584706.7863717,430,S2_panic_selling_defi,indonesia,USDC
450,0.7850931520790355,686970089.1167123,430,S2_panic_selling_defi,indonesia,USDC
451,0.7767457774456157,669795836.8887945,430,S2_panic_selling_defi,indonesia,USDC
452,0.790657941652478,653050940.9665747,430,S2_panic_selling_defi,indonesia,USDC
453,0.8009285346221485,636724667.4424103,430,S2_panic_selling_defi,indonesia,USDC
454,0.7682123905683856,620806550.75635,430,S2_panic_selling_defi,indonesia,USDC
455,0.7627952626055021,605286386.9874413,430,S2_panic_selling_defi,indonesia,USDC
456,0.7859827428009694,590154227.3127553,430,S2_panic_selling_defi,indonesia,USDC
457,0.7965349148111841,575400371.6299365,430,S2_panic_selling_defi,indonesia,USDC
458,0.7821697450727618,561015362.339188,430,S2_panic_selling_defi,indonesia,USDC
459,0.779509610381828,546989978.2807083,430,S2_panic_selling_defi,indonesia,USDC
460,0.8047109287401113,533315228.82369065,430,S2_panic_selling_defi,indonesia,USDC
461,0.8203272602506939,519982348.1030984,430,S2_panic_selling_defi,indonesia,USDC
462,0.816671783905884,506982789.4005209,430,S2_panic_selling_defi,indonesia,USDC
463,0.8079276572620244,494308219.66550785,430,S2_panic_selling_defi,indonesia,USDC
464,0.7992162357790856,481950514.1738702,430,S2_panic_selling_defi,indonesia,USDC
465,0.8149861999314214,469901751.3195234,430,S2_panic_selling_defi,indonesia,USDC
466,0.8187736177414409,458154207.53653526,430,S2_panic_selling_defi,indonesia,USDC
467,0.8011215705287413,446700352.3481219,430,S2_panic_selling_defi,indonesia,USDC
468,0.8044138390822376,435532843.5394189,430,S2_panic_selling_defi,indonesia,USDC
469,0.7910836659975048,424644522.45093346,430,S2_panic_selling_defi,indonesia,USDC
470,0.811653783797014,414028409.3896601,430,S2_panic_selling_defi,indonesia,USDC
471,0.8330937239412383,403677699.15491855,430,S2_panic_selling_defi,indonesia,USDC
472,0.8365972809880047,393585756.6760456,430,S2_panic_selling_defi,indonesia,USDC
473,0.8069425561201011,383746112.7591445,430,S2_panic_selling_defi,indonesia,USDC
474,0.7905122922350809,374152459.9401658,430,S2_panic_selling_defi,indonesia,USDC
475,0.7821542628302367,364798648.4416617,430,S2_panic_selling_defi,indonesia,USDC
476,0.7905177723733139,355678682.2306202,430,S2_panic_selling_defi,indonesia,USDC
477,0.7789181546432109,346786715.1748547,430,S2_panic_selling_defi,indonesia,USDC
478,0.7792133813804634,338117047.29548335,430,S2_panic_selling_defi,indonesia,USDC
479,0.7664880191201003,329664121.11309624,430,S2_panic_selling_defi,indonesia,USDC
480,0.7865765567044128,321422518.08526886,430,S2_panic_selling_defi,indonesia,USDC
481,0.782532685536402,313386955.1331371,430,S2_panic_selling_defi,indonesia,USDC
482,0.7798397288439072,305552281.25480866,430,S2_panic_selling_defi,indonesia,USDC
483,0.7629674723204903,297913474.22343844,430,S2_panic_selling_defi,indonesia,USDC
484,0.7699515474369891,290465637.3678525,430,S2_panic_selling_defi,indonesia,USDC
485,0.7672766040263796,283203996.4336562,430,S2_panic_selling_defi,indonesia,USDC
486,0.7716143152986789,276123896.5228148,430,S2_panic_selling_defi,indonesia,USDC
487,0.7774145626402402,269220799.1097444,430,S2_panic_selling_defi,indonesia,USDC
488,0.7957404271834764,262490279.13200083,430,S2_panic_selling_defi,indonesia,USDC
489,0.7966437237964626,255928022.15370083,430,S2_panic_selling_defi,indonesia,USDC
490,0.8080323556845411,249529821.59985828,430,S2_panic_selling_defi,indonesia,USDC
491,0.7792604392700923,243291576.05986184,430,S2_panic_selling_defi,indonesia,USDC
492,0.8024296455516761,237209286.65836528,430,S2_panic_selling_defi,indonesia,USDC
493,0.8183381859919405,231279054.4919061,430,S2_panic_selling_defi,indonesia,USDC
494,0.8082024300151874,225497078.1296085,430,S2_panic_selling_defi,indonesia,USDC
495,0.7973238723683734,219859651.1763683,430,S2_panic_selling_defi,indonesia,USDC
496,0.80663458800587,214363159.89695907,430,S2_panic_selling_defi,indonesia,USDC
497,0.8253903857848349,209004080.89953512,430,S2_panic_selling_defi,indonesia,USDC
498,0.8137987077999255,203778978.87704676,430,S2_panic_selling_defi,indonesia,USDC
499,0.79481653296288,198684504.40512055,430,S2_panic_selling_defi,indonesia,USDC
500,0.795145881602767,193717391.79499257,430,S2_panic_selling_defi,indonesia,USDC
501,0.7798001815814025,188874457.00011775,430,S2_panic_selling_defi,indonesia,USDC
502,0.7797088570737265,184152595.5751148,430,S2_panic_selling_defi,indonesia,USDC
503,0.7857730864990878,179548780.6857369,430,S2_panic_selling_defi,indonesia,USDC
504,0.805759760219203,175060061.1685935,430,S2_panic_selling_defi,indonesia,USDC
505,0.8025187082959031,170683559.63937867,430,S2_panic_selling_defi,indonesia,USDC
506,0.8088272434119854,166416470.64839417,430,S2_panic_selling_defi,indonesia,USDC
507,0.7951347778761664,162256058.88218433,430,S2_panic_selling_defi,indonesia,USDC
508,0.7576113112590045,158199657.41012973,430,S2_panic_selling_defi,indonesia,USDC
509,0.7676824029406412,154244665.97487646,430,S2_panic_selling_defi,indonesia,USDC
510,0.7924134837924504,150388549.32550454,430,S2_panic_selling_defi,indonesia,USDC
511,0.7938359385113587,146628835.59236696,430,S2_panic_selling_defi,indonesia,USDC
512,0.804586078892642,142963114.70255777,430,S2_panic_selling_defi,indonesia,USDC
513,0.8267904986463033,139389036.83499384,430,S2_panic_selling_defi,indonesia,USDC
514,0.8237480450618723,135904310.914119,430,S2_panic_selling_defi,indonesia,USDC
515,0.8038898945688099,132506703.14126602,430,S2_panic_selling_defi,indonesia,USDC
516,0.7926596935750885,129194035.56273437,430,S2_panic_selling_defi,indonesia,USDC
517,0.7967383539541848,125964184.67366603,430,S2_panic_selling_defi,indonesia,USDC
518,0.8094802633892538,122815080.05682437,430,S2_panic_selling_defi,indonesia,USDC
519,0.8468276107458883,119744703.05540377,430,S2_panic_selling_defi,indonesia,USDC
520,0.8354079562947692,116751085.47901866,430,S2_panic_selling_defi,indonesia,USDC
521,0.8341158789757833,113832308.34204319,430,S2_panic_selling_defi,indonesia,USDC
522,0.820995818391826,110986500.63349211,430,S2_panic_selling_defi,indonesia,USDC
523,0.8173749342868135,108211838.11765482,430,S2_panic_selling_defi,indonesia,USDC
524,0.8007279026107506,105506542.16471344,430,S2_panic_selling_defi,indonesia,USDC
525,0.7887469219650801,102868878.61059558,430,S2_panic_selling_defi,indonesia,USDC
526,0.768429254407378,100297156.64533071,430,S2_panic_selling_defi,indonesia,USDC
527,0.7738302114160824,97789727.72919744,430,S2_panic_selling_defi,indonesia,USDC
528,0.7821798011813601,95344984.5359675,430,S2_panic_selling_defi,indonesia,USDC
529,0.8024542063419218,92961359.9225683,430,S2_panic_selling_defi,indonesia,USDC
530,0.7648916568733881,90637325.9245041,430,S2_panic_selling_defi,indonesia,USDC
531,0.7788546998796073,88371392.7763915,430,S2_panic_selling_defi,indonesia,USDC
532,0.8099997136686589,86162107.95698172,430,S2_panic_selling_defi,indonesia,USDC
533,0.800672802307202,84008055.25805718,430,S2_panic_selling_defi,indonesia,USDC
534,0.8110909914286338,81907853.87660575,430,S2_panic_selling_defi,indonesia,USDC
535,0.8103841987001925,79860157.52969061,430,S2_panic_selling_defi,indonesia,USDC
536,0.8019874623733277,77863653.59144835,430,S2_panic_selling_defi,indonesia,USDC
537,0.7825771671596629,75917062.25166214,430,S2_panic_selling_defi,indonesia,USDC
538,0.7908290886729904,74019135.69537058,430,S2_panic_selling_defi,indonesia,USDC
539,0.7697735877489347,72168657.30298632,430,S2_panic_selling_defi,indonesia,USDC
540,0.7815230404202853,70364440.87041166,430,S2_panic_selling_defi,indonesia,USDC
541,0.7852582148847379,68605329.84865136,430,S2_panic_selling_defi,indonesia,USDC
542,0.7900848183291745,66890196.60243508,430,S2_panic_selling_defi,indonesia,USDC
543,0.7857105074596046,65217941.687374204,430,S2_panic_selling_defi,indonesia,USDC
544,0.77549318655511,63587493.145189844,430,S2_panic_selling_defi,indonesia,USDC
545,0.7735987199094079,61997805.816560104,430,S2_panic_selling_defi,indonesia,USDC
546,0.7759651879765214,60447860.67114611,430,S2_panic_selling_defi,indonesia,USDC
547,0.7976623224814569,58936664.15436745,430,S2_panic_selling_defi,indonesia,USDC
548,0.7934408487313865,57463247.55050827,430,S2_panic_selling_defi,indonesia,USDC
549,0.7935480688381658,56026666.361745566,430,S2_panic_selling_defi,indonesia,USDC
550,0.7869631621672477,54625999.702701926,430,S2_panic_selling_defi,indonesia,USDC
551,0.7725768691477786,53260349.71013438,430,S2_panic_selling_defi,indonesia,USDC
552,0.7757762494070686,51928840.96738102,430,S2_panic_selling_defi,indonesia,USDC
553,0.769711993469111,50630619.9431965,430,S2_panic_selling_defi,indonesia,USDC
554,0.7765643817789515,49364854.44461658,430,S2_panic_selling_defi,indonesia,USDC
555,0.7961152290277447,48130733.08350117,430,S2_panic_selling_defi,indonesia,USDC
556,0.764261485231722,46927464.75641364,430,S2_panic_selling_defi,indonesia,USDC
557,0.7651465072720233,45754278.137503296,430,S2_panic_selling_defi,indonesia,USDC
558,0.7664667213663787,44610421.184065714,430,S2_panic_selling_defi,indonesia,USDC
559,0.7762817053343947,43495160.65446407,430,S2_panic_selling_defi,indonesia,USDC
560,0.7749048196040954,42407781.638102464,430,S2_panic_selling_defi,indonesia,USDC
561,0.7661455759293673,41347587.09714991,430,S2_panic_selling_defi,indonesia,USDC
562,0.7476355281804808,40313897.41972116,430,S2_panic_selling_defi,indonesia,USDC
563,0.7293380240563366,39306049.984228134,430,S2_panic_selling_defi,indonesia,USDC
564,0.7417331284210021,38323398.734622434,430,S2_panic_selling_defi,indonesia,USDC
565,0.7632899041770567,37365313.76625687,430,S2_panic_selling_defi,indonesia,USDC
566,0.7806027880840644,36431180.92210045,430,S2_panic_selling_defi,indonesia,USDC
567,0.7748882953471221,35520401.39904794,430,S2_panic_selling_defi,indonesia,USDC
568,0.7900385973021858,34632391.364071734,430,S2_panic_selling_defi,indonesia,USDC
569,0.7729160527781775,33766581.57996994,430,S2_panic_selling_defi,indonesia,USDC
570,0.7691008222688946,32922417.040470697,430,S2_panic_selling_defi,indonesia,USDC
571,0.7707284224652066,32099356.61445893,430,S2_panic_selling_defi,indonesia,USDC
572,0.7875548876935781,31296872.69909746,430,S2_panic_selling_defi,indonesia,USDC
573,0.7842834673385217,30514450.881620023,430,S2_panic_selling_defi,indonesia,USDC
574,0.7948254370105405,29751589.609579522,430,S2_panic_selling_defi,indonesia,USDC
575,0.8073629249701985,29007799.869340032,430,S2_panic_selling_defi,indonesia,USDC
576,0.8100544458931297,28282604.87260653,430,S2_panic_selling_defi,indonesia,USDC
577,0.8078991935658059,27575539.75079137,430,S2_panic_selling_defi,indonesia,USDC
578,0.8180811049225616,26886151.257021584,430,S2_panic_selling_defi,indonesia,USDC
579,0.8368246070140347,26213997.475596048,430,S2_panic_selling_defi,indonesia,USDC
580,0.8369527304604457,25558647.538706146,430,S2_panic_selling_defi,indonesia,USDC
581,0.839143018379862,24919681.350238487,430,S2_panic_selling_defi,indonesia,USDC
582,0.8308942347484397,24296689.31648253,430,S2_panic_selling_defi,indonesia,USDC
583,0.8490171950464926,23689272.08357046,430,S2_panic_selling_defi,indonesia,USDC
584,0.855707238125312,23097040.281481203,430,S2_panic_selling_defi,indonesia,USDC
585,0.7252413168202237,22519614.27444417,430,S2_panic_selling_defi,indonesia,USDC
586,0.7308934379124071,21956623.917583067,430,S2_panic_selling_defi,indonesia,USDC
587,0.7461359724373116,21407708.31964349,430,S2_panic_selling_defi,indonesia,USDC
588,0.7679364781785659,20872515.6116524,430,S2_panic_selling_defi,indonesia,USDC
589,0.748944771676943,20350702.721361093,430,S2_panic_selling_defi,indonesia,USDC
590,0.7580997561308677,19841935.153327063,430,S2_panic_selling_defi,indonesia,USDC
591,0.7626296804561936,19345886.774493888,430,S2_panic_selling_defi,indonesia,USDC
592,0.7690661810589177,18862239.60513154,430,S2_panic_selling_defi,indonesia,USDC
593,0.7735537907127183,18390683.61500325,430,S2_panic_selling_defi,indonesia,USDC
594,0.7635392770148208,17930916.52462817,430,S2_panic_selling_defi,indonesia,USDC
595,0.7884625881172084,17482643.611512467,430,S2_panic_selling_defi,indonesia,USDC
596,0.7794997036144262,17045577.521224655,430,S2_panic_selling_defi,indonesia,USDC
597,0.7704804726580162,16619438.083194038,430,S2_panic_selling_defi,indonesia,USDC
598,0.7613621116224165,16203952.131114189,430,S2_panic_selling_defi,indonesia,USDC
599,0.7792568100311901,15798853.327836331,430,S2_panic_selling_defi,indonesia,USDC
600,0.8056385479841341,15403881.994640425,430,S2_panic_selling_defi,indonesia,USDC
601,0.8030338139683659,15018784.944774413,430,S2_panic_selling_defi,indonesia,USDC
602,0.8218341852804866,14643315.321155053,430,S2_panic_selling_defi,indonesia,USDC
603,0.7849233047917559,14277232.438126177,430,S2_panic_selling_defi,indonesia,USDC
604,0.8008742078949425,13920301.627173021,430,S2_panic_selling_defi,indonesia,USDC
605,0.7952642820113791,13572294.086493695,430,S2_panic_selling_defi,indonesia,USDC
606,0.806208862618396,13232986.734331353,430,S2_panic_selling_defi,indonesia,USDC
607,0.7850302077487882,12902162.065973068,430,S2_panic_selling_defi,indonesia,USDC
608,0.8163663048469441,12579608.014323741,430,S2_panic_selling_defi,indonesia,USDC
609,0.8275733112331322,12265117.813965648,430,S2_panic_selling_defi,indonesia,USDC
610,0.849929577772367,11958489.868616506,430,S2_panic_selling_defi,indonesia,USDC
611,0.8396549550409198,11659527.621901095,430,S2_panic_selling_defi,indonesia,USDC
612,0.8118221789207904,11368039.431353567,430,S2_panic_selling_defi,indonesia,USDC
613,0.8067016360342939,11083838.445569728,430,S2_panic_selling_defi,indonesia,USDC
614,0.8049929805270197,10806742.484430484,430,S2_panic_selling_defi,indonesia,USDC
615,0.8148594871213088,10536573.922319721,430,S2_panic_selling_defi,indonesia,USDC
616,0.8305314660725333,10273159.574261729,430,S2_panic_selling_defi,indonesia,USDC
617,0.8262474423781742,10016330.584905185,430,S2_panic_selling_defi,indonesia,USDC
618,0.8446761996383637,9765922.320282554,430,S2_panic_selling_defi,indonesia,USDC
619,0.8193399927096657,9521774.26227549,430,S2_panic_selling_defi,indonesia,USDC
620,0.8374620220234114,9283729.905718604,430,S2_panic_selling_defi,indonesia,USDC
621,0.8260821052002865,9051636.658075638,430,S2_panic_selling_defi,indonesia,USDC
622,0.8211274454451407,8825345.741623748,430,S2_panic_selling_defi,indonesia,USDC
623,0.7883433210282302,8604712.098083155,430,S2_panic_selling_defi,indonesia,USDC
624,0.7723057290456037,8389594.295631075,430,S2_panic_selling_defi,indonesia,USDC
625,0.7618016572464298,8179854.438240299,430,S2_panic_selling_defi,indonesia,USDC
626,0.7662558796671964,7975358.077284291,430,S2_panic_selling_defi,indonesia,USDC
627,0.7919270547429984,7775974.125352185,430,S2_panic_selling_defi,indonesia,USDC
628,0.7935216115196154,7581574.77221838,430,S2_panic_selling_defi,indonesia,USDC
629,0.7878718981566527,7392035.40291292,430,S2_panic_selling_defi,indonesia,USDC
630,0.7878229475642053,7207234.517840098,430,S2_panic_selling_defi,indonesia,USDC
631,0.7964295218537214,7027053.654894096,430,S2_panic_selling_defi,indonesia,USDC
632,0.7627309164758077,6851377.313521743,430,S2_panic_selling_defi,indonesia,USDC
633,0.7701017043008931,6680092.8806837,430,S2_panic_selling_defi,indonesia,USDC
634,0.7725936633576767,6513090.558666607,430,S2_panic_selling_defi,indonesia,USDC
635,0.7602721713197728,6350263.294699941,430,S2_panic_selling_defi,indonesia,USDC
636,0.7555149090613242,6191506.712332443,430,S2_panic_selling_defi,indonesia,USDC
637,0.7733934455381947,6036719.044524132,430,S2_panic_selling_defi,indonesia,USDC
638,0.7893443830376063,5885801.068411029,430,S2_panic_selling_defi,indonesia,USDC
639,0.7963553177546076,5738656.041700753,430,S2_panic_selling_defi,indonesia,USDC
640,0.8189758557771787,5595189.640658234,430,S2_panic_selling_defi,indonesia,USDC
641,0.8080785017900426,5455309.899641778,430,S2_panic_selling_defi,indonesia,USDC
642,0.8017938336136644,5318927.152150733,430,S2_panic_selling_defi,indonesia,USDC
643,0.8101416981872691,5185953.973346965,430,S2_panic_selling_defi,indonesia,USDC
644,0.8016442218497951,5056305.124013292,430,S2_panic_selling_defi,indonesia,USDC
645,0.799613876736875,4929897.495912959,430,S2_panic_selling_defi,indonesia,USDC
646,0.7974500535940138,4806650.058515135,430,S2_panic_selling_defi,indonesia,USDC
647,0.8014827969818614,4686483.807052257,430,S2_panic_selling_defi,indonesia,USDC
648,0.7858575344607857,4569321.711875951,430,S2_panic_selling_defi,indonesia,USDC
649,0.7696039890837342,4455088.669079052,430,S2_panic_selling_defi,indonesia,USDC
650,0.7750118794330467,4343711.452352076,430,S2_panic_selling_defi,indonesia,USDC
651,0.7631168701683345,4235118.666043273,430,S2_panic_selling_defi,indonesia,USDC
652,0.7620608357551484,4129240.6993921916,430,S2_panic_selling_defi,indonesia,USDC
653,0.763397412201906,4026009.6819073875,430,S2_panic_selling_defi,indonesia,USDC
654,0.7638935634204489,3925359.4398597023,430,S2_panic_selling_defi,indonesia,USDC
655,0.762792861721273,3827225.4538632096,430,S2_panic_selling_defi,indonesia,USDC
656,0.7602651645759448,3731544.8175166296,430,S2_panic_selling_defi,indonesia,USDC
657,0.7601177856461766,3638256.197078714,430,S2_panic_selling_defi,indonesia,USDC
658,0.7486607761975633,3547299.7921517463,430,S2_panic_selling_defi,indonesia,USDC
659,0.756564344208217,3458617.2973479526,430,S2_panic_selling_defi,indonesia,USDC
660,0.7608009532112218,3372151.8649142543,430,S2_panic_selling_defi,indonesia,USDC
661,0.7846611463679776,3287848.0682913973,430,S2_panic_selling_defi,indonesia,USDC
662,0.8211859797298714,3205651.866584112,430,S2_panic_selling_defi,indonesia,USDC
663,0.8238916943772853,3125510.56991951,430,S2_panic_selling_defi,indonesia,USDC
664,0.8357907337218797,3047372.805671522,430,S2_panic_selling_defi,indonesia,USDC
665,0.8214070687114772,2971188.485529734,430,S2_panic_selling_defi,indonesia,USDC
666,0.8237192210797868,2896908.7733914903,430,S2_panic_selling_defi,indonesia,USDC
667,0.8245852798404111,2824486.054056703,430,S2_panic_selling_defi,indonesia,USDC
668,0.8257532367748834,2753873.9027052857,430,S2_panic_selling_defi,indonesia,USDC
669,0.8114079482072574,2685027.055137654,430,S2_panic_selling_defi,indonesia,USDC
670,0.8028666368548978,2617901.378759212,430,S2_panic_selling_defi,indonesia,USDC
671,0.7922928368874022,2552453.844290232,430,S2_panic_selling_defi,indonesia,USDC
672,0.7914325615790878,2488642.498182976,430,S2_panic_selling_defi,indonesia,USDC
673,0.8032432642010704,2426426.435728402,430,S2_panic_selling_defi,indonesia,USDC
674,0.8056338680682879,2365765.7748351917,430,S2_panic_selling_defi,indonesia,USDC
675,0.7991753436680589,2306621.6304643117,430,S2_panic_selling_defi,indonesia,USDC
676,0.7996978627330309,2248956.089702704,430,S2_panic_selling_defi,indonesia,USDC
677,0.775927835833959,2192732.1874601366,430,S2_panic_selling_defi,indonesia,USDC
678,0.8026818327209995,2137913.8827736326,430,S2_panic_selling_defi,indonesia,USDC
679,0.7821019905199038,2084466.0357042924,430,S2_panic_selling_defi,indonesia,USDC
680,0.7809673216175075,2032354.3848116847,430,S2_panic_selling_defi,indonesia,USDC
681,0.7953876640653728,1981545.5251913927,430,S2_panic_selling_defi,indonesia,USDC
682,0.7765980406973751,1932006.887061608,430,S2_panic_selling_defi,indonesia,USDC
683,0.7826185620114317,1883706.7148850677,430,S2_panic_selling_defi,indonesia,USDC
684,0.7974859152249815,1836614.047012941,430,S2_panic_selling_defi,indonesia,USDC
685,0.8045162587360091,1790698.6958376174,430,S2_panic_selling_defi,indonesia,USDC
686,0.7892626934117354,1745931.228441677,430,S2_panic_selling_defi,indonesia,USDC
687,0.770439267174183,1702282.9477306353,430,S2_panic_selling_defi,indonesia,USDC
688,0.7037214994584822,1659725.8740373692,430,S2_panic_selling_defi,indonesia,USDC
689,0.7288507863646154,1618232.727186435,430,S2_panic_selling_defi,indonesia,USDC
690,0.7280649408121426,1577776.909006774,430,S2_panic_selling_defi,indonesia,USDC
691,0.7273731376924567,1538332.486281605,430,S2_panic_selling_defi,indonesia,USDC
692,0.7393941717025073,1499874.1741245647,430,S2_panic_selling_defi,indonesia,USDC
693,0.7368731826834457,1462377.3197714505,430,S2_panic_selling_defi,indonesia,USDC
694,0.7616175811358731,1425817.8867771644,430,S2_panic_selling_defi,indonesia,USDC
695,0.7697420272727614,1390172.439607735,430,S2_panic_selling_defi,indonesia,USDC
696,0.7693305427392615,1355418.1286175419,430,S2_panic_selling_defi,indonesia,USDC
697,0.7658667244104481,1321532.6754021032,430,S2_panic_selling_defi,indonesia,USDC
698,0.7369535915200813,1288494.3585170507,430,S2_panic_selling_defi,indonesia,USDC
699,0.7271941174362624,1256281.9995541244,430,S2_panic_selling_defi,indonesia,USDC
700,0.7195977672749563,1224874.9495652714,430,S2_panic_selling_defi,indonesia,USDC
701,0.6992261726437856,1194253.0758261394,430,S2_panic_selling_defi,indonesia,USDC
702,0.7041034091544125,1164396.748930486,430,S2_panic_selling_defi,indonesia,USDC
703,0.7221416506731152,1135286.8302072238,430,S2_panic_selling_defi,indonesia,USDC
704,0.7257106234228878,1106904.6594520432,430,S2_panic_selling_defi,indonesia,USDC
705,0.7416649585706643,1079232.042965742,430,S2_panic_selling_defi,indonesia,USDC
706,0.7427299490287849,1052251.2418915986,430,S2_panic_selling_defi,indonesia,USDC
707,0.7401305221919775,1025944.9608443086,430,S2_panic_selling_defi,indonesia,USDC
708,0.7298071874408854,1000296.3368232009,430,S2_panic_selling_defi,indonesia,USDC
709,0.7187846363678339,975288.9284026208,430,S2_panic_selling_defi,indonesia,USDC
710,0.7312980446702863,950906.7051925553,430,S2_panic_selling_defi,indonesia,USDC
711,0.7386667485641437,927134.0375627413,430,S2_panic_selling_defi,indonesia,USDC
712,0.7654965247012054,903955.6866236728,430,S2_panic_selling_defi,indonesia,USDC
713,0.7645157765912569,881356.7944580809,430,S2_panic_selling_defi,indonesia,USDC
714,0.7606891671452152,859322.8745966288,430,S2_panic_selling_defi,indonesia,USDC
715,0.7514281776359145,837839.8027317133,430,S2_panic_selling_defi,indonesia,USDC
716,0.75229750278688,816893.8076634204,430,S2_panic_selling_defi,indonesia,USDC
717,0.7651266096190041,796471.462471835,430,S2_panic_selling_defi,indonesia,USDC
718,0.7665221620978578,776559.675910039,430,S2_panic_selling_defi,indonesia,USDC
719,0.7444800179179013,757145.684012288,430,S2_panic_selling_defi,indonesia,USDC
720,0.7638795361633767,738217.0419119808,430,S2_panic_selling_defi,indonesia,USDC
721,0.7796739462553945,719761.6158641813,430,S2_panic_selling_defi,indonesia,USDC
722,0.7625153158555406,701767.5754675769,430,S2_panic_selling_defi,indonesia,USDC
723,0.7585760216438424,684223.3860808874,430,S2_panic_selling_defi,indonesia,USDC
724,0.7871441482824184,667117.8014288652,430,S2_panic_selling_defi,indonesia,USDC
725,0.7740988304785676,650439.8563931435,430,S2_panic_selling_defi,indonesia,USDC
726,0.7527900111265794,634178.859983315,430,S2_panic_selling_defi,indonesia,USDC
727,0.7609458059361174,618324.388483732,430,S2_panic_selling_defi,indonesia,USDC
728,0.759228587447988,602866.2787716388,430,S2_panic_selling_defi,indonesia,USDC
729,0.7555799757592204,587794.6218023478,430,S2_panic_selling_defi,indonesia,USDC
730,0.7499491381380092,573099.7562572891,430,S2_panic_selling_defi,indonesia,USDC
731,0.7515338930303563,558772.2623508569,430,S2_panic_selling_defi,indonesia,USDC
732,0.7434531031873258,544802.9557920854,430,S2_panic_selling_defi,indonesia,USDC
733,0.7575316036693959,531182.8818972833,430,S2_panic_selling_defi,indonesia,USDC
734,0.7471710529602117,517903.3098498512,430,S2_panic_selling_defi,indonesia,USDC
735,0.7360901521229435,504955.72710360494,430,S2_panic_selling_defi,indonesia,USDC
736,0.7282062372796368,492331.83392601484,430,S2_panic_selling_defi,indonesia,USDC
737,0.7164539250000878,480023.5380778645,430,S2_panic_selling_defi,indonesia,USDC
738,0.7194908509658118,468022.9496259179,430,S2_panic_selling_defi,indonesia,USDC
739,0.7168152114230303,456322.37588526995,430,S2_panic_selling_defi,indonesia,USDC
740,0.7154750813869191,444914.3164881382,430,S2_panic_selling_defi,indonesia,USDC
741,0.7017817406048186,433791.45857593475,430,S2_panic_selling_defi,indonesia,USDC
742,0.7065733898489468,422946.6721115364,430,S2_panic_selling_defi,indonesia,USDC
743,0.7221648352316149,412373.005308748,430,S2_panic_selling_defi,indonesia,USDC
744,0.7335684549674358,402063.6801760293,430,S2_panic_selling_defi,indonesia,USDC
745,0.7303457400948846,392012.08817162854,430,S2_panic_selling_defi,indonesia,USDC
746,0.7297960647625049,382211.78596733784,430,S2_panic_selling_defi,indonesia,USDC
747,0.747351278787725,372656.4913181544,430,S2_panic_selling_defi,indonesia,USDC
748,0.7444154460034325,363340.0790352005,430,S2_panic_selling_defi,indonesia,USDC
749,0.7312116236387572,354256.5770593205,430,S2_panic_selling_defi,indonesia,USDC
750,0.738336062178056,345400.16263283754,430,S2_panic_selling_defi,indonesia,USDC
751,0.765774373346208,336765.15856701654,430,S2_panic_selling_defi,indonesia,USDC
752,0.7553935173378057,328346.0296028411,430,S2_panic_selling_defi,indonesia,USDC
753,0.7454450562122379,320137.3788627701,430,S2_panic_selling_defi,indonesia,USDC
754,0.7454484691866503,312133.94439120084,430,S2_panic_selling_defi,indonesia,USDC
755,0.7598761987158534,304330.5957814208,430,S2_panic_selling_defi,indonesia,USDC
756,0.7741314571697198,296722.3308868853,430,S2_panic_selling_defi,indonesia,USDC
757,0.7717357003400334,289304.2726147132,430,S2_panic_selling_defi,indonesia,USDC
758,0.7648033645178328,282071.66579934536,430,S2_panic_selling_defi,indonesia,USDC
759,0.7716815181817729,275019.8741543617,430,S2_panic_selling_defi,indonesia,USDC
760,0.7620232020555991,268144.3773005027,430,S2_panic_selling_defi,indonesia,USDC
761,0.7417106598396808,261440.76786799013,430,S2_panic_selling_defi,indonesia,USDC
762,0.737757022363442,254904.74867129038,430,S2_panic_selling_defi,indonesia,USDC
763,0.7444252770696035,248532.1299545081,430,S2_panic_selling_defi,indonesia,USDC
764,0.7936220326898844,242318.82670564542,430,S2_panic_selling_defi,indonesia,USDC
765,0.8165643151580912,236260.85603800428,430,S2_panic_selling_defi,indonesia,USDC
766,0.8344749609403525,230354.33463705418,430,S2_panic_selling_defi,indonesia,USDC
767,0.8252454047851676,224595.47627112782,430,S2_panic_selling_defi,indonesia,USDC
768,0.8448878814473189,218980.5893643496,430,S2_panic_selling_defi,indonesia,USDC
769,0.8502915903161896,213506.0746302409,430,S2_panic_selling_defi,indonesia,USDC
770,0.8142713213239607,208168.4227644849,430,S2_panic_selling_defi,indonesia,USDC
771,0.8142992211651904,202964.21219537276,430,S2_panic_selling_defi,indonesia,USDC
772,0.8114683362491961,197890.10689048842,430,S2_panic_selling_defi,indonesia,USDC
773,0.8026049065917449,192942.85421822622,430,S2_panic_selling_defi,indonesia,USDC
774,0.7856587128330054,188119.28286277057,430,S2_panic_selling_defi,indonesia,USDC
775,0.7684268980263514,183416.3007912013,430,S2_panic_selling_defi,indonesia,USDC
776,0.7667376315463051,178830.89327142126,430,S2_panic_selling_defi,indonesia,USDC
777,0.793422136405387,174360.12093963573,430,S2_panic_selling_defi,indonesia,USDC
778,0.7904052533532874,170001.11791614484,430,S2_panic_selling_defi,indonesia,USDC
779,0.7871516958829866,165751.08996824123,430,S2_panic_selling_defi,indonesia,USDC
780,0.8082071461815205,161607.3127190352,430,S2_panic_selling_defi,indonesia,USDC
781,0.804173682070765,157567.12990105932,430,S2_panic_selling_defi,indonesia,USDC
782,0.8010597954952555,153627.95165353283,430,S2_panic_selling_defi,indonesia,USDC
783,0.7930693450136734,149787.25286219452,430,S2_panic_selling_defi,indonesia,USDC
784,0.7687638812923047,146042.57154063968,430,S2_panic_selling_defi,indonesia,USDC
785,0.773062641823756,142391.50725212367,430,S2_panic_selling_defi,indonesia,USDC
786,0.7505617968059586,138831.71957082057,430,S2_panic_selling_defi,indonesia,USDC
787,0.7569405948160026,135360.92658155007,430,S2_panic_selling_defi,indonesia,USDC
788,0.7543953005378182,131976.90341701132,430,S2_panic_selling_defi,indonesia,USDC
789,0.7533053633694908,128677.48083158603,430,S2_panic_selling_defi,indonesia,USDC
790,0.7124709265369124,125460.54381079637,430,S2_panic_selling_defi,indonesia,USDC
791,0.7246002140209571,122324.03021552645,430,S2_panic_selling_defi,indonesia,USDC
792,0.7175267638390143,119265.92946013829,430,S2_panic_selling_defi,indonesia,USDC
793,0.7330374020445597,116284.28122363484,430,S2_panic_selling_defi,indonesia,USDC
794,0.7436619934754988,113377.17419304397,430,S2_panic_selling_defi,indonesia,USDC
795,0.7679531714460048,110542.74483821786,430,S2_panic_selling_defi,indonesia,USDC
796,0.7490645886047255,107779.1762172624,430,S2_panic_selling_defi,indonesia,USDC
797,0.7544013086342185,105084.69681183084,430,S2_panic_selling_defi,indonesia,USDC
798,0.7545503615875612,102457.57939153508,430,S2_panic_selling_defi,indonesia,USDC
799,0.7308906896250409,99896.13990674671,430,S2_panic_selling_defi,indonesia,USDC
800,0.7481394298342656,97398.73640907803,430,S2_panic_selling_defi,indonesia,USDC
801,0.7509034738612588,94963.76799885108,430,S2_panic_selling_defi,indonesia,USDC
802,0.7567885970414853,92589.67379887981,430,S2_panic_selling_defi,indonesia,USDC
803,0.7493108361073276,90274.93195390781,430,S2_panic_selling_defi,indonesia,USDC
804,0.7750932065919579,88018.05865506011,430,S2_panic_selling_defi,indonesia,USDC
805,0.7748656566925636,85817.60718868361,430,S2_panic_selling_defi,indonesia,USDC
806,0.7828554080038675,83672.16700896653,430,S2_panic_selling_defi,indonesia,USDC
807,0.8091603661384345,81580.36283374237,430,S2_panic_selling_defi,indonesia,USDC
808,0.7886193170182314,79540.8537628988,430,S2_panic_selling_defi,indonesia,USDC
809,0.7921519347321689,77552.33241882634,430,S2_panic_selling_defi,indonesia,USDC
810,0.754347133197351,75613.52410835568,430,S2_panic_selling_defi,indonesia,USDC
811,0.7681311474935129,73723.18600564678,430,S2_panic_selling_defi,indonesia,USDC
812,0.7637073310083898,71880.10635550562,430,S2_panic_selling_defi,indonesia,USDC
813,0.7639310551837929,70083.10369661798,430,S2_panic_selling_defi,indonesia,USDC
814,0.7597107415621148,68331.02610420252,430,S2_panic_selling_defi,indonesia,USDC
815,0.7562084196893021,66622.75045159747,430,S2_panic_selling_defi,indonesia,USDC
816,0.7281098817093362,64957.18169030752,430,S2_panic_selling_defi,indonesia,USDC
817,0.7300223107848514,63333.25214804984,430,S2_panic_selling_defi,indonesia,USDC
818,0.7440581015233885,61749.92084434859,430,S2_panic_selling_defi,indonesia,USDC
819,0.7765555370095713,60206.172823239875,430,S2_panic_selling_defi,indonesia,USDC
820,0.8029626775884323,58701.01850265889,430,S2_panic_selling_defi,indonesia,USDC
821,0.7881341032293723,57233.49304009241,430,S2_panic_selling_defi,indonesia,USDC
822,0.7912419807744616,55802.6557140901,430,S2_panic_selling_defi,indonesia,USDC
823,0.777962869252507,54407.58932123784,430,S2_panic_selling_defi,indonesia,USDC
824,0.7574925557284552,53047.399588206914,430,S2_panic_selling_defi,indonesia,USDC
825,0.7721538745558192,51721.214598501734,430,S2_panic_selling_defi,indonesia,USDC
826,0.7941469168691874,50428.184233539185,430,S2_panic_selling_defi,indonesia,USDC
827,0.7727161679033662,49167.47962770071,430,S2_panic_selling_defi,indonesia,USDC
828,0.7549308446579397,47938.29263700819,430,S2_panic_selling_defi,indonesia,USDC
829,0.7474011134411954,46739.83532108299,430,S2_panic_selling_defi,indonesia,USDC
830,0.7564792153928086,45571.33943805591,430,S2_panic_selling_defi,indonesia,USDC
831,0.7511995044739574,44432.055952104514,430,S2_panic_selling_defi,indonesia,USDC
832,0.768985752798909,43321.2545533019,430,S2_panic_selling_defi,indonesia,USDC
833,0.7737024288437999,42238.223189469354,430,S2_panic_selling_defi,indonesia,USDC
834,0.7644091081024652,41182.26760973262,430,S2_panic_selling_defi,indonesia,USDC
835,0.7639488204758623,40152.7109194893,430,S2_panic_selling_defi,indonesia,USDC
836,0.7628303618034427,39148.89314650207,430,S2_panic_selling_defi,indonesia,USDC
837,0.7455010671257536,38170.17081783952,430,S2_panic_selling_defi,indonesia,USDC
838,0.7627613637152867,37215.91654739353,430,S2_panic_selling_defi,indonesia,USDC
839,0.7437645765132066,36285.51863370869,430,S2_panic_selling_defi,indonesia,USDC
840,0.7526101256413823,35378.38066786597,430,S2_panic_selling_defi,indonesia,USDC
841,0.7715344789232641,34493.92115116932,430,S2_panic_selling_defi,indonesia,USDC
842,0.7690242277481893,33631.57312239009,430,S2_panic_selling_defi,indonesia,USDC
843,0.7812673775506905,32790.78379433033,430,S2_panic_selling_defi,indonesia,USDC
844,0.7846338649762374,31971.014199472076,430,S2_panic_selling_defi,indonesia,USDC
845,0.7601460317404618,31171.738844485273,430,S2_panic_selling_defi,indonesia,USDC
846,0.7687214519659765,30392.445373373143,430,S2_panic_selling_defi,indonesia,USDC
847,0.7849765785074383,29632.634239038813,430,S2_panic_selling_defi,indonesia,USDC
848,0.6944685555492446,28891.81838306284,430,S2_panic_selling_defi,indonesia,USDC
849,0.6817376522983234,28169.522923486267,430,S2_panic_selling_defi,indonesia,USDC
850,0.6670483591873203,27465.284850399115,430,S2_panic_selling_defi,indonesia,USDC
851,0.6867325330228455,26778.652729139132,430,S2_panic_selling_defi,indonesia,USDC
852,0.72119391088358,26109.186410910654,430,S2_panic_selling_defi,indonesia,USDC
853,0.705289565554679,25456.456750637888,430,S2_panic_selling_defi,indonesia,USDC
854,0.7088246185637043,24820.04533187194,430,S2_panic_selling_defi,indonesia,USDC
855,0.7474201280913056,24199.544198575142,430,S2_panic_selling_defi,indonesia,USDC
856,0.747618709305825,23594.555593610763,430,S2_panic_selling_defi,indonesia,USDC
857,0.7686383619660176,23004.691703770495,430,S2_panic_selling_defi,indonesia,USDC
858,0.7639994109108599,22429.574411176232,430,S2_panic_selling_defi,indonesia,USDC
859,0.7653967880600667,21868.83505089683,430,S2_panic_selling_defi,indonesia,USDC
860,0.7419382332469298,21322.114174624407,430,S2_panic_selling_defi,indonesia,USDC
861,0.7674547208567895,20789.061320258796,430,S2_panic_selling_defi,indonesia,USDC
862,0.7856686851541651,20269.334787252323,430,S2_panic_selling_defi,indonesia,USDC
863,0.7844458088450733,19762.601417571015,430,S2_panic_selling_defi,indonesia,USDC
864,0.7982069159639213,19268.53638213174,430,S2_panic_selling_defi,indonesia,USDC
865,0.8020339251317842,18786.822972578448,430,S2_panic_selling_defi,indonesia,USDC
866,0.7969804954100796,18317.152398263985,430,S2_panic_selling_defi,indonesia,USDC
867,0.8136520952517446,17859.22358830738,430,S2_panic_selling_defi,indonesia,USDC
868,0.7859505606906322,17412.7429985997,430,S2_panic_selling_defi,indonesia,USDC
869,0.7686018756143723,16977.424423634708,430,S2_panic_selling_defi,indonesia,USDC
870,0.79186311701994,16552.988813043838,430,S2_panic_selling_defi,indonesia,USDC
871,0.7915153632035511,16139.164092717743,430,S2_panic_selling_defi,indonesia,USDC
872,0.8060301794859762,15735.684990399797,430,S2_panic_selling_defi,indonesia,USDC
873,0.8054346535603791,15342.292865639802,430,S2_panic_selling_defi,indonesia,USDC
874,0.8362456068319676,14958.735543998806,430,S2_panic_selling_defi,indonesia,USDC
875,0.8385807865052127,14584.767155398837,430,S2_panic_selling_defi,indonesia,USDC
876,0.8507830981046616,14220.147976513865,430,S2_panic_selling_defi,indonesia,USDC
877,0.8564232576464875,13864.644277101019,430,S2_panic_selling_defi,indonesia,USDC
878,0.8520987286421665,13518.028170173495,430,S2_panic_selling_defi,indonesia,USDC
879,0.8602651002954137,13180.077465919157,430,S2_panic_selling_defi,indonesia,USDC
880,0.8714628100619529,12850.575529271178,430,S2_panic_selling_defi,indonesia,USDC
881,0.8482882844669113,12529.311141039401,430,S2_panic_selling_defi,indonesia,USDC
882,0.8500540427713174,12216.078362513415,430,S2_panic_selling_defi,indonesia,USDC
883,0.8241012886266201,11910.67640345058,430,S2_panic_selling_defi,indonesia,USDC
884,0.8222663471921157,11612.909493364315,430,S2_panic_selling_defi,indonesia,USDC
885,0.802706755962848,11322.586756030207,430,S2_panic_selling_defi,indonesia,USDC
886,0.793779817834585,11039.522087129451,430,S2_panic_selling_defi,indonesia,USDC
887,0.8395800687256264,10763.534034951215,430,S2_panic_selling_defi,indonesia,USDC
888,0.805165379579096,10494.445684077435,430,S2_panic_selling_defi,indonesia,USDC
889,0.8124677559873527,10232.084541975499,430,S2_panic_selling_defi,indonesia,USDC
890,0.8074364966906457,9976.282428426111,430,S2_panic_selling_defi,indonesia,USDC
891,0.8070594825243428,9726.87536771546,430,S2_panic_selling_defi,indonesia,USDC
892,0.8234618283416922,9483.703483522571,430,S2_panic_selling_defi,indonesia,USDC
893,0.8140369056497322,9246.610896434508,430,S2_panic_selling_defi,indonesia,USDC
894,0.8052013059581662,9015.445624023645,430,S2_panic_selling_defi,indonesia,USDC
895,0.793648366641269,8790.059483423054,430,S2_panic_selling_defi,indonesia,USDC
896,0.8174167616578794,8570.307996337478,430,S2_panic_selling_defi,indonesia,USDC
897,0.8196121349294627,8356.05029642904,430,S2_panic_selling_defi,indonesia,USDC
898,0.832519833951746,8147.149039018315,430,S2_panic_selling_defi,indonesia,USDC
899,0.8295983157027998,7943.470313042857,430,S2_panic_selling_defi,indonesia,USDC
900,0.8428816149404625,7744.883555216786,430,S2_panic_selling_defi,indonesia,USDC
901,0.8136354411206048,7551.261466336367,430,S2_panic_selling_defi,indonesia,USDC
902,0.8369593936938727,7362.479929677957,430,S2_panic_selling_defi,indonesia,USDC
903,0.8536316956253004,7178.417931436008,430,S2_panic_selling_defi,indonesia,USDC
904,0.8365921230627509,6998.957483150109,430,S2_panic_selling_defi,indonesia,USDC
905,0.8181747804548498,6823.983546071356,430,S2_panic_selling_defi,indonesia,USDC
906,0.8097083603394792,6653.383957419572,430,S2_panic_selling_defi,indonesia,USDC
907,0.7919983477291004,6487.049358484082,430,S2_panic_selling_defi,indonesia,USDC
908,0.8186684432910005,6324.8731245219815,430,S2_panic_selling_defi,indonesia,USDC
909,0.829891209357976,6166.751296408932,430,S2_panic_selling_defi,indonesia,USDC
910,0.8417981364142807,6012.582513998708,430,S2_panic_selling_defi,indonesia,USDC
911,0.8440447669492457,5862.26795114874,430,S2_panic_selling_defi,indonesia,USDC
912,0.8431382602851315,5715.7112523700225,430,S2_panic_selling_defi,indonesia,USDC
913,0.8201350418539936,5572.818471060772,430,S2_panic_selling_defi,indonesia,USDC
914,0.8326608132979171,5433.4980092842525,430,S2_panic_selling_defi,indonesia,USDC
915,0.8487011931004201,5297.660559052147,430,S2_panic_selling_defi,indonesia,USDC
916,0.8523957562214345,5165.219045075843,430,S2_panic_selling_defi,indonesia,USDC
917,0.8687640654049484,5036.088568948946,430,S2_panic_selling_defi,indonesia,USDC
918,0.8864166950868242,4910.186354725222,430,S2_panic_selling_defi,indonesia,USDC
919,0.8735853520479921,4787.431695857092,430,S2_panic_selling_defi,indonesia,USDC
920,0.8512603722608442,4667.7459034606645,430,S2_panic_selling_defi,indonesia,USDC
921,0.8528759673431785,4551.052255874149,430,S2_panic_selling_defi,indonesia,USDC
922,0.8663836161051391,4437.2759494772945,430,S2_panic_selling_defi,indonesia,USDC
923,0.8496081669683602,4326.344050740362,430,S2_panic_selling_defi,indonesia,USDC
924,0.8217746973557509,4218.185449471853,430,S2_panic_selling_defi,indonesia,USDC
925,0.8142403927947724,4112.730813235056,430,S2_panic_selling_defi,indonesia,USDC
926,0.8139967880877881,4009.9125429041806,430,S2_panic_selling_defi,indonesia,USDC
927,0.8059065484713643,3909.6647293315764,430,S2_panic_selling_defi,indonesia,USDC
928,0.8019327299292018,3811.9231110982864,430,S2_panic_selling_defi,indonesia,USDC
929,0.8120350448829111,3716.62503332083,430,S2_panic_selling_defi,indonesia,USDC
930,0.7691648990870109,3623.7094074878087,430,S2_panic_selling_defi,indonesia,USDC
931,0.7569126748209228,3533.1166723006136,430,S2_panic_selling_defi,indonesia,USDC
932,0.7544032085601304,3444.7887554930985,430,S2_panic_selling_defi,indonesia,USDC
933,0.7451505735980432,3358.669036605771,430,S2_panic_selling_defi,indonesia,USDC
934,0.7669183091198228,3274.702310690627,430,S2_panic_selling_defi,indonesia,USDC
935,0.7374171220664162,3192.8347529233615,430,S2_panic_selling_defi,indonesia,USDC
936,0.7541753213299135,3113.013884100277,430,S2_panic_selling_defi,indonesia,USDC
937,0.7433273959708258,3035.1885369977704,430,S2_panic_selling_defi,indonesia,USDC
938,0.746520491292508,2959.3088235728264,430,S2_panic_selling_defi,indonesia,USDC
939,0.7840133769918693,2885.3261029835057,430,S2_panic_selling_defi,indonesia,USDC
940,0.7645517229000558,2813.192950408918,430,S2_panic_selling_defi,indonesia,USDC
941,0.7575368809219419,2742.863126648695,430,S2_panic_selling_defi,indonesia,USDC
942,0.7808634456441444,2674.2915484824775,430,S2_panic_selling_defi,indonesia,USDC
943,0.7904368201999088,2607.4342597704153,430,S2_panic_selling_defi,indonesia,USDC
944,0.8091887551389026,2542.248403276155,430,S2_panic_selling_defi,indonesia,USDC
945,0.8122005201089715,2478.692193194251,430,S2_panic_selling_defi,indonesia,USDC
946,0.8093606931695054,2416.724888364395,430,S2_panic_selling_defi,indonesia,USDC
947,0.8183997250859666,2356.306766155285,430,S2_panic_selling_defi,indonesia,USDC
948,0.8091131879541094,2297.3990970014033,430,S2_panic_selling_defi,indonesia,USDC
949,0.8131020105882125,2239.964119576368,430,S2_panic_selling_defi,indonesia,USDC
950,0.812403294961377,2183.965016586959,430,S2_panic_selling_defi,indonesia,USDC
951,0.7867062436056247,2129.365891172285,430,S2_panic_selling_defi,indonesia,USDC
952,0.7944168385243412,2076.1317438929777,430,S2_panic_selling_defi,indonesia,USDC
953,0.8148960609352364,2024.2284502956531,430,S2_panic_selling_defi,indonesia,USDC
954,0.8119485486741841,1973.6227390382624,430,S2_panic_selling_defi,indonesia,USDC
955,0.8407093009787261,1924.2821705623055,430,S2_panic_selling_defi,indonesia,USDC
956,0.814541660545751,1876.1751162982478,430,S2_panic_selling_defi,indonesia,USDC
957,0.8051615122245228,1829.2707383907914,430,S2_panic_selling_defi,indonesia,USDC
958,0.7968468246601472,1783.5389699310215,430,S2_panic_selling_defi,indonesia,USDC
959,0.8073135762633321,1738.9504956827461,430,S2_panic_selling_defi,indonesia,USDC
960,0.8011153038881738,1695.4767332906774,430,S2_panic_selling_defi,indonesia,USDC
961,0.8124875060528974,1653.0898149584104,430,S2_panic_selling_defi,indonesia,USDC
962,0.8187464326190329,1611.7625695844504,430,S2_panic_selling_defi,indonesia,USDC
963,0.8242796040046385,1571.4685053448393,430,S2_panic_selling_defi,indonesia,USDC
964,0.8277378677177187,1532.1817927112183,430,S2_panic_selling_defi,indonesia,USDC
965,0.809218493687611,1493.8772478934377,430,S2_panic_selling_defi,indonesia,USDC
966,0.8005341523358831,1456.5303166961019,430,S2_panic_selling_defi,indonesia,USDC
967,0.8062666679017133,1420.1170587786992,430,S2_panic_selling_defi,indonesia,USDC
968,0.8114512959885224,1384.6141323092318,430,S2_panic_selling_defi,indonesia,USDC
969,0.8209644314187895,1349.9987790015011,430,S2_panic_selling_defi,indonesia,USDC
970,0.8515035065879706,1316.2488095264634,430,S2_panic_selling_defi,indonesia,USDC
971,0.8397814877519312,1283.342589288302,430,S2_panic_selling_defi,indonesia,USDC
972,0.8410953984142914,1251.2590245560943,430,S2_panic_selling_defi,indonesia,USDC
973,0.8283261680430031,1219.977548942192,430,S2_panic_selling_defi,indonesia,USDC
974,0.8085345121818943,1189.4781102186373,430,S2_panic_selling_defi,indonesia,USDC
975,0.8299878387935876,1159.7411574631712,430,S2_panic_selling_defi,indonesia,USDC
976,0.8235395444410883,1130.747628526592,430,S2_panic_selling_defi,indonesia,USDC
977,0.790883729262055,1102.4789378134271,430,S2_panic_selling_defi,indonesia,USDC
978,0.8144218372413872,1074.9169643680916,430,S2_panic_selling_defi,indonesia,USDC
979,0.8137823402257586,1048.0440402588893,430,S2_panic_selling_defi,indonesia,USDC
980,0.7998028437733421,1021.842939252417,430,S2_panic_selling_defi,indonesia,USDC
981,0.7894451795799174,996.2968657711066,430,S2_panic_selling_defi,indonesia,USDC
982,0.7842321528152051,971.3894441268288,430,S2_panic_selling_defi,indonesia,USDC
983,0.7805428705564679,947.1047080236581,430,S2_panic_selling_defi,indonesia,USDC
984,0.7663262681364839,923.4270903230666,430,S2_panic_selling_defi,indonesia,USDC
985,0.7463475443722479,900.34141306499,430,S2_panic_selling_defi,indonesia,USDC
986,0.7148943605745314,877.8328777383653,430,S2_panic_selling_defi,indonesia,USDC
987,0.7338400493341936,855.8870557949061,430,S2_panic_selling_defi,indonesia,USDC
988,0.7696675266965544,834.4898794000335,430,S2_panic_selling_defi,indonesia,USDC
989,0.7786950176081172,813.6276324150326,430,S2_panic_selling_defi,indonesia,USDC
990,0.8013471245989929,793.2869416046568,430,S2_panic_selling_defi,indonesia,USDC
991,0.801009570181997,773.4547680645403,430,S2_panic_selling_defi,indonesia,USDC
992,0.7969306144787383,754.1183988629268,430,S2_panic_selling_defi,indonesia,USDC
993,0.813926478857591,735.2654388913536,430,S2_panic_selling_defi,indonesia,USDC
994,0.8017280573281376,716.8838029190698,430,S2_panic_selling_defi,indonesia,USDC
995,0.8035551440672309,698.9617078460931,430,S2_panic_selling_defi,indonesia,USDC
996,0.7939566793259343,681.4876651499408,430,S2_panic_selling_defi,indonesia,USDC
997,0.7938640702163207,664.4504735211922,430,S2_panic_selling_defi,indonesia,USDC
998,0.7736742723892638,647.8392116831624,430,S2_panic_selling_defi,indonesia,USDC
999,0.8252658280397775,631.6432313910834,430,S2_panic_selling_defi,indonesia,USDC
1000,0.8219956101205258,615.8521506063062,430,S2_panic_selling_defi,indonesia,USDC
