Step,price,liquidity,iteration,scenario,region,coin
1,0.9870724189433225,2989069281722.9653,502,S2_panic_selling_defi,indonesia,USDC
2,0.9934129537992765,2989069281722.9653,502,S2_panic_selling_defi,indonesia,USDC
3,0.9816951841442246,2989069281722.9653,502,S2_panic_selling_defi,indonesia,USDC
4,0.953740637392216,2989069281722.9653,502,S2_panic_selling_defi,indonesia,USDC
5,0.9548827126139107,2988063547953.4116,502,S2_panic_selling_defi,indonesia,USDC
6,0.952595526555973,2987155829904.5435,502,S2_panic_selling_defi,indonesia,USDC
7,0.9474716643781919,2986150720907.0195,502,S2_panic_selling_defi,indonesia,USDC
8,0.9295867411047585,2984852590724.2734,502,S2_panic_selling_defi,indonesia,USDC
9,0.9412833285838526,2982547014280.014,502,S2_panic_selling_defi,indonesia,USDC
10,0.9512627880829077,2980979163050.9575,502,S2_panic_selling_defi,indonesia,USDC
11,0.9673981969731869,2980014619891.962,502,S2_panic_selling_defi,indonesia,USDC
12,0.9743944458078605,2979903650145.1045,502,S2_panic_selling_defi,indonesia,USDC
13,0.9752099381627,2979903650145.1045,502,S2_panic_selling_defi,indonesia,USDC
14,0.9493954861973039,2979903650145.1045,502,S2_panic_selling_defi,indonesia,USDC
15,0.9404752374814398,2978823838345.305,502,S2_panic_selling_defi,indonesia,USDC
16,0.9112367311387176,2977309414150.9844,502,S2_panic_selling_defi,indonesia,USDC
17,0.8928563123672548,2974434352390.744,502,S2_panic_selling_defi,indonesia,USDC
18,0.89096771147285,2970910704370.046,502,S2_panic_selling_defi,indonesia,USDC
19,0.8979681393697154,2967501608094.757,502,S2_panic_selling_defi,indonesia,USDC
20,0.9154709890371111,2964647636984.5396,502,S2_panic_selling_defi,indonesia,USDC
21,0.9005997650565122,2962708428370.4253,502,S2_panic_selling_defi,indonesia,USDC
22,0.922817347761362,2960301660658.4336,502,S2_panic_selling_defi,indonesia,USDC
23,0.9462404344551727,2958818031883.7764,502,S2_panic_selling_defi,indonesia,USDC
24,0.9560312421461614,2958101594023.1455,502,S2_panic_selling_defi,indonesia,USDC
25,0.9334015016732333,2957713640985.8135,502,S2_panic_selling_defi,indonesia,USDC
26,0.9290488153813165,2956648238911.333,502,S2_panic_selling_defi,indonesia,USDC
27,0.9728776117578269,2955532699518.208,502,S2_panic_selling_defi,indonesia,USDC
28,0.945814368097053,2955532699518.208,502,S2_panic_selling_defi,indonesia,USDC
29,0.9525463165867127,2954909885761.0967,502,S2_panic_selling_defi,indonesia,USDC
30,0.930206163418062,2954466612854.1216,502,S2_panic_selling_defi,indonesia,USDC
31,0.9442534685662477,2953440726569.2075,502,S2_panic_selling_defi,indonesia,USDC
32,0.9696717738291647,2952806570504.3022,502,S2_panic_selling_defi,indonesia,USDC
33,0.9613683815915021,2952798538339.9697,502,S2_panic_selling_defi,indonesia,USDC
34,0.9724865575267673,2952614250569.5967,502,S2_panic_selling_defi,indonesia,USDC
35,0.9680548374928432,2952614250569.5967,502,S2_panic_selling_defi,indonesia,USDC
36,0.9882224167476995,2952574538059.6406,502,S2_panic_selling_defi,indonesia,USDC
37,0.9792731346302184,2952574538059.6406,502,S2_panic_selling_defi,indonesia,USDC
38,1.0124701947696453,2952574538059.6406,502,S2_panic_selling_defi,indonesia,USDC
39,1.0309906191218157,2952574538059.6406,502,S2_panic_selling_defi,indonesia,USDC
40,1.0340071943233569,2952574538059.6406,502,S2_panic_selling_defi,indonesia,USDC
41,1.019984409915589,2952574538059.6406,502,S2_panic_selling_defi,indonesia,USDC
42,1.0628227882900374,2952574538059.6406,502,S2_panic_selling_defi,indonesia,USDC
43,1.0323787042019172,2952574538059.6406,502,S2_panic_selling_defi,indonesia,USDC
44,1.0314437089146327,2952574538059.6406,502,S2_panic_selling_defi,indonesia,USDC
45,1.0328754628308021,2952574538059.6406,502,S2_panic_selling_defi,indonesia,USDC
46,1.037497202133274,2952574538059.6406,502,S2_panic_selling_defi,indonesia,USDC
47,1.0488101911255958,2952574538059.6406,502,S2_panic_selling_defi,indonesia,USDC
48,1.0709357677812084,2952574538059.6406,502,S2_panic_selling_defi,indonesia,USDC
49,1.0693252625749181,2952574538059.6406,502,S2_panic_selling_defi,indonesia,USDC
50,1.1074308911166366,2952574538059.6406,502,S2_panic_selling_defi,indonesia,USDC
51,1.1156012196855931,2952574538059.6406,502,S2_panic_selling_defi,indonesia,USDC
52,1.047740566026407,2952574538059.6406,502,S2_panic_selling_defi,indonesia,USDC
53,1.084868498710756,2952574538059.6406,502,S2_panic_selling_defi,indonesia,USDC
54,1.056541045582041,2952574538059.6406,502,S2_panic_selling_defi,indonesia,USDC
55,1.058142078787112,2952574538059.6406,502,S2_panic_selling_defi,indonesia,USDC
56,1.0646090009383726,2952574538059.6406,502,S2_panic_selling_defi,indonesia,USDC
57,1.0942046877734586,2952574538059.6406,502,S2_panic_selling_defi,indonesia,USDC
58,1.0762083827159545,2952574538059.6406,502,S2_panic_selling_defi,indonesia,USDC
59,1.082813196264213,2952574538059.6406,502,S2_panic_selling_defi,indonesia,USDC
60,1.0101888686904275,2952574538059.6406,502,S2_panic_selling_defi,indonesia,USDC
61,0.9942063341172502,2952574538059.6406,502,S2_panic_selling_defi,indonesia,USDC
62,0.9738746389339235,2952574538059.6406,502,S2_panic_selling_defi,indonesia,USDC
63,0.9808168965256487,2952574538059.6406,502,S2_panic_selling_defi,indonesia,USDC
64,0.9972243078257114,2952574538059.6406,502,S2_panic_selling_defi,indonesia,USDC
65,1.0146614371175184,2952574538059.6406,502,S2_panic_selling_defi,indonesia,USDC
66,1.0063134266621534,2952574538059.6406,502,S2_panic_selling_defi,indonesia,USDC
67,1.0330074226154409,2952574538059.6406,502,S2_panic_selling_defi,indonesia,USDC
68,1.03733576701481,2952574538059.6406,502,S2_panic_selling_defi,indonesia,USDC
69,0.9761427783968003,2952574538059.6406,502,S2_panic_selling_defi,indonesia,USDC
70,0.969841545009009,2952574538059.6406,502,S2_panic_selling_defi,indonesia,USDC
71,0.9882779165191851,2952574538059.6406,502,S2_panic_selling_defi,indonesia,USDC
72,0.9958329680071689,2952574538059.6406,502,S2_panic_selling_defi,indonesia,USDC
73,0.9941571673788006,2952574538059.6406,502,S2_panic_selling_defi,indonesia,USDC
74,0.998571922101966,2952574538059.6406,502,S2_panic_selling_defi,indonesia,USDC
75,1.0216362294682237,2952574538059.6406,502,S2_panic_selling_defi,indonesia,USDC
76,1.0265969975780624,2952574538059.6406,502,S2_panic_selling_defi,indonesia,USDC
77,1.0435705649676454,2952574538059.6406,502,S2_panic_selling_defi,indonesia,USDC
78,1.0436499272695374,2952574538059.6406,502,S2_panic_selling_defi,indonesia,USDC
79,1.0463001920621875,2952574538059.6406,502,S2_panic_selling_defi,indonesia,USDC
80,1.0234058727747954,2952574538059.6406,502,S2_panic_selling_defi,indonesia,USDC
81,1.0291690926993227,2952574538059.6406,502,S2_panic_selling_defi,indonesia,USDC
82,1.0202339765971598,2952574538059.6406,502,S2_panic_selling_defi,indonesia,USDC
83,0.9994545733898783,2952574538059.6406,502,S2_panic_selling_defi,indonesia,USDC
84,0.9823801336304167,2952574538059.6406,502,S2_panic_selling_defi,indonesia,USDC
85,0.9678359126997638,2952574538059.6406,502,S2_panic_selling_defi,indonesia,USDC
86,0.9675966280590791,2952522097413.5303,502,S2_panic_selling_defi,indonesia,USDC
87,1.0081950591551254,2952503160997.3735,502,S2_panic_selling_defi,indonesia,USDC
88,0.9596031797500414,2952503160997.3735,502,S2_panic_selling_defi,indonesia,USDC
89,0.9842298677538962,2952268192046.7676,502,S2_panic_selling_defi,indonesia,USDC
90,0.9881374847348449,2952268192046.7676,502,S2_panic_selling_defi,indonesia,USDC
91,1.0148838286702537,2952268192046.7676,502,S2_panic_selling_defi,indonesia,USDC
92,1.025123203005942,2952268192046.7676,502,S2_panic_selling_defi,indonesia,USDC
93,1.0174340294044475,2952268192046.7676,502,S2_panic_selling_defi,indonesia,USDC
94,1.0083536047831494,2952268192046.7676,502,S2_panic_selling_defi,indonesia,USDC
95,1.0164795040014785,2952268192046.7676,502,S2_panic_selling_defi,indonesia,USDC
96,1.0438660782223128,2952268192046.7676,502,S2_panic_selling_defi,indonesia,USDC
97,1.064348622113404,2952268192046.7676,502,S2_panic_selling_defi,indonesia,USDC
98,1.0627022485965383,2952268192046.7676,502,S2_panic_selling_defi,indonesia,USDC
99,1.0317252686650622,2952268192046.7676,502,S2_panic_selling_defi,indonesia,USDC
100,1.0263653582653662,2952268192046.7676,502,S2_panic_selling_defi,indonesia,USDC
101,1.055662633576781,2952268192046.7676,502,S2_panic_selling_defi,indonesia,USDC
102,1.0492276231524953,2952268192046.7676,502,S2_panic_selling_defi,indonesia,USDC
103,1.054874113711685,2952268192046.7676,502,S2_panic_selling_defi,indonesia,USDC
104,1.0814345580271507,2952268192046.7676,502,S2_panic_selling_defi,indonesia,USDC
105,1.079000966084838,2952268192046.7676,502,S2_panic_selling_defi,indonesia,USDC
106,1.063335520627194,2952268192046.7676,502,S2_panic_selling_defi,indonesia,USDC
107,1.0530126975734209,2952268192046.7676,502,S2_panic_selling_defi,indonesia,USDC
108,1.0748314147655047,2952268192046.7676,502,S2_panic_selling_defi,indonesia,USDC
109,1.0621165603779876,2952268192046.7676,502,S2_panic_selling_defi,indonesia,USDC
110,1.074193226612924,2952268192046.7676,502,S2_panic_selling_defi,indonesia,USDC
111,1.058908918859573,2952268192046.7676,502,S2_panic_selling_defi,indonesia,USDC
112,1.039079094005282,2952268192046.7676,502,S2_panic_selling_defi,indonesia,USDC
113,1.0303650810770058,2952268192046.7676,502,S2_panic_selling_defi,indonesia,USDC
114,1.0381064815702206,2952268192046.7676,502,S2_panic_selling_defi,indonesia,USDC
115,1.0778695770944733,2952268192046.7676,502,S2_panic_selling_defi,indonesia,USDC
116,1.072537129246598,2952268192046.7676,502,S2_panic_selling_defi,indonesia,USDC
117,1.0615012722699002,2952268192046.7676,502,S2_panic_selling_defi,indonesia,USDC
118,1.0495186001688555,2952268192046.7676,502,S2_panic_selling_defi,indonesia,USDC
119,1.072043049193076,2952268192046.7676,502,S2_panic_selling_defi,indonesia,USDC
120,1.051736674084163,2952268192046.7676,502,S2_panic_selling_defi,indonesia,USDC
121,1.0289145639213482,2878461487245.5986,502,S2_panic_selling_defi,indonesia,USDC
122,0.989108359099931,2806499950064.4585,502,S2_panic_selling_defi,indonesia,USDC
123,0.9780933948442125,2736337451312.847,502,S2_panic_selling_defi,indonesia,USDC
124,0.9797687313443718,2667929015030.026,502,S2_panic_selling_defi,indonesia,USDC
125,0.930675930919686,2601230789654.2754,502,S2_panic_selling_defi,indonesia,USDC
126,0.9068674861255394,2535283041909.4575,502,S2_panic_selling_defi,indonesia,USDC
127,0.8869422287981297,2470488492394.539,502,S2_panic_selling_defi,indonesia,USDC
128,0.8559421552789808,2407107202466.0664,502,S2_panic_selling_defi,indonesia,USDC
129,0.8325071101197647,2344826544114.882,502,S2_panic_selling_defi,indonesia,USDC
130,0.8129611781412971,2283857526023.052,502,S2_panic_selling_defi,indonesia,USDC
131,0.801581237567567,2224504976407.315,502,S2_panic_selling_defi,indonesia,USDC
132,0.7676782714405809,2166855685892.3032,502,S2_panic_selling_defi,indonesia,USDC
133,0.7739077450075038,2110693419492.4424,502,S2_panic_selling_defi,indonesia,USDC
134,0.7452998828146924,2056414364141.0723,502,S2_panic_selling_defi,indonesia,USDC
135,0.7635471409317043,2003600292526.3145,502,S2_panic_selling_defi,indonesia,USDC
136,0.7588305358425552,1952482986049.4373,502,S2_panic_selling_defi,indonesia,USDC
137,0.7510623579649373,1902817789225.13,502,S2_panic_selling_defi,indonesia,USDC
138,0.7627811844507394,1854552315709.9512,502,S2_panic_selling_defi,indonesia,USDC
139,0.7617647082077702,1807696177499.107,502,S2_panic_selling_defi,indonesia,USDC
140,0.749739665805399,1762100672753.4165,502,S2_panic_selling_defi,indonesia,USDC
141,0.7754365315529576,1717709794332.7617,502,S2_panic_selling_defi,indonesia,USDC
142,0.7619157965707005,1674533644378.3618,502,S2_panic_selling_defi,indonesia,USDC
143,0.8077951904962412,1632472637959.5845,502,S2_panic_selling_defi,indonesia,USDC
144,0.7801705051553837,1591533119644.7212,502,S2_panic_selling_defi,indonesia,USDC
145,0.7772273271940513,1551622213033.7812,502,S2_panic_selling_defi,indonesia,USDC
146,0.7610710601580665,1512730515531.8035,502,S2_panic_selling_defi,indonesia,USDC
147,0.776597196088309,1474821697321.0378,502,S2_panic_selling_defi,indonesia,USDC
148,0.789552303284713,1437885090980.2783,502,S2_panic_selling_defi,indonesia,USDC
149,0.7781812488527718,1401890378250.0593,502,S2_panic_selling_defi,indonesia,USDC
150,0.7833861083352143,1366798812439.833,502,S2_panic_selling_defi,indonesia,USDC
151,0.7986421077911743,1332596268860.2578,502,S2_panic_selling_defi,indonesia,USDC
152,0.7904474702187457,1299256890742.2712,502,S2_panic_selling_defi,indonesia,USDC
153,0.7819900800757248,1266753182428.6565,502,S2_panic_selling_defi,indonesia,USDC
154,0.8206468947681317,1235066018603.8237,502,S2_panic_selling_defi,indonesia,USDC
155,0.7928380688750211,1204176976479.237,502,S2_panic_selling_defi,indonesia,USDC
156,0.8073781487022572,1174059824186.143,502,S2_panic_selling_defi,indonesia,USDC
157,0.8073046033233023,1144698779153.3264,502,S2_panic_selling_defi,indonesia,USDC
158,0.8018034255304751,1116073511481.0073,502,S2_panic_selling_defi,indonesia,USDC
159,0.8159875063999651,1088165070054.3983,502,S2_panic_selling_defi,indonesia,USDC
160,0.815265998269593,1060955804723.5405,502,S2_panic_selling_defi,indonesia,USDC
161,0.8102802697516541,1034427729154.785,502,S2_panic_selling_defi,indonesia,USDC
162,0.8297846942427411,1008563366855.8906,502,S2_panic_selling_defi,indonesia,USDC
163,0.8122132430247992,983346388659.7668,502,S2_panic_selling_defi,indonesia,USDC
164,0.8017817824129785,958759943007.8223,502,S2_panic_selling_defi,indonesia,USDC
165,0.8022421505367284,934788555699.6321,502,S2_panic_selling_defi,indonesia,USDC
166,0.7881419339354104,911416856777.941,502,S2_panic_selling_defi,indonesia,USDC
167,0.7942060319526973,888629639413.7463,502,S2_panic_selling_defi,indonesia,USDC
168,0.8088701221805563,866412476051.1198,502,S2_panic_selling_defi,indonesia,USDC
169,0.7755798184271864,844751066160.8137,502,S2_panic_selling_defi,indonesia,USDC
170,0.7771885446961113,823631222299.1167,502,S2_panic_selling_defi,indonesia,USDC
171,0.7872928341727371,803039530672.4927,502,S2_panic_selling_defi,indonesia,USDC
172,0.8021731095920643,782962877693.8743,502,S2_panic_selling_defi,indonesia,USDC
173,0.778418714122244,763388305286.1936,502,S2_panic_selling_defi,indonesia,USDC
174,0.7942873361189535,744303121821.9697,502,S2_panic_selling_defi,indonesia,USDC
175,0.8082907823710443,725695190251.8068,502,S2_panic_selling_defi,indonesia,USDC
176,0.7903014557117105,707552530784.709,502,S2_panic_selling_defi,indonesia,USDC
177,0.7945983237178045,689863458506.0558,502,S2_panic_selling_defi,indonesia,USDC
178,0.793526746815779,672616666063.3622,502,S2_panic_selling_defi,indonesia,USDC
179,0.814589683225219,655801086091.6926,502,S2_panic_selling_defi,indonesia,USDC
180,0.8257241827936502,639405942961.1602,502,S2_panic_selling_defi,indonesia,USDC
181,0.8166363001617385,623420697138.5365,502,S2_panic_selling_defi,indonesia,USDC
182,0.8192104767362645,607835095140.4697,502,S2_panic_selling_defi,indonesia,USDC
183,0.8047333944186762,592639144387.0288,502,S2_panic_selling_defi,indonesia,USDC
184,0.7967274159898287,577823099179.959,502,S2_panic_selling_defi,indonesia,USDC
185,0.7842082490495415,563377463543.0631,502,S2_panic_selling_defi,indonesia,USDC
186,0.7838154025462669,549292974496.6481,502,S2_panic_selling_defi,indonesia,USDC
187,0.78113277388649,535560609276.0871,502,S2_panic_selling_defi,indonesia,USDC
188,0.7859593774960858,522171560924.464,502,S2_panic_selling_defi,indonesia,USDC
189,0.7760664764359968,509117244487.14746,502,S2_panic_selling_defi,indonesia,USDC
190,0.7923767965944479,496389290281.8435,502,S2_panic_selling_defi,indonesia,USDC
191,0.7950054839054251,483979540610.77686,502,S2_panic_selling_defi,indonesia,USDC
192,0.7965721494379003,471880038589.8262,502,S2_panic_selling_defi,indonesia,USDC
193,0.8069404855500804,460083026048.5968,502,S2_panic_selling_defi,indonesia,USDC
194,0.8236800894279148,448580941787.9751,502,S2_panic_selling_defi,indonesia,USDC
195,0.8115478752711591,437366411746.7886,502,S2_panic_selling_defi,indonesia,USDC
196,0.7885946683419089,426432245284.5381,502,S2_panic_selling_defi,indonesia,USDC
197,0.7888401664207852,415771433074.16675,502,S2_panic_selling_defi,indonesia,USDC
198,0.7690373025201186,405377142188.8195,502,S2_panic_selling_defi,indonesia,USDC
199,0.7781188081496899,395242709242.2606,502,S2_panic_selling_defi,indonesia,USDC
200,0.7767929648594575,385361638224.45636,502,S2_panic_selling_defi,indonesia,USDC
201,0.7651672598088938,375727594410.9635,502,S2_panic_selling_defi,indonesia,USDC
202,0.742478818019773,366334402124.3352,502,S2_panic_selling_defi,indonesia,USDC
203,0.7442122429120349,357176039945.23645,502,S2_panic_selling_defi,indonesia,USDC
204,0.7421317114775137,348246637423.15594,502,S2_panic_selling_defi,indonesia,USDC
205,0.7381802583762479,339540470263.7881,502,S2_panic_selling_defi,indonesia,USDC
206,0.7429418047565842,331051957524.2599,502,S2_panic_selling_defi,indonesia,USDC
207,0.7381466483714382,322775657835.3033,502,S2_panic_selling_defi,indonesia,USDC
208,0.7388423950043718,314706265824.5525,502,S2_panic_selling_defi,indonesia,USDC
209,0.7818784638164586,306838608736.84265,502,S2_panic_selling_defi,indonesia,USDC
210,0.8138474061718409,299167643253.54083,502,S2_panic_selling_defi,indonesia,USDC
211,0.7690782859174701,291688451992.8151,502,S2_panic_selling_defi,indonesia,USDC
212,0.781370087395099,284396240496.67395,502,S2_panic_selling_defi,indonesia,USDC
213,0.789437281303811,277286334326.88666,502,S2_panic_selling_defi,indonesia,USDC
214,0.7547270648680576,270354175854.4438,502,S2_panic_selling_defi,indonesia,USDC
215,0.7627950461235402,263595321345.56696,502,S2_panic_selling_defi,indonesia,USDC
216,0.7499330388671621,257005438221.12158,502,S2_panic_selling_defi,indonesia,USDC
217,0.7447424503031397,250580302194.0611,502,S2_panic_selling_defi,indonesia,USDC
218,0.7449100022412789,244315794580.54288,502,S2_panic_selling_defi,indonesia,USDC
219,0.7472126201619097,238207899671.35333,502,S2_panic_selling_defi,indonesia,USDC
220,0.7564229678747363,232252702144.33893,502,S2_panic_selling_defi,indonesia,USDC
221,0.7750944753335118,226446384563.38727,502,S2_panic_selling_defi,indonesia,USDC
222,0.8214585547762503,220785224930.60986,502,S2_panic_selling_defi,indonesia,USDC
223,0.8168223114660645,215265594296.0965,502,S2_panic_selling_defi,indonesia,USDC
224,0.8351489877031291,209883954428.33908,502,S2_panic_selling_defi,indonesia,USDC
225,0.8401945912482548,204636855560.09946,502,S2_panic_selling_defi,indonesia,USDC
226,0.8389212327228514,199520934164.81592,502,S2_panic_selling_defi,indonesia,USDC
227,0.8313692881848193,194532910804.9209,502,S2_panic_selling_defi,indonesia,USDC
228,0.8173950805627499,189669588029.51584,502,S2_panic_selling_defi,indonesia,USDC
229,0.8006110074827736,184927848324.0926,502,S2_panic_selling_defi,indonesia,USDC
230,0.8202516673034561,180304652111.37018,502,S2_panic_selling_defi,indonesia,USDC
231,0.7949500185520205,175797035805.20258,502,S2_panic_selling_defi,indonesia,USDC
232,0.7986105873876176,171402109906.7165,502,S2_panic_selling_defi,indonesia,USDC
233,0.8005086796567904,167117057156.39932,502,S2_panic_selling_defi,indonesia,USDC
234,0.7811791983738272,162939130725.2684,502,S2_panic_selling_defi,indonesia,USDC
235,0.7763097427112379,158865652455.16324,502,S2_panic_selling_defi,indonesia,USDC
236,0.7913821064942537,154894011142.06573,502,S2_panic_selling_defi,indonesia,USDC
237,0.7955441901542656,151021660862.21228,502,S2_panic_selling_defi,indonesia,USDC
238,0.8068503756196401,147246119339.61963,502,S2_panic_selling_defi,indonesia,USDC
239,0.7925902941168722,143564966355.33353,502,S2_panic_selling_defi,indonesia,USDC
240,0.7815854534669684,139975842195.75735,502,S2_panic_selling_defi,indonesia,USDC
241,0.7878807345300289,136476446140.2702,502,S2_panic_selling_defi,indonesia,USDC
242,0.8119373819386793,133064534986.28471,502,S2_panic_selling_defi,indonesia,USDC
243,0.797005159114392,129737921611.28786,502,S2_panic_selling_defi,indonesia,USDC
244,0.7930036445881509,126494473570.6919,502,S2_panic_selling_defi,indonesia,USDC
245,0.8022243464014084,123332111731.15826,502,S2_panic_selling_defi,indonesia,USDC
246,0.8477724989211575,120248808937.67581,502,S2_panic_selling_defi,indonesia,USDC
247,0.8526987161598828,117242588714.10733,502,S2_panic_selling_defi,indonesia,USDC
248,0.8447435075818893,114311523996.15038,502,S2_panic_selling_defi,indonesia,USDC
249,0.8379357601221171,111453735896.14127,502,S2_panic_selling_defi,indonesia,USDC
250,0.8391144721859238,108667392498.64494,502,S2_panic_selling_defi,indonesia,USDC
251,0.8485057443255009,105950707686.09546,502,S2_panic_selling_defi,indonesia,USDC
252,0.8415786776476797,103301939993.87616,502,S2_panic_selling_defi,indonesia,USDC
253,0.8276052289314763,100719391493.96738,502,S2_panic_selling_defi,indonesia,USDC
254,0.8223068721946858,98201406706.56099,502,S2_panic_selling_defi,indonesia,USDC
255,0.8258193339530678,95746371538.84393,502,S2_panic_selling_defi,indonesia,USDC
256,0.8089267484948601,93352712250.3316,502,S2_panic_selling_defi,indonesia,USDC
257,0.7934133951179899,91018894444.03113,502,S2_panic_selling_defi,indonesia,USDC
258,0.7859403066391101,88743422082.89258,502,S2_panic_selling_defi,indonesia,USDC
259,0.7746799138663201,86524836530.78915,502,S2_panic_selling_defi,indonesia,USDC
260,0.7673253659194127,84361715617.49228,502,S2_panic_selling_defi,indonesia,USDC
261,0.756087250690422,82252672727.03079,502,S2_panic_selling_defi,indonesia,USDC
262,0.779339220901655,80196355908.83519,502,S2_panic_selling_defi,indonesia,USDC
263,0.7804819839156903,78191447011.1002,502,S2_panic_selling_defi,indonesia,USDC
264,0.7701774731627691,76236660835.81165,502,S2_panic_selling_defi,indonesia,USDC
265,0.7787551164709366,74330744314.90712,502,S2_panic_selling_defi,indonesia,USDC
266,0.7778985562358113,72472475707.02733,502,S2_panic_selling_defi,indonesia,USDC
267,0.7685390414479926,70660663814.34576,502,S2_panic_selling_defi,indonesia,USDC
268,0.7580356195371164,68894147218.98224,502,S2_panic_selling_defi,indonesia,USDC
269,0.7727937813158743,67171793538.503494,502,S2_panic_selling_defi,indonesia,USDC
270,0.7695448177850466,65492498700.03784,502,S2_panic_selling_defi,indonesia,USDC
271,0.7740857297510462,63855186232.5345,502,S2_panic_selling_defi,indonesia,USDC
272,0.7710605817468541,62258806576.71925,502,S2_panic_selling_defi,indonesia,USDC
273,0.788398671817079,60702336412.29973,502,S2_panic_selling_defi,indonesia,USDC
274,0.787176416930083,59184778001.99104,502,S2_panic_selling_defi,indonesia,USDC
275,0.7837198854004849,57705158551.94032,502,S2_panic_selling_defi,indonesia,USDC
276,0.7782827141340671,56262529588.141,502,S2_panic_selling_defi,indonesia,USDC
277,0.8100143618093211,54855966348.436775,502,S2_panic_selling_defi,indonesia,USDC
278,0.7920682744439569,53484567189.72539,502,S2_panic_selling_defi,indonesia,USDC
279,0.804072244551064,52147453009.981834,502,S2_panic_selling_defi,indonesia,USDC
280,0.7819901430210122,50843766684.73198,502,S2_panic_selling_defi,indonesia,USDC
281,0.7918612790256361,49572672517.613365,502,S2_panic_selling_defi,indonesia,USDC
282,0.7934279274496047,48333355704.67279,502,S2_panic_selling_defi,indonesia,USDC
283,0.7859565443700054,47125021812.055786,502,S2_panic_selling_defi,indonesia,USDC
284,0.7745931354475499,45946896266.75423,502,S2_panic_selling_defi,indonesia,USDC
285,0.767274179205457,44798223860.085236,502,S2_panic_selling_defi,indonesia,USDC
286,0.7513256488616246,43678268263.58298,502,S2_panic_selling_defi,indonesia,USDC
287,0.7274506455936064,42586311556.9933,502,S2_panic_selling_defi,indonesia,USDC
288,0.7704656578968785,41521653768.06838,502,S2_panic_selling_defi,indonesia,USDC
289,0.7604643769772416,40483612423.86662,502,S2_panic_selling_defi,indonesia,USDC
290,0.7381282758800634,39471522113.269905,502,S2_panic_selling_defi,indonesia,USDC
291,0.7288323670477695,38484734060.43812,502,S2_panic_selling_defi,indonesia,USDC
292,0.7240111753427507,37522615708.92714,502,S2_panic_selling_defi,indonesia,USDC
293,0.7344116476295783,36584550316.20393,502,S2_panic_selling_defi,indonesia,USDC
294,0.7511800147702755,35669936558.29882,502,S2_panic_selling_defi,indonesia,USDC
295,0.7293380288573615,34778188144.34133,502,S2_panic_selling_defi,indonesia,USDC
296,0.745280256707719,33908733440.73279,502,S2_panic_selling_defi,indonesia,USDC
297,0.7532253334111697,33061015104.714466,502,S2_panic_selling_defi,indonesia,USDC
298,0.7352492153717828,32234489727.096603,502,S2_panic_selling_defi,indonesia,USDC
299,0.7352054818882241,31428627483.91918,502,S2_panic_selling_defi,indonesia,USDC
300,0.7314671161419728,30642911796.821198,502,S2_panic_selling_defi,indonesia,USDC
301,0.7558758208395476,29876839001.90066,502,S2_panic_selling_defi,indonesia,USDC
302,0.7644418453455423,29129918026.853146,502,S2_panic_selling_defi,indonesia,USDC
303,0.742152269163021,28401670076.181816,502,S2_panic_selling_defi,indonesia,USDC
304,0.7544748036919365,27691628324.277267,502,S2_panic_selling_defi,indonesia,USDC
305,0.7625373429047446,26999337616.170338,502,S2_panic_selling_defi,indonesia,USDC
306,0.7838555729994677,26324354175.76608,502,S2_panic_selling_defi,indonesia,USDC
307,0.6941957727093515,25666245321.371925,502,S2_panic_selling_defi,indonesia,USDC
308,0.7297799083073605,25024589188.337627,502,S2_panic_selling_defi,indonesia,USDC
309,0.7358707774934815,24398974458.62919,502,S2_panic_selling_defi,indonesia,USDC
310,0.7350573958546547,23789000097.16346,502,S2_panic_selling_defi,indonesia,USDC
311,0.7546016250103733,23194275094.73437,502,S2_panic_selling_defi,indonesia,USDC
312,0.7685144458555804,22614418217.366013,502,S2_panic_selling_defi,indonesia,USDC
313,0.7986424304677842,22049057761.93186,502,S2_panic_selling_defi,indonesia,USDC
314,0.811383187691693,21497831317.883568,502,S2_panic_selling_defi,indonesia,USDC
315,0.8147571598497063,20960385534.936478,502,S2_panic_selling_defi,indonesia,USDC
316,0.8329591876099965,20436375896.563065,502,S2_panic_selling_defi,indonesia,USDC
317,0.8094235100448254,19925466499.148987,502,S2_panic_selling_defi,indonesia,USDC
318,0.8227941921729522,19427329836.670265,502,S2_panic_selling_defi,indonesia,USDC
319,0.8043636104726481,18941646590.753506,502,S2_panic_selling_defi,indonesia,USDC
320,0.8008365782987251,18468105425.98467,502,S2_panic_selling_defi,indonesia,USDC
321,0.8210495031593752,18006402790.335052,502,S2_panic_selling_defi,indonesia,USDC
322,0.8250600417452258,17556242720.576675,502,S2_panic_selling_defi,indonesia,USDC
323,0.7074414648015541,17117336652.56226,502,S2_panic_selling_defi,indonesia,USDC
324,0.7031254303388934,16689403236.248201,502,S2_panic_selling_defi,indonesia,USDC
325,0.7154982200165242,16272168155.341995,502,S2_panic_selling_defi,indonesia,USDC
326,0.7234674646795418,15865363951.458447,502,S2_panic_selling_defi,indonesia,USDC
327,0.7110062687491031,15468729852.671986,502,S2_panic_selling_defi,indonesia,USDC
328,0.707975225953417,15082011606.355186,502,S2_panic_selling_defi,indonesia,USDC
329,0.7106999470422108,14704961316.196304,502,S2_panic_selling_defi,indonesia,USDC
330,0.7142987074262799,14337337283.291399,502,S2_panic_selling_defi,indonesia,USDC
331,0.6557130524640102,13978903851.209114,502,S2_panic_selling_defi,indonesia,USDC
332,0.6914557748758828,13629431254.928886,502,S2_panic_selling_defi,indonesia,USDC
333,0.7113595593320998,13288695473.555664,502,S2_panic_selling_defi,indonesia,USDC
334,0.7325500177656662,12956478086.716772,502,S2_panic_selling_defi,indonesia,USDC
335,0.7331762712621647,12632566134.548853,502,S2_panic_selling_defi,indonesia,USDC
336,0.7255607157546826,12316751981.185131,502,S2_panic_selling_defi,indonesia,USDC
337,0.724820777586782,12008833181.655502,502,S2_panic_selling_defi,indonesia,USDC
338,0.7319379872664722,11708612352.114115,502,S2_panic_selling_defi,indonesia,USDC
339,0.7541406934222961,11415897043.311262,502,S2_panic_selling_defi,indonesia,USDC
340,0.7566062297464775,11130499617.228481,502,S2_panic_selling_defi,indonesia,USDC
341,0.7586376092688414,10852237126.797768,502,S2_panic_selling_defi,indonesia,USDC
342,0.6525915555715488,10580931198.627825,502,S2_panic_selling_defi,indonesia,USDC
343,0.6657117489030303,10316407918.662128,502,S2_panic_selling_defi,indonesia,USDC
344,0.6878367046157451,10058497720.695576,502,S2_panic_selling_defi,indonesia,USDC
345,0.70811584038584,9807035277.678186,502,S2_panic_selling_defi,indonesia,USDC
346,0.7151821851988177,9561859395.73623,502,S2_panic_selling_defi,indonesia,USDC
347,0.709523492083649,9322812910.842827,502,S2_panic_selling_defi,indonesia,USDC
348,0.712184423843692,9089742588.071754,502,S2_panic_selling_defi,indonesia,USDC
349,0.7106489561986259,8862499023.36996,502,S2_panic_selling_defi,indonesia,USDC
350,0.6541621420970901,8640936547.785711,502,S2_panic_selling_defi,indonesia,USDC
351,0.6820838820497791,8424913134.091069,502,S2_panic_selling_defi,indonesia,USDC
352,0.6917127169081213,8214290305.738792,502,S2_panic_selling_defi,indonesia,USDC
353,0.7181669637650098,8008933048.095323,502,S2_panic_selling_defi,indonesia,USDC
354,0.7249993326286349,7808709721.89294,502,S2_panic_selling_defi,indonesia,USDC
355,0.6970161718715601,7613491978.845616,502,S2_panic_selling_defi,indonesia,USDC
356,0.7069494302098276,7423154679.3744755,502,S2_panic_selling_defi,indonesia,USDC
357,0.7268503606872495,7237575812.390114,502,S2_panic_selling_defi,indonesia,USDC
358,0.7422765615476111,7056636417.080361,502,S2_panic_selling_defi,indonesia,USDC
359,0.7451573049798069,6880220506.653353,502,S2_panic_selling_defi,indonesia,USDC
360,0.7508245045956996,6708214993.987019,502,S2_panic_selling_defi,indonesia,USDC
361,0.7494647198897018,6540509619.137342,502,S2_panic_selling_defi,indonesia,USDC
362,0.7599368659809956,6376996878.658909,502,S2_panic_selling_defi,indonesia,USDC
363,0.7637224567838113,6217571956.692436,502,S2_panic_selling_defi,indonesia,USDC
364,0.7766929746001014,6062132657.7751255,502,S2_panic_selling_defi,indonesia,USDC
365,0.7700413315843042,5910579341.330747,502,S2_panic_selling_defi,indonesia,USDC
366,0.7574184789173081,5762814857.797479,502,S2_panic_selling_defi,indonesia,USDC
367,0.7499257065489289,5618744486.352541,502,S2_panic_selling_defi,indonesia,USDC
368,0.7340926736945389,5478275874.1937275,502,S2_panic_selling_defi,indonesia,USDC
369,0.75364050445551,5341318977.338884,502,S2_panic_selling_defi,indonesia,USDC
370,0.7751640428338483,5207786002.905413,502,S2_panic_selling_defi,indonesia,USDC
371,0.782309441256292,5077591352.832777,502,S2_panic_selling_defi,indonesia,USDC
372,0.7728505334659999,4950651569.011957,502,S2_panic_selling_defi,indonesia,USDC
373,0.7738177078710563,4826885279.786659,502,S2_panic_selling_defi,indonesia,USDC
374,0.7743587539045779,4706213147.791992,502,S2_panic_selling_defi,indonesia,USDC
375,0.7584719061486398,4588557819.097193,502,S2_panic_selling_defi,indonesia,USDC
376,0.7515105430059779,4473843873.619762,502,S2_panic_selling_defi,indonesia,USDC
377,0.7776132027984912,4361997776.779268,502,S2_panic_selling_defi,indonesia,USDC
378,0.7585056549775815,4252947832.359787,502,S2_panic_selling_defi,indonesia,USDC
379,0.7834900268381244,4146624136.550792,502,S2_panic_selling_defi,indonesia,USDC
380,0.7869142330287718,4042958533.1370225,502,S2_panic_selling_defi,indonesia,USDC
381,0.7774146592764929,3941884569.8085966,502,S2_panic_selling_defi,indonesia,USDC
382,0.7664932039421323,3843337455.5633817,502,S2_panic_selling_defi,indonesia,USDC
383,0.7773326786300351,3747254019.1742973,502,S2_panic_selling_defi,indonesia,USDC
384,0.7794856104327419,3653572668.6949396,502,S2_panic_selling_defi,indonesia,USDC
385,0.7833085964976785,3562233351.9775667,502,S2_panic_selling_defi,indonesia,USDC
386,0.8040962668056713,3473177518.1781273,502,S2_panic_selling_defi,indonesia,USDC
387,0.7874943280983517,3386348080.223674,502,S2_panic_selling_defi,indonesia,USDC
388,0.7968590341237126,3301689378.218082,502,S2_panic_selling_defi,indonesia,USDC
389,0.8022152475070041,3219147143.76263,502,S2_panic_selling_defi,indonesia,USDC
390,0.7930029839525676,3138668465.1685643,502,S2_panic_selling_defi,indonesia,USDC
391,0.8067828841235115,3060201753.53935,502,S2_panic_selling_defi,indonesia,USDC
392,0.8032574180210367,2983696709.700866,502,S2_panic_selling_defi,indonesia,USDC
393,0.7959147522551249,2909104291.9583445,502,S2_panic_selling_defi,indonesia,USDC
394,0.8069305910318739,2836376684.659386,502,S2_panic_selling_defi,indonesia,USDC
395,0.7980734202411573,2765467267.5429015,502,S2_panic_selling_defi,indonesia,USDC
396,0.8086166656214628,2696330585.854329,502,S2_panic_selling_defi,indonesia,USDC
397,0.840817013801946,2628922321.2079706,502,S2_panic_selling_defi,indonesia,USDC
398,0.8054486574567427,2563199263.1777716,502,S2_panic_selling_defi,indonesia,USDC
399,0.8123280131701329,2499119281.598327,502,S2_panic_selling_defi,indonesia,USDC
400,0.8036158296874227,2436641299.558369,502,S2_panic_selling_defi,indonesia,USDC
401,0.8055364009341376,2375725267.06941,502,S2_panic_selling_defi,indonesia,USDC
402,0.809037170158829,2316332135.3926744,502,S2_panic_selling_defi,indonesia,USDC
403,0.8084664179967458,2258423832.0078573,502,S2_panic_selling_defi,indonesia,USDC
404,0.8018579162406856,2201963236.207661,502,S2_panic_selling_defi,indonesia,USDC
405,0.7746264427869711,2146914155.3024697,502,S2_panic_selling_defi,indonesia,USDC
406,0.7689077127831917,2093241301.4199078,502,S2_panic_selling_defi,indonesia,USDC
407,0.8028350936583404,2040910268.8844101,502,S2_panic_selling_defi,indonesia,USDC
408,0.7731336726823821,1989887512.1622999,502,S2_panic_selling_defi,indonesia,USDC
409,0.7781439330732551,1940140324.3582425,502,S2_panic_selling_defi,indonesia,USDC
410,0.7710779910514349,1891636816.2492862,502,S2_panic_selling_defi,indonesia,USDC
411,0.7886558984493909,1844345895.843054,502,S2_panic_selling_defi,indonesia,USDC
412,0.81285105486847,1798237248.4469776,502,S2_panic_selling_defi,indonesia,USDC
413,0.8234333776992449,1753281317.2358031,502,S2_panic_selling_defi,indonesia,USDC
414,0.8204849528689666,1709449284.3049083,502,S2_panic_selling_defi,indonesia,USDC
415,0.8246872486606999,1666713052.1972857,502,S2_panic_selling_defi,indonesia,USDC
416,0.8499004567226158,1625045225.8923535,502,S2_panic_selling_defi,indonesia,USDC
417,0.8331682881511497,1584419095.2450445,502,S2_panic_selling_defi,indonesia,USDC
418,0.8148680809951017,1544808617.8639185,502,S2_panic_selling_defi,indonesia,USDC
419,0.816577941375037,1506188402.4173205,502,S2_panic_selling_defi,indonesia,USDC
420,0.8060619899812228,1468533692.3568873,502,S2_panic_selling_defi,indonesia,USDC
421,0.8228316571177006,1431820350.0479653,502,S2_panic_selling_defi,indonesia,USDC
422,0.7963403354478502,1396024841.2967663,502,S2_panic_selling_defi,indonesia,USDC
423,0.7802721005337648,1361124220.264347,502,S2_panic_selling_defi,indonesia,USDC
424,0.7791219663675905,1327096114.7577384,502,S2_panic_selling_defi,indonesia,USDC
425,0.8108586675098031,1293918711.888795,502,S2_panic_selling_defi,indonesia,USDC
426,0.802572919733,1261570744.091575,502,S2_panic_selling_defi,indonesia,USDC
427,0.7849495853635475,1230031475.4892857,502,S2_panic_selling_defi,indonesia,USDC
428,0.7824504941536387,1199280688.6020534,502,S2_panic_selling_defi,indonesia,USDC
429,0.7606151816809084,1169298671.3870022,502,S2_panic_selling_defi,indonesia,USDC
430,0.7763932126945017,1140066204.602327,502,S2_panic_selling_defi,indonesia,USDC
431,0.758449088472332,1111564549.487269,502,S2_panic_selling_defi,indonesia,USDC
432,0.7755091490476663,1083775435.7500873,502,S2_panic_selling_defi,indonesia,USDC
433,0.7773816731645511,1056681049.856335,502,S2_panic_selling_defi,indonesia,USDC
434,0.766759899046625,1030264023.6099267,502,S2_panic_selling_defi,indonesia,USDC
435,0.7687312976390575,1004507423.0196784,502,S2_panic_selling_defi,indonesia,USDC
436,0.7642724800824194,979394737.4441864,502,S2_panic_selling_defi,indonesia,USDC
437,0.7568545815337084,954909869.0080819,502,S2_panic_selling_defi,indonesia,USDC
438,0.7750406413621524,931037122.2828798,502,S2_panic_selling_defi,indonesia,USDC
439,0.7726328129794552,907761194.2258078,502,S2_panic_selling_defi,indonesia,USDC
440,0.7565263733372173,885067164.3701626,502,S2_panic_selling_defi,indonesia,USDC
441,0.7518254042257979,862940485.2609085,502,S2_panic_selling_defi,indonesia,USDC
442,0.7715216042799242,841366973.1293858,502,S2_panic_selling_defi,indonesia,USDC
443,0.7626912647736924,820332798.8011513,502,S2_panic_selling_defi,indonesia,USDC
444,0.7766193712582875,799824478.8311224,502,S2_panic_selling_defi,indonesia,USDC
445,0.8111255350651567,779828866.8603444,502,S2_panic_selling_defi,indonesia,USDC
446,0.7069082235273247,760333145.1888357,502,S2_panic_selling_defi,indonesia,USDC
447,0.7181954997124297,741324816.5591148,502,S2_panic_selling_defi,indonesia,USDC
448,0.7299712219598601,722791696.145137,502,S2_panic_selling_defi,indonesia,USDC
449,0.7314277739174568,704721903.7415085,502,S2_panic_selling_defi,indonesia,USDC
450,0.7319544809005175,687103856.1479708,502,S2_panic_selling_defi,indonesia,USDC
451,0.7375215033896302,669926259.7442715,502,S2_panic_selling_defi,indonesia,USDC
452,0.7171525183064605,653178103.2506647,502,S2_panic_selling_defi,indonesia,USDC
453,0.7238077969289932,636848650.6693981,502,S2_panic_selling_defi,indonesia,USDC
454,0.731303691257971,620927434.4026631,502,S2_panic_selling_defi,indonesia,USDC
455,0.7282715464561954,605404248.5425966,502,S2_panic_selling_defi,indonesia,USDC
456,0.736231404078106,590269142.3290317,502,S2_panic_selling_defi,indonesia,USDC
457,0.7396477845890673,575512413.7708058,502,S2_panic_selling_defi,indonesia,USDC
458,0.7373195121670103,561124603.4265357,502,S2_panic_selling_defi,indonesia,USDC
459,0.7751259105955801,547096488.3408723,502,S2_panic_selling_defi,indonesia,USDC
460,0.7558816130746925,533419076.13235044,502,S2_panic_selling_defi,indonesia,USDC
461,0.7806100782499915,520083599.2290417,502,S2_panic_selling_defi,indonesia,USDC
462,0.7778306109088401,507081509.2483157,502,S2_panic_selling_defi,indonesia,USDC
463,0.7862803919064445,494404471.5171077,502,S2_panic_selling_defi,indonesia,USDC
464,0.7878458877499855,482044359.7291801,502,S2_panic_selling_defi,indonesia,USDC
465,0.7796359991901032,469993250.7359506,502,S2_panic_selling_defi,indonesia,USDC
466,0.7666125425200887,458243419.4675519,502,S2_panic_selling_defi,indonesia,USDC
467,0.7728431597126751,446787333.9808631,502,S2_panic_selling_defi,indonesia,USDC
468,0.7936118475348802,435617650.6313416,502,S2_panic_selling_defi,indonesia,USDC
469,0.8136701205455926,424727209.36555797,502,S2_panic_selling_defi,indonesia,USDC
470,0.7956602250099281,414109029.13141906,502,S2_panic_selling_defi,indonesia,USDC
471,0.7822107689995923,403756303.4031336,502,S2_panic_selling_defi,indonesia,USDC
472,0.7658022972424444,393662395.8180552,502,S2_panic_selling_defi,indonesia,USDC
473,0.7630186577337843,383820835.92260385,502,S2_panic_selling_defi,indonesia,USDC
474,0.7755473512468194,374225315.02453876,502,S2_panic_selling_defi,indonesia,USDC
475,0.771497996501728,364869682.1489253,502,S2_panic_selling_defi,indonesia,USDC
476,0.7897747149423856,355747940.09520215,502,S2_panic_selling_defi,indonesia,USDC
477,0.7808001383791175,346854241.5928221,502,S2_panic_selling_defi,indonesia,USDC
478,0.7900862102877872,338182885.5530015,502,S2_panic_selling_defi,indonesia,USDC
479,0.7760479516067712,329728313.4141765,502,S2_panic_selling_defi,indonesia,USDC
480,0.7775541214163824,321485105.5788221,502,S2_panic_selling_defi,indonesia,USDC
481,0.7927396654133122,313447977.93935156,502,S2_panic_selling_defi,indonesia,USDC
482,0.7831701894834403,305611778.49086773,502,S2_panic_selling_defi,indonesia,USDC
483,0.8080059887075602,297971484.02859604,502,S2_panic_selling_defi,indonesia,USDC
484,0.7940339533669168,290522196.9278811,502,S2_panic_selling_defi,indonesia,USDC
485,0.78513133418697,283259142.0046841,502,S2_panic_selling_defi,indonesia,USDC
486,0.780949940834818,276177663.45456696,502,S2_panic_selling_defi,indonesia,USDC
487,0.784358438849344,269273221.8682028,502,S2_panic_selling_defi,indonesia,USDC
488,0.7748124960209591,262541391.32149774,502,S2_panic_selling_defi,indonesia,USDC
489,0.7909783065338305,255977856.5384603,502,S2_panic_selling_defi,indonesia,USDC
490,0.7884527917800572,249578410.12499875,502,S2_panic_selling_defi,indonesia,USDC
491,0.7948598821605358,243338949.8718738,502,S2_panic_selling_defi,indonesia,USDC
492,0.7880688827249729,237255476.12507695,502,S2_panic_selling_defi,indonesia,USDC
493,0.8084971006705627,231324089.22195002,502,S2_panic_selling_defi,indonesia,USDC
494,0.7814139086796441,225540986.99140126,502,S2_panic_selling_defi,indonesia,USDC
495,0.7759606453427,219902462.31661624,502,S2_panic_selling_defi,indonesia,USDC
496,0.7681729839827789,214404900.75870085,502,S2_panic_selling_defi,indonesia,USDC
497,0.7648766045530143,209044778.2397333,502,S2_panic_selling_defi,indonesia,USDC
498,0.7462478979188611,203818658.78373995,502,S2_panic_selling_defi,indonesia,USDC
499,0.7596133572716695,198723192.31414646,502,S2_panic_selling_defi,indonesia,USDC
500,0.768221079590025,193755112.50629282,502,S2_panic_selling_defi,indonesia,USDC
501,0.7931064974458,188911234.6936355,502,S2_panic_selling_defi,indonesia,USDC
502,0.7880139951113646,184188453.8262946,502,S2_panic_selling_defi,indonesia,USDC
503,0.7948337497478208,179583742.48063725,502,S2_panic_selling_defi,indonesia,USDC
504,0.7910079334984434,175094148.9186213,502,S2_panic_selling_defi,indonesia,USDC
505,0.7896612633872899,170716795.1956558,502,S2_panic_selling_defi,indonesia,USDC
506,0.7703759819752926,166448875.3157644,502,S2_panic_selling_defi,indonesia,USDC
507,0.7646145901105315,162287653.43287027,502,S2_panic_selling_defi,indonesia,USDC
508,0.7430861747657316,158230462.09704852,502,S2_panic_selling_defi,indonesia,USDC
509,0.7549128699870801,154274700.5446223,502,S2_panic_selling_defi,indonesia,USDC
510,0.7569186641603313,150417833.03100675,502,S2_panic_selling_defi,indonesia,USDC
511,0.7552938122297385,146657387.20523155,502,S2_panic_selling_defi,indonesia,USDC
512,0.7730178041982833,142990952.52510077,502,S2_panic_selling_defi,indonesia,USDC
513,0.7717709500977735,139416178.71197325,502,S2_panic_selling_defi,indonesia,USDC
514,0.7719899613230145,135930774.24417394,502,S2_panic_selling_defi,indonesia,USDC
515,0.7760114535774647,132532504.88806958,502,S2_panic_selling_defi,indonesia,USDC
516,0.7713126837956216,129219192.26586784,502,S2_panic_selling_defi,indonesia,USDC
517,0.8006823128476869,125988712.45922115,502,S2_panic_selling_defi,indonesia,USDC
518,0.8131266680609851,122838994.64774062,502,S2_panic_selling_defi,indonesia,USDC
519,0.8472229226849946,119768019.7815471,502,S2_panic_selling_defi,indonesia,USDC
520,0.8583530458228205,116773819.28700843,502,S2_panic_selling_defi,indonesia,USDC
521,0.8727584854093279,113854473.80483322,502,S2_panic_selling_defi,indonesia,USDC
522,0.8720952163857314,111008111.95971239,502,S2_panic_selling_defi,indonesia,USDC
523,0.8528936810806897,108232909.16071959,502,S2_panic_selling_defi,indonesia,USDC
524,0.8370619720717779,105527086.4317016,502,S2_panic_selling_defi,indonesia,USDC
525,0.8305865608752436,102888909.27090904,502,S2_panic_selling_defi,indonesia,USDC
526,0.8118229877303218,100316686.53913632,502,S2_panic_selling_defi,indonesia,USDC
527,0.8206454725993015,97808769.37565792,502,S2_panic_selling_defi,indonesia,USDC
528,0.8248915778046104,95363550.14126647,502,S2_panic_selling_defi,indonesia,USDC
529,0.8111048249655782,92979461.3877348,502,S2_panic_selling_defi,indonesia,USDC
530,0.8159389048590727,90654974.85304144,502,S2_panic_selling_defi,indonesia,USDC
531,0.826219911371936,88388600.4817154,502,S2_panic_selling_defi,indonesia,USDC
532,0.8116384124504845,86178885.46967252,502,S2_panic_selling_defi,indonesia,USDC
533,0.7932613430649228,84024413.3329307,502,S2_panic_selling_defi,indonesia,USDC
534,0.7632264898783648,81923802.99960743,502,S2_panic_selling_defi,indonesia,USDC
535,0.7684420021437939,79875707.92461725,502,S2_panic_selling_defi,indonesia,USDC
536,0.7661832871073042,77878815.22650182,502,S2_panic_selling_defi,indonesia,USDC
537,0.7869065481889321,75931844.84583926,502,S2_panic_selling_defi,indonesia,USDC
538,0.8064577088819593,74033548.7246933,502,S2_panic_selling_defi,indonesia,USDC
539,0.8062406370699713,72182710.00657596,502,S2_panic_selling_defi,indonesia,USDC
540,0.7906681315682001,70378142.25641155,502,S2_panic_selling_defi,indonesia,USDC
541,0.7968794981507173,68618688.70000127,502,S2_panic_selling_defi,indonesia,USDC
542,0.8236010951545006,66903221.48250124,502,S2_panic_selling_defi,indonesia,USDC
543,0.8084903030581488,65230640.94543871,502,S2_panic_selling_defi,indonesia,USDC
544,0.8033084724139253,63599874.921802744,502,S2_panic_selling_defi,indonesia,USDC
545,0.7794221749215919,62009878.04875767,502,S2_panic_selling_defi,indonesia,USDC
546,0.7797017480324677,60459631.09753874,502,S2_panic_selling_defi,indonesia,USDC
547,0.7690726102849857,58948140.32010027,502,S2_panic_selling_defi,indonesia,USDC
548,0.7635059220393731,57474436.81209776,502,S2_panic_selling_defi,indonesia,USDC
549,0.7575273539235614,56037575.89179532,502,S2_panic_selling_defi,indonesia,USDC
550,0.7471899923731901,54636636.49450044,502,S2_panic_selling_defi,indonesia,USDC
551,0.7530566399078391,53270720.58213793,502,S2_panic_selling_defi,indonesia,USDC
552,0.7641398133630467,51938952.567584485,502,S2_panic_selling_defi,indonesia,USDC
553,0.7850130799478056,50640478.753394864,502,S2_panic_selling_defi,indonesia,USDC
554,0.805256469103794,49374466.784559995,502,S2_panic_selling_defi,indonesia,USDC
555,0.7182500976089999,48140105.11494599,502,S2_panic_selling_defi,indonesia,USDC
556,0.7559398649462362,46936602.48707234,502,S2_panic_selling_defi,indonesia,USDC
557,0.7427047815599395,45763187.42489554,502,S2_panic_selling_defi,indonesia,USDC
558,0.7395084195850742,44619107.739273146,502,S2_panic_selling_defi,indonesia,USDC
559,0.75787009340818,43503630.04579131,502,S2_panic_selling_defi,indonesia,USDC
560,0.7612610030824571,42416039.29464653,502,S2_panic_selling_defi,indonesia,USDC
561,0.7744694143813432,41355638.31228037,502,S2_panic_selling_defi,indonesia,USDC
562,0.7841009184184746,40321747.35447336,502,S2_panic_selling_defi,indonesia,USDC
563,0.7877724236780548,39313703.67061153,502,S2_panic_selling_defi,indonesia,USDC
564,0.7722226406897427,38330861.07884624,502,S2_panic_selling_defi,indonesia,USDC
565,0.7611999989036979,37372589.551875085,502,S2_panic_selling_defi,indonesia,USDC
566,0.7449264121830987,36438274.81307821,502,S2_panic_selling_defi,indonesia,USDC
567,0.7372442459173286,35527317.94275125,502,S2_panic_selling_defi,indonesia,USDC
568,0.758435831580017,34639134.994182475,502,S2_panic_selling_defi,indonesia,USDC
569,0.7740434069863033,33773156.61932791,502,S2_panic_selling_defi,indonesia,USDC
570,0.7983069679918052,32928827.70384471,502,S2_panic_selling_defi,indonesia,USDC
571,0.787939928356965,32105607.01124859,502,S2_panic_selling_defi,indonesia,USDC
572,0.7599646344042664,31302966.83596738,502,S2_panic_selling_defi,indonesia,USDC
573,0.784248635560048,30520392.665068194,502,S2_panic_selling_defi,indonesia,USDC
574,0.7863909372839031,29757382.84844149,502,S2_panic_selling_defi,indonesia,USDC
575,0.7698832865765736,29013448.277230453,502,S2_panic_selling_defi,indonesia,USDC
576,0.7912481137796744,28288112.070299692,502,S2_panic_selling_defi,indonesia,USDC
577,0.7786043996282596,27580909.2685422,502,S2_panic_selling_defi,indonesia,USDC
578,0.7711744513607907,26891386.53682864,502,S2_panic_selling_defi,indonesia,USDC
579,0.769983659880804,26219101.873407926,502,S2_panic_selling_defi,indonesia,USDC
580,0.795442387718321,25563624.326572724,502,S2_panic_selling_defi,indonesia,USDC
581,0.8189721559008313,24924533.71840841,502,S2_panic_selling_defi,indonesia,USDC
582,0.7953899928959483,24301420.375448197,502,S2_panic_selling_defi,indonesia,USDC
583,0.7794690927228921,23693884.866061993,502,S2_panic_selling_defi,indonesia,USDC
584,0.7722792516086783,23101537.74441044,502,S2_panic_selling_defi,indonesia,USDC
585,0.7592450791453269,22523999.300800182,502,S2_panic_selling_defi,indonesia,USDC
586,0.7659900993491657,21960899.31828018,502,S2_panic_selling_defi,indonesia,USDC
587,0.7437390788962992,21411876.835323174,502,S2_panic_selling_defi,indonesia,USDC
588,0.7378032749160515,20876579.914440095,502,S2_panic_selling_defi,indonesia,USDC
589,0.7198212266843321,20354665.41657909,502,S2_panic_selling_defi,indonesia,USDC
590,0.7011959899249894,19845798.781164616,502,S2_panic_selling_defi,indonesia,USDC
591,0.7103246211747086,19349653.8116355,502,S2_panic_selling_defi,indonesia,USDC
592,0.7363391384033249,18865912.46634461,502,S2_panic_selling_defi,indonesia,USDC
593,0.7588424766175184,18394264.654685996,502,S2_panic_selling_defi,indonesia,USDC
594,0.7488546599361142,17934408.038318846,502,S2_panic_selling_defi,indonesia,USDC
595,0.762288530695063,17486047.837360878,502,S2_panic_selling_defi,indonesia,USDC
596,0.7590208095043027,17048896.641426854,502,S2_panic_selling_defi,indonesia,USDC
597,0.7653092908804636,16622674.225391183,502,S2_panic_selling_defi,indonesia,USDC
598,0.751486475886258,16207107.369756404,502,S2_panic_selling_defi,indonesia,USDC
599,0.7556732426800244,15801929.685512492,502,S2_panic_selling_defi,indonesia,USDC
600,0.7835008872441344,15406881.443374682,502,S2_panic_selling_defi,indonesia,USDC
601,0.7910165143949235,15021709.407290315,502,S2_panic_selling_defi,indonesia,USDC
602,0.7799357437029234,14646166.672108056,502,S2_panic_selling_defi,indonesia,USDC
603,0.7791649956304338,14280012.505305354,502,S2_panic_selling_defi,indonesia,USDC
604,0.7612798549051403,13923012.192672722,502,S2_panic_selling_defi,indonesia,USDC
605,0.7513603240774299,13574936.887855902,502,S2_panic_selling_defi,indonesia,USDC
606,0.7447330691354261,13235563.465659503,502,S2_panic_selling_defi,indonesia,USDC
607,0.7564557517409107,12904674.379018016,502,S2_panic_selling_defi,indonesia,USDC
608,0.7865690946606849,12582057.519542567,502,S2_panic_selling_defi,indonesia,USDC
609,0.8083083244279526,12267506.081554003,502,S2_panic_selling_defi,indonesia,USDC
610,0.8015563251504365,11960818.429515153,502,S2_panic_selling_defi,indonesia,USDC
611,0.789674572949095,11661797.968777273,502,S2_panic_selling_defi,indonesia,USDC
612,0.8318066574026756,11370253.019557841,502,S2_panic_selling_defi,indonesia,USDC
613,0.7995454298366741,11085996.694068896,502,S2_panic_selling_defi,indonesia,USDC
614,0.7954430662062475,10808846.776717173,502,S2_panic_selling_defi,indonesia,USDC
615,0.790939261245997,10538625.607299244,502,S2_panic_selling_defi,indonesia,USDC
616,0.7997131939801954,10275159.967116762,502,S2_panic_selling_defi,indonesia,USDC
617,0.818789278041075,10018280.967938842,502,S2_panic_selling_defi,indonesia,USDC
618,0.7993256652294025,9767823.943740372,502,S2_panic_selling_defi,indonesia,USDC
619,0.7797654860423059,9523628.345146863,502,S2_panic_selling_defi,indonesia,USDC
620,0.7444381861640578,9285537.636518192,502,S2_panic_selling_defi,indonesia,USDC
621,0.7293948827036896,9053399.195605237,502,S2_panic_selling_defi,indonesia,USDC
622,0.7377633196591712,8827064.215715105,502,S2_panic_selling_defi,indonesia,USDC
623,0.7672308136603054,8606387.610322228,502,S2_panic_selling_defi,indonesia,USDC
624,0.7853013481641838,8391227.920064172,502,S2_panic_selling_defi,indonesia,USDC
625,0.7896550786106271,8181447.222062567,502,S2_panic_selling_defi,indonesia,USDC
626,0.7841473850056893,7976911.041511005,502,S2_panic_selling_defi,indonesia,USDC
627,0.7660490513210158,7777488.265473228,502,S2_panic_selling_defi,indonesia,USDC
628,0.7520717956996887,7583051.058836399,502,S2_panic_selling_defi,indonesia,USDC
629,0.7433576514897102,7393474.782365488,502,S2_panic_selling_defi,indonesia,USDC
630,0.7258054223400636,7208637.912806351,502,S2_panic_selling_defi,indonesia,USDC
631,0.7591234232753988,7028421.964986192,502,S2_panic_selling_defi,indonesia,USDC
632,0.7490763185409269,6852711.415861538,502,S2_panic_selling_defi,indonesia,USDC
633,0.7776410658821042,6681393.630464999,502,S2_panic_selling_defi,indonesia,USDC
634,0.7876619591814922,6514358.789703374,502,S2_panic_selling_defi,indonesia,USDC
635,0.8036313963144583,6351499.81996079,502,S2_panic_selling_defi,indonesia,USDC
636,0.7778388408176634,6192712.324461769,502,S2_panic_selling_defi,indonesia,USDC
637,0.7699390523900422,6037894.516350225,502,S2_panic_selling_defi,indonesia,USDC
638,0.7973917302895951,5886947.153441469,502,S2_panic_selling_defi,indonesia,USDC
639,0.7896822693419941,5739773.474605433,502,S2_panic_selling_defi,indonesia,USDC
640,0.7850672065801965,5596279.137740296,502,S2_panic_selling_defi,indonesia,USDC
641,0.7841460875763722,5456372.159296789,502,S2_panic_selling_defi,indonesia,USDC
642,0.7889779004219484,5319962.85531437,502,S2_panic_selling_defi,indonesia,USDC
643,0.7874243290719087,5186963.7839315105,502,S2_panic_selling_defi,indonesia,USDC
644,0.7878126219417763,5057289.689333223,502,S2_panic_selling_defi,indonesia,USDC
645,0.7748326694072258,4930857.447099892,502,S2_panic_selling_defi,indonesia,USDC
646,0.7843033590543179,4807586.010922395,502,S2_panic_selling_defi,indonesia,USDC
647,0.7856426591695629,4687396.360649335,502,S2_panic_selling_defi,indonesia,USDC
648,0.7932242159443205,4570211.451633101,502,S2_panic_selling_defi,indonesia,USDC
649,0.8193876132817665,4455956.165342274,502,S2_panic_selling_defi,indonesia,USDC
650,0.7916890965242543,4344557.261208717,502,S2_panic_selling_defi,indonesia,USDC
651,0.799746831508037,4235943.329678499,502,S2_panic_selling_defi,indonesia,USDC
652,0.8055706500557724,4130044.7464365372,502,S2_panic_selling_defi,indonesia,USDC
653,0.806161089686133,4026793.6277756235,502,S2_panic_selling_defi,indonesia,USDC
654,0.7924593912005969,3926123.787081233,502,S2_panic_selling_defi,indonesia,USDC
655,0.7777565089211342,3827970.692404202,502,S2_panic_selling_defi,indonesia,USDC
656,0.7760023264018298,3732271.425094097,502,S2_panic_selling_defi,indonesia,USDC
657,0.7742240714351536,3638964.639466745,502,S2_panic_selling_defi,indonesia,USDC
658,0.752908126065834,3547990.5234800763,502,S2_panic_selling_defi,indonesia,USDC
659,0.7642594843935165,3459290.760393074,502,S2_panic_selling_defi,indonesia,USDC
660,0.7629237544093418,3372808.4913832475,502,S2_panic_selling_defi,indonesia,USDC
661,0.7610567921349072,3288488.2790986663,502,S2_panic_selling_defi,indonesia,USDC
662,0.746539737661066,3206276.072121199,502,S2_panic_selling_defi,indonesia,USDC
663,0.7674232828359973,3126119.1703181695,502,S2_panic_selling_defi,indonesia,USDC
664,0.7955754055348085,3047966.1910602152,502,S2_panic_selling_defi,indonesia,USDC
665,0.7831740889441948,2971767.03628371,502,S2_panic_selling_defi,indonesia,USDC
666,0.7847815073350706,2897472.860376617,502,S2_panic_selling_defi,indonesia,USDC
667,0.7949833694031361,2825036.0388672017,502,S2_panic_selling_defi,indonesia,USDC
668,0.7935199112368183,2754410.1378955217,502,S2_panic_selling_defi,indonesia,USDC
669,0.8102937897282848,2685549.8844481334,502,S2_panic_selling_defi,indonesia,USDC
670,0.8310618994010177,2618411.1373369303,502,S2_panic_selling_defi,indonesia,USDC
671,0.8129736487193959,2552950.8589035072,502,S2_panic_selling_defi,indonesia,USDC
672,0.7974189491009172,2489127.0874309195,502,S2_panic_selling_defi,indonesia,USDC
673,0.7954945879678976,2426898.9102451466,502,S2_panic_selling_defi,indonesia,USDC
674,0.8003231292842629,2366226.437489018,502,S2_panic_selling_defi,indonesia,USDC
675,0.7919085784149114,2307070.7765517924,502,S2_panic_selling_defi,indonesia,USDC
676,0.7872981990648017,2249394.007137998,502,S2_panic_selling_defi,indonesia,USDC
677,0.7888678374374942,2193159.1569595477,502,S2_panic_selling_defi,indonesia,USDC
678,0.7889562802739593,2138330.178035559,502,S2_panic_selling_defi,indonesia,USDC
679,0.8165803616000649,2084871.92358467,502,S2_panic_selling_defi,indonesia,USDC
680,0.8036082893230981,2032750.1254950534,502,S2_panic_selling_defi,indonesia,USDC
681,0.8134849269005759,1981931.3723576772,502,S2_panic_selling_defi,indonesia,USDC
682,0.8328514585809265,1932383.0880487352,502,S2_panic_selling_defi,indonesia,USDC
683,0.8171775119851786,1884073.5108475166,502,S2_panic_selling_defi,indonesia,USDC
684,0.7962398743879187,1836971.6730763286,502,S2_panic_selling_defi,indonesia,USDC
685,0.7900499610577333,1791047.3812494203,502,S2_panic_selling_defi,indonesia,USDC
686,0.8068519005827609,1746271.1967181852,502,S2_panic_selling_defi,indonesia,USDC
687,0.8022305595981264,1702614.4168002303,502,S2_panic_selling_defi,indonesia,USDC
688,0.7937531953598289,1660049.0563802246,502,S2_panic_selling_defi,indonesia,USDC
689,0.785544221733138,1618547.829970719,502,S2_panic_selling_defi,indonesia,USDC
690,0.78384389111277,1578084.134221451,502,S2_panic_selling_defi,indonesia,USDC
691,0.7918242651190475,1538632.030865915,502,S2_panic_selling_defi,indonesia,USDC
692,0.789693690728652,1500166.230094267,502,S2_panic_selling_defi,indonesia,USDC
693,0.8009573079527406,1462662.0743419104,502,S2_panic_selling_defi,indonesia,USDC
694,0.7772213527978549,1426095.5224833626,502,S2_panic_selling_defi,indonesia,USDC
695,0.7864491019519653,1390443.1344212785,502,S2_panic_selling_defi,indonesia,USDC
696,0.7606756441093585,1355682.0560607465,502,S2_panic_selling_defi,indonesia,USDC
697,0.7807910966944699,1321790.0046592278,502,S2_panic_selling_defi,indonesia,USDC
698,0.7863270745975263,1288745.254542747,502,S2_panic_selling_defi,indonesia,USDC
699,0.8004229269758456,1256526.6231791785,502,S2_panic_selling_defi,indonesia,USDC
700,0.808837508930802,1225113.457599699,502,S2_panic_selling_defi,indonesia,USDC
701,0.8041708862711718,1194485.6211597065,502,S2_panic_selling_defi,indonesia,USDC
702,0.7771914298033402,1164623.480630714,502,S2_panic_selling_defi,indonesia,USDC
703,0.7829715108806334,1135507.893614946,502,S2_panic_selling_defi,indonesia,USDC
704,0.808370068127717,1107120.1962745723,502,S2_panic_selling_defi,indonesia,USDC
705,0.8173497481685433,1079442.1913677081,502,S2_panic_selling_defi,indonesia,USDC
706,0.8268194752252763,1052456.1365835154,502,S2_panic_selling_defi,indonesia,USDC
707,0.8025523659554534,1026144.7331689275,502,S2_panic_selling_defi,indonesia,USDC
708,0.8122374549302375,1000491.1148397044,502,S2_panic_selling_defi,indonesia,USDC
709,0.7931416025839622,975478.8369687118,502,S2_panic_selling_defi,indonesia,USDC
710,0.8034946915430521,951091.866044494,502,S2_panic_selling_defi,indonesia,USDC
711,0.8117983065240443,927314.5693933817,502,S2_panic_selling_defi,indonesia,USDC
712,0.7901283464385607,904131.7051585471,502,S2_panic_selling_defi,indonesia,USDC
713,0.7769775811610276,881528.4125295834,502,S2_panic_selling_defi,indonesia,USDC
714,0.7695982186427035,859490.202216344,502,S2_panic_selling_defi,indonesia,USDC
715,0.7550873748019823,838002.9471609353,502,S2_panic_selling_defi,indonesia,USDC
716,0.7849110854689062,817052.8734819118,502,S2_panic_selling_defi,indonesia,USDC
717,0.8006961873378718,796626.5516448641,502,S2_panic_selling_defi,indonesia,USDC
718,0.8108476508961089,776710.8878537425,502,S2_panic_selling_defi,indonesia,USDC
719,0.7818061562578277,757293.115657399,502,S2_panic_selling_defi,indonesia,USDC
720,0.7796361390312194,738360.7877659639,502,S2_panic_selling_defi,indonesia,USDC
721,0.7842145704515748,719901.7680718149,502,S2_panic_selling_defi,indonesia,USDC
722,0.786515264083816,701904.2238700194,502,S2_panic_selling_defi,indonesia,USDC
723,0.7771786639676979,684356.618273269,502,S2_panic_selling_defi,indonesia,USDC
724,0.7822276971950787,667247.7028164372,502,S2_panic_selling_defi,indonesia,USDC
725,0.7723266448117223,650566.5102460263,502,S2_panic_selling_defi,indonesia,USDC
726,0.7678244226824981,634302.3474898757,502,S2_panic_selling_defi,indonesia,USDC
727,0.7694587597574379,618444.7888026288,502,S2_panic_selling_defi,indonesia,USDC
728,0.7694731580804247,602983.6690825631,502,S2_panic_selling_defi,indonesia,USDC
729,0.7927746142770574,587909.077355499,502,S2_panic_selling_defi,indonesia,USDC
730,0.7822133478490322,573211.3504216116,502,S2_panic_selling_defi,indonesia,USDC
731,0.7562811394835316,558881.0666610713,502,S2_panic_selling_defi,indonesia,USDC
732,0.7671823911980408,544909.0399945445,502,S2_panic_selling_defi,indonesia,USDC
733,0.7908058646946984,531286.3139946809,502,S2_panic_selling_defi,indonesia,USDC
734,0.7825110320616658,518004.1561448138,502,S2_panic_selling_defi,indonesia,USDC
735,0.7783351511187633,505054.0522411935,502,S2_panic_selling_defi,indonesia,USDC
736,0.7846524408712722,492427.7009351636,502,S2_panic_selling_defi,indonesia,USDC
737,0.8153057556381665,480117.00841178454,502,S2_panic_selling_defi,indonesia,USDC
738,0.7930733004957369,468114.0832014899,502,S2_panic_selling_defi,indonesia,USDC
739,0.7760015316633097,456411.2311214527,502,S2_panic_selling_defi,indonesia,USDC
740,0.7657227332371306,445000.9503434163,502,S2_panic_selling_defi,indonesia,USDC
741,0.747304766144404,433875.9265848309,502,S2_panic_selling_defi,indonesia,USDC
742,0.7778910584378379,423029.0284202102,502,S2_panic_selling_defi,indonesia,USDC
743,0.776751690589684,412453.30270970496,502,S2_panic_selling_defi,indonesia,USDC
744,0.7842164017686651,402141.9701419623,502,S2_panic_selling_defi,indonesia,USDC
745,0.7770279223167991,392088.4208884132,502,S2_panic_selling_defi,indonesia,USDC
746,0.787001844098566,382286.2103662029,502,S2_panic_selling_defi,indonesia,USDC
747,0.7898065307380832,372729.0551070478,502,S2_panic_selling_defi,indonesia,USDC
748,0.7713159445283586,363410.82872937166,502,S2_panic_selling_defi,indonesia,USDC
749,0.7694193965361041,354325.5580111373,502,S2_panic_selling_defi,indonesia,USDC
750,0.7616349300754894,345467.4190608589,502,S2_panic_selling_defi,indonesia,USDC
751,0.7794701252943855,336830.7335843374,502,S2_panic_selling_defi,indonesia,USDC
752,0.8116015154805777,328409.96524472896,502,S2_panic_selling_defi,indonesia,USDC
753,0.8127744393536976,320199.7161136108,502,S2_panic_selling_defi,indonesia,USDC
754,0.8033290979321903,312194.72321077046,502,S2_panic_selling_defi,indonesia,USDC
755,0.7958328098295853,304389.8551305012,502,S2_panic_selling_defi,indonesia,USDC
756,0.797292526933998,296780.1087522387,502,S2_panic_selling_defi,indonesia,USDC
757,0.7676228368460534,289360.60603343276,502,S2_panic_selling_defi,indonesia,USDC
758,0.7771206522833075,282126.5908825969,502,S2_panic_selling_defi,indonesia,USDC
759,0.7750786422524494,275073.426110532,502,S2_panic_selling_defi,indonesia,USDC
760,0.762093312094878,268196.59045776865,502,S2_panic_selling_defi,indonesia,USDC
761,0.7611636812799826,261491.67569632447,502,S2_panic_selling_defi,indonesia,USDC
762,0.7651092715147064,254954.38380391637,502,S2_panic_selling_defi,indonesia,USDC
763,0.7424387958705035,248580.52420881845,502,S2_panic_selling_defi,indonesia,USDC
764,0.7326562953166563,242366.011103598,502,S2_panic_selling_defi,indonesia,USDC
765,0.7201526570847973,236306.86082600802,502,S2_panic_selling_defi,indonesia,USDC
766,0.7179686105745315,230399.18930535787,502,S2_panic_selling_defi,indonesia,USDC
767,0.750575339422446,224639.2095727239,502,S2_panic_selling_defi,indonesia,USDC
768,0.7460242703628109,219023.22933340582,502,S2_panic_selling_defi,indonesia,USDC
769,0.7429136135914344,213547.64860007068,502,S2_panic_selling_defi,indonesia,USDC
770,0.7382074612922814,208208.95738506888,502,S2_panic_selling_defi,indonesia,USDC
771,0.7529141875240692,203003.73345044215,502,S2_panic_selling_defi,indonesia,USDC
772,0.7782751050125526,197928.6401141811,502,S2_panic_selling_defi,indonesia,USDC
773,0.7998737863701897,192980.42411132657,502,S2_panic_selling_defi,indonesia,USDC
774,0.783782998547583,188155.91350854342,502,S2_panic_selling_defi,indonesia,USDC
775,0.7734327403212641,183452.01567082983,502,S2_panic_selling_defi,indonesia,USDC
776,0.7967391956772905,178865.71527905908,502,S2_panic_selling_defi,indonesia,USDC
777,0.8011954679753283,174394.0723970826,502,S2_panic_selling_defi,indonesia,USDC
778,0.8171833427307327,170034.22058715555,502,S2_panic_selling_defi,indonesia,USDC
779,0.8398334006366939,165783.36507247665,502,S2_panic_selling_defi,indonesia,USDC
780,0.8286052081479929,161638.78094566474,502,S2_panic_selling_defi,indonesia,USDC
781,0.8421380148552416,157597.8114220231,502,S2_panic_selling_defi,indonesia,USDC
782,0.8549099570499931,153657.86613647253,502,S2_panic_selling_defi,indonesia,USDC
783,0.8458045218309108,149816.41948306072,502,S2_panic_selling_defi,indonesia,USDC
784,0.8121355633286285,146071.00899598422,502,S2_panic_selling_defi,indonesia,USDC
785,0.8215093270558737,142419.2337710846,502,S2_panic_selling_defi,indonesia,USDC
786,0.8076004314890205,138858.7529268075,502,S2_panic_selling_defi,indonesia,USDC
787,0.7851418542537892,135387.2841036373,502,S2_panic_selling_defi,indonesia,USDC
788,0.7611446030650476,132002.60200104638,502,S2_panic_selling_defi,indonesia,USDC
789,0.7686615690352765,128702.53695102021,502,S2_panic_selling_defi,indonesia,USDC
790,0.7589814524312765,125484.9735272447,502,S2_panic_selling_defi,indonesia,USDC
791,0.7687376845373194,122347.84918906358,502,S2_panic_selling_defi,indonesia,USDC
792,0.7638044517091012,119289.15295933699,502,S2_panic_selling_defi,indonesia,USDC
793,0.7616328211756555,116306.92413535356,502,S2_panic_selling_defi,indonesia,USDC
794,0.7859081139038776,113399.25103196972,502,S2_panic_selling_defi,indonesia,USDC
795,0.7984790708310328,110564.26975617048,502,S2_panic_selling_defi,indonesia,USDC
796,0.7995560156552274,107800.16301226622,502,S2_panic_selling_defi,indonesia,USDC
797,0.8090374347203352,105105.15893695957,502,S2_panic_selling_defi,indonesia,USDC
798,0.8040717656700255,102477.52996353558,502,S2_panic_selling_defi,indonesia,USDC
799,0.8019294065665908,99915.59171444719,502,S2_panic_selling_defi,indonesia,USDC
800,0.8007065775338776,97417.70192158602,502,S2_panic_selling_defi,indonesia,USDC
801,0.80873801694297,94982.25937354637,502,S2_panic_selling_defi,indonesia,USDC
802,0.8045982857539611,92607.7028892077,502,S2_panic_selling_defi,indonesia,USDC
803,0.8015152282023474,90292.51031697751,502,S2_panic_selling_defi,indonesia,USDC
804,0.815110110876531,88035.19755905308,502,S2_panic_selling_defi,indonesia,USDC
805,0.8190506048756448,85834.31762007673,502,S2_panic_selling_defi,indonesia,USDC
806,0.837041308353164,83688.45967957482,502,S2_panic_selling_defi,indonesia,USDC
807,0.8386690071774366,81596.24818758546,502,S2_panic_selling_defi,indonesia,USDC
808,0.8457440566668533,79556.34198289583,502,S2_panic_selling_defi,indonesia,USDC
809,0.8315784913116208,77567.43343332343,502,S2_panic_selling_defi,indonesia,USDC
810,0.8460284016444115,75628.24759749034,502,S2_panic_selling_defi,indonesia,USDC
811,0.823222813272386,73737.54140755309,502,S2_panic_selling_defi,indonesia,USDC
812,0.835354383961923,71894.10287236425,502,S2_panic_selling_defi,indonesia,USDC
813,0.852125846612985,70096.75030055514,502,S2_panic_selling_defi,indonesia,USDC
814,0.835464675906293,68344.33154304128,502,S2_panic_selling_defi,indonesia,USDC
815,0.8164079458259864,66635.72325446524,502,S2_panic_selling_defi,indonesia,USDC
816,0.8453491609867148,64969.830173103604,502,S2_panic_selling_defi,indonesia,USDC
817,0.8441266124335423,63345.58441877601,502,S2_panic_selling_defi,indonesia,USDC
818,0.8501663551767498,61761.944808306616,502,S2_panic_selling_defi,indonesia,USDC
819,0.8380481199229028,60217.89618809895,502,S2_panic_selling_defi,indonesia,USDC
820,0.8227683462240114,58712.448783396474,502,S2_panic_selling_defi,indonesia,USDC
821,0.8264099991380588,57244.637563811564,502,S2_panic_selling_defi,indonesia,USDC
822,0.8219711399376887,55813.521624716275,502,S2_panic_selling_defi,indonesia,USDC
823,0.8041612074011343,54418.18358409837,502,S2_panic_selling_defi,indonesia,USDC
824,0.7889585910554338,53057.728994495905,502,S2_panic_selling_defi,indonesia,USDC
825,0.7872039512676153,51731.28576963351,502,S2_panic_selling_defi,indonesia,USDC
826,0.8151230125029979,50438.00362539267,502,S2_panic_selling_defi,indonesia,USDC
827,0.805174250199648,49177.053534757855,502,S2_panic_selling_defi,indonesia,USDC
828,0.774981581239831,47947.62719638891,502,S2_panic_selling_defi,indonesia,USDC
829,0.7914059478197093,46748.93651647918,502,S2_panic_selling_defi,indonesia,USDC
830,0.7958813611983112,45580.21310356721,502,S2_panic_selling_defi,indonesia,USDC
831,0.8034701964009135,44440.70777597802,502,S2_panic_selling_defi,indonesia,USDC
832,0.8059247324823638,43329.69008157858,502,S2_panic_selling_defi,indonesia,USDC
833,0.7972734990481526,42246.447829539116,502,S2_panic_selling_defi,indonesia,USDC
834,0.7871809388108449,41190.286633800635,502,S2_panic_selling_defi,indonesia,USDC
835,0.7843189300994311,40160.52946795562,502,S2_panic_selling_defi,indonesia,USDC
836,0.7833508540270935,39156.516231256726,502,S2_panic_selling_defi,indonesia,USDC
837,0.7971473569919996,38177.60332547531,502,S2_panic_selling_defi,indonesia,USDC
838,0.7886538069504976,37223.16324233843,502,S2_panic_selling_defi,indonesia,USDC
839,0.7859484321561401,36292.58416127997,502,S2_panic_selling_defi,indonesia,USDC
840,0.8007999476371341,35385.26955724797,502,S2_panic_selling_defi,indonesia,USDC
841,0.8260082064175818,34500.63781831677,502,S2_panic_selling_defi,indonesia,USDC
842,0.8274028081563926,33638.12187285886,502,S2_panic_selling_defi,indonesia,USDC
843,0.7938067927446714,32797.16882603738,502,S2_panic_selling_defi,indonesia,USDC
844,0.7794087515479667,31977.239605386447,502,S2_panic_selling_defi,indonesia,USDC
845,0.7683873083513693,31177.808615251786,502,S2_panic_selling_defi,indonesia,USDC
846,0.7437447675970376,30398.36339987049,502,S2_panic_selling_defi,indonesia,USDC
847,0.7383423280749332,29638.404314873726,502,S2_panic_selling_defi,indonesia,USDC
848,0.7409844168324433,28897.44420700188,502,S2_panic_selling_defi,indonesia,USDC
849,0.7587314340778318,28175.008101826832,502,S2_panic_selling_defi,indonesia,USDC
850,0.7567049917023416,27470.632899281165,502,S2_panic_selling_defi,indonesia,USDC
851,0.7339433954936355,26783.867076799135,502,S2_panic_selling_defi,indonesia,USDC
852,0.7226352431808991,26114.270399879155,502,S2_panic_selling_defi,indonesia,USDC
853,0.7189154354051733,25461.41363988218,502,S2_panic_selling_defi,indonesia,USDC
854,0.7021233285598701,24824.878298885124,502,S2_panic_selling_defi,indonesia,USDC
855,0.6944023413350123,24204.256341412998,502,S2_panic_selling_defi,indonesia,USDC
856,0.6873276857166559,23599.14993287767,502,S2_panic_selling_defi,indonesia,USDC
857,0.7055189477689308,23009.17118455573,502,S2_panic_selling_defi,indonesia,USDC
858,0.7347651263999944,22433.941904941836,502,S2_panic_selling_defi,indonesia,USDC
859,0.7535206223002483,21873.093357318292,502,S2_panic_selling_defi,indonesia,USDC
860,0.6631887071270766,21326.266023385335,502,S2_panic_selling_defi,indonesia,USDC
861,0.6922548380034316,20793.1093728007,502,S2_panic_selling_defi,indonesia,USDC
862,0.7199583564401792,20273.28163848068,502,S2_panic_selling_defi,indonesia,USDC
863,0.7103507830151482,19766.449597518666,502,S2_panic_selling_defi,indonesia,USDC
864,0.7255407835716956,19272.2883575807,502,S2_panic_selling_defi,indonesia,USDC
865,0.7108800746126485,18790.48114864118,502,S2_panic_selling_defi,indonesia,USDC
866,0.7346261103481124,18320.71911992515,502,S2_panic_selling_defi,indonesia,USDC
867,0.736221152425827,17862.70114192702,502,S2_panic_selling_defi,indonesia,USDC
868,0.7302120749886515,17416.13361337885,502,S2_panic_selling_defi,indonesia,USDC
869,0.7235181798889815,16980.730273044377,502,S2_panic_selling_defi,indonesia,USDC
870,0.75607170855955,16556.21201621827,502,S2_panic_selling_defi,indonesia,USDC
871,0.740475037592834,16142.30671581281,502,S2_panic_selling_defi,indonesia,USDC
872,0.7297394267469716,15738.749047917488,502,S2_panic_selling_defi,indonesia,USDC
873,0.7246355935018102,15345.280321719554,502,S2_panic_selling_defi,indonesia,USDC
874,0.7193742892881098,14961.648313676564,502,S2_panic_selling_defi,indonesia,USDC
875,0.7105486001377493,14587.60710583465,502,S2_panic_selling_defi,indonesia,USDC
876,0.7287106265018723,14222.916928188783,502,S2_panic_selling_defi,indonesia,USDC
877,0.7396452887075884,13867.344004984061,502,S2_panic_selling_defi,indonesia,USDC
878,0.7418195425752219,13520.66040485946,502,S2_panic_selling_defi,indonesia,USDC
879,0.7450952454784415,13182.643894737974,502,S2_panic_selling_defi,indonesia,USDC
880,0.7515958591676328,12853.077797369526,502,S2_panic_selling_defi,indonesia,USDC
881,0.7320115569153631,12531.750852435285,502,S2_panic_selling_defi,indonesia,USDC
882,0.7073128131615947,12218.457081124405,502,S2_panic_selling_defi,indonesia,USDC
883,0.7139313752227336,11912.995654096294,502,S2_panic_selling_defi,indonesia,USDC
884,0.7226607487271411,11615.170762743886,502,S2_panic_selling_defi,indonesia,USDC
885,0.7450452715587434,11324.79149367529,502,S2_panic_selling_defi,indonesia,USDC
886,0.7485303744648827,11041.671706333407,502,S2_panic_selling_defi,indonesia,USDC
887,0.7596399382006401,10765.629913675071,502,S2_panic_selling_defi,indonesia,USDC
888,0.7375797401526898,10496.489165833194,502,S2_panic_selling_defi,indonesia,USDC
889,0.7157431379673682,10234.076936687365,502,S2_panic_selling_defi,indonesia,USDC
890,0.7387185136358942,9978.225013270181,502,S2_panic_selling_defi,indonesia,USDC
891,0.7284804963904088,9728.769387938428,502,S2_panic_selling_defi,indonesia,USDC
892,0.7378110526614077,9485.550153239967,502,S2_panic_selling_defi,indonesia,USDC
893,0.749276025559648,9248.411399408968,502,S2_panic_selling_defi,indonesia,USDC
894,0.7192161292636902,9017.201114423742,502,S2_panic_selling_defi,indonesia,USDC
895,0.7329632383982269,8791.771086563149,502,S2_panic_selling_defi,indonesia,USDC
896,0.7446259839106134,8571.97680939907,502,S2_panic_selling_defi,indonesia,USDC
897,0.7445425011665296,8357.677389164093,502,S2_panic_selling_defi,indonesia,USDC
898,0.7468196700504072,8148.735454434991,502,S2_panic_selling_defi,indonesia,USDC
899,0.7751938039971645,7945.017068074117,502,S2_panic_selling_defi,indonesia,USDC
900,0.7966748551607769,7746.391641372264,502,S2_panic_selling_defi,indonesia,USDC
901,0.7598767260325773,7552.731850337957,502,S2_panic_selling_defi,indonesia,USDC
902,0.7665435021415208,7363.913554079507,502,S2_panic_selling_defi,indonesia,USDC
903,0.7773087241201534,7179.81571522752,502,S2_panic_selling_defi,indonesia,USDC
904,0.765280129777758,7000.320322346833,502,S2_panic_selling_defi,indonesia,USDC
905,0.7681582715488744,6825.312314288161,502,S2_panic_selling_defi,indonesia,USDC
906,0.7734272992938489,6654.679506430957,502,S2_panic_selling_defi,indonesia,USDC
907,0.778036518287476,6488.312518770183,502,S2_panic_selling_defi,indonesia,USDC
908,0.7828727670680113,6326.104705800928,502,S2_panic_selling_defi,indonesia,USDC
909,0.7755354715316316,6167.952088155904,502,S2_panic_selling_defi,indonesia,USDC
910,0.7887112560498506,6013.753285952007,502,S2_panic_selling_defi,indonesia,USDC
911,0.7839656200397301,5863.409453803207,502,S2_panic_selling_defi,indonesia,USDC
912,0.7806842473934621,5716.824217458126,502,S2_panic_selling_defi,indonesia,USDC
913,0.7634332863520007,5573.903612021673,502,S2_panic_selling_defi,indonesia,USDC
914,0.7476229317329581,5434.556021721131,502,S2_panic_selling_defi,indonesia,USDC
915,0.7698263571408558,5298.692121178103,502,S2_panic_selling_defi,indonesia,USDC
916,0.7957975761986388,5166.22481814865,502,S2_panic_selling_defi,indonesia,USDC
917,0.778080747606377,5037.069197694935,502,S2_panic_selling_defi,indonesia,USDC
918,0.793722058140841,4911.142467752561,502,S2_panic_selling_defi,indonesia,USDC
919,0.7974372209292124,4788.3639060587475,502,S2_panic_selling_defi,indonesia,USDC
920,0.8353046532750257,4668.654808407278,502,S2_panic_selling_defi,indonesia,USDC
921,0.8429117491962959,4551.938438197097,502,S2_panic_selling_defi,indonesia,USDC
922,0.8144548948600367,4438.139977242169,502,S2_panic_selling_defi,indonesia,USDC
923,0.8196664785369243,4327.186477811115,502,S2_panic_selling_defi,indonesia,USDC
924,0.8134025513916392,4219.006815865837,502,S2_panic_selling_defi,indonesia,USDC
925,0.802586644201277,4113.531645469191,502,S2_panic_selling_defi,indonesia,USDC
926,0.7996479194780126,4010.6933543324612,502,S2_panic_selling_defi,indonesia,USDC
927,0.7732084118530849,3910.4260204741504,502,S2_panic_selling_defi,indonesia,USDC
928,0.7494654062277091,3812.665369962296,502,S2_panic_selling_defi,indonesia,USDC
929,0.7793552558206422,3717.348735713239,502,S2_panic_selling_defi,indonesia,USDC
930,0.7658902478449499,3624.415017320408,502,S2_panic_selling_defi,indonesia,USDC
931,0.7974299249607714,3533.8046418873973,502,S2_panic_selling_defi,indonesia,USDC
932,0.7836633828330881,3445.459525840213,502,S2_panic_selling_defi,indonesia,USDC
933,0.8039430908761119,3359.3230376942074,502,S2_panic_selling_defi,indonesia,USDC
934,0.8020944664870591,3275.339961751852,502,S2_panic_selling_defi,indonesia,USDC
935,0.8206361304455295,3193.456462708056,502,S2_panic_selling_defi,indonesia,USDC
936,0.7921501094332046,3113.6200511403545,502,S2_panic_selling_defi,indonesia,USDC
937,0.7656485144376445,3035.7795498618457,502,S2_panic_selling_defi,indonesia,USDC
938,0.7783794110832457,2959.8850611152993,502,S2_panic_selling_defi,indonesia,USDC
939,0.7777393836270172,2885.887934587417,502,S2_panic_selling_defi,indonesia,USDC
940,0.8071695365825292,2813.7407362227314,502,S2_panic_selling_defi,indonesia,USDC
941,0.8110354932992772,2743.3972178171634,502,S2_panic_selling_defi,indonesia,USDC
942,0.8510594138929928,2674.8122873717343,502,S2_panic_selling_defi,indonesia,USDC
943,0.8529866631306161,2607.9419801874405,502,S2_panic_selling_defi,indonesia,USDC
944,0.8181558946799592,2542.7434306827545,502,S2_panic_selling_defi,indonesia,USDC
945,0.8104839163288837,2479.1748449156858,502,S2_panic_selling_defi,indonesia,USDC
946,0.8276812702729218,2417.1954737927936,502,S2_panic_selling_defi,indonesia,USDC
947,0.8243410891007591,2356.765586947974,502,S2_panic_selling_defi,indonesia,USDC
948,0.8436492317504884,2297.8464472742744,502,S2_panic_selling_defi,indonesia,USDC
949,0.8302980224496669,2240.4002860924174,502,S2_panic_selling_defi,indonesia,USDC
950,0.827775096878174,2184.3902789401072,502,S2_panic_selling_defi,indonesia,USDC
951,0.8407200183804174,2129.7805219666047,502,S2_panic_selling_defi,indonesia,USDC
952,0.8400847359067815,2076.5360089174396,502,S2_panic_selling_defi,indonesia,USDC
953,0.8333203744939689,2024.6226086945037,502,S2_panic_selling_defi,indonesia,USDC
954,0.8545009261139735,1974.007043477141,502,S2_panic_selling_defi,indonesia,USDC
955,0.8273036648308724,1924.6568673902125,502,S2_panic_selling_defi,indonesia,USDC
956,0.8461954400811992,1876.5404457054574,502,S2_panic_selling_defi,indonesia,USDC
957,0.8671792464964945,1829.6269345628207,502,S2_panic_selling_defi,indonesia,USDC
958,0.851247986429852,1783.8862611987504,502,S2_panic_selling_defi,indonesia,USDC
959,0.865095998511212,1739.2891046687814,502,S2_panic_selling_defi,indonesia,USDC
960,0.8356869542216449,1695.8068770520622,502,S2_panic_selling_defi,indonesia,USDC
961,0.8469339360339361,1653.4117051257606,502,S2_panic_selling_defi,indonesia,USDC
962,0.8536750226961777,1612.0764124976167,502,S2_panic_selling_defi,indonesia,USDC
963,0.8388537541620729,1571.7745021851763,502,S2_panic_selling_defi,indonesia,USDC
964,0.8315461178210759,1532.4801396305468,502,S2_panic_selling_defi,indonesia,USDC
965,0.8254877208703214,1494.1681361397832,502,S2_panic_selling_defi,indonesia,USDC
966,0.8635531771469728,1456.8139327362885,502,S2_panic_selling_defi,indonesia,USDC
967,0.8296250483183641,1420.3935844178814,502,S2_panic_selling_defi,indonesia,USDC
968,0.8311204814002237,1384.8837448074341,502,S2_panic_selling_defi,indonesia,USDC
969,0.8347824359555259,1350.2616511872484,502,S2_panic_selling_defi,indonesia,USDC
970,0.8213734538414262,1316.5051099075672,502,S2_panic_selling_defi,indonesia,USDC
971,0.8119063592202692,1283.592482159878,502,S2_panic_selling_defi,indonesia,USDC
972,0.8387974879838739,1251.502670105881,502,S2_panic_selling_defi,indonesia,USDC
973,0.8529544997041674,1220.215103353234,502,S2_panic_selling_defi,indonesia,USDC
974,0.8547665064258902,1189.7097257694031,502,S2_panic_selling_defi,indonesia,USDC
975,0.8663066279503344,1159.966982625168,502,S2_panic_selling_defi,indonesia,USDC
976,0.8733898052787848,1130.967808059539,502,S2_panic_selling_defi,indonesia,USDC
977,0.8687592760822359,1102.6936128580503,502,S2_panic_selling_defi,indonesia,USDC
978,0.8481625855140975,1075.1262725365991,502,S2_panic_selling_defi,indonesia,USDC
979,0.8293266236374123,1048.2481157231841,502,S2_panic_selling_defi,indonesia,USDC
980,0.8275173587616688,1022.0419128301045,502,S2_panic_selling_defi,indonesia,USDC
981,0.7814367958893214,996.4908650093519,502,S2_panic_selling_defi,indonesia,USDC
982,0.7877608952809761,971.5785933841182,502,S2_panic_selling_defi,indonesia,USDC
983,0.7913771391057293,947.2891285495151,502,S2_panic_selling_defi,indonesia,USDC
984,0.7978380468498285,923.6069003357773,502,S2_panic_selling_defi,indonesia,USDC
985,0.7994093469735674,900.5167278273829,502,S2_panic_selling_defi,indonesia,USDC
986,0.7843158542625905,878.0038096316982,502,S2_panic_selling_defi,indonesia,USDC
987,0.827043536115837,856.0537143909058,502,S2_panic_selling_defi,indonesia,USDC
988,0.7796341579268979,834.6523715311332,502,S2_panic_selling_defi,indonesia,USDC
989,0.7687511562119196,813.7860622428549,502,S2_panic_selling_defi,indonesia,USDC
990,0.7875974209312024,793.4414106867835,502,S2_panic_selling_defi,indonesia,USDC
991,0.7970419827182798,773.6053754196139,502,S2_panic_selling_defi,indonesia,USDC
992,0.8110250334525893,754.2652410341236,502,S2_panic_selling_defi,indonesia,USDC
993,0.796711333257003,735.4086100082704,502,S2_panic_selling_defi,indonesia,USDC
994,0.8033272420495258,717.0233947580637,502,S2_panic_selling_defi,indonesia,USDC
995,0.8413797205119714,699.0978098891121,502,S2_panic_selling_defi,indonesia,USDC
996,0.8323710114527637,681.6203646418843,502,S2_panic_selling_defi,indonesia,USDC
997,0.83600344967911,664.5798555258373,502,S2_panic_selling_defi,indonesia,USDC
998,0.8367603914393709,647.9653591376913,502,S2_panic_selling_defi,indonesia,USDC
999,0.8267067966777276,631.766225159249,502,S2_panic_selling_defi,indonesia,USDC
1000,0.8320755356129991,615.9720695302678,502,S2_panic_selling_defi,indonesia,USDC
