Step,price,liquidity,iteration,scenario,region,coin
1,0.9786434262506517,2989864257980.3438,173,S2_panic_selling_defi,indonesia,USDC
2,0.9935417919000238,2989864257980.3438,173,S2_panic_selling_defi,indonesia,USDC
3,0.9428756055146255,2989864257980.3438,173,S2_panic_selling_defi,indonesia,USDC
4,0.9545819349017368,2988201183165.394,173,S2_panic_selling_defi,indonesia,USDC
5,0.9537246704990424,2987285626193.8784,173,S2_panic_selling_defi,indonesia,USDC
6,0.9472206755349197,2986358190868.3125,173,S2_panic_selling_defi,indonesia,USDC
7,0.947949231052653,2985072850703.543,173,S2_panic_selling_defi,indonesia,USDC
8,0.9280276700155318,2983831437040.6484,173,S2_panic_selling_defi,indonesia,USDC
9,0.9613133149047169,2981496253279.9785,173,S2_panic_selling_defi,indonesia,USDC
10,0.9563507016921537,2981064095469.45,173,S2_panic_selling_defi,indonesia,USDC
11,0.9398364162806578,2980378110296.9497,173,S2_panic_selling_defi,indonesia,USDC
12,0.9730983679102465,2978839238848.003,173,S2_panic_selling_defi,indonesia,USDC
13,0.9869031384746899,2978839238848.003,173,S2_panic_selling_defi,indonesia,USDC
14,0.9807892417866887,2978839238848.003,173,S2_panic_selling_defi,indonesia,USDC
15,0.9941175591691541,2978839238848.003,173,S2_panic_selling_defi,indonesia,USDC
16,0.9852460860295583,2978839238848.003,173,S2_panic_selling_defi,indonesia,USDC
17,0.9772083564370495,2978839238848.003,173,S2_panic_selling_defi,indonesia,USDC
18,0.9917052433919079,2978839238848.003,173,S2_panic_selling_defi,indonesia,USDC
19,0.9807225096216188,2978839238848.003,173,S2_panic_selling_defi,indonesia,USDC
20,0.975593347747397,2978839238848.003,173,S2_panic_selling_defi,indonesia,USDC
21,0.9540382811565348,2978839238848.003,173,S2_panic_selling_defi,indonesia,USDC
22,0.9506434244940958,2978045521100.587,173,S2_panic_selling_defi,indonesia,USDC
23,0.9341343165192352,2977097206411.267,173,S2_panic_selling_defi,indonesia,USDC
24,0.9222443506133515,2975386071889.4907,173,S2_panic_selling_defi,indonesia,USDC
25,0.9097112779414751,2973165657977.0073,173,S2_panic_selling_defi,indonesia,USDC
26,0.9197289094290678,2970521901283.2,173,S2_panic_selling_defi,indonesia,USDC
27,0.9501966371901676,2968435566693.624,173,S2_panic_selling_defi,indonesia,USDC
28,0.9812141574996639,2967673531356.4424,173,S2_panic_selling_defi,indonesia,USDC
29,0.9844649742638378,2967673531356.4424,173,S2_panic_selling_defi,indonesia,USDC
30,0.9535600737156202,2967673531356.4424,173,S2_panic_selling_defi,indonesia,USDC
31,0.9426467807445322,2967044619789.247,173,S2_panic_selling_defi,indonesia,USDC
32,0.955844980212239,2966010953466.4365,173,S2_panic_selling_defi,indonesia,USDC
33,0.9812628757062166,2965506240535.879,173,S2_panic_selling_defi,indonesia,USDC
34,0.9677270873575823,2965506240535.879,173,S2_panic_selling_defi,indonesia,USDC
35,0.985985850146124,2965447901833.5195,173,S2_panic_selling_defi,indonesia,USDC
36,0.99114950103492,2965447901833.5195,173,S2_panic_selling_defi,indonesia,USDC
37,1.0214046931931784,2965447901833.5195,173,S2_panic_selling_defi,indonesia,USDC
38,1.0180559740251542,2965447901833.5195,173,S2_panic_selling_defi,indonesia,USDC
39,0.9994516840029662,2965447901833.5195,173,S2_panic_selling_defi,indonesia,USDC
40,0.9834961214511883,2965447901833.5195,173,S2_panic_selling_defi,indonesia,USDC
41,0.9567458625924554,2965447901833.5195,173,S2_panic_selling_defi,indonesia,USDC
42,0.9262078153584898,2964973107281.247,173,S2_panic_selling_defi,indonesia,USDC
43,0.9273553389792828,2963388062733.684,173,S2_panic_selling_defi,indonesia,USDC
44,0.9152864168617645,2961952458179.38,173,S2_panic_selling_defi,indonesia,USDC
45,0.9178125534863262,2960142498994.487,173,S2_panic_selling_defi,indonesia,USDC
46,0.9179764435366494,2958576819900.1724,173,S2_panic_selling_defi,indonesia,USDC
47,0.9130679027832327,2957057666540.6553,173,S2_panic_selling_defi,indonesia,USDC
48,0.9095482629582988,2955483336108.057,173,S2_panic_selling_defi,indonesia,USDC
49,0.9264088472888038,2953886719845.967,173,S2_panic_selling_defi,indonesia,USDC
50,0.9105282536616133,2952860351251.1025,173,S2_panic_selling_defi,indonesia,USDC
51,0.901132620160023,2951493190868.0747,173,S2_panic_selling_defi,indonesia,USDC
52,0.918496697241235,2950004042559.2344,173,S2_panic_selling_defi,indonesia,USDC
53,0.9415847043336286,2948990831174.4336,173,S2_panic_selling_defi,indonesia,USDC
54,0.9666831332184108,2948470300883.9966,173,S2_panic_selling_defi,indonesia,USDC
55,0.9713602001039707,2948421831434.3486,173,S2_panic_selling_defi,indonesia,USDC
56,0.98177006152955,2948421831434.3486,173,S2_panic_selling_defi,indonesia,USDC
57,0.9913439250992693,2948421831434.3486,173,S2_panic_selling_defi,indonesia,USDC
58,0.9878743531537154,2948421831434.3486,173,S2_panic_selling_defi,indonesia,USDC
59,0.9954107271109421,2948421831434.3486,173,S2_panic_selling_defi,indonesia,USDC
60,0.9968140449917153,2948421831434.3486,173,S2_panic_selling_defi,indonesia,USDC
61,0.9675497436216614,2948421831434.3486,173,S2_panic_selling_defi,indonesia,USDC
62,0.978391240636091,2948389891956.411,173,S2_panic_selling_defi,indonesia,USDC
63,0.990714391537827,2948389891956.411,173,S2_panic_selling_defi,indonesia,USDC
64,0.9646806453392711,2948389891956.411,173,S2_panic_selling_defi,indonesia,USDC
65,0.9425115437248331,2948304800163.6475,173,S2_panic_selling_defi,indonesia,USDC
66,0.9069863193645161,2947795855219.242,173,S2_panic_selling_defi,indonesia,USDC
67,0.9161621926943216,2946652985772.764,173,S2_panic_selling_defi,indonesia,USDC
68,0.9467607588915798,2945760147594.988,173,S2_panic_selling_defi,indonesia,USDC
69,0.927566435157745,2945391540665.6953,173,S2_panic_selling_defi,indonesia,USDC
70,0.975415718582641,2944745500118.212,173,S2_panic_selling_defi,indonesia,USDC
71,0.9778105541025245,2944745500118.212,173,S2_panic_selling_defi,indonesia,USDC
72,0.9685159210878157,2944745500118.212,173,S2_panic_selling_defi,indonesia,USDC
73,0.9598647444845791,2944737044377.681,173,S2_panic_selling_defi,indonesia,USDC
74,0.968079641295858,2944600173459.323,173,S2_panic_selling_defi,indonesia,USDC
75,0.9499783124684512,2944585904615.041,173,S2_panic_selling_defi,indonesia,USDC
76,0.9639628053091943,2944305839959.4136,173,S2_panic_selling_defi,indonesia,USDC
77,0.9453580703983538,2944224581632.1543,173,S2_panic_selling_defi,indonesia,USDC
78,0.9544060095749003,2943886267640.21,173,S2_panic_selling_defi,indonesia,USDC
79,0.9683778782435731,2943671736462.8496,173,S2_panic_selling_defi,indonesia,USDC
80,0.9464646970994653,2943671152624.7446,173,S2_panic_selling_defi,indonesia,USDC
81,0.9473218765197614,2943361514933.7593,173,S2_panic_selling_defi,indonesia,USDC
82,0.956198829446686,2943082605705.4995,173,S2_panic_selling_defi,indonesia,USDC
83,0.9632522504987204,2942914382432.4287,173,S2_panic_selling_defi,indonesia,USDC
84,0.9913718773196437,2942840123499.063,173,S2_panic_selling_defi,indonesia,USDC
85,0.9795736486102511,2942840123499.063,173,S2_panic_selling_defi,indonesia,USDC
86,0.9841962262966228,2942840123499.063,173,S2_panic_selling_defi,indonesia,USDC
87,1.0088108143498138,2942840123499.063,173,S2_panic_selling_defi,indonesia,USDC
88,1.027100616708185,2942840123499.063,173,S2_panic_selling_defi,indonesia,USDC
89,1.0139762487359183,2942840123499.063,173,S2_panic_selling_defi,indonesia,USDC
90,1.0054957841313337,2942840123499.063,173,S2_panic_selling_defi,indonesia,USDC
91,1.018905935268194,2942840123499.063,173,S2_panic_selling_defi,indonesia,USDC
92,1.0372751819823194,2942840123499.063,173,S2_panic_selling_defi,indonesia,USDC
93,1.0378412911910955,2942840123499.063,173,S2_panic_selling_defi,indonesia,USDC
94,1.0218750129939866,2942840123499.063,173,S2_panic_selling_defi,indonesia,USDC
95,1.0082138475756746,2942840123499.063,173,S2_panic_selling_defi,indonesia,USDC
96,1.0353828887640002,2942840123499.063,173,S2_panic_selling_defi,indonesia,USDC
97,1.0212857997700668,2942840123499.063,173,S2_panic_selling_defi,indonesia,USDC
98,1.0095442873438822,2942840123499.063,173,S2_panic_selling_defi,indonesia,USDC
99,0.9813079716058244,2942840123499.063,173,S2_panic_selling_defi,indonesia,USDC
100,0.9796914205642662,2942840123499.063,173,S2_panic_selling_defi,indonesia,USDC
101,0.9682993855956312,2942840123499.063,173,S2_panic_selling_defi,indonesia,USDC
102,0.9618804483639152,2942838577315.2056,173,S2_panic_selling_defi,indonesia,USDC
103,0.9424006091065595,2942755467115.215,173,S2_panic_selling_defi,indonesia,USDC
104,0.9300385486861181,2942401464780.581,173,S2_panic_selling_defi,indonesia,USDC
105,0.9797548965275156,2941915036954.1406,173,S2_panic_selling_defi,indonesia,USDC
106,0.9495417784950307,2941915036954.1406,173,S2_panic_selling_defi,indonesia,USDC
107,0.9542424378888253,2941671256162.38,173,S2_panic_selling_defi,indonesia,USDC
108,0.9503899146915131,2941498006825.1484,173,S2_panic_selling_defi,indonesia,USDC
109,0.9665228699690369,2941282683006.4136,173,S2_panic_selling_defi,indonesia,USDC
110,0.9491904457336318,2941254884452.5586,173,S2_panic_selling_defi,indonesia,USDC
111,0.9479433440750935,2941030352363.559,173,S2_panic_selling_defi,indonesia,USDC
112,0.9463891724505088,2940786474092.3823,173,S2_panic_selling_defi,indonesia,USDC
113,0.942302376620245,2940550798722.4263,173,S2_panic_selling_defi,indonesia,USDC
114,0.9361194696826928,2940277435443.5,173,S2_panic_selling_defi,indonesia,USDC
115,0.9364605702737554,2939925092861.3345,173,S2_panic_selling_defi,indonesia,USDC
116,0.933272597138506,2939610173604.7026,173,S2_panic_selling_defi,indonesia,USDC
117,0.9553597303511555,2939252314635.434,173,S2_panic_selling_defi,indonesia,USDC
118,0.9558862755283623,2939132222458.2373,173,S2_panic_selling_defi,indonesia,USDC
119,0.9733485987875768,2939004419546.5386,173,S2_panic_selling_defi,indonesia,USDC
120,0.9909709378864777,2939004419546.5386,173,S2_panic_selling_defi,indonesia,USDC
121,0.9870235759588359,2865529309057.875,173,S2_panic_selling_defi,indonesia,USDC
122,0.9218165705522539,2793891076331.4287,173,S2_panic_selling_defi,indonesia,USDC
123,0.9157730754088873,2723601124967.7646,173,S2_panic_selling_defi,indonesia,USDC
124,0.865693991182314,2655049845775.873,173,S2_panic_selling_defi,indonesia,USDC
125,0.8941324256767759,2587812512451.0483,173,S2_panic_selling_defi,indonesia,USDC
126,0.8744064791586864,2522558232003.3687,173,S2_panic_selling_defi,indonesia,USDC
127,0.8375465124797363,2458845060474.9507,173,S2_panic_selling_defi,indonesia,USDC
128,0.8296868709450466,2396612765156.8926,173,S2_panic_selling_defi,indonesia,USDC
129,0.7951405797295801,2335948536613.412,173,S2_panic_selling_defi,indonesia,USDC
130,0.7979764588960168,2276751529872.57,173,S2_panic_selling_defi,indonesia,USDC
131,0.8186778029756,2219188967480.103,173,S2_panic_selling_defi,indonesia,USDC
132,0.8262538902614878,2163271282884.7886,173,S2_panic_selling_defi,indonesia,USDC
133,0.8153716635313697,2108811855277.5889,173,S2_panic_selling_defi,indonesia,USDC
134,0.7920603468548907,2055745524618.3655,173,S2_panic_selling_defi,indonesia,USDC
135,0.7914902176387987,2004036720509.3105,173,S2_panic_selling_defi,indonesia,USDC
136,0.7698587852001322,1953658006391.7207,173,S2_panic_selling_defi,indonesia,USDC
137,0.75474072854424,1904562415380.668,173,S2_panic_selling_defi,indonesia,USDC
138,0.7604040765402204,1856739661510.4792,173,S2_panic_selling_defi,indonesia,USDC
139,0.7574712362556791,1810161334986.0503,173,S2_panic_selling_defi,indonesia,USDC
140,0.7788573069669592,1764778912039.07,173,S2_panic_selling_defi,indonesia,USDC
141,0.7767804073669077,1720568370347.498,173,S2_panic_selling_defi,indonesia,USDC
142,0.7802801526669372,1677479541188.62,173,S2_panic_selling_defi,indonesia,USDC
143,0.7802770671000839,1635484516530.3933,173,S2_panic_selling_defi,indonesia,USDC
144,0.7901060539352971,1594550060548.2524,173,S2_panic_selling_defi,indonesia,USDC
145,0.7901988271495847,1554647439597.4536,173,S2_panic_selling_defi,indonesia,USDC
146,0.7854594116890906,1515751455352.9668,173,S2_panic_selling_defi,indonesia,USDC
147,0.7722118074160901,1477832417824.1306,173,S2_panic_selling_defi,indonesia,USDC
148,0.7642224621774797,1440863022109.8003,173,S2_panic_selling_defi,indonesia,USDC
149,0.7450231124106017,1404822660489.7327,173,S2_panic_selling_defi,indonesia,USDC
150,0.7324653190160324,1369685741527.8235,173,S2_panic_selling_defi,indonesia,USDC
151,0.7543986253717506,1335429907995.2314,173,S2_panic_selling_defi,indonesia,USDC
152,0.7559910165970175,1302034909094.154,173,S2_panic_selling_defi,indonesia,USDC
153,0.7502017670023228,1269476534415.2124,173,S2_panic_selling_defi,indonesia,USDC
154,0.7324139704757704,1237733957307.2632,173,S2_panic_selling_defi,indonesia,USDC
155,0.7569515471981209,1206785600610.0994,173,S2_panic_selling_defi,indonesia,USDC
156,0.7649815159563957,1176612483889.6387,173,S2_panic_selling_defi,indonesia,USDC
157,0.788214357239224,1147194611516.6892,173,S2_panic_selling_defi,indonesia,USDC
158,0.7819850061494303,1118513017974.836,173,S2_panic_selling_defi,indonesia,USDC
159,0.7976313770508485,1090548720094.9225,173,S2_panic_selling_defi,indonesia,USDC
160,0.8128234289431695,1063283877098.022,173,S2_panic_selling_defi,indonesia,USDC
161,0.8081008214064083,1036700911985.2229,173,S2_panic_selling_defi,indonesia,USDC
162,0.8113900924091525,1010782621677.2014,173,S2_panic_selling_defi,indonesia,USDC
163,0.8037802139115181,985512429719.6018,173,S2_panic_selling_defi,indonesia,USDC
164,0.7858467212920225,960874080755.8926,173,S2_panic_selling_defi,indonesia,USDC
165,0.7843629048255,936851722544.8142,173,S2_panic_selling_defi,indonesia,USDC
166,0.7792291988261323,913430023787.9714,173,S2_panic_selling_defi,indonesia,USDC
167,0.7912781203544461,890593941360.1895,173,S2_panic_selling_defi,indonesia,USDC
168,0.786427294194432,868328841043.527,173,S2_panic_selling_defi,indonesia,USDC
169,0.8250927331491547,846620411334.1414,173,S2_panic_selling_defi,indonesia,USDC
170,0.8180129699524324,825454763199.4521,173,S2_panic_selling_defi,indonesia,USDC
171,0.7913740255353513,804818267581.2708,173,S2_panic_selling_defi,indonesia,USDC
172,0.7837224208567704,784697684962.5616,173,S2_panic_selling_defi,indonesia,USDC
173,0.7824033016780129,765080139407.3746,173,S2_panic_selling_defi,indonesia,USDC
174,0.7741603415667698,745953047010.669,173,S2_panic_selling_defi,indonesia,USDC
175,0.7562803045838892,727304144226.5183,173,S2_panic_selling_defi,indonesia,USDC
176,0.7578294941777834,709121473896.832,173,S2_panic_selling_defi,indonesia,USDC
177,0.7845662160985106,691393386412.0203,173,S2_panic_selling_defi,indonesia,USDC
178,0.7657871958496536,674108516985.5647,173,S2_panic_selling_defi,indonesia,USDC
179,0.762644749026371,657255772948.2197,173,S2_panic_selling_defi,indonesia,USDC
180,0.7831486256311487,640824354521.7014,173,S2_panic_selling_defi,indonesia,USDC
181,0.782817608193453,624803728331.0012,173,S2_panic_selling_defi,indonesia,USDC
182,0.7819476399636606,609183620913.8721,173,S2_panic_selling_defi,indonesia,USDC
183,0.7690246481906038,593954017991.6411,173,S2_panic_selling_defi,indonesia,USDC
184,0.7796796340172789,579105157473.2708,173,S2_panic_selling_defi,indonesia,USDC
185,0.7710839009997366,564627520557.1627,173,S2_panic_selling_defi,indonesia,USDC
186,0.7800686399129704,550511826066.7161,173,S2_panic_selling_defi,indonesia,USDC
187,0.7625312895410358,536749025323.8195,173,S2_panic_selling_defi,indonesia,USDC
188,0.748104675430935,523330295181.29285,173,S2_panic_selling_defi,indonesia,USDC
189,0.7738413538948945,510247033892.70264,173,S2_panic_selling_defi,indonesia,USDC
190,0.7664819420373751,497490855310.4364,173,S2_panic_selling_defi,indonesia,USDC
191,0.7641677272027116,485053581707.6919,173,S2_panic_selling_defi,indonesia,USDC
192,0.7631576427989147,472927240450.77515,173,S2_panic_selling_defi,indonesia,USDC
193,0.7590181395183649,461104058061.41675,173,S2_panic_selling_defi,indonesia,USDC
194,0.7702002033524592,449576455465.6067,173,S2_panic_selling_defi,indonesia,USDC
195,0.7745619371484822,438337043237.8356,173,S2_panic_selling_defi,indonesia,USDC
196,0.793393976143973,427378616480.09424,173,S2_panic_selling_defi,indonesia,USDC
197,0.7933570491936068,416694150574.9627,173,S2_panic_selling_defi,indonesia,USDC
198,0.7777509790168443,406276796387.7961,173,S2_panic_selling_defi,indonesia,USDC
199,0.7771376123917283,396119876115.86316,173,S2_panic_selling_defi,indonesia,USDC
200,0.7833646200482066,386216878907.4384,173,S2_panic_selling_defi,indonesia,USDC
201,0.7716957590311087,376561456697.875,173,S2_panic_selling_defi,indonesia,USDC
202,0.7864219602075998,367147420077.1671,173,S2_panic_selling_defi,indonesia,USDC
203,0.8033415658602042,357968734434.2476,173,S2_panic_selling_defi,indonesia,USDC
204,0.8118251669478729,349019515961.71405,173,S2_panic_selling_defi,indonesia,USDC
205,0.8274042383821995,340294027978.29364,173,S2_panic_selling_defi,indonesia,USDC
206,0.8180307112512742,331786677216.143,173,S2_panic_selling_defi,indonesia,USDC
207,0.8200425389598617,323492010224.4431,173,S2_panic_selling_defi,indonesia,USDC
208,0.8247729561922112,315404709919.8334,173,S2_panic_selling_defi,indonesia,USDC
209,0.8220667563378268,307519592132.3116,173,S2_panic_selling_defi,indonesia,USDC
210,0.8075510921698275,299831602292.1843,173,S2_panic_selling_defi,indonesia,USDC
211,0.8125455038830771,292335812201.3175,173,S2_panic_selling_defi,indonesia,USDC
212,0.8239750260130562,285027416869.6118,173,S2_panic_selling_defi,indonesia,USDC
213,0.8261842858839915,277901731427.4477,173,S2_panic_selling_defi,indonesia,USDC
214,0.7961584438954283,270954188123.38464,173,S2_panic_selling_defi,indonesia,USDC
215,0.7874815083006015,264180333401.37994,173,S2_panic_selling_defi,indonesia,USDC
216,0.7784525372583808,257575825050.99026,173,S2_panic_selling_defi,indonesia,USDC
217,0.7941928694846847,251136429411.16534,173,S2_panic_selling_defi,indonesia,USDC
218,0.7969928023303692,244858018666.03284,173,S2_panic_selling_defi,indonesia,USDC
219,0.7924093783113133,238736568191.1717,173,S2_panic_selling_defi,indonesia,USDC
220,0.7978849209465054,232768153979.12744,173,S2_panic_selling_defi,indonesia,USDC
221,0.8116106143054012,226948950124.11725,173,S2_panic_selling_defi,indonesia,USDC
222,0.8267455099760126,221275226366.71484,173,S2_panic_selling_defi,indonesia,USDC
223,0.831436908009545,215743345704.34286,173,S2_panic_selling_defi,indonesia,USDC
224,0.8315425837590301,210349762058.96582,173,S2_panic_selling_defi,indonesia,USDC
225,0.8049231637771631,205091018005.12045,173,S2_panic_selling_defi,indonesia,USDC
226,0.8094617085580176,199963742552.66678,173,S2_panic_selling_defi,indonesia,USDC
227,0.8291651114092311,194964648986.87808,173,S2_panic_selling_defi,indonesia,USDC
228,0.8163963982298591,190090532760.78995,173,S2_panic_selling_defi,indonesia,USDC
229,0.8365214330399903,185338269440.41992,173,S2_panic_selling_defi,indonesia,USDC
230,0.8539431091477743,180704812703.44095,173,S2_panic_selling_defi,indonesia,USDC
231,0.8624474792760995,176187192385.12787,173,S2_panic_selling_defi,indonesia,USDC
232,0.8726050929827912,171782512574.91843,173,S2_panic_selling_defi,indonesia,USDC
233,0.8781129994890183,167487949760.08563,173,S2_panic_selling_defi,indonesia,USDC
234,0.8712538161942519,163300751015.6908,173,S2_panic_selling_defi,indonesia,USDC
235,0.8719888605536753,159218232239.88647,173,S2_panic_selling_defi,indonesia,USDC
236,0.8391641495205782,155237776433.5377,173,S2_panic_selling_defi,indonesia,USDC
237,0.8044930308135416,151356832022.2657,173,S2_panic_selling_defi,indonesia,USDC
238,0.8121295437668892,147572911221.25143,173,S2_panic_selling_defi,indonesia,USDC
239,0.8019717126899351,143883588440.3539,173,S2_panic_selling_defi,indonesia,USDC
240,0.7939558996623188,140286498729.00104,173,S2_panic_selling_defi,indonesia,USDC
241,0.8048327784351506,136779336260.48294,173,S2_panic_selling_defi,indonesia,USDC
242,0.8277556508528012,133359852853.73431,173,S2_panic_selling_defi,indonesia,USDC
243,0.8174994177243319,130025856532.22862,173,S2_panic_selling_defi,indonesia,USDC
244,0.8100266245711447,126775210118.7672,173,S2_panic_selling_defi,indonesia,USDC
245,0.8125851235636545,123605829865.66037,173,S2_panic_selling_defi,indonesia,USDC
246,0.7938894672379412,120515684118.91248,173,S2_panic_selling_defi,indonesia,USDC
247,0.8143474967721845,117502792015.83241,173,S2_panic_selling_defi,indonesia,USDC
248,0.8437635474491676,114565222215.36368,173,S2_panic_selling_defi,indonesia,USDC
249,0.8283817287756962,111701091659.92833,173,S2_panic_selling_defi,indonesia,USDC
250,0.8199310270306173,108908564368.38084,173,S2_panic_selling_defi,indonesia,USDC
251,0.7977508065281873,106185850259.12625,173,S2_panic_selling_defi,indonesia,USDC
252,0.7979759414629362,103531204002.60107,173,S2_panic_selling_defi,indonesia,USDC
253,0.7900737986580146,100942923902.49896,173,S2_panic_selling_defi,indonesia,USDC
254,0.7761636460664232,98419350804.90425,173,S2_panic_selling_defi,indonesia,USDC
255,0.8287344067388114,95958867034.75314,173,S2_panic_selling_defi,indonesia,USDC
256,0.8502246185538977,93559895358.8672,173,S2_panic_selling_defi,indonesia,USDC
257,0.8389257931629247,91220897974.88309,173,S2_panic_selling_defi,indonesia,USDC
258,0.8287557713829174,88940375525.49878,173,S2_panic_selling_defi,indonesia,USDC
259,0.8253090013673104,86716866137.35062,173,S2_panic_selling_defi,indonesia,USDC
260,0.8220434120243655,84548944483.90677,173,S2_panic_selling_defi,indonesia,USDC
261,0.8113516063028698,82435220871.80087,173,S2_panic_selling_defi,indonesia,USDC
262,0.8215098184900684,80374340349.99779,173,S2_panic_selling_defi,indonesia,USDC
263,0.8020446260339602,78364981841.24191,173,S2_panic_selling_defi,indonesia,USDC
264,0.8006194712172033,76405857295.20477,173,S2_panic_selling_defi,indonesia,USDC
265,0.7969333442153702,74495710862.81985,173,S2_panic_selling_defi,indonesia,USDC
266,0.808319332170875,72633318091.24509,173,S2_panic_selling_defi,indonesia,USDC
267,0.8120721030211664,70817485138.96075,173,S2_panic_selling_defi,indonesia,USDC
268,0.808034363352771,69047048010.48404,173,S2_panic_selling_defi,indonesia,USDC
269,0.8351167089986615,67320871810.21965,173,S2_panic_selling_defi,indonesia,USDC
270,0.835039690369854,65637850014.962585,173,S2_panic_selling_defi,indonesia,USDC
271,0.8506024620707678,63996903764.58717,173,S2_panic_selling_defi,indonesia,USDC
272,0.8375748441324151,62396981170.471405,173,S2_panic_selling_defi,indonesia,USDC
273,0.8074977515784485,60837056641.20854,173,S2_panic_selling_defi,indonesia,USDC
274,0.8014932453152673,59316130225.177216,173,S2_panic_selling_defi,indonesia,USDC
275,0.8224021107505267,57833226969.5468,173,S2_panic_selling_defi,indonesia,USDC
276,0.8058450237529804,56387396295.30742,173,S2_panic_selling_defi,indonesia,USDC
277,0.7793451643594146,54977711387.92407,173,S2_panic_selling_defi,indonesia,USDC
278,0.7854425504375081,53603268603.225334,173,S2_panic_selling_defi,indonesia,USDC
279,0.7754305706937719,52263186888.14419,173,S2_panic_selling_defi,indonesia,USDC
280,0.7926590414080465,50956607215.94016,173,S2_panic_selling_defi,indonesia,USDC
281,0.799517939221488,49682692035.54134,173,S2_panic_selling_defi,indonesia,USDC
282,0.8106575626740996,48440624734.65256,173,S2_panic_selling_defi,indonesia,USDC
283,0.8142703991471211,47229609116.28605,173,S2_panic_selling_defi,indonesia,USDC
284,0.8481502011178909,46048868888.378746,173,S2_panic_selling_defi,indonesia,USDC
285,0.8392434676183376,44897647166.169174,173,S2_panic_selling_defi,indonesia,USDC
286,0.8206420857427827,43775205987.01485,173,S2_panic_selling_defi,indonesia,USDC
287,0.839081362791528,42680825837.33938,173,S2_panic_selling_defi,indonesia,USDC
288,0.8292045643247403,41613805191.40582,173,S2_panic_selling_defi,indonesia,USDC
289,0.8304783858034597,40573460061.620605,173,S2_panic_selling_defi,indonesia,USDC
290,0.8555942819916524,39559123560.08003,173,S2_panic_selling_defi,indonesia,USDC
291,0.8581733026042883,38570145471.07799,173,S2_panic_selling_defi,indonesia,USDC
292,0.8208112603411537,37605891834.301,173,S2_panic_selling_defi,indonesia,USDC
293,0.8136105512645367,36665744538.443436,173,S2_panic_selling_defi,indonesia,USDC
294,0.8235863244865989,35749100924.982315,173,S2_panic_selling_defi,indonesia,USDC
295,0.8246797460969446,34855373401.85773,173,S2_panic_selling_defi,indonesia,USDC
296,0.8350813812262539,33983989066.811264,173,S2_panic_selling_defi,indonesia,USDC
297,0.812263802479482,33134389340.14096,173,S2_panic_selling_defi,indonesia,USDC
298,0.8062825987503072,32306029606.637413,173,S2_panic_selling_defi,indonesia,USDC
299,0.8150200025848462,31498378866.471462,173,S2_panic_selling_defi,indonesia,USDC
300,0.7811628682366212,30710919394.809654,173,S2_panic_selling_defi,indonesia,USDC
301,0.7793491208618247,29943146409.9394,173,S2_panic_selling_defi,indonesia,USDC
302,0.7993495693277656,29194567749.690907,173,S2_panic_selling_defi,indonesia,USDC
303,0.8094116501365497,28464703555.948624,173,S2_panic_selling_defi,indonesia,USDC
304,0.8124283556885706,27753085967.049904,173,S2_panic_selling_defi,indonesia,USDC
305,0.8123784354899389,27059258817.87365,173,S2_panic_selling_defi,indonesia,USDC
306,0.8211577976215536,26382777347.4268,173,S2_panic_selling_defi,indonesia,USDC
307,0.8094397357924052,25723207913.741127,173,S2_panic_selling_defi,indonesia,USDC
308,0.8053463972065508,25080127715.89759,173,S2_panic_selling_defi,indonesia,USDC
309,0.7863313711465115,24453124523.00015,173,S2_panic_selling_defi,indonesia,USDC
310,0.7911019285670637,23841796409.92514,173,S2_panic_selling_defi,indonesia,USDC
311,0.7834130829029755,23245751499.67701,173,S2_panic_selling_defi,indonesia,USDC
312,0.7855803341058445,22664607712.185085,173,S2_panic_selling_defi,indonesia,USDC
313,0.7709848741364435,22097992519.38045,173,S2_panic_selling_defi,indonesia,USDC
314,0.7583567035893694,21545542706.395943,173,S2_panic_selling_defi,indonesia,USDC
315,0.7540472773904189,21006904138.736046,173,S2_panic_selling_defi,indonesia,USDC
316,0.7563169146871701,20481731535.26764,173,S2_panic_selling_defi,indonesia,USDC
317,0.7846409036115305,19969688246.88595,173,S2_panic_selling_defi,indonesia,USDC
318,0.8106134877386738,19470446040.713802,173,S2_panic_selling_defi,indonesia,USDC
319,0.8111587721302315,18983684889.695957,173,S2_panic_selling_defi,indonesia,USDC
320,0.8062502526009883,18509092767.45356,173,S2_panic_selling_defi,indonesia,USDC
321,0.7843974073805695,18046365448.26722,173,S2_panic_selling_defi,indonesia,USDC
322,0.7918736231084909,17595206312.06054,173,S2_panic_selling_defi,indonesia,USDC
323,0.7953533912329874,17155326154.259024,173,S2_panic_selling_defi,indonesia,USDC
324,0.7904076968260882,16726443000.40255,173,S2_panic_selling_defi,indonesia,USDC
325,0.8104622756101616,16308281925.392485,173,S2_panic_selling_defi,indonesia,USDC
326,0.8229896931337596,15900574877.257673,173,S2_panic_selling_defi,indonesia,USDC
327,0.8164244861224415,15503060505.326233,173,S2_panic_selling_defi,indonesia,USDC
328,0.7982770845920273,15115483992.693073,173,S2_panic_selling_defi,indonesia,USDC
329,0.8084155467148814,14737596892.875748,173,S2_panic_selling_defi,indonesia,USDC
330,0.8075935819327397,14369156970.553856,173,S2_panic_selling_defi,indonesia,USDC
331,0.7759033057491812,14009928046.290007,173,S2_panic_selling_defi,indonesia,USDC
332,0.7809304253674739,13659679845.132755,173,S2_panic_selling_defi,indonesia,USDC
333,0.7570957098311795,13318187849.004438,173,S2_panic_selling_defi,indonesia,USDC
334,0.7755426080614986,12985233152.779327,173,S2_panic_selling_defi,indonesia,USDC
335,0.7784683475811381,12660602323.959845,173,S2_panic_selling_defi,indonesia,USDC
336,0.7865489341206235,12344087265.86085,173,S2_panic_selling_defi,indonesia,USDC
337,0.814915803459807,12035485084.214327,173,S2_panic_selling_defi,indonesia,USDC
338,0.8170648096485964,11734597957.10897,173,S2_panic_selling_defi,indonesia,USDC
339,0.809881124530312,11441233008.181246,173,S2_panic_selling_defi,indonesia,USDC
340,0.8160428988860173,11155202182.976715,173,S2_panic_selling_defi,indonesia,USDC
341,0.8041385922065942,10876322128.402296,173,S2_panic_selling_defi,indonesia,USDC
342,0.8200774382085478,10604414075.192238,173,S2_panic_selling_defi,indonesia,USDC
343,0.8061390959048735,10339303723.312433,173,S2_panic_selling_defi,indonesia,USDC
344,0.7698852386025697,10080821130.229622,173,S2_panic_selling_defi,indonesia,USDC
345,0.7801883418658138,9828800601.97388,173,S2_panic_selling_defi,indonesia,USDC
346,0.7916422941149167,9583080586.924534,173,S2_panic_selling_defi,indonesia,USDC
347,0.7296429613836619,9343503572.251423,173,S2_panic_selling_defi,indonesia,USDC
348,0.7548087200760729,9109915982.945137,173,S2_panic_selling_defi,indonesia,USDC
349,0.7884918969916065,8882168083.371508,173,S2_panic_selling_defi,indonesia,USDC
350,0.7839013722799972,8660113881.28722,173,S2_panic_selling_defi,indonesia,USDC
351,0.7939923370210118,8443611034.25504,173,S2_panic_selling_defi,indonesia,USDC
352,0.7897269972837242,8232520758.398664,173,S2_panic_selling_defi,indonesia,USDC
353,0.7795614249279189,8026707739.438698,173,S2_panic_selling_defi,indonesia,USDC
354,0.775539319552525,7826040045.95273,173,S2_panic_selling_defi,indonesia,USDC
355,0.782361706615817,7630389044.803912,173,S2_panic_selling_defi,indonesia,USDC
356,0.7885777092670697,7439629318.683815,173,S2_panic_selling_defi,indonesia,USDC
357,0.7897632539281836,7253638585.716719,173,S2_panic_selling_defi,indonesia,USDC
358,0.7915916310333029,7072297621.073801,173,S2_panic_selling_defi,indonesia,USDC
359,0.7752272181982721,6895490180.546957,173,S2_panic_selling_defi,indonesia,USDC
360,0.7463476076794646,6723102926.033281,173,S2_panic_selling_defi,indonesia,USDC
361,0.7200730733431716,6555025352.88245,173,S2_panic_selling_defi,indonesia,USDC
362,0.7132927980192773,6391149719.060389,173,S2_panic_selling_defi,indonesia,USDC
363,0.6944314931389188,6231370976.0838785,173,S2_panic_selling_defi,indonesia,USDC
364,0.7220350189754081,6075586701.681782,173,S2_panic_selling_defi,indonesia,USDC
365,0.7277710652909261,5923697034.139737,173,S2_panic_selling_defi,indonesia,USDC
366,0.7402786575720509,5775604608.286244,173,S2_panic_selling_defi,indonesia,USDC
367,0.7462541285841495,5631214493.079088,173,S2_panic_selling_defi,indonesia,USDC
368,0.7595332144202066,5490434130.752111,173,S2_panic_selling_defi,indonesia,USDC
369,0.7553791103657481,5353173277.483308,173,S2_panic_selling_defi,indonesia,USDC
370,0.7748530602337071,5219343945.546225,173,S2_panic_selling_defi,indonesia,USDC
371,0.7748788157423784,5088860346.907569,173,S2_panic_selling_defi,indonesia,USDC
372,0.8023280781808229,4961638838.23488,173,S2_panic_selling_defi,indonesia,USDC
373,0.7927776944972175,4837597867.279008,173,S2_panic_selling_defi,indonesia,USDC
374,0.7292184284592975,4716657920.597033,173,S2_panic_selling_defi,indonesia,USDC
375,0.7272217735104727,4598741472.582108,173,S2_panic_selling_defi,indonesia,USDC
376,0.7310297057599003,4483772935.767555,173,S2_panic_selling_defi,indonesia,USDC
377,0.7441222924728778,4371678612.373366,173,S2_panic_selling_defi,indonesia,USDC
378,0.7512414292370411,4262386647.064032,173,S2_panic_selling_defi,indonesia,USDC
379,0.7637477746165359,4155826980.887431,173,S2_panic_selling_defi,indonesia,USDC
380,0.7390509315358224,4051931306.365246,173,S2_panic_selling_defi,indonesia,USDC
381,0.7460499214368739,3950633023.706114,173,S2_panic_selling_defi,indonesia,USDC
382,0.7243867078301734,3851867198.1134615,173,S2_panic_selling_defi,indonesia,USDC
383,0.7420488120055255,3755570518.1606255,173,S2_panic_selling_defi,indonesia,USDC
384,0.7596591970192252,3661681255.2066097,173,S2_panic_selling_defi,indonesia,USDC
385,0.7729351440779145,3570139223.8264437,173,S2_panic_selling_defi,indonesia,USDC
386,0.7767704373096199,3480885743.230783,173,S2_panic_selling_defi,indonesia,USDC
387,0.7767411649244558,3393863599.6500134,173,S2_panic_selling_defi,indonesia,USDC
388,0.7661355135141482,3309017009.658763,173,S2_panic_selling_defi,indonesia,USDC
389,0.7687193632722137,3226291584.4172935,173,S2_panic_selling_defi,indonesia,USDC
390,0.761679485306324,3145634294.806862,173,S2_panic_selling_defi,indonesia,USDC
391,0.7643384613834028,3066993437.4366903,173,S2_panic_selling_defi,indonesia,USDC
392,0.753760861201315,2990318601.500773,173,S2_panic_selling_defi,indonesia,USDC
393,0.7321250661430503,2915560636.463254,173,S2_panic_selling_defi,indonesia,USDC
394,0.7467854278407148,2842671620.5516725,173,S2_panic_selling_defi,indonesia,USDC
395,0.7357298728344697,2771604830.0378804,173,S2_panic_selling_defi,indonesia,USDC
396,0.737560924433276,2702314709.2869334,173,S2_panic_selling_defi,indonesia,USDC
397,0.7392170706944472,2634756841.55476,173,S2_panic_selling_defi,indonesia,USDC
398,0.7393504802136373,2568887920.515891,173,S2_panic_selling_defi,indonesia,USDC
399,0.7708063820027274,2504665722.5029936,173,S2_panic_selling_defi,indonesia,USDC
400,0.7452991450141506,2442049079.440419,173,S2_panic_selling_defi,indonesia,USDC
401,0.7570149450644108,2380997852.4544086,173,S2_panic_selling_defi,indonesia,USDC
402,0.7580801930626246,2321472906.1430483,173,S2_panic_selling_defi,indonesia,USDC
403,0.7473090840778905,2263436083.4894724,173,S2_panic_selling_defi,indonesia,USDC
404,0.739873571999668,2206850181.4022355,173,S2_panic_selling_defi,indonesia,USDC
405,0.7437275694229448,2151678926.86718,173,S2_panic_selling_defi,indonesia,USDC
406,0.7229733567557134,2097886953.6955,173,S2_panic_selling_defi,indonesia,USDC
407,0.7305835634599371,2045439779.8531122,173,S2_panic_selling_defi,indonesia,USDC
408,0.7424096731534342,1994303785.3567848,173,S2_panic_selling_defi,indonesia,USDC
409,0.7323249996236446,1944446190.722865,173,S2_panic_selling_defi,indonesia,USDC
410,0.747106266399341,1895835035.9547935,173,S2_panic_selling_defi,indonesia,USDC
411,0.7583048784251832,1848439160.055924,173,S2_panic_selling_defi,indonesia,USDC
412,0.747904470462187,1802228181.0545256,173,S2_panic_selling_defi,indonesia,USDC
413,0.7938853678253851,1757172476.5281625,173,S2_panic_selling_defi,indonesia,USDC
414,0.765388834558587,1713243164.6149583,173,S2_panic_selling_defi,indonesia,USDC
415,0.7566444452540817,1670412085.4995844,173,S2_panic_selling_defi,indonesia,USDC
416,0.7364779838447413,1628651783.3620949,173,S2_panic_selling_defi,indonesia,USDC
417,0.7465471925608148,1587935488.7780426,173,S2_panic_selling_defi,indonesia,USDC
418,0.7577987615073958,1548237101.5585914,173,S2_panic_selling_defi,indonesia,USDC
419,0.7682129507636114,1509531174.0196266,173,S2_panic_selling_defi,indonesia,USDC
420,0.7381481122795567,1471792894.669136,173,S2_panic_selling_defi,indonesia,USDC
421,0.7764885608200618,1434998072.3024075,173,S2_panic_selling_defi,indonesia,USDC
422,0.7787623731386067,1399123120.4948473,173,S2_panic_selling_defi,indonesia,USDC
423,0.758897158260685,1364145042.4824762,173,S2_panic_selling_defi,indonesia,USDC
424,0.7745334381193695,1330041416.4204142,173,S2_panic_selling_defi,indonesia,USDC
425,0.7584006517015776,1296790381.009904,173,S2_panic_selling_defi,indonesia,USDC
426,0.7523069050110542,1264370621.4846563,173,S2_panic_selling_defi,indonesia,USDC
427,0.7620449332445384,1232761355.9475398,173,S2_panic_selling_defi,indonesia,USDC
428,0.7673132796726118,1201942322.0488513,173,S2_panic_selling_defi,indonesia,USDC
429,0.7466510373419656,1171893763.9976301,173,S2_panic_selling_defi,indonesia,USDC
430,0.7442227204949852,1142596419.8976893,173,S2_panic_selling_defi,indonesia,USDC
431,0.7516714521446872,1114031509.400247,173,S2_panic_selling_defi,indonesia,USDC
432,0.7561506591334632,1086180721.665241,173,S2_panic_selling_defi,indonesia,USDC
433,0.7795093414105182,1059026203.6236099,173,S2_panic_selling_defi,indonesia,USDC
434,0.7742827628532746,1032550548.5330197,173,S2_panic_selling_defi,indonesia,USDC
435,0.760491077375908,1006736784.8196943,173,S2_panic_selling_defi,indonesia,USDC
436,0.7623256070980607,981568365.1992018,173,S2_panic_selling_defi,indonesia,USDC
437,0.7659707358400705,957029156.0692217,173,S2_panic_selling_defi,indonesia,USDC
438,0.7296646541573001,933103427.1674912,173,S2_panic_selling_defi,indonesia,USDC
439,0.7324226302862427,909775841.488304,173,S2_panic_selling_defi,indonesia,USDC
440,0.7455892117143595,887031445.4510964,173,S2_panic_selling_defi,indonesia,USDC
441,0.7365622189222563,864855659.3148191,173,S2_panic_selling_defi,indonesia,USDC
442,0.7524858314810705,843234267.8319485,173,S2_panic_selling_defi,indonesia,USDC
443,0.7749709722816267,822153411.1361498,173,S2_panic_selling_defi,indonesia,USDC
444,0.7623137151842039,801599575.857746,173,S2_panic_selling_defi,indonesia,USDC
445,0.7796793493353084,781559586.4613023,173,S2_panic_selling_defi,indonesia,USDC
446,0.8094365210960319,762020596.7997699,173,S2_panic_selling_defi,indonesia,USDC
447,0.7952490738703356,742970081.8797755,173,S2_panic_selling_defi,indonesia,USDC
448,0.7983649420079678,724395829.8327811,173,S2_panic_selling_defi,indonesia,USDC
449,0.8026539819592925,706285934.0869616,173,S2_panic_selling_defi,indonesia,USDC
450,0.8235209643803042,688628785.7347876,173,S2_panic_selling_defi,indonesia,USDC
451,0.8347994082661027,671413066.0914179,173,S2_panic_selling_defi,indonesia,USDC
452,0.8564046123802367,654627739.4391325,173,S2_panic_selling_defi,indonesia,USDC
453,0.8657592035309276,638262045.9531541,173,S2_panic_selling_defi,indonesia,USDC
454,0.8738477620410127,622305494.8043253,173,S2_panic_selling_defi,indonesia,USDC
455,0.8821306593667717,606747857.4342171,173,S2_panic_selling_defi,indonesia,USDC
456,0.8553623592589478,591579160.9983617,173,S2_panic_selling_defi,indonesia,USDC
457,0.8162018439536782,576789681.9734027,173,S2_panic_selling_defi,indonesia,USDC
458,0.801748345841524,562369939.9240676,173,S2_panic_selling_defi,indonesia,USDC
459,0.8073203777343378,548310691.4259659,173,S2_panic_selling_defi,indonesia,USDC
460,0.7960410093172301,534602924.1403168,173,S2_panic_selling_defi,indonesia,USDC
461,0.78676819477543,521237851.03680885,173,S2_panic_selling_defi,indonesia,USDC
462,0.7788191240978353,508206904.7608886,173,S2_panic_selling_defi,indonesia,USDC
463,0.7784024505611071,495501732.1418664,173,S2_panic_selling_defi,indonesia,USDC
464,0.8188812070474383,483114188.8383198,173,S2_panic_selling_defi,indonesia,USDC
465,0.828719430271459,471036334.1173617,173,S2_panic_selling_defi,indonesia,USDC
466,0.8260974985915013,459260425.7644277,173,S2_panic_selling_defi,indonesia,USDC
467,0.8210617688957967,447778915.120317,173,S2_panic_selling_defi,indonesia,USDC
468,0.8103934377469293,436584442.2423091,173,S2_panic_selling_defi,indonesia,USDC
469,0.8398291770781066,425669831.1862513,173,S2_panic_selling_defi,indonesia,USDC
470,0.8601341062899406,415028085.40659505,173,S2_panic_selling_defi,indonesia,USDC
471,0.8482940526642347,404652383.27143013,173,S2_panic_selling_defi,indonesia,USDC
472,0.8724667835214049,394536073.6896444,173,S2_panic_selling_defi,indonesia,USDC
473,0.876038019531053,384672671.8474033,173,S2_panic_selling_defi,indonesia,USDC
474,0.8731797349852357,375055855.0512182,173,S2_panic_selling_defi,indonesia,USDC
475,0.8636013155593223,365679458.6749378,173,S2_panic_selling_defi,indonesia,USDC
476,0.8516261635225336,356537472.2080643,173,S2_panic_selling_defi,indonesia,USDC
477,0.8355085047113299,347624035.4028627,173,S2_panic_selling_defi,indonesia,USDC
478,0.8103329002313678,338933434.51779115,173,S2_panic_selling_defi,indonesia,USDC
479,0.8145618758777861,330460098.6548464,173,S2_panic_selling_defi,indonesia,USDC
480,0.8342222062487956,322198596.18847525,173,S2_panic_selling_defi,indonesia,USDC
481,0.8308586166299221,314143631.2837633,173,S2_panic_selling_defi,indonesia,USDC
482,0.8482255519023596,306290040.5016693,173,S2_panic_selling_defi,indonesia,USDC
483,0.8572893005287946,298632789.4891275,173,S2_panic_selling_defi,indonesia,USDC
484,0.8658977948830753,291166969.7518993,173,S2_panic_selling_defi,indonesia,USDC
485,0.8802046024953146,283887795.5081018,173,S2_panic_selling_defi,indonesia,USDC
486,0.8849417777508066,276790600.6203993,173,S2_panic_selling_defi,indonesia,USDC
487,0.8617069293234535,269870835.60488933,173,S2_panic_selling_defi,indonesia,USDC
488,0.8616833061107084,263124064.7147671,173,S2_panic_selling_defi,indonesia,USDC
489,0.8488499511393157,256545963.0968979,173,S2_panic_selling_defi,indonesia,USDC
490,0.8352722111792221,250132314.01947546,173,S2_panic_selling_defi,indonesia,USDC
491,0.8185211729242915,243879006.1689886,173,S2_panic_selling_defi,indonesia,USDC
492,0.7998557305610944,237782031.0147639,173,S2_panic_selling_defi,indonesia,USDC
493,0.7756640656741993,231837480.23939475,173,S2_panic_selling_defi,indonesia,USDC
494,0.7753681013648013,226041543.23340988,173,S2_panic_selling_defi,indonesia,USDC
495,0.7612334090192211,220390504.65257466,173,S2_panic_selling_defi,indonesia,USDC
496,0.7627169236054319,214880742.0362603,173,S2_panic_selling_defi,indonesia,USDC
497,0.7660940520877201,209508723.48535377,173,S2_panic_selling_defi,indonesia,USDC
498,0.7821939885105007,204271005.39821994,173,S2_panic_selling_defi,indonesia,USDC
499,0.8030074830852378,199164230.26326445,173,S2_panic_selling_defi,indonesia,USDC
500,0.8175969201308225,194185124.5066828,173,S2_panic_selling_defi,indonesia,USDC
501,0.8225011886916807,189330496.39401576,173,S2_panic_selling_defi,indonesia,USDC
502,0.8219439371615698,184597233.98416537,173,S2_panic_selling_defi,indonesia,USDC
503,0.8248746798232213,179982303.13456124,173,S2_panic_selling_defi,indonesia,USDC
504,0.831256220513674,175482745.55619723,173,S2_panic_selling_defi,indonesia,USDC
505,0.8261073916397349,171095676.91729227,173,S2_panic_selling_defi,indonesia,USDC
506,0.8131838405260542,166818284.99435997,173,S2_panic_selling_defi,indonesia,USDC
507,0.7740463663854823,162647827.86950096,173,S2_panic_selling_defi,indonesia,USDC
508,0.7794518377217395,158581632.17276344,173,S2_panic_selling_defi,indonesia,USDC
509,0.7786148534873402,154617091.36844435,173,S2_panic_selling_defi,indonesia,USDC
510,0.7876417459427474,150751664.08423325,173,S2_panic_selling_defi,indonesia,USDC
511,0.8015936442920765,146982872.48212743,173,S2_panic_selling_defi,indonesia,USDC
512,0.8252188534401257,143308300.67007425,173,S2_panic_selling_defi,indonesia,USDC
513,0.8413398237675364,139725593.15332237,173,S2_panic_selling_defi,indonesia,USDC
514,0.8273750834603877,136232453.32448933,173,S2_panic_selling_defi,indonesia,USDC
515,0.8551593693849973,132826641.99137709,173,S2_panic_selling_defi,indonesia,USDC
516,0.8529200235377886,129505975.94159266,173,S2_panic_selling_defi,indonesia,USDC
517,0.8799590918585688,126268326.54305284,173,S2_panic_selling_defi,indonesia,USDC
518,0.86602405319517,123111618.37947652,173,S2_panic_selling_defi,indonesia,USDC
519,0.8664678312595896,120033827.91998962,173,S2_panic_selling_defi,indonesia,USDC
520,0.8568263717676268,117032982.22198987,173,S2_panic_selling_defi,indonesia,USDC
521,0.8877256619350555,114107157.66644013,173,S2_panic_selling_defi,indonesia,USDC
522,0.8770142241127501,111254478.72477913,173,S2_panic_selling_defi,indonesia,USDC
523,0.8635203737338193,108473116.75665966,173,S2_panic_selling_defi,indonesia,USDC
524,0.8464314287273561,105761288.83774316,173,S2_panic_selling_defi,indonesia,USDC
525,0.8570186966946332,103117256.61679958,173,S2_panic_selling_defi,indonesia,USDC
526,0.8481796833706343,100539325.20137958,173,S2_panic_selling_defi,indonesia,USDC
527,0.8649682276828576,98025842.07134509,173,S2_panic_selling_defi,indonesia,USDC
528,0.860816711768768,95575196.01956147,173,S2_panic_selling_defi,indonesia,USDC
529,0.8561005785067134,93185816.11907244,173,S2_panic_selling_defi,indonesia,USDC
530,0.8598011834227205,90856170.71609561,173,S2_panic_selling_defi,indonesia,USDC
531,0.8591013805723653,88584766.44819322,173,S2_panic_selling_defi,indonesia,USDC
532,0.8571985974218211,86370147.28698839,173,S2_panic_selling_defi,indonesia,USDC
533,0.8327096975727474,84210893.60481368,173,S2_panic_selling_defi,indonesia,USDC
534,0.8260877528660618,82105621.26469333,173,S2_panic_selling_defi,indonesia,USDC
535,0.8114780871861285,80052980.733076,173,S2_panic_selling_defi,indonesia,USDC
536,0.8067947721114489,78051656.2147491,173,S2_panic_selling_defi,indonesia,USDC
537,0.8067077027701197,76100364.80938038,173,S2_panic_selling_defi,indonesia,USDC
538,0.8220740563907779,74197855.68914586,173,S2_panic_selling_defi,indonesia,USDC
539,0.7908072346477695,72342909.29691721,173,S2_panic_selling_defi,indonesia,USDC
540,0.8244086886726452,70534336.56449428,173,S2_panic_selling_defi,indonesia,USDC
541,0.8211150418241152,68770978.15038192,173,S2_panic_selling_defi,indonesia,USDC
542,0.8260410325344452,67051703.69662238,173,S2_panic_selling_defi,indonesia,USDC
543,0.8287520543221781,65375411.10420682,173,S2_panic_selling_defi,indonesia,USDC
544,0.8220145583576165,63741025.82660164,173,S2_panic_selling_defi,indonesia,USDC
545,0.8247365695950346,62147500.180936605,173,S2_panic_selling_defi,indonesia,USDC
546,0.8128335966094601,60593812.67641319,173,S2_panic_selling_defi,indonesia,USDC
547,0.8106107915583337,59078967.35950285,173,S2_panic_selling_defi,indonesia,USDC
548,0.8257558659188008,57601993.17551528,173,S2_panic_selling_defi,indonesia,USDC
549,0.8501706183974571,56161943.346127406,173,S2_panic_selling_defi,indonesia,USDC
550,0.8550924879337594,54757894.762474224,173,S2_panic_selling_defi,indonesia,USDC
551,0.8446570412997373,53388947.39341237,173,S2_panic_selling_defi,indonesia,USDC
552,0.8253253696061287,52054223.70857705,173,S2_panic_selling_defi,indonesia,USDC
553,0.8292603972894594,50752868.11586264,173,S2_panic_selling_defi,indonesia,USDC
554,0.8412316323506901,49484046.412966065,173,S2_panic_selling_defi,indonesia,USDC
555,0.860644010987581,48246945.25264192,173,S2_panic_selling_defi,indonesia,USDC
556,0.8443130278967347,47040771.621325865,173,S2_panic_selling_defi,indonesia,USDC
557,0.846899812885729,45864752.33079272,173,S2_panic_selling_defi,indonesia,USDC
558,0.8139102571934759,44718133.5225229,173,S2_panic_selling_defi,indonesia,USDC
559,0.7899206449642099,43600180.18445983,173,S2_panic_selling_defi,indonesia,USDC
560,0.8014439735794412,42510175.67984833,173,S2_panic_selling_defi,indonesia,USDC
561,0.7971873024501303,41447421.28785212,173,S2_panic_selling_defi,indonesia,USDC
562,0.8056712930642768,40411235.755655825,173,S2_panic_selling_defi,indonesia,USDC
563,0.8190515939972275,39400954.86176442,173,S2_panic_selling_defi,indonesia,USDC
564,0.8422166745691363,38415930.990220316,173,S2_panic_selling_defi,indonesia,USDC
565,0.8315505934574277,37455532.71546481,173,S2_panic_selling_defi,indonesia,USDC
566,0.8117893002472201,36519144.39757819,173,S2_panic_selling_defi,indonesia,USDC
567,0.8055133850607771,35606165.78763873,173,S2_panic_selling_defi,indonesia,USDC
568,0.8177810171209465,34716011.64294776,173,S2_panic_selling_defi,indonesia,USDC
569,0.8296412696598985,33848111.351874076,173,S2_panic_selling_defi,indonesia,USDC
570,0.685819349825407,33001908.56807722,173,S2_panic_selling_defi,indonesia,USDC
571,0.6942443416143789,32176860.853875287,173,S2_panic_selling_defi,indonesia,USDC
572,0.7133475957707791,31372439.332528405,173,S2_panic_selling_defi,indonesia,USDC
573,0.7249419729641269,30588128.349215195,173,S2_panic_selling_defi,indonesia,USDC
574,0.7214760413349479,29823425.140484817,173,S2_panic_selling_defi,indonesia,USDC
575,0.7424763633595426,29077839.511972696,173,S2_panic_selling_defi,indonesia,USDC
576,0.7276343956169028,28350893.52417338,173,S2_panic_selling_defi,indonesia,USDC
577,0.7207670110152355,27642121.18606905,173,S2_panic_selling_defi,indonesia,USDC
578,0.7459835043494412,26951068.15641732,173,S2_panic_selling_defi,indonesia,USDC
579,0.748183238976072,26277291.452506892,173,S2_panic_selling_defi,indonesia,USDC
580,0.7646197690490901,25620359.166194215,173,S2_panic_selling_defi,indonesia,USDC
581,0.7887619305114904,24979850.18703936,173,S2_panic_selling_defi,indonesia,USDC
582,0.7952514594802631,24355353.932363376,173,S2_panic_selling_defi,indonesia,USDC
583,0.8208118195520933,23746470.08405429,173,S2_panic_selling_defi,indonesia,USDC
584,0.8072817987050059,23152808.331952937,173,S2_panic_selling_defi,indonesia,USDC
585,0.7824541134397159,22573988.123654112,173,S2_panic_selling_defi,indonesia,USDC
586,0.7851246640396279,22009638.42056276,173,S2_panic_selling_defi,indonesia,USDC
587,0.7582518329378133,21459397.46004869,173,S2_panic_selling_defi,indonesia,USDC
588,0.7523983300381536,20922912.523547474,173,S2_panic_selling_defi,indonesia,USDC
589,0.7604996664630592,20399839.71045879,173,S2_panic_selling_defi,indonesia,USDC
590,0.7730341885111647,19889843.71769732,173,S2_panic_selling_defi,indonesia,USDC
591,0.792348633531217,19392597.624754887,173,S2_panic_selling_defi,indonesia,USDC
592,0.8124726702768009,18907782.684136014,173,S2_panic_selling_defi,indonesia,USDC
593,0.8116332975850895,18435088.117032614,173,S2_panic_selling_defi,indonesia,USDC
594,0.8063784408149537,17974210.914106797,173,S2_panic_selling_defi,indonesia,USDC
595,0.7746245592642707,17524855.641254127,173,S2_panic_selling_defi,indonesia,USDC
596,0.7577790084189147,17086734.250222776,173,S2_panic_selling_defi,indonesia,USDC
597,0.7608357371819887,16659565.893967204,173,S2_panic_selling_defi,indonesia,USDC
598,0.7783529966241872,16243076.746618027,173,S2_panic_selling_defi,indonesia,USDC
599,0.7898822980199711,15836999.827952575,173,S2_panic_selling_defi,indonesia,USDC
600,0.7841966659214377,15441074.832253762,173,S2_panic_selling_defi,indonesia,USDC
601,0.7706807912363154,15055047.961447418,173,S2_panic_selling_defi,indonesia,USDC
602,0.765016055176077,14678671.762411231,173,S2_panic_selling_defi,indonesia,USDC
603,0.7979172160377498,14311704.96835095,173,S2_panic_selling_defi,indonesia,USDC
604,0.8193990379716058,13953912.344142176,173,S2_panic_selling_defi,indonesia,USDC
605,0.8335431030295968,13605064.535538621,173,S2_panic_selling_defi,indonesia,USDC
606,0.8514194756850438,13264937.922150157,173,S2_panic_selling_defi,indonesia,USDC
607,0.8553401904724172,12933314.474096403,173,S2_panic_selling_defi,indonesia,USDC
608,0.8630200376185735,12609981.612243991,173,S2_panic_selling_defi,indonesia,USDC
609,0.8742854798094022,12294732.071937893,173,S2_panic_selling_defi,indonesia,USDC
610,0.8930175274637588,11987363.770139445,173,S2_panic_selling_defi,indonesia,USDC
611,0.8670049299178755,11687679.675885959,173,S2_panic_selling_defi,indonesia,USDC
612,0.8318574894391183,11395487.68398881,173,S2_panic_selling_defi,indonesia,USDC
613,0.8557934952054501,11110600.49188909,173,S2_panic_selling_defi,indonesia,USDC
614,0.844437022428631,10832835.479591863,173,S2_panic_selling_defi,indonesia,USDC
615,0.8389346959326458,10562014.592602067,173,S2_panic_selling_defi,indonesia,USDC
616,0.6999499972985785,10297964.227787014,173,S2_panic_selling_defi,indonesia,USDC
617,0.6865344831832351,10040515.12209234,173,S2_panic_selling_defi,indonesia,USDC
618,0.6893780226149081,9789502.244040031,173,S2_panic_selling_defi,indonesia,USDC
619,0.6917241585775661,9544764.68793903,173,S2_panic_selling_defi,indonesia,USDC
620,0.7079480559073844,9306145.570740554,173,S2_panic_selling_defi,indonesia,USDC
621,0.7335837234092171,9073491.93147204,173,S2_panic_selling_defi,indonesia,USDC
622,0.749150411289526,8846654.63318524,173,S2_panic_selling_defi,indonesia,USDC
623,0.7761377093047761,8625488.267355608,173,S2_panic_selling_defi,indonesia,USDC
624,0.780125073954093,8409851.060671717,173,S2_panic_selling_defi,indonesia,USDC
625,0.788414340173839,8199604.784154925,173,S2_panic_selling_defi,indonesia,USDC
626,0.7877358391249805,7994614.664551051,173,S2_panic_selling_defi,indonesia,USDC
627,0.7745615438877387,7794749.297937276,173,S2_panic_selling_defi,indonesia,USDC
628,0.789593557879321,7599880.565488843,173,S2_panic_selling_defi,indonesia,USDC
629,0.7825790052422369,7409883.551351622,173,S2_panic_selling_defi,indonesia,USDC
630,0.7785516517273519,7224636.462567832,173,S2_panic_selling_defi,indonesia,USDC
631,0.7688577248901791,7044020.551003637,173,S2_panic_selling_defi,indonesia,USDC
632,0.7888415703724039,6867920.037228545,173,S2_panic_selling_defi,indonesia,USDC
633,0.7850936336556112,6696222.036297832,173,S2_panic_selling_defi,indonesia,USDC
634,0.7727090759149176,6528816.485390386,173,S2_panic_selling_defi,indonesia,USDC
635,0.7806279892710255,6365596.0732556265,173,S2_panic_selling_defi,indonesia,USDC
636,0.8130485363808924,6206456.171424235,173,S2_panic_selling_defi,indonesia,USDC
637,0.8184587096318192,6051294.767138629,173,S2_panic_selling_defi,indonesia,USDC
638,0.8245908837265791,5900012.397960164,173,S2_panic_selling_defi,indonesia,USDC
639,0.8317733179519489,5752512.08801116,173,S2_panic_selling_defi,indonesia,USDC
640,0.8316240609187151,5608699.28581088,173,S2_panic_selling_defi,indonesia,USDC
641,0.8383467921244621,5468481.803665609,173,S2_panic_selling_defi,indonesia,USDC
642,0.8705659596465916,5331769.758573968,173,S2_panic_selling_defi,indonesia,USDC
643,0.8506642248746673,5198475.51460962,173,S2_panic_selling_defi,indonesia,USDC
644,0.8473596736376092,5068513.626744379,173,S2_panic_selling_defi,indonesia,USDC
645,0.8207628501099866,4941800.78607577,173,S2_panic_selling_defi,indonesia,USDC
646,0.8194109386555349,4818255.7664238755,173,S2_panic_selling_defi,indonesia,USDC
647,0.8515659942843196,4697799.372263279,173,S2_panic_selling_defi,indonesia,USDC
648,0.8125301259719052,4580354.387956697,173,S2_panic_selling_defi,indonesia,USDC
649,0.8129696816519308,4465845.528257779,173,S2_panic_selling_defi,indonesia,USDC
650,0.8048698324589414,4354199.390051335,173,S2_panic_selling_defi,indonesia,USDC
651,0.8042984542338376,4245344.405300051,173,S2_panic_selling_defi,indonesia,USDC
652,0.8147964842140202,4139210.79516755,173,S2_panic_selling_defi,indonesia,USDC
653,0.810427737006508,4035730.525288361,173,S2_panic_selling_defi,indonesia,USDC
654,0.8164212066307341,3934837.262156152,173,S2_panic_selling_defi,indonesia,USDC
655,0.827103222485205,3836466.330602248,173,S2_panic_selling_defi,indonesia,USDC
656,0.8077830682515972,3740554.672337192,173,S2_panic_selling_defi,indonesia,USDC
657,0.7918403024480954,3647040.8055287623,173,S2_panic_selling_defi,indonesia,USDC
658,0.7710680341014731,3555864.7853905433,173,S2_panic_selling_defi,indonesia,USDC
659,0.7780231506650146,3466968.1657557795,173,S2_panic_selling_defi,indonesia,USDC
660,0.7860689564602716,3380293.9616118856,173,S2_panic_selling_defi,indonesia,USDC
661,0.8081303675777096,3295786.612571588,173,S2_panic_selling_defi,indonesia,USDC
662,0.8198367043886634,3213391.947257298,173,S2_panic_selling_defi,indonesia,USDC
663,0.8092018588216607,3133057.1485758657,173,S2_panic_selling_defi,indonesia,USDC
664,0.8248864280459938,3054730.719861469,173,S2_panic_selling_defi,indonesia,USDC
665,0.8067989596434861,2978362.451864932,173,S2_panic_selling_defi,indonesia,USDC
666,0.8120981514696582,2903903.390568309,173,S2_panic_selling_defi,indonesia,USDC
667,0.8174245202876854,2831305.8058041013,173,S2_panic_selling_defi,indonesia,USDC
668,0.803737403034442,2760523.1606589984,173,S2_panic_selling_defi,indonesia,USDC
669,0.8073741073460439,2691510.0816425234,173,S2_panic_selling_defi,indonesia,USDC
670,0.7811660190903416,2624222.3296014606,173,S2_panic_selling_defi,indonesia,USDC
671,0.799068550844122,2558616.771361424,173,S2_panic_selling_defi,indonesia,USDC
672,0.7777079424940258,2494651.352077388,173,S2_panic_selling_defi,indonesia,USDC
673,0.7615481852256168,2432285.0682754535,173,S2_panic_selling_defi,indonesia,USDC
674,0.7781317824730409,2371477.9415685674,173,S2_panic_selling_defi,indonesia,USDC
675,0.7750818235975488,2312190.993029353,173,S2_panic_selling_defi,indonesia,USDC
676,0.7679739337609323,2254386.218203619,173,S2_panic_selling_defi,indonesia,USDC
677,0.7773665449997795,2198026.5627485286,173,S2_panic_selling_defi,indonesia,USDC
678,0.7436420790940004,2143075.898679815,173,S2_panic_selling_defi,indonesia,USDC
679,0.7698376439444441,2089499.00121282,173,S2_panic_selling_defi,indonesia,USDC
680,0.76694386203384,2037261.5261824995,173,S2_panic_selling_defi,indonesia,USDC
681,0.7747051611642325,1986329.9880279368,173,S2_panic_selling_defi,indonesia,USDC
682,0.7760988490146147,1936671.7383272385,173,S2_panic_selling_defi,indonesia,USDC
683,0.773753079301726,1888254.9448690573,173,S2_panic_selling_defi,indonesia,USDC
684,0.800376596272851,1841048.571247331,173,S2_panic_selling_defi,indonesia,USDC
685,0.823079651996032,1795022.356966148,173,S2_panic_selling_defi,indonesia,USDC
686,0.8122548641659203,1750146.7980419942,173,S2_panic_selling_defi,indonesia,USDC
687,0.7933807820800193,1706393.1280909446,173,S2_panic_selling_defi,indonesia,USDC
688,0.8003364313401898,1663733.2998886714,173,S2_panic_selling_defi,indonesia,USDC
689,0.8151681039003708,1622139.9673914546,173,S2_panic_selling_defi,indonesia,USDC
690,0.8287131148183845,1581586.468206668,173,S2_panic_selling_defi,indonesia,USDC
691,0.8156902531184189,1542046.8065015012,173,S2_panic_selling_defi,indonesia,USDC
692,0.8240776286928918,1503495.6363389636,173,S2_panic_selling_defi,indonesia,USDC
693,0.8366229288505954,1465908.2454304895,173,S2_panic_selling_defi,indonesia,USDC
694,0.8400816866910393,1429260.5392947274,173,S2_panic_selling_defi,indonesia,USDC
695,0.829368304675531,1393529.0258123593,173,S2_panic_selling_defi,indonesia,USDC
696,0.8456415435758248,1358690.8001670502,173,S2_panic_selling_defi,indonesia,USDC
697,0.8387583339779631,1324723.530162874,173,S2_panic_selling_defi,indonesia,USDC
698,0.827045548346179,1291605.4419088021,173,S2_panic_selling_defi,indonesia,USDC
699,0.8353479678594966,1259315.305861082,173,S2_panic_selling_defi,indonesia,USDC
700,0.8328988106967484,1227832.423214555,173,S2_panic_selling_defi,indonesia,USDC
701,0.8446777946829594,1197136.612634191,173,S2_panic_selling_defi,indonesia,USDC
702,0.8397238599993245,1167208.1973183362,173,S2_panic_selling_defi,indonesia,USDC
703,0.8405447330083027,1138027.9923853779,173,S2_panic_selling_defi,indonesia,USDC
704,0.8239642067092571,1109577.2925757435,173,S2_panic_selling_defi,indonesia,USDC
705,0.8272895931477302,1081837.86026135,173,S2_panic_selling_defi,indonesia,USDC
706,0.8435563885156995,1054791.9137548162,173,S2_panic_selling_defi,indonesia,USDC
707,0.8357116679783121,1028422.1159109457,173,S2_panic_selling_defi,indonesia,USDC
708,0.8368728293849291,1002711.563013172,173,S2_panic_selling_defi,indonesia,USDC
709,0.8536768409426045,977643.7739378428,173,S2_panic_selling_defi,indonesia,USDC
710,0.8162307399168898,953202.6795893967,173,S2_panic_selling_defi,indonesia,USDC
711,0.8014413345443985,929372.6125996617,173,S2_panic_selling_defi,indonesia,USDC
712,0.7903783969684693,906138.2972846702,173,S2_panic_selling_defi,indonesia,USDC
713,0.7889934541288058,883484.8398525534,173,S2_panic_selling_defi,indonesia,USDC
714,0.7996019415431325,861397.7188562397,173,S2_panic_selling_defi,indonesia,USDC
715,0.8062751785532096,839862.7758848337,173,S2_panic_selling_defi,indonesia,USDC
716,0.8090187621921684,818866.2064877129,173,S2_panic_selling_defi,indonesia,USDC
717,0.7922383067862623,798394.55132552,173,S2_panic_selling_defi,indonesia,USDC
718,0.8097751492254289,778434.687542382,173,S2_panic_selling_defi,indonesia,USDC
719,0.7787525042226566,758973.8203538225,173,S2_panic_selling_defi,indonesia,USDC
720,0.800022605653468,739999.474844977,173,S2_panic_selling_defi,indonesia,USDC
721,0.8026329289729344,721499.4879738525,173,S2_panic_selling_defi,indonesia,USDC
722,0.8055069831699135,703462.0007745062,173,S2_panic_selling_defi,indonesia,USDC
723,0.8179843442909968,685875.4507551435,173,S2_panic_selling_defi,indonesia,USDC
724,0.8350009650137658,668728.564486265,173,S2_panic_selling_defi,indonesia,USDC
725,0.8227994586712862,652010.3503741083,173,S2_panic_selling_defi,indonesia,USDC
726,0.8179731219304708,635710.0916147556,173,S2_panic_selling_defi,indonesia,USDC
727,0.8135027445234688,619817.3393243867,173,S2_panic_selling_defi,indonesia,USDC
728,0.8016963282004507,604321.905841277,173,S2_panic_selling_defi,indonesia,USDC
729,0.797414897653491,589213.858195245,173,S2_panic_selling_defi,indonesia,USDC
730,0.7977782560916694,574483.511740364,173,S2_panic_selling_defi,indonesia,USDC
731,0.7965844765410539,560121.4239468549,173,S2_panic_selling_defi,indonesia,USDC
732,0.7906242561896661,546118.3883481836,173,S2_panic_selling_defi,indonesia,USDC
733,0.7705163768231661,532465.428639479,173,S2_panic_selling_defi,indonesia,USDC
734,0.7972620936306793,519153.79292349203,173,S2_panic_selling_defi,indonesia,USDC
735,0.7846134630383351,506174.9481004047,173,S2_panic_selling_defi,indonesia,USDC
736,0.7859237684964767,493520.5743978946,173,S2_panic_selling_defi,indonesia,USDC
737,0.7774012300969468,481182.56003794726,173,S2_panic_selling_defi,indonesia,USDC
738,0.787953588537327,469152.9960369986,173,S2_panic_selling_defi,indonesia,USDC
739,0.8004054755955868,457424.17113607354,173,S2_panic_selling_defi,indonesia,USDC
740,0.7986175054339422,445988.5668576717,173,S2_panic_selling_defi,indonesia,USDC
741,0.7803027647665391,434838.85268623,173,S2_panic_selling_defi,indonesia,USDC
742,0.7794875455966629,423967.8813690741,173,S2_panic_selling_defi,indonesia,USDC
743,0.8051156221523148,413368.68433484726,173,S2_panic_selling_defi,indonesia,USDC
744,0.8209997546624557,403034.4672264762,173,S2_panic_selling_defi,indonesia,USDC
745,0.8082820563170721,392958.60554581427,173,S2_panic_selling_defi,indonesia,USDC
746,0.7883679542207594,383134.6404071689,173,S2_panic_selling_defi,indonesia,USDC
747,0.7522542211979413,373556.27439698967,173,S2_panic_selling_defi,indonesia,USDC
748,0.7647259846692701,364217.3675370649,173,S2_panic_selling_defi,indonesia,USDC
749,0.7698122579869654,355111.9333486383,173,S2_panic_selling_defi,indonesia,USDC
750,0.7604108198041812,346234.13501492236,173,S2_panic_selling_defi,indonesia,USDC
751,0.7594436882144576,337578.2816395493,173,S2_panic_selling_defi,indonesia,USDC
752,0.7798936128653493,329138.8245985606,173,S2_panic_selling_defi,indonesia,USDC
753,0.782442688508766,320910.35398359655,173,S2_panic_selling_defi,indonesia,USDC
754,0.7860312051341349,312887.5951340066,173,S2_panic_selling_defi,indonesia,USDC
755,0.7797410941172477,305065.40525565646,173,S2_panic_selling_defi,indonesia,USDC
756,0.7518576696073573,297438.77012426505,173,S2_panic_selling_defi,indonesia,USDC
757,0.7582597402133288,290002.8008711584,173,S2_panic_selling_defi,indonesia,USDC
758,0.7632421549893452,282752.73084937944,173,S2_panic_selling_defi,indonesia,USDC
759,0.7704936884066429,275683.912578145,173,S2_panic_selling_defi,indonesia,USDC
760,0.7590811025689722,268791.8147636914,173,S2_panic_selling_defi,indonesia,USDC
761,0.7887882233627267,262072.01939459908,173,S2_panic_selling_defi,indonesia,USDC
762,0.7901614545592939,255520.2189097341,173,S2_panic_selling_defi,indonesia,USDC
763,0.8288792102358273,249132.2134369908,173,S2_panic_selling_defi,indonesia,USDC
764,0.8335430012717564,242903.90810106602,173,S2_panic_selling_defi,indonesia,USDC
765,0.8195926850491102,236831.31039853935,173,S2_panic_selling_defi,indonesia,USDC
766,0.8199693445798546,230910.52763857588,173,S2_panic_selling_defi,indonesia,USDC
767,0.8050006749234746,225137.7644476115,173,S2_panic_selling_defi,indonesia,USDC
768,0.7786983630737653,219509.3203364212,173,S2_panic_selling_defi,indonesia,USDC
769,0.7776235061764935,214021.5873280107,173,S2_panic_selling_defi,indonesia,USDC
770,0.7583920641204162,208671.0476448104,173,S2_panic_selling_defi,indonesia,USDC
771,0.7621505997027954,203454.27145369013,173,S2_panic_selling_defi,indonesia,USDC
772,0.7694622299186648,198367.9146673479,173,S2_panic_selling_defi,indonesia,USDC
773,0.7529110563860498,193408.71680066417,173,S2_panic_selling_defi,indonesia,USDC
774,0.7605394947368276,188573.4988806476,173,S2_panic_selling_defi,indonesia,USDC
775,0.7561172767030682,183859.1614086314,173,S2_panic_selling_defi,indonesia,USDC
776,0.7600470633846484,179262.6823734156,173,S2_panic_selling_defi,indonesia,USDC
777,0.7739351671876593,174781.1153140802,173,S2_panic_selling_defi,indonesia,USDC
778,0.7762634730361679,170411.5874312282,173,S2_panic_selling_defi,indonesia,USDC
779,0.7641083120252162,166151.2977454475,173,S2_panic_selling_defi,indonesia,USDC
780,0.7727686460832575,161997.5153018113,173,S2_panic_selling_defi,indonesia,USDC
781,0.8017912509416124,157947.57741926605,173,S2_panic_selling_defi,indonesia,USDC
782,0.7992527874641732,153998.88798378437,173,S2_panic_selling_defi,indonesia,USDC
783,0.7949581513512924,150148.91578418977,173,S2_panic_selling_defi,indonesia,USDC
784,0.781190205897878,146395.192889585,173,S2_panic_selling_defi,indonesia,USDC
785,0.784854742212128,142735.31306734539,173,S2_panic_selling_defi,indonesia,USDC
786,0.789555926296031,139166.93024066175,173,S2_panic_selling_defi,indonesia,USDC
787,0.8026078984044345,135687.7569846452,173,S2_panic_selling_defi,indonesia,USDC
788,0.7922022706475272,132295.56306002906,173,S2_panic_selling_defi,indonesia,USDC
789,0.8070594091210131,128988.17398352835,173,S2_panic_selling_defi,indonesia,USDC
790,0.7828859946552089,125763.46963394014,173,S2_panic_selling_defi,indonesia,USDC
791,0.7827970864266108,122619.38289309164,173,S2_panic_selling_defi,indonesia,USDC
792,0.802692819106273,119553.89832076436,173,S2_panic_selling_defi,indonesia,USDC
793,0.8227621286541676,116565.05086274525,173,S2_panic_selling_defi,indonesia,USDC
794,0.8231541722133171,113650.92459117662,173,S2_panic_selling_defi,indonesia,USDC
795,0.8242758163812041,110809.65147639721,173,S2_panic_selling_defi,indonesia,USDC
796,0.8347655647405695,108039.41018948727,173,S2_panic_selling_defi,indonesia,USDC
797,0.8365849467413402,105338.42493475007,173,S2_panic_selling_defi,indonesia,USDC
798,0.8382128569209443,102704.96431138134,173,S2_panic_selling_defi,indonesia,USDC
799,0.8310347551378076,100137.3402035968,173,S2_panic_selling_defi,indonesia,USDC
800,0.8337881513954586,97633.90669850688,173,S2_panic_selling_defi,indonesia,USDC
801,0.8148226722966996,95193.0590310442,173,S2_panic_selling_defi,indonesia,USDC
802,0.8116319698089844,92813.2325552681,173,S2_panic_selling_defi,indonesia,USDC
803,0.7880195365300654,90492.9017413864,173,S2_panic_selling_defi,indonesia,USDC
804,0.7767878253837733,88230.57919785174,173,S2_panic_selling_defi,indonesia,USDC
805,0.7742558067667397,86024.81471790545,173,S2_panic_selling_defi,indonesia,USDC
806,0.746487346861534,83874.1943499578,173,S2_panic_selling_defi,indonesia,USDC
807,0.7351065654804517,81777.33949120887,173,S2_panic_selling_defi,indonesia,USDC
808,0.7513217430865167,79732.90600392866,173,S2_panic_selling_defi,indonesia,USDC
809,0.755063931914144,77739.58335383043,173,S2_panic_selling_defi,indonesia,USDC
810,0.7333068838358747,75796.09376998467,173,S2_panic_selling_defi,indonesia,USDC
811,0.728033246617269,73901.19142573506,173,S2_panic_selling_defi,indonesia,USDC
812,0.7222328233689453,72053.66164009168,173,S2_panic_selling_defi,indonesia,USDC
813,0.7483559441921961,70252.32009908938,173,S2_panic_selling_defi,indonesia,USDC
814,0.7320615215460669,68496.01209661216,173,S2_panic_selling_defi,indonesia,USDC
815,0.7412117987454817,66783.61179419684,173,S2_panic_selling_defi,indonesia,USDC
816,0.7308665550333026,65114.02149934192,173,S2_panic_selling_defi,indonesia,USDC
817,0.7412184562687502,63486.17096185837,173,S2_panic_selling_defi,indonesia,USDC
818,0.7608526381649483,61899.01668781191,173,S2_panic_selling_defi,indonesia,USDC
819,0.757177040521739,60351.54127061661,173,S2_panic_selling_defi,indonesia,USDC
820,0.7597272486427495,58842.752738851195,173,S2_panic_selling_defi,indonesia,USDC
821,0.749929657795108,57371.68392037991,173,S2_panic_selling_defi,indonesia,USDC
822,0.7523507346592274,55937.39182237042,173,S2_panic_selling_defi,indonesia,USDC
823,0.7562823544729708,54538.95702681116,173,S2_panic_selling_defi,indonesia,USDC
824,0.7866250754070645,53175.483101140875,173,S2_panic_selling_defi,indonesia,USDC
825,0.7892491017124275,51846.09602361235,173,S2_panic_selling_defi,indonesia,USDC
826,0.7812254083519254,50549.943623022045,173,S2_panic_selling_defi,indonesia,USDC
827,0.7895848501851048,49286.19503244649,173,S2_panic_selling_defi,indonesia,USDC
828,0.7848978493763126,48054.04015663533,173,S2_panic_selling_defi,indonesia,USDC
829,0.7543595971487672,46852.689152719446,173,S2_panic_selling_defi,indonesia,USDC
830,0.7464543884973912,45681.37192390146,173,S2_panic_selling_defi,indonesia,USDC
831,0.7679036539574159,44539.33762580393,173,S2_panic_selling_defi,indonesia,USDC
832,0.7667761665996156,43425.85418515883,173,S2_panic_selling_defi,indonesia,USDC
833,0.786509986806017,42340.20783052986,173,S2_panic_selling_defi,indonesia,USDC
834,0.7794915628241161,41281.70263476661,173,S2_panic_selling_defi,indonesia,USDC
835,0.7846967647342031,40249.66006889744,173,S2_panic_selling_defi,indonesia,USDC
836,0.7944222790960342,39243.418567175,173,S2_panic_selling_defi,indonesia,USDC
837,0.8013284084252807,38262.33310299563,173,S2_panic_selling_defi,indonesia,USDC
838,0.8282037707142995,37305.77477542074,173,S2_panic_selling_defi,indonesia,USDC
839,0.8165977464182317,36373.13040603523,173,S2_panic_selling_defi,indonesia,USDC
840,0.7975464335104824,35463.80214588434,173,S2_panic_selling_defi,indonesia,USDC
841,0.8076738600948579,34577.20709223723,173,S2_panic_selling_defi,indonesia,USDC
842,0.8159577674712423,33712.7769149313,173,S2_panic_selling_defi,indonesia,USDC
843,0.8043618427938755,32869.95749205802,173,S2_panic_selling_defi,indonesia,USDC
844,0.7845566738195912,32048.208554756573,173,S2_panic_selling_defi,indonesia,USDC
845,0.7811343152888424,31247.003340887655,173,S2_panic_selling_defi,indonesia,USDC
846,0.7575710758348468,30465.828257365465,173,S2_panic_selling_defi,indonesia,USDC
847,0.7421740390555168,29704.182550931328,173,S2_panic_selling_defi,indonesia,USDC
848,0.7827268318392802,28961.577987158045,173,S2_panic_selling_defi,indonesia,USDC
849,0.7729734316276827,28237.538537479093,173,S2_panic_selling_defi,indonesia,USDC
850,0.7930875396132788,27531.600074042115,173,S2_panic_selling_defi,indonesia,USDC
851,0.7808293516258787,26843.31007219106,173,S2_panic_selling_defi,indonesia,USDC
852,0.7782532757438066,26172.227320386286,173,S2_panic_selling_defi,indonesia,USDC
853,0.7703712292468634,25517.92163737663,173,S2_panic_selling_defi,indonesia,USDC
854,0.7778976914249253,24879.97359644221,173,S2_panic_selling_defi,indonesia,USDC
855,0.7626613110977774,24257.974256531157,173,S2_panic_selling_defi,indonesia,USDC
856,0.7495176665062998,23651.524900117878,173,S2_panic_selling_defi,indonesia,USDC
857,0.7330439343744877,23060.23677761493,173,S2_panic_selling_defi,indonesia,USDC
858,0.7187201551085781,22483.730858174556,173,S2_panic_selling_defi,indonesia,USDC
859,0.7377200056107449,21921.637586720193,173,S2_panic_selling_defi,indonesia,USDC
860,0.7679418664974319,21373.59664705219,173,S2_panic_selling_defi,indonesia,USDC
861,0.7497831680143255,20839.25673087588,173,S2_panic_selling_defi,indonesia,USDC
862,0.7849456075545431,20318.275312603986,173,S2_panic_selling_defi,indonesia,USDC
863,0.7937582269662593,19810.318429788887,173,S2_panic_selling_defi,indonesia,USDC
864,0.7631097429408541,19315.060469044165,173,S2_panic_selling_defi,indonesia,USDC
865,0.7679732440968944,18832.18395731806,173,S2_panic_selling_defi,indonesia,USDC
866,0.7798419960261177,18361.379358385107,173,S2_panic_selling_defi,indonesia,USDC
867,0.7687536213572616,17902.34487442548,173,S2_panic_selling_defi,indonesia,USDC
868,0.7786374828893491,17454.786252564845,173,S2_panic_selling_defi,indonesia,USDC
869,0.7819945829543281,17018.41659625072,173,S2_panic_selling_defi,indonesia,USDC
870,0.8053232029924554,16592.956181344456,173,S2_panic_selling_defi,indonesia,USDC
871,0.7980749418999921,16178.132276810844,173,S2_panic_selling_defi,indonesia,USDC
872,0.7956105591459571,15773.678969890574,173,S2_panic_selling_defi,indonesia,USDC
873,0.7695082339149254,15379.336995643309,173,S2_panic_selling_defi,indonesia,USDC
874,0.748859368863637,14994.853570752228,173,S2_panic_selling_defi,indonesia,USDC
875,0.7534256409560414,14619.982231483422,173,S2_panic_selling_defi,indonesia,USDC
876,0.6533605597823633,14254.482675696336,173,S2_panic_selling_defi,indonesia,USDC
877,0.6732059974921176,13898.120608803927,173,S2_panic_selling_defi,indonesia,USDC
878,0.662134760893428,13550.667593583828,173,S2_panic_selling_defi,indonesia,USDC
879,0.689756986503803,13211.900903744234,173,S2_panic_selling_defi,indonesia,USDC
880,0.7143187208245245,12881.603381150628,173,S2_panic_selling_defi,indonesia,USDC
881,0.6750758443199238,12559.563296621862,173,S2_panic_selling_defi,indonesia,USDC
882,0.6846645574235334,12245.574214206315,173,S2_panic_selling_defi,indonesia,USDC
883,0.690332356989232,11939.434858851158,173,S2_panic_selling_defi,indonesia,USDC
884,0.6944606827551464,11640.948987379878,173,S2_panic_selling_defi,indonesia,USDC
885,0.7001614767065972,11349.925262695382,173,S2_panic_selling_defi,indonesia,USDC
886,0.7000051967180795,11066.177131127997,173,S2_panic_selling_defi,indonesia,USDC
887,0.7249030335298875,10789.522702849797,173,S2_panic_selling_defi,indonesia,USDC
888,0.7517317403242174,10519.784635278553,173,S2_panic_selling_defi,indonesia,USDC
889,0.7541646833582906,10256.790019396589,173,S2_panic_selling_defi,indonesia,USDC
890,0.7666519562878124,10000.370268911674,173,S2_panic_selling_defi,indonesia,USDC
891,0.7763239184795205,9750.361012188881,173,S2_panic_selling_defi,indonesia,USDC
892,0.7777342079932926,9506.60198688416,173,S2_panic_selling_defi,indonesia,USDC
893,0.8006757688016165,9268.936937212056,173,S2_panic_selling_defi,indonesia,USDC
894,0.7863586153473315,9037.213513781755,173,S2_panic_selling_defi,indonesia,USDC
895,0.7934263868484804,8811.283175937211,173,S2_panic_selling_defi,indonesia,USDC
896,0.8091126516349605,8591.001096538781,173,S2_panic_selling_defi,indonesia,USDC
897,0.7909548975438486,8376.22606912531,173,S2_panic_selling_defi,indonesia,USDC
898,0.7801824185763404,8166.820417397179,173,S2_panic_selling_defi,indonesia,USDC
899,0.7970468023866611,7962.649906962249,173,S2_panic_selling_defi,indonesia,USDC
900,0.7789500256251678,7763.583659288193,173,S2_panic_selling_defi,indonesia,USDC
901,0.7748635391625671,7569.494067805988,173,S2_panic_selling_defi,indonesia,USDC
902,0.7716982897150783,7380.256716110838,173,S2_panic_selling_defi,indonesia,USDC
903,0.802904062924273,7195.750298208068,173,S2_panic_selling_defi,indonesia,USDC
904,0.7884133532013446,7015.856540752866,173,S2_panic_selling_defi,indonesia,USDC
905,0.7897009099453546,6840.460127234045,173,S2_panic_selling_defi,indonesia,USDC
906,0.7783453320339203,6669.448624053195,173,S2_panic_selling_defi,indonesia,USDC
907,0.7776373833500899,6502.712408451864,173,S2_panic_selling_defi,indonesia,USDC
908,0.790192516373154,6340.144598240568,173,S2_panic_selling_defi,indonesia,USDC
909,0.7978185081332735,6181.640983284553,173,S2_panic_selling_defi,indonesia,USDC
910,0.7882674921490922,6027.09995870244,173,S2_panic_selling_defi,indonesia,USDC
911,0.8145271442432215,5876.422459734879,173,S2_panic_selling_defi,indonesia,USDC
912,0.8113614842431884,5729.511898241507,173,S2_panic_selling_defi,indonesia,USDC
913,0.8098308387482327,5586.274100785469,173,S2_panic_selling_defi,indonesia,USDC
914,0.8124705129692791,5446.617248265833,173,S2_panic_selling_defi,indonesia,USDC
915,0.80264245955443,5310.451817059187,173,S2_panic_selling_defi,indonesia,USDC
916,0.8017540837892597,5177.690521632708,173,S2_panic_selling_defi,indonesia,USDC
917,0.8164140691298862,5048.24825859189,173,S2_panic_selling_defi,indonesia,USDC
918,0.8086920804747559,4922.042052127093,173,S2_panic_selling_defi,indonesia,USDC
919,0.8134087588601047,4798.991000823915,173,S2_panic_selling_defi,indonesia,USDC
920,0.8003586157398193,4679.016225803317,173,S2_panic_selling_defi,indonesia,USDC
921,0.8076676517554022,4562.040820158234,173,S2_panic_selling_defi,indonesia,USDC
922,0.8248282089156832,4447.989799654279,173,S2_panic_selling_defi,indonesia,USDC
923,0.8189524334399798,4336.790054662921,173,S2_panic_selling_defi,indonesia,USDC
924,0.8215068910485492,4228.370303296348,173,S2_panic_selling_defi,indonesia,USDC
925,0.8302480038447067,4122.6610457139395,173,S2_panic_selling_defi,indonesia,USDC
926,0.8104704665552932,4019.5945195710906,173,S2_panic_selling_defi,indonesia,USDC
927,0.7911155362220675,3919.1046565818133,173,S2_panic_selling_defi,indonesia,USDC
928,0.7866386388803221,3821.127040167268,173,S2_panic_selling_defi,indonesia,USDC
929,0.7804214772870204,3725.598864163086,173,S2_panic_selling_defi,indonesia,USDC
930,0.7763757874186188,3632.4588925590087,173,S2_panic_selling_defi,indonesia,USDC
931,0.7836430935395714,3541.647420245034,173,S2_panic_selling_defi,indonesia,USDC
932,0.7857247071518936,3453.106234738908,173,S2_panic_selling_defi,indonesia,USDC
933,0.7788305427180542,3366.7785788704355,173,S2_panic_selling_defi,indonesia,USDC
934,0.7498681335657545,3282.609114398675,173,S2_panic_selling_defi,indonesia,USDC
935,0.7582831670147377,3200.5438865387086,173,S2_panic_selling_defi,indonesia,USDC
936,0.7634374264371362,3120.5302893752405,173,S2_panic_selling_defi,indonesia,USDC
937,0.7809995410245034,3042.5170321408596,173,S2_panic_selling_defi,indonesia,USDC
938,0.7801252347933404,2966.454106337338,173,S2_panic_selling_defi,indonesia,USDC
939,0.7843143815672322,2892.292753678905,173,S2_panic_selling_defi,indonesia,USDC
940,0.7870184688366972,2819.9854348369317,173,S2_panic_selling_defi,indonesia,USDC
941,0.7859382915007096,2749.4857989660086,173,S2_panic_selling_defi,indonesia,USDC
942,0.757876435503877,2680.748653991858,173,S2_panic_selling_defi,indonesia,USDC
943,0.7887771010165209,2613.729937642062,173,S2_panic_selling_defi,indonesia,USDC
944,0.7586154307348417,2548.38668920101,173,S2_panic_selling_defi,indonesia,USDC
945,0.7657993887373812,2484.677021970985,173,S2_panic_selling_defi,indonesia,USDC
946,0.7711336781942869,2422.5600964217106,173,S2_panic_selling_defi,indonesia,USDC
947,0.7578062409754367,2361.9960940111678,173,S2_panic_selling_defi,indonesia,USDC
948,0.7602199095646167,2302.9461916608884,173,S2_panic_selling_defi,indonesia,USDC
949,0.7624224544236202,2245.3725368693663,173,S2_panic_selling_defi,indonesia,USDC
950,0.7703864475000427,2189.238223447632,173,S2_panic_selling_defi,indonesia,USDC
951,0.7623204116957357,2134.5072678614415,173,S2_panic_selling_defi,indonesia,USDC
952,0.7496359461591849,2081.1445861649054,173,S2_panic_selling_defi,indonesia,USDC
953,0.7427240272491572,2029.1159715107829,173,S2_panic_selling_defi,indonesia,USDC
954,0.7274547733722515,1978.3880722230133,173,S2_panic_selling_defi,indonesia,USDC
955,0.726167076827786,1928.9283704174381,173,S2_panic_selling_defi,indonesia,USDC
956,0.752136493041047,1880.7051611570018,173,S2_panic_selling_defi,indonesia,USDC
957,0.7506619679612834,1833.6875321280768,173,S2_panic_selling_defi,indonesia,USDC
958,0.7546377174533881,1787.8453438248748,173,S2_panic_selling_defi,indonesia,USDC
959,0.7616217578181298,1743.1492102292532,173,S2_panic_selling_defi,indonesia,USDC
960,0.748154197197469,1699.5704799735217,173,S2_panic_selling_defi,indonesia,USDC
961,0.7623267638678143,1657.0812179741838,173,S2_panic_selling_defi,indonesia,USDC
962,0.7513547909607098,1615.654187524829,173,S2_panic_selling_defi,indonesia,USDC
963,0.7593890671272575,1575.2628328367084,173,S2_panic_selling_defi,indonesia,USDC
964,0.7657722705842962,1535.8812620157905,173,S2_panic_selling_defi,indonesia,USDC
965,0.7390964352739546,1497.484230465396,173,S2_panic_selling_defi,indonesia,USDC
966,0.7220780837346227,1460.047124703761,173,S2_panic_selling_defi,indonesia,USDC
967,0.7240376923517606,1423.5459465861668,173,S2_panic_selling_defi,indonesia,USDC
968,0.7539843223578442,1387.957297921513,173,S2_panic_selling_defi,indonesia,USDC
969,0.7205873325924719,1353.258365473475,173,S2_panic_selling_defi,indonesia,USDC
970,0.7230182806305151,1319.426906336638,173,S2_panic_selling_defi,indonesia,USDC
971,0.7175624697727255,1286.441233678222,173,S2_panic_selling_defi,indonesia,USDC
972,0.7052334561880933,1254.2802028362667,173,S2_panic_selling_defi,indonesia,USDC
973,0.7079719932497912,1222.9231977653599,173,S2_panic_selling_defi,indonesia,USDC
974,0.725997575253919,1192.350117821226,173,S2_panic_selling_defi,indonesia,USDC
975,0.7573725332554211,1162.5413648756953,173,S2_panic_selling_defi,indonesia,USDC
976,0.7775874807055569,1133.477830753803,173,S2_panic_selling_defi,indonesia,USDC
977,0.7909289574963704,1105.1408849849577,173,S2_panic_selling_defi,indonesia,USDC
978,0.8028914586433312,1077.5123628603337,173,S2_panic_selling_defi,indonesia,USDC
979,0.8184417784339341,1050.5745537888256,173,S2_panic_selling_defi,indonesia,USDC
980,0.79319467985357,1024.3101899441049,173,S2_panic_selling_defi,indonesia,USDC
981,0.7900464985331604,998.7024351955022,173,S2_panic_selling_defi,indonesia,USDC
982,0.7778277082534014,973.7348743156147,173,S2_panic_selling_defi,indonesia,USDC
983,0.8089050511048352,949.3915024577242,173,S2_panic_selling_defi,indonesia,USDC
984,0.8114310729555452,925.6567148962811,173,S2_panic_selling_defi,indonesia,USDC
985,0.8053068128665554,902.5152970238742,173,S2_panic_selling_defi,indonesia,USDC
986,0.8077362290224758,879.9524145982772,173,S2_panic_selling_defi,indonesia,USDC
987,0.8100862697671541,857.9536042333204,173,S2_panic_selling_defi,indonesia,USDC
988,0.792585072686073,836.5047641274873,173,S2_panic_selling_defi,indonesia,USDC
989,0.7674097862117164,815.5921450243002,173,S2_panic_selling_defi,indonesia,USDC
990,0.780543706742381,795.2023413986929,173,S2_panic_selling_defi,indonesia,USDC
991,0.7739556528103734,775.3222828637255,173,S2_panic_selling_defi,indonesia,USDC
992,0.7838281737934341,755.9392257921323,173,S2_panic_selling_defi,indonesia,USDC
993,0.8064580493410203,737.040745147329,173,S2_panic_selling_defi,indonesia,USDC
994,0.8035505032358886,718.6147265186457,173,S2_panic_selling_defi,indonesia,USDC
995,0.7928088827313203,700.6493583556796,173,S2_panic_selling_defi,indonesia,USDC
996,0.777826189642731,683.1331243967877,173,S2_panic_selling_defi,indonesia,USDC
997,0.7545217851096365,666.0547962868679,173,S2_panic_selling_defi,indonesia,USDC
998,0.7490928374647873,649.4034263796963,173,S2_panic_selling_defi,indonesia,USDC
999,0.7623062972425924,633.1683407202039,173,S2_panic_selling_defi,indonesia,USDC
1000,0.7568453578334121,617.3391322021988,173,S2_panic_selling_defi,indonesia,USDC
