Step,price,liquidity,iteration,scenario,region,coin
1,1.0120534810496122,2990487763426.1704,535,S2_panic_selling_defi,indonesia,USDC
2,0.9980841257241855,2990487763426.1704,535,S2_panic_selling_defi,indonesia,USDC
3,0.981585716408402,2990487763426.1704,535,S2_panic_selling_defi,indonesia,USDC
4,0.9854948123270236,2990487763426.1704,535,S2_panic_selling_defi,indonesia,USDC
5,0.9828049868925152,2990487763426.1704,535,S2_panic_selling_defi,indonesia,USDC
6,1.0099866211079658,2990487763426.1704,535,S2_panic_selling_defi,indonesia,USDC
7,0.9732282091511749,2990487763426.1704,535,S2_panic_selling_defi,indonesia,USDC
8,0.9773197066166923,2990487763426.1704,535,S2_panic_selling_defi,indonesia,USDC
9,0.976549855202826,2990487763426.1704,535,S2_panic_selling_defi,indonesia,USDC
10,0.974937903573184,2990487763426.1704,535,S2_panic_selling_defi,indonesia,USDC
11,1.0016587356927615,2990487763426.1704,535,S2_panic_selling_defi,indonesia,USDC
12,0.9726417011604138,2990487763426.1704,535,S2_panic_selling_defi,indonesia,USDC
13,0.978814029559437,2990487763426.1704,535,S2_panic_selling_defi,indonesia,USDC
14,0.9559163476683611,2990487763426.1704,535,S2_panic_selling_defi,indonesia,USDC
15,0.9810865396672569,2989639333205.8276,535,S2_panic_selling_defi,indonesia,USDC
16,0.965767834038465,2989639333205.8276,535,S2_panic_selling_defi,indonesia,USDC
17,0.9621901152060222,2989390142886.2876,535,S2_panic_selling_defi,indonesia,USDC
18,0.9612301706136438,2988945728928.237,535,S2_panic_selling_defi,indonesia,USDC
19,0.9965184596759866,2988427512999.442,535,S2_panic_selling_defi,indonesia,USDC
20,1.0118498620425938,2988427512999.442,535,S2_panic_selling_defi,indonesia,USDC
21,1.0096470048169826,2988427512999.442,535,S2_panic_selling_defi,indonesia,USDC
22,0.9746746305198839,2988427512999.442,535,S2_panic_selling_defi,indonesia,USDC
23,0.954585018739147,2988427512999.442,535,S2_panic_selling_defi,indonesia,USDC
24,0.9884970028220018,2987518951813.2446,535,S2_panic_selling_defi,indonesia,USDC
25,0.957092219988022,2987518951813.2446,535,S2_panic_selling_defi,indonesia,USDC
26,0.9390891219394322,2986783251620.9375,535,S2_panic_selling_defi,indonesia,USDC
27,0.9469687480602059,2985022509664.834,535,S2_panic_selling_defi,indonesia,USDC
28,0.958391922405968,2983727660716.282,535,S2_panic_selling_defi,indonesia,USDC
29,0.9533021209744841,2983090534057.6816,535,S2_panic_selling_defi,indonesia,USDC
30,0.9514305465830665,2982185013747.979,535,S2_panic_selling_defi,indonesia,USDC
31,0.969475541632719,2981235662074.6934,535,S2_panic_selling_defi,indonesia,USDC
32,0.9765128126350865,2981233707740.666,535,S2_panic_selling_defi,indonesia,USDC
33,0.9639541325121989,2981233707740.666,535,S2_panic_selling_defi,indonesia,USDC
34,0.9782284555444035,2980927601275.5435,535,S2_panic_selling_defi,indonesia,USDC
35,0.9817553508182459,2980927601275.5435,535,S2_panic_selling_defi,indonesia,USDC
36,0.9606665230595505,2980927601275.5435,535,S2_panic_selling_defi,indonesia,USDC
37,0.9727656593109715,2980475996432.2744,535,S2_panic_selling_defi,indonesia,USDC
38,0.9739168904230708,2980475996432.2744,535,S2_panic_selling_defi,indonesia,USDC
39,0.9546761041176224,2980475996432.2744,535,S2_panic_selling_defi,indonesia,USDC
40,0.96864975812342,2979725572478.931,535,S2_panic_selling_defi,indonesia,USDC
41,0.9789493777706623,2979657033353.4736,535,S2_panic_selling_defi,indonesia,USDC
42,0.9840817515400807,2979657033353.4736,535,S2_panic_selling_defi,indonesia,USDC
43,0.986833177453344,2979657033353.4736,535,S2_panic_selling_defi,indonesia,USDC
44,0.9891150158997337,2979657033353.4736,535,S2_panic_selling_defi,indonesia,USDC
45,0.9686386308282415,2979657033353.4736,535,S2_panic_selling_defi,indonesia,USDC
46,0.9920637512062962,2979606540634.6196,535,S2_panic_selling_defi,indonesia,USDC
47,0.9930436630142219,2979606540634.6196,535,S2_panic_selling_defi,indonesia,USDC
48,1.0212578549732823,2979606540634.6196,535,S2_panic_selling_defi,indonesia,USDC
49,1.0435835669985516,2979606540634.6196,535,S2_panic_selling_defi,indonesia,USDC
50,1.0505911831860457,2979606540634.6196,535,S2_panic_selling_defi,indonesia,USDC
51,1.104940771578305,2979606540634.6196,535,S2_panic_selling_defi,indonesia,USDC
52,1.05172554979432,2979606540634.6196,535,S2_panic_selling_defi,indonesia,USDC
53,1.0267283528882718,2979606540634.6196,535,S2_panic_selling_defi,indonesia,USDC
54,1.0380694298287452,2979606540634.6196,535,S2_panic_selling_defi,indonesia,USDC
55,1.0162978051589682,2979606540634.6196,535,S2_panic_selling_defi,indonesia,USDC
56,1.030576780404648,2979606540634.6196,535,S2_panic_selling_defi,indonesia,USDC
57,1.0219438841706803,2979606540634.6196,535,S2_panic_selling_defi,indonesia,USDC
58,0.983841621917972,2979606540634.6196,535,S2_panic_selling_defi,indonesia,USDC
59,0.9523563084839208,2979606540634.6196,535,S2_panic_selling_defi,indonesia,USDC
60,0.9070985771716378,2978729788959.4087,535,S2_panic_selling_defi,indonesia,USDC
61,0.9211596589968942,2975699666803.6875,535,S2_panic_selling_defi,indonesia,USDC
62,0.9384515116796837,2973450468402.847,535,S2_panic_selling_defi,indonesia,USDC
63,0.893682484516069,2972053140159.377,535,S2_panic_selling_defi,indonesia,USDC
64,0.9237295153397538,2968855193831.935,535,S2_panic_selling_defi,indonesia,USDC
65,0.9052108775790487,2967100733676.3994,535,S2_panic_selling_defi,indonesia,USDC
66,0.9360598893119527,2964748479387.4272,535,S2_panic_selling_defi,indonesia,USDC
67,0.9525260424105759,2963611342415.2554,535,S2_panic_selling_defi,indonesia,USDC
68,0.9715811171290177,2963045085051.0,535,S2_panic_selling_defi,indonesia,USDC
69,0.9981056469118582,2963045085051.0,535,S2_panic_selling_defi,indonesia,USDC
70,1.0040133908479616,2963045085051.0,535,S2_panic_selling_defi,indonesia,USDC
71,0.9869457373470591,2963045085051.0,535,S2_panic_selling_defi,indonesia,USDC
72,0.9844416895005219,2963045085051.0,535,S2_panic_selling_defi,indonesia,USDC
73,0.9955678922413334,2963045085051.0,535,S2_panic_selling_defi,indonesia,USDC
74,1.0073357317727505,2963045085051.0,535,S2_panic_selling_defi,indonesia,USDC
75,1.0358981647040135,2963045085051.0,535,S2_panic_selling_defi,indonesia,USDC
76,1.0224064115477822,2963045085051.0,535,S2_panic_selling_defi,indonesia,USDC
77,0.9939958826183658,2963045085051.0,535,S2_panic_selling_defi,indonesia,USDC
78,1.0166830602085184,2963045085051.0,535,S2_panic_selling_defi,indonesia,USDC
79,1.0485863828174127,2963045085051.0,535,S2_panic_selling_defi,indonesia,USDC
80,1.0251916781107797,2963045085051.0,535,S2_panic_selling_defi,indonesia,USDC
81,1.0027898579844545,2963045085051.0,535,S2_panic_selling_defi,indonesia,USDC
82,0.9753136870532603,2963045085051.0,535,S2_panic_selling_defi,indonesia,USDC
83,0.9924607362379801,2963045085051.0,535,S2_panic_selling_defi,indonesia,USDC
84,0.8938652282315495,2963045085051.0,535,S2_panic_selling_defi,indonesia,USDC
85,0.8970077862128847,2960489678606.3623,535,S2_panic_selling_defi,indonesia,USDC
86,0.8725585346116856,2958265691599.6562,535,S2_panic_selling_defi,indonesia,USDC
87,0.858402479450097,2955556293117.244,535,S2_panic_selling_defi,indonesia,USDC
88,0.8866076267702222,2952715592999.033,535,S2_panic_selling_defi,indonesia,USDC
89,0.8794466462670426,2950903163155.283,535,S2_panic_selling_defi,indonesia,USDC
90,0.8996426495078964,2948997304481.8086,535,S2_panic_selling_defi,indonesia,USDC
91,0.9490707770271503,2947736104074.6797,535,S2_panic_selling_defi,indonesia,USDC
92,0.9740059960658731,2947404350049.6226,535,S2_panic_selling_defi,indonesia,USDC
93,0.9773364720927736,2947404350049.6226,535,S2_panic_selling_defi,indonesia,USDC
94,0.9671477256735475,2947404350049.6226,535,S2_panic_selling_defi,indonesia,USDC
95,0.9758615482502351,2947354607012.801,535,S2_panic_selling_defi,indonesia,USDC
96,0.9808337211527244,2947354607012.801,535,S2_panic_selling_defi,indonesia,USDC
97,0.983027961605126,2947354607012.801,535,S2_panic_selling_defi,indonesia,USDC
98,0.9911634118226811,2947354607012.801,535,S2_panic_selling_defi,indonesia,USDC
99,1.000770730618225,2947354607012.801,535,S2_panic_selling_defi,indonesia,USDC
100,1.0047453124056482,2947354607012.801,535,S2_panic_selling_defi,indonesia,USDC
101,1.0009702310346675,2947354607012.801,535,S2_panic_selling_defi,indonesia,USDC
102,0.9953153594673599,2947354607012.801,535,S2_panic_selling_defi,indonesia,USDC
103,1.023920787099956,2947354607012.801,535,S2_panic_selling_defi,indonesia,USDC
104,1.019965015573877,2947354607012.801,535,S2_panic_selling_defi,indonesia,USDC
105,0.9983752526784433,2947354607012.801,535,S2_panic_selling_defi,indonesia,USDC
106,0.9926555884853145,2947354607012.801,535,S2_panic_selling_defi,indonesia,USDC
107,0.9954603368518331,2947354607012.801,535,S2_panic_selling_defi,indonesia,USDC
108,1.0106974796847963,2947354607012.801,535,S2_panic_selling_defi,indonesia,USDC
109,1.0512943226384093,2947354607012.801,535,S2_panic_selling_defi,indonesia,USDC
110,1.06246049308001,2947354607012.801,535,S2_panic_selling_defi,indonesia,USDC
111,1.0743233893430613,2947354607012.801,535,S2_panic_selling_defi,indonesia,USDC
112,1.0924236305786197,2947354607012.801,535,S2_panic_selling_defi,indonesia,USDC
113,1.0938617301568117,2947354607012.801,535,S2_panic_selling_defi,indonesia,USDC
114,1.0752367825717983,2947354607012.801,535,S2_panic_selling_defi,indonesia,USDC
115,1.0735031937886146,2947354607012.801,535,S2_panic_selling_defi,indonesia,USDC
116,1.0308987635071607,2947354607012.801,535,S2_panic_selling_defi,indonesia,USDC
117,1.072222786637578,2947354607012.801,535,S2_panic_selling_defi,indonesia,USDC
118,1.0112269062481098,2947354607012.801,535,S2_panic_selling_defi,indonesia,USDC
119,1.011194763422449,2947354607012.801,535,S2_panic_selling_defi,indonesia,USDC
120,1.0190333677289356,2947354607012.801,535,S2_panic_selling_defi,indonesia,USDC
121,1.0119185003510778,2873670741837.4805,535,S2_panic_selling_defi,indonesia,USDC
122,0.9782210626496101,2801828973291.5435,535,S2_panic_selling_defi,indonesia,USDC
123,0.96855871987546,2731783248959.255,535,S2_panic_selling_defi,indonesia,USDC
124,0.9312266221667305,2663472327688.252,535,S2_panic_selling_defi,indonesia,USDC
125,0.9054543965142606,2596287057627.1084,535,S2_panic_selling_defi,indonesia,USDC
126,0.8861289218746363,2530403647964.209,535,S2_panic_selling_defi,indonesia,USDC
127,0.8634442998551629,2465888498124.546,535,S2_panic_selling_defi,indonesia,USDC
128,0.8575917758458532,2402747410048.602,535,S2_panic_selling_defi,indonesia,USDC
129,0.8519976294987593,2341364775973.483,535,S2_panic_selling_defi,indonesia,USDC
130,0.8633880676763005,2281572963890.7666,535,S2_panic_selling_defi,indonesia,USDC
131,0.8333807872790558,2223485813584.3887,535,S2_panic_selling_defi,indonesia,USDC
132,0.8168654933608132,2166751709033.376,535,S2_panic_selling_defi,indonesia,USDC
133,0.8279117659020286,2111493616606.3853,535,S2_panic_selling_defi,indonesia,USDC
134,0.8277289429407134,2057827972680.168,535,S2_panic_selling_defi,indonesia,USDC
135,0.8089852584459342,2005594477018.8223,535,S2_panic_selling_defi,indonesia,USDC
136,0.8216984447159236,1954693799422.7617,535,S2_panic_selling_defi,indonesia,USDC
137,0.8207912735858464,1905242029970.5557,535,S2_panic_selling_defi,indonesia,USDC
138,0.8296430966599178,1857132776992.281,535,S2_panic_selling_defi,indonesia,USDC
139,0.8272000222767217,1810313308482.1377,535,S2_panic_selling_defi,indonesia,USDC
140,0.811496353158588,1764713739519.5117,535,S2_panic_selling_defi,indonesia,USDC
141,0.8150154727713907,1720264664439.373,535,S2_panic_selling_defi,indonesia,USDC
142,0.8082015284756243,1677003263862.541,535,S2_panic_selling_defi,indonesia,USDC
143,0.7933322186619365,1634847406103.814,535,S2_panic_selling_defi,indonesia,USDC
144,0.8157486080916984,1593759973870.2134,535,S2_panic_selling_defi,indonesia,USDC
145,0.8151804116343424,1553757904994.913,535,S2_panic_selling_defi,indonesia,USDC
146,0.8226341571181911,1514780534713.991,535,S2_panic_selling_defi,indonesia,USDC
147,0.8078004418603362,1476804292329.767,535,S2_panic_selling_defi,indonesia,USDC
148,0.8134364408414815,1439786527333.7588,535,S2_panic_selling_defi,indonesia,USDC
149,0.792334952570589,1403713072516.8767,535,S2_panic_selling_defi,indonesia,USDC
150,0.7760023030426348,1368546471942.5405,535,S2_panic_selling_defi,indonesia,USDC
151,0.7858277842204731,1334265054331.38,535,S2_panic_selling_defi,indonesia,USDC
152,0.7956765890319244,1300857766121.6494,535,S2_panic_selling_defi,indonesia,USDC
153,0.7891921181231181,1268297133833.5454,535,S2_panic_selling_defi,indonesia,USDC
154,0.772704230023359,1236555311771.171,535,S2_panic_selling_defi,indonesia,USDC
155,0.6930753948079129,1205611373095.3105,535,S2_panic_selling_defi,indonesia,USDC
156,0.719801608426765,1175437781905.3137,535,S2_panic_selling_defi,indonesia,USDC
157,0.7102504922838464,1146029873396.857,535,S2_panic_selling_defi,indonesia,USDC
158,0.7393258148342865,1117361547439.9495,535,S2_panic_selling_defi,indonesia,USDC
159,0.7387864400291199,1089415927946.45,535,S2_panic_selling_defi,indonesia,USDC
160,0.7531680858904214,1062171577262.2004,535,S2_panic_selling_defi,indonesia,USDC
161,0.7756329729370773,1035610686378.9492,535,S2_panic_selling_defi,indonesia,USDC
162,0.7860199927513816,1009715977252.9744,535,S2_panic_selling_defi,indonesia,USDC
163,0.8118648884566567,984469668692.8867,535,S2_panic_selling_defi,indonesia,USDC
164,0.8057602729887259,959855477219.4894,535,S2_panic_selling_defi,indonesia,USDC
165,0.826639399033354,935856937786.2598,535,S2_panic_selling_defi,indonesia,USDC
166,0.8204639734671207,912458976849.1606,535,S2_panic_selling_defi,indonesia,USDC
167,0.8492251540181955,889646120761.1653,535,S2_panic_selling_defi,indonesia,USDC
168,0.8433675065278705,867403974993.4736,535,S2_panic_selling_defi,indonesia,USDC
169,0.8232399381289868,845717960555.155,535,S2_panic_selling_defi,indonesia,USDC
170,0.8246086800057186,824574103983.2351,535,S2_panic_selling_defi,indonesia,USDC
171,0.830178540153376,803958999562.1509,535,S2_panic_selling_defi,indonesia,USDC
172,0.8272000295191729,783859363515.7383,535,S2_panic_selling_defi,indonesia,USDC
173,0.8061500249878646,764262314048.1843,535,S2_panic_selling_defi,indonesia,USDC
174,0.8148884787876544,745155188702.6562,535,S2_panic_selling_defi,indonesia,USDC
175,0.7941383074993534,726525870551.6035,535,S2_panic_selling_defi,indonesia,USDC
176,0.7799755339004116,708362297066.3413,535,S2_panic_selling_defi,indonesia,USDC
177,0.771210285101391,690652869950.7041,535,S2_panic_selling_defi,indonesia,USDC
178,0.7699268059801568,673386240810.3768,535,S2_panic_selling_defi,indonesia,USDC
179,0.7705507666024373,656551332281.3291,535,S2_panic_selling_defi,indonesia,USDC
180,0.759199059024741,640137351723.2518,535,S2_panic_selling_defi,indonesia,USDC
181,0.768350323558236,624133744050.9138,535,S2_panic_selling_defi,indonesia,USDC
182,0.7864953273262404,608530275467.0873,535,S2_panic_selling_defi,indonesia,USDC
183,0.7873869723091401,593316927423.4463,535,S2_panic_selling_defi,indonesia,USDC
184,0.7863895597518056,578483930168.8833,535,S2_panic_selling_defi,indonesia,USDC
185,0.7637916120312886,564021772010.0953,535,S2_panic_selling_defi,indonesia,USDC
186,0.7441011678348808,549921169012.1692,535,S2_panic_selling_defi,indonesia,USDC
187,0.7475311880168904,536173092021.9408,535,S2_panic_selling_defi,indonesia,USDC
188,0.7557997937609245,522768725812.2741,535,S2_panic_selling_defi,indonesia,USDC
189,0.7685936610720656,509699479893.1897,535,S2_panic_selling_defi,indonesia,USDC
190,0.7501708460965888,496956972374.25507,535,S2_panic_selling_defi,indonesia,USDC
191,0.7779743638465447,484533030442.14624,535,S2_panic_selling_defi,indonesia,USDC
192,0.7831499678666778,472419692590.34796,535,S2_panic_selling_defi,indonesia,USDC
193,0.7948165598307235,460609190117.87256,535,S2_panic_selling_defi,indonesia,USDC
194,0.8166448329669499,449093952675.93787,535,S2_panic_selling_defi,indonesia,USDC
195,0.8240132377850926,437866598551.3086,535,S2_panic_selling_defi,indonesia,USDC
196,0.8150737814898983,426919929136.0411,535,S2_panic_selling_defi,indonesia,USDC
197,0.8275260902067795,416246926894.55115,535,S2_panic_selling_defi,indonesia,USDC
198,0.7895336195331011,405840750621.0971,535,S2_panic_selling_defi,indonesia,USDC
199,0.7683416135324793,395694728576.3626,535,S2_panic_selling_defi,indonesia,USDC
200,0.7769904685972874,385802357475.01215,535,S2_panic_selling_defi,indonesia,USDC
201,0.797568435104004,376157296181.07214,535,S2_panic_selling_defi,indonesia,USDC
202,0.7950076421505965,366753362089.78467,535,S2_panic_selling_defi,indonesia,USDC
203,0.7923681978304828,357584526712.4689,535,S2_panic_selling_defi,indonesia,USDC
204,0.7856685586280976,348644912427.89026,535,S2_panic_selling_defi,indonesia,USDC
205,0.7893983155154783,339928788598.5929,535,S2_panic_selling_defi,indonesia,USDC
206,0.7864656756250371,331430568075.28864,535,S2_panic_selling_defi,indonesia,USDC
207,0.7684376996667674,323144803204.88745,535,S2_panic_selling_defi,indonesia,USDC
208,0.8060533285879543,315066182529.4956,535,S2_panic_selling_defi,indonesia,USDC
209,0.7991290062078924,307189527605.3767,535,S2_panic_selling_defi,indonesia,USDC
210,0.8248571837023738,299509789092.26337,535,S2_panic_selling_defi,indonesia,USDC
211,0.834686592728435,292022044136.69104,535,S2_panic_selling_defi,indonesia,USDC
212,0.8284490346874185,284721492851.22156,535,S2_panic_selling_defi,indonesia,USDC
213,0.8307558498081125,277603455362.26184,535,S2_panic_selling_defi,indonesia,USDC
214,0.8326206115059035,270663368839.71976,535,S2_panic_selling_defi,indonesia,USDC
215,0.8308041164286912,263896784503.1404,535,S2_panic_selling_defi,indonesia,USDC
216,0.8371850972890413,257299364782.43665,535,S2_panic_selling_defi,indonesia,USDC
217,0.8297361450618523,250866880579.9281,535,S2_panic_selling_defi,indonesia,USDC
218,0.6955785485786624,244595208484.10455,535,S2_panic_selling_defi,indonesia,USDC
219,0.7109329246933678,238480328135.89932,535,S2_panic_selling_defi,indonesia,USDC
220,0.7117101462123657,232518319841.89783,535,S2_panic_selling_defi,indonesia,USDC
221,0.7212695255485201,226705361780.6537,535,S2_panic_selling_defi,indonesia,USDC
222,0.7340465405083753,221037727690.34528,535,S2_panic_selling_defi,indonesia,USDC
223,0.7475145719388606,215511784465.17316,535,S2_panic_selling_defi,indonesia,USDC
224,0.7436293413589562,210123989829.1765,535,S2_panic_selling_defi,indonesia,USDC
225,0.7434033214377725,204870890063.3522,535,S2_panic_selling_defi,indonesia,USDC
226,0.7482629606047688,199749117796.34766,535,S2_panic_selling_defi,indonesia,USDC
227,0.7522654137924323,194755389840.1192,535,S2_panic_selling_defi,indonesia,USDC
228,0.7264925783731574,189886505085.301,535,S2_panic_selling_defi,indonesia,USDC
229,0.7546683794511647,185139342450.95215,535,S2_panic_selling_defi,indonesia,USDC
230,0.7530379736173299,180510858884.81317,535,S2_panic_selling_defi,indonesia,USDC
231,0.765281333188836,175998087408.65408,535,S2_panic_selling_defi,indonesia,USDC
232,0.7560717474264469,171598135220.46548,535,S2_panic_selling_defi,indonesia,USDC
233,0.7610832106706149,167308181837.5905,535,S2_panic_selling_defi,indonesia,USDC
234,0.749067557645276,163125477289.7472,535,S2_panic_selling_defi,indonesia,USDC
235,0.7544799419839731,159047340355.9789,535,S2_panic_selling_defi,indonesia,USDC
236,0.7881908450903728,155071156845.84134,535,S2_panic_selling_defi,indonesia,USDC
237,0.771336873764918,151194377923.93027,535,S2_panic_selling_defi,indonesia,USDC
238,0.7686043031663611,147414518475.13007,535,S2_panic_selling_defi,indonesia,USDC
239,0.7606451080827533,143729155512.67975,535,S2_panic_selling_defi,indonesia,USDC
240,0.7672831653256122,140135926624.3674,535,S2_panic_selling_defi,indonesia,USDC
241,0.7723464296196312,136632528458.39557,535,S2_panic_selling_defi,indonesia,USDC
242,0.7601798917140193,133216715246.6597,535,S2_panic_selling_defi,indonesia,USDC
243,0.7761604626506773,129886297365.24203,535,S2_panic_selling_defi,indonesia,USDC
244,0.7698395236297015,126639139930.93964,535,S2_panic_selling_defi,indonesia,USDC
245,0.7487300667624308,123473161432.51645,535,S2_panic_selling_defi,indonesia,USDC
246,0.7494867703486972,120386332396.57681,535,S2_panic_selling_defi,indonesia,USDC
247,0.7617817281365195,117376674086.5633,535,S2_panic_selling_defi,indonesia,USDC
248,0.782721599986484,114442257234.32434,535,S2_panic_selling_defi,indonesia,USDC
249,0.7847070577145162,111581200803.41379,535,S2_panic_selling_defi,indonesia,USDC
250,0.7842859595634284,108791670783.28601,535,S2_panic_selling_defi,indonesia,USDC
251,0.7903274821113416,106071879013.66899,535,S2_panic_selling_defi,indonesia,USDC
252,0.7832086687700889,103420082038.29791,535,S2_panic_selling_defi,indonesia,USDC
253,0.7632419227153986,100834579987.31651,535,S2_panic_selling_defi,indonesia,USDC
254,0.7691813828892929,98313715487.61157,535,S2_panic_selling_defi,indonesia,USDC
255,0.7800618086823962,95855872600.40442,535,S2_panic_selling_defi,indonesia,USDC
256,0.7871706756786329,93459475785.3816,535,S2_panic_selling_defi,indonesia,USDC
257,0.7999109988354829,91122988890.73737,535,S2_panic_selling_defi,indonesia,USDC
258,0.8017668546848712,88844914168.46124,535,S2_panic_selling_defi,indonesia,USDC
259,0.7972166767906885,86623791314.24355,535,S2_panic_selling_defi,indonesia,USDC
260,0.7941582240115049,84458196531.38242,535,S2_panic_selling_defi,indonesia,USDC
261,0.7559395064126023,82346741618.09341,535,S2_panic_selling_defi,indonesia,USDC
262,0.7724125340393163,80288073077.63654,535,S2_panic_selling_defi,indonesia,USDC
263,0.7741379822992456,78280871250.69244,535,S2_panic_selling_defi,indonesia,USDC
264,0.790615175958518,76323849469.42267,535,S2_panic_selling_defi,indonesia,USDC
265,0.8007808649210003,74415753232.68523,535,S2_panic_selling_defi,indonesia,USDC
266,0.7870444613272457,72555359401.8667,535,S2_panic_selling_defi,indonesia,USDC
267,0.7710431172769199,70741475416.81873,535,S2_panic_selling_defi,indonesia,USDC
268,0.7844764898327489,68972938531.39713,535,S2_panic_selling_defi,indonesia,USDC
269,0.7901186122345135,67248615068.11131,535,S2_panic_selling_defi,indonesia,USDC
270,0.7661408470819466,65567399691.407845,535,S2_panic_selling_defi,indonesia,USDC
271,0.7501410768072726,63928214699.122025,535,S2_panic_selling_defi,indonesia,USDC
272,0.7636178556367823,62330009331.643425,535,S2_panic_selling_defi,indonesia,USDC
273,0.7753166636382369,60771759098.35195,535,S2_panic_selling_defi,indonesia,USDC
274,0.7774502734185306,59252465120.89285,535,S2_panic_selling_defi,indonesia,USDC
275,0.775065599720855,57771153492.87029,535,S2_panic_selling_defi,indonesia,USDC
276,0.7655951335662922,56326874655.54833,535,S2_panic_selling_defi,indonesia,USDC
277,0.7831355988513304,54918702789.15947,535,S2_panic_selling_defi,indonesia,USDC
278,0.810094889557456,53545735219.43036,535,S2_panic_selling_defi,indonesia,USDC
279,0.80767237565607,52207091838.94452,535,S2_panic_selling_defi,indonesia,USDC
280,0.8136633204568122,50901914542.97084,535,S2_panic_selling_defi,indonesia,USDC
281,0.8162148673424937,49629366679.39651,535,S2_panic_selling_defi,indonesia,USDC
282,0.8121528032509642,48388632512.41155,535,S2_panic_selling_defi,indonesia,USDC
283,0.7806592569391058,47178916699.60122,535,S2_panic_selling_defi,indonesia,USDC
284,0.7596878276020522,45999443782.11115,535,S2_panic_selling_defi,indonesia,USDC
285,0.7650343295649472,44849457687.558334,535,S2_panic_selling_defi,indonesia,USDC
286,0.7844471736423754,43728221245.36935,535,S2_panic_selling_defi,indonesia,USDC
287,0.7896077714204303,42635015714.23509,535,S2_panic_selling_defi,indonesia,USDC
288,0.8095672622809401,41569140321.379196,535,S2_panic_selling_defi,indonesia,USDC
289,0.7973655140601631,40529911813.3447,535,S2_panic_selling_defi,indonesia,USDC
290,0.7860308235176309,39516664018.01108,535,S2_panic_selling_defi,indonesia,USDC
291,0.7947564981325188,38528747417.56079,535,S2_panic_selling_defi,indonesia,USDC
292,0.7608048220573148,37565528732.121765,535,S2_panic_selling_defi,indonesia,USDC
293,0.7484850691898414,36626390513.81871,535,S2_panic_selling_defi,indonesia,USDC
294,0.7564394359195691,35710730750.97324,535,S2_panic_selling_defi,indonesia,USDC
295,0.7603240714574143,34817962482.198906,535,S2_panic_selling_defi,indonesia,USDC
296,0.7823233262264404,33947513420.14393,535,S2_panic_selling_defi,indonesia,USDC
297,0.7830933887714261,33098825584.64033,535,S2_panic_selling_defi,indonesia,USDC
298,0.7886042241609782,32271354945.024323,535,S2_panic_selling_defi,indonesia,USDC
299,0.7926282267364417,31464571071.398712,535,S2_panic_selling_defi,indonesia,USDC
300,0.8031348350577199,30677956794.613743,535,S2_panic_selling_defi,indonesia,USDC
301,0.7931141144712637,29911007874.748405,535,S2_panic_selling_defi,indonesia,USDC
302,0.7935593370680489,29163232677.879692,535,S2_panic_selling_defi,indonesia,USDC
303,0.8009375395067856,28434151860.932697,535,S2_panic_selling_defi,indonesia,USDC
304,0.7940160625031762,27723298064.40938,535,S2_panic_selling_defi,indonesia,USDC
305,0.7783906230240124,27030215612.79915,535,S2_panic_selling_defi,indonesia,USDC
306,0.7669421227125224,26354460222.479168,535,S2_panic_selling_defi,indonesia,USDC
307,0.7841395713750732,25695598716.91719,535,S2_panic_selling_defi,indonesia,USDC
308,0.7925003823677839,25053208748.994263,535,S2_panic_selling_defi,indonesia,USDC
309,0.8095750932890128,24426878530.269405,535,S2_panic_selling_defi,indonesia,USDC
310,0.8037657293521573,23816206567.012672,535,S2_panic_selling_defi,indonesia,USDC
311,0.801639213144718,23220801402.837357,535,S2_panic_selling_defi,indonesia,USDC
312,0.7965804594420582,22640281367.766422,535,S2_panic_selling_defi,indonesia,USDC
313,0.7917494135606686,22074274333.572258,535,S2_panic_selling_defi,indonesia,USDC
314,0.73823236909193,21522417475.232956,535,S2_panic_selling_defi,indonesia,USDC
315,0.7564434623947848,20984357038.35213,535,S2_panic_selling_defi,indonesia,USDC
316,0.7590075845877677,20459748112.39333,535,S2_panic_selling_defi,indonesia,USDC
317,0.7778496387281161,19948254409.583492,535,S2_panic_selling_defi,indonesia,USDC
318,0.7761878205667548,19449548049.34391,535,S2_panic_selling_defi,indonesia,USDC
319,0.7822203442243933,18963309348.11031,535,S2_panic_selling_defi,indonesia,USDC
320,0.803038297898737,18489226614.407555,535,S2_panic_selling_defi,indonesia,USDC
321,0.7863694754493885,18026995949.047363,535,S2_panic_selling_defi,indonesia,USDC
322,0.7888306022991499,17576321050.32118,535,S2_panic_selling_defi,indonesia,USDC
323,0.8077938446002662,17136913024.063148,535,S2_panic_selling_defi,indonesia,USDC
324,0.8008335878729085,16708490198.46157,535,S2_panic_selling_defi,indonesia,USDC
325,0.8040579303480875,16290777943.500032,535,S2_panic_selling_defi,indonesia,USDC
326,0.8007253824447235,15883508494.91253,535,S2_panic_selling_defi,indonesia,USDC
327,0.7889690681096735,15486420782.539719,535,S2_panic_selling_defi,indonesia,USDC
328,0.8118721492184505,15099260262.976223,535,S2_panic_selling_defi,indonesia,USDC
329,0.8145830985124589,14721778756.401817,535,S2_panic_selling_defi,indonesia,USDC
330,0.823037180088519,14353734287.491776,535,S2_panic_selling_defi,indonesia,USDC
331,0.82566639587245,13994890930.304482,535,S2_panic_selling_defi,indonesia,USDC
332,0.8326231025602231,13645018657.046867,535,S2_panic_selling_defi,indonesia,USDC
333,0.8178148998319755,13303893190.620695,535,S2_panic_selling_defi,indonesia,USDC
334,0.8029255491078834,12971295860.855177,535,S2_panic_selling_defi,indonesia,USDC
335,0.7988404632144926,12647013464.3338,535,S2_panic_selling_defi,indonesia,USDC
336,0.8098021728291858,12330838127.725452,535,S2_panic_selling_defi,indonesia,USDC
337,0.8123785929547663,12022567174.532318,535,S2_panic_selling_defi,indonesia,USDC
338,0.8138913232505326,11722002995.16901,535,S2_panic_selling_defi,indonesia,USDC
339,0.7943385502376674,11428952920.289783,535,S2_panic_selling_defi,indonesia,USDC
340,0.7130013703615995,11143229097.28254,535,S2_panic_selling_defi,indonesia,USDC
341,0.7016753713953708,10864648369.850475,535,S2_panic_selling_defi,indonesia,USDC
342,0.6796060513626243,10593032160.604214,535,S2_panic_selling_defi,indonesia,USDC
343,0.6944046234918138,10328206356.589108,535,S2_panic_selling_defi,indonesia,USDC
344,0.6839519784451993,10070001197.67438,535,S2_panic_selling_defi,indonesia,USDC
345,0.683325605712168,9818251167.732521,535,S2_panic_selling_defi,indonesia,USDC
346,0.6877381478662606,9572794888.539207,535,S2_panic_selling_defi,indonesia,USDC
347,0.6846339288808133,9333475016.32573,535,S2_panic_selling_defi,indonesia,USDC
348,0.7174516373029813,9100138140.917585,535,S2_panic_selling_defi,indonesia,USDC
349,0.7319524808033577,8872634687.394646,535,S2_panic_selling_defi,indonesia,USDC
350,0.731765842673853,8650818820.20978,535,S2_panic_selling_defi,indonesia,USDC
351,0.7440197920939318,8434548349.704535,535,S2_panic_selling_defi,indonesia,USDC
352,0.7301725560793922,8223684640.961922,535,S2_panic_selling_defi,indonesia,USDC
353,0.7280416142275052,8018092524.937872,535,S2_panic_selling_defi,indonesia,USDC
354,0.7353822540113415,7817640211.814425,535,S2_panic_selling_defi,indonesia,USDC
355,0.736482611518998,7622199206.519066,535,S2_panic_selling_defi,indonesia,USDC
356,0.7529846325581017,7431644226.356089,535,S2_panic_selling_defi,indonesia,USDC
357,0.7861436821906768,7245853120.6971855,535,S2_panic_selling_defi,indonesia,USDC
358,0.7980088481388133,7064706792.679756,535,S2_panic_selling_defi,indonesia,USDC
359,0.8474386847149061,6888089122.862762,535,S2_panic_selling_defi,indonesia,USDC
360,0.8448780673131541,6715886894.791193,535,S2_panic_selling_defi,indonesia,USDC
361,0.8276376812561261,6547989722.421413,535,S2_panic_selling_defi,indonesia,USDC
362,0.8006230963946538,6384289979.360878,535,S2_panic_selling_defi,indonesia,USDC
363,0.8088375747889999,6224682729.876856,535,S2_panic_selling_defi,indonesia,USDC
364,0.7884858374953624,6069065661.629934,535,S2_panic_selling_defi,indonesia,USDC
365,0.7914570446116379,5917339020.089186,535,S2_panic_selling_defi,indonesia,USDC
366,0.7872727828004228,5769405544.586956,535,S2_panic_selling_defi,indonesia,USDC
367,0.7552307805867521,5625170405.972282,535,S2_panic_selling_defi,indonesia,USDC
368,0.7417916645231696,5484541145.822975,535,S2_panic_selling_defi,indonesia,USDC
369,0.7449458147001777,5347427617.177401,535,S2_panic_selling_defi,indonesia,USDC
370,0.7352156672876451,5213741926.747965,535,S2_panic_selling_defi,indonesia,USDC
371,0.7048921116276391,5083398378.579267,535,S2_panic_selling_defi,indonesia,USDC
372,0.7155910631555327,4956313419.114784,535,S2_panic_selling_defi,indonesia,USDC
373,0.7194864917470088,4832405583.636915,535,S2_panic_selling_defi,indonesia,USDC
374,0.7277623161490611,4711595444.045992,535,S2_panic_selling_defi,indonesia,USDC
375,0.7139501583727574,4593805557.944842,535,S2_panic_selling_defi,indonesia,USDC
376,0.7266901563003244,4478960418.996222,535,S2_panic_selling_defi,indonesia,USDC
377,0.7388247695141006,4366986408.521317,535,S2_panic_selling_defi,indonesia,USDC
378,0.7120776053477866,4257811748.308283,535,S2_panic_selling_defi,indonesia,USDC
379,0.7189101158352079,4151366454.600576,535,S2_panic_selling_defi,indonesia,USDC
380,0.7219613407167297,4047582293.235562,535,S2_panic_selling_defi,indonesia,USDC
381,0.7312976411818995,3946392735.9046726,535,S2_panic_selling_defi,indonesia,USDC
382,0.7178432213742075,3847732917.5070558,535,S2_panic_selling_defi,indonesia,USDC
383,0.7152163478911883,3751539594.5693793,535,S2_panic_selling_defi,indonesia,USDC
384,0.7168370598655118,3657751104.705145,535,S2_panic_selling_defi,indonesia,USDC
385,0.7448902241741466,3566307327.0875163,535,S2_panic_selling_defi,indonesia,USDC
386,0.7371648595559985,3477149643.910328,535,S2_panic_selling_defi,indonesia,USDC
387,0.750107664671826,3390220902.81257,535,S2_panic_selling_defi,indonesia,USDC
388,0.7648776357936935,3305465380.2422557,535,S2_panic_selling_defi,indonesia,USDC
389,0.7515642076495003,3222828745.7361994,535,S2_panic_selling_defi,indonesia,USDC
390,0.7525290870795361,3142258027.0927944,535,S2_panic_selling_defi,indonesia,USDC
391,0.7531380314718076,3063701576.415475,535,S2_panic_selling_defi,indonesia,USDC
392,0.7483996914733618,2987109037.005088,535,S2_panic_selling_defi,indonesia,USDC
393,0.7379655898733817,2912431311.079961,535,S2_panic_selling_defi,indonesia,USDC
394,0.7718395643949821,2839620528.3029613,535,S2_panic_selling_defi,indonesia,USDC
395,0.7797704757031628,2768630015.0953875,535,S2_panic_selling_defi,indonesia,USDC
396,0.7752604532393382,2699414264.7180033,535,S2_panic_selling_defi,indonesia,USDC
397,0.7533605564800998,2631928908.100053,535,S2_panic_selling_defi,indonesia,USDC
398,0.7799822576994853,2566130685.3975515,535,S2_panic_selling_defi,indonesia,USDC
399,0.7768943864977661,2501977418.262613,535,S2_panic_selling_defi,indonesia,USDC
400,0.7790251172571896,2439427982.8060474,535,S2_panic_selling_defi,indonesia,USDC
401,0.7711842363054578,2378442283.2358966,535,S2_panic_selling_defi,indonesia,USDC
402,0.7935042734219656,2318981226.1549993,535,S2_panic_selling_defi,indonesia,USDC
403,0.815998979903996,2261006695.501124,535,S2_panic_selling_defi,indonesia,USDC
404,0.8116219626817762,2204481528.113596,535,S2_panic_selling_defi,indonesia,USDC
405,0.810851256312253,2149369489.910756,535,S2_panic_selling_defi,indonesia,USDC
406,0.8153800104157902,2095635252.662987,535,S2_panic_selling_defi,indonesia,USDC
407,0.8099299791543361,2043244371.3464122,535,S2_panic_selling_defi,indonesia,USDC
408,0.7811063782987003,1992163262.0627518,535,S2_panic_selling_defi,indonesia,USDC
409,0.8066783783971515,1942359180.5111833,535,S2_panic_selling_defi,indonesia,USDC
410,0.7943680465421129,1893800200.9984038,535,S2_panic_selling_defi,indonesia,USDC
411,0.7893440376059383,1846455195.9734435,535,S2_panic_selling_defi,indonesia,USDC
412,0.8028927322847137,1800293816.0741076,535,S2_panic_selling_defi,indonesia,USDC
413,0.7925087815855857,1755286470.6722548,535,S2_panic_selling_defi,indonesia,USDC
414,0.7876350046979291,1711404308.9054484,535,S2_panic_selling_defi,indonesia,USDC
415,0.7875507000841233,1668619201.1828122,535,S2_panic_selling_defi,indonesia,USDC
416,0.7625220528743925,1626903721.153242,535,S2_panic_selling_defi,indonesia,USDC
417,0.7469597992580324,1586231128.1244109,535,S2_panic_selling_defi,indonesia,USDC
418,0.7487850921382366,1546575349.9213006,535,S2_panic_selling_defi,indonesia,USDC
419,0.7451459979092889,1507910966.173268,535,S2_panic_selling_defi,indonesia,USDC
420,0.7550881130899172,1470213192.0189362,535,S2_panic_selling_defi,indonesia,USDC
421,0.7912998802246023,1433457862.218463,535,S2_panic_selling_defi,indonesia,USDC
422,0.7749958706630757,1397621415.6630015,535,S2_panic_selling_defi,indonesia,USDC
423,0.7654455811466051,1362680880.2714262,535,S2_panic_selling_defi,indonesia,USDC
424,0.7726869035011588,1328613858.2646408,535,S2_panic_selling_defi,indonesia,USDC
425,0.7695354923793769,1295398511.8080246,535,S2_panic_selling_defi,indonesia,USDC
426,0.7898409945759465,1263013549.012824,535,S2_panic_selling_defi,indonesia,USDC
427,0.7841896722224392,1231438210.2875035,535,S2_panic_selling_defi,indonesia,USDC
428,0.8028985044893736,1200652255.0303159,535,S2_panic_selling_defi,indonesia,USDC
429,0.7885447661371967,1170635948.654558,535,S2_panic_selling_defi,indonesia,USDC
430,0.794063207072979,1141370049.938194,535,S2_panic_selling_defi,indonesia,USDC
431,0.8136250439447286,1112835798.689739,535,S2_panic_selling_defi,indonesia,USDC
432,0.8368115156460385,1085014903.7224956,535,S2_panic_selling_defi,indonesia,USDC
433,0.8250278749125279,1057889531.1294333,535,S2_panic_selling_defi,indonesia,USDC
434,0.7985890666788155,1031442292.8511975,535,S2_panic_selling_defi,indonesia,USDC
435,0.7806588107672532,1005656235.5299175,535,S2_panic_selling_defi,indonesia,USDC
436,0.7618968064957354,980514829.6416696,535,S2_panic_selling_defi,indonesia,USDC
437,0.7695735089192869,956001958.9006279,535,S2_panic_selling_defi,indonesia,USDC
438,0.7647796062666579,932101909.9281123,535,S2_panic_selling_defi,indonesia,USDC
439,0.7782287366159787,908799362.1799095,535,S2_panic_selling_defi,indonesia,USDC
440,0.7929398332188744,886079378.1254116,535,S2_panic_selling_defi,indonesia,USDC
441,0.789658224856112,863927393.6722765,535,S2_panic_selling_defi,indonesia,USDC
442,0.7961106933849328,842329208.8304694,535,S2_panic_selling_defi,indonesia,USDC
443,0.7699985824758933,821270978.6097077,535,S2_panic_selling_defi,indonesia,USDC
444,0.7836892448557939,800739204.144465,535,S2_panic_selling_defi,indonesia,USDC
445,0.8071302163820803,780720724.0408534,535,S2_panic_selling_defi,indonesia,USDC
446,0.805613887372255,761202705.939832,535,S2_panic_selling_defi,indonesia,USDC
447,0.7817395552552928,742172638.2913363,535,S2_panic_selling_defi,indonesia,USDC
448,0.7680075115107091,723618322.3340528,535,S2_panic_selling_defi,indonesia,USDC
449,0.7603140975819805,705527864.2757015,535,S2_panic_selling_defi,indonesia,USDC
450,0.7772659557220222,687889667.6688089,535,S2_panic_selling_defi,indonesia,USDC
451,0.7760839646183684,670692425.9770887,535,S2_panic_selling_defi,indonesia,USDC
452,0.7865213533097981,653925115.3276615,535,S2_panic_selling_defi,indonesia,USDC
453,0.8031650395715456,637576987.4444699,535,S2_panic_selling_defi,indonesia,USDC
454,0.8067158803348976,621637562.7583582,535,S2_panic_selling_defi,indonesia,USDC
455,0.8299198223006109,606096623.6893992,535,S2_panic_selling_defi,indonesia,USDC
456,0.8298398115323571,590944208.0971643,535,S2_panic_selling_defi,indonesia,USDC
457,0.8461744426405015,576170602.8947351,535,S2_panic_selling_defi,indonesia,USDC
458,0.8284123871375567,561766337.8223667,535,S2_panic_selling_defi,indonesia,USDC
459,0.8217117685604521,547722179.3768076,535,S2_panic_selling_defi,indonesia,USDC
460,0.8418256280461387,534029124.8923874,535,S2_panic_selling_defi,indonesia,USDC
461,0.8730301065240273,520678396.7700777,535,S2_panic_selling_defi,indonesia,USDC
462,0.8424179950983951,507661436.8508257,535,S2_panic_selling_defi,indonesia,USDC
463,0.8411717551556189,494969900.9295552,535,S2_panic_selling_defi,indonesia,USDC
464,0.8351477316668449,482595653.4063162,535,S2_panic_selling_defi,indonesia,USDC
465,0.7899107247800159,470530762.07115835,535,S2_panic_selling_defi,indonesia,USDC
466,0.789600139109094,458767493.0193794,535,S2_panic_selling_defi,indonesia,USDC
467,0.7795445378951884,447298305.69389486,535,S2_panic_selling_defi,indonesia,USDC
468,0.7650211194705991,436115848.0515475,535,S2_panic_selling_defi,indonesia,USDC
469,0.7678990362891063,425212951.8502588,535,S2_panic_selling_defi,indonesia,USDC
470,0.7715513410899515,414582628.05400234,535,S2_panic_selling_defi,indonesia,USDC
471,0.7541978471601382,404218062.3526523,535,S2_panic_selling_defi,indonesia,USDC
472,0.7495230697528295,394112610.793836,535,S2_panic_selling_defi,indonesia,USDC
473,0.7641402691442566,384259795.52399004,535,S2_panic_selling_defi,indonesia,USDC
474,0.7770027406080391,374653300.63589036,535,S2_panic_selling_defi,indonesia,USDC
475,0.7698257273658264,365286968.1199931,535,S2_panic_selling_defi,indonesia,USDC
476,0.7634727675760163,356154793.91699326,535,S2_panic_selling_defi,indonesia,USDC
477,0.7649094167623854,347250924.06906843,535,S2_panic_selling_defi,indonesia,USDC
478,0.6474468894375359,338569650.96734166,535,S2_panic_selling_defi,indonesia,USDC
479,0.6716218869414132,330105409.69315815,535,S2_panic_selling_defi,indonesia,USDC
480,0.6716533842637175,321852774.45082915,535,S2_panic_selling_defi,indonesia,USDC
481,0.6979178692907053,313806455.0895585,535,S2_panic_selling_defi,indonesia,USDC
482,0.675400954229146,305961293.7123195,535,S2_panic_selling_defi,indonesia,USDC
483,0.6891362700789405,298312261.3695115,535,S2_panic_selling_defi,indonesia,USDC
484,0.6884414915884706,290854454.83527374,535,S2_panic_selling_defi,indonesia,USDC
485,0.693258888667072,283583093.4643918,535,S2_panic_selling_defi,indonesia,USDC
486,0.6662609499168959,276493516.12778205,535,S2_panic_selling_defi,indonesia,USDC
487,0.6816598345629412,269581178.2245875,535,S2_panic_selling_defi,indonesia,USDC
488,0.7008523767878531,262841648.7689728,535,S2_panic_selling_defi,indonesia,USDC
489,0.7010342956252903,256270607.54974848,535,S2_panic_selling_defi,indonesia,USDC
490,0.7035254431668991,249863842.3610048,535,S2_panic_selling_defi,indonesia,USDC
491,0.7331698143995601,243617246.30197966,535,S2_panic_selling_defi,indonesia,USDC
492,0.7301641546921308,237526815.1444302,535,S2_panic_selling_defi,indonesia,USDC
493,0.7432172526692917,231588644.76581943,535,S2_panic_selling_defi,indonesia,USDC
494,0.7329684739073069,225798928.64667395,535,S2_panic_selling_defi,indonesia,USDC
495,0.7271653717273615,220153955.43050706,535,S2_panic_selling_defi,indonesia,USDC
496,0.7341510105137647,214650106.54474443,535,S2_panic_selling_defi,indonesia,USDC
497,0.7608039010353872,209283853.8811258,535,S2_panic_selling_defi,indonesia,USDC
498,0.7749968623128672,204051757.53409767,535,S2_panic_selling_defi,indonesia,USDC
499,0.7638917369910103,198950463.5957452,535,S2_panic_selling_defi,indonesia,USDC
500,0.7420774917575859,193976702.0058516,535,S2_panic_selling_defi,indonesia,USDC
501,0.7353109917129435,189127284.45570529,535,S2_panic_selling_defi,indonesia,USDC
502,0.7533018139436655,184399102.34431267,535,S2_panic_selling_defi,indonesia,USDC
503,0.7721746395274942,179789124.78570485,535,S2_panic_selling_defi,indonesia,USDC
504,0.780123028508734,175294396.6660622,535,S2_panic_selling_defi,indonesia,USDC
505,0.7830939748791227,170912036.74941066,535,S2_panic_selling_defi,indonesia,USDC
506,0.7704426071458652,166639235.8306754,535,S2_panic_selling_defi,indonesia,USDC
507,0.7768249292714553,162473254.9349085,535,S2_panic_selling_defi,indonesia,USDC
508,0.7726474846856815,158411423.5615358,535,S2_panic_selling_defi,indonesia,USDC
509,0.7644806191944326,154451137.9724974,535,S2_panic_selling_defi,indonesia,USDC
510,0.7722026899839317,150589859.52318498,535,S2_panic_selling_defi,indonesia,USDC
511,0.7844891362177373,146825113.03510535,535,S2_panic_selling_defi,indonesia,USDC
512,0.7732682045613736,143154485.20922774,535,S2_panic_selling_defi,indonesia,USDC
513,0.7763566714801635,139575623.07899705,535,S2_panic_selling_defi,indonesia,USDC
514,0.7884004838039477,136086232.50202212,535,S2_panic_selling_defi,indonesia,USDC
515,0.7563054727698046,132684076.68947156,535,S2_panic_selling_defi,indonesia,USDC
516,0.750384636459708,129366974.77223477,535,S2_panic_selling_defi,indonesia,USDC
517,0.7588091880584927,126132800.40292889,535,S2_panic_selling_defi,indonesia,USDC
518,0.7775624106703789,122979480.39285567,535,S2_panic_selling_defi,indonesia,USDC
519,0.7730681970894837,119904993.38303429,535,S2_panic_selling_defi,indonesia,USDC
520,0.7762546405160772,116907368.54845843,535,S2_panic_selling_defi,indonesia,USDC
521,0.7913043937398209,113984684.33474696,535,S2_panic_selling_defi,indonesia,USDC
522,0.7902007673668286,111135067.22637829,535,S2_panic_selling_defi,indonesia,USDC
523,0.8154888251164105,108356690.54571882,535,S2_panic_selling_defi,indonesia,USDC
524,0.8078721682324445,105647773.28207585,535,S2_panic_selling_defi,indonesia,USDC
525,0.785871470958637,103006578.95002396,535,S2_panic_selling_defi,indonesia,USDC
526,0.7757827016841423,100431414.47627336,535,S2_panic_selling_defi,indonesia,USDC
527,0.7830386322932172,97920629.11436653,535,S2_panic_selling_defi,indonesia,USDC
528,0.7606975312800283,95472613.38650736,535,S2_panic_selling_defi,indonesia,USDC
529,0.7458697782554843,93085798.05184469,535,S2_panic_selling_defi,indonesia,USDC
530,0.7613708441192983,90758653.10054857,535,S2_panic_selling_defi,indonesia,USDC
531,0.7849109220995399,88489686.77303486,535,S2_panic_selling_defi,indonesia,USDC
532,0.7657822938651272,86277444.60370898,535,S2_panic_selling_defi,indonesia,USDC
533,0.7592091459048733,84120508.48861626,535,S2_panic_selling_defi,indonesia,USDC
534,0.7509912174151913,82017495.77640086,535,S2_panic_selling_defi,indonesia,USDC
535,0.7690571951550731,79967058.38199084,535,S2_panic_selling_defi,indonesia,USDC
536,0.7535827493107011,77967881.92244107,535,S2_panic_selling_defi,indonesia,USDC
537,0.7629738998293475,76018684.87438004,535,S2_panic_selling_defi,indonesia,USDC
538,0.7538484675337341,74118217.75252053,535,S2_panic_selling_defi,indonesia,USDC
539,0.7681119520725268,72265262.30870752,535,S2_panic_selling_defi,indonesia,USDC
540,0.7686178701281696,70458630.75098984,535,S2_panic_selling_defi,indonesia,USDC
541,0.7806562985475047,68697164.98221509,535,S2_panic_selling_defi,indonesia,USDC
542,0.8017862069756782,66979735.85765971,535,S2_panic_selling_defi,indonesia,USDC
543,0.7652840623459668,65305242.46121822,535,S2_panic_selling_defi,indonesia,USDC
544,0.7916072100825219,63672611.39968777,535,S2_panic_selling_defi,indonesia,USDC
545,0.8105642829497932,62080796.11469558,535,S2_panic_selling_defi,indonesia,USDC
546,0.7964276362771081,60528776.21182819,535,S2_panic_selling_defi,indonesia,USDC
547,0.7882681866713586,59015556.80653249,535,S2_panic_selling_defi,indonesia,USDC
548,0.7984821160280645,57540167.886369176,535,S2_panic_selling_defi,indonesia,USDC
549,0.8034961781302085,56101663.68920994,535,S2_panic_selling_defi,indonesia,USDC
550,0.8129291390193553,54699122.09697969,535,S2_panic_selling_defi,indonesia,USDC
551,0.8161933092295927,53331644.044555195,535,S2_panic_selling_defi,indonesia,USDC
552,0.785629423844607,51998352.94344132,535,S2_panic_selling_defi,indonesia,USDC
553,0.7855064810925334,50698394.11985529,535,S2_panic_selling_defi,indonesia,USDC
554,0.7927843022914306,49430934.266858906,535,S2_panic_selling_defi,indonesia,USDC
555,0.8025214186506563,48195160.91018743,535,S2_panic_selling_defi,indonesia,USDC
556,0.7844315794777907,46990281.88743275,535,S2_panic_selling_defi,indonesia,USDC
557,0.7647606504176188,45815524.84024693,535,S2_panic_selling_defi,indonesia,USDC
558,0.788606964363031,44670136.719240755,535,S2_panic_selling_defi,indonesia,USDC
559,0.7711965873293298,43553383.301259734,535,S2_panic_selling_defi,indonesia,USDC
560,0.7602064490678606,42464548.718728244,535,S2_panic_selling_defi,indonesia,USDC
561,0.7978138705420724,41402935.000760034,535,S2_panic_selling_defi,indonesia,USDC
562,0.8132743598153213,40367861.625741035,535,S2_panic_selling_defi,indonesia,USDC
563,0.8153615300615608,39358665.085097514,535,S2_panic_selling_defi,indonesia,USDC
564,0.8415794943903204,38374698.457970075,535,S2_panic_selling_defi,indonesia,USDC
565,0.8594283191381088,37415330.996520825,535,S2_panic_selling_defi,indonesia,USDC
566,0.8817377287049255,36479947.7216078,535,S2_panic_selling_defi,indonesia,USDC
567,0.8537347366062313,35567949.02856761,535,S2_panic_selling_defi,indonesia,USDC
568,0.8448092242683826,34678750.30285342,535,S2_panic_selling_defi,indonesia,USDC
569,0.8263325060239661,33811781.54528208,535,S2_panic_selling_defi,indonesia,USDC
570,0.8373613686003969,32966487.00665003,535,S2_panic_selling_defi,indonesia,USDC
571,0.8541595575114865,32142324.831483778,535,S2_panic_selling_defi,indonesia,USDC
572,0.85656203696512,31338766.710696682,535,S2_panic_selling_defi,indonesia,USDC
573,0.847232360230947,30555297.54292927,535,S2_panic_selling_defi,indonesia,USDC
574,0.8542835166422624,29791415.104356036,535,S2_panic_selling_defi,indonesia,USDC
575,0.8307225217045264,29046629.726747137,535,S2_panic_selling_defi,indonesia,USDC
576,0.8296040028939137,28320463.98357846,535,S2_panic_selling_defi,indonesia,USDC
577,0.811383815677757,27612452.383989,535,S2_panic_selling_defi,indonesia,USDC
578,0.7948186337930941,26922141.07438927,535,S2_panic_selling_defi,indonesia,USDC
579,0.8001978795940209,26249087.547529537,535,S2_panic_selling_defi,indonesia,USDC
580,0.7771945855599162,25592860.3588413,535,S2_panic_selling_defi,indonesia,USDC
581,0.7812965482278951,24953038.84987027,535,S2_panic_selling_defi,indonesia,USDC
582,0.8041173971923549,24329212.87862351,535,S2_panic_selling_defi,indonesia,USDC
583,0.7938692807745553,23720982.556657925,535,S2_panic_selling_defi,indonesia,USDC
584,0.7869390501861819,23127957.992741477,535,S2_panic_selling_defi,indonesia,USDC
585,0.7941227076748073,22549759.042922936,535,S2_panic_selling_defi,indonesia,USDC
586,0.8075162859106343,21986015.066849865,535,S2_panic_selling_defi,indonesia,USDC
587,0.8044598486810797,21436364.690178618,535,S2_panic_selling_defi,indonesia,USDC
588,0.7764341409780182,20900455.572924152,535,S2_panic_selling_defi,indonesia,USDC
589,0.7781739360156882,20377944.18360105,535,S2_panic_selling_defi,indonesia,USDC
590,0.7947413301455547,19868495.579011023,535,S2_panic_selling_defi,indonesia,USDC
591,0.7946568963016547,19371783.189535744,535,S2_panic_selling_defi,indonesia,USDC
592,0.7770787908372878,18887488.60979735,535,S2_panic_selling_defi,indonesia,USDC
593,0.7749372401431092,18415301.394552417,535,S2_panic_selling_defi,indonesia,USDC
594,0.7763982976441328,17954918.85968861,535,S2_panic_selling_defi,indonesia,USDC
595,0.7835434561018303,17506045.888196394,535,S2_panic_selling_defi,indonesia,USDC
596,0.8056524364607572,17068394.740991484,535,S2_panic_selling_defi,indonesia,USDC
597,0.7849925048629544,16641684.872466695,535,S2_panic_selling_defi,indonesia,USDC
598,0.8039094365421732,16225642.750655027,535,S2_panic_selling_defi,indonesia,USDC
599,0.8326992055600103,15820001.681888651,535,S2_panic_selling_defi,indonesia,USDC
600,0.81997416455051,15424501.639841435,535,S2_panic_selling_defi,indonesia,USDC
601,0.8219191426180681,15038889.098845398,535,S2_panic_selling_defi,indonesia,USDC
602,0.8172498978816409,14662916.871374264,535,S2_panic_selling_defi,indonesia,USDC
603,0.8243044111063226,14296343.949589908,535,S2_panic_selling_defi,indonesia,USDC
604,0.8154902687611156,13938935.350850161,535,S2_panic_selling_defi,indonesia,USDC
605,0.8321459840230093,13590461.967078906,535,S2_panic_selling_defi,indonesia,USDC
606,0.829417564060797,13250700.417901933,535,S2_panic_selling_defi,indonesia,USDC
607,0.7979007043528459,12919432.907454384,535,S2_panic_selling_defi,indonesia,USDC
608,0.8002022966660323,12596447.084768023,535,S2_panic_selling_defi,indonesia,USDC
609,0.8012844665461207,12281535.907648824,535,S2_panic_selling_defi,indonesia,USDC
610,0.8077773566569572,11974497.509957604,535,S2_panic_selling_defi,indonesia,USDC
611,0.8163085494257967,11675135.072208663,535,S2_panic_selling_defi,indonesia,USDC
612,0.8199709129853386,11383256.695403446,535,S2_panic_selling_defi,indonesia,USDC
613,0.8151070837790861,11098675.278018361,535,S2_panic_selling_defi,indonesia,USDC
614,0.8095785388075498,10821208.396067902,535,S2_panic_selling_defi,indonesia,USDC
615,0.8081108483276619,10550678.186166205,535,S2_panic_selling_defi,indonesia,USDC
616,0.8247446508000972,10286911.23151205,535,S2_panic_selling_defi,indonesia,USDC
617,0.8133211662797633,10029738.450724248,535,S2_panic_selling_defi,indonesia,USDC
618,0.8200226400036015,9778994.989456143,535,S2_panic_selling_defi,indonesia,USDC
619,0.811079637045577,9534520.114719737,535,S2_panic_selling_defi,indonesia,USDC
620,0.7957584759746632,9296157.111851744,535,S2_panic_selling_defi,indonesia,USDC
621,0.7782806931911674,9063753.184055451,535,S2_panic_selling_defi,indonesia,USDC
622,0.7970170514107855,8837159.354454065,535,S2_panic_selling_defi,indonesia,USDC
623,0.7792033587008024,8616230.370592713,535,S2_panic_selling_defi,indonesia,USDC
624,0.7868338295452274,8400824.611327894,535,S2_panic_selling_defi,indonesia,USDC
625,0.7918202844299616,8190803.996044697,535,S2_panic_selling_defi,indonesia,USDC
626,0.7846509802409055,7986033.89614358,535,S2_panic_selling_defi,indonesia,USDC
627,0.7791894290495244,7786383.048739991,535,S2_panic_selling_defi,indonesia,USDC
628,0.7642022026270363,7591723.47252149,535,S2_panic_selling_defi,indonesia,USDC
629,0.7606879393128041,7401930.385708454,535,S2_panic_selling_defi,indonesia,USDC
630,0.7826680888758082,7216882.126065742,535,S2_panic_selling_defi,indonesia,USDC
631,0.7989199820547181,7036460.072914099,535,S2_panic_selling_defi,indonesia,USDC
632,0.820812895065107,6860548.571091246,535,S2_panic_selling_defi,indonesia,USDC
633,0.7866557662300202,6689034.856813965,535,S2_panic_selling_defi,indonesia,USDC
634,0.7730922009318845,6521808.985393616,535,S2_panic_selling_defi,indonesia,USDC
635,0.7700923988922368,6358763.760758774,535,S2_panic_selling_defi,indonesia,USDC
636,0.7537446703004463,6199794.666739806,535,S2_panic_selling_defi,indonesia,USDC
637,0.7539444827561259,6044799.80007131,535,S2_panic_selling_defi,indonesia,USDC
638,0.7942554952818371,5893679.805069528,535,S2_panic_selling_defi,indonesia,USDC
639,0.7867393977133789,5746337.809942789,535,S2_panic_selling_defi,indonesia,USDC
640,0.7941629397060033,5602679.36469422,535,S2_panic_selling_defi,indonesia,USDC
641,0.7910873774027972,5462612.380576864,535,S2_panic_selling_defi,indonesia,USDC
642,0.7872838599775773,5326047.071062442,535,S2_panic_selling_defi,indonesia,USDC
643,0.7857000611962387,5192895.894285882,535,S2_panic_selling_defi,indonesia,USDC
644,0.7946595259396023,5063073.496928735,535,S2_panic_selling_defi,indonesia,USDC
645,0.7857245380799347,4936496.659505516,535,S2_panic_selling_defi,indonesia,USDC
646,0.7745626018508666,4813084.243017878,535,S2_panic_selling_defi,indonesia,USDC
647,0.7706926032256125,4692757.136942431,535,S2_panic_selling_defi,indonesia,USDC
648,0.7611116024170224,4575438.208518871,535,S2_panic_selling_defi,indonesia,USDC
649,0.7552851843663938,4461052.253305899,535,S2_panic_selling_defi,indonesia,USDC
650,0.7454224796383221,4349525.946973251,535,S2_panic_selling_defi,indonesia,USDC
651,0.7510705872414741,4240787.79829892,535,S2_panic_selling_defi,indonesia,USDC
652,0.7550957998152775,4134768.1033414467,535,S2_panic_selling_defi,indonesia,USDC
653,0.758755782483068,4031398.9007579107,535,S2_panic_selling_defi,indonesia,USDC
654,0.7716350892672953,3930613.928238963,535,S2_panic_selling_defi,indonesia,USDC
655,0.7836967819386876,3832348.5800329885,535,S2_panic_selling_defi,indonesia,USDC
656,0.7721237455278401,3736539.865532164,535,S2_panic_selling_defi,indonesia,USDC
657,0.7743618805723292,3643126.36889386,535,S2_panic_selling_defi,indonesia,USDC
658,0.7604028344370273,3552048.209671513,535,S2_panic_selling_defi,indonesia,USDC
659,0.8025146521582508,3463247.004429725,535,S2_panic_selling_defi,indonesia,USDC
660,0.791631770390123,3376665.8293189825,535,S2_panic_selling_defi,indonesia,USDC
661,0.8269954552880384,3292249.183586008,535,S2_panic_selling_defi,indonesia,USDC
662,0.8037392056758358,3209942.9539963575,535,S2_panic_selling_defi,indonesia,USDC
663,0.8233051676411123,3129694.3801464485,535,S2_panic_selling_defi,indonesia,USDC
664,0.8323640579728869,3051452.020642787,535,S2_panic_selling_defi,indonesia,USDC
665,0.8304824066841038,2975165.720126718,535,S2_panic_selling_defi,indonesia,USDC
666,0.8138045450815767,2900786.5771235498,535,S2_panic_selling_defi,indonesia,USDC
667,0.7951918781957068,2828266.912695461,535,S2_panic_selling_defi,indonesia,USDC
668,0.8060706043051936,2757560.2398780743,535,S2_panic_selling_defi,indonesia,USDC
669,0.8045343962625002,2688621.2338811224,535,S2_panic_selling_defi,indonesia,USDC
670,0.786344921644686,2621405.7030340945,535,S2_panic_selling_defi,indonesia,USDC
671,0.8070285172204243,2555870.5604582424,535,S2_panic_selling_defi,indonesia,USDC
672,0.8104492456882981,2491973.7964467863,535,S2_panic_selling_defi,indonesia,USDC
673,0.8146277255454124,2429674.4515356165,535,S2_panic_selling_defi,indonesia,USDC
674,0.8283055824892791,2368932.590247226,535,S2_panic_selling_defi,indonesia,USDC
675,0.8332865836325629,2309709.2754910453,535,S2_panic_selling_defi,indonesia,USDC
676,0.8469011068388099,2251966.5436037695,535,S2_panic_selling_defi,indonesia,USDC
677,0.8279196844518458,2195667.380013675,535,S2_panic_selling_defi,indonesia,USDC
678,0.8310281699015162,2140775.695513333,535,S2_panic_selling_defi,indonesia,USDC
679,0.8055790942126464,2087256.3031255,535,S2_panic_selling_defi,indonesia,USDC
680,0.8072628916078334,2035074.8955473625,535,S2_panic_selling_defi,indonesia,USDC
681,0.7960347070894682,1984198.0231586783,535,S2_panic_selling_defi,indonesia,USDC
682,0.7931226199716152,1934593.0725797114,535,S2_panic_selling_defi,indonesia,USDC
683,0.8001608203479031,1886228.2457652185,535,S2_panic_selling_defi,indonesia,USDC
684,0.7928346834602994,1839072.5396210882,535,S2_panic_selling_defi,indonesia,USDC
685,0.8008941083877629,1793095.726130561,535,S2_panic_selling_defi,indonesia,USDC
686,0.8020964430468687,1748268.3329772968,535,S2_panic_selling_defi,indonesia,USDC
687,0.8091136911391937,1704561.6246528644,535,S2_panic_selling_defi,indonesia,USDC
688,0.8080660593736172,1661947.5840365428,535,S2_panic_selling_defi,indonesia,USDC
689,0.8132033578740008,1620398.8944356292,535,S2_panic_selling_defi,indonesia,USDC
690,0.8119694012218962,1579888.9220747387,535,S2_panic_selling_defi,indonesia,USDC
691,0.8158697196031945,1540391.69902287,535,S2_panic_selling_defi,indonesia,USDC
692,0.8272681640727184,1501881.9065472984,535,S2_panic_selling_defi,indonesia,USDC
693,0.8285719756456684,1464334.8588836158,535,S2_panic_selling_defi,indonesia,USDC
694,0.8051256750955537,1427726.4874115256,535,S2_panic_selling_defi,indonesia,USDC
695,0.7893290791902836,1392033.3252262375,535,S2_panic_selling_defi,indonesia,USDC
696,0.8064607121615855,1357232.4920955813,535,S2_panic_selling_defi,indonesia,USDC
697,0.8141322324650764,1323301.679793192,535,S2_panic_selling_defi,indonesia,USDC
698,0.8225224709771752,1290219.1377983622,535,S2_panic_selling_defi,indonesia,USDC
699,0.8395175472418905,1257963.6593534031,535,S2_panic_selling_defi,indonesia,USDC
700,0.8492248351912954,1226514.567869568,535,S2_panic_selling_defi,indonesia,USDC
701,0.8248985497978143,1195851.7036728289,535,S2_panic_selling_defi,indonesia,USDC
702,0.7983547482555918,1165955.4110810081,535,S2_panic_selling_defi,indonesia,USDC
703,0.7948579385286947,1136806.525803983,535,S2_panic_selling_defi,indonesia,USDC
704,0.7860530741581053,1108386.3626588834,535,S2_panic_selling_defi,indonesia,USDC
705,0.8052383787269762,1080676.7035924112,535,S2_panic_selling_defi,indonesia,USDC
706,0.7813134936315302,1053659.786002601,535,S2_panic_selling_defi,indonesia,USDC
707,0.7739548204078023,1027318.291352536,535,S2_panic_selling_defi,indonesia,USDC
708,0.7627300059874155,1001635.3340687226,535,S2_panic_selling_defi,indonesia,USDC
709,0.7476255469554288,976594.4507170046,535,S2_panic_selling_defi,indonesia,USDC
710,0.7627998979063992,952179.5894490796,535,S2_panic_selling_defi,indonesia,USDC
711,0.7546412720568186,928375.0997128526,535,S2_panic_selling_defi,indonesia,USDC
712,0.7577514329694022,905165.7222200313,535,S2_panic_selling_defi,indonesia,USDC
713,0.7757715705249615,882536.5791645305,535,S2_panic_selling_defi,indonesia,USDC
714,0.7689586089682241,860473.1646854172,535,S2_panic_selling_defi,indonesia,USDC
715,0.7723271473852676,838961.3355682818,535,S2_panic_selling_defi,indonesia,USDC
716,0.7765704915632217,817987.3021790748,535,S2_panic_selling_defi,indonesia,USDC
717,0.7775232387122754,797537.619624598,535,S2_panic_selling_defi,indonesia,USDC
718,0.7898347108165102,777599.179133983,535,S2_panic_selling_defi,indonesia,USDC
719,0.7791455085733798,758159.1996556334,535,S2_panic_selling_defi,indonesia,USDC
720,0.7842489296768272,739205.2196642426,535,S2_panic_selling_defi,indonesia,USDC
721,0.7846079842616382,720725.0891726365,535,S2_panic_selling_defi,indonesia,USDC
722,0.816569821598157,702706.9619433207,535,S2_panic_selling_defi,indonesia,USDC
723,0.793417928450816,685139.2878947377,535,S2_panic_selling_defi,indonesia,USDC
724,0.7929678775945912,668010.8056973692,535,S2_panic_selling_defi,indonesia,USDC
725,0.7798019762562174,651310.535554935,535,S2_panic_selling_defi,indonesia,USDC
726,0.7712041984033706,635027.7721660616,535,S2_panic_selling_defi,indonesia,USDC
727,0.7663697163580424,619152.07786191,535,S2_panic_selling_defi,indonesia,USDC
728,0.7585041796287606,603673.2759153623,535,S2_panic_selling_defi,indonesia,USDC
729,0.755147092095588,588581.4440174781,535,S2_panic_selling_defi,indonesia,USDC
730,0.7617270977583324,573866.9079170412,535,S2_panic_selling_defi,indonesia,USDC
731,0.7737120714576691,559520.2352191152,535,S2_panic_selling_defi,indonesia,USDC
732,0.7647192052969186,545532.2293386373,535,S2_panic_selling_defi,indonesia,USDC
733,0.7774346597108,531893.9236051715,535,S2_panic_selling_defi,indonesia,USDC
734,0.7883079965043779,518596.5755150422,535,S2_panic_selling_defi,indonesia,USDC
735,0.8127876516061863,505631.6611271661,535,S2_panic_selling_defi,indonesia,USDC
736,0.8137197485015016,492990.86959898693,535,S2_panic_selling_defi,indonesia,USDC
737,0.80453867806333,480666.09785901225,535,S2_panic_selling_defi,indonesia,USDC
738,0.8011878707226459,468649.44541253685,535,S2_panic_selling_defi,indonesia,USDC
739,0.777716376385447,456933.20927722345,535,S2_panic_selling_defi,indonesia,USDC
740,0.7591682711276646,445509.87904529297,535,S2_panic_selling_defi,indonesia,USDC
741,0.772443235457372,434372.1320691606,535,S2_panic_selling_defi,indonesia,USDC
742,0.7822791844550739,423512.82876743155,535,S2_panic_selling_defi,indonesia,USDC
743,0.7928385144216744,412925.0080482458,535,S2_panic_selling_defi,indonesia,USDC
744,0.7925108650267031,402601.8828470396,535,S2_panic_selling_defi,indonesia,USDC
745,0.7716874965957498,392536.8357758636,535,S2_panic_selling_defi,indonesia,USDC
746,0.7814575297306148,382723.414881467,535,S2_panic_selling_defi,indonesia,USDC
747,0.7798561259180004,373155.32950943033,535,S2_panic_selling_defi,indonesia,USDC
748,0.795090060826019,363826.44627169456,535,S2_panic_selling_defi,indonesia,USDC
749,0.7939333559657005,354730.7851149022,535,S2_panic_selling_defi,indonesia,USDC
750,0.8104924695970535,345862.5154870296,535,S2_panic_selling_defi,indonesia,USDC
751,0.8023069593869793,337215.9525998539,535,S2_panic_selling_defi,indonesia,USDC
752,0.7337278785622945,328785.55378485756,535,S2_panic_selling_defi,indonesia,USDC
753,0.7266343973246225,320565.9149402361,535,S2_panic_selling_defi,indonesia,USDC
754,0.7374005992443136,312551.7670667302,535,S2_panic_selling_defi,indonesia,USDC
755,0.7576671993721672,304737.9728900619,535,S2_panic_selling_defi,indonesia,USDC
756,0.7639610075018278,297119.52356781036,535,S2_panic_selling_defi,indonesia,USDC
757,0.7635981050350128,289691.53547861514,535,S2_panic_selling_defi,indonesia,USDC
758,0.7673406223601492,282449.24709164974,535,S2_panic_selling_defi,indonesia,USDC
759,0.7726100837894186,275388.0159143585,535,S2_panic_selling_defi,indonesia,USDC
760,0.7548335850636027,268503.31551649957,535,S2_panic_selling_defi,indonesia,USDC
761,0.7403714010654073,261790.73262858705,535,S2_panic_selling_defi,indonesia,USDC
762,0.7511710756027512,255245.96431287238,535,S2_panic_selling_defi,indonesia,USDC
763,0.7642909027439935,248864.81520505057,535,S2_panic_selling_defi,indonesia,USDC
764,0.7726095732849995,242643.19482492434,535,S2_panic_selling_defi,indonesia,USDC
765,0.7752988141422931,236577.1149543012,535,S2_panic_selling_defi,indonesia,USDC
766,0.7653301931215909,230662.68708044366,535,S2_panic_selling_defi,indonesia,USDC
767,0.7691366374583769,224896.11990343255,535,S2_panic_selling_defi,indonesia,USDC
768,0.712730798199041,219273.71690584676,535,S2_panic_selling_defi,indonesia,USDC
769,0.720029703706339,213791.87398320058,535,S2_panic_selling_defi,indonesia,USDC
770,0.7309573193959145,208447.0771336206,535,S2_panic_selling_defi,indonesia,USDC
771,0.7404057946226644,203235.90020528008,535,S2_panic_selling_defi,indonesia,USDC
772,0.7401243101180416,198155.00270014803,535,S2_panic_selling_defi,indonesia,USDC
773,0.7047475273515869,193201.12763264438,535,S2_panic_selling_defi,indonesia,USDC
774,0.7257527742092619,188371.09944182826,535,S2_panic_selling_defi,indonesia,USDC
775,0.7370653378480058,183661.82195578257,535,S2_panic_selling_defi,indonesia,USDC
776,0.7412300179331985,179070.27640688798,535,S2_panic_selling_defi,indonesia,USDC
777,0.7472720981623631,174593.5194967158,535,S2_panic_selling_defi,indonesia,USDC
778,0.7473571028015876,170228.6815092979,535,S2_panic_selling_defi,indonesia,USDC
779,0.7512249378170495,165972.96447156544,535,S2_panic_selling_defi,indonesia,USDC
780,0.7547209722298901,161823.6403597763,535,S2_panic_selling_defi,indonesia,USDC
781,0.757282411182824,157778.0493507819,535,S2_panic_selling_defi,indonesia,USDC
782,0.7412060214443534,153833.59811701236,535,S2_panic_selling_defi,indonesia,USDC
783,0.7414067569119505,149987.75816408702,535,S2_panic_selling_defi,indonesia,USDC
784,0.7405574495050189,146238.06420998485,535,S2_panic_selling_defi,indonesia,USDC
785,0.7729395273386961,142582.11260473522,535,S2_panic_selling_defi,indonesia,USDC
786,0.7802034017225403,139017.55978961685,535,S2_panic_selling_defi,indonesia,USDC
787,0.7822736255651976,135542.12079487642,535,S2_panic_selling_defi,indonesia,USDC
788,0.7717970034726983,132153.5677750045,535,S2_panic_selling_defi,indonesia,USDC
789,0.7751419420954666,128849.7285806294,535,S2_panic_selling_defi,indonesia,USDC
790,0.752503649314421,125628.48536611364,535,S2_panic_selling_defi,indonesia,USDC
791,0.7652919163920404,122487.7732319608,535,S2_panic_selling_defi,indonesia,USDC
792,0.7535928035057292,119425.57890116179,535,S2_panic_selling_defi,indonesia,USDC
793,0.7589475600233193,116439.93942863273,535,S2_panic_selling_defi,indonesia,USDC
794,0.7889859044066551,113528.94094291693,535,S2_panic_selling_defi,indonesia,USDC
795,0.7596427024899147,110690.717419344,535,S2_panic_selling_defi,indonesia,USDC
796,0.7619366585847303,107923.4494838604,535,S2_panic_selling_defi,indonesia,USDC
797,0.7848526484382462,105225.36324676388,535,S2_panic_selling_defi,indonesia,USDC
798,0.774635660674617,102594.72916559479,535,S2_panic_selling_defi,indonesia,USDC
799,0.760723916385626,100029.8609364549,535,S2_panic_selling_defi,indonesia,USDC
800,0.7786616745364754,97529.11441304354,535,S2_panic_selling_defi,indonesia,USDC
801,0.8061522952431709,95090.88655271745,535,S2_panic_selling_defi,indonesia,USDC
802,0.8006507967002481,92713.61438889951,535,S2_panic_selling_defi,indonesia,USDC
803,0.7825533810397113,90395.77402917702,535,S2_panic_selling_defi,indonesia,USDC
804,0.765594060740544,88135.8796784476,535,S2_panic_selling_defi,indonesia,USDC
805,0.7717475043615002,85932.48268648642,535,S2_panic_selling_defi,indonesia,USDC
806,0.7840942072061423,83784.17061932426,535,S2_panic_selling_defi,indonesia,USDC
807,0.7741377561441689,81689.56635384115,535,S2_panic_selling_defi,indonesia,USDC
808,0.7663468101928782,79647.32719499512,535,S2_panic_selling_defi,indonesia,USDC
809,0.7650761790288104,77656.14401512024,535,S2_panic_selling_defi,indonesia,USDC
810,0.7758969614545714,75714.74041474223,535,S2_panic_selling_defi,indonesia,USDC
811,0.7572814966607818,73821.87190437368,535,S2_panic_selling_defi,indonesia,USDC
812,0.7641555562112806,71976.32510676433,535,S2_panic_selling_defi,indonesia,USDC
813,0.7522619257217388,70176.91697909523,535,S2_panic_selling_defi,indonesia,USDC
814,0.7455139570725744,68422.49405461784,535,S2_panic_selling_defi,indonesia,USDC
815,0.7453858787844261,66711.9317032524,535,S2_panic_selling_defi,indonesia,USDC
816,0.7350938995844241,65044.133410671086,535,S2_panic_selling_defi,indonesia,USDC
817,0.7680120940429244,63418.03007540431,535,S2_panic_selling_defi,indonesia,USDC
818,0.7771620111193673,61832.579323519196,535,S2_panic_selling_defi,indonesia,USDC
819,0.7918361970547965,60286.76484043122,535,S2_panic_selling_defi,indonesia,USDC
820,0.789687860987479,58779.59571942044,535,S2_panic_selling_defi,indonesia,USDC
821,0.8020143477325611,57310.10582643493,535,S2_panic_selling_defi,indonesia,USDC
822,0.8073602199669748,55877.35318077405,535,S2_panic_selling_defi,indonesia,USDC
823,0.8075798268433745,54480.41935125469,535,S2_panic_selling_defi,indonesia,USDC
824,0.815181385492691,53118.40886747333,535,S2_panic_selling_defi,indonesia,USDC
825,0.8136038046039816,51790.4486457865,535,S2_panic_selling_defi,indonesia,USDC
826,0.7962436621690527,50495.68742964184,535,S2_panic_selling_defi,indonesia,USDC
827,0.771255312251613,49233.29524390079,535,S2_panic_selling_defi,indonesia,USDC
828,0.7996346592544527,48002.46286280328,535,S2_panic_selling_defi,indonesia,USDC
829,0.8108831661016924,46802.4012912332,535,S2_panic_selling_defi,indonesia,USDC
830,0.8100670752713991,45632.341258952365,535,S2_panic_selling_defi,indonesia,USDC
831,0.8173994386659571,44491.53272747855,535,S2_panic_selling_defi,indonesia,USDC
832,0.8225438523139553,43379.24440929159,535,S2_panic_selling_defi,indonesia,USDC
833,0.847160844637865,42294.7632990593,535,S2_panic_selling_defi,indonesia,USDC
834,0.8774412061422417,41237.39421658282,535,S2_panic_selling_defi,indonesia,USDC
835,0.9102866145074318,40206.45936116825,535,S2_panic_selling_defi,indonesia,USDC
836,0.8975314580726992,39201.29787713904,535,S2_panic_selling_defi,indonesia,USDC
837,0.9151255584824578,38221.265430210566,535,S2_panic_selling_defi,indonesia,USDC
838,0.9029620729926304,37265.7337944553,535,S2_panic_selling_defi,indonesia,USDC
839,0.8592120196188954,36334.09044959392,535,S2_panic_selling_defi,indonesia,USDC
840,0.8543433294056169,35425.73818835407,535,S2_panic_selling_defi,indonesia,USDC
841,0.8481648875948936,34540.09473364522,535,S2_panic_selling_defi,indonesia,USDC
842,0.8508186438180609,33676.59236530409,535,S2_panic_selling_defi,indonesia,USDC
843,0.8318601682254253,32834.67755617149,535,S2_panic_selling_defi,indonesia,USDC
844,0.8462166676313418,32013.810617267198,535,S2_panic_selling_defi,indonesia,USDC
845,0.8331418815934214,31213.46535183552,535,S2_panic_selling_defi,indonesia,USDC
846,0.8382147122251379,30433.128718039632,535,S2_panic_selling_defi,indonesia,USDC
847,0.8681007200247791,29672.30050008864,535,S2_panic_selling_defi,indonesia,USDC
848,0.8630588713884639,28930.492987586425,535,S2_panic_selling_defi,indonesia,USDC
849,0.8353158967246928,28207.230662896764,535,S2_panic_selling_defi,indonesia,USDC
850,0.8083563511251101,27502.049896324344,535,S2_panic_selling_defi,indonesia,USDC
851,0.8077164937632476,26814.498648916237,535,S2_panic_selling_defi,indonesia,USDC
852,0.8121013442200964,26144.136182693328,535,S2_panic_selling_defi,indonesia,USDC
853,0.8177006331566523,25490.532778125995,535,S2_panic_selling_defi,indonesia,USDC
854,0.7969460686614088,24853.269458672847,535,S2_panic_selling_defi,indonesia,USDC
855,0.7954415552270697,24231.937722206025,535,S2_panic_selling_defi,indonesia,USDC
856,0.8154771063374785,23626.139279150873,535,S2_panic_selling_defi,indonesia,USDC
857,0.8208168130744192,23035.4857971721,535,S2_panic_selling_defi,indonesia,USDC
858,0.8124193656392017,22459.5986522428,535,S2_panic_selling_defi,indonesia,USDC
859,0.8240195714836862,21898.108685936728,535,S2_panic_selling_defi,indonesia,USDC
860,0.8372251785094162,21350.65596878831,535,S2_panic_selling_defi,indonesia,USDC
861,0.8381832823887049,20816.889569568604,535,S2_panic_selling_defi,indonesia,USDC
862,0.8409829005262643,20296.46733032939,535,S2_panic_selling_defi,indonesia,USDC
863,0.8206300190057854,19789.055647071153,535,S2_panic_selling_defi,indonesia,USDC
864,0.8158049031185766,19294.329255894376,535,S2_panic_selling_defi,indonesia,USDC
865,0.7926317554098229,18811.971024497016,535,S2_panic_selling_defi,indonesia,USDC
866,0.7800706423582938,18341.67174888459,535,S2_panic_selling_defi,indonesia,USDC
867,0.7858444536159666,17883.129955162476,535,S2_panic_selling_defi,indonesia,USDC
868,0.7753356611599254,17436.051706283415,535,S2_panic_selling_defi,indonesia,USDC
869,0.7742471022841204,17000.150413626332,535,S2_panic_selling_defi,indonesia,USDC
870,0.7762183182725656,16575.146653285672,535,S2_panic_selling_defi,indonesia,USDC
871,0.777399503264144,16160.767986953531,535,S2_panic_selling_defi,indonesia,USDC
872,0.7746799537131712,15756.748787279692,535,S2_panic_selling_defi,indonesia,USDC
873,0.7856574632450881,15362.830067597699,535,S2_panic_selling_defi,indonesia,USDC
874,0.7974587170425624,14978.759315907759,535,S2_panic_selling_defi,indonesia,USDC
875,0.8089294804365674,14604.290333010063,535,S2_panic_selling_defi,indonesia,USDC
876,0.7940227408930499,14239.183074684812,535,S2_panic_selling_defi,indonesia,USDC
877,0.8221569620545146,13883.203497817693,535,S2_panic_selling_defi,indonesia,USDC
878,0.839068570071729,13536.123410372249,535,S2_panic_selling_defi,indonesia,USDC
879,0.8142639781383653,13197.720325112945,535,S2_panic_selling_defi,indonesia,USDC
880,0.8112395910119554,12867.777316985119,535,S2_panic_selling_defi,indonesia,USDC
881,0.8420318668388062,12546.082884060492,535,S2_panic_selling_defi,indonesia,USDC
882,0.8209095886269637,12232.43081195898,535,S2_panic_selling_defi,indonesia,USDC
883,0.8098074073670208,11926.620041660006,535,S2_panic_selling_defi,indonesia,USDC
884,0.8028417820332999,11628.454540618504,535,S2_panic_selling_defi,indonesia,USDC
885,0.8127172172695325,11337.743177103042,535,S2_panic_selling_defi,indonesia,USDC
886,0.7961411121040288,11054.299597675466,535,S2_panic_selling_defi,indonesia,USDC
887,0.8265486316024894,10777.94210773358,535,S2_panic_selling_defi,indonesia,USDC
888,0.8021541934353823,10508.49355504024,535,S2_panic_selling_defi,indonesia,USDC
889,0.768748157210755,10245.781216164234,535,S2_panic_selling_defi,indonesia,USDC
890,0.7607212358134579,9989.636685760128,535,S2_panic_selling_defi,indonesia,USDC
891,0.7605117614472249,9739.895768616125,535,S2_panic_selling_defi,indonesia,USDC
892,0.7641776182001114,9496.398374400724,535,S2_panic_selling_defi,indonesia,USDC
893,0.7935227523835132,9258.988415040703,535,S2_panic_selling_defi,indonesia,USDC
894,0.7972647348912484,9027.513704664687,535,S2_panic_selling_defi,indonesia,USDC
895,0.7793338686274394,8801.825862048068,535,S2_panic_selling_defi,indonesia,USDC
896,0.806776449428229,8581.780215496867,535,S2_panic_selling_defi,indonesia,USDC
897,0.8159668238916512,8367.235710109446,535,S2_panic_selling_defi,indonesia,USDC
898,0.7929570913576454,8158.0548173567095,535,S2_panic_selling_defi,indonesia,USDC
899,0.7794052824395962,7954.1034469227925,535,S2_panic_selling_defi,indonesia,USDC
900,0.7909866134633005,7755.250860749722,535,S2_panic_selling_defi,indonesia,USDC
901,0.7629706979854733,7561.369589230979,535,S2_panic_selling_defi,indonesia,USDC
902,0.7794754136365746,7372.335349500205,535,S2_panic_selling_defi,indonesia,USDC
903,0.7923461379626267,7188.0269657627,535,S2_panic_selling_defi,indonesia,USDC
904,0.8015517970959546,7008.326291618632,535,S2_panic_selling_defi,indonesia,USDC
905,0.8102414581976026,6833.118134328166,535,S2_panic_selling_defi,indonesia,USDC
906,0.7979837060648997,6662.290180969962,535,S2_panic_selling_defi,indonesia,USDC
907,0.7942603362696712,6495.732926445714,535,S2_panic_selling_defi,indonesia,USDC
908,0.7963633464298114,6333.33960328457,535,S2_panic_selling_defi,indonesia,USDC
909,0.7887555036969073,6175.006113202456,535,S2_panic_selling_defi,indonesia,USDC
910,0.8192673739659737,6020.630960372395,535,S2_panic_selling_defi,indonesia,USDC
911,0.7928694403982455,5870.115186363085,535,S2_panic_selling_defi,indonesia,USDC
912,0.8014126471958989,5723.362306704008,535,S2_panic_selling_defi,indonesia,USDC
913,0.8063336133178367,5580.278249036408,535,S2_panic_selling_defi,indonesia,USDC
914,0.8481497956908964,5440.7712928104975,535,S2_panic_selling_defi,indonesia,USDC
915,0.8489495394866828,5304.752010490235,535,S2_panic_selling_defi,indonesia,USDC
916,0.8575048497093369,5172.133210227979,535,S2_panic_selling_defi,indonesia,USDC
917,0.8666570618774306,5042.82987997228,535,S2_panic_selling_defi,indonesia,USDC
918,0.8568974693385474,4916.759132972973,535,S2_panic_selling_defi,indonesia,USDC
919,0.8650408947015376,4793.840154648648,535,S2_panic_selling_defi,indonesia,USDC
920,0.8461453810193327,4673.994150782432,535,S2_panic_selling_defi,indonesia,USDC
921,0.8476882230499084,4557.144297012871,535,S2_panic_selling_defi,indonesia,USDC
922,0.8386310147953091,4443.215689587549,535,S2_panic_selling_defi,indonesia,USDC
923,0.8362622029026083,4332.135297347861,535,S2_panic_selling_defi,indonesia,USDC
924,0.8419493137812482,4223.831914914164,535,S2_panic_selling_defi,indonesia,USDC
925,0.8573616107911124,4118.23611704131,535,S2_panic_selling_defi,indonesia,USDC
926,0.8668374588626643,4015.280214115277,535,S2_panic_selling_defi,indonesia,USDC
927,0.8554335208450412,3914.8982087623954,535,S2_panic_selling_defi,indonesia,USDC
928,0.83450025563572,3817.025753543335,535,S2_panic_selling_defi,indonesia,USDC
929,0.8663817991245373,3721.6001097047515,535,S2_panic_selling_defi,indonesia,USDC
930,0.8529135008651814,3628.5601069621334,535,S2_panic_selling_defi,indonesia,USDC
931,0.8565550331491648,3537.84610428808,535,S2_panic_selling_defi,indonesia,USDC
932,0.8424564896576854,3449.399951680878,535,S2_panic_selling_defi,indonesia,USDC
933,0.8899183701796797,3363.1649528888556,535,S2_panic_selling_defi,indonesia,USDC
934,0.8719756980081659,3279.0858290666347,535,S2_panic_selling_defi,indonesia,USDC
935,0.8618105223261089,3197.1086833399686,535,S2_panic_selling_defi,indonesia,USDC
936,0.8451211363896526,3117.180966256469,535,S2_panic_selling_defi,indonesia,USDC
937,0.8037281516856661,3039.251442100058,535,S2_panic_selling_defi,indonesia,USDC
938,0.8257806970142338,2963.270156047556,535,S2_panic_selling_defi,indonesia,USDC
939,0.7988814923059896,2889.1884021463675,535,S2_panic_selling_defi,indonesia,USDC
940,0.7981311435215155,2816.958692092708,535,S2_panic_selling_defi,indonesia,USDC
941,0.809288795249429,2746.5347247903906,535,S2_panic_selling_defi,indonesia,USDC
942,0.7978595317709843,2677.871356670631,535,S2_panic_selling_defi,indonesia,USDC
943,0.7682486131250145,2610.924572753865,535,S2_panic_selling_defi,indonesia,USDC
944,0.7760987303467836,2545.6514584350184,535,S2_panic_selling_defi,indonesia,USDC
945,0.7909969038429862,2482.010171974143,535,S2_panic_selling_defi,indonesia,USDC
946,0.7875695011365594,2419.9599176747893,535,S2_panic_selling_defi,indonesia,USDC
947,0.7801465628509068,2359.4609197329196,535,S2_panic_selling_defi,indonesia,USDC
948,0.7926347519808926,2300.4743967395966,535,S2_panic_selling_defi,indonesia,USDC
949,0.7788307518295305,2242.962536821107,535,S2_panic_selling_defi,indonesia,USDC
950,0.7823605004434879,2186.8884734005787,535,S2_panic_selling_defi,indonesia,USDC
951,0.7717825245421193,2132.2162615655648,535,S2_panic_selling_defi,indonesia,USDC
952,0.7840582400781421,2078.9108550264255,535,S2_panic_selling_defi,indonesia,USDC
953,0.8014987673575178,2026.9380836507648,535,S2_panic_selling_defi,indonesia,USDC
954,0.7910189650169783,1976.2646315594957,535,S2_panic_selling_defi,indonesia,USDC
955,0.8197507250701077,1926.8580157705082,535,S2_panic_selling_defi,indonesia,USDC
956,0.8295889672248646,1878.6865653762457,535,S2_panic_selling_defi,indonesia,USDC
957,0.8070341718206329,1831.7194012418395,535,S2_panic_selling_defi,indonesia,USDC
958,0.8100842034033662,1785.9264162107934,535,S2_panic_selling_defi,indonesia,USDC
959,0.83066318481964,1741.2782558055237,535,S2_panic_selling_defi,indonesia,USDC
960,0.8147388941530497,1697.7462994103853,535,S2_panic_selling_defi,indonesia,USDC
961,0.7815807003649026,1655.3026419251255,535,S2_panic_selling_defi,indonesia,USDC
962,0.810437459137484,1613.9200758769973,535,S2_panic_selling_defi,indonesia,USDC
963,0.8224949885017772,1573.5720739800727,535,S2_panic_selling_defi,indonesia,USDC
964,0.829572200643496,1534.2327721305708,535,S2_panic_selling_defi,indonesia,USDC
965,0.823864978433075,1495.8769528273065,535,S2_panic_selling_defi,indonesia,USDC
966,0.8084646511318783,1458.480029006624,535,S2_panic_selling_defi,indonesia,USDC
967,0.8322872376498848,1422.018028281458,535,S2_panic_selling_defi,indonesia,USDC
968,0.8525304725407911,1386.4675775744217,535,S2_panic_selling_defi,indonesia,USDC
969,0.8101982430498753,1351.8058881350612,535,S2_panic_selling_defi,indonesia,USDC
970,0.8034588043134029,1318.0107409316847,535,S2_panic_selling_defi,indonesia,USDC
971,0.8335027668589388,1285.0604724083926,535,S2_panic_selling_defi,indonesia,USDC
972,0.8018643865252543,1252.9339605981827,535,S2_panic_selling_defi,indonesia,USDC
973,0.8141323312264787,1221.610611583228,535,S2_panic_selling_defi,indonesia,USDC
974,0.8147501519615556,1191.0703462936474,535,S2_panic_selling_defi,indonesia,USDC
975,0.843283517709318,1161.2935876363063,535,S2_panic_selling_defi,indonesia,USDC
976,0.8344716460882231,1132.2612479453987,535,S2_panic_selling_defi,indonesia,USDC
977,0.8262249131126448,1103.9547167467636,535,S2_panic_selling_defi,indonesia,USDC
978,0.8116075405817893,1076.3558488280946,535,S2_panic_selling_defi,indonesia,USDC
979,0.8390612341100011,1049.4469526073922,535,S2_panic_selling_defi,indonesia,USDC
980,0.8230329855203673,1023.2107787922073,535,S2_panic_selling_defi,indonesia,USDC
981,0.8155547174432511,997.6305093224021,535,S2_panic_selling_defi,indonesia,USDC
982,0.8234172425951523,972.689746589342,535,S2_panic_selling_defi,indonesia,USDC
983,0.812227632071571,948.3725029246085,535,S2_panic_selling_defi,indonesia,USDC
984,0.7906661247631549,924.6631903514933,535,S2_panic_selling_defi,indonesia,USDC
985,0.7817355914208615,901.546610592706,535,S2_panic_selling_defi,indonesia,USDC
986,0.7934206157002729,879.0079453278884,535,S2_panic_selling_defi,indonesia,USDC
987,0.7971287534610676,857.0327466946912,535,S2_panic_selling_defi,indonesia,USDC
988,0.8043191348065944,835.6069280273239,535,S2_panic_selling_defi,indonesia,USDC
989,0.8060982051096967,814.7167548266407,535,S2_panic_selling_defi,indonesia,USDC
990,0.8215054204692034,794.3488359559747,535,S2_panic_selling_defi,indonesia,USDC
991,0.8190508581589121,774.4901150570753,535,S2_panic_selling_defi,indonesia,USDC
992,0.8214579678063259,755.1278621806483,535,S2_panic_selling_defi,indonesia,USDC
993,0.8186583651044345,736.2496656261321,535,S2_panic_selling_defi,indonesia,USDC
994,0.846289391866843,717.8434239854788,535,S2_panic_selling_defi,indonesia,USDC
995,0.8662063813271532,699.8973383858419,535,S2_panic_selling_defi,indonesia,USDC
996,0.8536653871855183,682.3999049261959,535,S2_panic_selling_defi,indonesia,USDC
997,0.8358302547225792,665.339907303041,535,S2_panic_selling_defi,indonesia,USDC
998,0.8424749831121097,648.7064096204649,535,S2_panic_selling_defi,indonesia,USDC
999,0.861836795951767,632.4887493799533,535,S2_panic_selling_defi,indonesia,USDC
1000,0.863412293800246,616.6765306454545,535,S2_panic_selling_defi,indonesia,USDC
