Step,price,liquidity,iteration,scenario,region,coin
1,1.0036189453687017,2989145111215.1216,176,S2_panic_selling_defi,indonesia,USDC
2,0.9924737412065523,2989145111215.1216,176,S2_panic_selling_defi,indonesia,USDC
3,1.0398580447154737,2989145111215.1216,176,S2_panic_selling_defi,indonesia,USDC
4,1.039944832376509,2989145111215.1216,176,S2_panic_selling_defi,indonesia,USDC
5,1.0141127447608875,2989145111215.1216,176,S2_panic_selling_defi,indonesia,USDC
6,1.0065565788394328,2989145111215.1216,176,S2_panic_selling_defi,indonesia,USDC
7,0.990965615560899,2989145111215.1216,176,S2_panic_selling_defi,indonesia,USDC
8,1.0032820189544476,2989145111215.1216,176,S2_panic_selling_defi,indonesia,USDC
9,0.9910960015635587,2989145111215.1216,176,S2_panic_selling_defi,indonesia,USDC
10,0.9772762895953842,2989145111215.1216,176,S2_panic_selling_defi,indonesia,USDC
11,0.9894912077448014,2989145111215.1216,176,S2_panic_selling_defi,indonesia,USDC
12,0.9898134154748922,2989145111215.1216,176,S2_panic_selling_defi,indonesia,USDC
13,0.9920288638089296,2989145111215.1216,176,S2_panic_selling_defi,indonesia,USDC
14,0.9891878941920895,2989145111215.1216,176,S2_panic_selling_defi,indonesia,USDC
15,1.0042990904781712,2989145111215.1216,176,S2_panic_selling_defi,indonesia,USDC
16,1.0190088366172585,2989145111215.1216,176,S2_panic_selling_defi,indonesia,USDC
17,1.008201636647179,2989145111215.1216,176,S2_panic_selling_defi,indonesia,USDC
18,1.0212209421365028,2989145111215.1216,176,S2_panic_selling_defi,indonesia,USDC
19,1.0163317463745107,2989145111215.1216,176,S2_panic_selling_defi,indonesia,USDC
20,1.0183447031194235,2989145111215.1216,176,S2_panic_selling_defi,indonesia,USDC
21,1.0200069911772902,2989145111215.1216,176,S2_panic_selling_defi,indonesia,USDC
22,0.9904444620697025,2989145111215.1216,176,S2_panic_selling_defi,indonesia,USDC
23,0.9683229590952299,2989145111215.1216,176,S2_panic_selling_defi,indonesia,USDC
24,0.9939116803383169,2989066856320.632,176,S2_panic_selling_defi,indonesia,USDC
25,0.9747208543886356,2989066856320.632,176,S2_panic_selling_defi,indonesia,USDC
26,1.00276161497094,2989066856320.632,176,S2_panic_selling_defi,indonesia,USDC
27,0.993564740889022,2989066856320.632,176,S2_panic_selling_defi,indonesia,USDC
28,0.9802321741572853,2989066856320.632,176,S2_panic_selling_defi,indonesia,USDC
29,1.0038943010592485,2989066856320.632,176,S2_panic_selling_defi,indonesia,USDC
30,0.981070921713422,2989066856320.632,176,S2_panic_selling_defi,indonesia,USDC
31,0.969052344811732,2989066856320.632,176,S2_panic_selling_defi,indonesia,USDC
32,0.9826743880296629,2989008314926.158,176,S2_panic_selling_defi,indonesia,USDC
33,1.0163150651162076,2989008314926.158,176,S2_panic_selling_defi,indonesia,USDC
34,1.0012143074781448,2989008314926.158,176,S2_panic_selling_defi,indonesia,USDC
35,0.9647595422557381,2989008314926.158,176,S2_panic_selling_defi,indonesia,USDC
36,0.9660631481961864,2988704351082.9253,176,S2_panic_selling_defi,indonesia,USDC
37,0.9684493401436516,2988462623350.0312,176,S2_panic_selling_defi,indonesia,USDC
38,0.9904684316539942,2988376726724.589,176,S2_panic_selling_defi,indonesia,USDC
39,0.959938726207636,2988376726724.589,176,S2_panic_selling_defi,indonesia,USDC
40,0.9377149386353136,2987796845166.8223,176,S2_panic_selling_defi,indonesia,USDC
41,0.9558178377480463,2985898876174.8467,176,S2_panic_selling_defi,indonesia,USDC
42,0.9730390725420518,2985094645732.9507,176,S2_panic_selling_defi,indonesia,USDC
43,0.9923602421977622,2985094645732.9507,176,S2_panic_selling_defi,indonesia,USDC
44,0.9699394432424842,2985094645732.9507,176,S2_panic_selling_defi,indonesia,USDC
45,0.9658455579896984,2985091152823.265,176,S2_panic_selling_defi,indonesia,USDC
46,0.9738042819016262,2984871749590.598,176,S2_panic_selling_defi,indonesia,USDC
47,0.9743684245164023,2984871749590.598,176,S2_panic_selling_defi,indonesia,USDC
48,0.9807096932687106,2984871749590.598,176,S2_panic_selling_defi,indonesia,USDC
49,0.993142625099427,2984871749590.598,176,S2_panic_selling_defi,indonesia,USDC
50,0.9910393465442028,2984871749590.598,176,S2_panic_selling_defi,indonesia,USDC
51,0.9914988716915997,2984871749590.598,176,S2_panic_selling_defi,indonesia,USDC
52,0.978067641008283,2984871749590.598,176,S2_panic_selling_defi,indonesia,USDC
53,0.9389703980854562,2984871749590.598,176,S2_panic_selling_defi,indonesia,USDC
54,0.9632388633700566,2983143965013.187,176,S2_panic_selling_defi,indonesia,USDC
55,1.001251591990762,2982789589044.7207,176,S2_panic_selling_defi,indonesia,USDC
56,0.9888248583146156,2982789589044.7207,176,S2_panic_selling_defi,indonesia,USDC
57,1.0077794565845888,2982789589044.7207,176,S2_panic_selling_defi,indonesia,USDC
58,1.0341952405637835,2982789589044.7207,176,S2_panic_selling_defi,indonesia,USDC
59,0.98136025385083,2982789589044.7207,176,S2_panic_selling_defi,indonesia,USDC
60,0.9794094653464641,2982789589044.7207,176,S2_panic_selling_defi,indonesia,USDC
61,1.0094650444548618,2982789589044.7207,176,S2_panic_selling_defi,indonesia,USDC
62,1.053947703003622,2982789589044.7207,176,S2_panic_selling_defi,indonesia,USDC
63,1.0756869767273451,2982789589044.7207,176,S2_panic_selling_defi,indonesia,USDC
64,1.0815915803202145,2982789589044.7207,176,S2_panic_selling_defi,indonesia,USDC
65,1.0567113566143636,2982789589044.7207,176,S2_panic_selling_defi,indonesia,USDC
66,1.0551033630767854,2982789589044.7207,176,S2_panic_selling_defi,indonesia,USDC
67,1.0487453637812725,2982789589044.7207,176,S2_panic_selling_defi,indonesia,USDC
68,1.0430974010082061,2982789589044.7207,176,S2_panic_selling_defi,indonesia,USDC
69,1.021940232903906,2982789589044.7207,176,S2_panic_selling_defi,indonesia,USDC
70,1.0093142986279786,2982789589044.7207,176,S2_panic_selling_defi,indonesia,USDC
71,1.0160096977866244,2982789589044.7207,176,S2_panic_selling_defi,indonesia,USDC
72,1.0099941559521093,2982789589044.7207,176,S2_panic_selling_defi,indonesia,USDC
73,1.0164434696519533,2982789589044.7207,176,S2_panic_selling_defi,indonesia,USDC
74,0.9979054299691152,2982789589044.7207,176,S2_panic_selling_defi,indonesia,USDC
75,1.0138072253731134,2982789589044.7207,176,S2_panic_selling_defi,indonesia,USDC
76,1.029484644179515,2982789589044.7207,176,S2_panic_selling_defi,indonesia,USDC
77,1.0333408081982116,2982789589044.7207,176,S2_panic_selling_defi,indonesia,USDC
78,1.0624175706311392,2982789589044.7207,176,S2_panic_selling_defi,indonesia,USDC
79,1.0472065226958858,2982789589044.7207,176,S2_panic_selling_defi,indonesia,USDC
80,1.0505983596666781,2982789589044.7207,176,S2_panic_selling_defi,indonesia,USDC
81,1.0424005512048884,2982789589044.7207,176,S2_panic_selling_defi,indonesia,USDC
82,1.0467770373693492,2982789589044.7207,176,S2_panic_selling_defi,indonesia,USDC
83,1.0543015651744563,2982789589044.7207,176,S2_panic_selling_defi,indonesia,USDC
84,1.0652731556392352,2982789589044.7207,176,S2_panic_selling_defi,indonesia,USDC
85,1.0777633158839082,2982789589044.7207,176,S2_panic_selling_defi,indonesia,USDC
86,1.089503270118315,2982789589044.7207,176,S2_panic_selling_defi,indonesia,USDC
87,1.1327392656598207,2982789589044.7207,176,S2_panic_selling_defi,indonesia,USDC
88,1.0972337114309063,2982789589044.7207,176,S2_panic_selling_defi,indonesia,USDC
89,1.0799235595274561,2982789589044.7207,176,S2_panic_selling_defi,indonesia,USDC
90,1.0579573037822905,2982789589044.7207,176,S2_panic_selling_defi,indonesia,USDC
91,1.046286722116131,2982789589044.7207,176,S2_panic_selling_defi,indonesia,USDC
92,1.0275035851887444,2982789589044.7207,176,S2_panic_selling_defi,indonesia,USDC
93,1.040687217328483,2982789589044.7207,176,S2_panic_selling_defi,indonesia,USDC
94,1.0372868374508433,2982789589044.7207,176,S2_panic_selling_defi,indonesia,USDC
95,1.06359171049377,2982789589044.7207,176,S2_panic_selling_defi,indonesia,USDC
96,1.0439104925884912,2982789589044.7207,176,S2_panic_selling_defi,indonesia,USDC
97,1.0633598572829812,2982789589044.7207,176,S2_panic_selling_defi,indonesia,USDC
98,1.0524310808994681,2982789589044.7207,176,S2_panic_selling_defi,indonesia,USDC
99,1.0281191761177457,2982789589044.7207,176,S2_panic_selling_defi,indonesia,USDC
100,1.0543695700440592,2982789589044.7207,176,S2_panic_selling_defi,indonesia,USDC
101,1.0430595000372644,2982789589044.7207,176,S2_panic_selling_defi,indonesia,USDC
102,1.041693194340327,2982789589044.7207,176,S2_panic_selling_defi,indonesia,USDC
103,0.913598631044597,2982789589044.7207,176,S2_panic_selling_defi,indonesia,USDC
104,0.9040182629373544,2979867621131.152,176,S2_panic_selling_defi,indonesia,USDC
105,0.9266684511954546,2976633468622.4062,176,S2_panic_selling_defi,indonesia,USDC
106,0.9198443194068837,2974674088834.8135,176,S2_panic_selling_defi,indonesia,USDC
107,0.9367867429034052,2972319927124.2725,176,S2_panic_selling_defi,indonesia,USDC
108,0.9133667496594917,2970978498728.265,176,S2_panic_selling_defi,indonesia,USDC
109,0.9420289544045479,2968536065009.0654,176,S2_panic_selling_defi,indonesia,USDC
110,0.9140571679712208,2967400182365.129,176,S2_panic_selling_defi,indonesia,USDC
111,0.904379800882328,2965193896777.9185,176,S2_panic_selling_defi,indonesia,USDC
112,0.9456527205024875,2962755207616.4946,176,S2_panic_selling_defi,indonesia,USDC
113,0.9630013105120092,2961942937631.466,176,S2_panic_selling_defi,indonesia,USDC
114,0.9936329786615051,2961748003687.582,176,S2_panic_selling_defi,indonesia,USDC
115,0.9791932922064563,2961748003687.582,176,S2_panic_selling_defi,indonesia,USDC
116,0.9656608367340855,2961748003687.582,176,S2_panic_selling_defi,indonesia,USDC
117,0.942238076163192,2961640630317.1377,176,S2_panic_selling_defi,indonesia,USDC
118,0.9497487018566958,2960775125654.276,176,S2_panic_selling_defi,indonesia,USDC
119,0.9390945108948343,2960169300372.381,176,S2_panic_selling_defi,indonesia,USDC
120,0.9332509946108729,2959278227620.5664,176,S2_panic_selling_defi,indonesia,USDC
121,0.9143150324126258,2884250665880.7866,176,S2_panic_selling_defi,indonesia,USDC
122,0.8852183059280156,2810642958660.677,176,S2_panic_selling_defi,indonesia,USDC
123,0.8611631400112774,2738031600866.7524,176,S2_panic_selling_defi,indonesia,USDC
124,0.8701021060188461,2667008491305.3154,176,S2_panic_selling_defi,indonesia,USDC
125,0.8792726226809385,2598125303041.521,176,S2_panic_selling_defi,indonesia,USDC
126,0.8778535731172287,2531410939445.507,176,S2_panic_selling_defi,indonesia,USDC
127,0.8637294053803355,2466533859882.342,176,S2_panic_selling_defi,indonesia,USDC
128,0.859035031031548,2403117444520.3174,176,S2_panic_selling_defi,indonesia,USDC
129,0.8394272553960536,2341369193161.5566,176,S2_panic_selling_defi,indonesia,USDC
130,0.788352955370789,2281165704888.9727,176,S2_panic_selling_defi,indonesia,USDC
131,0.7979385129225077,2222109858864.5254,176,S2_panic_selling_defi,indonesia,USDC
132,0.8142387762410639,2165015204944.4626,176,S2_panic_selling_defi,indonesia,USDC
133,0.8137121769654224,2109678687944.8618,176,S2_panic_selling_defi,indonesia,USDC
134,0.8087506555041133,2055954614705.968,176,S2_panic_selling_defi,indonesia,USDC
135,0.788527931093458,2003677843030.8135,176,S2_panic_selling_defi,indonesia,USDC
136,0.7792507985393833,1952721243760.9912,176,S2_panic_selling_defi,indonesia,USDC
137,0.8077259475937757,1903164389958.7617,176,S2_panic_selling_defi,indonesia,USDC
138,0.7793957248543615,1855110263068.573,176,S2_panic_selling_defi,indonesia,USDC
139,0.7503296375279548,1808261683712.2434,176,S2_panic_selling_defi,indonesia,USDC
140,0.7576717481411893,1762612486504.463,176,S2_panic_selling_defi,indonesia,USDC
141,0.7696334186256107,1718197092042.9922,176,S2_panic_selling_defi,indonesia,USDC
142,0.7586727084042174,1674987875984.767,176,S2_panic_selling_defi,indonesia,USDC
143,0.7589232839453204,1632889786354.9006,176,S2_panic_selling_defi,indonesia,USDC
144,0.7879037976480838,1591899683621.4656,176,S2_panic_selling_defi,indonesia,USDC
145,0.7723170298983197,1551987763628.382,176,S2_panic_selling_defi,indonesia,USDC
146,0.7706679131128076,1513084223147.879,176,S2_panic_selling_defi,indonesia,USDC
147,0.7868977874440066,1475174962866.5247,176,S2_panic_selling_defi,indonesia,USDC
148,0.7868424871013312,1438232597668.725,176,S2_panic_selling_defi,indonesia,USDC
149,0.8099442337147702,1402226633318.9177,176,S2_panic_selling_defi,indonesia,USDC
150,0.8010553931226434,1367136734459.4482,176,S2_panic_selling_defi,indonesia,USDC
151,0.7930224793587028,1332926493475.9756,176,S2_panic_selling_defi,indonesia,USDC
152,0.7848797463729581,1299576241996.864,176,S2_panic_selling_defi,indonesia,USDC
153,0.7650423413749718,1267062519222.1824,176,S2_panic_selling_defi,indonesia,USDC
154,0.7751443401489247,1235365420441.59,176,S2_panic_selling_defi,indonesia,USDC
155,0.7580580347951761,1204465014839.083,176,S2_panic_selling_defi,indonesia,USDC
156,0.7705586909233397,1174339179742.657,176,S2_panic_selling_defi,indonesia,USDC
157,0.7800254352521402,1144970607397.83,176,S2_panic_selling_defi,indonesia,USDC
158,0.7733640328693078,1116338279784.06,176,S2_panic_selling_defi,indonesia,USDC
159,0.7557578369435765,1088422944978.574,176,S2_panic_selling_defi,indonesia,USDC
160,0.7372411414624229,1061206396814.3994,176,S2_panic_selling_defi,indonesia,USDC
161,0.7481336425786493,1034671275152.1078,176,S2_panic_selling_defi,indonesia,USDC
162,0.7554078467689002,1008801016759.2866,176,S2_panic_selling_defi,indonesia,USDC
163,0.7807173580101068,983578303713.8676,176,S2_panic_selling_defi,indonesia,USDC
164,0.8055923578844051,958986978560.6494,176,S2_panic_selling_defi,indonesia,USDC
165,0.8202883629621087,935010961911.7015,176,S2_panic_selling_defi,indonesia,USDC
166,0.8013247559750543,911634688503.0242,176,S2_panic_selling_defi,indonesia,USDC
167,0.82285691736629,888842861696.2755,176,S2_panic_selling_defi,indonesia,USDC
168,0.7883229894902686,866621064886.3783,176,S2_panic_selling_defi,indonesia,USDC
169,0.7789045688818974,844954778618.7952,176,S2_panic_selling_defi,indonesia,USDC
170,0.7925395125873369,823830297346.9424,176,S2_panic_selling_defi,indonesia,USDC
171,0.7786021623004178,803234077510.6577,176,S2_panic_selling_defi,indonesia,USDC
172,0.7914038768426176,783152804363.9121,176,S2_panic_selling_defi,indonesia,USDC
173,0.7870503498885926,763573652693.1229,176,S2_panic_selling_defi,indonesia,USDC
174,0.786150357439086,744484045275.028,176,S2_panic_selling_defi,indonesia,USDC
175,0.7968919060957178,725871720278.1393,176,S2_panic_selling_defi,indonesia,USDC
176,0.8075072601570293,707724752509.3555,176,S2_panic_selling_defi,indonesia,USDC
177,0.8379543364596437,690031498927.3585,176,S2_panic_selling_defi,indonesia,USDC
178,0.8115555980760967,672780625877.5939,176,S2_panic_selling_defi,indonesia,USDC
179,0.8149074189334192,655961018547.5029,176,S2_panic_selling_defi,indonesia,USDC
180,0.8190836487173424,639561919040.8677,176,S2_panic_selling_defi,indonesia,USDC
181,0.8028993259570526,623572805963.4478,176,S2_panic_selling_defi,indonesia,USDC
182,0.8033474775541397,607983424946.402,176,S2_panic_selling_defi,indonesia,USDC
183,0.7935849559946199,592783792040.1731,176,S2_panic_selling_defi,indonesia,USDC
184,0.7825158398116693,577964153479.2222,176,S2_panic_selling_defi,indonesia,USDC
185,0.7732423047641405,563515012206.8387,176,S2_panic_selling_defi,indonesia,USDC
186,0.7672606980754556,549427105555.1,176,S2_panic_selling_defi,indonesia,USDC
187,0.7694523394458878,535691401252.38257,176,S2_panic_selling_defi,indonesia,USDC
188,0.7893599825077218,522299094310.69354,176,S2_panic_selling_defi,indonesia,USDC
189,0.8027833760846201,509241601896.38025,176,S2_panic_selling_defi,indonesia,USDC
190,0.7925604199836462,496510550186.13416,176,S2_panic_selling_defi,indonesia,USDC
191,0.8141090298300442,484097775941.43823,176,S2_panic_selling_defi,indonesia,USDC
192,0.8014866667043428,471995324012.6703,176,S2_panic_selling_defi,indonesia,USDC
193,0.807986201280025,460195434211.2861,176,S2_panic_selling_defi,indonesia,USDC
194,0.8086749259376269,448690543122.02795,176,S2_panic_selling_defi,indonesia,USDC
195,0.7967139850143803,437473275169.92596,176,S2_panic_selling_defi,indonesia,USDC
196,0.7941210577227384,426536439257.6406,176,S2_panic_selling_defi,indonesia,USDC
197,0.768476794817493,415873024967.25183,176,S2_panic_selling_defi,indonesia,USDC
198,0.7871125768592926,405476196273.7549,176,S2_panic_selling_defi,indonesia,USDC
199,0.7633636014654042,395339288990.37067,176,S2_panic_selling_defi,indonesia,USDC
200,0.7291110265166157,385455804669.46936,176,S2_panic_selling_defi,indonesia,USDC
201,0.7396282365016426,375819407646.78064,176,S2_panic_selling_defi,indonesia,USDC
202,0.7324087658729985,366423920976.9374,176,S2_panic_selling_defi,indonesia,USDC
203,0.7833008100890391,357263321789.6864,176,S2_panic_selling_defi,indonesia,USDC
204,0.7960160272272728,348331738081.7497,176,S2_panic_selling_defi,indonesia,USDC
205,0.8003385329813083,339623444105.71173,176,S2_panic_selling_defi,indonesia,USDC
206,0.7870502105099801,331132857608.4176,176,S2_panic_selling_defi,indonesia,USDC
207,0.7597781451305152,322854535797.8369,176,S2_panic_selling_defi,indonesia,USDC
208,0.7675900588184038,314783172062.5004,176,S2_panic_selling_defi,indonesia,USDC
209,0.7849483472861831,306913592491.3404,176,S2_panic_selling_defi,indonesia,USDC
210,0.7808635782038651,299240752491.5343,176,S2_panic_selling_defi,indonesia,USDC
211,0.7730421876610998,291759733519.60236,176,S2_panic_selling_defi,indonesia,USDC
212,0.7761792572294685,284465740052.40936,176,S2_panic_selling_defi,indonesia,USDC
213,0.7788707669994209,277354096441.9973,176,S2_panic_selling_defi,indonesia,USDC
214,0.7805891891393061,270420243948.17297,176,S2_panic_selling_defi,indonesia,USDC
215,0.798418233096177,263659737782.9685,176,S2_panic_selling_defi,indonesia,USDC
216,0.7672214534630155,257068244290.50336,176,S2_panic_selling_defi,indonesia,USDC
217,0.7747687831587825,250641538135.04114,176,S2_panic_selling_defi,indonesia,USDC
218,0.7670281488141639,244375499644.6038,176,S2_panic_selling_defi,indonesia,USDC
219,0.7785679245832301,238266112123.01794,176,S2_panic_selling_defi,indonesia,USDC
220,0.7753560254973537,232309459296.88342,176,S2_panic_selling_defi,indonesia,USDC
221,0.7555263712391389,226501722794.97986,176,S2_panic_selling_defi,indonesia,USDC
222,0.7726646255947537,220839179707.09094,176,S2_panic_selling_defi,indonesia,USDC
223,0.7806096565032019,215318200201.50354,176,S2_panic_selling_defi,indonesia,USDC
224,0.8184963379309129,209935245187.16797,176,S2_panic_selling_defi,indonesia,USDC
225,0.816064412723357,204686864051.30057,176,S2_panic_selling_defi,indonesia,USDC
226,0.8162464488668085,199569692444.56573,176,S2_panic_selling_defi,indonesia,USDC
227,0.8174131598903382,194580450128.85126,176,S2_panic_selling_defi,indonesia,USDC
228,0.8433300797218205,189715938871.7745,176,S2_panic_selling_defi,indonesia,USDC
229,0.8182958893233105,184973040397.27515,176,S2_panic_selling_defi,indonesia,USDC
230,0.8114457030076689,180348714384.51382,176,S2_panic_selling_defi,indonesia,USDC
231,0.8015645993787394,175839996522.34766,176,S2_panic_selling_defi,indonesia,USDC
232,0.7863099845886166,171443996607.15353,176,S2_panic_selling_defi,indonesia,USDC
233,0.7853196956064791,167157896690.02493,176,S2_panic_selling_defi,indonesia,USDC
234,0.7562062171892772,162978949271.06418,176,S2_panic_selling_defi,indonesia,USDC
235,0.7649109187166017,158904475537.74527,176,S2_panic_selling_defi,indonesia,USDC
236,0.8170154496785595,154931863648.13684,176,S2_panic_selling_defi,indonesia,USDC
237,0.8187717608350847,151058567056.2565,176,S2_panic_selling_defi,indonesia,USDC
238,0.819358035134756,147282102879.28027,176,S2_panic_selling_defi,indonesia,USDC
239,0.7894623619406858,143600050306.81384,176,S2_panic_selling_defi,indonesia,USDC
240,0.7727069873130458,140010049048.64682,176,S2_panic_selling_defi,indonesia,USDC
241,0.7739990766180377,136509797821.97342,176,S2_panic_selling_defi,indonesia,USDC
242,0.7926617190063587,133097052876.04422,176,S2_panic_selling_defi,indonesia,USDC
243,0.7738097210788145,129769626553.8689,176,S2_panic_selling_defi,indonesia,USDC
244,0.761200310550408,126525385889.78853,176,S2_panic_selling_defi,indonesia,USDC
245,0.7376102816794915,123362251242.33426,176,S2_panic_selling_defi,indonesia,USDC
246,0.7640475128058032,120278194961.099,176,S2_panic_selling_defi,indonesia,USDC
247,0.7513145116457008,117271240086.94293,176,S2_panic_selling_defi,indonesia,USDC
248,0.7396699543390252,114339459084.6618,176,S2_panic_selling_defi,indonesia,USDC
249,0.7359990976406954,111480972607.45917,176,S2_panic_selling_defi,indonesia,USDC
250,0.7563526345587965,108693948292.20432,176,S2_panic_selling_defi,indonesia,USDC
251,0.7477423042489573,105976599584.85364,176,S2_panic_selling_defi,indonesia,USDC
252,0.7579246166416508,103327184595.19348,176,S2_panic_selling_defi,indonesia,USDC
253,0.7650486383744585,100744004980.2856,176,S2_panic_selling_defi,indonesia,USDC
254,0.7736696509372427,98225404855.75677,176,S2_panic_selling_defi,indonesia,USDC
255,0.7482677007262625,95769769734.34679,176,S2_panic_selling_defi,indonesia,USDC
256,0.7389553413225093,93375525490.97357,176,S2_panic_selling_defi,indonesia,USDC
257,0.7316285465348086,91041137353.68747,176,S2_panic_selling_defi,indonesia,USDC
258,0.7564573717638563,88765108919.83598,176,S2_panic_selling_defi,indonesia,USDC
259,0.7848971212968235,86545981196.8339,176,S2_panic_selling_defi,indonesia,USDC
260,0.7778506113882546,84382331666.90872,176,S2_panic_selling_defi,indonesia,USDC
261,0.7788141785028233,82272773375.23244,176,S2_panic_selling_defi,indonesia,USDC
262,0.7891390405826576,80215954040.84874,176,S2_panic_selling_defi,indonesia,USDC
263,0.8029519944590251,78210555189.82527,176,S2_panic_selling_defi,indonesia,USDC
264,0.7916089136765828,76255291310.07791,176,S2_panic_selling_defi,indonesia,USDC
265,0.793242334058542,74348909027.3245,176,S2_panic_selling_defi,indonesia,USDC
266,0.7836199293668806,72490186301.64021,176,S2_panic_selling_defi,indonesia,USDC
267,0.7773680821687985,70677931644.09814,176,S2_panic_selling_defi,indonesia,USDC
268,0.7744636024170389,68910983352.99477,176,S2_panic_selling_defi,indonesia,USDC
269,0.7958822275322062,67188208769.16919,176,S2_panic_selling_defi,indonesia,USDC
270,0.7930334981257114,65508503549.93945,176,S2_panic_selling_defi,indonesia,USDC
271,0.7808478727765747,63870790961.19054,176,S2_panic_selling_defi,indonesia,USDC
272,0.7533625943904562,62274021187.160385,176,S2_panic_selling_defi,indonesia,USDC
273,0.7562146997086507,60717170657.48102,176,S2_panic_selling_defi,indonesia,USDC
274,0.7557014498607099,59199241391.04372,176,S2_panic_selling_defi,indonesia,USDC
275,0.7826658041002326,57719260356.267395,176,S2_panic_selling_defi,indonesia,USDC
276,0.7878287911622841,56276278847.36056,176,S2_panic_selling_defi,indonesia,USDC
277,0.8082836308672252,54869371876.17642,176,S2_panic_selling_defi,indonesia,USDC
278,0.8204758043532822,53497637579.271935,176,S2_panic_selling_defi,indonesia,USDC
279,0.8230843025147222,52160196639.79007,176,S2_panic_selling_defi,indonesia,USDC
280,0.8028123519280574,50856191723.79526,176,S2_panic_selling_defi,indonesia,USDC
281,0.8163425410886609,49584786930.70032,176,S2_panic_selling_defi,indonesia,USDC
282,0.8120070589210902,48345167257.43277,176,S2_panic_selling_defi,indonesia,USDC
283,0.8000464289943335,47136538075.99691,176,S2_panic_selling_defi,indonesia,USDC
284,0.7972562164780658,45958124624.096954,176,S2_panic_selling_defi,indonesia,USDC
285,0.806379941492845,44809171508.49451,176,S2_panic_selling_defi,indonesia,USDC
286,0.8190878967699116,43688942220.78212,176,S2_panic_selling_defi,indonesia,USDC
287,0.7930167130145452,42596718665.26255,176,S2_panic_selling_defi,indonesia,USDC
288,0.7980481511800941,41531800698.63097,176,S2_panic_selling_defi,indonesia,USDC
289,0.8330182847552269,40493505681.165184,176,S2_panic_selling_defi,indonesia,USDC
290,0.8149344436230868,39481168039.13605,176,S2_panic_selling_defi,indonesia,USDC
291,0.8063181092592877,38494138838.15763,176,S2_panic_selling_defi,indonesia,USDC
292,0.8131967218210513,37531785367.20368,176,S2_panic_selling_defi,indonesia,USDC
293,0.8074934857751129,36593490733.02358,176,S2_panic_selling_defi,indonesia,USDC
294,0.8186814265219893,35678653464.69799,176,S2_panic_selling_defi,indonesia,USDC
295,0.814185379851315,34786687128.080536,176,S2_panic_selling_defi,indonesia,USDC
296,0.825498194281608,33917019949.878517,176,S2_panic_selling_defi,indonesia,USDC
297,0.8282197738417104,33069094451.13155,176,S2_panic_selling_defi,indonesia,USDC
298,0.8161498758277743,32242367089.853264,176,S2_panic_selling_defi,indonesia,USDC
299,0.812131691693885,31436307912.606926,176,S2_panic_selling_defi,indonesia,USDC
300,0.8094113866918285,30650400214.791756,176,S2_panic_selling_defi,indonesia,USDC
301,0.7832293958339326,29884140209.42196,176,S2_panic_selling_defi,indonesia,USDC
302,0.7744025234709482,29137036704.18641,176,S2_panic_selling_defi,indonesia,USDC
303,0.7922834504291915,28408610786.58175,176,S2_panic_selling_defi,indonesia,USDC
304,0.7905853302835436,27698395516.917206,176,S2_panic_selling_defi,indonesia,USDC
305,0.7821134475027839,27005935628.99427,176,S2_panic_selling_defi,indonesia,USDC
306,0.7847354482512693,26330787238.269417,176,S2_panic_selling_defi,indonesia,USDC
307,0.7697165312662995,25672517557.312683,176,S2_panic_selling_defi,indonesia,USDC
308,0.7481624066013068,25030704618.379864,176,S2_panic_selling_defi,indonesia,USDC
309,0.7820919631193157,24404937002.92037,176,S2_panic_selling_defi,indonesia,USDC
310,0.7884831194660589,23794813577.84736,176,S2_panic_selling_defi,indonesia,USDC
311,0.773268105852847,23199943238.401176,176,S2_panic_selling_defi,indonesia,USDC
312,0.7484042462407337,22619944657.441147,176,S2_panic_selling_defi,indonesia,USDC
313,0.759316812967714,22054446041.00512,176,S2_panic_selling_defi,indonesia,USDC
314,0.7705528586365527,21503084889.97999,176,S2_panic_selling_defi,indonesia,USDC
315,0.7851093452949935,20965507767.73049,176,S2_panic_selling_defi,indonesia,USDC
316,0.7738327438145424,20441370073.537228,176,S2_panic_selling_defi,indonesia,USDC
317,0.7569194936638689,19930335821.698795,176,S2_panic_selling_defi,indonesia,USDC
318,0.7415548296597563,19432077426.156326,176,S2_panic_selling_defi,indonesia,USDC
319,0.735410628740252,18946275490.50242,176,S2_panic_selling_defi,indonesia,USDC
320,0.7264611400491354,18472618603.23986,176,S2_panic_selling_defi,indonesia,USDC
321,0.7429552383209873,18010803138.158863,176,S2_panic_selling_defi,indonesia,USDC
322,0.7448542308034412,17560533059.70489,176,S2_panic_selling_defi,indonesia,USDC
323,0.7551457632350156,17121519733.212269,176,S2_panic_selling_defi,indonesia,USDC
324,0.8048194374111477,16693481739.881962,176,S2_panic_selling_defi,indonesia,USDC
325,0.8113747032220948,16276144696.38491,176,S2_panic_selling_defi,indonesia,USDC
326,0.8128546068207507,15869241078.975288,176,S2_panic_selling_defi,indonesia,USDC
327,0.7999440479635563,15472510052.000908,176,S2_panic_selling_defi,indonesia,USDC
328,0.7990438288993006,15085697300.700882,176,S2_panic_selling_defi,indonesia,USDC
329,0.7874248777360461,14708554868.183361,176,S2_panic_selling_defi,indonesia,USDC
330,0.7971109855814884,14340840996.478777,176,S2_panic_selling_defi,indonesia,USDC
331,0.7775711325993172,13982319971.566809,176,S2_panic_selling_defi,indonesia,USDC
332,0.7976085626902678,13632761972.277637,176,S2_panic_selling_defi,indonesia,USDC
333,0.794686139123606,13291942922.970695,176,S2_panic_selling_defi,indonesia,USDC
334,0.7905712943080802,12959644349.896431,176,S2_panic_selling_defi,indonesia,USDC
335,0.7864157483505492,12635653241.14902,176,S2_panic_selling_defi,indonesia,USDC
336,0.7817140396146635,12319761910.120293,176,S2_panic_selling_defi,indonesia,USDC
337,0.7988657762736394,12011767862.367287,176,S2_panic_selling_defi,indonesia,USDC
338,0.81928992348138,11711473665.808104,176,S2_panic_selling_defi,indonesia,USDC
339,0.8216890761730645,11418686824.1629,176,S2_panic_selling_defi,indonesia,USDC
340,0.8003318717574741,11133219653.558826,176,S2_panic_selling_defi,indonesia,USDC
341,0.8218412777124429,10854889162.219858,176,S2_panic_selling_defi,indonesia,USDC
342,0.8506979222247243,10583516933.16436,176,S2_panic_selling_defi,indonesia,USDC
343,0.8312180716932508,10318929009.83525,176,S2_panic_selling_defi,indonesia,USDC
344,0.8095261786192732,10060955784.58937,176,S2_panic_selling_defi,indonesia,USDC
345,0.841642516515238,9809431889.974636,176,S2_panic_selling_defi,indonesia,USDC
346,0.8019599015659953,9564196092.72527,176,S2_panic_selling_defi,indonesia,USDC
347,0.7896273661100779,9325091190.407139,176,S2_panic_selling_defi,indonesia,USDC
348,0.7827284831351459,9091963910.646961,176,S2_panic_selling_defi,indonesia,USDC
349,0.765077894043901,8864664812.880787,176,S2_panic_selling_defi,indonesia,USDC
350,0.7502812798937432,8643048192.558767,176,S2_panic_selling_defi,indonesia,USDC
351,0.7678703756852899,8426971987.744799,176,S2_panic_selling_defi,indonesia,USDC
352,0.715400517955974,8216297688.051178,176,S2_panic_selling_defi,indonesia,USDC
353,0.7377413790105282,8010890245.849899,176,S2_panic_selling_defi,indonesia,USDC
354,0.7318761147519998,7810617989.703651,176,S2_panic_selling_defi,indonesia,USDC
355,0.7355150623198652,7615352539.96106,176,S2_panic_selling_defi,indonesia,USDC
356,0.7577258717081011,7424968726.462034,176,S2_panic_selling_defi,indonesia,USDC
357,0.7600927619663093,7239344508.300484,176,S2_panic_selling_defi,indonesia,USDC
358,0.7673924806090833,7058360895.592971,176,S2_panic_selling_defi,indonesia,USDC
359,0.7459698276730418,6881901873.203146,176,S2_panic_selling_defi,indonesia,USDC
360,0.7543980032660154,6709854326.373068,176,S2_panic_selling_defi,indonesia,USDC
361,0.7588546466133033,6542107968.213741,176,S2_panic_selling_defi,indonesia,USDC
362,0.7676724865666602,6378555269.008398,176,S2_panic_selling_defi,indonesia,USDC
363,0.7832762532504025,6219091387.283188,176,S2_panic_selling_defi,indonesia,USDC
364,0.7710634443904814,6063614102.601109,176,S2_panic_selling_defi,indonesia,USDC
365,0.7883916422221801,5912023750.03608,176,S2_panic_selling_defi,indonesia,USDC
366,0.7924117394801334,5764223156.285179,176,S2_panic_selling_defi,indonesia,USDC
367,0.7885218045732463,5620117577.37805,176,S2_panic_selling_defi,indonesia,USDC
368,0.7860780906791311,5479614637.943598,176,S2_panic_selling_defi,indonesia,USDC
369,0.7858149705185684,5342624271.9950075,176,S2_panic_selling_defi,indonesia,USDC
370,0.8141089077385313,5209058665.195132,176,S2_panic_selling_defi,indonesia,USDC
371,0.8086363788696863,5078832198.565254,176,S2_panic_selling_defi,indonesia,USDC
372,0.7999859519700917,4951861393.601123,176,S2_panic_selling_defi,indonesia,USDC
373,0.7829147323804835,4828064858.761095,176,S2_panic_selling_defi,indonesia,USDC
374,0.790704477011921,4707363237.292068,176,S2_panic_selling_defi,indonesia,USDC
375,0.692844240784266,4589679156.359766,176,S2_panic_selling_defi,indonesia,USDC
376,0.7045055090871577,4474937177.450771,176,S2_panic_selling_defi,indonesia,USDC
377,0.7157119358111179,4363063748.014503,176,S2_panic_selling_defi,indonesia,USDC
378,0.7351496382568302,4253987154.3141394,176,S2_panic_selling_defi,indonesia,USDC
379,0.7332795025655827,4147637475.4562864,176,S2_panic_selling_defi,indonesia,USDC
380,0.7539670890944334,4043946538.5698795,176,S2_panic_selling_defi,indonesia,USDC
381,0.7619825474607,3942847875.1056323,176,S2_panic_selling_defi,indonesia,USDC
382,0.7564544325182837,3844276678.2279916,176,S2_panic_selling_defi,indonesia,USDC
383,0.7517560507457184,3748169761.2722917,176,S2_panic_selling_defi,indonesia,USDC
384,0.7276722234421851,3654465517.240484,176,S2_panic_selling_defi,indonesia,USDC
385,0.7440592126290818,3563103879.309472,176,S2_panic_selling_defi,indonesia,USDC
386,0.7325235668889623,3474026282.3267355,176,S2_panic_selling_defi,indonesia,USDC
387,0.7209900259325418,3387175625.268567,176,S2_panic_selling_defi,indonesia,USDC
388,0.7047052510228144,3302496234.6368523,176,S2_panic_selling_defi,indonesia,USDC
389,0.7120882203160191,3219933828.7709312,176,S2_panic_selling_defi,indonesia,USDC
390,0.7076644009045143,3139435483.051658,176,S2_panic_selling_defi,indonesia,USDC
391,0.7440849361343803,3060949595.9753666,176,S2_panic_selling_defi,indonesia,USDC
392,0.7512374782361647,2984425856.0759826,176,S2_panic_selling_defi,indonesia,USDC
393,0.7326617149231828,2909815209.6740828,176,S2_panic_selling_defi,indonesia,USDC
394,0.7511945932133729,2837069829.4322305,176,S2_panic_selling_defi,indonesia,USDC
395,0.7525592465153419,2766143083.696425,176,S2_panic_selling_defi,indonesia,USDC
396,0.777308328864539,2696989506.6040144,176,S2_panic_selling_defi,indonesia,USDC
397,0.7943288282524883,2629564768.9389143,176,S2_panic_selling_defi,indonesia,USDC
398,0.8171225141850282,2563825649.715441,176,S2_panic_selling_defi,indonesia,USDC
399,0.7976181653889707,2499730008.472555,176,S2_panic_selling_defi,indonesia,USDC
400,0.8029754886513177,2437236758.260741,176,S2_panic_selling_defi,indonesia,USDC
401,0.8040499871550538,2376305839.304223,176,S2_panic_selling_defi,indonesia,USDC
402,0.8127900658182023,2316898193.321617,176,S2_panic_selling_defi,indonesia,USDC
403,0.8333285998749432,2258975738.488577,176,S2_panic_selling_defi,indonesia,USDC
404,0.8230775498076396,2202501345.0263624,176,S2_panic_selling_defi,indonesia,USDC
405,0.8272716227111221,2147438811.4007032,176,S2_panic_selling_defi,indonesia,USDC
406,0.8375807424250036,2093752841.115686,176,S2_panic_selling_defi,indonesia,USDC
407,0.8402262324999726,2041409020.0877938,176,S2_panic_selling_defi,indonesia,USDC
408,0.8155464877785837,1990373794.585599,176,S2_panic_selling_defi,indonesia,USDC
409,0.8088784843009168,1940614449.720959,176,S2_panic_selling_defi,indonesia,USDC
410,0.7832257925137581,1892099088.4779348,176,S2_panic_selling_defi,indonesia,USDC
411,0.7685577856718225,1844796611.2659864,176,S2_panic_selling_defi,indonesia,USDC
412,0.7863778534917751,1798676695.9843366,176,S2_panic_selling_defi,indonesia,USDC
413,0.809591024100417,1753709778.5847282,176,S2_panic_selling_defi,indonesia,USDC
414,0.7844946689730379,1709867034.12011,176,S2_panic_selling_defi,indonesia,USDC
415,0.7779818643469769,1667120358.2671072,176,S2_panic_selling_defi,indonesia,USDC
416,0.7794656191893932,1625442349.3104296,176,S2_panic_selling_defi,indonesia,USDC
417,0.7856403789588524,1584806290.5776691,176,S2_panic_selling_defi,indonesia,USDC
418,0.77687480839677,1545186133.3132272,176,S2_panic_selling_defi,indonesia,USDC
419,0.7797694393140978,1506556479.9803965,176,S2_panic_selling_defi,indonesia,USDC
420,0.7885474518948221,1468892567.9808867,176,S2_panic_selling_defi,indonesia,USDC
421,0.8044956853824862,1432170253.7813644,176,S2_panic_selling_defi,indonesia,USDC
422,0.797877720537341,1396365997.4368303,176,S2_panic_selling_defi,indonesia,USDC
423,0.7943166163716727,1361456847.5009096,176,S2_panic_selling_defi,indonesia,USDC
424,0.8012926312541302,1327420426.313387,176,S2_panic_selling_defi,indonesia,USDC
425,0.8271776384522331,1294234915.6555521,176,S2_panic_selling_defi,indonesia,USDC
426,0.8196474342267237,1261879042.7641635,176,S2_panic_selling_defi,indonesia,USDC
427,0.7927102351017411,1230332066.6950593,176,S2_panic_selling_defi,indonesia,USDC
428,0.8276350732104004,1199573765.0276828,176,S2_panic_selling_defi,indonesia,USDC
429,0.8466999229122603,1169584420.9019907,176,S2_panic_selling_defi,indonesia,USDC
430,0.8271244337113048,1140344810.3794408,176,S2_panic_selling_defi,indonesia,USDC
431,0.8190364703250588,1111836190.1199548,176,S2_panic_selling_defi,indonesia,USDC
432,0.8236476140965198,1084040285.366956,176,S2_panic_selling_defi,indonesia,USDC
433,0.8191332648343498,1056939278.2327821,176,S2_panic_selling_defi,indonesia,USDC
434,0.801645083346329,1030515796.2769625,176,S2_panic_selling_defi,indonesia,USDC
435,0.7985809041066704,1004752901.3700385,176,S2_panic_selling_defi,indonesia,USDC
436,0.7685852964958377,979634078.8357875,176,S2_panic_selling_defi,indonesia,USDC
437,0.7763729814396347,955143226.864893,176,S2_panic_selling_defi,indonesia,USDC
438,0.7759311302945056,931264646.1932704,176,S2_panic_selling_defi,indonesia,USDC
439,0.7406511554694085,907983030.0384388,176,S2_panic_selling_defi,indonesia,USDC
440,0.727733281592289,885283454.2874777,176,S2_panic_selling_defi,indonesia,USDC
441,0.7070885998974782,863151367.9302908,176,S2_panic_selling_defi,indonesia,USDC
442,0.7272352668165051,841572583.7320335,176,S2_panic_selling_defi,indonesia,USDC
443,0.7565308590614387,820533269.1387327,176,S2_panic_selling_defi,indonesia,USDC
444,0.7591086895858925,800019937.4102644,176,S2_panic_selling_defi,indonesia,USDC
445,0.7565957736539143,780019438.9750078,176,S2_panic_selling_defi,indonesia,USDC
446,0.7466494164293074,760518953.0006325,176,S2_panic_selling_defi,indonesia,USDC
447,0.767377798996889,741505979.1756167,176,S2_panic_selling_defi,indonesia,USDC
448,0.7677788618330068,722968329.6962264,176,S2_panic_selling_defi,indonesia,USDC
449,0.7834029761221919,704894121.4538206,176,S2_panic_selling_defi,indonesia,USDC
450,0.7542939053826577,687271768.4174752,176,S2_panic_selling_defi,indonesia,USDC
451,0.7331219617979134,670089974.2070383,176,S2_panic_selling_defi,indonesia,USDC
452,0.7384915279777774,653337724.8518623,176,S2_panic_selling_defi,indonesia,USDC
453,0.7301684511092909,637004281.7305658,176,S2_panic_selling_defi,indonesia,USDC
454,0.7327299941997748,621079174.6873016,176,S2_panic_selling_defi,indonesia,USDC
455,0.7356863683622153,605552195.320119,176,S2_panic_selling_defi,indonesia,USDC
456,0.7368596420442636,590413390.437116,176,S2_panic_selling_defi,indonesia,USDC
457,0.7372296891417977,575653055.6761882,176,S2_panic_selling_defi,indonesia,USDC
458,0.7536992938728638,561261729.2842834,176,S2_panic_selling_defi,indonesia,USDC
459,0.750701552492807,547230186.0521764,176,S2_panic_selling_defi,indonesia,USDC
460,0.7483747653208689,533549431.400872,176,S2_panic_selling_defi,indonesia,USDC
461,0.76298459457932,520210695.6158502,176,S2_panic_selling_defi,indonesia,USDC
462,0.7751843826903676,507205428.2254539,176,S2_panic_selling_defi,indonesia,USDC
463,0.7888696188382431,494525292.5198176,176,S2_panic_selling_defi,indonesia,USDC
464,0.7967181000371067,482162160.20682216,176,S2_panic_selling_defi,indonesia,USDC
465,0.8196535312086596,470108106.2016516,176,S2_panic_selling_defi,indonesia,USDC
466,0.8093765871543732,458355403.54661036,176,S2_panic_selling_defi,indonesia,USDC
467,0.7835779069738216,446896518.457945,176,S2_panic_selling_defi,indonesia,USDC
468,0.7846715295643407,435724105.49649644,176,S2_panic_selling_defi,indonesia,USDC
469,0.8184285365225318,424831002.859084,176,S2_panic_selling_defi,indonesia,USDC
470,0.7890666701680277,414210227.78760695,176,S2_panic_selling_defi,indonesia,USDC
471,0.7737166381164984,403854972.0929167,176,S2_panic_selling_defi,indonesia,USDC
472,0.7586591668106651,393758597.7905938,176,S2_panic_selling_defi,indonesia,USDC
473,0.7469783194971076,383914632.84582895,176,S2_panic_selling_defi,indonesia,USDC
474,0.7512268447217595,374316767.02468324,176,S2_panic_selling_defi,indonesia,USDC
475,0.7744925861110252,364958847.84906614,176,S2_panic_selling_defi,indonesia,USDC
476,0.7698838875197093,355834876.6528395,176,S2_panic_selling_defi,indonesia,USDC
477,0.7687988700967286,346939004.7365185,176,S2_panic_selling_defi,indonesia,USDC
478,0.7683139196697246,338265529.61810553,176,S2_panic_selling_defi,indonesia,USDC
479,0.7710751231133403,329808891.37765294,176,S2_panic_selling_defi,indonesia,USDC
480,0.7632631084133885,321563669.0932116,176,S2_panic_selling_defi,indonesia,USDC
481,0.750348123878713,313524577.3658813,176,S2_panic_selling_defi,indonesia,USDC
482,0.7637121528316422,305686462.93173426,176,S2_panic_selling_defi,indonesia,USDC
483,0.7532627810227595,298044301.3584409,176,S2_panic_selling_defi,indonesia,USDC
484,0.7585751874442618,290593193.8244799,176,S2_panic_selling_defi,indonesia,USDC
485,0.7654768868427696,283328363.9788679,176,S2_panic_selling_defi,indonesia,USDC
486,0.7726001382435513,276245154.8793962,176,S2_panic_selling_defi,indonesia,USDC
487,0.7439905037232014,269339026.0074113,176,S2_panic_selling_defi,indonesia,USDC
488,0.7192424536719018,262605550.357226,176,S2_panic_selling_defi,indonesia,USDC
489,0.7054091332134922,256040411.59829536,176,S2_panic_selling_defi,indonesia,USDC
490,0.7273225405309731,249639401.30833796,176,S2_panic_selling_defi,indonesia,USDC
491,0.7394386448701348,243398416.27562952,176,S2_panic_selling_defi,indonesia,USDC
492,0.7619944071227123,237313455.86873883,176,S2_panic_selling_defi,indonesia,USDC
493,0.7647753059296014,231380619.47202033,176,S2_panic_selling_defi,indonesia,USDC
494,0.7763940143780289,225596103.98521984,176,S2_panic_selling_defi,indonesia,USDC
495,0.7601608778888058,219956201.38558933,176,S2_panic_selling_defi,indonesia,USDC
496,0.7870554512230701,214457296.35094962,176,S2_panic_selling_defi,indonesia,USDC
497,0.7916902178019635,209095863.9421759,176,S2_panic_selling_defi,indonesia,USDC
498,0.7749299292045776,203868467.3436215,176,S2_panic_selling_defi,indonesia,USDC
499,0.7603697840407584,198771755.66003096,176,S2_panic_selling_defi,indonesia,USDC
500,0.7407775087037414,193802461.7685302,176,S2_panic_selling_defi,indonesia,USDC
501,0.7619816861028226,188957400.22431692,176,S2_panic_selling_defi,indonesia,USDC
502,0.7739986764662223,184233465.218709,176,S2_panic_selling_defi,indonesia,USDC
503,0.7761359375140883,179627628.58824128,176,S2_panic_selling_defi,indonesia,USDC
504,0.7794740557153683,175136937.87353525,176,S2_panic_selling_defi,indonesia,USDC
505,0.7827041497308505,170758514.42669687,176,S2_panic_selling_defi,indonesia,USDC
506,0.7872445072741489,166489551.56602943,176,S2_panic_selling_defi,indonesia,USDC
507,0.7975099854737472,162327312.7768787,176,S2_panic_selling_defi,indonesia,USDC
508,0.8305275110967744,158269129.95745674,176,S2_panic_selling_defi,indonesia,USDC
509,0.8272395494049946,154312401.70852032,176,S2_panic_selling_defi,indonesia,USDC
510,0.8007624164658278,150454591.6658073,176,S2_panic_selling_defi,indonesia,USDC
511,0.8022956113968136,146693226.87416214,176,S2_panic_selling_defi,indonesia,USDC
512,0.8119088002908299,143025896.20230806,176,S2_panic_selling_defi,indonesia,USDC
513,0.8085293583555804,139450248.79725036,176,S2_panic_selling_defi,indonesia,USDC
514,0.7801170878588131,135963992.57731912,176,S2_panic_selling_defi,indonesia,USDC
515,0.7832232086890308,132564892.76288614,176,S2_panic_selling_defi,indonesia,USDC
516,0.797691678036435,129250770.44381398,176,S2_panic_selling_defi,indonesia,USDC
517,0.7967842579860934,126019501.18271863,176,S2_panic_selling_defi,indonesia,USDC
518,0.768973012769229,122869013.65315066,176,S2_panic_selling_defi,indonesia,USDC
519,0.7812790505364341,119797288.31182191,176,S2_panic_selling_defi,indonesia,USDC
520,0.7973796845540919,116802356.10402635,176,S2_panic_selling_defi,indonesia,USDC
521,0.7991427071210718,113882297.2014257,176,S2_panic_selling_defi,indonesia,USDC
522,0.7787944025443257,111035239.77139007,176,S2_panic_selling_defi,indonesia,USDC
523,0.7683616241359515,108259358.7771053,176,S2_panic_selling_defi,indonesia,USDC
524,0.782529905180966,105552874.80767766,176,S2_panic_selling_defi,indonesia,USDC
525,0.7684528526743603,102914052.93748572,176,S2_panic_selling_defi,indonesia,USDC
526,0.7564852774698254,100341201.61404857,176,S2_panic_selling_defi,indonesia,USDC
527,0.773918880344981,97832671.57369736,176,S2_panic_selling_defi,indonesia,USDC
528,0.7817697705477838,95386854.78435493,176,S2_panic_selling_defi,indonesia,USDC
529,0.7621766666047378,93002183.41474605,176,S2_panic_selling_defi,indonesia,USDC
530,0.8067218554300221,90677128.8293774,176,S2_panic_selling_defi,indonesia,USDC
531,0.8079540395562741,88410200.60864297,176,S2_panic_selling_defi,indonesia,USDC
532,0.8008940664778262,86199945.59342688,176,S2_panic_selling_defi,indonesia,USDC
533,0.7593883307968439,84044946.95359123,176,S2_panic_selling_defi,indonesia,USDC
534,0.7484780972133475,81943823.27975145,176,S2_panic_selling_defi,indonesia,USDC
535,0.7387029136769971,79895227.69775766,176,S2_panic_selling_defi,indonesia,USDC
536,0.7381788942154374,77897847.00531372,176,S2_panic_selling_defi,indonesia,USDC
537,0.7381383204255103,75950400.83018087,176,S2_panic_selling_defi,indonesia,USDC
538,0.739048921640625,74051640.80942635,176,S2_panic_selling_defi,indonesia,USDC
539,0.7475197751224587,72200349.7891907,176,S2_panic_selling_defi,indonesia,USDC
540,0.7369967305419604,70395341.04446092,176,S2_panic_selling_defi,indonesia,USDC
541,0.7497656731274284,68635457.5183494,176,S2_panic_selling_defi,indonesia,USDC
542,0.7328271377979902,66919571.08039066,176,S2_panic_selling_defi,indonesia,USDC
543,0.7544979787240679,65246581.80338089,176,S2_panic_selling_defi,indonesia,USDC
544,0.7486277555138787,63615417.25829637,176,S2_panic_selling_defi,indonesia,USDC
545,0.7514997220208416,62025031.82683897,176,S2_panic_selling_defi,indonesia,USDC
546,0.7542159192825518,60474406.031168,176,S2_panic_selling_defi,indonesia,USDC
547,0.7812622631492881,58962545.8803888,176,S2_panic_selling_defi,indonesia,USDC
548,0.7829252731304963,57488482.23337908,176,S2_panic_selling_defi,indonesia,USDC
549,0.7985265794832348,56051270.1775446,176,S2_panic_selling_defi,indonesia,USDC
550,0.8097909576249073,54649988.423105985,176,S2_panic_selling_defi,indonesia,USDC
551,0.8268774265693457,53283738.71252833,176,S2_panic_selling_defi,indonesia,USDC
552,0.8086164534064781,51951645.244715124,176,S2_panic_selling_defi,indonesia,USDC
553,0.8007352324619933,50652854.113597244,176,S2_panic_selling_defi,indonesia,USDC
554,0.7917862186863193,49386532.76075731,176,S2_panic_selling_defi,indonesia,USDC
555,0.7885107448060561,48151869.44173838,176,S2_panic_selling_defi,indonesia,USDC
556,0.7957585662210112,46948072.70569492,176,S2_panic_selling_defi,indonesia,USDC
557,0.7978281240624352,45774370.888052545,176,S2_panic_selling_defi,indonesia,USDC
558,0.7850127292792034,44630011.61585123,176,S2_panic_selling_defi,indonesia,USDC
559,0.794236878539165,43514261.32545495,176,S2_panic_selling_defi,indonesia,USDC
560,0.8185152251588255,42426404.792318575,176,S2_panic_selling_defi,indonesia,USDC
561,0.7951725979398175,41365744.67251061,176,S2_panic_selling_defi,indonesia,USDC
562,0.7783628220297006,40331601.05569784,176,S2_panic_selling_defi,indonesia,USDC
563,0.7929420926525729,39323311.0293054,176,S2_panic_selling_defi,indonesia,USDC
564,0.7981742821549181,38340228.25357276,176,S2_panic_selling_defi,indonesia,USDC
565,0.7946650843924465,37381722.54723345,176,S2_panic_selling_defi,indonesia,USDC
566,0.8067945392460664,36447179.483552605,176,S2_panic_selling_defi,indonesia,USDC
567,0.7970958085467584,35535999.9964638,176,S2_panic_selling_defi,indonesia,USDC
568,0.8013935329024743,34647599.9965522,176,S2_panic_selling_defi,indonesia,USDC
569,0.8035574426759372,33781409.996638395,176,S2_panic_selling_defi,indonesia,USDC
570,0.7944349676053915,32936874.746722434,176,S2_panic_selling_defi,indonesia,USDC
571,0.8018018229863091,32113452.878054373,176,S2_panic_selling_defi,indonesia,USDC
572,0.8182920289210598,31310616.556103017,176,S2_panic_selling_defi,indonesia,USDC
573,0.8094495011152629,30527851.14220044,176,S2_panic_selling_defi,indonesia,USDC
574,0.8253531524698837,29764654.863645427,176,S2_panic_selling_defi,indonesia,USDC
575,0.8170222567833131,29020538.4920543,176,S2_panic_selling_defi,indonesia,USDC
576,0.818371611342709,28295025.02975294,176,S2_panic_selling_defi,indonesia,USDC
577,0.8055301577455174,27587649.40400911,176,S2_panic_selling_defi,indonesia,USDC
578,0.8420746748500116,26897958.168908887,176,S2_panic_selling_defi,indonesia,USDC
579,0.841165353112592,26225509.214686163,176,S2_panic_selling_defi,indonesia,USDC
580,0.8355929395750353,25569871.48431901,176,S2_panic_selling_defi,indonesia,USDC
581,0.8242374213305432,24930624.697211035,176,S2_panic_selling_defi,indonesia,USDC
582,0.8056384000350558,24307359.079780757,176,S2_panic_selling_defi,indonesia,USDC
583,0.8084578013276582,23699675.10278624,176,S2_panic_selling_defi,indonesia,USDC
584,0.8138684519188876,23107183.225216582,176,S2_panic_selling_defi,indonesia,USDC
585,0.8011585183158925,22529503.64458617,176,S2_panic_selling_defi,indonesia,USDC
586,0.787131709159717,21966266.053471513,176,S2_panic_selling_defi,indonesia,USDC
587,0.7958999837988985,21417109.402134728,176,S2_panic_selling_defi,indonesia,USDC
588,0.7948046425839781,20881681.667081356,176,S2_panic_selling_defi,indonesia,USDC
589,0.7952030670225507,20359639.625404324,176,S2_panic_selling_defi,indonesia,USDC
590,0.7929704594654732,19850648.634769216,176,S2_panic_selling_defi,indonesia,USDC
591,0.7788172163692049,19354382.418899987,176,S2_panic_selling_defi,indonesia,USDC
592,0.8025265306926762,18870522.858427487,176,S2_panic_selling_defi,indonesia,USDC
593,0.7957654007898172,18398759.7869668,176,S2_panic_selling_defi,indonesia,USDC
594,0.7828204239239525,17938790.792292632,176,S2_panic_selling_defi,indonesia,USDC
595,0.7610159118247396,17490321.022485316,176,S2_panic_selling_defi,indonesia,USDC
596,0.7480710435874249,17053062.996923182,176,S2_panic_selling_defi,indonesia,USDC
597,0.7342767379989448,16626736.422000103,176,S2_panic_selling_defi,indonesia,USDC
598,0.7447404061861455,16211068.0114501,176,S2_panic_selling_defi,indonesia,USDC
599,0.7609734984067419,15805791.311163848,176,S2_panic_selling_defi,indonesia,USDC
600,0.7569264016596605,15410646.528384753,176,S2_panic_selling_defi,indonesia,USDC
601,0.7588549085990849,15025380.365175134,176,S2_panic_selling_defi,indonesia,USDC
602,0.7610054921872482,14649745.856045755,176,S2_panic_selling_defi,indonesia,USDC
603,0.7557645080399685,14283502.209644612,176,S2_panic_selling_defi,indonesia,USDC
604,0.7562967595272574,13926414.654403497,176,S2_panic_selling_defi,indonesia,USDC
605,0.7851309562232491,13578254.28804341,176,S2_panic_selling_defi,indonesia,USDC
606,0.807315677031597,13238797.930842325,176,S2_panic_selling_defi,indonesia,USDC
607,0.7860612228330797,12907827.982571267,176,S2_panic_selling_defi,indonesia,USDC
608,0.7772482687009584,12585132.283006987,176,S2_panic_selling_defi,indonesia,USDC
609,0.8004791824491966,12270503.975931812,176,S2_panic_selling_defi,indonesia,USDC
610,0.8131233112506775,11963741.376533516,176,S2_panic_selling_defi,indonesia,USDC
611,0.8229402636345964,11664647.842120178,176,S2_panic_selling_defi,indonesia,USDC
612,0.7884378748167502,11373031.646067174,176,S2_panic_selling_defi,indonesia,USDC
613,0.7953142114015489,11088705.854915496,176,S2_panic_selling_defi,indonesia,USDC
614,0.7832507302259046,10811488.208542608,176,S2_panic_selling_defi,indonesia,USDC
615,0.758891365705501,10541201.003329042,176,S2_panic_selling_defi,indonesia,USDC
616,0.7483344160470511,10277670.978245815,176,S2_panic_selling_defi,indonesia,USDC
617,0.7710057859284926,10020729.20378967,176,S2_panic_selling_defi,indonesia,USDC
618,0.7524517274110887,9770210.973694928,176,S2_panic_selling_defi,indonesia,USDC
619,0.7577516092972066,9525955.699352555,176,S2_panic_selling_defi,indonesia,USDC
620,0.7151600912391549,9287806.806868741,176,S2_panic_selling_defi,indonesia,USDC
621,0.7231944151876182,9055611.636697024,176,S2_panic_selling_defi,indonesia,USDC
622,0.7368017585910167,8829221.345779598,176,S2_panic_selling_defi,indonesia,USDC
623,0.7300202102545895,8608490.812135108,176,S2_panic_selling_defi,indonesia,USDC
624,0.7398954317227031,8393278.54183173,176,S2_panic_selling_defi,indonesia,USDC
625,0.776969900469101,8183446.578285937,176,S2_panic_selling_defi,indonesia,USDC
626,0.7814605940516208,7978860.413828788,176,S2_panic_selling_defi,indonesia,USDC
627,0.7853685912450058,7779388.903483069,176,S2_panic_selling_defi,indonesia,USDC
628,0.787636804466348,7584904.180895992,176,S2_panic_selling_defi,indonesia,USDC
629,0.79323226989879,7395281.576373592,176,S2_panic_selling_defi,indonesia,USDC
630,0.7575677149767134,7210399.536964253,176,S2_panic_selling_defi,indonesia,USDC
631,0.7776341812142288,7030139.548540146,176,S2_panic_selling_defi,indonesia,USDC
632,0.775516559822416,6854386.059826642,176,S2_panic_selling_defi,indonesia,USDC
633,0.7742204745733007,6683026.408330977,176,S2_panic_selling_defi,indonesia,USDC
634,0.7822458083312721,6515950.748122701,176,S2_panic_selling_defi,indonesia,USDC
635,0.783507048116677,6353051.979419636,176,S2_panic_selling_defi,indonesia,USDC
636,0.7883658585778643,6194225.679934144,176,S2_panic_selling_defi,indonesia,USDC
637,0.762403892021365,6039370.03793579,176,S2_panic_selling_defi,indonesia,USDC
638,0.7610070347084101,5888385.786987395,176,S2_panic_selling_defi,indonesia,USDC
639,0.7677531136065421,5741176.14231271,176,S2_panic_selling_defi,indonesia,USDC
640,0.7852273667641412,5597646.738754893,176,S2_panic_selling_defi,indonesia,USDC
641,0.7629956890125132,5457705.570286021,176,S2_panic_selling_defi,indonesia,USDC
642,0.7300498469806579,5321262.93102887,176,S2_panic_selling_defi,indonesia,USDC
643,0.7354012533697848,5188231.357753148,176,S2_panic_selling_defi,indonesia,USDC
644,0.739869748300574,5058525.573809319,176,S2_panic_selling_defi,indonesia,USDC
645,0.7416698257575602,4932062.434464086,176,S2_panic_selling_defi,indonesia,USDC
646,0.7595382957084094,4808760.873602483,176,S2_panic_selling_defi,indonesia,USDC
647,0.761153458278036,4688541.851762421,176,S2_panic_selling_defi,indonesia,USDC
648,0.7954649711234812,4571328.305468362,176,S2_panic_selling_defi,indonesia,USDC
649,0.79945798670172,4457045.0978316525,176,S2_panic_selling_defi,indonesia,USDC
650,0.7430455602131257,4345618.970385861,176,S2_panic_selling_defi,indonesia,USDC
651,0.7321720629913717,4236978.496126214,176,S2_panic_selling_defi,indonesia,USDC
652,0.7358172490477303,4131054.033723059,176,S2_panic_selling_defi,indonesia,USDC
653,0.7264352734700518,4027777.6828799825,176,S2_panic_selling_defi,indonesia,USDC
654,0.7553865263417006,3927083.240807983,176,S2_panic_selling_defi,indonesia,USDC
655,0.7741231765008111,3828906.1597877834,176,S2_panic_selling_defi,indonesia,USDC
656,0.7804237255921125,3733183.505793089,176,S2_panic_selling_defi,indonesia,USDC
657,0.7619320437273831,3639853.918148262,176,S2_panic_selling_defi,indonesia,USDC
658,0.7893745231079453,3548857.5701945554,176,S2_panic_selling_defi,indonesia,USDC
659,0.7637921301466496,3460136.1309396913,176,S2_panic_selling_defi,indonesia,USDC
660,0.7699534192514588,3373632.727666199,176,S2_panic_selling_defi,indonesia,USDC
661,0.7659759651624363,3289291.909474544,176,S2_panic_selling_defi,indonesia,USDC
662,0.7937011846074882,3207059.6117376806,176,S2_panic_selling_defi,indonesia,USDC
663,0.7867171418774012,3126883.1214442383,176,S2_panic_selling_defi,indonesia,USDC
664,0.7912470997723102,3048711.043408132,176,S2_panic_selling_defi,indonesia,USDC
665,0.7803568196245644,2972493.267322929,176,S2_panic_selling_defi,indonesia,USDC
666,0.761980420487872,2898180.935639856,176,S2_panic_selling_defi,indonesia,USDC
667,0.6481130388678578,2825726.412248859,176,S2_panic_selling_defi,indonesia,USDC
668,0.670414564789083,2755083.251942638,176,S2_panic_selling_defi,indonesia,USDC
669,0.6953518574322214,2686206.170644072,176,S2_panic_selling_defi,indonesia,USDC
670,0.7157570533273326,2619051.01637797,176,S2_panic_selling_defi,indonesia,USDC
671,0.7272006589340627,2553574.7409685208,176,S2_panic_selling_defi,indonesia,USDC
672,0.7314281052550938,2489735.3724443074,176,S2_panic_selling_defi,indonesia,USDC
673,0.718201756522934,2427491.9881331995,176,S2_panic_selling_defi,indonesia,USDC
674,0.7358684253292507,2366804.6884298697,176,S2_panic_selling_defi,indonesia,USDC
675,0.7179258613105735,2307634.571219123,176,S2_panic_selling_defi,indonesia,USDC
676,0.7142272891272491,2249943.706938645,176,S2_panic_selling_defi,indonesia,USDC
677,0.7271712863368829,2193695.114265179,176,S2_panic_selling_defi,indonesia,USDC
678,0.722352964719917,2138852.7364085494,176,S2_panic_selling_defi,indonesia,USDC
679,0.7328802227192321,2085381.4179983356,176,S2_panic_selling_defi,indonesia,USDC
680,0.7535555394447402,2033246.8825483772,176,S2_panic_selling_defi,indonesia,USDC
681,0.7945990813981103,1982415.7104846677,176,S2_panic_selling_defi,indonesia,USDC
682,0.7886865206631235,1932855.317722551,176,S2_panic_selling_defi,indonesia,USDC
683,0.7321947876342775,1884533.934779487,176,S2_panic_selling_defi,indonesia,USDC
684,0.7444690829368618,1837420.5864100002,176,S2_panic_selling_defi,indonesia,USDC
685,0.770322634041148,1791485.07174975,176,S2_panic_selling_defi,indonesia,USDC
686,0.7699978042269678,1746697.9449560065,176,S2_panic_selling_defi,indonesia,USDC
687,0.7736027131608277,1703030.4963321064,176,S2_panic_selling_defi,indonesia,USDC
688,0.7531188860405846,1660454.7339238038,176,S2_panic_selling_defi,indonesia,USDC
689,0.764421067798224,1618943.3655757087,176,S2_panic_selling_defi,indonesia,USDC
690,0.7471793155889546,1578469.781436316,176,S2_panic_selling_defi,indonesia,USDC
691,0.7535548947525805,1539008.036900408,176,S2_panic_selling_defi,indonesia,USDC
692,0.7518188701668961,1500532.8359778977,176,S2_panic_selling_defi,indonesia,USDC
693,0.7645492386256308,1463019.5150784503,176,S2_panic_selling_defi,indonesia,USDC
694,0.7726294485949498,1426444.027201489,176,S2_panic_selling_defi,indonesia,USDC
695,0.8041055392648437,1390782.926521452,176,S2_panic_selling_defi,indonesia,USDC
696,0.8366250880762692,1356013.3533584154,176,S2_panic_selling_defi,indonesia,USDC
697,0.8303459690344017,1322113.019524455,176,S2_panic_selling_defi,indonesia,USDC
698,0.830527984049217,1289060.1940363436,176,S2_panic_selling_defi,indonesia,USDC
699,0.8206185977675039,1256833.6891854352,176,S2_panic_selling_defi,indonesia,USDC
700,0.8199647653092845,1225412.8469557993,176,S2_panic_selling_defi,indonesia,USDC
701,0.816208160191963,1194777.5257819043,176,S2_panic_selling_defi,indonesia,USDC
702,0.8417229917861334,1164908.0876373565,176,S2_panic_selling_defi,indonesia,USDC
703,0.8673293366577071,1135785.3854464227,176,S2_panic_selling_defi,indonesia,USDC
704,0.8452671848882225,1107390.7508102623,176,S2_panic_selling_defi,indonesia,USDC
705,0.8285588496216405,1079705.9820400057,176,S2_panic_selling_defi,indonesia,USDC
706,0.824469497693567,1052713.3324890055,176,S2_panic_selling_defi,indonesia,USDC
707,0.8205369914084132,1026395.4991767803,176,S2_panic_selling_defi,indonesia,USDC
708,0.8015205838629047,1000735.6116973609,176,S2_panic_selling_defi,indonesia,USDC
709,0.7922191065698678,975717.2214049269,176,S2_panic_selling_defi,indonesia,USDC
710,0.8125726771085977,951324.2908698037,176,S2_panic_selling_defi,indonesia,USDC
711,0.7927075796085064,927541.1835980586,176,S2_panic_selling_defi,indonesia,USDC
712,0.8010801030094706,904352.654008107,176,S2_panic_selling_defi,indonesia,USDC
713,0.7900406499198913,881743.8376579045,176,S2_panic_selling_defi,indonesia,USDC
714,0.8004463341826494,859700.2417164568,176,S2_panic_selling_defi,indonesia,USDC
715,0.8040290631585864,838207.7356735453,176,S2_panic_selling_defi,indonesia,USDC
716,0.7934391343222105,817252.5422817066,176,S2_panic_selling_defi,indonesia,USDC
717,0.7974216328812042,796821.2287246641,176,S2_panic_selling_defi,indonesia,USDC
718,0.7845708681238629,776900.6980065474,176,S2_panic_selling_defi,indonesia,USDC
719,0.7761815624313642,757478.1805563837,176,S2_panic_selling_defi,indonesia,USDC
720,0.7705614021930545,738541.2260424742,176,S2_panic_selling_defi,indonesia,USDC
721,0.763943029600916,720077.6953914122,176,S2_panic_selling_defi,indonesia,USDC
722,0.7898525242045049,702075.753006627,176,S2_panic_selling_defi,indonesia,USDC
723,0.8072596042633161,684523.8591814612,176,S2_panic_selling_defi,indonesia,USDC
724,0.8321699423713727,667410.7627019247,176,S2_panic_selling_defi,indonesia,USDC
725,0.8351914444932902,650725.4936343766,176,S2_panic_selling_defi,indonesia,USDC
726,0.8393536021522862,634457.3562935172,176,S2_panic_selling_defi,indonesia,USDC
727,0.8453039121796052,618595.9223861792,176,S2_panic_selling_defi,indonesia,USDC
728,0.8274790511206486,603131.0243265247,176,S2_panic_selling_defi,indonesia,USDC
729,0.8198282823716849,588052.7487183616,176,S2_panic_selling_defi,indonesia,USDC
730,0.8175228869003952,573351.4300004026,176,S2_panic_selling_defi,indonesia,USDC
731,0.8022522968700431,559017.6442503926,176,S2_panic_selling_defi,indonesia,USDC
732,0.8007899037380227,545042.2031441327,176,S2_panic_selling_defi,indonesia,USDC
733,0.8230645139668238,531416.1480655293,176,S2_panic_selling_defi,indonesia,USDC
734,0.8423467125260167,518130.7443638912,176,S2_panic_selling_defi,indonesia,USDC
735,0.8259273970690092,505177.47575479385,176,S2_panic_selling_defi,indonesia,USDC
736,0.817460736817287,492548.0388609241,176,S2_panic_selling_defi,indonesia,USDC
737,0.7921915850341489,480234.3378894009,176,S2_panic_selling_defi,indonesia,USDC
738,0.7785570482753105,468228.4794421658,176,S2_panic_selling_defi,indonesia,USDC
739,0.7848380343964156,456522.76745611173,176,S2_panic_selling_defi,indonesia,USDC
740,0.7881128494419171,445109.69826970896,176,S2_panic_selling_defi,indonesia,USDC
741,0.7664436556643781,433981.9558129662,176,S2_panic_selling_defi,indonesia,USDC
742,0.7616222419260191,423132.40691764205,176,S2_panic_selling_defi,indonesia,USDC
743,0.7812724622043374,412554.0967447009,176,S2_panic_selling_defi,indonesia,USDC
744,0.788705991731604,402240.24432608346,176,S2_panic_selling_defi,indonesia,USDC
745,0.8066763339106483,392184.23821793136,176,S2_panic_selling_defi,indonesia,USDC
746,0.8227567147788012,382379.6322624831,176,S2_panic_selling_defi,indonesia,USDC
747,0.8215322145680419,372820.141455921,176,S2_panic_selling_defi,indonesia,USDC
748,0.7947125804589136,363499.637919523,176,S2_panic_selling_defi,indonesia,USDC
749,0.8005651250232064,354412.14697153494,176,S2_panic_selling_defi,indonesia,USDC
750,0.8027113446613344,345551.84329724655,176,S2_panic_selling_defi,indonesia,USDC
751,0.7959720240748827,336913.04721481545,176,S2_panic_selling_defi,indonesia,USDC
752,0.7940911334469943,328490.22103444504,176,S2_panic_selling_defi,indonesia,USDC
753,0.7999302347871402,320277.96550858393,176,S2_panic_selling_defi,indonesia,USDC
754,0.8028045458139378,312271.01637086936,176,S2_panic_selling_defi,indonesia,USDC
755,0.8032168247817785,304464.2409615976,176,S2_panic_selling_defi,indonesia,USDC
756,0.8107741983127482,296852.6349375576,176,S2_panic_selling_defi,indonesia,USDC
757,0.7818455277652053,289431.3190641187,176,S2_panic_selling_defi,indonesia,USDC
758,0.7899208671559612,282195.53608751576,176,S2_panic_selling_defi,indonesia,USDC
759,0.7965777437800229,275140.64768532786,176,S2_panic_selling_defi,indonesia,USDC
760,0.8047150555147901,268262.13149319467,176,S2_panic_selling_defi,indonesia,USDC
761,0.8056615530903084,261555.5782058648,176,S2_panic_selling_defi,indonesia,USDC
762,0.8055314876947808,255016.68875071817,176,S2_panic_selling_defi,indonesia,USDC
763,0.8265557320703373,248641.27153195022,176,S2_panic_selling_defi,indonesia,USDC
764,0.8140287588552699,242425.23974365147,176,S2_panic_selling_defi,indonesia,USDC
765,0.7969859233453641,236364.6087500602,176,S2_panic_selling_defi,indonesia,USDC
766,0.7969494934910882,230455.49353130866,176,S2_panic_selling_defi,indonesia,USDC
767,0.7714100219152132,224694.10619302595,176,S2_panic_selling_defi,indonesia,USDC
768,0.7792902740275078,219076.75353820028,176,S2_panic_selling_defi,indonesia,USDC
769,0.8071203738290089,213599.8346997453,176,S2_panic_selling_defi,indonesia,USDC
770,0.7954526377235418,208259.83883225167,176,S2_panic_selling_defi,indonesia,USDC
771,0.7941592539197474,203053.34286144533,176,S2_panic_selling_defi,indonesia,USDC
772,0.7929999573476145,197977.00928990924,176,S2_panic_selling_defi,indonesia,USDC
773,0.8016019521147986,193027.5840576615,176,S2_panic_selling_defi,indonesia,USDC
774,0.785708473754868,188201.89445621995,176,S2_panic_selling_defi,indonesia,USDC
775,0.7825082179854647,183496.84709481447,176,S2_panic_selling_defi,indonesia,USDC
776,0.7861121651330304,178909.4259174441,176,S2_panic_selling_defi,indonesia,USDC
777,0.7839234804604575,174436.690269508,176,S2_panic_selling_defi,indonesia,USDC
778,0.7660505080933482,170075.77301277028,176,S2_panic_selling_defi,indonesia,USDC
779,0.6914289596982991,165823.87868745104,176,S2_panic_selling_defi,indonesia,USDC
780,0.7019190139088404,161678.28172026476,176,S2_panic_selling_defi,indonesia,USDC
781,0.7161736071679594,157636.32467725815,176,S2_panic_selling_defi,indonesia,USDC
782,0.7286337382756195,153695.4165603267,176,S2_panic_selling_defi,indonesia,USDC
783,0.7323271848227791,149853.0311463185,176,S2_panic_selling_defi,indonesia,USDC
784,0.7231246700273056,146106.70536766056,176,S2_panic_selling_defi,indonesia,USDC
785,0.7237157579727221,142454.03773346904,176,S2_panic_selling_defi,indonesia,USDC
786,0.72069591172211,138892.6867901323,176,S2_panic_selling_defi,indonesia,USDC
787,0.727503230225608,135420.369620379,176,S2_panic_selling_defi,indonesia,USDC
788,0.7233309470310625,132034.86037986953,176,S2_panic_selling_defi,indonesia,USDC
789,0.7443250495793747,128733.98887037279,176,S2_panic_selling_defi,indonesia,USDC
790,0.7453881772436207,125515.63914861347,176,S2_panic_selling_defi,indonesia,USDC
791,0.7619043855115989,122377.74816989814,176,S2_panic_selling_defi,indonesia,USDC
792,0.7690018893461391,119318.30446565067,176,S2_panic_selling_defi,indonesia,USDC
793,0.7645220452759708,116335.34685400942,176,S2_panic_selling_defi,indonesia,USDC
794,0.7668173978622058,113426.9631826592,176,S2_panic_selling_defi,indonesia,USDC
795,0.7668116381287079,110591.28910309271,176,S2_panic_selling_defi,indonesia,USDC
796,0.770161022591588,107826.50687551539,176,S2_panic_selling_defi,indonesia,USDC
797,0.7567889184717236,105130.84420362751,176,S2_panic_selling_defi,indonesia,USDC
798,0.7487247409868393,102502.57309853681,176,S2_panic_selling_defi,indonesia,USDC
799,0.7459231442980169,99940.0087710734,176,S2_panic_selling_defi,indonesia,USDC
800,0.7523041395330823,97441.50855179656,176,S2_panic_selling_defi,indonesia,USDC
801,0.7596514915567284,95005.47083800165,176,S2_panic_selling_defi,indonesia,USDC
802,0.7747628524578902,92630.33406705162,176,S2_panic_selling_defi,indonesia,USDC
803,0.8028903507057401,90314.57571537532,176,S2_panic_selling_defi,indonesia,USDC
804,0.787315245040486,88056.71132249094,176,S2_panic_selling_defi,indonesia,USDC
805,0.7718272516256114,85855.29353942866,176,S2_panic_selling_defi,indonesia,USDC
806,0.7531944870284029,83708.91120094294,176,S2_panic_selling_defi,indonesia,USDC
807,0.7547245226262453,81616.18842091938,176,S2_panic_selling_defi,indonesia,USDC
808,0.7632260818393961,79575.7837103964,176,S2_panic_selling_defi,indonesia,USDC
809,0.7351787456527741,77586.38911763649,176,S2_panic_selling_defi,indonesia,USDC
810,0.7212205081153411,75646.72938969557,176,S2_panic_selling_defi,indonesia,USDC
811,0.7457406121086417,73755.56115495317,176,S2_panic_selling_defi,indonesia,USDC
812,0.7550704057045444,71911.67212607934,176,S2_panic_selling_defi,indonesia,USDC
813,0.7502661623246865,70113.88032292736,176,S2_panic_selling_defi,indonesia,USDC
814,0.7374970202114488,68361.03331485417,176,S2_panic_selling_defi,indonesia,USDC
815,0.7571669744733199,66652.00748198282,176,S2_panic_selling_defi,indonesia,USDC
816,0.7606386401874131,64985.70729493325,176,S2_panic_selling_defi,indonesia,USDC
817,0.7539239007080425,63361.064612559916,176,S2_panic_selling_defi,indonesia,USDC
818,0.7493874841812106,61777.03799724592,176,S2_panic_selling_defi,indonesia,USDC
819,0.7560879053753651,60232.612047314775,176,S2_panic_selling_defi,indonesia,USDC
820,0.7653883811730597,58726.796746131906,176,S2_panic_selling_defi,indonesia,USDC
821,0.7711125448119539,57258.62682747861,176,S2_panic_selling_defi,indonesia,USDC
822,0.7547005055242036,55827.16115679164,176,S2_panic_selling_defi,indonesia,USDC
823,0.7393126339470689,54431.482127871845,176,S2_panic_selling_defi,indonesia,USDC
824,0.7702345185791261,53070.69507467505,176,S2_panic_selling_defi,indonesia,USDC
825,0.7593701895323267,51743.927697808176,176,S2_panic_selling_defi,indonesia,USDC
826,0.7612130687378441,50450.32950536297,176,S2_panic_selling_defi,indonesia,USDC
827,0.7859234183677752,49189.0712677289,176,S2_panic_selling_defi,indonesia,USDC
828,0.7947112173041552,47959.344486035676,176,S2_panic_selling_defi,indonesia,USDC
829,0.823280462086125,46760.36087388478,176,S2_panic_selling_defi,indonesia,USDC
830,0.809767524389126,45591.35185203767,176,S2_panic_selling_defi,indonesia,USDC
831,0.7859528059423544,44451.56805573673,176,S2_panic_selling_defi,indonesia,USDC
832,0.7885733220473138,43340.278854343305,176,S2_panic_selling_defi,indonesia,USDC
833,0.8017524937177376,42256.77188298473,176,S2_panic_selling_defi,indonesia,USDC
834,0.7834527529022022,41200.35258591011,176,S2_panic_selling_defi,indonesia,USDC
835,0.8041332483358893,40170.343771262356,176,S2_panic_selling_defi,indonesia,USDC
836,0.8061679412613313,39166.08517698079,176,S2_panic_selling_defi,indonesia,USDC
837,0.8294465746956353,38186.933047556275,176,S2_panic_selling_defi,indonesia,USDC
838,0.8207177910196297,37232.259721367365,176,S2_panic_selling_defi,indonesia,USDC
839,0.8266034959599599,36301.45322833319,176,S2_panic_selling_defi,indonesia,USDC
840,0.8206652965414267,35393.916897624855,176,S2_panic_selling_defi,indonesia,USDC
841,0.8384665545687785,34509.06897518424,176,S2_panic_selling_defi,indonesia,USDC
842,0.8253442495778756,33646.342250804635,176,S2_panic_selling_defi,indonesia,USDC
843,0.8225528279830269,32805.18369453451,176,S2_panic_selling_defi,indonesia,USDC
844,0.7895921611022817,31985.05410217115,176,S2_panic_selling_defi,indonesia,USDC
845,0.7797313749058662,31185.427749616872,176,S2_panic_selling_defi,indonesia,USDC
846,0.7746382938585573,30405.79205587645,176,S2_panic_selling_defi,indonesia,USDC
847,0.7671297999544119,29645.64725447954,176,S2_panic_selling_defi,indonesia,USDC
848,0.7717552555084297,28904.50607311755,176,S2_panic_selling_defi,indonesia,USDC
849,0.7817493824992447,28181.89342128961,176,S2_panic_selling_defi,indonesia,USDC
850,0.7896548807369647,27477.34608575737,176,S2_panic_selling_defi,indonesia,USDC
851,0.7942638837225933,26790.412433613437,176,S2_panic_selling_defi,indonesia,USDC
852,0.8079868511012067,26120.652122773103,176,S2_panic_selling_defi,indonesia,USDC
853,0.6931279848085039,25467.635819703777,176,S2_panic_selling_defi,indonesia,USDC
854,0.7155394134997849,24830.94492421118,176,S2_panic_selling_defi,indonesia,USDC
855,0.728381868677297,24210.171301105904,176,S2_panic_selling_defi,indonesia,USDC
856,0.7363717344271965,23604.917018578253,176,S2_panic_selling_defi,indonesia,USDC
857,0.7377881524126352,23014.794093113796,176,S2_panic_selling_defi,indonesia,USDC
858,0.7333397398966418,22439.424240785953,176,S2_panic_selling_defi,indonesia,USDC
859,0.7346193730026406,21878.438634766306,176,S2_panic_selling_defi,indonesia,USDC
860,0.7421689294235002,21331.477668897147,176,S2_panic_selling_defi,indonesia,USDC
861,0.7520573125896589,20798.19072717472,176,S2_panic_selling_defi,indonesia,USDC
862,0.7409040429580012,20278.23595899535,176,S2_panic_selling_defi,indonesia,USDC
863,0.623693758247452,19771.280060020465,176,S2_panic_selling_defi,indonesia,USDC
864,0.6503114063231692,19276.998058519952,176,S2_panic_selling_defi,indonesia,USDC
865,0.6601612908094666,18795.073107056956,176,S2_panic_selling_defi,indonesia,USDC
866,0.6579004387816565,18325.196279380532,176,S2_panic_selling_defi,indonesia,USDC
867,0.665963556725194,17867.06637239602,176,S2_panic_selling_defi,indonesia,USDC
868,0.6934523269865293,17420.38971308612,176,S2_panic_selling_defi,indonesia,USDC
869,0.6941206323642488,16984.879970258964,176,S2_panic_selling_defi,indonesia,USDC
870,0.7222253204090565,16560.257971002495,176,S2_panic_selling_defi,indonesia,USDC
871,0.7447738219298746,16146.251521727429,176,S2_panic_selling_defi,indonesia,USDC
872,0.7671328794460494,15742.595233684242,176,S2_panic_selling_defi,indonesia,USDC
873,0.7963727994745633,15349.030352842137,176,S2_panic_selling_defi,indonesia,USDC
874,0.7911772955495082,14965.304594021083,176,S2_panic_selling_defi,indonesia,USDC
875,0.7944652773711217,14591.171979170555,176,S2_panic_selling_defi,indonesia,USDC
876,0.8109271531151989,14226.392679691293,176,S2_panic_selling_defi,indonesia,USDC
877,0.8082964469653532,13870.73286269901,176,S2_panic_selling_defi,indonesia,USDC
878,0.8147087841022486,13523.964541131536,176,S2_panic_selling_defi,indonesia,USDC
879,0.7959164019073719,13185.865427603247,176,S2_panic_selling_defi,indonesia,USDC
880,0.7779204333914141,12856.218791913165,176,S2_panic_selling_defi,indonesia,USDC
881,0.7931757492003757,12534.813322115337,176,S2_panic_selling_defi,indonesia,USDC
882,0.8185974192462986,12221.442989062452,176,S2_panic_selling_defi,indonesia,USDC
883,0.8160336911113478,11915.90691433589,176,S2_panic_selling_defi,indonesia,USDC
884,0.8393872726912492,11618.009241477492,176,S2_panic_selling_defi,indonesia,USDC
885,0.8229620453493044,11327.559010440555,176,S2_panic_selling_defi,indonesia,USDC
886,0.7906212194138004,11044.370035179541,176,S2_panic_selling_defi,indonesia,USDC
887,0.814146207017498,10768.260784300053,176,S2_panic_selling_defi,indonesia,USDC
888,0.8144163339614208,10499.054264692553,176,S2_panic_selling_defi,indonesia,USDC
889,0.7943673610495693,10236.577908075238,176,S2_panic_selling_defi,indonesia,USDC
890,0.8077853353462331,9980.663460373358,176,S2_panic_selling_defi,indonesia,USDC
891,0.8130437590230691,9731.146873864023,176,S2_panic_selling_defi,indonesia,USDC
892,0.8237061658103831,9487.868202017424,176,S2_panic_selling_defi,indonesia,USDC
893,0.8046202855463235,9250.671496966987,176,S2_panic_selling_defi,indonesia,USDC
894,0.8257908063338683,9019.404709542812,176,S2_panic_selling_defi,indonesia,USDC
895,0.8154546888471863,8793.919591804242,176,S2_panic_selling_defi,indonesia,USDC
896,0.796745802326177,8574.071602009135,176,S2_panic_selling_defi,indonesia,USDC
897,0.7720062439153248,8359.719811958908,176,S2_panic_selling_defi,indonesia,USDC
898,0.7750847894790177,8150.726816659935,176,S2_panic_selling_defi,indonesia,USDC
899,0.7720242137387592,7946.958646243436,176,S2_panic_selling_defi,indonesia,USDC
900,0.7720363966078899,7748.284680087351,176,S2_panic_selling_defi,indonesia,USDC
901,0.7376691502909786,7554.577563085168,176,S2_panic_selling_defi,indonesia,USDC
902,0.7562349638938256,7365.713124008038,176,S2_panic_selling_defi,indonesia,USDC
903,0.7501585784174498,7181.570295907838,176,S2_panic_selling_defi,indonesia,USDC
904,0.7487899148797864,7002.031038510142,176,S2_panic_selling_defi,indonesia,USDC
905,0.7454291045259364,6826.9802625473885,176,S2_panic_selling_defi,indonesia,USDC
906,0.7376397858618393,6656.305755983703,176,S2_panic_selling_defi,indonesia,USDC
907,0.7383402130740697,6489.898112084111,176,S2_panic_selling_defi,indonesia,USDC
908,0.7351578678965031,6327.650659282008,176,S2_panic_selling_defi,indonesia,USDC
909,0.7510498002480155,6169.459392799958,176,S2_panic_selling_defi,indonesia,USDC
910,0.7737272421982085,6015.222907979959,176,S2_panic_selling_defi,indonesia,USDC
911,0.7969110248291673,5864.84233528046,176,S2_panic_selling_defi,indonesia,USDC
912,0.7965563854072542,5718.221276898448,176,S2_panic_selling_defi,indonesia,USDC
913,0.7943106039182898,5575.265744975987,176,S2_panic_selling_defi,indonesia,USDC
914,0.8000179567979072,5435.884101351588,176,S2_panic_selling_defi,indonesia,USDC
915,0.8163405555833122,5299.986998817798,176,S2_panic_selling_defi,indonesia,USDC
916,0.820238920563527,5167.487323847354,176,S2_panic_selling_defi,indonesia,USDC
917,0.8010273221722418,5038.300140751169,176,S2_panic_selling_defi,indonesia,USDC
918,0.7836249559968035,4912.34263723239,176,S2_panic_selling_defi,indonesia,USDC
919,0.7967096883942952,4789.534071301579,176,S2_panic_selling_defi,indonesia,USDC
920,0.8029950995565948,4669.795719519041,176,S2_panic_selling_defi,indonesia,USDC
921,0.7921928471071497,4553.050826531065,176,S2_panic_selling_defi,indonesia,USDC
922,0.8148172039234938,4439.224555867788,176,S2_panic_selling_defi,indonesia,USDC
923,0.8158202234500003,4328.243941971093,176,S2_panic_selling_defi,indonesia,USDC
924,0.8113191571758249,4220.037843421816,176,S2_panic_selling_defi,indonesia,USDC
925,0.8275055384667844,4114.53689733627,176,S2_panic_selling_defi,indonesia,USDC
926,0.8226313066397952,4011.6734749028637,176,S2_panic_selling_defi,indonesia,USDC
927,0.8320846619277644,3911.3816380302924,176,S2_panic_selling_defi,indonesia,USDC
928,0.8201566509356099,3813.5970970795343,176,S2_panic_selling_defi,indonesia,USDC
929,0.8188353649916371,3718.257169652546,176,S2_panic_selling_defi,indonesia,USDC
930,0.8146003894015098,3625.300740411233,176,S2_panic_selling_defi,indonesia,USDC
931,0.8359156300731552,3534.6682219009517,176,S2_panic_selling_defi,indonesia,USDC
932,0.8483522980554924,3446.301516353428,176,S2_panic_selling_defi,indonesia,USDC
933,0.8396172074768521,3360.143978444592,176,S2_panic_selling_defi,indonesia,USDC
934,0.8552344363030097,3276.1403789834776,176,S2_panic_selling_defi,indonesia,USDC
935,0.8607215631892513,3194.236869508891,176,S2_panic_selling_defi,indonesia,USDC
936,0.8634042569434046,3114.3809477711684,176,S2_panic_selling_defi,indonesia,USDC
937,0.847732489289939,3036.521424076889,176,S2_panic_selling_defi,indonesia,USDC
938,0.8933728484145126,2960.608388474967,176,S2_panic_selling_defi,indonesia,USDC
939,0.8893994685369889,2886.5931787630925,176,S2_panic_selling_defi,indonesia,USDC
940,0.8712307586306834,2814.4283492940153,176,S2_panic_selling_defi,indonesia,USDC
941,0.8912509135199028,2744.067640561665,176,S2_panic_selling_defi,indonesia,USDC
942,0.9001206124271074,2675.4659495476235,176,S2_panic_selling_defi,indonesia,USDC
943,0.8777520030149031,2608.579300808933,176,S2_panic_selling_defi,indonesia,USDC
944,0.8681465712182007,2543.3648182887096,176,S2_panic_selling_defi,indonesia,USDC
945,0.8812940495300421,2479.780697831492,176,S2_panic_selling_defi,indonesia,USDC
946,0.8460747221126093,2417.7861803857045,176,S2_panic_selling_defi,indonesia,USDC
947,0.8391476437705071,2357.341525876062,176,S2_panic_selling_defi,indonesia,USDC
948,0.82852187659926,2298.4079877291606,176,S2_panic_selling_defi,indonesia,USDC
949,0.8430307654705002,2240.9477880359314,176,S2_panic_selling_defi,indonesia,USDC
950,0.8287600032129759,2184.924093335033,176,S2_panic_selling_defi,indonesia,USDC
951,0.8084250911861408,2130.300991001657,176,S2_panic_selling_defi,indonesia,USDC
952,0.8240235883609442,2077.0434662266157,176,S2_panic_selling_defi,indonesia,USDC
953,0.814555183965332,2025.1173795709506,176,S2_panic_selling_defi,indonesia,USDC
954,0.8260095483561197,1974.4894450816769,176,S2_panic_selling_defi,indonesia,USDC
955,0.821513505713245,1925.1272089546346,176,S2_panic_selling_defi,indonesia,USDC
956,0.8067308739317093,1876.9990287307687,176,S2_panic_selling_defi,indonesia,USDC
957,0.8010385016471624,1830.0740530124997,176,S2_panic_selling_defi,indonesia,USDC
958,0.8016913808396349,1784.322201687187,176,S2_panic_selling_defi,indonesia,USDC
959,0.8125060312442328,1739.714146645007,176,S2_panic_selling_defi,indonesia,USDC
960,0.8195933216755633,1696.221292978882,176,S2_panic_selling_defi,indonesia,USDC
961,0.8281477025782441,1653.81576065441,176,S2_panic_selling_defi,indonesia,USDC
962,0.8028944288412072,1612.4703666380497,176,S2_panic_selling_defi,indonesia,USDC
963,0.8090709584591471,1572.1586074720985,176,S2_panic_selling_defi,indonesia,USDC
964,0.8264576460270089,1532.854642285296,176,S2_panic_selling_defi,indonesia,USDC
965,0.8319357029222254,1494.5332762281635,176,S2_panic_selling_defi,indonesia,USDC
966,0.7980034017577998,1457.1699443224593,176,S2_panic_selling_defi,indonesia,USDC
967,0.7706248158689056,1420.740695714398,176,S2_panic_selling_defi,indonesia,USDC
968,0.7934701591537426,1385.222178321538,176,S2_panic_selling_defi,indonesia,USDC
969,0.7577455074174272,1350.5916238634995,176,S2_panic_selling_defi,indonesia,USDC
970,0.7665189935385327,1316.826833266912,176,S2_panic_selling_defi,indonesia,USDC
971,0.7807050036620042,1283.9061624352391,176,S2_panic_selling_defi,indonesia,USDC
972,0.7955053326443301,1251.808508374358,176,S2_panic_selling_defi,indonesia,USDC
973,0.7972661270405941,1220.513295664999,176,S2_panic_selling_defi,indonesia,USDC
974,0.8170231025968508,1190.0004632733742,176,S2_panic_selling_defi,indonesia,USDC
975,0.8323379233056767,1160.2504516915399,176,S2_panic_selling_defi,indonesia,USDC
976,0.846316740168888,1131.2441903992512,176,S2_panic_selling_defi,indonesia,USDC
977,0.8359146239978427,1102.96308563927,176,S2_panic_selling_defi,indonesia,USDC
978,0.8165686892108449,1075.3890084982884,176,S2_panic_selling_defi,indonesia,USDC
979,0.8373786992911098,1048.5042832858312,176,S2_panic_selling_defi,indonesia,USDC
980,0.8417018133402877,1022.2916762036853,176,S2_panic_selling_defi,indonesia,USDC
981,0.8098793222287424,996.7343842985931,176,S2_panic_selling_defi,indonesia,USDC
982,0.7899015209276964,971.8160246911283,176,S2_panic_selling_defi,indonesia,USDC
983,0.7840026338659606,947.5206240738501,176,S2_panic_selling_defi,indonesia,USDC
984,0.7801164242102453,923.8326084720038,176,S2_panic_selling_defi,indonesia,USDC
985,0.7748851958823952,900.7367932602037,176,S2_panic_selling_defi,indonesia,USDC
986,0.7579263211867653,878.2183734286986,176,S2_panic_selling_defi,indonesia,USDC
987,0.7280567944188632,856.2629140929812,176,S2_panic_selling_defi,indonesia,USDC
988,0.733340181009198,834.8563412406565,176,S2_panic_selling_defi,indonesia,USDC
989,0.7392094384500435,813.9849327096401,176,S2_panic_selling_defi,indonesia,USDC
990,0.7420471845455536,793.6353093918992,176,S2_panic_selling_defi,indonesia,USDC
991,0.7336773030550021,773.7944266571018,176,S2_panic_selling_defi,indonesia,USDC
992,0.7579440110213993,754.4495659906742,176,S2_panic_selling_defi,indonesia,USDC
993,0.7567489067470033,735.5883268409074,176,S2_panic_selling_defi,indonesia,USDC
994,0.7451259995482487,717.1986186698847,176,S2_panic_selling_defi,indonesia,USDC
995,0.7487825549592052,699.2686532031375,176,S2_panic_selling_defi,indonesia,USDC
996,0.7444114766285612,681.7869368730591,176,S2_panic_selling_defi,indonesia,USDC
997,0.7443001174295384,664.7422634512327,176,S2_panic_selling_defi,indonesia,USDC
998,0.7395624012700808,648.1237068649518,176,S2_panic_selling_defi,indonesia,USDC
999,0.732434832274491,631.920614193328,176,S2_panic_selling_defi,indonesia,USDC
1000,0.7612776005395651,616.1225988384948,176,S2_panic_selling_defi,indonesia,USDC
