Step,price,liquidity,iteration,scenario,region,coin
1,0.9762215083683816,2990289714754.17,458,S2_panic_selling_defi,indonesia,USDC
2,0.9552258378201635,2990289714754.17,458,S2_panic_selling_defi,indonesia,USDC
3,0.9459839534665156,2989375849052.324,458,S2_panic_selling_defi,indonesia,USDC
4,0.9307594275046944,2987954996241.896,458,S2_panic_selling_defi,indonesia,USDC
5,0.9491159774561266,2985622193500.9873,458,S2_panic_selling_defi,indonesia,USDC
6,0.971952221245422,2984457166832.262,458,S2_panic_selling_defi,indonesia,USDC
7,0.9286904394801869,2984457166832.262,458,S2_panic_selling_defi,indonesia,USDC
8,0.9290664035174533,2982168802573.0596,458,S2_panic_selling_defi,indonesia,USDC
9,0.9238730577290384,2980034238182.3755,458,S2_panic_selling_defi,indonesia,USDC
10,0.9217139770674747,2977668709563.335,458,S2_panic_selling_defi,indonesia,USDC
11,0.9452147821049538,2975349729679.1743,458,S2_panic_selling_defi,indonesia,USDC
12,0.9592019521517353,2974225709642.196,458,S2_panic_selling_defi,indonesia,USDC
13,0.9596977888027864,2973767195818.869,458,S2_panic_selling_defi,indonesia,USDC
14,0.9723236537369138,2973315606844.365,458,S2_panic_selling_defi,indonesia,USDC
15,0.9671745814690774,2973315606844.365,458,S2_panic_selling_defi,indonesia,USDC
16,1.009954572868662,2973215364008.326,458,S2_panic_selling_defi,indonesia,USDC
17,1.0205436662913034,2973215364008.326,458,S2_panic_selling_defi,indonesia,USDC
18,1.0333015752982646,2973215364008.326,458,S2_panic_selling_defi,indonesia,USDC
19,1.0159913104035967,2973215364008.326,458,S2_panic_selling_defi,indonesia,USDC
20,0.9993507776663104,2973215364008.326,458,S2_panic_selling_defi,indonesia,USDC
21,1.0047098756216044,2973215364008.326,458,S2_panic_selling_defi,indonesia,USDC
22,1.0158432320008302,2973215364008.326,458,S2_panic_selling_defi,indonesia,USDC
23,1.0073562971528487,2973215364008.326,458,S2_panic_selling_defi,indonesia,USDC
24,0.9903437286379984,2973215364008.326,458,S2_panic_selling_defi,indonesia,USDC
25,0.9864717675088286,2973215364008.326,458,S2_panic_selling_defi,indonesia,USDC
26,1.0387554827532806,2973215364008.326,458,S2_panic_selling_defi,indonesia,USDC
27,1.027668220033362,2973215364008.326,458,S2_panic_selling_defi,indonesia,USDC
28,1.0256485248283935,2973215364008.326,458,S2_panic_selling_defi,indonesia,USDC
29,1.022422017131357,2973215364008.326,458,S2_panic_selling_defi,indonesia,USDC
30,0.9967231582310683,2973215364008.326,458,S2_panic_selling_defi,indonesia,USDC
31,1.0084342976532226,2973215364008.326,458,S2_panic_selling_defi,indonesia,USDC
32,1.0112884821932138,2973215364008.326,458,S2_panic_selling_defi,indonesia,USDC
33,1.0057507425142145,2973215364008.326,458,S2_panic_selling_defi,indonesia,USDC
34,1.0155176223534657,2973215364008.326,458,S2_panic_selling_defi,indonesia,USDC
35,1.013121234676253,2973215364008.326,458,S2_panic_selling_defi,indonesia,USDC
36,1.0389273118052622,2973215364008.326,458,S2_panic_selling_defi,indonesia,USDC
37,1.043742679335747,2973215364008.326,458,S2_panic_selling_defi,indonesia,USDC
38,1.042307629258874,2973215364008.326,458,S2_panic_selling_defi,indonesia,USDC
39,1.0069811469733339,2973215364008.326,458,S2_panic_selling_defi,indonesia,USDC
40,0.9710379415475494,2973215364008.326,458,S2_panic_selling_defi,indonesia,USDC
41,0.9600491140889131,2973215364008.326,458,S2_panic_selling_defi,indonesia,USDC
42,0.9668141873324759,2972786397741.7056,458,S2_panic_selling_defi,indonesia,USDC
43,0.9520812666878015,2972656385305.8096,458,S2_panic_selling_defi,indonesia,USDC
44,0.9342980417881946,2971915642354.807,458,S2_panic_selling_defi,indonesia,USDC
45,0.9553593963926453,2970383552532.4097,458,S2_panic_selling_defi,indonesia,USDC
46,0.9401259821799427,2969778399969.5137,458,S2_panic_selling_defi,indonesia,USDC
47,0.9421035308931838,2968562229159.3965,458,S2_panic_selling_defi,indonesia,USDC
48,0.9663716758630444,2967478511524.631,458,S2_panic_selling_defi,indonesia,USDC
49,0.983320999191843,2967368974751.757,458,S2_panic_selling_defi,indonesia,USDC
50,0.9782306345002704,2967368974751.757,458,S2_panic_selling_defi,indonesia,USDC
51,0.9668113589566645,2967368974751.757,458,S2_panic_selling_defi,indonesia,USDC
52,0.9695976924163392,2967266837268.2246,458,S2_panic_selling_defi,indonesia,USDC
53,0.9563321332936779,2967256624570.066,458,S2_panic_selling_defi,indonesia,USDC
54,0.9758797920698914,2966749124100.997,458,S2_panic_selling_defi,indonesia,USDC
55,1.004518732649211,2966749124100.997,458,S2_panic_selling_defi,indonesia,USDC
56,1.0059725975345588,2966749124100.997,458,S2_panic_selling_defi,indonesia,USDC
57,0.9972027953384102,2966749124100.997,458,S2_panic_selling_defi,indonesia,USDC
58,1.008118355016205,2966749124100.997,458,S2_panic_selling_defi,indonesia,USDC
59,1.042224492842058,2966749124100.997,458,S2_panic_selling_defi,indonesia,USDC
60,0.9998356714593205,2966749124100.997,458,S2_panic_selling_defi,indonesia,USDC
61,0.9857883238025045,2966749124100.997,458,S2_panic_selling_defi,indonesia,USDC
62,0.9688858077148265,2966749124100.997,458,S2_panic_selling_defi,indonesia,USDC
63,0.9524627106385418,2966707244933.3516,458,S2_panic_selling_defi,indonesia,USDC
64,0.9485362751845189,2966079122663.0327,458,S2_panic_selling_defi,indonesia,USDC
65,0.9329949541262006,2965287190701.5225,458,S2_panic_selling_defi,indonesia,USDC
66,0.9578243330298724,2963952053378.9463,458,S2_panic_selling_defi,indonesia,USDC
67,0.947103538369015,2963556509955.71,458,S2_panic_selling_defi,indonesia,USDC
68,0.9700606365153756,2962788399037.0083,458,S2_panic_selling_defi,indonesia,USDC
69,0.9944408826186639,2962788399037.0083,458,S2_panic_selling_defi,indonesia,USDC
70,0.9785773037847135,2962788399037.0083,458,S2_panic_selling_defi,indonesia,USDC
71,0.9787712494951814,2962788399037.0083,458,S2_panic_selling_defi,indonesia,USDC
72,0.9721730231520502,2962788399037.0083,458,S2_panic_selling_defi,indonesia,USDC
73,0.9529690735827533,2962788399037.0083,458,S2_panic_selling_defi,indonesia,USDC
74,0.9328902203818323,2962217798314.659,458,S2_panic_selling_defi,indonesia,USDC
75,0.955673607608251,2960996309505.8345,458,S2_panic_selling_defi,indonesia,USDC
76,0.941030968385634,2960571547855.5903,458,S2_panic_selling_defi,indonesia,USDC
77,0.9557480545153277,2959667181483.9863,458,S2_panic_selling_defi,indonesia,USDC
78,0.9220545981328453,2959235546376.449,458,S2_panic_selling_defi,indonesia,USDC
79,0.9204390982890603,2957830399820.9316,458,S2_panic_selling_defi,indonesia,USDC
80,0.9301226305039398,2956474801421.4883,458,S2_panic_selling_defi,indonesia,USDC
81,0.9466075954216238,2955465578197.0005,458,S2_panic_selling_defi,indonesia,USDC
82,0.9488326958508762,2954909581051.701,458,S2_panic_selling_defi,indonesia,USDC
83,0.9454572317546192,2954388778489.1846,458,S2_panic_selling_defi,indonesia,USDC
84,0.9486286901626763,2953779028245.701,458,S2_panic_selling_defi,indonesia,USDC
85,0.9534197279795504,2953294598498.2017,458,S2_panic_selling_defi,indonesia,USDC
86,0.9635899626178139,2952946605924.1543,458,S2_panic_selling_defi,indonesia,USDC
87,0.9601420241615671,2952808751769.458,458,S2_panic_selling_defi,indonesia,USDC
88,0.9361283351864554,2952592987532.6543,458,S2_panic_selling_defi,indonesia,USDC
89,0.948908524249645,2951856689728.267,458,S2_panic_selling_defi,indonesia,USDC
90,0.9274099406057049,2951404697006.3857,458,S2_panic_selling_defi,indonesia,USDC
91,0.9127279655901498,2950550356385.338,458,S2_panic_selling_defi,indonesia,USDC
92,0.9031016786885866,2949412056214.9077,458,S2_panic_selling_defi,indonesia,USDC
93,0.9162392133394943,2948124996266.379,458,S2_panic_selling_defi,indonesia,USDC
94,0.9222812940514842,2947162077534.166,458,S2_panic_selling_defi,indonesia,USDC
95,0.9490989627013405,2946399642061.921,458,S2_panic_selling_defi,indonesia,USDC
96,0.9388246751682887,2946080643587.624,458,S2_panic_selling_defi,indonesia,USDC
97,0.9304707235243184,2945606322465.254,458,S2_panic_selling_defi,indonesia,USDC
98,0.948062685981746,2945000406436.98,458,S2_panic_selling_defi,indonesia,USDC
99,0.9275618420265894,2944680811706.8984,458,S2_panic_selling_defi,indonesia,USDC
100,0.9223692988688414,2944087021329.2324,458,S2_panic_selling_defi,indonesia,USDC
101,0.9427508369171218,2943464731992.3926,458,S2_panic_selling_defi,indonesia,USDC
102,0.9513670213428992,2943120514635.998,458,S2_panic_selling_defi,indonesia,USDC
103,0.9524480816267005,2942874044511.9243,458,S2_panic_selling_defi,indonesia,USDC
104,0.9353179865070526,2942666877320.531,458,S2_panic_selling_defi,indonesia,USDC
105,0.9452136814136657,2942224336166.7876,458,S2_panic_selling_defi,indonesia,USDC
106,0.9280255702348981,2941930610375.688,458,S2_panic_selling_defi,indonesia,USDC
107,0.9219965681676981,2941455673315.6177,458,S2_panic_selling_defi,indonesia,USDC
108,0.9195784124857792,2940918045072.504,458,S2_panic_selling_defi,indonesia,USDC
109,0.9350848209510747,2940394916639.947,458,S2_panic_selling_defi,indonesia,USDC
110,0.9418564536079992,2940064993048.5234,458,S2_panic_selling_defi,indonesia,USDC
111,0.9404264203654926,2939781373462.7793,458,S2_panic_selling_defi,indonesia,USDC
112,0.9675346990852796,2939521136637.6396,458,S2_panic_selling_defi,indonesia,USDC
113,0.9467456403775156,2939507987600.795,458,S2_panic_selling_defi,indonesia,USDC
114,0.9755500824166669,2939286992722.5747,458,S2_panic_selling_defi,indonesia,USDC
115,0.983413800478074,2939286992722.5747,458,S2_panic_selling_defi,indonesia,USDC
116,0.9970707726811331,2939286992722.5747,458,S2_panic_selling_defi,indonesia,USDC
117,1.0154581407253735,2939286992722.5747,458,S2_panic_selling_defi,indonesia,USDC
118,1.041861832428797,2939286992722.5747,458,S2_panic_selling_defi,indonesia,USDC
119,1.0254492792122767,2939286992722.5747,458,S2_panic_selling_defi,indonesia,USDC
120,1.0378625055907826,2939286992722.5747,458,S2_panic_selling_defi,indonesia,USDC
121,1.0436778347546944,2865804817904.5103,458,S2_panic_selling_defi,indonesia,USDC
122,0.9871640031079558,2794159697456.8975,458,S2_panic_selling_defi,indonesia,USDC
123,0.943894501977361,2724305705020.4756,458,S2_panic_selling_defi,indonesia,USDC
124,0.9400708033882662,2655978919076.337,458,S2_panic_selling_defi,indonesia,USDC
125,0.9231661337375747,2589333204295.717,458,S2_panic_selling_defi,indonesia,USDC
126,0.8946901777218024,2524209780085.808,458,S2_panic_selling_defi,indonesia,USDC
127,0.8965154002016044,2460489878025.64,458,S2_panic_selling_defi,indonesia,USDC
128,0.857182376851156,2398437481880.6206,458,S2_panic_selling_defi,indonesia,USDC
129,0.8158197602307596,2337706808512.8574,458,S2_panic_selling_defi,indonesia,USDC
130,0.8097383979077251,2278311666229.8213,458,S2_panic_selling_defi,indonesia,USDC
131,0.828501532321496,2220537445012.711,458,S2_panic_selling_defi,indonesia,USDC
132,0.8363368121190432,2164407918419.311,458,S2_panic_selling_defi,indonesia,USDC
133,0.8072073601257812,2109800640619.3667,458,S2_panic_selling_defi,indonesia,USDC
134,0.8073160410637205,2056543877661.5718,458,S2_panic_selling_defi,indonesia,USDC
135,0.7888591503396103,2004703005292.4036,458,S2_panic_selling_defi,indonesia,USDC
136,0.7856981300981741,1954203598634.9631,458,S2_panic_selling_defi,indonesia,USDC
137,0.8027219847926997,1905008519621.0767,458,S2_panic_selling_defi,indonesia,USDC
138,0.8145169982674447,1857143190955.1367,458,S2_panic_selling_defi,indonesia,USDC
139,0.8188312714994599,1810532333485.6404,458,S2_panic_selling_defi,indonesia,USDC
140,0.8146129231831938,1765108970898.56,458,S2_panic_selling_defi,indonesia,USDC
141,0.8378783359581526,1720847870922.333,458,S2_panic_selling_defi,indonesia,USDC
142,0.8338983887871693,1677728783919.3125,458,S2_panic_selling_defi,indonesia,USDC
143,0.8061364052212272,1635696369318.8223,458,S2_panic_selling_defi,indonesia,USDC
144,0.8194966978462171,1594713458923.0845,458,S2_panic_selling_defi,indonesia,USDC
145,0.823886817557898,1554776295736.9248,458,S2_panic_selling_defi,indonesia,USDC
146,0.8096327984277473,1515849830785.81,458,S2_panic_selling_defi,indonesia,USDC
147,0.7994296205425706,1477899090778.2168,458,S2_panic_selling_defi,indonesia,USDC
148,0.7924157913345268,1440903234718.1487,458,S2_panic_selling_defi,indonesia,USDC
149,0.7707222676148602,1404841568937.2476,458,S2_panic_selling_defi,indonesia,USDC
150,0.7687412100818103,1369683460852.126,458,S2_panic_selling_defi,indonesia,USDC
151,0.7546019235689542,1335410129828.0168,458,S2_panic_selling_defi,indonesia,USDC
152,0.7628893772338837,1301998375170.5303,458,S2_panic_selling_defi,indonesia,USDC
153,0.7988890712438821,1269429353026.9634,458,S2_panic_selling_defi,indonesia,USDC
154,0.7920968364165106,1237681369135.287,458,S2_panic_selling_defi,indonesia,USDC
155,0.7847450985011459,1206728050105.7202,458,S2_panic_selling_defi,indonesia,USDC
156,0.7756406577595713,1176550434889.0337,458,S2_panic_selling_defi,indonesia,USDC
157,0.8109235529239962,1147128964985.558,458,S2_panic_selling_defi,indonesia,USDC
158,0.8113352210035967,1118445631864.7197,458,S2_panic_selling_defi,indonesia,USDC
159,0.814264854410089,1090480181429.3076,458,S2_panic_selling_defi,indonesia,USDC
160,0.7855947071563812,1063214523853.8596,458,S2_panic_selling_defi,indonesia,USDC
161,0.7791163912997527,1036630422370.7219,458,S2_panic_selling_defi,indonesia,USDC
162,0.7875540386219242,1010711575688.9851,458,S2_panic_selling_defi,indonesia,USDC
163,0.7866034532979821,985441443592.7615,458,S2_panic_selling_defi,indonesia,USDC
164,0.7822345254016065,960803388914.6249,458,S2_panic_selling_defi,indonesia,USDC
165,0.7911433960315167,936781655168.721,458,S2_panic_selling_defi,indonesia,USDC
166,0.7935055218106826,913360810146.6432,458,S2_panic_selling_defi,indonesia,USDC
167,0.8046354818120974,890525777223.4045,458,S2_panic_selling_defi,indonesia,USDC
168,0.8107511435980077,868261797669.2856,458,S2_panic_selling_defi,indonesia,USDC
169,0.7967355039097322,846554612192.5398,458,S2_panic_selling_defi,indonesia,USDC
170,0.8038476547714163,825390171319.5886,458,S2_panic_selling_defi,indonesia,USDC
171,0.8176008545609691,804754948682.4219,458,S2_panic_selling_defi,indonesia,USDC
172,0.8097444515305312,784635701177.2263,458,S2_panic_selling_defi,indonesia,USDC
173,0.8020708657476853,765019497010.7513,458,S2_panic_selling_defi,indonesia,USDC
174,0.7807213082304324,745893716369.8104,458,S2_panic_selling_defi,indonesia,USDC
175,0.7776832448562516,727246116012.6235,458,S2_panic_selling_defi,indonesia,USDC
176,0.7679787159817638,709064740768.554,458,S2_panic_selling_defi,indonesia,USDC
177,0.771881070973062,691337930500.2129,458,S2_panic_selling_defi,indonesia,USDC
178,0.7728964163472757,674054341927.8335,458,S2_panic_selling_defi,indonesia,USDC
179,0.8074124256829417,657202870663.0054,458,S2_panic_selling_defi,indonesia,USDC
180,0.7873326835312343,640772722294.373,458,S2_panic_selling_defi,indonesia,USDC
181,0.8056380449737254,624753330571.2773,458,S2_panic_selling_defi,indonesia,USDC
182,0.8138393895830314,609134445392.0839,458,S2_panic_selling_defi,indonesia,USDC
183,0.8109346274453272,593906041045.986,458,S2_panic_selling_defi,indonesia,USDC
184,0.7765307227217606,579058353677.516,458,S2_panic_selling_defi,indonesia,USDC
185,0.7952111176785025,564581856845.1353,458,S2_panic_selling_defi,indonesia,USDC
186,0.786869146917992,550467282810.5006,458,S2_panic_selling_defi,indonesia,USDC
187,0.7575037152397138,536705576956.1802,458,S2_panic_selling_defi,indonesia,USDC
188,0.7504867674260163,523287915888.32684,458,S2_panic_selling_defi,indonesia,USDC
189,0.7565168886602407,510205699177.56915,458,S2_panic_selling_defi,indonesia,USDC
190,0.7720433661043629,497450542808.0709,458,S2_panic_selling_defi,indonesia,USDC
191,0.7532091362524322,485014269135.723,458,S2_panic_selling_defi,indonesia,USDC
192,0.7317223896293712,472888903907.037,458,S2_panic_selling_defi,indonesia,USDC
193,0.7229628034306849,461066673633.128,458,S2_panic_selling_defi,indonesia,USDC
194,0.7268072257052997,449540000641.2489,458,S2_panic_selling_defi,indonesia,USDC
195,0.7283273380671262,438301496195.0431,458,S2_panic_selling_defi,indonesia,USDC
196,0.7440935687152741,427343955536.75665,458,S2_panic_selling_defi,indonesia,USDC
197,0.7527066437147355,416660354381.52185,458,S2_panic_selling_defi,indonesia,USDC
198,0.769140121423197,406243843753.67334,458,S2_panic_selling_defi,indonesia,USDC
199,0.7424849616717153,396087746407.7402,458,S2_panic_selling_defi,indonesia,USDC
200,0.7605251445223112,386185551589.90485,458,S2_panic_selling_defi,indonesia,USDC
201,0.7610618971984529,376530911963.8092,458,S2_panic_selling_defi,indonesia,USDC
202,0.7556578591770112,367117638510.6583,458,S2_panic_selling_defi,indonesia,USDC
203,0.7700924003225227,357939697021.44714,458,S2_panic_selling_defi,indonesia,USDC
204,0.776544421109957,348991204228.3368,458,S2_panic_selling_defi,indonesia,USDC
205,0.800129424801998,340266423837.47174,458,S2_panic_selling_defi,indonesia,USDC
206,0.8237608307244646,331759763035.08887,458,S2_panic_selling_defi,indonesia,USDC
207,0.8196077508739716,323465768814.9201,458,S2_panic_selling_defi,indonesia,USDC
208,0.7550321982966148,315379124462.37256,458,S2_panic_selling_defi,indonesia,USDC
209,0.7742815238979226,307494646194.3474,458,S2_panic_selling_defi,indonesia,USDC
210,0.7751429646033599,299807279932.27844,458,S2_panic_selling_defi,indonesia,USDC
211,0.7591350169119153,292312097842.2383,458,S2_panic_selling_defi,indonesia,USDC
212,0.7755975566371482,285004295321.3853,458,S2_panic_selling_defi,indonesia,USDC
213,0.7660239978249747,277879187882.4395,458,S2_panic_selling_defi,indonesia,USDC
214,0.7860256482744349,270932208138.95303,458,S2_panic_selling_defi,indonesia,USDC
215,0.7558450360549461,264158902900.59656,458,S2_panic_selling_defi,indonesia,USDC
216,0.781239839235639,257554930296.24908,458,S2_panic_selling_defi,indonesia,USDC
217,0.7942500201129525,251116057015.28354,458,S2_panic_selling_defi,indonesia,USDC
218,0.7932188753575062,244838155572.94476,458,S2_panic_selling_defi,indonesia,USDC
219,0.76760731498157,238717201669.51514,458,S2_panic_selling_defi,indonesia,USDC
220,0.7716450610369122,232749271614.44806,458,S2_panic_selling_defi,indonesia,USDC
221,0.7726344326216406,226930539813.85052,458,S2_panic_selling_defi,indonesia,USDC
222,0.8014520363562009,221257276309.77966,458,S2_panic_selling_defi,indonesia,USDC
223,0.7926019550051809,215725844396.21405,458,S2_panic_selling_defi,indonesia,USDC
224,0.7784880202567549,210332698281.12695,458,S2_panic_selling_defi,indonesia,USDC
225,0.7872271797836191,205074380819.79218,458,S2_panic_selling_defi,indonesia,USDC
226,0.7587446977605384,199947521295.74646,458,S2_panic_selling_defi,indonesia,USDC
227,0.7717121095148147,194948833260.14978,458,S2_panic_selling_defi,indonesia,USDC
228,0.784607217045472,190075112426.2205,458,S2_panic_selling_defi,indonesia,USDC
229,0.7676304009031597,185323234613.75632,458,S2_panic_selling_defi,indonesia,USDC
230,0.8085537605359774,180690153746.8331,458,S2_panic_selling_defi,indonesia,USDC
231,0.8421044374917742,176172899902.17938,458,S2_panic_selling_defi,indonesia,USDC
232,0.8391570403460519,171768577403.94232,458,S2_panic_selling_defi,indonesia,USDC
233,0.8491353725846611,167474362968.22162,458,S2_panic_selling_defi,indonesia,USDC
234,0.8415132217412239,163287503893.54993,458,S2_panic_selling_defi,indonesia,USDC
235,0.8233665473875098,159205316295.76425,458,S2_panic_selling_defi,indonesia,USDC
236,0.805328657181089,155225183387.92435,458,S2_panic_selling_defi,indonesia,USDC
237,0.8095018187911411,151344553802.78918,458,S2_panic_selling_defi,indonesia,USDC
238,0.7950423509352829,147560939957.37796,458,S2_panic_selling_defi,indonesia,USDC
239,0.7861113343003653,143871916458.11536,458,S2_panic_selling_defi,indonesia,USDC
240,0.8076748158504059,140275118546.39026,458,S2_panic_selling_defi,indonesia,USDC
241,0.804563186060681,136768240582.53337,458,S2_panic_selling_defi,indonesia,USDC
242,0.7665940744251373,133349034567.79726,458,S2_panic_selling_defi,indonesia,USDC
243,0.7737210750501807,130015308703.4173,458,S2_panic_selling_defi,indonesia,USDC
244,0.7761020511414987,126764925985.6933,458,S2_panic_selling_defi,indonesia,USDC
245,0.7765127805325629,123595802835.93927,458,S2_panic_selling_defi,indonesia,USDC
246,0.7827094492628479,120505907764.95352,458,S2_panic_selling_defi,indonesia,USDC
247,0.7948391151391268,117493260070.76276,458,S2_panic_selling_defi,indonesia,USDC
248,0.789761587590303,114555928568.9408,458,S2_panic_selling_defi,indonesia,USDC
249,0.7942281283434078,111692030354.6753,458,S2_panic_selling_defi,indonesia,USDC
250,0.7770306455236191,108899729595.77466,458,S2_panic_selling_defi,indonesia,USDC
251,0.7873613535469888,106177236355.84831,458,S2_panic_selling_defi,indonesia,USDC
252,0.7947595597685756,103522805446.92722,458,S2_panic_selling_defi,indonesia,USDC
253,0.8093445656901338,100934735310.73465,458,S2_panic_selling_defi,indonesia,USDC
254,0.7931971870435864,98411366927.95198,458,S2_panic_selling_defi,indonesia,USDC
255,0.7985154795927819,95951082754.7403,458,S2_panic_selling_defi,indonesia,USDC
256,0.7933145778672461,93552305685.8617,458,S2_panic_selling_defi,indonesia,USDC
257,0.7541275513952829,91213498043.70628,458,S2_panic_selling_defi,indonesia,USDC
258,0.7512918494747414,88933160592.60486,458,S2_panic_selling_defi,indonesia,USDC
259,0.7609737219224738,86709831577.78242,458,S2_panic_selling_defi,indonesia,USDC
260,0.7734885705684873,84542085788.33255,458,S2_panic_selling_defi,indonesia,USDC
261,0.7798329981275106,82428533643.62033,458,S2_panic_selling_defi,indonesia,USDC
262,0.7897845047119244,80367820302.52678,458,S2_panic_selling_defi,indonesia,USDC
263,0.8096229285159874,78358624794.96121,458,S2_panic_selling_defi,indonesia,USDC
264,0.8085876608847099,76399659175.08539,458,S2_panic_selling_defi,indonesia,USDC
265,0.8100590682552771,74489667695.70673,458,S2_panic_selling_defi,indonesia,USDC
266,0.8152779535963172,72627426003.31284,458,S2_panic_selling_defi,indonesia,USDC
267,0.8124057275521592,70811740353.229,458,S2_panic_selling_defi,indonesia,USDC
268,0.8175092618521382,69041446844.39745,458,S2_panic_selling_defi,indonesia,USDC
269,0.8046428004255014,67315410673.28682,458,S2_panic_selling_defi,indonesia,USDC
270,0.7895077823000601,65632525406.45401,458,S2_panic_selling_defi,indonesia,USDC
271,0.7914949849222521,63991712271.292076,458,S2_panic_selling_defi,indonesia,USDC
272,0.773340879907457,62391919464.50928,458,S2_panic_selling_defi,indonesia,USDC
273,0.7627626481244223,60832121477.8961,458,S2_panic_selling_defi,indonesia,USDC
274,0.7714900983617008,59311318440.94833,458,S2_panic_selling_defi,indonesia,USDC
275,0.7727381654701877,57828535479.92433,458,S2_panic_selling_defi,indonesia,USDC
276,0.7877376396605551,56382822092.925995,458,S2_panic_selling_defi,indonesia,USDC
277,0.7861733520915325,54973251540.60268,458,S2_panic_selling_defi,indonesia,USDC
278,0.8126237982740954,53598920252.08748,458,S2_panic_selling_defi,indonesia,USDC
279,0.8311156300669748,52258947245.7852,458,S2_panic_selling_defi,indonesia,USDC
280,0.8254884712330828,50952473564.640495,458,S2_panic_selling_defi,indonesia,USDC
281,0.821573815677522,49678661725.52442,458,S2_panic_selling_defi,indonesia,USDC
282,0.8086733375281234,48436695182.38625,458,S2_panic_selling_defi,indonesia,USDC
283,0.803142408805538,47225777802.826546,458,S2_panic_selling_defi,indonesia,USDC
284,0.798937969103642,46045133357.75584,458,S2_panic_selling_defi,indonesia,USDC
285,0.8069895023000773,44894005023.811905,458,S2_panic_selling_defi,indonesia,USDC
286,0.7919336010572138,43771654898.21657,458,S2_panic_selling_defi,indonesia,USDC
287,0.7585955294852931,42677363525.76112,458,S2_panic_selling_defi,indonesia,USDC
288,0.7580445870833682,41610429437.61707,458,S2_panic_selling_defi,indonesia,USDC
289,0.7765493061553558,40570168701.67662,458,S2_panic_selling_defi,indonesia,USDC
290,0.766580740910167,39555914484.13469,458,S2_panic_selling_defi,indonesia,USDC
291,0.7593155978395677,38567016622.03131,458,S2_panic_selling_defi,indonesia,USDC
292,0.7753350744837597,37602841206.480515,458,S2_panic_selling_defi,indonesia,USDC
293,0.7714728545540813,36662770176.3185,458,S2_panic_selling_defi,indonesia,USDC
294,0.7728780291702714,35746200921.91053,458,S2_panic_selling_defi,indonesia,USDC
295,0.76872537656872,34852545898.86276,458,S2_panic_selling_defi,indonesia,USDC
296,0.7626585113494511,33981232251.39119,458,S2_panic_selling_defi,indonesia,USDC
297,0.7763792703134649,33131701445.106403,458,S2_panic_selling_defi,indonesia,USDC
298,0.787566204586605,32303408908.97874,458,S2_panic_selling_defi,indonesia,USDC
299,0.806822084358744,31495823686.254272,458,S2_panic_selling_defi,indonesia,USDC
300,0.7736547812335941,30708428094.097916,458,S2_panic_selling_defi,indonesia,USDC
301,0.782306860137849,29940717391.74547,458,S2_panic_selling_defi,indonesia,USDC
302,0.7849851285416669,29192199456.95183,458,S2_panic_selling_defi,indonesia,USDC
303,0.7995469122172026,28462394470.52803,458,S2_panic_selling_defi,indonesia,USDC
304,0.8088514151958227,27750834608.764835,458,S2_panic_selling_defi,indonesia,USDC
305,0.8046493528188401,27057063743.545715,458,S2_panic_selling_defi,indonesia,USDC
306,0.8093214801662864,26380637149.95707,458,S2_panic_selling_defi,indonesia,USDC
307,0.7797077189965524,25721121221.208145,458,S2_panic_selling_defi,indonesia,USDC
308,0.7598793882626159,25078093190.67794,458,S2_panic_selling_defi,indonesia,USDC
309,0.7576846330115216,24451140860.91099,458,S2_panic_selling_defi,indonesia,USDC
310,0.7567419414243672,23839862339.388218,458,S2_panic_selling_defi,indonesia,USDC
311,0.7712417927553802,23243865780.90351,458,S2_panic_selling_defi,indonesia,USDC
312,0.7868659007073109,22662769136.380924,458,S2_panic_selling_defi,indonesia,USDC
313,0.8135777652860368,22096199907.971397,458,S2_panic_selling_defi,indonesia,USDC
314,0.7901656061593086,21543794910.272114,458,S2_panic_selling_defi,indonesia,USDC
315,0.804647019356595,21005200037.515312,458,S2_panic_selling_defi,indonesia,USDC
316,0.8029083502678239,20480070036.57743,458,S2_panic_selling_defi,indonesia,USDC
317,0.8117748919632092,19968068285.662994,458,S2_panic_selling_defi,indonesia,USDC
318,0.8133670707037495,19468866578.52142,458,S2_panic_selling_defi,indonesia,USDC
319,0.7991194997517802,18982144914.058388,458,S2_panic_selling_defi,indonesia,USDC
320,0.8203430985896131,18507591291.206924,458,S2_panic_selling_defi,indonesia,USDC
321,0.8235322812224593,18044901508.92675,458,S2_panic_selling_defi,indonesia,USDC
322,0.8025336159539668,17593778971.203583,458,S2_panic_selling_defi,indonesia,USDC
323,0.8229360455444287,17153934496.923492,458,S2_panic_selling_defi,indonesia,USDC
324,0.8389251356867496,16725086134.500404,458,S2_panic_selling_defi,indonesia,USDC
325,0.8417333703873153,16306958981.137894,458,S2_panic_selling_defi,indonesia,USDC
326,0.8369168169124787,15899285006.609447,458,S2_panic_selling_defi,indonesia,USDC
327,0.8308450434335546,15501802881.44421,458,S2_panic_selling_defi,indonesia,USDC
328,0.7965115290607769,15114257809.408106,458,S2_panic_selling_defi,indonesia,USDC
329,0.8192068111735437,14736401364.172903,458,S2_panic_selling_defi,indonesia,USDC
330,0.7968695870031189,14367991330.06858,458,S2_panic_selling_defi,indonesia,USDC
331,0.7926002602653469,14008791546.816866,458,S2_panic_selling_defi,indonesia,USDC
332,0.8247559167699173,13658571758.146446,458,S2_panic_selling_defi,indonesia,USDC
333,0.8296474554802571,13317107464.192783,458,S2_panic_selling_defi,indonesia,USDC
334,0.8271948919048762,12984179777.587963,458,S2_panic_selling_defi,indonesia,USDC
335,0.8190383371031285,12659575283.148266,458,S2_panic_selling_defi,indonesia,USDC
336,0.7967129597452153,12343085901.069557,458,S2_panic_selling_defi,indonesia,USDC
337,0.8280322776581802,12034508753.54282,458,S2_panic_selling_defi,indonesia,USDC
338,0.8166506407515415,11733646034.704247,458,S2_panic_selling_defi,indonesia,USDC
339,0.8085336832509744,11440304883.836641,458,S2_panic_selling_defi,indonesia,USDC
340,0.8040529229511622,11154297261.740726,458,S2_panic_selling_defi,indonesia,USDC
341,0.7969240310098955,10875439830.197206,458,S2_panic_selling_defi,indonesia,USDC
342,0.7869704759865228,10603553834.442278,458,S2_panic_selling_defi,indonesia,USDC
343,0.7789283195877054,10338464988.58122,458,S2_panic_selling_defi,indonesia,USDC
344,0.7820177605251679,10080003363.86669,458,S2_panic_selling_defi,indonesia,USDC
345,0.7570801331903856,9828003279.770023,458,S2_panic_selling_defi,indonesia,USDC
346,0.7804759559557741,9582303197.775772,458,S2_panic_selling_defi,indonesia,USDC
347,0.7601244420441554,9342745617.831377,458,S2_panic_selling_defi,indonesia,USDC
348,0.753362596441414,9109176977.385593,458,S2_panic_selling_defi,indonesia,USDC
349,0.733269210604538,8881447552.950953,458,S2_panic_selling_defi,indonesia,USDC
350,0.7502428024879109,8659411364.127178,458,S2_panic_selling_defi,indonesia,USDC
351,0.7574363944001676,8442926080.023998,458,S2_panic_selling_defi,indonesia,USDC
352,0.7627111040317587,8231852928.023399,458,S2_panic_selling_defi,indonesia,USDC
353,0.7440790298560167,8026056604.822815,458,S2_panic_selling_defi,indonesia,USDC
354,0.7753299984298524,7825405189.702244,458,S2_panic_selling_defi,indonesia,USDC
355,0.7695296169790038,7629770059.959687,458,S2_panic_selling_defi,indonesia,USDC
356,0.7642099183038759,7439025808.460695,458,S2_panic_selling_defi,indonesia,USDC
357,0.7574707899637986,7253050163.249178,458,S2_panic_selling_defi,indonesia,USDC
358,0.7929352885800567,7071723909.167949,458,S2_panic_selling_defi,indonesia,USDC
359,0.7720346864597535,6894930811.43875,458,S2_panic_selling_defi,indonesia,USDC
360,0.7820802818876929,6722557541.152781,458,S2_panic_selling_defi,indonesia,USDC
361,0.7989084489186393,6554493602.623961,458,S2_panic_selling_defi,indonesia,USDC
362,0.8074084911347649,6390631262.558362,458,S2_panic_selling_defi,indonesia,USDC
363,0.8052327976827718,6230865480.994403,458,S2_panic_selling_defi,indonesia,USDC
364,0.8141008325582646,6075093843.969543,458,S2_panic_selling_defi,indonesia,USDC
365,0.809652872865671,5923216497.870304,458,S2_panic_selling_defi,indonesia,USDC
366,0.8136957336891549,5775136085.423548,458,S2_panic_selling_defi,indonesia,USDC
367,0.8102940337421899,5630757683.287958,458,S2_panic_selling_defi,indonesia,USDC
368,0.7900500490476866,5489988741.205759,458,S2_panic_selling_defi,indonesia,USDC
369,0.8024072131811326,5352739022.675615,458,S2_panic_selling_defi,indonesia,USDC
370,0.8094455426782508,5218920547.108726,458,S2_panic_selling_defi,indonesia,USDC
371,0.7915204500827402,5088447533.431007,458,S2_panic_selling_defi,indonesia,USDC
372,0.8153250796833199,4961236345.095232,458,S2_panic_selling_defi,indonesia,USDC
373,0.790637438305899,4837205436.467851,458,S2_panic_selling_defi,indonesia,USDC
374,0.805929761608605,4716275300.556154,458,S2_panic_selling_defi,indonesia,USDC
375,0.808796830966484,4598368418.042252,458,S2_panic_selling_defi,indonesia,USDC
376,0.8034147606938192,4483409207.591195,458,S2_panic_selling_defi,indonesia,USDC
377,0.8261604162141,4371323977.401415,458,S2_panic_selling_defi,indonesia,USDC
378,0.8331473661055827,4262040877.9663796,458,S2_panic_selling_defi,indonesia,USDC
379,0.8395514667121899,4155489856.01722,458,S2_panic_selling_defi,indonesia,USDC
380,0.8344377679863608,4051602609.61679,458,S2_panic_selling_defi,indonesia,USDC
381,0.8046899774063334,3950312544.3763695,458,S2_panic_selling_defi,indonesia,USDC
382,0.7807339876708798,3851554730.76696,458,S2_panic_selling_defi,indonesia,USDC
383,0.7695837797513908,3755265862.497786,458,S2_panic_selling_defi,indonesia,USDC
384,0.7680574676658697,3661384215.9353414,458,S2_panic_selling_defi,indonesia,USDC
385,0.7729951663397259,3569849610.5369577,458,S2_panic_selling_defi,indonesia,USDC
386,0.7845596593433521,3480603370.273534,458,S2_panic_selling_defi,indonesia,USDC
387,0.7967878356111187,3393588286.016696,458,S2_panic_selling_defi,indonesia,USDC
388,0.8121805962561899,3308748578.866278,458,S2_panic_selling_defi,indonesia,USDC
389,0.8255672207717625,3226029864.394622,458,S2_panic_selling_defi,indonesia,USDC
390,0.8167472803552859,3145379117.7847557,458,S2_panic_selling_defi,indonesia,USDC
391,0.7914992470982322,3066744639.840137,458,S2_panic_selling_defi,indonesia,USDC
392,0.7889731088104994,2990076023.8441334,458,S2_panic_selling_defi,indonesia,USDC
393,0.775606594029274,2915324123.24803,458,S2_panic_selling_defi,indonesia,USDC
394,0.7714601250237575,2842441020.166829,458,S2_panic_selling_defi,indonesia,USDC
395,0.7651106391422453,2771379994.6626587,458,S2_panic_selling_defi,indonesia,USDC
396,0.7790073074796958,2702095494.796092,458,S2_panic_selling_defi,indonesia,USDC
397,0.7506374636220516,2634543107.42619,458,S2_panic_selling_defi,indonesia,USDC
398,0.7591607520546052,2568679529.740535,458,S2_panic_selling_defi,indonesia,USDC
399,0.7764064105024507,2504462541.4970217,458,S2_panic_selling_defi,indonesia,USDC
400,0.7747591389504422,2441850977.959596,458,S2_panic_selling_defi,indonesia,USDC
401,0.7854617441972036,2380804703.510606,458,S2_panic_selling_defi,indonesia,USDC
402,0.7796738357659125,2321284585.922841,458,S2_panic_selling_defi,indonesia,USDC
403,0.7797674791547524,2263252471.2747703,458,S2_panic_selling_defi,indonesia,USDC
404,0.7802390217313218,2206671159.492901,458,S2_panic_selling_defi,indonesia,USDC
405,0.7917063793689763,2151504380.505578,458,S2_panic_selling_defi,indonesia,USDC
406,0.7776130891047337,2097716770.9929385,458,S2_panic_selling_defi,indonesia,USDC
407,0.787590082348141,2045273851.7181153,458,S2_panic_selling_defi,indonesia,USDC
408,0.8180300888447645,1994142005.4251623,458,S2_panic_selling_defi,indonesia,USDC
409,0.8215857097614442,1944288455.2895334,458,S2_panic_selling_defi,indonesia,USDC
410,0.8131889035823655,1895681243.9072952,458,S2_panic_selling_defi,indonesia,USDC
411,0.8141471268811609,1848289212.8096128,458,S2_panic_selling_defi,indonesia,USDC
412,0.8146356448060785,1802081982.4893727,458,S2_panic_selling_defi,indonesia,USDC
413,0.7956829905939087,1757029932.9271383,458,S2_panic_selling_defi,indonesia,USDC
414,0.7996497770109589,1713104184.60396,458,S2_panic_selling_defi,indonesia,USDC
415,0.8190730734183667,1670276579.988861,458,S2_panic_selling_defi,indonesia,USDC
416,0.8207809735852853,1628519665.4891396,458,S2_panic_selling_defi,indonesia,USDC
417,0.8057467914561158,1587806673.851911,458,S2_panic_selling_defi,indonesia,USDC
418,0.8108833073231532,1548111507.0056133,458,S2_panic_selling_defi,indonesia,USDC
419,0.802811442124832,1509408719.330473,458,S2_panic_selling_defi,indonesia,USDC
420,0.7905564917771384,1471673501.3472111,458,S2_panic_selling_defi,indonesia,USDC
421,0.7986676800880124,1434881663.813531,458,S2_panic_selling_defi,indonesia,USDC
422,0.7795548975513404,1399009622.2181926,458,S2_panic_selling_defi,indonesia,USDC
423,0.7949270608804808,1364034381.6627378,458,S2_panic_selling_defi,indonesia,USDC
424,0.7754032575082251,1329933522.1211693,458,S2_panic_selling_defi,indonesia,USDC
425,0.7824750100352541,1296685184.06814,458,S2_panic_selling_defi,indonesia,USDC
426,0.783367132738474,1264268054.4664366,458,S2_panic_selling_defi,indonesia,USDC
427,0.7982263947767008,1232661353.1047757,458,S2_panic_selling_defi,indonesia,USDC
428,0.7892854738120202,1201844819.2771564,458,S2_panic_selling_defi,indonesia,USDC
429,0.793823528950296,1171798698.7952275,458,S2_panic_selling_defi,indonesia,USDC
430,0.8025774820282435,1142503731.3253467,458,S2_panic_selling_defi,indonesia,USDC
431,0.7921865655429905,1113941138.0422132,458,S2_panic_selling_defi,indonesia,USDC
432,0.7907672450093327,1086092609.591158,458,S2_panic_selling_defi,indonesia,USDC
433,0.7835884034564147,1058940294.3513789,458,S2_panic_selling_defi,indonesia,USDC
434,0.7803453214682082,1032466786.9925944,458,S2_panic_selling_defi,indonesia,USDC
435,0.7558846316621586,1006655117.3177795,458,S2_panic_selling_defi,indonesia,USDC
436,0.7422065347365531,981488739.3848351,458,S2_panic_selling_defi,indonesia,USDC
437,0.7460041592867962,956951520.9002142,458,S2_panic_selling_defi,indonesia,USDC
438,0.722519397042218,933027732.8777089,458,S2_panic_selling_defi,indonesia,USDC
439,0.7298543201578039,909702039.5557661,458,S2_panic_selling_defi,indonesia,USDC
440,0.7415634512167755,886959488.5668721,458,S2_panic_selling_defi,indonesia,USDC
441,0.7284743533462642,864785501.3527002,458,S2_panic_selling_defi,indonesia,USDC
442,0.7312682158952054,843165863.8188827,458,S2_panic_selling_defi,indonesia,USDC
443,0.7498590584151692,822086717.2234106,458,S2_panic_selling_defi,indonesia,USDC
444,0.7590464748404555,801534549.2928255,458,S2_panic_selling_defi,indonesia,USDC
445,0.7650379625854267,781496185.5605048,458,S2_panic_selling_defi,indonesia,USDC
446,0.789330406071599,761958780.9214922,458,S2_panic_selling_defi,indonesia,USDC
447,0.7877085258259765,742909811.3984549,458,S2_panic_selling_defi,indonesia,USDC
448,0.795845785994639,724337066.1134936,458,S2_panic_selling_defi,indonesia,USDC
449,0.8012938937987925,706228639.4606562,458,S2_panic_selling_defi,indonesia,USDC
450,0.7936464875808317,688572923.4741398,458,S2_panic_selling_defi,indonesia,USDC
451,0.8096166511332019,671358600.3872863,458,S2_panic_selling_defi,indonesia,USDC
452,0.8000646696653342,654574635.3776041,458,S2_panic_selling_defi,indonesia,USDC
453,0.7716760305914947,638210269.4931641,458,S2_panic_selling_defi,indonesia,USDC
454,0.7534130329611118,622255012.7558349,458,S2_panic_selling_defi,indonesia,USDC
455,0.7662576984072191,606698637.436939,458,S2_panic_selling_defi,indonesia,USDC
456,0.7557001092714966,591531171.5010157,458,S2_panic_selling_defi,indonesia,USDC
457,0.7845190876376794,576742892.2134902,458,S2_panic_selling_defi,indonesia,USDC
458,0.8056297791793312,562324319.908153,458,S2_panic_selling_defi,indonesia,USDC
459,0.7992351816115069,548266211.9104491,458,S2_panic_selling_defi,indonesia,USDC
460,0.7689889027536603,534559556.6126879,458,S2_panic_selling_defi,indonesia,USDC
461,0.7615537249727219,521195567.6973707,458,S2_panic_selling_defi,indonesia,USDC
462,0.7598633753100626,508165678.50493646,458,S2_panic_selling_defi,indonesia,USDC
463,0.7672257727685766,495461536.542313,458,S2_panic_selling_defi,indonesia,USDC
464,0.7518111836715118,483074998.1287552,458,S2_panic_selling_defi,indonesia,USDC
465,0.73869937830941,470998123.1755363,458,S2_panic_selling_defi,indonesia,USDC
466,0.7352446878536495,459223170.09614784,458,S2_panic_selling_defi,indonesia,USDC
467,0.7308064835846115,447742590.84374416,458,S2_panic_selling_defi,indonesia,USDC
468,0.7346577354128561,436549026.0726506,458,S2_panic_selling_defi,indonesia,USDC
469,0.7537649356242281,425635300.4208343,458,S2_panic_selling_defi,indonesia,USDC
470,0.7645205127876209,414994417.9103135,458,S2_panic_selling_defi,indonesia,USDC
471,0.7647072625905851,404619557.46255565,458,S2_panic_selling_defi,indonesia,USDC
472,0.7566672616556248,394504068.52599174,458,S2_panic_selling_defi,indonesia,USDC
473,0.7534462016033029,384641466.812842,458,S2_panic_selling_defi,indonesia,USDC
474,0.7433910043501564,375025430.1425209,458,S2_panic_selling_defi,indonesia,USDC
475,0.7687255839032491,365649794.3889579,458,S2_panic_selling_defi,indonesia,USDC
476,0.7947376214911293,356508549.529234,458,S2_panic_selling_defi,indonesia,USDC
477,0.7872876372560184,347595835.7910031,458,S2_panic_selling_defi,indonesia,USDC
478,0.76040571547545,338905939.896228,458,S2_panic_selling_defi,indonesia,USDC
479,0.7613741030042233,330433291.3988223,458,S2_panic_selling_defi,indonesia,USDC
480,0.7808208700369197,322172459.1138518,458,S2_panic_selling_defi,indonesia,USDC
481,0.7601413775280212,314118147.6360055,458,S2_panic_selling_defi,indonesia,USDC
482,0.7540091336745268,306265193.9451053,458,S2_panic_selling_defi,indonesia,USDC
483,0.7623286159056518,298608564.09647775,458,S2_panic_selling_defi,indonesia,USDC
484,0.7720521138490232,291143349.99406576,458,S2_panic_selling_defi,indonesia,USDC
485,0.7544231409277707,283864766.2442141,458,S2_panic_selling_defi,indonesia,USDC
486,0.7735385147480065,276768147.0881088,458,S2_panic_selling_defi,indonesia,USDC
487,0.7550393877539117,269848943.4109061,458,S2_panic_selling_defi,indonesia,USDC
488,0.7744409106804139,263102719.82563338,458,S2_panic_selling_defi,indonesia,USDC
489,0.7546071881229106,256525151.8299926,458,S2_panic_selling_defi,indonesia,USDC
490,0.7351725942317451,250112023.03424275,458,S2_panic_selling_defi,indonesia,USDC
491,0.7478446962955527,243859222.45838666,458,S2_panic_selling_defi,indonesia,USDC
492,0.7333280582995322,237762741.896927,458,S2_panic_selling_defi,indonesia,USDC
493,0.7413417380084125,231818673.34950384,458,S2_panic_selling_defi,indonesia,USDC
494,0.7572153370866165,226023206.51576626,458,S2_panic_selling_defi,indonesia,USDC
495,0.7655631495448145,220372626.3528721,458,S2_panic_selling_defi,indonesia,USDC
496,0.7636387601220571,214863310.6940503,458,S2_panic_selling_defi,indonesia,USDC
497,0.7812332871044352,209491727.92669904,458,S2_panic_selling_defi,indonesia,USDC
498,0.7761301456806458,204254434.7285316,458,S2_panic_selling_defi,indonesia,USDC
499,0.7921984984620082,199148073.8603183,458,S2_panic_selling_defi,indonesia,USDC
500,0.7699492955014398,194169372.01381034,458,S2_panic_selling_defi,indonesia,USDC
501,0.7587321888660855,189315137.7134651,458,S2_panic_selling_defi,indonesia,USDC
502,0.7504020338666462,184582259.27062845,458,S2_panic_selling_defi,indonesia,USDC
503,0.7582651185160578,179967702.78886276,458,S2_panic_selling_defi,indonesia,USDC
504,0.7697742088963738,175468510.2191412,458,S2_panic_selling_defi,indonesia,USDC
505,0.7831569923392646,171081797.46366265,458,S2_panic_selling_defi,indonesia,USDC
506,0.7768072724260646,166804752.5270711,458,S2_panic_selling_defi,indonesia,USDC
507,0.7701640957360048,162634633.7138943,458,S2_panic_selling_defi,indonesia,USDC
508,0.786498407511883,158568767.87104693,458,S2_panic_selling_defi,indonesia,USDC
509,0.781933418778562,154604548.67427075,458,S2_panic_selling_defi,indonesia,USDC
510,0.7905513797540842,150739434.95741397,458,S2_panic_selling_defi,indonesia,USDC
511,0.7867928847805,146970949.08347866,458,S2_panic_selling_defi,indonesia,USDC
512,0.7786547072953311,143296675.35639167,458,S2_panic_selling_defi,indonesia,USDC
513,0.7618279785945847,139714258.47248188,458,S2_panic_selling_defi,indonesia,USDC
514,0.7684217959906329,136221402.01066983,458,S2_panic_selling_defi,indonesia,USDC
515,0.7580584886202827,132815866.96040308,458,S2_panic_selling_defi,indonesia,USDC
516,0.7591035940532863,129495470.28639302,458,S2_panic_selling_defi,indonesia,USDC
517,0.7540745972873264,126258083.52923319,458,S2_panic_selling_defi,indonesia,USDC
518,0.7619200693158679,123101631.44100235,458,S2_panic_selling_defi,indonesia,USDC
519,0.7759752708588205,120024090.65497729,458,S2_panic_selling_defi,indonesia,USDC
520,0.7919195174962863,117023488.38860285,458,S2_panic_selling_defi,indonesia,USDC
521,0.7995016699784416,114097901.17888778,458,S2_panic_selling_defi,indonesia,USDC
522,0.8016023401790134,111245453.6494156,458,S2_panic_selling_defi,indonesia,USDC
523,0.7856875544730693,108464317.30818018,458,S2_panic_selling_defi,indonesia,USDC
524,0.7773714731585618,105752709.37547567,458,S2_panic_selling_defi,indonesia,USDC
525,0.7668675499269499,103108891.6410888,458,S2_panic_selling_defi,indonesia,USDC
526,0.7536993417222948,100531169.35006158,458,S2_panic_selling_defi,indonesia,USDC
527,0.7512709280468347,98017890.11631005,458,S2_panic_selling_defi,indonesia,USDC
528,0.7656887985577558,95567442.86340229,458,S2_panic_selling_defi,indonesia,USDC
529,0.7856309351434502,93178256.79181723,458,S2_panic_selling_defi,indonesia,USDC
530,0.799776761072195,90848800.37202181,458,S2_panic_selling_defi,indonesia,USDC
531,0.7753538176137229,88577580.36272126,458,S2_panic_selling_defi,indonesia,USDC
532,0.7864838395530296,86363140.85365322,458,S2_panic_selling_defi,indonesia,USDC
533,0.8093297758788964,84204062.3323119,458,S2_panic_selling_defi,indonesia,USDC
534,0.8108952474550867,82098960.7740041,458,S2_panic_selling_defi,indonesia,USDC
535,0.7879186109166089,80046486.75465399,458,S2_panic_selling_defi,indonesia,USDC
536,0.8099426635477048,78045324.58578764,458,S2_panic_selling_defi,indonesia,USDC
537,0.7932951362462739,76094191.47114295,458,S2_panic_selling_defi,indonesia,USDC
538,0.8248884896321454,74191836.68436438,458,S2_panic_selling_defi,indonesia,USDC
539,0.8182334150503565,72337040.76725526,458,S2_panic_selling_defi,indonesia,USDC
540,0.8095510953615127,70528614.74807388,458,S2_panic_selling_defi,indonesia,USDC
541,0.8130877000123284,68765399.37937205,458,S2_panic_selling_defi,indonesia,USDC
542,0.8286123581836329,67046264.39488773,458,S2_panic_selling_defi,indonesia,USDC
543,0.8116769782811188,65370107.78501554,458,S2_panic_selling_defi,indonesia,USDC
544,0.7884264836887668,63735855.090390146,458,S2_panic_selling_defi,indonesia,USDC
545,0.7865416109240855,62142458.71313039,458,S2_panic_selling_defi,indonesia,USDC
546,0.7715130897919136,60588897.24530213,458,S2_panic_selling_defi,indonesia,USDC
547,0.7812629249848319,59074174.814169586,458,S2_panic_selling_defi,indonesia,USDC
548,0.7694326335944056,57597320.44381534,458,S2_panic_selling_defi,indonesia,USDC
549,0.7900635598636132,56157387.43271996,458,S2_panic_selling_defi,indonesia,USDC
550,0.783957465047213,54753452.746901974,458,S2_panic_selling_defi,indonesia,USDC
551,0.7790507938548233,53384616.42822942,458,S2_panic_selling_defi,indonesia,USDC
552,0.7753567321380834,52050001.01752368,458,S2_panic_selling_defi,indonesia,USDC
553,0.7846845527086097,50748750.99208559,458,S2_panic_selling_defi,indonesia,USDC
554,0.791948123786861,49480032.21728345,458,S2_panic_selling_defi,indonesia,USDC
555,0.7601178705800868,48243031.41185137,458,S2_panic_selling_defi,indonesia,USDC
556,0.7307868226601018,47036955.626555085,458,S2_panic_selling_defi,indonesia,USDC
557,0.7430471998588715,45861031.73589121,458,S2_panic_selling_defi,indonesia,USDC
558,0.7619400045003465,44714505.94249392,458,S2_panic_selling_defi,indonesia,USDC
559,0.793714307175882,43596643.29393157,458,S2_panic_selling_defi,indonesia,USDC
560,0.7922163340643503,42506727.21158329,458,S2_panic_selling_defi,indonesia,USDC
561,0.7942721965014746,41444059.031293705,458,S2_panic_selling_defi,indonesia,USDC
562,0.820034062738609,40407957.55551136,458,S2_panic_selling_defi,indonesia,USDC
563,0.8099349557083682,39397758.61662357,458,S2_panic_selling_defi,indonesia,USDC
564,0.8337376096316735,38412814.65120798,458,S2_panic_selling_defi,indonesia,USDC
565,0.8378787359519183,37452494.284927785,458,S2_panic_selling_defi,indonesia,USDC
566,0.8338577653541933,36516181.92780459,458,S2_panic_selling_defi,indonesia,USDC
567,0.8230008668576541,35603277.37960948,458,S2_panic_selling_defi,indonesia,USDC
568,0.8068107633344365,34713195.44511924,458,S2_panic_selling_defi,indonesia,USDC
569,0.8100190408171243,33845365.55899126,458,S2_panic_selling_defi,indonesia,USDC
570,0.8461716205031521,32999231.420016482,458,S2_panic_selling_defi,indonesia,USDC
571,0.8405688982259698,32174250.634516068,458,S2_panic_selling_defi,indonesia,USDC
572,0.8223714613953453,31369894.368653167,458,S2_panic_selling_defi,indonesia,USDC
573,0.7986469308468063,30585647.00943684,458,S2_panic_selling_defi,indonesia,USDC
574,0.7949279038199767,29821005.83420092,458,S2_panic_selling_defi,indonesia,USDC
575,0.807104860719019,29075480.688345894,458,S2_panic_selling_defi,indonesia,USDC
576,0.7885571657399327,28348593.67113725,458,S2_panic_selling_defi,indonesia,USDC
577,0.8092726543212819,27639878.829358816,458,S2_panic_selling_defi,indonesia,USDC
578,0.7862584028610163,26948881.858624846,458,S2_panic_selling_defi,indonesia,USDC
579,0.7531046867270108,26275159.81215923,458,S2_panic_selling_defi,indonesia,USDC
580,0.7371874708664525,25618280.816855244,458,S2_panic_selling_defi,indonesia,USDC
581,0.7405810047210009,24977823.796433866,458,S2_panic_selling_defi,indonesia,USDC
582,0.7654287258749063,24353378.201523017,458,S2_panic_selling_defi,indonesia,USDC
583,0.7848915909190055,23744543.746484943,458,S2_panic_selling_defi,indonesia,USDC
584,0.7755441520365274,23150930.15282282,458,S2_panic_selling_defi,indonesia,USDC
585,0.7817220240437404,22572156.899002247,458,S2_panic_selling_defi,indonesia,USDC
586,0.7862784309561212,22007852.97652719,458,S2_panic_selling_defi,indonesia,USDC
587,0.779045343043285,21457656.65211401,458,S2_panic_selling_defi,indonesia,USDC
588,0.7833435377246886,20921215.235811163,458,S2_panic_selling_defi,indonesia,USDC
589,0.7727558093047625,20398184.854915883,458,S2_panic_selling_defi,indonesia,USDC
590,0.7671503670970934,19888230.233542986,458,S2_panic_selling_defi,indonesia,USDC
591,0.7676424759118181,19391024.47770441,458,S2_panic_selling_defi,indonesia,USDC
592,0.7516263125622409,18906248.8657618,458,S2_panic_selling_defi,indonesia,USDC
593,0.7484242187281965,18433592.644117758,458,S2_panic_selling_defi,indonesia,USDC
594,0.7555169337422772,17972752.82801481,458,S2_panic_selling_defi,indonesia,USDC
595,0.759286444808095,17523434.00731444,458,S2_panic_selling_defi,indonesia,USDC
596,0.7490402543135043,17085348.15713158,458,S2_panic_selling_defi,indonesia,USDC
597,0.7769376120033771,16658214.45320329,458,S2_panic_selling_defi,indonesia,USDC
598,0.7878108652279108,16241759.091873208,458,S2_panic_selling_defi,indonesia,USDC
599,0.7845807249039648,15835715.114576377,458,S2_panic_selling_defi,indonesia,USDC
600,0.7882975240271999,15439822.236711968,458,S2_panic_selling_defi,indonesia,USDC
601,0.7866119904114796,15053826.680794168,458,S2_panic_selling_defi,indonesia,USDC
602,0.79227084164401,14677481.013774313,458,S2_panic_selling_defi,indonesia,USDC
603,0.7880203774232691,14310543.988429956,458,S2_panic_selling_defi,indonesia,USDC
604,0.8060891934849184,13952780.388719209,458,S2_panic_selling_defi,indonesia,USDC
605,0.8150989182895286,13603960.879001226,458,S2_panic_selling_defi,indonesia,USDC
606,0.8401295299193693,13263861.857026195,458,S2_panic_selling_defi,indonesia,USDC
607,0.8479225616815838,12932265.310600542,458,S2_panic_selling_defi,indonesia,USDC
608,0.8177257340534968,12608958.677835528,458,S2_panic_selling_defi,indonesia,USDC
609,0.8153092412310999,12293734.710889641,458,S2_panic_selling_defi,indonesia,USDC
610,0.7980955361009792,11986391.3431174,458,S2_panic_selling_defi,indonesia,USDC
611,0.7881418683579664,11686731.559539463,458,S2_panic_selling_defi,indonesia,USDC
612,0.7778611595862992,11394563.270550977,458,S2_panic_selling_defi,indonesia,USDC
613,0.7831372798725248,11109699.188787203,458,S2_panic_selling_defi,indonesia,USDC
614,0.7817023347917708,10831956.709067523,458,S2_panic_selling_defi,indonesia,USDC
615,0.7217069676921444,10561157.791340835,458,S2_panic_selling_defi,indonesia,USDC
616,0.7067777198390194,10297128.846557314,458,S2_panic_selling_defi,indonesia,USDC
617,0.7169294992150778,10039700.625393381,458,S2_panic_selling_defi,indonesia,USDC
618,0.7251645259826178,9788708.109758547,458,S2_panic_selling_defi,indonesia,USDC
619,0.7355308815598406,9543990.407014582,458,S2_panic_selling_defi,indonesia,USDC
620,0.7352000645282706,9305390.646839218,458,S2_panic_selling_defi,indonesia,USDC
621,0.7648876849653885,9072755.880668238,458,S2_panic_selling_defi,indonesia,USDC
622,0.7657079097318225,8845936.983651532,458,S2_panic_selling_defi,indonesia,USDC
623,0.775768098118707,8624788.559060244,458,S2_panic_selling_defi,indonesia,USDC
624,0.7657310306042718,8409168.845083738,458,S2_panic_selling_defi,indonesia,USDC
625,0.7778917381469579,8198939.623956645,458,S2_panic_selling_defi,indonesia,USDC
626,0.7577099913727414,7993966.13335773,458,S2_panic_selling_defi,indonesia,USDC
627,0.7537121466061844,7794116.980023786,458,S2_panic_selling_defi,indonesia,USDC
628,0.7617012254463387,7599264.055523191,458,S2_panic_selling_defi,indonesia,USDC
629,0.7850746186457948,7409282.4541351115,458,S2_panic_selling_defi,indonesia,USDC
630,0.768727321276844,7224050.3927817345,458,S2_panic_selling_defi,indonesia,USDC
631,0.7795569982682443,7043449.1329621915,458,S2_panic_selling_defi,indonesia,USDC
632,0.6656053051712844,6867362.904638136,458,S2_panic_selling_defi,indonesia,USDC
633,0.6688475477589455,6695678.832022183,458,S2_panic_selling_defi,indonesia,USDC
634,0.7066054936238586,6528286.861221628,458,S2_panic_selling_defi,indonesia,USDC
635,0.7182171888698459,6365079.689691087,458,S2_panic_selling_defi,indonesia,USDC
636,0.704312895446801,6205952.69744881,458,S2_panic_selling_defi,indonesia,USDC
637,0.6116939195533689,6050803.8800125895,458,S2_panic_selling_defi,indonesia,USDC
638,0.6588803189404923,5899533.783012275,458,S2_panic_selling_defi,indonesia,USDC
639,0.676961785922168,5752045.438436968,458,S2_panic_selling_defi,indonesia,USDC
640,0.6927789869143662,5608244.302476044,458,S2_panic_selling_defi,indonesia,USDC
641,0.7157003995892129,5468038.1949141435,458,S2_panic_selling_defi,indonesia,USDC
642,0.7312371621007112,5331337.2400412895,458,S2_panic_selling_defi,indonesia,USDC
643,0.7598460506053469,5198053.809040258,458,S2_panic_selling_defi,indonesia,USDC
644,0.762547640540912,5068102.463814251,458,S2_panic_selling_defi,indonesia,USDC
645,0.7435165241617625,4941399.902218894,458,S2_panic_selling_defi,indonesia,USDC
646,0.7560200377298708,4817864.904663422,458,S2_panic_selling_defi,indonesia,USDC
647,0.7526682793677493,4697418.282046836,458,S2_panic_selling_defi,indonesia,USDC
648,0.7573569992160456,4579982.824995665,458,S2_panic_selling_defi,indonesia,USDC
649,0.7887590924846821,4465483.254370774,458,S2_panic_selling_defi,indonesia,USDC
650,0.7858142742940826,4353846.173011504,458,S2_panic_selling_defi,indonesia,USDC
651,0.7892894333604709,4245000.018686217,458,S2_panic_selling_defi,indonesia,USDC
652,0.8062782655511276,4138875.018219061,458,S2_panic_selling_defi,indonesia,USDC
653,0.8081001569766305,4035403.142763585,458,S2_panic_selling_defi,indonesia,USDC
654,0.7999793449086336,3934518.064194495,458,S2_panic_selling_defi,indonesia,USDC
655,0.7882446490545808,3836155.1125896326,458,S2_panic_selling_defi,indonesia,USDC
656,0.8047394414767601,3740251.2347748913,458,S2_panic_selling_defi,indonesia,USDC
657,0.824355406948671,3646744.9539055196,458,S2_panic_selling_defi,indonesia,USDC
658,0.8366263587273305,3555576.3300578813,458,S2_panic_selling_defi,indonesia,USDC
659,0.8304948750452639,3466686.921806434,458,S2_panic_selling_defi,indonesia,USDC
660,0.852498664894695,3380019.7487612735,458,S2_panic_selling_defi,indonesia,USDC
661,0.8606744330395335,3295519.255042242,458,S2_panic_selling_defi,indonesia,USDC
662,0.8739364432338167,3213131.2736661853,458,S2_panic_selling_defi,indonesia,USDC
663,0.8924493731035089,3132802.991824531,458,S2_panic_selling_defi,indonesia,USDC
664,0.8785735143106587,3054482.9170289175,458,S2_panic_selling_defi,indonesia,USDC
665,0.8725933934260492,2978120.844103195,458,S2_panic_selling_defi,indonesia,USDC
666,0.8179418824795902,2903667.8230006145,458,S2_panic_selling_defi,indonesia,USDC
667,0.8070951677239598,2831076.1274255994,458,S2_panic_selling_defi,indonesia,USDC
668,0.8092957423521978,2760299.2242399594,458,S2_panic_selling_defi,indonesia,USDC
669,0.8226504790807666,2691291.7436339604,458,S2_panic_selling_defi,indonesia,USDC
670,0.8316014137956379,2624009.450043111,458,S2_panic_selling_defi,indonesia,USDC
671,0.847578370032465,2558409.2137920335,458,S2_panic_selling_defi,indonesia,USDC
672,0.7677189332582898,2494448.9834472327,458,S2_panic_selling_defi,indonesia,USDC
673,0.7642723368482964,2432087.758861052,458,S2_panic_selling_defi,indonesia,USDC
674,0.7491593929032346,2371285.5648895255,458,S2_panic_selling_defi,indonesia,USDC
675,0.7504042148399167,2312003.4257672876,458,S2_panic_selling_defi,indonesia,USDC
676,0.7577740590334359,2254203.340123105,458,S2_panic_selling_defi,indonesia,USDC
677,0.780221994610211,2197848.2566200276,458,S2_panic_selling_defi,indonesia,USDC
678,0.7720459056805831,2142902.0502045266,458,S2_panic_selling_defi,indonesia,USDC
679,0.7720787834787237,2089329.498949414,458,S2_panic_selling_defi,indonesia,USDC
680,0.7692732373060203,2037096.2614756785,458,S2_panic_selling_defi,indonesia,USDC
681,0.7816242168739376,1986168.8549387865,458,S2_panic_selling_defi,indonesia,USDC
682,0.757995331006798,1936514.633565317,458,S2_panic_selling_defi,indonesia,USDC
683,0.7811169774931099,1888101.7677261839,458,S2_panic_selling_defi,indonesia,USDC
684,0.7935003079386179,1840899.2235330292,458,S2_panic_selling_defi,indonesia,USDC
685,0.8028756339003408,1794876.7429447034,458,S2_panic_selling_defi,indonesia,USDC
686,0.7970529787397705,1750004.824371086,458,S2_panic_selling_defi,indonesia,USDC
687,0.8198577477068529,1706254.7037618088,458,S2_panic_selling_defi,indonesia,USDC
688,0.814971948296453,1663598.3361677637,458,S2_panic_selling_defi,indonesia,USDC
689,0.8322637932207864,1622008.3777635696,458,S2_panic_selling_defi,indonesia,USDC
690,0.8371612909966896,1581458.16831948,458,S2_panic_selling_defi,indonesia,USDC
691,0.8483994789210264,1541921.7141114932,458,S2_panic_selling_defi,indonesia,USDC
692,0.864372174606509,1503373.671258706,458,S2_panic_selling_defi,indonesia,USDC
693,0.8452521353983826,1465789.3294772382,458,S2_panic_selling_defi,indonesia,USDC
694,0.8374012268836651,1429144.5962403074,458,S2_panic_selling_defi,indonesia,USDC
695,0.8456236724009708,1393415.9813342998,458,S2_panic_selling_defi,indonesia,USDC
696,0.8604699343107444,1358580.581800942,458,S2_panic_selling_defi,indonesia,USDC
697,0.8693579505738657,1324616.0672559186,458,S2_panic_selling_defi,indonesia,USDC
698,0.8738588763332141,1291500.6655745208,458,S2_panic_selling_defi,indonesia,USDC
699,0.854177511981431,1259213.1489351578,458,S2_panic_selling_defi,indonesia,USDC
700,0.8614521934034319,1227732.8202117789,458,S2_panic_selling_defi,indonesia,USDC
701,0.8621677174401517,1197039.4997064844,458,S2_panic_selling_defi,indonesia,USDC
702,0.8579503026659235,1167113.512213822,458,S2_panic_selling_defi,indonesia,USDC
703,0.8566928348308692,1137935.6744084766,458,S2_panic_selling_defi,indonesia,USDC
704,0.8525705090118739,1109487.2825482646,458,S2_panic_selling_defi,indonesia,USDC
705,0.8362943155040579,1081750.1004845581,458,S2_panic_selling_defi,indonesia,USDC
706,0.8290148064756067,1054706.3479724443,458,S2_panic_selling_defi,indonesia,USDC
707,0.826415700945743,1028338.689273133,458,S2_panic_selling_defi,indonesia,USDC
708,0.7999727417921675,1002630.2220413047,458,S2_panic_selling_defi,indonesia,USDC
709,0.799283594865681,977564.466490272,458,S2_panic_selling_defi,indonesia,USDC
710,0.8024210477367454,953125.3548280152,458,S2_panic_selling_defi,indonesia,USDC
711,0.7963010866667122,929297.2209573148,458,S2_panic_selling_defi,indonesia,USDC
712,0.7843455515081411,906064.790433382,458,S2_panic_selling_defi,indonesia,USDC
713,0.8205421322510962,883413.1706725474,458,S2_panic_selling_defi,indonesia,USDC
714,0.8569151940004227,861327.8414057337,458,S2_panic_selling_defi,indonesia,USDC
715,0.821700163570858,839794.6453705904,458,S2_panic_selling_defi,indonesia,USDC
716,0.790163682983338,818799.7792363255,458,S2_panic_selling_defi,indonesia,USDC
717,0.8079373160092552,798329.7847554175,458,S2_panic_selling_defi,indonesia,USDC
718,0.810126673291965,778371.5401365322,458,S2_panic_selling_defi,indonesia,USDC
719,0.7866637040036234,758912.2516331187,458,S2_panic_selling_defi,indonesia,USDC
720,0.7913734459815874,739939.4453422908,458,S2_panic_selling_defi,indonesia,USDC
721,0.7995259899444048,721440.9592087335,458,S2_panic_selling_defi,indonesia,USDC
722,0.7835561373555834,703404.9352285152,458,S2_panic_selling_defi,indonesia,USDC
723,0.7639025839038518,685819.8118478024,458,S2_panic_selling_defi,indonesia,USDC
724,0.7624334766801245,668674.3165516072,458,S2_panic_selling_defi,indonesia,USDC
725,0.7614683773283927,651957.4586378171,458,S2_panic_selling_defi,indonesia,USDC
726,0.7821543408149023,635658.5221718716,458,S2_panic_selling_defi,indonesia,USDC
727,0.786485391602289,619767.0591175748,458,S2_panic_selling_defi,indonesia,USDC
728,0.7783735289294522,604272.8826396355,458,S2_panic_selling_defi,indonesia,USDC
729,0.7848731286492884,589166.0605736446,458,S2_panic_selling_defi,indonesia,USDC
730,0.7942042768658375,574436.9090593035,458,S2_panic_selling_defi,indonesia,USDC
731,0.7672044405853276,560075.986332821,458,S2_panic_selling_defi,indonesia,USDC
732,0.7729886827580913,546074.0866745004,458,S2_panic_selling_defi,indonesia,USDC
733,0.7909445003458189,532422.2345076378,458,S2_panic_selling_defi,indonesia,USDC
734,0.7900465775009997,519111.6786449469,458,S2_panic_selling_defi,indonesia,USDC
735,0.7819621309220125,506133.88667882327,458,S2_panic_selling_defi,indonesia,USDC
736,0.8077122005141567,493480.53951185266,458,S2_panic_selling_defi,indonesia,USDC
737,0.7978992199937709,481143.5260240563,458,S2_panic_selling_defi,indonesia,USDC
738,0.8037087295669338,469114.937873455,458,S2_panic_selling_defi,indonesia,USDC
739,0.8023468153944695,457387.06442661857,458,S2_panic_selling_defi,indonesia,USDC
740,0.8202390489317443,445952.3878159531,458,S2_panic_selling_defi,indonesia,USDC
741,0.8338519140906323,434803.5781205543,458,S2_panic_selling_defi,indonesia,USDC
742,0.803753706332292,423933.4886675405,458,S2_panic_selling_defi,indonesia,USDC
743,0.7934371860706108,413335.15145085193,458,S2_panic_selling_defi,indonesia,USDC
744,0.7957819365555143,403001.77266458067,458,S2_panic_selling_defi,indonesia,USDC
745,0.8163092828407049,392926.7283479661,458,S2_panic_selling_defi,indonesia,USDC
746,0.8266742788451431,383103.560139267,458,S2_panic_selling_defi,indonesia,USDC
747,0.8168995740725464,373525.97113578534,458,S2_panic_selling_defi,indonesia,USDC
748,0.8171595761053767,364187.8218573907,458,S2_panic_selling_defi,indonesia,USDC
749,0.8329654665305015,355083.12631095597,458,S2_panic_selling_defi,indonesia,USDC
750,0.8198521768577738,346206.048153182,458,S2_panic_selling_defi,indonesia,USDC
751,0.7992721477533279,337550.89694935246,458,S2_panic_selling_defi,indonesia,USDC
752,0.7809886127501234,329112.1245256186,458,S2_panic_selling_defi,indonesia,USDC
753,0.763122676534682,320884.3214124782,458,S2_panic_selling_defi,indonesia,USDC
754,0.7699208604958706,312862.2133771662,458,S2_panic_selling_defi,indonesia,USDC
755,0.7639706578789646,305040.65804273705,458,S2_panic_selling_defi,indonesia,USDC
756,0.748979888062174,297414.64159166865,458,S2_panic_selling_defi,indonesia,USDC
757,0.7379218553979219,289979.2755518769,458,S2_panic_selling_defi,indonesia,USDC
758,0.75109562328124,282729.79366308,458,S2_panic_selling_defi,indonesia,USDC
759,0.7432052865834549,275661.548821503,458,S2_panic_selling_defi,indonesia,USDC
760,0.7455901926040794,268770.01010096545,458,S2_panic_selling_defi,indonesia,USDC
761,0.763664239061886,262050.7598484413,458,S2_panic_selling_defi,indonesia,USDC
762,0.7679519698808865,255499.49085223026,458,S2_panic_selling_defi,indonesia,USDC
763,0.7837187784479858,249112.0035809245,458,S2_panic_selling_defi,indonesia,USDC
764,0.7889932717556616,242884.2034914014,458,S2_panic_selling_defi,indonesia,USDC
765,0.7751715835916339,236812.09840411638,458,S2_panic_selling_defi,indonesia,USDC
766,0.7785903491119494,230891.79594401346,458,S2_panic_selling_defi,indonesia,USDC
767,0.7930876442630135,225119.50104541308,458,S2_panic_selling_defi,indonesia,USDC
768,0.7940947215316851,219491.5135192778,458,S2_panic_selling_defi,indonesia,USDC
769,0.7918140161847727,214004.22568129582,458,S2_panic_selling_defi,indonesia,USDC
770,0.7941415979464371,208654.12003926345,458,S2_panic_selling_defi,indonesia,USDC
771,0.8098815751355387,203437.76703828183,458,S2_panic_selling_defi,indonesia,USDC
772,0.8044108669407282,198351.82286232477,458,S2_panic_selling_defi,indonesia,USDC
773,0.7966391203788964,193393.02729076668,458,S2_panic_selling_defi,indonesia,USDC
774,0.7805152078247073,188558.2016084975,458,S2_panic_selling_defi,indonesia,USDC
775,0.7628032278278254,183844.24656828507,458,S2_panic_selling_defi,indonesia,USDC
776,0.7663174680786469,179248.14040407795,458,S2_panic_selling_defi,indonesia,USDC
777,0.7747285082825195,174766.93689397597,458,S2_panic_selling_defi,indonesia,USDC
778,0.7018385482043156,170397.7634716266,458,S2_panic_selling_defi,indonesia,USDC
779,0.7356166883252159,166137.81938483592,458,S2_panic_selling_defi,indonesia,USDC
780,0.7479996858697362,161984.37390021503,458,S2_panic_selling_defi,indonesia,USDC
781,0.7338260047975727,157934.76455270965,458,S2_panic_selling_defi,indonesia,USDC
782,0.7285571359005389,153986.3954388919,458,S2_panic_selling_defi,indonesia,USDC
783,0.7283073173703438,150136.7355529196,458,S2_panic_selling_defi,indonesia,USDC
784,0.7163309280192203,146383.3171640966,458,S2_panic_selling_defi,indonesia,USDC
785,0.7232416110298645,142723.7342349942,458,S2_panic_selling_defi,indonesia,USDC
786,0.7503138508578375,139155.64087911934,458,S2_panic_selling_defi,indonesia,USDC
787,0.769431049445494,135676.74985714137,458,S2_panic_selling_defi,indonesia,USDC
788,0.7613588394186317,132284.83111071284,458,S2_panic_selling_defi,indonesia,USDC
789,0.7816080410965345,128977.71033294502,458,S2_panic_selling_defi,indonesia,USDC
790,0.7781257099578421,125753.2675746214,458,S2_panic_selling_defi,indonesia,USDC
791,0.8119781394865825,122609.43588525587,458,S2_panic_selling_defi,indonesia,USDC
792,0.7998048908039435,119544.19998812447,458,S2_panic_selling_defi,indonesia,USDC
793,0.82947861877115,116555.59498842136,458,S2_panic_selling_defi,indonesia,USDC
794,0.840103023052262,113641.70511371082,458,S2_panic_selling_defi,indonesia,USDC
795,0.8285126801305166,110800.66248586806,458,S2_panic_selling_defi,indonesia,USDC
796,0.84029967483508,108030.64592372134,458,S2_panic_selling_defi,indonesia,USDC
797,0.8409705447775944,105329.8797756283,458,S2_panic_selling_defi,indonesia,USDC
798,0.8501988111511779,102696.6327812376,458,S2_panic_selling_defi,indonesia,USDC
799,0.8530237838790167,100129.21696170667,458,S2_panic_selling_defi,indonesia,USDC
800,0.8814482592034697,97625.986537664,458,S2_panic_selling_defi,indonesia,USDC
801,0.8759473965170665,95185.3368742224,458,S2_panic_selling_defi,indonesia,USDC
802,0.8667807293294718,92805.70345236684,458,S2_panic_selling_defi,indonesia,USDC
803,0.8436376771990215,90485.56086605767,458,S2_panic_selling_defi,indonesia,USDC
804,0.8337223275682657,88223.42184440623,458,S2_panic_selling_defi,indonesia,USDC
805,0.8263387665595956,86017.83629829607,458,S2_panic_selling_defi,indonesia,USDC
806,0.8265933328087451,83867.39039083867,458,S2_panic_selling_defi,indonesia,USDC
807,0.8131971296444761,81770.7056310677,458,S2_panic_selling_defi,indonesia,USDC
808,0.8292996003903115,79726.437990291,458,S2_panic_selling_defi,indonesia,USDC
809,0.8399359777806106,77733.27704053374,458,S2_panic_selling_defi,indonesia,USDC
810,0.8180501345464142,75789.9451145204,458,S2_panic_selling_defi,indonesia,USDC
811,0.8534349400621231,73895.19648665738,458,S2_panic_selling_defi,indonesia,USDC
812,0.8515115711616325,72047.81657449093,458,S2_panic_selling_defi,indonesia,USDC
813,0.8270448210902288,70246.62116012868,458,S2_panic_selling_defi,indonesia,USDC
814,0.8114322012703095,68490.45563112546,458,S2_panic_selling_defi,indonesia,USDC
815,0.8297906857248917,66778.19424034731,458,S2_panic_selling_defi,indonesia,USDC
816,0.8284776051532229,65108.73938433863,458,S2_panic_selling_defi,indonesia,USDC
817,0.8283229234425872,63481.02089973017,458,S2_panic_selling_defi,indonesia,USDC
818,0.8296419331190854,61893.99537723691,458,S2_panic_selling_defi,indonesia,USDC
819,0.8219696640812081,60346.64549280599,458,S2_panic_selling_defi,indonesia,USDC
820,0.8306462511700125,58837.97935548583,458,S2_panic_selling_defi,indonesia,USDC
821,0.8127928681537803,57367.029871598694,458,S2_panic_selling_defi,indonesia,USDC
822,0.7958594505217046,55932.85412480873,458,S2_panic_selling_defi,indonesia,USDC
823,0.8162520495547466,54534.53277168851,458,S2_panic_selling_defi,indonesia,USDC
824,0.8282448945707132,53171.169452396294,458,S2_panic_selling_defi,indonesia,USDC
825,0.8026818945287557,51841.890216086395,458,S2_panic_selling_defi,indonesia,USDC
826,0.7846355213743303,50545.842960684226,458,S2_panic_selling_defi,indonesia,USDC
827,0.8014715772749416,49282.19688666712,458,S2_panic_selling_defi,indonesia,USDC
828,0.7886746818222975,48050.14196450045,458,S2_panic_selling_defi,indonesia,USDC
829,0.6792298885523442,46848.88841538793,458,S2_panic_selling_defi,indonesia,USDC
830,0.7092988238402255,45677.66620500323,458,S2_panic_selling_defi,indonesia,USDC
831,0.7420656450383302,44535.724549878156,458,S2_panic_selling_defi,indonesia,USDC
832,0.7431458658352738,43422.3314361312,458,S2_panic_selling_defi,indonesia,USDC
833,0.7477085642507325,42336.77315022792,458,S2_panic_selling_defi,indonesia,USDC
834,0.756967792284102,41278.35382147222,458,S2_panic_selling_defi,indonesia,USDC
835,0.7770859737871895,40246.394975935415,458,S2_panic_selling_defi,indonesia,USDC
836,0.7841268873074743,39240.23510153703,458,S2_panic_selling_defi,indonesia,USDC
837,0.7646812404717742,38259.229223998605,458,S2_panic_selling_defi,indonesia,USDC
838,0.7845283445020911,37302.74849339864,458,S2_panic_selling_defi,indonesia,USDC
839,0.784625780791909,36370.17978106367,458,S2_panic_selling_defi,indonesia,USDC
840,0.7762028382765629,35460.92528653708,458,S2_panic_selling_defi,indonesia,USDC
841,0.7810696942899129,34574.40215437366,458,S2_panic_selling_defi,indonesia,USDC
842,0.7812429956856641,33710.042100514314,458,S2_panic_selling_defi,indonesia,USDC
843,0.7529914634736473,32867.291048001454,458,S2_panic_selling_defi,indonesia,USDC
844,0.752691828394407,32045.60877180142,458,S2_panic_selling_defi,indonesia,USDC
845,0.7598308925136488,31244.468552506387,458,S2_panic_selling_defi,indonesia,USDC
846,0.7483420574385656,30463.356838693726,458,S2_panic_selling_defi,indonesia,USDC
847,0.7573068147993399,29701.772917726375,458,S2_panic_selling_defi,indonesia,USDC
848,0.7668364664568701,28959.22859478322,458,S2_panic_selling_defi,indonesia,USDC
849,0.7578910026362778,28235.247879913637,458,S2_panic_selling_defi,indonesia,USDC
850,0.7475675144154108,27529.3666829158,458,S2_panic_selling_defi,indonesia,USDC
851,0.7419632634059358,26841.132515842906,458,S2_panic_selling_defi,indonesia,USDC
852,0.7641512492082889,26170.10420294683,458,S2_panic_selling_defi,indonesia,USDC
853,0.7763048666063304,25515.85159787316,458,S2_panic_selling_defi,indonesia,USDC
854,0.7713797206069195,24877.955307926335,458,S2_panic_selling_defi,indonesia,USDC
855,0.7664497354130689,24256.006425228174,458,S2_panic_selling_defi,indonesia,USDC
856,0.783716447955368,23649.60626459747,458,S2_panic_selling_defi,indonesia,USDC
857,0.7773476058662551,23058.366107982536,458,S2_panic_selling_defi,indonesia,USDC
858,0.7793782182153535,22481.90695528297,458,S2_panic_selling_defi,indonesia,USDC
859,0.771671271611105,21919.859281400895,458,S2_panic_selling_defi,indonesia,USDC
860,0.7729107159545322,21371.862799365874,458,S2_panic_selling_defi,indonesia,USDC
861,0.7654884898517926,20837.566229381726,458,S2_panic_selling_defi,indonesia,USDC
862,0.7733936854549748,20316.62707364718,458,S2_panic_selling_defi,indonesia,USDC
863,0.7769020480257075,19808.711396806004,458,S2_panic_selling_defi,indonesia,USDC
864,0.8022138078885656,19313.493611885853,458,S2_panic_selling_defi,indonesia,USDC
865,0.7921179134157432,18830.656271588705,458,S2_panic_selling_defi,indonesia,USDC
866,0.7916531298379287,18359.889864798988,458,S2_panic_selling_defi,indonesia,USDC
867,0.7673736414263157,17900.892618179016,458,S2_panic_selling_defi,indonesia,USDC
868,0.7620378098923892,17453.370302724543,458,S2_panic_selling_defi,indonesia,USDC
869,0.7570815996683574,17017.036045156427,458,S2_panic_selling_defi,indonesia,USDC
870,0.7852163742221187,16591.610144027516,458,S2_panic_selling_defi,indonesia,USDC
871,0.7783461078761333,16176.819890426828,458,S2_panic_selling_defi,indonesia,USDC
872,0.7723685006834646,15772.399393166159,458,S2_panic_selling_defi,indonesia,USDC
873,0.7667872106940786,15378.089408337004,458,S2_panic_selling_defi,indonesia,USDC
874,0.7742388754486759,14993.63717312858,458,S2_panic_selling_defi,indonesia,USDC
875,0.7732228921411918,14618.796243800363,458,S2_panic_selling_defi,indonesia,USDC
876,0.7781873263873652,14253.326337705354,458,S2_panic_selling_defi,indonesia,USDC
877,0.8060298984690646,13896.993179262721,458,S2_panic_selling_defi,indonesia,USDC
878,0.7918273458700243,13549.568349781151,458,S2_panic_selling_defi,indonesia,USDC
879,0.788107860050589,13210.829141036624,458,S2_panic_selling_defi,indonesia,USDC
880,0.7867277069982911,12880.558412510707,458,S2_panic_selling_defi,indonesia,USDC
881,0.7916527292873031,12558.544452197939,458,S2_panic_selling_defi,indonesia,USDC
882,0.7684681030859073,12244.580840892992,458,S2_panic_selling_defi,indonesia,USDC
883,0.7571246299346239,11938.466319870666,458,S2_panic_selling_defi,indonesia,USDC
884,0.7508663339047872,11640.0046618739,458,S2_panic_selling_defi,indonesia,USDC
885,0.7329836262314978,11349.004545327052,458,S2_panic_selling_defi,indonesia,USDC
886,0.7413627652501075,11065.279431693874,458,S2_panic_selling_defi,indonesia,USDC
887,0.7261993805611482,10788.647445901528,458,S2_panic_selling_defi,indonesia,USDC
888,0.7366193956428011,10518.93125975399,458,S2_panic_selling_defi,indonesia,USDC
889,0.7511986520431764,10255.95797826014,458,S2_panic_selling_defi,indonesia,USDC
890,0.7637006310460281,9999.559028803636,458,S2_panic_selling_defi,indonesia,USDC
891,0.7670971471820928,9749.570053083544,458,S2_panic_selling_defi,indonesia,USDC
892,0.7644994568561027,9505.830801756456,458,S2_panic_selling_defi,indonesia,USDC
893,0.7544247081891952,9268.185031712545,458,S2_panic_selling_defi,indonesia,USDC
894,0.7337555142777376,9036.48040591973,458,S2_panic_selling_defi,indonesia,USDC
895,0.7396384769995784,8810.568395771737,458,S2_panic_selling_defi,indonesia,USDC
896,0.7680033638808624,8590.304185877445,458,S2_panic_selling_defi,indonesia,USDC
897,0.780116252861718,8375.546581230508,458,S2_panic_selling_defi,indonesia,USDC
898,0.781568650366775,8166.157916699745,458,S2_panic_selling_defi,indonesia,USDC
899,0.7913199160434908,7962.003968782252,458,S2_panic_selling_defi,indonesia,USDC
900,0.8158976761975837,7762.953869562696,458,S2_panic_selling_defi,indonesia,USDC
901,0.8035482523338379,7568.880022823628,458,S2_panic_selling_defi,indonesia,USDC
902,0.8327244538206917,7379.658022253037,458,S2_panic_selling_defi,indonesia,USDC
903,0.7995751442204562,7195.166571696711,458,S2_panic_selling_defi,indonesia,USDC
904,0.8056648750884283,7015.287407404294,458,S2_panic_selling_defi,indonesia,USDC
905,0.7945445489057928,6839.905222219186,458,S2_panic_selling_defi,indonesia,USDC
906,0.7856144252148485,6668.907591663707,458,S2_panic_selling_defi,indonesia,USDC
907,0.7995119673999326,6502.184901872113,458,S2_panic_selling_defi,indonesia,USDC
908,0.777693993787764,6339.630279325311,458,S2_panic_selling_defi,indonesia,USDC
909,0.7762088785505633,6181.139522342178,458,S2_panic_selling_defi,indonesia,USDC
910,0.7618105615303175,6026.611034283624,458,S2_panic_selling_defi,indonesia,USDC
911,0.7769019788506816,5875.945758426533,458,S2_panic_selling_defi,indonesia,USDC
912,0.7878918068998173,5729.0471144658695,458,S2_panic_selling_defi,indonesia,USDC
913,0.7624530772443225,5585.820936604223,458,S2_panic_selling_defi,indonesia,USDC
914,0.7788911215165893,5446.1754131891175,458,S2_panic_selling_defi,indonesia,USDC
915,0.774503437836969,5310.0210278593895,458,S2_panic_selling_defi,indonesia,USDC
916,0.7653876282737014,5177.270502162904,458,S2_panic_selling_defi,indonesia,USDC
917,0.7704748197379322,5047.838739608832,458,S2_panic_selling_defi,indonesia,USDC
918,0.8004190487351927,4921.642771118611,458,S2_panic_selling_defi,indonesia,USDC
919,0.7572586743920051,4798.601701840646,458,S2_panic_selling_defi,indonesia,USDC
920,0.7582982640202903,4678.63665929463,458,S2_panic_selling_defi,indonesia,USDC
921,0.7779473421511214,4561.670742812264,458,S2_panic_selling_defi,indonesia,USDC
922,0.7720787235787043,4447.628974241958,458,S2_panic_selling_defi,indonesia,USDC
923,0.7692708227193762,4336.438249885909,458,S2_panic_selling_defi,indonesia,USDC
924,0.777465816056912,4228.027293638761,458,S2_panic_selling_defi,indonesia,USDC
925,0.7807020595889335,4122.326611297791,458,S2_panic_selling_defi,indonesia,USDC
926,0.777746929085856,4019.268446015347,458,S2_panic_selling_defi,indonesia,USDC
927,0.7766337731224561,3918.786734864963,458,S2_panic_selling_defi,indonesia,USDC
928,0.7665457807038788,3820.8170664933386,458,S2_panic_selling_defi,indonesia,USDC
929,0.781320792947679,3725.2966398310055,458,S2_panic_selling_defi,indonesia,USDC
930,0.7887593548888155,3632.1642238352297,458,S2_panic_selling_defi,indonesia,USDC
931,0.782084070848212,3541.3601182393495,458,S2_panic_selling_defi,indonesia,USDC
932,0.7562454182267409,3452.8261152833657,458,S2_panic_selling_defi,indonesia,USDC
933,0.7681069856165482,3366.505462401281,458,S2_panic_selling_defi,indonesia,USDC
934,0.7662560913660503,3282.3428258412487,458,S2_panic_selling_defi,indonesia,USDC
935,0.7583458308415323,3200.284255195218,458,S2_panic_selling_defi,indonesia,USDC
936,0.7759777569383223,3120.2771488153376,458,S2_panic_selling_defi,indonesia,USDC
937,0.8022202601089796,3042.2702200949543,458,S2_panic_selling_defi,indonesia,USDC
938,0.7894460781809898,2966.2134645925803,458,S2_panic_selling_defi,indonesia,USDC
939,0.8057321705851546,2892.0581279777657,458,S2_panic_selling_defi,indonesia,USDC
940,0.8177101835487166,2819.7566747783217,458,S2_panic_selling_defi,indonesia,USDC
941,0.8019603837101852,2749.2627579088635,458,S2_panic_selling_defi,indonesia,USDC
942,0.8027905567014922,2680.531188961142,458,S2_panic_selling_defi,indonesia,USDC
943,0.8081610486583978,2613.5179092371136,458,S2_panic_selling_defi,indonesia,USDC
944,0.7958380394885394,2548.1799615061855,458,S2_panic_selling_defi,indonesia,USDC
945,0.801304675634192,2484.475462468531,458,S2_panic_selling_defi,indonesia,USDC
946,0.7851612495183472,2422.3635759068175,458,S2_panic_selling_defi,indonesia,USDC
947,0.7744996233227072,2361.804486509147,458,S2_panic_selling_defi,indonesia,USDC
948,0.7936656927527291,2302.7593743464186,458,S2_panic_selling_defi,indonesia,USDC
949,0.7897440286260407,2245.190389987758,458,S2_panic_selling_defi,indonesia,USDC
950,0.7922715056285031,2189.0606302380643,458,S2_panic_selling_defi,indonesia,USDC
951,0.7842178276343681,2134.3341144821125,458,S2_panic_selling_defi,indonesia,USDC
952,0.7979407993748663,2080.97576162006,458,S2_panic_selling_defi,indonesia,USDC
953,0.8073943973615779,2028.9513675795583,458,S2_panic_selling_defi,indonesia,USDC
954,0.8032040245028943,1978.2275833900694,458,S2_panic_selling_defi,indonesia,USDC
955,0.7787635206623741,1928.7718938053176,458,S2_panic_selling_defi,indonesia,USDC
956,0.7752409916777006,1880.5525964601848,458,S2_panic_selling_defi,indonesia,USDC
957,0.7806669255930746,1833.5387815486802,458,S2_panic_selling_defi,indonesia,USDC
958,0.7684475436233108,1787.7003120099632,458,S2_panic_selling_defi,indonesia,USDC
959,0.7639768273539503,1743.007804209714,458,S2_panic_selling_defi,indonesia,USDC
960,0.7694533902506504,1699.4326091044713,458,S2_panic_selling_defi,indonesia,USDC
961,0.7546782755516337,1656.9467938768596,458,S2_panic_selling_defi,indonesia,USDC
962,0.7649289321378286,1615.5231240299383,458,S2_panic_selling_defi,indonesia,USDC
963,0.7551939388694641,1575.1350459291898,458,S2_panic_selling_defi,indonesia,USDC
964,0.7716110237851677,1535.7566697809602,458,S2_panic_selling_defi,indonesia,USDC
965,0.7996641784463295,1497.362753036436,458,S2_panic_selling_defi,indonesia,USDC
966,0.788523602283592,1459.9286842105253,458,S2_panic_selling_defi,indonesia,USDC
967,0.8174421431687917,1423.430467105262,458,S2_panic_selling_defi,indonesia,USDC
968,0.8490013149409542,1387.8447054276305,458,S2_panic_selling_defi,indonesia,USDC
969,0.8498322168814679,1353.14858779194,458,S2_panic_selling_defi,indonesia,USDC
970,0.8464531648646431,1319.3198730971412,458,S2_panic_selling_defi,indonesia,USDC
971,0.8760587432303262,1286.3368762697128,458,S2_panic_selling_defi,indonesia,USDC
972,0.8723140855797732,1254.1784543629701,458,S2_panic_selling_defi,indonesia,USDC
973,0.8696696779546527,1222.8239930038958,458,S2_panic_selling_defi,indonesia,USDC
974,0.8506188298038074,1192.2533931787984,458,S2_panic_selling_defi,indonesia,USDC
975,0.8255567810801542,1162.4470583493285,458,S2_panic_selling_defi,indonesia,USDC
976,0.8154103900497861,1133.385881890595,458,S2_panic_selling_defi,indonesia,USDC
977,0.8312569380030834,1105.0512348433303,458,S2_panic_selling_defi,indonesia,USDC
978,0.8368176948946769,1077.4249539722468,458,S2_panic_selling_defi,indonesia,USDC
979,0.8325027381269392,1050.4893301229408,458,S2_panic_selling_defi,indonesia,USDC
980,0.8220797453576725,1024.2270968698672,458,S2_panic_selling_defi,indonesia,USDC
981,0.8099591395121991,998.6214194481207,458,S2_panic_selling_defi,indonesia,USDC
982,0.8006411736799681,973.6558839619177,458,S2_panic_selling_defi,indonesia,USDC
983,0.7762847647470756,949.3144868628696,458,S2_panic_selling_defi,indonesia,USDC
984,0.7620564470097474,925.581624691298,458,S2_panic_selling_defi,indonesia,USDC
985,0.792397075204692,902.4420840740154,458,S2_panic_selling_defi,indonesia,USDC
986,0.806174481657164,879.8810319721651,458,S2_panic_selling_defi,indonesia,USDC
987,0.8149353738184317,857.884006172861,458,S2_panic_selling_defi,indonesia,USDC
988,0.8123547894483732,836.4369060185394,458,S2_panic_selling_defi,indonesia,USDC
989,0.8157661448807355,815.5259833680759,458,S2_panic_selling_defi,indonesia,USDC
990,0.825363943301439,795.137833783874,458,S2_panic_selling_defi,indonesia,USDC
991,0.823051863998078,775.2593879392771,458,S2_panic_selling_defi,indonesia,USDC
992,0.8134708401772657,755.8779032407953,458,S2_panic_selling_defi,indonesia,USDC
993,0.8222672853348864,736.9809556597753,458,S2_panic_selling_defi,indonesia,USDC
994,0.8119774891935365,718.556431768281,458,S2_panic_selling_defi,indonesia,USDC
995,0.7958717836259469,700.592520974074,458,S2_panic_selling_defi,indonesia,USDC
996,0.8055206779253727,683.077707949722,458,S2_panic_selling_defi,indonesia,USDC
997,0.8066957073794596,666.0007652509789,458,S2_panic_selling_defi,indonesia,USDC
998,0.8128041990255584,649.3507461197046,458,S2_panic_selling_defi,indonesia,USDC
999,0.7977560205653779,633.1169774667119,458,S2_panic_selling_defi,indonesia,USDC
1000,0.7886222584969701,617.2890530300442,458,S2_panic_selling_defi,indonesia,USDC
