Step,price,liquidity,iteration,scenario,region,coin
1,1.037902781957022,2989270476462.135,3,S2_panic_selling_defi,indonesia,USDC
2,1.0093705520847105,2989270476462.135,3,S2_panic_selling_defi,indonesia,USDC
3,1.0106267542095844,2989270476462.135,3,S2_panic_selling_defi,indonesia,USDC
4,1.0105430033951706,2989270476462.135,3,S2_panic_selling_defi,indonesia,USDC
5,1.0271705773508695,2989270476462.135,3,S2_panic_selling_defi,indonesia,USDC
6,1.0291876589757731,2989270476462.135,3,S2_panic_selling_defi,indonesia,USDC
7,1.039617240374739,2989270476462.135,3,S2_panic_selling_defi,indonesia,USDC
8,1.0247715426960422,2989270476462.135,3,S2_panic_selling_defi,indonesia,USDC
9,1.0184908637990062,2989270476462.135,3,S2_panic_selling_defi,indonesia,USDC
10,1.0199228897953232,2989270476462.135,3,S2_panic_selling_defi,indonesia,USDC
11,1.001789653787256,2989270476462.135,3,S2_panic_selling_defi,indonesia,USDC
12,0.9993638455649445,2989270476462.135,3,S2_panic_selling_defi,indonesia,USDC
13,1.0111142865771012,2989270476462.135,3,S2_panic_selling_defi,indonesia,USDC
14,1.0014460906277096,2989270476462.135,3,S2_panic_selling_defi,indonesia,USDC
15,0.9938056097053963,2989270476462.135,3,S2_panic_selling_defi,indonesia,USDC
16,0.983734561236813,2989270476462.135,3,S2_panic_selling_defi,indonesia,USDC
17,1.0143443055714678,2989270476462.135,3,S2_panic_selling_defi,indonesia,USDC
18,1.0510467422045173,2989270476462.135,3,S2_panic_selling_defi,indonesia,USDC
19,1.0297987157976694,2989270476462.135,3,S2_panic_selling_defi,indonesia,USDC
20,1.0347576718377314,2989270476462.135,3,S2_panic_selling_defi,indonesia,USDC
21,1.0329270523607659,2989270476462.135,3,S2_panic_selling_defi,indonesia,USDC
22,0.9860815663777204,2989270476462.135,3,S2_panic_selling_defi,indonesia,USDC
23,0.9723339200166015,2989270476462.135,3,S2_panic_selling_defi,indonesia,USDC
24,0.9780730385693833,2989270476462.135,3,S2_panic_selling_defi,indonesia,USDC
25,0.9545266716990969,2989270476462.135,3,S2_panic_selling_defi,indonesia,USDC
26,0.935468640562051,2988339194728.1533,3,S2_panic_selling_defi,indonesia,USDC
27,0.9296512348667193,2986254845863.618,3,S2_panic_selling_defi,indonesia,USDC
28,0.90039694367815,2983924570221.991,3,S2_panic_selling_defi,indonesia,USDC
29,0.8911117081985197,2980002825926.953,3,S2_panic_selling_defi,indonesia,USDC
30,0.8725724214614988,2975966864767.7544,3,S2_panic_selling_defi,indonesia,USDC
31,0.880349008418509,2971344753120.5073,3,S2_panic_selling_defi,indonesia,USDC
32,0.9331359674947832,2967548092688.5273,3,S2_panic_selling_defi,indonesia,USDC
33,0.9557563242340829,2966093384143.381,3,S2_panic_selling_defi,indonesia,USDC
34,0.9530830143658705,2965574416054.356,3,S2_panic_selling_defi,indonesia,USDC
35,0.9753660169897447,2964941268400.187,3,S2_panic_selling_defi,indonesia,USDC
36,0.9814537923549194,2964941268400.187,3,S2_panic_selling_defi,indonesia,USDC
37,0.979176670325903,2964941268400.187,3,S2_panic_selling_defi,indonesia,USDC
38,0.9698474462885326,2964941268400.187,3,S2_panic_selling_defi,indonesia,USDC
39,0.9886037711187876,2964941268400.187,3,S2_panic_selling_defi,indonesia,USDC
40,0.952414009641257,2964941268400.187,3,S2_panic_selling_defi,indonesia,USDC
41,0.9634981775527983,2964294560974.2993,3,S2_panic_selling_defi,indonesia,USDC
42,0.9935722602187123,2964069083302.668,3,S2_panic_selling_defi,indonesia,USDC
43,0.9897342191073499,2964069083302.668,3,S2_panic_selling_defi,indonesia,USDC
44,1.0126027335259034,2964069083302.668,3,S2_panic_selling_defi,indonesia,USDC
45,0.9857492393530537,2964069083302.668,3,S2_panic_selling_defi,indonesia,USDC
46,1.0130239562903334,2964069083302.668,3,S2_panic_selling_defi,indonesia,USDC
47,0.9774077042838928,2964069083302.668,3,S2_panic_selling_defi,indonesia,USDC
48,0.9911251035839699,2964069083302.668,3,S2_panic_selling_defi,indonesia,USDC
49,0.9852075524700499,2964069083302.668,3,S2_panic_selling_defi,indonesia,USDC
50,1.0024954897925953,2964069083302.668,3,S2_panic_selling_defi,indonesia,USDC
51,1.003638429974741,2964069083302.668,3,S2_panic_selling_defi,indonesia,USDC
52,0.9895168596390149,2964069083302.668,3,S2_panic_selling_defi,indonesia,USDC
53,0.9819640152182332,2964069083302.668,3,S2_panic_selling_defi,indonesia,USDC
54,0.946354674888978,2964069083302.668,3,S2_panic_selling_defi,indonesia,USDC
55,0.9354398667982063,2963220810754.0547,3,S2_panic_selling_defi,indonesia,USDC
56,0.9284313281960652,2962011194181.504,3,S2_panic_selling_defi,indonesia,USDC
57,0.9370683433582069,2960608113615.0073,3,S2_panic_selling_defi,indonesia,USDC
58,0.9174421890262456,2959592169939.452,3,S2_panic_selling_defi,indonesia,USDC
59,0.9097280588218539,2957991146920.983,3,S2_panic_selling_defi,indonesia,USDC
60,0.9318263904241068,2956206558714.2896,3,S2_panic_selling_defi,indonesia,USDC
61,0.9178393036231193,2955163174118.752,3,S2_panic_selling_defi,indonesia,USDC
62,0.889052834716698,2953770822427.1587,3,S2_panic_selling_defi,indonesia,USDC
63,0.9018699479908053,2951752880891.2554,3,S2_panic_selling_defi,indonesia,USDC
64,0.9215321424412906,2950173780496.3604,3,S2_panic_selling_defi,indonesia,USDC
65,0.9090736396705937,2949164953267.423,3,S2_panic_selling_defi,indonesia,USDC
66,0.9027774962920452,2947976559460.7227,3,S2_panic_selling_defi,indonesia,USDC
67,0.9278531090725731,2946680198910.4814,3,S2_panic_selling_defi,indonesia,USDC
68,0.917803608998223,2945923739453.67,3,S2_panic_selling_defi,indonesia,USDC
69,0.8983353124692939,2945027615508.761,3,S2_panic_selling_defi,indonesia,USDC
70,0.8960846461916683,2943927540639.9023,3,S2_panic_selling_defi,indonesia,USDC
71,0.9039827324539067,2942853433965.0674,3,S2_panic_selling_defi,indonesia,USDC
72,0.9204017052356039,2941967350123.5947,3,S2_panic_selling_defi,indonesia,USDC
73,0.9237942914853712,2941333643484.9688,3,S2_panic_selling_defi,indonesia,USDC
74,0.9347608809559325,2940788497059.8643,3,S2_panic_selling_defi,indonesia,USDC
75,0.9410436141051542,2940382557645.145,3,S2_panic_selling_defi,indonesia,USDC
76,0.9217863693602403,2940050840417.485,3,S2_panic_selling_defi,indonesia,USDC
77,0.9331714645473559,2939543982714.5586,3,S2_panic_selling_defi,indonesia,USDC
78,0.9389357519708011,2939189312590.435,3,S2_panic_selling_defi,indonesia,USDC
79,0.9350400387015274,2938902882825.3057,3,S2_panic_selling_defi,indonesia,USDC
80,0.9474148524581298,2938577202365.155,3,S2_panic_selling_defi,indonesia,USDC
81,0.969246975468007,2938368936540.296,3,S2_panic_selling_defi,indonesia,USDC
82,0.965427231173287,2938368936540.296,3,S2_panic_selling_defi,indonesia,USDC
83,0.9523199625535218,2938342259007.545,3,S2_panic_selling_defi,indonesia,USDC
84,0.949229161345412,2938199205081.2197,3,S2_panic_selling_defi,indonesia,USDC
85,0.9499205650186126,2938008012110.5625,3,S2_panic_selling_defi,indonesia,USDC
86,0.9811611634728484,2937834648846.2783,3,S2_panic_selling_defi,indonesia,USDC
87,0.9928184157337034,2937834648846.2783,3,S2_panic_selling_defi,indonesia,USDC
88,0.9822094411885701,2937834648846.2783,3,S2_panic_selling_defi,indonesia,USDC
89,1.0048546989861513,2937834648846.2783,3,S2_panic_selling_defi,indonesia,USDC
90,0.9828144214392895,2937834648846.2783,3,S2_panic_selling_defi,indonesia,USDC
91,0.8378059923825575,2937834648846.2783,3,S2_panic_selling_defi,indonesia,USDC
92,0.8638309297305758,2936715228384.123,3,S2_panic_selling_defi,indonesia,USDC
93,0.8515554657375783,2935900380559.4385,3,S2_panic_selling_defi,indonesia,USDC
94,0.892999628684358,2935124741119.7163,3,S2_panic_selling_defi,indonesia,USDC
95,0.8997319882718949,2934681443275.23,3,S2_panic_selling_defi,indonesia,USDC
96,0.877519240876128,2934289466079.8867,3,S2_panic_selling_defi,indonesia,USDC
97,0.9104518874822346,2933810950647.016,3,S2_panic_selling_defi,indonesia,USDC
98,0.9545337003669782,2933539228742.2915,3,S2_panic_selling_defi,indonesia,USDC
99,0.9883741226634162,2933481169378.052,3,S2_panic_selling_defi,indonesia,USDC
100,0.9907369561633297,2933481169378.052,3,S2_panic_selling_defi,indonesia,USDC
101,0.9845296737498368,2933481169378.052,3,S2_panic_selling_defi,indonesia,USDC
102,0.9719081126246668,2933481169378.052,3,S2_panic_selling_defi,indonesia,USDC
103,0.9627863994857427,2933481169378.052,3,S2_panic_selling_defi,indonesia,USDC
104,0.974768731918939,2933452558293.1836,3,S2_panic_selling_defi,indonesia,USDC
105,0.9722904694838614,2933452558293.1836,3,S2_panic_selling_defi,indonesia,USDC
106,0.9712465408672047,2933452558293.1836,3,S2_panic_selling_defi,indonesia,USDC
107,0.9652034234149846,2933452558293.1836,3,S2_panic_selling_defi,indonesia,USDC
108,1.0038580663683834,2933431878215.052,3,S2_panic_selling_defi,indonesia,USDC
109,1.0449671408910495,2933431878215.052,3,S2_panic_selling_defi,indonesia,USDC
110,1.035461086871896,2933431878215.052,3,S2_panic_selling_defi,indonesia,USDC
111,1.0224361668110578,2933431878215.052,3,S2_panic_selling_defi,indonesia,USDC
112,1.005438302674575,2933431878215.052,3,S2_panic_selling_defi,indonesia,USDC
113,0.9818458244210332,2933431878215.052,3,S2_panic_selling_defi,indonesia,USDC
114,0.967580519759965,2933431878215.052,3,S2_panic_selling_defi,indonesia,USDC
115,0.965667158715218,2933428452539.571,3,S2_panic_selling_defi,indonesia,USDC
116,0.9679035157283223,2933412344816.599,3,S2_panic_selling_defi,indonesia,USDC
117,1.0209518169213125,2933405691414.9077,3,S2_panic_selling_defi,indonesia,USDC
118,1.0388932175891223,2933405691414.9077,3,S2_panic_selling_defi,indonesia,USDC
119,1.0384701163944074,2933405691414.9077,3,S2_panic_selling_defi,indonesia,USDC
120,1.0360187391946007,2933405691414.9077,3,S2_panic_selling_defi,indonesia,USDC
121,0.9675496775712383,2860070549129.5347,3,S2_panic_selling_defi,indonesia,USDC
122,0.9251002460360017,2788563083360.7075,3,S2_panic_selling_defi,indonesia,USDC
123,0.9007372507010778,2718678187159.6055,3,S2_panic_selling_defi,indonesia,USDC
124,0.8725781559907679,2650449178646.292,3,S2_panic_selling_defi,indonesia,USDC
125,0.8374459937440238,2583850661564.8394,3,S2_panic_selling_defi,indonesia,USDC
126,0.8353888576287799,2518836736711.607,3,S2_panic_selling_defi,indonesia,USDC
127,0.8340377970880334,2455480039334.8604,3,S2_panic_selling_defi,indonesia,USDC
128,0.8413455194315812,2393770254209.969,3,S2_panic_selling_defi,indonesia,USDC
129,0.8558606247067561,2333643521615.8945,3,S2_panic_selling_defi,indonesia,USDC
130,0.8656188387073329,2275094305478.2695,3,S2_panic_selling_defi,indonesia,USDC
131,0.8549811494286117,2218044367637.7744,3,S2_panic_selling_defi,indonesia,USDC
132,0.8695783495266335,2162430321589.3965,3,S2_panic_selling_defi,indonesia,USDC
133,0.8625590077852795,2108243366107.884,3,S2_panic_selling_defi,indonesia,USDC
134,0.8675486446885485,2055412395024.628,3,S2_panic_selling_defi,indonesia,USDC
135,0.8610280944990555,2003923101550.204,3,S2_panic_selling_defi,indonesia,USDC
136,0.8507115270968412,1953718460588.522,3,S2_panic_selling_defi,indonesia,USDC
137,0.8143262495253656,1904774124496.9946,3,S2_panic_selling_defi,indonesia,USDC
138,0.8192015959370098,1857035909952.0488,3,S2_panic_selling_defi,indonesia,USDC
139,0.8065555722293194,1810517192097.1455,3,S2_panic_selling_defi,indonesia,USDC
140,0.8101038031619909,1765168694890.8884,3,S2_panic_selling_defi,indonesia,USDC
141,0.8212156701609842,1720970731022.0557,3,S2_panic_selling_defi,indonesia,USDC
142,0.8300348972181414,1677891274247.4321,3,S2_panic_selling_defi,indonesia,USDC
143,0.8299280831337263,1635900697884.6973,3,S2_panic_selling_defi,indonesia,USDC
144,0.816205803449889,1594963304021.3955,3,S2_panic_selling_defi,indonesia,USDC
145,0.8372814591593231,1555052519438.944,3,S2_panic_selling_defi,indonesia,USDC
146,0.8348167763916593,1516150575012.698,3,S2_panic_selling_defi,indonesia,USDC
147,0.8177096765474536,1478224051333.373,3,S2_panic_selling_defi,indonesia,USDC
148,0.794156041108531,1441245658588.8203,3,S2_panic_selling_defi,indonesia,USDC
149,0.7855601966356107,1405192138783.1738,3,S2_panic_selling_defi,indonesia,USDC
150,0.778308025186571,1370042178933.2769,3,S2_panic_selling_defi,indonesia,USDC
151,0.7656669419582864,1335775139884.2473,3,S2_panic_selling_defi,indonesia,USDC
152,0.7920500231301981,1302366601348.2424,3,S2_panic_selling_defi,indonesia,USDC
153,0.7832211081448233,1269797217068.3743,3,S2_panic_selling_defi,indonesia,USDC
154,0.7744474436960946,1238043528144.457,3,S2_panic_selling_defi,indonesia,USDC
155,0.7795081593167055,1207085179372.5938,3,S2_panic_selling_defi,indonesia,USDC
156,0.8116989110333548,1176902485828.836,3,S2_panic_selling_defi,indonesia,USDC
157,0.8018906748348419,1147476022877.615,3,S2_panic_selling_defi,indonesia,USDC
158,0.8263334314059759,1118785655851.7847,3,S2_panic_selling_defi,indonesia,USDC
159,0.8107134300090258,1090813713453.9963,3,S2_panic_selling_defi,indonesia,USDC
160,0.79387581811352,1063541078569.7849,3,S2_panic_selling_defi,indonesia,USDC
161,0.7736458666595852,1036950468176.78,3,S2_panic_selling_defi,indonesia,USDC
162,0.72822167749273,1011024787787.7058,3,S2_panic_selling_defi,indonesia,USDC
163,0.7438260876538068,985747263583.3538,3,S2_panic_selling_defi,indonesia,USDC
164,0.7393365355919864,961102174701.8662,3,S2_panic_selling_defi,indonesia,USDC
165,0.7262077820353109,937073581943.85,3,S2_panic_selling_defi,indonesia,USDC
166,0.7550378571943043,913645874125.1997,3,S2_panic_selling_defi,indonesia,USDC
167,0.7648338489407155,890804124148.1812,3,S2_panic_selling_defi,indonesia,USDC
168,0.7754031057106179,868533590295.535,3,S2_panic_selling_defi,indonesia,USDC
169,0.7897775327595021,846819911964.2368,3,S2_panic_selling_defi,indonesia,USDC
170,0.8168246827341438,825649163506.7001,3,S2_panic_selling_defi,indonesia,USDC
171,0.8187948600222109,805007760960.6809,3,S2_panic_selling_defi,indonesia,USDC
172,0.8074949181150001,784882431388.1454,3,S2_panic_selling_defi,indonesia,USDC
173,0.795377037646095,765260238348.1387,3,S2_panic_selling_defi,indonesia,USDC
174,0.8291557241491051,746128618594.2806,3,S2_panic_selling_defi,indonesia,USDC
175,0.818341109926343,727475327359.0208,3,S2_panic_selling_defi,indonesia,USDC
176,0.822942391725095,709288375442.1398,3,S2_panic_selling_defi,indonesia,USDC
177,0.82736392107138,691556108041.4868,3,S2_panic_selling_defi,indonesia,USDC
178,0.8336327439724234,674267156194.1943,3,S2_panic_selling_defi,indonesia,USDC
179,0.8425014687018388,657410437919.3282,3,S2_panic_selling_defi,indonesia,USDC
180,0.836590319142437,640975145850.3265,3,S2_panic_selling_defi,indonesia,USDC
181,0.8562161553221721,624950738020.0442,3,S2_panic_selling_defi,indonesia,USDC
182,0.8621776797786326,609326948000.0115,3,S2_panic_selling_defi,indonesia,USDC
183,0.8317641512477132,594093756561.2449,3,S2_panic_selling_defi,indonesia,USDC
184,0.858791850506068,579241391335.0994,3,S2_panic_selling_defi,indonesia,USDC
185,0.8238842271609369,564760341799.9387,3,S2_panic_selling_defi,indonesia,USDC
186,0.7925590349208107,550641316738.6914,3,S2_panic_selling_defi,indonesia,USDC
187,0.7702596441492747,536875266199.79504,3,S2_panic_selling_defi,indonesia,USDC
188,0.7646012217920598,523453368199.77325,3,S2_panic_selling_defi,indonesia,USDC
189,0.7379008720792988,510367020239.8927,3,S2_panic_selling_defi,indonesia,USDC
190,0.7271042917246868,497607832419.6798,3,S2_panic_selling_defi,indonesia,USDC
191,0.7536936582889875,485167626941.49304,3,S2_panic_selling_defi,indonesia,USDC
192,0.7425744234165654,473038429476.0783,3,S2_panic_selling_defi,indonesia,USDC
193,0.7400329338539614,461212463397.22144,3,S2_panic_selling_defi,indonesia,USDC
194,0.7480982356159959,449682147468.15796,3,S2_panic_selling_defi,indonesia,USDC
195,0.7529179235456924,438440090583.46075,3,S2_panic_selling_defi,indonesia,USDC
196,0.7206613594026586,427479085906.0392,3,S2_panic_selling_defi,indonesia,USDC
197,0.714332997509385,416792106727.744,3,S2_panic_selling_defi,indonesia,USDC
198,0.7130426699684347,406372302482.3628,3,S2_panic_selling_defi,indonesia,USDC
199,0.6983990914333161,396212993682.0261,3,S2_panic_selling_defi,indonesia,USDC
200,0.713029485083557,386307667890.04944,3,S2_panic_selling_defi,indonesia,USDC
201,0.7233432669973671,376649975549.34076,3,S2_panic_selling_defi,indonesia,USDC
202,0.7455323367672798,367233725688.4706,3,S2_panic_selling_defi,indonesia,USDC
203,0.7335273618283491,358052882215.5966,3,S2_panic_selling_defi,indonesia,USDC
204,0.7389376013625771,349101559890.9468,3,S2_panic_selling_defi,indonesia,USDC
205,0.7488633038778366,340374020689.5237,3,S2_panic_selling_defi,indonesia,USDC
206,0.741488086247899,331864670029.1136,3,S2_panic_selling_defi,indonesia,USDC
207,0.7347997431800501,323568053158.3114,3,S2_panic_selling_defi,indonesia,USDC
208,0.7292486502211646,315478851738.4758,3,S2_panic_selling_defi,indonesia,USDC
209,0.7618568088545415,307591880373.66895,3,S2_panic_selling_defi,indonesia,USDC
210,0.7391970846506765,299902083316.51794,3,S2_panic_selling_defi,indonesia,USDC
211,0.7389266138573798,292404531192.5119,3,S2_panic_selling_defi,indonesia,USDC
212,0.7405586483897008,285094417881.5698,3,S2_panic_selling_defi,indonesia,USDC
213,0.7695854284070313,277967057409.1337,3,S2_panic_selling_defi,indonesia,USDC
214,0.7901266801131512,271017880957.94238,3,S2_panic_selling_defi,indonesia,USDC
215,0.7947367035897644,264242433922.23624,3,S2_panic_selling_defi,indonesia,USDC
216,0.8050500896386741,257636373064.76904,3,S2_panic_selling_defi,indonesia,USDC
217,0.798369996112346,251195463730.66974,3,S2_panic_selling_defi,indonesia,USDC
218,0.801978627956059,244915577130.79248,3,S2_panic_selling_defi,indonesia,USDC
219,0.7905629876061544,238792687697.40814,3,S2_panic_selling_defi,indonesia,USDC
220,0.7759710240570962,232822870500.2307,3,S2_panic_selling_defi,indonesia,USDC
221,0.758625110335922,227002298733.78693,3,S2_panic_selling_defi,indonesia,USDC
222,0.7372673137238772,221327241261.8905,3,S2_panic_selling_defi,indonesia,USDC
223,0.7501035704217898,215794060227.30887,3,S2_panic_selling_defi,indonesia,USDC
224,0.7635908795686734,210399208719.27545,3,S2_panic_selling_defi,indonesia,USDC
225,0.7570150380650201,205139228499.654,3,S2_panic_selling_defi,indonesia,USDC
226,0.7628324548726951,200010747785.76202,3,S2_panic_selling_defi,indonesia,USDC
227,0.7819369420899293,195010479090.0961,3,S2_panic_selling_defi,indonesia,USDC
228,0.7735598217743749,190135217112.09067,3,S2_panic_selling_defi,indonesia,USDC
229,0.7642654522645472,185381836683.63968,3,S2_panic_selling_defi,indonesia,USDC
230,0.7481231770415587,180747290766.03787,3,S2_panic_selling_defi,indonesia,USDC
231,0.7293010025693525,176228608496.44598,3,S2_panic_selling_defi,indonesia,USDC
232,0.7475267757181984,171822893283.6371,3,S2_panic_selling_defi,indonesia,USDC
233,0.7506319193538745,167527320951.28043,3,S2_panic_selling_defi,indonesia,USDC
234,0.7738077043673115,163339137927.2936,3,S2_panic_selling_defi,indonesia,USDC
235,0.7732968048921454,159255659478.9658,3,S2_panic_selling_defi,indonesia,USDC
236,0.7742552564481642,155274267991.8722,3,S2_panic_selling_defi,indonesia,USDC
237,0.7498215517614211,151392411291.9843,3,S2_panic_selling_defi,indonesia,USDC
238,0.7581130860657541,147607601009.60367,3,S2_panic_selling_defi,indonesia,USDC
239,0.7585056730967789,143917410984.29858,3,S2_panic_selling_defi,indonesia,USDC
240,0.7675470066455606,140319475709.6424,3,S2_panic_selling_defi,indonesia,USDC
241,0.7777113966999578,136811488816.86295,3,S2_panic_selling_defi,indonesia,USDC
242,0.7963849659111443,133391201596.41316,3,S2_panic_selling_defi,indonesia,USDC
243,0.7926517122158518,130056421556.4831,3,S2_panic_selling_defi,indonesia,USDC
244,0.7837537753229369,126805011017.55316,3,S2_panic_selling_defi,indonesia,USDC
245,0.765984046338602,123634885742.09906,3,S2_panic_selling_defi,indonesia,USDC
246,0.7673610450683772,120544013598.5338,3,S2_panic_selling_defi,indonesia,USDC
247,0.7902203158698421,117530413258.55988,3,S2_panic_selling_defi,indonesia,USDC
248,0.8078588490567981,114592152927.08873,3,S2_panic_selling_defi,indonesia,USDC
249,0.8149787967803783,111727349103.90619,3,S2_panic_selling_defi,indonesia,USDC
250,0.8087604077324825,108934165376.30405,3,S2_panic_selling_defi,indonesia,USDC
251,0.7806154743650842,106210811241.89255,3,S2_panic_selling_defi,indonesia,USDC
252,0.7684597487007934,103555540960.84131,3,S2_panic_selling_defi,indonesia,USDC
253,0.7657322332270147,100966652436.81702,3,S2_panic_selling_defi,indonesia,USDC
254,0.7625892497815554,98442486125.89401,3,S2_panic_selling_defi,indonesia,USDC
255,0.7849102847610879,95981423972.74445,3,S2_panic_selling_defi,indonesia,USDC
256,0.7749217216249608,93581888373.42433,3,S2_panic_selling_defi,indonesia,USDC
257,0.7912440443571297,91242341164.08737,3,S2_panic_selling_defi,indonesia,USDC
258,0.7830176284449228,88961282634.98422,3,S2_panic_selling_defi,indonesia,USDC
259,0.7883921662510764,86737250569.10878,3,S2_panic_selling_defi,indonesia,USDC
260,0.787716934535453,84568819304.88042,3,S2_panic_selling_defi,indonesia,USDC
261,0.8109763146454119,82454598822.25787,3,S2_panic_selling_defi,indonesia,USDC
262,0.8073567202389477,80393233851.70103,3,S2_panic_selling_defi,indonesia,USDC
263,0.8235576561607126,78383403005.40819,3,S2_panic_selling_defi,indonesia,USDC
264,0.8300363651453224,76423817930.27274,3,S2_panic_selling_defi,indonesia,USDC
265,0.8517136475164572,74513222482.01573,3,S2_panic_selling_defi,indonesia,USDC
266,0.838116120154558,72650391919.9652,3,S2_panic_selling_defi,indonesia,USDC
267,0.8369311963914231,70834132121.96593,3,S2_panic_selling_defi,indonesia,USDC
268,0.8452017726997495,69063278818.91666,3,S2_panic_selling_defi,indonesia,USDC
269,0.838012127838177,67336696848.443634,3,S2_panic_selling_defi,indonesia,USDC
270,0.7981807621079734,65653279427.23245,3,S2_panic_selling_defi,indonesia,USDC
271,0.8108913258509405,64011947441.55153,3,S2_panic_selling_defi,indonesia,USDC
272,0.8166059030869568,62411648755.512665,3,S2_panic_selling_defi,indonesia,USDC
273,0.8064055985381121,60851357536.62478,3,S2_panic_selling_defi,indonesia,USDC
274,0.8074788520754198,59330073598.20909,3,S2_panic_selling_defi,indonesia,USDC
275,0.7833924979662906,57846821758.25382,3,S2_panic_selling_defi,indonesia,USDC
276,0.7778669585312731,56400651214.297424,3,S2_panic_selling_defi,indonesia,USDC
277,0.7844815173317122,54990634933.93996,3,S2_panic_selling_defi,indonesia,USDC
278,0.7702526702942418,53615869060.59142,3,S2_panic_selling_defi,indonesia,USDC
279,0.7733335547410906,52275472334.076614,3,S2_panic_selling_defi,indonesia,USDC
280,0.7789865359385101,50968585525.72468,3,S2_panic_selling_defi,indonesia,USDC
281,0.6636712676913383,49694370887.58154,3,S2_panic_selling_defi,indonesia,USDC
282,0.6920293555068904,48452011615.39198,3,S2_panic_selling_defi,indonesia,USDC
283,0.6773601338613171,47240711325.00717,3,S2_panic_selling_defi,indonesia,USDC
284,0.6888932046985003,46059693541.88198,3,S2_panic_selling_defi,indonesia,USDC
285,0.7167875344493062,44908201203.33493,3,S2_panic_selling_defi,indonesia,USDC
286,0.7082430979772818,43785496173.25155,3,S2_panic_selling_defi,indonesia,USDC
287,0.698700442431327,42690858768.92025,3,S2_panic_selling_defi,indonesia,USDC
288,0.7068771170557938,41623587299.69724,3,S2_panic_selling_defi,indonesia,USDC
289,0.725935329312807,40582997617.20482,3,S2_panic_selling_defi,indonesia,USDC
290,0.7384709571299114,39568422676.7747,3,S2_panic_selling_defi,indonesia,USDC
291,0.7233743917947147,38579212109.85533,3,S2_panic_selling_defi,indonesia,USDC
292,0.7230934907593377,37614731807.10895,3,S2_panic_selling_defi,indonesia,USDC
293,0.7247728248818446,36674363511.93122,3,S2_panic_selling_defi,indonesia,USDC
294,0.7329517516200867,35757504424.13294,3,S2_panic_selling_defi,indonesia,USDC
295,0.7529374071210113,34863566813.52962,3,S2_panic_selling_defi,indonesia,USDC
296,0.742172956656406,33991977643.19138,3,S2_panic_selling_defi,indonesia,USDC
297,0.7479599968730736,33142178202.111595,3,S2_panic_selling_defi,indonesia,USDC
298,0.7411701804526138,32313623747.058804,3,S2_panic_selling_defi,indonesia,USDC
299,0.7563853716098948,31505783153.38233,3,S2_panic_selling_defi,indonesia,USDC
300,0.7733789017579431,30718138574.547775,3,S2_panic_selling_defi,indonesia,USDC
301,0.7923471434187603,29950185110.18408,3,S2_panic_selling_defi,indonesia,USDC
302,0.7760540799655383,29201430482.42948,3,S2_panic_selling_defi,indonesia,USDC
303,0.7820212392330436,28471394720.368744,3,S2_panic_selling_defi,indonesia,USDC
304,0.7629594727874353,27759609852.359528,3,S2_panic_selling_defi,indonesia,USDC
305,0.7779822777108575,27065619606.050537,3,S2_panic_selling_defi,indonesia,USDC
306,0.7700515036261499,26388979115.89927,3,S2_panic_selling_defi,indonesia,USDC
307,0.7597459181953167,25729254638.001793,3,S2_panic_selling_defi,indonesia,USDC
308,0.7756674760896183,25086023272.051746,3,S2_panic_selling_defi,indonesia,USDC
309,0.791638844150822,24458872690.250454,3,S2_panic_selling_defi,indonesia,USDC
310,0.7745967205264037,23847400872.994194,3,S2_panic_selling_defi,indonesia,USDC
311,0.7613066867697932,23251215851.16934,3,S2_panic_selling_defi,indonesia,USDC
312,0.7634399283355398,22669935454.890102,3,S2_panic_selling_defi,indonesia,USDC
313,0.7787881434567998,22103187068.517853,3,S2_panic_selling_defi,indonesia,USDC
314,0.7732439781573917,21550607391.804905,3,S2_panic_selling_defi,indonesia,USDC
315,0.78128959868892,21011842207.00978,3,S2_panic_selling_defi,indonesia,USDC
316,0.795964330135041,20486546151.834538,3,S2_panic_selling_defi,indonesia,USDC
317,0.7340253019549801,19974382498.038673,3,S2_panic_selling_defi,indonesia,USDC
318,0.7113368708545169,19475022935.587708,3,S2_panic_selling_defi,indonesia,USDC
319,0.72260226640437,18988147362.198013,3,S2_panic_selling_defi,indonesia,USDC
320,0.7135948384140778,18513443678.143063,3,S2_panic_selling_defi,indonesia,USDC
321,0.7440249757646995,18050607586.189487,3,S2_panic_selling_defi,indonesia,USDC
322,0.7498296966882603,17599342396.53475,3,S2_panic_selling_defi,indonesia,USDC
323,0.7689123449834062,17159358836.621382,3,S2_panic_selling_defi,indonesia,USDC
324,0.8145445000705938,16730374865.705845,3,S2_panic_selling_defi,indonesia,USDC
325,0.8020522453085128,16312115494.0632,3,S2_panic_selling_defi,indonesia,USDC
326,0.808818683861931,15904312606.71162,3,S2_panic_selling_defi,indonesia,USDC
327,0.8249323297145971,15506704791.54383,3,S2_panic_selling_defi,indonesia,USDC
328,0.8240197778809782,15119037171.755234,3,S2_panic_selling_defi,indonesia,USDC
329,0.8217821994407933,14741061242.461353,3,S2_panic_selling_defi,indonesia,USDC
330,0.8273411561613949,14372534711.39982,3,S2_panic_selling_defi,indonesia,USDC
331,0.8133176828087981,14013221343.614826,3,S2_panic_selling_defi,indonesia,USDC
332,0.8176503246182781,13662890810.024452,3,S2_panic_selling_defi,indonesia,USDC
333,0.8080534408582517,13321318539.773842,3,S2_panic_selling_defi,indonesia,USDC
334,0.8268537619189924,12988285576.279497,3,S2_panic_selling_defi,indonesia,USDC
335,0.7992318267031272,12663578436.87251,3,S2_panic_selling_defi,indonesia,USDC
336,0.7836884632855855,12346988975.950697,3,S2_panic_selling_defi,indonesia,USDC
337,0.8157512826054706,12038314251.55193,3,S2_panic_selling_defi,indonesia,USDC
338,0.8090885179768862,11737356395.26313,3,S2_panic_selling_defi,indonesia,USDC
339,0.8059179602977278,11443922485.381554,3,S2_panic_selling_defi,indonesia,USDC
340,0.7957408491835191,11157824423.247015,3,S2_panic_selling_defi,indonesia,USDC
341,0.768590846757665,10878878812.66584,3,S2_panic_selling_defi,indonesia,USDC
342,0.8133965340024341,10606906842.349194,3,S2_panic_selling_defi,indonesia,USDC
343,0.7927629265318861,10341734171.290464,3,S2_panic_selling_defi,indonesia,USDC
344,0.7773212037212316,10083190817.008202,3,S2_panic_selling_defi,indonesia,USDC
345,0.7759345517257872,9831111046.582998,3,S2_panic_selling_defi,indonesia,USDC
346,0.7841913931363622,9585333270.418423,3,S2_panic_selling_defi,indonesia,USDC
347,0.779088427393279,9345699938.657963,3,S2_panic_selling_defi,indonesia,USDC
348,0.7706141833218283,9112057440.191513,3,S2_panic_selling_defi,indonesia,USDC
349,0.799486442694443,8884256004.186726,3,S2_panic_selling_defi,indonesia,USDC
350,0.8008801887455482,8662149604.082058,3,S2_panic_selling_defi,indonesia,USDC
351,0.7808304255076226,8445595863.980005,3,S2_panic_selling_defi,indonesia,USDC
352,0.7707022464426659,8234455967.3805065,3,S2_panic_selling_defi,indonesia,USDC
353,0.774500627737302,8028594568.195992,3,S2_panic_selling_defi,indonesia,USDC
354,0.7570820914442254,7827879703.991092,3,S2_panic_selling_defi,indonesia,USDC
355,0.7557356393160877,7632182711.3913145,3,S2_panic_selling_defi,indonesia,USDC
356,0.7586780470368192,7441378143.606531,3,S2_panic_selling_defi,indonesia,USDC
357,0.7785400203710303,7255343690.016369,3,S2_panic_selling_defi,indonesia,USDC
358,0.7722926970152524,7073960097.765959,3,S2_panic_selling_defi,indonesia,USDC
359,0.7795449644304995,6897111095.32181,3,S2_panic_selling_defi,indonesia,USDC
360,0.7794015254413438,6724683317.938765,3,S2_panic_selling_defi,indonesia,USDC
361,0.7667110175679273,6556566234.990295,3,S2_panic_selling_defi,indonesia,USDC
362,0.7684644597224252,6392652079.115538,3,S2_panic_selling_defi,indonesia,USDC
363,0.7653815125413163,6232835777.13765,3,S2_panic_selling_defi,indonesia,USDC
364,0.7709428814449741,6077014882.7092085,3,S2_panic_selling_defi,indonesia,USDC
365,0.7765775974393401,5925089510.641479,3,S2_panic_selling_defi,indonesia,USDC
366,0.783509397755797,5776962272.875442,3,S2_panic_selling_defi,indonesia,USDC
367,0.7703500970827246,5632538216.0535555,3,S2_panic_selling_defi,indonesia,USDC
368,0.7672615211187184,5491724760.652216,3,S2_panic_selling_defi,indonesia,USDC
369,0.770630716768269,5354431641.63591,3,S2_panic_selling_defi,indonesia,USDC
370,0.7495272102579247,5220570850.595014,3,S2_panic_selling_defi,indonesia,USDC
371,0.762133697756994,5090056579.330137,3,S2_panic_selling_defi,indonesia,USDC
372,0.7563963670731727,4962805164.846885,3,S2_panic_selling_defi,indonesia,USDC
373,0.7590618724931617,4838735035.725712,3,S2_panic_selling_defi,indonesia,USDC
374,0.8035048151125496,4717766659.832569,3,S2_panic_selling_defi,indonesia,USDC
375,0.8303280756511318,4599822493.336755,3,S2_panic_selling_defi,indonesia,USDC
376,0.8199680373403913,4484826931.003336,3,S2_panic_selling_defi,indonesia,USDC
377,0.8020005116589954,4372706257.728252,3,S2_panic_selling_defi,indonesia,USDC
378,0.7892518651596311,4263388601.2850466,3,S2_panic_selling_defi,indonesia,USDC
379,0.8007179176894424,4156803886.25292,3,S2_panic_selling_defi,indonesia,USDC
380,0.7838045722845738,4052883789.0965977,3,S2_panic_selling_defi,indonesia,USDC
381,0.7912855632395422,3951561694.3691826,3,S2_panic_selling_defi,indonesia,USDC
382,0.7936011990011389,3852772652.0099525,3,S2_panic_selling_defi,indonesia,USDC
383,0.7934110676943076,3756453335.7097034,3,S2_panic_selling_defi,indonesia,USDC
384,0.7890261985534345,3662542002.3169613,3,S2_panic_selling_defi,indonesia,USDC
385,0.7725869605784222,3570978452.259037,3,S2_panic_selling_defi,indonesia,USDC
386,0.7622134065174833,3481703990.952561,3,S2_panic_selling_defi,indonesia,USDC
387,0.7584576221724735,3394661391.178747,3,S2_panic_selling_defi,indonesia,USDC
388,0.8057981068397487,3309794856.399278,3,S2_panic_selling_defi,indonesia,USDC
389,0.8041837337711313,3227049984.9892964,3,S2_panic_selling_defi,indonesia,USDC
390,0.8211890688749865,3146373735.364564,3,S2_panic_selling_defi,indonesia,USDC
391,0.8119887476757355,3067714391.9804497,3,S2_panic_selling_defi,indonesia,USDC
392,0.7940136082742216,2991021532.1809387,3,S2_panic_selling_defi,indonesia,USDC
393,0.79557040953038,2916245993.876415,3,S2_panic_selling_defi,indonesia,USDC
394,0.7758544672818334,2843339844.0295043,3,S2_panic_selling_defi,indonesia,USDC
395,0.7774769690747904,2772256347.9287667,3,S2_panic_selling_defi,indonesia,USDC
396,0.7801681279740956,2702949939.230548,3,S2_panic_selling_defi,indonesia,USDC
397,0.7944297191585549,2635376190.749784,3,S2_panic_selling_defi,indonesia,USDC
398,0.8012824394274065,2569491785.9810395,3,S2_panic_selling_defi,indonesia,USDC
399,0.8295022154405215,2505254491.3315134,3,S2_panic_selling_defi,indonesia,USDC
400,0.8278094648058831,2442623129.048226,3,S2_panic_selling_defi,indonesia,USDC
401,0.8276814684680517,2381557550.82202,3,S2_panic_selling_defi,indonesia,USDC
402,0.825476638684186,2322018612.05147,3,S2_panic_selling_defi,indonesia,USDC
403,0.8067995619410683,2263968146.750183,3,S2_panic_selling_defi,indonesia,USDC
404,0.7917222836074397,2207368943.0814285,3,S2_panic_selling_defi,indonesia,USDC
405,0.7821040537685853,2152184719.5043926,3,S2_panic_selling_defi,indonesia,USDC
406,0.7701026784151058,2098380101.5167828,3,S2_panic_selling_defi,indonesia,USDC
407,0.7532800198597207,2045920598.9788632,3,S2_panic_selling_defi,indonesia,USDC
408,0.7415276948070181,1994772584.004392,3,S2_panic_selling_defi,indonesia,USDC
409,0.7704030068968258,1944903269.404282,3,S2_panic_selling_defi,indonesia,USDC
410,0.7790474418168862,1896280687.6691751,3,S2_panic_selling_defi,indonesia,USDC
411,0.7857595365334622,1848873670.4774456,3,S2_panic_selling_defi,indonesia,USDC
412,0.7850792749523199,1802651828.7155094,3,S2_panic_selling_defi,indonesia,USDC
413,0.8126677352897799,1757585532.9976215,3,S2_panic_selling_defi,indonesia,USDC
414,0.8167369823499069,1713645894.6726813,3,S2_panic_selling_defi,indonesia,USDC
415,0.8005826021530524,1670804747.3058643,3,S2_panic_selling_defi,indonesia,USDC
416,0.7923932892223359,1629034628.6232176,3,S2_panic_selling_defi,indonesia,USDC
417,0.8040109156248862,1588308762.9076371,3,S2_panic_selling_defi,indonesia,USDC
418,0.790695066623512,1548601043.8349462,3,S2_panic_selling_defi,indonesia,USDC
419,0.7857768141631957,1509886017.7390726,3,S2_panic_selling_defi,indonesia,USDC
420,0.8162119000477931,1472138867.2955956,3,S2_panic_selling_defi,indonesia,USDC
421,0.7796452282128636,1435335395.613206,3,S2_panic_selling_defi,indonesia,USDC
422,0.7578842580289391,1399452010.7228756,3,S2_panic_selling_defi,indonesia,USDC
423,0.7741575518768125,1364465710.454804,3,S2_panic_selling_defi,indonesia,USDC
424,0.7982497491998944,1330354067.6934338,3,S2_panic_selling_defi,indonesia,USDC
425,0.781446059406767,1297095216.001098,3,S2_panic_selling_defi,indonesia,USDC
426,0.796351081642163,1264667835.6010704,3,S2_panic_selling_defi,indonesia,USDC
427,0.8051845253303449,1233051139.7110436,3,S2_panic_selling_defi,indonesia,USDC
428,0.8068819063037282,1202224861.2182674,3,S2_panic_selling_defi,indonesia,USDC
429,0.7937422562129077,1172169239.687811,3,S2_panic_selling_defi,indonesia,USDC
430,0.7691324606326128,1142865008.6956155,3,S2_panic_selling_defi,indonesia,USDC
431,0.7725012764577865,1114293383.4782252,3,S2_panic_selling_defi,indonesia,USDC
432,0.7796191764584594,1086436048.8912694,3,S2_panic_selling_defi,indonesia,USDC
433,0.7733114449657899,1059275147.6689878,3,S2_panic_selling_defi,indonesia,USDC
434,0.7614346977230158,1032793268.9772631,3,S2_panic_selling_defi,indonesia,USDC
435,0.7493982746171303,1006973437.2528315,3,S2_panic_selling_defi,indonesia,USDC
436,0.7563328994689661,981799101.3215107,3,S2_panic_selling_defi,indonesia,USDC
437,0.7515008208478301,957254123.788473,3,S2_panic_selling_defi,indonesia,USDC
438,0.7764874978870772,933322770.6937613,3,S2_panic_selling_defi,indonesia,USDC
439,0.7853360641249579,909989701.4264171,3,S2_panic_selling_defi,indonesia,USDC
440,0.7765171491288005,887239958.8907568,3,S2_panic_selling_defi,indonesia,USDC
441,0.7868061170833152,865058959.9184879,3,S2_panic_selling_defi,indonesia,USDC
442,0.7772103033154977,843432485.9205257,3,S2_panic_selling_defi,indonesia,USDC
443,0.7745518109254067,822346673.7725127,3,S2_panic_selling_defi,indonesia,USDC
444,0.7657906744755826,801788006.9281998,3,S2_panic_selling_defi,indonesia,USDC
445,0.7691011654347375,781743306.7549949,3,S2_panic_selling_defi,indonesia,USDC
446,0.7401012109781714,762199724.0861199,3,S2_panic_selling_defi,indonesia,USDC
447,0.756330429861763,743144730.983967,3,S2_panic_selling_defi,indonesia,USDC
448,0.7473496191958289,724566112.7093678,3,S2_panic_selling_defi,indonesia,USDC
449,0.7366656106340016,706451959.8916335,3,S2_panic_selling_defi,indonesia,USDC
450,0.7199906554714184,688790660.8943428,3,S2_panic_selling_defi,indonesia,USDC
451,0.7207063955116645,671570894.3719841,3,S2_panic_selling_defi,indonesia,USDC
452,0.7288764422774177,654781622.0126846,3,S2_panic_selling_defi,indonesia,USDC
453,0.7251701547751924,638412081.4623674,3,S2_panic_selling_defi,indonesia,USDC
454,0.7464299820017971,622451779.4258082,3,S2_panic_selling_defi,indonesia,USDC
455,0.7616349839504057,606890484.940163,3,S2_panic_selling_defi,indonesia,USDC
456,0.7703909161557055,591718222.816659,3,S2_panic_selling_defi,indonesia,USDC
457,0.7749670006075458,576925267.2462425,3,S2_panic_selling_defi,indonesia,USDC
458,0.7554872570025387,562502135.5650864,3,S2_panic_selling_defi,indonesia,USDC
459,0.7544257850931976,548439582.1759592,3,S2_panic_selling_defi,indonesia,USDC
460,0.7543796089291025,534728592.6215602,3,S2_panic_selling_defi,indonesia,USDC
461,0.7790510467829561,521360377.8060212,3,S2_panic_selling_defi,indonesia,USDC
462,0.7825569817218634,508326368.36087066,3,S2_panic_selling_defi,indonesia,USDC
463,0.776889947287053,495618209.1518489,3,S2_panic_selling_defi,indonesia,USDC
464,0.7543936169597815,483227753.9230527,3,S2_panic_selling_defi,indonesia,USDC
465,0.7624381480375895,471147060.07497644,3,S2_panic_selling_defi,indonesia,USDC
466,0.769197698424454,459368383.573102,3,S2_panic_selling_defi,indonesia,USDC
467,0.7514057997221631,447884173.9837744,3,S2_panic_selling_defi,indonesia,USDC
468,0.7561135231750025,436687069.63418007,3,S2_panic_selling_defi,indonesia,USDC
469,0.7798083967879609,425769892.89332557,3,S2_panic_selling_defi,indonesia,USDC
470,0.7473872752869792,415125645.57099247,3,S2_panic_selling_defi,indonesia,USDC
471,0.7824728610732865,404747504.43171763,3,S2_panic_selling_defi,indonesia,USDC
472,0.7874643790678486,394628816.8209247,3,S2_panic_selling_defi,indonesia,USDC
473,0.7808856257650039,384763096.4004016,3,S2_panic_selling_defi,indonesia,USDC
474,0.7916719280907658,375144018.99039155,3,S2_panic_selling_defi,indonesia,USDC
475,0.8103234953535798,365765418.51563174,3,S2_panic_selling_defi,indonesia,USDC
476,0.814313344380205,356621283.052741,3,S2_panic_selling_defi,indonesia,USDC
477,0.7981055203236451,347705750.9764224,3,S2_panic_selling_defi,indonesia,USDC
478,0.805098057088714,339013107.2020119,3,S2_panic_selling_defi,indonesia,USDC
479,0.8121027786499859,330537779.52196157,3,S2_panic_selling_defi,indonesia,USDC
480,0.8181279063829704,322274335.03391254,3,S2_panic_selling_defi,indonesia,USDC
481,0.7938565425298434,314217476.6580647,3,S2_panic_selling_defi,indonesia,USDC
482,0.7827258055265603,306362039.74161315,3,S2_panic_selling_defi,indonesia,USDC
483,0.7661684603406078,298702988.7480728,3,S2_panic_selling_defi,indonesia,USDC
484,0.7679400964867358,291235414.02937096,3,S2_panic_selling_defi,indonesia,USDC
485,0.7786930039994722,283954528.6786367,3,S2_panic_selling_defi,indonesia,USDC
486,0.7682335523554952,276855665.46167076,3,S2_panic_selling_defi,indonesia,USDC
487,0.7753381909398597,269934273.825129,3,S2_panic_selling_defi,indonesia,USDC
488,0.7766205203616987,263185916.97950074,3,S2_panic_selling_defi,indonesia,USDC
489,0.7530303132438931,256606269.05501324,3,S2_panic_selling_defi,indonesia,USDC
490,0.7420182837545112,250191112.3286379,3,S2_panic_selling_defi,indonesia,USDC
491,0.7624115327975132,243936334.52042195,3,S2_panic_selling_defi,indonesia,USDC
492,0.7579575732185386,237837926.1574114,3,S2_panic_selling_defi,indonesia,USDC
493,0.7507985349029932,231891978.0034761,3,S2_panic_selling_defi,indonesia,USDC
494,0.7595667120865575,226094678.5533892,3,S2_panic_selling_defi,indonesia,USDC
495,0.7518184838867709,220442311.58955446,3,S2_panic_selling_defi,indonesia,USDC
496,0.7677258854379593,214931253.7998156,3,S2_panic_selling_defi,indonesia,USDC
497,0.7727684694791713,209557972.45482022,3,S2_panic_selling_defi,indonesia,USDC
498,0.7589879106822984,204319023.14344972,3,S2_panic_selling_defi,indonesia,USDC
499,0.7612090900153061,199211047.56486344,3,S2_panic_selling_defi,indonesia,USDC
500,0.763892559850902,194230771.37574187,3,S2_panic_selling_defi,indonesia,USDC
501,0.7748191991306753,189375002.09134832,3,S2_panic_selling_defi,indonesia,USDC
502,0.7747537490406459,184640627.03906462,3,S2_panic_selling_defi,indonesia,USDC
503,0.7612993599792897,180024611.363088,3,S2_panic_selling_defi,indonesia,USDC
504,0.7652773278955379,175523996.07901078,3,S2_panic_selling_defi,indonesia,USDC
505,0.743561378299094,171135896.17703554,3,S2_panic_selling_defi,indonesia,USDC
506,0.7152337463370587,166857498.77260965,3,S2_panic_selling_defi,indonesia,USDC
507,0.7359276101519152,162686061.3032944,3,S2_panic_selling_defi,indonesia,USDC
508,0.7430241241145273,158618909.77071205,3,S2_panic_selling_defi,indonesia,USDC
509,0.7357149498298341,154653437.02644423,3,S2_panic_selling_defi,indonesia,USDC
510,0.7557493564055289,150787101.10078314,3,S2_panic_selling_defi,indonesia,USDC
511,0.7835217624087178,147017423.57326356,3,S2_panic_selling_defi,indonesia,USDC
512,0.7661011534844666,143341987.98393196,3,S2_panic_selling_defi,indonesia,USDC
513,0.7911660193526395,139758438.28433368,3,S2_panic_selling_defi,indonesia,USDC
514,0.7934215508362531,136264477.32722533,3,S2_panic_selling_defi,indonesia,USDC
515,0.8217596011684316,132857865.3940447,3,S2_panic_selling_defi,indonesia,USDC
516,0.820337097708018,129536418.75919358,3,S2_panic_selling_defi,indonesia,USDC
517,0.816898573023967,126298008.29021373,3,S2_panic_selling_defi,indonesia,USDC
518,0.802326632972688,123140558.0829584,3,S2_panic_selling_defi,indonesia,USDC
519,0.7802840904881406,120062044.13088444,3,S2_panic_selling_defi,indonesia,USDC
520,0.7571117422631566,117060493.02761231,3,S2_panic_selling_defi,indonesia,USDC
521,0.7652984598463073,114133980.70192203,3,S2_panic_selling_defi,indonesia,USDC
522,0.7759915826499705,111280631.18437396,3,S2_panic_selling_defi,indonesia,USDC
523,0.7827614073847474,108498615.40476462,3,S2_panic_selling_defi,indonesia,USDC
524,0.8044061249479181,105786150.01964551,3,S2_panic_selling_defi,indonesia,USDC
525,0.7977631008554964,103141496.26915437,3,S2_panic_selling_defi,indonesia,USDC
526,0.7957019098541245,100562958.8624255,3,S2_panic_selling_defi,indonesia,USDC
527,0.8005224837844281,98048884.89086488,3,S2_panic_selling_defi,indonesia,USDC
528,0.7939685702798258,95597662.76859325,3,S2_panic_selling_defi,indonesia,USDC
529,0.7695626292787052,93207721.19937842,3,S2_panic_selling_defi,indonesia,USDC
530,0.763326518300089,90877528.16939396,3,S2_panic_selling_defi,indonesia,USDC
531,0.7592166536729213,88605589.96515912,3,S2_panic_selling_defi,indonesia,USDC
532,0.7721564157354674,86390450.21603012,3,S2_panic_selling_defi,indonesia,USDC
533,0.7939865242511146,84230688.96062937,3,S2_panic_selling_defi,indonesia,USDC
534,0.7784383627098812,82124921.73661365,3,S2_panic_selling_defi,indonesia,USDC
535,0.7933882066522931,80071798.6931983,3,S2_panic_selling_defi,indonesia,USDC
536,0.8048151113084957,78070003.72586834,3,S2_panic_selling_defi,indonesia,USDC
537,0.7948651075932187,76118253.63272163,3,S2_panic_selling_defi,indonesia,USDC
538,0.7977303991161977,74215297.29190359,3,S2_panic_selling_defi,indonesia,USDC
539,0.7765338125276229,72359914.859606,3,S2_panic_selling_defi,indonesia,USDC
540,0.7778087163708776,70550916.98811585,3,S2_panic_selling_defi,indonesia,USDC
541,0.7852333200802243,68787144.06341295,3,S2_panic_selling_defi,indonesia,USDC
542,0.7574140225936178,67067465.46182762,3,S2_panic_selling_defi,indonesia,USDC
543,0.7662226013578387,65390778.82528193,3,S2_panic_selling_defi,indonesia,USDC
544,0.7546440150188943,63756009.35464989,3,S2_panic_selling_defi,indonesia,USDC
545,0.7814281823123532,62162109.12078364,3,S2_panic_selling_defi,indonesia,USDC
546,0.7846729997849626,60608056.39276405,3,S2_panic_selling_defi,indonesia,USDC
547,0.7802722216263699,59092854.98294495,3,S2_panic_selling_defi,indonesia,USDC
548,0.7706109546923968,57615533.608371325,3,S2_panic_selling_defi,indonesia,USDC
549,0.7885947772485556,56175145.26816204,3,S2_panic_selling_defi,indonesia,USDC
550,0.7972421657613405,54770766.63645798,3,S2_panic_selling_defi,indonesia,USDC
551,0.7953040018460972,53401497.47054653,3,S2_panic_selling_defi,indonesia,USDC
552,0.8106808215533878,52066460.03378287,3,S2_panic_selling_defi,indonesia,USDC
553,0.8192981126989929,50764798.5329383,3,S2_panic_selling_defi,indonesia,USDC
554,0.8044076620884614,49495678.56961484,3,S2_panic_selling_defi,indonesia,USDC
555,0.8135098733823641,48258286.60537447,3,S2_panic_selling_defi,indonesia,USDC
556,0.81344831392862,47051829.44024011,3,S2_panic_selling_defi,indonesia,USDC
557,0.801593522474734,45875533.70423411,3,S2_panic_selling_defi,indonesia,USDC
558,0.8016136442741869,44728645.36162826,3,S2_panic_selling_defi,indonesia,USDC
559,0.8069253858210963,43610429.22758755,3,S2_panic_selling_defi,indonesia,USDC
560,0.7987917755954794,42520168.49689786,3,S2_panic_selling_defi,indonesia,USDC
561,0.8071646955850864,41457164.28447541,3,S2_panic_selling_defi,indonesia,USDC
562,0.773476098933774,40420735.17736353,3,S2_panic_selling_defi,indonesia,USDC
563,0.7659149164375109,39410216.797929436,3,S2_panic_selling_defi,indonesia,USDC
564,0.771278432619799,38424961.3779812,3,S2_panic_selling_defi,indonesia,USDC
565,0.7740615147600849,37464337.34353167,3,S2_panic_selling_defi,indonesia,USDC
566,0.7888183686171384,36527728.90994338,3,S2_panic_selling_defi,indonesia,USDC
567,0.7872537238769697,35614535.687194794,3,S2_panic_selling_defi,indonesia,USDC
568,0.7779984063371663,34724172.295014925,3,S2_panic_selling_defi,indonesia,USDC
569,0.7815450965082745,33856067.987639554,3,S2_panic_selling_defi,indonesia,USDC
570,0.7927043477916138,33009666.287948564,3,S2_panic_selling_defi,indonesia,USDC
571,0.8211437936917901,32184424.630749844,3,S2_panic_selling_defi,indonesia,USDC
572,0.7929289148294635,31379814.014981102,3,S2_panic_selling_defi,indonesia,USDC
573,0.8144616154997898,30595318.66460657,3,S2_panic_selling_defi,indonesia,USDC
574,0.80906124192679,29830435.697991405,3,S2_panic_selling_defi,indonesia,USDC
575,0.7905018548162737,29084674.805541623,3,S2_panic_selling_defi,indonesia,USDC
576,0.8006939468632915,28357557.93540308,3,S2_panic_selling_defi,indonesia,USDC
577,0.8018002854132044,27648618.987018004,3,S2_panic_selling_defi,indonesia,USDC
578,0.794980565258508,26957403.512342557,3,S2_panic_selling_defi,indonesia,USDC
579,0.7921965361725324,26283468.424533993,3,S2_panic_selling_defi,indonesia,USDC
580,0.8048352365678243,25626381.71392064,3,S2_panic_selling_defi,indonesia,USDC
581,0.7748099838485084,24985722.171072625,3,S2_panic_selling_defi,indonesia,USDC
582,0.7737703032911648,24361079.116795808,3,S2_panic_selling_defi,indonesia,USDC
583,0.7613454181649818,23752052.138875917,3,S2_panic_selling_defi,indonesia,USDC
584,0.7736519572308627,23158250.835404016,3,S2_panic_selling_defi,indonesia,USDC
585,0.8008808103524103,22579294.564518917,3,S2_panic_selling_defi,indonesia,USDC
586,0.7869553390924985,22014812.200405944,3,S2_panic_selling_defi,indonesia,USDC
587,0.7892474938443692,21464441.895395793,3,S2_panic_selling_defi,indonesia,USDC
588,0.7811180461868926,20927830.8480109,3,S2_panic_selling_defi,indonesia,USDC
589,0.7957744056534896,20404635.07681063,3,S2_panic_selling_defi,indonesia,USDC
590,0.7968365279100659,19894519.19989036,3,S2_panic_selling_defi,indonesia,USDC
591,0.784585360824692,19397156.2198931,3,S2_panic_selling_defi,indonesia,USDC
592,0.8073482448437445,18912227.314395774,3,S2_panic_selling_defi,indonesia,USDC
593,0.8126602562187039,18439421.63153588,3,S2_panic_selling_defi,indonesia,USDC
594,0.8016068535906868,17978436.090747483,3,S2_panic_selling_defi,indonesia,USDC
595,0.7759546868716667,17528975.188478798,3,S2_panic_selling_defi,indonesia,USDC
596,0.7816567919152736,17090750.808766827,3,S2_panic_selling_defi,indonesia,USDC
597,0.8116371962858739,16663482.038547654,3,S2_panic_selling_defi,indonesia,USDC
598,0.8083624277969165,16246894.987583965,3,S2_panic_selling_defi,indonesia,USDC
599,0.817500593853479,15840722.612894364,3,S2_panic_selling_defi,indonesia,USDC
600,0.7988298184382192,15444704.547572006,3,S2_panic_selling_defi,indonesia,USDC
601,0.772125800476086,15058586.933882702,3,S2_panic_selling_defi,indonesia,USDC
602,0.7785587132130802,14682122.260535637,3,S2_panic_selling_defi,indonesia,USDC
603,0.8117332982234756,14315069.204022244,3,S2_panic_selling_defi,indonesia,USDC
604,0.8029219492063636,13957192.47392169,3,S2_panic_selling_defi,indonesia,USDC
605,0.8183556302239412,13608262.662073648,3,S2_panic_selling_defi,indonesia,USDC
606,0.8003258683757406,13268056.095521808,3,S2_panic_selling_defi,indonesia,USDC
607,0.7920127127502504,12936354.693133764,3,S2_panic_selling_defi,indonesia,USDC
608,0.7742455360546564,12612945.825805418,3,S2_panic_selling_defi,indonesia,USDC
609,0.7787800132237818,12297622.180160284,3,S2_panic_selling_defi,indonesia,USDC
610,0.7895705852482372,11990181.625656277,3,S2_panic_selling_defi,indonesia,USDC
611,0.7828872594526458,11690427.085014869,3,S2_panic_selling_defi,indonesia,USDC
612,0.7731558365137228,11398166.407889497,3,S2_panic_selling_defi,indonesia,USDC
613,0.783289014750198,11113212.247692259,3,S2_panic_selling_defi,indonesia,USDC
614,0.8061250697841491,10835381.941499954,3,S2_panic_selling_defi,indonesia,USDC
615,0.7991624936690628,10564497.392962456,3,S2_panic_selling_defi,indonesia,USDC
616,0.7960930532336776,10300384.958138393,3,S2_panic_selling_defi,indonesia,USDC
617,0.7719950061484762,10042875.334184933,3,S2_panic_selling_defi,indonesia,USDC
618,0.7774173385399237,9791803.450830309,3,S2_panic_selling_defi,indonesia,USDC
619,0.7752237917251822,9547008.364559552,3,S2_panic_selling_defi,indonesia,USDC
620,0.7824232754907511,9308333.15544556,3,S2_panic_selling_defi,indonesia,USDC
621,0.7838335774093302,9075624.826559424,3,S2_panic_selling_defi,indonesia,USDC
622,0.7820799954439716,8848734.205895439,3,S2_panic_selling_defi,indonesia,USDC
623,0.7927371775980395,8627515.850748053,3,S2_panic_selling_defi,indonesia,USDC
624,0.7967644087358493,8411827.954479352,3,S2_panic_selling_defi,indonesia,USDC
625,0.8015050141168601,8201532.255617367,3,S2_panic_selling_defi,indonesia,USDC
626,0.7666114088875519,7996493.9492269335,3,S2_panic_selling_defi,indonesia,USDC
627,0.7764042029313247,7796581.60049626,3,S2_panic_selling_defi,indonesia,USDC
628,0.7629106933669304,7601667.060483853,3,S2_panic_selling_defi,indonesia,USDC
629,0.7600528173577642,7411625.383971757,3,S2_panic_selling_defi,indonesia,USDC
630,0.7816066498405992,7226334.749372464,3,S2_panic_selling_defi,indonesia,USDC
631,0.8053011837688175,7045676.380638152,3,S2_panic_selling_defi,indonesia,USDC
632,0.7905649714433067,6869534.4711222,3,S2_panic_selling_defi,indonesia,USDC
633,0.8112528271030225,6697796.109344144,3,S2_panic_selling_defi,indonesia,USDC
634,0.7989911472125982,6530351.20661054,3,S2_panic_selling_defi,indonesia,USDC
635,0.8352482276831383,6367092.4264452765,3,S2_panic_selling_defi,indonesia,USDC
636,0.837816634257878,6207915.115784144,3,S2_panic_selling_defi,indonesia,USDC
637,0.8476033476771524,6052717.23788954,3,S2_panic_selling_defi,indonesia,USDC
638,0.8249522713865662,5901399.306942302,3,S2_panic_selling_defi,indonesia,USDC
639,0.8052660268909421,5753864.324268744,3,S2_panic_selling_defi,indonesia,USDC
640,0.7917206302670828,5610017.716162026,3,S2_panic_selling_defi,indonesia,USDC
641,0.8003326955399735,5469767.273257975,3,S2_panic_selling_defi,indonesia,USDC
642,0.8149313352626363,5333023.091426525,3,S2_panic_selling_defi,indonesia,USDC
643,0.8252397692066529,5199697.514140863,3,S2_panic_selling_defi,indonesia,USDC
644,0.8253981858576965,5069705.07628734,3,S2_panic_selling_defi,indonesia,USDC
645,0.8218783520760516,4942962.4493801575,3,S2_panic_selling_defi,indonesia,USDC
646,0.8002639268855745,4819388.3881456535,3,S2_panic_selling_defi,indonesia,USDC
647,0.8317591996533623,4698903.6784420125,3,S2_panic_selling_defi,indonesia,USDC
648,0.8289100693898304,4581431.086480962,3,S2_panic_selling_defi,indonesia,USDC
649,0.8327314287602026,4466895.309318938,3,S2_panic_selling_defi,indonesia,USDC
650,0.8273326506641299,4355222.926585964,3,S2_panic_selling_defi,indonesia,USDC
651,0.8561674475198778,4246342.353421316,3,S2_panic_selling_defi,indonesia,USDC
652,0.8875387096267476,4140183.794585782,3,S2_panic_selling_defi,indonesia,USDC
653,0.8694777784545856,4036679.199721138,3,S2_panic_selling_defi,indonesia,USDC
654,0.8587622518234405,3935762.2197281094,3,S2_panic_selling_defi,indonesia,USDC
655,0.8465867859786517,3837368.1642349064,3,S2_panic_selling_defi,indonesia,USDC
656,0.8497270996482487,3741433.960129034,3,S2_panic_selling_defi,indonesia,USDC
657,0.8572054683866537,3647898.111125808,3,S2_panic_selling_defi,indonesia,USDC
658,0.8358079218311962,3556700.658347663,3,S2_panic_selling_defi,indonesia,USDC
659,0.8321027848178515,3467783.1418889714,3,S2_panic_selling_defi,indonesia,USDC
660,0.8552094169422085,3381088.563341747,3,S2_panic_selling_defi,indonesia,USDC
661,0.8524591251518392,3296561.3492582035,3,S2_panic_selling_defi,indonesia,USDC
662,0.8253946411033168,3214147.315526748,3,S2_panic_selling_defi,indonesia,USDC
663,0.8002441860533903,3133793.6326385792,3,S2_panic_selling_defi,indonesia,USDC
664,0.7888131269893744,3055448.7918226146,3,S2_panic_selling_defi,indonesia,USDC
665,0.7829513241408561,2979062.5720270495,3,S2_panic_selling_defi,indonesia,USDC
666,0.7923345334210138,2904586.007726373,3,S2_panic_selling_defi,indonesia,USDC
667,0.776882953655195,2831971.3575332137,3,S2_panic_selling_defi,indonesia,USDC
668,0.7825855833789722,2761172.0735948835,3,S2_panic_selling_defi,indonesia,USDC
669,0.8011224096557819,2692142.7717550113,3,S2_panic_selling_defi,indonesia,USDC
670,0.8072531553793701,2624839.202461136,3,S2_panic_selling_defi,indonesia,USDC
671,0.8155681677718359,2559218.2223996073,3,S2_panic_selling_defi,indonesia,USDC
672,0.7979268263344912,2495237.766839617,3,S2_panic_selling_defi,indonesia,USDC
673,0.7949336758609704,2432856.822668627,3,S2_panic_selling_defi,indonesia,USDC
674,0.8201763529563837,2372035.402101911,3,S2_panic_selling_defi,indonesia,USDC
675,0.8102154798197155,2312734.5170493633,3,S2_panic_selling_defi,indonesia,USDC
676,0.794101812772679,2254916.1541231293,3,S2_panic_selling_defi,indonesia,USDC
677,0.7840832923160037,2198543.250270051,3,S2_panic_selling_defi,indonesia,USDC
678,0.7718987139090911,2143579.6690133,3,S2_panic_selling_defi,indonesia,USDC
679,0.7671507401896611,2089990.1772879674,3,S2_panic_selling_defi,indonesia,USDC
680,0.7662164670063737,2037740.4228557681,3,S2_panic_selling_defi,indonesia,USDC
681,0.7713177115927512,1986796.9122843738,3,S2_panic_selling_defi,indonesia,USDC
682,0.7734845063822892,1937126.9894772647,3,S2_panic_selling_defi,indonesia,USDC
683,0.7776051555284546,1888698.8147403328,3,S2_panic_selling_defi,indonesia,USDC
684,0.7785605078864429,1841481.3443718245,3,S2_panic_selling_defi,indonesia,USDC
685,0.7681453541502928,1795444.3107625288,3,S2_panic_selling_defi,indonesia,USDC
686,0.761461328401545,1750558.2029934656,3,S2_panic_selling_defi,indonesia,USDC
687,0.7484217910728722,1706794.2479186289,3,S2_panic_selling_defi,indonesia,USDC
688,0.7696503826977968,1664124.3917206633,3,S2_panic_selling_defi,indonesia,USDC
689,0.7739293365734732,1622521.2819276468,3,S2_panic_selling_defi,indonesia,USDC
690,0.7777392743888484,1581958.2498794557,3,S2_panic_selling_defi,indonesia,USDC
691,0.7815923336035266,1542409.2936324691,3,S2_panic_selling_defi,indonesia,USDC
692,0.8042150223715145,1503849.0612916574,3,S2_panic_selling_defi,indonesia,USDC
693,0.8092778173214222,1466252.834759366,3,S2_panic_selling_defi,indonesia,USDC
694,0.8326381611794075,1429596.513890382,3,S2_panic_selling_defi,indonesia,USDC
695,0.813975121353146,1393856.6010431224,3,S2_panic_selling_defi,indonesia,USDC
696,0.8216845720597823,1359010.1860170441,3,S2_panic_selling_defi,indonesia,USDC
697,0.8129729939384155,1325034.931366618,3,S2_panic_selling_defi,indonesia,USDC
698,0.8354467357333171,1291909.0580824525,3,S2_panic_selling_defi,indonesia,USDC
699,0.829136141039724,1259611.3316303913,3,S2_panic_selling_defi,indonesia,USDC
700,0.8384388916115638,1228121.0483396314,3,S2_panic_selling_defi,indonesia,USDC
701,0.8319118760795594,1197418.0221311406,3,S2_panic_selling_defi,indonesia,USDC
702,0.853802190545406,1167482.5715778621,3,S2_panic_selling_defi,indonesia,USDC
703,0.8622313546766965,1138295.5072884157,3,S2_panic_selling_defi,indonesia,USDC
704,0.8427141061255314,1109838.1196062053,3,S2_panic_selling_defi,indonesia,USDC
705,0.8400193388201302,1082092.16661605,3,S2_panic_selling_defi,indonesia,USDC
706,0.8460434302032988,1055039.862450649,3,S2_panic_selling_defi,indonesia,USDC
707,0.8244238761384455,1028663.8658893828,3,S2_panic_selling_defi,indonesia,USDC
708,0.8248196537966765,1002947.2692421481,3,S2_panic_selling_defi,indonesia,USDC
709,0.8012000025273872,977873.5875110945,3,S2_panic_selling_defi,indonesia,USDC
710,0.7836568705660832,953426.7478233171,3,S2_panic_selling_defi,indonesia,USDC
711,0.7784927304433777,929591.0791277342,3,S2_panic_selling_defi,indonesia,USDC
712,0.7699823317404745,906351.3021495409,3,S2_panic_selling_defi,indonesia,USDC
713,0.7763832691021291,883692.5195958025,3,S2_panic_selling_defi,indonesia,USDC
714,0.7726642933507957,861600.2066059073,3,S2_panic_selling_defi,indonesia,USDC
715,0.7903390747045286,840060.2014407596,3,S2_panic_selling_defi,indonesia,USDC
716,0.7773468226868138,819058.6964047407,3,S2_panic_selling_defi,indonesia,USDC
717,0.7919448347377126,798582.2289946221,3,S2_panic_selling_defi,indonesia,USDC
718,0.7638183512080596,778617.6732697567,3,S2_panic_selling_defi,indonesia,USDC
719,0.7527535811634564,759152.2314380128,3,S2_panic_selling_defi,indonesia,USDC
720,0.7373476544404014,740173.4256520624,3,S2_panic_selling_defi,indonesia,USDC
721,0.7649469633836233,721669.0900107608,3,S2_panic_selling_defi,indonesia,USDC
722,0.7386241552240803,703627.3627604919,3,S2_panic_selling_defi,indonesia,USDC
723,0.7723670540136953,686036.6786914796,3,S2_panic_selling_defi,indonesia,USDC
724,0.7749811626603653,668885.7617241925,3,S2_panic_selling_defi,indonesia,USDC
725,0.764568270035861,652163.6176810877,3,S2_panic_selling_defi,indonesia,USDC
726,0.764885918583007,635859.5272390605,3,S2_panic_selling_defi,indonesia,USDC
727,0.7666840862055259,619963.039058084,3,S2_panic_selling_defi,indonesia,USDC
728,0.7898462055840454,604463.9630816319,3,S2_panic_selling_defi,indonesia,USDC
729,0.794495937631001,589352.3640045911,3,S2_panic_selling_defi,indonesia,USDC
730,0.8064394796760498,574618.5549044764,3,S2_panic_selling_defi,indonesia,USDC
731,0.7837434294603648,560253.0910318644,3,S2_panic_selling_defi,indonesia,USDC
732,0.8020000878939908,546246.763756068,3,S2_panic_selling_defi,indonesia,USDC
733,0.7830428704573431,532590.5946621662,3,S2_panic_selling_defi,indonesia,USDC
734,0.7860067882723679,519275.829795612,3,S2_panic_selling_defi,indonesia,USDC
735,0.7808293611042838,506293.9340507217,3,S2_panic_selling_defi,indonesia,USDC
736,0.7593144949983669,493636.5856994537,3,S2_panic_selling_defi,indonesia,USDC
737,0.763137196965658,481295.67105696735,3,S2_panic_selling_defi,indonesia,USDC
738,0.7629093301874016,469263.2792805432,3,S2_panic_selling_defi,indonesia,USDC
739,0.7640199985863053,457531.6972985297,3,S2_panic_selling_defi,indonesia,USDC
740,0.775007020668333,446093.4048660664,3,S2_panic_selling_defi,indonesia,USDC
741,0.771233918241729,434941.06974441465,3,S2_panic_selling_defi,indonesia,USDC
742,0.7597252083386525,424067.5430008044,3,S2_panic_selling_defi,indonesia,USDC
743,0.7441304311800769,413465.85442578426,3,S2_panic_selling_defi,indonesia,USDC
744,0.7691224349259295,403129.20806513965,3,S2_panic_selling_defi,indonesia,USDC
745,0.7546561755264463,393050.9778635112,3,S2_panic_selling_defi,indonesia,USDC
746,0.7270921454423771,383224.7034169234,3,S2_panic_selling_defi,indonesia,USDC
747,0.712340174187901,373644.0858315003,3,S2_panic_selling_defi,indonesia,USDC
748,0.7184480058444507,364302.9836857128,3,S2_panic_selling_defi,indonesia,USDC
749,0.7395628831604991,355195.40909356996,3,S2_panic_selling_defi,indonesia,USDC
750,0.7519127724881577,346315.52386623074,3,S2_panic_selling_defi,indonesia,USDC
751,0.7562639049980922,337657.63576957496,3,S2_panic_selling_defi,indonesia,USDC
752,0.7688391565662425,329216.19487533555,3,S2_panic_selling_defi,indonesia,USDC
753,0.7840461012014243,320985.79000345216,3,S2_panic_selling_defi,indonesia,USDC
754,0.8002384122398349,312961.14525336586,3,S2_panic_selling_defi,indonesia,USDC
755,0.7844294055370847,305137.1166220317,3,S2_panic_selling_defi,indonesia,USDC
756,0.7802668195734284,297508.6887064809,3,S2_panic_selling_defi,indonesia,USDC
757,0.7992308443230942,290070.97148881893,3,S2_panic_selling_defi,indonesia,USDC
758,0.8126105807328087,282819.19720159844,3,S2_panic_selling_defi,indonesia,USDC
759,0.7962081714882595,275748.7172715585,3,S2_panic_selling_defi,indonesia,USDC
760,0.8034265920552918,268854.9993397695,3,S2_panic_selling_defi,indonesia,USDC
761,0.8062532620061045,262133.6243562753,3,S2_panic_selling_defi,indonesia,USDC
762,0.8135889100089122,255580.2837473684,3,S2_panic_selling_defi,indonesia,USDC
763,0.8272212555189061,249190.7766536842,3,S2_panic_selling_defi,indonesia,USDC
764,0.7997417130463352,242961.00723734207,3,S2_panic_selling_defi,indonesia,USDC
765,0.7684029980258071,236886.98205640854,3,S2_panic_selling_defi,indonesia,USDC
766,0.7666732683805496,230964.8075049983,3,S2_panic_selling_defi,indonesia,USDC
767,0.760921014054058,225190.68731737335,3,S2_panic_selling_defi,indonesia,USDC
768,0.7807371876412421,219560.92013443902,3,S2_panic_selling_defi,indonesia,USDC
769,0.7957287574558206,214071.897131078,3,S2_panic_selling_defi,indonesia,USDC
770,0.7797926972153174,208720.09970280106,3,S2_panic_selling_defi,indonesia,USDC
771,0.7878415433792904,203502.09721023106,3,S2_panic_selling_defi,indonesia,USDC
772,0.8123585436957386,198414.54477997526,3,S2_panic_selling_defi,indonesia,USDC
773,0.7134360973789374,193454.18116047588,3,S2_panic_selling_defi,indonesia,USDC
774,0.7192749347185085,188617.82663146398,3,S2_panic_selling_defi,indonesia,USDC
775,0.7479807780202999,183902.38096567738,3,S2_panic_selling_defi,indonesia,USDC
776,0.7423155619284068,179304.82144153543,3,S2_panic_selling_defi,indonesia,USDC
777,0.7231328893889741,174822.20090549707,3,S2_panic_selling_defi,indonesia,USDC
778,0.7292160436144485,170451.64588285965,3,S2_panic_selling_defi,indonesia,USDC
779,0.7129053514893473,166190.35473578813,3,S2_panic_selling_defi,indonesia,USDC
780,0.7289014496485694,162035.59586739342,3,S2_panic_selling_defi,indonesia,USDC
781,0.7542162437077459,157984.7059707086,3,S2_panic_selling_defi,indonesia,USDC
782,0.7563998460310373,154035.08832144088,3,S2_panic_selling_defi,indonesia,USDC
783,0.7572632159944029,150184.21111340486,3,S2_panic_selling_defi,indonesia,USDC
784,0.7759510266509391,146429.60583556973,3,S2_panic_selling_defi,indonesia,USDC
785,0.7898216997418903,142768.86568968048,3,S2_panic_selling_defi,indonesia,USDC
786,0.8089993947636691,139199.6440474385,3,S2_panic_selling_defi,indonesia,USDC
787,0.7818538415168508,135719.65294625252,3,S2_panic_selling_defi,indonesia,USDC
788,0.7873869036710608,132326.6616225962,3,S2_panic_selling_defi,indonesia,USDC
789,0.7879798412443262,129018.4950820313,3,S2_panic_selling_defi,indonesia,USDC
790,0.7879099564628463,125793.0327049805,3,S2_panic_selling_defi,indonesia,USDC
791,0.7741220791074875,122648.206887356,3,S2_panic_selling_defi,indonesia,USDC
792,0.7840541589551875,119582.0017151721,3,S2_panic_selling_defi,indonesia,USDC
793,0.782872267108503,116592.45167229281,3,S2_panic_selling_defi,indonesia,USDC
794,0.7832166492280016,113677.64038048548,3,S2_panic_selling_defi,indonesia,USDC
795,0.7829385418517614,110835.69937097335,3,S2_panic_selling_defi,indonesia,USDC
796,0.8188076623718077,108064.806886699,3,S2_panic_selling_defi,indonesia,USDC
797,0.8164010681073745,105363.18671453153,3,S2_panic_selling_defi,indonesia,USDC
798,0.8034712315614173,102729.10704666824,3,S2_panic_selling_defi,indonesia,USDC
799,0.813484412338586,100160.87937050154,3,S2_panic_selling_defi,indonesia,USDC
800,0.8312775050081701,97656.85738623899,3,S2_panic_selling_defi,indonesia,USDC
801,0.8293430203912177,95215.43595158303,3,S2_panic_selling_defi,indonesia,USDC
802,0.8409283229817727,92835.05005279345,3,S2_panic_selling_defi,indonesia,USDC
803,0.8327412674054809,90514.17380147362,3,S2_panic_selling_defi,indonesia,USDC
804,0.8277401830706118,88251.31945643677,3,S2_panic_selling_defi,indonesia,USDC
805,0.8298269816842359,86045.03647002585,3,S2_panic_selling_defi,indonesia,USDC
806,0.821411956873444,83893.91055827521,3,S2_panic_selling_defi,indonesia,USDC
807,0.8111744359461436,81796.56279431832,3,S2_panic_selling_defi,indonesia,USDC
808,0.8048704710091076,79751.64872446036,3,S2_panic_selling_defi,indonesia,USDC
809,0.7876907913907336,77757.85750634885,3,S2_panic_selling_defi,indonesia,USDC
810,0.7901222886993644,75813.91106869014,3,S2_panic_selling_defi,indonesia,USDC
811,0.8228659752022134,73918.56329197288,3,S2_panic_selling_defi,indonesia,USDC
812,0.8072611440761519,72070.59920967356,3,S2_panic_selling_defi,indonesia,USDC
813,0.7850928843940782,70268.83422943173,3,S2_panic_selling_defi,indonesia,USDC
814,0.7838974046777304,68512.11337369593,3,S2_panic_selling_defi,indonesia,USDC
815,0.8004271637413504,66799.31053935354,3,S2_panic_selling_defi,indonesia,USDC
816,0.7786536004317339,65129.32777586969,3,S2_panic_selling_defi,indonesia,USDC
817,0.7777501133807795,63501.094581472964,3,S2_panic_selling_defi,indonesia,USDC
818,0.8073656542039456,61913.567216936135,3,S2_panic_selling_defi,indonesia,USDC
819,0.7987810404778898,60365.72803651273,3,S2_panic_selling_defi,indonesia,USDC
820,0.8067892513525962,58856.584835599904,3,S2_panic_selling_defi,indonesia,USDC
821,0.7896887504253183,57385.17021470991,3,S2_panic_selling_defi,indonesia,USDC
822,0.8147375367284924,55950.540959342165,3,S2_panic_selling_defi,indonesia,USDC
823,0.7975252016993432,54551.77743535861,3,S2_panic_selling_defi,indonesia,USDC
824,0.7907876859624274,53187.98299947464,3,S2_panic_selling_defi,indonesia,USDC
825,0.8004369194438673,51858.28342448778,3,S2_panic_selling_defi,indonesia,USDC
826,0.804769974065334,50561.82633887559,3,S2_panic_selling_defi,indonesia,USDC
827,0.8080783998892982,49297.780680403695,3,S2_panic_selling_defi,indonesia,USDC
828,0.7957650594648683,48065.3361633936,3,S2_panic_selling_defi,indonesia,USDC
829,0.7996490828508481,46863.70275930876,3,S2_panic_selling_defi,indonesia,USDC
830,0.7950518336981275,45692.11019032604,3,S2_panic_selling_defi,indonesia,USDC
831,0.7733303509880364,44549.80743556789,3,S2_panic_selling_defi,indonesia,USDC
832,0.7667629582234752,43436.0622496787,3,S2_panic_selling_defi,indonesia,USDC
833,0.7705725256773723,42350.16069343673,3,S2_panic_selling_defi,indonesia,USDC
834,0.7964641520276863,41291.40667610081,3,S2_panic_selling_defi,indonesia,USDC
835,0.8056670175440143,40259.12150919829,3,S2_panic_selling_defi,indonesia,USDC
836,0.8279114889477611,39252.64347146833,3,S2_panic_selling_defi,indonesia,USDC
837,0.8209884124711392,38271.32738468163,3,S2_panic_selling_defi,indonesia,USDC
838,0.8175077532137587,37314.544200064585,3,S2_panic_selling_defi,indonesia,USDC
839,0.8090245255737987,36381.68059506297,3,S2_panic_selling_defi,indonesia,USDC
840,0.8167985011924613,35472.138580186394,3,S2_panic_selling_defi,indonesia,USDC
841,0.8245910550851898,34585.33511568174,3,S2_panic_selling_defi,indonesia,USDC
842,0.7994178089790115,33720.70173778969,3,S2_panic_selling_defi,indonesia,USDC
843,0.8010935837788601,32877.68419434495,3,S2_panic_selling_defi,indonesia,USDC
844,0.7770395762831237,32055.742089486324,3,S2_panic_selling_defi,indonesia,USDC
845,0.7835584443548076,31254.34853724917,3,S2_panic_selling_defi,indonesia,USDC
846,0.7656690383812577,30472.989823817938,3,S2_panic_selling_defi,indonesia,USDC
847,0.7661323106457294,29711.16507822249,3,S2_panic_selling_defi,indonesia,USDC
848,0.7443154325506954,28968.38595126693,3,S2_panic_selling_defi,indonesia,USDC
849,0.7385064704470893,28244.17630248526,3,S2_panic_selling_defi,indonesia,USDC
850,0.7512286408963454,27538.071894923127,3,S2_panic_selling_defi,indonesia,USDC
851,0.7491183349909069,26849.620097550047,3,S2_panic_selling_defi,indonesia,USDC
852,0.7603002542960579,26178.379595111295,3,S2_panic_selling_defi,indonesia,USDC
853,0.7644898203518661,25523.920105233512,3,S2_panic_selling_defi,indonesia,USDC
854,0.7833514096371614,24885.822102602673,3,S2_panic_selling_defi,indonesia,USDC
855,0.795114125673796,24263.67655003761,3,S2_panic_selling_defi,indonesia,USDC
856,0.7928177468599958,23657.08463628667,3,S2_panic_selling_defi,indonesia,USDC
857,0.7918780864907463,23065.6575203795,3,S2_panic_selling_defi,indonesia,USDC
858,0.8020422322515326,22489.016082370013,3,S2_panic_selling_defi,indonesia,USDC
859,0.8149521407662559,21926.790680310765,3,S2_panic_selling_defi,indonesia,USDC
860,0.8056187092838347,21378.620913302995,3,S2_panic_selling_defi,indonesia,USDC
861,0.7909145542318197,20844.15539047042,3,S2_panic_selling_defi,indonesia,USDC
862,0.7917077597322235,20323.05150570866,3,S2_panic_selling_defi,indonesia,USDC
863,0.7968527473083916,19814.97521806594,3,S2_panic_selling_defi,indonesia,USDC
864,0.8016996455198945,19319.600837614296,3,S2_panic_selling_defi,indonesia,USDC
865,0.7974861163976059,18836.610816673936,3,S2_panic_selling_defi,indonesia,USDC
866,0.7850604362170899,18365.695546257088,3,S2_panic_selling_defi,indonesia,USDC
867,0.7820831646316444,17906.55315760066,3,S2_panic_selling_defi,indonesia,USDC
868,0.795616734429336,17458.889328660647,3,S2_panic_selling_defi,indonesia,USDC
869,0.7963082035429403,17022.41709544413,3,S2_panic_selling_defi,indonesia,USDC
870,0.8189558145261678,16596.856668058026,3,S2_panic_selling_defi,indonesia,USDC
871,0.8082944445522233,16181.935251356575,3,S2_panic_selling_defi,indonesia,USDC
872,0.7850611072601739,15777.38687007266,3,S2_panic_selling_defi,indonesia,USDC
873,0.7801871600802135,15382.952198320843,3,S2_panic_selling_defi,indonesia,USDC
874,0.7876489972062211,14998.378393362822,3,S2_panic_selling_defi,indonesia,USDC
875,0.7894816828120231,14623.418933528752,3,S2_panic_selling_defi,indonesia,USDC
876,0.7957324627978819,14257.833460190532,3,S2_panic_selling_defi,indonesia,USDC
877,0.8252158974484106,13901.387623685769,3,S2_panic_selling_defi,indonesia,USDC
878,0.8180685926215329,13553.852933093625,3,S2_panic_selling_defi,indonesia,USDC
879,0.801080107155581,13215.006609766286,3,S2_panic_selling_defi,indonesia,USDC
880,0.7813638419440528,12884.631444522129,3,S2_panic_selling_defi,indonesia,USDC
881,0.7742223595420868,12562.515658409076,3,S2_panic_selling_defi,indonesia,USDC
882,0.7624810995720782,12248.452766948849,3,S2_panic_selling_defi,indonesia,USDC
883,0.7703315219223236,11942.24144777513,3,S2_panic_selling_defi,indonesia,USDC
884,0.7628217448601902,11643.68541158075,3,S2_panic_selling_defi,indonesia,USDC
885,0.7775787480196475,11352.59327629123,3,S2_panic_selling_defi,indonesia,USDC
886,0.7895768648269625,11068.778444383952,3,S2_panic_selling_defi,indonesia,USDC
887,0.8135148555900096,10792.058983274352,3,S2_panic_selling_defi,indonesia,USDC
888,0.8185483237344413,10522.257508692494,3,S2_panic_selling_defi,indonesia,USDC
889,0.8096805875693612,10259.201070975181,3,S2_panic_selling_defi,indonesia,USDC
890,0.7801440272077644,10002.721044200802,3,S2_panic_selling_defi,indonesia,USDC
891,0.7797871618977347,9752.653018095782,3,S2_panic_selling_defi,indonesia,USDC
892,0.7901916349879018,9508.836692643386,3,S2_panic_selling_defi,indonesia,USDC
893,0.7809044967913478,9271.115775327302,3,S2_panic_selling_defi,indonesia,USDC
894,0.7825385769849663,9039.33788094412,3,S2_panic_selling_defi,indonesia,USDC
895,0.784689326427414,8813.354433920518,3,S2_panic_selling_defi,indonesia,USDC
896,0.804172940013036,8593.020573072505,3,S2_panic_selling_defi,indonesia,USDC
897,0.7944663234084376,8378.195058745692,3,S2_panic_selling_defi,indonesia,USDC
898,0.7818588071867958,8168.74018227705,3,S2_panic_selling_defi,indonesia,USDC
899,0.7733900380280628,7964.521677720124,3,S2_panic_selling_defi,indonesia,USDC
900,0.7527123233561716,7765.40863577712,3,S2_panic_selling_defi,indonesia,USDC
901,0.737726177079848,7571.273419882693,3,S2_panic_selling_defi,indonesia,USDC
902,0.7396199327943892,7381.991584385625,3,S2_panic_selling_defi,indonesia,USDC
903,0.7436125550595829,7197.441794775985,3,S2_panic_selling_defi,indonesia,USDC
904,0.718351325439369,7017.505749906584,3,S2_panic_selling_defi,indonesia,USDC
905,0.7206123336078134,6842.06810615892,3,S2_panic_selling_defi,indonesia,USDC
906,0.6978449076371814,6671.016403504947,3,S2_panic_selling_defi,indonesia,USDC
907,0.7212849213341543,6504.240993417324,3,S2_panic_selling_defi,indonesia,USDC
908,0.7144124864335297,6341.634968581891,3,S2_panic_selling_defi,indonesia,USDC
909,0.7204416849557593,6183.094094367344,3,S2_panic_selling_defi,indonesia,USDC
910,0.648019992910686,6028.516742008161,3,S2_panic_selling_defi,indonesia,USDC
911,0.6548232435178613,5877.803823457956,3,S2_panic_selling_defi,indonesia,USDC
912,0.6691601745859768,5730.858727871508,3,S2_panic_selling_defi,indonesia,USDC
913,0.6779742443680797,5587.5872596747195,3,S2_panic_selling_defi,indonesia,USDC
914,0.711539350619407,5447.897578182851,3,S2_panic_selling_defi,indonesia,USDC
915,0.7197712201621563,5311.70013872828,3,S2_panic_selling_defi,indonesia,USDC
916,0.7295202988580847,5178.907635260073,3,S2_panic_selling_defi,indonesia,USDC
917,0.7305254142942634,5049.434944378571,3,S2_panic_selling_defi,indonesia,USDC
918,0.7426671490803315,4923.199070769107,3,S2_panic_selling_defi,indonesia,USDC
919,0.7537201817806489,4800.119093999879,3,S2_panic_selling_defi,indonesia,USDC
920,0.7585980719334088,4680.116116649881,3,S2_panic_selling_defi,indonesia,USDC
921,0.7495240969942146,4563.113213733635,3,S2_panic_selling_defi,indonesia,USDC
922,0.7393571377298915,4449.035383390294,3,S2_panic_selling_defi,indonesia,USDC
923,0.7678094099136407,4337.809498805536,3,S2_panic_selling_defi,indonesia,USDC
924,0.7516619023122039,4229.364261335399,3,S2_panic_selling_defi,indonesia,USDC
925,0.7752743429554916,4123.630154802013,3,S2_panic_selling_defi,indonesia,USDC
926,0.7729307901401601,4020.539400931963,3,S2_panic_selling_defi,indonesia,USDC
927,0.7748423969871164,3920.025915908664,3,S2_panic_selling_defi,indonesia,USDC
928,0.7679654037404676,3822.0252680109475,3,S2_panic_selling_defi,indonesia,USDC
929,0.7606497462944114,3726.4746363106738,3,S2_panic_selling_defi,indonesia,USDC
930,0.6673702218500154,3633.312770402907,3,S2_panic_selling_defi,indonesia,USDC
931,0.6672367861556188,3542.4799511428346,3,S2_panic_selling_defi,indonesia,USDC
932,0.7067766506403711,3453.9179523642633,3,S2_panic_selling_defi,indonesia,USDC
933,0.7054572488574768,3367.5700035551563,3,S2_panic_selling_defi,indonesia,USDC
934,0.7211398640813627,3283.3807534662783,3,S2_panic_selling_defi,indonesia,USDC
935,0.7418950161819577,3201.296234629621,3,S2_panic_selling_defi,indonesia,USDC
936,0.7563197077987726,3121.2638287638806,3,S2_panic_selling_defi,indonesia,USDC
937,0.7548640468735327,3043.2322330447832,3,S2_panic_selling_defi,indonesia,USDC
938,0.7497537701296603,2967.151427218664,3,S2_panic_selling_defi,indonesia,USDC
939,0.782308261307121,2892.9726415381974,3,S2_panic_selling_defi,indonesia,USDC
940,0.7600837007415447,2820.6483254997424,3,S2_panic_selling_defi,indonesia,USDC
941,0.7544028568724803,2750.132117362249,3,S2_panic_selling_defi,indonesia,USDC
942,0.7517583621315823,2681.3788144281925,3,S2_panic_selling_defi,indonesia,USDC
943,0.7430113314206587,2614.3443440674882,3,S2_panic_selling_defi,indonesia,USDC
944,0.7376737866312693,2548.9857354658006,3,S2_panic_selling_defi,indonesia,USDC
945,0.7331643700054601,2485.261092079156,3,S2_panic_selling_defi,indonesia,USDC
946,0.7446978588102503,2423.1295647771767,3,S2_panic_selling_defi,indonesia,USDC
947,0.7340501955726859,2362.5513256577474,3,S2_panic_selling_defi,indonesia,USDC
948,0.7185785184063553,2303.4875425163036,3,S2_panic_selling_defi,indonesia,USDC
949,0.7198784786308744,2245.900353953396,3,S2_panic_selling_defi,indonesia,USDC
950,0.7188119147803114,2189.7528451045614,3,S2_panic_selling_defi,indonesia,USDC
951,0.7080933995846085,2135.009023976947,3,S2_panic_selling_defi,indonesia,USDC
952,0.7221029990728735,2081.633798377524,3,S2_panic_selling_defi,indonesia,USDC
953,0.7339711532523322,2029.5929534180855,3,S2_panic_selling_defi,indonesia,USDC
954,0.753342767501744,1978.8531295826333,3,S2_panic_selling_defi,indonesia,USDC
955,0.7542165557329139,1929.3818013430675,3,S2_panic_selling_defi,indonesia,USDC
956,0.7581042514905987,1881.1472563094906,3,S2_panic_selling_defi,indonesia,USDC
957,0.7609145870263947,1834.1185749017536,3,S2_panic_selling_defi,indonesia,USDC
958,0.7417931366903306,1788.2656105292094,3,S2_panic_selling_defi,indonesia,USDC
959,0.7572893846355345,1743.5589702659795,3,S2_panic_selling_defi,indonesia,USDC
960,0.7522523920896597,1699.9699960093299,3,S2_panic_selling_defi,indonesia,USDC
961,0.760971968762684,1657.4707461090966,3,S2_panic_selling_defi,indonesia,USDC
962,0.7581335866825845,1616.0339774563693,3,S2_panic_selling_defi,indonesia,USDC
963,0.7746909381419786,1575.63312801996,3,S2_panic_selling_defi,indonesia,USDC
964,0.7544661216391209,1536.242299819461,3,S2_panic_selling_defi,indonesia,USDC
965,0.7699311192527105,1497.8362423239746,3,S2_panic_selling_defi,indonesia,USDC
966,0.7837798477767473,1460.390336265875,3,S2_panic_selling_defi,indonesia,USDC
967,0.7912426333397052,1423.8805778592282,3,S2_panic_selling_defi,indonesia,USDC
968,0.8205587183288212,1388.2835634127475,3,S2_panic_selling_defi,indonesia,USDC
969,0.8253457607440157,1353.5764743274287,3,S2_panic_selling_defi,indonesia,USDC
970,0.8166179135469469,1319.737062469243,3,S2_panic_selling_defi,indonesia,USDC
971,0.8012264110500763,1286.743635907512,3,S2_panic_selling_defi,indonesia,USDC
972,0.7803363098545552,1254.5750450098242,3,S2_panic_selling_defi,indonesia,USDC
973,0.7978339616527431,1223.2106688845786,3,S2_panic_selling_defi,indonesia,USDC
974,0.8041904442751929,1192.6304021624642,3,S2_panic_selling_defi,indonesia,USDC
975,0.7996680501678358,1162.8146421084025,3,S2_panic_selling_defi,indonesia,USDC
976,0.7932781746365664,1133.7442760556924,3,S2_panic_selling_defi,indonesia,USDC
977,0.7788214787004513,1105.4006691543,3,S2_panic_selling_defi,indonesia,USDC
978,0.7678649452484618,1077.7656524254426,3,S2_panic_selling_defi,indonesia,USDC
979,0.7775287441243539,1050.8215111148065,3,S2_panic_selling_defi,indonesia,USDC
980,0.7817543466841433,1024.5509733369363,3,S2_panic_selling_defi,indonesia,USDC
981,0.7880945218268626,998.9371990035129,3,S2_panic_selling_defi,indonesia,USDC
982,0.8282580726567992,973.9637690284251,3,S2_panic_selling_defi,indonesia,USDC
983,0.8277526080078423,949.6146748027145,3,S2_panic_selling_defi,indonesia,USDC
984,0.7772777592946684,925.8743079326466,3,S2_panic_selling_defi,indonesia,USDC
985,0.7862472184086199,902.7274502343305,3,S2_panic_selling_defi,indonesia,USDC
986,0.7870388001065529,880.1592639784722,3,S2_panic_selling_defi,indonesia,USDC
987,0.7626557681376502,858.1552823790104,3,S2_panic_selling_defi,indonesia,USDC
988,0.7682624486536369,836.7014003195352,3,S2_panic_selling_defi,indonesia,USDC
989,0.7823194328062496,815.7838653115466,3,S2_panic_selling_defi,indonesia,USDC
990,0.7867077188390291,795.3892686787581,3,S2_panic_selling_defi,indonesia,USDC
991,0.7769585340506766,775.5045369617891,3,S2_panic_selling_defi,indonesia,USDC
992,0.7655797810513876,756.1169235377444,3,S2_panic_selling_defi,indonesia,USDC
993,0.7773872226535883,737.2140004493008,3,S2_panic_selling_defi,indonesia,USDC
994,0.7787198212824546,718.7836504380682,3,S2_panic_selling_defi,indonesia,USDC
995,0.7773897777637178,700.8140591771165,3,S2_panic_selling_defi,indonesia,USDC
996,0.7622936823379739,683.2937076976887,3,S2_panic_selling_defi,indonesia,USDC
997,0.7635746290972909,666.2113650052464,3,S2_panic_selling_defi,indonesia,USDC
998,0.7735560578783574,649.5560808801152,3,S2_panic_selling_defi,indonesia,USDC
999,0.7740196650516054,633.3171788581124,3,S2_panic_selling_defi,indonesia,USDC
1000,0.7596903197428448,617.4842493866595,3,S2_panic_selling_defi,indonesia,USDC
