Step,price,liquidity,iteration,scenario,region,coin
1,0.9876615330243393,2989198019810.1323,312,S2_panic_selling_defi,indonesia,USDC
2,0.9827733711690321,2989198019810.1323,312,S2_panic_selling_defi,indonesia,USDC
3,0.9548855281824907,2989198019810.1323,312,S2_panic_selling_defi,indonesia,USDC
4,0.9904239466036672,2988274731468.7964,312,S2_panic_selling_defi,indonesia,USDC
5,0.9829573819040825,2988274731468.7964,312,S2_panic_selling_defi,indonesia,USDC
6,0.9527287447155841,2988274731468.7964,312,S2_panic_selling_defi,indonesia,USDC
7,0.9725693966996747,2987259645217.062,312,S2_panic_selling_defi,indonesia,USDC
8,0.9736438401674955,2987259645217.062,312,S2_panic_selling_defi,indonesia,USDC
9,0.9539935998835983,2987259645217.062,312,S2_panic_selling_defi,indonesia,USDC
10,0.9815807079941636,2986301544590.596,312,S2_panic_selling_defi,indonesia,USDC
11,0.9692667069458972,2986301544590.596,312,S2_panic_selling_defi,indonesia,USDC
12,0.9569848072458077,2986258375912.1562,312,S2_panic_selling_defi,indonesia,USDC
13,0.9320620517834812,2985527145407.2295,312,S2_panic_selling_defi,indonesia,USDC
14,0.9534752017572677,2983324040819.617,312,S2_panic_selling_defi,indonesia,USDC
15,0.9516018196762794,2982439222557.759,312,S2_panic_selling_defi,indonesia,USDC
16,0.9499525603427353,2981468405943.2637,312,S2_panic_selling_defi,indonesia,USDC
17,0.9778335312726768,2980428681908.536,312,S2_panic_selling_defi,indonesia,USDC
18,0.9882091348646952,2980428681908.536,312,S2_panic_selling_defi,indonesia,USDC
19,0.967169735197307,2980428681908.536,312,S2_panic_selling_defi,indonesia,USDC
20,0.9724252791739767,2980288112079.799,312,S2_panic_selling_defi,indonesia,USDC
21,0.9444795935419003,2980288112079.799,312,S2_panic_selling_defi,indonesia,USDC
22,0.9264560108839182,2978989781033.056,312,S2_panic_selling_defi,indonesia,USDC
23,0.9327925390001838,2976754593498.251,312,S2_panic_selling_defi,indonesia,USDC
24,0.7977469878197112,2974930408590.224,312,S2_panic_selling_defi,indonesia,USDC
25,0.7897237038235472,2966809231557.6772,312,S2_panic_selling_defi,indonesia,USDC
26,0.815474953900912,2959819118208.6504,312,S2_panic_selling_defi,indonesia,USDC
27,0.8232975239649512,2954941049505.9336,312,S2_panic_selling_defi,indonesia,USDC
28,0.8297920451942115,2951119428393.5654,312,S2_panic_selling_defi,indonesia,USDC
29,0.8291211705065766,2948014968009.052,312,S2_panic_selling_defi,indonesia,USDC
30,0.8544990186584099,2945341846665.509,312,S2_panic_selling_defi,indonesia,USDC
31,0.8777803696528056,2943419549918.6997,312,S2_panic_selling_defi,indonesia,USDC
32,0.8829403077196369,2942067483682.0156,312,S2_panic_selling_defi,indonesia,USDC
33,0.8860106266584022,2940947174967.695,312,S2_panic_selling_defi,indonesia,USDC
34,0.8806708165770165,2939962604546.625,312,S2_panic_selling_defi,indonesia,USDC
35,0.8797985713175837,2939004297043.4404,312,S2_panic_selling_defi,indonesia,USDC
36,0.8719344226303105,2938124709571.95,312,S2_panic_selling_defi,indonesia,USDC
37,0.9005878423822014,2937238549558.075,312,S2_panic_selling_defi,indonesia,USDC
38,0.8733379035394847,2936675597127.4272,312,S2_panic_selling_defi,indonesia,USDC
39,0.9088125743397194,2935930444240.8965,312,S2_panic_selling_defi,indonesia,USDC
40,0.925562092552355,2935505764117.834,312,S2_panic_selling_defi,indonesia,USDC
41,0.9125891478769804,2935240994846.287,312,S2_panic_selling_defi,indonesia,USDC
42,0.9375218205605083,2934892527518.089,312,S2_panic_selling_defi,indonesia,USDC
43,0.9446894219330289,2934720199559.905,312,S2_panic_selling_defi,indonesia,USDC
44,0.9906975608376252,2934576107228.3,312,S2_panic_selling_defi,indonesia,USDC
45,0.9972893120397788,2934576107228.3,312,S2_panic_selling_defi,indonesia,USDC
46,0.996340035444675,2934576107228.3,312,S2_panic_selling_defi,indonesia,USDC
47,1.0134896017761832,2934576107228.3,312,S2_panic_selling_defi,indonesia,USDC
48,0.9846152757602304,2934576107228.3,312,S2_panic_selling_defi,indonesia,USDC
49,0.9895230592706107,2934576107228.3,312,S2_panic_selling_defi,indonesia,USDC
50,0.9903490150427964,2934576107228.3,312,S2_panic_selling_defi,indonesia,USDC
51,0.9887647990043321,2934576107228.3,312,S2_panic_selling_defi,indonesia,USDC
52,1.0125976827915086,2934576107228.3,312,S2_panic_selling_defi,indonesia,USDC
53,1.0019622756764122,2934576107228.3,312,S2_panic_selling_defi,indonesia,USDC
54,0.9838687113457748,2934576107228.3,312,S2_panic_selling_defi,indonesia,USDC
55,0.971426099863205,2934576107228.3,312,S2_panic_selling_defi,indonesia,USDC
56,0.989175921952679,2934576107228.3,312,S2_panic_selling_defi,indonesia,USDC
57,0.9819320737832997,2934576107228.3,312,S2_panic_selling_defi,indonesia,USDC
58,0.9710581456382482,2934576107228.3,312,S2_panic_selling_defi,indonesia,USDC
59,1.0016140740819686,2934576107228.3,312,S2_panic_selling_defi,indonesia,USDC
60,1.0054720620862148,2934576107228.3,312,S2_panic_selling_defi,indonesia,USDC
61,1.0246763258003317,2934576107228.3,312,S2_panic_selling_defi,indonesia,USDC
62,1.034049708486037,2934576107228.3,312,S2_panic_selling_defi,indonesia,USDC
63,1.0297551756882057,2934576107228.3,312,S2_panic_selling_defi,indonesia,USDC
64,1.0289234829670355,2934576107228.3,312,S2_panic_selling_defi,indonesia,USDC
65,1.017801027241205,2934576107228.3,312,S2_panic_selling_defi,indonesia,USDC
66,1.0232517527703284,2934576107228.3,312,S2_panic_selling_defi,indonesia,USDC
67,1.017841218981117,2934576107228.3,312,S2_panic_selling_defi,indonesia,USDC
68,1.008049023460936,2934576107228.3,312,S2_panic_selling_defi,indonesia,USDC
69,0.9933829635876992,2934576107228.3,312,S2_panic_selling_defi,indonesia,USDC
70,0.999174788221682,2934576107228.3,312,S2_panic_selling_defi,indonesia,USDC
71,1.016126097095078,2934576107228.3,312,S2_panic_selling_defi,indonesia,USDC
72,1.0530950128304037,2934576107228.3,312,S2_panic_selling_defi,indonesia,USDC
73,1.0668139652376656,2934576107228.3,312,S2_panic_selling_defi,indonesia,USDC
74,1.0315546426002586,2934576107228.3,312,S2_panic_selling_defi,indonesia,USDC
75,1.0496426744169944,2934576107228.3,312,S2_panic_selling_defi,indonesia,USDC
76,1.0406219732146476,2934576107228.3,312,S2_panic_selling_defi,indonesia,USDC
77,1.0691359075799816,2934576107228.3,312,S2_panic_selling_defi,indonesia,USDC
78,1.06380292530952,2934576107228.3,312,S2_panic_selling_defi,indonesia,USDC
79,1.0405425065251592,2934576107228.3,312,S2_panic_selling_defi,indonesia,USDC
80,0.9111994974764039,2934576107228.3,312,S2_panic_selling_defi,indonesia,USDC
81,0.9155557790832705,2934274709909.19,312,S2_panic_selling_defi,indonesia,USDC
82,0.8933298059171503,2934011862919.2246,312,S2_panic_selling_defi,indonesia,USDC
83,0.8994267154226231,2933657838582.604,312,S2_panic_selling_defi,indonesia,USDC
84,0.9211727619768093,2933340972810.3896,312,S2_panic_selling_defi,indonesia,USDC
85,0.9066030547083682,2933143697940.6016,312,S2_panic_selling_defi,indonesia,USDC
86,0.9086344382200319,2932885817589.492,312,S2_panic_selling_defi,indonesia,USDC
87,0.9349637185080706,2932669882644.4727,312,S2_panic_selling_defi,indonesia,USDC
88,0.9244197806264977,2932544479383.0654,312,S2_panic_selling_defi,indonesia,USDC
89,0.9041624777913184,2932395970509.0835,312,S2_panic_selling_defi,indonesia,USDC
90,0.907085575724776,2932194711780.622,312,S2_panic_selling_defi,indonesia,USDC
91,0.9398742570712704,2932000345646.5464,312,S2_panic_selling_defi,indonesia,USDC
92,0.9537318744507641,2931916198357.765,312,S2_panic_selling_defi,indonesia,USDC
93,0.936261482761517,2931872769711.2646,312,S2_panic_selling_defi,indonesia,USDC
94,0.9938509244902346,2931779736622.968,312,S2_panic_selling_defi,indonesia,USDC
95,0.9949793889376018,2931779736622.968,312,S2_panic_selling_defi,indonesia,USDC
96,0.9528657577024114,2931779736622.968,312,S2_panic_selling_defi,indonesia,USDC
97,0.916023043825319,2931734132745.22,312,S2_panic_selling_defi,indonesia,USDC
98,0.9210078487241211,2931596668758.034,312,S2_panic_selling_defi,indonesia,USDC
99,0.9689636702389183,2931485286025.9873,312,S2_panic_selling_defi,indonesia,USDC
100,0.9437371123322392,2931482842353.7695,312,S2_panic_selling_defi,indonesia,USDC
101,0.9166995533554083,2931423219688.5815,312,S2_panic_selling_defi,indonesia,USDC
102,0.9074536512818165,2931307375717.4893,312,S2_panic_selling_defi,indonesia,USDC
103,0.9101340258069507,2931174730727.4336,312,S2_panic_selling_defi,indonesia,USDC
104,0.9243532191796408,2931055832779.443,312,S2_panic_selling_defi,indonesia,USDC
105,0.9343218133853737,2930968406819.2207,312,S2_panic_selling_defi,indonesia,USDC
106,0.9457511248117542,2930907273208.673,312,S2_panic_selling_defi,indonesia,USDC
107,0.9289331267718499,2930866099572.5015,312,S2_panic_selling_defi,indonesia,USDC
108,0.944520417971608,2930799546669.228,312,S2_panic_selling_defi,indonesia,USDC
109,0.9333283646435593,2930762058387.8477,312,S2_panic_selling_defi,indonesia,USDC
110,0.9361375370413683,2930708303746.6943,312,S2_panic_selling_defi,indonesia,USDC
111,0.9579381844541462,2930658860718.615,312,S2_panic_selling_defi,indonesia,USDC
112,0.9260491117596783,2930641730789.4585,312,S2_panic_selling_defi,indonesia,USDC
113,0.9154985465375186,2930581819248.799,312,S2_panic_selling_defi,indonesia,USDC
114,0.947309825549124,2930508085083.72,312,S2_panic_selling_defi,indonesia,USDC
115,0.9172339300220986,2930478648647.405,312,S2_panic_selling_defi,indonesia,USDC
116,0.9545325749679471,2930410799638.3335,312,S2_panic_selling_defi,indonesia,USDC
117,0.95483046195453,2930392390623.93,312,S2_panic_selling_defi,indonesia,USDC
118,0.948558733837222,2930374623292.537,312,S2_panic_selling_defi,indonesia,USDC
119,0.964055795861955,2930351735076.26,312,S2_panic_selling_defi,indonesia,USDC
120,0.9873416869301129,2930345390211.3174,312,S2_panic_selling_defi,indonesia,USDC
121,0.9739618149838009,2857086755456.0347,312,S2_panic_selling_defi,indonesia,USDC
122,0.9236272783020595,2785659586569.634,312,S2_panic_selling_defi,indonesia,USDC
123,0.9240749679009154,2715967524094.3096,312,S2_panic_selling_defi,indonesia,USDC
124,0.9176216771880568,2648021945979.554,312,S2_panic_selling_defi,indonesia,USDC
125,0.8901959922370187,2581769139838.743,312,S2_panic_selling_defi,indonesia,USDC
126,0.8622800521236985,2517147012691.912,312,S2_panic_selling_defi,indonesia,USDC
127,0.8621001707441734,2454125656714.3823,312,S2_panic_selling_defi,indonesia,USDC
128,0.8744659449720211,2392685538728.685,312,S2_panic_selling_defi,indonesia,USDC
129,0.8797254373050868,2332798285163.4663,312,S2_panic_selling_defi,indonesia,USDC
130,0.8660586881753143,2274419929115.883,312,S2_panic_selling_defi,indonesia,USDC
131,0.8703440780974946,2217496916518.422,312,S2_panic_selling_defi,indonesia,USDC
132,0.8545677771529419,2162009460447.379,312,S2_panic_selling_defi,indonesia,USDC
133,0.8845183295564912,2107903191897.0918,312,S2_panic_selling_defi,indonesia,USDC
134,0.8620078901066103,2055169893134.2354,312,S2_panic_selling_defi,indonesia,USDC
135,0.8322330240353963,2003750232707.189,312,S2_panic_selling_defi,indonesia,USDC
136,0.8521643104546537,1953611303167.9497,312,S2_panic_selling_defi,indonesia,USDC
137,0.8112333971390987,1904736838194.1958,312,S2_panic_selling_defi,indonesia,USDC
138,0.8111148019474518,1857077671375.6606,312,S2_panic_selling_defi,indonesia,USDC
139,0.8228599164792373,1810616365327.95,312,S2_panic_selling_defi,indonesia,USDC
140,0.8199500955998459,1765324694091.3262,312,S2_panic_selling_defi,indonesia,USDC
141,0.8293424537238665,1721167142434.018,312,S2_panic_selling_defi,indonesia,USDC
142,0.854820246342791,1678119375161.3765,312,S2_panic_selling_defi,indonesia,USDC
143,0.863931719831163,1636153311414.3086,312,S2_panic_selling_defi,indonesia,USDC
144,0.880098174720307,1595238583306.309,312,S2_panic_selling_defi,indonesia,USDC
145,0.8723687301843726,1555349188504.65,312,S2_panic_selling_defi,indonesia,USDC
146,0.8825224267517442,1516457337341.3867,312,S2_panic_selling_defi,indonesia,USDC
147,0.8770164460487264,1478539338569.4104,312,S2_panic_selling_defi,indonesia,USDC
148,0.846126073809384,1441569498867.1885,312,S2_panic_selling_defi,indonesia,USDC
149,0.8688911775235716,1405522409448.6338,312,S2_panic_selling_defi,indonesia,USDC
150,0.8409081801435945,1370378758722.7861,312,S2_panic_selling_defi,indonesia,USDC
151,0.8184153360298322,1336113022985.6753,312,S2_panic_selling_defi,indonesia,USDC
152,0.8226840309748299,1302703668988.4487,312,S2_panic_selling_defi,indonesia,USDC
153,0.810197918750544,1270130828637.6055,312,S2_panic_selling_defi,indonesia,USDC
154,0.7781747216508873,1238372615795.733,312,S2_panic_selling_defi,indonesia,USDC
155,0.8130968937861408,1207408438832.6274,312,S2_panic_selling_defi,indonesia,USDC
156,0.8159978132647501,1177220091602.0679,312,S2_panic_selling_defi,indonesia,USDC
157,0.8082794354589283,1147786987628.6245,312,S2_panic_selling_defi,indonesia,USDC
158,0.816649577865685,1119090045488.8008,312,S2_panic_selling_defi,indonesia,USDC
159,0.8018611147677333,1091110905641.5002,312,S2_panic_selling_defi,indonesia,USDC
160,0.8196204400805183,1063831381872.2771,312,S2_panic_selling_defi,indonesia,USDC
161,0.8017565416732145,1037234298072.6011,312,S2_panic_selling_defi,indonesia,USDC
162,0.7936461433968435,1011302232497.3025,312,S2_panic_selling_defi,indonesia,USDC
163,0.797243325799325,986018620808.6233,312,S2_panic_selling_defi,indonesia,USDC
164,0.7910588677780532,961367267182.0679,312,S2_panic_selling_defi,indonesia,USDC
165,0.8032433233752878,937332358747.3684,312,S2_panic_selling_defi,indonesia,USDC
166,0.686313394900866,913898470134.5498,312,S2_panic_selling_defi,indonesia,USDC
167,0.7112614366363055,891050206849.4822,312,S2_panic_selling_defi,indonesia,USDC
168,0.7261874978530002,868773450348.0935,312,S2_panic_selling_defi,indonesia,USDC
169,0.7253512558550071,847053746749.308,312,S2_panic_selling_defi,indonesia,USDC
170,0.7596521082723838,825877125339.0435,312,S2_panic_selling_defi,indonesia,USDC
171,0.7770271162714568,805230017647.5173,312,S2_panic_selling_defi,indonesia,USDC
172,0.777250979259878,785099142635.6781,312,S2_panic_selling_defi,indonesia,USDC
173,0.7656032500165232,765471562968.0048,312,S2_panic_selling_defi,indonesia,USDC
174,0.7886577337939744,746334684953.0527,312,S2_panic_selling_defi,indonesia,USDC
175,0.8075756510470632,727676253698.9072,312,S2_panic_selling_defi,indonesia,USDC
176,0.8081986959242703,709484301403.7411,312,S2_panic_selling_defi,indonesia,USDC
177,0.8280377585593774,691747156229.1484,312,S2_panic_selling_defi,indonesia,USDC
178,0.8219890803697666,674453448321.7893,312,S2_panic_selling_defi,indonesia,USDC
179,0.8345277167321805,657592087271.0762,312,S2_panic_selling_defi,indonesia,USDC
180,0.8450544171265318,641152264775.4717,312,S2_panic_selling_defi,indonesia,USDC
181,0.8430126770222307,625123442682.4701,312,S2_panic_selling_defi,indonesia,USDC
182,0.8236439057062823,609495342786.2125,312,S2_panic_selling_defi,indonesia,USDC
183,0.8233204503558148,594257945212.3732,312,S2_panic_selling_defi,indonesia,USDC
184,0.8130257532453686,579401484285.2384,312,S2_panic_selling_defi,indonesia,USDC
185,0.826001650923348,564916436149.6216,312,S2_panic_selling_defi,indonesia,USDC
186,0.8287093217609665,550793516125.5667,312,S2_panic_selling_defi,indonesia,USDC
187,0.8179578792741916,537023671063.9948,312,S2_panic_selling_defi,indonesia,USDC
188,0.8142723098520448,523598072632.9614,312,S2_panic_selling_defi,indonesia,USDC
189,0.8088920618857022,510508115004.3273,312,S2_panic_selling_defi,indonesia,USDC
190,0.8274380610051941,497745407021.71655,312,S2_panic_selling_defi,indonesia,USDC
191,0.8181706080548019,485301768037.66656,312,S2_panic_selling_defi,indonesia,USDC
192,0.8262771051972255,473169220115.4719,312,S2_panic_selling_defi,indonesia,USDC
193,0.8268999784366365,461339986760.9452,312,S2_panic_selling_defi,indonesia,USDC
194,0.8191698560779096,449806484707.7732,312,S2_panic_selling_defi,indonesia,USDC
195,0.8002856850909017,438561320376.75366,312,S2_panic_selling_defi,indonesia,USDC
196,0.7984805612931715,427597285204.40533,312,S2_panic_selling_defi,indonesia,USDC
197,0.8006528490477597,416907351228.0991,312,S2_panic_selling_defi,indonesia,USDC
198,0.7840872207108327,406484665946.90015,312,S2_panic_selling_defi,indonesia,USDC
199,0.7829838940240788,396322547938.54095,312,S2_panic_selling_defi,indonesia,USDC
200,0.786671651524932,386414483134.46924,312,S2_panic_selling_defi,indonesia,USDC
201,0.7905964487111736,376754120198.1465,312,S2_panic_selling_defi,indonesia,USDC
202,0.7801297413756243,367335266495.75507,312,S2_panic_selling_defi,indonesia,USDC
203,0.7730032135919813,358151884231.75195,312,S2_panic_selling_defi,indonesia,USDC
204,0.7727327141268766,349198086643.0902,312,S2_panic_selling_defi,indonesia,USDC
205,0.7729322646772807,340468134072.51434,312,S2_panic_selling_defi,indonesia,USDC
206,0.7454206180678147,331956430398.7911,312,S2_panic_selling_defi,indonesia,USDC
207,0.7332685066388203,323657519352.0503,312,S2_panic_selling_defi,indonesia,USDC
208,0.7654135161788952,315566081130.0984,312,S2_panic_selling_defi,indonesia,USDC
209,0.7687597147054858,307676928952.1608,312,S2_panic_selling_defi,indonesia,USDC
210,0.7830648844347369,299985005613.3806,312,S2_panic_selling_defi,indonesia,USDC
211,0.8026600257839882,292485380385.4014,312,S2_panic_selling_defi,indonesia,USDC
212,0.8114496339734845,285173245810.59204,312,S2_panic_selling_defi,indonesia,USDC
213,0.8139117782713979,278043914612.99194,312,S2_panic_selling_defi,indonesia,USDC
214,0.8250425901003875,271092816705.428,312,S2_panic_selling_defi,indonesia,USDC
215,0.8269972399361232,264315496254.0771,312,S2_panic_selling_defi,indonesia,USDC
216,0.8106955901120871,257707608820.0135,312,S2_panic_selling_defi,indonesia,USDC
217,0.8139641945839324,251264918573.09448,312,S2_panic_selling_defi,indonesia,USDC
218,0.8078056168022899,244983295587.0354,312,S2_panic_selling_defi,indonesia,USDC
219,0.8147730115349794,238858713178.73083,312,S2_panic_selling_defi,indonesia,USDC
220,0.8161558674948832,232887245333.6753,312,S2_panic_selling_defi,indonesia,USDC
221,0.8036024914747298,227065064187.88065,312,S2_panic_selling_defi,indonesia,USDC
222,0.7961350064411372,221388437571.5188,312,S2_panic_selling_defi,indonesia,USDC
223,0.8199051703774927,215853726622.4951,312,S2_panic_selling_defi,indonesia,USDC
224,0.7997434981099585,210457383449.51105,312,S2_panic_selling_defi,indonesia,USDC
225,0.8101371397215853,205195948856.4415,312,S2_panic_selling_defi,indonesia,USDC
226,0.8099879938001426,200066050129.80478,312,S2_panic_selling_defi,indonesia,USDC
227,0.8096104506339382,195064398872.13992,312,S2_panic_selling_defi,indonesia,USDC
228,0.814175661966027,190187788896.59357,312,S2_panic_selling_defi,indonesia,USDC
229,0.8145020593679098,185433094171.1089,312,S2_panic_selling_defi,indonesia,USDC
230,0.8209655579386893,180797266814.06564,312,S2_panic_selling_defi,indonesia,USDC
231,0.8251804379424679,176277335141.4883,312,S2_panic_selling_defi,indonesia,USDC
232,0.8349282022340536,171870401761.12067,312,S2_panic_selling_defi,indonesia,USDC
233,0.8107871679704177,167573641715.67084,312,S2_panic_selling_defi,indonesia,USDC
234,0.7742632970135704,163384300671.3605,312,S2_panic_selling_defi,indonesia,USDC
235,0.7736190899725172,159299693153.04498,312,S2_panic_selling_defi,indonesia,USDC
236,0.7608282096761206,155317200823.06308,312,S2_panic_selling_defi,indonesia,USDC
237,0.7664840724421014,151434270801.48984,312,S2_panic_selling_defi,indonesia,USDC
238,0.7432296745894125,147648414030.63315,312,S2_panic_selling_defi,indonesia,USDC
239,0.739100065743795,143957203679.1587,312,S2_panic_selling_defi,indonesia,USDC
240,0.764114021643056,140358273586.6245,312,S2_panic_selling_defi,indonesia,USDC
241,0.776522095794007,136849316746.57211,312,S2_panic_selling_defi,indonesia,USDC
242,0.7753182834350285,133428083827.62674,312,S2_panic_selling_defi,indonesia,USDC
243,0.7434054465644927,130092381731.71323,312,S2_panic_selling_defi,indonesia,USDC
244,0.7562568456411773,126840072188.21509,312,S2_panic_selling_defi,indonesia,USDC
245,0.7469511197841555,123669070383.35883,312,S2_panic_selling_defi,indonesia,USDC
246,0.7218494302360887,120577343623.64507,312,S2_panic_selling_defi,indonesia,USDC
247,0.7469711511757919,117562910032.94415,312,S2_panic_selling_defi,indonesia,USDC
248,0.7436998424770813,114623837282.04773,312,S2_panic_selling_defi,indonesia,USDC
249,0.7658511339749506,111758241349.93866,312,S2_panic_selling_defi,indonesia,USDC
250,0.7922000655965173,108964285316.14952,312,S2_panic_selling_defi,indonesia,USDC
251,0.7906552589917487,106240178183.2168,312,S2_panic_selling_defi,indonesia,USDC
252,0.8089536764173653,103584173728.61136,312,S2_panic_selling_defi,indonesia,USDC
253,0.7997406139364687,100994569385.37811,312,S2_panic_selling_defi,indonesia,USDC
254,0.8235800858259605,98469705150.7284,312,S2_panic_selling_defi,indonesia,USDC
255,0.7886378165308456,96007962521.94923,312,S2_panic_selling_defi,indonesia,USDC
256,0.7865621270054216,93607763458.88885,312,S2_panic_selling_defi,indonesia,USDC
257,0.7835532800330164,91267569372.4069,312,S2_panic_selling_defi,indonesia,USDC
258,0.7948761936826411,88985880138.08862,312,S2_panic_selling_defi,indonesia,USDC
259,0.7826209646178992,86761233134.63004,312,S2_panic_selling_defi,indonesia,USDC
260,0.7716891382758563,84592202306.25876,312,S2_panic_selling_defi,indonesia,USDC
261,0.7737824105914494,82477397248.59752,312,S2_panic_selling_defi,indonesia,USDC
262,0.7488653039287584,80415462317.37852,312,S2_panic_selling_defi,indonesia,USDC
263,0.7612937307563701,78405075759.44048,312,S2_panic_selling_defi,indonesia,USDC
264,0.7615547348703846,76444948865.45186,312,S2_panic_selling_defi,indonesia,USDC
265,0.7695299879408192,74533825143.81354,312,S2_panic_selling_defi,indonesia,USDC
266,0.7857145925950154,72670479515.21661,312,S2_panic_selling_defi,indonesia,USDC
267,0.7590328488508371,70853717527.33502,312,S2_panic_selling_defi,indonesia,USDC
268,0.7725011609555856,69082374589.15056,312,S2_panic_selling_defi,indonesia,USDC
269,0.7691462810105016,67355315224.421036,312,S2_panic_selling_defi,indonesia,USDC
270,0.7862439104301205,65671432343.80988,312,S2_panic_selling_defi,indonesia,USDC
271,0.7734365793853498,64029646535.21418,312,S2_panic_selling_defi,indonesia,USDC
272,0.7770576407929007,62428905371.833405,312,S2_panic_selling_defi,indonesia,USDC
273,0.7679203452271303,60868182737.537254,312,S2_panic_selling_defi,indonesia,USDC
274,0.7727083015337434,59346478169.09854,312,S2_panic_selling_defi,indonesia,USDC
275,0.7763242806671216,57862816214.870865,312,S2_panic_selling_defi,indonesia,USDC
276,0.7692949682926509,56416245809.49894,312,S2_panic_selling_defi,indonesia,USDC
277,0.7663929134936334,55005839664.26132,312,S2_panic_selling_defi,indonesia,USDC
278,0.7605668126003742,53630693672.654686,312,S2_panic_selling_defi,indonesia,USDC
279,0.749548878958533,52289926330.83821,312,S2_panic_selling_defi,indonesia,USDC
280,0.7420516202026972,50982678172.567184,312,S2_panic_selling_defi,indonesia,USDC
281,0.7480534919844299,49708111218.25294,312,S2_panic_selling_defi,indonesia,USDC
282,0.7459356456521614,48465408437.79657,312,S2_panic_selling_defi,indonesia,USDC
283,0.7612199999808387,47253773226.851616,312,S2_panic_selling_defi,indonesia,USDC
284,0.7417028012531246,46072428896.1803,312,S2_panic_selling_defi,indonesia,USDC
285,0.7471606866125948,44920618173.775764,312,S2_panic_selling_defi,indonesia,USDC
286,0.7449679240618462,43797602719.43135,312,S2_panic_selling_defi,indonesia,USDC
287,0.7430429592581355,42702662651.44556,312,S2_panic_selling_defi,indonesia,USDC
288,0.7335012781566025,41635096085.15941,312,S2_panic_selling_defi,indonesia,USDC
289,0.7235161199813899,40594218683.03041,312,S2_panic_selling_defi,indonesia,USDC
290,0.7262448331903839,39579363215.95465,312,S2_panic_selling_defi,indonesia,USDC
291,0.7234212763031237,38589879135.55578,312,S2_panic_selling_defi,indonesia,USDC
292,0.7364368364049829,37625132157.16688,312,S2_panic_selling_defi,indonesia,USDC
293,0.7387361567886548,36684503853.2377,312,S2_panic_selling_defi,indonesia,USDC
294,0.7700799159532618,35767391256.90676,312,S2_panic_selling_defi,indonesia,USDC
295,0.7509881072039434,34873206475.48409,312,S2_panic_selling_defi,indonesia,USDC
296,0.7660676808574742,34001376313.596985,312,S2_panic_selling_defi,indonesia,USDC
297,0.794948320944651,33151341905.75706,312,S2_panic_selling_defi,indonesia,USDC
298,0.7394575834168213,32322558358.113136,312,S2_panic_selling_defi,indonesia,USDC
299,0.742592596020551,31514494399.1603,312,S2_panic_selling_defi,indonesia,USDC
300,0.7539900859218157,30726632039.181297,312,S2_panic_selling_defi,indonesia,USDC
301,0.7570685681983145,29958466238.201767,312,S2_panic_selling_defi,indonesia,USDC
302,0.757809253737189,29209504582.24672,312,S2_panic_selling_defi,indonesia,USDC
303,0.7775055557053507,28479266967.69055,312,S2_panic_selling_defi,indonesia,USDC
304,0.7675113017791171,27767285293.49829,312,S2_panic_selling_defi,indonesia,USDC
305,0.763264992812152,27073103161.160835,312,S2_panic_selling_defi,indonesia,USDC
306,0.7598067196976372,26396275582.131813,312,S2_panic_selling_defi,indonesia,USDC
307,0.7581408265398814,25736368692.57852,312,S2_panic_selling_defi,indonesia,USDC
308,0.7816833900227961,25092959475.264057,312,S2_panic_selling_defi,indonesia,USDC
309,0.7809992763310304,24465635488.382454,312,S2_panic_selling_defi,indonesia,USDC
310,0.8110620786871898,23853994601.172894,312,S2_panic_selling_defi,indonesia,USDC
311,0.8234493553067123,23257644736.14357,312,S2_panic_selling_defi,indonesia,USDC
312,0.794721746517691,22676203617.739983,312,S2_panic_selling_defi,indonesia,USDC
313,0.8186325019678786,22109298527.296482,312,S2_panic_selling_defi,indonesia,USDC
314,0.8222847672594273,21556566064.11407,312,S2_panic_selling_defi,indonesia,USDC
315,0.8120166594991453,21017651912.51122,312,S2_panic_selling_defi,indonesia,USDC
316,0.8321775400042063,20492210614.698437,312,S2_panic_selling_defi,indonesia,USDC
317,0.8328698640171907,19979905349.33098,312,S2_panic_selling_defi,indonesia,USDC
318,0.8380420382462729,19480407715.597702,312,S2_panic_selling_defi,indonesia,USDC
319,0.8240311058705743,18993397522.70776,312,S2_panic_selling_defi,indonesia,USDC
320,0.8404511671786931,18518562584.640064,312,S2_panic_selling_defi,indonesia,USDC
321,0.8251429948062677,18055598520.024063,312,S2_panic_selling_defi,indonesia,USDC
322,0.8423297936330914,17604208557.02346,312,S2_panic_selling_defi,indonesia,USDC
323,0.8467212666008583,17164103343.097874,312,S2_panic_selling_defi,indonesia,USDC
324,0.8399167208483218,16735000759.520428,312,S2_panic_selling_defi,indonesia,USDC
325,0.8434387699438659,16316625740.532417,312,S2_panic_selling_defi,indonesia,USDC
326,0.8296574682066488,15908710097.019108,312,S2_panic_selling_defi,indonesia,USDC
327,0.8223132859557148,15510992344.593628,312,S2_panic_selling_defi,indonesia,USDC
328,0.8145379144845398,15123217535.978786,312,S2_panic_selling_defi,indonesia,USDC
329,0.8335528672584717,14745137097.579319,312,S2_panic_selling_defi,indonesia,USDC
330,0.8232465154758816,14376508670.139835,312,S2_panic_selling_defi,indonesia,USDC
331,0.8241611669986764,14017095953.386341,312,S2_panic_selling_defi,indonesia,USDC
332,0.8032983998198067,13666668554.551682,312,S2_panic_selling_defi,indonesia,USDC
333,0.7997755246675263,13325001840.687893,312,S2_panic_selling_defi,indonesia,USDC
334,0.8166708432823007,12991876794.670696,312,S2_panic_selling_defi,indonesia,USDC
335,0.8328071645136909,12667079874.803926,312,S2_panic_selling_defi,indonesia,USDC
336,0.8232917986502292,12350402877.93383,312,S2_panic_selling_defi,indonesia,USDC
337,0.8153436419325647,12041642805.985483,312,S2_panic_selling_defi,indonesia,USDC
338,0.8175893530062287,11740601735.835846,312,S2_panic_selling_defi,indonesia,USDC
339,0.8024623614915818,11447086692.439949,312,S2_panic_selling_defi,indonesia,USDC
340,0.8020901965738546,11160909525.128952,312,S2_panic_selling_defi,indonesia,USDC
341,0.8217904141792094,10881886787.000727,312,S2_panic_selling_defi,indonesia,USDC
342,0.8031607555374236,10609839617.325708,312,S2_panic_selling_defi,indonesia,USDC
343,0.8098841196002367,10344593626.892567,312,S2_panic_selling_defi,indonesia,USDC
344,0.8176834727787885,10085978786.220251,312,S2_panic_selling_defi,indonesia,USDC
345,0.8300277466651891,9833829316.564747,312,S2_panic_selling_defi,indonesia,USDC
346,0.838049122516129,9587983583.650627,312,S2_panic_selling_defi,indonesia,USDC
347,0.8228842296957719,9348283994.059362,312,S2_panic_selling_defi,indonesia,USDC
348,0.8112166025953204,9114576894.207878,312,S2_panic_selling_defi,indonesia,USDC
349,0.81901434704559,8886712471.85268,312,S2_panic_selling_defi,indonesia,USDC
350,0.8241448880120678,8664544660.056362,312,S2_panic_selling_defi,indonesia,USDC
351,0.831968210115931,8447931043.554955,312,S2_panic_selling_defi,indonesia,USDC
352,0.8475896587922637,8236732767.46608,312,S2_panic_selling_defi,indonesia,USDC
353,0.8217740619082088,8030814448.279428,312,S2_panic_selling_defi,indonesia,USDC
354,0.8062457074922332,7830044087.072442,312,S2_panic_selling_defi,indonesia,USDC
355,0.8205476709654639,7634292984.895632,312,S2_panic_selling_defi,indonesia,USDC
356,0.7973775537056894,7443435660.273241,312,S2_panic_selling_defi,indonesia,USDC
357,0.8177966902348788,7257349768.766409,312,S2_panic_selling_defi,indonesia,USDC
358,0.8073364999886031,7075916024.547249,312,S2_panic_selling_defi,indonesia,USDC
359,0.7970768698370688,6899018123.933568,312,S2_panic_selling_defi,indonesia,USDC
360,0.8139159984788481,6726542670.835229,312,S2_panic_selling_defi,indonesia,USDC
361,0.8125168717670684,6558379104.064348,312,S2_panic_selling_defi,indonesia,USDC
362,0.82524936629815,6394419626.462739,312,S2_panic_selling_defi,indonesia,USDC
363,0.8233260961678834,6234559135.801171,312,S2_panic_selling_defi,indonesia,USDC
364,0.8263366174864027,6078695157.406142,312,S2_panic_selling_defi,indonesia,USDC
365,0.8354572918285526,5926727778.470989,312,S2_panic_selling_defi,indonesia,USDC
366,0.8133932814987478,5778559584.009213,312,S2_panic_selling_defi,indonesia,USDC
367,0.8058008000365013,5634095594.408983,312,S2_panic_selling_defi,indonesia,USDC
368,0.7851073452981013,5493243204.5487585,312,S2_panic_selling_defi,indonesia,USDC
369,0.8020506078157117,5355912124.4350395,312,S2_panic_selling_defi,indonesia,USDC
370,0.8119635152110839,5222014321.324163,312,S2_panic_selling_defi,indonesia,USDC
371,0.8123408964293451,5091463963.29106,312,S2_panic_selling_defi,indonesia,USDC
372,0.823787611348507,4964177364.208783,312,S2_panic_selling_defi,indonesia,USDC
373,0.8214489676301876,4840072930.103564,312,S2_panic_selling_defi,indonesia,USDC
374,0.8404725983427767,4719071106.850975,312,S2_panic_selling_defi,indonesia,USDC
375,0.8281448072539586,4601094329.179701,312,S2_panic_selling_defi,indonesia,USDC
376,0.8218427960900306,4486066970.950208,312,S2_panic_selling_defi,indonesia,USDC
377,0.8355625075851543,4373915296.676453,312,S2_panic_selling_defi,indonesia,USDC
378,0.8336870365460787,4264567414.2595415,312,S2_panic_selling_defi,indonesia,USDC
379,0.8244661951087953,4157953228.903053,312,S2_panic_selling_defi,indonesia,USDC
380,0.8230648847680144,4054004398.180476,312,S2_panic_selling_defi,indonesia,USDC
381,0.7307478536178178,3952654288.225964,312,S2_panic_selling_defi,indonesia,USDC
382,0.7443817915321516,3853837931.0203156,312,S2_panic_selling_defi,indonesia,USDC
383,0.7375422845997073,3757491982.7448077,312,S2_panic_selling_defi,indonesia,USDC
384,0.7233111910812494,3663554683.1761875,312,S2_panic_selling_defi,indonesia,USDC
385,0.7188449978110804,3571965816.0967827,312,S2_panic_selling_defi,indonesia,USDC
386,0.72623745897117,3482666670.6943626,312,S2_panic_selling_defi,indonesia,USDC
387,0.7231530873919852,3395600003.927004,312,S2_panic_selling_defi,indonesia,USDC
388,0.7174338779736413,3310710003.828829,312,S2_panic_selling_defi,indonesia,USDC
389,0.7284527468966295,3227942253.7331076,312,S2_panic_selling_defi,indonesia,USDC
390,0.7453438195401593,3147243697.38978,312,S2_panic_selling_defi,indonesia,USDC
391,0.7684560481980788,3068562604.9550357,312,S2_panic_selling_defi,indonesia,USDC
392,0.7535738512131007,2991848539.83116,312,S2_panic_selling_defi,indonesia,USDC
393,0.7877021896398536,2917052326.335381,312,S2_panic_selling_defi,indonesia,USDC
394,0.7781425711589247,2844126018.1769967,312,S2_panic_selling_defi,indonesia,USDC
395,0.7730618317605916,2773022867.722572,312,S2_panic_selling_defi,indonesia,USDC
396,0.7772034175278594,2703697296.029507,312,S2_panic_selling_defi,indonesia,USDC
397,0.7831897568009214,2636104863.6287694,312,S2_panic_selling_defi,indonesia,USDC
398,0.7870684500416756,2570202242.0380507,312,S2_panic_selling_defi,indonesia,USDC
399,0.7722320730994352,2505947185.9870987,312,S2_panic_selling_defi,indonesia,USDC
400,0.7518008204454618,2443298506.3374214,312,S2_panic_selling_defi,indonesia,USDC
401,0.7439868777920283,2382216043.678986,312,S2_panic_selling_defi,indonesia,USDC
402,0.7088958407337925,2322660642.5870113,312,S2_panic_selling_defi,indonesia,USDC
403,0.7097080924114345,2264594126.522336,312,S2_panic_selling_defi,indonesia,USDC
404,0.7462243331010638,2207979273.3592777,312,S2_panic_selling_defi,indonesia,USDC
405,0.7720158001301595,2152779791.5252957,312,S2_panic_selling_defi,indonesia,USDC
406,0.7774343414568502,2098960296.737163,312,S2_panic_selling_defi,indonesia,USDC
407,0.7706839146629977,2046486289.3187342,312,S2_panic_selling_defi,indonesia,USDC
408,0.7563747011117351,1995324132.0857658,312,S2_panic_selling_defi,indonesia,USDC
409,0.7688919149319523,1945441028.7836218,312,S2_panic_selling_defi,indonesia,USDC
410,0.7363677720136447,1896805003.0640311,312,S2_panic_selling_defi,indonesia,USDC
411,0.7411651374729012,1849384877.9874303,312,S2_panic_selling_defi,indonesia,USDC
412,0.7385486440851893,1803150256.0377445,312,S2_panic_selling_defi,indonesia,USDC
413,0.7312115992333995,1758071499.6368008,312,S2_panic_selling_defi,indonesia,USDC
414,0.7383384555519157,1714119712.1458807,312,S2_panic_selling_defi,indonesia,USDC
415,0.7630067514580393,1671266719.342234,312,S2_panic_selling_defi,indonesia,USDC
416,0.7648937006051906,1629485051.3586779,312,S2_panic_selling_defi,indonesia,USDC
417,0.7815555523185369,1588747925.074711,312,S2_panic_selling_defi,indonesia,USDC
418,0.7618309598606583,1549029226.9478433,312,S2_panic_selling_defi,indonesia,USDC
419,0.765590435976975,1510303496.2741473,312,S2_panic_selling_defi,indonesia,USDC
420,0.7588329074807122,1472545908.8672936,312,S2_panic_selling_defi,indonesia,USDC
421,0.7800703239003748,1435732261.1456113,312,S2_panic_selling_defi,indonesia,USDC
422,0.7907540739071088,1399838954.616971,312,S2_panic_selling_defi,indonesia,USDC
423,0.7830609375506251,1364842980.7515466,312,S2_panic_selling_defi,indonesia,USDC
424,0.7844729270303489,1330721906.232758,312,S2_panic_selling_defi,indonesia,USDC
425,0.792542648056393,1297453858.576939,312,S2_panic_selling_defi,indonesia,USDC
426,0.7819633866919046,1265017512.1125154,312,S2_panic_selling_defi,indonesia,USDC
427,0.7753272011629971,1233392074.3097026,312,S2_panic_selling_defi,indonesia,USDC
428,0.7430699946473787,1202557272.45196,312,S2_panic_selling_defi,indonesia,USDC
429,0.7489377405830526,1172493340.640661,312,S2_panic_selling_defi,indonesia,USDC
430,0.6877484367926244,1143181007.1246445,312,S2_panic_selling_defi,indonesia,USDC
431,0.707610426501512,1114601481.9465284,312,S2_panic_selling_defi,indonesia,USDC
432,0.7122614758946461,1086736444.8978653,312,S2_panic_selling_defi,indonesia,USDC
433,0.7112879983368263,1059568033.7754185,312,S2_panic_selling_defi,indonesia,USDC
434,0.7201119830846776,1033078832.9310331,312,S2_panic_selling_defi,indonesia,USDC
435,0.7112364744643042,1007251862.1077573,312,S2_panic_selling_defi,indonesia,USDC
436,0.7147273070398279,982070565.5550632,312,S2_panic_selling_defi,indonesia,USDC
437,0.7317706399614207,957518801.4161868,312,S2_panic_selling_defi,indonesia,USDC
438,0.7271257003413781,933580831.3807821,312,S2_panic_selling_defi,indonesia,USDC
439,0.726252966341026,910241310.5962626,312,S2_panic_selling_defi,indonesia,USDC
440,0.724653982120141,887485277.831356,312,S2_panic_selling_defi,indonesia,USDC
441,0.7328686702094411,865298145.8855722,312,S2_panic_selling_defi,indonesia,USDC
442,0.7382490266377085,843665692.2384329,312,S2_panic_selling_defi,indonesia,USDC
443,0.6335070807870835,822574049.932472,312,S2_panic_selling_defi,indonesia,USDC
444,0.6528162745896431,802009698.6841602,312,S2_panic_selling_defi,indonesia,USDC
445,0.6727354512115292,781959456.2170562,312,S2_panic_selling_defi,indonesia,USDC
446,0.6996544739795011,762410469.8116298,312,S2_panic_selling_defi,indonesia,USDC
447,0.6949803154576274,743350208.066339,312,S2_panic_selling_defi,indonesia,USDC
448,0.702465616460345,724766452.8646805,312,S2_panic_selling_defi,indonesia,USDC
449,0.7216503057327205,706647291.5430634,312,S2_panic_selling_defi,indonesia,USDC
450,0.7515654594048822,688981109.2544869,312,S2_panic_selling_defi,indonesia,USDC
451,0.7407400890278297,671756581.5231247,312,S2_panic_selling_defi,indonesia,USDC
452,0.7145737501970746,654962666.9850466,312,S2_panic_selling_defi,indonesia,USDC
453,0.7145499449431725,638588600.3104205,312,S2_panic_selling_defi,indonesia,USDC
454,0.7120583951911397,622623885.30266,312,S2_panic_selling_defi,indonesia,USDC
455,0.7349157586200248,607058288.1700934,312,S2_panic_selling_defi,indonesia,USDC
456,0.7550650879141764,591881830.965841,312,S2_panic_selling_defi,indonesia,USDC
457,0.7643436411730108,577084785.191695,312,S2_panic_selling_defi,indonesia,USDC
458,0.7561337603122924,562657665.5619026,312,S2_panic_selling_defi,indonesia,USDC
459,0.7617280675535735,548591223.9228551,312,S2_panic_selling_defi,indonesia,USDC
460,0.7579492955570574,534876443.3247838,312,S2_panic_selling_defi,indonesia,USDC
461,0.7558844255390892,521504532.2416642,312,S2_panic_selling_defi,indonesia,USDC
462,0.7750359874093106,508466918.9356225,312,S2_panic_selling_defi,indonesia,USDC
463,0.7597628047038211,495755245.962232,312,S2_panic_selling_defi,indonesia,USDC
464,0.777999174715871,483361364.8131763,312,S2_panic_selling_defi,indonesia,USDC
465,0.7657388693892188,471277330.69284683,312,S2_panic_selling_defi,indonesia,USDC
466,0.7748083321684266,459495397.42552567,312,S2_panic_selling_defi,indonesia,USDC
467,0.77551183035675,448008012.4898875,312,S2_panic_selling_defi,indonesia,USDC
468,0.7787222171433166,436807812.1776403,312,S2_panic_selling_defi,indonesia,USDC
469,0.7810565337010198,425887616.87319934,312,S2_panic_selling_defi,indonesia,USDC
470,0.7900800356845612,415240426.4513693,312,S2_panic_selling_defi,indonesia,USDC
471,0.8129027829279669,404859415.7900851,312,S2_panic_selling_defi,indonesia,USDC
472,0.809175107819837,394737930.39533293,312,S2_panic_selling_defi,indonesia,USDC
473,0.800232656050064,384869482.13544965,312,S2_panic_selling_defi,indonesia,USDC
474,0.7873894072976294,375247745.08206344,312,S2_panic_selling_defi,indonesia,USDC
475,0.7811874254272645,365866551.45501184,312,S2_panic_selling_defi,indonesia,USDC
476,0.7756782111800671,356719887.66863656,312,S2_panic_selling_defi,indonesia,USDC
477,0.7935956198121301,347801890.4769206,312,S2_panic_selling_defi,indonesia,USDC
478,0.8283936019239173,339106843.2149976,312,S2_panic_selling_defi,indonesia,USDC
479,0.8107582969409094,330629172.1346227,312,S2_panic_selling_defi,indonesia,USDC
480,0.8010574363651727,322363442.8312571,312,S2_panic_selling_defi,indonesia,USDC
481,0.8072760439361829,314304356.7604757,312,S2_panic_selling_defi,indonesia,USDC
482,0.8085384048390213,306446747.8414638,312,S2_panic_selling_defi,indonesia,USDC
483,0.8266259914499361,298785579.1454272,312,S2_panic_selling_defi,indonesia,USDC
484,0.8263306897053941,291315939.66679156,312,S2_panic_selling_defi,indonesia,USDC
485,0.8257480558822398,284033041.1751218,312,S2_panic_selling_defi,indonesia,USDC
486,0.8147301285886207,276932215.1457437,312,S2_panic_selling_defi,indonesia,USDC
487,0.8398300236570301,270008909.7671001,312,S2_panic_selling_defi,indonesia,USDC
488,0.8114405097298781,263258687.02292258,312,S2_panic_selling_defi,indonesia,USDC
489,0.8287666242321221,256677219.84734952,312,S2_panic_selling_defi,indonesia,USDC
490,0.8378682969315083,250260289.35116577,312,S2_panic_selling_defi,indonesia,USDC
491,0.8126342894968426,244003782.11738667,312,S2_panic_selling_defi,indonesia,USDC
492,0.810861416136001,237903687.564452,312,S2_panic_selling_defi,indonesia,USDC
493,0.8215559785279154,231956095.3753407,312,S2_panic_selling_defi,indonesia,USDC
494,0.8223622677882078,226157192.99095717,312,S2_panic_selling_defi,indonesia,USDC
495,0.7883570294820275,220503263.16618326,312,S2_panic_selling_defi,indonesia,USDC
496,0.7843884417401751,214990681.58702868,312,S2_panic_selling_defi,indonesia,USDC
497,0.7988463467783288,209615914.54735294,312,S2_panic_selling_defi,indonesia,USDC
498,0.7889294944375321,204375516.68366915,312,S2_panic_selling_defi,indonesia,USDC
499,0.7734871833797778,199266128.7665774,312,S2_panic_selling_defi,indonesia,USDC
500,0.7599961942487248,194284475.54741296,312,S2_panic_selling_defi,indonesia,USDC
501,0.7460734556721993,189427363.65872765,312,S2_panic_selling_defi,indonesia,USDC
502,0.7655356389718324,184691679.56725946,312,S2_panic_selling_defi,indonesia,USDC
503,0.8006044395921547,180074387.57807797,312,S2_panic_selling_defi,indonesia,USDC
504,0.7864224817126496,175572527.88862604,312,S2_panic_selling_defi,indonesia,USDC
505,0.7828258242560496,171183214.69141036,312,S2_panic_selling_defi,indonesia,USDC
506,0.7744167656909778,166903634.3241251,312,S2_panic_selling_defi,indonesia,USDC
507,0.7725609123189654,162731043.46602196,312,S2_panic_selling_defi,indonesia,USDC
508,0.7415807821707683,158662767.37937143,312,S2_panic_selling_defi,indonesia,USDC
509,0.7337761859305014,154696198.19488716,312,S2_panic_selling_defi,indonesia,USDC
510,0.7307642185382597,150828793.24001497,312,S2_panic_selling_defi,indonesia,USDC
511,0.7436122046470841,147058073.40901458,312,S2_panic_selling_defi,indonesia,USDC
512,0.7408512736532515,143381621.57378924,312,S2_panic_selling_defi,indonesia,USDC
513,0.7540033154403409,139797081.03444448,312,S2_panic_selling_defi,indonesia,USDC
514,0.7309364286760318,136302154.0085834,312,S2_panic_selling_defi,indonesia,USDC
515,0.7296554316857012,132894600.1583688,312,S2_panic_selling_defi,indonesia,USDC
516,0.7267898987751252,129572235.15440956,312,S2_panic_selling_defi,indonesia,USDC
517,0.7276275282609642,126332929.27554932,312,S2_panic_selling_defi,indonesia,USDC
518,0.7560641147037483,123174606.04366058,312,S2_panic_selling_defi,indonesia,USDC
519,0.757475150805447,120095240.89256908,312,S2_panic_selling_defi,indonesia,USDC
520,0.7539995761500269,117092859.87025486,312,S2_panic_selling_defi,indonesia,USDC
521,0.74009605521232,114165538.37349848,312,S2_panic_selling_defi,indonesia,USDC
522,0.7326787377078118,111311399.91416103,312,S2_panic_selling_defi,indonesia,USDC
523,0.7526887269116603,108528614.916307,312,S2_panic_selling_defi,indonesia,USDC
524,0.7625674261717892,105815399.54339932,312,S2_panic_selling_defi,indonesia,USDC
525,0.7643032411153879,103170014.55481434,312,S2_panic_selling_defi,indonesia,USDC
526,0.775989536610931,100590764.19094399,312,S2_panic_selling_defi,indonesia,USDC
527,0.744147892510906,98075995.08617039,312,S2_panic_selling_defi,indonesia,USDC
528,0.7556784791534862,95624095.20901613,312,S2_panic_selling_defi,indonesia,USDC
529,0.7467749773149857,93233492.82879072,312,S2_panic_selling_defi,indonesia,USDC
530,0.7600477618578942,90902655.50807095,312,S2_panic_selling_defi,indonesia,USDC
531,0.7543746971528863,88630089.12036918,312,S2_panic_selling_defi,indonesia,USDC
532,0.7344249654983093,86414336.89235996,312,S2_panic_selling_defi,indonesia,USDC
533,0.7229103197771113,84253978.47005096,312,S2_panic_selling_defi,indonesia,USDC
534,0.7472884099069073,82147629.00829968,312,S2_panic_selling_defi,indonesia,USDC
535,0.7581003956817202,80093938.2830922,312,S2_panic_selling_defi,indonesia,USDC
536,0.7543571747798581,78091589.82601489,312,S2_panic_selling_defi,indonesia,USDC
537,0.7332616933338856,76139300.08036451,312,S2_panic_selling_defi,indonesia,USDC
538,0.7558756750235259,74235817.5783554,312,S2_panic_selling_defi,indonesia,USDC
539,0.7382482060233464,72379922.13889652,312,S2_panic_selling_defi,indonesia,USDC
540,0.7287546351397165,70570424.08542411,312,S2_panic_selling_defi,indonesia,USDC
541,0.7155426516067493,68806163.4832885,312,S2_panic_selling_defi,indonesia,USDC
542,0.7339904597887358,67086009.39620629,312,S2_panic_selling_defi,indonesia,USDC
543,0.7461154046059258,65408859.161301136,312,S2_panic_selling_defi,indonesia,USDC
544,0.7422857975300925,63773637.682268605,312,S2_panic_selling_defi,indonesia,USDC
545,0.7416273428320511,62179296.74021189,312,S2_panic_selling_defi,indonesia,USDC
546,0.7616524048466319,60624814.321706586,312,S2_panic_selling_defi,indonesia,USDC
547,0.757084188932762,59109193.96366392,312,S2_panic_selling_defi,indonesia,USDC
548,0.7628319638722731,57631464.11457233,312,S2_panic_selling_defi,indonesia,USDC
549,0.7653068213999953,56190677.51170802,312,S2_panic_selling_defi,indonesia,USDC
550,0.7576878365476405,54785910.57391532,312,S2_panic_selling_defi,indonesia,USDC
551,0.7537315718718366,53416262.80956743,312,S2_panic_selling_defi,indonesia,USDC
552,0.7540714544617346,52080856.23932825,312,S2_panic_selling_defi,indonesia,USDC
553,0.7572648046389282,50778834.83334504,312,S2_panic_selling_defi,indonesia,USDC
554,0.7723521454285296,49509363.96251141,312,S2_panic_selling_defi,indonesia,USDC
555,0.7548540730338672,48271629.86344863,312,S2_panic_selling_defi,indonesia,USDC
556,0.7527312779275277,47064839.11686241,312,S2_panic_selling_defi,indonesia,USDC
557,0.7589787068105813,45888218.13894085,312,S2_panic_selling_defi,indonesia,USDC
558,0.7523524509492264,44741012.68546733,312,S2_panic_selling_defi,indonesia,USDC
559,0.7607308990325669,43622487.36833065,312,S2_panic_selling_defi,indonesia,USDC
560,0.768389525836193,42531925.184122376,312,S2_panic_selling_defi,indonesia,USDC
561,0.7826266702724037,41468627.05451932,312,S2_panic_selling_defi,indonesia,USDC
562,0.7879477456109298,40431911.378156334,312,S2_panic_selling_defi,indonesia,USDC
563,0.7703131210677203,39421113.59370243,312,S2_panic_selling_defi,indonesia,USDC
564,0.7698015335204372,38435585.75385986,312,S2_panic_selling_defi,indonesia,USDC
565,0.7822822709874664,37474696.110013366,312,S2_panic_selling_defi,indonesia,USDC
566,0.7704631422146407,36537828.70726303,312,S2_panic_selling_defi,indonesia,USDC
567,0.7527059445471191,35624382.98958145,312,S2_panic_selling_defi,indonesia,USDC
568,0.7489083842034964,34733773.41484191,312,S2_panic_selling_defi,indonesia,USDC
569,0.7490762144798921,33865429.079470865,312,S2_panic_selling_defi,indonesia,USDC
570,0.7476729664142274,33018793.352484096,312,S2_panic_selling_defi,indonesia,USDC
571,0.7552210670475498,32193323.518671993,312,S2_panic_selling_defi,indonesia,USDC
572,0.7677706388618195,31388490.43070519,312,S2_panic_selling_defi,indonesia,USDC
573,0.7497969588280933,30603778.16993756,312,S2_panic_selling_defi,indonesia,USDC
574,0.7675990176256565,29838683.715689123,312,S2_panic_selling_defi,indonesia,USDC
575,0.7485070794379396,29092716.622796897,312,S2_panic_selling_defi,indonesia,USDC
576,0.7660445637762127,28365398.707226973,312,S2_panic_selling_defi,indonesia,USDC
577,0.764460397235913,27656263.739546303,312,S2_panic_selling_defi,indonesia,USDC
578,0.7655590167628142,26964857.146057643,312,S2_panic_selling_defi,indonesia,USDC
579,0.7635478056914705,26290735.717406206,312,S2_panic_selling_defi,indonesia,USDC
580,0.7565945334220767,25633467.32447105,312,S2_panic_selling_defi,indonesia,USDC
581,0.7629712078476529,24992630.641359273,312,S2_panic_selling_defi,indonesia,USDC
582,0.7722645809618277,24367814.875325292,312,S2_panic_selling_defi,indonesia,USDC
583,0.7870625935558017,23758619.50344216,312,S2_panic_selling_defi,indonesia,USDC
584,0.7753046963334106,23164654.015856106,312,S2_panic_selling_defi,indonesia,USDC
585,0.7897241026732122,22585537.665459704,312,S2_panic_selling_defi,indonesia,USDC
586,0.794480470670587,22020899.223823212,312,S2_panic_selling_defi,indonesia,USDC
587,0.8137968550880257,21470376.74322763,312,S2_panic_selling_defi,indonesia,USDC
588,0.8177539666341274,20933617.324646942,312,S2_panic_selling_defi,indonesia,USDC
589,0.8161091624782884,20410276.891530767,312,S2_panic_selling_defi,indonesia,USDC
590,0.8329468746207959,19900019.9692425,312,S2_panic_selling_defi,indonesia,USDC
591,0.8214744985559955,19402519.470011435,312,S2_panic_selling_defi,indonesia,USDC
592,0.834521604402301,18917456.48326115,312,S2_panic_selling_defi,indonesia,USDC
593,0.8271315747027463,18444520.07117962,312,S2_panic_selling_defi,indonesia,USDC
594,0.7934916650182847,17983407.069400128,312,S2_panic_selling_defi,indonesia,USDC
595,0.7894215636197667,17533821.892665125,312,S2_panic_selling_defi,indonesia,USDC
596,0.7980496216154197,17095476.3453485,312,S2_panic_selling_defi,indonesia,USDC
597,0.8162443513167446,16668089.436714787,312,S2_panic_selling_defi,indonesia,USDC
598,0.8029221583113743,16251387.200796917,312,S2_panic_selling_defi,indonesia,USDC
599,0.7965991615407151,15845102.520776995,312,S2_panic_selling_defi,indonesia,USDC
600,0.7924685441144346,15448974.95775757,312,S2_panic_selling_defi,indonesia,USDC
601,0.8143631260428688,15062750.58381363,312,S2_panic_selling_defi,indonesia,USDC
602,0.8193750961710439,14686181.81921829,312,S2_panic_selling_defi,indonesia,USDC
603,0.8293661424919949,14319027.273737835,312,S2_panic_selling_defi,indonesia,USDC
604,0.8367682793703454,13961051.591894388,312,S2_panic_selling_defi,indonesia,USDC
605,0.8205427770790172,13612025.30209703,312,S2_panic_selling_defi,indonesia,USDC
606,0.6997963083574034,13271724.669544604,312,S2_panic_selling_defi,indonesia,USDC
607,0.7095897154676032,12939931.552805986,312,S2_panic_selling_defi,indonesia,USDC
608,0.7358258311280937,12616433.263985839,312,S2_panic_selling_defi,indonesia,USDC
609,0.735828371425046,12301022.432386192,312,S2_panic_selling_defi,indonesia,USDC
610,0.7419345989600793,11993496.871576536,312,S2_panic_selling_defi,indonesia,USDC
611,0.7646099125784728,11693659.449787125,312,S2_panic_selling_defi,indonesia,USDC
612,0.7781281385941718,11401317.963542446,312,S2_panic_selling_defi,indonesia,USDC
613,0.7685041100068337,11116285.014453886,312,S2_panic_selling_defi,indonesia,USDC
614,0.7732527373769041,10838377.889092539,312,S2_panic_selling_defi,indonesia,USDC
615,0.7821064435681992,10567418.441865224,312,S2_panic_selling_defi,indonesia,USDC
616,0.7676294971373863,10303232.980818594,312,S2_panic_selling_defi,indonesia,USDC
617,0.7748110432541814,10045652.15629813,312,S2_panic_selling_defi,indonesia,USDC
618,0.7731840653887029,9794510.852390677,312,S2_panic_selling_defi,indonesia,USDC
619,0.7527134530158789,9549648.08108091,312,S2_panic_selling_defi,indonesia,USDC
620,0.7299562698667297,9310906.879053887,312,S2_panic_selling_defi,indonesia,USDC
621,0.751985722275183,9078134.20707754,312,S2_panic_selling_defi,indonesia,USDC
622,0.746817583291513,8851180.851900602,312,S2_panic_selling_defi,indonesia,USDC
623,0.7325542373764794,8629901.330603087,312,S2_panic_selling_defi,indonesia,USDC
624,0.7304860207919145,8414153.797338009,312,S2_panic_selling_defi,indonesia,USDC
625,0.7352866608309965,8203799.952404559,312,S2_panic_selling_defi,indonesia,USDC
626,0.7395386289234808,7998704.953594445,312,S2_panic_selling_defi,indonesia,USDC
627,0.7251958814147756,7798737.3297545845,312,S2_panic_selling_defi,indonesia,USDC
628,0.7460127132327098,7603768.896510718,312,S2_panic_selling_defi,indonesia,USDC
629,0.741078115485184,7413674.6740979515,312,S2_panic_selling_defi,indonesia,USDC
630,0.7688605065399661,7228332.807245502,312,S2_panic_selling_defi,indonesia,USDC
631,0.7779491808232618,7047624.487064365,312,S2_panic_selling_defi,indonesia,USDC
632,0.7743661456316885,6871433.874887756,312,S2_panic_selling_defi,indonesia,USDC
633,0.7715854463948616,6699648.028015563,312,S2_panic_selling_defi,indonesia,USDC
634,0.7923538675362007,6532156.827315173,312,S2_panic_selling_defi,indonesia,USDC
635,0.7621509100000942,6368852.906632293,312,S2_panic_selling_defi,indonesia,USDC
636,0.730045645260373,6209631.583966486,312,S2_panic_selling_defi,indonesia,USDC
637,0.7324805474441209,6054390.794367325,312,S2_panic_selling_defi,indonesia,USDC
638,0.742885886758405,5903031.024508141,312,S2_panic_selling_defi,indonesia,USDC
639,0.7599148386677338,5755455.248895437,312,S2_panic_selling_defi,indonesia,USDC
640,0.7669078000838793,5611568.867673052,312,S2_panic_selling_defi,indonesia,USDC
641,0.7693323399572719,5471279.645981225,312,S2_panic_selling_defi,indonesia,USDC
642,0.7631494450620927,5334497.654831694,312,S2_panic_selling_defi,indonesia,USDC
643,0.7610646215700532,5201135.213460903,312,S2_panic_selling_defi,indonesia,USDC
644,0.7559960621144177,5071106.83312438,312,S2_panic_selling_defi,indonesia,USDC
645,0.7660671172290492,4944329.162296271,312,S2_panic_selling_defi,indonesia,USDC
646,0.8003276563115634,4820720.933238864,312,S2_panic_selling_defi,indonesia,USDC
647,0.8026514137086808,4700202.909907892,312,S2_panic_selling_defi,indonesia,USDC
648,0.8040505478049066,4582697.837160195,312,S2_panic_selling_defi,indonesia,USDC
649,0.7986881376798224,4468130.39123119,312,S2_panic_selling_defi,indonesia,USDC
650,0.8333856686375126,4356427.131450411,312,S2_panic_selling_defi,indonesia,USDC
651,0.8322929066639765,4247516.45316415,312,S2_panic_selling_defi,indonesia,USDC
652,0.8344837844239762,4141328.5418350464,312,S2_panic_selling_defi,indonesia,USDC
653,0.8466499015246804,4037795.3282891703,312,S2_panic_selling_defi,indonesia,USDC
654,0.8576276039142081,3936850.445081942,312,S2_panic_selling_defi,indonesia,USDC
655,0.8409287779984376,3838429.1839548927,312,S2_panic_selling_defi,indonesia,USDC
656,0.8667221892978868,3742468.4543560203,312,S2_panic_selling_defi,indonesia,USDC
657,0.8501718329649479,3648906.74299712,312,S2_panic_selling_defi,indonesia,USDC
658,0.845919334702336,3557684.074422192,312,S2_panic_selling_defi,indonesia,USDC
659,0.8523161707733676,3468741.972561637,312,S2_panic_selling_defi,indonesia,USDC
660,0.8302015565980796,3382023.4232475962,312,S2_panic_selling_defi,indonesia,USDC
661,0.8447896222351092,3297472.8376664063,312,S2_panic_selling_defi,indonesia,USDC
662,0.8572770451563311,3215036.0167247457,312,S2_panic_selling_defi,indonesia,USDC
663,0.8505012100633506,3134660.116306627,312,S2_panic_selling_defi,indonesia,USDC
664,0.8344285385277794,3056293.6133989617,312,S2_panic_selling_defi,indonesia,USDC
665,0.8365199193247533,2979886.2730639875,312,S2_panic_selling_defi,indonesia,USDC
666,0.8477481683901098,2905389.116237388,312,S2_panic_selling_defi,indonesia,USDC
667,0.8472408610488309,2832754.3883314533,312,S2_panic_selling_defi,indonesia,USDC
668,0.8309434482248809,2761935.5286231665,312,S2_panic_selling_defi,indonesia,USDC
669,0.8347916194820341,2692887.1404075874,312,S2_panic_selling_defi,indonesia,USDC
670,0.8150510604565228,2625564.9618973974,312,S2_panic_selling_defi,indonesia,USDC
671,0.778257297305307,2559925.837849963,312,S2_panic_selling_defi,indonesia,USDC
672,0.7793155896827155,2495927.6919037136,312,S2_panic_selling_defi,indonesia,USDC
673,0.7756158561670533,2433529.499606121,312,S2_panic_selling_defi,indonesia,USDC
674,0.7535812358740598,2372691.262115968,312,S2_panic_selling_defi,indonesia,USDC
675,0.7584627383765108,2313373.9805630688,312,S2_panic_selling_defi,indonesia,USDC
676,0.7836879328234346,2255539.631048992,312,S2_panic_selling_defi,indonesia,USDC
677,0.7601701578537583,2199151.1402727673,312,S2_panic_selling_defi,indonesia,USDC
678,0.7617473436459137,2144172.361765948,312,S2_panic_selling_defi,indonesia,USDC
679,0.773919930066519,2090568.0527217991,312,S2_panic_selling_defi,indonesia,USDC
680,0.7790828033065078,2038303.8514037542,312,S2_panic_selling_defi,indonesia,USDC
681,0.8070343531217348,1987346.2551186604,312,S2_panic_selling_defi,indonesia,USDC
682,0.7953245631522828,1937662.5987406939,312,S2_panic_selling_defi,indonesia,USDC
683,0.8236275066453864,1889221.0337721766,312,S2_panic_selling_defi,indonesia,USDC
684,0.8326267543784417,1841990.507927872,312,S2_panic_selling_defi,indonesia,USDC
685,0.8322692385065016,1795940.7452296752,312,S2_panic_selling_defi,indonesia,USDC
686,0.8212363140166472,1751042.226598933,312,S2_panic_selling_defi,indonesia,USDC
687,0.7703780646202003,1707266.17093396,312,S2_panic_selling_defi,indonesia,USDC
688,0.8004461144185455,1664584.516660611,312,S2_panic_selling_defi,indonesia,USDC
689,0.7985690955269624,1622969.903744096,312,S2_panic_selling_defi,indonesia,USDC
690,0.7922293086220197,1582395.6561504933,312,S2_panic_selling_defi,indonesia,USDC
691,0.791528229291238,1542835.764746731,312,S2_panic_selling_defi,indonesia,USDC
692,0.8054477234766043,1504264.8706280626,312,S2_panic_selling_defi,indonesia,USDC
693,0.8109366859333172,1466658.248862361,312,S2_panic_selling_defi,indonesia,USDC
694,0.8383680735182332,1429991.792640802,312,S2_panic_selling_defi,indonesia,USDC
695,0.8133967896921381,1394241.997824782,312,S2_panic_selling_defi,indonesia,USDC
696,0.8089015179222847,1359385.9478791626,312,S2_panic_selling_defi,indonesia,USDC
697,0.7932348086470488,1325401.2991821836,312,S2_panic_selling_defi,indonesia,USDC
698,0.7822772876717593,1292266.266702629,312,S2_panic_selling_defi,indonesia,USDC
699,0.8096323451553271,1259959.610035063,312,S2_panic_selling_defi,indonesia,USDC
700,0.7977634033466775,1228460.6197841866,312,S2_panic_selling_defi,indonesia,USDC
701,0.7823595606094996,1197749.1042895818,312,S2_panic_selling_defi,indonesia,USDC
702,0.8045441239967136,1167805.3766823423,312,S2_panic_selling_defi,indonesia,USDC
703,0.7943513560057929,1138610.2422652836,312,S2_panic_selling_defi,indonesia,USDC
704,0.8009321541690426,1110144.9862086517,312,S2_panic_selling_defi,indonesia,USDC
705,0.8112719450497522,1082391.3615534352,312,S2_panic_selling_defi,indonesia,USDC
706,0.8169050135500691,1055331.5775145995,312,S2_panic_selling_defi,indonesia,USDC
707,0.7959834735560027,1028948.2880767345,312,S2_panic_selling_defi,indonesia,USDC
708,0.827109080182304,1003224.5808748162,312,S2_panic_selling_defi,indonesia,USDC
709,0.8073226963605493,978143.9663529457,312,S2_panic_selling_defi,indonesia,USDC
710,0.8009568534644027,953690.3671941222,312,S2_panic_selling_defi,indonesia,USDC
711,0.781093926693712,929848.108014269,312,S2_panic_selling_defi,indonesia,USDC
712,0.7950269339408941,906601.9053139123,312,S2_panic_selling_defi,indonesia,USDC
713,0.8048105610451212,883936.8576810645,312,S2_panic_selling_defi,indonesia,USDC
714,0.8078804760527752,861838.4362390381,312,S2_panic_selling_defi,indonesia,USDC
715,0.8194333081943092,840292.4753330621,312,S2_panic_selling_defi,indonesia,USDC
716,0.8103882194926444,819285.1634497356,312,S2_panic_selling_defi,indonesia,USDC
717,0.8123401884225059,798803.0343634922,312,S2_panic_selling_defi,indonesia,USDC
718,0.8149283673312381,778832.9585044049,312,S2_panic_selling_defi,indonesia,USDC
719,0.8289931210789733,759362.1345417947,312,S2_panic_selling_defi,indonesia,USDC
720,0.8537915499102011,740378.0811782498,312,S2_panic_selling_defi,indonesia,USDC
721,0.8537476940943589,721868.6291487936,312,S2_panic_selling_defi,indonesia,USDC
722,0.8318087884666159,703821.9134200738,312,S2_panic_selling_defi,indonesia,USDC
723,0.8269445905130056,686226.3655845718,312,S2_panic_selling_defi,indonesia,USDC
724,0.8118141826367076,669070.7064449576,312,S2_panic_selling_defi,indonesia,USDC
725,0.8110036294206452,652343.9387838336,312,S2_panic_selling_defi,indonesia,USDC
726,0.8142898764862563,636035.3403142379,312,S2_panic_selling_defi,indonesia,USDC
727,0.8122318676602608,620134.4568063819,312,S2_panic_selling_defi,indonesia,USDC
728,0.7793774857634325,604631.0953862222,312,S2_panic_selling_defi,indonesia,USDC
729,0.7632102141349932,589515.3180015668,312,S2_panic_selling_defi,indonesia,USDC
730,0.7440245963155263,574777.4350515276,312,S2_panic_selling_defi,indonesia,USDC
731,0.7303759959623711,560407.9991752394,312,S2_panic_selling_defi,indonesia,USDC
732,0.744083765419874,546397.7991958584,312,S2_panic_selling_defi,indonesia,USDC
733,0.7536086675842852,532737.8542159619,312,S2_panic_selling_defi,indonesia,USDC
734,0.755893873744268,519419.4078605629,312,S2_panic_selling_defi,indonesia,USDC
735,0.7582988491442599,506433.92266404873,312,S2_panic_selling_defi,indonesia,USDC
736,0.7720711521866599,493773.0745974475,312,S2_panic_selling_defi,indonesia,USDC
737,0.7606240168362852,481428.7477325113,312,S2_panic_selling_defi,indonesia,USDC
738,0.7465431071971057,469393.02903919853,312,S2_panic_selling_defi,indonesia,USDC
739,0.7722009985814331,457658.20331321855,312,S2_panic_selling_defi,indonesia,USDC
740,0.7535571419679057,446216.7482303881,312,S2_panic_selling_defi,indonesia,USDC
741,0.7454684995834255,435061.3295246284,312,S2_panic_selling_defi,indonesia,USDC
742,0.7621114531570733,424184.7962865127,312,S2_panic_selling_defi,indonesia,USDC
743,0.7646662017477591,413580.17637934984,312,S2_panic_selling_defi,indonesia,USDC
744,0.7510175896556897,403240.67196986603,312,S2_panic_selling_defi,indonesia,USDC
745,0.7773351395093807,393159.6551706194,312,S2_panic_selling_defi,indonesia,USDC
746,0.7691735284500905,383330.66379135393,312,S2_panic_selling_defi,indonesia,USDC
747,0.7843114919438557,373747.39719657006,312,S2_panic_selling_defi,indonesia,USDC
748,0.7882692703662201,364403.7122666558,312,S2_panic_selling_defi,indonesia,USDC
749,0.7822702080641748,355293.6194599894,312,S2_panic_selling_defi,indonesia,USDC
750,0.7802472896315786,346411.2789734897,312,S2_panic_selling_defi,indonesia,USDC
751,0.7745365230986134,337750.99699915247,312,S2_panic_selling_defi,indonesia,USDC
752,0.7598378450303729,329307.2220741736,312,S2_panic_selling_defi,indonesia,USDC
753,0.7750158719019441,321074.5415223193,312,S2_panic_selling_defi,indonesia,USDC
754,0.767194080581152,313047.67798426136,312,S2_panic_selling_defi,indonesia,USDC
755,0.7569465246241721,305221.4860346548,312,S2_panic_selling_defi,indonesia,USDC
756,0.7245146652692015,297590.9488837884,312,S2_panic_selling_defi,indonesia,USDC
757,0.7457208549874415,290151.1751616937,312,S2_panic_selling_defi,indonesia,USDC
758,0.734374872106726,282897.3957826514,312,S2_panic_selling_defi,indonesia,USDC
759,0.7252549319756214,275824.9608880851,312,S2_panic_selling_defi,indonesia,USDC
760,0.7516082300481407,268929.336865883,312,S2_panic_selling_defi,indonesia,USDC
761,0.7440374560437777,262206.1034442359,312,S2_panic_selling_defi,indonesia,USDC
762,0.7192140112753806,255650.95085813,312,S2_panic_selling_defi,indonesia,USDC
763,0.7304077214220955,249259.67708667676,312,S2_panic_selling_defi,indonesia,USDC
764,0.7234265978702682,243028.18515950983,312,S2_panic_selling_defi,indonesia,USDC
765,0.7711977632326328,236952.48053052207,312,S2_panic_selling_defi,indonesia,USDC
766,0.7542690550644063,231028.66851725904,312,S2_panic_selling_defi,indonesia,USDC
767,0.781860795635919,225252.95180432757,312,S2_panic_selling_defi,indonesia,USDC
768,0.786352656821114,219621.62800921936,312,S2_panic_selling_defi,indonesia,USDC
769,0.791453442321682,214131.0873089889,312,S2_panic_selling_defi,indonesia,USDC
770,0.7947164378590502,208777.81012626417,312,S2_panic_selling_defi,indonesia,USDC
771,0.7810584866237018,203558.36487310758,312,S2_panic_selling_defi,indonesia,USDC
772,0.7984556563671059,198469.40575127985,312,S2_panic_selling_defi,indonesia,USDC
773,0.782790027905418,193507.6706074979,312,S2_panic_selling_defi,indonesia,USDC
774,0.7739261507563926,188669.97884231043,312,S2_panic_selling_defi,indonesia,USDC
775,0.781867100489995,183953.22937125267,312,S2_panic_selling_defi,indonesia,USDC
776,0.7892808719737168,179354.39863697134,312,S2_panic_selling_defi,indonesia,USDC
777,0.7912193999206243,174870.53867104708,312,S2_panic_selling_defi,indonesia,USDC
778,0.7974720739702119,170498.77520427087,312,S2_panic_selling_defi,indonesia,USDC
779,0.8053618217930787,166236.3058241641,312,S2_panic_selling_defi,indonesia,USDC
780,0.7997775887223524,162080.39817856,312,S2_panic_selling_defi,indonesia,USDC
781,0.768667078862779,158028.388224096,312,S2_panic_selling_defi,indonesia,USDC
782,0.7610692899825735,154077.6785184936,312,S2_panic_selling_defi,indonesia,USDC
783,0.7709529946986968,150225.73655553124,312,S2_panic_selling_defi,indonesia,USDC
784,0.7878680887904664,146470.09314164298,312,S2_panic_selling_defi,indonesia,USDC
785,0.7982183499380349,142808.34081310188,312,S2_panic_selling_defi,indonesia,USDC
786,0.7836943850741349,139238.13229277436,312,S2_panic_selling_defi,indonesia,USDC
787,0.7971609364610849,135757.178985455,312,S2_panic_selling_defi,indonesia,USDC
788,0.7873777504123317,132363.24951081863,312,S2_panic_selling_defi,indonesia,USDC
789,0.8269158674910212,129054.16827304816,312,S2_panic_selling_defi,indonesia,USDC
790,0.8409684827111658,125827.81406622194,312,S2_panic_selling_defi,indonesia,USDC
791,0.8343506018929632,122682.1187145664,312,S2_panic_selling_defi,indonesia,USDC
792,0.8487533164756457,119615.06574670225,312,S2_panic_selling_defi,indonesia,USDC
793,0.859880718533918,116624.68910303467,312,S2_panic_selling_defi,indonesia,USDC
794,0.8575790078009631,113709.07187545882,312,S2_panic_selling_defi,indonesia,USDC
795,0.8283077656434398,110866.34507857234,312,S2_panic_selling_defi,indonesia,USDC
796,0.8339394532103207,108094.68645160805,312,S2_panic_selling_defi,indonesia,USDC
797,0.8121098906268156,105392.31929031784,312,S2_panic_selling_defi,indonesia,USDC
798,0.8021544253621281,102757.5113080599,312,S2_panic_selling_defi,indonesia,USDC
799,0.8014883317205446,100188.5735253584,312,S2_panic_selling_defi,indonesia,USDC
800,0.7923585303973932,97683.85918722444,312,S2_panic_selling_defi,indonesia,USDC
801,0.8026981360383615,95241.76270754382,312,S2_panic_selling_defi,indonesia,USDC
802,0.8466097412204163,92860.71863985523,312,S2_panic_selling_defi,indonesia,USDC
803,0.8097624771776561,90539.20067385885,312,S2_panic_selling_defi,indonesia,USDC
804,0.8097257170541058,88275.72065701238,312,S2_panic_selling_defi,indonesia,USDC
805,0.692988413174515,86068.82764058709,312,S2_panic_selling_defi,indonesia,USDC
806,0.7215527138936658,83917.1069495724,312,S2_panic_selling_defi,indonesia,USDC
807,0.7447686713273424,81819.1792758331,312,S2_panic_selling_defi,indonesia,USDC
808,0.7747292351650982,79773.69979393727,312,S2_panic_selling_defi,indonesia,USDC
809,0.7542978825390698,77779.35729908884,312,S2_panic_selling_defi,indonesia,USDC
810,0.7717901405856157,75834.87336661162,312,S2_panic_selling_defi,indonesia,USDC
811,0.7768534438502913,73939.00153244633,312,S2_panic_selling_defi,indonesia,USDC
812,0.7794350490074468,72090.52649413518,312,S2_panic_selling_defi,indonesia,USDC
813,0.7878789273839273,70288.2633317818,312,S2_panic_selling_defi,indonesia,USDC
814,0.776880838582109,68531.05674848724,312,S2_panic_selling_defi,indonesia,USDC
815,0.7999184582258704,66817.78032977507,312,S2_panic_selling_defi,indonesia,USDC
816,0.7966779379442595,65147.33582153068,312,S2_panic_selling_defi,indonesia,USDC
817,0.8036484903056436,63518.65242599242,312,S2_panic_selling_defi,indonesia,USDC
818,0.7767562327433377,61930.68611534261,312,S2_panic_selling_defi,indonesia,USDC
819,0.7930149847794095,60382.418962459036,312,S2_panic_selling_defi,indonesia,USDC
820,0.7899584703387704,58872.85848839756,312,S2_panic_selling_defi,indonesia,USDC
821,0.8036323439008397,57401.03702618762,312,S2_panic_selling_defi,indonesia,USDC
822,0.8055596112853205,55966.01110053294,312,S2_panic_selling_defi,indonesia,USDC
823,0.8199573895285948,54566.86082301961,312,S2_panic_selling_defi,indonesia,USDC
824,0.7035380494336844,53202.68930244412,312,S2_panic_selling_defi,indonesia,USDC
825,0.7136460673601867,51872.622069883015,312,S2_panic_selling_defi,indonesia,USDC
826,0.7306471097601608,50575.80651813594,312,S2_panic_selling_defi,indonesia,USDC
827,0.7275801464584332,49311.41135518254,312,S2_panic_selling_defi,indonesia,USDC
828,0.7323392243098338,48078.62607130298,312,S2_panic_selling_defi,indonesia,USDC
829,0.7411383022981968,46876.660419520405,312,S2_panic_selling_defi,indonesia,USDC
830,0.7336239478766038,45704.7439090324,312,S2_panic_selling_defi,indonesia,USDC
831,0.7451354478638655,44562.12531130658,312,S2_panic_selling_defi,indonesia,USDC
832,0.7545106422987959,43448.072178523915,312,S2_panic_selling_defi,indonesia,USDC
833,0.7641581292375784,42361.87037406082,312,S2_panic_selling_defi,indonesia,USDC
834,0.7725308207161987,41302.8236147093,312,S2_panic_selling_defi,indonesia,USDC
835,0.7713426666698326,40270.25302434157,312,S2_panic_selling_defi,indonesia,USDC
836,0.7846383286711727,39263.496698733026,312,S2_panic_selling_defi,indonesia,USDC
837,0.7799812371177222,38281.9092812647,312,S2_panic_selling_defi,indonesia,USDC
838,0.7690864846485643,37324.86154923309,312,S2_panic_selling_defi,indonesia,USDC
839,0.7687361452998911,36391.74001050226,312,S2_panic_selling_defi,indonesia,USDC
840,0.805016980529759,35481.9465102397,312,S2_panic_selling_defi,indonesia,USDC
841,0.7752260077176758,34594.897847483706,312,S2_panic_selling_defi,indonesia,USDC
842,0.7949462570594706,33730.02540129662,312,S2_panic_selling_defi,indonesia,USDC
843,0.7915694832341398,32886.7747662642,312,S2_panic_selling_defi,indonesia,USDC
844,0.7951043455137307,32064.605397107596,312,S2_panic_selling_defi,indonesia,USDC
845,0.8160653945552572,31262.990262179905,312,S2_panic_selling_defi,indonesia,USDC
846,0.8056776688008499,30481.41550562541,312,S2_panic_selling_defi,indonesia,USDC
847,0.7858516403684582,29719.380117984772,312,S2_panic_selling_defi,indonesia,USDC
848,0.8228262345743748,28976.39561503515,312,S2_panic_selling_defi,indonesia,USDC
849,0.8192384590199252,28251.985724659273,312,S2_panic_selling_defi,indonesia,USDC
850,0.8091590827818309,27545.686081542794,312,S2_panic_selling_defi,indonesia,USDC
851,0.8017018866270958,26857.043929504223,312,S2_panic_selling_defi,indonesia,USDC
852,0.8168837833566882,26185.617831266616,312,S2_panic_selling_defi,indonesia,USDC
853,0.8218973594222951,25530.97738548495,312,S2_panic_selling_defi,indonesia,USDC
854,0.8164731497743224,24892.70295084783,312,S2_panic_selling_defi,indonesia,USDC
855,0.8235493293599382,24270.385377076633,312,S2_panic_selling_defi,indonesia,USDC
856,0.8078251581689848,23663.625742649718,312,S2_panic_selling_defi,indonesia,USDC
857,0.7850239433593258,23072.035099083474,312,S2_panic_selling_defi,indonesia,USDC
858,0.7831055853017621,22495.234221606384,312,S2_panic_selling_defi,indonesia,USDC
859,0.7840039359624827,21932.85336606623,312,S2_panic_selling_defi,indonesia,USDC
860,0.788590446393153,21384.532031914572,312,S2_panic_selling_defi,indonesia,USDC
861,0.7817250776716018,20849.918731116708,312,S2_panic_selling_defi,indonesia,USDC
862,0.7935647056368073,20328.67076283879,312,S2_panic_selling_defi,indonesia,USDC
863,0.8243067056889073,19820.45399376782,312,S2_panic_selling_defi,indonesia,USDC
864,0.807606637563212,19324.942643923623,312,S2_panic_selling_defi,indonesia,USDC
865,0.8300278655277994,18841.819077825534,312,S2_panic_selling_defi,indonesia,USDC
866,0.8111210330616757,18370.773600879897,312,S2_panic_selling_defi,indonesia,USDC
867,0.8051338911419083,17911.5042608579,312,S2_panic_selling_defi,indonesia,USDC
868,0.7995487671976704,17463.71665433645,312,S2_panic_selling_defi,indonesia,USDC
869,0.7883177326457715,17027.12373797804,312,S2_panic_selling_defi,indonesia,USDC
870,0.7772123591712896,16601.44564452859,312,S2_panic_selling_defi,indonesia,USDC
871,0.7779648257525577,16186.409503415376,312,S2_panic_selling_defi,indonesia,USDC
872,0.7876278618237144,15781.749265829993,312,S2_panic_selling_defi,indonesia,USDC
873,0.7850248602276193,15387.205534184242,312,S2_panic_selling_defi,indonesia,USDC
874,0.7775406368478812,15002.525395829634,312,S2_panic_selling_defi,indonesia,USDC
875,0.7914485138721181,14627.462260933895,312,S2_panic_selling_defi,indonesia,USDC
876,0.8186271911355457,14261.77570441055,312,S2_panic_selling_defi,indonesia,USDC
877,0.8098170285370742,13905.231311800284,312,S2_panic_selling_defi,indonesia,USDC
878,0.8283763814804915,13557.600529005278,312,S2_panic_selling_defi,indonesia,USDC
879,0.8194835532311071,13218.660515780146,312,S2_panic_selling_defi,indonesia,USDC
880,0.8110949502151839,12888.19400288564,312,S2_panic_selling_defi,indonesia,USDC
881,0.8217556547796567,12565.989152813501,312,S2_panic_selling_defi,indonesia,USDC
882,0.8283421395801671,12251.839423993162,312,S2_panic_selling_defi,indonesia,USDC
883,0.8333393367597232,11945.543438393333,312,S2_panic_selling_defi,indonesia,USDC
884,0.8107602641173531,11646.904852433501,312,S2_panic_selling_defi,indonesia,USDC
885,0.8239088610899976,11355.732231122664,312,S2_panic_selling_defi,indonesia,USDC
886,0.8085891784287564,11071.838925344597,312,S2_panic_selling_defi,indonesia,USDC
887,0.7897092610261317,10795.04295221098,312,S2_panic_selling_defi,indonesia,USDC
888,0.7821983453604566,10525.166878405707,312,S2_panic_selling_defi,indonesia,USDC
889,0.7659594874962719,10262.037706445564,312,S2_panic_selling_defi,indonesia,USDC
890,0.7641033347134547,10005.486763784425,312,S2_panic_selling_defi,indonesia,USDC
891,0.7885979570707926,9755.349594689815,312,S2_panic_selling_defi,indonesia,USDC
892,0.7954098800115503,9511.465854822569,312,S2_panic_selling_defi,indonesia,USDC
893,0.8039435672026006,9273.679208452004,312,S2_panic_selling_defi,indonesia,USDC
894,0.8145620241414674,9041.837228240704,312,S2_panic_selling_defi,indonesia,USDC
895,0.8093605753058156,8815.791297534686,312,S2_panic_selling_defi,indonesia,USDC
896,0.8224954894529847,8595.39651509632,312,S2_panic_selling_defi,indonesia,USDC
897,0.820543478549182,8380.51160221891,312,S2_panic_selling_defi,indonesia,USDC
898,0.8029769379821129,8170.998812163438,312,S2_panic_selling_defi,indonesia,USDC
899,0.7908916445475477,7966.723841859352,312,S2_panic_selling_defi,indonesia,USDC
900,0.7999035787344043,7767.555745812869,312,S2_panic_selling_defi,indonesia,USDC
901,0.7728821981155518,7573.366852167546,312,S2_panic_selling_defi,indonesia,USDC
902,0.7462777739701753,7384.032680863358,312,S2_panic_selling_defi,indonesia,USDC
903,0.7726559146880518,7199.431863841774,312,S2_panic_selling_defi,indonesia,USDC
904,0.7831819770324234,7019.44606724573,312,S2_panic_selling_defi,indonesia,USDC
905,0.772431900746801,6843.959915564588,312,S2_panic_selling_defi,indonesia,USDC
906,0.7685977805367046,6672.860917675473,312,S2_panic_selling_defi,indonesia,USDC
907,0.7846892238049191,6506.039394733586,312,S2_panic_selling_defi,indonesia,USDC
908,0.8058222113368019,6343.388409865246,312,S2_panic_selling_defi,indonesia,USDC
909,0.810024076302698,6184.803699618615,312,S2_panic_selling_defi,indonesia,USDC
910,0.8013621990831215,6030.18360712815,312,S2_panic_selling_defi,indonesia,USDC
911,0.8079525054002854,5879.429016949945,312,S2_panic_selling_defi,indonesia,USDC
912,0.7961313395360493,5732.443291526197,312,S2_panic_selling_defi,indonesia,USDC
913,0.7707055601809236,5589.132209238042,312,S2_panic_selling_defi,indonesia,USDC
914,0.7995244832064045,5449.403904007091,312,S2_panic_selling_defi,indonesia,USDC
915,0.807396776512363,5313.168806406914,312,S2_panic_selling_defi,indonesia,USDC
916,0.7856660521935555,5180.339586246741,312,S2_panic_selling_defi,indonesia,USDC
917,0.7746944455094301,5050.831096590572,312,S2_panic_selling_defi,indonesia,USDC
918,0.7697451219871664,4924.560319175808,312,S2_panic_selling_defi,indonesia,USDC
919,0.7730870343496529,4801.446311196412,312,S2_panic_selling_defi,indonesia,USDC
920,0.7587312098438513,4681.410153416502,312,S2_panic_selling_defi,indonesia,USDC
921,0.7999041702827244,4564.374899581089,312,S2_panic_selling_defi,indonesia,USDC
922,0.798374218370596,4450.265527091562,312,S2_panic_selling_defi,indonesia,USDC
923,0.8020103829836397,4339.0088889142735,312,S2_panic_selling_defi,indonesia,USDC
924,0.7872980722668695,4230.533666691416,312,S2_panic_selling_defi,indonesia,USDC
925,0.7696114920082029,4124.77032502413,312,S2_panic_selling_defi,indonesia,USDC
926,0.7876806539939389,4021.6510668985275,312,S2_panic_selling_defi,indonesia,USDC
927,0.7917433469442866,3921.1097902260644,312,S2_panic_selling_defi,indonesia,USDC
928,0.7994839054313558,3823.082045470413,312,S2_panic_selling_defi,indonesia,USDC
929,0.7856257370394596,3727.5049943336526,312,S2_panic_selling_defi,indonesia,USDC
930,0.8002458927659414,3634.3173694753114,312,S2_panic_selling_defi,indonesia,USDC
931,0.7874413141127198,3543.4594352384283,312,S2_panic_selling_defi,indonesia,USDC
932,0.7897808613938773,3454.872949357468,312,S2_panic_selling_defi,indonesia,USDC
933,0.7916760174774982,3368.501125623531,312,S2_panic_selling_defi,indonesia,USDC
934,0.7582339961077906,3284.288597482943,312,S2_panic_selling_defi,indonesia,USDC
935,0.7702200256210109,3202.1813825458694,312,S2_panic_selling_defi,indonesia,USDC
936,0.7841661139361816,3122.126847982223,312,S2_panic_selling_defi,indonesia,USDC
937,0.7994690147519338,3044.073676782667,312,S2_panic_selling_defi,indonesia,USDC
938,0.8232995640175694,2967.9718348631004,312,S2_panic_selling_defi,indonesia,USDC
939,0.8223533863343138,2893.7725389915227,312,S2_panic_selling_defi,indonesia,USDC
940,0.7994517271783202,2821.4282255167345,312,S2_panic_selling_defi,indonesia,USDC
941,0.7846303448499997,2750.892519878816,312,S2_panic_selling_defi,indonesia,USDC
942,0.7715253002278366,2682.1202068818457,312,S2_panic_selling_defi,indonesia,USDC
943,0.7699076056316627,2615.0672017097995,312,S2_panic_selling_defi,indonesia,USDC
944,0.7749279348626746,2549.690521667055,312,S2_panic_selling_defi,indonesia,USDC
945,0.7776289930650481,2485.948258625378,312,S2_panic_selling_defi,indonesia,USDC
946,0.8011562597767836,2423.7995521597436,312,S2_panic_selling_defi,indonesia,USDC
947,0.8087462356245683,2363.20456335575,312,S2_panic_selling_defi,indonesia,USDC
948,0.8253496613308026,2304.124449271856,312,S2_panic_selling_defi,indonesia,USDC
949,0.8249949647020823,2246.52133804006,312,S2_panic_selling_defi,indonesia,USDC
950,0.8402209257506251,2190.3583045890587,312,S2_panic_selling_defi,indonesia,USDC
951,0.8270140678494684,2135.599346974332,312,S2_panic_selling_defi,indonesia,USDC
952,0.8142942174478862,2082.2093632999736,312,S2_panic_selling_defi,indonesia,USDC
953,0.7958513176614098,2030.1541292174743,312,S2_panic_selling_defi,indonesia,USDC
954,0.8010252146762263,1979.4002759870373,312,S2_panic_selling_defi,indonesia,USDC
955,0.8171261020204488,1929.9152690873616,312,S2_panic_selling_defi,indonesia,USDC
956,0.8057147836648199,1881.6673873601776,312,S2_panic_selling_defi,indonesia,USDC
957,0.8010426316057331,1834.6257026761732,312,S2_panic_selling_defi,indonesia,USDC
958,0.7999354101210038,1788.7600601092688,312,S2_panic_selling_defi,indonesia,USDC
959,0.78354288500189,1744.041058606537,312,S2_panic_selling_defi,indonesia,USDC
960,0.7836574368100221,1700.4400321413736,312,S2_panic_selling_defi,indonesia,USDC
961,0.7964658227069755,1657.9290313378394,312,S2_panic_selling_defi,indonesia,USDC
962,0.772470850676348,1616.4808055543933,312,S2_panic_selling_defi,indonesia,USDC
963,0.7791676783177995,1576.0687854155335,312,S2_panic_selling_defi,indonesia,USDC
964,0.7838285421296205,1536.667065780145,312,S2_panic_selling_defi,indonesia,USDC
965,0.7865577540047083,1498.2503891356416,312,S2_panic_selling_defi,indonesia,USDC
966,0.8001776182457746,1460.7941294072505,312,S2_panic_selling_defi,indonesia,USDC
967,0.805984301802552,1424.2742761720692,312,S2_panic_selling_defi,indonesia,USDC
968,0.8298295795041378,1388.6674192677674,312,S2_panic_selling_defi,indonesia,USDC
969,0.8526698052421516,1353.9507337860732,312,S2_panic_selling_defi,indonesia,USDC
970,0.8584579094275322,1320.1019654414215,312,S2_panic_selling_defi,indonesia,USDC
971,0.848249059964706,1287.0994163053858,312,S2_panic_selling_defi,indonesia,USDC
972,0.8402078710944852,1254.9219308977513,312,S2_panic_selling_defi,indonesia,USDC
973,0.83554284966612,1223.5488826253077,312,S2_panic_selling_defi,indonesia,USDC
974,0.8418667662434521,1192.960160559675,312,S2_panic_selling_defi,indonesia,USDC
975,0.8347054803101677,1163.136156545683,312,S2_panic_selling_defi,indonesia,USDC
976,0.8375163085156851,1134.057752632041,312,S2_panic_selling_defi,indonesia,USDC
977,0.8514887854334074,1105.70630881624,312,S2_panic_selling_defi,indonesia,USDC
978,0.8198758186130333,1078.063651095834,312,S2_panic_selling_defi,indonesia,USDC
979,0.794107648582595,1051.1120598184382,312,S2_panic_selling_defi,indonesia,USDC
980,0.8176539298901787,1024.8342583229771,312,S2_panic_selling_defi,indonesia,USDC
981,0.8363057951231717,999.2134018649027,312,S2_panic_selling_defi,indonesia,USDC
982,0.8171004236072774,974.2330668182802,312,S2_panic_selling_defi,indonesia,USDC
983,0.7978589636817713,949.8772401478232,312,S2_panic_selling_defi,indonesia,USDC
984,0.8240148538568465,926.1303091441276,312,S2_panic_selling_defi,indonesia,USDC
985,0.8098892105068006,902.9770514155244,312,S2_panic_selling_defi,indonesia,USDC
986,0.8119542385829963,880.4026251301364,312,S2_panic_selling_defi,indonesia,USDC
987,0.8148196246354026,858.3925595018829,312,S2_panic_selling_defi,indonesia,USDC
988,0.8162291889065203,836.9327455143358,312,S2_panic_selling_defi,indonesia,USDC
989,0.8039955314740975,816.0094268764774,312,S2_panic_selling_defi,indonesia,USDC
990,0.8050503246070619,795.6091912045655,312,S2_panic_selling_defi,indonesia,USDC
991,0.789701493481198,775.7189614244514,312,S2_panic_selling_defi,indonesia,USDC
992,0.8094816115448432,756.3259873888401,312,S2_panic_selling_defi,indonesia,USDC
993,0.8068594750289362,737.4178377041192,312,S2_panic_selling_defi,indonesia,USDC
994,0.7947748670306446,718.982391761516,312,S2_panic_selling_defi,indonesia,USDC
995,0.7885957769859272,701.0078319674782,312,S2_panic_selling_defi,indonesia,USDC
996,0.7890320976567129,683.4826361682913,312,S2_panic_selling_defi,indonesia,USDC
997,0.8115799090291478,666.3955702640839,312,S2_panic_selling_defi,indonesia,USDC
998,0.8256499269820173,649.7356810074818,312,S2_panic_selling_defi,indonesia,USDC
999,0.8294573615208306,633.4922889822948,312,S2_panic_selling_defi,indonesia,USDC
1000,0.8187697477430804,617.6549817577375,312,S2_panic_selling_defi,indonesia,USDC
