Step,price,liquidity,iteration,scenario,region,coin
1,1.0262605168988876,2989227652030.3506,19,S2_panic_selling_defi,indonesia,USDC
2,1.0339531970192921,2989227652030.3506,19,S2_panic_selling_defi,indonesia,USDC
3,1.023318980363935,2989227652030.3506,19,S2_panic_selling_defi,indonesia,USDC
4,1.0152533416788856,2989227652030.3506,19,S2_panic_selling_defi,indonesia,USDC
5,1.017569101938367,2989227652030.3506,19,S2_panic_selling_defi,indonesia,USDC
6,1.028495356775172,2989227652030.3506,19,S2_panic_selling_defi,indonesia,USDC
7,1.0067959636908819,2989227652030.3506,19,S2_panic_selling_defi,indonesia,USDC
8,1.0353368289437785,2989227652030.3506,19,S2_panic_selling_defi,indonesia,USDC
9,1.0555613414845342,2989227652030.3506,19,S2_panic_selling_defi,indonesia,USDC
10,1.0779927109755139,2989227652030.3506,19,S2_panic_selling_defi,indonesia,USDC
11,1.0835763065642732,2989227652030.3506,19,S2_panic_selling_defi,indonesia,USDC
12,1.0700796382078255,2989227652030.3506,19,S2_panic_selling_defi,indonesia,USDC
13,1.0600619624946985,2989227652030.3506,19,S2_panic_selling_defi,indonesia,USDC
14,1.0230918714783446,2989227652030.3506,19,S2_panic_selling_defi,indonesia,USDC
15,1.0316475034668366,2989227652030.3506,19,S2_panic_selling_defi,indonesia,USDC
16,1.0233915837360457,2989227652030.3506,19,S2_panic_selling_defi,indonesia,USDC
17,0.9836078530508918,2989227652030.3506,19,S2_panic_selling_defi,indonesia,USDC
18,0.998914747265161,2989227652030.3506,19,S2_panic_selling_defi,indonesia,USDC
19,0.9669534307175902,2989227652030.3506,19,S2_panic_selling_defi,indonesia,USDC
20,0.9841284313123738,2989060444787.53,19,S2_panic_selling_defi,indonesia,USDC
21,0.9760497534001095,2989060444787.53,19,S2_panic_selling_defi,indonesia,USDC
22,0.9810563954582677,2989060444787.53,19,S2_panic_selling_defi,indonesia,USDC
23,0.9580358704442739,2989060444787.53,19,S2_panic_selling_defi,indonesia,USDC
24,0.9717852767545038,2988363469802.413,19,S2_panic_selling_defi,indonesia,USDC
25,0.996991047354546,2988363469802.413,19,S2_panic_selling_defi,indonesia,USDC
26,0.9955056372422417,2988363469802.413,19,S2_panic_selling_defi,indonesia,USDC
27,0.9751119891329766,2988363469802.413,19,S2_panic_selling_defi,indonesia,USDC
28,0.9850032379418032,2988363469802.413,19,S2_panic_selling_defi,indonesia,USDC
29,0.9693186455589976,2988363469802.413,19,S2_panic_selling_defi,indonesia,USDC
30,0.9603224840183134,2988321931192.041,19,S2_panic_selling_defi,indonesia,USDC
31,0.9809774481921022,2987732358170.378,19,S2_panic_selling_defi,indonesia,USDC
32,0.9807085267313757,2987732358170.378,19,S2_panic_selling_defi,indonesia,USDC
33,0.9714475801881695,2987732358170.378,19,S2_panic_selling_defi,indonesia,USDC
34,0.9569275276716823,2987732358170.378,19,S2_panic_selling_defi,indonesia,USDC
35,0.9897404372222085,2986958403408.3184,19,S2_panic_selling_defi,indonesia,USDC
36,1.026679286093123,2986958403408.3184,19,S2_panic_selling_defi,indonesia,USDC
37,1.005829851025609,2986958403408.3184,19,S2_panic_selling_defi,indonesia,USDC
38,1.0460496144490319,2986958403408.3184,19,S2_panic_selling_defi,indonesia,USDC
39,1.087322548984013,2986958403408.3184,19,S2_panic_selling_defi,indonesia,USDC
40,1.0361571771151585,2986958403408.3184,19,S2_panic_selling_defi,indonesia,USDC
41,1.0420395874408304,2986958403408.3184,19,S2_panic_selling_defi,indonesia,USDC
42,1.0859896735541228,2986958403408.3184,19,S2_panic_selling_defi,indonesia,USDC
43,1.0844519303385858,2986958403408.3184,19,S2_panic_selling_defi,indonesia,USDC
44,1.1123847180130775,2986958403408.3184,19,S2_panic_selling_defi,indonesia,USDC
45,1.0885315688138943,2986958403408.3184,19,S2_panic_selling_defi,indonesia,USDC
46,1.0944390895403198,2986958403408.3184,19,S2_panic_selling_defi,indonesia,USDC
47,1.0629147355607007,2986958403408.3184,19,S2_panic_selling_defi,indonesia,USDC
48,1.0612213773217598,2986958403408.3184,19,S2_panic_selling_defi,indonesia,USDC
49,1.0483712497241187,2986958403408.3184,19,S2_panic_selling_defi,indonesia,USDC
50,1.0412348546281254,2986958403408.3184,19,S2_panic_selling_defi,indonesia,USDC
51,1.0332273896921063,2986958403408.3184,19,S2_panic_selling_defi,indonesia,USDC
52,1.0376642101525166,2986958403408.3184,19,S2_panic_selling_defi,indonesia,USDC
53,1.0462167098134787,2986958403408.3184,19,S2_panic_selling_defi,indonesia,USDC
54,1.0543174516015292,2986958403408.3184,19,S2_panic_selling_defi,indonesia,USDC
55,1.0426196799149219,2986958403408.3184,19,S2_panic_selling_defi,indonesia,USDC
56,1.0466794169232707,2986958403408.3184,19,S2_panic_selling_defi,indonesia,USDC
57,1.0087836885289725,2986958403408.3184,19,S2_panic_selling_defi,indonesia,USDC
58,1.0019778883835417,2986958403408.3184,19,S2_panic_selling_defi,indonesia,USDC
59,1.0107422620865214,2986958403408.3184,19,S2_panic_selling_defi,indonesia,USDC
60,1.0092738741167409,2986958403408.3184,19,S2_panic_selling_defi,indonesia,USDC
61,1.0453853357398482,2986958403408.3184,19,S2_panic_selling_defi,indonesia,USDC
62,1.025904080163904,2986958403408.3184,19,S2_panic_selling_defi,indonesia,USDC
63,1.0188299746242306,2986958403408.3184,19,S2_panic_selling_defi,indonesia,USDC
64,1.0081543532994899,2986958403408.3184,19,S2_panic_selling_defi,indonesia,USDC
65,0.9907821701386643,2986958403408.3184,19,S2_panic_selling_defi,indonesia,USDC
66,0.9993325375294007,2986958403408.3184,19,S2_panic_selling_defi,indonesia,USDC
67,1.0094052412775465,2986958403408.3184,19,S2_panic_selling_defi,indonesia,USDC
68,1.0209548373168464,2986958403408.3184,19,S2_panic_selling_defi,indonesia,USDC
69,1.0126685465208285,2986958403408.3184,19,S2_panic_selling_defi,indonesia,USDC
70,0.9948695775525246,2986958403408.3184,19,S2_panic_selling_defi,indonesia,USDC
71,0.9661597850669711,2986958403408.3184,19,S2_panic_selling_defi,indonesia,USDC
72,0.9586756726807804,2986791931283.668,19,S2_panic_selling_defi,indonesia,USDC
73,0.9416407091292033,2986119893407.2153,19,S2_panic_selling_defi,indonesia,USDC
74,0.9736954443207398,2984493071624.288,19,S2_panic_selling_defi,indonesia,USDC
75,0.9951370948241594,2984493071624.288,19,S2_panic_selling_defi,indonesia,USDC
76,1.0118789467484703,2984493071624.288,19,S2_panic_selling_defi,indonesia,USDC
77,0.998875015740813,2984493071624.288,19,S2_panic_selling_defi,indonesia,USDC
78,0.9907066870494328,2984493071624.288,19,S2_panic_selling_defi,indonesia,USDC
79,0.9856150244629707,2984493071624.288,19,S2_panic_selling_defi,indonesia,USDC
80,1.0175651659514178,2984493071624.288,19,S2_panic_selling_defi,indonesia,USDC
81,1.0137064481276012,2984493071624.288,19,S2_panic_selling_defi,indonesia,USDC
82,1.0100029737177738,2984493071624.288,19,S2_panic_selling_defi,indonesia,USDC
83,1.006032935707564,2984493071624.288,19,S2_panic_selling_defi,indonesia,USDC
84,1.0011361105275423,2984493071624.288,19,S2_panic_selling_defi,indonesia,USDC
85,1.003019517120766,2984493071624.288,19,S2_panic_selling_defi,indonesia,USDC
86,0.9667432083485757,2984493071624.288,19,S2_panic_selling_defi,indonesia,USDC
87,0.9726314654806885,2984307517029.292,19,S2_panic_selling_defi,indonesia,USDC
88,0.9859902238662664,2984307517029.292,19,S2_panic_selling_defi,indonesia,USDC
89,1.0151057596208264,2984307517029.292,19,S2_panic_selling_defi,indonesia,USDC
90,1.0142562991203683,2984307517029.292,19,S2_panic_selling_defi,indonesia,USDC
91,1.015922354200123,2984307517029.292,19,S2_panic_selling_defi,indonesia,USDC
92,1.0116780255618871,2984307517029.292,19,S2_panic_selling_defi,indonesia,USDC
93,0.9871525421386816,2984307517029.292,19,S2_panic_selling_defi,indonesia,USDC
94,0.9799500998591623,2984307517029.292,19,S2_panic_selling_defi,indonesia,USDC
95,0.9846795533870962,2984307517029.292,19,S2_panic_selling_defi,indonesia,USDC
96,1.0116813895803485,2984307517029.292,19,S2_panic_selling_defi,indonesia,USDC
97,1.0396861203288144,2984307517029.292,19,S2_panic_selling_defi,indonesia,USDC
98,1.051028179992488,2984307517029.292,19,S2_panic_selling_defi,indonesia,USDC
99,1.0456294508799782,2984307517029.292,19,S2_panic_selling_defi,indonesia,USDC
100,1.0371856533283144,2984307517029.292,19,S2_panic_selling_defi,indonesia,USDC
101,0.955043591437756,2984307517029.292,19,S2_panic_selling_defi,indonesia,USDC
102,0.9703540451274622,2983489318297.208,19,S2_panic_selling_defi,indonesia,USDC
103,0.9495089709665866,2983489318297.208,19,S2_panic_selling_defi,indonesia,USDC
104,0.9313506296643722,2982448391858.166,19,S2_panic_selling_defi,indonesia,USDC
105,0.9769249771090485,2980327826823.9995,19,S2_panic_selling_defi,indonesia,USDC
106,0.9975720662851045,2980327826823.9995,19,S2_panic_selling_defi,indonesia,USDC
107,0.9959210269465366,2980327826823.9995,19,S2_panic_selling_defi,indonesia,USDC
108,0.9982480110320312,2980327826823.9995,19,S2_panic_selling_defi,indonesia,USDC
109,1.0274960382032434,2980327826823.9995,19,S2_panic_selling_defi,indonesia,USDC
110,1.0510448631973217,2980327826823.9995,19,S2_panic_selling_defi,indonesia,USDC
111,1.0311380982001148,2980327826823.9995,19,S2_panic_selling_defi,indonesia,USDC
112,1.0383918626970854,2980327826823.9995,19,S2_panic_selling_defi,indonesia,USDC
113,0.9983155902327077,2980327826823.9995,19,S2_panic_selling_defi,indonesia,USDC
114,1.020864294894571,2980327826823.9995,19,S2_panic_selling_defi,indonesia,USDC
115,1.018062903218573,2980327826823.9995,19,S2_panic_selling_defi,indonesia,USDC
116,0.9952580211726988,2980327826823.9995,19,S2_panic_selling_defi,indonesia,USDC
117,1.0078353483049505,2980327826823.9995,19,S2_panic_selling_defi,indonesia,USDC
118,1.0239760651484164,2980327826823.9995,19,S2_panic_selling_defi,indonesia,USDC
119,1.0415372096501396,2980327826823.9995,19,S2_panic_selling_defi,indonesia,USDC
120,0.9995512099675837,2980327826823.9995,19,S2_panic_selling_defi,indonesia,USDC
121,0.9992836640281979,2905819631153.3994,19,S2_panic_selling_defi,indonesia,USDC
122,0.9874864464967885,2833174140374.565,19,S2_panic_selling_defi,indonesia,USDC
123,0.9621237228065378,2762344786865.2007,19,S2_panic_selling_defi,indonesia,USDC
124,0.932388802474015,2692937125702.679,19,S2_panic_selling_defi,indonesia,USDC
125,0.896466892495125,2623695385776.48,19,S2_panic_selling_defi,indonesia,USDC
126,0.8956265382704439,2554497959638.9062,19,S2_panic_selling_defi,indonesia,USDC
127,0.8721902256050365,2487490206035.978,19,S2_panic_selling_defi,indonesia,USDC
128,0.852720803459418,2421277870528.8364,19,S2_panic_selling_defi,indonesia,USDC
129,0.8664575265166466,2356391778597.07,19,S2_panic_selling_defi,indonesia,USDC
130,0.8646817188487873,2294243910748.0625,19,S2_panic_selling_defi,indonesia,USDC
131,0.8525963893793903,2233718745494.727,19,S2_panic_selling_defi,indonesia,USDC
132,0.8450436000932334,2174792690137.6067,19,S2_panic_selling_defi,indonesia,USDC
133,0.8434627165923588,2117468295821.6475,19,S2_panic_selling_defi,indonesia,USDC
134,0.8220337955738776,2062086283408.331,19,S2_panic_selling_defi,indonesia,USDC
135,0.8109108259741832,2007966515098.3154,19,S2_panic_selling_defi,indonesia,USDC
136,0.8241699854815356,1955458345928.2246,19,S2_panic_selling_defi,indonesia,USDC
137,0.8551620458585828,1904668727664.2285,19,S2_panic_selling_defi,indonesia,USDC
138,0.8309326787702852,1855778627194.1294,19,S2_panic_selling_defi,indonesia,USDC
139,0.8157810101452212,1808107312284.9219,19,S2_panic_selling_defi,indonesia,USDC
140,0.8046265972003886,1761651664496.3506,19,S2_panic_selling_defi,indonesia,USDC
141,0.7818323153316094,1716448254062.7017,19,S2_panic_selling_defi,indonesia,USDC
142,0.8105560335335718,1672435531949.5117,19,S2_panic_selling_defi,indonesia,USDC
143,0.7899220446950607,1629899672757.138,19,S2_panic_selling_defi,indonesia,USDC
144,0.7858120473318881,1588444942555.619,19,S2_panic_selling_defi,indonesia,USDC
145,0.7768837812509739,1548151356986.9192,19,S2_panic_selling_defi,indonesia,USDC
146,0.7754370680632511,1508915138434.782,19,S2_panic_selling_defi,indonesia,USDC
147,0.7832602233863151,1470779193699.595,19,S2_panic_selling_defi,indonesia,USDC
148,0.7644759197742284,1433683461289.7942,19,S2_panic_selling_defi,indonesia,USDC
149,0.7636612403828023,1397555366507.588,19,S2_panic_selling_defi,indonesia,USDC
150,0.7678738130527568,1362392562732.1128,19,S2_panic_selling_defi,indonesia,USDC
151,0.7555004184237067,1328146735261.2607,19,S2_panic_selling_defi,indonesia,USDC
152,0.7322168954447928,1294795706363.9883,19,S2_panic_selling_defi,indonesia,USDC
153,0.7414052381300713,1262296428358.6536,19,S2_panic_selling_defi,indonesia,USDC
154,0.7389402902787459,1230637701677.9646,19,S2_panic_selling_defi,indonesia,USDC
155,0.7277893153212857,1199794989223.7913,19,S2_panic_selling_defi,indonesia,USDC
156,0.7555654442746345,1169737232133.8176,19,S2_panic_selling_defi,indonesia,USDC
157,0.7509250229409868,1140452031352.666,19,S2_panic_selling_defi,indonesia,USDC
158,0.7771682546444146,1111908729682.896,19,S2_panic_selling_defi,indonesia,USDC
159,0.7641754012143273,1084089437764.846,19,S2_panic_selling_defi,indonesia,USDC
160,0.7781182492273222,1056967340174.5553,19,S2_panic_selling_defi,indonesia,USDC
161,0.7719855130937591,1030528569436.012,19,S2_panic_selling_defi,indonesia,USDC
162,0.7660083623774575,1004753738098.8368,19,S2_panic_selling_defi,indonesia,USDC
163,0.7361426733833489,979625090918.1259,19,S2_panic_selling_defi,indonesia,USDC
164,0.7435259843406309,955125879735.1305,19,S2_panic_selling_defi,indonesia,USDC
165,0.7356773705194714,931240926995.6558,19,S2_panic_selling_defi,indonesia,USDC
166,0.7284245339028097,907954810708.0865,19,S2_panic_selling_defi,indonesia,USDC
167,0.7481860798378606,885251805917.7787,19,S2_panic_selling_defi,indonesia,USDC
168,0.7506709411588939,863117511483.533,19,S2_panic_selling_defi,indonesia,USDC
169,0.7553667701230583,841537371652.4008,19,S2_panic_selling_defi,indonesia,USDC
170,0.7574098363770931,820497253111.4343,19,S2_panic_selling_defi,indonesia,USDC
171,0.7518866010171952,799983456296.5404,19,S2_panic_selling_defi,indonesia,USDC
172,0.7781988220642126,779982797168.9058,19,S2_panic_selling_defi,indonesia,USDC
173,0.7749211963672185,760482520753.0752,19,S2_panic_selling_defi,indonesia,USDC
174,0.7534435101854223,741469861053.6053,19,S2_panic_selling_defi,indonesia,USDC
175,0.7539601644483255,722932569261.6501,19,S2_panic_selling_defi,indonesia,USDC
176,0.7673101369220802,704858838278.2958,19,S2_panic_selling_defi,indonesia,USDC
177,0.7716039226821013,687237048239.1263,19,S2_panic_selling_defi,indonesia,USDC
178,0.7738856079865253,670055874972.9148,19,S2_panic_selling_defi,indonesia,USDC
179,0.7480620087923542,653304283830.2987,19,S2_panic_selling_defi,indonesia,USDC
180,0.7739424028797119,636971507956.5387,19,S2_panic_selling_defi,indonesia,USDC
181,0.7475909651822811,621047101731.7563,19,S2_panic_selling_defi,indonesia,USDC
182,0.7173792325833073,605520818502.1382,19,S2_panic_selling_defi,indonesia,USDC
183,0.7299069547793213,590382702486.7007,19,S2_panic_selling_defi,indonesia,USDC
184,0.7437550811329154,575623068653.0627,19,S2_panic_selling_defi,indonesia,USDC
185,0.7522279545480368,561232442539.2648,19,S2_panic_selling_defi,indonesia,USDC
186,0.7213300327931669,547201595018.3384,19,S2_panic_selling_defi,indonesia,USDC
187,0.7141576068794582,533521524667.97235,19,S2_panic_selling_defi,indonesia,USDC
188,0.7143845177242468,520183462320.11523,19,S2_panic_selling_defi,indonesia,USDC
189,0.7239496876976752,507178856992.76843,19,S2_panic_selling_defi,indonesia,USDC
190,0.7295814181632283,494499372261.99084,19,S2_panic_selling_defi,indonesia,USDC
191,0.7455916365236931,482136878436.59924,19,S2_panic_selling_defi,indonesia,USDC
192,0.7660855008386875,470083449620.57434,19,S2_panic_selling_defi,indonesia,USDC
193,0.7535248489857715,458331358592.07495,19,S2_panic_selling_defi,indonesia,USDC
194,0.7617816104353338,446873070612.8954,19,S2_panic_selling_defi,indonesia,USDC
195,0.7711352073344785,435701240848.0299,19,S2_panic_selling_defi,indonesia,USDC
196,0.7682469572171949,424808707706.44617,19,S2_panic_selling_defi,indonesia,USDC
197,0.7909679463262645,414188488278.0541,19,S2_panic_selling_defi,indonesia,USDC
198,0.7822985018332389,403833774757.3534,19,S2_panic_selling_defi,indonesia,USDC
199,0.7761251295741955,393737929330.4055,19,S2_panic_selling_defi,indonesia,USDC
200,0.7814002522770871,383894480148.5252,19,S2_panic_selling_defi,indonesia,USDC
201,0.7939832016571112,374297117434.5831,19,S2_panic_selling_defi,indonesia,USDC
202,0.7910025086965456,364939688949.06946,19,S2_panic_selling_defi,indonesia,USDC
203,0.7922639596284692,355816196275.15936,19,S2_panic_selling_defi,indonesia,USDC
204,0.79110191756501,346920790993.0913,19,S2_panic_selling_defi,indonesia,USDC
205,0.7863417674612228,338247770914.82263,19,S2_panic_selling_defi,indonesia,USDC
206,0.7766542752422949,329791576380.4498,19,S2_panic_selling_defi,indonesia,USDC
207,0.7695197919169418,321546786742.2429,19,S2_panic_selling_defi,indonesia,USDC
208,0.7625419866656606,313508116894.7332,19,S2_panic_selling_defi,indonesia,USDC
209,0.7588239586878192,305670413814.1625,19,S2_panic_selling_defi,indonesia,USDC
210,0.7498138265975468,298028653349.4415,19,S2_panic_selling_defi,indonesia,USDC
211,0.7905559949314143,290577936916.7637,19,S2_panic_selling_defi,indonesia,USDC
212,0.7819463654296838,283313488426.6572,19,S2_panic_selling_defi,indonesia,USDC
213,0.7859508289319335,276230651158.60535,19,S2_panic_selling_defi,indonesia,USDC
214,0.7796397384711804,269324884835.2635,19,S2_panic_selling_defi,indonesia,USDC
215,0.7755365380833803,262591762677.73718,19,S2_panic_selling_defi,indonesia,USDC
216,0.794152532228168,256026968581.02325,19,S2_panic_selling_defi,indonesia,USDC
217,0.8210718633584844,249626294343.79425,19,S2_panic_selling_defi,indonesia,USDC
218,0.8005150195451302,243385636970.02957,19,S2_panic_selling_defi,indonesia,USDC
219,0.8204366603460332,237300996030.68445,19,S2_panic_selling_defi,indonesia,USDC
220,0.8179036154642326,231368471119.06842,19,S2_panic_selling_defi,indonesia,USDC
221,0.8165086365457681,225584259331.46094,19,S2_panic_selling_defi,indonesia,USDC
222,0.8091534752928778,219944652839.5702,19,S2_panic_selling_defi,indonesia,USDC
223,0.8173925522443265,214446036511.44138,19,S2_panic_selling_defi,indonesia,USDC
224,0.8132093034750304,209084885592.69604,19,S2_panic_selling_defi,indonesia,USDC
225,0.7933615669367919,203857763447.80194,19,S2_panic_selling_defi,indonesia,USDC
226,0.8183797522093897,198761319356.78073,19,S2_panic_selling_defi,indonesia,USDC
227,0.8233919319135924,193792286369.3727,19,S2_panic_selling_defi,indonesia,USDC
228,0.8001225140746936,188947479207.22427,19,S2_panic_selling_defi,indonesia,USDC
229,0.8079720181450055,184223792224.28973,19,S2_panic_selling_defi,indonesia,USDC
230,0.8191445855872721,179618197416.49884,19,S2_panic_selling_defi,indonesia,USDC
231,0.8314269264415456,175127742479.3089,19,S2_panic_selling_defi,indonesia,USDC
232,0.8361801737437917,170749548916.03125,19,S2_panic_selling_defi,indonesia,USDC
233,0.8327037143791192,166480810192.04816,19,S2_panic_selling_defi,indonesia,USDC
234,0.860614540448821,162318789936.21735,19,S2_panic_selling_defi,indonesia,USDC
235,0.8305582879049473,158260820187.1077,19,S2_panic_selling_defi,indonesia,USDC
236,0.8375137008760606,154304299681.65048,19,S2_panic_selling_defi,indonesia,USDC
237,0.8047585037790764,150446692188.972,19,S2_panic_selling_defi,indonesia,USDC
238,0.8020144894429206,146685524883.55844,19,S2_panic_selling_defi,indonesia,USDC
239,0.781955095866026,143018386760.88696,19,S2_panic_selling_defi,indonesia,USDC
240,0.7893426760343343,139442927091.31192,19,S2_panic_selling_defi,indonesia,USDC
241,0.7951313798879056,135956853913.61707,19,S2_panic_selling_defi,indonesia,USDC
242,0.803039158595644,132557932565.45638,19,S2_panic_selling_defi,indonesia,USDC
243,0.818553225436726,129243984251.05026,19,S2_panic_selling_defi,indonesia,USDC
244,0.8197372626830344,126012884644.58363,19,S2_panic_selling_defi,indonesia,USDC
245,0.7886803764026011,122862562528.30788,19,S2_panic_selling_defi,indonesia,USDC
246,0.8029244782046241,119790998464.9268,19,S2_panic_selling_defi,indonesia,USDC
247,0.7880179560691533,116796223503.17595,19,S2_panic_selling_defi,indonesia,USDC
248,0.7966019908419701,113876317915.48022,19,S2_panic_selling_defi,indonesia,USDC
249,0.7984494303470304,111029409967.50056,19,S2_panic_selling_defi,indonesia,USDC
250,0.8223215856714944,108253674718.23602,19,S2_panic_selling_defi,indonesia,USDC
251,0.8369169374691925,105547332850.22668,19,S2_panic_selling_defi,indonesia,USDC
252,0.8288168979660273,102908649528.93001,19,S2_panic_selling_defi,indonesia,USDC
253,0.8349735659359655,100335933290.66985,19,S2_panic_selling_defi,indonesia,USDC
254,0.8217918076010062,97827534958.37149,19,S2_panic_selling_defi,indonesia,USDC
255,0.8328541411686513,95381846584.38412,19,S2_panic_selling_defi,indonesia,USDC
256,0.8650838814852799,92997300419.75229,19,S2_panic_selling_defi,indonesia,USDC
257,0.8715869362743143,90672367909.24379,19,S2_panic_selling_defi,indonesia,USDC
258,0.8514842577304298,88405558711.50002,19,S2_panic_selling_defi,indonesia,USDC
259,0.8388795680912486,86195419743.69812,19,S2_panic_selling_defi,indonesia,USDC
260,0.8355273831303259,84040534250.09225,19,S2_panic_selling_defi,indonesia,USDC
261,0.8436659596411867,81939520893.82797,19,S2_panic_selling_defi,indonesia,USDC
262,0.8477927051663282,79891032871.4721,19,S2_panic_selling_defi,indonesia,USDC
263,0.8291648082881239,77893757049.67676,19,S2_panic_selling_defi,indonesia,USDC
264,0.8201776097686645,75946413123.42657,19,S2_panic_selling_defi,indonesia,USDC
265,0.8130169137885049,74047752795.33318,19,S2_panic_selling_defi,indonesia,USDC
266,0.832279517244361,72196558975.44325,19,S2_panic_selling_defi,indonesia,USDC
267,0.8186045948858776,70391645001.05196,19,S2_panic_selling_defi,indonesia,USDC
268,0.8166124917787355,68631853876.02093,19,S2_panic_selling_defi,indonesia,USDC
269,0.8190362865455756,66916057529.11626,19,S2_panic_selling_defi,indonesia,USDC
270,0.826089837508354,65243156090.8849,19,S2_panic_selling_defi,indonesia,USDC
271,0.8179130826499282,63612077188.61005,19,S2_panic_selling_defi,indonesia,USDC
272,0.8219811715989079,62021775258.89232,19,S2_panic_selling_defi,indonesia,USDC
273,0.8143126732498502,60471230877.41788,19,S2_panic_selling_defi,indonesia,USDC
274,0.8259443491823347,58959450105.48057,19,S2_panic_selling_defi,indonesia,USDC
275,0.8288392292809104,57485463852.84216,19,S2_panic_selling_defi,indonesia,USDC
276,0.7934685679852216,56048327256.519905,19,S2_panic_selling_defi,indonesia,USDC
277,0.7912862497521683,54647119075.10561,19,S2_panic_selling_defi,indonesia,USDC
278,0.7852742350611922,53280941098.22691,19,S2_panic_selling_defi,indonesia,USDC
279,0.8162568455061213,51948917570.77028,19,S2_panic_selling_defi,indonesia,USDC
280,0.8052051970187006,50650194631.500404,19,S2_panic_selling_defi,indonesia,USDC
281,0.7990424599155588,49383939765.7123,19,S2_panic_selling_defi,indonesia,USDC
282,0.8200267330882529,48149341271.56901,19,S2_panic_selling_defi,indonesia,USDC
283,0.7801878468405232,46945607739.77942,19,S2_panic_selling_defi,indonesia,USDC
284,0.7710977742704413,45771967546.28456,19,S2_panic_selling_defi,indonesia,USDC
285,0.7635013569872448,44627668357.62712,19,S2_panic_selling_defi,indonesia,USDC
286,0.7686389527721944,43511976648.68618,19,S2_panic_selling_defi,indonesia,USDC
287,0.7722095777081835,42424177232.46881,19,S2_panic_selling_defi,indonesia,USDC
288,0.7978628887611053,41363572801.65692,19,S2_panic_selling_defi,indonesia,USDC
289,0.7782563042245274,40329483481.61538,19,S2_panic_selling_defi,indonesia,USDC
290,0.800398744360349,39321246394.57489,19,S2_panic_selling_defi,indonesia,USDC
291,0.7873529495219524,38338215234.710434,19,S2_panic_selling_defi,indonesia,USDC
292,0.7648003848002146,37379759853.842606,19,S2_panic_selling_defi,indonesia,USDC
293,0.7651587723495822,36445265857.49648,19,S2_panic_selling_defi,indonesia,USDC
294,0.7628871380622616,35534134211.05902,19,S2_panic_selling_defi,indonesia,USDC
295,0.7741181608986966,34645780855.78251,19,S2_panic_selling_defi,indonesia,USDC
296,0.7589798808036292,33779636334.387917,19,S2_panic_selling_defi,indonesia,USDC
297,0.7845058741883387,32935145426.0282,19,S2_panic_selling_defi,indonesia,USDC
298,0.7947598674405579,32111766790.377472,19,S2_panic_selling_defi,indonesia,USDC
299,0.7943136032342912,31308972620.618023,19,S2_panic_selling_defi,indonesia,USDC
300,0.8385994757881088,30526248305.102562,19,S2_panic_selling_defi,indonesia,USDC
301,0.8346550567576421,29763092097.47499,19,S2_panic_selling_defi,indonesia,USDC
302,0.8369241867503433,29019014795.03811,19,S2_panic_selling_defi,indonesia,USDC
303,0.8264003997166619,28293539425.16215,19,S2_panic_selling_defi,indonesia,USDC
304,0.8280456803912348,27586200939.533092,19,S2_panic_selling_defi,indonesia,USDC
305,0.8249570303962069,26896545916.044754,19,S2_panic_selling_defi,indonesia,USDC
306,0.8203501073938683,26224132268.143635,19,S2_panic_selling_defi,indonesia,USDC
307,0.8384408077208738,25568528961.44004,19,S2_panic_selling_defi,indonesia,USDC
308,0.8231798048287037,24929315737.404037,19,S2_panic_selling_defi,indonesia,USDC
309,0.8329560662339411,24306082843.968933,19,S2_panic_selling_defi,indonesia,USDC
310,0.835080319348685,23698430772.869705,19,S2_panic_selling_defi,indonesia,USDC
311,0.824762124094753,23105970003.54796,19,S2_panic_selling_defi,indonesia,USDC
312,0.8050534737308533,22528320753.459263,19,S2_panic_selling_defi,indonesia,USDC
313,0.8391710460239166,21965112734.62278,19,S2_panic_selling_defi,indonesia,USDC
314,0.8287508230103154,21415984916.25721,19,S2_panic_selling_defi,indonesia,USDC
315,0.8150946892825862,20880585293.350777,19,S2_panic_selling_defi,indonesia,USDC
316,0.822715836227202,20358570661.017006,19,S2_panic_selling_defi,indonesia,USDC
317,0.8001949367586413,19849606394.491585,19,S2_panic_selling_defi,indonesia,USDC
318,0.8167571879458667,19353366234.62929,19,S2_panic_selling_defi,indonesia,USDC
319,0.8160601991946663,18869532078.76356,19,S2_panic_selling_defi,indonesia,USDC
320,0.8436857206301139,18397793776.79447,19,S2_panic_selling_defi,indonesia,USDC
321,0.849198690869196,17937848932.37461,19,S2_panic_selling_defi,indonesia,USDC
322,0.8615329985927693,17489402709.065243,19,S2_panic_selling_defi,indonesia,USDC
323,0.8702792310229654,17052167641.338612,19,S2_panic_selling_defi,indonesia,USDC
324,0.8641880988681092,16625863450.305145,19,S2_panic_selling_defi,indonesia,USDC
325,0.876066856345948,16210216864.047516,19,S2_panic_selling_defi,indonesia,USDC
326,0.8513944909093452,15804961442.446331,19,S2_panic_selling_defi,indonesia,USDC
327,0.8516981547930093,15409837406.385174,19,S2_panic_selling_defi,indonesia,USDC
328,0.8620045790532787,15024591471.22554,19,S2_panic_selling_defi,indonesia,USDC
329,0.833778974989475,14648976684.444904,19,S2_panic_selling_defi,indonesia,USDC
330,0.8188617405936338,14282752267.333782,19,S2_panic_selling_defi,indonesia,USDC
331,0.8142315627950618,13925683460.650436,19,S2_panic_selling_defi,indonesia,USDC
332,0.8060626725535124,13577541374.134176,19,S2_panic_selling_defi,indonesia,USDC
333,0.81714120955367,13238102839.780823,19,S2_panic_selling_defi,indonesia,USDC
334,0.7992368151308307,12907150268.7863,19,S2_panic_selling_defi,indonesia,USDC
335,0.7807319827587861,12584471512.066645,19,S2_panic_selling_defi,indonesia,USDC
336,0.7910899073461025,12269859724.264978,19,S2_panic_selling_defi,indonesia,USDC
337,0.7841523205483153,11963113231.158354,19,S2_panic_selling_defi,indonesia,USDC
338,0.7848634542797636,11664035400.379395,19,S2_panic_selling_defi,indonesia,USDC
339,0.7933624820211292,11372434515.36991,19,S2_panic_selling_defi,indonesia,USDC
340,0.7872779535498897,11088123652.48566,19,S2_panic_selling_defi,indonesia,USDC
341,0.8065624949316578,10810920561.17352,19,S2_panic_selling_defi,indonesia,USDC
342,0.8145885998259395,10540647547.14418,19,S2_panic_selling_defi,indonesia,USDC
343,0.8213620050514722,10277131358.465576,19,S2_panic_selling_defi,indonesia,USDC
344,0.8191302980001868,10020203074.503937,19,S2_panic_selling_defi,indonesia,USDC
345,0.8473155490633971,9769697997.641338,19,S2_panic_selling_defi,indonesia,USDC
346,0.8535358943399316,9525455547.700306,19,S2_panic_selling_defi,indonesia,USDC
347,0.8516546267192265,9287319159.007797,19,S2_panic_selling_defi,indonesia,USDC
348,0.8182643357570287,9055136180.032602,19,S2_panic_selling_defi,indonesia,USDC
349,0.7883826135184089,8828757775.531788,19,S2_panic_selling_defi,indonesia,USDC
350,0.7868123872681559,8608038831.143492,19,S2_panic_selling_defi,indonesia,USDC
351,0.7811514538450347,8392837860.364904,19,S2_panic_selling_defi,indonesia,USDC
352,0.8106912577208173,8183016913.855782,19,S2_panic_selling_defi,indonesia,USDC
353,0.7983806948616602,7978441491.009388,19,S2_panic_selling_defi,indonesia,USDC
354,0.8091689350803396,7778980453.734153,19,S2_panic_selling_defi,indonesia,USDC
355,0.7956347252317255,7584505942.390799,19,S2_panic_selling_defi,indonesia,USDC
356,0.7589843524509559,7394893293.831029,19,S2_panic_selling_defi,indonesia,USDC
357,0.758026488625462,7210020961.485252,19,S2_panic_selling_defi,indonesia,USDC
358,0.7648809681565665,7029770437.448121,19,S2_panic_selling_defi,indonesia,USDC
359,0.7803787718448224,6854026176.511917,19,S2_panic_selling_defi,indonesia,USDC
360,0.7801023406289836,6682675522.099119,19,S2_panic_selling_defi,indonesia,USDC
361,0.784984269966428,6515608634.046641,19,S2_panic_selling_defi,indonesia,USDC
362,0.7823857472925327,6352718418.195476,19,S2_panic_selling_defi,indonesia,USDC
363,0.7999512649212978,6193900457.740589,19,S2_panic_selling_defi,indonesia,USDC
364,0.7829702124866781,6039052946.297074,19,S2_panic_selling_defi,indonesia,USDC
365,0.8126044707108175,5888076622.639647,19,S2_panic_selling_defi,indonesia,USDC
366,0.8270116105797581,5740874707.073656,19,S2_panic_selling_defi,indonesia,USDC
367,0.8491887776685886,5597352839.396814,19,S2_panic_selling_defi,indonesia,USDC
368,0.8602802952790883,5457419018.411894,19,S2_panic_selling_defi,indonesia,USDC
369,0.8604984753709058,5320983542.951597,19,S2_panic_selling_defi,indonesia,USDC
370,0.8403731399814389,5187958954.377808,19,S2_panic_selling_defi,indonesia,USDC
371,0.820044135924074,5058259980.518362,19,S2_panic_selling_defi,indonesia,USDC
372,0.8285818384362915,4931803481.005403,19,S2_panic_selling_defi,indonesia,USDC
373,0.8104296323463932,4808508393.980268,19,S2_panic_selling_defi,indonesia,USDC
374,0.7876609526117812,4688295684.130761,19,S2_panic_selling_defi,indonesia,USDC
375,0.7972695628563883,4571088292.027492,19,S2_panic_selling_defi,indonesia,USDC
376,0.7818010995940359,4456811084.726805,19,S2_panic_selling_defi,indonesia,USDC
377,0.7676294806261642,4345390807.608634,19,S2_panic_selling_defi,indonesia,USDC
378,0.7372533270246909,4236756037.4184184,19,S2_panic_selling_defi,indonesia,USDC
379,0.7338687698680733,4130837136.482958,19,S2_panic_selling_defi,indonesia,USDC
380,0.7419407704442591,4027566208.0708838,19,S2_panic_selling_defi,indonesia,USDC
381,0.7860336990120746,3926877052.8691115,19,S2_panic_selling_defi,indonesia,USDC
382,0.7919810982101139,3828705126.547384,19,S2_panic_selling_defi,indonesia,USDC
383,0.7887743214703875,3732987498.3836994,19,S2_panic_selling_defi,indonesia,USDC
384,0.790056887344708,3639662810.9241066,19,S2_panic_selling_defi,indonesia,USDC
385,0.7903289950229282,3548671240.651004,19,S2_panic_selling_defi,indonesia,USDC
386,0.7864124387960657,3459954459.634729,19,S2_panic_selling_defi,indonesia,USDC
387,0.7693428983913444,3373455598.143861,19,S2_panic_selling_defi,indonesia,USDC
388,0.7733166972920995,3289119208.190264,19,S2_panic_selling_defi,indonesia,USDC
389,0.7764311648645675,3206891227.985508,19,S2_panic_selling_defi,indonesia,USDC
390,0.7870208161273926,3126718947.2858706,19,S2_panic_selling_defi,indonesia,USDC
391,0.8158378377450796,3048550973.6037235,19,S2_panic_selling_defi,indonesia,USDC
392,0.7003129480973926,2972337199.2636304,19,S2_panic_selling_defi,indonesia,USDC
393,0.6866684448379033,2898028769.2820396,19,S2_panic_selling_defi,indonesia,USDC
394,0.6919936987251802,2825578050.0499887,19,S2_panic_selling_defi,indonesia,USDC
395,0.7009053228354837,2754938598.798739,19,S2_panic_selling_defi,indonesia,USDC
396,0.7066387794063917,2686065133.8287706,19,S2_panic_selling_defi,indonesia,USDC
397,0.7193360269455596,2618913505.4830513,19,S2_panic_selling_defi,indonesia,USDC
398,0.7394908319764842,2553440667.845975,19,S2_panic_selling_defi,indonesia,USDC
399,0.7240947623750172,2489604651.1498256,19,S2_panic_selling_defi,indonesia,USDC
400,0.7552446648608526,2427364534.87108,19,S2_panic_selling_defi,indonesia,USDC
401,0.7828494270018844,2366680421.499303,19,S2_panic_selling_defi,indonesia,USDC
402,0.781977464685683,2307513410.9618206,19,S2_panic_selling_defi,indonesia,USDC
403,0.7760858930056916,2249825575.6877747,19,S2_panic_selling_defi,indonesia,USDC
404,0.750795529611529,2193579936.2955804,19,S2_panic_selling_defi,indonesia,USDC
405,0.7668781986299115,2138740437.8881907,19,S2_panic_selling_defi,indonesia,USDC
406,0.7666422406496889,2085271926.940986,19,S2_panic_selling_defi,indonesia,USDC
407,0.7872552332935184,2033140128.7674613,19,S2_panic_selling_defi,indonesia,USDC
408,0.7884329935083522,1982311625.548275,19,S2_panic_selling_defi,indonesia,USDC
409,0.7955153292291447,1932753834.9095678,19,S2_panic_selling_defi,indonesia,USDC
410,0.7992053605896832,1884434989.0368285,19,S2_panic_selling_defi,indonesia,USDC
411,0.7941127989919309,1837324114.310908,19,S2_panic_selling_defi,indonesia,USDC
412,0.7981002529171181,1791391011.4531355,19,S2_panic_selling_defi,indonesia,USDC
413,0.7899248060220202,1746606236.1668072,19,S2_panic_selling_defi,indonesia,USDC
414,0.8125267672398107,1702941080.262637,19,S2_panic_selling_defi,indonesia,USDC
415,0.7846305904776477,1660367553.256071,19,S2_panic_selling_defi,indonesia,USDC
416,0.7995509437657911,1618858364.424669,19,S2_panic_selling_defi,indonesia,USDC
417,0.811943327202511,1578386905.3140523,19,S2_panic_selling_defi,indonesia,USDC
418,0.7998544816354898,1538927232.681201,19,S2_panic_selling_defi,indonesia,USDC
419,0.7770615635990785,1500454051.864171,19,S2_panic_selling_defi,indonesia,USDC
420,0.7660366639427707,1462942700.5675669,19,S2_panic_selling_defi,indonesia,USDC
421,0.7664043723605379,1426369133.0533776,19,S2_panic_selling_defi,indonesia,USDC
422,0.7777382348043775,1390709904.7270432,19,S2_panic_selling_defi,indonesia,USDC
423,0.8063173170669875,1355942157.1088672,19,S2_panic_selling_defi,indonesia,USDC
424,0.8012634367059702,1322043603.1811454,19,S2_panic_selling_defi,indonesia,USDC
425,0.7009760425851976,1288992513.1016169,19,S2_panic_selling_defi,indonesia,USDC
426,0.6872268900866417,1256767700.2740765,19,S2_panic_selling_defi,indonesia,USDC
427,0.7083657171841184,1225348507.7672243,19,S2_panic_selling_defi,indonesia,USDC
428,0.7233557594234246,1194714795.0730438,19,S2_panic_selling_defi,indonesia,USDC
429,0.7408996962179318,1164846925.1962178,19,S2_panic_selling_defi,indonesia,USDC
430,0.7382038914897677,1135725752.0663123,19,S2_panic_selling_defi,indonesia,USDC
431,0.7416663448758941,1107332608.2646544,19,S2_panic_selling_defi,indonesia,USDC
432,0.7370983941591572,1079649293.0580382,19,S2_panic_selling_defi,indonesia,USDC
433,0.7353480442246575,1052658060.7315872,19,S2_panic_selling_defi,indonesia,USDC
434,0.7546603422697286,1026341609.2132976,19,S2_panic_selling_defi,indonesia,USDC
435,0.7740444311824084,1000683068.9829651,19,S2_panic_selling_defi,indonesia,USDC
436,0.7835736583026242,975665992.2583909,19,S2_panic_selling_defi,indonesia,USDC
437,0.7851499514209904,951274342.451931,19,S2_panic_selling_defi,indonesia,USDC
438,0.7700168214047612,927492483.8906329,19,S2_panic_selling_defi,indonesia,USDC
439,0.7556855575450352,904305171.7933671,19,S2_panic_selling_defi,indonesia,USDC
440,0.7413798558156548,881697542.4985328,19,S2_panic_selling_defi,indonesia,USDC
441,0.7392736383225004,859655103.9360697,19,S2_panic_selling_defi,indonesia,USDC
442,0.727730189919202,838163726.3376677,19,S2_panic_selling_defi,indonesia,USDC
443,0.7270578987626931,817209633.1792262,19,S2_panic_selling_defi,indonesia,USDC
444,0.7346019333029196,796779392.3497454,19,S2_panic_selling_defi,indonesia,USDC
445,0.7411866215397886,776859907.5410018,19,S2_panic_selling_defi,indonesia,USDC
446,0.7277219516757065,757438409.8524767,19,S2_panic_selling_defi,indonesia,USDC
447,0.74221500762933,738502449.6061648,19,S2_panic_selling_defi,indonesia,USDC
448,0.7636020198179044,720039888.3660107,19,S2_panic_selling_defi,indonesia,USDC
449,0.7616554299761245,702038891.1568604,19,S2_panic_selling_defi,indonesia,USDC
450,0.7734211388309656,684487918.8779389,19,S2_panic_selling_defi,indonesia,USDC
451,0.7740933185314356,667375720.9059905,19,S2_panic_selling_defi,indonesia,USDC
452,0.7753335313614013,650691327.8833406,19,S2_panic_selling_defi,indonesia,USDC
453,0.7652134891395983,634424044.6862571,19,S2_panic_selling_defi,indonesia,USDC
454,0.7826920030402292,618563443.5691007,19,S2_panic_selling_defi,indonesia,USDC
455,0.7966794865695692,603099357.4798732,19,S2_panic_selling_defi,indonesia,USDC
456,0.794814262226173,588021873.5428764,19,S2_panic_selling_defi,indonesia,USDC
457,0.7132798322707317,573321326.7043045,19,S2_panic_selling_defi,indonesia,USDC
458,0.7135954181597286,558988293.5366969,19,S2_panic_selling_defi,indonesia,USDC
459,0.737947532690396,545013586.1982794,19,S2_panic_selling_defi,indonesia,USDC
460,0.7420416900815334,531388246.5433224,19,S2_panic_selling_defi,indonesia,USDC
461,0.7468242214028238,518103540.3797394,19,S2_panic_selling_defi,indonesia,USDC
462,0.7594281074282074,505150951.8702459,19,S2_panic_selling_defi,indonesia,USDC
463,0.7637022971875226,492522178.0734898,19,S2_panic_selling_defi,indonesia,USDC
464,0.7468039937923676,480209123.6216525,19,S2_panic_selling_defi,indonesia,USDC
465,0.7519969850229576,468203895.5311112,19,S2_panic_selling_defi,indonesia,USDC
466,0.7472219481273752,456498798.1428335,19,S2_panic_selling_defi,indonesia,USDC
467,0.7619087386201787,445086328.1892626,19,S2_panic_selling_defi,indonesia,USDC
468,0.7689877462163377,433959169.98453104,19,S2_panic_selling_defi,indonesia,USDC
469,0.7702547353132873,423110190.73491776,19,S2_panic_selling_defi,indonesia,USDC
470,0.7814257550235921,412532435.9665448,19,S2_panic_selling_defi,indonesia,USDC
471,0.7722587049729325,402219125.0673812,19,S2_panic_selling_defi,indonesia,USDC
472,0.7678792024684383,392163646.9406967,19,S2_panic_selling_defi,indonesia,USDC
473,0.7953733267136438,382359555.76717925,19,S2_panic_selling_defi,indonesia,USDC
474,0.8123205725364715,372800566.8729998,19,S2_panic_selling_defi,indonesia,USDC
475,0.7986555567671103,363480552.7011748,19,S2_panic_selling_defi,indonesia,USDC
476,0.7791549466227514,354393538.8836454,19,S2_panic_selling_defi,indonesia,USDC
477,0.752950059496767,345533700.4115543,19,S2_panic_selling_defi,indonesia,USDC
478,0.772616633280525,336895357.90126544,19,S2_panic_selling_defi,indonesia,USDC
479,0.7696981014727553,328472973.9537338,19,S2_panic_selling_defi,indonesia,USDC
480,0.7643642589569238,320261149.6048904,19,S2_panic_selling_defi,indonesia,USDC
481,0.7697824614698474,312254620.86476815,19,S2_panic_selling_defi,indonesia,USDC
482,0.7605576545519852,304448255.34314895,19,S2_panic_selling_defi,indonesia,USDC
483,0.7714868096013482,296837048.9595702,19,S2_panic_selling_defi,indonesia,USDC
484,0.7718566349308583,289416122.735581,19,S2_panic_selling_defi,indonesia,USDC
485,0.7732540895012153,282180719.66719145,19,S2_panic_selling_defi,indonesia,USDC
486,0.7879684740645946,275126201.67551166,19,S2_panic_selling_defi,indonesia,USDC
487,0.7995114404676439,268248046.6336239,19,S2_panic_selling_defi,indonesia,USDC
488,0.7976937131359985,261541845.46778327,19,S2_panic_selling_defi,indonesia,USDC
489,0.8083925291513089,255003299.33108866,19,S2_panic_selling_defi,indonesia,USDC
490,0.8060554259001911,248628216.84781146,19,S2_panic_selling_defi,indonesia,USDC
491,0.8131295250265761,242412511.4266162,19,S2_panic_selling_defi,indonesia,USDC
492,0.7984173224533675,236352198.6409508,19,S2_panic_selling_defi,indonesia,USDC
493,0.8046530790532516,230443393.67492703,19,S2_panic_selling_defi,indonesia,USDC
494,0.798386334572902,224682308.83305383,19,S2_panic_selling_defi,indonesia,USDC
495,0.6852362392152774,219065251.1122275,19,S2_panic_selling_defi,indonesia,USDC
496,0.6969038621165083,213588619.83442178,19,S2_panic_selling_defi,indonesia,USDC
497,0.6870155301703406,208248904.33856124,19,S2_panic_selling_defi,indonesia,USDC
498,0.7060558629117741,203042681.73009723,19,S2_panic_selling_defi,indonesia,USDC
499,0.7014895009769248,197966614.6868448,19,S2_panic_selling_defi,indonesia,USDC
500,0.723756423383093,193017449.31967366,19,S2_panic_selling_defi,indonesia,USDC
501,0.7473413494813455,188192013.08668184,19,S2_panic_selling_defi,indonesia,USDC
502,0.7436906348482696,183487212.75951478,19,S2_panic_selling_defi,indonesia,USDC
503,0.7745918696350379,178900032.4405269,19,S2_panic_selling_defi,indonesia,USDC
504,0.7710936536345406,174427531.62951374,19,S2_panic_selling_defi,indonesia,USDC
505,0.7458541110799728,170066843.33877587,19,S2_panic_selling_defi,indonesia,USDC
506,0.7759132232896173,165815172.25530648,19,S2_panic_selling_defi,indonesia,USDC
507,0.7826503898713799,161669792.94892383,19,S2_panic_selling_defi,indonesia,USDC
508,0.7877811724205179,157628048.12520075,19,S2_panic_selling_defi,indonesia,USDC
509,0.7908633252002688,153687346.9220707,19,S2_panic_selling_defi,indonesia,USDC
510,0.8064629357409695,149845163.24901897,19,S2_panic_selling_defi,indonesia,USDC
511,0.7908462528901515,146099034.16779345,19,S2_panic_selling_defi,indonesia,USDC
512,0.7992607772043564,142446558.31359863,19,S2_panic_selling_defi,indonesia,USDC
513,0.7708373630456818,138885394.35575867,19,S2_panic_selling_defi,indonesia,USDC
514,0.7726243617209264,135413259.49686468,19,S2_panic_selling_defi,indonesia,USDC
515,0.7908805536644613,132027928.00944307,19,S2_panic_selling_defi,indonesia,USDC
516,0.7976231333332963,128727229.80920699,19,S2_panic_selling_defi,indonesia,USDC
517,0.8260723711949096,125509049.06397682,19,S2_panic_selling_defi,indonesia,USDC
518,0.8082548727533341,122371322.8373774,19,S2_panic_selling_defi,indonesia,USDC
519,0.7911803812257214,119312039.76644298,19,S2_panic_selling_defi,indonesia,USDC
520,0.8167030774579082,116329238.77228189,19,S2_panic_selling_defi,indonesia,USDC
521,0.8065717867951919,113421007.80297484,19,S2_panic_selling_defi,indonesia,USDC
522,0.8175200215596516,110585482.60790047,19,S2_panic_selling_defi,indonesia,USDC
523,0.8621197351099116,107820845.54270294,19,S2_panic_selling_defi,indonesia,USDC
524,0.8540344513883332,105125324.40413538,19,S2_panic_selling_defi,indonesia,USDC
525,0.8413270673275778,102497191.29403201,19,S2_panic_selling_defi,indonesia,USDC
526,0.8609097810967066,99934761.5116812,19,S2_panic_selling_defi,indonesia,USDC
527,0.8575444909510068,97436392.47388916,19,S2_panic_selling_defi,indonesia,USDC
528,0.8465274418097853,95000482.66204193,19,S2_panic_selling_defi,indonesia,USDC
529,0.8540661415092825,92625470.59549087,19,S2_panic_selling_defi,indonesia,USDC
530,0.8672755965537512,90309833.8306036,19,S2_panic_selling_defi,indonesia,USDC
531,0.8658153049853715,88052087.98483852,19,S2_panic_selling_defi,indonesia,USDC
532,0.8729944975410924,85850785.78521755,19,S2_panic_selling_defi,indonesia,USDC
533,0.8690390733492762,83704516.14058712,19,S2_panic_selling_defi,indonesia,USDC
534,0.8577492434269118,81611903.23707244,19,S2_panic_selling_defi,indonesia,USDC
535,0.857789084394656,79571605.65614563,19,S2_panic_selling_defi,indonesia,USDC
536,0.8478145310199868,77582315.51474199,19,S2_panic_selling_defi,indonesia,USDC
537,0.8515865278546475,75642757.62687343,19,S2_panic_selling_defi,indonesia,USDC
538,0.8586451344560047,73751688.6862016,19,S2_panic_selling_defi,indonesia,USDC
539,0.8631099399968669,71907896.46904656,19,S2_panic_selling_defi,indonesia,USDC
540,0.8487032776973764,70110199.0573204,19,S2_panic_selling_defi,indonesia,USDC
541,0.8261473950652837,68357444.08088739,19,S2_panic_selling_defi,indonesia,USDC
542,0.798632191543864,66648507.978865206,19,S2_panic_selling_defi,indonesia,USDC
543,0.7911747814804656,64982295.27939357,19,S2_panic_selling_defi,indonesia,USDC
544,0.8255711823510563,63357737.89740873,19,S2_panic_selling_defi,indonesia,USDC
545,0.8260150633525009,61773794.44997351,19,S2_panic_selling_defi,indonesia,USDC
546,0.8292615498255476,60229449.58872417,19,S2_panic_selling_defi,indonesia,USDC
547,0.8187189950394564,58723713.349006064,19,S2_panic_selling_defi,indonesia,USDC
548,0.8068925507819387,57255620.51528092,19,S2_panic_selling_defi,indonesia,USDC
549,0.7851593234080826,55824230.00239889,19,S2_panic_selling_defi,indonesia,USDC
550,0.7739111891598544,54428624.25233892,19,S2_panic_selling_defi,indonesia,USDC
551,0.7522584538530463,53067908.64603045,19,S2_panic_selling_defi,indonesia,USDC
552,0.7468493310127292,51741210.92987968,19,S2_panic_selling_defi,indonesia,USDC
553,0.7444352365832484,50447680.6566327,19,S2_panic_selling_defi,indonesia,USDC
554,0.7451597757991576,49186488.64021688,19,S2_panic_selling_defi,indonesia,USDC
555,0.7715463306556413,47956826.42421146,19,S2_panic_selling_defi,indonesia,USDC
556,0.7806340606918677,46757905.763606176,19,S2_panic_selling_defi,indonesia,USDC
557,0.7697288484213087,45588958.119516015,19,S2_panic_selling_defi,indonesia,USDC
558,0.7589436994097191,44449234.16652811,19,S2_panic_selling_defi,indonesia,USDC
559,0.7731416689523942,43338003.312364906,19,S2_panic_selling_defi,indonesia,USDC
560,0.8162060986694245,42254553.229555786,19,S2_panic_selling_defi,indonesia,USDC
561,0.8338162094608013,41198189.3988169,19,S2_panic_selling_defi,indonesia,USDC
562,0.8251508408126806,40168234.66384647,19,S2_panic_selling_defi,indonesia,USDC
563,0.7979468266299868,39164028.79725031,19,S2_panic_selling_defi,indonesia,USDC
564,0.8030834057077046,38184928.077319056,19,S2_panic_selling_defi,indonesia,USDC
565,0.8006184858190574,37230304.875386074,19,S2_panic_selling_defi,indonesia,USDC
566,0.8187553958026291,36299547.25350143,19,S2_panic_selling_defi,indonesia,USDC
567,0.8021317196022557,35392058.572163895,19,S2_panic_selling_defi,indonesia,USDC
568,0.7951716848191654,34507257.1078598,19,S2_panic_selling_defi,indonesia,USDC
569,0.82159748399434,33644575.6801633,19,S2_panic_selling_defi,indonesia,USDC
570,0.8171346368743577,32803461.288159218,19,S2_panic_selling_defi,indonesia,USDC
571,0.8086548300890346,31983374.755955234,19,S2_panic_selling_defi,indonesia,USDC
572,0.797592847859734,31183790.387056354,19,S2_panic_selling_defi,indonesia,USDC
573,0.7730891535543618,30404195.627379946,19,S2_panic_selling_defi,indonesia,USDC
574,0.7572261503995197,29644090.736695446,19,S2_panic_selling_defi,indonesia,USDC
575,0.7732948825417301,28902988.46827806,19,S2_panic_selling_defi,indonesia,USDC
576,0.7776202121473843,28180413.756571114,19,S2_panic_selling_defi,indonesia,USDC
577,0.7926735573997061,27475903.412656836,19,S2_panic_selling_defi,indonesia,USDC
578,0.7992097364233096,26789005.827340417,19,S2_panic_selling_defi,indonesia,USDC
579,0.8095484363653813,26119280.681656905,19,S2_panic_selling_defi,indonesia,USDC
580,0.7926168348891068,25466298.664615486,19,S2_panic_selling_defi,indonesia,USDC
581,0.7936140616778525,24829641.198000096,19,S2_panic_selling_defi,indonesia,USDC
582,0.7918423023930691,24208900.168050095,19,S2_panic_selling_defi,indonesia,USDC
583,0.7733942538481964,23603677.66384884,19,S2_panic_selling_defi,indonesia,USDC
584,0.7989850844810491,23013585.722252622,19,S2_panic_selling_defi,indonesia,USDC
585,0.7989001901046334,22438246.079196308,19,S2_panic_selling_defi,indonesia,USDC
586,0.7686142234502993,21877289.927216396,19,S2_panic_selling_defi,indonesia,USDC
587,0.7815562316457817,21330357.679035988,19,S2_panic_selling_defi,indonesia,USDC
588,0.7967294247377561,20797098.73706009,19,S2_panic_selling_defi,indonesia,USDC
589,0.7845254232129563,20277171.268633585,19,S2_panic_selling_defi,indonesia,USDC
590,0.786915819956538,19770241.98691775,19,S2_panic_selling_defi,indonesia,USDC
591,0.7641255417760718,19275985.937244803,19,S2_panic_selling_defi,indonesia,USDC
592,0.7965199933599488,18794086.28881368,19,S2_panic_selling_defi,indonesia,USDC
593,0.7970825152980264,18324234.131593343,19,S2_panic_selling_defi,indonesia,USDC
594,0.7852775360881097,17866128.278303508,19,S2_panic_selling_defi,indonesia,USDC
595,0.7843431028929457,17419475.07134592,19,S2_panic_selling_defi,indonesia,USDC
596,0.7809667315968393,16983988.194562275,19,S2_panic_selling_defi,indonesia,USDC
597,0.7588385752478749,16559388.489698216,19,S2_panic_selling_defi,indonesia,USDC
598,0.7899109787771978,16145403.777455762,19,S2_panic_selling_defi,indonesia,USDC
599,0.7789158963402658,15741768.683019368,19,S2_panic_selling_defi,indonesia,USDC
600,0.8113940933116368,15348224.465943884,19,S2_panic_selling_defi,indonesia,USDC
601,0.8144596326370648,14964518.854295287,19,S2_panic_selling_defi,indonesia,USDC
602,0.7849889076672684,14590405.882937903,19,S2_panic_selling_defi,indonesia,USDC
603,0.7957277790933871,14225645.735864453,19,S2_panic_selling_defi,indonesia,USDC
604,0.7874515391162185,13870004.592467844,19,S2_panic_selling_defi,indonesia,USDC
605,0.8104283814124861,13523254.477656147,19,S2_panic_selling_defi,indonesia,USDC
606,0.8173791347073568,13185173.115714744,19,S2_panic_selling_defi,indonesia,USDC
607,0.8228900703329094,12855543.787821874,19,S2_panic_selling_defi,indonesia,USDC
608,0.8313544307463016,12534155.193126328,19,S2_panic_selling_defi,indonesia,USDC
609,0.8109324858048523,12220801.31329817,19,S2_panic_selling_defi,indonesia,USDC
610,0.8010394158328351,11915281.280465715,19,S2_panic_selling_defi,indonesia,USDC
611,0.8129625934159191,11617399.248454072,19,S2_panic_selling_defi,indonesia,USDC
612,0.8067448187386578,11326964.267242722,19,S2_panic_selling_defi,indonesia,USDC
613,0.8110801795181835,11043790.160561653,19,S2_panic_selling_defi,indonesia,USDC
614,0.8266463148705361,10767695.406547612,19,S2_panic_selling_defi,indonesia,USDC
615,0.8381827580742149,10498503.02138392,19,S2_panic_selling_defi,indonesia,USDC
616,0.8505822051517172,10236040.445849324,19,S2_panic_selling_defi,indonesia,USDC
617,0.8271320482184447,9980139.434703091,19,S2_panic_selling_defi,indonesia,USDC
618,0.8280798460044151,9730635.948835513,19,S2_panic_selling_defi,indonesia,USDC
619,0.8192079504677376,9487370.050114624,19,S2_panic_selling_defi,indonesia,USDC
620,0.8083292169290728,9250185.798861759,19,S2_panic_selling_defi,indonesia,USDC
621,0.8070868876124158,9018931.153890215,19,S2_panic_selling_defi,indonesia,USDC
622,0.7898388157267696,8793457.87504296,19,S2_panic_selling_defi,indonesia,USDC
623,0.7892558751659962,8573621.428166885,19,S2_panic_selling_defi,indonesia,USDC
624,0.7917443160024038,8359280.892462714,19,S2_panic_selling_defi,indonesia,USDC
625,0.8001255188078651,8150298.870151145,19,S2_panic_selling_defi,indonesia,USDC
626,0.7618060238188964,7946541.3983973665,19,S2_panic_selling_defi,indonesia,USDC
627,0.7825866525549314,7747877.863437433,19,S2_panic_selling_defi,indonesia,USDC
628,0.7951715717063151,7554180.916851496,19,S2_panic_selling_defi,indonesia,USDC
629,0.7907579508679068,7365326.39393021,19,S2_panic_selling_defi,indonesia,USDC
630,0.795243877385017,7181193.234081954,19,S2_panic_selling_defi,indonesia,USDC
631,0.7953091860226408,7001663.403229905,19,S2_panic_selling_defi,indonesia,USDC
632,0.8387872964228521,6826621.818149159,19,S2_panic_selling_defi,indonesia,USDC
633,0.8396075504422134,6655956.27269543,19,S2_panic_selling_defi,indonesia,USDC
634,0.8585532593032139,6489557.365878044,19,S2_panic_selling_defi,indonesia,USDC
635,0.857274340505434,6327318.431731093,19,S2_panic_selling_defi,indonesia,USDC
636,0.8558360795700342,6169135.4709378155,19,S2_panic_selling_defi,indonesia,USDC
637,0.8573908991926696,6014907.08416437,19,S2_panic_selling_defi,indonesia,USDC
638,0.8347875707603771,5864534.407060261,19,S2_panic_selling_defi,indonesia,USDC
639,0.8219067671249697,5717921.046883754,19,S2_panic_selling_defi,indonesia,USDC
640,0.798139574774171,5574973.02071166,19,S2_panic_selling_defi,indonesia,USDC
641,0.7883406613438206,5435598.695193869,19,S2_panic_selling_defi,indonesia,USDC
642,0.7781850969333629,5299708.727814022,19,S2_panic_selling_defi,indonesia,USDC
643,0.756424654608183,5167216.009618672,19,S2_panic_selling_defi,indonesia,USDC
644,0.7401156928038521,5038035.609378205,19,S2_panic_selling_defi,indonesia,USDC
645,0.7425646575218356,4912084.71914375,19,S2_panic_selling_defi,indonesia,USDC
646,0.7598173372259275,4789282.601165156,19,S2_panic_selling_defi,indonesia,USDC
647,0.7580185559400819,4669550.536136027,19,S2_panic_selling_defi,indonesia,USDC
648,0.7527794960400618,4552811.772732627,19,S2_panic_selling_defi,indonesia,USDC
649,0.7622151952800109,4438991.478414311,19,S2_panic_selling_defi,indonesia,USDC
650,0.7755828857772042,4328016.691453953,19,S2_panic_selling_defi,indonesia,USDC
651,0.7883030068398503,4219816.274167605,19,S2_panic_selling_defi,indonesia,USDC
652,0.7959970957929632,4114320.8673134143,19,S2_panic_selling_defi,indonesia,USDC
653,0.8203430745646246,4011462.8456305796,19,S2_panic_selling_defi,indonesia,USDC
654,0.7753715322603697,3911176.274489815,19,S2_panic_selling_defi,indonesia,USDC
655,0.767881714665841,3813396.8676275695,19,S2_panic_selling_defi,indonesia,USDC
656,0.7463312007186437,3718061.94593688,19,S2_panic_selling_defi,indonesia,USDC
657,0.7668085212574148,3625110.3972884575,19,S2_panic_selling_defi,indonesia,USDC
658,0.7546137557729531,3534482.637356247,19,S2_panic_selling_defi,indonesia,USDC
659,0.7245716327142112,3446120.57142234,19,S2_panic_selling_defi,indonesia,USDC
660,0.7384476732742916,3359967.5571367815,19,S2_panic_selling_defi,indonesia,USDC
661,0.7224079351478488,3275968.3682083627,19,S2_panic_selling_defi,indonesia,USDC
662,0.7240638212491972,3194069.1590031534,19,S2_panic_selling_defi,indonesia,USDC
663,0.7290972448693407,3114217.4300280744,19,S2_panic_selling_defi,indonesia,USDC
664,0.7538835111287618,3036361.9942773725,19,S2_panic_selling_defi,indonesia,USDC
665,0.7404978700212033,2960452.9444204383,19,S2_panic_selling_defi,indonesia,USDC
666,0.767656852466213,2886441.620809927,19,S2_panic_selling_defi,indonesia,USDC
667,0.7886118312521638,2814280.580289679,19,S2_panic_selling_defi,indonesia,USDC
668,0.8190581067940027,2743923.565782437,19,S2_panic_selling_defi,indonesia,USDC
669,0.8174566588682772,2675325.476637876,19,S2_panic_selling_defi,indonesia,USDC
670,0.8034377242471726,2608442.3397219293,19,S2_panic_selling_defi,indonesia,USDC
671,0.8049170519004447,2543231.281228881,19,S2_panic_selling_defi,indonesia,USDC
672,0.7795044015886032,2479650.499198159,19,S2_panic_selling_defi,indonesia,USDC
673,0.7707506735926787,2417659.236718205,19,S2_panic_selling_defi,indonesia,USDC
674,0.7731160207317009,2357217.75580025,19,S2_panic_selling_defi,indonesia,USDC
675,0.777078946808943,2298287.3119052434,19,S2_panic_selling_defi,indonesia,USDC
676,0.7830489814549183,2240830.1291076127,19,S2_panic_selling_defi,indonesia,USDC
677,0.7837268374401637,2184809.375879922,19,S2_panic_selling_defi,indonesia,USDC
678,0.7757386678691246,2130189.141482924,19,S2_panic_selling_defi,indonesia,USDC
679,0.7820906568424135,2076934.412945851,19,S2_panic_selling_defi,indonesia,USDC
680,0.7715872442808018,2025011.0526222046,19,S2_panic_selling_defi,indonesia,USDC
681,0.7923846096277111,1974385.7763066494,19,S2_panic_selling_defi,indonesia,USDC
682,0.7718454766026001,1925026.1318989834,19,S2_panic_selling_defi,indonesia,USDC
683,0.7756486061229477,1876900.4786015088,19,S2_panic_selling_defi,indonesia,USDC
684,0.7729330498195649,1829977.966636471,19,S2_panic_selling_defi,indonesia,USDC
685,0.7572359013512104,1784228.517470559,19,S2_panic_selling_defi,indonesia,USDC
686,0.7785198335968501,1739622.8045337955,19,S2_panic_selling_defi,indonesia,USDC
687,0.7744335115495126,1696132.2344204504,19,S2_panic_selling_defi,indonesia,USDC
688,0.7643962029095532,1653728.9285599391,19,S2_panic_selling_defi,indonesia,USDC
689,0.7886113577886965,1612385.7053459405,19,S2_panic_selling_defi,indonesia,USDC
690,0.8360309662977543,1572076.0627122922,19,S2_panic_selling_defi,indonesia,USDC
691,0.857129482710142,1532774.1611444848,19,S2_panic_selling_defi,indonesia,USDC
692,0.8490626513192026,1494454.8071158726,19,S2_panic_selling_defi,indonesia,USDC
693,0.8400530706687994,1457093.4369379757,19,S2_panic_selling_defi,indonesia,USDC
694,0.8311140082683224,1420666.1010145263,19,S2_panic_selling_defi,indonesia,USDC
695,0.8204680473752216,1385149.448489163,19,S2_panic_selling_defi,indonesia,USDC
696,0.807389267722307,1350520.7122769342,19,S2_panic_selling_defi,indonesia,USDC
697,0.8195742478925984,1316757.6944700107,19,S2_panic_selling_defi,indonesia,USDC
698,0.8234270595576931,1283838.7521082605,19,S2_panic_selling_defi,indonesia,USDC
699,0.8081812800115339,1251742.783305554,19,S2_panic_selling_defi,indonesia,USDC
700,0.8233301186764876,1220449.2137229152,19,S2_panic_selling_defi,indonesia,USDC
701,0.7966363805114199,1189937.9833798422,19,S2_panic_selling_defi,indonesia,USDC
702,0.7878883910724536,1160189.5337953463,19,S2_panic_selling_defi,indonesia,USDC
703,0.7824259918350274,1131184.7954504625,19,S2_panic_selling_defi,indonesia,USDC
704,0.7908047855252266,1102905.175564201,19,S2_panic_selling_defi,indonesia,USDC
705,0.7834273968806862,1075332.546175096,19,S2_panic_selling_defi,indonesia,USDC
706,0.7711638853776853,1048449.2325207186,19,S2_panic_selling_defi,indonesia,USDC
707,0.7686421059662794,1022238.0017077005,19,S2_panic_selling_defi,indonesia,USDC
708,0.7669354938589296,996682.0516650082,19,S2_panic_selling_defi,indonesia,USDC
709,0.781727803874688,971765.0003733829,19,S2_panic_selling_defi,indonesia,USDC
710,0.7840006733309852,947470.8753640484,19,S2_panic_selling_defi,indonesia,USDC
711,0.7973833818406799,923784.1034799472,19,S2_panic_selling_defi,indonesia,USDC
712,0.8005438379111723,900689.5008929486,19,S2_panic_selling_defi,indonesia,USDC
713,0.8151925004923186,878172.2633706247,19,S2_panic_selling_defi,indonesia,USDC
714,0.7996905693209209,856217.9567863592,19,S2_panic_selling_defi,indonesia,USDC
715,0.8150214912223204,834812.5078667002,19,S2_panic_selling_defi,indonesia,USDC
716,0.8327304404239597,813942.1951700327,19,S2_panic_selling_defi,indonesia,USDC
717,0.7523957737341268,793593.6402907819,19,S2_panic_selling_defi,indonesia,USDC
718,0.7638501713491413,773753.7992835124,19,S2_panic_selling_defi,indonesia,USDC
719,0.7558461681956266,754409.9543014247,19,S2_panic_selling_defi,indonesia,USDC
720,0.7364162508599196,735549.705443889,19,S2_panic_selling_defi,indonesia,USDC
721,0.7396320864231614,717160.9628077918,19,S2_panic_selling_defi,indonesia,USDC
722,0.7451120470597321,699231.938737597,19,S2_panic_selling_defi,indonesia,USDC
723,0.7503587944677395,681751.1402691571,19,S2_panic_selling_defi,indonesia,USDC
724,0.7474400557794276,664707.3617624282,19,S2_panic_selling_defi,indonesia,USDC
725,0.7729500338925412,648089.6777183675,19,S2_panic_selling_defi,indonesia,USDC
726,0.7648144446742555,631887.4357754083,19,S2_panic_selling_defi,indonesia,USDC
727,0.7510525040324793,616090.2498810232,19,S2_panic_selling_defi,indonesia,USDC
728,0.7486916532789287,600687.9936339975,19,S2_panic_selling_defi,indonesia,USDC
729,0.7877236053073886,585670.7937931477,19,S2_panic_selling_defi,indonesia,USDC
730,0.779125049572083,571029.0239483189,19,S2_panic_selling_defi,indonesia,USDC
731,0.7688231883314768,556753.2983496109,19,S2_panic_selling_defi,indonesia,USDC
732,0.7465147246305933,542834.4658908707,19,S2_panic_selling_defi,indonesia,USDC
733,0.7614979569108622,529263.6042435989,19,S2_panic_selling_defi,indonesia,USDC
734,0.7475301147463868,516032.01413750893,19,S2_panic_selling_defi,indonesia,USDC
735,0.7610345281581444,503131.21378407115,19,S2_panic_selling_defi,indonesia,USDC
736,0.7352267817036363,490552.93343946943,19,S2_panic_selling_defi,indonesia,USDC
737,0.75064392760556,478289.1101034827,19,S2_panic_selling_defi,indonesia,USDC
738,0.7676384301085313,466331.88235089555,19,S2_panic_selling_defi,indonesia,USDC
739,0.8012034700624072,454673.5852921232,19,S2_panic_selling_defi,indonesia,USDC
740,0.8144990040326674,443306.74565982015,19,S2_panic_selling_defi,indonesia,USDC
741,0.8118168873166294,432224.07701832463,19,S2_panic_selling_defi,indonesia,USDC
742,0.7789931046999037,421418.47509286646,19,S2_panic_selling_defi,indonesia,USDC
743,0.7511534803613826,410883.01321554487,19,S2_panic_selling_defi,indonesia,USDC
744,0.774358147180899,400610.93788515625,19,S2_panic_selling_defi,indonesia,USDC
745,0.7744501729857196,390595.66443802736,19,S2_panic_selling_defi,indonesia,USDC
746,0.7712910812913035,380830.77282707667,19,S2_panic_selling_defi,indonesia,USDC
747,0.7810833299687401,371310.00350639975,19,S2_panic_selling_defi,indonesia,USDC
748,0.8011596215215968,362027.25341873977,19,S2_panic_selling_defi,indonesia,USDC
749,0.821235769092914,352976.5720832713,19,S2_panic_selling_defi,indonesia,USDC
750,0.7980125276935583,344152.1577811895,19,S2_panic_selling_defi,indonesia,USDC
751,0.8074112456712823,335548.35383665975,19,S2_panic_selling_defi,indonesia,USDC
752,0.8377089746088885,327159.64499074325,19,S2_panic_selling_defi,indonesia,USDC
753,0.8492591934227831,318980.6538659747,19,S2_panic_selling_defi,indonesia,USDC
754,0.8445282215821743,311006.1375193253,19,S2_panic_selling_defi,indonesia,USDC
755,0.826556232522645,303230.9840813422,19,S2_panic_selling_defi,indonesia,USDC
756,0.8429499233268685,295650.20947930857,19,S2_panic_selling_defi,indonesia,USDC
757,0.834805205394616,288258.9542423259,19,S2_panic_selling_defi,indonesia,USDC
758,0.8072362155358082,281052.48038626777,19,S2_panic_selling_defi,indonesia,USDC
759,0.8031133594461846,274026.1683766111,19,S2_panic_selling_defi,indonesia,USDC
760,0.7782384749070771,267175.51416719577,19,S2_panic_selling_defi,indonesia,USDC
761,0.7884382470272144,260496.1263130159,19,S2_panic_selling_defi,indonesia,USDC
762,0.7926753677628493,253983.72315519053,19,S2_panic_selling_defi,indonesia,USDC
763,0.7701240590594801,247634.13007631074,19,S2_panic_selling_defi,indonesia,USDC
764,0.7669865466188193,241443.27682440297,19,S2_panic_selling_defi,indonesia,USDC
765,0.7911011053245084,235407.1949037929,19,S2_panic_selling_defi,indonesia,USDC
766,0.7937006895211092,229522.0150311981,19,S2_panic_selling_defi,indonesia,USDC
767,0.7950188606140253,223783.96465541812,19,S2_panic_selling_defi,indonesia,USDC
768,0.7748231676358796,218189.36553903267,19,S2_panic_selling_defi,indonesia,USDC
769,0.7846311391859114,212734.6314005569,19,S2_panic_selling_defi,indonesia,USDC
770,0.7850439825029893,207416.26561554294,19,S2_panic_selling_defi,indonesia,USDC
771,0.7983710180296678,202230.85897515435,19,S2_panic_selling_defi,indonesia,USDC
772,0.7720913894765563,197175.0875007755,19,S2_panic_selling_defi,indonesia,USDC
773,0.7654531957945896,192245.71031325613,19,S2_panic_selling_defi,indonesia,USDC
774,0.7873056023234742,187439.5675554247,19,S2_panic_selling_defi,indonesia,USDC
775,0.7875990115376744,182753.5783665391,19,S2_panic_selling_defi,indonesia,USDC
776,0.7762941875788157,178184.7389073756,19,S2_panic_selling_defi,indonesia,USDC
777,0.7671668709591948,173730.12043469123,19,S2_panic_selling_defi,indonesia,USDC
778,0.7631752323583534,169386.86742382395,19,S2_panic_selling_defi,indonesia,USDC
779,0.771775497678895,165152.19573822836,19,S2_panic_selling_defi,indonesia,USDC
780,0.7803546105932804,161023.39084477263,19,S2_panic_selling_defi,indonesia,USDC
781,0.7942558038574395,156997.8060736533,19,S2_panic_selling_defi,indonesia,USDC
782,0.8365923617149406,153072.86092181198,19,S2_panic_selling_defi,indonesia,USDC
783,0.815136976385436,149246.03939876668,19,S2_panic_selling_defi,indonesia,USDC
784,0.811051614984296,145514.88841379754,19,S2_panic_selling_defi,indonesia,USDC
785,0.807656595163681,141877.01620345257,19,S2_panic_selling_defi,indonesia,USDC
786,0.77965000805359,138330.09079836626,19,S2_panic_selling_defi,indonesia,USDC
787,0.79360905117645,134871.8385284071,19,S2_panic_selling_defi,indonesia,USDC
788,0.7967385612356366,131500.04256519693,19,S2_panic_selling_defi,indonesia,USDC
789,0.8280375675373295,128212.54150106701,19,S2_panic_selling_defi,indonesia,USDC
790,0.8232576561844305,125007.22796354034,19,S2_panic_selling_defi,indonesia,USDC
791,0.8101135482799117,121882.04726445183,19,S2_panic_selling_defi,indonesia,USDC
792,0.7964643073116687,118834.99608284055,19,S2_panic_selling_defi,indonesia,USDC
793,0.7966313112993423,115864.12118076952,19,S2_panic_selling_defi,indonesia,USDC
794,0.7873395732871749,112967.51815125027,19,S2_panic_selling_defi,indonesia,USDC
795,0.7756977383886896,110143.33019746903,19,S2_panic_selling_defi,indonesia,USDC
796,0.7793841342490605,107389.74694253229,19,S2_panic_selling_defi,indonesia,USDC
797,0.7754271857645889,104705.00326896898,19,S2_panic_selling_defi,indonesia,USDC
798,0.7932947586760147,102087.37818724476,19,S2_panic_selling_defi,indonesia,USDC
799,0.8006581753516531,99535.19373256365,19,S2_panic_selling_defi,indonesia,USDC
800,0.8122865560847167,97046.81388924956,19,S2_panic_selling_defi,indonesia,USDC
801,0.794361604318657,94620.64354201833,19,S2_panic_selling_defi,indonesia,USDC
802,0.804643170654655,92255.12745346787,19,S2_panic_selling_defi,indonesia,USDC
803,0.7995704156625241,89948.74926713118,19,S2_panic_selling_defi,indonesia,USDC
804,0.7995011055863127,87700.0305354529,19,S2_panic_selling_defi,indonesia,USDC
805,0.8004687760140223,85507.52977206657,19,S2_panic_selling_defi,indonesia,USDC
806,0.7584171825972166,83369.8415277649,19,S2_panic_selling_defi,indonesia,USDC
807,0.7788647319829061,81285.59548957078,19,S2_panic_selling_defi,indonesia,USDC
808,0.7709447602954838,79253.45560233151,19,S2_panic_selling_defi,indonesia,USDC
809,0.8197985707558527,77272.11921227322,19,S2_panic_selling_defi,indonesia,USDC
810,0.8303575177276107,75340.3162319664,19,S2_panic_selling_defi,indonesia,USDC
811,0.8237206554964477,73456.80832616723,19,S2_panic_selling_defi,indonesia,USDC
812,0.8083136092305355,71620.38811801306,19,S2_panic_selling_defi,indonesia,USDC
813,0.7893130233231067,69829.87841506273,19,S2_panic_selling_defi,indonesia,USDC
814,0.7943299130390522,68084.13145468617,19,S2_panic_selling_defi,indonesia,USDC
815,0.8221653428294152,66382.02816831901,19,S2_panic_selling_defi,indonesia,USDC
816,0.8387507180802708,64722.47746411104,19,S2_panic_selling_defi,indonesia,USDC
817,0.8343412156175549,63104.41552750826,19,S2_panic_selling_defi,indonesia,USDC
818,0.8132540447189271,61526.80513932055,19,S2_panic_selling_defi,indonesia,USDC
819,0.8119693064990873,59988.63501083754,19,S2_panic_selling_defi,indonesia,USDC
820,0.8061565292410763,58488.9191355666,19,S2_panic_selling_defi,indonesia,USDC
821,0.8054295769844927,57026.69615717743,19,S2_panic_selling_defi,indonesia,USDC
822,0.7753612788614167,55601.028753248,19,S2_panic_selling_defi,indonesia,USDC
823,0.7635506540463977,54211.0030344168,19,S2_panic_selling_defi,indonesia,USDC
824,0.7615577443208827,52855.72795855638,19,S2_panic_selling_defi,indonesia,USDC
825,0.7655581639625827,51534.33475959247,19,S2_panic_selling_defi,indonesia,USDC
826,0.8136749892077536,50245.976390602664,19,S2_panic_selling_defi,indonesia,USDC
827,0.7776152042333149,48989.82698083759,19,S2_panic_selling_defi,indonesia,USDC
828,0.765793947824216,47765.08130631666,19,S2_panic_selling_defi,indonesia,USDC
829,0.7847664686382692,46570.95427365874,19,S2_panic_selling_defi,indonesia,USDC
830,0.7599526432766567,45406.68041681727,19,S2_panic_selling_defi,indonesia,USDC
831,0.7734249642970987,44271.513406396836,19,S2_panic_selling_defi,indonesia,USDC
832,0.7719656526455687,43164.72557123692,19,S2_panic_selling_defi,indonesia,USDC
833,0.7608585535216278,42085.607431956,19,S2_panic_selling_defi,indonesia,USDC
834,0.7621435509158389,41033.467246157095,19,S2_panic_selling_defi,indonesia,USDC
835,0.7606897858148698,40007.63056500317,19,S2_panic_selling_defi,indonesia,USDC
836,0.7582052195114526,39007.439800878084,19,S2_panic_selling_defi,indonesia,USDC
837,0.7622578031712488,38032.25380585613,19,S2_panic_selling_defi,indonesia,USDC
838,0.7541086544280533,37081.447460709736,19,S2_panic_selling_defi,indonesia,USDC
839,0.77192154453479,36154.41127419199,19,S2_panic_selling_defi,indonesia,USDC
840,0.7802608940571346,35250.55099233719,19,S2_panic_selling_defi,indonesia,USDC
841,0.7818262134737908,34369.287217528756,19,S2_panic_selling_defi,indonesia,USDC
842,0.747351064111528,33510.05503709054,19,S2_panic_selling_defi,indonesia,USDC
843,0.7491904725033964,32672.303661163278,19,S2_panic_selling_defi,indonesia,USDC
844,0.7755257298178906,31855.496069634195,19,S2_panic_selling_defi,indonesia,USDC
845,0.7590422136217613,31059.10866789334,19,S2_panic_selling_defi,indonesia,USDC
846,0.7429981390077227,30282.630951196006,19,S2_panic_selling_defi,indonesia,USDC
847,0.7712716710241446,29525.565177416105,19,S2_panic_selling_defi,indonesia,USDC
848,0.7691881742167626,28787.426047980705,19,S2_panic_selling_defi,indonesia,USDC
849,0.7766032359965616,28067.740396781184,19,S2_panic_selling_defi,indonesia,USDC
850,0.8006613796985391,27366.04688686166,19,S2_panic_selling_defi,indonesia,USDC
851,0.8109823850680361,26681.895714690112,19,S2_panic_selling_defi,indonesia,USDC
852,0.835260138589807,26014.84832182286,19,S2_panic_selling_defi,indonesia,USDC
853,0.8114825164605,25364.47711377729,19,S2_panic_selling_defi,indonesia,USDC
854,0.7809469396743761,24730.365185932857,19,S2_panic_selling_defi,indonesia,USDC
855,0.7976371812616156,24112.106056284538,19,S2_panic_selling_defi,indonesia,USDC
856,0.8026968045293055,23509.30340487742,19,S2_panic_selling_defi,indonesia,USDC
857,0.8164981472913732,22921.57081975549,19,S2_panic_selling_defi,indonesia,USDC
858,0.8086449050178538,22348.5315492616,19,S2_panic_selling_defi,indonesia,USDC
859,0.8362238511554919,21789.81826053006,19,S2_panic_selling_defi,indonesia,USDC
860,0.8119493430380138,21245.072804016807,19,S2_panic_selling_defi,indonesia,USDC
861,0.8158094239532181,20713.945983916386,19,S2_panic_selling_defi,indonesia,USDC
862,0.7930262905454382,20196.097334318478,19,S2_panic_selling_defi,indonesia,USDC
863,0.7852349764329238,19691.194900960516,19,S2_panic_selling_defi,indonesia,USDC
864,0.7745946746668231,19198.915028436502,19,S2_panic_selling_defi,indonesia,USDC
865,0.7970629394375972,18718.94215272559,19,S2_panic_selling_defi,indonesia,USDC
866,0.7781798583799013,18250.96859890745,19,S2_panic_selling_defi,indonesia,USDC
867,0.7808719973801519,17794.694383934766,19,S2_panic_selling_defi,indonesia,USDC
868,0.7681220400134543,17349.827024336395,19,S2_panic_selling_defi,indonesia,USDC
869,0.7679785335474996,16916.08134872799,19,S2_panic_selling_defi,indonesia,USDC
870,0.7666115288766444,16493.179315009787,19,S2_panic_selling_defi,indonesia,USDC
871,0.7626162144281777,16080.849832134543,19,S2_panic_selling_defi,indonesia,USDC
872,0.7830957038421291,15678.82858633118,19,S2_panic_selling_defi,indonesia,USDC
873,0.7786963358343195,15286.8578716729,19,S2_panic_selling_defi,indonesia,USDC
874,0.7851589307579152,14904.686424881078,19,S2_panic_selling_defi,indonesia,USDC
875,0.7866144825076862,14532.069264259051,19,S2_panic_selling_defi,indonesia,USDC
876,0.7763870258203549,14168.767532652575,19,S2_panic_selling_defi,indonesia,USDC
877,0.7934347954912347,13814.548344336261,19,S2_panic_selling_defi,indonesia,USDC
878,0.7888010612513064,13469.184635727855,19,S2_panic_selling_defi,indonesia,USDC
879,0.7775120328894559,13132.455019834659,19,S2_panic_selling_defi,indonesia,USDC
880,0.8080019597522667,12804.14364433879,19,S2_panic_selling_defi,indonesia,USDC
881,0.804591264734352,12484.040053230321,19,S2_panic_selling_defi,indonesia,USDC
882,0.826908667602174,12171.939051899564,19,S2_panic_selling_defi,indonesia,USDC
883,0.8375131729346442,11867.640575602074,19,S2_panic_selling_defi,indonesia,USDC
884,0.8407300987581436,11570.949561212023,19,S2_panic_selling_defi,indonesia,USDC
885,0.8153600314887585,11281.675822181722,19,S2_panic_selling_defi,indonesia,USDC
886,0.8106061315997953,10999.633926627177,19,S2_panic_selling_defi,indonesia,USDC
887,0.8099821368219778,10724.643078461499,19,S2_panic_selling_defi,indonesia,USDC
888,0.827725885319874,10456.527001499962,19,S2_panic_selling_defi,indonesia,USDC
889,0.8388650265066951,10195.113826462462,19,S2_panic_selling_defi,indonesia,USDC
890,0.8332216515702086,9940.2359808009,19,S2_panic_selling_defi,indonesia,USDC
891,0.8579308671244842,9691.730081280879,19,S2_panic_selling_defi,indonesia,USDC
892,0.8724135136041504,9449.436829248856,19,S2_panic_selling_defi,indonesia,USDC
893,0.8812325341198941,9213.200908517636,19,S2_panic_selling_defi,indonesia,USDC
894,0.842950285566505,8982.870885804694,19,S2_panic_selling_defi,indonesia,USDC
895,0.8282445884431622,8758.299113659577,19,S2_panic_selling_defi,indonesia,USDC
896,0.7798209853087259,8539.341635818088,19,S2_panic_selling_defi,indonesia,USDC
897,0.7619429110298942,8325.858094922634,19,S2_panic_selling_defi,indonesia,USDC
898,0.7830874963665342,8117.71164254957,19,S2_panic_selling_defi,indonesia,USDC
899,0.7717549835053973,7914.768851485829,19,S2_panic_selling_defi,indonesia,USDC
900,0.7610322330553698,7716.8996301986845,19,S2_panic_selling_defi,indonesia,USDC
901,0.7699070387506258,7523.977139443717,19,S2_panic_selling_defi,indonesia,USDC
902,0.7615353351806556,7335.877710957624,19,S2_panic_selling_defi,indonesia,USDC
903,0.7685885660745564,7152.480768183683,19,S2_panic_selling_defi,indonesia,USDC
904,0.783426679914987,6973.668748979091,19,S2_panic_selling_defi,indonesia,USDC
905,0.6329236798072797,6799.327030254614,19,S2_panic_selling_defi,indonesia,USDC
906,0.6497019995539801,6629.343854498249,19,S2_panic_selling_defi,indonesia,USDC
907,0.6770183925418081,6463.610258135792,19,S2_panic_selling_defi,indonesia,USDC
908,0.6393782641220342,6302.0200016823965,19,S2_panic_selling_defi,indonesia,USDC
909,0.6443454833816491,6144.4695016403375,19,S2_panic_selling_defi,indonesia,USDC
910,0.6638699569452107,5990.857764099329,19,S2_panic_selling_defi,indonesia,USDC
911,0.6613797166259118,5841.086319996846,19,S2_panic_selling_defi,indonesia,USDC
912,0.6716424784167655,5695.0591619969255,19,S2_panic_selling_defi,indonesia,USDC
913,0.700313241411813,5552.682682947002,19,S2_panic_selling_defi,indonesia,USDC
914,0.7445043654023334,5413.8656158733265,19,S2_panic_selling_defi,indonesia,USDC
915,0.6849049228750848,5278.518975476493,19,S2_panic_selling_defi,indonesia,USDC
916,0.7148060689564852,5146.5560010895815,19,S2_panic_selling_defi,indonesia,USDC
917,0.7140688838958386,5017.892101062342,19,S2_panic_selling_defi,indonesia,USDC
918,0.7308922133665303,4892.444798535784,19,S2_panic_selling_defi,indonesia,USDC
919,0.7373770480203158,4770.133678572389,19,S2_panic_selling_defi,indonesia,USDC
920,0.7390471437849803,4650.880336608079,19,S2_panic_selling_defi,indonesia,USDC
921,0.7353098233048699,4534.608328192877,19,S2_panic_selling_defi,indonesia,USDC
922,0.7371697392865499,4421.243119988055,19,S2_panic_selling_defi,indonesia,USDC
923,0.752884313171754,4310.712041988353,19,S2_panic_selling_defi,indonesia,USDC
924,0.7754896745596767,4202.944240938645,19,S2_panic_selling_defi,indonesia,USDC
925,0.7808858648638741,4097.870634915178,19,S2_panic_selling_defi,indonesia,USDC
926,0.7906122715625924,3995.423869042299,19,S2_panic_selling_defi,indonesia,USDC
927,0.7922705675986753,3895.5382723162415,19,S2_panic_selling_defi,indonesia,USDC
928,0.6873118633086167,3798.1498155083355,19,S2_panic_selling_defi,indonesia,USDC
929,0.6918729537055629,3703.196070120627,19,S2_panic_selling_defi,indonesia,USDC
930,0.7032368950334447,3610.6161683676114,19,S2_panic_selling_defi,indonesia,USDC
931,0.7174642487467913,3520.350764158421,19,S2_panic_selling_defi,indonesia,USDC
932,0.7215036565439384,3432.3419950544608,19,S2_panic_selling_defi,indonesia,USDC
933,0.7324917670090436,3346.533445178099,19,S2_panic_selling_defi,indonesia,USDC
934,0.7188637684729846,3262.8701090486466,19,S2_panic_selling_defi,indonesia,USDC
935,0.7123563527726966,3181.2983563224307,19,S2_panic_selling_defi,indonesia,USDC
936,0.727652692604336,3101.7658974143696,19,S2_panic_selling_defi,indonesia,USDC
937,0.740458643342481,3024.2217499790104,19,S2_panic_selling_defi,indonesia,USDC
938,0.7594810758073582,2948.616206229535,19,S2_panic_selling_defi,indonesia,USDC
939,0.7762478460446937,2874.900801073796,19,S2_panic_selling_defi,indonesia,USDC
940,0.7637850167604584,2803.0282810469516,19,S2_panic_selling_defi,indonesia,USDC
941,0.7827672619014358,2732.952574020778,19,S2_panic_selling_defi,indonesia,USDC
942,0.8002249337443075,2664.6287596702587,19,S2_panic_selling_defi,indonesia,USDC
943,0.8053349731046471,2598.013040678502,19,S2_panic_selling_defi,indonesia,USDC
944,0.7902008895527646,2533.0627146615393,19,S2_panic_selling_defi,indonesia,USDC
945,0.7763703604290145,2469.736146795001,19,S2_panic_selling_defi,indonesia,USDC
946,0.7930129549642861,2407.992743125126,19,S2_panic_selling_defi,indonesia,USDC
947,0.8118195594032386,2347.7929245469977,19,S2_panic_selling_defi,indonesia,USDC
948,0.8031887770758147,2289.098101433323,19,S2_panic_selling_defi,indonesia,USDC
949,0.816694168898067,2231.8706488974894,19,S2_panic_selling_defi,indonesia,USDC
950,0.7922782967127872,2176.0738826750526,19,S2_panic_selling_defi,indonesia,USDC
951,0.7920505340886952,2121.6720356081764,19,S2_panic_selling_defi,indonesia,USDC
952,0.8050805960269497,2068.6302347179717,19,S2_panic_selling_defi,indonesia,USDC
953,0.7932098718859592,2016.9144788500225,19,S2_panic_selling_defi,indonesia,USDC
954,0.8155693706620042,1966.4916168787718,19,S2_panic_selling_defi,indonesia,USDC
955,0.8212038413436292,1917.3293264568026,19,S2_panic_selling_defi,indonesia,USDC
956,0.832804320254997,1869.3960932953828,19,S2_panic_selling_defi,indonesia,USDC
957,0.8295797675597832,1822.6611909629983,19,S2_panic_selling_defi,indonesia,USDC
958,0.8227216935895153,1777.094661188923,19,S2_panic_selling_defi,indonesia,USDC
959,0.8284217850723443,1732.6672946592,19,S2_panic_selling_defi,indonesia,USDC
960,0.827861212030856,1689.3506122927201,19,S2_panic_selling_defi,indonesia,USDC
961,0.8259734096540616,1647.1168469854022,19,S2_panic_selling_defi,indonesia,USDC
962,0.82633214531373,1605.9389258107672,19,S2_panic_selling_defi,indonesia,USDC
963,0.8209549945945978,1565.790452665498,19,S2_panic_selling_defi,indonesia,USDC
964,0.8362152392404198,1526.6456913488605,19,S2_panic_selling_defi,indonesia,USDC
965,0.8223647335459223,1488.479549065139,19,S2_panic_selling_defi,indonesia,USDC
966,0.840491116448524,1451.2675603385105,19,S2_panic_selling_defi,indonesia,USDC
967,0.8235767509365334,1414.9858713300478,19,S2_panic_selling_defi,indonesia,USDC
968,0.7945280324910036,1379.6112245467966,19,S2_panic_selling_defi,indonesia,USDC
969,0.7928530875618772,1345.1209439331267,19,S2_panic_selling_defi,indonesia,USDC
970,0.8008571459054905,1311.4929203347986,19,S2_panic_selling_defi,indonesia,USDC
971,0.7811621856410125,1278.7055973264287,19,S2_panic_selling_defi,indonesia,USDC
972,0.7646598787644434,1246.7379573932678,19,S2_panic_selling_defi,indonesia,USDC
973,0.7839627781861921,1215.5695084584363,19,S2_panic_selling_defi,indonesia,USDC
974,0.8018347554999891,1185.1802707469753,19,S2_panic_selling_defi,indonesia,USDC
975,0.7461311681975282,1155.550763978301,19,S2_panic_selling_defi,indonesia,USDC
976,0.7497625205874252,1126.6619948788434,19,S2_panic_selling_defi,indonesia,USDC
977,0.7721865063520769,1098.4954450068722,19,S2_panic_selling_defi,indonesia,USDC
978,0.7766828706919545,1071.0330588817005,19,S2_panic_selling_defi,indonesia,USDC
979,0.8196869498265902,1044.2572324096582,19,S2_panic_selling_defi,indonesia,USDC
980,0.8468658104441863,1018.1508015994166,19,S2_panic_selling_defi,indonesia,USDC
981,0.8128711027033565,992.697031559431,19,S2_panic_selling_defi,indonesia,USDC
982,0.824457116365842,967.8796057704453,19,S2_panic_selling_defi,indonesia,USDC
983,0.7968905175408756,943.6826156261843,19,S2_panic_selling_defi,indonesia,USDC
984,0.8086123699089929,920.0905502355295,19,S2_panic_selling_defi,indonesia,USDC
985,0.8414483886951064,897.0882864796413,19,S2_panic_selling_defi,indonesia,USDC
986,0.8365371588886554,874.6610793176503,19,S2_panic_selling_defi,indonesia,USDC
987,0.8047648931961593,852.7945523347091,19,S2_panic_selling_defi,indonesia,USDC
988,0.7997220716017106,831.4746885263412,19,S2_panic_selling_defi,indonesia,USDC
989,0.8104847587968219,810.6878213131827,19,S2_panic_selling_defi,indonesia,USDC
990,0.7753492266048501,790.4206257803532,19,S2_panic_selling_defi,indonesia,USDC
991,0.7826248312395293,770.6601101358444,19,S2_panic_selling_defi,indonesia,USDC
992,0.792344166642198,751.3936073824482,19,S2_panic_selling_defi,indonesia,USDC
993,0.8110311780067797,732.608767197887,19,S2_panic_selling_defi,indonesia,USDC
994,0.8272834166354858,714.2935480179399,19,S2_panic_selling_defi,indonesia,USDC
995,0.8073524869189256,696.4362093174914,19,S2_panic_selling_defi,indonesia,USDC
996,0.814787050792022,679.0253040845541,19,S2_panic_selling_defi,indonesia,USDC
997,0.8107279851952951,662.0496714824403,19,S2_panic_selling_defi,indonesia,USDC
998,0.79467091387192,645.4984296953792,19,S2_panic_selling_defi,indonesia,USDC
999,0.8289878272865213,629.3609689529947,19,S2_panic_selling_defi,indonesia,USDC
1000,0.8262836109507995,613.6269447291698,19,S2_panic_selling_defi,indonesia,USDC
