Step,price,liquidity,iteration,scenario,region,coin
1,0.9969652311933799,2990186050301.83,323,S2_panic_selling_defi,indonesia,USDC
2,0.9962216706965987,2990186050301.83,323,S2_panic_selling_defi,indonesia,USDC
3,1.0136045384294279,2990186050301.83,323,S2_panic_selling_defi,indonesia,USDC
4,1.0041176480304146,2990186050301.83,323,S2_panic_selling_defi,indonesia,USDC
5,1.0150981340374732,2990186050301.83,323,S2_panic_selling_defi,indonesia,USDC
6,0.9888354670442758,2990186050301.83,323,S2_panic_selling_defi,indonesia,USDC
7,1.002633372123946,2990186050301.83,323,S2_panic_selling_defi,indonesia,USDC
8,0.9918130047749288,2990186050301.83,323,S2_panic_selling_defi,indonesia,USDC
9,0.9703823266506227,2990186050301.83,323,S2_panic_selling_defi,indonesia,USDC
10,0.9991745067276886,2990186050301.83,323,S2_panic_selling_defi,indonesia,USDC
11,0.9889782985690917,2990186050301.83,323,S2_panic_selling_defi,indonesia,USDC
12,1.0142430276030958,2990186050301.83,323,S2_panic_selling_defi,indonesia,USDC
13,1.0016802571800092,2990186050301.83,323,S2_panic_selling_defi,indonesia,USDC
14,1.0282079381221974,2990186050301.83,323,S2_panic_selling_defi,indonesia,USDC
15,0.9869164899419135,2990186050301.83,323,S2_panic_selling_defi,indonesia,USDC
16,0.9837402480113241,2990186050301.83,323,S2_panic_selling_defi,indonesia,USDC
17,1.0014446337164362,2990186050301.83,323,S2_panic_selling_defi,indonesia,USDC
18,0.9999242214082802,2990186050301.83,323,S2_panic_selling_defi,indonesia,USDC
19,0.9900922479391705,2990186050301.83,323,S2_panic_selling_defi,indonesia,USDC
20,0.9970531224296977,2990186050301.83,323,S2_panic_selling_defi,indonesia,USDC
21,1.0081030272242582,2990186050301.83,323,S2_panic_selling_defi,indonesia,USDC
22,0.986802067360995,2990186050301.83,323,S2_panic_selling_defi,indonesia,USDC
23,0.976681723334569,2990186050301.83,323,S2_panic_selling_defi,indonesia,USDC
24,0.989941839123857,2990186050301.83,323,S2_panic_selling_defi,indonesia,USDC
25,0.9871296349237277,2990186050301.83,323,S2_panic_selling_defi,indonesia,USDC
26,0.9673277512918342,2990186050301.83,323,S2_panic_selling_defi,indonesia,USDC
27,0.9433093411688476,2990020756567.3047,323,S2_panic_selling_defi,indonesia,USDC
28,0.9739780857282335,2988418762542.6055,323,S2_panic_selling_defi,indonesia,USDC
29,0.9619557961755136,2988418762542.6055,323,S2_panic_selling_defi,indonesia,USDC
30,0.9880825559137341,2987955731050.396,323,S2_panic_selling_defi,indonesia,USDC
31,0.9857390606413208,2987955731050.396,323,S2_panic_selling_defi,indonesia,USDC
32,0.9808945707390867,2987955731050.396,323,S2_panic_selling_defi,indonesia,USDC
33,1.002290738963081,2987955731050.396,323,S2_panic_selling_defi,indonesia,USDC
34,1.0411394677478307,2987955731050.396,323,S2_panic_selling_defi,indonesia,USDC
35,1.0142942752635586,2987955731050.396,323,S2_panic_selling_defi,indonesia,USDC
36,1.0119132144620493,2987955731050.396,323,S2_panic_selling_defi,indonesia,USDC
37,1.0126891112617478,2987955731050.396,323,S2_panic_selling_defi,indonesia,USDC
38,1.0279952933883039,2987955731050.396,323,S2_panic_selling_defi,indonesia,USDC
39,1.006060438791559,2987955731050.396,323,S2_panic_selling_defi,indonesia,USDC
40,1.0146714510380836,2987955731050.396,323,S2_panic_selling_defi,indonesia,USDC
41,1.0269487302115896,2987955731050.396,323,S2_panic_selling_defi,indonesia,USDC
42,1.0269441655240674,2987955731050.396,323,S2_panic_selling_defi,indonesia,USDC
43,1.033612108244004,2987955731050.396,323,S2_panic_selling_defi,indonesia,USDC
44,1.0419085598706812,2987955731050.396,323,S2_panic_selling_defi,indonesia,USDC
45,1.074046997779397,2987955731050.396,323,S2_panic_selling_defi,indonesia,USDC
46,1.0333536285060179,2987955731050.396,323,S2_panic_selling_defi,indonesia,USDC
47,1.0219642897556298,2987955731050.396,323,S2_panic_selling_defi,indonesia,USDC
48,1.0409927844523488,2987955731050.396,323,S2_panic_selling_defi,indonesia,USDC
49,1.0484005420364877,2987955731050.396,323,S2_panic_selling_defi,indonesia,USDC
50,1.036911571828059,2987955731050.396,323,S2_panic_selling_defi,indonesia,USDC
51,1.0357915517849505,2987955731050.396,323,S2_panic_selling_defi,indonesia,USDC
52,1.0010550893495358,2987955731050.396,323,S2_panic_selling_defi,indonesia,USDC
53,0.9842783833702463,2987955731050.396,323,S2_panic_selling_defi,indonesia,USDC
54,0.9886023137075387,2987955731050.396,323,S2_panic_selling_defi,indonesia,USDC
55,0.9732809634865651,2987955731050.396,323,S2_panic_selling_defi,indonesia,USDC
56,1.005878396317905,2987955731050.396,323,S2_panic_selling_defi,indonesia,USDC
57,0.986703501426956,2987955731050.396,323,S2_panic_selling_defi,indonesia,USDC
58,0.987723673435286,2987955731050.396,323,S2_panic_selling_defi,indonesia,USDC
59,1.0429499030291152,2987955731050.396,323,S2_panic_selling_defi,indonesia,USDC
60,1.0271963892122449,2987955731050.396,323,S2_panic_selling_defi,indonesia,USDC
61,1.0009497085256858,2987955731050.396,323,S2_panic_selling_defi,indonesia,USDC
62,0.9620078995607193,2987955731050.396,323,S2_panic_selling_defi,indonesia,USDC
63,0.9848174677781361,2987492166301.1885,323,S2_panic_selling_defi,indonesia,USDC
64,0.9770226469710701,2987492166301.1885,323,S2_panic_selling_defi,indonesia,USDC
65,0.9653310281424395,2987492166301.1885,323,S2_panic_selling_defi,indonesia,USDC
66,0.9862585511016067,2987216330586.8926,323,S2_panic_selling_defi,indonesia,USDC
67,0.9781044843136174,2987216330586.8926,323,S2_panic_selling_defi,indonesia,USDC
68,0.9759377010396142,2987216330586.8926,323,S2_panic_selling_defi,indonesia,USDC
69,0.9426797594405664,2987216330586.8926,323,S2_panic_selling_defi,indonesia,USDC
70,0.9384812985800695,2985648396462.713,323,S2_panic_selling_defi,indonesia,USDC
71,0.9443159746102168,2983907966563.441,323,S2_panic_selling_defi,indonesia,USDC
72,0.9108756980623455,2982522696279.6035,323,S2_panic_selling_defi,indonesia,USDC
73,0.9196741107976732,2979392265488.8945,323,S2_panic_selling_defi,indonesia,USDC
74,0.95039633375502,2976918476745.842,323,S2_panic_selling_defi,indonesia,USDC
75,0.9511168836328461,2975990075668.004,323,S2_panic_selling_defi,indonesia,USDC
76,0.9197591713311756,2975114331432.5645,323,S2_panic_selling_defi,indonesia,USDC
77,0.9140119077348682,2972813515931.7617,323,S2_panic_selling_defi,indonesia,USDC
78,0.8825157099764926,2970353072139.2695,323,S2_panic_selling_defi,indonesia,USDC
79,0.9035036176937173,2966730408852.87,323,S2_panic_selling_defi,indonesia,USDC
80,0.9038587678581442,2964225184484.4707,323,S2_panic_selling_defi,indonesia,USDC
81,0.9477858345208409,2961932899427.8374,323,S2_panic_selling_defi,indonesia,USDC
82,0.9280557406980313,2961236364958.6367,323,S2_panic_selling_defi,indonesia,USDC
83,0.919788998096716,2959893702639.696,323,S2_panic_selling_defi,indonesia,USDC
84,0.8746665012075155,2958355918115.9033,323,S2_panic_selling_defi,indonesia,USDC
85,0.8669019526119784,2955695039702.463,323,S2_panic_selling_defi,indonesia,USDC
86,0.8661027679968146,2953020429300.0283,323,S2_panic_selling_defi,indonesia,USDC
87,0.8723186401965957,2950645229091.0205,323,S2_panic_selling_defi,indonesia,USDC
88,0.8939801780310727,2948584940014.124,323,S2_panic_selling_defi,indonesia,USDC
89,0.9195720957217677,2947219558758.3945,323,S2_panic_selling_defi,indonesia,USDC
90,0.9226475658575731,2946390646235.6704,323,S2_panic_selling_defi,indonesia,USDC
91,0.9505637097635942,2945599587409.1123,323,S2_panic_selling_defi,indonesia,USDC
92,1.001336039447358,2945290740006.2393,323,S2_panic_selling_defi,indonesia,USDC
93,1.0085911509163097,2945290740006.2393,323,S2_panic_selling_defi,indonesia,USDC
94,1.0057070131219894,2945290740006.2393,323,S2_panic_selling_defi,indonesia,USDC
95,0.9951432162892528,2945290740006.2393,323,S2_panic_selling_defi,indonesia,USDC
96,1.0048621382739849,2945290740006.2393,323,S2_panic_selling_defi,indonesia,USDC
97,1.0142685904102358,2945290740006.2393,323,S2_panic_selling_defi,indonesia,USDC
98,1.0093729511347835,2945290740006.2393,323,S2_panic_selling_defi,indonesia,USDC
99,1.0298603683220207,2945290740006.2393,323,S2_panic_selling_defi,indonesia,USDC
100,1.0331472155947599,2945290740006.2393,323,S2_panic_selling_defi,indonesia,USDC
101,0.9997132481254205,2945290740006.2393,323,S2_panic_selling_defi,indonesia,USDC
102,0.9881377174231888,2945290740006.2393,323,S2_panic_selling_defi,indonesia,USDC
103,0.9929690803036137,2945290740006.2393,323,S2_panic_selling_defi,indonesia,USDC
104,0.9736833567027514,2945290740006.2393,323,S2_panic_selling_defi,indonesia,USDC
105,0.9783670893617815,2945290740006.2393,323,S2_panic_selling_defi,indonesia,USDC
106,0.9356490482090312,2945290740006.2393,323,S2_panic_selling_defi,indonesia,USDC
107,0.9395010409262439,2944785913897.5654,323,S2_panic_selling_defi,indonesia,USDC
108,0.9281295320336097,2944369268564.605,323,S2_panic_selling_defi,indonesia,USDC
109,0.9754830778140606,2943807464347.294,323,S2_panic_selling_defi,indonesia,USDC
110,0.9417434069132772,2943807464347.294,323,S2_panic_selling_defi,indonesia,USDC
111,0.9436130629435475,2943437718445.956,323,S2_panic_selling_defi,indonesia,USDC
112,0.978906890005667,2943115749493.033,323,S2_panic_selling_defi,indonesia,USDC
113,0.9804351623716515,2943115749493.033,323,S2_panic_selling_defi,indonesia,USDC
114,0.980765094244972,2943115749493.033,323,S2_panic_selling_defi,indonesia,USDC
115,0.9679459457899829,2943115749493.033,323,S2_panic_selling_defi,indonesia,USDC
116,0.9748705637833731,2943102647011.708,323,S2_panic_selling_defi,indonesia,USDC
117,0.9962368202392362,2943102647011.708,323,S2_panic_selling_defi,indonesia,USDC
118,1.0052638474041748,2943102647011.708,323,S2_panic_selling_defi,indonesia,USDC
119,1.031759464488966,2943102647011.708,323,S2_panic_selling_defi,indonesia,USDC
120,1.0260320983880837,2943102647011.708,323,S2_panic_selling_defi,indonesia,USDC
121,1.0093680360473691,2869525080836.415,323,S2_panic_selling_defi,indonesia,USDC
122,0.9775018789474518,2797786953815.505,323,S2_panic_selling_defi,indonesia,USDC
123,0.9366016872659274,2727842279970.117,323,S2_panic_selling_defi,indonesia,USDC
124,0.9041611008570908,2659226372898.551,323,S2_panic_selling_defi,indonesia,USDC
125,0.9162116147652919,2591979553424.2676,323,S2_panic_selling_defi,indonesia,USDC
126,0.8908303909362814,2526564004307.9365,323,S2_panic_selling_defi,indonesia,USDC
127,0.9007024685846549,2462539352795.0977,323,S2_panic_selling_defi,indonesia,USDC
128,0.8687991556849822,2400300207261.8135,323,S2_panic_selling_defi,indonesia,USDC
129,0.8766100842083392,2339347949694.0747,323,S2_panic_selling_defi,indonesia,USDC
130,0.8467212639020963,2280064116405.5317,323,S2_panic_selling_defi,indonesia,USDC
131,0.8368788745264194,2222147776109.939,323,S2_panic_selling_defi,indonesia,USDC
132,0.8225721893151119,2165707542356.5122,323,S2_panic_selling_defi,indonesia,USDC
133,0.8289976375138944,2110714613843.3784,323,S2_panic_selling_defi,indonesia,USDC
134,0.8411340459955987,2057254879599.0664,323,S2_panic_selling_defi,indonesia,USDC
135,0.8216868746443851,2005280961529.3403,323,S2_panic_selling_defi,indonesia,USDC
136,0.7998587188269719,1954594738806.7441,323,S2_panic_selling_defi,indonesia,USDC
137,0.7755111891464774,1905212376496.0063,323,S2_panic_selling_defi,indonesia,USDC
138,0.7782423322842644,1857089698477.2898,323,S2_panic_selling_defi,indonesia,USDC
139,0.7825015244049324,1810255115592.9668,323,S2_panic_selling_defi,indonesia,USDC
140,0.7699138681883462,1764691527378.8242,323,S2_panic_selling_defi,indonesia,USDC
141,0.7693760129799545,1720312563891.5918,323,S2_panic_selling_defi,indonesia,USDC
142,0.7684009768755842,1677080486843.958,323,S2_panic_selling_defi,indonesia,USDC
143,0.7832736389488716,1634981602846.1099,323,S2_panic_selling_defi,indonesia,USDC
144,0.7554274419369288,1593982279195.939,323,S2_panic_selling_defi,indonesia,USDC
145,0.7793441860009213,1554008098909.8376,323,S2_panic_selling_defi,indonesia,USDC
146,0.7770198665374132,1515075015359.0864,323,S2_panic_selling_defi,indonesia,USDC
147,0.778913457478199,1477130064154.864,323,S2_panic_selling_defi,indonesia,USDC
148,0.7730302753505409,1440148397952.8452,323,S2_panic_selling_defi,indonesia,USDC
149,0.7591024705456445,1404098943130.879,323,S2_panic_selling_defi,indonesia,USDC
150,0.7461219528062534,1368957020271.4802,323,S2_panic_selling_defi,indonesia,USDC
151,0.7452223121874744,1334698662534.6865,323,S2_panic_selling_defi,indonesia,USDC
152,0.7373928618212385,1301305100111.408,323,S2_panic_selling_defi,indonesia,USDC
153,0.7371842457822945,1268751599648.4175,323,S2_panic_selling_defi,indonesia,USDC
154,0.7406435301372399,1237017458674.483,323,S2_panic_selling_defi,indonesia,USDC
155,0.7409108690604723,1206079624416.5967,323,S2_panic_selling_defi,indonesia,USDC
156,0.7468967293772288,1175918178506.461,323,S2_panic_selling_defi,indonesia,USDC
157,0.7584034431064653,1146513320779.7744,323,S2_panic_selling_defi,indonesia,USDC
158,0.7828613606468797,1117845617765.349,323,S2_panic_selling_defi,indonesia,USDC
159,0.7990614833507524,1089895990256.9475,323,S2_panic_selling_defi,indonesia,USDC
160,0.7879282865328704,1062645995136.9601,323,S2_panic_selling_defi,indonesia,USDC
161,0.779468326208612,1036077595974.2957,323,S2_panic_selling_defi,indonesia,USDC
162,0.7747638332248599,1010173637513.9017,323,S2_panic_selling_defi,indonesia,USDC
163,0.7872758853501237,984917692695.4397,323,S2_panic_selling_defi,indonesia,USDC
164,0.8188260608646191,960293484436.7808,323,S2_panic_selling_defi,indonesia,USDC
165,0.7904695440475844,936285294108.3254,323,S2_panic_selling_defi,indonesia,USDC
166,0.7899713318252547,912877319586.1289,323,S2_panic_selling_defi,indonesia,USDC
167,0.8107910622536655,890054706528.4065,323,S2_panic_selling_defi,indonesia,USDC
168,0.8035934647634564,867802811811.1199,323,S2_panic_selling_defi,indonesia,USDC
169,0.8088666285655297,846107299074.4025,323,S2_panic_selling_defi,indonesia,USDC
170,0.8146947139474198,824954244222.2821,323,S2_panic_selling_defi,indonesia,USDC
171,0.8007376563102073,804330106685.4241,323,S2_panic_selling_defi,indonesia,USDC
172,0.8067417580748568,784221582335.9275,323,S2_panic_selling_defi,indonesia,USDC
173,0.8008606283201612,764615829999.5522,323,S2_panic_selling_defi,indonesia,USDC
174,0.8115639527412079,745500241852.7863,323,S2_panic_selling_defi,indonesia,USDC
175,0.7958782520141339,726862595858.6665,323,S2_panic_selling_defi,indonesia,USDC
176,0.7957425582216641,708690897986.1229,323,S2_panic_selling_defi,indonesia,USDC
177,0.80711231288045,690973513173.2878,323,S2_panic_selling_defi,indonesia,USDC
178,0.8036841326176739,673699092293.1287,323,S2_panic_selling_defi,indonesia,USDC
179,0.8063207798418565,656856540552.3589,323,S2_panic_selling_defi,indonesia,USDC
180,0.7973077402255836,640435066115.9197,323,S2_panic_selling_defi,indonesia,USDC
181,0.65914473595036,624424134755.4456,323,S2_panic_selling_defi,indonesia,USDC
182,0.6768654699179888,608813453407.6201,323,S2_panic_selling_defi,indonesia,USDC
183,0.6907439087965084,593593066267.3923,323,S2_panic_selling_defi,indonesia,USDC
184,0.7128258812177624,578753203970.4424,323,S2_panic_selling_defi,indonesia,USDC
185,0.7453266332098527,564284351803.3402,323,S2_panic_selling_defi,indonesia,USDC
186,0.7479751424767008,550177228568.2018,323,S2_panic_selling_defi,indonesia,USDC
187,0.7788940439175929,536422786032.0186,323,S2_panic_selling_defi,indonesia,USDC
188,0.7941623013933512,523012208680.3689,323,S2_panic_selling_defi,indonesia,USDC
189,0.7760851398292529,509936897864.395,323,S2_panic_selling_defi,indonesia,USDC
190,0.7730892881600835,497188470114.71075,323,S2_panic_selling_defi,indonesia,USDC
191,0.7867925620566014,484758754053.3677,323,S2_panic_selling_defi,indonesia,USDC
192,0.8016804829373677,472639782130.23517,323,S2_panic_selling_defi,indonesia,USDC
193,0.7980547235689912,460823785221.0217,323,S2_panic_selling_defi,indonesia,USDC
194,0.7784226700497229,449303188634.3102,323,S2_panic_selling_defi,indonesia,USDC
195,0.8164907939961698,438070607144.8183,323,S2_panic_selling_defi,indonesia,USDC
196,0.8333927482640301,427118840738.45844,323,S2_panic_selling_defi,indonesia,USDC
197,0.8515850334917859,416440868837.64,323,S2_panic_selling_defi,indonesia,USDC
198,0.8405032937952411,406029846456.0636,323,S2_panic_selling_defi,indonesia,USDC
199,0.8517992504238174,395879099656.3837,323,S2_panic_selling_defi,indonesia,USDC
200,0.84753886985814,385982121657.2339,323,S2_panic_selling_defi,indonesia,USDC
201,0.842380626449145,376332568151.09326,323,S2_panic_selling_defi,indonesia,USDC
202,0.8567679657701811,366924253521.10516,323,S2_panic_selling_defi,indonesia,USDC
203,0.8491101870420172,357751146853.03534,323,S2_panic_selling_defi,indonesia,USDC
204,0.8593884116473457,348807367875.5398,323,S2_panic_selling_defi,indonesia,USDC
205,0.8550765915843531,340087183414.77936,323,S2_panic_selling_defi,indonesia,USDC
206,0.8571056868267507,331585003586.5147,323,S2_panic_selling_defi,indonesia,USDC
207,0.8266159567450899,323295378286.5148,323,S2_panic_selling_defi,indonesia,USDC
208,0.8404045671113816,315212993607.57227,323,S2_panic_selling_defi,indonesia,USDC
209,0.8068994419173584,307332668594.97437,323,S2_panic_selling_defi,indonesia,USDC
210,0.8047431771095978,299649351689.8413,323,S2_panic_selling_defi,indonesia,USDC
211,0.8083852882845479,292158117725.10565,323,S2_panic_selling_defi,indonesia,USDC
212,0.7910211168948357,284854164647.5815,323,S2_panic_selling_defi,indonesia,USDC
213,0.7824431419226159,277732810401.2045,323,S2_panic_selling_defi,indonesia,USDC
214,0.7757662574829782,270789490029.9202,323,S2_panic_selling_defi,indonesia,USDC
215,0.7863248878171016,264019752689.7719,323,S2_panic_selling_defi,indonesia,USDC
216,0.8047208398862067,257419258805.69833,323,S2_panic_selling_defi,indonesia,USDC
217,0.7977444316852278,250983777284.11493,323,S2_panic_selling_defi,indonesia,USDC
218,0.7776494794464521,244709182806.46982,323,S2_panic_selling_defi,indonesia,USDC
219,0.7807170410282261,238591453195.28748,323,S2_panic_selling_defi,indonesia,USDC
220,0.7884476576395768,232626666833.53967,323,S2_panic_selling_defi,indonesia,USDC
221,0.7767967471108274,226811000136.86694,323,S2_panic_selling_defi,indonesia,USDC
222,0.7854881237407402,221140725111.96774,323,S2_panic_selling_defi,indonesia,USDC
223,0.777895257865694,215612206967.2524,323,S2_panic_selling_defi,indonesia,USDC
224,0.7940926634968383,210221901778.7276,323,S2_panic_selling_defi,indonesia,USDC
225,0.8068062896645892,204966354224.10822,323,S2_panic_selling_defi,indonesia,USDC
226,0.7904314415188146,199842195360.21042,323,S2_panic_selling_defi,indonesia,USDC
227,0.7666935517663982,194846140468.75745,323,S2_panic_selling_defi,indonesia,USDC
228,0.8020822220408875,189974986950.14075,323,S2_panic_selling_defi,indonesia,USDC
229,0.8352816707514474,185225612271.95032,323,S2_panic_selling_defi,indonesia,USDC
230,0.826931470343922,180594971962.12732,323,S2_panic_selling_defi,indonesia,USDC
231,0.8375875663036474,176080097660.3557,323,S2_panic_selling_defi,indonesia,USDC
232,0.8496838666328967,171678095216.68768,323,S2_panic_selling_defi,indonesia,USDC
233,0.8256352063188901,167386142834.5675,323,S2_panic_selling_defi,indonesia,USDC
234,0.8147357639221517,163201489261.9005,323,S2_panic_selling_defi,indonesia,USDC
235,0.8031513257694158,159121452028.6904,323,S2_panic_selling_defi,indonesia,USDC
236,0.8014087724585678,155143415726.4289,323,S2_panic_selling_defi,indonesia,USDC
237,0.7880105104056514,151264830332.02292,323,S2_panic_selling_defi,indonesia,USDC
238,0.8015025776910734,147483209572.55127,323,S2_panic_selling_defi,indonesia,USDC
239,0.8227680384758669,143796129332.38794,323,S2_panic_selling_defi,indonesia,USDC
240,0.8193720790265694,140201226098.44452,323,S2_panic_selling_defi,indonesia,USDC
241,0.8375232280716554,136696195445.44135,323,S2_panic_selling_defi,indonesia,USDC
242,0.8376532289993252,133278790558.8812,323,S2_panic_selling_defi,indonesia,USDC
243,0.846172914110274,129946820794.55731,323,S2_panic_selling_defi,indonesia,USDC
244,0.8274431193652321,126698150274.40659,323,S2_panic_selling_defi,indonesia,USDC
245,0.8116362862805455,123530696517.23651,323,S2_panic_selling_defi,indonesia,USDC
246,0.804399718394551,120442429104.01778,323,S2_panic_selling_defi,indonesia,USDC
247,0.8038277078933855,117431368376.1594,323,S2_panic_selling_defi,indonesia,USDC
248,0.8027753331338533,114495584166.55344,323,S2_panic_selling_defi,indonesia,USDC
249,0.7942123217418189,111633194562.21909,323,S2_panic_selling_defi,indonesia,USDC
250,0.783166835895152,108842364698.00406,323,S2_panic_selling_defi,indonesia,USDC
251,0.788535680331219,106121305580.42317,323,S2_panic_selling_defi,indonesia,USDC
252,0.8216790918201727,103468272940.8022,323,S2_panic_selling_defi,indonesia,USDC
253,0.8270999167051976,100881566117.2132,323,S2_panic_selling_defi,indonesia,USDC
254,0.8271246169818112,98359526964.2236,323,S2_panic_selling_defi,indonesia,USDC
255,0.8117264276162232,95900538790.06729,323,S2_panic_selling_defi,indonesia,USDC
256,0.8067457280190072,93503025320.26653,323,S2_panic_selling_defi,indonesia,USDC
257,0.7835148101020374,91165449687.21748,323,S2_panic_selling_defi,indonesia,USDC
258,0.7717859453940847,88886313444.99915,323,S2_panic_selling_defi,indonesia,USDC
259,0.7734416413912871,86664155608.83981,323,S2_panic_selling_defi,indonesia,USDC
260,0.794245938681181,84497551718.59213,323,S2_panic_selling_defi,indonesia,USDC
261,0.7855701682372945,82385112925.60849,323,S2_panic_selling_defi,indonesia,USDC
262,0.7841436519326825,80325485102.45088,323,S2_panic_selling_defi,indonesia,USDC
263,0.7998003900065844,78317347974.87596,323,S2_panic_selling_defi,indonesia,USDC
264,0.802485485275803,76359414275.49344,323,S2_panic_selling_defi,indonesia,USDC
265,0.8181140012338741,74450428918.59799,323,S2_panic_selling_defi,indonesia,USDC
266,0.7948166443199667,72589168195.62689,323,S2_panic_selling_defi,indonesia,USDC
267,0.8193304426519662,70774438990.7298,323,S2_panic_selling_defi,indonesia,USDC
268,0.8259209877188237,69005078015.957,323,S2_panic_selling_defi,indonesia,USDC
269,0.8006456690570267,67279951065.55449,323,S2_panic_selling_defi,indonesia,USDC
270,0.7720254149766405,65597952288.91209,323,S2_panic_selling_defi,indonesia,USDC
271,0.789056624401695,63958003481.6857,323,S2_panic_selling_defi,indonesia,USDC
272,0.7834744456027931,62359053394.64105,323,S2_panic_selling_defi,indonesia,USDC
273,0.8089990398500443,60800077059.77283,323,S2_panic_selling_defi,indonesia,USDC
274,0.8171055667669156,59280075133.277,323,S2_panic_selling_defi,indonesia,USDC
275,0.8214861693705591,57798073254.9439,323,S2_panic_selling_defi,indonesia,USDC
276,0.819668668228845,56353121423.569305,323,S2_panic_selling_defi,indonesia,USDC
277,0.7866833540834081,54944293387.97926,323,S2_panic_selling_defi,indonesia,USDC
278,0.8065402835842264,53570686053.27888,323,S2_panic_selling_defi,indonesia,USDC
279,0.7993189017912137,52231418901.94627,323,S2_panic_selling_defi,indonesia,USDC
280,0.7853962056076106,50925633429.39707,323,S2_panic_selling_defi,indonesia,USDC
281,0.7827485250136462,49652492593.66164,323,S2_panic_selling_defi,indonesia,USDC
282,0.7813137080069136,48411180278.81967,323,S2_panic_selling_defi,indonesia,USDC
283,0.7860359858934012,47200900771.848854,323,S2_panic_selling_defi,indonesia,USDC
284,0.7950394800746655,46020878252.552376,323,S2_panic_selling_defi,indonesia,USDC
285,0.7938059714834925,44870356296.23837,323,S2_panic_selling_defi,indonesia,USDC
286,0.7811695735550706,43748597388.83223,323,S2_panic_selling_defi,indonesia,USDC
287,0.7836341354834897,42654882454.111275,323,S2_panic_selling_defi,indonesia,USDC
288,0.802410811504022,41588510392.75838,323,S2_panic_selling_defi,indonesia,USDC
289,0.7911976300358098,40548797632.93933,323,S2_panic_selling_defi,indonesia,USDC
290,0.7759681814621823,39535077692.11577,323,S2_panic_selling_defi,indonesia,USDC
291,0.7439079579191308,38546700749.812805,323,S2_panic_selling_defi,indonesia,USDC
292,0.7612390191378169,37583033231.06742,323,S2_panic_selling_defi,indonesia,USDC
293,0.7456015564282736,36643457400.29069,323,S2_panic_selling_defi,indonesia,USDC
294,0.7609422099772255,35727370965.28339,323,S2_panic_selling_defi,indonesia,USDC
295,0.7590795046774478,34834186691.151276,323,S2_panic_selling_defi,indonesia,USDC
296,0.7829317645134195,33963332023.872467,323,S2_panic_selling_defi,indonesia,USDC
297,0.7872570355767192,33114248723.275642,323,S2_panic_selling_defi,indonesia,USDC
298,0.7863614445918388,32286392505.19374,323,S2_panic_selling_defi,indonesia,USDC
299,0.7882480111153294,31479232692.56388,323,S2_panic_selling_defi,indonesia,USDC
300,0.8139973349117869,30692251875.24978,323,S2_panic_selling_defi,indonesia,USDC
301,0.7956021086743478,29924945578.36853,323,S2_panic_selling_defi,indonesia,USDC
302,0.7865694622210341,29176821938.90931,323,S2_panic_selling_defi,indonesia,USDC
303,0.6784930240787009,28447401390.43657,323,S2_panic_selling_defi,indonesia,USDC
304,0.6760211437405571,27736216355.67565,323,S2_panic_selling_defi,indonesia,USDC
305,0.688815335412266,27042810946.783752,323,S2_panic_selling_defi,indonesia,USDC
306,0.6924925448929093,26366740673.11415,323,S2_panic_selling_defi,indonesia,USDC
307,0.7068034274967,25707572156.2863,323,S2_panic_selling_defi,indonesia,USDC
308,0.7116246382563367,25064882852.379143,323,S2_panic_selling_defi,indonesia,USDC
309,0.7150943571702796,24438260781.069664,323,S2_panic_selling_defi,indonesia,USDC
310,0.7254975727814804,23827304261.54292,323,S2_panic_selling_defi,indonesia,USDC
311,0.7425387998341092,23231621655.00435,323,S2_panic_selling_defi,indonesia,USDC
312,0.7375539197404318,22650831113.62924,323,S2_panic_selling_defi,indonesia,USDC
313,0.7528870862045167,22084560335.788506,323,S2_panic_selling_defi,indonesia,USDC
314,0.753098063061903,21532446327.39379,323,S2_panic_selling_defi,indonesia,USDC
315,0.7734032947933435,20994135169.208946,323,S2_panic_selling_defi,indonesia,USDC
316,0.7798320986117663,20469281789.978725,323,S2_panic_selling_defi,indonesia,USDC
317,0.8015348511124701,19957549745.229256,323,S2_panic_selling_defi,indonesia,USDC
318,0.7835691449502249,19458611001.598526,323,S2_panic_selling_defi,indonesia,USDC
319,0.7748961626364695,18972145726.55856,323,S2_panic_selling_defi,indonesia,USDC
320,0.769876952777389,18497842083.3946,323,S2_panic_selling_defi,indonesia,USDC
321,0.760837013106183,18035396031.309734,323,S2_panic_selling_defi,indonesia,USDC
322,0.7811898669848576,17584511130.52699,323,S2_panic_selling_defi,indonesia,USDC
323,0.7544897400648021,17144898352.263817,323,S2_panic_selling_defi,indonesia,USDC
324,0.7631574910235043,16716275893.457222,323,S2_panic_selling_defi,indonesia,USDC
325,0.7660820961477353,16298368996.120789,323,S2_panic_selling_defi,indonesia,USDC
326,0.7602450343632533,15890909771.21777,323,S2_panic_selling_defi,indonesia,USDC
327,0.7749169773810755,15493637026.937326,323,S2_panic_selling_defi,indonesia,USDC
328,0.777759093652911,15106296101.263893,323,S2_panic_selling_defi,indonesia,USDC
329,0.8024671369765342,14728638698.732296,323,S2_panic_selling_defi,indonesia,USDC
330,0.8107327195837563,14360422731.263988,323,S2_panic_selling_defi,indonesia,USDC
331,0.8235009135739257,14001412162.982388,323,S2_panic_selling_defi,indonesia,USDC
332,0.8620061303636339,13651376858.90783,323,S2_panic_selling_defi,indonesia,USDC
333,0.8566795764012038,13310092437.435131,323,S2_panic_selling_defi,indonesia,USDC
334,0.8594479696503888,12977340126.499254,323,S2_panic_selling_defi,indonesia,USDC
335,0.8512380135694858,12652906623.336773,323,S2_panic_selling_defi,indonesia,USDC
336,0.839973311602513,12336583957.753353,323,S2_panic_selling_defi,indonesia,USDC
337,0.8390587051342807,12028169358.80952,323,S2_panic_selling_defi,indonesia,USDC
338,0.8297690791724854,11727465124.839283,323,S2_panic_selling_defi,indonesia,USDC
339,0.8278732093539091,11434278496.7183,323,S2_panic_selling_defi,indonesia,USDC
340,0.8113003698664538,11148421534.300343,323,S2_panic_selling_defi,indonesia,USDC
341,0.830186933294348,10869710995.942837,323,S2_panic_selling_defi,indonesia,USDC
342,0.828877072018489,10597968221.044264,323,S2_panic_selling_defi,indonesia,USDC
343,0.8222236235894181,10333019015.518158,323,S2_panic_selling_defi,indonesia,USDC
344,0.7101754605229643,10074693540.130203,323,S2_panic_selling_defi,indonesia,USDC
345,0.6941458444422971,9822826201.62695,323,S2_panic_selling_defi,indonesia,USDC
346,0.707240410156307,9577255546.586275,323,S2_panic_selling_defi,indonesia,USDC
347,0.736435774596924,9337824157.92162,323,S2_panic_selling_defi,indonesia,USDC
348,0.7332060442521472,9104378553.97358,323,S2_panic_selling_defi,indonesia,USDC
349,0.7612117023881332,8876769090.124237,323,S2_panic_selling_defi,indonesia,USDC
350,0.7517025536373163,8654849862.871132,323,S2_panic_selling_defi,indonesia,USDC
351,0.7914121015038006,8438478616.299355,323,S2_panic_selling_defi,indonesia,USDC
352,0.7984604125779303,8227516650.8918705,323,S2_panic_selling_defi,indonesia,USDC
353,0.8173787363276024,8021828734.619574,323,S2_panic_selling_defi,indonesia,USDC
354,0.8136667709735016,7821283016.254084,323,S2_panic_selling_defi,indonesia,USDC
355,0.7935354189221361,7625750940.847733,323,S2_panic_selling_defi,indonesia,USDC
356,0.7924205724322034,7435107167.326539,323,S2_panic_selling_defi,indonesia,USDC
357,0.7907886972026814,7249229488.143375,323,S2_panic_selling_defi,indonesia,USDC
358,0.7889308990807413,7067998750.939791,323,S2_panic_selling_defi,indonesia,USDC
359,0.8022904205424805,6891298782.166296,323,S2_panic_selling_defi,indonesia,USDC
360,0.8063198423474934,6719016312.612138,323,S2_panic_selling_defi,indonesia,USDC
361,0.8207625675971955,6551040904.796835,323,S2_panic_selling_defi,indonesia,USDC
362,0.8313196145585493,6387264882.176914,323,S2_panic_selling_defi,indonesia,USDC
363,0.8263763817186416,6227583260.122492,323,S2_panic_selling_defi,indonesia,USDC
364,0.8270058642616517,6071893678.619429,323,S2_panic_selling_defi,indonesia,USDC
365,0.8457355604435718,5920096336.653943,323,S2_panic_selling_defi,indonesia,USDC
366,0.8402160347220801,5772093928.237595,323,S2_panic_selling_defi,indonesia,USDC
367,0.845602180464642,5627791580.031654,323,S2_panic_selling_defi,indonesia,USDC
368,0.7750376158735082,5487096790.530863,323,S2_panic_selling_defi,indonesia,USDC
369,0.76804351500372,5349919370.767591,323,S2_panic_selling_defi,indonesia,USDC
370,0.7623029307368606,5216171386.498402,323,S2_panic_selling_defi,indonesia,USDC
371,0.7680399082180507,5085767101.835941,323,S2_panic_selling_defi,indonesia,USDC
372,0.764227684870583,4958622924.290043,323,S2_panic_selling_defi,indonesia,USDC
373,0.7796874407777062,4834657351.182792,323,S2_panic_selling_defi,indonesia,USDC
374,0.7745885104999911,4713790917.403222,323,S2_panic_selling_defi,indonesia,USDC
375,0.790312328377645,4595946144.468142,323,S2_panic_selling_defi,indonesia,USDC
376,0.805403089347654,4481047490.856438,323,S2_panic_selling_defi,indonesia,USDC
377,0.7493282872871697,4369021303.585027,323,S2_panic_selling_defi,indonesia,USDC
378,0.7508152539048129,4259795770.9954014,323,S2_panic_selling_defi,indonesia,USDC
379,0.751487541331037,4153300876.720516,323,S2_panic_selling_defi,indonesia,USDC
380,0.7351497123546655,4049468354.8025036,323,S2_panic_selling_defi,indonesia,USDC
381,0.7282781935447913,3948231645.9324408,323,S2_panic_selling_defi,indonesia,USDC
382,0.7240285070770217,3849525854.784129,323,S2_panic_selling_defi,indonesia,USDC
383,0.7278508868663109,3753287708.414526,323,S2_panic_selling_defi,indonesia,USDC
384,0.747631761916851,3659455515.704163,323,S2_panic_selling_defi,indonesia,USDC
385,0.7762298834365257,3567969127.8115587,323,S2_panic_selling_defi,indonesia,USDC
386,0.7839637676722842,3478769899.61627,323,S2_panic_selling_defi,indonesia,USDC
387,0.7974322234835831,3391800652.125863,323,S2_panic_selling_defi,indonesia,USDC
388,0.8028133517323567,3307005635.8227167,323,S2_panic_selling_defi,indonesia,USDC
389,0.814809884069624,3224330494.927149,323,S2_panic_selling_defi,indonesia,USDC
390,0.7919855125798705,3143722232.5539703,323,S2_panic_selling_defi,indonesia,USDC
391,0.8017679457723494,3065129176.740121,323,S2_panic_selling_defi,indonesia,USDC
392,0.7935296489393173,2988500947.321618,323,S2_panic_selling_defi,indonesia,USDC
393,0.7731891950362918,2913788423.6385775,323,S2_panic_selling_defi,indonesia,USDC
394,0.7758295190051964,2840943713.047613,323,S2_panic_selling_defi,indonesia,USDC
395,0.7711053488931826,2769920120.221423,323,S2_panic_selling_defi,indonesia,USDC
396,0.7869034897913285,2700672117.215887,323,S2_panic_selling_defi,indonesia,USDC
397,0.7991830542220817,2633155314.28549,323,S2_panic_selling_defi,indonesia,USDC
398,0.8348857554508,2567326431.428353,323,S2_panic_selling_defi,indonesia,USDC
399,0.8302163653435141,2503143270.6426444,323,S2_panic_selling_defi,indonesia,USDC
400,0.7865362002683925,2440564688.8765783,323,S2_panic_selling_defi,indonesia,USDC
401,0.7836088052415191,2379550571.6546636,323,S2_panic_selling_defi,indonesia,USDC
402,0.7860295023038765,2320061807.363297,323,S2_panic_selling_defi,indonesia,USDC
403,0.782658823137878,2262060262.1792145,323,S2_panic_selling_defi,indonesia,USDC
404,0.7533806554235041,2205508755.6247344,323,S2_panic_selling_defi,indonesia,USDC
405,0.752780437353733,2150371036.7341156,323,S2_panic_selling_defi,indonesia,USDC
406,0.749193772176027,2096611760.815763,323,S2_panic_selling_defi,indonesia,USDC
407,0.7431399280807676,2044196466.7953691,323,S2_panic_selling_defi,indonesia,USDC
408,0.7356543419788505,1993091555.1254847,323,S2_panic_selling_defi,indonesia,USDC
409,0.7320481734707764,1943264266.2473476,323,S2_panic_selling_defi,indonesia,USDC
410,0.731189516926165,1894682659.591164,323,S2_panic_selling_defi,indonesia,USDC
411,0.7545486148725995,1847315593.101385,323,S2_panic_selling_defi,indonesia,USDC
412,0.7742704605668503,1801132703.27385,323,S2_panic_selling_defi,indonesia,USDC
413,0.7752627238857552,1756104385.692004,323,S2_panic_selling_defi,indonesia,USDC
414,0.7676009328611091,1712201776.049704,323,S2_panic_selling_defi,indonesia,USDC
415,0.7582905830481718,1669396731.6484613,323,S2_panic_selling_defi,indonesia,USDC
416,0.7635269970546197,1627661813.3572497,323,S2_panic_selling_defi,indonesia,USDC
417,0.7818888923399262,1586970268.0233185,323,S2_panic_selling_defi,indonesia,USDC
418,0.784026618324777,1547296011.3227355,323,S2_panic_selling_defi,indonesia,USDC
419,0.7748469689022712,1508613611.0396671,323,S2_panic_selling_defi,indonesia,USDC
420,0.7619305530163633,1470898270.7636755,323,S2_panic_selling_defi,indonesia,USDC
421,0.7471015598483474,1434125813.9945836,323,S2_panic_selling_defi,indonesia,USDC
422,0.7413271406956371,1398272668.6447191,323,S2_panic_selling_defi,indonesia,USDC
423,0.7370311715169232,1363315851.928601,323,S2_panic_selling_defi,indonesia,USDC
424,0.7454901392504637,1329232955.630386,323,S2_panic_selling_defi,indonesia,USDC
425,0.7258280844132263,1296002131.7396264,323,S2_panic_selling_defi,indonesia,USDC
426,0.7383879707714004,1263602078.4461355,323,S2_panic_selling_defi,indonesia,USDC
427,0.7454327833501131,1232012026.4849823,323,S2_panic_selling_defi,indonesia,USDC
428,0.7487254865477581,1201211725.8228579,323,S2_panic_selling_defi,indonesia,USDC
429,0.7662948774386965,1171181432.6772861,323,S2_panic_selling_defi,indonesia,USDC
430,0.7397979370431325,1141901896.860354,323,S2_panic_selling_defi,indonesia,USDC
431,0.7564933984443423,1113354349.4388452,323,S2_panic_selling_defi,indonesia,USDC
432,0.751620467844632,1085520490.7028742,323,S2_panic_selling_defi,indonesia,USDC
433,0.7350038324620346,1058382478.4353023,323,S2_panic_selling_defi,indonesia,USDC
434,0.7621171373752189,1031922916.4744197,323,S2_panic_selling_defi,indonesia,USDC
435,0.7786320569952468,1006124843.5625591,323,S2_panic_selling_defi,indonesia,USDC
436,0.7721497421197999,980971722.4734952,323,S2_panic_selling_defi,indonesia,USDC
437,0.7745557403783597,956447429.4116578,323,S2_panic_selling_defi,indonesia,USDC
438,0.7492913175825116,932536243.6763663,323,S2_panic_selling_defi,indonesia,USDC
439,0.748469310636745,909222837.5844572,323,S2_panic_selling_defi,indonesia,USDC
440,0.730438296052554,886492266.6448457,323,S2_panic_selling_defi,indonesia,USDC
441,0.7611145102937986,864329959.9787246,323,S2_panic_selling_defi,indonesia,USDC
442,0.747321404566664,842721710.9792564,323,S2_panic_selling_defi,indonesia,USDC
443,0.7444918039107172,821653668.204775,323,S2_panic_selling_defi,indonesia,USDC
444,0.7661002730509422,801112326.4996556,323,S2_panic_selling_defi,indonesia,USDC
445,0.7504283545249407,781084518.3371642,323,S2_panic_selling_defi,indonesia,USDC
446,0.7624615157823895,761557405.3787352,323,S2_panic_selling_defi,indonesia,USDC
447,0.7638541295915753,742518470.2442667,323,S2_panic_selling_defi,indonesia,USDC
448,0.7641843015949924,723955508.4881601,323,S2_panic_selling_defi,indonesia,USDC
449,0.7770503814702252,705856620.7759562,323,S2_panic_selling_defi,indonesia,USDC
450,0.756444706027704,688210205.2565572,323,S2_panic_selling_defi,indonesia,USDC
451,0.7521183329594473,671004950.1251433,323,S2_panic_selling_defi,indonesia,USDC
452,0.7501125388488658,654229826.3720146,323,S2_panic_selling_defi,indonesia,USDC
453,0.7679952256624204,637874080.7127143,323,S2_panic_selling_defi,indonesia,USDC
454,0.7774439811023148,621927228.6948965,323,S2_panic_selling_defi,indonesia,USDC
455,0.7478189762180095,606379047.977524,323,S2_panic_selling_defi,indonesia,USDC
456,0.7468951413742791,591219571.778086,323,S2_panic_selling_defi,indonesia,USDC
457,0.7589286381259679,576439082.4836338,323,S2_panic_selling_defi,indonesia,USDC
458,0.7691449999788229,562028105.4215429,323,S2_panic_selling_defi,indonesia,USDC
459,0.7816317589120773,547977402.7860044,323,S2_panic_selling_defi,indonesia,USDC
460,0.8074252421455211,534277967.71635425,323,S2_panic_selling_defi,indonesia,USDC
461,0.800484465819696,520921018.5234454,323,S2_panic_selling_defi,indonesia,USDC
462,0.7829308137278106,507897993.06035924,323,S2_panic_selling_defi,indonesia,USDC
463,0.7714709986908256,495200543.2338503,323,S2_panic_selling_defi,indonesia,USDC
464,0.7810193428475944,482820529.65300405,323,S2_panic_selling_defi,indonesia,USDC
465,0.7963203189439685,470750016.41167897,323,S2_panic_selling_defi,indonesia,USDC
466,0.7804842803845023,458981266.001387,323,S2_panic_selling_defi,indonesia,USDC
467,0.7628756695705845,447506734.35135233,323,S2_panic_selling_defi,indonesia,USDC
468,0.7803745418467682,436319065.9925685,323,S2_panic_selling_defi,indonesia,USDC
469,0.7878914757218319,425411089.34275424,323,S2_panic_selling_defi,indonesia,USDC
470,0.7589776879489978,414775812.10918534,323,S2_panic_selling_defi,indonesia,USDC
471,0.7574164766802831,404406416.80645573,323,S2_panic_selling_defi,indonesia,USDC
472,0.7536874000352618,394296256.3862943,323,S2_panic_selling_defi,indonesia,USDC
473,0.7507793120299496,384438849.97663695,323,S2_panic_selling_defi,indonesia,USDC
474,0.7588668169279071,374827878.727221,323,S2_panic_selling_defi,indonesia,USDC
475,0.761701949759293,365457181.75904053,323,S2_panic_selling_defi,indonesia,USDC
476,0.7912159756132486,356320752.2150645,323,S2_panic_selling_defi,indonesia,USDC
477,0.7814137766860553,347412733.4096879,323,S2_panic_selling_defi,indonesia,USDC
478,0.7697001668627653,338727415.07444566,323,S2_panic_selling_defi,indonesia,USDC
479,0.8020609637920261,330259229.6975845,323,S2_panic_selling_defi,indonesia,USDC
480,0.7796011451094533,322002748.9551449,323,S2_panic_selling_defi,indonesia,USDC
481,0.7722826974983903,313952680.23126626,323,S2_panic_selling_defi,indonesia,USDC
482,0.7803236850318322,306103863.2254846,323,S2_panic_selling_defi,indonesia,USDC
483,0.8104396199227786,298451266.6448475,323,S2_panic_selling_defi,indonesia,USDC
484,0.8229528871642408,290989984.9787263,323,S2_panic_selling_defi,indonesia,USDC
485,0.8105536521007576,283715235.3542582,323,S2_panic_selling_defi,indonesia,USDC
486,0.8307059499791556,276622354.47040176,323,S2_panic_selling_defi,indonesia,USDC
487,0.821441342530311,269706795.6086417,323,S2_panic_selling_defi,indonesia,USDC
488,0.8171250802620094,262964125.71842563,323,S2_panic_selling_defi,indonesia,USDC
489,0.827459078595246,256390022.575465,323,S2_panic_selling_defi,indonesia,USDC
490,0.8141811778997525,249980272.01107836,323,S2_panic_selling_defi,indonesia,USDC
491,0.8198417834218077,243730765.21080142,323,S2_panic_selling_defi,indonesia,USDC
492,0.8413528508871471,237637496.08053136,323,S2_panic_selling_defi,indonesia,USDC
493,0.8275233602519952,231696558.67851806,323,S2_panic_selling_defi,indonesia,USDC
494,0.8433587340089563,225904144.71155512,323,S2_panic_selling_defi,indonesia,USDC
495,0.8536936220086722,220256541.09376627,323,S2_panic_selling_defi,indonesia,USDC
496,0.8342167382619498,214750127.5664221,323,S2_panic_selling_defi,indonesia,USDC
497,0.8289073532995498,209381374.37726152,323,S2_panic_selling_defi,indonesia,USDC
498,0.8212587231538957,204146840.01783,323,S2_panic_selling_defi,indonesia,USDC
499,0.8295152087771085,199043169.01738426,323,S2_panic_selling_defi,indonesia,USDC
500,0.8263667892171698,194067089.79194966,323,S2_panic_selling_defi,indonesia,USDC
501,0.8039669090368513,189215412.5471509,323,S2_panic_selling_defi,indonesia,USDC
502,0.8219866850514356,184485027.23347214,323,S2_panic_selling_defi,indonesia,USDC
503,0.8055428428390007,179872901.55263534,323,S2_panic_selling_defi,indonesia,USDC
504,0.810487542567813,175376079.01381946,323,S2_panic_selling_defi,indonesia,USDC
505,0.8134497040597714,170991677.03847396,323,S2_panic_selling_defi,indonesia,USDC
506,0.8300673935667957,166716885.1125121,323,S2_panic_selling_defi,indonesia,USDC
507,0.8049593519245339,162548962.9846993,323,S2_panic_selling_defi,indonesia,USDC
508,0.806506257910338,158485238.91008183,323,S2_panic_selling_defi,indonesia,USDC
509,0.8378088193517459,154523107.93732977,323,S2_panic_selling_defi,indonesia,USDC
510,0.8320690235073732,150660030.23889652,323,S2_panic_selling_defi,indonesia,USDC
511,0.8322971549249988,146893529.48292413,323,S2_panic_selling_defi,indonesia,USDC
512,0.7984589620182384,143221191.245851,323,S2_panic_selling_defi,indonesia,USDC
513,0.7902407701594837,139640661.46470475,323,S2_panic_selling_defi,indonesia,USDC
514,0.7981411143452258,136149644.92808712,323,S2_panic_selling_defi,indonesia,USDC
515,0.7626431939356085,132745903.80488494,323,S2_panic_selling_defi,indonesia,USDC
516,0.7546654463505699,129427256.20976283,323,S2_panic_selling_defi,indonesia,USDC
517,0.766747843158984,126191574.80451876,323,S2_panic_selling_defi,indonesia,USDC
518,0.7604415784199302,123036785.43440579,323,S2_panic_selling_defi,indonesia,USDC
519,0.779586000765823,119960865.79854564,323,S2_panic_selling_defi,indonesia,USDC
520,0.7913615395508238,116961844.153582,323,S2_panic_selling_defi,indonesia,USDC
521,0.7962457600030792,114037798.04974246,323,S2_panic_selling_defi,indonesia,USDC
522,0.7698470022814866,111186853.0984989,323,S2_panic_selling_defi,indonesia,USDC
523,0.7563672850823324,108407181.77103643,323,S2_panic_selling_defi,indonesia,USDC
524,0.7629456103212129,105697002.2267605,323,S2_panic_selling_defi,indonesia,USDC
525,0.7236649902175103,103054577.17109151,323,S2_panic_selling_defi,indonesia,USDC
526,0.7022038729896458,100478212.74181423,323,S2_panic_selling_defi,indonesia,USDC
527,0.6940348618750072,97966257.42326887,323,S2_panic_selling_defi,indonesia,USDC
528,0.7223040485865,95517100.98768714,323,S2_panic_selling_defi,indonesia,USDC
529,0.7368692250804051,93129173.46299498,323,S2_panic_selling_defi,indonesia,USDC
530,0.7180102023012086,90800944.1264201,323,S2_panic_selling_defi,indonesia,USDC
531,0.7308798391482221,88530920.5232596,323,S2_panic_selling_defi,indonesia,USDC
532,0.7467930957653878,86317647.5101781,323,S2_panic_selling_defi,indonesia,USDC
533,0.750533179872648,84159706.32242365,323,S2_panic_selling_defi,indonesia,USDC
534,0.7806698680519911,82055713.66436306,323,S2_panic_selling_defi,indonesia,USDC
535,0.7942066769559577,80004320.822754,323,S2_panic_selling_defi,indonesia,USDC
536,0.8043260571549187,78004212.80218515,323,S2_panic_selling_defi,indonesia,USDC
537,0.7970859313081122,76054107.48213051,323,S2_panic_selling_defi,indonesia,USDC
538,0.7956196772831886,74152754.79507725,323,S2_panic_selling_defi,indonesia,USDC
539,0.7797256926561583,72298935.92520031,323,S2_panic_selling_defi,indonesia,USDC
540,0.7767191499465208,70491462.52707031,323,S2_panic_selling_defi,indonesia,USDC
541,0.7932877640690646,68729175.96389356,323,S2_panic_selling_defi,indonesia,USDC
542,0.7700719919320508,67010946.56479622,323,S2_panic_selling_defi,indonesia,USDC
543,0.770707054127783,65335672.90067631,323,S2_panic_selling_defi,indonesia,USDC
544,0.7710116533941413,63702281.0781594,323,S2_panic_selling_defi,indonesia,USDC
545,0.7963172433346796,62109724.05120542,323,S2_panic_selling_defi,indonesia,USDC
546,0.7995623614359553,60556980.94992529,323,S2_panic_selling_defi,indonesia,USDC
547,0.7935844628306905,59043056.42617715,323,S2_panic_selling_defi,indonesia,USDC
548,0.7747819284909837,57566980.01552272,323,S2_panic_selling_defi,indonesia,USDC
549,0.7648433392221688,56127805.51513465,323,S2_panic_selling_defi,indonesia,USDC
550,0.8103789711763016,54724610.37725629,323,S2_panic_selling_defi,indonesia,USDC
551,0.8270007584085692,53356495.11782488,323,S2_panic_selling_defi,indonesia,USDC
552,0.84094775116639,52022582.739879265,323,S2_panic_selling_defi,indonesia,USDC
553,0.8480674454409692,50722018.17138228,323,S2_panic_selling_defi,indonesia,USDC
554,0.8133282664287242,49453967.71709772,323,S2_panic_selling_defi,indonesia,USDC
555,0.803390426140058,48217618.52417028,323,S2_panic_selling_defi,indonesia,USDC
556,0.8022151297534178,47012178.06106602,323,S2_panic_selling_defi,indonesia,USDC
557,0.7826035299060635,45836873.609539375,323,S2_panic_selling_defi,indonesia,USDC
558,0.7983256879249566,44690951.769300885,323,S2_panic_selling_defi,indonesia,USDC
559,0.8041456455696219,43573677.97506837,323,S2_panic_selling_defi,indonesia,USDC
560,0.7941438146774041,42484336.02569166,323,S2_panic_selling_defi,indonesia,USDC
561,0.7791812168569601,41422227.62504937,323,S2_panic_selling_defi,indonesia,USDC
562,0.7863113514535187,40386671.934423134,323,S2_panic_selling_defi,indonesia,USDC
563,0.7870570468402569,39377005.136062555,323,S2_panic_selling_defi,indonesia,USDC
564,0.7968817221096234,38392580.007660985,323,S2_panic_selling_defi,indonesia,USDC
565,0.8045620507215291,37432765.50746947,323,S2_panic_selling_defi,indonesia,USDC
566,0.8029400477586922,36496946.36978273,323,S2_panic_selling_defi,indonesia,USDC
567,0.766251683517478,35584522.710538164,323,S2_panic_selling_defi,indonesia,USDC
568,0.7789961317076428,34694909.6427747,323,S2_panic_selling_defi,indonesia,USDC
569,0.78923800091165,33827536.90170534,323,S2_panic_selling_defi,indonesia,USDC
570,0.793265812001147,32981848.479162704,323,S2_panic_selling_defi,indonesia,USDC
571,0.8112111473358461,32157302.267183635,323,S2_panic_selling_defi,indonesia,USDC
572,0.7815970337660371,31353369.710504048,323,S2_panic_selling_defi,indonesia,USDC
573,0.7711448912229497,30569535.467741445,323,S2_panic_selling_defi,indonesia,USDC
574,0.7686380696482621,29805297.081047907,323,S2_panic_selling_defi,indonesia,USDC
575,0.7513679647274824,29060164.65402171,323,S2_panic_selling_defi,indonesia,USDC
576,0.7789756534442923,28333660.53767117,323,S2_panic_selling_defi,indonesia,USDC
577,0.8134654382724944,27625319.024229385,323,S2_panic_selling_defi,indonesia,USDC
578,0.8364259248659813,26934686.04862365,323,S2_panic_selling_defi,indonesia,USDC
579,0.8290590507496703,26261318.89740806,323,S2_panic_selling_defi,indonesia,USDC
580,0.822848490104789,25604785.92497286,323,S2_panic_selling_defi,indonesia,USDC
581,0.8028240257408865,24964666.276848536,323,S2_panic_selling_defi,indonesia,USDC
582,0.8031349705927994,24340549.619927324,323,S2_panic_selling_defi,indonesia,USDC
583,0.7815285956639492,23732035.87942914,323,S2_panic_selling_defi,indonesia,USDC
584,0.7860815893142129,23138734.98244341,323,S2_panic_selling_defi,indonesia,USDC
585,0.7838180762037591,22560266.607882325,323,S2_panic_selling_defi,indonesia,USDC
586,0.7967734986007718,21996259.94268527,323,S2_panic_selling_defi,indonesia,USDC
587,0.7945278517379408,21446353.444118135,323,S2_panic_selling_defi,indonesia,USDC
588,0.8065062235556171,20910194.60801518,323,S2_panic_selling_defi,indonesia,USDC
589,0.7979949756050245,20387439.7428148,323,S2_panic_selling_defi,indonesia,USDC
590,0.7995299726652986,19877753.74924443,323,S2_panic_selling_defi,indonesia,USDC
591,0.8197029056699758,19380809.90551332,323,S2_panic_selling_defi,indonesia,USDC
592,0.7895287659995562,18896289.657875486,323,S2_panic_selling_defi,indonesia,USDC
593,0.7969519918717202,18423882.416428603,323,S2_panic_selling_defi,indonesia,USDC
594,0.7963865985648952,17963285.356017888,323,S2_panic_selling_defi,indonesia,USDC
595,0.7991835455787356,17514203.22211744,323,S2_panic_selling_defi,indonesia,USDC
596,0.7873434438268491,17076348.141564503,323,S2_panic_selling_defi,indonesia,USDC
597,0.8055543582676078,16649439.438025393,323,S2_panic_selling_defi,indonesia,USDC
598,0.812833033585132,16233203.452074757,323,S2_panic_selling_defi,indonesia,USDC
599,0.8265508094496838,15827373.365772888,323,S2_panic_selling_defi,indonesia,USDC
600,0.8197871731545123,15431689.031628564,323,S2_panic_selling_defi,indonesia,USDC
601,0.7949829021851595,15045896.80583785,323,S2_panic_selling_defi,indonesia,USDC
602,0.8106297206341174,14669749.385691904,323,S2_panic_selling_defi,indonesia,USDC
603,0.8328411345746659,14303005.651049607,323,S2_panic_selling_defi,indonesia,USDC
604,0.8582841073467887,13945430.509773366,323,S2_panic_selling_defi,indonesia,USDC
605,0.8549928355276455,13596794.747029029,323,S2_panic_selling_defi,indonesia,USDC
606,0.8529810865852113,13256874.878353305,323,S2_panic_selling_defi,indonesia,USDC
607,0.8769598857434865,12925453.006394472,323,S2_panic_selling_defi,indonesia,USDC
608,0.8581440580326001,12602316.68123461,323,S2_panic_selling_defi,indonesia,USDC
609,0.8769866425997211,12287258.764203744,323,S2_panic_selling_defi,indonesia,USDC
610,0.8269215425761612,11980077.295098651,323,S2_panic_selling_defi,indonesia,USDC
611,0.830570204393129,11680575.362721186,323,S2_panic_selling_defi,indonesia,USDC
612,0.815780537387788,11388560.978653155,323,S2_panic_selling_defi,indonesia,USDC
613,0.7947300398015213,11103846.954186827,323,S2_panic_selling_defi,indonesia,USDC
614,0.7737285210775897,10826250.780332157,323,S2_panic_selling_defi,indonesia,USDC
615,0.7831435676712106,10555594.510823853,323,S2_panic_selling_defi,indonesia,USDC
616,0.756362777773128,10291704.648053257,323,S2_panic_selling_defi,indonesia,USDC
617,0.745103710702343,10034412.031851925,323,S2_panic_selling_defi,indonesia,USDC
618,0.7565355547911582,9783551.731055627,323,S2_panic_selling_defi,indonesia,USDC
619,0.75526765497596,9538962.937779237,323,S2_panic_selling_defi,indonesia,USDC
620,0.762303188838034,9300488.864334755,323,S2_panic_selling_defi,indonesia,USDC
621,0.7504842090845922,9067976.642726386,323,S2_panic_selling_defi,indonesia,USDC
622,0.7535863682200076,8841277.226658225,323,S2_panic_selling_defi,indonesia,USDC
623,0.7672256368189745,8620245.29599177,323,S2_panic_selling_defi,indonesia,USDC
624,0.780957112593631,8404739.163591977,323,S2_panic_selling_defi,indonesia,USDC
625,0.7893673593595689,8194620.684502177,323,S2_panic_selling_defi,indonesia,USDC
626,0.8055132490905649,7989755.167389624,323,S2_panic_selling_defi,indonesia,USDC
627,0.8056768000591469,7790011.288204882,323,S2_panic_selling_defi,indonesia,USDC
628,0.7976572437425526,7595261.005999759,323,S2_panic_selling_defi,indonesia,USDC
629,0.7970327111989273,7405379.480849765,323,S2_panic_selling_defi,indonesia,USDC
630,0.7615267822073187,7220244.993828522,323,S2_panic_selling_defi,indonesia,USDC
631,0.762715644598456,7039738.868982809,323,S2_panic_selling_defi,indonesia,USDC
632,0.7713627986130944,6863745.397258239,323,S2_panic_selling_defi,indonesia,USDC
633,0.7851846952857439,6692151.762326783,323,S2_panic_selling_defi,indonesia,USDC
634,0.787885231052874,6524847.968268614,323,S2_panic_selling_defi,indonesia,USDC
635,0.7685817787169494,6361726.769061898,323,S2_panic_selling_defi,indonesia,USDC
636,0.7877335824117561,6202683.59983535,323,S2_panic_selling_defi,indonesia,USDC
637,0.8042749161511745,6047616.509839467,323,S2_panic_selling_defi,indonesia,USDC
638,0.7957429827787752,5896426.09709348,323,S2_panic_selling_defi,indonesia,USDC
639,0.817810185206305,5749015.444666143,323,S2_panic_selling_defi,indonesia,USDC
640,0.807821643176429,5605290.05854949,323,S2_panic_selling_defi,indonesia,USDC
641,0.8257636258669927,5465157.807085752,323,S2_panic_selling_defi,indonesia,USDC
642,0.8027493628251965,5328528.861908608,323,S2_panic_selling_defi,indonesia,USDC
643,0.8013902639154161,5195315.640360893,323,S2_panic_selling_defi,indonesia,USDC
644,0.8224200032858914,5065432.74935187,323,S2_panic_selling_defi,indonesia,USDC
645,0.8146104195270311,4938796.930618074,323,S2_panic_selling_defi,indonesia,USDC
646,0.8262521112824521,4815327.007352622,323,S2_panic_selling_defi,indonesia,USDC
647,0.8408142451270574,4694943.832168806,323,S2_panic_selling_defi,indonesia,USDC
648,0.8266120768690542,4577570.236364586,323,S2_panic_selling_defi,indonesia,USDC
649,0.8102960459354673,4463130.980455471,323,S2_panic_selling_defi,indonesia,USDC
650,0.7811573883106193,4351552.705944085,323,S2_panic_selling_defi,indonesia,USDC
651,0.7645797137729867,4242763.888295483,323,S2_panic_selling_defi,indonesia,USDC
652,0.7830883901118526,4136694.791088096,323,S2_panic_selling_defi,indonesia,USDC
653,0.7756784548418348,4033277.4213108933,323,S2_panic_selling_defi,indonesia,USDC
654,0.7991312695317595,3932445.4857781213,323,S2_panic_selling_defi,indonesia,USDC
655,0.7986756504839474,3834134.3486336684,323,S2_panic_selling_defi,indonesia,USDC
656,0.7849459988357222,3738280.989917826,323,S2_panic_selling_defi,indonesia,USDC
657,0.7710941490895326,3644823.9651698805,323,S2_panic_selling_defi,indonesia,USDC
658,0.7553096287078854,3553703.366040634,323,S2_panic_selling_defi,indonesia,USDC
659,0.7679288653018758,3464860.781889618,323,S2_panic_selling_defi,indonesia,USDC
660,0.7643422322126738,3378239.2623423776,323,S2_panic_selling_defi,indonesia,USDC
661,0.7752281325145362,3293783.280783818,323,S2_panic_selling_defi,indonesia,USDC
662,0.7816063476582662,3211438.6987642227,323,S2_panic_selling_defi,indonesia,USDC
663,0.806569291996619,3131152.731295117,323,S2_panic_selling_defi,indonesia,USDC
664,0.7830398760619902,3052873.9130127393,323,S2_panic_selling_defi,indonesia,USDC
665,0.7847988771573992,2976552.0651874207,323,S2_panic_selling_defi,indonesia,USDC
666,0.7953353698457918,2902138.263557735,323,S2_panic_selling_defi,indonesia,USDC
667,0.7835854563560246,2829584.806968792,323,S2_panic_selling_defi,indonesia,USDC
668,0.7854291137070917,2758845.186794572,323,S2_panic_selling_defi,indonesia,USDC
669,0.7653352312571874,2689874.057124708,323,S2_panic_selling_defi,indonesia,USDC
670,0.7858818465053642,2622627.20569659,323,S2_panic_selling_defi,indonesia,USDC
671,0.7815889909031448,2557061.5255541755,323,S2_panic_selling_defi,indonesia,USDC
672,0.7775132275271904,2493134.987415321,323,S2_panic_selling_defi,indonesia,USDC
673,0.7705608253557703,2430806.612729938,323,S2_panic_selling_defi,indonesia,USDC
674,0.7633212595514561,2370036.4474116894,323,S2_panic_selling_defi,indonesia,USDC
675,0.7582460870486939,2310785.536226397,323,S2_panic_selling_defi,indonesia,USDC
676,0.7729771336890902,2253015.897820737,323,S2_panic_selling_defi,indonesia,USDC
677,0.7795849028475361,2196690.5003752187,323,S2_panic_selling_defi,indonesia,USDC
678,0.7830630071540468,2141773.237865838,323,S2_panic_selling_defi,indonesia,USDC
679,0.7664132871726331,2088228.9069191923,323,S2_panic_selling_defi,indonesia,USDC
680,0.8155610623476744,2036023.1842462122,323,S2_panic_selling_defi,indonesia,USDC
681,0.8113876481769955,1985122.6046400568,323,S2_panic_selling_defi,indonesia,USDC
682,0.8043093475099302,1935494.5395240556,323,S2_panic_selling_defi,indonesia,USDC
683,0.8037165724162075,1887107.1760359542,323,S2_panic_selling_defi,indonesia,USDC
684,0.7938598298271581,1839929.4966350552,323,S2_panic_selling_defi,indonesia,USDC
685,0.7987612038769109,1793931.259219179,323,S2_panic_selling_defi,indonesia,USDC
686,0.7886015274112389,1749082.9777386994,323,S2_panic_selling_defi,indonesia,USDC
687,0.7637638454452957,1705355.903295232,323,S2_panic_selling_defi,indonesia,USDC
688,0.7777038620933777,1662722.005712851,323,S2_panic_selling_defi,indonesia,USDC
689,0.7933926032878608,1621153.95557003,323,S2_panic_selling_defi,indonesia,USDC
690,0.7853410142182399,1580625.1066807793,323,S2_panic_selling_defi,indonesia,USDC
691,0.7618690289153409,1541109.4790137596,323,S2_panic_selling_defi,indonesia,USDC
692,0.7711452929320075,1502581.7420384157,323,S2_panic_selling_defi,indonesia,USDC
693,0.7824268655989022,1465017.1984874555,323,S2_panic_selling_defi,indonesia,USDC
694,0.7609235991646909,1428391.7685252689,323,S2_panic_selling_defi,indonesia,USDC
695,0.7675859915430385,1392681.9743121373,323,S2_panic_selling_defi,indonesia,USDC
696,0.7512686837310815,1357864.9249543338,323,S2_panic_selling_defi,indonesia,USDC
697,0.7626163012489763,1323918.3018304755,323,S2_panic_selling_defi,indonesia,USDC
698,0.7477871945892569,1290820.3442847135,323,S2_panic_selling_defi,indonesia,USDC
699,0.7641491107327273,1258549.8356775958,323,S2_panic_selling_defi,indonesia,USDC
700,0.7477292122366231,1227086.089785656,323,S2_panic_selling_defi,indonesia,USDC
701,0.7593975187100122,1196408.9375410145,323,S2_panic_selling_defi,indonesia,USDC
702,0.7426475854154929,1166498.714102489,323,S2_panic_selling_defi,indonesia,USDC
703,0.7269029155598105,1137336.246249927,323,S2_panic_selling_defi,indonesia,USDC
704,0.7325500607467895,1108902.8400936788,323,S2_panic_selling_defi,indonesia,USDC
705,0.7494036136668346,1081180.2690913368,323,S2_panic_selling_defi,indonesia,USDC
706,0.7475562994761681,1054150.7623640534,323,S2_panic_selling_defi,indonesia,USDC
707,0.7423923296330815,1027796.9933049519,323,S2_panic_selling_defi,indonesia,USDC
708,0.7533571536123641,1002102.0684723282,323,S2_panic_selling_defi,indonesia,USDC
709,0.7562137250270677,977049.5167605199,323,S2_panic_selling_defi,indonesia,USDC
710,0.7399875398310708,952623.278841507,323,S2_panic_selling_defi,indonesia,USDC
711,0.7554026074427301,928807.6968704693,323,S2_panic_selling_defi,indonesia,USDC
712,0.7625612055944282,905587.5044487076,323,S2_panic_selling_defi,indonesia,USDC
713,0.7749318036266052,882947.8168374898,323,S2_panic_selling_defi,indonesia,USDC
714,0.7793440078896495,860874.1214165527,323,S2_panic_selling_defi,indonesia,USDC
715,0.7786849173947553,839352.2683811389,323,S2_panic_selling_defi,indonesia,USDC
716,0.8035085985457374,818368.4616716104,323,S2_panic_selling_defi,indonesia,USDC
717,0.8183643045151461,797909.2501298201,323,S2_panic_selling_defi,indonesia,USDC
718,0.8361482794667092,777961.5188765747,323,S2_panic_selling_defi,indonesia,USDC
719,0.8551518095558447,758512.4809046603,323,S2_panic_selling_defi,indonesia,USDC
720,0.8493836111489885,739549.6688820438,323,S2_panic_selling_defi,indonesia,USDC
721,0.8301451924367248,721060.9271599926,323,S2_panic_selling_defi,indonesia,USDC
722,0.8290739001746316,703034.4039809929,323,S2_panic_selling_defi,indonesia,USDC
723,0.8150611167612402,685458.543881468,323,S2_panic_selling_defi,indonesia,USDC
724,0.7984007277029601,668322.0802844313,323,S2_panic_selling_defi,indonesia,USDC
725,0.7905963871034675,651614.0282773206,323,S2_panic_selling_defi,indonesia,USDC
726,0.7781975724724745,635323.6775703875,323,S2_panic_selling_defi,indonesia,USDC
727,0.7944237561695007,619440.5856311278,323,S2_panic_selling_defi,indonesia,USDC
728,0.7986423949883562,603954.5709903496,323,S2_panic_selling_defi,indonesia,USDC
729,0.7829191049326089,588855.7067155908,323,S2_panic_selling_defi,indonesia,USDC
730,0.7699763386829841,574134.3140477011,323,S2_panic_selling_defi,indonesia,USDC
731,0.7809861703036888,559780.9561965086,323,S2_panic_selling_defi,indonesia,USDC
732,0.7841436907670756,545786.4322915958,323,S2_panic_selling_defi,indonesia,USDC
733,0.7743929135760811,532141.771484306,323,S2_panic_selling_defi,indonesia,USDC
734,0.7832673884193075,518838.2271971983,323,S2_panic_selling_defi,indonesia,USDC
735,0.7887278893708366,505867.2715172683,323,S2_panic_selling_defi,indonesia,USDC
736,0.7856471821145742,493220.5897293367,323,S2_panic_selling_defi,indonesia,USDC
737,0.7709358855249393,480890.0749861032,323,S2_panic_selling_defi,indonesia,USDC
738,0.7966961365555085,468867.82311145065,323,S2_panic_selling_defi,indonesia,USDC
739,0.8032877590577181,457146.12753366434,323,S2_panic_selling_defi,indonesia,USDC
740,0.8155409087179802,445717.4743453227,323,S2_panic_selling_defi,indonesia,USDC
741,0.7634547444352199,434574.5374866897,323,S2_panic_selling_defi,indonesia,USDC
742,0.7511965845786176,423710.1740495225,323,S2_panic_selling_defi,indonesia,USDC
743,0.7584905279751462,413117.41969828436,323,S2_panic_selling_defi,indonesia,USDC
744,0.7574749473969024,402789.48420582723,323,S2_panic_selling_defi,indonesia,USDC
745,0.7492541795778566,392719.74710068165,323,S2_panic_selling_defi,indonesia,USDC
746,0.7896529564510283,382901.75342316454,323,S2_panic_selling_defi,indonesia,USDC
747,0.7954996843563872,373329.2095875854,323,S2_panic_selling_defi,indonesia,USDC
748,0.8246930921600455,363995.9793478958,323,S2_panic_selling_defi,indonesia,USDC
749,0.8502975105375601,354896.0798641984,323,S2_panic_selling_defi,indonesia,USDC
750,0.8105995738576903,346023.6778675935,323,S2_panic_selling_defi,indonesia,USDC
751,0.8272004259559694,337373.0859209036,323,S2_panic_selling_defi,indonesia,USDC
752,0.8360873796954017,328938.758772881,323,S2_panic_selling_defi,indonesia,USDC
753,0.7966298920995764,320715.28980355896,323,S2_panic_selling_defi,indonesia,USDC
754,0.7970525339829814,312697.40755847,323,S2_panic_selling_defi,indonesia,USDC
755,0.7535868465338715,304879.9723695083,323,S2_panic_selling_defi,indonesia,USDC
756,0.7493149146920386,297257.97306027054,323,S2_panic_selling_defi,indonesia,USDC
757,0.7322798550915606,289826.5237337638,323,S2_panic_selling_defi,indonesia,USDC
758,0.7327799447901544,282580.8606404197,323,S2_panic_selling_defi,indonesia,USDC
759,0.7249553826446185,275516.3391244092,323,S2_panic_selling_defi,indonesia,USDC
760,0.7114771365038988,268628.430646299,323,S2_panic_selling_defi,indonesia,USDC
761,0.7215256595966695,261912.7198801415,323,S2_panic_selling_defi,indonesia,USDC
762,0.7311623983794612,255364.901883138,323,S2_panic_selling_defi,indonesia,USDC
763,0.745141124722733,248980.77933605952,323,S2_panic_selling_defi,indonesia,USDC
764,0.7450038738928183,242756.25985265803,323,S2_panic_selling_defi,indonesia,USDC
765,0.7288614467874726,236687.35335634154,323,S2_panic_selling_defi,indonesia,USDC
766,0.7247255753345856,230770.16952243302,323,S2_panic_selling_defi,indonesia,USDC
767,0.7599847821205199,225000.91528437217,323,S2_panic_selling_defi,indonesia,USDC
768,0.7402917420110458,219375.8924022629,323,S2_panic_selling_defi,indonesia,USDC
769,0.7227286156245147,213891.49509220629,323,S2_panic_selling_defi,indonesia,USDC
770,0.7334062014275506,208544.20771490113,323,S2_panic_selling_defi,indonesia,USDC
771,0.7182479064629753,203330.6025220286,323,S2_panic_selling_defi,indonesia,USDC
772,0.7362211405863385,198247.3374589779,323,S2_panic_selling_defi,indonesia,USDC
773,0.7471567236265559,193291.15402250347,323,S2_panic_selling_defi,indonesia,USDC
774,0.7564988409389314,188458.87517194086,323,S2_panic_selling_defi,indonesia,USDC
775,0.7276848353838278,183747.40329264235,323,S2_panic_selling_defi,indonesia,USDC
776,0.7248485834007756,179153.7182103263,323,S2_panic_selling_defi,indonesia,USDC
777,0.7268580311589986,174674.87525506812,323,S2_panic_selling_defi,indonesia,USDC
778,0.7527182418127544,170308.00337369143,323,S2_panic_selling_defi,indonesia,USDC
779,0.7597262488836803,166050.30328934913,323,S2_panic_selling_defi,indonesia,USDC
780,0.7615274878654168,161899.0457071154,323,S2_panic_selling_defi,indonesia,USDC
781,0.7520358476735434,157851.56956443752,323,S2_panic_selling_defi,indonesia,USDC
782,0.7318849576013537,153905.2803253266,323,S2_panic_selling_defi,indonesia,USDC
783,0.7456615944699734,150057.64831719344,323,S2_panic_selling_defi,indonesia,USDC
784,0.7495801180539827,146306.20710926357,323,S2_panic_selling_defi,indonesia,USDC
785,0.7361646643126932,142648.551931532,323,S2_panic_selling_defi,indonesia,USDC
786,0.7432634320398191,139082.3381332437,323,S2_panic_selling_defi,indonesia,USDC
787,0.7660119867754818,135605.2796799126,323,S2_panic_selling_defi,indonesia,USDC
788,0.7666297716897498,132215.14768791478,323,S2_panic_selling_defi,indonesia,USDC
789,0.7895967740021818,128909.7689957169,323,S2_panic_selling_defi,indonesia,USDC
790,0.8082190275654985,125687.024770824,323,S2_panic_selling_defi,indonesia,USDC
791,0.8389113495823932,122544.8491515534,323,S2_panic_selling_defi,indonesia,USDC
792,0.8307842502973171,119481.22792276458,323,S2_panic_selling_defi,indonesia,USDC
793,0.82956826110672,116494.19722469547,323,S2_panic_selling_defi,indonesia,USDC
794,0.850676708322844,113581.84229407807,323,S2_panic_selling_defi,indonesia,USDC
795,0.8536764664879404,110742.29623672612,323,S2_panic_selling_defi,indonesia,USDC
796,0.8585025754293074,107973.73883080797,323,S2_panic_selling_defi,indonesia,USDC
797,0.8442467406944967,105274.39536003777,323,S2_panic_selling_defi,indonesia,USDC
798,0.8249144323100799,102642.5354760368,323,S2_panic_selling_defi,indonesia,USDC
799,0.8346131430804362,100076.4720891359,323,S2_panic_selling_defi,indonesia,USDC
800,0.810374594490974,97574.5602869075,323,S2_panic_selling_defi,indonesia,USDC
801,0.7643258910571795,95135.19627973481,323,S2_panic_selling_defi,indonesia,USDC
802,0.7701285170614128,92756.81637274145,323,S2_panic_selling_defi,indonesia,USDC
803,0.7889662460762731,90437.89596342291,323,S2_panic_selling_defi,indonesia,USDC
804,0.8051744996956675,88176.94856433733,323,S2_panic_selling_defi,indonesia,USDC
805,0.8071712901235149,85972.52485022889,323,S2_panic_selling_defi,indonesia,USDC
806,0.7988532872350653,83823.21172897317,323,S2_panic_selling_defi,indonesia,USDC
807,0.7752231426644686,81727.63143574886,323,S2_panic_selling_defi,indonesia,USDC
808,0.7653419931914505,79684.44064985513,323,S2_panic_selling_defi,indonesia,USDC
809,0.668190264312078,77692.32963360875,323,S2_panic_selling_defi,indonesia,USDC
810,0.6830583309411915,75750.02139276854,323,S2_panic_selling_defi,indonesia,USDC
811,0.6710575278599752,73856.2708579493,323,S2_panic_selling_defi,indonesia,USDC
812,0.6814004669992113,72009.86408650059,323,S2_panic_selling_defi,indonesia,USDC
813,0.6915566455126096,70209.61748433806,323,S2_panic_selling_defi,indonesia,USDC
814,0.7004842207738033,68454.37704722962,323,S2_panic_selling_defi,indonesia,USDC
815,0.7366191134201805,66743.01762104887,323,S2_panic_selling_defi,indonesia,USDC
816,0.7486253597693953,65074.442180522645,323,S2_panic_selling_defi,indonesia,USDC
817,0.7697767074870715,63447.58112600958,323,S2_panic_selling_defi,indonesia,USDC
818,0.7820906016489135,61861.39159785934,323,S2_panic_selling_defi,indonesia,USDC
819,0.7986603127272208,60314.85680791286,323,S2_panic_selling_defi,indonesia,USDC
820,0.811925520850562,58806.98538771504,323,S2_panic_selling_defi,indonesia,USDC
821,0.8378048137389176,57336.81075302216,323,S2_panic_selling_defi,indonesia,USDC
822,0.8613638143713226,55903.3904841966,323,S2_panic_selling_defi,indonesia,USDC
823,0.7491957303550696,54505.805722091696,323,S2_panic_selling_defi,indonesia,USDC
824,0.7397118306429665,53143.160579039395,323,S2_panic_selling_defi,indonesia,USDC
825,0.7797061553281551,51814.581564563414,323,S2_panic_selling_defi,indonesia,USDC
826,0.7994483858267792,50519.217025449325,323,S2_panic_selling_defi,indonesia,USDC
827,0.8016405966730076,49256.23659981309,323,S2_panic_selling_defi,indonesia,USDC
828,0.7885011491928812,48024.83068481777,323,S2_panic_selling_defi,indonesia,USDC
829,0.8095234493052704,46824.20991769732,323,S2_panic_selling_defi,indonesia,USDC
830,0.7592939955031014,45653.60466975489,323,S2_panic_selling_defi,indonesia,USDC
831,0.7521690073067351,44512.26455301102,323,S2_panic_selling_defi,indonesia,USDC
832,0.7609932445448269,43399.45793918574,323,S2_panic_selling_defi,indonesia,USDC
833,0.771246698126582,42314.4714907061,323,S2_panic_selling_defi,indonesia,USDC
834,0.7940319362140517,41256.609703438444,323,S2_panic_selling_defi,indonesia,USDC
835,0.7957087404312069,40225.19446085249,323,S2_panic_selling_defi,indonesia,USDC
836,0.7863660777261875,39219.56459933117,323,S2_panic_selling_defi,indonesia,USDC
837,0.7829224838183407,38239.07548434789,323,S2_panic_selling_defi,indonesia,USDC
838,0.8042622532870333,37283.09859723919,323,S2_panic_selling_defi,indonesia,USDC
839,0.7944538721370149,36351.02113230821,323,S2_panic_selling_defi,indonesia,USDC
840,0.8287800370426833,35442.24560400051,323,S2_panic_selling_defi,indonesia,USDC
841,0.8287234107621215,34556.1894639005,323,S2_panic_selling_defi,indonesia,USDC
842,0.8072741613385496,33692.284727302984,323,S2_panic_selling_defi,indonesia,USDC
843,0.8183315503691784,32849.97760912041,323,S2_panic_selling_defi,indonesia,USDC
844,0.8305294927803386,32028.728168892398,323,S2_panic_selling_defi,indonesia,USDC
845,0.8362798180140235,31228.00996467009,323,S2_panic_selling_defi,indonesia,USDC
846,0.778942765722559,30447.309715553336,323,S2_panic_selling_defi,indonesia,USDC
847,0.7875076960340565,29686.126972664497,323,S2_panic_selling_defi,indonesia,USDC
848,0.7842716364912922,28943.973798347888,323,S2_panic_selling_defi,indonesia,USDC
849,0.767238033506301,28220.374453389195,323,S2_panic_selling_defi,indonesia,USDC
850,0.7320682877854956,27514.86509205446,323,S2_panic_selling_defi,indonesia,USDC
851,0.7271135471479858,26826.993464753097,323,S2_panic_selling_defi,indonesia,USDC
852,0.7438294019533097,26156.31862813427,323,S2_panic_selling_defi,indonesia,USDC
853,0.7547897462476203,25502.41066243092,323,S2_panic_selling_defi,indonesia,USDC
854,0.761601730390003,24864.85039587014,323,S2_panic_selling_defi,indonesia,USDC
855,0.7447890429741473,24243.229135973386,323,S2_panic_selling_defi,indonesia,USDC
856,0.7722274678878642,23637.148407574055,323,S2_panic_selling_defi,indonesia,USDC
857,0.7902404262337117,23046.219697384702,323,S2_panic_selling_defi,indonesia,USDC
858,0.8275937246567813,22470.064204950086,323,S2_panic_selling_defi,indonesia,USDC
859,0.8181409273712906,21908.31259982633,323,S2_panic_selling_defi,indonesia,USDC
860,0.7986506601824744,21360.604784830677,323,S2_panic_selling_defi,indonesia,USDC
861,0.8002519267673331,20826.589665209907,323,S2_panic_selling_defi,indonesia,USDC
862,0.8058244771861345,20305.92492357966,323,S2_panic_selling_defi,indonesia,USDC
863,0.8023647080825407,19798.276800490166,323,S2_panic_selling_defi,indonesia,USDC
864,0.7981138945974382,19303.319880477913,323,S2_panic_selling_defi,indonesia,USDC
865,0.790179154096234,18820.736883465965,323,S2_panic_selling_defi,indonesia,USDC
866,0.7203870012860969,18350.218461379318,323,S2_panic_selling_defi,indonesia,USDC
867,0.7321096380530042,17891.462999844836,323,S2_panic_selling_defi,indonesia,USDC
868,0.7342404717917782,17444.176424848712,323,S2_panic_selling_defi,indonesia,USDC
869,0.7421795428713721,17008.072014227495,323,S2_panic_selling_defi,indonesia,USDC
870,0.7485025754988931,16582.870213871807,323,S2_panic_selling_defi,indonesia,USDC
871,0.7616086231452572,16168.298458525012,323,S2_panic_selling_defi,indonesia,USDC
872,0.7430251305701063,15764.090997061887,323,S2_panic_selling_defi,indonesia,USDC
873,0.766576587088403,15369.988722135342,323,S2_panic_selling_defi,indonesia,USDC
874,0.7726792737275241,14985.739004081955,323,S2_panic_selling_defi,indonesia,USDC
875,0.720362858453718,14611.095528979906,323,S2_panic_selling_defi,indonesia,USDC
876,0.720249104465541,14245.818140755411,323,S2_panic_selling_defi,indonesia,USDC
877,0.7358319814999283,13889.672687236525,323,S2_panic_selling_defi,indonesia,USDC
878,0.7167438378758565,13542.430870055612,323,S2_panic_selling_defi,indonesia,USDC
879,0.7419438625225157,13203.870098304222,323,S2_panic_selling_defi,indonesia,USDC
880,0.7221202176264608,12873.773345846615,323,S2_panic_selling_defi,indonesia,USDC
881,0.7357007284651248,12551.92901220045,323,S2_panic_selling_defi,indonesia,USDC
882,0.7445457372217987,12238.130786895439,323,S2_panic_selling_defi,indonesia,USDC
883,0.7356822279223392,11932.177517223052,323,S2_panic_selling_defi,indonesia,USDC
884,0.737500967579444,11633.873079292476,323,S2_panic_selling_defi,indonesia,USDC
885,0.7475256078947271,11343.026252310165,323,S2_panic_selling_defi,indonesia,USDC
886,0.7561791144009273,11059.45059600241,323,S2_panic_selling_defi,indonesia,USDC
887,0.7463735513583032,10782.96433110235,323,S2_panic_selling_defi,indonesia,USDC
888,0.74584705475505,10513.390222824792,323,S2_panic_selling_defi,indonesia,USDC
889,0.7510032051118456,10250.55546725417,323,S2_panic_selling_defi,indonesia,USDC
890,0.7678748210683957,9994.291580572815,323,S2_panic_selling_defi,indonesia,USDC
891,0.7608488215852394,9744.434291058496,323,S2_panic_selling_defi,indonesia,USDC
892,0.7583946814538604,9500.823433782032,323,S2_panic_selling_defi,indonesia,USDC
893,0.7599191578249294,9263.302847937483,323,S2_panic_selling_defi,indonesia,USDC
894,0.7304152628807175,9031.720276739044,323,S2_panic_selling_defi,indonesia,USDC
895,0.7432247872278406,8805.927269820568,323,S2_panic_selling_defi,indonesia,USDC
896,0.7467511274914822,8585.779088075054,323,S2_panic_selling_defi,indonesia,USDC
897,0.7292653828507161,8371.134610873178,323,S2_panic_selling_defi,indonesia,USDC
898,0.7373167879978194,8161.856245601348,323,S2_panic_selling_defi,indonesia,USDC
899,0.7392980465703655,7957.8098394613135,323,S2_panic_selling_defi,indonesia,USDC
900,0.7274471769577924,7758.86459347478,323,S2_panic_selling_defi,indonesia,USDC
901,0.7429695944664318,7564.892978637912,323,S2_panic_selling_defi,indonesia,USDC
902,0.7560811010872426,7375.7706541719635,323,S2_panic_selling_defi,indonesia,USDC
903,0.7546878785306445,7191.376387817665,323,S2_panic_selling_defi,indonesia,USDC
904,0.750988999933728,7011.591978122224,323,S2_panic_selling_defi,indonesia,USDC
905,0.7684011408523798,6836.302178669168,323,S2_panic_selling_defi,indonesia,USDC
906,0.7785013251457464,6665.3946242024385,323,S2_panic_selling_defi,indonesia,USDC
907,0.7935335078377284,6498.759758597378,323,S2_panic_selling_defi,indonesia,USDC
908,0.8022413162284608,6336.290764632444,323,S2_panic_selling_defi,indonesia,USDC
909,0.7834862103271917,6177.883495516632,323,S2_panic_selling_defi,indonesia,USDC
910,0.793699074912887,6023.436408128717,323,S2_panic_selling_defi,indonesia,USDC
911,0.8034117792845247,5872.8504979254985,323,S2_panic_selling_defi,indonesia,USDC
912,0.7820076635188099,5726.029235477362,323,S2_panic_selling_defi,indonesia,USDC
913,0.7931450592694262,5582.878504590428,323,S2_panic_selling_defi,indonesia,USDC
914,0.7901309791140316,5443.306541975667,323,S2_panic_selling_defi,indonesia,USDC
915,0.8224118950367441,5307.223878426275,323,S2_panic_selling_defi,indonesia,USDC
916,0.7924502215993663,5174.543281465618,323,S2_panic_selling_defi,indonesia,USDC
917,0.8072073318518264,5045.179699428977,323,S2_panic_selling_defi,indonesia,USDC
918,0.7810673568526925,4919.050206943253,323,S2_panic_selling_defi,indonesia,USDC
919,0.7767727078785407,4796.073951769672,323,S2_panic_selling_defi,indonesia,USDC
920,0.7640838754697897,4676.17210297543,323,S2_panic_selling_defi,indonesia,USDC
921,0.7688538982365624,4559.267800401044,323,S2_panic_selling_defi,indonesia,USDC
922,0.7800360480724575,4445.286105391018,323,S2_panic_selling_defi,indonesia,USDC
923,0.7839873896831647,4334.153952756243,323,S2_panic_selling_defi,indonesia,USDC
924,0.8070939176304561,4225.800103937337,323,S2_panic_selling_defi,indonesia,USDC
925,0.8030755362199186,4120.1551013389035,323,S2_panic_selling_defi,indonesia,USDC
926,0.7982319576815718,4017.151223805431,323,S2_panic_selling_defi,indonesia,USDC
927,0.816097644906134,3916.722443210295,323,S2_panic_selling_defi,indonesia,USDC
928,0.827559886449341,3818.8043821300375,323,S2_panic_selling_defi,indonesia,USDC
929,0.807119320065515,3723.334272576786,323,S2_panic_selling_defi,indonesia,USDC
930,0.8068570844370272,3630.2509157623663,323,S2_panic_selling_defi,indonesia,USDC
931,0.820822696672806,3539.494642868308,323,S2_panic_selling_defi,indonesia,USDC
932,0.8314577021825788,3451.0072767965994,323,S2_panic_selling_defi,indonesia,USDC
933,0.8249010109913195,3364.7320948766846,323,S2_panic_selling_defi,indonesia,USDC
934,0.8238483259633627,3280.613792504768,323,S2_panic_selling_defi,indonesia,USDC
935,0.8327114848116528,3198.5984476921485,323,S2_panic_selling_defi,indonesia,USDC
936,0.8369848589648866,3118.6334864998444,323,S2_panic_selling_defi,indonesia,USDC
937,0.8533213991189661,3040.6676493373484,323,S2_panic_selling_defi,indonesia,USDC
938,0.8468502632258929,2964.6509581039145,323,S2_panic_selling_defi,indonesia,USDC
939,0.8672202107968724,2890.534684151317,323,S2_panic_selling_defi,indonesia,USDC
940,0.8674827357465043,2818.2713170475336,323,S2_panic_selling_defi,indonesia,USDC
941,0.853611484571501,2747.8145341213453,323,S2_panic_selling_defi,indonesia,USDC
942,0.8374383360282748,2679.119170768312,323,S2_panic_selling_defi,indonesia,USDC
943,0.8161565338254343,2612.141191499104,323,S2_panic_selling_defi,indonesia,USDC
944,0.8088421437941796,2546.8376617116264,323,S2_panic_selling_defi,indonesia,USDC
945,0.8012833455017232,2483.1667201688356,323,S2_panic_selling_defi,indonesia,USDC
946,0.8110635722331098,2421.087552164615,323,S2_panic_selling_defi,indonesia,USDC
947,0.8120542140476366,2360.5603633604997,323,S2_panic_selling_defi,indonesia,USDC
948,0.8102832602051316,2301.546354276487,323,S2_panic_selling_defi,indonesia,USDC
949,0.8057337654564434,2244.0076954195747,323,S2_panic_selling_defi,indonesia,USDC
950,0.7847073674246646,2187.9075030340855,323,S2_panic_selling_defi,indonesia,USDC
951,0.7809326536202499,2133.2098154582336,323,S2_panic_selling_defi,indonesia,USDC
952,0.7905256689402911,2079.8795700717774,323,S2_panic_selling_defi,indonesia,USDC
953,0.7809683659295881,2027.882580819983,323,S2_panic_selling_defi,indonesia,USDC
954,0.7781864064714361,1977.1855162994834,323,S2_panic_selling_defi,indonesia,USDC
955,0.7812458042508832,1927.7558783919967,323,S2_panic_selling_defi,indonesia,USDC
956,0.7863153569757346,1879.5619814321967,323,S2_panic_selling_defi,indonesia,USDC
957,0.7957584040011191,1832.5729318963918,323,S2_panic_selling_defi,indonesia,USDC
958,0.7840651012194638,1786.758608598982,323,S2_panic_selling_defi,indonesia,USDC
959,0.7961564450272816,1742.089643384007,323,S2_panic_selling_defi,indonesia,USDC
960,0.7851674776301686,1698.5374022994074,323,S2_panic_selling_defi,indonesia,USDC
961,0.7700471831226398,1656.073967241922,323,S2_panic_selling_defi,indonesia,USDC
962,0.7604156708081682,1614.6721180608738,323,S2_panic_selling_defi,indonesia,USDC
963,0.7565066264357319,1574.3053151093523,323,S2_panic_selling_defi,indonesia,USDC
964,0.7431390001171091,1534.9476822316183,323,S2_panic_selling_defi,indonesia,USDC
965,0.755752887196016,1496.573990175828,323,S2_panic_selling_defi,indonesia,USDC
966,0.7541986725188018,1459.1596404214322,323,S2_panic_selling_defi,indonesia,USDC
967,0.7639248195739932,1422.6806494108964,323,S2_panic_selling_defi,indonesia,USDC
968,0.6565229035825361,1387.113633175624,323,S2_panic_selling_defi,indonesia,USDC
969,0.6886025734164773,1352.4357923462335,323,S2_panic_selling_defi,indonesia,USDC
970,0.7062039872542665,1318.6248975375775,323,S2_panic_selling_defi,indonesia,USDC
971,0.7314317206713572,1285.659275099138,323,S2_panic_selling_defi,indonesia,USDC
972,0.7628986568343507,1253.5177932216598,323,S2_panic_selling_defi,indonesia,USDC
973,0.7660041077285151,1222.1798483911182,323,S2_panic_selling_defi,indonesia,USDC
974,0.7366284303804049,1191.6253521813403,323,S2_panic_selling_defi,indonesia,USDC
975,0.7358141629242614,1161.8347183768067,323,S2_panic_selling_defi,indonesia,USDC
976,0.760485217327357,1132.7888504173864,323,S2_panic_selling_defi,indonesia,USDC
977,0.7782855844913694,1104.4691291569518,323,S2_panic_selling_defi,indonesia,USDC
978,0.7794116358101155,1076.857400928028,323,S2_panic_selling_defi,indonesia,USDC
979,0.8067314341119657,1049.9359659048273,323,S2_panic_selling_defi,indonesia,USDC
980,0.7920117111715035,1023.6875667572067,323,S2_panic_selling_defi,indonesia,USDC
981,0.7933674226049565,998.0953775882765,323,S2_panic_selling_defi,indonesia,USDC
982,0.780197473391322,973.1429931485696,323,S2_panic_selling_defi,indonesia,USDC
983,0.7845425590536016,948.8144183198553,323,S2_panic_selling_defi,indonesia,USDC
984,0.7657668733475663,925.094057861859,323,S2_panic_selling_defi,indonesia,USDC
985,0.7698424232235376,901.9667064153126,323,S2_panic_selling_defi,indonesia,USDC
986,0.7560634405789578,879.4175387549298,323,S2_panic_selling_defi,indonesia,USDC
987,0.7666323639994581,857.4321002860564,323,S2_panic_selling_defi,indonesia,USDC
988,0.7748542608391347,835.996297778905,323,S2_panic_selling_defi,indonesia,USDC
989,0.7766417952027737,815.0963903344325,323,S2_panic_selling_defi,indonesia,USDC
990,0.7656961927219025,794.7189805760715,323,S2_panic_selling_defi,indonesia,USDC
991,0.7650306940050596,774.8510060616698,323,S2_panic_selling_defi,indonesia,USDC
992,0.7934538683394367,755.479730910128,323,S2_panic_selling_defi,indonesia,USDC
993,0.7710089408871679,736.5927376373749,323,S2_panic_selling_defi,indonesia,USDC
994,0.7720772671136055,718.1779191964405,323,S2_panic_selling_defi,indonesia,USDC
995,0.6702929617871285,700.2234712165294,323,S2_panic_selling_defi,indonesia,USDC
996,0.7082042320668404,682.7178844361162,323,S2_panic_selling_defi,indonesia,USDC
997,0.724553287188881,665.6499373252133,323,S2_panic_selling_defi,indonesia,USDC
998,0.7279642783498238,649.008688892083,323,S2_panic_selling_defi,indonesia,USDC
999,0.7412187706649457,632.7834716697809,323,S2_panic_selling_defi,indonesia,USDC
1000,0.7562874785146523,616.9638848780363,323,S2_panic_selling_defi,indonesia,USDC
