Step,price,liquidity,iteration,scenario,region,coin
1,0.993112539180681,2988951994096.4087,473,S2_panic_selling_defi,indonesia,USDC
2,0.9564810539220087,2988951994096.4087,473,S2_panic_selling_defi,indonesia,USDC
3,0.9534088329926661,2988115770627.667,473,S2_panic_selling_defi,indonesia,USDC
4,0.970035927591343,2987103815888.2705,473,S2_panic_selling_defi,indonesia,USDC
5,1.0018999735823395,2987103815888.2705,473,S2_panic_selling_defi,indonesia,USDC
6,0.9764572164726044,2987103815888.2705,473,S2_panic_selling_defi,indonesia,USDC
7,0.9642207665227913,2987103815888.2705,473,S2_panic_selling_defi,indonesia,USDC
8,0.9829651922376401,2986766693533.505,473,S2_panic_selling_defi,indonesia,USDC
9,0.9946467094743492,2986766693533.505,473,S2_panic_selling_defi,indonesia,USDC
10,1.023291230920805,2986766693533.505,473,S2_panic_selling_defi,indonesia,USDC
11,0.9659548591053708,2986766693533.505,473,S2_panic_selling_defi,indonesia,USDC
12,0.9507718199303419,2986534588733.177,473,S2_panic_selling_defi,indonesia,USDC
13,0.9670495288810453,2985419500113.696,473,S2_panic_selling_defi,indonesia,USDC
14,0.9802346814613329,2985265465753.4053,473,S2_panic_selling_defi,indonesia,USDC
15,0.9987210598454896,2985265465753.4053,473,S2_panic_selling_defi,indonesia,USDC
16,1.0201010421822803,2985265465753.4053,473,S2_panic_selling_defi,indonesia,USDC
17,0.9559289077936032,2985265465753.4053,473,S2_panic_selling_defi,indonesia,USDC
18,0.9802895916810539,2984484619826.868,473,S2_panic_selling_defi,indonesia,USDC
19,1.009535556641,2984484619826.868,473,S2_panic_selling_defi,indonesia,USDC
20,1.0162337450356358,2984484619826.868,473,S2_panic_selling_defi,indonesia,USDC
21,1.0138892842409748,2984484619826.868,473,S2_panic_selling_defi,indonesia,USDC
22,0.9819631513015302,2984484619826.868,473,S2_panic_selling_defi,indonesia,USDC
23,0.93913969338746,2984484619826.868,473,S2_panic_selling_defi,indonesia,USDC
24,0.9454661558323396,2982717863273.217,473,S2_panic_selling_defi,indonesia,USDC
25,0.9611128464877781,2981402840790.628,473,S2_panic_selling_defi,indonesia,USDC
26,0.9240599053402933,2980922285402.569,473,S2_panic_selling_defi,indonesia,USDC
27,0.9211078076404347,2978503077373.7607,473,S2_panic_selling_defi,indonesia,USDC
28,0.9073066519224879,2976005488615.801,473,S2_panic_selling_defi,indonesia,USDC
29,0.9208745119042415,2973014549929.1416,473,S2_panic_selling_defi,indonesia,USDC
30,0.91873300795416,2970783009143.5444,473,S2_panic_selling_defi,indonesia,USDC
31,0.918833270075885,2968614748874.3223,473,S2_panic_selling_defi,indonesia,USDC
32,0.9220594016090999,2966522570047.7573,473,S2_panic_selling_defi,indonesia,USDC
33,0.9128188193787843,2964705449852.6006,473,S2_panic_selling_defi,indonesia,USDC
34,0.91434122684936,2962641722275.081,473,S2_panic_selling_defi,indonesia,USDC
35,0.9361133244081934,2960708599658.377,473,S2_panic_selling_defi,indonesia,USDC
36,0.9314770421557834,2959599191626.8555,473,S2_panic_selling_defi,indonesia,USDC
37,0.9686242553052961,2958398686913.6597,473,S2_panic_selling_defi,indonesia,USDC
38,0.9878921444556629,2958356922860.6494,473,S2_panic_selling_defi,indonesia,USDC
39,0.9812437775986772,2958356922860.6494,473,S2_panic_selling_defi,indonesia,USDC
40,0.9930799088632116,2958356922860.6494,473,S2_panic_selling_defi,indonesia,USDC
41,0.9763893994871131,2958356922860.6494,473,S2_panic_selling_defi,indonesia,USDC
42,0.9889392880148303,2958356922860.6494,473,S2_panic_selling_defi,indonesia,USDC
43,0.9817706910672518,2958356922860.6494,473,S2_panic_selling_defi,indonesia,USDC
44,0.9723421528427106,2958356922860.6494,473,S2_panic_selling_defi,indonesia,USDC
45,0.9814830019545184,2958356922860.6494,473,S2_panic_selling_defi,indonesia,USDC
46,0.9819995504716837,2958356922860.6494,473,S2_panic_selling_defi,indonesia,USDC
47,1.0097559365088373,2958356922860.6494,473,S2_panic_selling_defi,indonesia,USDC
48,1.0107883104898163,2958356922860.6494,473,S2_panic_selling_defi,indonesia,USDC
49,1.0113662420534002,2958356922860.6494,473,S2_panic_selling_defi,indonesia,USDC
50,0.9940909796468915,2958356922860.6494,473,S2_panic_selling_defi,indonesia,USDC
51,1.0368750978233585,2958356922860.6494,473,S2_panic_selling_defi,indonesia,USDC
52,0.9992009047468858,2958356922860.6494,473,S2_panic_selling_defi,indonesia,USDC
53,0.9564767025756128,2958356922860.6494,473,S2_panic_selling_defi,indonesia,USDC
54,0.9689358474319019,2957968662881.235,473,S2_panic_selling_defi,indonesia,USDC
55,0.952951158686795,2957944644206.8115,473,S2_panic_selling_defi,indonesia,USDC
56,0.9341415941466418,2957471040927.8086,473,S2_panic_selling_defi,indonesia,USDC
57,0.9304516167586105,2956467465379.765,473,S2_panic_selling_defi,indonesia,USDC
58,0.9349058579612944,2955345617541.2275,473,S2_panic_selling_defi,indonesia,USDC
59,0.9506896268141491,2954407265476.885,473,S2_panic_selling_defi,indonesia,USDC
60,0.9512319772337844,2953937906452.122,473,S2_panic_selling_defi,indonesia,USDC
61,0.951193189281035,2953491663273.3096,473,S2_panic_selling_defi,indonesia,USDC
62,0.9474799681124731,2953015876764.737,473,S2_panic_selling_defi,indonesia,USDC
63,0.9614201246666807,2952470736685.7383,473,S2_panic_selling_defi,indonesia,USDC
64,0.9487440989525681,2952292536624.3467,473,S2_panic_selling_defi,indonesia,USDC
65,0.9603633669758521,2951794406591.289,473,S2_panic_selling_defi,indonesia,USDC
66,0.9808152725518569,2951577839986.2617,473,S2_panic_selling_defi,indonesia,USDC
67,0.9572555895136671,2951577839986.2617,473,S2_panic_selling_defi,indonesia,USDC
68,0.9663315131521928,2951280568782.5293,473,S2_panic_selling_defi,indonesia,USDC
69,0.9462722536762501,2951223034851.616,473,S2_panic_selling_defi,indonesia,USDC
70,0.9550773523373777,2950692817852.8076,473,S2_panic_selling_defi,indonesia,USDC
71,0.9925504754593004,2950394858730.789,473,S2_panic_selling_defi,indonesia,USDC
72,0.9931427066272114,2950394858730.789,473,S2_panic_selling_defi,indonesia,USDC
73,0.9712523051463489,2950394858730.789,473,S2_panic_selling_defi,indonesia,USDC
74,0.9723232438338011,2950394858730.789,473,S2_panic_selling_defi,indonesia,USDC
75,0.985268579535619,2950394858730.789,473,S2_panic_selling_defi,indonesia,USDC
76,1.0005474804565029,2950394858730.789,473,S2_panic_selling_defi,indonesia,USDC
77,1.0108260946074892,2950394858730.789,473,S2_panic_selling_defi,indonesia,USDC
78,0.9848332697876763,2950394858730.789,473,S2_panic_selling_defi,indonesia,USDC
79,0.9991679769747145,2950394858730.789,473,S2_panic_selling_defi,indonesia,USDC
80,0.9792979100423091,2950394858730.789,473,S2_panic_selling_defi,indonesia,USDC
81,0.9637186340661574,2950394858730.789,473,S2_panic_selling_defi,indonesia,USDC
82,0.9835306148413923,2950265909364.459,473,S2_panic_selling_defi,indonesia,USDC
83,0.9696354139353367,2950265909364.459,473,S2_panic_selling_defi,indonesia,USDC
84,0.976837768564817,2950263251866.9746,473,S2_panic_selling_defi,indonesia,USDC
85,0.9721916493697493,2950263251866.9746,473,S2_panic_selling_defi,indonesia,USDC
86,0.9718346205084765,2950263251866.9746,473,S2_panic_selling_defi,indonesia,USDC
87,0.9882807289269782,2950263251866.9746,473,S2_panic_selling_defi,indonesia,USDC
88,1.000885015554384,2950263251866.9746,473,S2_panic_selling_defi,indonesia,USDC
89,0.989139709046857,2950263251866.9746,473,S2_panic_selling_defi,indonesia,USDC
90,0.9939668868458512,2950263251866.9746,473,S2_panic_selling_defi,indonesia,USDC
91,1.0154920937320138,2950263251866.9746,473,S2_panic_selling_defi,indonesia,USDC
92,1.0338044007189935,2950263251866.9746,473,S2_panic_selling_defi,indonesia,USDC
93,0.9508403661051167,2950263251866.9746,473,S2_panic_selling_defi,indonesia,USDC
94,0.9572556276339098,2949884391178.2285,473,S2_panic_selling_defi,indonesia,USDC
95,0.9300005711189441,2949609370288.6143,473,S2_panic_selling_defi,indonesia,USDC
96,0.9200340886967013,2948777806627.0396,473,S2_panic_selling_defi,indonesia,USDC
97,0.9371028617614873,2947802678437.86,473,S2_panic_selling_defi,indonesia,USDC
98,0.9366387032855451,2947181095640.5645,473,S2_panic_selling_defi,indonesia,USDC
99,0.9388431091873323,2946554140521.5415,473,S2_panic_selling_defi,indonesia,USDC
100,0.9154646873039263,2945988750671.813,473,S2_panic_selling_defi,indonesia,USDC
101,0.911965491615506,2945054818541.5205,473,S2_panic_selling_defi,indonesia,USDC
102,0.903553797840674,2944140076088.047,473,S2_panic_selling_defi,indonesia,USDC
103,0.9262056277781608,2943124680368.7773,473,S2_panic_selling_defi,indonesia,USDC
104,0.9287033878907891,2942538710602.09,473,S2_panic_selling_defi,indonesia,USDC
105,0.9392307664729427,2941977023225.1494,473,S2_panic_selling_defi,indonesia,USDC
106,0.9524495255160851,2941591115096.931,473,S2_panic_selling_defi,indonesia,USDC
107,0.9651015799443673,2941372862477.2754,473,S2_panic_selling_defi,indonesia,USDC
108,0.9845924257484181,2941317551939.878,473,S2_panic_selling_defi,indonesia,USDC
109,0.9843393702378858,2941317551939.878,473,S2_panic_selling_defi,indonesia,USDC
110,1.0142994550115072,2941317551939.878,473,S2_panic_selling_defi,indonesia,USDC
111,1.0062501741397902,2941317551939.878,473,S2_panic_selling_defi,indonesia,USDC
112,0.9917799361920906,2941317551939.878,473,S2_panic_selling_defi,indonesia,USDC
113,0.9744741274247464,2941317551939.878,473,S2_panic_selling_defi,indonesia,USDC
114,0.9817388097759342,2941317551939.878,473,S2_panic_selling_defi,indonesia,USDC
115,0.9937209120126363,2941317551939.878,473,S2_panic_selling_defi,indonesia,USDC
116,0.9852656322136718,2941317551939.878,473,S2_panic_selling_defi,indonesia,USDC
117,0.9628728521418387,2941317551939.878,473,S2_panic_selling_defi,indonesia,USDC
118,0.9468098813928563,2941242498261.16,473,S2_panic_selling_defi,indonesia,USDC
119,0.9460073337576914,2940982362611.048,473,S2_panic_selling_defi,indonesia,USDC
120,0.9478889174818365,2940695903672.588,473,S2_panic_selling_defi,indonesia,USDC
121,0.929357867154137,2866927721089.23,473,S2_panic_selling_defi,indonesia,USDC
122,0.920895394765091,2794812587478.435,473,S2_panic_selling_defi,indonesia,USDC
123,0.9385331088386666,2724441552898.759,473,S2_panic_selling_defi,indonesia,USDC
124,0.914799286464762,2656019570054.9634,473,S2_panic_selling_defi,indonesia,USDC
125,0.9180730176256928,2589082020478.4663,473,S2_panic_selling_defi,indonesia,USDC
126,0.9209821594799933,2523877935370.302,473,S2_panic_selling_defi,indonesia,USDC
127,0.9178776451172342,2460329627303.2246,473,S2_panic_selling_defi,indonesia,USDC
128,0.9170298853120119,2398365693889.409,473,S2_panic_selling_defi,indonesia,USDC
129,0.9294255037813435,2338002652132.289,473,S2_panic_selling_defi,indonesia,USDC
130,0.9306927342345174,2279261533029.506,473,S2_panic_selling_defi,indonesia,USDC
131,0.9107692043126786,2221991736022.457,473,S2_panic_selling_defi,indonesia,USDC
132,0.9292802464809632,2166033456651.8032,473,S2_panic_selling_defi,indonesia,USDC
133,0.8953360563502192,2111628349282.1023,473,S2_panic_selling_defi,indonesia,USDC
134,0.8927215765052825,2058358185005.919,473,S2_panic_selling_defi,indonesia,USDC
135,0.8565742129988205,2006429238014.3193,473,S2_panic_selling_defi,indonesia,USDC
136,0.8237471125672376,1955660613307.116,473,S2_panic_selling_defi,indonesia,USDC
137,0.8341875341698901,1906056873652.3484,473,S2_panic_selling_defi,indonesia,USDC
138,0.8189528039851894,1857865227058.1006,473,S2_panic_selling_defi,indonesia,USDC
139,0.8023113473572815,1810874037252.04,473,S2_panic_selling_defi,indonesia,USDC
140,0.793162775782085,1765089306624.3022,473,S2_panic_selling_defi,indonesia,USDC
141,0.7732212134766351,1720504197240.7341,473,S2_panic_selling_defi,indonesia,USDC
142,0.7771016034096467,1677090873789.3281,473,S2_panic_selling_defi,indonesia,USDC
143,0.7632722801464389,1634853874834.6672,473,S2_panic_selling_defi,indonesia,USDC
144,0.7682164376445052,1593707104374.0513,473,S2_panic_selling_defi,indonesia,USDC
145,0.7758117196182456,1553650845073.7344,473,S2_panic_selling_defi,indonesia,USDC
146,0.7551200928376296,1514641891114.973,473,S2_panic_selling_defi,indonesia,USDC
147,0.7614002426995585,1476626705425.295,473,S2_panic_selling_defi,indonesia,USDC
148,0.7707363207318363,1439597597423.7834,473,S2_panic_selling_defi,indonesia,USDC
149,0.79850482201952,1403520559048.236,473,S2_panic_selling_defi,indonesia,USDC
150,0.7909051615056986,1368375283035.7173,473,S2_panic_selling_defi,indonesia,USDC
151,0.7588854577485525,1334115296625.6455,473,S2_panic_selling_defi,indonesia,USDC
152,0.7737795756303306,1300714473239.125,473,S2_panic_selling_defi,indonesia,USDC
153,0.8035141671031478,1268160672863.08,473,S2_panic_selling_defi,indonesia,USDC
154,0.7958370364907571,1236432248486.332,473,S2_panic_selling_defi,indonesia,USDC
155,0.7858047380139138,1205499764100.6846,473,S2_panic_selling_defi,indonesia,USDC
156,0.7709815191147814,1175344198429.8137,473,S2_panic_selling_defi,indonesia,USDC
157,0.7714423826587309,1145943977114.9907,473,S2_panic_selling_defi,indonesia,USDC
158,0.7865487039261836,1117282444984.6633,473,S2_panic_selling_defi,indonesia,USDC
159,0.7937320456858571,1089341037867.5029,473,S2_panic_selling_defi,indonesia,USDC
160,0.7985180599932017,1062099863033.0687,473,S2_panic_selling_defi,indonesia,USDC
161,0.7773994477186628,1035541635175.7783,473,S2_panic_selling_defi,indonesia,USDC
162,0.7681889047425017,1009647616842.7446,473,S2_panic_selling_defi,indonesia,USDC
163,0.7834763269637985,984401777793.0157,473,S2_panic_selling_defi,indonesia,USDC
164,0.7783031543391732,959788366935.9329,473,S2_panic_selling_defi,indonesia,USDC
165,0.7569463257276745,935790824005.869,473,S2_panic_selling_defi,indonesia,USDC
166,0.7714185738215463,912393382759.1433,473,S2_panic_selling_defi,indonesia,USDC
167,0.7915861204979406,889581596874.4287,473,S2_panic_selling_defi,indonesia,USDC
168,0.8050885853597913,867340655898.9537,473,S2_panic_selling_defi,indonesia,USDC
169,0.7848574220184795,845656078616.4849,473,S2_panic_selling_defi,indonesia,USDC
170,0.757363729453352,824513664780.6245,473,S2_panic_selling_defi,indonesia,USDC
171,0.7640174067047492,803899900448.002,473,S2_panic_selling_defi,indonesia,USDC
172,0.7898693447105086,783801701566.4812,473,S2_panic_selling_defi,indonesia,USDC
173,0.7831505159866061,764206173883.3513,473,S2_panic_selling_defi,indonesia,USDC
174,0.7738454872215698,745100615546.5493,473,S2_panic_selling_defi,indonesia,USDC
175,0.7881057250869766,726472761657.7621,473,S2_panic_selling_defi,indonesia,USDC
176,0.7738103024634262,708310678261.5828,473,S2_panic_selling_defi,indonesia,USDC
177,0.8020418879711234,690602687646.7346,473,S2_panic_selling_defi,indonesia,USDC
178,0.8328724707915421,673337465687.5066,473,S2_panic_selling_defi,indonesia,USDC
179,0.8382141186419405,656503916653.2834,473,S2_panic_selling_defi,indonesia,USDC
180,0.8498483762438943,640091231685.6282,473,S2_panic_selling_defi,indonesia,USDC
181,0.8362801225882517,624088881729.4648,473,S2_panic_selling_defi,indonesia,USDC
182,0.8430648388499672,608486591558.7339,473,S2_panic_selling_defi,indonesia,USDC
183,0.8619990190037925,593274369250.8396,473,S2_panic_selling_defi,indonesia,USDC
184,0.8752174678890036,578442466354.8826,473,S2_panic_selling_defi,indonesia,USDC
185,0.8623101797798833,563981369801.3943,473,S2_panic_selling_defi,indonesia,USDC
186,0.8598691199070194,549881799783.8824,473,S2_panic_selling_defi,indonesia,USDC
187,0.8230028530559215,536134722267.4347,473,S2_panic_selling_defi,indonesia,USDC
188,0.8088864672239601,522731318047.3595,473,S2_panic_selling_defi,indonesia,USDC
189,0.7900908145362533,509662999654.86017,473,S2_panic_selling_defi,indonesia,USDC
190,0.786169285641764,496921392157.5834,473,S2_panic_selling_defi,indonesia,USDC
191,0.8002612492972381,484498330613.40137,473,S2_panic_selling_defi,indonesia,USDC
192,0.8104895390738215,472385851247.1687,473,S2_panic_selling_defi,indonesia,USDC
193,0.8095540273776143,460576188197.7933,473,S2_panic_selling_defi,indonesia,USDC
194,0.792929866999019,449061769399.906,473,S2_panic_selling_defi,indonesia,USDC
195,0.7958712819545124,437835212184.383,473,S2_panic_selling_defi,indonesia,USDC
196,0.8149782446450755,426889322056.6863,473,S2_panic_selling_defi,indonesia,USDC
197,0.8243256339687111,416217081746.1266,473,S2_panic_selling_defi,indonesia,USDC
198,0.8247601018808219,405811648657.91895,473,S2_panic_selling_defi,indonesia,USDC
199,0.8255008582046806,395666352516.9081,473,S2_panic_selling_defi,indonesia,USDC
200,0.8288707369196722,385774689404.58154,473,S2_panic_selling_defi,indonesia,USDC
201,0.8596811978361264,376130318567.79083,473,S2_panic_selling_defi,indonesia,USDC
202,0.8180490453317156,366727058081.60754,473,S2_panic_selling_defi,indonesia,USDC
203,0.8126527237497758,357558878675.05743,473,S2_panic_selling_defi,indonesia,USDC
204,0.7750497620723827,348619904105.0686,473,S2_panic_selling_defi,indonesia,USDC
205,0.7451226643161253,339904403722.7024,473,S2_panic_selling_defi,indonesia,USDC
206,0.7607616924227044,331406791056.9464,473,S2_panic_selling_defi,indonesia,USDC
207,0.75345845415528,323121619431.7193,473,S2_panic_selling_defi,indonesia,USDC
208,0.7426124956787413,315043577494.47876,473,S2_panic_selling_defi,indonesia,USDC
209,0.7226155535439391,307167486804.66907,473,S2_panic_selling_defi,indonesia,USDC
210,0.7381086506559985,299488298565.86487,473,S2_panic_selling_defi,indonesia,USDC
211,0.7718899083183155,292001090397.585,473,S2_panic_selling_defi,indonesia,USDC
212,0.7792356563922747,284701062653.73737,473,S2_panic_selling_defi,indonesia,USDC
213,0.7727124611346267,277583535714.2403,473,S2_panic_selling_defi,indonesia,USDC
214,0.7697118099821267,270643947010.36334,473,S2_panic_selling_defi,indonesia,USDC
215,0.7868448426151048,263877848091.9472,473,S2_panic_selling_defi,indonesia,USDC
216,0.8032787364065016,257280901707.11862,473,S2_panic_selling_defi,indonesia,USDC
217,0.806751028436696,250848879025.58185,473,S2_panic_selling_defi,indonesia,USDC
218,0.8178118648108424,244577656939.3178,473,S2_panic_selling_defi,indonesia,USDC
219,0.838514365304392,238463215431.1272,473,S2_panic_selling_defi,indonesia,USDC
220,0.8120308191802695,232501634980.4245,473,S2_panic_selling_defi,indonesia,USDC
221,0.801099015385723,226689094039.57373,473,S2_panic_selling_defi,indonesia,USDC
222,0.7893507063662665,221021866628.71744,473,S2_panic_selling_defi,indonesia,USDC
223,0.7977968672925619,215496319908.427,473,S2_panic_selling_defi,indonesia,USDC
224,0.8140903541325322,210108911867.42368,473,S2_panic_selling_defi,indonesia,USDC
225,0.8030838277863792,204856189039.81952,473,S2_panic_selling_defi,indonesia,USDC
226,0.7277595375641477,199734784286.3527,473,S2_panic_selling_defi,indonesia,USDC
227,0.7298645538704417,194741414645.68216,473,S2_panic_selling_defi,indonesia,USDC
228,0.7660303102670858,189872879253.17868,473,S2_panic_selling_defi,indonesia,USDC
229,0.7939674066647643,185126057254.84875,473,S2_panic_selling_defi,indonesia,USDC
230,0.7906749219611596,180497905812.10287,473,S2_panic_selling_defi,indonesia,USDC
231,0.7809948206589573,175985458156.8299,473,S2_panic_selling_defi,indonesia,USDC
232,0.769157379416876,171585821694.34326,473,S2_panic_selling_defi,indonesia,USDC
233,0.7666415329572174,167296176144.79456,473,S2_panic_selling_defi,indonesia,USDC
234,0.7728695207377464,163113771735.488,473,S2_panic_selling_defi,indonesia,USDC
235,0.7848629652629519,159035927437.7881,473,S2_panic_selling_defi,indonesia,USDC
236,0.8036482519645309,155060029248.57047,473,S2_panic_selling_defi,indonesia,USDC
237,0.7962777568350125,151183528514.7953,473,S2_panic_selling_defi,indonesia,USDC
238,0.7953055113274867,147403940299.74985,473,S2_panic_selling_defi,indonesia,USDC
239,0.7825253225900387,143718841790.52734,473,S2_panic_selling_defi,indonesia,USDC
240,0.7765670089992149,140125870744.18835,473,S2_panic_selling_defi,indonesia,USDC
241,0.7892663362807515,136622723974.23763,473,S2_panic_selling_defi,indonesia,USDC
242,0.8108057906352509,133207155873.8681,473,S2_panic_selling_defi,indonesia,USDC
243,0.7639908285052055,129876976976.27757,473,S2_panic_selling_defi,indonesia,USDC
244,0.7734497349054317,126630052551.0969,473,S2_panic_selling_defi,indonesia,USDC
245,0.7740255112039189,123464301236.70862,473,S2_panic_selling_defi,indonesia,USDC
246,0.8170379444536755,120377693705.31534,473,S2_panic_selling_defi,indonesia,USDC
247,0.8045465768236998,117368251362.37836,473,S2_panic_selling_defi,indonesia,USDC
248,0.7877542543698374,114434045078.04695,473,S2_panic_selling_defi,indonesia,USDC
249,0.7730567651073591,111573193950.84174,473,S2_panic_selling_defi,indonesia,USDC
250,0.7881969886464014,108783864101.85654,473,S2_panic_selling_defi,indonesia,USDC
251,0.7977798291464225,106064267499.15408,473,S2_panic_selling_defi,indonesia,USDC
252,0.7845223785486972,103412660811.54599,473,S2_panic_selling_defi,indonesia,USDC
253,0.758622831128635,100827344291.14285,473,S2_panic_selling_defi,indonesia,USDC
254,0.7664319775899919,98306660683.76062,473,S2_panic_selling_defi,indonesia,USDC
255,0.7739485765075749,95848994166.58983,473,S2_panic_selling_defi,indonesia,USDC
256,0.7790435213047255,93452769312.36609,473,S2_panic_selling_defi,indonesia,USDC
257,0.7448326374943067,91116450079.5105,473,S2_panic_selling_defi,indonesia,USDC
258,0.724393826538534,88838538827.47763,473,S2_panic_selling_defi,indonesia,USDC
259,0.7348866103370768,86617575356.75258,473,S2_panic_selling_defi,indonesia,USDC
260,0.7160702605708723,84452135972.80643,473,S2_panic_selling_defi,indonesia,USDC
261,0.7042902302521657,82340832573.46327,473,S2_panic_selling_defi,indonesia,USDC
262,0.7029610233311586,80282311759.10925,473,S2_panic_selling_defi,indonesia,USDC
263,0.7302552794698224,78275253965.1192,473,S2_panic_selling_defi,indonesia,USDC
264,0.7503748563245799,76318372615.9827,473,S2_panic_selling_defi,indonesia,USDC
265,0.757636094596214,74410413300.57747,473,S2_panic_selling_defi,indonesia,USDC
266,0.7594519918114128,72550152968.05856,473,S2_panic_selling_defi,indonesia,USDC
267,0.7709212888844155,70736399143.85367,473,S2_panic_selling_defi,indonesia,USDC
268,0.7605074091133378,68967989165.2547,473,S2_panic_selling_defi,indonesia,USDC
269,0.7555463882198955,67243789436.12115,473,S2_panic_selling_defi,indonesia,USDC
270,0.7675509755801894,65562694700.21634,473,S2_panic_selling_defi,indonesia,USDC
271,0.7975683894779166,63923627332.709656,473,S2_panic_selling_defi,indonesia,USDC
272,0.8135496614682607,62325536649.39103,473,S2_panic_selling_defi,indonesia,USDC
273,0.8250858071780496,60767398233.15559,473,S2_panic_selling_defi,indonesia,USDC
274,0.8424088873483541,59248213277.3262,473,S2_panic_selling_defi,indonesia,USDC
275,0.8268758724190809,57767007945.392654,473,S2_panic_selling_defi,indonesia,USDC
276,0.8340187820059934,56322832746.75746,473,S2_panic_selling_defi,indonesia,USDC
277,0.85252593005168,54914761928.088196,473,S2_panic_selling_defi,indonesia,USDC
278,0.8488432720051098,53541892879.88576,473,S2_panic_selling_defi,indonesia,USDC
279,0.8549055212311509,52203345557.88841,473,S2_panic_selling_defi,indonesia,USDC
280,0.8567493625786696,50898261918.94103,473,S2_panic_selling_defi,indonesia,USDC
281,0.837113295711849,49625805370.96735,473,S2_panic_selling_defi,indonesia,USDC
282,0.8230574459683554,48385160236.69301,473,S2_panic_selling_defi,indonesia,USDC
283,0.8112727492516515,47175531230.77552,473,S2_panic_selling_defi,indonesia,USDC
284,0.8198943284617092,45996142950.006,473,S2_panic_selling_defi,indonesia,USDC
285,0.812460853748557,44846239376.25574,473,S2_panic_selling_defi,indonesia,USDC
286,0.7712247394808691,43725083391.84924,473,S2_panic_selling_defi,indonesia,USDC
287,0.7767781693119692,42631956307.0529,473,S2_panic_selling_defi,indonesia,USDC
288,0.7877120382678691,41566157399.376495,473,S2_panic_selling_defi,indonesia,USDC
289,0.7661935278537809,40527003464.39202,473,S2_panic_selling_defi,indonesia,USDC
290,0.7699526719410781,39513828377.782166,473,S2_panic_selling_defi,indonesia,USDC
291,0.7676314374120382,38525982668.337555,473,S2_panic_selling_defi,indonesia,USDC
292,0.7880176261991861,37562833101.62908,473,S2_panic_selling_defi,indonesia,USDC
293,0.7930276512640007,36623762274.08833,473,S2_panic_selling_defi,indonesia,USDC
294,0.7872385824627043,35708168217.2361,473,S2_panic_selling_defi,indonesia,USDC
295,0.77962571308362,34815464011.80518,473,S2_panic_selling_defi,indonesia,USDC
296,0.8097118482121486,33945077411.510033,473,S2_panic_selling_defi,indonesia,USDC
297,0.7541186998630152,33096450476.222275,473,S2_panic_selling_defi,indonesia,USDC
298,0.7502293337443022,32269039214.316704,473,S2_panic_selling_defi,indonesia,USDC
299,0.7755351721596895,31462313233.95878,473,S2_panic_selling_defi,indonesia,USDC
300,0.789436440128652,30675755403.109802,473,S2_panic_selling_defi,indonesia,USDC
301,0.7875388268736738,29908861518.03205,473,S2_panic_selling_defi,indonesia,USDC
302,0.7933625582986951,29161139980.081245,473,S2_panic_selling_defi,indonesia,USDC
303,0.762080808545489,28432111480.57921,473,S2_panic_selling_defi,indonesia,USDC
304,0.771708307113826,27721308693.56472,473,S2_panic_selling_defi,indonesia,USDC
305,0.7694387977977364,27028275976.2256,473,S2_panic_selling_defi,indonesia,USDC
306,0.7521139766251627,26352569076.81996,473,S2_panic_selling_defi,indonesia,USDC
307,0.7662089346119999,25693754849.89946,473,S2_panic_selling_defi,indonesia,USDC
308,0.7681290551309952,25051410978.651978,473,S2_panic_selling_defi,indonesia,USDC
309,0.7675536864045118,24425125704.185677,473,S2_panic_selling_defi,indonesia,USDC
310,0.748845306120614,23814497561.581036,473,S2_panic_selling_defi,indonesia,USDC
311,0.7659236052398354,23219135122.541508,473,S2_panic_selling_defi,indonesia,USDC
312,0.7676965893788601,22638656744.47797,473,S2_panic_selling_defi,indonesia,USDC
313,0.7424892833940475,22072690325.86602,473,S2_panic_selling_defi,indonesia,USDC
314,0.7552998452415388,21520873067.71937,473,S2_panic_selling_defi,indonesia,USDC
315,0.7582865152069133,20982851241.026386,473,S2_panic_selling_defi,indonesia,USDC
316,0.7547295093083444,20458279960.00073,473,S2_panic_selling_defi,indonesia,USDC
317,0.7769977654692043,19946822961.00071,473,S2_panic_selling_defi,indonesia,USDC
318,0.7705061221621069,19448152386.975693,473,S2_panic_selling_defi,indonesia,USDC
319,0.7556549422251576,18961948577.3013,473,S2_panic_selling_defi,indonesia,USDC
320,0.7356851423569528,18487899862.86877,473,S2_panic_selling_defi,indonesia,USDC
321,0.7393110887959352,18025702366.29705,473,S2_panic_selling_defi,indonesia,USDC
322,0.7517979215572475,17575059807.13962,473,S2_panic_selling_defi,indonesia,USDC
323,0.7478305264095639,17135683311.961132,473,S2_panic_selling_defi,indonesia,USDC
324,0.7510820849988216,16707291229.162106,473,S2_panic_selling_defi,indonesia,USDC
325,0.7396232444386487,16289608948.433052,473,S2_panic_selling_defi,indonesia,USDC
326,0.7599465084095645,15882368724.722225,473,S2_panic_selling_defi,indonesia,USDC
327,0.7430865812344835,15485309506.604172,473,S2_panic_selling_defi,indonesia,USDC
328,0.7622123180911775,15098176768.939068,473,S2_panic_selling_defi,indonesia,USDC
329,0.7625158398756655,14720722349.715588,473,S2_panic_selling_defi,indonesia,USDC
330,0.7509472341319046,14352704290.9727,473,S2_panic_selling_defi,indonesia,USDC
331,0.7599242403565871,13993886683.698381,473,S2_panic_selling_defi,indonesia,USDC
332,0.7223993409236398,13644039516.605923,473,S2_panic_selling_defi,indonesia,USDC
333,0.7406942101713102,13302938528.690773,473,S2_panic_selling_defi,indonesia,USDC
334,0.7434058732484929,12970365065.473505,473,S2_panic_selling_defi,indonesia,USDC
335,0.7747822227665482,12646105938.836666,473,S2_panic_selling_defi,indonesia,USDC
336,0.7723913748423392,12329953290.36575,473,S2_panic_selling_defi,indonesia,USDC
337,0.7795616969861702,12021704458.106606,473,S2_panic_selling_defi,indonesia,USDC
338,0.7859695147451244,11721161846.653942,473,S2_panic_selling_defi,indonesia,USDC
339,0.7882813600340216,11428132800.487595,473,S2_panic_selling_defi,indonesia,USDC
340,0.7993401247687887,11142429480.475405,473,S2_panic_selling_defi,indonesia,USDC
341,0.7956213516364075,10863868743.463518,473,S2_panic_selling_defi,indonesia,USDC
342,0.8011705097246754,10592272024.87693,473,S2_panic_selling_defi,indonesia,USDC
343,0.8297192137467281,10327465224.255007,473,S2_panic_selling_defi,indonesia,USDC
344,0.8219640322155369,10069278593.648632,473,S2_panic_selling_defi,indonesia,USDC
345,0.8369597362330847,9817546628.807417,473,S2_panic_selling_defi,indonesia,USDC
346,0.8033817937927742,9572107963.08723,473,S2_panic_selling_defi,indonesia,USDC
347,0.8069906408673597,9332805264.01005,473,S2_panic_selling_defi,indonesia,USDC
348,0.8113635270690045,9099485132.4098,473,S2_panic_selling_defi,indonesia,USDC
349,0.8154875813319336,8871998004.099554,473,S2_panic_selling_defi,indonesia,USDC
350,0.805800408248326,8650198053.997065,473,S2_panic_selling_defi,indonesia,USDC
351,0.8111033018442502,8433943102.647138,473,S2_panic_selling_defi,indonesia,USDC
352,0.8021657828389903,8223094525.08096,473,S2_panic_selling_defi,indonesia,USDC
353,0.8262713106963321,8017517161.953937,473,S2_panic_selling_defi,indonesia,USDC
354,0.8242937281593481,7817079232.905088,473,S2_panic_selling_defi,indonesia,USDC
355,0.7991682906982138,7621652252.082461,473,S2_panic_selling_defi,indonesia,USDC
356,0.8156420792358282,7431110945.780399,473,S2_panic_selling_defi,indonesia,USDC
357,0.806059514342627,7245333172.135889,473,S2_panic_selling_defi,indonesia,USDC
358,0.8237492137456894,7064199842.832492,473,S2_panic_selling_defi,indonesia,USDC
359,0.8188523578256559,6887594846.76168,473,S2_panic_selling_defi,indonesia,USDC
360,0.8092074334784287,6715404975.592638,473,S2_panic_selling_defi,indonesia,USDC
361,0.7987481679141906,6547519851.202822,473,S2_panic_selling_defi,indonesia,USDC
362,0.7749668640717061,6383831854.92275,473,S2_panic_selling_defi,indonesia,USDC
363,0.7747977678795234,6224236058.549683,473,S2_panic_selling_defi,indonesia,USDC
364,0.7701432229853209,6068630157.08594,473,S2_panic_selling_defi,indonesia,USDC
365,0.7562956238426976,5916914403.1587925,473,S2_panic_selling_defi,indonesia,USDC
366,0.7746761887308099,5768991543.079822,473,S2_panic_selling_defi,indonesia,USDC
367,0.7819995886978127,5624766754.502827,473,S2_panic_selling_defi,indonesia,USDC
368,0.7976113984024373,5484147585.640256,473,S2_panic_selling_defi,indonesia,USDC
369,0.8105054899864802,5347043895.999249,473,S2_panic_selling_defi,indonesia,USDC
370,0.8178822313705105,5213367798.599268,473,S2_panic_selling_defi,indonesia,USDC
371,0.8133231581555965,5083033603.634287,473,S2_panic_selling_defi,indonesia,USDC
372,0.8107478087267121,4955957763.543429,473,S2_panic_selling_defi,indonesia,USDC
373,0.8181336140653394,4832058819.4548435,473,S2_panic_selling_defi,indonesia,USDC
374,0.8033221021015441,4711257348.9684725,473,S2_panic_selling_defi,indonesia,USDC
375,0.802317948229442,4593475915.244261,473,S2_panic_selling_defi,indonesia,USDC
376,0.783072062541561,4478639017.363154,473,S2_panic_selling_defi,indonesia,USDC
377,0.7993219097545934,4366673041.929075,473,S2_panic_selling_defi,indonesia,USDC
378,0.7959356758891488,4257506215.880849,473,S2_panic_selling_defi,indonesia,USDC
379,0.7818757307899996,4151068560.483827,473,S2_panic_selling_defi,indonesia,USDC
380,0.7828896588522963,4047291846.4717317,473,S2_panic_selling_defi,indonesia,USDC
381,0.7609843350823262,3946109550.3099384,473,S2_panic_selling_defi,indonesia,USDC
382,0.754936050810463,3847456811.55219,473,S2_panic_selling_defi,indonesia,USDC
383,0.7417185098111015,3751270391.263385,473,S2_panic_selling_defi,indonesia,USDC
384,0.7454338899682088,3657488631.481801,473,S2_panic_selling_defi,indonesia,USDC
385,0.6381609656400234,3566051415.6947556,473,S2_panic_selling_defi,indonesia,USDC
386,0.6630452247343146,3476900130.3023868,473,S2_panic_selling_defi,indonesia,USDC
387,0.6833721187648668,3389977627.044827,473,S2_panic_selling_defi,indonesia,USDC
388,0.6836944226385937,3305228186.3687067,473,S2_panic_selling_defi,indonesia,USDC
389,0.681459101658151,3222597481.709489,473,S2_panic_selling_defi,indonesia,USDC
390,0.6953920555767009,3142032544.666752,473,S2_panic_selling_defi,indonesia,USDC
391,0.6526316723128355,3063481731.0500827,473,S2_panic_selling_defi,indonesia,USDC
392,0.6597414264928365,2986894687.773831,473,S2_panic_selling_defi,indonesia,USDC
393,0.6622958495989636,2912222320.579485,473,S2_panic_selling_defi,indonesia,USDC
394,0.6819262907932215,2839416762.5649977,473,S2_panic_selling_defi,indonesia,USDC
395,0.7157717047894253,2768431343.5008726,473,S2_panic_selling_defi,indonesia,USDC
396,0.70959905341117,2699220559.913351,473,S2_panic_selling_defi,indonesia,USDC
397,0.7076274610418328,2631740045.9155173,473,S2_panic_selling_defi,indonesia,USDC
398,0.7245210936575557,2565946544.7676296,473,S2_panic_selling_defi,indonesia,USDC
399,0.7581002203715692,2501797881.1484385,473,S2_panic_selling_defi,indonesia,USDC
400,0.7510158408065655,2439252934.1197276,473,S2_panic_selling_defi,indonesia,USDC
401,0.7407366682257736,2378271610.7667346,473,S2_panic_selling_defi,indonesia,USDC
402,0.7380386174082545,2318814820.4975657,473,S2_panic_selling_defi,indonesia,USDC
403,0.7205645943894056,2260844449.985127,473,S2_panic_selling_defi,indonesia,USDC
404,0.7341010913329872,2204323338.7354984,473,S2_panic_selling_defi,indonesia,USDC
405,0.7231853066687698,2149215255.2671113,473,S2_panic_selling_defi,indonesia,USDC
406,0.7412099656341348,2095484873.8854332,473,S2_panic_selling_defi,indonesia,USDC
407,0.774111099645198,2043097752.0382977,473,S2_panic_selling_defi,indonesia,USDC
408,0.778011102086479,1992020308.2373405,473,S2_panic_selling_defi,indonesia,USDC
409,0.7774423101913106,1942219800.5314066,473,S2_panic_selling_defi,indonesia,USDC
410,0.7917760623408705,1893664305.5181215,473,S2_panic_selling_defi,indonesia,USDC
411,0.7778575021665051,1846322697.8801684,473,S2_panic_selling_defi,indonesia,USDC
412,0.769193657454794,1800164630.4331646,473,S2_panic_selling_defi,indonesia,USDC
413,0.7682804313731899,1755160514.6723351,473,S2_panic_selling_defi,indonesia,USDC
414,0.7713052930435726,1711281501.805527,473,S2_panic_selling_defi,indonesia,USDC
415,0.7846529944257322,1668499464.2603889,473,S2_panic_selling_defi,indonesia,USDC
416,0.8103495987337458,1626786977.6538792,473,S2_panic_selling_defi,indonesia,USDC
417,0.7959441132673764,1586117303.212532,473,S2_panic_selling_defi,indonesia,USDC
418,0.7882098423637436,1546464370.6322188,473,S2_panic_selling_defi,indonesia,USDC
419,0.7963535470831336,1507802761.3664134,473,S2_panic_selling_defi,indonesia,USDC
420,0.7913634725070711,1470107692.332253,473,S2_panic_selling_defi,indonesia,USDC
421,0.8011654236118769,1433355000.0239468,473,S2_panic_selling_defi,indonesia,USDC
422,0.7909280481882192,1397521125.023348,473,S2_panic_selling_defi,indonesia,USDC
423,0.7894001204402742,1362583096.8977642,473,S2_panic_selling_defi,indonesia,USDC
424,0.7883929578796028,1328518519.47532,473,S2_panic_selling_defi,indonesia,USDC
425,0.7925628030875264,1295305556.4884372,473,S2_panic_selling_defi,indonesia,USDC
426,0.8057025681245605,1262922917.5762262,473,S2_panic_selling_defi,indonesia,USDC
427,0.7974537843167658,1231349844.6368208,473,S2_panic_selling_defi,indonesia,USDC
428,0.7864931476708497,1200566098.5209,473,S2_panic_selling_defi,indonesia,USDC
429,0.7787236997317397,1170551946.0578775,473,S2_panic_selling_defi,indonesia,USDC
430,0.7849090840026028,1141288147.4064307,473,S2_panic_selling_defi,indonesia,USDC
431,0.7998602598366973,1112755943.7212698,473,S2_panic_selling_defi,indonesia,USDC
432,0.7813852760690696,1084937045.1282382,473,S2_panic_selling_defi,indonesia,USDC
433,0.771379301018875,1057813619.0000322,473,S2_panic_selling_defi,indonesia,USDC
434,0.7589939774369376,1031368278.5250314,473,S2_panic_selling_defi,indonesia,USDC
435,0.7747182912628539,1005584071.5619056,473,S2_panic_selling_defi,indonesia,USDC
436,0.7734596153197177,980444469.7728579,473,S2_panic_selling_defi,indonesia,USDC
437,0.7802134317370548,955933358.0285366,473,S2_panic_selling_defi,indonesia,USDC
438,0.7667167530907685,932035024.0778232,473,S2_panic_selling_defi,indonesia,USDC
439,0.7690949587920702,908734148.4758775,473,S2_panic_selling_defi,indonesia,USDC
440,0.7740929975287414,886015794.7639807,473,S2_panic_selling_defi,indonesia,USDC
441,0.7759249614983512,863865399.8948811,473,S2_panic_selling_defi,indonesia,USDC
442,0.778277728773221,842268764.8975092,473,S2_panic_selling_defi,indonesia,USDC
443,0.7902410147302688,821212045.7750714,473,S2_panic_selling_defi,indonesia,USDC
444,0.8030637840431887,800681744.6306946,473,S2_panic_selling_defi,indonesia,USDC
445,0.7991138304917214,780664701.0149271,473,S2_panic_selling_defi,indonesia,USDC
446,0.794998068511795,761148083.489554,473,S2_panic_selling_defi,indonesia,USDC
447,0.8084988995831003,742119381.4023151,473,S2_panic_selling_defi,indonesia,USDC
448,0.8253517707406997,723566396.8672574,473,S2_panic_selling_defi,indonesia,USDC
449,0.8248615397204149,705477236.9455758,473,S2_panic_selling_defi,indonesia,USDC
450,0.8065731306153684,687840306.0219364,473,S2_panic_selling_defi,indonesia,USDC
451,0.8168892864060768,670644298.371388,473,S2_panic_selling_defi,indonesia,USDC
452,0.8150713524266366,653878190.9121033,473,S2_panic_selling_defi,indonesia,USDC
453,0.833080793305348,637531236.1393007,473,S2_panic_selling_defi,indonesia,USDC
454,0.8464062917256712,621592955.2358181,473,S2_panic_selling_defi,indonesia,USDC
455,0.8402519993376745,606053131.3549228,473,S2_panic_selling_defi,indonesia,USDC
456,0.8422907429467258,590901803.0710497,473,S2_panic_selling_defi,indonesia,USDC
457,0.8413068316882388,576129257.9942734,473,S2_panic_selling_defi,indonesia,USDC
458,0.848369228778479,561726026.5444167,473,S2_panic_selling_defi,indonesia,USDC
459,0.8308678798622389,547682875.8808062,473,S2_panic_selling_defi,indonesia,USDC
460,0.8184942311979104,533990803.983786,473,S2_panic_selling_defi,indonesia,USDC
461,0.8278140626132497,520641033.88419133,473,S2_panic_selling_defi,indonesia,USDC
462,0.8168922663178196,507625008.0370866,473,S2_panic_selling_defi,indonesia,USDC
463,0.8498986151016023,494934382.83615947,473,S2_panic_selling_defi,indonesia,USDC
464,0.8683751858031071,482561023.26525545,473,S2_panic_selling_defi,indonesia,USDC
465,0.7886938285855638,470496997.68362415,473,S2_panic_selling_defi,indonesia,USDC
466,0.8012811897031252,458734572.7415335,473,S2_panic_selling_defi,indonesia,USDC
467,0.7998474810673599,447266208.4229952,473,S2_panic_selling_defi,indonesia,USDC
468,0.8068354173683695,436084553.2124202,473,S2_panic_selling_defi,indonesia,USDC
469,0.7948088106815734,425182439.38210976,473,S2_panic_selling_defi,indonesia,USDC
470,0.7922494054194635,414552878.397557,473,S2_panic_selling_defi,indonesia,USDC
471,0.795072204791503,404189056.43761814,473,S2_panic_selling_defi,indonesia,USDC
472,0.695927309655296,394084330.0266777,473,S2_panic_selling_defi,indonesia,USDC
473,0.7098615346866378,384232221.77601075,473,S2_panic_selling_defi,indonesia,USDC
474,0.7295918869670249,374626416.2316105,473,S2_panic_selling_defi,indonesia,USDC
475,0.7342458208612187,365260755.8258202,473,S2_panic_selling_defi,indonesia,USDC
476,0.7334718151114424,356129236.9301747,473,S2_panic_selling_defi,indonesia,USDC
477,0.7505238506426257,347226006.00692034,473,S2_panic_selling_defi,indonesia,USDC
478,0.7557142907087756,338545355.8567473,473,S2_panic_selling_defi,indonesia,USDC
479,0.8079773869120104,330081721.96032864,473,S2_panic_selling_defi,indonesia,USDC
480,0.8232124826175075,321829678.91132045,473,S2_panic_selling_defi,indonesia,USDC
481,0.8168026962767638,313783936.9385374,473,S2_panic_selling_defi,indonesia,USDC
482,0.8080595442670412,305939338.515074,473,S2_panic_selling_defi,indonesia,USDC
483,0.7992206830390286,298290855.05219716,473,S2_panic_selling_defi,indonesia,USDC
484,0.7994968674865817,290833583.6758922,473,S2_panic_selling_defi,indonesia,USDC
485,0.787803216744569,283562744.08399487,473,S2_panic_selling_defi,indonesia,USDC
486,0.7759405876579821,276473675.481895,473,S2_panic_selling_defi,indonesia,USDC
487,0.7907404826552143,269561833.5948477,473,S2_panic_selling_defi,indonesia,USDC
488,0.7875729989938244,262822787.75497645,473,S2_panic_selling_defi,indonesia,USDC
489,0.7739274350269639,256252218.06110206,473,S2_panic_selling_defi,indonesia,USDC
490,0.7686559628279444,249845912.6095745,473,S2_panic_selling_defi,indonesia,USDC
491,0.7703950475633011,243599764.79433513,473,S2_panic_selling_defi,indonesia,USDC
492,0.7517690315452495,237509770.67447677,473,S2_panic_selling_defi,indonesia,USDC
493,0.7517657768185056,231572026.40761483,473,S2_panic_selling_defi,indonesia,USDC
494,0.7542440232884791,225782725.74742445,473,S2_panic_selling_defi,indonesia,USDC
495,0.7754303826989418,220138157.60373884,473,S2_panic_selling_defi,indonesia,USDC
496,0.7798044729507937,214634703.6636454,473,S2_panic_selling_defi,indonesia,USDC
497,0.7809239131098757,209268836.07205424,473,S2_panic_selling_defi,indonesia,USDC
498,0.7602485546736043,204037115.17025286,473,S2_panic_selling_defi,indonesia,USDC
499,0.7454942079531269,198936187.29099655,473,S2_panic_selling_defi,indonesia,USDC
500,0.7476817210543395,193962782.60872164,473,S2_panic_selling_defi,indonesia,USDC
501,0.7488926385932912,189113713.04350358,473,S2_panic_selling_defi,indonesia,USDC
502,0.7627580324315147,184385870.217416,473,S2_panic_selling_defi,indonesia,USDC
503,0.7484101010920562,179776223.46198058,473,S2_panic_selling_defi,indonesia,USDC
504,0.7486721899716265,175281817.87543106,473,S2_panic_selling_defi,indonesia,USDC
505,0.7454645183662902,170899772.4285453,473,S2_panic_selling_defi,indonesia,USDC
506,0.7453612906526265,166627278.11783165,473,S2_panic_selling_defi,indonesia,USDC
507,0.7573757932815596,162461596.16488588,473,S2_panic_selling_defi,indonesia,USDC
508,0.7867410424175212,158400056.26076373,473,S2_panic_selling_defi,indonesia,USDC
509,0.7895564464647127,154440054.85424462,473,S2_panic_selling_defi,indonesia,USDC
510,0.736365942691542,150579053.48288852,473,S2_panic_selling_defi,indonesia,USDC
511,0.7397331649602261,146814577.1458163,473,S2_panic_selling_defi,indonesia,USDC
512,0.7465735384717812,143144212.7171709,473,S2_panic_selling_defi,indonesia,USDC
513,0.7457357154456504,139565607.39924163,473,S2_panic_selling_defi,indonesia,USDC
514,0.7772495326786422,136076467.21426058,473,S2_panic_selling_defi,indonesia,USDC
515,0.769767848732975,132674555.53390408,473,S2_panic_selling_defi,indonesia,USDC
516,0.7834356934287712,129357691.64555646,473,S2_panic_selling_defi,indonesia,USDC
517,0.7872789501288124,126123749.35441756,473,S2_panic_selling_defi,indonesia,USDC
518,0.7903353598982035,122970655.62055711,473,S2_panic_selling_defi,indonesia,USDC
519,0.8029525042124296,119896389.2300432,473,S2_panic_selling_defi,indonesia,USDC
520,0.8113250411086099,116898979.4992921,473,S2_panic_selling_defi,indonesia,USDC
521,0.8306836325862894,113976505.0118098,473,S2_panic_selling_defi,indonesia,USDC
522,0.818763627694927,111127092.38651457,473,S2_panic_selling_defi,indonesia,USDC
523,0.8126618639949135,108348915.0768517,473,S2_panic_selling_defi,indonesia,USDC
524,0.8403456382714053,105640192.1999304,473,S2_panic_selling_defi,indonesia,USDC
525,0.8230490127273884,102999187.39493212,473,S2_panic_selling_defi,indonesia,USDC
526,0.7745217875779565,100424207.71005882,473,S2_panic_selling_defi,indonesia,USDC
527,0.7590503746506431,97913602.51730736,473,S2_panic_selling_defi,indonesia,USDC
528,0.7647278587999433,95465762.45437467,473,S2_panic_selling_defi,indonesia,USDC
529,0.7868548482876649,93079118.3930153,473,S2_panic_selling_defi,indonesia,USDC
530,0.7777167234155923,90752140.43318993,473,S2_panic_selling_defi,indonesia,USDC
531,0.7684607492825586,88483336.92236018,473,S2_panic_selling_defi,indonesia,USDC
532,0.767600902175213,86271253.49930117,473,S2_panic_selling_defi,indonesia,USDC
533,0.7511875367389438,84114472.16181864,473,S2_panic_selling_defi,indonesia,USDC
534,0.7746240747685327,82011610.35777317,473,S2_panic_selling_defi,indonesia,USDC
535,0.7804589211534658,79961320.09882884,473,S2_panic_selling_defi,indonesia,USDC
536,0.7992706347932352,77962287.09635812,473,S2_panic_selling_defi,indonesia,USDC
537,0.7889545399810579,76013229.91894916,473,S2_panic_selling_defi,indonesia,USDC
538,0.7775266963098234,74112899.17097543,473,S2_panic_selling_defi,indonesia,USDC
539,0.7526410020735941,72260076.69170104,473,S2_panic_selling_defi,indonesia,USDC
540,0.7673485764451442,70453574.77440852,473,S2_panic_selling_defi,indonesia,USDC
541,0.7638331971795616,68692235.40504831,473,S2_panic_selling_defi,indonesia,USDC
542,0.742040722868579,66974929.51992209,473,S2_panic_selling_defi,indonesia,USDC
543,0.7641692293750834,65300556.28192405,473,S2_panic_selling_defi,indonesia,USDC
544,0.7507276398788725,63668042.37487594,473,S2_panic_selling_defi,indonesia,USDC
545,0.7738350668146367,62076341.315504044,473,S2_panic_selling_defi,indonesia,USDC
546,0.7696282422233974,60524432.782616444,473,S2_panic_selling_defi,indonesia,USDC
547,0.791666926764278,59011321.96305103,473,S2_panic_selling_defi,indonesia,USDC
548,0.7776635510104247,57536038.91397476,473,S2_panic_selling_defi,indonesia,USDC
549,0.7767308761714987,56097637.941125385,473,S2_panic_selling_defi,indonesia,USDC
550,0.8095137633075008,54695196.99259725,473,S2_panic_selling_defi,indonesia,USDC
551,0.8063357675723384,53327817.06778233,473,S2_panic_selling_defi,indonesia,USDC
552,0.8216072983760746,51994621.64108777,473,S2_panic_selling_defi,indonesia,USDC
553,0.8275000373924102,50694756.100060575,473,S2_panic_selling_defi,indonesia,USDC
554,0.8450744663465417,49427387.19755906,473,S2_panic_selling_defi,indonesia,USDC
555,0.8402910121776479,48191702.51762008,473,S2_panic_selling_defi,indonesia,USDC
556,0.8305668455813838,46986909.95467958,473,S2_panic_selling_defi,indonesia,USDC
557,0.8345530540935167,45812237.20581259,473,S2_panic_selling_defi,indonesia,USDC
558,0.8236873289770104,44666931.27566727,473,S2_panic_selling_defi,indonesia,USDC
559,0.8361067557564323,43550257.99377559,473,S2_panic_selling_defi,indonesia,USDC
560,0.8206553191633075,42461501.5439312,473,S2_panic_selling_defi,indonesia,USDC
561,0.8283348254658304,41399964.005332924,473,S2_panic_selling_defi,indonesia,USDC
562,0.8256269632233109,40364964.9051996,473,S2_panic_selling_defi,indonesia,USDC
563,0.8257443700651426,39355840.78256961,473,S2_panic_selling_defi,indonesia,USDC
564,0.8415128415336757,38371944.76300537,473,S2_panic_selling_defi,indonesia,USDC
565,0.8353073868787094,37412646.14393023,473,S2_panic_selling_defi,indonesia,USDC
566,0.8065757481261704,36477329.99033198,473,S2_panic_selling_defi,indonesia,USDC
567,0.8037612379118098,35565396.740573674,473,S2_panic_selling_defi,indonesia,USDC
568,0.8313775191239111,34676261.82205933,473,S2_panic_selling_defi,indonesia,USDC
569,0.8363560430574289,33809355.27650785,473,S2_panic_selling_defi,indonesia,USDC
570,0.823220388779088,32964121.394595154,473,S2_panic_selling_defi,indonesia,USDC
571,0.8264495034098418,32140018.359730273,473,S2_panic_selling_defi,indonesia,USDC
572,0.8333570762509651,31336517.900737017,473,S2_panic_selling_defi,indonesia,USDC
573,0.8378341501743156,30553104.95321859,473,S2_panic_selling_defi,indonesia,USDC
574,0.8323848081497539,29789277.329388127,473,S2_panic_selling_defi,indonesia,USDC
575,0.8255788010872425,29044545.39615342,473,S2_panic_selling_defi,indonesia,USDC
576,0.8100041804206911,28318431.761249587,473,S2_panic_selling_defi,indonesia,USDC
577,0.8086514824055636,27610470.967218343,473,S2_panic_selling_defi,indonesia,USDC
578,0.8212462564510606,26920209.19303789,473,S2_panic_selling_defi,indonesia,USDC
579,0.8078075001400971,26247203.96321194,473,S2_panic_selling_defi,indonesia,USDC
580,0.789352264818555,25591023.864131644,473,S2_panic_selling_defi,indonesia,USDC
581,0.7746020010707488,24951248.26752835,473,S2_panic_selling_defi,indonesia,USDC
582,0.7626368476884714,24327467.06084014,473,S2_panic_selling_defi,indonesia,USDC
583,0.7665443767463103,23719280.384319138,473,S2_panic_selling_defi,indonesia,USDC
584,0.7489593262406566,23126298.37471116,473,S2_panic_selling_defi,indonesia,USDC
585,0.7633483077277983,22548140.91534338,473,S2_panic_selling_defi,indonesia,USDC
586,0.7627957134856881,21984437.3924598,473,S2_panic_selling_defi,indonesia,USDC
587,0.77478034909147,21434826.457648303,473,S2_panic_selling_defi,indonesia,USDC
588,0.7605601523988381,20898955.796207093,473,S2_panic_selling_defi,indonesia,USDC
589,0.7369263101839356,20376481.901301917,473,S2_panic_selling_defi,indonesia,USDC
590,0.7508632949378498,19867069.85376937,473,S2_panic_selling_defi,indonesia,USDC
591,0.7535439698227244,19370393.107425135,473,S2_panic_selling_defi,indonesia,USDC
592,0.7590425546851234,18886133.279739507,473,S2_panic_selling_defi,indonesia,USDC
593,0.7787585448814034,18413979.94774602,473,S2_panic_selling_defi,indonesia,USDC
594,0.8008131764526415,17953630.449052367,473,S2_panic_selling_defi,indonesia,USDC
595,0.7954328826156711,17504789.68782606,473,S2_panic_selling_defi,indonesia,USDC
596,0.7798274810510663,17067169.94563041,473,S2_panic_selling_defi,indonesia,USDC
597,0.7900272461761951,16640490.696989648,473,S2_panic_selling_defi,indonesia,USDC
598,0.810010629024431,16224478.429564908,473,S2_panic_selling_defi,indonesia,USDC
599,0.7887376016676576,15818866.468825784,473,S2_panic_selling_defi,indonesia,USDC
600,0.7304591818021775,15423394.807105143,473,S2_panic_selling_defi,indonesia,USDC
601,0.7312434210883585,15037809.936927512,473,S2_panic_selling_defi,indonesia,USDC
602,0.7448565039749758,14661864.688504325,473,S2_panic_selling_defi,indonesia,USDC
603,0.7691905744680233,14295318.071291715,473,S2_panic_selling_defi,indonesia,USDC
604,0.7588753428376593,13937935.119509425,473,S2_panic_selling_defi,indonesia,USDC
605,0.7447604973313308,13589486.74152169,473,S2_panic_selling_defi,indonesia,USDC
606,0.7468775207895001,13249749.572983649,473,S2_panic_selling_defi,indonesia,USDC
607,0.7762839912211096,12918505.833659057,473,S2_panic_selling_defi,indonesia,USDC
608,0.7818141462626605,12595543.187817581,473,S2_panic_selling_defi,indonesia,USDC
609,0.7649462386750231,12280654.60812214,473,S2_panic_selling_defi,indonesia,USDC
610,0.7630411893409779,11973638.242919087,473,S2_panic_selling_defi,indonesia,USDC
611,0.7786720141035861,11674297.28684611,473,S2_panic_selling_defi,indonesia,USDC
612,0.7726992257186976,11382439.854674958,473,S2_panic_selling_defi,indonesia,USDC
613,0.8066315252835513,11097878.858308082,473,S2_panic_selling_defi,indonesia,USDC
614,0.8255562385677477,10820431.88685038,473,S2_panic_selling_defi,indonesia,USDC
615,0.7967913921382257,10549921.08967912,473,S2_panic_selling_defi,indonesia,USDC
616,0.8133238673225325,10286173.062437143,473,S2_panic_selling_defi,indonesia,USDC
617,0.7949912472101446,10029018.735876214,473,S2_panic_selling_defi,indonesia,USDC
618,0.7994271354372677,9778293.26747931,473,S2_panic_selling_defi,indonesia,USDC
619,0.8041322587685726,9533835.935792327,473,S2_panic_selling_defi,indonesia,USDC
620,0.8059431445348437,9295490.037397519,473,S2_panic_selling_defi,indonesia,USDC
621,0.8181412943637068,9063102.786462583,473,S2_panic_selling_defi,indonesia,USDC
622,0.8394395235211171,8836525.216801018,473,S2_panic_selling_defi,indonesia,USDC
623,0.8364061105524109,8615612.086380992,473,S2_panic_selling_defi,indonesia,USDC
624,0.8285237160459873,8400221.784221467,473,S2_panic_selling_defi,indonesia,USDC
625,0.8477338563499676,8190216.23961593,473,S2_panic_selling_defi,indonesia,USDC
626,0.8605288524998986,7985460.833625532,473,S2_panic_selling_defi,indonesia,USDC
627,0.8614175672035101,7785824.312784893,473,S2_panic_selling_defi,indonesia,USDC
628,0.8506268516242852,7591178.704965271,473,S2_panic_selling_defi,indonesia,USDC
629,0.8365278465415137,7401399.237341139,473,S2_panic_selling_defi,indonesia,USDC
630,0.8229055418812662,7216364.256407611,473,S2_panic_selling_defi,indonesia,USDC
631,0.8279278052785042,7035955.149997421,473,S2_panic_selling_defi,indonesia,USDC
632,0.8218584494918935,6860056.271247486,473,S2_panic_selling_defi,indonesia,USDC
633,0.8063707207008741,6688554.864466298,473,S2_panic_selling_defi,indonesia,USDC
634,0.8044821222734919,6521340.992854641,473,S2_panic_selling_defi,indonesia,USDC
635,0.8249799447709576,6358307.468033275,473,S2_panic_selling_defi,indonesia,USDC
636,0.8287428329284705,6199349.7813324435,473,S2_panic_selling_defi,indonesia,USDC
637,0.8436471510187571,6044366.036799132,473,S2_panic_selling_defi,indonesia,USDC
638,0.8443240536897199,5893256.885879153,473,S2_panic_selling_defi,indonesia,USDC
639,0.8576343923430095,5745925.4637321755,473,S2_panic_selling_defi,indonesia,USDC
640,0.8474020523544288,5602277.327138871,473,S2_panic_selling_defi,indonesia,USDC
641,0.8228715811657211,5462220.393960399,473,S2_panic_selling_defi,indonesia,USDC
642,0.8204883211112892,5325664.8841113895,473,S2_panic_selling_defi,indonesia,USDC
643,0.8152988513157055,5192523.262008604,473,S2_panic_selling_defi,indonesia,USDC
644,0.7966719089317501,5062710.180458388,473,S2_panic_selling_defi,indonesia,USDC
645,0.7970439853981169,4936142.425946929,473,S2_panic_selling_defi,indonesia,USDC
646,0.7807987343212693,4812738.865298256,473,S2_panic_selling_defi,indonesia,USDC
647,0.8003905292086416,4692420.3936658,473,S2_panic_selling_defi,indonesia,USDC
648,0.784498088332871,4575109.883824155,473,S2_panic_selling_defi,indonesia,USDC
649,0.7997888386498009,4460732.136728551,473,S2_panic_selling_defi,indonesia,USDC
650,0.7945154322981336,4349213.833310337,473,S2_panic_selling_defi,indonesia,USDC
651,0.8027860288045027,4240483.487477579,473,S2_panic_selling_defi,indonesia,USDC
652,0.8081849914400946,4134471.400290639,473,S2_panic_selling_defi,indonesia,USDC
653,0.8226293291081784,4031109.615283373,473,S2_panic_selling_defi,indonesia,USDC
654,0.8151615421281145,3930331.874901289,473,S2_panic_selling_defi,indonesia,USDC
655,0.8277993588092506,3832073.578028757,473,S2_panic_selling_defi,indonesia,USDC
656,0.8272617659578204,3736271.7385780383,473,S2_panic_selling_defi,indonesia,USDC
657,0.838301402038444,3642864.945113587,473,S2_panic_selling_defi,indonesia,USDC
658,0.8333459671709152,3551793.3214857476,473,S2_panic_selling_defi,indonesia,USDC
659,0.8206745432942594,3462998.4884486035,473,S2_panic_selling_defi,indonesia,USDC
660,0.8143513663927132,3376423.526237388,473,S2_panic_selling_defi,indonesia,USDC
661,0.8017839853615474,3292012.9380814536,473,S2_panic_selling_defi,indonesia,USDC
662,0.8146771413997533,3209712.6146294177,473,S2_panic_selling_defi,indonesia,USDC
663,0.8187117969451282,3129469.799263682,473,S2_panic_selling_defi,indonesia,USDC
664,0.8418455565580878,3051233.05428209,473,S2_panic_selling_defi,indonesia,USDC
665,0.7903038031723849,2974952.227925038,473,S2_panic_selling_defi,indonesia,USDC
666,0.8001506412411626,2900578.422226912,473,S2_panic_selling_defi,indonesia,USDC
667,0.7847970185223812,2828063.9616712388,473,S2_panic_selling_defi,indonesia,USDC
668,0.7552229422447931,2757362.362629458,473,S2_panic_selling_defi,indonesia,USDC
669,0.775695207487478,2688428.3035637215,473,S2_panic_selling_defi,indonesia,USDC
670,0.7545719523426689,2621217.5959746283,473,S2_panic_selling_defi,indonesia,USDC
671,0.7738600796917636,2555687.1560752625,473,S2_panic_selling_defi,indonesia,USDC
672,0.7791663011305346,2491794.9771733815,473,S2_panic_selling_defi,indonesia,USDC
673,0.8206278244055604,2429500.1027440466,473,S2_panic_selling_defi,indonesia,USDC
674,0.8549527453210459,2368762.6001754454,473,S2_panic_selling_defi,indonesia,USDC
675,0.8449992997551887,2309543.5351710594,473,S2_panic_selling_defi,indonesia,USDC
676,0.8366239034377799,2251804.946791783,473,S2_panic_selling_defi,indonesia,USDC
677,0.7994411379235172,2195509.823121988,473,S2_panic_selling_defi,indonesia,USDC
678,0.7881503929205499,2140622.0775439385,473,S2_panic_selling_defi,indonesia,USDC
679,0.7799814724229983,2087106.52560534,473,S2_panic_selling_defi,indonesia,USDC
680,0.7671501164514497,2034928.8624652065,473,S2_panic_selling_defi,indonesia,USDC
681,0.7551732636182015,1984055.6409035763,473,S2_panic_selling_defi,indonesia,USDC
682,0.7462442506419354,1934454.2498809872,473,S2_panic_selling_defi,indonesia,USDC
683,0.7411010388519734,1886092.8936339624,473,S2_panic_selling_defi,indonesia,USDC
684,0.7547246369301622,1838940.5712931133,473,S2_panic_selling_defi,indonesia,USDC
685,0.7402153442568296,1792967.0570107854,473,S2_panic_selling_defi,indonesia,USDC
686,0.7659322212898793,1748142.8805855159,473,S2_panic_selling_defi,indonesia,USDC
687,0.7789796567392197,1704439.308570878,473,S2_panic_selling_defi,indonesia,USDC
688,0.7831399128342474,1661828.325856606,473,S2_panic_selling_defi,indonesia,USDC
689,0.8000024777187619,1620282.6177101908,473,S2_panic_selling_defi,indonesia,USDC
690,0.7800429471189035,1579775.5522674362,473,S2_panic_selling_defi,indonesia,USDC
691,0.7643194149719525,1540281.1634607501,473,S2_panic_selling_defi,indonesia,USDC
692,0.7875401715380881,1501774.1343742316,473,S2_panic_selling_defi,indonesia,USDC
693,0.7971000414705686,1464229.7810148757,473,S2_panic_selling_defi,indonesia,USDC
694,0.8015392120517641,1427624.036489504,473,S2_panic_selling_defi,indonesia,USDC
695,0.7813850443651087,1391933.4355772662,473,S2_panic_selling_defi,indonesia,USDC
696,0.7967231958096043,1357135.0996878345,473,S2_panic_selling_defi,indonesia,USDC
697,0.8259848760750367,1323206.7221956386,473,S2_panic_selling_defi,indonesia,USDC
698,0.8315372876621042,1290126.5541407475,473,S2_panic_selling_defi,indonesia,USDC
699,0.8518143958769996,1257873.3902872289,473,S2_panic_selling_defi,indonesia,USDC
700,0.8272014648769535,1226426.5555300482,473,S2_panic_selling_defi,indonesia,USDC
701,0.8085543249601376,1195765.891641797,473,S2_panic_selling_defi,indonesia,USDC
702,0.8267585530058222,1165871.744350752,473,S2_panic_selling_defi,indonesia,USDC
703,0.8532521521759852,1136724.9507419833,473,S2_panic_selling_defi,indonesia,USDC
704,0.8313329302262445,1108306.8269734336,473,S2_panic_selling_defi,indonesia,USDC
705,0.8211678583954507,1080599.156299098,473,S2_panic_selling_defi,indonesia,USDC
706,0.8247123370263378,1053584.1773916204,473,S2_panic_selling_defi,indonesia,USDC
707,0.8293601527163461,1027244.5729568299,473,S2_panic_selling_defi,indonesia,USDC
708,0.8512650241739179,1001563.4586329092,473,S2_panic_selling_defi,indonesia,USDC
709,0.8324200039409858,976524.3721670865,473,S2_panic_selling_defi,indonesia,USDC
710,0.841429792683774,952111.2628629091,473,S2_panic_selling_defi,indonesia,USDC
711,0.8339306575729126,928308.4812913365,473,S2_panic_selling_defi,indonesia,USDC
712,0.8361465470641394,905100.769259053,473,S2_panic_selling_defi,indonesia,USDC
713,0.8393199014456462,882473.2500275767,473,S2_panic_selling_defi,indonesia,USDC
714,0.8059780012637685,860411.4187768872,473,S2_panic_selling_defi,indonesia,USDC
715,0.7771780459725167,838901.1333074651,473,S2_panic_selling_defi,indonesia,USDC
716,0.7940496676292457,817928.6049747784,473,S2_panic_selling_defi,indonesia,USDC
717,0.7963342875484667,797480.389850409,473,S2_panic_selling_defi,indonesia,USDC
718,0.8075070851419622,777543.3801041488,473,S2_panic_selling_defi,indonesia,USDC
719,0.8050434831823005,758104.795601545,473,S2_panic_selling_defi,indonesia,USDC
720,0.7937280178615392,739152.1757115064,473,S2_panic_selling_defi,indonesia,USDC
721,0.7997553543485688,720673.3713187188,473,S2_panic_selling_defi,indonesia,USDC
722,0.8151340668542113,702656.5370357508,473,S2_panic_selling_defi,indonesia,USDC
723,0.8064873268743605,685090.123609857,473,S2_panic_selling_defi,indonesia,USDC
724,0.8152418298157219,667962.8705196106,473,S2_panic_selling_defi,indonesia,USDC
725,0.804363568898705,651263.7987566204,473,S2_panic_selling_defi,indonesia,USDC
726,0.8010388750588108,634982.2037877048,473,S2_panic_selling_defi,indonesia,USDC
727,0.800169672431095,619107.6486930123,473,S2_panic_selling_defi,indonesia,USDC
728,0.8056512884814901,603629.957475687,473,S2_panic_selling_defi,indonesia,USDC
729,0.7798599259655952,588539.2085387949,473,S2_panic_selling_defi,indonesia,USDC
730,0.7608799848102348,573825.728325325,473,S2_panic_selling_defi,indonesia,USDC
731,0.753712983918433,559480.0851171918,473,S2_panic_selling_defi,indonesia,USDC
732,0.7766644049270397,545493.0829892621,473,S2_panic_selling_defi,indonesia,USDC
733,0.7640756044507069,531855.7559145305,473,S2_panic_selling_defi,indonesia,USDC
734,0.7509885760468022,518559.36201666715,473,S2_panic_selling_defi,indonesia,USDC
735,0.748504922013199,505595.3779662505,473,S2_panic_selling_defi,indonesia,USDC
736,0.7320101773160622,492955.49351709423,473,S2_panic_selling_defi,indonesia,USDC
737,0.760235414435225,480631.6061791668,473,S2_panic_selling_defi,indonesia,USDC
738,0.7599708669995535,468615.8160246877,473,S2_panic_selling_defi,indonesia,USDC
739,0.747719614391887,456900.4206240705,473,S2_panic_selling_defi,indonesia,USDC
740,0.750643810257086,445477.9101084687,473,S2_panic_selling_defi,indonesia,USDC
741,0.7568930750323757,434340.962355757,473,S2_panic_selling_defi,indonesia,USDC
742,0.7673498115284897,423482.4382968631,473,S2_panic_selling_defi,indonesia,USDC
743,0.7798784008178508,412895.3773394415,473,S2_panic_selling_defi,indonesia,USDC
744,0.8118193155874921,402572.99290595547,473,S2_panic_selling_defi,indonesia,USDC
745,0.792550736824928,392508.66808330663,473,S2_panic_selling_defi,indonesia,USDC
746,0.781629377713377,382695.951381224,473,S2_panic_selling_defi,indonesia,USDC
747,0.7678717534186049,373128.55259669333,473,S2_panic_selling_defi,indonesia,USDC
748,0.7483605439157529,363800.338781776,473,S2_panic_selling_defi,indonesia,USDC
749,0.7540494946027118,354705.3303122316,473,S2_panic_selling_defi,indonesia,USDC
750,0.7553556493875628,345837.69705442584,473,S2_panic_selling_defi,indonesia,USDC
751,0.770882753786949,337191.75462806516,473,S2_panic_selling_defi,indonesia,USDC
752,0.7745615862978916,328761.9607623635,473,S2_panic_selling_defi,indonesia,USDC
753,0.7828041444607649,320542.91174330446,473,S2_panic_selling_defi,indonesia,USDC
754,0.7714765669022149,312529.33894972183,473,S2_panic_selling_defi,indonesia,USDC
755,0.7515915487887607,304716.10547597875,473,S2_panic_selling_defi,indonesia,USDC
756,0.7753612217255672,297098.2028390793,473,S2_panic_selling_defi,indonesia,USDC
757,0.7889019401825589,289670.74776810233,473,S2_panic_selling_defi,indonesia,USDC
758,0.7919892950967333,282428.97907389974,473,S2_panic_selling_defi,indonesia,USDC
759,0.7818077729080756,275368.2545970523,473,S2_panic_selling_defi,indonesia,USDC
760,0.7760943970049746,268484.04823212593,473,S2_panic_selling_defi,indonesia,USDC
761,0.7738269445576105,261771.94702632283,473,S2_panic_selling_defi,indonesia,USDC
762,0.7662539318971566,255227.64835066476,473,S2_panic_selling_defi,indonesia,USDC
763,0.749593388018757,248846.95714189814,473,S2_panic_selling_defi,indonesia,USDC
764,0.7701711444681989,242625.7832133507,473,S2_panic_selling_defi,indonesia,USDC
765,0.7918248245993247,236560.1386330169,473,S2_panic_selling_defi,indonesia,USDC
766,0.7927975228484038,230646.1351671915,473,S2_panic_selling_defi,indonesia,USDC
767,0.7900670397813611,224879.98178801168,473,S2_panic_selling_defi,indonesia,USDC
768,0.797906548801499,219257.98224331142,473,S2_panic_selling_defi,indonesia,USDC
769,0.8218351387906473,213776.53268722864,473,S2_panic_selling_defi,indonesia,USDC
770,0.8033344412144773,208432.1193700479,473,S2_panic_selling_defi,indonesia,USDC
771,0.7682548643405044,203221.3163857967,473,S2_panic_selling_defi,indonesia,USDC
772,0.7716401038217602,198140.7834761518,473,S2_panic_selling_defi,indonesia,USDC
773,0.760489061760742,193187.26388924796,473,S2_panic_selling_defi,indonesia,USDC
774,0.7501039336870524,188357.58229201677,473,S2_panic_selling_defi,indonesia,USDC
775,0.7652876843934183,183648.64273471636,473,S2_panic_selling_defi,indonesia,USDC
776,0.7787178287985694,179057.42666634844,473,S2_panic_selling_defi,indonesia,USDC
777,0.7687982549287111,174580.99099968973,473,S2_panic_selling_defi,indonesia,USDC
778,0.7811089534349435,170216.4662246975,473,S2_panic_selling_defi,indonesia,USDC
779,0.7854999744771113,165961.05456908006,473,S2_panic_selling_defi,indonesia,USDC
780,0.7731042915514666,161812.02820485306,473,S2_panic_selling_defi,indonesia,USDC
781,0.7604005878604461,157766.72749973176,473,S2_panic_selling_defi,indonesia,USDC
782,0.7553696562812889,153822.55931223845,473,S2_panic_selling_defi,indonesia,USDC
783,0.7515941720865387,149976.99532943248,473,S2_panic_selling_defi,indonesia,USDC
784,0.7351704190392956,146227.57044619668,473,S2_panic_selling_defi,indonesia,USDC
785,0.6815584424974047,142571.88118504174,473,S2_panic_selling_defi,indonesia,USDC
786,0.6957829247035047,139007.5841554157,473,S2_panic_selling_defi,indonesia,USDC
787,0.7063081780158236,135532.3945515303,473,S2_panic_selling_defi,indonesia,USDC
788,0.729344254580121,132144.08468774206,473,S2_panic_selling_defi,indonesia,USDC
789,0.7551703878070265,128840.48257054851,473,S2_panic_selling_defi,indonesia,USDC
790,0.7492400050035535,125619.4705062848,473,S2_panic_selling_defi,indonesia,USDC
791,0.7518848346881369,122478.98374362767,473,S2_panic_selling_defi,indonesia,USDC
792,0.7440923015460821,119417.00915003699,473,S2_panic_selling_defi,indonesia,USDC
793,0.7575255655978862,116431.58392128604,473,S2_panic_selling_defi,indonesia,USDC
794,0.7484640214369408,113520.79432325391,473,S2_panic_selling_defi,indonesia,USDC
795,0.7412913480888673,110682.77446517258,473,S2_panic_selling_defi,indonesia,USDC
796,0.725860982056599,107915.70510354325,473,S2_panic_selling_defi,indonesia,USDC
797,0.726309695932974,105217.81247595468,473,S2_panic_selling_defi,indonesia,USDC
798,0.7273030213699762,102587.3671640558,473,S2_panic_selling_defi,indonesia,USDC
799,0.7200282942321419,100022.6829849544,473,S2_panic_selling_defi,indonesia,USDC
800,0.7175643573080503,97522.11591033055,473,S2_panic_selling_defi,indonesia,USDC
801,0.657416552621969,95084.0630125723,473,S2_panic_selling_defi,indonesia,USDC
802,0.6682562949331777,92706.96143725798,473,S2_panic_selling_defi,indonesia,USDC
803,0.6599697081985613,90389.28740132652,473,S2_panic_selling_defi,indonesia,USDC
804,0.682529509783282,88129.55521629336,473,S2_panic_selling_defi,indonesia,USDC
805,0.6948472980677589,85926.31633588603,473,S2_panic_selling_defi,indonesia,USDC
806,0.7066299482073235,83778.15842748887,473,S2_panic_selling_defi,indonesia,USDC
807,0.7039512996067331,81683.70446680166,473,S2_panic_selling_defi,indonesia,USDC
808,0.6941466385259257,79641.61185513162,473,S2_panic_selling_defi,indonesia,USDC
809,0.721493891423814,77650.57155875332,473,S2_panic_selling_defi,indonesia,USDC
810,0.7142240551694465,75709.30726978449,473,S2_panic_selling_defi,indonesia,USDC
811,0.7214453339676011,73816.57458803988,473,S2_panic_selling_defi,indonesia,USDC
812,0.7276565387780474,71971.16022333887,473,S2_panic_selling_defi,indonesia,USDC
813,0.7430608516122355,70171.8812177554,473,S2_panic_selling_defi,indonesia,USDC
814,0.7605362873249524,68417.58418731151,473,S2_panic_selling_defi,indonesia,USDC
815,0.744570477673734,66707.14458262874,473,S2_panic_selling_defi,indonesia,USDC
816,0.7612811028875112,65039.465968063014,473,S2_panic_selling_defi,indonesia,USDC
817,0.7751549596924697,63413.47931886144,473,S2_panic_selling_defi,indonesia,USDC
818,0.7836751269581522,61828.1423358899,473,S2_panic_selling_defi,indonesia,USDC
819,0.7873372195917855,60282.43877749265,473,S2_panic_selling_defi,indonesia,USDC
820,0.7866772222654589,58775.377808055346,473,S2_panic_selling_defi,indonesia,USDC
821,0.8067601239052833,57305.99336285396,473,S2_panic_selling_defi,indonesia,USDC
822,0.8159615850060837,55873.3435287826,473,S2_panic_selling_defi,indonesia,USDC
823,0.791749666134904,54476.509940563046,473,S2_panic_selling_defi,indonesia,USDC
824,0.7942860812449424,53114.59719204897,473,S2_panic_selling_defi,indonesia,USDC
825,0.7672340606191944,51786.73226224774,473,S2_panic_selling_defi,indonesia,USDC
826,0.7586479347977417,50492.06395569154,473,S2_panic_selling_defi,indonesia,USDC
827,0.7653790823375767,49229.762356799256,473,S2_panic_selling_defi,indonesia,USDC
828,0.7931479303446596,47999.01829787927,473,S2_panic_selling_defi,indonesia,USDC
829,0.7976155915282788,46799.042840432296,473,S2_panic_selling_defi,indonesia,USDC
830,0.7895619846346033,45629.066769421486,473,S2_panic_selling_defi,indonesia,USDC
831,0.8141046360186365,44488.340100185946,473,S2_panic_selling_defi,indonesia,USDC
832,0.8413025154933091,43376.131597681306,473,S2_panic_selling_defi,indonesia,USDC
833,0.8731216188194127,42291.728307739264,473,S2_panic_selling_defi,indonesia,USDC
834,0.8739484800428889,41234.43510004578,473,S2_panic_selling_defi,indonesia,USDC
835,0.8390995903625837,40203.574222544645,473,S2_panic_selling_defi,indonesia,USDC
836,0.8492305762015357,39198.48486698103,473,S2_panic_selling_defi,indonesia,USDC
837,0.8492233969983313,38218.5227453065,473,S2_panic_selling_defi,indonesia,USDC
838,0.8195749632075433,37263.05967667384,473,S2_panic_selling_defi,indonesia,USDC
839,0.8071238129466689,36331.48318475699,473,S2_panic_selling_defi,indonesia,USDC
840,0.8213426211731806,35423.196105138064,473,S2_panic_selling_defi,indonesia,USDC
841,0.8466290136346875,34537.61620250961,473,S2_panic_selling_defi,indonesia,USDC
842,0.8364935179370674,33674.17579744687,473,S2_panic_selling_defi,indonesia,USDC
843,0.8371192534812286,32832.3214025107,473,S2_panic_selling_defi,indonesia,USDC
844,0.8290032228068378,32011.513367447933,473,S2_panic_selling_defi,indonesia,USDC
845,0.8479566321445092,31211.225533261735,473,S2_panic_selling_defi,indonesia,USDC
846,0.8430730058705062,30430.944894930195,473,S2_panic_selling_defi,indonesia,USDC
847,0.8453752315150773,29670.171272556938,473,S2_panic_selling_defi,indonesia,USDC
848,0.8395950882198057,28928.41699074302,473,S2_panic_selling_defi,indonesia,USDC
849,0.8211308442073544,28205.20656597444,473,S2_panic_selling_defi,indonesia,USDC
850,0.825549848641911,27500.076401825077,473,S2_panic_selling_defi,indonesia,USDC
851,0.8075194690263813,26812.57449177945,473,S2_panic_selling_defi,indonesia,USDC
852,0.805270751529822,26142.260129484966,473,S2_panic_selling_defi,indonesia,USDC
853,0.7891884211152181,25488.70362624784,473,S2_panic_selling_defi,indonesia,USDC
854,0.791521673669811,24851.486035591646,473,S2_panic_selling_defi,indonesia,USDC
855,0.8044906785383276,24230.198884701855,473,S2_panic_selling_defi,indonesia,USDC
856,0.8273287541034208,23624.443912584306,473,S2_panic_selling_defi,indonesia,USDC
857,0.8180308569593019,23033.8328147697,473,S2_panic_selling_defi,indonesia,USDC
858,0.8354894906317336,22457.986994400457,473,S2_panic_selling_defi,indonesia,USDC
859,0.82823464977815,21896.537319540446,473,S2_panic_selling_defi,indonesia,USDC
860,0.8338526357483695,21349.123886551937,473,S2_panic_selling_defi,indonesia,USDC
861,0.8317446296282159,20815.395789388138,473,S2_panic_selling_defi,indonesia,USDC
862,0.7906325991005155,20295.01089465343,473,S2_panic_selling_defi,indonesia,USDC
863,0.7855764669275277,19787.6356222871,473,S2_panic_selling_defi,indonesia,USDC
864,0.7631148656836458,19292.94473172992,473,S2_panic_selling_defi,indonesia,USDC
865,0.754949647527238,18810.62111343667,473,S2_panic_selling_defi,indonesia,USDC
866,0.7787833441615504,18340.355585600755,473,S2_panic_selling_defi,indonesia,USDC
867,0.7893441337543522,17881.846695960736,473,S2_panic_selling_defi,indonesia,USDC
868,0.7747858776193394,17434.80052856172,473,S2_panic_selling_defi,indonesia,USDC
869,0.7699458775148873,16998.930515347674,473,S2_panic_selling_defi,indonesia,USDC
870,0.7672623245405104,16573.95725246398,473,S2_panic_selling_defi,indonesia,USDC
871,0.7388721150318579,16159.608321152384,473,S2_panic_selling_defi,indonesia,USDC
872,0.7111406126963405,15755.618113123575,473,S2_panic_selling_defi,indonesia,USDC
873,0.7019313626727011,15361.727660295484,473,S2_panic_selling_defi,indonesia,USDC
874,0.7067084322365551,14977.684468788098,473,S2_panic_selling_defi,indonesia,USDC
875,0.7267278350445168,14603.242357068395,473,S2_panic_selling_defi,indonesia,USDC
876,0.7564115674638858,14238.161298141684,473,S2_panic_selling_defi,indonesia,USDC
877,0.7713220290249191,13882.207265688143,473,S2_panic_selling_defi,indonesia,USDC
878,0.7522480813301662,13535.15208404594,473,S2_panic_selling_defi,indonesia,USDC
879,0.7545089993569664,13196.773281944788,473,S2_panic_selling_defi,indonesia,USDC
880,0.7401059111679297,12866.853949896169,473,S2_panic_selling_defi,indonesia,USDC
881,0.7535642765087961,12545.182601148766,473,S2_panic_selling_defi,indonesia,USDC
882,0.7560915162601278,12231.553036120047,473,S2_panic_selling_defi,indonesia,USDC
883,0.7392406462173391,11925.764210217047,473,S2_panic_selling_defi,indonesia,USDC
884,0.7494771626477442,11627.62010496162,473,S2_panic_selling_defi,indonesia,USDC
885,0.7293180179217436,11336.92960233758,473,S2_panic_selling_defi,indonesia,USDC
886,0.7398645170020658,11053.506362279139,473,S2_panic_selling_defi,indonesia,USDC
887,0.7451479634891595,10777.16870322216,473,S2_panic_selling_defi,indonesia,USDC
888,0.7401689857882989,10507.739485641607,473,S2_panic_selling_defi,indonesia,USDC
889,0.730227858268862,10245.045998500567,473,S2_panic_selling_defi,indonesia,USDC
890,0.73104224889398,9988.919848538053,473,S2_panic_selling_defi,indonesia,USDC
891,0.7342075043466567,9739.196852324601,473,S2_panic_selling_defi,indonesia,USDC
892,0.7449698800210675,9495.716931016486,473,S2_panic_selling_defi,indonesia,USDC
893,0.75989632223999,9258.324007741076,473,S2_panic_selling_defi,indonesia,USDC
894,0.7627451559144708,9026.865907547548,473,S2_panic_selling_defi,indonesia,USDC
895,0.7736573203897544,8801.19425985886,473,S2_panic_selling_defi,indonesia,USDC
896,0.7742535616994873,8581.164403362389,473,S2_panic_selling_defi,indonesia,USDC
897,0.799066559618578,8366.635293278328,473,S2_panic_selling_defi,indonesia,USDC
898,0.8117832374462508,8157.469410946369,473,S2_panic_selling_defi,indonesia,USDC
899,0.7921581699912892,7953.532675672711,473,S2_panic_selling_defi,indonesia,USDC
900,0.7772502563943556,7754.694358780893,473,S2_panic_selling_defi,indonesia,USDC
901,0.7837218277605645,7560.82699981137,473,S2_panic_selling_defi,indonesia,USDC
902,0.7857606839639035,7371.806324816085,473,S2_panic_selling_defi,indonesia,USDC
903,0.7863746219504809,7187.511166695684,473,S2_panic_selling_defi,indonesia,USDC
904,0.7893483320005696,7007.823387528291,473,S2_panic_selling_defi,indonesia,USDC
905,0.7480059762872431,6832.627802840085,473,S2_panic_selling_defi,indonesia,USDC
906,0.7247561584984341,6661.812107769082,473,S2_panic_selling_defi,indonesia,USDC
907,0.7252179381830379,6495.266805074856,473,S2_panic_selling_defi,indonesia,USDC
908,0.7172195290689422,6332.885134947984,473,S2_panic_selling_defi,indonesia,USDC
909,0.7197055503240002,6174.563006574284,473,S2_panic_selling_defi,indonesia,USDC
910,0.7167262613742695,6020.198931409926,473,S2_panic_selling_defi,indonesia,USDC
911,0.7286946077197506,5869.693958124679,473,S2_panic_selling_defi,indonesia,USDC
912,0.7233753810739397,5722.951609171562,473,S2_panic_selling_defi,indonesia,USDC
913,0.7306413562968122,5579.877818942274,473,S2_panic_selling_defi,indonesia,USDC
914,0.727252420196119,5440.380873468716,473,S2_panic_selling_defi,indonesia,USDC
915,0.7280231722242247,5304.371351631999,473,S2_panic_selling_defi,indonesia,USDC
916,0.7159939900414111,5171.762067841199,473,S2_panic_selling_defi,indonesia,USDC
917,0.7339597182089409,5042.468016145169,473,S2_panic_selling_defi,indonesia,USDC
918,0.7491450868784478,4916.406315741539,473,S2_panic_selling_defi,indonesia,USDC
919,0.742892994840935,4793.4961578480015,473,S2_panic_selling_defi,indonesia,USDC
920,0.7493022086459198,4673.658753901801,473,S2_panic_selling_defi,indonesia,USDC
921,0.7605309995227372,4556.817285054256,473,S2_panic_selling_defi,indonesia,USDC
922,0.7681070358098365,4442.8968529279,473,S2_panic_selling_defi,indonesia,USDC
923,0.7372731776963654,4331.824431604702,473,S2_panic_selling_defi,indonesia,USDC
924,0.7119767981191184,4223.528820814585,473,S2_panic_selling_defi,indonesia,USDC
925,0.7128061430448799,4117.94060029422,473,S2_panic_selling_defi,indonesia,USDC
926,0.7299709799584503,4014.9920852868645,473,S2_panic_selling_defi,indonesia,USDC
927,0.7564284163483717,3914.617283154693,473,S2_panic_selling_defi,indonesia,USDC
928,0.7791852849698657,3816.7518510758255,473,S2_panic_selling_defi,indonesia,USDC
929,0.7846145700433582,3721.3330547989303,473,S2_panic_selling_defi,indonesia,USDC
930,0.7741696093346727,3628.2997284289577,473,S2_panic_selling_defi,indonesia,USDC
931,0.7522712046178979,3537.5922352182333,473,S2_panic_selling_defi,indonesia,USDC
932,0.7490316827151787,3449.1524293377774,473,S2_panic_selling_defi,indonesia,USDC
933,0.7377522467026074,3362.9236186043336,473,S2_panic_selling_defi,indonesia,USDC
934,0.7643556267936449,3278.8505281392245,473,S2_panic_selling_defi,indonesia,USDC
935,0.7831871521714752,3196.8792649357447,473,S2_panic_selling_defi,indonesia,USDC
936,0.7906768108402518,3116.9572833123502,473,S2_panic_selling_defi,indonesia,USDC
937,0.7880105902489063,3039.033351229542,473,S2_panic_selling_defi,indonesia,USDC
938,0.801442992281087,2963.057517448803,473,S2_panic_selling_defi,indonesia,USDC
939,0.7941897798616576,2888.981079512583,473,S2_panic_selling_defi,indonesia,USDC
940,0.7790144396394844,2816.7565525247687,473,S2_panic_selling_defi,indonesia,USDC
941,0.7964011762923225,2746.3376387116496,473,S2_panic_selling_defi,indonesia,USDC
942,0.8211376532987316,2677.6791977438584,473,S2_panic_selling_defi,indonesia,USDC
943,0.8220685170685714,2610.7372178002615,473,S2_panic_selling_defi,indonesia,USDC
944,0.8185324844402792,2545.468787355255,473,S2_panic_selling_defi,indonesia,USDC
945,0.8334883878170795,2481.832067671374,473,S2_panic_selling_defi,indonesia,USDC
946,0.8444830063054816,2419.786265979589,473,S2_panic_selling_defi,indonesia,USDC
947,0.8130130926059691,2359.2916093300996,473,S2_panic_selling_defi,indonesia,USDC
948,0.8342989409400182,2300.3093190968475,473,S2_panic_selling_defi,indonesia,USDC
949,0.8209811435717217,2242.8015861194262,473,S2_panic_selling_defi,indonesia,USDC
950,0.813942204298412,2186.7315464664407,473,S2_panic_selling_defi,indonesia,USDC
951,0.7856792875864496,2132.0632578047794,473,S2_panic_selling_defi,indonesia,USDC
952,0.8119795009358892,2078.7616763596598,473,S2_panic_selling_defi,indonesia,USDC
953,0.8054788394853039,2026.7926344506684,473,S2_panic_selling_defi,indonesia,USDC
954,0.7977627190705835,1976.1228185894017,473,S2_panic_selling_defi,indonesia,USDC
955,0.7941411788183887,1926.7197481246667,473,S2_panic_selling_defi,indonesia,USDC
956,0.7993826195009461,1878.55175442155,473,S2_panic_selling_defi,indonesia,USDC
957,0.8065187022395783,1831.5879605610114,473,S2_panic_selling_defi,indonesia,USDC
958,0.8036013999272823,1785.7982615469862,473,S2_panic_selling_defi,indonesia,USDC
959,0.7951187384749384,1741.1533050083115,473,S2_panic_selling_defi,indonesia,USDC
960,0.761766338863003,1697.6244723831037,473,S2_panic_selling_defi,indonesia,USDC
961,0.7876551956132557,1655.183860573526,473,S2_panic_selling_defi,indonesia,USDC
962,0.7726400835663862,1613.804264059188,473,S2_panic_selling_defi,indonesia,USDC
963,0.7688708236063926,1573.459157457708,473,S2_panic_selling_defi,indonesia,USDC
964,0.7759646616239162,1534.1226785212655,473,S2_panic_selling_defi,indonesia,USDC
965,0.8016274882218983,1495.7696115582337,473,S2_panic_selling_defi,indonesia,USDC
966,0.8026537823645391,1458.3753712692778,473,S2_panic_selling_defi,indonesia,USDC
967,0.8099202348869637,1421.9159869875461,473,S2_panic_selling_defi,indonesia,USDC
968,0.6908811281614045,1386.3680873128574,473,S2_panic_selling_defi,indonesia,USDC
969,0.6889822424188181,1351.708885130036,473,S2_panic_selling_defi,indonesia,USDC
970,0.6876246642850143,1317.916163001785,473,S2_panic_selling_defi,indonesia,USDC
971,0.7048548857405362,1284.9682589267404,473,S2_panic_selling_defi,indonesia,USDC
972,0.7208117056668512,1252.8440524535717,473,S2_panic_selling_defi,indonesia,USDC
973,0.7125344556751666,1221.5229511422324,473,S2_panic_selling_defi,indonesia,USDC
974,0.733833377168833,1190.9848773636768,473,S2_panic_selling_defi,indonesia,USDC
975,0.7591450037204369,1161.2102554295848,473,S2_panic_selling_defi,indonesia,USDC
976,0.7461510648256331,1132.179999043845,473,S2_panic_selling_defi,indonesia,USDC
977,0.7514214462633946,1103.875499067749,473,S2_panic_selling_defi,indonesia,USDC
978,0.7767450450451108,1076.2786115910553,473,S2_panic_selling_defi,indonesia,USDC
979,0.7705729931425396,1049.3716463012788,473,S2_panic_selling_defi,indonesia,USDC
980,0.7804067039502142,1023.137355143747,473,S2_panic_selling_defi,indonesia,USDC
981,0.8065676671704061,997.5589212651532,473,S2_panic_selling_defi,indonesia,USDC
982,0.8225198076329773,972.6199482335244,473,S2_panic_selling_defi,indonesia,USDC
983,0.8120450591734645,948.3044495276863,473,S2_panic_selling_defi,indonesia,USDC
984,0.8099312743501981,924.5968382894941,473,S2_panic_selling_defi,indonesia,USDC
985,0.8095110135034591,901.4819173322568,473,S2_panic_selling_defi,indonesia,USDC
986,0.787028661604806,878.9448693989503,473,S2_panic_selling_defi,indonesia,USDC
987,0.785236121955816,856.9712476639766,473,S2_panic_selling_defi,indonesia,USDC
988,0.7527239843365345,835.5469664723771,473,S2_panic_selling_defi,indonesia,USDC
989,0.768472572565533,814.6582923105677,473,S2_panic_selling_defi,indonesia,USDC
990,0.7770742564687855,794.2918350028036,473,S2_panic_selling_defi,indonesia,USDC
991,0.7858584744928694,774.4345391277334,473,S2_panic_selling_defi,indonesia,USDC
992,0.7847653546790259,755.0736756495402,473,S2_panic_selling_defi,indonesia,USDC
993,0.8092261088349431,736.1968337583016,473,S2_panic_selling_defi,indonesia,USDC
994,0.8272481591557115,717.791912914344,473,S2_panic_selling_defi,indonesia,USDC
995,0.8235481465885439,699.8471150914854,473,S2_panic_selling_defi,indonesia,USDC
996,0.8320038366073937,682.3509372141983,473,S2_panic_selling_defi,indonesia,USDC
997,0.8373362001368896,665.2921637838433,473,S2_panic_selling_defi,indonesia,USDC
998,0.8389288943892582,648.6598596892472,473,S2_panic_selling_defi,indonesia,USDC
999,0.8451946653582502,632.4433631970162,473,S2_panic_selling_defi,indonesia,USDC
1000,0.8281304471636612,616.6322791170907,473,S2_panic_selling_defi,indonesia,USDC
