Step,price,liquidity,iteration,scenario,region,coin
1,1.0266613166827445,2989079743302.4917,427,S2_panic_selling_defi,indonesia,USDC
2,1.0226717043251667,2989079743302.4917,427,S2_panic_selling_defi,indonesia,USDC
3,1.0199437946872365,2989079743302.4917,427,S2_panic_selling_defi,indonesia,USDC
4,1.0004737185613666,2989079743302.4917,427,S2_panic_selling_defi,indonesia,USDC
5,1.0247014395651763,2989079743302.4917,427,S2_panic_selling_defi,indonesia,USDC
6,1.0368507146061585,2989079743302.4917,427,S2_panic_selling_defi,indonesia,USDC
7,1.0341967155559442,2989079743302.4917,427,S2_panic_selling_defi,indonesia,USDC
8,1.0330048445881554,2989079743302.4917,427,S2_panic_selling_defi,indonesia,USDC
9,1.0346590559456155,2989079743302.4917,427,S2_panic_selling_defi,indonesia,USDC
10,1.0316332242748458,2989079743302.4917,427,S2_panic_selling_defi,indonesia,USDC
11,1.0048662768449992,2989079743302.4917,427,S2_panic_selling_defi,indonesia,USDC
12,0.989397493721678,2989079743302.4917,427,S2_panic_selling_defi,indonesia,USDC
13,0.9841319913082507,2989079743302.4917,427,S2_panic_selling_defi,indonesia,USDC
14,0.9798009920721333,2989079743302.4917,427,S2_panic_selling_defi,indonesia,USDC
15,0.9741534432520306,2989079743302.4917,427,S2_panic_selling_defi,indonesia,USDC
16,0.9919446531954748,2989079743302.4917,427,S2_panic_selling_defi,indonesia,USDC
17,1.002430377209812,2989079743302.4917,427,S2_panic_selling_defi,indonesia,USDC
18,0.9883137882180392,2989079743302.4917,427,S2_panic_selling_defi,indonesia,USDC
19,0.9799271511164662,2989079743302.4917,427,S2_panic_selling_defi,indonesia,USDC
20,0.9919608505967421,2989079743302.4917,427,S2_panic_selling_defi,indonesia,USDC
21,0.9597770375851413,2989079743302.4917,427,S2_panic_selling_defi,indonesia,USDC
22,0.9405657219585324,2988469955671.03,427,S2_panic_selling_defi,indonesia,USDC
23,0.9166918422207718,2986701449615.1104,427,S2_panic_selling_defi,indonesia,USDC
24,0.9141547779471173,2983558321314.7275,427,S2_panic_selling_defi,indonesia,USDC
25,0.9196884773566715,2980421859163.987,427,S2_panic_selling_defi,indonesia,USDC
26,0.8826172228644212,2977758869447.7783,427,S2_panic_selling_defi,indonesia,USDC
27,0.8949820715015844,2973373593951.7905,427,S2_panic_selling_defi,indonesia,USDC
28,0.9007083543130394,2970002674888.2363,427,S2_panic_selling_defi,indonesia,USDC
29,0.919012405317589,2967079358108.9463,427,S2_panic_selling_defi,indonesia,USDC
30,0.9150814271358113,2965121825192.36,427,S2_panic_selling_defi,indonesia,USDC
31,0.8941835987280558,2963143220953.6274,427,S2_panic_selling_defi,indonesia,USDC
32,0.9145438787106521,2960531493463.2256,427,S2_panic_selling_defi,indonesia,USDC
33,0.9257310233141249,2958733357306.8584,427,S2_panic_selling_defi,indonesia,USDC
34,0.9326390738634961,2957380022103.754,427,S2_panic_selling_defi,indonesia,USDC
35,0.9424292734292709,2956335830672.3926,427,S2_panic_selling_defi,indonesia,USDC
36,0.8060823333091629,2955561119195.8325,427,S2_panic_selling_defi,indonesia,USDC
37,0.7987384659394509,2951217401216.4097,427,S2_panic_selling_defi,indonesia,USDC
38,0.8304406378825184,2947350411659.0596,427,S2_panic_selling_defi,indonesia,USDC
39,0.8447076300974299,2944753686926.493,427,S2_panic_selling_defi,indonesia,USDC
40,0.9106091066505132,2942810632764.753,427,S2_panic_selling_defi,indonesia,USDC
41,0.9666603564439923,2941999343551.202,427,S2_panic_selling_defi,indonesia,USDC
42,0.9507752893464215,2941971100872.3096,427,S2_panic_selling_defi,indonesia,USDC
43,0.9916069584845477,2941715603326.7305,427,S2_panic_selling_defi,indonesia,USDC
44,1.008837681046502,2941715603326.7305,427,S2_panic_selling_defi,indonesia,USDC
45,1.0127488018345734,2941715603326.7305,427,S2_panic_selling_defi,indonesia,USDC
46,1.0139952199599018,2941715603326.7305,427,S2_panic_selling_defi,indonesia,USDC
47,0.9646007951098201,2941715603326.7305,427,S2_panic_selling_defi,indonesia,USDC
48,0.9528337167712078,2941656951422.87,427,S2_panic_selling_defi,indonesia,USDC
49,0.9530858743534212,2941458079113.137,427,S2_panic_selling_defi,indonesia,USDC
50,0.9528869920883841,2941242235064.4805,427,S2_panic_selling_defi,indonesia,USDC
51,0.9521253452574053,2941051652357.195,427,S2_panic_selling_defi,indonesia,USDC
52,0.9818192771629481,2940839222615.546,427,S2_panic_selling_defi,indonesia,USDC
53,0.9525568518522481,2940839222615.546,427,S2_panic_selling_defi,indonesia,USDC
54,0.9437557232162104,2940627756285.8574,427,S2_panic_selling_defi,indonesia,USDC
55,0.9478401252815822,2940315313761.0757,427,S2_panic_selling_defi,indonesia,USDC
56,0.9728572510867898,2940067686839.3604,427,S2_panic_selling_defi,indonesia,USDC
57,0.9521661789163719,2940067686839.3604,427,S2_panic_selling_defi,indonesia,USDC
58,0.9507494293875118,2939874013227.292,427,S2_panic_selling_defi,indonesia,USDC
59,0.9353404042703063,2939659790695.954,427,S2_panic_selling_defi,indonesia,USDC
60,0.951009670608092,2939304433490.039,427,S2_panic_selling_defi,indonesia,USDC
61,0.9616964371270654,2939121423740.086,427,S2_panic_selling_defi,indonesia,USDC
62,0.9365671811310887,2939035463198.9897,427,S2_panic_selling_defi,indonesia,USDC
63,0.9212899076872042,2938703264160.8027,427,S2_panic_selling_defi,indonesia,USDC
64,0.9167534138478938,2938220003759.378,427,S2_panic_selling_defi,indonesia,USDC
65,0.9599904870543673,2937731273987.3916,427,S2_panic_selling_defi,indonesia,USDC
66,0.94702662439143,2937648000525.3394,427,S2_panic_selling_defi,indonesia,USDC
67,0.9551273084896534,2937460688369.3027,427,S2_panic_selling_defi,indonesia,USDC
68,0.9482418227030899,2937332186090.391,427,S2_panic_selling_defi,indonesia,USDC
69,0.9795236903058606,2937161667775.06,427,S2_panic_selling_defi,indonesia,USDC
70,0.9910323146998024,2937161667775.06,427,S2_panic_selling_defi,indonesia,USDC
71,0.9443973463147537,2937161667775.06,427,S2_panic_selling_defi,indonesia,USDC
72,0.9913990238046958,2936956145990.932,427,S2_panic_selling_defi,indonesia,USDC
73,0.9970781948568711,2936956145990.932,427,S2_panic_selling_defi,indonesia,USDC
74,0.9904115688725802,2936956145990.932,427,S2_panic_selling_defi,indonesia,USDC
75,0.995645563730328,2936956145990.932,427,S2_panic_selling_defi,indonesia,USDC
76,0.9964255618390274,2936956145990.932,427,S2_panic_selling_defi,indonesia,USDC
77,0.97797982649856,2936956145990.932,427,S2_panic_selling_defi,indonesia,USDC
78,0.9643393834149669,2936956145990.932,427,S2_panic_selling_defi,indonesia,USDC
79,0.9292799785535598,2936914972971.076,427,S2_panic_selling_defi,indonesia,USDC
80,0.9528757556100835,2936614616950.836,427,S2_panic_selling_defi,indonesia,USDC
81,0.9429772291105416,2936493830340.2764,427,S2_panic_selling_defi,indonesia,USDC
82,0.9377824414084441,2936301726430.6567,427,S2_panic_selling_defi,indonesia,USDC
83,0.9434933057235654,2936077220251.8257,427,S2_panic_selling_defi,indonesia,USDC
84,0.9549351867153756,2935906385439.7964,427,S2_panic_selling_defi,indonesia,USDC
85,0.9314274293552214,2935816220469.1826,427,S2_panic_selling_defi,indonesia,USDC
86,0.9499711359820544,2935572152053.112,427,S2_panic_selling_defi,indonesia,USDC
87,0.9532848983702621,2935438094762.3745,427,S2_panic_selling_defi,indonesia,USDC
88,0.9797114992254398,2935338695293.4,427,S2_panic_selling_defi,indonesia,USDC
89,0.9778529878017439,2935338695293.4,427,S2_panic_selling_defi,indonesia,USDC
90,1.0006579417560015,2935338695293.4,427,S2_panic_selling_defi,indonesia,USDC
91,0.9943382691229898,2935338695293.4,427,S2_panic_selling_defi,indonesia,USDC
92,1.0091242284695348,2935338695293.4,427,S2_panic_selling_defi,indonesia,USDC
93,1.0249207359363637,2935338695293.4,427,S2_panic_selling_defi,indonesia,USDC
94,1.022891067003301,2935338695293.4,427,S2_panic_selling_defi,indonesia,USDC
95,1.04276706255288,2935338695293.4,427,S2_panic_selling_defi,indonesia,USDC
96,1.0390006215536718,2935338695293.4,427,S2_panic_selling_defi,indonesia,USDC
97,1.073407853065858,2935338695293.4,427,S2_panic_selling_defi,indonesia,USDC
98,1.076522462704912,2935338695293.4,427,S2_panic_selling_defi,indonesia,USDC
99,1.0474534768547274,2935338695293.4,427,S2_panic_selling_defi,indonesia,USDC
100,1.0497513212588105,2935338695293.4,427,S2_panic_selling_defi,indonesia,USDC
101,1.0344719546576955,2935338695293.4,427,S2_panic_selling_defi,indonesia,USDC
102,1.0213309665855668,2935338695293.4,427,S2_panic_selling_defi,indonesia,USDC
103,1.0242569158952524,2935338695293.4,427,S2_panic_selling_defi,indonesia,USDC
104,1.0298110006951633,2935338695293.4,427,S2_panic_selling_defi,indonesia,USDC
105,1.0416412847834005,2935338695293.4,427,S2_panic_selling_defi,indonesia,USDC
106,1.0406627544924885,2935338695293.4,427,S2_panic_selling_defi,indonesia,USDC
107,1.052616281544156,2935338695293.4,427,S2_panic_selling_defi,indonesia,USDC
108,1.0743770207468895,2935338695293.4,427,S2_panic_selling_defi,indonesia,USDC
109,1.023163744004381,2935338695293.4,427,S2_panic_selling_defi,indonesia,USDC
110,1.0247778929933855,2935338695293.4,427,S2_panic_selling_defi,indonesia,USDC
111,1.0604753373225009,2935338695293.4,427,S2_panic_selling_defi,indonesia,USDC
112,1.0679391033050358,2935338695293.4,427,S2_panic_selling_defi,indonesia,USDC
113,1.0497209617171424,2935338695293.4,427,S2_panic_selling_defi,indonesia,USDC
114,1.008237787229709,2935338695293.4,427,S2_panic_selling_defi,indonesia,USDC
115,1.0251708121892975,2935338695293.4,427,S2_panic_selling_defi,indonesia,USDC
116,1.0572525681963818,2935338695293.4,427,S2_panic_selling_defi,indonesia,USDC
117,1.020319399119085,2935338695293.4,427,S2_panic_selling_defi,indonesia,USDC
118,1.0043501434788478,2935338695293.4,427,S2_panic_selling_defi,indonesia,USDC
119,1.0106504319498888,2935338695293.4,427,S2_panic_selling_defi,indonesia,USDC
120,1.034955975669713,2935338695293.4,427,S2_panic_selling_defi,indonesia,USDC
121,1.0300532059867995,2861955227911.065,427,S2_panic_selling_defi,indonesia,USDC
122,0.9906428412563769,2790406347213.288,427,S2_panic_selling_defi,indonesia,USDC
123,0.9802716329970027,2720646188532.956,427,S2_panic_selling_defi,indonesia,USDC
124,0.9715204294754797,2652630033819.632,427,S2_panic_selling_defi,indonesia,USDC
125,0.9523988889613871,2586314282974.141,427,S2_panic_selling_defi,indonesia,USDC
126,0.9415045932439964,2521555694802.447,427,S2_panic_selling_defi,indonesia,USDC
127,0.9252906740945054,2458346564561.2773,427,S2_panic_selling_defi,indonesia,USDC
128,0.9233725321505034,2396634018393.456,427,S2_panic_selling_defi,indonesia,USDC
129,0.9204174534341197,2336464778985.5186,427,S2_panic_selling_defi,indonesia,USDC
130,0.8915818539658471,2277802846657.5776,427,S2_panic_selling_defi,indonesia,USDC
131,0.874098251923102,2220475937819.6313,427,S2_panic_selling_defi,indonesia,USDC
132,0.926656736395962,2164510295972.7485,427,S2_panic_selling_defi,indonesia,USDC
133,0.9008184485495759,2110213521479.435,427,S2_panic_selling_defi,indonesia,USDC
134,0.8843602338096375,2057189751563.343,427,S2_panic_selling_defi,indonesia,USDC
135,0.8705607576056624,2005448324075.6367,427,S2_panic_selling_defi,indonesia,USDC
136,0.8821639250349044,1954963595502.065,427,S2_panic_selling_defi,indonesia,USDC
137,0.8984725493446554,1905819089870.761,427,S2_panic_selling_defi,indonesia,USDC
138,0.9079352719993696,1857973023522.05,427,S2_panic_selling_defi,indonesia,USDC
139,0.8749522952804772,1811358062506.1956,427,S2_panic_selling_defi,indonesia,USDC
140,0.8266762497387263,1765846259327.1538,427,S2_panic_selling_defi,indonesia,USDC
141,0.8187815352022038,1721372790301.3745,427,S2_panic_selling_defi,indonesia,USDC
142,0.8140745006347722,1678043104184.3691,427,S2_panic_selling_defi,indonesia,USDC
143,0.809810785925866,1635833810168.1646,427,S2_panic_selling_defi,indonesia,USDC
144,0.7863856055172455,1594723548565.088,427,S2_panic_selling_defi,indonesia,USDC
145,0.7785826546513447,1554634765267.9893,427,S2_panic_selling_defi,indonesia,USDC
146,0.8010785604908855,1515585915420.6,427,S2_panic_selling_defi,indonesia,USDC
147,0.7809455020814129,1477568756963.0298,427,S2_panic_selling_defi,indonesia,USDC
148,0.7742286394422242,1440505833692.0215,427,S2_panic_selling_defi,indonesia,USDC
149,0.7744024414725087,1404390055218.2336,427,S2_panic_selling_defi,indonesia,USDC
150,0.7961606743222861,1369198059147.8428,427,S2_panic_selling_defi,indonesia,USDC
151,0.8004074626841847,1334909751409.7607,427,S2_panic_selling_defi,indonesia,USDC
152,0.7822781414204806,1301492125812.8289,427,S2_panic_selling_defi,indonesia,USDC
153,0.792945293637851,1268913450134.5166,427,S2_panic_selling_defi,indonesia,USDC
154,0.7968443985962272,1237158211611.9404,427,S2_panic_selling_defi,indonesia,USDC
155,0.8153665606287627,1206203246313.5105,427,S2_panic_selling_defi,indonesia,USDC
156,0.8118928292824735,1176029787994.4346,427,S2_panic_selling_defi,indonesia,USDC
157,0.79772504724967,1146612398989.7915,427,S2_panic_selling_defi,indonesia,USDC
158,0.8021272091574099,1117931830580.1577,427,S2_panic_selling_defi,indonesia,USDC
159,0.7712528951539347,1089971756854.7218,427,S2_panic_selling_defi,indonesia,USDC
160,0.7650619859814094,1062710291600.8716,427,S2_panic_selling_defi,indonesia,USDC
161,0.7764760050323821,1036132706934.7407,427,S2_panic_selling_defi,indonesia,USDC
162,0.7538341278880789,1010221997110.2822,427,S2_panic_selling_defi,indonesia,USDC
163,0.7579135487475379,984959635966.9755,427,S2_panic_selling_defi,indonesia,USDC
164,0.7837474564667405,960330323831.5928,427,S2_panic_selling_defi,indonesia,USDC
165,0.7676586437439974,936318483547.1438,427,S2_panic_selling_defi,indonesia,USDC
166,0.7485982857398321,912907486815.5369,427,S2_panic_selling_defi,indonesia,USDC
167,0.729527378896289,890082022430.9025,427,S2_panic_selling_defi,indonesia,USDC
168,0.7426390727841324,867827630739.6787,427,S2_panic_selling_defi,indonesia,USDC
169,0.766108358413594,846130329985.6951,427,S2_panic_selling_defi,indonesia,USDC
170,0.7762139026389905,824975948107.812,427,S2_panic_selling_defi,indonesia,USDC
171,0.7851879335311278,804350693418.6512,427,S2_panic_selling_defi,indonesia,USDC
172,0.7578666808825244,784241236504.2327,427,S2_panic_selling_defi,indonesia,USDC
173,0.7598894322151618,764634549148.4454,427,S2_panic_selling_defi,indonesia,USDC
174,0.764110544614311,745518196895.1653,427,S2_panic_selling_defi,indonesia,USDC
175,0.7708821268521603,726879870454.6156,427,S2_panic_selling_defi,indonesia,USDC
176,0.7925437702381255,708707586364.6417,427,S2_panic_selling_defi,indonesia,USDC
177,0.7715960636430486,690989690377.3062,427,S2_panic_selling_defi,indonesia,USDC
178,0.78556511550588,673714753018.8762,427,S2_panic_selling_defi,indonesia,USDC
179,0.7855202680493508,656871732765.1724,427,S2_panic_selling_defi,indonesia,USDC
180,0.7854660419518678,640449821509.8058,427,S2_panic_selling_defi,indonesia,USDC
181,0.7836011219749414,624438479617.6874,427,S2_panic_selling_defi,indonesia,USDC
182,0.7544956968723627,608827439668.5728,427,S2_panic_selling_defi,indonesia,USDC
183,0.7781581047631612,593606679774.736,427,S2_panic_selling_defi,indonesia,USDC
184,0.7657281742497319,578766459754.7023,427,S2_panic_selling_defi,indonesia,USDC
185,0.7862115382652242,564297250709.1924,427,S2_panic_selling_defi,indonesia,USDC
186,0.78694775311335,550189785667.7979,427,S2_panic_selling_defi,indonesia,USDC
187,0.7881674269523488,536435014301.3927,427,S2_panic_selling_defi,indonesia,USDC
188,0.7777498080421564,523024117295.4198,427,S2_panic_selling_defi,indonesia,USDC
189,0.7913703188169218,509948495682.7738,427,S2_panic_selling_defi,indonesia,USDC
190,0.8033408976519163,497199769032.7771,427,S2_panic_selling_defi,indonesia,USDC
191,0.8085495010941331,484769764161.05273,427,S2_panic_selling_defi,indonesia,USDC
192,0.8011736170086312,472650511833.6996,427,S2_panic_selling_defi,indonesia,USDC
193,0.7842170578729462,460834241480.3638,427,S2_panic_selling_defi,indonesia,USDC
194,0.7589158389401613,449313378544.6859,427,S2_panic_selling_defi,indonesia,USDC
195,0.7297141523489208,438080537587.4054,427,S2_panic_selling_defi,indonesia,USDC
196,0.7372187836427972,427128518473.77325,427,S2_panic_selling_defi,indonesia,USDC
197,0.7520738966092702,416450301428.62256,427,S2_panic_selling_defi,indonesia,USDC
198,0.784308650299333,406039040839.7922,427,S2_panic_selling_defi,indonesia,USDC
199,0.7991325011628477,395888062918.9036,427,S2_panic_selling_defi,indonesia,USDC
200,0.7862271862020436,385990859824.5835,427,S2_panic_selling_defi,indonesia,USDC
201,0.8069149761496495,376341087059.3499,427,S2_panic_selling_defi,indonesia,USDC
202,0.7916505856688719,366932558919.64185,427,S2_panic_selling_defi,indonesia,USDC
203,0.8049709267485389,357759244048.9525,427,S2_panic_selling_defi,indonesia,USDC
204,0.7986352827161021,348815262269.8047,427,S2_panic_selling_defi,indonesia,USDC
205,0.8103001446471514,340094880128.8746,427,S2_panic_selling_defi,indonesia,USDC
206,0.816312467155214,331592507695.00586,427,S2_panic_selling_defi,indonesia,USDC
207,0.816791187023044,323302694639.49817,427,S2_panic_selling_defi,indonesia,USDC
208,0.8190573429807271,315220126980.8745,427,S2_panic_selling_defi,indonesia,USDC
209,0.794440906663946,307339623562.06683,427,S2_panic_selling_defi,indonesia,USDC
210,0.7688374374092534,299656132730.8522,427,S2_panic_selling_defi,indonesia,USDC
211,0.7779343465784082,292164729183.24634,427,S2_panic_selling_defi,indonesia,USDC
212,0.7937359717514652,284860610778.45685,427,S2_panic_selling_defi,indonesia,USDC
213,0.818316426865129,277739095373.5896,427,S2_panic_selling_defi,indonesia,USDC
214,0.8075112389001179,270795617895.7835,427,S2_panic_selling_defi,indonesia,USDC
215,0.8231772828811504,264025727365.32568,427,S2_panic_selling_defi,indonesia,USDC
216,0.8203236528270597,257425084119.56775,427,S2_panic_selling_defi,indonesia,USDC
217,0.8200772229356786,250989456960.3738,427,S2_panic_selling_defi,indonesia,USDC
218,0.8301120418205179,244714720487.6183,427,S2_panic_selling_defi,indonesia,USDC
219,0.7931983469202613,238596852439.3092,427,S2_panic_selling_defi,indonesia,USDC
220,0.8063324431093905,232631931086.30908,427,S2_panic_selling_defi,indonesia,USDC
221,0.8425794612168066,226816132779.22668,427,S2_panic_selling_defi,indonesia,USDC
222,0.8153925540126914,221145729439.34167,427,S2_panic_selling_defi,indonesia,USDC
223,0.8241467185268572,215617086182.22308,427,S2_panic_selling_defi,indonesia,USDC
224,0.8056521157802657,210226659011.12952,427,S2_panic_selling_defi,indonesia,USDC
225,0.7895622369771833,204970992519.1466,427,S2_panic_selling_defi,indonesia,USDC
226,0.7888617401066569,199846717690.57977,427,S2_panic_selling_defi,indonesia,USDC
227,0.7990574061422843,194850549736.3199,427,S2_panic_selling_defi,indonesia,USDC
228,0.7968976191841929,189979285983.39853,427,S2_panic_selling_defi,indonesia,USDC
229,0.802222421138138,185229803825.80426,427,S2_panic_selling_defi,indonesia,USDC
230,0.8189513262318924,180599058723.60254,427,S2_panic_selling_defi,indonesia,USDC
231,0.8012801901975851,176084082250.61243,427,S2_panic_selling_defi,indonesia,USDC
232,0.7895992643228563,171681980189.69904,427,S2_panic_selling_defi,indonesia,USDC
233,0.7856517888071669,167389930680.92145,427,S2_panic_selling_defi,indonesia,USDC
234,0.7903923434878358,163205182410.5098,427,S2_panic_selling_defi,indonesia,USDC
235,0.7778303751913394,159125052847.603,427,S2_panic_selling_defi,indonesia,USDC
236,0.7733418622660735,155146926524.02975,427,S2_panic_selling_defi,indonesia,USDC
237,0.7797047670308334,151268253358.9922,427,S2_panic_selling_defi,indonesia,USDC
238,0.788714788079449,147486547023.50177,427,S2_panic_selling_defi,indonesia,USDC
239,0.8018410992279844,143799383346.66486,427,S2_panic_selling_defi,indonesia,USDC
240,0.8131083144201766,140204398762.11145,427,S2_panic_selling_defi,indonesia,USDC
241,0.8138125603484113,136699288792.36678,427,S2_panic_selling_defi,indonesia,USDC
242,0.8268880969815453,133281806571.9484,427,S2_panic_selling_defi,indonesia,USDC
243,0.8299371260619535,129949761407.17053,427,S2_panic_selling_defi,indonesia,USDC
244,0.843832059000937,126701017371.61578,427,S2_panic_selling_defi,indonesia,USDC
245,0.8149091846562434,123533491937.03339,427,S2_panic_selling_defi,indonesia,USDC
246,0.8111813368304,120445154638.28514,427,S2_panic_selling_defi,indonesia,USDC
247,0.8213119353174894,117434025772.05412,427,S2_panic_selling_defi,indonesia,USDC
248,0.8087048092209593,114498175127.53107,427,S2_panic_selling_defi,indonesia,USDC
249,0.7696565758300565,111635720749.13354,427,S2_panic_selling_defi,indonesia,USDC
250,0.8270748260427508,108844827730.18344,427,S2_panic_selling_defi,indonesia,USDC
251,0.818815564010886,106123707036.80331,427,S2_panic_selling_defi,indonesia,USDC
252,0.8322939250914857,103470614360.77002,427,S2_panic_selling_defi,indonesia,USDC
253,0.8312399442775822,100883849001.66544,427,S2_panic_selling_defi,indonesia,USDC
254,0.8290808424292576,98361752776.55289,427,S2_panic_selling_defi,indonesia,USDC
255,0.8296380041403351,95902708957.07399,427,S2_panic_selling_defi,indonesia,USDC
256,0.8428833750933489,93505141233.09276,427,S2_panic_selling_defi,indonesia,USDC
257,0.8304328336962074,91167512702.22217,427,S2_panic_selling_defi,indonesia,USDC
258,0.8206798471390666,88888324884.62686,427,S2_panic_selling_defi,indonesia,USDC
259,0.8180447116706752,86666116762.4736,427,S2_panic_selling_defi,indonesia,USDC
260,0.8251277721030814,84499463843.3798,427,S2_panic_selling_defi,indonesia,USDC
261,0.8140389112367159,82386977247.26883,427,S2_panic_selling_defi,indonesia,USDC
262,0.8227242820409489,80327302816.0626,427,S2_panic_selling_defi,indonesia,USDC
263,0.8020561636946315,78319120245.6411,427,S2_panic_selling_defi,indonesia,USDC
264,0.7982372252962375,76361142239.4815,427,S2_panic_selling_defi,indonesia,USDC
265,0.7838705164761144,74452113683.47855,427,S2_panic_selling_defi,indonesia,USDC
266,0.7707195674522264,72590810841.37633,427,S2_panic_selling_defi,indonesia,USDC
267,0.7768106192806216,70776040570.32872,427,S2_panic_selling_defi,indonesia,USDC
268,0.78454808750401,69006639556.06033,427,S2_panic_selling_defi,indonesia,USDC
269,0.8166445483391469,67281473567.15146,427,S2_panic_selling_defi,indonesia,USDC
270,0.820739353749205,65599436727.96738,427,S2_panic_selling_defi,indonesia,USDC
271,0.8311913812152563,63959450809.76393,427,S2_panic_selling_defi,indonesia,USDC
272,0.8471425105056998,62360464539.51647,427,S2_panic_selling_defi,indonesia,USDC
273,0.8420114564675223,60801452926.02606,427,S2_panic_selling_defi,indonesia,USDC
274,0.8413184252512423,59281416602.87312,427,S2_panic_selling_defi,indonesia,USDC
275,0.8213789276863892,57799381187.79928,427,S2_panic_selling_defi,indonesia,USDC
276,0.798222999686398,56354396658.102264,427,S2_panic_selling_defi,indonesia,USDC
277,0.7820141064151661,54945536741.64767,427,S2_panic_selling_defi,indonesia,USDC
278,0.7679639149277185,53571898323.104706,427,S2_panic_selling_defi,indonesia,USDC
279,0.7633495670262983,52232600865.02542,427,S2_panic_selling_defi,indonesia,USDC
280,0.7450668261265094,50926785843.398445,427,S2_panic_selling_defi,indonesia,USDC
281,0.7523203117334271,49653616197.31238,427,S2_panic_selling_defi,indonesia,USDC
282,0.762683995668947,48412275792.37875,427,S2_panic_selling_defi,indonesia,USDC
283,0.7639449554792368,47201968897.568634,427,S2_panic_selling_defi,indonesia,USDC
284,0.7627784510209099,46021919675.128914,427,S2_panic_selling_defi,indonesia,USDC
285,0.7521187436678406,44871371683.25029,427,S2_panic_selling_defi,indonesia,USDC
286,0.7501097863351704,43749587391.1687,427,S2_panic_selling_defi,indonesia,USDC
287,0.7601620764608048,42655847706.38922,427,S2_panic_selling_defi,indonesia,USDC
288,0.752105524328664,41589451513.7293,427,S2_panic_selling_defi,indonesia,USDC
289,0.7584494875216617,40549715225.885925,427,S2_panic_selling_defi,indonesia,USDC
290,0.7491968853249069,39535972345.23866,427,S2_panic_selling_defi,indonesia,USDC
291,0.7511739613691851,38547573036.6076,427,S2_panic_selling_defi,indonesia,USDC
292,0.7507777529699485,37583883710.69234,427,S2_panic_selling_defi,indonesia,USDC
293,0.7302378876283063,36644286617.92497,427,S2_panic_selling_defi,indonesia,USDC
294,0.766920846090999,35728179452.4768,427,S2_panic_selling_defi,indonesia,USDC
295,0.7729211622357648,34834974966.16484,427,S2_panic_selling_defi,indonesia,USDC
296,0.7766286678006863,33964100592.010696,427,S2_panic_selling_defi,indonesia,USDC
297,0.769248080558414,33114998077.21041,427,S2_panic_selling_defi,indonesia,USDC
298,0.7617526547409722,32287123125.280136,427,S2_panic_selling_defi,indonesia,USDC
299,0.7706743796871296,31479945047.14812,427,S2_panic_selling_defi,indonesia,USDC
300,0.7789350818793045,30692946420.969406,427,S2_panic_selling_defi,indonesia,USDC
301,0.8051391652915981,29925622760.44516,427,S2_panic_selling_defi,indonesia,USDC
302,0.7944225566308287,29177482191.43403,427,S2_panic_selling_defi,indonesia,USDC
303,0.7965001121646504,28448045136.648174,427,S2_panic_selling_defi,indonesia,USDC
304,0.7978703540987606,27736844008.231964,427,S2_panic_selling_defi,indonesia,USDC
305,0.80686082162267,27043422908.026157,427,S2_panic_selling_defi,indonesia,USDC
306,0.8070485093989063,26367337335.32551,427,S2_panic_selling_defi,indonesia,USDC
307,0.8141947903891331,25708153901.942368,427,S2_panic_selling_defi,indonesia,USDC
308,0.8321899959906621,25065450054.393806,427,S2_panic_selling_defi,indonesia,USDC
309,0.8080990540617845,24438813803.033962,427,S2_panic_selling_defi,indonesia,USDC
310,0.8052724733916532,23827843457.95811,427,S2_panic_selling_defi,indonesia,USDC
311,0.8089565305900235,23232147371.50916,427,S2_panic_selling_defi,indonesia,USDC
312,0.7947208062898284,22651343687.22143,427,S2_panic_selling_defi,indonesia,USDC
313,0.802078261404388,22085060095.040894,427,S2_panic_selling_defi,indonesia,USDC
314,0.7977784206840254,21532933592.66487,427,S2_panic_selling_defi,indonesia,USDC
315,0.8050415114608195,20994610252.84825,427,S2_panic_selling_defi,indonesia,USDC
316,0.8156706836592205,20469744996.527046,427,S2_panic_selling_defi,indonesia,USDC
317,0.8459872124630884,19958001371.61387,427,S2_panic_selling_defi,indonesia,USDC
318,0.8240760520757766,19459051337.323524,427,S2_panic_selling_defi,indonesia,USDC
319,0.8025311419182345,18972575053.890434,427,S2_panic_selling_defi,indonesia,USDC
320,0.8136393683004258,18498260677.543175,427,S2_panic_selling_defi,indonesia,USDC
321,0.8450610720229121,18035804160.60459,427,S2_panic_selling_defi,indonesia,USDC
322,0.8302860279944254,17584909056.58948,427,S2_panic_selling_defi,indonesia,USDC
323,0.8292149915953839,17145286330.174744,427,S2_panic_selling_defi,indonesia,USDC
324,0.8167076002463217,16716654171.920372,427,S2_panic_selling_defi,indonesia,USDC
325,0.8023422504293825,16298737817.622366,427,S2_panic_selling_defi,indonesia,USDC
326,0.7939866753264798,15891269372.181805,427,S2_panic_selling_defi,indonesia,USDC
327,0.7855336098371389,15493987637.87726,427,S2_panic_selling_defi,indonesia,USDC
328,0.7557347409931274,15106637946.930328,427,S2_panic_selling_defi,indonesia,USDC
329,0.7352309793959367,14728971998.257069,427,S2_panic_selling_defi,indonesia,USDC
330,0.725034645323965,14360747698.300644,427,S2_panic_selling_defi,indonesia,USDC
331,0.7398383791111637,14001729005.843124,427,S2_panic_selling_defi,indonesia,USDC
332,0.7380878729100191,13651685780.697048,427,S2_panic_selling_defi,indonesia,USDC
333,0.7412671905775041,13310393636.17962,427,S2_panic_selling_defi,indonesia,USDC
334,0.7523247039361539,12977633795.275131,427,S2_panic_selling_defi,indonesia,USDC
335,0.7627255524837128,12653192950.393253,427,S2_panic_selling_defi,indonesia,USDC
336,0.7792664531751389,12336863126.63342,427,S2_panic_selling_defi,indonesia,USDC
337,0.8073412117002084,12028441548.467585,427,S2_panic_selling_defi,indonesia,USDC
338,0.8010004118781581,11727730509.755896,427,S2_panic_selling_defi,indonesia,USDC
339,0.8071992176084858,11434537247.011997,427,S2_panic_selling_defi,indonesia,USDC
340,0.788055463859976,11148673815.836699,427,S2_panic_selling_defi,indonesia,USDC
341,0.7934083733665711,10869956970.44078,427,S2_panic_selling_defi,indonesia,USDC
342,0.7844232069123219,10598208046.17976,427,S2_panic_selling_defi,indonesia,USDC
343,0.7659697693209865,10333252845.025267,427,S2_panic_selling_defi,indonesia,USDC
344,0.7543370782045713,10074921523.899635,427,S2_panic_selling_defi,indonesia,USDC
345,0.7404031370461089,9823048485.802145,427,S2_panic_selling_defi,indonesia,USDC
346,0.7365894023694419,9577472273.657091,427,S2_panic_selling_defi,indonesia,USDC
347,0.7539136187743208,9338035466.815664,427,S2_panic_selling_defi,indonesia,USDC
348,0.7607847550170774,9104584580.145271,427,S2_panic_selling_defi,indonesia,USDC
349,0.7711806353675911,8876969965.64164,427,S2_panic_selling_defi,indonesia,USDC
350,0.7675140267512913,8655045716.500599,427,S2_panic_selling_defi,indonesia,USDC
351,0.7782273218486695,8438669573.588084,427,S2_panic_selling_defi,indonesia,USDC
352,0.8012333198342957,8227702834.248383,427,S2_panic_selling_defi,indonesia,USDC
353,0.7973220152290148,8022010263.392174,427,S2_panic_selling_defi,indonesia,USDC
354,0.7984971420780703,7821460006.807368,427,S2_panic_selling_defi,indonesia,USDC
355,0.7902208414546252,7625923506.637184,427,S2_panic_selling_defi,indonesia,USDC
356,0.8043673505359835,7435275418.971255,427,S2_panic_selling_defi,indonesia,USDC
357,0.7620992232833248,7249393533.496973,427,S2_panic_selling_defi,indonesia,USDC
358,0.7709484108127649,7068158695.15955,427,S2_panic_selling_defi,indonesia,USDC
359,0.7556094733125441,6891454727.780561,427,S2_panic_selling_defi,indonesia,USDC
360,0.7514515748264267,6719168359.586046,427,S2_panic_selling_defi,indonesia,USDC
361,0.7632647332940851,6551189150.5963955,427,S2_panic_selling_defi,indonesia,USDC
362,0.7375200679232838,6387409421.831486,427,S2_panic_selling_defi,indonesia,USDC
363,0.74368150321905,6227724186.285698,427,S2_panic_selling_defi,indonesia,USDC
364,0.7448662807569547,6072031081.628555,427,S2_panic_selling_defi,indonesia,USDC
365,0.7548493611511214,5920230304.587842,427,S2_panic_selling_defi,indonesia,USDC
366,0.7492643343318061,5772224546.973146,427,S2_panic_selling_defi,indonesia,USDC
367,0.7694175480520179,5627918933.298818,427,S2_panic_selling_defi,indonesia,USDC
368,0.7548541840504894,5487220959.966347,427,S2_panic_selling_defi,indonesia,USDC
369,0.7758511715891548,5350040435.967189,427,S2_panic_selling_defi,indonesia,USDC
370,0.7510113908759295,5216289425.068008,427,S2_panic_selling_defi,indonesia,USDC
371,0.7405348666376607,5085882189.441309,427,S2_panic_selling_defi,indonesia,USDC
372,0.7356855286006727,4958735134.705276,427,S2_panic_selling_defi,indonesia,USDC
373,0.7326789245351715,4834766756.337645,427,S2_panic_selling_defi,indonesia,USDC
374,0.7140177344353996,4713897587.429203,427,S2_panic_selling_defi,indonesia,USDC
375,0.7182879319909128,4596050147.743473,427,S2_panic_selling_defi,indonesia,USDC
376,0.7303785954947367,4481148894.049887,427,S2_panic_selling_defi,indonesia,USDC
377,0.7466482220164563,4369120171.698639,427,S2_panic_selling_defi,indonesia,USDC
378,0.7380928364237467,4259892167.4061728,427,S2_panic_selling_defi,indonesia,USDC
379,0.7456825718224521,4153394863.221019,427,S2_panic_selling_defi,indonesia,USDC
380,0.7535389592374154,4049559991.6404934,427,S2_panic_selling_defi,indonesia,USDC
381,0.7607383008073945,3948320991.8494816,427,S2_panic_selling_defi,indonesia,USDC
382,0.7816093463814575,3849612967.053244,427,S2_panic_selling_defi,indonesia,USDC
383,0.7795701083026724,3753372642.876913,427,S2_panic_selling_defi,indonesia,USDC
384,0.775845609285592,3659538326.8049903,427,S2_panic_selling_defi,indonesia,USDC
385,0.7471471333077063,3568049868.6348658,427,S2_panic_selling_defi,indonesia,USDC
386,0.7339646636226455,3478848621.918994,427,S2_panic_selling_defi,indonesia,USDC
387,0.753329950878134,3391877406.3710184,427,S2_panic_selling_defi,indonesia,USDC
388,0.7678955072095397,3307080471.2117434,427,S2_panic_selling_defi,indonesia,USDC
389,0.7700247400186678,3224403459.43145,427,S2_panic_selling_defi,indonesia,USDC
390,0.774673310223527,3143793372.945664,427,S2_panic_selling_defi,indonesia,USDC
391,0.7594019141172035,3065198538.622022,427,S2_panic_selling_defi,indonesia,USDC
392,0.7585380277033561,2988568575.1564717,427,S2_panic_selling_defi,indonesia,USDC
393,0.7768180542244271,2913854360.7775598,427,S2_panic_selling_defi,indonesia,USDC
394,0.7763960661757607,2841008001.758121,427,S2_panic_selling_defi,indonesia,USDC
395,0.7822592923377862,2769982801.714168,427,S2_panic_selling_defi,indonesia,USDC
396,0.7795649940007227,2700733231.671314,427,S2_panic_selling_defi,indonesia,USDC
397,0.7901264837975283,2633214900.879531,427,S2_panic_selling_defi,indonesia,USDC
398,0.7786270571184705,2567384528.3575425,427,S2_panic_selling_defi,indonesia,USDC
399,0.7896181423341436,2503199915.148604,427,S2_panic_selling_defi,indonesia,USDC
400,0.7539505254386795,2440619917.269889,427,S2_panic_selling_defi,indonesia,USDC
401,0.7617390870419932,2379604419.3381414,427,S2_panic_selling_defi,indonesia,USDC
402,0.7454921029674387,2320114308.8546877,427,S2_panic_selling_defi,indonesia,USDC
403,0.7515044888907126,2262111451.133321,427,S2_panic_selling_defi,indonesia,USDC
404,0.7519176428943377,2205558664.8549876,427,S2_panic_selling_defi,indonesia,USDC
405,0.769062853989645,2150419698.233613,427,S2_panic_selling_defi,indonesia,USDC
406,0.7618695992611868,2096659205.777773,427,S2_panic_selling_defi,indonesia,USDC
407,0.785930962264995,2044242725.6333284,427,S2_panic_selling_defi,indonesia,USDC
408,0.7808284524225113,1993136657.492495,427,S2_panic_selling_defi,indonesia,USDC
409,0.7784615572198792,1943308241.055183,427,S2_panic_selling_defi,indonesia,USDC
410,0.77968258564848,1894725535.0288033,427,S2_panic_selling_defi,indonesia,USDC
411,0.7850367624180925,1847357396.6530833,427,S2_panic_selling_defi,indonesia,USDC
412,0.7940259768776752,1801173461.7367563,427,S2_panic_selling_defi,indonesia,USDC
413,0.7934182483596017,1756144125.1933374,427,S2_panic_selling_defi,indonesia,USDC
414,0.8097520189366872,1712240522.0635042,427,S2_panic_selling_defi,indonesia,USDC
415,0.8172877830073974,1669434509.0119162,427,S2_panic_selling_defi,indonesia,USDC
416,0.8154518251625797,1627698646.2866182,427,S2_panic_selling_defi,indonesia,USDC
417,0.8043442647816532,1587006180.129453,427,S2_panic_selling_defi,indonesia,USDC
418,0.8119094194276713,1547331025.6262167,427,S2_panic_selling_defi,indonesia,USDC
419,0.8152276630775177,1508647749.9855611,427,S2_panic_selling_defi,indonesia,USDC
420,0.7689973141643419,1470931556.2359223,427,S2_panic_selling_defi,indonesia,USDC
421,0.7531156979562172,1434158267.330024,427,S2_panic_selling_defi,indonesia,USDC
422,0.772443259255117,1398304310.6467736,427,S2_panic_selling_defi,indonesia,USDC
423,0.7650659125676635,1363346702.8806043,427,S2_panic_selling_defi,indonesia,USDC
424,0.7514008124623961,1329263035.308589,427,S2_panic_selling_defi,indonesia,USDC
425,0.7740006403330296,1296031459.4258742,427,S2_panic_selling_defi,indonesia,USDC
426,0.7973947546618588,1263630672.9402275,427,S2_panic_selling_defi,indonesia,USDC
427,0.7905694876438295,1232039906.1167216,427,S2_panic_selling_defi,indonesia,USDC
428,0.8194170574810897,1201238908.4638038,427,S2_panic_selling_defi,indonesia,USDC
429,0.8216486913610306,1171207935.7522087,427,S2_panic_selling_defi,indonesia,USDC
430,0.8320723123735732,1141927737.3584034,427,S2_panic_selling_defi,indonesia,USDC
431,0.808896598830527,1113379543.9244432,427,S2_panic_selling_defi,indonesia,USDC
432,0.8158207607579417,1085545055.326332,427,S2_panic_selling_defi,indonesia,USDC
433,0.8163068862044623,1058406428.9431739,427,S2_panic_selling_defi,indonesia,USDC
434,0.82441786572634,1031946268.2195946,427,S2_panic_selling_defi,indonesia,USDC
435,0.8115597581571079,1006147611.5141048,427,S2_panic_selling_defi,indonesia,USDC
436,0.8174534363159808,980993921.2262521,427,S2_panic_selling_defi,indonesia,USDC
437,0.8438260377632871,956469073.1955957,427,S2_panic_selling_defi,indonesia,USDC
438,0.8445804702987466,932557346.365706,427,S2_panic_selling_defi,indonesia,USDC
439,0.8455316884071525,909243412.7065632,427,S2_panic_selling_defi,indonesia,USDC
440,0.8171788304551852,886512327.3888991,427,S2_panic_selling_defi,indonesia,USDC
441,0.7988142913818913,864349519.2041767,427,S2_panic_selling_defi,indonesia,USDC
442,0.8028639755542195,842740781.2240722,427,S2_panic_selling_defi,indonesia,USDC
443,0.802888619386947,821672261.6934705,427,S2_panic_selling_defi,indonesia,USDC
444,0.7803277485170018,801130455.1511338,427,S2_panic_selling_defi,indonesia,USDC
445,0.7700713939291143,781102193.7723554,427,S2_panic_selling_defi,indonesia,USDC
446,0.7736330202137576,761574638.9280466,427,S2_panic_selling_defi,indonesia,USDC
447,0.7789443606602032,742535272.9548454,427,S2_panic_selling_defi,indonesia,USDC
448,0.7976931485931998,723971891.1309743,427,S2_panic_selling_defi,indonesia,USDC
449,0.7828344812211855,705872593.8526999,427,S2_panic_selling_defi,indonesia,USDC
450,0.7660752622896615,688225779.0063825,427,S2_panic_selling_defi,indonesia,USDC
451,0.7599234716699953,671020134.5312228,427,S2_panic_selling_defi,indonesia,USDC
452,0.7537240570220939,654244631.1679423,427,S2_panic_selling_defi,indonesia,USDC
453,0.7624826961656709,637888515.3887438,427,S2_panic_selling_defi,indonesia,USDC
454,0.7552780772313955,621941302.5040251,427,S2_panic_selling_defi,indonesia,USDC
455,0.7743286609390958,606392769.9414245,427,S2_panic_selling_defi,indonesia,USDC
456,0.7870904306569474,591232950.6928889,427,S2_panic_selling_defi,indonesia,USDC
457,0.7648198533226664,576452126.9255666,427,S2_panic_selling_defi,indonesia,USDC
458,0.7696724784273976,562040823.7524275,427,S2_panic_selling_defi,indonesia,USDC
459,0.7786435280173969,547989803.1586168,427,S2_panic_selling_defi,indonesia,USDC
460,0.7892629777049894,534290058.07965136,427,S2_panic_selling_defi,indonesia,USDC
461,0.7901817385784061,520932806.62766004,427,S2_panic_selling_defi,indonesia,USDC
462,0.808609423767546,507909486.46196854,427,S2_panic_selling_defi,indonesia,USDC
463,0.7791729843080977,495211749.30041933,427,S2_panic_selling_defi,indonesia,USDC
464,0.7823022451044654,482831455.5679089,427,S2_panic_selling_defi,indonesia,USDC
465,0.7773454971980615,470760669.1787112,427,S2_panic_selling_defi,indonesia,USDC
466,0.7810063443774738,458991652.44924337,427,S2_panic_selling_defi,indonesia,USDC
467,0.7805641949312463,447516861.1380123,427,S2_panic_selling_defi,indonesia,USDC
468,0.789576581049377,436328939.60956204,427,S2_panic_selling_defi,indonesia,USDC
469,0.7857514226815265,425420716.1193229,427,S2_panic_selling_defi,indonesia,USDC
470,0.7786542906277112,414785198.2163399,427,S2_panic_selling_defi,indonesia,USDC
471,0.7565536091153755,404415568.2609314,427,S2_panic_selling_defi,indonesia,USDC
472,0.7384484342568957,394305179.0544081,427,S2_panic_selling_defi,indonesia,USDC
473,0.7152877588414236,384447549.5780479,427,S2_panic_selling_defi,indonesia,USDC
474,0.7106007372387575,374836360.8385967,427,S2_panic_selling_defi,indonesia,USDC
475,0.7332240406514325,365465451.8176317,427,S2_panic_selling_defi,indonesia,USDC
476,0.7564023619651505,356328815.522191,427,S2_panic_selling_defi,indonesia,USDC
477,0.7641591854991208,347420595.1341362,427,S2_panic_selling_defi,indonesia,USDC
478,0.7874108068582031,338735080.2557828,427,S2_panic_selling_defi,indonesia,USDC
479,0.745289885452936,330266703.2493882,427,S2_panic_selling_defi,indonesia,USDC
480,0.7646000638782546,322010035.6681535,427,S2_panic_selling_defi,indonesia,USDC
481,0.783983149544321,313959784.7764497,427,S2_panic_selling_defi,indonesia,USDC
482,0.7861800311485291,306110790.15703845,427,S2_panic_selling_defi,indonesia,USDC
483,0.7967654590174763,298458020.4031125,427,S2_panic_selling_defi,indonesia,USDC
484,0.7751112296775566,290996569.89303464,427,S2_panic_selling_defi,indonesia,USDC
485,0.7897825837654324,283721655.6457088,427,S2_panic_selling_defi,indonesia,USDC
486,0.8022374914064384,276628614.2545661,427,S2_panic_selling_defi,indonesia,USDC
487,0.8037669548791725,269712898.8982019,427,S2_panic_selling_defi,indonesia,USDC
488,0.7854634412731714,262970076.42574686,427,S2_panic_selling_defi,indonesia,USDC
489,0.7963242437115935,256395824.51510316,427,S2_panic_selling_defi,indonesia,USDC
490,0.6838285196369266,249985928.9022256,427,S2_panic_selling_defi,indonesia,USDC
491,0.6867143887611594,243736280.67966995,427,S2_panic_selling_defi,indonesia,USDC
492,0.6921438894284506,237642873.6626782,427,S2_panic_selling_defi,indonesia,USDC
493,0.6959453905241929,231701801.8211112,427,S2_panic_selling_defi,indonesia,USDC
494,0.7065765074679926,225909256.77558345,427,S2_panic_selling_defi,indonesia,USDC
495,0.6914340339399783,220261525.3561939,427,S2_panic_selling_defi,indonesia,USDC
496,0.6910574105424946,214754987.22228903,427,S2_panic_selling_defi,indonesia,USDC
497,0.703457833797983,209386112.54173183,427,S2_panic_selling_defi,indonesia,USDC
498,0.68634880183299,204151459.7281885,427,S2_panic_selling_defi,indonesia,USDC
499,0.7066546225502129,199047673.2349838,427,S2_panic_selling_defi,indonesia,USDC
500,0.7310869413644898,194071481.4041092,427,S2_panic_selling_defi,indonesia,USDC
501,0.7432269058288375,189219694.36900648,427,S2_panic_selling_defi,indonesia,USDC
502,0.7271444355988527,184489202.0097813,427,S2_panic_selling_defi,indonesia,USDC
503,0.7091129733662069,179876971.9595368,427,S2_panic_selling_defi,indonesia,USDC
504,0.7028585355876642,175380047.66054836,427,S2_panic_selling_defi,indonesia,USDC
505,0.7168698629088517,170995546.46903464,427,S2_panic_selling_defi,indonesia,USDC
506,0.739192079088667,166720657.80730876,427,S2_panic_selling_defi,indonesia,USDC
507,0.7601020403525196,162552641.36212605,427,S2_panic_selling_defi,indonesia,USDC
508,0.7632297734429718,158488825.3280729,427,S2_panic_selling_defi,indonesia,USDC
509,0.7654029825131651,154526604.69487107,427,S2_panic_selling_defi,indonesia,USDC
510,0.7671087664342483,150663439.5774993,427,S2_panic_selling_defi,indonesia,USDC
511,0.7540126407887053,146896853.5880618,427,S2_panic_selling_defi,indonesia,USDC
512,0.7523701444179842,143224432.24836028,427,S2_panic_selling_defi,indonesia,USDC
513,0.7768277016252677,139643821.44215128,427,S2_panic_selling_defi,indonesia,USDC
514,0.7979209496293848,136152725.90609747,427,S2_panic_selling_defi,indonesia,USDC
515,0.8098837802171939,132748907.75844505,427,S2_panic_selling_defi,indonesia,USDC
516,0.8112744153217522,129430185.06448394,427,S2_panic_selling_defi,indonesia,USDC
517,0.7915673591148572,126194430.43787183,427,S2_panic_selling_defi,indonesia,USDC
518,0.7831799730657572,123039569.67692503,427,S2_panic_selling_defi,indonesia,USDC
519,0.806949241847516,119963580.43500191,427,S2_panic_selling_defi,indonesia,USDC
520,0.7975573665775626,116964490.92412686,427,S2_panic_selling_defi,indonesia,USDC
521,0.7842742730047166,114040378.65102369,427,S2_panic_selling_defi,indonesia,USDC
522,0.7952170352062323,111189369.18474808,427,S2_panic_selling_defi,indonesia,USDC
523,0.7764537436983752,108409634.95512938,427,S2_panic_selling_defi,indonesia,USDC
524,0.7901831481932278,105699394.08125116,427,S2_panic_selling_defi,indonesia,USDC
525,0.8111742566703365,103056909.22921988,427,S2_panic_selling_defi,indonesia,USDC
526,0.8369967799303477,100480486.49848938,427,S2_panic_selling_defi,indonesia,USDC
527,0.812046881517667,97968474.33602716,427,S2_panic_selling_defi,indonesia,USDC
528,0.8252676144538333,95519262.47762647,427,S2_panic_selling_defi,indonesia,USDC
529,0.8446881085151164,93131280.91568582,427,S2_panic_selling_defi,indonesia,USDC
530,0.8178967076702877,90802998.89279367,427,S2_panic_selling_defi,indonesia,USDC
531,0.8215748650482884,88532923.92047383,427,S2_panic_selling_defi,indonesia,USDC
532,0.8108768908580486,86319600.82246198,427,S2_panic_selling_defi,indonesia,USDC
533,0.8305760179790806,84161610.80190043,427,S2_panic_selling_defi,indonesia,USDC
534,0.8418891001053559,82057570.53185292,427,S2_panic_selling_defi,indonesia,USDC
535,0.840413009518255,80006131.2685566,427,S2_panic_selling_defi,indonesia,USDC
536,0.812719054959773,78005977.98684268,427,S2_panic_selling_defi,indonesia,USDC
537,0.7971561001728867,76055828.53717162,427,S2_panic_selling_defi,indonesia,USDC
538,0.828925829073773,74154432.82374233,427,S2_panic_selling_defi,indonesia,USDC
539,0.8315235048368789,72300572.00314876,427,S2_panic_selling_defi,indonesia,USDC
540,0.8160634684917784,70493057.70307004,427,S2_panic_selling_defi,indonesia,USDC
541,0.8082630557097576,68730731.26049331,427,S2_panic_selling_defi,indonesia,USDC
542,0.7969751059911413,67012462.978980966,427,S2_panic_selling_defi,indonesia,USDC
543,0.7895105539771196,65337151.404506445,427,S2_panic_selling_defi,indonesia,USDC
544,0.7923572016212465,63703722.61939378,427,S2_panic_selling_defi,indonesia,USDC
545,0.7939744571753045,62111129.553908944,427,S2_panic_selling_defi,indonesia,USDC
546,0.7863609572994863,60558351.31506121,427,S2_panic_selling_defi,indonesia,USDC
547,0.7831739779593376,59044392.53218468,427,S2_panic_selling_defi,indonesia,USDC
548,0.791721575177897,57568282.718880065,427,S2_panic_selling_defi,indonesia,USDC
549,0.7868583379991306,56129075.65090806,427,S2_panic_selling_defi,indonesia,USDC
550,0.7874533768352378,54725848.75963536,427,S2_panic_selling_defi,indonesia,USDC
551,0.7614944557737894,53357702.54064448,427,S2_panic_selling_defi,indonesia,USDC
552,0.7706924752532364,52023759.97712836,427,S2_panic_selling_defi,indonesia,USDC
553,0.7843600128577319,50723165.97770015,427,S2_panic_selling_defi,indonesia,USDC
554,0.7876979964279733,49455086.82825765,427,S2_panic_selling_defi,indonesia,USDC
555,0.7968027155005767,48218709.65755121,427,S2_panic_selling_defi,indonesia,USDC
556,0.8086855713510979,47013241.91611242,427,S2_panic_selling_defi,indonesia,USDC
557,0.8011403142153856,45837910.868209615,427,S2_panic_selling_defi,indonesia,USDC
558,0.8094723517548597,44691963.096504375,427,S2_panic_selling_defi,indonesia,USDC
559,0.8053306455212873,43574664.01909176,427,S2_panic_selling_defi,indonesia,USDC
560,0.8134726205892344,42485297.41861447,427,S2_panic_selling_defi,indonesia,USDC
561,0.8265760229033121,41423164.983149104,427,S2_panic_selling_defi,indonesia,USDC
562,0.8450314529547509,40387585.85857038,427,S2_panic_selling_defi,indonesia,USDC
563,0.8090614116639573,39377896.21210612,427,S2_panic_selling_defi,indonesia,USDC
564,0.810711658963357,38393448.806803465,427,S2_panic_selling_defi,indonesia,USDC
565,0.8002300834401558,37433612.586633384,427,S2_panic_selling_defi,indonesia,USDC
566,0.8127976442379209,36497772.271967545,427,S2_panic_selling_defi,indonesia,USDC
567,0.7898336472518781,35585327.96516836,427,S2_panic_selling_defi,indonesia,USDC
568,0.7903137805295213,34695694.76603915,427,S2_panic_selling_defi,indonesia,USDC
569,0.7965317972187895,33828302.39688817,427,S2_panic_selling_defi,indonesia,USDC
570,0.8003491381739334,32982594.836965963,427,S2_panic_selling_defi,indonesia,USDC
571,0.8066280725797742,32158029.966041815,427,S2_panic_selling_defi,indonesia,USDC
572,0.7830872082254635,31354079.21689077,427,S2_panic_selling_defi,indonesia,USDC
573,0.8036452397682693,30570227.236468505,427,S2_panic_selling_defi,indonesia,USDC
574,0.7292726742080394,29805971.55555679,427,S2_panic_selling_defi,indonesia,USDC
575,0.732154077542769,29060822.26666787,427,S2_panic_selling_defi,indonesia,USDC
576,0.7417500208232857,28334301.71000117,427,S2_panic_selling_defi,indonesia,USDC
577,0.7544058303728195,27625944.16725114,427,S2_panic_selling_defi,indonesia,USDC
578,0.7462873371886378,26935295.563069858,427,S2_panic_selling_defi,indonesia,USDC
579,0.7765353551206825,26261913.17399311,427,S2_panic_selling_defi,indonesia,USDC
580,0.7745253847205501,25605365.344643287,427,S2_panic_selling_defi,indonesia,USDC
581,0.7726570016285566,24965231.211027205,427,S2_panic_selling_defi,indonesia,USDC
582,0.7638094303649029,24341100.430751525,427,S2_panic_selling_defi,indonesia,USDC
583,0.7745087639518219,23732572.919982735,427,S2_panic_selling_defi,indonesia,USDC
584,0.7761641617416228,23139258.596983165,427,S2_panic_selling_defi,indonesia,USDC
585,0.7790897470049536,22560777.132058587,427,S2_panic_selling_defi,indonesia,USDC
586,0.7875452370926629,21996757.703757122,427,S2_panic_selling_defi,indonesia,USDC
587,0.7706117719199317,21446838.761163194,427,S2_panic_selling_defi,indonesia,USDC
588,0.7687984882823837,20910667.792134114,427,S2_panic_selling_defi,indonesia,USDC
589,0.7757480583139067,20387901.09733076,427,S2_panic_selling_defi,indonesia,USDC
590,0.7893729839536966,19878203.569897495,427,S2_panic_selling_defi,indonesia,USDC
591,0.7903160952842119,19381248.480650052,427,S2_panic_selling_defi,indonesia,USDC
592,0.783606438035191,18896717.268633805,427,S2_panic_selling_defi,indonesia,USDC
593,0.7754139033509418,18424299.33691796,427,S2_panic_selling_defi,indonesia,USDC
594,0.7874106953499079,17963691.85349501,427,S2_panic_selling_defi,indonesia,USDC
595,0.8183104722982122,17514599.557157632,427,S2_panic_selling_defi,indonesia,USDC
596,0.8064235983683118,17076734.56822869,427,S2_panic_selling_defi,indonesia,USDC
597,0.8150701568620351,16649816.204022974,427,S2_panic_selling_defi,indonesia,USDC
598,0.8039503045229521,16233570.798922399,427,S2_panic_selling_defi,indonesia,USDC
599,0.8087814845532826,15827731.528949339,427,S2_panic_selling_defi,indonesia,USDC
600,0.8161704293577751,15432038.240725607,427,S2_panic_selling_defi,indonesia,USDC
601,0.8044918115872919,15046237.284707466,427,S2_panic_selling_defi,indonesia,USDC
602,0.7881476780178776,14670081.352589779,427,S2_panic_selling_defi,indonesia,USDC
603,0.790125115122699,14303329.318775035,427,S2_panic_selling_defi,indonesia,USDC
604,0.7875155524462747,13945746.085805658,427,S2_panic_selling_defi,indonesia,USDC
605,0.7941097510157235,13597102.433660515,427,S2_panic_selling_defi,indonesia,USDC
606,0.7826836245126083,13257174.872819003,427,S2_panic_selling_defi,indonesia,USDC
607,0.7637335454772985,12925745.500998527,427,S2_panic_selling_defi,indonesia,USDC
608,0.7455440567292655,12602601.863473566,427,S2_panic_selling_defi,indonesia,USDC
609,0.7405769753326149,12287536.816886727,427,S2_panic_selling_defi,indonesia,USDC
610,0.7601032913836541,11980348.396464558,427,S2_panic_selling_defi,indonesia,USDC
611,0.7444510965203732,11680839.686552946,427,S2_panic_selling_defi,indonesia,USDC
612,0.7532997601534841,11388818.69438912,427,S2_panic_selling_defi,indonesia,USDC
613,0.7333916820255529,11104098.227029392,427,S2_panic_selling_defi,indonesia,USDC
614,0.7499781058567053,10826495.771353658,427,S2_panic_selling_defi,indonesia,USDC
615,0.7805611230461428,10555833.377069816,427,S2_panic_selling_defi,indonesia,USDC
616,0.7823828888501052,10291937.54264307,427,S2_panic_selling_defi,indonesia,USDC
617,0.782382170342267,10034639.104076995,427,S2_panic_selling_defi,indonesia,USDC
618,0.7830802915592087,9783773.126475068,427,S2_panic_selling_defi,indonesia,USDC
619,0.766652142092647,9539178.798313193,427,S2_panic_selling_defi,indonesia,USDC
620,0.7867668409661632,9300699.328355363,427,S2_panic_selling_defi,indonesia,USDC
621,0.7834958622399701,9068181.84514648,427,S2_panic_selling_defi,indonesia,USDC
622,0.7835588353131882,8841477.299017817,427,S2_panic_selling_defi,indonesia,USDC
623,0.8032129665970096,8620440.366542373,427,S2_panic_selling_defi,indonesia,USDC
624,0.7984104811937687,8404929.357378813,427,S2_panic_selling_defi,indonesia,USDC
625,0.78952874761963,8194806.123444342,427,S2_panic_selling_defi,indonesia,USDC
626,0.7753136405128683,7989935.970358234,427,S2_panic_selling_defi,indonesia,USDC
627,0.7846432281056613,7790187.571099278,427,S2_panic_selling_defi,indonesia,USDC
628,0.7967949522991944,7595432.881821795,427,S2_panic_selling_defi,indonesia,USDC
629,0.8011593667943341,7405547.05977625,427,S2_panic_selling_defi,indonesia,USDC
630,0.8023076692293225,7220408.383281846,427,S2_panic_selling_defi,indonesia,USDC
631,0.7933681145741371,7039898.173699799,427,S2_panic_selling_defi,indonesia,USDC
632,0.8012477141864831,6863900.719357304,427,S2_panic_selling_defi,indonesia,USDC
633,0.781884321904467,6692303.20137337,427,S2_panic_selling_defi,indonesia,USDC
634,0.7777078149894083,6524995.621339036,427,S2_panic_selling_defi,indonesia,USDC
635,0.7743245719147709,6361870.73080556,427,S2_panic_selling_defi,indonesia,USDC
636,0.7685089075250482,6202823.962535421,427,S2_panic_selling_defi,indonesia,USDC
637,0.7631628708819426,6047753.363472036,427,S2_panic_selling_defi,indonesia,USDC
638,0.7581828059512514,5896559.529385235,427,S2_panic_selling_defi,indonesia,USDC
639,0.7558105481302002,5749145.541150604,427,S2_panic_selling_defi,indonesia,USDC
640,0.7719162338752288,5605416.902621839,427,S2_panic_selling_defi,indonesia,USDC
641,0.7713056533897322,5465281.480056293,427,S2_panic_selling_defi,indonesia,USDC
642,0.7784818864095311,5328649.443054886,427,S2_panic_selling_defi,indonesia,USDC
643,0.7615386784190232,5195433.206978514,427,S2_panic_selling_defi,indonesia,USDC
644,0.7524647354459496,5065547.376804051,427,S2_panic_selling_defi,indonesia,USDC
645,0.7438533604276573,4938908.69238395,427,S2_panic_selling_defi,indonesia,USDC
646,0.7736009813254456,4815435.975074351,427,S2_panic_selling_defi,indonesia,USDC
647,0.778031192189333,4695050.075697492,427,S2_panic_selling_defi,indonesia,USDC
648,0.7730223957713825,4577673.823805055,427,S2_panic_selling_defi,indonesia,USDC
649,0.7841999150800386,4463231.978209929,427,S2_panic_selling_defi,indonesia,USDC
650,0.7965932501977262,4351651.17875468,427,S2_panic_selling_defi,indonesia,USDC
651,0.8072835215503873,4242859.899285814,427,S2_panic_selling_defi,indonesia,USDC
652,0.7999721246544554,4136788.401803668,427,S2_panic_selling_defi,indonesia,USDC
653,0.8335972354706395,4033368.6917585763,427,S2_panic_selling_defi,indonesia,USDC
654,0.8278027767373934,3932534.474464612,427,S2_panic_selling_defi,indonesia,USDC
655,0.8331690239114244,3834221.1126029966,427,S2_panic_selling_defi,indonesia,USDC
656,0.8535396896534254,3738365.584787922,427,S2_panic_selling_defi,indonesia,USDC
657,0.8596673592999046,3644906.4451682237,427,S2_panic_selling_defi,indonesia,USDC
658,0.8475120747840088,3553783.7840390177,427,S2_panic_selling_defi,indonesia,USDC
659,0.8139956655113372,3464939.189438042,427,S2_panic_selling_defi,indonesia,USDC
660,0.8024036776141152,3378315.7097020913,427,S2_panic_selling_defi,indonesia,USDC
661,0.832724445592384,3293857.816959539,427,S2_panic_selling_defi,indonesia,USDC
662,0.8477037942950104,3211511.371535551,427,S2_panic_selling_defi,indonesia,USDC
663,0.8316057065788436,3131223.5872471617,427,S2_panic_selling_defi,indonesia,USDC
664,0.8066366392374291,3052942.997565983,427,S2_panic_selling_defi,indonesia,USDC
665,0.8041470653600196,2976619.4226268334,427,S2_panic_selling_defi,indonesia,USDC
666,0.8114036261122678,2902203.9370611627,427,S2_panic_selling_defi,indonesia,USDC
667,0.8191786347658837,2829648.8386346335,427,S2_panic_selling_defi,indonesia,USDC
668,0.8169035677626727,2758907.6176687675,427,S2_panic_selling_defi,indonesia,USDC
669,0.8188556480111695,2689934.927227048,427,S2_panic_selling_defi,indonesia,USDC
670,0.8059311251439263,2622686.554046372,427,S2_panic_selling_defi,indonesia,USDC
671,0.789403686457846,2557119.390195213,427,S2_panic_selling_defi,indonesia,USDC
672,0.7856961990333777,2493191.4054403324,427,S2_panic_selling_defi,indonesia,USDC
673,0.790988950195263,2430861.620304324,427,S2_panic_selling_defi,indonesia,USDC
674,0.7769576269357479,2370090.0797967156,427,S2_panic_selling_defi,indonesia,USDC
675,0.7856239652575732,2310837.827801798,427,S2_panic_selling_defi,indonesia,USDC
676,0.787835564319081,2253066.882106753,427,S2_panic_selling_defi,indonesia,USDC
677,0.7921687860573118,2196740.210054084,427,S2_panic_selling_defi,indonesia,USDC
678,0.78975371563678,2141821.704802732,427,S2_panic_selling_defi,indonesia,USDC
679,0.7839099290602752,2088276.1621826638,427,S2_panic_selling_defi,indonesia,USDC
680,0.8013835534634195,2036069.2581280973,427,S2_panic_selling_defi,indonesia,USDC
681,0.7953945577592125,1985167.526674895,427,S2_panic_selling_defi,indonesia,USDC
682,0.801348338506567,1935538.3385080225,427,S2_panic_selling_defi,indonesia,USDC
683,0.8037690603760008,1887149.8800453218,427,S2_panic_selling_defi,indonesia,USDC
684,0.8057490026115163,1839971.1330441888,427,S2_panic_selling_defi,indonesia,USDC
685,0.7930108967369857,1793971.854718084,427,S2_panic_selling_defi,indonesia,USDC
686,0.7739969375710583,1749122.5583501318,427,S2_panic_selling_defi,indonesia,USDC
687,0.7865746422759416,1705394.4943913785,427,S2_panic_selling_defi,indonesia,USDC
688,0.7948505020903046,1662759.632031594,427,S2_panic_selling_defi,indonesia,USDC
689,0.7655388088387075,1621190.6412308041,427,S2_panic_selling_defi,indonesia,USDC
690,0.797081946878186,1580660.8752000341,427,S2_panic_selling_defi,indonesia,USDC
691,0.7862432028280039,1541144.3533200333,427,S2_panic_selling_defi,indonesia,USDC
692,0.8011350984090478,1502615.7444870323,427,S2_panic_selling_defi,indonesia,USDC
693,0.8109104908124368,1465050.3508748566,427,S2_panic_selling_defi,indonesia,USDC
694,0.7901820895095776,1428424.092102985,427,S2_panic_selling_defi,indonesia,USDC
695,0.7991329285205482,1392713.4898004103,427,S2_panic_selling_defi,indonesia,USDC
696,0.8068617009658057,1357895.6525554003,427,S2_panic_selling_defi,indonesia,USDC
697,0.7822958713069046,1323948.2612415152,427,S2_panic_selling_defi,indonesia,USDC
698,0.7575280137034867,1290849.5547104774,427,S2_panic_selling_defi,indonesia,USDC
699,0.7549303579203737,1258578.3158427153,427,S2_panic_selling_defi,indonesia,USDC
700,0.7241275381035838,1227113.8579466473,427,S2_panic_selling_defi,indonesia,USDC
701,0.7184098946709973,1196436.0114979814,427,S2_panic_selling_defi,indonesia,USDC
702,0.7287867937207044,1166525.1112105316,427,S2_panic_selling_defi,indonesia,USDC
703,0.7037997567780799,1137361.9834302682,427,S2_panic_selling_defi,indonesia,USDC
704,0.722994021861138,1108927.9338445116,427,S2_panic_selling_defi,indonesia,USDC
705,0.7164527750192059,1081204.735498399,427,S2_panic_selling_defi,indonesia,USDC
706,0.7438012258428814,1054174.6171109388,427,S2_panic_selling_defi,indonesia,USDC
707,0.7390069674948444,1027820.2516831653,427,S2_panic_selling_defi,indonesia,USDC
708,0.7295824090608195,1002124.7453910861,427,S2_panic_selling_defi,indonesia,USDC
709,0.7179104730262579,977071.626756309,427,S2_panic_selling_defi,indonesia,USDC
710,0.7163708296554455,952644.8360874013,427,S2_panic_selling_defi,indonesia,USDC
711,0.719788942567083,928828.7151852162,427,S2_panic_selling_defi,indonesia,USDC
712,0.7237498313948936,905607.9973055858,427,S2_panic_selling_defi,indonesia,USDC
713,0.7149520454457456,882967.797372946,427,S2_panic_selling_defi,indonesia,USDC
714,0.7264752259263696,860893.6024386225,427,S2_panic_selling_defi,indonesia,USDC
715,0.7624964186507013,839371.262377657,427,S2_panic_selling_defi,indonesia,USDC
716,0.7475141101126752,818386.9808182155,427,S2_panic_selling_defi,indonesia,USDC
717,0.7762093189959576,797927.3062977602,427,S2_panic_selling_defi,indonesia,USDC
718,0.7801359027578063,777979.1236403161,427,S2_panic_selling_defi,indonesia,USDC
719,0.7912851675583783,758529.6455493083,427,S2_panic_selling_defi,indonesia,USDC
720,0.793006467780476,739566.4044105755,427,S2_panic_selling_defi,indonesia,USDC
721,0.6917081375293705,721077.2443003111,427,S2_panic_selling_defi,indonesia,USDC
722,0.6901482697250473,703050.3131928033,427,S2_panic_selling_defi,indonesia,USDC
723,0.7043390547877865,685474.0553629833,427,S2_panic_selling_defi,indonesia,USDC
724,0.7158688420704346,668337.2039789086,427,S2_panic_selling_defi,indonesia,USDC
725,0.7239192771393259,651628.7738794358,427,S2_panic_selling_defi,indonesia,USDC
726,0.7397113957638648,635338.05453245,427,S2_panic_selling_defi,indonesia,USDC
727,0.7646017113334455,619454.6031691388,427,S2_panic_selling_defi,indonesia,USDC
728,0.7618484189442871,603968.2380899104,427,S2_panic_selling_defi,indonesia,USDC
729,0.7547336708572299,588869.0321376626,427,S2_panic_selling_defi,indonesia,USDC
730,0.7513718215366777,574147.306334221,427,S2_panic_selling_defi,indonesia,USDC
731,0.7592495827276077,559793.6236758655,427,S2_panic_selling_defi,indonesia,USDC
732,0.7361745574915594,545798.7830839688,427,S2_panic_selling_defi,indonesia,USDC
733,0.7303511330750612,532153.8135068696,427,S2_panic_selling_defi,indonesia,USDC
734,0.74461247692154,518849.9681691979,427,S2_panic_selling_defi,indonesia,USDC
735,0.7425080649732511,505878.718964968,427,S2_panic_selling_defi,indonesia,USDC
736,0.7500217370622585,493231.75099084375,427,S2_panic_selling_defi,indonesia,USDC
737,0.7642875191858205,480900.9572160727,427,S2_panic_selling_defi,indonesia,USDC
738,0.7752620301224081,468878.4332856709,427,S2_panic_selling_defi,indonesia,USDC
739,0.7509505755684314,457156.47245352913,427,S2_panic_selling_defi,indonesia,USDC
740,0.7654800355207906,445727.5606421909,427,S2_panic_selling_defi,indonesia,USDC
741,0.7704291498731748,434584.3716261361,427,S2_panic_selling_defi,indonesia,USDC
742,0.7936361615709994,423719.7623354827,427,S2_panic_selling_defi,indonesia,USDC
743,0.7997443306379703,413126.76827709563,427,S2_panic_selling_defi,indonesia,USDC
744,0.8181489206349479,402798.5990701682,427,S2_panic_selling_defi,indonesia,USDC
745,0.8160986672585862,392728.63409341406,427,S2_panic_selling_defi,indonesia,USDC
746,0.8171777267903917,382910.4182410787,427,S2_panic_selling_defi,indonesia,USDC
747,0.804975836977571,373337.65778505174,427,S2_panic_selling_defi,indonesia,USDC
748,0.7895810709984192,364004.2163404254,427,S2_panic_selling_defi,indonesia,USDC
749,0.7886142391374263,354904.11093191477,427,S2_panic_selling_defi,indonesia,USDC
750,0.8010405201342635,346031.50815861695,427,S2_panic_selling_defi,indonesia,USDC
751,0.7749333563775264,337380.7204546515,427,S2_panic_selling_defi,indonesia,USDC
752,0.7855109124501907,328946.2024432852,427,S2_panic_selling_defi,indonesia,USDC
753,0.7823485185005453,320722.5473822031,427,S2_panic_selling_defi,indonesia,USDC
754,0.7966806725504271,312704.48369764804,427,S2_panic_selling_defi,indonesia,USDC
755,0.8002260318574641,304886.8716052068,427,S2_panic_selling_defi,indonesia,USDC
756,0.8066660911931791,297264.69981507666,427,S2_panic_selling_defi,indonesia,USDC
757,0.7794029196757453,289833.0823196997,427,S2_panic_selling_defi,indonesia,USDC
758,0.7977185645871078,282587.25526170724,427,S2_panic_selling_defi,indonesia,USDC
759,0.7967602097374351,275522.57388016453,427,S2_panic_selling_defi,indonesia,USDC
760,0.8008676693449889,268634.5095331604,427,S2_panic_selling_defi,indonesia,USDC
761,0.8366400609169148,261918.64679483144,427,S2_panic_selling_defi,indonesia,USDC
762,0.8576285544640464,255370.68062496063,427,S2_panic_selling_defi,indonesia,USDC
763,0.8691233024848033,248986.41360933665,427,S2_panic_selling_defi,indonesia,USDC
764,0.8421903319285104,242761.7532691032,427,S2_panic_selling_defi,indonesia,USDC
765,0.8387239773714444,236692.70943737566,427,S2_panic_selling_defi,indonesia,USDC
766,0.7837276511887062,230775.39170144123,427,S2_panic_selling_defi,indonesia,USDC
767,0.7630987521471254,225006.00690890523,427,S2_panic_selling_defi,indonesia,USDC
768,0.7627103122712052,219380.85673618258,427,S2_panic_selling_defi,indonesia,USDC
769,0.7738268969575826,213896.335317778,427,S2_panic_selling_defi,indonesia,USDC
770,0.7763152016754237,208548.92693483355,427,S2_panic_selling_defi,indonesia,USDC
771,0.793630944718555,203335.2037614627,427,S2_panic_selling_defi,indonesia,USDC
772,0.7981127417160407,198251.82366742613,427,S2_panic_selling_defi,indonesia,USDC
773,0.7723973457718913,193295.52807574047,427,S2_panic_selling_defi,indonesia,USDC
774,0.7876195076154653,188463.13987384696,427,S2_panic_selling_defi,indonesia,USDC
775,0.7818084596736649,183751.56137700076,427,S2_panic_selling_defi,indonesia,USDC
776,0.7699243443219422,179157.77234257577,427,S2_panic_selling_defi,indonesia,USDC
777,0.76524762032087,174678.82803401136,427,S2_panic_selling_defi,indonesia,USDC
778,0.7880103904578687,170311.85733316108,427,S2_panic_selling_defi,indonesia,USDC
779,0.7698344626277762,166054.06089983205,427,S2_panic_selling_defi,indonesia,USDC
780,0.7793544873069232,161902.70937733626,427,S2_panic_selling_defi,indonesia,USDC
781,0.7721124810787788,157855.14164290283,427,S2_panic_selling_defi,indonesia,USDC
782,0.7629929992890498,153908.76310183026,427,S2_panic_selling_defi,indonesia,USDC
783,0.7785150647922363,150061.04402428452,427,S2_panic_selling_defi,indonesia,USDC
784,0.7628278176323678,146309.5179236774,427,S2_panic_selling_defi,indonesia,USDC
785,0.6595141390444108,142651.77997558546,427,S2_panic_selling_defi,indonesia,USDC
786,0.6800678688206264,139085.4854761958,427,S2_panic_selling_defi,indonesia,USDC
787,0.6769009471717036,135608.34833929094,427,S2_panic_selling_defi,indonesia,USDC
788,0.6811132225866688,132218.13963080864,427,S2_panic_selling_defi,indonesia,USDC
789,0.6931621076812565,128912.68614003844,427,S2_panic_selling_defi,indonesia,USDC
790,0.728881778529854,125689.86898653748,427,S2_panic_selling_defi,indonesia,USDC
791,0.7163658121057174,122547.62226187403,427,S2_panic_selling_defi,indonesia,USDC
792,0.7307714822795566,119483.93170532718,427,S2_panic_selling_defi,indonesia,USDC
793,0.7346509760726365,116496.83341269399,427,S2_panic_selling_defi,indonesia,USDC
794,0.7337678137942056,113584.41257737664,427,S2_panic_selling_defi,indonesia,USDC
795,0.7489922777469716,110744.80226294225,427,S2_panic_selling_defi,indonesia,USDC
796,0.7614104554088374,107976.18220636866,427,S2_panic_selling_defi,indonesia,USDC
797,0.754798128741037,105276.77765120947,427,S2_panic_selling_defi,indonesia,USDC
798,0.7762867211338033,102644.85820992923,427,S2_panic_selling_defi,indonesia,USDC
799,0.7760806492110776,100078.73675468098,427,S2_panic_selling_defi,indonesia,USDC
800,0.7789578282762142,97576.76833581396,427,S2_panic_selling_defi,indonesia,USDC
801,0.7883982382415907,95137.34912741862,427,S2_panic_selling_defi,indonesia,USDC
802,0.7822300199005712,92758.91539923316,427,S2_panic_selling_defi,indonesia,USDC
803,0.7972417845314979,90439.94251425233,427,S2_panic_selling_defi,indonesia,USDC
804,0.8058891069469346,88178.94395139601,427,S2_panic_selling_defi,indonesia,USDC
805,0.8118700234169798,85974.47035261111,427,S2_panic_selling_defi,indonesia,USDC
806,0.8380193700576959,83825.10859379584,427,S2_panic_selling_defi,indonesia,USDC
807,0.8312832493301254,81729.48087895094,427,S2_panic_selling_defi,indonesia,USDC
808,0.8234398063593251,79686.24385697718,427,S2_panic_selling_defi,indonesia,USDC
809,0.8174550834792712,77694.08776055273,427,S2_panic_selling_defi,indonesia,USDC
810,0.8232392293267038,75751.73556653893,427,S2_panic_selling_defi,indonesia,USDC
811,0.8174478701194853,73857.94217737544,427,S2_panic_selling_defi,indonesia,USDC
812,0.7943938638035711,72011.49362294107,427,S2_panic_selling_defi,indonesia,USDC
813,0.8218978004004878,70211.20628236754,427,S2_panic_selling_defi,indonesia,USDC
814,0.818159644411407,68455.92612530835,427,S2_panic_selling_defi,indonesia,USDC
815,0.8249424811566439,66744.52797217564,427,S2_panic_selling_defi,indonesia,USDC
816,0.8278382782016172,65075.91477287124,427,S2_panic_selling_defi,indonesia,USDC
817,0.8094972047195741,63449.01690354946,427,S2_panic_selling_defi,indonesia,USDC
818,0.8140996845465472,61862.79148096073,427,S2_panic_selling_defi,indonesia,USDC
819,0.8172697571302227,60316.22169393672,427,S2_panic_selling_defi,indonesia,USDC
820,0.7973378063813018,58808.3161515883,427,S2_panic_selling_defi,indonesia,USDC
821,0.7792377314358806,57338.10824779859,427,S2_panic_selling_defi,indonesia,USDC
822,0.7923235564573688,55904.65554160363,427,S2_panic_selling_defi,indonesia,USDC
823,0.8060950329011132,54507.03915306354,427,S2_panic_selling_defi,indonesia,USDC
824,0.8087747598813347,53144.36317423695,427,S2_panic_selling_defi,indonesia,USDC
825,0.7986500253296759,51815.75409488102,427,S2_panic_selling_defi,indonesia,USDC
826,0.7822672087287224,50520.360242509,427,S2_panic_selling_defi,indonesia,USDC
827,0.790181155021994,49257.35123644627,427,S2_panic_selling_defi,indonesia,USDC
828,0.7805774780742056,48025.91745553512,427,S2_panic_selling_defi,indonesia,USDC
829,0.7719127527264067,46825.26951914674,427,S2_panic_selling_defi,indonesia,USDC
830,0.769107248342546,45654.63778116807,427,S2_panic_selling_defi,indonesia,USDC
831,0.7720133360592872,44513.27183663887,427,S2_panic_selling_defi,indonesia,USDC
832,0.7757788520788554,43400.4400407229,427,S2_panic_selling_defi,indonesia,USDC
833,0.7349086820485426,42315.429039704824,427,S2_panic_selling_defi,indonesia,USDC
834,0.7439970125894191,41257.5433137122,427,S2_panic_selling_defi,indonesia,USDC
835,0.7486543515351342,40226.104730869396,427,S2_panic_selling_defi,indonesia,USDC
836,0.7434702903139331,39220.45211259766,427,S2_panic_selling_defi,indonesia,USDC
837,0.7247450048044607,38239.940809782725,427,S2_panic_selling_defi,indonesia,USDC
838,0.7397391506153231,37283.94228953815,427,S2_panic_selling_defi,indonesia,USDC
839,0.7741826420809969,36351.8437322997,427,S2_panic_selling_defi,indonesia,USDC
840,0.7576410751817267,35443.047638992204,427,S2_panic_selling_defi,indonesia,USDC
841,0.6612740772828816,34556.9714480174,427,S2_panic_selling_defi,indonesia,USDC
842,0.6512528804360745,33693.04716181696,427,S2_panic_selling_defi,indonesia,USDC
843,0.663653480002091,32850.72098277154,427,S2_panic_selling_defi,indonesia,USDC
844,0.6836160299881426,32029.45295820225,427,S2_panic_selling_defi,indonesia,USDC
845,0.7054059116226115,31228.716634247197,427,S2_panic_selling_defi,indonesia,USDC
846,0.7361629856268475,30447.998718391013,427,S2_panic_selling_defi,indonesia,USDC
847,0.7572269922034397,29686.798750431237,427,S2_panic_selling_defi,indonesia,USDC
848,0.764390630947254,28944.628781670457,427,S2_panic_selling_defi,indonesia,USDC
849,0.7682897473395789,28221.013062128695,427,S2_panic_selling_defi,indonesia,USDC
850,0.7710954872120482,27515.487735575476,427,S2_panic_selling_defi,indonesia,USDC
851,0.7977205827892978,26827.60054218609,427,S2_panic_selling_defi,indonesia,USDC
852,0.7715157411684181,26156.910528631437,427,S2_panic_selling_defi,indonesia,USDC
853,0.7618942860697232,25502.987765415655,427,S2_panic_selling_defi,indonesia,USDC
854,0.7406560800568044,24865.41307128026,427,S2_panic_selling_defi,indonesia,USDC
855,0.7692649835744956,24243.777744498257,427,S2_panic_selling_defi,indonesia,USDC
856,0.7906604590760908,23637.683300885798,427,S2_panic_selling_defi,indonesia,USDC
857,0.7934514951532861,23046.74121836365,427,S2_panic_selling_defi,indonesia,USDC
858,0.7841150977482145,22470.57268790456,427,S2_panic_selling_defi,indonesia,USDC
859,0.7725918816304038,21908.80837070695,427,S2_panic_selling_defi,indonesia,USDC
860,0.7672061011133372,21361.08816143927,427,S2_panic_selling_defi,indonesia,USDC
861,0.78234336344901,20827.060957403293,427,S2_panic_selling_defi,indonesia,USDC
862,0.7519808191512666,20306.38443346821,427,S2_panic_selling_defi,indonesia,USDC
863,0.7529479266671624,19798.724822631506,427,S2_panic_selling_defi,indonesia,USDC
864,0.7561953225235206,19303.756702065715,427,S2_panic_selling_defi,indonesia,USDC
865,0.7604591788788018,18821.162784514076,427,S2_panic_selling_defi,indonesia,USDC
866,0.7753255947567009,18350.63371490122,427,S2_panic_selling_defi,indonesia,USDC
867,0.764914348952783,17891.86787202869,427,S2_panic_selling_defi,indonesia,USDC
868,0.7604304823955255,17444.571175227975,427,S2_panic_selling_defi,indonesia,USDC
869,0.7625605425515583,17008.456895847274,427,S2_panic_selling_defi,indonesia,USDC
870,0.7556755794001768,16583.24547345109,427,S2_panic_selling_defi,indonesia,USDC
871,0.770082655082637,16168.664336614816,427,S2_panic_selling_defi,indonesia,USDC
872,0.7678763131078439,15764.447728199444,427,S2_panic_selling_defi,indonesia,USDC
873,0.7850680290275157,15370.336534994458,427,S2_panic_selling_defi,indonesia,USDC
874,0.8091885973990097,14986.078121619596,427,S2_panic_selling_defi,indonesia,USDC
875,0.8031142930545199,14611.426168579108,427,S2_panic_selling_defi,indonesia,USDC
876,0.7836462532697831,14246.14051436463,427,S2_panic_selling_defi,indonesia,USDC
877,0.7725571276444116,13889.987001505513,427,S2_panic_selling_defi,indonesia,USDC
878,0.7751068238117612,13542.737326467875,427,S2_panic_selling_defi,indonesia,USDC
879,0.7866339619316474,13204.168893306178,427,S2_panic_selling_defi,indonesia,USDC
880,0.7798298193203972,12874.064670973523,427,S2_panic_selling_defi,indonesia,USDC
881,0.8003140718761916,12552.213054199186,427,S2_panic_selling_defi,indonesia,USDC
882,0.832339659406455,12238.407727844206,427,S2_panic_selling_defi,indonesia,USDC
883,0.824044073660136,11932.447534648101,427,S2_panic_selling_defi,indonesia,USDC
884,0.8018510304733758,11634.136346281899,427,S2_panic_selling_defi,indonesia,USDC
885,0.7860146695835261,11343.282937624852,427,S2_panic_selling_defi,indonesia,USDC
886,0.7830290626787988,11059.70086418423,427,S2_panic_selling_defi,indonesia,USDC
887,0.7863978887606792,10783.208342579625,427,S2_panic_selling_defi,indonesia,USDC
888,0.7904244257259297,10513.628134015134,427,S2_panic_selling_defi,indonesia,USDC
889,0.7697427175319654,10250.787430664755,427,S2_panic_selling_defi,indonesia,USDC
890,0.7611199883971613,9994.517744898138,427,S2_panic_selling_defi,indonesia,USDC
891,0.7420671394198904,9744.654801275683,427,S2_panic_selling_defi,indonesia,USDC
892,0.7257083129687368,9501.038431243793,427,S2_panic_selling_defi,indonesia,USDC
893,0.7423170253214519,9263.512470462698,427,S2_panic_selling_defi,indonesia,USDC
894,0.748285244760198,9031.92465870113,427,S2_panic_selling_defi,indonesia,USDC
895,0.7509366979401316,8806.126542233602,427,S2_panic_selling_defi,indonesia,USDC
896,0.7468151798367608,8585.973378677762,427,S2_panic_selling_defi,indonesia,USDC
897,0.7418218198891675,8371.324044210818,427,S2_panic_selling_defi,indonesia,USDC
898,0.7679576961117344,8162.040943105547,427,S2_panic_selling_defi,indonesia,USDC
899,0.7812514040566112,7957.989919527909,427,S2_panic_selling_defi,indonesia,USDC
900,0.7850540140822684,7759.040171539711,427,S2_panic_selling_defi,indonesia,USDC
901,0.7770770739787675,7565.064167251217,427,S2_panic_selling_defi,indonesia,USDC
902,0.7924628135838631,7375.937563069936,427,S2_panic_selling_defi,indonesia,USDC
903,0.7738392082654011,7191.539123993189,427,S2_panic_selling_defi,indonesia,USDC
904,0.7786673749360075,7011.7506458933585,427,S2_panic_selling_defi,indonesia,USDC
905,0.7871312743846731,6836.456879746025,427,S2_panic_selling_defi,indonesia,USDC
906,0.7550973078514797,6665.545457752374,427,S2_panic_selling_defi,indonesia,USDC
907,0.7482792351199606,6498.906821308565,427,S2_panic_selling_defi,indonesia,USDC
908,0.7632263464115331,6336.434150775851,427,S2_panic_selling_defi,indonesia,USDC
909,0.7680851181808505,6178.023297006454,427,S2_panic_selling_defi,indonesia,USDC
910,0.74696747316081,6023.572714581293,427,S2_panic_selling_defi,indonesia,USDC
911,0.7585114271851787,5872.9833967167615,427,S2_panic_selling_defi,indonesia,USDC
912,0.7359326539447681,5726.158811798842,427,S2_panic_selling_defi,indonesia,USDC
913,0.7630225220097592,5583.004841503871,427,S2_panic_selling_defi,indonesia,USDC
914,0.7495345403499433,5443.429720466274,427,S2_panic_selling_defi,indonesia,USDC
915,0.7648990357095702,5307.343977454617,427,S2_panic_selling_defi,indonesia,USDC
916,0.7722815540286779,5174.660378018252,427,S2_panic_selling_defi,indonesia,USDC
917,0.7540750105612646,5045.293868567796,427,S2_panic_selling_defi,indonesia,USDC
918,0.6925856050366493,4919.161521853601,427,S2_panic_selling_defi,indonesia,USDC
919,0.7164799717727699,4796.182483807261,427,S2_panic_selling_defi,indonesia,USDC
920,0.734229833356574,4676.277921712079,427,S2_panic_selling_defi,indonesia,USDC
921,0.748675781063779,4559.370973669277,427,S2_panic_selling_defi,indonesia,USDC
922,0.7588036003084038,4445.386699327545,427,S2_panic_selling_defi,indonesia,USDC
923,0.7462949003247237,4334.252031844357,427,S2_panic_selling_defi,indonesia,USDC
924,0.7421495217737712,4225.895731048247,427,S2_panic_selling_defi,indonesia,USDC
925,0.7432461721142257,4120.248337772042,427,S2_panic_selling_defi,indonesia,USDC
926,0.7536301312533594,4017.2421293277403,427,S2_panic_selling_defi,indonesia,USDC
927,0.7498936100947294,3916.8110760945465,427,S2_panic_selling_defi,indonesia,USDC
928,0.7876846706409395,3818.8907991921833,427,S2_panic_selling_defi,indonesia,USDC
929,0.7946180840376474,3723.4185292123784,427,S2_panic_selling_defi,indonesia,USDC
930,0.7757631765751529,3630.3330659820695,427,S2_panic_selling_defi,indonesia,USDC
931,0.7907342766398017,3539.5747393325178,427,S2_panic_selling_defi,indonesia,USDC
932,0.7845293001258806,3451.0853708492045,427,S2_panic_selling_defi,indonesia,USDC
933,0.7702858244807829,3364.8082365779746,427,S2_panic_selling_defi,indonesia,USDC
934,0.7578187972588055,3280.6880306635253,427,S2_panic_selling_defi,indonesia,USDC
935,0.7683310071074685,3198.670829896937,427,S2_panic_selling_defi,indonesia,USDC
936,0.7766261054279042,3118.7040591495133,427,S2_panic_selling_defi,indonesia,USDC
937,0.7829656036073536,3040.7364576707755,427,S2_panic_selling_defi,indonesia,USDC
938,0.7799813619014472,2964.718046229006,427,S2_panic_selling_defi,indonesia,USDC
939,0.7799485630522975,2890.600095073281,427,S2_panic_selling_defi,indonesia,USDC
940,0.7879362471114094,2818.335092696449,427,S2_panic_selling_defi,indonesia,USDC
941,0.7959939498702596,2747.8767153790377,427,S2_panic_selling_defi,indonesia,USDC
942,0.8141461548003007,2679.179797494562,427,S2_panic_selling_defi,indonesia,USDC
943,0.8085128975798035,2612.200302557198,427,S2_panic_selling_defi,indonesia,USDC
944,0.8154331565979923,2546.895294993268,427,S2_panic_selling_defi,indonesia,USDC
945,0.8012915347890534,2483.2229126184366,427,S2_panic_selling_defi,indonesia,USDC
946,0.7845964351621547,2421.142339802975,427,S2_panic_selling_defi,indonesia,USDC
947,0.7848964305328163,2360.6137813079013,427,S2_panic_selling_defi,indonesia,USDC
948,0.7636273582466785,2301.5984367752035,427,S2_panic_selling_defi,indonesia,USDC
949,0.7565528711341606,2244.0584758558234,427,S2_panic_selling_defi,indonesia,USDC
950,0.7670648377030285,2187.957013959428,427,S2_panic_selling_defi,indonesia,USDC
951,0.7752084806353572,2133.258088610442,427,S2_panic_selling_defi,indonesia,USDC
952,0.7814788690279455,2079.926636395181,427,S2_panic_selling_defi,indonesia,USDC
953,0.7690178422784653,2027.9284704853017,427,S2_panic_selling_defi,indonesia,USDC
954,0.7899312537613277,1977.2302587231693,427,S2_panic_selling_defi,indonesia,USDC
955,0.7964929934719256,1927.79950225509,427,S2_panic_selling_defi,indonesia,USDC
956,0.808350027103482,1879.6045146987126,427,S2_panic_selling_defi,indonesia,USDC
957,0.8188832052851079,1832.6144018312448,427,S2_panic_selling_defi,indonesia,USDC
958,0.8076288450488472,1786.7990417854637,427,S2_panic_selling_defi,indonesia,USDC
959,0.8088978347773663,1742.1290657408267,427,S2_panic_selling_defi,indonesia,USDC
960,0.8105506543876887,1698.5758390973062,427,S2_panic_selling_defi,indonesia,USDC
961,0.8522872512774239,1656.1114431198735,427,S2_panic_selling_defi,indonesia,USDC
962,0.8419175011500379,1614.7086570418767,427,S2_panic_selling_defi,indonesia,USDC
963,0.8481573304436956,1574.3409406158298,427,S2_panic_selling_defi,indonesia,USDC
964,0.8488005727277498,1534.9824171004343,427,S2_panic_selling_defi,indonesia,USDC
965,0.8310854648426294,1496.6078566729234,427,S2_panic_selling_defi,indonesia,USDC
966,0.8132760208409677,1459.1926602561002,427,S2_panic_selling_defi,indonesia,USDC
967,0.7911790021546351,1422.7128437496976,427,S2_panic_selling_defi,indonesia,USDC
968,0.7802845195763869,1387.1450226559552,427,S2_panic_selling_defi,indonesia,USDC
969,0.7700550736574394,1352.4663970895563,427,S2_panic_selling_defi,indonesia,USDC
970,0.7845581194653193,1318.6547371623174,427,S2_panic_selling_defi,indonesia,USDC
971,0.8204006449036594,1285.6883687332593,427,S2_panic_selling_defi,indonesia,USDC
972,0.8146161735928051,1253.546159514928,427,S2_panic_selling_defi,indonesia,USDC
973,0.8342023340396971,1222.2075055270548,427,S2_panic_selling_defi,indonesia,USDC
974,0.8443557455538633,1191.6523178888783,427,S2_panic_selling_defi,indonesia,USDC
975,0.8494948370425206,1161.8610099416564,427,S2_panic_selling_defi,indonesia,USDC
976,0.8194725728247777,1132.814484693115,427,S2_panic_selling_defi,indonesia,USDC
977,0.8525732190136259,1104.494122575787,427,S2_panic_selling_defi,indonesia,USDC
978,0.8452854842305769,1076.8817695113926,427,S2_panic_selling_defi,indonesia,USDC
979,0.8354674131647177,1049.9597252736075,427,S2_panic_selling_defi,indonesia,USDC
980,0.8492374846154955,1023.7107321417675,427,S2_panic_selling_defi,indonesia,USDC
981,0.8662338912203763,998.1179638382232,427,S2_panic_selling_defi,indonesia,USDC
982,0.8463811228685653,973.1650147422679,427,S2_panic_selling_defi,indonesia,USDC
983,0.8242820663713432,948.8358893737111,427,S2_panic_selling_defi,indonesia,USDC
984,0.8293532825862259,925.1149921393683,427,S2_panic_selling_defi,indonesia,USDC
985,0.8314319423985365,901.987117335884,427,S2_panic_selling_defi,indonesia,USDC
986,0.8074966678142805,879.4374394024869,427,S2_panic_selling_defi,indonesia,USDC
987,0.7893664351773925,857.4515034174246,427,S2_panic_selling_defi,indonesia,USDC
988,0.8027818853426002,836.015215831989,427,S2_panic_selling_defi,indonesia,USDC
989,0.82393627214951,815.1148354361894,427,S2_panic_selling_defi,indonesia,USDC
990,0.8104906513294183,794.7369645502847,427,S2_panic_selling_defi,indonesia,USDC
991,0.7975113104327711,774.8685404365276,427,S2_panic_selling_defi,indonesia,USDC
992,0.7966477456930001,755.4968269256144,427,S2_panic_selling_defi,indonesia,USDC
993,0.7940878786761976,736.609406252474,427,S2_panic_selling_defi,indonesia,USDC
994,0.8143669197782323,718.1941710961621,427,S2_panic_selling_defi,indonesia,USDC
995,0.8183735400782011,700.2393168187582,427,S2_panic_selling_defi,indonesia,USDC
996,0.8445943124405435,682.7333338982892,427,S2_panic_selling_defi,indonesia,USDC
997,0.8399205695334034,665.665000550832,427,S2_panic_selling_defi,indonesia,USDC
998,0.8465159111444209,649.0233755370612,427,S2_panic_selling_defi,indonesia,USDC
999,0.8441749897810563,632.7977911486346,427,S2_panic_selling_defi,indonesia,USDC
1000,0.8336996263622063,616.9778463699188,427,S2_panic_selling_defi,indonesia,USDC
