Step,price,liquidity,iteration,scenario,region,coin
1,0.9775642320466597,2989440509841.2495,265,S2_panic_selling_defi,indonesia,USDC
2,0.9749629015265582,2989440509841.2495,265,S2_panic_selling_defi,indonesia,USDC
3,0.9779688479813948,2989440509841.2495,265,S2_panic_selling_defi,indonesia,USDC
4,0.975027386043805,2989440509841.2495,265,S2_panic_selling_defi,indonesia,USDC
5,0.9506656500521578,2989440509841.2495,265,S2_panic_selling_defi,indonesia,USDC
6,0.9535937193087514,2988257285707.8643,265,S2_panic_selling_defi,indonesia,USDC
7,0.953447458596412,2987298518096.17,265,S2_panic_selling_defi,indonesia,USDC
8,0.9446973619234691,2986311201521.7695,265,S2_panic_selling_defi,indonesia,USDC
9,0.9413160057807832,2984827718502.435,265,S2_panic_selling_defi,indonesia,USDC
10,0.9281233100538082,2983189856262.1714,265,S2_panic_selling_defi,indonesia,USDC
11,0.9251691230032765,2980925897032.8477,265,S2_panic_selling_defi,indonesia,USDC
12,0.9441071747552422,2978565828381.745,265,S2_panic_selling_defi,indonesia,USDC
13,0.9171357571529672,2977297649924.4805,265,S2_panic_selling_defi,indonesia,USDC
14,0.9248681569036602,2974710830469.079,265,S2_panic_selling_defi,indonesia,USDC
15,0.9352445475820629,2972661735576.779,265,S2_panic_selling_defi,indonesia,USDC
16,0.9330832103636076,2971129406169.274,265,S2_panic_selling_defi,indonesia,USDC
17,0.913874194001277,2969576330858.1377,265,S2_panic_selling_defi,indonesia,USDC
18,0.8963233373301638,2967296882118.2446,265,S2_panic_selling_defi,indonesia,USDC
19,0.9088050866391231,2964472305621.8623,265,S2_panic_selling_defi,indonesia,USDC
20,0.9064178919616239,2962284035815.2974,265,S2_panic_selling_defi,indonesia,USDC
21,0.9124508232086005,2960174903662.956,265,S2_panic_selling_defi,indonesia,USDC
22,0.9151058434256713,2958411644832.125,265,S2_panic_selling_defi,indonesia,USDC
23,0.9171392957782571,2956829531210.4727,265,S2_panic_selling_defi,indonesia,USDC
24,0.9334554836771267,2955392182313.245,265,S2_panic_selling_defi,indonesia,USDC
25,0.9312263410669493,2954429073434.9097,265,S2_panic_selling_defi,indonesia,USDC
26,0.9449226262330366,2953445192132.8604,265,S2_panic_selling_defi,indonesia,USDC
27,0.9527279374160063,2952860414457.963,265,S2_panic_selling_defi,indonesia,USDC
28,0.9224439732158372,2952474209853.9277,265,S2_panic_selling_defi,indonesia,USDC
29,0.9430642387218783,2951395839895.968,265,S2_panic_selling_defi,indonesia,USDC
30,0.9730791197850318,2950823164393.9614,265,S2_panic_selling_defi,indonesia,USDC
31,0.9602386676395446,2950823164393.9614,265,S2_panic_selling_defi,indonesia,USDC
32,0.9748838800874782,2950625258127.592,265,S2_panic_selling_defi,indonesia,USDC
33,0.9755263690646079,2950625258127.592,265,S2_panic_selling_defi,indonesia,USDC
34,0.9528481154609667,2950625258127.592,265,S2_panic_selling_defi,indonesia,USDC
35,0.9500839144246156,2950250661883.6787,265,S2_panic_selling_defi,indonesia,USDC
36,0.9577737952393818,2949845425715.6914,265,S2_panic_selling_defi,indonesia,USDC
37,0.9754950746707307,2949597619320.416,265,S2_panic_selling_defi,indonesia,USDC
38,0.9867014712224489,2949597619320.416,265,S2_panic_selling_defi,indonesia,USDC
39,0.9868664691202191,2949597619320.416,265,S2_panic_selling_defi,indonesia,USDC
40,0.9679873696569824,2949597619320.416,265,S2_panic_selling_defi,indonesia,USDC
41,0.947614659368086,2949577256592.9854,265,S2_panic_selling_defi,indonesia,USDC
42,0.9194912144268319,2949136305108.843,265,S2_panic_selling_defi,indonesia,USDC
43,0.9353653878590797,2948129041077.7217,265,S2_panic_selling_defi,indonesia,USDC
44,0.9637501578917632,2947461752386.1147,265,S2_panic_selling_defi,indonesia,USDC
45,0.9767589827306681,2947345639066.0117,265,S2_panic_selling_defi,indonesia,USDC
46,0.9862508888454017,2947345639066.0117,265,S2_panic_selling_defi,indonesia,USDC
47,0.9937033239232806,2947345639066.0117,265,S2_panic_selling_defi,indonesia,USDC
48,0.9705144957288868,2947345639066.0117,265,S2_panic_selling_defi,indonesia,USDC
49,0.9820737218861475,2947345639066.0117,265,S2_panic_selling_defi,indonesia,USDC
50,0.956294566967017,2947345639066.0117,265,S2_panic_selling_defi,indonesia,USDC
51,0.9729077878314144,2947112479054.4893,265,S2_panic_selling_defi,indonesia,USDC
52,1.0092850026742968,2947112479054.4893,265,S2_panic_selling_defi,indonesia,USDC
53,1.0425065154416209,2947112479054.4893,265,S2_panic_selling_defi,indonesia,USDC
54,1.0178601100744011,2947112479054.4893,265,S2_panic_selling_defi,indonesia,USDC
55,1.0411748213477916,2947112479054.4893,265,S2_panic_selling_defi,indonesia,USDC
56,1.0301411949690862,2947112479054.4893,265,S2_panic_selling_defi,indonesia,USDC
57,1.029695815058297,2947112479054.4893,265,S2_panic_selling_defi,indonesia,USDC
58,0.9876843408416979,2947112479054.4893,265,S2_panic_selling_defi,indonesia,USDC
59,0.9918382359296078,2947112479054.4893,265,S2_panic_selling_defi,indonesia,USDC
60,0.9992251486170031,2947112479054.4893,265,S2_panic_selling_defi,indonesia,USDC
61,0.9991694778974582,2947112479054.4893,265,S2_panic_selling_defi,indonesia,USDC
62,1.0016804675239923,2947112479054.4893,265,S2_panic_selling_defi,indonesia,USDC
63,0.9874624801357281,2947112479054.4893,265,S2_panic_selling_defi,indonesia,USDC
64,0.9888622103324642,2947112479054.4893,265,S2_panic_selling_defi,indonesia,USDC
65,0.9681750882154171,2947112479054.4893,265,S2_panic_selling_defi,indonesia,USDC
66,0.972014886067433,2947086869365.3506,265,S2_panic_selling_defi,indonesia,USDC
67,0.9888798354656998,2947086869365.3506,265,S2_panic_selling_defi,indonesia,USDC
68,0.9948617736638967,2947086869365.3506,265,S2_panic_selling_defi,indonesia,USDC
69,0.9912898622548063,2947086869365.3506,265,S2_panic_selling_defi,indonesia,USDC
70,0.96888437802966,2947086869365.3506,265,S2_panic_selling_defi,indonesia,USDC
71,0.9704009148243745,2947086869365.3506,265,S2_panic_selling_defi,indonesia,USDC
72,0.9637003949792781,2947086869365.3506,265,S2_panic_selling_defi,indonesia,USDC
73,0.9612640999679667,2946981329809.2046,265,S2_panic_selling_defi,indonesia,USDC
74,0.9719440854664851,2946823355737.3286,265,S2_panic_selling_defi,indonesia,USDC
75,0.9918756416886555,2946823355737.3286,265,S2_panic_selling_defi,indonesia,USDC
76,1.0027450458714373,2946823355737.3286,265,S2_panic_selling_defi,indonesia,USDC
77,1.0059916429266862,2946823355737.3286,265,S2_panic_selling_defi,indonesia,USDC
78,1.0061434668953648,2946823355737.3286,265,S2_panic_selling_defi,indonesia,USDC
79,1.0224438116208932,2946823355737.3286,265,S2_panic_selling_defi,indonesia,USDC
80,1.057775869567017,2946823355737.3286,265,S2_panic_selling_defi,indonesia,USDC
81,1.0467767816237052,2946823355737.3286,265,S2_panic_selling_defi,indonesia,USDC
82,1.0544229450715659,2946823355737.3286,265,S2_panic_selling_defi,indonesia,USDC
83,1.0939838062035094,2946823355737.3286,265,S2_panic_selling_defi,indonesia,USDC
84,1.0975628868753975,2946823355737.3286,265,S2_panic_selling_defi,indonesia,USDC
85,1.1253474373739905,2946823355737.3286,265,S2_panic_selling_defi,indonesia,USDC
86,1.0990152501742871,2946823355737.3286,265,S2_panic_selling_defi,indonesia,USDC
87,1.0774299458293204,2946823355737.3286,265,S2_panic_selling_defi,indonesia,USDC
88,1.068286705327966,2946823355737.3286,265,S2_panic_selling_defi,indonesia,USDC
89,1.081641566693423,2946823355737.3286,265,S2_panic_selling_defi,indonesia,USDC
90,1.0858536401146333,2946823355737.3286,265,S2_panic_selling_defi,indonesia,USDC
91,1.0950097513919788,2946823355737.3286,265,S2_panic_selling_defi,indonesia,USDC
92,1.1014572432385084,2946823355737.3286,265,S2_panic_selling_defi,indonesia,USDC
93,1.086471076197358,2946823355737.3286,265,S2_panic_selling_defi,indonesia,USDC
94,1.0785774260696495,2946823355737.3286,265,S2_panic_selling_defi,indonesia,USDC
95,1.043560688862124,2946823355737.3286,265,S2_panic_selling_defi,indonesia,USDC
96,1.0369994654683008,2946823355737.3286,265,S2_panic_selling_defi,indonesia,USDC
97,1.0485713534507735,2946823355737.3286,265,S2_panic_selling_defi,indonesia,USDC
98,1.0490018453313212,2946823355737.3286,265,S2_panic_selling_defi,indonesia,USDC
99,1.0548399085240971,2946823355737.3286,265,S2_panic_selling_defi,indonesia,USDC
100,1.0465218771829379,2946823355737.3286,265,S2_panic_selling_defi,indonesia,USDC
101,1.0405076270586686,2946823355737.3286,265,S2_panic_selling_defi,indonesia,USDC
102,1.025541190319655,2946823355737.3286,265,S2_panic_selling_defi,indonesia,USDC
103,0.984323075453074,2946823355737.3286,265,S2_panic_selling_defi,indonesia,USDC
104,0.9451238255424114,2946823355737.3286,265,S2_panic_selling_defi,indonesia,USDC
105,0.9306314652658985,2946410263705.7046,265,S2_panic_selling_defi,indonesia,USDC
106,0.9294849781178463,2945782205977.433,265,S2_panic_selling_defi,indonesia,USDC
107,0.9191912350239494,2945159043685.1475,265,S2_panic_selling_defi,indonesia,USDC
108,0.924952448757414,2944335704209.0215,265,S2_panic_selling_defi,indonesia,USDC
109,0.9383693622679057,2943682317587.1406,265,S2_panic_selling_defi,indonesia,USDC
110,0.9232209354543786,2943233036277.7183,265,S2_panic_selling_defi,indonesia,USDC
111,0.9283167787996703,2942586172326.4355,265,S2_panic_selling_defi,indonesia,USDC
112,0.9361626845643108,2942021271752.008,265,S2_panic_selling_defi,indonesia,USDC
113,0.9412641663779479,2941623804632.554,265,S2_panic_selling_defi,indonesia,USDC
114,0.9276117987387967,2941299766144.616,265,S2_panic_selling_defi,indonesia,USDC
115,0.9294160255650634,2940825777452.461,265,S2_panic_selling_defi,indonesia,USDC
116,0.9658688717894246,2940349427545.5864,265,S2_panic_selling_defi,indonesia,USDC
117,0.9695092724806849,2940302967609.839,265,S2_panic_selling_defi,indonesia,USDC
118,0.9805718235442897,2940302967609.839,265,S2_panic_selling_defi,indonesia,USDC
119,0.989667307985575,2940302967609.839,265,S2_panic_selling_defi,indonesia,USDC
120,0.9756709350155891,2940302967609.839,265,S2_panic_selling_defi,indonesia,USDC
121,0.9692600844755556,2866795393419.593,265,S2_panic_selling_defi,indonesia,USDC
122,0.884951212330196,2795120144554.4863,265,S2_panic_selling_defi,indonesia,USDC
123,0.8854266626777311,2724355913558.414,265,S2_panic_selling_defi,indonesia,USDC
124,0.8834728175934217,2655420306840.9434,265,S2_panic_selling_defi,indonesia,USDC
125,0.8666355955874759,2588261252078.567,265,S2_panic_selling_defi,indonesia,USDC
126,0.844404982800477,2522728947369.925,265,S2_panic_selling_defi,indonesia,USDC
127,0.830608477910323,2458758133637.0776,265,S2_panic_selling_defi,indonesia,USDC
128,0.8282247202896241,2396429322006.1807,265,S2_panic_selling_defi,indonesia,USDC
129,0.8420651696234842,2335745643311.637,265,S2_panic_selling_defi,indonesia,USDC
130,0.8281862704131476,2276752544872.7407,265,S2_panic_selling_defi,indonesia,USDC
131,0.8590913189569377,2219253164887.846,265,S2_panic_selling_defi,indonesia,USDC
132,0.853685194490262,2163365034405.1418,265,S2_panic_selling_defi,indonesia,USDC
133,0.8548255983949599,2108911133465.1108,265,S2_panic_selling_defi,indonesia,USDC
134,0.8358428580134446,2055871816757.2888,265,S2_panic_selling_defi,indonesia,USDC
135,0.8297678952390267,2004154987708.3723,265,S2_panic_selling_defi,indonesia,USDC
136,0.8111164061570131,1953747267238.0122,265,S2_panic_selling_defi,indonesia,USDC
137,0.8118277643237694,1904614084023.7266,265,S2_panic_selling_defi,indonesia,USDC
138,0.8266422582148879,1856760807959.0278,265,S2_panic_selling_defi,indonesia,USDC
139,0.8174619404780514,1810147672788.45,265,S2_panic_selling_defi,indonesia,USDC
140,0.8083482755057116,1764721398580.2856,265,S2_panic_selling_defi,indonesia,USDC
141,0.8061582371015854,1720454940882.684,265,S2_panic_selling_defi,indonesia,USDC
142,0.8008277727976088,1677314049026.6172,265,S2_panic_selling_defi,indonesia,USDC
143,0.7913712546762557,1635269155632.6414,265,S2_panic_selling_defi,indonesia,USDC
144,0.8071572699718012,1594286942259.6904,265,S2_panic_selling_defi,indonesia,USDC
145,0.7857720940310117,1554357705506.8315,265,S2_panic_selling_defi,indonesia,USDC
146,0.7718024737531515,1515427252659.6216,265,S2_panic_selling_defi,indonesia,USDC
147,0.7819985824568209,1477478871578.7551,265,S2_panic_selling_defi,indonesia,USDC
148,0.7942130659451878,1440496255136.1719,265,S2_panic_selling_defi,indonesia,USDC
149,0.810334652744063,1404448232910.3384,265,S2_panic_selling_defi,indonesia,USDC
150,0.7938624175496652,1369309794935.5083,265,S2_panic_selling_defi,indonesia,USDC
151,0.7716587257916676,1335051354454.855,265,S2_panic_selling_defi,indonesia,USDC
152,0.7463998547826993,1301652753074.2476,265,S2_panic_selling_defi,indonesia,USDC
153,0.7581483661808442,1269091104570.6887,265,S2_panic_selling_defi,indonesia,USDC
154,0.7613747587899556,1237348759684.3718,265,S2_panic_selling_defi,indonesia,USDC
155,0.7492026316272741,1206403015825.7996,265,S2_panic_selling_defi,indonesia,USDC
156,0.7442851940503493,1176232648822.7095,265,S2_panic_selling_defi,indonesia,USDC
157,0.7548452358920497,1146818506595.5142,265,S2_panic_selling_defi,indonesia,USDC
158,0.7625500722428875,1118142184528.3838,265,S2_panic_selling_defi,indonesia,USDC
159,0.7870717591729232,1090184187618.2927,265,S2_panic_selling_defi,indonesia,USDC
160,0.7912164103415715,1062926473193.9397,265,S2_panic_selling_defi,indonesia,USDC
161,0.7936666407375819,1036350823389.6761,265,S2_panic_selling_defi,indonesia,USDC
162,0.7868049390568523,1010440075109.1115,265,S2_panic_selling_defi,indonesia,USDC
163,0.7903305372851357,985177299446.4392,265,S2_panic_selling_defi,indonesia,USDC
164,0.7657824701135064,960546477782.762,265,S2_panic_selling_defi,indonesia,USDC
165,0.763651125852948,936531517014.1809,265,S2_panic_selling_defi,indonesia,USDC
166,0.7748713527086482,913117181997.9807,265,S2_panic_selling_defi,indonesia,USDC
167,0.7717369106286032,890288481193.12,265,S2_panic_selling_defi,indonesia,USDC
168,0.7874257882923149,868030595186.23,265,S2_panic_selling_defi,indonesia,USDC
169,0.7922344449204632,846329336518.9293,265,S2_panic_selling_defi,indonesia,USDC
170,0.8048647082363848,825170728027.4424,265,S2_panic_selling_defi,indonesia,USDC
171,0.8183204124440169,804541166993.414,265,S2_panic_selling_defi,indonesia,USDC
172,0.8151238898274614,784427409243.8741,265,S2_panic_selling_defi,indonesia,USDC
173,0.8086393878684791,764816527116.6788,265,S2_panic_selling_defi,indonesia,USDC
174,0.7941937220732764,745695951774.5138,265,S2_panic_selling_defi,indonesia,USDC
175,0.8057940812540937,727053397662.4265,265,S2_panic_selling_defi,indonesia,USDC
176,0.807105896680213,708876948235.4557,265,S2_panic_selling_defi,indonesia,USDC
177,0.8149987335493708,691154929055.0886,265,S2_panic_selling_defi,indonesia,USDC
178,0.8240192938516302,673875976141.3291,265,S2_panic_selling_defi,indonesia,USDC
179,0.8235984163484481,657029013464.5212,265,S2_panic_selling_defi,indonesia,USDC
180,0.8140380408573614,640603232906.509,265,S2_panic_selling_defi,indonesia,USDC
181,0.7960400002831493,624588102135.1586,265,S2_panic_selling_defi,indonesia,USDC
182,0.8100743023232596,608973353746.694,265,S2_panic_selling_defi,indonesia,USDC
183,0.8096363910944848,593748986580.5299,265,S2_panic_selling_defi,indonesia,USDC
184,0.7910502541302459,578905232504.868,265,S2_panic_selling_defi,indonesia,USDC
185,0.7791218581628796,564432574176.8696,265,S2_panic_selling_defi,indonesia,USDC
186,0.7858385337128986,550321735299.2632,265,S2_panic_selling_defi,indonesia,USDC
187,0.7744312421181236,536563672912.4286,265,S2_panic_selling_defi,indonesia,USDC
188,0.7724630928306288,523149565042.33514,265,S2_panic_selling_defi,indonesia,USDC
189,0.7623175524375919,510070812669.7947,265,S2_panic_selling_defi,indonesia,USDC
190,0.7663013794430403,497319031476.8726,265,S2_panic_selling_defi,indonesia,USDC
191,0.7697154270681847,484886047588.98096,265,S2_panic_selling_defi,indonesia,USDC
192,0.7628781711177065,472763889622.0214,265,S2_panic_selling_defi,indonesia,USDC
193,0.7841866479471906,460944787029.6501,265,S2_panic_selling_defi,indonesia,USDC
194,0.818253314979221,449421163620.0017,265,S2_panic_selling_defi,indonesia,USDC
195,0.825377003734273,438185631929.9972,265,S2_panic_selling_defi,indonesia,USDC
196,0.8093425364050869,427230989075.9185,265,S2_panic_selling_defi,indonesia,USDC
197,0.8265468878910424,416550212311.05725,265,S2_panic_selling_defi,indonesia,USDC
198,0.83236842320845,406136455484.95123,265,S2_panic_selling_defi,indonesia,USDC
199,0.8546177550517605,395983042856.547,265,S2_panic_selling_defi,indonesia,USDC
200,0.8281627499581389,386083465911.17316,265,S2_panic_selling_defi,indonesia,USDC
201,0.8022627051379422,376431378332.2748,265,S2_panic_selling_defi,indonesia,USDC
202,0.8039401732422224,367020592906.80493,265,S2_panic_selling_defi,indonesia,USDC
203,0.822650774013408,357845077273.56165,265,S2_panic_selling_defi,indonesia,USDC
204,0.83493599013357,348898949781.48505,265,S2_panic_selling_defi,indonesia,USDC
205,0.7863409393346424,340176475587.8096,265,S2_panic_selling_defi,indonesia,USDC
206,0.7744996796838753,331672063146.2233,265,S2_panic_selling_defi,indonesia,USDC
207,0.8036854820592162,323380261118.792,265,S2_panic_selling_defi,indonesia,USDC
208,0.8082994740968575,315295754262.62366,265,S2_panic_selling_defi,indonesia,USDC
209,0.8061385569108783,307413360146.76575,265,S2_panic_selling_defi,indonesia,USDC
210,0.7841651100746755,299728025923.436,265,S2_panic_selling_defi,indonesia,USDC
211,0.7858685383375087,292234825063.26685,265,S2_panic_selling_defi,indonesia,USDC
212,0.795525013428752,284928954273.33887,265,S2_panic_selling_defi,indonesia,USDC
213,0.7910603584115528,277805730287.5026,265,S2_panic_selling_defi,indonesia,USDC
214,0.8011211451204926,270860586921.35144,265,S2_panic_selling_defi,indonesia,USDC
215,0.7805865244027113,264089072162.37885,265,S2_panic_selling_defi,indonesia,USDC
216,0.8031198234857935,257486845281.82602,265,S2_panic_selling_defi,indonesia,USDC
217,0.80525872172222,251049674096.16467,265,S2_panic_selling_defi,indonesia,USDC
218,0.8010560089959128,244773432198.51013,265,S2_panic_selling_defi,indonesia,USDC
219,0.8029448328880012,238654096355.4678,265,S2_panic_selling_defi,indonesia,USDC
220,0.8226339067559363,232687743914.42365,265,S2_panic_selling_defi,indonesia,USDC
221,0.83143891608594,226870550292.94678,265,S2_panic_selling_defi,indonesia,USDC
222,0.8351689213531284,221198786515.84448,265,S2_panic_selling_defi,indonesia,USDC
223,0.8259105900409959,215668816836.79694,265,S2_panic_selling_defi,indonesia,USDC
224,0.8323274661051443,210277096401.27496,265,S2_panic_selling_defi,indonesia,USDC
225,0.8449397636675325,205020168979.52332,265,S2_panic_selling_defi,indonesia,USDC
226,0.8497781121289791,199894664745.4015,265,S2_panic_selling_defi,indonesia,USDC
227,0.838081150685809,194897298118.51514,265,S2_panic_selling_defi,indonesia,USDC
228,0.8488425666162259,190024865657.77448,265,S2_panic_selling_defi,indonesia,USDC
229,0.8437401631815441,185274244010.27765,265,S2_panic_selling_defi,indonesia,USDC
230,0.8300565861367689,180642387904.22925,265,S2_panic_selling_defi,indonesia,USDC
231,0.8265948500742782,176126328201.15363,265,S2_panic_selling_defi,indonesia,USDC
232,0.8257963955139584,171723169991.21173,265,S2_panic_selling_defi,indonesia,USDC
233,0.8020841654984063,167430090737.39468,265,S2_panic_selling_defi,indonesia,USDC
234,0.8122809351379856,163244338464.8418,265,S2_panic_selling_defi,indonesia,USDC
235,0.8086505796142369,159163230000.07138,265,S2_panic_selling_defi,indonesia,USDC
236,0.8080124753889786,155184149247.40717,265,S2_panic_selling_defi,indonesia,USDC
237,0.818454973239376,151304545513.82516,265,S2_panic_selling_defi,indonesia,USDC
238,0.8123704531161493,147521931874.1117,265,S2_panic_selling_defi,indonesia,USDC
239,0.8306718082540808,143833883575.6831,265,S2_panic_selling_defi,indonesia,USDC
240,0.8370103724184771,140238036485.14267,265,S2_panic_selling_defi,indonesia,USDC
241,0.8232055785426805,136732085572.0664,265,S2_panic_selling_defi,indonesia,USDC
242,0.8367245790702109,133313783431.85226,265,S2_panic_selling_defi,indonesia,USDC
243,0.7765607614526843,129980938845.34612,265,S2_panic_selling_defi,indonesia,USDC
244,0.7738607990015097,126731415373.31172,265,S2_panic_selling_defi,indonesia,USDC
245,0.7583848621641496,123563129988.19177,265,S2_panic_selling_defi,indonesia,USDC
246,0.7405673047485443,120474051737.82242,265,S2_panic_selling_defi,indonesia,USDC
247,0.7427887416696155,117462200443.83209,265,S2_panic_selling_defi,indonesia,USDC
248,0.7510428975180506,114525645432.30063,265,S2_panic_selling_defi,indonesia,USDC
249,0.7724326422127261,111662504296.16925,265,S2_panic_selling_defi,indonesia,USDC
250,0.762673963776094,108870941688.53769,265,S2_panic_selling_defi,indonesia,USDC
251,0.7705304132994589,106149168146.12982,265,S2_panic_selling_defi,indonesia,USDC
252,0.7628533772796795,103495438942.33798,265,S2_panic_selling_defi,indonesia,USDC
253,0.7618523457799252,100908052968.6564,265,S2_panic_selling_defi,indonesia,USDC
254,0.7726985232950375,98385351644.34636,265,S2_panic_selling_defi,indonesia,USDC
255,0.7669148480264198,95925717853.16452,265,S2_panic_selling_defi,indonesia,USDC
256,0.7667883938381755,93527574906.77884,265,S2_panic_selling_defi,indonesia,USDC
257,0.7761889691170748,91189385534.06305,265,S2_panic_selling_defi,indonesia,USDC
258,0.7766065466968985,88909650895.67549,265,S2_panic_selling_defi,indonesia,USDC
259,0.7789902224694502,86686909623.25415,265,S2_panic_selling_defi,indonesia,USDC
260,0.7733430402488285,84519736882.65042,265,S2_panic_selling_defi,indonesia,USDC
261,0.7720879798101601,82406743460.56506,265,S2_panic_selling_defi,indonesia,USDC
262,0.7820171870118616,80346574874.03618,265,S2_panic_selling_defi,indonesia,USDC
263,0.7825884756105415,78337910502.1735,265,S2_panic_selling_defi,indonesia,USDC
264,0.7541496986002768,76379462739.60944,265,S2_panic_selling_defi,indonesia,USDC
265,0.754036398738375,74469976171.11053,265,S2_panic_selling_defi,indonesia,USDC
266,0.7729758656355078,72608226766.82567,265,S2_panic_selling_defi,indonesia,USDC
267,0.7565312607355904,70793021097.65009,265,S2_panic_selling_defi,indonesia,USDC
268,0.7445257986658818,69023195570.20474,265,S2_panic_selling_defi,indonesia,USDC
269,0.7513398092002994,67297615680.94603,265,S2_panic_selling_defi,indonesia,USDC
270,0.7775754255422499,65615175288.9198,265,S2_panic_selling_defi,indonesia,USDC
271,0.7931465286429045,63974795906.694916,265,S2_panic_selling_defi,indonesia,USDC
272,0.7968053402980878,62375426009.02614,265,S2_panic_selling_defi,indonesia,USDC
273,0.7832395711526039,60816040358.79937,265,S2_panic_selling_defi,indonesia,USDC
274,0.7615849755180181,59295639349.82843,265,S2_panic_selling_defi,indonesia,USDC
275,0.7628214986578358,57813248366.08187,265,S2_panic_selling_defi,indonesia,USDC
276,0.7552809986546433,56367917156.929115,265,S2_panic_selling_defi,indonesia,USDC
277,0.7613224032570208,54958719228.00533,265,S2_panic_selling_defi,indonesia,USDC
278,0.7485369201889797,53584751247.304756,265,S2_panic_selling_defi,indonesia,USDC
279,0.7617525299062492,52245132466.12178,265,S2_panic_selling_defi,indonesia,USDC
280,0.7606315127205384,50939004154.46846,265,S2_panic_selling_defi,indonesia,USDC
281,0.7872877452050744,49665529050.60654,265,S2_panic_selling_defi,indonesia,USDC
282,0.781295410590659,48423890824.341225,265,S2_panic_selling_defi,indonesia,USDC
283,0.7695732974314092,47213293553.732574,265,S2_panic_selling_defi,indonesia,USDC
284,0.7754253476982753,46032961214.88915,265,S2_panic_selling_defi,indonesia,USDC
285,0.7598276104529044,44882137184.51684,265,S2_panic_selling_defi,indonesia,USDC
286,0.769577413298655,43760083754.903854,265,S2_panic_selling_defi,indonesia,USDC
287,0.7734570402059172,42666081661.0312,265,S2_panic_selling_defi,indonesia,USDC
288,0.7863706716187776,41599429619.50538,265,S2_panic_selling_defi,indonesia,USDC
289,0.8188911214703327,40559443879.01771,265,S2_panic_selling_defi,indonesia,USDC
290,0.8266145195275801,39545457782.042244,265,S2_panic_selling_defi,indonesia,USDC
291,0.8125335709483615,38556821337.49117,265,S2_panic_selling_defi,indonesia,USDC
292,0.822945767749381,37592900804.05387,265,S2_panic_selling_defi,indonesia,USDC
293,0.7972945030860791,36653078283.952515,265,S2_panic_selling_defi,indonesia,USDC
294,0.7912304586978359,35736751326.85369,265,S2_panic_selling_defi,indonesia,USDC
295,0.7953124865786599,34843332543.68234,265,S2_panic_selling_defi,indonesia,USDC
296,0.8081734727500649,33972249230.09027,265,S2_panic_selling_defi,indonesia,USDC
297,0.809346892578633,33122942999.338005,265,S2_panic_selling_defi,indonesia,USDC
298,0.79755918271246,32294869424.35455,265,S2_panic_selling_defi,indonesia,USDC
299,0.8089712092606448,31487497688.74568,265,S2_panic_selling_defi,indonesia,USDC
300,0.7980322378814508,30700310246.52703,265,S2_panic_selling_defi,indonesia,USDC
301,0.8001088466023971,29932802490.363853,265,S2_panic_selling_defi,indonesia,USDC
302,0.7824005718595647,29184482428.10475,265,S2_panic_selling_defi,indonesia,USDC
303,0.7920641752110723,28454870367.40213,265,S2_panic_selling_defi,indonesia,USDC
304,0.7866479209217309,27743498608.217075,265,S2_panic_selling_defi,indonesia,USDC
305,0.7694812438825883,27049911143.01165,265,S2_panic_selling_defi,indonesia,USDC
306,0.7529385884386155,26373663364.43636,265,S2_panic_selling_defi,indonesia,USDC
307,0.7467848339207434,25714321780.325447,265,S2_panic_selling_defi,indonesia,USDC
308,0.751245954479782,25071463735.817314,265,S2_panic_selling_defi,indonesia,USDC
309,0.7371320829430886,24444677142.42188,265,S2_panic_selling_defi,indonesia,USDC
310,0.7467700192244542,23833560213.861332,265,S2_panic_selling_defi,indonesia,USDC
311,0.7322471663597442,23237721208.5148,265,S2_panic_selling_defi,indonesia,USDC
312,0.7500594860028819,22656778178.30193,265,S2_panic_selling_defi,indonesia,USDC
313,0.7677592193343361,22090358723.84438,265,S2_panic_selling_defi,indonesia,USDC
314,0.7671361455733239,21538099755.748272,265,S2_panic_selling_defi,indonesia,USDC
315,0.7707976035034302,20999647261.854565,265,S2_panic_selling_defi,indonesia,USDC
316,0.8022110495856416,20474656080.3082,265,S2_panic_selling_defi,indonesia,USDC
317,0.7993702643753622,19962789678.300495,265,S2_panic_selling_defi,indonesia,USDC
318,0.8014615561797783,19463719936.342983,265,S2_panic_selling_defi,indonesia,USDC
319,0.8252014274828617,18977126937.934406,265,S2_panic_selling_defi,indonesia,USDC
320,0.8444418116480051,18502698764.486046,265,S2_panic_selling_defi,indonesia,USDC
321,0.8218056264645289,18040131295.373894,265,S2_panic_selling_defi,indonesia,USDC
322,0.8092512590289122,17589128012.989548,265,S2_panic_selling_defi,indonesia,USDC
323,0.8488636128477958,17149399812.66481,265,S2_panic_selling_defi,indonesia,USDC
324,0.830158372777295,16720664817.348188,265,S2_panic_selling_defi,indonesia,USDC
325,0.8133951836265746,16302648196.914482,265,S2_panic_selling_defi,indonesia,USDC
326,0.8121428558331169,15895081991.99162,265,S2_panic_selling_defi,indonesia,USDC
327,0.8044223420944859,15497704942.19183,265,S2_panic_selling_defi,indonesia,USDC
328,0.8045476454169894,15110262318.637033,265,S2_panic_selling_defi,indonesia,USDC
329,0.7989515243797677,14732505760.671108,265,S2_panic_selling_defi,indonesia,USDC
330,0.8035545651087673,14364193116.654331,265,S2_panic_selling_defi,indonesia,USDC
331,0.7909331242419034,14005088288.737972,265,S2_panic_selling_defi,indonesia,USDC
332,0.7784843526044705,13654961081.519524,265,S2_panic_selling_defi,indonesia,USDC
333,0.7724544217606255,13313587054.481533,265,S2_panic_selling_defi,indonesia,USDC
334,0.7712414236171422,12980747378.119495,265,S2_panic_selling_defi,indonesia,USDC
335,0.7807084094732075,12656228693.666508,265,S2_panic_selling_defi,indonesia,USDC
336,0.7936438371588949,12339822976.324844,265,S2_panic_selling_defi,indonesia,USDC
337,0.7979939542433352,12031327401.916725,265,S2_panic_selling_defi,indonesia,USDC
338,0.8112426777698323,11730544216.868807,265,S2_panic_selling_defi,indonesia,USDC
339,0.7885376477729327,11437280611.447086,265,S2_panic_selling_defi,indonesia,USDC
340,0.7859699744409264,11151348596.16091,265,S2_panic_selling_defi,indonesia,USDC
341,0.7753441545459352,10872564881.256887,265,S2_panic_selling_defi,indonesia,USDC
342,0.77923427012629,10600750759.225464,265,S2_panic_selling_defi,indonesia,USDC
343,0.7896017846706228,10335731990.244827,265,S2_panic_selling_defi,indonesia,USDC
344,0.8095039066119137,10077338690.488708,265,S2_panic_selling_defi,indonesia,USDC
345,0.8138826881664691,9825405223.22649,265,S2_panic_selling_defi,indonesia,USDC
346,0.7941524796114016,9579770092.645826,265,S2_panic_selling_defi,indonesia,USDC
347,0.8075436393688824,9340275840.329681,265,S2_panic_selling_defi,indonesia,USDC
348,0.7840297892366099,9106768944.321438,265,S2_panic_selling_defi,indonesia,USDC
349,0.7808053911365332,8879099720.713402,265,S2_panic_selling_defi,indonesia,USDC
350,0.7639138824738719,8657122227.695568,265,S2_panic_selling_defi,indonesia,USDC
351,0.7773988711938068,8440694172.003178,265,S2_panic_selling_defi,indonesia,USDC
352,0.7951095057573115,8229676817.703098,265,S2_panic_selling_defi,indonesia,USDC
353,0.8083828827526924,8023934897.260521,265,S2_panic_selling_defi,indonesia,USDC
354,0.8047811080572681,7823336524.829007,265,S2_panic_selling_defi,indonesia,USDC
355,0.7870604663828552,7627753111.708282,265,S2_panic_selling_defi,indonesia,USDC
356,0.7994964523036319,7437059283.915575,265,S2_panic_selling_defi,indonesia,USDC
357,0.7875824209199273,7251132801.817686,265,S2_panic_selling_defi,indonesia,USDC
358,0.7854857073708422,7069854481.7722435,265,S2_panic_selling_defi,indonesia,USDC
359,0.7678276627585521,6893108119.727938,265,S2_panic_selling_defi,indonesia,USDC
360,0.7625521378699935,6720780416.734739,265,S2_panic_selling_defi,indonesia,USDC
361,0.7743787742908306,6552760906.316372,265,S2_panic_selling_defi,indonesia,USDC
362,0.7785372974626457,6388941883.658463,265,S2_panic_selling_defi,indonesia,USDC
363,0.78266062232268,6229218336.566999,265,S2_panic_selling_defi,indonesia,USDC
364,0.8068297231782134,6073487878.152825,265,S2_panic_selling_defi,indonesia,USDC
365,0.7980268500594666,5921650681.199004,265,S2_panic_selling_defi,indonesia,USDC
366,0.7722206010537555,5773609414.169029,265,S2_panic_selling_defi,indonesia,USDC
367,0.7689768105422229,5629269178.814804,265,S2_panic_selling_defi,indonesia,USDC
368,0.7907300254863834,5488537449.344433,265,S2_panic_selling_defi,indonesia,USDC
369,0.7643893105194115,5351324013.110823,265,S2_panic_selling_defi,indonesia,USDC
370,0.7611386323835876,5217540912.783052,265,S2_panic_selling_defi,indonesia,USDC
371,0.7425092123346301,5087102389.963476,265,S2_panic_selling_defi,indonesia,USDC
372,0.7680388117573872,4959924830.214389,265,S2_panic_selling_defi,indonesia,USDC
373,0.7647860421113652,4835926709.459029,265,S2_panic_selling_defi,indonesia,USDC
374,0.7577243424585212,4715028541.722553,265,S2_panic_selling_defi,indonesia,USDC
375,0.741865420206083,4597152828.179489,265,S2_panic_selling_defi,indonesia,USDC
376,0.7562725737222885,4482224007.475002,265,S2_panic_selling_defi,indonesia,USDC
377,0.7836451938772904,4370168407.288128,265,S2_panic_selling_defi,indonesia,USDC
378,0.7642900347199996,4260914197.1059246,265,S2_panic_selling_defi,indonesia,USDC
379,0.7685400425796125,4154391342.178276,265,S2_panic_selling_defi,indonesia,USDC
380,0.7748562872374254,4050531558.6238194,265,S2_panic_selling_defi,indonesia,USDC
381,0.7920549687671096,3949268269.658224,265,S2_panic_selling_defi,indonesia,USDC
382,0.8125800468732689,3850536562.9167686,265,S2_panic_selling_defi,indonesia,USDC
383,0.8116694780987879,3754273148.843849,265,S2_panic_selling_defi,indonesia,USDC
384,0.7779799280469558,3660416320.122753,265,S2_panic_selling_defi,indonesia,USDC
385,0.7560556749193521,3568905912.119684,265,S2_panic_selling_defi,indonesia,USDC
386,0.751381720911218,3479683264.3166924,265,S2_panic_selling_defi,indonesia,USDC
387,0.7315513225768305,3392691182.7087755,265,S2_panic_selling_defi,indonesia,USDC
388,0.7308041233362913,3307873903.141056,265,S2_panic_selling_defi,indonesia,USDC
389,0.7367666751431194,3225177055.5625296,265,S2_panic_selling_defi,indonesia,USDC
390,0.7334845881756156,3144547629.173466,265,S2_panic_selling_defi,indonesia,USDC
391,0.7426657336609255,3065933938.4441295,265,S2_panic_selling_defi,indonesia,USDC
392,0.7655802565411038,2989285589.9830265,265,S2_panic_selling_defi,indonesia,USDC
393,0.7570523805328171,2914553450.233451,265,S2_panic_selling_defi,indonesia,USDC
394,0.7437867526744673,2841689613.9776144,265,S2_panic_selling_defi,indonesia,USDC
395,0.7746615743612529,2770647373.6281743,265,S2_panic_selling_defi,indonesia,USDC
396,0.7844982270418794,2701381189.28747,265,S2_panic_selling_defi,indonesia,USDC
397,0.7871593086576159,2633846659.555283,265,S2_panic_selling_defi,indonesia,USDC
398,0.8129664280474073,2568000493.0664005,265,S2_panic_selling_defi,indonesia,USDC
399,0.8124443807495954,2503800480.739741,265,S2_panic_selling_defi,indonesia,USDC
400,0.7748508524154475,2441205468.721247,265,S2_panic_selling_defi,indonesia,USDC
401,0.7983450258649626,2380175332.003216,265,S2_panic_selling_defi,indonesia,USDC
402,0.8128361367289806,2320670948.7031355,265,S2_panic_selling_defi,indonesia,USDC
403,0.8170979806397191,2262654174.9855576,265,S2_panic_selling_defi,indonesia,USDC
404,0.7983633557420977,2206087820.610918,265,S2_panic_selling_defi,indonesia,USDC
405,0.7852564011374094,2150935625.095645,265,S2_panic_selling_defi,indonesia,USDC
406,0.802416869979225,2097162234.468254,265,S2_panic_selling_defi,indonesia,USDC
407,0.8064494028201051,2044733178.6065478,265,S2_panic_selling_defi,indonesia,USDC
408,0.8211795178562021,1993614849.1413841,265,S2_panic_selling_defi,indonesia,USDC
409,0.8123688951335574,1943774477.9128494,265,S2_panic_selling_defi,indonesia,USDC
410,0.8090856281182407,1895180115.9650283,265,S2_panic_selling_defi,indonesia,USDC
411,0.8106032304020289,1847800613.0659025,265,S2_panic_selling_defi,indonesia,USDC
412,0.78425764206279,1801605597.739255,265,S2_panic_selling_defi,indonesia,USDC
413,0.8021356503917136,1756565457.7957735,265,S2_panic_selling_defi,indonesia,USDC
414,0.825859326753616,1712651321.3508792,265,S2_panic_selling_defi,indonesia,USDC
415,0.7965442980498628,1669835038.3171072,265,S2_panic_selling_defi,indonesia,USDC
416,0.7761571687961561,1628089162.3591797,265,S2_panic_selling_defi,indonesia,USDC
417,0.761103615123548,1587386933.3002002,265,S2_panic_selling_defi,indonesia,USDC
418,0.7655520108087179,1547702259.9676952,265,S2_panic_selling_defi,indonesia,USDC
419,0.7751530227513322,1509009703.4685028,265,S2_panic_selling_defi,indonesia,USDC
420,0.7765778399543509,1471284460.8817902,265,S2_panic_selling_defi,indonesia,USDC
421,0.7754636441443308,1434502349.3597455,265,S2_panic_selling_defi,indonesia,USDC
422,0.8134990389315925,1398639790.6257517,265,S2_panic_selling_defi,indonesia,USDC
423,0.8186300035013605,1363673795.8601081,265,S2_panic_selling_defi,indonesia,USDC
424,0.8363708521924169,1329581950.9636054,265,S2_panic_selling_defi,indonesia,USDC
425,0.8165059320400527,1296342402.189515,265,S2_panic_selling_defi,indonesia,USDC
426,0.8084370295715619,1263933842.1347775,265,S2_panic_selling_defi,indonesia,USDC
427,0.7884865409649878,1232335496.081408,265,S2_panic_selling_defi,indonesia,USDC
428,0.7829308781910693,1201527108.6793728,265,S2_panic_selling_defi,indonesia,USDC
429,0.7993623072453501,1171488930.9623885,265,S2_panic_selling_defi,indonesia,USDC
430,0.7978582434311462,1142201707.6883287,265,S2_panic_selling_defi,indonesia,USDC
431,0.7829044030933899,1113646664.9961205,265,S2_panic_selling_defi,indonesia,USDC
432,0.7704185261017279,1085805498.3712177,265,S2_panic_selling_defi,indonesia,USDC
433,0.7489911465763283,1058660360.9119372,265,S2_panic_selling_defi,indonesia,USDC
434,0.776796381800716,1032193851.8891387,265,S2_panic_selling_defi,indonesia,USDC
435,0.7576007011516632,1006389005.5919102,265,S2_panic_selling_defi,indonesia,USDC
436,0.77301098199712,981229280.4521124,265,S2_panic_selling_defi,indonesia,USDC
437,0.7739365214175712,956698548.4408097,265,S2_panic_selling_defi,indonesia,USDC
438,0.7917898696704618,932781084.7297893,265,S2_panic_selling_defi,indonesia,USDC
439,0.7696962878077569,909461557.6115446,265,S2_panic_selling_defi,indonesia,USDC
440,0.7466910409532989,886725018.6712561,265,S2_panic_selling_defi,indonesia,USDC
441,0.7660189680569518,864556893.2044747,265,S2_panic_selling_defi,indonesia,USDC
442,0.7660580930101338,842942970.8743627,265,S2_panic_selling_defi,indonesia,USDC
443,0.766367350524643,821869396.6025037,265,S2_panic_selling_defi,indonesia,USDC
444,0.796075719292793,801322661.6874411,265,S2_panic_selling_defi,indonesia,USDC
445,0.8176711540741998,781289595.1452551,265,S2_panic_selling_defi,indonesia,USDC
446,0.8155241598799299,761757355.2666236,265,S2_panic_selling_defi,indonesia,USDC
447,0.8100262113658394,742713421.384958,265,S2_panic_selling_defi,indonesia,USDC
448,0.8318645840258385,724145585.8503342,265,S2_panic_selling_defi,indonesia,USDC
449,0.8327211014843366,706041946.2040758,265,S2_panic_selling_defi,indonesia,USDC
450,0.8170218570220558,688390897.5489739,265,S2_panic_selling_defi,indonesia,USDC
451,0.8176230919713453,671181125.1102495,265,S2_panic_selling_defi,indonesia,USDC
452,0.8173075346240256,654401596.9824933,265,S2_panic_selling_defi,indonesia,USDC
453,0.815295676036907,638041557.057931,265,S2_panic_selling_defi,indonesia,USDC
454,0.8277586763153855,622090518.1314826,265,S2_panic_selling_defi,indonesia,USDC
455,0.8208518994745975,606538255.1781955,265,S2_panic_selling_defi,indonesia,USDC
456,0.8115671253864359,591374798.7987406,265,S2_panic_selling_defi,indonesia,USDC
457,0.8107046381249879,576590428.8287722,265,S2_panic_selling_defi,indonesia,USDC
458,0.8306811236276467,562175668.1080528,265,S2_panic_selling_defi,indonesia,USDC
459,0.8020080625282673,548121276.4053514,265,S2_panic_selling_defi,indonesia,USDC
460,0.783966056370536,534418244.4952177,265,S2_panic_selling_defi,indonesia,USDC
461,0.8049116040242804,521057788.3828372,265,S2_panic_selling_defi,indonesia,USDC
462,0.7959573336097614,508031343.6732663,265,S2_panic_selling_defi,indonesia,USDC
463,0.7957161214323414,495330560.0814346,265,S2_panic_selling_defi,indonesia,USDC
464,0.8069310856912222,482947296.07939875,265,S2_panic_selling_defi,indonesia,USDC
465,0.8095050017567736,470873613.67741376,265,S2_panic_selling_defi,indonesia,USDC
466,0.816629249377452,459101773.3354784,265,S2_panic_selling_defi,indonesia,USDC
467,0.8199846993186926,447624229.0020914,265,S2_panic_selling_defi,indonesia,USDC
468,0.8319446860486107,436433623.2770392,265,S2_panic_selling_defi,indonesia,USDC
469,0.809158435921234,425522782.69511324,265,S2_panic_selling_defi,indonesia,USDC
470,0.8070012665720662,414884713.1277354,265,S2_panic_selling_defi,indonesia,USDC
471,0.7834446485031306,404512595.29954195,265,S2_panic_selling_defi,indonesia,USDC
472,0.7712790837597404,394399780.4170534,265,S2_panic_selling_defi,indonesia,USDC
473,0.7886445243039918,384539785.90662706,265,S2_panic_selling_defi,indonesia,USDC
474,0.7926826464225266,374926291.25896144,265,S2_panic_selling_defi,indonesia,USDC
475,0.7909969839947745,365553133.9774874,265,S2_panic_selling_defi,indonesia,USDC
476,0.7667892042403819,356414305.6280502,265,S2_panic_selling_defi,indonesia,USDC
477,0.7840193563891502,347503947.9873489,265,S2_panic_selling_defi,indonesia,USDC
478,0.7829180477185607,338816349.2876652,265,S2_panic_selling_defi,indonesia,USDC
479,0.7899998701922731,330345940.55547357,265,S2_panic_selling_defi,indonesia,USDC
480,0.7881706107583392,322087292.04158676,265,S2_panic_selling_defi,indonesia,USDC
481,0.7818228800059757,314035109.74054706,265,S2_panic_selling_defi,indonesia,USDC
482,0.775134507821647,306184231.99703336,265,S2_panic_selling_defi,indonesia,USDC
483,0.7575083109479129,298529626.19710755,265,S2_panic_selling_defi,indonesia,USDC
484,0.787430702055022,291066385.5421799,265,S2_panic_selling_defi,indonesia,USDC
485,0.7985548347552223,283789725.90362537,265,S2_panic_selling_defi,indonesia,USDC
486,0.8072594197056155,276694982.75603473,265,S2_panic_selling_defi,indonesia,USDC
487,0.7865388031275499,269777608.18713385,265,S2_panic_selling_defi,indonesia,USDC
488,0.7815801034912482,263033167.98245555,265,S2_panic_selling_defi,indonesia,USDC
489,0.7874462809264374,256457338.78289413,265,S2_panic_selling_defi,indonesia,USDC
490,0.7748435050333089,250045905.3133218,265,S2_panic_selling_defi,indonesia,USDC
491,0.7925030614818018,243794757.68048877,265,S2_panic_selling_defi,indonesia,USDC
492,0.7976285806880025,237699888.73847657,265,S2_panic_selling_defi,indonesia,USDC
493,0.771906150678987,231757391.5200146,265,S2_panic_selling_defi,indonesia,USDC
494,0.7837424883467305,225963456.73201424,265,S2_panic_selling_defi,indonesia,USDC
495,0.7971801076772164,220314370.31371388,265,S2_panic_selling_defi,indonesia,USDC
496,0.7991023342657919,214806511.05587104,265,S2_panic_selling_defi,indonesia,USDC
497,0.8211596683943901,209436348.27947426,265,S2_panic_selling_defi,indonesia,USDC
498,0.8181974685316069,204200439.5724874,265,S2_panic_selling_defi,indonesia,USDC
499,0.8022655374900334,199095428.58317524,265,S2_panic_selling_defi,indonesia,USDC
500,0.8016728575836867,194118042.86859584,265,S2_panic_selling_defi,indonesia,USDC
501,0.789891423021061,189265091.79688096,265,S2_panic_selling_defi,indonesia,USDC
502,0.8117791262137717,184533464.50195894,265,S2_panic_selling_defi,indonesia,USDC
503,0.8415530125613241,179920127.88940996,265,S2_panic_selling_defi,indonesia,USDC
504,0.8330731994788348,175422124.6921747,265,S2_panic_selling_defi,indonesia,USDC
505,0.845231944458223,171036571.57487035,265,S2_panic_selling_defi,indonesia,USDC
506,0.8374936707673993,166760657.28549856,265,S2_panic_selling_defi,indonesia,USDC
507,0.8110736637996078,162591640.8533611,265,S2_panic_selling_defi,indonesia,USDC
508,0.7852771407983284,158526849.83202708,265,S2_panic_selling_defi,indonesia,USDC
509,0.7698574687990395,154563678.5862264,265,S2_panic_selling_defi,indonesia,USDC
510,0.7928171227496518,150699586.62157074,265,S2_panic_selling_defi,indonesia,USDC
511,0.7832068800563395,146932096.9560315,265,S2_panic_selling_defi,indonesia,USDC
512,0.7480241904786907,143258794.5321307,265,S2_panic_selling_defi,indonesia,USDC
513,0.7398745698967549,139677324.66882744,265,S2_panic_selling_defi,indonesia,USDC
514,0.7671105979183432,136185391.55210677,265,S2_panic_selling_defi,indonesia,USDC
515,0.7577125284698056,132780756.76330408,265,S2_panic_selling_defi,indonesia,USDC
516,0.7481274643216658,129461237.84422147,265,S2_panic_selling_defi,indonesia,USDC
517,0.7721875580142054,126224706.89811593,265,S2_panic_selling_defi,indonesia,USDC
518,0.7985943931518046,123069089.22566304,265,S2_panic_selling_defi,indonesia,USDC
519,0.8086904597252925,119992361.99502148,265,S2_panic_selling_defi,indonesia,USDC
520,0.8122703287075461,116992552.94514593,265,S2_panic_selling_defi,indonesia,USDC
521,0.8050183807506565,114067739.12151729,265,S2_panic_selling_defi,indonesia,USDC
522,0.7995933722633097,111216045.64347935,265,S2_panic_selling_defi,indonesia,USDC
523,0.7908224084809753,108435644.50239237,265,S2_panic_selling_defi,indonesia,USDC
524,0.7603096839513926,105724753.38983256,265,S2_panic_selling_defi,indonesia,USDC
525,0.7488762585788448,103081634.55508673,265,S2_panic_selling_defi,indonesia,USDC
526,0.7289202142377411,100504593.69120958,265,S2_panic_selling_defi,indonesia,USDC
527,0.7438105969485884,97991978.84892935,265,S2_panic_selling_defi,indonesia,USDC
528,0.7563385392394592,95542179.37770611,265,S2_panic_selling_defi,indonesia,USDC
529,0.7532082937802994,93153624.89326346,265,S2_panic_selling_defi,indonesia,USDC
530,0.7508581102221676,90824784.27093187,265,S2_panic_selling_defi,indonesia,USDC
531,0.7504495458869548,88554164.66415857,265,S2_panic_selling_defi,indonesia,USDC
532,0.740661150385756,86340310.5475546,265,S2_panic_selling_defi,indonesia,USDC
533,0.731491038671725,84181802.78386573,265,S2_panic_selling_defi,indonesia,USDC
534,0.7500940115242921,82077257.71426909,265,S2_panic_selling_defi,indonesia,USDC
535,0.7763292141870923,80025326.27141236,265,S2_panic_selling_defi,indonesia,USDC
536,0.7815685868429005,78024693.11462706,265,S2_panic_selling_defi,indonesia,USDC
537,0.7840113139358168,76074075.78676137,265,S2_panic_selling_defi,indonesia,USDC
538,0.7764692663931783,74172223.89209235,265,S2_panic_selling_defi,indonesia,USDC
539,0.780320039752228,72317918.29479003,265,S2_panic_selling_defi,indonesia,USDC
540,0.7792954240187978,70509970.33742028,265,S2_panic_selling_defi,indonesia,USDC
541,0.7630353581952993,68747221.07898477,265,S2_panic_selling_defi,indonesia,USDC
542,0.7717221249106165,67028540.55201015,265,S2_panic_selling_defi,indonesia,USDC
543,0.7844297787683011,65352827.0382099,265,S2_panic_selling_defi,indonesia,USDC
544,0.7805123306913649,63719006.36225465,265,S2_panic_selling_defi,indonesia,USDC
545,0.7866657298873733,62126031.203198284,265,S2_panic_selling_defi,indonesia,USDC
546,0.7863679499340771,60572880.42311832,265,S2_panic_selling_defi,indonesia,USDC
547,0.8055355660986274,59058558.41254037,265,S2_panic_selling_defi,indonesia,USDC
548,0.794093223321855,57582094.452226855,265,S2_panic_selling_defi,indonesia,USDC
549,0.7922824302154383,56142542.090921186,265,S2_panic_selling_defi,indonesia,USDC
550,0.773202322340937,54738978.53864815,265,S2_panic_selling_defi,indonesia,USDC
551,0.7819291805900815,53370504.07518195,265,S2_panic_selling_defi,indonesia,USDC
552,0.7868319231639226,52036241.4733024,265,S2_panic_selling_defi,indonesia,USDC
553,0.7921482151929774,50735335.436469845,265,S2_panic_selling_defi,indonesia,USDC
554,0.7810721841422308,49466952.0505581,265,S2_panic_selling_defi,indonesia,USDC
555,0.771795591286957,48230278.24929415,265,S2_panic_selling_defi,indonesia,USDC
556,0.797836975204833,47024521.29306179,265,S2_panic_selling_defi,indonesia,USDC
557,0.8180008841124815,45848908.26073524,265,S2_panic_selling_defi,indonesia,USDC
558,0.7977261831572273,44702685.55421687,265,S2_panic_selling_defi,indonesia,USDC
559,0.8085812906551221,43585118.41536145,265,S2_panic_selling_defi,indonesia,USDC
560,0.789634422367214,42495490.454977416,265,S2_panic_selling_defi,indonesia,USDC
561,0.7922770142224387,41433103.19360298,265,S2_panic_selling_defi,indonesia,USDC
562,0.7743364260065422,40397275.61376291,265,S2_panic_selling_defi,indonesia,USDC
563,0.7652474203441433,39387343.72341883,265,S2_panic_selling_defi,indonesia,USDC
564,0.77365843081456,38402660.130333364,265,S2_panic_selling_defi,indonesia,USDC
565,0.7772587028765983,37442593.62707503,265,S2_panic_selling_defi,indonesia,USDC
566,0.7667418391533706,36506528.78639816,265,S2_panic_selling_defi,indonesia,USDC
567,0.7429759255370416,35593865.5667382,265,S2_panic_selling_defi,indonesia,USDC
568,0.7611169221490217,34704018.92756975,265,S2_panic_selling_defi,indonesia,USDC
569,0.7404561724108817,33836418.4543805,265,S2_panic_selling_defi,indonesia,USDC
570,0.7362363939329527,32990507.99302099,265,S2_panic_selling_defi,indonesia,USDC
571,0.7663187514855192,32165745.293195464,265,S2_panic_selling_defi,indonesia,USDC
572,0.7064930677513542,31361601.66086558,265,S2_panic_selling_defi,indonesia,USDC
573,0.7165855571512585,30577561.619343936,265,S2_panic_selling_defi,indonesia,USDC
574,0.7314893294372585,29813122.57886034,265,S2_panic_selling_defi,indonesia,USDC
575,0.7506453123417537,29067794.514388837,265,S2_panic_selling_defi,indonesia,USDC
576,0.7764292435084712,28341099.65152911,265,S2_panic_selling_defi,indonesia,USDC
577,0.7856218716933754,27632572.16024089,265,S2_panic_selling_defi,indonesia,USDC
578,0.7842298509260286,26941757.856234867,265,S2_panic_selling_defi,indonesia,USDC
579,0.8055946145063595,26268213.909828994,265,S2_panic_selling_defi,indonesia,USDC
580,0.794313535345968,25611508.562083267,265,S2_panic_selling_defi,indonesia,USDC
581,0.7738478552501072,24971220.848031186,265,S2_panic_selling_defi,indonesia,USDC
582,0.7834590264015578,24346940.326830406,265,S2_panic_selling_defi,indonesia,USDC
583,0.7797235060438767,23738266.818659645,265,S2_panic_selling_defi,indonesia,USDC
584,0.7590075803680312,23144810.148193154,265,S2_panic_selling_defi,indonesia,USDC
585,0.7551095509702164,22566189.894488327,265,S2_panic_selling_defi,indonesia,USDC
586,0.7616157424235187,22002035.147126116,265,S2_panic_selling_defi,indonesia,USDC
587,0.7740528232991074,21451984.268447965,265,S2_panic_selling_defi,indonesia,USDC
588,0.7899058850970553,20915684.661736764,265,S2_panic_selling_defi,indonesia,USDC
589,0.8050994552786415,20392792.545193344,265,S2_panic_selling_defi,indonesia,USDC
590,0.8048923657915471,19882972.731563512,265,S2_panic_selling_defi,indonesia,USDC
591,0.8048900891911921,19385898.413274422,265,S2_panic_selling_defi,indonesia,USDC
592,0.8242347337739532,18901250.952942565,265,S2_panic_selling_defi,indonesia,USDC
593,0.8040995802877353,18428719.679119,265,S2_panic_selling_defi,indonesia,USDC
594,0.8129267232870901,17968001.687141024,265,S2_panic_selling_defi,indonesia,USDC
595,0.8100573462005881,17518801.644962497,265,S2_panic_selling_defi,indonesia,USDC
596,0.7955649679712908,17080831.603838436,265,S2_panic_selling_defi,indonesia,USDC
597,0.7973684907859412,16653810.813742476,265,S2_panic_selling_defi,indonesia,USDC
598,0.7897658103260831,16237465.543398915,265,S2_panic_selling_defi,indonesia,USDC
599,0.7965433451600556,15831528.904813942,265,S2_panic_selling_defi,indonesia,USDC
600,0.7980360065372822,15435740.682193592,265,S2_panic_selling_defi,indonesia,USDC
601,0.7682206964556008,15049847.165138751,265,S2_panic_selling_defi,indonesia,USDC
602,0.7761563570989273,14673600.986010283,265,S2_panic_selling_defi,indonesia,USDC
603,0.7882409064336118,14306760.961360026,265,S2_panic_selling_defi,indonesia,USDC
604,0.7971241899711271,13949091.937326025,265,S2_panic_selling_defi,indonesia,USDC
605,0.8125992994094413,13600364.638892874,265,S2_panic_selling_defi,indonesia,USDC
606,0.8033525925140417,13260355.522920553,265,S2_panic_selling_defi,indonesia,USDC
607,0.8174118619820905,12928846.63484754,265,S2_panic_selling_defi,indonesia,USDC
608,0.82337350949501,12605625.46897635,265,S2_panic_selling_defi,indonesia,USDC
609,0.8130175377057312,12290484.832251942,265,S2_panic_selling_defi,indonesia,USDC
610,0.8201345023184465,11983222.711445643,265,S2_panic_selling_defi,indonesia,USDC
611,0.8094561399306655,11683642.143659502,265,S2_panic_selling_defi,indonesia,USDC
612,0.7991385971727687,11391551.090068014,265,S2_panic_selling_defi,indonesia,USDC
613,0.7946851755843064,11106762.312816314,265,S2_panic_selling_defi,indonesia,USDC
614,0.7743509625931368,10829093.254995905,265,S2_panic_selling_defi,indonesia,USDC
615,0.7915988626971667,10558365.923621008,265,S2_panic_selling_defi,indonesia,USDC
616,0.7900300713389509,10294406.775530484,265,S2_panic_selling_defi,indonesia,USDC
617,0.7820496644332957,10037046.606142221,265,S2_panic_selling_defi,indonesia,USDC
618,0.7920202130180631,9786120.440988665,265,S2_panic_selling_defi,indonesia,USDC
619,0.7922298798937129,9541467.42996395,265,S2_panic_selling_defi,indonesia,USDC
620,0.7830464178503802,9302930.74421485,265,S2_panic_selling_defi,indonesia,USDC
621,0.768755087586412,9070357.47560948,265,S2_panic_selling_defi,indonesia,USDC
622,0.7371327981719262,8843598.538719242,265,S2_panic_selling_defi,indonesia,USDC
623,0.7545554807005334,8622508.57525126,265,S2_panic_selling_defi,indonesia,USDC
624,0.7680176820220551,8406945.86086998,265,S2_panic_selling_defi,indonesia,USDC
625,0.7733994579125991,8196772.21434823,265,S2_panic_selling_defi,indonesia,USDC
626,0.7505475617671419,7991852.908989524,265,S2_panic_selling_defi,indonesia,USDC
627,0.7666142060353021,7792056.586264785,265,S2_panic_selling_defi,indonesia,USDC
628,0.762203684972274,7597255.171608166,265,S2_panic_selling_defi,indonesia,USDC
629,0.7921295873483244,7407323.792317962,265,S2_panic_selling_defi,indonesia,USDC
630,0.7928624678067504,7222140.697510013,265,S2_panic_selling_defi,indonesia,USDC
631,0.8169863388361538,7041587.180072263,265,S2_panic_selling_defi,indonesia,USDC
632,0.8062964089582845,6865547.500570456,265,S2_panic_selling_defi,indonesia,USDC
633,0.8229955255060093,6693908.813056195,265,S2_panic_selling_defi,indonesia,USDC
634,0.7990065187282444,6526561.09272979,265,S2_panic_selling_defi,indonesia,USDC
635,0.790522166424563,6363397.065411545,265,S2_panic_selling_defi,indonesia,USDC
636,0.7768638331352141,6204312.138776256,265,S2_panic_selling_defi,indonesia,USDC
637,0.8046791258765004,6049204.335306849,265,S2_panic_selling_defi,indonesia,USDC
638,0.8136375195076231,5897974.226924179,265,S2_panic_selling_defi,indonesia,USDC
639,0.8305382181409011,5750524.871251075,265,S2_panic_selling_defi,indonesia,USDC
640,0.818627415615378,5606761.749469797,265,S2_panic_selling_defi,indonesia,USDC
641,0.8395327430595578,5466592.705733052,265,S2_panic_selling_defi,indonesia,USDC
642,0.8263036985300402,5329927.888089726,265,S2_panic_selling_defi,indonesia,USDC
643,0.8529788118195182,5196679.690887483,265,S2_panic_selling_defi,indonesia,USDC
644,0.834407896597569,5066762.698615296,265,S2_panic_selling_defi,indonesia,USDC
645,0.8399797705716059,4940093.631149913,265,S2_panic_selling_defi,indonesia,USDC
646,0.8243015831353107,4816591.290371166,265,S2_panic_selling_defi,indonesia,USDC
647,0.8093265912289017,4696176.508111887,265,S2_panic_selling_defi,indonesia,USDC
648,0.7981662988100868,4578772.09540909,265,S2_panic_selling_defi,indonesia,USDC
649,0.8025925358255516,4464302.793023863,265,S2_panic_selling_defi,indonesia,USDC
650,0.8352735077653551,4352695.223198267,265,S2_panic_selling_defi,indonesia,USDC
651,0.8267254287999442,4243877.842618309,265,S2_panic_selling_defi,indonesia,USDC
652,0.7976431651141186,4137780.8965528514,265,S2_panic_selling_defi,indonesia,USDC
653,0.8386537258596503,4034336.3741390305,265,S2_panic_selling_defi,indonesia,USDC
654,0.8298234173822552,3933477.9647855544,265,S2_panic_selling_defi,indonesia,USDC
655,0.8237581182265103,3835141.015665916,265,S2_panic_selling_defi,indonesia,USDC
656,0.8111698499875286,3739262.4902742677,265,S2_panic_selling_defi,indonesia,USDC
657,0.813520622492754,3645780.928017411,265,S2_panic_selling_defi,indonesia,USDC
658,0.7899812567116955,3554636.404816976,265,S2_panic_selling_defi,indonesia,USDC
659,0.777700870190573,3465770.494696551,265,S2_panic_selling_defi,indonesia,USDC
660,0.758660307928666,3379126.232329137,265,S2_panic_selling_defi,indonesia,USDC
661,0.7397410017952617,3294648.0765209086,265,S2_panic_selling_defi,indonesia,USDC
662,0.7232290321967902,3212281.874607886,265,S2_panic_selling_defi,indonesia,USDC
663,0.7280885442503335,3131974.827742689,265,S2_panic_selling_defi,indonesia,USDC
664,0.7279666177826708,3053675.4570491216,265,S2_panic_selling_defi,indonesia,USDC
665,0.7516060733155099,2977333.5706228935,265,S2_panic_selling_defi,indonesia,USDC
666,0.7487116170678585,2902900.231357321,265,S2_panic_selling_defi,indonesia,USDC
667,0.7504592617130954,2830327.725573388,265,S2_panic_selling_defi,indonesia,USDC
668,0.7531515059825572,2759569.5324340537,265,S2_panic_selling_defi,indonesia,USDC
669,0.7741522019363108,2690580.294123202,265,S2_panic_selling_defi,indonesia,USDC
670,0.785249518742345,2623315.786770122,265,S2_panic_selling_defi,indonesia,USDC
671,0.7700836439555458,2557732.8921008687,265,S2_panic_selling_defi,indonesia,USDC
672,0.7695127935750792,2493789.569798347,265,S2_panic_selling_defi,indonesia,USDC
673,0.7664932175123249,2431444.830553388,265,S2_panic_selling_defi,indonesia,USDC
674,0.7703823595132424,2370658.7097895537,265,S2_panic_selling_defi,indonesia,USDC
675,0.7862036773128744,2311392.242044815,265,S2_panic_selling_defi,indonesia,USDC
676,0.7999338248072969,2253607.4359936942,265,S2_panic_selling_defi,indonesia,USDC
677,0.7992899335381762,2197267.250093852,265,S2_panic_selling_defi,indonesia,USDC
678,0.7823206299376092,2142335.568841506,265,S2_panic_selling_defi,indonesia,USDC
679,0.7893313770245003,2088777.179620468,265,S2_panic_selling_defi,indonesia,USDC
680,0.8090201964911327,2036557.7501299563,265,S2_panic_selling_defi,indonesia,USDC
681,0.8098338401279502,1985643.8063767073,265,S2_panic_selling_defi,indonesia,USDC
682,0.8048784554227278,1936002.7112172898,265,S2_panic_selling_defi,indonesia,USDC
683,0.826581966021663,1887602.6434368575,265,S2_panic_selling_defi,indonesia,USDC
684,0.8388536407467492,1840412.577350936,265,S2_panic_selling_defi,indonesia,USDC
685,0.8497364901089175,1794402.2629171629,265,S2_panic_selling_defi,indonesia,USDC
686,0.8509962603378235,1749542.2063442338,265,S2_panic_selling_defi,indonesia,USDC
687,0.8506566305530452,1705803.651185628,265,S2_panic_selling_defi,indonesia,USDC
688,0.8414036278658737,1663158.5599059872,265,S2_panic_selling_defi,indonesia,USDC
689,0.8386416136793031,1621579.5959083377,265,S2_panic_selling_defi,indonesia,USDC
690,0.8358789438341343,1581040.106010629,265,S2_panic_selling_defi,indonesia,USDC
691,0.8409112810757999,1541514.1033603633,265,S2_panic_selling_defi,indonesia,USDC
692,0.8249513999420448,1502976.2507763545,265,S2_panic_selling_defi,indonesia,USDC
693,0.8130719411609373,1465401.8445069455,265,S2_panic_selling_defi,indonesia,USDC
694,0.8205891975172592,1428766.7983942719,265,S2_panic_selling_defi,indonesia,USDC
695,0.8163807847637443,1393047.628434415,265,S2_panic_selling_defi,indonesia,USDC
696,0.818772688781423,1358221.4377235547,265,S2_panic_selling_defi,indonesia,USDC
697,0.8413315407630474,1324265.9017804659,265,S2_panic_selling_defi,indonesia,USDC
698,0.8299172400645589,1291159.2542359543,265,S2_panic_selling_defi,indonesia,USDC
699,0.821665547823155,1258880.2728800555,265,S2_panic_selling_defi,indonesia,USDC
700,0.8196072006455405,1227408.2660580538,265,S2_panic_selling_defi,indonesia,USDC
701,0.8358400108155569,1196723.0594066025,265,S2_panic_selling_defi,indonesia,USDC
702,0.7998477388898301,1166804.9829214376,265,S2_panic_selling_defi,indonesia,USDC
703,0.7975561898033957,1137634.8583484017,265,S2_panic_selling_defi,indonesia,USDC
704,0.8208443806617021,1109193.9868896916,265,S2_panic_selling_defi,indonesia,USDC
705,0.811013839427937,1081464.1372174493,265,S2_panic_selling_defi,indonesia,USDC
706,0.805048426791494,1054427.533787013,265,S2_panic_selling_defi,indonesia,USDC
707,0.8131339646930719,1028066.8454423377,265,S2_panic_selling_defi,indonesia,USDC
708,0.8463473195556136,1002365.1743062793,265,S2_panic_selling_defi,indonesia,USDC
709,0.8613094213732453,977306.0449486224,265,S2_panic_selling_defi,indonesia,USDC
710,0.8751068266448552,952873.3938249068,265,S2_panic_selling_defi,indonesia,USDC
711,0.872286000681526,929051.5589792841,265,S2_panic_selling_defi,indonesia,USDC
712,0.8642102130443146,905825.270004802,265,S2_panic_selling_defi,indonesia,USDC
713,0.8504132819366307,883179.6382546818,265,S2_panic_selling_defi,indonesia,USDC
714,0.8534502134565484,861100.147298315,265,S2_panic_selling_defi,indonesia,USDC
715,0.8348166765419666,839572.643615857,265,S2_panic_selling_defi,indonesia,USDC
716,0.800993692421773,818583.3275254606,265,S2_panic_selling_defi,indonesia,USDC
717,0.800044469910274,798118.744337324,265,S2_panic_selling_defi,indonesia,USDC
718,0.7790669372114306,778165.7757288909,265,S2_panic_selling_defi,indonesia,USDC
719,0.7494426118502988,758711.6313356687,265,S2_panic_selling_defi,indonesia,USDC
720,0.7516709261518465,739743.8405522769,265,S2_panic_selling_defi,indonesia,USDC
721,0.7669809021024293,721250.24453847,265,S2_panic_selling_defi,indonesia,USDC
722,0.7989797308746637,703218.9884250083,265,S2_panic_selling_defi,indonesia,USDC
723,0.7859826728953004,685638.5137143831,265,S2_panic_selling_defi,indonesia,USDC
724,0.7901031253535968,668497.5508715234,265,S2_panic_selling_defi,indonesia,USDC
725,0.8130377693058307,651785.1120997354,265,S2_panic_selling_defi,indonesia,USDC
726,0.8105183173762482,635490.484297242,265,S2_panic_selling_defi,indonesia,USDC
727,0.8045799518124197,619603.222189811,265,S2_panic_selling_defi,indonesia,USDC
728,0.7952875662792034,604113.1416350657,265,S2_panic_selling_defi,indonesia,USDC
729,0.7948958400426913,589010.3130941889,265,S2_panic_selling_defi,indonesia,USDC
730,0.8192523146317704,574285.0552668342,265,S2_panic_selling_defi,indonesia,USDC
731,0.8319964487975186,559927.9288851634,265,S2_panic_selling_defi,indonesia,USDC
732,0.8140904851240325,545929.7306630344,265,S2_panic_selling_defi,indonesia,USDC
733,0.8127492641065533,532281.4873964585,265,S2_panic_selling_defi,indonesia,USDC
734,0.8002161386197661,518974.45021154697,265,S2_panic_selling_defi,indonesia,USDC
735,0.8190385737217519,506000.0889562583,265,S2_panic_selling_defi,indonesia,USDC
736,0.8078604186068257,493350.0867323519,265,S2_panic_selling_defi,indonesia,USDC
737,0.8088176651156999,481016.3345640431,265,S2_panic_selling_defi,indonesia,USDC
738,0.7952357387708017,468990.926199942,265,S2_panic_selling_defi,indonesia,USDC
739,0.8056508302186364,457266.15304494346,265,S2_panic_selling_defi,indonesia,USDC
740,0.8212555308567348,445834.4992188199,265,S2_panic_selling_defi,indonesia,USDC
741,0.7970592386555821,434688.6367383494,265,S2_panic_selling_defi,indonesia,USDC
742,0.7928739816991442,423821.4208198906,265,S2_panic_selling_defi,indonesia,USDC
743,0.787519059872592,413225.8852993933,265,S2_panic_selling_defi,indonesia,USDC
744,0.7904390833949493,402895.2381669085,265,S2_panic_selling_defi,indonesia,USDC
745,0.7888333920364656,392822.8572127358,265,S2_panic_selling_defi,indonesia,USDC
746,0.7805518998886928,383002.2857824174,265,S2_panic_selling_defi,indonesia,USDC
747,0.7992477816642584,373427.22863785696,265,S2_panic_selling_defi,indonesia,USDC
748,0.7992120496476373,364091.54792191053,265,S2_panic_selling_defi,indonesia,USDC
749,0.7146437830388124,354989.2592238628,265,S2_panic_selling_defi,indonesia,USDC
750,0.7327202931390839,346114.5277432662,265,S2_panic_selling_defi,indonesia,USDC
751,0.7477272328160223,337461.6645496846,265,S2_panic_selling_defi,indonesia,USDC
752,0.754264157039202,329025.1229359425,265,S2_panic_selling_defi,indonesia,USDC
753,0.757548871191849,320799.4948625439,265,S2_panic_selling_defi,indonesia,USDC
754,0.7713472622793803,312779.5074909803,265,S2_panic_selling_defi,indonesia,USDC
755,0.773977051227516,304960.0198037058,265,S2_panic_selling_defi,indonesia,USDC
756,0.7840080518916784,297336.01930861315,265,S2_panic_selling_defi,indonesia,USDC
757,0.7839923858828419,289902.61882589787,265,S2_panic_selling_defi,indonesia,USDC
758,0.7650985437686311,282655.0533552504,265,S2_panic_selling_defi,indonesia,USDC
759,0.7892854523468983,275588.67702136916,265,S2_panic_selling_defi,indonesia,USDC
760,0.798090999117506,268698.9600958349,265,S2_panic_selling_defi,indonesia,USDC
761,0.78849555808774,261981.48609343905,265,S2_panic_selling_defi,indonesia,USDC
762,0.789820331388699,255431.94894110307,265,S2_panic_selling_defi,indonesia,USDC
763,0.7998177067444898,249046.1502175755,265,S2_panic_selling_defi,indonesia,USDC
764,0.7771834040176315,242819.9964621361,265,S2_panic_selling_defi,indonesia,USDC
765,0.7719213244295381,236749.4965505827,265,S2_panic_selling_defi,indonesia,USDC
766,0.7909788809214874,230830.75913681812,265,S2_panic_selling_defi,indonesia,USDC
767,0.7735631403292436,225059.99015839765,265,S2_panic_selling_defi,indonesia,USDC
768,0.75711871322736,219433.4904044377,265,S2_panic_selling_defi,indonesia,USDC
769,0.7585227432432967,213947.65314432676,265,S2_panic_selling_defi,indonesia,USDC
770,0.7592584000599502,208598.96181571862,265,S2_panic_selling_defi,indonesia,USDC
771,0.7687976700026588,203383.98777032568,265,S2_panic_selling_defi,indonesia,USDC
772,0.7590274880531582,198299.38807606752,265,S2_panic_selling_defi,indonesia,USDC
773,0.7695034173668017,193341.90337416582,265,S2_panic_selling_defi,indonesia,USDC
774,0.7761004183296648,188508.3557898117,265,S2_panic_selling_defi,indonesia,USDC
775,0.7636275775668122,183795.6468950664,265,S2_panic_selling_defi,indonesia,USDC
776,0.7820235044622498,179200.75572268973,265,S2_panic_selling_defi,indonesia,USDC
777,0.7863075324550765,174720.73682962247,265,S2_panic_selling_defi,indonesia,USDC
778,0.8078742881332343,170352.71840888192,265,S2_panic_selling_defi,indonesia,USDC
779,0.8136767610142877,166093.90044865987,265,S2_panic_selling_defi,indonesia,USDC
780,0.8129361038639331,161941.5529374434,265,S2_panic_selling_defi,indonesia,USDC
781,0.8116575451561951,157893.0141140073,265,S2_panic_selling_defi,indonesia,USDC
782,0.8124066158997076,153945.68876115713,265,S2_panic_selling_defi,indonesia,USDC
783,0.802998063057376,150097.0465421282,265,S2_panic_selling_defi,indonesia,USDC
784,0.7912515841449873,146344.620378575,265,S2_panic_selling_defi,indonesia,USDC
785,0.790162953533889,142686.00486911062,265,S2_panic_selling_defi,indonesia,USDC
786,0.77936474514706,139118.85474738287,265,S2_panic_selling_defi,indonesia,USDC
787,0.814402211982301,135640.8833786983,265,S2_panic_selling_defi,indonesia,USDC
788,0.8144817528635722,132249.86129423082,265,S2_panic_selling_defi,indonesia,USDC
789,0.7886998725980415,128943.61476187504,265,S2_panic_selling_defi,indonesia,USDC
790,0.7930078474937162,125720.02439282817,265,S2_panic_selling_defi,indonesia,USDC
791,0.804937772280263,122577.02378300748,265,S2_panic_selling_defi,indonesia,USDC
792,0.789363603335955,119512.59818843228,265,S2_panic_selling_defi,indonesia,USDC
793,0.7935946704929152,116524.78323372148,265,S2_panic_selling_defi,indonesia,USDC
794,0.7803600159295176,113611.66365287843,265,S2_panic_selling_defi,indonesia,USDC
795,0.775415058181594,110771.37206155648,265,S2_panic_selling_defi,indonesia,USDC
796,0.776244913283348,108002.08776001756,265,S2_panic_selling_defi,indonesia,USDC
797,0.7619816586466365,105302.03556601713,265,S2_panic_selling_defi,indonesia,USDC
798,0.7719318307611722,102669.4846768667,265,S2_panic_selling_defi,indonesia,USDC
799,0.7483487402345436,100102.74755994503,265,S2_panic_selling_defi,indonesia,USDC
800,0.753604045053857,97600.1788709464,265,S2_panic_selling_defi,indonesia,USDC
801,0.7566684962855191,95160.17439917274,265,S2_panic_selling_defi,indonesia,USDC
802,0.7435552290684017,92781.17003919341,265,S2_panic_selling_defi,indonesia,USDC
803,0.7258688527089572,90461.64078821358,265,S2_panic_selling_defi,indonesia,USDC
804,0.7423927949391836,88200.09976850824,265,S2_panic_selling_defi,indonesia,USDC
805,0.7419329131079698,85995.09727429553,265,S2_panic_selling_defi,indonesia,USDC
806,0.7594437258325796,83845.21984243815,265,S2_panic_selling_defi,indonesia,USDC
807,0.7506925444843212,81749.0893463772,265,S2_panic_selling_defi,indonesia,USDC
808,0.7574965470268955,79705.36211271776,265,S2_panic_selling_defi,indonesia,USDC
809,0.7671378114707877,77712.72805989982,265,S2_panic_selling_defi,indonesia,USDC
810,0.7518597195979879,75769.90985840233,265,S2_panic_selling_defi,indonesia,USDC
811,0.7444028773225343,73875.66211194228,265,S2_panic_selling_defi,indonesia,USDC
812,0.7355476022350806,72028.77055914371,265,S2_panic_selling_defi,indonesia,USDC
813,0.7576563951309493,70228.05129516512,265,S2_panic_selling_defi,indonesia,USDC
814,0.7461780370002987,68472.35001278599,265,S2_panic_selling_defi,indonesia,USDC
815,0.7555488923787154,66760.54126246634,265,S2_panic_selling_defi,indonesia,USDC
816,0.7412687050803016,65091.52773090468,265,S2_panic_selling_defi,indonesia,USDC
817,0.7747657138534493,63464.239537632064,265,S2_panic_selling_defi,indonesia,USDC
818,0.7531901432517695,61877.63354919127,265,S2_panic_selling_defi,indonesia,USDC
819,0.7356542537680397,60330.69271046148,265,S2_panic_selling_defi,indonesia,USDC
820,0.7586231949600447,58822.425392699944,265,S2_panic_selling_defi,indonesia,USDC
821,0.7748015680679763,57351.864757882446,265,S2_panic_selling_defi,indonesia,USDC
822,0.7708384151984875,55918.068138935385,265,S2_panic_selling_defi,indonesia,USDC
823,0.7871742502809672,54520.116435462,265,S2_panic_selling_defi,indonesia,USDC
824,0.7681892532253738,53157.11352457544,265,S2_panic_selling_defi,indonesia,USDC
825,0.7721474888427634,51828.18568646106,265,S2_panic_selling_defi,indonesia,USDC
826,0.766812905720325,50532.48104429954,265,S2_panic_selling_defi,indonesia,USDC
827,0.7689936725429611,49269.16901819204,265,S2_panic_selling_defi,indonesia,USDC
828,0.7809320258578767,48037.43979273724,265,S2_panic_selling_defi,indonesia,USDC
829,0.7830925009956375,46836.50379791881,265,S2_panic_selling_defi,indonesia,USDC
830,0.78859116529827,45665.591202970834,265,S2_panic_selling_defi,indonesia,USDC
831,0.7842523890488886,44523.95142289657,265,S2_panic_selling_defi,indonesia,USDC
832,0.7842412253779468,43410.852637324155,265,S2_panic_selling_defi,indonesia,USDC
833,0.7848799974077447,42325.58132139105,265,S2_panic_selling_defi,indonesia,USDC
834,0.81849367273459,41267.44178835627,265,S2_panic_selling_defi,indonesia,USDC
835,0.8115662095353355,40235.755743647365,265,S2_panic_selling_defi,indonesia,USDC
836,0.8344685609784966,39229.861850056186,265,S2_panic_selling_defi,indonesia,USDC
837,0.8311925326636693,38249.11530380478,265,S2_panic_selling_defi,indonesia,USDC
838,0.8194468654890904,37292.887421209656,265,S2_panic_selling_defi,indonesia,USDC
839,0.8276479268941644,36360.565235679416,265,S2_panic_selling_defi,indonesia,USDC
840,0.8247337608437834,35451.55110478743,265,S2_panic_selling_defi,indonesia,USDC
841,0.8117886942911139,34565.262327167744,265,S2_panic_selling_defi,indonesia,USDC
842,0.8228511294340315,33701.13076898855,265,S2_panic_selling_defi,indonesia,USDC
843,0.844382523807834,32858.60249976384,265,S2_panic_selling_defi,indonesia,USDC
844,0.8212549665295574,32037.13743726974,265,S2_panic_selling_defi,indonesia,USDC
845,0.8266941274189813,31236.209001338,265,S2_panic_selling_defi,indonesia,USDC
846,0.8291928367738838,30455.30377630455,265,S2_panic_selling_defi,indonesia,USDC
847,0.8269127105593278,29693.921181896934,265,S2_panic_selling_defi,indonesia,USDC
848,0.8333075283885718,28951.57315234951,265,S2_panic_selling_defi,indonesia,USDC
849,0.8457441121113312,28227.783823540773,265,S2_panic_selling_defi,indonesia,USDC
850,0.8459843977465121,27522.089227952252,265,S2_panic_selling_defi,indonesia,USDC
851,0.851138170255077,26834.036997253454,265,S2_panic_selling_defi,indonesia,USDC
852,0.8339493878935986,26163.186072322114,265,S2_panic_selling_defi,indonesia,USDC
853,0.8662102027736897,25509.106420514057,265,S2_panic_selling_defi,indonesia,USDC
854,0.8677023772569168,24871.378760001207,265,S2_panic_selling_defi,indonesia,USDC
855,0.836157796725378,24249.59429100118,265,S2_panic_selling_defi,indonesia,USDC
856,0.7272030504974595,23643.35443372615,265,S2_panic_selling_defi,indonesia,USDC
857,0.7419492938282763,23052.270572882997,265,S2_panic_selling_defi,indonesia,USDC
858,0.7430298050507546,22475.963808560922,265,S2_panic_selling_defi,indonesia,USDC
859,0.7619074382530716,21914.0647133469,265,S2_panic_selling_defi,indonesia,USDC
860,0.7669845283095171,21366.213095513227,265,S2_panic_selling_defi,indonesia,USDC
861,0.7650902793115215,20832.057768125396,265,S2_panic_selling_defi,indonesia,USDC
862,0.7589269210219184,20311.256323922258,265,S2_panic_selling_defi,indonesia,USDC
863,0.7126745042274053,19803.474915824205,265,S2_panic_selling_defi,indonesia,USDC
864,0.7377226563778428,19308.3880429286,265,S2_panic_selling_defi,indonesia,USDC
865,0.7788251376784482,18825.678341855382,265,S2_panic_selling_defi,indonesia,USDC
866,0.7958844205449859,18355.036383308998,265,S2_panic_selling_defi,indonesia,USDC
867,0.7808803302349784,17896.160473726275,265,S2_panic_selling_defi,indonesia,USDC
868,0.7125138169205033,17448.756461883117,265,S2_panic_selling_defi,indonesia,USDC
869,0.7520183728029748,17012.537550336037,265,S2_panic_selling_defi,indonesia,USDC
870,0.749044120279644,16587.224111577634,265,S2_panic_selling_defi,indonesia,USDC
871,0.7498705323828297,16172.543508788196,265,S2_panic_selling_defi,indonesia,USDC
872,0.7263142427760966,15768.22992106849,265,S2_panic_selling_defi,indonesia,USDC
873,0.7379204179802117,15374.02417304178,265,S2_panic_selling_defi,indonesia,USDC
874,0.7352614020799524,14989.673568715734,265,S2_panic_selling_defi,indonesia,USDC
875,0.7302137997928454,14614.931729497843,265,S2_panic_selling_defi,indonesia,USDC
876,0.7330451484070561,14249.558436260399,265,S2_panic_selling_defi,indonesia,USDC
877,0.7451126801719508,13893.319475353886,265,S2_panic_selling_defi,indonesia,USDC
878,0.7581689861632968,13545.98648847004,265,S2_panic_selling_defi,indonesia,USDC
879,0.7606143997670136,13207.336826258288,265,S2_panic_selling_defi,indonesia,USDC
880,0.768916577084091,12877.153405601832,265,S2_panic_selling_defi,indonesia,USDC
881,0.7631099289868278,12555.224570461785,265,S2_panic_selling_defi,indonesia,USDC
882,0.7539549845516194,12241.343956200242,265,S2_panic_selling_defi,indonesia,USDC
883,0.7395700909568452,11935.310357295235,265,S2_panic_selling_defi,indonesia,USDC
884,0.7600825035459535,11636.927598362854,265,S2_panic_selling_defi,indonesia,USDC
885,0.7649409733717143,11346.004408403784,265,S2_panic_selling_defi,indonesia,USDC
886,0.7493429550865348,11062.354298193688,265,S2_panic_selling_defi,indonesia,USDC
887,0.7450077134341242,10785.795440738846,265,S2_panic_selling_defi,indonesia,USDC
888,0.7664040861333046,10516.150554720374,265,S2_panic_selling_defi,indonesia,USDC
889,0.7750748783533346,10253.246790852365,265,S2_panic_selling_defi,indonesia,USDC
890,0.7617188270089976,9996.915621081058,265,S2_panic_selling_defi,indonesia,USDC
891,0.7638542270855101,9746.99273055403,265,S2_panic_selling_defi,indonesia,USDC
892,0.7682984815128805,9503.317912290178,265,S2_panic_selling_defi,indonesia,USDC
893,0.7705169351810891,9265.734964482925,265,S2_panic_selling_defi,indonesia,USDC
894,0.7850121437333796,9034.091590370852,265,S2_panic_selling_defi,indonesia,USDC
895,0.773999534018193,8808.23930061158,265,S2_panic_selling_defi,indonesia,USDC
896,0.7780472985191558,8588.033318096292,265,S2_panic_selling_defi,indonesia,USDC
897,0.7541256049207604,8373.332485143885,265,S2_panic_selling_defi,indonesia,USDC
898,0.7568231812006214,8163.999173015287,265,S2_panic_selling_defi,indonesia,USDC
899,0.7709381198552319,7959.899193689904,265,S2_panic_selling_defi,indonesia,USDC
900,0.7625310639770244,7760.901713847657,265,S2_panic_selling_defi,indonesia,USDC
901,0.7816143207908741,7566.879171001465,265,S2_panic_selling_defi,indonesia,USDC
902,0.7944592558642417,7377.707191726428,265,S2_panic_selling_defi,indonesia,USDC
903,0.789975548196731,7193.264511933267,265,S2_panic_selling_defi,indonesia,USDC
904,0.818081798784635,7013.432899134936,265,S2_panic_selling_defi,indonesia,USDC
905,0.8074209117889682,6838.097076656563,265,S2_panic_selling_defi,indonesia,USDC
906,0.8002297320727502,6667.144649740149,265,S2_panic_selling_defi,indonesia,USDC
907,0.7734228552368212,6500.466033496646,265,S2_panic_selling_defi,indonesia,USDC
908,0.7748505319115649,6337.954382659229,265,S2_panic_selling_defi,indonesia,USDC
909,0.7904797451266385,6179.505523092748,265,S2_panic_selling_defi,indonesia,USDC
910,0.8005640454818608,6025.01788501543,265,S2_panic_selling_defi,indonesia,USDC
911,0.8098276750135804,5874.392437890044,265,S2_panic_selling_defi,indonesia,USDC
912,0.7833588559200785,5727.532626942793,265,S2_panic_selling_defi,indonesia,USDC
913,0.7739812376669263,5584.344311269223,265,S2_panic_selling_defi,indonesia,USDC
914,0.7827400894703238,5444.735703487493,265,S2_panic_selling_defi,indonesia,USDC
915,0.782928579459157,5308.617310900305,265,S2_panic_selling_defi,indonesia,USDC
916,0.8148270148632074,5175.901878127797,265,S2_panic_selling_defi,indonesia,USDC
917,0.796411357172405,5046.504331174603,265,S2_panic_selling_defi,indonesia,USDC
918,0.8135136976189525,4920.341722895238,265,S2_panic_selling_defi,indonesia,USDC
919,0.8226926977932632,4797.333179822856,265,S2_panic_selling_defi,indonesia,USDC
920,0.8208745408098406,4677.399850327285,265,S2_panic_selling_defi,indonesia,USDC
921,0.8250313486933739,4560.464854069103,265,S2_panic_selling_defi,indonesia,USDC
922,0.7949120668695593,4446.453232717376,265,S2_panic_selling_defi,indonesia,USDC
923,0.789060053058395,4335.291901899441,265,S2_panic_selling_defi,indonesia,USDC
924,0.7777685636854254,4226.909604351955,265,S2_panic_selling_defi,indonesia,USDC
925,0.7846894517252724,4121.236864243157,265,S2_panic_selling_defi,indonesia,USDC
926,0.7911958450196612,4018.2059426370774,265,S2_panic_selling_defi,indonesia,USDC
927,0.7626091629958248,3917.750794071151,265,S2_panic_selling_defi,indonesia,USDC
928,0.763477721849312,3819.8070242193717,265,S2_panic_selling_defi,indonesia,USDC
929,0.7825882057318052,3724.3118486138874,265,S2_panic_selling_defi,indonesia,USDC
930,0.7903997845673529,3631.2040523985406,265,S2_panic_selling_defi,indonesia,USDC
931,0.807020273610906,3540.4239510885773,265,S2_panic_selling_defi,indonesia,USDC
932,0.8360844488654395,3451.9133523113624,265,S2_panic_selling_defi,indonesia,USDC
933,0.8372056113834698,3365.6155185035786,265,S2_panic_selling_defi,indonesia,USDC
934,0.815092341219056,3281.4751305409886,265,S2_panic_selling_defi,indonesia,USDC
935,0.809310317461925,3199.438252277464,265,S2_panic_selling_defi,indonesia,USDC
936,0.7830662132614042,3119.4522959705273,265,S2_panic_selling_defi,indonesia,USDC
937,0.7641338710016274,3041.4659885712645,265,S2_panic_selling_defi,indonesia,USDC
938,0.7691221166756572,2965.4293388569827,265,S2_panic_selling_defi,indonesia,USDC
939,0.7603896213178234,2891.293605385558,265,S2_panic_selling_defi,indonesia,USDC
940,0.7830143334017895,2819.011265250919,265,S2_panic_selling_defi,indonesia,USDC
941,0.7762303708932526,2748.5359836196462,265,S2_panic_selling_defi,indonesia,USDC
942,0.7781687759292987,2679.822584029155,265,S2_panic_selling_defi,indonesia,USDC
943,0.7928442680179109,2612.827019428426,265,S2_panic_selling_defi,indonesia,USDC
944,0.7988938759494715,2547.5063439427154,265,S2_panic_selling_defi,indonesia,USDC
945,0.7540446712313096,2483.8186853441475,265,S2_panic_selling_defi,indonesia,USDC
946,0.762477000394895,2421.7232182105436,265,S2_panic_selling_defi,indonesia,USDC
947,0.7706708873908962,2361.18013775528,265,S2_panic_selling_defi,indonesia,USDC
948,0.765944560154418,2302.1506343113983,265,S2_panic_selling_defi,indonesia,USDC
949,0.7701173055177413,2244.5968684536133,265,S2_panic_selling_defi,indonesia,USDC
950,0.7809142278877711,2188.481946742273,265,S2_panic_selling_defi,indonesia,USDC
951,0.7752484959730429,2133.769898073716,265,S2_panic_selling_defi,indonesia,USDC
952,0.7880186843232201,2080.4256506218735,265,S2_panic_selling_defi,indonesia,USDC
953,0.7859109785569417,2028.4150093563262,265,S2_panic_selling_defi,indonesia,USDC
954,0.7929565575224653,1977.7046341224182,265,S2_panic_selling_defi,indonesia,USDC
955,0.7882953533541058,1928.2620182693577,265,S2_panic_selling_defi,indonesia,USDC
956,0.7969886253047164,1880.0554678126239,265,S2_panic_selling_defi,indonesia,USDC
957,0.8192016374820908,1833.0540811173084,265,S2_panic_selling_defi,indonesia,USDC
958,0.8214433691641425,1787.2277290893755,265,S2_panic_selling_defi,indonesia,USDC
959,0.8151339895612881,1742.5470358621415,265,S2_panic_selling_defi,indonesia,USDC
960,0.8219897560034928,1698.9833599655876,265,S2_panic_selling_defi,indonesia,USDC
961,0.8484594553211201,1656.508775966448,265,S2_panic_selling_defi,indonesia,USDC
962,0.8351676359447701,1615.0960565672867,265,S2_panic_selling_defi,indonesia,USDC
963,0.8180852396615661,1574.7186551531045,265,S2_panic_selling_defi,indonesia,USDC
964,0.8233296901683275,1535.350688774277,265,S2_panic_selling_defi,indonesia,USDC
965,0.8350203051972296,1496.96692155492,265,S2_panic_selling_defi,indonesia,USDC
966,0.8176965400519881,1459.542748516047,265,S2_panic_selling_defi,indonesia,USDC
967,0.8348730315099159,1423.0541798031459,265,S2_panic_selling_defi,indonesia,USDC
968,0.8010789420206593,1387.4778253080672,265,S2_panic_selling_defi,indonesia,USDC
969,0.819439612814506,1352.7908796753654,265,S2_panic_selling_defi,indonesia,USDC
970,0.8197097398737931,1318.9711076834813,265,S2_panic_selling_defi,indonesia,USDC
971,0.8059253515499241,1285.9968299913944,265,S2_panic_selling_defi,indonesia,USDC
972,0.8056734450607634,1253.8469092416094,265,S2_panic_selling_defi,indonesia,USDC
973,0.830485613746693,1222.5007365105691,265,S2_panic_selling_defi,indonesia,USDC
974,0.8064738305567717,1191.938218097805,265,S2_panic_selling_defi,indonesia,USDC
975,0.7803449605653258,1162.13976264536,265,S2_panic_selling_defi,indonesia,USDC
976,0.7770655620425727,1133.0862685792258,265,S2_panic_selling_defi,indonesia,USDC
977,0.7750268463269451,1104.7591118647454,265,S2_panic_selling_defi,indonesia,USDC
978,0.7670179638665604,1077.1401340681268,265,S2_panic_selling_defi,indonesia,USDC
979,0.7599947533543765,1050.2116307164235,265,S2_panic_selling_defi,indonesia,USDC
980,0.7668083253500602,1023.9563399485129,265,S2_panic_selling_defi,indonesia,USDC
981,0.7637842202660334,998.3574314498001,265,S2_panic_selling_defi,indonesia,USDC
982,0.7739933860031906,973.3984956635551,265,S2_panic_selling_defi,indonesia,USDC
983,0.7733024132684687,949.0635332719662,265,S2_panic_selling_defi,indonesia,USDC
984,0.7735000880291447,925.336944940167,265,S2_panic_selling_defi,indonesia,USDC
985,0.75931392409595,902.2035213166629,265,S2_panic_selling_defi,indonesia,USDC
986,0.7668608510186904,879.6484332837463,265,S2_panic_selling_defi,indonesia,USDC
987,0.7482201055204194,857.6572224516526,265,S2_panic_selling_defi,indonesia,USDC
988,0.743380637227059,836.2157918903613,265,S2_panic_selling_defi,indonesia,USDC
989,0.7558439084888939,815.3103970931022,265,S2_panic_selling_defi,indonesia,USDC
990,0.7738016953437848,794.9276371657747,265,S2_panic_selling_defi,indonesia,USDC
991,0.7867784768629984,775.0544462366304,265,S2_panic_selling_defi,indonesia,USDC
992,0.6798513879513354,755.6780850807146,265,S2_panic_selling_defi,indonesia,USDC
993,0.7185951320645884,736.7861329536968,265,S2_panic_selling_defi,indonesia,USDC
994,0.7193508102219967,718.3664796298543,265,S2_panic_selling_defi,indonesia,USDC
995,0.7411197310421799,700.407317639108,265,S2_panic_selling_defi,indonesia,USDC
996,0.7324056556553031,682.8971346981303,265,S2_panic_selling_defi,indonesia,USDC
997,0.7362977759997092,665.824706330677,265,S2_panic_selling_defi,indonesia,USDC
998,0.744629596898072,649.17908867241,265,S2_panic_selling_defi,indonesia,USDC
999,0.7735543498520584,632.9496114555998,265,S2_panic_selling_defi,indonesia,USDC
1000,0.7560458967572006,617.1258711692099,265,S2_panic_selling_defi,indonesia,USDC
