Step,price,liquidity,iteration,scenario,region,coin
1,0.9429754896178365,2989820740735.0225,142,S2_panic_selling_defi,indonesia,USDC
2,0.9746419798123376,2988163818574.8843,142,S2_panic_selling_defi,indonesia,USDC
3,0.9564744842551872,2988163818574.8843,142,S2_panic_selling_defi,indonesia,USDC
4,0.95931341959338,2987372725214.451,142,S2_panic_selling_defi,indonesia,USDC
5,0.9408571952976731,2986738669637.4414,142,S2_panic_selling_defi,indonesia,USDC
6,0.9887855397565001,2985059628449.8647,142,S2_panic_selling_defi,indonesia,USDC
7,1.0010998524390404,2985059628449.8647,142,S2_panic_selling_defi,indonesia,USDC
8,0.987702506637567,2985059628449.8647,142,S2_panic_selling_defi,indonesia,USDC
9,0.9752574911467966,2985059628449.8647,142,S2_panic_selling_defi,indonesia,USDC
10,0.9584547253031129,2985059628449.8647,142,S2_panic_selling_defi,indonesia,USDC
11,0.9445961131976472,2984402156148.1963,142,S2_panic_selling_defi,indonesia,USDC
12,0.9745057000230593,2983016607307.156,142,S2_panic_selling_defi,indonesia,USDC
13,0.9988004420755991,2983016607307.156,142,S2_panic_selling_defi,indonesia,USDC
14,0.9671486402943603,2983016607307.156,142,S2_panic_selling_defi,indonesia,USDC
15,0.9868379173145896,2982860235605.6606,142,S2_panic_selling_defi,indonesia,USDC
16,1.005012013554109,2982860235605.6606,142,S2_panic_selling_defi,indonesia,USDC
17,0.9932807881173036,2982860235605.6606,142,S2_panic_selling_defi,indonesia,USDC
18,0.9828381975650935,2982860235605.6606,142,S2_panic_selling_defi,indonesia,USDC
19,1.0075802175218112,2982860235605.6606,142,S2_panic_selling_defi,indonesia,USDC
20,1.0368775975649804,2982860235605.6606,142,S2_panic_selling_defi,indonesia,USDC
21,1.0647565755141724,2982860235605.6606,142,S2_panic_selling_defi,indonesia,USDC
22,1.0479370651055468,2982860235605.6606,142,S2_panic_selling_defi,indonesia,USDC
23,1.0272914028713471,2982860235605.6606,142,S2_panic_selling_defi,indonesia,USDC
24,1.0435687776523312,2982860235605.6606,142,S2_panic_selling_defi,indonesia,USDC
25,1.0167486079504635,2982860235605.6606,142,S2_panic_selling_defi,indonesia,USDC
26,1.0295319517798458,2982860235605.6606,142,S2_panic_selling_defi,indonesia,USDC
27,1.0337837448183642,2982860235605.6606,142,S2_panic_selling_defi,indonesia,USDC
28,1.043782324145837,2982860235605.6606,142,S2_panic_selling_defi,indonesia,USDC
29,1.0603635551204444,2982860235605.6606,142,S2_panic_selling_defi,indonesia,USDC
30,1.1000167571968447,2982860235605.6606,142,S2_panic_selling_defi,indonesia,USDC
31,1.0944408115043303,2982860235605.6606,142,S2_panic_selling_defi,indonesia,USDC
32,1.111494685875859,2982860235605.6606,142,S2_panic_selling_defi,indonesia,USDC
33,1.1039396467736093,2982860235605.6606,142,S2_panic_selling_defi,indonesia,USDC
34,1.104545162243797,2982860235605.6606,142,S2_panic_selling_defi,indonesia,USDC
35,1.1539199229126116,2982860235605.6606,142,S2_panic_selling_defi,indonesia,USDC
36,1.2006407252698383,2982860235605.6606,142,S2_panic_selling_defi,indonesia,USDC
37,1.1928538607551744,2982860235605.6606,142,S2_panic_selling_defi,indonesia,USDC
38,1.2159885102239882,2982860235605.6606,142,S2_panic_selling_defi,indonesia,USDC
39,1.1788839817750534,2982860235605.6606,142,S2_panic_selling_defi,indonesia,USDC
40,1.1437091106245392,2982860235605.6606,142,S2_panic_selling_defi,indonesia,USDC
41,1.1692102451670112,2982860235605.6606,142,S2_panic_selling_defi,indonesia,USDC
42,1.1603765077760047,2982860235605.6606,142,S2_panic_selling_defi,indonesia,USDC
43,1.1420104085021843,2982860235605.6606,142,S2_panic_selling_defi,indonesia,USDC
44,1.1263424790521226,2982860235605.6606,142,S2_panic_selling_defi,indonesia,USDC
45,1.1290925712347344,2982860235605.6606,142,S2_panic_selling_defi,indonesia,USDC
46,1.1515078653238666,2982860235605.6606,142,S2_panic_selling_defi,indonesia,USDC
47,1.1604824732637955,2982860235605.6606,142,S2_panic_selling_defi,indonesia,USDC
48,1.1417194300050917,2982860235605.6606,142,S2_panic_selling_defi,indonesia,USDC
49,1.1476491752313354,2982860235605.6606,142,S2_panic_selling_defi,indonesia,USDC
50,1.1505563613664003,2982860235605.6606,142,S2_panic_selling_defi,indonesia,USDC
51,1.1523740934508913,2982860235605.6606,142,S2_panic_selling_defi,indonesia,USDC
52,1.1393215579552847,2982860235605.6606,142,S2_panic_selling_defi,indonesia,USDC
53,1.1414509071702563,2982860235605.6606,142,S2_panic_selling_defi,indonesia,USDC
54,1.1207147666046173,2982860235605.6606,142,S2_panic_selling_defi,indonesia,USDC
55,1.1384330194983632,2982860235605.6606,142,S2_panic_selling_defi,indonesia,USDC
56,1.0828606277880475,2982860235605.6606,142,S2_panic_selling_defi,indonesia,USDC
57,1.0672757949651663,2982860235605.6606,142,S2_panic_selling_defi,indonesia,USDC
58,1.0616513707917954,2982860235605.6606,142,S2_panic_selling_defi,indonesia,USDC
59,1.0515435340709305,2982860235605.6606,142,S2_panic_selling_defi,indonesia,USDC
60,1.0411983236015285,2982860235605.6606,142,S2_panic_selling_defi,indonesia,USDC
61,1.0242933545411004,2982860235605.6606,142,S2_panic_selling_defi,indonesia,USDC
62,0.9689494926424683,2982860235605.6606,142,S2_panic_selling_defi,indonesia,USDC
63,0.9779627990787215,2982821945471.616,142,S2_panic_selling_defi,indonesia,USDC
64,0.9860130041556292,2982821945471.616,142,S2_panic_selling_defi,indonesia,USDC
65,0.9877785791669388,2982821945471.616,142,S2_panic_selling_defi,indonesia,USDC
66,0.9632977353166877,2982821945471.616,142,S2_panic_selling_defi,indonesia,USDC
67,0.9875002186117994,2982522605533.009,142,S2_panic_selling_defi,indonesia,USDC
68,0.9974699361635037,2982522605533.009,142,S2_panic_selling_defi,indonesia,USDC
69,0.9970443156747432,2982522605533.009,142,S2_panic_selling_defi,indonesia,USDC
70,0.9915026900781915,2982522605533.009,142,S2_panic_selling_defi,indonesia,USDC
71,1.010119410706324,2982522605533.009,142,S2_panic_selling_defi,indonesia,USDC
72,0.9944394925256288,2982522605533.009,142,S2_panic_selling_defi,indonesia,USDC
73,1.0046756477629697,2982522605533.009,142,S2_panic_selling_defi,indonesia,USDC
74,0.9967523676088621,2982522605533.009,142,S2_panic_selling_defi,indonesia,USDC
75,0.970713212621903,2982522605533.009,142,S2_panic_selling_defi,indonesia,USDC
76,0.9718825076996561,2982522605533.009,142,S2_panic_selling_defi,indonesia,USDC
77,0.9741710252179826,2982522605533.009,142,S2_panic_selling_defi,indonesia,USDC
78,0.9975076541484033,2982522605533.009,142,S2_panic_selling_defi,indonesia,USDC
79,0.9939586384411778,2982522605533.009,142,S2_panic_selling_defi,indonesia,USDC
80,0.9870542741119672,2982522605533.009,142,S2_panic_selling_defi,indonesia,USDC
81,1.0028772082199309,2982522605533.009,142,S2_panic_selling_defi,indonesia,USDC
82,1.0355256297487854,2982522605533.009,142,S2_panic_selling_defi,indonesia,USDC
83,1.0108053265627295,2982522605533.009,142,S2_panic_selling_defi,indonesia,USDC
84,0.9802284155183104,2982522605533.009,142,S2_panic_selling_defi,indonesia,USDC
85,0.9711077353622445,2982522605533.009,142,S2_panic_selling_defi,indonesia,USDC
86,0.9871728257061957,2982522605533.009,142,S2_panic_selling_defi,indonesia,USDC
87,0.9907242456300586,2982522605533.009,142,S2_panic_selling_defi,indonesia,USDC
88,1.0026703860695736,2982522605533.009,142,S2_panic_selling_defi,indonesia,USDC
89,1.0052488257416943,2982522605533.009,142,S2_panic_selling_defi,indonesia,USDC
90,0.9663804994363576,2982522605533.009,142,S2_panic_selling_defi,indonesia,USDC
91,0.9543999211710446,2982325951482.1416,142,S2_panic_selling_defi,indonesia,USDC
92,0.9735764089954128,2981563895295.052,142,S2_panic_selling_defi,indonesia,USDC
93,0.989652388821257,2981563895295.052,142,S2_panic_selling_defi,indonesia,USDC
94,0.9909194337616288,2981563895295.052,142,S2_panic_selling_defi,indonesia,USDC
95,1.0315779396684144,2981563895295.052,142,S2_panic_selling_defi,indonesia,USDC
96,1.0026260871437551,2981563895295.052,142,S2_panic_selling_defi,indonesia,USDC
97,0.9977574367621007,2981563895295.052,142,S2_panic_selling_defi,indonesia,USDC
98,1.0158040214436768,2981563895295.052,142,S2_panic_selling_defi,indonesia,USDC
99,0.987914519501392,2981563895295.052,142,S2_panic_selling_defi,indonesia,USDC
100,0.9828744150423153,2981563895295.052,142,S2_panic_selling_defi,indonesia,USDC
101,0.9791182047713038,2981563895295.052,142,S2_panic_selling_defi,indonesia,USDC
102,0.9920919163385848,2981563895295.052,142,S2_panic_selling_defi,indonesia,USDC
103,0.9658515409090435,2981563895295.052,142,S2_panic_selling_defi,indonesia,USDC
104,0.9457162409885176,2981403249922.3926,142,S2_panic_selling_defi,indonesia,USDC
105,0.9343757428731739,2980208057491.5293,142,S2_panic_selling_defi,indonesia,USDC
106,0.9379743941486164,2978414507176.038,142,S2_panic_selling_defi,indonesia,USDC
107,0.9375879687370248,2976965494886.689,142,S2_panic_selling_defi,indonesia,USDC
108,0.9548977075967827,2975440568290.82,142,S2_panic_selling_defi,indonesia,USDC
109,0.9650158798167737,2974765611161.5273,142,S2_panic_selling_defi,indonesia,USDC
110,0.9556288202943739,2974561586906.6543,142,S2_panic_selling_defi,indonesia,USDC
111,0.9743056049352613,2973932923580.6587,142,S2_panic_selling_defi,indonesia,USDC
112,0.9957547334769498,2973932923580.6587,142,S2_panic_selling_defi,indonesia,USDC
113,0.9890053955959033,2973932923580.6587,142,S2_panic_selling_defi,indonesia,USDC
114,0.9796815714766524,2973932923580.6587,142,S2_panic_selling_defi,indonesia,USDC
115,0.9957941400526914,2973932923580.6587,142,S2_panic_selling_defi,indonesia,USDC
116,1.0240665968948204,2973932923580.6587,142,S2_panic_selling_defi,indonesia,USDC
117,1.0582600214971043,2973932923580.6587,142,S2_panic_selling_defi,indonesia,USDC
118,1.0409174401265793,2973932923580.6587,142,S2_panic_selling_defi,indonesia,USDC
119,1.0073389220424813,2973932923580.6587,142,S2_panic_selling_defi,indonesia,USDC
120,0.9873045877596496,2973932923580.6587,142,S2_panic_selling_defi,indonesia,USDC
121,0.9872369061027068,2899584600491.1426,142,S2_panic_selling_defi,indonesia,USDC
122,0.9928148356036849,2827094985478.8643,142,S2_panic_selling_defi,indonesia,USDC
123,0.9680504204297863,2756417610841.8926,142,S2_panic_selling_defi,indonesia,USDC
124,0.9403884653266856,2687420727060.3174,142,S2_panic_selling_defi,indonesia,USDC
125,0.9247300133620229,2619012852069.8633,142,S2_panic_selling_defi,indonesia,USDC
126,0.8891985310251572,2551699385143.9077,142,S2_panic_selling_defi,indonesia,USDC
127,0.864177750560706,2484737617372.587,142,S2_panic_selling_defi,indonesia,USDC
128,0.8465480992080853,2418873028193.413,142,S2_panic_selling_defi,indonesia,USDC
129,0.8344753480422327,2354468644924.2896,142,S2_panic_selling_defi,indonesia,USDC
130,0.8432292792035453,2291718087192.3936,142,S2_panic_selling_defi,indonesia,USDC
131,0.8186011086327415,2231141433380.8022,142,S2_panic_selling_defi,indonesia,USDC
132,0.8324914801462129,2172022255898.8218,142,S2_panic_selling_defi,indonesia,USDC
133,0.8192356468664926,2115258684363.1626,142,S2_panic_selling_defi,indonesia,USDC
134,0.8020736655276149,2059884438585.6968,142,S2_panic_selling_defi,indonesia,USDC
135,0.8082901075653923,2006180533863.6567,142,S2_panic_selling_defi,indonesia,USDC
136,0.7927358679388076,1954173577977.1045,142,S2_panic_selling_defi,indonesia,USDC
137,0.8151759855940824,1903585663319.395,142,S2_panic_selling_defi,indonesia,USDC
138,0.822937891587862,1854783741486.565,142,S2_panic_selling_defi,indonesia,USDC
139,0.8143649228157979,1807442121598.2024,142,S2_panic_selling_defi,indonesia,USDC
140,0.8011400816110691,1761362635598.6543,142,S2_panic_selling_defi,indonesia,USDC
141,0.8006841179090106,1716514749660.4954,142,S2_panic_selling_defi,indonesia,USDC
142,0.8077380851106604,1672967586568.8691,142,S2_panic_selling_defi,indonesia,USDC
143,0.800238471425927,1630603616968.1338,142,S2_panic_selling_defi,indonesia,USDC
144,0.8194159272034817,1589386480442.8838,142,S2_panic_selling_defi,indonesia,USDC
145,0.8271544905859417,1549325662488.6274,142,S2_panic_selling_defi,indonesia,USDC
146,0.8195473391554284,1510311422061.7234,142,S2_panic_selling_defi,indonesia,USDC
147,0.8181688935126736,1472316308485.941,142,S2_panic_selling_defi,indonesia,USDC
148,0.8001853620735588,1435290767342.2178,142,S2_panic_selling_defi,indonesia,USDC
149,0.8206537621617132,1399207281353.5488,142,S2_panic_selling_defi,indonesia,USDC
150,0.8054588204262576,1364077516035.7676,142,S2_panic_selling_defi,indonesia,USDC
151,0.8168530307004633,1329841575685.4106,142,S2_panic_selling_defi,indonesia,USDC
152,0.8252529164695879,1296491212721.6812,142,S2_panic_selling_defi,indonesia,USDC
153,0.8120537999383148,1263993580014.827,142,S2_panic_selling_defi,indonesia,USDC
154,0.8174839106959021,1232317432647.2896,142,S2_panic_selling_defi,indonesia,USDC
155,0.7986942948392761,1201447119093.6926,142,S2_panic_selling_defi,indonesia,USDC
156,0.800210000859008,1171351167080.208,142,S2_panic_selling_defi,indonesia,USDC
157,0.8129046957225704,1142014907341.9033,142,S2_panic_selling_defi,indonesia,USDC
158,0.8069951525291825,1113426062808.2644,142,S2_panic_selling_defi,indonesia,USDC
159,0.8141145109732353,1085556003622.4297,142,S2_panic_selling_defi,indonesia,USDC
160,0.7925340147642882,1058389066924.5255,142,S2_panic_selling_defi,indonesia,USDC
161,0.7958993076626286,1031903070764.8042,142,S2_panic_selling_defi,indonesia,USDC
162,0.8107803418203218,1006085192535.7626,142,S2_panic_selling_defi,indonesia,USDC
163,0.8055913618040699,980917646735.2516,142,S2_panic_selling_defi,indonesia,USDC
164,0.8117633204171548,956380677026.5103,142,S2_panic_selling_defi,indonesia,USDC
165,0.8028911038981105,932460357846.5089,142,S2_panic_selling_defi,indonesia,USDC
166,0.8000452738305347,909139186095.4607,142,S2_panic_selling_defi,indonesia,USDC
167,0.7940602566568485,886402126244.9893,142,S2_panic_selling_defi,indonesia,USDC
168,0.7843813345513023,864235010063.2678,142,S2_panic_selling_defi,indonesia,USDC
169,0.8002200392404589,842622698010.4932,142,S2_panic_selling_defi,indonesia,USDC
170,0.7822745356255932,821552540922.0682,142,S2_panic_selling_defi,indonesia,USDC
171,0.7928257066153397,801009397652.1106,142,S2_panic_selling_defi,indonesia,USDC
172,0.7848523453881804,780980837205.8105,142,S2_panic_selling_defi,indonesia,USDC
173,0.7764249061250061,761453335552.7812,142,S2_panic_selling_defi,indonesia,USDC
174,0.7724187906690109,742414577684.3733,142,S2_panic_selling_defi,indonesia,USDC
175,0.7730924622526355,723852212866.0808,142,S2_panic_selling_defi,indonesia,USDC
176,0.7667741014396561,705754304982.7059,142,S2_panic_selling_defi,indonesia,USDC
177,0.7608429898597493,688109089469.7887,142,S2_panic_selling_defi,indonesia,USDC
178,0.7532371454656701,670905251319.8325,142,S2_panic_selling_defi,indonesia,USDC
179,0.7549784244761509,654131730004.4766,142,S2_panic_selling_defi,indonesia,USDC
180,0.763162943132917,637777757532.3544,142,S2_panic_selling_defi,indonesia,USDC
181,0.7717279011546065,621832796958.2703,142,S2_panic_selling_defi,indonesia,USDC
182,0.7963678184419265,606286581480.0714,142,S2_panic_selling_defi,indonesia,USDC
183,0.8115911658173017,591129120192.2468,142,S2_panic_selling_defi,indonesia,USDC
184,0.8105172574679552,576350674349.0679,142,S2_panic_selling_defi,indonesia,USDC
185,0.8112247466528368,561941726920.9551,142,S2_panic_selling_defi,indonesia,USDC
186,0.8100973874642541,547893029317.4916,142,S2_panic_selling_defi,indonesia,USDC
187,0.8145787283433042,534195578263.1835,142,S2_panic_selling_defi,indonesia,USDC
188,0.8316311079229706,520840579387.68866,142,S2_panic_selling_defi,indonesia,USDC
189,0.8363131136811723,507819488074.72595,142,S2_panic_selling_defi,indonesia,USDC
190,0.8243434933787253,495123935228.1877,142,S2_panic_selling_defi,indonesia,USDC
191,0.8124096162775372,482745772127.5297,142,S2_panic_selling_defi,indonesia,USDC
192,0.8227582439491588,470677070694.0856,142,S2_panic_selling_defi,indonesia,USDC
193,0.8277171602067189,458910097940.8344,142,S2_panic_selling_defi,indonesia,USDC
194,0.8095086610097625,447437309227.2185,142,S2_panic_selling_defi,indonesia,USDC
195,0.8333722294619769,436251339678.64246,142,S2_panic_selling_defi,indonesia,USDC
196,0.8502363015253549,425345030493.93616,142,S2_panic_selling_defi,indonesia,USDC
197,0.838232859149368,414711384434.61523,142,S2_panic_selling_defi,indonesia,USDC
198,0.7982980058987492,404343580249.68176,142,S2_panic_selling_defi,indonesia,USDC
199,0.7848847182924155,394234969136.5946,142,S2_panic_selling_defi,indonesia,USDC
200,0.7173254533817536,384379075641.68445,142,S2_panic_selling_defi,indonesia,USDC
201,0.7326181382731535,374769576961.62317,142,S2_panic_selling_defi,indonesia,USDC
202,0.7152160910672833,365400323252.14764,142,S2_panic_selling_defi,indonesia,USDC
203,0.7160048933151285,356265303373.71924,142,S2_panic_selling_defi,indonesia,USDC
204,0.7342402534415475,347358661945.39014,142,S2_panic_selling_defi,indonesia,USDC
205,0.7415675799443516,338674688851.1501,142,S2_panic_selling_defi,indonesia,USDC
206,0.7670173442795062,330207816829.1737,142,S2_panic_selling_defi,indonesia,USDC
207,0.7755769509661514,321952618147.191,142,S2_panic_selling_defi,indonesia,USDC
208,0.7660118475125689,313903800223.45514,142,S2_panic_selling_defi,indonesia,USDC
209,0.7939786271457545,306056203185.27,142,S2_panic_selling_defi,indonesia,USDC
210,0.7808309863131518,298404796686.4429,142,S2_panic_selling_defi,indonesia,USDC
211,0.7692119946872868,290944675568.8728,142,S2_panic_selling_defi,indonesia,USDC
212,0.7720117177906877,283671057644.05066,142,S2_panic_selling_defi,indonesia,USDC
213,0.7708082108833536,276579280369.04443,142,S2_panic_selling_defi,indonesia,USDC
214,0.7935441278840867,269664797701.9133,142,S2_panic_selling_defi,indonesia,USDC
215,0.7906586082364909,262923177301.4312,142,S2_panic_selling_defi,indonesia,USDC
216,0.7878327042214349,256350097475.19684,142,S2_panic_selling_defi,indonesia,USDC
217,0.7821348054374534,249941344709.2751,142,S2_panic_selling_defi,indonesia,USDC
218,0.7924006282452973,243692810807.9505,142,S2_panic_selling_defi,indonesia,USDC
219,0.791549375734533,237600490329.24976,142,S2_panic_selling_defi,indonesia,USDC
220,0.7577962131802265,231660477886.87067,142,S2_panic_selling_defi,indonesia,USDC
221,0.7656995765548728,225868965771.2035,142,S2_panic_selling_defi,indonesia,USDC
222,0.7512277083314225,220222241493.00055,142,S2_panic_selling_defi,indonesia,USDC
223,0.7636084847129792,214716685344.05145,142,S2_panic_selling_defi,indonesia,USDC
224,0.7451661834546326,209348768124.74918,142,S2_panic_selling_defi,indonesia,USDC
225,0.7448797987475037,204115048850.93085,142,S2_panic_selling_defi,indonesia,USDC
226,0.7217184425287643,199012172574.64145,142,S2_panic_selling_defi,indonesia,USDC
227,0.7542001614588113,194036868213.138,142,S2_panic_selling_defi,indonesia,USDC
228,0.7736482846615266,189185946477.5508,142,S2_panic_selling_defi,indonesia,USDC
229,0.7466993263538413,184456297793.41144,142,S2_panic_selling_defi,indonesia,USDC
230,0.7853123663467136,179844890328.238,142,S2_panic_selling_defi,indonesia,USDC
231,0.7737721636186579,175348768057.22293,142,S2_panic_selling_defi,indonesia,USDC
232,0.7902480061626149,170965048844.38568,142,S2_panic_selling_defi,indonesia,USDC
233,0.8053320797692846,166690922615.0378,142,S2_panic_selling_defi,indonesia,USDC
234,0.8157850729436754,162523649543.43692,142,S2_panic_selling_defi,indonesia,USDC
235,0.8074855353405587,158460558299.74707,142,S2_panic_selling_defi,indonesia,USDC
236,0.8340803200920792,154499044337.80438,142,S2_panic_selling_defi,indonesia,USDC
237,0.8510261295181561,150636568226.17526,142,S2_panic_selling_defi,indonesia,USDC
238,0.8653506322770763,146870654018.06653,142,S2_panic_selling_defi,indonesia,USDC
239,0.8513318584816613,143198887665.76117,142,S2_panic_selling_defi,indonesia,USDC
240,0.8575858327704158,139618915472.23615,142,S2_panic_selling_defi,indonesia,USDC
241,0.8573765314744336,136128442583.86229,142,S2_panic_selling_defi,indonesia,USDC
242,0.8289193517683748,132725231517.90306,142,S2_panic_selling_defi,indonesia,USDC
243,0.8379152516992108,129407100728.40332,142,S2_panic_selling_defi,indonesia,USDC
244,0.856458720885702,126171923208.99963,142,S2_panic_selling_defi,indonesia,USDC
245,0.8599559285183237,123017625127.82126,142,S2_panic_selling_defi,indonesia,USDC
246,0.8131815347888156,119942184498.80984,142,S2_panic_selling_defi,indonesia,USDC
247,0.8149668684673415,116943629885.30882,142,S2_panic_selling_defi,indonesia,USDC
248,0.8225423860965172,114020039137.33884,142,S2_panic_selling_defi,indonesia,USDC
249,0.8335746562086704,111169538158.22011,142,S2_panic_selling_defi,indonesia,USDC
250,0.824999458901613,108390299703.727,142,S2_panic_selling_defi,indonesia,USDC
251,0.8074513145826203,105680542210.65253,142,S2_panic_selling_defi,indonesia,USDC
252,0.8133046924861005,103038528654.92574,142,S2_panic_selling_defi,indonesia,USDC
253,0.8104447639196278,100462565438.18918,142,S2_panic_selling_defi,indonesia,USDC
254,0.8184645989596886,97951001301.92157,142,S2_panic_selling_defi,indonesia,USDC
255,0.7918922363516264,95502226269.12874,142,S2_panic_selling_defi,indonesia,USDC
256,0.7666434929237916,93114670612.1394,142,S2_panic_selling_defi,indonesia,USDC
257,0.7545547514005484,90786803846.60184,142,S2_panic_selling_defi,indonesia,USDC
258,0.7542943284743588,88517133750.23093,142,S2_panic_selling_defi,indonesia,USDC
259,0.7656080057961459,86304205406.32396,142,S2_panic_selling_defi,indonesia,USDC
260,0.7542171933692795,84146600271.05035,142,S2_panic_selling_defi,indonesia,USDC
261,0.7734998998176629,82042935264.17303,142,S2_panic_selling_defi,indonesia,USDC
262,0.775949562187649,79991861882.49991,142,S2_panic_selling_defi,indonesia,USDC
263,0.7866176805370052,77992065335.38379,142,S2_panic_selling_defi,indonesia,USDC
264,0.783129716930914,76042263701.9581,142,S2_panic_selling_defi,indonesia,USDC
265,0.780393734221895,74141207109.3726,142,S2_panic_selling_defi,indonesia,USDC
266,0.7826187375651513,72287676931.6095,142,S2_panic_selling_defi,indonesia,USDC
267,0.7798575828176646,70480485008.29524,142,S2_panic_selling_defi,indonesia,USDC
268,0.7934236944286148,68718472883.06857,142,S2_panic_selling_defi,indonesia,USDC
269,0.7770560281334368,67000511060.97768,142,S2_panic_selling_defi,indonesia,USDC
270,0.7690700427796721,65325498284.440186,142,S2_panic_selling_defi,indonesia,USDC
271,0.7655397908693549,63692360827.31868,142,S2_panic_selling_defi,indonesia,USDC
272,0.7703089292602417,62100051806.62692,142,S2_panic_selling_defi,indonesia,USDC
273,0.798210320269216,60547550511.454414,142,S2_panic_selling_defi,indonesia,USDC
274,0.7785042420714315,59033861748.66324,142,S2_panic_selling_defi,indonesia,USDC
275,0.7742245930402135,57558015204.9424,142,S2_panic_selling_defi,indonesia,USDC
276,0.7010074297007866,56119064824.815155,142,S2_panic_selling_defi,indonesia,USDC
277,0.6961606982422569,54716088204.19086,142,S2_panic_selling_defi,indonesia,USDC
278,0.7199277886801282,53348185999.083084,142,S2_panic_selling_defi,indonesia,USDC
279,0.7276861861307051,52014481349.10397,142,S2_panic_selling_defi,indonesia,USDC
280,0.7172761715307167,50714119315.37488,142,S2_panic_selling_defi,indonesia,USDC
281,0.7193754109620571,49446266332.48938,142,S2_panic_selling_defi,indonesia,USDC
282,0.7357823548219009,48210109674.17631,142,S2_panic_selling_defi,indonesia,USDC
283,0.7330896008746336,47004856932.3213,142,S2_panic_selling_defi,indonesia,USDC
284,0.7321181341671388,45829735509.01282,142,S2_panic_selling_defi,indonesia,USDC
285,0.7333995208691012,44683992121.28713,142,S2_panic_selling_defi,indonesia,USDC
286,0.7325152165256416,43566892318.254684,142,S2_panic_selling_defi,indonesia,USDC
287,0.7329655957776402,42477720010.2981,142,S2_panic_selling_defi,indonesia,USDC
288,0.7373338350064854,41415777010.0405,142,S2_panic_selling_defi,indonesia,USDC
289,0.7499878582938767,40380382584.78937,142,S2_panic_selling_defi,indonesia,USDC
290,0.7426256662172518,39370873020.169556,142,S2_panic_selling_defi,indonesia,USDC
291,0.785501542509161,38386601194.665245,142,S2_panic_selling_defi,indonesia,USDC
292,0.7938775245135505,37426936164.79857,142,S2_panic_selling_defi,indonesia,USDC
293,0.7691170159263501,36491262760.67858,142,S2_panic_selling_defi,indonesia,USDC
294,0.7732093643916468,35578981191.66158,142,S2_panic_selling_defi,indonesia,USDC
295,0.7499372716266999,34689506661.870026,142,S2_panic_selling_defi,indonesia,USDC
296,0.7859409224397976,33822268995.32325,142,S2_panic_selling_defi,indonesia,USDC
297,0.7778805664911096,32976712270.440155,142,S2_panic_selling_defi,indonesia,USDC
298,0.7872425885433841,32152294463.67914,142,S2_panic_selling_defi,indonesia,USDC
299,0.8003325152756613,31348487102.08715,142,S2_panic_selling_defi,indonesia,USDC
300,0.7706334580897303,30564774924.534966,142,S2_panic_selling_defi,indonesia,USDC
301,0.7836531222597182,29800655551.421585,142,S2_panic_selling_defi,indonesia,USDC
302,0.7804097733911055,29055639162.63604,142,S2_panic_selling_defi,indonesia,USDC
303,0.8202877841176176,28329248183.57013,142,S2_panic_selling_defi,indonesia,USDC
304,0.8114564224065933,27621016978.980877,142,S2_panic_selling_defi,indonesia,USDC
305,0.8217958966148716,26930491554.506355,142,S2_panic_selling_defi,indonesia,USDC
306,0.826242610230251,26257229265.643696,142,S2_panic_selling_defi,indonesia,USDC
307,0.8326904074317389,25600798534.0026,142,S2_panic_selling_defi,indonesia,USDC
308,0.8124495939884754,24960778570.65254,142,S2_panic_selling_defi,indonesia,USDC
309,0.7968494999877581,24336759106.386227,142,S2_panic_selling_defi,indonesia,USDC
310,0.7572326521475511,23728340128.72657,142,S2_panic_selling_defi,indonesia,USDC
311,0.7383047954572532,23135131625.508408,142,S2_panic_selling_defi,indonesia,USDC
312,0.7338708439142742,22556753334.870697,142,S2_panic_selling_defi,indonesia,USDC
313,0.7390733049065565,21992834501.498928,142,S2_panic_selling_defi,indonesia,USDC
314,0.749456676172816,21443013638.961452,142,S2_panic_selling_defi,indonesia,USDC
315,0.7449356302764492,20906938297.98742,142,S2_panic_selling_defi,indonesia,USDC
316,0.7295385458960728,20384264840.53773,142,S2_panic_selling_defi,indonesia,USDC
317,0.7610717985672989,19874658219.52429,142,S2_panic_selling_defi,indonesia,USDC
318,0.7550368595652555,19377791764.036182,142,S2_panic_selling_defi,indonesia,USDC
319,0.7860819517286568,18893346969.935276,142,S2_panic_selling_defi,indonesia,USDC
320,0.7740377239274117,18421013295.686897,142,S2_panic_selling_defi,indonesia,USDC
321,0.7619717179681275,17960487963.294724,142,S2_panic_selling_defi,indonesia,USDC
322,0.7669802499979144,17511475764.212357,142,S2_panic_selling_defi,indonesia,USDC
323,0.6935509798248449,17073688870.107046,142,S2_panic_selling_defi,indonesia,USDC
324,0.7034675688141895,16646846648.35437,142,S2_panic_selling_defi,indonesia,USDC
325,0.7327490549059724,16230675482.145512,142,S2_panic_selling_defi,indonesia,USDC
326,0.7385337603158225,15824908595.091873,142,S2_panic_selling_defi,indonesia,USDC
327,0.7404790304604794,15429285880.214577,142,S2_panic_selling_defi,indonesia,USDC
328,0.7527966785355661,15043553733.209213,142,S2_panic_selling_defi,indonesia,USDC
329,0.7540302831587493,14667464889.878983,142,S2_panic_selling_defi,indonesia,USDC
330,0.7636591417666673,14300778267.632008,142,S2_panic_selling_defi,indonesia,USDC
331,0.760806504219937,13943258810.941208,142,S2_panic_selling_defi,indonesia,USDC
332,0.7561324754940502,13594677340.667679,142,S2_panic_selling_defi,indonesia,USDC
333,0.7484468951388635,13254810407.150986,142,S2_panic_selling_defi,indonesia,USDC
334,0.7409132248217412,12923440146.97221,142,S2_panic_selling_defi,indonesia,USDC
335,0.7447866710382273,12600354143.297907,142,S2_panic_selling_defi,indonesia,USDC
336,0.7467095614935578,12285345289.715458,142,S2_panic_selling_defi,indonesia,USDC
337,0.6479622217264976,11978211657.472572,142,S2_panic_selling_defi,indonesia,USDC
338,0.6443793858112099,11678756366.035757,142,S2_panic_selling_defi,indonesia,USDC
339,0.668409210654634,11386787456.884865,142,S2_panic_selling_defi,indonesia,USDC
340,0.6985976199355677,11102117770.462742,142,S2_panic_selling_defi,indonesia,USDC
341,0.7276402074896042,10824564826.201174,142,S2_panic_selling_defi,indonesia,USDC
342,0.7370027033406176,10553950705.546144,142,S2_panic_selling_defi,indonesia,USDC
343,0.7375118181275067,10290101937.90749,142,S2_panic_selling_defi,indonesia,USDC
344,0.7479963052272665,10032849389.459803,142,S2_panic_selling_defi,indonesia,USDC
345,0.7387416116529337,9782028154.723309,142,S2_panic_selling_defi,indonesia,USDC
346,0.7599597292955392,9537477450.855225,142,S2_panic_selling_defi,indonesia,USDC
347,0.7762582284054417,9299040514.583843,142,S2_panic_selling_defi,indonesia,USDC
348,0.7957563978085622,9066564501.71925,142,S2_panic_selling_defi,indonesia,USDC
349,0.7918581677248485,8839900389.176266,142,S2_panic_selling_defi,indonesia,USDC
350,0.7782807442386599,8618902879.446861,142,S2_panic_selling_defi,indonesia,USDC
351,0.7775882008441719,8403430307.46069,142,S2_panic_selling_defi,indonesia,USDC
352,0.7596153715701349,8193344549.774171,142,S2_panic_selling_defi,indonesia,USDC
353,0.7772457353087341,7988510936.029816,142,S2_panic_selling_defi,indonesia,USDC
354,0.7624810358716972,7788798162.62907,142,S2_panic_selling_defi,indonesia,USDC
355,0.7565988377395846,7594078208.563344,142,S2_panic_selling_defi,indonesia,USDC
356,0.7600262014239695,7404226253.34926,142,S2_panic_selling_defi,indonesia,USDC
357,0.7375619713957781,7219120597.01553,142,S2_panic_selling_defi,indonesia,USDC
358,0.7492524321957016,7038642582.09014,142,S2_panic_selling_defi,indonesia,USDC
359,0.7379026780274752,6862676517.537887,142,S2_panic_selling_defi,indonesia,USDC
360,0.765855519122484,6691109604.59944,142,S2_panic_selling_defi,indonesia,USDC
361,0.7735996037264053,6523831864.484454,142,S2_panic_selling_defi,indonesia,USDC
362,0.7584542809515065,6360736067.872343,142,S2_panic_selling_defi,indonesia,USDC
363,0.7725672516741265,6201717666.175534,142,S2_panic_selling_defi,indonesia,USDC
364,0.7907304794864293,6046674724.521146,142,S2_panic_selling_defi,indonesia,USDC
365,0.7927847921775892,5895507856.408117,142,S2_panic_selling_defi,indonesia,USDC
366,0.7825681994382131,5748120159.997914,142,S2_panic_selling_defi,indonesia,USDC
367,0.7721200859763859,5604417155.997967,142,S2_panic_selling_defi,indonesia,USDC
368,0.755393086733129,5464306727.098018,142,S2_panic_selling_defi,indonesia,USDC
369,0.7409518456025869,5327699058.920567,142,S2_panic_selling_defi,indonesia,USDC
370,0.7700189019679269,5194506582.447554,142,S2_panic_selling_defi,indonesia,USDC
371,0.7873440250417681,5064643917.886364,142,S2_panic_selling_defi,indonesia,USDC
372,0.815773847170143,4938027819.939205,142,S2_panic_selling_defi,indonesia,USDC
373,0.7927440076691807,4814577124.440724,142,S2_panic_selling_defi,indonesia,USDC
374,0.8142435763661313,4694212696.329706,142,S2_panic_selling_defi,indonesia,USDC
375,0.7981627291414747,4576857378.921464,142,S2_panic_selling_defi,indonesia,USDC
376,0.7824710168554029,4462435944.448427,142,S2_panic_selling_defi,indonesia,USDC
377,0.7974203296707696,4350875045.837216,142,S2_panic_selling_defi,indonesia,USDC
378,0.8165476999442145,4242103169.6912856,142,S2_panic_selling_defi,indonesia,USDC
379,0.8077885803107306,4136050590.449003,142,S2_panic_selling_defi,indonesia,USDC
380,0.8001083410190409,4032649325.6877785,142,S2_panic_selling_defi,indonesia,USDC
381,0.8166434680333665,3931833092.5455837,142,S2_panic_selling_defi,indonesia,USDC
382,0.7945787039779304,3833537265.231944,142,S2_panic_selling_defi,indonesia,USDC
383,0.8039021967012622,3737698833.6011457,142,S2_panic_selling_defi,indonesia,USDC
384,0.8013112110457745,3644256362.7611165,142,S2_panic_selling_defi,indonesia,USDC
385,0.7862089055937879,3553149953.6920886,142,S2_panic_selling_defi,indonesia,USDC
386,0.7974077577367574,3464321204.8497868,142,S2_panic_selling_defi,indonesia,USDC
387,0.8174005706942521,3377713174.7285423,142,S2_panic_selling_defi,indonesia,USDC
388,0.8211538903102417,3293270345.3603287,142,S2_panic_selling_defi,indonesia,USDC
389,0.8149493387695355,3210938586.7263203,142,S2_panic_selling_defi,indonesia,USDC
390,0.8180501681600356,3130665122.058162,142,S2_panic_selling_defi,indonesia,USDC
391,0.798544275661957,3052398494.006708,142,S2_panic_selling_defi,indonesia,USDC
392,0.8116693181497887,2976088531.6565404,142,S2_panic_selling_defi,indonesia,USDC
393,0.8236125041897698,2901686318.365127,142,S2_panic_selling_defi,indonesia,USDC
394,0.8078977344868735,2829144160.405999,142,S2_panic_selling_defi,indonesia,USDC
395,0.8061908425977948,2758415556.3958488,142,S2_panic_selling_defi,indonesia,USDC
396,0.8235913904068435,2689455167.4859524,142,S2_panic_selling_defi,indonesia,USDC
397,0.8031202714687592,2622218788.298804,142,S2_panic_selling_defi,indonesia,USDC
398,0.8029933918789934,2556663318.591334,142,S2_panic_selling_defi,indonesia,USDC
399,0.8062234000679188,2492746735.6265507,142,S2_panic_selling_defi,indonesia,USDC
400,0.8202455922573288,2430428067.2358866,142,S2_panic_selling_defi,indonesia,USDC
401,0.8139367148183831,2369667365.55499,142,S2_panic_selling_defi,indonesia,USDC
402,0.817847052181931,2310425681.416115,142,S2_panic_selling_defi,indonesia,USDC
403,0.7901330034032322,2252665039.380712,142,S2_panic_selling_defi,indonesia,USDC
404,0.7878489604980917,2196348413.396194,142,S2_panic_selling_defi,indonesia,USDC
405,0.7844402207551097,2141439703.061289,142,S2_panic_selling_defi,indonesia,USDC
406,0.7722741989145524,2087903710.484757,142,S2_panic_selling_defi,indonesia,USDC
407,0.7783816509146431,2035706117.7226381,142,S2_panic_selling_defi,indonesia,USDC
408,0.7571014420071842,1984813464.779572,142,S2_panic_selling_defi,indonesia,USDC
409,0.7769265965826492,1935193128.1600828,142,S2_panic_selling_defi,indonesia,USDC
410,0.7716727719423717,1886813299.9560807,142,S2_panic_selling_defi,indonesia,USDC
411,0.7563201264882791,1839642967.4571786,142,S2_panic_selling_defi,indonesia,USDC
412,0.7563911732957618,1793651893.2707493,142,S2_panic_selling_defi,indonesia,USDC
413,0.7658972010398609,1748810595.9389806,142,S2_panic_selling_defi,indonesia,USDC
414,0.7517448709758145,1705090331.0405064,142,S2_panic_selling_defi,indonesia,USDC
415,0.7376286994555276,1662463072.7644935,142,S2_panic_selling_defi,indonesia,USDC
416,0.7413963763037804,1620901495.9453812,142,S2_panic_selling_defi,indonesia,USDC
417,0.7623596293760709,1580378958.5467467,142,S2_panic_selling_defi,indonesia,USDC
418,0.753048284001386,1540869484.583078,142,S2_panic_selling_defi,indonesia,USDC
419,0.7408734602889514,1502347747.468501,142,S2_panic_selling_defi,indonesia,USDC
420,0.7249595823506995,1464789053.7817886,142,S2_panic_selling_defi,indonesia,USDC
421,0.7246430269156509,1428169327.437244,142,S2_panic_selling_defi,indonesia,USDC
422,0.7165438137804542,1392465094.2513127,142,S2_panic_selling_defi,indonesia,USDC
423,0.7228468240454284,1357653466.89503,142,S2_panic_selling_defi,indonesia,USDC
424,0.7555889562228264,1323712130.222654,142,S2_panic_selling_defi,indonesia,USDC
425,0.761471402053967,1290619326.9670877,142,S2_panic_selling_defi,indonesia,USDC
426,0.7542801043316059,1258353843.7929106,142,S2_panic_selling_defi,indonesia,USDC
427,0.7697281470267721,1226894997.6980877,142,S2_panic_selling_defi,indonesia,USDC
428,0.7714367554369412,1196222622.7556355,142,S2_panic_selling_defi,indonesia,USDC
429,0.7874537924995713,1166317057.1867447,142,S2_panic_selling_defi,indonesia,USDC
430,0.7897195932407449,1137159130.757076,142,S2_panic_selling_defi,indonesia,USDC
431,0.8019731762917267,1108730152.4881492,142,S2_panic_selling_defi,indonesia,USDC
432,0.7901548795409417,1081011898.6759455,142,S2_panic_selling_defi,indonesia,USDC
433,0.7751399894849463,1053986601.2090468,142,S2_panic_selling_defi,indonesia,USDC
434,0.7787258281842011,1027636936.1788206,142,S2_panic_selling_defi,indonesia,USDC
435,0.7822851357134627,1001946012.7743502,142,S2_panic_selling_defi,indonesia,USDC
436,0.7849774636980491,976897362.4549913,142,S2_panic_selling_defi,indonesia,USDC
437,0.7046554580938831,952474928.3936164,142,S2_panic_selling_defi,indonesia,USDC
438,0.7222984769597154,928663055.183776,142,S2_panic_selling_defi,indonesia,USDC
439,0.7328756110806517,905446478.8041818,142,S2_panic_selling_defi,indonesia,USDC
440,0.7382485802239078,882810316.8340771,142,S2_panic_selling_defi,indonesia,USDC
441,0.739031194361743,860740058.9132252,142,S2_panic_selling_defi,indonesia,USDC
442,0.7538775305199754,839221557.4403946,142,S2_panic_selling_defi,indonesia,USDC
443,0.7639011884882022,818241018.5043849,142,S2_panic_selling_defi,indonesia,USDC
444,0.7905637219818358,797784993.0417752,142,S2_panic_selling_defi,indonesia,USDC
445,0.8194024025215335,777840368.2157309,142,S2_panic_selling_defi,indonesia,USDC
446,0.8437955013477906,758394359.0103376,142,S2_panic_selling_defi,indonesia,USDC
447,0.8335461158662583,739434500.0350791,142,S2_panic_selling_defi,indonesia,USDC
448,0.8320480566683155,720948637.5342021,142,S2_panic_selling_defi,indonesia,USDC
449,0.8201457513645616,702924921.5958471,142,S2_panic_selling_defi,indonesia,USDC
450,0.8171393149133279,685351798.5559509,142,S2_panic_selling_defi,indonesia,USDC
451,0.8166281711016443,668218003.5920521,142,S2_panic_selling_defi,indonesia,USDC
452,0.8217119566039477,651512553.5022508,142,S2_panic_selling_defi,indonesia,USDC
453,0.7876858678104799,635224739.6646945,142,S2_panic_selling_defi,indonesia,USDC
454,0.8094424638019933,619344121.1730772,142,S2_panic_selling_defi,indonesia,USDC
455,0.8056039477042103,603860518.1437502,142,S2_panic_selling_defi,indonesia,USDC
456,0.8170804997866556,588764005.1901565,142,S2_panic_selling_defi,indonesia,USDC
457,0.7696113369831625,574044905.0604025,142,S2_panic_selling_defi,indonesia,USDC
458,0.786399408455554,559693782.4338925,142,S2_panic_selling_defi,indonesia,USDC
459,0.802976758926068,545701437.8730452,142,S2_panic_selling_defi,indonesia,USDC
460,0.813043777737765,532058901.926219,142,S2_panic_selling_defi,indonesia,USDC
461,0.8141560475728972,518757429.37806356,142,S2_panic_selling_defi,indonesia,USDC
462,0.794364267182909,505788493.64361197,142,S2_panic_selling_defi,indonesia,USDC
463,0.8127105186616496,493143781.3025217,142,S2_panic_selling_defi,indonesia,USDC
464,0.7983485529827059,480815186.7699586,142,S2_panic_selling_defi,indonesia,USDC
465,0.8057347166589256,468794807.1007097,142,S2_panic_selling_defi,indonesia,USDC
466,0.802757035693298,457074936.9231919,142,S2_panic_selling_defi,indonesia,USDC
467,0.8215236616111602,445648063.50011206,142,S2_panic_selling_defi,indonesia,USDC
468,0.8151080940183083,434506861.91260934,142,S2_panic_selling_defi,indonesia,USDC
469,0.8105226845423055,423644190.36479414,142,S2_panic_selling_defi,indonesia,USDC
470,0.8107381663964066,413053085.60567415,142,S2_panic_selling_defi,indonesia,USDC
471,0.8015790631195658,402726758.46553236,142,S2_panic_selling_defi,indonesia,USDC
472,0.8124481708038835,392658589.50389403,142,S2_panic_selling_defi,indonesia,USDC
473,0.8314500823669665,382842124.7662967,142,S2_panic_selling_defi,indonesia,USDC
474,0.8216727750053783,373271071.64713925,142,S2_panic_selling_defi,indonesia,USDC
475,0.8168355217032334,363939294.8559608,142,S2_panic_selling_defi,indonesia,USDC
476,0.8154137331991991,354840812.4845618,142,S2_panic_selling_defi,indonesia,USDC
477,0.8095816342786606,345969792.1724477,142,S2_panic_selling_defi,indonesia,USDC
478,0.8260331493451872,337320547.3681365,142,S2_panic_selling_defi,indonesia,USDC
479,0.7879098086795465,328887533.6839331,142,S2_panic_selling_defi,indonesia,USDC
480,0.7876711765937365,320665345.3418348,142,S2_panic_selling_defi,indonesia,USDC
481,0.7722881222409858,312648711.7082889,142,S2_panic_selling_defi,indonesia,USDC
482,0.7735566546513447,304832493.91558164,142,S2_panic_selling_defi,indonesia,USDC
483,0.7455777856866113,297211681.5676921,142,S2_panic_selling_defi,indonesia,USDC
484,0.7453517600077856,289781389.52849984,142,S2_panic_selling_defi,indonesia,USDC
485,0.7543295014685506,282536854.7902873,142,S2_panic_selling_defi,indonesia,USDC
486,0.7357428949529993,275473433.42053014,142,S2_panic_selling_defi,indonesia,USDC
487,0.7190162595772813,268586597.5850169,142,S2_panic_selling_defi,indonesia,USDC
488,0.7216472459934318,261871932.6453915,142,S2_panic_selling_defi,indonesia,USDC
489,0.7006780596421737,255325134.3292567,142,S2_panic_selling_defi,indonesia,USDC
490,0.7065972805771261,248942005.9710253,142,S2_panic_selling_defi,indonesia,USDC
491,0.720285608364958,242718455.82174966,142,S2_panic_selling_defi,indonesia,USDC
492,0.730570988140184,236650494.42620593,142,S2_panic_selling_defi,indonesia,USDC
493,0.7247146317657176,230734232.06555074,142,S2_panic_selling_defi,indonesia,USDC
494,0.7354045898117302,224965876.263912,142,S2_panic_selling_defi,indonesia,USDC
495,0.7467397789506136,219341729.35731417,142,S2_panic_selling_defi,indonesia,USDC
496,0.7468994714024025,213858186.12338132,142,S2_panic_selling_defi,indonesia,USDC
497,0.768308567943649,208511731.4702968,142,S2_panic_selling_defi,indonesia,USDC
498,0.737380014952026,203298938.1835394,142,S2_panic_selling_defi,indonesia,USDC
499,0.737265026620514,198216464.72895092,142,S2_panic_selling_defi,indonesia,USDC
500,0.7560809315758993,193261053.11072713,142,S2_panic_selling_defi,indonesia,USDC
501,0.7685042717864201,188429526.78295895,142,S2_panic_selling_defi,indonesia,USDC
502,0.7780200413754963,183718788.613385,142,S2_panic_selling_defi,indonesia,USDC
503,0.7863269452264865,179125818.89805037,142,S2_panic_selling_defi,indonesia,USDC
504,0.7833532004588388,174647673.4255991,142,S2_panic_selling_defi,indonesia,USDC
505,0.7807154169250929,170281481.58995914,142,S2_panic_selling_defi,indonesia,USDC
506,0.8168063345078516,166024444.55021015,142,S2_panic_selling_defi,indonesia,USDC
507,0.812350822425707,161873833.4364549,142,S2_panic_selling_defi,indonesia,USDC
508,0.8070441895127121,157826987.6005435,142,S2_panic_selling_defi,indonesia,USDC
509,0.7978726766539523,153881312.9105299,142,S2_panic_selling_defi,indonesia,USDC
510,0.8119682522549492,150034280.08776668,142,S2_panic_selling_defi,indonesia,USDC
511,0.8042716276010009,146283423.0855725,142,S2_panic_selling_defi,indonesia,USDC
512,0.8051798107205445,142626337.50843316,142,S2_panic_selling_defi,indonesia,USDC
513,0.8291620965081358,139060679.07072237,142,S2_panic_selling_defi,indonesia,USDC
514,0.813846367283727,135584162.0939543,142,S2_panic_selling_defi,indonesia,USDC
515,0.830240140921046,132194558.04160544,142,S2_panic_selling_defi,indonesia,USDC
516,0.845169087505713,128889694.09056532,142,S2_panic_selling_defi,indonesia,USDC
517,0.8327196784292346,125667451.73830117,142,S2_panic_selling_defi,indonesia,USDC
518,0.8197449914583521,122525765.44484365,142,S2_panic_selling_defi,indonesia,USDC
519,0.8297693933698631,119462621.30872256,142,S2_panic_selling_defi,indonesia,USDC
520,0.8027520164085276,116476055.7760045,142,S2_panic_selling_defi,indonesia,USDC
521,0.7786515831000931,113564154.38160437,142,S2_panic_selling_defi,indonesia,USDC
522,0.7611965486497471,110725050.52206427,142,S2_panic_selling_defi,indonesia,USDC
523,0.7124708513661446,107956924.25901265,142,S2_panic_selling_defi,indonesia,USDC
524,0.7262095477063677,105258001.15253735,142,S2_panic_selling_defi,indonesia,USDC
525,0.7174127897339032,102626551.1237239,142,S2_panic_selling_defi,indonesia,USDC
526,0.7450464918987428,100060887.3456308,142,S2_panic_selling_defi,indonesia,USDC
527,0.7486874621133612,97559365.16199003,142,S2_panic_selling_defi,indonesia,USDC
528,0.7496798366520081,95120381.03294028,142,S2_panic_selling_defi,indonesia,USDC
529,0.7419108783018648,92742371.50711676,142,S2_panic_selling_defi,indonesia,USDC
530,0.7436942241937631,90423812.21943885,142,S2_panic_selling_defi,indonesia,USDC
531,0.7759963428454164,88163216.91395287,142,S2_panic_selling_defi,indonesia,USDC
532,0.7908790764250203,85959136.49110405,142,S2_panic_selling_defi,indonesia,USDC
533,0.7795068673494163,83810158.07882646,142,S2_panic_selling_defi,indonesia,USDC
534,0.7917192403678559,81714904.12685579,142,S2_panic_selling_defi,indonesia,USDC
535,0.7795699762655264,79672031.52368438,142,S2_panic_selling_defi,indonesia,USDC
536,0.7660096251476103,77680230.73559228,142,S2_panic_selling_defi,indonesia,USDC
537,0.7649352167362097,75738224.96720247,142,S2_panic_selling_defi,indonesia,USDC
538,0.7758554427890973,73844769.3430224,142,S2_panic_selling_defi,indonesia,USDC
539,0.8113905742949409,71998650.10944685,142,S2_panic_selling_defi,indonesia,USDC
540,0.8153579144599438,70198683.85671069,142,S2_panic_selling_defi,indonesia,USDC
541,0.797532925047886,68443716.76029292,142,S2_panic_selling_defi,indonesia,USDC
542,0.7850858775015838,66732623.8412856,142,S2_panic_selling_defi,indonesia,USDC
543,0.7763500765310524,65064308.24525346,142,S2_panic_selling_defi,indonesia,USDC
544,0.7752518094741417,63437700.53912213,142,S2_panic_selling_defi,indonesia,USDC
545,0.7719727436762153,61851758.025644064,142,S2_panic_selling_defi,indonesia,USDC
546,0.7577775011008036,60305464.07500297,142,S2_panic_selling_defi,indonesia,USDC
547,0.7535108195206172,58797827.473127894,142,S2_panic_selling_defi,indonesia,USDC
548,0.7786541674302503,57327881.7862997,142,S2_panic_selling_defi,indonesia,USDC
549,0.7802452722744536,55894684.74164221,142,S2_panic_selling_defi,indonesia,USDC
550,0.7975780855990903,54497317.62310115,142,S2_panic_selling_defi,indonesia,USDC
551,0.7776896047205892,53134884.68252362,142,S2_panic_selling_defi,indonesia,USDC
552,0.7699068171004463,51806512.56546053,142,S2_panic_selling_defi,indonesia,USDC
553,0.7824172721640719,50511349.75132403,142,S2_panic_selling_defi,indonesia,USDC
554,0.7787064954976947,49248566.00754093,142,S2_panic_selling_defi,indonesia,USDC
555,0.7851673846387739,48017351.857352406,142,S2_panic_selling_defi,indonesia,USDC
556,0.7821441727598762,46816918.06091859,142,S2_panic_selling_defi,indonesia,USDC
557,0.7707302285844969,45646495.10939562,142,S2_panic_selling_defi,indonesia,USDC
558,0.7691841227263163,44505332.73166074,142,S2_panic_selling_defi,indonesia,USDC
559,0.7866357801226311,43392699.413369216,142,S2_panic_selling_defi,indonesia,USDC
560,0.7830627496698203,42307881.92803498,142,S2_panic_selling_defi,indonesia,USDC
561,0.7886353272004475,41250184.87983411,142,S2_panic_selling_defi,indonesia,USDC
562,0.8089237862206777,40218930.25783826,142,S2_panic_selling_defi,indonesia,USDC
563,0.7977702324210542,39213457.001392305,142,S2_panic_selling_defi,indonesia,USDC
564,0.7709061409346982,38233120.57635749,142,S2_panic_selling_defi,indonesia,USDC
565,0.7730485399773662,37277292.56194855,142,S2_panic_selling_defi,indonesia,USDC
566,0.800291529795321,36345360.247899845,142,S2_panic_selling_defi,indonesia,USDC
567,0.8160360756008637,35436726.24170235,142,S2_panic_selling_defi,indonesia,USDC
568,0.8109104593637764,34550808.08565979,142,S2_panic_selling_defi,indonesia,USDC
569,0.7984028585746386,33687037.88351829,142,S2_panic_selling_defi,indonesia,USDC
570,0.8073934454583269,32844861.936430335,142,S2_panic_selling_defi,indonesia,USDC
571,0.792296820299505,32023740.388019577,142,S2_panic_selling_defi,indonesia,USDC
572,0.779904434511352,31223146.878319092,142,S2_panic_selling_defi,indonesia,USDC
573,0.7779688747196143,30442568.20636111,142,S2_panic_selling_defi,indonesia,USDC
574,0.8049599691050655,29681504.001202084,142,S2_panic_selling_defi,indonesia,USDC
575,0.8234161762336134,28939466.401172034,142,S2_panic_selling_defi,indonesia,USDC
576,0.8209982375234336,28215979.74114273,142,S2_panic_selling_defi,indonesia,USDC
577,0.8228397507576688,27510580.247614164,142,S2_panic_selling_defi,indonesia,USDC
578,0.8094998441828611,26822815.74142381,142,S2_panic_selling_defi,indonesia,USDC
579,0.8179906606112347,26152245.347888216,142,S2_panic_selling_defi,indonesia,USDC
580,0.8007018546404121,25498439.214191012,142,S2_panic_selling_defi,indonesia,USDC
581,0.7767618695325837,24860978.233836234,142,S2_panic_selling_defi,indonesia,USDC
582,0.7851610358257057,24239453.77799033,142,S2_panic_selling_defi,indonesia,USDC
583,0.7916323855987553,23633467.43354057,142,S2_panic_selling_defi,indonesia,USDC
584,0.8180927983569307,23042630.747702055,142,S2_panic_selling_defi,indonesia,USDC
585,0.811606634525292,22466564.979009505,142,S2_panic_selling_defi,indonesia,USDC
586,0.8197169427828882,21904900.85453427,142,S2_panic_selling_defi,indonesia,USDC
587,0.8156719046532297,21357278.33317091,142,S2_panic_selling_defi,indonesia,USDC
588,0.7979696496998969,20823346.374841638,142,S2_panic_selling_defi,indonesia,USDC
589,0.7821497270241673,20302762.715470597,142,S2_panic_selling_defi,indonesia,USDC
590,0.7748888528934105,19795193.647583835,142,S2_panic_selling_defi,indonesia,USDC
591,0.7830797126255467,19300313.806394234,142,S2_panic_selling_defi,indonesia,USDC
592,0.7875847375105984,18817805.961234383,142,S2_panic_selling_defi,indonesia,USDC
593,0.7872785400656607,18347360.81220352,142,S2_panic_selling_defi,indonesia,USDC
594,0.791476691382133,17888676.791898433,142,S2_panic_selling_defi,indonesia,USDC
595,0.8044111621625479,17441459.87210097,142,S2_panic_selling_defi,indonesia,USDC
596,0.801631365852836,17005423.375298448,142,S2_panic_selling_defi,indonesia,USDC
597,0.777805756245865,16580287.790915985,142,S2_panic_selling_defi,indonesia,USDC
598,0.7798663619236859,16165780.596143086,142,S2_panic_selling_defi,indonesia,USDC
599,0.8010618603080285,15761636.081239508,142,S2_panic_selling_defi,indonesia,USDC
600,0.7872377845442647,15367595.17920852,142,S2_panic_selling_defi,indonesia,USDC
601,0.7807948234100842,14983405.299728308,142,S2_panic_selling_defi,indonesia,USDC
602,0.7788434555556383,14608820.167235099,142,S2_panic_selling_defi,indonesia,USDC
603,0.7660538981810232,14243599.66305422,142,S2_panic_selling_defi,indonesia,USDC
604,0.8102235126725054,13887509.671477865,142,S2_panic_selling_defi,indonesia,USDC
605,0.7952698494944,13540321.92969092,142,S2_panic_selling_defi,indonesia,USDC
606,0.7916605454667353,13201813.881448645,142,S2_panic_selling_defi,indonesia,USDC
607,0.8120283561716031,12871768.53441243,142,S2_panic_selling_defi,indonesia,USDC
608,0.8156786593968458,12549974.32105212,142,S2_panic_selling_defi,indonesia,USDC
609,0.8186424237699031,12236224.963025816,142,S2_panic_selling_defi,indonesia,USDC
610,0.8262139648057505,11930319.33895017,142,S2_panic_selling_defi,indonesia,USDC
611,0.7961834803303117,11632061.355476417,142,S2_panic_selling_defi,indonesia,USDC
612,0.8254601420994588,11341259.821589505,142,S2_panic_selling_defi,indonesia,USDC
613,0.8238888591863356,11057728.326049767,142,S2_panic_selling_defi,indonesia,USDC
614,0.8206740139084098,10781285.117898524,142,S2_panic_selling_defi,indonesia,USDC
615,0.8057740338114371,10511752.989951061,142,S2_panic_selling_defi,indonesia,USDC
616,0.8039265490820855,10248959.165202284,142,S2_panic_selling_defi,indonesia,USDC
617,0.8217972339719198,9992735.186072228,142,S2_panic_selling_defi,indonesia,USDC
618,0.7940188975103698,9742916.806420423,142,S2_panic_selling_defi,indonesia,USDC
619,0.7930063515021073,9499343.886259912,142,S2_panic_selling_defi,indonesia,USDC
620,0.7708619157619949,9261860.289103413,142,S2_panic_selling_defi,indonesia,USDC
621,0.7807053559580047,9030313.781875826,142,S2_panic_selling_defi,indonesia,USDC
622,0.7994462803148802,8804555.937328933,142,S2_panic_selling_defi,indonesia,USDC
623,0.8014192746108101,8584442.03889571,142,S2_panic_selling_defi,indonesia,USDC
624,0.805023966519797,8369830.987923316,142,S2_panic_selling_defi,indonesia,USDC
625,0.7897364892911125,8160585.213225232,142,S2_panic_selling_defi,indonesia,USDC
626,0.7947169387903049,7956570.582894602,142,S2_panic_selling_defi,indonesia,USDC
627,0.8096794617407467,7757656.318322238,142,S2_panic_selling_defi,indonesia,USDC
628,0.8193451761324375,7563714.910364181,142,S2_panic_selling_defi,indonesia,USDC
629,0.8338612789576875,7374622.037605077,142,S2_panic_selling_defi,indonesia,USDC
630,0.8126309611070642,7190256.48666495,142,S2_panic_selling_defi,indonesia,USDC
631,0.8348405144960961,7010500.074498326,142,S2_panic_selling_defi,indonesia,USDC
632,0.8548963667849165,6835237.572635869,142,S2_panic_selling_defi,indonesia,USDC
633,0.8527364484935909,6664356.633319972,142,S2_panic_selling_defi,indonesia,USDC
634,0.8543299969793343,6497747.717486973,142,S2_panic_selling_defi,indonesia,USDC
635,0.8563693693782174,6335304.024549799,142,S2_panic_selling_defi,indonesia,USDC
636,0.8306197193747415,6176921.423936053,142,S2_panic_selling_defi,indonesia,USDC
637,0.8432994879595187,6022498.388337652,142,S2_panic_selling_defi,indonesia,USDC
638,0.8172680359811931,5871935.92862921,142,S2_panic_selling_defi,indonesia,USDC
639,0.828338656183052,5725137.5304134805,142,S2_panic_selling_defi,indonesia,USDC
640,0.8286550693110623,5582009.092153143,142,S2_panic_selling_defi,indonesia,USDC
641,0.8264795719785628,5442458.864849314,142,S2_panic_selling_defi,indonesia,USDC
642,0.7259787630572435,5306397.393228082,142,S2_panic_selling_defi,indonesia,USDC
643,0.7235843132524452,5173737.458397379,142,S2_panic_selling_defi,indonesia,USDC
644,0.6337630460700795,5044394.021937445,142,S2_panic_selling_defi,indonesia,USDC
645,0.666686833355085,4918284.171389009,142,S2_panic_selling_defi,indonesia,USDC
646,0.6731415513264332,4795327.067104283,142,S2_panic_selling_defi,indonesia,USDC
647,0.6702227203649771,4675443.890426676,142,S2_panic_selling_defi,indonesia,USDC
648,0.6980346794443815,4558557.79316601,142,S2_panic_selling_defi,indonesia,USDC
649,0.7302241967976308,4444593.848336859,142,S2_panic_selling_defi,indonesia,USDC
650,0.7235040058105221,4333479.002128437,142,S2_panic_selling_defi,indonesia,USDC
651,0.7207981212805644,4225142.0270752255,142,S2_panic_selling_defi,indonesia,USDC
652,0.7084077297542782,4119513.4763983455,142,S2_panic_selling_defi,indonesia,USDC
653,0.7127691588870556,4016525.639488387,142,S2_panic_selling_defi,indonesia,USDC
654,0.7308444278016701,3916112.4985011774,142,S2_panic_selling_defi,indonesia,USDC
655,0.7264334162620755,3818209.686038648,142,S2_panic_selling_defi,indonesia,USDC
656,0.7258354730648735,3722754.4438876817,142,S2_panic_selling_defi,indonesia,USDC
657,0.7259745585969354,3629685.58279049,142,S2_panic_selling_defi,indonesia,USDC
658,0.7345257435106171,3538943.443220727,142,S2_panic_selling_defi,indonesia,USDC
659,0.7393151655023519,3450469.8571402095,142,S2_panic_selling_defi,indonesia,USDC
660,0.7654653340012455,3364208.110711704,142,S2_panic_selling_defi,indonesia,USDC
661,0.7694379149920489,3280102.907943912,142,S2_panic_selling_defi,indonesia,USDC
662,0.7873145289892255,3198100.3352453136,142,S2_panic_selling_defi,indonesia,USDC
663,0.7716586140176914,3118147.826864181,142,S2_panic_selling_defi,indonesia,USDC
664,0.7861963743068084,3040194.1311925766,142,S2_panic_selling_defi,indonesia,USDC
665,0.7848536594041093,2964189.277912762,142,S2_panic_selling_defi,indonesia,USDC
666,0.7833588510808798,2890084.5459649432,142,S2_panic_selling_defi,indonesia,USDC
667,0.8057800611987692,2817832.4323158194,142,S2_panic_selling_defi,indonesia,USDC
668,0.8031038116493567,2747386.621507924,142,S2_panic_selling_defi,indonesia,USDC
669,0.831900225325602,2678701.955970226,142,S2_panic_selling_defi,indonesia,USDC
670,0.8317056917400275,2611734.40707097,142,S2_panic_selling_defi,indonesia,USDC
671,0.8574901075984157,2546441.046894196,142,S2_panic_selling_defi,indonesia,USDC
672,0.8559785853330341,2482780.020721841,142,S2_panic_selling_defi,indonesia,USDC
673,0.8096117131014318,2420710.5202037953,142,S2_panic_selling_defi,indonesia,USDC
674,0.795669930765604,2360192.7571986998,142,S2_panic_selling_defi,indonesia,USDC
675,0.8023285307342246,2301187.9382687323,142,S2_panic_selling_defi,indonesia,USDC
676,0.7952343338400771,2243658.239812014,142,S2_panic_selling_defi,indonesia,USDC
677,0.7810305695913856,2187566.783816714,142,S2_panic_selling_defi,indonesia,USDC
678,0.7905582764576193,2132877.614221296,142,S2_panic_selling_defi,indonesia,USDC
679,0.7650200733866778,2079555.6738657635,142,S2_panic_selling_defi,indonesia,USDC
680,0.7808763743702276,2027566.7820191197,142,S2_panic_selling_defi,indonesia,USDC
681,0.7782989426986268,1976877.6124686417,142,S2_panic_selling_defi,indonesia,USDC
682,0.7632674465974071,1927455.6721569253,142,S2_panic_selling_defi,indonesia,USDC
683,0.7702420701564824,1879269.2803530023,142,S2_panic_selling_defi,indonesia,USDC
684,0.7721020700416997,1832287.5483441772,142,S2_panic_selling_defi,indonesia,USDC
685,0.7835920358799787,1786480.3596355729,142,S2_panic_selling_defi,indonesia,USDC
686,0.7901248380817765,1741818.3506446835,142,S2_panic_selling_defi,indonesia,USDC
687,0.7705888153669639,1698272.8918785662,142,S2_panic_selling_defi,indonesia,USDC
688,0.7897344040025284,1655816.0695816022,142,S2_panic_selling_defi,indonesia,USDC
689,0.8016414808735914,1614420.6678420622,142,S2_panic_selling_defi,indonesia,USDC
690,0.8396206610549681,1574060.1511460107,142,S2_panic_selling_defi,indonesia,USDC
691,0.8384655911202628,1534708.6473673603,142,S2_panic_selling_defi,indonesia,USDC
692,0.8550598326595936,1496340.9311831763,142,S2_panic_selling_defi,indonesia,USDC
693,0.8400850144635216,1458932.4079035968,142,S2_panic_selling_defi,indonesia,USDC
694,0.8510812018879953,1422459.097706007,142,S2_panic_selling_defi,indonesia,USDC
695,0.8415824711957163,1386897.6202633567,142,S2_panic_selling_defi,indonesia,USDC
696,0.8259821029615564,1352225.179756773,142,S2_panic_selling_defi,indonesia,USDC
697,0.8263461707536337,1318419.5502628535,142,S2_panic_selling_defi,indonesia,USDC
698,0.810230367026595,1285459.061506282,142,S2_panic_selling_defi,indonesia,USDC
699,0.809239318889302,1253322.584968625,142,S2_panic_selling_defi,indonesia,USDC
700,0.785757767462304,1221989.5203444094,142,S2_panic_selling_defi,indonesia,USDC
701,0.7749668149767661,1191439.7823357992,142,S2_panic_selling_defi,indonesia,USDC
702,0.7915269540158634,1161653.787777404,142,S2_panic_selling_defi,indonesia,USDC
703,0.7873512298259184,1132612.443082969,142,S2_panic_selling_defi,indonesia,USDC
704,0.7964070962153122,1104297.1320058948,142,S2_panic_selling_defi,indonesia,USDC
705,0.819403640513123,1076689.7037057476,142,S2_panic_selling_defi,indonesia,USDC
706,0.8098637449703348,1049772.461113104,142,S2_panic_selling_defi,indonesia,USDC
707,0.8188883479793388,1023528.1495852763,142,S2_panic_selling_defi,indonesia,USDC
708,0.8012005983867719,997939.9458456443,142,S2_panic_selling_defi,indonesia,USDC
709,0.8435693554410559,972991.4471995032,142,S2_panic_selling_defi,indonesia,USDC
710,0.8454830658378946,948666.6610195156,142,S2_panic_selling_defi,indonesia,USDC
711,0.8602849171460798,924949.9944940277,142,S2_panic_selling_defi,indonesia,USDC
712,0.8690958942637245,901826.2446316769,142,S2_panic_selling_defi,indonesia,USDC
713,0.8661965374758381,879280.588515885,142,S2_panic_selling_defi,indonesia,USDC
714,0.8581734996621844,857298.573802988,142,S2_panic_selling_defi,indonesia,USDC
715,0.8753369431036586,835866.1094579133,142,S2_panic_selling_defi,indonesia,USDC
716,0.8545253626198174,814969.4567214655,142,S2_panic_selling_defi,indonesia,USDC
717,0.8557673408516707,794595.2203034287,142,S2_panic_selling_defi,indonesia,USDC
718,0.8342929744206516,774730.339795843,142,S2_panic_selling_defi,indonesia,USDC
719,0.8065135860249629,755362.0813009469,142,S2_panic_selling_defi,indonesia,USDC
720,0.8330729582753866,736478.0292684233,142,S2_panic_selling_defi,indonesia,USDC
721,0.8442982410755301,718066.0785367127,142,S2_panic_selling_defi,indonesia,USDC
722,0.8623077316087998,700114.4265732948,142,S2_panic_selling_defi,indonesia,USDC
723,0.8476490576264248,682611.5659089624,142,S2_panic_selling_defi,indonesia,USDC
724,0.83356607997487,665546.2767612385,142,S2_panic_selling_defi,indonesia,USDC
725,0.8349853079226933,648907.6198422075,142,S2_panic_selling_defi,indonesia,USDC
726,0.8380529178485671,632684.9293461523,142,S2_panic_selling_defi,indonesia,USDC
727,0.8362495151567962,616867.8061124985,142,S2_panic_selling_defi,indonesia,USDC
728,0.7994666461886691,601446.110959686,142,S2_panic_selling_defi,indonesia,USDC
729,0.7734711539922826,586409.9581856938,142,S2_panic_selling_defi,indonesia,USDC
730,0.7677659395295423,571749.7092310515,142,S2_panic_selling_defi,indonesia,USDC
731,0.7699140516522928,557455.9665002752,142,S2_panic_selling_defi,indonesia,USDC
732,0.7815221361921691,543519.5673377684,142,S2_panic_selling_defi,indonesia,USDC
733,0.793715597204671,529931.5781543241,142,S2_panic_selling_defi,indonesia,USDC
734,0.7735073515078804,516683.28870046604,142,S2_panic_selling_defi,indonesia,USDC
735,0.7704946644188565,503766.2064829543,142,S2_panic_selling_defi,indonesia,USDC
736,0.7741677286426711,491172.05132088054,142,S2_panic_selling_defi,indonesia,USDC
737,0.7745103776379332,478892.7500378585,142,S2_panic_selling_defi,indonesia,USDC
738,0.7813523422684413,466920.43128691206,142,S2_panic_selling_defi,indonesia,USDC
739,0.7710129186051573,455247.4205047393,142,S2_panic_selling_defi,indonesia,USDC
740,0.7791554663207348,443866.23499212076,142,S2_panic_selling_defi,indonesia,USDC
741,0.7822388079532281,432769.57911731774,142,S2_panic_selling_defi,indonesia,USDC
742,0.778699249383865,421950.33963938477,142,S2_panic_selling_defi,indonesia,USDC
743,0.7751948099041425,411401.58114840015,142,S2_panic_selling_defi,indonesia,USDC
744,0.776363914619543,401116.5416196902,142,S2_panic_selling_defi,indonesia,USDC
745,0.781748029401699,391088.62807919795,142,S2_panic_selling_defi,indonesia,USDC
746,0.8010442072949086,381311.41237721796,142,S2_panic_selling_defi,indonesia,USDC
747,0.8130895518181409,371778.6270677875,142,S2_panic_selling_defi,indonesia,USDC
748,0.8175829474720722,362484.1613910928,142,S2_panic_selling_defi,indonesia,USDC
749,0.8132793381337483,353422.05735631555,142,S2_panic_selling_defi,indonesia,USDC
750,0.8353502589397405,344586.5059224076,142,S2_panic_selling_defi,indonesia,USDC
751,0.8310989935009214,335971.8432743475,142,S2_panic_selling_defi,indonesia,USDC
752,0.843454338486067,327572.5471924888,142,S2_panic_selling_defi,indonesia,USDC
753,0.8511252718918179,319383.23351267655,142,S2_panic_selling_defi,indonesia,USDC
754,0.8394483157632173,311398.6526748597,142,S2_panic_selling_defi,indonesia,USDC
755,0.8247911961556158,303613.68635798816,142,S2_panic_selling_defi,indonesia,USDC
756,0.8140097930356056,296023.34419903846,142,S2_panic_selling_defi,indonesia,USDC
757,0.8162156799839443,288622.7605940625,142,S2_panic_selling_defi,indonesia,USDC
758,0.7929216534912282,281407.191579211,142,S2_panic_selling_defi,indonesia,USDC
759,0.7818173879213409,274372.0117897307,142,S2_panic_selling_defi,indonesia,USDC
760,0.7930337270437611,267512.7114949874,142,S2_panic_selling_defi,indonesia,USDC
761,0.794725590216825,260824.89370761273,142,S2_panic_selling_defi,indonesia,USDC
762,0.7949661419041261,254304.2713649224,142,S2_panic_selling_defi,indonesia,USDC
763,0.8080997082212527,247946.66458079938,142,S2_panic_selling_defi,indonesia,USDC
764,0.8112200253147509,241747.9979662794,142,S2_panic_selling_defi,indonesia,USDC
765,0.7979778344065163,235704.29801712243,142,S2_panic_selling_defi,indonesia,USDC
766,0.7819992357727896,229811.69056669436,142,S2_panic_selling_defi,indonesia,USDC
767,0.7901049316438076,224066.39830252697,142,S2_panic_selling_defi,indonesia,USDC
768,0.7828959911940871,218464.73834496381,142,S2_panic_selling_defi,indonesia,USDC
769,0.7769596248265,213003.11988633973,142,S2_panic_selling_defi,indonesia,USDC
770,0.7897377701753434,207678.04188918124,142,S2_panic_selling_defi,indonesia,USDC
771,0.7795461935343082,202486.09084195172,142,S2_panic_selling_defi,indonesia,USDC
772,0.7743035577878646,197423.93857090292,142,S2_panic_selling_defi,indonesia,USDC
773,0.7735910813044508,192488.34010663035,142,S2_panic_selling_defi,indonesia,USDC
774,0.7681618818425031,187676.13160396458,142,S2_panic_selling_defi,indonesia,USDC
775,0.7611661559071241,182984.22831386546,142,S2_panic_selling_defi,indonesia,USDC
776,0.7527188823097904,178409.62260601882,142,S2_panic_selling_defi,indonesia,USDC
777,0.7540444003781854,173949.38204086834,142,S2_panic_selling_defi,indonesia,USDC
778,0.7404713499931229,169600.64748984665,142,S2_panic_selling_defi,indonesia,USDC
779,0.7399301260682403,165360.6313026005,142,S2_panic_selling_defi,indonesia,USDC
780,0.7431849341793431,161226.6155200355,142,S2_panic_selling_defi,indonesia,USDC
781,0.7406006059554043,157195.95013203457,142,S2_panic_selling_defi,indonesia,USDC
782,0.7409654868232789,153266.0513787337,142,S2_panic_selling_defi,indonesia,USDC
783,0.7387637041831497,149434.40009426538,142,S2_panic_selling_defi,indonesia,USDC
784,0.7493634570830779,145698.54009190874,142,S2_panic_selling_defi,indonesia,USDC
785,0.7530063558183366,142056.07658961104,142,S2_panic_selling_defi,indonesia,USDC
786,0.7621062380151851,138504.67467487077,142,S2_panic_selling_defi,indonesia,USDC
787,0.788898986786433,135042.057807999,142,S2_panic_selling_defi,indonesia,USDC
788,0.7914961559305429,131666.00636279903,142,S2_panic_selling_defi,indonesia,USDC
789,0.7985538411144698,128374.35620372904,142,S2_panic_selling_defi,indonesia,USDC
790,0.8220915077193445,125164.9972986358,142,S2_panic_selling_defi,indonesia,USDC
791,0.7987906563462505,122035.87236616993,142,S2_panic_selling_defi,indonesia,USDC
792,0.804243799586554,118984.97555701568,142,S2_panic_selling_defi,indonesia,USDC
793,0.7795046017021255,116010.35116809027,142,S2_panic_selling_defi,indonesia,USDC
794,0.792797302594868,113110.09238888802,142,S2_panic_selling_defi,indonesia,USDC
795,0.7689802367511952,110282.34007916582,142,S2_panic_selling_defi,indonesia,USDC
796,0.7744677110541274,107525.28157718667,142,S2_panic_selling_defi,indonesia,USDC
797,0.7636778018295152,104837.14953775701,142,S2_panic_selling_defi,indonesia,USDC
798,0.767022705456923,102216.22079931307,142,S2_panic_selling_defi,indonesia,USDC
799,0.7771263484411075,99660.81527933024,142,S2_panic_selling_defi,indonesia,USDC
800,0.7840667182187604,97169.294897347,142,S2_panic_selling_defi,indonesia,USDC
801,0.8025235674029533,94740.06252491332,142,S2_panic_selling_defi,indonesia,USDC
802,0.7963591908307902,92371.5609617905,142,S2_panic_selling_defi,indonesia,USDC
803,0.8282545370925161,90062.27193774573,142,S2_panic_selling_defi,indonesia,USDC
804,0.8260044695333685,87810.71513930209,142,S2_panic_selling_defi,indonesia,USDC
805,0.8507885576457823,85615.44726081954,142,S2_panic_selling_defi,indonesia,USDC
806,0.8496086634852595,83475.06107929905,142,S2_panic_selling_defi,indonesia,USDC
807,0.8416120837004324,81388.18455231657,142,S2_panic_selling_defi,indonesia,USDC
808,0.827202318423512,79353.47993850865,142,S2_panic_selling_defi,indonesia,USDC
809,0.8333418039779183,77369.64294004593,142,S2_panic_selling_defi,indonesia,USDC
810,0.8119302774711492,75435.4018665448,142,S2_panic_selling_defi,indonesia,USDC
811,0.8223042667819468,73549.51681988117,142,S2_panic_selling_defi,indonesia,USDC
812,0.8232835650238982,71710.77889938414,142,S2_panic_selling_defi,indonesia,USDC
813,0.8339869467380255,69918.00942689955,142,S2_panic_selling_defi,indonesia,USDC
814,0.8313329905934999,68170.05919122705,142,S2_panic_selling_defi,indonesia,USDC
815,0.810217057922963,66465.80771144637,142,S2_panic_selling_defi,indonesia,USDC
816,0.8090783524787003,64804.16251866022,142,S2_panic_selling_defi,indonesia,USDC
817,0.815116839565748,63184.0584556937,142,S2_panic_selling_defi,indonesia,USDC
818,0.8126766028844843,61604.456994301356,142,S2_panic_selling_defi,indonesia,USDC
819,0.8044109510161207,60064.345569443816,142,S2_panic_selling_defi,indonesia,USDC
820,0.795053326971629,58562.73693020773,142,S2_panic_selling_defi,indonesia,USDC
821,0.7973602900434379,57098.66850695254,142,S2_panic_selling_defi,indonesia,USDC
822,0.795209517660439,55671.20179427872,142,S2_panic_selling_defi,indonesia,USDC
823,0.7940490043032321,54279.42174942176,142,S2_panic_selling_defi,indonesia,USDC
824,0.7836383685427016,52922.43620568621,142,S2_panic_selling_defi,indonesia,USDC
825,0.7967445712088417,51599.37530054405,142,S2_panic_selling_defi,indonesia,USDC
826,0.7934024756271179,50309.39091803045,142,S2_panic_selling_defi,indonesia,USDC
827,0.802283334823579,49051.65614507969,142,S2_panic_selling_defi,indonesia,USDC
828,0.8230498866935028,47825.3647414527,142,S2_panic_selling_defi,indonesia,USDC
829,0.7270600697635565,46629.73062291638,142,S2_panic_selling_defi,indonesia,USDC
830,0.7329469686202862,45463.98735734347,142,S2_panic_selling_defi,indonesia,USDC
831,0.7483111506238838,44327.38767340988,142,S2_panic_selling_defi,indonesia,USDC
832,0.766139210418158,43219.202981574635,142,S2_panic_selling_defi,indonesia,USDC
833,0.7638948839066669,42138.72290703527,142,S2_panic_selling_defi,indonesia,USDC
834,0.7690332923111841,41085.25483435939,142,S2_panic_selling_defi,indonesia,USDC
835,0.786107707809862,40058.12346350041,142,S2_panic_selling_defi,indonesia,USDC
836,0.7826860042418173,39056.670376912894,142,S2_panic_selling_defi,indonesia,USDC
837,0.8004719842052067,38080.25361749007,142,S2_panic_selling_defi,indonesia,USDC
838,0.8117342705439514,37128.24727705282,142,S2_panic_selling_defi,indonesia,USDC
839,0.8194012036272917,36200.04109512649,142,S2_panic_selling_defi,indonesia,USDC
840,0.8085167602691828,35295.040067748334,142,S2_panic_selling_defi,indonesia,USDC
841,0.7942662389823356,34412.664066054625,142,S2_panic_selling_defi,indonesia,USDC
842,0.8059947620088084,33552.34746440326,142,S2_panic_selling_defi,indonesia,USDC
843,0.7963861878351004,32713.538777793183,142,S2_panic_selling_defi,indonesia,USDC
844,0.785194093395754,31895.70030834835,142,S2_panic_selling_defi,indonesia,USDC
845,0.7683194283289674,31098.307800639646,142,S2_panic_selling_defi,indonesia,USDC
846,0.7629654330873358,30320.850105623656,142,S2_panic_selling_defi,indonesia,USDC
847,0.7536602534654261,29562.82885298306,142,S2_panic_selling_defi,indonesia,USDC
848,0.7484227358780603,28823.758131658487,142,S2_panic_selling_defi,indonesia,USDC
849,0.7531562464729562,28103.16417836702,142,S2_panic_selling_defi,indonesia,USDC
850,0.7691014511660124,27400.585073907845,142,S2_panic_selling_defi,indonesia,USDC
851,0.7870728775801694,26715.57044706015,142,S2_panic_selling_defi,indonesia,USDC
852,0.7814736053938832,26047.681185883645,142,S2_panic_selling_defi,indonesia,USDC
853,0.7726963592764582,25396.489156236556,142,S2_panic_selling_defi,indonesia,USDC
854,0.7393025451568112,24761.576927330643,142,S2_panic_selling_defi,indonesia,USDC
855,0.7430393909966428,24142.537504147374,142,S2_panic_selling_defi,indonesia,USDC
856,0.7554066974843203,23538.97406654369,142,S2_panic_selling_defi,indonesia,USDC
857,0.7589501025192728,22950.499714880098,142,S2_panic_selling_defi,indonesia,USDC
858,0.7461043217984735,22376.737222008094,142,S2_panic_selling_defi,indonesia,USDC
859,0.7565233866149902,21817.318791457896,142,S2_panic_selling_defi,indonesia,USDC
860,0.7521541537760187,21271.885821671447,142,S2_panic_selling_defi,indonesia,USDC
861,0.7491492930916646,20740.08867612966,142,S2_panic_selling_defi,indonesia,USDC
862,0.7765318768707062,20221.58645922642,142,S2_panic_selling_defi,indonesia,USDC
863,0.7842561353525438,19716.04679774576,142,S2_panic_selling_defi,indonesia,USDC
864,0.7896469969001166,19223.145627802114,142,S2_panic_selling_defi,indonesia,USDC
865,0.7774232571916705,18742.566987107064,142,S2_panic_selling_defi,indonesia,USDC
866,0.7670157365525324,18274.002812429386,142,S2_panic_selling_defi,indonesia,USDC
867,0.7748058589375731,17817.15274211865,142,S2_panic_selling_defi,indonesia,USDC
868,0.7765663536725949,17371.72392356568,142,S2_panic_selling_defi,indonesia,USDC
869,0.7568901886860823,16937.430825476542,142,S2_panic_selling_defi,indonesia,USDC
870,0.7575814163190466,16513.99505483963,142,S2_panic_selling_defi,indonesia,USDC
871,0.7581477048625864,16101.14517846864,142,S2_panic_selling_defi,indonesia,USDC
872,0.7660341025406141,15698.616549006923,142,S2_panic_selling_defi,indonesia,USDC
873,0.7699111374109712,15306.15113528175,142,S2_panic_selling_defi,indonesia,USDC
874,0.7601629927513672,14923.497356899707,142,S2_panic_selling_defi,indonesia,USDC
875,0.7493116230286648,14550.409922977215,142,S2_panic_selling_defi,indonesia,USDC
876,0.7587842471538617,14186.649674902785,142,S2_panic_selling_defi,indonesia,USDC
877,0.7573110025599882,13831.983433030215,142,S2_panic_selling_defi,indonesia,USDC
878,0.7480825978932746,13486.18384720446,142,S2_panic_selling_defi,indonesia,USDC
879,0.7468361852543797,13149.029251024349,142,S2_panic_selling_defi,indonesia,USDC
880,0.7520264436555134,12820.303519748739,142,S2_panic_selling_defi,indonesia,USDC
881,0.7360261643029483,12499.79593175502,142,S2_panic_selling_defi,indonesia,USDC
882,0.7459556556645648,12187.301033461144,142,S2_panic_selling_defi,indonesia,USDC
883,0.7480270259155731,11882.618507624617,142,S2_panic_selling_defi,indonesia,USDC
884,0.7645576373663888,11585.553044934,142,S2_panic_selling_defi,indonesia,USDC
885,0.7752161894601306,11295.91421881065,142,S2_panic_selling_defi,indonesia,USDC
886,0.7761358071187211,11013.516363340384,142,S2_panic_selling_defi,indonesia,USDC
887,0.7690049259920813,10738.178454256875,142,S2_panic_selling_defi,indonesia,USDC
888,0.7610765943057648,10469.723992900454,142,S2_panic_selling_defi,indonesia,USDC
889,0.773763066858021,10207.980893077942,142,S2_panic_selling_defi,indonesia,USDC
890,0.7315072950781264,9952.781370750994,142,S2_panic_selling_defi,indonesia,USDC
891,0.7414356842638236,9703.96183648222,142,S2_panic_selling_defi,indonesia,USDC
892,0.773313306390936,9461.362790570165,142,S2_panic_selling_defi,indonesia,USDC
893,0.7880230083161115,9224.82872080591,142,S2_panic_selling_defi,indonesia,USDC
894,0.8083826212421139,8994.208002785763,142,S2_panic_selling_defi,indonesia,USDC
895,0.8088071370572508,8769.35280271612,142,S2_panic_selling_defi,indonesia,USDC
896,0.8202968714102538,8550.118982648215,142,S2_panic_selling_defi,indonesia,USDC
897,0.8345849384856511,8336.36600808201,142,S2_panic_selling_defi,indonesia,USDC
898,0.852878107201286,8127.956857879959,142,S2_panic_selling_defi,indonesia,USDC
899,0.8581555463842312,7924.75793643296,142,S2_panic_selling_defi,indonesia,USDC
900,0.8675829378184537,7726.638988022136,142,S2_panic_selling_defi,indonesia,USDC
901,0.851143577386375,7533.4730133215835,142,S2_panic_selling_defi,indonesia,USDC
902,0.840027718076708,7345.136187988543,142,S2_panic_selling_defi,indonesia,USDC
903,0.803582240190511,7161.507783288829,142,S2_panic_selling_defi,indonesia,USDC
904,0.7891964583299316,6982.470088706608,142,S2_panic_selling_defi,indonesia,USDC
905,0.7607448859424988,6807.908336488944,142,S2_panic_selling_defi,indonesia,USDC
906,0.7452299661076027,6637.71062807672,142,S2_panic_selling_defi,indonesia,USDC
907,0.7218594908757842,6471.7678623748025,142,S2_panic_selling_defi,indonesia,USDC
908,0.7237201954823788,6309.9736658154325,142,S2_panic_selling_defi,indonesia,USDC
909,0.7482657430011359,6152.224324170047,142,S2_panic_selling_defi,indonesia,USDC
910,0.7540082359966059,5998.418716065796,142,S2_panic_selling_defi,indonesia,USDC
911,0.7631441362671663,5848.458248164151,142,S2_panic_selling_defi,indonesia,USDC
912,0.7601610721921268,5702.246791960048,142,S2_panic_selling_defi,indonesia,USDC
913,0.7803834513536709,5559.690622161046,142,S2_panic_selling_defi,indonesia,USDC
914,0.7827003591571791,5420.69835660702,142,S2_panic_selling_defi,indonesia,USDC
915,0.7682073665500693,5285.180897691845,142,S2_panic_selling_defi,indonesia,USDC
916,0.7686923862929514,5153.051375249548,142,S2_panic_selling_defi,indonesia,USDC
917,0.7639486222939564,5024.22509086831,142,S2_panic_selling_defi,indonesia,USDC
918,0.7377299908225297,4898.619463596602,142,S2_panic_selling_defi,indonesia,USDC
919,0.7365756169254329,4776.1539770066875,142,S2_panic_selling_defi,indonesia,USDC
920,0.7548124702487237,4656.75012758152,142,S2_panic_selling_defi,indonesia,USDC
921,0.7633945054109507,4540.331374391982,142,S2_panic_selling_defi,indonesia,USDC
922,0.772299942158572,4426.823090032183,142,S2_panic_selling_defi,indonesia,USDC
923,0.7887210209816744,4316.152512781378,142,S2_panic_selling_defi,indonesia,USDC
924,0.7693636774331517,4208.248699961844,142,S2_panic_selling_defi,indonesia,USDC
925,0.7739906113115035,4103.042482462798,142,S2_panic_selling_defi,indonesia,USDC
926,0.7771640670422525,4000.466420401228,142,S2_panic_selling_defi,indonesia,USDC
927,0.7538818244363669,3900.4547598911977,142,S2_panic_selling_defi,indonesia,USDC
928,0.7527576005756874,3802.9433908939172,142,S2_panic_selling_defi,indonesia,USDC
929,0.7486484130783033,3707.869806121569,142,S2_panic_selling_defi,indonesia,USDC
930,0.7242353820566462,3615.17306096853,142,S2_panic_selling_defi,indonesia,USDC
931,0.7202445331974613,3524.793734444317,142,S2_panic_selling_defi,indonesia,USDC
932,0.7297669685756693,3436.673891083209,142,S2_panic_selling_defi,indonesia,USDC
933,0.748153251614885,3350.7570438061284,142,S2_panic_selling_defi,indonesia,USDC
934,0.7645277455701981,3266.9881177109755,142,S2_panic_selling_defi,indonesia,USDC
935,0.7606743606856936,3185.3134147682013,142,S2_panic_selling_defi,indonesia,USDC
936,0.7504038421896387,3105.680579398996,142,S2_panic_selling_defi,indonesia,USDC
937,0.7485349601467588,3028.038564914021,142,S2_panic_selling_defi,indonesia,USDC
938,0.7382174354911036,2952.3376007911706,142,S2_panic_selling_defi,indonesia,USDC
939,0.7523931465973039,2878.529160771391,142,S2_panic_selling_defi,indonesia,USDC
940,0.7431298005875192,2806.5659317521067,142,S2_panic_selling_defi,indonesia,USDC
941,0.6392547271286336,2736.4017834583037,142,S2_panic_selling_defi,indonesia,USDC
942,0.6592511131449781,2667.991738871846,142,S2_panic_selling_defi,indonesia,USDC
943,0.6880258624012066,2601.2919454000503,142,S2_panic_selling_defi,indonesia,USDC
944,0.6828195630375536,2536.2596467650487,142,S2_panic_selling_defi,indonesia,USDC
945,0.7197460300887517,2472.8531555959225,142,S2_panic_selling_defi,indonesia,USDC
946,0.7524017651253887,2411.0318267060247,142,S2_panic_selling_defi,indonesia,USDC
947,0.7554104057823802,2350.756031038374,142,S2_panic_selling_defi,indonesia,USDC
948,0.7586338637303587,2291.9871302624147,142,S2_panic_selling_defi,indonesia,USDC
949,0.762307407720878,2234.6874520058545,142,S2_panic_selling_defi,indonesia,USDC
950,0.7855273875979849,2178.820265705708,142,S2_panic_selling_defi,indonesia,USDC
951,0.7758829231585036,2124.3497590630654,142,S2_panic_selling_defi,indonesia,USDC
952,0.7889628305488007,2071.2410150864885,142,S2_panic_selling_defi,indonesia,USDC
953,0.7976738989180642,2019.4599897093265,142,S2_panic_selling_defi,indonesia,USDC
954,0.7840591426817762,1968.9734899665932,142,S2_panic_selling_defi,indonesia,USDC
955,0.7839773310090462,1919.7491527174284,142,S2_panic_selling_defi,indonesia,USDC
956,0.78021776364148,1871.7554238994926,142,S2_panic_selling_defi,indonesia,USDC
957,0.7654301369953664,1824.9615383020052,142,S2_panic_selling_defi,indonesia,USDC
958,0.7902431744409691,1779.3374998444551,142,S2_panic_selling_defi,indonesia,USDC
959,0.7932460794254151,1734.8540623483436,142,S2_panic_selling_defi,indonesia,USDC
960,0.805653764176334,1691.4827107896351,142,S2_panic_selling_defi,indonesia,USDC
961,0.7902697557249843,1649.1956430198943,142,S2_panic_selling_defi,indonesia,USDC
962,0.7860519879046867,1607.965751944397,142,S2_panic_selling_defi,indonesia,USDC
963,0.8122289743242114,1567.7666081457871,142,S2_panic_selling_defi,indonesia,USDC
964,0.832636287199733,1528.5724429421425,142,S2_panic_selling_defi,indonesia,USDC
965,0.8376342735160314,1490.3581318685888,142,S2_panic_selling_defi,indonesia,USDC
966,0.8295354008981917,1453.099178571874,142,S2_panic_selling_defi,indonesia,USDC
967,0.8288549712376597,1416.7716991075774,142,S2_panic_selling_defi,indonesia,USDC
968,0.80352029178451,1381.3524066298878,142,S2_panic_selling_defi,indonesia,USDC
969,0.8127889177661131,1346.8185964641407,142,S2_panic_selling_defi,indonesia,USDC
970,0.80576846281138,1313.148131552537,142,S2_panic_selling_defi,indonesia,USDC
971,0.8043535746520514,1280.3194282637237,142,S2_panic_selling_defi,indonesia,USDC
972,0.8104040955861537,1248.3114425571307,142,S2_panic_selling_defi,indonesia,USDC
973,0.7947681860565569,1217.1036564932024,142,S2_panic_selling_defi,indonesia,USDC
974,0.766801542825384,1186.6760650808724,142,S2_panic_selling_defi,indonesia,USDC
975,0.7647658414001574,1157.0091634538505,142,S2_panic_selling_defi,indonesia,USDC
976,0.7514801467369356,1128.0839343675043,142,S2_panic_selling_defi,indonesia,USDC
977,0.7435921158785963,1099.8818360083167,142,S2_panic_selling_defi,indonesia,USDC
978,0.7476436359000248,1072.3847901081087,142,S2_panic_selling_defi,indonesia,USDC
979,0.7454040304822143,1045.575170355406,142,S2_panic_selling_defi,indonesia,USDC
980,0.7572718171634562,1019.4357910965208,142,S2_panic_selling_defi,indonesia,USDC
981,0.7715225050096064,993.9498963191079,142,S2_panic_selling_defi,indonesia,USDC
982,0.7989714215118314,969.1011489111302,142,S2_panic_selling_defi,indonesia,USDC
983,0.7941106222238792,944.8736201883519,142,S2_panic_selling_defi,indonesia,USDC
984,0.7966482921548222,921.251779683643,142,S2_panic_selling_defi,indonesia,USDC
985,0.8008017801859276,898.2204851915519,142,S2_panic_selling_defi,indonesia,USDC
986,0.7842102165535582,875.7649730617632,142,S2_panic_selling_defi,indonesia,USDC
987,0.8117471502452129,853.870848735219,142,S2_panic_selling_defi,indonesia,USDC
988,0.8408129277252842,832.5240775168386,142,S2_panic_selling_defi,indonesia,USDC
989,0.8229996678734987,811.7109755789177,142,S2_panic_selling_defi,indonesia,USDC
990,0.7801419382445196,791.4182011894447,142,S2_panic_selling_defi,indonesia,USDC
991,0.7887786877691366,771.6327461597086,142,S2_panic_selling_defi,indonesia,USDC
992,0.7877723262752258,752.3419275057158,142,S2_panic_selling_defi,indonesia,USDC
993,0.7847893487382656,733.533379318073,142,S2_panic_selling_defi,indonesia,USDC
994,0.783186548890061,715.1950448351212,142,S2_panic_selling_defi,indonesia,USDC
995,0.7990252578701983,697.3151687142431,142,S2_panic_selling_defi,indonesia,USDC
996,0.7902019550366324,679.8822894963871,142,S2_panic_selling_defi,indonesia,USDC
997,0.7940636111597318,662.8852322589775,142,S2_panic_selling_defi,indonesia,USDC
998,0.7915583787693388,646.3131014525029,142,S2_panic_selling_defi,indonesia,USDC
999,0.7634014944250351,630.1552739161904,142,S2_panic_selling_defi,indonesia,USDC
1000,0.7726043981179488,614.4013920682856,142,S2_panic_selling_defi,indonesia,USDC
