Step,price,liquidity,iteration,scenario,region,coin
1,0.9868038241781871,2989312910525.2104,474,S4_twin_shock_cex_intervention,indonesia,USDC
2,0.9953136188494937,2989312910525.2104,474,S4_twin_shock_cex_intervention,indonesia,USDC
3,250000.97907928546,2989325410525.21,474,S4_twin_shock_cex_intervention,indonesia,USDC
4,187502.0,2989334785525.21,474,S4_twin_shock_cex_intervention,indonesia,USDC
5,140627.0,2989341816775.21,474,S4_twin_shock_cex_intervention,indonesia,USDC
6,105470.75,2989347090212.71,474,S4_twin_shock_cex_intervention,indonesia,USDC
7,79103.5625,2989351045290.835,474,S4_twin_shock_cex_intervention,indonesia,USDC
8,59328.171875,2989354011599.4287,474,S4_twin_shock_cex_intervention,indonesia,USDC
9,44496.62890625,2989356236330.874,474,S4_twin_shock_cex_intervention,indonesia,USDC
10,33372.9716796875,2989357904879.458,474,S4_twin_shock_cex_intervention,indonesia,USDC
11,25030.228759765625,2989359156290.8965,474,S4_twin_shock_cex_intervention,indonesia,USDC
12,18773.17156982422,2989360094849.4746,474,S4_twin_shock_cex_intervention,indonesia,USDC
13,14080.378677368164,2989360798768.4087,474,S4_twin_shock_cex_intervention,indonesia,USDC
14,10560.784008026123,2989361326707.6094,474,S4_twin_shock_cex_intervention,indonesia,USDC
15,7921.088006019592,2989361722662.0093,474,S4_twin_shock_cex_intervention,indonesia,USDC
16,5941.316004514694,2989362019627.8096,474,S4_twin_shock_cex_intervention,indonesia,USDC
17,4456.487003386021,2989362242352.16,474,S4_twin_shock_cex_intervention,indonesia,USDC
18,3342.8652525395155,2989362409395.4224,474,S4_twin_shock_cex_intervention,indonesia,USDC
19,2507.6489394046366,2989362534677.8696,474,S4_twin_shock_cex_intervention,indonesia,USDC
20,1881.2367045534775,2989362628639.7046,474,S4_twin_shock_cex_intervention,indonesia,USDC
21,1411.427528415108,2989362699111.081,474,S4_twin_shock_cex_intervention,indonesia,USDC
22,1059.070646311331,2989362751964.6133,474,S4_twin_shock_cex_intervention,indonesia,USDC
23,794.8029847334983,2989362791604.7627,474,S4_twin_shock_cex_intervention,indonesia,USDC
24,596.6022385501237,2989362821334.875,474,S4_twin_shock_cex_intervention,indonesia,USDC
25,447.9516789125928,2989362843632.4585,474,S4_twin_shock_cex_intervention,indonesia,USDC
26,336.4637591844446,2989362860355.6465,474,S4_twin_shock_cex_intervention,indonesia,USDC
27,252.84781938833345,2989362872898.0376,474,S4_twin_shock_cex_intervention,indonesia,USDC
28,190.1358645412501,2989362882304.831,474,S4_twin_shock_cex_intervention,indonesia,USDC
29,143.1018984059376,2989362889359.926,474,S4_twin_shock_cex_intervention,indonesia,USDC
30,107.82642380445319,2989362894651.247,474,S4_twin_shock_cex_intervention,indonesia,USDC
31,81.3698178533399,2989362898619.7383,474,S4_twin_shock_cex_intervention,indonesia,USDC
32,61.52736339000492,2989362901596.106,474,S4_twin_shock_cex_intervention,indonesia,USDC
33,46.6455225425037,2989362903828.3823,474,S4_twin_shock_cex_intervention,indonesia,USDC
34,35.484141906877774,2989362905502.5894,474,S4_twin_shock_cex_intervention,indonesia,USDC
35,27.11310643015833,2989362906758.2446,474,S4_twin_shock_cex_intervention,indonesia,USDC
36,20.834829822618744,2989362907699.9863,474,S4_twin_shock_cex_intervention,indonesia,USDC
37,16.12612236696406,2989362908406.2925,474,S4_twin_shock_cex_intervention,indonesia,USDC
38,12.594591775223044,2989362908936.022,474,S4_twin_shock_cex_intervention,indonesia,USDC
39,9.945943831417281,2989362909333.3193,474,S4_twin_shock_cex_intervention,indonesia,USDC
40,7.959457873562963,2989362909631.292,474,S4_twin_shock_cex_intervention,indonesia,USDC
41,6.469593405172222,2989362909854.7715,474,S4_twin_shock_cex_intervention,indonesia,USDC
42,5.352195053879166,2989362910022.3813,474,S4_twin_shock_cex_intervention,indonesia,USDC
43,4.514146290409375,2989362910148.089,474,S4_twin_shock_cex_intervention,indonesia,USDC
44,3.8856097178070312,2989362910242.369,474,S4_twin_shock_cex_intervention,indonesia,USDC
45,3.414207288355273,2989362910313.0796,474,S4_twin_shock_cex_intervention,indonesia,USDC
46,3.060655466266455,2989362910366.1123,474,S4_twin_shock_cex_intervention,indonesia,USDC
47,2.795491599699841,2989362910405.8867,474,S4_twin_shock_cex_intervention,indonesia,USDC
48,2.596618699774881,2989362910435.718,474,S4_twin_shock_cex_intervention,indonesia,USDC
49,2.4474640248311608,2989362910458.091,474,S4_twin_shock_cex_intervention,indonesia,USDC
50,2.3355980186233705,2989362910474.871,474,S4_twin_shock_cex_intervention,indonesia,USDC
51,2.251698513967528,2989362910487.4556,474,S4_twin_shock_cex_intervention,indonesia,USDC
52,2.188773885475646,2989362910496.8945,474,S4_twin_shock_cex_intervention,indonesia,USDC
53,2.1415804141067345,2989362910503.973,474,S4_twin_shock_cex_intervention,indonesia,USDC
54,2.106185310580051,2989362910509.2827,474,S4_twin_shock_cex_intervention,indonesia,USDC
55,1.9831830617445927,2989362910513.2646,474,S4_twin_shock_cex_intervention,indonesia,USDC
56,2.009305402705492,2989362910516.251,474,S4_twin_shock_cex_intervention,indonesia,USDC
57,1.948943080259754,2989362910518.4907,474,S4_twin_shock_cex_intervention,indonesia,USDC
58,1.9037303985433787,2989362910520.1704,474,S4_twin_shock_cex_intervention,indonesia,USDC
59,1.8650965482781348,2989362910521.43,474,S4_twin_shock_cex_intervention,indonesia,USDC
60,1.8261994067438854,2989362910522.375,474,S4_twin_shock_cex_intervention,indonesia,USDC
61,1.7225959471479568,2989362910523.0835,474,S4_twin_shock_cex_intervention,indonesia,USDC
62,1.6429317972563224,2989362910523.615,474,S4_twin_shock_cex_intervention,indonesia,USDC
63,1.6102883696560522,2989362910524.0137,474,S4_twin_shock_cex_intervention,indonesia,USDC
64,1.6015710869979969,2989362910524.3125,474,S4_twin_shock_cex_intervention,indonesia,USDC
65,1.5751267204048798,2989362910524.5366,474,S4_twin_shock_cex_intervention,indonesia,USDC
66,1.513736144779549,2989362910524.705,474,S4_twin_shock_cex_intervention,indonesia,USDC
67,1.4427629374316777,2989362910524.831,474,S4_twin_shock_cex_intervention,indonesia,USDC
68,1.3706397386056386,2989362910524.9253,474,S4_twin_shock_cex_intervention,indonesia,USDC
69,1.3676735696106677,2989362910524.996,474,S4_twin_shock_cex_intervention,indonesia,USDC
70,1.3086561223707212,2989362910525.0493,474,S4_twin_shock_cex_intervention,indonesia,USDC
71,1.3022190896838615,2989362910525.0894,474,S4_twin_shock_cex_intervention,indonesia,USDC
72,1.2757911803384343,2989362910525.119,474,S4_twin_shock_cex_intervention,indonesia,USDC
73,1.2102974190580036,2989362910525.1416,474,S4_twin_shock_cex_intervention,indonesia,USDC
74,1.186159964711992,2989362910525.1587,474,S4_twin_shock_cex_intervention,indonesia,USDC
75,1.2009035624356916,2989362910525.171,474,S4_twin_shock_cex_intervention,indonesia,USDC
76,1.1695763028535227,2989362910525.1807,474,S4_twin_shock_cex_intervention,indonesia,USDC
77,1.1544682947590712,2989362910525.1875,474,S4_twin_shock_cex_intervention,indonesia,USDC
78,1.1236095604869913,2989362910525.193,474,S4_twin_shock_cex_intervention,indonesia,USDC
79,1.1005564164398722,2989362910525.1973,474,S4_twin_shock_cex_intervention,indonesia,USDC
80,1.0826442489144277,2989362910525.2,474,S4_twin_shock_cex_intervention,indonesia,USDC
81,1.113633033471801,2989362910525.202,474,S4_twin_shock_cex_intervention,indonesia,USDC
82,1.0696543787716992,2989362910525.204,474,S4_twin_shock_cex_intervention,indonesia,USDC
83,1.0646720544748585,2989362910525.205,474,S4_twin_shock_cex_intervention,indonesia,USDC
84,1.058797626967962,2989362910525.206,474,S4_twin_shock_cex_intervention,indonesia,USDC
85,1.0410275812599927,2989362910525.207,474,S4_twin_shock_cex_intervention,indonesia,USDC
86,1.0793994258192716,2989362910525.207,474,S4_twin_shock_cex_intervention,indonesia,USDC
87,1.0733472819678207,2989362910525.2075,474,S4_twin_shock_cex_intervention,indonesia,USDC
88,1.0605785803953647,2989362910525.208,474,S4_twin_shock_cex_intervention,indonesia,USDC
89,1.028783796270149,2989362910525.2085,474,S4_twin_shock_cex_intervention,indonesia,USDC
90,1.0347796668560316,2989362910525.2085,474,S4_twin_shock_cex_intervention,indonesia,USDC
91,1.0478793694352506,2989362910525.2085,474,S4_twin_shock_cex_intervention,indonesia,USDC
92,0.9900532211760977,2989362910525.2085,474,S4_twin_shock_cex_intervention,indonesia,USDC
93,0.9911960869423165,2989362910525.2085,474,S4_twin_shock_cex_intervention,indonesia,USDC
94,1.0292684882074368,2989362910525.2085,474,S4_twin_shock_cex_intervention,indonesia,USDC
95,1.0638826933124592,2989362910525.2085,474,S4_twin_shock_cex_intervention,indonesia,USDC
96,1.0666709555391627,2989362910525.2085,474,S4_twin_shock_cex_intervention,indonesia,USDC
97,1.0410290655334082,2989362910525.2085,474,S4_twin_shock_cex_intervention,indonesia,USDC
98,1.0000229782849768,2989362910525.2085,474,S4_twin_shock_cex_intervention,indonesia,USDC
99,1.0140423881121265,2989362910525.2085,474,S4_twin_shock_cex_intervention,indonesia,USDC
100,1.0233248103095818,2989362910525.2085,474,S4_twin_shock_cex_intervention,indonesia,USDC
101,0.8816512809969342,2989362910525.2085,474,S4_twin_shock_cex_intervention,indonesia,USDC
102,0.883999920734696,2984142059285.85,474,S4_twin_shock_cex_intervention,indonesia,USDC
103,0.871393918731134,2979285346775.024,474,S4_twin_shock_cex_intervention,indonesia,USDC
104,0.7699724343401436,2974430828037.9194,474,S4_twin_shock_cex_intervention,indonesia,USDC
105,0.7920273756146413,2965137193162.2217,474,S4_twin_shock_cex_intervention,indonesia,USDC
106,0.807071273535592,2958956946364.1426,474,S4_twin_shock_cex_intervention,indonesia,USDC
107,0.8393641902395338,2954084664234.7686,474,S4_twin_shock_cex_intervention,indonesia,USDC
108,0.8479018600913154,2950959936020.0723,474,S4_twin_shock_cex_intervention,indonesia,USDC
109,0.8685297149628779,2948353592592.443,474,S4_twin_shock_cex_intervention,indonesia,USDC
110,0.9051512094207194,2946367005043.565,474,S4_twin_shock_cex_intervention,indonesia,USDC
111,0.9389184592058825,2945285730834.5015,474,S4_twin_shock_cex_intervention,indonesia,USDC
112,0.9648312397521437,2944792370319.2114,474,S4_twin_shock_cex_intervention,indonesia,USDC
113,0.9612264067347668,2944710152609.491,474,S4_twin_shock_cex_intervention,indonesia,USDC
114,0.9461145926596425,2944581478198.672,474,S4_twin_shock_cex_intervention,indonesia,USDC
115,0.9761588217052446,2944206734190.4062,474,S4_twin_shock_cex_intervention,indonesia,USDC
116,0.9871767808146962,2944206734190.4062,474,S4_twin_shock_cex_intervention,indonesia,USDC
117,0.9866873715094028,2944206734190.4062,474,S4_twin_shock_cex_intervention,indonesia,USDC
118,0.9576355900460808,2944206734190.4062,474,S4_twin_shock_cex_intervention,indonesia,USDC
119,0.9500700560975448,2944039165384.1396,474,S4_twin_shock_cex_intervention,indonesia,USDC
120,0.9150707933137858,2943737622151.1123,474,S4_twin_shock_cex_intervention,indonesia,USDC
121,0.8906717387585019,2869350520032.0713,474,S4_twin_shock_cex_intervention,indonesia,USDC
122,0.918512565132438,2796535465211.511,474,S4_twin_shock_cex_intervention,indonesia,USDC
123,0.9200680890769691,2726028663015.4814,474,S4_twin_shock_cex_intervention,indonesia,USDC
124,0.8774751298333249,2657299579578.5015,474,S4_twin_shock_cex_intervention,indonesia,USDC
125,0.8730726064901522,2589890107955.5005,474,S4_twin_shock_cex_intervention,indonesia,USDC
126,0.8638271013010133,2524144440561.3745,474,S4_twin_shock_cex_intervention,indonesia,USDC
127,0.8401019617769436,2460056463257.5547,474,S4_twin_shock_cex_intervention,indonesia,USDC
128,0.8499059723333322,2397526251741.9663,474,S4_twin_shock_cex_intervention,indonesia,USDC
129,0.8478621625028163,2336741859243.575,474,S4_twin_shock_cex_intervention,indonesia,USDC
130,0.8173865247330279,2277582991121.7407,474,S4_twin_shock_cex_intervention,indonesia,USDC
131,0.8416886214740223,2219811886115.479,474,S4_twin_shock_cex_intervention,indonesia,USDC
132,0.8407302907307201,2163738053148.5286,474,S4_twin_shock_cex_intervention,indonesia,USDC
133,0.8448517587174539,2109135347853.601,474,S4_twin_shock_cex_intervention,indonesia,USDC
134,0.8517292718520788,2055967989450.2188,474,S4_twin_shock_cex_intervention,indonesia,USDC
135,0.8586119929990924,2004221910428.5398,474,S4_twin_shock_cex_intervention,indonesia,USDC
136,0.8321187980592246,1953807655615.2114,474,S4_twin_shock_cex_intervention,indonesia,USDC
137,0.8562391590562838,1904637884180.5947,474,S4_twin_shock_cex_intervention,indonesia,USDC
138,0.8193301170655071,1856796153699.296,474,S4_twin_shock_cex_intervention,indonesia,USDC
139,0.8119731755637744,1810097802237.585,474,S4_twin_shock_cex_intervention,indonesia,USDC
140,0.8216034192391399,1764607741036.475,474,S4_twin_shock_cex_intervention,indonesia,USDC
141,0.7967729334734425,1720291649307.933,474,S4_twin_shock_cex_intervention,indonesia,USDC
142,0.8119062663004669,1677085721869.1875,474,S4_twin_shock_cex_intervention,indonesia,USDC
143,0.7802253890960547,1635015548919.6875,474,S4_twin_shock_cex_intervention,indonesia,USDC
144,0.7913186354473881,1593992308038.5625,474,S4_twin_shock_cex_intervention,indonesia,USDC
145,0.7845664219641891,1554032224829.5913,474,S4_twin_shock_cex_intervention,indonesia,USDC
146,0.7735320723719566,1515087224698.347,474,S4_twin_shock_cex_intervention,indonesia,USDC
147,0.7570787910335716,1477130204338.763,474,S4_twin_shock_cex_intervention,indonesia,USDC
148,0.7420855262903238,1440129060271.3987,474,S4_twin_shock_cex_intervention,indonesia,USDC
149,0.769006711762982,1404064606563.2036,474,S4_twin_shock_cex_intervention,indonesia,USDC
150,0.7553878199491862,1368923083928.9092,474,S4_twin_shock_cex_intervention,indonesia,USDC
151,0.7430848590088129,1334665700228.2344,474,S4_twin_shock_cex_intervention,indonesia,USDC
152,0.7482893785776756,1301269191267.7239,474,S4_twin_shock_cex_intervention,indonesia,USDC
153,0.7517603617001363,1268714546215.02,474,S4_twin_shock_cex_intervention,indonesia,USDC
154,0.7577087761923349,1236980271369.6194,474,S4_twin_shock_cex_intervention,indonesia,USDC
155,0.7613331884725477,1206043190703.646,474,S4_twin_shock_cex_intervention,indonesia,USDC
156,0.7616542366976857,1175882107275.6936,474,S4_twin_shock_cex_intervention,indonesia,USDC
157,0.7727677509174716,1146476816996.5703,474,S4_twin_shock_cex_intervention,indonesia,USDC
158,0.7638422390158768,1117808892693.8652,474,S4_twin_shock_cex_intervention,indonesia,USDC
159,0.7907117591964314,1089858744230.5996,474,S4_twin_shock_cex_intervention,indonesia,USDC
160,0.7718835722740879,1062608729720.5004,474,S4_twin_shock_cex_intervention,indonesia,USDC
161,0.783806621396877,1036040501309.9967,474,S4_twin_shock_cex_intervention,indonesia,USDC
162,0.7927700673133509,1010137158318.2313,474,S4_twin_shock_cex_intervention,indonesia,USDC
163,0.796441213623392,984881921301.4963,474,S4_twin_shock_cex_intervention,indonesia,USDC
164,0.7905953898307099,960258354226.2917,474,S4_twin_shock_cex_intervention,indonesia,USDC
165,0.7832330586797848,936250606115.2378,474,S4_twin_shock_cex_intervention,indonesia,USDC
166,0.7953631838566516,912843267629.1143,474,S4_twin_shock_cex_intervention,indonesia,USDC
167,0.7811766404519046,890021372215.8477,474,S4_twin_shock_cex_intervention,indonesia,USDC
168,0.7862271402780903,867770099280.1736,474,S4_twin_shock_cex_intervention,indonesia,USDC
169,0.7724788712983446,846075279424.8191,474,S4_twin_shock_cex_intervention,indonesia,USDC
170,0.7643318817522049,824922890726.9564,474,S4_twin_shock_cex_intervention,indonesia,USDC
171,0.7700574872825694,804299398284.2863,474,S4_twin_shock_cex_intervention,indonesia,USDC
172,0.7855147234102754,784191597542.4171,474,S4_twin_shock_cex_intervention,indonesia,USDC
173,0.7879863972882334,764586575250.2823,474,S4_twin_shock_cex_intervention,indonesia,USDC
174,0.776604146933243,745471728227.5438,474,S4_twin_shock_cex_intervention,indonesia,USDC
175,0.7784916999357174,726834769393.2821,474,S4_twin_shock_cex_intervention,indonesia,USDC
176,0.7726859655901294,708663768846.6741,474,S4_twin_shock_cex_intervention,indonesia,USDC
177,0.7752895798845592,690947070194.2646,474,S4_twin_shock_cex_intervention,indonesia,USDC
178,0.7905404161120196,673673307253.2896,474,S4_twin_shock_cex_intervention,indonesia,USDC
179,0.8098246946213813,656831411081.7133,474,S4_twin_shock_cex_intervention,indonesia,USDC
180,0.8304592065199906,640410582362.7017,474,S4_twin_shock_cex_intervention,indonesia,USDC
181,0.7897799414193615,624400285883.5342,474,S4_twin_shock_cex_intervention,indonesia,USDC
182,0.7775052218612517,608790241541.8782,474,S4_twin_shock_cex_intervention,indonesia,USDC
183,0.7687985647111153,593570452949.0822,474,S4_twin_shock_cex_intervention,indonesia,USDC
184,0.7735609612059458,578731164241.5239,474,S4_twin_shock_cex_intervention,indonesia,USDC
185,0.769983658329575,564262863428.5225,474,S4_twin_shock_cex_intervention,indonesia,USDC
186,0.7898549856884047,550156274567.2815,474,S4_twin_shock_cex_intervention,indonesia,USDC
187,0.8037020147921083,536402355271.94135,474,S4_twin_shock_cex_intervention,indonesia,USDC
188,0.7767720313126881,522992286828.2538,474,S4_twin_shock_cex_intervention,indonesia,USDC
189,0.792604641204849,509917470798.72595,474,S4_twin_shock_cex_intervention,indonesia,USDC
190,0.7803902689681782,497169527326.7167,474,S4_twin_shock_cex_intervention,indonesia,USDC
191,0.7857395553963363,484740283265.2916,474,S4_twin_shock_cex_intervention,indonesia,USDC
192,0.7820342992420084,472621771477.8828,474,S4_twin_shock_cex_intervention,indonesia,USDC
193,0.7857307745431223,460806223450.83716,474,S4_twin_shock_cex_intervention,indonesia,USDC
194,0.8026740378972729,449286064824.0659,474,S4_twin_shock_cex_intervention,indonesia,USDC
195,0.8144440556592677,438053911046.72363,474,S4_twin_shock_cex_intervention,indonesia,USDC
196,0.8423935748204368,427102561557.1791,474,S4_twin_shock_cex_intervention,indonesia,USDC
197,0.8348289397719636,416424996305.7663,474,S4_twin_shock_cex_intervention,indonesia,USDC
198,0.8182819107906287,406014370324.7843,474,S4_twin_shock_cex_intervention,indonesia,USDC
199,0.8420666522535837,395864010018.2081,474,S4_twin_shock_cex_intervention,indonesia,USDC
200,0.8463484837664893,385967409015.1364,474,S4_twin_shock_cex_intervention,indonesia,USDC
201,0.8276130085831451,376318223152.62524,474,S4_twin_shock_cex_intervention,indonesia,USDC
202,0.7995383718090111,366910266898.7982,474,S4_twin_shock_cex_intervention,indonesia,USDC
203,0.8130690796812342,357737509520.4008,474,S4_twin_shock_cex_intervention,indonesia,USDC
204,0.8236926693219451,348794071257.2906,474,S4_twin_shock_cex_intervention,indonesia,USDC
205,0.8068313926683706,340074219064.1034,474,S4_twin_shock_cex_intervention,indonesia,USDC
206,0.8306291188947282,331572363203.7979,474,S4_twin_shock_cex_intervention,indonesia,USDC
207,0.8449559285639492,323283053855.07715,474,S4_twin_shock_cex_intervention,indonesia,USDC
208,0.8543194869177975,315200977300.48663,474,S4_twin_shock_cex_intervention,indonesia,USDC
209,0.8655929174623025,307320952687.4525,474,S4_twin_shock_cex_intervention,indonesia,USDC
210,0.7296314347499803,299637928726.7674,474,S4_twin_shock_cex_intervention,indonesia,USDC
211,0.7610054749092754,292146980213.7911,474,S4_twin_shock_cex_intervention,indonesia,USDC
212,0.7696031930517453,284843305515.63745,474,S4_twin_shock_cex_intervention,indonesia,USDC
213,0.7662403971327583,277722222732.70276,474,S4_twin_shock_cex_intervention,indonesia,USDC
214,0.7803355259679183,270779167054.08746,474,S4_twin_shock_cex_intervention,indonesia,USDC
215,0.7903607461485236,264009687790.38644,474,S4_twin_shock_cex_intervention,indonesia,USDC
216,0.7908489956223032,257409445532.95505,474,S4_twin_shock_cex_intervention,indonesia,USDC
217,0.7971405708061662,250974209343.03058,474,S4_twin_shock_cex_intervention,indonesia,USDC
218,0.8036253083571302,244699854065.77545,474,S4_twin_shock_cex_intervention,indonesia,USDC
219,0.8094182227375487,238582357681.62115,474,S4_twin_shock_cex_intervention,indonesia,USDC
220,0.8404644347410838,232617798711.61667,474,S4_twin_shock_cex_intervention,indonesia,USDC
221,0.8286269885105261,226802353725.77502,474,S4_twin_shock_cex_intervention,indonesia,USDC
222,0.7970801503093403,221132294865.0704,474,S4_twin_shock_cex_intervention,indonesia,USDC
223,0.7915369671125753,215603987475.02908,474,S4_twin_shock_cex_intervention,indonesia,USDC
224,0.7969060522977055,210213887773.09436,474,S4_twin_shock_cex_intervention,indonesia,USDC
225,0.8011935347438218,204958540566.69464,474,S4_twin_shock_cex_intervention,indonesia,USDC
226,0.789176985717043,199834577042.73395,474,S4_twin_shock_cex_intervention,indonesia,USDC
227,0.7777105386325193,194838712607.3443,474,S4_twin_shock_cex_intervention,indonesia,USDC
228,0.7702011726334586,189967744784.0962,474,S4_twin_shock_cex_intervention,indonesia,USDC
229,0.7491516232460202,185218551158.16177,474,S4_twin_shock_cex_intervention,indonesia,USDC
230,0.75665922004602,180588087373.33664,474,S4_twin_shock_cex_intervention,indonesia,USDC
231,0.7410219905028859,176073385184.51343,474,S4_twin_shock_cex_intervention,indonesia,USDC
232,0.744117573971226,171671550551.28207,474,S4_twin_shock_cex_intervention,indonesia,USDC
233,0.7314259746680802,167379761784.6895,474,S4_twin_shock_cex_intervention,indonesia,USDC
234,0.7316277478107345,163195267737.737,474,S4_twin_shock_cex_intervention,indonesia,USDC
235,0.7267617854774577,159115386042.53412,474,S4_twin_shock_cex_intervention,indonesia,USDC
236,0.7414713094475517,155137501390.14273,474,S4_twin_shock_cex_intervention,indonesia,USDC
237,0.747507729469354,151259063854.48404,474,S4_twin_shock_cex_intervention,indonesia,USDC
238,0.7520752601593444,147477587257.42242,474,S4_twin_shock_cex_intervention,indonesia,USDC
239,0.7459261612611147,143790647575.44333,474,S4_twin_shock_cex_intervention,indonesia,USDC
240,0.7452943764069777,140195881385.6128,474,S4_twin_shock_cex_intervention,indonesia,USDC
241,0.7474246099086467,136690984350.62975,474,S4_twin_shock_cex_intervention,indonesia,USDC
242,0.7424450125259507,133273709741.60316,474,S4_twin_shock_cex_intervention,indonesia,USDC
243,0.7523794653065401,129941866997.86923,474,S4_twin_shock_cex_intervention,indonesia,USDC
244,0.758134951714533,126693320322.77817,474,S4_twin_shock_cex_intervention,indonesia,USDC
245,0.760116726692966,123525987314.5935,474,S4_twin_shock_cex_intervention,indonesia,USDC
246,0.7578659828343708,120437837631.64246,474,S4_twin_shock_cex_intervention,indonesia,USDC
247,0.7659654413121203,117426891690.78201,474,S4_twin_shock_cex_intervention,indonesia,USDC
248,0.7759497415584098,114491219398.45743,474,S4_twin_shock_cex_intervention,indonesia,USDC
249,0.7608398711871638,111628938913.45361,474,S4_twin_shock_cex_intervention,indonesia,USDC
250,0.7463861231622573,108838215440.58144,474,S4_twin_shock_cex_intervention,indonesia,USDC
251,0.7503850921254588,106117260054.53723,474,S4_twin_shock_cex_intervention,indonesia,USDC
252,0.7533081269249412,103464328553.15158,474,S4_twin_shock_cex_intervention,indonesia,USDC
253,0.7595357531772745,100877720339.30487,474,S4_twin_shock_cex_intervention,indonesia,USDC
254,0.7607228787133778,98355777330.80865,474,S4_twin_shock_cex_intervention,indonesia,USDC
255,0.7557564360510921,95896882897.5282,474,S4_twin_shock_cex_intervention,indonesia,USDC
256,0.7499284538340906,93499460825.08167,474,S4_twin_shock_cex_intervention,indonesia,USDC
257,0.7723590714937991,91161974304.44757,474,S4_twin_shock_cex_intervention,indonesia,USDC
258,0.7590284580262436,88882924946.83145,474,S4_twin_shock_cex_intervention,indonesia,USDC
259,0.7548327203553364,86660851823.15637,474,S4_twin_shock_cex_intervention,indonesia,USDC
260,0.7531035868625108,84494330527.5741,474,S4_twin_shock_cex_intervention,indonesia,USDC
261,0.7562894977689487,82381972264.38214,474,S4_twin_shock_cex_intervention,indonesia,USDC
262,0.7847503075887383,80322422957.7705,474,S4_twin_shock_cex_intervention,indonesia,USDC
263,0.7923400349447814,78314362383.82483,474,S4_twin_shock_cex_intervention,indonesia,USDC
264,0.8305232082606038,76356503324.22813,474,S4_twin_shock_cex_intervention,indonesia,USDC
265,0.840431485606241,74447590741.12177,474,S4_twin_shock_cex_intervention,indonesia,USDC
266,0.8307919299594664,72586400972.59319,474,S4_twin_shock_cex_intervention,indonesia,USDC
267,0.820849116562482,70771740948.27783,474,S4_twin_shock_cex_intervention,indonesia,USDC
268,0.8245661602995749,69002447424.5704,474,S4_twin_shock_cex_intervention,indonesia,USDC
269,0.8276875355759692,67277386238.955734,474,S4_twin_shock_cex_intervention,indonesia,USDC
270,0.828562683019095,65595451582.98151,474,S4_twin_shock_cex_intervention,indonesia,USDC
271,0.8301409288666746,63955565293.406685,474,S4_twin_shock_cex_intervention,indonesia,USDC
272,0.7934709924350498,62356676161.07129,474,S4_twin_shock_cex_intervention,indonesia,USDC
273,0.7998798709899754,60797759257.04425,474,S4_twin_shock_cex_intervention,indonesia,USDC
274,0.7825430224573539,59277815275.61794,474,S4_twin_shock_cex_intervention,indonesia,USDC
275,0.6560242883732422,57795869893.727295,474,S4_twin_shock_cex_intervention,indonesia,USDC
276,0.6597028658484905,56350973146.383865,474,S4_twin_shock_cex_intervention,indonesia,USDC
277,0.6552845813044554,54942198817.7241,474,S4_twin_shock_cex_intervention,indonesia,USDC
278,0.6927616448324407,53568643847.280876,474,S4_twin_shock_cex_intervention,indonesia,USDC
279,0.7058923371450699,52229427751.098785,474,S4_twin_shock_cex_intervention,indonesia,USDC
280,0.7007724075815438,50923692057.321266,474,S4_twin_shock_cex_intervention,indonesia,USDC
281,0.7012781887853393,49650599755.8882,474,S4_twin_shock_cex_intervention,indonesia,USDC
282,0.7099021861436966,48409334761.99097,474,S4_twin_shock_cex_intervention,indonesia,USDC
283,0.7111558692122584,47199101392.94118,474,S4_twin_shock_cex_intervention,indonesia,USDC
284,0.7230988852880144,46019123858.11763,474,S4_twin_shock_cex_intervention,indonesia,USDC
285,0.7443293933590496,44868645761.66468,474,S4_twin_shock_cex_intervention,indonesia,USDC
286,0.7291544749972648,43746929617.62306,474,S4_twin_shock_cex_intervention,indonesia,USDC
287,0.7476572405955454,42653256377.18248,474,S4_twin_shock_cex_intervention,indonesia,USDC
288,0.7397846787913133,41586924967.75291,474,S4_twin_shock_cex_intervention,indonesia,USDC
289,0.7450572078527888,40547251843.55908,474,S4_twin_shock_cex_intervention,indonesia,USDC
290,0.7414463969114465,39533570547.4701,474,S4_twin_shock_cex_intervention,indonesia,USDC
291,0.7533544938653527,38545231283.78335,474,S4_twin_shock_cex_intervention,indonesia,USDC
292,0.7715941886673686,37581600501.68877,474,S4_twin_shock_cex_intervention,indonesia,USDC
293,0.7924946990308889,36642060489.146545,474,S4_twin_shock_cex_intervention,indonesia,USDC
294,0.8132909413540567,35726008976.917885,474,S4_twin_shock_cex_intervention,indonesia,USDC
295,0.8015823145660027,34832858752.494934,474,S4_twin_shock_cex_intervention,indonesia,USDC
296,0.8020640595809849,33962037283.68256,474,S4_twin_shock_cex_intervention,indonesia,USDC
297,0.8310877244186148,33112986351.5905,474,S4_twin_shock_cex_intervention,indonesia,USDC
298,0.8299519754509951,32285161692.800735,474,S4_twin_shock_cex_intervention,indonesia,USDC
299,0.8241201223722778,31478032650.48072,474,S4_twin_shock_cex_intervention,indonesia,USDC
300,0.8122277813636118,30691081834.2187,474,S4_twin_shock_cex_intervention,indonesia,USDC
301,0.7979898441117648,29923804788.363235,474,S4_twin_shock_cex_intervention,indonesia,USDC
302,0.8125550689915881,29175709668.654152,474,S4_twin_shock_cex_intervention,indonesia,USDC
303,0.8079645462506698,28446316926.937798,474,S4_twin_shock_cex_intervention,indonesia,USDC
304,0.8010669247168112,27735159003.764355,474,S4_twin_shock_cex_intervention,indonesia,USDC
305,0.8117683227173302,27041780028.670246,474,S4_twin_shock_cex_intervention,indonesia,USDC
306,0.7767722903706492,26365735527.95349,474,S4_twin_shock_cex_intervention,indonesia,USDC
307,0.7687204654079097,25706592139.75465,474,S4_twin_shock_cex_intervention,indonesia,USDC
308,0.7745068815924077,25063927336.260784,474,S4_twin_shock_cex_intervention,indonesia,USDC
309,0.7571267441255571,24437329152.854263,474,S4_twin_shock_cex_intervention,indonesia,USDC
310,0.7727035230866769,23826395924.032906,474,S4_twin_shock_cex_intervention,indonesia,USDC
311,0.7802203259592827,23230736025.932083,474,S4_twin_shock_cex_intervention,indonesia,USDC
312,0.7966155891341676,22649967625.283783,474,S4_twin_shock_cex_intervention,indonesia,USDC
313,0.7980956162246757,22083718434.651688,474,S4_twin_shock_cex_intervention,indonesia,USDC
314,0.7876318885737451,21531625473.785393,474,S4_twin_shock_cex_intervention,indonesia,USDC
315,0.8101377154891354,20993334836.940758,474,S4_twin_shock_cex_intervention,indonesia,USDC
316,0.8148775877217745,20468501466.017242,474,S4_twin_shock_cex_intervention,indonesia,USDC
317,0.7925701721336291,19956788929.36681,474,S4_twin_shock_cex_intervention,indonesia,USDC
318,0.7964061442685769,19457869206.132637,474,S4_twin_shock_cex_intervention,indonesia,USDC
319,0.7959367109427101,18971422475.979324,474,S4_twin_shock_cex_intervention,indonesia,USDC
320,0.8207176094183891,18497136914.07984,474,S4_twin_shock_cex_intervention,indonesia,USDC
321,0.8088768819808229,18034708491.227844,474,S4_twin_shock_cex_intervention,indonesia,USDC
322,0.8036504793366959,17583840778.947147,474,S4_twin_shock_cex_intervention,indonesia,USDC
323,0.7805669123316854,17144244759.473469,474,S4_twin_shock_cex_intervention,indonesia,USDC
324,0.7489017394512454,16715638640.48663,474,S4_twin_shock_cex_intervention,indonesia,USDC
325,0.7669984545611033,16297747674.474464,474,S4_twin_shock_cex_intervention,indonesia,USDC
326,0.8045574882732157,15890303982.612604,474,S4_twin_shock_cex_intervention,indonesia,USDC
327,0.800771912630446,15493046383.047287,474,S4_twin_shock_cex_intervention,indonesia,USDC
328,0.7862107831558469,15105720223.471106,474,S4_twin_shock_cex_intervention,indonesia,USDC
329,0.7634471657837308,14728077217.884327,474,S4_twin_shock_cex_intervention,indonesia,USDC
330,0.7698202598250574,14359875287.437222,474,S4_twin_shock_cex_intervention,indonesia,USDC
331,0.7653071163934169,14000878405.25129,474,S4_twin_shock_cex_intervention,indonesia,USDC
332,0.7791823675213239,13650856445.120008,474,S4_twin_shock_cex_intervention,indonesia,USDC
333,0.761940190287955,13309585033.992008,474,S4_twin_shock_cex_intervention,indonesia,USDC
334,0.7789954637924623,12976845408.142208,474,S4_twin_shock_cex_intervention,indonesia,USDC
335,0.765968530705925,12652424272.938652,474,S4_twin_shock_cex_intervention,indonesia,USDC
336,0.7595059987156451,12336113666.115187,474,S4_twin_shock_cex_intervention,indonesia,USDC
337,0.7512646838296266,12027710824.462307,474,S4_twin_shock_cex_intervention,indonesia,USDC
338,0.7543278064808214,11727018053.850748,474,S4_twin_shock_cex_intervention,indonesia,USDC
339,0.7688077158579872,11433842602.50448,474,S4_twin_shock_cex_intervention,indonesia,USDC
340,0.7807444405551068,11147996537.441868,474,S4_twin_shock_cex_intervention,indonesia,USDC
341,0.807053759739556,10869296624.005821,474,S4_twin_shock_cex_intervention,indonesia,USDC
342,0.7984782605798467,10597564208.405676,474,S4_twin_shock_cex_intervention,indonesia,USDC
343,0.7920716424288899,10332625103.195534,474,S4_twin_shock_cex_intervention,indonesia,USDC
344,0.7993171288371491,10074309475.615644,474,S4_twin_shock_cex_intervention,indonesia,USDC
345,0.8167167739735234,9822451738.725254,474,S4_twin_shock_cex_intervention,indonesia,USDC
346,0.8244841572318715,9576890445.257122,474,S4_twin_shock_cex_intervention,indonesia,USDC
347,0.8291608747452801,9337468184.125694,474,S4_twin_shock_cex_intervention,indonesia,USDC
348,0.8385955161261923,9104031479.52255,474,S4_twin_shock_cex_intervention,indonesia,USDC
349,0.8410245628171669,8876430692.534489,474,S4_twin_shock_cex_intervention,indonesia,USDC
350,0.8281840236158048,8654519925.221127,474,S4_twin_shock_cex_intervention,indonesia,USDC
351,0.8264154957425581,8438156927.090598,474,S4_twin_shock_cex_intervention,indonesia,USDC
352,0.8105299841859042,8227203003.913333,474,S4_twin_shock_cex_intervention,indonesia,USDC
353,0.8115263582992737,8021522928.8155,474,S4_twin_shock_cex_intervention,indonesia,USDC
354,0.8148315181535158,7820984855.595112,474,S4_twin_shock_cex_intervention,indonesia,USDC
355,0.830275735969457,7625460234.205235,474,S4_twin_shock_cex_intervention,indonesia,USDC
356,0.8286994978034009,7434823728.350103,474,S4_twin_shock_cex_intervention,indonesia,USDC
357,0.8150257194803363,7248953135.141351,474,S4_twin_shock_cex_intervention,indonesia,USDC
358,0.820258348379231,7067729306.762817,474,S4_twin_shock_cex_intervention,indonesia,USDC
359,0.8017033300944247,6891036074.093746,474,S4_twin_shock_cex_intervention,indonesia,USDC
360,0.8167180144136285,6718760172.241404,474,S4_twin_shock_cex_intervention,indonesia,USDC
361,0.8145167383084629,6550791167.935368,474,S4_twin_shock_cex_intervention,indonesia,USDC
362,0.7829468770277186,6387021388.736984,474,S4_twin_shock_cex_intervention,indonesia,USDC
363,0.7803808541771077,6227345854.0185585,474,S4_twin_shock_cex_intervention,indonesia,USDC
364,0.749517247326745,6071662207.668095,474,S4_twin_shock_cex_intervention,indonesia,USDC
365,0.7434000503710181,5919870652.476393,474,S4_twin_shock_cex_intervention,indonesia,USDC
366,0.7614087946526208,5771873886.164482,474,S4_twin_shock_cex_intervention,indonesia,USDC
367,0.7608242400709069,5627577039.01037,474,S4_twin_shock_cex_intervention,indonesia,USDC
368,0.7755629992750532,5486887613.035111,474,S4_twin_shock_cex_intervention,indonesia,USDC
369,0.7879683521902643,5349715422.709233,474,S4_twin_shock_cex_intervention,indonesia,USDC
370,0.7849917618653619,5215972537.141502,474,S4_twin_shock_cex_intervention,indonesia,USDC
371,0.8113752142343482,5085573223.712965,474,S4_twin_shock_cex_intervention,indonesia,USDC
372,0.8073984988918509,4958433893.12014,474,S4_twin_shock_cex_intervention,indonesia,USDC
373,0.8108310248860565,4834473045.792137,474,S4_twin_shock_cex_intervention,indonesia,USDC
374,0.8163151484660602,4713611219.647334,474,S4_twin_shock_cex_intervention,indonesia,USDC
375,0.8130819901709221,4595770939.156151,474,S4_twin_shock_cex_intervention,indonesia,USDC
376,0.8236551188439285,4480876665.677247,474,S4_twin_shock_cex_intervention,indonesia,USDC
377,0.8038476179345193,4368854749.035316,474,S4_twin_shock_cex_intervention,indonesia,USDC
378,0.7963268830478837,4259633380.309433,474,S4_twin_shock_cex_intervention,indonesia,USDC
379,0.80778587284214,4153142545.801697,474,S4_twin_shock_cex_intervention,indonesia,USDC
380,0.805136747736566,4049313982.1566544,474,S4_twin_shock_cex_intervention,indonesia,USDC
381,0.8031716134984892,3948081132.6027384,474,S4_twin_shock_cex_intervention,indonesia,USDC
382,0.7972333607666361,3849379104.2876697,474,S4_twin_shock_cex_intervention,indonesia,USDC
383,0.7611428697841384,3753144626.680478,474,S4_twin_shock_cex_intervention,indonesia,USDC
384,0.7654332020125652,3659316011.013466,474,S4_twin_shock_cex_intervention,indonesia,USDC
385,0.7751827959518169,3567833110.7381296,474,S4_twin_shock_cex_intervention,indonesia,USDC
386,0.7787690139197407,3478637282.969676,474,S4_twin_shock_cex_intervention,indonesia,USDC
387,0.7859416516220887,3391671350.8954344,474,S4_twin_shock_cex_intervention,indonesia,USDC
388,0.7816357628813558,3306879567.1230483,474,S4_twin_shock_cex_intervention,indonesia,USDC
389,0.7816398446979499,3224207577.944972,474,S4_twin_shock_cex_intervention,indonesia,USDC
390,0.7577661804521794,3143602388.496348,474,S4_twin_shock_cex_intervention,indonesia,USDC
391,0.7327678425558509,3065012328.7839394,474,S4_twin_shock_cex_intervention,indonesia,USDC
392,0.7524179011844445,2988387020.5643406,474,S4_twin_shock_cex_intervention,indonesia,USDC
393,0.7607023616213194,2913677345.0502324,474,S4_twin_shock_cex_intervention,indonesia,USDC
394,0.7581169679344135,2840835411.4239764,474,S4_twin_shock_cex_intervention,indonesia,USDC
395,0.7735142159805616,2769814526.138377,474,S4_twin_shock_cex_intervention,indonesia,USDC
396,0.7748426740039418,2700569162.9849176,474,S4_twin_shock_cex_intervention,indonesia,USDC
397,0.7844947543781738,2633054933.9102945,474,S4_twin_shock_cex_intervention,indonesia,USDC
398,0.7991660510861842,2567228560.562537,474,S4_twin_shock_cex_intervention,indonesia,USDC
399,0.8164693869883441,2503047846.548474,474,S4_twin_shock_cex_intervention,indonesia,USDC
400,0.8466161667523936,2440471650.384762,474,S4_twin_shock_cex_intervention,indonesia,USDC
401,0.8525395104572491,2379459859.125143,474,S4_twin_shock_cex_intervention,indonesia,USDC
402,0.8423247269290818,2319973362.6470146,474,S4_twin_shock_cex_intervention,indonesia,USDC
403,0.8316103503521123,2261974028.580839,474,S4_twin_shock_cex_intervention,indonesia,USDC
404,0.8271927155039583,2205424677.8663177,474,S4_twin_shock_cex_intervention,indonesia,USDC
405,0.83041388832488,2150289060.91966,474,S4_twin_shock_cex_intervention,indonesia,USDC
406,0.8137522349447665,2096531834.3966684,474,S4_twin_shock_cex_intervention,indonesia,USDC
407,0.8062404881729277,2044118538.5367517,474,S4_twin_shock_cex_intervention,indonesia,USDC
408,0.811662658872094,1993015575.0733328,474,S4_twin_shock_cex_intervention,indonesia,USDC
409,0.6909056013563436,1943190185.6964998,474,S4_twin_shock_cex_intervention,indonesia,USDC
410,0.6951164548334424,1894610431.0540874,474,S4_twin_shock_cex_intervention,indonesia,USDC
411,0.7178408778394,1847245170.2777352,474,S4_twin_shock_cex_intervention,indonesia,USDC
412,0.7175904578837504,1801064041.020792,474,S4_twin_shock_cex_intervention,indonesia,USDC
413,0.7199451058491505,1756037439.995272,474,S4_twin_shock_cex_intervention,indonesia,USDC
414,0.7226672685782639,1712136503.9953902,474,S4_twin_shock_cex_intervention,indonesia,USDC
415,0.7022892667640118,1669333091.3955054,474,S4_twin_shock_cex_intervention,indonesia,USDC
416,0.7306786077369828,1627599764.1106176,474,S4_twin_shock_cex_intervention,indonesia,USDC
417,0.7129575531683557,1586909770.0078523,474,S4_twin_shock_cex_intervention,indonesia,USDC
418,0.692863801256575,1547237025.757656,474,S4_twin_shock_cex_intervention,indonesia,USDC
419,0.7021538655037729,1508556100.1137147,474,S4_twin_shock_cex_intervention,indonesia,USDC
420,0.7097711872453614,1470842197.6108718,474,S4_twin_shock_cex_intervention,indonesia,USDC
421,0.7100933891675082,1434071142.6706,474,S4_twin_shock_cex_intervention,indonesia,USDC
422,0.7112414197019035,1398219364.1038349,474,S4_twin_shock_cex_intervention,indonesia,USDC
423,0.7475184474594299,1363263880.001239,474,S4_twin_shock_cex_intervention,indonesia,USDC
424,0.7427622592922485,1329182283.0012078,474,S4_twin_shock_cex_intervention,indonesia,USDC
425,0.7500707659407625,1295952725.9261777,474,S4_twin_shock_cex_intervention,indonesia,USDC
426,0.7487134749717599,1263553907.7780232,474,S4_twin_shock_cex_intervention,indonesia,USDC
427,0.7384360262002271,1231965060.0835729,474,S4_twin_shock_cex_intervention,indonesia,USDC
428,0.7414305069546752,1201165933.5814834,474,S4_twin_shock_cex_intervention,indonesia,USDC
429,0.753275431873339,1171136785.2419462,474,S4_twin_shock_cex_intervention,indonesia,USDC
430,0.7560796780265678,1141858365.6108975,474,S4_twin_shock_cex_intervention,indonesia,USDC
431,0.7771524425158081,1113311906.4706254,474,S4_twin_shock_cex_intervention,indonesia,USDC
432,0.7831790333745442,1085479108.8088596,474,S4_twin_shock_cex_intervention,indonesia,USDC
433,0.7739286630554584,1058342131.0886381,474,S4_twin_shock_cex_intervention,indonesia,USDC
434,0.7684593851901903,1031883577.8114221,474,S4_twin_shock_cex_intervention,indonesia,USDC
435,0.7859213979892039,1006086488.3661366,474,S4_twin_shock_cex_intervention,indonesia,USDC
436,0.7746700053612003,980934326.1569831,474,S4_twin_shock_cex_intervention,indonesia,USDC
437,0.7936712319536188,956410968.0030587,474,S4_twin_shock_cex_intervention,indonesia,USDC
438,0.8112058831640825,932500693.8029821,474,S4_twin_shock_cex_intervention,indonesia,USDC
439,0.8500983368449044,909188176.4579076,474,S4_twin_shock_cex_intervention,indonesia,USDC
440,0.8413774788672364,886458472.0464599,474,S4_twin_shock_cex_intervention,indonesia,USDC
441,0.8015946136481347,864297010.2452983,474,S4_twin_shock_cex_intervention,indonesia,USDC
442,0.8123395627226925,842689584.989166,474,S4_twin_shock_cex_intervention,indonesia,USDC
443,0.7965257248662406,821622345.3644367,474,S4_twin_shock_cex_intervention,indonesia,USDC
444,0.8207694766526009,801081786.7303258,474,S4_twin_shock_cex_intervention,indonesia,USDC
445,0.8105246486720518,781054742.0620676,474,S4_twin_shock_cex_intervention,indonesia,USDC
446,0.8069285302636213,761528373.5105159,474,S4_twin_shock_cex_intervention,indonesia,USDC
447,0.8190479548595463,742490164.1727531,474,S4_twin_shock_cex_intervention,indonesia,USDC
448,0.8214002943862421,723927910.0684342,474,S4_twin_shock_cex_intervention,indonesia,USDC
449,0.8205436175209896,705829712.3167233,474,S4_twin_shock_cex_intervention,indonesia,USDC
450,0.8279452275476705,688183969.5088053,474,S4_twin_shock_cex_intervention,indonesia,USDC
451,0.8126494319993027,670979370.2710851,474,S4_twin_shock_cex_intervention,indonesia,USDC
452,0.8231600884475614,654204886.014308,474,S4_twin_shock_cex_intervention,indonesia,USDC
453,0.8211296564198496,637849763.8639504,474,S4_twin_shock_cex_intervention,indonesia,USDC
454,0.814985096388885,621903519.7673516,474,S4_twin_shock_cex_intervention,indonesia,USDC
455,0.8276586920678949,606355931.7731678,474,S4_twin_shock_cex_intervention,indonesia,USDC
456,0.8002101701306382,591197033.4788387,474,S4_twin_shock_cex_intervention,indonesia,USDC
457,0.7903008954124243,576417107.6418676,474,S4_twin_shock_cex_intervention,indonesia,USDC
458,0.8011218679737426,562006679.9508209,474,S4_twin_shock_cex_intervention,indonesia,USDC
459,0.7880733284549049,547956512.9520504,474,S4_twin_shock_cex_intervention,indonesia,USDC
460,0.798481835280338,534257600.1282492,474,S4_twin_shock_cex_intervention,indonesia,USDC
461,0.8112397910455845,520901160.125043,474,S4_twin_shock_cex_intervention,indonesia,USDC
462,0.8369181332838619,507878631.12191695,474,S4_twin_shock_cex_intervention,indonesia,USDC
463,0.8517497139176027,495181665.343869,474,S4_twin_shock_cex_intervention,indonesia,USDC
464,0.8381511716952138,482802123.7102723,474,S4_twin_shock_cex_intervention,indonesia,USDC
465,0.8265445996258928,470732070.61751544,474,S4_twin_shock_cex_intervention,indonesia,USDC
466,0.8427891792270651,458963768.85207754,474,S4_twin_shock_cex_intervention,indonesia,USDC
467,0.8519336154092496,447489674.6307756,474,S4_twin_shock_cex_intervention,indonesia,USDC
468,0.8110470091599348,436302432.76500624,474,S4_twin_shock_cex_intervention,indonesia,USDC
469,0.8103949220232509,425394871.945881,474,S4_twin_shock_cex_intervention,indonesia,USDC
470,0.800088469004355,414760000.14723396,474,S4_twin_shock_cex_intervention,indonesia,USDC
471,0.8065336380816863,404391000.14355314,474,S4_twin_shock_cex_intervention,indonesia,USDC
472,0.8088151275407961,394281225.1399643,474,S4_twin_shock_cex_intervention,indonesia,USDC
473,0.8262015873209452,384424194.5114652,474,S4_twin_shock_cex_intervention,indonesia,USDC
474,0.812182523056383,374813589.64867854,474,S4_twin_shock_cex_intervention,indonesia,USDC
475,0.8099639586481908,365443249.9074616,474,S4_twin_shock_cex_intervention,indonesia,USDC
476,0.8068093368643942,356307168.659775,474,S4_twin_shock_cex_intervention,indonesia,USDC
477,0.7929618214558687,347399489.4432807,474,S4_twin_shock_cex_intervention,indonesia,USDC
478,0.7880750767133695,338714502.2071986,474,S4_twin_shock_cex_intervention,indonesia,USDC
479,0.7938526205683955,330246639.65201867,474,S4_twin_shock_cex_intervention,indonesia,USDC
480,0.792900858028049,321990473.6607182,474,S4_twin_shock_cex_intervention,indonesia,USDC
481,0.8087171229001515,313940711.8192003,474,S4_twin_shock_cex_intervention,indonesia,USDC
482,0.800616354742238,306092194.02372026,474,S4_twin_shock_cex_intervention,indonesia,USDC
483,0.8199420339823529,298439889.17312723,474,S4_twin_shock_cex_intervention,indonesia,USDC
484,0.8084766353246855,290978891.943799,474,S4_twin_shock_cex_intervention,indonesia,USDC
485,0.7980788358536853,283704419.64520407,474,S4_twin_shock_cex_intervention,indonesia,USDC
486,0.8097888456305717,276611809.15407395,474,S4_twin_shock_cex_intervention,indonesia,USDC
487,0.7949238267956131,269696513.9252221,474,S4_twin_shock_cex_intervention,indonesia,USDC
488,0.8047654429933015,262954101.07709157,474,S4_twin_shock_cex_intervention,indonesia,USDC
489,0.8038214897665983,256380248.55016428,474,S4_twin_shock_cex_intervention,indonesia,USDC
490,0.8462457549792308,249970742.33641016,474,S4_twin_shock_cex_intervention,indonesia,USDC
491,0.8390208206169556,243721473.77799994,474,S4_twin_shock_cex_intervention,indonesia,USDC
492,0.8306021912364234,237628436.93354988,474,S4_twin_shock_cex_intervention,indonesia,USDC
493,0.8139952031489239,231687726.01021117,474,S4_twin_shock_cex_intervention,indonesia,USDC
494,0.8409391709230334,225895532.85995588,474,S4_twin_shock_cex_intervention,indonesia,USDC
495,0.8372552056290635,220248144.53845698,474,S4_twin_shock_cex_intervention,indonesia,USDC
496,0.8377707857098702,214741940.92499554,474,S4_twin_shock_cex_intervention,indonesia,USDC
497,0.8534057193565362,209373392.40187067,474,S4_twin_shock_cex_intervention,indonesia,USDC
498,0.8568673671265731,204139057.59182388,474,S4_twin_shock_cex_intervention,indonesia,USDC
499,0.8597186126363363,199035581.1520283,474,S4_twin_shock_cex_intervention,indonesia,USDC
500,0.858210102415448,194059691.6232276,474,S4_twin_shock_cex_intervention,indonesia,USDC
501,0.8596139890702814,189208199.3326469,474,S4_twin_shock_cex_intervention,indonesia,USDC
502,0.8360679304901028,184477994.34933072,474,S4_twin_shock_cex_intervention,indonesia,USDC
503,0.850459327264834,179866044.4905975,474,S4_twin_shock_cex_intervention,indonesia,USDC
504,0.8350214740512907,175369393.37833253,474,S4_twin_shock_cex_intervention,indonesia,USDC
505,0.8410359112660942,170985158.5438742,474,S4_twin_shock_cex_intervention,indonesia,USDC
506,0.8286169586123199,166710529.58027735,474,S4_twin_shock_cex_intervention,indonesia,USDC
507,0.7987037980943165,162542766.34077042,474,S4_twin_shock_cex_intervention,indonesia,USDC
508,0.8330662745799031,158479197.18225116,474,S4_twin_shock_cex_intervention,indonesia,USDC
509,0.8230962435895699,154517217.2526949,474,S4_twin_shock_cex_intervention,indonesia,USDC
510,0.8393616684916789,150654286.82137752,474,S4_twin_shock_cex_intervention,indonesia,USDC
511,0.8421556267061875,146887929.65084308,474,S4_twin_shock_cex_intervention,indonesia,USDC
512,0.8289860789582693,143215731.409572,474,S4_twin_shock_cex_intervention,indonesia,USDC
513,0.8311774113743352,139635338.12433273,474,S4_twin_shock_cex_intervention,indonesia,USDC
514,0.8224077188354305,136144454.6712244,474,S4_twin_shock_cex_intervention,indonesia,USDC
515,0.8112544701890869,132740843.30444378,474,S4_twin_shock_cex_intervention,indonesia,USDC
516,0.8258159574266942,129422322.2218327,474,S4_twin_shock_cex_intervention,indonesia,USDC
517,0.828324464981637,126186764.16628689,474,S4_twin_shock_cex_intervention,indonesia,USDC
518,0.8224466287490396,123032095.0621297,474,S4_twin_shock_cex_intervention,indonesia,USDC
519,0.8137312358192454,119956292.68557645,474,S4_twin_shock_cex_intervention,indonesia,USDC
520,0.8298473107129534,116957385.36843704,474,S4_twin_shock_cex_intervention,indonesia,USDC
521,0.809217327662637,114033450.73422611,474,S4_twin_shock_cex_intervention,indonesia,USDC
522,0.7990584614365625,111182614.46587045,474,S4_twin_shock_cex_intervention,indonesia,USDC
523,0.7881604811493154,108403049.1042237,474,S4_twin_shock_cex_intervention,indonesia,USDC
524,0.7962402560023817,105692972.8766181,474,S4_twin_shock_cex_intervention,indonesia,USDC
525,0.802905025714136,103050648.55470265,474,S4_twin_shock_cex_intervention,indonesia,USDC
526,0.7914527085577329,100474382.34083508,474,S4_twin_shock_cex_intervention,indonesia,USDC
527,0.7980872234747117,97962522.78231421,474,S4_twin_shock_cex_intervention,indonesia,USDC
528,0.7976257321583202,95513459.71275635,474,S4_twin_shock_cex_intervention,indonesia,USDC
529,0.8145640885404204,93125623.21993744,474,S4_twin_shock_cex_intervention,indonesia,USDC
530,0.832581961873696,90797482.639439,474,S4_twin_shock_cex_intervention,indonesia,USDC
531,0.8404446672794458,88527545.57345304,474,S4_twin_shock_cex_intervention,indonesia,USDC
532,0.8497145061975193,86314356.9341167,474,S4_twin_shock_cex_intervention,indonesia,USDC
533,0.8350697686334501,84156498.01076378,474,S4_twin_shock_cex_intervention,indonesia,USDC
534,0.8303359635981303,82052585.56049469,474,S4_twin_shock_cex_intervention,indonesia,USDC
535,0.8511709493146584,80001270.92148232,474,S4_twin_shock_cex_intervention,indonesia,USDC
536,0.8533678609568262,78001239.14844526,474,S4_twin_shock_cex_intervention,indonesia,USDC
537,0.8384107683284597,76051208.16973414,474,S4_twin_shock_cex_intervention,indonesia,USDC
538,0.8293378321283296,74149927.96549077,474,S4_twin_shock_cex_intervention,indonesia,USDC
539,0.810221331772202,72296179.7663535,474,S4_twin_shock_cex_intervention,indonesia,USDC
540,0.8310894858423432,70488775.27219467,474,S4_twin_shock_cex_intervention,indonesia,USDC
541,0.8243442572849258,68726555.8903898,474,S4_twin_shock_cex_intervention,indonesia,USDC
542,0.8411957069169111,67008391.99313005,474,S4_twin_shock_cex_intervention,indonesia,USDC
543,0.7895128379359594,65333182.19330181,474,S4_twin_shock_cex_intervention,indonesia,USDC
544,0.7713204906586486,63699852.638469264,474,S4_twin_shock_cex_intervention,indonesia,USDC
545,0.7939785346766267,62107356.32250753,474,S4_twin_shock_cex_intervention,indonesia,USDC
546,0.8005604786210082,60554672.41444484,474,S4_twin_shock_cex_intervention,indonesia,USDC
547,0.7862285478337502,59040805.604083724,474,S4_twin_shock_cex_intervention,indonesia,USDC
548,0.8128413307433463,57564785.46398163,474,S4_twin_shock_cex_intervention,indonesia,USDC
549,0.8158521227657264,56125665.82738209,474,S4_twin_shock_cex_intervention,indonesia,USDC
550,0.8107713566088572,54722524.181697525,474,S4_twin_shock_cex_intervention,indonesia,USDC
551,0.7815959810841223,53354461.07715508,474,S4_twin_shock_cex_intervention,indonesia,USDC
552,0.7891391963258513,52020599.55022621,474,S4_twin_shock_cex_intervention,indonesia,USDC
553,0.7511886636105767,50720084.56147055,474,S4_twin_shock_cex_intervention,indonesia,USDC
554,0.7745509627399174,49452082.4474338,474,S4_twin_shock_cex_intervention,indonesia,USDC
555,0.7809181168872099,48215780.38624795,474,S4_twin_shock_cex_intervention,indonesia,USDC
556,0.7617158442164238,47010385.87659176,474,S4_twin_shock_cex_intervention,indonesia,USDC
557,0.7819859601128566,45835126.229676954,474,S4_twin_shock_cex_intervention,indonesia,USDC
558,0.7813659089711182,44689248.07393503,474,S4_twin_shock_cex_intervention,indonesia,USDC
559,0.7739334388991433,43572016.87208666,474,S4_twin_shock_cex_intervention,indonesia,USDC
560,0.7769905521683463,42482716.45028449,474,S4_twin_shock_cex_intervention,indonesia,USDC
561,0.8051315483164783,41420648.53902738,474,S4_twin_shock_cex_intervention,indonesia,USDC
562,0.8103915715251022,40385132.325551696,474,S4_twin_shock_cex_intervention,indonesia,USDC
563,0.8308525032676181,39375504.0174129,474,S4_twin_shock_cex_intervention,indonesia,USDC
564,0.8255542570613759,38391116.41697758,474,S4_twin_shock_cex_intervention,indonesia,USDC
565,0.8197155866301801,37431338.50655314,474,S4_twin_shock_cex_intervention,indonesia,USDC
566,0.8187700327189286,36495555.043889314,474,S4_twin_shock_cex_intervention,indonesia,USDC
567,0.8265096353313831,35583166.16779208,474,S4_twin_shock_cex_intervention,indonesia,USDC
568,0.8112024573695663,34693587.01359727,474,S4_twin_shock_cex_intervention,indonesia,USDC
569,0.8085291140603204,33826247.33825734,474,S4_twin_shock_cex_intervention,indonesia,USDC
570,0.7863511438527263,32980591.15480091,474,S4_twin_shock_cex_intervention,indonesia,USDC
571,0.7764327798221364,32156076.37593089,474,S4_twin_shock_cex_intervention,indonesia,USDC
572,0.787675281006803,31352174.466532618,474,S4_twin_shock_cex_intervention,indonesia,USDC
573,0.8000704758363117,30568370.1048693,474,S4_twin_shock_cex_intervention,indonesia,USDC
574,0.8290971020016608,29804160.852247566,474,S4_twin_shock_cex_intervention,indonesia,USDC
575,0.7980573717445653,29059056.83094138,474,S4_twin_shock_cex_intervention,indonesia,USDC
576,0.8070310119776787,28332580.410167843,474,S4_twin_shock_cex_intervention,indonesia,USDC
577,0.7983862473265918,27624265.899913646,474,S4_twin_shock_cex_intervention,indonesia,USDC
578,0.78621695321535,26933659.252415806,474,S4_twin_shock_cex_intervention,indonesia,USDC
579,0.7692211734520903,26260317.771105412,474,S4_twin_shock_cex_intervention,indonesia,USDC
580,0.7818789329863634,25603809.82682778,474,S4_twin_shock_cex_intervention,indonesia,USDC
581,0.7498534403635686,24963714.58115708,474,S4_twin_shock_cex_intervention,indonesia,USDC
582,0.7295790787935774,24339621.716628157,474,S4_twin_shock_cex_intervention,indonesia,USDC
583,0.7293900760457372,23731131.17371245,474,S4_twin_shock_cex_intervention,indonesia,USDC
584,0.7540053658355982,23137852.89436964,474,S4_twin_shock_cex_intervention,indonesia,USDC
585,0.767855768819211,22559406.572010398,474,S4_twin_shock_cex_intervention,indonesia,USDC
586,0.7830222592386459,21995421.40771014,474,S4_twin_shock_cex_intervention,indonesia,USDC
587,0.7625230606108497,21445535.872517385,474,S4_twin_shock_cex_intervention,indonesia,USDC
588,0.7993794491250756,20909397.47570445,474,S4_twin_shock_cex_intervention,indonesia,USDC
589,0.8040036377772068,20386662.53881184,474,S4_twin_shock_cex_intervention,indonesia,USDC
590,0.7772237591762602,19876995.975341544,474,S4_twin_shock_cex_intervention,indonesia,USDC
591,0.7845494940262028,19380071.075958006,474,S4_twin_shock_cex_intervention,indonesia,USDC
592,0.7831734401847871,18895569.299059056,474,S4_twin_shock_cex_intervention,indonesia,USDC
593,0.7579640602263039,18423180.06658258,474,S4_twin_shock_cex_intervention,indonesia,USDC
594,0.783659687146226,17962600.56491801,474,S4_twin_shock_cex_intervention,indonesia,USDC
595,0.7804337791416813,17513535.550795063,474,S4_twin_shock_cex_intervention,indonesia,USDC
596,0.7793515762445461,17075697.162025187,474,S4_twin_shock_cex_intervention,indonesia,USDC
597,0.7985437806235597,16648804.732974555,474,S4_twin_shock_cex_intervention,indonesia,USDC
598,0.8025002378310306,16232584.614650192,474,S4_twin_shock_cex_intervention,indonesia,USDC
599,0.7794350538636869,15826769.999283938,474,S4_twin_shock_cex_intervention,indonesia,USDC
600,0.8124158211827113,15431100.74930184,474,S4_twin_shock_cex_intervention,indonesia,USDC
601,0.8222925372045209,15045323.230569292,474,S4_twin_shock_cex_intervention,indonesia,USDC
602,0.845106360511759,14669190.149805062,474,S4_twin_shock_cex_intervention,indonesia,USDC
603,0.840349058729896,14302460.396059934,474,S4_twin_shock_cex_intervention,indonesia,USDC
604,0.8398216352773582,13944898.886158435,474,S4_twin_shock_cex_intervention,indonesia,USDC
605,0.8257516191308735,13596276.414004475,474,S4_twin_shock_cex_intervention,indonesia,USDC
606,0.82794719742027,13256369.50365436,474,S4_twin_shock_cex_intervention,indonesia,USDC
607,0.849368578915475,12924960.266063005,474,S4_twin_shock_cex_intervention,indonesia,USDC
608,0.820400848147002,12601836.259411428,474,S4_twin_shock_cex_intervention,indonesia,USDC
609,0.797342028512992,12286790.352926143,474,S4_twin_shock_cex_intervention,indonesia,USDC
610,0.7797284383568246,11979620.59410299,474,S4_twin_shock_cex_intervention,indonesia,USDC
611,0.7509103287319329,11680130.079250414,474,S4_twin_shock_cex_intervention,indonesia,USDC
612,0.7690772862029922,11388126.827269154,474,S4_twin_shock_cex_intervention,indonesia,USDC
613,0.7921406608292034,11103423.656587426,474,S4_twin_shock_cex_intervention,indonesia,USDC
614,0.783434302611765,10825838.06517274,474,S4_twin_shock_cex_intervention,indonesia,USDC
615,0.7781242630446152,10555192.113543421,474,S4_twin_shock_cex_intervention,indonesia,USDC
616,0.769004064550221,10291312.310704835,474,S4_twin_shock_cex_intervention,indonesia,USDC
617,0.7575425708874394,10034029.502937214,474,S4_twin_shock_cex_intervention,indonesia,USDC
618,0.7652196516181003,9783178.765363785,474,S4_twin_shock_cex_intervention,indonesia,USDC
619,0.7765750866222121,9538599.29622969,474,S4_twin_shock_cex_intervention,indonesia,USDC
620,0.7851049009679857,9300134.313823948,474,S4_twin_shock_cex_intervention,indonesia,USDC
621,0.8000234184365504,9067630.955978349,474,S4_twin_shock_cex_intervention,indonesia,USDC
622,0.8224909786887427,8840940.182078889,474,S4_twin_shock_cex_intervention,indonesia,USDC
623,0.8380153680023738,8619916.677526917,474,S4_twin_shock_cex_intervention,indonesia,USDC
624,0.8014525112165891,8404418.760588745,474,S4_twin_shock_cex_intervention,indonesia,USDC
625,0.8237340397349947,8194308.291574026,474,S4_twin_shock_cex_intervention,indonesia,USDC
626,0.8137235332965007,7989450.584284676,474,S4_twin_shock_cex_intervention,indonesia,USDC
627,0.8250261829886376,7789714.319677559,474,S4_twin_shock_cex_intervention,indonesia,USDC
628,0.8546270118151541,7594971.461685619,474,S4_twin_shock_cex_intervention,indonesia,USDC
629,0.8385578850857001,7405097.17514348,474,S4_twin_shock_cex_intervention,indonesia,USDC
630,0.8501808123910323,7219969.745764893,474,S4_twin_shock_cex_intervention,indonesia,USDC
631,0.827416275642843,7039470.5021207705,474,S4_twin_shock_cex_intervention,indonesia,USDC
632,0.8021522079597451,6863483.739567751,474,S4_twin_shock_cex_intervention,indonesia,USDC
633,0.8044574925523854,6691896.646078557,474,S4_twin_shock_cex_intervention,indonesia,USDC
634,0.7992017151993961,6524599.229926594,474,S4_twin_shock_cex_intervention,indonesia,USDC
635,0.7863913212726902,6361484.249178428,474,S4_twin_shock_cex_intervention,indonesia,USDC
636,0.8153010198411498,6202447.142948967,474,S4_twin_shock_cex_intervention,indonesia,USDC
637,0.805707077304337,6047385.964375243,474,S4_twin_shock_cex_intervention,indonesia,USDC
638,0.8083893117368318,5896201.315265861,474,S4_twin_shock_cex_intervention,indonesia,USDC
639,0.8263282099978748,5748796.282384215,474,S4_twin_shock_cex_intervention,indonesia,USDC
640,0.8155477932329782,5605076.37532461,474,S4_twin_shock_cex_intervention,indonesia,USDC
641,0.8076140895424495,5464949.465941494,474,S4_twin_shock_cex_intervention,indonesia,USDC
642,0.7970455121128444,5328325.729292957,474,S4_twin_shock_cex_intervention,indonesia,USDC
643,0.7938402843278036,5195117.586060633,474,S4_twin_shock_cex_intervention,indonesia,USDC
644,0.8100580133274845,5065239.646409118,474,S4_twin_shock_cex_intervention,indonesia,USDC
645,0.836635127073797,4938608.65524889,474,S4_twin_shock_cex_intervention,indonesia,USDC
646,0.8443004225314493,4815143.438867667,474,S4_twin_shock_cex_intervention,indonesia,USDC
647,0.8431298206377646,4694764.852895975,474,S4_twin_shock_cex_intervention,indonesia,USDC
648,0.8436332456856539,4577395.731573576,474,S4_twin_shock_cex_intervention,indonesia,USDC
649,0.8125310349882298,4462960.838284236,474,S4_twin_shock_cex_intervention,indonesia,USDC
650,0.8178989435934937,4351386.817327131,474,S4_twin_shock_cex_intervention,indonesia,USDC
651,0.7827979267419771,4242602.146893952,474,S4_twin_shock_cex_intervention,indonesia,USDC
652,0.7748022818422421,4136537.093221604,474,S4_twin_shock_cex_intervention,indonesia,USDC
653,0.7710010130991319,4033123.6658910634,474,S4_twin_shock_cex_intervention,indonesia,USDC
654,0.7772050610640332,3932295.574243787,474,S4_twin_shock_cex_intervention,indonesia,USDC
655,0.7464797867984846,3833988.1848876923,474,S4_twin_shock_cex_intervention,indonesia,USDC
656,0.7514218030318237,3738138.4802655,474,S4_twin_shock_cex_intervention,indonesia,USDC
657,0.7542754359083239,3644685.018258862,474,S4_twin_shock_cex_intervention,indonesia,USDC
658,0.7577239352476497,3553567.892802391,474,S4_twin_shock_cex_intervention,indonesia,USDC
659,0.7604091501171787,3464728.695482332,474,S4_twin_shock_cex_intervention,indonesia,USDC
660,0.7589753405517243,3378110.4780952735,474,S4_twin_shock_cex_intervention,indonesia,USDC
661,0.755499174560145,3293657.716142892,474,S4_twin_shock_cex_intervention,indonesia,USDC
662,0.7666131341020642,3211316.273239319,474,S4_twin_shock_cex_intervention,indonesia,USDC
663,0.7723998275967838,3131033.3664083364,474,S4_twin_shock_cex_intervention,indonesia,USDC
664,0.758847810015162,3052757.532248128,474,S4_twin_shock_cex_intervention,indonesia,USDC
665,0.7469678865648628,2976438.593941925,474,S4_twin_shock_cex_intervention,indonesia,USDC
666,0.7407969243109739,2902027.629093377,474,S4_twin_shock_cex_intervention,indonesia,USDC
667,0.7533160656480289,2829476.9383660425,474,S4_twin_shock_cex_intervention,indonesia,USDC
668,0.7654478170888496,2758740.0149068916,474,S4_twin_shock_cex_intervention,indonesia,USDC
669,0.7774257796834116,2689771.514534219,474,S4_twin_shock_cex_intervention,indonesia,USDC
670,0.7738518471268278,2622527.2266708636,474,S4_twin_shock_cex_intervention,indonesia,USDC
671,0.7691820023670083,2556964.046004092,474,S4_twin_shock_cex_intervention,indonesia,USDC
672,0.7639970814931119,2493039.9448539894,474,S4_twin_shock_cex_intervention,indonesia,USDC
673,0.7662458651944203,2430713.94623264,474,S4_twin_shock_cex_intervention,indonesia,USDC
674,0.7722547616458985,2369946.097576824,474,S4_twin_shock_cex_intervention,indonesia,USDC
675,0.7896629739221387,2310697.4451374034,474,S4_twin_shock_cex_intervention,indonesia,USDC
676,0.7996830258241513,2252930.0090089682,474,S4_twin_shock_cex_intervention,indonesia,USDC
677,0.8185258202917303,2196606.758783744,474,S4_twin_shock_cex_intervention,indonesia,USDC
678,0.789595546083356,2141691.5898141507,474,S4_twin_shock_cex_intervention,indonesia,USDC
679,0.7759511912211353,2088149.3000687966,474,S4_twin_shock_cex_intervention,indonesia,USDC
680,0.7868941091897776,2035945.5675670768,474,S4_twin_shock_cex_intervention,indonesia,USDC
681,0.8019997184876424,1985046.9283778998,474,S4_twin_shock_cex_intervention,indonesia,USDC
682,0.8245355779710977,1935420.7551684522,474,S4_twin_shock_cex_intervention,indonesia,USDC
683,0.8071223733108291,1887035.236289241,474,S4_twin_shock_cex_intervention,indonesia,USDC
684,0.7997986199057557,1839859.3553820099,474,S4_twin_shock_cex_intervention,indonesia,USDC
685,0.7626400247557138,1793862.8714974597,474,S4_twin_shock_cex_intervention,indonesia,USDC
686,0.7769504976828725,1749016.2997100232,474,S4_twin_shock_cex_intervention,indonesia,USDC
687,0.7701684705078541,1705290.892217273,474,S4_twin_shock_cex_intervention,indonesia,USDC
688,0.7688572710260569,1662658.6199118407,474,S4_twin_shock_cex_intervention,indonesia,USDC
689,0.7558608607833317,1621092.1544140447,474,S4_twin_shock_cex_intervention,indonesia,USDC
690,0.7309280230291421,1580564.8505536935,474,S4_twin_shock_cex_intervention,indonesia,USDC
691,0.7321374721600722,1541050.7292898512,474,S4_twin_shock_cex_intervention,indonesia,USDC
692,0.7433608454007019,1502524.461057605,474,S4_twin_shock_cex_intervention,indonesia,USDC
693,0.7158939034632166,1464961.3495311649,474,S4_twin_shock_cex_intervention,indonesia,USDC
694,0.7252996596026882,1428337.3157928858,474,S4_twin_shock_cex_intervention,indonesia,USDC
695,0.7581177801120795,1392628.8828980639,474,S4_twin_shock_cex_intervention,indonesia,USDC
696,0.7839512212238958,1357813.160825612,474,S4_twin_shock_cex_intervention,indonesia,USDC
697,0.7840677578663703,1323867.8318049717,474,S4_twin_shock_cex_intervention,indonesia,USDC
698,0.7650981466010198,1290771.1360098475,474,S4_twin_shock_cex_intervention,indonesia,USDC
699,0.7495511483202929,1258501.8576096012,474,S4_twin_shock_cex_intervention,indonesia,USDC
700,0.7709312317386723,1227039.3111693612,474,S4_twin_shock_cex_intervention,indonesia,USDC
701,0.7735614962378362,1196363.3283901273,474,S4_twin_shock_cex_intervention,indonesia,USDC
702,0.7780067046518858,1166454.245180374,474,S4_twin_shock_cex_intervention,indonesia,USDC
703,0.7886526783829387,1137292.8890508646,474,S4_twin_shock_cex_intervention,indonesia,USDC
704,0.7791369048792596,1108860.566824593,474,S4_twin_shock_cex_intervention,indonesia,USDC
705,0.7855116244209248,1081139.0526539783,474,S4_twin_shock_cex_intervention,indonesia,USDC
706,0.7672519292773874,1054110.5763376288,474,S4_twin_shock_cex_intervention,indonesia,USDC
707,0.7769745426831379,1027757.811929188,474,S4_twin_shock_cex_intervention,indonesia,USDC
708,0.7625688779476063,1002063.8666309584,474,S4_twin_shock_cex_intervention,indonesia,USDC
709,0.7567750324513647,977012.2699651844,474,S4_twin_shock_cex_intervention,indonesia,USDC
710,0.748685273341978,952586.9632160548,474,S4_twin_shock_cex_intervention,indonesia,USDC
711,0.7467935398437144,928772.2891356535,474,S4_twin_shock_cex_intervention,indonesia,USDC
712,0.7553063217001803,905552.9819072621,474,S4_twin_shock_cex_intervention,indonesia,USDC
713,0.746304758224768,882914.1573595805,474,S4_twin_shock_cex_intervention,indonesia,USDC
714,0.7392786652371874,860841.3034255911,474,S4_twin_shock_cex_intervention,indonesia,USDC
715,0.7651455260983049,839320.2708399514,474,S4_twin_shock_cex_intervention,indonesia,USDC
716,0.7704197559802596,818337.2640689525,474,S4_twin_shock_cex_intervention,indonesia,USDC
717,0.7963821740079303,797878.8324672289,474,S4_twin_shock_cex_intervention,indonesia,USDC
718,0.8116389650668537,777931.861655548,474,S4_twin_shock_cex_intervention,indonesia,USDC
719,0.8175055197602398,758483.5651141594,474,S4_twin_shock_cex_intervention,indonesia,USDC
720,0.8264908528402259,739521.4759863054,474,S4_twin_shock_cex_intervention,indonesia,USDC
721,0.8056427266357288,721033.4390866477,474,S4_twin_shock_cex_intervention,indonesia,USDC
722,0.776434312017178,703007.6031094815,474,S4_twin_shock_cex_intervention,indonesia,USDC
723,0.7862245388150914,685432.4130317444,474,S4_twin_shock_cex_intervention,indonesia,USDC
724,0.8056767344764844,668296.6027059508,474,S4_twin_shock_cex_intervention,indonesia,USDC
725,0.7766456153797122,651589.1876383021,474,S4_twin_shock_cex_intervention,indonesia,USDC
726,0.7641588481335437,635299.4579473445,474,S4_twin_shock_cex_intervention,indonesia,USDC
727,0.7862825079502109,619416.971498661,474,S4_twin_shock_cex_intervention,indonesia,USDC
728,0.7982041007961447,603931.5472111944,474,S4_twin_shock_cex_intervention,indonesia,USDC
729,0.8137043346348216,588833.2585309146,474,S4_twin_shock_cex_intervention,indonesia,USDC
730,0.8019924463052889,574112.4270676416,474,S4_twin_shock_cex_intervention,indonesia,USDC
731,0.8268201087945303,559759.6163909505,474,S4_twin_shock_cex_intervention,indonesia,USDC
732,0.8426646397213217,545765.6259811767,474,S4_twin_shock_cex_intervention,indonesia,USDC
733,0.8230815005545331,532121.4853316474,474,S4_twin_shock_cex_intervention,indonesia,USDC
734,0.8453700244066077,518818.4481983562,474,S4_twin_shock_cex_intervention,indonesia,USDC
735,0.8529048654210363,505847.98699339724,474,S4_twin_shock_cex_intervention,indonesia,USDC
736,0.8147877255754543,493201.7873185624,474,S4_twin_shock_cex_intervention,indonesia,USDC
737,0.8147099567893216,480871.7426355983,474,S4_twin_shock_cex_intervention,indonesia,USDC
738,0.8121885307865176,468849.94906970835,474,S4_twin_shock_cex_intervention,indonesia,USDC
739,0.8112915703750588,457128.7003429656,474,S4_twin_shock_cex_intervention,indonesia,USDC
740,0.8146631093200711,445700.4828343915,474,S4_twin_shock_cex_intervention,indonesia,USDC
741,0.7925264538944323,434557.97076353163,474,S4_twin_shock_cex_intervention,indonesia,USDC
742,0.8013643333492386,423694.02149444335,474,S4_twin_shock_cex_intervention,indonesia,USDC
743,0.7912171976343713,413101.67095708236,474,S4_twin_shock_cex_intervention,indonesia,USDC
744,0.8079411931107119,402774.12918315525,474,S4_twin_shock_cex_intervention,indonesia,USDC
745,0.7995242333823687,392704.7759535764,474,S4_twin_shock_cex_intervention,indonesia,USDC
746,0.7789898373925154,382887.15655473695,474,S4_twin_shock_cex_intervention,indonesia,USDC
747,0.7943981305462,373314.9776408685,474,S4_twin_shock_cex_intervention,indonesia,USDC
748,0.7804014839964212,363982.1031998468,474,S4_twin_shock_cex_intervention,indonesia,USDC
749,0.7807824043529994,354882.55061985063,474,S4_twin_shock_cex_intervention,indonesia,USDC
750,0.738726645182583,346010.4868543544,474,S4_twin_shock_cex_intervention,indonesia,USDC
751,0.7517143459967316,337360.2246829955,474,S4_twin_shock_cex_intervention,indonesia,USDC
752,0.7358998756282958,328926.2190659206,474,S4_twin_shock_cex_intervention,indonesia,USDC
753,0.7116421263045499,320703.0635892726,474,S4_twin_shock_cex_intervention,indonesia,USDC
754,0.7038675636074307,312685.4869995408,474,S4_twin_shock_cex_intervention,indonesia,USDC
755,0.7241891095955997,304868.3498245523,474,S4_twin_shock_cex_intervention,indonesia,USDC
756,0.7261993098511392,297246.6410789385,474,S4_twin_shock_cex_intervention,indonesia,USDC
757,0.7272106161479199,289815.475051965,474,S4_twin_shock_cex_intervention,indonesia,USDC
758,0.7388749903728932,282570.0881756659,474,S4_twin_shock_cex_intervention,indonesia,USDC
759,0.7439188159691291,275505.83597127424,474,S4_twin_shock_cex_intervention,indonesia,USDC
760,0.7328047456163306,268618.1900719924,474,S4_twin_shock_cex_intervention,indonesia,USDC
761,0.7742739055758272,261902.73532019256,474,S4_twin_shock_cex_intervention,indonesia,USDC
762,0.7503779661245338,255355.16693718772,474,S4_twin_shock_cex_intervention,indonesia,USDC
763,0.7429094879757658,248971.28776375804,474,S4_twin_shock_cex_intervention,indonesia,USDC
764,0.7273834204674489,242747.00556966412,474,S4_twin_shock_cex_intervention,indonesia,USDC
765,0.7342563791094064,236678.3304304225,474,S4_twin_shock_cex_intervention,indonesia,USDC
766,0.7274121618969493,230761.37216966192,474,S4_twin_shock_cex_intervention,indonesia,USDC
767,0.7407049823569297,224992.33786542038,474,S4_twin_shock_cex_intervention,indonesia,USDC
768,0.7373127148989921,219367.5294187849,474,S4_twin_shock_cex_intervention,indonesia,USDC
769,0.7518929266899926,213883.34118331526,474,S4_twin_shock_cex_intervention,indonesia,USDC
770,0.7554340118791526,208536.25765373238,474,S4_twin_shock_cex_intervention,indonesia,USDC
771,0.7589209639902583,203322.85121238907,474,S4_twin_shock_cex_intervention,indonesia,USDC
772,0.7520317231209761,198239.77993207934,474,S4_twin_shock_cex_intervention,indonesia,USDC
773,0.7497549697559102,193283.78543377738,474,S4_twin_shock_cex_intervention,indonesia,USDC
774,0.7594978893048357,188451.69079793294,474,S4_twin_shock_cex_intervention,indonesia,USDC
775,0.7573138513135136,183740.39852798462,474,S4_twin_shock_cex_intervention,indonesia,USDC
776,0.7800095930498396,179146.888564785,474,S4_twin_shock_cex_intervention,indonesia,USDC
777,0.7634047575784414,174668.21635066537,474,S4_twin_shock_cex_intervention,indonesia,USDC
778,0.775723861705316,170301.51094189874,474,S4_twin_shock_cex_intervention,indonesia,USDC
779,0.7881901240401998,166043.97316835128,474,S4_twin_shock_cex_intervention,indonesia,USDC
780,0.7772135225607473,161892.8738391425,474,S4_twin_shock_cex_intervention,indonesia,USDC
781,0.7595030614479757,157845.55199316394,474,S4_twin_shock_cex_intervention,indonesia,USDC
782,0.7854661134229994,153899.41319333485,474,S4_twin_shock_cex_intervention,indonesia,USDC
783,0.794942506453909,150051.92786350148,474,S4_twin_shock_cex_intervention,indonesia,USDC
784,0.8034957600039933,146300.62966691394,474,S4_twin_shock_cex_intervention,indonesia,USDC
785,0.7993654875915642,142643.1139252411,474,S4_twin_shock_cex_intervention,indonesia,USDC
786,0.7890312973498079,139077.03607711007,474,S4_twin_shock_cex_intervention,indonesia,USDC
787,0.7872984363469147,135600.11017518232,474,S4_twin_shock_cex_intervention,indonesia,USDC
788,0.8023205918151513,132210.10742080276,474,S4_twin_shock_cex_intervention,indonesia,USDC
789,0.7888975599402016,128904.85473528269,474,S4_twin_shock_cex_intervention,indonesia,USDC
790,0.7894417753301879,125682.23336690062,474,S4_twin_shock_cex_intervention,indonesia,USDC
791,0.7690451935572288,122540.1775327281,474,S4_twin_shock_cex_intervention,indonesia,USDC
792,0.7726918282900463,119476.6730944099,474,S4_twin_shock_cex_intervention,indonesia,USDC
793,0.7824217738916878,116489.75626704964,474,S4_twin_shock_cex_intervention,indonesia,USDC
794,0.7632529170220926,113577.51236037342,474,S4_twin_shock_cex_intervention,indonesia,USDC
795,0.7954145695997719,110738.07455136409,474,S4_twin_shock_cex_intervention,indonesia,USDC
796,0.7812917459334588,107969.62268757998,474,S4_twin_shock_cex_intervention,indonesia,USDC
797,0.7755903857094737,105270.38212039048,474,S4_twin_shock_cex_intervention,indonesia,USDC
798,0.7711033584289315,102638.6225673807,474,S4_twin_shock_cex_intervention,indonesia,USDC
799,0.7514267615538035,100072.65700319619,474,S4_twin_shock_cex_intervention,indonesia,USDC
800,0.7478690737643997,97570.84057811629,474,S4_twin_shock_cex_intervention,indonesia,USDC
801,0.760293872701735,95131.56956366339,474,S4_twin_shock_cex_intervention,indonesia,USDC
802,0.7731675362689612,92753.2803245718,474,S4_twin_shock_cex_intervention,indonesia,USDC
803,0.7820613763725028,90434.44831645749,474,S4_twin_shock_cex_intervention,indonesia,USDC
804,0.7957605930635621,88173.58710854607,474,S4_twin_shock_cex_intervention,indonesia,USDC
805,0.7933135094850958,85969.2474308324,474,S4_twin_shock_cex_intervention,indonesia,USDC
806,0.8024199267348432,83820.01624506159,474,S4_twin_shock_cex_intervention,indonesia,USDC
807,0.7761011551197573,81724.51583893505,474,S4_twin_shock_cex_intervention,indonesia,USDC
808,0.777592711761723,79681.40294296168,474,S4_twin_shock_cex_intervention,indonesia,USDC
809,0.7726031413288977,77689.36786938764,474,S4_twin_shock_cex_intervention,indonesia,USDC
810,0.7674832696831236,75747.13367265294,474,S4_twin_shock_cex_intervention,indonesia,USDC
811,0.760592878654964,73853.45533083662,474,S4_twin_shock_cex_intervention,indonesia,USDC
812,0.7826808697665957,72007.1189475657,474,S4_twin_shock_cex_intervention,indonesia,USDC
813,0.7613801002237855,70206.94097387657,474,S4_twin_shock_cex_intervention,indonesia,USDC
814,0.7668665026897421,68451.76744952965,474,S4_twin_shock_cex_intervention,indonesia,USDC
815,0.7605303427631974,66740.47326329141,474,S4_twin_shock_cex_intervention,indonesia,USDC
816,0.7624871469113966,65071.961431709125,474,S4_twin_shock_cex_intervention,indonesia,USDC
817,0.7484483073203515,63445.1623959164,474,S4_twin_shock_cex_intervention,indonesia,USDC
818,0.7457424611213347,61859.03333601849,474,S4_twin_shock_cex_intervention,indonesia,USDC
819,0.7515109311508079,60312.557502618016,474,S4_twin_shock_cex_intervention,indonesia,USDC
820,0.7676678305767283,58804.74356505257,474,S4_twin_shock_cex_intervention,indonesia,USDC
821,0.7642093934678091,57334.62497592626,474,S4_twin_shock_cex_intervention,indonesia,USDC
822,0.7764039775521249,55901.2593515281,474,S4_twin_shock_cex_intervention,indonesia,USDC
823,0.7887955059427466,54503.7278677399,474,S4_twin_shock_cex_intervention,indonesia,USDC
824,0.7928739597445819,53141.1346710464,474,S4_twin_shock_cex_intervention,indonesia,USDC
825,0.7830492197578496,51812.60630427024,474,S4_twin_shock_cex_intervention,indonesia,USDC
826,0.79259193395963,50517.29114666348,474,S4_twin_shock_cex_intervention,indonesia,USDC
827,0.7795724251985796,49254.358867996896,474,S4_twin_shock_cex_intervention,indonesia,USDC
828,0.7705231182464335,48022.99989629697,474,S4_twin_shock_cex_intervention,indonesia,USDC
829,0.7755666420514975,46822.42489888954,474,S4_twin_shock_cex_intervention,indonesia,USDC
830,0.7814828295220797,45651.864276417306,474,S4_twin_shock_cex_intervention,indonesia,USDC
831,0.8034968454048784,44510.567669506876,474,S4_twin_shock_cex_intervention,indonesia,USDC
832,0.8094419318226556,43397.80347776921,474,S4_twin_shock_cex_intervention,indonesia,USDC
833,0.814859564717134,42312.85839082497,474,S4_twin_shock_cex_intervention,indonesia,USDC
834,0.7652591939370627,41255.03693105435,474,S4_twin_shock_cex_intervention,indonesia,USDC
835,0.7904282323227008,40223.66100777799,474,S4_twin_shock_cex_intervention,indonesia,USDC
836,0.7986102103390554,39218.06948258354,474,S4_twin_shock_cex_intervention,indonesia,USDC
837,0.801931846271826,38237.61774551895,474,S4_twin_shock_cex_intervention,indonesia,USDC
838,0.8058157931442165,37281.677301880976,474,S4_twin_shock_cex_intervention,indonesia,USDC
839,0.8015328931498041,36349.635369333955,474,S4_twin_shock_cex_intervention,indonesia,USDC
840,0.7757539561821726,35440.89448510061,474,S4_twin_shock_cex_intervention,indonesia,USDC
841,0.7747385903401824,34554.87212297309,474,S4_twin_shock_cex_intervention,indonesia,USDC
842,0.7784960529220101,33691.00031989876,474,S4_twin_shock_cex_intervention,indonesia,USDC
843,0.7708903697802667,32848.72531190129,474,S4_twin_shock_cex_intervention,indonesia,USDC
844,0.7851750866068479,32027.507179103763,474,S4_twin_shock_cex_intervention,indonesia,USDC
845,0.768664967950051,31226.819499626166,474,S4_twin_shock_cex_intervention,indonesia,USDC
846,0.7793268760266497,30446.149012135513,474,S4_twin_shock_cex_intervention,indonesia,USDC
847,0.7724966089183143,29684.995286832127,474,S4_twin_shock_cex_intervention,indonesia,USDC
848,0.7809008726919124,28942.870404661324,474,S4_twin_shock_cex_intervention,indonesia,USDC
849,0.7843679978798574,28219.29864454479,474,S4_twin_shock_cex_intervention,indonesia,USDC
850,0.827734295539316,27513.816178431167,474,S4_twin_shock_cex_intervention,indonesia,USDC
851,0.813922439911023,26825.970773970388,474,S4_twin_shock_cex_intervention,indonesia,USDC
852,0.805577336520235,26155.321504621133,474,S4_twin_shock_cex_intervention,indonesia,USDC
853,0.8100086829467277,25501.438467005602,474,S4_twin_shock_cex_intervention,indonesia,USDC
854,0.8047133153211021,24863.902505330465,474,S4_twin_shock_cex_intervention,indonesia,USDC
855,0.8223206257345009,24242.3049426972,474,S4_twin_shock_cex_intervention,indonesia,USDC
856,0.8099477086077925,23636.247319129772,474,S4_twin_shock_cex_intervention,indonesia,USDC
857,0.7794874116944536,23045.34113615153,474,S4_twin_shock_cex_intervention,indonesia,USDC
858,0.8087929774065005,22469.20760774774,474,S4_twin_shock_cex_intervention,indonesia,USDC
859,0.7823374164129211,21907.477417554048,474,S4_twin_shock_cex_intervention,indonesia,USDC
860,0.7662345257369612,21359.790482115197,474,S4_twin_shock_cex_intervention,indonesia,USDC
861,0.767239539342618,20825.795720062313,474,S4_twin_shock_cex_intervention,indonesia,USDC
862,0.7804294858256824,20305.150827060756,474,S4_twin_shock_cex_intervention,indonesia,USDC
863,0.7909006589563004,19797.522056384238,474,S4_twin_shock_cex_intervention,indonesia,USDC
864,0.7693449560771981,19302.584004974633,474,S4_twin_shock_cex_intervention,indonesia,USDC
865,0.7252716311735748,18820.019404850267,474,S4_twin_shock_cex_intervention,indonesia,USDC
866,0.7388736787766166,18349.51891972901,474,S4_twin_shock_cex_intervention,indonesia,USDC
867,0.7466545698032113,17890.780946735787,474,S4_twin_shock_cex_intervention,indonesia,USDC
868,0.7399853107636492,17443.51142306739,474,S4_twin_shock_cex_intervention,indonesia,USDC
869,0.717613366382431,17007.423637490705,474,S4_twin_shock_cex_intervention,indonesia,USDC
870,0.7491633754299486,16582.238046553437,474,S4_twin_shock_cex_intervention,indonesia,USDC
871,0.7406543359537362,16167.682095389602,474,S4_twin_shock_cex_intervention,indonesia,USDC
872,0.7401674174843629,15763.490043004862,474,S4_twin_shock_cex_intervention,indonesia,USDC
873,0.7308456283107537,15369.40279192974,474,S4_twin_shock_cex_intervention,indonesia,USDC
874,0.7366603905840283,14985.167722131499,474,S4_twin_shock_cex_intervention,indonesia,USDC
875,0.7391932115506581,14610.53852907821,474,S4_twin_shock_cex_intervention,indonesia,USDC
876,0.7462804338420385,14245.275065851256,474,S4_twin_shock_cex_intervention,indonesia,USDC
877,0.7349239432884452,13889.143189204975,474,S4_twin_shock_cex_intervention,indonesia,USDC
878,0.7480614523924989,13541.914609474852,474,S4_twin_shock_cex_intervention,indonesia,USDC
879,0.7478357297255933,13203.366744237981,474,S4_twin_shock_cex_intervention,indonesia,USDC
880,0.7512665248934448,12873.28257563203,474,S4_twin_shock_cex_intervention,indonesia,USDC
881,0.7607978111308326,12551.45051124123,474,S4_twin_shock_cex_intervention,indonesia,USDC
882,0.7543712088093191,12237.6642484602,474,S4_twin_shock_cex_intervention,indonesia,USDC
883,0.7454463918530982,11931.722642248695,474,S4_twin_shock_cex_intervention,indonesia,USDC
884,0.760754133474244,11633.429576192477,474,S4_twin_shock_cex_intervention,indonesia,USDC
885,0.7906630742930524,11342.593836787666,474,S4_twin_shock_cex_intervention,indonesia,USDC
886,0.7951915605222998,11059.028990867973,474,S4_twin_shock_cex_intervention,indonesia,USDC
887,0.7971786603173153,10782.553266096274,474,S4_twin_shock_cex_intervention,indonesia,USDC
888,0.7878135341864839,10512.989434443865,474,S4_twin_shock_cex_intervention,indonesia,USDC
889,0.8151391982293942,10250.16469858277,474,S4_twin_shock_cex_intervention,indonesia,USDC
890,0.7948157897726749,9993.910581118202,474,S4_twin_shock_cex_intervention,indonesia,USDC
891,0.8095032591408301,9744.062816590245,474,S4_twin_shock_cex_intervention,indonesia,USDC
892,0.8186356492795899,9500.46124617549,474,S4_twin_shock_cex_intervention,indonesia,USDC
893,0.8244005477120301,9262.949715021103,474,S4_twin_shock_cex_intervention,indonesia,USDC
894,0.8271262181331791,9031.375972145575,474,S4_twin_shock_cex_intervention,indonesia,USDC
895,0.8267935722368502,8805.591572841935,474,S4_twin_shock_cex_intervention,indonesia,USDC
896,0.8439291500990189,8585.451783520888,474,S4_twin_shock_cex_intervention,indonesia,USDC
897,0.835729726691438,8370.815488932865,474,S4_twin_shock_cex_intervention,indonesia,USDC
898,0.8028578869162752,8161.545101709544,474,S4_twin_shock_cex_intervention,indonesia,USDC
899,0.7981555706383163,7957.506474166805,474,S4_twin_shock_cex_intervention,indonesia,USDC
900,0.7977722129541823,7758.568812312636,474,S4_twin_shock_cex_intervention,indonesia,USDC
901,0.7865887121441969,7564.60459200482,474,S4_twin_shock_cex_intervention,indonesia,USDC
902,0.7605932623867756,7375.489477204699,474,S4_twin_shock_cex_intervention,indonesia,USDC
903,0.7407643179717927,7191.102240274582,474,S4_twin_shock_cex_intervention,indonesia,USDC
904,0.7608440622097551,7011.324684267717,474,S4_twin_shock_cex_intervention,indonesia,USDC
905,0.7705510121864679,6836.041567161024,474,S4_twin_shock_cex_intervention,indonesia,USDC
906,0.7899689821775917,6665.140527981999,474,S4_twin_shock_cex_intervention,indonesia,USDC
907,0.7789345841004055,6498.512014782449,474,S4_twin_shock_cex_intervention,indonesia,USDC
908,0.793727694597052,6336.0492144128875,474,S4_twin_shock_cex_intervention,indonesia,USDC
909,0.7939687246699338,6177.647984052566,474,S4_twin_shock_cex_intervention,indonesia,USDC
910,0.7999157358769319,6023.206784451252,474,S4_twin_shock_cex_intervention,indonesia,USDC
911,0.7973931722141516,5872.62661483997,474,S4_twin_shock_cex_intervention,indonesia,USDC
912,0.80998572034845,5725.810949468971,474,S4_twin_shock_cex_intervention,indonesia,USDC
913,0.7813787633608239,5582.665675732246,474,S4_twin_shock_cex_intervention,indonesia,USDC
914,0.7685344984501555,5443.09903383894,474,S4_twin_shock_cex_intervention,indonesia,USDC
915,0.7700033057297093,5307.021557992966,474,S4_twin_shock_cex_intervention,indonesia,USDC
916,0.7625145272808607,5174.346019043142,474,S4_twin_shock_cex_intervention,indonesia,USDC
917,0.7411562728093722,5044.987368567064,474,S4_twin_shock_cex_intervention,indonesia,USDC
918,0.7332955180457874,4918.862684352887,474,S4_twin_shock_cex_intervention,indonesia,USDC
919,0.7455000085312238,4795.891117244066,474,S4_twin_shock_cex_intervention,indonesia,USDC
920,0.7401637235306934,4675.993839312963,474,S4_twin_shock_cex_intervention,indonesia,USDC
921,0.7622788901437577,4559.09399333014,474,S4_twin_shock_cex_intervention,indonesia,USDC
922,0.7528518403402141,4445.116643496885,474,S4_twin_shock_cex_intervention,indonesia,USDC
923,0.7499719536602366,4333.9887274094635,474,S4_twin_shock_cex_intervention,indonesia,USDC
924,0.7472015111318391,4225.639009224227,474,S4_twin_shock_cex_intervention,indonesia,USDC
925,0.7464169983308812,4119.998033993622,474,S4_twin_shock_cex_intervention,indonesia,USDC
926,0.7522333409112598,4016.9980831437806,474,S4_twin_shock_cex_intervention,indonesia,USDC
927,0.7619354085259178,3916.5731310651863,474,S4_twin_shock_cex_intervention,indonesia,USDC
928,0.7794185688968727,3818.658802788557,474,S4_twin_shock_cex_intervention,indonesia,USDC
929,0.8201952883262336,3723.1923327188424,474,S4_twin_shock_cex_intervention,indonesia,USDC
930,0.849443298839412,3630.1125244008717,474,S4_twin_shock_cex_intervention,indonesia,USDC
931,0.8309019705277824,3539.3597112908496,474,S4_twin_shock_cex_intervention,indonesia,USDC
932,0.8102109097262884,3450.8757185085783,474,S4_twin_shock_cex_intervention,indonesia,USDC
933,0.8497060484062627,3364.6038255458643,474,S4_twin_shock_cex_intervention,indonesia,USDC
934,0.8384168742256163,3280.4887299072175,474,S4_twin_shock_cex_intervention,indonesia,USDC
935,0.8256145695188865,3198.4765116595368,474,S4_twin_shock_cex_intervention,indonesia,USDC
936,0.8178773265252185,3118.514598868049,474,S4_twin_shock_cex_intervention,indonesia,USDC
937,0.8301828175282637,3040.5517338963473,474,S4_twin_shock_cex_intervention,indonesia,USDC
938,0.8209701306384882,2964.5379405489384,474,S4_twin_shock_cex_intervention,indonesia,USDC
939,0.8078549321703112,2890.4244920352153,474,S4_twin_shock_cex_intervention,indonesia,USDC
940,0.7801268137360589,2818.163879734335,474,S4_twin_shock_cex_intervention,indonesia,USDC
941,0.7862028458757854,2747.7097827409766,474,S4_twin_shock_cex_intervention,indonesia,USDC
942,0.7932235971660639,2679.017038172452,474,S4_twin_shock_cex_intervention,indonesia,USDC
943,0.8009326781898621,2612.0416122181405,474,S4_twin_shock_cex_intervention,indonesia,USDC
944,0.8379398640451117,2546.7405719126873,474,S4_twin_shock_cex_intervention,indonesia,USDC
945,0.81558273402983,2483.07205761487,474,S4_twin_shock_cex_intervention,indonesia,USDC
946,0.8157171402895569,2420.9952561744985,474,S4_twin_shock_cex_intervention,indonesia,USDC
947,0.8111448560905333,2360.470374770136,474,S4_twin_shock_cex_intervention,indonesia,USDC
948,0.7863318755294202,2301.4586154008825,474,S4_twin_shock_cex_intervention,indonesia,USDC
949,0.8195256069082024,2243.9221500158606,474,S4_twin_shock_cex_intervention,indonesia,USDC
950,0.824748923566441,2187.824096265464,474,S4_twin_shock_cex_intervention,indonesia,USDC
951,0.8458068124812588,2133.1284938588274,474,S4_twin_shock_cex_intervention,indonesia,USDC
952,0.8385645227449732,2079.800281512357,474,S4_twin_shock_cex_intervention,indonesia,USDC
953,0.821208379475369,2027.8052744745478,474,S4_twin_shock_cex_intervention,indonesia,USDC
954,0.8075491935208338,1977.110142612684,474,S4_twin_shock_cex_intervention,indonesia,USDC
955,0.7999672765839163,1927.6823890473672,474,S4_twin_shock_cex_intervention,indonesia,USDC
956,0.7992742425920648,1879.4903293211828,474,S4_twin_shock_cex_intervention,indonesia,USDC
957,0.8300058140229446,1832.5030710881533,474,S4_twin_shock_cex_intervention,indonesia,USDC
958,0.8441441817914122,1786.6904943109494,474,S4_twin_shock_cex_intervention,indonesia,USDC
959,0.8217998945921718,1742.0232319531756,474,S4_twin_shock_cex_intervention,indonesia,USDC
960,0.8205896408076007,1698.4726511543463,474,S4_twin_shock_cex_intervention,indonesia,USDC
961,0.8518967034403643,1656.0108348754875,474,S4_twin_shock_cex_intervention,indonesia,USDC
962,0.8635447525871565,1614.6105640036003,474,S4_twin_shock_cex_intervention,indonesia,USDC
963,0.8588165126792124,1574.2452999035102,474,S4_twin_shock_cex_intervention,indonesia,USDC
964,0.8389922360976514,1534.8891674059225,474,S4_twin_shock_cex_intervention,indonesia,USDC
965,0.8398719106995493,1496.5169382207746,474,S4_twin_shock_cex_intervention,indonesia,USDC
966,0.8459653102547346,1459.1040147652552,474,S4_twin_shock_cex_intervention,indonesia,USDC
967,0.8500642338713544,1422.6264143961237,474,S4_twin_shock_cex_intervention,indonesia,USDC
968,0.8336254302024421,1387.0607540362207,474,S4_twin_shock_cex_intervention,indonesia,USDC
969,0.8364509015631075,1352.3842351853152,474,S4_twin_shock_cex_intervention,indonesia,USDC
970,0.8446304531552573,1318.5746293056823,474,S4_twin_shock_cex_intervention,indonesia,USDC
971,0.8396106314343066,1285.6102635730404,474,S4_twin_shock_cex_intervention,indonesia,USDC
972,0.8278895261696123,1253.4700069837143,474,S4_twin_shock_cex_intervention,indonesia,USDC
973,0.8195640925944467,1222.1332568091216,474,S4_twin_shock_cex_intervention,indonesia,USDC
974,0.8057936569078542,1191.5799253888936,474,S4_twin_shock_cex_intervention,indonesia,USDC
975,0.7944817314828693,1161.790427254171,474,S4_twin_shock_cex_intervention,indonesia,USDC
976,0.8013207529735681,1132.7456665728168,474,S4_twin_shock_cex_intervention,indonesia,USDC
977,0.7938011758529611,1104.4270249084964,474,S4_twin_shock_cex_intervention,indonesia,USDC
978,0.7891735348764315,1076.8163492857839,474,S4_twin_shock_cex_intervention,indonesia,USDC
979,0.7810009452364708,1049.8959405536393,474,S4_twin_shock_cex_intervention,indonesia,USDC
980,0.7795385552877448,1023.6485420397984,474,S4_twin_shock_cex_intervention,indonesia,USDC
981,0.7879549140131924,998.0573284888033,474,S4_twin_shock_cex_intervention,indonesia,USDC
982,0.7976661118247528,973.1058952765832,474,S4_twin_shock_cex_intervention,indonesia,USDC
983,0.8026214251404237,948.7782478946685,474,S4_twin_shock_cex_intervention,indonesia,USDC
984,0.8045026288574163,925.058791697302,474,S4_twin_shock_cex_intervention,indonesia,USDC
985,0.7871788742459185,901.9323219048692,474,S4_twin_shock_cex_intervention,indonesia,USDC
986,0.7760556208360868,879.3840138572475,474,S4_twin_shock_cex_intervention,indonesia,USDC
987,0.7625735501049947,857.3994135108164,474,S4_twin_shock_cex_intervention,indonesia,USDC
988,0.801307829873065,835.964428173046,474,S4_twin_shock_cex_intervention,indonesia,USDC
989,0.8066317430552818,815.0653174687199,474,S4_twin_shock_cex_intervention,indonesia,USDC
990,0.7895364285537263,794.6886845320018,474,S4_twin_shock_cex_intervention,indonesia,USDC
991,0.7810895107164026,774.8214674187017,474,S4_twin_shock_cex_intervention,indonesia,USDC
992,0.7932206757567453,755.4509307332341,474,S4_twin_shock_cex_intervention,indonesia,USDC
993,0.8297567101115046,736.5646574649033,474,S4_twin_shock_cex_intervention,indonesia,USDC
994,0.8138526263030588,718.1505410282807,474,S4_twin_shock_cex_intervention,indonesia,USDC
995,0.8160826044373178,700.1967775025737,474,S4_twin_shock_cex_intervention,indonesia,USDC
996,0.8086594785656578,682.6918580650093,474,S4_twin_shock_cex_intervention,indonesia,USDC
997,0.8170122734959363,665.6245616133841,474,S4_twin_shock_cex_intervention,indonesia,USDC
998,0.8076559858241172,648.9839475730495,474,S4_twin_shock_cex_intervention,indonesia,USDC
999,0.8319325669495022,632.7593488837233,474,S4_twin_shock_cex_intervention,indonesia,USDC
1000,0.8354275409837588,616.9403651616302,474,S4_twin_shock_cex_intervention,indonesia,USDC
