Step,price,liquidity,iteration,scenario,region,coin
1,1.0082108094394544,2989414076262.292,365,S4_twin_shock_cex_intervention,indonesia,USDC
2,250000.9772482952,2989426576262.292,365,S4_twin_shock_cex_intervention,indonesia,USDC
3,187502.0,2989435951262.292,365,S4_twin_shock_cex_intervention,indonesia,USDC
4,140627.0,2989442982512.292,365,S4_twin_shock_cex_intervention,indonesia,USDC
5,105470.75,2989448255949.792,365,S4_twin_shock_cex_intervention,indonesia,USDC
6,79103.5625,2989452211027.917,365,S4_twin_shock_cex_intervention,indonesia,USDC
7,59328.171875,2989455177336.5107,365,S4_twin_shock_cex_intervention,indonesia,USDC
8,44496.62890625,2989457402067.956,365,S4_twin_shock_cex_intervention,indonesia,USDC
9,33372.9716796875,2989459070616.54,365,S4_twin_shock_cex_intervention,indonesia,USDC
10,25030.228759765625,2989460322027.978,365,S4_twin_shock_cex_intervention,indonesia,USDC
11,18773.17156982422,2989461260586.5566,365,S4_twin_shock_cex_intervention,indonesia,USDC
12,14080.378677368164,2989461964505.49,365,S4_twin_shock_cex_intervention,indonesia,USDC
13,10560.784008026123,2989462492444.691,365,S4_twin_shock_cex_intervention,indonesia,USDC
14,7921.088006019592,2989462888399.0913,365,S4_twin_shock_cex_intervention,indonesia,USDC
15,5941.316004514694,2989463185364.8916,365,S4_twin_shock_cex_intervention,indonesia,USDC
16,4456.487003386021,2989463408089.2417,365,S4_twin_shock_cex_intervention,indonesia,USDC
17,3342.8652525395155,2989463575132.5044,365,S4_twin_shock_cex_intervention,indonesia,USDC
18,2507.6489394046366,2989463700414.951,365,S4_twin_shock_cex_intervention,indonesia,USDC
19,1881.2367045534775,2989463794376.786,365,S4_twin_shock_cex_intervention,indonesia,USDC
20,1411.427528415108,2989463864848.163,365,S4_twin_shock_cex_intervention,indonesia,USDC
21,1059.070646311331,2989463917701.6953,365,S4_twin_shock_cex_intervention,indonesia,USDC
22,794.8029847334983,2989463957341.8447,365,S4_twin_shock_cex_intervention,indonesia,USDC
23,596.6022385501237,2989463987071.9565,365,S4_twin_shock_cex_intervention,indonesia,USDC
24,447.9516789125928,2989464009369.5405,365,S4_twin_shock_cex_intervention,indonesia,USDC
25,336.4637591844446,2989464026092.7285,365,S4_twin_shock_cex_intervention,indonesia,USDC
26,252.84781938833345,2989464038635.119,365,S4_twin_shock_cex_intervention,indonesia,USDC
27,190.1358645412501,2989464048041.9126,365,S4_twin_shock_cex_intervention,indonesia,USDC
28,143.1018984059376,2989464055097.008,365,S4_twin_shock_cex_intervention,indonesia,USDC
29,107.82642380445319,2989464060388.329,365,S4_twin_shock_cex_intervention,indonesia,USDC
30,81.3698178533399,2989464064356.82,365,S4_twin_shock_cex_intervention,indonesia,USDC
31,61.52736339000492,2989464067333.188,365,S4_twin_shock_cex_intervention,indonesia,USDC
32,46.6455225425037,2989464069565.464,365,S4_twin_shock_cex_intervention,indonesia,USDC
33,35.484141906877774,2989464071239.6714,365,S4_twin_shock_cex_intervention,indonesia,USDC
34,27.11310643015833,2989464072495.3267,365,S4_twin_shock_cex_intervention,indonesia,USDC
35,20.834829822618744,2989464073437.068,365,S4_twin_shock_cex_intervention,indonesia,USDC
36,16.12612236696406,2989464074143.374,365,S4_twin_shock_cex_intervention,indonesia,USDC
37,12.594591775223044,2989464074673.104,365,S4_twin_shock_cex_intervention,indonesia,USDC
38,9.945943831417281,2989464075070.401,365,S4_twin_shock_cex_intervention,indonesia,USDC
39,7.959457873562963,2989464075368.374,365,S4_twin_shock_cex_intervention,indonesia,USDC
40,6.469593405172222,2989464075591.8535,365,S4_twin_shock_cex_intervention,indonesia,USDC
41,5.352195053879166,2989464075759.463,365,S4_twin_shock_cex_intervention,indonesia,USDC
42,4.514146290409375,2989464075885.1704,365,S4_twin_shock_cex_intervention,indonesia,USDC
43,3.8856097178070312,2989464075979.451,365,S4_twin_shock_cex_intervention,indonesia,USDC
44,3.414207288355273,2989464076050.161,365,S4_twin_shock_cex_intervention,indonesia,USDC
45,3.060655466266455,2989464076103.1943,365,S4_twin_shock_cex_intervention,indonesia,USDC
46,2.795491599699841,2989464076142.9688,365,S4_twin_shock_cex_intervention,indonesia,USDC
47,2.596618699774881,2989464076172.8,365,S4_twin_shock_cex_intervention,indonesia,USDC
48,2.4474640248311608,2989464076195.173,365,S4_twin_shock_cex_intervention,indonesia,USDC
49,2.3355980186233705,2989464076211.9526,365,S4_twin_shock_cex_intervention,indonesia,USDC
50,2.251698513967528,2989464076224.5376,365,S4_twin_shock_cex_intervention,indonesia,USDC
51,2.188773885475646,2989464076233.976,365,S4_twin_shock_cex_intervention,indonesia,USDC
52,2.1415804141067345,2989464076241.055,365,S4_twin_shock_cex_intervention,indonesia,USDC
53,2.106185310580051,2989464076246.3643,365,S4_twin_shock_cex_intervention,indonesia,USDC
54,2.0551573380870187,2989464076250.346,365,S4_twin_shock_cex_intervention,indonesia,USDC
55,1.9815673782060448,2989464076253.3325,365,S4_twin_shock_cex_intervention,indonesia,USDC
56,1.9087362449099436,2989464076255.5723,365,S4_twin_shock_cex_intervention,indonesia,USDC
57,1.860692293459764,2989464076257.252,365,S4_twin_shock_cex_intervention,indonesia,USDC
58,1.814358490893383,2989464076258.5117,365,S4_twin_shock_cex_intervention,indonesia,USDC
59,1.823508344098259,2989464076259.457,365,S4_twin_shock_cex_intervention,indonesia,USDC
60,1.8223382642498411,2989464076260.1655,365,S4_twin_shock_cex_intervention,indonesia,USDC
61,1.7374228866965826,2989464076260.697,365,S4_twin_shock_cex_intervention,indonesia,USDC
62,1.6621135321867588,2989464076261.0957,365,S4_twin_shock_cex_intervention,indonesia,USDC
63,1.5819120706425756,2989464076261.3945,365,S4_twin_shock_cex_intervention,indonesia,USDC
64,1.5307890697764013,2989464076261.6187,365,S4_twin_shock_cex_intervention,indonesia,USDC
65,1.4385459908380487,2989464076261.7866,365,S4_twin_shock_cex_intervention,indonesia,USDC
66,1.3955948152533875,2989464076261.9126,365,S4_twin_shock_cex_intervention,indonesia,USDC
67,1.3495153389521422,2989464076262.007,365,S4_twin_shock_cex_intervention,indonesia,USDC
68,1.284587798172116,2989464076262.078,365,S4_twin_shock_cex_intervention,indonesia,USDC
69,1.2548345163651735,2989464076262.1313,365,S4_twin_shock_cex_intervention,indonesia,USDC
70,1.2224195534898616,2989464076262.171,365,S4_twin_shock_cex_intervention,indonesia,USDC
71,1.211411375676498,2989464076262.201,365,S4_twin_shock_cex_intervention,indonesia,USDC
72,1.216596007223827,2989464076262.2236,365,S4_twin_shock_cex_intervention,indonesia,USDC
73,1.2111022154860427,2989464076262.24,365,S4_twin_shock_cex_intervention,indonesia,USDC
74,1.200627921175408,2989464076262.253,365,S4_twin_shock_cex_intervention,indonesia,USDC
75,1.1950589462840506,2989464076262.262,365,S4_twin_shock_cex_intervention,indonesia,USDC
76,1.1662725894083046,2989464076262.2695,365,S4_twin_shock_cex_intervention,indonesia,USDC
77,1.128413357169319,2989464076262.275,365,S4_twin_shock_cex_intervention,indonesia,USDC
78,1.0796823601040766,2989464076262.279,365,S4_twin_shock_cex_intervention,indonesia,USDC
79,1.0710556447723267,2989464076262.2817,365,S4_twin_shock_cex_intervention,indonesia,USDC
80,1.0487425848516891,2989464076262.284,365,S4_twin_shock_cex_intervention,indonesia,USDC
81,1.0518161267382116,2989464076262.2856,365,S4_twin_shock_cex_intervention,indonesia,USDC
82,1.044930676040279,2989464076262.287,365,S4_twin_shock_cex_intervention,indonesia,USDC
83,1.0583330870949683,2989464076262.288,365,S4_twin_shock_cex_intervention,indonesia,USDC
84,1.0664558102903205,2989464076262.2886,365,S4_twin_shock_cex_intervention,indonesia,USDC
85,1.0834054614459285,2989464076262.289,365,S4_twin_shock_cex_intervention,indonesia,USDC
86,1.0711005552290014,2989464076262.2896,365,S4_twin_shock_cex_intervention,indonesia,USDC
87,1.0162537053618121,2989464076262.2896,365,S4_twin_shock_cex_intervention,indonesia,USDC
88,1.0342031748442484,2989464076262.29,365,S4_twin_shock_cex_intervention,indonesia,USDC
89,1.0756560909020496,2989464076262.29,365,S4_twin_shock_cex_intervention,indonesia,USDC
90,1.0787000521323835,2989464076262.29,365,S4_twin_shock_cex_intervention,indonesia,USDC
91,1.0531755168846872,2989464076262.29,365,S4_twin_shock_cex_intervention,indonesia,USDC
92,1.0618595421344952,2989464076262.29,365,S4_twin_shock_cex_intervention,indonesia,USDC
93,1.0586098626515483,2989464076262.29,365,S4_twin_shock_cex_intervention,indonesia,USDC
94,1.0173584826255369,2989464076262.29,365,S4_twin_shock_cex_intervention,indonesia,USDC
95,1.0209095399270924,2989464076262.29,365,S4_twin_shock_cex_intervention,indonesia,USDC
96,1.058135267103095,2989464076262.29,365,S4_twin_shock_cex_intervention,indonesia,USDC
97,1.0550983580745992,2989464076262.29,365,S4_twin_shock_cex_intervention,indonesia,USDC
98,1.074835170555759,2989464076262.29,365,S4_twin_shock_cex_intervention,indonesia,USDC
99,1.0864724472717107,2989464076262.29,365,S4_twin_shock_cex_intervention,indonesia,USDC
100,1.03595369497277,2989464076262.29,365,S4_twin_shock_cex_intervention,indonesia,USDC
101,0.877445014064494,2989464076262.29,365,S4_twin_shock_cex_intervention,indonesia,USDC
102,0.9038049221324633,2984118061624.8433,365,S4_twin_shock_cex_intervention,indonesia,USDC
103,0.9323803379206838,2980388345318.8164,365,S4_twin_shock_cex_intervention,indonesia,USDC
104,0.9218564260193199,2978531674118.0938,365,S4_twin_shock_cex_intervention,indonesia,USDC
105,0.9157753079282628,2976096324089.8203,365,S4_twin_shock_cex_intervention,indonesia,USDC
106,0.8914019808501731,2973691953014.1846,365,S4_twin_shock_cex_intervention,indonesia,USDC
107,0.9145168997909198,2970190843755.8525,365,S4_twin_shock_cex_intervention,indonesia,USDC
108,0.9368302516338274,2967921443872.5728,365,S4_twin_shock_cex_intervention,indonesia,USDC
109,0.9378415748751547,2966731594290.387,365,S4_twin_shock_cex_intervention,indonesia,USDC
110,0.9113597695084924,2965535770882.818,365,S4_twin_shock_cex_intervention,indonesia,USDC
111,0.9487771173052244,2963519912820.4487,365,S4_twin_shock_cex_intervention,indonesia,USDC
112,0.9531431034663183,2962774796300.504,365,S4_twin_shock_cex_intervention,indonesia,USDC
113,0.9690866476044155,2962222542942.1396,365,S4_twin_shock_cex_intervention,indonesia,USDC
114,1.0004057810736344,2962191697556.554,365,S4_twin_shock_cex_intervention,indonesia,USDC
115,0.8712942468383228,2962191697556.554,365,S4_twin_shock_cex_intervention,indonesia,USDC
116,0.8834064212391747,2958861383629.708,365,S4_twin_shock_cex_intervention,indonesia,USDC
117,0.8644712894987299,2956354878584.209,365,S4_twin_shock_cex_intervention,indonesia,USDC
118,0.8800765706755931,2953492523095.6978,365,S4_twin_shock_cex_intervention,indonesia,USDC
119,0.8870961727899737,2951363311903.2764,365,S4_twin_shock_cex_intervention,indonesia,USDC
120,0.8917227920579563,2949619079870.524,365,S4_twin_shock_cex_intervention,indonesia,USDC
121,0.871406312264457,2874365571045.0723,365,S4_twin_shock_cex_intervention,indonesia,USDC
122,0.8642362731381621,2800702834146.0923,365,S4_twin_shock_cex_intervention,indonesia,USDC
123,0.8388390090486461,2729018545896.3486,365,S4_twin_shock_cex_intervention,indonesia,USDC
124,0.8222367219174594,2658931590426.7812,365,S4_twin_shock_cex_intervention,indonesia,USDC
125,0.8363475876572212,2590507476575.338,365,S4_twin_shock_cex_intervention,indonesia,USDC
126,0.8538330171415893,2524249058541.7896,365,S4_twin_shock_cex_intervention,indonesia,USDC
127,0.8565212842894878,2460092432155.9106,365,S4_twin_shock_cex_intervention,indonesia,USDC
128,0.8639761026884789,2397658927560.338,365,S4_twin_shock_cex_intervention,indonesia,USDC
129,0.8398075718778553,2336962733668.716,365,S4_twin_shock_cex_intervention,indonesia,USDC
130,0.8027824676212763,2277686178787.071,365,S4_twin_shock_cex_intervention,indonesia,USDC
131,0.7891154586962111,2219807844085.671,365,S4_twin_shock_cex_intervention,indonesia,USDC
132,0.7645285993732659,2163428740815.1125,365,S4_twin_shock_cex_intervention,indonesia,USDC
133,0.762230243789997,2108506129594.5874,365,S4_twin_shock_cex_intervention,indonesia,USDC
134,0.6560623577581727,2055152089911.3672,365,S4_twin_shock_cex_intervention,indonesia,USDC
135,0.6705389258443935,2002973048593.87,365,S4_twin_shock_cex_intervention,indonesia,USDC
136,0.6801326517549031,1952382436647.3726,365,S4_twin_shock_cex_intervention,indonesia,USDC
137,0.7055959900195997,1903246473755.1313,365,S4_twin_shock_cex_intervention,indonesia,USDC
138,0.7012545206180266,1855443460001.409,365,S4_twin_shock_cex_intervention,indonesia,USDC
139,0.7208807098326553,1808898340825.107,365,S4_twin_shock_cex_intervention,indonesia,USDC
140,0.7020745568267854,1763560631046.726,365,S4_twin_shock_cex_intervention,indonesia,USDC
141,0.7056338550737566,1719379497388.6306,365,S4_twin_shock_cex_intervention,indonesia,USDC
142,0.6891696368749659,1676332884540.0527,365,S4_twin_shock_cex_intervention,indonesia,USDC
143,0.7023669347864288,1634372663463.8745,365,S4_twin_shock_cex_intervention,indonesia,USDC
144,0.7108945795698772,1593478838018.037,365,S4_twin_shock_cex_intervention,indonesia,USDC
145,0.7129538361359682,1553617517883.9453,365,S4_twin_shock_cex_intervention,indonesia,USDC
146,0.7181168943579723,1514759940192.3281,365,S4_twin_shock_cex_intervention,indonesia,USDC
147,0.7165789826983002,1476878350034.2888,365,S4_twin_shock_cex_intervention,indonesia,USDC
148,0.7519733169999051,1439946446583.5205,365,S4_twin_shock_cex_intervention,indonesia,USDC
149,0.7592289014338156,1403941305729.3408,365,S4_twin_shock_cex_intervention,indonesia,USDC
150,0.7640043288264425,1368838194364.4717,365,S4_twin_shock_cex_intervention,indonesia,USDC
151,0.7533551809953563,1334613681975.522,365,S4_twin_shock_cex_intervention,indonesia,USDC
152,0.7445162856241168,1301245226921.4143,365,S4_twin_shock_cex_intervention,indonesia,USDC
153,0.7541197370153422,1268711516163.291,365,S4_twin_shock_cex_intervention,indonesia,USDC
154,0.7655198971537261,1236991940249.9695,365,S4_twin_shock_cex_intervention,indonesia,USDC
155,0.7503458629583059,1206065804159.9358,365,S4_twin_shock_cex_intervention,indonesia,USDC
156,0.7588655140034988,1175913007120.0115,365,S4_twin_shock_cex_intervention,indonesia,USDC
157,0.7502259392677503,1146514258705.7576,365,S4_twin_shock_cex_intervention,indonesia,USDC
158,0.7589100511248084,1117850679062.272,365,S4_twin_shock_cex_intervention,indonesia,USDC
159,0.7594103656275832,1089903847333.9478,365,S4_twin_shock_cex_intervention,indonesia,USDC
160,0.7649921422807829,1062655835526.5085,365,S4_twin_shock_cex_intervention,indonesia,USDC
161,0.7680537558984473,1036089111461.9067,365,S4_twin_shock_cex_intervention,indonesia,USDC
162,0.7833234765301577,1010186631199.362,365,S4_twin_shock_cex_intervention,indonesia,USDC
163,0.8169083222111302,984931777953.3694,365,S4_twin_shock_cex_intervention,indonesia,USDC
164,0.8207849672405563,960308357870.9583,365,S4_twin_shock_cex_intervention,indonesia,USDC
165,0.8163480824623767,936300540314.8002,365,S4_twin_shock_cex_intervention,indonesia,USDC
166,0.7894311661390669,912892933706.79,365,S4_twin_shock_cex_intervention,indonesia,USDC
167,0.7906734266389149,890070513693.0598,365,S4_twin_shock_cex_intervention,indonesia,USDC
168,0.7775715275026169,867818672716.5867,365,S4_twin_shock_cex_intervention,indonesia,USDC
169,0.7693079408870597,846123137556.1559,365,S4_twin_shock_cex_intervention,indonesia,USDC
170,0.7503193638484046,824970001979.8569,365,S4_twin_shock_cex_intervention,indonesia,USDC
171,0.7693431160290695,804345704160.0184,365,S4_twin_shock_cex_intervention,indonesia,USDC
172,0.7729469026855418,784237026130.1422,365,S4_twin_shock_cex_intervention,indonesia,USDC
173,0.7594038737030824,764631072883.9386,365,S4_twin_shock_cex_intervention,indonesia,USDC
174,0.753609860854313,745515272563.1759,365,S4_twin_shock_cex_intervention,indonesia,USDC
175,0.7507644686286503,726877372568.5702,365,S4_twin_shock_cex_intervention,indonesia,USDC
176,0.7444712785226344,708705423489.8151,365,S4_twin_shock_cex_intervention,indonesia,USDC
177,0.764437820877102,690987776097.1027,365,S4_twin_shock_cex_intervention,indonesia,USDC
178,0.7832614392016342,673713073221.0616,365,S4_twin_shock_cex_intervention,indonesia,USDC
179,0.7926389022517129,656870240324.1514,365,S4_twin_shock_cex_intervention,indonesia,USDC
180,0.7796611012377246,640448479935.4915,365,S4_twin_shock_cex_intervention,indonesia,USDC
181,0.7888082871685812,624437263803.7178,365,S4_twin_shock_cex_intervention,indonesia,USDC
182,0.7678867705181084,608826329165.8096,365,S4_twin_shock_cex_intervention,indonesia,USDC
183,0.7824024969078152,593605668209.0178,365,S4_twin_shock_cex_intervention,indonesia,USDC
184,0.7915038019241083,578765524388.7532,365,S4_twin_shock_cex_intervention,indonesia,USDC
185,0.7927183622654149,564296384614.4993,365,S4_twin_shock_cex_intervention,indonesia,USDC
186,0.77841324363472,550188973729.0093,365,S4_twin_shock_cex_intervention,indonesia,USDC
187,0.7815497255000127,536434248178.80664,365,S4_twin_shock_cex_intervention,indonesia,USDC
188,0.7898412703765373,523023391021.60846,365,S4_twin_shock_cex_intervention,indonesia,USDC
189,0.7732389502312532,509947805527.189,365,S4_twin_shock_cex_intervention,indonesia,USDC
190,0.7835205429109985,497199109757.7908,365,S4_twin_shock_cex_intervention,indonesia,USDC
191,0.7777917462616064,484769131542.8176,365,S4_twin_shock_cex_intervention,indonesia,USDC
192,0.7821677053760495,472649902848.67303,365,S4_twin_shock_cex_intervention,indonesia,USDC
193,0.794897555639336,460833654956.68134,365,S4_twin_shock_cex_intervention,indonesia,USDC
194,0.8028056060685427,449312813339.31323,365,S4_twin_shock_cex_intervention,indonesia,USDC
195,0.7778048693752895,438079992810.0183,365,S4_twin_shock_cex_intervention,indonesia,USDC
196,0.7949412140168478,427127992798.6705,365,S4_twin_shock_cex_intervention,indonesia,USDC
197,0.802843945492859,416449792839.1328,365,S4_twin_shock_cex_intervention,indonesia,USDC
198,0.7835914012442973,406038547908.93585,365,S4_twin_shock_cex_intervention,indonesia,USDC
199,0.8126513108650731,395887584110.4033,365,S4_twin_shock_cex_intervention,indonesia,USDC
200,0.7959378881160365,385990394442.99475,365,S4_twin_shock_cex_intervention,indonesia,USDC
201,0.7581249367151239,376340634521.25574,365,S4_twin_shock_cex_intervention,indonesia,USDC
202,0.6521904016619516,366932118595.42664,365,S4_twin_shock_cex_intervention,indonesia,USDC
203,0.6657712789262767,357758815557.55676,365,S4_twin_shock_cex_intervention,indonesia,USDC
204,0.7007645518813973,348814845120.40125,365,S4_twin_shock_cex_intervention,indonesia,USDC
205,0.7022219955840852,340094473960.62354,365,S4_twin_shock_cex_intervention,indonesia,USDC
206,0.6962835143462797,331592112089.64624,365,S4_twin_shock_cex_intervention,indonesia,USDC
207,0.7102705285905357,323302309270.27014,365,S4_twin_shock_cex_intervention,indonesia,USDC
208,0.6218083153018108,315219751526.84216,365,S4_twin_shock_cex_intervention,indonesia,USDC
209,0.6548858303866354,307339257727.6151,365,S4_twin_shock_cex_intervention,indonesia,USDC
210,0.6578647465260072,299655776277.8954,365,S4_twin_shock_cex_intervention,indonesia,USDC
211,0.6643336027225353,292164381866.5001,365,S4_twin_shock_cex_intervention,indonesia,USDC
212,0.671141063936726,284860272316.8388,365,S4_twin_shock_cex_intervention,indonesia,USDC
213,0.6636825735708008,277738765506.8762,365,S4_twin_shock_cex_intervention,indonesia,USDC
214,0.6926338437635382,270795296367.70444,365,S4_twin_shock_cex_intervention,indonesia,USDC
215,0.7094814219926877,264025413957.55585,365,S4_twin_shock_cex_intervention,indonesia,USDC
216,0.724174690295979,257424778608.0116,365,S4_twin_shock_cex_intervention,indonesia,USDC
217,0.7211284988729358,250989159142.35974,365,S4_twin_shock_cex_intervention,indonesia,USDC
218,0.7360651701955158,244714430163.46536,365,S4_twin_shock_cex_intervention,indonesia,USDC
219,0.7416510052071422,238596569409.14362,365,S4_twin_shock_cex_intervention,indonesia,USDC
220,0.7498086871842177,232631655173.7426,365,S4_twin_shock_cex_intervention,indonesia,USDC
221,0.7548312758370579,226815863794.27078,365,S4_twin_shock_cex_intervention,indonesia,USDC
222,0.74568315469907,221145467199.31796,365,S4_twin_shock_cex_intervention,indonesia,USDC
223,0.7599992580096729,215616830519.25583,365,S4_twin_shock_cex_intervention,indonesia,USDC
224,0.7539799358544309,210226409756.21524,365,S4_twin_shock_cex_intervention,indonesia,USDC
225,0.7667129423356447,204970749512.26266,365,S4_twin_shock_cex_intervention,indonesia,USDC
226,0.7549507546946924,199846480774.4189,365,S4_twin_shock_cex_intervention,indonesia,USDC
227,0.7394199824910777,194850318755.02853,365,S4_twin_shock_cex_intervention,indonesia,USDC
228,0.715960677599854,189979060786.12805,365,S4_twin_shock_cex_intervention,indonesia,USDC
229,0.7180749864135403,185229584266.45242,365,S4_twin_shock_cex_intervention,indonesia,USDC
230,0.7523097677725903,180598844659.7756,365,S4_twin_shock_cex_intervention,indonesia,USDC
231,0.743806448124741,176083873543.27112,365,S4_twin_shock_cex_intervention,indonesia,USDC
232,0.752523959132624,171681776704.68057,365,S4_twin_shock_cex_intervention,indonesia,USDC
233,0.7676979588328573,167389732287.05722,365,S4_twin_shock_cex_intervention,indonesia,USDC
234,0.7882419054281565,163204988979.87628,365,S4_twin_shock_cex_intervention,indonesia,USDC
235,0.7809804651444197,159124864255.37622,365,S4_twin_shock_cex_intervention,indonesia,USDC
236,0.7967957714771917,155146742648.9889,365,S4_twin_shock_cex_intervention,indonesia,USDC
237,0.7979394600321668,151268074082.76205,365,S4_twin_shock_cex_intervention,indonesia,USDC
238,0.7863771553688196,147486372230.69128,365,S4_twin_shock_cex_intervention,indonesia,USDC
239,0.7987156960238749,143799212924.92245,365,S4_twin_shock_cex_intervention,indonesia,USDC
240,0.7890574947834817,140204232601.79828,365,S4_twin_shock_cex_intervention,indonesia,USDC
241,0.8138941183508993,136699126786.7523,365,S4_twin_shock_cex_intervention,indonesia,USDC
242,0.8149473608273741,133281648617.0828,365,S4_twin_shock_cex_intervention,indonesia,USDC
243,0.8257300421332566,129949607401.65515,365,S4_twin_shock_cex_intervention,indonesia,USDC
244,0.8665185050102585,126700867216.61333,365,S4_twin_shock_cex_intervention,indonesia,USDC
245,0.8340935966033325,123533345536.19772,365,S4_twin_shock_cex_intervention,indonesia,USDC
246,0.8411393109674835,120445011897.79245,365,S4_twin_shock_cex_intervention,indonesia,USDC
247,0.820463994033317,117433886600.34735,365,S4_twin_shock_cex_intervention,indonesia,USDC
248,0.8380005636907096,114498039435.3384,365,S4_twin_shock_cex_intervention,indonesia,USDC
249,0.7976829744007619,111635588449.45474,365,S4_twin_shock_cex_intervention,indonesia,USDC
250,0.7940067435135034,108844698738.21814,365,S4_twin_shock_cex_intervention,indonesia,USDC
251,0.7919551454659942,106123581269.76248,365,S4_twin_shock_cex_intervention,indonesia,USDC
252,0.8040845288523037,103470491738.01826,365,S4_twin_shock_cex_intervention,indonesia,USDC
253,0.8132705479021618,100883729444.56769,365,S4_twin_shock_cex_intervention,indonesia,USDC
254,0.8329214279561933,98361636208.4534,365,S4_twin_shock_cex_intervention,indonesia,USDC
255,0.8083228363790854,95902595303.242,365,S4_twin_shock_cex_intervention,indonesia,USDC
256,0.7917611887958877,93505030420.66087,365,S4_twin_shock_cex_intervention,indonesia,USDC
257,0.815703480424246,91167404660.14429,365,S4_twin_shock_cex_intervention,indonesia,USDC
258,0.7886893384109479,88888219543.64062,365,S4_twin_shock_cex_intervention,indonesia,USDC
259,0.7835451533390406,86666014055.04956,365,S4_twin_shock_cex_intervention,indonesia,USDC
260,0.7842360892664185,84499363703.67328,365,S4_twin_shock_cex_intervention,indonesia,USDC
261,0.802843958152753,82386879611.0814,365,S4_twin_shock_cex_intervention,indonesia,USDC
262,0.7956275889873218,80327207620.80435,365,S4_twin_shock_cex_intervention,indonesia,USDC
263,0.7767636952905679,78319027430.28421,365,S4_twin_shock_cex_intervention,indonesia,USDC
264,0.7774734462850506,76361051744.5271,365,S4_twin_shock_cex_intervention,indonesia,USDC
265,0.7759036860608887,74452025450.91391,365,S4_twin_shock_cex_intervention,indonesia,USDC
266,0.7685488717856306,72590724814.64105,365,S4_twin_shock_cex_intervention,indonesia,USDC
267,0.776445531524328,70775956694.27501,365,S4_twin_shock_cex_intervention,indonesia,USDC
268,0.7703708854264826,69006557776.91812,365,S4_twin_shock_cex_intervention,indonesia,USDC
269,0.7893273523534314,67281393832.49516,365,S4_twin_shock_cex_intervention,indonesia,USDC
270,0.7953386976730231,65599358986.682785,365,S4_twin_shock_cex_intervention,indonesia,USDC
271,0.8295893497679283,63959375012.01572,365,S4_twin_shock_cex_intervention,indonesia,USDC
272,0.8397170922100472,62360390636.71532,365,S4_twin_shock_cex_intervention,indonesia,USDC
273,0.8415344122151174,60801380870.79744,365,S4_twin_shock_cex_intervention,indonesia,USDC
274,0.8397020392952211,59281346349.02751,365,S4_twin_shock_cex_intervention,indonesia,USDC
275,0.8617469555205455,57799312690.30182,365,S4_twin_shock_cex_intervention,indonesia,USDC
276,0.8522291301420769,56354329873.04428,365,S4_twin_shock_cex_intervention,indonesia,USDC
277,0.8438968101381942,54945471626.21816,365,S4_twin_shock_cex_intervention,indonesia,USDC
278,0.8237228642227419,53571834835.56271,365,S4_twin_shock_cex_intervention,indonesia,USDC
279,0.8047256953724563,52232538964.67364,365,S4_twin_shock_cex_intervention,indonesia,USDC
280,0.8066708645891716,50926725490.5568,365,S4_twin_shock_cex_intervention,indonesia,USDC
281,0.8052019959347715,49653557353.292885,365,S4_twin_shock_cex_intervention,indonesia,USDC
282,0.8185659738729765,48412218419.460556,365,S4_twin_shock_cex_intervention,indonesia,USDC
283,0.808681312395562,47201912958.974045,365,S4_twin_shock_cex_intervention,indonesia,USDC
284,0.8173572455601613,46021865134.999695,365,S4_twin_shock_cex_intervention,indonesia,USDC
285,0.7860746668708904,44871318506.624695,365,S4_twin_shock_cex_intervention,indonesia,USDC
286,0.7974930848461611,43749535543.95908,365,S4_twin_shock_cex_intervention,indonesia,USDC
287,0.7998883070273936,42655797155.36011,365,S4_twin_shock_cex_intervention,indonesia,USDC
288,0.8067302300178032,41589402226.476105,365,S4_twin_shock_cex_intervention,indonesia,USDC
289,0.7746524134187897,40549667170.8142,365,S4_twin_shock_cex_intervention,indonesia,USDC
290,0.7686357176530663,39535925491.543846,365,S4_twin_shock_cex_intervention,indonesia,USDC
291,0.7684219657845206,38547527354.25525,365,S4_twin_shock_cex_intervention,indonesia,USDC
292,0.785540931258582,37583839170.398865,365,S4_twin_shock_cex_intervention,indonesia,USDC
293,0.7899566102756629,36644243191.1389,365,S4_twin_shock_cex_intervention,indonesia,USDC
294,0.7943923418501356,35728137111.36043,365,S4_twin_shock_cex_intervention,indonesia,USDC
295,0.785820597148314,34834933683.576416,365,S4_twin_shock_cex_intervention,indonesia,USDC
296,0.8058428697485983,33964060341.487007,365,S4_twin_shock_cex_intervention,indonesia,USDC
297,0.7944593722629769,33114958832.949833,365,S4_twin_shock_cex_intervention,indonesia,USDC
298,0.7833250489238606,32287084862.126087,365,S4_twin_shock_cex_intervention,indonesia,USDC
299,0.7833174901132741,31479907740.572933,365,S4_twin_shock_cex_intervention,indonesia,USDC
300,0.7597405480882562,30692910047.05861,365,S4_twin_shock_cex_intervention,indonesia,USDC
301,0.7145706201002746,29925587295.882145,365,S4_twin_shock_cex_intervention,indonesia,USDC
302,0.7411756124904175,29177447613.485092,365,S4_twin_shock_cex_intervention,indonesia,USDC
303,0.7618154502793377,28448011423.147964,365,S4_twin_shock_cex_intervention,indonesia,USDC
304,0.7538613906814216,27736811137.569267,365,S4_twin_shock_cex_intervention,indonesia,USDC
305,0.775099524826583,27043390859.13003,365,S4_twin_shock_cex_intervention,indonesia,USDC
306,0.7729172106649637,26367306087.651787,365,S4_twin_shock_cex_intervention,indonesia,USDC
307,0.7781699766595155,25708123435.460487,365,S4_twin_shock_cex_intervention,indonesia,USDC
308,0.764928783312514,25065420349.573975,365,S4_twin_shock_cex_intervention,indonesia,USDC
309,0.7805915826584843,24438784840.834625,365,S4_twin_shock_cex_intervention,indonesia,USDC
310,0.7614807050657089,23827815219.81376,365,S4_twin_shock_cex_intervention,indonesia,USDC
311,0.7572731527825213,23232119839.318417,365,S4_twin_shock_cex_intervention,indonesia,USDC
312,0.7403699004661792,22651316843.335457,365,S4_twin_shock_cex_intervention,indonesia,USDC
313,0.7469431097430992,22085033922.252068,365,S4_twin_shock_cex_intervention,indonesia,USDC
314,0.737992239979352,21532908074.195766,365,S4_twin_shock_cex_intervention,indonesia,USDC
315,0.738957836924471,20994585372.340874,365,S4_twin_shock_cex_intervention,indonesia,USDC
316,0.7314431892054397,20469720738.032352,365,S4_twin_shock_cex_intervention,indonesia,USDC
317,0.7477923559186259,19957977719.581543,365,S4_twin_shock_cex_intervention,indonesia,USDC
318,0.7266743624237988,19459028276.592007,365,S4_twin_shock_cex_intervention,indonesia,USDC
319,0.7441033445899299,18972552569.677204,365,S4_twin_shock_cex_intervention,indonesia,USDC
320,0.7499826132746428,18498238755.435276,365,S4_twin_shock_cex_intervention,indonesia,USDC
321,0.7573470717580421,18035782786.549393,365,S4_twin_shock_cex_intervention,indonesia,USDC
322,0.7567181426952664,17584888216.88566,365,S4_twin_shock_cex_intervention,indonesia,USDC
323,0.6747301097791929,17145266011.463518,365,S4_twin_shock_cex_intervention,indonesia,USDC
324,0.6777535129981234,16716634361.176931,365,S4_twin_shock_cex_intervention,indonesia,USDC
325,0.6956211566215825,16298718502.147509,365,S4_twin_shock_cex_intervention,indonesia,USDC
326,0.7056151318063754,15891250539.59382,365,S4_twin_shock_cex_intervention,indonesia,USDC
327,0.7125153222560419,15493969276.103973,365,S4_twin_shock_cex_intervention,indonesia,USDC
328,0.7127334581740917,15106620044.201378,365,S4_twin_shock_cex_intervention,indonesia,USDC
329,0.7258672295061915,14728954543.096344,365,S4_twin_shock_cex_intervention,indonesia,USDC
330,0.7493454942840067,14360730679.518936,365,S4_twin_shock_cex_intervention,indonesia,USDC
331,0.721461192461067,14001712412.530962,365,S4_twin_shock_cex_intervention,indonesia,USDC
332,0.7267408565172103,13651669602.217688,365,S4_twin_shock_cex_intervention,indonesia,USDC
333,0.7208578389064548,13310377862.162247,365,S4_twin_shock_cex_intervention,indonesia,USDC
334,0.7413225079022054,12977618415.60819,365,S4_twin_shock_cex_intervention,indonesia,USDC
335,0.7565294018762607,12653177955.217985,365,S4_twin_shock_cex_intervention,indonesia,USDC
336,0.7612977685108215,12336848506.337536,365,S4_twin_shock_cex_intervention,indonesia,USDC
337,0.7597946885000697,12028427293.679096,365,S4_twin_shock_cex_intervention,indonesia,USDC
338,0.7819558560195371,11727716611.33712,365,S4_twin_shock_cex_intervention,indonesia,USDC
339,0.7822427953730275,11434523696.053692,365,S4_twin_shock_cex_intervention,indonesia,USDC
340,0.7981043581417777,11148660603.65235,365,S4_twin_shock_cex_intervention,indonesia,USDC
341,0.8035737533486086,10869944088.56104,365,S4_twin_shock_cex_intervention,indonesia,USDC
342,0.8079130794715946,10598195486.347015,365,S4_twin_shock_cex_intervention,indonesia,USDC
343,0.8156718137779926,10333240599.18834,365,S4_twin_shock_cex_intervention,indonesia,USDC
344,0.786497857493404,10074909584.20863,365,S4_twin_shock_cex_intervention,indonesia,USDC
345,0.7833883061543925,9823036844.603415,365,S4_twin_shock_cex_intervention,indonesia,USDC
346,0.741080806197527,9577460923.48833,365,S4_twin_shock_cex_intervention,indonesia,USDC
347,0.7399512945923559,9338024400.401121,365,S4_twin_shock_cex_intervention,indonesia,USDC
348,0.7689504417972165,9104573790.391092,365,S4_twin_shock_cex_intervention,indonesia,USDC
349,0.7861523687232036,8876959445.631315,365,S4_twin_shock_cex_intervention,indonesia,USDC
350,0.7652634052534913,8655035459.490534,365,S4_twin_shock_cex_intervention,indonesia,USDC
351,0.7650300480570984,8438659573.003271,365,S4_twin_shock_cex_intervention,indonesia,USDC
352,0.7580994027497583,8227693083.678188,365,S4_twin_shock_cex_intervention,indonesia,USDC
353,0.7707185829152895,8022000756.586234,365,S4_twin_shock_cex_intervention,indonesia,USDC
354,0.792910969308353,7821450737.671577,365,S4_twin_shock_cex_intervention,indonesia,USDC
355,0.7879224843035675,7625914469.229788,365,S4_twin_shock_cex_intervention,indonesia,USDC
356,0.7677962030996404,7435266607.499044,365,S4_twin_shock_cex_intervention,indonesia,USDC
357,0.785590417132978,7249384942.311567,365,S4_twin_shock_cex_intervention,indonesia,USDC
358,0.7782246482539431,7068150318.753778,365,S4_twin_shock_cex_intervention,indonesia,USDC
359,0.792586872202103,6891446560.784935,365,S4_twin_shock_cex_intervention,indonesia,USDC
360,0.7920650385983591,6719160396.765311,365,S4_twin_shock_cex_intervention,indonesia,USDC
361,0.8001316838649085,6551181386.846178,365,S4_twin_shock_cex_intervention,indonesia,USDC
362,0.7963743257036076,6387401852.175023,365,S4_twin_shock_cex_intervention,indonesia,USDC
363,0.8049875719375816,6227716805.870647,365,S4_twin_shock_cex_intervention,indonesia,USDC
364,0.8270416486775598,6072023885.723882,365,S4_twin_shock_cex_intervention,indonesia,USDC
365,0.8128465430407465,5920223288.580784,365,S4_twin_shock_cex_intervention,indonesia,USDC
366,0.8238349203455383,5772217706.366264,365,S4_twin_shock_cex_intervention,indonesia,USDC
367,0.806427819769659,5627912263.7071085,365,S4_twin_shock_cex_intervention,indonesia,USDC
368,0.8101727219969147,5487214457.11443,365,S4_twin_shock_cex_intervention,indonesia,USDC
369,0.8092703719573723,5350034095.686569,365,S4_twin_shock_cex_intervention,indonesia,USDC
370,0.80481583806212,5216283243.294405,365,S4_twin_shock_cex_intervention,indonesia,USDC
371,0.8047953103057623,5085876162.212046,365,S4_twin_shock_cex_intervention,indonesia,USDC
372,0.7865132722168342,4958729258.156744,365,S4_twin_shock_cex_intervention,indonesia,USDC
373,0.7671026255857029,4834761026.702826,365,S4_twin_shock_cex_intervention,indonesia,USDC
374,0.7776515485857411,4713892001.035255,365,S4_twin_shock_cex_intervention,indonesia,USDC
375,0.7704152419137985,4596044701.009374,365,S4_twin_shock_cex_intervention,indonesia,USDC
376,0.7795305977834373,4481143583.484139,365,S4_twin_shock_cex_intervention,indonesia,USDC
377,0.7971610649028336,4369114993.897036,365,S4_twin_shock_cex_intervention,indonesia,USDC
378,0.79129721480242,4259887119.04961,365,S4_twin_shock_cex_intervention,indonesia,USDC
379,0.7742413748910758,4153389941.0733695,365,S4_twin_shock_cex_intervention,indonesia,USDC
380,0.7603733070269275,4049555192.5465355,365,S4_twin_shock_cex_intervention,indonesia,USDC
381,0.7675664934589393,3948316312.732872,365,S4_twin_shock_cex_intervention,indonesia,USDC
382,0.7727628951989453,3849608404.9145503,365,S4_twin_shock_cex_intervention,indonesia,USDC
383,0.6951086299799825,3753368194.7916865,365,S4_twin_shock_cex_intervention,indonesia,USDC
384,0.7269930575991768,3659533989.921894,365,S4_twin_shock_cex_intervention,indonesia,USDC
385,0.7213989182996463,3568045640.1738462,365,S4_twin_shock_cex_intervention,indonesia,USDC
386,0.7556500765257139,3478844499.1695004,365,S4_twin_shock_cex_intervention,indonesia,USDC
387,0.7421167126778871,3391873386.6902637,365,S4_twin_shock_cex_intervention,indonesia,USDC
388,0.7463820597027195,3307076552.0230064,365,S4_twin_shock_cex_intervention,indonesia,USDC
389,0.7634452623686474,3224399638.2224317,365,S4_twin_shock_cex_intervention,indonesia,USDC
390,0.7580158840537589,3143789647.266871,365,S4_twin_shock_cex_intervention,indonesia,USDC
391,0.7533844441133268,3065194906.0851994,365,S4_twin_shock_cex_intervention,indonesia,USDC
392,0.7609023276799483,2988565033.433069,365,S4_twin_shock_cex_intervention,indonesia,USDC
393,0.7651110076558227,2913850907.5972424,365,S4_twin_shock_cex_intervention,indonesia,USDC
394,0.7784415758169518,2841004634.9073114,365,S4_twin_shock_cex_intervention,indonesia,USDC
395,0.7792903000881717,2769979519.0346284,365,S4_twin_shock_cex_intervention,indonesia,USDC
396,0.8226850928718291,2700730031.0587626,365,S4_twin_shock_cex_intervention,indonesia,USDC
397,0.8316774480499578,2633211780.2822933,365,S4_twin_shock_cex_intervention,indonesia,USDC
398,0.8305168289888887,2567381485.775236,365,S4_twin_shock_cex_intervention,indonesia,USDC
399,0.8218763085703729,2503196948.630855,365,S4_twin_shock_cex_intervention,indonesia,USDC
400,0.8187970807211391,2440617024.915084,365,S4_twin_shock_cex_intervention,indonesia,USDC
401,0.8313260071565405,2379601599.292207,365,S4_twin_shock_cex_intervention,indonesia,USDC
402,0.8181073070748267,2320111559.3099017,365,S4_twin_shock_cex_intervention,indonesia,USDC
403,0.7973131095308368,2262108770.327154,365,S4_twin_shock_cex_intervention,indonesia,USDC
404,0.8191212656952324,2205556051.068975,365,S4_twin_shock_cex_intervention,indonesia,USDC
405,0.8140432251461784,2150417149.7922506,365,S4_twin_shock_cex_intervention,indonesia,USDC
406,0.8132052415851597,2096656721.0474443,365,S4_twin_shock_cex_intervention,indonesia,USDC
407,0.7900207527069776,2044240303.0212584,365,S4_twin_shock_cex_intervention,indonesia,USDC
408,0.7732321904140587,1993134295.4457269,365,S4_twin_shock_cex_intervention,indonesia,USDC
409,0.7684931644946764,1943305938.0595837,365,S4_twin_shock_cex_intervention,indonesia,USDC
410,0.7798663329748925,1894723289.6080937,365,S4_twin_shock_cex_intervention,indonesia,USDC
411,0.7608960228611334,1847355207.3678913,365,S4_twin_shock_cex_intervention,indonesia,USDC
412,0.7732135146376607,1801171327.1836944,365,S4_twin_shock_cex_intervention,indonesia,USDC
413,0.7840771964352066,1756142044.0041022,365,S4_twin_shock_cex_intervention,indonesia,USDC
414,0.7690288840575441,1712238492.9039993,365,S4_twin_shock_cex_intervention,indonesia,USDC
415,0.811959486507901,1669432530.5813994,365,S4_twin_shock_cex_intervention,indonesia,USDC
416,0.7975399243414486,1627696717.3168645,365,S4_twin_shock_cex_intervention,indonesia,USDC
417,0.7965722052481994,1587004299.3839428,365,S4_twin_shock_cex_intervention,indonesia,USDC
418,0.7989675572721199,1547329191.8993442,365,S4_twin_shock_cex_intervention,indonesia,USDC
419,0.7621972391818387,1508645962.1018605,365,S4_twin_shock_cex_intervention,indonesia,USDC
420,0.7869825936647736,1470929813.049314,365,S4_twin_shock_cex_intervention,indonesia,USDC
421,0.7742983412502012,1434156567.723081,365,S4_twin_shock_cex_intervention,indonesia,USDC
422,0.7690096511376804,1398302653.5300043,365,S4_twin_shock_cex_intervention,indonesia,USDC
423,0.7838757599802845,1363345087.191754,365,S4_twin_shock_cex_intervention,indonesia,USDC
424,0.7949582726636434,1329261460.0119603,365,S4_twin_shock_cex_intervention,indonesia,USDC
425,0.7893211575590477,1296029923.5116613,365,S4_twin_shock_cex_intervention,indonesia,USDC
426,0.7811010484596568,1263629175.4238698,365,S4_twin_shock_cex_intervention,indonesia,USDC
427,0.7746869120361036,1232038446.038273,365,S4_twin_shock_cex_intervention,indonesia,USDC
428,0.7602874312981031,1201237484.8873162,365,S4_twin_shock_cex_intervention,indonesia,USDC
429,0.7559361987819331,1171206547.7651334,365,S4_twin_shock_cex_intervention,indonesia,USDC
430,0.7429091167275396,1141926384.0710049,365,S4_twin_shock_cex_intervention,indonesia,USDC
431,0.753973198170898,1113378224.46923,365,S4_twin_shock_cex_intervention,indonesia,USDC
432,0.7781437893445586,1085543768.8574991,365,S4_twin_shock_cex_intervention,indonesia,USDC
433,0.7722599041833754,1058405174.6360617,365,S4_twin_shock_cex_intervention,indonesia,USDC
434,0.7772061726087809,1031945045.2701601,365,S4_twin_shock_cex_intervention,indonesia,USDC
435,0.7828997109718528,1006146419.138406,365,S4_twin_shock_cex_intervention,indonesia,USDC
436,0.7974747900190058,980992758.659946,365,S4_twin_shock_cex_intervention,indonesia,USDC
437,0.7788369165204341,956467939.6934472,365,S4_twin_shock_cex_intervention,indonesia,USDC
438,0.7973749485963367,932556241.2011111,365,S4_twin_shock_cex_intervention,indonesia,USDC
439,0.7927507832915418,909242335.1710832,365,S4_twin_shock_cex_intervention,indonesia,USDC
440,0.8014184124573439,886511276.7918062,365,S4_twin_shock_cex_intervention,indonesia,USDC
441,0.7908887994208491,864348494.8720112,365,S4_twin_shock_cex_intervention,indonesia,USDC
442,0.7961884382158686,842739782.5002108,365,S4_twin_shock_cex_intervention,indonesia,USDC
443,0.80778917693175,821671287.9377055,365,S4_twin_shock_cex_intervention,indonesia,USDC
444,0.7751672575734085,801129505.7392629,365,S4_twin_shock_cex_intervention,indonesia,USDC
445,0.7833367630153,781101268.0957813,365,S4_twin_shock_cex_intervention,indonesia,USDC
446,0.7669319455220266,761573736.3933867,365,S4_twin_shock_cex_intervention,indonesia,USDC
447,0.7496391372666256,742534392.9835521,365,S4_twin_shock_cex_intervention,indonesia,USDC
448,0.7476406453174698,723971033.1589632,365,S4_twin_shock_cex_intervention,indonesia,USDC
449,0.7661420485871446,705871757.3299892,365,S4_twin_shock_cex_intervention,indonesia,USDC
450,0.8041366375891698,688224963.3967395,365,S4_twin_shock_cex_intervention,indonesia,USDC
451,0.7906110443496301,671019339.311821,365,S4_twin_shock_cex_intervention,indonesia,USDC
452,0.8049923828338221,654243855.8290255,365,S4_twin_shock_cex_intervention,indonesia,USDC
453,0.8163782152634186,637887759.4332999,365,S4_twin_shock_cex_intervention,indonesia,USDC
454,0.8002183273833708,621940565.4474673,365,S4_twin_shock_cex_intervention,indonesia,USDC
455,0.7838419281994132,606392051.3112807,365,S4_twin_shock_cex_intervention,indonesia,USDC
456,0.7895718021644756,591232250.0284986,365,S4_twin_shock_cex_intervention,indonesia,USDC
457,0.8130701928864957,576451443.7777861,365,S4_twin_shock_cex_intervention,indonesia,USDC
458,0.8035171413649533,562040157.6833415,365,S4_twin_shock_cex_intervention,indonesia,USDC
459,0.8037105972094409,547989153.741258,365,S4_twin_shock_cex_intervention,indonesia,USDC
460,0.7984533852868696,534289424.89772654,365,S4_twin_shock_cex_intervention,indonesia,USDC
461,0.7968491477899134,520932189.27528334,365,S4_twin_shock_cex_intervention,indonesia,USDC
462,0.7822491352455391,507908884.54340136,365,S4_twin_shock_cex_intervention,indonesia,USDC
463,0.8117239702321725,495211162.42981625,365,S4_twin_shock_cex_intervention,indonesia,USDC
464,0.8283198803757212,482830883.3690709,365,S4_twin_shock_cex_intervention,indonesia,USDC
465,0.7999660467660433,470760111.28484404,365,S4_twin_shock_cex_intervention,indonesia,USDC
466,0.8045852557970533,458991108.502723,365,S4_twin_shock_cex_intervention,indonesia,USDC
467,0.7999766870352072,447516330.79015493,365,S4_twin_shock_cex_intervention,indonesia,USDC
468,0.8207836964941634,436328422.520401,365,S4_twin_shock_cex_intervention,indonesia,USDC
469,0.8117853589766829,425420211.957391,365,S4_twin_shock_cex_intervention,indonesia,USDC
470,0.8392373854621002,414784706.6584562,365,S4_twin_shock_cex_intervention,indonesia,USDC
471,0.8661358596097669,404415088.99199474,365,S4_twin_shock_cex_intervention,indonesia,USDC
472,0.864208855241262,394304711.76719487,365,S4_twin_shock_cex_intervention,indonesia,USDC
473,0.8640922295941388,384447093.973015,365,S4_twin_shock_cex_intervention,indonesia,USDC
474,0.8668188697533208,374835916.62368965,365,S4_twin_shock_cex_intervention,indonesia,USDC
475,0.8309831687334325,365465018.70809746,365,S4_twin_shock_cex_intervention,indonesia,USDC
476,0.8310586559977033,356328393.240395,365,S4_twin_shock_cex_intervention,indonesia,USDC
477,0.8093686550426052,347420183.40938514,365,S4_twin_shock_cex_intervention,indonesia,USDC
478,0.8073364586352888,338734678.8241505,365,S4_twin_shock_cex_intervention,indonesia,USDC
479,0.788955431411008,330266311.85354674,365,S4_twin_shock_cex_intervention,indonesia,USDC
480,0.7890425701341,322009654.05720806,365,S4_twin_shock_cex_intervention,indonesia,USDC
481,0.7992064077405133,313959412.7057779,365,S4_twin_shock_cex_intervention,indonesia,USDC
482,0.7944494053765658,306110427.3881334,365,S4_twin_shock_cex_intervention,indonesia,USDC
483,0.7970255874635221,298457666.70343006,365,S4_twin_shock_cex_intervention,indonesia,USDC
484,0.7778237707186604,290996225.0358443,365,S4_twin_shock_cex_intervention,indonesia,USDC
485,0.7886785301905639,283721319.4099482,365,S4_twin_shock_cex_intervention,indonesia,USDC
486,0.7758756411866458,276628286.42469954,365,S4_twin_shock_cex_intervention,indonesia,USDC
487,0.7641127933385798,269712579.264082,365,S4_twin_shock_cex_intervention,indonesia,USDC
488,0.7579726391821324,262969764.78248,365,S4_twin_shock_cex_intervention,indonesia,USDC
489,0.7660360758433601,256395520.66291797,365,S4_twin_shock_cex_intervention,indonesia,USDC
490,0.8047294727594974,249985632.64634502,365,S4_twin_shock_cex_intervention,indonesia,USDC
491,0.7886504141175142,243735991.83018643,365,S4_twin_shock_cex_intervention,indonesia,USDC
492,0.783322980908847,237642592.03443176,365,S4_twin_shock_cex_intervention,indonesia,USDC
493,0.7518805287227028,231701527.23357093,365,S4_twin_shock_cex_intervention,indonesia,USDC
494,0.7505175573890541,225908989.0527317,365,S4_twin_shock_cex_intervention,indonesia,USDC
495,0.7552230519663972,220261264.3264134,365,S4_twin_shock_cex_intervention,indonesia,USDC
496,0.7564717666505081,214754732.71825305,365,S4_twin_shock_cex_intervention,indonesia,USDC
497,0.7480923405426523,209385864.40029675,365,S4_twin_shock_cex_intervention,indonesia,USDC
498,0.7355538376445004,204151217.7902893,365,S4_twin_shock_cex_intervention,indonesia,USDC
499,0.7490213980893003,199047437.3455321,365,S4_twin_shock_cex_intervention,indonesia,USDC
500,0.7619143748701538,194071251.41189378,365,S4_twin_shock_cex_intervention,indonesia,USDC
501,0.7659676275627268,189219470.12659645,365,S4_twin_shock_cex_intervention,indonesia,USDC
502,0.7609040252920076,184488983.37343156,365,S4_twin_shock_cex_intervention,indonesia,USDC
503,0.7712915504149396,179876758.78909576,365,S4_twin_shock_cex_intervention,indonesia,USDC
504,0.7603464444752929,175379839.81936836,365,S4_twin_shock_cex_intervention,indonesia,USDC
505,0.7484066265977417,170995343.82388413,365,S4_twin_shock_cex_intervention,indonesia,USDC
506,0.7426366623660033,166720460.22828704,365,S4_twin_shock_cex_intervention,indonesia,USDC
507,0.7297154672526509,162552448.72257987,365,S4_twin_shock_cex_intervention,indonesia,USDC
508,0.7681269888952611,158488637.50451538,365,S4_twin_shock_cex_intervention,indonesia,USDC
509,0.7724808303648248,154526421.56690246,365,S4_twin_shock_cex_intervention,indonesia,USDC
510,0.7781464066551153,150663261.02772993,365,S4_twin_shock_cex_intervention,indonesia,USDC
511,0.7962651670978393,146896679.50203666,365,S4_twin_shock_cex_intervention,indonesia,USDC
512,0.7866202151927087,143224262.51448575,365,S4_twin_shock_cex_intervention,indonesia,USDC
513,0.7626141272221212,139643655.95162362,365,S4_twin_shock_cex_intervention,indonesia,USDC
514,0.7638728175320703,136152564.55283302,365,S4_twin_shock_cex_intervention,indonesia,USDC
515,0.7674924131268827,132748750.4390122,365,S4_twin_shock_cex_intervention,indonesia,USDC
516,0.7598070974645413,129430031.6780369,365,S4_twin_shock_cex_intervention,indonesia,USDC
517,0.7595021100849022,126194280.88608599,365,S4_twin_shock_cex_intervention,indonesia,USDC
518,0.7568973790153968,123039423.86393383,365,S4_twin_shock_cex_intervention,indonesia,USDC
519,0.7502762395178024,119963438.26733549,365,S4_twin_shock_cex_intervention,indonesia,USDC
520,0.7344459746058415,116964352.3106521,365,S4_twin_shock_cex_intervention,indonesia,USDC
521,0.7492966261312458,114040243.5028858,365,S4_twin_shock_cex_intervention,indonesia,USDC
522,0.7623529742021253,111189237.41531366,365,S4_twin_shock_cex_intervention,indonesia,USDC
523,0.7980326302748031,108409506.47993082,365,S4_twin_shock_cex_intervention,indonesia,USDC
524,0.8054706364022314,105699268.81793255,365,S4_twin_shock_cex_intervention,indonesia,USDC
525,0.8002288152091472,103056787.09748426,365,S4_twin_shock_cex_intervention,indonesia,USDC
526,0.784743616514974,100480367.42004713,365,S4_twin_shock_cex_intervention,indonesia,USDC
527,0.7781763985529333,97968358.23454596,365,S4_twin_shock_cex_intervention,indonesia,USDC
528,0.7519475037702439,95519149.2786823,365,S4_twin_shock_cex_intervention,indonesia,USDC
529,0.7696590377104136,93131170.54671524,365,S4_twin_shock_cex_intervention,indonesia,USDC
530,0.7860240353771653,90802891.28304736,365,S4_twin_shock_cex_intervention,indonesia,USDC
531,0.808738726202619,88532819.00097118,365,S4_twin_shock_cex_intervention,indonesia,USDC
532,0.810682421274588,86319498.52594692,365,S4_twin_shock_cex_intervention,indonesia,USDC
533,0.8098187714034566,84161511.06279823,365,S4_twin_shock_cex_intervention,indonesia,USDC
534,0.8277949233852168,82057473.28622828,365,S4_twin_shock_cex_intervention,indonesia,USDC
535,0.8435818273873612,80006036.45407256,365,S4_twin_shock_cex_intervention,indonesia,USDC
536,0.8334535527138679,78005885.54272076,365,S4_twin_shock_cex_intervention,indonesia,USDC
537,0.8345632289682412,76055738.40415274,365,S4_twin_shock_cex_intervention,indonesia,USDC
538,0.824512115841447,74154344.94404893,365,S4_twin_shock_cex_intervention,indonesia,USDC
539,0.8183560516459036,72300486.3204477,365,S4_twin_shock_cex_intervention,indonesia,USDC
540,0.8012232616404312,70492974.16243652,365,S4_twin_shock_cex_intervention,indonesia,USDC
541,0.8027116176173907,68730649.8083756,365,S4_twin_shock_cex_intervention,indonesia,USDC
542,0.8025009320811546,67012383.5631662,365,S4_twin_shock_cex_intervention,indonesia,USDC
543,0.780994082852961,65337073.974087045,365,S4_twin_shock_cex_intervention,indonesia,USDC
544,0.7863306183175588,63703647.12473487,365,S4_twin_shock_cex_intervention,indonesia,USDC
545,0.7883304425848178,62111055.94661649,365,S4_twin_shock_cex_intervention,indonesia,USDC
546,0.7898691665361635,60558279.54795109,365,S4_twin_shock_cex_intervention,indonesia,USDC
547,0.7932862440682995,59044322.55925231,365,S4_twin_shock_cex_intervention,indonesia,USDC
548,0.7753633468077713,57568214.495271,365,S4_twin_shock_cex_intervention,indonesia,USDC
549,0.7773261670550847,56129009.132889226,365,S4_twin_shock_cex_intervention,indonesia,USDC
550,0.7848633979054964,54725783.90456699,365,S4_twin_shock_cex_intervention,indonesia,USDC
551,0.796613520021781,53357639.30695282,365,S4_twin_shock_cex_intervention,indonesia,USDC
552,0.7969722853804937,52023698.324278995,365,S4_twin_shock_cex_intervention,indonesia,USDC
553,0.8076133662519951,50723105.866172016,365,S4_twin_shock_cex_intervention,indonesia,USDC
554,0.7969736140024964,49455028.219517715,365,S4_twin_shock_cex_intervention,indonesia,USDC
555,0.8107344434126361,48218652.51402977,365,S4_twin_shock_cex_intervention,indonesia,USDC
556,0.8119275108535152,47013186.20117903,365,S4_twin_shock_cex_intervention,indonesia,USDC
557,0.8274687125733908,45837856.54614955,365,S4_twin_shock_cex_intervention,indonesia,USDC
558,0.8035406869722262,44691910.13249581,365,S4_twin_shock_cex_intervention,indonesia,USDC
559,0.8074065985051944,43574612.37918342,365,S4_twin_shock_cex_intervention,indonesia,USDC
560,0.7981354096553293,42485247.06970383,365,S4_twin_shock_cex_intervention,indonesia,USDC
561,0.7893449549982163,41423115.892961234,365,S4_twin_shock_cex_intervention,indonesia,USDC
562,0.7951328200443052,40387537.99563721,365,S4_twin_shock_cex_intervention,indonesia,USDC
563,0.8127607704270206,39377849.54574628,365,S4_twin_shock_cex_intervention,indonesia,USDC
564,0.8057308547793748,38393403.30710262,365,S4_twin_shock_cex_intervention,indonesia,USDC
565,0.8205346835520967,37433568.224425055,365,S4_twin_shock_cex_intervention,indonesia,USDC
566,0.8294495725639895,36497729.01881443,365,S4_twin_shock_cex_intervention,indonesia,USDC
567,0.8175623457956627,35585285.793344066,365,S4_twin_shock_cex_intervention,indonesia,USDC
568,0.8424454069729284,34695653.64851047,365,S4_twin_shock_cex_intervention,indonesia,USDC
569,0.8698194934047038,33828262.30729771,365,S4_twin_shock_cex_intervention,indonesia,USDC
570,0.8689312358616255,32982555.749615263,365,S4_twin_shock_cex_intervention,indonesia,USDC
571,0.8661359528637383,32157991.85587488,365,S4_twin_shock_cex_intervention,indonesia,USDC
572,0.8671141898879623,31354042.059478007,365,S4_twin_shock_cex_intervention,indonesia,USDC
573,0.8655845821564788,30570191.00799106,365,S4_twin_shock_cex_intervention,indonesia,USDC
574,0.831544977637572,29805936.232791282,365,S4_twin_shock_cex_intervention,indonesia,USDC
575,0.8179973032687613,29060787.826971497,365,S4_twin_shock_cex_intervention,indonesia,USDC
576,0.816757495349984,28334268.131297216,365,S4_twin_shock_cex_intervention,indonesia,USDC
577,0.8147581196366807,27625911.428014785,365,S4_twin_shock_cex_intervention,indonesia,USDC
578,0.8023942633837731,26935263.64231441,365,S4_twin_shock_cex_intervention,indonesia,USDC
579,0.7898498770579828,26261882.051256552,365,S4_twin_shock_cex_intervention,indonesia,USDC
580,0.7968127045859158,25605334.999975137,365,S4_twin_shock_cex_intervention,indonesia,USDC
581,0.7784941970595105,24965201.62497576,365,S4_twin_shock_cex_intervention,indonesia,USDC
582,0.7862259108358377,24341071.584351365,365,S4_twin_shock_cex_intervention,indonesia,USDC
583,0.7943895069053392,23732544.79474258,365,S4_twin_shock_cex_intervention,indonesia,USDC
584,0.780111805350907,23139231.174874015,365,S4_twin_shock_cex_intervention,indonesia,USDC
585,0.7843231211639003,22560750.395502165,365,S4_twin_shock_cex_intervention,indonesia,USDC
586,0.7755148000276849,21996731.63561461,365,S4_twin_shock_cex_intervention,indonesia,USDC
587,0.7597917221460047,21446813.344724245,365,S4_twin_shock_cex_intervention,indonesia,USDC
588,0.7841495374343018,20910643.01110614,365,S4_twin_shock_cex_intervention,indonesia,USDC
589,0.7635910270290093,20387876.93582849,365,S4_twin_shock_cex_intervention,indonesia,USDC
590,0.7675125013736059,19878180.012432776,365,S4_twin_shock_cex_intervention,indonesia,USDC
591,0.7506057748948415,19381225.512121957,365,S4_twin_shock_cex_intervention,indonesia,USDC
592,0.7811970237410675,18896694.87431891,365,S4_twin_shock_cex_intervention,indonesia,USDC
593,0.7733296043794831,18424277.502460934,365,S4_twin_shock_cex_intervention,indonesia,USDC
594,0.7836021125699764,17963670.564899415,365,S4_twin_shock_cex_intervention,indonesia,USDC
595,0.7986003759489816,17514578.80077693,365,S4_twin_shock_cex_intervention,indonesia,USDC
596,0.7866239866085533,17076714.330757506,365,S4_twin_shock_cex_intervention,indonesia,USDC
597,0.7820707823817088,16649796.472488567,365,S4_twin_shock_cex_intervention,indonesia,USDC
598,0.7920234849858869,16233551.560676353,365,S4_twin_shock_cex_intervention,indonesia,USDC
599,0.7674573287271196,15827712.771659445,365,S4_twin_shock_cex_intervention,indonesia,USDC
600,0.7693218247902427,15432019.95236796,365,S4_twin_shock_cex_intervention,indonesia,USDC
601,0.7807638011465101,15046219.453558758,365,S4_twin_shock_cex_intervention,indonesia,USDC
602,0.7897905021134034,14670063.96721979,365,S4_twin_shock_cex_intervention,indonesia,USDC
603,0.810303840061481,14303312.368039295,365,S4_twin_shock_cex_intervention,indonesia,USDC
604,0.8079029900616721,13945729.558838312,365,S4_twin_shock_cex_intervention,indonesia,USDC
605,0.7934330012752412,13597086.319867354,365,S4_twin_shock_cex_intervention,indonesia,USDC
606,0.8028747424530732,13257159.16187067,365,S4_twin_shock_cex_intervention,indonesia,USDC
607,0.8002404362659152,12925730.182823904,365,S4_twin_shock_cex_intervention,indonesia,USDC
608,0.8003282905716187,12602586.928253304,365,S4_twin_shock_cex_intervention,indonesia,USDC
609,0.8127603991792377,12287522.255046971,365,S4_twin_shock_cex_intervention,indonesia,USDC
610,0.8093086814701184,11980334.198670797,365,S4_twin_shock_cex_intervention,indonesia,USDC
611,0.801170064168755,11680825.843704028,365,S4_twin_shock_cex_intervention,indonesia,USDC
612,0.8164753626454375,11388805.197611429,365,S4_twin_shock_cex_intervention,indonesia,USDC
613,0.8016122275120884,11104085.067671143,365,S4_twin_shock_cex_intervention,indonesia,USDC
614,0.8126951923696085,10826482.940979363,365,S4_twin_shock_cex_intervention,indonesia,USDC
615,0.8024347942306396,10555820.867454879,365,S4_twin_shock_cex_intervention,indonesia,USDC
616,0.779175299005367,10291925.345768508,365,S4_twin_shock_cex_intervention,indonesia,USDC
617,0.7698831851307515,10034627.212124294,365,S4_twin_shock_cex_intervention,indonesia,USDC
618,0.7753235462689875,9783761.531821188,365,S4_twin_shock_cex_intervention,indonesia,USDC
619,0.7935148492911677,9539167.493525658,365,S4_twin_shock_cex_intervention,indonesia,USDC
620,0.7996103389814985,9300688.306187516,365,S4_twin_shock_cex_intervention,indonesia,USDC
621,0.7762867275045905,9068171.098532828,365,S4_twin_shock_cex_intervention,indonesia,USDC
622,0.7690600018511833,8841466.821069507,365,S4_twin_shock_cex_intervention,indonesia,USDC
623,0.7535174670206185,8620430.15054277,365,S4_twin_shock_cex_intervention,indonesia,USDC
624,0.7473705670133006,8404919.3967792,365,S4_twin_shock_cex_intervention,indonesia,USDC
625,0.7779275454607077,8194796.41185972,365,S4_twin_shock_cex_intervention,indonesia,USDC
626,0.7589023997869754,7989926.501563227,365,S4_twin_shock_cex_intervention,indonesia,USDC
627,0.7693323090729569,7790178.339024146,365,S4_twin_shock_cex_intervention,indonesia,USDC
628,0.8068325274808607,7595423.880548542,365,S4_twin_shock_cex_intervention,indonesia,USDC
629,0.8326525500695007,7405538.283534829,365,S4_twin_shock_cex_intervention,indonesia,USDC
630,0.8340005418712368,7220399.826446457,365,S4_twin_shock_cex_intervention,indonesia,USDC
631,0.8344152149226127,7039889.830785297,365,S4_twin_shock_cex_intervention,indonesia,USDC
632,0.8377815473924205,6863892.585015664,365,S4_twin_shock_cex_intervention,indonesia,USDC
633,0.8238542984295847,6692295.270390272,365,S4_twin_shock_cex_intervention,indonesia,USDC
634,0.8319820307136974,6524987.888630517,365,S4_twin_shock_cex_intervention,indonesia,USDC
635,0.8241906242773747,6361863.191414753,365,S4_twin_shock_cex_intervention,indonesia,USDC
636,0.8063178490635068,6202816.611629385,365,S4_twin_shock_cex_intervention,indonesia,USDC
637,0.7920974832083757,6047746.19633865,365,S4_twin_shock_cex_intervention,indonesia,USDC
638,0.7733542139999173,5896552.541430183,365,S4_twin_shock_cex_intervention,indonesia,USDC
639,0.7338184655602538,5749138.727894429,365,S4_twin_shock_cex_intervention,indonesia,USDC
640,0.7491556201718643,5605410.259697068,365,S4_twin_shock_cex_intervention,indonesia,USDC
641,0.749203276695914,5465275.003204641,365,S4_twin_shock_cex_intervention,indonesia,USDC
642,0.7642440075107919,5328643.128124526,365,S4_twin_shock_cex_intervention,indonesia,USDC
643,0.7956061170432526,5195427.049921412,365,S4_twin_shock_cex_intervention,indonesia,USDC
644,0.7759610668439535,5065541.373673377,365,S4_twin_shock_cex_intervention,indonesia,USDC
645,0.8050720417461,4938902.839331543,365,S4_twin_shock_cex_intervention,indonesia,USDC
646,0.8130130797455268,4815430.268348254,365,S4_twin_shock_cex_intervention,indonesia,USDC
647,0.8167053036674166,4695044.5116395475,365,S4_twin_shock_cex_intervention,indonesia,USDC
648,0.7984186528816228,4577668.398848559,365,S4_twin_shock_cex_intervention,indonesia,USDC
649,0.8379322496017221,4463226.688877345,365,S4_twin_shock_cex_intervention,indonesia,USDC
650,0.8610763057108134,4351646.021655411,365,S4_twin_shock_cex_intervention,indonesia,USDC
651,0.8445765808672906,4242854.871114026,365,S4_twin_shock_cex_intervention,indonesia,USDC
652,0.8344189590917093,4136783.4993361747,365,S4_twin_shock_cex_intervention,indonesia,USDC
653,0.8386375841925027,4033363.9118527705,365,S4_twin_shock_cex_intervention,indonesia,USDC
654,0.8489509129792703,3932529.8140564514,365,S4_twin_shock_cex_intervention,indonesia,USDC
655,0.8452416987616207,3834216.56870504,365,S4_twin_shock_cex_intervention,indonesia,USDC
656,0.8462826182880571,3738361.1544874134,365,S4_twin_shock_cex_intervention,indonesia,USDC
657,0.826701816271977,3644902.1256252285,365,S4_twin_shock_cex_intervention,indonesia,USDC
658,0.8289536451050459,3553779.5724845976,365,S4_twin_shock_cex_intervention,indonesia,USDC
659,0.8434749842857776,3464935.0831724824,365,S4_twin_shock_cex_intervention,indonesia,USDC
660,0.8034257555270637,3378311.7060931707,365,S4_twin_shock_cex_intervention,indonesia,USDC
661,0.8061145230021917,3293853.9134408413,365,S4_twin_shock_cex_intervention,indonesia,USDC
662,0.7840161296827857,3211507.5656048204,365,S4_twin_shock_cex_intervention,indonesia,USDC
663,0.8055091095527029,3131219.8764647,365,S4_twin_shock_cex_intervention,indonesia,USDC
664,0.8133495190918486,3052939.3795530824,365,S4_twin_shock_cex_intervention,indonesia,USDC
665,0.8072369416058938,2976615.8950642557,365,S4_twin_shock_cex_intervention,indonesia,USDC
666,0.8006578969376225,2902200.4976876494,365,S4_twin_shock_cex_intervention,indonesia,USDC
667,0.8152367425837452,2829645.485245458,365,S4_twin_shock_cex_intervention,indonesia,USDC
668,0.8177858382631832,2758904.3481143215,365,S4_twin_shock_cex_intervention,indonesia,USDC
669,0.8042675832333166,2689931.7394114635,365,S4_twin_shock_cex_intervention,indonesia,USDC
670,0.7982598897574663,2622683.445926177,365,S4_twin_shock_cex_intervention,indonesia,USDC
671,0.8024613754360609,2557116.3597780224,365,S4_twin_shock_cex_intervention,indonesia,USDC
672,0.798414609336014,2493188.450783572,365,S4_twin_shock_cex_intervention,indonesia,USDC
673,0.8152558422312458,2430858.7395139826,365,S4_twin_shock_cex_intervention,indonesia,USDC
674,0.8204937854832064,2370087.271026133,365,S4_twin_shock_cex_intervention,indonesia,USDC
675,0.8374964944459038,2310835.08925048,365,S4_twin_shock_cex_intervention,indonesia,USDC
676,0.8589429875819791,2253064.2120192177,365,S4_twin_shock_cex_intervention,indonesia,USDC
677,0.8351622735427137,2196737.606718737,365,S4_twin_shock_cex_intervention,indonesia,USDC
678,0.8207156547210575,2141819.1665507685,365,S4_twin_shock_cex_intervention,indonesia,USDC
679,0.8320427965212199,2088273.6873869996,365,S4_twin_shock_cex_intervention,indonesia,USDC
680,0.806801764632643,2036066.8452023244,365,S4_twin_shock_cex_intervention,indonesia,USDC
681,0.8107726224218802,1985165.174072266,365,S4_twin_shock_cex_intervention,indonesia,USDC
682,0.7954776459829944,1935536.0447204595,365,S4_twin_shock_cex_intervention,indonesia,USDC
683,0.7835591517902576,1887147.643602448,365,S4_twin_shock_cex_intervention,indonesia,USDC
684,0.8021242666585578,1839968.9525123867,365,S4_twin_shock_cex_intervention,indonesia,USDC
685,0.8154652540767587,1793969.7286995775,365,S4_twin_shock_cex_intervention,indonesia,USDC
686,0.8492748833462622,1749120.4854820878,365,S4_twin_shock_cex_intervention,indonesia,USDC
687,0.8352907932661484,1705392.4733450357,365,S4_twin_shock_cex_intervention,indonesia,USDC
688,0.828104966444511,1662757.6615114096,365,S4_twin_shock_cex_intervention,indonesia,USDC
689,0.8051141563403909,1621188.7199736242,365,S4_twin_shock_cex_intervention,indonesia,USDC
690,0.7954705768866376,1580659.0019742837,365,S4_twin_shock_cex_intervention,indonesia,USDC
691,0.794673778301517,1541142.5269249266,365,S4_twin_shock_cex_intervention,indonesia,USDC
692,0.8039852781909248,1502613.9637518034,365,S4_twin_shock_cex_intervention,indonesia,USDC
693,0.8017832655009137,1465048.6146580083,365,S4_twin_shock_cex_intervention,indonesia,USDC
694,0.7889139273685559,1428422.399291558,365,S4_twin_shock_cex_intervention,indonesia,USDC
695,0.8076835016705809,1392711.839309269,365,S4_twin_shock_cex_intervention,indonesia,USDC
696,0.7416301625558271,1357894.0433265374,365,S4_twin_shock_cex_intervention,indonesia,USDC
697,0.7559569284665428,1323946.692243374,365,S4_twin_shock_cex_intervention,indonesia,USDC
698,0.7723123536364426,1290848.0249372895,365,S4_twin_shock_cex_intervention,indonesia,USDC
699,0.7976569368803396,1258576.8243138571,365,S4_twin_shock_cex_intervention,indonesia,USDC
700,0.8194833935958272,1227112.403706011,365,S4_twin_shock_cex_intervention,indonesia,USDC
701,0.8353859430901365,1196434.5936133605,365,S4_twin_shock_cex_intervention,indonesia,USDC
702,0.8185353767158717,1166523.7287730267,365,S4_twin_shock_cex_intervention,indonesia,USDC
703,0.8240819348327254,1137360.6355537008,365,S4_twin_shock_cex_intervention,indonesia,USDC
704,0.8210914239399021,1108926.6196648583,365,S4_twin_shock_cex_intervention,indonesia,USDC
705,0.8105618759875498,1081203.4541732369,365,S4_twin_shock_cex_intervention,indonesia,USDC
706,0.8320427124185396,1054173.367818906,365,S4_twin_shock_cex_intervention,indonesia,USDC
707,0.8398198711266047,1027819.0336234332,365,S4_twin_shock_cex_intervention,indonesia,USDC
708,0.816317954253603,1002123.5577828474,365,S4_twin_shock_cex_intervention,indonesia,USDC
709,0.8421703660442338,977070.4688382761,365,S4_twin_shock_cex_intervention,indonesia,USDC
710,0.8238597295186274,952643.7071173193,365,S4_twin_shock_cex_intervention,indonesia,USDC
711,0.807465794423732,928827.6144393863,365,S4_twin_shock_cex_intervention,indonesia,USDC
712,0.8154181858088182,905606.9240784016,365,S4_twin_shock_cex_intervention,indonesia,USDC
713,0.8353618192625859,882966.7509764415,365,S4_twin_shock_cex_intervention,indonesia,USDC
714,0.8507783608523453,860892.5822020306,365,S4_twin_shock_cex_intervention,indonesia,USDC
715,0.8636336185515433,839370.2676469797,365,S4_twin_shock_cex_intervention,indonesia,USDC
716,0.8543576749457286,818386.0109558052,365,S4_twin_shock_cex_intervention,indonesia,USDC
717,0.84964284749488,797926.3606819101,365,S4_twin_shock_cex_intervention,indonesia,USDC
718,0.8568124864354794,777978.2016648623,365,S4_twin_shock_cex_intervention,indonesia,USDC
719,0.8595305347289359,758528.7466232409,365,S4_twin_shock_cex_intervention,indonesia,USDC
720,0.8653841321484598,739565.5279576598,365,S4_twin_shock_cex_intervention,indonesia,USDC
721,0.8873966014845606,721076.3897587183,365,S4_twin_shock_cex_intervention,indonesia,USDC
722,0.8689986250235121,703049.4800147504,365,S4_twin_shock_cex_intervention,indonesia,USDC
723,0.8630321677322065,685473.2430143816,365,S4_twin_shock_cex_intervention,indonesia,USDC
724,0.8472526526195318,668336.411939022,365,S4_twin_shock_cex_intervention,indonesia,USDC
725,0.8367735026383394,651628.0016405465,365,S4_twin_shock_cex_intervention,indonesia,USDC
726,0.82335387721858,635337.3015995328,365,S4_twin_shock_cex_intervention,indonesia,USDC
727,0.8268884867490605,619453.8690595445,365,S4_twin_shock_cex_intervention,indonesia,USDC
728,0.8269657975850335,603967.522333056,365,S4_twin_shock_cex_intervention,indonesia,USDC
729,0.8417537934731574,588868.3342747295,365,S4_twin_shock_cex_intervention,indonesia,USDC
730,0.8039836681356903,574146.6259178612,365,S4_twin_shock_cex_intervention,indonesia,USDC
731,0.8086215529661306,559792.9602699147,365,S4_twin_shock_cex_intervention,indonesia,USDC
732,0.8075517332799919,545798.1362631669,365,S4_twin_shock_cex_intervention,indonesia,USDC
733,0.8061834601970098,532153.1828565877,365,S4_twin_shock_cex_intervention,indonesia,USDC
734,0.800678757324148,518849.35328517307,365,S4_twin_shock_cex_intervention,indonesia,USDC
735,0.7981327528582137,505878.1194530437,365,S4_twin_shock_cex_intervention,indonesia,USDC
736,0.7875606671391041,493231.1664667176,365,S4_twin_shock_cex_intervention,indonesia,USDC
737,0.7569434182237524,480900.3873050496,365,S4_twin_shock_cex_intervention,indonesia,USDC
738,0.7454104436022608,468877.87762242334,365,S4_twin_shock_cex_intervention,indonesia,USDC
739,0.767060773383847,457155.93068186287,365,S4_twin_shock_cex_intervention,indonesia,USDC
740,0.7725400330524085,445727.03241481626,365,S4_twin_shock_cex_intervention,indonesia,USDC
741,0.8066890103921776,434583.85660444584,365,S4_twin_shock_cex_intervention,indonesia,USDC
742,0.7710519893871617,423719.2601893347,365,S4_twin_shock_cex_intervention,indonesia,USDC
743,0.7476559866803282,413126.2786846013,365,S4_twin_shock_cex_intervention,indonesia,USDC
744,0.7434331342004554,402798.12171748624,365,S4_twin_shock_cex_intervention,indonesia,USDC
745,0.7676510336543546,392728.1686745491,365,S4_twin_shock_cex_intervention,indonesia,USDC
746,0.764609077994299,382909.96445768536,365,S4_twin_shock_cex_intervention,indonesia,USDC
747,0.772057855287097,373337.21534624323,365,S4_twin_shock_cex_intervention,indonesia,USDC
748,0.7644258031122017,364003.7849625872,365,S4_twin_shock_cex_intervention,indonesia,USDC
749,0.7435734248804599,354903.6903385225,365,S4_twin_shock_cex_intervention,indonesia,USDC
750,0.7482220447049205,346031.0980800594,365,S4_twin_shock_cex_intervention,indonesia,USDC
751,0.7679519328726024,337380.32062805793,365,S4_twin_shock_cex_intervention,indonesia,USDC
752,0.7667871358644597,328945.81261235644,365,S4_twin_shock_cex_intervention,indonesia,USDC
753,0.766860517856035,320722.16729704756,365,S4_twin_shock_cex_intervention,indonesia,USDC
754,0.7693438631734615,312704.1131146214,365,S4_twin_shock_cex_intervention,indonesia,USDC
755,0.7894144859931559,304886.5102867558,365,S4_twin_shock_cex_intervention,indonesia,USDC
756,0.789601905650292,297264.34752958687,365,S4_twin_shock_cex_intervention,indonesia,USDC
757,0.7884092814709867,289832.7388413473,365,S4_twin_shock_cex_intervention,indonesia,USDC
758,0.8139697304858844,282586.9203703136,365,S4_twin_shock_cex_intervention,indonesia,USDC
759,0.7792714814343223,275522.24736105575,365,S4_twin_shock_cex_intervention,indonesia,USDC
760,0.7660578284056503,268634.1911770294,365,S4_twin_shock_cex_intervention,indonesia,USDC
761,0.7721724046275175,261918.33639760362,365,S4_twin_shock_cex_intervention,indonesia,USDC
762,0.7667249054433353,255370.3779876635,365,S4_twin_shock_cex_intervention,indonesia,USDC
763,0.7643298115187792,248986.11853797192,365,S4_twin_shock_cex_intervention,indonesia,USDC
764,0.7388122312560554,242761.46557452262,365,S4_twin_shock_cex_intervention,indonesia,USDC
765,0.7517858787104167,236692.42893515955,365,S4_twin_shock_cex_intervention,indonesia,USDC
766,0.7471628342756166,230775.11821178056,365,S4_twin_shock_cex_intervention,indonesia,USDC
767,0.762271755994,225005.74025648602,365,S4_twin_shock_cex_intervention,indonesia,USDC
768,0.7537759201589777,219380.5967500739,365,S4_twin_shock_cex_intervention,indonesia,USDC
769,0.7549285339095123,213896.08183132205,365,S4_twin_shock_cex_intervention,indonesia,USDC
770,0.749689793566376,208548.679785539,365,S4_twin_shock_cex_intervention,indonesia,USDC
771,0.751526157440412,203334.96279090055,365,S4_twin_shock_cex_intervention,indonesia,USDC
772,0.766231220188633,198251.58872112804,365,S4_twin_shock_cex_intervention,indonesia,USDC
773,0.7744732207270381,193295.29900309982,365,S4_twin_shock_cex_intervention,indonesia,USDC
774,0.7771355493554791,188462.91652802232,365,S4_twin_shock_cex_intervention,indonesia,USDC
775,0.7715570572647573,183751.34361482176,365,S4_twin_shock_cex_intervention,indonesia,USDC
776,0.7617318659553176,179157.56002445123,365,S4_twin_shock_cex_intervention,indonesia,USDC
777,0.77396135745492,174678.62102383992,365,S4_twin_shock_cex_intervention,indonesia,USDC
778,0.7914183044327799,170311.65549824393,365,S4_twin_shock_cex_intervention,indonesia,USDC
779,0.7961786343567061,166053.86411078784,365,S4_twin_shock_cex_intervention,indonesia,USDC
780,0.7796221529748161,161902.51750801815,365,S4_twin_shock_cex_intervention,indonesia,USDC
781,0.7873983166422209,157854.9545703177,365,S4_twin_shock_cex_intervention,indonesia,USDC
782,0.8082065679327828,153908.58070605976,365,S4_twin_shock_cex_intervention,indonesia,USDC
783,0.8044015497261876,150060.86618840825,365,S4_twin_shock_cex_intervention,indonesia,USDC
784,0.8100377532216757,146309.34453369805,365,S4_twin_shock_cex_intervention,indonesia,USDC
785,0.8240972253606877,142651.6109203556,365,S4_twin_shock_cex_intervention,indonesia,USDC
786,0.8130350253707107,139085.3206473467,365,S4_twin_shock_cex_intervention,indonesia,USDC
787,0.8142039494542602,135608.18763116305,365,S4_twin_shock_cex_intervention,indonesia,USDC
788,0.8132372270748595,132217.98294038395,365,S4_twin_shock_cex_intervention,indonesia,USDC
789,0.8249437825512754,128912.53336687436,365,S4_twin_shock_cex_intervention,indonesia,USDC
790,0.8112014738402893,125689.72003270249,365,S4_twin_shock_cex_intervention,indonesia,USDC
791,0.8161227219619503,122547.47703188492,365,S4_twin_shock_cex_intervention,indonesia,USDC
792,0.82638014176337,119483.7901060878,365,S4_twin_shock_cex_intervention,indonesia,USDC
793,0.8197415448804841,116496.6953534356,365,S4_twin_shock_cex_intervention,indonesia,USDC
794,0.8080644490854734,113584.27796959973,365,S4_twin_shock_cex_intervention,indonesia,USDC
795,0.8016456897317734,110744.67102035972,365,S4_twin_shock_cex_intervention,indonesia,USDC
796,0.796711283753039,107976.05424485073,365,S4_twin_shock_cex_intervention,indonesia,USDC
797,0.8069278117563671,105276.65288872947,365,S4_twin_shock_cex_intervention,indonesia,USDC
798,0.79293131689084,102644.73656651122,365,S4_twin_shock_cex_intervention,indonesia,USDC
799,0.8135260170071796,100078.61815234844,365,S4_twin_shock_cex_intervention,indonesia,USDC
800,0.8233388165710854,97576.65269853974,365,S4_twin_shock_cex_intervention,indonesia,USDC
801,0.8506069271653531,95137.23638107623,365,S4_twin_shock_cex_intervention,indonesia,USDC
802,0.8828538356780612,92758.80547154933,365,S4_twin_shock_cex_intervention,indonesia,USDC
803,0.8577856899005678,90439.8353347606,365,S4_twin_shock_cex_intervention,indonesia,USDC
804,0.8513715617810387,88178.8394513916,365,S4_twin_shock_cex_intervention,indonesia,USDC
805,0.8492446412582623,85974.36846510679,365,S4_twin_shock_cex_intervention,indonesia,USDC
806,0.8431306890120145,83825.00925347913,365,S4_twin_shock_cex_intervention,indonesia,USDC
807,0.8641746359860432,81729.38402214214,365,S4_twin_shock_cex_intervention,indonesia,USDC
808,0.8501782987536697,79686.14942158859,365,S4_twin_shock_cex_intervention,indonesia,USDC
809,0.8296451702993792,77693.99568604887,365,S4_twin_shock_cex_intervention,indonesia,USDC
810,0.8385867672570961,75751.64579389765,365,S4_twin_shock_cex_intervention,indonesia,USDC
811,0.8424224871312584,73857.85464905022,365,S4_twin_shock_cex_intervention,indonesia,USDC
812,0.8349271500519042,72011.40828282396,365,S4_twin_shock_cex_intervention,indonesia,USDC
813,0.802920045061165,70211.12307575336,365,S4_twin_shock_cex_intervention,indonesia,USDC
814,0.8090127466948359,68455.84499885952,365,S4_twin_shock_cex_intervention,indonesia,USDC
815,0.8194658079620594,66744.44887388803,365,S4_twin_shock_cex_intervention,indonesia,USDC
816,0.8247132549875078,65075.83765204084,365,S4_twin_shock_cex_intervention,indonesia,USDC
817,0.8367905723198565,63448.94171073982,365,S4_twin_shock_cex_intervention,indonesia,USDC
818,0.8206328442792447,61862.718167971325,365,S4_twin_shock_cex_intervention,indonesia,USDC
819,0.8300525953828388,60316.15021377204,365,S4_twin_shock_cex_intervention,indonesia,USDC
820,0.8353472100984399,58808.24645842774,365,S4_twin_shock_cex_intervention,indonesia,USDC
821,0.8303727923046056,57338.040296967054,365,S4_twin_shock_cex_intervention,indonesia,USDC
822,0.8009860101994417,55904.589289542884,365,S4_twin_shock_cex_intervention,indonesia,USDC
823,0.7847914533385801,54506.974557304304,365,S4_twin_shock_cex_intervention,indonesia,USDC
824,0.8212535186475393,53144.3001933717,365,S4_twin_shock_cex_intervention,indonesia,USDC
825,0.7844885225794707,51815.69268853741,365,S4_twin_shock_cex_intervention,indonesia,USDC
826,0.8111517976371513,50520.300371323974,365,S4_twin_shock_cex_intervention,indonesia,USDC
827,0.7462931815606942,49257.29286204088,365,S4_twin_shock_cex_intervention,indonesia,USDC
828,0.7543689062772513,48025.860540489855,365,S4_twin_shock_cex_intervention,indonesia,USDC
829,0.7447030683984667,46825.21402697761,365,S4_twin_shock_cex_intervention,indonesia,USDC
830,0.765067351860139,45654.58367630317,365,S4_twin_shock_cex_intervention,indonesia,USDC
831,0.7635900595479914,44513.21908439559,365,S4_twin_shock_cex_intervention,indonesia,USDC
832,0.7505585229444548,43400.3886072857,365,S4_twin_shock_cex_intervention,indonesia,USDC
833,0.7699845102751797,42315.37889210355,365,S4_twin_shock_cex_intervention,indonesia,USDC
834,0.7716432328495016,41257.49441980096,365,S4_twin_shock_cex_intervention,indonesia,USDC
835,0.7808536755377938,40226.057059305946,365,S4_twin_shock_cex_intervention,indonesia,USDC
836,0.7710358043774715,39220.40563282329,365,S4_twin_shock_cex_intervention,indonesia,USDC
837,0.7651710990483229,38239.89549200272,365,S4_twin_shock_cex_intervention,indonesia,USDC
838,0.773753624102118,37283.89810470265,365,S4_twin_shock_cex_intervention,indonesia,USDC
839,0.7831023769022725,36351.800652085076,365,S4_twin_shock_cex_intervention,indonesia,USDC
840,0.8012127355623798,35443.00563578295,365,S4_twin_shock_cex_intervention,indonesia,USDC
841,0.7899518601819585,34556.93049488838,365,S4_twin_shock_cex_intervention,indonesia,USDC
842,0.7948352169746696,33693.007232516175,365,S4_twin_shock_cex_intervention,indonesia,USDC
843,0.7898411751840622,32850.68205170327,365,S4_twin_shock_cex_intervention,indonesia,USDC
844,0.7835464901878414,32029.415000410685,365,S4_twin_shock_cex_intervention,indonesia,USDC
845,0.7887281839189317,31228.679625400422,365,S4_twin_shock_cex_intervention,indonesia,USDC
846,0.8081828361246506,30447.96263476541,365,S4_twin_shock_cex_intervention,indonesia,USDC
847,0.8070064727690226,29686.763568896276,365,S4_twin_shock_cex_intervention,indonesia,USDC
848,0.7835194326508412,28944.594479673862,365,S4_twin_shock_cex_intervention,indonesia,USDC
849,0.7964258320186672,28220.97961768202,365,S4_twin_shock_cex_intervention,indonesia,USDC
850,0.821563000594479,27515.45512723997,365,S4_twin_shock_cex_intervention,indonesia,USDC
851,0.8341552216172156,26827.56874905897,365,S4_twin_shock_cex_intervention,indonesia,USDC
852,0.817458857942364,26156.879530332495,365,S4_twin_shock_cex_intervention,indonesia,USDC
853,0.7985367988778738,25502.957542074186,365,S4_twin_shock_cex_intervention,indonesia,USDC
854,0.7863932323209887,24865.38360352233,365,S4_twin_shock_cex_intervention,indonesia,USDC
855,0.8010911989321008,24243.74901343427,365,S4_twin_shock_cex_intervention,indonesia,USDC
856,0.8081376892374498,23637.655288098413,365,S4_twin_shock_cex_intervention,indonesia,USDC
857,0.8139267281806348,23046.713905895955,365,S4_twin_shock_cex_intervention,indonesia,USDC
858,0.8084061354794214,22470.546058248554,365,S4_twin_shock_cex_intervention,indonesia,USDC
859,0.8128002161426757,21908.782406792343,365,S4_twin_shock_cex_intervention,indonesia,USDC
860,0.8234623857244785,21361.062846622535,365,S4_twin_shock_cex_intervention,indonesia,USDC
861,0.8036505934140471,20827.036275456972,365,S4_twin_shock_cex_intervention,indonesia,USDC
862,0.7819199492409781,20306.360368570546,365,S4_twin_shock_cex_intervention,indonesia,USDC
863,0.7789719982505606,19798.70135935628,365,S4_twin_shock_cex_intervention,indonesia,USDC
864,0.7630461581388449,19303.733825372376,365,S4_twin_shock_cex_intervention,indonesia,USDC
865,0.7669485709817271,18821.140479738064,365,S4_twin_shock_cex_intervention,indonesia,USDC
866,0.7788075091715194,18350.61196774461,365,S4_twin_shock_cex_intervention,indonesia,USDC
867,0.7908944336067019,17891.846668551,365,S4_twin_shock_cex_intervention,indonesia,USDC
868,0.7702343462802044,17444.550501837224,365,S4_twin_shock_cex_intervention,indonesia,USDC
869,0.818672821541916,17008.43673929129,365,S4_twin_shock_cex_intervention,indonesia,USDC
870,0.8485985411568251,16583.225820809013,365,S4_twin_shock_cex_intervention,indonesia,USDC
871,0.8251661099404944,16168.645175288786,365,S4_twin_shock_cex_intervention,indonesia,USDC
872,0.8077371905073245,15764.429045906567,365,S4_twin_shock_cex_intervention,indonesia,USDC
873,0.8207720470163344,15370.318319758902,365,S4_twin_shock_cex_intervention,indonesia,USDC
874,0.8569137912573258,14986.060361764929,365,S4_twin_shock_cex_intervention,indonesia,USDC
875,0.8479874680827022,14611.408852720804,365,S4_twin_shock_cex_intervention,indonesia,USDC
876,0.8555810603134126,14246.123631402786,365,S4_twin_shock_cex_intervention,indonesia,USDC
877,0.8394661050544882,13889.970540617716,365,S4_twin_shock_cex_intervention,indonesia,USDC
878,0.8199086772284756,13542.721277102271,365,S4_twin_shock_cex_intervention,indonesia,USDC
879,0.835513511653036,13204.153245174715,365,S4_twin_shock_cex_intervention,indonesia,USDC
880,0.8201693430902369,12874.049414045348,365,S4_twin_shock_cex_intervention,indonesia,USDC
881,0.7941728899744297,12552.198178694212,365,S4_twin_shock_cex_intervention,indonesia,USDC
882,0.7795200389999849,12238.39322422686,365,S4_twin_shock_cex_intervention,indonesia,USDC
883,0.7792087064131534,11932.433393621188,365,S4_twin_shock_cex_intervention,indonesia,USDC
884,0.7717391413407171,11634.122558780657,365,S4_twin_shock_cex_intervention,indonesia,USDC
885,0.7740886739999978,11343.269494811142,365,S4_twin_shock_cex_intervention,indonesia,USDC
886,0.7858645489111948,11059.687757440863,365,S4_twin_shock_cex_intervention,indonesia,USDC
887,0.7786813458200761,10783.19556350484,365,S4_twin_shock_cex_intervention,indonesia,USDC
888,0.7209747434846546,10513.61567441722,365,S4_twin_shock_cex_intervention,indonesia,USDC
889,0.7301160508473439,10250.77528255679,365,S4_twin_shock_cex_intervention,indonesia,USDC
890,0.7607848632205948,9994.50590049287,365,S4_twin_shock_cex_intervention,indonesia,USDC
891,0.7749991581025754,9744.643252980548,365,S4_twin_shock_cex_intervention,indonesia,USDC
892,0.7789626713335338,9501.027171656035,365,S4_twin_shock_cex_intervention,indonesia,USDC
893,0.77244811527688,9263.501492364634,365,S4_twin_shock_cex_intervention,indonesia,USDC
894,0.7795763891447038,9031.913955055517,365,S4_twin_shock_cex_intervention,indonesia,USDC
895,0.7955365148470654,8806.11610617913,365,S4_twin_shock_cex_intervention,indonesia,USDC
896,0.8271655693128889,8585.963203524652,365,S4_twin_shock_cex_intervention,indonesia,USDC
897,0.8180489227482303,8371.314123436536,365,S4_twin_shock_cex_intervention,indonesia,USDC
898,0.805681472737794,8162.0312703506215,365,S4_twin_shock_cex_intervention,indonesia,USDC
899,0.7865807776667041,7957.980488591857,365,S4_twin_shock_cex_intervention,indonesia,USDC
900,0.8116756992859561,7759.03097637706,365,S4_twin_shock_cex_intervention,indonesia,USDC
901,0.8004000121452352,7565.0552019676325,365,S4_twin_shock_cex_intervention,indonesia,USDC
902,0.7890591102753595,7375.928821918442,365,S4_twin_shock_cex_intervention,indonesia,USDC
903,0.8080562398640638,7191.530601370481,365,S4_twin_shock_cex_intervention,indonesia,USDC
904,0.8010553203958697,7011.7423363362195,365,S4_twin_shock_cex_intervention,indonesia,USDC
905,0.8261234917789534,6836.448777927813,365,S4_twin_shock_cex_intervention,indonesia,USDC
906,0.8393702274673045,6665.537558479618,365,S4_twin_shock_cex_intervention,indonesia,USDC
907,0.8136905831785324,6498.899119517627,365,S4_twin_shock_cex_intervention,indonesia,USDC
908,0.830163433568394,6336.426641529686,365,S4_twin_shock_cex_intervention,indonesia,USDC
909,0.8184055822822445,6178.015975491445,365,S4_twin_shock_cex_intervention,indonesia,USDC
910,0.8270437760823397,6023.565576104158,365,S4_twin_shock_cex_intervention,indonesia,USDC
911,0.8615918896028415,5872.976436701554,365,S4_twin_shock_cex_intervention,indonesia,USDC
912,0.8798352662973904,5726.152025784016,365,S4_twin_shock_cex_intervention,indonesia,USDC
913,0.874429229778761,5582.998225139415,365,S4_twin_shock_cex_intervention,indonesia,USDC
914,0.85356538794515,5443.4232695109295,365,S4_twin_shock_cex_intervention,indonesia,USDC
915,0.8340033169297785,5307.337687773156,365,S4_twin_shock_cex_intervention,indonesia,USDC
916,0.8356306850296281,5174.654245578828,365,S4_twin_shock_cex_intervention,indonesia,USDC
917,0.8396546200866064,5045.287889439357,365,S4_twin_shock_cex_intervention,indonesia,USDC
918,0.8300703814143553,4919.155692203372,365,S4_twin_shock_cex_intervention,indonesia,USDC
919,0.8475686656634751,4796.176799898289,365,S4_twin_shock_cex_intervention,indonesia,USDC
920,0.8275030718990092,4676.272379900831,365,S4_twin_shock_cex_intervention,indonesia,USDC
921,0.7987259761674571,4559.365570403311,365,S4_twin_shock_cex_intervention,indonesia,USDC
922,0.7990483320965146,4445.381431143228,365,S4_twin_shock_cex_intervention,indonesia,USDC
923,0.8136211926538978,4334.246895364647,365,S4_twin_shock_cex_intervention,indonesia,USDC
924,0.8300170533297487,4225.890722980531,365,S4_twin_shock_cex_intervention,indonesia,USDC
925,0.8376386135305336,4120.243454906018,365,S4_twin_shock_cex_intervention,indonesia,USDC
926,0.7932056600197497,4017.2373685333673,365,S4_twin_shock_cex_intervention,indonesia,USDC
927,0.8046693778954868,3916.806434320033,365,S4_twin_shock_cex_intervention,indonesia,USDC
928,0.7981327329872284,3818.8862734620325,365,S4_twin_shock_cex_intervention,indonesia,USDC
929,0.8010072555526613,3723.4141166254813,365,S4_twin_shock_cex_intervention,indonesia,USDC
930,0.8132811322295376,3630.3287637098447,365,S4_twin_shock_cex_intervention,indonesia,USDC
931,0.8043046927441406,3539.5705446170978,365,S4_twin_shock_cex_intervention,indonesia,USDC
932,0.8389094218294415,3451.0812810016705,365,S4_twin_shock_cex_intervention,indonesia,USDC
933,0.8640175341021487,3364.8042489766294,365,S4_twin_shock_cex_intervention,indonesia,USDC
934,0.8417936026883307,3280.684142752213,365,S4_twin_shock_cex_intervention,indonesia,USDC
935,0.8433581076418267,3198.6670391834077,365,S4_twin_shock_cex_intervention,indonesia,USDC
936,0.8525999753610282,3118.700363203823,365,S4_twin_shock_cex_intervention,indonesia,USDC
937,0.8510981886446548,3040.732854123727,365,S4_twin_shock_cex_intervention,indonesia,USDC
938,0.8627625274000096,2964.714532770634,365,S4_twin_shock_cex_intervention,indonesia,USDC
939,0.8581898532596949,2890.596669451368,365,S4_twin_shock_cex_intervention,indonesia,USDC
940,0.8517264482773045,2818.331752715084,365,S4_twin_shock_cex_intervention,indonesia,USDC
941,0.8325102529509371,2747.8734588972065,365,S4_twin_shock_cex_intervention,indonesia,USDC
942,0.8678035709046239,2679.1766224247767,365,S4_twin_shock_cex_intervention,indonesia,USDC
943,0.8646979576984244,2612.197206864157,365,S4_twin_shock_cex_intervention,indonesia,USDC
944,0.8528860989252962,2546.892276692553,365,S4_twin_shock_cex_intervention,indonesia,USDC
945,0.8568887060078616,2483.2199697752394,365,S4_twin_shock_cex_intervention,indonesia,USDC
946,0.8451405450764575,2421.1394705308585,365,S4_twin_shock_cex_intervention,indonesia,USDC
947,0.8352232665447461,2360.6109837675867,365,S4_twin_shock_cex_intervention,indonesia,USDC
948,0.8080028642658197,2301.595709173397,365,S4_twin_shock_cex_intervention,indonesia,USDC
949,0.8113339748513968,2244.0558164440627,365,S4_twin_shock_cex_intervention,indonesia,USDC
950,0.7887884743091098,2187.954421032961,365,S4_twin_shock_cex_intervention,indonesia,USDC
951,0.8029964409340932,2133.255560507137,365,S4_twin_shock_cex_intervention,indonesia,USDC
952,0.7945751646967099,2079.9241714944583,365,S4_twin_shock_cex_intervention,indonesia,USDC
953,0.7720480948743663,2027.926067207097,365,S4_twin_shock_cex_intervention,indonesia,USDC
954,0.7397894812863589,1977.2279155269193,365,S4_twin_shock_cex_intervention,indonesia,USDC
955,0.7215555963668098,1927.7972176387466,365,S4_twin_shock_cex_intervention,indonesia,USDC
956,0.736641367689324,1879.6022871977777,365,S4_twin_shock_cex_intervention,indonesia,USDC
957,0.7472536872613631,1832.6122300178333,365,S4_twin_shock_cex_intervention,indonesia,USDC
958,0.761270701144151,1786.7969242673876,365,S4_twin_shock_cex_intervention,indonesia,USDC
959,0.7680990160376682,1742.1270011607028,365,S4_twin_shock_cex_intervention,indonesia,USDC
960,0.7742398493778668,1698.573826131685,365,S4_twin_shock_cex_intervention,indonesia,USDC
961,0.7824682734972527,1656.1094804783934,365,S4_twin_shock_cex_intervention,indonesia,USDC
962,0.7809855804437968,1614.7067434664332,365,S4_twin_shock_cex_intervention,indonesia,USDC
963,0.7762948714573187,1574.3390748797724,365,S4_twin_shock_cex_intervention,indonesia,USDC
964,0.7868895801649612,1534.980598007778,365,S4_twin_shock_cex_intervention,indonesia,USDC
965,0.7919929009018127,1496.6060830575836,365,S4_twin_shock_cex_intervention,indonesia,USDC
966,0.7871903063327103,1459.190930981144,365,S4_twin_shock_cex_intervention,indonesia,USDC
967,0.7836087882436081,1422.7111577066155,365,S4_twin_shock_cex_intervention,indonesia,USDC
968,0.7757555250124726,1387.14337876395,365,S4_twin_shock_cex_intervention,indonesia,USDC
969,0.7764031920463431,1352.4647942948513,365,S4_twin_shock_cex_intervention,indonesia,USDC
970,0.7716973269784017,1318.6531744374802,365,S4_twin_shock_cex_intervention,indonesia,USDC
971,0.8072902146388425,1285.686845076543,365,S4_twin_shock_cex_intervention,indonesia,USDC
972,0.7988871304287026,1253.5446739496294,365,S4_twin_shock_cex_intervention,indonesia,USDC
973,0.8043608918920433,1222.2060571008888,365,S4_twin_shock_cex_intervention,indonesia,USDC
974,0.7797967563165905,1191.6509056733667,365,S4_twin_shock_cex_intervention,indonesia,USDC
975,0.7752660927059147,1161.8596330315322,365,S4_twin_shock_cex_intervention,indonesia,USDC
976,0.7417569600491045,1132.813142205744,365,S4_twin_shock_cex_intervention,indonesia,USDC
977,0.751411384940415,1104.4928136506005,365,S4_twin_shock_cex_intervention,indonesia,USDC
978,0.7424182669814878,1076.8804933093354,365,S4_twin_shock_cex_intervention,indonesia,USDC
979,0.7259445411915699,1049.958480976602,365,S4_twin_shock_cex_intervention,indonesia,USDC
980,0.7323662534957684,1023.709518952187,365,S4_twin_shock_cex_intervention,indonesia,USDC
981,0.7431675536477329,998.1167809783824,365,S4_twin_shock_cex_intervention,indonesia,USDC
982,0.7444687134483239,973.1638614539228,365,S4_twin_shock_cex_intervention,indonesia,USDC
983,0.7465759659852216,948.8347649175746,365,S4_twin_shock_cex_intervention,indonesia,USDC
984,0.7449862114983209,925.1138957946353,365,S4_twin_shock_cex_intervention,indonesia,USDC
985,0.7381335072891524,901.9860483997695,365,S4_twin_shock_cex_intervention,indonesia,USDC
986,0.762310353173128,879.4363971897752,365,S4_twin_shock_cex_intervention,indonesia,USDC
987,0.7510599927351853,857.4504872600309,365,S4_twin_shock_cex_intervention,indonesia,USDC
988,0.7517277003008752,836.01422507853,365,S4_twin_shock_cex_intervention,indonesia,USDC
989,0.7519007971063741,815.1138694515669,365,S4_twin_shock_cex_intervention,indonesia,USDC
990,0.756918296652632,794.7360227152776,365,S4_twin_shock_cex_intervention,indonesia,USDC
991,0.7524090956965098,774.8676221473958,365,S4_twin_shock_cex_intervention,indonesia,USDC
992,0.7729758269673506,755.4959315937109,365,S4_twin_shock_cex_intervention,indonesia,USDC
993,0.7773618139906555,736.6085333038681,365,S4_twin_shock_cex_intervention,indonesia,USDC
994,0.7633987147669758,718.1933199712714,365,S4_twin_shock_cex_intervention,indonesia,USDC
995,0.7856838484696392,700.2384869719897,365,S4_twin_shock_cex_intervention,indonesia,USDC
996,0.7988124881550315,682.73252479769,365,S4_twin_shock_cex_intervention,indonesia,USDC
997,0.7740446165461914,665.6642116777476,365,S4_twin_shock_cex_intervention,indonesia,USDC
998,0.7965672526624339,649.022606385804,365,S4_twin_shock_cex_intervention,indonesia,USDC
999,0.7928143809441449,632.7970412261589,365,S4_twin_shock_cex_intervention,indonesia,USDC
1000,0.8012073370648953,616.9771151955049,365,S4_twin_shock_cex_intervention,indonesia,USDC
