Step,price,liquidity,iteration,scenario,region,coin
1,250000.97864342626,2989876757980.3438,173,S4_twin_shock_cex_intervention,indonesia,USDC
2,187502.0,2989886132980.3438,173,S4_twin_shock_cex_intervention,indonesia,USDC
3,140627.0,2989893164230.3438,173,S4_twin_shock_cex_intervention,indonesia,USDC
4,105470.75,2989898437667.8438,173,S4_twin_shock_cex_intervention,indonesia,USDC
5,79103.5625,2989902392745.9688,173,S4_twin_shock_cex_intervention,indonesia,USDC
6,59328.171875,2989905359054.5625,173,S4_twin_shock_cex_intervention,indonesia,USDC
7,44496.62890625,2989907583786.008,173,S4_twin_shock_cex_intervention,indonesia,USDC
8,33372.9716796875,2989909252334.592,173,S4_twin_shock_cex_intervention,indonesia,USDC
9,25030.228759765625,2989910503746.03,173,S4_twin_shock_cex_intervention,indonesia,USDC
10,18773.17156982422,2989911442304.6084,173,S4_twin_shock_cex_intervention,indonesia,USDC
11,14080.378677368164,2989912146223.542,173,S4_twin_shock_cex_intervention,indonesia,USDC
12,10560.784008026123,2989912674162.7427,173,S4_twin_shock_cex_intervention,indonesia,USDC
13,7921.088006019592,2989913070117.1426,173,S4_twin_shock_cex_intervention,indonesia,USDC
14,5941.316004514694,2989913367082.9434,173,S4_twin_shock_cex_intervention,indonesia,USDC
15,4456.487003386021,2989913589807.2935,173,S4_twin_shock_cex_intervention,indonesia,USDC
16,3342.8652525395155,2989913756850.5557,173,S4_twin_shock_cex_intervention,indonesia,USDC
17,2507.6489394046366,2989913882133.003,173,S4_twin_shock_cex_intervention,indonesia,USDC
18,1881.2367045534775,2989913976094.838,173,S4_twin_shock_cex_intervention,indonesia,USDC
19,1411.427528415108,2989914046566.215,173,S4_twin_shock_cex_intervention,indonesia,USDC
20,1059.070646311331,2989914099419.747,173,S4_twin_shock_cex_intervention,indonesia,USDC
21,794.8029847334983,2989914139059.896,173,S4_twin_shock_cex_intervention,indonesia,USDC
22,596.6022385501237,2989914168790.0083,173,S4_twin_shock_cex_intervention,indonesia,USDC
23,447.9516789125928,2989914191087.592,173,S4_twin_shock_cex_intervention,indonesia,USDC
24,336.4637591844446,2989914207810.7803,173,S4_twin_shock_cex_intervention,indonesia,USDC
25,252.84781938833345,2989914220353.171,173,S4_twin_shock_cex_intervention,indonesia,USDC
26,190.1358645412501,2989914229759.9644,173,S4_twin_shock_cex_intervention,indonesia,USDC
27,143.1018984059376,2989914236815.0596,173,S4_twin_shock_cex_intervention,indonesia,USDC
28,107.82642380445319,2989914242106.3804,173,S4_twin_shock_cex_intervention,indonesia,USDC
29,81.3698178533399,2989914246074.8716,173,S4_twin_shock_cex_intervention,indonesia,USDC
30,61.52736339000492,2989914249051.2393,173,S4_twin_shock_cex_intervention,indonesia,USDC
31,46.6455225425037,2989914251283.5156,173,S4_twin_shock_cex_intervention,indonesia,USDC
32,35.484141906877774,2989914252957.7227,173,S4_twin_shock_cex_intervention,indonesia,USDC
33,27.11310643015833,2989914254213.378,173,S4_twin_shock_cex_intervention,indonesia,USDC
34,20.834829822618744,2989914255155.1196,173,S4_twin_shock_cex_intervention,indonesia,USDC
35,16.12612236696406,2989914255861.426,173,S4_twin_shock_cex_intervention,indonesia,USDC
36,12.594591775223044,2989914256391.1553,173,S4_twin_shock_cex_intervention,indonesia,USDC
37,9.945943831417281,2989914256788.4526,173,S4_twin_shock_cex_intervention,indonesia,USDC
38,7.959457873562963,2989914257086.426,173,S4_twin_shock_cex_intervention,indonesia,USDC
39,6.469593405172222,2989914257309.9053,173,S4_twin_shock_cex_intervention,indonesia,USDC
40,5.352195053879166,2989914257477.5146,173,S4_twin_shock_cex_intervention,indonesia,USDC
41,4.514146290409375,2989914257603.222,173,S4_twin_shock_cex_intervention,indonesia,USDC
42,3.8856097178070312,2989914257697.503,173,S4_twin_shock_cex_intervention,indonesia,USDC
43,3.414207288355273,2989914257768.213,173,S4_twin_shock_cex_intervention,indonesia,USDC
44,3.060655466266455,2989914257821.246,173,S4_twin_shock_cex_intervention,indonesia,USDC
45,2.795491599699841,2989914257861.0205,173,S4_twin_shock_cex_intervention,indonesia,USDC
46,2.596618699774881,2989914257890.851,173,S4_twin_shock_cex_intervention,indonesia,USDC
47,2.4474640248311608,2989914257913.2246,173,S4_twin_shock_cex_intervention,indonesia,USDC
48,2.3355980186233705,2989914257930.0044,173,S4_twin_shock_cex_intervention,indonesia,USDC
49,2.251698513967528,2989914257942.589,173,S4_twin_shock_cex_intervention,indonesia,USDC
50,2.188773885475646,2989914257952.028,173,S4_twin_shock_cex_intervention,indonesia,USDC
51,2.1415804141067345,2989914257959.1064,173,S4_twin_shock_cex_intervention,indonesia,USDC
52,2.106185310580051,2989914257964.416,173,S4_twin_shock_cex_intervention,indonesia,USDC
53,2.079638982935038,2989914257968.398,173,S4_twin_shock_cex_intervention,indonesia,USDC
54,2.0597292372012785,2989914257971.3843,173,S4_twin_shock_cex_intervention,indonesia,USDC
55,2.005114168959552,2989914257973.624,173,S4_twin_shock_cex_intervention,indonesia,USDC
56,1.9587811632300898,2989914257975.3037,173,S4_twin_shock_cex_intervention,indonesia,USDC
57,1.9073580391996,2989914257976.5635,173,S4_twin_shock_cex_intervention,indonesia,USDC
58,1.8304597034542671,2989914257977.5083,173,S4_twin_shock_cex_intervention,indonesia,USDC
59,1.7762135785316884,2989914257978.217,173,S4_twin_shock_cex_intervention,indonesia,USDC
60,1.7132121361353445,2989914257978.7485,173,S4_twin_shock_cex_intervention,indonesia,USDC
61,1.6021294797984458,2989914257979.1475,173,S4_twin_shock_cex_intervention,indonesia,USDC
62,1.5625547462140783,2989914257979.4463,173,S4_twin_shock_cex_intervention,indonesia,USDC
63,1.5298225403463743,2989914257979.67,173,S4_twin_shock_cex_intervention,indonesia,USDC
64,1.4413197280894399,2989914257979.8384,173,S4_twin_shock_cex_intervention,indonesia,USDC
65,1.3638375947147034,2989914257979.9644,173,S4_twin_shock_cex_intervention,indonesia,USDC
66,1.2726496508098126,2989914257980.0586,173,S4_twin_shock_cex_intervention,indonesia,USDC
67,1.2490466376191114,2989914257980.13,173,S4_twin_shock_cex_intervention,indonesia,USDC
68,1.2570328253112142,2989914257980.1826,173,S4_twin_shock_cex_intervention,indonesia,USDC
69,1.201336759402276,2989914257980.2227,173,S4_twin_shock_cex_intervention,indonesia,USDC
70,1.2351269680329622,2989914257980.253,173,S4_twin_shock_cex_intervention,indonesia,USDC
71,1.2141129976199718,2989914257980.2754,173,S4_twin_shock_cex_intervention,indonesia,USDC
72,1.1807692149056188,2989914257980.292,173,S4_twin_shock_cex_intervention,indonesia,USDC
73,1.1494330015128609,2989914257980.3047,173,S4_twin_shock_cex_intervention,indonesia,USDC
74,1.1403744763819272,2989914257980.314,173,S4_twin_shock_cex_intervention,indonesia,USDC
75,1.1021675949520233,2989914257980.321,173,S4_twin_shock_cex_intervention,indonesia,USDC
76,1.1029725425285615,2989914257980.326,173,S4_twin_shock_cex_intervention,indonesia,USDC
77,1.0679419339471883,2989914257980.3306,173,S4_twin_shock_cex_intervention,indonesia,USDC
78,1.0656153010999039,2989914257980.3335,173,S4_twin_shock_cex_intervention,indonesia,USDC
79,1.0698412392287815,2989914257980.3354,173,S4_twin_shock_cex_intervention,indonesia,USDC
80,1.0355850675618836,2989914257980.3374,173,S4_twin_shock_cex_intervention,indonesia,USDC
81,1.027389154172684,2989914257980.3384,173,S4_twin_shock_cex_intervention,indonesia,USDC
82,1.0300844204283608,2989914257980.34,173,S4_twin_shock_cex_intervention,indonesia,USDC
83,1.030152028067705,2989914257980.3403,173,S4_twin_shock_cex_intervention,indonesia,USDC
84,1.0533754286851187,2989914257980.341,173,S4_twin_shock_cex_intervention,indonesia,USDC
85,1.0352177313574278,2989914257980.341,173,S4_twin_shock_cex_intervention,indonesia,USDC
86,1.0355893563513907,2989914257980.3413,173,S4_twin_shock_cex_intervention,indonesia,USDC
87,1.057149289407031,2989914257980.342,173,S4_twin_shock_cex_intervention,indonesia,USDC
88,1.071155386509469,2989914257980.342,173,S4_twin_shock_cex_intervention,indonesia,USDC
89,1.051986883520873,2989914257980.342,173,S4_twin_shock_cex_intervention,indonesia,USDC
90,1.0388666484716989,2989914257980.342,173,S4_twin_shock_cex_intervention,indonesia,USDC
91,1.0491912475748797,2989914257980.342,173,S4_twin_shock_cex_intervention,indonesia,USDC
92,1.064238181630774,2989914257980.342,173,S4_twin_shock_cex_intervention,indonesia,USDC
93,1.0622801131565565,2989914257980.342,173,S4_twin_shock_cex_intervention,indonesia,USDC
94,1.0436565135543068,2989914257980.342,173,S4_twin_shock_cex_intervention,indonesia,USDC
95,1.026592007122335,2989914257980.342,173,S4_twin_shock_cex_intervention,indonesia,USDC
96,1.0533452135636148,2989914257980.342,173,S4_twin_shock_cex_intervention,indonesia,USDC
97,1.037321272862268,2989914257980.342,173,S4_twin_shock_cex_intervention,indonesia,USDC
98,1.0228572796491688,2989914257980.342,173,S4_twin_shock_cex_intervention,indonesia,USDC
99,0.9935892514023363,2989914257980.342,173,S4_twin_shock_cex_intervention,indonesia,USDC
100,0.9913267081505702,2989914257980.342,173,S4_twin_shock_cex_intervention,indonesia,USDC
101,0.832324861555022,2989914257980.342,173,S4_twin_shock_cex_intervention,indonesia,USDC
102,0.840430120075241,2981916852937.6987,173,S4_twin_shock_cex_intervention,indonesia,USDC
103,0.8355686912192818,2975398226553.4263,173,S4_twin_shock_cex_intervention,indonesia,USDC
104,0.8355530161945022,2969223154784.556,173,S4_twin_shock_cex_intervention,indonesia,USDC
105,0.8903573055200746,2963996151997.69,173,S4_twin_shock_cex_intervention,indonesia,USDC
106,0.8724965645187398,2961197828417.7715,173,S4_twin_shock_cex_intervention,indonesia,USDC
107,0.884725995277763,2958121770491.256,173,S4_twin_shock_cex_intervention,indonesia,USDC
108,0.888225350279559,2955753884500.172,173,S4_twin_shock_cex_intervention,indonesia,USDC
109,0.9097192710101822,2953674409415.824,173,S4_twin_shock_cex_intervention,indonesia,USDC
110,0.8990731719350988,2952271718857.8364,173,S4_twin_shock_cex_intervention,indonesia,USDC
111,0.9030227261607221,2950714338802.077,173,S4_twin_shock_cex_intervention,indonesia,USDC
112,0.9061459597055403,2949312768991.488,173,S4_twin_shock_cex_intervention,indonesia,USDC
113,0.9063580683422391,2948129633040.917,173,S4_twin_shock_cex_intervention,indonesia,USDC
114,0.9041063417339267,2947022441794.1147,173,S4_twin_shock_cex_intervention,indonesia,USDC
115,0.9077593383652912,2945888572407.865,173,S4_twin_shock_cex_intervention,indonesia,USDC
116,0.907642012784211,2944939523095.9766,173,S4_twin_shock_cex_intervention,indonesia,USDC
117,0.9318230641171545,2943997214243.5728,173,S4_twin_shock_cex_intervention,indonesia,USDC
118,0.9347337699101683,2943492433338.426,173,S4_twin_shock_cex_intervention,indonesia,USDC
119,0.9539824214548994,2943013996904.444,173,S4_twin_shock_cex_intervention,indonesia,USDC
120,0.9744733035556544,2942818473530.252,173,S4_twin_shock_cex_intervention,indonesia,USDC
121,0.9714032451108835,2869248011691.996,173,S4_twin_shock_cex_intervention,indonesia,USDC
122,0.9079996884818933,2797516811399.696,173,S4_twin_shock_cex_intervention,indonesia,USDC
123,0.9034793937557521,2726774701682.341,173,S4_twin_shock_cex_intervention,indonesia,USDC
124,0.8553230691445244,2657817312835.834,173,S4_twin_shock_cex_intervention,indonesia,USDC
125,0.8845852722677413,2590072673212.948,173,S4_twin_shock_cex_intervention,indonesia,USDC
126,0.8660805722487993,2524467572707.87,173,S4_twin_shock_cex_intervention,indonesia,USDC
127,0.8304621795316531,2460409155018.086,173,S4_twin_shock_cex_intervention,indonesia,USDC
128,0.8234719159772973,2397832849441.8955,173,S4_twin_shock_cex_intervention,indonesia,USDC
129,0.7898830859052035,2336856179890.4424,173,S4_twin_shock_cex_intervention,indonesia,USDC
130,0.7933301003058988,2277359040018.009,173,S4_twin_shock_cex_intervention,indonesia,USDC
131,0.8144721518644917,2219565843586.89,173,S4_twin_shock_cex_intervention,indonesia,USDC
132,0.8225010211300686,2163494963522.3806,173,S4_twin_shock_cex_intervention,indonesia,USDC
133,0.8120981644637957,2108909352211.0654,173,S4_twin_shock_cex_intervention,indonesia,USDC
134,0.7892571018911075,2055734347087.6167,173,S4_twin_shock_cex_intervention,indonesia,USDC
135,0.7890253156975209,2003932835499.02,173,S4_twin_shock_cex_intervention,indonesia,USDC
136,0.7677530909192811,1953476687673.5078,173,S4_twin_shock_cex_intervention,indonesia,USDC
137,0.7529332901832521,1904314491275.8818,173,S4_twin_shock_cex_intervention,indonesia,USDC
138,0.7588109195010038,1856440846012.7314,173,S4_twin_shock_cex_intervention,indonesia,USDC
139,0.7560824850776832,1809826855417.7612,173,S4_twin_shock_cex_intervention,indonesia,USDC
140,0.777605691292952,1764418600916.7812,173,S4_twin_shock_cex_intervention,indonesia,USDC
141,0.7756845246879465,1720193050935.2256,173,S4_twin_shock_cex_intervention,indonesia,USDC
142,0.7793135989689176,1677094127828.4185,173,S4_twin_shock_cex_intervention,indonesia,USDC
143,0.7794281653924986,1635093750534.8425,173,S4_twin_shock_cex_intervention,indonesia,USDC
144,0.7893504627638076,1594156943391.2534,173,S4_twin_shock_cex_intervention,indonesia,USDC
145,0.7895340506335449,1554254264289.7468,173,S4_twin_shock_cex_intervention,indonesia,USDC
146,0.7848783373564528,1515360583746.6094,173,S4_twin_shock_cex_intervention,indonesia,USDC
147,0.7717102090318858,1477444983112.6233,173,S4_twin_shock_cex_intervention,indonesia,USDC
148,0.7637873737270585,1440479395558.8237,173,S4_twin_shock_cex_intervention,indonesia,USDC
149,0.7446522500849233,1404443962563.72,173,S4_twin_shock_cex_intervention,indonesia,USDC
150,0.7321474317698675,1369312474857.6426,173,S4_twin_shock_cex_intervention,indonesia,USDC
151,0.7541129068842646,1335062615817.1235,173,S4_twin_shock_cex_intervention,indonesia,USDC
152,0.7557406271662132,1301674534420.06,173,S4_twin_shock_cex_intervention,indonesia,USDC
153,0.7499845629449449,1269123335318.6458,173,S4_twin_shock_cex_intervention,indonesia,USDC
154,0.7322290073212226,1237388207295.902,173,S4_twin_shock_cex_intervention,indonesia,USDC
155,0.7567846891192469,1206447275346.4316,173,S4_twin_shock_cex_intervention,indonesia,USDC
156,0.7648338979899308,1176281772481.96,173,S4_twin_shock_cex_intervention,indonesia,USDC
157,0.7880808488287575,1146871546498.919,173,S4_twin_shock_cex_intervention,indonesia,USDC
158,0.7818685840607369,1118197610965.5256,173,S4_twin_shock_cex_intervention,indonesia,USDC
159,0.7975269143123289,1090240842112.4373,173,S4_twin_shock_cex_intervention,indonesia,USDC
160,0.8127295553923471,1062983423853.8105,173,S4_twin_shock_cex_intervention,indonesia,USDC
161,0.8080184566881139,1036407760397.2534,173,S4_twin_shock_cex_intervention,indonesia,USDC
162,0.8113171142845432,1010496613757.6289,173,S4_twin_shock_cex_intervention,indonesia,USDC
163,0.8037164415654542,985233421024.9978,173,S4_twin_shock_cex_intervention,indonesia,USDC
164,0.7857918336928755,960601917645.4309,173,S4_twin_shock_cex_intervention,indonesia,USDC
165,0.7843147508944625,936586241726.3302,173,S4_twin_shock_cex_intervention,indonesia,USDC
166,0.7791871729279386,913171082546.4135,173,S4_twin_shock_cex_intervention,indonesia,USDC
167,0.7912406075734313,890341393951.9207,173,S4_twin_shock_cex_intervention,indonesia,USDC
168,0.7863945035690617,868082546728.9657,173,S4_twin_shock_cex_intervention,indonesia,USDC
169,0.8250623934858292,846380224247.8064,173,S4_twin_shock_cex_intervention,indonesia,USDC
170,0.8179863793941043,825220547637.898,173,S4_twin_shock_cex_intervention,indonesia,USDC
171,0.7913513448817004,804589877001.8088,173,S4_twin_shock_cex_intervention,indonesia,USDC
172,0.7837026702119504,784474973926.9596,173,S4_twin_shock_cex_intervention,indonesia,USDC
173,0.7823859763279988,764862971338.4448,173,S4_twin_shock_cex_intervention,indonesia,USDC
174,0.7741452907127719,745741286844.7441,173,S4_twin_shock_cex_intervention,indonesia,USDC
175,0.7562674247588097,727097659691.5583,173,S4_twin_shock_cex_intervention,indonesia,USDC
176,0.7578182039247432,708920135475.7393,173,S4_twin_shock_cex_intervention,indonesia,USDC
177,0.7845559656971696,691197069308.3593,173,S4_twin_shock_cex_intervention,indonesia,USDC
178,0.7657784166590282,673917099467.532,173,S4_twin_shock_cex_intervention,indonesia,USDC
179,0.7626370910665574,657069133405.3853,173,S4_twin_shock_cex_intervention,indonesia,USDC
180,0.7831417273624646,640642375193.1368,173,S4_twin_shock_cex_intervention,indonesia,USDC
181,0.7828115494287611,624626294334.6721,173,S4_twin_shock_cex_intervention,indonesia,USDC
182,0.7819423227378596,609010619363.8333,173,S4_twin_shock_cex_intervention,indonesia,USDC
183,0.769020059215877,593785338510.3579,173,S4_twin_shock_cex_intervention,indonesia,USDC
184,0.7796755517533019,578940692567.467,173,S4_twin_shock_cex_intervention,indonesia,USDC
185,0.7710803581450718,564467165362.5642,173,S4_twin_shock_cex_intervention,indonesia,USDC
186,0.780065494463215,550355478200.9729,173,S4_twin_shock_cex_intervention,indonesia,USDC
187,0.762528593296779,536596584936.62366,173,S4_twin_shock_cex_intervention,indonesia,USDC
188,0.7481023622354989,523181664722.48926,173,S4_twin_shock_cex_intervention,indonesia,USDC
189,0.7738392592251435,510102118259.20123,173,S4_twin_shock_cex_intervention,indonesia,USDC
190,0.766480122968258,497349561912.9599,173,S4_twin_shock_cex_intervention,indonesia,USDC
191,0.7641661384189106,484915820113.1758,173,S4_twin_shock_cex_intervention,indonesia,USDC
192,0.7631562531805818,472792922485.8064,173,S4_twin_shock_cex_intervention,indonesia,USDC
193,0.759016929645028,460973097715.71875,173,S4_twin_shock_cex_intervention,indonesia,USDC
194,0.7701991279336609,449448768854.36566,173,S4_twin_shock_cex_intervention,indonesia,USDC
195,0.7745609885319873,438212548590.6094,173,S4_twin_shock_cex_intervention,indonesia,USDC
196,0.7933931221943893,427257234037.2538,173,S4_twin_shock_cex_intervention,indonesia,USDC
197,0.7933562976124331,416575802575.1963,173,S4_twin_shock_cex_intervention,indonesia,USDC
198,0.7777503313681725,406161406986.83386,173,S4_twin_shock_cex_intervention,indonesia,USDC
199,0.7771370442930065,396007371363.2455,173,S4_twin_shock_cex_intervention,indonesia,USDC
200,0.7833641170967459,386107186700.50977,173,S4_twin_shock_cex_intervention,indonesia,USDC
201,0.7716953240929763,376454506739.4245,173,S4_twin_shock_cex_intervention,indonesia,USDC
202,0.7864215709912655,367043143819.029,173,S4_twin_shock_cex_intervention,indonesia,USDC
203,0.8033412158237054,357867065048.81824,173,S4_twin_shock_cex_intervention,indonesia,USDC
204,0.8118248549005134,348920388284.1914,173,S4_twin_shock_cex_intervention,indonesia,USDC
205,0.8274039573074086,340197378472.5182,173,S4_twin_shock_cex_intervention,indonesia,USDC
206,0.8180304655505758,331692443933.0065,173,S4_twin_shock_cex_intervention,indonesia,USDC
207,0.8200423213012841,323400132758.71387,173,S4_twin_shock_cex_intervention,indonesia,USDC
208,0.8247727626399454,315315129379.031,173,S4_twin_shock_cex_intervention,indonesia,USDC
209,0.8220665857469481,307432251095.5672,173,S4_twin_shock_cex_intervention,indonesia,USDC
210,0.8075509441821843,299746444772.54456,173,S4_twin_shock_cex_intervention,indonesia,USDC
211,0.8125453724780858,292252783611.6328,173,S4_twin_shock_cex_intervention,indonesia,USDC
212,0.8239749082701803,284946463988.2905,173,S4_twin_shock_cex_intervention,indonesia,USDC
213,0.8261841814616109,277822802363.2696,173,S4_twin_shock_cex_intervention,indonesia,USDC
214,0.7961583550870988,270877232281.41125,173,S4_twin_shock_cex_intervention,indonesia,USDC
215,0.7874814310076204,264105301450.9261,173,S4_twin_shock_cex_intervention,indonesia,USDC
216,0.7784524701235089,257502668895.62146,173,S4_twin_shock_cex_intervention,indonesia,USDC
217,0.7941928092679019,251065102156.43732,173,S4_twin_shock_cex_intervention,indonesia,USDC
218,0.7969927491236223,244788474590.3139,173,S4_twin_shock_cex_intervention,indonesia,USDC
219,0.7924093317405024,238668762715.38177,173,S4_twin_shock_cex_intervention,indonesia,USDC
220,0.7978848796611447,232702043638.49255,173,S4_twin_shock_cex_intervention,indonesia,USDC
221,0.8116105772749901,226884492540.6737,173,S4_twin_shock_cex_intervention,indonesia,USDC
222,0.8267454766410359,221212380221.8275,173,S4_twin_shock_cex_intervention,indonesia,USDC
223,0.8314368783398501,215682070712.31055,173,S4_twin_shock_cex_intervention,indonesia,USDC
224,0.8315425574881955,210290018941.07132,173,S4_twin_shock_cex_intervention,indonesia,USDC
225,0.8049231413095306,205032768464.60547,173,S4_twin_shock_cex_intervention,indonesia,USDC
226,0.8094616886276383,199906949250.10706,173,S4_twin_shock_cex_intervention,indonesia,USDC
227,0.829165093367136,194909275516.41022,173,S4_twin_shock_cex_intervention,indonesia,USDC
228,0.8163963825233482,190036543626.7451,173,S4_twin_shock_cex_intervention,indonesia,USDC
229,0.836521418802082,185285630034.40283,173,S4_twin_shock_cex_intervention,indonesia,USDC
230,0.8539430962543066,180653489282.34265,173,S4_twin_shock_cex_intervention,indonesia,USDC
231,0.8624474677035482,176137152049.3827,173,S4_twin_shock_cex_intervention,indonesia,USDC
232,0.872605082563904,171733723247.42752,173,S4_twin_shock_cex_intervention,indonesia,USDC
233,0.8781129901497436,167440380165.6719,173,S4_twin_shock_cex_intervention,indonesia,USDC
234,0.8712538079410864,163254370661.04337,173,S4_twin_shock_cex_intervention,indonesia,USDC
235,0.871988853199596,159173011394.0066,173,S4_twin_shock_cex_intervention,indonesia,USDC
236,0.8391641432339247,155193686108.7206,173,S4_twin_shock_cex_intervention,indonesia,USDC
237,0.8044930254859824,151313843955.46518,173,S4_twin_shock_cex_intervention,indonesia,USDC
238,0.8121295390220133,147530997856.01135,173,S4_twin_shock_cex_intervention,indonesia,USDC
239,0.8019717085570671,143842722909.15717,173,S4_twin_shock_cex_intervention,indonesia,USDC
240,0.7939558960584976,140246654836.00177,173,S4_twin_shock_cex_intervention,indonesia,USDC
241,0.804832775216597,136740488464.7384,173,S4_twin_shock_cex_intervention,indonesia,USDC
242,0.827755647928748,133321976252.82678,173,S4_twin_shock_cex_intervention,indonesia,USDC
243,0.8174994151710642,129988926846.3049,173,S4_twin_shock_cex_intervention,indonesia,USDC
244,0.8100266223372937,126739203674.95432,173,S4_twin_shock_cex_intervention,indonesia,USDC
245,0.8125851215857056,123570723582.90984,173,S4_twin_shock_cex_intervention,indonesia,USDC
246,0.7938894655344976,120481455493.20525,173,S4_twin_shock_cex_intervention,indonesia,USDC
247,0.8143474952315823,117469419105.7422,173,S4_twin_shock_cex_intervention,indonesia,USDC
248,0.8437635460364465,114532683628.00826,173,S4_twin_shock_cex_intervention,indonesia,USDC
249,0.8283817275469946,111669366537.24455,173,S4_twin_shock_cex_intervention,indonesia,USDC
250,0.8199310259550927,108877632373.75238,173,S4_twin_shock_cex_intervention,indonesia,USDC
251,0.7977508056049656,106155691564.35269,173,S4_twin_shock_cex_intervention,indonesia,USDC
252,0.7979759406495355,103501799275.1856,173,S4_twin_shock_cex_intervention,indonesia,USDC
253,0.7900737979491175,100914254293.26,173,S4_twin_shock_cex_intervention,indonesia,USDC
254,0.7761636454545114,98391397935.88853,173,S4_twin_shock_cex_intervention,indonesia,USDC
255,0.8287344061629375,95931612987.456,173,S4_twin_shock_cex_intervention,indonesia,USDC
256,0.8502246180302239,93533322662.74838,173,S4_twin_shock_cex_intervention,indonesia,USDC
257,0.8389257927046078,91194989596.16426,173,S4_twin_shock_cex_intervention,indonesia,USDC
258,0.8287557709819452,88915114856.245,173,S4_twin_shock_cex_intervention,indonesia,USDC
259,0.825309001014028,86692236984.8256,173,S4_twin_shock_cex_intervention,indonesia,USDC
260,0.8220434117131931,84524931060.19249,173,S4_twin_shock_cex_intervention,indonesia,USDC
261,0.8113516060315685,82411807783.67746,173,S4_twin_shock_cex_intervention,indonesia,USDC
262,0.8215098182474124,80351512589.07555,173,S4_twin_shock_cex_intervention,indonesia,USDC
263,0.8020446258248505,78342724774.34131,173,S4_twin_shock_cex_intervention,indonesia,USDC
264,0.8006194710332469,76384156654.97522,173,S4_twin_shock_cex_intervention,indonesia,USDC
265,0.7969333440540658,74474552738.59491,173,S4_twin_shock_cex_intervention,indonesia,USDC
266,0.8083193320266578,72612688920.12476,173,S4_twin_shock_cex_intervention,indonesia,USDC
267,0.8120721028933028,70797371697.11765,173,S4_twin_shock_cex_intervention,indonesia,USDC
268,0.8080343632404956,69027437404.68636,173,S4_twin_shock_cex_intervention,indonesia,USDC
269,0.8351167088960785,67301751469.566376,173,S4_twin_shock_cex_intervention,indonesia,USDC
270,0.8350396902789949,65619207682.82525,173,S4_twin_shock_cex_intervention,indonesia,USDC
271,0.8506024619886929,63978727490.752945,173,S4_twin_shock_cex_intervention,indonesia,USDC
272,0.8375748440607365,62379259303.48278,173,S4_twin_shock_cex_intervention,indonesia,USDC
273,0.8074977515173547,60819777820.89438,173,S4_twin_shock_cex_intervention,indonesia,USDC
274,0.8014932452618011,59299283375.37063,173,S4_twin_shock_cex_intervention,indonesia,USDC
275,0.8224021107020979,57816801290.98514,173,S4_twin_shock_cex_intervention,indonesia,USDC
276,0.805845023711079,56371381258.70965,173,S4_twin_shock_cex_intervention,indonesia,USDC
277,0.779345164323755,54962096727.24108,173,S4_twin_shock_cex_intervention,indonesia,USDC
278,0.7854425504059325,53588044309.05928,173,S4_twin_shock_cex_intervention,indonesia,USDC
279,0.7754305706663932,52248343201.33215,173,S4_twin_shock_cex_intervention,indonesia,USDC
280,0.7926590413834504,50942134621.29834,173,S4_twin_shock_cex_intervention,indonesia,USDC
281,0.7995179391996421,49668581255.765495,173,S4_twin_shock_cex_intervention,indonesia,USDC
282,0.8106575626545671,48426866724.37105,173,S4_twin_shock_cex_intervention,indonesia,USDC
283,0.8142703991298006,47216195056.26153,173,S4_twin_shock_cex_intervention,indonesia,USDC
284,0.8481502011019191,46035790179.854805,173,S4_twin_shock_cex_intervention,indonesia,USDC
285,0.8392434676043212,44884895425.35831,173,S4_twin_shock_cex_intervention,indonesia,USDC
286,0.820642085730652,43762773039.72422,173,S4_twin_shock_cex_intervention,indonesia,USDC
287,0.8390813627805493,42668703713.730995,173,S4_twin_shock_cex_intervention,indonesia,USDC
288,0.8292045643151315,41601986120.88763,173,S4_twin_shock_cex_intervention,indonesia,USDC
289,0.8304783857949417,40561936467.86536,173,S4_twin_shock_cex_intervention,indonesia,USDC
290,0.8555942819838702,39547888056.16865,173,S4_twin_shock_cex_intervention,indonesia,USDC
291,0.8581733025973526,38559190854.76439,173,S4_twin_shock_cex_intervention,indonesia,USDC
292,0.8208112603352746,37595211083.395226,173,S4_twin_shock_cex_intervention,indonesia,USDC
293,0.8136105512593885,36655330806.310295,173,S4_twin_shock_cex_intervention,indonesia,USDC
294,0.823586324481994,35738947536.1525,173,S4_twin_shock_cex_intervention,indonesia,USDC
295,0.8246797460928668,34845473847.74864,173,S4_twin_shock_cex_intervention,indonesia,USDC
296,0.835081381222599,33974337001.5549,173,S4_twin_shock_cex_intervention,indonesia,USDC
297,0.8122638024763384,33124978576.516003,173,S4_twin_shock_cex_intervention,indonesia,USDC
298,0.8062825987475539,32296854112.10308,173,S4_twin_shock_cex_intervention,indonesia,USDC
299,0.8150200025823898,31489432759.300476,173,S4_twin_shock_cex_intervention,indonesia,USDC
300,0.7811628682345476,30702196940.317947,173,S4_twin_shock_cex_intervention,indonesia,USDC
301,0.779349120860008,29934642016.809982,173,S4_twin_shock_cex_intervention,indonesia,USDC
302,0.7993495693261264,29186275966.389713,173,S4_twin_shock_cex_intervention,indonesia,USDC
303,0.8094116501350862,28456619067.229958,173,S4_twin_shock_cex_intervention,indonesia,USDC
304,0.812428355687274,27745203590.549202,173,S4_twin_shock_cex_intervention,indonesia,USDC
305,0.8123784354887944,27051573500.78546,173,S4_twin_shock_cex_intervention,indonesia,USDC
306,0.8211577976205318,26375284163.265816,173,S4_twin_shock_cex_intervention,indonesia,USDC
307,0.8094397357915156,25715902059.184166,173,S4_twin_shock_cex_intervention,indonesia,USDC
308,0.8053463972057701,25073004507.70456,173,S4_twin_shock_cex_intervention,indonesia,USDC
309,0.7863313711458404,24446179395.01194,173,S4_twin_shock_cex_intervention,indonesia,USDC
310,0.79110192856647,23835024910.13664,173,S4_twin_shock_cex_intervention,indonesia,USDC
311,0.7834130829024585,23239149287.38322,173,S4_twin_shock_cex_intervention,indonesia,USDC
312,0.7855803341053889,22658170555.19864,173,S4_twin_shock_cex_intervention,indonesia,USDC
313,0.7709848741360508,22091716291.31867,173,S4_twin_shock_cex_intervention,indonesia,USDC
314,0.758356703589031,21539423384.035698,173,S4_twin_shock_cex_intervention,indonesia,USDC
315,0.7540472773901246,21000937799.434807,173,S4_twin_shock_cex_intervention,indonesia,USDC
316,0.7563169146869119,20475914354.448936,173,S4_twin_shock_cex_intervention,indonesia,USDC
317,0.7846409036112956,19964016495.58771,173,S4_twin_shock_cex_intervention,indonesia,USDC
318,0.81061348773846,19464916083.19802,173,S4_twin_shock_cex_intervention,indonesia,USDC
319,0.8111587721300425,18978293181.118073,173,S4_twin_shock_cex_intervention,indonesia,USDC
320,0.8062502526008225,18503835851.59012,173,S4_twin_shock_cex_intervention,indonesia,USDC
321,0.7843974073804275,18041239955.300365,173,S4_twin_shock_cex_intervention,indonesia,USDC
322,0.791873623108365,17590208956.41786,173,S4_twin_shock_cex_intervention,indonesia,USDC
323,0.7953533912328762,17150453732.507412,173,S4_twin_shock_cex_intervention,indonesia,USDC
324,0.7904076968259909,16721692389.194725,173,S4_twin_shock_cex_intervention,indonesia,USDC
325,0.8104622756100737,16303650079.464859,173,S4_twin_shock_cex_intervention,indonesia,USDC
326,0.8229896931336809,15896058827.478237,173,S4_twin_shock_cex_intervention,indonesia,USDC
327,0.8164244861223724,15498657356.79128,173,S4_twin_shock_cex_intervention,indonesia,USDC
328,0.7982770845919676,15111190922.8715,173,S4_twin_shock_cex_intervention,indonesia,USDC
329,0.8084155467148281,14733411149.799711,173,S4_twin_shock_cex_intervention,indonesia,USDC
330,0.8075935819326927,14365075871.05472,173,S4_twin_shock_cex_intervention,indonesia,USDC
331,0.7759033057491415,14005948974.278353,173,S4_twin_shock_cex_intervention,indonesia,USDC
332,0.780930425367439,13655800249.92139,173,S4_twin_shock_cex_intervention,indonesia,USDC
333,0.7570957098311498,13314405243.673355,173,S4_twin_shock_cex_intervention,indonesia,USDC
334,0.7755426080614719,12981545112.581524,173,S4_twin_shock_cex_intervention,indonesia,USDC
335,0.7784683475811147,12657006484.766987,173,S4_twin_shock_cex_intervention,indonesia,USDC
336,0.7865489341206028,12340581322.64781,173,S4_twin_shock_cex_intervention,indonesia,USDC
337,0.814915803459788,12032066789.581615,173,S4_twin_shock_cex_intervention,indonesia,USDC
338,0.8170648096485795,11731265119.842075,173,S4_twin_shock_cex_intervention,indonesia,USDC
339,0.8098811245302973,11437983491.846024,173,S4_twin_shock_cex_intervention,indonesia,USDC
340,0.8160428988860041,11152033904.549871,173,S4_twin_shock_cex_intervention,indonesia,USDC
341,0.8041385922065827,10873233056.936127,173,S4_twin_shock_cex_intervention,indonesia,USDC
342,0.8200774382085375,10601402230.512722,173,S4_twin_shock_cex_intervention,indonesia,USDC
343,0.8061390959048648,10336367174.749905,173,S4_twin_shock_cex_intervention,indonesia,USDC
344,0.7698852386025625,10077957995.381157,173,S4_twin_shock_cex_intervention,indonesia,USDC
345,0.7801883418658072,9826009045.496628,173,S4_twin_shock_cex_intervention,indonesia,USDC
346,0.7916422941149108,9580358819.359211,173,S4_twin_shock_cex_intervention,indonesia,USDC
347,0.7296429613836571,9340849848.87523,173,S4_twin_shock_cex_intervention,indonesia,USDC
348,0.7548087200760686,9107328602.65335,173,S4_twin_shock_cex_intervention,indonesia,USDC
349,0.7884918969916026,8879645387.587017,173,S4_twin_shock_cex_intervention,indonesia,USDC
350,0.7839013722799939,8657654252.897343,173,S4_twin_shock_cex_intervention,indonesia,USDC
351,0.7939923370210089,8441212896.574908,173,S4_twin_shock_cex_intervention,indonesia,USDC
352,0.7897269972837218,8230182574.160535,173,S4_twin_shock_cex_intervention,indonesia,USDC
353,0.7795614249279169,8024428009.806522,173,S4_twin_shock_cex_intervention,indonesia,USDC
354,0.7755393195525232,7823817309.561359,173,S4_twin_shock_cex_intervention,indonesia,USDC
355,0.7823617066158154,7628221876.822325,173,S4_twin_shock_cex_intervention,indonesia,USDC
356,0.788577709267068,7437516329.901768,173,S4_twin_shock_cex_intervention,indonesia,USDC
357,0.7897632539281823,7251578421.6542225,173,S4_twin_shock_cex_intervention,indonesia,USDC
358,0.7915916310333017,7070288961.112866,173,S4_twin_shock_cex_intervention,indonesia,USDC
359,0.7752272181982711,6893531737.085045,173,S4_twin_shock_cex_intervention,indonesia,USDC
360,0.7463476076794638,6721193443.657919,173,S4_twin_shock_cex_intervention,indonesia,USDC
361,0.7200730733431708,6553163607.566471,173,S4_twin_shock_cex_intervention,indonesia,USDC
362,0.7132927980192766,6389334517.37731,173,S4_twin_shock_cex_intervention,indonesia,USDC
363,0.6944314931389182,6229601154.442877,173,S4_twin_shock_cex_intervention,indonesia,USDC
364,0.7220350189754076,6073861125.581804,173,S4_twin_shock_cex_intervention,indonesia,USDC
365,0.7277710652909256,5922014597.44226,173,S4_twin_shock_cex_intervention,indonesia,USDC
366,0.7402786575720505,5773964232.506203,173,S4_twin_shock_cex_intervention,indonesia,USDC
367,0.7462541285841492,5629615126.693547,173,S4_twin_shock_cex_intervention,indonesia,USDC
368,0.7595332144202063,5488874748.526209,173,S4_twin_shock_cex_intervention,indonesia,USDC
369,0.7553791103657479,5351652879.813054,173,S4_twin_shock_cex_intervention,indonesia,USDC
370,0.7748530602337069,5217861557.817728,173,S4_twin_shock_cex_intervention,indonesia,USDC
371,0.7748788157423783,5087415018.872284,173,S4_twin_shock_cex_intervention,indonesia,USDC
372,0.8023280781808227,4960229643.400477,173,S4_twin_shock_cex_intervention,indonesia,USDC
373,0.7927776944972174,4836223902.315465,173,S4_twin_shock_cex_intervention,indonesia,USDC
374,0.7292184284592974,4715318304.757579,173,S4_twin_shock_cex_intervention,indonesia,USDC
375,0.7272217735104727,4597435347.138639,173,S4_twin_shock_cex_intervention,indonesia,USDC
376,0.7310297057599003,4482499463.460174,173,S4_twin_shock_cex_intervention,indonesia,USDC
377,0.7441222924728778,4370436976.873669,173,S4_twin_shock_cex_intervention,indonesia,USDC
378,0.7512414292370411,4261176052.4518275,173,S4_twin_shock_cex_intervention,indonesia,USDC
379,0.7637477746165359,4154646651.1405315,173,S4_twin_shock_cex_intervention,indonesia,USDC
380,0.7390509315358224,4050780484.8620176,173,S4_twin_shock_cex_intervention,indonesia,USDC
381,0.7460499214368739,3949510972.7404675,173,S4_twin_shock_cex_intervention,indonesia,USDC
382,0.7243867078301734,3850773198.4219556,173,S4_twin_shock_cex_intervention,indonesia,USDC
383,0.7420488120055255,3754503868.4614067,173,S4_twin_shock_cex_intervention,indonesia,USDC
384,0.7596591970192252,3660641271.749872,173,S4_twin_shock_cex_intervention,indonesia,USDC
385,0.7729351440779145,3569125239.9561253,173,S4_twin_shock_cex_intervention,indonesia,USDC
386,0.7767704373096199,3479897108.957222,173,S4_twin_shock_cex_intervention,indonesia,USDC
387,0.7767411649244558,3392899681.2332916,173,S4_twin_shock_cex_intervention,indonesia,USDC
388,0.7661355135141482,3308077189.2024593,173,S4_twin_shock_cex_intervention,indonesia,USDC
389,0.7687193632722137,3225375259.472398,173,S4_twin_shock_cex_intervention,indonesia,USDC
390,0.761679485306324,3144740877.985588,173,S4_twin_shock_cex_intervention,indonesia,USDC
391,0.7643384613834028,3066122356.0359483,173,S4_twin_shock_cex_intervention,indonesia,USDC
392,0.753760861201315,2989469297.13505,173,S4_twin_shock_cex_intervention,indonesia,USDC
393,0.7321250661430503,2914732564.7066736,173,S4_twin_shock_cex_intervention,indonesia,USDC
394,0.7467854278407148,2841864250.5890064,173,S4_twin_shock_cex_intervention,indonesia,USDC
395,0.7357298728344697,2770817644.3242817,173,S4_twin_shock_cex_intervention,indonesia,USDC
396,0.737560924433276,2701547203.2161746,173,S4_twin_shock_cex_intervention,indonesia,USDC
397,0.7392170706944472,2634008523.13577,173,S4_twin_shock_cex_intervention,indonesia,USDC
398,0.7393504802136373,2568158310.057376,173,S4_twin_shock_cex_intervention,indonesia,USDC
399,0.7708063820027274,2503954352.3059416,173,S4_twin_shock_cex_intervention,indonesia,USDC
400,0.7452991450141506,2441355493.498293,173,S4_twin_shock_cex_intervention,indonesia,USDC
401,0.7570149450644108,2380321606.1608353,173,S4_twin_shock_cex_intervention,indonesia,USDC
402,0.7580801930626246,2320813566.0068145,173,S4_twin_shock_cex_intervention,indonesia,USDC
403,0.7473090840778905,2262793226.856644,173,S4_twin_shock_cex_intervention,indonesia,USDC
404,0.739873571999668,2206223396.185228,173,S4_twin_shock_cex_intervention,indonesia,USDC
405,0.7437275694229448,2151067811.280597,173,S4_twin_shock_cex_intervention,indonesia,USDC
406,0.7229733567557134,2097291115.9985824,173,S4_twin_shock_cex_intervention,indonesia,USDC
407,0.7305835634599371,2044858838.0986176,173,S4_twin_shock_cex_intervention,indonesia,USDC
408,0.7424096731534342,1993737367.1461523,173,S4_twin_shock_cex_intervention,indonesia,USDC
409,0.7323249996236446,1943893932.9674985,173,S4_twin_shock_cex_intervention,indonesia,USDC
410,0.747106266399341,1895296584.643311,173,S4_twin_shock_cex_intervention,indonesia,USDC
411,0.7583048784251832,1847914170.0272284,173,S4_twin_shock_cex_intervention,indonesia,USDC
412,0.747904470462187,1801716315.7765477,173,S4_twin_shock_cex_intervention,indonesia,USDC
413,0.7938853678253851,1756673407.882134,173,S4_twin_shock_cex_intervention,indonesia,USDC
414,0.765388834558587,1712756572.6850805,173,S4_twin_shock_cex_intervention,indonesia,USDC
415,0.7566444452540817,1669937658.3679538,173,S4_twin_shock_cex_intervention,indonesia,USDC
416,0.7364779838447413,1628189216.9087546,173,S4_twin_shock_cex_intervention,indonesia,USDC
417,0.7465471925608148,1587484486.4860358,173,S4_twin_shock_cex_intervention,indonesia,USDC
418,0.7577987615073958,1547797374.3238847,173,S4_twin_shock_cex_intervention,indonesia,USDC
419,0.7682129507636114,1509102439.965788,173,S4_twin_shock_cex_intervention,indonesia,USDC
420,0.7381481122795567,1471374878.966643,173,S4_twin_shock_cex_intervention,indonesia,USDC
421,0.7764885608200618,1434590506.992477,173,S4_twin_shock_cex_intervention,indonesia,USDC
422,0.7787623731386067,1398725744.317665,173,S4_twin_shock_cex_intervention,indonesia,USDC
423,0.758897158260685,1363757600.7097235,173,S4_twin_shock_cex_intervention,indonesia,USDC
424,0.7745334381193695,1329663660.6919804,173,S4_twin_shock_cex_intervention,indonesia,USDC
425,0.7584006517015776,1296422069.174681,173,S4_twin_shock_cex_intervention,indonesia,USDC
426,0.7523069050110542,1264011517.445314,173,S4_twin_shock_cex_intervention,indonesia,USDC
427,0.7620449332445384,1232411229.509181,173,S4_twin_shock_cex_intervention,indonesia,USDC
428,0.7673132796726118,1201600948.7714515,173,S4_twin_shock_cex_intervention,indonesia,USDC
429,0.7466510373419656,1171560925.052165,173,S4_twin_shock_cex_intervention,indonesia,USDC
430,0.7442227204949852,1142271901.9258611,173,S4_twin_shock_cex_intervention,indonesia,USDC
431,0.7516714521446872,1113715104.3777144,173,S4_twin_shock_cex_intervention,indonesia,USDC
432,0.7561506591334632,1085872226.7682717,173,S4_twin_shock_cex_intervention,indonesia,USDC
433,0.7795093414105182,1058725421.0990648,173,S4_twin_shock_cex_intervention,indonesia,USDC
434,0.7742827628532746,1032257285.571588,173,S4_twin_shock_cex_intervention,indonesia,USDC
435,0.760491077375908,1006450853.4322984,173,S4_twin_shock_cex_intervention,indonesia,USDC
436,0.7623256070980607,981289582.096491,173,S4_twin_shock_cex_intervention,indonesia,USDC
437,0.7659707358400705,956757342.5440787,173,S4_twin_shock_cex_intervention,indonesia,USDC
438,0.7296646541573001,932838408.9804767,173,S4_twin_shock_cex_intervention,indonesia,USDC
439,0.7324226302862427,909517448.7559648,173,S4_twin_shock_cex_intervention,indonesia,USDC
440,0.7455892117143595,886779512.5370657,173,S4_twin_shock_cex_intervention,indonesia,USDC
441,0.7365622189222563,864610024.723639,173,S4_twin_shock_cex_intervention,indonesia,USDC
442,0.7524858314810705,842994774.1055481,173,S4_twin_shock_cex_intervention,indonesia,USDC
443,0.7749709722816267,821919904.7529094,173,S4_twin_shock_cex_intervention,indonesia,USDC
444,0.7623137151842039,801371907.1340866,173,S4_twin_shock_cex_intervention,indonesia,USDC
445,0.7796793493353084,781337609.4557345,173,S4_twin_shock_cex_intervention,indonesia,USDC
446,0.8094365210960319,761804169.2193412,173,S4_twin_shock_cex_intervention,indonesia,USDC
447,0.7952490738703356,742759064.9888576,173,S4_twin_shock_cex_intervention,indonesia,USDC
448,0.7983649420079678,724190088.3641362,173,S4_twin_shock_cex_intervention,indonesia,USDC
449,0.8026539819592925,706085336.1550328,173,S4_twin_shock_cex_intervention,indonesia,USDC
450,0.8235209643803042,688433202.7511569,173,S4_twin_shock_cex_intervention,indonesia,USDC
451,0.8347994082661027,671222372.682378,173,S4_twin_shock_cex_intervention,indonesia,USDC
452,0.8564046123802367,654441813.3653185,173,S4_twin_shock_cex_intervention,indonesia,USDC
453,0.8657592035309276,638080768.0311856,173,S4_twin_shock_cex_intervention,indonesia,USDC
454,0.8738477620410127,622128748.830406,173,S4_twin_shock_cex_intervention,indonesia,USDC
455,0.8821306593667717,606575530.1096458,173,S4_twin_shock_cex_intervention,indonesia,USDC
456,0.8553623592589478,591411141.8569046,173,S4_twin_shock_cex_intervention,indonesia,USDC
457,0.8162018439536782,576625863.310482,173,S4_twin_shock_cex_intervention,indonesia,USDC
458,0.801748345841524,562210216.72772,173,S4_twin_shock_cex_intervention,indonesia,USDC
459,0.8073203777343378,548154961.3095269,173,S4_twin_shock_cex_intervention,indonesia,USDC
460,0.7960410093172301,534451087.27678883,173,S4_twin_shock_cex_intervention,indonesia,USDC
461,0.78676819477543,521089810.09486914,173,S4_twin_shock_cex_intervention,indonesia,USDC
462,0.7788191240978353,508062564.84249735,173,S4_twin_shock_cex_intervention,indonesia,USDC
463,0.7784024505611071,495361000.72143495,173,S4_twin_shock_cex_intervention,indonesia,USDC
464,0.8188812070474383,482976975.70339906,173,S4_twin_shock_cex_intervention,indonesia,USDC
465,0.828719430271459,470902551.31081414,173,S4_twin_shock_cex_intervention,indonesia,USDC
466,0.8260974985915013,459129987.52804375,173,S4_twin_shock_cex_intervention,indonesia,USDC
467,0.8210617688957967,447651737.8398427,173,S4_twin_shock_cex_intervention,indonesia,USDC
468,0.8103934377469293,436460444.39384663,173,S4_twin_shock_cex_intervention,indonesia,USDC
469,0.8398291770781066,425548933.28400046,173,S4_twin_shock_cex_intervention,indonesia,USDC
470,0.8601341062899406,414910209.9519004,173,S4_twin_shock_cex_intervention,indonesia,USDC
471,0.8482940526642347,404537454.70310295,173,S4_twin_shock_cex_intervention,indonesia,USDC
472,0.8724667835214049,394424018.3355254,173,S4_twin_shock_cex_intervention,indonesia,USDC
473,0.876038019531053,384563417.8771372,173,S4_twin_shock_cex_intervention,indonesia,USDC
474,0.8731797349852357,374949332.4302088,173,S4_twin_shock_cex_intervention,indonesia,USDC
475,0.8636013155593223,365575599.11945355,173,S4_twin_shock_cex_intervention,indonesia,USDC
476,0.8516261635225336,356436209.1414672,173,S4_twin_shock_cex_intervention,indonesia,USDC
477,0.8355085047113299,347525303.91293055,173,S4_twin_shock_cex_intervention,indonesia,USDC
478,0.8103329002313678,338837171.3151073,173,S4_twin_shock_cex_intervention,indonesia,USDC
479,0.8145618758777861,330366242.0322296,173,S4_twin_shock_cex_intervention,indonesia,USDC
480,0.8342222062487956,322107085.98142385,173,S4_twin_shock_cex_intervention,indonesia,USDC
481,0.8308586166299221,314054408.83188826,173,S4_twin_shock_cex_intervention,indonesia,USDC
482,0.8482255519023596,306203048.611091,173,S4_twin_shock_cex_intervention,indonesia,USDC
483,0.8572893005287946,298547972.39581376,173,S4_twin_shock_cex_intervention,indonesia,USDC
484,0.8658977948830753,291084273.0859184,173,S4_twin_shock_cex_intervention,indonesia,USDC
485,0.8802046024953146,283807166.25877047,173,S4_twin_shock_cex_intervention,indonesia,USDC
486,0.8849417777508066,276711987.1023012,173,S4_twin_shock_cex_intervention,indonesia,USDC
487,0.8617069293234535,269794187.42474365,173,S4_twin_shock_cex_intervention,indonesia,USDC
488,0.8616833061107084,263049332.73912504,173,S4_twin_shock_cex_intervention,indonesia,USDC
489,0.8488499511393157,256473099.42064694,173,S4_twin_shock_cex_intervention,indonesia,USDC
490,0.8352722111792221,250061271.93513072,173,S4_twin_shock_cex_intervention,indonesia,USDC
491,0.8185211729242915,243809740.13675246,173,S4_twin_shock_cex_intervention,indonesia,USDC
492,0.7998557305610944,237714496.63333368,173,S4_twin_shock_cex_intervention,indonesia,USDC
493,0.7756640656741993,231771634.21750033,173,S4_twin_shock_cex_intervention,indonesia,USDC
494,0.7753681013648013,225977343.3620628,173,S4_twin_shock_cex_intervention,indonesia,USDC
495,0.7612334090192211,220327909.77801126,173,S4_twin_shock_cex_intervention,indonesia,USDC
496,0.7627169236054319,214819712.033561,173,S4_twin_shock_cex_intervention,indonesia,USDC
497,0.7660940520877201,209449219.23272192,173,S4_twin_shock_cex_intervention,indonesia,USDC
498,0.7821939885105007,204212988.7519039,173,S4_twin_shock_cex_intervention,indonesia,USDC
499,0.8030074830852378,199107664.0331063,173,S4_twin_shock_cex_intervention,indonesia,USDC
500,0.8175969201308225,194129972.43227863,173,S4_twin_shock_cex_intervention,indonesia,USDC
501,0.8225011886916807,189276723.12147164,173,S4_twin_shock_cex_intervention,indonesia,USDC
502,0.8219439371615698,184544805.0434349,173,S4_twin_shock_cex_intervention,indonesia,USDC
503,0.8248746798232213,179931184.91734898,173,S4_twin_shock_cex_intervention,indonesia,USDC
504,0.831256220513674,175432905.2944153,173,S4_twin_shock_cex_intervention,indonesia,USDC
505,0.8261073916397349,171047082.6620549,173,S4_twin_shock_cex_intervention,indonesia,USDC
506,0.8131838405260542,166770905.59550354,173,S4_twin_shock_cex_intervention,indonesia,USDC
507,0.7740463663854823,162601632.95561594,173,S4_twin_shock_cex_intervention,indonesia,USDC
508,0.7794518377217395,158536592.13172552,173,S4_twin_shock_cex_intervention,indonesia,USDC
509,0.7786148534873402,154573177.32843238,173,S4_twin_shock_cex_intervention,indonesia,USDC
510,0.7876417459427474,150708847.8952216,173,S4_twin_shock_cex_intervention,indonesia,USDC
511,0.8015936442920765,146941126.69784105,173,S4_twin_shock_cex_intervention,indonesia,USDC
512,0.8252188534401257,143267598.53039503,173,S4_twin_shock_cex_intervention,indonesia,USDC
513,0.8413398237675364,139685908.56713516,173,S4_twin_shock_cex_intervention,indonesia,USDC
514,0.8273750834603877,136193760.85295677,173,S4_twin_shock_cex_intervention,indonesia,USDC
515,0.8551593693849973,132788916.83163284,173,S4_twin_shock_cex_intervention,indonesia,USDC
516,0.8529200235377886,129469193.91084202,173,S4_twin_shock_cex_intervention,indonesia,USDC
517,0.8799590918585688,126232464.06307095,173,S4_twin_shock_cex_intervention,indonesia,USDC
518,0.86602405319517,123076652.46149419,173,S4_twin_shock_cex_intervention,indonesia,USDC
519,0.8664678312595896,119999736.14995682,173,S4_twin_shock_cex_intervention,indonesia,USDC
520,0.8568263717676268,116999742.74620792,173,S4_twin_shock_cex_intervention,indonesia,USDC
521,0.8877256619350555,114074749.1775527,173,S4_twin_shock_cex_intervention,indonesia,USDC
522,0.8770142241127501,111222880.44811389,173,S4_twin_shock_cex_intervention,indonesia,USDC
523,0.8635203737338193,108442308.43691105,173,S4_twin_shock_cex_intervention,indonesia,USDC
524,0.8464314287273561,105731250.72598827,173,S4_twin_shock_cex_intervention,indonesia,USDC
525,0.8570186966946332,103087969.45783857,173,S4_twin_shock_cex_intervention,indonesia,USDC
526,0.8481796833706343,100510770.2213926,173,S4_twin_shock_cex_intervention,indonesia,USDC
527,0.8649682276828576,97998000.96585779,173,S4_twin_shock_cex_intervention,indonesia,USDC
528,0.860816711768768,95548050.94171134,173,S4_twin_shock_cex_intervention,indonesia,USDC
529,0.8561005785067134,93159349.66816856,173,S4_twin_shock_cex_intervention,indonesia,USDC
530,0.8598011834227205,90830365.92646435,173,S4_twin_shock_cex_intervention,indonesia,USDC
531,0.8591013805723653,88559606.77830273,173,S4_twin_shock_cex_intervention,indonesia,USDC
532,0.8571985974218211,86345616.60884517,173,S4_twin_shock_cex_intervention,indonesia,USDC
533,0.8327096975727474,84186976.19362403,173,S4_twin_shock_cex_intervention,indonesia,USDC
534,0.8260877528660618,82082301.78878345,173,S4_twin_shock_cex_intervention,indonesia,USDC
535,0.8114780871861285,80030244.24406385,173,S4_twin_shock_cex_intervention,indonesia,USDC
536,0.8067947721114489,78029488.13796225,173,S4_twin_shock_cex_intervention,indonesia,USDC
537,0.8067077027701197,76078750.93451321,173,S4_twin_shock_cex_intervention,indonesia,USDC
538,0.8220740563907779,74176782.16115037,173,S4_twin_shock_cex_intervention,indonesia,USDC
539,0.7908072346477695,72322362.60712162,173,S4_twin_shock_cex_intervention,indonesia,USDC
540,0.8244086886726452,70514303.54194357,173,S4_twin_shock_cex_intervention,indonesia,USDC
541,0.8211150418241152,68751445.95339498,173,S4_twin_shock_cex_intervention,indonesia,USDC
542,0.8260410325344452,67032659.80456011,173,S4_twin_shock_cex_intervention,indonesia,USDC
543,0.8287520543221781,65356843.30944611,173,S4_twin_shock_cex_intervention,indonesia,USDC
544,0.8220145583576165,63722922.22670996,173,S4_twin_shock_cex_intervention,indonesia,USDC
545,0.8247365695950346,62129849.17104221,173,S4_twin_shock_cex_intervention,indonesia,USDC
546,0.8128335966094601,60576602.94176616,173,S4_twin_shock_cex_intervention,indonesia,USDC
547,0.8106107915583337,59062187.868222,173,S4_twin_shock_cex_intervention,indonesia,USDC
548,0.8257558659188008,57585633.17151645,173,S4_twin_shock_cex_intervention,indonesia,USDC
549,0.8501706183974571,56145992.34222854,173,S4_twin_shock_cex_intervention,indonesia,USDC
550,0.8550924879337594,54742342.53367283,173,S4_twin_shock_cex_intervention,indonesia,USDC
551,0.8446570412997373,53373783.970331006,173,S4_twin_shock_cex_intervention,indonesia,USDC
552,0.8253253696061287,52039439.37107273,173,S4_twin_shock_cex_intervention,indonesia,USDC
553,0.8292603972894594,50738453.38679591,173,S4_twin_shock_cex_intervention,indonesia,USDC
554,0.8412316323506901,49469992.05212602,173,S4_twin_shock_cex_intervention,indonesia,USDC
555,0.860644010987581,48233242.25082287,173,S4_twin_shock_cex_intervention,indonesia,USDC
556,0.8443130278967347,47027411.194552295,173,S4_twin_shock_cex_intervention,indonesia,USDC
557,0.846899812885729,45851725.91468848,173,S4_twin_shock_cex_intervention,indonesia,USDC
558,0.8139102571934759,44705432.76682128,173,S4_twin_shock_cex_intervention,indonesia,USDC
559,0.7899206449642099,43587796.947650746,173,S4_twin_shock_cex_intervention,indonesia,USDC
560,0.8014439735794412,42498102.02395947,173,S4_twin_shock_cex_intervention,indonesia,USDC
561,0.7971873024501303,41435649.47336049,173,S4_twin_shock_cex_intervention,indonesia,USDC
562,0.8056712930642768,40399758.236526474,173,S4_twin_shock_cex_intervention,indonesia,USDC
563,0.8190515939972275,39389764.28061331,173,S4_twin_shock_cex_intervention,indonesia,USDC
564,0.8422166745691363,38405020.17359798,173,S4_twin_shock_cex_intervention,indonesia,USDC
565,0.8315505934574277,37444894.66925803,173,S4_twin_shock_cex_intervention,indonesia,USDC
566,0.8117893002472201,36508772.30252658,173,S4_twin_shock_cex_intervention,indonesia,USDC
567,0.8055133850607771,35596052.994963415,173,S4_twin_shock_cex_intervention,indonesia,USDC
568,0.8177810171209465,34706151.67008933,173,S4_twin_shock_cex_intervention,indonesia,USDC
569,0.8296412696598985,33838497.87833709,173,S4_twin_shock_cex_intervention,indonesia,USDC
570,0.685819349825407,32992535.431378663,173,S4_twin_shock_cex_intervention,indonesia,USDC
571,0.6942443416143789,32167722.0455942,173,S4_twin_shock_cex_intervention,indonesia,USDC
572,0.7133475957707791,31363528.994454347,173,S4_twin_shock_cex_intervention,indonesia,USDC
573,0.7249419729641269,30579440.769592986,173,S4_twin_shock_cex_intervention,indonesia,USDC
574,0.7214760413349479,29814954.75035316,173,S4_twin_shock_cex_intervention,indonesia,USDC
575,0.7424763633595426,29069580.88159433,173,S4_twin_shock_cex_intervention,indonesia,USDC
576,0.7276343956169028,28342841.359554477,173,S4_twin_shock_cex_intervention,indonesia,USDC
577,0.7207670110152355,27634270.325565614,173,S4_twin_shock_cex_intervention,indonesia,USDC
578,0.7459835043494412,26943413.567426473,173,S4_twin_shock_cex_intervention,indonesia,USDC
579,0.748183238976072,26269828.22824081,173,S4_twin_shock_cex_intervention,indonesia,USDC
580,0.7646197690490901,25613082.52253479,173,S4_twin_shock_cex_intervention,indonesia,USDC
581,0.7887619305114904,24972755.459471423,173,S4_twin_shock_cex_intervention,indonesia,USDC
582,0.7952514594802631,24348436.572984636,173,S4_twin_shock_cex_intervention,indonesia,USDC
583,0.8208118195520933,23739725.658660017,173,S4_twin_shock_cex_intervention,indonesia,USDC
584,0.8072817987050059,23146232.51719352,173,S4_twin_shock_cex_intervention,indonesia,USDC
585,0.7824541134397159,22567576.70426368,173,S4_twin_shock_cex_intervention,indonesia,USDC
586,0.7851246640396279,22003387.286657088,173,S4_twin_shock_cex_intervention,indonesia,USDC
587,0.7582518329378133,21453302.60449066,173,S4_twin_shock_cex_intervention,indonesia,USDC
588,0.7523983300381536,20916970.039378397,173,S4_twin_shock_cex_intervention,indonesia,USDC
589,0.7604996664630592,20394045.788393937,173,S4_twin_shock_cex_intervention,indonesia,USDC
590,0.7730341885111647,19884194.64368409,173,S4_twin_shock_cex_intervention,indonesia,USDC
591,0.792348633531217,19387089.777591985,173,S4_twin_shock_cex_intervention,indonesia,USDC
592,0.8124726702768009,18902412.533152185,173,S4_twin_shock_cex_intervention,indonesia,USDC
593,0.8116332975850895,18429852.219823383,173,S4_twin_shock_cex_intervention,indonesia,USDC
594,0.8063784408149537,17969105.914327797,173,S4_twin_shock_cex_intervention,indonesia,USDC
595,0.7746245592642707,17519878.2664696,173,S4_twin_shock_cex_intervention,indonesia,USDC
596,0.7577790084189147,17081881.309807863,173,S4_twin_shock_cex_intervention,indonesia,USDC
597,0.7608357371819887,16654834.277062666,173,S4_twin_shock_cex_intervention,indonesia,USDC
598,0.7783529966241872,16238463.420136098,173,S4_twin_shock_cex_intervention,indonesia,USDC
599,0.7898822980199711,15832501.834632695,173,S4_twin_shock_cex_intervention,indonesia,USDC
600,0.7841966659214377,15436689.28876688,173,S4_twin_shock_cex_intervention,indonesia,USDC
601,0.7706807912363154,15050772.056547705,173,S4_twin_shock_cex_intervention,indonesia,USDC
602,0.765016055176077,14674502.755134013,173,S4_twin_shock_cex_intervention,indonesia,USDC
603,0.7979172160377498,14307640.186255662,173,S4_twin_shock_cex_intervention,indonesia,USDC
604,0.8193990379716058,13949949.181599269,173,S4_twin_shock_cex_intervention,indonesia,USDC
605,0.8335431030295968,13601200.452059288,173,S4_twin_shock_cex_intervention,indonesia,USDC
606,0.8514194756850438,13261170.440757805,173,S4_twin_shock_cex_intervention,indonesia,USDC
607,0.8553401904724172,12929641.179738859,173,S4_twin_shock_cex_intervention,indonesia,USDC
608,0.8630200376185735,12606400.150245387,173,S4_twin_shock_cex_intervention,indonesia,USDC
609,0.8742854798094022,12291240.146489253,173,S4_twin_shock_cex_intervention,indonesia,USDC
610,0.8930175274637588,11983959.142827021,173,S4_twin_shock_cex_intervention,indonesia,USDC
611,0.8670049299178755,11684360.164256345,173,S4_twin_shock_cex_intervention,indonesia,USDC
612,0.8318574894391183,11392251.160149937,173,S4_twin_shock_cex_intervention,indonesia,USDC
613,0.8557934952054501,11107444.881146187,173,S4_twin_shock_cex_intervention,indonesia,USDC
614,0.844437022428631,10829758.759117533,173,S4_twin_shock_cex_intervention,indonesia,USDC
615,0.8389346959326458,10559014.790139595,173,S4_twin_shock_cex_intervention,indonesia,USDC
616,0.6999499972985785,10295039.420386106,173,S4_twin_shock_cex_intervention,indonesia,USDC
617,0.6865344831832351,10037663.434876451,173,S4_twin_shock_cex_intervention,indonesia,USDC
618,0.6893780226149081,9786721.84900454,173,S4_twin_shock_cex_intervention,indonesia,USDC
619,0.6917241585775661,9542053.802779429,173,S4_twin_shock_cex_intervention,indonesia,USDC
620,0.7079480559073844,9303502.457709942,173,S4_twin_shock_cex_intervention,indonesia,USDC
621,0.7335837234092171,9070914.896267194,173,S4_twin_shock_cex_intervention,indonesia,USDC
622,0.749150411289526,8844142.023860514,173,S4_twin_shock_cex_intervention,indonesia,USDC
623,0.7761377093047761,8623038.473264001,173,S4_twin_shock_cex_intervention,indonesia,USDC
624,0.780125073954093,8407462.5114324,173,S4_twin_shock_cex_intervention,indonesia,USDC
625,0.788414340173839,8197275.94864659,173,S4_twin_shock_cex_intervention,indonesia,USDC
626,0.7877358391249805,7992344.049930426,173,S4_twin_shock_cex_intervention,indonesia,USDC
627,0.7745615438877387,7792535.448682165,173,S4_twin_shock_cex_intervention,indonesia,USDC
628,0.789593557879321,7597722.062465111,173,S4_twin_shock_cex_intervention,indonesia,USDC
629,0.7825790052422369,7407779.010903483,173,S4_twin_shock_cex_intervention,indonesia,USDC
630,0.7785516517273519,7222584.535630897,173,S4_twin_shock_cex_intervention,indonesia,USDC
631,0.7688577248901791,7042019.922240123,173,S4_twin_shock_cex_intervention,indonesia,USDC
632,0.7888415703724039,6865969.424184121,173,S4_twin_shock_cex_intervention,indonesia,USDC
633,0.7850936336556112,6694320.188579518,173,S4_twin_shock_cex_intervention,indonesia,USDC
634,0.7727090759149176,6526962.18386503,173,S4_twin_shock_cex_intervention,indonesia,USDC
635,0.7806279892710255,6363788.129268404,173,S4_twin_shock_cex_intervention,indonesia,USDC
636,0.8130485363808924,6204693.426036694,173,S4_twin_shock_cex_intervention,indonesia,USDC
637,0.8184587096318192,6049576.090385777,173,S4_twin_shock_cex_intervention,indonesia,USDC
638,0.8245908837265791,5898336.688126132,173,S4_twin_shock_cex_intervention,indonesia,USDC
639,0.8317733179519489,5750878.270922979,173,S4_twin_shock_cex_intervention,indonesia,USDC
640,0.8316240609187151,5607106.314149905,173,S4_twin_shock_cex_intervention,indonesia,USDC
641,0.8383467921244621,5466928.656296157,173,S4_twin_shock_cex_intervention,indonesia,USDC
642,0.8705659596465916,5330255.439888753,173,S4_twin_shock_cex_intervention,indonesia,USDC
643,0.8506642248746673,5196999.053891534,173,S4_twin_shock_cex_intervention,indonesia,USDC
644,0.8473596736376092,5067074.077544246,173,S4_twin_shock_cex_intervention,indonesia,USDC
645,0.8207628501099866,4940397.22560564,173,S4_twin_shock_cex_intervention,indonesia,USDC
646,0.8194109386555349,4816887.294965499,173,S4_twin_shock_cex_intervention,indonesia,USDC
647,0.8515659942843196,4696465.112591362,173,S4_twin_shock_cex_intervention,indonesia,USDC
648,0.8125301259719052,4579053.484776577,173,S4_twin_shock_cex_intervention,indonesia,USDC
649,0.8129696816519308,4464577.1476571625,173,S4_twin_shock_cex_intervention,indonesia,USDC
650,0.8048698324589414,4352962.718965733,173,S4_twin_shock_cex_intervention,indonesia,USDC
651,0.8042984542338376,4244138.650991591,173,S4_twin_shock_cex_intervention,indonesia,USDC
652,0.8147964842140202,4138035.1847168,173,S4_twin_shock_cex_intervention,indonesia,USDC
653,0.810427737006508,4034584.30509888,173,S4_twin_shock_cex_intervention,indonesia,USDC
654,0.8164212066307341,3933719.697471408,173,S4_twin_shock_cex_intervention,indonesia,USDC
655,0.827103222485205,3835376.705034624,173,S4_twin_shock_cex_intervention,indonesia,USDC
656,0.8077830682515972,3739492.287408758,173,S4_twin_shock_cex_intervention,indonesia,USDC
657,0.7918403024480954,3646004.9802235393,173,S4_twin_shock_cex_intervention,indonesia,USDC
658,0.7710680341014731,3554854.8557179505,173,S4_twin_shock_cex_intervention,indonesia,USDC
659,0.7780231506650146,3465983.4843250015,173,S4_twin_shock_cex_intervention,indonesia,USDC
660,0.7860689564602716,3379333.897216877,173,S4_twin_shock_cex_intervention,indonesia,USDC
661,0.8081303675777096,3294850.549786455,173,S4_twin_shock_cex_intervention,indonesia,USDC
662,0.8198367043886634,3212479.2860417934,173,S4_twin_shock_cex_intervention,indonesia,USDC
663,0.8092018588216607,3132167.3038907484,173,S4_twin_shock_cex_intervention,indonesia,USDC
664,0.8248864280459938,3053863.1212934796,173,S4_twin_shock_cex_intervention,indonesia,USDC
665,0.8067989596434861,2977516.5432611424,173,S4_twin_shock_cex_intervention,indonesia,USDC
666,0.8120981514696582,2903078.629679614,173,S4_twin_shock_cex_intervention,indonesia,USDC
667,0.8174245202876854,2830501.6639376236,173,S4_twin_shock_cex_intervention,indonesia,USDC
668,0.803737403034442,2759739.122339183,173,S4_twin_shock_cex_intervention,indonesia,USDC
669,0.8073741073460439,2690745.6442807033,173,S4_twin_shock_cex_intervention,indonesia,USDC
670,0.7811660190903416,2623477.0031736856,173,S4_twin_shock_cex_intervention,indonesia,USDC
671,0.799068550844122,2557890.0780943437,173,S4_twin_shock_cex_intervention,indonesia,USDC
672,0.7777079424940258,2493942.826141985,173,S4_twin_shock_cex_intervention,indonesia,USDC
673,0.7615481852256168,2431594.2554884353,173,S4_twin_shock_cex_intervention,indonesia,USDC
674,0.7781317824730409,2370804.3991012243,173,S4_twin_shock_cex_intervention,indonesia,USDC
675,0.7750818235975488,2311534.2891236935,173,S4_twin_shock_cex_intervention,indonesia,USDC
676,0.7679739337609323,2253745.9318956016,173,S4_twin_shock_cex_intervention,indonesia,USDC
677,0.7773665449997795,2197402.2835982116,173,S4_twin_shock_cex_intervention,indonesia,USDC
678,0.7436420790940004,2142467.226508256,173,S4_twin_shock_cex_intervention,indonesia,USDC
679,0.7698376439444441,2088905.5458455498,173,S4_twin_shock_cex_intervention,indonesia,USDC
680,0.76694386203384,2036682.9071994112,173,S4_twin_shock_cex_intervention,indonesia,USDC
681,0.7747051611642325,1985765.8345194259,173,S4_twin_shock_cex_intervention,indonesia,USDC
682,0.7760988490146147,1936121.68865644,173,S4_twin_shock_cex_intervention,indonesia,USDC
683,0.773753079301726,1887718.6464400291,173,S4_twin_shock_cex_intervention,indonesia,USDC
684,0.800376596272851,1840525.6802790281,173,S4_twin_shock_cex_intervention,indonesia,USDC
685,0.823079651996032,1794512.5382720525,173,S4_twin_shock_cex_intervention,indonesia,USDC
686,0.8122548641659203,1749649.7248152513,173,S4_twin_shock_cex_intervention,indonesia,USDC
687,0.7933807820800193,1705908.48169487,173,S4_twin_shock_cex_intervention,indonesia,USDC
688,0.8003364313401898,1663260.7696524982,173,S4_twin_shock_cex_intervention,indonesia,USDC
689,0.8151681039003708,1621679.2504111857,173,S4_twin_shock_cex_intervention,indonesia,USDC
690,0.8287131148183845,1581137.2691509062,173,S4_twin_shock_cex_intervention,indonesia,USDC
691,0.8156902531184189,1541608.8374221334,173,S4_twin_shock_cex_intervention,indonesia,USDC
692,0.8240776286928918,1503068.61648658,173,S4_twin_shock_cex_intervention,indonesia,USDC
693,0.8366229288505954,1465491.9010744155,173,S4_twin_shock_cex_intervention,indonesia,USDC
694,0.8400816866910393,1428854.6035475554,173,S4_twin_shock_cex_intervention,indonesia,USDC
695,0.829368304675531,1393133.2384588665,173,S4_twin_shock_cex_intervention,indonesia,USDC
696,0.8456415435758248,1358304.9074973948,173,S4_twin_shock_cex_intervention,indonesia,USDC
697,0.8387583339779631,1324347.2848099598,173,S4_twin_shock_cex_intervention,indonesia,USDC
698,0.827045548346179,1291238.6026897107,173,S4_twin_shock_cex_intervention,indonesia,USDC
699,0.8353479678594966,1258957.637622468,173,S4_twin_shock_cex_intervention,indonesia,USDC
700,0.8328988106967484,1227483.6966819062,173,S4_twin_shock_cex_intervention,indonesia,USDC
701,0.8446777946829594,1196796.6042648586,173,S4_twin_shock_cex_intervention,indonesia,USDC
702,0.8397238599993245,1166876.689158237,173,S4_twin_shock_cex_intervention,indonesia,USDC
703,0.8405447330083027,1137704.7719292813,173,S4_twin_shock_cex_intervention,indonesia,USDC
704,0.8239642067092571,1109262.152631049,173,S4_twin_shock_cex_intervention,indonesia,USDC
705,0.8272895931477302,1081530.598815273,173,S4_twin_shock_cex_intervention,indonesia,USDC
706,0.8435563885156995,1054492.3338448913,173,S4_twin_shock_cex_intervention,indonesia,USDC
707,0.8357116679783121,1028130.025498769,173,S4_twin_shock_cex_intervention,indonesia,USDC
708,0.8368728293849291,1002426.7748612998,173,S4_twin_shock_cex_intervention,indonesia,USDC
709,0.8536768409426045,977366.1054897672,173,S4_twin_shock_cex_intervention,indonesia,USDC
710,0.8162307399168898,952931.9528525232,173,S4_twin_shock_cex_intervention,indonesia,USDC
711,0.8014413345443985,929108.6540312101,173,S4_twin_shock_cex_intervention,indonesia,USDC
712,0.7903783969684693,905880.9376804298,173,S4_twin_shock_cex_intervention,indonesia,USDC
713,0.7889934541288058,883233.9142384192,173,S4_twin_shock_cex_intervention,indonesia,USDC
714,0.7996019415431325,861153.0663824587,173,S4_twin_shock_cex_intervention,indonesia,USDC
715,0.8062751785532096,839624.2397228973,173,S4_twin_shock_cex_intervention,indonesia,USDC
716,0.8090187621921684,818633.6337298248,173,S4_twin_shock_cex_intervention,indonesia,USDC
717,0.7922383067862623,798167.7928865792,173,S4_twin_shock_cex_intervention,indonesia,USDC
718,0.8097751492254289,778213.5980644147,173,S4_twin_shock_cex_intervention,indonesia,USDC
719,0.7787525042226566,758758.2581128043,173,S4_twin_shock_cex_intervention,indonesia,USDC
720,0.800022605653468,739789.3016599842,173,S4_twin_shock_cex_intervention,indonesia,USDC
721,0.8026329289729344,721294.5691184846,173,S4_twin_shock_cex_intervention,indonesia,USDC
722,0.8055069831699135,703262.2048905224,173,S4_twin_shock_cex_intervention,indonesia,USDC
723,0.8179843442909968,685680.6497682594,173,S4_twin_shock_cex_intervention,indonesia,USDC
724,0.8350009650137658,668538.633524053,173,S4_twin_shock_cex_intervention,indonesia,USDC
725,0.8227994586712862,651825.1676859516,173,S4_twin_shock_cex_intervention,indonesia,USDC
726,0.8179731219304708,635529.5384938028,173,S4_twin_shock_cex_intervention,indonesia,USDC
727,0.8135027445234688,619641.3000314578,173,S4_twin_shock_cex_intervention,indonesia,USDC
728,0.8016963282004507,604150.2675306713,173,S4_twin_shock_cex_intervention,indonesia,USDC
729,0.797414897653491,589046.5108424046,173,S4_twin_shock_cex_intervention,indonesia,USDC
730,0.7977782560916694,574320.3480713444,173,S4_twin_shock_cex_intervention,indonesia,USDC
731,0.7965844765410539,559962.3393695608,173,S4_twin_shock_cex_intervention,indonesia,USDC
732,0.7906242561896661,545963.2808853218,173,S4_twin_shock_cex_intervention,indonesia,USDC
733,0.7705163768231661,532314.1988631887,173,S4_twin_shock_cex_intervention,indonesia,USDC
734,0.7972620936306793,519006.34389160905,173,S4_twin_shock_cex_intervention,indonesia,USDC
735,0.7846134630383351,506031.1852943188,173,S4_twin_shock_cex_intervention,indonesia,USDC
736,0.7859237684964767,493380.40566196083,173,S4_twin_shock_cex_intervention,indonesia,USDC
737,0.7774012300969468,481045.8955204118,173,S4_twin_shock_cex_intervention,indonesia,USDC
738,0.787953588537327,469019.7481324015,173,S4_twin_shock_cex_intervention,indonesia,USDC
739,0.8004054755955868,457294.2544290914,173,S4_twin_shock_cex_intervention,indonesia,USDC
740,0.7986175054339422,445861.8980683641,173,S4_twin_shock_cex_intervention,indonesia,USDC
741,0.7803027647665391,434715.350616655,173,S4_twin_shock_cex_intervention,indonesia,USDC
742,0.7794875455966629,423847.46685123874,173,S4_twin_shock_cex_intervention,indonesia,USDC
743,0.8051156221523148,413251.28017995774,173,S4_twin_shock_cex_intervention,indonesia,USDC
744,0.8209997546624557,402919.99817545875,173,S4_twin_shock_cex_intervention,indonesia,USDC
745,0.8082820563170721,392846.9982210723,173,S4_twin_shock_cex_intervention,indonesia,USDC
746,0.7883679542207594,383025.82326554554,173,S4_twin_shock_cex_intervention,indonesia,USDC
747,0.7522542211979413,373450.17768390686,173,S4_twin_shock_cex_intervention,indonesia,USDC
748,0.7647259846692701,364113.9232418092,173,S4_twin_shock_cex_intervention,indonesia,USDC
749,0.7698122579869654,355011.075160764,173,S4_twin_shock_cex_intervention,indonesia,USDC
750,0.7604108198041812,346135.7982817448,173,S4_twin_shock_cex_intervention,indonesia,USDC
751,0.7594436882144576,337482.40332470124,173,S4_twin_shock_cex_intervention,indonesia,USDC
752,0.7798936128653493,329045.3432415837,173,S4_twin_shock_cex_intervention,indonesia,USDC
753,0.782442688508766,320819.2096605441,173,S4_twin_shock_cex_intervention,indonesia,USDC
754,0.7860312051341349,312798.7294190305,173,S4_twin_shock_cex_intervention,indonesia,USDC
755,0.7797410941172477,304978.7611835548,173,S4_twin_shock_cex_intervention,indonesia,USDC
756,0.7518576696073573,297354.2921539659,173,S4_twin_shock_cex_intervention,indonesia,USDC
757,0.7582597402133288,289920.4348501167,173,S4_twin_shock_cex_intervention,indonesia,USDC
758,0.7632421549893452,282672.4239788638,173,S4_twin_shock_cex_intervention,indonesia,USDC
759,0.7704936884066429,275605.61337939225,173,S4_twin_shock_cex_intervention,indonesia,USDC
760,0.7590811025689722,268715.47304490744,173,S4_twin_shock_cex_intervention,indonesia,USDC
761,0.7887882233627267,261997.58621878474,173,S4_twin_shock_cex_intervention,indonesia,USDC
762,0.7901614545592939,255447.6465633151,173,S4_twin_shock_cex_intervention,indonesia,USDC
763,0.8288792102358273,249061.45539923222,173,S4_twin_shock_cex_intervention,indonesia,USDC
764,0.8335430012717564,242834.9190142514,173,S4_twin_shock_cex_intervention,indonesia,USDC
765,0.8195926850491102,236764.04603889515,173,S4_twin_shock_cex_intervention,indonesia,USDC
766,0.8199693445798546,230844.9448879228,173,S4_twin_shock_cex_intervention,indonesia,USDC
767,0.8050006749234746,225073.82126572472,173,S4_twin_shock_cex_intervention,indonesia,USDC
768,0.7786983630737653,219446.97573408158,173,S4_twin_shock_cex_intervention,indonesia,USDC
769,0.7776235061764935,213960.80134072958,173,S4_twin_shock_cex_intervention,indonesia,USDC
770,0.7583920641204162,208611.7813072113,173,S4_twin_shock_cex_intervention,indonesia,USDC
771,0.7621505997027954,203396.48677453102,173,S4_twin_shock_cex_intervention,indonesia,USDC
772,0.7694622299186648,198311.57460516773,173,S4_twin_shock_cex_intervention,indonesia,USDC
773,0.7529110563860498,193353.78524003856,173,S4_twin_shock_cex_intervention,indonesia,USDC
774,0.7605394947368276,188519.94060903759,173,S4_twin_shock_cex_intervention,indonesia,USDC
775,0.7561172767030682,183806.94209381164,173,S4_twin_shock_cex_intervention,indonesia,USDC
776,0.7600470633846484,179211.76854146636,173,S4_twin_shock_cex_intervention,indonesia,USDC
777,0.7739351671876593,174731.47432792973,173,S4_twin_shock_cex_intervention,indonesia,USDC
778,0.7762634730361679,170363.18746973146,173,S4_twin_shock_cex_intervention,indonesia,USDC
779,0.7641083120252162,166104.10778298817,173,S4_twin_shock_cex_intervention,indonesia,USDC
780,0.7727686460832575,161951.50508841348,173,S4_twin_shock_cex_intervention,indonesia,USDC
781,0.8017912509416124,157902.71746120314,173,S4_twin_shock_cex_intervention,indonesia,USDC
782,0.7992527874641732,153955.14952467306,173,S4_twin_shock_cex_intervention,indonesia,USDC
783,0.7949581513512924,150106.27078655624,173,S4_twin_shock_cex_intervention,indonesia,USDC
784,0.781190205897878,146353.61401689233,173,S4_twin_shock_cex_intervention,indonesia,USDC
785,0.784854742212128,142694.77366647002,173,S4_twin_shock_cex_intervention,indonesia,USDC
786,0.789555926296031,139127.40432480827,173,S4_twin_shock_cex_intervention,indonesia,USDC
787,0.8026078984044345,135649.21921668807,173,S4_twin_shock_cex_intervention,indonesia,USDC
788,0.7922022706475272,132257.98873627087,173,S4_twin_shock_cex_intervention,indonesia,USDC
789,0.8070594091210131,128951.53901786408,173,S4_twin_shock_cex_intervention,indonesia,USDC
790,0.7828859946552089,125727.75054241749,173,S4_twin_shock_cex_intervention,indonesia,USDC
791,0.7827970864266108,122584.55677885705,173,S4_twin_shock_cex_intervention,indonesia,USDC
792,0.802692819106273,119519.94285938561,173,S4_twin_shock_cex_intervention,indonesia,USDC
793,0.8227621286541676,116531.94428790099,173,S4_twin_shock_cex_intervention,indonesia,USDC
794,0.8231541722133171,113618.64568070346,173,S4_twin_shock_cex_intervention,indonesia,USDC
795,0.8242758163812041,110778.17953868586,173,S4_twin_shock_cex_intervention,indonesia,USDC
796,0.8347655647405695,108008.72505021872,173,S4_twin_shock_cex_intervention,indonesia,USDC
797,0.8365849467413402,105308.50692396324,173,S4_twin_shock_cex_intervention,indonesia,USDC
798,0.8382128569209443,102675.79425086417,173,S4_twin_shock_cex_intervention,indonesia,USDC
799,0.8310347551378076,100108.89939459256,173,S4_twin_shock_cex_intervention,indonesia,USDC
800,0.8337881513954586,97606.17690972776,173,S4_twin_shock_cex_intervention,indonesia,USDC
801,0.8148226722966996,95166.02248698456,173,S4_twin_shock_cex_intervention,indonesia,USDC
802,0.8116319698089844,92786.87192480994,173,S4_twin_shock_cex_intervention,indonesia,USDC
803,0.7880195365300654,90467.2001266897,173,S4_twin_shock_cex_intervention,indonesia,USDC
804,0.7767878253837733,88205.52012352245,173,S4_twin_shock_cex_intervention,indonesia,USDC
805,0.7742558067667397,86000.3821204344,173,S4_twin_shock_cex_intervention,indonesia,USDC
806,0.746487346861534,83850.37256742353,173,S4_twin_shock_cex_intervention,indonesia,USDC
807,0.7351065654804517,81754.11325323794,173,S4_twin_shock_cex_intervention,indonesia,USDC
808,0.7513217430865167,79710.26042190699,173,S4_twin_shock_cex_intervention,indonesia,USDC
809,0.755063931914144,77717.50391135932,173,S4_twin_shock_cex_intervention,indonesia,USDC
810,0.7333068838358747,75774.56631357534,173,S4_twin_shock_cex_intervention,indonesia,USDC
811,0.728033246617269,73880.20215573595,173,S4_twin_shock_cex_intervention,indonesia,USDC
812,0.7222328233689453,72033.19710184255,173,S4_twin_shock_cex_intervention,indonesia,USDC
813,0.7483559441921961,70232.3671742965,173,S4_twin_shock_cex_intervention,indonesia,USDC
814,0.7320615215460669,68476.55799493908,173,S4_twin_shock_cex_intervention,indonesia,USDC
815,0.7412117987454817,66764.6440450656,173,S4_twin_shock_cex_intervention,indonesia,USDC
816,0.7308665550333026,65095.527943938956,173,S4_twin_shock_cex_intervention,indonesia,USDC
817,0.7412184562687502,63468.13974534048,173,S4_twin_shock_cex_intervention,indonesia,USDC
818,0.7608526381649483,61881.43625170697,173,S4_twin_shock_cex_intervention,indonesia,USDC
819,0.757177040521739,60334.400345414295,173,S4_twin_shock_cex_intervention,indonesia,USDC
820,0.7597272486427495,58826.04033677894,173,S4_twin_shock_cex_intervention,indonesia,USDC
821,0.749929657795108,57355.389328359466,173,S4_twin_shock_cex_intervention,indonesia,USDC
822,0.7523507346592274,55921.50459515047,173,S4_twin_shock_cex_intervention,indonesia,USDC
823,0.7562823544729708,54523.46698027172,173,S4_twin_shock_cex_intervention,indonesia,USDC
824,0.7866250754070645,53160.38030576492,173,S4_twin_shock_cex_intervention,indonesia,USDC
825,0.7892491017124275,51831.3707981208,173,S4_twin_shock_cex_intervention,indonesia,USDC
826,0.7812254083519254,50535.58652816777,173,S4_twin_shock_cex_intervention,indonesia,USDC
827,0.7895848501851048,49272.19686496358,173,S4_twin_shock_cex_intervention,indonesia,USDC
828,0.7848978493763126,48040.39194333949,173,S4_twin_shock_cex_intervention,indonesia,USDC
829,0.7543595971487672,46839.382144756004,173,S4_twin_shock_cex_intervention,indonesia,USDC
830,0.7464543884973912,45668.3975911371,173,S4_twin_shock_cex_intervention,indonesia,USDC
831,0.7679036539574159,44526.687651358676,173,S4_twin_shock_cex_intervention,indonesia,USDC
832,0.7667761665996156,43413.52046007471,173,S4_twin_shock_cex_intervention,indonesia,USDC
833,0.786509986806017,42328.18244857284,173,S4_twin_shock_cex_intervention,indonesia,USDC
834,0.7794915628241161,41269.97788735852,173,S4_twin_shock_cex_intervention,indonesia,USDC
835,0.7846967647342031,40238.22844017456,173,S4_twin_shock_cex_intervention,indonesia,USDC
836,0.7944222790960342,39232.27272917019,173,S4_twin_shock_cex_intervention,indonesia,USDC
837,0.8013284084252807,38251.46591094094,173,S4_twin_shock_cex_intervention,indonesia,USDC
838,0.8282037707142995,37295.17926316741,173,S4_twin_shock_cex_intervention,indonesia,USDC
839,0.8165977464182317,36362.799781588226,173,S4_twin_shock_cex_intervention,indonesia,USDC
840,0.7975464335104824,35453.72978704852,173,S4_twin_shock_cex_intervention,indonesia,USDC
841,0.8076738600948579,34567.386542372304,173,S4_twin_shock_cex_intervention,indonesia,USDC
842,0.8159577674712423,33703.20187881299,173,S4_twin_shock_cex_intervention,indonesia,USDC
843,0.8043618427938755,32860.621831842676,173,S4_twin_shock_cex_intervention,indonesia,USDC
844,0.7845566738195912,32039.106286046608,173,S4_twin_shock_cex_intervention,indonesia,USDC
845,0.7811343152888424,31238.128628895443,173,S4_twin_shock_cex_intervention,indonesia,USDC
846,0.7575710758348468,30457.175413173056,173,S4_twin_shock_cex_intervention,indonesia,USDC
847,0.7421740390555168,29695.746027843736,173,S4_twin_shock_cex_intervention,indonesia,USDC
848,0.7827268318392802,28953.35237714764,173,S4_twin_shock_cex_intervention,indonesia,USDC
849,0.7729734316276827,28229.51856771895,173,S4_twin_shock_cex_intervention,indonesia,USDC
850,0.7930875396132788,27523.78060352597,173,S4_twin_shock_cex_intervention,indonesia,USDC
851,0.7808293516258787,26835.686088437822,173,S4_twin_shock_cex_intervention,indonesia,USDC
852,0.7782532757438066,26164.79393622688,173,S4_twin_shock_cex_intervention,indonesia,USDC
853,0.7703712292468634,25510.674087821208,173,S4_twin_shock_cex_intervention,indonesia,USDC
854,0.7778976914249253,24872.907235625677,173,S4_twin_shock_cex_intervention,indonesia,USDC
855,0.7626613110977774,24251.084554735033,173,S4_twin_shock_cex_intervention,indonesia,USDC
856,0.7495176665062998,23644.807440866658,173,S4_twin_shock_cex_intervention,indonesia,USDC
857,0.7330439343744877,23053.68725484499,173,S4_twin_shock_cex_intervention,indonesia,USDC
858,0.7187201551085781,22477.345073473865,173,S4_twin_shock_cex_intervention,indonesia,USDC
859,0.7377200056107449,21915.411446637023,173,S4_twin_shock_cex_intervention,indonesia,USDC
860,0.7679418664974319,21367.526160471094,173,S4_twin_shock_cex_intervention,indonesia,USDC
861,0.7497831680143255,20833.33800645932,173,S4_twin_shock_cex_intervention,indonesia,USDC
862,0.7849456075545431,20312.504556297834,173,S4_twin_shock_cex_intervention,indonesia,USDC
863,0.7937582269662593,19804.69194239039,173,S4_twin_shock_cex_intervention,indonesia,USDC
864,0.7631097429408541,19309.57464383063,173,S4_twin_shock_cex_intervention,indonesia,USDC
865,0.7679732440968944,18826.835277734863,173,S4_twin_shock_cex_intervention,indonesia,USDC
866,0.7798419960261177,18356.16439579149,173,S4_twin_shock_cex_intervention,indonesia,USDC
867,0.7687536213572616,17897.260285896704,173,S4_twin_shock_cex_intervention,indonesia,USDC
868,0.7786374828893491,17449.828778749288,173,S4_twin_shock_cex_intervention,indonesia,USDC
869,0.7819945829543281,17013.583059280554,173,S4_twin_shock_cex_intervention,indonesia,USDC
870,0.8053232029924554,16588.24348279854,173,S4_twin_shock_cex_intervention,indonesia,USDC
871,0.7980749418999921,16173.537395728577,173,S4_twin_shock_cex_intervention,indonesia,USDC
872,0.7956105591459571,15769.198960835365,173,S4_twin_shock_cex_intervention,indonesia,USDC
873,0.7695082339149254,15374.968986814481,173,S4_twin_shock_cex_intervention,indonesia,USDC
874,0.748859368863637,14990.59476214412,173,S4_twin_shock_cex_intervention,indonesia,USDC
875,0.7534256409560414,14615.829893090515,173,S4_twin_shock_cex_intervention,indonesia,USDC
876,0.6533605597823633,14250.434145763254,173,S4_twin_shock_cex_intervention,indonesia,USDC
877,0.6732059974921176,13894.173292119172,173,S4_twin_shock_cex_intervention,indonesia,USDC
878,0.662134760893428,13546.818959816193,173,S4_twin_shock_cex_intervention,indonesia,USDC
879,0.689756986503803,13208.148485820788,173,S4_twin_shock_cex_intervention,indonesia,USDC
880,0.7143187208245245,12877.94477367527,173,S4_twin_shock_cex_intervention,indonesia,USDC
881,0.6750758443199238,12555.996154333387,173,S4_twin_shock_cex_intervention,indonesia,USDC
882,0.6846645574235334,12242.096250475053,173,S4_twin_shock_cex_intervention,indonesia,USDC
883,0.690332356989232,11936.043844213178,173,S4_twin_shock_cex_intervention,indonesia,USDC
884,0.6944606827551464,11637.642748107848,173,S4_twin_shock_cex_intervention,indonesia,USDC
885,0.7001614767065972,11346.701679405152,173,S4_twin_shock_cex_intervention,indonesia,USDC
886,0.7000051967180795,11063.034137420023,173,S4_twin_shock_cex_intervention,indonesia,USDC
887,0.7249030335298875,10786.458283984522,173,S4_twin_shock_cex_intervention,indonesia,USDC
888,0.7517317403242174,10516.796826884909,173,S4_twin_shock_cex_intervention,indonesia,USDC
889,0.7541646833582906,10253.876906212787,173,S4_twin_shock_cex_intervention,indonesia,USDC
890,0.7666519562878124,9997.529983557466,173,S4_twin_shock_cex_intervention,indonesia,USDC
891,0.7763239184795205,9747.59173396853,173,S4_twin_shock_cex_intervention,indonesia,USDC
892,0.7777342079932926,9503.901940619317,173,S4_twin_shock_cex_intervention,indonesia,USDC
893,0.8006757688016165,9266.304392103833,173,S4_twin_shock_cex_intervention,indonesia,USDC
894,0.7863586153473315,9034.646782301239,173,S4_twin_shock_cex_intervention,indonesia,USDC
895,0.7934263868484804,8808.780612743707,173,S4_twin_shock_cex_intervention,indonesia,USDC
896,0.8091126516349605,8588.561097425114,173,S4_twin_shock_cex_intervention,indonesia,USDC
897,0.7909548975438486,8373.847069989486,173,S4_twin_shock_cex_intervention,indonesia,USDC
898,0.7801824185763404,8164.5008932397495,173,S4_twin_shock_cex_intervention,indonesia,USDC
899,0.7970468023866611,7960.388370908755,173,S4_twin_shock_cex_intervention,indonesia,USDC
900,0.7789500256251678,7761.378661636038,173,S4_twin_shock_cex_intervention,indonesia,USDC
901,0.7748635391625671,7567.3441950951365,173,S4_twin_shock_cex_intervention,indonesia,USDC
902,0.7716982897150783,7378.160590217758,173,S4_twin_shock_cex_intervention,indonesia,USDC
903,0.802904062924273,7193.706575462314,173,S4_twin_shock_cex_intervention,indonesia,USDC
904,0.7884133532013446,7013.863911075755,173,S4_twin_shock_cex_intervention,indonesia,USDC
905,0.7897009099453546,6838.517313298862,173,S4_twin_shock_cex_intervention,indonesia,USDC
906,0.7783453320339203,6667.55438046639,173,S4_twin_shock_cex_intervention,indonesia,USDC
907,0.7776373833500899,6500.8655209547305,173,S4_twin_shock_cex_intervention,indonesia,USDC
908,0.790192516373154,6338.3438829308625,173,S4_twin_shock_cex_intervention,indonesia,USDC
909,0.7978185081332735,6179.885285857591,173,S4_twin_shock_cex_intervention,indonesia,USDC
910,0.7882674921490922,6025.388153711151,173,S4_twin_shock_cex_intervention,indonesia,USDC
911,0.8145271442432215,5874.753449868373,173,S4_twin_shock_cex_intervention,indonesia,USDC
912,0.8113614842431884,5727.884613621663,173,S4_twin_shock_cex_intervention,indonesia,USDC
913,0.8098308387482327,5584.687498281121,173,S4_twin_shock_cex_intervention,indonesia,USDC
914,0.8124705129692791,5445.070310824094,173,S4_twin_shock_cex_intervention,indonesia,USDC
915,0.80264245955443,5308.943553053491,173,S4_twin_shock_cex_intervention,indonesia,USDC
916,0.8017540837892597,5176.219964227154,173,S4_twin_shock_cex_intervention,indonesia,USDC
917,0.8164140691298862,5046.814465121475,173,S4_twin_shock_cex_intervention,indonesia,USDC
918,0.8086920804747559,4920.644103493439,173,S4_twin_shock_cex_intervention,indonesia,USDC
919,0.8134087588601047,4797.628000906103,173,S4_twin_shock_cex_intervention,indonesia,USDC
920,0.8003586157398193,4677.68730088345,173,S4_twin_shock_cex_intervention,indonesia,USDC
921,0.8076676517554022,4560.745118361363,173,S4_twin_shock_cex_intervention,indonesia,USDC
922,0.8248282089156832,4446.726490402329,173,S4_twin_shock_cex_intervention,indonesia,USDC
923,0.8189524334399798,4335.558328142271,173,S4_twin_shock_cex_intervention,indonesia,USDC
924,0.8215068910485492,4227.169369938714,173,S4_twin_shock_cex_intervention,indonesia,USDC
925,0.8302480038447067,4121.4901356902465,173,S4_twin_shock_cex_intervention,indonesia,USDC
926,0.8104704665552932,4018.45288229799,173,S4_twin_shock_cex_intervention,indonesia,USDC
927,0.7911155362220675,3917.991560240541,173,S4_twin_shock_cex_intervention,indonesia,USDC
928,0.7866386388803221,3820.041771234527,173,S4_twin_shock_cex_intervention,indonesia,USDC
929,0.7804214772870204,3724.540726953664,173,S4_twin_shock_cex_intervention,indonesia,USDC
930,0.7763757874186188,3631.4272087798226,173,S4_twin_shock_cex_intervention,indonesia,USDC
931,0.7836430935395714,3540.641528560327,173,S4_twin_shock_cex_intervention,indonesia,USDC
932,0.7857247071518936,3452.1254903463187,173,S4_twin_shock_cex_intervention,indonesia,USDC
933,0.7788305427180542,3365.8223530876608,173,S4_twin_shock_cex_intervention,indonesia,USDC
934,0.7498681335657545,3281.6767942604693,173,S4_twin_shock_cex_intervention,indonesia,USDC
935,0.7582831670147377,3199.634874403958,173,S4_twin_shock_cex_intervention,indonesia,USDC
936,0.7634374264371362,3119.6440025438587,173,S4_twin_shock_cex_intervention,indonesia,USDC
937,0.7809995410245034,3041.652902480262,173,S4_twin_shock_cex_intervention,indonesia,USDC
938,0.7801252347933404,2965.6115799182558,173,S4_twin_shock_cex_intervention,indonesia,USDC
939,0.7843143815672322,2891.4712904202993,173,S4_twin_shock_cex_intervention,indonesia,USDC
940,0.7870184688366972,2819.184508159792,173,S4_twin_shock_cex_intervention,indonesia,USDC
941,0.7859382915007096,2748.704895455797,173,S4_twin_shock_cex_intervention,indonesia,USDC
942,0.757876435503877,2679.9872730694024,173,S4_twin_shock_cex_intervention,indonesia,USDC
943,0.7887771010165209,2612.987591242667,173,S4_twin_shock_cex_intervention,indonesia,USDC
944,0.7586154307348417,2547.6629014616005,173,S4_twin_shock_cex_intervention,indonesia,USDC
945,0.7657993887373812,2483.9713289250603,173,S4_twin_shock_cex_intervention,indonesia,USDC
946,0.7711336781942869,2421.8720457019335,173,S4_twin_shock_cex_intervention,indonesia,USDC
947,0.7578062409754367,2361.3252445593857,173,S4_twin_shock_cex_intervention,indonesia,USDC
948,0.7602199095646167,2302.292113445401,173,S4_twin_shock_cex_intervention,indonesia,USDC
949,0.7624224544236202,2244.734810609266,173,S4_twin_shock_cex_intervention,indonesia,USDC
950,0.7703864475000427,2188.6164403440343,173,S4_twin_shock_cex_intervention,indonesia,USDC
951,0.7623204116957357,2133.901029335433,173,S4_twin_shock_cex_intervention,indonesia,USDC
952,0.7496359461591849,2080.553503602048,173,S4_twin_shock_cex_intervention,indonesia,USDC
953,0.7427240272491572,2028.5396660119964,173,S4_twin_shock_cex_intervention,indonesia,USDC
954,0.7274547733722515,1977.8261743616968,173,S4_twin_shock_cex_intervention,indonesia,USDC
955,0.726167076827786,1928.3805200026545,173,S4_twin_shock_cex_intervention,indonesia,USDC
956,0.752136493041047,1880.1710070025879,173,S4_twin_shock_cex_intervention,indonesia,USDC
957,0.7506619679612834,1833.166731827523,173,S4_twin_shock_cex_intervention,indonesia,USDC
958,0.7546377174533881,1787.337563531835,173,S4_twin_shock_cex_intervention,indonesia,USDC
959,0.7616217578181298,1742.6541244435393,173,S4_twin_shock_cex_intervention,indonesia,USDC
960,0.748154197197469,1699.0877713324508,173,S4_twin_shock_cex_intervention,indonesia,USDC
961,0.7623267638678143,1656.6105770491397,173,S4_twin_shock_cex_intervention,indonesia,USDC
962,0.7513547909607098,1615.195312622911,173,S4_twin_shock_cex_intervention,indonesia,USDC
963,0.7593890671272575,1574.8154298073382,173,S4_twin_shock_cex_intervention,indonesia,USDC
964,0.7657722705842962,1535.445044062155,173,S4_twin_shock_cex_intervention,indonesia,USDC
965,0.7390964352739546,1497.0589179606009,173,S4_twin_shock_cex_intervention,indonesia,USDC
966,0.7220780837346227,1459.632445011586,173,S4_twin_shock_cex_intervention,indonesia,USDC
967,0.7240376923517606,1423.1416338862964,173,S4_twin_shock_cex_intervention,indonesia,USDC
968,0.7539843223578442,1387.563093039139,173,S4_twin_shock_cex_intervention,indonesia,USDC
969,0.7205873325924719,1352.8740157131606,173,S4_twin_shock_cex_intervention,indonesia,USDC
970,0.7230182806305151,1319.0521653203314,173,S4_twin_shock_cex_intervention,indonesia,USDC
971,0.7175624697727255,1286.0758611873232,173,S4_twin_shock_cex_intervention,indonesia,USDC
972,0.7052334561880933,1253.92396465764,173,S4_twin_shock_cex_intervention,indonesia,USDC
973,0.7079719932497912,1222.5758655411992,173,S4_twin_shock_cex_intervention,indonesia,USDC
974,0.725997575253919,1192.011468902669,173,S4_twin_shock_cex_intervention,indonesia,USDC
975,0.7573725332554211,1162.2111821801022,173,S4_twin_shock_cex_intervention,indonesia,USDC
976,0.7775874807055569,1133.1559026255998,173,S4_twin_shock_cex_intervention,indonesia,USDC
977,0.7909289574963704,1104.82700505996,173,S4_twin_shock_cex_intervention,indonesia,USDC
978,0.8028914586433312,1077.206329933461,173,S4_twin_shock_cex_intervention,indonesia,USDC
979,0.8184417784339341,1050.2761716851242,173,S4_twin_shock_cex_intervention,indonesia,USDC
980,0.79319467985357,1024.019267392996,173,S4_twin_shock_cex_intervention,indonesia,USDC
981,0.7900464985331604,998.4187857081713,173,S4_twin_shock_cex_intervention,indonesia,USDC
982,0.7778277082534014,973.458316065467,173,S4_twin_shock_cex_intervention,indonesia,USDC
983,0.8089050511048352,949.1218581638302,173,S4_twin_shock_cex_intervention,indonesia,USDC
984,0.8114310729555452,925.3938117097345,173,S4_twin_shock_cex_intervention,indonesia,USDC
985,0.8053068128665554,902.2589664169911,173,S4_twin_shock_cex_intervention,indonesia,USDC
986,0.8077362290224758,879.7024922565663,173,S4_twin_shock_cex_intervention,indonesia,USDC
987,0.8100862697671541,857.7099299501522,173,S4_twin_shock_cex_intervention,indonesia,USDC
988,0.792585072686073,836.2671817013984,173,S4_twin_shock_cex_intervention,indonesia,USDC
989,0.7674097862117164,815.3605021588635,173,S4_twin_shock_cex_intervention,indonesia,USDC
990,0.780543706742381,794.9764896048919,173,S4_twin_shock_cex_intervention,indonesia,USDC
991,0.7739556528103734,775.1020773647696,173,S4_twin_shock_cex_intervention,indonesia,USDC
992,0.7838281737934341,755.7245254306504,173,S4_twin_shock_cex_intervention,indonesia,USDC
993,0.8064580493410203,736.8314122948841,173,S4_twin_shock_cex_intervention,indonesia,USDC
994,0.8035505032358886,718.410626987512,173,S4_twin_shock_cex_intervention,indonesia,USDC
995,0.7928088827313203,700.4503613128243,173,S4_twin_shock_cex_intervention,indonesia,USDC
996,0.777826189642731,682.9391022800037,173,S4_twin_shock_cex_intervention,indonesia,USDC
997,0.7545217851096365,665.8656247230035,173,S4_twin_shock_cex_intervention,indonesia,USDC
998,0.7490928374647873,649.2189841049285,173,S4_twin_shock_cex_intervention,indonesia,USDC
999,0.7623062972425924,632.9885095023053,173,S4_twin_shock_cex_intervention,indonesia,USDC
1000,0.7568453578334121,617.1637967647476,173,S4_twin_shock_cex_intervention,indonesia,USDC
