Step,price,liquidity,iteration,scenario,region,coin
1,0.984301446797798,2990325741037.9673,238,S4_twin_shock_cex_intervention,indonesia,USDC
2,0.9952678665943758,2990325741037.9673,238,S4_twin_shock_cex_intervention,indonesia,USDC
3,0.983006295473967,2990325741037.9673,238,S4_twin_shock_cex_intervention,indonesia,USDC
4,0.9939493101003062,2990325741037.9673,238,S4_twin_shock_cex_intervention,indonesia,USDC
5,0.9863921068335622,2990325741037.9673,238,S4_twin_shock_cex_intervention,indonesia,USDC
6,0.9906343099277684,2990325741037.9673,238,S4_twin_shock_cex_intervention,indonesia,USDC
7,0.9805180742729742,2990325741037.9673,238,S4_twin_shock_cex_intervention,indonesia,USDC
8,250000.96543131984,2990338241037.967,238,S4_twin_shock_cex_intervention,indonesia,USDC
9,187502.0,2990347616037.967,238,S4_twin_shock_cex_intervention,indonesia,USDC
10,140627.0,2990354647287.967,238,S4_twin_shock_cex_intervention,indonesia,USDC
11,105470.75,2990359920725.467,238,S4_twin_shock_cex_intervention,indonesia,USDC
12,79103.5625,2990363875803.592,238,S4_twin_shock_cex_intervention,indonesia,USDC
13,59328.171875,2990366842112.1855,238,S4_twin_shock_cex_intervention,indonesia,USDC
14,44496.62890625,2990369066843.631,238,S4_twin_shock_cex_intervention,indonesia,USDC
15,33372.9716796875,2990370735392.215,238,S4_twin_shock_cex_intervention,indonesia,USDC
16,25030.228759765625,2990371986803.6533,238,S4_twin_shock_cex_intervention,indonesia,USDC
17,18773.17156982422,2990372925362.2314,238,S4_twin_shock_cex_intervention,indonesia,USDC
18,14080.378677368164,2990373629281.1655,238,S4_twin_shock_cex_intervention,indonesia,USDC
19,10560.784008026123,2990374157220.366,238,S4_twin_shock_cex_intervention,indonesia,USDC
20,7921.088006019592,2990374553174.766,238,S4_twin_shock_cex_intervention,indonesia,USDC
21,5941.316004514694,2990374850140.5664,238,S4_twin_shock_cex_intervention,indonesia,USDC
22,4456.487003386021,2990375072864.917,238,S4_twin_shock_cex_intervention,indonesia,USDC
23,3342.8652525395155,2990375239908.179,238,S4_twin_shock_cex_intervention,indonesia,USDC
24,2507.6489394046366,2990375365190.6265,238,S4_twin_shock_cex_intervention,indonesia,USDC
25,1881.2367045534775,2990375459152.4614,238,S4_twin_shock_cex_intervention,indonesia,USDC
26,1411.427528415108,2990375529623.838,238,S4_twin_shock_cex_intervention,indonesia,USDC
27,1059.070646311331,2990375582477.37,238,S4_twin_shock_cex_intervention,indonesia,USDC
28,794.8029847334983,2990375622117.5195,238,S4_twin_shock_cex_intervention,indonesia,USDC
29,596.6022385501237,2990375651847.632,238,S4_twin_shock_cex_intervention,indonesia,USDC
30,447.9516789125928,2990375674145.2153,238,S4_twin_shock_cex_intervention,indonesia,USDC
31,336.4637591844446,2990375690868.4033,238,S4_twin_shock_cex_intervention,indonesia,USDC
32,252.84781938833345,2990375703410.7944,238,S4_twin_shock_cex_intervention,indonesia,USDC
33,190.1358645412501,2990375712817.588,238,S4_twin_shock_cex_intervention,indonesia,USDC
34,143.1018984059376,2990375719872.6826,238,S4_twin_shock_cex_intervention,indonesia,USDC
35,107.82642380445319,2990375725164.004,238,S4_twin_shock_cex_intervention,indonesia,USDC
36,81.3698178533399,2990375729132.495,238,S4_twin_shock_cex_intervention,indonesia,USDC
37,61.52736339000492,2990375732108.863,238,S4_twin_shock_cex_intervention,indonesia,USDC
38,46.6455225425037,2990375734341.139,238,S4_twin_shock_cex_intervention,indonesia,USDC
39,35.484141906877774,2990375736015.346,238,S4_twin_shock_cex_intervention,indonesia,USDC
40,27.11310643015833,2990375737271.0015,238,S4_twin_shock_cex_intervention,indonesia,USDC
41,20.834829822618744,2990375738212.743,238,S4_twin_shock_cex_intervention,indonesia,USDC
42,16.12612236696406,2990375738919.0493,238,S4_twin_shock_cex_intervention,indonesia,USDC
43,12.594591775223044,2990375739448.779,238,S4_twin_shock_cex_intervention,indonesia,USDC
44,9.945943831417281,2990375739846.076,238,S4_twin_shock_cex_intervention,indonesia,USDC
45,7.959457873562963,2990375740144.049,238,S4_twin_shock_cex_intervention,indonesia,USDC
46,6.469593405172222,2990375740367.5283,238,S4_twin_shock_cex_intervention,indonesia,USDC
47,5.352195053879166,2990375740535.138,238,S4_twin_shock_cex_intervention,indonesia,USDC
48,4.514146290409375,2990375740660.8457,238,S4_twin_shock_cex_intervention,indonesia,USDC
49,3.8856097178070312,2990375740755.126,238,S4_twin_shock_cex_intervention,indonesia,USDC
50,3.414207288355273,2990375740825.8364,238,S4_twin_shock_cex_intervention,indonesia,USDC
51,3.060655466266455,2990375740878.869,238,S4_twin_shock_cex_intervention,indonesia,USDC
52,2.795491599699841,2990375740918.6436,238,S4_twin_shock_cex_intervention,indonesia,USDC
53,2.596618699774881,2990375740948.4746,238,S4_twin_shock_cex_intervention,indonesia,USDC
54,2.4474640248311608,2990375740970.8477,238,S4_twin_shock_cex_intervention,indonesia,USDC
55,2.3355980186233705,2990375740987.628,238,S4_twin_shock_cex_intervention,indonesia,USDC
56,2.251698513967528,2990375741000.2124,238,S4_twin_shock_cex_intervention,indonesia,USDC
57,2.188773885475646,2990375741009.6514,238,S4_twin_shock_cex_intervention,indonesia,USDC
58,2.1415804141067345,2990375741016.73,238,S4_twin_shock_cex_intervention,indonesia,USDC
59,2.106185310580051,2990375741022.0396,238,S4_twin_shock_cex_intervention,indonesia,USDC
60,2.044928625033055,2990375741026.0215,238,S4_twin_shock_cex_intervention,indonesia,USDC
61,2.0016660276867104,2990375741029.008,238,S4_twin_shock_cex_intervention,indonesia,USDC
62,1.9473479094278838,2990375741031.2476,238,S4_twin_shock_cex_intervention,indonesia,USDC
63,1.9361408272486529,2990375741032.9272,238,S4_twin_shock_cex_intervention,indonesia,USDC
64,1.894450957777055,2990375741034.187,238,S4_twin_shock_cex_intervention,indonesia,USDC
65,1.8984320777341077,2990375741035.132,238,S4_twin_shock_cex_intervention,indonesia,USDC
66,1.8214268656607127,2990375741035.8403,238,S4_twin_shock_cex_intervention,indonesia,USDC
67,1.7236909727768785,2990375741036.372,238,S4_twin_shock_cex_intervention,indonesia,USDC
68,1.6254569070184541,2990375741036.7705,238,S4_twin_shock_cex_intervention,indonesia,USDC
69,1.6270656014897409,2990375741037.0693,238,S4_twin_shock_cex_intervention,indonesia,USDC
70,1.4891874357820813,2990375741037.2935,238,S4_twin_shock_cex_intervention,indonesia,USDC
71,1.4811792566350104,2990375741037.462,238,S4_twin_shock_cex_intervention,indonesia,USDC
72,1.2487480778974072,2990375741037.588,238,S4_twin_shock_cex_intervention,indonesia,USDC
73,1.27631946576705,2990375741037.682,238,S4_twin_shock_cex_intervention,indonesia,USDC
74,1.2583384586013107,2990375741037.753,238,S4_twin_shock_cex_intervention,indonesia,USDC
75,1.2266268515945502,2990375741037.806,238,S4_twin_shock_cex_intervention,indonesia,USDC
76,1.2290758112456284,2990375741037.846,238,S4_twin_shock_cex_intervention,indonesia,USDC
77,1.1838114396365027,2990375741037.876,238,S4_twin_shock_cex_intervention,indonesia,USDC
78,1.1328916777374831,2990375741037.8984,238,S4_twin_shock_cex_intervention,indonesia,USDC
79,1.1236768485327806,2990375741037.9155,238,S4_twin_shock_cex_intervention,indonesia,USDC
80,1.0887097041459495,2990375741037.9277,238,S4_twin_shock_cex_intervention,indonesia,USDC
81,1.0959601229118887,2990375741037.9375,238,S4_twin_shock_cex_intervention,indonesia,USDC
82,1.0743705526688963,2990375741037.9443,238,S4_twin_shock_cex_intervention,indonesia,USDC
83,0.9367063400681278,2990375741037.9497,238,S4_twin_shock_cex_intervention,indonesia,USDC
84,0.9488629626816527,2988316339392.6836,238,S4_twin_shock_cex_intervention,indonesia,USDC
85,0.9566023445819118,2987053769712.6133,238,S4_twin_shock_cex_intervention,indonesia,USDC
86,0.9904828890390182,2986397720207.4067,238,S4_twin_shock_cex_intervention,indonesia,USDC
87,0.9741899093182165,2986397720207.409,238,S4_twin_shock_cex_intervention,indonesia,USDC
88,0.9834460142493132,2986397720207.409,238,S4_twin_shock_cex_intervention,indonesia,USDC
89,0.9944259409875255,2986397720207.409,238,S4_twin_shock_cex_intervention,indonesia,USDC
90,1.0010908616455763,2986397720207.409,238,S4_twin_shock_cex_intervention,indonesia,USDC
91,1.0001033523797438,2986397720207.409,238,S4_twin_shock_cex_intervention,indonesia,USDC
92,0.9823222410447018,2986397720207.409,238,S4_twin_shock_cex_intervention,indonesia,USDC
93,1.0002868586829792,2986397720207.409,238,S4_twin_shock_cex_intervention,indonesia,USDC
94,1.0011735354137115,2986397720207.409,238,S4_twin_shock_cex_intervention,indonesia,USDC
95,1.006153752088292,2986397720207.409,238,S4_twin_shock_cex_intervention,indonesia,USDC
96,1.03899930873812,2986397720207.411,238,S4_twin_shock_cex_intervention,indonesia,USDC
97,1.0275200713944397,2986397720207.412,238,S4_twin_shock_cex_intervention,indonesia,USDC
98,1.0074682891584776,2986397720207.412,238,S4_twin_shock_cex_intervention,indonesia,USDC
99,1.0021683221726285,2986397720207.412,238,S4_twin_shock_cex_intervention,indonesia,USDC
100,1.0232887996733178,2986397720207.413,238,S4_twin_shock_cex_intervention,indonesia,USDC
101,0.8621028692150573,2986397720207.414,238,S4_twin_shock_cex_intervention,indonesia,USDC
102,0.8227230984090601,2980564372471.4766,238,S4_twin_shock_cex_intervention,indonesia,USDC
103,0.8161899989683364,2973097013659.082,238,S4_twin_shock_cex_intervention,indonesia,USDC
104,0.8095783877075534,2966593160652.231,238,S4_twin_shock_cex_intervention,indonesia,USDC
105,0.8338954518130849,2960721923517.2207,238,S4_twin_shock_cex_intervention,indonesia,USDC
106,0.8456081731854757,2956723757013.055,238,S4_twin_shock_cex_intervention,indonesia,USDC
107,0.8782531427185681,2953554600390.258,238,S4_twin_shock_cex_intervention,indonesia,USDC
108,0.8868466858361166,2951507703651.221,238,S4_twin_shock_cex_intervention,indonesia,USDC
109,0.8754598373122382,2949696164758.356,238,S4_twin_shock_cex_intervention,indonesia,USDC
110,0.8800898388078182,2947896418652.996,238,S4_twin_shock_cex_intervention,indonesia,USDC
111,0.897028389787774,2946345313761.593,238,S4_twin_shock_cex_intervention,indonesia,USDC
112,0.9428198817035072,2945143947332.681,238,S4_twin_shock_cex_intervention,indonesia,USDC
113,0.9125362931992098,2944730131256.2715,238,S4_twin_shock_cex_intervention,indonesia,USDC
114,0.9403972427038845,2943944479646.023,238,S4_twin_shock_cex_intervention,indonesia,USDC
115,0.9160351057054466,2943572072054.1416,238,S4_twin_shock_cex_intervention,indonesia,USDC
116,0.9169454745009016,2942895023413.501,238,S4_twin_shock_cex_intervention,indonesia,USDC
117,0.9217717723357813,2942246437243.2026,238,S4_twin_shock_cex_intervention,indonesia,USDC
118,0.918657470980957,2941672407444.475,238,S4_twin_shock_cex_intervention,indonesia,USDC
119,0.9079765956882975,2941090524491.251,238,S4_twin_shock_cex_intervention,indonesia,USDC
120,0.9248406737039282,2940405403515.7505,238,S4_twin_shock_cex_intervention,indonesia,USDC
121,0.8754025560647782,2866452252309.1387,238,S4_twin_shock_cex_intervention,indonesia,USDC
122,0.8723373212582859,2793900640298.4385,238,S4_twin_shock_cex_intervention,indonesia,USDC
123,0.8331564260948283,2723239596111.9424,238,S4_twin_shock_cex_intervention,indonesia,USDC
124,0.8337173994796894,2654104190154.0063,238,S4_twin_shock_cex_intervention,indonesia,USDC
125,0.8409804706052423,2586883820006.475,238,S4_twin_shock_cex_intervention,indonesia,USDC
126,0.8147041986326602,2521452253112.666,238,S4_twin_shock_cex_intervention,indonesia,USDC
127,0.7895977476594346,2457639550096.5073,238,S4_twin_shock_cex_intervention,indonesia,USDC
128,0.7711960186954053,2395436843710.4424,238,S4_twin_shock_cex_intervention,indonesia,USDC
129,0.7856546393174924,2334891807012.6587,238,S4_twin_shock_cex_intervention,indonesia,USDC
130,0.7874874017247687,2276006386671.514,238,S4_twin_shock_cex_intervention,indonesia,USDC
131,0.8058384030891015,2218701052176.6367,238,S4_twin_shock_cex_intervention,indonesia,USDC
132,0.7836958308321765,2162941355842.8867,238,S4_twin_shock_cex_intervention,indonesia,USDC
133,0.7892274071792811,2108577105188.8452,238,S4_twin_shock_cex_intervention,indonesia,USDC
134,0.8099552862296542,2055638310355.9946,238,S4_twin_shock_cex_intervention,indonesia,USDC
135,0.8201482049135165,2004081144547.4355,238,S4_twin_shock_cex_intervention,indonesia,USDC
136,0.7958465347057339,1953846037326.3672,238,S4_twin_shock_cex_intervention,indonesia,USDC
137,0.8197385883018012,1904869119133.6182,238,S4_twin_shock_cex_intervention,indonesia,USDC
138,0.815288608535023,1857154820793.253,238,S4_twin_shock_cex_intervention,indonesia,USDC
139,0.8414256912552717,1810645403075.8496,238,S4_twin_shock_cex_intervention,indonesia,USDC
140,0.8328337290258638,1765324167306.9458,238,S4_twin_shock_cex_intervention,indonesia,USDC
141,0.8333801484024493,1721139901374.7134,238,S4_twin_shock_cex_intervention,indonesia,USDC
142,0.8355778612497772,1678068395596.1736,238,S4_twin_shock_cex_intervention,indonesia,USDC
143,0.8090671264282523,1636078549729.862,238,S4_twin_shock_cex_intervention,indonesia,USDC
144,0.7898386792438875,1595138826147.079,238,S4_twin_shock_cex_intervention,indonesia,USDC
145,0.7611190880088239,1555224039974.8474,238,S4_twin_shock_cex_intervention,indonesia,USDC
146,0.779052358522112,1516309673287.3184,238,S4_twin_shock_cex_intervention,indonesia,USDC
147,0.7900927048054198,1478376495068.4995,238,S4_twin_shock_cex_intervention,indonesia,USDC
148,0.8073259774852465,1441398204198.0637,238,S4_twin_shock_cex_intervention,indonesia,USDC
149,0.7945003811513327,1405349854105.4587,238,S4_twin_shock_cex_intervention,indonesia,USDC
150,0.7864771679115087,1370203170516.4167,238,S4_twin_shock_cex_intervention,indonesia,USDC
151,0.7894773976057489,1335937654900.016,238,S4_twin_shock_cex_intervention,indonesia,USDC
152,0.7762301298540996,1302530604888.9277,238,S4_twin_shock_cex_intervention,indonesia,USDC
153,0.7808255634452409,1269959444567.3674,238,S4_twin_shock_cex_intervention,indonesia,USDC
154,0.7741530104113561,1238204290258.6475,238,S4_twin_shock_cex_intervention,indonesia,USDC
155,0.7974459069184928,1207244140152.1284,238,S4_twin_shock_cex_intervention,indonesia,USDC
156,0.8056813769613337,1177059547150.8938,238,S4_twin_shock_cex_intervention,indonesia,USDC
157,0.82936951318478,1147630360553.3325,238,S4_twin_shock_cex_intervention,indonesia,USDC
158,0.8418188378904928,1118937621985.1582,238,S4_twin_shock_cex_intervention,indonesia,USDC
159,0.8183797394192951,1090962629480.0024,238,S4_twin_shock_cex_intervention,indonesia,USDC
160,0.8252693749715801,1063686991739.3372,238,S4_twin_shock_cex_intervention,indonesia,USDC
161,0.8329959033804254,1037093510455.0825,238,S4_twin_shock_cex_intervention,indonesia,USDC
162,0.8429682822465491,1011165135608.6206,238,S4_twin_shock_cex_intervention,indonesia,USDC
163,0.8248375760879975,985885155220.5076,238,S4_twin_shock_cex_intervention,indonesia,USDC
164,0.8318542186006282,961237192426.9845,238,S4_twin_shock_cex_intervention,indonesia,USDC
165,0.8329322345424792,937205580991.709,238,S4_twin_shock_cex_intervention,indonesia,USDC
166,0.824650739679,913774830527.5044,238,S4_twin_shock_cex_intervention,indonesia,USDC
167,0.8126320602178666,890929924186.8604,238,S4_twin_shock_cex_intervention,indonesia,USDC
168,0.8047520668553175,868656167131.0923,238,S4_twin_shock_cex_intervention,indonesia,USDC
169,0.7918232753217486,846939302171.8782,238,S4_twin_shock_cex_intervention,indonesia,USDC
170,0.7882505956014189,825765422103.466,238,S4_twin_shock_cex_intervention,indonesia,USDC
171,0.795930940882036,805120930390.9799,238,S4_twin_shock_cex_intervention,indonesia,USDC
172,0.845624188323695,784992635397.8909,238,S4_twin_shock_cex_intervention,indonesia,USDC
173,0.8452514898574436,765367662988.9535,238,S4_twin_shock_cex_intervention,indonesia,USDC
174,0.851422630858827,746233330709.3157,238,S4_twin_shock_cex_intervention,indonesia,USDC
175,0.8383930617044996,727577380701.9495,238,S4_twin_shock_cex_intervention,indonesia,USDC
176,0.8039474879938936,709387832038.7183,238,S4_twin_shock_cex_intervention,indonesia,USDC
177,0.7814852433432488,691653013698.9963,238,S4_twin_shock_cex_intervention,indonesia,USDC
178,0.7929838194685187,674361567418.2969,238,S4_twin_shock_cex_intervention,indonesia,USDC
179,0.7969902619878475,657502436741.4445,238,S4_twin_shock_cex_intervention,indonesia,USDC
180,0.781492276751705,641064802720.7123,238,S4_twin_shock_cex_intervention,indonesia,USDC
181,0.781885268743585,625038117208.624,238,S4_twin_shock_cex_intervention,indonesia,USDC
182,0.7884289617760954,609412112691.9398,238,S4_twin_shock_cex_intervention,indonesia,USDC
183,0.7873480936357661,594176769552.7161,238,S4_twin_shock_cex_intervention,indonesia,USDC
184,0.7636372425141169,579322316532.4027,238,S4_twin_shock_cex_intervention,indonesia,USDC
185,0.7683522992847212,564839229413.3044,238,S4_twin_shock_cex_intervention,indonesia,USDC
186,0.7658459531341978,550718224477.2644,238,S4_twin_shock_cex_intervention,indonesia,USDC
187,0.7340322646080031,536950249457.30347,238,S4_twin_shock_cex_intervention,indonesia,USDC
188,0.727898084347479,523526476507.90314,238,S4_twin_shock_cex_intervention,indonesia,USDC
189,0.7212551125865952,510438300595.0642,238,S4_twin_shock_cex_intervention,indonesia,USDC
190,0.7018469085284367,497677332890.8661,238,S4_twin_shock_cex_intervention,indonesia,USDC
191,0.7108586538105998,485235391081.97864,238,S4_twin_shock_cex_intervention,indonesia,USDC
192,0.733266069521568,473104500168.1769,238,S4_twin_shock_cex_intervention,indonesia,USDC
193,0.726269788652366,461276883446.7368,238,S4_twin_shock_cex_intervention,indonesia,USDC
194,0.7400178252510593,449744958078.3567,238,S4_twin_shock_cex_intervention,indonesia,USDC
195,0.747638561851902,438501331807.5212,238,S4_twin_shock_cex_intervention,indonesia,USDC
196,0.772028892597643,427538796801.87134,238,S4_twin_shock_cex_intervention,indonesia,USDC
197,0.7575053050870492,416850325775.6553,238,S4_twin_shock_cex_intervention,indonesia,USDC
198,0.7637306463110638,406429066652.0577,238,S4_twin_shock_cex_intervention,indonesia,USDC
199,0.7615043521150635,396268339221.2726,238,S4_twin_shock_cex_intervention,indonesia,USDC
200,0.7530132089138303,386361630117.15173,238,S4_twin_shock_cex_intervention,indonesia,USDC
201,0.7414190793624756,376702588854.73315,238,S4_twin_shock_cex_intervention,indonesia,USDC
202,0.7361498306098635,367285023732.12756,238,S4_twin_shock_cex_intervention,indonesia,USDC
203,0.7310858140741487,358102897809.2995,238,S4_twin_shock_cex_intervention,indonesia,USDC
204,0.7250023432916644,349150325113.4874,238,S4_twin_shock_cex_intervention,indonesia,USDC
205,0.7365560629901975,340421566794.229,238,S4_twin_shock_cex_intervention,indonesia,USDC
206,0.7616355773109986,331911027486.41943,238,S4_twin_shock_cex_intervention,indonesia,USDC
207,0.737283394573013,323613251702.799,238,S4_twin_shock_cex_intervention,indonesia,USDC
208,0.749664126646908,315522920328.528,238,S4_twin_shock_cex_intervention,indonesia,USDC
209,0.657225810954281,307634847258.0499,238,S4_twin_shock_cex_intervention,indonesia,USDC
210,0.6768594422870109,299943976007.94867,238,S4_twin_shock_cex_intervention,indonesia,USDC
211,0.6803909540978453,292445376564.607,238,S4_twin_shock_cex_intervention,indonesia,USDC
212,0.6982452885719633,285134242119.0958,238,S4_twin_shock_cex_intervention,indonesia,USDC
213,0.7309350295021328,278005886046.6012,238,S4_twin_shock_cex_intervention,indonesia,USDC
214,0.7112214261288777,271055738882.31885,238,S4_twin_shock_cex_intervention,indonesia,USDC
215,0.7424026661020597,264279345399.28937,238,S4_twin_shock_cex_intervention,indonesia,USDC
216,0.7543265162115611,257672361757.63235,238,S4_twin_shock_cex_intervention,indonesia,USDC
217,0.7544557967517432,251230552708.56488,238,S4_twin_shock_cex_intervention,indonesia,USDC
218,0.756292602385108,244949788886.92676,238,S4_twin_shock_cex_intervention,indonesia,USDC
219,0.7408960955494177,238826044161.756,238,S4_twin_shock_cex_intervention,indonesia,USDC
220,0.7607061626081383,232855393055.11603,238,S4_twin_shock_cex_intervention,indonesia,USDC
221,0.7857349984514517,227034008226.94086,238,S4_twin_shock_cex_intervention,indonesia,USDC
222,0.8209488406115101,221358158020.00818,238,S4_twin_shock_cex_intervention,indonesia,USDC
223,0.8034086112407665,215824204068.63696,238,S4_twin_shock_cex_intervention,indonesia,USDC
224,0.8039896081785446,210428598966.09552,238,S4_twin_shock_cex_intervention,indonesia,USDC
225,0.8103203176093331,205167883991.24454,238,S4_twin_shock_cex_intervention,indonesia,USDC
226,0.8041459056695802,200038686890.9286,238,S4_twin_shock_cex_intervention,indonesia,USDC
227,0.7905237768706156,195037719718.1971,238,S4_twin_shock_cex_intervention,indonesia,USDC
228,0.8001816615361506,190161776724.79993,238,S4_twin_shock_cex_intervention,indonesia,USDC
229,0.7996769422955802,185407732306.34534,238,S4_twin_shock_cex_intervention,indonesia,USDC
230,0.8080639763500544,180772538998.4089,238,S4_twin_shock_cex_intervention,indonesia,USDC
231,0.7932904507999408,176253225523.22574,238,S4_twin_shock_cex_intervention,indonesia,USDC
232,0.7642813271726231,171846894884.94635,238,S4_twin_shock_cex_intervention,indonesia,USDC
233,0.762125316093589,167550722512.63257,238,S4_twin_shock_cex_intervention,indonesia,USDC
234,0.7418371920096851,163361954449.66748,238,S4_twin_shock_cex_intervention,indonesia,USDC
235,0.7332826747246537,159277905588.29315,238,S4_twin_shock_cex_intervention,indonesia,USDC
236,0.7453404198225415,155295957948.47998,238,S4_twin_shock_cex_intervention,indonesia,USDC
237,0.7672270956101298,151413558999.6931,238,S4_twin_shock_cex_intervention,indonesia,USDC
238,0.7786888703807321,147628220024.6462,238,S4_twin_shock_cex_intervention,indonesia,USDC
239,0.8029500169531807,143937514523.98932,238,S4_twin_shock_cex_intervention,indonesia,USDC
240,0.8077975990718039,140339076660.86218,238,S4_twin_shock_cex_intervention,indonesia,USDC
241,0.8169000816286225,136830599744.31886,238,S4_twin_shock_cex_intervention,indonesia,USDC
242,0.8404430347676475,133409834750.6925,238,S4_twin_shock_cex_intervention,indonesia,USDC
243,0.8481879077670548,130074588881.91287,238,S4_twin_shock_cex_intervention,indonesia,USDC
244,0.8354749078823828,126822724159.8545,238,S4_twin_shock_cex_intervention,indonesia,USDC
245,0.810827487146803,123652156055.84834,238,S4_twin_shock_cex_intervention,indonesia,USDC
246,0.7851606825846862,120560852154.4418,238,S4_twin_shock_cex_intervention,indonesia,USDC
247,0.8060295495287599,117546830850.57024,238,S4_twin_shock_cex_intervention,indonesia,USDC
248,0.8005436427226879,114608160079.29858,238,S4_twin_shock_cex_intervention,indonesia,USDC
249,0.7863543079620762,111742956077.30984,238,S4_twin_shock_cex_intervention,indonesia,USDC
250,0.7796690660482973,108949382175.37125,238,S4_twin_shock_cex_intervention,indonesia,USDC
251,0.7388724111094952,106225647620.98212,238,S4_twin_shock_cex_intervention,indonesia,USDC
252,0.7451681130722801,103570006430.453,238,S4_twin_shock_cex_intervention,indonesia,USDC
253,0.744377943960471,100980756269.6881,238,S4_twin_shock_cex_intervention,indonesia,USDC
254,0.7355658363819394,98456237362.94313,238,S4_twin_shock_cex_intervention,indonesia,USDC
255,0.7423141380520887,95994831428.86737,238,S4_twin_shock_cex_intervention,indonesia,USDC
256,0.7542233706725496,93594960643.14409,238,S4_twin_shock_cex_intervention,indonesia,USDC
257,0.7542387532404535,91255086627.06425,238,S4_twin_shock_cex_intervention,indonesia,USDC
258,0.7539643700744286,88973709461.38672,238,S4_twin_shock_cex_intervention,indonesia,USDC
259,0.7615970375587301,86749366724.85132,238,S4_twin_shock_cex_intervention,indonesia,USDC
260,0.7953570802267734,84580632556.72948,238,S4_twin_shock_cex_intervention,indonesia,USDC
261,0.7810015332251112,82466116742.81085,238,S4_twin_shock_cex_intervention,indonesia,USDC
262,0.7914385834389448,80404463824.24025,238,S4_twin_shock_cex_intervention,indonesia,USDC
263,0.7883142040469724,78394352228.634,238,S4_twin_shock_cex_intervention,indonesia,USDC
264,0.7717825198814481,76434493422.91792,238,S4_twin_shock_cex_intervention,indonesia,USDC
265,0.7872465501429259,74523631087.34479,238,S4_twin_shock_cex_intervention,indonesia,USDC
266,0.7762956560238793,72660540310.16101,238,S4_twin_shock_cex_intervention,indonesia,USDC
267,0.7917993891601988,70844026802.40686,238,S4_twin_shock_cex_intervention,indonesia,USDC
268,0.7980219473920922,69072926132.34662,238,S4_twin_shock_cex_intervention,indonesia,USDC
269,0.7988669635934517,67346102979.03786,238,S4_twin_shock_cex_intervention,indonesia,USDC
270,0.805880709003301,65662450404.56186,238,S4_twin_shock_cex_intervention,indonesia,USDC
271,0.8318363390945769,64020889144.44777,238,S4_twin_shock_cex_intervention,indonesia,USDC
272,0.8230171171263395,62420366915.83654,238,S4_twin_shock_cex_intervention,indonesia,USDC
273,0.8264255873056101,60859857742.9406,238,S4_twin_shock_cex_intervention,indonesia,USDC
274,0.8016013028164807,59338361299.367065,238,S4_twin_shock_cex_intervention,indonesia,USDC
275,0.8271472767302058,57854902266.88286,238,S4_twin_shock_cex_intervention,indonesia,USDC
276,0.8392172754107402,56408529710.21078,238,S4_twin_shock_cex_intervention,indonesia,USDC
277,0.8298284508804136,54998316467.4555,238,S4_twin_shock_cex_intervention,indonesia,USDC
278,0.841101217348185,53623358555.769104,238,S4_twin_shock_cex_intervention,indonesia,USDC
279,0.8088342565744377,52282774591.87486,238,S4_twin_shock_cex_intervention,indonesia,USDC
280,0.8263071578810068,50975705227.07798,238,S4_twin_shock_cex_intervention,indonesia,USDC
281,0.8528356631801839,49701312596.40102,238,S4_twin_shock_cex_intervention,indonesia,USDC
282,0.8355959321208843,48458779781.49099,238,S4_twin_shock_cex_intervention,indonesia,USDC
283,0.8015777208591667,47247310286.953705,238,S4_twin_shock_cex_intervention,indonesia,USDC
284,0.8233913941485366,46066127529.77986,238,S4_twin_shock_cex_intervention,indonesia,USDC
285,0.7901207063532794,44914474341.535355,238,S4_twin_shock_cex_intervention,indonesia,USDC
286,0.8140397160553544,43791612482.99697,238,S4_twin_shock_cex_intervention,indonesia,USDC
287,0.7554261733825289,42696822170.92204,238,S4_twin_shock_cex_intervention,indonesia,USDC
288,0.7666933688818195,41629401616.64898,238,S4_twin_shock_cex_intervention,indonesia,USDC
289,0.7722312046559671,40588666576.23275,238,S4_twin_shock_cex_intervention,indonesia,USDC
290,0.7769307540974432,39573949911.826935,238,S4_twin_shock_cex_intervention,indonesia,USDC
291,0.8014724017559162,38584601164.03126,238,S4_twin_shock_cex_intervention,indonesia,USDC
292,0.798478614249297,37619986134.93048,238,S4_twin_shock_cex_intervention,indonesia,USDC
293,0.8064892530460976,36679486481.55722,238,S4_twin_shock_cex_intervention,indonesia,USDC
294,0.8341238881333917,35762499319.51829,238,S4_twin_shock_cex_intervention,indonesia,USDC
295,0.8265416427563106,34868436836.53033,238,S4_twin_shock_cex_intervention,indonesia,USDC
296,0.8270907790402034,33996725915.61707,238,S4_twin_shock_cex_intervention,indonesia,USDC
297,0.8266836787967516,33146807767.726643,238,S4_twin_shock_cex_intervention,indonesia,USDC
298,0.8202077207921805,32318137573.533478,238,S4_twin_shock_cex_intervention,indonesia,USDC
299,0.8191092501111812,31510184134.19514,238,S4_twin_shock_cex_intervention,indonesia,USDC
300,0.8020722849435618,30722429530.840263,238,S4_twin_shock_cex_intervention,indonesia,USDC
301,0.826201523573489,29954368792.569256,238,S4_twin_shock_cex_intervention,indonesia,USDC
302,0.8143407828923134,29205509572.755028,238,S4_twin_shock_cex_intervention,indonesia,USDC
303,0.8311226695393635,28475371833.43615,238,S4_twin_shock_cex_intervention,indonesia,USDC
304,0.8024917378180298,27763487537.600243,238,S4_twin_shock_cex_intervention,indonesia,USDC
305,0.7754209478532846,27069400349.16024,238,S4_twin_shock_cex_intervention,indonesia,USDC
306,0.7875694782722864,26392665340.431236,238,S4_twin_shock_cex_intervention,indonesia,USDC
307,0.7897593276240888,25732848706.920456,238,S4_twin_shock_cex_intervention,indonesia,USDC
308,0.7778851821425107,25089527489.247444,238,S4_twin_shock_cex_intervention,indonesia,USDC
309,0.7656312914710343,24462289302.016254,238,S4_twin_shock_cex_intervention,indonesia,USDC
310,0.7681562121637486,23850732069.46585,238,S4_twin_shock_cex_intervention,indonesia,USDC
311,0.7800689450597587,23254463767.729202,238,S4_twin_shock_cex_intervention,indonesia,USDC
312,0.7690501435090505,22673102173.535973,238,S4_twin_shock_cex_intervention,indonesia,USDC
313,0.7691613133585425,22106274619.197575,238,S4_twin_shock_cex_intervention,indonesia,USDC
314,0.7696623717181059,21553617753.717636,238,S4_twin_shock_cex_intervention,indonesia,USDC
315,0.7830690355273564,21014777309.874695,238,S4_twin_shock_cex_intervention,indonesia,USDC
316,0.6726434758033831,20489407877.127823,238,S4_twin_shock_cex_intervention,indonesia,USDC
317,0.7014314419052616,19977172680.19963,238,S4_twin_shock_cex_intervention,indonesia,USDC
318,0.7214133258473606,19477743363.19464,238,S4_twin_shock_cex_intervention,indonesia,USDC
319,0.7339560417890637,18990799779.114777,238,S4_twin_shock_cex_intervention,indonesia,USDC
320,0.7414150322680805,18516029784.636906,238,S4_twin_shock_cex_intervention,indonesia,USDC
321,0.7425532216694742,18053129040.02098,238,S4_twin_shock_cex_intervention,indonesia,USDC
322,0.7610980972332411,17601800814.020454,238,S4_twin_shock_cex_intervention,indonesia,USDC
323,0.7337494990391463,17161755793.669945,238,S4_twin_shock_cex_intervention,indonesia,USDC
324,0.7757044405721035,16732711898.828197,238,S4_twin_shock_cex_intervention,indonesia,USDC
325,0.7910430442184185,16314394101.357492,238,S4_twin_shock_cex_intervention,indonesia,USDC
326,0.776705078477873,15906534248.823555,238,S4_twin_shock_cex_intervention,indonesia,USDC
327,0.7782622747835953,15508870892.602966,238,S4_twin_shock_cex_intervention,indonesia,USDC
328,0.7878742861650556,15121149120.287893,238,S4_twin_shock_cex_intervention,indonesia,USDC
329,0.6924212012561479,14743120392.280697,238,S4_twin_shock_cex_intervention,indonesia,USDC
330,0.717722710764885,14374542382.473679,238,S4_twin_shock_cex_intervention,indonesia,USDC
331,0.7225375052906957,14015178822.911835,238,S4_twin_shock_cex_intervention,indonesia,USDC
332,0.7306335355882653,13664799352.339039,238,S4_twin_shock_cex_intervention,indonesia,USDC
333,0.7284468133297235,13323179368.530563,238,S4_twin_shock_cex_intervention,indonesia,USDC
334,0.7224645055719326,12990099884.317299,238,S4_twin_shock_cex_intervention,indonesia,USDC
335,0.7341270001745611,12665347387.209368,238,S4_twin_shock_cex_intervention,indonesia,USDC
336,0.7450403249904913,12348713702.529133,238,S4_twin_shock_cex_intervention,indonesia,USDC
337,0.7509251316667238,12039995859.965904,238,S4_twin_shock_cex_intervention,indonesia,USDC
338,0.732502615643141,11738995963.466757,238,S4_twin_shock_cex_intervention,indonesia,USDC
339,0.7133803805912049,11445521064.380089,238,S4_twin_shock_cex_intervention,indonesia,USDC
340,0.7231489363014731,11159383037.770588,238,S4_twin_shock_cex_intervention,indonesia,USDC
341,0.7426960588149228,10880398461.82632,238,S4_twin_shock_cex_intervention,indonesia,USDC
342,0.7320010297452897,10608388500.280664,238,S4_twin_shock_cex_intervention,indonesia,USDC
343,0.7630220241174416,10343178787.773647,238,S4_twin_shock_cex_intervention,indonesia,USDC
344,0.7616610094162656,10084599318.079306,238,S4_twin_shock_cex_intervention,indonesia,USDC
345,0.7679232517021205,9832484335.127323,238,S4_twin_shock_cex_intervention,indonesia,USDC
346,0.78740253071149,9586672226.74914,238,S4_twin_shock_cex_intervention,indonesia,USDC
347,0.8330760233493479,9347005421.080412,238,S4_twin_shock_cex_intervention,indonesia,USDC
348,0.8487335383868471,9113330285.553402,238,S4_twin_shock_cex_intervention,indonesia,USDC
349,0.8371847544184846,8885497028.414566,238,S4_twin_shock_cex_intervention,indonesia,USDC
350,0.8411434880179012,8663359602.704203,238,S4_twin_shock_cex_intervention,indonesia,USDC
351,0.8357589087640905,8446775612.636597,238,S4_twin_shock_cex_intervention,indonesia,USDC
352,0.8090066095569742,8235606222.320683,238,S4_twin_shock_cex_intervention,indonesia,USDC
353,0.7906765619143887,8029716066.762667,238,S4_twin_shock_cex_intervention,indonesia,USDC
354,0.7817360689193217,7828973165.093599,238,S4_twin_shock_cex_intervention,indonesia,USDC
355,0.7708643573168497,7633248835.966259,238,S4_twin_shock_cex_intervention,indonesia,USDC
356,0.7775383175379815,7442417615.067102,238,S4_twin_shock_cex_intervention,indonesia,USDC
357,0.7740010264090721,7256357174.690425,238,S4_twin_shock_cex_intervention,indonesia,USDC
358,0.7622288168544408,7074948245.323164,238,S4_twin_shock_cex_intervention,indonesia,USDC
359,0.7574305666139018,6898074539.190086,238,S4_twin_shock_cex_intervention,indonesia,USDC
360,0.7323258328366109,6725622675.710333,238,S4_twin_shock_cex_intervention,indonesia,USDC
361,0.7678983391615404,6557482108.817575,238,S4_twin_shock_cex_intervention,indonesia,USDC
362,0.7583250035539695,6393545056.097136,238,S4_twin_shock_cex_intervention,indonesia,USDC
363,0.7622904517821804,6233706429.694707,238,S4_twin_shock_cex_intervention,indonesia,USDC
364,0.7759789163732641,6077863768.952339,238,S4_twin_shock_cex_intervention,indonesia,USDC
365,0.7530148397121363,5925917174.728531,238,S4_twin_shock_cex_intervention,indonesia,USDC
366,0.75637372238559,5777769245.360317,238,S4_twin_shock_cex_intervention,indonesia,USDC
367,0.7863944307270853,5633325014.226309,238,S4_twin_shock_cex_intervention,indonesia,USDC
368,0.8048227203270157,5492491888.870651,238,S4_twin_shock_cex_intervention,indonesia,USDC
369,0.8158058977198648,5355179591.648886,238,S4_twin_shock_cex_intervention,indonesia,USDC
370,0.8081355496397039,5221300101.857663,238,S4_twin_shock_cex_intervention,indonesia,USDC
371,0.8271725917802082,5090767599.311222,238,S4_twin_shock_cex_intervention,indonesia,USDC
372,0.8226320403816382,4963498409.328442,238,S4_twin_shock_cex_intervention,indonesia,USDC
373,0.8431241851660468,4839410949.09523,238,S4_twin_shock_cex_intervention,indonesia,USDC
374,0.8237118757769895,4718425675.367849,238,S4_twin_shock_cex_intervention,indonesia,USDC
375,0.8101980602067355,4600465033.483652,238,S4_twin_shock_cex_intervention,indonesia,USDC
376,0.7799840527829485,4485453407.646562,238,S4_twin_shock_cex_intervention,indonesia,USDC
377,0.7755956260376585,4373317072.455398,238,S4_twin_shock_cex_intervention,indonesia,USDC
378,0.7854385304780279,4263984145.6440125,238,S4_twin_shock_cex_intervention,indonesia,USDC
379,0.7725410599165814,4157384542.0029125,238,S4_twin_shock_cex_intervention,indonesia,USDC
380,0.7726883456918163,4053449928.45284,238,S4_twin_shock_cex_intervention,indonesia,USDC
381,0.7434583120718284,3952113680.241519,238,S4_twin_shock_cex_intervention,indonesia,USDC
382,0.7332273075353689,3853310838.235481,238,S4_twin_shock_cex_intervention,indonesia,USDC
383,0.7351412214955239,3756978067.2795935,238,S4_twin_shock_cex_intervention,indonesia,USDC
384,0.7240296981878414,3663053615.597604,238,S4_twin_shock_cex_intervention,indonesia,USDC
385,0.7431580741830285,3571477275.2076635,238,S4_twin_shock_cex_intervention,indonesia,USDC
386,0.7509252755084637,3482190343.3274717,238,S4_twin_shock_cex_intervention,indonesia,USDC
387,0.7733193486895334,3395135584.744285,238,S4_twin_shock_cex_intervention,indonesia,USDC
388,0.7722485520358408,3310257195.125677,238,S4_twin_shock_cex_intervention,indonesia,USDC
389,0.7762649087796053,3227500765.2475357,238,S4_twin_shock_cex_intervention,indonesia,USDC
390,0.7882737910032359,3146813246.1163473,238,S4_twin_shock_cex_intervention,indonesia,USDC
391,0.8027816619315035,3068142914.963438,238,S4_twin_shock_cex_intervention,indonesia,USDC
392,0.7807666539609668,2991439342.089352,238,S4_twin_shock_cex_intervention,indonesia,USDC
393,0.7551487591263405,2916653358.537119,238,S4_twin_shock_cex_intervention,indonesia,USDC
394,0.738974372120086,2843737024.5736904,238,S4_twin_shock_cex_intervention,indonesia,USDC
395,0.7700935775009377,2772643598.9593487,238,S4_twin_shock_cex_intervention,indonesia,USDC
396,0.7774268898457961,2703327508.985365,238,S4_twin_shock_cex_intervention,indonesia,USDC
397,0.7599697728969875,2635744321.2607307,238,S4_twin_shock_cex_intervention,indonesia,USDC
398,0.7515825718736521,2569850713.2292123,238,S4_twin_shock_cex_intervention,indonesia,USDC
399,0.744981948187503,2505604445.3984823,238,S4_twin_shock_cex_intervention,indonesia,USDC
400,0.7783341834934762,2442964334.2635202,238,S4_twin_shock_cex_intervention,indonesia,USDC
401,0.7737112883641358,2381890225.906932,238,S4_twin_shock_cex_intervention,indonesia,USDC
402,0.7621940216368575,2322342970.2592587,238,S4_twin_shock_cex_intervention,indonesia,USDC
403,0.7499184026066893,2264284396.0027776,238,S4_twin_shock_cex_intervention,indonesia,USDC
404,0.764052027770121,2207677286.102708,238,S4_twin_shock_cex_intervention,indonesia,USDC
405,0.7425983185149174,2152485353.95014,238,S4_twin_shock_cex_intervention,indonesia,USDC
406,0.7409283427049153,2098673220.101387,238,S4_twin_shock_cex_intervention,indonesia,USDC
407,0.7452014789049762,2046206389.5988522,238,S4_twin_shock_cex_intervention,indonesia,USDC
408,0.775225388490568,1995051229.8588808,238,S4_twin_shock_cex_intervention,indonesia,USDC
409,0.8067494447759302,1945174949.1124089,238,S4_twin_shock_cex_intervention,indonesia,USDC
410,0.8072924332993612,1896545575.3845987,238,S4_twin_shock_cex_intervention,indonesia,USDC
411,0.79806597322503,1849131935.9999835,238,S4_twin_shock_cex_intervention,indonesia,USDC
412,0.8076944159412874,1802903637.5999842,238,S4_twin_shock_cex_intervention,indonesia,USDC
413,0.8169011325090052,1757831046.6599846,238,S4_twin_shock_cex_intervention,indonesia,USDC
414,0.7907783773458985,1713885270.493485,238,S4_twin_shock_cex_intervention,indonesia,USDC
415,0.7808965645210115,1671038138.7311478,238,S4_twin_shock_cex_intervention,indonesia,USDC
416,0.8154849275466735,1629262185.2628691,238,S4_twin_shock_cex_intervention,indonesia,USDC
417,0.8403151996686902,1588530630.6312973,238,S4_twin_shock_cex_intervention,indonesia,USDC
418,0.8717838254696016,1548817364.8655148,238,S4_twin_shock_cex_intervention,indonesia,USDC
419,0.8640820135213372,1510096930.7438772,238,S4_twin_shock_cex_intervention,indonesia,USDC
420,0.8764192178635537,1472344507.4752803,238,S4_twin_shock_cex_intervention,indonesia,USDC
421,0.8621028844347517,1435535894.7883983,238,S4_twin_shock_cex_intervention,indonesia,USDC
422,0.8693262198152367,1399647497.4186883,238,S4_twin_shock_cex_intervention,indonesia,USDC
423,0.8532951692089031,1364656309.983221,238,S4_twin_shock_cex_intervention,indonesia,USDC
424,0.8352487918785498,1330539902.2336404,238,S4_twin_shock_cex_intervention,indonesia,USDC
425,0.8277799007835173,1297276404.6777997,238,S4_twin_shock_cex_intervention,indonesia,USDC
426,0.8232122458721165,1264844494.5608547,238,S4_twin_shock_cex_intervention,indonesia,USDC
427,0.8009992149750812,1233223382.1968331,238,S4_twin_shock_cex_intervention,indonesia,USDC
428,0.7960970288127145,1202392797.6419125,238,S4_twin_shock_cex_intervention,indonesia,USDC
429,0.790634433369992,1172332977.7008646,238,S4_twin_shock_cex_intervention,indonesia,USDC
430,0.7722000757640227,1143024653.258343,238,S4_twin_shock_cex_intervention,indonesia,USDC
431,0.7831101128313914,1114449036.9268847,238,S4_twin_shock_cex_intervention,indonesia,USDC
432,0.7929816308537194,1086587811.0037122,238,S4_twin_shock_cex_intervention,indonesia,USDC
433,0.8055367750783566,1059423115.7286196,238,S4_twin_shock_cex_intervention,indonesia,USDC
434,0.8269449284507259,1032937537.8354039,238,S4_twin_shock_cex_intervention,indonesia,USDC
435,0.8098865078864209,1007114099.3895189,238,S4_twin_shock_cex_intervention,indonesia,USDC
436,0.7991953881972854,981936246.904781,238,S4_twin_shock_cex_intervention,indonesia,USDC
437,0.8127080363082396,957387840.7321613,238,S4_twin_shock_cex_intervention,indonesia,USDC
438,0.8194673104144765,933453144.7138574,238,S4_twin_shock_cex_intervention,indonesia,USDC
439,0.8183892741069039,910116816.0960109,238,S4_twin_shock_cex_intervention,indonesia,USDC
440,0.8202214243027703,887363895.6936107,238,S4_twin_shock_cex_intervention,indonesia,USDC
441,0.8224850905453086,865179798.3012705,238,S4_twin_shock_cex_intervention,indonesia,USDC
442,0.7991940802125,843550303.3437388,238,S4_twin_shock_cex_intervention,indonesia,USDC
443,0.8039696125721318,822461545.7601452,238,S4_twin_shock_cex_intervention,indonesia,USDC
444,0.806883060844133,801900007.1161416,238,S4_twin_shock_cex_intervention,indonesia,USDC
445,0.8041922889454216,781852506.938238,238,S4_twin_shock_cex_intervention,indonesia,USDC
446,0.7939161586124085,762306194.2647821,238,S4_twin_shock_cex_intervention,indonesia,USDC
447,0.7959232524598923,743248539.4081626,238,S4_twin_shock_cex_intervention,indonesia,USDC
448,0.7752458535147138,724667325.9229585,238,S4_twin_shock_cex_intervention,indonesia,USDC
449,0.7734841059595177,706550642.7748845,238,S4_twin_shock_cex_intervention,indonesia,USDC
450,0.7602930330824519,688886876.7055124,238,S4_twin_shock_cex_intervention,indonesia,USDC
451,0.7762271184484059,671664704.7878745,238,S4_twin_shock_cex_intervention,indonesia,USDC
452,0.7649750771378013,654873087.1681776,238,S4_twin_shock_cex_intervention,indonesia,USDC
453,0.793432669740023,638501259.9889733,238,S4_twin_shock_cex_intervention,indonesia,USDC
454,0.7797552365124493,622538728.4892489,238,S4_twin_shock_cex_intervention,indonesia,USDC
455,0.7593798395683983,606975260.2770176,238,S4_twin_shock_cex_intervention,indonesia,USDC
456,0.7467906379356741,591800878.7700922,238,S4_twin_shock_cex_intervention,indonesia,USDC
457,0.7863966163064646,577005856.8008399,238,S4_twin_shock_cex_intervention,indonesia,USDC
458,0.8013256168712011,562580710.380819,238,S4_twin_shock_cex_intervention,indonesia,USDC
459,0.785425191438626,548516192.6212986,238,S4_twin_shock_cex_intervention,indonesia,USDC
460,0.784256439318609,534803287.80576605,238,S4_twin_shock_cex_intervention,indonesia,USDC
461,0.7855482121335857,521433205.6106219,238,S4_twin_shock_cex_intervention,indonesia,USDC
462,0.8161553513676488,508397375.47035635,238,S4_twin_shock_cex_intervention,indonesia,USDC
463,0.8510040369725212,495687441.0835974,238,S4_twin_shock_cex_intervention,indonesia,USDC
464,0.8577822624611475,483295255.0565075,238,S4_twin_shock_cex_intervention,indonesia,USDC
465,0.8788337481424701,471212873.68009484,238,S4_twin_shock_cex_intervention,indonesia,USDC
466,0.8636757266043236,459432551.83809245,238,S4_twin_shock_cex_intervention,indonesia,USDC
467,0.8474741541211293,447946738.0421401,238,S4_twin_shock_cex_intervention,indonesia,USDC
468,0.8149373811975853,436748069.5910866,238,S4_twin_shock_cex_intervention,indonesia,USDC
469,0.8253872908430168,425829367.8513094,238,S4_twin_shock_cex_intervention,indonesia,USDC
470,0.8400959740904829,415183633.65502673,238,S4_twin_shock_cex_intervention,indonesia,USDC
471,0.8454957884934207,404804042.8136511,238,S4_twin_shock_cex_intervention,indonesia,USDC
472,0.8275863797242933,394683941.74330974,238,S4_twin_shock_cex_intervention,indonesia,USDC
473,0.8092039352738425,384816843.19972706,238,S4_twin_shock_cex_intervention,indonesia,USDC
474,0.8142664241943026,375196422.11973387,238,S4_twin_shock_cex_intervention,indonesia,USDC
475,0.8424108015629496,365816511.5667405,238,S4_twin_shock_cex_intervention,indonesia,USDC
476,0.8462283279230046,356671098.777572,238,S4_twin_shock_cex_intervention,indonesia,USDC
477,0.8356515766272975,347754321.3081327,238,S4_twin_shock_cex_intervention,indonesia,USDC
478,0.8302037919070048,339060463.27542937,238,S4_twin_shock_cex_intervention,indonesia,USDC
479,0.7961274024322367,330583951.6935436,238,S4_twin_shock_cex_intervention,indonesia,USDC
480,0.7957862658294289,322319352.901205,238,S4_twin_shock_cex_intervention,indonesia,USDC
481,0.7975768297945681,314261369.0786749,238,S4_twin_shock_cex_intervention,indonesia,USDC
482,0.8173966733465116,306404834.85170805,238,S4_twin_shock_cex_intervention,indonesia,USDC
483,0.8089092749994018,298744713.98041534,238,S4_twin_shock_cex_intervention,indonesia,USDC
484,0.7927783127853371,291276096.1309049,238,S4_twin_shock_cex_intervention,indonesia,USDC
485,0.7971362905790531,283994193.72763234,238,S4_twin_shock_cex_intervention,indonesia,USDC
486,0.7876186718279674,276894338.8844415,238,S4_twin_shock_cex_intervention,indonesia,USDC
487,0.7933523186004848,269971980.4123305,238,S4_twin_shock_cex_intervention,indonesia,USDC
488,0.7867569840956591,263222680.9020222,238,S4_twin_shock_cex_intervention,indonesia,USDC
489,0.7969916797732591,256642113.87947166,238,S4_twin_shock_cex_intervention,indonesia,USDC
490,0.801397273130353,250226061.03248486,238,S4_twin_shock_cex_intervention,indonesia,USDC
491,0.8232389573278398,243970409.50667274,238,S4_twin_shock_cex_intervention,indonesia,USDC
492,0.8105050893964851,237871149.26900595,238,S4_twin_shock_cex_intervention,indonesia,USDC
493,0.774101518015987,231924370.5372808,238,S4_twin_shock_cex_intervention,indonesia,USDC
494,0.801259317008923,226126261.2738488,238,S4_twin_shock_cex_intervention,indonesia,USDC
495,0.8010611406674063,220473104.74200255,238,S4_twin_shock_cex_intervention,indonesia,USDC
496,0.813806048057807,214961277.12345248,238,S4_twin_shock_cex_intervention,indonesia,USDC
497,0.8026687050167943,209587245.1953662,238,S4_twin_shock_cex_intervention,indonesia,USDC
498,0.7968493053314862,204347564.06548202,238,S4_twin_shock_cex_intervention,indonesia,USDC
499,0.7960867123798941,199238874.963845,238,S4_twin_shock_cex_intervention,indonesia,USDC
500,0.8278859590929835,194257903.0897489,238,S4_twin_shock_cex_intervention,indonesia,USDC
501,0.8308925038469251,189401455.51250514,238,S4_twin_shock_cex_intervention,indonesia,USDC
502,0.8425472809555494,184666419.12469253,238,S4_twin_shock_cex_intervention,indonesia,USDC
503,0.8583599160920157,180049758.6465752,238,S4_twin_shock_cex_intervention,indonesia,USDC
504,0.8357322863561051,175548514.68041083,238,S4_twin_shock_cex_intervention,indonesia,USDC
505,0.8252678408735424,171159801.81340054,238,S4_twin_shock_cex_intervention,indonesia,USDC
506,0.8527585892219941,166880806.76806554,238,S4_twin_shock_cex_intervention,indonesia,USDC
507,0.8449795642519228,162708786.5988639,238,S4_twin_shock_cex_intervention,indonesia,USDC
508,0.8343858158412047,158641066.93389228,238,S4_twin_shock_cex_intervention,indonesia,USDC
509,0.8414687950966001,154675040.260545,238,S4_twin_shock_cex_intervention,indonesia,USDC
510,0.7990665441893381,150808164.25403136,238,S4_twin_shock_cex_intervention,indonesia,USDC
511,0.814433705804689,147037960.14768058,238,S4_twin_shock_cex_intervention,indonesia,USDC
512,0.7839333495523236,143362011.14398855,238,S4_twin_shock_cex_intervention,indonesia,USDC
513,0.7899277688348676,139777960.86538884,238,S4_twin_shock_cex_intervention,indonesia,USDC
514,0.7723402084832991,136283511.84375414,238,S4_twin_shock_cex_intervention,indonesia,USDC
515,0.78453987323931,132876424.04766028,238,S4_twin_shock_cex_intervention,indonesia,USDC
516,0.7652454410071214,129554513.44646877,238,S4_twin_shock_cex_intervention,indonesia,USDC
517,0.7637290321690265,126315650.61030705,238,S4_twin_shock_cex_intervention,indonesia,USDC
518,0.771446558556588,123157759.34504937,238,S4_twin_shock_cex_intervention,indonesia,USDC
519,0.7852295727835773,120078815.36142312,238,S4_twin_shock_cex_intervention,indonesia,USDC
520,0.7519093347962164,117076844.97738755,238,S4_twin_shock_cex_intervention,indonesia,USDC
521,0.7878777829112806,114149923.85295285,238,S4_twin_shock_cex_intervention,indonesia,USDC
522,0.7821487018238297,111296175.75662903,238,S4_twin_shock_cex_intervention,indonesia,USDC
523,0.788000271174948,108513771.3627133,238,S4_twin_shock_cex_intervention,indonesia,USDC
524,0.7964207534940371,105800927.0786455,238,S4_twin_shock_cex_intervention,indonesia,USDC
525,0.7999779280786136,103155903.90167935,238,S4_twin_shock_cex_intervention,indonesia,USDC
526,0.8077810296271776,100577006.30413736,238,S4_twin_shock_cex_intervention,indonesia,USDC
527,0.8153498882245992,98062581.14653394,238,S4_twin_shock_cex_intervention,indonesia,USDC
528,0.8058753027581594,95611016.61787057,238,S4_twin_shock_cex_intervention,indonesia,USDC
529,0.8136206550563181,93220741.20242381,238,S4_twin_shock_cex_intervention,indonesia,USDC
530,0.8163013194164646,90890222.67236322,238,S4_twin_shock_cex_intervention,indonesia,USDC
531,0.8429561924524946,88617967.10555413,238,S4_twin_shock_cex_intervention,indonesia,USDC
532,0.8498516566099442,86402517.92791528,238,S4_twin_shock_cex_intervention,indonesia,USDC
533,0.8372060479260771,84242454.9797174,238,S4_twin_shock_cex_intervention,indonesia,USDC
534,0.8290062372737103,82136393.60522446,238,S4_twin_shock_cex_intervention,indonesia,USDC
535,0.8208954756445065,80082983.76509385,238,S4_twin_shock_cex_intervention,indonesia,USDC
536,0.8335634480140196,78080909.1709665,238,S4_twin_shock_cex_intervention,indonesia,USDC
537,0.8549735554590374,76128886.44169235,238,S4_twin_shock_cex_intervention,indonesia,USDC
538,0.8688739881277906,74225664.28065003,238,S4_twin_shock_cex_intervention,indonesia,USDC
539,0.8728785410759371,72370022.67363378,238,S4_twin_shock_cex_intervention,indonesia,USDC
540,0.8670152945884864,70560772.10679294,238,S4_twin_shock_cex_intervention,indonesia,USDC
541,0.8809011621463964,68796752.80412312,238,S4_twin_shock_cex_intervention,indonesia,USDC
542,0.8590040572283898,67076833.98402004,238,S4_twin_shock_cex_intervention,indonesia,USDC
543,0.8539698269679278,65399913.13441954,238,S4_twin_shock_cex_intervention,indonesia,USDC
544,0.8388987582150044,63764915.306059055,238,S4_twin_shock_cex_intervention,indonesia,USDC
545,0.8314900143554391,62170792.42340757,238,S4_twin_shock_cex_intervention,indonesia,USDC
546,0.8160711218246015,60616522.61282238,238,S4_twin_shock_cex_intervention,indonesia,USDC
547,0.800675181575644,59101109.54750183,238,S4_twin_shock_cex_intervention,indonesia,USDC
548,0.7789467349681892,57623581.80881427,238,S4_twin_shock_cex_intervention,indonesia,USDC
549,0.7537780405829869,56182992.26359393,238,S4_twin_shock_cex_intervention,indonesia,USDC
550,0.766863925800793,54778417.45700407,238,S4_twin_shock_cex_intervention,indonesia,USDC
551,0.7655380186803314,53408957.02057897,238,S4_twin_shock_cex_intervention,indonesia,USDC
552,0.7906847081776301,52073733.0950645,238,S4_twin_shock_cex_intervention,indonesia,USDC
553,0.7932979755697007,50771889.76768789,238,S4_twin_shock_cex_intervention,indonesia,USDC
554,0.7651038127757667,49502592.52349569,238,S4_twin_shock_cex_intervention,indonesia,USDC
555,0.7921078213264167,48265027.7104083,238,S4_twin_shock_cex_intervention,indonesia,USDC
556,0.7863668984095178,47058402.017648086,238,S4_twin_shock_cex_intervention,indonesia,USDC
557,0.8184163974882863,45881941.96720688,238,S4_twin_shock_cex_intervention,indonesia,USDC
558,0.7745694971131452,44734893.418026716,238,S4_twin_shock_cex_intervention,indonesia,USDC
559,0.7843933873932231,43616521.082576044,238,S4_twin_shock_cex_intervention,indonesia,USDC
560,0.779587439179848,42526108.05551164,238,S4_twin_shock_cex_intervention,indonesia,USDC
561,0.7823432150451073,41462955.35412385,238,S4_twin_shock_cex_intervention,indonesia,USDC
562,0.7842539642923194,40426381.47027075,238,S4_twin_shock_cex_intervention,indonesia,USDC
563,0.7681853029146793,39415721.933513984,238,S4_twin_shock_cex_intervention,indonesia,USDC
564,0.7639040911152603,38430328.88517614,238,S4_twin_shock_cex_intervention,indonesia,USDC
565,0.7740889591037523,37469570.66304673,238,S4_twin_shock_cex_intervention,indonesia,USDC
566,0.7884432797377103,36532831.39647056,238,S4_twin_shock_cex_intervention,indonesia,USDC
567,0.7433023981077833,35619510.611558795,238,S4_twin_shock_cex_intervention,indonesia,USDC
568,0.7483409762575637,34729022.84626983,238,S4_twin_shock_cex_intervention,indonesia,USDC
569,0.7422292010300058,33860797.275113076,238,S4_twin_shock_cex_intervention,indonesia,USDC
570,0.7588361239981377,33014277.34323525,238,S4_twin_shock_cex_intervention,indonesia,USDC
571,0.7303545405474596,32188920.40965437,238,S4_twin_shock_cex_intervention,indonesia,USDC
572,0.713482536874779,31384197.399413012,238,S4_twin_shock_cex_intervention,indonesia,USDC
573,0.7103703327021204,30599592.464427687,238,S4_twin_shock_cex_intervention,indonesia,USDC
574,0.7238849817153727,29834602.652816996,238,S4_twin_shock_cex_intervention,indonesia,USDC
575,0.7488098590503761,29088737.58649657,238,S4_twin_shock_cex_intervention,indonesia,USDC
576,0.7615063559267296,28361519.146834154,238,S4_twin_shock_cex_intervention,indonesia,USDC
577,0.7559322412205106,27652481.1681633,238,S4_twin_shock_cex_intervention,indonesia,USDC
578,0.7897519852696891,26961169.138959218,238,S4_twin_shock_cex_intervention,indonesia,USDC
579,0.7803964938440934,26287139.910485238,238,S4_twin_shock_cex_intervention,indonesia,USDC
580,0.7998360983932997,25629961.41272311,238,S4_twin_shock_cex_intervention,indonesia,USDC
581,0.803734373039742,24989212.37740503,238,S4_twin_shock_cex_intervention,indonesia,USDC
582,0.7826564166793917,24364482.067969903,238,S4_twin_shock_cex_intervention,indonesia,USDC
583,0.7967325349898366,23755370.016270652,238,S4_twin_shock_cex_intervention,indonesia,USDC
584,0.8032464501203134,23161485.765863888,238,S4_twin_shock_cex_intervention,indonesia,USDC
585,0.8243571436348327,22582448.62171729,238,S4_twin_shock_cex_intervention,indonesia,USDC
586,0.8236892610468662,22017887.406174358,238,S4_twin_shock_cex_intervention,indonesia,USDC
587,0.8227387295148104,21467440.22102,238,S4_twin_shock_cex_intervention,indonesia,USDC
588,0.8078909690740088,20930754.215494502,238,S4_twin_shock_cex_intervention,indonesia,USDC
589,0.7823365381996298,20407485.36010714,238,S4_twin_shock_cex_intervention,indonesia,USDC
590,0.8030906361768131,19897298.22610446,238,S4_twin_shock_cex_intervention,indonesia,USDC
591,0.8148227166694877,19399865.770451847,238,S4_twin_shock_cex_intervention,indonesia,USDC
592,0.8150894897115163,18914869.12619055,238,S4_twin_shock_cex_intervention,indonesia,USDC
593,0.8142091607449948,18441997.398035787,238,S4_twin_shock_cex_intervention,indonesia,USDC
594,0.8280571976987693,17980947.46308489,238,S4_twin_shock_cex_intervention,indonesia,USDC
595,0.782802809344118,17531423.776507773,238,S4_twin_shock_cex_intervention,indonesia,USDC
596,0.793601361145511,17093138.182095077,238,S4_twin_shock_cex_intervention,indonesia,USDC
597,0.7980476641896731,16665809.727542698,238,S4_twin_shock_cex_intervention,indonesia,USDC
598,0.7808047544776123,16249164.484354133,238,S4_twin_shock_cex_intervention,indonesia,USDC
599,0.8245346376548333,15842935.372245278,238,S4_twin_shock_cex_intervention,indonesia,USDC
600,0.7934254798875432,15446861.987939145,238,S4_twin_shock_cex_intervention,indonesia,USDC
601,0.7731091023459105,15060690.438240666,238,S4_twin_shock_cex_intervention,indonesia,USDC
602,0.7811440459169693,14684173.17728465,238,S4_twin_shock_cex_intervention,indonesia,USDC
603,0.794180606748548,14317068.847852536,238,S4_twin_shock_cex_intervention,indonesia,USDC
604,0.7811418687201439,13959142.126656221,238,S4_twin_shock_cex_intervention,indonesia,USDC
605,0.7739247529323485,13610163.573489815,238,S4_twin_shock_cex_intervention,indonesia,USDC
606,0.7655359326408312,13269909.48415257,238,S4_twin_shock_cex_intervention,indonesia,USDC
607,0.7691541352470632,12938161.747048754,238,S4_twin_shock_cex_intervention,indonesia,USDC
608,0.7579008491363642,12614707.703372536,238,S4_twin_shock_cex_intervention,indonesia,USDC
609,0.7315464973428222,12299340.010788223,238,S4_twin_shock_cex_intervention,indonesia,USDC
610,0.7490640498126997,11991856.510518517,238,S4_twin_shock_cex_intervention,indonesia,USDC
611,0.7646636947231072,11692060.097755553,238,S4_twin_shock_cex_intervention,indonesia,USDC
612,0.7413001589147273,11399758.595311664,238,S4_twin_shock_cex_intervention,indonesia,USDC
613,0.7238427067172746,11114764.630428873,238,S4_twin_shock_cex_intervention,indonesia,USDC
614,0.7525751288830805,10836895.514668152,238,S4_twin_shock_cex_intervention,indonesia,USDC
615,0.771764747009563,10565973.126801448,238,S4_twin_shock_cex_intervention,indonesia,USDC
616,0.7825851968833265,10301823.798631411,238,S4_twin_shock_cex_intervention,indonesia,USDC
617,0.7864290859758293,10044278.203665627,238,S4_twin_shock_cex_intervention,indonesia,USDC
618,0.7834164460619123,9793171.248573985,238,S4_twin_shock_cex_intervention,indonesia,USDC
619,0.7808711456610339,9548341.967359636,238,S4_twin_shock_cex_intervention,indonesia,USDC
620,0.783641430096254,9309633.418175645,238,S4_twin_shock_cex_intervention,indonesia,USDC
621,0.7927074513843612,9076892.582721254,238,S4_twin_shock_cex_intervention,indonesia,USDC
622,0.7868899435996639,8849970.268153222,238,S4_twin_shock_cex_intervention,indonesia,USDC
623,0.7882833733913238,8628721.011449393,238,S4_twin_shock_cex_intervention,indonesia,USDC
624,0.7812525289713219,8413002.986163158,238,S4_twin_shock_cex_intervention,indonesia,USDC
625,0.7733969658111209,8202677.911509078,238,S4_twin_shock_cex_intervention,indonesia,USDC
626,0.7808860992205197,7997610.963721351,238,S4_twin_shock_cex_intervention,indonesia,USDC
627,0.8117976548275163,7797670.689628317,238,S4_twin_shock_cex_intervention,indonesia,USDC
628,0.8042247878977518,7602728.922387609,238,S4_twin_shock_cex_intervention,indonesia,USDC
629,0.8131782653573486,7412660.69932792,238,S4_twin_shock_cex_intervention,indonesia,USDC
630,0.8121513962976904,7227344.181844721,238,S4_twin_shock_cex_intervention,indonesia,USDC
631,0.7830569493604107,7046660.577298604,238,S4_twin_shock_cex_intervention,indonesia,USDC
632,0.7558706333709015,6870494.062866139,238,S4_twin_shock_cex_intervention,indonesia,USDC
633,0.7812901336201409,6698731.711294485,238,S4_twin_shock_cex_intervention,indonesia,USDC
634,0.7859833950270465,6531263.418512123,238,S4_twin_shock_cex_intervention,indonesia,USDC
635,0.7511188811667558,6367981.83304932,238,S4_twin_shock_cex_intervention,indonesia,USDC
636,0.7836947818914044,6208782.287223087,238,S4_twin_shock_cex_intervention,indonesia,USDC
637,0.7746332106872117,6053562.73004251,238,S4_twin_shock_cex_intervention,indonesia,USDC
638,0.8098572957349169,5902223.661791447,238,S4_twin_shock_cex_intervention,indonesia,USDC
639,0.706477313842914,5754668.07024666,238,S4_twin_shock_cex_intervention,indonesia,USDC
640,0.7016549671733169,5610801.368490494,238,S4_twin_shock_cex_intervention,indonesia,USDC
641,0.6821947081465557,5470531.3342782315,238,S4_twin_shock_cex_intervention,indonesia,USDC
642,0.6756938239788596,5333768.050921275,238,S4_twin_shock_cex_intervention,indonesia,USDC
643,0.6804823826250161,5200423.849648244,238,S4_twin_shock_cex_intervention,indonesia,USDC
644,0.7044730724630153,5070413.253407038,238,S4_twin_shock_cex_intervention,indonesia,USDC
645,0.7158984750806131,4943652.922071862,238,S4_twin_shock_cex_intervention,indonesia,USDC
646,0.7123199973236074,4820061.599020066,238,S4_twin_shock_cex_intervention,indonesia,USDC
647,0.6959870600148236,4699560.059044564,238,S4_twin_shock_cex_intervention,indonesia,USDC
648,0.6906704433290969,4582071.05756845,238,S4_twin_shock_cex_intervention,indonesia,USDC
649,0.7153875672815496,4467519.281129239,238,S4_twin_shock_cex_intervention,indonesia,USDC
650,0.732580423316194,4355831.299101008,238,S4_twin_shock_cex_intervention,indonesia,USDC
651,0.7285584876338952,4246935.516623482,238,S4_twin_shock_cex_intervention,indonesia,USDC
652,0.7202260215732071,4140762.1287078955,238,S4_twin_shock_cex_intervention,indonesia,USDC
653,0.7097564903666991,4037243.075490198,238,S4_twin_shock_cex_intervention,indonesia,USDC
654,0.7209807116208184,3936311.998602943,238,S4_twin_shock_cex_intervention,indonesia,USDC
655,0.7254798222228355,3837904.19863787,238,S4_twin_shock_cex_intervention,indonesia,USDC
656,0.7438337770149545,3741956.5936719226,238,S4_twin_shock_cex_intervention,indonesia,USDC
657,0.7653504210211051,3648407.6788301244,238,S4_twin_shock_cex_intervention,indonesia,USDC
658,0.7706421442645454,3557197.486859372,238,S4_twin_shock_cex_intervention,indonesia,USDC
659,0.7481216164061733,3468267.5496878875,238,S4_twin_shock_cex_intervention,indonesia,USDC
660,0.7506070072165162,3381560.86094569,238,S4_twin_shock_cex_intervention,indonesia,USDC
661,0.7725848568560354,3297021.839422048,238,S4_twin_shock_cex_intervention,indonesia,USDC
662,0.7595732258322616,3214596.2934364965,238,S4_twin_shock_cex_intervention,indonesia,USDC
663,0.7435476317276225,3134231.386100584,238,S4_twin_shock_cex_intervention,indonesia,USDC
664,0.7782496952420648,3055875.60144807,238,S4_twin_shock_cex_intervention,indonesia,USDC
665,0.7771234550308728,2979478.711411868,238,S4_twin_shock_cex_intervention,indonesia,USDC
666,0.7741459912564217,2904991.7436265713,238,S4_twin_shock_cex_intervention,indonesia,USDC
667,0.7795386702523037,2832366.9500359073,238,S4_twin_shock_cex_intervention,indonesia,USDC
668,0.7662857104799271,2761557.7762850095,238,S4_twin_shock_cex_intervention,indonesia,USDC
669,0.7676043453829695,2692518.8318778845,238,S4_twin_shock_cex_intervention,indonesia,USDC
670,0.7687219626921544,2625205.861080937,238,S4_twin_shock_cex_intervention,indonesia,USDC
671,0.7609377901996106,2559575.7145539136,238,S4_twin_shock_cex_intervention,indonesia,USDC
672,0.7746932245985797,2495586.321690066,238,S4_twin_shock_cex_intervention,indonesia,USDC
673,0.7611952809215582,2433196.6636478147,238,S4_twin_shock_cex_intervention,indonesia,USDC
674,0.7576931778317977,2372366.747056619,238,S4_twin_shock_cex_intervention,indonesia,USDC
675,0.7557267950795159,2313057.5783802033,238,S4_twin_shock_cex_intervention,indonesia,USDC
676,0.7670646393916108,2255231.1389206983,238,S4_twin_shock_cex_intervention,indonesia,USDC
677,0.7703363011805971,2198850.3604476806,238,S4_twin_shock_cex_intervention,indonesia,USDC
678,0.7391565426712451,2143879.1014364883,238,S4_twin_shock_cex_intervention,indonesia,USDC
679,0.7591283401140667,2090282.1239005765,238,S4_twin_shock_cex_intervention,indonesia,USDC
680,0.7882879663749041,2038025.070803062,238,S4_twin_shock_cex_intervention,indonesia,USDC
681,0.7861723244919513,1987074.4440329857,238,S4_twin_shock_cex_intervention,indonesia,USDC
682,0.7672959245251929,1937397.5829321612,238,S4_twin_shock_cex_intervention,indonesia,USDC
683,0.7579051115706419,1888962.643358857,238,S4_twin_shock_cex_intervention,indonesia,USDC
684,0.7750741003718679,1841738.5772748855,238,S4_twin_shock_cex_intervention,indonesia,USDC
685,0.768240723996018,1795695.1128430134,238,S4_twin_shock_cex_intervention,indonesia,USDC
686,0.7694826243062691,1750802.7350219379,238,S4_twin_shock_cex_intervention,indonesia,USDC
687,0.7982982375411488,1707032.6666463895,238,S4_twin_shock_cex_intervention,indonesia,USDC
688,0.8093108801877007,1664356.84998023,238,S4_twin_shock_cex_intervention,indonesia,USDC
689,0.7993575005234201,1622747.928730724,238,S4_twin_shock_cex_intervention,indonesia,USDC
690,0.8323856827550979,1582179.230512456,238,S4_twin_shock_cex_intervention,indonesia,USDC
691,0.8321467402909274,1542624.7497496444,238,S4_twin_shock_cex_intervention,indonesia,USDC
692,0.824200428033774,1504059.1310059032,238,S4_twin_shock_cex_intervention,indonesia,USDC
693,0.8184993249514927,1466457.6527307557,238,S4_twin_shock_cex_intervention,indonesia,USDC
694,0.815178499716976,1429796.2114124869,238,S4_twin_shock_cex_intervention,indonesia,USDC
695,0.8052418508530194,1394051.3061271748,238,S4_twin_shock_cex_intervention,indonesia,USDC
696,0.7774922679779233,1359200.0234739955,238,S4_twin_shock_cex_intervention,indonesia,USDC
697,0.8087749207509313,1325220.0228871456,238,S4_twin_shock_cex_intervention,indonesia,USDC
698,0.7873246090052404,1292089.522314967,238,S4_twin_shock_cex_intervention,indonesia,USDC
699,0.7802698343195558,1259787.2842570927,238,S4_twin_shock_cex_intervention,indonesia,USDC
700,0.7927882267888382,1228292.6021506654,238,S4_twin_shock_cex_intervention,indonesia,USDC
701,0.7979891325826586,1197585.2870968988,238,S4_twin_shock_cex_intervention,indonesia,USDC
702,0.7864024759463543,1167645.6549194762,238,S4_twin_shock_cex_intervention,indonesia,USDC
703,0.7787254073749392,1138454.5135464894,238,S4_twin_shock_cex_intervention,indonesia,USDC
704,0.7851397229736136,1109993.1507078272,238,S4_twin_shock_cex_intervention,indonesia,USDC
705,0.7721387256165614,1082243.3219401315,238,S4_twin_shock_cex_intervention,indonesia,USDC
706,0.7671262147081398,1055187.238891628,238,S4_twin_shock_cex_intervention,indonesia,USDC
707,0.7937040681728,1028807.5579193376,238,S4_twin_shock_cex_intervention,indonesia,USDC
708,0.7932076884896323,1003087.3689713541,238,S4_twin_shock_cex_intervention,indonesia,USDC
709,0.8073113378853154,978010.1847470703,238,S4_twin_shock_cex_intervention,indonesia,USDC
710,0.8288168285439943,953559.9301283935,238,S4_twin_shock_cex_intervention,indonesia,USDC
711,0.8182513597195041,929720.9318751837,238,S4_twin_shock_cex_intervention,indonesia,USDC
712,0.8233803423504628,906477.9085783041,238,S4_twin_shock_cex_intervention,indonesia,USDC
713,0.8133700270101979,883815.9608638464,238,S4_twin_shock_cex_intervention,indonesia,USDC
714,0.811674749313582,861720.5618422504,238,S4_twin_shock_cex_intervention,indonesia,USDC
715,0.7969421997964097,840177.5477961941,238,S4_twin_shock_cex_intervention,indonesia,USDC
716,0.800257737640003,819173.1091012892,238,S4_twin_shock_cex_intervention,indonesia,USDC
717,0.7874044625818536,798693.7813737569,238,S4_twin_shock_cex_intervention,indonesia,USDC
718,0.7915579865881925,778726.436839413,238,S4_twin_shock_cex_intervention,indonesia,USDC
719,0.7861807543026976,759258.2759184277,238,S4_twin_shock_cex_intervention,indonesia,USDC
720,0.7868387283235937,740276.819020467,238,S4_twin_shock_cex_intervention,indonesia,USDC
721,0.8173509294358516,721769.8985449553,238,S4_twin_shock_cex_intervention,indonesia,USDC
722,0.7985279532915734,703725.6510813315,238,S4_twin_shock_cex_intervention,indonesia,USDC
723,0.8129208258834022,686132.5098042982,238,S4_twin_shock_cex_intervention,indonesia,USDC
724,0.8230303665050169,668979.1970591907,238,S4_twin_shock_cex_intervention,indonesia,USDC
725,0.807037050734496,652254.717132711,238,S4_twin_shock_cex_intervention,indonesia,USDC
726,0.7904393053713478,635948.3492043931,238,S4_twin_shock_cex_intervention,indonesia,USDC
727,0.7577116156484495,620049.6404742834,238,S4_twin_shock_cex_intervention,indonesia,USDC
728,0.7761955075342585,604548.3994624263,238,S4_twin_shock_cex_intervention,indonesia,USDC
729,0.7778216174562294,589434.6894758656,238,S4_twin_shock_cex_intervention,indonesia,USDC
730,0.782630927803699,574698.822238969,238,S4_twin_shock_cex_intervention,indonesia,USDC
731,0.7821217006077252,560331.3516829947,238,S4_twin_shock_cex_intervention,indonesia,USDC
732,0.7625303833952464,546323.06789092,238,S4_twin_shock_cex_intervention,indonesia,USDC
733,0.7425907212185007,532664.9911936469,238,S4_twin_shock_cex_intervention,indonesia,USDC
734,0.7581393688409005,519348.36641380575,238,S4_twin_shock_cex_intervention,indonesia,USDC
735,0.7695828356081632,506364.6572534606,238,S4_twin_shock_cex_intervention,indonesia,USDC
736,0.7952991501043466,493705.5408221241,238,S4_twin_shock_cex_intervention,indonesia,USDC
737,0.8028396232076606,481362.902301571,238,S4_twin_shock_cex_intervention,indonesia,USDC
738,0.7822951058141798,469328.8297440317,238,S4_twin_shock_cex_intervention,indonesia,USDC
739,0.7832124586551419,457595.6090004309,238,S4_twin_shock_cex_intervention,indonesia,USDC
740,0.7755854458200073,446155.7187754201,238,S4_twin_shock_cex_intervention,indonesia,USDC
741,0.8074952823341583,435001.8258060346,238,S4_twin_shock_cex_intervention,indonesia,USDC
742,0.801189537549105,424126.7801608838,238,S4_twin_shock_cex_intervention,indonesia,USDC
743,0.804319077806587,413523.6106568617,238,S4_twin_shock_cex_intervention,indonesia,USDC
744,0.8137018449128453,403185.5203904401,238,S4_twin_shock_cex_intervention,indonesia,USDC
745,0.7936035891806332,393105.88238067913,238,S4_twin_shock_cex_intervention,indonesia,USDC
746,0.8132601453847035,383278.23532116215,238,S4_twin_shock_cex_intervention,indonesia,USDC
747,0.8116965496862957,373696.2794381331,238,S4_twin_shock_cex_intervention,indonesia,USDC
748,0.7913836557922745,364353.8724521798,238,S4_twin_shock_cex_intervention,indonesia,USDC
749,0.8005956699934825,355245.0256408753,238,S4_twin_shock_cex_intervention,indonesia,USDC
750,0.8009828720508333,346363.8999998534,238,S4_twin_shock_cex_intervention,indonesia,USDC
751,0.8124287221011129,337704.8024998571,238,S4_twin_shock_cex_intervention,indonesia,USDC
752,0.7962781668570128,329262.18243736064,238,S4_twin_shock_cex_intervention,indonesia,USDC
753,0.7696282340490894,321030.6278764267,238,S4_twin_shock_cex_intervention,indonesia,USDC
754,0.7837870371681951,313004.862179516,238,S4_twin_shock_cex_intervention,indonesia,USDC
755,0.7835622333020806,305179.74062502803,238,S4_twin_shock_cex_intervention,indonesia,USDC
756,0.7812270725187112,297550.2471094023,238,S4_twin_shock_cex_intervention,indonesia,USDC
757,0.8028761199275843,290111.49093166733,238,S4_twin_shock_cex_intervention,indonesia,USDC
758,0.8072354696042702,282858.70365837566,238,S4_twin_shock_cex_intervention,indonesia,USDC
759,0.7949494906607429,275787.23606691626,238,S4_twin_shock_cex_intervention,indonesia,USDC
760,0.7957559759909475,268892.55516524334,238,S4_twin_shock_cex_intervention,indonesia,USDC
761,0.788094087088122,262170.2412861122,238,S4_twin_shock_cex_intervention,indonesia,USDC
762,0.7750325158759986,255615.9852539595,238,S4_twin_shock_cex_intervention,indonesia,USDC
763,0.7829933762061226,249225.58562261047,238,S4_twin_shock_cex_intervention,indonesia,USDC
764,0.7899766388458473,242994.9459820452,238,S4_twin_shock_cex_intervention,indonesia,USDC
765,0.8175356054616467,236920.07233249408,238,S4_twin_shock_cex_intervention,indonesia,USDC
766,0.8195789800373936,230997.07052418176,238,S4_twin_shock_cex_intervention,indonesia,USDC
767,0.7849290928459394,225222.1437610772,238,S4_twin_shock_cex_intervention,indonesia,USDC
768,0.7591715945964761,219591.59016705025,238,S4_twin_shock_cex_intervention,indonesia,USDC
769,0.7876684686865303,214101.80041287403,238,S4_twin_shock_cex_intervention,indonesia,USDC
770,0.7805800084470231,208749.25540255214,238,S4_twin_shock_cex_intervention,indonesia,USDC
771,0.7869860504154279,203530.52401748835,238,S4_twin_shock_cex_intervention,indonesia,USDC
772,0.7765609499516348,198442.2609170511,238,S4_twin_shock_cex_intervention,indonesia,USDC
773,0.750460334234713,193481.20439412486,238,S4_twin_shock_cex_intervention,indonesia,USDC
774,0.7539008724063462,188644.17428427172,238,S4_twin_shock_cex_intervention,indonesia,USDC
775,0.753269056157463,183928.06992716494,238,S4_twin_shock_cex_intervention,indonesia,USDC
776,0.7615963662949924,179329.8681789858,238,S4_twin_shock_cex_intervention,indonesia,USDC
777,0.7559533420585441,174846.62147451116,238,S4_twin_shock_cex_intervention,indonesia,USDC
778,0.7639438043509895,170475.45593764837,238,S4_twin_shock_cex_intervention,indonesia,USDC
779,0.7671036693339465,166213.56953920715,238,S4_twin_shock_cex_intervention,indonesia,USDC
780,0.7493983006588801,162058.23030072698,238,S4_twin_shock_cex_intervention,indonesia,USDC
781,0.7593843159947475,158006.77454320883,238,S4_twin_shock_cex_intervention,indonesia,USDC
782,0.7639484781674319,154056.60517962862,238,S4_twin_shock_cex_intervention,indonesia,USDC
783,0.7829023482954196,150205.19005013787,238,S4_twin_shock_cex_intervention,indonesia,USDC
784,0.7916614463277392,146450.06029888443,238,S4_twin_shock_cex_intervention,indonesia,USDC
785,0.7842996902234111,142788.80879141233,238,S4_twin_shock_cex_intervention,indonesia,USDC
786,0.8012036527598402,139219.088571627,238,S4_twin_shock_cex_intervention,indonesia,USDC
787,0.7761555061954081,135738.61135733634,238,S4_twin_shock_cex_intervention,indonesia,USDC
788,0.7781617259410609,132345.14607340295,238,S4_twin_shock_cex_intervention,indonesia,USDC
789,0.7696417460735889,129036.51742156787,238,S4_twin_shock_cex_intervention,indonesia,USDC
790,0.7314230518789744,125810.60448602868,238,S4_twin_shock_cex_intervention,indonesia,USDC
791,0.7202803140580224,122665.33937387796,238,S4_twin_shock_cex_intervention,indonesia,USDC
792,0.726803639294691,119598.705889531,238,S4_twin_shock_cex_intervention,indonesia,USDC
793,0.7353143716589327,116608.73824229272,238,S4_twin_shock_cex_intervention,indonesia,USDC
794,0.7517061390489532,113693.51978623541,238,S4_twin_shock_cex_intervention,indonesia,USDC
795,0.7609613410469308,110851.18179157953,238,S4_twin_shock_cex_intervention,indonesia,USDC
796,0.7525741247654851,108079.90224679004,238,S4_twin_shock_cex_intervention,indonesia,USDC
797,0.7522225451342012,105377.90469062029,238,S4_twin_shock_cex_intervention,indonesia,USDC
798,0.7411169933735633,102743.45707335477,238,S4_twin_shock_cex_intervention,indonesia,USDC
799,0.7200961118208233,100174.8706465209,238,S4_twin_shock_cex_intervention,indonesia,USDC
800,0.7095796175380961,97670.49888035787,238,S4_twin_shock_cex_intervention,indonesia,USDC
801,0.7192589070288608,95228.73640834894,238,S4_twin_shock_cex_intervention,indonesia,USDC
802,0.7091687692291305,92848.0179981402,238,S4_twin_shock_cex_intervention,indonesia,USDC
803,0.7130897010700546,90526.8175481867,238,S4_twin_shock_cex_intervention,indonesia,USDC
804,0.7291283318189353,88263.64710948203,238,S4_twin_shock_cex_intervention,indonesia,USDC
805,0.7211470388012355,86057.05593174498,238,S4_twin_shock_cex_intervention,indonesia,USDC
806,0.7366914452778072,83905.62953345136,238,S4_twin_shock_cex_intervention,indonesia,USDC
807,0.7331687467768176,81807.98879511507,238,S4_twin_shock_cex_intervention,indonesia,USDC
808,0.7346131596445391,79762.7890752372,238,S4_twin_shock_cex_intervention,indonesia,USDC
809,0.7230929623161254,77768.71934835627,238,S4_twin_shock_cex_intervention,indonesia,USDC
810,0.739615610934424,75824.50136464737,238,S4_twin_shock_cex_intervention,indonesia,USDC
811,0.7363329133105261,73928.88883053118,238,S4_twin_shock_cex_intervention,indonesia,USDC
812,0.7242570843049918,72080.66660976791,238,S4_twin_shock_cex_intervention,indonesia,USDC
813,0.7282952970058614,70278.6499445237,238,S4_twin_shock_cex_intervention,indonesia,USDC
814,0.7433851547827255,68521.68369591061,238,S4_twin_shock_cex_intervention,indonesia,USDC
815,0.7410675140455609,66808.64160351285,238,S4_twin_shock_cex_intervention,indonesia,USDC
816,0.7327117305198722,65138.42556342503,238,S4_twin_shock_cex_intervention,indonesia,USDC
817,0.7255661120436969,63509.96492433941,238,S4_twin_shock_cex_intervention,indonesia,USDC
818,0.7449988256218367,61922.21580123092,238,S4_twin_shock_cex_intervention,indonesia,USDC
819,0.766019684265919,60374.16040620015,238,S4_twin_shock_cex_intervention,indonesia,USDC
820,0.7878719751864979,58864.806396045155,238,S4_twin_shock_cex_intervention,indonesia,USDC
821,0.7888897473744777,57393.186236144014,238,S4_twin_shock_cex_intervention,indonesia,USDC
822,0.812115661561375,55958.35658024042,238,S4_twin_shock_cex_intervention,indonesia,USDC
823,0.8269940441391018,54559.3976657344,238,S4_twin_shock_cex_intervention,indonesia,USDC
824,0.8198269950954021,53195.41272409105,238,S4_twin_shock_cex_intervention,indonesia,USDC
825,0.8127601425313696,51865.527405988774,238,S4_twin_shock_cex_intervention,indonesia,USDC
826,0.8009704087161206,50568.889220839046,238,S4_twin_shock_cex_intervention,indonesia,USDC
827,0.7904257770707355,49304.666990318074,238,S4_twin_shock_cex_intervention,indonesia,USDC
828,0.7997572548261777,48072.050315560125,238,S4_twin_shock_cex_intervention,indonesia,USDC
829,0.7993092352288812,46870.24905767112,238,S4_twin_shock_cex_intervention,indonesia,USDC
830,0.7882823474658055,45698.49283122935,238,S4_twin_shock_cex_intervention,indonesia,USDC
831,0.8055628468489773,44556.03051044861,238,S4_twin_shock_cex_intervention,indonesia,USDC
832,0.8138621914686449,43442.129747687395,238,S4_twin_shock_cex_intervention,indonesia,USDC
833,0.8185729151798746,42356.07650399521,238,S4_twin_shock_cex_intervention,indonesia,USDC
834,0.8295028901336202,41297.174591395335,238,S4_twin_shock_cex_intervention,indonesia,USDC
835,0.824066170284248,40264.74522661045,238,S4_twin_shock_cex_intervention,indonesia,USDC
836,0.8208397628487839,39258.126595945185,238,S4_twin_shock_cex_intervention,indonesia,USDC
837,0.7923880685663285,38276.673431046554,238,S4_twin_shock_cex_intervention,indonesia,USDC
838,0.7918834302323329,37319.756595270395,238,S4_twin_shock_cex_intervention,indonesia,USDC
839,0.7845842648892183,36386.76268038863,238,S4_twin_shock_cex_intervention,indonesia,USDC
840,0.8029551952008657,35477.09361337892,238,S4_twin_shock_cex_intervention,indonesia,USDC
841,0.7907984601162663,34590.166273044444,238,S4_twin_shock_cex_intervention,indonesia,USDC
842,0.7934572788123384,33725.41211621834,238,S4_twin_shock_cex_intervention,indonesia,USDC
843,0.7930165375023123,32882.27681331288,238,S4_twin_shock_cex_intervention,indonesia,USDC
844,0.8360281952226172,32060.219892980054,238,S4_twin_shock_cex_intervention,indonesia,USDC
845,0.828496703531826,31258.714395655552,238,S4_twin_shock_cex_intervention,indonesia,USDC
846,0.8315722376764177,30477.246535764163,238,S4_twin_shock_cex_intervention,indonesia,USDC
847,0.8556316227450351,29715.315372370056,238,S4_twin_shock_cex_intervention,indonesia,USDC
848,0.82775556435144,28972.432488060807,238,S4_twin_shock_cex_intervention,indonesia,USDC
849,0.8231831446892989,28248.121675859285,238,S4_twin_shock_cex_intervention,indonesia,USDC
850,0.8072380663082743,27541.918633962803,238,S4_twin_shock_cex_intervention,indonesia,USDC
851,0.7878303651197899,26853.370668113734,238,S4_twin_shock_cex_intervention,indonesia,USDC
852,0.7778068027462285,26182.036401410893,238,S4_twin_shock_cex_intervention,indonesia,USDC
853,0.7776854835072154,25527.48549137562,238,S4_twin_shock_cex_intervention,indonesia,USDC
854,0.7830849241518237,24889.29835409123,238,S4_twin_shock_cex_intervention,indonesia,USDC
855,0.7604060856949404,24267.06589523895,238,S4_twin_shock_cex_intervention,indonesia,USDC
856,0.7682360529714681,23660.389247857976,238,S4_twin_shock_cex_intervention,indonesia,USDC
857,0.758081188082363,23068.879516661527,238,S4_twin_shock_cex_intervention,indonesia,USDC
858,0.7756079473644313,22492.15752874499,238,S4_twin_shock_cex_intervention,indonesia,USDC
859,0.7862807674244497,21929.853590526363,238,S4_twin_shock_cex_intervention,indonesia,USDC
860,0.7985943807393894,21381.607250763205,238,S4_twin_shock_cex_intervention,indonesia,USDC
861,0.7982276527920247,20847.06706949413,238,S4_twin_shock_cex_intervention,indonesia,USDC
862,0.7771298181473916,20325.890392756774,238,S4_twin_shock_cex_intervention,indonesia,USDC
863,0.7695254361243348,19817.743132937852,238,S4_twin_shock_cex_intervention,indonesia,USDC
864,0.7592071222505331,19322.29955461441,238,S4_twin_shock_cex_intervention,indonesia,USDC
865,0.7690339689681532,18839.242065749047,238,S4_twin_shock_cex_intervention,indonesia,USDC
866,0.753289997956648,18368.26101410532,238,S4_twin_shock_cex_intervention,indonesia,USDC
867,0.7523355880700299,17909.054488752685,238,S4_twin_shock_cex_intervention,indonesia,USDC
868,0.7412057672815715,17461.32812653387,238,S4_twin_shock_cex_intervention,indonesia,USDC
869,0.7422236167000451,17024.794923370522,238,S4_twin_shock_cex_intervention,indonesia,USDC
870,0.7547168475026035,16599.17505028626,238,S4_twin_shock_cex_intervention,indonesia,USDC
871,0.7613258291151357,16184.195674029103,238,S4_twin_shock_cex_intervention,indonesia,USDC
872,0.771197819954853,15779.590782178377,238,S4_twin_shock_cex_intervention,indonesia,USDC
873,0.788595978460912,15385.101012623916,238,S4_twin_shock_cex_intervention,indonesia,USDC
874,0.7816617744865479,15000.473487308318,238,S4_twin_shock_cex_intervention,indonesia,USDC
875,0.7879732008524325,14625.46165012561,238,S4_twin_shock_cex_intervention,indonesia,USDC
876,0.7408247129152148,14259.82510887247,238,S4_twin_shock_cex_intervention,indonesia,USDC
877,0.7264241236696253,13903.329481150657,238,S4_twin_shock_cex_intervention,indonesia,USDC
878,0.7172719629362121,13555.746244121892,238,S4_twin_shock_cex_intervention,indonesia,USDC
879,0.703708121097736,13216.852588018846,238,S4_twin_shock_cex_intervention,indonesia,USDC
880,0.7186491452191166,12886.431273318372,238,S4_twin_shock_cex_intervention,indonesia,USDC
881,0.7283307860044755,12564.270491485415,238,S4_twin_shock_cex_intervention,indonesia,USDC
882,0.7433727378989523,12250.16372919828,238,S4_twin_shock_cex_intervention,indonesia,USDC
883,0.7596739790421824,11943.909635968323,238,S4_twin_shock_cex_intervention,indonesia,USDC
884,0.7655108142531738,11645.311895069115,238,S4_twin_shock_cex_intervention,indonesia,USDC
885,0.7544923665341597,11354.179097692388,238,S4_twin_shock_cex_intervention,indonesia,USDC
886,0.7506238572798036,11070.324620250078,238,S4_twin_shock_cex_intervention,indonesia,USDC
887,0.7830606644092246,10793.566504743827,238,S4_twin_shock_cex_intervention,indonesia,USDC
888,0.7839414406231725,10523.72734212523,238,S4_twin_shock_cex_intervention,indonesia,USDC
889,0.800095330743396,10260.634158572098,238,S4_twin_shock_cex_intervention,indonesia,USDC
890,0.8241946465288432,10004.118304607797,238,S4_twin_shock_cex_intervention,indonesia,USDC
891,0.8444338124862535,9754.015346992603,238,S4_twin_shock_cex_intervention,indonesia,USDC
892,0.838548062856249,9510.164963317788,238,S4_twin_shock_cex_intervention,indonesia,USDC
893,0.830747760700623,9272.410839234843,238,S4_twin_shock_cex_intervention,indonesia,USDC
894,0.8524429134505079,9040.600568253973,238,S4_twin_shock_cex_intervention,indonesia,USDC
895,0.8435613868814459,8814.585554047622,238,S4_twin_shock_cex_intervention,indonesia,USDC
896,0.8704002749054344,8594.22091519643,238,S4_twin_shock_cex_intervention,indonesia,USDC
897,0.839494387384607,8379.365392316522,238,S4_twin_shock_cex_intervention,indonesia,USDC
898,0.8578479602161968,8169.881257508608,238,S4_twin_shock_cex_intervention,indonesia,USDC
899,0.8326121625720166,7965.634226070893,238,S4_twin_shock_cex_intervention,indonesia,USDC
900,0.8284522671087724,7766.493370419121,238,S4_twin_shock_cex_intervention,indonesia,USDC
901,0.8112312988751998,7572.331036158643,238,S4_twin_shock_cex_intervention,indonesia,USDC
902,0.8064624341725334,7383.0227602546765,238,S4_twin_shock_cex_intervention,indonesia,USDC
903,0.7961344835997078,7198.4471912483095,238,S4_twin_shock_cex_intervention,indonesia,USDC
904,0.7937476761980029,7018.486011467101,238,S4_twin_shock_cex_intervention,indonesia,USDC
905,0.8040096067925088,6843.023861180423,238,S4_twin_shock_cex_intervention,indonesia,USDC
906,0.7999201653480575,6671.948264650913,238,S4_twin_shock_cex_intervention,indonesia,USDC
907,0.7954384214732539,6505.14955803464,238,S4_twin_shock_cex_intervention,indonesia,USDC
908,0.8005996279714994,6342.520819083775,238,S4_twin_shock_cex_intervention,indonesia,USDC
909,0.7928855616295822,6183.957798606681,238,S4_twin_shock_cex_intervention,indonesia,USDC
910,0.7871497760908635,6029.358853641513,238,S4_twin_shock_cex_intervention,indonesia,USDC
911,0.7718114701859408,5878.624882300475,238,S4_twin_shock_cex_intervention,indonesia,USDC
912,0.7844859417012946,5731.659260242964,238,S4_twin_shock_cex_intervention,indonesia,USDC
913,0.7923371014690634,5588.367778736889,238,S4_twin_shock_cex_intervention,indonesia,USDC
914,0.7954365358392776,5448.658584268467,238,S4_twin_shock_cex_intervention,indonesia,USDC
915,0.786798643515754,5312.442119661756,238,S4_twin_shock_cex_intervention,indonesia,USDC
916,0.7831797271139413,5179.631066670212,238,S4_twin_shock_cex_intervention,indonesia,USDC
917,0.7896650596680976,5050.140290003457,238,S4_twin_shock_cex_intervention,indonesia,USDC
918,0.7734725659355544,4923.88678275337,238,S4_twin_shock_cex_intervention,indonesia,USDC
919,0.7663628196364708,4800.7896131845355,238,S4_twin_shock_cex_intervention,indonesia,USDC
920,0.7779399398322092,4680.769872854923,238,S4_twin_shock_cex_intervention,indonesia,USDC
921,0.7683406771903825,4563.750626033549,238,S4_twin_shock_cex_intervention,indonesia,USDC
922,0.7603393343752065,4449.656860382711,238,S4_twin_shock_cex_intervention,indonesia,USDC
923,0.7582087462982331,4338.415438873142,238,S4_twin_shock_cex_intervention,indonesia,USDC
924,0.7670138548305332,4229.955052901314,238,S4_twin_shock_cex_intervention,indonesia,USDC
925,0.7387434095421027,4124.206176578781,238,S4_twin_shock_cex_intervention,indonesia,USDC
926,0.7547916831447127,4021.101022164312,238,S4_twin_shock_cex_intervention,indonesia,USDC
927,0.7579933566566106,3920.5734966102036,238,S4_twin_shock_cex_intervention,indonesia,USDC
928,0.7561327635671276,3822.5591591949487,238,S4_twin_shock_cex_intervention,indonesia,USDC
929,0.7366929377108467,3726.9951802150754,238,S4_twin_shock_cex_intervention,indonesia,USDC
930,0.7550369504912767,3633.820300709698,238,S4_twin_shock_cex_intervention,indonesia,USDC
931,0.7774388816225826,3542.9747931919555,238,S4_twin_shock_cex_intervention,indonesia,USDC
932,0.7867569066218574,3454.4004233621567,238,S4_twin_shock_cex_intervention,indonesia,USDC
933,0.7671753181339647,3368.040412778103,238,S4_twin_shock_cex_intervention,indonesia,USDC
934,0.7510375933218709,3283.8394024586505,238,S4_twin_shock_cex_intervention,indonesia,USDC
935,0.750139268989793,3201.7434173971847,238,S4_twin_shock_cex_intervention,indonesia,USDC
936,0.7290016579831582,3121.6998319622553,238,S4_twin_shock_cex_intervention,indonesia,USDC
937,0.7639027464022051,3043.6573361631986,238,S4_twin_shock_cex_intervention,indonesia,USDC
938,0.7620097442803812,2967.5659027591187,238,S4_twin_shock_cex_intervention,indonesia,USDC
939,0.7572264007609066,2893.3767551901406,238,S4_twin_shock_cex_intervention,indonesia,USDC
940,0.7670493169282746,2821.0423363103873,238,S4_twin_shock_cex_intervention,indonesia,USDC
941,0.76866452036744,2750.5162779026277,238,S4_twin_shock_cex_intervention,indonesia,USDC
942,0.765851179132584,2681.7533709550617,238,S4_twin_shock_cex_intervention,indonesia,USDC
943,0.7849358398179243,2614.7095366811855,238,S4_twin_shock_cex_intervention,indonesia,USDC
944,0.7635536291148198,2549.341798264156,238,S4_twin_shock_cex_intervention,indonesia,USDC
945,0.7495739539587184,2485.6082533075514,238,S4_twin_shock_cex_intervention,indonesia,USDC
946,0.733031263561896,2423.468046974863,238,S4_twin_shock_cex_intervention,indonesia,USDC
947,0.7272455155925859,2362.881345800491,238,S4_twin_shock_cex_intervention,indonesia,USDC
948,0.7370439142374465,2303.809312155479,238,S4_twin_shock_cex_intervention,indonesia,USDC
949,0.7496353510560961,2246.214079351592,238,S4_twin_shock_cex_intervention,indonesia,USDC
950,0.7553108112184073,2190.058727367802,238,S4_twin_shock_cex_intervention,indonesia,USDC
951,0.7801202453318888,2135.307259183607,238,S4_twin_shock_cex_intervention,indonesia,USDC
952,0.7824779027561486,2081.924577704017,238,S4_twin_shock_cex_intervention,indonesia,USDC
953,0.8070799340224112,2029.8764632614166,238,S4_twin_shock_cex_intervention,indonesia,USDC
954,0.8059785924493865,1979.129551679881,238,S4_twin_shock_cex_intervention,indonesia,USDC
955,0.8226891127882826,1929.6513128878842,238,S4_twin_shock_cex_intervention,indonesia,USDC
956,0.8220570673022678,1881.410030065687,238,S4_twin_shock_cex_intervention,indonesia,USDC
957,0.8172278649123234,1834.3747793140446,238,S4_twin_shock_cex_intervention,indonesia,USDC
958,0.8434150703728153,1788.5154098311937,238,S4_twin_shock_cex_intervention,indonesia,USDC
959,0.8217983337880519,1743.8025245854137,238,S4_twin_shock_cex_intervention,indonesia,USDC
960,0.8415190554463929,1700.2074614707783,238,S4_twin_shock_cex_intervention,indonesia,USDC
961,0.8341163017829574,1657.7022749340088,238,S4_twin_shock_cex_intervention,indonesia,USDC
962,0.831579292020043,1616.2597180606585,238,S4_twin_shock_cex_intervention,indonesia,USDC
963,0.8361342474886161,1575.853225109142,238,S4_twin_shock_cex_intervention,indonesia,USDC
964,0.8293668642977117,1536.4568944814134,238,S4_twin_shock_cex_intervention,indonesia,USDC
965,0.8207760585147422,1498.045472119378,238,S4_twin_shock_cex_intervention,indonesia,USDC
966,0.824110608491625,1460.5943353163937,238,S4_twin_shock_cex_intervention,indonesia,USDC
967,0.8243132367683936,1424.0794769334839,238,S4_twin_shock_cex_intervention,indonesia,USDC
968,0.8259638452784002,1388.4774900101468,238,S4_twin_shock_cex_intervention,indonesia,USDC
969,0.8207754921980472,1353.7655527598931,238,S4_twin_shock_cex_intervention,indonesia,USDC
970,0.8159805327394836,1319.9214139408957,238,S4_twin_shock_cex_intervention,indonesia,USDC
971,0.8299820034071373,1286.9233785923734,238,S4_twin_shock_cex_intervention,indonesia,USDC
972,0.849656875236602,1254.7502941275638,238,S4_twin_shock_cex_intervention,indonesia,USDC
973,0.8231838937485177,1223.3815367743748,238,S4_twin_shock_cex_intervention,indonesia,USDC
974,0.8098868682875389,1192.7969983550154,238,S4_twin_shock_cex_intervention,indonesia,USDC
975,0.8074645815793515,1162.97707339614,238,S4_twin_shock_cex_intervention,indonesia,USDC
976,0.803277167200669,1133.9026465612365,238,S4_twin_shock_cex_intervention,indonesia,USDC
977,0.8101861242673745,1105.5550803972055,238,S4_twin_shock_cex_intervention,indonesia,USDC
978,0.8447591314785292,1077.9162033872753,238,S4_twin_shock_cex_intervention,indonesia,USDC
979,0.8499021527033804,1050.9682983025937,238,S4_twin_shock_cex_intervention,indonesia,USDC
980,0.8503131665373173,1024.6940908450288,238,S4_twin_shock_cex_intervention,indonesia,USDC
981,0.857282854223914,999.0767385739031,238,S4_twin_shock_cex_intervention,indonesia,USDC
982,0.8618694588315255,974.0998201095554,238,S4_twin_shock_cex_intervention,indonesia,USDC
983,0.867921333204483,949.7473246068166,238,S4_twin_shock_cex_intervention,indonesia,USDC
984,0.8655998642963523,926.0036414916462,238,S4_twin_shock_cex_intervention,indonesia,USDC
985,0.8660818829505292,902.8535504543551,238,S4_twin_shock_cex_intervention,indonesia,USDC
986,0.8763793495193564,880.2822116929962,238,S4_twin_shock_cex_intervention,indonesia,USDC
987,0.8749927697368286,858.2751564006712,238,S4_twin_shock_cex_intervention,indonesia,USDC
988,0.9146513792246516,836.8182774906545,238,S4_twin_shock_cex_intervention,indonesia,USDC
989,0.9093594328339302,815.8978205533881,238,S4_twin_shock_cex_intervention,indonesia,USDC
990,0.9049885826286329,795.5003750395534,238,S4_twin_shock_cex_intervention,indonesia,USDC
991,0.8671393504814804,775.6128656635645,238,S4_twin_shock_cex_intervention,indonesia,USDC
992,0.8558964491409736,756.2225440219755,238,S4_twin_shock_cex_intervention,indonesia,USDC
993,0.8388994869125305,737.3169804214261,238,S4_twin_shock_cex_intervention,indonesia,USDC
994,0.8296823346359896,718.8840559108904,238,S4_twin_shock_cex_intervention,indonesia,USDC
995,0.7857921007488332,700.9119545131182,238,S4_twin_shock_cex_intervention,indonesia,USDC
996,0.7923475021227931,683.3891556502903,238,S4_twin_shock_cex_intervention,indonesia,USDC
997,0.7847928611921687,666.3044267590329,238,S4_twin_shock_cex_intervention,indonesia,USDC
998,0.8036564931951309,649.6468160900571,238,S4_twin_shock_cex_intervention,indonesia,USDC
999,0.8166876739971465,633.4056456878056,238,S4_twin_shock_cex_intervention,indonesia,USDC
1000,0.8100070777281401,617.5705045456106,238,S4_twin_shock_cex_intervention,indonesia,USDC
