Step,price,liquidity,iteration,scenario,region,coin
1,250001.02612772907,2989467696116.1094,360,S4_twin_shock_cex_intervention,indonesia,USDC
2,187502.0,2989477071116.1094,360,S4_twin_shock_cex_intervention,indonesia,USDC
3,140627.0,2989484102366.1094,360,S4_twin_shock_cex_intervention,indonesia,USDC
4,105470.75,2989489375803.6094,360,S4_twin_shock_cex_intervention,indonesia,USDC
5,79103.5625,2989493330881.7344,360,S4_twin_shock_cex_intervention,indonesia,USDC
6,59328.171875,2989496297190.328,360,S4_twin_shock_cex_intervention,indonesia,USDC
7,44496.62890625,2989498521921.7734,360,S4_twin_shock_cex_intervention,indonesia,USDC
8,33372.9716796875,2989500190470.3574,360,S4_twin_shock_cex_intervention,indonesia,USDC
9,25030.228759765625,2989501441881.7954,360,S4_twin_shock_cex_intervention,indonesia,USDC
10,18773.17156982422,2989502380440.374,360,S4_twin_shock_cex_intervention,indonesia,USDC
11,14080.378677368164,2989503084359.3076,360,S4_twin_shock_cex_intervention,indonesia,USDC
12,10560.784008026123,2989503612298.5083,360,S4_twin_shock_cex_intervention,indonesia,USDC
13,7921.088006019592,2989504008252.908,360,S4_twin_shock_cex_intervention,indonesia,USDC
14,5941.316004514694,2989504305218.709,360,S4_twin_shock_cex_intervention,indonesia,USDC
15,4456.487003386021,2989504527943.059,360,S4_twin_shock_cex_intervention,indonesia,USDC
16,3342.8652525395155,2989504694986.3213,360,S4_twin_shock_cex_intervention,indonesia,USDC
17,2507.6489394046366,2989504820268.7686,360,S4_twin_shock_cex_intervention,indonesia,USDC
18,1881.2367045534775,2989504914230.6035,360,S4_twin_shock_cex_intervention,indonesia,USDC
19,1411.427528415108,2989504984701.9805,360,S4_twin_shock_cex_intervention,indonesia,USDC
20,1059.070646311331,2989505037555.5127,360,S4_twin_shock_cex_intervention,indonesia,USDC
21,794.8029847334983,2989505077195.6616,360,S4_twin_shock_cex_intervention,indonesia,USDC
22,596.6022385501237,2989505106925.774,360,S4_twin_shock_cex_intervention,indonesia,USDC
23,447.9516789125928,2989505129223.3574,360,S4_twin_shock_cex_intervention,indonesia,USDC
24,336.4637591844446,2989505145946.546,360,S4_twin_shock_cex_intervention,indonesia,USDC
25,252.84781938833345,2989505158488.9365,360,S4_twin_shock_cex_intervention,indonesia,USDC
26,190.1358645412501,2989505167895.73,360,S4_twin_shock_cex_intervention,indonesia,USDC
27,143.1018984059376,2989505174950.825,360,S4_twin_shock_cex_intervention,indonesia,USDC
28,107.82642380445319,2989505180242.146,360,S4_twin_shock_cex_intervention,indonesia,USDC
29,81.3698178533399,2989505184210.637,360,S4_twin_shock_cex_intervention,indonesia,USDC
30,61.52736339000492,2989505187187.005,360,S4_twin_shock_cex_intervention,indonesia,USDC
31,46.6455225425037,2989505189419.2812,360,S4_twin_shock_cex_intervention,indonesia,USDC
32,35.484141906877774,2989505191093.4883,360,S4_twin_shock_cex_intervention,indonesia,USDC
33,27.11310643015833,2989505192349.1436,360,S4_twin_shock_cex_intervention,indonesia,USDC
34,20.834829822618744,2989505193290.8853,360,S4_twin_shock_cex_intervention,indonesia,USDC
35,16.12612236696406,2989505193997.1914,360,S4_twin_shock_cex_intervention,indonesia,USDC
36,12.594591775223044,2989505194526.921,360,S4_twin_shock_cex_intervention,indonesia,USDC
37,9.945943831417281,2989505194924.2183,360,S4_twin_shock_cex_intervention,indonesia,USDC
38,7.959457873562963,2989505195222.1914,360,S4_twin_shock_cex_intervention,indonesia,USDC
39,6.469593405172222,2989505195445.671,360,S4_twin_shock_cex_intervention,indonesia,USDC
40,5.352195053879166,2989505195613.2803,360,S4_twin_shock_cex_intervention,indonesia,USDC
41,4.514146290409375,2989505195738.988,360,S4_twin_shock_cex_intervention,indonesia,USDC
42,3.8856097178070312,2989505195833.2686,360,S4_twin_shock_cex_intervention,indonesia,USDC
43,3.414207288355273,2989505195903.9785,360,S4_twin_shock_cex_intervention,indonesia,USDC
44,3.060655466266455,2989505195957.0117,360,S4_twin_shock_cex_intervention,indonesia,USDC
45,2.795491599699841,2989505195996.786,360,S4_twin_shock_cex_intervention,indonesia,USDC
46,2.596618699774881,2989505196026.6167,360,S4_twin_shock_cex_intervention,indonesia,USDC
47,2.4474640248311608,2989505196048.99,360,S4_twin_shock_cex_intervention,indonesia,USDC
48,2.3355980186233705,2989505196065.77,360,S4_twin_shock_cex_intervention,indonesia,USDC
49,2.251698513967528,2989505196078.3545,360,S4_twin_shock_cex_intervention,indonesia,USDC
50,2.188773885475646,2989505196087.7935,360,S4_twin_shock_cex_intervention,indonesia,USDC
51,2.1415804141067345,2989505196094.872,360,S4_twin_shock_cex_intervention,indonesia,USDC
52,2.106185310580051,2989505196100.1816,360,S4_twin_shock_cex_intervention,indonesia,USDC
53,2.079638982935038,2989505196104.1636,360,S4_twin_shock_cex_intervention,indonesia,USDC
54,2.056780390707947,2989505196107.15,360,S4_twin_shock_cex_intervention,indonesia,USDC
55,2.000147853534959,2989505196109.3896,360,S4_twin_shock_cex_intervention,indonesia,USDC
56,1.9178965297532944,2989505196111.0693,360,S4_twin_shock_cex_intervention,indonesia,USDC
57,1.8947568353235904,2989505196112.329,360,S4_twin_shock_cex_intervention,indonesia,USDC
58,1.8488968355003519,2989505196113.274,360,S4_twin_shock_cex_intervention,indonesia,USDC
59,1.677492245107847,2989505196113.9824,360,S4_twin_shock_cex_intervention,indonesia,USDC
60,1.6284820343150646,2989505196114.514,360,S4_twin_shock_cex_intervention,indonesia,USDC
61,1.5974751441155863,2989505196114.913,360,S4_twin_shock_cex_intervention,indonesia,USDC
62,1.568050674562997,2989505196115.212,360,S4_twin_shock_cex_intervention,indonesia,USDC
63,1.5205430998609961,2989505196115.4355,360,S4_twin_shock_cex_intervention,indonesia,USDC
64,1.497434580939306,2989505196115.604,360,S4_twin_shock_cex_intervention,indonesia,USDC
65,1.4559242361020426,2989505196115.73,360,S4_twin_shock_cex_intervention,indonesia,USDC
66,1.4086068414831123,2989505196115.824,360,S4_twin_shock_cex_intervention,indonesia,USDC
67,1.4058402732647344,2989505196115.8955,360,S4_twin_shock_cex_intervention,indonesia,USDC
68,1.334316327596318,2989505196115.948,360,S4_twin_shock_cex_intervention,indonesia,USDC
69,1.2967457021495976,2989505196115.9883,360,S4_twin_shock_cex_intervention,indonesia,USDC
70,1.2773747649537894,2989505196116.0186,360,S4_twin_shock_cex_intervention,indonesia,USDC
71,1.247373876308749,2989505196116.041,360,S4_twin_shock_cex_intervention,indonesia,USDC
72,1.2172266211390335,2989505196116.0576,360,S4_twin_shock_cex_intervention,indonesia,USDC
73,1.2196634580337544,2989505196116.0703,360,S4_twin_shock_cex_intervention,indonesia,USDC
74,1.2086280944815273,2989505196116.0796,360,S4_twin_shock_cex_intervention,indonesia,USDC
75,1.1756688879151083,2989505196116.0864,360,S4_twin_shock_cex_intervention,indonesia,USDC
76,1.1462683731715215,2989505196116.092,360,S4_twin_shock_cex_intervention,indonesia,USDC
77,1.1264441570395403,2989505196116.096,360,S4_twin_shock_cex_intervention,indonesia,USDC
78,1.1420069733643932,2989505196116.099,360,S4_twin_shock_cex_intervention,indonesia,USDC
79,1.12460730730782,2989505196116.101,360,S4_twin_shock_cex_intervention,indonesia,USDC
80,1.1381890711388656,2989505196116.103,360,S4_twin_shock_cex_intervention,indonesia,USDC
81,1.1707819294085227,2989505196116.104,360,S4_twin_shock_cex_intervention,indonesia,USDC
82,1.1457937255079433,2989505196116.1055,360,S4_twin_shock_cex_intervention,indonesia,USDC
83,1.1586250187950273,2989505196116.106,360,S4_twin_shock_cex_intervention,indonesia,USDC
84,1.1370425879898636,2989505196116.1064,360,S4_twin_shock_cex_intervention,indonesia,USDC
85,1.159500029498413,2989505196116.1064,360,S4_twin_shock_cex_intervention,indonesia,USDC
86,1.1669019816973598,2989505196116.107,360,S4_twin_shock_cex_intervention,indonesia,USDC
87,1.1549824165869005,2989505196116.1074,360,S4_twin_shock_cex_intervention,indonesia,USDC
88,1.1437636271870235,2989505196116.1074,360,S4_twin_shock_cex_intervention,indonesia,USDC
89,1.128786234586145,2989505196116.1074,360,S4_twin_shock_cex_intervention,indonesia,USDC
90,1.113725502244163,2989505196116.1074,360,S4_twin_shock_cex_intervention,indonesia,USDC
91,1.115834726648166,2989505196116.1074,360,S4_twin_shock_cex_intervention,indonesia,USDC
92,1.1129464680053383,2989505196116.1074,360,S4_twin_shock_cex_intervention,indonesia,USDC
93,1.1221468150446117,2989505196116.1074,360,S4_twin_shock_cex_intervention,indonesia,USDC
94,1.076447433909506,2989505196116.1074,360,S4_twin_shock_cex_intervention,indonesia,USDC
95,1.0567363718787117,2989505196116.1074,360,S4_twin_shock_cex_intervention,indonesia,USDC
96,1.0664562853735506,2989505196116.1074,360,S4_twin_shock_cex_intervention,indonesia,USDC
97,1.1039074940010007,2989505196116.1074,360,S4_twin_shock_cex_intervention,indonesia,USDC
98,1.0928958778874998,2989505196116.1074,360,S4_twin_shock_cex_intervention,indonesia,USDC
99,1.0485966925706036,2989505196116.1074,360,S4_twin_shock_cex_intervention,indonesia,USDC
100,1.0119875812761403,2989505196116.1074,360,S4_twin_shock_cex_intervention,indonesia,USDC
101,0.8572252598466101,2989505196116.1074,360,S4_twin_shock_cex_intervention,indonesia,USDC
102,0.8828097223103875,2982529438993.2173,360,S4_twin_shock_cex_intervention,indonesia,USDC
103,0.7459930100962755,2977870023496.7026,360,S4_twin_shock_cex_intervention,indonesia,USDC
104,0.7818612813613853,2967123521167.7856,360,S4_twin_shock_cex_intervention,indonesia,USDC
105,0.7954967692502727,2960250157444.746,360,S4_twin_shock_cex_intervention,indonesia,USDC
106,0.8248733158980789,2954719131587.9185,360,S4_twin_shock_cex_intervention,indonesia,USDC
107,0.849490514377912,2951023376758.0527,360,S4_twin_shock_cex_intervention,indonesia,USDC
108,0.8476931159968075,2948462268885.857,360,S4_twin_shock_cex_intervention,indonesia,USDC
109,0.8841356436131568,2946122584750.7134,360,S4_twin_shock_cex_intervention,indonesia,USDC
110,0.8943734312714495,2944651614255.9297,360,S4_twin_shock_cex_intervention,indonesia,USDC
111,0.9019485240303416,2943526401036.669,360,S4_twin_shock_cex_intervention,indonesia,USDC
112,0.9078687698317651,2942542727129.744,360,S4_twin_shock_cex_intervention,indonesia,USDC
113,0.9323270394825068,2941707636572.802,360,S4_twin_shock_cex_intervention,indonesia,USDC
114,0.9238389222226638,2941247485569.8047,360,S4_twin_shock_cex_intervention,indonesia,USDC
115,0.9102224955695513,2940719004460.1396,360,S4_twin_shock_cex_intervention,indonesia,USDC
116,0.937648830482475,2940027939018.9365,360,S4_twin_shock_cex_intervention,indonesia,USDC
117,0.9282253382607826,2939710807294.078,360,S4_twin_shock_cex_intervention,indonesia,USDC
118,0.9300758551250127,2939296782983.0986,360,S4_twin_shock_cex_intervention,indonesia,USDC
119,0.9596241436450045,2938917001815.536,360,S4_twin_shock_cex_intervention,indonesia,USDC
120,0.9604475787357736,2938829235751.382,360,S4_twin_shock_cex_intervention,indonesia,USDC
121,0.9543895586481883,2865268978594.073,360,S4_twin_shock_cex_intervention,indonesia,USDC
122,0.9174245649290874,2793499482068.012,360,S4_twin_shock_cex_intervention,indonesia,USDC
123,0.8905867398644582,2723194231963.885,360,S4_twin_shock_cex_intervention,indonesia,USDC
124,0.8746052775463999,2654474362793.3306,360,S4_twin_shock_cex_intervention,indonesia,USDC
125,0.8806523279139585,2587399883864.0176,360,S4_twin_shock_cex_intervention,indonesia,USDC
126,0.8430338363084201,2522109456128.6606,360,S4_twin_shock_cex_intervention,indonesia,USDC
127,0.8384162112907871,2458214055323.7456,360,S4_twin_shock_cex_intervention,indonesia,USDC
128,0.8240096133305933,2396014791476.9175,360,S4_twin_shock_cex_intervention,indonesia,USDC
129,0.83445585113823,2335398624972.738,360,S4_twin_shock_cex_intervention,indonesia,USDC
130,0.8480781807255557,2276459168921.079,360,S4_twin_shock_cex_intervention,indonesia,USDC
131,0.859475936944488,2219106997678.3545,360,S4_twin_shock_cex_intervention,indonesia,USDC
132,0.8666721058192589,2163271514485.5398,360,S4_twin_shock_cex_intervention,indonesia,USDC
133,0.8241222037840498,2108893330120.3906,360,S4_twin_shock_cex_intervention,indonesia,USDC
134,0.8420315841795424,2055797120705.9385,360,S4_twin_shock_cex_intervention,indonesia,USDC
135,0.8566784645656651,2004140740094.3174,360,S4_twin_shock_cex_intervention,indonesia,USDC
136,0.8641475406009822,1953825621997.0532,360,S4_twin_shock_cex_intervention,indonesia,USDC
137,0.8796215776264772,1904812588270.3833,360,S4_twin_shock_cex_intervention,indonesia,USDC
138,0.8604070454364782,1857058190827.484,360,S4_twin_shock_cex_intervention,indonesia,USDC
139,0.8522944942326721,1810490230365.4026,360,S4_twin_shock_cex_intervention,indonesia,USDC
140,0.8655930568686729,1765085910648.8667,360,S4_twin_shock_cex_intervention,indonesia,USDC
141,0.8455373219583359,1720845306042.3462,360,S4_twin_shock_cex_intervention,indonesia,USDC
142,0.8519465245434141,1677703480282.0864,360,S4_twin_shock_cex_intervention,indonesia,USDC
143,0.848936517270381,1635665323567.7703,360,S4_twin_shock_cex_intervention,indonesia,USDC
144,0.8629837629919939,1594683284881.92,360,S4_twin_shock_cex_intervention,indonesia,USDC
145,0.8609449556439764,1554750738618.9424,360,S4_twin_shock_cex_intervention,indonesia,USDC
146,0.8589973421392229,1515820766748.303,360,S4_twin_shock_cex_intervention,indonesia,USDC
147,0.8469105905683657,1477870882991.515,360,S4_twin_shock_cex_intervention,indonesia,USDC
148,0.8757252358070311,1440870210974.1748,360,S4_twin_shock_cex_intervention,indonesia,USDC
149,0.8537325015988411,1404810525780.6406,360,S4_twin_shock_cex_intervention,indonesia,USDC
150,0.8344007843495282,1369647862796.362,360,S4_twin_shock_cex_intervention,indonesia,USDC
151,0.8326985083718266,1335363909201.9302,360,S4_twin_shock_cex_intervention,indonesia,USDC
152,0.8375729796710029,1301941550093.8296,360,S4_twin_shock_cex_intervention,indonesia,USDC
153,0.8305243498058941,1269362553478.101,360,S4_twin_shock_cex_intervention,indonesia,USDC
154,0.8051695411566575,1237599914779.892,360,S4_twin_shock_cex_intervention,indonesia,USDC
155,0.7893243992266691,1206630774432.4553,360,S4_twin_shock_cex_intervention,indonesia,USDC
156,0.7806614651519989,1176438231084.466,360,S4_twin_shock_cex_intervention,indonesia,USDC
157,0.7607629049237162,1147004707801.2783,360,S4_twin_shock_cex_intervention,indonesia,USDC
158,0.7848457357076704,1118307985510.23,360,S4_twin_shock_cex_intervention,indonesia,USDC
159,0.7846496424209257,1090336163002.727,360,S4_twin_shock_cex_intervention,indonesia,USDC
160,0.7880255982392869,1063065447641.8733,360,S4_twin_shock_cex_intervention,indonesia,USDC
161,0.8045192028852173,1036479603495.008,360,S4_twin_shock_cex_intervention,indonesia,USDC
162,0.815124271012858,1010560725421.1226,360,S4_twin_shock_cex_intervention,indonesia,USDC
163,0.7932517883863504,985291299112.7046,360,S4_twin_shock_cex_intervention,indonesia,USDC
164,0.8013350608310477,960653548230.0435,360,S4_twin_shock_cex_intervention,indonesia,USDC
165,0.8109959872012917,936633094733.626,360,S4_twin_shock_cex_intervention,indonesia,USDC
166,0.8137711526806545,913213889567.8281,360,S4_twin_shock_cex_intervention,indonesia,USDC
167,0.8248084968053074,890380757142.7186,360,S4_twin_shock_cex_intervention,indonesia,USDC
168,0.827057651572503,868119101844.5945,360,S4_twin_shock_cex_intervention,indonesia,USDC
169,0.8328603749318867,846414361694.4451,360,S4_twin_shock_cex_intervention,indonesia,USDC
170,0.8266913046091919,825252484596.0854,360,S4_twin_shock_cex_intervention,indonesia,USDC
171,0.8280472586819349,804619805653.1558,360,S4_twin_shock_cex_intervention,indonesia,USDC
172,0.7997904387156256,784503199181.093,360,S4_twin_shock_cex_intervention,indonesia,USDC
173,0.8276820610332067,764889467703.6938,360,S4_twin_shock_cex_intervention,indonesia,USDC
174,0.8403688172649422,745766428690.9813,360,S4_twin_shock_cex_intervention,indonesia,USDC
175,0.8473752203505265,727121611776.8375,360,S4_twin_shock_cex_intervention,indonesia,USDC
176,0.8526581151398972,708943042233.7806,360,S4_twin_shock_cex_intervention,indonesia,USDC
177,0.8217289452444312,691219021935.8032,360,S4_twin_shock_cex_intervention,indonesia,USDC
178,0.8185138571843596,673938059530.5076,360,S4_twin_shock_cex_intervention,indonesia,USDC
179,0.8153029910575378,657089181993.3196,360,S4_twin_shock_cex_intervention,indonesia,USDC
180,0.8112702956982769,640661581159.7261,360,S4_twin_shock_cex_intervention,indonesia,USDC
181,0.7657576667692607,624644697238.783,360,S4_twin_shock_cex_intervention,indonesia,USDC
182,0.7703289886400148,609028215944.9998,360,S4_twin_shock_cex_intervention,indonesia,USDC
183,0.7708596968781709,593802239647.524,360,S4_twin_shock_cex_intervention,indonesia,USDC
184,0.790491022998138,578956965898.9069,360,S4_twin_shock_cex_intervention,indonesia,USDC
185,0.7862941654490992,564482880357.279,360,S4_twin_shock_cex_intervention,indonesia,USDC
186,0.767385822669374,550370672344.3711,360,S4_twin_shock_cex_intervention,indonesia,USDC
187,0.8148303135071336,536611280434.5591,360,S4_twin_shock_cex_intervention,indonesia,USDC
188,0.8251705277379807,523195920810.88074,360,S4_twin_shock_cex_intervention,indonesia,USDC
189,0.8397498023146504,510115963211.1229,360,S4_twin_shock_cex_intervention,indonesia,USDC
190,0.803444409704175,497363017404.2505,360,S4_twin_shock_cex_intervention,indonesia,USDC
191,0.799988698425473,484928892297.18396,360,S4_twin_shock_cex_intervention,indonesia,USDC
192,0.7869332885873844,472805626803.62463,360,S4_twin_shock_cex_intervention,indonesia,USDC
193,0.7699293767561062,460985446802.90247,360,S4_twin_shock_cex_intervention,indonesia,USDC
194,0.7770054174155626,449460777058.0957,360,S4_twin_shock_cex_intervention,indonesia,USDC
195,0.7823456986458587,438224230673.5823,360,S4_twin_shock_cex_intervention,indonesia,USDC
196,0.7873147400930948,427268604701.5647,360,S4_twin_shock_cex_intervention,indonesia,USDC
197,0.8066100702795392,416586873601.52155,360,S4_twin_shock_cex_intervention,indonesia,USDC
198,0.7652943260667577,406172189807.9,360,S4_twin_shock_cex_intervention,indonesia,USDC
199,0.7861810658528423,396017873048.17163,360,S4_twin_shock_cex_intervention,indonesia,USDC
200,0.8059663305863175,386117417054.0177,360,S4_twin_shock_cex_intervention,indonesia,USDC
201,0.8037742896522762,376464475124.45245,360,S4_twin_shock_cex_intervention,indonesia,USDC
202,0.8431888700051426,367052857863.69836,360,S4_twin_shock_cex_intervention,indonesia,USDC
203,0.8230555694739574,357876533065.7123,360,S4_twin_shock_cex_intervention,indonesia,USDC
204,0.8332309367402216,348929616107.35376,360,S4_twin_shock_cex_intervention,indonesia,USDC
205,0.839698165623561,340206372897.1654,360,S4_twin_shock_cex_intervention,indonesia,USDC
206,0.8488125007964725,331701211317.25134,360,S4_twin_shock_cex_intervention,indonesia,USDC
207,0.8246197922883135,323408679164.0572,360,S4_twin_shock_cex_intervention,indonesia,USDC
208,0.8395196815023276,315323460214.9105,360,S4_twin_shock_cex_intervention,indonesia,USDC
209,0.8508061982226754,307440372171.157,360,S4_twin_shock_cex_intervention,indonesia,USDC
210,0.8604488650174882,299754361701.88214,360,S4_twin_shock_cex_intervention,indonesia,USDC
211,0.8486762888847759,292260501673.0298,360,S4_twin_shock_cex_intervention,indonesia,USDC
212,0.8318747897806678,284953988222.69775,360,S4_twin_shock_cex_intervention,indonesia,USDC
213,0.816870757520174,277830137583.2937,360,S4_twin_shock_cex_intervention,indonesia,USDC
214,0.8374779529335673,270884383267.34644,360,S4_twin_shock_cex_intervention,indonesia,USDC
215,0.8298870303181755,264112273040.85034,360,S4_twin_shock_cex_intervention,indonesia,USDC
216,0.8617217883921743,257509465620.12274,360,S4_twin_shock_cex_intervention,indonesia,USDC
217,0.8315915433348556,251071728566.1737,360,S4_twin_shock_cex_intervention,indonesia,USDC
218,0.838247202400985,244794934880.74503,360,S4_twin_shock_cex_intervention,indonesia,USDC
219,0.8616734076018437,238675061129.9433,360,S4_twin_shock_cex_intervention,indonesia,USDC
220,0.8545644480049364,232708184331.37326,360,S4_twin_shock_cex_intervention,indonesia,USDC
221,0.8493833005561179,226890479460.24832,360,S4_twin_shock_cex_intervention,indonesia,USDC
222,0.8608909755250929,221218217226.0603,360,S4_twin_shock_cex_intervention,indonesia,USDC
223,0.8439272107368705,215687761599.21765,360,S4_twin_shock_cex_intervention,indonesia,USDC
224,0.7982454784922651,210295567362.39267,360,S4_twin_shock_cex_intervention,indonesia,USDC
225,0.7852134131682728,205038177939.09106,360,S4_twin_shock_cex_intervention,indonesia,USDC
226,0.7920850056890709,199912223287.12323,360,S4_twin_shock_cex_intervention,indonesia,USDC
227,0.7756945795004297,194914417548.0628,360,S4_twin_shock_cex_intervention,indonesia,USDC
228,0.7612311431371046,190041556958.8194,360,S4_twin_shock_cex_intervention,indonesia,USDC
229,0.7693264369294169,185290517912.89844,360,S4_twin_shock_cex_intervention,indonesia,USDC
230,0.7839882154885537,180658254871.6694,360,S4_twin_shock_cex_intervention,indonesia,USDC
231,0.8134302349126017,176141798428.84552,360,S4_twin_shock_cex_intervention,indonesia,USDC
232,0.8197369310708608,171738253418.30566,360,S4_twin_shock_cex_intervention,indonesia,USDC
233,0.8183871516206702,167444797044.29172,360,S4_twin_shock_cex_intervention,indonesia,USDC
234,0.8357515786412585,163258677082.8258,360,S4_twin_shock_cex_intervention,indonesia,USDC
235,0.8218959269855606,159177210130.95578,360,S4_twin_shock_cex_intervention,indonesia,USDC
236,0.8054307158966647,155197779853.3129,360,S4_twin_shock_cex_intervention,indonesia,USDC
237,0.8098001059676707,151317835333.86322,360,S4_twin_shock_cex_intervention,indonesia,USDC
238,0.795219951776597,147534889430.9333,360,S4_twin_shock_cex_intervention,indonesia,USDC
239,0.8272330215392405,143846517177.32288,360,S4_twin_shock_cex_intervention,indonesia,USDC
240,0.8344480385225155,140250354236.66785,360,S4_twin_shock_cex_intervention,indonesia,USDC
241,0.8225683564993829,136744095371.3674,360,S4_twin_shock_cex_intervention,indonesia,USDC
242,0.7970496892662395,133325492978.0594,360,S4_twin_shock_cex_intervention,indonesia,USDC
243,0.7768684769146689,129992355644.95987,360,S4_twin_shock_cex_intervention,indonesia,USDC
244,0.7593667893854621,126742546745.79181,360,S4_twin_shock_cex_intervention,indonesia,USDC
245,0.7903910784344883,123573983069.7252,360,S4_twin_shock_cex_intervention,indonesia,USDC
246,0.793420494127102,120484633488.10391,360,S4_twin_shock_cex_intervention,indonesia,USDC
247,0.7978960262764394,117472517647.03914,360,S4_twin_shock_cex_intervention,indonesia,USDC
248,0.7517350008122959,114535704702.61363,360,S4_twin_shock_cex_intervention,indonesia,USDC
249,0.7535198724085999,111672312081.71054,360,S4_twin_shock_cex_intervention,indonesia,USDC
250,0.7657201045654498,108880504277.07361,360,S4_twin_shock_cex_intervention,indonesia,USDC
251,0.7550065500610541,106158491668.18555,360,S4_twin_shock_cex_intervention,indonesia,USDC
252,0.7480346838561143,103504529374.8121,360,S4_twin_shock_cex_intervention,indonesia,USDC
253,0.737381081911733,100916916139.10075,360,S4_twin_shock_cex_intervention,indonesia,USDC
254,0.7424354122083611,98393993234.58072,360,S4_twin_shock_cex_intervention,indonesia,USDC
255,0.7809378995360585,95934143402.90051,360,S4_twin_shock_cex_intervention,indonesia,USDC
256,0.7801866619295729,93535789817.31929,360,S4_twin_shock_cex_intervention,indonesia,USDC
257,0.7779137416211198,91197395071.48169,360,S4_twin_shock_cex_intervention,indonesia,USDC
258,0.770155002371834,88917460194.3616,360,S4_twin_shock_cex_intervention,indonesia,USDC
259,0.7734065260279639,86694523689.22209,360,S4_twin_shock_cex_intervention,indonesia,USDC
260,0.7569457663140242,84527160596.76164,360,S4_twin_shock_cex_intervention,indonesia,USDC
261,0.7634485528197597,82413981581.64394,360,S4_twin_shock_cex_intervention,indonesia,USDC
262,0.7696375844212966,80353632041.96115,360,S4_twin_shock_cex_intervention,indonesia,USDC
263,0.7945856271574867,78344791240.7979,360,S4_twin_shock_cex_intervention,indonesia,USDC
264,0.7972652185081296,76386171459.6966,360,S4_twin_shock_cex_intervention,indonesia,USDC
265,0.8010872139070129,74476517173.14243,360,S4_twin_shock_cex_intervention,indonesia,USDC
266,0.7853942564642301,72614604243.76251,360,S4_twin_shock_cex_intervention,indonesia,USDC
267,0.7705535346565047,70799239137.61984,360,S4_twin_shock_cex_intervention,indonesia,USDC
268,0.7618329933925599,69029258159.13683,360,S4_twin_shock_cex_intervention,indonesia,USDC
269,0.7566198025740306,67303526705.12315,360,S4_twin_shock_cex_intervention,indonesia,USDC
270,0.7571390193933787,65620938537.46831,360,S4_twin_shock_cex_intervention,indonesia,USDC
271,0.7627082448522496,63980415074.00957,360,S4_twin_shock_cex_intervention,indonesia,USDC
272,0.7620032765765424,62380904697.1425,360,S4_twin_shock_cex_intervention,indonesia,USDC
273,0.7748842768759197,60821382079.70087,360,S4_twin_shock_cex_intervention,indonesia,USDC
274,0.7673617658868883,59300847527.69822,360,S4_twin_shock_cex_intervention,indonesia,USDC
275,0.7819019591385193,57818326339.497696,360,S4_twin_shock_cex_intervention,indonesia,USDC
276,0.7873177750340877,56372868181.00438,360,S4_twin_shock_cex_intervention,indonesia,USDC
277,0.7552808563243922,54963546476.47461,360,S4_twin_shock_cex_intervention,indonesia,USDC
278,0.7531022426336612,53589457814.55824,360,S4_twin_shock_cex_intervention,indonesia,USDC
279,0.7544523915835609,52249721369.190475,360,S4_twin_shock_cex_intervention,indonesia,USDC
280,0.7698935479657731,50943478334.95787,360,S4_twin_shock_cex_intervention,indonesia,USDC
281,0.7789926722434019,49669891376.581894,360,S4_twin_shock_cex_intervention,indonesia,USDC
282,0.7721664496789622,48428144092.16579,360,S4_twin_shock_cex_intervention,indonesia,USDC
283,0.7733458092719598,47217440489.860275,360,S4_twin_shock_cex_intervention,indonesia,USDC
284,0.7762890175306607,46037004477.612724,360,S4_twin_shock_cex_intervention,indonesia,USDC
285,0.7744446798952217,44886079365.67157,360,S4_twin_shock_cex_intervention,indonesia,USDC
286,0.7837180243961755,43763927381.52905,360,S4_twin_shock_cex_intervention,indonesia,USDC
287,0.8074455316449235,42669829196.99028,360,S4_twin_shock_cex_intervention,indonesia,USDC
288,0.8137642989559523,41603083467.065125,360,S4_twin_shock_cex_intervention,indonesia,USDC
289,0.8082589120424789,40563006380.3882,360,S4_twin_shock_cex_intervention,indonesia,USDC
290,0.798528481565573,39548931220.87823,360,S4_twin_shock_cex_intervention,indonesia,USDC
291,0.8058499993859245,38560207940.35605,360,S4_twin_shock_cex_intervention,indonesia,USDC
292,0.8040660724085165,37596202741.84696,360,S4_twin_shock_cex_intervention,indonesia,USDC
293,0.7928710771658524,36656297673.30064,360,S4_twin_shock_cex_intervention,indonesia,USDC
294,0.7917533551573818,35739890231.46798,360,S4_twin_shock_cex_intervention,indonesia,USDC
295,0.7840098907320282,34846392975.68117,360,S4_twin_shock_cex_intervention,indonesia,USDC
296,0.7669812527509523,33975233151.289036,360,S4_twin_shock_cex_intervention,indonesia,USDC
297,0.7891373516824124,33125852322.50672,360,S4_twin_shock_cex_intervention,indonesia,USDC
298,0.7955583710157841,32297706014.443993,360,S4_twin_shock_cex_intervention,indonesia,USDC
299,0.7899742997786758,31490263364.08284,360,S4_twin_shock_cex_intervention,indonesia,USDC
300,0.7957088565772137,30703006779.98073,360,S4_twin_shock_cex_intervention,indonesia,USDC
301,0.7851790098516706,29935431610.481174,360,S4_twin_shock_cex_intervention,indonesia,USDC
302,0.7963821120283507,29187045820.219116,360,S4_twin_shock_cex_intervention,indonesia,USDC
303,0.7846001240321728,28457369674.71362,360,S4_twin_shock_cex_intervention,indonesia,USDC
304,0.7802113274252261,27745935432.845757,360,S4_twin_shock_cex_intervention,indonesia,USDC
305,0.7896546548123498,27052287047.02459,360,S4_twin_shock_cex_intervention,indonesia,USDC
306,0.7903843592937448,26375979870.848965,360,S4_twin_shock_cex_intervention,indonesia,USDC
307,0.7831578777046437,25716580374.07773,360,S4_twin_shock_cex_intervention,indonesia,USDC
308,0.784632732276043,25073665864.725777,360,S4_twin_shock_cex_intervention,indonesia,USDC
309,0.7747096112198469,24446824218.107628,360,S4_twin_shock_cex_intervention,indonesia,USDC
310,0.7578882858984309,23835653612.65493,360,S4_twin_shock_cex_intervention,indonesia,USDC
311,0.7315302937271043,23239762272.33855,360,S4_twin_shock_cex_intervention,indonesia,USDC
312,0.7422155873882617,22658768215.530083,360,S4_twin_shock_cex_intervention,indonesia,USDC
313,0.7587806736575737,22092299010.141827,360,S4_twin_shock_cex_intervention,indonesia,USDC
314,0.7836001774050011,21539991534.88828,360,S4_twin_shock_cex_intervention,indonesia,USDC
315,0.7839391936514982,21001491746.516068,360,S4_twin_shock_cex_intervention,indonesia,USDC
316,0.783603171488015,20476454452.853165,360,S4_twin_shock_cex_intervention,indonesia,USDC
317,0.7819441412367879,19964543091.531837,360,S4_twin_shock_cex_intervention,indonesia,USDC
318,0.8086146241122799,19465429514.24354,360,S4_twin_shock_cex_intervention,indonesia,USDC
319,0.7954601696633243,18978793776.38745,360,S4_twin_shock_cex_intervention,indonesia,USDC
320,0.8165718631192529,18504323931.977768,360,S4_twin_shock_cex_intervention,indonesia,USDC
321,0.7957963486603716,18041715833.67832,360,S4_twin_shock_cex_intervention,indonesia,USDC
322,0.7806091583783412,17590672937.836365,360,S4_twin_shock_cex_intervention,indonesia,USDC
323,0.7706949862636422,17150906114.390455,360,S4_twin_shock_cex_intervention,indonesia,USDC
324,0.7259502380123095,16722133461.530693,360,S4_twin_shock_cex_intervention,indonesia,USDC
325,0.7569730100669337,16304080124.992428,360,S4_twin_shock_cex_intervention,indonesia,USDC
326,0.7818884353982075,15896478121.867615,360,S4_twin_shock_cex_intervention,indonesia,USDC
327,0.7925676394168895,15499066168.820925,360,S4_twin_shock_cex_intervention,indonesia,USDC
328,0.7871264452494577,15111589514.600403,360,S4_twin_shock_cex_intervention,indonesia,USDC
329,0.7934436539807794,14733799776.735392,360,S4_twin_shock_cex_intervention,indonesia,USDC
330,0.7902209857641059,14365454782.317005,360,S4_twin_shock_cex_intervention,indonesia,USDC
331,0.7878375328429265,14006318412.759083,360,S4_twin_shock_cex_intervention,indonesia,USDC
332,0.8051693835136454,13656160452.440105,360,S4_twin_shock_cex_intervention,indonesia,USDC
333,0.7892912559820368,13314756441.129105,360,S4_twin_shock_cex_intervention,indonesia,USDC
334,0.7673551631221477,12981887530.100876,360,S4_twin_shock_cex_intervention,indonesia,USDC
335,0.7650787434715466,12657340341.848354,360,S4_twin_shock_cex_intervention,indonesia,USDC
336,0.7583315694984163,12340906833.302143,360,S4_twin_shock_cex_intervention,indonesia,USDC
337,0.765824127148213,12032384162.469591,360,S4_twin_shock_cex_intervention,indonesia,USDC
338,0.7688014543488962,11731574558.407852,360,S4_twin_shock_cex_intervention,indonesia,USDC
339,0.8057063023507028,11438285194.447655,360,S4_twin_shock_cex_intervention,indonesia,USDC
340,0.7911839942729522,11152328064.586464,360,S4_twin_shock_cex_intervention,indonesia,USDC
341,0.7935707875913207,10873519862.971802,360,S4_twin_shock_cex_intervention,indonesia,USDC
342,0.7863608135204638,10601681866.397507,360,S4_twin_shock_cex_intervention,indonesia,USDC
343,0.792317125200673,10336639819.73757,360,S4_twin_shock_cex_intervention,indonesia,USDC
344,0.792443811948498,10078223824.24413,360,S4_twin_shock_cex_intervention,indonesia,USDC
345,0.796942903656766,9826268228.638027,360,S4_twin_shock_cex_intervention,indonesia,USDC
346,0.808683145120585,9580611522.922075,360,S4_twin_shock_cex_intervention,indonesia,USDC
347,0.8108692966292256,9341096234.849024,360,S4_twin_shock_cex_intervention,indonesia,USDC
348,0.7960173560659013,9107568828.977798,360,S4_twin_shock_cex_intervention,indonesia,USDC
349,0.7973293396859477,8879879608.253353,360,S4_twin_shock_cex_intervention,indonesia,USDC
350,0.7916156365597823,8657882618.04702,360,S4_twin_shock_cex_intervention,indonesia,USDC
351,0.7722641015478104,8441435552.595844,360,S4_twin_shock_cex_intervention,indonesia,USDC
352,0.7477180309696836,8230399663.780948,360,S4_twin_shock_cex_intervention,indonesia,USDC
353,0.7578961692148398,8024639672.186424,360,S4_twin_shock_cex_intervention,indonesia,USDC
354,0.7740470652004451,7824023680.381763,360,S4_twin_shock_cex_intervention,indonesia,USDC
355,0.7957927468834299,7628423088.372219,360,S4_twin_shock_cex_intervention,indonesia,USDC
356,0.8145294648050646,7437712511.162914,360,S4_twin_shock_cex_intervention,indonesia,USDC
357,0.8057812869276073,7251769698.3838415,360,S4_twin_shock_cex_intervention,indonesia,USDC
358,0.8010561831833994,7070475455.924246,360,S4_twin_shock_cex_intervention,indonesia,USDC
359,0.7965627662239853,6893713569.52614,360,S4_twin_shock_cex_intervention,indonesia,USDC
360,0.7922821587029201,6721370730.287987,360,S4_twin_shock_cex_intervention,indonesia,USDC
361,0.7693820749752068,6553336462.0307865,360,S4_twin_shock_cex_intervention,indonesia,USDC
362,0.7693574761723097,6389503050.480017,360,S4_twin_shock_cex_intervention,indonesia,USDC
363,0.7879953174097363,6229765474.218017,360,S4_twin_shock_cex_intervention,indonesia,USDC
364,0.7929190301462595,6074021337.362566,360,S4_twin_shock_cex_intervention,indonesia,USDC
365,0.805294169399358,5922170803.928502,360,S4_twin_shock_cex_intervention,indonesia,USDC
366,0.8071170454126968,5774116533.83029,360,S4_twin_shock_cex_intervention,indonesia,USDC
367,0.8155185191323967,5629763620.484531,360,S4_twin_shock_cex_intervention,indonesia,USDC
368,0.8129917677552984,5489019529.972418,360,S4_twin_shock_cex_intervention,indonesia,USDC
369,0.8165902300290979,5351794041.723108,360,S4_twin_shock_cex_intervention,indonesia,USDC
370,0.8236737877584374,5217999190.68003,360,S4_twin_shock_cex_intervention,indonesia,USDC
371,0.8026017569958992,5087549210.913029,360,S4_twin_shock_cex_intervention,indonesia,USDC
372,0.7947650224994868,4960360480.640203,360,S4_twin_shock_cex_intervention,indonesia,USDC
373,0.7801496272160644,4836351468.624199,360,S4_twin_shock_cex_intervention,indonesia,USDC
374,0.7743771597853265,4715442681.908594,360,S4_twin_shock_cex_intervention,indonesia,USDC
375,0.7881958924255589,4597556614.860878,360,S4_twin_shock_cex_intervention,indonesia,USDC
376,0.8058680766394066,4482617699.489356,360,S4_twin_shock_cex_intervention,indonesia,USDC
377,0.7858151411489991,4370552257.002123,360,S4_twin_shock_cex_intervention,indonesia,USDC
378,0.7965293936802064,4261288450.5770698,360,S4_twin_shock_cex_intervention,indonesia,USDC
379,0.8006213546150214,4154756239.312643,360,S4_twin_shock_cex_intervention,indonesia,USDC
380,0.7830413346792817,4050887333.3298264,360,S4_twin_shock_cex_intervention,indonesia,USDC
381,0.7985685764597359,3949615149.996581,360,S4_twin_shock_cex_intervention,indonesia,USDC
382,0.8045757091552084,3850874771.246667,360,S4_twin_shock_cex_intervention,indonesia,USDC
383,0.7992924386543322,3754602901.9655,360,S4_twin_shock_cex_intervention,indonesia,USDC
384,0.7786960953517732,3660737829.416362,360,S4_twin_shock_cex_intervention,indonesia,USDC
385,0.8152086772675963,3569219383.6809535,360,S4_twin_shock_cex_intervention,indonesia,USDC
386,0.8179539758066731,3479988899.088929,360,S4_twin_shock_cex_intervention,indonesia,USDC
387,0.8173442323806369,3392989176.611706,360,S4_twin_shock_cex_intervention,indonesia,USDC
388,0.8044528008201506,3308164447.196413,360,S4_twin_shock_cex_intervention,indonesia,USDC
389,0.777404184044823,3225460336.0165033,360,S4_twin_shock_cex_intervention,indonesia,USDC
390,0.7803941824171101,3144823827.616091,360,S4_twin_shock_cex_intervention,indonesia,USDC
391,0.772246975446213,3066203231.9256883,360,S4_twin_shock_cex_intervention,indonesia,USDC
392,0.7674056726551826,2989548151.1275463,360,S4_twin_shock_cex_intervention,indonesia,USDC
393,0.7645165253233147,2914809447.3493576,360,S4_twin_shock_cex_intervention,indonesia,USDC
394,0.7660998991443034,2841939211.1656237,360,S4_twin_shock_cex_intervention,indonesia,USDC
395,0.7751728391953489,2770890730.886483,360,S4_twin_shock_cex_intervention,indonesia,USDC
396,0.7469016028126223,2701618462.6143208,360,S4_twin_shock_cex_intervention,indonesia,USDC
397,0.7550119930685186,2634078001.048963,360,S4_twin_shock_cex_intervention,indonesia,USDC
398,0.7495257122073928,2568226051.0227385,360,S4_twin_shock_cex_intervention,indonesia,USDC
399,0.746110129291232,2504020399.7471704,360,S4_twin_shock_cex_intervention,indonesia,USDC
400,0.7758673976053325,2441419889.7534914,360,S4_twin_shock_cex_intervention,indonesia,USDC
401,0.7629350470757796,2380384392.509654,360,S4_twin_shock_cex_intervention,indonesia,USDC
402,0.7685581561859762,2320874782.696913,360,S4_twin_shock_cex_intervention,indonesia,USDC
403,0.7911242205951787,2262852913.12949,360,S4_twin_shock_cex_intervention,indonesia,USDC
404,0.8175817375973535,2206281590.301253,360,S4_twin_shock_cex_intervention,indonesia,USDC
405,0.8290041784415944,2151124550.543721,360,S4_twin_shock_cex_intervention,indonesia,USDC
406,0.8474641991911329,2097346436.780128,360,S4_twin_shock_cex_intervention,indonesia,USDC
407,0.8286594737707245,2044912775.8606253,360,S4_twin_shock_cex_intervention,indonesia,USDC
408,0.8608088488785721,1993789956.4641094,360,S4_twin_shock_cex_intervention,indonesia,USDC
409,0.8578340804135003,1943945207.5525067,360,S4_twin_shock_cex_intervention,indonesia,USDC
410,0.818297551605124,1895346577.3636937,360,S4_twin_shock_cex_intervention,indonesia,USDC
411,0.8267765032878122,1847962912.9296014,360,S4_twin_shock_cex_intervention,indonesia,USDC
412,0.834789323258164,1801763840.1063614,360,S4_twin_shock_cex_intervention,indonesia,USDC
413,0.8201263163269971,1756719744.1037025,360,S4_twin_shock_cex_intervention,indonesia,USDC
414,0.8043061979485875,1712801750.50111,360,S4_twin_shock_cex_intervention,indonesia,USDC
415,0.8171257878806338,1669981706.7385821,360,S4_twin_shock_cex_intervention,indonesia,USDC
416,0.8272575173094047,1628232164.070118,360,S4_twin_shock_cex_intervention,indonesia,USDC
417,0.8281789566533467,1587526359.9683647,360,S4_twin_shock_cex_intervention,indonesia,USDC
418,0.8304046149456765,1547838200.9691556,360,S4_twin_shock_cex_intervention,indonesia,USDC
419,0.8365402536181337,1509142245.9449267,360,S4_twin_shock_cex_intervention,indonesia,USDC
420,0.8073173413222016,1471413689.7963035,360,S4_twin_shock_cex_intervention,indonesia,USDC
421,0.8035717939660065,1434628347.551396,360,S4_twin_shock_cex_intervention,indonesia,USDC
422,0.7943910396146794,1398762638.862611,360,S4_twin_shock_cex_intervention,indonesia,USDC
423,0.8093647939127225,1363793572.8910456,360,S4_twin_shock_cex_intervention,indonesia,USDC
424,0.7989567815901607,1329698733.5687695,360,S4_twin_shock_cex_intervention,indonesia,USDC
425,0.813562418823942,1296456265.2295504,360,S4_twin_shock_cex_intervention,indonesia,USDC
426,0.8181895364709535,1264044858.5988114,360,S4_twin_shock_cex_intervention,indonesia,USDC
427,0.8251276384570226,1232443737.1338413,360,S4_twin_shock_cex_intervention,indonesia,USDC
428,0.8061698263200032,1201632643.7054954,360,S4_twin_shock_cex_intervention,indonesia,USDC
429,0.806953517063139,1171591827.6128578,360,S4_twin_shock_cex_intervention,indonesia,USDC
430,0.7897128809931478,1142302031.9225364,360,S4_twin_shock_cex_intervention,indonesia,USDC
431,0.7713361550412471,1113744481.1244729,360,S4_twin_shock_cex_intervention,indonesia,USDC
432,0.7343227682626646,1085900869.0963612,360,S4_twin_shock_cex_intervention,indonesia,USDC
433,0.7696022484453791,1058753347.3689522,360,S4_twin_shock_cex_intervention,indonesia,USDC
434,0.776270190473456,1032284513.6847284,360,S4_twin_shock_cex_intervention,indonesia,USDC
435,0.7998077222533958,1006477400.8426102,360,S4_twin_shock_cex_intervention,indonesia,USDC
436,0.7876295167433165,981315465.8215449,360,S4_twin_shock_cex_intervention,indonesia,USDC
437,0.7719043528353359,956782579.1760063,360,S4_twin_shock_cex_intervention,indonesia,USDC
438,0.797440370073234,932863014.6966062,360,S4_twin_shock_cex_intervention,indonesia,USDC
439,0.7835725334891429,909541439.329191,360,S4_twin_shock_cex_intervention,indonesia,USDC
440,0.7665842568243983,886802903.3459611,360,S4_twin_shock_cex_intervention,indonesia,USDC
441,0.7687837021958547,864632830.7623119,360,S4_twin_shock_cex_intervention,indonesia,USDC
442,0.7565993776890985,843017009.9932542,360,S4_twin_shock_cex_intervention,indonesia,USDC
443,0.7601676659787263,821941584.743423,360,S4_twin_shock_cex_intervention,indonesia,USDC
444,0.7824643279735369,801393045.1248374,360,S4_twin_shock_cex_intervention,indonesia,USDC
445,0.7848087075177791,781358218.9967164,360,S4_twin_shock_cex_intervention,indonesia,USDC
446,0.7655240978930865,761824263.5217986,360,S4_twin_shock_cex_intervention,indonesia,USDC
447,0.7629669935960024,742778656.9337535,360,S4_twin_shock_cex_intervention,indonesia,USDC
448,0.7623403858913416,724209190.5104097,360,S4_twin_shock_cex_intervention,indonesia,USDC
449,0.7460074213547563,706103960.7476494,360,S4_twin_shock_cex_intervention,indonesia,USDC
450,0.7625530027330739,688451361.7289581,360,S4_twin_shock_cex_intervention,indonesia,USDC
451,0.7779606820164643,671240077.6857343,360,S4_twin_shock_cex_intervention,indonesia,USDC
452,0.7749531160827029,654459075.7435908,360,S4_twin_shock_cex_intervention,indonesia,USDC
453,0.7892410439325922,638097598.8500011,360,S4_twin_shock_cex_intervention,indonesia,USDC
454,0.7776410674254336,622145158.878751,360,S4_twin_shock_cex_intervention,indonesia,USDC
455,0.7894760205092153,606591529.9067823,360,S4_twin_shock_cex_intervention,indonesia,USDC
456,0.7858693685460939,591426741.6591127,360,S4_twin_shock_cex_intervention,indonesia,USDC
457,0.7998851614866991,576641073.1176349,360,S4_twin_shock_cex_intervention,indonesia,USDC
458,0.7954003252578983,562225046.2896941,360,S4_twin_shock_cex_intervention,indonesia,USDC
459,0.7908925964825373,548169420.1324518,360,S4_twin_shock_cex_intervention,indonesia,USDC
460,0.7782703414414144,534465184.6291405,360,S4_twin_shock_cex_intervention,indonesia,USDC
461,0.781708909838743,521103555.0134119,360,S4_twin_shock_cex_intervention,indonesia,USDC
462,0.8115313698243577,508075966.13807654,360,S4_twin_shock_cex_intervention,indonesia,USDC
463,0.8110105338269779,495374066.9846246,360,S4_twin_shock_cex_intervention,indonesia,USDC
464,0.8095361771090182,482989715.3100091,360,S4_twin_shock_cex_intervention,indonesia,USDC
465,0.8243055820901894,470914972.42725885,360,S4_twin_shock_cex_intervention,indonesia,USDC
466,0.800634847062129,459142098.1165774,360,S4_twin_shock_cex_intervention,indonesia,USDC
467,0.8111005511412545,447663545.66366297,360,S4_twin_shock_cex_intervention,indonesia,USDC
468,0.7986907765139211,436471957.0220714,360,S4_twin_shock_cex_intervention,indonesia,USDC
469,0.8039141321487271,425560158.0965196,360,S4_twin_shock_cex_intervention,indonesia,USDC
470,0.7083442139435351,414921154.1441066,360,S4_twin_shock_cex_intervention,indonesia,USDC
471,0.713197642275756,404548125.290504,360,S4_twin_shock_cex_intervention,indonesia,USDC
472,0.7225028214010571,394434422.15824133,360,S4_twin_shock_cex_intervention,indonesia,USDC
473,0.7591477703779922,384573561.6042853,360,S4_twin_shock_cex_intervention,indonesia,USDC
474,0.7627251579314456,374959222.56417817,360,S4_twin_shock_cex_intervention,indonesia,USDC
475,0.7577687272815894,365585242.00007373,360,S4_twin_shock_cex_intervention,indonesia,USDC
476,0.7393136670668271,356445610.9500719,360,S4_twin_shock_cex_intervention,indonesia,USDC
477,0.7581437929487864,347534470.6763201,360,S4_twin_shock_cex_intervention,indonesia,USDC
478,0.7493320063179013,338846108.909412,360,S4_twin_shock_cex_intervention,indonesia,USDC
479,0.7829724358342776,330374956.18667674,360,S4_twin_shock_cex_intervention,indonesia,USDC
480,0.7757707296682825,322115582.28200984,360,S4_twin_shock_cex_intervention,indonesia,USDC
481,0.7674700043253874,314062692.72495955,360,S4_twin_shock_cex_intervention,indonesia,USDC
482,0.7789403737668799,306211125.40683556,360,S4_twin_shock_cex_intervention,indonesia,USDC
483,0.7622223531069594,298555847.27166474,360,S4_twin_shock_cex_intervention,indonesia,USDC
484,0.7802059666121339,291091951.0898731,360,S4_twin_shock_cex_intervention,indonesia,USDC
485,0.8003333600704864,283814652.31262624,360,S4_twin_shock_cex_intervention,indonesia,USDC
486,0.7836862802270017,276719286.00481063,360,S4_twin_shock_cex_intervention,indonesia,USDC
487,0.7867584668661912,269801303.8546904,360,S4_twin_shock_cex_intervention,indonesia,USDC
488,0.7893908520347358,263056271.25832307,360,S4_twin_shock_cex_intervention,indonesia,USDC
489,0.79278006650554,256479864.476865,360,S4_twin_shock_cex_intervention,indonesia,USDC
490,0.7881342005872786,250067867.8649434,360,S4_twin_shock_cex_intervention,indonesia,USDC
491,0.7705966662343676,243816171.1683198,360,S4_twin_shock_cex_intervention,indonesia,USDC
492,0.7719719996024201,237720766.88911182,360,S4_twin_shock_cex_intervention,indonesia,USDC
493,0.7895923013328843,231777747.71688402,360,S4_twin_shock_cex_intervention,indonesia,USDC
494,0.8108234979469933,225983304.02396193,360,S4_twin_shock_cex_intervention,indonesia,USDC
495,0.807493130420312,220333721.42336285,360,S4_twin_shock_cex_intervention,indonesia,USDC
496,0.7954175420164489,214825378.38777882,360,S4_twin_shock_cex_intervention,indonesia,USDC
497,0.7847265738960577,209454743.9280843,360,S4_twin_shock_cex_intervention,indonesia,USDC
498,0.7886152398734855,204218375.32988223,360,S4_twin_shock_cex_intervention,indonesia,USDC
499,0.7949608594825053,199112915.9466352,360,S4_twin_shock_cex_intervention,indonesia,USDC
500,0.7750564146182658,194135093.04796928,360,S4_twin_shock_cex_intervention,indonesia,USDC
501,0.7886959098107998,189281715.72177008,360,S4_twin_shock_cex_intervention,indonesia,USDC
502,0.7841252784159811,184549672.8287258,360,S4_twin_shock_cex_intervention,indonesia,USDC
503,0.7818782746041123,179935931.00800768,360,S4_twin_shock_cex_intervention,indonesia,USDC
504,0.7945476461724497,175437532.7328075,360,S4_twin_shock_cex_intervention,indonesia,USDC
505,0.7951429235880548,171051594.4144873,360,S4_twin_shock_cex_intervention,indonesia,USDC
506,0.7761169541374385,166775304.55412513,360,S4_twin_shock_cex_intervention,indonesia,USDC
507,0.7659214567759621,162605921.940272,360,S4_twin_shock_cex_intervention,indonesia,USDC
508,0.7575276217907428,158540773.89176518,360,S4_twin_shock_cex_intervention,indonesia,USDC
509,0.7651745165545234,154577254.54447109,360,S4_twin_shock_cex_intervention,indonesia,USDC
510,0.7563180526366013,150712823.1808593,360,S4_twin_shock_cex_intervention,indonesia,USDC
511,0.7598704996182446,146945002.6013378,360,S4_twin_shock_cex_intervention,indonesia,USDC
512,0.7751274834521892,143271377.53630438,360,S4_twin_shock_cex_intervention,indonesia,USDC
513,0.7826158454228631,139689593.09789675,360,S4_twin_shock_cex_intervention,indonesia,USDC
514,0.7859515755528617,136197353.27044934,360,S4_twin_shock_cex_intervention,indonesia,USDC
515,0.756066334024636,132792419.43868811,360,S4_twin_shock_cex_intervention,indonesia,USDC
516,0.7851510722384837,129472608.95272091,360,S4_twin_shock_cex_intervention,indonesia,USDC
517,0.7863580908381065,126235793.72890289,360,S4_twin_shock_cex_intervention,indonesia,USDC
518,0.7781866852116197,123079898.88568033,360,S4_twin_shock_cex_intervention,indonesia,USDC
519,0.7644160535934851,120002901.4135383,360,S4_twin_shock_cex_intervention,indonesia,USDC
520,0.7466384531499223,117002828.87819986,360,S4_twin_shock_cex_intervention,indonesia,USDC
521,0.7531979505709974,114077758.15624487,360,S4_twin_shock_cex_intervention,indonesia,USDC
522,0.7700763910588175,111225814.20233874,360,S4_twin_shock_cex_intervention,indonesia,USDC
523,0.7386993492569033,108445168.84728026,360,S4_twin_shock_cex_intervention,indonesia,USDC
524,0.7533138732094581,105734039.62609825,360,S4_twin_shock_cex_intervention,indonesia,USDC
525,0.7256384066324002,103090688.6354458,360,S4_twin_shock_cex_intervention,indonesia,USDC
526,0.746822247664172,100513421.41955964,360,S4_twin_shock_cex_intervention,indonesia,USDC
527,0.784331331440164,98000585.88407065,360,S4_twin_shock_cex_intervention,indonesia,USDC
528,0.7911487645293029,95550571.23696889,360,S4_twin_shock_cex_intervention,indonesia,USDC
529,0.7889894042614292,93161806.95604467,360,S4_twin_shock_cex_intervention,indonesia,USDC
530,0.7966741257259575,90832761.78214355,360,S4_twin_shock_cex_intervention,indonesia,USDC
531,0.7786673594936834,88561942.73758996,360,S4_twin_shock_cex_intervention,indonesia,USDC
532,0.7932686564930255,86347894.16915022,360,S4_twin_shock_cex_intervention,indonesia,USDC
533,0.7832284416548289,84189196.81492147,360,S4_twin_shock_cex_intervention,indonesia,USDC
534,0.7768872508113527,82084466.89454842,360,S4_twin_shock_cex_intervention,indonesia,USDC
535,0.7794803183282165,80032355.2221847,360,S4_twin_shock_cex_intervention,indonesia,USDC
536,0.797875129697548,78031546.34163009,360,S4_twin_shock_cex_intervention,indonesia,USDC
537,0.7994371325747565,76080757.68308933,360,S4_twin_shock_cex_intervention,indonesia,USDC
538,0.7719125553015703,74178738.7410121,360,S4_twin_shock_cex_intervention,indonesia,USDC
539,0.7766621565385708,72324270.27248679,360,S4_twin_shock_cex_intervention,indonesia,USDC
540,0.7771207084068454,70516163.51567462,360,S4_twin_shock_cex_intervention,indonesia,USDC
541,0.7619957332744308,68753259.42778274,360,S4_twin_shock_cex_intervention,indonesia,USDC
542,0.7620810773535445,67034427.94208819,360,S4_twin_shock_cex_intervention,indonesia,USDC
543,0.7659840740250491,65358567.24353598,360,S4_twin_shock_cex_intervention,indonesia,USDC
544,0.7796284565665949,63724603.06244758,360,S4_twin_shock_cex_intervention,indonesia,USDC
545,0.803244726347445,62131487.98588639,360,S4_twin_shock_cex_intervention,indonesia,USDC
546,0.7848393312875118,60578200.78623922,360,S4_twin_shock_cex_intervention,indonesia,USDC
547,0.7821034023099502,59063745.76658325,360,S4_twin_shock_cex_intervention,indonesia,USDC
548,0.7812805102119814,57587152.12241867,360,S4_twin_shock_cex_intervention,indonesia,USDC
549,0.7947203346204006,56147473.3193582,360,S4_twin_shock_cex_intervention,indonesia,USDC
550,0.8222049346598347,54743786.486374244,360,S4_twin_shock_cex_intervention,indonesia,USDC
551,0.8500687585492768,53375191.82421489,360,S4_twin_shock_cex_intervention,indonesia,USDC
552,0.8436864900829952,52040812.028609514,360,S4_twin_shock_cex_intervention,indonesia,USDC
553,0.8585140096507728,50739791.72789428,360,S4_twin_shock_cex_intervention,indonesia,USDC
554,0.8876804060221181,49471296.93469693,360,S4_twin_shock_cex_intervention,indonesia,USDC
555,0.8568266053747413,48234514.5113295,360,S4_twin_shock_cex_intervention,indonesia,USDC
556,0.830017883196716,47028651.64854626,360,S4_twin_shock_cex_intervention,indonesia,USDC
557,0.8085157643661197,45852935.35733261,360,S4_twin_shock_cex_intervention,indonesia,USDC
558,0.8227797708703294,44706611.9733993,360,S4_twin_shock_cex_intervention,indonesia,USDC
559,0.7787054318568052,43588946.67406431,360,S4_twin_shock_cex_intervention,indonesia,USDC
560,0.7758311758910632,42499223.0072127,360,S4_twin_shock_cex_intervention,indonesia,USDC
561,0.7657489361264959,41436742.432032384,360,S4_twin_shock_cex_intervention,indonesia,USDC
562,0.72535573699276,40400823.87123158,360,S4_twin_shock_cex_intervention,indonesia,USDC
563,0.7537155357616363,39390803.27445079,360,S4_twin_shock_cex_intervention,indonesia,USDC
564,0.7432079850739834,38406033.192589514,360,S4_twin_shock_cex_intervention,indonesia,USDC
565,0.7493928092032208,37445882.36277478,360,S4_twin_shock_cex_intervention,indonesia,USDC
566,0.7411564397894755,36509735.30370541,360,S4_twin_shock_cex_intervention,indonesia,USDC
567,0.7299962400428902,35596991.921112776,360,S4_twin_shock_cex_intervention,indonesia,USDC
568,0.711863355983114,34707067.123084955,360,S4_twin_shock_cex_intervention,indonesia,USDC
569,0.6922135201660047,33839390.44500783,360,S4_twin_shock_cex_intervention,indonesia,USDC
570,0.6987210745883904,32993405.68388263,360,S4_twin_shock_cex_intervention,indonesia,USDC
571,0.6983136541659434,32168570.541785568,360,S4_twin_shock_cex_intervention,indonesia,USDC
572,0.7048743248826986,31364356.27824093,360,S4_twin_shock_cex_intervention,indonesia,USDC
573,0.7360816429036754,30580247.371284906,360,S4_twin_shock_cex_intervention,indonesia,USDC
574,0.7615163026992378,29815741.187002786,360,S4_twin_shock_cex_intervention,indonesia,USDC
575,0.7678850990237646,29070347.65732771,360,S4_twin_shock_cex_intervention,indonesia,USDC
576,0.760640821984354,28343588.96589452,360,S4_twin_shock_cex_intervention,indonesia,USDC
577,0.7806589231986201,27634999.241747156,360,S4_twin_shock_cex_intervention,indonesia,USDC
578,0.7936970474507576,26944124.260703478,360,S4_twin_shock_cex_intervention,indonesia,USDC
579,0.7871557670384363,26270521.15418589,360,S4_twin_shock_cex_intervention,indonesia,USDC
580,0.7996902589749523,25613758.125331245,360,S4_twin_shock_cex_intervention,indonesia,USDC
581,0.791903526270453,24973414.172197964,360,S4_twin_shock_cex_intervention,indonesia,USDC
582,0.792949148055509,24349078.817893013,360,S4_twin_shock_cex_intervention,indonesia,USDC
583,0.8064420434185052,23740351.84744569,360,S4_twin_shock_cex_intervention,indonesia,USDC
584,0.8114280890307654,23146843.051259547,360,S4_twin_shock_cex_intervention,indonesia,USDC
585,0.8107539944864736,22568171.97497806,360,S4_twin_shock_cex_intervention,indonesia,USDC
586,0.8078341771252606,22003967.675603606,360,S4_twin_shock_cex_intervention,indonesia,USDC
587,0.7938103887191666,21453868.48371352,360,S4_twin_shock_cex_intervention,indonesia,USDC
588,0.7885303638481139,20917521.77162068,360,S4_twin_shock_cex_intervention,indonesia,USDC
589,0.7962930331640397,20394583.727330163,360,S4_twin_shock_cex_intervention,indonesia,USDC
590,0.7700310388389213,19884719.134146906,360,S4_twin_shock_cex_intervention,indonesia,USDC
591,0.7859347955239355,19387601.155793235,360,S4_twin_shock_cex_intervention,indonesia,USDC
592,0.7894564486083805,18902911.126898404,360,S4_twin_shock_cex_intervention,indonesia,USDC
593,0.7896700345914958,18430338.348725945,360,S4_twin_shock_cex_intervention,indonesia,USDC
594,0.800236139776234,17969579.890007794,360,S4_twin_shock_cex_intervention,indonesia,USDC
595,0.7645613075356743,17520340.392757602,360,S4_twin_shock_cex_intervention,indonesia,USDC
596,0.7754613077100189,17082331.88293866,360,S4_twin_shock_cex_intervention,indonesia,USDC
597,0.773722566423003,16655273.585865192,360,S4_twin_shock_cex_intervention,indonesia,USDC
598,0.791329733877563,16238891.746218562,360,S4_twin_shock_cex_intervention,indonesia,USDC
599,0.7810943355288058,15832919.452563096,360,S4_twin_shock_cex_intervention,indonesia,USDC
600,0.8161596539058199,15437096.466249023,360,S4_twin_shock_cex_intervention,indonesia,USDC
601,0.8207878646203371,15051169.054592796,360,S4_twin_shock_cex_intervention,indonesia,USDC
602,0.8496836488252494,14674889.828227974,360,S4_twin_shock_cex_intervention,indonesia,USDC
603,0.8170340879582414,14308017.582522277,360,S4_twin_shock_cex_intervention,indonesia,USDC
604,0.8166587107560752,13950317.142959218,360,S4_twin_shock_cex_intervention,indonesia,USDC
605,0.8234593903149914,13601559.21438524,360,S4_twin_shock_cex_intervention,indonesia,USDC
606,0.8475294205352079,13261520.234025609,360,S4_twin_shock_cex_intervention,indonesia,USDC
607,0.8625972094758508,12929982.228174968,360,S4_twin_shock_cex_intervention,indonesia,USDC
608,0.8644016158256996,12606732.672470594,360,S4_twin_shock_cex_intervention,indonesia,USDC
609,0.8465572664548668,12291564.35565883,360,S4_twin_shock_cex_intervention,indonesia,USDC
610,0.8451223796839458,11984275.246767359,360,S4_twin_shock_cex_intervention,indonesia,USDC
611,0.8509014072893186,11684668.365598174,360,S4_twin_shock_cex_intervention,indonesia,USDC
612,0.842747364393707,11392551.65645822,360,S4_twin_shock_cex_intervention,indonesia,USDC
613,0.8802583914299409,11107737.865046764,360,S4_twin_shock_cex_intervention,indonesia,USDC
614,0.8808542027345976,10830044.418420594,360,S4_twin_shock_cex_intervention,indonesia,USDC
615,0.8644801458884671,10559293.307960078,360,S4_twin_shock_cex_intervention,indonesia,USDC
616,0.8493156265079371,10295310.975261077,360,S4_twin_shock_cex_intervention,indonesia,USDC
617,0.8544326759861023,10037928.200879551,360,S4_twin_shock_cex_intervention,indonesia,USDC
618,0.8552689073722837,9786979.995857563,360,S4_twin_shock_cex_intervention,indonesia,USDC
619,0.8419653979756827,9542305.495961122,360,S4_twin_shock_cex_intervention,indonesia,USDC
620,0.821674549772882,9303747.858562095,360,S4_twin_shock_cex_intervention,indonesia,USDC
621,0.8010851403066102,9071154.162098043,360,S4_twin_shock_cex_intervention,indonesia,USDC
622,0.7823872615403166,8844375.30804559,360,S4_twin_shock_cex_intervention,indonesia,USDC
623,0.7896375430336413,8623265.925344452,360,S4_twin_shock_cex_intervention,indonesia,USDC
624,0.7472699487116274,8407684.277210841,360,S4_twin_shock_cex_intervention,indonesia,USDC
625,0.7391707424393271,8197492.170280569,360,S4_twin_shock_cex_intervention,indonesia,USDC
626,0.7466137567316787,7992554.866023555,360,S4_twin_shock_cex_intervention,indonesia,USDC
627,0.7730250873733835,7792740.994372966,360,S4_twin_shock_cex_intervention,indonesia,USDC
628,0.7866320440732726,7597922.469513643,360,S4_twin_shock_cex_intervention,indonesia,USDC
629,0.7819347261480073,7407974.407775801,360,S4_twin_shock_cex_intervention,indonesia,USDC
630,0.7893240426413937,7222775.047581406,360,S4_twin_shock_cex_intervention,indonesia,USDC
631,0.7787817553656661,7042205.671391871,360,S4_twin_shock_cex_intervention,indonesia,USDC
632,0.7684376684115355,6866150.529607074,360,S4_twin_shock_cex_intervention,indonesia,USDC
633,0.754529465376086,6694496.766366897,360,S4_twin_shock_cex_intervention,indonesia,USDC
634,0.7751155259876842,6527134.347207725,360,S4_twin_shock_cex_intervention,indonesia,USDC
635,0.781702857588053,6363955.988527533,360,S4_twin_shock_cex_intervention,indonesia,USDC
636,0.7811313294338593,6204857.088814344,360,S4_twin_shock_cex_intervention,indonesia,USDC
637,0.7939534144238705,6049735.661593985,360,S4_twin_shock_cex_intervention,indonesia,USDC
638,0.7724653855462711,5898492.2700541355,360,S4_twin_shock_cex_intervention,indonesia,USDC
639,0.7363453427326145,5751029.963302783,360,S4_twin_shock_cex_intervention,indonesia,USDC
640,0.7352584340476833,5607254.214220213,360,S4_twin_shock_cex_intervention,indonesia,USDC
641,0.7613216549922324,5467072.858864707,360,S4_twin_shock_cex_intervention,indonesia,USDC
642,0.7529018779307578,5330396.037393089,360,S4_twin_shock_cex_intervention,indonesia,USDC
643,0.7761992675477811,5197136.136458263,360,S4_twin_shock_cex_intervention,indonesia,USDC
644,0.7579004240859688,5067207.7330468055,360,S4_twin_shock_cex_intervention,indonesia,USDC
645,0.7574782208916894,4940527.539720636,360,S4_twin_shock_cex_intervention,indonesia,USDC
646,0.7685040554650403,4817014.35122762,360,S4_twin_shock_cex_intervention,indonesia,USDC
647,0.7575128124918727,4696588.992446929,360,S4_twin_shock_cex_intervention,indonesia,USDC
648,0.7689198066141313,4579174.267635755,360,S4_twin_shock_cex_intervention,indonesia,USDC
649,0.7594593142854542,4464694.910944862,360,S4_twin_shock_cex_intervention,indonesia,USDC
650,0.7545186973705449,4353077.538171241,360,S4_twin_shock_cex_intervention,indonesia,USDC
651,0.7511709288779153,4244250.5997169595,360,S4_twin_shock_cex_intervention,indonesia,USDC
652,0.7551452418769065,4138144.3347240356,360,S4_twin_shock_cex_intervention,indonesia,USDC
653,0.7658069061785037,4034690.7263559345,360,S4_twin_shock_cex_intervention,indonesia,USDC
654,0.7826102958681309,3933823.4581970368,360,S4_twin_shock_cex_intervention,indonesia,USDC
655,0.7763183553773276,3835477.8717421107,360,S4_twin_shock_cex_intervention,indonesia,USDC
656,0.8102918585156993,3739590.9249485577,360,S4_twin_shock_cex_intervention,indonesia,USDC
657,0.8051744727516029,3646101.151824844,360,S4_twin_shock_cex_intervention,indonesia,USDC
658,0.8257147302187506,3554948.6230292227,360,S4_twin_shock_cex_intervention,indonesia,USDC
659,0.6764302864215554,3466074.9074534923,360,S4_twin_shock_cex_intervention,indonesia,USDC
660,0.7080742492353868,3379423.0347671546,360,S4_twin_shock_cex_intervention,indonesia,USDC
661,0.7093362434299131,3294937.4588979757,360,S4_twin_shock_cex_intervention,indonesia,USDC
662,0.721208974866216,3212564.0224255263,360,S4_twin_shock_cex_intervention,indonesia,USDC
663,0.725806057525048,3132249.921864888,360,S4_twin_shock_cex_intervention,indonesia,USDC
664,0.7208553447774682,3053943.6738182656,360,S4_twin_shock_cex_intervention,indonesia,USDC
665,0.7353640711058143,2977595.081972809,360,S4_twin_shock_cex_intervention,indonesia,USDC
666,0.7405554313447827,2903155.204923489,360,S4_twin_shock_cex_intervention,indonesia,USDC
667,0.7455319202916462,2830576.3248004015,360,S4_twin_shock_cex_intervention,indonesia,USDC
668,0.734262044668369,2759811.9166803914,360,S4_twin_shock_cex_intervention,indonesia,USDC
669,0.7250252874777368,2690816.6187633816,360,S4_twin_shock_cex_intervention,indonesia,USDC
670,0.7481828566907588,2623546.203294297,360,S4_twin_shock_cex_intervention,indonesia,USDC
671,0.757865692726984,2557957.5482119396,360,S4_twin_shock_cex_intervention,indonesia,USDC
672,0.7770094915083474,2494008.609506641,360,S4_twin_shock_cex_intervention,indonesia,USDC
673,0.7854834098792421,2431658.394268975,360,S4_twin_shock_cex_intervention,indonesia,USDC
674,0.7908213432392618,2370866.9344122508,360,S4_twin_shock_cex_intervention,indonesia,USDC
675,0.7887216860191444,2311595.2610519445,360,S4_twin_shock_cex_intervention,indonesia,USDC
676,0.7786948257219938,2253805.379525646,360,S4_twin_shock_cex_intervention,indonesia,USDC
677,0.7562996435193866,2197460.2450375045,360,S4_twin_shock_cex_intervention,indonesia,USDC
678,0.7667530742382968,2142523.7389115673,360,S4_twin_shock_cex_intervention,indonesia,USDC
679,0.7637321566331194,2088960.645438778,360,S4_twin_shock_cex_intervention,indonesia,USDC
680,0.7561730630122454,2036736.6293028083,360,S4_twin_shock_cex_intervention,indonesia,USDC
681,0.7476203157191518,1985818.213570238,360,S4_twin_shock_cex_intervention,indonesia,USDC
682,0.7392989033544116,1936172.7582309823,360,S4_twin_shock_cex_intervention,indonesia,USDC
683,0.74820428162977,1887768.4392752077,360,S4_twin_shock_cex_intervention,indonesia,USDC
684,0.7659253528357908,1840574.2282933276,360,S4_twin_shock_cex_intervention,indonesia,USDC
685,0.7645497195287273,1794559.8725859944,360,S4_twin_shock_cex_intervention,indonesia,USDC
686,0.7732127764075668,1749695.8757713444,360,S4_twin_shock_cex_intervention,indonesia,USDC
687,0.8002947537742298,1705953.478877061,360,S4_twin_shock_cex_intervention,indonesia,USDC
688,0.7968611073296207,1663304.6419051345,360,S4_twin_shock_cex_intervention,indonesia,USDC
689,0.7937285312127045,1621722.0258575063,360,S4_twin_shock_cex_intervention,indonesia,USDC
690,0.7728695316012044,1581178.9752110685,360,S4_twin_shock_cex_intervention,indonesia,USDC
691,0.7823239770146614,1541649.500830792,360,S4_twin_shock_cex_intervention,indonesia,USDC
692,0.7735763093035927,1503108.263310022,360,S4_twin_shock_cex_intervention,indonesia,USDC
693,0.8041457642334988,1465530.5567272715,360,S4_twin_shock_cex_intervention,indonesia,USDC
694,0.8184842663654001,1428892.2928090896,360,S4_twin_shock_cex_intervention,indonesia,USDC
695,0.8247001470859592,1393169.9854888625,360,S4_twin_shock_cex_intervention,indonesia,USDC
696,0.8235397915455931,1358340.7358516408,360,S4_twin_shock_cex_intervention,indonesia,USDC
697,0.8124032073890213,1324382.2174553499,360,S4_twin_shock_cex_intervention,indonesia,USDC
698,0.8175284848650778,1291272.662018966,360,S4_twin_shock_cex_intervention,indonesia,USDC
699,0.8561889120765174,1258990.8454684918,360,S4_twin_shock_cex_intervention,indonesia,USDC
700,0.850990108770522,1227516.0743317795,360,S4_twin_shock_cex_intervention,indonesia,USDC
701,0.8438731640338137,1196828.172473485,360,S4_twin_shock_cex_intervention,indonesia,USDC
702,0.8538269034740885,1166907.468161648,360,S4_twin_shock_cex_intervention,indonesia,USDC
703,0.8351863168381449,1137734.7814576067,360,S4_twin_shock_cex_intervention,indonesia,USDC
704,0.778925034499761,1109291.4119211663,360,S4_twin_shock_cex_intervention,indonesia,USDC
705,0.7507922799530299,1081559.1266231372,360,S4_twin_shock_cex_intervention,indonesia,USDC
706,0.7498597594845646,1054520.1484575588,360,S4_twin_shock_cex_intervention,indonesia,USDC
707,0.7355380855648241,1028157.1447461199,360,S4_twin_shock_cex_intervention,indonesia,USDC
708,0.7734495174907577,1002453.2161274669,360,S4_twin_shock_cex_intervention,indonesia,USDC
709,0.7699586412709069,977391.8857242801,360,S4_twin_shock_cex_intervention,indonesia,USDC
710,0.7674122287391874,952957.0885811732,360,S4_twin_shock_cex_intervention,indonesia,USDC
711,0.7844125304296747,929133.161366644,360,S4_twin_shock_cex_intervention,indonesia,USDC
712,0.8030019088900691,905904.8323324779,360,S4_twin_shock_cex_intervention,indonesia,USDC
713,0.7993642172331766,883257.2115241659,360,S4_twin_shock_cex_intervention,indonesia,USDC
714,0.8004223327570467,861175.7812360617,360,S4_twin_shock_cex_intervention,indonesia,USDC
715,0.8106057293164729,839646.3867051601,360,S4_twin_shock_cex_intervention,indonesia,USDC
716,0.7909008360879148,818655.2270375312,360,S4_twin_shock_cex_intervention,indonesia,USDC
717,0.7801441760699541,798188.846361593,360,S4_twin_shock_cex_intervention,indonesia,USDC
718,0.8029394740860606,778234.1252025531,360,S4_twin_shock_cex_intervention,indonesia,USDC
719,0.8066554418592558,758778.2720724893,360,S4_twin_shock_cex_intervention,indonesia,USDC
720,0.8211966355273133,739808.8152706771,360,S4_twin_shock_cex_intervention,indonesia,USDC
721,0.8421213326271475,721313.5948889101,360,S4_twin_shock_cex_intervention,indonesia,USDC
722,0.824893464410655,703280.7550166874,360,S4_twin_shock_cex_intervention,indonesia,USDC
723,0.827592188857461,685698.7361412703,360,S4_twin_shock_cex_intervention,indonesia,USDC
724,0.8112159035589491,668556.2677377384,360,S4_twin_shock_cex_intervention,indonesia,USDC
725,0.8315066760802988,651842.361044295,360,S4_twin_shock_cex_intervention,indonesia,USDC
726,0.8211495162870058,635546.3020181876,360,S4_twin_shock_cex_intervention,indonesia,USDC
727,0.8033439567653707,619657.6444677329,360,S4_twin_shock_cex_intervention,indonesia,USDC
728,0.8168281724224269,604166.2033560396,360,S4_twin_shock_cex_intervention,indonesia,USDC
729,0.8059767254564238,589062.0482721386,360,S4_twin_shock_cex_intervention,indonesia,USDC
730,0.821474022796114,574335.4970653352,360,S4_twin_shock_cex_intervention,indonesia,USDC
731,0.8298520449807473,559977.1096387017,360,S4_twin_shock_cex_intervention,indonesia,USDC
732,0.8145222798590976,545977.6818977342,360,S4_twin_shock_cex_intervention,indonesia,USDC
733,0.8252100985963995,532328.2398502908,360,S4_twin_shock_cex_intervention,indonesia,USDC
734,0.8309300629694549,519020.03385403357,360,S4_twin_shock_cex_intervention,indonesia,USDC
735,0.8543577905856324,506044.53300768265,360,S4_twin_shock_cex_intervention,indonesia,USDC
736,0.8680795431448255,493393.41968249064,360,S4_twin_shock_cex_intervention,indonesia,USDC
737,0.8543643764427339,481058.5841904284,360,S4_twin_shock_cex_intervention,indonesia,USDC
738,0.8311727972871575,469032.1195856676,360,S4_twin_shock_cex_intervention,indonesia,USDC
739,0.8419552410609656,457306.31659602595,360,S4_twin_shock_cex_intervention,indonesia,USDC
740,0.843815906331191,445873.6586811254,360,S4_twin_shock_cex_intervention,indonesia,USDC
741,0.8504459989325122,434726.8172140972,360,S4_twin_shock_cex_intervention,indonesia,USDC
742,0.828899001800829,423858.64678374474,360,S4_twin_shock_cex_intervention,indonesia,USDC
743,0.829675359393486,413262.1806141512,360,S4_twin_shock_cex_intervention,indonesia,USDC
744,0.8213847917882877,402930.6260987974,360,S4_twin_shock_cex_intervention,indonesia,USDC
745,0.8112057192023153,392857.3604463275,360,S4_twin_shock_cex_intervention,indonesia,USDC
746,0.7932918513638547,383035.9264351693,360,S4_twin_shock_cex_intervention,indonesia,USDC
747,0.8135006163567633,373460.02827429003,360,S4_twin_shock_cex_intervention,indonesia,USDC
748,0.8316322336533168,364123.5275674328,360,S4_twin_shock_cex_intervention,indonesia,USDC
749,0.8432084954810957,355020.43937824696,360,S4_twin_shock_cex_intervention,indonesia,USDC
750,0.8580422324684233,346144.9283937908,360,S4_twin_shock_cex_intervention,indonesia,USDC
751,0.8793491125510826,337491.30518394604,360,S4_twin_shock_cex_intervention,indonesia,USDC
752,0.8733310354406865,329054.0225543474,360,S4_twin_shock_cex_intervention,indonesia,USDC
753,0.8563275717991219,320827.6719904887,360,S4_twin_shock_cex_intervention,indonesia,USDC
754,0.8361913397861934,312806.98019072646,360,S4_twin_shock_cex_intervention,indonesia,USDC
755,0.8268548872217856,304986.80568595836,360,S4_twin_shock_cex_intervention,indonesia,USDC
756,0.8405928215402729,297362.1355438094,360,S4_twin_shock_cex_intervention,indonesia,USDC
757,0.8455256177331885,289928.08215521416,360,S4_twin_shock_cex_intervention,indonesia,USDC
758,0.8346032538235213,282679.8801013338,360,S4_twin_shock_cex_intervention,indonesia,USDC
759,0.8159872700443508,275612.88309880043,360,S4_twin_shock_cex_intervention,indonesia,USDC
760,0.8157810274199155,268722.5610213304,360,S4_twin_shock_cex_intervention,indonesia,USDC
761,0.8291317910509022,262004.49699579715,360,S4_twin_shock_cex_intervention,indonesia,USDC
762,0.8131053722629521,255454.3845709022,360,S4_twin_shock_cex_intervention,indonesia,USDC
763,0.7884710794082824,249068.02495662964,360,S4_twin_shock_cex_intervention,indonesia,USDC
764,0.7993003298344648,242841.3243327139,360,S4_twin_shock_cex_intervention,indonesia,USDC
765,0.7674942985642248,236770.29122439606,360,S4_twin_shock_cex_intervention,indonesia,USDC
766,0.7602338706501391,230851.03394378614,360,S4_twin_shock_cex_intervention,indonesia,USDC
767,0.7128816963627904,225079.7580951915,360,S4_twin_shock_cex_intervention,indonesia,USDC
768,0.7234079565178902,219452.76414281173,360,S4_twin_shock_cex_intervention,indonesia,USDC
769,0.7403079998752116,213966.44503924143,360,S4_twin_shock_cex_intervention,indonesia,USDC
770,0.7553116446193391,208617.28391326038,360,S4_twin_shock_cex_intervention,indonesia,USDC
771,0.7610731689792369,203401.8518154289,360,S4_twin_shock_cex_intervention,indonesia,USDC
772,0.7425615032668703,198316.80552004316,360,S4_twin_shock_cex_intervention,indonesia,USDC
773,0.7571503126915559,193358.8853820421,360,S4_twin_shock_cex_intervention,indonesia,USDC
774,0.7701890206590837,188524.91324749106,360,S4_twin_shock_cex_intervention,indonesia,USDC
775,0.7937720870504272,183811.79041630376,360,S4_twin_shock_cex_intervention,indonesia,USDC
776,0.8026345772413552,179216.49565589617,360,S4_twin_shock_cex_intervention,indonesia,USDC
777,0.8114204615135815,174736.08326449877,360,S4_twin_shock_cex_intervention,indonesia,USDC
778,0.808924647305189,170367.68118288627,360,S4_twin_shock_cex_intervention,indonesia,USDC
779,0.8058534690907622,166108.48915331412,360,S4_twin_shock_cex_intervention,indonesia,USDC
780,0.7962408322682323,161955.7769244813,360,S4_twin_shock_cex_intervention,indonesia,USDC
781,0.7970018848751633,157906.88250136925,360,S4_twin_shock_cex_intervention,indonesia,USDC
782,0.812621611761331,153959.21043883503,360,S4_twin_shock_cex_intervention,indonesia,USDC
783,0.7978475144736348,150110.23017786414,360,S4_twin_shock_cex_intervention,indonesia,USDC
784,0.8005513903243144,146357.47442341753,360,S4_twin_shock_cex_intervention,indonesia,USDC
785,0.7976699961040875,142698.5375628321,360,S4_twin_shock_cex_intervention,indonesia,USDC
786,0.7984402172825857,139131.0741237613,360,S4_twin_shock_cex_intervention,indonesia,USDC
787,0.8081185888079757,135652.79727066727,360,S4_twin_shock_cex_intervention,indonesia,USDC
788,0.8021005862832998,132261.4773389006,360,S4_twin_shock_cex_intervention,indonesia,USDC
789,0.7868296720004713,128954.94040542806,360,S4_twin_shock_cex_intervention,indonesia,USDC
790,0.7941662907183932,125731.06689529237,360,S4_twin_shock_cex_intervention,indonesia,USDC
791,0.8052661198066279,122587.79022291006,360,S4_twin_shock_cex_intervention,indonesia,USDC
792,0.8063203841412238,119523.09546733729,360,S4_twin_shock_cex_intervention,indonesia,USDC
793,0.8374832975144786,116535.01808065387,360,S4_twin_shock_cex_intervention,indonesia,USDC
794,0.8181550317247891,113621.64262863752,360,S4_twin_shock_cex_intervention,indonesia,USDC
795,0.7876281886110199,110781.10156292158,360,S4_twin_shock_cex_intervention,indonesia,USDC
796,0.7899682870803912,108011.57402384855,360,S4_twin_shock_cex_intervention,indonesia,USDC
797,0.7762718165163512,105311.28467325232,360,S4_twin_shock_cex_intervention,indonesia,USDC
798,0.7676572127935042,102678.50255642102,360,S4_twin_shock_cex_intervention,indonesia,USDC
799,0.7557948342845442,100111.53999251049,360,S4_twin_shock_cex_intervention,indonesia,USDC
800,0.7670793202221614,97608.75149269773,360,S4_twin_shock_cex_intervention,indonesia,USDC
801,0.7777692678988133,95168.53270538029,360,S4_twin_shock_cex_intervention,indonesia,USDC
802,0.7698481941357184,92789.31938774578,360,S4_twin_shock_cex_intervention,indonesia,USDC
803,0.7833364725940603,90469.58640305213,360,S4_twin_shock_cex_intervention,indonesia,USDC
804,0.7729272049418278,88207.84674297583,360,S4_twin_shock_cex_intervention,indonesia,USDC
805,0.7726127161970158,86002.65057440143,360,S4_twin_shock_cex_intervention,indonesia,USDC
806,0.7975513451474975,83852.5843100414,360,S4_twin_shock_cex_intervention,indonesia,USDC
807,0.7990946412409352,81756.26970229036,360,S4_twin_shock_cex_intervention,indonesia,USDC
808,0.8122413483104439,79712.36295973312,360,S4_twin_shock_cex_intervention,indonesia,USDC
809,0.8301556692053237,77719.55388573979,360,S4_twin_shock_cex_intervention,indonesia,USDC
810,0.817463112785208,75776.56503859628,360,S4_twin_shock_cex_intervention,indonesia,USDC
811,0.8268989935537939,73882.15091263138,360,S4_twin_shock_cex_intervention,indonesia,USDC
812,0.7980594738751624,72035.0971398156,360,S4_twin_shock_cex_intervention,indonesia,USDC
813,0.7937629630095089,70234.2197113202,360,S4_twin_shock_cex_intervention,indonesia,USDC
814,0.8036889873075074,68478.3642185372,360,S4_twin_shock_cex_intervention,indonesia,USDC
815,0.8045545546334039,66766.40511307376,360,S4_twin_shock_cex_intervention,indonesia,USDC
816,0.7848800247670171,65097.24498524692,360,S4_twin_shock_cex_intervention,indonesia,USDC
817,0.7929920950414547,63469.813860615744,360,S4_twin_shock_cex_intervention,indonesia,USDC
818,0.777703555542717,61883.068514100356,360,S4_twin_shock_cex_intervention,indonesia,USDC
819,0.6783817005157324,60335.991801247845,360,S4_twin_shock_cex_intervention,indonesia,USDC
820,0.6726877013261036,58827.59200621665,360,S4_twin_shock_cex_intervention,indonesia,USDC
821,0.6701226020929172,57356.90220606123,360,S4_twin_shock_cex_intervention,indonesia,USDC
822,0.7035649432231438,55922.97965090971,360,S4_twin_shock_cex_intervention,indonesia,USDC
823,0.7321681817948578,54524.90515963697,360,S4_twin_shock_cex_intervention,indonesia,USDC
824,0.723600691034722,53161.782530646036,360,S4_twin_shock_cex_intervention,indonesia,USDC
825,0.7517193509460316,51832.737967379886,360,S4_twin_shock_cex_intervention,indonesia,USDC
826,0.7729909747001197,50536.9195181954,360,S4_twin_shock_cex_intervention,indonesia,USDC
827,0.7972986694470748,49273.49653024051,360,S4_twin_shock_cex_intervention,indonesia,USDC
828,0.7980920769462545,48041.6591169845,360,S4_twin_shock_cex_intervention,indonesia,USDC
829,0.7997037786948258,46840.617639059885,360,S4_twin_shock_cex_intervention,indonesia,USDC
830,0.769786989240481,45669.60219808339,360,S4_twin_shock_cex_intervention,indonesia,USDC
831,0.779319080915402,44527.86214313131,360,S4_twin_shock_cex_intervention,indonesia,USDC
832,0.7920579174998921,43414.66558955303,360,S4_twin_shock_cex_intervention,indonesia,USDC
833,0.8088761673032971,42329.2989498142,360,S4_twin_shock_cex_intervention,indonesia,USDC
834,0.7943969298169486,41271.066476068845,360,S4_twin_shock_cex_intervention,indonesia,USDC
835,0.7973446026279195,40239.289814167125,360,S4_twin_shock_cex_intervention,indonesia,USDC
836,0.7904641107156243,39233.30756881295,360,S4_twin_shock_cex_intervention,indonesia,USDC
837,0.809604782670985,38252.47487959262,360,S4_twin_shock_cex_intervention,indonesia,USDC
838,0.8202098333588769,37296.16300760281,360,S4_twin_shock_cex_intervention,indonesia,USDC
839,0.8116480433814,36363.75893241274,360,S4_twin_shock_cex_intervention,indonesia,USDC
840,0.8097235712896966,35454.66495910242,360,S4_twin_shock_cex_intervention,indonesia,USDC
841,0.8209863875020477,34568.298335124855,360,S4_twin_shock_cex_intervention,indonesia,USDC
842,0.823764083093211,33704.09087674673,360,S4_twin_shock_cex_intervention,indonesia,USDC
843,0.8296826089902981,32861.48860482807,360,S4_twin_shock_cex_intervention,indonesia,USDC
844,0.8268228119791667,32039.951389707363,360,S4_twin_shock_cex_intervention,indonesia,USDC
845,0.8212748686863388,31238.95260496468,360,S4_twin_shock_cex_intervention,indonesia,USDC
846,0.8221445720069405,30457.978789840563,360,S4_twin_shock_cex_intervention,indonesia,USDC
847,0.809332003510915,29696.52932009455,360,S4_twin_shock_cex_intervention,indonesia,USDC
848,0.8075209648147411,28954.11608709219,360,S4_twin_shock_cex_intervention,indonesia,USDC
849,0.8315824028300357,28230.263184914882,360,S4_twin_shock_cex_intervention,indonesia,USDC
850,0.7964386672054184,27524.50660529201,360,S4_twin_shock_cex_intervention,indonesia,USDC
851,0.7770183503510771,26836.39394015971,360,S4_twin_shock_cex_intervention,indonesia,USDC
852,0.7833354118401852,26165.48409165572,360,S4_twin_shock_cex_intervention,indonesia,USDC
853,0.7824100027268874,25511.346989364327,360,S4_twin_shock_cex_intervention,indonesia,USDC
854,0.7687738048601622,24873.563314630213,360,S4_twin_shock_cex_intervention,indonesia,USDC
855,0.7560576787552228,24251.72423176446,360,S4_twin_shock_cex_intervention,indonesia,USDC
856,0.7381554703859448,23645.43112597035,360,S4_twin_shock_cex_intervention,indonesia,USDC
857,0.7349030171987672,23054.29534782109,360,S4_twin_shock_cex_intervention,indonesia,USDC
858,0.7498968137435427,22477.937964125565,360,S4_twin_shock_cex_intervention,indonesia,USDC
859,0.7612888064920367,21915.989515022426,360,S4_twin_shock_cex_intervention,indonesia,USDC
860,0.7850542256067724,21368.089777146863,360,S4_twin_shock_cex_intervention,indonesia,USDC
861,0.7581058425727032,20833.887532718196,360,S4_twin_shock_cex_intervention,indonesia,USDC
862,0.762284273779112,20313.040344400237,360,S4_twin_shock_cex_intervention,indonesia,USDC
863,0.7343219490986626,19805.21433579023,360,S4_twin_shock_cex_intervention,indonesia,USDC
864,0.7487071171363322,19310.08397739548,360,S4_twin_shock_cex_intervention,indonesia,USDC
865,0.77431857770395,18827.33187796059,360,S4_twin_shock_cex_intervention,indonesia,USDC
866,0.787130197643214,18356.648581011574,360,S4_twin_shock_cex_intervention,indonesia,USDC
867,0.7979223088995298,17897.732366486285,360,S4_twin_shock_cex_intervention,indonesia,USDC
868,0.7965057627474853,17450.289057324127,360,S4_twin_shock_cex_intervention,indonesia,USDC
869,0.7247993618499191,17014.031830891025,360,S4_twin_shock_cex_intervention,indonesia,USDC
870,0.7459860812369593,16588.68103511875,360,S4_twin_shock_cex_intervention,indonesia,USDC
871,0.7525903861520243,16173.96400924078,360,S4_twin_shock_cex_intervention,indonesia,USDC
872,0.7673538099523007,15769.61490900976,360,S4_twin_shock_cex_intervention,indonesia,USDC
873,0.8085917760428557,15375.374536284515,360,S4_twin_shock_cex_intervention,indonesia,USDC
874,0.8070526477123382,14990.990172877404,360,S4_twin_shock_cex_intervention,indonesia,USDC
875,0.8052923344870815,14616.215418555468,360,S4_twin_shock_cex_intervention,indonesia,USDC
876,0.8063372663620856,14250.81003309158,360,S4_twin_shock_cex_intervention,indonesia,USDC
877,0.8080090221553521,13894.539782264292,360,S4_twin_shock_cex_intervention,indonesia,USDC
878,0.805325859756848,13547.176287707684,360,S4_twin_shock_cex_intervention,indonesia,USDC
879,0.8075250185114772,13208.496880514993,360,S4_twin_shock_cex_intervention,indonesia,USDC
880,0.8386037585346057,12878.28445850212,360,S4_twin_shock_cex_intervention,indonesia,USDC
881,0.8350795959559228,12556.327347039565,360,S4_twin_shock_cex_intervention,indonesia,USDC
882,0.860326068885817,12242.419163363575,360,S4_twin_shock_cex_intervention,indonesia,USDC
883,0.8231538331589435,11936.358684279485,360,S4_twin_shock_cex_intervention,indonesia,USDC
884,0.8335448898350468,11637.949717172498,360,S4_twin_shock_cex_intervention,indonesia,USDC
885,0.8516473807596954,11347.000974243187,360,S4_twin_shock_cex_intervention,indonesia,USDC
886,0.848392598078827,11063.325949887107,360,S4_twin_shock_cex_intervention,indonesia,USDC
887,0.8429548694133453,10786.742801139928,360,S4_twin_shock_cex_intervention,indonesia,USDC
888,0.8425277999665884,10517.07423111143,360,S4_twin_shock_cex_intervention,indonesia,USDC
889,0.7982951666918892,10254.147375333645,360,S4_twin_shock_cex_intervention,indonesia,USDC
890,0.8089355307808508,9997.793690950304,360,S4_twin_shock_cex_intervention,indonesia,USDC
891,0.8138595368301935,9747.848848676545,360,S4_twin_shock_cex_intervention,indonesia,USDC
892,0.7998438642407877,9504.152627459633,360,S4_twin_shock_cex_intervention,indonesia,USDC
893,0.8038074047103322,9266.548811773142,360,S4_twin_shock_cex_intervention,indonesia,USDC
894,0.791643794119671,9034.885091478815,360,S4_twin_shock_cex_intervention,indonesia,USDC
895,0.7860446560428442,8809.012964191845,360,S4_twin_shock_cex_intervention,indonesia,USDC
896,0.7928162285563016,8588.787640087046,360,S4_twin_shock_cex_intervention,indonesia,USDC
897,0.818361394225398,8374.06794908487,360,S4_twin_shock_cex_intervention,indonesia,USDC
898,0.8133387526293471,8164.716250357749,360,S4_twin_shock_cex_intervention,indonesia,USDC
899,0.816475067960436,7960.598344098806,360,S4_twin_shock_cex_intervention,indonesia,USDC
900,0.7909103419288465,7761.583385496337,360,S4_twin_shock_cex_intervention,indonesia,USDC
901,0.8223737571293679,7567.543800858928,360,S4_twin_shock_cex_intervention,indonesia,USDC
902,0.8332648209030289,7378.355205837454,360,S4_twin_shock_cex_intervention,indonesia,USDC
903,0.838537582381687,7193.896325691518,360,S4_twin_shock_cex_intervention,indonesia,USDC
904,0.8165817974621288,7014.04891754923,360,S4_twin_shock_cex_intervention,indonesia,USDC
905,0.820371387245188,6838.6976946105,360,S4_twin_shock_cex_intervention,indonesia,USDC
906,0.8134451940237891,6667.730252245236,360,S4_twin_shock_cex_intervention,indonesia,USDC
907,0.8022561813835241,6501.0369959391055,360,S4_twin_shock_cex_intervention,indonesia,USDC
908,0.7737485659803494,6338.511071040627,360,S4_twin_shock_cex_intervention,indonesia,USDC
909,0.7889458480096506,6180.048294264612,360,S4_twin_shock_cex_intervention,indonesia,USDC
910,0.7898380755060838,6025.547086907996,360,S4_twin_shock_cex_intervention,indonesia,USDC
911,0.7806961621310059,5874.908409735297,360,S4_twin_shock_cex_intervention,indonesia,USDC
912,0.7792552597308827,5728.035699491915,360,S4_twin_shock_cex_intervention,indonesia,USDC
913,0.7713480849334317,5584.834807004617,360,S4_twin_shock_cex_intervention,indonesia,USDC
914,0.7805789699139297,5445.213936829501,360,S4_twin_shock_cex_intervention,indonesia,USDC
915,0.7931815003845967,5309.083588408764,360,S4_twin_shock_cex_intervention,indonesia,USDC
916,0.7733714592766525,5176.356498698545,360,S4_twin_shock_cex_intervention,indonesia,USDC
917,0.7901009401025112,5046.947586231081,360,S4_twin_shock_cex_intervention,indonesia,USDC
918,0.7756785923423559,4920.773896575304,360,S4_twin_shock_cex_intervention,indonesia,USDC
919,0.7442172622975907,4797.754549160922,360,S4_twin_shock_cex_intervention,indonesia,USDC
920,0.7695420180090634,4677.810685431898,360,S4_twin_shock_cex_intervention,indonesia,USDC
921,0.7718053609840461,4560.865418296101,360,S4_twin_shock_cex_intervention,indonesia,USDC
922,0.7660192250226882,4446.843782838699,360,S4_twin_shock_cex_intervention,indonesia,USDC
923,0.7847959895030943,4335.67268826773,360,S4_twin_shock_cex_intervention,indonesia,USDC
924,0.7779164079206659,4227.280871061037,360,S4_twin_shock_cex_intervention,indonesia,USDC
925,0.7771351595948398,4121.598849284512,360,S4_twin_shock_cex_intervention,indonesia,USDC
926,0.7654767937114622,4018.5588780523985,360,S4_twin_shock_cex_intervention,indonesia,USDC
927,0.7728025621003968,3918.0949061010892,360,S4_twin_shock_cex_intervention,indonesia,USDC
928,0.7622113847618553,3820.1425334485616,360,S4_twin_shock_cex_intervention,indonesia,USDC
929,0.7789645643019671,3724.638970112348,360,S4_twin_shock_cex_intervention,indonesia,USDC
930,0.7700497654624904,3631.522995859539,360,S4_twin_shock_cex_intervention,indonesia,USDC
931,0.7918288359364573,3540.7349209630506,360,S4_twin_shock_cex_intervention,indonesia,USDC
932,0.787028777980591,3452.216547938974,360,S4_twin_shock_cex_intervention,indonesia,USDC
933,0.7891362491431761,3365.9111342404995,360,S4_twin_shock_cex_intervention,indonesia,USDC
934,0.8046846396794991,3281.7633558844873,360,S4_twin_shock_cex_intervention,indonesia,USDC
935,0.8039207804950255,3199.719271987375,360,S4_twin_shock_cex_intervention,indonesia,USDC
936,0.8033699945553409,3119.7262901876907,360,S4_twin_shock_cex_intervention,indonesia,USDC
937,0.8413432749638137,3041.7331329329986,360,S4_twin_shock_cex_intervention,indonesia,USDC
938,0.8442435926284628,2965.689804609674,360,S4_twin_shock_cex_intervention,indonesia,USDC
939,0.813670685423473,2891.547559494432,360,S4_twin_shock_cex_intervention,indonesia,USDC
940,0.7782122895919558,2819.258870507071,360,S4_twin_shock_cex_intervention,indonesia,USDC
941,0.7987040993844329,2748.7773987443943,360,S4_twin_shock_cex_intervention,indonesia,USDC
942,0.8143182200721835,2680.057963775784,360,S4_twin_shock_cex_intervention,indonesia,USDC
943,0.8171046935550245,2613.0565146813897,360,S4_twin_shock_cex_intervention,indonesia,USDC
944,0.8066954959346654,2547.730101814355,360,S4_twin_shock_cex_intervention,indonesia,USDC
945,0.8125082840248927,2484.036849268996,360,S4_twin_shock_cex_intervention,indonesia,USDC
946,0.812162031167345,2421.935928037271,360,S4_twin_shock_cex_intervention,indonesia,USDC
947,0.821800431387618,2361.387529836339,360,S4_twin_shock_cex_intervention,indonesia,USDC
948,0.8196589680527113,2302.3528415904307,360,S4_twin_shock_cex_intervention,indonesia,USDC
949,0.8178532784468102,2244.79402055067,360,S4_twin_shock_cex_intervention,indonesia,USDC
950,0.7883517858499545,2188.6741700369034,360,S4_twin_shock_cex_intervention,indonesia,USDC
951,0.7957457188705231,2133.957315785981,360,S4_twin_shock_cex_intervention,indonesia,USDC
952,0.7895636120535319,2080.608382891331,360,S4_twin_shock_cex_intervention,indonesia,USDC
953,0.7807380096060356,2028.5931733190478,360,S4_twin_shock_cex_intervention,indonesia,USDC
954,0.7978667485904066,1977.8783439860717,360,S4_twin_shock_cex_intervention,indonesia,USDC
955,0.8304609305347366,1928.43138538642,360,S4_twin_shock_cex_intervention,indonesia,USDC
956,0.8388646374188717,1880.2206007517593,360,S4_twin_shock_cex_intervention,indonesia,USDC
957,0.8538342119586388,1833.2150857329652,360,S4_twin_shock_cex_intervention,indonesia,USDC
958,0.8219009468937385,1787.3847085896411,360,S4_twin_shock_cex_intervention,indonesia,USDC
959,0.8215340512078682,1742.7000908749,360,S4_twin_shock_cex_intervention,indonesia,USDC
960,0.8317010930570491,1699.1325886030272,360,S4_twin_shock_cex_intervention,indonesia,USDC
961,0.8450943427455093,1656.654273887952,360,S4_twin_shock_cex_intervention,indonesia,USDC
962,0.8339953069317679,1615.237917040753,360,S4_twin_shock_cex_intervention,indonesia,USDC
963,0.8457524453858698,1574.856969114734,360,S4_twin_shock_cex_intervention,indonesia,USDC
964,0.830332491869125,1535.4855448868657,360,S4_twin_shock_cex_intervention,indonesia,USDC
965,0.8316156707869307,1497.098406264694,360,S4_twin_shock_cex_intervention,indonesia,USDC
966,0.8392103958448058,1459.6709461080768,360,S4_twin_shock_cex_intervention,indonesia,USDC
967,0.8277542346028679,1423.1791724553748,360,S4_twin_shock_cex_intervention,indonesia,USDC
968,0.8250366635361401,1387.5996931439904,360,S4_twin_shock_cex_intervention,indonesia,USDC
969,0.8405272955324653,1352.9097008153908,360,S4_twin_shock_cex_intervention,indonesia,USDC
970,0.8488562011140517,1319.0869582950058,360,S4_twin_shock_cex_intervention,indonesia,USDC
971,0.8634585528074397,1286.1097843376308,360,S4_twin_shock_cex_intervention,indonesia,USDC
972,0.8391464483121567,1253.95703972919,360,S4_twin_shock_cex_intervention,indonesia,USDC
973,0.8134831546161703,1222.6081137359602,360,S4_twin_shock_cex_intervention,indonesia,USDC
974,0.8081494736640539,1192.0429108925614,360,S4_twin_shock_cex_intervention,indonesia,USDC
975,0.7932107249999979,1162.2418381202474,360,S4_twin_shock_cex_intervention,indonesia,USDC
976,0.7665031109393554,1133.185792167241,360,S4_twin_shock_cex_intervention,indonesia,USDC
977,0.7755896452755371,1104.85614736306,360,S4_twin_shock_cex_intervention,indonesia,USDC
978,0.7682187375410021,1077.2347436789837,360,S4_twin_shock_cex_intervention,indonesia,USDC
979,0.7549931243795617,1050.303875087009,360,S4_twin_shock_cex_intervention,indonesia,USDC
980,0.7478865763096469,1024.0462782098336,360,S4_twin_shock_cex_intervention,indonesia,USDC
981,0.7703760787928877,998.4451212545878,360,S4_twin_shock_cex_intervention,indonesia,USDC
982,0.7640929905172698,973.4839932232231,360,S4_twin_shock_cex_intervention,indonesia,USDC
983,0.7965014000200302,949.1468933926424,360,S4_twin_shock_cex_intervention,indonesia,USDC
984,0.7778394396274664,925.4182210578263,360,S4_twin_shock_cex_intervention,indonesia,USDC
985,0.780828695233112,902.2827655313807,360,S4_twin_shock_cex_intervention,indonesia,USDC
986,0.7799448988683692,879.7256963930962,360,S4_twin_shock_cex_intervention,indonesia,USDC
987,0.7685038752626586,857.7325539832689,360,S4_twin_shock_cex_intervention,indonesia,USDC
988,0.7649549710561894,836.2892401336871,360,S4_twin_shock_cex_intervention,indonesia,USDC
989,0.759400901560959,815.3820091303451,360,S4_twin_shock_cex_intervention,indonesia,USDC
990,0.7483178803432853,794.9974589020862,360,S4_twin_shock_cex_intervention,indonesia,USDC
991,0.7676587716020811,775.1225224295342,360,S4_twin_shock_cex_intervention,indonesia,USDC
992,0.7666572318332435,755.7444593687958,360,S4_twin_shock_cex_intervention,indonesia,USDC
993,0.7457772607452942,736.850847884576,360,S4_twin_shock_cex_intervention,indonesia,USDC
994,0.7661019727704061,718.4295766874616,360,S4_twin_shock_cex_intervention,indonesia,USDC
995,0.7375280193986967,700.468837270275,360,S4_twin_shock_cex_intervention,indonesia,USDC
996,0.719733959702736,682.9571163385181,360,S4_twin_shock_cex_intervention,indonesia,USDC
997,0.7321052325614893,665.8831884300552,360,S4_twin_shock_cex_intervention,indonesia,USDC
998,0.7587950165295437,649.2361087193037,360,S4_twin_shock_cex_intervention,indonesia,USDC
999,0.7461511578215176,633.0052060013212,360,S4_twin_shock_cex_intervention,indonesia,USDC
1000,0.7362368604661609,617.1800758512882,360,S4_twin_shock_cex_intervention,indonesia,USDC
