Step,price,liquidity,iteration,scenario,region,coin
1,0.9971831901974584,2989141460586.3325,141,S4_twin_shock_cex_intervention,indonesia,USDC
2,250000.9680304715,2989153960586.3325,141,S4_twin_shock_cex_intervention,indonesia,USDC
3,187502.0,2989163335586.3325,141,S4_twin_shock_cex_intervention,indonesia,USDC
4,140627.0,2989170366836.3325,141,S4_twin_shock_cex_intervention,indonesia,USDC
5,105470.75,2989175640273.8325,141,S4_twin_shock_cex_intervention,indonesia,USDC
6,79103.5625,2989179595351.9575,141,S4_twin_shock_cex_intervention,indonesia,USDC
7,59328.171875,2989182561660.5513,141,S4_twin_shock_cex_intervention,indonesia,USDC
8,44496.62890625,2989184786391.9966,141,S4_twin_shock_cex_intervention,indonesia,USDC
9,33372.9716796875,2989186454940.5806,141,S4_twin_shock_cex_intervention,indonesia,USDC
10,25030.228759765625,2989187706352.0186,141,S4_twin_shock_cex_intervention,indonesia,USDC
11,18773.17156982422,2989188644910.5967,141,S4_twin_shock_cex_intervention,indonesia,USDC
12,14080.378677368164,2989189348829.531,141,S4_twin_shock_cex_intervention,indonesia,USDC
13,10560.784008026123,2989189876768.7314,141,S4_twin_shock_cex_intervention,indonesia,USDC
14,7921.088006019592,2989190272723.132,141,S4_twin_shock_cex_intervention,indonesia,USDC
15,5941.316004514694,2989190569688.9316,141,S4_twin_shock_cex_intervention,indonesia,USDC
16,4456.487003386021,2989190792413.282,141,S4_twin_shock_cex_intervention,indonesia,USDC
17,3342.8652525395155,2989190959456.545,141,S4_twin_shock_cex_intervention,indonesia,USDC
18,2507.6489394046366,2989191084738.9917,141,S4_twin_shock_cex_intervention,indonesia,USDC
19,1881.2367045534775,2989191178700.8267,141,S4_twin_shock_cex_intervention,indonesia,USDC
20,1411.427528415108,2989191249172.203,141,S4_twin_shock_cex_intervention,indonesia,USDC
21,1059.070646311331,2989191302025.736,141,S4_twin_shock_cex_intervention,indonesia,USDC
22,794.8029847334983,2989191341665.885,141,S4_twin_shock_cex_intervention,indonesia,USDC
23,596.6022385501237,2989191371395.997,141,S4_twin_shock_cex_intervention,indonesia,USDC
24,447.9516789125928,2989191393693.581,141,S4_twin_shock_cex_intervention,indonesia,USDC
25,336.4637591844446,2989191410416.7686,141,S4_twin_shock_cex_intervention,indonesia,USDC
26,252.84781938833345,2989191422959.1597,141,S4_twin_shock_cex_intervention,indonesia,USDC
27,190.1358645412501,2989191432365.953,141,S4_twin_shock_cex_intervention,indonesia,USDC
28,143.1018984059376,2989191439421.0483,141,S4_twin_shock_cex_intervention,indonesia,USDC
29,107.82642380445319,2989191444712.369,141,S4_twin_shock_cex_intervention,indonesia,USDC
30,81.3698178533399,2989191448680.8604,141,S4_twin_shock_cex_intervention,indonesia,USDC
31,61.52736339000492,2989191451657.2285,141,S4_twin_shock_cex_intervention,indonesia,USDC
32,46.6455225425037,2989191453889.5044,141,S4_twin_shock_cex_intervention,indonesia,USDC
33,35.484141906877774,2989191455563.712,141,S4_twin_shock_cex_intervention,indonesia,USDC
34,27.11310643015833,2989191456819.367,141,S4_twin_shock_cex_intervention,indonesia,USDC
35,20.834829822618744,2989191457761.1084,141,S4_twin_shock_cex_intervention,indonesia,USDC
36,16.12612236696406,2989191458467.4146,141,S4_twin_shock_cex_intervention,indonesia,USDC
37,12.594591775223044,2989191458997.1445,141,S4_twin_shock_cex_intervention,indonesia,USDC
38,9.945943831417281,2989191459394.4414,141,S4_twin_shock_cex_intervention,indonesia,USDC
39,7.959457873562963,2989191459692.4146,141,S4_twin_shock_cex_intervention,indonesia,USDC
40,6.469593405172222,2989191459915.894,141,S4_twin_shock_cex_intervention,indonesia,USDC
41,5.352195053879166,2989191460083.5034,141,S4_twin_shock_cex_intervention,indonesia,USDC
42,4.514146290409375,2989191460209.211,141,S4_twin_shock_cex_intervention,indonesia,USDC
43,3.8856097178070312,2989191460303.4917,141,S4_twin_shock_cex_intervention,indonesia,USDC
44,3.414207288355273,2989191460374.2017,141,S4_twin_shock_cex_intervention,indonesia,USDC
45,3.060655466266455,2989191460427.2344,141,S4_twin_shock_cex_intervention,indonesia,USDC
46,2.795491599699841,2989191460467.0093,141,S4_twin_shock_cex_intervention,indonesia,USDC
47,2.596618699774881,2989191460496.84,141,S4_twin_shock_cex_intervention,indonesia,USDC
48,2.4474640248311608,2989191460519.2134,141,S4_twin_shock_cex_intervention,indonesia,USDC
49,2.3355980186233705,2989191460535.993,141,S4_twin_shock_cex_intervention,indonesia,USDC
50,2.251698513967528,2989191460548.578,141,S4_twin_shock_cex_intervention,indonesia,USDC
51,2.188773885475646,2989191460558.0166,141,S4_twin_shock_cex_intervention,indonesia,USDC
52,2.1415804141067345,2989191460565.0957,141,S4_twin_shock_cex_intervention,indonesia,USDC
53,2.106185310580051,2989191460570.405,141,S4_twin_shock_cex_intervention,indonesia,USDC
54,2.079638982935038,2989191460574.3867,141,S4_twin_shock_cex_intervention,indonesia,USDC
55,2.0130929412518013,2989191460577.373,141,S4_twin_shock_cex_intervention,indonesia,USDC
56,1.9688913482496242,2989191460579.613,141,S4_twin_shock_cex_intervention,indonesia,USDC
57,1.8064453381895915,2989191460581.2925,141,S4_twin_shock_cex_intervention,indonesia,USDC
58,1.7830369758953446,2989191460582.5522,141,S4_twin_shock_cex_intervention,indonesia,USDC
59,1.756750624444609,2989191460583.497,141,S4_twin_shock_cex_intervention,indonesia,USDC
60,1.6477051909667995,2989191460584.206,141,S4_twin_shock_cex_intervention,indonesia,USDC
61,1.5992701507080151,2989191460584.7373,141,S4_twin_shock_cex_intervention,indonesia,USDC
62,1.538190878871656,2989191460585.1357,141,S4_twin_shock_cex_intervention,indonesia,USDC
63,1.477229023768454,2989191460585.4346,141,S4_twin_shock_cex_intervention,indonesia,USDC
64,1.4165895510170858,2989191460585.659,141,S4_twin_shock_cex_intervention,indonesia,USDC
65,1.3603481588438835,2989191460585.827,141,S4_twin_shock_cex_intervention,indonesia,USDC
66,1.360509969660102,2989191460585.953,141,S4_twin_shock_cex_intervention,indonesia,USDC
67,1.3299525425269938,2989191460586.0474,141,S4_twin_shock_cex_intervention,indonesia,USDC
68,1.3060581933034432,2989191460586.1187,141,S4_twin_shock_cex_intervention,indonesia,USDC
69,1.333225018901501,2989191460586.172,141,S4_twin_shock_cex_intervention,indonesia,USDC
70,1.3376319489812754,2989191460586.2114,141,S4_twin_shock_cex_intervention,indonesia,USDC
71,1.310235115645296,2989191460586.2417,141,S4_twin_shock_cex_intervention,indonesia,USDC
72,1.2861839436560165,2989191460586.2637,141,S4_twin_shock_cex_intervention,indonesia,USDC
73,1.2581678653396862,2989191460586.281,141,S4_twin_shock_cex_intervention,indonesia,USDC
74,1.261382920435137,2989191460586.293,141,S4_twin_shock_cex_intervention,indonesia,USDC
75,1.2160755692409453,2989191460586.3027,141,S4_twin_shock_cex_intervention,indonesia,USDC
76,1.1625435793544487,2989191460586.3096,141,S4_twin_shock_cex_intervention,indonesia,USDC
77,1.1499345524719933,2989191460586.3154,141,S4_twin_shock_cex_intervention,indonesia,USDC
78,1.1412480846524782,2989191460586.3193,141,S4_twin_shock_cex_intervention,indonesia,USDC
79,1.1354292011612064,2989191460586.3223,141,S4_twin_shock_cex_intervention,indonesia,USDC
80,1.1352717042757023,2989191460586.324,141,S4_twin_shock_cex_intervention,indonesia,USDC
81,1.1200732878165054,2989191460586.326,141,S4_twin_shock_cex_intervention,indonesia,USDC
82,1.0835994996523626,2989191460586.327,141,S4_twin_shock_cex_intervention,indonesia,USDC
83,1.116403109770522,2989191460586.328,141,S4_twin_shock_cex_intervention,indonesia,USDC
84,1.0791210783626692,2989191460586.329,141,S4_twin_shock_cex_intervention,indonesia,USDC
85,1.0603539255262504,2989191460586.3296,141,S4_twin_shock_cex_intervention,indonesia,USDC
86,1.0584461068736994,2989191460586.33,141,S4_twin_shock_cex_intervention,indonesia,USDC
87,1.0414897746781013,2989191460586.33,141,S4_twin_shock_cex_intervention,indonesia,USDC
88,1.0074973922789527,2989191460586.33,141,S4_twin_shock_cex_intervention,indonesia,USDC
89,1.0068555647661492,2989191460586.33,141,S4_twin_shock_cex_intervention,indonesia,USDC
90,0.9699297164837577,2989191460586.3306,141,S4_twin_shock_cex_intervention,indonesia,USDC
91,1.0074879548093336,2989187113152.336,141,S4_twin_shock_cex_intervention,indonesia,USDC
92,1.0216150849397367,2989187113152.336,141,S4_twin_shock_cex_intervention,indonesia,USDC
93,1.0249042722612636,2989187113152.336,141,S4_twin_shock_cex_intervention,indonesia,USDC
94,1.0220266883645792,2989187113152.336,141,S4_twin_shock_cex_intervention,indonesia,USDC
95,0.9955527021892681,2989187113152.336,141,S4_twin_shock_cex_intervention,indonesia,USDC
96,0.969136078451992,2989187113152.336,141,S4_twin_shock_cex_intervention,indonesia,USDC
97,0.9367696234551168,2989133678578.07,141,S4_twin_shock_cex_intervention,indonesia,USDC
98,0.9415788319959969,2987210417229.9775,141,S4_twin_shock_cex_intervention,indonesia,USDC
99,0.9567641490466737,2985685170061.409,141,S4_twin_shock_cex_intervention,indonesia,USDC
100,0.938189357246295,2985040206516.7915,141,S4_twin_shock_cex_intervention,indonesia,USDC
101,0.8296754128409888,2983327236563.622,141,S4_twin_shock_cex_intervention,indonesia,USDC
102,0.8360191381567217,2975653958567.4824,141,S4_twin_shock_cex_intervention,indonesia,USDC
103,0.8616959766041199,2969366669123.567,141,S4_twin_shock_cex_intervention,indonesia,USDC
104,0.8710188663707045,2965167373168.6416,141,S4_twin_shock_cex_intervention,indonesia,USDC
105,0.8744013774225216,2961735490785.822,141,S4_twin_shock_cex_intervention,indonesia,USDC
106,0.8457449769278516,2958668879494.7534,141,S4_twin_shock_cex_intervention,indonesia,USDC
107,0.8457240574891596,2955048764370.0684,141,S4_twin_shock_cex_intervention,indonesia,USDC
108,0.8452732040410668,2951941565604.1797,141,S4_twin_shock_cex_intervention,indonesia,USDC
109,0.8897440420383919,2949136771677.963,141,S4_twin_shock_cex_intervention,indonesia,USDC
110,0.9016673718780857,2947524386602.995,141,S4_twin_shock_cex_intervention,indonesia,USDC
111,0.9522123779523503,2946325829101.8984,141,S4_twin_shock_cex_intervention,indonesia,USDC
112,0.9462849395659558,2946053829993.8076,141,S4_twin_shock_cex_intervention,indonesia,USDC
113,0.9377902227392553,2945672706843.1562,141,S4_twin_shock_cex_intervention,indonesia,USDC
114,0.9059493218833944,2945143168716.6836,141,S4_twin_shock_cex_intervention,indonesia,USDC
115,0.9009942863731821,2944141173418.4126,141,S4_twin_shock_cex_intervention,indonesia,USDC
116,0.9341165194116418,2943102991014.461,141,S4_twin_shock_cex_intervention,indonesia,USDC
117,0.9359508030147857,2942588357888.6133,141,S4_twin_shock_cex_intervention,indonesia,USDC
118,0.9586096083733232,2942147527484.578,141,S4_twin_shock_cex_intervention,indonesia,USDC
119,0.9450111590404939,2942023030740.4863,141,S4_twin_shock_cex_intervention,indonesia,USDC
120,0.9290100298549291,2941728838567.9917,141,S4_twin_shock_cex_intervention,indonesia,USDC
121,0.9086807429686976,2867669061850.7646,141,S4_twin_shock_cex_intervention,indonesia,USDC
122,0.95631011599946,2795292353013.049,141,S4_twin_shock_cex_intervention,indonesia,USDC
123,0.9306473958320983,2725279304938.573,141,S4_twin_shock_cex_intervention,indonesia,USDC
124,0.8934105200093396,2656718448860.1543,141,S4_twin_shock_cex_intervention,indonesia,USDC
125,0.8855014228839079,2589474364073.144,141,S4_twin_shock_cex_intervention,indonesia,USDC
126,0.8648433883905198,2523936026654.326,141,S4_twin_shock_cex_intervention,indonesia,USDC
127,0.8640715944557378,2459920722866.3677,141,S4_twin_shock_cex_intervention,indonesia,USDC
128,0.8536424018676728,2397595081922.667,141,S4_twin_shock_cex_intervention,indonesia,USDC
129,0.8789453660073117,2336822273963.7974,141,S4_twin_shock_cex_intervention,indonesia,USDC
130,0.8862331561869509,2277853346708.7695,141,S4_twin_shock_cex_intervention,indonesia,USDC
131,0.8759538608194986,2220413966269.7397,141,S4_twin_shock_cex_intervention,indonesia,USDC
132,0.8776636391184441,2164420098478.609,141,S4_twin_shock_cex_intervention,indonesia,USDC
133,0.8656578051520766,2109878900071.795,141,S4_twin_shock_cex_intervention,indonesia,USDC
134,0.8562216249639443,2056688993212.526,141,S4_twin_shock_cex_intervention,indonesia,USDC
135,0.8472318391483367,2004847699715.9023,141,S4_twin_shock_cex_intervention,indonesia,USDC
136,0.8241922995935697,1954309769017.9578,141,S4_twin_shock_cex_intervention,indonesia,USDC
137,0.8321618159673865,1904998313165.6504,141,S4_twin_shock_cex_intervention,indonesia,USDC
138,0.8248385540058222,1857031103471.4966,141,S4_twin_shock_cex_intervention,indonesia,USDC
139,0.8235951201201739,1810279464818.6025,141,S4_twin_shock_cex_intervention,indonesia,USDC
140,0.8358218257816811,1764747774932.8687,141,S4_twin_shock_cex_intervention,indonesia,USDC
141,0.8219649850389994,1720409382731.5527,141,S4_twin_shock_cex_intervention,indonesia,USDC
142,0.8161366193876031,1677189371404.6274,141,S4_twin_shock_cex_intervention,indonesia,USDC
143,0.835653090092962,1635070502763.5164,141,S4_twin_shock_cex_intervention,indonesia,USDC
144,0.8321562996971654,1594054791661.1133,141,S4_twin_shock_cex_intervention,indonesia,USDC
145,0.8043419213350708,1554083141472.4844,141,S4_twin_shock_cex_intervention,indonesia,USDC
146,0.8048894627534401,1515109042637.3037,141,S4_twin_shock_cex_intervention,indonesia,USDC
147,0.7970080898285286,1477127592535.7485,141,S4_twin_shock_cex_intervention,indonesia,USDC
148,0.8187729712657406,1440110523708.9412,141,S4_twin_shock_cex_intervention,indonesia,USDC
149,0.8118512548483301,1404043524465.6807,141,S4_twin_shock_cex_intervention,indonesia,USDC
150,0.8140226680058438,1368884123773.812,141,S4_twin_shock_cex_intervention,indonesia,USDC
151,0.803482141881632,1334615624430.471,141,S4_twin_shock_cex_intervention,indonesia,USDC
152,0.8041086525116768,1301206376273.6067,141,S4_twin_shock_cex_intervention,indonesia,USDC
153,0.8232516302582078,1268641365534.2656,141,S4_twin_shock_cex_intervention,indonesia,USDC
154,0.844283558332348,1236898923366.905,141,S4_twin_shock_cex_intervention,indonesia,USDC
155,0.849564348949113,1205957140279.7566,141,S4_twin_shock_cex_intervention,indonesia,USDC
156,0.839978878971483,1175792380540.97,141,S4_twin_shock_cex_intervention,indonesia,USDC
157,0.834707735362846,1146382125339.414,141,S4_twin_shock_cex_intervention,indonesia,USDC
158,0.8392203194714346,1117707965780.023,141,S4_twin_shock_cex_intervention,indonesia,USDC
159,0.8481844367403845,1089753361583.731,141,S4_twin_shock_cex_intervention,indonesia,USDC
160,0.829787637394387,1062499705482.4675,141,S4_twin_shock_cex_intervention,indonesia,USDC
161,0.8384839745113215,1035927927245.4031,141,S4_twin_shock_cex_intervention,indonesia,USDC
162,0.8342413301763195,1010021715532.7778,141,S4_twin_shock_cex_intervention,indonesia,USDC
163,0.8085932193146458,984764022153.2241,141,S4_twin_shock_cex_intervention,indonesia,USDC
164,0.8170716398901278,960137610039.4034,141,S4_twin_shock_cex_intervention,indonesia,USDC
165,0.8032996380193953,936128395018.7786,141,S4_twin_shock_cex_intervention,indonesia,USDC
166,0.8035109905717602,912720195585.7002,141,S4_twin_shock_cex_intervention,indonesia,USDC
167,0.8014082091309948,889897926943.2208,141,S4_twin_shock_cex_intervention,indonesia,USDC
168,0.7956893036295141,867646724498.9429,141,S4_twin_shock_cex_intervention,indonesia,USDC
169,0.8116640584424762,845952475284.0526,141,S4_twin_shock_cex_intervention,indonesia,USDC
170,0.8049870077618401,824801302557.0387,141,S4_twin_shock_cex_intervention,indonesia,USDC
171,0.8013950689880024,804179284533.9324,141,S4_twin_shock_cex_intervention,indonesia,USDC
172,0.8130889546193971,784073063192.4719,141,S4_twin_shock_cex_intervention,indonesia,USDC
173,0.7930805813012879,764469832590.4299,141,S4_twin_shock_cex_intervention,indonesia,USDC
174,0.8153152677899497,745356812206.8236,141,S4_twin_shock_cex_intervention,indonesia,USDC
175,0.8019322380250898,726721992079.0801,141,S4_twin_shock_cex_intervention,indonesia,USDC
176,0.8004840031058429,708553093395.5237,141,S4_twin_shock_cex_intervention,indonesia,USDC
177,0.7853137381648554,690838537090.2528,141,S4_twin_shock_cex_intervention,indonesia,USDC
178,0.7872703013917512,673566915520.1998,141,S4_twin_shock_cex_intervention,indonesia,USDC
179,0.8043274437977453,656727234328.8911,141,S4_twin_shock_cex_intervention,indonesia,USDC
180,0.7889282668370892,640308674718.7131,141,S4_twin_shock_cex_intervention,indonesia,USDC
181,0.801774699390665,624300596100.3167,141,S4_twin_shock_cex_intervention,indonesia,USDC
182,0.8019543823817219,608692800897.0244,141,S4_twin_shock_cex_intervention,indonesia,USDC
183,0.8063833781095471,593475258287.3187,141,S4_twin_shock_cex_intervention,indonesia,USDC
184,0.8064366193834254,578638196542.1278,141,S4_twin_shock_cex_intervention,indonesia,USDC
185,0.7994589402463622,564172093603.7288,141,S4_twin_shock_cex_intervention,indonesia,USDC
186,0.7783336879699936,550067661357.3455,141,S4_twin_shock_cex_intervention,indonesia,USDC
187,0.81116561000713,536315840373.83496,141,S4_twin_shock_cex_intervention,indonesia,USDC
188,0.8102602114586918,522907859969.54663,141,S4_twin_shock_cex_intervention,indonesia,USDC
189,0.8358673787991675,509835093732.41077,141,S4_twin_shock_cex_intervention,indonesia,USDC
190,0.8186133918062521,497089168154.74426,141,S4_twin_shock_cex_intervention,indonesia,USDC
191,0.8109773914027851,484661891514.9331,141,S4_twin_shock_cex_intervention,indonesia,USDC
192,0.8105973047841438,472545298999.7314,141,S4_twin_shock_cex_intervention,indonesia,USDC
193,0.788345827688425,460731630873.46594,141,S4_twin_shock_cex_intervention,indonesia,USDC
194,0.7907727796780949,449213304291.9695,141,S4_twin_shock_cex_intervention,indonesia,USDC
195,0.7940865941341156,437982943988.338,141,S4_twin_shock_cex_intervention,indonesia,USDC
196,0.7927809164796791,427033346983.8956,141,S4_twin_shock_cex_intervention,indonesia,USDC
197,0.8106253978583853,416357493561.86816,141,S4_twin_shock_cex_intervention,indonesia,USDC
198,0.8121981984440466,405948542570.69836,141,S4_twin_shock_cex_intervention,indonesia,USDC
199,0.7807188689159604,395799817097.9232,141,S4_twin_shock_cex_intervention,indonesia,USDC
200,0.7887195933820482,385904809659.25806,141,S4_twin_shock_cex_intervention,indonesia,USDC
201,0.7972610551620385,376257180307.88245,141,S4_twin_shock_cex_intervention,indonesia,USDC
202,0.7919611455490045,366850743667.0041,141,S4_twin_shock_cex_intervention,indonesia,USDC
203,0.7870660356634828,357679469108.7959,141,S4_twin_shock_cex_intervention,indonesia,USDC
204,0.8091518188620431,348737476995.329,141,S4_twin_shock_cex_intervention,indonesia,USDC
205,0.8233481392608776,340019036455.9598,141,S4_twin_shock_cex_intervention,indonesia,USDC
206,0.8410458390529586,331518557643.8255,141,S4_twin_shock_cex_intervention,indonesia,USDC
207,0.8162996533150021,323230591578.30695,141,S4_twin_shock_cex_intervention,indonesia,USDC
208,0.7986696697715082,315149824486.1461,141,S4_twin_shock_cex_intervention,indonesia,USDC
209,0.79048216539572,307271076756.8723,141,S4_twin_shock_cex_intervention,indonesia,USDC
210,0.7942924192656821,299589297966.43207,141,S4_twin_shock_cex_intervention,indonesia,USDC
211,0.781180171212217,292099564111.869,141,S4_twin_shock_cex_intervention,indonesia,USDC
212,0.777421057346726,284797073755.56335,141,S4_twin_shock_cex_intervention,indonesia,USDC
213,0.7724152182720215,277677145803.43933,141,S4_twin_shock_cex_intervention,indonesia,USDC
214,0.7995649836233065,270735216282.89777,141,S4_twin_shock_cex_intervention,indonesia,USDC
215,0.7940464413774531,263966835280.74622,141,S4_twin_shock_cex_intervention,indonesia,USDC
216,0.7948737347036455,257367663885.82727,141,S4_twin_shock_cex_intervention,indonesia,USDC
217,0.8250890962853243,250933471848.09222,141,S4_twin_shock_cex_intervention,indonesia,USDC
218,0.8175610372207547,244660134751.4395,141,S4_twin_shock_cex_intervention,indonesia,USDC
219,0.8334290675655546,238543631124.18738,141,S4_twin_shock_cex_intervention,indonesia,USDC
220,0.8435580858021432,232580040144.9451,141,S4_twin_shock_cex_intervention,indonesia,USDC
221,0.8172171830316026,226765538980.04797,141,S4_twin_shock_cex_intervention,indonesia,USDC
222,0.8164416204903194,221096400327.80264,141,S4_twin_shock_cex_intervention,indonesia,USDC
223,0.7921177739365723,215568990178.095,141,S4_twin_shock_cex_intervention,indonesia,USDC
224,0.7992404126289298,210179765283.91614,141,S4_twin_shock_cex_intervention,indonesia,USDC
225,0.8262594959468931,204925271038.48456,141,S4_twin_shock_cex_intervention,indonesia,USDC
226,0.8144924843673796,199802139183.3741,141,S4_twin_shock_cex_intervention,indonesia,USDC
227,0.7890757929988629,194807085631.87802,141,S4_twin_shock_cex_intervention,indonesia,USDC
228,0.7708248809450096,189936908419.92636,141,S4_twin_shock_cex_intervention,indonesia,USDC
229,0.7974346801114992,185188485642.10455,141,S4_twin_shock_cex_intervention,indonesia,USDC
230,0.7839439460436167,180558773454.5674,141,S4_twin_shock_cex_intervention,indonesia,USDC
231,0.7479586081973775,176044804077.59998,141,S4_twin_shock_cex_intervention,indonesia,USDC
232,0.75946855041716,171643683936.09106,141,S4_twin_shock_cex_intervention,indonesia,USDC
233,0.7503590063196242,167352591807.8963,141,S4_twin_shock_cex_intervention,indonesia,USDC
234,0.7839550142479033,163168776989.1699,141,S4_twin_shock_cex_intervention,indonesia,USDC
235,0.794872019501818,159089557548.1517,141,S4_twin_shock_cex_intervention,indonesia,USDC
236,0.7599365678260602,155112318597.48978,141,S4_twin_shock_cex_intervention,indonesia,USDC
237,0.7699966992490909,151234510620.6289,141,S4_twin_shock_cex_intervention,indonesia,USDC
238,0.7624204142317014,147453647845.53107,141,S4_twin_shock_cex_intervention,indonesia,USDC
239,0.7742936794866344,143767306641.4983,141,S4_twin_shock_cex_intervention,indonesia,USDC
240,0.7729290091256766,140173123969.6107,141,S4_twin_shock_cex_intervention,indonesia,USDC
241,0.7837998398413129,136668795865.84567,141,S4_twin_shock_cex_intervention,indonesia,USDC
242,0.7871757780880553,133252075965.69554,141,S4_twin_shock_cex_intervention,indonesia,USDC
243,0.8091141034365424,129920774063.70395,141,S4_twin_shock_cex_intervention,indonesia,USDC
244,0.7945478950754123,126672754710.15894,141,S4_twin_shock_cex_intervention,indonesia,USDC
245,0.8072825850019882,123505935840.53915,141,S4_twin_shock_cex_intervention,indonesia,USDC
246,0.8179849158727216,120418287443.19223,141,S4_twin_shock_cex_intervention,indonesia,USDC
247,0.8199681933067885,117407830256.01996,141,S4_twin_shock_cex_intervention,indonesia,USDC
248,0.848892704923148,114472634498.68777,141,S4_twin_shock_cex_intervention,indonesia,USDC
249,0.8643932080580704,111610818635.62451,141,S4_twin_shock_cex_intervention,indonesia,USDC
250,0.8462275858170619,108820548169.26509,141,S4_twin_shock_cex_intervention,indonesia,USDC
251,0.8387108390376261,106100034464.53052,141,S4_twin_shock_cex_intervention,indonesia,USDC
252,0.8025344073130857,103447533602.46957,141,S4_twin_shock_cex_intervention,indonesia,USDC
253,0.7821331759677499,100861345261.87671,141,S4_twin_shock_cex_intervention,indonesia,USDC
254,0.7526316457800362,98339811629.85645,141,S4_twin_shock_cex_intervention,indonesia,USDC
255,0.7514018936526048,95881316338.66394,141,S4_twin_shock_cex_intervention,indonesia,USDC
256,0.756313846951395,93484283429.84459,141,S4_twin_shock_cex_intervention,indonesia,USDC
257,0.6572189418469421,91147176343.83401,141,S4_twin_shock_cex_intervention,indonesia,USDC
258,0.6619749800426601,88868496934.91295,141,S4_twin_shock_cex_intervention,indonesia,USDC
259,0.6814235274937144,86646784511.33136,141,S4_twin_shock_cex_intervention,indonesia,USDC
260,0.7086013196087325,84480614898.41193,141,S4_twin_shock_cex_intervention,indonesia,USDC
261,0.7325208571682473,82368599525.86551,141,S4_twin_shock_cex_intervention,indonesia,USDC
262,0.7388841186357124,80309384537.6571,141,S4_twin_shock_cex_intervention,indonesia,USDC
263,0.7318977058288004,78301649924.17116,141,S4_twin_shock_cex_intervention,indonesia,USDC
264,0.7581819247674991,76344108676.03104,141,S4_twin_shock_cex_intervention,indonesia,USDC
265,0.7542408971646829,74435505959.10757,141,S4_twin_shock_cex_intervention,indonesia,USDC
266,0.7448785432879975,72574618310.11076,141,S4_twin_shock_cex_intervention,indonesia,USDC
267,0.7645625533278153,70760252852.34302,141,S4_twin_shock_cex_intervention,indonesia,USDC
268,0.7947473542595322,68991246531.02313,141,S4_twin_shock_cex_intervention,indonesia,USDC
269,0.8035873787774492,67266465367.74025,141,S4_twin_shock_cex_intervention,indonesia,USDC
270,0.8016692735366716,65584803733.5409,141,S4_twin_shock_cex_intervention,indonesia,USDC
271,0.8098468513199124,63945183640.197556,141,S4_twin_shock_cex_intervention,indonesia,USDC
272,0.7844567767353547,62346554049.188866,141,S4_twin_shock_cex_intervention,indonesia,USDC
273,0.7624516400832001,60787890197.95532,141,S4_twin_shock_cex_intervention,indonesia,USDC
274,0.7659136221855193,59268192943.00303,141,S4_twin_shock_cex_intervention,indonesia,USDC
275,0.7575438148209139,57786488119.42526,141,S4_twin_shock_cex_intervention,indonesia,USDC
276,0.7643271629563947,56341825916.43735,141,S4_twin_shock_cex_intervention,indonesia,USDC
277,0.7867566377577171,54933280268.52468,141,S4_twin_shock_cex_intervention,indonesia,USDC
278,0.780173107096303,53559948261.810425,141,S4_twin_shock_cex_intervention,indonesia,USDC
279,0.7717166050543356,52220949555.26419,141,S4_twin_shock_cex_intervention,indonesia,USDC
280,0.7820182779486252,50915425816.38174,141,S4_twin_shock_cex_intervention,indonesia,USDC
281,0.7953672464407383,49642540170.97156,141,S4_twin_shock_cex_intervention,indonesia,USDC
282,0.8108343015435923,48401476666.69677,141,S4_twin_shock_cex_intervention,indonesia,USDC
283,0.7978584428803405,47191439750.02897,141,S4_twin_shock_cex_intervention,indonesia,USDC
284,0.77901942098457,46011653756.277916,141,S4_twin_shock_cex_intervention,indonesia,USDC
285,0.8081854920258342,44861362412.370674,141,S4_twin_shock_cex_intervention,indonesia,USDC
286,0.7776813731700348,43739828352.061195,141,S4_twin_shock_cex_intervention,indonesia,USDC
287,0.7922045392469405,42646332643.25946,141,S4_twin_shock_cex_intervention,indonesia,USDC
288,0.8053470347537541,41580174327.17781,141,S4_twin_shock_cex_intervention,indonesia,USDC
289,0.7875459895732325,40540669968.998245,141,S4_twin_shock_cex_intervention,indonesia,USDC
290,0.7980956878758366,39527153219.77318,141,S4_twin_shock_cex_intervention,indonesia,USDC
291,0.7848847499924928,38538974389.27876,141,S4_twin_shock_cex_intervention,indonesia,USDC
292,0.7663118494685305,37575500029.546715,141,S4_twin_shock_cex_intervention,indonesia,USDC
293,0.756021902738553,36636112528.807976,141,S4_twin_shock_cex_intervention,indonesia,USDC
294,0.7663892035107782,35720209715.587715,141,S4_twin_shock_cex_intervention,indonesia,USDC
295,0.7543013778364894,34827204472.69798,141,S4_twin_shock_cex_intervention,indonesia,USDC
296,0.7752126946519561,33956524360.880493,141,S4_twin_shock_cex_intervention,indonesia,USDC
297,0.7656718034011418,33107611251.85846,141,S4_twin_shock_cex_intervention,indonesia,USDC
298,0.7608778235223168,32279920970.561974,141,S4_twin_shock_cex_intervention,indonesia,USDC
299,0.7557482796568488,31472922946.297905,141,S4_twin_shock_cex_intervention,indonesia,USDC
300,0.7767382922532827,30686099872.64044,141,S4_twin_shock_cex_intervention,indonesia,USDC
301,0.7645881917536038,29918947375.824417,141,S4_twin_shock_cex_intervention,indonesia,USDC
302,0.7608081895213071,29170973691.4288,141,S4_twin_shock_cex_intervention,indonesia,USDC
303,0.7306388543898306,28441699349.143074,141,S4_twin_shock_cex_intervention,indonesia,USDC
304,0.7361122999805305,27730656865.41449,141,S4_twin_shock_cex_intervention,indonesia,USDC
305,0.7697123678213464,27037390443.77912,141,S4_twin_shock_cex_intervention,indonesia,USDC
306,0.7728332495610815,26361455682.68464,141,S4_twin_shock_cex_intervention,indonesia,USDC
307,0.7738432632473834,25702419290.617523,141,S4_twin_shock_cex_intervention,indonesia,USDC
308,0.7837797004232671,25059858808.35208,141,S4_twin_shock_cex_intervention,indonesia,USDC
309,0.7760526039295991,24433362338.14328,141,S4_twin_shock_cex_intervention,indonesia,USDC
310,0.7834399531409859,23822528279.689697,141,S4_twin_shock_cex_intervention,indonesia,USDC
311,0.7806328201275322,23226965072.697453,141,S4_twin_shock_cex_intervention,indonesia,USDC
312,0.8081835214889612,22646290945.880016,141,S4_twin_shock_cex_intervention,indonesia,USDC
313,0.7843714542496129,22080133672.233017,141,S4_twin_shock_cex_intervention,indonesia,USDC
314,0.784583128153797,21528130330.42719,141,S4_twin_shock_cex_intervention,indonesia,USDC
315,0.7786677132757424,20989927072.16651,141,S4_twin_shock_cex_intervention,indonesia,USDC
316,0.8061838784500047,20465178895.362347,141,S4_twin_shock_cex_intervention,indonesia,USDC
317,0.8009044252733788,19953549422.97829,141,S4_twin_shock_cex_intervention,indonesia,USDC
318,0.7977826960794383,19454710687.40383,141,S4_twin_shock_cex_intervention,indonesia,USDC
319,0.7910508408528039,18968342920.218735,141,S4_twin_shock_cex_intervention,indonesia,USDC
320,0.7935443848060372,18494134347.21327,141,S4_twin_shock_cex_intervention,indonesia,USDC
321,0.7802593481459869,18031780988.532936,141,S4_twin_shock_cex_intervention,indonesia,USDC
322,0.7821472481876655,17580986463.81961,141,S4_twin_shock_cex_intervention,indonesia,USDC
323,0.7780891988962195,17141461802.224121,141,S4_twin_shock_cex_intervention,indonesia,USDC
324,0.7745787571331026,16712925257.168518,141,S4_twin_shock_cex_intervention,indonesia,USDC
325,0.7638112701759239,16295102125.739305,141,S4_twin_shock_cex_intervention,indonesia,USDC
326,0.760259998416561,15887724572.595825,141,S4_twin_shock_cex_intervention,indonesia,USDC
327,0.7591735234708676,15490531458.28093,141,S4_twin_shock_cex_intervention,indonesia,USDC
328,0.7660690569249946,15103268171.823906,141,S4_twin_shock_cex_intervention,indonesia,USDC
329,0.7704353847816446,14725686467.528309,141,S4_twin_shock_cex_intervention,indonesia,USDC
330,0.7542781856072391,14357544305.8401,141,S4_twin_shock_cex_intervention,indonesia,USDC
331,0.749070054738394,13998605698.194098,141,S4_twin_shock_cex_intervention,indonesia,USDC
332,0.7599970733060937,13648640555.739243,141,S4_twin_shock_cex_intervention,indonesia,USDC
333,0.7306760726524922,13307424541.845764,141,S4_twin_shock_cex_intervention,indonesia,USDC
334,0.7652718951136781,12974738928.299618,141,S4_twin_shock_cex_intervention,indonesia,USDC
335,0.7996531758658243,12650370455.092129,141,S4_twin_shock_cex_intervention,indonesia,USDC
336,0.8254329466923515,12334111193.714825,141,S4_twin_shock_cex_intervention,indonesia,USDC
337,0.8205933978592683,12025758413.871954,141,S4_twin_shock_cex_intervention,indonesia,USDC
338,0.80833642837298,11725114453.525156,141,S4_twin_shock_cex_intervention,indonesia,USDC
339,0.8296018585000868,11431986592.187027,141,S4_twin_shock_cex_intervention,indonesia,USDC
340,0.8037031641422331,11146186927.38235,141,S4_twin_shock_cex_intervention,indonesia,USDC
341,0.8160121197492862,10867532254.197792,141,S4_twin_shock_cex_intervention,indonesia,USDC
342,0.8236126585353435,10595843947.842846,141,S4_twin_shock_cex_intervention,indonesia,USDC
343,0.8432767931704855,10330947849.146774,141,S4_twin_shock_cex_intervention,indonesia,USDC
344,0.8399871493381327,10072674152.918106,141,S4_twin_shock_cex_intervention,indonesia,USDC
345,0.8372060544599247,9820857299.095154,141,S4_twin_shock_cex_intervention,indonesia,USDC
346,0.8668124208113117,9575335866.617775,141,S4_twin_shock_cex_intervention,indonesia,USDC
347,0.8719304076941096,9335952469.95233,141,S4_twin_shock_cex_intervention,indonesia,USDC
348,0.850295613977845,9102553658.203522,141,S4_twin_shock_cex_intervention,indonesia,USDC
349,0.8152220177268108,8874989816.748434,141,S4_twin_shock_cex_intervention,indonesia,USDC
350,0.8315056154696273,8653115071.329723,141,S4_twin_shock_cex_intervention,indonesia,USDC
351,0.8300814176549124,8436787194.546479,141,S4_twin_shock_cex_intervention,indonesia,USDC
352,0.8583192335647457,8225867514.682817,141,S4_twin_shock_cex_intervention,indonesia,USDC
353,0.8591822994107209,8020220826.815747,141,S4_twin_shock_cex_intervention,indonesia,USDC
354,0.8383115108110364,7819715306.145353,141,S4_twin_shock_cex_intervention,indonesia,USDC
355,0.8156451640126018,7624222423.49172,141,S4_twin_shock_cex_intervention,indonesia,USDC
356,0.8288579207688317,7433616862.904427,141,S4_twin_shock_cex_intervention,indonesia,USDC
357,0.8469299070476558,7247776441.331815,141,S4_twin_shock_cex_intervention,indonesia,USDC
358,0.8698025619742645,7066582030.298519,141,S4_twin_shock_cex_intervention,indonesia,USDC
359,0.8512660417101796,6889917479.541058,141,S4_twin_shock_cex_intervention,indonesia,USDC
360,0.8285699434582993,6717669542.55253,141,S4_twin_shock_cex_intervention,indonesia,USDC
361,0.8181150543327983,6549727803.988717,141,S4_twin_shock_cex_intervention,indonesia,USDC
362,0.8059714189334309,6385984608.888999,141,S4_twin_shock_cex_intervention,indonesia,USDC
363,0.798396804779868,6226334993.666775,141,S4_twin_shock_cex_intervention,indonesia,USDC
364,0.821919303014629,6070676618.825105,141,S4_twin_shock_cex_intervention,indonesia,USDC
365,0.8161531242612158,5918909703.354477,141,S4_twin_shock_cex_intervention,indonesia,USDC
366,0.8162403448145922,5770936960.770615,141,S4_twin_shock_cex_intervention,indonesia,USDC
367,0.7869914016658919,5626663536.75135,141,S4_twin_shock_cex_intervention,indonesia,USDC
368,0.7802181674811648,5485996948.332566,141,S4_twin_shock_cex_intervention,indonesia,USDC
369,0.7757878384900363,5348847024.624252,141,S4_twin_shock_cex_intervention,indonesia,USDC
370,0.7791113057493656,5215125849.008646,141,S4_twin_shock_cex_intervention,indonesia,USDC
371,0.7897816170465417,5084747702.78343,141,S4_twin_shock_cex_intervention,indonesia,USDC
372,0.7846381311464439,4957629010.213844,141,S4_twin_shock_cex_intervention,indonesia,USDC
373,0.8058575895499929,4833688284.958498,141,S4_twin_shock_cex_intervention,indonesia,USDC
374,0.7944002856169208,4712846077.834536,141,S4_twin_shock_cex_intervention,indonesia,USDC
375,0.795947829992963,4595024925.888672,141,S4_twin_shock_cex_intervention,indonesia,USDC
376,0.8042726978851792,4480149302.741455,141,S4_twin_shock_cex_intervention,indonesia,USDC
377,0.7814764106078488,4368145570.172919,141,S4_twin_shock_cex_intervention,indonesia,USDC
378,0.7805910571173619,4258941930.9185963,141,S4_twin_shock_cex_intervention,indonesia,USDC
379,0.7676951556247542,4152468382.645632,141,S4_twin_shock_cex_intervention,indonesia,USDC
380,0.7567911951383989,4048656673.0794907,141,S4_twin_shock_cex_intervention,indonesia,USDC
381,0.786939426594073,3947440256.2525034,141,S4_twin_shock_cex_intervention,indonesia,USDC
382,0.7694109835793752,3848754249.8461905,141,S4_twin_shock_cex_intervention,indonesia,USDC
383,0.7378456311943674,3752535393.6000366,141,S4_twin_shock_cex_intervention,indonesia,USDC
384,0.7336452075556258,3658722008.7600355,141,S4_twin_shock_cex_intervention,indonesia,USDC
385,0.7710607666975217,3567253958.5410337,141,S4_twin_shock_cex_intervention,indonesia,USDC
386,0.7563034335336718,3478072609.5775084,141,S4_twin_shock_cex_intervention,indonesia,USDC
387,0.7557478800141406,3391120794.338071,141,S4_twin_shock_cex_intervention,indonesia,USDC
388,0.7454226500656681,3306342774.479619,141,S4_twin_shock_cex_intervention,indonesia,USDC
389,0.7423757710804225,3223684205.117628,141,S4_twin_shock_cex_intervention,indonesia,USDC
390,0.7425028854248691,3143092099.9896874,141,S4_twin_shock_cex_intervention,indonesia,USDC
391,0.7209340872871444,3064514797.4899454,141,S4_twin_shock_cex_intervention,indonesia,USDC
392,0.7221444107252704,2987901927.552696,141,S4_twin_shock_cex_intervention,indonesia,USDC
393,0.7280190022496933,2913204379.363879,141,S4_twin_shock_cex_intervention,indonesia,USDC
394,0.7538198347901646,2840374269.879782,141,S4_twin_shock_cex_intervention,indonesia,USDC
395,0.7538315071170435,2769364913.1327877,141,S4_twin_shock_cex_intervention,indonesia,USDC
396,0.7694355380741352,2700130790.304468,141,S4_twin_shock_cex_intervention,indonesia,USDC
397,0.7595503411949603,2632627520.5468564,141,S4_twin_shock_cex_intervention,indonesia,USDC
398,0.7626714400134542,2566811832.533185,141,S4_twin_shock_cex_intervention,indonesia,USDC
399,0.7472319006236395,2502641536.7198553,141,S4_twin_shock_cex_intervention,indonesia,USDC
400,0.7421287186388527,2440075498.301859,141,S4_twin_shock_cex_intervention,indonesia,USDC
401,0.748012582514985,2379073610.8443127,141,S4_twin_shock_cex_intervention,indonesia,USDC
402,0.7678961362899882,2319596770.5732045,141,S4_twin_shock_cex_intervention,indonesia,USDC
403,0.7882748954981507,2261606851.3088746,141,S4_twin_shock_cex_intervention,indonesia,USDC
404,0.7809090691408712,2205066680.0261526,141,S4_twin_shock_cex_intervention,indonesia,USDC
405,0.7855636086302585,2149940013.025499,141,S4_twin_shock_cex_intervention,indonesia,USDC
406,0.7837791129391993,2096191512.6998615,141,S4_twin_shock_cex_intervention,indonesia,USDC
407,0.7573159409631486,2043786724.8823647,141,S4_twin_shock_cex_intervention,indonesia,USDC
408,0.7568585956681573,1992692056.760306,141,S4_twin_shock_cex_intervention,indonesia,USDC
409,0.7476737521777149,1942874755.341298,141,S4_twin_shock_cex_intervention,indonesia,USDC
410,0.7615756332744336,1894302886.4577656,141,S4_twin_shock_cex_intervention,indonesia,USDC
411,0.7568605969410365,1846945314.2963214,141,S4_twin_shock_cex_intervention,indonesia,USDC
412,0.7615078072013003,1800771681.4389138,141,S4_twin_shock_cex_intervention,indonesia,USDC
413,0.7778824522022114,1755752389.4029408,141,S4_twin_shock_cex_intervention,indonesia,USDC
414,0.8171076181764303,1711858579.6678672,141,S4_twin_shock_cex_intervention,indonesia,USDC
415,0.811319254043811,1669062115.1761703,141,S4_twin_shock_cex_intervention,indonesia,USDC
416,0.8029126363038219,1627335562.2967663,141,S4_twin_shock_cex_intervention,indonesia,USDC
417,0.8020674368018934,1586652173.239347,141,S4_twin_shock_cex_intervention,indonesia,USDC
418,0.8244946386738544,1546985868.9083636,141,S4_twin_shock_cex_intervention,indonesia,USDC
419,0.806108263954611,1508311222.1856544,141,S4_twin_shock_cex_intervention,indonesia,USDC
420,0.7910482951846367,1470603441.6310132,141,S4_twin_shock_cex_intervention,indonesia,USDC
421,0.7903858196708101,1433838355.5902376,141,S4_twin_shock_cex_intervention,indonesia,USDC
422,0.77279846638288,1397992396.700482,141,S4_twin_shock_cex_intervention,indonesia,USDC
423,0.7899521772811525,1363042586.7829697,141,S4_twin_shock_cex_intervention,indonesia,USDC
424,0.7753775871410338,1328966522.1133955,141,S4_twin_shock_cex_intervention,indonesia,USDC
425,0.7872126501618316,1295742359.0605607,141,S4_twin_shock_cex_intervention,indonesia,USDC
426,0.7593575691465813,1263348800.0840466,141,S4_twin_shock_cex_intervention,indonesia,USDC
427,0.7641934858827502,1231765080.0819454,141,S4_twin_shock_cex_intervention,indonesia,USDC
428,0.7795932831187277,1200970953.0798967,141,S4_twin_shock_cex_intervention,indonesia,USDC
429,0.7744910679480235,1170946679.2528994,141,S4_twin_shock_cex_intervention,indonesia,USDC
430,0.7748684789610812,1141673012.271577,141,S4_twin_shock_cex_intervention,indonesia,USDC
431,0.7835899349251358,1113131186.9647875,141,S4_twin_shock_cex_intervention,indonesia,USDC
432,0.7842042730758733,1085302907.2906678,141,S4_twin_shock_cex_intervention,indonesia,USDC
433,0.7765704812884625,1058170334.6084011,141,S4_twin_shock_cex_intervention,indonesia,USDC
434,0.7902929438871702,1031716076.243191,141,S4_twin_shock_cex_intervention,indonesia,USDC
435,0.7713792447472282,1005923174.3371112,141,S4_twin_shock_cex_intervention,indonesia,USDC
436,0.7777847330866001,980775094.9786835,141,S4_twin_shock_cex_intervention,indonesia,USDC
437,0.7859635597398262,956255717.6042163,141,S4_twin_shock_cex_intervention,indonesia,USDC
438,0.7838298366343232,932349324.6641109,141,S4_twin_shock_cex_intervention,indonesia,USDC
439,0.7839129124032704,909040591.5475082,141,S4_twin_shock_cex_intervention,indonesia,USDC
440,0.7850526864831149,886314576.7588205,141,S4_twin_shock_cex_intervention,indonesia,USDC
441,0.7520225482461868,864156712.33985,141,S4_twin_shock_cex_intervention,indonesia,USDC
442,0.772534874722394,842552794.5313537,141,S4_twin_shock_cex_intervention,indonesia,USDC
443,0.7696737146249801,821488974.6680698,141,S4_twin_shock_cex_intervention,indonesia,USDC
444,0.7858887739157652,800951750.3013681,141,S4_twin_shock_cex_intervention,indonesia,USDC
445,0.8103277693934454,780927956.543834,141,S4_twin_shock_cex_intervention,indonesia,USDC
446,0.7894741507976994,761404757.630238,141,S4_twin_shock_cex_intervention,indonesia,USDC
447,0.8128104652327957,742369638.6894822,141,S4_twin_shock_cex_intervention,indonesia,USDC
448,0.8034792817831008,723810397.7222451,141,S4_twin_shock_cex_intervention,indonesia,USDC
449,0.8022266787136992,705715137.779189,141,S4_twin_shock_cex_intervention,indonesia,USDC
450,0.8136161171257145,688072259.3347092,141,S4_twin_shock_cex_intervention,indonesia,USDC
451,0.8131165548557076,670870452.8513415,141,S4_twin_shock_cex_intervention,indonesia,USDC
452,0.8349375624408166,654098691.530058,141,S4_twin_shock_cex_intervention,indonesia,USDC
453,0.8422921337858135,637746224.2418066,141,S4_twin_shock_cex_intervention,indonesia,USDC
454,0.8571837012702594,621802568.6357615,141,S4_twin_shock_cex_intervention,indonesia,USDC
455,0.8736023035512388,606257504.4198674,141,S4_twin_shock_cex_intervention,indonesia,USDC
456,0.8572508374958676,591101066.8093708,141,S4_twin_shock_cex_intervention,indonesia,USDC
457,0.8283892452487972,576323540.1391364,141,S4_twin_shock_cex_intervention,indonesia,USDC
458,0.8287227136300628,561915451.635658,141,S4_twin_shock_cex_intervention,indonesia,USDC
459,0.8176424489773109,547867565.3447666,141,S4_twin_shock_cex_intervention,indonesia,USDC
460,0.7986515113961543,534170876.2111474,141,S4_twin_shock_cex_intervention,indonesia,USDC
461,0.7780400571852334,520816604.30586874,141,S4_twin_shock_cex_intervention,indonesia,USDC
462,0.8059159308972977,507796189.19822204,141,S4_twin_shock_cex_intervention,indonesia,USDC
463,0.8230238525446071,495101284.4682665,141,S4_twin_shock_cex_intervention,indonesia,USDC
464,0.8184931308026486,482723752.35655975,141,S4_twin_shock_cex_intervention,indonesia,USDC
465,0.8332200321059924,470655658.5476458,141,S4_twin_shock_cex_intervention,indonesia,USDC
466,0.8266788088958135,458889267.0839547,141,S4_twin_shock_cex_intervention,indonesia,USDC
467,0.8192661164321686,447417035.4068557,141,S4_twin_shock_cex_intervention,indonesia,USDC
468,0.8360940104622391,436231609.52168435,141,S4_twin_shock_cex_intervention,indonesia,USDC
469,0.8344783785117263,425325819.2836423,141,S4_twin_shock_cex_intervention,indonesia,USDC
470,0.7755178005981541,414692673.8015512,141,S4_twin_shock_cex_intervention,indonesia,USDC
471,0.7851065956323056,404325356.95651245,141,S4_twin_shock_cex_intervention,indonesia,USDC
472,0.7946852798012267,394217223.0325996,141,S4_twin_shock_cex_intervention,indonesia,USDC
473,0.8271642539272326,384361792.45678467,141,S4_twin_shock_cex_intervention,indonesia,USDC
474,0.8331325818202749,374752747.64536506,141,S4_twin_shock_cex_intervention,indonesia,USDC
475,0.8365589133924576,365383928.9542309,141,S4_twin_shock_cex_intervention,indonesia,USDC
476,0.8471680848873298,356249330.7303752,141,S4_twin_shock_cex_intervention,indonesia,USDC
477,0.8557672698465019,347343097.46211576,141,S4_twin_shock_cex_intervention,indonesia,USDC
478,0.8610555838285251,338659520.0255629,141,S4_twin_shock_cex_intervention,indonesia,USDC
479,0.8385260944620109,330193032.0249238,141,S4_twin_shock_cex_intervention,indonesia,USDC
480,0.8297269215305735,321938206.22430074,141,S4_twin_shock_cex_intervention,indonesia,USDC
481,0.8211641840680989,313889751.0686932,141,S4_twin_shock_cex_intervention,indonesia,USDC
482,0.790816692547652,306042507.29197586,141,S4_twin_shock_cex_intervention,indonesia,USDC
483,0.7927549436443679,298391444.6096765,141,S4_twin_shock_cex_intervention,indonesia,USDC
484,0.8006993461841924,290931658.4944346,141,S4_twin_shock_cex_intervention,indonesia,USDC
485,0.800383040685041,283658367.03207374,141,S4_twin_shock_cex_intervention,indonesia,USDC
486,0.8388168203212386,276566907.85627186,141,S4_twin_shock_cex_intervention,indonesia,USDC
487,0.8299653948856477,269652735.159865,141,S4_twin_shock_cex_intervention,indonesia,USDC
488,0.842956488413019,262911416.7808684,141,S4_twin_shock_cex_intervention,indonesia,USDC
489,0.847352363885327,256338631.3613467,141,S4_twin_shock_cex_intervention,indonesia,USDC
490,0.8618385285932469,249930165.577313,141,S4_twin_shock_cex_intervention,indonesia,USDC
491,0.8748614407178273,243681911.43788022,141,S4_twin_shock_cex_intervention,indonesia,USDC
492,0.8986248171035406,237589863.65193322,141,S4_twin_shock_cex_intervention,indonesia,USDC
493,0.8675903314933964,231650117.06063488,141,S4_twin_shock_cex_intervention,indonesia,USDC
494,0.8654517084970202,225858864.13411903,141,S4_twin_shock_cex_intervention,indonesia,USDC
495,0.8532082818868868,220212392.530766,141,S4_twin_shock_cex_intervention,indonesia,USDC
496,0.8397796834749823,214707082.71749687,141,S4_twin_shock_cex_intervention,indonesia,USDC
497,0.8188155494421576,209339405.64955944,141,S4_twin_shock_cex_intervention,indonesia,USDC
498,0.8252491392756247,204105920.50832045,141,S4_twin_shock_cex_intervention,indonesia,USDC
499,0.8090589314281812,199003272.49561247,141,S4_twin_shock_cex_intervention,indonesia,USDC
500,0.815475693451031,194028190.68322214,141,S4_twin_shock_cex_intervention,indonesia,USDC
501,0.8203210512223965,189177485.9161416,141,S4_twin_shock_cex_intervention,indonesia,USDC
502,0.8074524795230199,184448048.76823804,141,S4_twin_shock_cex_intervention,indonesia,USDC
503,0.8149987335767609,179836847.5490321,141,S4_twin_shock_cex_intervention,indonesia,USDC
504,0.7808299391919556,175340926.3603063,141,S4_twin_shock_cex_intervention,indonesia,USDC
505,0.806594197718196,170957403.20129862,141,S4_twin_shock_cex_intervention,indonesia,USDC
506,0.7930716689933693,166683468.1212662,141,S4_twin_shock_cex_intervention,indonesia,USDC
507,0.7933150846078297,162516381.41823453,141,S4_twin_shock_cex_intervention,indonesia,USDC
508,0.7779264645364808,158453471.88277864,141,S4_twin_shock_cex_intervention,indonesia,USDC
509,0.7959593583787807,154492135.08570918,141,S4_twin_shock_cex_intervention,indonesia,USDC
510,0.8001693147162815,150629831.70856643,141,S4_twin_shock_cex_intervention,indonesia,USDC
511,0.8100776235246528,146864085.91585228,141,S4_twin_shock_cex_intervention,indonesia,USDC
512,0.7896516033849134,143192483.76795596,141,S4_twin_shock_cex_intervention,indonesia,USDC
513,0.7939822976363605,139612671.67375708,141,S4_twin_shock_cex_intervention,indonesia,USDC
514,0.7885370016189206,136122354.88191316,141,S4_twin_shock_cex_intervention,indonesia,USDC
515,0.7743675803433087,132719296.00986531,141,S4_twin_shock_cex_intervention,indonesia,USDC
516,0.7608176583760405,129401313.6096187,141,S4_twin_shock_cex_intervention,indonesia,USDC
517,0.764025610588431,126166280.76937822,141,S4_twin_shock_cex_intervention,indonesia,USDC
518,0.7568965464442219,123012123.75014375,141,S4_twin_shock_cex_intervention,indonesia,USDC
519,0.7551129279561504,119936820.65639016,141,S4_twin_shock_cex_intervention,indonesia,USDC
520,0.75981640984678,116938400.1399804,141,S4_twin_shock_cex_intervention,indonesia,USDC
521,0.7787182457455123,114014940.13648091,141,S4_twin_shock_cex_intervention,indonesia,USDC
522,0.7619903099463181,111164566.63306887,141,S4_twin_shock_cex_intervention,indonesia,USDC
523,0.759457589908033,108385452.46724215,141,S4_twin_shock_cex_intervention,indonesia,USDC
524,0.781294666365959,105675816.1555611,141,S4_twin_shock_cex_intervention,indonesia,USDC
525,0.783510621403027,103033920.75167209,141,S4_twin_shock_cex_intervention,indonesia,USDC
526,0.7843848247098021,100458072.73288026,141,S4_twin_shock_cex_intervention,indonesia,USDC
527,0.7837963975539466,97946620.91455826,141,S4_twin_shock_cex_intervention,indonesia,USDC
528,0.7676437398924766,95497955.3916943,141,S4_twin_shock_cex_intervention,indonesia,USDC
529,0.7782803948020377,93110506.50690195,141,S4_twin_shock_cex_intervention,indonesia,USDC
530,0.7748168405565645,90782743.8442294,141,S4_twin_shock_cex_intervention,indonesia,USDC
531,0.7929082381576956,88513175.24812368,141,S4_twin_shock_cex_intervention,indonesia,USDC
532,0.7989363544609249,86300345.86692058,141,S4_twin_shock_cex_intervention,indonesia,USDC
533,0.789712877930525,84142837.22024755,141,S4_twin_shock_cex_intervention,indonesia,USDC
534,0.8146672429899985,82039266.28974137,141,S4_twin_shock_cex_intervention,indonesia,USDC
535,0.8226989822012137,79988284.63249783,141,S4_twin_shock_cex_intervention,indonesia,USDC
536,0.8084283533293407,77988577.5166854,141,S4_twin_shock_cex_intervention,indonesia,USDC
537,0.8045100113647213,76038863.07876825,141,S4_twin_shock_cex_intervention,indonesia,USDC
538,0.7902575057008014,74137891.50179905,141,S4_twin_shock_cex_intervention,indonesia,USDC
539,0.7985460999254564,72284444.21425408,141,S4_twin_shock_cex_intervention,indonesia,USDC
540,0.7942014205752564,70477333.10889772,141,S4_twin_shock_cex_intervention,indonesia,USDC
541,0.7635564390839765,68715399.78117529,141,S4_twin_shock_cex_intervention,indonesia,USDC
542,0.7583975392117925,66997514.7866459,141,S4_twin_shock_cex_intervention,indonesia,USDC
543,0.7611632248240002,65322576.916979745,141,S4_twin_shock_cex_intervention,indonesia,USDC
544,0.7699685779321294,63689512.494055256,141,S4_twin_shock_cex_intervention,indonesia,USDC
545,0.768452288607297,62097274.68170387,141,S4_twin_shock_cex_intervention,indonesia,USDC
546,0.7582777052403684,60544842.81466128,141,S4_twin_shock_cex_intervention,indonesia,USDC
547,0.770180695200391,59031221.74429475,141,S4_twin_shock_cex_intervention,indonesia,USDC
548,0.7857156661526601,57555441.20068738,141,S4_twin_shock_cex_intervention,indonesia,USDC
549,0.7593954751309845,56116555.1706702,141,S4_twin_shock_cex_intervention,indonesia,USDC
550,0.7440870873281941,54713641.29140344,141,S4_twin_shock_cex_intervention,indonesia,USDC
551,0.7451720897116377,53345800.25911835,141,S4_twin_shock_cex_intervention,indonesia,USDC
552,0.7711119045257829,52012155.2526404,141,S4_twin_shock_cex_intervention,indonesia,USDC
553,0.7764916283743601,50711851.37132438,141,S4_twin_shock_cex_intervention,indonesia,USDC
554,0.7795467674447266,49444055.08704127,141,S4_twin_shock_cex_intervention,indonesia,USDC
555,0.7638444038592569,48207953.70986524,141,S4_twin_shock_cex_intervention,indonesia,USDC
556,0.7728058284939862,47002754.867118604,141,S4_twin_shock_cex_intervention,indonesia,USDC
557,0.7763897507586822,45827685.99544065,141,S4_twin_shock_cex_intervention,indonesia,USDC
558,0.7513075013045226,44681993.84555463,141,S4_twin_shock_cex_intervention,indonesia,USDC
559,0.7708891202635842,43564943.99941576,141,S4_twin_shock_cex_intervention,indonesia,USDC
560,0.7757792983359519,42475820.399430364,141,S4_twin_shock_cex_intervention,indonesia,USDC
561,0.7670624034255634,41413924.889444605,141,S4_twin_shock_cex_intervention,indonesia,USDC
562,0.7612597409464158,40378576.76720849,141,S4_twin_shock_cex_intervention,indonesia,USDC
563,0.7344687540723533,39369112.34802827,141,S4_twin_shock_cex_intervention,indonesia,USDC
564,0.7455347710282582,38384884.53932757,141,S4_twin_shock_cex_intervention,indonesia,USDC
565,0.7431378709295025,37425262.42584438,141,S4_twin_shock_cex_intervention,indonesia,USDC
566,0.7976122196964693,36489630.86519827,141,S4_twin_shock_cex_intervention,indonesia,USDC
567,0.8112266589173567,35577390.09356832,141,S4_twin_shock_cex_intervention,indonesia,USDC
568,0.8231214159728831,34687955.3412291,141,S4_twin_shock_cex_intervention,indonesia,USDC
569,0.8101224240589769,33820756.457698375,141,S4_twin_shock_cex_intervention,indonesia,USDC
570,0.8108112572067385,32975237.54625592,141,S4_twin_shock_cex_intervention,indonesia,USDC
571,0.8034454909241965,32150856.60759952,141,S4_twin_shock_cex_intervention,indonesia,USDC
572,0.8278991395370471,31347085.19240953,141,S4_twin_shock_cex_intervention,indonesia,USDC
573,0.8429280055151701,30563408.062599298,141,S4_twin_shock_cex_intervention,indonesia,USDC
574,0.8437645106109407,29799322.861034315,141,S4_twin_shock_cex_intervention,indonesia,USDC
575,0.8302470741889907,29054339.78950846,141,S4_twin_shock_cex_intervention,indonesia,USDC
576,0.8055628307632502,28327981.294770747,141,S4_twin_shock_cex_intervention,indonesia,USDC
577,0.7966048132490537,27619781.762401477,141,S4_twin_shock_cex_intervention,indonesia,USDC
578,0.8076945059833567,26929287.21834144,141,S4_twin_shock_cex_intervention,indonesia,USDC
579,0.7887084638502077,26256055.0378829,141,S4_twin_shock_cex_intervention,indonesia,USDC
580,0.7806225305048458,25599653.66193583,141,S4_twin_shock_cex_intervention,indonesia,USDC
581,0.7635788223659989,24959662.320387434,141,S4_twin_shock_cex_intervention,indonesia,USDC
582,0.748694392992669,24335670.762377746,141,S4_twin_shock_cex_intervention,indonesia,USDC
583,0.7613750347335292,23727278.993318304,141,S4_twin_shock_cex_intervention,indonesia,USDC
584,0.7484800386839423,23134097.018485345,141,S4_twin_shock_cex_intervention,indonesia,USDC
585,0.7450634779501331,22555744.59302321,141,S4_twin_shock_cex_intervention,indonesia,USDC
586,0.7063375967458027,21991850.978197634,141,S4_twin_shock_cex_intervention,indonesia,USDC
587,0.7034043661569755,21442054.70374269,141,S4_twin_shock_cex_intervention,indonesia,USDC
588,0.7073110480320473,20906003.336149126,141,S4_twin_shock_cex_intervention,indonesia,USDC
589,0.7141395831661302,20383353.252745397,141,S4_twin_shock_cex_intervention,indonesia,USDC
590,0.7647560181476211,19873769.421426762,141,S4_twin_shock_cex_intervention,indonesia,USDC
591,0.7372841059608313,19376925.18589109,141,S4_twin_shock_cex_intervention,indonesia,USDC
592,0.7460743416027368,18892502.056243815,141,S4_twin_shock_cex_intervention,indonesia,USDC
593,0.7682244853717716,18420189.504837718,141,S4_twin_shock_cex_intervention,indonesia,USDC
594,0.7716254910263898,17959684.767216776,141,S4_twin_shock_cex_intervention,indonesia,USDC
595,0.7700674361239319,17510692.648036357,141,S4_twin_shock_cex_intervention,indonesia,USDC
596,0.7776851805340733,17072925.33183545,141,S4_twin_shock_cex_intervention,indonesia,USDC
597,0.7561431786334728,16646102.19853956,141,S4_twin_shock_cex_intervention,indonesia,USDC
598,0.7425087204769365,16229949.643576073,141,S4_twin_shock_cex_intervention,indonesia,USDC
599,0.7535683876407538,15824200.90248667,141,S4_twin_shock_cex_intervention,indonesia,USDC
600,0.7794282145974442,15428595.879924502,141,S4_twin_shock_cex_intervention,indonesia,USDC
601,0.77343391107365,15042880.982926393,141,S4_twin_shock_cex_intervention,indonesia,USDC
602,0.78044854923404,14666808.958353233,141,S4_twin_shock_cex_intervention,indonesia,USDC
603,0.8151734386791998,14300138.734394401,141,S4_twin_shock_cex_intervention,indonesia,USDC
604,0.816851856058426,13942635.266034544,141,S4_twin_shock_cex_intervention,indonesia,USDC
605,0.8018124697018614,13594069.384383678,141,S4_twin_shock_cex_intervention,indonesia,USDC
606,0.8174136459322608,13254217.649774086,141,S4_twin_shock_cex_intervention,indonesia,USDC
607,0.8206807774794151,12922862.208529735,141,S4_twin_shock_cex_intervention,indonesia,USDC
608,0.8155162480011764,12599790.65331649,141,S4_twin_shock_cex_intervention,indonesia,USDC
609,0.8350959738538365,12284795.886983579,141,S4_twin_shock_cex_intervention,indonesia,USDC
610,0.830044002876298,11977675.98980899,141,S4_twin_shock_cex_intervention,indonesia,USDC
611,0.8241628787754084,11678234.090063766,141,S4_twin_shock_cex_intervention,indonesia,USDC
612,0.8201282356753339,11386278.23781217,141,S4_twin_shock_cex_intervention,indonesia,USDC
613,0.8265682963258228,11101621.281866867,141,S4_twin_shock_cex_intervention,indonesia,USDC
614,0.8132678294717212,10824080.749820195,141,S4_twin_shock_cex_intervention,indonesia,USDC
615,0.8029922136161005,10553478.73107469,141,S4_twin_shock_cex_intervention,indonesia,USDC
616,0.8051158998844528,10289641.762797821,141,S4_twin_shock_cex_intervention,indonesia,USDC
617,0.8281821803825409,10032400.718727877,141,S4_twin_shock_cex_intervention,indonesia,USDC
618,0.8202988530373082,9781590.70075968,141,S4_twin_shock_cex_intervention,indonesia,USDC
619,0.8204729745906733,9537050.933240687,141,S4_twin_shock_cex_intervention,indonesia,USDC
620,0.7934411841020605,9298624.659909671,141,S4_twin_shock_cex_intervention,indonesia,USDC
621,0.8080633512418905,9066159.04341193,141,S4_twin_shock_cex_intervention,indonesia,USDC
622,0.7813615512136316,8839505.06732663,141,S4_twin_shock_cex_intervention,indonesia,USDC
623,0.7657600319941162,8618517.440643465,141,S4_twin_shock_cex_intervention,indonesia,USDC
624,0.7445391708274454,8403054.504627377,141,S4_twin_shock_cex_intervention,indonesia,USDC
625,0.7318086843149921,8192978.142011694,141,S4_twin_shock_cex_intervention,indonesia,USDC
626,0.7524324372686302,7988153.688461401,141,S4_twin_shock_cex_intervention,indonesia,USDC
627,0.7580601682737536,7788449.846249865,141,S4_twin_shock_cex_intervention,indonesia,USDC
628,0.7742319782175577,7593738.600093619,141,S4_twin_shock_cex_intervention,indonesia,USDC
629,0.786775715160354,7403895.135091279,141,S4_twin_shock_cex_intervention,indonesia,USDC
630,0.8051311630846036,7218797.756713997,141,S4_twin_shock_cex_intervention,indonesia,USDC
631,0.7744469884285539,7038327.812796146,141,S4_twin_shock_cex_intervention,indonesia,USDC
632,0.7554457039103056,6862369.617476242,141,S4_twin_shock_cex_intervention,indonesia,USDC
633,0.7370480047831611,6690810.377039336,141,S4_twin_shock_cex_intervention,indonesia,USDC
634,0.7397304991319328,6523540.117613353,141,S4_twin_shock_cex_intervention,indonesia,USDC
635,0.7756282273372694,6360451.61467302,141,S4_twin_shock_cex_intervention,indonesia,USDC
636,0.7862620247941594,6201440.324306194,141,S4_twin_shock_cex_intervention,indonesia,USDC
637,0.7907332486484702,6046404.31619854,141,S4_twin_shock_cex_intervention,indonesia,USDC
638,0.7738323832104737,5895244.208293576,141,S4_twin_shock_cex_intervention,indonesia,USDC
639,0.7745379565767465,5747863.103086237,141,S4_twin_shock_cex_intervention,indonesia,USDC
640,0.6738162264755673,5604166.525509081,141,S4_twin_shock_cex_intervention,indonesia,USDC
641,0.690145340203482,5464062.362371354,141,S4_twin_shock_cex_intervention,indonesia,USDC
642,0.7054231818486097,5327460.803312071,141,S4_twin_shock_cex_intervention,indonesia,USDC
643,0.713335474325382,5194274.283229268,141,S4_twin_shock_cex_intervention,indonesia,USDC
644,0.7391779684547086,5064417.426148538,141,S4_twin_shock_cex_intervention,indonesia,USDC
645,0.7724434429253053,4937806.990494823,141,S4_twin_shock_cex_intervention,indonesia,USDC
646,0.7741512496736509,4814361.815732453,141,S4_twin_shock_cex_intervention,indonesia,USDC
647,0.7972939143074852,4694002.770339142,141,S4_twin_shock_cex_intervention,indonesia,USDC
648,0.8137376273294179,4576652.701080663,141,S4_twin_shock_cex_intervention,indonesia,USDC
649,0.8135215047044684,4462236.3835536465,141,S4_twin_shock_cex_intervention,indonesia,USDC
650,0.8272098754661559,4350680.473964805,141,S4_twin_shock_cex_intervention,indonesia,USDC
651,0.8403069729502363,4241913.462115685,141,S4_twin_shock_cex_intervention,indonesia,USDC
652,0.834010460820317,4135865.625562793,141,S4_twin_shock_cex_intervention,indonesia,USDC
653,0.7885123596922107,4032468.984923723,141,S4_twin_shock_cex_intervention,indonesia,USDC
654,0.7719768142328556,3931657.26030063,141,S4_twin_shock_cex_intervention,indonesia,USDC
655,0.7783862897466763,3833365.828793114,141,S4_twin_shock_cex_intervention,indonesia,USDC
656,0.7907916879821746,3737531.683073287,141,S4_twin_shock_cex_intervention,indonesia,USDC
657,0.7873089251834133,3644093.3909964543,141,S4_twin_shock_cex_intervention,indonesia,USDC
658,0.7742200177131701,3552991.056221543,141,S4_twin_shock_cex_intervention,indonesia,USDC
659,0.7725006087111285,3464166.279816004,141,S4_twin_shock_cex_intervention,indonesia,USDC
660,0.7588390723960011,3377562.1228206037,141,S4_twin_shock_cex_intervention,indonesia,USDC
661,0.757391190121987,3293123.069750089,141,S4_twin_shock_cex_intervention,indonesia,USDC
662,0.7674259863045994,3210794.993006337,141,S4_twin_shock_cex_intervention,indonesia,USDC
663,0.7639505310729078,3130525.1181811783,141,S4_twin_shock_cex_intervention,indonesia,USDC
664,0.7728574945208528,3052261.9902266487,141,S4_twin_shock_cex_intervention,indonesia,USDC
665,0.7827718910867754,2975955.4404709823,141,S4_twin_shock_cex_intervention,indonesia,USDC
666,0.7704143162011328,2901556.5544592077,141,S4_twin_shock_cex_intervention,indonesia,USDC
667,0.7903168403769959,2829017.6405977276,141,S4_twin_shock_cex_intervention,indonesia,USDC
668,0.802777767686631,2758292.1995827844,141,S4_twin_shock_cex_intervention,indonesia,USDC
669,0.7982558106334333,2689334.894593215,141,S4_twin_shock_cex_intervention,indonesia,USDC
670,0.8083910064803248,2622101.5222283844,141,S4_twin_shock_cex_intervention,indonesia,USDC
671,0.8177026950330846,2556548.984172675,141,S4_twin_shock_cex_intervention,indonesia,USDC
672,0.8194775969519024,2492635.259568358,141,S4_twin_shock_cex_intervention,indonesia,USDC
673,0.7181549047962343,2430319.3780791494,141,S4_twin_shock_cex_intervention,indonesia,USDC
674,0.7366873444519955,2369561.3936271705,141,S4_twin_shock_cex_intervention,indonesia,USDC
675,0.734568043655991,2310322.3587864907,141,S4_twin_shock_cex_intervention,indonesia,USDC
676,0.7447496712348515,2252564.299816829,141,S4_twin_shock_cex_intervention,indonesia,USDC
677,0.7446254651444478,2196250.192321408,141,S4_twin_shock_cex_intervention,indonesia,USDC
678,0.7655128778426852,2141343.937513373,141,S4_twin_shock_cex_intervention,indonesia,USDC
679,0.7636281695515048,2087810.3390755386,141,S4_twin_shock_cex_intervention,indonesia,USDC
680,0.7765310115501289,2035615.08059865,141,S4_twin_shock_cex_intervention,indonesia,USDC
681,0.7708353140405413,1984724.7035836838,141,S4_twin_shock_cex_intervention,indonesia,USDC
682,0.7742451976739974,1935106.5859940918,141,S4_twin_shock_cex_intervention,indonesia,USDC
683,0.7468248608466382,1886728.9213442393,141,S4_twin_shock_cex_intervention,indonesia,USDC
684,0.7426270436123721,1839560.6983106334,141,S4_twin_shock_cex_intervention,indonesia,USDC
685,0.740359251844086,1793571.6808528677,141,S4_twin_shock_cex_intervention,indonesia,USDC
686,0.7307019767244755,1748732.388831546,141,S4_twin_shock_cex_intervention,indonesia,USDC
687,0.7362569748678487,1705014.079110757,141,S4_twin_shock_cex_intervention,indonesia,USDC
688,0.752763922585943,1662388.7271329884,141,S4_twin_shock_cex_intervention,indonesia,USDC
689,0.7714286745153905,1620829.0089546638,141,S4_twin_shock_cex_intervention,indonesia,USDC
690,0.7744766230672419,1580308.283730797,141,S4_twin_shock_cex_intervention,indonesia,USDC
691,0.7817886469986687,1540800.576637527,141,S4_twin_shock_cex_intervention,indonesia,USDC
692,0.761196082912741,1502280.5622215888,141,S4_twin_shock_cex_intervention,indonesia,USDC
693,0.7748011187398481,1464723.5481660492,141,S4_twin_shock_cex_intervention,indonesia,USDC
694,0.7564121808412918,1428105.4594618978,141,S4_twin_shock_cex_intervention,indonesia,USDC
695,0.7318563118742356,1392402.8229753505,141,S4_twin_shock_cex_intervention,indonesia,USDC
696,0.732553254772802,1357592.7524009666,141,S4_twin_shock_cex_intervention,indonesia,USDC
697,0.7321466541404239,1323652.9335909425,141,S4_twin_shock_cex_intervention,indonesia,USDC
698,0.7477604844820147,1290561.610251169,141,S4_twin_shock_cex_intervention,indonesia,USDC
699,0.7601326898594851,1258297.5699948897,141,S4_twin_shock_cex_intervention,indonesia,USDC
700,0.7739187082611568,1226840.1307450174,141,S4_twin_shock_cex_intervention,indonesia,USDC
701,0.7699393112419007,1196169.1274763918,141,S4_twin_shock_cex_intervention,indonesia,USDC
702,0.7628388112009218,1166264.8992894823,141,S4_twin_shock_cex_intervention,indonesia,USDC
703,0.7752482047668083,1137108.276807245,141,S4_twin_shock_cex_intervention,indonesia,USDC
704,0.7686444749178905,1108680.569887064,141,S4_twin_shock_cex_intervention,indonesia,USDC
705,0.7355350365760863,1080963.5556398875,141,S4_twin_shock_cex_intervention,indonesia,USDC
706,0.7548496450542563,1053939.4667488905,141,S4_twin_shock_cex_intervention,indonesia,USDC
707,0.7536188355990958,1027590.980080168,141,S4_twin_shock_cex_intervention,indonesia,USDC
708,0.7578544883141537,1001901.2055781637,141,S4_twin_shock_cex_intervention,indonesia,USDC
709,0.7540595258500681,976853.6754387098,141,S4_twin_shock_cex_intervention,indonesia,USDC
710,0.7446358855257437,952432.3335527419,141,S4_twin_shock_cex_intervention,indonesia,USDC
711,0.7466206443869288,928621.5252139234,141,S4_twin_shock_cex_intervention,indonesia,USDC
712,0.7560891508762623,905405.9870835752,141,S4_twin_shock_cex_intervention,indonesia,USDC
713,0.7592817918974478,882770.8374064859,141,S4_twin_shock_cex_intervention,indonesia,USDC
714,0.7389554976007446,860701.5664713238,141,S4_twin_shock_cex_intervention,indonesia,USDC
715,0.7439403420303516,839184.0273095407,141,S4_twin_shock_cex_intervention,indonesia,USDC
716,0.7494593321226144,818204.4266268022,141,S4_twin_shock_cex_intervention,indonesia,USDC
717,0.7677823064616425,797749.3159611322,141,S4_twin_shock_cex_intervention,indonesia,USDC
718,0.7692324018196597,777805.5830621038,141,S4_twin_shock_cex_intervention,indonesia,USDC
719,0.7837322542872082,758360.4434855513,141,S4_twin_shock_cex_intervention,indonesia,USDC
720,0.7797274033586528,739401.4323984125,141,S4_twin_shock_cex_intervention,indonesia,USDC
721,0.8006588905942904,720916.3965884522,141,S4_twin_shock_cex_intervention,indonesia,USDC
722,0.8006927041084646,702893.4866737409,141,S4_twin_shock_cex_intervention,indonesia,USDC
723,0.8024326649687205,685321.1495068973,141,S4_twin_shock_cex_intervention,indonesia,USDC
724,0.7960051526161258,668188.1207692248,141,S4_twin_shock_cex_intervention,indonesia,USDC
725,0.7699900667184801,651483.4177499942,141,S4_twin_shock_cex_intervention,indonesia,USDC
726,0.7827624367367856,635196.3323062443,141,S4_twin_shock_cex_intervention,indonesia,USDC
727,0.7979811055019569,619316.4239985882,141,S4_twin_shock_cex_intervention,indonesia,USDC
728,0.7787747776279806,603833.5133986236,141,S4_twin_shock_cex_intervention,indonesia,USDC
729,0.7672822441221134,588737.6755636579,141,S4_twin_shock_cex_intervention,indonesia,USDC
730,0.7703509950105655,574019.2336745665,141,S4_twin_shock_cex_intervention,indonesia,USDC
731,0.7881136289533546,559668.7528327022,141,S4_twin_shock_cex_intervention,indonesia,USDC
732,0.8161027166790741,545677.0340118848,141,S4_twin_shock_cex_intervention,indonesia,USDC
733,0.7774005414370205,532035.1081615876,141,S4_twin_shock_cex_intervention,indonesia,USDC
734,0.7834258838785008,518734.23045754794,141,S4_twin_shock_cex_intervention,indonesia,USDC
735,0.7730351736739687,505765.8746961092,141,S4_twin_shock_cex_intervention,indonesia,USDC
736,0.7714940542442416,493121.7278287065,141,S4_twin_shock_cex_intervention,indonesia,USDC
737,0.754898030811774,480793.6846329889,141,S4_twin_shock_cex_intervention,indonesia,USDC
738,0.7585702273097374,468773.8425171641,141,S4_twin_shock_cex_intervention,indonesia,USDC
739,0.7496896656989891,457054.49645423505,141,S4_twin_shock_cex_intervention,indonesia,USDC
740,0.7423136744878317,445628.1340428791,141,S4_twin_shock_cex_intervention,indonesia,USDC
741,0.7556996794507431,434487.4306918072,141,S4_twin_shock_cex_intervention,indonesia,USDC
742,0.7524950972258602,423625.244924512,141,S4_twin_shock_cex_intervention,indonesia,USDC
743,0.7589084958888128,413034.6138013992,141,S4_twin_shock_cex_intervention,indonesia,USDC
744,0.7553255728362994,402708.74845636415,141,S4_twin_shock_cex_intervention,indonesia,USDC
745,0.7361831334846552,392641.0297449551,141,S4_twin_shock_cex_intervention,indonesia,USDC
746,0.7406580524638163,382825.0040013312,141,S4_twin_shock_cex_intervention,indonesia,USDC
747,0.765471363719149,373254.3789012979,141,S4_twin_shock_cex_intervention,indonesia,USDC
748,0.7566011905341614,363923.0194287655,141,S4_twin_shock_cex_intervention,indonesia,USDC
749,0.7519309473666118,354824.9439430464,141,S4_twin_shock_cex_intervention,indonesia,USDC
750,0.780086695879114,345954.3203444702,141,S4_twin_shock_cex_intervention,indonesia,USDC
751,0.7622239650393674,337305.46233585844,141,S4_twin_shock_cex_intervention,indonesia,USDC
752,0.7679585611932856,328872.825777462,141,S4_twin_shock_cex_intervention,indonesia,USDC
753,0.7838576954510226,320651.00513302546,141,S4_twin_shock_cex_intervention,indonesia,USDC
754,0.7722588992065633,312634.7300046998,141,S4_twin_shock_cex_intervention,indonesia,USDC
755,0.7930051395721976,304818.8617545823,141,S4_twin_shock_cex_intervention,indonesia,USDC
756,0.7902679905702864,297198.3902107178,141,S4_twin_shock_cex_intervention,indonesia,USDC
757,0.7958390742004179,289768.4304554498,141,S4_twin_shock_cex_intervention,indonesia,USDC
758,0.7814793061275086,282524.21969406353,141,S4_twin_shock_cex_intervention,indonesia,USDC
759,0.7708048104594678,275461.114201712,141,S4_twin_shock_cex_intervention,indonesia,USDC
760,0.7657403388254227,268574.5863466692,141,S4_twin_shock_cex_intervention,indonesia,USDC
761,0.7791271147062009,261860.22168800246,141,S4_twin_shock_cex_intervention,indonesia,USDC
762,0.7873428551426113,255313.7161458024,141,S4_twin_shock_cex_intervention,indonesia,USDC
763,0.8103889547851213,248930.87324215734,141,S4_twin_shock_cex_intervention,indonesia,USDC
764,0.8047420827123914,242707.6014111034,141,S4_twin_shock_cex_intervention,indonesia,USDC
765,0.8105164899419561,236639.91137582582,141,S4_twin_shock_cex_intervention,indonesia,USDC
766,0.8181473498948912,230723.91359143017,141,S4_twin_shock_cex_intervention,indonesia,USDC
767,0.8242755546426501,224955.8157516444,141,S4_twin_shock_cex_intervention,indonesia,USDC
768,0.8550620718146938,219331.9203578533,141,S4_twin_shock_cex_intervention,indonesia,USDC
769,0.8394207305110741,213848.62234890694,141,S4_twin_shock_cex_intervention,indonesia,USDC
770,0.819248021327996,208502.40679018426,141,S4_twin_shock_cex_intervention,indonesia,USDC
771,0.8012164695878308,203289.84662042966,141,S4_twin_shock_cex_intervention,indonesia,USDC
772,0.7913250642437097,198207.60045491892,141,S4_twin_shock_cex_intervention,indonesia,USDC
773,0.7875321050970104,193252.41044354596,141,S4_twin_shock_cex_intervention,indonesia,USDC
774,0.7742464182280047,188421.1001824573,141,S4_twin_shock_cex_intervention,indonesia,USDC
775,0.778022900755441,183710.57267789586,141,S4_twin_shock_cex_intervention,indonesia,USDC
776,0.8010473900142568,179117.80836094846,141,S4_twin_shock_cex_intervention,indonesia,USDC
777,0.7912214098824888,174639.86315192474,141,S4_twin_shock_cex_intervention,indonesia,USDC
778,0.7067444896009383,170273.86657312664,141,S4_twin_shock_cex_intervention,indonesia,USDC
779,0.7195658599692397,166017.01990879845,141,S4_twin_shock_cex_intervention,indonesia,USDC
780,0.7378044952411624,161866.59441107852,141,S4_twin_shock_cex_intervention,indonesia,USDC
781,0.7487096105908714,157819.92955080152,141,S4_twin_shock_cex_intervention,indonesia,USDC
782,0.7825147219803315,153874.4313120315,141,S4_twin_shock_cex_intervention,indonesia,USDC
783,0.7964567103149929,150027.5705292307,141,S4_twin_shock_cex_intervention,indonesia,USDC
784,0.7785603709286353,146276.88126599995,141,S4_twin_shock_cex_intervention,indonesia,USDC
785,0.7844418177529446,142619.95923434995,141,S4_twin_shock_cex_intervention,indonesia,USDC
786,0.7681527673409951,139054.46025349118,141,S4_twin_shock_cex_intervention,indonesia,USDC
787,0.7981181912965143,135578.0987471539,141,S4_twin_shock_cex_intervention,indonesia,USDC
788,0.810636706797366,132188.6462784751,141,S4_twin_shock_cex_intervention,indonesia,USDC
789,0.8108758885183627,128883.9301215132,141,S4_twin_shock_cex_intervention,indonesia,USDC
790,0.8230962212649666,125661.83186847536,141,S4_twin_shock_cex_intervention,indonesia,USDC
791,0.7886460303971863,122520.28607176346,141,S4_twin_shock_cex_intervention,indonesia,USDC
792,0.8028587524804469,119457.27891996938,141,S4_twin_shock_cex_intervention,indonesia,USDC
793,0.7977640985213431,116470.84694697015,141,S4_twin_shock_cex_intervention,indonesia,USDC
794,0.7763524413784735,113559.07577329589,141,S4_twin_shock_cex_intervention,indonesia,USDC
795,0.8123149929158535,110720.0988789635,141,S4_twin_shock_cex_intervention,indonesia,USDC
796,0.7745888902025142,107952.09640698941,141,S4_twin_shock_cex_intervention,indonesia,USDC
797,0.8025331712269035,105253.29399681467,141,S4_twin_shock_cex_intervention,indonesia,USDC
798,0.7958210068865703,102621.96164689428,141,S4_twin_shock_cex_intervention,indonesia,USDC
799,0.78392782340479,100056.41260572194,141,S4_twin_shock_cex_intervention,indonesia,USDC
800,0.7870651483635009,97555.00229057888,141,S4_twin_shock_cex_intervention,indonesia,USDC
801,0.7621604854302569,95116.12723331442,141,S4_twin_shock_cex_intervention,indonesia,USDC
802,0.7743828510609704,92738.22405248156,141,S4_twin_shock_cex_intervention,indonesia,USDC
803,0.7682161528319366,90419.76845116951,141,S4_twin_shock_cex_intervention,indonesia,USDC
804,0.7808593644591622,88159.27423989028,141,S4_twin_shock_cex_intervention,indonesia,USDC
805,0.7643890312999215,85955.29238389301,141,S4_twin_shock_cex_intervention,indonesia,USDC
806,0.7627577185888186,83806.4100742957,141,S4_twin_shock_cex_intervention,indonesia,USDC
807,0.7531356713375442,81711.2498224383,141,S4_twin_shock_cex_intervention,indonesia,USDC
808,0.7505870454010858,79668.46857687735,141,S4_twin_shock_cex_intervention,indonesia,USDC
809,0.7246238638887766,77676.75686245541,141,S4_twin_shock_cex_intervention,indonesia,USDC
810,0.746294565792788,75734.83794089402,141,S4_twin_shock_cex_intervention,indonesia,USDC
811,0.7408673682560992,73841.46699237167,141,S4_twin_shock_cex_intervention,indonesia,USDC
812,0.7481209143710625,71995.43031756238,141,S4_twin_shock_cex_intervention,indonesia,USDC
813,0.750253565930622,70195.54455962332,141,S4_twin_shock_cex_intervention,indonesia,USDC
814,0.7490077062159166,68440.65594563275,141,S4_twin_shock_cex_intervention,indonesia,USDC
815,0.7785936516471491,66729.63954699192,141,S4_twin_shock_cex_intervention,indonesia,USDC
816,0.7807372403875574,65061.398558317116,141,S4_twin_shock_cex_intervention,indonesia,USDC
817,0.775872199739017,63434.863594359194,141,S4_twin_shock_cex_intervention,indonesia,USDC
818,0.8166385735069224,61848.99200450022,141,S4_twin_shock_cex_intervention,indonesia,USDC
819,0.813814287259253,60302.76720438772,141,S4_twin_shock_cex_intervention,indonesia,USDC
820,0.8165537128037865,58795.19802427803,141,S4_twin_shock_cex_intervention,indonesia,USDC
821,0.8335988234855004,57325.318073671064,141,S4_twin_shock_cex_intervention,indonesia,USDC
822,0.8228185827047383,55892.18512182929,141,S4_twin_shock_cex_intervention,indonesia,USDC
823,0.8138908880507112,54494.88049378356,141,S4_twin_shock_cex_intervention,indonesia,USDC
824,0.8119851789073463,53132.50848143897,141,S4_twin_shock_cex_intervention,indonesia,USDC
825,0.78839586258563,51804.195769402984,141,S4_twin_shock_cex_intervention,indonesia,USDC
826,0.7734849196537363,50509.09087516791,141,S4_twin_shock_cex_intervention,indonesia,USDC
827,0.7679641825191952,49246.363603288715,141,S4_twin_shock_cex_intervention,indonesia,USDC
828,0.7993119117339557,48015.204513206496,141,S4_twin_shock_cex_intervention,indonesia,USDC
829,0.8006429156123199,46814.82440037633,141,S4_twin_shock_cex_intervention,indonesia,USDC
830,0.8013213219913423,45644.453790366926,141,S4_twin_shock_cex_intervention,indonesia,USDC
831,0.7950974187877128,44503.342445607756,141,S4_twin_shock_cex_intervention,indonesia,USDC
832,0.7929888168937391,43390.75888446756,141,S4_twin_shock_cex_intervention,indonesia,USDC
833,0.8218244876483316,42305.98991235587,141,S4_twin_shock_cex_intervention,indonesia,USDC
834,0.8297479616539574,41248.34016454697,141,S4_twin_shock_cex_intervention,indonesia,USDC
835,0.7453159688393302,40217.1316604333,141,S4_twin_shock_cex_intervention,indonesia,USDC
836,0.7567061074307018,39211.70336892246,141,S4_twin_shock_cex_intervention,indonesia,USDC
837,0.7458574784668006,38231.4107846994,141,S4_twin_shock_cex_intervention,indonesia,USDC
838,0.7387040292031309,37275.62551508192,141,S4_twin_shock_cex_intervention,indonesia,USDC
839,0.741549407800438,36343.73487720487,141,S4_twin_shock_cex_intervention,indonesia,USDC
840,0.7676174283617405,35435.141505274754,141,S4_twin_shock_cex_intervention,indonesia,USDC
841,0.7670594198697502,34549.262967642884,141,S4_twin_shock_cex_intervention,indonesia,USDC
842,0.8114929369385356,33685.53139345181,141,S4_twin_shock_cex_intervention,indonesia,USDC
843,0.7971394555486516,32843.39310861552,141,S4_twin_shock_cex_intervention,indonesia,USDC
844,0.8281177491202392,32022.30828090013,141,S4_twin_shock_cex_intervention,indonesia,USDC
845,0.8241825783379233,31221.75057387763,141,S4_twin_shock_cex_intervention,indonesia,USDC
846,0.8116867808823278,30441.206809530686,141,S4_twin_shock_cex_intervention,indonesia,USDC
847,0.8108505767706801,29680.17663929242,141,S4_twin_shock_cex_intervention,indonesia,USDC
848,0.7977075398961307,28938.17222331011,141,S4_twin_shock_cex_intervention,indonesia,USDC
849,0.7901726832561249,28214.717917727357,141,S4_twin_shock_cex_intervention,indonesia,USDC
850,0.7990730701606908,27509.349969784176,141,S4_twin_shock_cex_intervention,indonesia,USDC
851,0.7876036001218896,26821.616220539567,141,S4_twin_shock_cex_intervention,indonesia,USDC
852,0.7678417558547825,26151.07581502608,141,S4_twin_shock_cex_intervention,indonesia,USDC
853,0.7595375616573894,25497.298919650424,141,S4_twin_shock_cex_intervention,indonesia,USDC
854,0.7496865626221821,24859.86644665916,141,S4_twin_shock_cex_intervention,indonesia,USDC
855,0.7386041341921046,24238.369785492687,141,S4_twin_shock_cex_intervention,indonesia,USDC
856,0.7595996096253618,23632.410540855366,141,S4_twin_shock_cex_intervention,indonesia,USDC
857,0.7808541524794728,23041.600277333982,141,S4_twin_shock_cex_intervention,indonesia,USDC
858,0.7736862730952891,22465.560270400634,141,S4_twin_shock_cex_intervention,indonesia,USDC
859,0.7642266764618318,21903.921263640616,141,S4_twin_shock_cex_intervention,indonesia,USDC
860,0.7872700446102334,21356.323232049603,141,S4_twin_shock_cex_intervention,indonesia,USDC
861,0.8028154573475271,20822.415151248362,141,S4_twin_shock_cex_intervention,indonesia,USDC
862,0.8010785883575469,20301.85477246715,141,S4_twin_shock_cex_intervention,indonesia,USDC
863,0.7874538380573013,19794.30840315547,141,S4_twin_shock_cex_intervention,indonesia,USDC
864,0.776945634619096,19299.450693076586,141,S4_twin_shock_cex_intervention,indonesia,USDC
865,0.7763992773809608,18816.964425749673,141,S4_twin_shock_cex_intervention,indonesia,USDC
866,0.7822864147873247,18346.54031510593,141,S4_twin_shock_cex_intervention,indonesia,USDC
867,0.7854293025918437,17887.876807228284,141,S4_twin_shock_cex_intervention,indonesia,USDC
868,0.7966448298789316,17440.679887047576,141,S4_twin_shock_cex_intervention,indonesia,USDC
869,0.7801076031045259,17004.662889871386,141,S4_twin_shock_cex_intervention,indonesia,USDC
870,0.7775767414468455,16579.5463176246,141,S4_twin_shock_cex_intervention,indonesia,USDC
871,0.7860231159864707,16165.057659683986,141,S4_twin_shock_cex_intervention,indonesia,USDC
872,0.7972112363065303,15760.931218191887,141,S4_twin_shock_cex_intervention,indonesia,USDC
873,0.7902732954918888,15366.907937737089,141,S4_twin_shock_cex_intervention,indonesia,USDC
874,0.7908108520927712,14982.735239293663,141,S4_twin_shock_cex_intervention,indonesia,USDC
875,0.799925390562049,14608.166858311322,141,S4_twin_shock_cex_intervention,indonesia,USDC
876,0.793454201746999,14242.962686853538,141,S4_twin_shock_cex_intervention,indonesia,USDC
877,0.8041202636125632,13886.8886196822,141,S4_twin_shock_cex_intervention,indonesia,USDC
878,0.7947375910222968,13539.716404190145,141,S4_twin_shock_cex_intervention,indonesia,USDC
879,0.7923183522265383,13201.223494085392,141,S4_twin_shock_cex_intervention,indonesia,USDC
880,0.7836931380813408,12871.192906733257,141,S4_twin_shock_cex_intervention,indonesia,USDC
881,0.7839252412895596,12549.413084064925,141,S4_twin_shock_cex_intervention,indonesia,USDC
882,0.8401906473964956,12235.677756963301,141,S4_twin_shock_cex_intervention,indonesia,USDC
883,0.83835933184449,11929.78581303922,141,S4_twin_shock_cex_intervention,indonesia,USDC
884,0.8536463877403303,11631.54116771324,141,S4_twin_shock_cex_intervention,indonesia,USDC
885,0.8483814092982221,11340.752638520407,141,S4_twin_shock_cex_intervention,indonesia,USDC
886,0.8347752402819465,11057.233822557399,141,S4_twin_shock_cex_intervention,indonesia,USDC
887,0.8247397348939366,10780.802976993464,141,S4_twin_shock_cex_intervention,indonesia,USDC
888,0.8183512974812069,10511.282902568628,141,S4_twin_shock_cex_intervention,indonesia,USDC
889,0.8047504786421181,10248.500830004412,141,S4_twin_shock_cex_intervention,indonesia,USDC
890,0.7977462662118111,9992.288309254302,141,S4_twin_shock_cex_intervention,indonesia,USDC
891,0.821301001700519,9742.481101522944,141,S4_twin_shock_cex_intervention,indonesia,USDC
892,0.8375735211232317,9498.91907398487,141,S4_twin_shock_cex_intervention,indonesia,USDC
893,0.8316961059782897,9261.44609713525,141,S4_twin_shock_cex_intervention,indonesia,USDC
894,0.8261422105821155,9029.909944706867,141,S4_twin_shock_cex_intervention,indonesia,USDC
895,0.8374273411294927,8804.162196089195,141,S4_twin_shock_cex_intervention,indonesia,USDC
896,0.8102281079473729,8584.058141186966,141,S4_twin_shock_cex_intervention,indonesia,USDC
897,0.8190528328509922,8369.456687657292,141,S4_twin_shock_cex_intervention,indonesia,USDC
898,0.8419675506182366,8160.220270465858,141,S4_twin_shock_cex_intervention,indonesia,USDC
899,0.8427742922675732,7956.214763704213,141,S4_twin_shock_cex_intervention,indonesia,USDC
900,0.8525469568131835,7757.309394611607,141,S4_twin_shock_cex_intervention,indonesia,USDC
901,0.8305231575434683,7563.376659746316,141,S4_twin_shock_cex_intervention,indonesia,USDC
902,0.7999730733319975,7374.292243252659,141,S4_twin_shock_cex_intervention,indonesia,USDC
903,0.7977223968048831,7189.9349371713415,141,S4_twin_shock_cex_intervention,indonesia,USDC
904,0.8134776505268104,7010.186563742058,141,S4_twin_shock_cex_intervention,indonesia,USDC
905,0.8073207779264375,6834.931899648507,141,S4_twin_shock_cex_intervention,indonesia,USDC
906,0.8274176546351147,6664.058602157294,141,S4_twin_shock_cex_intervention,indonesia,USDC
907,0.8301104106681716,6497.457137103362,141,S4_twin_shock_cex_intervention,indonesia,USDC
908,0.8209179895558628,6335.020708675777,141,S4_twin_shock_cex_intervention,indonesia,USDC
909,0.818357105442291,6176.645190958883,141,S4_twin_shock_cex_intervention,indonesia,USDC
910,0.8400874662896234,6022.229061184911,141,S4_twin_shock_cex_intervention,indonesia,USDC
911,0.8566905998920239,5871.673334655288,141,S4_twin_shock_cex_intervention,indonesia,USDC
912,0.8591854364060341,5724.881501288906,141,S4_twin_shock_cex_intervention,indonesia,USDC
913,0.8377370662408965,5581.7594637566835,141,S4_twin_shock_cex_intervention,indonesia,USDC
914,0.8097934010999038,5442.215477162767,141,S4_twin_shock_cex_intervention,indonesia,USDC
915,0.8034096368129602,5306.160090233698,141,S4_twin_shock_cex_intervention,indonesia,USDC
916,0.8344216980139575,5173.506087977854,141,S4_twin_shock_cex_intervention,indonesia,USDC
917,0.8250834082068123,5044.168435778408,141,S4_twin_shock_cex_intervention,indonesia,USDC
918,0.8267467262869705,4918.064224883949,141,S4_twin_shock_cex_intervention,indonesia,USDC
919,0.8137994500768684,4795.112619261849,141,S4_twin_shock_cex_intervention,indonesia,USDC
920,0.8152197462049899,4675.234803780303,141,S4_twin_shock_cex_intervention,indonesia,USDC
921,0.8083739813665813,4558.353933685796,141,S4_twin_shock_cex_intervention,indonesia,USDC
922,0.8148855819459181,4444.395085343651,141,S4_twin_shock_cex_intervention,indonesia,USDC
923,0.8099691677646312,4333.28520821006,141,S4_twin_shock_cex_intervention,indonesia,USDC
924,0.8148672374631374,4224.953078004808,141,S4_twin_shock_cex_intervention,indonesia,USDC
925,0.8067674418544936,4119.329251054688,141,S4_twin_shock_cex_intervention,indonesia,USDC
926,0.8110709671588063,4016.3460197783206,141,S4_twin_shock_cex_intervention,indonesia,USDC
927,0.7905452149362362,3915.9373692838626,141,S4_twin_shock_cex_intervention,indonesia,USDC
928,0.7806612973295882,3818.038935051766,141,S4_twin_shock_cex_intervention,indonesia,USDC
929,0.7669141989920566,3722.587961675472,141,S4_twin_shock_cex_intervention,indonesia,USDC
930,0.798433037196685,3629.5232626335846,141,S4_twin_shock_cex_intervention,indonesia,USDC
931,0.786342557097038,3538.7851810677457,141,S4_twin_shock_cex_intervention,indonesia,USDC
932,0.7901206099478486,3450.3155515410517,141,S4_twin_shock_cex_intervention,indonesia,USDC
933,0.7953158583774628,3364.057662752525,141,S4_twin_shock_cex_intervention,indonesia,USDC
934,0.7856328524942596,3279.956221183712,141,S4_twin_shock_cex_intervention,indonesia,USDC
935,0.7904402495485361,3197.957315654119,141,S4_twin_shock_cex_intervention,indonesia,USDC
936,0.7976802178556981,3118.0083827627664,141,S4_twin_shock_cex_intervention,indonesia,USDC
937,0.7686728959118334,3040.0581731936973,141,S4_twin_shock_cex_intervention,indonesia,USDC
938,0.7529953919582446,2964.056718863855,141,S4_twin_shock_cex_intervention,indonesia,USDC
939,0.7413606133267902,2889.9553008922585,141,S4_twin_shock_cex_intervention,indonesia,USDC
940,0.7752544878427667,2817.706418369952,141,S4_twin_shock_cex_intervention,indonesia,USDC
941,0.779769050468697,2747.263757910703,141,S4_twin_shock_cex_intervention,indonesia,USDC
942,0.7851579744452529,2678.5821639629357,141,S4_twin_shock_cex_intervention,indonesia,USDC
943,0.7719591352912515,2611.617609863862,141,S4_twin_shock_cex_intervention,indonesia,USDC
944,0.7729219291762631,2546.327169617266,141,S4_twin_shock_cex_intervention,indonesia,USDC
945,0.7860106620106807,2482.6689903768342,141,S4_twin_shock_cex_intervention,indonesia,USDC
946,0.7808994045290902,2420.6022656174137,141,S4_twin_shock_cex_intervention,indonesia,USDC
947,0.7681457106411776,2360.087208976978,141,S4_twin_shock_cex_intervention,indonesia,USDC
948,0.7733559699997706,2301.0850287525536,141,S4_twin_shock_cex_intervention,indonesia,USDC
949,0.7910617612206059,2243.5579030337394,141,S4_twin_shock_cex_intervention,indonesia,USDC
950,0.7909920577565088,2187.4689554578963,141,S4_twin_shock_cex_intervention,indonesia,USDC
951,0.7990513745892995,2132.782231571449,141,S4_twin_shock_cex_intervention,indonesia,USDC
952,0.7937715954285501,2079.4626757821625,141,S4_twin_shock_cex_intervention,indonesia,USDC
953,0.7494733863076459,2027.4761088876085,141,S4_twin_shock_cex_intervention,indonesia,USDC
954,0.7881426484649334,1976.7892061654184,141,S4_twin_shock_cex_intervention,indonesia,USDC
955,0.794145347515651,1927.369476011283,141,S4_twin_shock_cex_intervention,indonesia,USDC
956,0.7724874328713088,1879.185239111001,141,S4_twin_shock_cex_intervention,indonesia,USDC
957,0.7762590837245421,1832.205608133226,141,S4_twin_shock_cex_intervention,indonesia,USDC
958,0.7813735401968953,1786.4004679298955,141,S4_twin_shock_cex_intervention,indonesia,USDC
959,0.7805815662922547,1741.7404562316478,141,S4_twin_shock_cex_intervention,indonesia,USDC
960,0.7871150462151446,1698.196944825857,141,S4_twin_shock_cex_intervention,indonesia,USDC
961,0.805678888734005,1655.7420212052107,141,S4_twin_shock_cex_intervention,indonesia,USDC
962,0.8411840056203961,1614.3484706750805,141,S4_twin_shock_cex_intervention,indonesia,USDC
963,0.8505313078639644,1573.9897589082034,141,S4_twin_shock_cex_intervention,indonesia,USDC
964,0.8503567763475198,1534.6400149354981,141,S4_twin_shock_cex_intervention,indonesia,USDC
965,0.8597155615590834,1496.2740145621108,141,S4_twin_shock_cex_intervention,indonesia,USDC
966,0.8453955848152697,1458.867164198058,141,S4_twin_shock_cex_intervention,indonesia,USDC
967,0.8248219941011314,1422.3954850931063,141,S4_twin_shock_cex_intervention,indonesia,USDC
968,0.852583941210639,1386.8355979657788,141,S4_twin_shock_cex_intervention,indonesia,USDC
969,0.8662221038577345,1352.1647080166344,141,S4_twin_shock_cex_intervention,indonesia,USDC
970,0.886618646527721,1318.3605903162183,141,S4_twin_shock_cex_intervention,indonesia,USDC
971,0.8618587893574234,1285.401575558313,141,S4_twin_shock_cex_intervention,indonesia,USDC
972,0.8514952999036858,1253.266536169355,141,S4_twin_shock_cex_intervention,indonesia,USDC
973,0.8569611353534433,1221.9348727651213,141,S4_twin_shock_cex_intervention,indonesia,USDC
974,0.8499365116190459,1191.3865009459932,141,S4_twin_shock_cex_intervention,indonesia,USDC
975,0.8386695277726504,1161.6018384223435,141,S4_twin_shock_cex_intervention,indonesia,USDC
976,0.7072026340329168,1132.561792461785,141,S4_twin_shock_cex_intervention,indonesia,USDC
977,0.714898961188943,1104.2477476502404,141,S4_twin_shock_cex_intervention,indonesia,USDC
978,0.7469030889500176,1076.6415539589843,141,S4_twin_shock_cex_intervention,indonesia,USDC
979,0.735259826851043,1049.7255151100098,141,S4_twin_shock_cex_intervention,indonesia,USDC
980,0.7193205747430472,1023.4823772322595,141,S4_twin_shock_cex_intervention,indonesia,USDC
981,0.724679354707371,997.8953178014531,141,S4_twin_shock_cex_intervention,indonesia,USDC
982,0.7546991797381842,972.9479348564166,141,S4_twin_shock_cex_intervention,indonesia,USDC
983,0.7654220073067274,948.6242364850063,141,S4_twin_shock_cex_intervention,indonesia,USDC
984,0.7428828714594127,924.9086305728811,141,S4_twin_shock_cex_intervention,indonesia,USDC
985,0.7425593624463187,901.785914808559,141,S4_twin_shock_cex_intervention,indonesia,USDC
986,0.7655248370568293,879.241266938345,141,S4_twin_shock_cex_intervention,indonesia,USDC
987,0.7433041870996561,857.2602352648864,141,S4_twin_shock_cex_intervention,indonesia,USDC
988,0.731965939804727,835.8287293832642,141,S4_twin_shock_cex_intervention,indonesia,USDC
989,0.7358290338904728,814.9330111486826,141,S4_twin_shock_cex_intervention,indonesia,USDC
990,0.7321873219530383,794.5596858699655,141,S4_twin_shock_cex_intervention,indonesia,USDC
991,0.7456751127196624,774.6956937232164,141,S4_twin_shock_cex_intervention,indonesia,USDC
992,0.7357219406177363,755.328301380136,141,S4_twin_shock_cex_intervention,indonesia,USDC
993,0.7600846804750658,736.4450938456325,141,S4_twin_shock_cex_intervention,indonesia,USDC
994,0.7494649461017946,718.0339664994917,141,S4_twin_shock_cex_intervention,indonesia,USDC
995,0.7790817499280013,700.0831173370045,141,S4_twin_shock_cex_intervention,indonesia,USDC
996,0.8035169473405304,682.5810394035793,141,S4_twin_shock_cex_intervention,indonesia,USDC
997,0.8189133652660185,665.5165134184899,141,S4_twin_shock_cex_intervention,indonesia,USDC
998,0.7830421182100232,648.8786005830276,141,S4_twin_shock_cex_intervention,indonesia,USDC
999,0.7669796342128636,632.656635568452,141,S4_twin_shock_cex_intervention,indonesia,USDC
1000,0.7597780683641039,616.8402196792406,141,S4_twin_shock_cex_intervention,indonesia,USDC
