Step,price,liquidity,iteration,scenario,region,coin
1,250000.9758758385,2989455896166.435,295,S4_twin_shock_cex_intervention,indonesia,USDC
2,187502.0,2989465271166.435,295,S4_twin_shock_cex_intervention,indonesia,USDC
3,140627.0,2989472302416.435,295,S4_twin_shock_cex_intervention,indonesia,USDC
4,105470.75,2989477575853.935,295,S4_twin_shock_cex_intervention,indonesia,USDC
5,79103.5625,2989481530932.06,295,S4_twin_shock_cex_intervention,indonesia,USDC
6,59328.171875,2989484497240.654,295,S4_twin_shock_cex_intervention,indonesia,USDC
7,44496.62890625,2989486721972.099,295,S4_twin_shock_cex_intervention,indonesia,USDC
8,33372.9716796875,2989488390520.683,295,S4_twin_shock_cex_intervention,indonesia,USDC
9,25030.228759765625,2989489641932.121,295,S4_twin_shock_cex_intervention,indonesia,USDC
10,18773.17156982422,2989490580490.6997,295,S4_twin_shock_cex_intervention,indonesia,USDC
11,14080.378677368164,2989491284409.634,295,S4_twin_shock_cex_intervention,indonesia,USDC
12,10560.784008026123,2989491812348.834,295,S4_twin_shock_cex_intervention,indonesia,USDC
13,7921.088006019592,2989492208303.2344,295,S4_twin_shock_cex_intervention,indonesia,USDC
14,5941.316004514694,2989492505269.0347,295,S4_twin_shock_cex_intervention,indonesia,USDC
15,4456.487003386021,2989492727993.385,295,S4_twin_shock_cex_intervention,indonesia,USDC
16,3342.8652525395155,2989492895036.6475,295,S4_twin_shock_cex_intervention,indonesia,USDC
17,2507.6489394046366,2989493020319.0947,295,S4_twin_shock_cex_intervention,indonesia,USDC
18,1881.2367045534775,2989493114280.9297,295,S4_twin_shock_cex_intervention,indonesia,USDC
19,1411.427528415108,2989493184752.306,295,S4_twin_shock_cex_intervention,indonesia,USDC
20,1059.070646311331,2989493237605.8384,295,S4_twin_shock_cex_intervention,indonesia,USDC
21,794.8029847334983,2989493277245.988,295,S4_twin_shock_cex_intervention,indonesia,USDC
22,596.6022385501237,2989493306976.0996,295,S4_twin_shock_cex_intervention,indonesia,USDC
23,447.9516789125928,2989493329273.6836,295,S4_twin_shock_cex_intervention,indonesia,USDC
24,336.4637591844446,2989493345996.8716,295,S4_twin_shock_cex_intervention,indonesia,USDC
25,252.84781938833345,2989493358539.2627,295,S4_twin_shock_cex_intervention,indonesia,USDC
26,190.1358645412501,2989493367946.0557,295,S4_twin_shock_cex_intervention,indonesia,USDC
27,143.1018984059376,2989493375001.151,295,S4_twin_shock_cex_intervention,indonesia,USDC
28,107.82642380445319,2989493380292.472,295,S4_twin_shock_cex_intervention,indonesia,USDC
29,81.3698178533399,2989493384260.963,295,S4_twin_shock_cex_intervention,indonesia,USDC
30,61.52736339000492,2989493387237.331,295,S4_twin_shock_cex_intervention,indonesia,USDC
31,46.6455225425037,2989493389469.6074,295,S4_twin_shock_cex_intervention,indonesia,USDC
32,35.484141906877774,2989493391143.8145,295,S4_twin_shock_cex_intervention,indonesia,USDC
33,27.11310643015833,2989493392399.4697,295,S4_twin_shock_cex_intervention,indonesia,USDC
34,20.834829822618744,2989493393341.211,295,S4_twin_shock_cex_intervention,indonesia,USDC
35,16.12612236696406,2989493394047.5176,295,S4_twin_shock_cex_intervention,indonesia,USDC
36,12.594591775223044,2989493394577.247,295,S4_twin_shock_cex_intervention,indonesia,USDC
37,9.945943831417281,2989493394974.544,295,S4_twin_shock_cex_intervention,indonesia,USDC
38,7.959457873562963,2989493395272.517,295,S4_twin_shock_cex_intervention,indonesia,USDC
39,6.469593405172222,2989493395495.9966,295,S4_twin_shock_cex_intervention,indonesia,USDC
40,5.352195053879166,2989493395663.6064,295,S4_twin_shock_cex_intervention,indonesia,USDC
41,4.514146290409375,2989493395789.3135,295,S4_twin_shock_cex_intervention,indonesia,USDC
42,3.8856097178070312,2989493395883.594,295,S4_twin_shock_cex_intervention,indonesia,USDC
43,3.414207288355273,2989493395954.3047,295,S4_twin_shock_cex_intervention,indonesia,USDC
44,3.060655466266455,2989493396007.3374,295,S4_twin_shock_cex_intervention,indonesia,USDC
45,2.795491599699841,2989493396047.112,295,S4_twin_shock_cex_intervention,indonesia,USDC
46,2.596618699774881,2989493396076.943,295,S4_twin_shock_cex_intervention,indonesia,USDC
47,2.4474640248311608,2989493396099.316,295,S4_twin_shock_cex_intervention,indonesia,USDC
48,2.3355980186233705,2989493396116.0957,295,S4_twin_shock_cex_intervention,indonesia,USDC
49,2.251698513967528,2989493396128.6807,295,S4_twin_shock_cex_intervention,indonesia,USDC
50,2.188773885475646,2989493396138.119,295,S4_twin_shock_cex_intervention,indonesia,USDC
51,2.1415804141067345,2989493396145.198,295,S4_twin_shock_cex_intervention,indonesia,USDC
52,2.106185310580051,2989493396150.508,295,S4_twin_shock_cex_intervention,indonesia,USDC
53,2.0048746491426566,2989493396154.4893,295,S4_twin_shock_cex_intervention,indonesia,USDC
54,1.973658431279614,2989493396157.4756,295,S4_twin_shock_cex_intervention,indonesia,USDC
55,1.9737088530732705,2989493396159.716,295,S4_twin_shock_cex_intervention,indonesia,USDC
56,1.8379222899624394,2989493396161.3955,295,S4_twin_shock_cex_intervention,indonesia,USDC
57,1.8444780448942746,2989493396162.6553,295,S4_twin_shock_cex_intervention,indonesia,USDC
58,1.7416806979008865,2989493396163.6,295,S4_twin_shock_cex_intervention,indonesia,USDC
59,1.6647246221981944,2989493396164.3086,295,S4_twin_shock_cex_intervention,indonesia,USDC
60,1.6223443449114772,2989493396164.84,295,S4_twin_shock_cex_intervention,indonesia,USDC
61,1.562422987121141,2989493396165.239,295,S4_twin_shock_cex_intervention,indonesia,USDC
62,1.5157886369160585,2989493396165.5376,295,S4_twin_shock_cex_intervention,indonesia,USDC
63,1.4978302909649834,2989493396165.7617,295,S4_twin_shock_cex_intervention,indonesia,USDC
64,1.4932649602934438,2989493396165.9297,295,S4_twin_shock_cex_intervention,indonesia,USDC
65,1.4087080462103283,2989493396166.0557,295,S4_twin_shock_cex_intervention,indonesia,USDC
66,1.3723592407922824,2989493396166.1504,295,S4_twin_shock_cex_intervention,indonesia,USDC
67,1.3614273158273162,2989493396166.221,295,S4_twin_shock_cex_intervention,indonesia,USDC
68,1.3150896630008473,2989493396166.2744,295,S4_twin_shock_cex_intervention,indonesia,USDC
69,1.2279621317964853,2989493396166.3145,295,S4_twin_shock_cex_intervention,indonesia,USDC
70,1.1904668396132616,2989493396166.344,295,S4_twin_shock_cex_intervention,indonesia,USDC
71,1.1765280309668131,2989493396166.3667,295,S4_twin_shock_cex_intervention,indonesia,USDC
72,1.1539895592319185,2989493396166.384,295,S4_twin_shock_cex_intervention,indonesia,USDC
73,1.1485194222722246,2989493396166.396,295,S4_twin_shock_cex_intervention,indonesia,USDC
74,1.1256023247732483,2989493396166.4053,295,S4_twin_shock_cex_intervention,indonesia,USDC
75,1.1259391775085252,2989493396166.4126,295,S4_twin_shock_cex_intervention,indonesia,USDC
76,1.1109338517936964,2989493396166.418,295,S4_twin_shock_cex_intervention,indonesia,USDC
77,1.1085925259756257,2989493396166.422,295,S4_twin_shock_cex_intervention,indonesia,USDC
78,1.1029646001390412,2989493396166.425,295,S4_twin_shock_cex_intervention,indonesia,USDC
79,1.1041196536599205,2989493396166.4272,295,S4_twin_shock_cex_intervention,indonesia,USDC
80,1.0922500755372102,2989493396166.4287,295,S4_twin_shock_cex_intervention,indonesia,USDC
81,1.1159889782435208,2989493396166.43,295,S4_twin_shock_cex_intervention,indonesia,USDC
82,1.1111074734606983,2989493396166.431,295,S4_twin_shock_cex_intervention,indonesia,USDC
83,1.120349610639109,2989493396166.4316,295,S4_twin_shock_cex_intervention,indonesia,USDC
84,1.1177623396614549,2989493396166.432,295,S4_twin_shock_cex_intervention,indonesia,USDC
85,1.0857186682003328,2989493396166.4326,295,S4_twin_shock_cex_intervention,indonesia,USDC
86,1.0806886739027723,2989493396166.433,295,S4_twin_shock_cex_intervention,indonesia,USDC
87,1.0765009016372327,2989493396166.4336,295,S4_twin_shock_cex_intervention,indonesia,USDC
88,1.0959606514223372,2989493396166.4336,295,S4_twin_shock_cex_intervention,indonesia,USDC
89,1.0916034997004265,2989493396166.4336,295,S4_twin_shock_cex_intervention,indonesia,USDC
90,1.0454338440000244,2989493396166.4336,295,S4_twin_shock_cex_intervention,indonesia,USDC
91,1.0546942169012963,2989493396166.4336,295,S4_twin_shock_cex_intervention,indonesia,USDC
92,1.0364857045825713,2989493396166.4336,295,S4_twin_shock_cex_intervention,indonesia,USDC
93,1.0125040061406647,2989493396166.4336,295,S4_twin_shock_cex_intervention,indonesia,USDC
94,1.0163313466036907,2989493396166.4336,295,S4_twin_shock_cex_intervention,indonesia,USDC
95,0.9834005886539549,2989493396166.4336,295,S4_twin_shock_cex_intervention,indonesia,USDC
96,1.0243672103864314,2989493396166.4336,295,S4_twin_shock_cex_intervention,indonesia,USDC
97,1.0034884835100297,2989493396166.4336,295,S4_twin_shock_cex_intervention,indonesia,USDC
98,0.9995143380323068,2989493396166.4336,295,S4_twin_shock_cex_intervention,indonesia,USDC
99,1.0088243343497711,2989493396166.4336,295,S4_twin_shock_cex_intervention,indonesia,USDC
100,1.0452845959386865,2989493396166.4336,295,S4_twin_shock_cex_intervention,indonesia,USDC
101,0.8741144449875223,2989493396166.4336,295,S4_twin_shock_cex_intervention,indonesia,USDC
102,0.8712524411056156,2983951667676.0093,295,S4_twin_shock_cex_intervention,indonesia,USDC
103,0.9035324526752557,2978648668649.3125,295,S4_twin_shock_cex_intervention,indonesia,USDC
104,0.9064117596463486,2975362065316.746,295,S4_twin_shock_cex_intervention,indonesia,USDC
105,0.9398641047345696,2972428957905.8096,295,S4_twin_shock_cex_intervention,indonesia,USDC
106,0.9654741282846193,2971139592261.5903,295,S4_twin_shock_cex_intervention,indonesia,USDC
107,0.9800767299910826,2970970057990.626,295,S4_twin_shock_cex_intervention,indonesia,USDC
108,0.9726283993702886,2970970057990.626,295,S4_twin_shock_cex_intervention,indonesia,USDC
109,0.9861586951087238,2970970057990.626,295,S4_twin_shock_cex_intervention,indonesia,USDC
110,0.9708123859208684,2970970057990.626,295,S4_twin_shock_cex_intervention,indonesia,USDC
111,0.9878889573782688,2970970057990.626,295,S4_twin_shock_cex_intervention,indonesia,USDC
112,0.9489148647646908,2970970057990.626,295,S4_twin_shock_cex_intervention,indonesia,USDC
113,0.9239095994953139,2970141070111.065,295,S4_twin_shock_cex_intervention,indonesia,USDC
114,0.9424156371881834,2968315672965.203,295,S4_twin_shock_cex_intervention,indonesia,USDC
115,0.9281707343994559,2967288786979.12,295,S4_twin_shock_cex_intervention,indonesia,USDC
116,0.9119845732090184,2965751931644.748,295,S4_twin_shock_cex_intervention,indonesia,USDC
117,0.9226444083403209,2963583318850.325,295,S4_twin_shock_cex_intervention,indonesia,USDC
118,0.9134315585458015,2962054972302.5044,295,S4_twin_shock_cex_intervention,indonesia,USDC
119,0.9198956137358097,2960253325784.87,295,S4_twin_shock_cex_intervention,indonesia,USDC
120,0.9636526139614794,2958707054070.468,295,S4_twin_shock_cex_intervention,indonesia,USDC
121,0.9428209090003503,2884552991527.7715,295,S4_twin_shock_cex_intervention,indonesia,USDC
122,0.9020231666488181,2811646295767.7246,295,S4_twin_shock_cex_intervention,indonesia,USDC
123,0.8832431499396096,2739566580823.6445,295,S4_twin_shock_cex_intervention,indonesia,USDC
124,0.8571875103510983,2668881273566.154,295,S4_twin_shock_cex_intervention,indonesia,USDC
125,0.879028654284297,2599538673685.615,295,S4_twin_shock_cex_intervention,indonesia,USDC
126,0.8592828902406722,2532633906925.543,295,S4_twin_shock_cex_intervention,indonesia,USDC
127,0.8545095805540468,2467289060818.38,295,S4_twin_shock_cex_intervention,indonesia,USDC
128,0.8445739351452689,2403588312676.2607,295,S4_twin_shock_cex_intervention,indonesia,USDC
129,0.8398390109760332,2341567435127.16,295,S4_twin_shock_cex_intervention,indonesia,USDC
130,0.8319315493148494,2281390669301.055,295,S4_twin_shock_cex_intervention,indonesia,USDC
131,0.8244806902091849,2222804253917.7285,295,S4_twin_shock_cex_intervention,indonesia,USDC
132,0.8240318714973617,2165790666198.151,295,S4_twin_shock_cex_intervention,indonesia,USDC
133,0.7993988737204782,2110386195905.027,295,S4_twin_shock_cex_intervention,indonesia,USDC
134,0.7876759866049802,2056449341910.4092,295,S4_twin_shock_cex_intervention,indonesia,USDC
135,0.8001354033746965,2003987648015.2974,295,S4_twin_shock_cex_intervention,indonesia,USDC
136,0.8175051877046573,1953066162253.207,295,S4_twin_shock_cex_intervention,indonesia,USDC
137,0.8089018007724469,1903613639937.1846,295,S4_twin_shock_cex_intervention,indonesia,USDC
138,0.7821539928911794,1855463734633.2673,295,S4_twin_shock_cex_intervention,indonesia,USDC
139,0.7773108824638528,1808530875253.2026,295,S4_twin_shock_cex_intervention,indonesia,USDC
140,0.7745293619611141,1762854705497.1758,295,S4_twin_shock_cex_intervention,indonesia,USDC
141,0.7945360403502456,1718421601736.3662,295,S4_twin_shock_cex_intervention,indonesia,USDC
142,0.7847241846247832,1675188712491.9543,295,S4_twin_shock_cex_intervention,indonesia,USDC
143,0.790937074064357,1633073436179.5054,295,S4_twin_shock_cex_intervention,indonesia,USDC
144,0.7905426359121395,1592069673654.8403,295,S4_twin_shock_cex_intervention,indonesia,USDC
145,0.7524398784307581,1552118945510.7449,295,S4_twin_shock_cex_intervention,indonesia,USDC
146,0.7546099273272321,1513168201377.8267,295,S4_twin_shock_cex_intervention,indonesia,USDC
147,0.7609094634108488,1475229267272.351,295,S4_twin_shock_cex_intervention,indonesia,USDC
148,0.7617601802417381,1438264340045.0967,295,S4_twin_shock_cex_intervention,indonesia,USDC
149,0.757167261177087,1402240922331.0583,295,S4_twin_shock_cex_intervention,indonesia,USDC
150,0.7475004149995377,1367128260288.3738,295,S4_twin_shock_cex_intervention,indonesia,USDC
151,0.739561232498869,1332903521831.8936,295,S4_twin_shock_cex_intervention,indonesia,USDC
152,0.7242582258646525,1299543607858.9502,295,S4_twin_shock_cex_intervention,indonesia,USDC
153,0.7345044440416295,1267023912515.3306,295,S4_twin_shock_cex_intervention,indonesia,USDC
154,0.7476751232433546,1235326893709.938,295,S4_twin_shock_cex_intervention,indonesia,USDC
155,0.7460942697930335,1204428235179.556,295,S4_twin_shock_cex_intervention,indonesia,USDC
156,0.7554587708714503,1174305125264.0173,295,S4_twin_shock_cex_intervention,indonesia,USDC
157,0.7667047098093572,1144938490306.358,295,S4_twin_shock_cex_intervention,indonesia,USDC
158,0.7597919584156791,1116308311156.2166,295,S4_twin_shock_cex_intervention,indonesia,USDC
159,0.7790068916729608,1088394830419.4978,295,S4_twin_shock_cex_intervention,indonesia,USDC
160,0.7689015253203795,1061180925674.5754,295,S4_twin_shock_cex_intervention,indonesia,USDC
161,0.769635081553344,1034647982244.1493,295,S4_twin_shock_cex_intervention,indonesia,USDC
162,0.769380414261099,1008779171552.7081,295,S4_twin_shock_cex_intervention,indonesia,USDC
163,0.7872841303790932,983557586789.5194,295,S4_twin_shock_cex_intervention,indonesia,USDC
164,0.7702038318900445,958967074501.5359,295,S4_twin_shock_cex_intervention,indonesia,USDC
165,0.7774026949046776,934991488558.5391,295,S4_twin_shock_cex_intervention,indonesia,USDC
166,0.7770477752438285,911615566879.5209,295,S4_twin_shock_cex_intervention,indonesia,USDC
167,0.7525948627697088,888824303179.0125,295,S4_twin_shock_cex_intervention,indonesia,USDC
168,0.7418862497499901,866602879741.0208,295,S4_twin_shock_cex_intervention,indonesia,USDC
169,0.7522756849725786,844937128395.3549,295,S4_twin_shock_cex_intervention,indonesia,USDC
170,0.7503191007610024,823813213808.3093,295,S4_twin_shock_cex_intervention,indonesia,USDC
171,0.788705899562931,803217508583.6908,295,S4_twin_shock_cex_intervention,indonesia,USDC
172,0.8080397365339679,783136818893.4241,295,S4_twin_shock_cex_intervention,indonesia,USDC
173,0.802169502864765,763558215389.1943,295,S4_twin_shock_cex_intervention,indonesia,USDC
174,0.7838566462920592,744469102006.9827,295,S4_twin_shock_cex_intervention,indonesia,USDC
175,0.7685868087384125,725857237952.8478,295,S4_twin_shock_cex_intervention,indonesia,USDC
176,0.767795805345923,707710678542.4315,295,S4_twin_shock_cex_intervention,indonesia,USDC
177,0.7746368063724597,690017809391.6112,295,S4_twin_shock_cex_intervention,indonesia,USDC
178,0.8017276680302369,672767288929.2644,295,S4_twin_shock_cex_intervention,indonesia,USDC
179,0.8131351931836031,655948053558.4819,295,S4_twin_shock_cex_intervention,indonesia,USDC
180,0.822139852423404,639549312731.9054,295,S4_twin_shock_cex_intervention,indonesia,USDC
181,0.8219066585439685,623560548372.9833,295,S4_twin_shock_cex_intervention,indonesia,USDC
182,0.7952667393198201,607971507002.8545,295,S4_twin_shock_cex_intervention,indonesia,USDC
183,0.7848490855986224,592772190853.1099,295,S4_twin_shock_cex_intervention,indonesia,USDC
184,0.7682556138698787,577952861810.5836,295,S4_twin_shock_cex_intervention,indonesia,USDC
185,0.791685505325758,563504018201.4514,295,S4_twin_shock_cex_intervention,indonesia,USDC
186,0.7853377391885568,549416401910.5225,295,S4_twin_shock_cex_intervention,indonesia,USDC
187,0.791724132193544,535680979019.3873,295,S4_twin_shock_cex_intervention,indonesia,USDC
188,0.7773062589014885,522288944385.5394,295,S4_twin_shock_cex_intervention,indonesia,USDC
189,0.7945079498631166,509231711921.2682,295,S4_twin_shock_cex_intervention,indonesia,USDC
190,0.7906699197053512,496500912573.7691,295,S4_twin_shock_cex_intervention,indonesia,USDC
191,0.7708777979738856,484088383979.6264,295,S4_twin_shock_cex_intervention,indonesia,USDC
192,0.7843541579343678,471986169110.4745,295,S4_twin_shock_cex_intervention,indonesia,USDC
193,0.7654040332708547,460186511043.4746,295,S4_twin_shock_cex_intervention,indonesia,USDC
194,0.7850708681342208,448681844678.7134,295,S4_twin_shock_cex_intervention,indonesia,USDC
195,0.7822556756699117,437464796150.9468,295,S4_twin_shock_cex_intervention,indonesia,USDC
196,0.7654710729428297,426528174238.91205,295,S4_twin_shock_cex_intervention,indonesia,USDC
197,0.7622424531268974,415864968092.78705,295,S4_twin_shock_cex_intervention,indonesia,USDC
198,0.7606456005925429,405468342371.90546,295,S4_twin_shock_cex_intervention,indonesia,USDC
199,0.7541354277773086,395331632582.89,295,S4_twin_shock_cex_intervention,indonesia,USDC
200,0.7635172235437389,385448340813.15576,295,S4_twin_shock_cex_intervention,indonesia,USDC
201,0.7513423261850057,375812131559.7139,295,S4_twin_shock_cex_intervention,indonesia,USDC
202,0.7376508265802991,366416827679.75977,295,S4_twin_shock_cex_intervention,indonesia,USDC
203,0.7291436881286375,357256406472.4911,295,S4_twin_shock_cex_intervention,indonesia,USDC
204,0.7497515075437962,348324995911.3386,295,S4_twin_shock_cex_intervention,indonesia,USDC
205,0.7670504146640449,339616870729.25476,295,S4_twin_shock_cex_intervention,indonesia,USDC
206,0.8090451636741662,331126448758.0231,295,S4_twin_shock_cex_intervention,indonesia,USDC
207,0.7992479930379156,322848287413.89886,295,S4_twin_shock_cex_intervention,indonesia,USDC
208,0.8157859803768759,314777080116.5489,295,S4_twin_shock_cex_intervention,indonesia,USDC
209,0.8080444816509453,306907653028.06226,295,S4_twin_shock_cex_intervention,indonesia,USDC
210,0.8268088189218905,299234961626.48395,295,S4_twin_shock_cex_intervention,indonesia,USDC
211,0.8148640512492513,291754087529.57025,295,S4_twin_shock_cex_intervention,indonesia,USDC
212,0.8208712551890076,284460235291.4171,295,S4_twin_shock_cex_intervention,indonesia,USDC
213,0.7959044739720667,277348729365.7797,295,S4_twin_shock_cex_intervention,indonesia,USDC
214,0.7681645564508218,270415011088.8062,295,S4_twin_shock_cex_intervention,indonesia,USDC
215,0.7708751251103271,263654635773.18433,295,S4_twin_shock_cex_intervention,indonesia,USDC
216,0.7877328228435863,257063269847.83704,295,S4_twin_shock_cex_intervention,indonesia,USDC
217,0.7841730386783329,250636688078.86017,295,S4_twin_shock_cex_intervention,indonesia,USDC
218,0.773429116564178,244370770857.04175,295,S4_twin_shock_cex_intervention,indonesia,USDC
219,0.7863156773428309,238261501569.28003,295,S4_twin_shock_cex_intervention,indonesia,USDC
220,0.7903830565071348,232304964017.8016,295,S4_twin_shock_cex_intervention,indonesia,USDC
221,0.7989688326760147,226497339907.14062,295,S4_twin_shock_cex_intervention,indonesia,USDC
222,0.8032797555691708,220834906401.53574,295,S4_twin_shock_cex_intervention,indonesia,USDC
223,0.8212753270628057,215314033735.26675,295,S4_twin_shock_cex_intervention,indonesia,USDC
224,0.8165495946435192,209931182887.4468,295,S4_twin_shock_cex_intervention,indonesia,USDC
225,0.8121198919144392,204682903311.16443,295,S4_twin_shock_cex_intervention,indonesia,USDC
226,0.8180130534047227,199565830724.97736,295,S4_twin_shock_cex_intervention,indonesia,USDC
227,0.8353476992593812,194576684953.9513,295,S4_twin_shock_cex_intervention,indonesia,USDC
228,0.8319244846894458,189712267827.88794,295,S4_twin_shock_cex_intervention,indonesia,USDC
229,0.8183478721433497,184969461130.2708,295,S4_twin_shock_cex_intervention,indonesia,USDC
230,0.7753944666015118,180345224600.23907,295,S4_twin_shock_cex_intervention,indonesia,USDC
231,0.7368735065193853,175836593983.33435,295,S4_twin_shock_cex_intervention,indonesia,USDC
232,0.7177702084597738,171440679131.79346,295,S4_twin_shock_cex_intervention,indonesia,USDC
233,0.7435396483737148,167154662151.88965,295,S4_twin_shock_cex_intervention,indonesia,USDC
234,0.7574550113756306,162975795597.0235,295,S4_twin_shock_cex_intervention,indonesia,USDC
235,0.7671470270715457,158901400706.3438,295,S4_twin_shock_cex_intervention,indonesia,USDC
236,0.7324990997855815,154928865688.10895,295,S4_twin_shock_cex_intervention,indonesia,USDC
237,0.7258348912959866,151055644045.37262,295,S4_twin_shock_cex_intervention,indonesia,USDC
238,0.7244397722922404,147279252943.83908,295,S4_twin_shock_cex_intervention,indonesia,USDC
239,0.7547931419341137,143597271619.93988,295,S4_twin_shock_cex_intervention,indonesia,USDC
240,0.7592320412414553,140007339829.24048,295,S4_twin_shock_cex_intervention,indonesia,USDC
241,0.7486203756555433,136507156333.35736,295,S4_twin_shock_cex_intervention,indonesia,USDC
242,0.756485299072454,133094477424.89638,295,S4_twin_shock_cex_intervention,indonesia,USDC
243,0.7554166295566721,129767115489.17404,295,S4_twin_shock_cex_intervention,indonesia,USDC
244,0.7564774026134015,126522937601.86731,295,S4_twin_shock_cex_intervention,indonesia,USDC
245,0.7835597953534812,123359864161.76001,295,S4_twin_shock_cex_intervention,indonesia,USDC
246,0.7802312459349366,120275867557.67358,295,S4_twin_shock_cex_intervention,indonesia,USDC
247,0.7659726927786119,117268970868.69669,295,S4_twin_shock_cex_intervention,indonesia,USDC
248,0.7606459533249258,114337246596.9482,295,S4_twin_shock_cex_intervention,indonesia,USDC
249,0.7627236956476998,111478815431.99982,295,S4_twin_shock_cex_intervention,indonesia,USDC
250,0.7212535657556254,108691845046.18088,295,S4_twin_shock_cex_intervention,indonesia,USDC
251,0.7346006274201837,105974548920.00867,295,S4_twin_shock_cex_intervention,indonesia,USDC
252,0.7285940386391823,103325185196.99521,295,S4_twin_shock_cex_intervention,indonesia,USDC
253,0.7199647981371579,100742055567.06024,295,S4_twin_shock_cex_intervention,indonesia,USDC
254,0.7060177735556974,98223504177.87576,295,S4_twin_shock_cex_intervention,indonesia,USDC
255,0.7201184034951413,95767916573.42256,295,S4_twin_shock_cex_intervention,indonesia,USDC
256,0.7435846335310267,93373718659.08249,295,S4_twin_shock_cex_intervention,indonesia,USDC
257,0.7413795475454071,91039375692.60251,295,S4_twin_shock_cex_intervention,indonesia,USDC
258,0.7524359855904561,88763391300.28514,295,S4_twin_shock_cex_intervention,indonesia,USDC
259,0.7779622877778454,86544306517.77625,295,S4_twin_shock_cex_intervention,indonesia,USDC
260,0.784029875403218,84380698854.8306,295,S4_twin_shock_cex_intervention,indonesia,USDC
261,0.7739556536741745,82271181383.4589,295,S4_twin_shock_cex_intervention,indonesia,USDC
262,0.7904367655135073,80214401848.87163,295,S4_twin_shock_cex_intervention,indonesia,USDC
263,0.804807694379171,78209041802.64926,295,S4_twin_shock_cex_intervention,indonesia,USDC
264,0.8250842381022935,76253815757.58257,295,S4_twin_shock_cex_intervention,indonesia,USDC
265,0.8199261291966864,74347470363.64267,295,S4_twin_shock_cex_intervention,indonesia,USDC
266,0.8090958264141572,72488783604.55132,295,S4_twin_shock_cex_intervention,indonesia,USDC
267,0.7968808454000673,70676564014.43726,295,S4_twin_shock_cex_intervention,indonesia,USDC
268,0.7830411933424888,68909649914.07608,295,S4_twin_shock_cex_intervention,indonesia,USDC
269,0.758989156629242,67186908666.22397,295,S4_twin_shock_cex_intervention,indonesia,USDC
270,0.7626588893768205,65507235949.56818,295,S4_twin_shock_cex_intervention,indonesia,USDC
271,0.773983275839727,63869555050.82882,295,S4_twin_shock_cex_intervention,indonesia,USDC
272,0.7756254477879585,62272816174.55798,295,S4_twin_shock_cex_intervention,indonesia,USDC
273,0.7696376915967396,60715995770.19394,295,S4_twin_shock_cex_intervention,indonesia,USDC
274,0.7820215393921671,59198095875.939026,295,S4_twin_shock_cex_intervention,indonesia,USDC
275,0.7836509794020233,57718143479.0405,295,S4_twin_shock_cex_intervention,indonesia,USDC
276,0.6851187289967584,56275189892.06444,295,S4_twin_shock_cex_intervention,indonesia,USDC
277,0.6728200093718358,54868310144.76277,295,S4_twin_shock_cex_intervention,indonesia,USDC
278,0.6923582144031277,53496602391.14366,295,S4_twin_shock_cex_intervention,indonesia,USDC
279,0.7286353821126924,52159187331.365036,295,S4_twin_shock_cex_intervention,indonesia,USDC
280,0.7394677877146685,50855207648.08089,295,S4_twin_shock_cex_intervention,indonesia,USDC
281,0.7516052803143656,49583827456.87886,295,S4_twin_shock_cex_intervention,indonesia,USDC
282,0.7400716749698019,48344231770.45687,295,S4_twin_shock_cex_intervention,indonesia,USDC
283,0.7492981179622188,47135625976.19544,295,S4_twin_shock_cex_intervention,indonesia,USDC
284,0.7613321168025352,45957235326.79055,295,S4_twin_shock_cex_intervention,indonesia,USDC
285,0.7698679975171495,44808304443.62078,295,S4_twin_shock_cex_intervention,indonesia,USDC
286,0.7980598018053229,43688096832.53026,295,S4_twin_shock_cex_intervention,indonesia,USDC
287,0.802193593857698,42595894411.717,295,S4_twin_shock_cex_intervention,indonesia,USDC
288,0.8231165097040717,41530997051.42407,295,S4_twin_shock_cex_intervention,indonesia,USDC
289,0.8124781529094031,40492722125.13847,295,S4_twin_shock_cex_intervention,indonesia,USDC
290,0.8073493014019005,39480404072.01001,295,S4_twin_shock_cex_intervention,indonesia,USDC
291,0.801743825086004,38493393970.20976,295,S4_twin_shock_cex_intervention,indonesia,USDC
292,0.7781900270415741,37531059120.95452,295,S4_twin_shock_cex_intervention,indonesia,USDC
293,0.7643385199397635,36592782642.93066,295,S4_twin_shock_cex_intervention,indonesia,USDC
294,0.7640891010747769,35677963076.85739,295,S4_twin_shock_cex_intervention,indonesia,USDC
295,0.7752782912339203,34786013999.93595,295,S4_twin_shock_cex_intervention,indonesia,USDC
296,0.7912765821202797,33916363649.937553,295,S4_twin_shock_cex_intervention,indonesia,USDC
297,0.8056613818370754,33068454558.689117,295,S4_twin_shock_cex_intervention,indonesia,USDC
298,0.797260887049137,32241743194.72189,295,S4_twin_shock_cex_intervention,indonesia,USDC
299,0.7837754923663859,31435699614.85384,295,S4_twin_shock_cex_intervention,indonesia,USDC
300,0.8106986367573303,30649807124.4825,295,S4_twin_shock_cex_intervention,indonesia,USDC
301,0.7926528502629361,29883561946.370434,295,S4_twin_shock_cex_intervention,indonesia,USDC
302,0.7943501405836862,29136472897.711174,295,S4_twin_shock_cex_intervention,indonesia,USDC
303,0.8081204331051374,28408061075.268394,295,S4_twin_shock_cex_intervention,indonesia,USDC
304,0.8027132430983256,27697859548.386684,295,S4_twin_shock_cex_intervention,indonesia,USDC
305,0.8134333155091686,27005413059.677013,295,S4_twin_shock_cex_intervention,indonesia,USDC
306,0.8229992206328129,26330277733.18509,295,S4_twin_shock_cex_intervention,indonesia,USDC
307,0.8147160959454164,25672020789.85546,295,S4_twin_shock_cex_intervention,indonesia,USDC
308,0.7424785869451563,25030220270.109077,295,S4_twin_shock_cex_intervention,indonesia,USDC
309,0.735540491457632,24404464763.356346,295,S4_twin_shock_cex_intervention,indonesia,USDC
310,0.7432277586258552,23794353144.272438,295,S4_twin_shock_cex_intervention,indonesia,USDC
311,0.7516598228982065,23199494315.665627,295,S4_twin_shock_cex_intervention,indonesia,USDC
312,0.7509712714425868,22619506957.773987,295,S4_twin_shock_cex_intervention,indonesia,USDC
313,0.7510152882961754,22054019283.829636,295,S4_twin_shock_cex_intervention,indonesia,USDC
314,0.7556656915817628,21502668801.7339,295,S4_twin_shock_cex_intervention,indonesia,USDC
315,0.7523644897779159,20965102081.69055,295,S4_twin_shock_cex_intervention,indonesia,USDC
316,0.7327688619143988,20440974529.648285,295,S4_twin_shock_cex_intervention,indonesia,USDC
317,0.7247633673895253,19929950166.40708,295,S4_twin_shock_cex_intervention,indonesia,USDC
318,0.7347504743433664,19431701412.246902,295,S4_twin_shock_cex_intervention,indonesia,USDC
319,0.7239592990146864,18945908876.94073,295,S4_twin_shock_cex_intervention,indonesia,USDC
320,0.7258286930664559,18472261155.017212,295,S4_twin_shock_cex_intervention,indonesia,USDC
321,0.7247639108596364,18010454626.141785,295,S4_twin_shock_cex_intervention,indonesia,USDC
322,0.7414254786724975,17560193260.48824,295,S4_twin_shock_cex_intervention,indonesia,USDC
323,0.767077966928215,17121188428.976032,295,S4_twin_shock_cex_intervention,indonesia,USDC
324,0.7703731713985228,16693158718.25163,295,S4_twin_shock_cex_intervention,indonesia,USDC
325,0.7830488872264749,16275829750.29534,295,S4_twin_shock_cex_intervention,indonesia,USDC
326,0.8103161471827794,15868934006.537952,295,S4_twin_shock_cex_intervention,indonesia,USDC
327,0.8104923988843908,15472210656.374504,295,S4_twin_shock_cex_intervention,indonesia,USDC
328,0.7928330788300654,15085405389.965145,295,S4_twin_shock_cex_intervention,indonesia,USDC
329,0.7635832275041604,14708270255.216017,295,S4_twin_shock_cex_intervention,indonesia,USDC
330,0.767445832328814,14340563498.835617,295,S4_twin_shock_cex_intervention,indonesia,USDC
331,0.7570295975553365,13982049411.364725,295,S4_twin_shock_cex_intervention,indonesia,USDC
332,0.7571881141539218,13632498176.080608,295,S4_twin_shock_cex_intervention,indonesia,USDC
333,0.7810176393040675,13291685721.678593,295,S4_twin_shock_cex_intervention,indonesia,USDC
334,0.8021554040221396,12959393578.636627,295,S4_twin_shock_cex_intervention,indonesia,USDC
335,0.790671563789569,12635408739.170712,295,S4_twin_shock_cex_intervention,indonesia,USDC
336,0.7947162056739449,12319523520.691444,295,S4_twin_shock_cex_intervention,indonesia,USDC
337,0.7975587437325555,12011535432.674158,295,S4_twin_shock_cex_intervention,indonesia,USDC
338,0.8067914200959729,11711247046.857304,295,S4_twin_shock_cex_intervention,indonesia,USDC
339,0.7756926362414379,11418465870.685871,295,S4_twin_shock_cex_intervention,indonesia,USDC
340,0.7934301466429139,11133004223.918724,295,S4_twin_shock_cex_intervention,indonesia,USDC
341,0.8128430421727487,10854679118.320757,295,S4_twin_shock_cex_intervention,indonesia,USDC
342,0.8129042230408469,10583312140.362738,295,S4_twin_shock_cex_intervention,indonesia,USDC
343,0.78186000370597,10318729336.853668,295,S4_twin_shock_cex_intervention,indonesia,USDC
344,0.7819690688374415,10060761103.432327,295,S4_twin_shock_cex_intervention,indonesia,USDC
345,0.7658970482961535,9809242075.846518,295,S4_twin_shock_cex_intervention,indonesia,USDC
346,0.7851892495182928,9564011023.950356,295,S4_twin_shock_cex_intervention,indonesia,USDC
347,0.7658447278353592,9324910748.351597,295,S4_twin_shock_cex_intervention,indonesia,USDC
348,0.7085527128784266,9091787979.642807,295,S4_twin_shock_cex_intervention,indonesia,USDC
349,0.7422395915794966,8864493280.151737,295,S4_twin_shock_cex_intervention,indonesia,USDC
350,0.7499457867007627,8642880948.147943,295,S4_twin_shock_cex_intervention,indonesia,USDC
351,0.7426287854444872,8426808924.444244,295,S4_twin_shock_cex_intervention,indonesia,USDC
352,0.7447475822761326,8216138701.3331375,295,S4_twin_shock_cex_intervention,indonesia,USDC
353,0.7471011672718509,8010735233.79981,295,S4_twin_shock_cex_intervention,indonesia,USDC
354,0.7476391704712341,7810466852.954815,295,S4_twin_shock_cex_intervention,indonesia,USDC
355,0.7424571922677461,7615205181.630945,295,S4_twin_shock_cex_intervention,indonesia,USDC
356,0.7393582421921484,7424825052.09017,295,S4_twin_shock_cex_intervention,indonesia,USDC
357,0.7746852142852446,7239204425.787916,295,S4_twin_shock_cex_intervention,indonesia,USDC
358,0.7758420623232296,7058224315.143219,295,S4_twin_shock_cex_intervention,indonesia,USDC
359,0.7650503125873844,6881768707.264638,295,S4_twin_shock_cex_intervention,indonesia,USDC
360,0.7931193208864875,6709724489.583022,295,S4_twin_shock_cex_intervention,indonesia,USDC
361,0.7950844437742813,6541981377.343447,295,S4_twin_shock_cex_intervention,indonesia,USDC
362,0.7866965325740388,6378431842.909861,295,S4_twin_shock_cex_intervention,indonesia,USDC
363,0.7991882689969688,6218971046.837114,295,S4_twin_shock_cex_intervention,indonesia,USDC
364,0.7783868029562045,6063496770.666186,295,S4_twin_shock_cex_intervention,indonesia,USDC
365,0.7704703244311916,5911909351.399531,295,S4_twin_shock_cex_intervention,indonesia,USDC
366,0.7856189968982645,5764111617.614543,295,S4_twin_shock_cex_intervention,indonesia,USDC
367,0.781620377254674,5620008827.17418,295,S4_twin_shock_cex_intervention,indonesia,USDC
368,0.7937393101389756,5479508606.494825,295,S4_twin_shock_cex_intervention,indonesia,USDC
369,0.810705643407123,5342520891.332455,295,S4_twin_shock_cex_intervention,indonesia,USDC
370,0.8130257194075917,5208957869.049144,295,S4_twin_shock_cex_intervention,indonesia,USDC
371,0.7980844528288976,5078733922.322914,295,S4_twin_shock_cex_intervention,indonesia,USDC
372,0.7904731150543999,4951765574.264842,295,S4_twin_shock_cex_intervention,indonesia,USDC
373,0.7770953122854434,4827971434.908221,295,S4_twin_shock_cex_intervention,indonesia,USDC
374,0.7955108459896221,4707272149.035516,295,S4_twin_shock_cex_intervention,indonesia,USDC
375,0.7823255788165103,4589590345.309628,295,S4_twin_shock_cex_intervention,indonesia,USDC
376,0.7872857092098758,4474850586.676887,295,S4_twin_shock_cex_intervention,indonesia,USDC
377,0.804460800224703,4362979322.009964,295,S4_twin_shock_cex_intervention,indonesia,USDC
378,0.6902086763312459,4253904838.959716,295,S4_twin_shock_cex_intervention,indonesia,USDC
379,0.7189472218969911,4147557217.9857225,295,S4_twin_shock_cex_intervention,indonesia,USDC
380,0.7236052374633547,4043868287.5360794,295,S4_twin_shock_cex_intervention,indonesia,USDC
381,0.745133443677811,3942771580.347677,295,S4_twin_shock_cex_intervention,indonesia,USDC
382,0.7678000669519291,3844202290.8389854,295,S4_twin_shock_cex_intervention,indonesia,USDC
383,0.7564010811083939,3748097233.568011,295,S4_twin_shock_cex_intervention,indonesia,USDC
384,0.7367757632229093,3654394802.7288103,295,S4_twin_shock_cex_intervention,indonesia,USDC
385,0.7648390416817601,3563034932.6605897,295,S4_twin_shock_cex_intervention,indonesia,USDC
386,0.773142531585169,3473959059.344075,295,S4_twin_shock_cex_intervention,indonesia,USDC
387,0.7517368619654239,3387110082.8604736,295,S4_twin_shock_cex_intervention,indonesia,USDC
388,0.7369600439766941,3302432330.7889614,295,S4_twin_shock_cex_intervention,indonesia,USDC
389,0.7357551877965847,3219871522.5192375,295,S4_twin_shock_cex_intervention,indonesia,USDC
390,0.7479648017455452,3139374734.4562564,295,S4_twin_shock_cex_intervention,indonesia,USDC
391,0.743652717324833,3060890366.09485,295,S4_twin_shock_cex_intervention,indonesia,USDC
392,0.7477287639517776,2984368106.942479,295,S4_twin_shock_cex_intervention,indonesia,USDC
393,0.7671940748714435,2909758904.268917,295,S4_twin_shock_cex_intervention,indonesia,USDC
394,0.7519826350441036,2837014931.6621943,295,S4_twin_shock_cex_intervention,indonesia,USDC
395,0.7362533405764526,2766089558.37064,295,S4_twin_shock_cex_intervention,indonesia,USDC
396,0.7599369110054237,2696937319.4113736,295,S4_twin_shock_cex_intervention,indonesia,USDC
397,0.7569305405162833,2629513886.4260893,295,S4_twin_shock_cex_intervention,indonesia,USDC
398,0.7437822210493061,2563776039.265437,295,S4_twin_shock_cex_intervention,indonesia,USDC
399,0.7359693769830655,2499681638.283801,295,S4_twin_shock_cex_intervention,indonesia,USDC
400,0.7524974557556099,2437189597.326706,295,S4_twin_shock_cex_intervention,indonesia,USDC
401,0.6735508379669662,2376259857.3935385,295,S4_twin_shock_cex_intervention,indonesia,USDC
402,0.6979017647414777,2316853360.9586997,295,S4_twin_shock_cex_intervention,indonesia,USDC
403,0.7047324408009433,2258932026.9347324,295,S4_twin_shock_cex_intervention,indonesia,USDC
404,0.7028510116644716,2202458726.261364,295,S4_twin_shock_cex_intervention,indonesia,USDC
405,0.7302642540966113,2147397258.1048298,295,S4_twin_shock_cex_intervention,indonesia,USDC
406,0.7441287773514916,2093712326.6522088,295,S4_twin_shock_cex_intervention,indonesia,USDC
407,0.7265935476751579,2041369518.485904,295,S4_twin_shock_cex_intervention,indonesia,USDC
408,0.7124379248651309,1990335280.523756,295,S4_twin_shock_cex_intervention,indonesia,USDC
409,0.7248568406759175,1940576898.5106623,295,S4_twin_shock_cex_intervention,indonesia,USDC
410,0.7519743589101522,1892062476.0478957,295,S4_twin_shock_cex_intervention,indonesia,USDC
411,0.7653099388449459,1844760914.146698,295,S4_twin_shock_cex_intervention,indonesia,USDC
412,0.7642722910458289,1798641891.2930307,295,S4_twin_shock_cex_intervention,indonesia,USDC
413,0.7736304135021214,1753675844.0107052,295,S4_twin_shock_cex_intervention,indonesia,USDC
414,0.754620134002667,1709833947.9104376,295,S4_twin_shock_cex_intervention,indonesia,USDC
415,0.7574518522407373,1667088099.2126765,295,S4_twin_shock_cex_intervention,indonesia,USDC
416,0.7495393406440631,1625410896.7323596,295,S4_twin_shock_cex_intervention,indonesia,USDC
417,0.7584487910620012,1584775624.3140507,295,S4_twin_shock_cex_intervention,indonesia,USDC
418,0.7629461100219058,1545156233.7061994,295,S4_twin_shock_cex_intervention,indonesia,USDC
419,0.7804864389471006,1506527327.8635445,295,S4_twin_shock_cex_intervention,indonesia,USDC
420,0.7781736066620096,1468864144.6669557,295,S4_twin_shock_cex_intervention,indonesia,USDC
421,0.7805612690857071,1432142541.050282,295,S4_twin_shock_cex_intervention,indonesia,USDC
422,0.7780474938976544,1396338977.524025,295,S4_twin_shock_cex_intervention,indonesia,USDC
423,0.7930205940081646,1361430503.0859241,295,S4_twin_shock_cex_intervention,indonesia,USDC
424,0.7956665450408965,1327394740.5087762,295,S4_twin_shock_cex_intervention,indonesia,USDC
425,0.7848628071562384,1294209871.9960566,295,S4_twin_shock_cex_intervention,indonesia,USDC
426,0.7822426725327779,1261854625.1961553,295,S4_twin_shock_cex_intervention,indonesia,USDC
427,0.7702776955644856,1230308259.5662515,295,S4_twin_shock_cex_intervention,indonesia,USDC
428,0.7819047651541947,1199550553.0770953,295,S4_twin_shock_cex_intervention,indonesia,USDC
429,0.7920637225659602,1169561789.2501678,295,S4_twin_shock_cex_intervention,indonesia,USDC
430,0.7803793381882229,1140322744.5189137,295,S4_twin_shock_cex_intervention,indonesia,USDC
431,0.7897723553606848,1111814675.9059408,295,S4_twin_shock_cex_intervention,indonesia,USDC
432,0.7895805082021127,1084019309.0082922,295,S4_twin_shock_cex_intervention,indonesia,USDC
433,0.7885359541363868,1056918826.2830849,295,S4_twin_shock_cex_intervention,indonesia,USDC
434,0.788504247061771,1030495855.6260078,295,S4_twin_shock_cex_intervention,indonesia,USDC
435,0.7839710921682463,1004733459.2353575,295,S4_twin_shock_cex_intervention,indonesia,USDC
436,0.7849596843404759,979615122.7544736,295,S4_twin_shock_cex_intervention,indonesia,USDC
437,0.7830593449097373,955124744.6856117,295,S4_twin_shock_cex_intervention,indonesia,USDC
438,0.7743978950914926,931246626.0684714,295,S4_twin_shock_cex_intervention,indonesia,USDC
439,0.7864515868404774,907965460.4167596,295,S4_twin_shock_cex_intervention,indonesia,USDC
440,0.7839667045276265,885266323.9063406,295,S4_twin_shock_cex_intervention,indonesia,USDC
441,0.7840873853974621,863134665.8086822,295,S4_twin_shock_cex_intervention,indonesia,USDC
442,0.7863228188888226,841556299.163465,295,S4_twin_shock_cex_intervention,indonesia,USDC
443,0.7783784905088494,820517391.6843784,295,S4_twin_shock_cex_intervention,indonesia,USDC
444,0.779181816077182,800004456.892269,295,S4_twin_shock_cex_intervention,indonesia,USDC
445,0.7662989290016079,780004345.4699624,295,S4_twin_shock_cex_intervention,indonesia,USDC
446,0.7711612203489956,760504236.8332132,295,S4_twin_shock_cex_intervention,indonesia,USDC
447,0.7639022279847598,741491630.9123828,295,S4_twin_shock_cex_intervention,indonesia,USDC
448,0.7623422252287793,722954340.1395733,295,S4_twin_shock_cex_intervention,indonesia,USDC
449,0.7477370002666056,704880481.6360841,295,S4_twin_shock_cex_intervention,indonesia,USDC
450,0.7633453934315926,687258469.595182,295,S4_twin_shock_cex_intervention,indonesia,USDC
451,0.7725376076615096,670077007.8553023,295,S4_twin_shock_cex_intervention,indonesia,USDC
452,0.774443204881062,653325082.6589198,295,S4_twin_shock_cex_intervention,indonesia,USDC
453,0.7700646804578912,636991955.5924468,295,S4_twin_shock_cex_intervention,indonesia,USDC
454,0.7744573342843987,621067156.7026356,295,S4_twin_shock_cex_intervention,indonesia,USDC
455,0.794751081905997,605540477.7850697,295,S4_twin_shock_cex_intervention,indonesia,USDC
456,0.7834791365493085,590401965.8404429,295,S4_twin_shock_cex_intervention,indonesia,USDC
457,0.7797360380905693,575641916.6944319,295,S4_twin_shock_cex_intervention,indonesia,USDC
458,0.7776221722867496,561250868.777071,295,S4_twin_shock_cex_intervention,indonesia,USDC
459,0.7884436615158079,547219597.0576442,295,S4_twin_shock_cex_intervention,indonesia,USDC
460,0.799403930678069,533539107.13120323,295,S4_twin_shock_cex_intervention,indonesia,USDC
461,0.7701509772129503,520200629.4529232,295,S4_twin_shock_cex_intervention,indonesia,USDC
462,0.7642182513748073,507195613.71660006,295,S4_twin_shock_cex_intervention,indonesia,USDC
463,0.7546381858949395,494515723.3736851,295,S4_twin_shock_cex_intervention,indonesia,USDC
464,0.7362190390957387,482152830.28934294,295,S4_twin_shock_cex_intervention,indonesia,USDC
465,0.7400066225057311,470099009.5321094,295,S4_twin_shock_cex_intervention,indonesia,USDC
466,0.7462609862206848,458346534.2938067,295,S4_twin_shock_cex_intervention,indonesia,USDC
467,0.7442621158426437,446887870.9364615,295,S4_twin_shock_cex_intervention,indonesia,USDC
468,0.7913705089895393,435715674.16305,295,S4_twin_shock_cex_intervention,indonesia,USDC
469,0.7774523750510173,424822782.3089737,295,S4_twin_shock_cex_intervention,indonesia,USDC
470,0.7916710090843311,414202212.75124943,295,S4_twin_shock_cex_intervention,indonesia,USDC
471,0.7776471647539714,403847157.4324682,295,S4_twin_shock_cex_intervention,indonesia,USDC
472,0.7825373305215506,393750978.4966564,295,S4_twin_shock_cex_intervention,indonesia,USDC
473,0.7900662935359288,383907204.03424,295,S4_twin_shock_cex_intervention,indonesia,USDC
474,0.8014067715112824,374309523.93338406,295,S4_twin_shock_cex_intervention,indonesia,USDC
475,0.8206585478557148,364951785.8350494,295,S4_twin_shock_cex_intervention,indonesia,USDC
476,0.8281286212539954,355827991.18917316,295,S4_twin_shock_cex_intervention,indonesia,USDC
477,0.8013957636400069,346932291.40944386,295,S4_twin_shock_cex_intervention,indonesia,USDC
478,0.8126036672698232,338258984.12420774,295,S4_twin_shock_cex_intervention,indonesia,USDC
479,0.8242627404119552,329802509.52110255,295,S4_twin_shock_cex_intervention,indonesia,USDC
480,0.8186644192125238,321557446.783075,295,S4_twin_shock_cex_intervention,indonesia,USDC
481,0.8241277388931257,313518510.6134981,295,S4_twin_shock_cex_intervention,indonesia,USDC
482,0.7986725909526935,305680547.8481607,295,S4_twin_shock_cex_intervention,indonesia,USDC
483,0.7817571822811826,298038534.1519566,295,S4_twin_shock_cex_intervention,indonesia,USDC
484,0.7881437821851875,290587570.7981577,295,S4_twin_shock_cex_intervention,indonesia,USDC
485,0.800706091085904,283322881.5282038,295,S4_twin_shock_cex_intervention,indonesia,USDC
486,0.8054433139229483,276239809.4899987,295,S4_twin_shock_cex_intervention,indonesia,USDC
487,0.7968954934448261,269333814.2527487,295,S4_twin_shock_cex_intervention,indonesia,USDC
488,0.7894296044056741,262600468.89643002,295,S4_twin_shock_cex_intervention,indonesia,USDC
489,0.7900524088332433,256035457.17401928,295,S4_twin_shock_cex_intervention,indonesia,USDC
490,0.7755825747180495,249634570.74466878,295,S4_twin_shock_cex_intervention,indonesia,USDC
491,0.8092170390771923,243393706.47605205,295,S4_twin_shock_cex_intervention,indonesia,USDC
492,0.8401560473810594,237308863.81415075,295,S4_twin_shock_cex_intervention,indonesia,USDC
493,0.8105918277517506,231376142.218797,295,S4_twin_shock_cex_intervention,indonesia,USDC
494,0.7936278903994282,225591738.6633271,295,S4_twin_shock_cex_intervention,indonesia,USDC
495,0.797452411923613,219951945.1967439,295,S4_twin_shock_cex_intervention,indonesia,USDC
496,0.8010107917454546,214453146.5668253,295,S4_twin_shock_cex_intervention,indonesia,USDC
497,0.7969300735081788,209091817.90265465,295,S4_twin_shock_cex_intervention,indonesia,USDC
498,0.8062392347759275,203864522.45508832,295,S4_twin_shock_cex_intervention,indonesia,USDC
499,0.8069764233648737,198767909.3937111,295,S4_twin_shock_cex_intervention,indonesia,USDC
500,0.7880717326583062,193798711.6588683,295,S4_twin_shock_cex_intervention,indonesia,USDC
501,0.8004662457603009,188953743.8673966,295,S4_twin_shock_cex_intervention,indonesia,USDC
502,0.7968388376451488,184229900.2707117,295,S4_twin_shock_cex_intervention,indonesia,USDC
503,0.7963410834354142,179624152.7639439,295,S4_twin_shock_cex_intervention,indonesia,USDC
504,0.7923700327317967,175133548.94484532,295,S4_twin_shock_cex_intervention,indonesia,USDC
505,0.8217800228205072,170755210.2212242,295,S4_twin_shock_cex_intervention,indonesia,USDC
506,0.8056678605315242,166486329.96569356,295,S4_twin_shock_cex_intervention,indonesia,USDC
507,0.8024436464251641,162324171.7165512,295,S4_twin_shock_cex_intervention,indonesia,USDC
508,0.8134950589288101,158266067.42363745,295,S4_twin_shock_cex_intervention,indonesia,USDC
509,0.8379111621110051,154309415.7380465,295,S4_twin_shock_cex_intervention,indonesia,USDC
510,0.8202993874172542,150451680.3445953,295,S4_twin_shock_cex_intervention,indonesia,USDC
511,0.8029698987801638,146690388.33598047,295,S4_twin_shock_cex_intervention,indonesia,USDC
512,0.7013098835517563,143023128.62758094,295,S4_twin_shock_cex_intervention,indonesia,USDC
513,0.7355274787099602,139447550.41189143,295,S4_twin_shock_cex_intervention,indonesia,USDC
514,0.7493247046783867,135961361.65159413,295,S4_twin_shock_cex_intervention,indonesia,USDC
515,0.7451698854861263,132562327.6103043,295,S4_twin_shock_cex_intervention,indonesia,USDC
516,0.7560889282682361,129248269.42004669,295,S4_twin_shock_cex_intervention,indonesia,USDC
517,0.7570553717751805,126017062.68454552,295,S4_twin_shock_cex_intervention,indonesia,USDC
518,0.7637261530814163,122866636.11743186,295,S4_twin_shock_cex_intervention,indonesia,USDC
519,0.7734306172981023,119794970.21449608,295,S4_twin_shock_cex_intervention,indonesia,USDC
520,0.7700330033461876,116800095.95913368,295,S4_twin_shock_cex_intervention,indonesia,USDC
521,0.7972165746198676,113880093.56015533,295,S4_twin_shock_cex_intervention,indonesia,USDC
522,0.7934638173756867,111033091.22115146,295,S4_twin_shock_cex_intervention,indonesia,USDC
523,0.7797907016555923,108257263.94062266,295,S4_twin_shock_cex_intervention,indonesia,USDC
524,0.7728827003088189,105550832.3421071,295,S4_twin_shock_cex_intervention,indonesia,USDC
525,0.7537697304788022,102912061.53355443,295,S4_twin_shock_cex_intervention,indonesia,USDC
526,0.7452073653579525,100339259.99521556,295,S4_twin_shock_cex_intervention,indonesia,USDC
527,0.7110767071380225,97830778.49533518,295,S4_twin_shock_cex_intervention,indonesia,USDC
528,0.7324790398055487,95385009.0329518,295,S4_twin_shock_cex_intervention,indonesia,USDC
529,0.7407551210134075,93000383.807128,295,S4_twin_shock_cex_intervention,indonesia,USDC
530,0.738358373008895,90675374.2119498,295,S4_twin_shock_cex_intervention,indonesia,USDC
531,0.7325359711493332,88408489.85665104,295,S4_twin_shock_cex_intervention,indonesia,USDC
532,0.7401506609121243,86198277.61023477,295,S4_twin_shock_cex_intervention,indonesia,USDC
533,0.7442506763647762,84043320.6699789,295,S4_twin_shock_cex_intervention,indonesia,USDC
534,0.7399989295189598,81942237.65322943,295,S4_twin_shock_cex_intervention,indonesia,USDC
535,0.7712957984524337,79893681.71189868,295,S4_twin_shock_cex_intervention,indonesia,USDC
536,0.7786821103801765,77896339.66910122,295,S4_twin_shock_cex_intervention,indonesia,USDC
537,0.7574599327021168,75948931.17737369,295,S4_twin_shock_cex_intervention,indonesia,USDC
538,0.7715154134302066,74050207.89793935,295,S4_twin_shock_cex_intervention,indonesia,USDC
539,0.7824044064940922,72198952.70049086,295,S4_twin_shock_cex_intervention,indonesia,USDC
540,0.8017221177399217,70393978.88297859,295,S4_twin_shock_cex_intervention,indonesia,USDC
541,0.813543643724992,68634129.41090412,295,S4_twin_shock_cex_intervention,indonesia,USDC
542,0.8353122530285522,66918276.17563152,295,S4_twin_shock_cex_intervention,indonesia,USDC
543,0.8097431480577534,65245319.27124074,295,S4_twin_shock_cex_intervention,indonesia,USDC
544,0.7865052270493105,63614186.28945973,295,S4_twin_shock_cex_intervention,indonesia,USDC
545,0.7637775780680461,62023831.63222323,295,S4_twin_shock_cex_intervention,indonesia,USDC
546,0.756463968403194,60473235.841417655,295,S4_twin_shock_cex_intervention,indonesia,USDC
547,0.7638914894159848,58961404.94538221,295,S4_twin_shock_cex_intervention,indonesia,USDC
548,0.6583536340658629,57487369.82174766,295,S4_twin_shock_cex_intervention,indonesia,USDC
549,0.6605503943495609,56050185.576203965,295,S4_twin_shock_cex_intervention,indonesia,USDC
550,0.6738829038588164,54648930.93679886,295,S4_twin_shock_cex_intervention,indonesia,USDC
551,0.709325296806352,53282707.663378894,295,S4_twin_shock_cex_intervention,indonesia,USDC
552,0.7097596306275429,51950639.97179441,295,S4_twin_shock_cex_intervention,indonesia,USDC
553,0.6934102261051901,50651873.97249956,295,S4_twin_shock_cex_intervention,indonesia,USDC
554,0.699611208188001,49385577.123187065,295,S4_twin_shock_cex_intervention,indonesia,USDC
555,0.7111184939157021,48150937.695107386,295,S4_twin_shock_cex_intervention,indonesia,USDC
556,0.7382229983669629,46947164.25272971,295,S4_twin_shock_cex_intervention,indonesia,USDC
557,0.7848557883570054,45773485.14641146,295,S4_twin_shock_cex_intervention,indonesia,USDC
558,0.7744764858275194,44629148.01775117,295,S4_twin_shock_cex_intervention,indonesia,USDC
559,0.7863021021632041,43513419.3173074,295,S4_twin_shock_cex_intervention,indonesia,USDC
560,0.7739419197499816,42425583.83437471,295,S4_twin_shock_cex_intervention,indonesia,USDC
561,0.7881676805072034,41364944.23851534,295,S4_twin_shock_cex_intervention,indonesia,USDC
562,0.7963061177209486,40330820.63255246,295,S4_twin_shock_cex_intervention,indonesia,USDC
563,0.7630845180217934,39322550.11673865,295,S4_twin_shock_cex_intervention,indonesia,USDC
564,0.7410670755183523,38339486.36382018,295,S4_twin_shock_cex_intervention,indonesia,USDC
565,0.7699696037216821,37380999.20472467,295,S4_twin_shock_cex_intervention,indonesia,USDC
566,0.7708292836694127,36446474.22460656,295,S4_twin_shock_cex_intervention,indonesia,USDC
567,0.7637396234937777,35535312.36899139,295,S4_twin_shock_cex_intervention,indonesia,USDC
568,0.7583172886986165,34646929.559766605,295,S4_twin_shock_cex_intervention,indonesia,USDC
569,0.7435612473073718,33780756.32077245,295,S4_twin_shock_cex_intervention,indonesia,USDC
570,0.7506236475677642,32936237.41275313,295,S4_twin_shock_cex_intervention,indonesia,USDC
571,0.7641905165575179,32112831.477434304,295,S4_twin_shock_cex_intervention,indonesia,USDC
572,0.743253683885133,31310010.69049845,295,S4_twin_shock_cex_intervention,indonesia,USDC
573,0.7413232763794465,30527260.423235983,295,S4_twin_shock_cex_intervention,indonesia,USDC
574,0.7491081664152125,29764078.912655085,295,S4_twin_shock_cex_intervention,indonesia,USDC
575,0.7498035777540327,29019976.939838707,295,S4_twin_shock_cex_intervention,indonesia,USDC
576,0.7624422194010237,28294477.516342737,295,S4_twin_shock_cex_intervention,indonesia,USDC
577,0.7571058088538201,27587115.57843417,295,S4_twin_shock_cex_intervention,indonesia,USDC
578,0.7667517333891017,26897437.688973315,295,S4_twin_shock_cex_intervention,indonesia,USDC
579,0.7501079469362839,26225001.746748984,295,S4_twin_shock_cex_intervention,indonesia,USDC
580,0.7640427754711404,25569376.70308026,295,S4_twin_shock_cex_intervention,indonesia,USDC
581,0.7609742084584334,24930142.285503253,295,S4_twin_shock_cex_intervention,indonesia,USDC
582,0.7951192140794655,24306888.728365675,295,S4_twin_shock_cex_intervention,indonesia,USDC
583,0.7685849388314139,23699216.51015653,295,S4_twin_shock_cex_intervention,indonesia,USDC
584,0.7495580435263238,23106736.097402617,295,S4_twin_shock_cex_intervention,indonesia,USDC
585,0.7610139275797013,22529067.694967553,295,S4_twin_shock_cex_intervention,indonesia,USDC
586,0.7588016538232565,21965841.00259336,295,S4_twin_shock_cex_intervention,indonesia,USDC
587,0.7665515676026518,21416694.977528527,295,S4_twin_shock_cex_intervention,indonesia,USDC
588,0.780217109922475,20881277.603090316,295,S4_twin_shock_cex_intervention,indonesia,USDC
589,0.7770935095993581,20359245.663013056,295,S4_twin_shock_cex_intervention,indonesia,USDC
590,0.7741440252476133,19850264.521437734,295,S4_twin_shock_cex_intervention,indonesia,USDC
591,0.7773042418038387,19354007.908401787,295,S4_twin_shock_cex_intervention,indonesia,USDC
592,0.7597066211488823,18870157.710691743,295,S4_twin_shock_cex_intervention,indonesia,USDC
593,0.7711769405797421,18398403.76792445,295,S4_twin_shock_cex_intervention,indonesia,USDC
594,0.781284040531193,17938443.67372634,295,S4_twin_shock_cex_intervention,indonesia,USDC
595,0.780327776263578,17489982.58188318,295,S4_twin_shock_cex_intervention,indonesia,USDC
596,0.7769843345482669,17052733.0173361,295,S4_twin_shock_cex_intervention,indonesia,USDC
597,0.7823674403358414,16626414.691902697,295,S4_twin_shock_cex_intervention,indonesia,USDC
598,0.7902759897879726,16210754.32460513,295,S4_twin_shock_cex_intervention,indonesia,USDC
599,0.7913819493472666,15805485.466490004,295,S4_twin_shock_cex_intervention,indonesia,USDC
600,0.789358522852941,15410348.329827754,295,S4_twin_shock_cex_intervention,indonesia,USDC
601,0.7978957523854848,15025089.621582061,295,S4_twin_shock_cex_intervention,indonesia,USDC
602,0.7829851017029213,14649462.381042507,295,S4_twin_shock_cex_intervention,indonesia,USDC
603,0.7912527827325488,14283225.821516447,295,S4_twin_shock_cex_intervention,indonesia,USDC
604,0.8149397058136006,13926145.175978536,295,S4_twin_shock_cex_intervention,indonesia,USDC
605,0.7890330099011317,13577991.546579072,295,S4_twin_shock_cex_intervention,indonesia,USDC
606,0.792639439631118,13238541.757914595,295,S4_twin_shock_cex_intervention,indonesia,USDC
607,0.8247429281769487,12907578.213966731,295,S4_twin_shock_cex_intervention,indonesia,USDC
608,0.8020045705092094,12584888.758617561,295,S4_twin_shock_cex_intervention,indonesia,USDC
609,0.8101743356736061,12270266.539652124,295,S4_twin_shock_cex_intervention,indonesia,USDC
610,0.8019137253449127,11963509.87616082,295,S4_twin_shock_cex_intervention,indonesia,USDC
611,0.8008687968723366,11664422.1292568,295,S4_twin_shock_cex_intervention,indonesia,USDC
612,0.8142840660247508,11372811.57602538,295,S4_twin_shock_cex_intervention,indonesia,USDC
613,0.8189008739773204,11088491.286624745,295,S4_twin_shock_cex_intervention,indonesia,USDC
614,0.8075448501825064,10811279.004459128,295,S4_twin_shock_cex_intervention,indonesia,USDC
615,0.7926025366911088,10540997.029347649,295,S4_twin_shock_cex_intervention,indonesia,USDC
616,0.7998710839509925,10277472.103613958,295,S4_twin_shock_cex_intervention,indonesia,USDC
617,0.7993359508492327,10020535.30102361,295,S4_twin_shock_cex_intervention,indonesia,USDC
618,0.7885852760799967,9770021.918498017,295,S4_twin_shock_cex_intervention,indonesia,USDC
619,0.803587649590714,9525771.370535567,295,S4_twin_shock_cex_intervention,indonesia,USDC
620,0.8144365736145524,9287627.086272178,295,S4_twin_shock_cex_intervention,indonesia,USDC
621,0.799431115153504,9055436.409115374,295,S4_twin_shock_cex_intervention,indonesia,USDC
622,0.7870591973373593,8829050.49888749,295,S4_twin_shock_cex_intervention,indonesia,USDC
623,0.796632917545329,8608324.236415302,295,S4_twin_shock_cex_intervention,indonesia,USDC
624,0.8103783155307039,8393116.130504921,295,S4_twin_shock_cex_intervention,indonesia,USDC
625,0.8408668982972201,8183288.2272422975,295,S4_twin_shock_cex_intervention,indonesia,USDC
626,0.8231609541270064,7978706.02156124,295,S4_twin_shock_cex_intervention,indonesia,USDC
627,0.8120607333305595,7779238.3710222095,295,S4_twin_shock_cex_intervention,indonesia,USDC
628,0.807284003794654,7584757.411746655,295,S4_twin_shock_cex_intervention,indonesia,USDC
629,0.8239881145292395,7395138.476452988,295,S4_twin_shock_cex_intervention,indonesia,USDC
630,0.8353769370218582,7210260.014541663,295,S4_twin_shock_cex_intervention,indonesia,USDC
631,0.8119880903229396,7030003.514178121,295,S4_twin_shock_cex_intervention,indonesia,USDC
632,0.7903486015743958,6854253.426323668,295,S4_twin_shock_cex_intervention,indonesia,USDC
633,0.7863253160312126,6682897.090665577,295,S4_twin_shock_cex_intervention,indonesia,USDC
634,0.7893820104032373,6515824.663398937,295,S4_twin_shock_cex_intervention,indonesia,USDC
635,0.7744736800232114,6352929.046813964,295,S4_twin_shock_cex_intervention,indonesia,USDC
636,0.7795294528313403,6194105.820643615,295,S4_twin_shock_cex_intervention,indonesia,USDC
637,0.7794959521040052,6039253.175127524,295,S4_twin_shock_cex_intervention,indonesia,USDC
638,0.8011528548068736,5888271.845749336,295,S4_twin_shock_cex_intervention,indonesia,USDC
639,0.8087430522807856,5741065.049605602,295,S4_twin_shock_cex_intervention,indonesia,USDC
640,0.8008346854877041,5597538.423365463,295,S4_twin_shock_cex_intervention,indonesia,USDC
641,0.8116958320498063,5457599.962781326,295,S4_twin_shock_cex_intervention,indonesia,USDC
642,0.8172935312521724,5321159.963711793,295,S4_twin_shock_cex_intervention,indonesia,USDC
643,0.8146180630652292,5188130.964618998,295,S4_twin_shock_cex_intervention,indonesia,USDC
644,0.807803678745026,5058427.690503523,295,S4_twin_shock_cex_intervention,indonesia,USDC
645,0.6950708798386215,4931966.998240935,295,S4_twin_shock_cex_intervention,indonesia,USDC
646,0.7117239688026644,4808667.823284912,295,S4_twin_shock_cex_intervention,indonesia,USDC
647,0.7183960486849869,4688451.127702789,295,S4_twin_shock_cex_intervention,indonesia,USDC
648,0.7375542588994478,4571239.849510219,295,S4_twin_shock_cex_intervention,indonesia,USDC
649,0.735237433900734,4456958.853272463,295,S4_twin_shock_cex_intervention,indonesia,USDC
650,0.7424504182157188,4345534.881940652,295,S4_twin_shock_cex_intervention,indonesia,USDC
651,0.7647178029326966,4236896.509892136,295,S4_twin_shock_cex_intervention,indonesia,USDC
652,0.7720979708250948,4130974.097144832,295,S4_twin_shock_cex_intervention,indonesia,USDC
653,0.75573985806047,4027699.7447162117,295,S4_twin_shock_cex_intervention,indonesia,USDC
654,0.7808317342343157,3927007.251098307,295,S4_twin_shock_cex_intervention,indonesia,USDC
655,0.7531802982420727,3828832.069820849,295,S4_twin_shock_cex_intervention,indonesia,USDC
656,0.7811895843787652,3733111.2680753274,295,S4_twin_shock_cex_intervention,indonesia,USDC
657,0.7752750079010209,3639783.486373444,295,S4_twin_shock_cex_intervention,indonesia,USDC
658,0.8068585328219343,3548788.899214108,295,S4_twin_shock_cex_intervention,indonesia,USDC
659,0.8131631322798824,3460069.1767337555,295,S4_twin_shock_cex_intervention,indonesia,USDC
660,0.8032087322685303,3373567.4473154116,295,S4_twin_shock_cex_intervention,indonesia,USDC
661,0.8116353573817381,3289228.261132526,295,S4_twin_shock_cex_intervention,indonesia,USDC
662,0.810912501260447,3206997.554604213,295,S4_twin_shock_cex_intervention,indonesia,USDC
663,0.8142076063067728,3126822.6157391076,295,S4_twin_shock_cex_intervention,indonesia,USDC
664,0.8174693861660693,3048652.05034563,295,S4_twin_shock_cex_intervention,indonesia,USDC
665,0.8005930002515415,2972435.749086989,295,S4_twin_shock_cex_intervention,indonesia,USDC
666,0.8068230544489704,2898124.855359814,295,S4_twin_shock_cex_intervention,indonesia,USDC
667,0.8142582252289301,2825671.733975819,295,S4_twin_shock_cex_intervention,indonesia,USDC
668,0.8020039291527801,2755029.9406264233,295,S4_twin_shock_cex_intervention,indonesia,USDC
669,0.7865075839630995,2686154.192110763,295,S4_twin_shock_cex_intervention,indonesia,USDC
670,0.8203131944077292,2619000.337307994,295,S4_twin_shock_cex_intervention,indonesia,USDC
671,0.7960134277944722,2553525.328875294,295,S4_twin_shock_cex_intervention,indonesia,USDC
672,0.7824482293466987,2489687.1956534116,295,S4_twin_shock_cex_intervention,indonesia,USDC
673,0.7692566396807151,2427445.0157620762,295,S4_twin_shock_cex_intervention,indonesia,USDC
674,0.7767747612835587,2366758.890368024,295,S4_twin_shock_cex_intervention,indonesia,USDC
675,0.7728814769843161,2307589.9181088237,295,S4_twin_shock_cex_intervention,indonesia,USDC
676,0.7355168879168557,2249900.170156103,295,S4_twin_shock_cex_intervention,indonesia,USDC
677,0.7274523257572324,2193652.6659022006,295,S4_twin_shock_cex_intervention,indonesia,USDC
678,0.7232471180115628,2138811.3492546454,295,S4_twin_shock_cex_intervention,indonesia,USDC
679,0.7341349242752672,2085341.0655232794,295,S4_twin_shock_cex_intervention,indonesia,USDC
680,0.7702335524174986,2033207.5388851976,295,S4_twin_shock_cex_intervention,indonesia,USDC
681,0.7657212074405261,1982377.3504130675,295,S4_twin_shock_cex_intervention,indonesia,USDC
682,0.7728360624330087,1932817.916652741,295,S4_twin_shock_cex_intervention,indonesia,USDC
683,0.7731452167750196,1884497.4687364222,295,S4_twin_shock_cex_intervention,indonesia,USDC
684,0.735105125339802,1837385.0320180117,295,S4_twin_shock_cex_intervention,indonesia,USDC
685,0.7405316040989847,1791450.4062175616,295,S4_twin_shock_cex_intervention,indonesia,USDC
686,0.7520548370797538,1746664.1460621222,295,S4_twin_shock_cex_intervention,indonesia,USDC
687,0.7850915798189921,1702997.5424105693,295,S4_twin_shock_cex_intervention,indonesia,USDC
688,0.7678110083358682,1660422.603850305,295,S4_twin_shock_cex_intervention,indonesia,USDC
689,0.7805805583141018,1618912.0387540474,295,S4_twin_shock_cex_intervention,indonesia,USDC
690,0.7506398199243952,1578439.2377851964,295,S4_twin_shock_cex_intervention,indonesia,USDC
691,0.7561211635813161,1538978.2568405662,295,S4_twin_shock_cex_intervention,indonesia,USDC
692,0.760959326152713,1500503.8004195523,295,S4_twin_shock_cex_intervention,indonesia,USDC
693,0.7636493777854151,1462991.2054090635,295,S4_twin_shock_cex_intervention,indonesia,USDC
694,0.7968934927559145,1426416.4252738366,295,S4_twin_shock_cex_intervention,indonesia,USDC
695,0.7828588419262194,1390756.014641991,295,S4_twin_shock_cex_intervention,indonesia,USDC
696,0.7833481996966407,1355987.114275941,295,S4_twin_shock_cex_intervention,indonesia,USDC
697,0.7913885952455624,1322087.4364190425,295,S4_twin_shock_cex_intervention,indonesia,USDC
698,0.7818156126088383,1289035.2505085664,295,S4_twin_shock_cex_intervention,indonesia,USDC
699,0.8024681620209693,1256809.3692458523,295,S4_twin_shock_cex_intervention,indonesia,USDC
700,0.7817146587085013,1225389.1350147058,295,S4_twin_shock_cex_intervention,indonesia,USDC
701,0.775073196967543,1194754.4066393382,295,S4_twin_shock_cex_intervention,indonesia,USDC
702,0.7708199386303969,1164885.5464733548,295,S4_twin_shock_cex_intervention,indonesia,USDC
703,0.7790404297080631,1135763.407811521,295,S4_twin_shock_cex_intervention,indonesia,USDC
704,0.8022506163440035,1107369.3226162328,295,S4_twin_shock_cex_intervention,indonesia,USDC
705,0.7962562042649018,1079685.0895508272,295,S4_twin_shock_cex_intervention,indonesia,USDC
706,0.8051102120814396,1052692.9623120565,295,S4_twin_shock_cex_intervention,indonesia,USDC
707,0.7838386837117911,1026375.6382542549,295,S4_twin_shock_cex_intervention,indonesia,USDC
708,0.7879228816151909,1000716.2472978986,295,S4_twin_shock_cex_intervention,indonesia,USDC
709,0.8132509938275712,975698.3411154511,295,S4_twin_shock_cex_intervention,indonesia,USDC
710,0.7953461087383774,951305.8825875649,295,S4_twin_shock_cex_intervention,indonesia,USDC
711,0.7870001145978089,927523.2355228757,295,S4_twin_shock_cex_intervention,indonesia,USDC
712,0.7966172373546769,904335.1546348038,295,S4_twin_shock_cex_intervention,indonesia,USDC
713,0.7925226008551477,881726.7757689338,295,S4_twin_shock_cex_intervention,indonesia,USDC
714,0.8178395881849011,859683.6063747103,295,S4_twin_shock_cex_intervention,indonesia,USDC
715,0.8140748612438625,838191.5162153426,295,S4_twin_shock_cex_intervention,indonesia,USDC
716,0.7824111427034629,817236.7283099589,295,S4_twin_shock_cex_intervention,indonesia,USDC
717,0.7735325407341936,796805.81010221,295,S4_twin_shock_cex_intervention,indonesia,USDC
718,0.7661603713272223,776885.6648496548,295,S4_twin_shock_cex_intervention,indonesia,USDC
719,0.7647137067038627,757463.5232284133,295,S4_twin_shock_cex_intervention,indonesia,USDC
720,0.7600384912966686,738526.935147703,295,S4_twin_shock_cex_intervention,indonesia,USDC
721,0.7529864334075699,720063.7617690105,295,S4_twin_shock_cex_intervention,indonesia,USDC
722,0.7452270656754708,702062.1677247852,295,S4_twin_shock_cex_intervention,indonesia,USDC
723,0.743178655234498,684510.6135316655,295,S4_twin_shock_cex_intervention,indonesia,USDC
724,0.7675952227594954,667397.8481933739,295,S4_twin_shock_cex_intervention,indonesia,USDC
725,0.758165332468938,650712.9019885396,295,S4_twin_shock_cex_intervention,indonesia,USDC
726,0.7485048817850332,634445.0794388261,295,S4_twin_shock_cex_intervention,indonesia,USDC
727,0.7479948510096632,618583.9524528554,295,S4_twin_shock_cex_intervention,indonesia,USDC
728,0.7610847103846071,603119.353641534,295,S4_twin_shock_cex_intervention,indonesia,USDC
729,0.7405197508263374,588041.3698004957,295,S4_twin_shock_cex_intervention,indonesia,USDC
730,0.7484222748549753,573340.3355554834,295,S4_twin_shock_cex_intervention,indonesia,USDC
731,0.7515142072384067,559006.8271665962,295,S4_twin_shock_cex_intervention,indonesia,USDC
732,0.7574955774957943,545031.6564874314,295,S4_twin_shock_cex_intervention,indonesia,USDC
733,0.7601625948800713,531405.8650752455,295,S4_twin_shock_cex_intervention,indonesia,USDC
734,0.7447455149596115,518120.7184483644,295,S4_twin_shock_cex_intervention,indonesia,USDC
735,0.7649710852393722,505167.70048715535,295,S4_twin_shock_cex_intervention,indonesia,USDC
736,0.7712765589209817,492538.50797497644,295,S4_twin_shock_cex_intervention,indonesia,USDC
737,0.7628802943989111,480225.0452756021,295,S4_twin_shock_cex_intervention,indonesia,USDC
738,0.7585623563604957,468219.41914371203,295,S4_twin_shock_cex_intervention,indonesia,USDC
739,0.7605963811261386,456513.9336651192,295,S4_twin_shock_cex_intervention,indonesia,USDC
740,0.7629490977037864,445101.08532349125,295,S4_twin_shock_cex_intervention,indonesia,USDC
741,0.7478427070452123,433973.5581904039,295,S4_twin_shock_cex_intervention,indonesia,USDC
742,0.7532567377733806,423124.21923564386,295,S4_twin_shock_cex_intervention,indonesia,USDC
743,0.7666873191827488,412546.1137547527,295,S4_twin_shock_cex_intervention,indonesia,USDC
744,0.7683244703518767,402232.46091088396,295,S4_twin_shock_cex_intervention,indonesia,USDC
745,0.7715783119016737,392176.6493881118,295,S4_twin_shock_cex_intervention,indonesia,USDC
746,0.7765583276161524,382372.23315340903,295,S4_twin_shock_cex_intervention,indonesia,USDC
747,0.7880979532314463,372812.9273245738,295,S4_twin_shock_cex_intervention,indonesia,USDC
748,0.7833996985269102,363492.60414145945,295,S4_twin_shock_cex_intervention,indonesia,USDC
749,0.7816416498989429,354405.289037923,295,S4_twin_shock_cex_intervention,indonesia,USDC
750,0.7869335326781924,345545.15681197494,295,S4_twin_shock_cex_intervention,indonesia,USDC
751,0.7930969534199961,336906.52789167553,295,S4_twin_shock_cex_intervention,indonesia,USDC
752,0.7928610564807316,328483.86469438364,295,S4_twin_shock_cex_intervention,indonesia,USDC
753,0.7996465048565224,320271.768077024,295,S4_twin_shock_cex_intervention,indonesia,USDC
754,0.7911327963996614,312264.97387509845,295,S4_twin_shock_cex_intervention,indonesia,USDC
755,0.8088504774556345,304458.34952822095,295,S4_twin_shock_cex_intervention,indonesia,USDC
756,0.8136882252446515,296846.89079001546,295,S4_twin_shock_cex_intervention,indonesia,USDC
757,0.8258449485924768,289425.718520265,295,S4_twin_shock_cex_intervention,indonesia,USDC
758,0.8142123184846344,282190.07555725845,295,S4_twin_shock_cex_intervention,indonesia,USDC
759,0.8129496071724721,275135.32366832695,295,S4_twin_shock_cex_intervention,indonesia,USDC
760,0.818352647449849,268256.94057661877,295,S4_twin_shock_cex_intervention,indonesia,USDC
761,0.8164261047897893,261550.51706220332,295,S4_twin_shock_cex_intervention,indonesia,USDC
762,0.7882300416088273,255011.75413564825,295,S4_twin_shock_cex_intervention,indonesia,USDC
763,0.8108151014148043,248636.460282257,295,S4_twin_shock_cex_intervention,indonesia,USDC
764,0.8109792185241351,242420.54877520056,295,S4_twin_shock_cex_intervention,indonesia,USDC
765,0.7934664829953266,236360.03505582057,295,S4_twin_shock_cex_intervention,indonesia,USDC
766,0.7997425237729768,230451.03417942504,295,S4_twin_shock_cex_intervention,indonesia,USDC
767,0.7865745186610958,224689.75832493944,295,S4_twin_shock_cex_intervention,indonesia,USDC
768,0.8025660017501145,219072.5143668159,295,S4_twin_shock_cex_intervention,indonesia,USDC
769,0.8152072676569604,213595.70150764554,295,S4_twin_shock_cex_intervention,indonesia,USDC
770,0.8354631667036001,208255.8089699544,295,S4_twin_shock_cex_intervention,indonesia,USDC
771,0.8383661091449778,203049.41374570556,295,S4_twin_shock_cex_intervention,indonesia,USDC
772,0.8260021623386229,197973.1784020629,295,S4_twin_shock_cex_intervention,indonesia,USDC
773,0.8413906571085562,193023.84894201136,295,S4_twin_shock_cex_intervention,indonesia,USDC
774,0.8328199071970328,188198.25271846107,295,S4_twin_shock_cex_intervention,indonesia,USDC
775,0.8376389091006619,183493.29640049953,295,S4_twin_shock_cex_intervention,indonesia,USDC
776,0.8494825799114275,178905.96399048704,295,S4_twin_shock_cex_intervention,indonesia,USDC
777,0.8301816560081213,174433.3148907249,295,S4_twin_shock_cex_intervention,indonesia,USDC
778,0.8172280338575054,170072.48201845677,295,S4_twin_shock_cex_intervention,indonesia,USDC
779,0.8248149554709209,165820.66996799535,295,S4_twin_shock_cex_intervention,indonesia,USDC
780,0.819012137564596,161675.15321879546,295,S4_twin_shock_cex_intervention,indonesia,USDC
781,0.798442633623511,157633.27438832558,295,S4_twin_shock_cex_intervention,indonesia,USDC
782,0.785556632326576,153692.44252861745,295,S4_twin_shock_cex_intervention,indonesia,USDC
783,0.7539801248921644,149850.131465402,295,S4_twin_shock_cex_intervention,indonesia,USDC
784,0.7572410074078031,146103.87817876696,295,S4_twin_shock_cex_intervention,indonesia,USDC
785,0.7802035724301256,142451.2812242978,295,S4_twin_shock_cex_intervention,indonesia,USDC
786,0.7805909532519313,138889.99919369034,295,S4_twin_shock_cex_intervention,indonesia,USDC
787,0.7860731268499166,135417.7492138481,295,S4_twin_shock_cex_intervention,indonesia,USDC
788,0.822435589083205,132032.30548350187,295,S4_twin_shock_cex_intervention,indonesia,USDC
789,0.8076588850425117,128731.49784641432,295,S4_twin_shock_cex_intervention,indonesia,USDC
790,0.7910221087548001,125513.21040025396,295,S4_twin_shock_cex_intervention,indonesia,USDC
791,0.7845434037030395,122375.38014024761,295,S4_twin_shock_cex_intervention,indonesia,USDC
792,0.7923157675039819,119315.99563674143,295,S4_twin_shock_cex_intervention,indonesia,USDC
793,0.7958112693181322,116333.09574582291,295,S4_twin_shock_cex_intervention,indonesia,USDC
794,0.8079318935617245,113424.76835217731,295,S4_twin_shock_cex_intervention,indonesia,USDC
795,0.7790512786116663,110589.1491433729,295,S4_twin_shock_cex_intervention,indonesia,USDC
796,0.7597273881218556,107824.42041478858,295,S4_twin_shock_cex_intervention,indonesia,USDC
797,0.762980582561827,105128.80990441886,295,S4_twin_shock_cex_intervention,indonesia,USDC
798,0.7684232549724354,102500.5896568084,295,S4_twin_shock_cex_intervention,indonesia,USDC
799,0.7677863655803052,99938.07491538819,295,S4_twin_shock_cex_intervention,indonesia,USDC
800,0.7748330574948836,97439.62304250347,295,S4_twin_shock_cex_intervention,indonesia,USDC
801,0.7577065764187364,95003.63246644089,295,S4_twin_shock_cex_intervention,indonesia,USDC
802,0.6507187341761871,92628.54165477987,295,S4_twin_shock_cex_intervention,indonesia,USDC
803,0.69125400386337,90312.82811341037,295,S4_twin_shock_cex_intervention,indonesia,USDC
804,0.7302429478018697,88055.00741057511,295,S4_twin_shock_cex_intervention,indonesia,USDC
805,0.7572889922889984,85853.63222531074,295,S4_twin_shock_cex_intervention,indonesia,USDC
806,0.784569433705133,83707.29141967796,295,S4_twin_shock_cex_intervention,indonesia,USDC
807,0.799222606054068,81614.60913418603,295,S4_twin_shock_cex_intervention,indonesia,USDC
808,0.7856250399290962,79574.24390583136,295,S4_twin_shock_cex_intervention,indonesia,USDC
809,0.7908576355845554,77584.88780818558,295,S4_twin_shock_cex_intervention,indonesia,USDC
810,0.7935039010199125,75645.26561298093,295,S4_twin_shock_cex_intervention,indonesia,USDC
811,0.7939408544827035,73754.13397265642,295,S4_twin_shock_cex_intervention,indonesia,USDC
812,0.7884204391367545,71910.28062334,295,S4_twin_shock_cex_intervention,indonesia,USDC
813,0.7724976900643902,70112.5236077565,295,S4_twin_shock_cex_intervention,indonesia,USDC
814,0.7526912503789446,68359.7105175626,295,S4_twin_shock_cex_intervention,indonesia,USDC
815,0.7701405034901773,66650.71775462353,295,S4_twin_shock_cex_intervention,indonesia,USDC
816,0.7922274134789936,64984.44981075794,295,S4_twin_shock_cex_intervention,indonesia,USDC
817,0.7947520414441235,63359.838565489,295,S4_twin_shock_cex_intervention,indonesia,USDC
818,0.7939130563284928,61775.842601351775,295,S4_twin_shock_cex_intervention,indonesia,USDC
819,0.7614655599974692,60231.446536317984,295,S4_twin_shock_cex_intervention,indonesia,USDC
820,0.7740435972394651,58725.66037291003,295,S4_twin_shock_cex_intervention,indonesia,USDC
821,0.7743528704531969,57257.518863587284,295,S4_twin_shock_cex_intervention,indonesia,USDC
822,0.7745145365752777,55826.0808919976,295,S4_twin_shock_cex_intervention,indonesia,USDC
823,0.7620178146954064,54430.42886969765,295,S4_twin_shock_cex_intervention,indonesia,USDC
824,0.7435987773849373,53069.66814795522,295,S4_twin_shock_cex_intervention,indonesia,USDC
825,0.7450788005058324,51742.92644425633,295,S4_twin_shock_cex_intervention,indonesia,USDC
826,0.737113393883969,50449.353283149925,295,S4_twin_shock_cex_intervention,indonesia,USDC
827,0.7603934054860739,49188.11945107118,295,S4_twin_shock_cex_intervention,indonesia,USDC
828,0.7658062742542739,47958.4164647944,295,S4_twin_shock_cex_intervention,indonesia,USDC
829,0.7630623521830002,46759.45605317454,295,S4_twin_shock_cex_intervention,indonesia,USDC
830,0.775732404695144,45590.46965184517,295,S4_twin_shock_cex_intervention,indonesia,USDC
831,0.7982052520637796,44450.70791054904,295,S4_twin_shock_cex_intervention,indonesia,USDC
832,0.8038318547809143,43339.44021278532,295,S4_twin_shock_cex_intervention,indonesia,USDC
833,0.7685081719190198,42255.95420746568,295,S4_twin_shock_cex_intervention,indonesia,USDC
834,0.7627043920885026,41199.555352279036,295,S4_twin_shock_cex_intervention,indonesia,USDC
835,0.762066664114197,40169.56646847206,295,S4_twin_shock_cex_intervention,indonesia,USDC
836,0.7652198454013833,39165.32730676026,295,S4_twin_shock_cex_intervention,indonesia,USDC
837,0.7502033832837584,38186.19412409126,295,S4_twin_shock_cex_intervention,indonesia,USDC
838,0.74838503874749,37231.53927098897,295,S4_twin_shock_cex_intervention,indonesia,USDC
839,0.7705310568590741,36300.75078921425,295,S4_twin_shock_cex_intervention,indonesia,USDC
840,0.7683547858133116,35393.23201948389,295,S4_twin_shock_cex_intervention,indonesia,USDC
841,0.7885354261765943,34508.40121899679,295,S4_twin_shock_cex_intervention,indonesia,USDC
842,0.8011864405575879,33645.69118852187,295,S4_twin_shock_cex_intervention,indonesia,USDC
843,0.8167443858578208,32804.54890880883,295,S4_twin_shock_cex_intervention,indonesia,USDC
844,0.8310911418497188,31984.435186088605,295,S4_twin_shock_cex_intervention,indonesia,USDC
845,0.8045359124609631,31184.824306436392,295,S4_twin_shock_cex_intervention,indonesia,USDC
846,0.7690358107171695,30405.20369877548,295,S4_twin_shock_cex_intervention,indonesia,USDC
847,0.7869760390560087,29645.07360630609,295,S4_twin_shock_cex_intervention,indonesia,USDC
848,0.7838027546394464,28903.946766148438,295,S4_twin_shock_cex_intervention,indonesia,USDC
849,0.7865527727697541,28181.34809699473,295,S4_twin_shock_cex_intervention,indonesia,USDC
850,0.7805531470074711,27476.81439456986,295,S4_twin_shock_cex_intervention,indonesia,USDC
851,0.7467007720834321,26789.894034705612,295,S4_twin_shock_cex_intervention,indonesia,USDC
852,0.7387629981027386,26120.14668383797,295,S4_twin_shock_cex_intervention,indonesia,USDC
853,0.7528673780332,25467.143016742026,295,S4_twin_shock_cex_intervention,indonesia,USDC
854,0.7732721487143427,24830.46444132347,295,S4_twin_shock_cex_intervention,indonesia,USDC
855,0.7839482548747848,24209.702830290385,295,S4_twin_shock_cex_intervention,indonesia,USDC
856,0.7648902820385606,23604.46025953313,295,S4_twin_shock_cex_intervention,indonesia,USDC
857,0.7528153180552714,23014.3487530448,295,S4_twin_shock_cex_intervention,indonesia,USDC
858,0.7768471764307333,22438.99003421868,295,S4_twin_shock_cex_intervention,indonesia,USDC
859,0.7820676024651868,21878.015283363213,295,S4_twin_shock_cex_intervention,indonesia,USDC
860,0.7971488047582233,21331.064901279133,295,S4_twin_shock_cex_intervention,indonesia,USDC
861,0.7733384478182196,20797.788278747154,295,S4_twin_shock_cex_intervention,indonesia,USDC
862,0.7488303299270334,20277.843571778474,295,S4_twin_shock_cex_intervention,indonesia,USDC
863,0.7297406896310339,19770.89748248401,295,S4_twin_shock_cex_intervention,indonesia,USDC
864,0.74399387278351,19276.62504542191,295,S4_twin_shock_cex_intervention,indonesia,USDC
865,0.7562967924272271,18794.709419286366,295,S4_twin_shock_cex_intervention,indonesia,USDC
866,0.7823515185019542,18324.841683804203,295,S4_twin_shock_cex_intervention,indonesia,USDC
867,0.7992243780428623,17866.7206417091,295,S4_twin_shock_cex_intervention,indonesia,USDC
868,0.7814877810976257,17420.05262566637,295,S4_twin_shock_cex_intervention,indonesia,USDC
869,0.7902205839844192,16984.55131002471,295,S4_twin_shock_cex_intervention,indonesia,USDC
870,0.7978418758379479,16559.937527274094,295,S4_twin_shock_cex_intervention,indonesia,USDC
871,0.8102697721432951,16145.93908909224,295,S4_twin_shock_cex_intervention,indonesia,USDC
872,0.7955373585772608,15742.290611864933,295,S4_twin_shock_cex_intervention,indonesia,USDC
873,0.7973866317880444,15348.733346568311,295,S4_twin_shock_cex_intervention,indonesia,USDC
874,0.8210349105757371,14965.015012904103,295,S4_twin_shock_cex_intervention,indonesia,USDC
875,0.7946083268638425,14590.8896375815,295,S4_twin_shock_cex_intervention,indonesia,USDC
876,0.777700857149261,14226.117396641963,295,S4_twin_shock_cex_intervention,indonesia,USDC
877,0.8009415329855125,13870.464461725913,295,S4_twin_shock_cex_intervention,indonesia,USDC
878,0.7830389712447069,13523.702850182766,295,S4_twin_shock_cex_intervention,indonesia,USDC
879,0.7742394347549605,13185.610278928198,295,S4_twin_shock_cex_intervention,indonesia,USDC
880,0.7868192836415902,12855.970021954992,295,S4_twin_shock_cex_intervention,indonesia,USDC
881,0.7751600467094433,12534.57077140612,295,S4_twin_shock_cex_intervention,indonesia,USDC
882,0.7884382711080055,12221.206502120964,295,S4_twin_shock_cex_intervention,indonesia,USDC
883,0.7764396144583263,11915.67633956794,295,S4_twin_shock_cex_intervention,indonesia,USDC
884,0.7851924032896721,11617.784431078742,295,S4_twin_shock_cex_intervention,indonesia,USDC
885,0.7651768101213268,11327.339820301773,295,S4_twin_shock_cex_intervention,indonesia,USDC
886,0.7422221046080792,11044.156324794229,295,S4_twin_shock_cex_intervention,indonesia,USDC
887,0.7590172050725448,10768.052416674374,295,S4_twin_shock_cex_intervention,indonesia,USDC
888,0.757419314931354,10498.851106257513,295,S4_twin_shock_cex_intervention,indonesia,USDC
889,0.764239537286361,10236.379828601075,295,S4_twin_shock_cex_intervention,indonesia,USDC
890,0.7642608312979371,9980.470332886049,295,S4_twin_shock_cex_intervention,indonesia,USDC
891,0.785559615087086,9730.958574563896,295,S4_twin_shock_cex_intervention,indonesia,USDC
892,0.7806127514213006,9487.6846101998,295,S4_twin_shock_cex_intervention,indonesia,USDC
893,0.7997363266294458,9250.492494944803,295,S4_twin_shock_cex_intervention,indonesia,USDC
894,0.7998636783124946,9019.230182571184,295,S4_twin_shock_cex_intervention,indonesia,USDC
895,0.7736731989814425,8793.749428006904,295,S4_twin_shock_cex_intervention,indonesia,USDC
896,0.7866644951600268,8573.905692306733,295,S4_twin_shock_cex_intervention,indonesia,USDC
897,0.7982579005535541,8359.558049999065,295,S4_twin_shock_cex_intervention,indonesia,USDC
898,0.793943869440927,8150.569098749087,295,S4_twin_shock_cex_intervention,indonesia,USDC
899,0.8064302158211453,7946.80487128036,295,S4_twin_shock_cex_intervention,indonesia,USDC
900,0.812865368825153,7748.134749498351,295,S4_twin_shock_cex_intervention,indonesia,USDC
901,0.8165617283672779,7554.431380760891,295,S4_twin_shock_cex_intervention,indonesia,USDC
902,0.7947573971605226,7365.57059624187,295,S4_twin_shock_cex_intervention,indonesia,USDC
903,0.8208478958463344,7181.431331335823,295,S4_twin_shock_cex_intervention,indonesia,USDC
904,0.8405341251014316,7001.895548052427,295,S4_twin_shock_cex_intervention,indonesia,USDC
905,0.834610059086992,6826.848159351117,295,S4_twin_shock_cex_intervention,indonesia,USDC
906,0.8233671881644118,6656.176955367338,295,S4_twin_shock_cex_intervention,indonesia,USDC
907,0.8107809648766063,6489.772531483155,295,S4_twin_shock_cex_intervention,indonesia,USDC
908,0.8004595083804152,6327.528218196076,295,S4_twin_shock_cex_intervention,indonesia,USDC
909,0.7939313809238303,6169.340012741175,295,S4_twin_shock_cex_intervention,indonesia,USDC
910,0.7971900333759048,6015.106512422645,295,S4_twin_shock_cex_intervention,indonesia,USDC
911,0.8097530647478394,5864.728849612079,295,S4_twin_shock_cex_intervention,indonesia,USDC
912,0.8094934181324686,5718.110628371777,295,S4_twin_shock_cex_intervention,indonesia,USDC
913,0.7972406970304464,5575.157862662482,295,S4_twin_shock_cex_intervention,indonesia,USDC
914,0.7825617434838323,5435.778916095921,295,S4_twin_shock_cex_intervention,indonesia,USDC
915,0.7881205629992054,5299.884443193522,295,S4_twin_shock_cex_intervention,indonesia,USDC
916,0.8056735478315342,5167.387332113684,295,S4_twin_shock_cex_intervention,indonesia,USDC
917,0.7966066287663474,5038.202648810842,295,S4_twin_shock_cex_intervention,indonesia,USDC
918,0.7969310212019642,4912.247582590571,295,S4_twin_shock_cex_intervention,indonesia,USDC
919,0.8171921635430207,4789.441393025807,295,S4_twin_shock_cex_intervention,indonesia,USDC
920,0.8551913627856197,4669.705358200162,295,S4_twin_shock_cex_intervention,indonesia,USDC
921,0.8504200233431557,4552.962724245158,295,S4_twin_shock_cex_intervention,indonesia,USDC
922,0.8616249292821783,4439.138656139029,295,S4_twin_shock_cex_intervention,indonesia,USDC
923,0.8222202759132351,4328.160189735553,295,S4_twin_shock_cex_intervention,indonesia,USDC
924,0.8232165362804438,4219.956184992165,295,S4_twin_shock_cex_intervention,indonesia,USDC
925,0.7943616524480305,4114.45728036736,295,S4_twin_shock_cex_intervention,indonesia,USDC
926,0.8053817091861026,4011.595848358176,295,S4_twin_shock_cex_intervention,indonesia,USDC
927,0.7929106001699188,3911.305952149222,295,S4_twin_shock_cex_intervention,indonesia,USDC
928,0.7694850703319046,3813.5233033454915,295,S4_twin_shock_cex_intervention,indonesia,USDC
929,0.7757539692488298,3718.185220761854,295,S4_twin_shock_cex_intervention,indonesia,USDC
930,0.7785087957664993,3625.230590242808,295,S4_twin_shock_cex_intervention,indonesia,USDC
931,0.7754365515427704,3534.5998254867377,295,S4_twin_shock_cex_intervention,indonesia,USDC
932,0.7876473724101534,3446.2348298495695,295,S4_twin_shock_cex_intervention,indonesia,USDC
933,0.7949235815795825,3360.07895910333,295,S4_twin_shock_cex_intervention,indonesia,USDC
934,0.7935896805652216,3276.076985125747,295,S4_twin_shock_cex_intervention,indonesia,USDC
935,0.8076588691425894,3194.175060497603,295,S4_twin_shock_cex_intervention,indonesia,USDC
936,0.8359591822547251,3114.3206839851637,295,S4_twin_shock_cex_intervention,indonesia,USDC
937,0.8350560373503879,3036.4626668855344,295,S4_twin_shock_cex_intervention,indonesia,USDC
938,0.8242299297467045,2960.551100213396,295,S4_twin_shock_cex_intervention,indonesia,USDC
939,0.7985479343431872,2886.537322708061,295,S4_twin_shock_cex_intervention,indonesia,USDC
940,0.784438342989345,2814.3738896403593,295,S4_twin_shock_cex_intervention,indonesia,USDC
941,0.7573448422536121,2744.014542399351,295,S4_twin_shock_cex_intervention,indonesia,USDC
942,0.7620660603144513,2675.4141788393667,295,S4_twin_shock_cex_intervention,indonesia,USDC
943,0.7813932775059981,2608.5288243683826,295,S4_twin_shock_cex_intervention,indonesia,USDC
944,0.7727341028685057,2543.3156037591734,295,S4_twin_shock_cex_intervention,indonesia,USDC
945,0.7696047429899073,2479.732713665194,295,S4_twin_shock_cex_intervention,indonesia,USDC
946,0.7657705948549176,2417.739395823564,295,S4_twin_shock_cex_intervention,indonesia,USDC
947,0.7775411149313582,2357.2959109279745,295,S4_twin_shock_cex_intervention,indonesia,USDC
948,0.7993538527948564,2298.3635131547753,295,S4_twin_shock_cex_intervention,indonesia,USDC
949,0.802360723048116,2240.9044253259062,295,S4_twin_shock_cex_intervention,indonesia,USDC
950,0.8083932142583196,2184.881814692759,295,S4_twin_shock_cex_intervention,indonesia,USDC
951,0.8419874604795603,2130.2597693254393,295,S4_twin_shock_cex_intervention,indonesia,USDC
952,0.8308938146907838,2077.0032750923037,295,S4_twin_shock_cex_intervention,indonesia,USDC
953,0.8406992226121285,2025.0781932149957,295,S4_twin_shock_cex_intervention,indonesia,USDC
954,0.8120675099813657,1974.4512383846209,295,S4_twin_shock_cex_intervention,indonesia,USDC
955,0.8328222634321273,1925.0899574250054,295,S4_twin_shock_cex_intervention,indonesia,USDC
956,0.8180858334482607,1876.9627084893802,295,S4_twin_shock_cex_intervention,indonesia,USDC
957,0.7841667233886153,1830.0386407771457,295,S4_twin_shock_cex_intervention,indonesia,USDC
958,0.7772319332422152,1784.2876747577175,295,S4_twin_shock_cex_intervention,indonesia,USDC
959,0.7580876852487348,1739.6804828887743,295,S4_twin_shock_cex_intervention,indonesia,USDC
960,0.7627254053686174,1696.188470816555,295,S4_twin_shock_cex_intervention,indonesia,USDC
961,0.7614646595979518,1653.7837590461413,295,S4_twin_shock_cex_intervention,indonesia,USDC
962,0.7378191474349497,1612.4391650699877,295,S4_twin_shock_cex_intervention,indonesia,USDC
963,0.7489238330500267,1572.128185943238,295,S4_twin_shock_cex_intervention,indonesia,USDC
964,0.7473919423481206,1532.824981294657,295,S4_twin_shock_cex_intervention,indonesia,USDC
965,0.7267093364085219,1494.5043567622906,295,S4_twin_shock_cex_intervention,indonesia,USDC
966,0.7455830852102362,1457.1417478432331,295,S4_twin_shock_cex_intervention,indonesia,USDC
967,0.77132182912128,1420.7132041471525,295,S4_twin_shock_cex_intervention,indonesia,USDC
968,0.794683148213155,1385.1953740434735,295,S4_twin_shock_cex_intervention,indonesia,USDC
969,0.7984948251193204,1350.5654896923868,295,S4_twin_shock_cex_intervention,indonesia,USDC
970,0.7600306165165704,1316.801352450077,295,S4_twin_shock_cex_intervention,indonesia,USDC
971,0.7654940325085446,1283.8813186388252,295,S4_twin_shock_cex_intervention,indonesia,USDC
972,0.75712481116922,1251.7842856728544,295,S4_twin_shock_cex_intervention,indonesia,USDC
973,0.7952541467776637,1220.4896785310332,295,S4_twin_shock_cex_intervention,indonesia,USDC
974,0.7940154314920616,1189.9774365677572,295,S4_twin_shock_cex_intervention,indonesia,USDC
975,0.7896345510437819,1160.2280006535634,295,S4_twin_shock_cex_intervention,indonesia,USDC
976,0.792215246465358,1131.2223006372244,295,S4_twin_shock_cex_intervention,indonesia,USDC
977,0.7875293758071926,1102.9417431212937,295,S4_twin_shock_cex_intervention,indonesia,USDC
978,0.7871514068426398,1075.3681995432614,295,S4_twin_shock_cex_intervention,indonesia,USDC
979,0.7733863629721,1048.4839945546798,295,S4_twin_shock_cex_intervention,indonesia,USDC
980,0.7304265006293114,1022.2718946908128,295,S4_twin_shock_cex_intervention,indonesia,USDC
981,0.7283214367061736,996.7150973235424,295,S4_twin_shock_cex_intervention,indonesia,USDC
982,0.7335885257867971,971.7972198904539,295,S4_twin_shock_cex_intervention,indonesia,USDC
983,0.7365487805357541,947.5022893931925,295,S4_twin_shock_cex_intervention,indonesia,USDC
984,0.7232021252986985,923.8147321583626,295,S4_twin_shock_cex_intervention,indonesia,USDC
985,0.7107380806541211,900.7193638544036,295,S4_twin_shock_cex_intervention,indonesia,USDC
986,0.7456584130006824,878.2013797580435,295,S4_twin_shock_cex_intervention,indonesia,USDC
987,0.7562987712915302,856.2463452640925,295,S4_twin_shock_cex_intervention,indonesia,USDC
988,0.7750282040925224,834.84018663249,295,S4_twin_shock_cex_intervention,indonesia,USDC
989,0.7582761410459953,813.9691819666779,295,S4_twin_shock_cex_intervention,indonesia,USDC
990,0.7557474350555883,793.6199524175108,295,S4_twin_shock_cex_intervention,indonesia,USDC
991,0.7620056291830737,773.779453607073,295,S4_twin_shock_cex_intervention,indonesia,USDC
992,0.7748067925077368,754.4349672668963,295,S4_twin_shock_cex_intervention,indonesia,USDC
993,0.7795139340828078,735.5740930852239,295,S4_twin_shock_cex_intervention,indonesia,USDC
994,0.7591971359851353,717.1847407580933,295,S4_twin_shock_cex_intervention,indonesia,USDC
995,0.7584530324158015,699.255122239141,295,S4_twin_shock_cex_intervention,indonesia,USDC
996,0.7888467208311888,681.7737441831624,295,S4_twin_shock_cex_intervention,indonesia,USDC
997,0.764279950632861,664.7294005785834,295,S4_twin_shock_cex_intervention,indonesia,USDC
998,0.7460501928047295,648.1111655641188,295,S4_twin_shock_cex_intervention,indonesia,USDC
999,0.7879566708760418,631.9083864250158,295,S4_twin_shock_cex_intervention,indonesia,USDC
1000,0.8214169737600335,616.1106767643904,295,S4_twin_shock_cex_intervention,indonesia,USDC
