Step,price,liquidity,iteration,scenario,region,coin
1,0.9854358307927559,2989120886397.2407,145,S4_twin_shock_cex_intervention,indonesia,USDC
2,0.9956292431141306,2989120886397.2407,145,S4_twin_shock_cex_intervention,indonesia,USDC
3,1.0052944818933456,2989120886397.2407,145,S4_twin_shock_cex_intervention,indonesia,USDC
4,1.0110406218322285,2989120886397.2407,145,S4_twin_shock_cex_intervention,indonesia,USDC
5,1.0047068450649579,2989120886397.2407,145,S4_twin_shock_cex_intervention,indonesia,USDC
6,1.0127007551161464,2989120886397.2407,145,S4_twin_shock_cex_intervention,indonesia,USDC
7,250001.0266544119,2989133386397.2407,145,S4_twin_shock_cex_intervention,indonesia,USDC
8,187502.0,2989142761397.2407,145,S4_twin_shock_cex_intervention,indonesia,USDC
9,140627.0,2989149792647.2407,145,S4_twin_shock_cex_intervention,indonesia,USDC
10,105470.75,2989155066084.7407,145,S4_twin_shock_cex_intervention,indonesia,USDC
11,79103.5625,2989159021162.8657,145,S4_twin_shock_cex_intervention,indonesia,USDC
12,59328.171875,2989161987471.4595,145,S4_twin_shock_cex_intervention,indonesia,USDC
13,44496.62890625,2989164212202.905,145,S4_twin_shock_cex_intervention,indonesia,USDC
14,33372.9716796875,2989165880751.489,145,S4_twin_shock_cex_intervention,indonesia,USDC
15,25030.228759765625,2989167132162.927,145,S4_twin_shock_cex_intervention,indonesia,USDC
16,18773.17156982422,2989168070721.505,145,S4_twin_shock_cex_intervention,indonesia,USDC
17,14080.378677368164,2989168774640.439,145,S4_twin_shock_cex_intervention,indonesia,USDC
18,10560.784008026123,2989169302579.6396,145,S4_twin_shock_cex_intervention,indonesia,USDC
19,7921.088006019592,2989169698534.04,145,S4_twin_shock_cex_intervention,indonesia,USDC
20,5941.316004514694,2989169995499.84,145,S4_twin_shock_cex_intervention,indonesia,USDC
21,4456.487003386021,2989170218224.1904,145,S4_twin_shock_cex_intervention,indonesia,USDC
22,3342.8652525395155,2989170385267.453,145,S4_twin_shock_cex_intervention,indonesia,USDC
23,2507.6489394046366,2989170510549.9,145,S4_twin_shock_cex_intervention,indonesia,USDC
24,1881.2367045534775,2989170604511.735,145,S4_twin_shock_cex_intervention,indonesia,USDC
25,1411.427528415108,2989170674983.1113,145,S4_twin_shock_cex_intervention,indonesia,USDC
26,1059.070646311331,2989170727836.644,145,S4_twin_shock_cex_intervention,indonesia,USDC
27,794.8029847334983,2989170767476.793,145,S4_twin_shock_cex_intervention,indonesia,USDC
28,596.6022385501237,2989170797206.9053,145,S4_twin_shock_cex_intervention,indonesia,USDC
29,447.9516789125928,2989170819504.4893,145,S4_twin_shock_cex_intervention,indonesia,USDC
30,336.4637591844446,2989170836227.677,145,S4_twin_shock_cex_intervention,indonesia,USDC
31,252.84781938833345,2989170848770.068,145,S4_twin_shock_cex_intervention,indonesia,USDC
32,190.1358645412501,2989170858176.8613,145,S4_twin_shock_cex_intervention,indonesia,USDC
33,143.1018984059376,2989170865231.9565,145,S4_twin_shock_cex_intervention,indonesia,USDC
34,107.82642380445319,2989170870523.2773,145,S4_twin_shock_cex_intervention,indonesia,USDC
35,81.3698178533399,2989170874491.7686,145,S4_twin_shock_cex_intervention,indonesia,USDC
36,61.52736339000492,2989170877468.1367,145,S4_twin_shock_cex_intervention,indonesia,USDC
37,46.6455225425037,2989170879700.4126,145,S4_twin_shock_cex_intervention,indonesia,USDC
38,35.484141906877774,2989170881374.62,145,S4_twin_shock_cex_intervention,indonesia,USDC
39,27.11310643015833,2989170882630.2754,145,S4_twin_shock_cex_intervention,indonesia,USDC
40,20.834829822618744,2989170883572.0166,145,S4_twin_shock_cex_intervention,indonesia,USDC
41,16.12612236696406,2989170884278.3228,145,S4_twin_shock_cex_intervention,indonesia,USDC
42,12.594591775223044,2989170884808.0527,145,S4_twin_shock_cex_intervention,indonesia,USDC
43,9.945943831417281,2989170885205.3496,145,S4_twin_shock_cex_intervention,indonesia,USDC
44,7.959457873562963,2989170885503.3228,145,S4_twin_shock_cex_intervention,indonesia,USDC
45,6.469593405172222,2989170885726.8022,145,S4_twin_shock_cex_intervention,indonesia,USDC
46,5.352195053879166,2989170885894.4116,145,S4_twin_shock_cex_intervention,indonesia,USDC
47,4.514146290409375,2989170886020.119,145,S4_twin_shock_cex_intervention,indonesia,USDC
48,3.8856097178070312,2989170886114.4,145,S4_twin_shock_cex_intervention,indonesia,USDC
49,3.414207288355273,2989170886185.11,145,S4_twin_shock_cex_intervention,indonesia,USDC
50,3.060655466266455,2989170886238.1426,145,S4_twin_shock_cex_intervention,indonesia,USDC
51,2.795491599699841,2989170886277.9175,145,S4_twin_shock_cex_intervention,indonesia,USDC
52,2.596618699774881,2989170886307.748,145,S4_twin_shock_cex_intervention,indonesia,USDC
53,2.4474640248311608,2989170886330.1216,145,S4_twin_shock_cex_intervention,indonesia,USDC
54,2.3355980186233705,2989170886346.9014,145,S4_twin_shock_cex_intervention,indonesia,USDC
55,2.251698513967528,2989170886359.4863,145,S4_twin_shock_cex_intervention,indonesia,USDC
56,2.188773885475646,2989170886368.925,145,S4_twin_shock_cex_intervention,indonesia,USDC
57,2.1415804141067345,2989170886376.004,145,S4_twin_shock_cex_intervention,indonesia,USDC
58,2.106185310580051,2989170886381.313,145,S4_twin_shock_cex_intervention,indonesia,USDC
59,2.079638982935038,2989170886385.295,145,S4_twin_shock_cex_intervention,indonesia,USDC
60,2.0597292372012785,2989170886388.2812,145,S4_twin_shock_cex_intervention,indonesia,USDC
61,1.9676154330792741,2989170886390.521,145,S4_twin_shock_cex_intervention,indonesia,USDC
62,1.9779184854610903,2989170886392.2007,145,S4_twin_shock_cex_intervention,indonesia,USDC
63,1.9101681703981714,2989170886393.4604,145,S4_twin_shock_cex_intervention,indonesia,USDC
64,1.8652329931165061,2989170886394.4053,145,S4_twin_shock_cex_intervention,indonesia,USDC
65,1.8094232751602528,2989170886395.1143,145,S4_twin_shock_cex_intervention,indonesia,USDC
66,1.7223032918545975,2989170886395.6455,145,S4_twin_shock_cex_intervention,indonesia,USDC
67,1.6895600958874621,2989170886396.044,145,S4_twin_shock_cex_intervention,indonesia,USDC
68,1.6180468050533374,2989170886396.343,145,S4_twin_shock_cex_intervention,indonesia,USDC
69,1.5441631555425508,2989170886396.5674,145,S4_twin_shock_cex_intervention,indonesia,USDC
70,1.5006850943668846,2989170886396.7354,145,S4_twin_shock_cex_intervention,indonesia,USDC
71,1.4372931780926739,2989170886396.8613,145,S4_twin_shock_cex_intervention,indonesia,USDC
72,1.4339295729604133,2989170886396.9556,145,S4_twin_shock_cex_intervention,indonesia,USDC
73,1.3500710153956808,2989170886397.027,145,S4_twin_shock_cex_intervention,indonesia,USDC
74,1.290532581125511,2989170886397.08,145,S4_twin_shock_cex_intervention,indonesia,USDC
75,1.2685010940162262,2989170886397.1196,145,S4_twin_shock_cex_intervention,indonesia,USDC
76,1.2518027990888088,2989170886397.15,145,S4_twin_shock_cex_intervention,indonesia,USDC
77,1.2199251263296733,2989170886397.172,145,S4_twin_shock_cex_intervention,indonesia,USDC
78,1.2058157036001202,2989170886397.189,145,S4_twin_shock_cex_intervention,indonesia,USDC
79,1.1766149709409435,2989170886397.201,145,S4_twin_shock_cex_intervention,indonesia,USDC
80,1.1282416102494977,2989170886397.211,145,S4_twin_shock_cex_intervention,indonesia,USDC
81,1.1257995135300918,2989170886397.218,145,S4_twin_shock_cex_intervention,indonesia,USDC
82,1.1220236321726509,2989170886397.2236,145,S4_twin_shock_cex_intervention,indonesia,USDC
83,1.1457029647107442,2989170886397.2275,145,S4_twin_shock_cex_intervention,indonesia,USDC
84,1.1525055034612635,2989170886397.2305,145,S4_twin_shock_cex_intervention,indonesia,USDC
85,1.1389533409989152,2989170886397.2324,145,S4_twin_shock_cex_intervention,indonesia,USDC
86,1.1002704511560049,2989170886397.2344,145,S4_twin_shock_cex_intervention,indonesia,USDC
87,1.0942762261638883,2989170886397.2354,145,S4_twin_shock_cex_intervention,indonesia,USDC
88,1.0378740422994872,2989170886397.2363,145,S4_twin_shock_cex_intervention,indonesia,USDC
89,1.018501862824265,2989170886397.2363,145,S4_twin_shock_cex_intervention,indonesia,USDC
90,0.9957416092751818,2989170886397.2363,145,S4_twin_shock_cex_intervention,indonesia,USDC
91,1.0078517057719367,2989170886397.2363,145,S4_twin_shock_cex_intervention,indonesia,USDC
92,1.040598795681545,2989170886397.2373,145,S4_twin_shock_cex_intervention,indonesia,USDC
93,1.0570525354636169,2989170886397.238,145,S4_twin_shock_cex_intervention,indonesia,USDC
94,1.0593611387444057,2989170886397.2383,145,S4_twin_shock_cex_intervention,indonesia,USDC
95,1.0355909231152198,2989170886397.2383,145,S4_twin_shock_cex_intervention,indonesia,USDC
96,1.0305814123685648,2989170886397.239,145,S4_twin_shock_cex_intervention,indonesia,USDC
97,1.035821787124697,2989170886397.239,145,S4_twin_shock_cex_intervention,indonesia,USDC
98,1.0609025121064555,2989170886397.239,145,S4_twin_shock_cex_intervention,indonesia,USDC
99,1.0514984477830625,2989170886397.239,145,S4_twin_shock_cex_intervention,indonesia,USDC
100,1.0541333358303109,2989170886397.239,145,S4_twin_shock_cex_intervention,indonesia,USDC
101,0.9024351893774373,2989170886397.239,145,S4_twin_shock_cex_intervention,indonesia,USDC
102,0.9273428859056423,2985192784318.7764,145,S4_twin_shock_cex_intervention,indonesia,USDC
103,0.9258106358413988,2982938956463.139,145,S4_twin_shock_cex_intervention,indonesia,USDC
104,0.9438137037333179,2980557789545.3726,145,S4_twin_shock_cex_intervention,indonesia,USDC
105,0.9672590062462368,2979269734212.157,145,S4_twin_shock_cex_intervention,indonesia,USDC
106,0.951016180562242,2979212717381.4746,145,S4_twin_shock_cex_intervention,indonesia,USDC
107,0.9501761650560193,2978275530129.2373,145,S4_twin_shock_cex_intervention,indonesia,USDC
108,0.966836602619085,2977398093769.328,145,S4_twin_shock_cex_intervention,indonesia,USDC
109,0.9474530315581876,2977268229009.2266,145,S4_twin_shock_cex_intervention,indonesia,USDC
110,0.9310770934741637,2976237150617.343,145,S4_twin_shock_cex_intervention,indonesia,USDC
111,0.9345031534272006,2974460029559.782,145,S4_twin_shock_cex_intervention,indonesia,USDC
112,0.9444520596194531,2972904763487.325,145,S4_twin_shock_cex_intervention,indonesia,USDC
113,0.8421843990911758,2971752897008.451,145,S4_twin_shock_cex_intervention,indonesia,USDC
114,0.8299652755277256,2966141922498.9893,145,S4_twin_shock_cex_intervention,indonesia,USDC
115,0.8369004412353758,2961020688349.649,145,S4_twin_shock_cex_intervention,indonesia,USDC
116,0.8620614383474828,2956739486032.821,145,S4_twin_shock_cex_intervention,indonesia,USDC
117,0.8876485785639471,2953671738618.9663,145,S4_twin_shock_cex_intervention,indonesia,USDC
118,0.9022307145160582,2951591656137.6733,145,S4_twin_shock_cex_intervention,indonesia,USDC
119,0.9163805649775406,2950025223616.7363,145,S4_twin_shock_cex_intervention,indonesia,USDC
120,0.9359562814376906,2948962330436.6597,145,S4_twin_shock_cex_intervention,indonesia,USDC
121,0.9324687847360094,2874603392502.0254,145,S4_twin_shock_cex_intervention,indonesia,USDC
122,0.9106751130879108,2802016246640.7515,145,S4_twin_shock_cex_intervention,indonesia,USDC
123,0.8864289866421572,2730895920338.0537,145,S4_twin_shock_cex_intervention,indonesia,USDC
124,0.8971089884003085,2661203197189.8545,145,S4_twin_shock_cex_intervention,indonesia,USDC
125,0.9189453325054766,2593594099684.3057,145,S4_twin_shock_cex_intervention,indonesia,USDC
126,0.8953932061429904,2528037930706.6357,145,S4_twin_shock_cex_intervention,indonesia,USDC
127,0.8463444923567782,2463835589617.633,145,S4_twin_shock_cex_intervention,indonesia,USDC
128,0.8249616994651143,2400626729142.051,145,S4_twin_shock_cex_intervention,indonesia,USDC
129,0.7957076683760637,2338960349464.1064,145,S4_twin_shock_cex_intervention,indonesia,USDC
130,0.7834487383377677,2278898159302.2617,145,S4_twin_shock_cex_intervention,indonesia,USDC
131,0.8041322325960588,2220512509711.3965,145,S4_twin_shock_cex_intervention,indonesia,USDC
132,0.8052182387524605,2163950522937.482,145,S4_twin_shock_cex_intervention,indonesia,USDC
133,0.8196615851806538,2108944863597.957,145,S4_twin_shock_cex_intervention,indonesia,USDC
134,0.8399514160305684,2055561834582.9792,145,S4_twin_shock_cex_intervention,indonesia,USDC
135,0.8233262360010496,2003687850885.7026,145,S4_twin_shock_cex_intervention,indonesia,USDC
136,0.8115500934645692,1953128523082.5342,145,S4_twin_shock_cex_intervention,indonesia,USDC
137,0.8159732564037047,1903857961467.9092,145,S4_twin_shock_cex_intervention,indonesia,USDC
138,0.6986982315526485,1855899085392.3635,145,S4_twin_shock_cex_intervention,indonesia,USDC
139,0.7196477768345448,1808958522020.6807,145,S4_twin_shock_cex_intervention,indonesia,USDC
140,0.7315620044897717,1763361561176.184,145,S4_twin_shock_cex_intervention,indonesia,USDC
141,0.7597169195080653,1719012367721.7803,145,S4_twin_shock_cex_intervention,indonesia,USDC
142,0.7728479911722316,1675863082672.6904,145,S4_twin_shock_cex_intervention,indonesia,USDC
143,0.7450366200478681,1633832330683.439,145,S4_twin_shock_cex_intervention,indonesia,USDC
144,0.7493428524342245,1592864538008.3389,145,S4_twin_shock_cex_intervention,indonesia,USDC
145,0.7514367289176166,1552951024374.3884,145,S4_twin_shock_cex_intervention,indonesia,USDC
146,0.7409852787995296,1514059587799.9302,145,S4_twin_shock_cex_intervention,indonesia,USDC
147,0.7516307935466281,1476152558766.955,145,S4_twin_shock_cex_intervention,indonesia,USDC
148,0.7769137544636592,1439208639807.8704,145,S4_twin_shock_cex_intervention,indonesia,USDC
149,0.7934952742506337,1403200518069.1821,145,S4_twin_shock_cex_intervention,indonesia,USDC
150,0.8263760994360531,1368099796358.1953,145,S4_twin_shock_cex_intervention,indonesia,USDC
151,0.8225933878853476,1333882469756.3071,145,S4_twin_shock_cex_intervention,indonesia,USDC
152,0.8417908214252484,1300522439594.802,145,S4_twin_shock_cex_intervention,indonesia,USDC
153,0.828546436710137,1268000206826.731,145,S4_twin_shock_cex_intervention,indonesia,USDC
154,0.8246840535057455,1236291173673.017,145,S4_twin_shock_cex_intervention,indonesia,USDC
155,0.82414539536272,1205375941286.4326,145,S4_twin_shock_cex_intervention,indonesia,USDC
156,0.8159437193145725,1175234734867.9436,145,S4_twin_shock_cex_intervention,indonesia,USDC
157,0.8226674354530311,1145847857190.8838,145,S4_twin_shock_cex_intervention,indonesia,USDC
158,0.8146976374179676,1117196688450.8171,145,S4_twin_shock_cex_intervention,indonesia,USDC
159,0.8348230083932863,1089262219897.907,145,S4_twin_shock_cex_intervention,indonesia,USDC
160,0.8401875456701402,1062027540409.257,145,S4_twin_shock_cex_intervention,indonesia,USDC
161,0.8337460762886801,1035474074741.8022,145,S4_twin_shock_cex_intervention,indonesia,USDC
162,0.8312421898434865,1009584800873.2114,145,S4_twin_shock_cex_intervention,indonesia,USDC
163,0.8494202405594389,984343046695.8347,145,S4_twin_shock_cex_intervention,indonesia,USDC
164,0.8346674298277328,959732802488.9089,145,S4_twin_shock_cex_intervention,indonesia,USDC
165,0.8378982407547988,935737943166.7849,145,S4_twin_shock_cex_intervention,indonesia,USDC
166,0.8663087806781183,912343103952.2644,145,S4_twin_shock_cex_intervention,indonesia,USDC
167,0.8842759902681685,889533623420.9424,145,S4_twin_shock_cex_intervention,indonesia,USDC
168,0.8717335922932311,867294630343.2075,145,S4_twin_shock_cex_intervention,indonesia,USDC
169,0.8474644777059038,845611528586.3657,145,S4_twin_shock_cex_intervention,indonesia,USDC
170,0.8192954679297033,824470433069.0365,145,S4_twin_shock_cex_intervention,indonesia,USDC
171,0.7961673739978642,803857819100.7451,145,S4_twin_shock_cex_intervention,indonesia,USDC
172,0.8063299209908674,783760552265.4833,145,S4_twin_shock_cex_intervention,indonesia,USDC
173,0.8088527028133949,764165882050.8303,145,S4_twin_shock_cex_intervention,indonesia,USDC
174,0.7945758072999826,745061171661.3978,145,S4_twin_shock_cex_intervention,indonesia,USDC
175,0.8117951807661242,726434160943.0486,145,S4_twin_shock_cex_intervention,indonesia,USDC
176,0.8319486611483164,708272939259.2383,145,S4_twin_shock_cex_intervention,indonesia,USDC
177,0.8413962955695237,690565851334.7048,145,S4_twin_shock_cex_intervention,indonesia,USDC
178,0.8356002429358261,673301482394.5377,145,S4_twin_shock_cex_intervention,indonesia,USDC
179,0.8414902649711574,656468751330.3434,145,S4_twin_shock_cex_intervention,indonesia,USDC
180,0.844910045398727,640056867684.0602,145,S4_twin_shock_cex_intervention,indonesia,USDC
181,0.841647803432723,624055305999.4811,145,S4_twin_shock_cex_intervention,indonesia,USDC
182,0.8194676109202872,608453800116.6365,145,S4_twin_shock_cex_intervention,indonesia,USDC
183,0.8215771515856459,593242320208.009,145,S4_twin_shock_cex_intervention,indonesia,USDC
184,0.8287398159552022,578411154310.9761,145,S4_twin_shock_cex_intervention,indonesia,USDC
185,0.8430544877396893,563950787889.72,145,S4_twin_shock_cex_intervention,indonesia,USDC
186,0.8374289984738996,549851949104.4521,145,S4_twin_shock_cex_intervention,indonesia,USDC
187,0.8209591136408292,536105587473.6294,145,S4_twin_shock_cex_intervention,indonesia,USDC
188,0.8232397734195647,522702885258.3572,145,S4_twin_shock_cex_intervention,indonesia,USDC
189,0.8408969592839117,509635263108.29016,145,S4_twin_shock_cex_intervention,indonesia,USDC
190,0.8475208857184842,496894343958.1465,145,S4_twin_shock_cex_intervention,indonesia,USDC
191,0.8206196013495944,484471953596.52905,145,S4_twin_shock_cex_intervention,indonesia,USDC
192,0.8159554137553462,472360122176.7645,145,S4_twin_shock_cex_intervention,indonesia,USDC
193,0.8046427682933438,460551089160.0691,145,S4_twin_shock_cex_intervention,indonesia,USDC
194,0.7983595363139548,449037284224.6368,145,S4_twin_shock_cex_intervention,indonesia,USDC
195,0.7877397158923946,437811329194.5027,145,S4_twin_shock_cex_intervention,indonesia,USDC
196,0.750404774654097,426866025345.98206,145,S4_twin_shock_cex_intervention,indonesia,USDC
197,0.7559569529725463,416194355222.39557,145,S4_twin_shock_cex_intervention,indonesia,USDC
198,0.7383608864239604,405789480803.5892,145,S4_twin_shock_cex_intervention,indonesia,USDC
199,0.7170558666929072,395644730350.68567,145,S4_twin_shock_cex_intervention,indonesia,USDC
200,0.7265215808532772,385753601339.2617,145,S4_twin_shock_cex_intervention,indonesia,USDC
201,0.7256152596175424,376109753257.165,145,S4_twin_shock_cex_intervention,indonesia,USDC
202,0.7492445734275545,366707003488.6114,145,S4_twin_shock_cex_intervention,indonesia,USDC
203,0.7635007146214399,357539324366.0155,145,S4_twin_shock_cex_intervention,indonesia,USDC
204,0.7613250121513694,348600838379.66797,145,S4_twin_shock_cex_intervention,indonesia,USDC
205,0.7687989164844417,339885815017.8819,145,S4_twin_shock_cex_intervention,indonesia,USDC
206,0.7853847326687068,331388667928.9254,145,S4_twin_shock_cex_intervention,indonesia,USDC
207,0.7792253104772864,323103949940.2816,145,S4_twin_shock_cex_intervention,indonesia,USDC
208,0.7768857174310467,315026350124.3755,145,S4_twin_shock_cex_intervention,indonesia,USDC
209,0.761825697620523,307150690472.75977,145,S4_twin_shock_cex_intervention,indonesia,USDC
210,0.7786552517647689,299471922443.14984,145,S4_twin_shock_cex_intervention,indonesia,USDC
211,0.7544603313446033,291985123784.98694,145,S4_twin_shock_cex_intervention,indonesia,USDC
212,0.7647296241528964,284685495181.2071,145,S4_twin_shock_cex_intervention,indonesia,USDC
213,0.7423288049775937,277568357418.5314,145,S4_twin_shock_cex_intervention,indonesia,USDC
214,0.7793750514297878,270629148129.0031,145,S4_twin_shock_cex_intervention,indonesia,USDC
215,0.7660176190776409,263863419193.21573,145,S4_twin_shock_cex_intervention,indonesia,USDC
216,0.7935890760849689,257266833524.90082,145,S4_twin_shock_cex_intervention,indonesia,USDC
217,0.7930255822086559,250835162556.24283,145,S4_twin_shock_cex_intervention,indonesia,USDC
218,0.8223833643960873,244564283381.54987,145,S4_twin_shock_cex_intervention,indonesia,USDC
219,0.8301969805435231,238450176219.3327,145,S4_twin_shock_cex_intervention,indonesia,USDC
220,0.8540907445244887,232488921751.2323,145,S4_twin_shock_cex_intervention,indonesia,USDC
221,0.849025367048634,226676698664.81952,145,S4_twin_shock_cex_intervention,indonesia,USDC
222,0.8494264482403775,221009781156.89532,145,S4_twin_shock_cex_intervention,indonesia,USDC
223,0.8425798037998617,215484536591.84393,145,S4_twin_shock_cex_intervention,indonesia,USDC
224,0.8030049703323004,210097423143.51154,145,S4_twin_shock_cex_intervention,indonesia,USDC
225,0.8246207233659846,204844987526.59454,145,S4_twin_shock_cex_intervention,indonesia,USDC
226,0.8204764863542096,199723862810.13257,145,S4_twin_shock_cex_intervention,indonesia,USDC
227,0.8267703775048518,194730766216.62268,145,S4_twin_shock_cex_intervention,indonesia,USDC
228,0.8101991746897373,189862497040.9408,145,S4_twin_shock_cex_intervention,indonesia,USDC
229,0.8100149804287909,185115934596.4022,145,S4_twin_shock_cex_intervention,indonesia,USDC
230,0.7038483918033734,180488036215.56757,145,S4_twin_shock_cex_intervention,indonesia,USDC
231,0.6988201849123825,175975835288.36816,145,S4_twin_shock_cex_intervention,indonesia,USDC
232,0.7206534911929456,171576439389.49344,145,S4_twin_shock_cex_intervention,indonesia,USDC
233,0.762825884784828,167287028394.0624,145,S4_twin_shock_cex_intervention,indonesia,USDC
234,0.7522641539512928,163104852677.08252,145,S4_twin_shock_cex_intervention,indonesia,USDC
235,0.7648130682403544,159027231354.26382,145,S4_twin_shock_cex_intervention,indonesia,USDC
236,0.7594284585930852,155051550566.2674,145,S4_twin_shock_cex_intervention,indonesia,USDC
237,0.7706702931401392,151175261798.724,145,S4_twin_shock_cex_intervention,indonesia,USDC
238,0.7699372050714884,147395880251.2713,145,S4_twin_shock_cex_intervention,indonesia,USDC
239,0.7806396132895962,143710983242.8969,145,S4_twin_shock_cex_intervention,indonesia,USDC
240,0.797578566525555,140118208660.21368,145,S4_twin_shock_cex_intervention,indonesia,USDC
241,0.7897711976458315,136615253442.5737,145,S4_twin_shock_cex_intervention,indonesia,USDC
242,0.8151554153586291,133199872105.50574,145,S4_twin_shock_cex_intervention,indonesia,USDC
243,0.8253136824343564,129869875302.19226,145,S4_twin_shock_cex_intervention,indonesia,USDC
244,0.8227648086560853,126623128419.10115,145,S4_twin_shock_cex_intervention,indonesia,USDC
245,0.825569126255732,123457550208.14413,145,S4_twin_shock_cex_intervention,indonesia,USDC
246,0.8534619062473837,120371111452.522,145,S4_twin_shock_cex_intervention,indonesia,USDC
247,0.8338427893860043,117361833665.92749,145,S4_twin_shock_cex_intervention,indonesia,USDC
248,0.8283569700274397,114427787824.00113,145,S4_twin_shock_cex_intervention,indonesia,USDC
249,0.8129351124066944,111567093128.14969,145,S4_twin_shock_cex_intervention,indonesia,USDC
250,0.8066121577800912,108777915799.70007,145,S4_twin_shock_cex_intervention,indonesia,USDC
251,0.7909472209956095,106058467904.49597,145,S4_twin_shock_cex_intervention,indonesia,USDC
252,0.7769995000898348,103407006206.68826,145,S4_twin_shock_cex_intervention,indonesia,USDC
253,0.7922596280577843,100821831051.347,145,S4_twin_shock_cex_intervention,indonesia,USDC
254,0.790730793289844,98301285274.92511,145,S4_twin_shock_cex_intervention,indonesia,USDC
255,0.7803230699550631,95843753142.94032,145,S4_twin_shock_cex_intervention,indonesia,USDC
256,0.7936310803603301,93447659314.2739,145,S4_twin_shock_cex_intervention,indonesia,USDC
257,0.800858761134476,91111467831.34659,145,S4_twin_shock_cex_intervention,indonesia,USDC
258,0.8008022615748651,88833681135.50696,145,S4_twin_shock_cex_intervention,indonesia,USDC
259,0.8162624253015395,86612839107.07248,145,S4_twin_shock_cex_intervention,indonesia,USDC
260,0.8055990340459783,84447518129.3579,145,S4_twin_shock_cex_intervention,indonesia,USDC
261,0.8180392516135142,82336330176.09062,145,S4_twin_shock_cex_intervention,indonesia,USDC
262,0.8369657592707176,80277921921.66269,145,S4_twin_shock_cex_intervention,indonesia,USDC
263,0.8327940997887678,78270973873.60289,145,S4_twin_shock_cex_intervention,indonesia,USDC
264,0.847209052251098,76314199526.74573,145,S4_twin_shock_cex_intervention,indonesia,USDC
265,0.8527626822577576,74406344538.56392,145,S4_twin_shock_cex_intervention,indonesia,USDC
266,0.8290499846489445,72546185925.08928,145,S4_twin_shock_cex_intervention,indonesia,USDC
267,0.8237590083355709,70732531276.95055,145,S4_twin_shock_cex_intervention,indonesia,USDC
268,0.8174163734687284,68964217995.01672,145,S4_twin_shock_cex_intervention,indonesia,USDC
269,0.7800254014465589,67240112545.13229,145,S4_twin_shock_cex_intervention,indonesia,USDC
270,0.7905105013200273,65559109731.494,145,S4_twin_shock_cex_intervention,indonesia,USDC
271,0.8004183054775198,63920131988.199036,145,S4_twin_shock_cex_intervention,indonesia,USDC
272,0.8006383230549858,62322128688.48841,145,S4_twin_shock_cex_intervention,indonesia,USDC
273,0.7908703656778198,60764075471.27118,145,S4_twin_shock_cex_intervention,indonesia,USDC
274,0.810338406380946,59244973584.48511,145,S4_twin_shock_cex_intervention,indonesia,USDC
275,0.8123018588804163,57763849244.86992,145,S4_twin_shock_cex_intervention,indonesia,USDC
276,0.7876466652558295,56319753013.74563,145,S4_twin_shock_cex_intervention,indonesia,USDC
277,0.7851177244904355,54911759188.3994,145,S4_twin_shock_cex_intervention,indonesia,USDC
278,0.7761225150813154,53538965208.687325,145,S4_twin_shock_cex_intervention,indonesia,USDC
279,0.7903544005298558,52200491078.4684,145,S4_twin_shock_cex_intervention,indonesia,USDC
280,0.7946534545300944,50895478801.505356,145,S4_twin_shock_cex_intervention,indonesia,USDC
281,0.7962127801874812,49623091831.46663,145,S4_twin_shock_cex_intervention,indonesia,USDC
282,0.7803927174148533,48382514535.679115,145,S4_twin_shock_cex_intervention,indonesia,USDC
283,0.7731772050629164,47172951672.28639,145,S4_twin_shock_cex_intervention,indonesia,USDC
284,0.7753743663541808,45993627880.47857,145,S4_twin_shock_cex_intervention,indonesia,USDC
285,0.7882666927459687,44843787183.466095,145,S4_twin_shock_cex_intervention,indonesia,USDC
286,0.7852349685959362,43722692503.879036,145,S4_twin_shock_cex_intervention,indonesia,USDC
287,0.7788842474573002,42629625191.28172,145,S4_twin_shock_cex_intervention,indonesia,USDC
288,0.7861436441215759,41563884561.49941,145,S4_twin_shock_cex_intervention,indonesia,USDC
289,0.7853412557282853,40524787447.461716,145,S4_twin_shock_cex_intervention,indonesia,USDC
290,0.7833650348310343,39511667761.275,145,S4_twin_shock_cex_intervention,indonesia,USDC
291,0.7874229042035409,38523876067.24299,145,S4_twin_shock_cex_intervention,indonesia,USDC
292,0.7763265849827398,37560779165.561806,145,S4_twin_shock_cex_intervention,indonesia,USDC
293,0.7733735637549792,36621759686.42265,145,S4_twin_shock_cex_intervention,indonesia,USDC
294,0.7670514967642386,35706215694.26201,145,S4_twin_shock_cex_intervention,indonesia,USDC
295,0.7845017826989036,34813560301.90538,145,S4_twin_shock_cex_intervention,indonesia,USDC
296,0.7965458581496241,33943221294.3577,145,S4_twin_shock_cex_intervention,indonesia,USDC
297,0.7896857547903109,33094640761.99872,145,S4_twin_shock_cex_intervention,indonesia,USDC
298,0.7963238647715077,32267274742.948715,145,S4_twin_shock_cex_intervention,indonesia,USDC
299,0.8008645726662907,31460592874.374977,145,S4_twin_shock_cex_intervention,indonesia,USDC
300,0.7859698652171243,30674078052.51558,145,S4_twin_shock_cex_intervention,indonesia,USDC
301,0.7863160822736869,29907226101.202675,145,S4_twin_shock_cex_intervention,indonesia,USDC
302,0.7612453908687847,29159545448.672592,145,S4_twin_shock_cex_intervention,indonesia,USDC
303,0.7463382026683972,28430556812.455765,145,S4_twin_shock_cex_intervention,indonesia,USDC
304,0.7527028538899381,27719792892.144356,145,S4_twin_shock_cex_intervention,indonesia,USDC
305,0.730131747621551,27026798069.84074,145,S4_twin_shock_cex_intervention,indonesia,USDC
306,0.742450925852304,26351128118.09471,145,S4_twin_shock_cex_intervention,indonesia,USDC
307,0.7683724435319993,25692349915.14234,145,S4_twin_shock_cex_intervention,indonesia,USDC
308,0.7723967021745574,25050041167.26378,145,S4_twin_shock_cex_intervention,indonesia,USDC
309,0.7878877672207629,24423790138.082176,145,S4_twin_shock_cex_intervention,indonesia,USDC
310,0.7779180652642077,23813195384.630123,145,S4_twin_shock_cex_intervention,indonesia,USDC
311,0.7934825717627071,23217865500.014366,145,S4_twin_shock_cex_intervention,indonesia,USDC
312,0.773363885599236,22637418862.514008,145,S4_twin_shock_cex_intervention,indonesia,USDC
313,0.7741335211311874,22071483390.951157,145,S4_twin_shock_cex_intervention,indonesia,USDC
314,0.7782358637676475,21519696306.17738,145,S4_twin_shock_cex_intervention,indonesia,USDC
315,0.8039767985451493,20981703898.522945,145,S4_twin_shock_cex_intervention,indonesia,USDC
316,0.8067280214326188,20457161301.05987,145,S4_twin_shock_cex_intervention,indonesia,USDC
317,0.7885531928131834,19945732268.533375,145,S4_twin_shock_cex_intervention,indonesia,USDC
318,0.7884120205712539,19447088961.820038,145,S4_twin_shock_cex_intervention,indonesia,USDC
319,0.7794248956656625,18960911737.774536,145,S4_twin_shock_cex_intervention,indonesia,USDC
320,0.7834106544123548,18486888944.330177,145,S4_twin_shock_cex_intervention,indonesia,USDC
321,0.7891936319910948,18024716720.72192,145,S4_twin_shock_cex_intervention,indonesia,USDC
322,0.8130548421415242,17574098802.703873,145,S4_twin_shock_cex_intervention,indonesia,USDC
323,0.807889747267233,17134746332.636276,145,S4_twin_shock_cex_intervention,indonesia,USDC
324,0.8174158388489713,16706377674.320368,145,S4_twin_shock_cex_intervention,indonesia,USDC
325,0.8350607500266841,16288718232.462358,145,S4_twin_shock_cex_intervention,indonesia,USDC
326,0.8199953723267338,15881500276.650799,145,S4_twin_shock_cex_intervention,indonesia,USDC
327,0.7824613106168098,15484462769.734531,145,S4_twin_shock_cex_intervention,indonesia,USDC
328,0.7988306345770936,15097351200.491167,145,S4_twin_shock_cex_intervention,indonesia,USDC
329,0.787098888536787,14719917420.47889,145,S4_twin_shock_cex_intervention,indonesia,USDC
330,0.7989853702506707,14351919484.966917,145,S4_twin_shock_cex_intervention,indonesia,USDC
331,0.8040613512415162,13993121497.842743,145,S4_twin_shock_cex_intervention,indonesia,USDC
332,0.7940688058904525,13643293460.396675,145,S4_twin_shock_cex_intervention,indonesia,USDC
333,0.7800355940536543,13302211123.88676,145,S4_twin_shock_cex_intervention,indonesia,USDC
334,0.776925175873157,12969655845.78959,145,S4_twin_shock_cex_intervention,indonesia,USDC
335,0.7621488221061758,12645414449.644852,145,S4_twin_shock_cex_intervention,indonesia,USDC
336,0.785129075465331,12329279088.40373,145,S4_twin_shock_cex_intervention,indonesia,USDC
337,0.7714793709669724,12021047111.193636,145,S4_twin_shock_cex_intervention,indonesia,USDC
338,0.7660878672143495,11720520933.413795,145,S4_twin_shock_cex_intervention,indonesia,USDC
339,0.7689150707056962,11427507910.07845,145,S4_twin_shock_cex_intervention,indonesia,USDC
340,0.7892778502304281,11141820212.326488,145,S4_twin_shock_cex_intervention,indonesia,USDC
341,0.7962336254099144,10863274707.018326,145,S4_twin_shock_cex_intervention,indonesia,USDC
342,0.8099999904441453,10591692839.342869,145,S4_twin_shock_cex_intervention,indonesia,USDC
343,0.798059512343385,10326900518.359297,145,S4_twin_shock_cex_intervention,indonesia,USDC
344,0.7982602118346271,10068728005.400314,145,S4_twin_shock_cex_intervention,indonesia,USDC
345,0.7738484480055252,9817009805.265306,145,S4_twin_shock_cex_intervention,indonesia,USDC
346,0.7638437231113566,9571584560.133673,145,S4_twin_shock_cex_intervention,indonesia,USDC
347,0.7620942909861067,9332294946.130333,145,S4_twin_shock_cex_intervention,indonesia,USDC
348,0.7654677417651305,9098987572.477074,145,S4_twin_shock_cex_intervention,indonesia,USDC
349,0.7649439625728368,8871512883.165146,145,S4_twin_shock_cex_intervention,indonesia,USDC
350,0.7677557047386045,8649725061.086018,145,S4_twin_shock_cex_intervention,indonesia,USDC
351,0.7881282428798915,8433481934.5588665,145,S4_twin_shock_cex_intervention,indonesia,USDC
352,0.797685196554831,8222644886.194896,145,S4_twin_shock_cex_intervention,indonesia,USDC
353,0.804320828914454,8017078764.040023,145,S4_twin_shock_cex_intervention,indonesia,USDC
354,0.8020695158123797,7816651794.939023,145,S4_twin_shock_cex_intervention,indonesia,USDC
355,0.786317651349393,7621235500.065548,145,S4_twin_shock_cex_intervention,indonesia,USDC
356,0.7983883423531606,7430704612.56391,145,S4_twin_shock_cex_intervention,indonesia,USDC
357,0.8176970713789186,7244936997.249811,145,S4_twin_shock_cex_intervention,indonesia,USDC
358,0.7813741871919592,7063813572.318566,145,S4_twin_shock_cex_intervention,indonesia,USDC
359,0.7698455958302783,6887218233.010602,145,S4_twin_shock_cex_intervention,indonesia,USDC
360,0.7538293861382532,6715037777.185337,145,S4_twin_shock_cex_intervention,indonesia,USDC
361,0.7573011870032516,6547161832.755704,145,S4_twin_shock_cex_intervention,indonesia,USDC
362,0.7649770579435021,6383482786.936811,145,S4_twin_shock_cex_intervention,indonesia,USDC
363,0.751160323608059,6223895717.2633915,145,S4_twin_shock_cex_intervention,indonesia,USDC
364,0.7389174293052918,6068298324.331806,145,S4_twin_shock_cex_intervention,indonesia,USDC
365,0.7395453633772643,5916590866.223511,145,S4_twin_shock_cex_intervention,indonesia,USDC
366,0.7620323461587619,5768676094.567923,145,S4_twin_shock_cex_intervention,indonesia,USDC
367,0.7612221846796297,5624459192.203725,145,S4_twin_shock_cex_intervention,indonesia,USDC
368,0.7589263421779936,5483847712.398632,145,S4_twin_shock_cex_intervention,indonesia,USDC
369,0.7707440089128679,5346751519.588666,145,S4_twin_shock_cex_intervention,indonesia,USDC
370,0.7511745095703141,5213082731.598949,145,S4_twin_shock_cex_intervention,indonesia,USDC
371,0.7511845160576945,5082755663.308975,145,S4_twin_shock_cex_intervention,indonesia,USDC
372,0.7545919312457461,4955686771.726252,145,S4_twin_shock_cex_intervention,indonesia,USDC
373,0.7686588974452727,4831794602.433095,145,S4_twin_shock_cex_intervention,indonesia,USDC
374,0.7637246272072479,4710999737.372267,145,S4_twin_shock_cex_intervention,indonesia,USDC
375,0.7611190859867576,4593224743.937961,145,S4_twin_shock_cex_intervention,indonesia,USDC
376,0.7851906886072539,4478394125.339512,145,S4_twin_shock_cex_intervention,indonesia,USDC
377,0.7810560516924133,4366434272.206023,145,S4_twin_shock_cex_intervention,indonesia,USDC
378,0.7969924247664337,4257273415.400873,145,S4_twin_shock_cex_intervention,indonesia,USDC
379,0.8051203729455414,4150841580.015851,145,S4_twin_shock_cex_intervention,indonesia,USDC
380,0.7932313343717602,4047070540.5154552,145,S4_twin_shock_cex_intervention,indonesia,USDC
381,0.8362144506815196,3945893777.002569,145,S4_twin_shock_cex_intervention,indonesia,USDC
382,0.8643502203865341,3847246432.5775046,145,S4_twin_shock_cex_intervention,indonesia,USDC
383,0.8778704875551783,3751065271.7630672,145,S4_twin_shock_cex_intervention,indonesia,USDC
384,0.8266683926194563,3657288639.9689903,145,S4_twin_shock_cex_intervention,indonesia,USDC
385,0.8180867661190052,3565856423.969765,145,S4_twin_shock_cex_intervention,indonesia,USDC
386,0.8275664042227258,3476710013.370521,145,S4_twin_shock_cex_intervention,indonesia,USDC
387,0.8204531370910559,3389792263.036258,145,S4_twin_shock_cex_intervention,indonesia,USDC
388,0.8156683111943365,3305047456.460352,145,S4_twin_shock_cex_intervention,indonesia,USDC
389,0.823937449593084,3222421270.0488434,145,S4_twin_shock_cex_intervention,indonesia,USDC
390,0.818137142117668,3141860738.297622,145,S4_twin_shock_cex_intervention,indonesia,USDC
391,0.8632711899248919,3063314219.8401814,145,S4_twin_shock_cex_intervention,indonesia,USDC
392,0.8640129683478849,2986731364.344177,145,S4_twin_shock_cex_intervention,indonesia,USDC
393,0.8427191655093634,2912063080.2355723,145,S4_twin_shock_cex_intervention,indonesia,USDC
394,0.8258057849225632,2839261503.229683,145,S4_twin_shock_cex_intervention,indonesia,USDC
395,0.8254493669862457,2768279965.648941,145,S4_twin_shock_cex_intervention,indonesia,USDC
396,0.7971736944229937,2699072966.5077176,145,S4_twin_shock_cex_intervention,indonesia,USDC
397,0.7824862385347551,2631596142.3450246,145,S4_twin_shock_cex_intervention,indonesia,USDC
398,0.7771435454059437,2565806238.786399,145,S4_twin_shock_cex_intervention,indonesia,USDC
399,0.764110460124257,2501661082.816739,145,S4_twin_shock_cex_intervention,indonesia,USDC
400,0.7654763270195133,2439119555.7463202,145,S4_twin_shock_cex_intervention,indonesia,USDC
401,0.7607745121707865,2378141566.852662,145,S4_twin_shock_cex_intervention,indonesia,USDC
402,0.7556257918291536,2318688027.681346,145,S4_twin_shock_cex_intervention,indonesia,USDC
403,0.7527554660637398,2260720826.989312,145,S4_twin_shock_cex_intervention,indonesia,USDC
404,0.7675146472152874,2204202806.314579,145,S4_twin_shock_cex_intervention,indonesia,USDC
405,0.7766039272382478,2149097736.156715,145,S4_twin_shock_cex_intervention,indonesia,USDC
406,0.7976683384900203,2095370292.7527966,145,S4_twin_shock_cex_intervention,indonesia,USDC
407,0.7992502388112457,2042986035.433977,145,S4_twin_shock_cex_intervention,indonesia,USDC
408,0.7788648263996589,1991911384.5481274,145,S4_twin_shock_cex_intervention,indonesia,USDC
409,0.7942410704040676,1942113599.9344244,145,S4_twin_shock_cex_intervention,indonesia,USDC
410,0.7857438676296207,1893560759.9360638,145,S4_twin_shock_cex_intervention,indonesia,USDC
411,0.7748166439609013,1846221740.9376621,145,S4_twin_shock_cex_intervention,indonesia,USDC
412,0.7965836436150884,1800066197.4142208,145,S4_twin_shock_cex_intervention,indonesia,USDC
413,0.7803151388792914,1755064542.478865,145,S4_twin_shock_cex_intervention,indonesia,USDC
414,0.7844286640585268,1711187928.9168935,145,S4_twin_shock_cex_intervention,indonesia,USDC
415,0.7573429545430092,1668408230.6939712,145,S4_twin_shock_cex_intervention,indonesia,USDC
416,0.7641178801674278,1626698024.926622,145,S4_twin_shock_cex_intervention,indonesia,USDC
417,0.7551591736307562,1586030574.3034563,145,S4_twin_shock_cex_intervention,indonesia,USDC
418,0.7602052950389672,1546379809.94587,145,S4_twin_shock_cex_intervention,indonesia,USDC
419,0.7623223456907432,1507720314.6972232,145,S4_twin_shock_cex_intervention,indonesia,USDC
420,0.773557358813272,1470027306.8297925,145,S4_twin_shock_cex_intervention,indonesia,USDC
421,0.775410615717843,1433276624.1590478,145,S4_twin_shock_cex_intervention,indonesia,USDC
422,0.8190064924387835,1397444708.5550716,145,S4_twin_shock_cex_intervention,indonesia,USDC
423,0.8250897951997566,1362508590.8411949,145,S4_twin_shock_cex_intervention,indonesia,USDC
424,0.7914657509696911,1328445876.070165,145,S4_twin_shock_cex_intervention,indonesia,USDC
425,0.8109577306631055,1295234729.1684108,145,S4_twin_shock_cex_intervention,indonesia,USDC
426,0.8227063372623165,1262853860.9392004,145,S4_twin_shock_cex_intervention,indonesia,USDC
427,0.831758803400027,1231282514.4157205,145,S4_twin_shock_cex_intervention,indonesia,USDC
428,0.8276088092425453,1200500451.5553274,145,S4_twin_shock_cex_intervention,indonesia,USDC
429,0.8122410894578362,1170487940.2664442,145,S4_twin_shock_cex_intervention,indonesia,USDC
430,0.7971295926175813,1141225741.7597833,145,S4_twin_shock_cex_intervention,indonesia,USDC
431,0.8161534437170966,1112695098.2157886,145,S4_twin_shock_cex_intervention,indonesia,USDC
432,0.7958831319080508,1084877720.7603939,145,S4_twin_shock_cex_intervention,indonesia,USDC
433,0.7885826554824619,1057755777.741384,145,S4_twin_shock_cex_intervention,indonesia,USDC
434,0.754189528706079,1031311883.2978494,145,S4_twin_shock_cex_intervention,indonesia,USDC
435,0.7553558623784535,1005529086.2154033,145,S4_twin_shock_cex_intervention,indonesia,USDC
436,0.775414962303641,980390859.0600181,145,S4_twin_shock_cex_intervention,indonesia,USDC
437,0.7929863795321263,955881087.5835177,145,S4_twin_shock_cex_intervention,indonesia,USDC
438,0.7826127761462576,931984060.3939297,145,S4_twin_shock_cex_intervention,indonesia,USDC
439,0.7828619779927718,908684458.8840816,145,S4_twin_shock_cex_intervention,indonesia,USDC
440,0.7834177999228649,885967347.4119794,145,S4_twin_shock_cex_intervention,indonesia,USDC
441,0.8099097663323379,863818163.72668,145,S4_twin_shock_cex_intervention,indonesia,USDC
442,0.7766824346053027,842222709.633513,145,S4_twin_shock_cex_intervention,indonesia,USDC
443,0.7113423785114478,821167141.8926753,145,S4_twin_shock_cex_intervention,indonesia,USDC
444,0.7083389680703285,800637963.3453584,145,S4_twin_shock_cex_intervention,indonesia,USDC
445,0.6455139732124505,780622014.2617244,145,S4_twin_shock_cex_intervention,indonesia,USDC
446,0.6686286352041854,761106463.9051812,145,S4_twin_shock_cex_intervention,indonesia,USDC
447,0.6777480527680485,742078802.3075517,145,S4_twin_shock_cex_intervention,indonesia,USDC
448,0.6824492159416428,723526832.2498629,145,S4_twin_shock_cex_intervention,indonesia,USDC
449,0.6751787253395111,705438661.4436164,145,S4_twin_shock_cex_intervention,indonesia,USDC
450,0.7143478430381047,687802694.907526,145,S4_twin_shock_cex_intervention,indonesia,USDC
451,0.7254614738511027,670607627.5348378,145,S4_twin_shock_cex_intervention,indonesia,USDC
452,0.7461231567789544,653842436.8464669,145,S4_twin_shock_cex_intervention,indonesia,USDC
453,0.7449640845953592,637496375.9253052,145,S4_twin_shock_cex_intervention,indonesia,USDC
454,0.743152426851259,621558966.5271726,145,S4_twin_shock_cex_intervention,indonesia,USDC
455,0.7472508316091099,606019992.3639933,145,S4_twin_shock_cex_intervention,indonesia,USDC
456,0.7601434921015147,590869492.5548935,145,S4_twin_shock_cex_intervention,indonesia,USDC
457,0.765484671676914,576097755.2410212,145,S4_twin_shock_cex_intervention,indonesia,USDC
458,0.7536688442542285,561695311.3599956,145,S4_twin_shock_cex_intervention,indonesia,USDC
459,0.7278038492061155,547652928.5759957,145,S4_twin_shock_cex_intervention,indonesia,USDC
460,0.7184844799202429,533961605.36159587,145,S4_twin_shock_cex_intervention,indonesia,USDC
461,0.726558704301551,520612565.227556,145,S4_twin_shock_cex_intervention,indonesia,USDC
462,0.7421857296371538,507597251.0968671,145,S4_twin_shock_cex_intervention,indonesia,USDC
463,0.7556015683874951,494907319.8194454,145,S4_twin_shock_cex_intervention,indonesia,USDC
464,0.7310975376674059,482534636.82395923,145,S4_twin_shock_cex_intervention,indonesia,USDC
465,0.7236570954942637,470471270.90336025,145,S4_twin_shock_cex_intervention,indonesia,USDC
466,0.7310088961740353,458709489.1307763,145,S4_twin_shock_cex_intervention,indonesia,USDC
467,0.7240869677536611,447241751.9025068,145,S4_twin_shock_cex_intervention,indonesia,USDC
468,0.7274212608338296,436060708.1049442,145,S4_twin_shock_cex_intervention,indonesia,USDC
469,0.7292699971678144,425159190.4023206,145,S4_twin_shock_cex_intervention,indonesia,USDC
470,0.7412655860230823,414530210.6422626,145,S4_twin_shock_cex_intervention,indonesia,USDC
471,0.753202580190782,404166955.37620604,145,S4_twin_shock_cex_intervention,indonesia,USDC
472,0.7506542639476818,394062781.49180084,145,S4_twin_shock_cex_intervention,indonesia,USDC
473,0.769124533165571,384211211.9545058,145,S4_twin_shock_cex_intervention,indonesia,USDC
474,0.7675414920519984,374605931.6556432,145,S4_twin_shock_cex_intervention,indonesia,USDC
475,0.7667872068795816,365240783.36425215,145,S4_twin_shock_cex_intervention,indonesia,USDC
476,0.764008023900405,356109763.78014576,145,S4_twin_shock_cex_intervention,indonesia,USDC
477,0.7631286000313625,347207019.6856421,145,S4_twin_shock_cex_intervention,indonesia,USDC
478,0.7691355692514609,338526844.1935011,145,S4_twin_shock_cex_intervention,indonesia,USDC
479,0.7620763026865269,330063673.0886636,145,S4_twin_shock_cex_intervention,indonesia,USDC
480,0.7542099880194987,321812081.26144695,145,S4_twin_shock_cex_intervention,indonesia,USDC
481,0.7466224477614578,313766779.2299108,145,S4_twin_shock_cex_intervention,indonesia,USDC
482,0.7593310590908228,305922609.74916303,145,S4_twin_shock_cex_intervention,indonesia,USDC
483,0.794858149060312,298274544.505434,145,S4_twin_shock_cex_intervention,indonesia,USDC
484,0.7871809613955855,290817680.8927981,145,S4_twin_shock_cex_intervention,indonesia,USDC
485,0.7787618188703096,283547238.87047815,145,S4_twin_shock_cex_intervention,indonesia,USDC
486,0.7848266449113753,276458557.8987162,145,S4_twin_shock_cex_intervention,indonesia,USDC
487,0.7589532887187638,269547093.9512483,145,S4_twin_shock_cex_intervention,indonesia,USDC
488,0.7673196172225715,262808416.60246706,145,S4_twin_shock_cex_intervention,indonesia,USDC
489,0.7880820925938999,256238206.1874054,145,S4_twin_shock_cex_intervention,indonesia,USDC
490,0.7855717513527751,249832251.0327203,145,S4_twin_shock_cex_intervention,indonesia,USDC
491,0.7812558225527999,243586444.75690228,145,S4_twin_shock_cex_intervention,indonesia,USDC
492,0.7907310054838347,237496783.63797972,145,S4_twin_shock_cex_intervention,indonesia,USDC
493,0.795995745339763,231559364.04703024,145,S4_twin_shock_cex_intervention,indonesia,USDC
494,0.7694791893037226,225770379.94585446,145,S4_twin_shock_cex_intervention,indonesia,USDC
495,0.7705130751709682,220126120.4472081,145,S4_twin_shock_cex_intervention,indonesia,USDC
496,0.7609599115097948,214622967.43602788,145,S4_twin_shock_cex_intervention,indonesia,USDC
497,0.769221665694016,209257393.2501272,145,S4_twin_shock_cex_intervention,indonesia,USDC
498,0.7906973151158494,204025958.41887403,145,S4_twin_shock_cex_intervention,indonesia,USDC
499,0.7903483710339881,198925309.45840216,145,S4_twin_shock_cex_intervention,indonesia,USDC
500,0.7958036179754343,193952176.72194213,145,S4_twin_shock_cex_intervention,indonesia,USDC
501,0.7981128482116597,189103372.30389357,145,S4_twin_shock_cex_intervention,indonesia,USDC
502,0.8029448443642533,184375787.99629623,145,S4_twin_shock_cex_intervention,indonesia,USDC
503,0.8265364921024912,179766393.29638883,145,S4_twin_shock_cex_intervention,indonesia,USDC
504,0.8341059531874282,175272233.4639791,145,S4_twin_shock_cex_intervention,indonesia,USDC
505,0.8655821652280872,170890427.62737963,145,S4_twin_shock_cex_intervention,indonesia,USDC
506,0.8790722249220654,166618166.93669513,145,S4_twin_shock_cex_intervention,indonesia,USDC
507,0.8876986611319997,162452712.76327774,145,S4_twin_shock_cex_intervention,indonesia,USDC
508,0.8848913063705646,158391394.9441958,145,S4_twin_shock_cex_intervention,indonesia,USDC
509,0.9032570648794033,154431610.07059088,145,S4_twin_shock_cex_intervention,indonesia,USDC
510,0.8990572192937981,150570819.81882614,145,S4_twin_shock_cex_intervention,indonesia,USDC
511,0.8783459969929438,146806549.32335547,145,S4_twin_shock_cex_intervention,indonesia,USDC
512,0.8889386519546011,143136385.5902716,145,S4_twin_shock_cex_intervention,indonesia,USDC
513,0.8944627820475423,139557975.9505148,145,S4_twin_shock_cex_intervention,indonesia,USDC
514,0.8746997293214608,136069026.5517519,145,S4_twin_shock_cex_intervention,indonesia,USDC
515,0.8655921570960396,132667300.88795811,145,S4_twin_shock_cex_intervention,indonesia,USDC
516,0.8716889782732736,129350618.36575916,145,S4_twin_shock_cex_intervention,indonesia,USDC
517,0.8832028685643263,126116852.9066152,145,S4_twin_shock_cex_intervention,indonesia,USDC
518,0.859211331919842,122963931.58394982,145,S4_twin_shock_cex_intervention,indonesia,USDC
519,0.836081380113719,119889833.29435107,145,S4_twin_shock_cex_intervention,indonesia,USDC
520,0.8342066171340784,116892587.4619923,145,S4_twin_shock_cex_intervention,indonesia,USDC
521,0.8220558963769723,113970272.7754425,145,S4_twin_shock_cex_intervention,indonesia,USDC
522,0.8347065643740503,111121015.95605643,145,S4_twin_shock_cex_intervention,indonesia,USDC
523,0.8159396348831766,108342990.55715504,145,S4_twin_shock_cex_intervention,indonesia,USDC
524,0.8064461330966185,105634415.79322615,145,S4_twin_shock_cex_intervention,indonesia,USDC
525,0.7990440568674338,102993555.3983955,145,S4_twin_shock_cex_intervention,indonesia,USDC
526,0.8216518986447195,100418716.51343562,145,S4_twin_shock_cex_intervention,indonesia,USDC
527,0.7848948341143451,97908248.60059974,145,S4_twin_shock_cex_intervention,indonesia,USDC
528,0.7832857102058947,95460542.38558473,145,S4_twin_shock_cex_intervention,indonesia,USDC
529,0.7201110805740191,93074028.82594512,145,S4_twin_shock_cex_intervention,indonesia,USDC
530,0.7177065559159942,90747178.1052965,145,S4_twin_shock_cex_intervention,indonesia,USDC
531,0.7264644012349109,88478498.65266407,145,S4_twin_shock_cex_intervention,indonesia,USDC
532,0.7406818215527159,86266536.18634747,145,S4_twin_shock_cex_intervention,indonesia,USDC
533,0.7638109699549368,84109872.78168878,145,S4_twin_shock_cex_intervention,indonesia,USDC
534,0.7662600939267512,82007125.96214657,145,S4_twin_shock_cex_intervention,indonesia,USDC
535,0.77849100225631,79956947.8130929,145,S4_twin_shock_cex_intervention,indonesia,USDC
536,0.7676789632749573,77958024.11776559,145,S4_twin_shock_cex_intervention,indonesia,USDC
537,0.7761302021354296,76009073.51482144,145,S4_twin_shock_cex_intervention,indonesia,USDC
538,0.8032547720987803,74108846.6769509,145,S4_twin_shock_cex_intervention,indonesia,USDC
539,0.8204500753861387,72256125.51002713,145,S4_twin_shock_cex_intervention,indonesia,USDC
540,0.7992237791454734,70449722.37227646,145,S4_twin_shock_cex_intervention,indonesia,USDC
541,0.7642673211802551,68688479.31296955,145,S4_twin_shock_cex_intervention,indonesia,USDC
542,0.780535319068583,66971267.3301453,145,S4_twin_shock_cex_intervention,indonesia,USDC
543,0.7880920370507019,65296985.64689167,145,S4_twin_shock_cex_intervention,indonesia,USDC
544,0.7920150192097621,63664561.00571938,145,S4_twin_shock_cex_intervention,indonesia,USDC
545,0.801553607790547,62072946.98057639,145,S4_twin_shock_cex_intervention,indonesia,USDC
546,0.785094323732349,60521123.30606198,145,S4_twin_shock_cex_intervention,indonesia,USDC
547,0.757431228869739,59008095.22341043,145,S4_twin_shock_cex_intervention,indonesia,USDC
548,0.7673200289833159,57532892.842825174,145,S4_twin_shock_cex_intervention,indonesia,USDC
549,0.7774627407710738,56094570.52175454,145,S4_twin_shock_cex_intervention,indonesia,USDC
550,0.769881494562934,54692206.25871068,145,S4_twin_shock_cex_intervention,indonesia,USDC
551,0.788221757225522,53324901.10224292,145,S4_twin_shock_cex_intervention,indonesia,USDC
552,0.7665964566290211,51991778.57468684,145,S4_twin_shock_cex_intervention,indonesia,USDC
553,0.7441906192587762,50691984.11031966,145,S4_twin_shock_cex_intervention,indonesia,USDC
554,0.7528332609123317,49424684.507561676,145,S4_twin_shock_cex_intervention,indonesia,USDC
555,0.7450628702392503,48189067.394872636,145,S4_twin_shock_cex_intervention,indonesia,USDC
556,0.7532923807456819,46984340.71000082,145,S4_twin_shock_cex_intervention,indonesia,USDC
557,0.7600054178718482,45809732.192250796,145,S4_twin_shock_cex_intervention,indonesia,USDC
558,0.7625636420614633,44664488.887444526,145,S4_twin_shock_cex_intervention,indonesia,USDC
559,0.7934774961962371,43547876.665258415,145,S4_twin_shock_cex_intervention,indonesia,USDC
560,0.8041584251360986,42459179.748626955,145,S4_twin_shock_cex_intervention,indonesia,USDC
561,0.792682403442552,41397700.25491128,145,S4_twin_shock_cex_intervention,indonesia,USDC
562,0.8060574309476429,40362757.7485385,145,S4_twin_shock_cex_intervention,indonesia,USDC
563,0.7944889829784736,39353688.80482504,145,S4_twin_shock_cex_intervention,indonesia,USDC
564,0.7827281653443312,38369846.584704414,145,S4_twin_shock_cex_intervention,indonesia,USDC
565,0.702960824928621,37410600.4200868,145,S4_twin_shock_cex_intervention,indonesia,USDC
566,0.6978963641732967,36475335.40958463,145,S4_twin_shock_cex_intervention,indonesia,USDC
567,0.6650363589647637,35563452.02434501,145,S4_twin_shock_cex_intervention,indonesia,USDC
568,0.6964329585739678,34674365.72373639,145,S4_twin_shock_cex_intervention,indonesia,USDC
569,0.7149524824417324,33807506.580642976,145,S4_twin_shock_cex_intervention,indonesia,USDC
570,0.6862427604740253,32962318.916126903,145,S4_twin_shock_cex_intervention,indonesia,USDC
571,0.6855773237782995,32138260.94322373,145,S4_twin_shock_cex_intervention,indonesia,USDC
572,0.6806259485733258,31334804.419643134,145,S4_twin_shock_cex_intervention,indonesia,USDC
573,0.7087470716863677,30551434.30915206,145,S4_twin_shock_cex_intervention,indonesia,USDC
574,0.7338195747753247,29787648.45142325,145,S4_twin_shock_cex_intervention,indonesia,USDC
575,0.7491349971470724,29042957.240137674,145,S4_twin_shock_cex_intervention,indonesia,USDC
576,0.7681611178383854,28316883.30913423,145,S4_twin_shock_cex_intervention,indonesia,USDC
577,0.7592582466549338,27608961.226405874,145,S4_twin_shock_cex_intervention,indonesia,USDC
578,0.7706047731998635,26918737.195745725,145,S4_twin_shock_cex_intervention,indonesia,USDC
579,0.7824933999698963,26245768.765852086,145,S4_twin_shock_cex_intervention,indonesia,USDC
580,0.7840235425795196,25589624.546705782,145,S4_twin_shock_cex_intervention,indonesia,USDC
581,0.760682700607876,24949883.933038138,145,S4_twin_shock_cex_intervention,indonesia,USDC
582,0.7476075398710766,24326136.834712185,145,S4_twin_shock_cex_intervention,indonesia,USDC
583,0.7452393914821405,23717983.41384438,145,S4_twin_shock_cex_intervention,indonesia,USDC
584,0.7320777343692222,23125033.828498267,145,S4_twin_shock_cex_intervention,indonesia,USDC
585,0.7579219151915298,22546907.982785814,145,S4_twin_shock_cex_intervention,indonesia,USDC
586,0.7640057057113121,21983235.28321617,145,S4_twin_shock_cex_intervention,indonesia,USDC
587,0.759302456816233,21433654.401135765,145,S4_twin_shock_cex_intervention,indonesia,USDC
588,0.7771704670830981,20897813.04110737,145,S4_twin_shock_cex_intervention,indonesia,USDC
589,0.7740960862518806,20375367.715079688,145,S4_twin_shock_cex_intervention,indonesia,USDC
590,0.7678208695092243,19865983.522202693,145,S4_twin_shock_cex_intervention,indonesia,USDC
591,0.7803122596755605,19369333.934147626,145,S4_twin_shock_cex_intervention,indonesia,USDC
592,0.7707345748113787,18885100.585793935,145,S4_twin_shock_cex_intervention,indonesia,USDC
593,0.7788980332545254,18412973.07114909,145,S4_twin_shock_cex_intervention,indonesia,USDC
594,0.7577117422386438,17952648.744370364,145,S4_twin_shock_cex_intervention,indonesia,USDC
595,0.7407468593942473,17503832.525761105,145,S4_twin_shock_cex_intervention,indonesia,USDC
596,0.7351654526095237,17066236.712617077,145,S4_twin_shock_cex_intervention,indonesia,USDC
597,0.7401860995413971,16639580.794801649,145,S4_twin_shock_cex_intervention,indonesia,USDC
598,0.7141556103987037,16223591.274931608,145,S4_twin_shock_cex_intervention,indonesia,USDC
599,0.7107336310604256,15818001.493058318,145,S4_twin_shock_cex_intervention,indonesia,USDC
600,0.7223661962134247,15422551.45573186,145,S4_twin_shock_cex_intervention,indonesia,USDC
601,0.7249135460152444,15036987.669338562,145,S4_twin_shock_cex_intervention,indonesia,USDC
602,0.7408613451696586,14661062.977605097,145,S4_twin_shock_cex_intervention,indonesia,USDC
603,0.7385686470615138,14294536.40316497,145,S4_twin_shock_cex_intervention,indonesia,USDC
604,0.7351776045786198,13937172.993085846,145,S4_twin_shock_cex_intervention,indonesia,USDC
605,0.7216989933318724,13588743.668258699,145,S4_twin_shock_cex_intervention,indonesia,USDC
606,0.7329291369918455,13249025.07655223,145,S4_twin_shock_cex_intervention,indonesia,USDC
607,0.7200677516449456,12917799.449638426,145,S4_twin_shock_cex_intervention,indonesia,USDC
608,0.7363716496115589,12594854.463397466,145,S4_twin_shock_cex_intervention,indonesia,USDC
609,0.7475516421162712,12279983.101812528,145,S4_twin_shock_cex_intervention,indonesia,USDC
610,0.773303431746493,11972983.524267215,145,S4_twin_shock_cex_intervention,indonesia,USDC
611,0.7829043658446878,11673658.936160535,145,S4_twin_shock_cex_intervention,indonesia,USDC
612,0.7635774545434781,11381817.462756522,145,S4_twin_shock_cex_intervention,indonesia,USDC
613,0.7705158545389157,11097272.02618761,145,S4_twin_shock_cex_intervention,indonesia,USDC
614,0.7726179538442891,10819840.22553292,145,S4_twin_shock_cex_intervention,indonesia,USDC
615,0.7833696341824951,10549344.219894595,145,S4_twin_shock_cex_intervention,indonesia,USDC
616,0.7806391024419178,10285610.61439723,145,S4_twin_shock_cex_intervention,indonesia,USDC
617,0.7946468734025426,10028470.3490373,145,S4_twin_shock_cex_intervention,indonesia,USDC
618,0.7906123260649546,9777758.590311367,145,S4_twin_shock_cex_intervention,indonesia,USDC
619,0.7770226391720534,9533314.625553582,145,S4_twin_shock_cex_intervention,indonesia,USDC
620,0.7850232315050207,9294981.759914745,145,S4_twin_shock_cex_intervention,indonesia,USDC
621,0.7594040547414231,9062607.215916876,145,S4_twin_shock_cex_intervention,indonesia,USDC
622,0.7674854625300662,8836042.035518954,145,S4_twin_shock_cex_intervention,indonesia,USDC
623,0.7657658003286522,8615140.98463098,145,S4_twin_shock_cex_intervention,indonesia,USDC
624,0.764425742339098,8399762.460015206,145,S4_twin_shock_cex_intervention,indonesia,USDC
625,0.7321825751774447,8189768.398514824,145,S4_twin_shock_cex_intervention,indonesia,USDC
626,0.7449086364205992,7985024.188551955,145,S4_twin_shock_cex_intervention,indonesia,USDC
627,0.7484265595645668,7785398.5838381555,145,S4_twin_shock_cex_intervention,indonesia,USDC
628,0.7577392511309756,7590763.619242201,145,S4_twin_shock_cex_intervention,indonesia,USDC
629,0.746369329400174,7400994.528761147,145,S4_twin_shock_cex_intervention,indonesia,USDC
630,0.7451839463736957,7215969.665542118,145,S4_twin_shock_cex_intervention,indonesia,USDC
631,0.7507037116973824,7035570.423903564,145,S4_twin_shock_cex_intervention,indonesia,USDC
632,0.7615857962363305,6859681.1633059755,145,S4_twin_shock_cex_intervention,indonesia,USDC
633,0.7645295006785596,6688189.134223326,145,S4_twin_shock_cex_intervention,indonesia,USDC
634,0.7643762126798906,6520984.405867743,145,S4_twin_shock_cex_intervention,indonesia,USDC
635,0.7807766900940716,6357959.795721049,145,S4_twin_shock_cex_intervention,indonesia,USDC
636,0.7446561284826747,6199010.800828023,145,S4_twin_shock_cex_intervention,indonesia,USDC
637,0.7531414544220125,6044035.530807322,145,S4_twin_shock_cex_intervention,indonesia,USDC
638,0.7481481759120112,5892934.642537139,145,S4_twin_shock_cex_intervention,indonesia,USDC
639,0.7464567809169984,5745611.27647371,145,S4_twin_shock_cex_intervention,indonesia,USDC
640,0.735763991151734,5601970.994561868,145,S4_twin_shock_cex_intervention,indonesia,USDC
641,0.7177954241544422,5461921.719697822,145,S4_twin_shock_cex_intervention,indonesia,USDC
642,0.7111453498004758,5325373.676705376,145,S4_twin_shock_cex_intervention,indonesia,USDC
643,0.7143211311868108,5192239.334787741,145,S4_twin_shock_cex_intervention,indonesia,USDC
644,0.712598846141458,5062433.351418048,145,S4_twin_shock_cex_intervention,indonesia,USDC
645,0.7117791753668987,4935872.517632597,145,S4_twin_shock_cex_intervention,indonesia,USDC
646,0.706691636849257,4812475.704691783,145,S4_twin_shock_cex_intervention,indonesia,USDC
647,0.7156512452173648,4692163.812074488,145,S4_twin_shock_cex_intervention,indonesia,USDC
648,0.6606497556030538,4574859.716772625,145,S4_twin_shock_cex_intervention,indonesia,USDC
649,0.6637322179977421,4460488.223853311,145,S4_twin_shock_cex_intervention,indonesia,USDC
650,0.681561572691302,4348976.018256977,145,S4_twin_shock_cex_intervention,indonesia,USDC
651,0.6947851239718696,4240251.617800552,145,S4_twin_shock_cex_intervention,indonesia,USDC
652,0.7079564080454455,4134245.3273555385,145,S4_twin_shock_cex_intervention,indonesia,USDC
653,0.7302877316818475,4030889.1941716503,145,S4_twin_shock_cex_intervention,indonesia,USDC
654,0.7407186639537007,3930116.964317359,145,S4_twin_shock_cex_intervention,indonesia,USDC
655,0.7255752418865239,3831864.040209425,145,S4_twin_shock_cex_intervention,indonesia,USDC
656,0.7307273049061265,3736067.4392041895,145,S4_twin_shock_cex_intervention,indonesia,USDC
657,0.7612454697832713,3642665.7532240846,145,S4_twin_shock_cex_intervention,indonesia,USDC
658,0.7624434334369996,3551599.1093934826,145,S4_twin_shock_cex_intervention,indonesia,USDC
659,0.7483328085061325,3462809.1316586453,145,S4_twin_shock_cex_intervention,indonesia,USDC
660,0.7671194728941028,3376238.9033671794,145,S4_twin_shock_cex_intervention,indonesia,USDC
661,0.788764023859822,3291832.930783,145,S4_twin_shock_cex_intervention,indonesia,USDC
662,0.7962610323675992,3209537.1075134245,145,S4_twin_shock_cex_intervention,indonesia,USDC
663,0.8045570381598418,3129298.679825589,145,S4_twin_shock_cex_intervention,indonesia,USDC
664,0.7785511660101584,3051066.212829949,145,S4_twin_shock_cex_intervention,indonesia,USDC
665,0.8179231009168833,2974789.5575092,145,S4_twin_shock_cex_intervention,indonesia,USDC
666,0.8110813655539361,2900419.81857147,145,S4_twin_shock_cex_intervention,indonesia,USDC
667,0.7766028974336404,2827909.3231071834,145,S4_twin_shock_cex_intervention,indonesia,USDC
668,0.7815614586350819,2757211.5900295037,145,S4_twin_shock_cex_intervention,indonesia,USDC
669,0.7897797642111244,2688281.300278766,145,S4_twin_shock_cex_intervention,indonesia,USDC
670,0.7767273067433074,2621074.2677717973,145,S4_twin_shock_cex_intervention,indonesia,USDC
671,0.7918745969918639,2555547.411077502,145,S4_twin_shock_cex_intervention,indonesia,USDC
672,0.818333216717765,2491658.7258005645,145,S4_twin_shock_cex_intervention,indonesia,USDC
673,0.8065149308292981,2429367.2576555507,145,S4_twin_shock_cex_intervention,indonesia,USDC
674,0.7966467478548623,2368633.0762141617,145,S4_twin_shock_cex_intervention,indonesia,USDC
675,0.801617602523619,2309417.249308808,145,S4_twin_shock_cex_intervention,indonesia,USDC
676,0.7952226080928406,2251681.8180760876,145,S4_twin_shock_cex_intervention,indonesia,USDC
677,0.791954349138642,2195389.7726241853,145,S4_twin_shock_cex_intervention,indonesia,USDC
678,0.7747642951666606,2140505.0283085806,145,S4_twin_shock_cex_intervention,indonesia,USDC
679,0.7991692427725237,2086992.4026008663,145,S4_twin_shock_cex_intervention,indonesia,USDC
680,0.8111068945416812,2034817.5925358448,145,S4_twin_shock_cex_intervention,indonesia,USDC
681,0.834688071455385,1983947.1527224486,145,S4_twin_shock_cex_intervention,indonesia,USDC
682,0.8561267798358261,1934348.4739043873,145,S4_twin_shock_cex_intervention,indonesia,USDC
683,0.8742805270011831,1885989.7620567777,145,S4_twin_shock_cex_intervention,indonesia,USDC
684,0.8537729322811143,1838840.0180053585,145,S4_twin_shock_cex_intervention,indonesia,USDC
685,0.8489560469575652,1792869.0175552242,145,S4_twin_shock_cex_intervention,indonesia,USDC
686,0.8573152102964086,1748047.2921163435,145,S4_twin_shock_cex_intervention,indonesia,USDC
687,0.8270603366571039,1704346.109813435,145,S4_twin_shock_cex_intervention,indonesia,USDC
688,0.8242723179783131,1661737.4570680994,145,S4_twin_shock_cex_intervention,indonesia,USDC
689,0.8268559506146607,1620194.0206413968,145,S4_twin_shock_cex_intervention,indonesia,USDC
690,0.8242898402125368,1579689.170125362,145,S4_twin_shock_cex_intervention,indonesia,USDC
691,0.8183816372361221,1540196.9408722278,145,S4_twin_shock_cex_intervention,indonesia,USDC
692,0.8099994896624967,1501692.0173504222,145,S4_twin_shock_cex_intervention,indonesia,USDC
693,0.8030714985099955,1464149.7169166617,145,S4_twin_shock_cex_intervention,indonesia,USDC
694,0.8136528020896726,1427545.9739937452,145,S4_twin_shock_cex_intervention,indonesia,USDC
695,0.7951422339424922,1391857.3246439015,145,S4_twin_shock_cex_intervention,indonesia,USDC
696,0.7893525375285314,1357060.8915278038,145,S4_twin_shock_cex_intervention,indonesia,USDC
697,0.7965553219110428,1323134.3692396088,145,S4_twin_shock_cex_intervention,indonesia,USDC
698,0.7846751723539188,1290056.0100086187,145,S4_twin_shock_cex_intervention,indonesia,USDC
699,0.8036849382337529,1257804.6097584032,145,S4_twin_shock_cex_intervention,indonesia,USDC
700,0.8180984108762653,1226359.494514443,145,S4_twin_shock_cex_intervention,indonesia,USDC
701,0.8181166320430195,1195700.507151582,145,S4_twin_shock_cex_intervention,indonesia,USDC
702,0.7897029865864196,1165807.9944727924,145,S4_twin_shock_cex_intervention,indonesia,USDC
703,0.7748127548665519,1136662.7946109725,145,S4_twin_shock_cex_intervention,indonesia,USDC
704,0.7369959603527059,1108246.2247456983,145,S4_twin_shock_cex_intervention,indonesia,USDC
705,0.7595667811545936,1080540.0691270558,145,S4_twin_shock_cex_intervention,indonesia,USDC
706,0.7234144921822134,1053526.5673988797,145,S4_twin_shock_cex_intervention,indonesia,USDC
707,0.7211357280112184,1027188.4032139077,145,S4_twin_shock_cex_intervention,indonesia,USDC
708,0.7557233295114586,1001508.6931335599,145,S4_twin_shock_cex_intervention,indonesia,USDC
709,0.7500726642064047,976470.9758052209,145,S4_twin_shock_cex_intervention,indonesia,USDC
710,0.76930809292354,952059.2014100904,145,S4_twin_shock_cex_intervention,indonesia,USDC
711,0.7672834641190528,928257.7213748381,145,S4_twin_shock_cex_intervention,indonesia,USDC
712,0.7596761280517215,905051.2783404671,145,S4_twin_shock_cex_intervention,indonesia,USDC
713,0.7366371653896043,882424.9963819556,145,S4_twin_shock_cex_intervention,indonesia,USDC
714,0.7506065056468166,860364.3714724067,145,S4_twin_shock_cex_intervention,indonesia,USDC
715,0.7554031329675464,838855.2621855965,145,S4_twin_shock_cex_intervention,indonesia,USDC
716,0.7538447956516725,817883.8806309566,145,S4_twin_shock_cex_intervention,indonesia,USDC
717,0.7580633395550648,797436.7836151829,145,S4_twin_shock_cex_intervention,indonesia,USDC
718,0.7905314037375613,777500.8640248033,145,S4_twin_shock_cex_intervention,indonesia,USDC
719,0.7826478250861737,758063.3424241832,145,S4_twin_shock_cex_intervention,indonesia,USDC
720,0.7713150484497081,739111.7588635786,145,S4_twin_shock_cex_intervention,indonesia,USDC
721,0.7590129134152976,720633.9648919891,145,S4_twin_shock_cex_intervention,indonesia,USDC
722,0.7589155314826579,702618.1157696893,145,S4_twin_shock_cex_intervention,indonesia,USDC
723,0.7718927892484901,685052.6628754471,145,S4_twin_shock_cex_intervention,indonesia,USDC
724,0.7782560779538935,667926.3463035609,145,S4_twin_shock_cex_intervention,indonesia,USDC
725,0.7791170424722161,651228.1876459719,145,S4_twin_shock_cex_intervention,indonesia,USDC
726,0.773891578099745,634947.4829548225,145,S4_twin_shock_cex_intervention,indonesia,USDC
727,0.7952408930063835,619073.7958809519,145,S4_twin_shock_cex_intervention,indonesia,USDC
728,0.7934762489022122,603596.9509839282,145,S4_twin_shock_cex_intervention,indonesia,USDC
729,0.7802051921733113,588507.02720933,145,S4_twin_shock_cex_intervention,indonesia,USDC
730,0.7825542054716703,573794.3515290967,145,S4_twin_shock_cex_intervention,indonesia,USDC
731,0.7780514463455335,559449.4927408693,145,S4_twin_shock_cex_intervention,indonesia,USDC
732,0.7815433888406474,545463.2554223477,145,S4_twin_shock_cex_intervention,indonesia,USDC
733,0.7865050281411293,531826.674036789,145,S4_twin_shock_cex_intervention,indonesia,USDC
734,0.7940975290969747,518531.00718586915,145,S4_twin_shock_cex_intervention,indonesia,USDC
735,0.7917989083056218,505567.7320062225,145,S4_twin_shock_cex_intervention,indonesia,USDC
736,0.79193909001429,492928.5387060669,145,S4_twin_shock_cex_intervention,indonesia,USDC
737,0.8021198172795162,480605.3252384152,145,S4_twin_shock_cex_intervention,indonesia,USDC
738,0.7949945979615659,468590.1921074549,145,S4_twin_shock_cex_intervention,indonesia,USDC
739,0.7890023176654537,456875.4373047685,145,S4_twin_shock_cex_intervention,indonesia,USDC
740,0.7958542666096656,445453.55137214926,145,S4_twin_shock_cex_intervention,indonesia,USDC
741,0.8011977113227872,434317.2125878455,145,S4_twin_shock_cex_intervention,indonesia,USDC
742,0.7668042679547027,423459.28227314935,145,S4_twin_shock_cex_intervention,indonesia,USDC
743,0.7475873130492986,412872.80021632067,145,S4_twin_shock_cex_intervention,indonesia,USDC
744,0.7352504576196557,402550.98021091265,145,S4_twin_shock_cex_intervention,indonesia,USDC
745,0.7571958105937993,392487.20570563985,145,S4_twin_shock_cex_intervention,indonesia,USDC
746,0.7935353061114431,382675.02556299884,145,S4_twin_shock_cex_intervention,indonesia,USDC
747,0.798592359585573,373108.1499239239,145,S4_twin_shock_cex_intervention,indonesia,USDC
748,0.7994042228926972,363780.4461758258,145,S4_twin_shock_cex_intervention,indonesia,USDC
749,0.8327955614965361,354685.93502143014,145,S4_twin_shock_cex_intervention,indonesia,USDC
750,0.811325084617062,345818.7866458944,145,S4_twin_shock_cex_intervention,indonesia,USDC
751,0.8312686748647992,337173.31697974703,145,S4_twin_shock_cex_intervention,indonesia,USDC
752,0.8308033123455647,328743.9840552534,145,S4_twin_shock_cex_intervention,indonesia,USDC
753,0.8128446066872853,320525.38445387204,145,S4_twin_shock_cex_intervention,indonesia,USDC
754,0.8127740832942791,312512.2498425252,145,S4_twin_shock_cex_intervention,indonesia,USDC
755,0.8351346406358306,304699.44359646214,145,S4_twin_shock_cex_intervention,indonesia,USDC
756,0.8317335766850898,297081.95750655053,145,S4_twin_shock_cex_intervention,indonesia,USDC
757,0.8157052619626151,289654.90856888675,145,S4_twin_shock_cex_intervention,indonesia,USDC
758,0.8273181562983547,282413.53585466463,145,S4_twin_shock_cex_intervention,indonesia,USDC
759,0.8196088608021336,275353.19745829795,145,S4_twin_shock_cex_intervention,indonesia,USDC
760,0.8187353909206228,268469.36752184056,145,S4_twin_shock_cex_intervention,indonesia,USDC
761,0.8314930662022738,261757.63333379454,145,S4_twin_shock_cex_intervention,indonesia,USDC
762,0.8232335738561334,255213.6925004497,145,S4_twin_shock_cex_intervention,indonesia,USDC
763,0.8426669818734736,248833.35018793846,145,S4_twin_shock_cex_intervention,indonesia,USDC
764,0.8288724779361479,242612.51643324,145,S4_twin_shock_cex_intervention,indonesia,USDC
765,0.843605753920659,236547.203522409,145,S4_twin_shock_cex_intervention,indonesia,USDC
766,0.8150315003425863,230633.52343434875,145,S4_twin_shock_cex_intervention,indonesia,USDC
767,0.8342200155633885,224867.68534849002,145,S4_twin_shock_cex_intervention,indonesia,USDC
768,0.8288791338937338,219245.9932147778,145,S4_twin_shock_cex_intervention,indonesia,USDC
769,0.8213234444201342,213764.84338440833,145,S4_twin_shock_cex_intervention,indonesia,USDC
770,0.8350267079378606,208420.72229979816,145,S4_twin_shock_cex_intervention,indonesia,USDC
771,0.8267198956477428,203210.2042423032,145,S4_twin_shock_cex_intervention,indonesia,USDC
772,0.8361312093246105,198129.94913624562,145,S4_twin_shock_cex_intervention,indonesia,USDC
773,0.81383199962574,193176.7004078395,145,S4_twin_shock_cex_intervention,indonesia,USDC
774,0.8363802347780686,188347.28289764348,145,S4_twin_shock_cex_intervention,indonesia,USDC
775,0.8218594637583552,183638.60082520242,145,S4_twin_shock_cex_intervention,indonesia,USDC
776,0.8256332124805973,179047.63580457235,145,S4_twin_shock_cex_intervention,indonesia,USDC
777,0.8337465566267404,174571.44490945805,145,S4_twin_shock_cex_intervention,indonesia,USDC
778,0.8228182697117096,170207.1587867216,145,S4_twin_shock_cex_intervention,indonesia,USDC
779,0.8131032663348478,165951.97981705354,145,S4_twin_shock_cex_intervention,indonesia,USDC
780,0.7940684761528927,161803.1803216272,145,S4_twin_shock_cex_intervention,indonesia,USDC
781,0.7863056861345649,157758.10081358653,145,S4_twin_shock_cex_intervention,indonesia,USDC
782,0.7874711272862605,153814.14829324686,145,S4_twin_shock_cex_intervention,indonesia,USDC
783,0.7983272974603017,149968.7945859157,145,S4_twin_shock_cex_intervention,indonesia,USDC
784,0.8401101018231653,146219.5747212678,145,S4_twin_shock_cex_intervention,indonesia,USDC
785,0.8276324255005156,142564.0853532361,145,S4_twin_shock_cex_intervention,indonesia,USDC
786,0.8064788910651525,138999.9832194052,145,S4_twin_shock_cex_intervention,indonesia,USDC
787,0.7985788458538151,135524.98363892006,145,S4_twin_shock_cex_intervention,indonesia,USDC
788,0.7936300098196243,132136.85904794707,145,S4_twin_shock_cex_intervention,indonesia,USDC
789,0.7915591195365408,128833.43757174839,145,S4_twin_shock_cex_intervention,indonesia,USDC
790,0.8000868955730114,125612.60163245468,145,S4_twin_shock_cex_intervention,indonesia,USDC
791,0.822248204803473,122472.28659164332,145,S4_twin_shock_cex_intervention,indonesia,USDC
792,0.8197352340230852,119410.47942685225,145,S4_twin_shock_cex_intervention,indonesia,USDC
793,0.8285143302221184,116425.21744118094,145,S4_twin_shock_cex_intervention,indonesia,USDC
794,0.8370281740737853,113514.5870051514,145,S4_twin_shock_cex_intervention,indonesia,USDC
795,0.8323231160205414,110676.72233002262,145,S4_twin_shock_cex_intervention,indonesia,USDC
796,0.8202430934342554,107909.80427177205,145,S4_twin_shock_cex_intervention,indonesia,USDC
797,0.8249761834987037,105212.05916497776,145,S4_twin_shock_cex_intervention,indonesia,USDC
798,0.8272630359454435,102581.75768585331,145,S4_twin_shock_cex_intervention,indonesia,USDC
799,0.8635732683130682,100017.21374370698,145,S4_twin_shock_cex_intervention,indonesia,USDC
800,0.8413241163362992,97516.78340011429,145,S4_twin_shock_cex_intervention,indonesia,USDC
801,0.8447141676214388,95078.86381511143,145,S4_twin_shock_cex_intervention,indonesia,USDC
802,0.8323643497053886,92701.89221973365,145,S4_twin_shock_cex_intervention,indonesia,USDC
803,0.8144044651154353,90384.34491424031,145,S4_twin_shock_cex_intervention,indonesia,USDC
804,0.8109638101872665,88124.73629138431,145,S4_twin_shock_cex_intervention,indonesia,USDC
805,0.8322085701721745,85921.6178840997,145,S4_twin_shock_cex_intervention,indonesia,USDC
806,0.8346470250199344,83773.5774369972,145,S4_twin_shock_cex_intervention,indonesia,USDC
807,0.820164950476702,81679.23800107227,145,S4_twin_shock_cex_intervention,indonesia,USDC
808,0.810844479649911,79637.25705104547,145,S4_twin_shock_cex_intervention,indonesia,USDC
809,0.8032349300266156,77646.32562476934,145,S4_twin_shock_cex_intervention,indonesia,USDC
810,0.7880080475454309,75705.1674841501,145,S4_twin_shock_cex_intervention,indonesia,USDC
811,0.7884852653310261,73812.53829704635,145,S4_twin_shock_cex_intervention,indonesia,USDC
812,0.8022282036153493,71967.22483962019,145,S4_twin_shock_cex_intervention,indonesia,USDC
813,0.8165489695312722,70168.04421862969,145,S4_twin_shock_cex_intervention,indonesia,USDC
814,0.8344540782352332,68413.84311316394,145,S4_twin_shock_cex_intervention,indonesia,USDC
815,0.8189956952274162,66703.49703533485,145,S4_twin_shock_cex_intervention,indonesia,USDC
816,0.7935495037842143,65035.90960945147,145,S4_twin_shock_cex_intervention,indonesia,USDC
817,0.7869752375907996,63410.01186921519,145,S4_twin_shock_cex_intervention,indonesia,USDC
818,0.7908917460958487,61824.7615724848,145,S4_twin_shock_cex_intervention,indonesia,USDC
819,0.7879110921552117,60279.14253317269,145,S4_twin_shock_cex_intervention,indonesia,USDC
820,0.7832607479189126,58772.16396984337,145,S4_twin_shock_cex_intervention,indonesia,USDC
821,0.7571450131964854,57302.85987059728,145,S4_twin_shock_cex_intervention,indonesia,USDC
822,0.7525277067614905,55870.28837383234,145,S4_twin_shock_cex_intervention,indonesia,USDC
823,0.7274435468132977,54473.53116448654,145,S4_twin_shock_cex_intervention,indonesia,USDC
824,0.7261180654433298,53111.692885374374,145,S4_twin_shock_cex_intervention,indonesia,USDC
825,0.7445686080887481,51783.90056324002,145,S4_twin_shock_cex_intervention,indonesia,USDC
826,0.7530930554309238,50489.30304915902,145,S4_twin_shock_cex_intervention,indonesia,USDC
827,0.7177000574749377,49227.07047293004,145,S4_twin_shock_cex_intervention,indonesia,USDC
828,0.7271570171373788,47996.393711106786,145,S4_twin_shock_cex_intervention,indonesia,USDC
829,0.7268204764657259,46796.48386832912,145,S4_twin_shock_cex_intervention,indonesia,USDC
830,0.7327575195899997,45626.57177162089,145,S4_twin_shock_cex_intervention,indonesia,USDC
831,0.735744083847213,44485.90747733037,145,S4_twin_shock_cex_intervention,indonesia,USDC
832,0.7380389279346139,43373.75979039711,145,S4_twin_shock_cex_intervention,indonesia,USDC
833,0.745112416133137,42289.41579563718,145,S4_twin_shock_cex_intervention,indonesia,USDC
834,0.748898183817676,41232.180400746256,145,S4_twin_shock_cex_intervention,indonesia,USDC
835,0.751310847550046,40201.3758907276,145,S4_twin_shock_cex_intervention,indonesia,USDC
836,0.7457152401682435,39196.34149345941,145,S4_twin_shock_cex_intervention,indonesia,USDC
837,0.7238234390551334,38216.432956122924,145,S4_twin_shock_cex_intervention,indonesia,USDC
838,0.70653453761307,37261.02213221985,145,S4_twin_shock_cex_intervention,indonesia,USDC
839,0.719015988298411,36329.49657891436,145,S4_twin_shock_cex_intervention,indonesia,USDC
840,0.7474689239115911,35421.2591644415,145,S4_twin_shock_cex_intervention,indonesia,USDC
841,0.7330933714200175,34535.727685330465,145,S4_twin_shock_cex_intervention,indonesia,USDC
842,0.7518639302581853,33672.3344931972,145,S4_twin_shock_cex_intervention,indonesia,USDC
843,0.7372878676511081,32830.52613086727,145,S4_twin_shock_cex_intervention,indonesia,USDC
844,0.7246045552801972,32009.762977595587,145,S4_twin_shock_cex_intervention,indonesia,USDC
845,0.7355837415552494,31209.518903155702,145,S4_twin_shock_cex_intervention,indonesia,USDC
846,0.7325679974536611,30429.280930576802,145,S4_twin_shock_cex_intervention,indonesia,USDC
847,0.7474035207539865,29668.548907312386,145,S4_twin_shock_cex_intervention,indonesia,USDC
848,0.7615005645354703,28926.835184629577,145,S4_twin_shock_cex_intervention,indonesia,USDC
849,0.7578399167955173,28203.664305013837,145,S4_twin_shock_cex_intervention,indonesia,USDC
850,0.7710800046787069,27498.57269738849,145,S4_twin_shock_cex_intervention,indonesia,USDC
851,0.7876848120093961,26811.108379953777,145,S4_twin_shock_cex_intervention,indonesia,USDC
852,0.7696842317730512,26140.830670454936,145,S4_twin_shock_cex_intervention,indonesia,USDC
853,0.781005416346472,25487.30990369356,145,S4_twin_shock_cex_intervention,indonesia,USDC
854,0.7599050971121388,24850.12715610122,145,S4_twin_shock_cex_intervention,indonesia,USDC
855,0.7448035383266032,24228.87397719869,145,S4_twin_shock_cex_intervention,indonesia,USDC
856,0.7482642126569489,23623.152127768724,145,S4_twin_shock_cex_intervention,indonesia,USDC
857,0.7375655724469382,23032.573324574507,145,S4_twin_shock_cex_intervention,indonesia,USDC
858,0.728967238216108,22456.75899146014,145,S4_twin_shock_cex_intervention,indonesia,USDC
859,0.7675727987014986,21895.34001667364,145,S4_twin_shock_cex_intervention,indonesia,USDC
860,0.774747258360512,21347.956516256796,145,S4_twin_shock_cex_intervention,indonesia,USDC
861,0.767751438764583,20814.257603350376,145,S4_twin_shock_cex_intervention,indonesia,USDC
862,0.768587185932973,20293.901163266615,145,S4_twin_shock_cex_intervention,indonesia,USDC
863,0.7699864543212994,19786.55363418495,145,S4_twin_shock_cex_intervention,indonesia,USDC
864,0.7744869216144312,19291.889793330327,145,S4_twin_shock_cex_intervention,indonesia,USDC
865,0.743003507741942,18809.59254849707,145,S4_twin_shock_cex_intervention,indonesia,USDC
866,0.7513846688165742,18339.352734784643,145,S4_twin_shock_cex_intervention,indonesia,USDC
867,0.7322976616960623,17880.868916415027,145,S4_twin_shock_cex_intervention,indonesia,USDC
868,0.7743522099415269,17433.84719350465,145,S4_twin_shock_cex_intervention,indonesia,USDC
869,0.7811060299432291,16998.001013667035,145,S4_twin_shock_cex_intervention,indonesia,USDC
870,0.765938097531379,16573.05098832536,145,S4_twin_shock_cex_intervention,indonesia,USDC
871,0.7453965365389236,16158.724713617225,145,S4_twin_shock_cex_intervention,indonesia,USDC
872,0.7326700412616731,15754.756595776795,145,S4_twin_shock_cex_intervention,indonesia,USDC
873,0.7669347743112924,15360.887680882373,145,S4_twin_shock_cex_intervention,indonesia,USDC
874,0.7844382314255208,14976.865488860316,145,S4_twin_shock_cex_intervention,indonesia,USDC
875,0.77408469869401,14602.443851638807,145,S4_twin_shock_cex_intervention,indonesia,USDC
876,0.7551940234341964,14237.382755347837,145,S4_twin_shock_cex_intervention,indonesia,USDC
877,0.7696946351042064,13881.448186464142,145,S4_twin_shock_cex_intervention,indonesia,USDC
878,0.7656307175866046,13534.41198180254,145,S4_twin_shock_cex_intervention,indonesia,USDC
879,0.7594695181874932,13196.051682257475,145,S4_twin_shock_cex_intervention,indonesia,USDC
880,0.7505912091193108,12866.150390201037,145,S4_twin_shock_cex_intervention,indonesia,USDC
881,0.7507955868789031,12544.49663044601,145,S4_twin_shock_cex_intervention,indonesia,USDC
882,0.7566529193399836,12230.884214684862,145,S4_twin_shock_cex_intervention,indonesia,USDC
883,0.7636432264509035,11925.112109317739,145,S4_twin_shock_cex_intervention,indonesia,USDC
884,0.7622889929083441,11626.984306584796,145,S4_twin_shock_cex_intervention,indonesia,USDC
885,0.7655516803806239,11336.309698920177,145,S4_twin_shock_cex_intervention,indonesia,USDC
886,0.7730254743367545,11052.901956447171,145,S4_twin_shock_cex_intervention,indonesia,USDC
887,0.7763316432196569,10776.579407535992,145,S4_twin_shock_cex_intervention,indonesia,USDC
888,0.7686055698825979,10507.164922347592,145,S4_twin_shock_cex_intervention,indonesia,USDC
889,0.7764291718431101,10244.485799288903,145,S4_twin_shock_cex_intervention,indonesia,USDC
890,0.713872144499857,9988.37365430668,145,S4_twin_shock_cex_intervention,indonesia,USDC
891,0.7211376697901605,9738.664312949013,145,S4_twin_shock_cex_intervention,indonesia,USDC
892,0.7404302826184443,9495.197705125287,145,S4_twin_shock_cex_intervention,indonesia,USDC
893,0.7684953327556362,9257.817762497156,145,S4_twin_shock_cex_intervention,indonesia,USDC
894,0.7547767367155926,9026.372318434727,145,S4_twin_shock_cex_intervention,indonesia,USDC
895,0.7585683485036365,8800.713010473859,145,S4_twin_shock_cex_intervention,indonesia,USDC
896,0.7650858857987651,8580.695185212011,145,S4_twin_shock_cex_intervention,indonesia,USDC
897,0.7365357355676517,8366.177805581712,145,S4_twin_shock_cex_intervention,indonesia,USDC
898,0.7373148435897444,8157.023360442168,145,S4_twin_shock_cex_intervention,indonesia,USDC
899,0.708801434311325,7953.097776431114,145,S4_twin_shock_cex_intervention,indonesia,USDC
900,0.7258180481507869,7754.270332020335,145,S4_twin_shock_cex_intervention,indonesia,USDC
901,0.7289494884985919,7560.413573719828,145,S4_twin_shock_cex_intervention,indonesia,USDC
902,0.7521375670204135,7371.403234376832,145,S4_twin_shock_cex_intervention,indonesia,USDC
903,0.7542204495461161,7187.118153517411,145,S4_twin_shock_cex_intervention,indonesia,USDC
904,0.7799670736383632,7007.440199679476,145,S4_twin_shock_cex_intervention,indonesia,USDC
905,0.793367341949202,6832.254194687489,145,S4_twin_shock_cex_intervention,indonesia,USDC
906,0.800650075068733,6661.447839820302,145,S4_twin_shock_cex_intervention,indonesia,USDC
907,0.8034248338670443,6494.911643824795,145,S4_twin_shock_cex_intervention,indonesia,USDC
908,0.822535110656563,6332.538852729174,145,S4_twin_shock_cex_intervention,indonesia,USDC
909,0.7984788312942551,6174.225381410945,145,S4_twin_shock_cex_intervention,indonesia,USDC
910,0.8046260608928575,6019.869746875671,145,S4_twin_shock_cex_intervention,indonesia,USDC
911,0.8272495533243991,5869.373003203779,145,S4_twin_shock_cex_intervention,indonesia,USDC
912,0.8300852915264082,5722.638678123685,145,S4_twin_shock_cex_intervention,indonesia,USDC
913,0.8441772364729103,5579.572711170593,145,S4_twin_shock_cex_intervention,indonesia,USDC
914,0.820052179546864,5440.083393391327,145,S4_twin_shock_cex_intervention,indonesia,USDC
915,0.819741746879117,5304.081308556544,145,S4_twin_shock_cex_intervention,indonesia,USDC
916,0.8335498903706032,5171.479275842631,145,S4_twin_shock_cex_intervention,indonesia,USDC
917,0.8446419195460779,5042.192293946565,145,S4_twin_shock_cex_intervention,indonesia,USDC
918,0.808770550734107,4916.137486597901,145,S4_twin_shock_cex_intervention,indonesia,USDC
919,0.8057406383857056,4793.234049432953,145,S4_twin_shock_cex_intervention,indonesia,USDC
920,0.8261417748277328,4673.403198197129,145,S4_twin_shock_cex_intervention,indonesia,USDC
921,0.8276572482405851,4556.568118242201,145,S4_twin_shock_cex_intervention,indonesia,USDC
922,0.8259649836134388,4442.653915286146,145,S4_twin_shock_cex_intervention,indonesia,USDC
923,0.7981905647849044,4331.587567403993,145,S4_twin_shock_cex_intervention,indonesia,USDC
924,0.7916891844986882,4223.297878218893,145,S4_twin_shock_cex_intervention,indonesia,USDC
925,0.7936539597105031,4117.71543126342,145,S4_twin_shock_cex_intervention,indonesia,USDC
926,0.8313775363933869,4014.7725454818346,145,S4_twin_shock_cex_intervention,indonesia,USDC
927,0.813444639309398,3914.403231844789,145,S4_twin_shock_cex_intervention,indonesia,USDC
928,0.8095499188182002,3816.5431510486696,145,S4_twin_shock_cex_intervention,indonesia,USDC
929,0.7945272649565103,3721.1295722724526,145,S4_twin_shock_cex_intervention,indonesia,USDC
930,0.8116103668783338,3628.101332965641,145,S4_twin_shock_cex_intervention,indonesia,USDC
931,0.8235503953255477,3537.3987996415,145,S4_twin_shock_cex_intervention,indonesia,USDC
932,0.8209082132229611,3448.9638296504627,145,S4_twin_shock_cex_intervention,indonesia,USDC
933,0.8132839286944447,3362.7397339092013,145,S4_twin_shock_cex_intervention,indonesia,USDC
934,0.7869474006060665,3278.671240561471,145,S4_twin_shock_cex_intervention,indonesia,USDC
935,0.7549521020374154,3196.704459547434,145,S4_twin_shock_cex_intervention,indonesia,USDC
936,0.7576037287079413,3116.7868480587485,145,S4_twin_shock_cex_intervention,indonesia,USDC
937,0.7676367697831001,3038.8671768572794,145,S4_twin_shock_cex_intervention,indonesia,USDC
938,0.7625218993951196,2962.8954974358476,145,S4_twin_shock_cex_intervention,indonesia,USDC
939,0.7594110560881475,2888.823109999951,145,S4_twin_shock_cex_intervention,indonesia,USDC
940,0.7841409540176566,2816.6025322499527,145,S4_twin_shock_cex_intervention,indonesia,USDC
941,0.7966553008383702,2746.1874689437036,145,S4_twin_shock_cex_intervention,indonesia,USDC
942,0.7963983439879238,2677.5327822201116,145,S4_twin_shock_cex_intervention,indonesia,USDC
943,0.7844769579232534,2610.5944626646083,145,S4_twin_shock_cex_intervention,indonesia,USDC
944,0.783457040680596,2545.329601097993,145,S4_twin_shock_cex_intervention,indonesia,USDC
945,0.7768822782720968,2481.6963610705434,145,S4_twin_shock_cex_intervention,indonesia,USDC
946,0.7867600727569798,2419.6539520437796,145,S4_twin_shock_cex_intervention,indonesia,USDC
947,0.7848390633958081,2359.1626032426852,145,S4_twin_shock_cex_intervention,indonesia,USDC
948,0.815074334066545,2300.183538161618,145,S4_twin_shock_cex_intervention,indonesia,USDC
949,0.8188580502455135,2242.6789497075774,145,S4_twin_shock_cex_intervention,indonesia,USDC
950,0.8122063406007222,2186.611975964888,145,S4_twin_shock_cex_intervention,indonesia,USDC
951,0.7853739133144574,2131.9466765657658,145,S4_twin_shock_cex_intervention,indonesia,USDC
952,0.7930091369430997,2078.648009651622,145,S4_twin_shock_cex_intervention,indonesia,USDC
953,0.7907273496999466,2026.6818094103314,145,S4_twin_shock_cex_intervention,indonesia,USDC
954,0.7731920734551647,1976.014764175073,145,S4_twin_shock_cex_intervention,indonesia,USDC
955,0.7677217659635165,1926.6143950706964,145,S4_twin_shock_cex_intervention,indonesia,USDC
956,0.7643029393679968,1878.449035193929,145,S4_twin_shock_cex_intervention,indonesia,USDC
957,0.7544726704679722,1831.4878093140806,145,S4_twin_shock_cex_intervention,indonesia,USDC
958,0.7702998857118641,1785.7006140812284,145,S4_twin_shock_cex_intervention,indonesia,USDC
959,0.7721052899938402,1741.0580987291976,145,S4_twin_shock_cex_intervention,indonesia,USDC
960,0.790561370301474,1697.5316462609676,145,S4_twin_shock_cex_intervention,indonesia,USDC
961,0.8074799407893111,1655.0933551044436,145,S4_twin_shock_cex_intervention,indonesia,USDC
962,0.8131948298299949,1613.7160212268327,145,S4_twin_shock_cex_intervention,indonesia,USDC
963,0.8132491695798334,1573.3731206961615,145,S4_twin_shock_cex_intervention,indonesia,USDC
964,0.8023035413298409,1534.0387926787575,145,S4_twin_shock_cex_intervention,indonesia,USDC
965,0.7927553557301998,1495.6878228617886,145,S4_twin_shock_cex_intervention,indonesia,USDC
966,0.8026642832772293,1458.295627290244,145,S4_twin_shock_cex_intervention,indonesia,USDC
967,0.7998242762395397,1421.8382366079877,145,S4_twin_shock_cex_intervention,indonesia,USDC
968,0.8182210130804266,1386.2922806927882,145,S4_twin_shock_cex_intervention,indonesia,USDC
969,0.8267185727661293,1351.6349736754685,145,S4_twin_shock_cex_intervention,indonesia,USDC
970,0.8327581606039822,1317.8440993335817,145,S4_twin_shock_cex_intervention,indonesia,USDC
971,0.8375211119792798,1284.8979968502422,145,S4_twin_shock_cex_intervention,indonesia,USDC
972,0.8065778602846048,1252.7755469289862,145,S4_twin_shock_cex_intervention,indonesia,USDC
973,0.8202384820138279,1221.4561582557617,145,S4_twin_shock_cex_intervention,indonesia,USDC
974,0.8223059522056583,1190.9197542993675,145,S4_twin_shock_cex_intervention,indonesia,USDC
975,0.8277587219975158,1161.1467604418833,145,S4_twin_shock_cex_intervention,indonesia,USDC
976,0.8100860072684841,1132.1180914308363,145,S4_twin_shock_cex_intervention,indonesia,USDC
977,0.8046235000508655,1103.8151391450656,145,S4_twin_shock_cex_intervention,indonesia,USDC
978,0.8067213456554889,1076.2197606664388,145,S4_twin_shock_cex_intervention,indonesia,USDC
979,0.7842526206835054,1049.314266649778,145,S4_twin_shock_cex_intervention,indonesia,USDC
980,0.7870489979027379,1023.0814099835334,145,S4_twin_shock_cex_intervention,indonesia,USDC
981,0.7790057682681464,997.504374733945,145,S4_twin_shock_cex_intervention,indonesia,USDC
982,0.8000484447573359,972.5667653655966,145,S4_twin_shock_cex_intervention,indonesia,USDC
983,0.7916702901532128,948.2525962314567,145,S4_twin_shock_cex_intervention,indonesia,USDC
984,0.7975435993841199,924.5462813256702,145,S4_twin_shock_cex_intervention,indonesia,USDC
985,0.7854320087480166,901.4326242925283,145,S4_twin_shock_cex_intervention,indonesia,USDC
986,0.8066580369111027,878.8968086852151,145,S4_twin_shock_cex_intervention,indonesia,USDC
987,0.8130183760876183,856.9243884680848,145,S4_twin_shock_cex_intervention,indonesia,USDC
988,0.8139050268348903,835.5012787563827,145,S4_twin_shock_cex_intervention,indonesia,USDC
989,0.8081068032653245,814.6137467874731,145,S4_twin_shock_cex_intervention,indonesia,USDC
990,0.8307023867891042,794.2484031177863,145,S4_twin_shock_cex_intervention,indonesia,USDC
991,0.8081819113467709,774.3921930398417,145,S4_twin_shock_cex_intervention,indonesia,USDC
992,0.8198781963233287,755.0323882138457,145,S4_twin_shock_cex_intervention,indonesia,USDC
993,0.8264844708466109,736.1565785084995,145,S4_twin_shock_cex_intervention,indonesia,USDC
994,0.8356061914821838,717.752664045787,145,S4_twin_shock_cex_intervention,indonesia,USDC
995,0.8135763950086887,699.8088474446423,145,S4_twin_shock_cex_intervention,indonesia,USDC
996,0.8044587864458728,682.3136262585263,145,S4_twin_shock_cex_intervention,indonesia,USDC
997,0.8012729674346261,665.2557856020632,145,S4_twin_shock_cex_intervention,indonesia,USDC
998,0.803439995767403,648.6243909620116,145,S4_twin_shock_cex_intervention,indonesia,USDC
999,0.8035292106899105,632.4087811879613,145,S4_twin_shock_cex_intervention,indonesia,USDC
1000,0.8154344973598465,616.5985616582622,145,S4_twin_shock_cex_intervention,indonesia,USDC
