Step,price,liquidity,iteration,scenario,region,coin
1,1.0178678121737919,2989836173470.131,468,S4_twin_shock_cex_intervention,indonesia,USDC
2,1.0070155170663857,2989836173470.131,468,S4_twin_shock_cex_intervention,indonesia,USDC
3,250001.03671340298,2989848673470.131,468,S4_twin_shock_cex_intervention,indonesia,USDC
4,187502.0,2989858048470.131,468,S4_twin_shock_cex_intervention,indonesia,USDC
5,140627.0,2989865079720.131,468,S4_twin_shock_cex_intervention,indonesia,USDC
6,105470.75,2989870353157.631,468,S4_twin_shock_cex_intervention,indonesia,USDC
7,79103.5625,2989874308235.756,468,S4_twin_shock_cex_intervention,indonesia,USDC
8,59328.171875,2989877274544.3496,468,S4_twin_shock_cex_intervention,indonesia,USDC
9,44496.62890625,2989879499275.795,468,S4_twin_shock_cex_intervention,indonesia,USDC
10,33372.9716796875,2989881167824.379,468,S4_twin_shock_cex_intervention,indonesia,USDC
11,25030.228759765625,2989882419235.817,468,S4_twin_shock_cex_intervention,indonesia,USDC
12,18773.17156982422,2989883357794.3955,468,S4_twin_shock_cex_intervention,indonesia,USDC
13,14080.378677368164,2989884061713.329,468,S4_twin_shock_cex_intervention,indonesia,USDC
14,10560.784008026123,2989884589652.53,468,S4_twin_shock_cex_intervention,indonesia,USDC
15,7921.088006019592,2989884985606.93,468,S4_twin_shock_cex_intervention,indonesia,USDC
16,5941.316004514694,2989885282572.7305,468,S4_twin_shock_cex_intervention,indonesia,USDC
17,4456.487003386021,2989885505297.0806,468,S4_twin_shock_cex_intervention,indonesia,USDC
18,3342.8652525395155,2989885672340.3433,468,S4_twin_shock_cex_intervention,indonesia,USDC
19,2507.6489394046366,2989885797622.79,468,S4_twin_shock_cex_intervention,indonesia,USDC
20,1881.2367045534775,2989885891584.625,468,S4_twin_shock_cex_intervention,indonesia,USDC
21,1411.427528415108,2989885962056.002,468,S4_twin_shock_cex_intervention,indonesia,USDC
22,1059.070646311331,2989886014909.534,468,S4_twin_shock_cex_intervention,indonesia,USDC
23,794.8029847334983,2989886054549.6836,468,S4_twin_shock_cex_intervention,indonesia,USDC
24,596.6022385501237,2989886084279.7954,468,S4_twin_shock_cex_intervention,indonesia,USDC
25,447.9516789125928,2989886106577.3794,468,S4_twin_shock_cex_intervention,indonesia,USDC
26,336.4637591844446,2989886123300.5674,468,S4_twin_shock_cex_intervention,indonesia,USDC
27,252.84781938833345,2989886135842.958,468,S4_twin_shock_cex_intervention,indonesia,USDC
28,190.1358645412501,2989886145249.7515,468,S4_twin_shock_cex_intervention,indonesia,USDC
29,143.1018984059376,2989886152304.8467,468,S4_twin_shock_cex_intervention,indonesia,USDC
30,107.82642380445319,2989886157596.168,468,S4_twin_shock_cex_intervention,indonesia,USDC
31,81.3698178533399,2989886161564.6587,468,S4_twin_shock_cex_intervention,indonesia,USDC
32,61.52736339000492,2989886164541.027,468,S4_twin_shock_cex_intervention,indonesia,USDC
33,46.6455225425037,2989886166773.3027,468,S4_twin_shock_cex_intervention,indonesia,USDC
34,35.484141906877774,2989886168447.5103,468,S4_twin_shock_cex_intervention,indonesia,USDC
35,27.11310643015833,2989886169703.1655,468,S4_twin_shock_cex_intervention,indonesia,USDC
36,20.834829822618744,2989886170644.9067,468,S4_twin_shock_cex_intervention,indonesia,USDC
37,16.12612236696406,2989886171351.213,468,S4_twin_shock_cex_intervention,indonesia,USDC
38,12.594591775223044,2989886171880.943,468,S4_twin_shock_cex_intervention,indonesia,USDC
39,9.945943831417281,2989886172278.2397,468,S4_twin_shock_cex_intervention,indonesia,USDC
40,7.959457873562963,2989886172576.213,468,S4_twin_shock_cex_intervention,indonesia,USDC
41,6.469593405172222,2989886172799.6924,468,S4_twin_shock_cex_intervention,indonesia,USDC
42,5.352195053879166,2989886172967.302,468,S4_twin_shock_cex_intervention,indonesia,USDC
43,4.514146290409375,2989886173093.0093,468,S4_twin_shock_cex_intervention,indonesia,USDC
44,3.8856097178070312,2989886173187.29,468,S4_twin_shock_cex_intervention,indonesia,USDC
45,3.414207288355273,2989886173258.0,468,S4_twin_shock_cex_intervention,indonesia,USDC
46,3.060655466266455,2989886173311.033,468,S4_twin_shock_cex_intervention,indonesia,USDC
47,2.795491599699841,2989886173350.8076,468,S4_twin_shock_cex_intervention,indonesia,USDC
48,2.596618699774881,2989886173380.6387,468,S4_twin_shock_cex_intervention,indonesia,USDC
49,2.4474640248311608,2989886173403.0117,468,S4_twin_shock_cex_intervention,indonesia,USDC
50,2.3355980186233705,2989886173419.7915,468,S4_twin_shock_cex_intervention,indonesia,USDC
51,2.251698513967528,2989886173432.3765,468,S4_twin_shock_cex_intervention,indonesia,USDC
52,2.188773885475646,2989886173441.815,468,S4_twin_shock_cex_intervention,indonesia,USDC
53,2.123736986109797,2989886173448.894,468,S4_twin_shock_cex_intervention,indonesia,USDC
54,2.106185310580051,2989886173454.203,468,S4_twin_shock_cex_intervention,indonesia,USDC
55,2.079638982935038,2989886173458.185,468,S4_twin_shock_cex_intervention,indonesia,USDC
56,1.9700045967968616,2989886173461.1714,468,S4_twin_shock_cex_intervention,indonesia,USDC
57,1.8769789635014904,2989886173463.411,468,S4_twin_shock_cex_intervention,indonesia,USDC
58,1.78949350553747,2989886173465.091,468,S4_twin_shock_cex_intervention,indonesia,USDC
59,1.7426717981455873,2989886173466.3506,468,S4_twin_shock_cex_intervention,indonesia,USDC
60,1.6706255449927028,2989886173467.296,468,S4_twin_shock_cex_intervention,indonesia,USDC
61,1.6261668147519315,2989886173468.0044,468,S4_twin_shock_cex_intervention,indonesia,USDC
62,1.610089461043133,2989886173468.5356,468,S4_twin_shock_cex_intervention,indonesia,USDC
63,1.518607286078636,2989886173468.9346,468,S4_twin_shock_cex_intervention,indonesia,USDC
64,1.483860652041635,2989886173469.2334,468,S4_twin_shock_cex_intervention,indonesia,USDC
65,1.448417274206543,2989886173469.4575,468,S4_twin_shock_cex_intervention,indonesia,USDC
66,1.4281446683251744,2989886173469.6255,468,S4_twin_shock_cex_intervention,indonesia,USDC
67,1.3715797279118245,2989886173469.7515,468,S4_twin_shock_cex_intervention,indonesia,USDC
68,1.3404352003535147,2989886173469.8457,468,S4_twin_shock_cex_intervention,indonesia,USDC
69,1.2926040845336026,2989886173469.917,468,S4_twin_shock_cex_intervention,indonesia,USDC
70,1.2526440749346608,2989886173469.97,468,S4_twin_shock_cex_intervention,indonesia,USDC
71,1.2578136065100711,2989886173470.01,468,S4_twin_shock_cex_intervention,indonesia,USDC
72,1.2419618705642175,2989886173470.04,468,S4_twin_shock_cex_intervention,indonesia,USDC
73,1.2288825422504952,2989886173470.0625,468,S4_twin_shock_cex_intervention,indonesia,USDC
74,1.2100782692218417,2989886173470.079,468,S4_twin_shock_cex_intervention,indonesia,USDC
75,1.1983218559448334,2989886173470.092,468,S4_twin_shock_cex_intervention,indonesia,USDC
76,1.1359957055733023,2989886173470.101,468,S4_twin_shock_cex_intervention,indonesia,USDC
77,1.133432009307116,2989886173470.1084,468,S4_twin_shock_cex_intervention,indonesia,USDC
78,1.1202501672258227,2989886173470.114,468,S4_twin_shock_cex_intervention,indonesia,USDC
79,1.110750532985829,2989886173470.1177,468,S4_twin_shock_cex_intervention,indonesia,USDC
80,1.0740177951995746,2989886173470.1206,468,S4_twin_shock_cex_intervention,indonesia,USDC
81,1.0374043522406842,2989886173470.123,468,S4_twin_shock_cex_intervention,indonesia,USDC
82,1.019299209413541,2989886173470.123,468,S4_twin_shock_cex_intervention,indonesia,USDC
83,1.035897134537673,2989886173470.1245,468,S4_twin_shock_cex_intervention,indonesia,USDC
84,1.0242525376654263,2989886173470.126,468,S4_twin_shock_cex_intervention,indonesia,USDC
85,1.0187634685954714,2989886173470.126,468,S4_twin_shock_cex_intervention,indonesia,USDC
86,1.0341816289090668,2989886173470.127,468,S4_twin_shock_cex_intervention,indonesia,USDC
87,1.0253923270256682,2989886173470.1274,468,S4_twin_shock_cex_intervention,indonesia,USDC
88,1.0169863725730934,2989886173470.1274,468,S4_twin_shock_cex_intervention,indonesia,USDC
89,0.9837254298159162,2989886173470.1274,468,S4_twin_shock_cex_intervention,indonesia,USDC
90,0.9952650928690825,2989886173470.1274,468,S4_twin_shock_cex_intervention,indonesia,USDC
91,0.9841827870714753,2989886173470.1274,468,S4_twin_shock_cex_intervention,indonesia,USDC
92,0.9757150059190915,2989886173470.128,468,S4_twin_shock_cex_intervention,indonesia,USDC
93,0.9690076332184412,2989886173470.1284,468,S4_twin_shock_cex_intervention,indonesia,USDC
94,0.960631715979259,2989845251128.621,468,S4_twin_shock_cex_intervention,indonesia,USDC
95,0.9435994089106211,2989387839407.815,468,S4_twin_shock_cex_intervention,indonesia,USDC
96,0.9595736548204681,2987826018700.218,468,S4_twin_shock_cex_intervention,indonesia,USDC
97,0.9668869295935592,2987203234343.4985,468,S4_twin_shock_cex_intervention,indonesia,USDC
98,0.9415714585452922,2987084548780.21,468,S4_twin_shock_cex_intervention,indonesia,USDC
99,0.963189784667525,2985408191683.6694,468,S4_twin_shock_cex_intervention,indonesia,USDC
100,0.9865585061131166,2985123729799.73,468,S4_twin_shock_cex_intervention,indonesia,USDC
101,0.853160772599685,2985123729799.73,468,S4_twin_shock_cex_intervention,indonesia,USDC
102,0.8831956655741927,2978470210825.47,468,S4_twin_shock_cex_intervention,indonesia,USDC
103,0.9115115133345928,2974122473684.9043,468,S4_twin_shock_cex_intervention,indonesia,USDC
104,0.9243304432185363,2971589505723.481,468,S4_twin_shock_cex_intervention,indonesia,USDC
105,0.969877073648432,2969788692252.425,468,S4_twin_shock_cex_intervention,indonesia,USDC
106,0.95503778292473,2969787008363.408,468,S4_twin_shock_cex_intervention,indonesia,USDC
107,0.9769227157361462,2969233130818.5933,468,S4_twin_shock_cex_intervention,indonesia,USDC
108,0.9692755012680035,2969233130818.5933,468,S4_twin_shock_cex_intervention,indonesia,USDC
109,0.9423711977100363,2969233130818.5933,468,S4_twin_shock_cex_intervention,indonesia,USDC
110,0.9414244926776503,2968229281948.485,468,S4_twin_shock_cex_intervention,indonesia,USDC
111,0.9660055955739787,2967099721353.552,468,S4_twin_shock_cex_intervention,indonesia,USDC
112,0.9914032957124019,2966946478095.435,468,S4_twin_shock_cex_intervention,indonesia,USDC
113,0.992538826835152,2966946478095.435,468,S4_twin_shock_cex_intervention,indonesia,USDC
114,1.0125400073619295,2966946478095.435,468,S4_twin_shock_cex_intervention,indonesia,USDC
115,0.9915136609881785,2966946478095.435,468,S4_twin_shock_cex_intervention,indonesia,USDC
116,1.0060246408637792,2966946478095.435,468,S4_twin_shock_cex_intervention,indonesia,USDC
117,1.028080434213564,2966946478095.435,468,S4_twin_shock_cex_intervention,indonesia,USDC
118,1.0312306073712707,2966946478095.435,468,S4_twin_shock_cex_intervention,indonesia,USDC
119,1.0297915628759815,2966946478095.435,468,S4_twin_shock_cex_intervention,indonesia,USDC
120,1.0130187975969762,2966946478095.435,468,S4_twin_shock_cex_intervention,indonesia,USDC
121,0.9640260888435213,2892772816143.0493,468,S4_twin_shock_cex_intervention,indonesia,USDC
122,0.9726257550761813,2820275621023.907,468,S4_twin_shock_cex_intervention,indonesia,USDC
123,0.9531062682174646,2749768730498.3096,468,S4_twin_shock_cex_intervention,indonesia,USDC
124,0.940566677969818,2680485208794.174,468,S4_twin_shock_cex_intervention,indonesia,USDC
125,0.9196251772006231,2612398409762.048,468,S4_twin_shock_cex_intervention,indonesia,USDC
126,0.8894854814513355,2545447255455.723,468,S4_twin_shock_cex_intervention,indonesia,USDC
127,0.8932410263264018,2479158798019.9644,468,S4_twin_shock_cex_intervention,indonesia,USDC
128,0.8925285322403321,2414802002832.594,468,S4_twin_shock_cex_intervention,indonesia,USDC
129,0.9126291350472163,2352221966954.7354,468,S4_twin_shock_cex_intervention,indonesia,USDC
130,0.9110119021430261,2291987041492.381,468,S4_twin_shock_cex_intervention,indonesia,USDC
131,0.9074635367077089,2233225963146.5254,468,S4_twin_shock_cex_intervention,indonesia,USDC
132,0.8751283246156594,2176012158407.0532,468,S4_twin_shock_cex_intervention,indonesia,USDC
133,0.877735559264383,2119539667838.666,468,S4_twin_shock_cex_intervention,indonesia,USDC
134,0.8936879254674348,2064813288340.7588,468,S4_twin_shock_cex_intervention,indonesia,USDC
135,0.860245606873311,2011825895318.2432,468,S4_twin_shock_cex_intervention,indonesia,USDC
136,0.8532381607585438,1959718780031.5393,468,S4_twin_shock_cex_intervention,indonesia,USDC
137,0.8169230854363251,1909088550374.1108,468,S4_twin_shock_cex_intervention,indonesia,USDC
138,0.8180821580459068,1859497626149.994,468,S4_twin_shock_cex_intervention,indonesia,USDC
139,0.8171419612903367,1811401316817.412,468,S4_twin_shock_cex_intervention,indonesia,USDC
140,0.8150455711304778,1764741110538.295,468,S4_twin_shock_cex_intervention,indonesia,USDC
141,0.8062425583392689,1719439557210.4907,468,S4_twin_shock_cex_intervention,indonesia,USDC
142,0.8082359355148493,1675372876589.5825,468,S4_twin_shock_cex_intervention,indonesia,USDC
143,0.8125152678455685,1632615544932.102,468,S4_twin_shock_cex_intervention,indonesia,USDC
144,0.8274813049256342,1591057154408.2788,468,S4_twin_shock_cex_intervention,indonesia,USDC
145,0.8219089954076899,1550717499020.0293,468,S4_twin_shock_cex_intervention,indonesia,USDC
146,0.8092880052279628,1511460424923.2842,468,S4_twin_shock_cex_intervention,indonesia,USDC
147,0.7999764309225408,1473231406965.4236,468,S4_twin_shock_cex_intervention,indonesia,USDC
148,0.8020667996338066,1436006888141.7803,468,S4_twin_shock_cex_intervention,indonesia,USDC
149,0.8040299300517577,1399776504485.3977,468,S4_twin_shock_cex_intervention,indonesia,USDC
150,0.8260286330084159,1364522142794.69,468,S4_twin_shock_cex_intervention,indonesia,USDC
151,0.827437862904491,1330220177933.8003,468,S4_twin_shock_cex_intervention,indonesia,USDC
152,0.8113194268130586,1296800298522.3857,468,S4_twin_shock_cex_intervention,indonesia,USDC
153,0.8132889154481475,1264223035121.9187,468,S4_twin_shock_cex_intervention,indonesia,USDC
154,0.8117576826149787,1232486576486.1387,468,S4_twin_shock_cex_intervention,indonesia,USDC
155,0.8097506521918183,1201558063133.1812,468,S4_twin_shock_cex_intervention,indonesia,USDC
156,0.790703785584843,1171424344067.788,468,S4_twin_shock_cex_intervention,indonesia,USDC
157,0.7884771202147008,1142047682148.0293,468,S4_twin_shock_cex_intervention,indonesia,USDC
158,0.7968137414209717,1113424052634.2998,468,S4_twin_shock_cex_intervention,indonesia,USDC
159,0.7808404810311467,1085531544305.6392,468,S4_twin_shock_cex_intervention,indonesia,USDC
160,0.7778526921356381,1058338324142.5088,468,S4_twin_shock_cex_intervention,indonesia,USDC
161,0.7956588756178854,1031834948227.6593,468,S4_twin_shock_cex_intervention,indonesia,USDC
162,0.7960079826209533,1006007682505.9033,468,S4_twin_shock_cex_intervention,indonesia,USDC
163,0.8049727274683728,980832086623.4597,468,S4_twin_shock_cex_intervention,indonesia,USDC
164,0.7877190575405698,956291268127.6243,468,S4_twin_shock_cex_intervention,indonesia,USDC
165,0.78307523428919,932365399576.1174,468,S4_twin_shock_cex_intervention,indonesia,USDC
166,0.8000352491315014,909039920326.8511,468,S4_twin_shock_cex_intervention,indonesia,USDC
167,0.806579862843871,886301886435.7832,468,S4_twin_shock_cex_intervention,indonesia,USDC
168,0.8139950939163919,864135136900.4938,468,S4_twin_shock_cex_intervention,indonesia,USDC
169,0.7979159864550417,842523901104.2664,468,S4_twin_shock_cex_intervention,indonesia,USDC
170,0.770061614181333,821453957368.5078,468,S4_twin_shock_cex_intervention,indonesia,USDC
171,0.7611579710540451,800910842147.6979,468,S4_twin_shock_cex_intervention,indonesia,USDC
172,0.7802267641898196,780882512153.971,468,S4_twin_shock_cex_intervention,indonesia,USDC
173,0.8048544205740557,761356426438.824,468,S4_twin_shock_cex_intervention,indonesia,USDC
174,0.8070366425834296,742319484677.0652,468,S4_twin_shock_cex_intervention,indonesia,USDC
175,0.7893454869932657,723759162682.058,468,S4_twin_shock_cex_intervention,indonesia,USDC
176,0.7796104369099371,705663002283.3369,468,S4_twin_shock_cex_intervention,indonesia,USDC
177,0.7663478009147262,688019414164.7756,468,S4_twin_shock_cex_intervention,indonesia,USDC
178,0.7433329757960141,670817297441.5013,468,S4_twin_shock_cex_intervention,indonesia,USDC
179,0.7325028148421672,654045350161.7993,468,S4_twin_shock_cex_intervention,indonesia,USDC
180,0.7342476536775153,637692968468.8235,468,S4_twin_shock_cex_intervention,indonesia,USDC
181,0.7251590836941162,621749726246.111,468,S4_twin_shock_cex_intervention,indonesia,USDC
182,0.7338664850154024,606205284800.7051,468,S4_twin_shock_cex_intervention,indonesia,USDC
183,0.7572386584499808,591049619787.4899,468,S4_twin_shock_cex_intervention,indonesia,USDC
184,0.76886182584506,576273013923.5022,468,S4_twin_shock_cex_intervention,indonesia,USDC
185,0.785377134414262,561865927773.3436,468,S4_twin_shock_cex_intervention,indonesia,USDC
186,0.7990029473750185,547819075237.28406,468,S4_twin_shock_cex_intervention,indonesia,USDC
187,0.7976628476427546,534123445118.2678,468,S4_twin_shock_cex_intervention,indonesia,USDC
188,0.8314970823666481,520770239244.6126,468,S4_twin_shock_cex_intervention,indonesia,USDC
189,0.8156642193096871,507750898123.259,468,S4_twin_shock_cex_intervention,indonesia,USDC
190,0.788474817237812,495057045871.02795,468,S4_twin_shock_cex_intervention,indonesia,USDC
191,0.8167057901518564,482680540494.4359,468,S4_twin_shock_cex_intervention,indonesia,USDC
192,0.8021633488786142,470613471336.70856,468,S4_twin_shock_cex_intervention,indonesia,USDC
193,0.8031896717543275,458848084320.47473,468,S4_twin_shock_cex_intervention,indonesia,USDC
194,0.7843780701930584,447376841481.0585,468,S4_twin_shock_cex_intervention,indonesia,USDC
195,0.8055468560220332,436192381922.71594,468,S4_twin_shock_cex_intervention,indonesia,USDC
196,0.8057181602156858,425287545739.25183,468,S4_twin_shock_cex_intervention,indonesia,USDC
197,0.8097941053665201,414655333327.2422,468,S4_twin_shock_cex_intervention,indonesia,USDC
198,0.8049686024412346,404288931146.4111,468,S4_twin_shock_cex_intervention,indonesia,USDC
199,0.8143667296812612,394181691552.64594,468,S4_twin_shock_cex_intervention,indonesia,USDC
200,0.826621094171221,384327136728.2456,468,S4_twin_shock_cex_intervention,indonesia,USDC
201,0.8411002135480794,374718948129.5309,468,S4_twin_shock_cex_intervention,indonesia,USDC
202,0.8259862296617057,365350966780.88574,468,S4_twin_shock_cex_intervention,indonesia,USDC
203,0.8172768831999004,356217185195.5261,468,S4_twin_shock_cex_intervention,indonesia,USDC
204,0.8357909268540221,347311748695.87683,468,S4_twin_shock_cex_intervention,indonesia,USDC
205,0.8251216913708302,338628950103.1312,468,S4_twin_shock_cex_intervention,indonesia,USDC
206,0.8266342780747921,330163221680.08545,468,S4_twin_shock_cex_intervention,indonesia,USDC
207,0.8131286890760502,321909137192.87634,468,S4_twin_shock_cex_intervention,indonesia,USDC
208,0.8368411860691071,313861405079.64185,468,S4_twin_shock_cex_intervention,indonesia,USDC
209,0.867739342433433,306014867263.6456,468,S4_twin_shock_cex_intervention,indonesia,USDC
210,0.8435896584519201,298364493915.7006,468,S4_twin_shock_cex_intervention,indonesia,USDC
211,0.8451745697685722,290905379705.4842,468,S4_twin_shock_cex_intervention,indonesia,USDC
212,0.8128583079737225,283632743530.6806,468,S4_twin_shock_cex_intervention,indonesia,USDC
213,0.8167406003165409,276541923125.6097,468,S4_twin_shock_cex_intervention,indonesia,USDC
214,0.8158646127378294,269628373487.7788,468,S4_twin_shock_cex_intervention,indonesia,USDC
215,0.8157652448176133,262887662908.70926,468,S4_twin_shock_cex_intervention,indonesia,USDC
216,0.8094026946577776,256315470233.28214,468,S4_twin_shock_cex_intervention,indonesia,USDC
217,0.8004038900823979,249907582529.59555,468,S4_twin_shock_cex_intervention,indonesia,USDC
218,0.8204728370798188,243659892140.404,468,S4_twin_shock_cex_intervention,indonesia,USDC
219,0.818015317891395,237568394229.27728,468,S4_twin_shock_cex_intervention,indonesia,USDC
220,0.827134722048151,231629183822.2453,468,S4_twin_shock_cex_intervention,indonesia,USDC
221,0.8377884290916771,225838453798.09146,468,S4_twin_shock_cex_intervention,indonesia,USDC
222,0.8442771506237432,220192492105.87372,468,S4_twin_shock_cex_intervention,indonesia,USDC
223,0.8430783989893038,214687679521.98126,468,S4_twin_shock_cex_intervention,indonesia,USDC
224,0.8434516540936297,209320487275.19592,468,S4_twin_shock_cex_intervention,indonesia,USDC
225,0.8645004591725803,204087474882.9651,468,S4_twin_shock_cex_intervention,indonesia,USDC
226,0.8966937810678022,198985287850.6747,468,S4_twin_shock_cex_intervention,indonesia,USDC
227,0.8775109757639517,194010655555.15146,468,S4_twin_shock_cex_intervention,indonesia,USDC
228,0.8667124147493602,189160389047.1971,468,S4_twin_shock_cex_intervention,indonesia,USDC
229,0.8483507575465051,184431379208.48038,468,S4_twin_shock_cex_intervention,indonesia,USDC
230,0.8138349345401875,179820594605.73248,468,S4_twin_shock_cex_intervention,indonesia,USDC
231,0.8109616669898313,175325079596.54956,468,S4_twin_shock_cex_intervention,indonesia,USDC
232,0.7801020508471938,170941952486.22998,468,S4_twin_shock_cex_intervention,indonesia,USDC
233,0.7812718452444379,166668403552.9613,468,S4_twin_shock_cex_intervention,indonesia,USDC
234,0.7896510408684879,162501693366.87878,468,S4_twin_shock_cex_intervention,indonesia,USDC
235,0.783149329950767,158439150960.59546,468,S4_twin_shock_cex_intervention,indonesia,USDC
236,0.7837151858586117,154478172123.54837,468,S4_twin_shock_cex_intervention,indonesia,USDC
237,0.7677456053295619,150616217769.4197,468,S4_twin_shock_cex_intervention,indonesia,USDC
238,0.7811425524324987,146850812278.127,468,S4_twin_shock_cex_intervention,indonesia,USDC
239,0.7836544135423176,143179541937.76114,468,S4_twin_shock_cex_intervention,indonesia,USDC
240,0.8009662477078691,139600053362.44995,468,S4_twin_shock_cex_intervention,indonesia,USDC
241,0.6925429221435545,136110052008.59337,468,S4_twin_shock_cex_intervention,indonesia,USDC
242,0.7224571468356202,132707300681.18494,468,S4_twin_shock_cex_intervention,indonesia,USDC
243,0.7470796360140617,129389618146.26952,468,S4_twin_shock_cex_intervention,indonesia,USDC
244,0.7420913795150469,126154877681.02127,468,S4_twin_shock_cex_intervention,indonesia,USDC
245,0.7595399202820671,123001005729.53273,468,S4_twin_shock_cex_intervention,indonesia,USDC
246,0.7608871918819493,119925980579.40436,468,S4_twin_shock_cex_intervention,indonesia,USDC
247,0.7609018739234057,116927831059.41608,468,S4_twin_shock_cex_intervention,indonesia,USDC
248,0.7843082535577184,114004635278.70322,468,S4_twin_shock_cex_intervention,indonesia,USDC
249,0.7799904655851086,111154519393.71161,468,S4_twin_shock_cex_intervention,indonesia,USDC
250,0.7944101890063932,108375656406.36685,468,S4_twin_shock_cex_intervention,indonesia,USDC
251,0.7992130354174602,105666264994.38281,468,S4_twin_shock_cex_intervention,indonesia,USDC
252,0.8006721108872513,103024608368.1236,468,S4_twin_shock_cex_intervention,indonesia,USDC
253,0.7903339130179993,100448993157.7629,468,S4_twin_shock_cex_intervention,indonesia,USDC
254,0.8111459927976353,97937768327.76868,468,S4_twin_shock_cex_intervention,indonesia,USDC
255,0.7802863336023914,95489324118.79715,468,S4_twin_shock_cex_intervention,indonesia,USDC
256,0.8107421433705309,93102091015.07895,468,S4_twin_shock_cex_intervention,indonesia,USDC
257,0.8168090116236952,90774538739.19038,468,S4_twin_shock_cex_intervention,indonesia,USDC
258,0.7855781701494032,88505175270.28616,468,S4_twin_shock_cex_intervention,indonesia,USDC
259,0.7914440745217151,86292545888.08554,468,S4_twin_shock_cex_intervention,indonesia,USDC
260,0.7929682079456717,84135232240.53415,468,S4_twin_shock_cex_intervention,indonesia,USDC
261,0.7966310019023652,82031851434.2317,468,S4_twin_shock_cex_intervention,indonesia,USDC
262,0.7730915258255335,79981055148.14883,468,S4_twin_shock_cex_intervention,indonesia,USDC
263,0.78372821510973,77981528769.22833,468,S4_twin_shock_cex_intervention,indonesia,USDC
264,0.6672165445587858,76031990549.83722,468,S4_twin_shock_cex_intervention,indonesia,USDC
265,0.6749902023485661,74131190785.88754,468,S4_twin_shock_cex_intervention,indonesia,USDC
266,0.7089431149604949,72277911016.10042,468,S4_twin_shock_cex_intervention,indonesia,USDC
267,0.7073548579984995,70470963240.60622,468,S4_twin_shock_cex_intervention,indonesia,USDC
268,0.7480766942858564,68709189159.52319,468,S4_twin_shock_cex_intervention,indonesia,USDC
269,0.7657132163465049,66991459430.49223,468,S4_twin_shock_cex_intervention,indonesia,USDC
270,0.7424013668049378,65316672944.700096,468,S4_twin_shock_cex_intervention,indonesia,USDC
271,0.7254009884198874,63683756121.05568,468,S4_twin_shock_cex_intervention,indonesia,USDC
272,0.7233407059330226,62091662218.00838,468,S4_twin_shock_cex_intervention,indonesia,USDC
273,0.7022855645669661,60539370662.542114,468,S4_twin_shock_cex_intervention,indonesia,USDC
274,0.7207822896174036,59025886395.96532,468,S4_twin_shock_cex_intervention,indonesia,USDC
275,0.7265812648869988,57550239236.056885,468,S4_twin_shock_cex_intervention,indonesia,USDC
276,0.7542256965366215,56111483255.14876,468,S4_twin_shock_cex_intervention,indonesia,USDC
277,0.7255410173573064,54708696173.76552,468,S4_twin_shock_cex_intervention,indonesia,USDC
278,0.6864054749124477,53340978769.41708,468,S4_twin_shock_cex_intervention,indonesia,USDC
279,0.7049433650317275,52007454300.177925,468,S4_twin_shock_cex_intervention,indonesia,USDC
280,0.7263957480702514,50707267942.671005,468,S4_twin_shock_cex_intervention,indonesia,USDC
281,0.7363850709233775,49439586244.102646,468,S4_twin_shock_cex_intervention,indonesia,USDC
282,0.7013313610821206,48203596587.998924,468,S4_twin_shock_cex_intervention,indonesia,USDC
283,0.706519070889743,46998506673.29793,468,S4_twin_shock_cex_intervention,indonesia,USDC
284,0.7074650313199521,45823544006.46476,468,S4_twin_shock_cex_intervention,indonesia,USDC
285,0.7106202490135048,44677955406.30258,468,S4_twin_shock_cex_intervention,indonesia,USDC
286,0.7076717007776823,43561006521.14462,468,S4_twin_shock_cex_intervention,indonesia,USDC
287,0.7382138479114698,42471981358.11572,468,S4_twin_shock_cex_intervention,indonesia,USDC
288,0.7595929159277371,41410181824.16264,468,S4_twin_shock_cex_intervention,indonesia,USDC
289,0.7612966522170924,40374927278.55843,468,S4_twin_shock_cex_intervention,indonesia,USDC
290,0.7751249786140191,39365554096.59436,468,S4_twin_shock_cex_intervention,indonesia,USDC
291,0.7776791739510523,38381415244.17943,468,S4_twin_shock_cex_intervention,indonesia,USDC
292,0.7820933952846495,37421879863.07488,468,S4_twin_shock_cex_intervention,indonesia,USDC
293,0.7804394890983978,36486332866.497955,468,S4_twin_shock_cex_intervention,indonesia,USDC
294,0.7731436108584215,35574174544.835464,468,S4_twin_shock_cex_intervention,indonesia,USDC
295,0.7905462107141666,34684820181.214554,468,S4_twin_shock_cex_intervention,indonesia,USDC
296,0.7773482552192089,33817699676.68416,468,S4_twin_shock_cex_intervention,indonesia,USDC
297,0.7735247121288709,32972257184.767033,468,S4_twin_shock_cex_intervention,indonesia,USDC
298,0.7774865182578655,32147950755.147842,468,S4_twin_shock_cex_intervention,indonesia,USDC
299,0.7747661062278741,31344251986.269135,468,S4_twin_shock_cex_intervention,indonesia,USDC
300,0.7477652840680021,30560645686.612396,468,S4_twin_shock_cex_intervention,indonesia,USDC
301,0.7488248413471423,29796629544.447075,468,S4_twin_shock_cex_intervention,indonesia,USDC
302,0.7127288883961818,29051713805.835888,468,S4_twin_shock_cex_intervention,indonesia,USDC
303,0.7339888770045763,28325420960.689987,468,S4_twin_shock_cex_intervention,indonesia,USDC
304,0.7325420397210316,27617285436.67273,468,S4_twin_shock_cex_intervention,indonesia,USDC
305,0.7404294451659529,26926853300.755905,468,S4_twin_shock_cex_intervention,indonesia,USDC
306,0.7188720777830206,26253681968.237007,468,S4_twin_shock_cex_intervention,indonesia,USDC
307,0.7382957006132497,25597339919.031082,468,S4_twin_shock_cex_intervention,indonesia,USDC
308,0.7358509970640444,24957406421.0553,468,S4_twin_shock_cex_intervention,indonesia,USDC
309,0.7494471990663585,24333471260.52892,468,S4_twin_shock_cex_intervention,indonesia,USDC
310,0.730642216501301,23725134479.015694,468,S4_twin_shock_cex_intervention,indonesia,USDC
311,0.7437506617547658,23132006117.040302,468,S4_twin_shock_cex_intervention,indonesia,USDC
312,0.757234611302926,22553705964.114292,468,S4_twin_shock_cex_intervention,indonesia,USDC
313,0.7554140580593626,21989863315.011436,468,S4_twin_shock_cex_intervention,indonesia,USDC
314,0.7637809367246102,21440116732.13615,468,S4_twin_shock_cex_intervention,indonesia,USDC
315,0.7506706291366435,20904113813.832745,468,S4_twin_shock_cex_intervention,indonesia,USDC
316,0.7424190334960904,20381510968.486927,468,S4_twin_shock_cex_intervention,indonesia,USDC
317,0.765470299399991,19871973194.274754,468,S4_twin_shock_cex_intervention,indonesia,USDC
318,0.7722639809301141,19375173864.417885,468,S4_twin_shock_cex_intervention,indonesia,USDC
319,0.7684336601120679,18890794517.807438,468,S4_twin_shock_cex_intervention,indonesia,USDC
320,0.7649497487516259,18418524654.86225,468,S4_twin_shock_cex_intervention,indonesia,USDC
321,0.7810044183802125,17958061538.490696,468,S4_twin_shock_cex_intervention,indonesia,USDC
322,0.7869641595545965,17509110000.028427,468,S4_twin_shock_cex_intervention,indonesia,USDC
323,0.8019111875240609,17071382250.027718,468,S4_twin_shock_cex_intervention,indonesia,USDC
324,0.8145680126586056,16644597693.777023,468,S4_twin_shock_cex_intervention,indonesia,USDC
325,0.8472911378988655,16228482751.432598,468,S4_twin_shock_cex_intervention,indonesia,USDC
326,0.8480447515299769,15822770682.646784,468,S4_twin_shock_cex_intervention,indonesia,USDC
327,0.8279008716924626,15427201415.580614,468,S4_twin_shock_cex_intervention,indonesia,USDC
328,0.8253126236160889,15041521380.191101,468,S4_twin_shock_cex_intervention,indonesia,USDC
329,0.766025740097515,14665483345.686321,468,S4_twin_shock_cex_intervention,indonesia,USDC
330,0.7559827016864403,14298846262.044163,468,S4_twin_shock_cex_intervention,indonesia,USDC
331,0.780498995229159,13941375105.49306,468,S4_twin_shock_cex_intervention,indonesia,USDC
332,0.770724387425619,13592840727.855732,468,S4_twin_shock_cex_intervention,indonesia,USDC
333,0.7690573722149251,13253019709.659338,468,S4_twin_shock_cex_intervention,indonesia,USDC
334,0.7839318452527745,12921694216.917856,468,S4_twin_shock_cex_intervention,indonesia,USDC
335,0.7902644869975366,12598651861.49491,468,S4_twin_shock_cex_intervention,indonesia,USDC
336,0.784519261306251,12283685564.957537,468,S4_twin_shock_cex_intervention,indonesia,USDC
337,0.8191868743231934,11976593425.8336,468,S4_twin_shock_cex_intervention,indonesia,USDC
338,0.8065251359114249,11677178590.18776,468,S4_twin_shock_cex_intervention,indonesia,USDC
339,0.8075217281182024,11385249125.433064,468,S4_twin_shock_cex_intervention,indonesia,USDC
340,0.8101026548458009,11100617897.297237,468,S4_twin_shock_cex_intervention,indonesia,USDC
341,0.7942990688891448,10823102449.864807,468,S4_twin_shock_cex_intervention,indonesia,USDC
342,0.8149003909260704,10552524888.618187,468,S4_twin_shock_cex_intervention,indonesia,USDC
343,0.7815914463829967,10288711766.40273,468,S4_twin_shock_cex_intervention,indonesia,USDC
344,0.8078434197908353,10031493972.242662,468,S4_twin_shock_cex_intervention,indonesia,USDC
345,0.7877554419366146,9780706622.936596,468,S4_twin_shock_cex_intervention,indonesia,USDC
346,0.8087328837415458,9536188957.36318,468,S4_twin_shock_cex_intervention,indonesia,USDC
347,0.8074483006907083,9297784233.4291,468,S4_twin_shock_cex_intervention,indonesia,USDC
348,0.8172907310895354,9065339627.593374,468,S4_twin_shock_cex_intervention,indonesia,USDC
349,0.8135822984725062,8838706136.903542,468,S4_twin_shock_cex_intervention,indonesia,USDC
350,0.7744820651425958,8617738483.480951,468,S4_twin_shock_cex_intervention,indonesia,USDC
351,0.779354534337922,8402295021.393928,468,S4_twin_shock_cex_intervention,indonesia,USDC
352,0.7628797837771011,8192237645.859079,468,S4_twin_shock_cex_intervention,indonesia,USDC
353,0.7527598750169576,7987431704.712604,468,S4_twin_shock_cex_intervention,indonesia,USDC
354,0.7349740119139643,7787745912.094788,468,S4_twin_shock_cex_intervention,indonesia,USDC
355,0.7405978102862391,7593052264.292418,468,S4_twin_shock_cex_intervention,indonesia,USDC
356,0.7434977990566732,7403225957.685108,468,S4_twin_shock_cex_intervention,indonesia,USDC
357,0.7516252553388949,7218145308.742981,468,S4_twin_shock_cex_intervention,indonesia,USDC
358,0.7525523884321326,7037691676.0244055,468,S4_twin_shock_cex_intervention,indonesia,USDC
359,0.7609023176232559,6861749384.123796,468,S4_twin_shock_cex_intervention,indonesia,USDC
360,0.748440194097757,6690205649.520701,468,S4_twin_shock_cex_intervention,indonesia,USDC
361,0.7780807310095493,6522950508.282682,468,S4_twin_shock_cex_intervention,indonesia,USDC
362,0.7610254400829681,6359876745.575617,468,S4_twin_shock_cex_intervention,indonesia,USDC
363,0.7527031346613141,6200879826.936226,468,S4_twin_shock_cex_intervention,indonesia,USDC
364,0.7733439319485277,6045857831.262821,468,S4_twin_shock_cex_intervention,indonesia,USDC
365,0.7748890745073221,5894711385.48125,468,S4_twin_shock_cex_intervention,indonesia,USDC
366,0.8028169948033977,5747343600.844218,468,S4_twin_shock_cex_intervention,indonesia,USDC
367,0.8228909766647523,5603660010.823113,468,S4_twin_shock_cex_intervention,indonesia,USDC
368,0.8302548006108164,5463568510.552536,468,S4_twin_shock_cex_intervention,indonesia,USDC
369,0.8129330551170206,5326979297.788722,468,S4_twin_shock_cex_intervention,indonesia,USDC
370,0.8225350067279499,5193804815.344004,468,S4_twin_shock_cex_intervention,indonesia,USDC
371,0.8154753551927281,5063959694.960403,468,S4_twin_shock_cex_intervention,indonesia,USDC
372,0.8253248953432303,4937360702.586394,468,S4_twin_shock_cex_intervention,indonesia,USDC
373,0.8206710005219593,4813926685.021734,468,S4_twin_shock_cex_intervention,indonesia,USDC
374,0.8381795478367031,4693578517.896191,468,S4_twin_shock_cex_intervention,indonesia,USDC
375,0.8111397706266125,4576239054.948786,468,S4_twin_shock_cex_intervention,indonesia,USDC
376,0.800338057637389,4461833078.575066,468,S4_twin_shock_cex_intervention,indonesia,USDC
377,0.8161874801062683,4350287251.610689,468,S4_twin_shock_cex_intervention,indonesia,USDC
378,0.81808503341381,4241530070.320422,468,S4_twin_shock_cex_intervention,indonesia,USDC
379,0.8383632703802054,4135491818.5624113,468,S4_twin_shock_cex_intervention,indonesia,USDC
380,0.833645056202858,4032104523.0983515,468,S4_twin_shock_cex_intervention,indonesia,USDC
381,0.8060581667150818,3931301910.020892,468,S4_twin_shock_cex_intervention,indonesia,USDC
382,0.7889816491496824,3833019362.2703705,468,S4_twin_shock_cex_intervention,indonesia,USDC
383,0.7844870619371203,3737193878.2136106,468,S4_twin_shock_cex_intervention,indonesia,USDC
384,0.8056688376031781,3643764031.2582703,468,S4_twin_shock_cex_intervention,indonesia,USDC
385,0.8021808009921024,3552669930.4768133,468,S4_twin_shock_cex_intervention,indonesia,USDC
386,0.7782542192116549,3463853182.2148933,468,S4_twin_shock_cex_intervention,indonesia,USDC
387,0.7857476681027158,3377256852.659521,468,S4_twin_shock_cex_intervention,indonesia,USDC
388,0.7791783591886173,3292825431.343033,468,S4_twin_shock_cex_intervention,indonesia,USDC
389,0.7734752027382561,3210504795.559457,468,S4_twin_shock_cex_intervention,indonesia,USDC
390,0.7707235707321783,3130242175.6704707,468,S4_twin_shock_cex_intervention,indonesia,USDC
391,0.7531004196117137,3051986121.278709,468,S4_twin_shock_cex_intervention,indonesia,USDC
392,0.7785464022777497,2975686468.2467413,468,S4_twin_shock_cex_intervention,indonesia,USDC
393,0.7632340397425527,2901294306.540572,468,S4_twin_shock_cex_intervention,indonesia,USDC
394,0.7885351139943981,2828761948.877058,468,S4_twin_shock_cex_intervention,indonesia,USDC
395,0.8052625141622085,2758042900.155132,468,S4_twin_shock_cex_intervention,indonesia,USDC
396,0.7899679533552278,2689091827.6512537,468,S4_twin_shock_cex_intervention,indonesia,USDC
397,0.7890052965023643,2621864531.9599724,468,S4_twin_shock_cex_intervention,indonesia,USDC
398,0.7759168956662704,2556317918.660973,468,S4_twin_shock_cex_intervention,indonesia,USDC
399,0.7589961904259016,2492409970.6944485,468,S4_twin_shock_cex_intervention,indonesia,USDC
400,0.7558463913681485,2430099721.4270873,468,S4_twin_shock_cex_intervention,indonesia,USDC
401,0.7717348759826218,2369347228.3914104,468,S4_twin_shock_cex_intervention,indonesia,USDC
402,0.7641436547978578,2310113547.6816254,468,S4_twin_shock_cex_intervention,indonesia,USDC
403,0.7814479540708321,2252360708.9895844,468,S4_twin_shock_cex_intervention,indonesia,USDC
404,0.7898227977405528,2196051691.264845,468,S4_twin_shock_cex_intervention,indonesia,USDC
405,0.8134662229004159,2141150398.9832237,468,S4_twin_shock_cex_intervention,indonesia,USDC
406,0.797758320264535,2087621639.0086432,468,S4_twin_shock_cex_intervention,indonesia,USDC
407,0.8186092660731367,2035431098.0334268,468,S4_twin_shock_cex_intervention,indonesia,USDC
408,0.8540250022923259,1984545320.5825915,468,S4_twin_shock_cex_intervention,indonesia,USDC
409,0.8344116241198378,1934931687.5680265,468,S4_twin_shock_cex_intervention,indonesia,USDC
410,0.8377337800771475,1886558395.3788257,468,S4_twin_shock_cex_intervention,indonesia,USDC
411,0.8333732126947362,1839394435.4943554,468,S4_twin_shock_cex_intervention,indonesia,USDC
412,0.8222442066335979,1793409574.6069965,468,S4_twin_shock_cex_intervention,indonesia,USDC
413,0.8299646734599478,1748574335.2418215,468,S4_twin_shock_cex_intervention,indonesia,USDC
414,0.8226069324126614,1704859976.860776,468,S4_twin_shock_cex_intervention,indonesia,USDC
415,0.8055093244039419,1662238477.4392567,468,S4_twin_shock_cex_intervention,indonesia,USDC
416,0.828158546817645,1620682515.503275,468,S4_twin_shock_cex_intervention,indonesia,USDC
417,0.8469257148762992,1580165452.615693,468,S4_twin_shock_cex_intervention,indonesia,USDC
418,0.8711680507547647,1540661316.3003008,468,S4_twin_shock_cex_intervention,indonesia,USDC
419,0.8713819711337424,1502144783.3927932,468,S4_twin_shock_cex_intervention,indonesia,USDC
420,0.8622359814893473,1464591163.8079734,468,S4_twin_shock_cex_intervention,indonesia,USDC
421,0.849811957990239,1427976384.712774,468,S4_twin_shock_cex_intervention,indonesia,USDC
422,0.8407669904909648,1392276975.0949547,468,S4_twin_shock_cex_intervention,indonesia,USDC
423,0.8630891217998834,1357470050.717581,468,S4_twin_shock_cex_intervention,indonesia,USDC
424,0.8368730146373917,1323533299.4496415,468,S4_twin_shock_cex_intervention,indonesia,USDC
425,0.8216664534767533,1290444966.9634004,468,S4_twin_shock_cex_intervention,indonesia,USDC
426,0.8295613566011433,1258183842.7893152,468,S4_twin_shock_cex_intervention,indonesia,USDC
427,0.8251676739397094,1226729246.7195826,468,S4_twin_shock_cex_intervention,indonesia,USDC
428,0.8003331337870044,1196061015.5515928,468,S4_twin_shock_cex_intervention,indonesia,USDC
429,0.7813462332343146,1166159490.1628032,468,S4_twin_shock_cex_intervention,indonesia,USDC
430,0.8034860950808759,1137005502.9087331,468,S4_twin_shock_cex_intervention,indonesia,USDC
431,0.7785865153654303,1108580365.3360147,468,S4_twin_shock_cex_intervention,indonesia,USDC
432,0.7896927305440052,1080865856.2026143,468,S4_twin_shock_cex_intervention,indonesia,USDC
433,0.7617904731241771,1053844209.797549,468,S4_twin_shock_cex_intervention,indonesia,USDC
434,0.7172201926047839,1027498104.5526102,468,S4_twin_shock_cex_intervention,indonesia,USDC
435,0.7100481072835565,1001810651.938795,468,S4_twin_shock_cex_intervention,indonesia,USDC
436,0.7244998459561363,976765385.6403251,468,S4_twin_shock_cex_intervention,indonesia,USDC
437,0.756982423714465,952346250.9993169,468,S4_twin_shock_cex_intervention,indonesia,USDC
438,0.77775730576435,928537594.724334,468,S4_twin_shock_cex_intervention,indonesia,USDC
439,0.765880698691965,905324154.8562257,468,S4_twin_shock_cex_intervention,indonesia,USDC
440,0.759878725903341,882691050.98482,468,S4_twin_shock_cex_intervention,indonesia,USDC
441,0.7551946453934802,860623774.7101996,468,S4_twin_shock_cex_intervention,indonesia,USDC
442,0.7754412319198285,839108180.3424444,468,S4_twin_shock_cex_intervention,indonesia,USDC
443,0.8045464636147189,818130475.8338833,468,S4_twin_shock_cex_intervention,indonesia,USDC
444,0.778739682194737,797677213.9380363,468,S4_twin_shock_cex_intervention,indonesia,USDC
445,0.7989576957467285,777735283.5895854,468,S4_twin_shock_cex_intervention,indonesia,USDC
446,0.7980172638792127,758291901.4998457,468,S4_twin_shock_cex_intervention,indonesia,USDC
447,0.7730277286491447,739334603.9623497,468,S4_twin_shock_cex_intervention,indonesia,USDC
448,0.7774410906026752,720851238.8632909,468,S4_twin_shock_cex_intervention,indonesia,USDC
449,0.7618916629918748,702829957.8917086,468,S4_twin_shock_cex_intervention,indonesia,USDC
450,0.7677318586627817,685259208.9444159,468,S4_twin_shock_cex_intervention,indonesia,USDC
451,0.7598034291934215,668127728.7208055,468,S4_twin_shock_cex_intervention,indonesia,USDC
452,0.7722332668826181,651424535.5027854,468,S4_twin_shock_cex_intervention,indonesia,USDC
453,0.7725575107420222,635138922.1152158,468,S4_twin_shock_cex_intervention,indonesia,USDC
454,0.7639032071308922,619260449.0623354,468,S4_twin_shock_cex_intervention,indonesia,USDC
455,0.7709627438735861,603778937.8357769,468,S4_twin_shock_cex_intervention,indonesia,USDC
456,0.7686553742865719,588684464.3898826,468,S4_twin_shock_cex_intervention,indonesia,USDC
457,0.8037589276081253,573967352.7801354,468,S4_twin_shock_cex_intervention,indonesia,USDC
458,0.7968507043014753,559618168.9606321,468,S4_twin_shock_cex_intervention,indonesia,USDC
459,0.7790851050816108,545627714.7366164,468,S4_twin_shock_cex_intervention,indonesia,USDC
460,0.7512945199721069,531987021.86820084,468,S4_twin_shock_cex_intervention,indonesia,USDC
461,0.7657468982845642,518687346.32149583,468,S4_twin_shock_cex_intervention,indonesia,USDC
462,0.7982954057699162,505720162.66345847,468,S4_twin_shock_cex_intervention,indonesia,USDC
463,0.7834581067337462,493077158.596872,468,S4_twin_shock_cex_intervention,indonesia,USDC
464,0.771946092235816,480750229.63195026,468,S4_twin_shock_cex_intervention,indonesia,USDC
465,0.800935873344164,468731473.8911514,468,S4_twin_shock_cex_intervention,indonesia,USDC
466,0.804437724842154,457013187.0438726,468,S4_twin_shock_cex_intervention,indonesia,USDC
467,0.8121032772772077,445587857.3677758,468,S4_twin_shock_cex_intervention,indonesia,USDC
468,0.8053441778184544,434448160.9335814,468,S4_twin_shock_cex_intervention,indonesia,USDC
469,0.804839992010591,423586956.9102419,468,S4_twin_shock_cex_intervention,indonesia,USDC
470,0.8181200087593127,412997282.9874859,468,S4_twin_shock_cex_intervention,indonesia,USDC
471,0.789294718214674,402672350.91279876,468,S4_twin_shock_cex_intervention,indonesia,USDC
472,0.7928251325007715,392605542.13997877,468,S4_twin_shock_cex_intervention,indonesia,USDC
473,0.7740821403280496,382790403.5864793,468,S4_twin_shock_cex_intervention,indonesia,USDC
474,0.7571295382421324,373220643.4968173,468,S4_twin_shock_cex_intervention,indonesia,USDC
475,0.7652466148002858,363890127.4093968,468,S4_twin_shock_cex_intervention,indonesia,USDC
476,0.776349117905653,354792874.2241619,468,S4_twin_shock_cex_intervention,indonesia,USDC
477,0.7607119761663649,345923052.3685579,468,S4_twin_shock_cex_intervention,indonesia,USDC
478,0.7614587448172913,337274976.05934393,468,S4_twin_shock_cex_intervention,indonesia,USDC
479,0.7823332129213325,328843101.65786034,468,S4_twin_shock_cex_intervention,indonesia,USDC
480,0.774933620592197,320622024.11641383,468,S4_twin_shock_cex_intervention,indonesia,USDC
481,0.7740947865208574,312606473.51350343,468,S4_twin_shock_cex_intervention,indonesia,USDC
482,0.7899547718622636,304791311.67566586,468,S4_twin_shock_cex_intervention,indonesia,USDC
483,0.792913889110038,297171528.8837742,468,S4_twin_shock_cex_intervention,indonesia,USDC
484,0.7942939394798448,289742240.66167986,468,S4_twin_shock_cex_intervention,indonesia,USDC
485,0.7820969371926041,282498684.6451379,468,S4_twin_shock_cex_intervention,indonesia,USDC
486,0.7768672972201791,275436217.52900946,468,S4_twin_shock_cex_intervention,indonesia,USDC
487,0.7732345517623396,268550312.0907842,468,S4_twin_shock_cex_intervention,indonesia,USDC
488,0.7518523329645346,261836554.2885146,468,S4_twin_shock_cex_intervention,indonesia,USDC
489,0.7680177809477394,255290640.43130174,468,S4_twin_shock_cex_intervention,indonesia,USDC
490,0.7694529137036009,248908374.42051917,468,S4_twin_shock_cex_intervention,indonesia,USDC
491,0.7865365700731655,242685665.0600062,468,S4_twin_shock_cex_intervention,indonesia,USDC
492,0.7706014235591144,236618523.43350607,468,S4_twin_shock_cex_intervention,indonesia,USDC
493,0.7857283877256018,230703060.3476684,468,S4_twin_shock_cex_intervention,indonesia,USDC
494,0.7875022397367032,224935483.8389767,468,S4_twin_shock_cex_intervention,indonesia,USDC
495,0.8024787257679195,219312096.74300227,468,S4_twin_shock_cex_intervention,indonesia,USDC
496,0.788478602716964,213829294.3244272,468,S4_twin_shock_cex_intervention,indonesia,USDC
497,0.7746313293628856,208483561.96631652,468,S4_twin_shock_cex_intervention,indonesia,USDC
498,0.7877125065987572,203271472.9171586,468,S4_twin_shock_cex_intervention,indonesia,USDC
499,0.7768626934946694,198189686.09422964,468,S4_twin_shock_cex_intervention,indonesia,USDC
500,0.7906716866024436,193234943.9418739,468,S4_twin_shock_cex_intervention,indonesia,USDC
501,0.7876745588184773,188404070.34332705,468,S4_twin_shock_cex_intervention,indonesia,USDC
502,0.7881488038470696,183693968.58474386,468,S4_twin_shock_cex_intervention,indonesia,USDC
503,0.7916980761423706,179101619.3701253,468,S4_twin_shock_cex_intervention,indonesia,USDC
504,0.7979561243199746,174624078.88587216,468,S4_twin_shock_cex_intervention,indonesia,USDC
505,0.7655217770855308,170258476.91372532,468,S4_twin_shock_cex_intervention,indonesia,USDC
506,0.7555842576877748,166002014.9908822,468,S4_twin_shock_cex_intervention,indonesia,USDC
507,0.7550633928707957,161851964.61611015,468,S4_twin_shock_cex_intervention,indonesia,USDC
508,0.745300189712958,157805665.5007074,468,S4_twin_shock_cex_intervention,indonesia,USDC
509,0.7459111175943424,153860523.86318973,468,S4_twin_shock_cex_intervention,indonesia,USDC
510,0.7345955026078459,150014010.76660997,468,S4_twin_shock_cex_intervention,indonesia,USDC
511,0.7302510897495174,146263660.49744472,468,S4_twin_shock_cex_intervention,indonesia,USDC
512,0.7292802092586194,142607068.9850086,468,S4_twin_shock_cex_intervention,indonesia,USDC
513,0.7321296606833063,139041892.26038337,468,S4_twin_shock_cex_intervention,indonesia,USDC
514,0.7314486676731707,135565844.9538738,468,S4_twin_shock_cex_intervention,indonesia,USDC
515,0.7447615661698078,132176698.83002695,468,S4_twin_shock_cex_intervention,indonesia,USDC
516,0.7678163406034962,128872281.35927628,468,S4_twin_shock_cex_intervention,indonesia,USDC
517,0.7789644196993891,125650474.32529438,468,S4_twin_shock_cex_intervention,indonesia,USDC
518,0.7672698571191928,122509212.46716201,468,S4_twin_shock_cex_intervention,indonesia,USDC
519,0.7633634680963293,119446482.15548298,468,S4_twin_shock_cex_intervention,indonesia,USDC
520,0.7938846419530163,116460320.1015959,468,S4_twin_shock_cex_intervention,indonesia,USDC
521,0.8137785375608675,113548812.09905599,468,S4_twin_shock_cex_intervention,indonesia,USDC
522,0.8049503150208067,110710091.7965796,468,S4_twin_shock_cex_intervention,indonesia,USDC
523,0.8070797302794415,107942339.50166512,468,S4_twin_shock_cex_intervention,indonesia,USDC
524,0.7870431553042242,105243781.01412347,468,S4_twin_shock_cex_intervention,indonesia,USDC
525,0.6827919161545847,102612686.48877037,468,S4_twin_shock_cex_intervention,indonesia,USDC
526,0.7118164562780983,100047369.32655112,468,S4_twin_shock_cex_intervention,indonesia,USDC
527,0.7299339414754694,97546185.09338734,468,S4_twin_shock_cex_intervention,indonesia,USDC
528,0.7332881701320345,95107530.46605265,468,S4_twin_shock_cex_intervention,indonesia,USDC
529,0.7601813190661605,92729842.20440134,468,S4_twin_shock_cex_intervention,indonesia,USDC
530,0.7544178836895613,90411596.1492913,468,S4_twin_shock_cex_intervention,indonesia,USDC
531,0.7601206406324084,88151306.24555902,468,S4_twin_shock_cex_intervention,indonesia,USDC
532,0.751581302595664,85947523.58942005,468,S4_twin_shock_cex_intervention,indonesia,USDC
533,0.7334945689248664,83798835.49968454,468,S4_twin_shock_cex_intervention,indonesia,USDC
534,0.7429559988577817,81703864.61219244,468,S4_twin_shock_cex_intervention,indonesia,USDC
535,0.7300579778367776,79661267.99688762,468,S4_twin_shock_cex_intervention,indonesia,USDC
536,0.722535431012032,77669736.29696542,468,S4_twin_shock_cex_intervention,indonesia,USDC
537,0.7498613817701616,75727992.88954128,468,S4_twin_shock_cex_intervention,indonesia,USDC
538,0.7479399057213483,73834793.06730275,468,S4_twin_shock_cex_intervention,indonesia,USDC
539,0.7623568919579543,71988923.24062018,468,S4_twin_shock_cex_intervention,indonesia,USDC
540,0.7565254679270611,70189200.15960468,468,S4_twin_shock_cex_intervention,indonesia,USDC
541,0.7687946169612251,68434470.15561455,468,S4_twin_shock_cex_intervention,indonesia,USDC
542,0.7675804385404992,66723608.401724204,468,S4_twin_shock_cex_intervention,indonesia,USDC
543,0.7650341152963998,65055518.191681094,468,S4_twin_shock_cex_intervention,indonesia,USDC
544,0.7779934724377052,63429130.236889064,468,S4_twin_shock_cex_intervention,indonesia,USDC
545,0.7670940013021361,61843401.980966836,468,S4_twin_shock_cex_intervention,indonesia,USDC
546,0.7538860392187307,60297316.93144266,468,S4_twin_shock_cex_intervention,indonesia,USDC
547,0.7637130055871749,58789884.0081566,468,S4_twin_shock_cex_intervention,indonesia,USDC
548,0.7716065153266334,57320136.90795268,468,S4_twin_shock_cex_intervention,indonesia,USDC
549,0.7950243248738165,55887133.48525387,468,S4_twin_shock_cex_intervention,indonesia,USDC
550,0.7874639203878359,54489955.14812252,468,S4_twin_shock_cex_intervention,indonesia,USDC
551,0.8033031950241016,53127706.26941945,468,S4_twin_shock_cex_intervention,indonesia,USDC
552,0.7763313549669982,51799513.61268397,468,S4_twin_shock_cex_intervention,indonesia,USDC
553,0.7692596156345419,50504525.77236687,468,S4_twin_shock_cex_intervention,indonesia,USDC
554,0.7652342116663767,49241912.6280577,468,S4_twin_shock_cex_intervention,indonesia,USDC
555,0.762796443141228,48010864.812356256,468,S4_twin_shock_cex_intervention,indonesia,USDC
556,0.7679075028574233,46810593.19204735,468,S4_twin_shock_cex_intervention,indonesia,USDC
557,0.7834109004878287,45640328.36224616,468,S4_twin_shock_cex_intervention,indonesia,USDC
558,0.7928012747418233,44499320.15319001,468,S4_twin_shock_cex_intervention,indonesia,USDC
559,0.8041161156894356,43386837.14936026,468,S4_twin_shock_cex_intervention,indonesia,USDC
560,0.8141577265116722,42302166.22062626,468,S4_twin_shock_cex_intervention,indonesia,USDC
561,0.8042612038901755,41244612.065110594,468,S4_twin_shock_cex_intervention,indonesia,USDC
562,0.7871218087566865,40213496.76348283,468,S4_twin_shock_cex_intervention,indonesia,USDC
563,0.7922992422689631,39208159.344395764,468,S4_twin_shock_cex_intervention,indonesia,USDC
564,0.7734781767352313,38227955.36078587,468,S4_twin_shock_cex_intervention,indonesia,USDC
565,0.7699959381653655,37272256.47676622,468,S4_twin_shock_cex_intervention,indonesia,USDC
566,0.7693988258332621,36340450.06484707,468,S4_twin_shock_cex_intervention,indonesia,USDC
567,0.7679094267264686,35431938.81322589,468,S4_twin_shock_cex_intervention,indonesia,USDC
568,0.7908675146899534,34546140.34289524,468,S4_twin_shock_cex_intervention,indonesia,USDC
569,0.7860835009794379,33682486.83432286,468,S4_twin_shock_cex_intervention,indonesia,USDC
570,0.7899433432347494,32840424.663464792,468,S4_twin_shock_cex_intervention,indonesia,USDC
571,0.7727837142010843,32019414.04687817,468,S4_twin_shock_cex_intervention,indonesia,USDC
572,0.7916717279624215,31218928.695706215,468,S4_twin_shock_cex_intervention,indonesia,USDC
573,0.8109413021978661,30438455.47831356,468,S4_twin_shock_cex_intervention,indonesia,USDC
574,0.8378251124573625,29677494.09135572,468,S4_twin_shock_cex_intervention,indonesia,USDC
575,0.8386447667313316,28935556.739071827,468,S4_twin_shock_cex_intervention,indonesia,USDC
576,0.8202327905446937,28212167.820595033,468,S4_twin_shock_cex_intervention,indonesia,USDC
577,0.8308124483749587,27506863.625080157,468,S4_twin_shock_cex_intervention,indonesia,USDC
578,0.8379364505951632,26819192.034453154,468,S4_twin_shock_cex_intervention,indonesia,USDC
579,0.8136599917227325,26148712.233591825,468,S4_twin_shock_cex_intervention,indonesia,USDC
580,0.7883276964727227,25494994.427752025,468,S4_twin_shock_cex_intervention,indonesia,USDC
581,0.7892964115934106,24857619.567058228,468,S4_twin_shock_cex_intervention,indonesia,USDC
582,0.804711499861026,24236179.07788177,468,S4_twin_shock_cex_intervention,indonesia,USDC
583,0.8077034800686451,23630274.600934725,468,S4_twin_shock_cex_intervention,indonesia,USDC
584,0.7806355242423524,23039517.73591136,468,S4_twin_shock_cex_intervention,indonesia,USDC
585,0.7880450476020023,22463529.792513575,468,S4_twin_shock_cex_intervention,indonesia,USDC
586,0.7950290001649177,21901941.547700737,468,S4_twin_shock_cex_intervention,indonesia,USDC
587,0.8086822075350664,21354393.009008218,468,S4_twin_shock_cex_intervention,indonesia,USDC
588,0.7876620701967533,20820533.183783013,468,S4_twin_shock_cex_intervention,indonesia,USDC
589,0.7959900903127337,20300019.85418844,468,S4_twin_shock_cex_intervention,indonesia,USDC
590,0.7966381030565266,19792519.35783373,468,S4_twin_shock_cex_intervention,indonesia,USDC
591,0.7748166338492641,19297706.373887885,468,S4_twin_shock_cex_intervention,indonesia,USDC
592,0.7897154653967279,18815263.714540686,468,S4_twin_shock_cex_intervention,indonesia,USDC
593,0.775569329070063,18344882.121677168,468,S4_twin_shock_cex_intervention,indonesia,USDC
594,0.7630180076905022,17886260.06863524,468,S4_twin_shock_cex_intervention,indonesia,USDC
595,0.7628044366938144,17439103.566919357,468,S4_twin_shock_cex_intervention,indonesia,USDC
596,0.7585247564187768,17003125.977746375,468,S4_twin_shock_cex_intervention,indonesia,USDC
597,0.745291917083929,16578047.828302713,468,S4_twin_shock_cex_intervention,indonesia,USDC
598,0.7378972883921603,16163596.632595144,468,S4_twin_shock_cex_intervention,indonesia,USDC
599,0.7301349571086104,15759506.716780268,468,S4_twin_shock_cex_intervention,indonesia,USDC
600,0.7345331151183809,15365519.048860762,468,S4_twin_shock_cex_intervention,indonesia,USDC
601,0.710467347602715,14981381.072639244,468,S4_twin_shock_cex_intervention,indonesia,USDC
602,0.7083539048662876,14606846.545823263,468,S4_twin_shock_cex_intervention,indonesia,USDC
603,0.6912715172543085,14241675.38217768,468,S4_twin_shock_cex_intervention,indonesia,USDC
604,0.6831889552073868,13885633.497623237,468,S4_twin_shock_cex_intervention,indonesia,USDC
605,0.703244673707937,13538492.660182657,468,S4_twin_shock_cex_intervention,indonesia,USDC
606,0.7118645153337042,13200030.34367809,468,S4_twin_shock_cex_intervention,indonesia,USDC
607,0.720710382059357,12870029.585086137,468,S4_twin_shock_cex_intervention,indonesia,USDC
608,0.7195123321275207,12548278.845458984,468,S4_twin_shock_cex_intervention,indonesia,USDC
609,0.7335833470334304,12234571.87432251,468,S4_twin_shock_cex_intervention,indonesia,USDC
610,0.7579210020146256,11928707.577464446,468,S4_twin_shock_cex_intervention,indonesia,USDC
611,0.7596757175273386,11630489.888027836,468,S4_twin_shock_cex_intervention,indonesia,USDC
612,0.7714968825615798,11339727.64082714,468,S4_twin_shock_cex_intervention,indonesia,USDC
613,0.7600579959440696,11056234.449806461,468,S4_twin_shock_cex_intervention,indonesia,USDC
614,0.7719572652260023,10779828.5885613,468,S4_twin_shock_cex_intervention,indonesia,USDC
615,0.7609037067911917,10510332.873847267,468,S4_twin_shock_cex_intervention,indonesia,USDC
616,0.7406421481715555,10247574.552001085,468,S4_twin_shock_cex_intervention,indonesia,USDC
617,0.7582623148453375,9991385.188201059,468,S4_twin_shock_cex_intervention,indonesia,USDC
618,0.7878244762390042,9741600.558496032,468,S4_twin_shock_cex_intervention,indonesia,USDC
619,0.7981153976829922,9498060.54453363,468,S4_twin_shock_cex_intervention,indonesia,USDC
620,0.795234702894396,9260609.03092029,468,S4_twin_shock_cex_intervention,indonesia,USDC
621,0.8002848352793277,9029093.805147283,468,S4_twin_shock_cex_intervention,indonesia,USDC
622,0.8182472834328289,8803366.460018601,468,S4_twin_shock_cex_intervention,indonesia,USDC
623,0.8279868118736727,8583282.298518136,468,S4_twin_shock_cex_intervention,indonesia,USDC
624,0.816471761738506,8368700.241055183,468,S4_twin_shock_cex_intervention,indonesia,USDC
625,0.8170933313637966,8159482.735028803,468,S4_twin_shock_cex_intervention,indonesia,USDC
626,0.8077575342501814,7955495.666653082,468,S4_twin_shock_cex_intervention,indonesia,USDC
627,0.7916062029587163,7756608.274986755,468,S4_twin_shock_cex_intervention,indonesia,USDC
628,0.7786532121810147,7562693.0681120865,468,S4_twin_shock_cex_intervention,indonesia,USDC
629,0.7807222615181215,7373625.741409285,468,S4_twin_shock_cex_intervention,indonesia,USDC
630,0.7838418975599336,7189285.097874052,468,S4_twin_shock_cex_intervention,indonesia,USDC
631,0.8093784959145756,7009552.9704272,468,S4_twin_shock_cex_intervention,indonesia,USDC
632,0.809539845037044,6834314.14616652,468,S4_twin_shock_cex_intervention,indonesia,USDC
633,0.8149518996776077,6663456.292512357,468,S4_twin_shock_cex_intervention,indonesia,USDC
634,0.8271717122331098,6496869.885199548,468,S4_twin_shock_cex_intervention,indonesia,USDC
635,0.8197986702969191,6334448.138069559,468,S4_twin_shock_cex_intervention,indonesia,USDC
636,0.8104955301659377,6176086.93461782,468,S4_twin_shock_cex_intervention,indonesia,USDC
637,0.8317739877688803,6021684.761252375,468,S4_twin_shock_cex_intervention,indonesia,USDC
638,0.8251232092414497,5871142.642221065,468,S4_twin_shock_cex_intervention,indonesia,USDC
639,0.8171966999182304,5724364.076165539,468,S4_twin_shock_cex_intervention,indonesia,USDC
640,0.8038936039395748,5581254.9742614,468,S4_twin_shock_cex_intervention,indonesia,USDC
641,0.7821119940864499,5441723.599904865,468,S4_twin_shock_cex_intervention,indonesia,USDC
642,0.7626534137588564,5305680.509907244,468,S4_twin_shock_cex_intervention,indonesia,USDC
643,0.7887187374838908,5173038.497159563,468,S4_twin_shock_cex_intervention,indonesia,USDC
644,0.8005980304739162,5043712.534730573,468,S4_twin_shock_cex_intervention,indonesia,USDC
645,0.810928127839323,4917619.7213623095,468,S4_twin_shock_cex_intervention,indonesia,USDC
646,0.8332991173674476,4794679.228328251,468,S4_twin_shock_cex_intervention,indonesia,USDC
647,0.827035188536114,4674812.247620045,468,S4_twin_shock_cex_intervention,indonesia,USDC
648,0.8393549488676865,4557941.941429543,468,S4_twin_shock_cex_intervention,indonesia,USDC
649,0.8297918592063291,4443993.392893805,468,S4_twin_shock_cex_intervention,indonesia,USDC
650,0.8547309056184893,4332893.55807146,468,S4_twin_shock_cex_intervention,indonesia,USDC
651,0.8561057870395975,4224571.219119674,468,S4_twin_shock_cex_intervention,indonesia,USDC
652,0.8339742127694278,4118956.938641682,468,S4_twin_shock_cex_intervention,indonesia,USDC
653,0.8362522252569058,4015983.0151756397,468,S4_twin_shock_cex_intervention,indonesia,USDC
654,0.8193339431739577,3915583.439796249,468,S4_twin_shock_cex_intervention,indonesia,USDC
655,0.8161077565672498,3817693.8538013427,468,S4_twin_shock_cex_intervention,indonesia,USDC
656,0.8117042494639914,3722251.507456309,468,S4_twin_shock_cex_intervention,indonesia,USDC
657,0.8073177215365772,3629195.2197699007,468,S4_twin_shock_cex_intervention,indonesia,USDC
658,0.8287192224154227,3538465.3392756535,468,S4_twin_shock_cex_intervention,indonesia,USDC
659,0.8423896257299265,3450003.7057937626,468,S4_twin_shock_cex_intervention,indonesia,USDC
660,0.8587898879353372,3363753.613148918,468,S4_twin_shock_cex_intervention,indonesia,USDC
661,0.8568121623751578,3279659.772820195,468,S4_twin_shock_cex_intervention,indonesia,USDC
662,0.8372350270460063,3197668.27849969,468,S4_twin_shock_cex_intervention,indonesia,USDC
663,0.8250520660197651,3117726.5715371976,468,S4_twin_shock_cex_intervention,indonesia,USDC
664,0.8140707863941503,3039783.407248768,468,S4_twin_shock_cex_intervention,indonesia,USDC
665,0.8021010060005187,2963788.8220675485,468,S4_twin_shock_cex_intervention,indonesia,USDC
666,0.7869918146682,2889694.10151586,468,S4_twin_shock_cex_intervention,indonesia,USDC
667,0.796828088360505,2817451.748977963,468,S4_twin_shock_cex_intervention,indonesia,USDC
668,0.809906371820377,2747015.455253514,468,S4_twin_shock_cex_intervention,indonesia,USDC
669,0.806385238662064,2678340.068872176,468,S4_twin_shock_cex_intervention,indonesia,USDC
670,0.8059893641174054,2611381.567150372,468,S4_twin_shock_cex_intervention,indonesia,USDC
671,0.8105050034953527,2546097.0279716123,468,S4_twin_shock_cex_intervention,indonesia,USDC
672,0.8165643657444004,2482444.6022723224,468,S4_twin_shock_cex_intervention,indonesia,USDC
673,0.7930179247266423,2420383.4872155143,468,S4_twin_shock_cex_intervention,indonesia,USDC
674,0.7766035068080289,2359873.900035126,468,S4_twin_shock_cex_intervention,indonesia,USDC
675,0.7918712927053323,2300877.052534248,468,S4_twin_shock_cex_intervention,indonesia,USDC
676,0.7913462188146096,2243355.1262208917,468,S4_twin_shock_cex_intervention,indonesia,USDC
677,0.800876679640219,2187271.2480653697,468,S4_twin_shock_cex_intervention,indonesia,USDC
678,0.7985859812870093,2132589.466863735,468,S4_twin_shock_cex_intervention,indonesia,USDC
679,0.7926544517114227,2079274.7301921418,468,S4_twin_shock_cex_intervention,indonesia,USDC
680,0.7945997443338645,2027292.8619373385,468,S4_twin_shock_cex_intervention,indonesia,USDC
681,0.8222221402954588,1976610.540388905,468,S4_twin_shock_cex_intervention,indonesia,USDC
682,0.8189432660743458,1927195.2768791823,468,S4_twin_shock_cex_intervention,indonesia,USDC
683,0.8231561415773604,1879015.3949572027,468,S4_twin_shock_cex_intervention,indonesia,USDC
684,0.8123723460492375,1832040.0100832726,468,S4_twin_shock_cex_intervention,indonesia,USDC
685,0.7922152878470647,1786239.0098311908,468,S4_twin_shock_cex_intervention,indonesia,USDC
686,0.7212472505550364,1741583.034585411,468,S4_twin_shock_cex_intervention,indonesia,USDC
687,0.7054461923809489,1698043.4587207758,468,S4_twin_shock_cex_intervention,indonesia,USDC
688,0.6985764483713747,1655592.3722527563,468,S4_twin_shock_cex_intervention,indonesia,USDC
689,0.7092746021288386,1614202.5629464372,468,S4_twin_shock_cex_intervention,indonesia,USDC
690,0.7272780421860974,1573847.4988727763,468,S4_twin_shock_cex_intervention,indonesia,USDC
691,0.7373143255932952,1534501.311400957,468,S4_twin_shock_cex_intervention,indonesia,USDC
692,0.7553195241601748,1496138.778615933,468,S4_twin_shock_cex_intervention,indonesia,USDC
693,0.7458169493467048,1458735.3091505347,468,S4_twin_shock_cex_intervention,indonesia,USDC
694,0.738251003704631,1422266.9264217713,468,S4_twin_shock_cex_intervention,indonesia,USDC
695,0.7654666492506876,1386710.2532612272,468,S4_twin_shock_cex_intervention,indonesia,USDC
696,0.7770375555522497,1352042.4969296963,468,S4_twin_shock_cex_intervention,indonesia,USDC
697,0.784059785897924,1318241.434506454,468,S4_twin_shock_cex_intervention,indonesia,USDC
698,0.7754584440021615,1285285.3986437926,468,S4_twin_shock_cex_intervention,indonesia,USDC
699,0.7507070065606252,1253153.2636776979,468,S4_twin_shock_cex_intervention,indonesia,USDC
700,0.765137518882564,1221824.4320857553,468,S4_twin_shock_cex_intervention,indonesia,USDC
701,0.7780887968287573,1191278.8212836115,468,S4_twin_shock_cex_intervention,indonesia,USDC
702,0.7629404878370257,1161496.8507515213,468,S4_twin_shock_cex_intervention,indonesia,USDC
703,0.7722720161662144,1132459.4294827331,468,S4_twin_shock_cex_intervention,indonesia,USDC
704,0.7613200319642819,1104147.9437456648,468,S4_twin_shock_cex_intervention,indonesia,USDC
705,0.7674946897919962,1076544.2451520232,468,S4_twin_shock_cex_intervention,indonesia,USDC
706,0.7665297811813951,1049630.6390232225,468,S4_twin_shock_cex_intervention,indonesia,USDC
707,0.7893934553552754,1023389.873047642,468,S4_twin_shock_cex_intervention,indonesia,USDC
708,0.7826804208854096,997805.126221451,468,S4_twin_shock_cex_intervention,indonesia,USDC
709,0.7721067492145419,972859.9980659147,468,S4_twin_shock_cex_intervention,indonesia,USDC
710,0.7749633508408136,948538.4981142669,468,S4_twin_shock_cex_intervention,indonesia,USDC
711,0.7706271100668344,924825.0356614103,468,S4_twin_shock_cex_intervention,indonesia,USDC
712,0.7667849245846139,901704.409769875,468,S4_twin_shock_cex_intervention,indonesia,USDC
713,0.7512729557797677,879161.7995256281,468,S4_twin_shock_cex_intervention,indonesia,USDC
714,0.7583334071384513,857182.7545374874,468,S4_twin_shock_cex_intervention,indonesia,USDC
715,0.7763194510612642,835753.1856740504,468,S4_twin_shock_cex_intervention,indonesia,USDC
716,0.7970791466444449,814859.356032199,468,S4_twin_shock_cex_intervention,indonesia,USDC
717,0.7934980524271805,794487.872131394,468,S4_twin_shock_cex_intervention,indonesia,USDC
718,0.7982815896795774,774625.6753281092,468,S4_twin_shock_cex_intervention,indonesia,USDC
719,0.8023236968512636,755260.0334449064,468,S4_twin_shock_cex_intervention,indonesia,USDC
720,0.828230341732622,736378.5326087838,468,S4_twin_shock_cex_intervention,indonesia,USDC
721,0.8107828275496632,717969.0692935642,468,S4_twin_shock_cex_intervention,indonesia,USDC
722,0.812182088624848,700019.842561225,468,S4_twin_shock_cex_intervention,indonesia,USDC
723,0.7902226299171902,682519.3464971944,468,S4_twin_shock_cex_intervention,indonesia,USDC
724,0.7914615950781602,665456.3628347645,468,S4_twin_shock_cex_intervention,indonesia,USDC
725,0.8166974121441518,648819.9537638954,468,S4_twin_shock_cex_intervention,indonesia,USDC
726,0.7885410267484726,632599.4549197981,468,S4_twin_shock_cex_intervention,indonesia,USDC
727,0.7870615051746439,616784.4685468031,468,S4_twin_shock_cex_intervention,indonesia,USDC
728,0.8209531951197248,601364.856833133,468,S4_twin_shock_cex_intervention,indonesia,USDC
729,0.8130998887005353,586330.7354123048,468,S4_twin_shock_cex_intervention,indonesia,USDC
730,0.7996021946289026,571672.467026997,468,S4_twin_shock_cex_intervention,indonesia,USDC
731,0.8178019393153848,557380.6553513221,468,S4_twin_shock_cex_intervention,indonesia,USDC
732,0.8051573755886089,543446.1389675391,468,S4_twin_shock_cex_intervention,indonesia,USDC
733,0.7933325394394699,529859.9854933505,468,S4_twin_shock_cex_intervention,indonesia,USDC
734,0.7842644759304663,516613.48585601687,468,S4_twin_shock_cex_intervention,indonesia,USDC
735,0.7712864316834398,503698.1487096165,468,S4_twin_shock_cex_intervention,indonesia,USDC
736,0.7902915233651224,491105.694991876,468,S4_twin_shock_cex_intervention,indonesia,USDC
737,0.7753616120493387,478828.05261707917,468,S4_twin_shock_cex_intervention,indonesia,USDC
738,0.7882293488054323,466857.3513016522,468,S4_twin_shock_cex_intervention,indonesia,USDC
739,0.7853212409398971,455185.9175191109,468,S4_twin_shock_cex_intervention,indonesia,USDC
740,0.7821070538593645,443806.26958113315,468,S4_twin_shock_cex_intervention,indonesia,USDC
741,0.7886556242612126,432711.1128416048,468,S4_twin_shock_cex_intervention,indonesia,USDC
742,0.8081446780819703,421893.3350205647,468,S4_twin_shock_cex_intervention,indonesia,USDC
743,0.8157343201738028,411346.0016450506,468,S4_twin_shock_cex_intervention,indonesia,USDC
744,0.8258412600032584,401062.3516039243,468,S4_twin_shock_cex_intervention,indonesia,USDC
745,0.8144791635921272,391035.7928138262,468,S4_twin_shock_cex_intervention,indonesia,USDC
746,0.8070718267636968,381259.89799348055,468,S4_twin_shock_cex_intervention,indonesia,USDC
747,0.7824351413777346,371728.4005436435,468,S4_twin_shock_cex_intervention,indonesia,USDC
748,0.7558228330746337,362435.1905300524,468,S4_twin_shock_cex_intervention,indonesia,USDC
749,0.7481466363060482,353374.3107668011,468,S4_twin_shock_cex_intervention,indonesia,USDC
750,0.7474287088829552,344539.95299763104,468,S4_twin_shock_cex_intervention,indonesia,USDC
751,0.7628468338985753,335926.4541726903,468,S4_twin_shock_cex_intervention,indonesia,USDC
752,0.7727199723305663,327528.292818373,468,S4_twin_shock_cex_intervention,indonesia,USDC
753,0.7575320431342341,319340.08549791365,468,S4_twin_shock_cex_intervention,indonesia,USDC
754,0.783935052214896,311356.5833604658,468,S4_twin_shock_cex_intervention,indonesia,USDC
755,0.7906001648998171,303572.6687764542,468,S4_twin_shock_cex_intervention,indonesia,USDC
756,0.7938786468096163,295983.3520570428,468,S4_twin_shock_cex_intervention,indonesia,USDC
757,0.7816510041485862,288583.7682556168,468,S4_twin_shock_cex_intervention,indonesia,USDC
758,0.7980916566168649,281369.17404922633,468,S4_twin_shock_cex_intervention,indonesia,USDC
759,0.7993299884130765,274334.94469799567,468,S4_twin_shock_cex_intervention,indonesia,USDC
760,0.7742213954862229,267476.5710805458,468,S4_twin_shock_cex_intervention,indonesia,USDC
761,0.7642992089583973,260789.65680353213,468,S4_twin_shock_cex_intervention,indonesia,USDC
762,0.7612568962766402,254269.91538344382,468,S4_twin_shock_cex_intervention,indonesia,USDC
763,0.7712921277131621,247913.1674988577,468,S4_twin_shock_cex_intervention,indonesia,USDC
764,0.7855766860444422,241715.33831138624,468,S4_twin_shock_cex_intervention,indonesia,USDC
765,0.7877294916329447,235672.45485360164,468,S4_twin_shock_cex_intervention,indonesia,USDC
766,0.7712054712210195,229780.64348226157,468,S4_twin_shock_cex_intervention,indonesia,USDC
767,0.7718819474500558,224036.12739520505,468,S4_twin_shock_cex_intervention,indonesia,USDC
768,0.7513957126120684,218435.22421032493,468,S4_twin_shock_cex_intervention,indonesia,USDC
769,0.7747670164538932,212974.34360506677,468,S4_twin_shock_cex_intervention,indonesia,USDC
770,0.7748144558464889,207649.98501494012,468,S4_twin_shock_cex_intervention,indonesia,USDC
771,0.7665852628021359,202458.73538956663,468,S4_twin_shock_cex_intervention,indonesia,USDC
772,0.7796406987382477,197397.26700482744,468,S4_twin_shock_cex_intervention,indonesia,USDC
773,0.7924677984031265,192462.33532970675,468,S4_twin_shock_cex_intervention,indonesia,USDC
774,0.7937922462621014,187650.7769464641,468,S4_twin_shock_cex_intervention,indonesia,USDC
775,0.7883079524159681,182959.50752280248,468,S4_twin_shock_cex_intervention,indonesia,USDC
776,0.7737669389814275,178385.5198347324,468,S4_twin_shock_cex_intervention,indonesia,USDC
777,0.7724057220287436,173925.8818388641,468,S4_twin_shock_cex_intervention,indonesia,USDC
778,0.781797345484209,169577.7347928925,468,S4_twin_shock_cex_intervention,indonesia,USDC
779,0.794568487235583,165338.2914230702,468,S4_twin_shock_cex_intervention,indonesia,USDC
780,0.7980176704017913,161204.83413749345,468,S4_twin_shock_cex_intervention,indonesia,USDC
781,0.6800974281953622,157174.7132840561,468,S4_twin_shock_cex_intervention,indonesia,USDC
782,0.6721739393895273,153245.3454519547,468,S4_twin_shock_cex_intervention,indonesia,USDC
783,0.6974443063752268,149414.2118156558,468,S4_twin_shock_cex_intervention,indonesia,USDC
784,0.7199830040860615,145678.85652026447,468,S4_twin_shock_cex_intervention,indonesia,USDC
785,0.7101143612360925,142036.88510725784,468,S4_twin_shock_cex_intervention,indonesia,USDC
786,0.716065508775852,138485.96297957638,468,S4_twin_shock_cex_intervention,indonesia,USDC
787,0.7405935700202483,135023.81390508698,468,S4_twin_shock_cex_intervention,indonesia,USDC
788,0.7560616096050753,131648.21855745983,468,S4_twin_shock_cex_intervention,indonesia,USDC
789,0.7838351153856343,128357.0130935233,468,S4_twin_shock_cex_intervention,indonesia,USDC
790,0.7897350516025567,125148.08776618523,468,S4_twin_shock_cex_intervention,indonesia,USDC
791,0.7951941182694722,122019.38557203059,468,S4_twin_shock_cex_intervention,indonesia,USDC
792,0.8022088544181215,118968.90093272983,468,S4_twin_shock_cex_intervention,indonesia,USDC
793,0.8115585375874518,115994.67840941159,468,S4_twin_shock_cex_intervention,indonesia,USDC
794,0.8071977593395098,113094.8114491763,468,S4_twin_shock_cex_intervention,indonesia,USDC
795,0.8139504621514728,110267.44116294687,468,S4_twin_shock_cex_intervention,indonesia,USDC
796,0.824040667463052,107510.75513387322,468,S4_twin_shock_cex_intervention,indonesia,USDC
797,0.818320822045536,104822.98625552637,468,S4_twin_shock_cex_intervention,indonesia,USDC
798,0.8141245922694118,102202.41159913821,468,S4_twin_shock_cex_intervention,indonesia,USDC
799,0.8261587253422408,99647.35130915977,468,S4_twin_shock_cex_intervention,indonesia,USDC
800,0.8221088904939826,97156.16752643077,468,S4_twin_shock_cex_intervention,indonesia,USDC
801,0.7986081988100829,94727.26333826999,468,S4_twin_shock_cex_intervention,indonesia,USDC
802,0.7986997598451764,92359.08175481325,468,S4_twin_shock_cex_intervention,indonesia,USDC
803,0.7757434469822784,90050.10471094292,468,S4_twin_shock_cex_intervention,indonesia,USDC
804,0.784900546346074,87798.85209316935,468,S4_twin_shock_cex_intervention,indonesia,USDC
805,0.7813579383962314,85603.88079084012,468,S4_twin_shock_cex_intervention,indonesia,USDC
806,0.8039334062729994,83463.78377106911,468,S4_twin_shock_cex_intervention,indonesia,USDC
807,0.8145071702346823,81377.18917679238,468,S4_twin_shock_cex_intervention,indonesia,USDC
808,0.8121183676250995,79342.75944737258,468,S4_twin_shock_cex_intervention,indonesia,USDC
809,0.8177717712420645,77359.19046118825,468,S4_twin_shock_cex_intervention,indonesia,USDC
810,0.8133974800180627,75425.21069965855,468,S4_twin_shock_cex_intervention,indonesia,USDC
811,0.8229129490079712,73539.58043216709,468,S4_twin_shock_cex_intervention,indonesia,USDC
812,0.8021673141992196,71701.0909213629,468,S4_twin_shock_cex_intervention,indonesia,USDC
813,0.8155503378970205,69908.56364832883,468,S4_twin_shock_cex_intervention,indonesia,USDC
814,0.813304443661989,68160.84955712061,468,S4_twin_shock_cex_intervention,indonesia,USDC
815,0.8360393745293498,66456.8283181926,468,S4_twin_shock_cex_intervention,indonesia,USDC
816,0.822268366827787,64795.40761023777,468,S4_twin_shock_cex_intervention,indonesia,USDC
817,0.8217977170006777,63175.52241998183,468,S4_twin_shock_cex_intervention,indonesia,USDC
818,0.8312583452043968,61596.13435948229,468,S4_twin_shock_cex_intervention,indonesia,USDC
819,0.8366966452269954,60056.23100049523,468,S4_twin_shock_cex_intervention,indonesia,USDC
820,0.8169378463484612,58554.825225482855,468,S4_twin_shock_cex_intervention,indonesia,USDC
821,0.7947682126503118,57090.954594845774,468,S4_twin_shock_cex_intervention,indonesia,USDC
822,0.7698787260913112,55663.680729974636,468,S4_twin_shock_cex_intervention,indonesia,USDC
823,0.7657129570980413,54272.088711725264,468,S4_twin_shock_cex_intervention,indonesia,USDC
824,0.7841615673163659,52915.28649393213,468,S4_twin_shock_cex_intervention,indonesia,USDC
825,0.8213080739954716,51592.40433158383,468,S4_twin_shock_cex_intervention,indonesia,USDC
826,0.809460123963216,50302.59422329423,468,S4_twin_shock_cex_intervention,indonesia,USDC
827,0.8040819068694564,49045.02936771188,468,S4_twin_shock_cex_intervention,indonesia,USDC
828,0.7780763621144591,47818.90363351909,468,S4_twin_shock_cex_intervention,indonesia,USDC
829,0.7940977388602104,46623.431042681106,468,S4_twin_shock_cex_intervention,indonesia,USDC
830,0.795810802848507,45457.84526661408,468,S4_twin_shock_cex_intervention,indonesia,USDC
831,0.8040820947063818,44321.399134948726,468,S4_twin_shock_cex_intervention,indonesia,USDC
832,0.7906195862333948,43213.36415657501,468,S4_twin_shock_cex_intervention,indonesia,USDC
833,0.812001382618332,42133.03005266063,468,S4_twin_shock_cex_intervention,indonesia,USDC
834,0.8221476593471917,41079.704301344114,468,S4_twin_shock_cex_intervention,indonesia,USDC
835,0.7891686819338455,40052.71169381051,468,S4_twin_shock_cex_intervention,indonesia,USDC
836,0.8128715623060823,39051.39390146524,468,S4_twin_shock_cex_intervention,indonesia,USDC
837,0.8241712477811298,38075.109053928616,468,S4_twin_shock_cex_intervention,indonesia,USDC
838,0.81114469278837,37123.231327580404,468,S4_twin_shock_cex_intervention,indonesia,USDC
839,0.8090968110939059,36195.15054439089,468,S4_twin_shock_cex_intervention,indonesia,USDC
840,0.8054491166124955,35290.27178078112,468,S4_twin_shock_cex_intervention,indonesia,USDC
841,0.8016693541230968,34408.014986261594,468,S4_twin_shock_cex_intervention,indonesia,USDC
842,0.7800393142574226,33547.814611605056,468,S4_twin_shock_cex_intervention,indonesia,USDC
843,0.769029299271893,32709.119246314927,468,S4_twin_shock_cex_intervention,indonesia,USDC
844,0.7373557184189455,31891.391265157057,468,S4_twin_shock_cex_intervention,indonesia,USDC
845,0.7321777897542862,31094.10648352813,468,S4_twin_shock_cex_intervention,indonesia,USDC
846,0.7156336510377407,30316.753821439925,468,S4_twin_shock_cex_intervention,indonesia,USDC
847,0.7421040979751161,29558.834975903927,468,S4_twin_shock_cex_intervention,indonesia,USDC
848,0.7481853035016813,28819.864101506326,468,S4_twin_shock_cex_intervention,indonesia,USDC
849,0.7456686312871655,28099.36749896867,468,S4_twin_shock_cex_intervention,indonesia,USDC
850,0.7545001007600649,27396.88331149445,468,S4_twin_shock_cex_intervention,indonesia,USDC
851,0.7493123879189273,26711.961228707092,468,S4_twin_shock_cex_intervention,indonesia,USDC
852,0.7350286099385347,26044.16219798941,468,S4_twin_shock_cex_intervention,indonesia,USDC
853,0.7527526017892274,25393.058143039678,468,S4_twin_shock_cex_intervention,indonesia,USDC
854,0.7578007144078465,24758.231689463682,468,S4_twin_shock_cex_intervention,indonesia,USDC
855,0.7657154647248691,24139.27589722709,468,S4_twin_shock_cex_intervention,indonesia,USDC
856,0.7617713718237902,23535.793999796413,468,S4_twin_shock_cex_intervention,indonesia,USDC
857,0.7267682811979668,22947.399149801502,468,S4_twin_shock_cex_intervention,indonesia,USDC
858,0.7256043681885103,22373.714171056465,468,S4_twin_shock_cex_intervention,indonesia,USDC
859,0.7583090175646636,21814.371316780052,468,S4_twin_shock_cex_intervention,indonesia,USDC
860,0.7507644750843481,21269.012033860552,468,S4_twin_shock_cex_intervention,indonesia,USDC
861,0.7460718635341932,20737.286733014036,468,S4_twin_shock_cex_intervention,indonesia,USDC
862,0.7390087188428628,20218.854564688685,468,S4_twin_shock_cex_intervention,indonesia,USDC
863,0.7459700413190472,19713.38320057147,468,S4_twin_shock_cex_intervention,indonesia,USDC
864,0.7582910805451786,19220.54862055718,468,S4_twin_shock_cex_intervention,indonesia,USDC
865,0.7584892779386797,18740.034905043252,468,S4_twin_shock_cex_intervention,indonesia,USDC
866,0.7538408706041826,18271.53403241717,468,S4_twin_shock_cex_intervention,indonesia,USDC
867,0.7695215956753355,17814.745681606742,468,S4_twin_shock_cex_intervention,indonesia,USDC
868,0.7672244310049839,17369.37703956657,468,S4_twin_shock_cex_intervention,indonesia,USDC
869,0.7582131990575468,16935.14261357741,468,S4_twin_shock_cex_intervention,indonesia,USDC
870,0.7705091457078297,16511.764048237972,468,S4_twin_shock_cex_intervention,indonesia,USDC
871,0.7756451234473271,16098.969947032023,468,S4_twin_shock_cex_intervention,indonesia,USDC
872,0.7954578844255108,15696.495698356222,468,S4_twin_shock_cex_intervention,indonesia,USDC
873,0.7945490760371602,15304.083305897318,468,S4_twin_shock_cex_intervention,indonesia,USDC
874,0.8002968321356897,14921.481223249884,468,S4_twin_shock_cex_intervention,indonesia,USDC
875,0.8124059743753494,14548.444192668638,468,S4_twin_shock_cex_intervention,indonesia,USDC
876,0.7889822972546432,14184.733087851922,468,S4_twin_shock_cex_intervention,indonesia,USDC
877,0.7747314877502289,13830.114760655624,468,S4_twin_shock_cex_intervention,indonesia,USDC
878,0.7713440883008924,13484.361891639235,468,S4_twin_shock_cex_intervention,indonesia,USDC
879,0.7657151039572794,13147.252844348253,468,S4_twin_shock_cex_intervention,indonesia,USDC
880,0.7664374644253116,12818.571523239547,468,S4_twin_shock_cex_intervention,indonesia,USDC
881,0.7752382276337503,12498.107235158557,468,S4_twin_shock_cex_intervention,indonesia,USDC
882,0.7794329341602116,12185.654554279594,468,S4_twin_shock_cex_intervention,indonesia,USDC
883,0.7767751412600167,11881.013190422604,468,S4_twin_shock_cex_intervention,indonesia,USDC
884,0.7983268872332839,11583.987860662039,468,S4_twin_shock_cex_intervention,indonesia,USDC
885,0.7832008361563306,11294.388164145486,468,S4_twin_shock_cex_intervention,indonesia,USDC
886,0.7903291447095164,11012.02846004185,468,S4_twin_shock_cex_intervention,indonesia,USDC
887,0.7735113489334937,10736.727748540805,468,S4_twin_shock_cex_intervention,indonesia,USDC
888,0.8094193431623445,10468.309554827285,468,S4_twin_shock_cex_intervention,indonesia,USDC
889,0.8164667060092444,10206.601815956603,468,S4_twin_shock_cex_intervention,indonesia,USDC
890,0.831737135302996,9951.436770557688,468,S4_twin_shock_cex_intervention,indonesia,USDC
891,0.8156655757829343,9702.650851293745,468,S4_twin_shock_cex_intervention,indonesia,USDC
892,0.7900769113266973,9460.084580011402,468,S4_twin_shock_cex_intervention,indonesia,USDC
893,0.7918908866082033,9223.582465511117,468,S4_twin_shock_cex_intervention,indonesia,USDC
894,0.8077834283365173,8992.992903873339,468,S4_twin_shock_cex_intervention,indonesia,USDC
895,0.7946214922689113,8768.168081276506,468,S4_twin_shock_cex_intervention,indonesia,USDC
896,0.7732477839978853,8548.963879244593,468,S4_twin_shock_cex_intervention,indonesia,USDC
897,0.7830785003088968,8335.23978226348,468,S4_twin_shock_cex_intervention,indonesia,USDC
898,0.7805231149468349,8126.858787706891,468,S4_twin_shock_cex_intervention,indonesia,USDC
899,0.7820802731315148,7923.687318014219,468,S4_twin_shock_cex_intervention,indonesia,USDC
900,0.7715345057105117,7725.595135063864,468,S4_twin_shock_cex_intervention,indonesia,USDC
901,0.7365879780838035,7532.455256687266,468,S4_twin_shock_cex_intervention,indonesia,USDC
902,0.7529158208380838,7344.143875270085,468,S4_twin_shock_cex_intervention,indonesia,USDC
903,0.7538902388300622,7160.540278388333,468,S4_twin_shock_cex_intervention,indonesia,USDC
904,0.764436519667075,6981.526771428626,468,S4_twin_shock_cex_intervention,indonesia,USDC
905,0.7542527038820842,6806.98860214291,468,S4_twin_shock_cex_intervention,indonesia,USDC
906,0.7472897979729564,6636.813887089336,468,S4_twin_shock_cex_intervention,indonesia,USDC
907,0.752851621889895,6470.893539912104,468,S4_twin_shock_cex_intervention,indonesia,USDC
908,0.7424353495274667,6309.1212014143,468,S4_twin_shock_cex_intervention,indonesia,USDC
909,0.7511096517751847,6151.393171378943,468,S4_twin_shock_cex_intervention,indonesia,USDC
910,0.7438266132359345,5997.60834209447,468,S4_twin_shock_cex_intervention,indonesia,USDC
911,0.7591155373231332,5847.668133542107,468,S4_twin_shock_cex_intervention,indonesia,USDC
912,0.8021978639444555,5701.476430203555,468,S4_twin_shock_cex_intervention,indonesia,USDC
913,0.820345919685839,5558.939519448466,468,S4_twin_shock_cex_intervention,indonesia,USDC
914,0.8286470648827086,5419.966031462254,468,S4_twin_shock_cex_intervention,indonesia,USDC
915,0.8649318663960832,5284.466880675698,468,S4_twin_shock_cex_intervention,indonesia,USDC
916,0.8731129467378876,5152.355208658805,468,S4_twin_shock_cex_intervention,indonesia,USDC
917,0.8534589620252522,5023.546328442336,468,S4_twin_shock_cex_intervention,indonesia,USDC
918,0.8444841175246013,4897.957670231277,468,S4_twin_shock_cex_intervention,indonesia,USDC
919,0.8588256597415933,4775.508728475495,468,S4_twin_shock_cex_intervention,indonesia,USDC
920,0.8464143075101874,4656.121010263608,468,S4_twin_shock_cex_intervention,indonesia,USDC
921,0.8354718431371778,4539.717985007017,468,S4_twin_shock_cex_intervention,indonesia,USDC
922,0.8439521788127174,4426.225035381842,468,S4_twin_shock_cex_intervention,indonesia,USDC
923,0.8241577719423361,4315.569409497295,468,S4_twin_shock_cex_intervention,indonesia,USDC
924,0.802874968464738,4207.680174259864,468,S4_twin_shock_cex_intervention,indonesia,USDC
925,0.8138159446692448,4102.488169903367,468,S4_twin_shock_cex_intervention,indonesia,USDC
926,0.7900345626038705,3999.9259656557824,468,S4_twin_shock_cex_intervention,indonesia,USDC
927,0.7915882697143661,3899.927816514388,468,S4_twin_shock_cex_intervention,indonesia,USDC
928,0.7990841265003288,3802.429621101528,468,S4_twin_shock_cex_intervention,indonesia,USDC
929,0.7821517154649659,3707.3688805739903,468,S4_twin_shock_cex_intervention,indonesia,USDC
930,0.7965348645616058,3614.6846585596404,468,S4_twin_shock_cex_intervention,indonesia,USDC
931,0.6876473653734935,3524.317542095649,468,S4_twin_shock_cex_intervention,indonesia,USDC
932,0.7112059677722888,3436.209603543258,468,S4_twin_shock_cex_intervention,indonesia,USDC
933,0.7042534005082867,3350.3043634546766,468,S4_twin_shock_cex_intervention,indonesia,USDC
934,0.7158642115066527,3266.54675436831,468,S4_twin_shock_cex_intervention,indonesia,USDC
935,0.6123676274506904,3184.883085509102,468,S4_twin_shock_cex_intervention,indonesia,USDC
936,0.6646146944117395,3105.2610083713744,468,S4_twin_shock_cex_intervention,indonesia,USDC
937,0.6774775817143843,3027.62948316209,468,S4_twin_shock_cex_intervention,indonesia,USDC
938,0.6900577088989203,2951.9387460830376,468,S4_twin_shock_cex_intervention,indonesia,USDC
939,0.7006010418260923,2878.1402774309618,468,S4_twin_shock_cex_intervention,indonesia,USDC
940,0.7003070371141251,2806.1867704951874,468,S4_twin_shock_cex_intervention,indonesia,USDC
941,0.7071940262023269,2736.0321012328077,468,S4_twin_shock_cex_intervention,indonesia,USDC
942,0.6938548322405234,2667.631298701988,468,S4_twin_shock_cex_intervention,indonesia,USDC
943,0.6926422326565007,2600.940516234438,468,S4_twin_shock_cex_intervention,indonesia,USDC
944,0.7013626685167915,2535.917003328577,468,S4_twin_shock_cex_intervention,indonesia,USDC
945,0.7246592248765766,2472.5190782453624,468,S4_twin_shock_cex_intervention,indonesia,USDC
946,0.7397262351731291,2410.7061012892286,468,S4_twin_shock_cex_intervention,indonesia,USDC
947,0.7632803059888668,2350.438448756998,468,S4_twin_shock_cex_intervention,indonesia,USDC
948,0.7622512519988967,2291.677487538073,468,S4_twin_shock_cex_intervention,indonesia,USDC
949,0.7835641282961642,2234.385550349621,468,S4_twin_shock_cex_intervention,indonesia,USDC
950,0.8098025916398705,2178.5259115908802,468,S4_twin_shock_cex_intervention,indonesia,USDC
951,0.8012300306558079,2124.0627638011083,468,S4_twin_shock_cex_intervention,indonesia,USDC
952,0.8188971296847369,2070.9611947060807,468,S4_twin_shock_cex_intervention,indonesia,USDC
953,0.8094740407562372,2019.1871648384288,468,S4_twin_shock_cex_intervention,indonesia,USDC
954,0.8084815077865508,1968.707485717468,468,S4_twin_shock_cex_intervention,indonesia,USDC
955,0.7994979664821288,1919.4897985745315,468,S4_twin_shock_cex_intervention,indonesia,USDC
956,0.7778598950089529,1871.5025536101682,468,S4_twin_shock_cex_intervention,indonesia,USDC
957,0.785488822626124,1824.7149897699137,468,S4_twin_shock_cex_intervention,indonesia,USDC
958,0.8088417819528976,1779.097115025666,468,S4_twin_shock_cex_intervention,indonesia,USDC
959,0.8093163935186232,1734.6196871500244,468,S4_twin_shock_cex_intervention,indonesia,USDC
960,0.8042728687550814,1691.2541949712738,468,S4_twin_shock_cex_intervention,indonesia,USDC
961,0.8271620030404337,1648.972840096992,468,S4_twin_shock_cex_intervention,indonesia,USDC
962,0.8446100144203563,1607.7485190945672,468,S4_twin_shock_cex_intervention,indonesia,USDC
963,0.8010475202021361,1567.554806117203,468,S4_twin_shock_cex_intervention,indonesia,USDC
964,0.7781066598539247,1528.365935964273,468,S4_twin_shock_cex_intervention,indonesia,USDC
965,0.7637963126026166,1490.156787565166,468,S4_twin_shock_cex_intervention,indonesia,USDC
966,0.7538921767305594,1452.902867876037,468,S4_twin_shock_cex_intervention,indonesia,USDC
967,0.746768748922296,1416.580296179136,468,S4_twin_shock_cex_intervention,indonesia,USDC
968,0.7730006309597264,1381.1657887746576,468,S4_twin_shock_cex_intervention,indonesia,USDC
969,0.7776918434738954,1346.636644055291,468,S4_twin_shock_cex_intervention,indonesia,USDC
970,0.7881502590427137,1312.9707279539089,468,S4_twin_shock_cex_intervention,indonesia,USDC
971,0.7832996207158078,1280.1464597550612,468,S4_twin_shock_cex_intervention,indonesia,USDC
972,0.7804178755534773,1248.1427982611847,468,S4_twin_shock_cex_intervention,indonesia,USDC
973,0.7530176955233395,1216.939228304655,468,S4_twin_shock_cex_intervention,indonesia,USDC
974,0.7459454623304291,1186.5157475970386,468,S4_twin_shock_cex_intervention,indonesia,USDC
975,0.771176997188162,1156.8528539071126,468,S4_twin_shock_cex_intervention,indonesia,USDC
976,0.7678956861004715,1127.9315325594348,468,S4_twin_shock_cex_intervention,indonesia,USDC
977,0.7832908292695676,1099.733244245449,468,S4_twin_shock_cex_intervention,indonesia,USDC
978,0.7629354373666304,1072.2399131393126,468,S4_twin_shock_cex_intervention,indonesia,USDC
979,0.7663297585182428,1045.43391531083,468,S4_twin_shock_cex_intervention,indonesia,USDC
980,0.7556484734751704,1019.2980674280591,468,S4_twin_shock_cex_intervention,indonesia,USDC
981,0.770107263292006,993.8156157423576,468,S4_twin_shock_cex_intervention,indonesia,USDC
982,0.746921880859546,968.9702253487987,468,S4_twin_shock_cex_intervention,indonesia,USDC
983,0.8017492384243915,944.7459697150787,468,S4_twin_shock_cex_intervention,indonesia,USDC
984,0.803667601192353,921.1273204722017,468,S4_twin_shock_cex_intervention,indonesia,USDC
985,0.7813120500257469,898.0991374603967,468,S4_twin_shock_cex_intervention,indonesia,USDC
986,0.7957093243985173,875.6466590238867,468,S4_twin_shock_cex_intervention,indonesia,USDC
987,0.7756097099634001,853.7554925482897,468,S4_twin_shock_cex_intervention,indonesia,USDC
988,0.7818701871387299,832.4116052345823,468,S4_twin_shock_cex_intervention,indonesia,USDC
989,0.7879666141249546,811.6013151037178,468,S4_twin_shock_cex_intervention,indonesia,USDC
990,0.7975833652885507,791.3112822261248,468,S4_twin_shock_cex_intervention,indonesia,USDC
991,0.7948710696874338,771.5285001704717,468,S4_twin_shock_cex_intervention,indonesia,USDC
992,0.7855543430557261,752.24028766621,468,S4_twin_shock_cex_intervention,indonesia,USDC
993,0.8226277773809214,733.4342804745547,468,S4_twin_shock_cex_intervention,indonesia,USDC
994,0.8302841405793068,715.0984234626908,468,S4_twin_shock_cex_intervention,indonesia,USDC
995,0.8223446863865331,697.2209628761235,468,S4_twin_shock_cex_intervention,indonesia,USDC
996,0.8285265574200037,679.7904388042205,468,S4_twin_shock_cex_intervention,indonesia,USDC
997,0.8170289941752761,662.7956778341149,468,S4_twin_shock_cex_intervention,indonesia,USDC
998,0.8067679774505231,646.2257858882621,468,S4_twin_shock_cex_intervention,indonesia,USDC
999,0.8091072581008465,630.0701412410556,468,S4_twin_shock_cex_intervention,indonesia,USDC
1000,0.8299646936640049,614.3183877100291,468,S4_twin_shock_cex_intervention,indonesia,USDC
