Step,price,liquidity,iteration,scenario,region,coin
1,0.9883748744936267,2989672252554.6865,237,S4_twin_shock_cex_intervention,indonesia,USDC
2,1.0013738611326575,2989672252554.6865,237,S4_twin_shock_cex_intervention,indonesia,USDC
3,250001.04291141362,2989684752554.6865,237,S4_twin_shock_cex_intervention,indonesia,USDC
4,187502.0,2989694127554.6865,237,S4_twin_shock_cex_intervention,indonesia,USDC
5,140627.0,2989701158804.6865,237,S4_twin_shock_cex_intervention,indonesia,USDC
6,105470.75,2989706432242.1865,237,S4_twin_shock_cex_intervention,indonesia,USDC
7,79103.5625,2989710387320.3115,237,S4_twin_shock_cex_intervention,indonesia,USDC
8,59328.171875,2989713353628.9053,237,S4_twin_shock_cex_intervention,indonesia,USDC
9,44496.62890625,2989715578360.3506,237,S4_twin_shock_cex_intervention,indonesia,USDC
10,33372.9716796875,2989717246908.9346,237,S4_twin_shock_cex_intervention,indonesia,USDC
11,25030.228759765625,2989718498320.3726,237,S4_twin_shock_cex_intervention,indonesia,USDC
12,18773.17156982422,2989719436878.951,237,S4_twin_shock_cex_intervention,indonesia,USDC
13,14080.378677368164,2989720140797.885,237,S4_twin_shock_cex_intervention,indonesia,USDC
14,10560.784008026123,2989720668737.0854,237,S4_twin_shock_cex_intervention,indonesia,USDC
15,7921.088006019592,2989721064691.4854,237,S4_twin_shock_cex_intervention,indonesia,USDC
16,5941.316004514694,2989721361657.286,237,S4_twin_shock_cex_intervention,indonesia,USDC
17,4456.487003386021,2989721584381.636,237,S4_twin_shock_cex_intervention,indonesia,USDC
18,3342.8652525395155,2989721751424.8984,237,S4_twin_shock_cex_intervention,indonesia,USDC
19,2507.6489394046366,2989721876707.3457,237,S4_twin_shock_cex_intervention,indonesia,USDC
20,1881.2367045534775,2989721970669.1807,237,S4_twin_shock_cex_intervention,indonesia,USDC
21,1411.427528415108,2989722041140.5576,237,S4_twin_shock_cex_intervention,indonesia,USDC
22,1059.070646311331,2989722093994.09,237,S4_twin_shock_cex_intervention,indonesia,USDC
23,794.8029847334983,2989722133634.239,237,S4_twin_shock_cex_intervention,indonesia,USDC
24,596.6022385501237,2989722163364.351,237,S4_twin_shock_cex_intervention,indonesia,USDC
25,447.9516789125928,2989722185661.9346,237,S4_twin_shock_cex_intervention,indonesia,USDC
26,336.4637591844446,2989722202385.123,237,S4_twin_shock_cex_intervention,indonesia,USDC
27,252.84781938833345,2989722214927.5137,237,S4_twin_shock_cex_intervention,indonesia,USDC
28,190.1358645412501,2989722224334.307,237,S4_twin_shock_cex_intervention,indonesia,USDC
29,143.1018984059376,2989722231389.4023,237,S4_twin_shock_cex_intervention,indonesia,USDC
30,107.82642380445319,2989722236680.723,237,S4_twin_shock_cex_intervention,indonesia,USDC
31,81.3698178533399,2989722240649.2144,237,S4_twin_shock_cex_intervention,indonesia,USDC
32,61.52736339000492,2989722243625.582,237,S4_twin_shock_cex_intervention,indonesia,USDC
33,46.6455225425037,2989722245857.8584,237,S4_twin_shock_cex_intervention,indonesia,USDC
34,35.484141906877774,2989722247532.0654,237,S4_twin_shock_cex_intervention,indonesia,USDC
35,27.11310643015833,2989722248787.7207,237,S4_twin_shock_cex_intervention,indonesia,USDC
36,20.834829822618744,2989722249729.4624,237,S4_twin_shock_cex_intervention,indonesia,USDC
37,16.12612236696406,2989722250435.7686,237,S4_twin_shock_cex_intervention,indonesia,USDC
38,12.594591775223044,2989722250965.498,237,S4_twin_shock_cex_intervention,indonesia,USDC
39,9.945943831417281,2989722251362.7954,237,S4_twin_shock_cex_intervention,indonesia,USDC
40,7.959457873562963,2989722251660.7686,237,S4_twin_shock_cex_intervention,indonesia,USDC
41,6.469593405172222,2989722251884.248,237,S4_twin_shock_cex_intervention,indonesia,USDC
42,5.352195053879166,2989722252051.8574,237,S4_twin_shock_cex_intervention,indonesia,USDC
43,4.514146290409375,2989722252177.565,237,S4_twin_shock_cex_intervention,indonesia,USDC
44,3.8856097178070312,2989722252271.8457,237,S4_twin_shock_cex_intervention,indonesia,USDC
45,3.414207288355273,2989722252342.5557,237,S4_twin_shock_cex_intervention,indonesia,USDC
46,3.060655466266455,2989722252395.589,237,S4_twin_shock_cex_intervention,indonesia,USDC
47,2.795491599699841,2989722252435.3633,237,S4_twin_shock_cex_intervention,indonesia,USDC
48,2.596618699774881,2989722252465.194,237,S4_twin_shock_cex_intervention,indonesia,USDC
49,2.4474640248311608,2989722252487.5674,237,S4_twin_shock_cex_intervention,indonesia,USDC
50,2.3355980186233705,2989722252504.347,237,S4_twin_shock_cex_intervention,indonesia,USDC
51,2.251698513967528,2989722252516.9316,237,S4_twin_shock_cex_intervention,indonesia,USDC
52,2.188773885475646,2989722252526.3706,237,S4_twin_shock_cex_intervention,indonesia,USDC
53,2.1415804141067345,2989722252533.449,237,S4_twin_shock_cex_intervention,indonesia,USDC
54,2.106185310580051,2989722252538.759,237,S4_twin_shock_cex_intervention,indonesia,USDC
55,2.0795582240334634,2989722252542.7407,237,S4_twin_shock_cex_intervention,indonesia,USDC
56,2.0402552189028462,2989722252545.727,237,S4_twin_shock_cex_intervention,indonesia,USDC
57,1.9412093803830142,2989722252547.967,237,S4_twin_shock_cex_intervention,indonesia,USDC
58,1.9166782651892886,2989722252549.6465,237,S4_twin_shock_cex_intervention,indonesia,USDC
59,1.857398464939742,2989722252550.9062,237,S4_twin_shock_cex_intervention,indonesia,USDC
60,1.9004041585031461,2989722252551.851,237,S4_twin_shock_cex_intervention,indonesia,USDC
61,1.8021670510980572,2989722252552.5596,237,S4_twin_shock_cex_intervention,indonesia,USDC
62,1.7822278867289154,2989722252553.0913,237,S4_twin_shock_cex_intervention,indonesia,USDC
63,1.7250747018099826,2989722252553.49,237,S4_twin_shock_cex_intervention,indonesia,USDC
64,1.6705148823331422,2989722252553.789,237,S4_twin_shock_cex_intervention,indonesia,USDC
65,1.6245652632475722,2989722252554.0127,237,S4_twin_shock_cex_intervention,indonesia,USDC
66,1.5456886464971578,2989722252554.181,237,S4_twin_shock_cex_intervention,indonesia,USDC
67,1.4621183432497071,2989722252554.307,237,S4_twin_shock_cex_intervention,indonesia,USDC
68,1.4148220807422545,2989722252554.4014,237,S4_twin_shock_cex_intervention,indonesia,USDC
69,1.3755091196171614,2989722252554.4727,237,S4_twin_shock_cex_intervention,indonesia,USDC
70,1.357175513239202,2989722252554.5254,237,S4_twin_shock_cex_intervention,indonesia,USDC
71,1.288442472574561,2989722252554.5654,237,S4_twin_shock_cex_intervention,indonesia,USDC
72,1.2535931031463161,2989722252554.5957,237,S4_twin_shock_cex_intervention,indonesia,USDC
73,1.2276135892750453,2989722252554.618,237,S4_twin_shock_cex_intervention,indonesia,USDC
74,1.223833137022107,2989722252554.635,237,S4_twin_shock_cex_intervention,indonesia,USDC
75,1.18197871963561,2989722252554.6475,237,S4_twin_shock_cex_intervention,indonesia,USDC
76,1.155758720603822,2989722252554.6567,237,S4_twin_shock_cex_intervention,indonesia,USDC
77,1.1206057437699517,2989722252554.6636,237,S4_twin_shock_cex_intervention,indonesia,USDC
78,1.104802281861501,2989722252554.669,237,S4_twin_shock_cex_intervention,indonesia,USDC
79,1.070853326600066,2989722252554.6733,237,S4_twin_shock_cex_intervention,indonesia,USDC
80,1.1129970781088732,2989722252554.6763,237,S4_twin_shock_cex_intervention,indonesia,USDC
81,1.1011344113172634,2989722252554.678,237,S4_twin_shock_cex_intervention,indonesia,USDC
82,1.0823612987160258,2989722252554.68,237,S4_twin_shock_cex_intervention,indonesia,USDC
83,1.0995135011784598,2989722252554.681,237,S4_twin_shock_cex_intervention,indonesia,USDC
84,1.0767485811904016,2989722252554.6826,237,S4_twin_shock_cex_intervention,indonesia,USDC
85,1.1098357250386917,2989722252554.683,237,S4_twin_shock_cex_intervention,indonesia,USDC
86,1.116645548463391,2989722252554.6836,237,S4_twin_shock_cex_intervention,indonesia,USDC
87,1.1322635125281497,2989722252554.6836,237,S4_twin_shock_cex_intervention,indonesia,USDC
88,1.1324090025360278,2989722252554.684,237,S4_twin_shock_cex_intervention,indonesia,USDC
89,1.1337183314921289,2989722252554.6846,237,S4_twin_shock_cex_intervention,indonesia,USDC
90,1.0968017427934085,2989722252554.6846,237,S4_twin_shock_cex_intervention,indonesia,USDC
91,1.1002591928308185,2989722252554.6846,237,S4_twin_shock_cex_intervention,indonesia,USDC
92,1.0963032282959646,2989722252554.6846,237,S4_twin_shock_cex_intervention,indonesia,USDC
93,1.0963992165608427,2989722252554.6846,237,S4_twin_shock_cex_intervention,indonesia,USDC
94,1.0706452686648706,2989722252554.6846,237,S4_twin_shock_cex_intervention,indonesia,USDC
95,1.0480438530415124,2989722252554.6846,237,S4_twin_shock_cex_intervention,indonesia,USDC
96,1.0522011466088834,2989722252554.6846,237,S4_twin_shock_cex_intervention,indonesia,USDC
97,1.060019114166513,2989722252554.6846,237,S4_twin_shock_cex_intervention,indonesia,USDC
98,1.0596988218059993,2989722252554.6846,237,S4_twin_shock_cex_intervention,indonesia,USDC
99,1.0550916587286903,2989722252554.6846,237,S4_twin_shock_cex_intervention,indonesia,USDC
100,1.054192904873988,2989722252554.6846,237,S4_twin_shock_cex_intervention,indonesia,USDC
101,0.9055228366171703,2989722252554.6846,237,S4_twin_shock_cex_intervention,indonesia,USDC
102,0.9134366157746616,2985733974407.293,237,S4_twin_shock_cex_intervention,indonesia,USDC
103,0.9370076292388364,2982467775908.044,237,S4_twin_shock_cex_intervention,indonesia,USDC
104,0.9476963200390961,2980845021697.412,237,S4_twin_shock_cex_intervention,indonesia,USDC
105,0.9775662902795662,2979715474550.5996,237,S4_twin_shock_cex_intervention,indonesia,USDC
106,0.9745100349411974,2979715474550.5996,237,S4_twin_shock_cex_intervention,indonesia,USDC
107,0.9462718619978506,2979715474550.5996,237,S4_twin_shock_cex_intervention,indonesia,USDC
108,0.9444528956649588,2978630996267.957,237,S4_twin_shock_cex_intervention,indonesia,USDC
109,0.9454396663205074,2977342875877.711,237,S4_twin_shock_cex_intervention,indonesia,USDC
110,0.9359830434749001,2976137124951.073,237,S4_twin_shock_cex_intervention,indonesia,USDC
111,0.9172972114694286,2974509400521.768,237,S4_twin_shock_cex_intervention,indonesia,USDC
112,0.9168058948061844,2972075990637.0293,237,S4_twin_shock_cex_intervention,indonesia,USDC
113,0.9224626486457234,2969934969882.5605,237,S4_twin_shock_cex_intervention,indonesia,USDC
114,0.9244980033090429,2968071438546.5454,237,S4_twin_shock_cex_intervention,indonesia,USDC
115,0.9335871466610972,2966322416870.9316,237,S4_twin_shock_cex_intervention,indonesia,USDC
116,0.9410924478225147,2964990210269.132,237,S4_twin_shock_cex_intervention,indonesia,USDC
117,0.9601064131416014,2964010785147.2153,237,S4_twin_shock_cex_intervention,indonesia,USDC
118,0.931475710538534,2963731566644.339,237,S4_twin_shock_cex_intervention,indonesia,USDC
119,0.9505244179663003,2962500987823.491,237,S4_twin_shock_cex_intervention,indonesia,USDC
120,0.9799858376200441,2961926454217.923,237,S4_twin_shock_cex_intervention,indonesia,USDC
121,0.9425831408290423,2887878292862.475,237,S4_twin_shock_cex_intervention,indonesia,USDC
122,0.9307040149074167,2814824565021.0303,237,S4_twin_shock_cex_intervention,indonesia,USDC
123,0.9122193420086653,2743325736707.385,237,S4_twin_shock_cex_intervention,indonesia,USDC
124,0.9171875534498171,2673079470444.959,237,S4_twin_shock_cex_intervention,indonesia,USDC
125,0.8393417549100488,2604860018465.3115,237,S4_twin_shock_cex_intervention,indonesia,USDC
126,0.7708311723311645,2536260116238.5137,237,S4_twin_shock_cex_intervention,indonesia,USDC
127,0.7903946685231079,2468155667876.2266,237,S4_twin_shock_cex_intervention,indonesia,USDC
128,0.7798787371040853,2403281609372.6807,237,S4_twin_shock_cex_intervention,indonesia,USDC
129,0.7767458165084952,2340370568088.674,237,S4_twin_shock_cex_intervention,indonesia,USDC
130,0.7679264323372232,2279574270866.8555,237,S4_twin_shock_cex_intervention,indonesia,USDC
131,0.7889247815316957,2220523352109.713,237,S4_twin_shock_cex_intervention,indonesia,USDC
132,0.7865285203816357,2163604559191.628,237,S4_twin_shock_cex_intervention,indonesia,USDC
133,0.7782191877356401,2108298482372.084,237,S4_twin_shock_cex_intervention,indonesia,USDC
134,0.7666221502113667,2054619989845.5212,237,S4_twin_shock_cex_intervention,indonesia,USDC
135,0.7745169101015159,2002416166327.0723,237,S4_twin_shock_cex_intervention,indonesia,USDC
136,0.7811290943427504,1951682969829.3145,237,S4_twin_shock_cex_intervention,indonesia,USDC
137,0.762270515333653,1902369417306.432,237,S4_twin_shock_cex_intervention,indonesia,USDC
138,0.7636785714734398,1854346110235.6301,237,S4_twin_shock_cex_intervention,indonesia,USDC
139,0.7722564479205953,1807623438062.5532,237,S4_twin_shock_cex_intervention,indonesia,USDC
140,0.779051855582455,1762151317093.3271,237,S4_twin_shock_cex_intervention,indonesia,USDC
141,0.8028229522640067,1717881095254.7214,237,S4_twin_shock_cex_intervention,indonesia,USDC
142,0.8023149722511086,1674790851231.4883,237,S4_twin_shock_cex_intervention,indonesia,USDC
143,0.8215584755537484,1632793183757.0554,237,S4_twin_shock_cex_intervention,indonesia,USDC
144,0.7936161720494436,1591883483743.3652,237,S4_twin_shock_cex_intervention,indonesia,USDC
145,0.7855698143145061,1551993359679.3137,237,S4_twin_shock_cex_intervention,indonesia,USDC
146,0.7810131283495472,1513116694206.1467,237,S4_twin_shock_cex_intervention,indonesia,USDC
147,0.7981933194093717,1475221450270.4946,237,S4_twin_shock_cex_intervention,indonesia,USDC
148,0.7948793510777088,1438293420476.1292,237,S4_twin_shock_cex_intervention,indonesia,USDC
149,0.7966425352365472,1402294879031.6729,237,S4_twin_shock_cex_intervention,indonesia,USDC
150,0.7862957291957092,1367203145642.9868,237,S4_twin_shock_cex_intervention,indonesia,USDC
151,0.7821761840448133,1332992421947.6013,237,S4_twin_shock_cex_intervention,indonesia,USDC
152,0.77779436727519,1299643181206.8574,237,S4_twin_shock_cex_intervention,indonesia,USDC
153,0.7751158891553726,1267130951615.5579,237,S4_twin_shock_cex_intervention,indonesia,USDC
154,0.7714790824258336,1235436146464.4004,237,S4_twin_shock_cex_intervention,indonesia,USDC
155,0.7766349851793933,1204536923165.3032,237,S4_twin_shock_cex_intervention,indonesia,USDC
156,0.7629994541179601,1174412389273.4893,237,S4_twin_shock_cex_intervention,indonesia,USDC
157,0.7961712351231728,1145042556303.7883,237,S4_twin_shock_cex_intervention,indonesia,USDC
158,0.7891295657588085,1116410322614.7837,237,S4_twin_shock_cex_intervention,indonesia,USDC
159,0.7860999590239706,1088494669638.6511,237,S4_twin_shock_cex_intervention,indonesia,USDC
160,0.802469141488691,1061278014282.1191,237,S4_twin_shock_cex_intervention,indonesia,USDC
161,0.8428499565514729,1034742870350.9517,237,S4_twin_shock_cex_intervention,indonesia,USDC
162,0.8483395564530938,1008872193988.5068,237,S4_twin_shock_cex_intervention,indonesia,USDC
163,0.8279112603389347,983648639365.6742,237,S4_twin_shock_cex_intervention,indonesia,USDC
164,0.8614419070523357,959055707266.006,237,S4_twin_shock_cex_intervention,indonesia,USDC
165,0.8341570966990013,935078216027.9332,237,S4_twin_shock_cex_intervention,indonesia,USDC
166,0.8149157720606724,911700026341.6289,237,S4_twin_shock_cex_intervention,indonesia,USDC
167,0.7910623295333685,888906248762.8035,237,S4_twin_shock_cex_intervention,indonesia,USDC
168,0.8067484710540097,866682398289.9661,237,S4_twin_shock_cex_intervention,indonesia,USDC
169,0.8058064040155046,845014401607.1267,237,S4_twin_shock_cex_intervention,indonesia,USDC
170,0.7963531832867161,823888285976.6815,237,S4_twin_shock_cex_intervention,indonesia,USDC
171,0.7883093353112609,803290406644.6626,237,S4_twin_shock_cex_intervention,indonesia,USDC
172,0.7826583400515806,783207525254.4949,237,S4_twin_shock_cex_intervention,indonesia,USDC
173,0.7753659101812302,763626846754.4427,237,S4_twin_shock_cex_intervention,indonesia,USDC
174,0.7756883313396479,744535733151.4712,237,S4_twin_shock_cex_intervention,indonesia,USDC
175,0.7694269513887948,725921986750.468,237,S4_twin_shock_cex_intervention,indonesia,USDC
176,0.7733650862671047,707773656603.629,237,S4_twin_shock_cex_intervention,indonesia,USDC
177,0.788475179396247,690079090838.1869,237,S4_twin_shock_cex_intervention,indonesia,USDC
178,0.785710422180927,672826947506.7692,237,S4_twin_shock_cex_intervention,indonesia,USDC
179,0.7901082746160668,656006141657.1583,237,S4_twin_shock_cex_intervention,indonesia,USDC
180,0.78155554219087,639605875654.3848,237,S4_twin_shock_cex_intervention,indonesia,USDC
181,0.7759364839924008,623615636526.6504,237,S4_twin_shock_cex_intervention,indonesia,USDC
182,0.7906799920828861,608025165245.4321,237,S4_twin_shock_cex_intervention,indonesia,USDC
183,0.7870712382568055,592824479041.2213,237,S4_twin_shock_cex_intervention,indonesia,USDC
184,0.7916242855024137,578003820128.4502,237,S4_twin_shock_cex_intervention,indonesia,USDC
185,0.7630321800734745,563553686184.1699,237,S4_twin_shock_cex_intervention,indonesia,USDC
186,0.7660128393858039,549464808045.15717,237,S4_twin_shock_cex_intervention,indonesia,USDC
187,0.783079571308441,535728158946.4285,237,S4_twin_shock_cex_intervention,indonesia,USDC
188,0.779231900349606,522334934278.07196,237,S4_twin_shock_cex_intervention,indonesia,USDC
189,0.795481577056901,509276542569.4061,237,S4_twin_shock_cex_intervention,indonesia,USDC
190,0.8026484861126483,496544615791.6266,237,S4_twin_shock_cex_intervention,indonesia,USDC
191,0.8144915803932303,484130990371.79144,237,S4_twin_shock_cex_intervention,indonesia,USDC
192,0.7982393744271511,472027707814.99194,237,S4_twin_shock_cex_intervention,indonesia,USDC
193,0.7958557620946886,460227007639.21497,237,S4_twin_shock_cex_intervention,indonesia,USDC
194,0.7799961091850377,448721326163.52313,237,S4_twin_shock_cex_intervention,indonesia,USDC
195,0.7853852513605568,437503287101.6504,237,S4_twin_shock_cex_intervention,indonesia,USDC
196,0.8248273392688165,426565700576.5797,237,S4_twin_shock_cex_intervention,indonesia,USDC
197,0.8377699971221501,415901555141.35425,237,S4_twin_shock_cex_intervention,indonesia,USDC
198,0.8097328669296484,405504013947.5612,237,S4_twin_shock_cex_intervention,indonesia,USDC
199,0.8411286892675905,395366411319.103,237,S4_twin_shock_cex_intervention,indonesia,USDC
200,0.8103017140336437,385482249390.15656,237,S4_twin_shock_cex_intervention,indonesia,USDC
201,0.8193273204936761,375845191491.7422,237,S4_twin_shock_cex_intervention,indonesia,USDC
202,0.8207973838065817,366449060378.67865,237,S4_twin_shock_cex_intervention,indonesia,USDC
203,0.8481808327973173,357287832724.8345,237,S4_twin_shock_cex_intervention,indonesia,USDC
204,0.843111889257523,348355636110.4422,237,S4_twin_shock_cex_intervention,indonesia,USDC
205,0.8623268804175657,339646744494.2809,237,S4_twin_shock_cex_intervention,indonesia,USDC
206,0.8545764716660869,331155575327.60736,237,S4_twin_shock_cex_intervention,indonesia,USDC
207,0.8263576711750283,322876685437.6331,237,S4_twin_shock_cex_intervention,indonesia,USDC
208,0.8310563549001346,314804767727.9998,237,S4_twin_shock_cex_intervention,indonesia,USDC
209,0.8428386135327588,306934648058.89166,237,S4_twin_shock_cex_intervention,indonesia,USDC
210,0.8428800581956463,299261281489.8083,237,S4_twin_shock_cex_intervention,indonesia,USDC
211,0.8478132720558017,291779749115.8784,237,S4_twin_shock_cex_intervention,indonesia,USDC
212,0.7190840522497972,284485255118.12463,237,S4_twin_shock_cex_intervention,indonesia,USDC
213,0.7288409007440018,277373123238.10223,237,S4_twin_shock_cex_intervention,indonesia,USDC
214,0.7381970251035966,270438794787.97394,237,S4_twin_shock_cex_intervention,indonesia,USDC
215,0.7223370728339126,263677824660.44653,237,S4_twin_shock_cex_intervention,indonesia,USDC
216,0.7082459524726915,257085878817.809,237,S4_twin_shock_cex_intervention,indonesia,USDC
217,0.7257712494712891,250658731676.03137,237,S4_twin_shock_cex_intervention,indonesia,USDC
218,0.7298742816472219,244392263261.21283,237,S4_twin_shock_cex_intervention,indonesia,USDC
219,0.7154953977910801,238282456590.9168,237,S4_twin_shock_cex_intervention,indonesia,USDC
220,0.7153815807902365,232325395107.65005,237,S4_twin_shock_cex_intervention,indonesia,USDC
221,0.7109439612230878,226517260177.37268,237,S4_twin_shock_cex_intervention,indonesia,USDC
222,0.7204465721893274,220854328632.1983,237,S4_twin_shock_cex_intervention,indonesia,USDC
223,0.7179501784511703,215332970388.54022,237,S4_twin_shock_cex_intervention,indonesia,USDC
224,0.750704949287713,209949646106.26324,237,S4_twin_shock_cex_intervention,indonesia,USDC
225,0.7494701763103374,204700904939.35468,237,S4_twin_shock_cex_intervention,indonesia,USDC
226,0.7560605038605567,199583382305.14496,237,S4_twin_shock_cex_intervention,indonesia,USDC
227,0.7636149162925867,194593797739.34412,237,S4_twin_shock_cex_intervention,indonesia,USDC
228,0.7573866336771009,189728952789.36816,237,S4_twin_shock_cex_intervention,indonesia,USDC
229,0.7917503693440836,184985728964.44302,237,S4_twin_shock_cex_intervention,indonesia,USDC
230,0.7743553996026493,180361085736.96872,237,S4_twin_shock_cex_intervention,indonesia,USDC
231,0.7742103229956703,175852058590.30243,237,S4_twin_shock_cex_intervention,indonesia,USDC
232,0.7754148398196729,171455757123.05585,237,S4_twin_shock_cex_intervention,indonesia,USDC
233,0.7708420911874821,167169363192.98273,237,S4_twin_shock_cex_intervention,indonesia,USDC
234,0.7595604964332279,162990129111.50916,237,S4_twin_shock_cex_intervention,indonesia,USDC
235,0.7502835401675189,158915375882.3515,237,S4_twin_shock_cex_intervention,indonesia,USDC
236,0.7393726854672427,154942491484.15457,237,S4_twin_shock_cex_intervention,indonesia,USDC
237,0.7533430215374182,151068929196.05466,237,S4_twin_shock_cex_intervention,indonesia,USDC
238,0.737445745596616,147292205965.45322,237,S4_twin_shock_cex_intervention,indonesia,USDC
239,0.7612894674211096,143609900815.7304,237,S4_twin_shock_cex_intervention,indonesia,USDC
240,0.7337949502058299,140019653294.95038,237,S4_twin_shock_cex_intervention,indonesia,USDC
241,0.7497126390585347,136519161962.21355,237,S4_twin_shock_cex_intervention,indonesia,USDC
242,0.7397678192711193,133106182912.90535,237,S4_twin_shock_cex_intervention,indonesia,USDC
243,0.7650679580070623,129778528339.87619,237,S4_twin_shock_cex_intervention,indonesia,USDC
244,0.7696413498943361,126534065131.2347,237,S4_twin_shock_cex_intervention,indonesia,USDC
245,0.777153153965793,123370713502.84622,237,S4_twin_shock_cex_intervention,indonesia,USDC
246,0.7715276929749361,120286445665.18994,237,S4_twin_shock_cex_intervention,indonesia,USDC
247,0.7407977474718391,117279284523.48795,237,S4_twin_shock_cex_intervention,indonesia,USDC
248,0.7601295309595238,114347302410.3353,237,S4_twin_shock_cex_intervention,indonesia,USDC
249,0.7773543809100839,111488619850.03064,237,S4_twin_shock_cex_intervention,indonesia,USDC
250,0.7894555143789894,108701404353.7449,237,S4_twin_shock_cex_intervention,indonesia,USDC
251,0.7673817563677598,105983869244.875,237,S4_twin_shock_cex_intervention,indonesia,USDC
252,0.7729752565439776,103334272513.73004,237,S4_twin_shock_cex_intervention,indonesia,USDC
253,0.7847742869060507,100750915700.86815,237,S4_twin_shock_cex_intervention,indonesia,USDC
254,0.7604483413330545,98232142808.33247,237,S4_twin_shock_cex_intervention,indonesia,USDC
255,0.7485973088963389,95776339238.11186,237,S4_twin_shock_cex_intervention,indonesia,USDC
256,0.7595423324924577,93381930757.14836,237,S4_twin_shock_cex_intervention,indonesia,USDC
257,0.7517281241575066,91047382488.21225,237,S4_twin_shock_cex_intervention,indonesia,USDC
258,0.7532220009667902,88771197926.00073,237,S4_twin_shock_cex_intervention,indonesia,USDC
259,0.6678538549498736,86551917977.84567,237,S4_twin_shock_cex_intervention,indonesia,USDC
260,0.5945774775090269,84388120028.39407,237,S4_twin_shock_cex_intervention,indonesia,USDC
261,0.6312477235898728,82278417027.67981,237,S4_twin_shock_cex_intervention,indonesia,USDC
262,0.6507376270133426,80221456601.98529,237,S4_twin_shock_cex_intervention,indonesia,USDC
263,0.688831587075364,78215920186.934,237,S4_twin_shock_cex_intervention,indonesia,USDC
264,0.7071076275046995,76260522182.25969,237,S4_twin_shock_cex_intervention,indonesia,USDC
265,0.7342153071558825,74354009127.70256,237,S4_twin_shock_cex_intervention,indonesia,USDC
266,0.750352921211941,72495158899.50955,237,S4_twin_shock_cex_intervention,indonesia,USDC
267,0.7685406284464714,70682779927.0215,237,S4_twin_shock_cex_intervention,indonesia,USDC
268,0.7625430708275363,68915710428.84575,237,S4_twin_shock_cex_intervention,indonesia,USDC
269,0.7366990933500202,67192817668.12441,237,S4_twin_shock_cex_intervention,indonesia,USDC
270,0.7821624281145987,65512997226.42114,237,S4_twin_shock_cex_intervention,indonesia,USDC
271,0.79614469517795,63875172295.76051,237,S4_twin_shock_cex_intervention,indonesia,USDC
272,0.7878093576034901,62278292988.36643,237,S4_twin_shock_cex_intervention,indonesia,USDC
273,0.7845123961836238,60721335663.6572,237,S4_twin_shock_cex_intervention,indonesia,USDC
274,0.7912183745633032,59203302272.06572,237,S4_twin_shock_cex_intervention,indonesia,USDC
275,0.7853197582234226,57723219715.26402,237,S4_twin_shock_cex_intervention,indonesia,USDC
276,0.8178077626773075,56280139222.38239,237,S4_twin_shock_cex_intervention,indonesia,USDC
277,0.8038180568036246,54873135741.82281,237,S4_twin_shock_cex_intervention,indonesia,USDC
278,0.796607671255646,53501307348.277214,237,S4_twin_shock_cex_intervention,indonesia,USDC
279,0.7921769507589062,52163774664.57027,237,S4_twin_shock_cex_intervention,indonesia,USDC
280,0.7829250653146799,50859680297.95599,237,S4_twin_shock_cex_intervention,indonesia,USDC
281,0.7900302773739954,49588188290.50708,237,S4_twin_shock_cex_intervention,indonesia,USDC
282,0.7849302719154012,48348483583.24439,237,S4_twin_shock_cex_intervention,indonesia,USDC
283,0.7999508670814335,47139771493.66328,237,S4_twin_shock_cex_intervention,indonesia,USDC
284,0.7784926504803148,45961277206.321686,237,S4_twin_shock_cex_intervention,indonesia,USDC
285,0.8091198632480919,44812245276.16364,237,S4_twin_shock_cex_intervention,indonesia,USDC
286,0.8066209292152637,43691939144.259544,237,S4_twin_shock_cex_intervention,indonesia,USDC
287,0.7795612765376222,42599640665.653046,237,S4_twin_shock_cex_intervention,indonesia,USDC
288,0.8071123261630768,41534649649.01172,237,S4_twin_shock_cex_intervention,indonesia,USDC
289,0.7901104259602578,40496283407.78642,237,S4_twin_shock_cex_intervention,indonesia,USDC
290,0.8018296244300737,39483876322.59176,237,S4_twin_shock_cex_intervention,indonesia,USDC
291,0.7752140525405238,38496779414.52697,237,S4_twin_shock_cex_intervention,indonesia,USDC
292,0.790619771658942,37534359929.163795,237,S4_twin_shock_cex_intervention,indonesia,USDC
293,0.7217060557830233,36596000930.93469,237,S4_twin_shock_cex_intervention,indonesia,USDC
294,0.7267909334867949,35681100907.66133,237,S4_twin_shock_cex_intervention,indonesia,USDC
295,0.7272583821478673,34789073384.9698,237,S4_twin_shock_cex_intervention,indonesia,USDC
296,0.7285416032052294,33919346550.34555,237,S4_twin_shock_cex_intervention,indonesia,USDC
297,0.7275000208171775,33071362886.586914,237,S4_twin_shock_cex_intervention,indonesia,USDC
298,0.732325919122544,32244578814.42224,237,S4_twin_shock_cex_intervention,indonesia,USDC
299,0.7340210318810462,31438464344.061684,237,S4_twin_shock_cex_intervention,indonesia,USDC
300,0.7525976587580632,30652502735.460144,237,S4_twin_shock_cex_intervention,indonesia,USDC
301,0.7514198371251168,29886190167.07364,237,S4_twin_shock_cex_intervention,indonesia,USDC
302,0.7660255914763863,29139035412.896805,237,S4_twin_shock_cex_intervention,indonesia,USDC
303,0.7713292998337238,28410559527.57438,237,S4_twin_shock_cex_intervention,indonesia,USDC
304,0.7851119487461691,27700295539.38502,237,S4_twin_shock_cex_intervention,indonesia,USDC
305,0.7867412278800767,27007788150.90039,237,S4_twin_shock_cex_intervention,indonesia,USDC
306,0.8058546982448773,26332593447.127884,237,S4_twin_shock_cex_intervention,indonesia,USDC
307,0.7910879005998902,25674278610.94969,237,S4_twin_shock_cex_intervention,indonesia,USDC
308,0.7627834182620569,25032421645.675945,237,S4_twin_shock_cex_intervention,indonesia,USDC
309,0.7910150024834931,24406611104.534046,237,S4_twin_shock_cex_intervention,indonesia,USDC
310,0.814050664201432,23796445826.920696,237,S4_twin_shock_cex_intervention,indonesia,USDC
311,0.7860790233885518,23201534681.247677,237,S4_twin_shock_cex_intervention,indonesia,USDC
312,0.78181064224379,22621496314.216484,237,S4_twin_shock_cex_intervention,indonesia,USDC
313,0.7890639478797224,22055958906.361073,237,S4_twin_shock_cex_intervention,indonesia,USDC
314,0.7882751346037836,21504559933.70205,237,S4_twin_shock_cex_intervention,indonesia,USDC
315,0.7698498149722659,20966945935.359497,237,S4_twin_shock_cex_intervention,indonesia,USDC
316,0.7824538443989701,20442772286.97551,237,S4_twin_shock_cex_intervention,indonesia,USDC
317,0.7795134365142941,19931702979.80112,237,S4_twin_shock_cex_intervention,indonesia,USDC
318,0.7765980217030958,19433410405.30609,237,S4_twin_shock_cex_intervention,indonesia,USDC
319,0.7833042343863857,18947575145.17344,237,S4_twin_shock_cex_intervention,indonesia,USDC
320,0.8043086509855819,18473885766.544106,237,S4_twin_shock_cex_intervention,indonesia,USDC
321,0.7960943737288585,18012038622.3805,237,S4_twin_shock_cex_intervention,indonesia,USDC
322,0.7900488335578127,17561737656.820988,237,S4_twin_shock_cex_intervention,indonesia,USDC
323,0.7769716680083781,17122694215.400465,237,S4_twin_shock_cex_intervention,indonesia,USDC
324,0.7866992821299083,16694626860.015453,237,S4_twin_shock_cex_intervention,indonesia,USDC
325,0.8152674818298791,16277261188.515068,237,S4_twin_shock_cex_intervention,indonesia,USDC
326,0.8340741816206173,15870329658.802189,237,S4_twin_shock_cex_intervention,indonesia,USDC
327,0.8211987362704354,15473571417.332134,237,S4_twin_shock_cex_intervention,indonesia,USDC
328,0.8119486694941784,15086732131.89883,237,S4_twin_shock_cex_intervention,indonesia,USDC
329,0.7898842320054554,14709563828.60136,237,S4_twin_shock_cex_intervention,indonesia,USDC
330,0.7971528802075736,14341824732.886326,237,S4_twin_shock_cex_intervention,indonesia,USDC
331,0.8039847054374931,13983279114.564169,237,S4_twin_shock_cex_intervention,indonesia,USDC
332,0.8154792065283332,13633697136.700064,237,S4_twin_shock_cex_intervention,indonesia,USDC
333,0.8158217443345146,13292854708.282562,237,S4_twin_shock_cex_intervention,indonesia,USDC
334,0.7966416281439892,12960533340.575499,237,S4_twin_shock_cex_intervention,indonesia,USDC
335,0.7958889558258262,12636520007.061111,237,S4_twin_shock_cex_intervention,indonesia,USDC
336,0.781025497087719,12320607006.884584,237,S4_twin_shock_cex_intervention,indonesia,USDC
337,0.7813269139311544,12012591831.71247,237,S4_twin_shock_cex_intervention,indonesia,USDC
338,0.7881782377235674,11712277035.919657,237,S4_twin_shock_cex_intervention,indonesia,USDC
339,0.8153470485142589,11419470110.021666,237,S4_twin_shock_cex_intervention,indonesia,USDC
340,0.8233990185886467,11133983357.271124,237,S4_twin_shock_cex_intervention,indonesia,USDC
341,0.8189740467049132,10855633773.339346,237,S4_twin_shock_cex_intervention,indonesia,USDC
342,0.8094096204424672,10584242929.005861,237,S4_twin_shock_cex_intervention,indonesia,USDC
343,0.8019534310982578,10319636855.780716,237,S4_twin_shock_cex_intervention,indonesia,USDC
344,0.7969334107790309,10061645934.386198,237,S4_twin_shock_cex_intervention,indonesia,USDC
345,0.7862839338128353,9810104786.026543,237,S4_twin_shock_cex_intervention,indonesia,USDC
346,0.7771232440920969,9564852166.37588,237,S4_twin_shock_cex_intervention,indonesia,USDC
347,0.7840741688370418,9325730862.21648,237,S4_twin_shock_cex_intervention,indonesia,USDC
348,0.7901161815576673,9092587590.66107,237,S4_twin_shock_cex_intervention,indonesia,USDC
349,0.7984549648374536,8865272900.894543,237,S4_twin_shock_cex_intervention,indonesia,USDC
350,0.8034465001759585,8643641078.372179,237,S4_twin_shock_cex_intervention,indonesia,USDC
351,0.7963809439254252,8427550051.412874,237,S4_twin_shock_cex_intervention,indonesia,USDC
352,0.7908581614781003,8216861300.127554,237,S4_twin_shock_cex_intervention,indonesia,USDC
353,0.8061281011430259,8011439767.624365,237,S4_twin_shock_cex_intervention,indonesia,USDC
354,0.7905993689936275,7811153773.433756,237,S4_twin_shock_cex_intervention,indonesia,USDC
355,0.7942723802715083,7615874929.097912,237,S4_twin_shock_cex_intervention,indonesia,USDC
356,0.794541234978243,7425478055.870464,237,S4_twin_shock_cex_intervention,indonesia,USDC
357,0.7937010966187737,7239841104.4737015,237,S4_twin_shock_cex_intervention,indonesia,USDC
358,0.8102546375279236,7058845076.861859,237,S4_twin_shock_cex_intervention,indonesia,USDC
359,0.8082480177485902,6882373949.940313,237,S4_twin_shock_cex_intervention,indonesia,USDC
360,0.823943315635202,6710314601.191806,237,S4_twin_shock_cex_intervention,indonesia,USDC
361,0.8050478823253879,6542556736.16201,237,S4_twin_shock_cex_intervention,indonesia,USDC
362,0.784072785229774,6378992817.757959,237,S4_twin_shock_cex_intervention,indonesia,USDC
363,0.7703213675811614,6219517997.314011,237,S4_twin_shock_cex_intervention,indonesia,USDC
364,0.8001879408628431,6064030047.38116,237,S4_twin_shock_cex_intervention,indonesia,USDC
365,0.8024772864436748,5912429296.196631,237,S4_twin_shock_cex_intervention,indonesia,USDC
366,0.8227249072718906,5764618563.791716,237,S4_twin_shock_cex_intervention,indonesia,USDC
367,0.7900412708848725,5620503099.696922,237,S4_twin_shock_cex_intervention,indonesia,USDC
368,0.7827246487356998,5479990522.2045,237,S4_twin_shock_cex_intervention,indonesia,USDC
369,0.7850597392862108,5342990759.149387,237,S4_twin_shock_cex_intervention,indonesia,USDC
370,0.7949220170017116,5209415990.170652,237,S4_twin_shock_cex_intervention,indonesia,USDC
371,0.8389115991096627,5079180590.416386,237,S4_twin_shock_cex_intervention,indonesia,USDC
372,0.8347001857235331,4952201075.655976,237,S4_twin_shock_cex_intervention,indonesia,USDC
373,0.8313392907240407,4828396048.764577,237,S4_twin_shock_cex_intervention,indonesia,USDC
374,0.8318116527353954,4707686147.545462,237,S4_twin_shock_cex_intervention,indonesia,USDC
375,0.8454725579281921,4589993993.856826,237,S4_twin_shock_cex_intervention,indonesia,USDC
376,0.8408813699009282,4475244144.010405,237,S4_twin_shock_cex_intervention,indonesia,USDC
377,0.8251537637994577,4363363040.410145,237,S4_twin_shock_cex_intervention,indonesia,USDC
378,0.8185454322106918,4254278964.399891,237,S4_twin_shock_cex_intervention,indonesia,USDC
379,0.8086199340896193,4147921990.289894,237,S4_twin_shock_cex_intervention,indonesia,USDC
380,0.7903762832930156,4044223940.532646,237,S4_twin_shock_cex_intervention,indonesia,USDC
381,0.7922070736757988,3943118342.01933,237,S4_twin_shock_cex_intervention,indonesia,USDC
382,0.7699204210336485,3844540383.4688463,237,S4_twin_shock_cex_intervention,indonesia,USDC
383,0.7790283394009111,3748426873.8821254,237,S4_twin_shock_cex_intervention,indonesia,USDC
384,0.7890090384544127,3654716202.0350723,237,S4_twin_shock_cex_intervention,indonesia,USDC
385,0.7833437732006286,3563348296.9841957,237,S4_twin_shock_cex_intervention,indonesia,USDC
386,0.794509568674589,3474264589.559591,237,S4_twin_shock_cex_intervention,indonesia,USDC
387,0.7728871719451463,3387407974.820601,237,S4_twin_shock_cex_intervention,indonesia,USDC
388,0.7674336973217237,3302722775.450086,237,S4_twin_shock_cex_intervention,indonesia,USDC
389,0.7515795277717211,3220154706.0638337,237,S4_twin_shock_cex_intervention,indonesia,USDC
390,0.7460373885042938,3139650838.4122376,237,S4_twin_shock_cex_intervention,indonesia,USDC
391,0.7589686131653083,3061159567.451932,237,S4_twin_shock_cex_intervention,indonesia,USDC
392,0.7009017615007174,2984630578.2656336,237,S4_twin_shock_cex_intervention,indonesia,USDC
393,0.727989128689882,2910014813.808993,237,S4_twin_shock_cex_intervention,indonesia,USDC
394,0.7283186789394928,2837264443.463768,237,S4_twin_shock_cex_intervention,indonesia,USDC
395,0.7147359466853936,2766332832.3771734,237,S4_twin_shock_cex_intervention,indonesia,USDC
396,0.7089523372227409,2697174511.5677443,237,S4_twin_shock_cex_intervention,indonesia,USDC
397,0.5977391289418316,2629745148.7785506,237,S4_twin_shock_cex_intervention,indonesia,USDC
398,0.6215003521500754,2564001520.059087,237,S4_twin_shock_cex_intervention,indonesia,USDC
399,0.6408867611417719,2499901482.05761,237,S4_twin_shock_cex_intervention,indonesia,USDC
400,0.6287772925161026,2437403945.0061693,237,S4_twin_shock_cex_intervention,indonesia,USDC
401,0.6466743606547298,2376468846.3810153,237,S4_twin_shock_cex_intervention,indonesia,USDC
402,0.6749297759074374,2317057125.22149,237,S4_twin_shock_cex_intervention,indonesia,USDC
403,0.6889298892197997,2259130697.0909524,237,S4_twin_shock_cex_intervention,indonesia,USDC
404,0.7104456249714041,2202652429.663679,237,S4_twin_shock_cex_intervention,indonesia,USDC
405,0.7178761194194382,2147586118.9220867,237,S4_twin_shock_cex_intervention,indonesia,USDC
406,0.7126416423812748,2093896465.9490347,237,S4_twin_shock_cex_intervention,indonesia,USDC
407,0.7172960614401643,2041549054.3003087,237,S4_twin_shock_cex_intervention,indonesia,USDC
408,0.756313926436287,1990510327.942801,237,S4_twin_shock_cex_intervention,indonesia,USDC
409,0.7596973948895881,1940747569.744231,237,S4_twin_shock_cex_intervention,indonesia,USDC
410,0.733163040966714,1892228880.5006251,237,S4_twin_shock_cex_intervention,indonesia,USDC
411,0.7265702281298956,1844923158.4881096,237,S4_twin_shock_cex_intervention,indonesia,USDC
412,0.7515438430198961,1798800079.5259066,237,S4_twin_shock_cex_intervention,indonesia,USDC
413,0.7502231520130442,1753830077.5377593,237,S4_twin_shock_cex_intervention,indonesia,USDC
414,0.7542529947789225,1709984325.5993152,237,S4_twin_shock_cex_intervention,indonesia,USDC
415,0.7689677187833914,1667234717.4593322,237,S4_twin_shock_cex_intervention,indonesia,USDC
416,0.7654449327366295,1625553849.522849,237,S4_twin_shock_cex_intervention,indonesia,USDC
417,0.7953009727672422,1584915003.2847779,237,S4_twin_shock_cex_intervention,indonesia,USDC
418,0.7919868011851653,1545292128.2026584,237,S4_twin_shock_cex_intervention,indonesia,USDC
419,0.7686871317069472,1506659824.997592,237,S4_twin_shock_cex_intervention,indonesia,USDC
420,0.7848151626427298,1468993329.3726523,237,S4_twin_shock_cex_intervention,indonesia,USDC
421,0.802063761903577,1432268496.138336,237,S4_twin_shock_cex_intervention,indonesia,USDC
422,0.7751921344654777,1396461783.7348776,237,S4_twin_shock_cex_intervention,indonesia,USDC
423,0.7910399853676435,1361550239.1415055,237,S4_twin_shock_cex_intervention,indonesia,USDC
424,0.790327256892517,1327511483.162968,237,S4_twin_shock_cex_intervention,indonesia,USDC
425,0.7888565372622951,1294323696.0838938,237,S4_twin_shock_cex_intervention,indonesia,USDC
426,0.769835561511626,1261965603.6817963,237,S4_twin_shock_cex_intervention,indonesia,USDC
427,0.7876662523815015,1230416463.5897515,237,S4_twin_shock_cex_intervention,indonesia,USDC
428,0.7710110515541317,1199656052.0000076,237,S4_twin_shock_cex_intervention,indonesia,USDC
429,0.7708310340720603,1169664650.7000074,237,S4_twin_shock_cex_intervention,indonesia,USDC
430,0.7637417383313128,1140423034.4325073,237,S4_twin_shock_cex_intervention,indonesia,USDC
431,0.7862599617394206,1111912458.5716946,237,S4_twin_shock_cex_intervention,indonesia,USDC
432,0.7710280639809814,1084114647.1074023,237,S4_twin_shock_cex_intervention,indonesia,USDC
433,0.7794495846422098,1057011780.9297171,237,S4_twin_shock_cex_intervention,indonesia,USDC
434,0.7846391858356566,1030586486.4064741,237,S4_twin_shock_cex_intervention,indonesia,USDC
435,0.811687113908273,1004821824.2463124,237,S4_twin_shock_cex_intervention,indonesia,USDC
436,0.8358067596952083,979701278.6401545,237,S4_twin_shock_cex_intervention,indonesia,USDC
437,0.8304059195460713,955208746.6741506,237,S4_twin_shock_cex_intervention,indonesia,USDC
438,0.8075733945345214,931328528.0072969,237,S4_twin_shock_cex_intervention,indonesia,USDC
439,0.8071254053298055,908045314.8071145,237,S4_twin_shock_cex_intervention,indonesia,USDC
440,0.7959516060245985,885344181.9369366,237,S4_twin_shock_cex_intervention,indonesia,USDC
441,0.7910536622689259,863210577.3885131,237,S4_twin_shock_cex_intervention,indonesia,USDC
442,0.7980786041000664,841630312.9538003,237,S4_twin_shock_cex_intervention,indonesia,USDC
443,0.8149175141801589,820589555.1299554,237,S4_twin_shock_cex_intervention,indonesia,USDC
444,0.8298577170519583,800074816.2517065,237,S4_twin_shock_cex_intervention,indonesia,USDC
445,0.8517600992928522,780072945.8454138,237,S4_twin_shock_cex_intervention,indonesia,USDC
446,0.8469178027376795,760571122.1992784,237,S4_twin_shock_cex_intervention,indonesia,USDC
447,0.8567406416734618,741556844.1442964,237,S4_twin_shock_cex_intervention,indonesia,USDC
448,0.8312188163421115,723017923.040689,237,S4_twin_shock_cex_intervention,indonesia,USDC
449,0.822457860303456,704942474.9646719,237,S4_twin_shock_cex_intervention,indonesia,USDC
450,0.8190175018062754,687318913.090555,237,S4_twin_shock_cex_intervention,indonesia,USDC
451,0.8095537144478379,670135940.2632911,237,S4_twin_shock_cex_intervention,indonesia,USDC
452,0.8109191511957238,653382541.7567089,237,S4_twin_shock_cex_intervention,indonesia,USDC
453,0.7956540327815648,637047978.2127911,237,S4_twin_shock_cex_intervention,indonesia,USDC
454,0.8089950732081251,621121778.7574713,237,S4_twin_shock_cex_intervention,indonesia,USDC
455,0.7980338596163947,605593734.2885345,237,S4_twin_shock_cex_intervention,indonesia,USDC
456,0.8196851761987194,590453890.9313211,237,S4_twin_shock_cex_intervention,indonesia,USDC
457,0.8315081633854137,575692543.6580381,237,S4_twin_shock_cex_intervention,indonesia,USDC
458,0.7988461421477836,561300230.0665872,237,S4_twin_shock_cex_intervention,indonesia,USDC
459,0.8073674540066008,547267724.3149225,237,S4_twin_shock_cex_intervention,indonesia,USDC
460,0.8068279438795746,533586031.2070495,237,S4_twin_shock_cex_intervention,indonesia,USDC
461,0.8041263092119729,520246380.4268732,237,S4_twin_shock_cex_intervention,indonesia,USDC
462,0.8113246842193051,507240220.91620135,237,S4_twin_shock_cex_intervention,indonesia,USDC
463,0.8211235353785306,494559215.39329636,237,S4_twin_shock_cex_intervention,indonesia,USDC
464,0.8133299088760176,482195235.0084639,237,S4_twin_shock_cex_intervention,indonesia,USDC
465,0.7895141827781412,470140354.1332524,237,S4_twin_shock_cex_intervention,indonesia,USDC
466,0.8079301369424758,458386845.27992105,237,S4_twin_shock_cex_intervention,indonesia,USDC
467,0.8159334657284502,446927174.14792305,237,S4_twin_shock_cex_intervention,indonesia,USDC
468,0.7904266018627322,435753994.794225,237,S4_twin_shock_cex_intervention,indonesia,USDC
469,0.7889470201973003,424860144.92436934,237,S4_twin_shock_cex_intervention,indonesia,USDC
470,0.7779969174176354,414238641.3012601,237,S4_twin_shock_cex_intervention,indonesia,USDC
471,0.7707257362354236,403882675.2687287,237,S4_twin_shock_cex_intervention,indonesia,USDC
472,0.7825817249282491,393785608.38701046,237,S4_twin_shock_cex_intervention,indonesia,USDC
473,0.7968187092979168,383940968.1773352,237,S4_twin_shock_cex_intervention,indonesia,USDC
474,0.7931327033352727,374342443.9729018,237,S4_twin_shock_cex_intervention,indonesia,USDC
475,0.8027211545415542,364983882.87357926,237,S4_twin_shock_cex_intervention,indonesia,USDC
476,0.7979196115733168,355859285.8017398,237,S4_twin_shock_cex_intervention,indonesia,USDC
477,0.7873477462632954,346962803.6566963,237,S4_twin_shock_cex_intervention,indonesia,USDC
478,0.7765403691438616,338288733.5652789,237,S4_twin_shock_cex_intervention,indonesia,USDC
479,0.7810337232160636,329831515.2261469,237,S4_twin_shock_cex_intervention,indonesia,USDC
480,0.7425419156285865,321585727.3454932,237,S4_twin_shock_cex_intervention,indonesia,USDC
481,0.7398778730608674,313546084.1618559,237,S4_twin_shock_cex_intervention,indonesia,USDC
482,0.7536993784289676,305707432.0578095,237,S4_twin_shock_cex_intervention,indonesia,USDC
483,0.7558989249208289,298064746.2563642,237,S4_twin_shock_cex_intervention,indonesia,USDC
484,0.7619528671887327,290613127.5999551,237,S4_twin_shock_cex_intervention,indonesia,USDC
485,0.7398677564928369,283347799.4099562,237,S4_twin_shock_cex_intervention,indonesia,USDC
486,0.7387308268464082,276264104.42470735,237,S4_twin_shock_cex_intervention,indonesia,USDC
487,0.7510453397842222,269357501.81408966,237,S4_twin_shock_cex_intervention,indonesia,USDC
488,0.7605499736573451,262623564.2687374,237,S4_twin_shock_cex_intervention,indonesia,USDC
489,0.7520924572288769,256057975.16201895,237,S4_twin_shock_cex_intervention,indonesia,USDC
490,0.7592008919251743,249656525.7829685,237,S4_twin_shock_cex_intervention,indonesia,USDC
491,0.6572567287522887,243415112.6383943,237,S4_twin_shock_cex_intervention,indonesia,USDC
492,0.659619551999861,237329734.82243443,237,S4_twin_shock_cex_intervention,indonesia,USDC
493,0.6934498245795804,231396491.45187354,237,S4_twin_shock_cex_intervention,indonesia,USDC
494,0.7339590762883208,225611579.1655767,237,S4_twin_shock_cex_intervention,indonesia,USDC
495,0.7344992335945102,219971289.68643725,237,S4_twin_shock_cex_intervention,indonesia,USDC
496,0.7550343542158574,214472007.44427633,237,S4_twin_shock_cex_intervention,indonesia,USDC
497,0.7505122821861666,209110207.25816947,237,S4_twin_shock_cex_intervention,indonesia,USDC
498,0.748969268691888,203882452.0767152,237,S4_twin_shock_cex_intervention,indonesia,USDC
499,0.760197128312208,198785390.77479732,237,S4_twin_shock_cex_intervention,indonesia,USDC
500,0.7883295184886425,193815756.00542742,237,S4_twin_shock_cex_intervention,indonesia,USDC
501,0.8034958734938195,188970362.10529172,237,S4_twin_shock_cex_intervention,indonesia,USDC
502,0.8341432295922014,184246103.05265942,237,S4_twin_shock_cex_intervention,indonesia,USDC
503,0.829089587447167,179639950.47634292,237,S4_twin_shock_cex_intervention,indonesia,USDC
504,0.8276184123830136,175148951.71443436,237,S4_twin_shock_cex_intervention,indonesia,USDC
505,0.8068179815292955,170770227.92157352,237,S4_twin_shock_cex_intervention,indonesia,USDC
506,0.8295090877133624,166500972.22353417,237,S4_twin_shock_cex_intervention,indonesia,USDC
507,0.8332195950002097,162338447.91794583,237,S4_twin_shock_cex_intervention,indonesia,USDC
508,0.7957474906113322,158279986.71999717,237,S4_twin_shock_cex_intervention,indonesia,USDC
509,0.7739613647379017,154322987.05199724,237,S4_twin_shock_cex_intervention,indonesia,USDC
510,0.7404333603261659,150464912.3756973,237,S4_twin_shock_cex_intervention,indonesia,USDC
511,0.7440473252181349,146703289.56630486,237,S4_twin_shock_cex_intervention,indonesia,USDC
512,0.7321200677153493,143035707.32714725,237,S4_twin_shock_cex_intervention,indonesia,USDC
513,0.7590376657973058,139459814.64396858,237,S4_twin_shock_cex_intervention,indonesia,USDC
514,0.7845675443927985,135973319.27786934,237,S4_twin_shock_cex_intervention,indonesia,USDC
515,0.7886932439712125,132573986.29592262,237,S4_twin_shock_cex_intervention,indonesia,USDC
516,0.7888379330208355,129259636.63852455,237,S4_twin_shock_cex_intervention,indonesia,USDC
517,0.8005898948504302,126028145.72256145,237,S4_twin_shock_cex_intervention,indonesia,USDC
518,0.8154677235865715,122877442.0794974,237,S4_twin_shock_cex_intervention,indonesia,USDC
519,0.7279242082184516,119805506.02750997,237,S4_twin_shock_cex_intervention,indonesia,USDC
520,0.721608684055556,116810368.37682222,237,S4_twin_shock_cex_intervention,indonesia,USDC
521,0.7362783555296405,113890109.16740164,237,S4_twin_shock_cex_intervention,indonesia,USDC
522,0.7349071300670381,111042856.43821663,237,S4_twin_shock_cex_intervention,indonesia,USDC
523,0.7223078265295435,108266785.0272612,237,S4_twin_shock_cex_intervention,indonesia,USDC
524,0.717398575122089,105560115.40157968,237,S4_twin_shock_cex_intervention,indonesia,USDC
525,0.7267397677799308,102921112.51654017,237,S4_twin_shock_cex_intervention,indonesia,USDC
526,0.6793169061673472,100348084.70362668,237,S4_twin_shock_cex_intervention,indonesia,USDC
527,0.6720947214565859,97839382.58603601,237,S4_twin_shock_cex_intervention,indonesia,USDC
528,0.6953466137981928,95393398.0213851,237,S4_twin_shock_cex_intervention,indonesia,USDC
529,0.7032917421024767,93008563.07085048,237,S4_twin_shock_cex_intervention,indonesia,USDC
530,0.7121139197255437,90683348.99407922,237,S4_twin_shock_cex_intervention,indonesia,USDC
531,0.7260502480027762,88416265.26922724,237,S4_twin_shock_cex_intervention,indonesia,USDC
532,0.7410080827102375,86205858.63749656,237,S4_twin_shock_cex_intervention,indonesia,USDC
533,0.7386679212361089,84050712.17155914,237,S4_twin_shock_cex_intervention,indonesia,USDC
534,0.7294317575930809,81949444.36727016,237,S4_twin_shock_cex_intervention,indonesia,USDC
535,0.7558083954747589,79900708.25808841,237,S4_twin_shock_cex_intervention,indonesia,USDC
536,0.7688746244466349,77903190.5516362,237,S4_twin_shock_cex_intervention,indonesia,USDC
537,0.7924502654357621,75955610.7878453,237,S4_twin_shock_cex_intervention,indonesia,USDC
538,0.7906692979274761,74056720.51814917,237,S4_twin_shock_cex_intervention,indonesia,USDC
539,0.776672358122141,72205302.50519542,237,S4_twin_shock_cex_intervention,indonesia,USDC
540,0.7649845041208044,70400169.94256555,237,S4_twin_shock_cex_intervention,indonesia,USDC
541,0.7646219397890789,68640165.6940014,237,S4_twin_shock_cex_intervention,indonesia,USDC
542,0.7779406341294579,66924161.551651366,237,S4_twin_shock_cex_intervention,indonesia,USDC
543,0.7701163798925614,65251057.51286008,237,S4_twin_shock_cex_intervention,indonesia,USDC
544,0.7760538810617542,63619781.07503858,237,S4_twin_shock_cex_intervention,indonesia,USDC
545,0.7924073490808161,62029286.54816261,237,S4_twin_shock_cex_intervention,indonesia,USDC
546,0.7827799051243609,60478554.38445855,237,S4_twin_shock_cex_intervention,indonesia,USDC
547,0.7894093551148887,58966590.52484709,237,S4_twin_shock_cex_intervention,indonesia,USDC
548,0.7750461138628636,57492425.76172592,237,S4_twin_shock_cex_intervention,indonesia,USDC
549,0.7643451068710623,56055115.11768276,237,S4_twin_shock_cex_intervention,indonesia,USDC
550,0.7643640298399115,54653737.23974069,237,S4_twin_shock_cex_intervention,indonesia,USDC
551,0.7652819675634638,53287393.80874717,237,S4_twin_shock_cex_intervention,indonesia,USDC
552,0.7569989561716927,51955208.9635285,237,S4_twin_shock_cex_intervention,indonesia,USDC
553,0.7485829949871002,50656328.73944028,237,S4_twin_shock_cex_intervention,indonesia,USDC
554,0.7875634561962601,49389920.52095427,237,S4_twin_shock_cex_intervention,indonesia,USDC
555,0.7886286701464466,48155172.50793042,237,S4_twin_shock_cex_intervention,indonesia,USDC
556,0.7733883497710858,46951293.19523215,237,S4_twin_shock_cex_intervention,indonesia,USDC
557,0.7642578299650743,45777510.86535135,237,S4_twin_shock_cex_intervention,indonesia,USDC
558,0.7683648494177566,44633073.09371757,237,S4_twin_shock_cex_intervention,indonesia,USDC
559,0.7550605487807713,43517246.26637463,237,S4_twin_shock_cex_intervention,indonesia,USDC
560,0.7708024386129427,42429315.10971526,237,S4_twin_shock_cex_intervention,indonesia,USDC
561,0.7681282721216528,41368582.23197238,237,S4_twin_shock_cex_intervention,indonesia,USDC
562,0.7583002279964799,40334367.676173076,237,S4_twin_shock_cex_intervention,indonesia,USDC
563,0.763423720558775,39326008.48426874,237,S4_twin_shock_cex_intervention,indonesia,USDC
564,0.7451248839828188,38342858.27216203,237,S4_twin_shock_cex_intervention,indonesia,USDC
565,0.741541937827701,37384286.815357976,237,S4_twin_shock_cex_intervention,indonesia,USDC
566,0.7540064674317382,36449679.64497402,237,S4_twin_shock_cex_intervention,indonesia,USDC
567,0.7618522146897984,35538437.653849676,237,S4_twin_shock_cex_intervention,indonesia,USDC
568,0.7844642591015085,34649976.71250343,237,S4_twin_shock_cex_intervention,indonesia,USDC
569,0.7540815085901825,33783727.29469085,237,S4_twin_shock_cex_intervention,indonesia,USDC
570,0.7682316015902649,32939134.112323575,237,S4_twin_shock_cex_intervention,indonesia,USDC
571,0.7759214025756653,32115655.759515483,237,S4_twin_shock_cex_intervention,indonesia,USDC
572,0.7647231161657377,31312764.365527596,237,S4_twin_shock_cex_intervention,indonesia,USDC
573,0.7721278403533198,30529945.25638941,237,S4_twin_shock_cex_intervention,indonesia,USDC
574,0.7843980993432127,29766696.624979675,237,S4_twin_shock_cex_intervention,indonesia,USDC
575,0.7830357789715815,29022529.209355183,237,S4_twin_shock_cex_intervention,indonesia,USDC
576,0.6669147569290357,28296965.979121305,237,S4_twin_shock_cex_intervention,indonesia,USDC
577,0.6789181840588971,27589541.829643272,237,S4_twin_shock_cex_intervention,indonesia,USDC
578,0.6945559170836024,26899803.28390219,237,S4_twin_shock_cex_intervention,indonesia,USDC
579,0.7034947084042615,26227308.201804638,237,S4_twin_shock_cex_intervention,indonesia,USDC
580,0.7168314270171354,25571625.49675952,237,S4_twin_shock_cex_intervention,indonesia,USDC
581,0.75154754084228,24932334.859340534,237,S4_twin_shock_cex_intervention,indonesia,USDC
582,0.7581685282937506,24309026.48785702,237,S4_twin_shock_cex_intervention,indonesia,USDC
583,0.7669331633000096,23701300.825660594,237,S4_twin_shock_cex_intervention,indonesia,USDC
584,0.7541037000783223,23108768.30501908,237,S4_twin_shock_cex_intervention,indonesia,USDC
585,0.7760920150174316,22531049.0973936,237,S4_twin_shock_cex_intervention,indonesia,USDC
586,0.7885180222015069,21967772.86995876,237,S4_twin_shock_cex_intervention,indonesia,USDC
587,0.7683266157055058,21418578.54820979,237,S4_twin_shock_cex_intervention,indonesia,USDC
588,0.784902450358834,20883114.084504545,237,S4_twin_shock_cex_intervention,indonesia,USDC
589,0.8024561936408072,20361036.23239193,237,S4_twin_shock_cex_intervention,indonesia,USDC
590,0.7835630685796838,19852010.326582134,237,S4_twin_shock_cex_intervention,indonesia,USDC
591,0.7633113001147163,19355710.06841758,237,S4_twin_shock_cex_intervention,indonesia,USDC
592,0.7341065007283576,18871817.316707138,237,S4_twin_shock_cex_intervention,indonesia,USDC
593,0.7533083636021486,18400021.88378946,237,S4_twin_shock_cex_intervention,indonesia,USDC
594,0.766295311721373,17940021.336694725,237,S4_twin_shock_cex_intervention,indonesia,USDC
595,0.7775555868868873,17491520.803277355,237,S4_twin_shock_cex_intervention,indonesia,USDC
596,0.7652771015414541,17054232.78319542,237,S4_twin_shock_cex_intervention,indonesia,USDC
597,0.7731458502352275,16627876.963615537,237,S4_twin_shock_cex_intervention,indonesia,USDC
598,0.7659602558030931,16212180.039525148,237,S4_twin_shock_cex_intervention,indonesia,USDC
599,0.7568999034340612,15806875.538537018,237,S4_twin_shock_cex_intervention,indonesia,USDC
600,0.7511500424029892,15411703.650073593,237,S4_twin_shock_cex_intervention,indonesia,USDC
601,0.7507843963352432,15026411.058821753,237,S4_twin_shock_cex_intervention,indonesia,USDC
602,0.7501207035763996,14650750.782351209,237,S4_twin_shock_cex_intervention,indonesia,USDC
603,0.7651767648297495,14284482.012792429,237,S4_twin_shock_cex_intervention,indonesia,USDC
604,0.7587984095590685,13927369.962472618,237,S4_twin_shock_cex_intervention,indonesia,USDC
605,0.7645479616432244,13579185.713410802,237,S4_twin_shock_cex_intervention,indonesia,USDC
606,0.7705480445056795,13239706.070575533,237,S4_twin_shock_cex_intervention,indonesia,USDC
607,0.7622064338869483,12908713.418811146,237,S4_twin_shock_cex_intervention,indonesia,USDC
608,0.7723110981362921,12585995.583340866,237,S4_twin_shock_cex_intervention,indonesia,USDC
609,0.774291534028794,12271345.693757346,237,S4_twin_shock_cex_intervention,indonesia,USDC
610,0.7521539988418897,11964562.051413411,237,S4_twin_shock_cex_intervention,indonesia,USDC
611,0.7632261287096628,11665448.000128075,237,S4_twin_shock_cex_intervention,indonesia,USDC
612,0.7688769775319626,11373811.800124874,237,S4_twin_shock_cex_intervention,indonesia,USDC
613,0.7690020535804261,11089466.505121753,237,S4_twin_shock_cex_intervention,indonesia,USDC
614,0.7704698987524461,10812229.842493707,237,S4_twin_shock_cex_intervention,indonesia,USDC
615,0.7895410589292512,10541924.096431365,237,S4_twin_shock_cex_intervention,indonesia,USDC
616,0.8018744618959168,10278375.994020581,237,S4_twin_shock_cex_intervention,indonesia,USDC
617,0.7747967890515699,10021416.594170067,237,S4_twin_shock_cex_intervention,indonesia,USDC
618,0.781596421640461,9770881.179315815,237,S4_twin_shock_cex_intervention,indonesia,USDC
619,0.7787667873529578,9526609.14983292,237,S4_twin_shock_cex_intervention,indonesia,USDC
620,0.7856397338401226,9288443.921087097,237,S4_twin_shock_cex_intervention,indonesia,USDC
621,0.7771533109330776,9056232.823059918,237,S4_twin_shock_cex_intervention,indonesia,USDC
622,0.7602623806754232,8829827.00248342,237,S4_twin_shock_cex_intervention,indonesia,USDC
623,0.7644685725825255,8609081.327421336,237,S4_twin_shock_cex_intervention,indonesia,USDC
624,0.7716008647195489,8393854.294235801,237,S4_twin_shock_cex_intervention,indonesia,USDC
625,0.7757821266036901,8184007.936879907,237,S4_twin_shock_cex_intervention,indonesia,USDC
626,0.7716116630731907,7979407.738457909,237,S4_twin_shock_cex_intervention,indonesia,USDC
627,0.7613341016143541,7779922.544996461,237,S4_twin_shock_cex_intervention,indonesia,USDC
628,0.7405226475963586,7585424.48137155,237,S4_twin_shock_cex_intervention,indonesia,USDC
629,0.7553413265061215,7395788.869337262,237,S4_twin_shock_cex_intervention,indonesia,USDC
630,0.7662887750370412,7210894.14760383,237,S4_twin_shock_cex_intervention,indonesia,USDC
631,0.7608778590006045,7030621.793913734,237,S4_twin_shock_cex_intervention,indonesia,USDC
632,0.7760780152881576,6854856.249065891,237,S4_twin_shock_cex_intervention,indonesia,USDC
633,0.7680038353916384,6683484.842839244,237,S4_twin_shock_cex_intervention,indonesia,USDC
634,0.7571143505785146,6516397.721768262,237,S4_twin_shock_cex_intervention,indonesia,USDC
635,0.77175184786768,6353487.778724055,237,S4_twin_shock_cex_intervention,indonesia,USDC
636,0.769931002329736,6194650.584255954,237,S4_twin_shock_cex_intervention,indonesia,USDC
637,0.7551909117328061,6039784.319649555,237,S4_twin_shock_cex_intervention,indonesia,USDC
638,0.754944170754094,5888789.711658317,237,S4_twin_shock_cex_intervention,indonesia,USDC
639,0.766239910163005,5741569.968866859,237,S4_twin_shock_cex_intervention,indonesia,USDC
640,0.762794933296083,5598030.719645186,237,S4_twin_shock_cex_intervention,indonesia,USDC
641,0.7468332519369668,5458079.951654057,237,S4_twin_shock_cex_intervention,indonesia,USDC
642,0.7419389533115645,5321627.952862706,237,S4_twin_shock_cex_intervention,indonesia,USDC
643,0.7404025220096491,5188587.254041138,237,S4_twin_shock_cex_intervention,indonesia,USDC
644,0.7589937722603446,5058872.57269011,237,S4_twin_shock_cex_intervention,indonesia,USDC
645,0.793500905170235,4932400.758372856,237,S4_twin_shock_cex_intervention,indonesia,USDC
646,0.7891625316792091,4809090.739413535,237,S4_twin_shock_cex_intervention,indonesia,USDC
647,0.804778880592486,4688863.470928198,237,S4_twin_shock_cex_intervention,indonesia,USDC
648,0.8175843789861157,4571641.884154992,237,S4_twin_shock_cex_intervention,indonesia,USDC
649,0.8129560603772714,4457350.837051118,237,S4_twin_shock_cex_intervention,indonesia,USDC
650,0.8042260986736652,4345917.06612484,237,S4_twin_shock_cex_intervention,indonesia,USDC
651,0.8062909668441647,4237269.139471719,237,S4_twin_shock_cex_intervention,indonesia,USDC
652,0.8228154378067859,4131337.410984926,237,S4_twin_shock_cex_intervention,indonesia,USDC
653,0.8014293603309822,4028053.9757103026,237,S4_twin_shock_cex_intervention,indonesia,USDC
654,0.7968165214998815,3927352.626317545,237,S4_twin_shock_cex_intervention,indonesia,USDC
655,0.8179492156377467,3829168.810659606,237,S4_twin_shock_cex_intervention,indonesia,USDC
656,0.8182626710011086,3733439.5903931167,237,S4_twin_shock_cex_intervention,indonesia,USDC
657,0.7860084818064195,3640103.6006332883,237,S4_twin_shock_cex_intervention,indonesia,USDC
658,0.7762941790516033,3549101.010617456,237,S4_twin_shock_cex_intervention,indonesia,USDC
659,0.7871007094911867,3460373.48535202,237,S4_twin_shock_cex_intervention,indonesia,USDC
660,0.7957355936177158,3373864.148218219,237,S4_twin_shock_cex_intervention,indonesia,USDC
661,0.7725389643594586,3289517.5445127636,237,S4_twin_shock_cex_intervention,indonesia,USDC
662,0.7811924992628555,3207279.6058999444,237,S4_twin_shock_cex_intervention,indonesia,USDC
663,0.8002227829350376,3127097.6157524455,237,S4_twin_shock_cex_intervention,indonesia,USDC
664,0.8094060593154999,3048920.1753586344,237,S4_twin_shock_cex_intervention,indonesia,USDC
665,0.8010095719024408,2972697.1709746686,237,S4_twin_shock_cex_intervention,indonesia,USDC
666,0.7787410589753829,2898379.741700302,237,S4_twin_shock_cex_intervention,indonesia,USDC
667,0.7720412037021567,2825920.248157794,237,S4_twin_shock_cex_intervention,indonesia,USDC
668,0.7981500112750579,2755272.2419538493,237,S4_twin_shock_cex_intervention,indonesia,USDC
669,0.7726566183812902,2686390.435905003,237,S4_twin_shock_cex_intervention,indonesia,USDC
670,0.796132160926891,2619230.675007378,237,S4_twin_shock_cex_intervention,indonesia,USDC
671,0.8293771801500492,2553749.9081321936,237,S4_twin_shock_cex_intervention,indonesia,USDC
672,0.8178132364354526,2489906.160428889,237,S4_twin_shock_cex_intervention,indonesia,USDC
673,0.8103518531989068,2427658.5064181667,237,S4_twin_shock_cex_intervention,indonesia,USDC
674,0.7898072143608122,2366967.0437577125,237,S4_twin_shock_cex_intervention,indonesia,USDC
675,0.7921832001278787,2307792.86766377,237,S4_twin_shock_cex_intervention,indonesia,USDC
676,0.8103854226203544,2250098.0459721754,237,S4_twin_shock_cex_intervention,indonesia,USDC
677,0.8200478169233096,2193845.594822871,237,S4_twin_shock_cex_intervention,indonesia,USDC
678,0.8061369049377863,2138999.4549522996,237,S4_twin_shock_cex_intervention,indonesia,USDC
679,0.7897973674131787,2085524.4685784918,237,S4_twin_shock_cex_intervention,indonesia,USDC
680,0.7809717606567608,2033386.3568640295,237,S4_twin_shock_cex_intervention,indonesia,USDC
681,0.7858776779058406,1982551.697942429,237,S4_twin_shock_cex_intervention,indonesia,USDC
682,0.8009403616476398,1932987.9054938683,237,S4_twin_shock_cex_intervention,indonesia,USDC
683,0.8054652059027365,1884663.2078565217,237,S4_twin_shock_cex_intervention,indonesia,USDC
684,0.8114242350756444,1837546.6276601085,237,S4_twin_shock_cex_intervention,indonesia,USDC
685,0.8296795602887149,1791607.961968606,237,S4_twin_shock_cex_intervention,indonesia,USDC
686,0.8247763350730951,1746817.7629193908,237,S4_twin_shock_cex_intervention,indonesia,USDC
687,0.7946802550208075,1703147.318846406,237,S4_twin_shock_cex_intervention,indonesia,USDC
688,0.7692189805772821,1660568.635875246,237,S4_twin_shock_cex_intervention,indonesia,USDC
689,0.7677284664397438,1619054.4199783648,237,S4_twin_shock_cex_intervention,indonesia,USDC
690,0.7665534954354135,1578578.0594789055,237,S4_twin_shock_cex_intervention,indonesia,USDC
691,0.7690700280121366,1539113.607991933,237,S4_twin_shock_cex_intervention,indonesia,USDC
692,0.7983157693328358,1500635.7677921348,237,S4_twin_shock_cex_intervention,indonesia,USDC
693,0.8132151128274198,1463119.8735973313,237,S4_twin_shock_cex_intervention,indonesia,USDC
694,0.811072974604739,1426541.876757398,237,S4_twin_shock_cex_intervention,indonesia,USDC
695,0.7938201897739148,1390878.329838463,237,S4_twin_shock_cex_intervention,indonesia,USDC
696,0.8163823252365757,1356106.3715925014,237,S4_twin_shock_cex_intervention,indonesia,USDC
697,0.7773403008841593,1322203.712302689,237,S4_twin_shock_cex_intervention,indonesia,USDC
698,0.7526864239513532,1289148.6194951218,237,S4_twin_shock_cex_intervention,indonesia,USDC
699,0.7633116940620182,1256919.9040077436,237,S4_twin_shock_cex_intervention,indonesia,USDC
700,0.7852685555356701,1225496.90640755,237,S4_twin_shock_cex_intervention,indonesia,USDC
701,0.773207578404902,1194859.4837473615,237,S4_twin_shock_cex_intervention,indonesia,USDC
702,0.7682467625233965,1164987.9966536774,237,S4_twin_shock_cex_intervention,indonesia,USDC
703,0.7733382503857079,1135863.2967373354,237,S4_twin_shock_cex_intervention,indonesia,USDC
704,0.7801547941143373,1107466.714318902,237,S4_twin_shock_cex_intervention,indonesia,USDC
705,0.7812120129402025,1079780.0464609296,237,S4_twin_shock_cex_intervention,indonesia,USDC
706,0.7527369871997338,1052785.5452994062,237,S4_twin_shock_cex_intervention,indonesia,USDC
707,0.7858783662810298,1026465.9066669211,237,S4_twin_shock_cex_intervention,indonesia,USDC
708,0.7812109748534738,1000804.259000248,237,S4_twin_shock_cex_intervention,indonesia,USDC
709,0.7924916927600621,975784.152525242,237,S4_twin_shock_cex_intervention,indonesia,USDC
710,0.8248252786158867,951389.5487121108,237,S4_twin_shock_cex_intervention,indonesia,USDC
711,0.8429314234485882,927604.809994308,237,S4_twin_shock_cex_intervention,indonesia,USDC
712,0.8270119183442123,904414.6897444504,237,S4_twin_shock_cex_intervention,indonesia,USDC
713,0.8353401934156616,881804.3225008391,237,S4_twin_shock_cex_intervention,indonesia,USDC
714,0.8486112026104164,859759.2144383183,237,S4_twin_shock_cex_intervention,indonesia,USDC
715,0.8703342042098613,838265.2340773602,237,S4_twin_shock_cex_intervention,indonesia,USDC
716,0.8875471921142374,817308.6032254263,237,S4_twin_shock_cex_intervention,indonesia,USDC
717,0.8805425184727763,796875.8881447907,237,S4_twin_shock_cex_intervention,indonesia,USDC
718,0.8819701165133854,776953.9909411708,237,S4_twin_shock_cex_intervention,indonesia,USDC
719,0.9122706529836524,757530.1411676416,237,S4_twin_shock_cex_intervention,indonesia,USDC
720,0.8870413464508777,738591.8876384506,237,S4_twin_shock_cex_intervention,indonesia,USDC
721,0.9078617521254377,720127.0904474893,237,S4_twin_shock_cex_intervention,indonesia,USDC
722,0.8733044567045947,702123.9131863021,237,S4_twin_shock_cex_intervention,indonesia,USDC
723,0.8826951787957762,684570.8153566445,237,S4_twin_shock_cex_intervention,indonesia,USDC
724,0.858452574125854,667456.5449727284,237,S4_twin_shock_cex_intervention,indonesia,USDC
725,0.8544209180775855,650770.1313484102,237,S4_twin_shock_cex_intervention,indonesia,USDC
726,0.8355204931171203,634500.8780646999,237,S4_twin_shock_cex_intervention,indonesia,USDC
727,0.7126497708036582,618638.3561130824,237,S4_twin_shock_cex_intervention,indonesia,USDC
728,0.733521915754289,603172.3972102554,237,S4_twin_shock_cex_intervention,indonesia,USDC
729,0.7309551721786111,588093.0872799989,237,S4_twin_shock_cex_intervention,indonesia,USDC
730,0.7446460325474998,573390.760097999,237,S4_twin_shock_cex_intervention,indonesia,USDC
731,0.75571165182388,559055.991095549,237,S4_twin_shock_cex_intervention,indonesia,USDC
732,0.7726762050070952,545079.5913181603,237,S4_twin_shock_cex_intervention,indonesia,USDC
733,0.7393184798516634,531452.6015352062,237,S4_twin_shock_cex_intervention,indonesia,USDC
734,0.7207876480000817,518166.2864968261,237,S4_twin_shock_cex_intervention,indonesia,USDC
735,0.7262413594101241,505212.1293344055,237,S4_twin_shock_cex_intervention,indonesia,USDC
736,0.7360481300363495,492581.8261010453,237,S4_twin_shock_cex_intervention,indonesia,USDC
737,0.7401288228098273,480267.28044851916,237,S4_twin_shock_cex_intervention,indonesia,USDC
738,0.7317283847592614,468260.59843730624,237,S4_twin_shock_cex_intervention,indonesia,USDC
739,0.7166704470554981,456554.0834763735,237,S4_twin_shock_cex_intervention,indonesia,USDC
740,0.7110224930779402,445140.23138946417,237,S4_twin_shock_cex_intervention,indonesia,USDC
741,0.7381300695421348,434011.72560472763,237,S4_twin_shock_cex_intervention,indonesia,USDC
742,0.7460006509651484,423161.4324646094,237,S4_twin_shock_cex_intervention,indonesia,USDC
743,0.7649632970710151,412582.39665299415,237,S4_twin_shock_cex_intervention,indonesia,USDC
744,0.7865557813095954,402267.8367366693,237,S4_twin_shock_cex_intervention,indonesia,USDC
745,0.7685494550968114,392211.1408182526,237,S4_twin_shock_cex_intervention,indonesia,USDC
746,0.7891613989723235,382405.86229779624,237,S4_twin_shock_cex_intervention,indonesia,USDC
747,0.8001776872430335,372845.71574035136,237,S4_twin_shock_cex_intervention,indonesia,USDC
748,0.7948714726665084,363524.5728468426,237,S4_twin_shock_cex_intervention,indonesia,USDC
749,0.7833235027476939,354436.4585256715,237,S4_twin_shock_cex_intervention,indonesia,USDC
750,0.7801265950930336,345575.5470625297,237,S4_twin_shock_cex_intervention,indonesia,USDC
751,0.7844005461467781,336936.1583859665,237,S4_twin_shock_cex_intervention,indonesia,USDC
752,0.7862803330005633,328512.7544263173,237,S4_twin_shock_cex_intervention,indonesia,USDC
753,0.7761948971951791,320299.93556565937,237,S4_twin_shock_cex_intervention,indonesia,USDC
754,0.7629956168235755,312292.43717651785,237,S4_twin_shock_cex_intervention,indonesia,USDC
755,0.7621948802747933,304485.1262471049,237,S4_twin_shock_cex_intervention,indonesia,USDC
756,0.7789290466709372,296872.9980909273,237,S4_twin_shock_cex_intervention,indonesia,USDC
757,0.7623923360133325,289451.1731386541,237,S4_twin_shock_cex_intervention,indonesia,USDC
758,0.7532554844281054,282214.89381018776,237,S4_twin_shock_cex_intervention,indonesia,USDC
759,0.7485150914167819,275159.52146493306,237,S4_twin_shock_cex_intervention,indonesia,USDC
760,0.7476328001171039,268280.5334283097,237,S4_twin_shock_cex_intervention,indonesia,USDC
761,0.7625635757400525,261573.520092602,237,S4_twin_shock_cex_intervention,indonesia,USDC
762,0.7728820629824104,255034.18209028698,237,S4_twin_shock_cex_intervention,indonesia,USDC
763,0.7630468562813105,248658.3275380298,237,S4_twin_shock_cex_intervention,indonesia,USDC
764,0.7728488814237602,242441.86934957904,237,S4_twin_shock_cex_intervention,indonesia,USDC
765,0.7895748854382202,236380.82261583954,237,S4_twin_shock_cex_intervention,indonesia,USDC
766,0.7899198961051077,230471.30205044354,237,S4_twin_shock_cex_intervention,indonesia,USDC
767,0.7925799418125453,224709.51949918247,237,S4_twin_shock_cex_intervention,indonesia,USDC
768,0.7803652618472723,219091.78151170292,237,S4_twin_shock_cex_intervention,indonesia,USDC
769,0.773994483337646,213614.48697391036,237,S4_twin_shock_cex_intervention,indonesia,USDC
770,0.7671650549426527,208274.12479956256,237,S4_twin_shock_cex_intervention,indonesia,USDC
771,0.755355183924074,203067.27167957352,237,S4_twin_shock_cex_intervention,indonesia,USDC
772,0.7746545125098008,197990.58988758415,237,S4_twin_shock_cex_intervention,indonesia,USDC
773,0.7824247533254854,193040.82514039456,237,S4_twin_shock_cex_intervention,indonesia,USDC
774,0.8163011751496716,188214.8045118847,237,S4_twin_shock_cex_intervention,indonesia,USDC
775,0.82300822495847,183509.4343990876,237,S4_twin_shock_cex_intervention,indonesia,USDC
776,0.8191710773044687,178921.69853911042,237,S4_twin_shock_cex_intervention,indonesia,USDC
777,0.8456651242607709,174448.65607563264,237,S4_twin_shock_cex_intervention,indonesia,USDC
778,0.8308301071841437,170087.4396737418,237,S4_twin_shock_cex_intervention,indonesia,USDC
779,0.8333069214753178,165835.2536818983,237,S4_twin_shock_cex_intervention,indonesia,USDC
780,0.8330614091253766,161689.37233985082,237,S4_twin_shock_cex_intervention,indonesia,USDC
781,0.8352413519340778,157647.13803135458,237,S4_twin_shock_cex_intervention,indonesia,USDC
782,0.8314321440668153,153705.9595805707,237,S4_twin_shock_cex_intervention,indonesia,USDC
783,0.8144817050232097,149863.31059105642,237,S4_twin_shock_cex_intervention,indonesia,USDC
784,0.8080499289641981,146116.72782628,237,S4_twin_shock_cex_intervention,indonesia,USDC
785,0.7997186864902179,142463.80963062303,237,S4_twin_shock_cex_intervention,indonesia,USDC
786,0.793954144696049,138902.21438985743,237,S4_twin_shock_cex_intervention,indonesia,USDC
787,0.7842078382130043,135429.659030111,237,S4_twin_shock_cex_intervention,indonesia,USDC
788,0.7983780687906169,132043.91755435825,237,S4_twin_shock_cex_intervention,indonesia,USDC
789,0.8240838268162287,128742.81961549928,237,S4_twin_shock_cex_intervention,indonesia,USDC
790,0.8193074416682122,125524.24912511179,237,S4_twin_shock_cex_intervention,indonesia,USDC
791,0.838897328682555,122386.142896984,237,S4_twin_shock_cex_intervention,indonesia,USDC
792,0.8496894220280631,119326.4893245594,237,S4_twin_shock_cex_intervention,indonesia,USDC
793,0.8457199860032111,116343.32709144542,237,S4_twin_shock_cex_intervention,indonesia,USDC
794,0.8649921313250882,113434.74391415928,237,S4_twin_shock_cex_intervention,indonesia,USDC
795,0.8580805802053788,110598.87531630529,237,S4_twin_shock_cex_intervention,indonesia,USDC
796,0.8450432749192237,107833.90343339767,237,S4_twin_shock_cex_intervention,indonesia,USDC
797,0.8225360586058694,105138.05584756272,237,S4_twin_shock_cex_intervention,indonesia,USDC
798,0.8221439807538722,102509.60445137364,237,S4_twin_shock_cex_intervention,indonesia,USDC
799,0.8051870919757795,99946.8643400893,237,S4_twin_shock_cex_intervention,indonesia,USDC
800,0.8063328108960088,97448.19273158707,237,S4_twin_shock_cex_intervention,indonesia,USDC
801,0.7923219598059781,95011.9879132974,237,S4_twin_shock_cex_intervention,indonesia,USDC
802,0.7946579547100804,92636.68821546496,237,S4_twin_shock_cex_intervention,indonesia,USDC
803,0.7709443800001552,90320.77101007833,237,S4_twin_shock_cex_intervention,indonesia,USDC
804,0.7626027627302412,88062.75173482636,237,S4_twin_shock_cex_intervention,indonesia,USDC
805,0.7606623504412314,85861.18294145571,237,S4_twin_shock_cex_intervention,indonesia,USDC
806,0.7587111350941722,83714.65336791932,237,S4_twin_shock_cex_intervention,indonesia,USDC
807,0.7790664626336766,81621.78703372134,237,S4_twin_shock_cex_intervention,indonesia,USDC
808,0.767652681241733,79581.2423578783,237,S4_twin_shock_cex_intervention,indonesia,USDC
809,0.7721394725166049,77591.71129893133,237,S4_twin_shock_cex_intervention,indonesia,USDC
810,0.6668027632407003,75651.91851645806,237,S4_twin_shock_cex_intervention,indonesia,USDC
811,0.7052381642037436,73760.6205535466,237,S4_twin_shock_cex_intervention,indonesia,USDC
812,0.7325239628553812,71916.60503970794,237,S4_twin_shock_cex_intervention,indonesia,USDC
813,0.7487614412278928,70118.68991371524,237,S4_twin_shock_cex_intervention,indonesia,USDC
814,0.7631431548934279,68365.72266587235,237,S4_twin_shock_cex_intervention,indonesia,USDC
815,0.769173844253744,66656.57959922554,237,S4_twin_shock_cex_intervention,indonesia,USDC
816,0.7074421214800075,64990.16510924492,237,S4_twin_shock_cex_intervention,indonesia,USDC
817,0.6941351879443677,63365.410981513785,237,S4_twin_shock_cex_intervention,indonesia,USDC
818,0.7265357853853917,61781.27570697595,237,S4_twin_shock_cex_intervention,indonesia,USDC
819,0.7248049234416468,60236.743814301546,237,S4_twin_shock_cex_intervention,indonesia,USDC
820,0.7452484033647939,58730.82521894401,237,S4_twin_shock_cex_intervention,indonesia,USDC
821,0.7432664229028161,57262.554588470404,237,S4_twin_shock_cex_intervention,indonesia,USDC
822,0.73776440706543,55830.99072375865,237,S4_twin_shock_cex_intervention,indonesia,USDC
823,0.734246869952208,54435.21595566468,237,S4_twin_shock_cex_intervention,indonesia,USDC
824,0.7521897430280639,53074.33555677306,237,S4_twin_shock_cex_intervention,indonesia,USDC
825,0.7336578438522816,51747.477167853736,237,S4_twin_shock_cex_intervention,indonesia,USDC
826,0.7238458175009906,50453.790238657384,237,S4_twin_shock_cex_intervention,indonesia,USDC
827,0.7467226758206342,49192.44548269096,237,S4_twin_shock_cex_intervention,indonesia,USDC
828,0.749938095807432,47962.63434562369,237,S4_twin_shock_cex_intervention,indonesia,USDC
829,0.750944264444585,46763.56848698309,237,S4_twin_shock_cex_intervention,indonesia,USDC
830,0.7839309446294263,45594.47927480852,237,S4_twin_shock_cex_intervention,indonesia,USDC
831,0.7760293770572187,44454.6172929383,237,S4_twin_shock_cex_intervention,indonesia,USDC
832,0.7721093627418918,43343.251860614844,237,S4_twin_shock_cex_intervention,indonesia,USDC
833,0.7594764424251873,42259.67056409947,237,S4_twin_shock_cex_intervention,indonesia,USDC
834,0.7870109928098687,41203.17879999699,237,S4_twin_shock_cex_intervention,indonesia,USDC
835,0.7707462722998177,40173.099329997065,237,S4_twin_shock_cex_intervention,indonesia,USDC
836,0.8252714544041561,39168.771846747135,237,S4_twin_shock_cex_intervention,indonesia,USDC
837,0.8272868016403297,38189.55255057846,237,S4_twin_shock_cex_intervention,indonesia,USDC
838,0.8316876181304131,37234.813736813994,237,S4_twin_shock_cex_intervention,indonesia,USDC
839,0.8359776853977726,36303.943393393645,237,S4_twin_shock_cex_intervention,indonesia,USDC
840,0.8467743099965255,35396.3448085588,237,S4_twin_shock_cex_intervention,indonesia,USDC
841,0.8527483316904009,34511.43618834483,237,S4_twin_shock_cex_intervention,indonesia,USDC
842,0.8572023518106481,33648.65028363621,237,S4_twin_shock_cex_intervention,indonesia,USDC
843,0.8345281427962872,32807.43402654531,237,S4_twin_shock_cex_intervention,indonesia,USDC
844,0.8542063082823353,31987.248175881672,237,S4_twin_shock_cex_intervention,indonesia,USDC
845,0.8570125948663182,31187.56697148463,237,S4_twin_shock_cex_intervention,indonesia,USDC
846,0.8434745179961034,30407.877797197514,237,S4_twin_shock_cex_intervention,indonesia,USDC
847,0.8363156464081268,29647.68085226758,237,S4_twin_shock_cex_intervention,indonesia,USDC
848,0.8394150841922722,28906.488830960887,237,S4_twin_shock_cex_intervention,indonesia,USDC
849,0.8436032924518938,28183.826610186865,237,S4_twin_shock_cex_intervention,indonesia,USDC
850,0.8255570508392419,27479.230944932195,237,S4_twin_shock_cex_intervention,indonesia,USDC
851,0.8045554192014855,26792.250171308886,237,S4_twin_shock_cex_intervention,indonesia,USDC
852,0.8016732347854598,26122.44391702616,237,S4_twin_shock_cex_intervention,indonesia,USDC
853,0.8027860535556103,25469.38281910051,237,S4_twin_shock_cex_intervention,indonesia,USDC
854,0.7745891861179807,24832.648248623,237,S4_twin_shock_cex_intervention,indonesia,USDC
855,0.774004267680635,24211.832042407426,237,S4_twin_shock_cex_intervention,indonesia,USDC
856,0.7596964833406712,23606.53624134724,237,S4_twin_shock_cex_intervention,indonesia,USDC
857,0.7593420528442091,23016.37283531356,237,S4_twin_shock_cex_intervention,indonesia,USDC
858,0.6642791446180816,22440.96351443072,237,S4_twin_shock_cex_intervention,indonesia,USDC
859,0.6725932294360845,21879.939426569952,237,S4_twin_shock_cex_intervention,indonesia,USDC
860,0.7049666852043437,21332.940940905704,237,S4_twin_shock_cex_intervention,indonesia,USDC
861,0.6995264970427639,20799.61741738306,237,S4_twin_shock_cex_intervention,indonesia,USDC
862,0.7354063559061624,20279.626981948484,237,S4_twin_shock_cex_intervention,indonesia,USDC
863,0.7277956037744191,19772.63630739977,237,S4_twin_shock_cex_intervention,indonesia,USDC
864,0.7526807310561433,19278.320399714776,237,S4_twin_shock_cex_intervention,indonesia,USDC
865,0.7646344040726251,18796.362389721908,237,S4_twin_shock_cex_intervention,indonesia,USDC
866,0.763842463560287,18326.45332997886,237,S4_twin_shock_cex_intervention,indonesia,USDC
867,0.7969817541012307,17868.29199672939,237,S4_twin_shock_cex_intervention,indonesia,USDC
868,0.7992428215658154,17421.584696811155,237,S4_twin_shock_cex_intervention,indonesia,USDC
869,0.8158429958376483,16986.045079390875,237,S4_twin_shock_cex_intervention,indonesia,USDC
870,0.7816606343708298,16561.393952406102,237,S4_twin_shock_cex_intervention,indonesia,USDC
871,0.790101055545633,16147.35910359595,237,S4_twin_shock_cex_intervention,indonesia,USDC
872,0.7831533584845379,15743.675126006048,237,S4_twin_shock_cex_intervention,indonesia,USDC
873,0.8085765303603824,15350.083247855899,237,S4_twin_shock_cex_intervention,indonesia,USDC
874,0.8076714155889678,14966.3311666595,237,S4_twin_shock_cex_intervention,indonesia,USDC
875,0.8070556490787951,14592.172887493014,237,S4_twin_shock_cex_intervention,indonesia,USDC
876,0.8069914076323933,14227.368565305687,237,S4_twin_shock_cex_intervention,indonesia,USDC
877,0.7922073825860804,13871.684351173046,237,S4_twin_shock_cex_intervention,indonesia,USDC
878,0.8007940208584373,13524.892242393718,237,S4_twin_shock_cex_intervention,indonesia,USDC
879,0.7862193371100005,13186.769936333876,237,S4_twin_shock_cex_intervention,indonesia,USDC
880,0.7959127881358082,12857.10068792553,237,S4_twin_shock_cex_intervention,indonesia,USDC
881,0.7834031684824012,12535.67317072739,237,S4_twin_shock_cex_intervention,indonesia,USDC
882,0.775603501051713,12222.281341459206,237,S4_twin_shock_cex_intervention,indonesia,USDC
883,0.7958765825698098,11916.724307922725,237,S4_twin_shock_cex_intervention,indonesia,USDC
884,0.7758606564889661,11618.806200224657,237,S4_twin_shock_cex_intervention,indonesia,USDC
885,0.7973968302099403,11328.336045219039,237,S4_twin_shock_cex_intervention,indonesia,USDC
886,0.7934933760905134,11045.127644088563,237,S4_twin_shock_cex_intervention,indonesia,USDC
887,0.776407391983722,10768.99945298635,237,S4_twin_shock_cex_intervention,indonesia,USDC
888,0.7841474142663796,10499.77446666169,237,S4_twin_shock_cex_intervention,indonesia,USDC
889,0.7786755341272544,10237.280104995149,237,S4_twin_shock_cex_intervention,indonesia,USDC
890,0.7234878592292651,9981.34810237027,237,S4_twin_shock_cex_intervention,indonesia,USDC
891,0.7260943728461885,9731.814399811014,237,S4_twin_shock_cex_intervention,indonesia,USDC
892,0.7458811931188853,9488.519039815737,237,S4_twin_shock_cex_intervention,indonesia,USDC
893,0.7453037939938684,9251.306063820344,237,S4_twin_shock_cex_intervention,indonesia,USDC
894,0.7324340451970645,9020.023412224837,237,S4_twin_shock_cex_intervention,indonesia,USDC
895,0.7314145138129499,8794.522826919216,237,S4_twin_shock_cex_intervention,indonesia,USDC
896,0.7262838137060683,8574.659756246234,237,S4_twin_shock_cex_intervention,indonesia,USDC
897,0.7431026730025079,8360.293262340077,237,S4_twin_shock_cex_intervention,indonesia,USDC
898,0.7343667916308138,8151.285930781576,237,S4_twin_shock_cex_intervention,indonesia,USDC
899,0.7313415016195551,7947.503782512036,237,S4_twin_shock_cex_intervention,indonesia,USDC
900,0.7561526635320106,7748.816187949236,237,S4_twin_shock_cex_intervention,indonesia,USDC
901,0.766906883222738,7555.0957832505055,237,S4_twin_shock_cex_intervention,indonesia,USDC
902,0.7699715242947286,7366.218388669243,237,S4_twin_shock_cex_intervention,indonesia,USDC
903,0.7542389120710082,7182.062928952511,237,S4_twin_shock_cex_intervention,indonesia,USDC
904,0.7770661556322588,7002.511355728699,237,S4_twin_shock_cex_intervention,indonesia,USDC
905,0.7648027337855011,6827.448571835482,237,S4_twin_shock_cex_intervention,indonesia,USDC
906,0.7693728493514291,6656.762357539594,237,S4_twin_shock_cex_intervention,indonesia,USDC
907,0.7760466205606978,6490.343298601105,237,S4_twin_shock_cex_intervention,indonesia,USDC
908,0.7514521045469484,6328.084716136078,237,S4_twin_shock_cex_intervention,indonesia,USDC
909,0.7582598899515792,6169.882598232676,237,S4_twin_shock_cex_intervention,indonesia,USDC
910,0.7730592178146055,6015.635533276858,237,S4_twin_shock_cex_intervention,indonesia,USDC
911,0.782707895381775,5865.244644944937,237,S4_twin_shock_cex_intervention,indonesia,USDC
912,0.7982124915178084,5718.613528821314,237,S4_twin_shock_cex_intervention,indonesia,USDC
913,0.7719950231803264,5575.648190600781,237,S4_twin_shock_cex_intervention,indonesia,USDC
914,0.7963468157065959,5436.256985835761,237,S4_twin_shock_cex_intervention,indonesia,USDC
915,0.7901695861650536,5300.350561189867,237,S4_twin_shock_cex_intervention,indonesia,USDC
916,0.7766477560330972,5167.841797160121,237,S4_twin_shock_cex_intervention,indonesia,USDC
917,0.7865358695538079,5038.6457522311175,237,S4_twin_shock_cex_intervention,indonesia,USDC
918,0.7878222612932951,4912.679608425339,237,S4_twin_shock_cex_intervention,indonesia,USDC
919,0.80521827605933,4789.862618214706,237,S4_twin_shock_cex_intervention,indonesia,USDC
920,0.8096326422586217,4670.116052759338,237,S4_twin_shock_cex_intervention,indonesia,USDC
921,0.7993481180622546,4553.363151440355,237,S4_twin_shock_cex_intervention,indonesia,USDC
922,0.8031782328362377,4439.529072654346,237,S4_twin_shock_cex_intervention,indonesia,USDC
923,0.779460971884448,4328.540845837987,237,S4_twin_shock_cex_intervention,indonesia,USDC
924,0.7865858210338375,4220.327324692037,237,S4_twin_shock_cex_intervention,indonesia,USDC
925,0.7867060140375045,4114.819141574737,237,S4_twin_shock_cex_intervention,indonesia,USDC
926,0.7766102776752956,4011.9486630353686,237,S4_twin_shock_cex_intervention,indonesia,USDC
927,0.7873251872435547,3911.649946459484,237,S4_twin_shock_cex_intervention,indonesia,USDC
928,0.8034984200609017,3813.8586977979967,237,S4_twin_shock_cex_intervention,indonesia,USDC
929,0.7935278626641714,3718.512230353047,237,S4_twin_shock_cex_intervention,indonesia,USDC
930,0.8112406757613434,3625.549424594221,237,S4_twin_shock_cex_intervention,indonesia,USDC
931,0.8008942786489112,3534.910688979365,237,S4_twin_shock_cex_intervention,indonesia,USDC
932,0.8099229192610509,3446.5379217548816,237,S4_twin_shock_cex_intervention,indonesia,USDC
933,0.7970717212636005,3360.3744737110096,237,S4_twin_shock_cex_intervention,indonesia,USDC
934,0.7656171450223254,3276.3651118682337,237,S4_twin_shock_cex_intervention,indonesia,USDC
935,0.7660346498144677,3194.455984071528,237,S4_twin_shock_cex_intervention,indonesia,USDC
936,0.7558272928070388,3114.59458446974,237,S4_twin_shock_cex_intervention,indonesia,USDC
937,0.747375424683855,3036.7297198579963,237,S4_twin_shock_cex_intervention,indonesia,USDC
938,0.7280164655615302,2960.8114768615465,237,S4_twin_shock_cex_intervention,indonesia,USDC
939,0.737857140411775,2886.791189940008,237,S4_twin_shock_cex_intervention,indonesia,USDC
940,0.7640705254066308,2814.621410191508,237,S4_twin_shock_cex_intervention,indonesia,USDC
941,0.7746370404875297,2744.25587493672,237,S4_twin_shock_cex_intervention,indonesia,USDC
942,0.7880945208272637,2675.649478063302,237,S4_twin_shock_cex_intervention,indonesia,USDC
943,0.7874070887365833,2608.7582411117196,237,S4_twin_shock_cex_intervention,indonesia,USDC
944,0.790688042285813,2543.5392850839266,237,S4_twin_shock_cex_intervention,indonesia,USDC
945,0.798614411367613,2479.9508029568283,237,S4_twin_shock_cex_intervention,indonesia,USDC
946,0.7839116703122192,2417.9520328829076,237,S4_twin_shock_cex_intervention,indonesia,USDC
947,0.7901116617720285,2357.5032320608348,237,S4_twin_shock_cex_intervention,indonesia,USDC
948,0.7983943953097943,2298.565651259314,237,S4_twin_shock_cex_intervention,indonesia,USDC
949,0.8193836897159998,2241.101509977831,237,S4_twin_shock_cex_intervention,indonesia,USDC
950,0.8365520792158392,2185.073972228385,237,S4_twin_shock_cex_intervention,indonesia,USDC
951,0.8491103687928654,2130.447122922675,237,S4_twin_shock_cex_intervention,indonesia,USDC
952,0.8134930986442142,2077.1859448496084,237,S4_twin_shock_cex_intervention,indonesia,USDC
953,0.816542678406129,2025.2562962283682,237,S4_twin_shock_cex_intervention,indonesia,USDC
954,0.8086086099165467,1974.624888822659,237,S4_twin_shock_cex_intervention,indonesia,USDC
955,0.802625795802468,1925.2592666020928,237,S4_twin_shock_cex_intervention,indonesia,USDC
956,0.8035437763709301,1877.1277849370404,237,S4_twin_shock_cex_intervention,indonesia,USDC
957,0.7757114789567934,1830.1995903136144,237,S4_twin_shock_cex_intervention,indonesia,USDC
958,0.7489129033860248,1784.4446005557738,237,S4_twin_shock_cex_intervention,indonesia,USDC
959,0.7546505369416457,1739.8334855418796,237,S4_twin_shock_cex_intervention,indonesia,USDC
960,0.770944764811311,1696.3376484033324,237,S4_twin_shock_cex_intervention,indonesia,USDC
961,0.7516624567627075,1653.929207193249,237,S4_twin_shock_cex_intervention,indonesia,USDC
962,0.7534195354520933,1612.5809770134179,237,S4_twin_shock_cex_intervention,indonesia,USDC
963,0.7644180755264091,1572.2664525880828,237,S4_twin_shock_cex_intervention,indonesia,USDC
964,0.780232164609367,1532.9597912733805,237,S4_twin_shock_cex_intervention,indonesia,USDC
965,0.7823148596555185,1494.635796491546,237,S4_twin_shock_cex_intervention,indonesia,USDC
966,0.7949892184170265,1457.2699015792573,237,S4_twin_shock_cex_intervention,indonesia,USDC
967,0.7854052215153361,1420.8381540397759,237,S4_twin_shock_cex_intervention,indonesia,USDC
968,0.78902790331383,1385.3172001887815,237,S4_twin_shock_cex_intervention,indonesia,USDC
969,0.790809651263966,1350.684270184062,237,S4_twin_shock_cex_intervention,indonesia,USDC
970,0.7712318543151628,1316.9171634294603,237,S4_twin_shock_cex_intervention,indonesia,USDC
971,0.7819980985951852,1283.9942343437237,237,S4_twin_shock_cex_intervention,indonesia,USDC
972,0.7988016624394821,1251.8943784851306,237,S4_twin_shock_cex_intervention,indonesia,USDC
973,0.7900986382793949,1220.5970190230023,237,S4_twin_shock_cex_intervention,indonesia,USDC
974,0.8074754414603212,1190.0820935474273,237,S4_twin_shock_cex_intervention,indonesia,USDC
975,0.8034426602456709,1160.3300412087417,237,S4_twin_shock_cex_intervention,indonesia,USDC
976,0.7976212659273977,1131.321790178523,237,S4_twin_shock_cex_intervention,indonesia,USDC
977,0.7951019699054629,1103.0387454240602,237,S4_twin_shock_cex_intervention,indonesia,USDC
978,0.7955210218554793,1075.4627767884585,237,S4_twin_shock_cex_intervention,indonesia,USDC
979,0.732303544582075,1048.5762073687472,237,S4_twin_shock_cex_intervention,indonesia,USDC
980,0.7184866726825699,1022.3618021845284,237,S4_twin_shock_cex_intervention,indonesia,USDC
981,0.7312792356310611,996.8027571299153,237,S4_twin_shock_cex_intervention,indonesia,USDC
982,0.7341871709580222,971.8826882016674,237,S4_twin_shock_cex_intervention,indonesia,USDC
983,0.734901309188209,947.5856209966257,237,S4_twin_shock_cex_intervention,indonesia,USDC
984,0.7379555724557237,923.89598047171,237,S4_twin_shock_cex_intervention,indonesia,USDC
985,0.7246833355210521,900.7985809599172,237,S4_twin_shock_cex_intervention,indonesia,USDC
986,0.7525740163289752,878.2786164359194,237,S4_twin_shock_cex_intervention,indonesia,USDC
987,0.7487976871669053,856.3216510250213,237,S4_twin_shock_cex_intervention,indonesia,USDC
988,0.7341740481121011,834.9136097493958,237,S4_twin_shock_cex_intervention,indonesia,USDC
989,0.7342910915264206,814.0407695056609,237,S4_twin_shock_cex_intervention,indonesia,USDC
990,0.72158186158247,793.6897502680195,237,S4_twin_shock_cex_intervention,indonesia,USDC
991,0.708086456271809,773.8475065113189,237,S4_twin_shock_cex_intervention,indonesia,USDC
992,0.7349633281100841,754.5013188485359,237,S4_twin_shock_cex_intervention,indonesia,USDC
993,0.74990597148961,735.6387858773226,237,S4_twin_shock_cex_intervention,indonesia,USDC
994,0.7660905224687398,717.2478162303895,237,S4_twin_shock_cex_intervention,indonesia,USDC
995,0.7860147798736628,699.3166208246298,237,S4_twin_shock_cex_intervention,indonesia,USDC
996,0.769231999536302,681.833705304014,237,S4_twin_shock_cex_intervention,indonesia,USDC
997,0.764019338344889,664.7878626714137,237,S4_twin_shock_cex_intervention,indonesia,USDC
998,0.7692658973150837,648.1681661046283,237,S4_twin_shock_cex_intervention,indonesia,USDC
999,0.7526363224484076,631.9639619520126,237,S4_twin_shock_cex_intervention,indonesia,USDC
1000,0.7542021495160486,616.1648629032123,237,S4_twin_shock_cex_intervention,indonesia,USDC
