Step,price,liquidity,iteration,scenario,region,coin
1,250001.02684320358,2989280789163.9375,110,S4_twin_shock_cex_intervention,indonesia,USDC
2,187502.0,2989290164163.9375,110,S4_twin_shock_cex_intervention,indonesia,USDC
3,140627.0,2989297195413.9375,110,S4_twin_shock_cex_intervention,indonesia,USDC
4,105470.75,2989302468851.4375,110,S4_twin_shock_cex_intervention,indonesia,USDC
5,79103.5625,2989306423929.5625,110,S4_twin_shock_cex_intervention,indonesia,USDC
6,59328.171875,2989309390238.1562,110,S4_twin_shock_cex_intervention,indonesia,USDC
7,44496.62890625,2989311614969.6016,110,S4_twin_shock_cex_intervention,indonesia,USDC
8,33372.9716796875,2989313283518.1855,110,S4_twin_shock_cex_intervention,indonesia,USDC
9,25030.228759765625,2989314534929.624,110,S4_twin_shock_cex_intervention,indonesia,USDC
10,18773.17156982422,2989315473488.202,110,S4_twin_shock_cex_intervention,indonesia,USDC
11,14080.378677368164,2989316177407.136,110,S4_twin_shock_cex_intervention,indonesia,USDC
12,10560.784008026123,2989316705346.337,110,S4_twin_shock_cex_intervention,indonesia,USDC
13,7921.088006019592,2989317101300.737,110,S4_twin_shock_cex_intervention,indonesia,USDC
14,5941.316004514694,2989317398266.537,110,S4_twin_shock_cex_intervention,indonesia,USDC
15,4456.487003386021,2989317620990.8877,110,S4_twin_shock_cex_intervention,indonesia,USDC
16,3342.8652525395155,2989317788034.15,110,S4_twin_shock_cex_intervention,indonesia,USDC
17,2507.6489394046366,2989317913316.597,110,S4_twin_shock_cex_intervention,indonesia,USDC
18,1881.2367045534775,2989318007278.432,110,S4_twin_shock_cex_intervention,indonesia,USDC
19,1411.427528415108,2989318077749.8086,110,S4_twin_shock_cex_intervention,indonesia,USDC
20,1059.070646311331,2989318130603.341,110,S4_twin_shock_cex_intervention,indonesia,USDC
21,794.8029847334983,2989318170243.49,110,S4_twin_shock_cex_intervention,indonesia,USDC
22,596.6022385501237,2989318199973.6025,110,S4_twin_shock_cex_intervention,indonesia,USDC
23,447.9516789125928,2989318222271.186,110,S4_twin_shock_cex_intervention,indonesia,USDC
24,336.4637591844446,2989318238994.374,110,S4_twin_shock_cex_intervention,indonesia,USDC
25,252.84781938833345,2989318251536.765,110,S4_twin_shock_cex_intervention,indonesia,USDC
26,190.1358645412501,2989318260943.5586,110,S4_twin_shock_cex_intervention,indonesia,USDC
27,143.1018984059376,2989318267998.6533,110,S4_twin_shock_cex_intervention,indonesia,USDC
28,107.82642380445319,2989318273289.9746,110,S4_twin_shock_cex_intervention,indonesia,USDC
29,81.3698178533399,2989318277258.466,110,S4_twin_shock_cex_intervention,indonesia,USDC
30,61.52736339000492,2989318280234.8335,110,S4_twin_shock_cex_intervention,indonesia,USDC
31,46.6455225425037,2989318282467.11,110,S4_twin_shock_cex_intervention,indonesia,USDC
32,35.484141906877774,2989318284141.317,110,S4_twin_shock_cex_intervention,indonesia,USDC
33,27.11310643015833,2989318285396.972,110,S4_twin_shock_cex_intervention,indonesia,USDC
34,20.834829822618744,2989318286338.714,110,S4_twin_shock_cex_intervention,indonesia,USDC
35,16.12612236696406,2989318287045.02,110,S4_twin_shock_cex_intervention,indonesia,USDC
36,12.594591775223044,2989318287574.7495,110,S4_twin_shock_cex_intervention,indonesia,USDC
37,9.945943831417281,2989318287972.047,110,S4_twin_shock_cex_intervention,indonesia,USDC
38,7.959457873562963,2989318288270.0195,110,S4_twin_shock_cex_intervention,indonesia,USDC
39,6.469593405172222,2989318288493.499,110,S4_twin_shock_cex_intervention,indonesia,USDC
40,5.352195053879166,2989318288661.109,110,S4_twin_shock_cex_intervention,indonesia,USDC
41,4.514146290409375,2989318288786.8164,110,S4_twin_shock_cex_intervention,indonesia,USDC
42,3.8856097178070312,2989318288881.0967,110,S4_twin_shock_cex_intervention,indonesia,USDC
43,3.414207288355273,2989318288951.807,110,S4_twin_shock_cex_intervention,indonesia,USDC
44,3.060655466266455,2989318289004.84,110,S4_twin_shock_cex_intervention,indonesia,USDC
45,2.795491599699841,2989318289044.6143,110,S4_twin_shock_cex_intervention,indonesia,USDC
46,2.596618699774881,2989318289074.4453,110,S4_twin_shock_cex_intervention,indonesia,USDC
47,2.4474640248311608,2989318289096.8184,110,S4_twin_shock_cex_intervention,indonesia,USDC
48,2.3355980186233705,2989318289113.5986,110,S4_twin_shock_cex_intervention,indonesia,USDC
49,2.251698513967528,2989318289126.183,110,S4_twin_shock_cex_intervention,indonesia,USDC
50,2.188773885475646,2989318289135.622,110,S4_twin_shock_cex_intervention,indonesia,USDC
51,2.1415804141067345,2989318289142.7007,110,S4_twin_shock_cex_intervention,indonesia,USDC
52,2.106185310580051,2989318289148.0103,110,S4_twin_shock_cex_intervention,indonesia,USDC
53,2.0092451741752133,2989318289151.992,110,S4_twin_shock_cex_intervention,indonesia,USDC
54,1.9601904027854062,2989318289154.9785,110,S4_twin_shock_cex_intervention,indonesia,USDC
55,1.9493699242583582,2989318289157.2183,110,S4_twin_shock_cex_intervention,indonesia,USDC
56,1.8224376408450198,2989318289158.898,110,S4_twin_shock_cex_intervention,indonesia,USDC
57,1.7737670951017293,2989318289160.1577,110,S4_twin_shock_cex_intervention,indonesia,USDC
58,1.6494473228617206,2989318289161.1025,110,S4_twin_shock_cex_intervention,indonesia,USDC
59,1.6012708972550136,2989318289161.811,110,S4_twin_shock_cex_intervention,indonesia,USDC
60,1.5507006341180225,2989318289162.343,110,S4_twin_shock_cex_intervention,indonesia,USDC
61,1.577041664895652,2989318289162.741,110,S4_twin_shock_cex_intervention,indonesia,USDC
62,1.5297583272934938,2989318289163.04,110,S4_twin_shock_cex_intervention,indonesia,USDC
63,1.4607442026046118,2989318289163.264,110,S4_twin_shock_cex_intervention,indonesia,USDC
64,1.4764619674854274,2989318289163.4326,110,S4_twin_shock_cex_intervention,indonesia,USDC
65,1.4337615135831403,2989318289163.5586,110,S4_twin_shock_cex_intervention,indonesia,USDC
66,1.402849258396582,2989318289163.653,110,S4_twin_shock_cex_intervention,indonesia,USDC
67,1.3396986540076619,2989318289163.7236,110,S4_twin_shock_cex_intervention,indonesia,USDC
68,1.3194041791904523,2989318289163.777,110,S4_twin_shock_cex_intervention,indonesia,USDC
69,1.33037704939628,2989318289163.817,110,S4_twin_shock_cex_intervention,indonesia,USDC
70,1.3317277059440091,2989318289163.8467,110,S4_twin_shock_cex_intervention,indonesia,USDC
71,1.2477747320066854,2989318289163.869,110,S4_twin_shock_cex_intervention,indonesia,USDC
72,1.2563046975172412,2989318289163.886,110,S4_twin_shock_cex_intervention,indonesia,USDC
73,1.2221445658452137,2989318289163.8984,110,S4_twin_shock_cex_intervention,indonesia,USDC
74,1.1721517117658216,2989318289163.908,110,S4_twin_shock_cex_intervention,indonesia,USDC
75,1.1081677723056935,2989318289163.915,110,S4_twin_shock_cex_intervention,indonesia,USDC
76,1.1038446703336675,2989318289163.9204,110,S4_twin_shock_cex_intervention,indonesia,USDC
77,1.0935754161639728,2989318289163.925,110,S4_twin_shock_cex_intervention,indonesia,USDC
78,1.110748809225439,2989318289163.9277,110,S4_twin_shock_cex_intervention,indonesia,USDC
79,1.1022992339982691,2989318289163.9297,110,S4_twin_shock_cex_intervention,indonesia,USDC
80,1.1136379716531348,2989318289163.9316,110,S4_twin_shock_cex_intervention,indonesia,USDC
81,1.094922913903939,2989318289163.9326,110,S4_twin_shock_cex_intervention,indonesia,USDC
82,1.110650420278054,2989318289163.9336,110,S4_twin_shock_cex_intervention,indonesia,USDC
83,1.0786868990391243,2989318289163.9346,110,S4_twin_shock_cex_intervention,indonesia,USDC
84,1.0442459295354036,2989318289163.9346,110,S4_twin_shock_cex_intervention,indonesia,USDC
85,1.0358926867693805,2989318289163.935,110,S4_twin_shock_cex_intervention,indonesia,USDC
86,1.0509598399564255,2989318289163.9355,110,S4_twin_shock_cex_intervention,indonesia,USDC
87,1.0370246224827322,2989318289163.936,110,S4_twin_shock_cex_intervention,indonesia,USDC
88,1.0222613977710808,2989318289163.936,110,S4_twin_shock_cex_intervention,indonesia,USDC
89,1.0429639383162435,2989318289163.936,110,S4_twin_shock_cex_intervention,indonesia,USDC
90,1.0572067636750477,2989318289163.936,110,S4_twin_shock_cex_intervention,indonesia,USDC
91,1.0302955038236372,2989318289163.936,110,S4_twin_shock_cex_intervention,indonesia,USDC
92,1.0254508069087855,2989318289163.936,110,S4_twin_shock_cex_intervention,indonesia,USDC
93,0.9996638236305402,2989318289163.936,110,S4_twin_shock_cex_intervention,indonesia,USDC
94,1.025325096264186,2989318289163.936,110,S4_twin_shock_cex_intervention,indonesia,USDC
95,1.0674721331225039,2989318289163.936,110,S4_twin_shock_cex_intervention,indonesia,USDC
96,1.0500850729597937,2989318289163.936,110,S4_twin_shock_cex_intervention,indonesia,USDC
97,1.0528761887790237,2989318289163.936,110,S4_twin_shock_cex_intervention,indonesia,USDC
98,1.0438487925415076,2989318289163.936,110,S4_twin_shock_cex_intervention,indonesia,USDC
99,1.047200089738093,2989318289163.936,110,S4_twin_shock_cex_intervention,indonesia,USDC
100,1.0424962375111646,2989318289163.936,110,S4_twin_shock_cex_intervention,indonesia,USDC
101,0.8758509817244691,2989318289163.936,110,S4_twin_shock_cex_intervention,indonesia,USDC
102,0.8834003783902953,2983622627227.5894,110,S4_twin_shock_cex_intervention,indonesia,USDC
103,0.8894123269556229,2978774446683.179,110,S4_twin_shock_cex_intervention,indonesia,USDC
104,0.9059510938651978,2974947545050.907,110,S4_twin_shock_cex_intervention,indonesia,USDC
105,0.8975518977361525,2972155859641.5156,110,S4_twin_shock_cex_intervention,indonesia,USDC
106,0.887088845143654,2969182592325.3887,110,S4_twin_shock_cex_intervention,indonesia,USDC
107,0.9249014732280317,2966007191101.384,110,S4_twin_shock_cex_intervention,indonesia,USDC
108,0.9319918014394133,2964301402002.1465,110,S4_twin_shock_cex_intervention,indonesia,USDC
109,0.9217989831529064,2963012198503.0146,110,S4_twin_shock_cex_intervention,indonesia,USDC
110,0.9267214642167663,2961337888511.574,110,S4_twin_shock_cex_intervention,indonesia,USDC
111,0.9475661301849467,2959909268536.1807,110,S4_twin_shock_cex_intervention,indonesia,USDC
112,0.9509211667905968,2959256921350.1787,110,S4_twin_shock_cex_intervention,indonesia,USDC
113,0.9626630467099213,2958693388868.3984,110,S4_twin_shock_cex_intervention,indonesia,USDC
114,0.9705107815794696,2958489972038.39,110,S4_twin_shock_cex_intervention,indonesia,USDC
115,0.9578284220009071,2958489972038.39,110,S4_twin_shock_cex_intervention,indonesia,USDC
116,0.9757241915093611,2958123925220.3784,110,S4_twin_shock_cex_intervention,indonesia,USDC
117,0.9849626607236903,2958123925220.3784,110,S4_twin_shock_cex_intervention,indonesia,USDC
118,0.9624277266620346,2958123925220.3784,110,S4_twin_shock_cex_intervention,indonesia,USDC
119,0.9733513373335525,2957954843273.663,110,S4_twin_shock_cex_intervention,indonesia,USDC
120,0.993598925470547,2957954843273.663,110,S4_twin_shock_cex_intervention,indonesia,USDC
121,0.9664636704578338,2884005972191.8213,110,S4_twin_shock_cex_intervention,indonesia,USDC
122,0.9353630417267361,2811836250809.952,110,S4_twin_shock_cex_intervention,indonesia,USDC
123,0.9401409780399552,2740607545505.2344,110,S4_twin_shock_cex_intervention,indonesia,USDC
124,0.9459363726717287,2671263745331.9946,110,S4_twin_shock_cex_intervention,indonesia,USDC
125,0.9311119942697819,2603859220337.7935,110,S4_twin_shock_cex_intervention,indonesia,USDC
126,0.9141689022701385,2537771875031.8735,110,S4_twin_shock_cex_intervention,indonesia,USDC
127,0.9085822172018366,2472918800617.191,110,S4_twin_shock_cex_intervention,indonesia,USDC
128,0.8681207457633613,2409671346302.5703,110,S4_twin_shock_cex_intervention,indonesia,USDC
129,0.8761409935234243,2347205554454.2476,110,S4_twin_shock_cex_intervention,indonesia,USDC
130,0.8796687430546459,2286770414225.8164,110,S4_twin_shock_cex_intervention,indonesia,USDC
131,0.8615131740278807,2227956231919.7744,110,S4_twin_shock_cex_intervention,indonesia,USDC
132,0.8556891980898437,2170465764823.8125,110,S4_twin_shock_cex_intervention,indonesia,USDC
133,0.8573414970386447,2114633341601.7944,110,S4_twin_shock_cex_intervention,indonesia,USDC
134,0.8419832131282255,2060390635593.5596,110,S4_twin_shock_cex_intervention,indonesia,USDC
135,0.8158025543385099,2007484124906.3364,110,S4_twin_shock_cex_intervention,indonesia,USDC
136,0.8039701853348022,1955788351540.7761,110,S4_twin_shock_cex_intervention,indonesia,USDC
137,0.8221319675552458,1905460302193.5415,110,S4_twin_shock_cex_intervention,indonesia,USDC
138,0.8248455719679433,1856808188075.8477,110,S4_twin_shock_cex_intervention,indonesia,USDC
139,0.791429616687056,1809537137192.2627,110,S4_twin_shock_cex_intervention,indonesia,USDC
140,0.7918932763906303,1763401217100.208,110,S4_twin_shock_cex_intervention,indonesia,USDC
141,0.8145057082381981,1718564373463.4778,110,S4_twin_shock_cex_intervention,indonesia,USDC
142,0.7811974741578903,1675083982091.4456,110,S4_twin_shock_cex_intervention,indonesia,USDC
143,0.7768173476150485,1632662518453.465,110,S4_twin_shock_cex_intervention,indonesia,USDC
144,0.7749062084232218,1591383942325.8467,110,S4_twin_shock_cex_intervention,indonesia,USDC
145,0.750869379580747,1551216742168.2703,110,S4_twin_shock_cex_intervention,indonesia,USDC
146,0.7533940678852968,1512112531124.4797,110,S4_twin_shock_cex_intervention,indonesia,USDC
147,0.7744540844532122,1474047838284.4849,110,S4_twin_shock_cex_intervention,indonesia,USDC
148,0.7541713359858485,1437015632581.516,110,S4_twin_shock_cex_intervention,indonesia,USDC
149,0.7423544767266461,1400925829939.3647,110,S4_twin_shock_cex_intervention,indonesia,USDC
150,0.7820370624871367,1365764550879.6643,110,S4_twin_shock_cex_intervention,indonesia,USDC
151,0.7946977465167918,1331538210738.0498,110,S4_twin_shock_cex_intervention,indonesia,USDC
152,0.7821205773078247,1298184501466.4688,110,S4_twin_shock_cex_intervention,indonesia,USDC
153,0.7704939708715682,1265674608559.1418,110,S4_twin_shock_cex_intervention,indonesia,USDC
154,0.7777630538986692,1233981798666.9436,110,S4_twin_shock_cex_intervention,indonesia,USDC
155,0.7987924594716499,1203095515409.7166,110,S4_twin_shock_cex_intervention,indonesia,USDC
156,0.7762216476920992,1172990421643.063,110,S4_twin_shock_cex_intervention,indonesia,USDC
157,0.8084631413378008,1143639739311.9165,110,S4_twin_shock_cex_intervention,indonesia,USDC
158,0.8193152392777975,1115032079917.3933,110,S4_twin_shock_cex_intervention,indonesia,USDC
159,0.8063124892704069,1087143176428.3589,110,S4_twin_shock_cex_intervention,indonesia,USDC
160,0.825954910567822,1059951925673.0881,110,S4_twin_shock_cex_intervention,indonesia,USDC
161,0.8253146757031193,1033443825496.5583,110,S4_twin_shock_cex_intervention,indonesia,USDC
162,0.8232922864936776,1007600071465.0116,110,S4_twin_shock_cex_intervention,indonesia,USDC
163,0.8044018203164482,982403253812.9127,110,S4_twin_shock_cex_intervention,indonesia,USDC
164,0.7869395103206457,957836582619.4102,110,S4_twin_shock_cex_intervention,indonesia,USDC
165,0.776461321035096,933884699924.9475,110,S4_twin_shock_cex_intervention,indonesia,USDC
166,0.775220757597265,910532391735.3142,110,S4_twin_shock_cex_intervention,indonesia,USDC
167,0.769066222465409,887764580110.6045,110,S4_twin_shock_cex_intervention,indonesia,USDC
168,0.7844369855432421,865566754076.3083,110,S4_twin_shock_cex_intervention,indonesia,USDC
169,0.7953559671928959,843924974825.8313,110,S4_twin_shock_cex_intervention,indonesia,USDC
170,0.791944758887137,822824801658.438,110,S4_twin_shock_cex_intervention,indonesia,USDC
171,0.7914759594366768,802252497146.2687,110,S4_twin_shock_cex_intervention,indonesia,USDC
172,0.7744792772673182,782194737738.5532,110,S4_twin_shock_cex_intervention,indonesia,USDC
173,0.7861096378274988,762638625902.8237,110,S4_twin_shock_cex_intervention,indonesia,USDC
174,0.7922799870182705,743571736834.7732,110,S4_twin_shock_cex_intervention,indonesia,USDC
175,0.7649281790608083,724981665057.9924,110,S4_twin_shock_cex_intervention,indonesia,USDC
176,0.7632572633082914,706856389839.1294,110,S4_twin_shock_cex_intervention,indonesia,USDC
177,0.7624334076173738,689184407916.7905,110,S4_twin_shock_cex_intervention,indonesia,USDC
178,0.7622737492165489,671954361120.1718,110,S4_twin_shock_cex_intervention,indonesia,USDC
179,0.7633244313442913,655155138951.0632,110,S4_twin_shock_cex_intervention,indonesia,USDC
180,0.7665822253700992,638775969763.5249,110,S4_twin_shock_cex_intervention,indonesia,USDC
181,0.7663835953385824,622806345353.4553,110,S4_twin_shock_cex_intervention,indonesia,USDC
182,0.7583874658695616,607236008599.2224,110,S4_twin_shock_cex_intervention,indonesia,USDC
183,0.7443679654330152,592054962127.2144,110,S4_twin_shock_cex_intervention,indonesia,USDC
184,0.7491042940048565,577253468443.3715,110,S4_twin_shock_cex_intervention,indonesia,USDC
185,0.7325490561589634,562822043060.31,110,S4_twin_shock_cex_intervention,indonesia,USDC
186,0.7439511370329995,548751417551.51324,110,S4_twin_shock_cex_intervention,indonesia,USDC
187,0.7536573922271272,535032576933.7659,110,S4_twin_shock_cex_intervention,indonesia,USDC
188,0.7677609172927424,521656720970.57117,110,S4_twin_shock_cex_intervention,indonesia,USDC
189,0.7844890289877876,508615273943.7611,110,S4_twin_shock_cex_intervention,indonesia,USDC
190,0.7929871202435872,495899870410.5595,110,S4_twin_shock_cex_intervention,indonesia,USDC
191,0.8067728177871041,483502357495.6947,110,S4_twin_shock_cex_intervention,indonesia,USDC
192,0.7874276673739133,471414785981.9535,110,S4_twin_shock_cex_intervention,indonesia,USDC
193,0.791648007357129,459629404758.7621,110,S4_twin_shock_cex_intervention,indonesia,USDC
194,0.7642226254036089,448138659762.828,110,S4_twin_shock_cex_intervention,indonesia,USDC
195,0.7587828918972318,436935183968.3159,110,S4_twin_shock_cex_intervention,indonesia,USDC
196,0.7725483296585562,426011797134.8833,110,S4_twin_shock_cex_intervention,indonesia,USDC
197,0.7887364105645033,415361496648.13403,110,S4_twin_shock_cex_intervention,indonesia,USDC
198,0.800183883004175,404977455243.6747,110,S4_twin_shock_cex_intervention,indonesia,USDC
199,0.79917904378272,394853015936.3923,110,S4_twin_shock_cex_intervention,indonesia,USDC
200,0.7968908036363013,384981688025.5514,110,S4_twin_shock_cex_intervention,indonesia,USDC
201,0.7880605589412447,375357143626.10486,110,S4_twin_shock_cex_intervention,indonesia,USDC
202,0.7805018493429662,365973213209.0648,110,S4_twin_shock_cex_intervention,indonesia,USDC
203,0.7776334144535342,356823881258.2181,110,S4_twin_shock_cex_intervention,indonesia,USDC
204,0.7641426774679125,347903282903.0062,110,S4_twin_shock_cex_intervention,indonesia,USDC
205,0.7653944305037094,339205699738.3602,110,S4_twin_shock_cex_intervention,indonesia,USDC
206,0.7954243356646885,330725556346.5022,110,S4_twin_shock_cex_intervention,indonesia,USDC
207,0.777749566652806,322457416856.15924,110,S4_twin_shock_cex_intervention,indonesia,USDC
208,0.765643202145363,314395980915.79016,110,S4_twin_shock_cex_intervention,indonesia,USDC
209,0.7700327319851361,306536080944.0444,110,S4_twin_shock_cex_intervention,indonesia,USDC
210,0.7506332683915362,298872678547.0486,110,S4_twin_shock_cex_intervention,indonesia,USDC
211,0.7743315890763998,291400861258.19727,110,S4_twin_shock_cex_intervention,indonesia,USDC
212,0.7745798719762145,284115839515.23364,110,S4_twin_shock_cex_intervention,indonesia,USDC
213,0.784024011609015,277012943352.827,110,S4_twin_shock_cex_intervention,indonesia,USDC
214,0.783934460771083,270087619629.68616,110,S4_twin_shock_cex_intervention,indonesia,USDC
215,0.7870365694152309,263335429028.43738,110,S4_twin_shock_cex_intervention,indonesia,USDC
216,0.8096813681773439,256752043214.52713,110,S4_twin_shock_cex_intervention,indonesia,USDC
217,0.8085101357556094,250333242069.93237,110,S4_twin_shock_cex_intervention,indonesia,USDC
218,0.8032860145113307,244074910965.2096,110,S4_twin_shock_cex_intervention,indonesia,USDC
219,0.823982801030819,237973038147.1819,110,S4_twin_shock_cex_intervention,indonesia,USDC
220,0.8007799940553968,232023712159.252,110,S4_twin_shock_cex_intervention,indonesia,USDC
221,0.7745642268957187,226223119322.87408,110,S4_twin_shock_cex_intervention,indonesia,USDC
222,0.7682012979056708,220567541307.99847,110,S4_twin_shock_cex_intervention,indonesia,USDC
223,0.781183723308834,215053352749.4788,110,S4_twin_shock_cex_intervention,indonesia,USDC
224,0.7775572043117759,209677018911.4265,110,S4_twin_shock_cex_intervention,indonesia,USDC
225,0.8032643610370244,204435093422.29895,110,S4_twin_shock_cex_intervention,indonesia,USDC
226,0.8119520382688565,199324216075.3458,110,S4_twin_shock_cex_intervention,indonesia,USDC
227,0.8042273175170231,194341110664.6699,110,S4_twin_shock_cex_intervention,indonesia,USDC
228,0.7947355771898806,189482582890.11417,110,S4_twin_shock_cex_intervention,indonesia,USDC
229,0.7959698445580021,184745518311.00305,110,S4_twin_shock_cex_intervention,indonesia,USDC
230,0.8371014910523208,180126880347.71967,110,S4_twin_shock_cex_intervention,indonesia,USDC
231,0.8310630052157616,175623708335.5406,110,S4_twin_shock_cex_intervention,indonesia,USDC
232,0.8132099909178401,171233115623.83923,110,S4_twin_shock_cex_intervention,indonesia,USDC
233,0.7902090046365665,166952287730.15643,110,S4_twin_shock_cex_intervention,indonesia,USDC
234,0.8100865346643121,162778480533.71085,110,S4_twin_shock_cex_intervention,indonesia,USDC
235,0.8284374590273651,158709018518.05542,110,S4_twin_shock_cex_intervention,indonesia,USDC
236,0.807135339528458,154741293053.42993,110,S4_twin_shock_cex_intervention,indonesia,USDC
237,0.7917748539276055,150872760725.4082,110,S4_twin_shock_cex_intervention,indonesia,USDC
238,0.7834412101926641,147100941705.73782,110,S4_twin_shock_cex_intervention,indonesia,USDC
239,0.7861754982144471,143423418161.8588,110,S4_twin_shock_cex_intervention,indonesia,USDC
240,0.7775854906119221,139837832706.774,110,S4_twin_shock_cex_intervention,indonesia,USDC
241,0.7689466855061865,136341886888.20282,110,S4_twin_shock_cex_intervention,indonesia,USDC
242,0.7631185123600671,132933339715.27081,110,S4_twin_shock_cex_intervention,indonesia,USDC
243,0.7655888656134758,129610006221.79068,110,S4_twin_shock_cex_intervention,indonesia,USDC
244,0.7536123087597669,126369756065.76648,110,S4_twin_shock_cex_intervention,indonesia,USDC
245,0.7633609155973898,123210512163.71991,110,S4_twin_shock_cex_intervention,indonesia,USDC
246,0.7618995961442032,120130249359.32072,110,S4_twin_shock_cex_intervention,indonesia,USDC
247,0.7541585246671985,117126993125.09985,110,S4_twin_shock_cex_intervention,indonesia,USDC
248,0.768424809000568,114198818296.77359,110,S4_twin_shock_cex_intervention,indonesia,USDC
249,0.7670949750322634,111343847839.20993,110,S4_twin_shock_cex_intervention,indonesia,USDC
250,0.7789205113912977,108560251643.11891,110,S4_twin_shock_cex_intervention,indonesia,USDC
251,0.7943788137265555,105846245351.95605,110,S4_twin_shock_cex_intervention,indonesia,USDC
252,0.7767155783363119,103200089218.09673,110,S4_twin_shock_cex_intervention,indonesia,USDC
253,0.7791418744584478,100620086987.5891,110,S4_twin_shock_cex_intervention,indonesia,USDC
254,0.7770403190749551,98104584812.85324,110,S4_twin_shock_cex_intervention,indonesia,USDC
255,0.7695932367124879,95651970192.49358,110,S4_twin_shock_cex_intervention,indonesia,USDC
256,0.7765264532196636,93260670937.64935,110,S4_twin_shock_cex_intervention,indonesia,USDC
257,0.8072583834209079,90929154164.18509,110,S4_twin_shock_cex_intervention,indonesia,USDC
258,0.8123311424383903,88655925310.06444,110,S4_twin_shock_cex_intervention,indonesia,USDC
259,0.8360342415715796,86439527177.29953,110,S4_twin_shock_cex_intervention,indonesia,USDC
260,0.8147131226757631,84278538997.85735,110,S4_twin_shock_cex_intervention,indonesia,USDC
261,0.8141966436491985,82171575522.90143,110,S4_twin_shock_cex_intervention,indonesia,USDC
262,0.8289366712912397,80117286134.82103,110,S4_twin_shock_cex_intervention,indonesia,USDC
263,0.8305050157224306,78114353981.44447,110,S4_twin_shock_cex_intervention,indonesia,USDC
264,0.7944231919301084,76161495131.90324,110,S4_twin_shock_cex_intervention,indonesia,USDC
265,0.7917465496870681,74257457753.60022,110,S4_twin_shock_cex_intervention,indonesia,USDC
266,0.7969560975729455,72401021309.75563,110,S4_twin_shock_cex_intervention,indonesia,USDC
267,0.7973588385424764,70590995777.0079,110,S4_twin_shock_cex_intervention,indonesia,USDC
268,0.8150912908362759,68826220882.57954,110,S4_twin_shock_cex_intervention,indonesia,USDC
269,0.7863498811996332,67105565360.512726,110,S4_twin_shock_cex_intervention,indonesia,USDC
270,0.7769955320897706,65427926226.49765,110,S4_twin_shock_cex_intervention,indonesia,USDC
271,0.7789289299969883,63792228070.83327,110,S4_twin_shock_cex_intervention,indonesia,USDC
272,0.8061947323025888,62197422369.06082,110,S4_twin_shock_cex_intervention,indonesia,USDC
273,0.7923996401517428,60642486809.833176,110,S4_twin_shock_cex_intervention,indonesia,USDC
274,0.772899058068823,59126424639.58634,110,S4_twin_shock_cex_intervention,indonesia,USDC
275,0.7668282375860351,57648264023.59576,110,S4_twin_shock_cex_intervention,indonesia,USDC
276,0.7349309926415133,56207057423.00511,110,S4_twin_shock_cex_intervention,indonesia,USDC
277,0.7532432949054405,54801880987.42927,110,S4_twin_shock_cex_intervention,indonesia,USDC
278,0.7693150653221468,53431833962.74306,110,S4_twin_shock_cex_intervention,indonesia,USDC
279,0.7979943033092832,52096038113.674126,110,S4_twin_shock_cex_intervention,indonesia,USDC
280,0.8147580973451718,50793637160.832016,110,S4_twin_shock_cex_intervention,indonesia,USDC
281,0.7665765695596786,49523796231.811035,110,S4_twin_shock_cex_intervention,indonesia,USDC
282,0.6771325970576667,48285701326.01556,110,S4_twin_shock_cex_intervention,indonesia,USDC
283,0.6937166980708593,47078558792.864944,110,S4_twin_shock_cex_intervention,indonesia,USDC
284,0.7116202230326856,45901594823.04317,110,S4_twin_shock_cex_intervention,indonesia,USDC
285,0.7195382399142433,44754054952.46698,110,S4_twin_shock_cex_intervention,indonesia,USDC
286,0.746007069518614,43635203578.65523,110,S4_twin_shock_cex_intervention,indonesia,USDC
287,0.762528105528865,42544323489.1888,110,S4_twin_shock_cex_intervention,indonesia,USDC
288,0.7500550392322206,41480715401.959045,110,S4_twin_shock_cex_intervention,indonesia,USDC
289,0.73855118464871,40443697516.910034,110,S4_twin_shock_cex_intervention,indonesia,USDC
290,0.767144907888348,39432605078.98725,110,S4_twin_shock_cex_intervention,indonesia,USDC
291,0.8027658305960801,38446789952.01256,110,S4_twin_shock_cex_intervention,indonesia,USDC
292,0.7990226008730534,37485620203.212234,110,S4_twin_shock_cex_intervention,indonesia,USDC
293,0.8051413688465268,36548479698.13191,110,S4_twin_shock_cex_intervention,indonesia,USDC
294,0.7948349938242298,35634767705.67861,110,S4_twin_shock_cex_intervention,indonesia,USDC
295,0.796869415188673,34743898513.03664,110,S4_twin_shock_cex_intervention,indonesia,USDC
296,0.780897109599546,33875301050.210716,110,S4_twin_shock_cex_intervention,indonesia,USDC
297,0.7691168204734197,33028418523.955444,110,S4_twin_shock_cex_intervention,indonesia,USDC
298,0.7767173327268072,32202708060.856556,110,S4_twin_shock_cex_intervention,indonesia,USDC
299,0.7977606560586962,31397640359.335136,110,S4_twin_shock_cex_intervention,indonesia,USDC
300,0.7757888979825571,30612699350.351753,110,S4_twin_shock_cex_intervention,indonesia,USDC
301,0.7641008975185812,29847381866.59296,110,S4_twin_shock_cex_intervention,indonesia,USDC
302,0.7875608430337838,29101197319.92814,110,S4_twin_shock_cex_intervention,indonesia,USDC
303,0.774886699480744,28373667386.929935,110,S4_twin_shock_cex_intervention,indonesia,USDC
304,0.7621277656323434,27664325702.256687,110,S4_twin_shock_cex_intervention,indonesia,USDC
305,0.7696963524602528,26972717559.70027,110,S4_twin_shock_cex_intervention,indonesia,USDC
306,0.767398822410072,26298399620.707764,110,S4_twin_shock_cex_intervention,indonesia,USDC
307,0.7463710219967801,25640939630.190067,110,S4_twin_shock_cex_intervention,indonesia,USDC
308,0.7409286997151558,24999916139.435314,110,S4_twin_shock_cex_intervention,indonesia,USDC
309,0.7357520504456029,24374918235.949432,110,S4_twin_shock_cex_intervention,indonesia,USDC
310,0.7390710676403563,23765545280.050697,110,S4_twin_shock_cex_intervention,indonesia,USDC
311,0.7359447591280909,23171406648.049427,110,S4_twin_shock_cex_intervention,indonesia,USDC
312,0.7450773821214285,22592121481.848194,110,S4_twin_shock_cex_intervention,indonesia,USDC
313,0.7520578096509639,22027318444.801987,110,S4_twin_shock_cex_intervention,indonesia,USDC
314,0.7439759845284071,21476635483.68194,110,S4_twin_shock_cex_intervention,indonesia,USDC
315,0.7449564318456208,20939719596.58989,110,S4_twin_shock_cex_intervention,indonesia,USDC
316,0.7569078116912868,20416226606.675144,110,S4_twin_shock_cex_intervention,indonesia,USDC
317,0.743872902964024,19905820941.508263,110,S4_twin_shock_cex_intervention,indonesia,USDC
318,0.7386614945834797,19408175417.97056,110,S4_twin_shock_cex_intervention,indonesia,USDC
319,0.7460647689585369,18922971032.521294,110,S4_twin_shock_cex_intervention,indonesia,USDC
320,0.7503682323860275,18449896756.70826,110,S4_twin_shock_cex_intervention,indonesia,USDC
321,0.7534938550356478,17988649337.790554,110,S4_twin_shock_cex_intervention,indonesia,USDC
322,0.7396793533462656,17538933104.345787,110,S4_twin_shock_cex_intervention,indonesia,USDC
323,0.7815146081151261,17100459776.737144,110,S4_twin_shock_cex_intervention,indonesia,USDC
324,0.7749445758041943,16672948282.318714,110,S4_twin_shock_cex_intervention,indonesia,USDC
325,0.7739189943156346,16256124575.26075,110,S4_twin_shock_cex_intervention,indonesia,USDC
326,0.7752984591954667,15849721460.879229,110,S4_twin_shock_cex_intervention,indonesia,USDC
327,0.7628958159400304,15453478424.357246,110,S4_twin_shock_cex_intervention,indonesia,USDC
328,0.7762459904731053,15067141463.748318,110,S4_twin_shock_cex_intervention,indonesia,USDC
329,0.7521603840829667,14690462927.15461,110,S4_twin_shock_cex_intervention,indonesia,USDC
330,0.7731215349248287,14323201353.975744,110,S4_twin_shock_cex_intervention,indonesia,USDC
331,0.7607238546610104,13965121320.12635,110,S4_twin_shock_cex_intervention,indonesia,USDC
332,0.7452529075821893,13615993287.123192,110,S4_twin_shock_cex_intervention,indonesia,USDC
333,0.7720165436680049,13275593454.94511,110,S4_twin_shock_cex_intervention,indonesia,USDC
334,0.7685903381047783,12943703618.571484,110,S4_twin_shock_cex_intervention,indonesia,USDC
335,0.76752089342436,12620111028.107197,110,S4_twin_shock_cex_intervention,indonesia,USDC
336,0.793581479534568,12304608252.404516,110,S4_twin_shock_cex_intervention,indonesia,USDC
337,0.8120526902772286,11996993046.094404,110,S4_twin_shock_cex_intervention,indonesia,USDC
338,0.7933118458462122,11697068219.942043,110,S4_twin_shock_cex_intervention,indonesia,USDC
339,0.7888592227270407,11404641514.443493,110,S4_twin_shock_cex_intervention,indonesia,USDC
340,0.800204160524327,11119525476.582405,110,S4_twin_shock_cex_intervention,indonesia,USDC
341,0.8204884341173926,10841537339.667845,110,S4_twin_shock_cex_intervention,indonesia,USDC
342,0.8410297355452271,10570498906.17615,110,S4_twin_shock_cex_intervention,indonesia,USDC
343,0.8422496689746464,10306236433.521746,110,S4_twin_shock_cex_intervention,indonesia,USDC
344,0.8228256877704656,10048580522.683702,110,S4_twin_shock_cex_intervention,indonesia,USDC
345,0.8304744638728134,9797366009.61661,110,S4_twin_shock_cex_intervention,indonesia,USDC
346,0.8297582728979767,9552431859.376194,110,S4_twin_shock_cex_intervention,indonesia,USDC
347,0.8268168559864123,9313621062.891788,110,S4_twin_shock_cex_intervention,indonesia,USDC
348,0.8302218294066093,9080780536.319496,110,S4_twin_shock_cex_intervention,indonesia,USDC
349,0.8271650604750262,8853761022.911509,110,S4_twin_shock_cex_intervention,indonesia,USDC
350,0.8221914290523074,8632416997.33872,110,S4_twin_shock_cex_intervention,indonesia,USDC
351,0.8357040479000527,8416606572.405252,110,S4_twin_shock_cex_intervention,indonesia,USDC
352,0.8577693637511888,8206191408.09512,110,S4_twin_shock_cex_intervention,indonesia,USDC
353,0.8420559074351076,8001036622.892742,110,S4_twin_shock_cex_intervention,indonesia,USDC
354,0.8244275716249938,7801010707.320424,110,S4_twin_shock_cex_intervention,indonesia,USDC
355,0.8080448435484653,7605985439.637413,110,S4_twin_shock_cex_intervention,indonesia,USDC
356,0.8213974140782034,7415835803.646478,110,S4_twin_shock_cex_intervention,indonesia,USDC
357,0.8104257720167821,7230439908.555317,110,S4_twin_shock_cex_intervention,indonesia,USDC
358,0.823002569036271,7049678910.841433,110,S4_twin_shock_cex_intervention,indonesia,USDC
359,0.816006163348464,6873436938.070398,110,S4_twin_shock_cex_intervention,indonesia,USDC
360,0.8259363822162524,6701601014.618639,110,S4_twin_shock_cex_intervention,indonesia,USDC
361,0.8240754078368772,6534060989.253172,110,S4_twin_shock_cex_intervention,indonesia,USDC
362,0.8256314398998941,6370709464.521843,110,S4_twin_shock_cex_intervention,indonesia,USDC
363,0.8199000662688293,6211441727.908796,110,S4_twin_shock_cex_intervention,indonesia,USDC
364,0.805387018467019,6056155684.711077,110,S4_twin_shock_cex_intervention,indonesia,USDC
365,0.8089866241131628,5904751792.5933,110,S4_twin_shock_cex_intervention,indonesia,USDC
366,0.8347067064940217,5757132997.778467,110,S4_twin_shock_cex_intervention,indonesia,USDC
367,0.8251641600226892,5613204672.834005,110,S4_twin_shock_cex_intervention,indonesia,USDC
368,0.8081176402683341,5472874556.013155,110,S4_twin_shock_cex_intervention,indonesia,USDC
369,0.8081704214052234,5336052692.112826,110,S4_twin_shock_cex_intervention,indonesia,USDC
370,0.7913146796613009,5202651374.810005,110,S4_twin_shock_cex_intervention,indonesia,USDC
371,0.787891688169441,5072585090.439755,110,S4_twin_shock_cex_intervention,indonesia,USDC
372,0.8179068976559848,4945770463.1787615,110,S4_twin_shock_cex_intervention,indonesia,USDC
373,0.8450627177948932,4822126201.599292,110,S4_twin_shock_cex_intervention,indonesia,USDC
374,0.8351050990962862,4701573046.55931,110,S4_twin_shock_cex_intervention,indonesia,USDC
375,0.8292373054961938,4584033720.395327,110,S4_twin_shock_cex_intervention,indonesia,USDC
376,0.8481228359119839,4469432877.385445,110,S4_twin_shock_cex_intervention,indonesia,USDC
377,0.8604569633300797,4357697055.450808,110,S4_twin_shock_cex_intervention,indonesia,USDC
378,0.8233763728810864,4248754629.064537,110,S4_twin_shock_cex_intervention,indonesia,USDC
379,0.823450026844038,4142535763.337924,110,S4_twin_shock_cex_intervention,indonesia,USDC
380,0.8178936237693739,4038972369.2544756,110,S4_twin_shock_cex_intervention,indonesia,USDC
381,0.8188393411869779,3937998060.0231137,110,S4_twin_shock_cex_intervention,indonesia,USDC
382,0.8068673514878468,3839548108.522536,110,S4_twin_shock_cex_intervention,indonesia,USDC
383,0.7973256095601282,3743559405.8094726,110,S4_twin_shock_cex_intervention,indonesia,USDC
384,0.7912371646383927,3649970420.664236,110,S4_twin_shock_cex_intervention,indonesia,USDC
385,0.8017385792848539,3558721160.1476307,110,S4_twin_shock_cex_intervention,indonesia,USDC
386,0.7923347740835941,3469753131.14394,110,S4_twin_shock_cex_intervention,indonesia,USDC
387,0.797169870531663,3383009302.865341,110,S4_twin_shock_cex_intervention,indonesia,USDC
388,0.7937152328960954,3298434070.293708,110,S4_twin_shock_cex_intervention,indonesia,USDC
389,0.7768957562496878,3215973218.5363646,110,S4_twin_shock_cex_intervention,indonesia,USDC
390,0.7913943488588118,3135573888.0729556,110,S4_twin_shock_cex_intervention,indonesia,USDC
391,0.7665298694355183,3057184540.871132,110,S4_twin_shock_cex_intervention,indonesia,USDC
392,0.7627794454577462,2980754927.349354,110,S4_twin_shock_cex_intervention,indonesia,USDC
393,0.7772447694299586,2906236054.16562,110,S4_twin_shock_cex_intervention,indonesia,USDC
394,0.7849722883941573,2833580152.811479,110,S4_twin_shock_cex_intervention,indonesia,USDC
395,0.7758112949541611,2762740648.9911923,110,S4_twin_shock_cex_intervention,indonesia,USDC
396,0.7851500848231608,2693672132.7664127,110,S4_twin_shock_cex_intervention,indonesia,USDC
397,0.7888340928973673,2626330329.4472523,110,S4_twin_shock_cex_intervention,indonesia,USDC
398,0.7833847579719231,2560672071.211071,110,S4_twin_shock_cex_intervention,indonesia,USDC
399,0.7635209458358398,2496655269.4307942,110,S4_twin_shock_cex_intervention,indonesia,USDC
400,0.7749686696395727,2434238887.695024,110,S4_twin_shock_cex_intervention,indonesia,USDC
401,0.7729935303756894,2373382915.502649,110,S4_twin_shock_cex_intervention,indonesia,USDC
402,0.7796528902515844,2314048342.6150827,110,S4_twin_shock_cex_intervention,indonesia,USDC
403,0.7681934100760047,2256197134.0497055,110,S4_twin_shock_cex_intervention,indonesia,USDC
404,0.7531541918551062,2199792205.6984625,110,S4_twin_shock_cex_intervention,indonesia,USDC
405,0.7440233249642062,2144797400.5560012,110,S4_twin_shock_cex_intervention,indonesia,USDC
406,0.7559248591033457,2091177465.5421011,110,S4_twin_shock_cex_intervention,indonesia,USDC
407,0.7583397571286309,2038898028.9035487,110,S4_twin_shock_cex_intervention,indonesia,USDC
408,0.7591547187916735,1987925578.18096,110,S4_twin_shock_cex_intervention,indonesia,USDC
409,0.772681864989451,1938227438.7264361,110,S4_twin_shock_cex_intervention,indonesia,USDC
410,0.7705027917271033,1889771752.758275,110,S4_twin_shock_cex_intervention,indonesia,USDC
411,0.7881841788584685,1842527458.9393182,110,S4_twin_shock_cex_intervention,indonesia,USDC
412,0.7913830658884418,1796464272.465835,110,S4_twin_shock_cex_intervention,indonesia,USDC
413,0.8272103817742719,1751552665.6541896,110,S4_twin_shock_cex_intervention,indonesia,USDC
414,0.7232837976047023,1707763849.0128348,110,S4_twin_shock_cex_intervention,indonesia,USDC
415,0.7348800598146714,1665069752.7875137,110,S4_twin_shock_cex_intervention,indonesia,USDC
416,0.7198582579177321,1623443008.967826,110,S4_twin_shock_cex_intervention,indonesia,USDC
417,0.7382900305308541,1582856933.7436304,110,S4_twin_shock_cex_intervention,indonesia,USDC
418,0.7314778676868208,1543285510.4000397,110,S4_twin_shock_cex_intervention,indonesia,USDC
419,0.7335964357860956,1504703372.6400385,110,S4_twin_shock_cex_intervention,indonesia,USDC
420,0.7352365329669452,1467085788.3240376,110,S4_twin_shock_cex_intervention,indonesia,USDC
421,0.748447481534736,1430408643.6159368,110,S4_twin_shock_cex_intervention,indonesia,USDC
422,0.7402318593106977,1394648427.5255382,110,S4_twin_shock_cex_intervention,indonesia,USDC
423,0.7269496280119422,1359782216.8373997,110,S4_twin_shock_cex_intervention,indonesia,USDC
424,0.729952143508356,1325787661.4164646,110,S4_twin_shock_cex_intervention,indonesia,USDC
425,0.7516033337600335,1292642969.881053,110,S4_twin_shock_cex_intervention,indonesia,USDC
426,0.7495473603353109,1260326895.6340268,110,S4_twin_shock_cex_intervention,indonesia,USDC
427,0.7764842699752299,1228818723.243176,110,S4_twin_shock_cex_intervention,indonesia,USDC
428,0.7762912597567093,1198098255.1620967,110,S4_twin_shock_cex_intervention,indonesia,USDC
429,0.8079947984941122,1168145798.7830443,110,S4_twin_shock_cex_intervention,indonesia,USDC
430,0.8072917474731599,1138942153.8134682,110,S4_twin_shock_cex_intervention,indonesia,USDC
431,0.7859682346100018,1110468599.9681315,110,S4_twin_shock_cex_intervention,indonesia,USDC
432,0.7680506224282709,1082706884.9689283,110,S4_twin_shock_cex_intervention,indonesia,USDC
433,0.7737267654524573,1055639212.8447051,110,S4_twin_shock_cex_intervention,indonesia,USDC
434,0.7542719491044494,1029248232.5235875,110,S4_twin_shock_cex_intervention,indonesia,USDC
435,0.7527358320926082,1003517026.7104979,110,S4_twin_shock_cex_intervention,indonesia,USDC
436,0.7636655825167165,978429101.0427353,110,S4_twin_shock_cex_intervention,indonesia,USDC
437,0.7743367432894583,953968373.5166669,110,S4_twin_shock_cex_intervention,indonesia,USDC
438,0.7512197444566235,930119164.1787503,110,S4_twin_shock_cex_intervention,indonesia,USDC
439,0.750478519792632,906866185.0742815,110,S4_twin_shock_cex_intervention,indonesia,USDC
440,0.7387661213874179,884194530.4474244,110,S4_twin_shock_cex_intervention,indonesia,USDC
441,0.7551632698801697,862089667.186239,110,S4_twin_shock_cex_intervention,indonesia,USDC
442,0.7377949481789954,840537425.506583,110,S4_twin_shock_cex_intervention,indonesia,USDC
443,0.7601408087883548,819523989.8689184,110,S4_twin_shock_cex_intervention,indonesia,USDC
444,0.7544145620857868,799035890.1221955,110,S4_twin_shock_cex_intervention,indonesia,USDC
445,0.7801468314874329,779059992.8691406,110,S4_twin_shock_cex_intervention,indonesia,USDC
446,0.7839806787273262,759583493.0474122,110,S4_twin_shock_cex_intervention,indonesia,USDC
447,0.7610397777920422,740593905.7212268,110,S4_twin_shock_cex_intervention,indonesia,USDC
448,0.7677893342185643,722079058.0781962,110,S4_twin_shock_cex_intervention,indonesia,USDC
449,0.7891472084426137,704027081.6262412,110,S4_twin_shock_cex_intervention,indonesia,USDC
450,0.7912391167264056,686426404.5855851,110,S4_twin_shock_cex_intervention,indonesia,USDC
451,0.785545609261729,669265744.4709455,110,S4_twin_shock_cex_intervention,indonesia,USDC
452,0.7620893238726317,652534100.8591719,110,S4_twin_shock_cex_intervention,indonesia,USDC
453,0.7639938070279797,636220748.3376926,110,S4_twin_shock_cex_intervention,indonesia,USDC
454,0.757986108612383,620315229.6292503,110,S4_twin_shock_cex_intervention,indonesia,USDC
455,0.7618248339304131,604807348.888519,110,S4_twin_shock_cex_intervention,indonesia,USDC
456,0.7666071589864443,589687165.1663061,110,S4_twin_shock_cex_intervention,indonesia,USDC
457,0.7800301209898814,574944986.0371485,110,S4_twin_shock_cex_intervention,indonesia,USDC
458,0.7682943123276628,560571361.3862197,110,S4_twin_shock_cex_intervention,indonesia,USDC
459,0.7765043979625827,546557077.3515642,110,S4_twin_shock_cex_intervention,indonesia,USDC
460,0.7926582463883154,532893150.4177752,110,S4_twin_shock_cex_intervention,indonesia,USDC
461,0.7700695146342416,519570821.65733075,110,S4_twin_shock_cex_intervention,indonesia,USDC
462,0.7776914086610908,506581551.11589754,110,S4_twin_shock_cex_intervention,indonesia,USDC
463,0.7988421663042893,493917012.33800006,110,S4_twin_shock_cex_intervention,indonesia,USDC
464,0.8353030345706335,481569087.0295501,110,S4_twin_shock_cex_intervention,indonesia,USDC
465,0.8498467181557199,469529859.8538113,110,S4_twin_shock_cex_intervention,indonesia,USDC
466,0.8384469500113592,457791613.35746604,110,S4_twin_shock_cex_intervention,indonesia,USDC
467,0.8451819868995514,446346823.0235294,110,S4_twin_shock_cex_intervention,indonesia,USDC
468,0.8452565357457004,435188152.4479412,110,S4_twin_shock_cex_intervention,indonesia,USDC
469,0.8327108930362025,424308448.6367426,110,S4_twin_shock_cex_intervention,indonesia,USDC
470,0.8476549272055883,413700737.4208241,110,S4_twin_shock_cex_intervention,indonesia,USDC
471,0.8511509778586788,403358218.98530346,110,S4_twin_shock_cex_intervention,indonesia,USDC
472,0.8382178698458719,393274263.5106709,110,S4_twin_shock_cex_intervention,indonesia,USDC
473,0.8443196284726021,383442406.92290413,110,S4_twin_shock_cex_intervention,indonesia,USDC
474,0.8426440445786496,373856346.7498315,110,S4_twin_shock_cex_intervention,indonesia,USDC
475,0.8445261334849726,364509938.0810857,110,S4_twin_shock_cex_intervention,indonesia,USDC
476,0.8358009308091217,355397189.6290586,110,S4_twin_shock_cex_intervention,indonesia,USDC
477,0.8257723781434434,346512259.8883321,110,S4_twin_shock_cex_intervention,indonesia,USDC
478,0.7959503403230476,337849453.3911238,110,S4_twin_shock_cex_intervention,indonesia,USDC
479,0.6729201450027951,329403217.0563457,110,S4_twin_shock_cex_intervention,indonesia,USDC
480,0.6908185070408622,321168136.62993705,110,S4_twin_shock_cex_intervention,indonesia,USDC
481,0.7089337833841536,313138933.21418864,110,S4_twin_shock_cex_intervention,indonesia,USDC
482,0.7239246978908445,305310459.8838339,110,S4_twin_shock_cex_intervention,indonesia,USDC
483,0.7090619070288249,297677698.38673806,110,S4_twin_shock_cex_intervention,indonesia,USDC
484,0.7202916970740785,290235755.9270696,110,S4_twin_shock_cex_intervention,indonesia,USDC
485,0.7269058296748705,282979862.0288929,110,S4_twin_shock_cex_intervention,indonesia,USDC
486,0.7364658228349458,275905365.4781706,110,S4_twin_shock_cex_intervention,indonesia,USDC
487,0.7722716612972835,269007731.34121627,110,S4_twin_shock_cex_intervention,indonesia,USDC
488,0.7817530587325767,262282538.05768588,110,S4_twin_shock_cex_intervention,indonesia,USDC
489,0.8034040005495688,255725474.60624373,110,S4_twin_shock_cex_intervention,indonesia,USDC
490,0.7968004178552333,249332337.74108762,110,S4_twin_shock_cex_intervention,indonesia,USDC
491,0.7835965713221202,243099029.29756045,110,S4_twin_shock_cex_intervention,indonesia,USDC
492,0.7944807391147708,237021553.5651214,110,S4_twin_shock_cex_intervention,indonesia,USDC
493,0.7908560228627819,231096014.7259934,110,S4_twin_shock_cex_intervention,indonesia,USDC
494,0.7879517609066388,225318614.35784358,110,S4_twin_shock_cex_intervention,indonesia,USDC
495,0.7876525951867624,219685648.9988975,110,S4_twin_shock_cex_intervention,indonesia,USDC
496,0.7941537707129708,214193507.77392504,110,S4_twin_shock_cex_intervention,indonesia,USDC
497,0.7940303600971508,208838670.0795769,110,S4_twin_shock_cex_intervention,indonesia,USDC
498,0.8100011832644939,203617703.3275875,110,S4_twin_shock_cex_intervention,indonesia,USDC
499,0.809176975179548,198527260.74439782,110,S4_twin_shock_cex_intervention,indonesia,USDC
500,0.8230641466828826,193564079.22578788,110,S4_twin_shock_cex_intervention,indonesia,USDC
501,0.795226510782984,188724977.24514318,110,S4_twin_shock_cex_intervention,indonesia,USDC
502,0.799791716831607,184006852.81401458,110,S4_twin_shock_cex_intervention,indonesia,USDC
503,0.82141775216181,179406681.49366423,110,S4_twin_shock_cex_intervention,indonesia,USDC
504,0.8133824008992685,174921514.4563226,110,S4_twin_shock_cex_intervention,indonesia,USDC
505,0.8253847513279418,170548476.59491456,110,S4_twin_shock_cex_intervention,indonesia,USDC
506,0.8332616840197333,166284764.68004167,110,S4_twin_shock_cex_intervention,indonesia,USDC
507,0.8004800103101358,162127645.56304064,110,S4_twin_shock_cex_intervention,indonesia,USDC
508,0.7955495423399499,158074454.42396462,110,S4_twin_shock_cex_intervention,indonesia,USDC
509,0.8199849401946142,154122593.06336552,110,S4_twin_shock_cex_intervention,indonesia,USDC
510,0.816405019610501,150269528.23678136,110,S4_twin_shock_cex_intervention,indonesia,USDC
511,0.8110043046040906,146512790.03086185,110,S4_twin_shock_cex_intervention,indonesia,USDC
512,0.7946927876061249,142849970.2800903,110,S4_twin_shock_cex_intervention,indonesia,USDC
513,0.8059912049205746,139278721.02308804,110,S4_twin_shock_cex_intervention,indonesia,USDC
514,0.7996442736543989,135796752.99751082,110,S4_twin_shock_cex_intervention,indonesia,USDC
515,0.8112184477171138,132401834.17257306,110,S4_twin_shock_cex_intervention,indonesia,USDC
516,0.8247968394837408,129091788.31825873,110,S4_twin_shock_cex_intervention,indonesia,USDC
517,0.8255252640887748,125864493.61030227,110,S4_twin_shock_cex_intervention,indonesia,USDC
518,0.7984562196035094,122717881.27004471,110,S4_twin_shock_cex_intervention,indonesia,USDC
519,0.7997086961990616,119649934.2382936,110,S4_twin_shock_cex_intervention,indonesia,USDC
520,0.7847639316574684,116658685.88233624,110,S4_twin_shock_cex_intervention,indonesia,USDC
521,0.8226470452581808,113742218.73527785,110,S4_twin_shock_cex_intervention,indonesia,USDC
522,0.819483092524054,110898663.2668959,110,S4_twin_shock_cex_intervention,indonesia,USDC
523,0.8071336860354633,108126196.68522352,110,S4_twin_shock_cex_intervention,indonesia,USDC
524,0.8016043618297177,105423041.76809293,110,S4_twin_shock_cex_intervention,indonesia,USDC
525,0.836211269258167,102787465.7238906,110,S4_twin_shock_cex_intervention,indonesia,USDC
526,0.8302220783837836,100217779.08079335,110,S4_twin_shock_cex_intervention,indonesia,USDC
527,0.8392605295079105,97712334.6037735,110,S4_twin_shock_cex_intervention,indonesia,USDC
528,0.8385891141129821,95269526.23867917,110,S4_twin_shock_cex_intervention,indonesia,USDC
529,0.8507118130817578,92887788.08271219,110,S4_twin_shock_cex_intervention,indonesia,USDC
530,0.8485146395282546,90565593.38064438,110,S4_twin_shock_cex_intervention,indonesia,USDC
531,0.8368767110140591,88301453.54612827,110,S4_twin_shock_cex_intervention,indonesia,USDC
532,0.8307570300711465,86093917.20747507,110,S4_twin_shock_cex_intervention,indonesia,USDC
533,0.811825494752346,83941569.2772882,110,S4_twin_shock_cex_intervention,indonesia,USDC
534,0.7951126175619448,81843030.04535599,110,S4_twin_shock_cex_intervention,indonesia,USDC
535,0.797618846227999,79796954.29422209,110,S4_twin_shock_cex_intervention,indonesia,USDC
536,0.794078469787754,77802030.43686654,110,S4_twin_shock_cex_intervention,indonesia,USDC
537,0.7865049185558357,75856979.67594486,110,S4_twin_shock_cex_intervention,indonesia,USDC
538,0.78545279790188,73960555.18404624,110,S4_twin_shock_cex_intervention,indonesia,USDC
539,0.7932718382941344,72111541.30444509,110,S4_twin_shock_cex_intervention,indonesia,USDC
540,0.7914624351074665,70308752.77183396,110,S4_twin_shock_cex_intervention,indonesia,USDC
541,0.791665585985014,68551033.95253812,110,S4_twin_shock_cex_intervention,indonesia,USDC
542,0.8065658494550665,66837258.10372466,110,S4_twin_shock_cex_intervention,indonesia,USDC
543,0.8114103288085047,65166326.65113154,110,S4_twin_shock_cex_intervention,indonesia,USDC
544,0.8151422964721039,63537168.48485325,110,S4_twin_shock_cex_intervention,indonesia,USDC
545,0.830413546014572,61948739.272731915,110,S4_twin_shock_cex_intervention,indonesia,USDC
546,0.7875451897273965,60400020.79091363,110,S4_twin_shock_cex_intervention,indonesia,USDC
547,0.7930226326331015,58890020.271140784,110,S4_twin_shock_cex_intervention,indonesia,USDC
548,0.7656629326318511,57417769.76436227,110,S4_twin_shock_cex_intervention,indonesia,USDC
549,0.7785822772045397,55982325.520253204,110,S4_twin_shock_cex_intervention,indonesia,USDC
550,0.79043337760328,54582767.38224688,110,S4_twin_shock_cex_intervention,indonesia,USDC
551,0.797266064476627,53218198.197690696,110,S4_twin_shock_cex_intervention,indonesia,USDC
552,0.8024329750672572,51887743.24274844,110,S4_twin_shock_cex_intervention,indonesia,USDC
553,0.8123586930567336,50590549.66167973,110,S4_twin_shock_cex_intervention,indonesia,USDC
554,0.7975056212722155,49325785.920137726,110,S4_twin_shock_cex_intervention,indonesia,USDC
555,0.79534506812227,48092641.27213429,110,S4_twin_shock_cex_intervention,indonesia,USDC
556,0.7821396262481891,46890325.24033093,110,S4_twin_shock_cex_intervention,indonesia,USDC
557,0.791574882052501,45718067.10932265,110,S4_twin_shock_cex_intervention,indonesia,USDC
558,0.8054390073568323,44575115.43158959,110,S4_twin_shock_cex_intervention,indonesia,USDC
559,0.7995166270891074,43460737.54579985,110,S4_twin_shock_cex_intervention,indonesia,USDC
560,0.7935323256947923,42374219.10715485,110,S4_twin_shock_cex_intervention,indonesia,USDC
561,0.7726578358643137,41314863.62947598,110,S4_twin_shock_cex_intervention,indonesia,USDC
562,0.7594956713447202,40281992.038739085,110,S4_twin_shock_cex_intervention,indonesia,USDC
563,0.7492960518140045,39274942.2377706,110,S4_twin_shock_cex_intervention,indonesia,USDC
564,0.7530579909910661,38293068.68182634,110,S4_twin_shock_cex_intervention,indonesia,USDC
565,0.7557240423301789,37335741.96478068,110,S4_twin_shock_cex_intervention,indonesia,USDC
566,0.774028317240068,36402348.41566116,110,S4_twin_shock_cex_intervention,indonesia,USDC
567,0.7807243811368391,35492289.705269635,110,S4_twin_shock_cex_intervention,indonesia,USDC
568,0.7749314746320337,34604982.462637894,110,S4_twin_shock_cex_intervention,indonesia,USDC
569,0.7707132144865451,33739857.90107195,110,S4_twin_shock_cex_intervention,indonesia,USDC
570,0.7544762719846337,32896361.453545146,110,S4_twin_shock_cex_intervention,indonesia,USDC
571,0.7658375407907915,32073952.41720652,110,S4_twin_shock_cex_intervention,indonesia,USDC
572,0.761325973565919,31272103.606776357,110,S4_twin_shock_cex_intervention,indonesia,USDC
573,0.7490098088346595,30490301.01660695,110,S4_twin_shock_cex_intervention,indonesia,USDC
574,0.7582657292752012,29728043.491191775,110,S4_twin_shock_cex_intervention,indonesia,USDC
575,0.7804664757543436,28984842.40391198,110,S4_twin_shock_cex_intervention,indonesia,USDC
576,0.7845614063353711,28260221.343814183,110,S4_twin_shock_cex_intervention,indonesia,USDC
577,0.7663857847606271,27553715.810218826,110,S4_twin_shock_cex_intervention,indonesia,USDC
578,0.7746598638453113,26864872.914963357,110,S4_twin_shock_cex_intervention,indonesia,USDC
579,0.775680094541647,26193251.092089273,110,S4_twin_shock_cex_intervention,indonesia,USDC
580,0.7828109249575725,25538419.814787038,110,S4_twin_shock_cex_intervention,indonesia,USDC
581,0.7801348683967754,24899959.319417365,110,S4_twin_shock_cex_intervention,indonesia,USDC
582,0.796405159321161,24277460.33643193,110,S4_twin_shock_cex_intervention,indonesia,USDC
583,0.7989397505411209,23670523.82802113,110,S4_twin_shock_cex_intervention,indonesia,USDC
584,0.787241381702787,23078760.732320603,110,S4_twin_shock_cex_intervention,indonesia,USDC
585,0.7875016898958758,22501791.71401259,110,S4_twin_shock_cex_intervention,indonesia,USDC
586,0.7790149428140635,21939246.921162274,110,S4_twin_shock_cex_intervention,indonesia,USDC
587,0.7939169787689394,21390765.74813322,110,S4_twin_shock_cex_intervention,indonesia,USDC
588,0.8177433411273897,20855996.604429886,110,S4_twin_shock_cex_intervention,indonesia,USDC
589,0.7909593240380902,20334596.68931914,110,S4_twin_shock_cex_intervention,indonesia,USDC
590,0.8025177818706253,19826231.772086162,110,S4_twin_shock_cex_intervention,indonesia,USDC
591,0.7890732561871854,19330575.977784008,110,S4_twin_shock_cex_intervention,indonesia,USDC
592,0.7771934025381141,18847311.57833941,110,S4_twin_shock_cex_intervention,indonesia,USDC
593,0.8000386261766826,18376128.788880922,110,S4_twin_shock_cex_intervention,indonesia,USDC
594,0.776996757263624,17916725.5691589,110,S4_twin_shock_cex_intervention,indonesia,USDC
595,0.7691103870681052,17468807.429929927,110,S4_twin_shock_cex_intervention,indonesia,USDC
596,0.7783399417513983,17032087.24418168,110,S4_twin_shock_cex_intervention,indonesia,USDC
597,0.7591086366990243,16606285.063077139,110,S4_twin_shock_cex_intervention,indonesia,USDC
598,0.7511568638600141,16191127.93650021,110,S4_twin_shock_cex_intervention,indonesia,USDC
599,0.727709722158129,15786349.738087706,110,S4_twin_shock_cex_intervention,indonesia,USDC
600,0.7627874150014659,15391690.994635513,110,S4_twin_shock_cex_intervention,indonesia,USDC
601,0.747258197967267,15006898.719769627,110,S4_twin_shock_cex_intervention,indonesia,USDC
602,0.7307752818801628,14631726.251775384,110,S4_twin_shock_cex_intervention,indonesia,USDC
603,0.7356768206877531,14265933.095481,110,S4_twin_shock_cex_intervention,indonesia,USDC
604,0.728645581554152,13909284.768093973,110,S4_twin_shock_cex_intervention,indonesia,USDC
605,0.7370173537044071,13561552.648891626,110,S4_twin_shock_cex_intervention,indonesia,USDC
606,0.7482150610344577,13222513.832669334,110,S4_twin_shock_cex_intervention,indonesia,USDC
607,0.7534714931244204,12891950.986852601,110,S4_twin_shock_cex_intervention,indonesia,USDC
608,0.7685525372779769,12569652.212181285,110,S4_twin_shock_cex_intervention,indonesia,USDC
609,0.753142370398726,12255410.906876754,110,S4_twin_shock_cex_intervention,indonesia,USDC
610,0.7502806479893178,11949025.634204835,110,S4_twin_shock_cex_intervention,indonesia,USDC
611,0.7876229875633755,11650299.993349714,110,S4_twin_shock_cex_intervention,indonesia,USDC
612,0.831730588977852,11359042.493515972,110,S4_twin_shock_cex_intervention,indonesia,USDC
613,0.8037559063639858,11075066.431178072,110,S4_twin_shock_cex_intervention,indonesia,USDC
614,0.823957287529658,10798189.77039862,110,S4_twin_shock_cex_intervention,indonesia,USDC
615,0.8328981210015762,10528235.026138654,110,S4_twin_shock_cex_intervention,indonesia,USDC
616,0.8226647138639817,10265029.150485188,110,S4_twin_shock_cex_intervention,indonesia,USDC
617,0.8021115407597965,10008403.421723058,110,S4_twin_shock_cex_intervention,indonesia,USDC
618,0.8137075151804684,9758193.336179983,110,S4_twin_shock_cex_intervention,indonesia,USDC
619,0.813712749153163,9514238.502775483,110,S4_twin_shock_cex_intervention,indonesia,USDC
620,0.8041135918097878,9276382.540206095,110,S4_twin_shock_cex_intervention,indonesia,USDC
621,0.8191666067805454,9044472.976700943,110,S4_twin_shock_cex_intervention,indonesia,USDC
622,0.8574271674135482,8818361.152283419,110,S4_twin_shock_cex_intervention,indonesia,USDC
623,0.8313282580717725,8597902.123476334,110,S4_twin_shock_cex_intervention,indonesia,USDC
624,0.8182951576708388,8382954.570389425,110,S4_twin_shock_cex_intervention,indonesia,USDC
625,0.7803602820407234,8173380.706129691,110,S4_twin_shock_cex_intervention,indonesia,USDC
626,0.7747522211238271,7969046.188476447,110,S4_twin_shock_cex_intervention,indonesia,USDC
627,0.7998924713993263,7769820.033764537,110,S4_twin_shock_cex_intervention,indonesia,USDC
628,0.7929281912735059,7575574.532920424,110,S4_twin_shock_cex_intervention,indonesia,USDC
629,0.7993011125674204,7386185.169597413,110,S4_twin_shock_cex_intervention,indonesia,USDC
630,0.7867878607468662,7201530.540357478,110,S4_twin_shock_cex_intervention,indonesia,USDC
631,0.7453892892952543,7021492.276848541,110,S4_twin_shock_cex_intervention,indonesia,USDC
632,0.7467262691713532,6845954.969927327,110,S4_twin_shock_cex_intervention,indonesia,USDC
633,0.7273882227636784,6674806.095679143,110,S4_twin_shock_cex_intervention,indonesia,USDC
634,0.7242816180237708,6507935.943287166,110,S4_twin_shock_cex_intervention,indonesia,USDC
635,0.7443919553346545,6345237.544704986,110,S4_twin_shock_cex_intervention,indonesia,USDC
636,0.7371665905236868,6186606.606087361,110,S4_twin_shock_cex_intervention,indonesia,USDC
637,0.7150054939066772,6031941.440935178,110,S4_twin_shock_cex_intervention,indonesia,USDC
638,0.7413041080421365,5881142.904911798,110,S4_twin_shock_cex_intervention,indonesia,USDC
639,0.7240184433227457,5734114.332289004,110,S4_twin_shock_cex_intervention,indonesia,USDC
640,0.7229499471333262,5590761.473981778,110,S4_twin_shock_cex_intervention,indonesia,USDC
641,0.7453906679010556,5450992.437132234,110,S4_twin_shock_cex_intervention,indonesia,USDC
642,0.7712520484978821,5314717.626203928,110,S4_twin_shock_cex_intervention,indonesia,USDC
643,0.7549699004593694,5181849.68554883,110,S4_twin_shock_cex_intervention,indonesia,USDC
644,0.7589851949411017,5052303.44341011,110,S4_twin_shock_cex_intervention,indonesia,USDC
645,0.7891141316949374,4925995.857324855,110,S4_twin_shock_cex_intervention,indonesia,USDC
646,0.7907564402115862,4802845.960891735,110,S4_twin_shock_cex_intervention,indonesia,USDC
647,0.8002407239070742,4682774.811869441,110,S4_twin_shock_cex_intervention,indonesia,USDC
648,0.7943726267435226,4565705.441572705,110,S4_twin_shock_cex_intervention,indonesia,USDC
649,0.7756743607961597,4451562.805533387,110,S4_twin_shock_cex_intervention,indonesia,USDC
650,0.7657282039231236,4340273.7353950525,110,S4_twin_shock_cex_intervention,indonesia,USDC
651,0.7693241369357622,4231766.892010177,110,S4_twin_shock_cex_intervention,indonesia,USDC
652,0.7704118042780204,4125972.7197099216,110,S4_twin_shock_cex_intervention,indonesia,USDC
653,0.7892595164685934,4022823.401717174,110,S4_twin_shock_cex_intervention,indonesia,USDC
654,0.800413343690194,3922252.8166742446,110,S4_twin_shock_cex_intervention,indonesia,USDC
655,0.8086742400004291,3824196.496257389,110,S4_twin_shock_cex_intervention,indonesia,USDC
656,0.7904965942589786,3728591.5838509537,110,S4_twin_shock_cex_intervention,indonesia,USDC
657,0.8043322928587174,3635376.79425468,110,S4_twin_shock_cex_intervention,indonesia,USDC
658,0.7242511350134587,3544492.3743983135,110,S4_twin_shock_cex_intervention,indonesia,USDC
659,0.7308724857454849,3455880.0650383555,110,S4_twin_shock_cex_intervention,indonesia,USDC
660,0.7569598237051415,3369483.0634123962,110,S4_twin_shock_cex_intervention,indonesia,USDC
661,0.7628992394116684,3285245.986827086,110,S4_twin_shock_cex_intervention,indonesia,USDC
662,0.7787197815243575,3203114.8371564085,110,S4_twin_shock_cex_intervention,indonesia,USDC
663,0.7796314520765614,3123036.966227499,110,S4_twin_shock_cex_intervention,indonesia,USDC
664,0.7959424811285947,3044961.042071811,110,S4_twin_shock_cex_intervention,indonesia,USDC
665,0.789436180072906,2968837.016020016,110,S4_twin_shock_cex_intervention,indonesia,USDC
666,0.7944087883870938,2894616.0906195156,110,S4_twin_shock_cex_intervention,indonesia,USDC
667,0.7639539846904743,2822250.6883540275,110,S4_twin_shock_cex_intervention,indonesia,USDC
668,0.7596268019955722,2751694.421145177,110,S4_twin_shock_cex_intervention,indonesia,USDC
669,0.7605578512185831,2682902.0606165472,110,S4_twin_shock_cex_intervention,indonesia,USDC
670,0.7619576464414399,2615829.509101134,110,S4_twin_shock_cex_intervention,indonesia,USDC
671,0.7765913720506702,2550433.7713736054,110,S4_twin_shock_cex_intervention,indonesia,USDC
672,0.805060398459504,2486672.927089265,110,S4_twin_shock_cex_intervention,indonesia,USDC
673,0.8099184781635441,2424506.1039120336,110,S4_twin_shock_cex_intervention,indonesia,USDC
674,0.7845120372810034,2363893.451314233,110,S4_twin_shock_cex_intervention,indonesia,USDC
675,0.7859201214511043,2304796.115031377,110,S4_twin_shock_cex_intervention,indonesia,USDC
676,0.7887146733566751,2247176.2121555926,110,S4_twin_shock_cex_intervention,indonesia,USDC
677,0.791928729106623,2190996.8068517027,110,S4_twin_shock_cex_intervention,indonesia,USDC
678,0.7904080839684788,2136221.88668041,110,S4_twin_shock_cex_intervention,indonesia,USDC
679,0.7642159317445706,2082816.3395133996,110,S4_twin_shock_cex_intervention,indonesia,USDC
680,0.7548407494393787,2030745.931025565,110,S4_twin_shock_cex_intervention,indonesia,USDC
681,0.7722597000254109,1979977.2827499257,110,S4_twin_shock_cex_intervention,indonesia,USDC
682,0.7773121895753887,1930477.8506811773,110,S4_twin_shock_cex_intervention,indonesia,USDC
683,0.8000834132612692,1882215.904414148,110,S4_twin_shock_cex_intervention,indonesia,USDC
684,0.7881149442830085,1835160.5068037943,110,S4_twin_shock_cex_intervention,indonesia,USDC
685,0.7997747682088183,1789281.4941336995,110,S4_twin_shock_cex_intervention,indonesia,USDC
686,0.8309093609701133,1744549.456780357,110,S4_twin_shock_cex_intervention,indonesia,USDC
687,0.8357591404864974,1700935.7203608481,110,S4_twin_shock_cex_intervention,indonesia,USDC
688,0.8242397610956802,1658412.327351827,110,S4_twin_shock_cex_intervention,indonesia,USDC
689,0.8156280848627403,1616952.0191680314,110,S4_twin_shock_cex_intervention,indonesia,USDC
690,0.8057778084624196,1576528.2186888305,110,S4_twin_shock_cex_intervention,indonesia,USDC
691,0.8034054503656652,1537115.0132216099,110,S4_twin_shock_cex_intervention,indonesia,USDC
692,0.8035697013748753,1498687.1378910695,110,S4_twin_shock_cex_intervention,indonesia,USDC
693,0.8205225572849517,1461219.9594437927,110,S4_twin_shock_cex_intervention,indonesia,USDC
694,0.766419023932912,1424689.460457698,110,S4_twin_shock_cex_intervention,indonesia,USDC
695,0.7677244817962615,1389072.2239462554,110,S4_twin_shock_cex_intervention,indonesia,USDC
696,0.7510760659106883,1354345.418347599,110,S4_twin_shock_cex_intervention,indonesia,USDC
697,0.6721103165242844,1320486.7828889089,110,S4_twin_shock_cex_intervention,indonesia,USDC
698,0.6963768534579426,1287474.6133166864,110,S4_twin_shock_cex_intervention,indonesia,USDC
699,0.7256801361016519,1255287.747983769,110,S4_twin_shock_cex_intervention,indonesia,USDC
700,0.7399176536513136,1223905.5542841747,110,S4_twin_shock_cex_intervention,indonesia,USDC
701,0.7109950864834479,1193307.9154270706,110,S4_twin_shock_cex_intervention,indonesia,USDC
702,0.7169430708059176,1163475.2175413936,110,S4_twin_shock_cex_intervention,indonesia,USDC
703,0.7414164657218325,1134388.3371028588,110,S4_twin_shock_cex_intervention,indonesia,USDC
704,0.7366464898278804,1106028.6286752874,110,S4_twin_shock_cex_intervention,indonesia,USDC
705,0.7434373994519548,1078377.9129584052,110,S4_twin_shock_cex_intervention,indonesia,USDC
706,0.7376625187968262,1051418.465134445,110,S4_twin_shock_cex_intervention,indonesia,USDC
707,0.7208662580240952,1025133.003506084,110,S4_twin_shock_cex_intervention,indonesia,USDC
708,0.7312245919333501,999504.6784184319,110,S4_twin_shock_cex_intervention,indonesia,USDC
709,0.7367437224845277,974517.061457971,110,S4_twin_shock_cex_intervention,indonesia,USDC
710,0.7504947312796743,950154.1349215218,110,S4_twin_shock_cex_intervention,indonesia,USDC
711,0.7746448814269695,926400.2815484838,110,S4_twin_shock_cex_intervention,indonesia,USDC
712,0.7828549544293908,903240.2745097717,110,S4_twin_shock_cex_intervention,indonesia,USDC
713,0.7798412467860744,880659.2676470273,110,S4_twin_shock_cex_intervention,indonesia,USDC
714,0.7697222557001673,858642.7859558517,110,S4_twin_shock_cex_intervention,indonesia,USDC
715,0.7609805798441805,837176.7163069553,110,S4_twin_shock_cex_intervention,indonesia,USDC
716,0.7653211524899006,816247.2983992815,110,S4_twin_shock_cex_intervention,indonesia,USDC
717,0.7567242779109206,795841.1159392993,110,S4_twin_shock_cex_intervention,indonesia,USDC
718,0.7696667964226233,775945.088040817,110,S4_twin_shock_cex_intervention,indonesia,USDC
719,0.7659786582921628,756546.4608397965,110,S4_twin_shock_cex_intervention,indonesia,USDC
720,0.788494856766682,737632.7993188016,110,S4_twin_shock_cex_intervention,indonesia,USDC
721,0.7823269388458703,719191.9793358315,110,S4_twin_shock_cex_intervention,indonesia,USDC
722,0.7582336910422077,701212.1798524357,110,S4_twin_shock_cex_intervention,indonesia,USDC
723,0.7616349978004474,683681.8753561248,110,S4_twin_shock_cex_intervention,indonesia,USDC
724,0.7663681651261748,666589.8284722217,110,S4_twin_shock_cex_intervention,indonesia,USDC
725,0.7769633977099742,649925.0827604162,110,S4_twin_shock_cex_intervention,indonesia,USDC
726,0.7674280143153565,633676.9556914058,110,S4_twin_shock_cex_intervention,indonesia,USDC
727,0.7651185855617116,617835.0317991206,110,S4_twin_shock_cex_intervention,indonesia,USDC
728,0.7604938081117641,602389.1560041426,110,S4_twin_shock_cex_intervention,indonesia,USDC
729,0.7511527196829594,587329.427104039,110,S4_twin_shock_cex_intervention,indonesia,USDC
730,0.7438561146223968,572646.191426438,110,S4_twin_shock_cex_intervention,indonesia,USDC
731,0.7432151036901995,558330.0366407771,110,S4_twin_shock_cex_intervention,indonesia,USDC
732,0.7380678019384167,544371.7857247577,110,S4_twin_shock_cex_intervention,indonesia,USDC
733,0.7548794254004851,530762.4910816387,110,S4_twin_shock_cex_intervention,indonesia,USDC
734,0.755396967870953,517493.4288045978,110,S4_twin_shock_cex_intervention,indonesia,USDC
735,0.7704203673900314,504556.0930844828,110,S4_twin_shock_cex_intervention,indonesia,USDC
736,0.7863187329576529,491942.1907573708,110,S4_twin_shock_cex_intervention,indonesia,USDC
737,0.8195753155545593,479643.63598843646,110,S4_twin_shock_cex_intervention,indonesia,USDC
738,0.8161336716931101,467652.5450887256,110,S4_twin_shock_cex_intervention,indonesia,USDC
739,0.8106904434293979,455961.23146150744,110,S4_twin_shock_cex_intervention,indonesia,USDC
740,0.7881367384387119,444562.2006749698,110,S4_twin_shock_cex_intervention,indonesia,USDC
741,0.7974632115732557,433448.1456580956,110,S4_twin_shock_cex_intervention,indonesia,USDC
742,0.78965472789839,422611.9420166432,110,S4_twin_shock_cex_intervention,indonesia,USDC
743,0.8055435596591232,412046.6434662271,110,S4_twin_shock_cex_intervention,indonesia,USDC
744,0.7867595345916033,401745.4773795714,110,S4_twin_shock_cex_intervention,indonesia,USDC
745,0.7909344054806552,391701.8404450821,110,S4_twin_shock_cex_intervention,indonesia,USDC
746,0.7899397328485437,381909.2944339551,110,S4_twin_shock_cex_intervention,indonesia,USDC
747,0.7964683634824218,372361.5620731062,110,S4_twin_shock_cex_intervention,indonesia,USDC
748,0.8057836346319377,363052.52302127855,110,S4_twin_shock_cex_intervention,indonesia,USDC
749,0.8053234071178875,353976.2099457466,110,S4_twin_shock_cex_intervention,indonesia,USDC
750,0.7894943492294954,345126.80469710287,110,S4_twin_shock_cex_intervention,indonesia,USDC
751,0.7793763241949557,336498.6345796754,110,S4_twin_shock_cex_intervention,indonesia,USDC
752,0.771932611856384,328086.16871518345,110,S4_twin_shock_cex_intervention,indonesia,USDC
753,0.7777784205837256,319884.01449730387,110,S4_twin_shock_cex_intervention,indonesia,USDC
754,0.7439395787453396,311886.9141348713,110,S4_twin_shock_cex_intervention,indonesia,USDC
755,0.7348885834138621,304089.7412814995,110,S4_twin_shock_cex_intervention,indonesia,USDC
756,0.7154247897042004,296487.49774946197,110,S4_twin_shock_cex_intervention,indonesia,USDC
757,0.7320832677880511,289075.31030572543,110,S4_twin_shock_cex_intervention,indonesia,USDC
758,0.7629163679160947,281848.4275480823,110,S4_twin_shock_cex_intervention,indonesia,USDC
759,0.769953596250808,274802.21685938025,110,S4_twin_shock_cex_intervention,indonesia,USDC
760,0.7556538707186895,267932.16143789573,110,S4_twin_shock_cex_intervention,indonesia,USDC
761,0.7740326203049978,261233.8574019483,110,S4_twin_shock_cex_intervention,indonesia,USDC
762,0.7506427703974585,254703.01096689963,110,S4_twin_shock_cex_intervention,indonesia,USDC
763,0.7528113797455462,248335.43569272716,110,S4_twin_shock_cex_intervention,indonesia,USDC
764,0.7916600391796429,242127.049800409,110,S4_twin_shock_cex_intervention,indonesia,USDC
765,0.8080955340008502,236073.87355539878,110,S4_twin_shock_cex_intervention,indonesia,USDC
766,0.8011153295783887,230172.0267165138,110,S4_twin_shock_cex_intervention,indonesia,USDC
767,0.804707059574136,224417.72604860098,110,S4_twin_shock_cex_intervention,indonesia,USDC
768,0.8045139517140364,218807.28289738594,110,S4_twin_shock_cex_intervention,indonesia,USDC
769,0.8077340248573911,213337.10082495128,110,S4_twin_shock_cex_intervention,indonesia,USDC
770,0.8092003840893935,208003.67330432747,110,S4_twin_shock_cex_intervention,indonesia,USDC
771,0.7834564430495841,202803.58147171934,110,S4_twin_shock_cex_intervention,indonesia,USDC
772,0.7931860193414129,197733.49193492637,110,S4_twin_shock_cex_intervention,indonesia,USDC
773,0.7837105990366974,192790.1546365532,110,S4_twin_shock_cex_intervention,indonesia,USDC
774,0.7970784328795559,187970.40077063936,110,S4_twin_shock_cex_intervention,indonesia,USDC
775,0.7928231084560773,183271.14075137337,110,S4_twin_shock_cex_intervention,indonesia,USDC
776,0.7837821596643745,178689.36223258905,110,S4_twin_shock_cex_intervention,indonesia,USDC
777,0.7574261488526323,174222.1281767743,110,S4_twin_shock_cex_intervention,indonesia,USDC
778,0.7608733297918342,169866.57497235495,110,S4_twin_shock_cex_intervention,indonesia,USDC
779,0.7446228160169642,165619.9105980461,110,S4_twin_shock_cex_intervention,indonesia,USDC
780,0.7714045984845369,161479.41283309495,110,S4_twin_shock_cex_intervention,indonesia,USDC
781,0.7925546784641834,157442.42751226755,110,S4_twin_shock_cex_intervention,indonesia,USDC
782,0.7901754268010449,153506.36682446086,110,S4_twin_shock_cex_intervention,indonesia,USDC
783,0.8128234936430537,149668.70765384936,110,S4_twin_shock_cex_intervention,indonesia,USDC
784,0.8161763477960402,145926.9899625031,110,S4_twin_shock_cex_intervention,indonesia,USDC
785,0.822745105072574,142278.81521344054,110,S4_twin_shock_cex_intervention,indonesia,USDC
786,0.8255103683173503,138721.84483310452,110,S4_twin_shock_cex_intervention,indonesia,USDC
787,0.7897098233953819,135253.7987122769,110,S4_twin_shock_cex_intervention,indonesia,USDC
788,0.786096024822227,131872.45374446997,110,S4_twin_shock_cex_intervention,indonesia,USDC
789,0.7946161440369794,128575.64240085824,110,S4_twin_shock_cex_intervention,indonesia,USDC
790,0.7757056575858325,125361.25134083678,110,S4_twin_shock_cex_intervention,indonesia,USDC
791,0.7577474013161525,122227.22005731586,110,S4_twin_shock_cex_intervention,indonesia,USDC
792,0.7680835122161046,119171.53955588298,110,S4_twin_shock_cex_intervention,indonesia,USDC
793,0.7658022664678098,116192.25106698587,110,S4_twin_shock_cex_intervention,indonesia,USDC
794,0.7609843213215487,113287.44479031125,110,S4_twin_shock_cex_intervention,indonesia,USDC
795,0.7784398757891067,110455.25867055345,110,S4_twin_shock_cex_intervention,indonesia,USDC
796,0.7618421146128742,107693.87720378963,110,S4_twin_shock_cex_intervention,indonesia,USDC
797,0.7467509872771803,105001.53027369488,110,S4_twin_shock_cex_intervention,indonesia,USDC
798,0.7295287855803795,102376.49201685251,110,S4_twin_shock_cex_intervention,indonesia,USDC
799,0.7497733318044186,99817.07971643118,110,S4_twin_shock_cex_intervention,indonesia,USDC
800,0.7748141235575711,97321.65272352041,110,S4_twin_shock_cex_intervention,indonesia,USDC
801,0.7622252410624913,94888.61140543241,110,S4_twin_shock_cex_intervention,indonesia,USDC
802,0.7609486799520134,92516.3961202966,110,S4_twin_shock_cex_intervention,indonesia,USDC
803,0.8125938298354283,90203.48621728919,110,S4_twin_shock_cex_intervention,indonesia,USDC
804,0.8154025131789812,87948.39906185695,110,S4_twin_shock_cex_intervention,indonesia,USDC
805,0.814958341048276,85749.68908531053,110,S4_twin_shock_cex_intervention,indonesia,USDC
806,0.7932432168673118,83605.94685817778,110,S4_twin_shock_cex_intervention,indonesia,USDC
807,0.7934032488858866,81515.79818672332,110,S4_twin_shock_cex_intervention,indonesia,USDC
808,0.8005330181349611,79477.90323205524,110,S4_twin_shock_cex_intervention,indonesia,USDC
809,0.7864868923645068,77490.95565125385,110,S4_twin_shock_cex_intervention,indonesia,USDC
810,0.7783744097424017,75553.6817599725,110,S4_twin_shock_cex_intervention,indonesia,USDC
811,0.7848199543560209,73664.8397159732,110,S4_twin_shock_cex_intervention,indonesia,USDC
812,0.7749800891867368,71823.21872307386,110,S4_twin_shock_cex_intervention,indonesia,USDC
813,0.7923060300596872,70027.63825499701,110,S4_twin_shock_cex_intervention,indonesia,USDC
814,0.788586961548906,68276.9472986221,110,S4_twin_shock_cex_intervention,indonesia,USDC
815,0.8076402059864206,66570.02361615654,110,S4_twin_shock_cex_intervention,indonesia,USDC
816,0.790882692020875,64905.77302575263,110,S4_twin_shock_cex_intervention,indonesia,USDC
817,0.7936890628180837,63283.12870010882,110,S4_twin_shock_cex_intervention,indonesia,USDC
818,0.7915796996691723,61701.05048260609,110,S4_twin_shock_cex_intervention,indonesia,USDC
819,0.7821281178705382,60158.524220540945,110,S4_twin_shock_cex_intervention,indonesia,USDC
820,0.7673077640187459,58654.56111502742,110,S4_twin_shock_cex_intervention,indonesia,USDC
821,0.789822796952454,57188.19708715173,110,S4_twin_shock_cex_intervention,indonesia,USDC
822,0.7948661114075241,55758.492159972935,110,S4_twin_shock_cex_intervention,indonesia,USDC
823,0.7868079938811636,54364.52985597361,110,S4_twin_shock_cex_intervention,indonesia,USDC
824,0.7702992034583468,53005.41660957428,110,S4_twin_shock_cex_intervention,indonesia,USDC
825,0.7682915947158828,51680.281194334915,110,S4_twin_shock_cex_intervention,indonesia,USDC
826,0.7797737129013139,50388.27416447654,110,S4_twin_shock_cex_intervention,indonesia,USDC
827,0.7533949319971229,49128.567310364626,110,S4_twin_shock_cex_intervention,indonesia,USDC
828,0.7673689396668959,47900.353127605515,110,S4_twin_shock_cex_intervention,indonesia,USDC
829,0.7694031940485444,46702.844299415374,110,S4_twin_shock_cex_intervention,indonesia,USDC
830,0.7552049115378624,45535.27319192999,110,S4_twin_shock_cex_intervention,indonesia,USDC
831,0.7409079412432004,44396.89136213174,110,S4_twin_shock_cex_intervention,indonesia,USDC
832,0.7462876602572777,43286.969078078444,110,S4_twin_shock_cex_intervention,indonesia,USDC
833,0.7838684611785205,42204.794851126484,110,S4_twin_shock_cex_intervention,indonesia,USDC
834,0.7952095043633327,41149.67497984832,110,S4_twin_shock_cex_intervention,indonesia,USDC
835,0.7942984189382543,40120.93310535212,110,S4_twin_shock_cex_intervention,indonesia,USDC
836,0.7338104937712283,39117.90977771831,110,S4_twin_shock_cex_intervention,indonesia,USDC
837,0.7478579541251589,38139.962033275355,110,S4_twin_shock_cex_intervention,indonesia,USDC
838,0.7325606670095702,37186.46298244347,110,S4_twin_shock_cex_intervention,indonesia,USDC
839,0.7663977730050119,36256.801407882376,110,S4_twin_shock_cex_intervention,indonesia,USDC
840,0.7797289190668825,35350.38137268532,110,S4_twin_shock_cex_intervention,indonesia,USDC
841,0.7921018119505805,34466.621838368184,110,S4_twin_shock_cex_intervention,indonesia,USDC
842,0.8063610180083672,33604.956292408984,110,S4_twin_shock_cex_intervention,indonesia,USDC
843,0.8142926410073912,32764.832385098758,110,S4_twin_shock_cex_intervention,indonesia,USDC
844,0.8025540565576339,31945.711575471294,110,S4_twin_shock_cex_intervention,indonesia,USDC
845,0.7892537308787275,31147.06878608451,110,S4_twin_shock_cex_intervention,indonesia,USDC
846,0.7773423393098248,30368.392066432396,110,S4_twin_shock_cex_intervention,indonesia,USDC
847,0.7935890040645466,29609.18226477159,110,S4_twin_shock_cex_intervention,indonesia,USDC
848,0.808898694901111,28868.952708152297,110,S4_twin_shock_cex_intervention,indonesia,USDC
849,0.7862358470040971,28147.22889044849,110,S4_twin_shock_cex_intervention,indonesia,USDC
850,0.7885331995449923,27443.548168187277,110,S4_twin_shock_cex_intervention,indonesia,USDC
851,0.8029223300596569,26757.459463982595,110,S4_twin_shock_cex_intervention,indonesia,USDC
852,0.8108932635170363,26088.52297738303,110,S4_twin_shock_cex_intervention,indonesia,USDC
853,0.8047226079671821,25436.30990294845,110,S4_twin_shock_cex_intervention,indonesia,USDC
854,0.8195646838990294,24800.402155374744,110,S4_twin_shock_cex_intervention,indonesia,USDC
855,0.7968801540775433,24180.392101490375,110,S4_twin_shock_cex_intervention,indonesia,USDC
856,0.8159316157533562,23575.882298953115,110,S4_twin_shock_cex_intervention,indonesia,USDC
857,0.8159332980001124,22986.485241479288,110,S4_twin_shock_cex_intervention,indonesia,USDC
858,0.8200785663907252,22411.823110442303,110,S4_twin_shock_cex_intervention,indonesia,USDC
859,0.7990649005856827,21851.527532681248,110,S4_twin_shock_cex_intervention,indonesia,USDC
860,0.809368085092365,21305.239344364218,110,S4_twin_shock_cex_intervention,indonesia,USDC
861,0.8276787606329661,20772.60836075511,110,S4_twin_shock_cex_intervention,indonesia,USDC
862,0.8145792074347393,20253.293151736234,110,S4_twin_shock_cex_intervention,indonesia,USDC
863,0.796661996435915,19746.960822942827,110,S4_twin_shock_cex_intervention,indonesia,USDC
864,0.7534730824661965,19253.286802369257,110,S4_twin_shock_cex_intervention,indonesia,USDC
865,0.7725462911065476,18771.954632310026,110,S4_twin_shock_cex_intervention,indonesia,USDC
866,0.7853482916389807,18302.655766502277,110,S4_twin_shock_cex_intervention,indonesia,USDC
867,0.7819895303435026,17845.089372339717,110,S4_twin_shock_cex_intervention,indonesia,USDC
868,0.8075230196271719,17398.962138031224,110,S4_twin_shock_cex_intervention,indonesia,USDC
869,0.7812581305987445,16963.988084580444,110,S4_twin_shock_cex_intervention,indonesia,USDC
870,0.8028053742425617,16539.888382465935,110,S4_twin_shock_cex_intervention,indonesia,USDC
871,0.7976060791907814,16126.391172904285,110,S4_twin_shock_cex_intervention,indonesia,USDC
872,0.8079433933098589,15723.231393581678,110,S4_twin_shock_cex_intervention,indonesia,USDC
873,0.8053878504026628,15330.150608742137,110,S4_twin_shock_cex_intervention,indonesia,USDC
874,0.8174349630325224,14946.896843523584,110,S4_twin_shock_cex_intervention,indonesia,USDC
875,0.814620557424999,14573.224422435494,110,S4_twin_shock_cex_intervention,indonesia,USDC
876,0.7925621752852816,14208.893811874606,110,S4_twin_shock_cex_intervention,indonesia,USDC
877,0.8003043543147714,13853.67146657774,110,S4_twin_shock_cex_intervention,indonesia,USDC
878,0.8293894144693668,13507.329679913299,110,S4_twin_shock_cex_intervention,indonesia,USDC
879,0.854997504617626,13169.646437915464,110,S4_twin_shock_cex_intervention,indonesia,USDC
880,0.8433532232315142,12840.405276967576,110,S4_twin_shock_cex_intervention,indonesia,USDC
881,0.8420892781264141,12519.395145043389,110,S4_twin_shock_cex_intervention,indonesia,USDC
882,0.8751955618374717,12206.410266417302,110,S4_twin_shock_cex_intervention,indonesia,USDC
883,0.8725407298365534,11901.25000975687,110,S4_twin_shock_cex_intervention,indonesia,USDC
884,0.8560417148075626,11603.718759512949,110,S4_twin_shock_cex_intervention,indonesia,USDC
885,0.8242697005443602,11313.625790525126,110,S4_twin_shock_cex_intervention,indonesia,USDC
886,0.8132942279303569,11030.785145761998,110,S4_twin_shock_cex_intervention,indonesia,USDC
887,0.7923467624164563,10755.015517117947,110,S4_twin_shock_cex_intervention,indonesia,USDC
888,0.8115902901896517,10486.140129189998,110,S4_twin_shock_cex_intervention,indonesia,USDC
889,0.8159536262483474,10223.986625960248,110,S4_twin_shock_cex_intervention,indonesia,USDC
890,0.8476623649825857,9968.386960311242,110,S4_twin_shock_cex_intervention,indonesia,USDC
891,0.8450870051052078,9719.177286303462,110,S4_twin_shock_cex_intervention,indonesia,USDC
892,0.8657482693089281,9476.197854145874,110,S4_twin_shock_cex_intervention,indonesia,USDC
893,0.8506616991362983,9239.292907792229,110,S4_twin_shock_cex_intervention,indonesia,USDC
894,0.8191613215694658,9008.31058509742,110,S4_twin_shock_cex_intervention,indonesia,USDC
895,0.8038905124757849,8783.102820469987,110,S4_twin_shock_cex_intervention,indonesia,USDC
896,0.8145410987103028,8563.525249958237,110,S4_twin_shock_cex_intervention,indonesia,USDC
897,0.8335993652692811,8349.43711870928,110,S4_twin_shock_cex_intervention,indonesia,USDC
898,0.8092122154845285,8140.701190741549,110,S4_twin_shock_cex_intervention,indonesia,USDC
899,0.8355086469473936,7937.183660973009,110,S4_twin_shock_cex_intervention,indonesia,USDC
900,0.8448322936217878,7738.754069448684,110,S4_twin_shock_cex_intervention,indonesia,USDC
901,0.8751393165865611,7545.285217712467,110,S4_twin_shock_cex_intervention,indonesia,USDC
902,0.8427773194009417,7356.653087269655,110,S4_twin_shock_cex_intervention,indonesia,USDC
903,0.8222444435903054,7172.736760087914,110,S4_twin_shock_cex_intervention,indonesia,USDC
904,0.8159888392619788,6993.418341085716,110,S4_twin_shock_cex_intervention,indonesia,USDC
905,0.8080643809122317,6818.582882558572,110,S4_twin_shock_cex_intervention,indonesia,USDC
906,0.8096277725678241,6648.1183104946085,110,S4_twin_shock_cex_intervention,indonesia,USDC
907,0.8102359369127238,6481.915352732243,110,S4_twin_shock_cex_intervention,indonesia,USDC
908,0.8419523871424966,6319.867468913937,110,S4_twin_shock_cex_intervention,indonesia,USDC
909,0.8131589054103944,6161.870782191088,110,S4_twin_shock_cex_intervention,indonesia,USDC
910,0.8246906897808806,6007.824012636312,110,S4_twin_shock_cex_intervention,indonesia,USDC
911,0.804371040992985,5857.628412320404,110,S4_twin_shock_cex_intervention,indonesia,USDC
912,0.82018144347015,5711.187702012394,110,S4_twin_shock_cex_intervention,indonesia,USDC
913,0.8052015236921675,5568.408009462084,110,S4_twin_shock_cex_intervention,indonesia,USDC
914,0.7852635647156434,5429.197809225532,110,S4_twin_shock_cex_intervention,indonesia,USDC
915,0.7738360431974399,5293.467863994893,110,S4_twin_shock_cex_intervention,indonesia,USDC
916,0.7916659865448432,5161.131167395021,110,S4_twin_shock_cex_intervention,indonesia,USDC
917,0.8064884550445306,5032.1028882101455,110,S4_twin_shock_cex_intervention,indonesia,USDC
918,0.791116740850698,4906.300316004892,110,S4_twin_shock_cex_intervention,indonesia,USDC
919,0.7799243433104881,4783.64280810477,110,S4_twin_shock_cex_intervention,indonesia,USDC
920,0.7836354461766311,4664.05173790215,110,S4_twin_shock_cex_intervention,indonesia,USDC
921,0.8155150942791785,4547.450444454596,110,S4_twin_shock_cex_intervention,indonesia,USDC
922,0.8218297979255048,4433.764183343232,110,S4_twin_shock_cex_intervention,indonesia,USDC
923,0.8528735310008224,4322.920078759651,110,S4_twin_shock_cex_intervention,indonesia,USDC
924,0.8639978378350053,4214.84707679066,110,S4_twin_shock_cex_intervention,indonesia,USDC
925,0.8799990839043217,4109.475899870894,110,S4_twin_shock_cex_intervention,indonesia,USDC
926,0.8865164153871535,4006.7390023741214,110,S4_twin_shock_cex_intervention,indonesia,USDC
927,0.8734356015276188,3906.5705273147687,110,S4_twin_shock_cex_intervention,indonesia,USDC
928,0.8823125361316225,3808.906264131899,110,S4_twin_shock_cex_intervention,indonesia,USDC
929,0.862523901196578,3713.6836075286014,110,S4_twin_shock_cex_intervention,indonesia,USDC
930,0.8522702351967186,3620.8415173403864,110,S4_twin_shock_cex_intervention,indonesia,USDC
931,0.841035544428487,3530.320479406877,110,S4_twin_shock_cex_intervention,indonesia,USDC
932,0.827525786293764,3442.0624674217047,110,S4_twin_shock_cex_intervention,indonesia,USDC
933,0.8049429907658278,3356.010905736162,110,S4_twin_shock_cex_intervention,indonesia,USDC
934,0.7858932731617377,3272.1106330927587,110,S4_twin_shock_cex_intervention,indonesia,USDC
935,0.772981108031198,3190.307867265439,110,S4_twin_shock_cex_intervention,indonesia,USDC
936,0.7491899972886479,3110.5501705838033,110,S4_twin_shock_cex_intervention,indonesia,USDC
937,0.7642410577664442,3032.786416319208,110,S4_twin_shock_cex_intervention,indonesia,USDC
938,0.7587341632779434,2956.966755911228,110,S4_twin_shock_cex_intervention,indonesia,USDC
939,0.7694925209711262,2883.0425870134472,110,S4_twin_shock_cex_intervention,indonesia,USDC
940,0.7795567630828908,2810.966522338111,110,S4_twin_shock_cex_intervention,indonesia,USDC
941,0.7957967676315904,2740.6923592796584,110,S4_twin_shock_cex_intervention,indonesia,USDC
942,0.7909330046294867,2672.175050297667,110,S4_twin_shock_cex_intervention,indonesia,USDC
943,0.6697120096427074,2605.3706740402254,110,S4_twin_shock_cex_intervention,indonesia,USDC
944,0.6957653701560824,2540.23640718922,110,S4_twin_shock_cex_intervention,indonesia,USDC
945,0.7063066624190406,2476.730497009489,110,S4_twin_shock_cex_intervention,indonesia,USDC
946,0.7184078370208608,2414.812234584252,110,S4_twin_shock_cex_intervention,indonesia,USDC
947,0.7304359827257275,2354.4419287196456,110,S4_twin_shock_cex_intervention,indonesia,USDC
948,0.728405742047192,2295.5808805016545,110,S4_twin_shock_cex_intervention,indonesia,USDC
949,0.7131084815166322,2238.191358489113,110,S4_twin_shock_cex_intervention,indonesia,USDC
950,0.7453922157616665,2182.2365745268853,110,S4_twin_shock_cex_intervention,indonesia,USDC
951,0.7331481946577106,2127.6806601637136,110,S4_twin_shock_cex_intervention,indonesia,USDC
952,0.7289731885989766,2074.4886436596203,110,S4_twin_shock_cex_intervention,indonesia,USDC
953,0.7537336036104875,2022.62642756813,110,S4_twin_shock_cex_intervention,indonesia,USDC
954,0.7918286590737028,1972.0607668789266,110,S4_twin_shock_cex_intervention,indonesia,USDC
955,0.7827006809252381,1922.7592477069534,110,S4_twin_shock_cex_intervention,indonesia,USDC
956,0.7719575105064761,1874.6902665142795,110,S4_twin_shock_cex_intervention,indonesia,USDC
957,0.7946711201699634,1827.8230098514227,110,S4_twin_shock_cex_intervention,indonesia,USDC
958,0.8032467423482215,1782.1274346051373,110,S4_twin_shock_cex_intervention,indonesia,USDC
959,0.8191753265338968,1737.574248740009,110,S4_twin_shock_cex_intervention,indonesia,USDC
960,0.8089464248680605,1694.1348925215084,110,S4_twin_shock_cex_intervention,indonesia,USDC
961,0.8105480317411627,1651.7815202084707,110,S4_twin_shock_cex_intervention,indonesia,USDC
962,0.8278783095291937,1610.486982203259,110,S4_twin_shock_cex_intervention,indonesia,USDC
963,0.8204379127804422,1570.2248076481774,110,S4_twin_shock_cex_intervention,indonesia,USDC
964,0.8172336006952196,1530.969187456973,110,S4_twin_shock_cex_intervention,indonesia,USDC
965,0.791564384667538,1492.6949577705489,110,S4_twin_shock_cex_intervention,indonesia,USDC
966,0.819207889172004,1455.377583826285,110,S4_twin_shock_cex_intervention,indonesia,USDC
967,0.824297866696262,1418.9931442306279,110,S4_twin_shock_cex_intervention,indonesia,USDC
968,0.8379702919698729,1383.5183156248622,110,S4_twin_shock_cex_intervention,indonesia,USDC
969,0.8427239178099579,1348.9303577342407,110,S4_twin_shock_cex_intervention,indonesia,USDC
970,0.8274951643459897,1315.2070987908846,110,S4_twin_shock_cex_intervention,indonesia,USDC
971,0.7931204343111525,1282.3269213211124,110,S4_twin_shock_cex_intervention,indonesia,USDC
972,0.7816063997600267,1250.2687482880847,110,S4_twin_shock_cex_intervention,indonesia,USDC
973,0.7937021308627992,1219.0120295808827,110,S4_twin_shock_cex_intervention,indonesia,USDC
974,0.8180114637173486,1188.5367288413604,110,S4_twin_shock_cex_intervention,indonesia,USDC
975,0.7904199680380781,1158.8233106203265,110,S4_twin_shock_cex_intervention,indonesia,USDC
976,0.7764850285324735,1129.8527278548183,110,S4_twin_shock_cex_intervention,indonesia,USDC
977,0.7807210025582313,1101.6064096584478,110,S4_twin_shock_cex_intervention,indonesia,USDC
978,0.7784198342716288,1074.0662494169867,110,S4_twin_shock_cex_intervention,indonesia,USDC
979,0.7724716168677567,1047.2145931815621,110,S4_twin_shock_cex_intervention,indonesia,USDC
980,0.7732721878033175,1021.034228352023,110,S4_twin_shock_cex_intervention,indonesia,USDC
981,0.7784596108910649,995.5083726432224,110,S4_twin_shock_cex_intervention,indonesia,USDC
982,0.7464544000178953,970.6206633271418,110,S4_twin_shock_cex_intervention,indonesia,USDC
983,0.7452031259812602,946.3551467439632,110,S4_twin_shock_cex_intervention,indonesia,USDC
984,0.7311451227239879,922.6962680753642,110,S4_twin_shock_cex_intervention,indonesia,USDC
985,0.7394152975963392,899.62886137348,110,S4_twin_shock_cex_intervention,indonesia,USDC
986,0.7436852524232344,877.1381398391429,110,S4_twin_shock_cex_intervention,indonesia,USDC
987,0.7488374737919699,855.2096863431644,110,S4_twin_shock_cex_intervention,indonesia,USDC
988,0.7822324028814179,833.8294441845852,110,S4_twin_shock_cex_intervention,indonesia,USDC
989,0.7604800499759168,812.9837080799707,110,S4_twin_shock_cex_intervention,indonesia,USDC
990,0.7656745370366229,792.6591153779715,110,S4_twin_shock_cex_intervention,indonesia,USDC
991,0.7820401188110814,772.8426374935221,110,S4_twin_shock_cex_intervention,indonesia,USDC
992,0.7916203379070551,753.5215715561841,110,S4_twin_shock_cex_intervention,indonesia,USDC
993,0.7482059860509375,734.6835322672795,110,S4_twin_shock_cex_intervention,indonesia,USDC
994,0.7643360312384266,716.3164439605976,110,S4_twin_shock_cex_intervention,indonesia,USDC
995,0.7584468992091047,698.4085328615827,110,S4_twin_shock_cex_intervention,indonesia,USDC
996,0.7509657386470647,680.948319540043,110,S4_twin_shock_cex_intervention,indonesia,USDC
997,0.7442986342457207,663.924611551542,110,S4_twin_shock_cex_intervention,indonesia,USDC
998,0.7545913332084039,647.3264962627534,110,S4_twin_shock_cex_intervention,indonesia,USDC
999,0.7510063899208743,631.1433338561847,110,S4_twin_shock_cex_intervention,indonesia,USDC
1000,0.7580046119380809,615.3647505097799,110,S4_twin_shock_cex_intervention,indonesia,USDC
