Step,price,liquidity,iteration,scenario,region,coin
1,0.9963336953137584,2989410082409.6396,17,S4_twin_shock_cex_intervention,indonesia,USDC
2,1.0159197069475863,2989410082409.6396,17,S4_twin_shock_cex_intervention,indonesia,USDC
3,1.0153272270628397,2989410082409.6396,17,S4_twin_shock_cex_intervention,indonesia,USDC
4,250001.02826652062,2989422582409.6396,17,S4_twin_shock_cex_intervention,indonesia,USDC
5,187502.0,2989431957409.6396,17,S4_twin_shock_cex_intervention,indonesia,USDC
6,140627.0,2989438988659.6396,17,S4_twin_shock_cex_intervention,indonesia,USDC
7,105470.75,2989444262097.1396,17,S4_twin_shock_cex_intervention,indonesia,USDC
8,79103.5625,2989448217175.2646,17,S4_twin_shock_cex_intervention,indonesia,USDC
9,59328.171875,2989451183483.8584,17,S4_twin_shock_cex_intervention,indonesia,USDC
10,44496.62890625,2989453408215.3037,17,S4_twin_shock_cex_intervention,indonesia,USDC
11,33372.9716796875,2989455076763.8877,17,S4_twin_shock_cex_intervention,indonesia,USDC
12,25030.228759765625,2989456328175.3257,17,S4_twin_shock_cex_intervention,indonesia,USDC
13,18773.17156982422,2989457266733.9043,17,S4_twin_shock_cex_intervention,indonesia,USDC
14,14080.378677368164,2989457970652.8384,17,S4_twin_shock_cex_intervention,indonesia,USDC
15,10560.784008026123,2989458498592.039,17,S4_twin_shock_cex_intervention,indonesia,USDC
16,7921.088006019592,2989458894546.439,17,S4_twin_shock_cex_intervention,indonesia,USDC
17,5941.316004514694,2989459191512.2393,17,S4_twin_shock_cex_intervention,indonesia,USDC
18,4456.487003386021,2989459414236.5894,17,S4_twin_shock_cex_intervention,indonesia,USDC
19,3342.8652525395155,2989459581279.852,17,S4_twin_shock_cex_intervention,indonesia,USDC
20,2507.6489394046366,2989459706562.299,17,S4_twin_shock_cex_intervention,indonesia,USDC
21,1881.2367045534775,2989459800524.1343,17,S4_twin_shock_cex_intervention,indonesia,USDC
22,1411.427528415108,2989459870995.5107,17,S4_twin_shock_cex_intervention,indonesia,USDC
23,1059.070646311331,2989459923849.043,17,S4_twin_shock_cex_intervention,indonesia,USDC
24,794.8029847334983,2989459963489.1924,17,S4_twin_shock_cex_intervention,indonesia,USDC
25,596.6022385501237,2989459993219.304,17,S4_twin_shock_cex_intervention,indonesia,USDC
26,447.9516789125928,2989460015516.888,17,S4_twin_shock_cex_intervention,indonesia,USDC
27,336.4637591844446,2989460032240.076,17,S4_twin_shock_cex_intervention,indonesia,USDC
28,252.84781938833345,2989460044782.4673,17,S4_twin_shock_cex_intervention,indonesia,USDC
29,190.1358645412501,2989460054189.2607,17,S4_twin_shock_cex_intervention,indonesia,USDC
30,143.1018984059376,2989460061244.3555,17,S4_twin_shock_cex_intervention,indonesia,USDC
31,107.82642380445319,2989460066535.677,17,S4_twin_shock_cex_intervention,indonesia,USDC
32,81.3698178533399,2989460070504.1675,17,S4_twin_shock_cex_intervention,indonesia,USDC
33,61.52736339000492,2989460073480.5356,17,S4_twin_shock_cex_intervention,indonesia,USDC
34,46.6455225425037,2989460075712.8115,17,S4_twin_shock_cex_intervention,indonesia,USDC
35,35.484141906877774,2989460077387.019,17,S4_twin_shock_cex_intervention,indonesia,USDC
36,27.11310643015833,2989460078642.6743,17,S4_twin_shock_cex_intervention,indonesia,USDC
37,20.834829822618744,2989460079584.416,17,S4_twin_shock_cex_intervention,indonesia,USDC
38,16.12612236696406,2989460080290.722,17,S4_twin_shock_cex_intervention,indonesia,USDC
39,12.594591775223044,2989460080820.4517,17,S4_twin_shock_cex_intervention,indonesia,USDC
40,9.945943831417281,2989460081217.749,17,S4_twin_shock_cex_intervention,indonesia,USDC
41,7.959457873562963,2989460081515.7217,17,S4_twin_shock_cex_intervention,indonesia,USDC
42,6.469593405172222,2989460081739.201,17,S4_twin_shock_cex_intervention,indonesia,USDC
43,5.352195053879166,2989460081906.811,17,S4_twin_shock_cex_intervention,indonesia,USDC
44,4.514146290409375,2989460082032.5186,17,S4_twin_shock_cex_intervention,indonesia,USDC
45,3.8856097178070312,2989460082126.799,17,S4_twin_shock_cex_intervention,indonesia,USDC
46,3.414207288355273,2989460082197.5093,17,S4_twin_shock_cex_intervention,indonesia,USDC
47,3.060655466266455,2989460082250.542,17,S4_twin_shock_cex_intervention,indonesia,USDC
48,2.795491599699841,2989460082290.3164,17,S4_twin_shock_cex_intervention,indonesia,USDC
49,2.596618699774881,2989460082320.1475,17,S4_twin_shock_cex_intervention,indonesia,USDC
50,2.4474640248311608,2989460082342.5205,17,S4_twin_shock_cex_intervention,indonesia,USDC
51,2.3355980186233705,2989460082359.3003,17,S4_twin_shock_cex_intervention,indonesia,USDC
52,2.251698513967528,2989460082371.8853,17,S4_twin_shock_cex_intervention,indonesia,USDC
53,2.188773885475646,2989460082381.324,17,S4_twin_shock_cex_intervention,indonesia,USDC
54,2.1415804141067345,2989460082388.403,17,S4_twin_shock_cex_intervention,indonesia,USDC
55,2.106185310580051,2989460082393.712,17,S4_twin_shock_cex_intervention,indonesia,USDC
56,2.0318553792477547,2989460082397.694,17,S4_twin_shock_cex_intervention,indonesia,USDC
57,2.0184507698797267,2989460082400.6807,17,S4_twin_shock_cex_intervention,indonesia,USDC
58,1.9664542118744441,2989460082402.92,17,S4_twin_shock_cex_intervention,indonesia,USDC
59,2.0041013302721873,2989460082404.6,17,S4_twin_shock_cex_intervention,indonesia,USDC
60,1.8659848406242352,2989460082405.86,17,S4_twin_shock_cex_intervention,indonesia,USDC
61,1.8591810684432708,2989460082406.8047,17,S4_twin_shock_cex_intervention,indonesia,USDC
62,1.7884752544351394,2989460082407.513,17,S4_twin_shock_cex_intervention,indonesia,USDC
63,1.7735040077733666,2989460082408.0444,17,S4_twin_shock_cex_intervention,indonesia,USDC
64,1.691301301144876,2989460082408.4434,17,S4_twin_shock_cex_intervention,indonesia,USDC
65,1.5952398764947817,2989460082408.742,17,S4_twin_shock_cex_intervention,indonesia,USDC
66,1.5175893184992544,2989460082408.9663,17,S4_twin_shock_cex_intervention,indonesia,USDC
67,1.5143751444368407,2989460082409.1343,17,S4_twin_shock_cex_intervention,indonesia,USDC
68,1.5276009043226866,2989460082409.2603,17,S4_twin_shock_cex_intervention,indonesia,USDC
69,1.4445939505314034,2989460082409.355,17,S4_twin_shock_cex_intervention,indonesia,USDC
70,1.395610473614373,2989460082409.426,17,S4_twin_shock_cex_intervention,indonesia,USDC
71,1.3660213075802219,2989460082409.479,17,S4_twin_shock_cex_intervention,indonesia,USDC
72,1.3126920010223617,2989460082409.519,17,S4_twin_shock_cex_intervention,indonesia,USDC
73,1.28851897269041,2989460082409.549,17,S4_twin_shock_cex_intervention,indonesia,USDC
74,1.2136967250027144,2989460082409.5713,17,S4_twin_shock_cex_intervention,indonesia,USDC
75,1.1710878814338976,2989460082409.588,17,S4_twin_shock_cex_intervention,indonesia,USDC
76,1.1709229689867253,2989460082409.6006,17,S4_twin_shock_cex_intervention,indonesia,USDC
77,1.1433584774841592,2989460082409.6104,17,S4_twin_shock_cex_intervention,indonesia,USDC
78,1.102806987982984,2989460082409.617,17,S4_twin_shock_cex_intervention,indonesia,USDC
79,1.0873646867030622,2989460082409.6226,17,S4_twin_shock_cex_intervention,indonesia,USDC
80,1.1062461865485456,2989460082409.6265,17,S4_twin_shock_cex_intervention,indonesia,USDC
81,1.0822251508605831,2989460082409.6294,17,S4_twin_shock_cex_intervention,indonesia,USDC
82,1.0534794683683981,2989460082409.632,17,S4_twin_shock_cex_intervention,indonesia,USDC
83,1.045945638104381,2989460082409.634,17,S4_twin_shock_cex_intervention,indonesia,USDC
84,1.0728701000456147,2989460082409.635,17,S4_twin_shock_cex_intervention,indonesia,USDC
85,1.088461189165225,2989460082409.6357,17,S4_twin_shock_cex_intervention,indonesia,USDC
86,1.0760854982677897,2989460082409.6367,17,S4_twin_shock_cex_intervention,indonesia,USDC
87,1.0197474717566828,2989460082409.6367,17,S4_twin_shock_cex_intervention,indonesia,USDC
88,1.027244807724674,2989460082409.6367,17,S4_twin_shock_cex_intervention,indonesia,USDC
89,0.9965639734284759,2989460082409.6367,17,S4_twin_shock_cex_intervention,indonesia,USDC
90,0.9913780618059109,2989460082409.6367,17,S4_twin_shock_cex_intervention,indonesia,USDC
91,1.0495400412032576,2989460082409.637,17,S4_twin_shock_cex_intervention,indonesia,USDC
92,1.055120059435284,2989460082409.6377,17,S4_twin_shock_cex_intervention,indonesia,USDC
93,1.0450100143931498,2989460082409.6377,17,S4_twin_shock_cex_intervention,indonesia,USDC
94,1.0153303122328174,2989460082409.6377,17,S4_twin_shock_cex_intervention,indonesia,USDC
95,1.0073778762737091,2989460082409.6377,17,S4_twin_shock_cex_intervention,indonesia,USDC
96,1.0205387170821283,2989460082409.6377,17,S4_twin_shock_cex_intervention,indonesia,USDC
97,1.02999609778515,2989460082409.6377,17,S4_twin_shock_cex_intervention,indonesia,USDC
98,1.0232942423590992,2989460082409.6377,17,S4_twin_shock_cex_intervention,indonesia,USDC
99,1.0443062216221812,2989460082409.6377,17,S4_twin_shock_cex_intervention,indonesia,USDC
100,1.0548166425655847,2989460082409.6377,17,S4_twin_shock_cex_intervention,indonesia,USDC
101,0.9073398890546777,2989460082409.6377,17,S4_twin_shock_cex_intervention,indonesia,USDC
102,0.9204465705502104,2985870776921.098,17,S4_twin_shock_cex_intervention,indonesia,USDC
103,0.9274181574519422,2983220302528.948,17,S4_twin_shock_cex_intervention,indonesia,USDC
104,0.9467502619956378,2980994382906.1978,17,S4_twin_shock_cex_intervention,indonesia,USDC
105,0.9518306344440358,2979759167457.968,17,S4_twin_shock_cex_intervention,indonesia,USDC
106,0.9698481184576485,2978858684284.7266,17,S4_twin_shock_cex_intervention,indonesia,USDC
107,0.9806797157867229,2978856114903.468,17,S4_twin_shock_cex_intervention,indonesia,USDC
108,0.97215808900969,2978856114903.468,17,S4_twin_shock_cex_intervention,indonesia,USDC
109,0.9700334338231978,2978856114903.468,17,S4_twin_shock_cex_intervention,indonesia,USDC
110,0.9603543616781357,2978856114903.468,17,S4_twin_shock_cex_intervention,indonesia,USDC
111,0.9694164123435758,2978465868097.25,17,S4_twin_shock_cex_intervention,indonesia,USDC
112,0.9852612377811907,2978456035209.836,17,S4_twin_shock_cex_intervention,indonesia,USDC
113,0.9786787926298068,2978456035209.836,17,S4_twin_shock_cex_intervention,indonesia,USDC
114,0.9964957342562316,2978456035209.836,17,S4_twin_shock_cex_intervention,indonesia,USDC
115,0.9794440550866848,2978456035209.836,17,S4_twin_shock_cex_intervention,indonesia,USDC
116,0.9755592574346826,2978456035209.836,17,S4_twin_shock_cex_intervention,indonesia,USDC
117,0.9891787837426925,2978456035209.836,17,S4_twin_shock_cex_intervention,indonesia,USDC
118,0.9993760538478067,2978456035209.836,17,S4_twin_shock_cex_intervention,indonesia,USDC
119,1.0365294853378855,2978456035209.836,17,S4_twin_shock_cex_intervention,indonesia,USDC
120,1.0627947459478462,2978456035209.836,17,S4_twin_shock_cex_intervention,indonesia,USDC
121,1.0439348781938023,2903994634329.59,17,S4_twin_shock_cex_intervention,indonesia,USDC
122,0.9664575688852942,2831394768471.35,17,S4_twin_shock_cex_intervention,indonesia,USDC
123,0.9223518922807639,2760462879548.017,17,S4_twin_shock_cex_intervention,indonesia,USDC
124,0.941433587415638,2689239146682.4688,17,S4_twin_shock_cex_intervention,indonesia,USDC
125,0.9362956188941567,2620716262235.54,17,S4_twin_shock_cex_intervention,indonesia,USDC
126,0.9129875330087733,2553761767839.4688,17,S4_twin_shock_cex_intervention,indonesia,USDC
127,0.9282210544212095,2487536719124.378,17,S4_twin_shock_cex_intervention,indonesia,USDC
128,0.9083066841731673,2423661893650.627,17,S4_twin_shock_cex_intervention,indonesia,USDC
129,0.9183683742193515,2360675238059.452,17,S4_twin_shock_cex_intervention,indonesia,USDC
130,0.9106513691822415,2299781147673.021,17,S4_twin_shock_cex_intervention,indonesia,USDC
131,0.8806229419615977,2240290657447.859,17,S4_twin_shock_cex_intervention,indonesia,USDC
132,0.86804040630928,2181368923478.1003,17,S4_twin_shock_cex_intervention,indonesia,USDC
133,0.8630165801981462,2123874569150.2988,17,S4_twin_shock_cex_intervention,indonesia,USDC
134,0.8627243730220648,2067982229555.3955,17,S4_twin_shock_cex_intervention,indonesia,USDC
135,0.9113043094345579,2013719621483.409,17,S4_twin_shock_cex_intervention,indonesia,USDC
136,0.908063663672952,1962163223559.4346,17,S4_twin_shock_cex_intervention,indonesia,USDC
137,0.8825631946378509,1911932727870.4902,17,S4_twin_shock_cex_intervention,indonesia,USDC
138,0.871071749069646,1862522153054.4844,17,S4_twin_shock_cex_intervention,indonesia,USDC
139,0.8554200086560279,1814327559142.178,17,S4_twin_shock_cex_intervention,indonesia,USDC
140,0.8664647551439554,1767179241335.9453,17,S4_twin_shock_cex_intervention,indonesia,USDC
141,0.859020868395666,1721569587624.1646,17,S4_twin_shock_cex_intervention,indonesia,USDC
142,0.8454632939416387,1677187043125.523,17,S4_twin_shock_cex_intervention,indonesia,USDC
143,0.8198618315671947,1633942673570.6294,17,S4_twin_shock_cex_intervention,indonesia,USDC
144,0.7867826590817009,1591667453921.5034,17,S4_twin_shock_cex_intervention,indonesia,USDC
145,0.8171431633114234,1550331454999.153,17,S4_twin_shock_cex_intervention,indonesia,USDC
146,0.8026657076152734,1510548653103.0156,17,S4_twin_shock_cex_intervention,indonesia,USDC
147,0.7954746893323354,1471874682913.4407,17,S4_twin_shock_cex_intervention,indonesia,USDC
148,0.7753065545226243,1434282251354.8042,17,S4_twin_shock_cex_intervention,indonesia,USDC
149,0.7573557475861631,1397657091559.7246,17,S4_twin_shock_cex_intervention,indonesia,USDC
150,0.7748883911925745,1362041784670.044,17,S4_twin_shock_cex_intervention,indonesia,USDC
151,0.7808076624077482,1327515025427.7478,17,S4_twin_shock_cex_intervention,indonesia,USDC
152,0.7929674927813184,1293940252223.9692,17,S4_twin_shock_cex_intervention,indonesia,USDC
153,0.789245611564708,1261305981759.185,17,S4_twin_shock_cex_intervention,indonesia,USDC
154,0.7857950689978899,1229529037187.3303,17,S4_twin_shock_cex_intervention,indonesia,USDC
155,0.7849359474926331,1198600022670.171,17,S4_twin_shock_cex_intervention,indonesia,USDC
156,0.7794771877117544,1168474370789.5962,17,S4_twin_shock_cex_intervention,indonesia,USDC
157,0.7877975355862487,1139127438487.3333,17,S4_twin_shock_cex_intervention,indonesia,USDC
158,0.814236473205634,1110542388524.7412,17,S4_twin_shock_cex_intervention,indonesia,USDC
159,0.8036684298332806,1082705841754.9917,17,S4_twin_shock_cex_intervention,indonesia,USDC
160,0.8012690315550456,1055573600950.1473,17,S4_twin_shock_cex_intervention,indonesia,USDC
161,0.8139640391493622,1029129299953.73,17,S4_twin_shock_cex_intervention,indonesia,USDC
162,0.8208049509748351,1003355902345.4082,17,S4_twin_shock_cex_intervention,indonesia,USDC
163,0.7955068794681182,978237942861.7292,17,S4_twin_shock_cex_intervention,indonesia,USDC
164,0.7983482436677374,953745738833.2032,17,S4_twin_shock_cex_intervention,indonesia,USDC
165,0.7959274781207027,929874564122.5453,17,S4_twin_shock_cex_intervention,indonesia,USDC
166,0.7918360189135394,906603947441.5076,17,S4_twin_shock_cex_intervention,indonesia,USDC
167,0.7623510962993885,883918323901.0098,17,S4_twin_shock_cex_intervention,indonesia,USDC
168,0.7425560606357635,861800354775.334,17,S4_twin_shock_cex_intervention,indonesia,USDC
169,0.7173572249238375,840238771809.9746,17,S4_twin_shock_cex_intervention,indonesia,USDC
170,0.7143252747634109,819217984280.3967,17,S4_twin_shock_cex_intervention,indonesia,USDC
171,0.7382506508287463,798726860055.0796,17,S4_twin_shock_cex_intervention,indonesia,USDC
172,0.7401122949505118,778751324066.0383,17,S4_twin_shock_cex_intervention,indonesia,USDC
173,0.7710484080090946,759277166485.693,17,S4_twin_shock_cex_intervention,indonesia,USDC
174,0.809741185309112,740291482149.0452,17,S4_twin_shock_cex_intervention,indonesia,USDC
175,0.792832348777891,721781830922.0286,17,S4_twin_shock_cex_intervention,indonesia,USDC
176,0.7834055007682084,703735038988.564,17,S4_twin_shock_cex_intervention,indonesia,USDC
177,0.7771695113540706,686139797370.9834,17,S4_twin_shock_cex_intervention,indonesia,USDC
178,0.7634202205426383,668984659075.0797,17,S4_twin_shock_cex_intervention,indonesia,USDC
179,0.7695248166055322,652258597180.2593,17,S4_twin_shock_cex_intervention,indonesia,USDC
180,0.7845246269898687,635951049808.74,17,S4_twin_shock_cex_intervention,indonesia,USDC
181,0.8112936099516793,620051506473.5408,17,S4_twin_shock_cex_intervention,indonesia,USDC
182,0.8053076952932218,604549681429.3048,17,S4_twin_shock_cex_intervention,indonesia,USDC
183,0.7968407575505114,589435467386.0403,17,S4_twin_shock_cex_intervention,indonesia,USDC
184,0.8176362348639817,574699154700.8032,17,S4_twin_shock_cex_intervention,indonesia,USDC
185,0.812745867529472,560331372115.445,17,S4_twin_shock_cex_intervention,indonesia,USDC
186,0.806871585808883,546322820550.7718,17,S4_twin_shock_cex_intervention,indonesia,USDC
187,0.7889173038643077,532664510006.57086,17,S4_twin_shock_cex_intervention,indonesia,USDC
188,0.7813303729054827,519347669234.05164,17,S4_twin_shock_cex_intervention,indonesia,USDC
189,0.7751133556515651,506363787373.8666,17,S4_twin_shock_cex_intervention,indonesia,USDC
190,0.7673057536386654,493704536027.4326,17,S4_twin_shock_cex_intervention,indonesia,USDC
191,0.7654597175396471,481361782448.385,17,S4_twin_shock_cex_intervention,indonesia,USDC
192,0.7504996909588169,469327625991.02875,17,S4_twin_shock_cex_intervention,indonesia,USDC
193,0.7574089700415723,457594340581.91406,17,S4_twin_shock_cex_intervention,indonesia,USDC
194,0.7678569123496738,446154412458.3988,17,S4_twin_shock_cex_intervention,indonesia,USDC
195,0.7838322484644223,435000502178.329,17,S4_twin_shock_cex_intervention,indonesia,USDC
196,0.7952746425566651,424125451156.28455,17,S4_twin_shock_cex_intervention,indonesia,USDC
197,0.7901410679898708,413522285578.76807,17,S4_twin_shock_cex_intervention,indonesia,USDC
198,0.8006008307392701,403184203101.3375,17,S4_twin_shock_cex_intervention,indonesia,USDC
199,0.8034764283578701,393104578941.53357,17,S4_twin_shock_cex_intervention,indonesia,USDC
200,0.7996072928770457,383276949250.58466,17,S4_twin_shock_cex_intervention,indonesia,USDC
201,0.7962336912941598,373695012511.2809,17,S4_twin_shock_cex_intervention,indonesia,USDC
202,0.7992959956409939,364352625963.35876,17,S4_twin_shock_cex_intervention,indonesia,USDC
203,0.7857545134928752,355243801027.6723,17,S4_twin_shock_cex_intervention,indonesia,USDC
204,0.7859552939852638,346362698222.8393,17,S4_twin_shock_cex_intervention,indonesia,USDC
205,0.7897350724530254,337703623992.90765,17,S4_twin_shock_cex_intervention,indonesia,USDC
206,0.7757704713103063,329261028016.7993,17,S4_twin_shock_cex_intervention,indonesia,USDC
207,0.771129867837619,321029497872.37256,17,S4_twin_shock_cex_intervention,indonesia,USDC
208,0.7746322639729359,313003756661.92737,17,S4_twin_shock_cex_intervention,indonesia,USDC
209,0.7691985474302302,305178659772.37146,17,S4_twin_shock_cex_intervention,indonesia,USDC
210,0.7942980257333663,297549190863.9668,17,S4_twin_shock_cex_intervention,indonesia,USDC
211,0.785505385939198,290110459321.7134,17,S4_twin_shock_cex_intervention,indonesia,USDC
212,0.7711313602936459,282857696281.319,17,S4_twin_shock_cex_intervention,indonesia,USDC
213,0.7556626199166094,275786252566.9237,17,S4_twin_shock_cex_intervention,indonesia,USDC
214,0.7584822260800665,268891595076.49643,17,S4_twin_shock_cex_intervention,indonesia,USDC
215,0.7556966183286866,262169304311.75653,17,S4_twin_shock_cex_intervention,indonesia,USDC
216,0.7572095388312011,255615071024.95758,17,S4_twin_shock_cex_intervention,indonesia,USDC
217,0.7542960844150008,249224693693.72986,17,S4_twin_shock_cex_intervention,indonesia,USDC
218,0.7455698009361708,242994075901.17993,17,S4_twin_shock_cex_intervention,indonesia,USDC
219,0.7383038146696936,236919223646.5421,17,S4_twin_shock_cex_intervention,indonesia,USDC
220,0.7315659607778583,230996242775.73303,17,S4_twin_shock_cex_intervention,indonesia,USDC
221,0.7628584354936343,225221336488.84882,17,S4_twin_shock_cex_intervention,indonesia,USDC
222,0.7546118231957146,219590802931.65698,17,S4_twin_shock_cex_intervention,indonesia,USDC
223,0.7330763302441837,214101032735.37582,17,S4_twin_shock_cex_intervention,indonesia,USDC
224,0.7431290817812086,208748506812.78015,17,S4_twin_shock_cex_intervention,indonesia,USDC
225,0.7267910739781104,203529794065.69458,17,S4_twin_shock_cex_intervention,indonesia,USDC
226,0.7368798883719047,198441549146.06717,17,S4_twin_shock_cex_intervention,indonesia,USDC
227,0.7442895923975195,193480510368.58942,17,S4_twin_shock_cex_intervention,indonesia,USDC
228,0.7440970355439169,188643497573.46198,17,S4_twin_shock_cex_intervention,indonesia,USDC
229,0.7341229659609901,183927410108.10785,17,S4_twin_shock_cex_intervention,indonesia,USDC
230,0.7323144976353385,179329224834.20096,17,S4_twin_shock_cex_intervention,indonesia,USDC
231,0.734809296742336,174845994196.215,17,S4_twin_shock_cex_intervention,indonesia,USDC
232,0.7391458136774572,170474844328.19928,17,S4_twin_shock_cex_intervention,indonesia,USDC
233,0.7591233976160816,166212973210.2459,17,S4_twin_shock_cex_intervention,indonesia,USDC
234,0.7558735847711082,162057648873.4655,17,S4_twin_shock_cex_intervention,indonesia,USDC
235,0.7603675000549942,158006207646.17902,17,S4_twin_shock_cex_intervention,indonesia,USDC
236,0.7751609731862067,154056052450.86682,17,S4_twin_shock_cex_intervention,indonesia,USDC
237,0.793851714737376,150204651136.566,17,S4_twin_shock_cex_intervention,indonesia,USDC
238,0.7740416477222287,146449534856.0056,17,S4_twin_shock_cex_intervention,indonesia,USDC
239,0.7610394829376549,142788296482.64282,17,S4_twin_shock_cex_intervention,indonesia,USDC
240,0.7411575924937668,139218589068.86572,17,S4_twin_shock_cex_intervention,indonesia,USDC
241,0.7400374805738956,135738124340.67398,17,S4_twin_shock_cex_intervention,indonesia,USDC
242,0.739651533621064,132344671231.02832,17,S4_twin_shock_cex_intervention,indonesia,USDC
243,0.7578829050662931,129036054449.39,17,S4_twin_shock_cex_intervention,indonesia,USDC
244,0.7595650209509114,125810153087.54955,17,S4_twin_shock_cex_intervention,indonesia,USDC
245,0.7551299793183666,122664899259.9003,17,S4_twin_shock_cex_intervention,indonesia,USDC
246,0.7659074354766328,119598276778.03952,17,S4_twin_shock_cex_intervention,indonesia,USDC
247,0.7650346468519192,116608319858.31201,17,S4_twin_shock_cex_intervention,indonesia,USDC
248,0.7656337257429454,113693111861.64229,17,S4_twin_shock_cex_intervention,indonesia,USDC
249,0.7704539197809755,110850784064.92847,17,S4_twin_shock_cex_intervention,indonesia,USDC
250,0.7758155788572481,108079514463.17357,17,S4_twin_shock_cex_intervention,indonesia,USDC
251,0.7741223689681082,105377526601.48877,17,S4_twin_shock_cex_intervention,indonesia,USDC
252,0.7580667536749961,102743088436.36395,17,S4_twin_shock_cex_intervention,indonesia,USDC
253,0.7777883682160744,100174511225.38033,17,S4_twin_shock_cex_intervention,indonesia,USDC
254,0.767284682619899,97670148444.6914,17,S4_twin_shock_cex_intervention,indonesia,USDC
255,0.7580090795015327,95228394733.52698,17,S4_twin_shock_cex_intervention,indonesia,USDC
256,0.7605834528350505,92847684865.15204,17,S4_twin_shock_cex_intervention,indonesia,USDC
257,0.758896256764148,90526492743.49326,17,S4_twin_shock_cex_intervention,indonesia,USDC
258,0.7552512879240943,88263330424.88206,17,S4_twin_shock_cex_intervention,indonesia,USDC
259,0.7442547049768429,86056747164.24057,17,S4_twin_shock_cex_intervention,indonesia,USDC
260,0.7445945757159613,83905328485.11926,17,S4_twin_shock_cex_intervention,indonesia,USDC
261,0.6439193384082442,81807695272.97894,17,S4_twin_shock_cex_intervention,indonesia,USDC
262,0.6514056977022337,79762502891.14127,17,S4_twin_shock_cex_intervention,indonesia,USDC
263,0.6812704929080219,77768440318.85385,17,S4_twin_shock_cex_intervention,indonesia,USDC
264,0.6908457336916347,75824229310.87706,17,S4_twin_shock_cex_intervention,indonesia,USDC
265,0.7119582822901666,73928623578.10153,17,S4_twin_shock_cex_intervention,indonesia,USDC
266,0.7192533541550581,72080407988.64648,17,S4_twin_shock_cex_intervention,indonesia,USDC
267,0.7445159115658642,70278397788.92856,17,S4_twin_shock_cex_intervention,indonesia,USDC
268,0.7499560582793321,68521437844.20415,17,S4_twin_shock_cex_intervention,indonesia,USDC
269,0.7530997290862758,66808401898.09813,17,S4_twin_shock_cex_intervention,indonesia,USDC
270,0.7315563351786343,65138191850.64499,17,S4_twin_shock_cex_intervention,indonesia,USDC
271,0.7452995583084736,63509737054.37828,17,S4_twin_shock_cex_intervention,indonesia,USDC
272,0.755873867955501,61921993628.01839,17,S4_twin_shock_cex_intervention,indonesia,USDC
273,0.7426072423546971,60373943787.31761,17,S4_twin_shock_cex_intervention,indonesia,USDC
274,0.7699781221727569,58864595192.6344,17,S4_twin_shock_cex_intervention,indonesia,USDC
275,0.7749720488626083,57392980312.81836,17,S4_twin_shock_cex_intervention,indonesia,USDC
276,0.7676983915937998,55958155804.99775,17,S4_twin_shock_cex_intervention,indonesia,USDC
277,0.772190667448154,54559201909.87269,17,S4_twin_shock_cex_intervention,indonesia,USDC
278,0.7627925007957095,53195221862.12578,17,S4_twin_shock_cex_intervention,indonesia,USDC
279,0.6625525663436043,51865341315.572556,17,S4_twin_shock_cex_intervention,indonesia,USDC
280,0.6677742059267099,50568707782.68315,17,S4_twin_shock_cex_intervention,indonesia,USDC
281,0.6986452279057067,49304490088.116,17,S4_twin_shock_cex_intervention,indonesia,USDC
282,0.7079366430495496,48071877835.91306,17,S4_twin_shock_cex_intervention,indonesia,USDC
283,0.7101727912222711,46870080890.01521,17,S4_twin_shock_cex_intervention,indonesia,USDC
284,0.7217021250391021,45698328867.76481,17,S4_twin_shock_cex_intervention,indonesia,USDC
285,0.7239661390466232,44555870646.07066,17,S4_twin_shock_cex_intervention,indonesia,USDC
286,0.7594109518774119,43441973879.918884,17,S4_twin_shock_cex_intervention,indonesia,USDC
287,0.7779890443143055,42355924532.92091,17,S4_twin_shock_cex_intervention,indonesia,USDC
288,0.7859238016496779,41297026419.597885,17,S4_twin_shock_cex_intervention,indonesia,USDC
289,0.8034246755469745,40264600759.10793,17,S4_twin_shock_cex_intervention,indonesia,USDC
290,0.8100015837772395,39257985740.13023,17,S4_twin_shock_cex_intervention,indonesia,USDC
291,0.8134957962345838,38276536096.62698,17,S4_twin_shock_cex_intervention,indonesia,USDC
292,0.7961904771744915,37319622694.2113,17,S4_twin_shock_cex_intervention,indonesia,USDC
293,0.7809911605653265,36386632126.856026,17,S4_twin_shock_cex_intervention,indonesia,USDC
294,0.7572928649119752,35476966323.68462,17,S4_twin_shock_cex_intervention,indonesia,USDC
295,0.7643987832879464,34590042165.59251,17,S4_twin_shock_cex_intervention,indonesia,USDC
296,0.7910047460896141,33725291111.452698,17,S4_twin_shock_cex_intervention,indonesia,USDC
297,0.7959126478515572,32882158833.666374,17,S4_twin_shock_cex_intervention,indonesia,USDC
298,0.8016841250047031,32060104862.824722,17,S4_twin_shock_cex_intervention,indonesia,USDC
299,0.7988546795317982,31258602241.254105,17,S4_twin_shock_cex_intervention,indonesia,USDC
300,0.7811930415760372,30477137185.222748,17,S4_twin_shock_cex_intervention,indonesia,USDC
301,0.7934378986831755,29715208755.59218,17,S4_twin_shock_cex_intervention,indonesia,USDC
302,0.7478361368202919,28972328536.70237,17,S4_twin_shock_cex_intervention,indonesia,USDC
303,0.7552602416732976,28248020323.284813,17,S4_twin_shock_cex_intervention,indonesia,USDC
304,0.7406067508340904,27541819815.202694,17,S4_twin_shock_cex_intervention,indonesia,USDC
305,0.7622005643268909,26853274319.822624,17,S4_twin_shock_cex_intervention,indonesia,USDC
306,0.7508528064209726,26181942461.82706,17,S4_twin_shock_cex_intervention,indonesia,USDC
307,0.7568669035345974,25527393900.281387,17,S4_twin_shock_cex_intervention,indonesia,USDC
308,0.7351855599402048,24889209052.774353,17,S4_twin_shock_cex_intervention,indonesia,USDC
309,0.7441337435859908,24266978826.454994,17,S4_twin_shock_cex_intervention,indonesia,USDC
310,0.7362321102378941,23660304355.793617,17,S4_twin_shock_cex_intervention,indonesia,USDC
311,0.740699329278295,23068796746.898777,17,S4_twin_shock_cex_intervention,indonesia,USDC
312,0.7291001521496953,22492076828.226307,17,S4_twin_shock_cex_intervention,indonesia,USDC
313,0.7159056013244842,21929774907.52065,17,S4_twin_shock_cex_intervention,indonesia,USDC
314,0.7402975905842694,21381530534.832634,17,S4_twin_shock_cex_intervention,indonesia,USDC
315,0.7603750143816823,20846992271.46182,17,S4_twin_shock_cex_intervention,indonesia,USDC
316,0.7454992736994459,20325817464.675274,17,S4_twin_shock_cex_intervention,indonesia,USDC
317,0.7420219088729941,19817672028.05839,17,S4_twin_shock_cex_intervention,indonesia,USDC
318,0.739751232876352,19322230227.356934,17,S4_twin_shock_cex_intervention,indonesia,USDC
319,0.7735319940933729,18839174471.673008,17,S4_twin_shock_cex_intervention,indonesia,USDC
320,0.7728219623539369,18368195109.881184,17,S4_twin_shock_cex_intervention,indonesia,USDC
321,0.7610177292152248,17908990232.134155,17,S4_twin_shock_cex_intervention,indonesia,USDC
322,0.7625485910695382,17461265476.3308,17,S4_twin_shock_cex_intervention,indonesia,USDC
323,0.7741113494654942,17024733839.422531,17,S4_twin_shock_cex_intervention,indonesia,USDC
324,0.7661951167532914,16599115493.436968,17,S4_twin_shock_cex_intervention,indonesia,USDC
325,0.7415652481158834,16184137606.101044,17,S4_twin_shock_cex_intervention,indonesia,USDC
326,0.7419305378360939,15779534165.948517,17,S4_twin_shock_cex_intervention,indonesia,USDC
327,0.743973129727918,15385045811.799805,17,S4_twin_shock_cex_intervention,indonesia,USDC
328,0.7189465212550138,15000419666.504808,17,S4_twin_shock_cex_intervention,indonesia,USDC
329,0.7321870412945898,14625409174.84219,17,S4_twin_shock_cex_intervention,indonesia,USDC
330,0.74892446464417,14259773945.471134,17,S4_twin_shock_cex_intervention,indonesia,USDC
331,0.7739787446993437,13903279596.834356,17,S4_twin_shock_cex_intervention,indonesia,USDC
332,0.7466944151738105,13555697606.913496,17,S4_twin_shock_cex_intervention,indonesia,USDC
333,0.738195305964366,13216805166.740662,17,S4_twin_shock_cex_intervention,indonesia,USDC
334,0.7421686751315496,12886385037.572144,17,S4_twin_shock_cex_intervention,indonesia,USDC
335,0.7585482129205429,12564225411.63284,17,S4_twin_shock_cex_intervention,indonesia,USDC
336,0.7464412760095391,12250119776.342018,17,S4_twin_shock_cex_intervention,indonesia,USDC
337,0.775289951795816,11943866781.933468,17,S4_twin_shock_cex_intervention,indonesia,USDC
338,0.7748239635941919,11645270112.38513,17,S4_twin_shock_cex_intervention,indonesia,USDC
339,0.7720881838573065,11354138359.575502,17,S4_twin_shock_cex_intervention,indonesia,USDC
340,0.7616582627179626,11070284900.586113,17,S4_twin_shock_cex_intervention,indonesia,USDC
341,0.7442746546363853,10793527778.07146,17,S4_twin_shock_cex_intervention,indonesia,USDC
342,0.7681551378247221,10523689583.619675,17,S4_twin_shock_cex_intervention,indonesia,USDC
343,0.7365317736625184,10260597344.029182,17,S4_twin_shock_cex_intervention,indonesia,USDC
344,0.7458254960172265,10004082410.428453,17,S4_twin_shock_cex_intervention,indonesia,USDC
345,0.7386336802769367,9753980350.16774,17,S4_twin_shock_cex_intervention,indonesia,USDC
346,0.7207391301750581,9510130841.413548,17,S4_twin_shock_cex_intervention,indonesia,USDC
347,0.7286595173028131,9272377570.378208,17,S4_twin_shock_cex_intervention,indonesia,USDC
348,0.7493000521374464,9040568131.118752,17,S4_twin_shock_cex_intervention,indonesia,USDC
349,0.7161655078984593,8814553927.840784,17,S4_twin_shock_cex_intervention,indonesia,USDC
350,0.7297341204138126,8594190079.644764,17,S4_twin_shock_cex_intervention,indonesia,USDC
351,0.7186354041397789,8379335327.6536455,17,S4_twin_shock_cex_intervention,indonesia,USDC
352,0.7109045535506464,8169851944.462304,17,S4_twin_shock_cex_intervention,indonesia,USDC
353,0.7149898329823132,7965605645.850746,17,S4_twin_shock_cex_intervention,indonesia,USDC
354,0.7358216681120753,7766465504.704477,17,S4_twin_shock_cex_intervention,indonesia,USDC
355,0.7392029040858504,7572303867.086866,17,S4_twin_shock_cex_intervention,indonesia,USDC
356,0.7533477864995791,7382996270.409695,17,S4_twin_shock_cex_intervention,indonesia,USDC
357,0.7646190780646316,7198421363.649452,17,S4_twin_shock_cex_intervention,indonesia,USDC
358,0.7595531297970558,7018460829.558214,17,S4_twin_shock_cex_intervention,indonesia,USDC
359,0.7557058126548181,6842999308.81926,17,S4_twin_shock_cex_intervention,indonesia,USDC
360,0.7608111623665108,6671924326.098778,17,S4_twin_shock_cex_intervention,indonesia,USDC
361,0.7466169483575242,6505126217.946309,17,S4_twin_shock_cex_intervention,indonesia,USDC
362,0.7463297370891586,6342498062.49765,17,S4_twin_shock_cex_intervention,indonesia,USDC
363,0.7695307278631088,6183935610.935209,17,S4_twin_shock_cex_intervention,indonesia,USDC
364,0.7434553125922843,6029337220.661829,17,S4_twin_shock_cex_intervention,indonesia,USDC
365,0.7377627525936369,5878603790.145283,17,S4_twin_shock_cex_intervention,indonesia,USDC
366,0.7053301767569374,5731638695.391651,17,S4_twin_shock_cex_intervention,indonesia,USDC
367,0.7206002687364075,5588347728.00686,17,S4_twin_shock_cex_intervention,indonesia,USDC
368,0.7343903636513994,5448639034.806688,17,S4_twin_shock_cex_intervention,indonesia,USDC
369,0.7543958727254685,5312423058.936522,17,S4_twin_shock_cex_intervention,indonesia,USDC
370,0.7801470987430774,5179612482.463108,17,S4_twin_shock_cex_intervention,indonesia,USDC
371,0.7893748064185128,5050122170.401531,17,S4_twin_shock_cex_intervention,indonesia,USDC
372,0.7999674416923503,4923869116.141492,17,S4_twin_shock_cex_intervention,indonesia,USDC
373,0.8112452638357617,4800772388.237955,17,S4_twin_shock_cex_intervention,indonesia,USDC
374,0.7983911021922672,4680753078.532007,17,S4_twin_shock_cex_intervention,indonesia,USDC
375,0.7922806993617066,4563734251.5687065,17,S4_twin_shock_cex_intervention,indonesia,USDC
376,0.7797544172837089,4449640895.279489,17,S4_twin_shock_cex_intervention,indonesia,USDC
377,0.7778840041700396,4338399872.897502,17,S4_twin_shock_cex_intervention,indonesia,USDC
378,0.8101764602159998,4229939876.075064,17,S4_twin_shock_cex_intervention,indonesia,USDC
379,0.8129325072619361,4124191379.1731877,17,S4_twin_shock_cex_intervention,indonesia,USDC
380,0.8092119276041004,4021086594.693858,17,S4_twin_shock_cex_intervention,indonesia,USDC
381,0.8110489770694369,3920559429.826512,17,S4_twin_shock_cex_intervention,indonesia,USDC
382,0.7989228281336334,3822545444.0808487,17,S4_twin_shock_cex_intervention,indonesia,USDC
383,0.8189491533297635,3726981807.9788275,17,S4_twin_shock_cex_intervention,indonesia,USDC
384,0.8338703745839487,3633807262.779357,17,S4_twin_shock_cex_intervention,indonesia,USDC
385,0.8269510833123201,3542962081.2098722,17,S4_twin_shock_cex_intervention,indonesia,USDC
386,0.8064309221461082,3454388029.1796255,17,S4_twin_shock_cex_intervention,indonesia,USDC
387,0.7898991930428796,3368028328.450135,17,S4_twin_shock_cex_intervention,indonesia,USDC
388,0.7894966492175525,3283827620.238882,17,S4_twin_shock_cex_intervention,indonesia,USDC
389,0.7729898912518837,3201731929.7329097,17,S4_twin_shock_cex_intervention,indonesia,USDC
390,0.7621967469249955,3121688631.4895873,17,S4_twin_shock_cex_intervention,indonesia,USDC
391,0.7605574915076833,3043646415.7023478,17,S4_twin_shock_cex_intervention,indonesia,USDC
392,0.7681747298493061,2967555255.3097887,17,S4_twin_shock_cex_intervention,indonesia,USDC
393,0.7942783692649797,2893366373.927044,17,S4_twin_shock_cex_intervention,indonesia,USDC
394,0.8131646826420266,2821032214.578868,17,S4_twin_shock_cex_intervention,indonesia,USDC
395,0.7817564215257294,2750506409.214396,17,S4_twin_shock_cex_intervention,indonesia,USDC
396,0.8024288574928294,2681743748.984036,17,S4_twin_shock_cex_intervention,indonesia,USDC
397,0.762618922280318,2614700155.2594357,17,S4_twin_shock_cex_intervention,indonesia,USDC
398,0.7793659683722439,2549332651.3779497,17,S4_twin_shock_cex_intervention,indonesia,USDC
399,0.7756956221461698,2485599335.0935006,17,S4_twin_shock_cex_intervention,indonesia,USDC
400,0.8065211863771693,2423459351.716163,17,S4_twin_shock_cex_intervention,indonesia,USDC
401,0.8082201407981311,2362872867.9232593,17,S4_twin_shock_cex_intervention,indonesia,USDC
402,0.8059257478248252,2303801046.225178,17,S4_twin_shock_cex_intervention,indonesia,USDC
403,0.829620582621741,2246206020.069548,17,S4_twin_shock_cex_intervention,indonesia,USDC
404,0.8333874701014058,2190050869.567809,17,S4_twin_shock_cex_intervention,indonesia,USDC
405,0.836306334801728,2135299597.8286142,17,S4_twin_shock_cex_intervention,indonesia,USDC
406,0.8534735013500784,2081917107.8828988,17,S4_twin_shock_cex_intervention,indonesia,USDC
407,0.8538766483200826,2029869180.1858263,17,S4_twin_shock_cex_intervention,indonesia,USDC
408,0.8456081904815603,1979122450.6811807,17,S4_twin_shock_cex_intervention,indonesia,USDC
409,0.8527720620933726,1929644389.4141512,17,S4_twin_shock_cex_intervention,indonesia,USDC
410,0.8585564821961641,1881403279.6787972,17,S4_twin_shock_cex_intervention,indonesia,USDC
411,0.8865913068150171,1834368197.6868274,17,S4_twin_shock_cex_intervention,indonesia,USDC
412,0.892032952517477,1788508992.7446568,17,S4_twin_shock_cex_intervention,indonesia,USDC
413,0.9006807122403195,1743796267.9260404,17,S4_twin_shock_cex_intervention,indonesia,USDC
414,0.8548116160213323,1700201361.2278895,17,S4_twin_shock_cex_intervention,indonesia,USDC
415,0.846609445749563,1657696327.1971922,17,S4_twin_shock_cex_intervention,indonesia,USDC
416,0.8379106014599251,1616253919.0172625,17,S4_twin_shock_cex_intervention,indonesia,USDC
417,0.8285748009233853,1575847571.0418308,17,S4_twin_shock_cex_intervention,indonesia,USDC
418,0.8109489205958549,1536451381.765785,17,S4_twin_shock_cex_intervention,indonesia,USDC
419,0.8139105951743172,1498040097.2216403,17,S4_twin_shock_cex_intervention,indonesia,USDC
420,0.8141383080387822,1460589094.7910993,17,S4_twin_shock_cex_intervention,indonesia,USDC
421,0.8152915953875115,1424074367.4213219,17,S4_twin_shock_cex_intervention,indonesia,USDC
422,0.8005293718176668,1388472508.2357888,17,S4_twin_shock_cex_intervention,indonesia,USDC
423,0.8009830671576645,1353760695.5298939,17,S4_twin_shock_cex_intervention,indonesia,USDC
424,0.8041504228927978,1319916678.1416469,17,S4_twin_shock_cex_intervention,indonesia,USDC
425,0.7899039553831022,1286918761.1881056,17,S4_twin_shock_cex_intervention,indonesia,USDC
426,0.7761616168477646,1254745792.158403,17,S4_twin_shock_cex_intervention,indonesia,USDC
427,0.7907985044397642,1223377147.354443,17,S4_twin_shock_cex_intervention,indonesia,USDC
428,0.7749993527925962,1192792718.6705818,17,S4_twin_shock_cex_intervention,indonesia,USDC
429,0.7779193650144851,1162972900.7038174,17,S4_twin_shock_cex_intervention,indonesia,USDC
430,0.7827241982358388,1133898578.186222,17,S4_twin_shock_cex_intervention,indonesia,USDC
431,0.7768195470911662,1105551113.7315664,17,S4_twin_shock_cex_intervention,indonesia,USDC
432,0.7581230343054345,1077912335.8882773,17,S4_twin_shock_cex_intervention,indonesia,USDC
433,0.7798655113327649,1050964527.4910703,17,S4_twin_shock_cex_intervention,indonesia,USDC
434,0.7927462410315163,1024690414.3037934,17,S4_twin_shock_cex_intervention,indonesia,USDC
435,0.7949079690001073,999073153.9461987,17,S4_twin_shock_cex_intervention,indonesia,USDC
436,0.8090184341207697,974096325.0975437,17,S4_twin_shock_cex_intervention,indonesia,USDC
437,0.8298485122456076,949743916.9701052,17,S4_twin_shock_cex_intervention,indonesia,USDC
438,0.8377545625196663,926000319.0458524,17,S4_twin_shock_cex_intervention,indonesia,USDC
439,0.8277231111139057,902850311.0697062,17,S4_twin_shock_cex_intervention,indonesia,USDC
440,0.8290379693438676,880279053.2929635,17,S4_twin_shock_cex_intervention,indonesia,USDC
441,0.8234925871587747,858272076.9606395,17,S4_twin_shock_cex_intervention,indonesia,USDC
442,0.813962589546741,836815275.0366235,17,S4_twin_shock_cex_intervention,indonesia,USDC
443,0.7824940722475495,815894893.1607078,17,S4_twin_shock_cex_intervention,indonesia,USDC
444,0.7748047690359123,795497520.8316902,17,S4_twin_shock_cex_intervention,indonesia,USDC
445,0.6646222589724669,775610082.8108978,17,S4_twin_shock_cex_intervention,indonesia,USDC
446,0.6612282964906133,756219830.7406254,17,S4_twin_shock_cex_intervention,indonesia,USDC
447,0.6705886153925535,737314334.9721098,17,S4_twin_shock_cex_intervention,indonesia,USDC
448,0.6816906512334223,718881476.5978069,17,S4_twin_shock_cex_intervention,indonesia,USDC
449,0.682733521147173,700909439.6828618,17,S4_twin_shock_cex_intervention,indonesia,USDC
450,0.7235000301383748,683386703.6907903,17,S4_twin_shock_cex_intervention,indonesia,USDC
451,0.7451210782861417,666302036.0985205,17,S4_twin_shock_cex_intervention,indonesia,USDC
452,0.6594745653496487,649644485.1960576,17,S4_twin_shock_cex_intervention,indonesia,USDC
453,0.6871217614133471,633403373.0661561,17,S4_twin_shock_cex_intervention,indonesia,USDC
454,0.7275007431823911,617568288.7395022,17,S4_twin_shock_cex_intervention,indonesia,USDC
455,0.7192852331338275,602129081.5210147,17,S4_twin_shock_cex_intervention,indonesia,USDC
456,0.7255692789779427,587075854.4829893,17,S4_twin_shock_cex_intervention,indonesia,USDC
457,0.7293435281100816,572398958.1209146,17,S4_twin_shock_cex_intervention,indonesia,USDC
458,0.7227036061620399,558088984.1678917,17,S4_twin_shock_cex_intervention,indonesia,USDC
459,0.7278646812387412,544136759.5636944,17,S4_twin_shock_cex_intervention,indonesia,USDC
460,0.7400925286844451,530533340.57460207,17,S4_twin_shock_cex_intervention,indonesia,USDC
461,0.7476793782124718,517270007.06023693,17,S4_twin_shock_cex_intervention,indonesia,USDC
462,0.7708849895030085,504338256.883731,17,S4_twin_shock_cex_intervention,indonesia,USDC
463,0.6415499115605545,491729800.46163774,17,S4_twin_shock_cex_intervention,indonesia,USDC
464,0.6560633024004549,479436555.4500968,17,S4_twin_shock_cex_intervention,indonesia,USDC
465,0.688633368251519,467450641.5638443,17,S4_twin_shock_cex_intervention,indonesia,USDC
466,0.7046617145810814,455764375.5247482,17,S4_twin_shock_cex_intervention,indonesia,USDC
467,0.7120729125465827,444370266.1366296,17,S4_twin_shock_cex_intervention,indonesia,USDC
468,0.7342942385994581,433261009.4832138,17,S4_twin_shock_cex_intervention,indonesia,USDC
469,0.7575168946717314,422429484.24613345,17,S4_twin_shock_cex_intervention,indonesia,USDC
470,0.7572393531448648,411868747.13998014,17,S4_twin_shock_cex_intervention,indonesia,USDC
471,0.7897398777363266,401572028.4614806,17,S4_twin_shock_cex_intervention,indonesia,USDC
472,0.773027227668927,391532727.7499436,17,S4_twin_shock_cex_intervention,indonesia,USDC
473,0.7744859508442867,381744409.556195,17,S4_twin_shock_cex_intervention,indonesia,USDC
474,0.756652501968059,372200799.3172901,17,S4_twin_shock_cex_intervention,indonesia,USDC
475,0.7806030958039717,362895779.33435786,17,S4_twin_shock_cex_intervention,indonesia,USDC
476,0.7717063138603161,353823384.8509989,17,S4_twin_shock_cex_intervention,indonesia,USDC
477,0.75901141154402,344977800.22972393,17,S4_twin_shock_cex_intervention,indonesia,USDC
478,0.7781948149255004,336353355.22398084,17,S4_twin_shock_cex_intervention,indonesia,USDC
479,0.7916364357782698,327944521.34338135,17,S4_twin_shock_cex_intervention,indonesia,USDC
480,0.7793964211472795,319745908.30979675,17,S4_twin_shock_cex_intervention,indonesia,USDC
481,0.7775396923246113,311752260.60205185,17,S4_twin_shock_cex_intervention,indonesia,USDC
482,0.7960662958911152,303958454.08700055,17,S4_twin_shock_cex_intervention,indonesia,USDC
483,0.7963186901028911,296359492.7348255,17,S4_twin_shock_cex_intervention,indonesia,USDC
484,0.793237864966671,288950505.4164549,17,S4_twin_shock_cex_intervention,indonesia,USDC
485,0.7989641738384065,281726742.7810435,17,S4_twin_shock_cex_intervention,indonesia,USDC
486,0.7866056247463314,274683574.21151745,17,S4_twin_shock_cex_intervention,indonesia,USDC
487,0.7887755962979371,267816484.85622948,17,S4_twin_shock_cex_intervention,indonesia,USDC
488,0.803344590776562,261121072.73482376,17,S4_twin_shock_cex_intervention,indonesia,USDC
489,0.7770774439392177,254593045.91645318,17,S4_twin_shock_cex_intervention,indonesia,USDC
490,0.7941193422155313,248228219.7685418,17,S4_twin_shock_cex_intervention,indonesia,USDC
491,0.8007988582049256,242022514.2743283,17,S4_twin_shock_cex_intervention,indonesia,USDC
492,0.7999121825344443,235971951.4174701,17,S4_twin_shock_cex_intervention,indonesia,USDC
493,0.7977275773382778,230072652.63203332,17,S4_twin_shock_cex_intervention,indonesia,USDC
494,0.7962502091564894,224320836.31623247,17,S4_twin_shock_cex_intervention,indonesia,USDC
495,0.7979183184694798,218712815.4083267,17,S4_twin_shock_cex_intervention,indonesia,USDC
496,0.8077774734113257,213244995.0231185,17,S4_twin_shock_cex_intervention,indonesia,USDC
497,0.797306708470738,207913870.14754057,17,S4_twin_shock_cex_intervention,indonesia,USDC
498,0.7801774504379212,202716023.39385206,17,S4_twin_shock_cex_intervention,indonesia,USDC
499,0.7951118094108588,197648122.80900574,17,S4_twin_shock_cex_intervention,indonesia,USDC
500,0.8287351864463169,192706919.73878062,17,S4_twin_shock_cex_intervention,indonesia,USDC
501,0.8055987782242885,187889246.74531108,17,S4_twin_shock_cex_intervention,indonesia,USDC
502,0.7869720525096527,183192015.5766783,17,S4_twin_shock_cex_intervention,indonesia,USDC
503,0.7898997325246655,178612215.18726134,17,S4_twin_shock_cex_intervention,indonesia,USDC
504,0.7887820675643492,174146909.80757982,17,S4_twin_shock_cex_intervention,indonesia,USDC
505,0.7583588436330078,169793237.06239033,17,S4_twin_shock_cex_intervention,indonesia,USDC
506,0.7612816311295557,165548406.13583058,17,S4_twin_shock_cex_intervention,indonesia,USDC
507,0.7421499323326515,161409695.9824348,17,S4_twin_shock_cex_intervention,indonesia,USDC
508,0.7613348595696042,157374453.58287394,17,S4_twin_shock_cex_intervention,indonesia,USDC
509,0.7516935669359409,153440092.24330208,17,S4_twin_shock_cex_intervention,indonesia,USDC
510,0.7533624881930668,149604089.93721953,17,S4_twin_shock_cex_intervention,indonesia,USDC
511,0.7627206345744488,145863987.68878904,17,S4_twin_shock_cex_intervention,indonesia,USDC
512,0.7652708342903363,142217387.99656934,17,S4_twin_shock_cex_intervention,indonesia,USDC
513,0.7897045862624709,138661953.2966551,17,S4_twin_shock_cex_intervention,indonesia,USDC
514,0.7933829121600419,135195404.4642387,17,S4_twin_shock_cex_intervention,indonesia,USDC
515,0.7875434727690012,131815519.35263275,17,S4_twin_shock_cex_intervention,indonesia,USDC
516,0.7818613118125486,128520131.36881693,17,S4_twin_shock_cex_intervention,indonesia,USDC
517,0.7550382055643673,125307128.08459648,17,S4_twin_shock_cex_intervention,indonesia,USDC
518,0.7593973254201963,122174449.88248159,17,S4_twin_shock_cex_intervention,indonesia,USDC
519,0.766827309676269,119120088.63541955,17,S4_twin_shock_cex_intervention,indonesia,USDC
520,0.7802395405243694,116142086.41953406,17,S4_twin_shock_cex_intervention,indonesia,USDC
521,0.8054163642856732,113238534.25904572,17,S4_twin_shock_cex_intervention,indonesia,USDC
522,0.7997252993167844,110407570.90256956,17,S4_twin_shock_cex_intervention,indonesia,USDC
523,0.8047682964124276,107647381.63000531,17,S4_twin_shock_cex_intervention,indonesia,USDC
524,0.77484114877326,104956197.08925518,17,S4_twin_shock_cex_intervention,indonesia,USDC
525,0.7672076907548666,102332292.16202381,17,S4_twin_shock_cex_intervention,indonesia,USDC
526,0.781234584934429,99773984.85797322,17,S4_twin_shock_cex_intervention,indonesia,USDC
527,0.774461421860806,97279635.2365239,17,S4_twin_shock_cex_intervention,indonesia,USDC
528,0.7826834291213361,94847644.35561079,17,S4_twin_shock_cex_intervention,indonesia,USDC
529,0.7822876846920995,92476453.24672051,17,S4_twin_shock_cex_intervention,indonesia,USDC
530,0.8110781245499006,90164541.9155525,17,S4_twin_shock_cex_intervention,indonesia,USDC
531,0.8331370186877941,87910428.36766368,17,S4_twin_shock_cex_intervention,indonesia,USDC
532,0.8197309553606319,85712667.65847209,17,S4_twin_shock_cex_intervention,indonesia,USDC
533,0.7987645592196713,83569850.9670103,17,S4_twin_shock_cex_intervention,indonesia,USDC
534,0.8049380078953682,81480604.69283503,17,S4_twin_shock_cex_intervention,indonesia,USDC
535,0.8006864859566286,79443589.57551417,17,S4_twin_shock_cex_intervention,indonesia,USDC
536,0.8168298097393694,77457499.8361263,17,S4_twin_shock_cex_intervention,indonesia,USDC
537,0.8041261496597656,75521062.34022315,17,S4_twin_shock_cex_intervention,indonesia,USDC
538,0.8125447090710197,73633035.78171757,17,S4_twin_shock_cex_intervention,indonesia,USDC
539,0.8254782375667252,71792209.88717464,17,S4_twin_shock_cex_intervention,indonesia,USDC
540,0.8097139684825688,69997404.63999526,17,S4_twin_shock_cex_intervention,indonesia,USDC
541,0.7848284753667633,68247469.52399538,17,S4_twin_shock_cex_intervention,indonesia,USDC
542,0.7762992333759396,66541282.7858955,17,S4_twin_shock_cex_intervention,indonesia,USDC
543,0.7908565772365036,64877750.71624811,17,S4_twin_shock_cex_intervention,indonesia,USDC
544,0.7753150653861011,63255806.948341906,17,S4_twin_shock_cex_intervention,indonesia,USDC
545,0.7751400726455446,61674411.77463336,17,S4_twin_shock_cex_intervention,indonesia,USDC
546,0.7877586422965663,60132551.480267525,17,S4_twin_shock_cex_intervention,indonesia,USDC
547,0.7986814088563424,58629237.69326083,17,S4_twin_shock_cex_intervention,indonesia,USDC
548,0.7886884730262896,57163506.75092932,17,S4_twin_shock_cex_intervention,indonesia,USDC
549,0.7721143349031234,55734419.08215608,17,S4_twin_shock_cex_intervention,indonesia,USDC
550,0.7687418902758394,54341058.60510218,17,S4_twin_shock_cex_intervention,indonesia,USDC
551,0.7540506180254453,52982532.139974624,17,S4_twin_shock_cex_intervention,indonesia,USDC
552,0.7863885169787739,51657968.83647526,17,S4_twin_shock_cex_intervention,indonesia,USDC
553,0.7838752914577849,50366519.61556338,17,S4_twin_shock_cex_intervention,indonesia,USDC
554,0.7058747179305566,49107356.6251743,17,S4_twin_shock_cex_intervention,indonesia,USDC
555,0.7202294432721988,47879672.70954494,17,S4_twin_shock_cex_intervention,indonesia,USDC
556,0.7411316310528658,46682680.89180632,17,S4_twin_shock_cex_intervention,indonesia,USDC
557,0.6578190136390989,45515613.86951116,17,S4_twin_shock_cex_intervention,indonesia,USDC
558,0.6792978689969829,44377723.52277338,17,S4_twin_shock_cex_intervention,indonesia,USDC
559,0.6886803885362683,43268280.43470405,17,S4_twin_shock_cex_intervention,indonesia,USDC
560,0.7038666761593978,42186573.42383644,17,S4_twin_shock_cex_intervention,indonesia,USDC
561,0.7192244449043184,41131909.088240534,17,S4_twin_shock_cex_intervention,indonesia,USDC
562,0.7529181464372214,40103611.36103451,17,S4_twin_shock_cex_intervention,indonesia,USDC
563,0.7656835082932218,39101021.07700865,17,S4_twin_shock_cex_intervention,indonesia,USDC
564,0.7748077432084703,38123495.550083436,17,S4_twin_shock_cex_intervention,indonesia,USDC
565,0.807900532140226,37170408.16133135,17,S4_twin_shock_cex_intervention,indonesia,USDC
566,0.8194448576511125,36241147.95729806,17,S4_twin_shock_cex_intervention,indonesia,USDC
567,0.8178226973938267,35335119.258365616,17,S4_twin_shock_cex_intervention,indonesia,USDC
568,0.7994381368265336,34451741.276906475,17,S4_twin_shock_cex_intervention,indonesia,USDC
569,0.774895437013843,33590447.744983815,17,S4_twin_shock_cex_intervention,indonesia,USDC
570,0.7600955161030171,32750686.551359214,17,S4_twin_shock_cex_intervention,indonesia,USDC
571,0.7611541881947941,31931919.387575235,17,S4_twin_shock_cex_intervention,indonesia,USDC
572,0.761018718776545,31133621.402885854,17,S4_twin_shock_cex_intervention,indonesia,USDC
573,0.7600045187840765,30355280.867813706,17,S4_twin_shock_cex_intervention,indonesia,USDC
574,0.7672681166027971,29596398.846118364,17,S4_twin_shock_cex_intervention,indonesia,USDC
575,0.7593794359610503,28856488.874965407,17,S4_twin_shock_cex_intervention,indonesia,USDC
576,0.7640903195713691,28135076.653091274,17,S4_twin_shock_cex_intervention,indonesia,USDC
577,0.7672767739271164,27431699.73676399,17,S4_twin_shock_cex_intervention,indonesia,USDC
578,0.7690215460083473,26745907.24334489,17,S4_twin_shock_cex_intervention,indonesia,USDC
579,0.7687290586156432,26077259.56226127,17,S4_twin_shock_cex_intervention,indonesia,USDC
580,0.775402335674051,25425328.07320474,17,S4_twin_shock_cex_intervention,indonesia,USDC
581,0.7725111845119326,24789694.871374622,17,S4_twin_shock_cex_intervention,indonesia,USDC
582,0.7696881404072398,24169952.499590255,17,S4_twin_shock_cex_intervention,indonesia,USDC
583,0.784852063810539,23565703.6871005,17,S4_twin_shock_cex_intervention,indonesia,USDC
584,0.7678657936202657,22976561.094922986,17,S4_twin_shock_cex_intervention,indonesia,USDC
585,0.7708396123804471,22402147.067549914,17,S4_twin_shock_cex_intervention,indonesia,USDC
586,0.7432305970053751,21842093.390861165,17,S4_twin_shock_cex_intervention,indonesia,USDC
587,0.7422028556145265,21296041.056089636,17,S4_twin_shock_cex_intervention,indonesia,USDC
588,0.7646972096506669,20763640.029687393,17,S4_twin_shock_cex_intervention,indonesia,USDC
589,0.7549513247455638,20244549.028945208,17,S4_twin_shock_cex_intervention,indonesia,USDC
590,0.7614178903128509,19738435.30322158,17,S4_twin_shock_cex_intervention,indonesia,USDC
591,0.7526923945644942,19244974.420641042,17,S4_twin_shock_cex_intervention,indonesia,USDC
592,0.7448696833074258,18763850.060125012,17,S4_twin_shock_cex_intervention,indonesia,USDC
593,0.7397057911419144,18294753.808621887,17,S4_twin_shock_cex_intervention,indonesia,USDC
594,0.7278511233918038,17837384.96340634,17,S4_twin_shock_cex_intervention,indonesia,USDC
595,0.7647364286421473,17391450.33932118,17,S4_twin_shock_cex_intervention,indonesia,USDC
596,0.7842452980737868,16956664.08083815,17,S4_twin_shock_cex_intervention,indonesia,USDC
597,0.7693855384774114,16532747.478817198,17,S4_twin_shock_cex_intervention,indonesia,USDC
598,0.7982444618526234,16119428.79184677,17,S4_twin_shock_cex_intervention,indonesia,USDC
599,0.7801434430108487,15716443.072050601,17,S4_twin_shock_cex_intervention,indonesia,USDC
600,0.7855248133678361,15323531.995249335,17,S4_twin_shock_cex_intervention,indonesia,USDC
601,0.7840632385491183,14940443.6953681,17,S4_twin_shock_cex_intervention,indonesia,USDC
602,0.783252821063573,14566932.602983898,17,S4_twin_shock_cex_intervention,indonesia,USDC
603,0.7920738783966663,14202759.287909301,17,S4_twin_shock_cex_intervention,indonesia,USDC
604,0.7854676813282055,13847690.305711567,17,S4_twin_shock_cex_intervention,indonesia,USDC
605,0.793527186858064,13501498.048068779,17,S4_twin_shock_cex_intervention,indonesia,USDC
606,0.8208433140116698,13163960.59686706,17,S4_twin_shock_cex_intervention,indonesia,USDC
607,0.8042619299183514,12834861.581945384,17,S4_twin_shock_cex_intervention,indonesia,USDC
608,0.7927777359092721,12513990.042396748,17,S4_twin_shock_cex_intervention,indonesia,USDC
609,0.7610368938281962,12201140.29133683,17,S4_twin_shock_cex_intervention,indonesia,USDC
610,0.7572567600585114,11896111.78405341,17,S4_twin_shock_cex_intervention,indonesia,USDC
611,0.753565354930737,11598708.989452073,17,S4_twin_shock_cex_intervention,indonesia,USDC
612,0.7730783276346127,11308741.264715772,17,S4_twin_shock_cex_intervention,indonesia,USDC
613,0.7797521329350231,11026022.733097877,17,S4_twin_shock_cex_intervention,indonesia,USDC
614,0.7741084556636862,10750372.16477043,17,S4_twin_shock_cex_intervention,indonesia,USDC
615,0.7751039619234203,10481612.860651169,17,S4_twin_shock_cex_intervention,indonesia,USDC
616,0.7834759407006339,10219572.53913489,17,S4_twin_shock_cex_intervention,indonesia,USDC
617,0.7957421273351872,9964083.225656517,17,S4_twin_shock_cex_intervention,indonesia,USDC
618,0.8007496066544132,9714981.145015106,17,S4_twin_shock_cex_intervention,indonesia,USDC
619,0.8214344863379337,9472106.616389727,17,S4_twin_shock_cex_intervention,indonesia,USDC
620,0.8324665702962808,9235303.950979985,17,S4_twin_shock_cex_intervention,indonesia,USDC
621,0.8272192113909939,9004421.352205485,17,S4_twin_shock_cex_intervention,indonesia,USDC
622,0.8199761735870529,8779310.818400348,17,S4_twin_shock_cex_intervention,indonesia,USDC
623,0.8156075283356881,8559828.04794034,17,S4_twin_shock_cex_intervention,indonesia,USDC
624,0.8310045196423209,8345832.34674183,17,S4_twin_shock_cex_intervention,indonesia,USDC
625,0.8289401039403688,8137186.538073285,17,S4_twin_shock_cex_intervention,indonesia,USDC
626,0.8362504529481829,7933756.874621453,17,S4_twin_shock_cex_intervention,indonesia,USDC
627,0.822118425473017,7735412.952755917,17,S4_twin_shock_cex_intervention,indonesia,USDC
628,0.8201326335629162,7542027.628937018,17,S4_twin_shock_cex_intervention,indonesia,USDC
629,0.8220082900030876,7353476.938213592,17,S4_twin_shock_cex_intervention,indonesia,USDC
630,0.8009722209181281,7169640.0147582535,17,S4_twin_shock_cex_intervention,indonesia,USDC
631,0.764175697750625,6990399.014389296,17,S4_twin_shock_cex_intervention,indonesia,USDC
632,0.7632316981840381,6815639.039029565,17,S4_twin_shock_cex_intervention,indonesia,USDC
633,0.7680279180026417,6645248.063053826,17,S4_twin_shock_cex_intervention,indonesia,USDC
634,0.7606899565874146,6479116.861477479,17,S4_twin_shock_cex_intervention,indonesia,USDC
635,0.766495890264314,6317138.939940543,17,S4_twin_shock_cex_intervention,indonesia,USDC
636,0.7809718593582801,6159210.466442029,17,S4_twin_shock_cex_intervention,indonesia,USDC
637,0.7934603877136945,6005230.204780978,17,S4_twin_shock_cex_intervention,indonesia,USDC
638,0.7910690325747987,5855099.449661454,17,S4_twin_shock_cex_intervention,indonesia,USDC
639,0.7866309246922213,5708721.963419918,17,S4_twin_shock_cex_intervention,indonesia,USDC
640,0.7755233360950515,5566003.914334419,17,S4_twin_shock_cex_intervention,indonesia,USDC
641,0.7724513376134757,5426853.816476059,17,S4_twin_shock_cex_intervention,indonesia,USDC
642,0.7675875544437148,5291182.471064158,17,S4_twin_shock_cex_intervention,indonesia,USDC
643,0.7649631681303941,5158902.909287553,17,S4_twin_shock_cex_intervention,indonesia,USDC
644,0.7725614751014,5029930.3365553655,17,S4_twin_shock_cex_intervention,indonesia,USDC
645,0.7413603405125099,4904182.078141481,17,S4_twin_shock_cex_intervention,indonesia,USDC
646,0.7766307108377563,4781577.526187943,17,S4_twin_shock_cex_intervention,indonesia,USDC
647,0.7773258415006332,4662038.088033245,17,S4_twin_shock_cex_intervention,indonesia,USDC
648,0.7775761116592889,4545487.135832414,17,S4_twin_shock_cex_intervention,indonesia,USDC
649,0.774098467537709,4431849.957436604,17,S4_twin_shock_cex_intervention,indonesia,USDC
650,0.7585316738968049,4321053.708500689,17,S4_twin_shock_cex_intervention,indonesia,USDC
651,0.7569752317894846,4213027.365788171,17,S4_twin_shock_cex_intervention,indonesia,USDC
652,0.7708558904636238,4107701.6816434674,17,S4_twin_shock_cex_intervention,indonesia,USDC
653,0.780749379023267,4005009.1396023803,17,S4_twin_shock_cex_intervention,indonesia,USDC
654,0.7663830613902953,3904883.9111123206,17,S4_twin_shock_cex_intervention,indonesia,USDC
655,0.7678029886857979,3807261.813334513,17,S4_twin_shock_cex_intervention,indonesia,USDC
656,0.7676954033078592,3712080.26800115,17,S4_twin_shock_cex_intervention,indonesia,USDC
657,0.7474259780730291,3619278.2613011207,17,S4_twin_shock_cex_intervention,indonesia,USDC
658,0.7792954949715485,3528796.304768593,17,S4_twin_shock_cex_intervention,indonesia,USDC
659,0.8045316766678183,3440576.3971493784,17,S4_twin_shock_cex_intervention,indonesia,USDC
660,0.8053991557278495,3354561.987220643,17,S4_twin_shock_cex_intervention,indonesia,USDC
661,0.8006053252588821,3270697.937540127,17,S4_twin_shock_cex_intervention,indonesia,USDC
662,0.778479998134924,3188930.489101624,17,S4_twin_shock_cex_intervention,indonesia,USDC
663,0.770756267412271,3109207.2268740833,17,S4_twin_shock_cex_intervention,indonesia,USDC
664,0.7630752580847778,3031477.046202231,17,S4_twin_shock_cex_intervention,indonesia,USDC
665,0.7766500821850836,2955690.120047176,17,S4_twin_shock_cex_intervention,indonesia,USDC
666,0.79019066140234,2881797.8670459962,17,S4_twin_shock_cex_intervention,indonesia,USDC
667,0.7729817735930459,2809752.9203698463,17,S4_twin_shock_cex_intervention,indonesia,USDC
668,0.761035834189597,2739509.0973606003,17,S4_twin_shock_cex_intervention,indonesia,USDC
669,0.7688010990621487,2671021.369926585,17,S4_twin_shock_cex_intervention,indonesia,USDC
670,0.7664949182496892,2604245.8356784205,17,S4_twin_shock_cex_intervention,indonesia,USDC
671,0.7699051290257211,2539139.6897864603,17,S4_twin_shock_cex_intervention,indonesia,USDC
672,0.759192061607786,2475661.1975417985,17,S4_twin_shock_cex_intervention,indonesia,USDC
673,0.7841108873384594,2413769.6676032534,17,S4_twin_shock_cex_intervention,indonesia,USDC
674,0.7795784597342948,2353425.425913172,17,S4_twin_shock_cex_intervention,indonesia,USDC
675,0.7815637928619469,2294589.7902653427,17,S4_twin_shock_cex_intervention,indonesia,USDC
676,0.7734373740990668,2237225.0455087093,17,S4_twin_shock_cex_intervention,indonesia,USDC
677,0.7938684618027743,2181294.419370991,17,S4_twin_shock_cex_intervention,indonesia,USDC
678,0.823854591816118,2126762.0588867166,17,S4_twin_shock_cex_intervention,indonesia,USDC
679,0.8193149175916139,2073593.007414549,17,S4_twin_shock_cex_intervention,indonesia,USDC
680,0.8211914654152578,2021753.182229185,17,S4_twin_shock_cex_intervention,indonesia,USDC
681,0.8244224305733899,1971209.3526734554,17,S4_twin_shock_cex_intervention,indonesia,USDC
682,0.8241063432261465,1921929.118856619,17,S4_twin_shock_cex_intervention,indonesia,USDC
683,0.8281281776997764,1873880.8908852034,17,S4_twin_shock_cex_intervention,indonesia,USDC
684,0.828754586656552,1827033.8686130734,17,S4_twin_shock_cex_intervention,indonesia,USDC
685,0.8366540246799384,1781358.0218977467,17,S4_twin_shock_cex_intervention,indonesia,USDC
686,0.8340787304268135,1736824.071350303,17,S4_twin_shock_cex_intervention,indonesia,USDC
687,0.835430243877324,1693403.4695665452,17,S4_twin_shock_cex_intervention,indonesia,USDC
688,0.8337049203346453,1651068.3828273816,17,S4_twin_shock_cex_intervention,indonesia,USDC
689,0.835238744227939,1609791.6732566971,17,S4_twin_shock_cex_intervention,indonesia,USDC
690,0.8293458628384461,1569546.8814252797,17,S4_twin_shock_cex_intervention,indonesia,USDC
691,0.8411282445438556,1530308.2093896477,17,S4_twin_shock_cex_intervention,indonesia,USDC
692,0.8429327529169519,1492050.5041549066,17,S4_twin_shock_cex_intervention,indonesia,USDC
693,0.8398230109535709,1454749.2415510337,17,S4_twin_shock_cex_intervention,indonesia,USDC
694,0.8160396806166402,1418380.510512258,17,S4_twin_shock_cex_intervention,indonesia,USDC
695,0.7862553586720459,1382920.9977494515,17,S4_twin_shock_cex_intervention,indonesia,USDC
696,0.7892948356164757,1348347.9728057152,17,S4_twin_shock_cex_intervention,indonesia,USDC
697,0.790687291579986,1314639.2734855723,17,S4_twin_shock_cex_intervention,indonesia,USDC
698,0.7950129834485389,1281773.2916484328,17,S4_twin_shock_cex_intervention,indonesia,USDC
699,0.7865730939968875,1249728.959357222,17,S4_twin_shock_cex_intervention,indonesia,USDC
700,0.7925787140005055,1218485.7353732917,17,S4_twin_shock_cex_intervention,indonesia,USDC
701,0.8012459310451185,1188023.5919889593,17,S4_twin_shock_cex_intervention,indonesia,USDC
702,0.7980344134859407,1158323.0021892353,17,S4_twin_shock_cex_intervention,indonesia,USDC
703,0.8076423506184607,1129364.9271345045,17,S4_twin_shock_cex_intervention,indonesia,USDC
704,0.8176276449605366,1101130.8039561417,17,S4_twin_shock_cex_intervention,indonesia,USDC
705,0.801655188448135,1073602.5338572382,17,S4_twin_shock_cex_intervention,indonesia,USDC
706,0.7950244386401881,1046762.4705108074,17,S4_twin_shock_cex_intervention,indonesia,USDC
707,0.7925924633853175,1020593.4087480372,17,S4_twin_shock_cex_intervention,indonesia,USDC
708,0.7937148079846671,995078.5735293363,17,S4_twin_shock_cex_intervention,indonesia,USDC
709,0.792537621661283,970201.6091911027,17,S4_twin_shock_cex_intervention,indonesia,USDC
710,0.8197471735597854,945946.5689613253,17,S4_twin_shock_cex_intervention,indonesia,USDC
711,0.8058116857477775,922297.9047372921,17,S4_twin_shock_cex_intervention,indonesia,USDC
712,0.7995396358826982,899240.4571188599,17,S4_twin_shock_cex_intervention,indonesia,USDC
713,0.8040172440673479,876759.4456908883,17,S4_twin_shock_cex_intervention,indonesia,USDC
714,0.8010647369234499,854840.4595486161,17,S4_twin_shock_cex_intervention,indonesia,USDC
715,0.8044291509606629,833469.4480599007,17,S4_twin_shock_cex_intervention,indonesia,USDC
716,0.8229293047181039,812632.7118584032,17,S4_twin_shock_cex_intervention,indonesia,USDC
717,0.8032055192578084,792316.8940619432,17,S4_twin_shock_cex_intervention,indonesia,USDC
718,0.7783723858996304,772508.9717103946,17,S4_twin_shock_cex_intervention,indonesia,USDC
719,0.7619217648783512,753196.2474176347,17,S4_twin_shock_cex_intervention,indonesia,USDC
720,0.7548536465961155,734366.3412321939,17,S4_twin_shock_cex_intervention,indonesia,USDC
721,0.7530286995922685,716007.1827013891,17,S4_twin_shock_cex_intervention,indonesia,USDC
722,0.7670681435677148,698107.0031338544,17,S4_twin_shock_cex_intervention,indonesia,USDC
723,0.7568507255720256,680654.328055508,17,S4_twin_shock_cex_intervention,indonesia,USDC
724,0.7746905753216625,663637.9698541202,17,S4_twin_shock_cex_intervention,indonesia,USDC
725,0.7605683554660875,647047.0206077672,17,S4_twin_shock_cex_intervention,indonesia,USDC
726,0.7745601332822085,630870.845092573,17,S4_twin_shock_cex_intervention,indonesia,USDC
727,0.7887186805996663,615099.0739652587,17,S4_twin_shock_cex_intervention,indonesia,USDC
728,0.8046337712664476,599721.5971161271,17,S4_twin_shock_cex_intervention,indonesia,USDC
729,0.8182571644708865,584728.557188224,17,S4_twin_shock_cex_intervention,indonesia,USDC
730,0.7989341739976507,570110.3432585185,17,S4_twin_shock_cex_intervention,indonesia,USDC
731,0.789138229902781,555857.5846770555,17,S4_twin_shock_cex_intervention,indonesia,USDC
732,0.7918905371773254,541961.1450601291,17,S4_twin_shock_cex_intervention,indonesia,USDC
733,0.7896816001717647,528412.1164336259,17,S4_twin_shock_cex_intervention,indonesia,USDC
734,0.7819419609176328,515201.81352278526,17,S4_twin_shock_cex_intervention,indonesia,USDC
735,0.7775188161024985,502321.7681847156,17,S4_twin_shock_cex_intervention,indonesia,USDC
736,0.765492911439337,489763.7239800978,17,S4_twin_shock_cex_intervention,indonesia,USDC
737,0.7514237952652683,477519.6308805953,17,S4_twin_shock_cex_intervention,indonesia,USDC
738,0.7704002422228595,465581.64010858047,17,S4_twin_shock_cex_intervention,indonesia,USDC
739,0.7995898740578042,453942.0991058659,17,S4_twin_shock_cex_intervention,indonesia,USDC
740,0.8047630001664451,442593.5466282193,17,S4_twin_shock_cex_intervention,indonesia,USDC
741,0.7846654482560543,431528.7079625138,17,S4_twin_shock_cex_intervention,indonesia,USDC
742,0.8040262787289186,420740.49026345095,17,S4_twin_shock_cex_intervention,indonesia,USDC
743,0.8042992575261605,410221.97800686467,17,S4_twin_shock_cex_intervention,indonesia,USDC
744,0.795729195728576,399966.428556693,17,S4_twin_shock_cex_intervention,indonesia,USDC
745,0.8062600818134082,389967.26784277573,17,S4_twin_shock_cex_intervention,indonesia,USDC
746,0.81029665130211,380218.0861467063,17,S4_twin_shock_cex_intervention,indonesia,USDC
747,0.8191754757033901,370712.6339930387,17,S4_twin_shock_cex_intervention,indonesia,USDC
748,0.828306393086842,361444.8181432127,17,S4_twin_shock_cex_intervention,indonesia,USDC
749,0.8126990618678457,352408.69768963236,17,S4_twin_shock_cex_intervention,indonesia,USDC
750,0.7991405063159349,343598.48024739156,17,S4_twin_shock_cex_intervention,indonesia,USDC
751,0.7957532647106909,335008.51824120677,17,S4_twin_shock_cex_intervention,indonesia,USDC
752,0.819276904339628,326633.3052851766,17,S4_twin_shock_cex_intervention,indonesia,USDC
753,0.8190496928922428,318467.4726530472,17,S4_twin_shock_cex_intervention,indonesia,USDC
754,0.810987993919966,310505.785836721,17,S4_twin_shock_cex_intervention,indonesia,USDC
755,0.7981599660144575,302743.14119080297,17,S4_twin_shock_cex_intervention,indonesia,USDC
756,0.7980808774284703,295174.5626610329,17,S4_twin_shock_cex_intervention,indonesia,USDC
757,0.8059291463562154,287795.19859450706,17,S4_twin_shock_cex_intervention,indonesia,USDC
758,0.7905227589575053,280600.31862964446,17,S4_twin_shock_cex_intervention,indonesia,USDC
759,0.8032524795529142,273585.3106639033,17,S4_twin_shock_cex_intervention,indonesia,USDC
760,0.7826005008042888,266745.6778973057,17,S4_twin_shock_cex_intervention,indonesia,USDC
761,0.8204380339582372,260077.0359498731,17,S4_twin_shock_cex_intervention,indonesia,USDC
762,0.825846538358009,253575.11005112628,17,S4_twin_shock_cex_intervention,indonesia,USDC
763,0.8183999297345065,247235.7322998481,17,S4_twin_shock_cex_intervention,indonesia,USDC
764,0.8081907353368276,241054.8389923519,17,S4_twin_shock_cex_intervention,indonesia,USDC
765,0.8126558043727005,235028.4680175431,17,S4_twin_shock_cex_intervention,indonesia,USDC
766,0.8118497315191131,229152.75631710453,17,S4_twin_shock_cex_intervention,indonesia,USDC
767,0.7937248304379417,223423.93740917693,17,S4_twin_shock_cex_intervention,indonesia,USDC
768,0.7931498685119195,217838.3389739475,17,S4_twin_shock_cex_intervention,indonesia,USDC
769,0.7853286791035708,212392.3804995988,17,S4_twin_shock_cex_intervention,indonesia,USDC
770,0.7912497820643685,207082.57098710883,17,S4_twin_shock_cex_intervention,indonesia,USDC
771,0.7746851535106357,201905.5067124311,17,S4_twin_shock_cex_intervention,indonesia,USDC
772,0.778055330633731,196857.8690446203,17,S4_twin_shock_cex_intervention,indonesia,USDC
773,0.7616820777263937,191936.42231850483,17,S4_twin_shock_cex_intervention,indonesia,USDC
774,0.7729083744598461,187138.0117605422,17,S4_twin_shock_cex_intervention,indonesia,USDC
775,0.7798764627088893,182459.56146652863,17,S4_twin_shock_cex_intervention,indonesia,USDC
776,0.7839441377723304,177898.07242986542,17,S4_twin_shock_cex_intervention,indonesia,USDC
777,0.7980549765340795,173450.6206191188,17,S4_twin_shock_cex_intervention,indonesia,USDC
778,0.8097514785146579,169114.35510364082,17,S4_twin_shock_cex_intervention,indonesia,USDC
779,0.8219293684010642,164886.4962260498,17,S4_twin_shock_cex_intervention,indonesia,USDC
780,0.8401759579426618,160764.33382039858,17,S4_twin_shock_cex_intervention,indonesia,USDC
781,0.8261591096318791,156745.2254748886,17,S4_twin_shock_cex_intervention,indonesia,USDC
782,0.8347955172160885,152826.59483801638,17,S4_twin_shock_cex_intervention,indonesia,USDC
783,0.8041306911718993,149005.92996706598,17,S4_twin_shock_cex_intervention,indonesia,USDC
784,0.7953611405481869,145280.78171788933,17,S4_twin_shock_cex_intervention,indonesia,USDC
785,0.7970493127768654,141648.7621749421,17,S4_twin_shock_cex_intervention,indonesia,USDC
786,0.7808301458716714,138107.54312056856,17,S4_twin_shock_cex_intervention,indonesia,USDC
787,0.7875934942049689,134654.85454255433,17,S4_twin_shock_cex_intervention,indonesia,USDC
788,0.8171718944053612,131288.4831789905,17,S4_twin_shock_cex_intervention,indonesia,USDC
789,0.796520848105224,128006.27109951571,17,S4_twin_shock_cex_intervention,indonesia,USDC
790,0.8190913870955417,124806.11432202783,17,S4_twin_shock_cex_intervention,indonesia,USDC
791,0.7934943418587959,121685.96146397712,17,S4_twin_shock_cex_intervention,indonesia,USDC
792,0.8059608681999509,118643.81242737769,17,S4_twin_shock_cex_intervention,indonesia,USDC
793,0.7789816256286927,115677.71711669324,17,S4_twin_shock_cex_intervention,indonesia,USDC
794,0.7811818532306978,112785.7741887759,17,S4_twin_shock_cex_intervention,indonesia,USDC
795,0.781479218165548,109966.12983405651,17,S4_twin_shock_cex_intervention,indonesia,USDC
796,0.785191185957808,107216.97658820511,17,S4_twin_shock_cex_intervention,indonesia,USDC
797,0.7886382405563823,104536.55217349998,17,S4_twin_shock_cex_intervention,indonesia,USDC
798,0.7898142544425484,101923.13836916247,17,S4_twin_shock_cex_intervention,indonesia,USDC
799,0.7876305283403181,99375.05990993342,17,S4_twin_shock_cex_intervention,indonesia,USDC
800,0.7937185110343166,96890.68341218508,17,S4_twin_shock_cex_intervention,indonesia,USDC
801,0.7955133655413944,94468.41632688046,17,S4_twin_shock_cex_intervention,indonesia,USDC
802,0.7863245419982791,92106.70591870844,17,S4_twin_shock_cex_intervention,indonesia,USDC
803,0.7968900692986638,89804.03827074074,17,S4_twin_shock_cex_intervention,indonesia,USDC
804,0.8098204875029351,87558.93731397222,17,S4_twin_shock_cex_intervention,indonesia,USDC
805,0.796218528678925,85369.96388112291,17,S4_twin_shock_cex_intervention,indonesia,USDC
806,0.7982812186395574,83235.71478409483,17,S4_twin_shock_cex_intervention,indonesia,USDC
807,0.7775401972640625,81154.82191449247,17,S4_twin_shock_cex_intervention,indonesia,USDC
808,0.765053984014852,79125.95136663015,17,S4_twin_shock_cex_intervention,indonesia,USDC
809,0.7685571550392309,77147.80258246438,17,S4_twin_shock_cex_intervention,indonesia,USDC
810,0.7996247108363287,75219.10751790278,17,S4_twin_shock_cex_intervention,indonesia,USDC
811,0.7768145293186736,73338.62982995521,17,S4_twin_shock_cex_intervention,indonesia,USDC
812,0.773563852367178,71505.16408420634,17,S4_twin_shock_cex_intervention,indonesia,USDC
813,0.7767272642613064,69717.53498210118,17,S4_twin_shock_cex_intervention,indonesia,USDC
814,0.7703083678338616,67974.59660754865,17,S4_twin_shock_cex_intervention,indonesia,USDC
815,0.7607585215417159,66275.23169235993,17,S4_twin_shock_cex_intervention,indonesia,USDC
816,0.7794332476939256,64618.35090005092,17,S4_twin_shock_cex_intervention,indonesia,USDC
817,0.7702413857768622,63002.89212754966,17,S4_twin_shock_cex_intervention,indonesia,USDC
818,0.7727841500991167,61427.819824360915,17,S4_twin_shock_cex_intervention,indonesia,USDC
819,0.7821657647434276,59892.12432875189,17,S4_twin_shock_cex_intervention,indonesia,USDC
820,0.812726244947751,58394.82122053309,17,S4_twin_shock_cex_intervention,indonesia,USDC
821,0.8072378019314357,56934.95069001977,17,S4_twin_shock_cex_intervention,indonesia,USDC
822,0.8115766218084272,55511.576922769265,17,S4_twin_shock_cex_intervention,indonesia,USDC
823,0.8124559495696227,54123.78749970005,17,S4_twin_shock_cex_intervention,indonesia,USDC
824,0.7861306370147114,52770.69281220753,17,S4_twin_shock_cex_intervention,indonesia,USDC
825,0.7701807512608406,51451.425491902344,17,S4_twin_shock_cex_intervention,indonesia,USDC
826,0.7547848029329634,50165.139854604786,17,S4_twin_shock_cex_intervention,indonesia,USDC
827,0.7403093932169258,48911.01135823967,17,S4_twin_shock_cex_intervention,indonesia,USDC
828,0.7589014791404574,47688.236074283675,17,S4_twin_shock_cex_intervention,indonesia,USDC
829,0.7726834551858912,46496.03017242658,17,S4_twin_shock_cex_intervention,indonesia,USDC
830,0.746672964394474,45333.62941811592,17,S4_twin_shock_cex_intervention,indonesia,USDC
831,0.7360625990910671,44200.28868266303,17,S4_twin_shock_cex_intervention,indonesia,USDC
832,0.743148444225525,43095.28146559645,17,S4_twin_shock_cex_intervention,indonesia,USDC
833,0.7473816393732557,42017.89942895654,17,S4_twin_shock_cex_intervention,indonesia,USDC
834,0.747894842337106,40967.45194323263,17,S4_twin_shock_cex_intervention,indonesia,USDC
835,0.765335167528676,39943.26564465181,17,S4_twin_shock_cex_intervention,indonesia,USDC
836,0.7496294994613174,38944.68400353551,17,S4_twin_shock_cex_intervention,indonesia,USDC
837,0.7486500369282291,37971.06690344712,17,S4_twin_shock_cex_intervention,indonesia,USDC
838,0.7381214073013196,37021.79023086095,17,S4_twin_shock_cex_intervention,indonesia,USDC
839,0.7398069933043353,36096.245475089425,17,S4_twin_shock_cex_intervention,indonesia,USDC
840,0.7441164134666287,35193.83933821219,17,S4_twin_shock_cex_intervention,indonesia,USDC
841,0.6686102455570249,34313.99335475689,17,S4_twin_shock_cex_intervention,indonesia,USDC
842,0.7050793608939355,33456.14352088796,17,S4_twin_shock_cex_intervention,indonesia,USDC
843,0.7305328127446576,32619.73993286576,17,S4_twin_shock_cex_intervention,indonesia,USDC
844,0.7500641655461254,31804.24643454412,17,S4_twin_shock_cex_intervention,indonesia,USDC
845,0.7578395908822684,31009.140273680518,17,S4_twin_shock_cex_intervention,indonesia,USDC
846,0.7654463116664905,30233.9117668385,17,S4_twin_shock_cex_intervention,indonesia,USDC
847,0.766798720507391,29478.063972667536,17,S4_twin_shock_cex_intervention,indonesia,USDC
848,0.7850535950311279,28741.11237335085,17,S4_twin_shock_cex_intervention,indonesia,USDC
849,0.7693053490712815,28022.58456401708,17,S4_twin_shock_cex_intervention,indonesia,USDC
850,0.7535847681305801,27322.019949916652,17,S4_twin_shock_cex_intervention,indonesia,USDC
851,0.7815736252861942,26638.969451168734,17,S4_twin_shock_cex_intervention,indonesia,USDC
852,0.7662831696608129,25972.995214889517,17,S4_twin_shock_cex_intervention,indonesia,USDC
853,0.738073311765138,25323.67033451728,17,S4_twin_shock_cex_intervention,indonesia,USDC
854,0.7390283497159394,24690.578576154345,17,S4_twin_shock_cex_intervention,indonesia,USDC
855,0.7434070789191692,24073.314111750486,17,S4_twin_shock_cex_intervention,indonesia,USDC
856,0.7622955199153753,23471.481258956726,17,S4_twin_shock_cex_intervention,indonesia,USDC
857,0.7556788338543045,22884.69422748281,17,S4_twin_shock_cex_intervention,indonesia,USDC
858,0.7646081103720085,22312.57687179574,17,S4_twin_shock_cex_intervention,indonesia,USDC
859,0.7475835932678394,21754.762450000846,17,S4_twin_shock_cex_intervention,indonesia,USDC
860,0.7455067849015141,21210.893388750825,17,S4_twin_shock_cex_intervention,indonesia,USDC
861,0.7486070841077568,20680.621054032054,17,S4_twin_shock_cex_intervention,indonesia,USDC
862,0.762237796055171,20163.60552768125,17,S4_twin_shock_cex_intervention,indonesia,USDC
863,0.7645677762378777,19659.51538948922,17,S4_twin_shock_cex_intervention,indonesia,USDC
864,0.7452697295839381,19168.02750475199,17,S4_twin_shock_cex_intervention,indonesia,USDC
865,0.7554483323219354,18688.826817133187,17,S4_twin_shock_cex_intervention,indonesia,USDC
866,0.7445927715288478,18221.60614670486,17,S4_twin_shock_cex_intervention,indonesia,USDC
867,0.7276784438450188,17766.06599303724,17,S4_twin_shock_cex_intervention,indonesia,USDC
868,0.7183894423951281,17321.91434321131,17,S4_twin_shock_cex_intervention,indonesia,USDC
869,0.7440354572266883,16888.866484631024,17,S4_twin_shock_cex_intervention,indonesia,USDC
870,0.7716171877975692,16466.64482251525,17,S4_twin_shock_cex_intervention,indonesia,USDC
871,0.7797568540679084,16054.978701952368,17,S4_twin_shock_cex_intervention,indonesia,USDC
872,0.7982492948598232,15653.604234403558,17,S4_twin_shock_cex_intervention,indonesia,USDC
873,0.795842011309036,15262.26412854347,17,S4_twin_shock_cex_intervention,indonesia,USDC
874,0.8120182956583134,14880.707525329884,17,S4_twin_shock_cex_intervention,indonesia,USDC
875,0.8157056364369575,14508.689837196638,17,S4_twin_shock_cex_intervention,indonesia,USDC
876,0.8089773314016911,14145.97259126672,17,S4_twin_shock_cex_intervention,indonesia,USDC
877,0.8121456560843392,13792.323276485055,17,S4_twin_shock_cex_intervention,indonesia,USDC
878,0.7845125166414748,13447.515194572927,17,S4_twin_shock_cex_intervention,indonesia,USDC
879,0.7909306954913805,13111.327314708604,17,S4_twin_shock_cex_intervention,indonesia,USDC
880,0.7520738399485112,12783.54413184089,17,S4_twin_shock_cex_intervention,indonesia,USDC
881,0.7816444824494311,12463.955528544866,17,S4_twin_shock_cex_intervention,indonesia,USDC
882,0.7772203882281914,12152.356640331245,17,S4_twin_shock_cex_intervention,indonesia,USDC
883,0.7758212588695066,11848.547724322965,17,S4_twin_shock_cex_intervention,indonesia,USDC
884,0.786660177079275,11552.33403121489,17,S4_twin_shock_cex_intervention,indonesia,USDC
885,0.799433651488581,11263.525680434517,17,S4_twin_shock_cex_intervention,indonesia,USDC
886,0.8347648512113632,10981.937538423655,17,S4_twin_shock_cex_intervention,indonesia,USDC
887,0.8268740535231306,10707.389099963064,17,S4_twin_shock_cex_intervention,indonesia,USDC
888,0.8241773246274284,10439.704372463986,17,S4_twin_shock_cex_intervention,indonesia,USDC
889,0.8156994593011998,10178.711763152387,17,S4_twin_shock_cex_intervention,indonesia,USDC
890,0.7948825499470596,9924.243969073577,17,S4_twin_shock_cex_intervention,indonesia,USDC
891,0.784897911710424,9676.137869846738,17,S4_twin_shock_cex_intervention,indonesia,USDC
892,0.7855389656949749,9434.23442310057,17,S4_twin_shock_cex_intervention,indonesia,USDC
893,0.79877740986187,9198.378562523056,17,S4_twin_shock_cex_intervention,indonesia,USDC
894,0.8114637242221545,8968.419098459979,17,S4_twin_shock_cex_intervention,indonesia,USDC
895,0.7920896866529372,8744.20862099848,17,S4_twin_shock_cex_intervention,indonesia,USDC
896,0.821660157019206,8525.603405473517,17,S4_twin_shock_cex_intervention,indonesia,USDC
897,0.8195474639514763,8312.46332033668,17,S4_twin_shock_cex_intervention,indonesia,USDC
898,0.8027152563713065,8104.65173732826,17,S4_twin_shock_cex_intervention,indonesia,USDC
899,0.7993358689539336,7902.035443895054,17,S4_twin_shock_cex_intervention,indonesia,USDC
900,0.8050741157585697,7704.484557797678,17,S4_twin_shock_cex_intervention,indonesia,USDC
901,0.7710791092863966,7511.872443852736,17,S4_twin_shock_cex_intervention,indonesia,USDC
902,0.7701648495208698,7324.075632756418,17,S4_twin_shock_cex_intervention,indonesia,USDC
903,0.7602130076737458,7140.973741937507,17,S4_twin_shock_cex_intervention,indonesia,USDC
904,0.7730844877712288,6962.44939838907,17,S4_twin_shock_cex_intervention,indonesia,USDC
905,0.7722932449561586,6788.388163429343,17,S4_twin_shock_cex_intervention,indonesia,USDC
906,0.7667866244283525,6618.67845934361,17,S4_twin_shock_cex_intervention,indonesia,USDC
907,0.7468706218066297,6453.211497860018,17,S4_twin_shock_cex_intervention,indonesia,USDC
908,0.7586354731119235,6291.881210413518,17,S4_twin_shock_cex_intervention,indonesia,USDC
909,0.7242662186472356,6134.584180153181,17,S4_twin_shock_cex_intervention,indonesia,USDC
910,0.7444732962462811,5981.21957564935,17,S4_twin_shock_cex_intervention,indonesia,USDC
911,0.7526015326339399,5831.689086258117,17,S4_twin_shock_cex_intervention,indonesia,USDC
912,0.7599389301738755,5685.896859101664,17,S4_twin_shock_cex_intervention,indonesia,USDC
913,0.7704781846563846,5543.749437624122,17,S4_twin_shock_cex_intervention,indonesia,USDC
914,0.7699199662013805,5405.155701683519,17,S4_twin_shock_cex_intervention,indonesia,USDC
915,0.7332342207035939,5270.026809141431,17,S4_twin_shock_cex_intervention,indonesia,USDC
916,0.7520489231437755,5138.2761389128955,17,S4_twin_shock_cex_intervention,indonesia,USDC
917,0.7659778802020166,5009.819235440073,17,S4_twin_shock_cex_intervention,indonesia,USDC
918,0.7501755441821522,4884.573754554071,17,S4_twin_shock_cex_intervention,indonesia,USDC
919,0.7390167618206016,4762.45941069022,17,S4_twin_shock_cex_intervention,indonesia,USDC
920,0.774839068006265,4643.397925422963,17,S4_twin_shock_cex_intervention,indonesia,USDC
921,0.7762512842698591,4527.31297728739,17,S4_twin_shock_cex_intervention,indonesia,USDC
922,0.8156414527299,4414.130152855205,17,S4_twin_shock_cex_intervention,indonesia,USDC
923,0.8307738226068588,4303.7768990338245,17,S4_twin_shock_cex_intervention,indonesia,USDC
924,0.8269128441976862,4196.1824765579795,17,S4_twin_shock_cex_intervention,indonesia,USDC
925,0.8079176610018743,4091.2779146440303,17,S4_twin_shock_cex_intervention,indonesia,USDC
926,0.7904090894879571,3988.995966777929,17,S4_twin_shock_cex_intervention,indonesia,USDC
927,0.7837289360140732,3889.2710676084807,17,S4_twin_shock_cex_intervention,indonesia,USDC
928,0.8026897492749727,3792.039290918269,17,S4_twin_shock_cex_intervention,indonesia,USDC
929,0.8136060154362086,3697.238308645312,17,S4_twin_shock_cex_intervention,indonesia,USDC
930,0.8124048003264177,3604.80735092918,17,S4_twin_shock_cex_intervention,indonesia,USDC
931,0.7890758024087065,3514.68716715595,17,S4_twin_shock_cex_intervention,indonesia,USDC
932,0.7943937668331152,3426.8199879770514,17,S4_twin_shock_cex_intervention,indonesia,USDC
933,0.7913403392450918,3341.149488277625,17,S4_twin_shock_cex_intervention,indonesia,USDC
934,0.7972204154867806,3257.6207510706845,17,S4_twin_shock_cex_intervention,indonesia,USDC
935,0.8074361884007737,3176.1802322939175,17,S4_twin_shock_cex_intervention,indonesia,USDC
936,0.8094685467170187,3096.77572648657,17,S4_twin_shock_cex_intervention,indonesia,USDC
937,0.8285612248346702,3019.3563333244056,17,S4_twin_shock_cex_intervention,indonesia,USDC
938,0.8199151650671678,2943.8724249912952,17,S4_twin_shock_cex_intervention,indonesia,USDC
939,0.8295093680292156,2870.275614366513,17,S4_twin_shock_cex_intervention,indonesia,USDC
940,0.8232674728820427,2798.51872400735,17,S4_twin_shock_cex_intervention,indonesia,USDC
941,0.7761207697972984,2728.5557559071663,17,S4_twin_shock_cex_intervention,indonesia,USDC
942,0.779236009097523,2660.341862009487,17,S4_twin_shock_cex_intervention,indonesia,USDC
943,0.7864328020095157,2593.83331545925,17,S4_twin_shock_cex_intervention,indonesia,USDC
944,0.7886746656435744,2528.9874825727684,17,S4_twin_shock_cex_intervention,indonesia,USDC
945,0.7748427818865514,2465.7627955084495,17,S4_twin_shock_cex_intervention,indonesia,USDC
946,0.7831623441565853,2404.1187256207386,17,S4_twin_shock_cex_intervention,indonesia,USDC
947,0.7715528629641769,2344.0157574802197,17,S4_twin_shock_cex_intervention,indonesia,USDC
948,0.7521476769153064,2285.4153635432144,17,S4_twin_shock_cex_intervention,indonesia,USDC
949,0.7235127393357346,2228.279979454634,17,S4_twin_shock_cex_intervention,indonesia,USDC
950,0.7376969866530543,2172.572979968268,17,S4_twin_shock_cex_intervention,indonesia,USDC
951,0.755576563803218,2118.2586554690615,17,S4_twin_shock_cex_intervention,indonesia,USDC
952,0.763940648354318,2065.3021890823347,17,S4_twin_shock_cex_intervention,indonesia,USDC
953,0.7606498887704165,2013.6696343552767,17,S4_twin_shock_cex_intervention,indonesia,USDC
954,0.7795539693566114,1963.3278934963946,17,S4_twin_shock_cex_intervention,indonesia,USDC
955,0.8079939448592284,1914.2446961589849,17,S4_twin_shock_cex_intervention,indonesia,USDC
956,0.7983295118562793,1866.3885787550103,17,S4_twin_shock_cex_intervention,indonesia,USDC
957,0.7925926701633841,1819.728864286135,17,S4_twin_shock_cex_intervention,indonesia,USDC
958,0.782595812951646,1774.2356426789815,17,S4_twin_shock_cex_intervention,indonesia,USDC
959,0.7611172678425268,1729.879751612007,17,S4_twin_shock_cex_intervention,indonesia,USDC
960,0.7662239976514073,1686.6327578217067,17,S4_twin_shock_cex_intervention,indonesia,USDC
961,0.777997477281058,1644.4669388761642,17,S4_twin_shock_cex_intervention,indonesia,USDC
962,0.7935703371259832,1603.35526540426,17,S4_twin_shock_cex_intervention,indonesia,USDC
963,0.7923665086251117,1563.2713837691535,17,S4_twin_shock_cex_intervention,indonesia,USDC
964,0.7857662815147245,1524.1895991749248,17,S4_twin_shock_cex_intervention,indonesia,USDC
965,0.7759290693606461,1486.0848591955516,17,S4_twin_shock_cex_intervention,indonesia,USDC
966,0.7749582105419102,1448.9327377156628,17,S4_twin_shock_cex_intervention,indonesia,USDC
967,0.7552755064723486,1412.7094192727714,17,S4_twin_shock_cex_intervention,indonesia,USDC
968,0.7634942894014756,1377.391683790952,17,S4_twin_shock_cex_intervention,indonesia,USDC
969,0.7926298597367314,1342.956891696178,17,S4_twin_shock_cex_intervention,indonesia,USDC
970,0.8071380791328827,1309.3829694037736,17,S4_twin_shock_cex_intervention,indonesia,USDC
971,0.6904745567704158,1276.6483951686794,17,S4_twin_shock_cex_intervention,indonesia,USDC
972,0.7085352199394063,1244.7321852894624,17,S4_twin_shock_cex_intervention,indonesia,USDC
973,0.716620658027463,1213.6138806572258,17,S4_twin_shock_cex_intervention,indonesia,USDC
974,0.7126537370127645,1183.2735336407952,17,S4_twin_shock_cex_intervention,indonesia,USDC
975,0.6916126387429076,1153.6916952997753,17,S4_twin_shock_cex_intervention,indonesia,USDC
976,0.6848584675810222,1124.849402917281,17,S4_twin_shock_cex_intervention,indonesia,USDC
977,0.6854521488653199,1096.728167844349,17,S4_twin_shock_cex_intervention,indonesia,USDC
978,0.6746721865548239,1069.3099636482402,17,S4_twin_shock_cex_intervention,indonesia,USDC
979,0.6883924610147082,1042.577214557034,17,S4_twin_shock_cex_intervention,indonesia,USDC
980,0.682315727543443,1016.5127841931082,17,S4_twin_shock_cex_intervention,indonesia,USDC
981,0.7055098310401007,991.0999645882805,17,S4_twin_shock_cex_intervention,indonesia,USDC
982,0.7299154492378441,966.3224654735735,17,S4_twin_shock_cex_intervention,indonesia,USDC
983,0.7433260581380483,942.1644038367342,17,S4_twin_shock_cex_intervention,indonesia,USDC
984,0.7567004433533269,918.6102937408159,17,S4_twin_shock_cex_intervention,indonesia,USDC
985,0.754406570612843,895.6450363972954,17,S4_twin_shock_cex_intervention,indonesia,USDC
986,0.7497261818026344,873.2539104873631,17,S4_twin_shock_cex_intervention,indonesia,USDC
987,0.7558063615479307,851.422562725179,17,S4_twin_shock_cex_intervention,indonesia,USDC
988,0.7529996978359748,830.1369986570496,17,S4_twin_shock_cex_intervention,indonesia,USDC
989,0.734901503371103,809.3835736906233,17,S4_twin_shock_cex_intervention,indonesia,USDC
990,0.7529214976378351,789.1489843483575,17,S4_twin_shock_cex_intervention,indonesia,USDC
991,0.7788369588209971,769.4202597396487,17,S4_twin_shock_cex_intervention,indonesia,USDC
992,0.7810134088923756,750.1847532461575,17,S4_twin_shock_cex_intervention,indonesia,USDC
993,0.7776451069004706,731.4301344150036,17,S4_twin_shock_cex_intervention,indonesia,USDC
994,0.7803147135946998,713.1443810546285,17,S4_twin_shock_cex_intervention,indonesia,USDC
995,0.7730765208980597,695.3157715282628,17,S4_twin_shock_cex_intervention,indonesia,USDC
996,0.7597135813333901,677.9328772400562,17,S4_twin_shock_cex_intervention,indonesia,USDC
997,0.7704614961195673,660.9845553090548,17,S4_twin_shock_cex_intervention,indonesia,USDC
998,0.7685875794911011,644.4599414263284,17,S4_twin_shock_cex_intervention,indonesia,USDC
999,0.7755383661935623,628.3484428906703,17,S4_twin_shock_cex_intervention,indonesia,USDC
1000,0.7624979979505299,612.6397318184036,17,S4_twin_shock_cex_intervention,indonesia,USDC
