Step,price,liquidity,iteration,scenario,region,coin
1,250001.02924336126,2989101942919.8125,402,S4_twin_shock_cex_intervention,indonesia,USDC
2,187502.0,2989111317919.8125,402,S4_twin_shock_cex_intervention,indonesia,USDC
3,140627.0,2989118349169.8125,402,S4_twin_shock_cex_intervention,indonesia,USDC
4,105470.75,2989123622607.3125,402,S4_twin_shock_cex_intervention,indonesia,USDC
5,79103.5625,2989127577685.4375,402,S4_twin_shock_cex_intervention,indonesia,USDC
6,59328.171875,2989130543994.0312,402,S4_twin_shock_cex_intervention,indonesia,USDC
7,44496.62890625,2989132768725.4766,402,S4_twin_shock_cex_intervention,indonesia,USDC
8,33372.9716796875,2989134437274.0605,402,S4_twin_shock_cex_intervention,indonesia,USDC
9,25030.228759765625,2989135688685.4985,402,S4_twin_shock_cex_intervention,indonesia,USDC
10,18773.17156982422,2989136627244.077,402,S4_twin_shock_cex_intervention,indonesia,USDC
11,14080.378677368164,2989137331163.011,402,S4_twin_shock_cex_intervention,indonesia,USDC
12,10560.784008026123,2989137859102.212,402,S4_twin_shock_cex_intervention,indonesia,USDC
13,7921.088006019592,2989138255056.612,402,S4_twin_shock_cex_intervention,indonesia,USDC
14,5941.316004514694,2989138552022.412,402,S4_twin_shock_cex_intervention,indonesia,USDC
15,4456.487003386021,2989138774746.762,402,S4_twin_shock_cex_intervention,indonesia,USDC
16,3342.8652525395155,2989138941790.025,402,S4_twin_shock_cex_intervention,indonesia,USDC
17,2507.6489394046366,2989139067072.4717,402,S4_twin_shock_cex_intervention,indonesia,USDC
18,1881.2367045534775,2989139161034.307,402,S4_twin_shock_cex_intervention,indonesia,USDC
19,1411.427528415108,2989139231505.6836,402,S4_twin_shock_cex_intervention,indonesia,USDC
20,1059.070646311331,2989139284359.216,402,S4_twin_shock_cex_intervention,indonesia,USDC
21,794.8029847334983,2989139323999.365,402,S4_twin_shock_cex_intervention,indonesia,USDC
22,596.6022385501237,2989139353729.477,402,S4_twin_shock_cex_intervention,indonesia,USDC
23,447.9516789125928,2989139376027.061,402,S4_twin_shock_cex_intervention,indonesia,USDC
24,336.4637591844446,2989139392750.249,402,S4_twin_shock_cex_intervention,indonesia,USDC
25,252.84781938833345,2989139405292.64,402,S4_twin_shock_cex_intervention,indonesia,USDC
26,190.1358645412501,2989139414699.4336,402,S4_twin_shock_cex_intervention,indonesia,USDC
27,143.1018984059376,2989139421754.5283,402,S4_twin_shock_cex_intervention,indonesia,USDC
28,107.82642380445319,2989139427045.8496,402,S4_twin_shock_cex_intervention,indonesia,USDC
29,81.3698178533399,2989139431014.3403,402,S4_twin_shock_cex_intervention,indonesia,USDC
30,61.52736339000492,2989139433990.7085,402,S4_twin_shock_cex_intervention,indonesia,USDC
31,46.6455225425037,2989139436222.9844,402,S4_twin_shock_cex_intervention,indonesia,USDC
32,35.484141906877774,2989139437897.192,402,S4_twin_shock_cex_intervention,indonesia,USDC
33,27.11310643015833,2989139439152.847,402,S4_twin_shock_cex_intervention,indonesia,USDC
34,20.834829822618744,2989139440094.589,402,S4_twin_shock_cex_intervention,indonesia,USDC
35,16.12612236696406,2989139440800.895,402,S4_twin_shock_cex_intervention,indonesia,USDC
36,12.594591775223044,2989139441330.6245,402,S4_twin_shock_cex_intervention,indonesia,USDC
37,9.945943831417281,2989139441727.922,402,S4_twin_shock_cex_intervention,indonesia,USDC
38,7.959457873562963,2989139442025.8945,402,S4_twin_shock_cex_intervention,indonesia,USDC
39,6.469593405172222,2989139442249.374,402,S4_twin_shock_cex_intervention,indonesia,USDC
40,5.352195053879166,2989139442416.984,402,S4_twin_shock_cex_intervention,indonesia,USDC
41,4.514146290409375,2989139442542.6914,402,S4_twin_shock_cex_intervention,indonesia,USDC
42,3.8856097178070312,2989139442636.9717,402,S4_twin_shock_cex_intervention,indonesia,USDC
43,3.414207288355273,2989139442707.682,402,S4_twin_shock_cex_intervention,indonesia,USDC
44,3.060655466266455,2989139442760.715,402,S4_twin_shock_cex_intervention,indonesia,USDC
45,2.795491599699841,2989139442800.4893,402,S4_twin_shock_cex_intervention,indonesia,USDC
46,2.596618699774881,2989139442830.3203,402,S4_twin_shock_cex_intervention,indonesia,USDC
47,2.4474640248311608,2989139442852.6934,402,S4_twin_shock_cex_intervention,indonesia,USDC
48,2.3355980186233705,2989139442869.473,402,S4_twin_shock_cex_intervention,indonesia,USDC
49,2.251698513967528,2989139442882.058,402,S4_twin_shock_cex_intervention,indonesia,USDC
50,2.188773885475646,2989139442891.497,402,S4_twin_shock_cex_intervention,indonesia,USDC
51,2.1415804141067345,2989139442898.5757,402,S4_twin_shock_cex_intervention,indonesia,USDC
52,2.106185310580051,2989139442903.885,402,S4_twin_shock_cex_intervention,indonesia,USDC
53,2.079638982935038,2989139442907.8667,402,S4_twin_shock_cex_intervention,indonesia,USDC
54,2.0597292372012785,2989139442910.8535,402,S4_twin_shock_cex_intervention,indonesia,USDC
55,1.985053682576556,2989139442913.093,402,S4_twin_shock_cex_intervention,indonesia,USDC
56,1.882867670062138,2989139442914.773,402,S4_twin_shock_cex_intervention,indonesia,USDC
57,1.8143247931392357,2989139442916.0327,402,S4_twin_shock_cex_intervention,indonesia,USDC
58,1.724670641128591,2989139442916.9775,402,S4_twin_shock_cex_intervention,indonesia,USDC
59,1.705669355849013,2989139442917.686,402,S4_twin_shock_cex_intervention,indonesia,USDC
60,1.5993165514641332,2989139442918.2173,402,S4_twin_shock_cex_intervention,indonesia,USDC
61,1.5358028038953195,2989139442918.616,402,S4_twin_shock_cex_intervention,indonesia,USDC
62,1.4699824347102897,2989139442918.915,402,S4_twin_shock_cex_intervention,indonesia,USDC
63,1.4484770674422112,2989139442919.139,402,S4_twin_shock_cex_intervention,indonesia,USDC
64,1.4118428519562622,2989139442919.307,402,S4_twin_shock_cex_intervention,indonesia,USDC
65,1.3285403602814028,2989139442919.433,402,S4_twin_shock_cex_intervention,indonesia,USDC
66,1.2586067560646566,2989139442919.528,402,S4_twin_shock_cex_intervention,indonesia,USDC
67,1.2004345646826249,2989139442919.5986,402,S4_twin_shock_cex_intervention,indonesia,USDC
68,1.1789331406338162,2989139442919.652,402,S4_twin_shock_cex_intervention,indonesia,USDC
69,1.1295062728029142,2989139442919.692,402,S4_twin_shock_cex_intervention,indonesia,USDC
70,1.1022796125311591,2989139442919.7217,402,S4_twin_shock_cex_intervention,indonesia,USDC
71,1.102388193455009,2989139442919.744,402,S4_twin_shock_cex_intervention,indonesia,USDC
72,1.0893979211685676,2989139442919.7607,402,S4_twin_shock_cex_intervention,indonesia,USDC
73,1.0838948152735832,2989139442919.7734,402,S4_twin_shock_cex_intervention,indonesia,USDC
74,1.0665822711273778,2989139442919.783,402,S4_twin_shock_cex_intervention,indonesia,USDC
75,1.0449547391182858,2989139442919.79,402,S4_twin_shock_cex_intervention,indonesia,USDC
76,1.050712037376111,2989139442919.7954,402,S4_twin_shock_cex_intervention,indonesia,USDC
77,1.0491888083942469,2989139442919.7993,402,S4_twin_shock_cex_intervention,indonesia,USDC
78,1.0636964216356857,2989139442919.8022,402,S4_twin_shock_cex_intervention,indonesia,USDC
79,1.0617488584906112,2989139442919.8047,402,S4_twin_shock_cex_intervention,indonesia,USDC
80,1.0513880351501694,2989139442919.8066,402,S4_twin_shock_cex_intervention,indonesia,USDC
81,1.0645292742302879,2989139442919.8076,402,S4_twin_shock_cex_intervention,indonesia,USDC
82,1.0427007798954309,2989139442919.8086,402,S4_twin_shock_cex_intervention,indonesia,USDC
83,1.0379301081549845,2989139442919.8096,402,S4_twin_shock_cex_intervention,indonesia,USDC
84,1.0144769545868877,2989139442919.8096,402,S4_twin_shock_cex_intervention,indonesia,USDC
85,1.0062868823143896,2989139442919.8096,402,S4_twin_shock_cex_intervention,indonesia,USDC
86,0.9851748742430981,2989139442919.8096,402,S4_twin_shock_cex_intervention,indonesia,USDC
87,0.9657297751167702,2989139442919.8096,402,S4_twin_shock_cex_intervention,indonesia,USDC
88,0.9660263145162612,2988945965555.658,402,S4_twin_shock_cex_intervention,indonesia,USDC
89,0.948462716292187,2988805697605.828,402,S4_twin_shock_cex_intervention,indonesia,USDC
90,0.9272031661848315,2987639411811.83,402,S4_twin_shock_cex_intervention,indonesia,USDC
91,0.9268974076549422,2985277883130.198,402,S4_twin_shock_cex_intervention,indonesia,USDC
92,0.919008663488246,2982783334363.9346,402,S4_twin_shock_cex_intervention,indonesia,USDC
93,0.8939258174327777,2979963361456.2773,402,S4_twin_shock_cex_intervention,indonesia,USDC
94,0.8825106819532018,2976255286428.6035,402,S4_twin_shock_cex_intervention,indonesia,USDC
95,0.9048012357497162,2972195835663.5107,402,S4_twin_shock_cex_intervention,indonesia,USDC
96,0.9166157474744585,2969372291091.8843,402,S4_twin_shock_cex_intervention,indonesia,USDC
97,0.9294639944072913,2967330990856.7817,402,S4_twin_shock_cex_intervention,indonesia,USDC
98,0.9330826242911907,2965781312622.667,402,S4_twin_shock_cex_intervention,indonesia,USDC
99,0.9428894144253059,2964470877309.1304,402,S4_twin_shock_cex_intervention,indonesia,USDC
100,0.9412185726206445,2963483397025.1216,402,S4_twin_shock_cex_intervention,indonesia,USDC
101,0.8090758545300527,2962568418995.4375,402,S4_twin_shock_cex_intervention,indonesia,USDC
102,0.7993522238520328,2957132271012.379,402,S4_twin_shock_cex_intervention,indonesia,USDC
103,0.8320930692248933,2952400550775.8154,402,S4_twin_shock_cex_intervention,indonesia,USDC
104,0.8371860722330868,2949228051290.425,402,S4_twin_shock_cex_intervention,indonesia,USDC
105,0.8490692878500844,2946534598984.8394,402,S4_twin_shock_cex_intervention,indonesia,USDC
106,0.8506455353319855,2944365930313.8057,402,S4_twin_shock_cex_intervention,indonesia,USDC
107,0.8348222595141802,2942569633719.1147,402,S4_twin_shock_cex_intervention,indonesia,USDC
108,0.8624663137484232,2940698022537.1113,402,S4_twin_shock_cex_intervention,indonesia,USDC
109,0.8947403079877521,2939444420238.6455,402,S4_twin_shock_cex_intervention,indonesia,USDC
110,0.8792638800745789,2938644884754.9253,402,S4_twin_shock_cex_intervention,indonesia,USDC
111,0.8893145616504108,2937775144938.5947,402,S4_twin_shock_cex_intervention,indonesia,USDC
112,0.8732446224618776,2937073070220.2017,402,S4_twin_shock_cex_intervention,indonesia,USDC
113,0.9024728313138588,2936298876226.7017,402,S4_twin_shock_cex_intervention,indonesia,USDC
114,0.9333609656884423,2935824627764.6704,402,S4_twin_shock_cex_intervention,indonesia,USDC
115,0.9596312609008195,2935587555628.9907,402,S4_twin_shock_cex_intervention,indonesia,USDC
116,0.9890228417032422,2935523183836.1465,402,S4_twin_shock_cex_intervention,indonesia,USDC
117,0.998393183680565,2935523183836.1465,402,S4_twin_shock_cex_intervention,indonesia,USDC
118,1.0043229436173498,2935523183836.1465,402,S4_twin_shock_cex_intervention,indonesia,USDC
119,1.009088849193968,2935523183836.1465,402,S4_twin_shock_cex_intervention,indonesia,USDC
120,0.9920762609850194,2935523183836.1465,402,S4_twin_shock_cex_intervention,indonesia,USDC
121,0.971013619440215,2862135104240.2427,402,S4_twin_shock_cex_intervention,indonesia,USDC
122,1.0002140856448882,2790581726634.2363,402,S4_twin_shock_cex_intervention,indonesia,USDC
123,0.9813418157281165,2720817183468.381,402,S4_twin_shock_cex_intervention,indonesia,USDC
124,0.9183267471058498,2652796753881.671,402,S4_twin_shock_cex_intervention,indonesia,USDC
125,0.8876974484547169,2586154005846.051,402,S4_twin_shock_cex_intervention,indonesia,USDC
126,0.8812481231506096,2520999440704.2915,402,S4_twin_shock_cex_intervention,indonesia,USDC
127,0.8674900998048181,2457502316394.224,402,S4_twin_shock_cex_intervention,indonesia,USDC
128,0.8802278807381034,2395543916786.704,402,S4_twin_shock_cex_intervention,indonesia,USDC
129,0.8624727155089459,2335265354187.769,402,S4_twin_shock_cex_intervention,indonesia,USDC
130,0.8517880667302811,2276457186816.8447,402,S4_twin_shock_cex_intervention,indonesia,USDC
131,0.8400886295876167,2219117124040.132,402,S4_twin_shock_cex_intervention,indonesia,USDC
132,0.8354420543696797,2163215645775.3164,402,S4_twin_shock_cex_intervention,indonesia,USDC
133,0.8270217521263202,2108778542626.6592,402,S4_twin_shock_cex_intervention,indonesia,USDC
134,0.8301774072600059,2055729178711.3267,402,S4_twin_shock_cex_intervention,indonesia,USDC
135,0.8432538822396786,2004052081816.3933,402,S4_twin_shock_cex_intervention,indonesia,USDC
136,0.8399837463748298,1953719701740.6624,402,S4_twin_shock_cex_intervention,indonesia,USDC
137,0.8128743067821254,1904683323032.614,402,S4_twin_shock_cex_intervention,indonesia,USDC
138,0.8178821928168225,1856861495877.733,402,S4_twin_shock_cex_intervention,indonesia,USDC
139,0.8043821794142867,1810271992650.7153,402,S4_twin_shock_cex_intervention,indonesia,USDC
140,0.8051697685801026,1764859149000.291,402,S4_twin_shock_cex_intervention,indonesia,USDC
141,0.7708688229017733,1720604610797.3154,402,S4_twin_shock_cex_intervention,indonesia,USDC
142,0.7847521896395218,1677457507149.8813,402,S4_twin_shock_cex_intervention,indonesia,USDC
143,0.8227860822970434,1635422099150.2534,402,S4_twin_shock_cex_intervention,indonesia,USDC
144,0.8169310303135178,1594470792443.5312,402,S4_twin_shock_cex_intervention,indonesia,USDC
145,0.8405428532246669,1554549416318.9292,402,S4_twin_shock_cex_intervention,indonesia,USDC
146,0.8247641899294325,1515643071209.503,402,S4_twin_shock_cex_intervention,indonesia,USDC
147,0.804203499671997,1477710446656.8562,402,S4_twin_shock_cex_intervention,indonesia,USDC
148,0.801209887767108,1440726371764.247,402,S4_twin_shock_cex_intervention,indonesia,USDC
149,0.8058911310910828,1404674718253.7595,402,S4_twin_shock_cex_intervention,indonesia,USDC
150,0.8161648840127017,1369530183229.9336,402,S4_twin_shock_cex_intervention,indonesia,USDC
151,0.8017952923730325,1335269847310.07,402,S4_twin_shock_cex_intervention,indonesia,USDC
152,0.7740373582086374,1301868571535.8354,402,S4_twin_shock_cex_intervention,indonesia,USDC
153,0.7513444134487482,1269302900588.2192,402,S4_twin_shock_cex_intervention,indonesia,USDC
154,0.7721197553054316,1237553267581.1677,402,S4_twin_shock_cex_intervention,indonesia,USDC
155,0.776954447588862,1206602117884.8145,402,S4_twin_shock_cex_intervention,indonesia,USDC
156,0.7840427559532418,1176427256085.4944,402,S4_twin_shock_cex_intervention,indonesia,USDC
157,0.7800353958042525,1147009445896.7134,402,S4_twin_shock_cex_intervention,indonesia,USDC
158,0.7855301065648369,1118327874507.1611,402,S4_twin_shock_cex_intervention,indonesia,USDC
159,0.6888441802060934,1090365018041.4526,402,S4_twin_shock_cex_intervention,indonesia,USDC
160,0.6716071472311002,1063099703029.2349,402,S4_twin_shock_cex_intervention,indonesia,USDC
161,0.6974247358996252,1036517545466.2842,402,S4_twin_shock_cex_intervention,indonesia,USDC
162,0.7121802578895927,1010601656353.8173,402,S4_twin_shock_cex_intervention,indonesia,USDC
163,0.722284886066581,985334608406.926,402,S4_twin_shock_cex_intervention,indonesia,USDC
164,0.7101632318604899,960699827722.6414,402,S4_twin_shock_cex_intervention,indonesia,USDC
165,0.7307471156107544,936681268144.866,402,S4_twin_shock_cex_intervention,indonesia,USDC
166,0.729429684406399,913263509335.6045,402,S4_twin_shock_cex_intervention,indonesia,USDC
167,0.7547992788896112,890431352821.7439,402,S4_twin_shock_cex_intervention,indonesia,USDC
168,0.7461773096423998,868170184703.5103,402,S4_twin_shock_cex_intervention,indonesia,USDC
169,0.748072167997184,846465617333.6235,402,S4_twin_shock_cex_intervention,indonesia,USDC
170,0.779151485529657,825303736539.154,402,S4_twin_shock_cex_intervention,indonesia,USDC
171,0.7665665372733055,804670989263.3381,402,S4_twin_shock_cex_intervention,indonesia,USDC
172,0.7614768180368436,784554072719.9882,402,S4_twin_shock_cex_intervention,indonesia,USDC
173,0.7661297173939997,764940108196.9066,402,S4_twin_shock_cex_intervention,indonesia,USDC
174,0.7683099204469215,745816520256.4225,402,S4_twin_shock_cex_intervention,indonesia,USDC
175,0.76732413123273,727171040053.6569,402,S4_twin_shock_cex_intervention,indonesia,USDC
176,0.7508319730194887,708991708801.906,402,S4_twin_shock_cex_intervention,indonesia,USDC
177,0.7757270656615712,691266869504.5809,402,S4_twin_shock_cex_intervention,indonesia,USDC
178,0.7739947381072729,673985164239.3752,402,S4_twin_shock_cex_intervention,indonesia,USDC
179,0.7715262950133933,657135509641.2734,402,S4_twin_shock_cex_intervention,indonesia,USDC
180,0.7660423817518585,640707100551.0044,402,S4_twin_shock_cex_intervention,indonesia,USDC
181,0.7465148642813754,624689405087.5061,402,S4_twin_shock_cex_intervention,indonesia,USDC
182,0.7496028330653213,609072154641.8662,402,S4_twin_shock_cex_intervention,indonesia,USDC
183,0.7351597358518186,593845339033.0935,402,S4_twin_shock_cex_intervention,indonesia,USDC
184,0.7349893630868513,578999195776.9265,402,S4_twin_shock_cex_intervention,indonesia,USDC
185,0.7441975518039552,564524208356.0247,402,S4_twin_shock_cex_intervention,indonesia,USDC
186,0.7370577391238582,550411097608.9764,402,S4_twin_shock_cex_intervention,indonesia,USDC
187,0.7737784390712215,536650815736.05023,402,S4_twin_shock_cex_intervention,indonesia,USDC
188,0.7812947122313584,523234542359.8939,402,S4_twin_shock_cex_intervention,indonesia,USDC
189,0.7623854018811045,510153676598.5099,402,S4_twin_shock_cex_intervention,indonesia,USDC
190,0.7692185335021069,497399832717.3335,402,S4_twin_shock_cex_intervention,indonesia,USDC
191,0.8047437455615783,484964835359.3186,402,S4_twin_shock_cex_intervention,indonesia,USDC
192,0.7755523017768692,472840713485.9095,402,S4_twin_shock_cex_intervention,indonesia,USDC
193,0.7744207941370186,461019694692.2003,402,S4_twin_shock_cex_intervention,indonesia,USDC
194,0.7877361511802288,449494201511.5074,402,S4_twin_shock_cex_intervention,indonesia,USDC
195,0.7755183787164148,438256845854.75287,402,S4_twin_shock_cex_intervention,indonesia,USDC
196,0.7598371377154889,427300424181.71423,402,S4_twin_shock_cex_intervention,indonesia,USDC
197,0.7743565623165855,416617913129.4635,402,S4_twin_shock_cex_intervention,indonesia,USDC
198,0.7769730790715321,406202464958.1915,402,S4_twin_shock_cex_intervention,indonesia,USDC
199,0.7784631568589445,396047403074.12726,402,S4_twin_shock_cex_intervention,indonesia,USDC
200,0.7915347159410027,386146217780.53644,402,S4_twin_shock_cex_intervention,indonesia,USDC
201,0.7866492810600942,376492562176.9757,402,S4_twin_shock_cex_intervention,indonesia,USDC
202,0.7911003700834991,367080247994.04663,402,S4_twin_shock_cex_intervention,indonesia,USDC
203,0.7958593776663403,357903241686.8612,402,S4_twin_shock_cex_intervention,indonesia,USDC
204,0.7805208754767043,348955660562.55383,402,S4_twin_shock_cex_intervention,indonesia,USDC
205,0.7908410589090694,340231768974.16846,402,S4_twin_shock_cex_intervention,indonesia,USDC
206,0.7597482239288069,331725974690.12354,402,S4_twin_shock_cex_intervention,indonesia,USDC
207,0.7908186464930003,323432825267.72064,402,S4_twin_shock_cex_intervention,indonesia,USDC
208,0.7792653781783103,315347004597.90924,402,S4_twin_shock_cex_intervention,indonesia,USDC
209,0.7657600676579845,307463329450.24835,402,S4_twin_shock_cex_intervention,indonesia,USDC
210,0.7599858512422665,299776746184.27405,402,S4_twin_shock_cex_intervention,indonesia,USDC
211,0.7653465316356876,292282327505.91364,402,S4_twin_shock_cex_intervention,indonesia,USDC
212,0.7429031405751093,284975269299.9057,402,S4_twin_shock_cex_intervention,indonesia,USDC
213,0.7374441792445293,277850887550.54224,402,S4_twin_shock_cex_intervention,indonesia,USDC
214,0.7292551756797426,270904615348.8032,402,S4_twin_shock_cex_intervention,indonesia,USDC
215,0.7301612855365893,264131999954.81128,402,S4_twin_shock_cex_intervention,indonesia,USDC
216,0.7593762697435308,257528699948.3399,402,S4_twin_shock_cex_intervention,indonesia,USDC
217,0.7684978447585397,251090482444.54974,402,S4_twin_shock_cex_intervention,indonesia,USDC
218,0.755823832305897,244813220379.43854,402,S4_twin_shock_cex_intervention,indonesia,USDC
219,0.7385584141785702,238692889866.5863,402,S4_twin_shock_cex_intervention,indonesia,USDC
220,0.7509220656543243,232725567617.2473,402,S4_twin_shock_cex_intervention,indonesia,USDC
221,0.7709705936054061,226907428424.85532,402,S4_twin_shock_cex_intervention,indonesia,USDC
222,0.790716248963278,221234742712.77463,402,S4_twin_shock_cex_intervention,indonesia,USDC
223,0.8077865367488941,215703874143.88605,402,S4_twin_shock_cex_intervention,indonesia,USDC
224,0.8146696413965567,210311277289.51526,402,S4_twin_shock_cex_intervention,indonesia,USDC
225,0.8061675707608758,205053495356.6461,402,S4_twin_shock_cex_intervention,indonesia,USDC
226,0.8307190950671859,199927157972.20383,402,S4_twin_shock_cex_intervention,indonesia,USDC
227,0.8554745560444839,194928979022.49887,402,S4_twin_shock_cex_intervention,indonesia,USDC
228,0.8554675269708446,190055754546.65482,402,S4_twin_shock_cex_intervention,indonesia,USDC
229,0.8512555964606594,185304360682.7401,402,S4_twin_shock_cex_intervention,indonesia,USDC
230,0.8291703742384477,180671751665.44452,402,S4_twin_shock_cex_intervention,indonesia,USDC
231,0.815973870253728,176154957873.58142,402,S4_twin_shock_cex_intervention,indonesia,USDC
232,0.8422572650905841,171751083926.51944,402,S4_twin_shock_cex_intervention,indonesia,USDC
233,0.8184253271387608,167457306828.20438,402,S4_twin_shock_cex_intervention,indonesia,USDC
234,0.8238735614584655,163270874157.33887,402,S4_twin_shock_cex_intervention,indonesia,USDC
235,0.7997914807943468,159189102303.2801,402,S4_twin_shock_cex_intervention,indonesia,USDC
236,0.8060667471175522,155209374745.57327,402,S4_twin_shock_cex_intervention,indonesia,USDC
237,0.7837865457722341,151329140376.83603,402,S4_twin_shock_cex_intervention,indonesia,USDC
238,0.8170929380992453,147545911867.32147,402,S4_twin_shock_cex_intervention,indonesia,USDC
239,0.8176323686897708,143857264070.57556,402,S4_twin_shock_cex_intervention,indonesia,USDC
240,0.7969281494493405,140260832468.7544,402,S4_twin_shock_cex_intervention,indonesia,USDC
241,0.8169783854768548,136754311656.98117,402,S4_twin_shock_cex_intervention,indonesia,USDC
242,0.7879405495335525,133335453865.51796,402,S4_twin_shock_cex_intervention,indonesia,USDC
243,0.8341162112397619,130002067518.84259,402,S4_twin_shock_cex_intervention,indonesia,USDC
244,0.833576158177394,126752015830.84863,402,S4_twin_shock_cex_intervention,indonesia,USDC
245,0.8605149869679268,123583215435.057,402,S4_twin_shock_cex_intervention,indonesia,USDC
246,0.8433535036924413,120493635049.1661,402,S4_twin_shock_cex_intervention,indonesia,USDC
247,0.8637693822230893,117481294172.9224,402,S4_twin_shock_cex_intervention,indonesia,USDC
248,0.8543329964556956,114544261818.58818,402,S4_twin_shock_cex_intervention,indonesia,USDC
249,0.8560608077500566,111680655273.11288,402,S4_twin_shock_cex_intervention,indonesia,USDC
250,0.8583395032347663,108888638891.27585,402,S4_twin_shock_cex_intervention,indonesia,USDC
251,0.868468257359774,106166422918.98631,402,S4_twin_shock_cex_intervention,indonesia,USDC
252,0.8424483391515641,103512262346.00504,402,S4_twin_shock_cex_intervention,indonesia,USDC
253,0.8582103955882991,100924455787.34776,402,S4_twin_shock_cex_intervention,indonesia,USDC
254,0.8648236710028361,98401344392.65848,402,S4_twin_shock_cex_intervention,indonesia,USDC
255,0.8632818103703336,95941310782.83737,402,S4_twin_shock_cex_intervention,indonesia,USDC
256,0.8746175365166984,93542778013.2623,402,S4_twin_shock_cex_intervention,indonesia,USDC
257,0.8622634078140786,91204208562.92729,402,S4_twin_shock_cex_intervention,indonesia,USDC
258,0.846322656528262,88924103348.85074,402,S4_twin_shock_cex_intervention,indonesia,USDC
259,0.8520768573726271,86701000765.12602,402,S4_twin_shock_cex_intervention,indonesia,USDC
260,0.8450471927239587,84533475745.99492,402,S4_twin_shock_cex_intervention,indonesia,USDC
261,0.8268327880116195,82420138852.34239,402,S4_twin_shock_cex_intervention,indonesia,USDC
262,0.8071118820916314,80359635381.03105,402,S4_twin_shock_cex_intervention,indonesia,USDC
263,0.8098888841593456,78350644496.50258,402,S4_twin_shock_cex_intervention,indonesia,USDC
264,0.8093958187722207,76391878384.08774,402,S4_twin_shock_cex_intervention,indonesia,USDC
265,0.7981269597070986,74482081424.48364,402,S4_twin_shock_cex_intervention,indonesia,USDC
266,0.8273585186513157,72620029388.86992,402,S4_twin_shock_cex_intervention,indonesia,USDC
267,0.8045978007601556,70804528654.14708,402,S4_twin_shock_cex_intervention,indonesia,USDC
268,0.7962575739835773,69034415437.79225,402,S4_twin_shock_cex_intervention,indonesia,USDC
269,0.7908133793632917,67308555051.846466,402,S4_twin_shock_cex_intervention,indonesia,USDC
270,0.7957638463101603,65625841175.54947,402,S4_twin_shock_cex_intervention,indonesia,USDC
271,0.8103890841727485,63985195146.16004,402,S4_twin_shock_cex_intervention,indonesia,USDC
272,0.835200196980867,62385565267.505554,402,S4_twin_shock_cex_intervention,indonesia,USDC
273,0.8585513617398522,60825926135.817566,402,S4_twin_shock_cex_intervention,indonesia,USDC
274,0.8478873345684025,59305277982.421844,402,S4_twin_shock_cex_intervention,indonesia,USDC
275,0.8522577011409376,57822646032.86105,402,S4_twin_shock_cex_intervention,indonesia,USDC
276,0.8637650361796062,56377079882.03931,402,S4_twin_shock_cex_intervention,indonesia,USDC
277,0.8916536572934088,54967652884.98816,402,S4_twin_shock_cex_intervention,indonesia,USDC
278,0.8987407451212929,53593461562.86334,402,S4_twin_shock_cex_intervention,indonesia,USDC
279,0.8897937818073758,52253625023.79166,402,S4_twin_shock_cex_intervention,indonesia,USDC
280,0.8963568317163099,50947284398.19676,402,S4_twin_shock_cex_intervention,indonesia,USDC
281,0.8807816583443249,49673602288.24176,402,S4_twin_shock_cex_intervention,indonesia,USDC
282,0.8725093707790729,48431762231.03562,402,S4_twin_shock_cex_intervention,indonesia,USDC
283,0.8352269839176497,47220968175.25963,402,S4_twin_shock_cex_intervention,indonesia,USDC
284,0.8378149646577213,46040443970.87803,402,S4_twin_shock_cex_intervention,indonesia,USDC
285,0.8158598168664523,44889432871.60598,402,S4_twin_shock_cex_intervention,indonesia,USDC
286,0.8061735710579436,43767197049.81573,402,S4_twin_shock_cex_intervention,indonesia,USDC
287,0.8130518291446683,42673017123.57024,402,S4_twin_shock_cex_intervention,indonesia,USDC
288,0.8081589598655495,41606191695.48091,402,S4_twin_shock_cex_intervention,indonesia,USDC
289,0.8073660694710199,40566036903.09383,402,S4_twin_shock_cex_intervention,indonesia,USDC
290,0.8115954084099416,39551885980.51643,402,S4_twin_shock_cex_intervention,indonesia,USDC
291,0.807386240935584,38563088831.00348,402,S4_twin_shock_cex_intervention,indonesia,USDC
292,0.8257051774943669,37599011610.228355,402,S4_twin_shock_cex_intervention,indonesia,USDC
293,0.8280459576987425,36659036319.972626,402,S4_twin_shock_cex_intervention,indonesia,USDC
294,0.8422714632746813,35742560411.97328,402,S4_twin_shock_cex_intervention,indonesia,USDC
295,0.8372049049333301,34848996401.673935,402,S4_twin_shock_cex_intervention,indonesia,USDC
296,0.8432200501629633,33977771491.632072,402,S4_twin_shock_cex_intervention,indonesia,USDC
297,0.8335391820503228,33128327204.341255,402,S4_twin_shock_cex_intervention,indonesia,USDC
298,0.8333955280294358,32300119024.23272,402,S4_twin_shock_cex_intervention,indonesia,USDC
299,0.8400623056629933,31492616048.626884,402,S4_twin_shock_cex_intervention,indonesia,USDC
300,0.8323956510444542,30705300647.4112,402,S4_twin_shock_cex_intervention,indonesia,USDC
301,0.8337342953445104,29937668131.225914,402,S4_twin_shock_cex_intervention,indonesia,USDC
302,0.8470953100251385,29189226427.94526,402,S4_twin_shock_cex_intervention,indonesia,USDC
303,0.8520543981166078,28459495767.246624,402,S4_twin_shock_cex_intervention,indonesia,USDC
304,0.8213882081687086,27748008373.065453,402,S4_twin_shock_cex_intervention,indonesia,USDC
305,0.8319047761852942,27054308163.73881,402,S4_twin_shock_cex_intervention,indonesia,USDC
306,0.8151882553157112,26377950459.645332,402,S4_twin_shock_cex_intervention,indonesia,USDC
307,0.8189952913367023,25718501698.154194,402,S4_twin_shock_cex_intervention,indonesia,USDC
308,0.8001949373821761,25075539155.700336,402,S4_twin_shock_cex_intervention,indonesia,USDC
309,0.7944408838928744,24448650676.807823,402,S4_twin_shock_cex_intervention,indonesia,USDC
310,0.7934876829211722,23837434409.887627,402,S4_twin_shock_cex_intervention,indonesia,USDC
311,0.7790952101579304,23241498549.64043,402,S4_twin_shock_cex_intervention,indonesia,USDC
312,0.7857551608381868,22660461085.899418,402,S4_twin_shock_cex_intervention,indonesia,USDC
313,0.8075932964238195,22093949558.75193,402,S4_twin_shock_cex_intervention,indonesia,USDC
314,0.7944974278881801,21541600819.783134,402,S4_twin_shock_cex_intervention,indonesia,USDC
315,0.7945223265794921,21003060799.288555,402,S4_twin_shock_cex_intervention,indonesia,USDC
316,0.809321850916329,20477984279.30634,402,S4_twin_shock_cex_intervention,indonesia,USDC
317,0.8115181091583907,19966034672.32368,402,S4_twin_shock_cex_intervention,indonesia,USDC
318,0.7989875169869473,19466883805.515587,402,S4_twin_shock_cex_intervention,indonesia,USDC
319,0.7942875434120544,18980211710.3777,402,S4_twin_shock_cex_intervention,indonesia,USDC
320,0.7840005211705234,18505706417.618256,402,S4_twin_shock_cex_intervention,indonesia,USDC
321,0.7828201533432095,18043063757.1778,402,S4_twin_shock_cex_intervention,indonesia,USDC
322,0.7717581610092454,17591987163.248352,402,S4_twin_shock_cex_intervention,indonesia,USDC
323,0.7791808836331682,17152187484.167145,402,S4_twin_shock_cex_intervention,indonesia,USDC
324,0.7814051162000527,16723382797.062967,402,S4_twin_shock_cex_intervention,indonesia,USDC
325,0.7654821706510875,16305298227.136393,402,S4_twin_shock_cex_intervention,indonesia,USDC
326,0.7734009488717956,15897665771.457983,402,S4_twin_shock_cex_intervention,indonesia,USDC
327,0.7946577625227111,15500224127.171534,402,S4_twin_shock_cex_intervention,indonesia,USDC
328,0.7625728664023247,15112718523.992247,402,S4_twin_shock_cex_intervention,indonesia,USDC
329,0.789521837961949,14734900560.89244,402,S4_twin_shock_cex_intervention,indonesia,USDC
330,0.7819959969521247,14366528046.870129,402,S4_twin_shock_cex_intervention,indonesia,USDC
331,0.7818763455554402,14007364845.698376,402,S4_twin_shock_cex_intervention,indonesia,USDC
332,0.7918388008381089,13657180724.555916,402,S4_twin_shock_cex_intervention,indonesia,USDC
333,0.8051777461428846,13315751206.442017,402,S4_twin_shock_cex_intervention,indonesia,USDC
334,0.8291515886234416,12982857426.280968,402,S4_twin_shock_cex_intervention,indonesia,USDC
335,0.8273858458569963,12658285990.623941,402,S4_twin_shock_cex_intervention,indonesia,USDC
336,0.8193826151070985,12341828840.858343,402,S4_twin_shock_cex_intervention,indonesia,USDC
337,0.8400042491400643,12033283119.836884,402,S4_twin_shock_cex_intervention,indonesia,USDC
338,0.8333113510660757,11732451041.840961,402,S4_twin_shock_cex_intervention,indonesia,USDC
339,0.8451182137626203,11439139765.794937,402,S4_twin_shock_cex_intervention,indonesia,USDC
340,0.8004784494588829,11153161271.650066,402,S4_twin_shock_cex_intervention,indonesia,USDC
341,0.8127076455077146,10874332239.858814,402,S4_twin_shock_cex_intervention,indonesia,USDC
342,0.8197598178116424,10602473933.862343,402,S4_twin_shock_cex_intervention,indonesia,USDC
343,0.8317045366287498,10337412085.515785,402,S4_twin_shock_cex_intervention,indonesia,USDC
344,0.8545095020301885,10078976783.37789,402,S4_twin_shock_cex_intervention,indonesia,USDC
345,0.8388068421656012,9827002363.793442,402,S4_twin_shock_cex_intervention,indonesia,USDC
346,0.859291886483219,9581327304.698606,402,S4_twin_shock_cex_intervention,indonesia,USDC
347,0.8612331911684479,9341794122.08114,402,S4_twin_shock_cex_intervention,indonesia,USDC
348,0.8556047805009214,9108249269.029112,402,S4_twin_shock_cex_intervention,indonesia,USDC
349,0.8421110379590662,8880543037.303385,402,S4_twin_shock_cex_intervention,indonesia,USDC
350,0.8429030865365534,8658529461.3708,402,S4_twin_shock_cex_intervention,indonesia,USDC
351,0.8438249807140829,8442066224.836529,402,S4_twin_shock_cex_intervention,indonesia,USDC
352,0.8322108554070755,8231014569.215616,402,S4_twin_shock_cex_intervention,indonesia,USDC
353,0.8215234384948857,8025239204.985226,402,S4_twin_shock_cex_intervention,indonesia,USDC
354,0.8199455586363842,7824608224.860596,402,S4_twin_shock_cex_intervention,indonesia,USDC
355,0.8087061921434229,7628993019.23908,402,S4_twin_shock_cex_intervention,indonesia,USDC
356,0.7800702395073545,7438268193.758103,402,S4_twin_shock_cex_intervention,indonesia,USDC
357,0.7887501648968767,7252311488.91415,402,S4_twin_shock_cex_intervention,indonesia,USDC
358,0.7998007010915911,7071003701.691298,402,S4_twin_shock_cex_intervention,indonesia,USDC
359,0.7797460225999063,6894228609.1490135,402,S4_twin_shock_cex_intervention,indonesia,USDC
360,0.7692826330552252,6721872893.92029,402,S4_twin_shock_cex_intervention,indonesia,USDC
361,0.7605935510223852,6553826071.572282,402,S4_twin_shock_cex_intervention,indonesia,USDC
362,0.7660317251237886,6389980419.782975,402,S4_twin_shock_cex_intervention,indonesia,USDC
363,0.7477361255338191,6230230909.288401,402,S4_twin_shock_cex_intervention,indonesia,USDC
364,0.7499999069800377,6074475136.5561905,402,S4_twin_shock_cex_intervention,indonesia,USDC
365,0.758608257579465,5922613258.142286,402,S4_twin_shock_cex_intervention,indonesia,USDC
366,0.7382467557050668,5774547926.688728,402,S4_twin_shock_cex_intervention,indonesia,USDC
367,0.7229516337346961,5630184228.521511,402,S4_twin_shock_cex_intervention,indonesia,USDC
368,0.7322104421883974,5489429622.808473,402,S4_twin_shock_cex_intervention,indonesia,USDC
369,0.7615279092566345,5352193882.23826,402,S4_twin_shock_cex_intervention,indonesia,USDC
370,0.756874881646908,5218389035.182304,402,S4_twin_shock_cex_intervention,indonesia,USDC
371,0.7545813009872622,5087929309.302747,402,S4_twin_shock_cex_intervention,indonesia,USDC
372,0.7410799567195886,4960731076.570177,402,S4_twin_shock_cex_intervention,indonesia,USDC
373,0.7323348735667665,4836712799.655924,402,S4_twin_shock_cex_intervention,indonesia,USDC
374,0.7602357019211546,4715794979.664525,402,S4_twin_shock_cex_intervention,indonesia,USDC
375,0.7333709605446765,4597900105.172912,402,S4_twin_shock_cex_intervention,indonesia,USDC
376,0.7227765716503044,4482952602.54359,402,S4_twin_shock_cex_intervention,indonesia,USDC
377,0.7549900311108575,4370878787.48,402,S4_twin_shock_cex_intervention,indonesia,USDC
378,0.7558333961915363,4261606817.7929993,402,S4_twin_shock_cex_intervention,indonesia,USDC
379,0.746194137321747,4155066647.348174,402,S4_twin_shock_cex_intervention,indonesia,USDC
380,0.765932502098881,4051189981.16447,402,S4_twin_shock_cex_intervention,indonesia,USDC
381,0.7742617865983412,3949910231.635358,402,S4_twin_shock_cex_intervention,indonesia,USDC
382,0.7873276482755366,3851162475.8444743,402,S4_twin_shock_cex_intervention,indonesia,USDC
383,0.7890303138390617,3754883413.9483624,402,S4_twin_shock_cex_intervention,indonesia,USDC
384,0.7988240706209468,3661011328.5996532,402,S4_twin_shock_cex_intervention,indonesia,USDC
385,0.775338082556719,3569486045.3846617,402,S4_twin_shock_cex_intervention,indonesia,USDC
386,0.7492923745359736,3480248894.250046,402,S4_twin_shock_cex_intervention,indonesia,USDC
387,0.7436725419605301,3393242671.893794,402,S4_twin_shock_cex_intervention,indonesia,USDC
388,0.757872820532932,3308411605.0964494,402,S4_twin_shock_cex_intervention,indonesia,USDC
389,0.751083923535684,3225701314.969038,402,S4_twin_shock_cex_intervention,indonesia,USDC
390,0.7521306873225407,3145058782.0948124,402,S4_twin_shock_cex_intervention,indonesia,USDC
391,0.7578774427390784,3066432312.542442,402,S4_twin_shock_cex_intervention,indonesia,USDC
392,0.7367769512991106,2989771504.728881,402,S4_twin_shock_cex_intervention,indonesia,USDC
393,0.7707872090820614,2915027217.1106586,402,S4_twin_shock_cex_intervention,indonesia,USDC
394,0.7820529311576156,2842151536.6828923,402,S4_twin_shock_cex_intervention,indonesia,USDC
395,0.7810677795142701,2771097748.26582,402,S4_twin_shock_cex_intervention,indonesia,USDC
396,0.7879388988379052,2701820304.5591745,402,S4_twin_shock_cex_intervention,indonesia,USDC
397,0.7754638986114255,2634274796.945195,402,S4_twin_shock_cex_intervention,indonesia,USDC
398,0.7648289366939861,2568417927.0215654,402,S4_twin_shock_cex_intervention,indonesia,USDC
399,0.7804513979474125,2504207478.8460264,402,S4_twin_shock_cex_intervention,indonesia,USDC
400,0.7723308852745006,2441602291.8748755,402,S4_twin_shock_cex_intervention,indonesia,USDC
401,0.7737182644751448,2380562234.578004,402,S4_twin_shock_cex_intervention,indonesia,USDC
402,0.782369436994964,2321048178.7135534,402,S4_twin_shock_cex_intervention,indonesia,USDC
403,0.7846126566314282,2263021974.2457147,402,S4_twin_shock_cex_intervention,indonesia,USDC
404,0.7852234235682574,2206446424.889572,402,S4_twin_shock_cex_intervention,indonesia,USDC
405,0.7583750404559455,2151285264.2673326,402,S4_twin_shock_cex_intervention,indonesia,USDC
406,0.7551259031320001,2097503132.6606493,402,S4_twin_shock_cex_intervention,indonesia,USDC
407,0.7521344659663611,2045065554.3441331,402,S4_twin_shock_cex_intervention,indonesia,USDC
408,0.7399988847768428,1993938915.48553,402,S4_twin_shock_cex_intervention,indonesia,USDC
409,0.7419824560210385,1944090442.5983915,402,S4_twin_shock_cex_intervention,indonesia,USDC
410,0.7515250525486327,1895488181.533432,402,S4_twin_shock_cex_intervention,indonesia,USDC
411,0.7641167339935333,1848100976.9950962,402,S4_twin_shock_cex_intervention,indonesia,USDC
412,0.7627794074013,1801898452.5702186,402,S4_twin_shock_cex_intervention,indonesia,USDC
413,0.777089706695426,1756850991.2559633,402,S4_twin_shock_cex_intervention,indonesia,USDC
414,0.7779736297630144,1712929716.474564,402,S4_twin_shock_cex_intervention,indonesia,USDC
415,0.7859122279316186,1670106473.5627,402,S4_twin_shock_cex_intervention,indonesia,USDC
416,0.8033473575527103,1628353811.7236323,402,S4_twin_shock_cex_intervention,indonesia,USDC
417,0.8178524841266979,1587644966.4305418,402,S4_twin_shock_cex_intervention,indonesia,USDC
418,0.8035333951218994,1547953842.2697783,402,S4_twin_shock_cex_intervention,indonesia,USDC
419,0.7681391621287318,1509254996.2130337,402,S4_twin_shock_cex_intervention,indonesia,USDC
420,0.7538216106623644,1471523621.3077078,402,S4_twin_shock_cex_intervention,indonesia,USDC
421,0.7597141880213223,1434735530.775015,402,S4_twin_shock_cex_intervention,indonesia,USDC
422,0.7688977694337698,1398867142.5056396,402,S4_twin_shock_cex_intervention,indonesia,USDC
423,0.780047932236021,1363895463.9429986,402,S4_twin_shock_cex_intervention,indonesia,USDC
424,0.7941660229164726,1329798077.3444238,402,S4_twin_shock_cex_intervention,indonesia,USDC
425,0.7968243952669506,1296553125.410813,402,S4_twin_shock_cex_intervention,indonesia,USDC
426,0.7958768076397416,1264139297.2755427,402,S4_twin_shock_cex_intervention,indonesia,USDC
427,0.7857540658259909,1232535814.8436542,402,S4_twin_shock_cex_intervention,indonesia,USDC
428,0.8070361324380761,1201722419.4725628,402,S4_twin_shock_cex_intervention,indonesia,USDC
429,0.8043023242859482,1171679358.9857488,402,S4_twin_shock_cex_intervention,indonesia,USDC
430,0.8045218836281418,1142387375.011105,402,S4_twin_shock_cex_intervention,indonesia,USDC
431,0.8275136791531162,1113827690.6358275,402,S4_twin_shock_cex_intervention,indonesia,USDC
432,0.8115738028510106,1085981998.3699317,402,S4_twin_shock_cex_intervention,indonesia,USDC
433,0.791066085920487,1058832448.4106835,402,S4_twin_shock_cex_intervention,indonesia,USDC
434,0.7205553530849932,1032361637.2004163,402,S4_twin_shock_cex_intervention,indonesia,USDC
435,0.7351423473423715,1006552596.270406,402,S4_twin_shock_cex_intervention,indonesia,USDC
436,0.7673661930664549,981388781.3636458,402,S4_twin_shock_cex_intervention,indonesia,USDC
437,0.754755579891267,956854061.8295548,402,S4_twin_shock_cex_intervention,indonesia,USDC
438,0.7529374937344446,932932710.2838159,402,S4_twin_shock_cex_intervention,indonesia,USDC
439,0.754423439802347,909609392.5267204,402,S4_twin_shock_cex_intervention,indonesia,USDC
440,0.7511664638760776,886869157.7135525,402,S4_twin_shock_cex_intervention,indonesia,USDC
441,0.7664272514031344,864697428.7707136,402,S4_twin_shock_cex_intervention,indonesia,USDC
442,0.748863330042186,843079993.0514457,402,S4_twin_shock_cex_intervention,indonesia,USDC
443,0.7540241442033334,822002993.2251594,402,S4_twin_shock_cex_intervention,indonesia,USDC
444,0.7507599180631576,801452918.3945304,402,S4_twin_shock_cex_intervention,indonesia,USDC
445,0.747798841993023,781416595.4346672,402,S4_twin_shock_cex_intervention,indonesia,USDC
446,0.7589083838779586,761881180.5488005,402,S4_twin_shock_cex_intervention,indonesia,USDC
447,0.7802518443376667,742834151.0350806,402,S4_twin_shock_cex_intervention,indonesia,USDC
448,0.7674899734393142,724263297.2592036,402,S4_twin_shock_cex_intervention,indonesia,USDC
449,0.7639876845503906,706156714.8277235,402,S4_twin_shock_cex_intervention,indonesia,USDC
450,0.7601967983074429,688502796.9570303,402,S4_twin_shock_cex_intervention,indonesia,USDC
451,0.7828410525045328,671290227.0331047,402,S4_twin_shock_cex_intervention,indonesia,USDC
452,0.7598061243244835,654507971.357277,402,S4_twin_shock_cex_intervention,indonesia,USDC
453,0.7688634695365331,638145272.0733452,402,S4_twin_shock_cex_intervention,indonesia,USDC
454,0.779617160503673,622191640.2715114,402,S4_twin_shock_cex_intervention,indonesia,USDC
455,0.7759485485802443,606636849.2647237,402,S4_twin_shock_cex_intervention,indonesia,USDC
456,0.775708514571308,591470928.0331056,402,S4_twin_shock_cex_intervention,indonesia,USDC
457,0.7680474684704489,576684154.832278,402,S4_twin_shock_cex_intervention,indonesia,USDC
458,0.7562626120448209,562267050.961471,402,S4_twin_shock_cex_intervention,indonesia,USDC
459,0.7954193150305191,548210374.6874342,402,S4_twin_shock_cex_intervention,indonesia,USDC
460,0.7879502619861635,534505115.32024837,402,S4_twin_shock_cex_intervention,indonesia,USDC
461,0.8005210141424657,521142487.43724215,402,S4_twin_shock_cex_intervention,indonesia,USDC
462,0.8071967038132899,508113925.25131106,402,S4_twin_shock_cex_intervention,indonesia,USDC
463,0.7977543336808638,495411077.12002826,402,S4_twin_shock_cex_intervention,indonesia,USDC
464,0.783506678428511,483025800.19202757,402,S4_twin_shock_cex_intervention,indonesia,USDC
465,0.782475948295206,470950155.1872269,402,S4_twin_shock_cex_intervention,indonesia,USDC
466,0.7802410512047079,459176401.30754626,402,S4_twin_shock_cex_intervention,indonesia,USDC
467,0.7907666599916927,447696991.2748576,402,S4_twin_shock_cex_intervention,indonesia,USDC
468,0.7954664897073159,436504566.49298614,402,S4_twin_shock_cex_intervention,indonesia,USDC
469,0.7981391863666255,425591952.3306614,402,S4_twin_shock_cex_intervention,indonesia,USDC
470,0.8011199326182472,414952153.5223949,402,S4_twin_shock_cex_intervention,indonesia,USDC
471,0.8060093616653855,404578349.68433505,402,S4_twin_shock_cex_intervention,indonesia,USDC
472,0.7951354543991024,394463890.94222665,402,S4_twin_shock_cex_intervention,indonesia,USDC
473,0.8012496184684774,384602293.668671,402,S4_twin_shock_cex_intervention,indonesia,USDC
474,0.8025237793293692,374987236.3269542,402,S4_twin_shock_cex_intervention,indonesia,USDC
475,0.7967744928465172,365612555.4187803,402,S4_twin_shock_cex_intervention,indonesia,USDC
476,0.8314364559752399,356472241.53331083,402,S4_twin_shock_cex_intervention,indonesia,USDC
477,0.8194727572298882,347560435.4949781,402,S4_twin_shock_cex_intervention,indonesia,USDC
478,0.8240250802649652,338871424.6076036,402,S4_twin_shock_cex_intervention,indonesia,USDC
479,0.8348519108058231,330399638.9924135,402,S4_twin_shock_cex_intervention,indonesia,USDC
480,0.837396795068175,322139648.0176032,402,S4_twin_shock_cex_intervention,indonesia,USDC
481,0.833876785189216,314086156.8171631,402,S4_twin_shock_cex_intervention,indonesia,USDC
482,0.8418039485861895,306234002.89673406,402,S4_twin_shock_cex_intervention,indonesia,USDC
483,0.8417875679362289,298578152.82431567,402,S4_twin_shock_cex_intervention,indonesia,USDC
484,0.8379210962842301,291113699.00370777,402,S4_twin_shock_cex_intervention,indonesia,USDC
485,0.8291388664894431,283835856.5286151,402,S4_twin_shock_cex_intervention,indonesia,USDC
486,0.8165395029594589,276739960.1153997,402,S4_twin_shock_cex_intervention,indonesia,USDC
487,0.804668319900808,269821461.11251473,402,S4_twin_shock_cex_intervention,indonesia,USDC
488,0.7970381726168627,263075924.58470187,402,S4_twin_shock_cex_intervention,indonesia,USDC
489,0.7885608382189209,256499026.4700843,402,S4_twin_shock_cex_intervention,indonesia,USDC
490,0.7890694386169437,250086550.8083322,402,S4_twin_shock_cex_intervention,indonesia,USDC
491,0.7827650050012643,243834387.0381239,402,S4_twin_shock_cex_intervention,indonesia,USDC
492,0.765055759049722,237738527.36217082,402,S4_twin_shock_cex_intervention,indonesia,USDC
493,0.784155727514082,231795064.1781165,402,S4_twin_shock_cex_intervention,indonesia,USDC
494,0.774599018061726,226000187.57366365,402,S4_twin_shock_cex_intervention,indonesia,USDC
495,0.7856228317299292,220350182.88432205,402,S4_twin_shock_cex_intervention,indonesia,USDC
496,0.7898760838158843,214841428.31221396,402,S4_twin_shock_cex_intervention,indonesia,USDC
497,0.8194429721043898,209470392.60440862,402,S4_twin_shock_cex_intervention,indonesia,USDC
498,0.8102879570136545,204233632.78929842,402,S4_twin_shock_cex_intervention,indonesia,USDC
499,0.8073052038574227,199127791.96956596,402,S4_twin_shock_cex_intervention,indonesia,USDC
500,0.7963247772776945,194149597.1703268,402,S4_twin_shock_cex_intervention,indonesia,USDC
501,0.7904961686552932,189295857.24106863,402,S4_twin_shock_cex_intervention,indonesia,USDC
502,0.7889439257990958,184563460.8100419,402,S4_twin_shock_cex_intervention,indonesia,USDC
503,0.7774749325568516,179949374.28979087,402,S4_twin_shock_cex_intervention,indonesia,USDC
504,0.7747335395110426,175450639.93254608,402,S4_twin_shock_cex_intervention,indonesia,USDC
505,0.7964914513166496,171064373.93423244,402,S4_twin_shock_cex_intervention,indonesia,USDC
506,0.796837268745422,166787764.5858766,402,S4_twin_shock_cex_intervention,indonesia,USDC
507,0.8108219384601716,162618070.4712297,402,S4_twin_shock_cex_intervention,indonesia,USDC
508,0.7756766316072163,158552618.709449,402,S4_twin_shock_cex_intervention,indonesia,USDC
509,0.7668618235082449,154588803.24171275,402,S4_twin_shock_cex_intervention,indonesia,USDC
510,0.7794594160072551,150724083.16066995,402,S4_twin_shock_cex_intervention,indonesia,USDC
511,0.8035847539518032,146955981.08165318,402,S4_twin_shock_cex_intervention,indonesia,USDC
512,0.80161764658214,143282081.55461186,402,S4_twin_shock_cex_intervention,indonesia,USDC
513,0.7852681753716901,139700029.51574656,402,S4_twin_shock_cex_intervention,indonesia,USDC
514,0.7757520339929533,136207528.7778529,402,S4_twin_shock_cex_intervention,indonesia,USDC
515,0.7962698621121225,132802340.55840656,402,S4_twin_shock_cex_intervention,indonesia,USDC
516,0.8066170473650965,129482282.04444641,402,S4_twin_shock_cex_intervention,indonesia,USDC
517,0.818439261251962,126245224.99333525,402,S4_twin_shock_cex_intervention,indonesia,USDC
518,0.8079138834142114,123089094.36850187,402,S4_twin_shock_cex_intervention,indonesia,USDC
519,0.8293380645009695,120011867.00928932,402,S4_twin_shock_cex_intervention,indonesia,USDC
520,0.8225807569861541,117011570.3340571,402,S4_twin_shock_cex_intervention,indonesia,USDC
521,0.7808045483521164,114086281.07570565,402,S4_twin_shock_cex_intervention,indonesia,USDC
522,0.7753755647831153,111234124.04881302,402,S4_twin_shock_cex_intervention,indonesia,USDC
523,0.77264407330941,108453270.94759269,402,S4_twin_shock_cex_intervention,indonesia,USDC
524,0.7411121368070058,105741939.17390287,402,S4_twin_shock_cex_intervention,indonesia,USDC
525,0.7648825240512442,103098390.69455531,402,S4_twin_shock_cex_intervention,indonesia,USDC
526,0.7639250831779373,100520930.92719142,402,S4_twin_shock_cex_intervention,indonesia,USDC
527,0.7652034779566949,98007907.65401164,402,S4_twin_shock_cex_intervention,indonesia,USDC
528,0.7546434923317163,95557709.96266136,402,S4_twin_shock_cex_intervention,indonesia,USDC
529,0.7364373123800423,93168767.21359481,402,S4_twin_shock_cex_intervention,indonesia,USDC
530,0.7348383407862211,90839548.03325494,402,S4_twin_shock_cex_intervention,indonesia,USDC
531,0.7076733574272541,88568559.33242357,402,S4_twin_shock_cex_intervention,indonesia,USDC
532,0.7332538714741538,86354345.34911299,402,S4_twin_shock_cex_intervention,indonesia,USDC
533,0.7418758436143452,84195486.71538515,402,S4_twin_shock_cex_intervention,indonesia,USDC
534,0.744387217848531,82090599.54750052,402,S4_twin_shock_cex_intervention,indonesia,USDC
535,0.748269675566333,80038334.55881302,402,S4_twin_shock_cex_intervention,indonesia,USDC
536,0.7230341276366027,78037376.19484268,402,S4_twin_shock_cex_intervention,indonesia,USDC
537,0.7309604963603541,76086441.78997162,402,S4_twin_shock_cex_intervention,indonesia,USDC
538,0.745390833221407,74184280.74522233,402,S4_twin_shock_cex_intervention,indonesia,USDC
539,0.7692604881743351,72329673.72659177,402,S4_twin_shock_cex_intervention,indonesia,USDC
540,0.7481677913911846,70521431.88342698,402,S4_twin_shock_cex_intervention,indonesia,USDC
541,0.7516812004297118,68758396.0863413,402,S4_twin_shock_cex_intervention,indonesia,USDC
542,0.7695279729029613,67039436.18418276,402,S4_twin_shock_cex_intervention,indonesia,USDC
543,0.7584288330128173,65363450.2795782,402,S4_twin_shock_cex_intervention,indonesia,USDC
544,0.7351887434020444,63729364.022588745,402,S4_twin_shock_cex_intervention,indonesia,USDC
545,0.764660525248804,62136129.922024034,402,S4_twin_shock_cex_intervention,indonesia,USDC
546,0.7643041770982221,60582726.673973426,402,S4_twin_shock_cex_intervention,indonesia,USDC
547,0.7745596817907785,59068158.507124096,402,S4_twin_shock_cex_intervention,indonesia,USDC
548,0.7818486830298905,57591454.54444599,402,S4_twin_shock_cex_intervention,indonesia,USDC
549,0.7647343674066777,56151668.180834845,402,S4_twin_shock_cex_intervention,indonesia,USDC
550,0.7691478968243419,54747876.47631398,402,S4_twin_shock_cex_intervention,indonesia,USDC
551,0.8018496320468346,53379179.56440613,402,S4_twin_shock_cex_intervention,indonesia,USDC
552,0.821791160264403,52044700.07529597,402,S4_twin_shock_cex_intervention,indonesia,USDC
553,0.8220063334840174,50743582.573413566,402,S4_twin_shock_cex_intervention,indonesia,USDC
554,0.814083777251762,49474993.00907823,402,S4_twin_shock_cex_intervention,indonesia,USDC
555,0.8129214892818033,48238118.18385127,402,S4_twin_shock_cex_intervention,indonesia,USDC
556,0.796053088861165,47032165.22925499,402,S4_twin_shock_cex_intervention,indonesia,USDC
557,0.7725195033570591,45856361.09852362,402,S4_twin_shock_cex_intervention,indonesia,USDC
558,0.777115191268987,44709952.07106052,402,S4_twin_shock_cex_intervention,indonesia,USDC
559,0.7923922455118637,43592203.26928402,402,S4_twin_shock_cex_intervention,indonesia,USDC
560,0.8000387520287381,42502398.187551916,402,S4_twin_shock_cex_intervention,indonesia,USDC
561,0.7973450730411821,41439838.23286311,402,S4_twin_shock_cex_intervention,indonesia,USDC
562,0.7882126903527278,40403842.27704154,402,S4_twin_shock_cex_intervention,indonesia,USDC
563,0.7898119158325643,39393746.2201155,402,S4_twin_shock_cex_intervention,indonesia,USDC
564,0.8138468229444507,38408902.56461261,402,S4_twin_shock_cex_intervention,indonesia,USDC
565,0.7951311220370518,37448680.0004973,402,S4_twin_shock_cex_intervention,indonesia,USDC
566,0.8069579369452055,36512463.00048486,402,S4_twin_shock_cex_intervention,indonesia,USDC
567,0.7528493197174083,35599651.425472744,402,S4_twin_shock_cex_intervention,indonesia,USDC
568,0.7663820731887232,34709660.13983593,402,S4_twin_shock_cex_intervention,indonesia,USDC
569,0.7615982183124105,33841918.63634003,402,S4_twin_shock_cex_intervention,indonesia,USDC
570,0.7481303460678821,32995870.670431532,402,S4_twin_shock_cex_intervention,indonesia,USDC
571,0.777021466843593,32170973.90367074,402,S4_twin_shock_cex_intervention,indonesia,USDC
572,0.7593056124812039,31366699.55607897,402,S4_twin_shock_cex_intervention,indonesia,USDC
573,0.7745751487718788,30582532.067176998,402,S4_twin_shock_cex_intervention,indonesia,USDC
574,0.7822332483507473,29817968.765497573,402,S4_twin_shock_cex_intervention,indonesia,USDC
575,0.8043863568637504,29072519.546360135,402,S4_twin_shock_cex_intervention,indonesia,USDC
576,0.804551187212715,28345706.557701126,402,S4_twin_shock_cex_intervention,indonesia,USDC
577,0.7998918425490451,27637063.8937586,402,S4_twin_shock_cex_intervention,indonesia,USDC
578,0.7980833925204175,26946137.296414636,402,S4_twin_shock_cex_intervention,indonesia,USDC
579,0.8185922765450137,26272483.86400427,402,S4_twin_shock_cex_intervention,indonesia,USDC
580,0.7891555377047756,25615671.76740416,402,S4_twin_shock_cex_intervention,indonesia,USDC
581,0.7848398297327958,24975279.97321906,402,S4_twin_shock_cex_intervention,indonesia,USDC
582,0.7518269377201388,24350897.973888583,402,S4_twin_shock_cex_intervention,indonesia,USDC
583,0.773741846851188,23742125.52454137,402,S4_twin_shock_cex_intervention,indonesia,USDC
584,0.7789058636828633,23148572.386427835,402,S4_twin_shock_cex_intervention,indonesia,USDC
585,0.7895464623157424,22569858.07676714,402,S4_twin_shock_cex_intervention,indonesia,USDC
586,0.8007942550471446,22005611.624847963,402,S4_twin_shock_cex_intervention,indonesia,USDC
587,0.776148656771948,21455471.33422676,402,S4_twin_shock_cex_intervention,indonesia,USDC
588,0.759615617347607,20919084.550871093,402,S4_twin_shock_cex_intervention,indonesia,USDC
589,0.7519620132422818,20396107.437099315,402,S4_twin_shock_cex_intervention,indonesia,USDC
590,0.7695241978287617,19886204.751171835,402,S4_twin_shock_cex_intervention,indonesia,USDC
591,0.7685349984532872,19389049.632392537,402,S4_twin_shock_cex_intervention,indonesia,USDC
592,0.7488489208827245,18904323.391582724,402,S4_twin_shock_cex_intervention,indonesia,USDC
593,0.765976483514665,18431715.306793153,402,S4_twin_shock_cex_intervention,indonesia,USDC
594,0.7801536099333828,17970922.424123324,402,S4_twin_shock_cex_intervention,indonesia,USDC
595,0.7910942565184427,17521649.363520242,402,S4_twin_shock_cex_intervention,indonesia,USDC
596,0.7823404809661425,17083608.12943224,402,S4_twin_shock_cex_intervention,indonesia,USDC
597,0.7761088142949517,16656517.92619643,402,S4_twin_shock_cex_intervention,indonesia,USDC
598,0.7613379181934602,16240104.978041518,402,S4_twin_shock_cex_intervention,indonesia,USDC
599,0.7657657270039219,15834102.353590481,402,S4_twin_shock_cex_intervention,indonesia,USDC
600,0.7790744183435133,15438249.79475072,402,S4_twin_shock_cex_intervention,indonesia,USDC
601,0.7965187037895451,15052293.54988195,402,S4_twin_shock_cex_intervention,indonesia,USDC
602,0.7916898965722899,14675986.211134903,402,S4_twin_shock_cex_intervention,indonesia,USDC
603,0.7959448679074981,14309086.555856531,402,S4_twin_shock_cex_intervention,indonesia,USDC
604,0.7973185793541063,13951359.391960118,402,S4_twin_shock_cex_intervention,indonesia,USDC
605,0.7744274827010911,13602575.407161113,402,S4_twin_shock_cex_intervention,indonesia,USDC
606,0.7753278227414001,13262511.021982085,402,S4_twin_shock_cex_intervention,indonesia,USDC
607,0.7883599590663263,12930948.246432535,402,S4_twin_shock_cex_intervention,indonesia,USDC
608,0.729068566315749,12607674.54027172,402,S4_twin_shock_cex_intervention,indonesia,USDC
609,0.7225566999072814,12292482.676764928,402,S4_twin_shock_cex_intervention,indonesia,USDC
610,0.7364231125179405,11985170.609845804,402,S4_twin_shock_cex_intervention,indonesia,USDC
611,0.7733685980554758,11685541.344599659,402,S4_twin_shock_cex_intervention,indonesia,USDC
612,0.7766957795779673,11393402.810984667,402,S4_twin_shock_cex_intervention,indonesia,USDC
613,0.8010572248742525,11108567.74071005,402,S4_twin_shock_cex_intervention,indonesia,USDC
614,0.7760019342972967,10830853.5471923,402,S4_twin_shock_cex_intervention,indonesia,USDC
615,0.7798533760220874,10560082.208512492,402,S4_twin_shock_cex_intervention,indonesia,USDC
616,0.7615604068475204,10296080.15329968,402,S4_twin_shock_cex_intervention,indonesia,USDC
617,0.743371210882571,10038678.149467189,402,S4_twin_shock_cex_intervention,indonesia,USDC
618,0.7258425898798065,9787711.19573051,402,S4_twin_shock_cex_intervention,indonesia,USDC
619,0.7486155120749504,9543018.415837247,402,S4_twin_shock_cex_intervention,indonesia,USDC
620,0.7606951340450925,9304442.955441315,402,S4_twin_shock_cex_intervention,indonesia,USDC
621,0.7691061102063864,9071831.881555282,402,S4_twin_shock_cex_intervention,indonesia,USDC
622,0.7701595782763743,8845036.0845164,402,S4_twin_shock_cex_intervention,indonesia,USDC
623,0.7758254910106633,8623910.18240349,402,S4_twin_shock_cex_intervention,indonesia,USDC
624,0.7965467219431723,8408312.427843401,402,S4_twin_shock_cex_intervention,indonesia,USDC
625,0.7717401205177213,8198104.617147317,402,S4_twin_shock_cex_intervention,indonesia,USDC
626,0.7925230840297978,7993152.001718635,402,S4_twin_shock_cex_intervention,indonesia,USDC
627,0.8005763710463976,7793323.201675668,402,S4_twin_shock_cex_intervention,indonesia,USDC
628,0.7919895858013337,7598490.121633777,402,S4_twin_shock_cex_intervention,indonesia,USDC
629,0.7724875322867073,7408527.868592931,402,S4_twin_shock_cex_intervention,indonesia,USDC
630,0.7714070952860941,7223314.671878109,402,S4_twin_shock_cex_intervention,indonesia,USDC
631,0.7633835503406793,7042731.805081155,402,S4_twin_shock_cex_intervention,indonesia,USDC
632,0.7704392466116537,6866663.509954127,402,S4_twin_shock_cex_intervention,indonesia,USDC
633,0.7901950793740086,6694996.922205273,402,S4_twin_shock_cex_intervention,indonesia,USDC
634,0.7819641694865435,6527621.999150142,402,S4_twin_shock_cex_intervention,indonesia,USDC
635,0.7953389588503688,6364431.4491713885,402,S4_twin_shock_cex_intervention,indonesia,USDC
636,0.8111220187781434,6205320.662942103,402,S4_twin_shock_cex_intervention,indonesia,USDC
637,0.8256062471127642,6050187.64636855,402,S4_twin_shock_cex_intervention,indonesia,USDC
638,0.8261745485483795,5898932.955209336,402,S4_twin_shock_cex_intervention,indonesia,USDC
639,0.8437341340844651,5751459.631329103,402,S4_twin_shock_cex_intervention,indonesia,USDC
640,0.8015654285974186,5607673.140545875,402,S4_twin_shock_cex_intervention,indonesia,USDC
641,0.7996322023981168,5467481.312032228,402,S4_twin_shock_cex_intervention,indonesia,USDC
642,0.7765725275087408,5330794.279231423,402,S4_twin_shock_cex_intervention,indonesia,USDC
643,0.782182952652422,5197524.422250638,402,S4_twin_shock_cex_intervention,indonesia,USDC
644,0.7798855557333498,5067586.3116943715,402,S4_twin_shock_cex_intervention,indonesia,USDC
645,0.7908250530739362,4940896.653902012,402,S4_twin_shock_cex_intervention,indonesia,USDC
646,0.7905585907458309,4817374.237554463,402,S4_twin_shock_cex_intervention,indonesia,USDC
647,0.7991282757616116,4696939.881615601,402,S4_twin_shock_cex_intervention,indonesia,USDC
648,0.7831252472832994,4579516.3845752105,402,S4_twin_shock_cex_intervention,indonesia,USDC
649,0.7853085749888309,4465028.47496083,402,S4_twin_shock_cex_intervention,indonesia,USDC
650,0.8048005412708458,4353402.76308681,402,S4_twin_shock_cex_intervention,indonesia,USDC
651,0.7979249523919288,4244567.694009639,402,S4_twin_shock_cex_intervention,indonesia,USDC
652,0.7808106834603411,4138453.501659399,402,S4_twin_shock_cex_intervention,indonesia,USDC
653,0.7827144358035865,4034992.1641179137,402,S4_twin_shock_cex_intervention,indonesia,USDC
654,0.7850678322028196,3934117.3600149658,402,S4_twin_shock_cex_intervention,indonesia,USDC
655,0.7696668291542974,3835764.426014592,402,S4_twin_shock_cex_intervention,indonesia,USDC
656,0.7776858812621416,3739870.3153642267,402,S4_twin_shock_cex_intervention,indonesia,USDC
657,0.7776863831425771,3646373.5574801215,402,S4_twin_shock_cex_intervention,indonesia,USDC
658,0.7906057611897322,3555214.2185431183,402,S4_twin_shock_cex_intervention,indonesia,USDC
659,0.7860134197243929,3466333.8630795404,402,S4_twin_shock_cex_intervention,indonesia,USDC
660,0.7933637230392073,3379675.5165025517,402,S4_twin_shock_cex_intervention,indonesia,USDC
661,0.81630179851459,3295183.6285899878,402,S4_twin_shock_cex_intervention,indonesia,USDC
662,0.8088809178506361,3212804.037875238,402,S4_twin_shock_cex_intervention,indonesia,USDC
663,0.7851332744530045,3132483.936928357,402,S4_twin_shock_cex_intervention,indonesia,USDC
664,0.7938515326733766,3054171.8385051484,402,S4_twin_shock_cex_intervention,indonesia,USDC
665,0.8083418763441848,2977817.5425425195,402,S4_twin_shock_cex_intervention,indonesia,USDC
666,0.8130081614937223,2903372.1039789566,402,S4_twin_shock_cex_intervention,indonesia,USDC
667,0.8178090861955842,2830787.8013794823,402,S4_twin_shock_cex_intervention,indonesia,USDC
668,0.8188604774724921,2760018.106344996,402,S4_twin_shock_cex_intervention,indonesia,USDC
669,0.8000935056332821,2691017.6536863707,402,S4_twin_shock_cex_intervention,indonesia,USDC
670,0.7917922470186216,2623742.2123442115,402,S4_twin_shock_cex_intervention,indonesia,USDC
671,0.7914107086140603,2558148.657035606,402,S4_twin_shock_cex_intervention,indonesia,USDC
672,0.8045443681568445,2494194.940609716,402,S4_twin_shock_cex_intervention,indonesia,USDC
673,0.7949674359099755,2431840.067094473,402,S4_twin_shock_cex_intervention,indonesia,USDC
674,0.7869684789171159,2371044.0654171114,402,S4_twin_shock_cex_intervention,indonesia,USDC
675,0.7827529084749145,2311767.9637816837,402,S4_twin_shock_cex_intervention,indonesia,USDC
676,0.7705021923304108,2253973.7646871414,402,S4_twin_shock_cex_intervention,indonesia,USDC
677,0.7761454730974215,2197624.420569963,402,S4_twin_shock_cex_intervention,indonesia,USDC
678,0.8027123650167594,2142683.810055714,402,S4_twin_shock_cex_intervention,indonesia,USDC
679,0.7643130509275742,2089116.714804321,402,S4_twin_shock_cex_intervention,indonesia,USDC
680,0.7870082967743506,2036888.796934213,402,S4_twin_shock_cex_intervention,indonesia,USDC
681,0.7943176022559602,1985966.5770108579,402,S4_twin_shock_cex_intervention,indonesia,USDC
682,0.8003359378998556,1936317.4125855863,402,S4_twin_shock_cex_intervention,indonesia,USDC
683,0.7777972190290569,1887909.4772709466,402,S4_twin_shock_cex_intervention,indonesia,USDC
684,0.7758513628175104,1840711.740339173,402,S4_twin_shock_cex_intervention,indonesia,USDC
685,0.7778782479160754,1794693.9468306936,402,S4_twin_shock_cex_intervention,indonesia,USDC
686,0.7675581844536457,1749826.5981599262,402,S4_twin_shock_cex_intervention,indonesia,USDC
687,0.7765422183869953,1706080.9332059282,402,S4_twin_shock_cex_intervention,indonesia,USDC
688,0.7839786404662682,1663428.9098757799,402,S4_twin_shock_cex_intervention,indonesia,USDC
689,0.7763716752406766,1621843.1871288854,402,S4_twin_shock_cex_intervention,indonesia,USDC
690,0.7862453838517957,1581297.1074506633,402,S4_twin_shock_cex_intervention,indonesia,USDC
691,0.7707233466158008,1541764.6797643967,402,S4_twin_shock_cex_intervention,indonesia,USDC
692,0.7848619425285542,1503220.5627702868,402,S4_twin_shock_cex_intervention,indonesia,USDC
693,0.7714786418885187,1465640.0487010297,402,S4_twin_shock_cex_intervention,indonesia,USDC
694,0.773330797897457,1428999.0474835038,402,S4_twin_shock_cex_intervention,indonesia,USDC
695,0.7982718109311192,1393274.0712964162,402,S4_twin_shock_cex_intervention,indonesia,USDC
696,0.7973828196381737,1358442.2195140058,402,S4_twin_shock_cex_intervention,indonesia,USDC
697,0.7978331085845407,1324481.1640261556,402,S4_twin_shock_cex_intervention,indonesia,USDC
698,0.7993299368414042,1291369.134925502,402,S4_twin_shock_cex_intervention,indonesia,USDC
699,0.7908061998083747,1259084.9065523644,402,S4_twin_shock_cex_intervention,indonesia,USDC
700,0.8127105693026262,1227607.7838885551,402,S4_twin_shock_cex_intervention,indonesia,USDC
701,0.7839395576911291,1196917.5892913414,402,S4_twin_shock_cex_intervention,indonesia,USDC
702,0.7946446882838685,1166994.6495590578,402,S4_twin_shock_cex_intervention,indonesia,USDC
703,0.7980504962283612,1137819.7833200814,402,S4_twin_shock_cex_intervention,indonesia,USDC
704,0.8047352103742761,1109374.2887370794,402,S4_twin_shock_cex_intervention,indonesia,USDC
705,0.8081957033377755,1081639.9315186522,402,S4_twin_shock_cex_intervention,indonesia,USDC
706,0.8112169800332465,1054598.933230686,402,S4_twin_shock_cex_intervention,indonesia,USDC
707,0.8114528848750452,1028233.9598999189,402,S4_twin_shock_cex_intervention,indonesia,USDC
708,0.8096448413360395,1002528.110902421,402,S4_twin_shock_cex_intervention,indonesia,USDC
709,0.8099211224612973,977464.9081298603,402,S4_twin_shock_cex_intervention,indonesia,USDC
710,0.8068056126926428,953028.2854266139,402,S4_twin_shock_cex_intervention,indonesia,USDC
711,0.8092633455124992,929202.5782909485,402,S4_twin_shock_cex_intervention,indonesia,USDC
712,0.7998254963767183,905972.5138336747,402,S4_twin_shock_cex_intervention,indonesia,USDC
713,0.7946226329325514,883323.2009878329,402,S4_twin_shock_cex_intervention,indonesia,USDC
714,0.7909644132735801,861240.1209631371,402,S4_twin_shock_cex_intervention,indonesia,USDC
715,0.8064852892058023,839709.1179390587,402,S4_twin_shock_cex_intervention,indonesia,USDC
716,0.8026889655902234,818716.3899905821,402,S4_twin_shock_cex_intervention,indonesia,USDC
717,0.7839001419198046,798248.4802408176,402,S4_twin_shock_cex_intervention,indonesia,USDC
718,0.7739888591882241,778292.2682347972,402,S4_twin_shock_cex_intervention,indonesia,USDC
719,0.7906925201841825,758834.9615289272,402,S4_twin_shock_cex_intervention,indonesia,USDC
720,0.792632359927451,739864.087490704,402,S4_twin_shock_cex_intervention,indonesia,USDC
721,0.7655292332622067,721367.4853034364,402,S4_twin_shock_cex_intervention,indonesia,USDC
722,0.7656249893262669,703333.2981708505,402,S4_twin_shock_cex_intervention,indonesia,USDC
723,0.7872995792182252,685749.9657165793,402,S4_twin_shock_cex_intervention,indonesia,USDC
724,0.7675694700011445,668606.2165736648,402,S4_twin_shock_cex_intervention,indonesia,USDC
725,0.787909439022667,651891.0611593232,402,S4_twin_shock_cex_intervention,indonesia,USDC
726,0.7834187739401561,635593.7846303401,402,S4_twin_shock_cex_intervention,indonesia,USDC
727,0.7927071952518049,619703.9400145815,402,S4_twin_shock_cex_intervention,indonesia,USDC
728,0.7889696560970968,604211.341514217,402,S4_twin_shock_cex_intervention,indonesia,USDC
729,0.7688677347002494,589106.0579763616,402,S4_twin_shock_cex_intervention,indonesia,USDC
730,0.7533286723769773,574378.4065269525,402,S4_twin_shock_cex_intervention,indonesia,USDC
731,0.7748042065593747,560018.9463637788,402,S4_twin_shock_cex_intervention,indonesia,USDC
732,0.7825128479449049,546018.4727046842,402,S4_twin_shock_cex_intervention,indonesia,USDC
733,0.7858158843794992,532368.0108870672,402,S4_twin_shock_cex_intervention,indonesia,USDC
734,0.7924706051769261,519058.81061489054,402,S4_twin_shock_cex_intervention,indonesia,USDC
735,0.8090916340966157,506082.3403495182,402,S4_twin_shock_cex_intervention,indonesia,USDC
736,0.8435269951793758,493430.2818407802,402,S4_twin_shock_cex_intervention,indonesia,USDC
737,0.8687112492831985,481094.52479476074,402,S4_twin_shock_cex_intervention,indonesia,USDC
738,0.867273686140632,469067.1616748917,402,S4_twin_shock_cex_intervention,indonesia,USDC
739,0.8624667222990937,457340.4826330194,402,S4_twin_shock_cex_intervention,indonesia,USDC
740,0.8514748270632149,445906.97056719393,402,S4_twin_shock_cex_intervention,indonesia,USDC
741,0.8338523283214793,434759.29630301404,402,S4_twin_shock_cex_intervention,indonesia,USDC
742,0.8368922761654766,423890.3138954387,402,S4_twin_shock_cex_intervention,indonesia,USDC
743,0.8249655529323507,413293.05604805273,402,S4_twin_shock_cex_intervention,indonesia,USDC
744,0.8473926276933236,402960.7296468514,402,S4_twin_shock_cex_intervention,indonesia,USDC
745,0.8481367269670623,392886.71140568017,402,S4_twin_shock_cex_intervention,indonesia,USDC
746,0.8304253891508319,383064.54362053814,402,S4_twin_shock_cex_intervention,indonesia,USDC
747,0.8214448696606194,373487.9300300247,402,S4_twin_shock_cex_intervention,indonesia,USDC
748,0.8128200794823421,364150.73177927407,402,S4_twin_shock_cex_intervention,indonesia,USDC
749,0.8292318048518849,355046.9634847922,402,S4_twin_shock_cex_intervention,indonesia,USDC
750,0.8220201057366725,346170.7893976724,402,S4_twin_shock_cex_intervention,indonesia,USDC
751,0.8324238596116479,337516.5196627306,402,S4_twin_shock_cex_intervention,indonesia,USDC
752,0.8331231104090853,329078.60667116236,402,S4_twin_shock_cex_intervention,indonesia,USDC
753,0.8181911062717068,320851.6415043833,402,S4_twin_shock_cex_intervention,indonesia,USDC
754,0.7938850667732833,312830.3504667737,402,S4_twin_shock_cex_intervention,indonesia,USDC
755,0.7577430035166604,305009.5917051044,402,S4_twin_shock_cex_intervention,indonesia,USDC
756,0.7341052403558488,297384.35191247676,402,S4_twin_shock_cex_intervention,indonesia,USDC
757,0.735313259765147,289949.74311466486,402,S4_twin_shock_cex_intervention,indonesia,USDC
758,0.7547078620135975,282700.9995367982,402,S4_twin_shock_cex_intervention,indonesia,USDC
759,0.749678712040928,275633.4745483783,402,S4_twin_shock_cex_intervention,indonesia,USDC
760,0.7567640284962144,268742.6376846689,402,S4_twin_shock_cex_intervention,indonesia,USDC
761,0.7715507680438255,262024.0717425521,402,S4_twin_shock_cex_intervention,indonesia,USDC
762,0.7826440021298074,255473.4699489883,402,S4_twin_shock_cex_intervention,indonesia,USDC
763,0.8108819904146718,249086.63320026358,402,S4_twin_shock_cex_intervention,indonesia,USDC
764,0.7879520035748415,242859.467370257,402,S4_twin_shock_cex_intervention,indonesia,USDC
765,0.7976826068963729,236787.9806860006,402,S4_twin_shock_cex_intervention,indonesia,USDC
766,0.7707583867819464,230868.28116885055,402,S4_twin_shock_cex_intervention,indonesia,USDC
767,0.7811914176371805,225096.57413962932,402,S4_twin_shock_cex_intervention,indonesia,USDC
768,0.7803720853202377,219469.1597861386,402,S4_twin_shock_cex_intervention,indonesia,USDC
769,0.7822537278138133,213982.43079148512,402,S4_twin_shock_cex_intervention,indonesia,USDC
770,0.7740340365143432,208632.870021698,402,S4_twin_shock_cex_intervention,indonesia,USDC
771,0.76290818536753,203417.04827115557,402,S4_twin_shock_cex_intervention,indonesia,USDC
772,0.7550918427527572,198331.62206437666,402,S4_twin_shock_cex_intervention,indonesia,USDC
773,0.7568365115683393,193373.33151276724,402,S4_twin_shock_cex_intervention,indonesia,USDC
774,0.7501608514960405,188538.99822494807,402,S4_twin_shock_cex_intervention,indonesia,USDC
775,0.7809051239527781,183825.52326932436,402,S4_twin_shock_cex_intervention,indonesia,USDC
776,0.8151675207881471,179229.88518759125,402,S4_twin_shock_cex_intervention,indonesia,USDC
777,0.8178355909218601,174749.13805790147,402,S4_twin_shock_cex_intervention,indonesia,USDC
778,0.8008579887063065,170380.4096064539,402,S4_twin_shock_cex_intervention,indonesia,USDC
779,0.787372088008253,166120.89936629258,402,S4_twin_shock_cex_intervention,indonesia,USDC
780,0.7827237524661071,161967.8768821353,402,S4_twin_shock_cex_intervention,indonesia,USDC
781,0.7719409650309375,157918.67996008188,402,S4_twin_shock_cex_intervention,indonesia,USDC
782,0.8012561741708277,153970.71296107984,402,S4_twin_shock_cex_intervention,indonesia,USDC
783,0.7952893230820275,150121.44513705285,402,S4_twin_shock_cex_intervention,indonesia,USDC
784,0.8002791875110306,146368.4090086265,402,S4_twin_shock_cex_intervention,indonesia,USDC
785,0.8073577424620846,142709.19878341086,402,S4_twin_shock_cex_intervention,indonesia,USDC
786,0.8168050967231326,139141.46881382557,402,S4_twin_shock_cex_intervention,indonesia,USDC
787,0.8197332335147612,135662.93209347993,402,S4_twin_shock_cex_intervention,indonesia,USDC
788,0.8283743539711006,132271.35879114293,402,S4_twin_shock_cex_intervention,indonesia,USDC
789,0.8236509392884234,128964.57482136438,402,S4_twin_shock_cex_intervention,indonesia,USDC
790,0.8191920824780873,125740.46045083027,402,S4_twin_shock_cex_intervention,indonesia,USDC
791,0.8046656668896998,122596.94893955952,402,S4_twin_shock_cex_intervention,indonesia,USDC
792,0.8102271710051836,119532.02521607053,402,S4_twin_shock_cex_intervention,indonesia,USDC
793,0.7908603283312781,116543.72458566877,402,S4_twin_shock_cex_intervention,indonesia,USDC
794,0.782995275854751,113630.13147102704,402,S4_twin_shock_cex_intervention,indonesia,USDC
795,0.7797322953897966,110789.37818425137,402,S4_twin_shock_cex_intervention,indonesia,USDC
796,0.7858947035406029,108019.64372964509,402,S4_twin_shock_cex_intervention,indonesia,USDC
797,0.7750887351693557,105319.15263640396,402,S4_twin_shock_cex_intervention,indonesia,USDC
798,0.7706173374861429,102686.17382049386,402,S4_twin_shock_cex_intervention,indonesia,USDC
799,0.7704059826616568,100119.01947498153,402,S4_twin_shock_cex_intervention,indonesia,USDC
800,0.7511746456915489,97616.04398810698,402,S4_twin_shock_cex_intervention,indonesia,USDC
801,0.7772015666240791,95175.64288840431,402,S4_twin_shock_cex_intervention,indonesia,USDC
802,0.7723224992257713,92796.2518161942,402,S4_twin_shock_cex_intervention,indonesia,USDC
803,0.7748623844098151,90476.34552078934,402,S4_twin_shock_cex_intervention,indonesia,USDC
804,0.7980389011359467,88214.43688276962,402,S4_twin_shock_cex_intervention,indonesia,USDC
805,0.7909132310748334,86009.07596070037,402,S4_twin_shock_cex_intervention,indonesia,USDC
806,0.7862744200640235,83858.84906168286,402,S4_twin_shock_cex_intervention,indonesia,USDC
807,0.7772516644545275,81762.3778351408,402,S4_twin_shock_cex_intervention,indonesia,USDC
808,0.7877302121774856,79718.31838926228,402,S4_twin_shock_cex_intervention,indonesia,USDC
809,0.769189570343546,77725.36042953072,402,S4_twin_shock_cex_intervention,indonesia,USDC
810,0.7672995237153446,75782.22641879244,402,S4_twin_shock_cex_intervention,indonesia,USDC
811,0.7921934056255602,73887.67075832264,402,S4_twin_shock_cex_intervention,indonesia,USDC
812,0.8011589263003274,72040.47898936458,402,S4_twin_shock_cex_intervention,indonesia,USDC
813,0.7941421001849543,70239.46701463046,402,S4_twin_shock_cex_intervention,indonesia,USDC
814,0.7895158995153696,68483.4803392647,402,S4_twin_shock_cex_intervention,indonesia,USDC
815,0.7825391730444781,66771.39333078307,402,S4_twin_shock_cex_intervention,indonesia,USDC
816,0.7515637858794857,65102.1084975135,402,S4_twin_shock_cex_intervention,indonesia,USDC
817,0.7624225764968199,63474.55578507567,402,S4_twin_shock_cex_intervention,indonesia,USDC
818,0.7351244712424537,61887.69189044877,402,S4_twin_shock_cex_intervention,indonesia,USDC
819,0.7536101851509388,60340.49959318755,402,S4_twin_shock_cex_intervention,indonesia,USDC
820,0.7871135617960018,58831.98710335785,402,S4_twin_shock_cex_intervention,indonesia,USDC
821,0.7764369358958071,57361.18742577391,402,S4_twin_shock_cex_intervention,indonesia,USDC
822,0.7732947787334599,55927.157740129565,402,S4_twin_shock_cex_intervention,indonesia,USDC
823,0.752528235898203,54528.978796626325,402,S4_twin_shock_cex_intervention,indonesia,USDC
824,0.7362870285855717,53165.75432671067,402,S4_twin_shock_cex_intervention,indonesia,USDC
825,0.7158768025156486,51836.6104685429,402,S4_twin_shock_cex_intervention,indonesia,USDC
826,0.7392688273557183,50540.69520682933,402,S4_twin_shock_cex_intervention,indonesia,USDC
827,0.7380656415914159,49277.1778266586,402,S4_twin_shock_cex_intervention,indonesia,USDC
828,0.7370528535929866,48045.248380992125,402,S4_twin_shock_cex_intervention,indonesia,USDC
829,0.7445744103167867,46844.117171467326,402,S4_twin_shock_cex_intervention,indonesia,USDC
830,0.755184864520563,45673.014242180645,402,S4_twin_shock_cex_intervention,indonesia,USDC
831,0.7526524759425158,44531.188886126125,402,S4_twin_shock_cex_intervention,indonesia,USDC
832,0.7413236909703937,43417.909163972974,402,S4_twin_shock_cex_intervention,indonesia,USDC
833,0.7594369329400584,42332.46143487364,402,S4_twin_shock_cex_intervention,indonesia,USDC
834,0.7716408679924693,41274.14989900181,402,S4_twin_shock_cex_intervention,indonesia,USDC
835,0.7418947543864134,40242.29615152676,402,S4_twin_shock_cex_intervention,indonesia,USDC
836,0.7582215005660379,39236.23874773859,402,S4_twin_shock_cex_intervention,indonesia,USDC
837,0.7635255493764048,38255.33277904513,402,S4_twin_shock_cex_intervention,indonesia,USDC
838,0.747900889779735,37298.949459569005,402,S4_twin_shock_cex_intervention,indonesia,USDC
839,0.7817556465691974,36366.47572307978,402,S4_twin_shock_cex_intervention,indonesia,USDC
840,0.7976654023694479,35457.31383000278,402,S4_twin_shock_cex_intervention,indonesia,USDC
841,0.8161226421277491,34570.88098425271,402,S4_twin_shock_cex_intervention,indonesia,USDC
842,0.8316566692821049,33706.60895964639,402,S4_twin_shock_cex_intervention,indonesia,USDC
843,0.8107029487798103,32863.94373565524,402,S4_twin_shock_cex_intervention,indonesia,USDC
844,0.8206674229062797,32042.345142263854,402,S4_twin_shock_cex_intervention,indonesia,USDC
845,0.8025102741563084,31241.28651370726,402,S4_twin_shock_cex_intervention,indonesia,USDC
846,0.8057185687598424,30460.254350864576,402,S4_twin_shock_cex_intervention,indonesia,USDC
847,0.8165450819619409,29698.747992092958,402,S4_twin_shock_cex_intervention,indonesia,USDC
848,0.8173811965236272,28956.279292290637,402,S4_twin_shock_cex_intervention,indonesia,USDC
849,0.8161775620642684,28232.372309983366,402,S4_twin_shock_cex_intervention,indonesia,USDC
850,0.8130151726346012,27526.563002233783,402,S4_twin_shock_cex_intervention,indonesia,USDC
851,0.8140544465993305,26838.398927177943,402,S4_twin_shock_cex_intervention,indonesia,USDC
852,0.8206477249636246,26167.43895399849,402,S4_twin_shock_cex_intervention,indonesia,USDC
853,0.6709066119446963,25513.25298014853,402,S4_twin_shock_cex_intervention,indonesia,USDC
854,0.6793431132187258,24875.421655644815,402,S4_twin_shock_cex_intervention,indonesia,USDC
855,0.6780959267017094,24253.536114253697,402,S4_twin_shock_cex_intervention,indonesia,USDC
856,0.7004616883558838,23647.197711397355,402,S4_twin_shock_cex_intervention,indonesia,USDC
857,0.7143475380176203,23056.017768612423,402,S4_twin_shock_cex_intervention,indonesia,USDC
858,0.730120527090726,22479.61732439711,402,S4_twin_shock_cex_intervention,indonesia,USDC
859,0.7215231461297095,21917.626891287182,402,S4_twin_shock_cex_intervention,indonesia,USDC
860,0.7184494674187273,21369.686219005,402,S4_twin_shock_cex_intervention,indonesia,USDC
861,0.7539689494863888,20835.444063529878,402,S4_twin_shock_cex_intervention,indonesia,USDC
862,0.7435240514206286,20314.55796194163,402,S4_twin_shock_cex_intervention,indonesia,USDC
863,0.7757727533428417,19806.694012893087,402,S4_twin_shock_cex_intervention,indonesia,USDC
864,0.7935380302576062,19311.52666257076,402,S4_twin_shock_cex_intervention,indonesia,USDC
865,0.7921495134756508,18828.738496006492,402,S4_twin_shock_cex_intervention,indonesia,USDC
866,0.8063546353195808,18358.02003360633,402,S4_twin_shock_cex_intervention,indonesia,USDC
867,0.8175210940716092,17899.069532766174,402,S4_twin_shock_cex_intervention,indonesia,USDC
868,0.8106820557781487,17451.592794447017,402,S4_twin_shock_cex_intervention,indonesia,USDC
869,0.7956253664396319,17015.302974585844,402,S4_twin_shock_cex_intervention,indonesia,USDC
870,0.810554839405811,16589.920400221195,402,S4_twin_shock_cex_intervention,indonesia,USDC
871,0.815044220401124,16175.172390215666,402,S4_twin_shock_cex_intervention,indonesia,USDC
872,0.8039398664845637,15770.793080460275,402,S4_twin_shock_cex_intervention,indonesia,USDC
873,0.7718610313856623,15376.52325344877,402,S4_twin_shock_cex_intervention,indonesia,USDC
874,0.7773337677064315,14992.110172112549,402,S4_twin_shock_cex_intervention,indonesia,USDC
875,0.7618111551454579,14617.307417809738,402,S4_twin_shock_cex_intervention,indonesia,USDC
876,0.7586855513928648,14251.874732364493,402,S4_twin_shock_cex_intervention,indonesia,USDC
877,0.7703177984865336,13895.57786405538,402,S4_twin_shock_cex_intervention,indonesia,USDC
878,0.7987623872563766,13548.188417453995,402,S4_twin_shock_cex_intervention,indonesia,USDC
879,0.794869303970329,13209.483707017645,402,S4_twin_shock_cex_intervention,indonesia,USDC
880,0.7949783326531942,12879.246614342204,402,S4_twin_shock_cex_intervention,indonesia,USDC
881,0.7796936442865331,12557.26544898365,402,S4_twin_shock_cex_intervention,indonesia,USDC
882,0.7911584602269672,12243.33381275906,402,S4_twin_shock_cex_intervention,indonesia,USDC
883,0.7917615470343924,11937.250467440083,402,S4_twin_shock_cex_intervention,indonesia,USDC
884,0.7816276731960596,11638.81920575408,402,S4_twin_shock_cex_intervention,indonesia,USDC
885,0.7760587649969729,11347.848725610229,402,S4_twin_shock_cex_intervention,indonesia,USDC
886,0.7830969969474744,11064.152507469971,402,S4_twin_shock_cex_intervention,indonesia,USDC
887,0.7886109942210708,10787.548694783225,402,S4_twin_shock_cex_intervention,indonesia,USDC
888,0.7954127708250587,10517.859977413642,402,S4_twin_shock_cex_intervention,indonesia,USDC
889,0.8003133771285887,10254.913477978302,402,S4_twin_shock_cex_intervention,indonesia,USDC
890,0.7983514385960231,9998.540641028845,402,S4_twin_shock_cex_intervention,indonesia,USDC
891,0.8013069956936275,9748.577125003123,402,S4_twin_shock_cex_intervention,indonesia,USDC
892,0.7938762118905205,9504.862696878045,402,S4_twin_shock_cex_intervention,indonesia,USDC
893,0.7684451845746911,9267.241129456093,402,S4_twin_shock_cex_intervention,indonesia,USDC
894,0.7697059027313795,9035.560101219693,402,S4_twin_shock_cex_intervention,indonesia,USDC
895,0.764401799368219,8809.6710986892,402,S4_twin_shock_cex_intervention,indonesia,USDC
896,0.7512190615728783,8589.429321221969,402,S4_twin_shock_cex_intervention,indonesia,USDC
897,0.7557524186087811,8374.69358819142,402,S4_twin_shock_cex_intervention,indonesia,USDC
898,0.7900805070926271,8165.3262484866345,402,S4_twin_shock_cex_intervention,indonesia,USDC
899,0.7917998017533164,7961.193092274469,402,S4_twin_shock_cex_intervention,indonesia,USDC
900,0.7900817686010762,7762.163264967607,402,S4_twin_shock_cex_intervention,indonesia,USDC
901,0.7967407684531203,7568.109183343417,402,S4_twin_shock_cex_intervention,indonesia,USDC
902,0.795193524731869,7378.906453759831,402,S4_twin_shock_cex_intervention,indonesia,USDC
903,0.8051315122662629,7194.433792415835,402,S4_twin_shock_cex_intervention,indonesia,USDC
904,0.7576012758648816,7014.572947605439,402,S4_twin_shock_cex_intervention,indonesia,USDC
905,0.7660763766056515,6839.208623915304,402,S4_twin_shock_cex_intervention,indonesia,USDC
906,0.7482828869469786,6668.22840831742,402,S4_twin_shock_cex_intervention,indonesia,USDC
907,0.7388878616484359,6501.522698109486,402,S4_twin_shock_cex_intervention,indonesia,USDC
908,0.759767454930501,6338.984630656749,402,S4_twin_shock_cex_intervention,indonesia,USDC
909,0.7453942424950558,6180.510014890329,402,S4_twin_shock_cex_intervention,indonesia,USDC
910,0.7496033123044734,6025.9972645180715,402,S4_twin_shock_cex_intervention,indonesia,USDC
911,0.7424825277994546,5875.347332905119,402,S4_twin_shock_cex_intervention,indonesia,USDC
912,0.7598780070795017,5728.463649582491,402,S4_twin_shock_cex_intervention,indonesia,USDC
913,0.7406033022500419,5585.252058342929,402,S4_twin_shock_cex_intervention,indonesia,USDC
914,0.7545718229553235,5445.620756884356,402,S4_twin_shock_cex_intervention,indonesia,USDC
915,0.7487214218491413,5309.480237962246,402,S4_twin_shock_cex_intervention,indonesia,USDC
916,0.7494566808699563,5176.74323201319,402,S4_twin_shock_cex_intervention,indonesia,USDC
917,0.7613330593544737,5047.324651212861,402,S4_twin_shock_cex_intervention,indonesia,USDC
918,0.7681306221401818,4921.141534932539,402,S4_twin_shock_cex_intervention,indonesia,USDC
919,0.7497149184922901,4798.112996559225,402,S4_twin_shock_cex_intervention,indonesia,USDC
920,0.7549724067560601,4678.160171645245,402,S4_twin_shock_cex_intervention,indonesia,USDC
921,0.7548723155420278,4561.206167354114,402,S4_twin_shock_cex_intervention,indonesia,USDC
922,0.7527875377268697,4447.176013170261,402,S4_twin_shock_cex_intervention,indonesia,USDC
923,0.7880847261695331,4335.996612841004,402,S4_twin_shock_cex_intervention,indonesia,USDC
924,0.7796424711922785,4227.596697519979,402,S4_twin_shock_cex_intervention,indonesia,USDC
925,0.7870954742011457,4121.906780081979,402,S4_twin_shock_cex_intervention,indonesia,USDC
926,0.7783106937184776,4018.8591105799296,402,S4_twin_shock_cex_intervention,indonesia,USDC
927,0.7832624069170405,3918.387632815432,402,S4_twin_shock_cex_intervention,indonesia,USDC
928,0.7791400415261449,3820.427941995046,402,S4_twin_shock_cex_intervention,indonesia,USDC
929,0.7717184546870045,3724.9172434451693,402,S4_twin_shock_cex_intervention,indonesia,USDC
930,0.7907233997376341,3631.7943123590403,402,S4_twin_shock_cex_intervention,indonesia,USDC
931,0.7982468365497005,3540.999454550064,402,S4_twin_shock_cex_intervention,indonesia,USDC
932,0.8089978741893934,3452.474468186313,402,S4_twin_shock_cex_intervention,indonesia,USDC
933,0.7960169168062324,3366.1626064816546,402,S4_twin_shock_cex_intervention,indonesia,USDC
934,0.7817718377864652,3282.0085413196134,402,S4_twin_shock_cex_intervention,indonesia,USDC
935,0.756471102044674,3199.958327786623,402,S4_twin_shock_cex_intervention,indonesia,USDC
936,0.7845000474631201,3119.9593695919575,402,S4_twin_shock_cex_intervention,indonesia,USDC
937,0.7874691256371552,3041.9603853521585,402,S4_twin_shock_cex_intervention,indonesia,USDC
938,0.7756492930641717,2965.911375718355,402,S4_twin_shock_cex_intervention,indonesia,USDC
939,0.7577228962253338,2891.763591325396,402,S4_twin_shock_cex_intervention,indonesia,USDC
940,0.7343234894878571,2819.4695015422612,402,S4_twin_shock_cex_intervention,indonesia,USDC
941,0.73923691968524,2748.9827640037047,402,S4_twin_shock_cex_intervention,indonesia,USDC
942,0.7240764861248464,2680.258194903612,402,S4_twin_shock_cex_intervention,indonesia,USDC
943,0.7347181096371272,2613.2517400310217,402,S4_twin_shock_cex_intervention,indonesia,USDC
944,0.7310176995318992,2547.9204465302464,402,S4_twin_shock_cex_intervention,indonesia,USDC
945,0.7318981175898305,2484.22243536699,402,S4_twin_shock_cex_intervention,indonesia,USDC
946,0.7422212916465434,2422.1168744828155,402,S4_twin_shock_cex_intervention,indonesia,USDC
947,0.7650272879369596,2361.563952620745,402,S4_twin_shock_cex_intervention,indonesia,USDC
948,0.7780845800540195,2302.524853805226,402,S4_twin_shock_cex_intervention,indonesia,USDC
949,0.7770380324789983,2244.9617324600954,402,S4_twin_shock_cex_intervention,indonesia,USDC
950,0.6642707477616114,2188.837689148593,402,S4_twin_shock_cex_intervention,indonesia,USDC
951,0.6664548907445906,2134.116746919878,402,S4_twin_shock_cex_intervention,indonesia,USDC
952,0.6178680748597399,2080.763828246881,402,S4_twin_shock_cex_intervention,indonesia,USDC
953,0.6431870035868008,2028.744732540709,402,S4_twin_shock_cex_intervention,indonesia,USDC
954,0.6705397454207382,1978.0261142271916,402,S4_twin_shock_cex_intervention,indonesia,USDC
955,0.6929934164488007,1928.5754613715114,402,S4_twin_shock_cex_intervention,indonesia,USDC
956,0.6875468094308224,1880.3610748372237,402,S4_twin_shock_cex_intervention,indonesia,USDC
957,0.6925843583448752,1833.3520479662932,402,S4_twin_shock_cex_intervention,indonesia,USDC
958,0.7111095191481502,1787.5182467671357,402,S4_twin_shock_cex_intervention,indonesia,USDC
959,0.7295865137357553,1742.8302905979576,402,S4_twin_shock_cex_intervention,indonesia,USDC
960,0.729786521129156,1699.2595333330087,402,S4_twin_shock_cex_intervention,indonesia,USDC
961,0.7545610675818941,1656.7780449996835,402,S4_twin_shock_cex_intervention,indonesia,USDC
962,0.7531276285024594,1615.3585938746915,402,S4_twin_shock_cex_intervention,indonesia,USDC
963,0.7440149736033993,1574.974629027824,402,S4_twin_shock_cex_intervention,indonesia,USDC
964,0.7495831906573805,1535.6002633021285,402,S4_twin_shock_cex_intervention,indonesia,USDC
965,0.7630554806072067,1497.2102567195752,402,S4_twin_shock_cex_intervention,indonesia,USDC
966,0.7775904037311836,1459.780000301586,402,S4_twin_shock_cex_intervention,indonesia,USDC
967,0.7897726364680888,1423.2855002940464,402,S4_twin_shock_cex_intervention,indonesia,USDC
968,0.797702460503833,1387.7033627866952,402,S4_twin_shock_cex_intervention,indonesia,USDC
969,0.7860283966707449,1353.0107787170277,402,S4_twin_shock_cex_intervention,indonesia,USDC
970,0.8127722319236166,1319.185509249102,402,S4_twin_shock_cex_intervention,indonesia,USDC
971,0.7826356565979146,1286.2058715178744,402,S4_twin_shock_cex_intervention,indonesia,USDC
972,0.7892973054850182,1254.0507247299277,402,S4_twin_shock_cex_intervention,indonesia,USDC
973,0.7734356553620393,1222.6994566116794,402,S4_twin_shock_cex_intervention,indonesia,USDC
974,0.7780662337977825,1192.1319701963873,402,S4_twin_shock_cex_intervention,indonesia,USDC
975,0.8020919292545148,1162.3286709414779,402,S4_twin_shock_cex_intervention,indonesia,USDC
976,0.8157394378618418,1133.270454167941,402,S4_twin_shock_cex_intervention,indonesia,USDC
977,0.8229129563304097,1104.9386928137421,402,S4_twin_shock_cex_intervention,indonesia,USDC
978,0.8159467857911417,1077.3152254933987,402,S4_twin_shock_cex_intervention,indonesia,USDC
979,0.8203498992698295,1050.3823448560638,402,S4_twin_shock_cex_intervention,indonesia,USDC
980,0.8223292804031329,1024.1227862346623,402,S4_twin_shock_cex_intervention,indonesia,USDC
981,0.8174704936448834,998.5197165787956,402,S4_twin_shock_cex_intervention,indonesia,USDC
982,0.7901205255577782,973.5567236643258,402,S4_twin_shock_cex_intervention,indonesia,USDC
983,0.7954830867547312,949.2178055727177,402,S4_twin_shock_cex_intervention,indonesia,USDC
984,0.7879485638479127,925.4873604333998,402,S4_twin_shock_cex_intervention,indonesia,USDC
985,0.7705825951993827,902.3501764225648,402,S4_twin_shock_cex_intervention,indonesia,USDC
986,0.7724561261731043,879.7914220120006,402,S4_twin_shock_cex_intervention,indonesia,USDC
987,0.7615306127688893,857.7966364617007,402,S4_twin_shock_cex_intervention,indonesia,USDC
988,0.7687916834264825,836.3517205501582,402,S4_twin_shock_cex_intervention,indonesia,USDC
989,0.7690445308934272,815.4429275364043,402,S4_twin_shock_cex_intervention,indonesia,USDC
990,0.7607613452971268,795.0568543479942,402,S4_twin_shock_cex_intervention,indonesia,USDC
991,0.7151947616325738,775.1804329892943,402,S4_twin_shock_cex_intervention,indonesia,USDC
992,0.7080165140126137,755.800922164562,402,S4_twin_shock_cex_intervention,indonesia,USDC
993,0.724385902499691,736.905899110448,402,S4_twin_shock_cex_intervention,indonesia,USDC
994,0.7091222786380644,718.4832516326867,402,S4_twin_shock_cex_intervention,indonesia,USDC
995,0.7284327995323564,700.5211703418696,402,S4_twin_shock_cex_intervention,indonesia,USDC
996,0.7274885044208376,683.0081410833228,402,S4_twin_shock_cex_intervention,indonesia,USDC
997,0.7347521714560031,665.9329375562397,402,S4_twin_shock_cex_intervention,indonesia,USDC
998,0.7308200584133163,649.2846141173338,402,S4_twin_shock_cex_intervention,indonesia,USDC
999,0.7183792788166022,633.0524987644003,402,S4_twin_shock_cex_intervention,indonesia,USDC
1000,0.7180812264197048,617.2261862952903,402,S4_twin_shock_cex_intervention,indonesia,USDC
