Step,price,liquidity,iteration,scenario,region,coin
1,250001.02194954836,2988791117393.419,377,S4_twin_shock_cex_intervention,indonesia,USDC
2,187502.0,2988800492393.419,377,S4_twin_shock_cex_intervention,indonesia,USDC
3,140627.0,2988807523643.419,377,S4_twin_shock_cex_intervention,indonesia,USDC
4,105470.75,2988812797080.919,377,S4_twin_shock_cex_intervention,indonesia,USDC
5,79103.5625,2988816752159.044,377,S4_twin_shock_cex_intervention,indonesia,USDC
6,59328.171875,2988819718467.6377,377,S4_twin_shock_cex_intervention,indonesia,USDC
7,44496.62890625,2988821943199.083,377,S4_twin_shock_cex_intervention,indonesia,USDC
8,33372.9716796875,2988823611747.667,377,S4_twin_shock_cex_intervention,indonesia,USDC
9,25030.228759765625,2988824863159.105,377,S4_twin_shock_cex_intervention,indonesia,USDC
10,18773.17156982422,2988825801717.6836,377,S4_twin_shock_cex_intervention,indonesia,USDC
11,14080.378677368164,2988826505636.617,377,S4_twin_shock_cex_intervention,indonesia,USDC
12,10560.784008026123,2988827033575.818,377,S4_twin_shock_cex_intervention,indonesia,USDC
13,7921.088006019592,2988827429530.218,377,S4_twin_shock_cex_intervention,indonesia,USDC
14,5941.316004514694,2988827726496.0186,377,S4_twin_shock_cex_intervention,indonesia,USDC
15,4456.487003386021,2988827949220.3687,377,S4_twin_shock_cex_intervention,indonesia,USDC
16,3342.8652525395155,2988828116263.631,377,S4_twin_shock_cex_intervention,indonesia,USDC
17,2507.6489394046366,2988828241546.078,377,S4_twin_shock_cex_intervention,indonesia,USDC
18,1881.2367045534775,2988828335507.913,377,S4_twin_shock_cex_intervention,indonesia,USDC
19,1411.427528415108,2988828405979.29,377,S4_twin_shock_cex_intervention,indonesia,USDC
20,1059.070646311331,2988828458832.8223,377,S4_twin_shock_cex_intervention,indonesia,USDC
21,794.8029847334983,2988828498472.971,377,S4_twin_shock_cex_intervention,indonesia,USDC
22,596.6022385501237,2988828528203.0835,377,S4_twin_shock_cex_intervention,indonesia,USDC
23,447.9516789125928,2988828550500.667,377,S4_twin_shock_cex_intervention,indonesia,USDC
24,336.4637591844446,2988828567223.8555,377,S4_twin_shock_cex_intervention,indonesia,USDC
25,252.84781938833345,2988828579766.246,377,S4_twin_shock_cex_intervention,indonesia,USDC
26,190.1358645412501,2988828589173.0396,377,S4_twin_shock_cex_intervention,indonesia,USDC
27,143.1018984059376,2988828596228.135,377,S4_twin_shock_cex_intervention,indonesia,USDC
28,107.82642380445319,2988828601519.4556,377,S4_twin_shock_cex_intervention,indonesia,USDC
29,81.3698178533399,2988828605487.947,377,S4_twin_shock_cex_intervention,indonesia,USDC
30,61.52736339000492,2988828608464.3145,377,S4_twin_shock_cex_intervention,indonesia,USDC
31,46.6455225425037,2988828610696.591,377,S4_twin_shock_cex_intervention,indonesia,USDC
32,35.484141906877774,2988828612370.798,377,S4_twin_shock_cex_intervention,indonesia,USDC
33,27.11310643015833,2988828613626.453,377,S4_twin_shock_cex_intervention,indonesia,USDC
34,20.834829822618744,2988828614568.195,377,S4_twin_shock_cex_intervention,indonesia,USDC
35,16.12612236696406,2988828615274.501,377,S4_twin_shock_cex_intervention,indonesia,USDC
36,12.594591775223044,2988828615804.2305,377,S4_twin_shock_cex_intervention,indonesia,USDC
37,9.945943831417281,2988828616201.528,377,S4_twin_shock_cex_intervention,indonesia,USDC
38,7.959457873562963,2988828616499.501,377,S4_twin_shock_cex_intervention,indonesia,USDC
39,6.469593405172222,2988828616722.9805,377,S4_twin_shock_cex_intervention,indonesia,USDC
40,5.352195053879166,2988828616890.59,377,S4_twin_shock_cex_intervention,indonesia,USDC
41,4.514146290409375,2988828617016.2974,377,S4_twin_shock_cex_intervention,indonesia,USDC
42,3.8856097178070312,2988828617110.578,377,S4_twin_shock_cex_intervention,indonesia,USDC
43,3.414207288355273,2988828617181.288,377,S4_twin_shock_cex_intervention,indonesia,USDC
44,3.060655466266455,2988828617234.3213,377,S4_twin_shock_cex_intervention,indonesia,USDC
45,2.795491599699841,2988828617274.0957,377,S4_twin_shock_cex_intervention,indonesia,USDC
46,2.596618699774881,2988828617303.9263,377,S4_twin_shock_cex_intervention,indonesia,USDC
47,2.4474640248311608,2988828617326.3,377,S4_twin_shock_cex_intervention,indonesia,USDC
48,2.3355980186233705,2988828617343.0796,377,S4_twin_shock_cex_intervention,indonesia,USDC
49,2.251698513967528,2988828617355.664,377,S4_twin_shock_cex_intervention,indonesia,USDC
50,2.188773885475646,2988828617365.103,377,S4_twin_shock_cex_intervention,indonesia,USDC
51,2.1415804141067345,2988828617372.1816,377,S4_twin_shock_cex_intervention,indonesia,USDC
52,2.106185310580051,2988828617377.491,377,S4_twin_shock_cex_intervention,indonesia,USDC
53,2.0634168569202744,2988828617381.473,377,S4_twin_shock_cex_intervention,indonesia,USDC
54,1.980216466798503,2988828617384.4595,377,S4_twin_shock_cex_intervention,indonesia,USDC
55,1.871981001007721,2988828617386.699,377,S4_twin_shock_cex_intervention,indonesia,USDC
56,1.8772464712555021,2988828617388.379,377,S4_twin_shock_cex_intervention,indonesia,USDC
57,1.8631626629546416,2988828617389.6387,377,S4_twin_shock_cex_intervention,indonesia,USDC
58,1.7610115560261463,2988828617390.5835,377,S4_twin_shock_cex_intervention,indonesia,USDC
59,1.6905360353077241,2988828617391.292,377,S4_twin_shock_cex_intervention,indonesia,USDC
60,1.6722497599956454,2988828617391.8237,377,S4_twin_shock_cex_intervention,indonesia,USDC
61,1.624744821882123,2988828617392.2227,377,S4_twin_shock_cex_intervention,indonesia,USDC
62,1.5231335045224774,2988828617392.5215,377,S4_twin_shock_cex_intervention,indonesia,USDC
63,1.481085738572728,2988828617392.745,377,S4_twin_shock_cex_intervention,indonesia,USDC
64,1.4179682766984514,2988828617392.9136,377,S4_twin_shock_cex_intervention,indonesia,USDC
65,1.3854506145860945,2988828617393.0396,377,S4_twin_shock_cex_intervention,indonesia,USDC
66,1.381232789908658,2988828617393.134,377,S4_twin_shock_cex_intervention,indonesia,USDC
67,1.3305742235402624,2988828617393.205,377,S4_twin_shock_cex_intervention,indonesia,USDC
68,1.3041743538202983,2988828617393.258,377,S4_twin_shock_cex_intervention,indonesia,USDC
69,1.2560406052325161,2988828617393.298,377,S4_twin_shock_cex_intervention,indonesia,USDC
70,1.2390536633474583,2988828617393.328,377,S4_twin_shock_cex_intervention,indonesia,USDC
71,1.2461723923638286,2988828617393.3506,377,S4_twin_shock_cex_intervention,indonesia,USDC
72,1.2624706111267217,2988828617393.367,377,S4_twin_shock_cex_intervention,indonesia,USDC
73,1.25877868610462,2988828617393.38,377,S4_twin_shock_cex_intervention,indonesia,USDC
74,1.2450527038887176,2988828617393.389,377,S4_twin_shock_cex_intervention,indonesia,USDC
75,1.2457695354084857,2988828617393.396,377,S4_twin_shock_cex_intervention,indonesia,USDC
76,1.2459776816541184,2988828617393.4014,377,S4_twin_shock_cex_intervention,indonesia,USDC
77,1.2658615170859708,2988828617393.406,377,S4_twin_shock_cex_intervention,indonesia,USDC
78,1.2340548225121986,2988828617393.4087,377,S4_twin_shock_cex_intervention,indonesia,USDC
79,1.2190144472719444,2988828617393.4106,377,S4_twin_shock_cex_intervention,indonesia,USDC
80,1.251275037400901,2988828617393.4126,377,S4_twin_shock_cex_intervention,indonesia,USDC
81,1.177776229733841,2988828617393.4136,377,S4_twin_shock_cex_intervention,indonesia,USDC
82,1.173584382794266,2988828617393.415,377,S4_twin_shock_cex_intervention,indonesia,USDC
83,1.169736685489117,2988828617393.4155,377,S4_twin_shock_cex_intervention,indonesia,USDC
84,1.1246077003648993,2988828617393.416,377,S4_twin_shock_cex_intervention,indonesia,USDC
85,1.065369487583341,2988828617393.416,377,S4_twin_shock_cex_intervention,indonesia,USDC
86,1.0550933020854236,2988828617393.4165,377,S4_twin_shock_cex_intervention,indonesia,USDC
87,1.0447858869592734,2988828617393.417,377,S4_twin_shock_cex_intervention,indonesia,USDC
88,1.0393360007410828,2988828617393.417,377,S4_twin_shock_cex_intervention,indonesia,USDC
89,1.0323361606533137,2988828617393.417,377,S4_twin_shock_cex_intervention,indonesia,USDC
90,1.0292127981510493,2988828617393.417,377,S4_twin_shock_cex_intervention,indonesia,USDC
91,1.0580483326379664,2988828617393.417,377,S4_twin_shock_cex_intervention,indonesia,USDC
92,1.0467024878602753,2988828617393.417,377,S4_twin_shock_cex_intervention,indonesia,USDC
93,1.0518234102383197,2988828617393.417,377,S4_twin_shock_cex_intervention,indonesia,USDC
94,1.054982533421567,2988828617393.417,377,S4_twin_shock_cex_intervention,indonesia,USDC
95,1.0356797519535719,2988828617393.417,377,S4_twin_shock_cex_intervention,indonesia,USDC
96,1.0314119159447095,2988828617393.417,377,S4_twin_shock_cex_intervention,indonesia,USDC
97,1.0282299093390463,2988828617393.417,377,S4_twin_shock_cex_intervention,indonesia,USDC
98,0.9904003199152441,2988828617393.417,377,S4_twin_shock_cex_intervention,indonesia,USDC
99,0.9855942107730409,2988828617393.417,377,S4_twin_shock_cex_intervention,indonesia,USDC
100,1.0114147964006108,2988828617393.417,377,S4_twin_shock_cex_intervention,indonesia,USDC
101,0.8610075154791991,2988828617393.417,377,S4_twin_shock_cex_intervention,indonesia,USDC
102,0.8356102748899399,2982516687890.6484,377,S4_twin_shock_cex_intervention,indonesia,USDC
103,0.8694693079109668,2975533351108.921,377,S4_twin_shock_cex_intervention,indonesia,USDC
104,0.8979686683771312,2970902376026.038,377,S4_twin_shock_cex_intervention,indonesia,USDC
105,0.9247993424892519,2967851960178.5283,377,S4_twin_shock_cex_intervention,indonesia,USDC
106,0.9568802719170784,2966184793477.1167,377,S4_twin_shock_cex_intervention,indonesia,USDC
107,0.974032903978059,2965679532783.8843,377,S4_twin_shock_cex_intervention,indonesia,USDC
108,0.9661510664713935,2965679532783.8843,377,S4_twin_shock_cex_intervention,indonesia,USDC
109,0.9657150598145033,2965597606480.2446,377,S4_twin_shock_cex_intervention,indonesia,USDC
110,0.9840678291762095,2965478365244.342,377,S4_twin_shock_cex_intervention,indonesia,USDC
111,0.986599120308387,2965478365244.342,377,S4_twin_shock_cex_intervention,indonesia,USDC
112,0.8710623487029029,2965478365244.342,377,S4_twin_shock_cex_intervention,indonesia,USDC
113,0.870645517542562,2961983763849.9346,377,S4_twin_shock_cex_intervention,indonesia,USDC
114,0.9159636809501216,2958660999479.0513,377,S4_twin_shock_cex_intervention,indonesia,USDC
115,0.9259672704589306,2956999110699.2603,377,S4_twin_shock_cex_intervention,indonesia,USDC
116,0.9388492810934214,2955756111766.035,377,S4_twin_shock_cex_intervention,indonesia,USDC
117,0.9439581190735822,2954947907295.562,377,S4_twin_shock_cex_intervention,indonesia,USDC
118,0.9538020065274115,2954297016517.5835,377,S4_twin_shock_cex_intervention,indonesia,USDC
119,0.9619045055588398,2953932369593.928,377,S4_twin_shock_cex_intervention,indonesia,USDC
120,0.962326715375325,2953755663953.9375,377,S4_twin_shock_cex_intervention,indonesia,USDC
121,0.9750021153444598,2879735200394.788,377,S4_twin_shock_cex_intervention,indonesia,USDC
122,0.9194538750815011,2807741820384.9185,377,S4_twin_shock_cex_intervention,indonesia,USDC
123,0.9240601598530238,2736357851466.897,377,S4_twin_shock_cex_intervention,indonesia,USDC
124,0.9099350746089281,2666892616013.3564,377,S4_twin_shock_cex_intervention,indonesia,USDC
125,0.8953837307251724,2598865397770.4966,377,S4_twin_shock_cex_intervention,indonesia,USDC
126,0.8690697995519694,2532314845412.676,377,S4_twin_shock_cex_intervention,indonesia,USDC
127,0.8348041716019986,2467035530101.7505,377,S4_twin_shock_cex_intervention,indonesia,USDC
128,0.8526862058133429,2403090026613.9546,377,S4_twin_shock_cex_intervention,indonesia,USDC
129,0.8612898758144848,2341234237608.5933,377,S4_twin_shock_cex_intervention,indonesia,USDC
130,0.8647898658002783,2281316304730.137,377,S4_twin_shock_cex_intervention,indonesia,USDC
131,0.8319442852414772,2223112141800.6953,377,S4_twin_shock_cex_intervention,indonesia,USDC
132,0.8142870086994421,2166058588760.214,377,S4_twin_shock_cex_intervention,indonesia,USDC
133,0.8057390903292,2110479527092.8174,377,S4_twin_shock_cex_intervention,indonesia,USDC
134,0.8207641290704393,2056453324440.5752,377,S4_twin_shock_cex_intervention,indonesia,USDC
135,0.8146501899623331,2004087916454.71,377,S4_twin_shock_cex_intervention,indonesia,USDC
136,0.7547927285936887,1953145356178.5415,377,S4_twin_shock_cex_intervention,indonesia,USDC
137,0.7639287141831383,1903394707807.0398,377,S4_twin_shock_cex_intervention,indonesia,USDC
138,0.7687693747002363,1855111913699.4219,377,S4_twin_shock_cex_intervention,indonesia,USDC
139,0.7607947588926355,1808166993662.8696,377,S4_twin_shock_cex_intervention,indonesia,USDC
140,0.7599576364718398,1762493248249.3071,377,S4_twin_shock_cex_intervention,indonesia,USDC
141,0.7695691284028926,1718051930503.9702,377,S4_twin_shock_cex_intervention,indonesia,USDC
142,0.7635861810225832,1674828254117.3467,377,S4_twin_shock_cex_intervention,indonesia,USDC
143,0.7465689066297777,1632732768773.9946,377,S4_twin_shock_cex_intervention,indonesia,USDC
144,0.7495112096869543,1591716966135.6357,377,S4_twin_shock_cex_intervention,indonesia,USDC
145,0.7482167669210822,1551776008941.7842,377,S4_twin_shock_cex_intervention,indonesia,USDC
146,0.7540378566223207,1512860761163.752,377,S4_twin_shock_cex_intervention,indonesia,USDC
147,0.7676383404446069,1474953641062.4827,377,S4_twin_shock_cex_intervention,indonesia,USDC
148,0.7528390957690768,1438013841558.275,377,S4_twin_shock_cex_intervention,indonesia,USDC
149,0.770303320650467,1402006152372.898,377,S4_twin_shock_cex_intervention,indonesia,USDC
150,0.7966772336727238,1366916663632.6377,377,S4_twin_shock_cex_intervention,indonesia,USDC
151,0.7745815496069287,1332715826335.0688,377,S4_twin_shock_cex_intervention,indonesia,USDC
152,0.7624145713611181,1299371430766.5085,377,S4_twin_shock_cex_intervention,indonesia,USDC
153,0.7692267374461921,1266865952665.788,377,S4_twin_shock_cex_intervention,indonesia,USDC
154,0.6945205656660384,1235177293406.0977,377,S4_twin_shock_cex_intervention,indonesia,USDC
155,0.706259934979121,1204278879937.4414,377,S4_twin_shock_cex_intervention,indonesia,USDC
156,0.7047863431368686,1174158896586.4038,377,S4_twin_shock_cex_intervention,indonesia,USDC
157,0.7186692870880479,1144795582366.6685,377,S4_twin_shock_cex_intervention,indonesia,USDC
158,0.7183362356549629,1116169085446.6045,377,S4_twin_shock_cex_intervention,indonesia,USDC
159,0.7244327829509778,1088260230764.4033,377,S4_twin_shock_cex_intervention,indonesia,USDC
160,0.7353980967686049,1061050180579.8783,377,S4_twin_shock_cex_intervention,indonesia,USDC
161,0.7271922893689584,1034521382076.3062,377,S4_twin_shock_cex_intervention,indonesia,USDC
162,0.7389083845411994,1008656415546.5676,377,S4_twin_shock_cex_intervention,indonesia,USDC
163,0.7383937229971538,983438571964.4724,377,S4_twin_shock_cex_intervention,indonesia,USDC
164,0.7338463303815197,958851458625.9106,377,S4_twin_shock_cex_intervention,indonesia,USDC
165,0.6253026959196998,934879314808.8394,377,S4_twin_shock_cex_intervention,indonesia,USDC
166,0.6627986607483755,911506334821.8445,377,S4_twin_shock_cex_intervention,indonesia,USDC
167,0.6606180406935374,888718103589.5725,377,S4_twin_shock_cex_intervention,indonesia,USDC
168,0.6702022600682118,866499764216.7814,377,S4_twin_shock_cex_intervention,indonesia,USDC
169,0.6938317139980075,844837017126.6375,377,S4_twin_shock_cex_intervention,indonesia,USDC
170,0.713688010810776,823715925136.6873,377,S4_twin_shock_cex_intervention,indonesia,USDC
171,0.7222078660978556,803122917873.6016,377,S4_twin_shock_cex_intervention,indonesia,USDC
172,0.746574255535983,783044764441.5554,377,S4_twin_shock_cex_intervention,indonesia,USDC
173,0.7662347731397067,763468591141.6545,377,S4_twin_shock_cex_intervention,indonesia,USDC
174,0.7818235772407015,744381838089.8623,377,S4_twin_shock_cex_intervention,indonesia,USDC
175,0.7813013193923563,725772265171.0876,377,S4_twin_shock_cex_intervention,indonesia,USDC
176,0.7882669018522097,707627935963.4907,377,S4_twin_shock_cex_intervention,indonesia,USDC
177,0.7671632340631218,689937220270.7208,377,S4_twin_shock_cex_intervention,indonesia,USDC
178,0.746136912051495,672688773557.6602,377,S4_twin_shock_cex_intervention,indonesia,USDC
179,0.7475628395640378,655871539623.3018,377,S4_twin_shock_cex_intervention,indonesia,USDC
180,0.787117134015982,639474739685.3837,377,S4_twin_shock_cex_intervention,indonesia,USDC
181,0.7977747576722689,623487864213.4377,377,S4_twin_shock_cex_intervention,indonesia,USDC
182,0.7919648999023946,607900662245.9111,377,S4_twin_shock_cex_intervention,indonesia,USDC
183,0.8025072188360397,592703141174.0323,377,S4_twin_shock_cex_intervention,indonesia,USDC
184,0.7948505182758218,577885559055.2551,377,S4_twin_shock_cex_intervention,indonesia,USDC
185,0.799171010303606,563438417014.7992,377,S4_twin_shock_cex_intervention,indonesia,USDC
186,0.7923948182898354,549352454109.5272,377,S4_twin_shock_cex_intervention,indonesia,USDC
187,0.7750832533648361,535618640471.566,377,S4_twin_shock_cex_intervention,indonesia,USDC
188,0.8053610627148482,522228172411.0126,377,S4_twin_shock_cex_intervention,indonesia,USDC
189,0.809890039625311,509172466717.9606,377,S4_twin_shock_cex_intervention,indonesia,USDC
190,0.8258077861552967,496443153956.8179,377,S4_twin_shock_cex_intervention,indonesia,USDC
191,0.8043660704976756,484032074298.16125,377,S4_twin_shock_cex_intervention,indonesia,USDC
192,0.8027123051880649,471931271659.6511,377,S4_twin_shock_cex_intervention,indonesia,USDC
193,0.7934601580573037,460132989205.9895,377,S4_twin_shock_cex_intervention,indonesia,USDC
194,0.7598028618254028,448629663890.163,377,S4_twin_shock_cex_intervention,indonesia,USDC
195,0.7681004485056134,437413921702.1467,377,S4_twin_shock_cex_intervention,indonesia,USDC
196,0.7734576099539281,426478573202.17444,377,S4_twin_shock_cex_intervention,indonesia,USDC
197,0.7800133892396067,415816608510.62646,377,S4_twin_shock_cex_intervention,indonesia,USDC
198,0.775149899941277,405421193035.35956,377,S4_twin_shock_cex_intervention,indonesia,USDC
199,0.771798581383137,395285662989.8861,377,S4_twin_shock_cex_intervention,indonesia,USDC
200,0.770768784480643,385403521230.2178,377,S4_twin_shock_cex_intervention,indonesia,USDC
201,0.759083411843634,375768433046.9634,377,S4_twin_shock_cex_intervention,indonesia,USDC
202,0.7626868314437022,366374222089.6551,377,S4_twin_shock_cex_intervention,indonesia,USDC
203,0.7563775535043494,357214866436.5465,377,S4_twin_shock_cex_intervention,indonesia,USDC
204,0.7752259643634225,348284494696.9875,377,S4_twin_shock_cex_intervention,indonesia,USDC
205,0.7759247044426089,339577382274.2304,377,S4_twin_shock_cex_intervention,indonesia,USDC
206,0.7542656494987708,331087947670.85565,377,S4_twin_shock_cex_intervention,indonesia,USDC
207,0.7724575512780839,322810748938.2922,377,S4_twin_shock_cex_intervention,indonesia,USDC
208,0.7736293333728134,314740480184.3293,377,S4_twin_shock_cex_intervention,indonesia,USDC
209,0.7524708572532789,306871968156.07025,377,S4_twin_shock_cex_intervention,indonesia,USDC
210,0.7604640525315609,299200168930.7214,377,S4_twin_shock_cex_intervention,indonesia,USDC
211,0.7630250293663213,291720164692.34326,377,S4_twin_shock_cex_intervention,indonesia,USDC
212,0.7741023183253937,284427160562.6695,377,S4_twin_shock_cex_intervention,indonesia,USDC
213,0.7878628014828263,277316481539.517,377,S4_twin_shock_cex_intervention,indonesia,USDC
214,0.7806657112608191,270383569494.37506,377,S4_twin_shock_cex_intervention,indonesia,USDC
215,0.7779492528663752,263623980251.0766,377,S4_twin_shock_cex_intervention,indonesia,USDC
216,0.7832352296651265,257033380739.9312,377,S4_twin_shock_cex_intervention,indonesia,USDC
217,0.8098242202236727,250607546217.77533,377,S4_twin_shock_cex_intervention,indonesia,USDC
218,0.8118070330373692,244342357559.6048,377,S4_twin_shock_cex_intervention,indonesia,USDC
219,0.8161512844028603,238233798618.45337,377,S4_twin_shock_cex_intervention,indonesia,USDC
220,0.8343903486345244,232277953651.2203,377,S4_twin_shock_cex_intervention,indonesia,USDC
221,0.8170420829378601,226471004808.61835,377,S4_twin_shock_cex_intervention,indonesia,USDC
222,0.8192106806198597,220809229687.1385,377,S4_twin_shock_cex_intervention,indonesia,USDC
223,0.8225087821273845,215288998943.8985,377,S4_twin_shock_cex_intervention,indonesia,USDC
224,0.7992208343477462,209906773969.3956,377,S4_twin_shock_cex_intervention,indonesia,USDC
225,0.8141984404903743,204659104619.2829,377,S4_twin_shock_cex_intervention,indonesia,USDC
226,0.8071575591987659,199542627003.10437,377,S4_twin_shock_cex_intervention,indonesia,USDC
227,0.7650191329767759,194554061327.40176,377,S4_twin_shock_cex_intervention,indonesia,USDC
228,0.7888027276931298,189690209793.5996,377,S4_twin_shock_cex_intervention,indonesia,USDC
229,0.7950684069996018,184947954548.2962,377,S4_twin_shock_cex_intervention,indonesia,USDC
230,0.8191699013965705,180324255684.2318,377,S4_twin_shock_cex_intervention,indonesia,USDC
231,0.8034684658766377,175816149291.8833,377,S4_twin_shock_cex_intervention,indonesia,USDC
232,0.8366182609988682,171420745559.3572,377,S4_twin_shock_cex_intervention,indonesia,USDC
233,0.8301237629933022,167135226920.21637,377,S4_twin_shock_cex_intervention,indonesia,USDC
234,0.8224767183705937,162956846247.0653,377,S4_twin_shock_cex_intervention,indonesia,USDC
235,0.8237358026910274,158882925090.75394,377,S4_twin_shock_cex_intervention,indonesia,USDC
236,0.8154313834230378,154910851963.37418,377,S4_twin_shock_cex_intervention,indonesia,USDC
237,0.797924140135056,151038080664.18777,377,S4_twin_shock_cex_intervention,indonesia,USDC
238,0.7730785843116867,147262128647.49323,377,S4_twin_shock_cex_intervention,indonesia,USDC
239,0.7610682988844114,143580575431.21484,377,S4_twin_shock_cex_intervention,indonesia,USDC
240,0.7365069962835011,139991061045.36188,377,S4_twin_shock_cex_intervention,indonesia,USDC
241,0.7591475590231318,136491284519.1618,377,S4_twin_shock_cex_intervention,indonesia,USDC
242,0.748655368755468,133079002406.13611,377,S4_twin_shock_cex_intervention,indonesia,USDC
243,0.7536115423799348,129752027345.94342,377,S4_twin_shock_cex_intervention,indonesia,USDC
244,0.7650992017529366,126508226662.26578,377,S4_twin_shock_cex_intervention,indonesia,USDC
245,0.7729697362960062,123345520995.68803,377,S4_twin_shock_cex_intervention,indonesia,USDC
246,0.7896918684531377,120261882970.77936,377,S4_twin_shock_cex_intervention,indonesia,USDC
247,0.7951865347069926,117255335896.49828,377,S4_twin_shock_cex_intervention,indonesia,USDC
248,0.7934514380807299,114323952499.07617,377,S4_twin_shock_cex_intervention,indonesia,USDC
249,0.785442840925201,111465853686.59158,377,S4_twin_shock_cex_intervention,indonesia,USDC
250,0.754649051529298,108679207344.41985,377,S4_twin_shock_cex_intervention,indonesia,USDC
251,0.733414934697507,105962227160.80286,377,S4_twin_shock_cex_intervention,indonesia,USDC
252,0.7432235468725422,103313171481.77719,377,S4_twin_shock_cex_intervention,indonesia,USDC
253,0.7363882981887205,100730342194.7285,377,S4_twin_shock_cex_intervention,indonesia,USDC
254,0.7456568108085805,98212083639.85698,377,S4_twin_shock_cex_intervention,indonesia,USDC
255,0.7659997094813634,95756781548.85818,377,S4_twin_shock_cex_intervention,indonesia,USDC
256,0.7452584129349731,93362862010.135,377,S4_twin_shock_cex_intervention,indonesia,USDC
257,0.7418507917191022,91028790459.88014,377,S4_twin_shock_cex_intervention,indonesia,USDC
258,0.7297791751863436,88753070698.382,377,S4_twin_shock_cex_intervention,indonesia,USDC
259,0.6530038012848733,86534243930.92154,377,S4_twin_shock_cex_intervention,indonesia,USDC
260,0.6629599622928362,84370887832.64752,377,S4_twin_shock_cex_intervention,indonesia,USDC
261,0.6802374585736191,82261615636.8307,377,S4_twin_shock_cex_intervention,indonesia,USDC
262,0.6979811352751084,80205075245.90953,377,S4_twin_shock_cex_intervention,indonesia,USDC
263,0.7138464112738058,78199948364.7615,377,S4_twin_shock_cex_intervention,indonesia,USDC
264,0.7162339191734812,76244949655.64227,377,S4_twin_shock_cex_intervention,indonesia,USDC
265,0.7405032409077363,74338825914.25108,377,S4_twin_shock_cex_intervention,indonesia,USDC
266,0.7621067139532861,72480355266.39471,377,S4_twin_shock_cex_intervention,indonesia,USDC
267,0.778480743230673,70668346384.73477,377,S4_twin_shock_cex_intervention,indonesia,USDC
268,0.7940299936065972,68901637725.11635,377,S4_twin_shock_cex_intervention,indonesia,USDC
269,0.7997356017613421,67179096781.9884,377,S4_twin_shock_cex_intervention,indonesia,USDC
270,0.803989113227016,65499619362.43866,377,S4_twin_shock_cex_intervention,indonesia,USDC
271,0.8188563193255105,63862128878.37768,377,S4_twin_shock_cex_intervention,indonesia,USDC
272,0.8072258801714547,62265575656.41821,377,S4_twin_shock_cex_intervention,indonesia,USDC
273,0.8303182364571916,60708936265.00775,377,S4_twin_shock_cex_intervention,indonesia,USDC
274,0.8389493575365182,59191212858.382545,377,S4_twin_shock_cex_intervention,indonesia,USDC
275,0.830350112202457,57711432536.92297,377,S4_twin_shock_cex_intervention,indonesia,USDC
276,0.8230670616799785,56268646723.499886,377,S4_twin_shock_cex_intervention,indonesia,USDC
277,0.8351938444203613,54861930555.412384,377,S4_twin_shock_cex_intervention,indonesia,USDC
278,0.8116344287885644,53490382291.52706,377,S4_twin_shock_cex_intervention,indonesia,USDC
279,0.808499011488749,52153122734.23887,377,S4_twin_shock_cex_intervention,indonesia,USDC
280,0.766042553470752,50849294665.8829,377,S4_twin_shock_cex_intervention,indonesia,USDC
281,0.7682537569410659,49578062299.23582,377,S4_twin_shock_cex_intervention,indonesia,USDC
282,0.7529987349520743,48338610741.75492,377,S4_twin_shock_cex_intervention,indonesia,USDC
283,0.7449102732422197,47130145473.21104,377,S4_twin_shock_cex_intervention,indonesia,USDC
284,0.7411859715890231,45951891836.38076,377,S4_twin_shock_cex_intervention,indonesia,USDC
285,0.7576237656520273,44803094540.47124,377,S4_twin_shock_cex_intervention,indonesia,USDC
286,0.7719721518182884,43683017176.95945,377,S4_twin_shock_cex_intervention,indonesia,USDC
287,0.7734583750863315,42590941747.53547,377,S4_twin_shock_cex_intervention,indonesia,USDC
288,0.7905759145798525,41526168203.84708,377,S4_twin_shock_cex_intervention,indonesia,USDC
289,0.7855003538023648,40488013998.7509,377,S4_twin_shock_cex_intervention,indonesia,USDC
290,0.7888931809442158,39475813648.782135,377,S4_twin_shock_cex_intervention,indonesia,USDC
291,0.8224454631358286,38488918307.56258,377,S4_twin_shock_cex_intervention,indonesia,USDC
292,0.8168116152968069,37526695349.87351,377,S4_twin_shock_cex_intervention,indonesia,USDC
293,0.7805616476007337,36588527966.12668,377,S4_twin_shock_cex_intervention,indonesia,USDC
294,0.7631839642519002,35673814766.97351,377,S4_twin_shock_cex_intervention,indonesia,USDC
295,0.7631013343364065,34781969397.79917,377,S4_twin_shock_cex_intervention,indonesia,USDC
296,0.7447183239364004,33912420162.854187,377,S4_twin_shock_cex_intervention,indonesia,USDC
297,0.7290588936746936,33064609658.782837,377,S4_twin_shock_cex_intervention,indonesia,USDC
298,0.7281841610770886,32237994417.313263,377,S4_twin_shock_cex_intervention,indonesia,USDC
299,0.744402752871963,31432044556.880432,377,S4_twin_shock_cex_intervention,indonesia,USDC
300,0.7507993745341116,30646243442.95842,377,S4_twin_shock_cex_intervention,indonesia,USDC
301,0.7604079354829963,29880087356.88446,377,S4_twin_shock_cex_intervention,indonesia,USDC
302,0.7553292906810066,29133085172.962345,377,S4_twin_shock_cex_intervention,indonesia,USDC
303,0.7649785905176252,28404758043.63829,377,S4_twin_shock_cex_intervention,indonesia,USDC
304,0.7561785947005872,27694639092.547333,377,S4_twin_shock_cex_intervention,indonesia,USDC
305,0.7563966618294289,27002273115.233646,377,S4_twin_shock_cex_intervention,indonesia,USDC
306,0.7694916265447588,26327216287.352806,377,S4_twin_shock_cex_intervention,indonesia,USDC
307,0.6542670816919278,25669035880.168987,377,S4_twin_shock_cex_intervention,indonesia,USDC
308,0.6567286508257651,25027309983.16476,377,S4_twin_shock_cex_intervention,indonesia,USDC
309,0.6758884737088002,24401627233.585644,377,S4_twin_shock_cex_intervention,indonesia,USDC
310,0.6955633017779592,23791586552.746002,377,S4_twin_shock_cex_intervention,indonesia,USDC
311,0.7349181487493519,23196796888.927353,377,S4_twin_shock_cex_intervention,indonesia,USDC
312,0.7685161174619787,22616876966.70417,377,S4_twin_shock_cex_intervention,indonesia,USDC
313,0.7394439512336285,22051455042.536564,377,S4_twin_shock_cex_intervention,indonesia,USDC
314,0.7617914285213744,21500168666.473152,377,S4_twin_shock_cex_intervention,indonesia,USDC
315,0.7711185386916483,20962664449.811325,377,S4_twin_shock_cex_intervention,indonesia,USDC
316,0.777101409397508,20438597838.56604,377,S4_twin_shock_cex_intervention,indonesia,USDC
317,0.7751878759543644,19927632892.60189,377,S4_twin_shock_cex_intervention,indonesia,USDC
318,0.7543224475047458,19429442070.286842,377,S4_twin_shock_cex_intervention,indonesia,USDC
319,0.7470393151232629,18943706018.52967,377,S4_twin_shock_cex_intervention,indonesia,USDC
320,0.7610382366439824,18470113368.06643,377,S4_twin_shock_cex_intervention,indonesia,USDC
321,0.7716507219878143,18008360533.86477,377,S4_twin_shock_cex_intervention,indonesia,USDC
322,0.7630230335186384,17558151520.51815,377,S4_twin_shock_cex_intervention,indonesia,USDC
323,0.7670992901825119,17119197732.505196,377,S4_twin_shock_cex_intervention,indonesia,USDC
324,0.7690679328888177,16691217789.192564,377,S4_twin_shock_cex_intervention,indonesia,USDC
325,0.7698445864339885,16273937344.462753,377,S4_twin_shock_cex_intervention,indonesia,USDC
326,0.7755597769945701,15867088910.851185,377,S4_twin_shock_cex_intervention,indonesia,USDC
327,0.775169170037562,15470411688.079903,377,S4_twin_shock_cex_intervention,indonesia,USDC
328,0.7785638252859599,15083651395.877907,377,S4_twin_shock_cex_intervention,indonesia,USDC
329,0.7696460390021711,14706560110.980959,377,S4_twin_shock_cex_intervention,indonesia,USDC
330,0.7535841206633652,14338896108.206432,377,S4_twin_shock_cex_intervention,indonesia,USDC
331,0.7563742776214987,13980423705.501274,377,S4_twin_shock_cex_intervention,indonesia,USDC
332,0.7593199114363315,13630913112.863743,377,S4_twin_shock_cex_intervention,indonesia,USDC
333,0.7849945042391693,13290140285.042147,377,S4_twin_shock_cex_intervention,indonesia,USDC
334,0.8020266812222622,12957886777.916094,377,S4_twin_shock_cex_intervention,indonesia,USDC
335,0.8289830310024688,12633939608.468191,377,S4_twin_shock_cex_intervention,indonesia,USDC
336,0.8074240595677131,12318091118.256487,377,S4_twin_shock_cex_intervention,indonesia,USDC
337,0.8134975290274699,12010138840.300076,377,S4_twin_shock_cex_intervention,indonesia,USDC
338,0.7985169992623049,11709885369.292574,377,S4_twin_shock_cex_intervention,indonesia,USDC
339,0.7762873737248241,11417138235.060259,377,S4_twin_shock_cex_intervention,indonesia,USDC
340,0.7824547233087297,11131709779.183752,377,S4_twin_shock_cex_intervention,indonesia,USDC
341,0.7865892860394418,10853417034.704159,377,S4_twin_shock_cex_intervention,indonesia,USDC
342,0.7719811586245124,10582081608.836555,377,S4_twin_shock_cex_intervention,indonesia,USDC
343,0.7684559771466704,10317529568.615643,377,S4_twin_shock_cex_intervention,indonesia,USDC
344,0.7806085332202477,10059591329.40025,377,S4_twin_shock_cex_intervention,indonesia,USDC
345,0.7986347803487012,9808101546.165243,377,S4_twin_shock_cex_intervention,indonesia,USDC
346,0.8186065156889769,9562899007.511112,377,S4_twin_shock_cex_intervention,indonesia,USDC
347,0.8332829191792699,9323826532.323334,377,S4_twin_shock_cex_intervention,indonesia,USDC
348,0.8183399470280842,9090730869.015251,377,S4_twin_shock_cex_intervention,indonesia,USDC
349,0.7941849415858446,8863462597.28987,377,S4_twin_shock_cex_intervention,indonesia,USDC
350,0.793134805359706,8641876032.357624,377,S4_twin_shock_cex_intervention,indonesia,USDC
351,0.7929009447553493,8425829131.548682,377,S4_twin_shock_cex_intervention,indonesia,USDC
352,0.7750048937425206,8215183403.259965,377,S4_twin_shock_cex_intervention,indonesia,USDC
353,0.7705552354903351,8009803818.178466,377,S4_twin_shock_cex_intervention,indonesia,USDC
354,0.7958957854152957,7809558722.724004,377,S4_twin_shock_cex_intervention,indonesia,USDC
355,0.7822648867604163,7614319754.655905,377,S4_twin_shock_cex_intervention,indonesia,USDC
356,0.747551640761099,7423961760.789507,377,S4_twin_shock_cex_intervention,indonesia,USDC
357,0.7553094252987559,7238362716.769769,377,S4_twin_shock_cex_intervention,indonesia,USDC
358,0.7420206245719047,7057403648.850524,377,S4_twin_shock_cex_intervention,indonesia,USDC
359,0.7353563925768009,6880968557.629262,377,S4_twin_shock_cex_intervention,indonesia,USDC
360,0.7294404847599978,6708944343.68853,377,S4_twin_shock_cex_intervention,indonesia,USDC
361,0.7392172351042156,6541220735.096317,377,S4_twin_shock_cex_intervention,indonesia,USDC
362,0.7505032576822449,6377690216.718908,377,S4_twin_shock_cex_intervention,indonesia,USDC
363,0.7630814062239378,6218247961.300936,377,S4_twin_shock_cex_intervention,indonesia,USDC
364,0.7679652286271316,6062791762.268413,377,S4_twin_shock_cex_intervention,indonesia,USDC
365,0.7723396470383382,5911221968.211702,377,S4_twin_shock_cex_intervention,indonesia,USDC
366,0.7847219339888305,5763441419.00641,377,S4_twin_shock_cex_intervention,indonesia,USDC
367,0.768259600247896,5619355383.53125,377,S4_twin_shock_cex_intervention,indonesia,USDC
368,0.768188059261857,5478871498.942968,377,S4_twin_shock_cex_intervention,indonesia,USDC
369,0.7625284993598996,5341899711.469395,377,S4_twin_shock_cex_intervention,indonesia,USDC
370,0.7260660383200033,5208352218.682659,377,S4_twin_shock_cex_intervention,indonesia,USDC
371,0.7283815821524791,5078143413.215593,377,S4_twin_shock_cex_intervention,indonesia,USDC
372,0.7391894366058597,4951189827.885203,377,S4_twin_shock_cex_intervention,indonesia,USDC
373,0.7624696170226193,4827410082.188073,377,S4_twin_shock_cex_intervention,indonesia,USDC
374,0.783328780259751,4706724830.133371,377,S4_twin_shock_cex_intervention,indonesia,USDC
375,0.786463356898261,4589056709.380037,377,S4_twin_shock_cex_intervention,indonesia,USDC
376,0.7776671319027918,4474330291.645536,377,S4_twin_shock_cex_intervention,indonesia,USDC
377,0.7674794233094641,4362472034.354398,377,S4_twin_shock_cex_intervention,indonesia,USDC
378,0.7574170686414937,4253410233.4955378,377,S4_twin_shock_cex_intervention,indonesia,USDC
379,0.7689892513388513,4147074977.6581492,377,S4_twin_shock_cex_intervention,indonesia,USDC
380,0.781724538620093,4043398103.216696,377,S4_twin_shock_cex_intervention,indonesia,USDC
381,0.7940951737316183,3942313150.6362786,377,S4_twin_shock_cex_intervention,indonesia,USDC
382,0.7792944569035476,3843755321.8703713,377,S4_twin_shock_cex_intervention,indonesia,USDC
383,0.7987117255122814,3747661438.823612,377,S4_twin_shock_cex_intervention,indonesia,USDC
384,0.7938908734429821,3653969902.853022,377,S4_twin_shock_cex_intervention,indonesia,USDC
385,0.8064634814623258,3562620655.2816973,377,S4_twin_shock_cex_intervention,indonesia,USDC
386,0.8093712526721271,3473555138.8996544,377,S4_twin_shock_cex_intervention,indonesia,USDC
387,0.8098366133992769,3386716260.427163,377,S4_twin_shock_cex_intervention,indonesia,USDC
388,0.8397910164663025,3302048353.916484,377,S4_twin_shock_cex_intervention,indonesia,USDC
389,0.8446595328238966,3219497145.068571,377,S4_twin_shock_cex_intervention,indonesia,USDC
390,0.8122254005130667,3139009716.4418573,377,S4_twin_shock_cex_intervention,indonesia,USDC
391,0.8170505361717005,3060534473.5308104,377,S4_twin_shock_cex_intervention,indonesia,USDC
392,0.8162345049539818,2984021111.69254,377,S4_twin_shock_cex_intervention,indonesia,USDC
393,0.8220890148354789,2909420583.900227,377,S4_twin_shock_cex_intervention,indonesia,USDC
394,0.8036259548170828,2836685069.302721,377,S4_twin_shock_cex_intervention,indonesia,USDC
395,0.7948112169185502,2765767942.570153,377,S4_twin_shock_cex_intervention,indonesia,USDC
396,0.8024273675007693,2696623744.0058994,377,S4_twin_shock_cex_intervention,indonesia,USDC
397,0.7789623192156423,2629208150.405752,377,S4_twin_shock_cex_intervention,indonesia,USDC
398,0.7655786217887045,2563477946.6456084,377,S4_twin_shock_cex_intervention,indonesia,USDC
399,0.7521086009655841,2499390997.9794683,377,S4_twin_shock_cex_intervention,indonesia,USDC
400,0.753921394746102,2436906223.029981,377,S4_twin_shock_cex_intervention,indonesia,USDC
401,0.7723575025409967,2375983567.4542317,377,S4_twin_shock_cex_intervention,indonesia,USDC
402,0.7639152895718635,2316583978.267876,377,S4_twin_shock_cex_intervention,indonesia,USDC
403,0.7847535656486883,2258669378.811179,377,S4_twin_shock_cex_intervention,indonesia,USDC
404,0.794527401166223,2202202644.3409,377,S4_twin_shock_cex_intervention,indonesia,USDC
405,0.797136257734076,2147147578.232377,377,S4_twin_shock_cex_intervention,indonesia,USDC
406,0.8086256243675181,2093468888.776568,377,S4_twin_shock_cex_intervention,indonesia,USDC
407,0.8109983548288121,2041132166.5571537,377,S4_twin_shock_cex_intervention,indonesia,USDC
408,0.8159558140607648,1990103862.3932247,377,S4_twin_shock_cex_intervention,indonesia,USDC
409,0.8187328416553241,1940351265.833394,377,S4_twin_shock_cex_intervention,indonesia,USDC
410,0.8201606440151145,1891842484.1875594,377,S4_twin_shock_cex_intervention,indonesia,USDC
411,0.8094354188950732,1844546422.0828705,377,S4_twin_shock_cex_intervention,indonesia,USDC
412,0.8097674354026969,1798432761.530799,377,S4_twin_shock_cex_intervention,indonesia,USDC
413,0.7926108927347776,1753471942.492529,377,S4_twin_shock_cex_intervention,indonesia,USDC
414,0.7867362352718903,1709635143.9302154,377,S4_twin_shock_cex_intervention,indonesia,USDC
415,0.7874952373814339,1666894265.3319602,377,S4_twin_shock_cex_intervention,indonesia,USDC
416,0.7633089091118811,1625221908.6986613,377,S4_twin_shock_cex_intervention,indonesia,USDC
417,0.7512246981437523,1584591360.9811947,377,S4_twin_shock_cex_intervention,indonesia,USDC
418,0.7561328862036545,1544976576.9566648,377,S4_twin_shock_cex_intervention,indonesia,USDC
419,0.7688653833309874,1506352162.5327485,377,S4_twin_shock_cex_intervention,indonesia,USDC
420,0.7828814806558151,1468693358.4694295,377,S4_twin_shock_cex_intervention,indonesia,USDC
421,0.7659814399507522,1431976024.5076938,377,S4_twin_shock_cex_intervention,indonesia,USDC
422,0.7799174227972433,1396176623.8950014,377,S4_twin_shock_cex_intervention,indonesia,USDC
423,0.7630881985514957,1361272208.2976265,377,S4_twin_shock_cex_intervention,indonesia,USDC
424,0.75722396719153,1327240403.0901859,377,S4_twin_shock_cex_intervention,indonesia,USDC
425,0.7583862806560151,1294059393.012931,377,S4_twin_shock_cex_intervention,indonesia,USDC
426,0.7426887619484002,1261707908.1876078,377,S4_twin_shock_cex_intervention,indonesia,USDC
427,0.7447526474476895,1230165210.4829178,377,S4_twin_shock_cex_intervention,indonesia,USDC
428,0.7388712388128503,1199411080.2208447,377,S4_twin_shock_cex_intervention,indonesia,USDC
429,0.7496941279051895,1169425803.2153234,377,S4_twin_shock_cex_intervention,indonesia,USDC
430,0.7552824582642135,1140190158.1349404,377,S4_twin_shock_cex_intervention,indonesia,USDC
431,0.7539476278606965,1111685404.181567,377,S4_twin_shock_cex_intervention,indonesia,USDC
432,0.7514515668887122,1083893269.0770278,377,S4_twin_shock_cex_intervention,indonesia,USDC
433,0.7731515259158881,1056795937.350102,377,S4_twin_shock_cex_intervention,indonesia,USDC
434,0.7689721836276033,1030376038.9163494,377,S4_twin_shock_cex_intervention,indonesia,USDC
435,0.77808970312943,1004616637.9434408,377,S4_twin_shock_cex_intervention,indonesia,USDC
436,0.783358201362852,979501221.9948547,377,S4_twin_shock_cex_intervention,indonesia,USDC
437,0.8004048996819264,955013691.4449834,377,S4_twin_shock_cex_intervention,indonesia,USDC
438,0.8005538148500614,931138349.1588588,377,S4_twin_shock_cex_intervention,indonesia,USDC
439,0.8275467504176441,907859890.4298873,377,S4_twin_shock_cex_intervention,indonesia,USDC
440,0.8162467627040279,885163393.16914,377,S4_twin_shock_cex_intervention,indonesia,USDC
441,0.8182722006896052,863034308.3399115,377,S4_twin_shock_cex_intervention,indonesia,USDC
442,0.8154981344080806,841458450.6314137,377,S4_twin_shock_cex_intervention,indonesia,USDC
443,0.7889072480785472,820421989.3656284,377,S4_twin_shock_cex_intervention,indonesia,USDC
444,0.801255830776154,799911439.6314876,377,S4_twin_shock_cex_intervention,indonesia,USDC
445,0.8036247600416121,779913653.6407005,377,S4_twin_shock_cex_intervention,indonesia,USDC
446,0.8062167669905169,760415812.2996829,377,S4_twin_shock_cex_intervention,indonesia,USDC
447,0.7733026198508526,741405416.9921908,377,S4_twin_shock_cex_intervention,indonesia,USDC
448,0.768262517386999,722870281.567386,377,S4_twin_shock_cex_intervention,indonesia,USDC
449,0.7803804769886575,704798524.5282013,377,S4_twin_shock_cex_intervention,indonesia,USDC
450,0.7769551897066078,687178561.4149964,377,S4_twin_shock_cex_intervention,indonesia,USDC
451,0.8028795111374278,669999097.3796215,377,S4_twin_shock_cex_intervention,indonesia,USDC
452,0.8282881858426883,653249119.9451308,377,S4_twin_shock_cex_intervention,indonesia,USDC
453,0.8352329346157533,636917891.9465027,377,S4_twin_shock_cex_intervention,indonesia,USDC
454,0.8269402452698082,620994944.64784,377,S4_twin_shock_cex_intervention,indonesia,USDC
455,0.8280446257063341,605470071.0316441,377,S4_twin_shock_cex_intervention,indonesia,USDC
456,0.8483788132922883,590333319.2558529,377,S4_twin_shock_cex_intervention,indonesia,USDC
457,0.8206547745382264,575574986.2744566,377,S4_twin_shock_cex_intervention,indonesia,USDC
458,0.8182376858864183,561185611.6175952,377,S4_twin_shock_cex_intervention,indonesia,USDC
459,0.8283706875993585,547155971.3271554,377,S4_twin_shock_cex_intervention,indonesia,USDC
460,0.8279686404758908,533477072.0439764,377,S4_twin_shock_cex_intervention,indonesia,USDC
461,0.8510703994022617,520140145.242877,377,S4_twin_shock_cex_intervention,indonesia,USDC
462,0.8340343324639631,507136641.61180514,377,S4_twin_shock_cex_intervention,indonesia,USDC
463,0.8144070443449295,494458225.57151,377,S4_twin_shock_cex_intervention,indonesia,USDC
464,0.8178387845325463,482096769.93222237,377,S4_twin_shock_cex_intervention,indonesia,USDC
465,0.8212239481300156,470044350.6839168,377,S4_twin_shock_cex_intervention,indonesia,USDC
466,0.8267018130691112,458293241.91681886,377,S4_twin_shock_cex_intervention,indonesia,USDC
467,0.8167474493852288,446835910.8688984,377,S4_twin_shock_cex_intervention,indonesia,USDC
468,0.8196715771900016,435665013.09717596,377,S4_twin_shock_cex_intervention,indonesia,USDC
469,0.7507654970497254,424773387.76974654,377,S4_twin_shock_cex_intervention,indonesia,USDC
470,0.7487710784360405,414154053.0755028,377,S4_twin_shock_cex_intervention,indonesia,USDC
471,0.7448306786683453,403800201.74861526,377,S4_twin_shock_cex_intervention,indonesia,USDC
472,0.7460748647795472,393705196.70489985,377,S4_twin_shock_cex_intervention,indonesia,USDC
473,0.7399239397902271,383862566.78727734,377,S4_twin_shock_cex_intervention,indonesia,USDC
474,0.744555374580707,374266002.61759543,377,S4_twin_shock_cex_intervention,indonesia,USDC
475,0.7206181517782394,364909352.55215555,377,S4_twin_shock_cex_intervention,indonesia,USDC
476,0.7195272872949455,355786618.7383517,377,S4_twin_shock_cex_intervention,indonesia,USDC
477,0.7225797800345535,346891953.2698929,377,S4_twin_shock_cex_intervention,indonesia,USDC
478,0.7745063060642459,338219654.4381456,377,S4_twin_shock_cex_intervention,indonesia,USDC
479,0.7820155109014825,329764163.07719195,377,S4_twin_shock_cex_intervention,indonesia,USDC
480,0.744264388765267,321520059.00026214,377,S4_twin_shock_cex_intervention,indonesia,USDC
481,0.743045412132396,313482057.52525556,377,S4_twin_shock_cex_intervention,indonesia,USDC
482,0.7516539933477018,305645006.08712417,377,S4_twin_shock_cex_intervention,indonesia,USDC
483,0.7532487844956676,298003880.93494606,377,S4_twin_shock_cex_intervention,indonesia,USDC
484,0.7476443212873185,290553783.9115724,377,S4_twin_shock_cex_intervention,indonesia,USDC
485,0.7561246119232173,283289939.31378305,377,S4_twin_shock_cex_intervention,indonesia,USDC
486,0.7476520515945592,276207690.8309385,377,S4_twin_shock_cex_intervention,indonesia,USDC
487,0.7460916916993476,269302498.56016505,377,S4_twin_shock_cex_intervention,indonesia,USDC
488,0.7431044776505777,262569936.09616095,377,S4_twin_shock_cex_intervention,indonesia,USDC
489,0.75522246238278,256005687.69375688,377,S4_twin_shock_cex_intervention,indonesia,USDC
490,0.7724965623293493,249605545.501413,377,S4_twin_shock_cex_intervention,indonesia,USDC
491,0.7831754143072135,243365406.86387765,377,S4_twin_shock_cex_intervention,indonesia,USDC
492,0.7952872901381138,237281271.6922807,377,S4_twin_shock_cex_intervention,indonesia,USDC
493,0.7938750104997959,231349239.8999737,377,S4_twin_shock_cex_intervention,indonesia,USDC
494,0.8024184741175044,225565508.90247434,377,S4_twin_shock_cex_intervention,indonesia,USDC
495,0.7894883368411618,219926371.17991245,377,S4_twin_shock_cex_intervention,indonesia,USDC
496,0.7984917348798978,214428211.90041465,377,S4_twin_shock_cex_intervention,indonesia,USDC
497,0.7687814548068759,209067506.60290426,377,S4_twin_shock_cex_intervention,indonesia,USDC
498,0.7781911304286979,203840818.9378317,377,S4_twin_shock_cex_intervention,indonesia,USDC
499,0.7802930477148755,198744798.46438593,377,S4_twin_shock_cex_intervention,indonesia,USDC
500,0.782493508027911,193776178.50277627,377,S4_twin_shock_cex_intervention,indonesia,USDC
501,0.770379298782852,188931774.04020685,377,S4_twin_shock_cex_intervention,indonesia,USDC
502,0.7489285363348749,184208479.68920168,377,S4_twin_shock_cex_intervention,indonesia,USDC
503,0.7649197578776636,179603267.69697165,377,S4_twin_shock_cex_intervention,indonesia,USDC
504,0.7894565391322468,175113186.00454736,377,S4_twin_shock_cex_intervention,indonesia,USDC
505,0.7889762776440239,170735356.35443366,377,S4_twin_shock_cex_intervention,indonesia,USDC
506,0.7492628382572092,166466972.44557282,377,S4_twin_shock_cex_intervention,indonesia,USDC
507,0.7631273569397788,162305298.1344335,377,S4_twin_shock_cex_intervention,indonesia,USDC
508,0.7744384534877214,158247665.68107265,377,S4_twin_shock_cex_intervention,indonesia,USDC
509,0.7534038831085483,154291474.03904584,377,S4_twin_shock_cex_intervention,indonesia,USDC
510,0.7358541239120128,150434187.1880697,377,S4_twin_shock_cex_intervention,indonesia,USDC
511,0.7623274158454055,146673332.50836796,377,S4_twin_shock_cex_intervention,indonesia,USDC
512,0.7651202197064375,143006499.19565874,377,S4_twin_shock_cex_intervention,indonesia,USDC
513,0.747314996484199,139431336.7157673,377,S4_twin_shock_cex_intervention,indonesia,USDC
514,0.7615463240772478,135945553.2978731,377,S4_twin_shock_cex_intervention,indonesia,USDC
515,0.734871288736797,132546914.46542628,377,S4_twin_shock_cex_intervention,indonesia,USDC
516,0.746433269265204,129233241.60379061,377,S4_twin_shock_cex_intervention,indonesia,USDC
517,0.7661099192332844,126002410.56369586,377,S4_twin_shock_cex_intervention,indonesia,USDC
518,0.7668983118158195,122852350.29960346,377,S4_twin_shock_cex_intervention,indonesia,USDC
519,0.7859457603554147,119781041.5421134,377,S4_twin_shock_cex_intervention,indonesia,USDC
520,0.7907469688789086,116786515.50356056,377,S4_twin_shock_cex_intervention,indonesia,USDC
521,0.7994703104385914,113866852.61597154,377,S4_twin_shock_cex_intervention,indonesia,USDC
522,0.8176054361211946,111020181.30057225,377,S4_twin_shock_cex_intervention,indonesia,USDC
523,0.788748994302989,108244676.76805796,377,S4_twin_shock_cex_intervention,indonesia,USDC
524,0.7891410844325571,105538559.8488565,377,S4_twin_shock_cex_intervention,indonesia,USDC
525,0.7958075824450083,102900095.85263509,377,S4_twin_shock_cex_intervention,indonesia,USDC
526,0.7959744182538625,100327593.45631921,377,S4_twin_shock_cex_intervention,indonesia,USDC
527,0.8083275038658881,97819403.61991122,377,S4_twin_shock_cex_intervention,indonesia,USDC
528,0.8160471740171743,95373918.52941345,377,S4_twin_shock_cex_intervention,indonesia,USDC
529,0.8214877172313428,92989570.56617811,377,S4_twin_shock_cex_intervention,indonesia,USDC
530,0.8111398475020378,90664831.30202365,377,S4_twin_shock_cex_intervention,indonesia,USDC
531,0.8094266248607676,88398210.51947308,377,S4_twin_shock_cex_intervention,indonesia,USDC
532,0.81164390691048,86188255.25648624,377,S4_twin_shock_cex_intervention,indonesia,USDC
533,0.8107528593228408,84033548.87507407,377,S4_twin_shock_cex_intervention,indonesia,USDC
534,0.803988503326272,81932710.15319723,377,S4_twin_shock_cex_intervention,indonesia,USDC
535,0.8039239310239965,79884392.3993673,377,S4_twin_shock_cex_intervention,indonesia,USDC
536,0.7861209419609327,77887282.58938311,377,S4_twin_shock_cex_intervention,indonesia,USDC
537,0.7949723266858993,75940100.52464853,377,S4_twin_shock_cex_intervention,indonesia,USDC
538,0.8103817790069912,74041598.0115323,377,S4_twin_shock_cex_intervention,indonesia,USDC
539,0.8335658892802547,72190558.06124401,377,S4_twin_shock_cex_intervention,indonesia,USDC
540,0.8607689579021608,70385794.1097129,377,S4_twin_shock_cex_intervention,indonesia,USDC
541,0.867230018820755,68626149.25697008,377,S4_twin_shock_cex_intervention,indonesia,USDC
542,0.8659653629206852,66910495.525545835,377,S4_twin_shock_cex_intervention,indonesia,USDC
543,0.8643124611608545,65237733.13740718,377,S4_twin_shock_cex_intervention,indonesia,USDC
544,0.8635148213759114,63606789.808972,377,S4_twin_shock_cex_intervention,indonesia,USDC
545,0.8441487673043764,62016620.063747704,377,S4_twin_shock_cex_intervention,indonesia,USDC
546,0.8705649596987763,60466204.56215401,377,S4_twin_shock_cex_intervention,indonesia,USDC
547,0.8455734160996076,58954549.448100165,377,S4_twin_shock_cex_intervention,indonesia,USDC
548,0.8257064893648388,57480685.71189766,377,S4_twin_shock_cex_intervention,indonesia,USDC
549,0.8407443435758226,56043668.56910021,377,S4_twin_shock_cex_intervention,indonesia,USDC
550,0.8449715303011301,54642576.8548727,377,S4_twin_shock_cex_intervention,indonesia,USDC
551,0.8243868274625596,53276512.433500886,377,S4_twin_shock_cex_intervention,indonesia,USDC
552,0.8071624777040597,51944599.62266338,377,S4_twin_shock_cex_intervention,indonesia,USDC
553,0.7861078798397277,50645984.63209679,377,S4_twin_shock_cex_intervention,indonesia,USDC
554,0.7954376097078827,49379835.01629437,377,S4_twin_shock_cex_intervention,indonesia,USDC
555,0.770837837143686,48145339.14088701,377,S4_twin_shock_cex_intervention,indonesia,USDC
556,0.792645673848238,46941705.66236483,377,S4_twin_shock_cex_intervention,indonesia,USDC
557,0.7742084903604249,45768163.02080571,377,S4_twin_shock_cex_intervention,indonesia,USDC
558,0.784756110320435,44623958.94528557,377,S4_twin_shock_cex_intervention,indonesia,USDC
559,0.7803116044797564,43508359.97165343,377,S4_twin_shock_cex_intervention,indonesia,USDC
560,0.8000600448575994,42420650.9723621,377,S4_twin_shock_cex_intervention,indonesia,USDC
561,0.8098065306893971,41360134.69805305,377,S4_twin_shock_cex_intervention,indonesia,USDC
562,0.7806419286266228,40326131.330601715,377,S4_twin_shock_cex_intervention,indonesia,USDC
563,0.7563079001480462,39317978.047336675,377,S4_twin_shock_cex_intervention,indonesia,USDC
564,0.771953661997602,38335028.59615326,377,S4_twin_shock_cex_intervention,indonesia,USDC
565,0.7954587821128287,37376652.88124943,377,S4_twin_shock_cex_intervention,indonesia,USDC
566,0.8207664010306606,36442236.55921819,377,S4_twin_shock_cex_intervention,indonesia,USDC
567,0.8064437933615429,35531180.64523774,377,S4_twin_shock_cex_intervention,indonesia,USDC
568,0.8156672733838731,34642901.12910679,377,S4_twin_shock_cex_intervention,indonesia,USDC
569,0.7934893231029361,33776828.60087912,377,S4_twin_shock_cex_intervention,indonesia,USDC
570,0.8056693999021985,32932407.885857146,377,S4_twin_shock_cex_intervention,indonesia,USDC
571,0.8118566373176909,32109097.68871072,377,S4_twin_shock_cex_intervention,indonesia,USDC
572,0.8178343777319028,31306370.246492945,377,S4_twin_shock_cex_intervention,indonesia,USDC
573,0.8164885060132311,30523710.99033063,377,S4_twin_shock_cex_intervention,indonesia,USDC
574,0.8057094845551719,29760618.215572357,377,S4_twin_shock_cex_intervention,indonesia,USDC
575,0.8150986548173207,29016602.76018305,377,S4_twin_shock_cex_intervention,indonesia,USDC
576,0.8448835057401889,28291187.69117847,377,S4_twin_shock_cex_intervention,indonesia,USDC
577,0.8333849288320087,27583907.998899013,377,S4_twin_shock_cex_intervention,indonesia,USDC
578,0.8153822497355007,26894310.29892654,377,S4_twin_shock_cex_intervention,indonesia,USDC
579,0.8212646970270496,26221952.54145338,377,S4_twin_shock_cex_intervention,indonesia,USDC
580,0.8045417525147712,25566403.727917045,377,S4_twin_shock_cex_intervention,indonesia,USDC
581,0.8252756804722166,24927243.63471912,377,S4_twin_shock_cex_intervention,indonesia,USDC
582,0.8105623764429754,24304062.543851137,377,S4_twin_shock_cex_intervention,indonesia,USDC
583,0.8166216752796563,23696460.98025486,377,S4_twin_shock_cex_intervention,indonesia,USDC
584,0.8396378170602753,23104049.45574849,377,S4_twin_shock_cex_intervention,indonesia,USDC
585,0.8158009599432309,22526448.21935478,377,S4_twin_shock_cex_intervention,indonesia,USDC
586,0.8175907123526921,21963287.01387091,377,S4_twin_shock_cex_intervention,indonesia,USDC
587,0.8084597293681435,21414204.838524133,377,S4_twin_shock_cex_intervention,indonesia,USDC
588,0.8234456523680059,20878849.717561033,377,S4_twin_shock_cex_intervention,indonesia,USDC
589,0.836807722438795,20356878.474622004,377,S4_twin_shock_cex_intervention,indonesia,USDC
590,0.8367232688177632,19847956.512756456,377,S4_twin_shock_cex_intervention,indonesia,USDC
591,0.8551626034354635,19351757.599937543,377,S4_twin_shock_cex_intervention,indonesia,USDC
592,0.867046787876572,18867963.659939103,377,S4_twin_shock_cex_intervention,indonesia,USDC
593,0.833272950167244,18396264.568440627,377,S4_twin_shock_cex_intervention,indonesia,USDC
594,0.8648004060114678,17936357.954229612,377,S4_twin_shock_cex_intervention,indonesia,USDC
595,0.8605726352020977,17487949.00537387,377,S4_twin_shock_cex_intervention,indonesia,USDC
596,0.8585270863217405,17050750.280239522,377,S4_twin_shock_cex_intervention,indonesia,USDC
597,0.8623729401496265,16624481.523233537,377,S4_twin_shock_cex_intervention,indonesia,USDC
598,0.8416239541838478,16208869.485152697,377,S4_twin_shock_cex_intervention,indonesia,USDC
599,0.8238616188118357,15803647.748023879,377,S4_twin_shock_cex_intervention,indonesia,USDC
600,0.8193907511946422,15408556.554323282,377,S4_twin_shock_cex_intervention,indonesia,USDC
601,0.8230302436569471,15023342.6404652,377,S4_twin_shock_cex_intervention,indonesia,USDC
602,0.8197193558441545,14647759.07445357,377,S4_twin_shock_cex_intervention,indonesia,USDC
603,0.8107960523933309,14281565.09759223,377,S4_twin_shock_cex_intervention,indonesia,USDC
604,0.83016288530615,13924525.970152425,377,S4_twin_shock_cex_intervention,indonesia,USDC
605,0.8165115789136228,13576412.820898613,377,S4_twin_shock_cex_intervention,indonesia,USDC
606,0.8073464721984953,13237002.500376148,377,S4_twin_shock_cex_intervention,indonesia,USDC
607,0.7805719966965752,12906077.437866744,377,S4_twin_shock_cex_intervention,indonesia,USDC
608,0.7505446898911666,12583425.501920078,377,S4_twin_shock_cex_intervention,indonesia,USDC
609,0.7591928299066146,12268839.864372075,377,S4_twin_shock_cex_intervention,indonesia,USDC
610,0.7521956521119322,11962118.867762772,377,S4_twin_shock_cex_intervention,indonesia,USDC
611,0.7579823660457043,11663065.896068703,377,S4_twin_shock_cex_intervention,indonesia,USDC
612,0.7496982696506822,11371489.248666985,377,S4_twin_shock_cex_intervention,indonesia,USDC
613,0.7389184667719192,11087202.01745031,377,S4_twin_shock_cex_intervention,indonesia,USDC
614,0.7446423606805339,10810021.967014052,377,S4_twin_shock_cex_intervention,indonesia,USDC
615,0.7291056949012288,10539771.417838702,377,S4_twin_shock_cex_intervention,indonesia,USDC
616,0.7222482596308012,10276277.132392734,377,S4_twin_shock_cex_intervention,indonesia,USDC
617,0.7444696030104567,10019370.204082916,377,S4_twin_shock_cex_intervention,indonesia,USDC
618,0.745438237635604,9768885.948980844,377,S4_twin_shock_cex_intervention,indonesia,USDC
619,0.7666447460426818,9524663.800256323,377,S4_twin_shock_cex_intervention,indonesia,USDC
620,0.7823150564736298,9286547.205249913,377,S4_twin_shock_cex_intervention,indonesia,USDC
621,0.7832991620541783,9054383.525118664,377,S4_twin_shock_cex_intervention,indonesia,USDC
622,0.7792142578136674,8828023.936990699,377,S4_twin_shock_cex_intervention,indonesia,USDC
623,0.784861126298343,8607323.33856593,377,S4_twin_shock_cex_intervention,indonesia,USDC
624,0.780108667241348,8392140.255101781,377,S4_twin_shock_cex_intervention,indonesia,USDC
625,0.7850495695895134,8182336.748724237,377,S4_twin_shock_cex_intervention,indonesia,USDC
626,0.7800330284545705,7977778.330006132,377,S4_twin_shock_cex_intervention,indonesia,USDC
627,0.7912358565790949,7778333.871755979,377,S4_twin_shock_cex_intervention,indonesia,USDC
628,0.7870953915752752,7583875.524962079,377,S4_twin_shock_cex_intervention,indonesia,USDC
629,0.7992105602808331,7394278.636838026,377,S4_twin_shock_cex_intervention,indonesia,USDC
630,0.8044916127361647,7209421.670917077,377,S4_twin_shock_cex_intervention,indonesia,USDC
631,0.810077014449974,7029186.129144151,377,S4_twin_shock_cex_intervention,indonesia,USDC
632,0.781852365518149,6853456.4759155465,377,S4_twin_shock_cex_intervention,indonesia,USDC
633,0.7858190563408132,6682120.064017657,377,S4_twin_shock_cex_intervention,indonesia,USDC
634,0.7781361640221871,6515067.062417217,377,S4_twin_shock_cex_intervention,indonesia,USDC
635,0.766986604134503,6352190.385856786,377,S4_twin_shock_cex_intervention,indonesia,USDC
636,0.786925224513228,6193385.626210366,377,S4_twin_shock_cex_intervention,indonesia,USDC
637,0.8159912892064085,6038550.985555107,377,S4_twin_shock_cex_intervention,indonesia,USDC
638,0.8010867556242132,5887587.2109162295,377,S4_twin_shock_cex_intervention,indonesia,USDC
639,0.7476946351426415,5740397.530643323,377,S4_twin_shock_cex_intervention,indonesia,USDC
640,0.7458334289008299,5596887.592377241,377,S4_twin_shock_cex_intervention,indonesia,USDC
641,0.7552850360389607,5456965.402567809,377,S4_twin_shock_cex_intervention,indonesia,USDC
642,0.77966611432117,5320541.267503614,377,S4_twin_shock_cex_intervention,indonesia,USDC
643,0.8000304677768535,5187527.735816024,377,S4_twin_shock_cex_intervention,indonesia,USDC
644,0.7942539845555684,5057839.542420624,377,S4_twin_shock_cex_intervention,indonesia,USDC
645,0.7726884398973117,4931393.553860107,377,S4_twin_shock_cex_intervention,indonesia,USDC
646,0.765232831060082,4808108.715013605,377,S4_twin_shock_cex_intervention,indonesia,USDC
647,0.7601810185960729,4687905.997138265,377,S4_twin_shock_cex_intervention,indonesia,USDC
648,0.7594760738166207,4570708.347209808,377,S4_twin_shock_cex_intervention,indonesia,USDC
649,0.7424021635645962,4456440.638529563,377,S4_twin_shock_cex_intervention,indonesia,USDC
650,0.7657133190289291,4345029.622566324,377,S4_twin_shock_cex_intervention,indonesia,USDC
651,0.7724384371437278,4236403.882002166,377,S4_twin_shock_cex_intervention,indonesia,USDC
652,0.760787217672327,4130493.7849521115,377,S4_twin_shock_cex_intervention,indonesia,USDC
653,0.7749882195095714,4027231.4403283084,377,S4_twin_shock_cex_intervention,indonesia,USDC
654,0.7833053070500388,3926550.6543201013,377,S4_twin_shock_cex_intervention,indonesia,USDC
655,0.7920626469259467,3828386.887962099,377,S4_twin_shock_cex_intervention,indonesia,USDC
656,0.7826845515676348,3732677.2157630464,377,S4_twin_shock_cex_intervention,indonesia,USDC
657,0.7655168003117198,3639360.2853689706,377,S4_twin_shock_cex_intervention,indonesia,USDC
658,0.7844554501849196,3548376.2782347463,377,S4_twin_shock_cex_intervention,indonesia,USDC
659,0.7594559653017362,3459666.8712788774,377,S4_twin_shock_cex_intervention,indonesia,USDC
660,0.7658934250311819,3373175.199496906,377,S4_twin_shock_cex_intervention,indonesia,USDC
661,0.7714701435468339,3288845.819509483,377,S4_twin_shock_cex_intervention,indonesia,USDC
662,0.7810383695378791,3206624.674021746,377,S4_twin_shock_cex_intervention,indonesia,USDC
663,0.7908680732118998,3126459.0571712023,377,S4_twin_shock_cex_intervention,indonesia,USDC
664,0.804723715966817,3048297.5807419224,377,S4_twin_shock_cex_intervention,indonesia,USDC
665,0.8318800788036963,2972090.141223374,377,S4_twin_shock_cex_intervention,indonesia,USDC
666,0.7699936640048584,2897787.8876927895,377,S4_twin_shock_cex_intervention,indonesia,USDC
667,0.7720918575168887,2825343.19050047,377,S4_twin_shock_cex_intervention,indonesia,USDC
668,0.7818677589320365,2754709.610737958,377,S4_twin_shock_cex_intervention,indonesia,USDC
669,0.7647049025779558,2685841.870469509,377,S4_twin_shock_cex_intervention,indonesia,USDC
670,0.7823235247918444,2618695.8237077715,377,S4_twin_shock_cex_intervention,indonesia,USDC
671,0.7143982192733205,2553228.4281150773,377,S4_twin_shock_cex_intervention,indonesia,USDC
672,0.714502338575317,2489397.7174122003,377,S4_twin_shock_cex_intervention,indonesia,USDC
673,0.7142627070852872,2427162.774476895,377,S4_twin_shock_cex_intervention,indonesia,USDC
674,0.7276369777017727,2366483.705114973,377,S4_twin_shock_cex_intervention,indonesia,USDC
675,0.7441737302990296,2307321.6124870987,377,S4_twin_shock_cex_intervention,indonesia,USDC
676,0.7603001710858398,2249638.572174921,377,S4_twin_shock_cex_intervention,indonesia,USDC
677,0.7616605053557064,2193397.607870548,377,S4_twin_shock_cex_intervention,indonesia,USDC
678,0.7503329948831677,2138562.6676737843,377,S4_twin_shock_cex_intervention,indonesia,USDC
679,0.7975589208393054,2085098.6009819396,377,S4_twin_shock_cex_intervention,indonesia,USDC
680,0.7983367570414142,2032971.1359573912,377,S4_twin_shock_cex_intervention,indonesia,USDC
681,0.8024873119702087,1982146.8575584562,377,S4_twin_shock_cex_intervention,indonesia,USDC
682,0.7866674485006201,1932593.1861194952,377,S4_twin_shock_cex_intervention,indonesia,USDC
683,0.7707110328956681,1884278.3564665075,377,S4_twin_shock_cex_intervention,indonesia,USDC
684,0.7863697865948273,1837171.397554845,377,S4_twin_shock_cex_intervention,indonesia,USDC
685,0.780227627297916,1791242.1126159737,377,S4_twin_shock_cex_intervention,indonesia,USDC
686,0.779981253013068,1746461.0598005746,377,S4_twin_shock_cex_intervention,indonesia,USDC
687,0.7629746169395843,1702799.5333055602,377,S4_twin_shock_cex_intervention,indonesia,USDC
688,0.7606384457539059,1660229.5449729213,377,S4_twin_shock_cex_intervention,indonesia,USDC
689,0.7732819830118212,1618723.806348598,377,S4_twin_shock_cex_intervention,indonesia,USDC
690,0.7963335933184763,1578255.7111898833,377,S4_twin_shock_cex_intervention,indonesia,USDC
691,0.7956206665279103,1538799.3184101363,377,S4_twin_shock_cex_intervention,indonesia,USDC
692,0.8089895424605039,1500329.3354498828,377,S4_twin_shock_cex_intervention,indonesia,USDC
693,0.7902626590773659,1462821.1020636356,377,S4_twin_shock_cex_intervention,indonesia,USDC
694,0.8129850117228714,1426250.5745120447,377,S4_twin_shock_cex_intervention,indonesia,USDC
695,0.830743176466747,1390594.3101492436,377,S4_twin_shock_cex_intervention,indonesia,USDC
696,0.8404187889138421,1355829.4523955125,377,S4_twin_shock_cex_intervention,indonesia,USDC
697,0.821437867064138,1321933.7160856246,377,S4_twin_shock_cex_intervention,indonesia,USDC
698,0.8172448168512466,1288885.373183484,377,S4_twin_shock_cex_intervention,indonesia,USDC
699,0.8113384373912561,1256663.238853897,377,S4_twin_shock_cex_intervention,indonesia,USDC
700,0.7830510508192353,1225246.6578825493,377,S4_twin_shock_cex_intervention,indonesia,USDC
701,0.7667133987143161,1194615.4914354857,377,S4_twin_shock_cex_intervention,indonesia,USDC
702,0.7681498036900803,1164750.1041495986,377,S4_twin_shock_cex_intervention,indonesia,USDC
703,0.7778621486862338,1135631.3515458587,377,S4_twin_shock_cex_intervention,indonesia,USDC
704,0.7799104251962233,1107240.567757212,377,S4_twin_shock_cex_intervention,indonesia,USDC
705,0.7796353436072821,1079559.553563282,377,S4_twin_shock_cex_intervention,indonesia,USDC
706,0.7835173718293552,1052570.5647241997,377,S4_twin_shock_cex_intervention,indonesia,USDC
707,0.7699937557955269,1026256.3006060948,377,S4_twin_shock_cex_intervention,indonesia,USDC
708,0.7534232941716491,1000599.8930909424,377,S4_twin_shock_cex_intervention,indonesia,USDC
709,0.7666652252331363,975584.8957636689,377,S4_twin_shock_cex_intervention,indonesia,USDC
710,0.7681783603211627,951195.2733695771,377,S4_twin_shock_cex_intervention,indonesia,USDC
711,0.7607983528023181,927415.3915353377,377,S4_twin_shock_cex_intervention,indonesia,USDC
712,0.7637455493115343,904230.0067469543,377,S4_twin_shock_cex_intervention,indonesia,USDC
713,0.7556120963769221,881624.2565782804,377,S4_twin_shock_cex_intervention,indonesia,USDC
714,0.7733760783795344,859583.6501638235,377,S4_twin_shock_cex_intervention,indonesia,USDC
715,0.7681017741309175,838094.0589097277,377,S4_twin_shock_cex_intervention,indonesia,USDC
716,0.768764346791393,817141.7074369846,377,S4_twin_shock_cex_intervention,indonesia,USDC
717,0.757239409329938,796713.16475106,377,S4_twin_shock_cex_intervention,indonesia,USDC
718,0.7655299584693197,776795.3356322835,377,S4_twin_shock_cex_intervention,indonesia,USDC
719,0.7558641819843982,757375.4522414764,377,S4_twin_shock_cex_intervention,indonesia,USDC
720,0.7542850425007338,738441.0659354394,377,S4_twin_shock_cex_intervention,indonesia,USDC
721,0.7616273446948711,719980.0392870535,377,S4_twin_shock_cex_intervention,indonesia,USDC
722,0.7435444619269164,701980.5383048772,377,S4_twin_shock_cex_intervention,indonesia,USDC
723,0.7340373143803518,684431.0248472553,377,S4_twin_shock_cex_intervention,indonesia,USDC
724,0.7186325819386281,667320.2492260739,377,S4_twin_shock_cex_intervention,indonesia,USDC
725,0.7142975107180004,650637.242995422,377,S4_twin_shock_cex_intervention,indonesia,USDC
726,0.7297628350841895,634371.3119205364,377,S4_twin_shock_cex_intervention,indonesia,USDC
727,0.7293031329589444,618512.029122523,377,S4_twin_shock_cex_intervention,indonesia,USDC
728,0.7488256442374248,603049.2283944599,377,S4_twin_shock_cex_intervention,indonesia,USDC
729,0.749323378726058,587972.9976845984,377,S4_twin_shock_cex_intervention,indonesia,USDC
730,0.7315469109288966,573273.6727424834,377,S4_twin_shock_cex_intervention,indonesia,USDC
731,0.719844245929629,558941.8309239214,377,S4_twin_shock_cex_intervention,indonesia,USDC
732,0.7165051630338275,544968.2851508233,377,S4_twin_shock_cex_intervention,indonesia,USDC
733,0.7440715841479308,531344.0780220528,377,S4_twin_shock_cex_intervention,indonesia,USDC
734,0.756263496044068,518060.4760715014,377,S4_twin_shock_cex_intervention,indonesia,USDC
735,0.7460039089957602,505108.9641697139,377,S4_twin_shock_cex_intervention,indonesia,USDC
736,0.764367823218886,492481.24006547104,377,S4_twin_shock_cex_intervention,indonesia,USDC
737,0.7647574997198677,480169.2090638343,377,S4_twin_shock_cex_intervention,indonesia,USDC
738,0.7414117604735629,468164.9788372384,377,S4_twin_shock_cex_intervention,indonesia,USDC
739,0.734406514630845,456460.85436630744,377,S4_twin_shock_cex_intervention,indonesia,USDC
740,0.7412050073469646,445049.33300714975,377,S4_twin_shock_cex_intervention,indonesia,USDC
741,0.7320400729031011,433923.099681971,377,S4_twin_shock_cex_intervention,indonesia,USDC
742,0.7078763875603503,423075.0221899217,377,S4_twin_shock_cex_intervention,indonesia,USDC
743,0.7050583376559991,412498.1466351737,377,S4_twin_shock_cex_intervention,indonesia,USDC
744,0.7136528631035453,402185.6929692944,377,S4_twin_shock_cex_intervention,indonesia,USDC
745,0.7178116152407882,392131.050645062,377,S4_twin_shock_cex_intervention,indonesia,USDC
746,0.7233249453939115,382327.77437893546,377,S4_twin_shock_cex_intervention,indonesia,USDC
747,0.739131369219445,372769.58001946204,377,S4_twin_shock_cex_intervention,indonesia,USDC
748,0.7726900201261625,363450.3405189755,377,S4_twin_shock_cex_intervention,indonesia,USDC
749,0.7915292337023869,354364.08200600115,377,S4_twin_shock_cex_intervention,indonesia,USDC
750,0.7605848682457229,345504.9799558511,377,S4_twin_shock_cex_intervention,indonesia,USDC
751,0.7760931493367962,336867.3554569548,377,S4_twin_shock_cex_intervention,indonesia,USDC
752,0.7883962748667181,328445.671570531,377,S4_twin_shock_cex_intervention,indonesia,USDC
753,0.7649245698744311,320234.5297812677,377,S4_twin_shock_cex_intervention,indonesia,USDC
754,0.7604758539120583,312228.666536736,377,S4_twin_shock_cex_intervention,indonesia,USDC
755,0.7654872101672605,304422.9498733176,377,S4_twin_shock_cex_intervention,indonesia,USDC
756,0.7854477635075491,296812.37612648465,377,S4_twin_shock_cex_intervention,indonesia,USDC
757,0.7949929043154237,289392.0667233225,377,S4_twin_shock_cex_intervention,indonesia,USDC
758,0.7797724080299466,282157.26505523943,377,S4_twin_shock_cex_intervention,indonesia,USDC
759,0.7901208654155274,275103.33342885855,377,S4_twin_shock_cex_intervention,indonesia,USDC
760,0.7982062191149679,268225.75009313703,377,S4_twin_shock_cex_intervention,indonesia,USDC
761,0.7732475876981052,261520.10634080862,377,S4_twin_shock_cex_intervention,indonesia,USDC
762,0.7697160101243736,254982.10368228838,377,S4_twin_shock_cex_intervention,indonesia,USDC
763,0.7677323868585165,248607.55109023117,377,S4_twin_shock_cex_intervention,indonesia,USDC
764,0.7698726657178847,242392.36231297543,377,S4_twin_shock_cex_intervention,indonesia,USDC
765,0.7546460420446579,236332.55325515106,377,S4_twin_shock_cex_intervention,indonesia,USDC
766,0.7491350335198216,230424.2394237723,377,S4_twin_shock_cex_intervention,indonesia,USDC
767,0.7504336209247936,224663.633438178,377,S4_twin_shock_cex_intervention,indonesia,USDC
768,0.7394873498560545,219047.04260222352,377,S4_twin_shock_cex_intervention,indonesia,USDC
769,0.7470913160626563,213570.86653716792,377,S4_twin_shock_cex_intervention,indonesia,USDC
770,0.7507276155828313,208231.5948737387,377,S4_twin_shock_cex_intervention,indonesia,USDC
771,0.7620531499343459,203025.80500189526,377,S4_twin_shock_cex_intervention,indonesia,USDC
772,0.801360728664154,197950.15987684787,377,S4_twin_shock_cex_intervention,indonesia,USDC
773,0.7848013471497415,193001.4058799267,377,S4_twin_shock_cex_intervention,indonesia,USDC
774,0.787068036238609,188176.3707329285,377,S4_twin_shock_cex_intervention,indonesia,USDC
775,0.8030946888189993,183471.9614646053,377,S4_twin_shock_cex_intervention,indonesia,USDC
776,0.8093570040788219,178885.16242799017,377,S4_twin_shock_cex_intervention,indonesia,USDC
777,0.8406468193198771,174413.0333672904,377,S4_twin_shock_cex_intervention,indonesia,USDC
778,0.8136865380868212,170052.70753310813,377,S4_twin_shock_cex_intervention,indonesia,USDC
779,0.79048181081919,165801.38984478044,377,S4_twin_shock_cex_intervention,indonesia,USDC
780,0.772039586926056,161656.35509866095,377,S4_twin_shock_cex_intervention,indonesia,USDC
781,0.7321710200784936,157614.94622119443,377,S4_twin_shock_cex_intervention,indonesia,USDC
782,0.7410957831541855,153674.57256566457,377,S4_twin_shock_cex_intervention,indonesia,USDC
783,0.7560308346005548,149832.70825152294,377,S4_twin_shock_cex_intervention,indonesia,USDC
784,0.778225061137368,146086.89054523487,377,S4_twin_shock_cex_intervention,indonesia,USDC
785,0.8083943972247783,142434.718281604,377,S4_twin_shock_cex_intervention,indonesia,USDC
786,0.8106073362101068,138873.8503245639,377,S4_twin_shock_cex_intervention,indonesia,USDC
787,0.8112916980802283,135402.0040664498,377,S4_twin_shock_cex_intervention,indonesia,USDC
788,0.7922077004267257,132016.95396478855,377,S4_twin_shock_cex_intervention,indonesia,USDC
789,0.7830379580072602,128716.53011566884,377,S4_twin_shock_cex_intervention,indonesia,USDC
790,0.7695263926742414,125498.61686277713,377,S4_twin_shock_cex_intervention,indonesia,USDC
791,0.7033064018521004,122361.15144120771,377,S4_twin_shock_cex_intervention,indonesia,USDC
792,0.718348536939726,119302.1226551775,377,S4_twin_shock_cex_intervention,indonesia,USDC
793,0.7412393899006412,116319.56958879807,377,S4_twin_shock_cex_intervention,indonesia,USDC
794,0.7324370374894674,113411.58034907813,377,S4_twin_shock_cex_intervention,indonesia,USDC
795,0.7389844877924765,110576.29084035117,377,S4_twin_shock_cex_intervention,indonesia,USDC
796,0.7278917985691,107811.88356934239,377,S4_twin_shock_cex_intervention,indonesia,USDC
797,0.7537912635585877,105116.58648010882,377,S4_twin_shock_cex_intervention,indonesia,USDC
798,0.7502899926075602,102488.67181810612,377,S4_twin_shock_cex_intervention,indonesia,USDC
799,0.7286151224311446,99926.45502265345,377,S4_twin_shock_cex_intervention,indonesia,USDC
800,0.7607603643979297,97428.29364708712,377,S4_twin_shock_cex_intervention,indonesia,USDC
801,0.7544601373854014,94992.58630590994,377,S4_twin_shock_cex_intervention,indonesia,USDC
802,0.7928789458712394,92617.77164826219,377,S4_twin_shock_cex_intervention,indonesia,USDC
803,0.8036668269880685,90302.32735705563,377,S4_twin_shock_cex_intervention,indonesia,USDC
804,0.8231222216403757,88044.76917312924,377,S4_twin_shock_cex_intervention,indonesia,USDC
805,0.8124503867321309,85843.649943801,377,S4_twin_shock_cex_intervention,indonesia,USDC
806,0.8061693757611046,83697.55869520598,377,S4_twin_shock_cex_intervention,indonesia,USDC
807,0.7909502034610583,81605.11972782583,377,S4_twin_shock_cex_intervention,indonesia,USDC
808,0.7891989413895137,79564.9917346302,377,S4_twin_shock_cex_intervention,indonesia,USDC
809,0.7785290248526778,77575.86694126444,377,S4_twin_shock_cex_intervention,indonesia,USDC
810,0.779460316760619,75636.47026773283,377,S4_twin_shock_cex_intervention,indonesia,USDC
811,0.7601207823837985,73745.5585110395,377,S4_twin_shock_cex_intervention,indonesia,USDC
812,0.7606412359760609,71901.91954826351,377,S4_twin_shock_cex_intervention,indonesia,USDC
813,0.7568170882685111,70104.37155955692,377,S4_twin_shock_cex_intervention,indonesia,USDC
814,0.7486694795025097,68351.762270568,377,S4_twin_shock_cex_intervention,indonesia,USDC
815,0.7835210450807103,66642.9682138038,377,S4_twin_shock_cex_intervention,indonesia,USDC
816,0.7505320147383495,64976.8940084587,377,S4_twin_shock_cex_intervention,indonesia,USDC
817,0.7626737652979549,63352.47165824723,377,S4_twin_shock_cex_intervention,indonesia,USDC
818,0.7896139863898587,61768.65986679106,377,S4_twin_shock_cex_intervention,indonesia,USDC
819,0.8111647153877797,60224.44337012128,377,S4_twin_shock_cex_intervention,indonesia,USDC
820,0.7956254182117334,58718.83228586825,377,S4_twin_shock_cex_intervention,indonesia,USDC
821,0.8088683905309516,57250.861478721534,377,S4_twin_shock_cex_intervention,indonesia,USDC
822,0.8214371253138643,55819.5899417535,377,S4_twin_shock_cex_intervention,indonesia,USDC
823,0.8208086209404545,54424.100193209655,377,S4_twin_shock_cex_intervention,indonesia,USDC
824,0.8182488299573125,53063.497688379415,377,S4_twin_shock_cex_intervention,indonesia,USDC
825,0.7814857721616322,51736.91024616993,377,S4_twin_shock_cex_intervention,indonesia,USDC
826,0.7758680699384333,50443.48749001568,377,S4_twin_shock_cex_intervention,indonesia,USDC
827,0.7935697370307319,49182.400302765294,377,S4_twin_shock_cex_intervention,indonesia,USDC
828,0.7899681229041792,47952.84029519616,377,S4_twin_shock_cex_intervention,indonesia,USDC
829,0.7646165085227291,46754.019287816256,377,S4_twin_shock_cex_intervention,indonesia,USDC
830,0.7601416725920928,45585.16880562085,377,S4_twin_shock_cex_intervention,indonesia,USDC
831,0.7425868608326103,44445.53958548033,377,S4_twin_shock_cex_intervention,indonesia,USDC
832,0.746761597608986,43334.40109584332,377,S4_twin_shock_cex_intervention,indonesia,USDC
833,0.7265562073903237,42251.04106844724,377,S4_twin_shock_cex_intervention,indonesia,USDC
834,0.7384067480508619,41194.76504173606,377,S4_twin_shock_cex_intervention,indonesia,USDC
835,0.7314045271921886,40164.89591569265,377,S4_twin_shock_cex_intervention,indonesia,USDC
836,0.7443772144806632,39160.773517800335,377,S4_twin_shock_cex_intervention,indonesia,USDC
837,0.7674403250179158,38181.75417985533,377,S4_twin_shock_cex_intervention,indonesia,USDC
838,0.7665762736799755,37227.210325358945,377,S4_twin_shock_cex_intervention,indonesia,USDC
839,0.7711679040021826,36296.53006722497,377,S4_twin_shock_cex_intervention,indonesia,USDC
840,0.7659620489302401,35389.116815544345,377,S4_twin_shock_cex_intervention,indonesia,USDC
841,0.7967700966667377,34504.38889515574,377,S4_twin_shock_cex_intervention,indonesia,USDC
842,0.7840041542472753,33641.77917277684,377,S4_twin_shock_cex_intervention,indonesia,USDC
843,0.7969495727577879,32800.734693457416,377,S4_twin_shock_cex_intervention,indonesia,USDC
844,0.7943650890205545,31980.716326120986,377,S4_twin_shock_cex_intervention,indonesia,USDC
845,0.7911336506147644,31181.198417967964,377,S4_twin_shock_cex_intervention,indonesia,USDC
846,0.8197346401429819,30401.668457518765,377,S4_twin_shock_cex_intervention,indonesia,USDC
847,0.8080802823310249,29641.626746080794,377,S4_twin_shock_cex_intervention,indonesia,USDC
848,0.7993440435888371,28900.586077428772,377,S4_twin_shock_cex_intervention,indonesia,USDC
849,0.7933724652771709,28178.071425493054,377,S4_twin_shock_cex_intervention,indonesia,USDC
850,0.7890882683195024,27473.619639855726,377,S4_twin_shock_cex_intervention,indonesia,USDC
851,0.7892633856164781,26786.779148859336,377,S4_twin_shock_cex_intervention,indonesia,USDC
852,0.7936617432483857,26117.10967013785,377,S4_twin_shock_cex_intervention,indonesia,USDC
853,0.7905102524288236,25464.181928384405,377,S4_twin_shock_cex_intervention,indonesia,USDC
854,0.8122397117483063,24827.577380174793,377,S4_twin_shock_cex_intervention,indonesia,USDC
855,0.8088616272930256,24206.887945670424,377,S4_twin_shock_cex_intervention,indonesia,USDC
856,0.8364496970491068,23601.715747028666,377,S4_twin_shock_cex_intervention,indonesia,USDC
857,0.8056425203447719,23011.67285335295,377,S4_twin_shock_cex_intervention,indonesia,USDC
858,0.7916046453320857,22436.381032019126,377,S4_twin_shock_cex_intervention,indonesia,USDC
859,0.7786765229221366,21875.471506218644,377,S4_twin_shock_cex_intervention,indonesia,USDC
860,0.7653821787560671,21328.58471856318,377,S4_twin_shock_cex_intervention,indonesia,USDC
861,0.7652972816111585,20795.370100599102,377,S4_twin_shock_cex_intervention,indonesia,USDC
862,0.7773538386826779,20275.48584808412,377,S4_twin_shock_cex_intervention,indonesia,USDC
863,0.792502794432542,19768.59870188202,377,S4_twin_shock_cex_intervention,indonesia,USDC
864,0.7943901748722485,19274.38373433497,377,S4_twin_shock_cex_intervention,indonesia,USDC
865,0.8029675443212122,18792.524140976595,377,S4_twin_shock_cex_intervention,indonesia,USDC
866,0.8299818398302833,18322.711037452176,377,S4_twin_shock_cex_intervention,indonesia,USDC
867,0.8160975668808383,17864.643261515874,377,S4_twin_shock_cex_intervention,indonesia,USDC
868,0.8047326269745164,17418.027179977977,377,S4_twin_shock_cex_intervention,indonesia,USDC
869,0.8022658851408662,16982.576500478528,377,S4_twin_shock_cex_intervention,indonesia,USDC
870,0.8170489446171888,16558.012087966566,377,S4_twin_shock_cex_intervention,indonesia,USDC
871,0.820168611029107,16144.0617857674,377,S4_twin_shock_cex_intervention,indonesia,USDC
872,0.7808272780844081,15740.460241123215,377,S4_twin_shock_cex_intervention,indonesia,USDC
873,0.7885820750276362,15346.948735095135,377,S4_twin_shock_cex_intervention,indonesia,USDC
874,0.7828275109455636,14963.275016717758,377,S4_twin_shock_cex_intervention,indonesia,USDC
875,0.7833077144416752,14589.193141299815,377,S4_twin_shock_cex_intervention,indonesia,USDC
876,0.7747646454115725,14224.463312767319,377,S4_twin_shock_cex_intervention,indonesia,USDC
877,0.7651751205811483,13868.851729948135,377,S4_twin_shock_cex_intervention,indonesia,USDC
878,0.7509137602798334,13522.130436699434,377,S4_twin_shock_cex_intervention,indonesia,USDC
879,0.7725450113517983,13184.077175781948,377,S4_twin_shock_cex_intervention,indonesia,USDC
880,0.769140388252607,12854.4752463874,377,S4_twin_shock_cex_intervention,indonesia,USDC
881,0.7825298698409127,12533.113365227713,377,S4_twin_shock_cex_intervention,indonesia,USDC
882,0.7821844004889683,12219.785531097023,377,S4_twin_shock_cex_intervention,indonesia,USDC
883,0.7705346836754648,11914.290892819596,377,S4_twin_shock_cex_intervention,indonesia,USDC
884,0.650313146446046,11616.433620499105,377,S4_twin_shock_cex_intervention,indonesia,USDC
885,0.6713271229509729,11326.02277998663,377,S4_twin_shock_cex_intervention,indonesia,USDC
886,0.6664054964786876,11042.872210486963,377,S4_twin_shock_cex_intervention,indonesia,USDC
887,0.6726958872599805,10766.800405224789,377,S4_twin_shock_cex_intervention,indonesia,USDC
888,0.6918522440003869,10497.63039509417,377,S4_twin_shock_cex_intervention,indonesia,USDC
889,0.707775425897743,10235.189635216815,377,S4_twin_shock_cex_intervention,indonesia,USDC
890,0.7337926927824472,9979.309894336395,377,S4_twin_shock_cex_intervention,indonesia,USDC
891,0.7351261816427106,9729.827146977985,377,S4_twin_shock_cex_intervention,indonesia,USDC
892,0.7230231101790081,9486.581468303535,377,S4_twin_shock_cex_intervention,indonesia,USDC
893,0.7155207481780708,9249.416931595946,377,S4_twin_shock_cex_intervention,indonesia,USDC
894,0.7317106437199327,9018.181508306046,377,S4_twin_shock_cex_intervention,indonesia,USDC
895,0.7287456249333137,8792.726970598396,377,S4_twin_shock_cex_intervention,indonesia,USDC
896,0.736404562749969,8572.908796333437,377,S4_twin_shock_cex_intervention,indonesia,USDC
897,0.7338677511728908,8358.586076425101,377,S4_twin_shock_cex_intervention,indonesia,USDC
898,0.7564103939927614,8149.621424514473,377,S4_twin_shock_cex_intervention,indonesia,USDC
899,0.7752184025813749,7945.880888901612,377,S4_twin_shock_cex_intervention,indonesia,USDC
900,0.7673095972816689,7747.233866679071,377,S4_twin_shock_cex_intervention,indonesia,USDC
901,0.7963206034467114,7553.553020012094,377,S4_twin_shock_cex_intervention,indonesia,USDC
902,0.7857800354673679,7364.714194511791,377,S4_twin_shock_cex_intervention,indonesia,USDC
903,0.7935099419447164,7180.596339648997,377,S4_twin_shock_cex_intervention,indonesia,USDC
904,0.7776758537952223,7001.081431157772,377,S4_twin_shock_cex_intervention,indonesia,USDC
905,0.7823444271500801,6826.054395378827,377,S4_twin_shock_cex_intervention,indonesia,USDC
906,0.769425994539807,6655.403035494357,377,S4_twin_shock_cex_intervention,indonesia,USDC
907,0.7629514682046771,6489.017959606999,377,S4_twin_shock_cex_intervention,indonesia,USDC
908,0.7551701917403939,6326.792510616824,377,S4_twin_shock_cex_intervention,indonesia,USDC
909,0.7499705533893551,6168.622697851403,377,S4_twin_shock_cex_intervention,indonesia,USDC
910,0.7801714186092813,6014.407130405118,377,S4_twin_shock_cex_intervention,indonesia,USDC
911,0.7824780526750412,5864.0469521449895,377,S4_twin_shock_cex_intervention,indonesia,USDC
912,0.7922952612658056,5717.445778341365,377,S4_twin_shock_cex_intervention,indonesia,USDC
913,0.828967335720294,5574.509633882831,377,S4_twin_shock_cex_intervention,indonesia,USDC
914,0.8061459267650529,5435.1468930357605,377,S4_twin_shock_cex_intervention,indonesia,USDC
915,0.8182588513169649,5299.268220709866,377,S4_twin_shock_cex_intervention,indonesia,USDC
916,0.809934957591239,5166.78651519212,377,S4_twin_shock_cex_intervention,indonesia,USDC
917,0.8062030387453905,5037.616852312316,377,S4_twin_shock_cex_intervention,indonesia,USDC
918,0.7930214583132034,4911.676431004508,377,S4_twin_shock_cex_intervention,indonesia,USDC
919,0.791296590379499,4788.884520229396,377,S4_twin_shock_cex_intervention,indonesia,USDC
920,0.7893267168646664,4669.162407223661,377,S4_twin_shock_cex_intervention,indonesia,USDC
921,0.7766916595608558,4552.433347043069,377,S4_twin_shock_cex_intervention,indonesia,USDC
922,0.7779967386946303,4438.622513366992,377,S4_twin_shock_cex_intervention,indonesia,USDC
923,0.7661964683700916,4327.656950532817,377,S4_twin_shock_cex_intervention,indonesia,USDC
924,0.759414154425113,4219.465526769497,377,S4_twin_shock_cex_intervention,indonesia,USDC
925,0.7537050464399141,4113.97888860026,377,S4_twin_shock_cex_intervention,indonesia,USDC
926,0.7721042883359883,4011.129416385253,377,S4_twin_shock_cex_intervention,indonesia,USDC
927,0.768237451010063,3910.851180975622,377,S4_twin_shock_cex_intervention,indonesia,USDC
928,0.7799496654513591,3813.0799014512313,377,S4_twin_shock_cex_intervention,indonesia,USDC
929,0.7776787554618964,3717.7529039149504,377,S4_twin_shock_cex_intervention,indonesia,USDC
930,0.7761695513920469,3624.8090813170766,377,S4_twin_shock_cex_intervention,indonesia,USDC
931,0.7552977286627003,3534.18885428415,377,S4_twin_shock_cex_intervention,indonesia,USDC
932,0.75457550417676,3445.834132927046,377,S4_twin_shock_cex_intervention,indonesia,USDC
933,0.7561405396112111,3359.68827960387,377,S4_twin_shock_cex_intervention,indonesia,USDC
934,0.769746732918877,3275.696072613773,377,S4_twin_shock_cex_intervention,indonesia,USDC
935,0.7688918821710278,3193.8036707984284,377,S4_twin_shock_cex_intervention,indonesia,USDC
936,0.7695014009037947,3113.958579028468,377,S4_twin_shock_cex_intervention,indonesia,USDC
937,0.7730574867105887,3036.1096145527563,377,S4_twin_shock_cex_intervention,indonesia,USDC
938,0.7751903600116911,2960.2068741889375,377,S4_twin_shock_cex_intervention,indonesia,USDC
939,0.7892343208923595,2886.201702334214,377,S4_twin_shock_cex_intervention,indonesia,USDC
940,0.7747006006931557,2814.0466597758586,377,S4_twin_shock_cex_intervention,indonesia,USDC
941,0.7599133265715039,2743.6954932814624,377,S4_twin_shock_cex_intervention,indonesia,USDC
942,0.7638579516624037,2675.1031059494258,377,S4_twin_shock_cex_intervention,indonesia,USDC
943,0.7406971142333878,2608.22552830069,377,S4_twin_shock_cex_intervention,indonesia,USDC
944,0.7280002506771582,2543.0198900931728,377,S4_twin_shock_cex_intervention,indonesia,USDC
945,0.7112591007284922,2479.444392840843,377,S4_twin_shock_cex_intervention,indonesia,USDC
946,0.7208656103671032,2417.4582830198224,377,S4_twin_shock_cex_intervention,indonesia,USDC
947,0.7452861330873991,2357.021825944327,377,S4_twin_shock_cex_intervention,indonesia,USDC
948,0.7395349758688596,2298.0962802957183,377,S4_twin_shock_cex_intervention,indonesia,USDC
949,0.7688980849216362,2240.6438732883253,377,S4_twin_shock_cex_intervention,indonesia,USDC
950,0.7715969280819407,2184.6277764561173,377,S4_twin_shock_cex_intervention,indonesia,USDC
951,0.7748278473006907,2130.0120820447146,377,S4_twin_shock_cex_intervention,indonesia,USDC
952,0.7909312158702846,2076.761779993597,377,S4_twin_shock_cex_intervention,indonesia,USDC
953,0.7834006615047129,2024.842735493757,377,S4_twin_shock_cex_intervention,indonesia,USDC
954,0.784120831828668,1974.221667106413,377,S4_twin_shock_cex_intervention,indonesia,USDC
955,0.7867794876239469,1924.8661254287526,377,S4_twin_shock_cex_intervention,indonesia,USDC
956,0.8065707124502219,1876.7444722930336,377,S4_twin_shock_cex_intervention,indonesia,USDC
957,0.8078272786201124,1829.8258604857078,377,S4_twin_shock_cex_intervention,indonesia,USDC
958,0.7983785713272529,1784.0802139735652,377,S4_twin_shock_cex_intervention,indonesia,USDC
959,0.8220176193478655,1739.4782086242262,377,S4_twin_shock_cex_intervention,indonesia,USDC
960,0.8079042277474305,1695.9912534086204,377,S4_twin_shock_cex_intervention,indonesia,USDC
961,0.8219904113861423,1653.591472073405,377,S4_twin_shock_cex_intervention,indonesia,USDC
962,0.7772337636852089,1612.2516852715698,377,S4_twin_shock_cex_intervention,indonesia,USDC
963,0.7648916959006588,1571.9453931397804,377,S4_twin_shock_cex_intervention,indonesia,USDC
964,0.7947737773812368,1532.646758311286,377,S4_twin_shock_cex_intervention,indonesia,USDC
965,0.7741874000441531,1494.330589353504,377,S4_twin_shock_cex_intervention,indonesia,USDC
966,0.763606289465905,1456.9723246196663,377,S4_twin_shock_cex_intervention,indonesia,USDC
967,0.7608262074774899,1420.5480165041745,377,S4_twin_shock_cex_intervention,indonesia,USDC
968,0.7724738200188614,1385.0343160915702,377,S4_twin_shock_cex_intervention,indonesia,USDC
969,0.7700066861943947,1350.408458189281,377,S4_twin_shock_cex_intervention,indonesia,USDC
970,0.7765236863780594,1316.6482467345488,377,S4_twin_shock_cex_intervention,indonesia,USDC
971,0.7775648405026037,1283.732040566185,377,S4_twin_shock_cex_intervention,indonesia,USDC
972,0.7741169921271718,1251.6387395520303,377,S4_twin_shock_cex_intervention,indonesia,USDC
973,0.8004631948110208,1220.3477710632296,377,S4_twin_shock_cex_intervention,indonesia,USDC
974,0.8013626994251508,1189.839076786649,377,S4_twin_shock_cex_intervention,indonesia,USDC
975,0.8150657267180353,1160.0930998669826,377,S4_twin_shock_cex_intervention,indonesia,USDC
976,0.8150974712368871,1131.090772370308,377,S4_twin_shock_cex_intervention,indonesia,USDC
977,0.8061004710915365,1102.8135030610504,377,S4_twin_shock_cex_intervention,indonesia,USDC
978,0.801902622929719,1075.243165484524,377,S4_twin_shock_cex_intervention,indonesia,USDC
979,0.8082343077150062,1048.362086347411,377,S4_twin_shock_cex_intervention,indonesia,USDC
980,0.8142964596162744,1022.1530341887258,377,S4_twin_shock_cex_intervention,indonesia,USDC
981,0.8274187879712952,996.5992083340077,377,S4_twin_shock_cex_intervention,indonesia,USDC
982,0.8065802670175523,971.6842281256573,377,S4_twin_shock_cex_intervention,indonesia,USDC
983,0.8124544240058547,947.392122422516,377,S4_twin_shock_cex_intervention,indonesia,USDC
984,0.8098376013306047,923.707319361953,377,S4_twin_shock_cex_intervention,indonesia,USDC
985,0.7917999994748456,900.6146363779042,377,S4_twin_shock_cex_intervention,indonesia,USDC
986,0.80533962114991,878.0992704684566,377,S4_twin_shock_cex_intervention,indonesia,USDC
987,0.8223096921138698,856.1467887067452,377,S4_twin_shock_cex_intervention,indonesia,USDC
988,0.8326310202160113,834.7431189890765,377,S4_twin_shock_cex_intervention,indonesia,USDC
989,0.8285158560042087,813.8745410143497,377,S4_twin_shock_cex_intervention,indonesia,USDC
990,0.7992907489529365,793.527677488991,377,S4_twin_shock_cex_intervention,indonesia,USDC
991,0.7977027321412485,773.6894855517662,377,S4_twin_shock_cex_intervention,indonesia,USDC
992,0.7940386981911549,754.347248412972,377,S4_twin_shock_cex_intervention,indonesia,USDC
993,0.804969057162243,735.4885672026477,377,S4_twin_shock_cex_intervention,indonesia,USDC
994,0.7795672726179806,717.1013530225815,377,S4_twin_shock_cex_intervention,indonesia,USDC
995,0.7888428818195801,699.173819197017,377,S4_twin_shock_cex_intervention,indonesia,USDC
996,0.7869406356228259,681.6944737170915,377,S4_twin_shock_cex_intervention,indonesia,USDC
997,0.7708427445755496,664.6521118741642,377,S4_twin_shock_cex_intervention,indonesia,USDC
998,0.7436774408821668,648.0358090773101,377,S4_twin_shock_cex_intervention,indonesia,USDC
999,0.7657721288446597,631.8349138503773,377,S4_twin_shock_cex_intervention,indonesia,USDC
1000,0.7571102866081129,616.039041004118,377,S4_twin_shock_cex_intervention,indonesia,USDC
