Step,price,liquidity,iteration,scenario,region,coin
1,250000.95402134646,2989437178672.4717,348,S4_twin_shock_cex_intervention,indonesia,USDC
2,187502.0,2989446553672.4717,348,S4_twin_shock_cex_intervention,indonesia,USDC
3,140627.0,2989453584922.4717,348,S4_twin_shock_cex_intervention,indonesia,USDC
4,105470.75,2989458858359.9717,348,S4_twin_shock_cex_intervention,indonesia,USDC
5,79103.5625,2989462813438.0967,348,S4_twin_shock_cex_intervention,indonesia,USDC
6,59328.171875,2989465779746.6904,348,S4_twin_shock_cex_intervention,indonesia,USDC
7,44496.62890625,2989468004478.1357,348,S4_twin_shock_cex_intervention,indonesia,USDC
8,33372.9716796875,2989469673026.7197,348,S4_twin_shock_cex_intervention,indonesia,USDC
9,25030.228759765625,2989470924438.1577,348,S4_twin_shock_cex_intervention,indonesia,USDC
10,18773.17156982422,2989471862996.7363,348,S4_twin_shock_cex_intervention,indonesia,USDC
11,14080.378677368164,2989472566915.67,348,S4_twin_shock_cex_intervention,indonesia,USDC
12,10560.784008026123,2989473094854.8706,348,S4_twin_shock_cex_intervention,indonesia,USDC
13,7921.088006019592,2989473490809.271,348,S4_twin_shock_cex_intervention,indonesia,USDC
14,5941.316004514694,2989473787775.0713,348,S4_twin_shock_cex_intervention,indonesia,USDC
15,4456.487003386021,2989474010499.4214,348,S4_twin_shock_cex_intervention,indonesia,USDC
16,3342.8652525395155,2989474177542.684,348,S4_twin_shock_cex_intervention,indonesia,USDC
17,2507.6489394046366,2989474302825.131,348,S4_twin_shock_cex_intervention,indonesia,USDC
18,1881.2367045534775,2989474396786.966,348,S4_twin_shock_cex_intervention,indonesia,USDC
19,1411.427528415108,2989474467258.343,348,S4_twin_shock_cex_intervention,indonesia,USDC
20,1059.070646311331,2989474520111.875,348,S4_twin_shock_cex_intervention,indonesia,USDC
21,794.8029847334983,2989474559752.0244,348,S4_twin_shock_cex_intervention,indonesia,USDC
22,596.6022385501237,2989474589482.136,348,S4_twin_shock_cex_intervention,indonesia,USDC
23,447.9516789125928,2989474611779.72,348,S4_twin_shock_cex_intervention,indonesia,USDC
24,336.4637591844446,2989474628502.908,348,S4_twin_shock_cex_intervention,indonesia,USDC
25,252.84781938833345,2989474641045.299,348,S4_twin_shock_cex_intervention,indonesia,USDC
26,190.1358645412501,2989474650452.0923,348,S4_twin_shock_cex_intervention,indonesia,USDC
27,143.1018984059376,2989474657507.1875,348,S4_twin_shock_cex_intervention,indonesia,USDC
28,107.82642380445319,2989474662798.509,348,S4_twin_shock_cex_intervention,indonesia,USDC
29,81.3698178533399,2989474666766.9995,348,S4_twin_shock_cex_intervention,indonesia,USDC
30,61.52736339000492,2989474669743.3677,348,S4_twin_shock_cex_intervention,indonesia,USDC
31,46.6455225425037,2989474671975.6436,348,S4_twin_shock_cex_intervention,indonesia,USDC
32,35.484141906877774,2989474673649.851,348,S4_twin_shock_cex_intervention,indonesia,USDC
33,27.11310643015833,2989474674905.5063,348,S4_twin_shock_cex_intervention,indonesia,USDC
34,20.834829822618744,2989474675847.2476,348,S4_twin_shock_cex_intervention,indonesia,USDC
35,16.12612236696406,2989474676553.5537,348,S4_twin_shock_cex_intervention,indonesia,USDC
36,12.594591775223044,2989474677083.2837,348,S4_twin_shock_cex_intervention,indonesia,USDC
37,9.945943831417281,2989474677480.5806,348,S4_twin_shock_cex_intervention,indonesia,USDC
38,7.959457873562963,2989474677778.5537,348,S4_twin_shock_cex_intervention,indonesia,USDC
39,6.469593405172222,2989474678002.033,348,S4_twin_shock_cex_intervention,indonesia,USDC
40,5.352195053879166,2989474678169.6426,348,S4_twin_shock_cex_intervention,indonesia,USDC
41,4.514146290409375,2989474678295.35,348,S4_twin_shock_cex_intervention,indonesia,USDC
42,3.8856097178070312,2989474678389.631,348,S4_twin_shock_cex_intervention,indonesia,USDC
43,3.414207288355273,2989474678460.341,348,S4_twin_shock_cex_intervention,indonesia,USDC
44,3.060655466266455,2989474678513.374,348,S4_twin_shock_cex_intervention,indonesia,USDC
45,2.795491599699841,2989474678553.1484,348,S4_twin_shock_cex_intervention,indonesia,USDC
46,2.596618699774881,2989474678582.9795,348,S4_twin_shock_cex_intervention,indonesia,USDC
47,2.4474640248311608,2989474678605.3525,348,S4_twin_shock_cex_intervention,indonesia,USDC
48,2.3355980186233705,2989474678622.1323,348,S4_twin_shock_cex_intervention,indonesia,USDC
49,2.251698513967528,2989474678634.7173,348,S4_twin_shock_cex_intervention,indonesia,USDC
50,2.188773885475646,2989474678644.156,348,S4_twin_shock_cex_intervention,indonesia,USDC
51,2.1415804141067345,2989474678651.235,348,S4_twin_shock_cex_intervention,indonesia,USDC
52,2.0794243321014947,2989474678656.544,348,S4_twin_shock_cex_intervention,indonesia,USDC
53,2.0263768471258468,2989474678660.526,348,S4_twin_shock_cex_intervention,indonesia,USDC
54,1.9739445276771466,2989474678663.512,348,S4_twin_shock_cex_intervention,indonesia,USDC
55,1.924789754124031,2989474678665.752,348,S4_twin_shock_cex_intervention,indonesia,USDC
56,1.8743530907039079,2989474678667.4316,348,S4_twin_shock_cex_intervention,indonesia,USDC
57,1.8134511407410856,2989474678668.6914,348,S4_twin_shock_cex_intervention,indonesia,USDC
58,1.7418861848670288,2989474678669.6367,348,S4_twin_shock_cex_intervention,indonesia,USDC
59,1.7171207647015214,2989474678670.345,348,S4_twin_shock_cex_intervention,indonesia,USDC
60,1.6860360674960033,2989474678670.8765,348,S4_twin_shock_cex_intervention,indonesia,USDC
61,1.645582026705591,2989474678671.2754,348,S4_twin_shock_cex_intervention,indonesia,USDC
62,1.6058293210955128,2989474678671.574,348,S4_twin_shock_cex_intervention,indonesia,USDC
63,1.4941623423005579,2989474678671.7983,348,S4_twin_shock_cex_intervention,indonesia,USDC
64,1.4333377622900494,2989474678671.9663,348,S4_twin_shock_cex_intervention,indonesia,USDC
65,1.395785168954142,2989474678672.0923,348,S4_twin_shock_cex_intervention,indonesia,USDC
66,1.3598385570842892,2989474678672.1865,348,S4_twin_shock_cex_intervention,indonesia,USDC
67,1.3450715154258974,2989474678672.258,348,S4_twin_shock_cex_intervention,indonesia,USDC
68,1.315589121342159,2989474678672.311,348,S4_twin_shock_cex_intervention,indonesia,USDC
69,1.327858042420154,2989474678672.3506,348,S4_twin_shock_cex_intervention,indonesia,USDC
70,1.2829287609272149,2989474678672.381,348,S4_twin_shock_cex_intervention,indonesia,USDC
71,1.2875780487213617,2989474678672.4033,348,S4_twin_shock_cex_intervention,indonesia,USDC
72,1.2313594580169949,2989474678672.42,348,S4_twin_shock_cex_intervention,indonesia,USDC
73,1.2467293965904886,2989474678672.4326,348,S4_twin_shock_cex_intervention,indonesia,USDC
74,1.2115694032127036,2989474678672.442,348,S4_twin_shock_cex_intervention,indonesia,USDC
75,1.2184714681510618,2989474678672.449,348,S4_twin_shock_cex_intervention,indonesia,USDC
76,1.239397404169466,2989474678672.4546,348,S4_twin_shock_cex_intervention,indonesia,USDC
77,1.2065631898415345,2989474678672.4585,348,S4_twin_shock_cex_intervention,indonesia,USDC
78,1.1875248668286622,2989474678672.4614,348,S4_twin_shock_cex_intervention,indonesia,USDC
79,1.1834981005516703,2989474678672.464,348,S4_twin_shock_cex_intervention,indonesia,USDC
80,1.1869002357481737,2989474678672.4653,348,S4_twin_shock_cex_intervention,indonesia,USDC
81,1.1567357610228701,2989474678672.467,348,S4_twin_shock_cex_intervention,indonesia,USDC
82,1.1310921148132997,2989474678672.468,348,S4_twin_shock_cex_intervention,indonesia,USDC
83,1.1428792034423099,2989474678672.4683,348,S4_twin_shock_cex_intervention,indonesia,USDC
84,1.1102735535683073,2989474678672.4688,348,S4_twin_shock_cex_intervention,indonesia,USDC
85,1.140257129409308,2989474678672.469,348,S4_twin_shock_cex_intervention,indonesia,USDC
86,1.1336391519412832,2989474678672.4697,348,S4_twin_shock_cex_intervention,indonesia,USDC
87,1.073380774863438,2989474678672.4697,348,S4_twin_shock_cex_intervention,indonesia,USDC
88,1.0255133649209738,2989474678672.4697,348,S4_twin_shock_cex_intervention,indonesia,USDC
89,1.0131122903008316,2989474678672.4697,348,S4_twin_shock_cex_intervention,indonesia,USDC
90,0.9781190157713566,2989474678672.4697,348,S4_twin_shock_cex_intervention,indonesia,USDC
91,0.9879360234804943,2989474678672.4697,348,S4_twin_shock_cex_intervention,indonesia,USDC
92,0.9680941852709007,2989474678672.4697,348,S4_twin_shock_cex_intervention,indonesia,USDC
93,0.9669834308697605,2989389685817.8135,348,S4_twin_shock_cex_intervention,indonesia,USDC
94,0.9851294236879585,2989203358229.161,348,S4_twin_shock_cex_intervention,indonesia,USDC
95,1.0134949486080873,2989203358229.161,348,S4_twin_shock_cex_intervention,indonesia,USDC
96,1.0174951451448098,2989203358229.161,348,S4_twin_shock_cex_intervention,indonesia,USDC
97,1.0126928860426545,2989203358229.161,348,S4_twin_shock_cex_intervention,indonesia,USDC
98,1.0250589351460735,2989203358229.161,348,S4_twin_shock_cex_intervention,indonesia,USDC
99,1.0521844634795023,2989203358229.161,348,S4_twin_shock_cex_intervention,indonesia,USDC
100,1.0499088724232888,2989203358229.161,348,S4_twin_shock_cex_intervention,indonesia,USDC
101,0.8907061257034075,2989203358229.161,348,S4_twin_shock_cex_intervention,indonesia,USDC
102,0.9188872373656446,2984433049669.5947,348,S4_twin_shock_cex_intervention,indonesia,USDC
103,0.9284968890468649,2981613493393.8154,348,S4_twin_shock_cex_intervention,indonesia,USDC
104,0.9052511784094608,2979446939009.3774,348,S4_twin_shock_cex_intervention,indonesia,USDC
105,0.9191395578373942,2976274007666.9873,348,S4_twin_shock_cex_intervention,indonesia,USDC
106,0.9423858295574578,2973884943975.6157,348,S4_twin_shock_cex_intervention,indonesia,USDC
107,0.9497518193217948,2972664596099.9346,348,S4_twin_shock_cex_intervention,indonesia,USDC
108,0.9580585627284637,2971763031923.081,348,S4_twin_shock_cex_intervention,indonesia,USDC
109,0.956538880503172,2971242430152.299,348,S4_twin_shock_cex_intervention,indonesia,USDC
110,0.9254386436991621,2970662800571.0786,348,S4_twin_shock_cex_intervention,indonesia,USDC
111,0.9235245879798875,2968770637091.4023,348,S4_twin_shock_cex_intervention,indonesia,USDC
112,0.9258166574006996,2966887857856.0977,348,S4_twin_shock_cex_intervention,indonesia,USDC
113,0.9595343746298561,2965326757259.042,348,S4_twin_shock_cex_intervention,indonesia,USDC
114,0.9758112682179343,2965014720574.3135,348,S4_twin_shock_cex_intervention,indonesia,USDC
115,0.9723617991948953,2965014720574.3135,348,S4_twin_shock_cex_intervention,indonesia,USDC
116,0.9762428386911932,2965014720574.3135,348,S4_twin_shock_cex_intervention,indonesia,USDC
117,0.9984163495251747,2965014720574.3135,348,S4_twin_shock_cex_intervention,indonesia,USDC
118,1.0340340131461296,2965014720574.3135,348,S4_twin_shock_cex_intervention,indonesia,USDC
119,1.0238665039713069,2965014720574.3135,348,S4_twin_shock_cex_intervention,indonesia,USDC
120,1.011081450762609,2965014720574.3135,348,S4_twin_shock_cex_intervention,indonesia,USDC
121,1.0158592971376432,2890889352559.956,348,S4_twin_shock_cex_intervention,indonesia,USDC
122,1.012106188155518,2818617118745.957,348,S4_twin_shock_cex_intervention,indonesia,USDC
123,0.9709628204820793,2748151690777.308,348,S4_twin_shock_cex_intervention,indonesia,USDC
124,0.9347962002579646,2679447898507.8755,348,S4_twin_shock_cex_intervention,indonesia,USDC
125,0.9220599723709586,2611242661656.492,348,S4_twin_shock_cex_intervention,indonesia,USDC
126,0.9070684137338202,2544399018839.631,348,S4_twin_shock_cex_intervention,indonesia,USDC
127,0.8937216809088255,2478874054903.386,348,S4_twin_shock_cex_intervention,indonesia,USDC
128,0.9156328117826722,2414601411547.261,348,S4_twin_shock_cex_intervention,indonesia,USDC
129,0.9015939891687148,2352726709191.2285,348,S4_twin_shock_cex_intervention,indonesia,USDC
130,0.9047354343715565,2292153681257.8105,348,S4_twin_shock_cex_intervention,indonesia,USDC
131,0.8777374867874076,2233208831195.3877,348,S4_twin_shock_cex_intervention,indonesia,USDC
132,0.8518244298976383,2175263141359.1335,348,S4_twin_shock_cex_intervention,indonesia,USDC
133,0.8373741894274633,2118421141651.9983,348,S4_twin_shock_cex_intervention,indonesia,USDC
134,0.842095478052307,2063025680953.5786,348,S4_twin_shock_cex_intervention,indonesia,USDC
135,0.8111978672102821,2009374849105.5151,348,S4_twin_shock_cex_intervention,indonesia,USDC
136,0.8305155228122635,1956947459211.5862,348,S4_twin_shock_cex_intervention,indonesia,USDC
137,0.836583385634074,1906374465340.2476,348,S4_twin_shock_cex_intervention,indonesia,USDC
138,0.8265842512635931,1857391814597.486,348,S4_twin_shock_cex_intervention,indonesia,USDC
139,0.8219399643951941,1809776683645.849,348,S4_twin_shock_cex_intervention,indonesia,USDC
140,0.799403769531227,1763415459402.5054,348,S4_twin_shock_cex_intervention,indonesia,USDC
141,0.7720087191885845,1718239692280.3057,348,S4_twin_shock_cex_intervention,indonesia,USDC
142,0.8013162645982732,1674260817419.83,348,S4_twin_shock_cex_intervention,indonesia,USDC
143,0.7945082071382136,1631693638296.6821,348,S4_twin_shock_cex_intervention,indonesia,USDC
144,0.79267944086295,1590326287402.642,348,S4_twin_shock_cex_intervention,indonesia,USDC
145,0.7635193883074707,1550076228215.941,348,S4_twin_shock_cex_intervention,indonesia,USDC
146,0.7672652786715816,1510860958471.7183,348,S4_twin_shock_cex_intervention,indonesia,USDC
147,0.7606516190645827,1472711139712.4717,348,S4_twin_shock_cex_intervention,indonesia,USDC
148,0.7586895623643959,1435588622433.7026,348,S4_twin_shock_cex_intervention,indonesia,USDC
149,0.7866836992350612,1399445637614.275,348,S4_twin_shock_cex_intervention,indonesia,USDC
150,0.8033285704149576,1364294392528.6182,348,S4_twin_shock_cex_intervention,indonesia,USDC
151,0.8031700346324787,1330066698548.5623,348,S4_twin_shock_cex_intervention,indonesia,USDC
152,0.8094006968320623,1296709766025.9824,348,S4_twin_shock_cex_intervention,indonesia,USDC
153,0.808914468471029,1264209533492.1387,348,S4_twin_shock_cex_intervention,indonesia,USDC
154,0.8113128154816405,1232534760291.7134,348,S4_twin_shock_cex_intervention,indonesia,USDC
155,0.8228557269352941,1201664981100.877,348,S4_twin_shock_cex_intervention,indonesia,USDC
156,0.8246442320128484,1171577250213.9238,348,S4_twin_shock_cex_intervention,indonesia,USDC
157,0.8303622442352423,1142250631055.4436,348,S4_twin_shock_cex_intervention,indonesia,USDC
158,0.702697507763322,1113663684600.4177,348,S4_twin_shock_cex_intervention,indonesia,USDC
159,0.7120641241013872,1085770056049.1675,348,S4_twin_shock_cex_intervention,indonesia,USDC
160,0.7226664589120695,1058588194868.1984,348,S4_twin_shock_cex_intervention,indonesia,USDC
161,0.7385101856477049,1032097837363.2521,348,S4_twin_shock_cex_intervention,indonesia,USDC
162,0.7345610614657246,1006276078010.9622,348,S4_twin_shock_cex_intervention,indonesia,USDC
163,0.7471607033987065,981104513239.5688,348,S4_twin_shock_cex_intervention,indonesia,USDC
164,0.7523999630645476,956566114114.7744,348,S4_twin_shock_cex_intervention,indonesia,USDC
165,0.7673395548535853,932643993039.679,348,S4_twin_shock_cex_intervention,indonesia,USDC
166,0.7889794421511199,909322109267.8291,348,S4_twin_shock_cex_intervention,indonesia,USDC
167,0.7922788727079892,886584873779.3512,348,S4_twin_shock_cex_intervention,indonesia,USDC
168,0.7940670589818632,864417106971.1587,348,S4_twin_shock_cex_intervention,indonesia,USDC
169,0.8003536648687494,842804050093.9102,348,S4_twin_shock_cex_intervention,indonesia,USDC
170,0.8207109174996045,821731770301.0875,348,S4_twin_shock_cex_intervention,indonesia,USDC
171,0.8231282545638692,801186958631.064,348,S4_twin_shock_cex_intervention,indonesia,USDC
172,0.8314656693059665,781156011680.704,348,S4_twin_shock_cex_intervention,indonesia,USDC
173,0.7925493434656867,761626062889.2927,348,S4_twin_shock_cex_intervention,indonesia,USDC
174,0.7830393883181057,742584255604.3687,348,S4_twin_shock_cex_intervention,indonesia,USDC
175,0.7865787686363163,724018650143.9325,348,S4_twin_shock_cex_intervention,indonesia,USDC
176,0.7812648549808024,705917420906.3031,348,S4_twin_shock_cex_intervention,indonesia,USDC
177,0.7864786191799336,688268800254.4954,348,S4_twin_shock_cex_intervention,indonesia,USDC
178,0.7894657968097858,671061564625.4724,348,S4_twin_shock_cex_intervention,indonesia,USDC
179,0.770218286559889,654284601833.4143,348,S4_twin_shock_cex_intervention,indonesia,USDC
180,0.7586717038677044,637927111306.9111,348,S4_twin_shock_cex_intervention,indonesia,USDC
181,0.7586639339581407,621978602088.0851,348,S4_twin_shock_cex_intervention,indonesia,USDC
182,0.7567366368082444,606428892600.1494,348,S4_twin_shock_cex_intervention,indonesia,USDC
183,0.7693986432301395,591267974279.8445,348,S4_twin_shock_cex_intervention,indonesia,USDC
184,0.7736679823644551,576486125739.8506,348,S4_twin_shock_cex_intervention,indonesia,USDC
185,0.7708071588773376,562073858108.69,348,S4_twin_shock_cex_intervention,indonesia,USDC
186,0.7706760574616801,548021913757.7101,348,S4_twin_shock_cex_intervention,indonesia,USDC
187,0.7397148912109638,534321290799.57874,348,S4_twin_shock_cex_intervention,indonesia,USDC
188,0.7086951862068628,520963188479.55396,348,S4_twin_shock_cex_intervention,indonesia,USDC
189,0.7325524258977163,507939044578.92145,348,S4_twin_shock_cex_intervention,indonesia,USDC
190,0.7368585193120989,495240526417.3616,348,S4_twin_shock_cex_intervention,indonesia,USDC
191,0.7481116919787527,482859480460.70605,348,S4_twin_shock_cex_intervention,indonesia,USDC
192,0.7267975891974525,470787971083.9675,348,S4_twin_shock_cex_intervention,indonesia,USDC
193,0.7453920142033426,459018252196.7325,348,S4_twin_shock_cex_intervention,indonesia,USDC
194,0.771962525572997,447542782419.197,348,S4_twin_shock_cex_intervention,indonesia,USDC
195,0.7775317024483229,436354203199.41614,348,S4_twin_shock_cex_intervention,indonesia,USDC
196,0.7893676628251849,425445340470.8447,348,S4_twin_shock_cex_intervention,indonesia,USDC
197,0.7775958573933972,414809201205.1536,348,S4_twin_shock_cex_intervention,indonesia,USDC
198,0.7907614391736684,404438966281.29114,348,S4_twin_shock_cex_intervention,indonesia,USDC
199,0.7897524918365257,394327988457.00854,348,S4_twin_shock_cex_intervention,indonesia,USDC
200,0.7614438806614651,384469785663.94836,348,S4_twin_shock_cex_intervention,indonesia,USDC
201,0.7248878809237224,374858038176.63696,348,S4_twin_shock_cex_intervention,indonesia,USDC
202,0.704257810958096,365486584631.351,348,S4_twin_shock_cex_intervention,indonesia,USDC
203,0.6882534724121125,356349417888.58124,348,S4_twin_shock_cex_intervention,indonesia,USDC
204,0.6892103688894469,347440680716.4444,348,S4_twin_shock_cex_intervention,indonesia,USDC
205,0.7023341145987407,338754662502.6417,348,S4_twin_shock_cex_intervention,indonesia,USDC
206,0.7267944295271139,330285795107.3403,348,S4_twin_shock_cex_intervention,indonesia,USDC
207,0.636830937752083,322028649681.8094,348,S4_twin_shock_cex_intervention,indonesia,USDC
208,0.6523058740027398,313977932897.0969,348,S4_twin_shock_cex_intervention,indonesia,USDC
209,0.6548386889503853,306128484216.1935,348,S4_twin_shock_cex_intervention,indonesia,USDC
210,0.666517198098066,298475271875.88794,348,S4_twin_shock_cex_intervention,indonesia,USDC
211,0.6806108612245563,291013389922.19946,348,S4_twin_shock_cex_intervention,indonesia,USDC
212,0.6944287535740608,283738055075.10187,348,S4_twin_shock_cex_intervention,indonesia,USDC
213,0.6893836976683686,276644603632.39795,348,S4_twin_shock_cex_intervention,indonesia,USDC
214,0.6977425701357041,269728488491.55096,348,S4_twin_shock_cex_intervention,indonesia,USDC
215,0.7259437727053275,262985276244.94708,348,S4_twin_shock_cex_intervention,indonesia,USDC
216,0.7461794060237753,256410644315.7943,348,S4_twin_shock_cex_intervention,indonesia,USDC
217,0.7488376584929051,250000378192.20642,348,S4_twin_shock_cex_intervention,indonesia,USDC
218,0.7323142169880663,243750368724.54053,348,S4_twin_shock_cex_intervention,indonesia,USDC
219,0.7287364198556637,237656609495.95026,348,S4_twin_shock_cex_intervention,indonesia,USDC
220,0.7279439675308862,231715194250.78888,348,S4_twin_shock_cex_intervention,indonesia,USDC
221,0.7547543060389845,225922314388.32318,348,S4_twin_shock_cex_intervention,indonesia,USDC
222,0.7504747134478991,220274256524.4559,348,S4_twin_shock_cex_intervention,indonesia,USDC
223,0.7274734595097482,214767400108.02283,348,S4_twin_shock_cex_intervention,indonesia,USDC
224,0.7318236713923791,209398215102.57803,348,S4_twin_shock_cex_intervention,indonesia,USDC
225,0.7373289197117061,204163259722.9148,348,S4_twin_shock_cex_intervention,indonesia,USDC
226,0.7464898307273974,199059178228.24518,348,S4_twin_shock_cex_intervention,indonesia,USDC
227,0.7464203503986,194082698771.4111,348,S4_twin_shock_cex_intervention,indonesia,USDC
228,0.7542289714976657,189230631301.18967,348,S4_twin_shock_cex_intervention,indonesia,USDC
229,0.7238934235257655,184499865517.96472,348,S4_twin_shock_cex_intervention,indonesia,USDC
230,0.7317607289027631,179887368879.42194,348,S4_twin_shock_cex_intervention,indonesia,USDC
231,0.7510425563518855,175390184657.002,348,S4_twin_shock_cex_intervention,indonesia,USDC
232,0.7550033212843544,171005430040.26047,348,S4_twin_shock_cex_intervention,indonesia,USDC
233,0.7880500240183141,166730294289.018,348,S4_twin_shock_cex_intervention,indonesia,USDC
234,0.787996278990567,162562036931.6425,348,S4_twin_shock_cex_intervention,indonesia,USDC
235,0.7774211214825354,158497986008.22018,348,S4_twin_shock_cex_intervention,indonesia,USDC
236,0.7771151801225592,154535536357.9084,348,S4_twin_shock_cex_intervention,indonesia,USDC
237,0.7823208666801185,150672147948.8724,348,S4_twin_shock_cex_intervention,indonesia,USDC
238,0.776753838421439,146905344250.0825,348,S4_twin_shock_cex_intervention,indonesia,USDC
239,0.7809298005883926,143232710643.77066,348,S4_twin_shock_cex_intervention,indonesia,USDC
240,0.7716929757416694,139651892877.63126,348,S4_twin_shock_cex_intervention,indonesia,USDC
241,0.775035992428155,136160595555.64946,348,S4_twin_shock_cex_intervention,indonesia,USDC
242,0.7705018063341539,132756580666.72673,348,S4_twin_shock_cex_intervention,indonesia,USDC
243,0.7771344997192213,129437666150.03221,348,S4_twin_shock_cex_intervention,indonesia,USDC
244,0.7771882064888879,126201724496.26155,348,S4_twin_shock_cex_intervention,indonesia,USDC
245,0.8042813691639679,123046681383.83963,348,S4_twin_shock_cex_intervention,indonesia,USDC
246,0.8107203508460293,119970514349.2327,348,S4_twin_shock_cex_intervention,indonesia,USDC
247,0.8120957471881388,116971251490.4931,348,S4_twin_shock_cex_intervention,indonesia,USDC
248,0.8055813566488439,114046970203.2236,348,S4_twin_shock_cex_intervention,indonesia,USDC
249,0.8026087673089659,111195795948.13641,348,S4_twin_shock_cex_intervention,indonesia,USDC
250,0.8141781596302342,108415901049.42728,348,S4_twin_shock_cex_intervention,indonesia,USDC
251,0.801541041365362,105705503523.18736,348,S4_twin_shock_cex_intervention,indonesia,USDC
252,0.7675568327376463,103062865935.1038,348,S4_twin_shock_cex_intervention,indonesia,USDC
253,0.7967886076096274,100486294286.72218,348,S4_twin_shock_cex_intervention,indonesia,USDC
254,0.8304842749906228,97974136929.5514,348,S4_twin_shock_cex_intervention,indonesia,USDC
255,0.824913193076153,95524783506.31093,348,S4_twin_shock_cex_intervention,indonesia,USDC
256,0.8246441768988896,93136663918.65157,348,S4_twin_shock_cex_intervention,indonesia,USDC
257,0.8189878706806706,90808247320.68387,348,S4_twin_shock_cex_intervention,indonesia,USDC
258,0.7851955110720822,88538041137.66556,348,S4_twin_shock_cex_intervention,indonesia,USDC
259,0.7731621219268936,86324590109.22269,348,S4_twin_shock_cex_intervention,indonesia,USDC
260,0.7564647805137595,84166475356.49107,348,S4_twin_shock_cex_intervention,indonesia,USDC
261,0.7771800908972468,82062313472.57788,348,S4_twin_shock_cex_intervention,indonesia,USDC
262,0.7718350439054402,80010755635.76279,348,S4_twin_shock_cex_intervention,indonesia,USDC
263,0.7860218909664946,78010486744.86818,348,S4_twin_shock_cex_intervention,indonesia,USDC
264,0.7917590119176071,76060224576.24605,348,S4_twin_shock_cex_intervention,indonesia,USDC
265,0.7845273443761992,74158718961.83955,348,S4_twin_shock_cex_intervention,indonesia,USDC
266,0.7948425920956078,72304750987.79329,348,S4_twin_shock_cex_intervention,indonesia,USDC
267,0.7823202887651219,70497132213.09824,348,S4_twin_shock_cex_intervention,indonesia,USDC
268,0.8097641649888403,68734703907.77058,348,S4_twin_shock_cex_intervention,indonesia,USDC
269,0.8178429142295487,67016336310.07619,348,S4_twin_shock_cex_intervention,indonesia,USDC
270,0.7780626061510834,65340927902.32418,348,S4_twin_shock_cex_intervention,indonesia,USDC
271,0.7830568109709292,63707404704.76596,348,S4_twin_shock_cex_intervention,indonesia,USDC
272,0.779584685085086,62114719587.14672,348,S4_twin_shock_cex_intervention,indonesia,USDC
273,0.7610274781640387,60561851597.46797,348,S4_twin_shock_cex_intervention,indonesia,USDC
274,0.7931803940973144,59047805307.531204,348,S4_twin_shock_cex_intervention,indonesia,USDC
275,0.7964671928496604,57571610174.84288,348,S4_twin_shock_cex_intervention,indonesia,USDC
276,0.7911748910943859,56132319920.47178,348,S4_twin_shock_cex_intervention,indonesia,USDC
277,0.7877731632193672,54729011922.45996,348,S4_twin_shock_cex_intervention,indonesia,USDC
278,0.7871268306429311,53360786624.39844,348,S4_twin_shock_cex_intervention,indonesia,USDC
279,0.7643252367026506,52026766958.78845,348,S4_twin_shock_cex_intervention,indonesia,USDC
280,0.7491801645749714,50726097784.81872,348,S4_twin_shock_cex_intervention,indonesia,USDC
281,0.7472115122388123,49457945340.198235,348,S4_twin_shock_cex_intervention,indonesia,USDC
282,0.7669984862724496,48221496706.69327,348,S4_twin_shock_cex_intervention,indonesia,USDC
283,0.7920942772190908,47015959289.025925,348,S4_twin_shock_cex_intervention,indonesia,USDC
284,0.787473232534258,45840560306.80027,348,S4_twin_shock_cex_intervention,indonesia,USDC
285,0.7702410543893472,44694546299.13026,348,S4_twin_shock_cex_intervention,indonesia,USDC
286,0.7798811987628183,43577182641.65199,348,S4_twin_shock_cex_intervention,indonesia,USDC
287,0.7933474878978544,42487753075.61069,348,S4_twin_shock_cex_intervention,indonesia,USDC
288,0.7991663172787149,41425559248.72042,348,S4_twin_shock_cex_intervention,indonesia,USDC
289,0.8086264469882022,40389920267.50241,348,S4_twin_shock_cex_intervention,indonesia,USDC
290,0.7734141993774172,39380172260.81485,348,S4_twin_shock_cex_intervention,indonesia,USDC
291,0.7931843365161546,38395667954.29448,348,S4_twin_shock_cex_intervention,indonesia,USDC
292,0.7870801472684588,37435776255.43712,348,S4_twin_shock_cex_intervention,indonesia,USDC
293,0.8018769408474428,36499881849.05119,348,S4_twin_shock_cex_intervention,indonesia,USDC
294,0.8102153445298472,35587384802.82491,348,S4_twin_shock_cex_intervention,indonesia,USDC
295,0.7862226523910151,34697700182.75429,348,S4_twin_shock_cex_intervention,indonesia,USDC
296,0.7964703429999674,33830257678.185432,348,S4_twin_shock_cex_intervention,indonesia,USDC
297,0.8203768614191139,32984501236.230793,348,S4_twin_shock_cex_intervention,indonesia,USDC
298,0.8163234616818115,32159888705.325027,348,S4_twin_shock_cex_intervention,indonesia,USDC
299,0.823344441189178,31355891487.6919,348,S4_twin_shock_cex_intervention,indonesia,USDC
300,0.8026667748178791,30571994200.499603,348,S4_twin_shock_cex_intervention,indonesia,USDC
301,0.7749570570020338,29807694345.487114,348,S4_twin_shock_cex_intervention,indonesia,USDC
302,0.7910540951729613,29062501986.849934,348,S4_twin_shock_cex_intervention,indonesia,USDC
303,0.7785295419561792,28335939437.178688,348,S4_twin_shock_cex_intervention,indonesia,USDC
304,0.7809239725641449,27627540951.249218,348,S4_twin_shock_cex_intervention,indonesia,USDC
305,0.7681722652936741,26936852427.467987,348,S4_twin_shock_cex_intervention,indonesia,USDC
306,0.7606194862618245,26263431116.78129,348,S4_twin_shock_cex_intervention,indonesia,USDC
307,0.7590539876442782,25606845338.861755,348,S4_twin_shock_cex_intervention,indonesia,USDC
308,0.7660595133983463,24966674205.39021,348,S4_twin_shock_cex_intervention,indonesia,USDC
309,0.7837299049839442,24342507350.255455,348,S4_twin_shock_cex_intervention,indonesia,USDC
310,0.7610141249613418,23733944666.49907,348,S4_twin_shock_cex_intervention,indonesia,USDC
311,0.7768603963197942,23140596049.836594,348,S4_twin_shock_cex_intervention,indonesia,USDC
312,0.7849258105457168,22562081148.590675,348,S4_twin_shock_cex_intervention,indonesia,USDC
313,0.7773804197683177,21998029119.87591,348,S4_twin_shock_cex_intervention,indonesia,USDC
314,0.778300184014585,21448078391.879013,348,S4_twin_shock_cex_intervention,indonesia,USDC
315,0.7723364409387218,20911876432.082035,348,S4_twin_shock_cex_intervention,indonesia,USDC
316,0.7748159284905188,20389079521.279984,348,S4_twin_shock_cex_intervention,indonesia,USDC
317,0.7955765322030471,19879352533.247986,348,S4_twin_shock_cex_intervention,indonesia,USDC
318,0.7660443118663425,19382368719.916786,348,S4_twin_shock_cex_intervention,indonesia,USDC
319,0.7660181979145467,18897809501.918865,348,S4_twin_shock_cex_intervention,indonesia,USDC
320,0.7665047689177615,18425364264.370895,348,S4_twin_shock_cex_intervention,indonesia,USDC
321,0.7652152266189135,17964730157.761623,348,S4_twin_shock_cex_intervention,indonesia,USDC
322,0.783693568024044,17515611903.81758,348,S4_twin_shock_cex_intervention,indonesia,USDC
323,0.7883057288390566,17077721606.222143,348,S4_twin_shock_cex_intervention,indonesia,USDC
324,0.8048916266613412,16650778566.066587,348,S4_twin_shock_cex_intervention,indonesia,USDC
325,0.8095017482853449,16234509101.914925,348,S4_twin_shock_cex_intervention,indonesia,USDC
326,0.8086663775203292,15828646374.36705,348,S4_twin_shock_cex_intervention,indonesia,USDC
327,0.8022218311879618,15432930215.007875,348,S4_twin_shock_cex_intervention,indonesia,USDC
328,0.7988960923819171,15047106959.632679,348,S4_twin_shock_cex_intervention,indonesia,USDC
329,0.7599523219324026,14670929285.641861,348,S4_twin_shock_cex_intervention,indonesia,USDC
330,0.7498829204628166,14304156053.500813,348,S4_twin_shock_cex_intervention,indonesia,USDC
331,0.7549807542718517,13946552152.163294,348,S4_twin_shock_cex_intervention,indonesia,USDC
332,0.753612243643335,13597888348.359211,348,S4_twin_shock_cex_intervention,indonesia,USDC
333,0.7805504134321677,13257941139.65023,348,S4_twin_shock_cex_intervention,indonesia,USDC
334,0.7595713302108291,12926492611.158974,348,S4_twin_shock_cex_intervention,indonesia,USDC
335,0.778764720018723,12603330295.880001,348,S4_twin_shock_cex_intervention,indonesia,USDC
336,0.7376996922972433,12288247038.483002,348,S4_twin_shock_cex_intervention,indonesia,USDC
337,0.7494649495939056,11981040862.520926,348,S4_twin_shock_cex_intervention,indonesia,USDC
338,0.7586529109088064,11681514840.957901,348,S4_twin_shock_cex_intervention,indonesia,USDC
339,0.787453532937325,11389476969.933956,348,S4_twin_shock_cex_intervention,indonesia,USDC
340,0.7899644383774087,11104740045.685606,348,S4_twin_shock_cex_intervention,indonesia,USDC
341,0.770396704769155,10827121544.543465,348,S4_twin_shock_cex_intervention,indonesia,USDC
342,0.7758682970206523,10556443505.929878,348,S4_twin_shock_cex_intervention,indonesia,USDC
343,0.7847807847476617,10292532418.281631,348,S4_twin_shock_cex_intervention,indonesia,USDC
344,0.7809181149860784,10035219107.824593,348,S4_twin_shock_cex_intervention,indonesia,USDC
345,0.7712151160250988,9784338630.128977,348,S4_twin_shock_cex_intervention,indonesia,USDC
346,0.7734679357813762,9539730164.375753,348,S4_twin_shock_cex_intervention,indonesia,USDC
347,0.7614094619518678,9301236910.26636,348,S4_twin_shock_cex_intervention,indonesia,USDC
348,0.7461861522778472,9068705987.5097,348,S4_twin_shock_cex_intervention,indonesia,USDC
349,0.7600581476056971,8841988337.821957,348,S4_twin_shock_cex_intervention,indonesia,USDC
350,0.7740447041290799,8620938629.376408,348,S4_twin_shock_cex_intervention,indonesia,USDC
351,0.7846547444675077,8405415163.641998,348,S4_twin_shock_cex_intervention,indonesia,USDC
352,0.7797656376910306,8195279784.550949,348,S4_twin_shock_cex_intervention,indonesia,USDC
353,0.7717787950076648,7990397789.937175,348,S4_twin_shock_cex_intervention,indonesia,USDC
354,0.7875543453193266,7790637845.188745,348,S4_twin_shock_cex_intervention,indonesia,USDC
355,0.7687047274455555,7595871899.059027,348,S4_twin_shock_cex_intervention,indonesia,USDC
356,0.7815206654724084,7405975101.582551,348,S4_twin_shock_cex_intervention,indonesia,USDC
357,0.7972066359327115,7220825724.042987,348,S4_twin_shock_cex_intervention,indonesia,USDC
358,0.7876486333213505,7040305080.941912,348,S4_twin_shock_cex_intervention,indonesia,USDC
359,0.7612928731887266,6864297453.918365,348,S4_twin_shock_cex_intervention,indonesia,USDC
360,0.7805017590310085,6692690017.570404,348,S4_twin_shock_cex_intervention,indonesia,USDC
361,0.7553168267029273,6525372767.1311455,348,S4_twin_shock_cex_intervention,indonesia,USDC
362,0.7461939842914158,6362238447.952867,348,S4_twin_shock_cex_intervention,indonesia,USDC
363,0.7377791922527001,6203182486.754045,348,S4_twin_shock_cex_intervention,indonesia,USDC
364,0.7408547466274343,6048102924.585194,348,S4_twin_shock_cex_intervention,indonesia,USDC
365,0.7661458951360827,5896900351.470564,348,S4_twin_shock_cex_intervention,indonesia,USDC
366,0.7550114982855407,5749477842.6838,348,S4_twin_shock_cex_intervention,indonesia,USDC
367,0.7195733711913929,5605740896.616704,348,S4_twin_shock_cex_intervention,indonesia,USDC
368,0.7300046846298367,5465597374.201286,348,S4_twin_shock_cex_intervention,indonesia,USDC
369,0.7400319171901523,5328957439.846254,348,S4_twin_shock_cex_intervention,indonesia,USDC
370,0.7316402224014557,5195733503.850099,348,S4_twin_shock_cex_intervention,indonesia,USDC
371,0.747046162976813,5065840166.253846,348,S4_twin_shock_cex_intervention,indonesia,USDC
372,0.7575225216598038,4939194162.0975,348,S4_twin_shock_cex_intervention,indonesia,USDC
373,0.7749030406154384,4815714308.045063,348,S4_twin_shock_cex_intervention,indonesia,USDC
374,0.7797609758764814,4695321450.343936,348,S4_twin_shock_cex_intervention,indonesia,USDC
375,0.7871103269139659,4577938414.085338,348,S4_twin_shock_cex_intervention,indonesia,USDC
376,0.8126122929454521,4463489953.733204,348,S4_twin_shock_cex_intervention,indonesia,USDC
377,0.8359062894459626,4351902704.8898735,348,S4_twin_shock_cex_intervention,indonesia,USDC
378,0.8196295226471687,4243105137.267627,348,S4_twin_shock_cex_intervention,indonesia,USDC
379,0.8306913084943246,4137027508.835936,348,S4_twin_shock_cex_intervention,indonesia,USDC
380,0.8288936991292949,4033601821.115038,348,S4_twin_shock_cex_intervention,indonesia,USDC
381,0.8066019754166681,3932761775.587162,348,S4_twin_shock_cex_intervention,indonesia,USDC
382,0.7952222911522837,3834442731.197483,348,S4_twin_shock_cex_intervention,indonesia,USDC
383,0.7966588582153971,3738581662.9175463,348,S4_twin_shock_cex_intervention,indonesia,USDC
384,0.8182074945351072,3645117121.3446074,348,S4_twin_shock_cex_intervention,indonesia,USDC
385,0.794338861246492,3553989193.310992,348,S4_twin_shock_cex_intervention,indonesia,USDC
386,0.8044678425611262,3465139463.478217,348,S4_twin_shock_cex_intervention,indonesia,USDC
387,0.7938782722185889,3378510976.8912616,348,S4_twin_shock_cex_intervention,indonesia,USDC
388,0.788543676397155,3294048202.468981,348,S4_twin_shock_cex_intervention,indonesia,USDC
389,0.7891688562523103,3211696997.407256,348,S4_twin_shock_cex_intervention,indonesia,USDC
390,0.8029391051198678,3131404572.4720745,348,S4_twin_shock_cex_intervention,indonesia,USDC
391,0.7814356868547857,3053119458.1602726,348,S4_twin_shock_cex_intervention,indonesia,USDC
392,0.7553854365385767,2976791471.706266,348,S4_twin_shock_cex_intervention,indonesia,USDC
393,0.7233433198861341,2902371684.9136095,348,S4_twin_shock_cex_intervention,indonesia,USDC
394,0.7231972533783827,2829812392.7907686,348,S4_twin_shock_cex_intervention,indonesia,USDC
395,0.7354491171119207,2759067082.9709997,348,S4_twin_shock_cex_intervention,indonesia,USDC
396,0.7718901953799818,2690090405.8967247,348,S4_twin_shock_cex_intervention,indonesia,USDC
397,0.760755080048468,2622838145.7493067,348,S4_twin_shock_cex_intervention,indonesia,USDC
398,0.7631171435850796,2557267192.105574,348,S4_twin_shock_cex_intervention,indonesia,USDC
399,0.775132789663438,2493335512.3029346,348,S4_twin_shock_cex_intervention,indonesia,USDC
400,0.7724293961641627,2431002124.4953613,348,S4_twin_shock_cex_intervention,indonesia,USDC
401,0.7757591640397787,2370227071.382977,348,S4_twin_shock_cex_intervention,indonesia,USDC
402,0.7727688049723166,2310971394.598403,348,S4_twin_shock_cex_intervention,indonesia,USDC
403,0.7679028067406819,2253197109.7334423,348,S4_twin_shock_cex_intervention,indonesia,USDC
404,0.7534465081373316,2196867181.9901066,348,S4_twin_shock_cex_intervention,indonesia,USDC
405,0.7580725319494257,2141945502.4403539,348,S4_twin_shock_cex_intervention,indonesia,USDC
406,0.7576039803616008,2088396864.879345,348,S4_twin_shock_cex_intervention,indonesia,USDC
407,0.7473184044355365,2036186943.2573614,348,S4_twin_shock_cex_intervention,indonesia,USDC
408,0.7782095642743799,1985282269.6759272,348,S4_twin_shock_cex_intervention,indonesia,USDC
409,0.7841780529694432,1935650212.934029,348,S4_twin_shock_cex_intervention,indonesia,USDC
410,0.7815044210499345,1887258957.6106784,348,S4_twin_shock_cex_intervention,indonesia,USDC
411,0.7812287984118428,1840077483.6704116,348,S4_twin_shock_cex_intervention,indonesia,USDC
412,0.7845775937185062,1794075546.5786512,348,S4_twin_shock_cex_intervention,indonesia,USDC
413,0.7819081262641451,1749223657.914185,348,S4_twin_shock_cex_intervention,indonesia,USDC
414,0.7931194351301759,1705493066.4663303,348,S4_twin_shock_cex_intervention,indonesia,USDC
415,0.7910494327090701,1662855739.804672,348,S4_twin_shock_cex_intervention,indonesia,USDC
416,0.7809320949102018,1621284346.3095553,348,S4_twin_shock_cex_intervention,indonesia,USDC
417,0.7917950596875678,1580752237.6518164,348,S4_twin_shock_cex_intervention,indonesia,USDC
418,0.7675624120307545,1541233431.7105212,348,S4_twin_shock_cex_intervention,indonesia,USDC
419,0.7868926229393078,1502702595.917758,348,S4_twin_shock_cex_intervention,indonesia,USDC
420,0.8189332099111458,1465135031.019814,348,S4_twin_shock_cex_intervention,indonesia,USDC
421,0.7871233886231463,1428506655.2443187,348,S4_twin_shock_cex_intervention,indonesia,USDC
422,0.7873587169397184,1392793988.8632107,348,S4_twin_shock_cex_intervention,indonesia,USDC
423,0.7792098515746136,1357974139.1416304,348,S4_twin_shock_cex_intervention,indonesia,USDC
424,0.7792403857244826,1324024785.6630898,348,S4_twin_shock_cex_intervention,indonesia,USDC
425,0.7797705741939169,1290924166.0215125,348,S4_twin_shock_cex_intervention,indonesia,USDC
426,0.7826453746185489,1258651061.8709745,348,S4_twin_shock_cex_intervention,indonesia,USDC
427,0.8189887509641421,1227184785.3242002,348,S4_twin_shock_cex_intervention,indonesia,USDC
428,0.8191998206108266,1196505165.6910954,348,S4_twin_shock_cex_intervention,indonesia,USDC
429,0.8286471450742893,1166592536.548818,348,S4_twin_shock_cex_intervention,indonesia,USDC
430,0.8092281356307313,1137427723.1350975,348,S4_twin_shock_cex_intervention,indonesia,USDC
431,0.8064868066793824,1108992030.05672,348,S4_twin_shock_cex_intervention,indonesia,USDC
432,0.7700907835744959,1081267229.305302,348,S4_twin_shock_cex_intervention,indonesia,USDC
433,0.7522214829899615,1054235548.5726695,348,S4_twin_shock_cex_intervention,indonesia,USDC
434,0.7672087219938687,1027879659.8583527,348,S4_twin_shock_cex_intervention,indonesia,USDC
435,0.779774471622285,1002182668.3618938,348,S4_twin_shock_cex_intervention,indonesia,USDC
436,0.8088100730950878,977128101.6528465,348,S4_twin_shock_cex_intervention,indonesia,USDC
437,0.7992267657013861,952699899.1115253,348,S4_twin_shock_cex_intervention,indonesia,USDC
438,0.7837262534784627,928882401.6337372,348,S4_twin_shock_cex_intervention,indonesia,USDC
439,0.8006239779738926,905660341.5928937,348,S4_twin_shock_cex_intervention,indonesia,USDC
440,0.815053970299906,883018833.0530714,348,S4_twin_shock_cex_intervention,indonesia,USDC
441,0.825210930068713,860943362.2267447,348,S4_twin_shock_cex_intervention,indonesia,USDC
442,0.8330245957548751,839419778.171076,348,S4_twin_shock_cex_intervention,indonesia,USDC
443,0.7943464156993953,818434283.716799,348,S4_twin_shock_cex_intervention,indonesia,USDC
444,0.8053290374385835,797973426.6238792,348,S4_twin_shock_cex_intervention,indonesia,USDC
445,0.8065364222970017,778024090.9582822,348,S4_twin_shock_cex_intervention,indonesia,USDC
446,0.796880743708286,758573488.6843251,348,S4_twin_shock_cex_intervention,indonesia,USDC
447,0.8146610165095582,739609151.467217,348,S4_twin_shock_cex_intervention,indonesia,USDC
448,0.7950362533894768,721118922.6805365,348,S4_twin_shock_cex_intervention,indonesia,USDC
449,0.7970728212548924,703090949.6135231,348,S4_twin_shock_cex_intervention,indonesia,USDC
450,0.8083387234770867,685513675.873185,348,S4_twin_shock_cex_intervention,indonesia,USDC
451,0.8105471408632272,668375833.9763554,348,S4_twin_shock_cex_intervention,indonesia,USDC
452,0.7985050014577101,651666438.1269466,348,S4_twin_shock_cex_intervention,indonesia,USDC
453,0.8067257110389636,635374777.1737729,348,S4_twin_shock_cex_intervention,indonesia,USDC
454,0.807942760551897,619490407.7444285,348,S4_twin_shock_cex_intervention,indonesia,USDC
455,0.829112805051214,604003147.5508178,348,S4_twin_shock_cex_intervention,indonesia,USDC
456,0.8138029206391616,588903068.8620474,348,S4_twin_shock_cex_intervention,indonesia,USDC
457,0.8555424544940184,574180492.1404963,348,S4_twin_shock_cex_intervention,indonesia,USDC
458,0.864196314960674,559825979.8369839,348,S4_twin_shock_cex_intervention,indonesia,USDC
459,0.8724637892171614,545830330.3410592,348,S4_twin_shock_cex_intervention,indonesia,USDC
460,0.8504724569645956,532184572.08253276,348,S4_twin_shock_cex_intervention,indonesia,USDC
461,0.8419498765286219,518879957.7804694,348,S4_twin_shock_cex_intervention,indonesia,USDC
462,0.7891979972247194,505907958.8359577,348,S4_twin_shock_cex_intervention,indonesia,USDC
463,0.7893672912059705,493260259.8650588,348,S4_twin_shock_cex_intervention,indonesia,USDC
464,0.7862682280469395,480928753.36843234,348,S4_twin_shock_cex_intervention,indonesia,USDC
465,0.7839299176902936,468905534.53422153,348,S4_twin_shock_cex_intervention,indonesia,USDC
466,0.7843596167157101,457182896.170866,348,S4_twin_shock_cex_intervention,indonesia,USDC
467,0.8188349358135317,445753323.7665943,348,S4_twin_shock_cex_intervention,indonesia,USDC
468,0.8391814892408883,434609490.67242944,348,S4_twin_shock_cex_intervention,indonesia,USDC
469,0.8387787620948914,423744253.4056187,348,S4_twin_shock_cex_intervention,indonesia,USDC
470,0.7883548048329433,413150647.0704782,348,S4_twin_shock_cex_intervention,indonesia,USDC
471,0.8050541109188636,402821880.89371634,348,S4_twin_shock_cex_intervention,indonesia,USDC
472,0.804626247610102,392751333.8713734,348,S4_twin_shock_cex_intervention,indonesia,USDC
473,0.8048481502195269,382932550.52458906,348,S4_twin_shock_cex_intervention,indonesia,USDC
474,0.8080431889966592,373359236.7614744,348,S4_twin_shock_cex_intervention,indonesia,USDC
475,0.7902701369299059,364025255.8424375,348,S4_twin_shock_cex_intervention,indonesia,USDC
476,0.8035911892176121,354924624.44637656,348,S4_twin_shock_cex_intervention,indonesia,USDC
477,0.7943702056154127,346051508.8352171,348,S4_twin_shock_cex_intervention,indonesia,USDC
478,0.8118927537663491,337400221.1143367,348,S4_twin_shock_cex_intervention,indonesia,USDC
479,0.8139098431140346,328965215.5864783,348,S4_twin_shock_cex_intervention,indonesia,USDC
480,0.8255165689926601,320741085.1968163,348,S4_twin_shock_cex_intervention,indonesia,USDC
481,0.7809514148541699,312722558.06689596,348,S4_twin_shock_cex_intervention,indonesia,USDC
482,0.8058440092868735,304904494.1152235,348,S4_twin_shock_cex_intervention,indonesia,USDC
483,0.804523085895451,297281881.76234293,348,S4_twin_shock_cex_intervention,indonesia,USDC
484,0.7758535783531662,289849834.71828437,348,S4_twin_shock_cex_intervention,indonesia,USDC
485,0.7493214520000209,282603588.85032725,348,S4_twin_shock_cex_intervention,indonesia,USDC
486,0.7386850368479861,275538499.1290691,348,S4_twin_shock_cex_intervention,indonesia,USDC
487,0.7447829596097739,268650036.6508423,348,S4_twin_shock_cex_intervention,indonesia,USDC
488,0.7342677828249994,261933785.7345713,348,S4_twin_shock_cex_intervention,indonesia,USDC
489,0.7451000408493664,255385441.09120703,348,S4_twin_shock_cex_intervention,indonesia,USDC
490,0.7447332703363916,249000805.06392688,348,S4_twin_shock_cex_intervention,indonesia,USDC
491,0.7365557207711917,242775784.9373287,348,S4_twin_shock_cex_intervention,indonesia,USDC
492,0.747746098222474,236706390.31389546,348,S4_twin_shock_cex_intervention,indonesia,USDC
493,0.7611677719134342,230788730.5560481,348,S4_twin_shock_cex_intervention,indonesia,USDC
494,0.7583652181564425,225019012.29214686,348,S4_twin_shock_cex_intervention,indonesia,USDC
495,0.7683582660820273,219393536.9848432,348,S4_twin_shock_cex_intervention,indonesia,USDC
496,0.7640751093595484,213908698.5602221,348,S4_twin_shock_cex_intervention,indonesia,USDC
497,0.7739962656592464,208560981.09621656,348,S4_twin_shock_cex_intervention,indonesia,USDC
498,0.7988773944094013,203346956.56881118,348,S4_twin_shock_cex_intervention,indonesia,USDC
499,0.8025130193982788,198263282.65459087,348,S4_twin_shock_cex_intervention,indonesia,USDC
500,0.7846422391758818,193306700.5882261,348,S4_twin_shock_cex_intervention,indonesia,USDC
501,0.777516416210093,188474033.07352048,348,S4_twin_shock_cex_intervention,indonesia,USDC
502,0.7797263673360129,183762182.24668247,348,S4_twin_shock_cex_intervention,indonesia,USDC
503,0.798748074526287,179168127.6905154,348,S4_twin_shock_cex_intervention,indonesia,USDC
504,0.8035093683291946,174688924.4982525,348,S4_twin_shock_cex_intervention,indonesia,USDC
505,0.7999030017052826,170321701.38579622,348,S4_twin_shock_cex_intervention,indonesia,USDC
506,0.7793346286618165,166063658.8511513,348,S4_twin_shock_cex_intervention,indonesia,USDC
507,0.7713808075167061,161912067.37987253,348,S4_twin_shock_cex_intervention,indonesia,USDC
508,0.7731213983398694,157864265.6953757,348,S4_twin_shock_cex_intervention,indonesia,USDC
509,0.7710429744803151,153917659.05299133,348,S4_twin_shock_cex_intervention,indonesia,USDC
510,0.7429188365544063,150069717.57666653,348,S4_twin_shock_cex_intervention,indonesia,USDC
511,0.722995847573675,146317974.6372499,348,S4_twin_shock_cex_intervention,indonesia,USDC
512,0.7428569485447868,142660025.27131864,348,S4_twin_shock_cex_intervention,indonesia,USDC
513,0.7416415331240421,139093524.63953567,348,S4_twin_shock_cex_intervention,indonesia,USDC
514,0.7657136634872,135616186.52354726,348,S4_twin_shock_cex_intervention,indonesia,USDC
515,0.7508962876038824,132225781.86045861,348,S4_twin_shock_cex_intervention,indonesia,USDC
516,0.7516611494288415,128920137.31394713,348,S4_twin_shock_cex_intervention,indonesia,USDC
517,0.7433366669573642,125697133.88109845,348,S4_twin_shock_cex_intervention,indonesia,USDC
518,0.7646814329095116,122554705.53407097,348,S4_twin_shock_cex_intervention,indonesia,USDC
519,0.7855688074536723,119490837.8957192,348,S4_twin_shock_cex_intervention,indonesia,USDC
520,0.774413227468685,116503566.94832622,348,S4_twin_shock_cex_intervention,indonesia,USDC
521,0.7685541964727133,113590977.77461806,348,S4_twin_shock_cex_intervention,indonesia,USDC
522,0.7910428738881019,110751203.33025262,348,S4_twin_shock_cex_intervention,indonesia,USDC
523,0.7957065625139494,107982423.24699628,348,S4_twin_shock_cex_intervention,indonesia,USDC
524,0.7999256233307377,105282862.66582139,348,S4_twin_shock_cex_intervention,indonesia,USDC
525,0.7934525811468599,102650791.09917586,348,S4_twin_shock_cex_intervention,indonesia,USDC
526,0.8033749616000965,100084521.32169646,348,S4_twin_shock_cex_intervention,indonesia,USDC
527,0.8032465656244281,97582408.28865406,348,S4_twin_shock_cex_intervention,indonesia,USDC
528,0.7893487181817864,95142848.0814377,348,S4_twin_shock_cex_intervention,indonesia,USDC
529,0.8134260680401282,92764276.87940176,348,S4_twin_shock_cex_intervention,indonesia,USDC
530,0.804527859165876,90445169.95741671,348,S4_twin_shock_cex_intervention,indonesia,USDC
531,0.8091207427595795,88184040.7084813,348,S4_twin_shock_cex_intervention,indonesia,USDC
532,0.7826108628670444,85979439.69076926,348,S4_twin_shock_cex_intervention,indonesia,USDC
533,0.788370449210522,83829953.69850004,348,S4_twin_shock_cex_intervention,indonesia,USDC
534,0.8022648458291819,81734204.85603753,348,S4_twin_shock_cex_intervention,indonesia,USDC
535,0.7948274985576869,79690849.73463659,348,S4_twin_shock_cex_intervention,indonesia,USDC
536,0.7851110198331845,77698578.49127069,348,S4_twin_shock_cex_intervention,indonesia,USDC
537,0.7967954492223159,75756114.02898891,348,S4_twin_shock_cex_intervention,indonesia,USDC
538,0.8086634858228304,73862211.17826419,348,S4_twin_shock_cex_intervention,indonesia,USDC
539,0.7580476078310528,72015655.89880759,348,S4_twin_shock_cex_intervention,indonesia,USDC
540,0.7489479435399845,70215264.5013374,348,S4_twin_shock_cex_intervention,indonesia,USDC
541,0.7569127910252145,68459882.88880396,348,S4_twin_shock_cex_intervention,indonesia,USDC
542,0.7492852692485926,66748385.81658386,348,S4_twin_shock_cex_intervention,indonesia,USDC
543,0.7669423038167095,65079676.171169266,348,S4_twin_shock_cex_intervention,indonesia,USDC
544,0.7680427162768307,63452684.266890034,348,S4_twin_shock_cex_intervention,indonesia,USDC
545,0.788200736502788,61866367.160217784,348,S4_twin_shock_cex_intervention,indonesia,USDC
546,0.7977736155911571,60319707.98121235,348,S4_twin_shock_cex_intervention,indonesia,USDC
547,0.8126165439392992,58811715.28168203,348,S4_twin_shock_cex_intervention,indonesia,USDC
548,0.8308491463171965,57341422.39963998,348,S4_twin_shock_cex_intervention,indonesia,USDC
549,0.820286111311996,55907886.83964898,348,S4_twin_shock_cex_intervention,indonesia,USDC
550,0.8368883143784697,54510189.66865775,348,S4_twin_shock_cex_intervention,indonesia,USDC
551,0.8160156404980582,53147434.926941305,348,S4_twin_shock_cex_intervention,indonesia,USDC
552,0.7341351964417971,51818749.05376777,348,S4_twin_shock_cex_intervention,indonesia,USDC
553,0.7179800370223283,50523280.32742358,348,S4_twin_shock_cex_intervention,indonesia,USDC
554,0.7297783163343418,49260198.31923799,348,S4_twin_shock_cex_intervention,indonesia,USDC
555,0.7393964736179564,48028693.36125704,348,S4_twin_shock_cex_intervention,indonesia,USDC
556,0.7374355179825948,46827976.02722561,348,S4_twin_shock_cex_intervention,indonesia,USDC
557,0.7069167445537785,45657276.626544975,348,S4_twin_shock_cex_intervention,indonesia,USDC
558,0.7005569019206898,44515844.71088135,348,S4_twin_shock_cex_intervention,indonesia,USDC
559,0.7125029522971736,43402948.59310932,348,S4_twin_shock_cex_intervention,indonesia,USDC
560,0.7387610094855422,42317874.878281586,348,S4_twin_shock_cex_intervention,indonesia,USDC
561,0.7709261187830837,41259928.006324545,348,S4_twin_shock_cex_intervention,indonesia,USDC
562,0.787737090447305,40228429.806166425,348,S4_twin_shock_cex_intervention,indonesia,USDC
563,0.7626033919923848,39222719.06101227,348,S4_twin_shock_cex_intervention,indonesia,USDC
564,0.7530607584223427,38242151.08448696,348,S4_twin_shock_cex_intervention,indonesia,USDC
565,0.7683407278392035,37286097.30737479,348,S4_twin_shock_cex_intervention,indonesia,USDC
566,0.7955652605507231,36353944.87469042,348,S4_twin_shock_cex_intervention,indonesia,USDC
567,0.7962123118721653,35445096.25282316,348,S4_twin_shock_cex_intervention,indonesia,USDC
568,0.7832325313897217,34558968.84650258,348,S4_twin_shock_cex_intervention,indonesia,USDC
569,0.7866210568431333,33694994.625340015,348,S4_twin_shock_cex_intervention,indonesia,USDC
570,0.8191565568276646,32852619.759706512,348,S4_twin_shock_cex_intervention,indonesia,USDC
571,0.79910584545563,32031304.265713852,348,S4_twin_shock_cex_intervention,indonesia,USDC
572,0.7784725283113576,31230521.659071006,348,S4_twin_shock_cex_intervention,indonesia,USDC
573,0.7923397617798739,30449758.617594235,348,S4_twin_shock_cex_intervention,indonesia,USDC
574,0.7758734893863137,29688514.652154375,348,S4_twin_shock_cex_intervention,indonesia,USDC
575,0.8174131905474533,28946301.785850517,348,S4_twin_shock_cex_intervention,indonesia,USDC
576,0.8066847081909801,28222644.241204254,348,S4_twin_shock_cex_intervention,indonesia,USDC
577,0.7845383696322314,27517078.135174148,348,S4_twin_shock_cex_intervention,indonesia,USDC
578,0.7872220020746435,26829151.181794796,348,S4_twin_shock_cex_intervention,indonesia,USDC
579,0.7939659382224244,26158422.402249925,348,S4_twin_shock_cex_intervention,indonesia,USDC
580,0.7842173545584569,25504461.842193678,348,S4_twin_shock_cex_intervention,indonesia,USDC
581,0.7982404444866716,24866850.296138834,348,S4_twin_shock_cex_intervention,indonesia,USDC
582,0.7822862286451244,24245179.038735364,348,S4_twin_shock_cex_intervention,indonesia,USDC
583,0.7484882711211448,23639049.56276698,348,S4_twin_shock_cex_intervention,indonesia,USDC
584,0.754878659506709,23048073.323697805,348,S4_twin_shock_cex_intervention,indonesia,USDC
585,0.7567568707522273,22471871.490605358,348,S4_twin_shock_cex_intervention,indonesia,USDC
586,0.770186666525229,21910074.703340225,348,S4_twin_shock_cex_intervention,indonesia,USDC
587,0.7647789547546765,21362322.83575672,348,S4_twin_shock_cex_intervention,indonesia,USDC
588,0.7530903958403754,20828264.764862802,348,S4_twin_shock_cex_intervention,indonesia,USDC
589,0.755030484966146,20307558.14574123,348,S4_twin_shock_cex_intervention,indonesia,USDC
590,0.7382052092945944,19799869.1920977,348,S4_twin_shock_cex_intervention,indonesia,USDC
591,0.7454548920760764,19304872.462295257,348,S4_twin_shock_cex_intervention,indonesia,USDC
592,0.7582877205310318,18822250.650737874,348,S4_twin_shock_cex_intervention,indonesia,USDC
593,0.7680684368720958,18351694.38446943,348,S4_twin_shock_cex_intervention,indonesia,USDC
594,0.8033791807245443,17892902.024857692,348,S4_twin_shock_cex_intervention,indonesia,USDC
595,0.8027721741586592,17445579.47423625,348,S4_twin_shock_cex_intervention,indonesia,USDC
596,0.8097631423542868,17009439.987380344,348,S4_twin_shock_cex_intervention,indonesia,USDC
597,0.7808299283435322,16584203.987695837,348,S4_twin_shock_cex_intervention,indonesia,USDC
598,0.7745641739713397,16169598.888003442,348,S4_twin_shock_cex_intervention,indonesia,USDC
599,0.7869748231905072,15765358.915803356,348,S4_twin_shock_cex_intervention,indonesia,USDC
600,0.7742571729803212,15371224.942908272,348,S4_twin_shock_cex_intervention,indonesia,USDC
601,0.7736093413557836,14986944.319335565,348,S4_twin_shock_cex_intervention,indonesia,USDC
602,0.7711472405984182,14612270.711352177,348,S4_twin_shock_cex_intervention,indonesia,USDC
603,0.7520648429542381,14246963.943568371,348,S4_twin_shock_cex_intervention,indonesia,USDC
604,0.7409182185394398,13890789.844979163,348,S4_twin_shock_cex_intervention,indonesia,USDC
605,0.7500269976306344,13543520.098854685,348,S4_twin_shock_cex_intervention,indonesia,USDC
606,0.776370072492137,13204932.096383316,348,S4_twin_shock_cex_intervention,indonesia,USDC
607,0.7835366157216735,12874808.793973736,348,S4_twin_shock_cex_intervention,indonesia,USDC
608,0.7962887375424046,12552938.57412439,348,S4_twin_shock_cex_intervention,indonesia,USDC
609,0.8025360037810586,12239115.109771281,348,S4_twin_shock_cex_intervention,indonesia,USDC
610,0.8114415226869582,11933137.232026998,348,S4_twin_shock_cex_intervention,indonesia,USDC
611,0.8349222839804434,11634808.801226323,348,S4_twin_shock_cex_intervention,indonesia,USDC
612,0.85469410962313,11343938.581195666,348,S4_twin_shock_cex_intervention,indonesia,USDC
613,0.8606561238983567,11060340.116665773,348,S4_twin_shock_cex_intervention,indonesia,USDC
614,0.8455954729271586,10783831.61374913,348,S4_twin_shock_cex_intervention,indonesia,USDC
615,0.8309679859632094,10514235.823405402,348,S4_twin_shock_cex_intervention,indonesia,USDC
616,0.8125017262508355,10251379.927820265,348,S4_twin_shock_cex_intervention,indonesia,USDC
617,0.8548918838887621,9995095.429624759,348,S4_twin_shock_cex_intervention,indonesia,USDC
618,0.8221497317245264,9745218.04388414,348,S4_twin_shock_cex_intervention,indonesia,USDC
619,0.7892493339938212,9501587.592787037,348,S4_twin_shock_cex_intervention,indonesia,USDC
620,0.8199488777839975,9264047.90296736,348,S4_twin_shock_cex_intervention,indonesia,USDC
621,0.8236785490452101,9032446.705393177,348,S4_twin_shock_cex_intervention,indonesia,USDC
622,0.8275256582168916,8806635.537758347,348,S4_twin_shock_cex_intervention,indonesia,USDC
623,0.8408168986526946,8586469.649314389,348,S4_twin_shock_cex_intervention,indonesia,USDC
624,0.8178625749853511,8371807.908081528,348,S4_twin_shock_cex_intervention,indonesia,USDC
625,0.7974045538538137,8162512.710379489,348,S4_twin_shock_cex_intervention,indonesia,USDC
626,0.805208624643374,7958449.892620003,348,S4_twin_shock_cex_intervention,indonesia,USDC
627,0.7800180474433249,7759488.645304503,348,S4_twin_shock_cex_intervention,indonesia,USDC
628,0.7959257525004545,7565501.42917189,348,S4_twin_shock_cex_intervention,indonesia,USDC
629,0.7606883014980651,7376363.8934425935,348,S4_twin_shock_cex_intervention,indonesia,USDC
630,0.7824382564988147,7191954.796106528,348,S4_twin_shock_cex_intervention,indonesia,USDC
631,0.790605164510053,7012155.926203864,348,S4_twin_shock_cex_intervention,indonesia,USDC
632,0.7997606332124767,6836852.028048769,348,S4_twin_shock_cex_intervention,indonesia,USDC
633,0.7951730768562193,6665930.727347549,348,S4_twin_shock_cex_intervention,indonesia,USDC
634,0.814537646254577,6499282.45916386,348,S4_twin_shock_cex_intervention,indonesia,USDC
635,0.8354100237545733,6336800.397684764,348,S4_twin_shock_cex_intervention,indonesia,USDC
636,0.833376103687417,6178380.387742644,348,S4_twin_shock_cex_intervention,indonesia,USDC
637,0.8043800539746071,6023920.878049078,348,S4_twin_shock_cex_intervention,indonesia,USDC
638,0.7878291108058542,5873322.856097851,348,S4_twin_shock_cex_intervention,indonesia,USDC
639,0.7641566271329477,5726489.7846954055,348,S4_twin_shock_cex_intervention,indonesia,USDC
640,0.7740744730131305,5583327.54007802,348,S4_twin_shock_cex_intervention,indonesia,USDC
641,0.7743948070129422,5443744.351576069,348,S4_twin_shock_cex_intervention,indonesia,USDC
642,0.7649811085852588,5307650.742786668,348,S4_twin_shock_cex_intervention,indonesia,USDC
643,0.762047464102583,5174959.474217001,348,S4_twin_shock_cex_intervention,indonesia,USDC
644,0.7568598212124318,5045585.487361576,348,S4_twin_shock_cex_intervention,indonesia,USDC
645,0.7710449601255294,4919445.850177537,348,S4_twin_shock_cex_intervention,indonesia,USDC
646,0.7964949512648392,4796459.703923099,348,S4_twin_shock_cex_intervention,indonesia,USDC
647,0.7806132665587243,4676548.2113250205,348,S4_twin_shock_cex_intervention,indonesia,USDC
648,0.7556930469167809,4559634.506041896,348,S4_twin_shock_cex_intervention,indonesia,USDC
649,0.7703748290875421,4445643.643390847,348,S4_twin_shock_cex_intervention,indonesia,USDC
650,0.7537429373994297,4334502.5523060765,348,S4_twin_shock_cex_intervention,indonesia,USDC
651,0.7643095267547583,4226139.988498425,348,S4_twin_shock_cex_intervention,indonesia,USDC
652,0.7752681048424421,4120486.488785964,348,S4_twin_shock_cex_intervention,indonesia,USDC
653,0.7741809119297478,4017474.3265663153,348,S4_twin_shock_cex_intervention,indonesia,USDC
654,0.7578753482707643,3917037.468402157,348,S4_twin_shock_cex_intervention,indonesia,USDC
655,0.7449192881583631,3819111.5316921035,348,S4_twin_shock_cex_intervention,indonesia,USDC
656,0.736005935954799,3723633.7433998007,348,S4_twin_shock_cex_intervention,indonesia,USDC
657,0.71469361296099,3630542.899814806,348,S4_twin_shock_cex_intervention,indonesia,USDC
658,0.7184167881104087,3539779.3273194353,348,S4_twin_shock_cex_intervention,indonesia,USDC
659,0.7133345973926309,3451284.8441364495,348,S4_twin_shock_cex_intervention,indonesia,USDC
660,0.7351893009357119,3365002.7230330384,348,S4_twin_shock_cex_intervention,indonesia,USDC
661,0.7270911881640897,3280877.6549572125,348,S4_twin_shock_cex_intervention,indonesia,USDC
662,0.7199018233668699,3198855.713583282,348,S4_twin_shock_cex_intervention,indonesia,USDC
663,0.7344508429464324,3118884.3207437,348,S4_twin_shock_cex_intervention,indonesia,USDC
664,0.7413696504543729,3040912.2127251076,348,S4_twin_shock_cex_intervention,indonesia,USDC
665,0.7566773924910729,2964889.4074069797,348,S4_twin_shock_cex_intervention,indonesia,USDC
666,0.743311152735764,2890767.1722218054,348,S4_twin_shock_cex_intervention,indonesia,USDC
667,0.7422685203823377,2818497.9929162604,348,S4_twin_shock_cex_intervention,indonesia,USDC
668,0.7614037141815725,2748035.5430933535,348,S4_twin_shock_cex_intervention,indonesia,USDC
669,0.7446025166317287,2679334.65451602,348,S4_twin_shock_cex_intervention,indonesia,USDC
670,0.7732414203153685,2612351.2881531194,348,S4_twin_shock_cex_intervention,indonesia,USDC
671,0.7556170768519953,2547042.5059492914,348,S4_twin_shock_cex_intervention,indonesia,USDC
672,0.7597626995030721,2483366.443300559,348,S4_twin_shock_cex_intervention,indonesia,USDC
673,0.7564390506130378,2421282.2822180456,348,S4_twin_shock_cex_intervention,indonesia,USDC
674,0.723273998829534,2360750.225162594,348,S4_twin_shock_cex_intervention,indonesia,USDC
675,0.7295642524202631,2301731.469533529,348,S4_twin_shock_cex_intervention,indonesia,USDC
676,0.7271987568182706,2244188.182795191,348,S4_twin_shock_cex_intervention,indonesia,USDC
677,0.7517967805609437,2188083.4782253113,348,S4_twin_shock_cex_intervention,indonesia,USDC
678,0.7661237246416014,2133381.3912696782,348,S4_twin_shock_cex_intervention,indonesia,USDC
679,0.7640077408707312,2080046.8564879363,348,S4_twin_shock_cex_intervention,indonesia,USDC
680,0.7469182935017543,2028045.685075738,348,S4_twin_shock_cex_intervention,indonesia,USDC
681,0.7682548805745544,1977344.5429488444,348,S4_twin_shock_cex_intervention,indonesia,USDC
682,0.7574975701932666,1927910.9293751232,348,S4_twin_shock_cex_intervention,indonesia,USDC
683,0.7620097171007331,1879713.1561407452,348,S4_twin_shock_cex_intervention,indonesia,USDC
684,0.7569552185933149,1832720.3272372265,348,S4_twin_shock_cex_intervention,indonesia,USDC
685,0.7694984349896286,1786902.3190562958,348,S4_twin_shock_cex_intervention,indonesia,USDC
686,0.7864396206399302,1742229.7610798886,348,S4_twin_shock_cex_intervention,indonesia,USDC
687,0.7904700233809888,1698674.0170528914,348,S4_twin_shock_cex_intervention,indonesia,USDC
688,0.7532840613976574,1656207.166626569,348,S4_twin_shock_cex_intervention,indonesia,USDC
689,0.766853121263847,1614801.9874609048,348,S4_twin_shock_cex_intervention,indonesia,USDC
690,0.8050334197250111,1574431.937774382,348,S4_twin_shock_cex_intervention,indonesia,USDC
691,0.7993016636759841,1535071.1393300225,348,S4_twin_shock_cex_intervention,indonesia,USDC
692,0.7926053973050247,1496694.360846772,348,S4_twin_shock_cex_intervention,indonesia,USDC
693,0.7859929761960512,1459277.0018256027,348,S4_twin_shock_cex_intervention,indonesia,USDC
694,0.784569804266939,1422795.0767799628,348,S4_twin_shock_cex_intervention,indonesia,USDC
695,0.8069825704843839,1387225.1998604636,348,S4_twin_shock_cex_intervention,indonesia,USDC
696,0.7955508537811371,1352544.569863952,348,S4_twin_shock_cex_intervention,indonesia,USDC
697,0.7735560578760206,1318730.955617353,348,S4_twin_shock_cex_intervention,indonesia,USDC
698,0.7761218511131787,1285762.6817269193,348,S4_twin_shock_cex_intervention,indonesia,USDC
699,0.7832505501765886,1253618.6146837464,348,S4_twin_shock_cex_intervention,indonesia,USDC
700,0.7839853335213134,1222278.1493166527,348,S4_twin_shock_cex_intervention,indonesia,USDC
701,0.792933807326428,1191721.1955837363,348,S4_twin_shock_cex_intervention,indonesia,USDC
702,0.8032878264710345,1161928.165694143,348,S4_twin_shock_cex_intervention,indonesia,USDC
703,0.7814666423611979,1132879.9615517892,348,S4_twin_shock_cex_intervention,indonesia,USDC
704,0.7867507814046105,1104557.9625129947,348,S4_twin_shock_cex_intervention,indonesia,USDC
705,0.7766717657939121,1076944.0134501695,348,S4_twin_shock_cex_intervention,indonesia,USDC
706,0.7978319314435581,1050020.4131139154,348,S4_twin_shock_cex_intervention,indonesia,USDC
707,0.7783543051836148,1023769.9027860675,348,S4_twin_shock_cex_intervention,indonesia,USDC
708,0.8118762826279671,998175.6552164158,348,S4_twin_shock_cex_intervention,indonesia,USDC
709,0.7747656071931377,973221.2638360055,348,S4_twin_shock_cex_intervention,indonesia,USDC
710,0.7686896750626876,948890.7322401053,348,S4_twin_shock_cex_intervention,indonesia,USDC
711,0.7587362947615504,925168.4639341027,348,S4_twin_shock_cex_intervention,indonesia,USDC
712,0.7620428908264827,902039.25233575,348,S4_twin_shock_cex_intervention,indonesia,USDC
713,0.779292621650995,879488.2710273562,348,S4_twin_shock_cex_intervention,indonesia,USDC
714,0.8022875948995788,857501.0642516722,348,S4_twin_shock_cex_intervention,indonesia,USDC
715,0.7933726204232388,836063.5376453805,348,S4_twin_shock_cex_intervention,indonesia,USDC
716,0.7824047614501268,815161.949204246,348,S4_twin_shock_cex_intervention,indonesia,USDC
717,0.7744903545994176,794782.9004741398,348,S4_twin_shock_cex_intervention,indonesia,USDC
718,0.7877000760327932,774913.3279622864,348,S4_twin_shock_cex_intervention,indonesia,USDC
719,0.7974798363081181,755540.4947632293,348,S4_twin_shock_cex_intervention,indonesia,USDC
720,0.8062789587612313,736651.9823941485,348,S4_twin_shock_cex_intervention,indonesia,USDC
721,0.8052987883980822,718235.6828342947,348,S4_twin_shock_cex_intervention,indonesia,USDC
722,0.7885737398017982,700279.7907634374,348,S4_twin_shock_cex_intervention,indonesia,USDC
723,0.7720795354183831,682772.7959943515,348,S4_twin_shock_cex_intervention,indonesia,USDC
724,0.7458016523843737,665703.4760944927,348,S4_twin_shock_cex_intervention,indonesia,USDC
725,0.7641047152891323,649060.8891921304,348,S4_twin_shock_cex_intervention,indonesia,USDC
726,0.7814079970381383,632834.3669623272,348,S4_twin_shock_cex_intervention,indonesia,USDC
727,0.7774393158646582,617013.507788269,348,S4_twin_shock_cex_intervention,indonesia,USDC
728,0.7679779581495033,601588.1700935622,348,S4_twin_shock_cex_intervention,indonesia,USDC
729,0.6843180045088378,586548.4658412233,348,S4_twin_shock_cex_intervention,indonesia,USDC
730,0.6982561234548074,571884.7541951926,348,S4_twin_shock_cex_intervention,indonesia,USDC
731,0.7160847660984736,557587.6353403127,348,S4_twin_shock_cex_intervention,indonesia,USDC
732,0.7268349866799211,543647.944456805,348,S4_twin_shock_cex_intervention,indonesia,USDC
733,0.7393250583225697,530056.7458453849,348,S4_twin_shock_cex_intervention,indonesia,USDC
734,0.749815964481473,516805.3271992502,348,S4_twin_shock_cex_intervention,indonesia,USDC
735,0.7558203148418979,503885.19401926897,348,S4_twin_shock_cex_intervention,indonesia,USDC
736,0.765524806106707,491288.06416878727,348,S4_twin_shock_cex_intervention,indonesia,USDC
737,0.7721507625357026,479005.8625645676,348,S4_twin_shock_cex_intervention,indonesia,USDC
738,0.7625451157481892,467030.7160004534,348,S4_twin_shock_cex_intervention,indonesia,USDC
739,0.7476643079878391,455354.94810044207,348,S4_twin_shock_cex_intervention,indonesia,USDC
740,0.7361949948983032,443971.074397931,348,S4_twin_shock_cex_intervention,indonesia,USDC
741,0.7376043199069854,432871.7975379828,348,S4_twin_shock_cex_intervention,indonesia,USDC
742,0.7424688150119602,422050.0025995332,348,S4_twin_shock_cex_intervention,indonesia,USDC
743,0.7535005682796035,411498.7525345449,348,S4_twin_shock_cex_intervention,indonesia,USDC
744,0.7556984949802684,401211.2837211812,348,S4_twin_shock_cex_intervention,indonesia,USDC
745,0.7671096877344532,391181.0016281517,348,S4_twin_shock_cex_intervention,indonesia,USDC
746,0.7707720534120203,381401.4765874479,348,S4_twin_shock_cex_intervention,indonesia,USDC
747,0.7983789581266363,371866.4396727617,348,S4_twin_shock_cex_intervention,indonesia,USDC
748,0.8332525448894441,362569.77868094266,348,S4_twin_shock_cex_intervention,indonesia,USDC
749,0.8623038562414361,353505.5342139191,348,S4_twin_shock_cex_intervention,indonesia,USDC
750,0.8382736970665287,344667.8958585711,348,S4_twin_shock_cex_intervention,indonesia,USDC
751,0.8148894139973729,336051.19846210687,348,S4_twin_shock_cex_intervention,indonesia,USDC
752,0.8374665243156636,327649.91850055417,348,S4_twin_shock_cex_intervention,indonesia,USDC
753,0.8348282135736894,319458.67053804034,348,S4_twin_shock_cex_intervention,indonesia,USDC
754,0.8613145607946537,311472.20377458935,348,S4_twin_shock_cex_intervention,indonesia,USDC
755,0.8874261724861432,303685.3986802246,348,S4_twin_shock_cex_intervention,indonesia,USDC
756,0.8714690764767712,296093.26371321897,348,S4_twin_shock_cex_intervention,indonesia,USDC
757,0.8562053400095596,288690.9321203885,348,S4_twin_shock_cex_intervention,indonesia,USDC
758,0.8602143836348677,281473.6588173788,348,S4_twin_shock_cex_intervention,indonesia,USDC
759,0.8422985899657699,274436.8173469443,348,S4_twin_shock_cex_intervention,indonesia,USDC
760,0.8257378694948811,267575.8969132707,348,S4_twin_shock_cex_intervention,indonesia,USDC
761,0.8291302176073106,260886.49949043893,348,S4_twin_shock_cex_intervention,indonesia,USDC
762,0.8244539254659965,254364.337003178,348,S4_twin_shock_cex_intervention,indonesia,USDC
763,0.8043478861932848,248005.22857809853,348,S4_twin_shock_cex_intervention,indonesia,USDC
764,0.8070495619031313,241805.09786364605,348,S4_twin_shock_cex_intervention,indonesia,USDC
765,0.8125354315840275,235759.9704170549,348,S4_twin_shock_cex_intervention,indonesia,USDC
766,0.6963461500021562,229865.9711566285,348,S4_twin_shock_cex_intervention,indonesia,USDC
767,0.71834247929318,224119.3218777128,348,S4_twin_shock_cex_intervention,indonesia,USDC
768,0.7076823515941861,218516.33883076996,348,S4_twin_shock_cex_intervention,indonesia,USDC
769,0.6890942989305353,213053.43036000076,348,S4_twin_shock_cex_intervention,indonesia,USDC
770,0.7067534788836166,207727.09460100072,348,S4_twin_shock_cex_intervention,indonesia,USDC
771,0.7058398310704933,202533.91723597568,348,S4_twin_shock_cex_intervention,indonesia,USDC
772,0.7448657048778673,197470.56930507626,348,S4_twin_shock_cex_intervention,indonesia,USDC
773,0.7681627908419733,192533.80507244938,348,S4_twin_shock_cex_intervention,indonesia,USDC
774,0.7757949540194736,187720.45994563817,348,S4_twin_shock_cex_intervention,indonesia,USDC
775,0.8033316545522949,183027.4484469972,348,S4_twin_shock_cex_intervention,indonesia,USDC
776,0.7763012423954612,178451.76223582227,348,S4_twin_shock_cex_intervention,indonesia,USDC
777,0.7825560687032345,173990.46817992668,348,S4_twin_shock_cex_intervention,indonesia,USDC
778,0.793457044576178,169640.70647542854,348,S4_twin_shock_cex_intervention,indonesia,USDC
779,0.7871456300425335,165399.68881354283,348,S4_twin_shock_cex_intervention,indonesia,USDC
780,0.8179416038033902,161264.69659320425,348,S4_twin_shock_cex_intervention,indonesia,USDC
781,0.8343762717129518,157233.07917837414,348,S4_twin_shock_cex_intervention,indonesia,USDC
782,0.851770626044738,153302.2521989148,348,S4_twin_shock_cex_intervention,indonesia,USDC
783,0.8476854339534543,149469.6958939419,348,S4_twin_shock_cex_intervention,indonesia,USDC
784,0.8365551043846039,145732.95349659337,348,S4_twin_shock_cex_intervention,indonesia,USDC
785,0.8114881257481036,142089.62965917855,348,S4_twin_shock_cex_intervention,indonesia,USDC
786,0.824501680215326,138537.38891769905,348,S4_twin_shock_cex_intervention,indonesia,USDC
787,0.8193697280653853,135073.95419475657,348,S4_twin_shock_cex_intervention,indonesia,USDC
788,0.8156292950395855,131697.10533988767,348,S4_twin_shock_cex_intervention,indonesia,USDC
789,0.8098147683776055,128404.67770639047,348,S4_twin_shock_cex_intervention,indonesia,USDC
790,0.8279337088095675,125194.56076373073,348,S4_twin_shock_cex_intervention,indonesia,USDC
791,0.8091652014004151,122064.69674463745,348,S4_twin_shock_cex_intervention,indonesia,USDC
792,0.7750389375874158,119013.07932602151,348,S4_twin_shock_cex_intervention,indonesia,USDC
793,0.7766308937986562,116037.75234287098,348,S4_twin_shock_cex_intervention,indonesia,USDC
794,0.7899590099513571,113136.8085342992,348,S4_twin_shock_cex_intervention,indonesia,USDC
795,0.8082903709573249,110308.38832094174,348,S4_twin_shock_cex_intervention,indonesia,USDC
796,0.7939270661533089,107550.67861291819,348,S4_twin_shock_cex_intervention,indonesia,USDC
797,0.8075992869436596,104861.91164759523,348,S4_twin_shock_cex_intervention,indonesia,USDC
798,0.7933721445413908,102240.36385640537,348,S4_twin_shock_cex_intervention,indonesia,USDC
799,0.7853067044181701,99684.35475999521,348,S4_twin_shock_cex_intervention,indonesia,USDC
800,0.7761330580058927,97192.24589099533,348,S4_twin_shock_cex_intervention,indonesia,USDC
801,0.7860160148718122,94762.43974372045,348,S4_twin_shock_cex_intervention,indonesia,USDC
802,0.8054393095477297,92393.37875012743,348,S4_twin_shock_cex_intervention,indonesia,USDC
803,0.773115071759422,90083.54428137426,348,S4_twin_shock_cex_intervention,indonesia,USDC
804,0.7881365577735067,87831.4556743399,348,S4_twin_shock_cex_intervention,indonesia,USDC
805,0.7889337168554577,85635.6692824814,348,S4_twin_shock_cex_intervention,indonesia,USDC
806,0.7773177877445814,83494.77755041936,348,S4_twin_shock_cex_intervention,indonesia,USDC
807,0.7770001220621445,81407.40811165888,348,S4_twin_shock_cex_intervention,indonesia,USDC
808,0.7590502244658277,79372.2229088674,348,S4_twin_shock_cex_intervention,indonesia,USDC
809,0.7577269650348953,77387.9173361457,348,S4_twin_shock_cex_intervention,indonesia,USDC
810,0.769535491718053,75453.21940274208,348,S4_twin_shock_cex_intervention,indonesia,USDC
811,0.7588568552887025,73566.88891767352,348,S4_twin_shock_cex_intervention,indonesia,USDC
812,0.7664071303841808,71727.71669473167,348,S4_twin_shock_cex_intervention,indonesia,USDC
813,0.7765395055500737,69934.52377736339,348,S4_twin_shock_cex_intervention,indonesia,USDC
814,0.7569955171916705,68186.1606829293,348,S4_twin_shock_cex_intervention,indonesia,USDC
815,0.7737970750877536,66481.50666585607,348,S4_twin_shock_cex_intervention,indonesia,USDC
816,0.766206479941458,64819.46899920967,348,S4_twin_shock_cex_intervention,indonesia,USDC
817,0.7840971284796264,63198.98227422942,348,S4_twin_shock_cex_intervention,indonesia,USDC
818,0.7848825078289728,61619.00771737369,348,S4_twin_shock_cex_intervention,indonesia,USDC
819,0.8005135493955906,60078.532524439346,348,S4_twin_shock_cex_intervention,indonesia,USDC
820,0.7942117196373908,58576.56921132836,348,S4_twin_shock_cex_intervention,indonesia,USDC
821,0.7994245851985315,57112.154981045154,348,S4_twin_shock_cex_intervention,indonesia,USDC
822,0.7788799392592064,55684.351106519025,348,S4_twin_shock_cex_intervention,indonesia,USDC
823,0.7724815220451894,54292.24232885605,348,S4_twin_shock_cex_intervention,indonesia,USDC
824,0.7606699335852399,52934.93627063465,348,S4_twin_shock_cex_intervention,indonesia,USDC
825,0.7725575207099181,51611.56286386878,348,S4_twin_shock_cex_intervention,indonesia,USDC
826,0.7607553161375501,50321.27379227207,348,S4_twin_shock_cex_intervention,indonesia,USDC
827,0.7513610943586836,49063.24194746527,348,S4_twin_shock_cex_intervention,indonesia,USDC
828,0.7418376646827763,47836.66089877863,348,S4_twin_shock_cex_intervention,indonesia,USDC
829,0.7519160030999191,46640.74437630917,348,S4_twin_shock_cex_intervention,indonesia,USDC
830,0.7520705790328018,45474.725766901436,348,S4_twin_shock_cex_intervention,indonesia,USDC
831,0.7588680586573077,44337.8576227289,348,S4_twin_shock_cex_intervention,indonesia,USDC
832,0.7647241741648307,43229.41118216068,348,S4_twin_shock_cex_intervention,indonesia,USDC
833,0.7066137813921546,42148.675902606665,348,S4_twin_shock_cex_intervention,indonesia,USDC
834,0.7222631115691317,41094.9590050415,348,S4_twin_shock_cex_intervention,indonesia,USDC
835,0.7428833390228453,40067.585029915455,348,S4_twin_shock_cex_intervention,indonesia,USDC
836,0.7446199298393903,39065.89540416757,348,S4_twin_shock_cex_intervention,indonesia,USDC
837,0.7582631476940348,38089.24801906338,348,S4_twin_shock_cex_intervention,indonesia,USDC
838,0.7755538272059599,37137.016818586795,348,S4_twin_shock_cex_intervention,indonesia,USDC
839,0.7906548080298142,36208.591398122124,348,S4_twin_shock_cex_intervention,indonesia,USDC
840,0.7713730018576354,35303.37661316907,348,S4_twin_shock_cex_intervention,indonesia,USDC
841,0.7823199256950113,34420.792197839844,348,S4_twin_shock_cex_intervention,indonesia,USDC
842,0.7920810611452963,33560.27239289385,348,S4_twin_shock_cex_intervention,indonesia,USDC
843,0.8080949995248653,32721.265583071498,348,S4_twin_shock_cex_intervention,indonesia,USDC
844,0.7842023669694675,31903.233943494713,348,S4_twin_shock_cex_intervention,indonesia,USDC
845,0.7697275082587519,31105.653094907346,348,S4_twin_shock_cex_intervention,indonesia,USDC
846,0.7628748409288446,30328.01176753466,348,S4_twin_shock_cex_intervention,indonesia,USDC
847,0.6993068583528912,29569.811473346293,348,S4_twin_shock_cex_intervention,indonesia,USDC
848,0.72272483195275,28830.56618651264,348,S4_twin_shock_cex_intervention,indonesia,USDC
849,0.7158092126291485,28109.802031849824,348,S4_twin_shock_cex_intervention,indonesia,USDC
850,0.7473836876760055,27407.056981053574,348,S4_twin_shock_cex_intervention,indonesia,USDC
851,0.7601211560064521,26721.880556527234,348,S4_twin_shock_cex_intervention,indonesia,USDC
852,0.7613049446375273,26053.833542614055,348,S4_twin_shock_cex_intervention,indonesia,USDC
853,0.7699223832578431,25402.487704048704,348,S4_twin_shock_cex_intervention,indonesia,USDC
854,0.7582960398346915,24767.425511447484,348,S4_twin_shock_cex_intervention,indonesia,USDC
855,0.7783013519739621,24148.239873661296,348,S4_twin_shock_cex_intervention,indonesia,USDC
856,0.7624887128046315,23544.533876819765,348,S4_twin_shock_cex_intervention,indonesia,USDC
857,0.7838826151167828,22955.92052989927,348,S4_twin_shock_cex_intervention,indonesia,USDC
858,0.8071943195898323,22382.02251665179,348,S4_twin_shock_cex_intervention,indonesia,USDC
859,0.7867164920544804,21822.471953735494,348,S4_twin_shock_cex_intervention,indonesia,USDC
860,0.7982977817632058,21276.91015489211,348,S4_twin_shock_cex_intervention,indonesia,USDC
861,0.8173924518167763,20744.987401019804,348,S4_twin_shock_cex_intervention,indonesia,USDC
862,0.8149416485815099,20226.362715994306,348,S4_twin_shock_cex_intervention,indonesia,USDC
863,0.8014921645227798,19720.70364809445,348,S4_twin_shock_cex_intervention,indonesia,USDC
864,0.812823177060878,19227.68605689209,348,S4_twin_shock_cex_intervention,indonesia,USDC
865,0.8045280581929933,18746.993905469786,348,S4_twin_shock_cex_intervention,indonesia,USDC
866,0.7991006737200732,18278.319057833043,348,S4_twin_shock_cex_intervention,indonesia,USDC
867,0.7962715510400787,17821.361081387215,348,S4_twin_shock_cex_intervention,indonesia,USDC
868,0.7907858169977124,17375.827054352536,348,S4_twin_shock_cex_intervention,indonesia,USDC
869,0.7683560902549628,16941.431377993722,348,S4_twin_shock_cex_intervention,indonesia,USDC
870,0.7776113319263693,16517.89559354388,348,S4_twin_shock_cex_intervention,indonesia,USDC
871,0.7756936867862498,16104.948203705282,348,S4_twin_shock_cex_intervention,indonesia,USDC
872,0.7707286777773111,15702.324498612648,348,S4_twin_shock_cex_intervention,indonesia,USDC
873,0.7688648150349079,15309.766386147334,348,S4_twin_shock_cex_intervention,indonesia,USDC
874,0.7840499159118818,14927.02222649365,348,S4_twin_shock_cex_intervention,indonesia,USDC
875,0.7873527120861535,14553.84667083131,348,S4_twin_shock_cex_intervention,indonesia,USDC
876,0.7885202168089268,14190.000504060528,348,S4_twin_shock_cex_intervention,indonesia,USDC
877,0.7928088091868198,13835.250491459014,348,S4_twin_shock_cex_intervention,indonesia,USDC
878,0.7947652839591017,13489.369229172538,348,S4_twin_shock_cex_intervention,indonesia,USDC
879,0.7742925214655436,13152.134998443224,348,S4_twin_shock_cex_intervention,indonesia,USDC
880,0.795646282329362,12823.331623482143,348,S4_twin_shock_cex_intervention,indonesia,USDC
881,0.8084697685181619,12502.748332895091,348,S4_twin_shock_cex_intervention,indonesia,USDC
882,0.8210874903280833,12190.179624572713,348,S4_twin_shock_cex_intervention,indonesia,USDC
883,0.819041621227289,11885.425133958397,348,S4_twin_shock_cex_intervention,indonesia,USDC
884,0.77450621316093,11588.289505609437,348,S4_twin_shock_cex_intervention,indonesia,USDC
885,0.7887603645716015,11298.582267969201,348,S4_twin_shock_cex_intervention,indonesia,USDC
886,0.8099563416684157,11016.11771126997,348,S4_twin_shock_cex_intervention,indonesia,USDC
887,0.7856985786918218,10740.714768488222,348,S4_twin_shock_cex_intervention,indonesia,USDC
888,0.7912278895226086,10472.196899276016,348,S4_twin_shock_cex_intervention,indonesia,USDC
889,0.7759816140690309,10210.391976794115,348,S4_twin_shock_cex_intervention,indonesia,USDC
890,0.7891515820752314,9955.132177374262,348,S4_twin_shock_cex_intervention,indonesia,USDC
891,0.7677926279077323,9706.253872939906,348,S4_twin_shock_cex_intervention,indonesia,USDC
892,0.7614961516553986,9463.59752611641,348,S4_twin_shock_cex_intervention,indonesia,USDC
893,0.765743494613529,9227.007587963497,348,S4_twin_shock_cex_intervention,indonesia,USDC
894,0.7921013759499739,8996.33239826441,348,S4_twin_shock_cex_intervention,indonesia,USDC
895,0.8024125088593492,8771.4240883078,348,S4_twin_shock_cex_intervention,indonesia,USDC
896,0.8078473381342647,8552.138486100106,348,S4_twin_shock_cex_intervention,indonesia,USDC
897,0.8036947840945184,8338.335023947602,348,S4_twin_shock_cex_intervention,indonesia,USDC
898,0.8186405626630823,8129.876648348913,348,S4_twin_shock_cex_intervention,indonesia,USDC
899,0.8028910477698358,7926.629732140189,348,S4_twin_shock_cex_intervention,indonesia,USDC
900,0.8089240923102384,7728.463988836684,348,S4_twin_shock_cex_intervention,indonesia,USDC
901,0.8370913487256585,7535.252389115766,348,S4_twin_shock_cex_intervention,indonesia,USDC
902,0.8684203708727279,7346.871079387873,348,S4_twin_shock_cex_intervention,indonesia,USDC
903,0.8524189629561988,7163.199302403175,348,S4_twin_shock_cex_intervention,indonesia,USDC
904,0.865922615088124,6984.1193198430965,348,S4_twin_shock_cex_intervention,indonesia,USDC
905,0.8695646923826935,6809.5163368470185,348,S4_twin_shock_cex_intervention,indonesia,USDC
906,0.8311254818975609,6639.278428425843,348,S4_twin_shock_cex_intervention,indonesia,USDC
907,0.806819201640017,6473.296467715198,348,S4_twin_shock_cex_intervention,indonesia,USDC
908,0.8071871063534868,6311.464056022318,348,S4_twin_shock_cex_intervention,indonesia,USDC
909,0.8151685780867686,6153.67745462176,348,S4_twin_shock_cex_intervention,indonesia,USDC
910,0.8126302566656577,5999.835518256215,348,S4_twin_shock_cex_intervention,indonesia,USDC
911,0.834981586034786,5849.839630299811,348,S4_twin_shock_cex_intervention,indonesia,USDC
912,0.8393036551052843,5703.593639542315,348,S4_twin_shock_cex_intervention,indonesia,USDC
913,0.8128328580396016,5561.003798553757,348,S4_twin_shock_cex_intervention,indonesia,USDC
914,0.7782353092731878,5421.9787035899135,348,S4_twin_shock_cex_intervention,indonesia,USDC
915,0.7666655000250013,5286.4292360001655,348,S4_twin_shock_cex_intervention,indonesia,USDC
916,0.7547580678646729,5154.268505100161,348,S4_twin_shock_cex_intervention,indonesia,USDC
917,0.7673489945500286,5025.411792472657,348,S4_twin_shock_cex_intervention,indonesia,USDC
918,0.7444670285885124,4899.7764976608405,348,S4_twin_shock_cex_intervention,indonesia,USDC
919,0.7382219696569572,4777.28208521932,348,S4_twin_shock_cex_intervention,indonesia,USDC
920,0.7689674975765622,4657.850033088836,348,S4_twin_shock_cex_intervention,indonesia,USDC
921,0.7806675898708594,4541.403782261616,348,S4_twin_shock_cex_intervention,indonesia,USDC
922,0.7780913864224305,4427.868687705075,348,S4_twin_shock_cex_intervention,indonesia,USDC
923,0.7720991522057378,4317.171970512448,348,S4_twin_shock_cex_intervention,indonesia,USDC
924,0.7894530387051977,4209.242671249637,348,S4_twin_shock_cex_intervention,indonesia,USDC
925,0.7826685017129315,4104.0116044683955,348,S4_twin_shock_cex_intervention,indonesia,USDC
926,0.7848383710959635,4001.411314356686,348,S4_twin_shock_cex_intervention,indonesia,USDC
927,0.7954746960288772,3901.376031497769,348,S4_twin_shock_cex_intervention,indonesia,USDC
928,0.7848260670326452,3803.8416307103244,348,S4_twin_shock_cex_intervention,indonesia,USDC
929,0.8094043394098754,3708.7455899425663,348,S4_twin_shock_cex_intervention,indonesia,USDC
930,0.7963021789810486,3616.026950194002,348,S4_twin_shock_cex_intervention,indonesia,USDC
931,0.7911583914447694,3525.626276439152,348,S4_twin_shock_cex_intervention,indonesia,USDC
932,0.7870586908284967,3437.4856195281736,348,S4_twin_shock_cex_intervention,indonesia,USDC
933,0.8022199781859589,3351.5484790399687,348,S4_twin_shock_cex_intervention,indonesia,USDC
934,0.8003806886011782,3267.75976706397,348,S4_twin_shock_cex_intervention,indonesia,USDC
935,0.8106481665340244,3186.0657728873707,348,S4_twin_shock_cex_intervention,indonesia,USDC
936,0.8120710193093462,3106.4141285651863,348,S4_twin_shock_cex_intervention,indonesia,USDC
937,0.8410684510915981,3028.753775351057,348,S4_twin_shock_cex_intervention,indonesia,USDC
938,0.8324038251675734,2953.0349309672806,348,S4_twin_shock_cex_intervention,indonesia,USDC
939,0.8291441793954613,2879.2090576930987,348,S4_twin_shock_cex_intervention,indonesia,USDC
940,0.8432744789461782,2807.228831250771,348,S4_twin_shock_cex_intervention,indonesia,USDC
941,0.8409102422838427,2737.048110469502,348,S4_twin_shock_cex_intervention,indonesia,USDC
942,0.8307253471201225,2668.621907707764,348,S4_twin_shock_cex_intervention,indonesia,USDC
943,0.8057494312554913,2601.9063600150703,348,S4_twin_shock_cex_intervention,indonesia,USDC
944,0.7918664773024268,2536.858701014693,348,S4_twin_shock_cex_intervention,indonesia,USDC
945,0.780360501460855,2473.437233489326,348,S4_twin_shock_cex_intervention,indonesia,USDC
946,0.8056927118139693,2411.601302652093,348,S4_twin_shock_cex_intervention,indonesia,USDC
947,0.8063081166876875,2351.3112700857905,348,S4_twin_shock_cex_intervention,indonesia,USDC
948,0.7874558234168754,2292.528488333646,348,S4_twin_shock_cex_intervention,indonesia,USDC
949,0.7921834235728727,2235.2152761253046,348,S4_twin_shock_cex_intervention,indonesia,USDC
950,0.7609351632506681,2179.334894222172,348,S4_twin_shock_cex_intervention,indonesia,USDC
951,0.7676358955976059,2124.851521866618,348,S4_twin_shock_cex_intervention,indonesia,USDC
952,0.7672113477745177,2071.7302338199524,348,S4_twin_shock_cex_intervention,indonesia,USDC
953,0.7743459080526109,2019.9369779744534,348,S4_twin_shock_cex_intervention,indonesia,USDC
954,0.7942081733866723,1969.4385535250922,348,S4_twin_shock_cex_intervention,indonesia,USDC
955,0.7876382905112917,1920.202589686965,348,S4_twin_shock_cex_intervention,indonesia,USDC
956,0.7777458118077714,1872.1975249447908,348,S4_twin_shock_cex_intervention,indonesia,USDC
957,0.7770303128403961,1825.392586821171,348,S4_twin_shock_cex_intervention,indonesia,USDC
958,0.7836037533803821,1779.7577721506418,348,S4_twin_shock_cex_intervention,indonesia,USDC
959,0.7874792349113332,1735.2638278468758,348,S4_twin_shock_cex_intervention,indonesia,USDC
960,0.765681241070816,1691.8822321507039,348,S4_twin_shock_cex_intervention,indonesia,USDC
961,0.769428805576815,1649.5851763469364,348,S4_twin_shock_cex_intervention,indonesia,USDC
962,0.7611859071050645,1608.3455469382632,348,S4_twin_shock_cex_intervention,indonesia,USDC
963,0.7569689419292077,1568.1369082648066,348,S4_twin_shock_cex_intervention,indonesia,USDC
964,0.7442911469819515,1528.9334855581865,348,S4_twin_shock_cex_intervention,indonesia,USDC
965,0.7730824609667184,1490.7101484192317,348,S4_twin_shock_cex_intervention,indonesia,USDC
966,0.7650293000634979,1453.4423947087507,348,S4_twin_shock_cex_intervention,indonesia,USDC
967,0.7791319279392902,1417.106334841032,348,S4_twin_shock_cex_intervention,indonesia,USDC
968,0.7820156437647802,1381.6786764700062,348,S4_twin_shock_cex_intervention,indonesia,USDC
969,0.7915807612421181,1347.136709558256,348,S4_twin_shock_cex_intervention,indonesia,USDC
970,0.770120646321633,1313.4582918192998,348,S4_twin_shock_cex_intervention,indonesia,USDC
971,0.7963613268358121,1280.6218345238171,348,S4_twin_shock_cex_intervention,indonesia,USDC
972,0.7916473511026593,1248.6062886607217,348,S4_twin_shock_cex_intervention,indonesia,USDC
973,0.7976139836021453,1217.391131444204,348,S4_twin_shock_cex_intervention,indonesia,USDC
974,0.7796029410786067,1186.9563531580984,348,S4_twin_shock_cex_intervention,indonesia,USDC
975,0.7813934620403572,1157.282444329146,348,S4_twin_shock_cex_intervention,indonesia,USDC
976,0.8094698149090922,1128.3503832209176,348,S4_twin_shock_cex_intervention,indonesia,USDC
977,0.8144602181733647,1100.1416236403945,348,S4_twin_shock_cex_intervention,indonesia,USDC
978,0.8165747884407648,1072.6380830493847,348,S4_twin_shock_cex_intervention,indonesia,USDC
979,0.8349252588405038,1045.82213097315,348,S4_twin_shock_cex_intervention,indonesia,USDC
980,0.8081409655442108,1019.6765776988213,348,S4_twin_shock_cex_intervention,indonesia,USDC
981,0.8256822194382701,994.1846632563509,348,S4_twin_shock_cex_intervention,indonesia,USDC
982,0.8369826469172575,969.330046674942,348,S4_twin_shock_cex_intervention,indonesia,USDC
983,0.807571898779332,945.0967955080685,348,S4_twin_shock_cex_intervention,indonesia,USDC
984,0.8222259089639397,921.4693756203667,348,S4_twin_shock_cex_intervention,indonesia,USDC
985,0.8518678451886704,898.4326412298576,348,S4_twin_shock_cex_intervention,indonesia,USDC
986,0.8197953211036272,875.9718251991111,348,S4_twin_shock_cex_intervention,indonesia,USDC
987,0.8005539644664057,854.0725295691333,348,S4_twin_shock_cex_intervention,indonesia,USDC
988,0.7989960974059563,832.7207163299049,348,S4_twin_shock_cex_intervention,indonesia,USDC
989,0.809941466122797,811.9026984216573,348,S4_twin_shock_cex_intervention,indonesia,USDC
990,0.8290803706885855,791.605130961116,348,S4_twin_shock_cex_intervention,indonesia,USDC
991,0.8133353094476273,771.815002687088,348,S4_twin_shock_cex_intervention,indonesia,USDC
992,0.826660762939763,752.5196276199108,348,S4_twin_shock_cex_intervention,indonesia,USDC
993,0.8257856547819247,733.7066369294131,348,S4_twin_shock_cex_intervention,indonesia,USDC
994,0.8045812578962537,715.3639710061777,348,S4_twin_shock_cex_intervention,indonesia,USDC
995,0.790139891572958,697.4798717310233,348,S4_twin_shock_cex_intervention,indonesia,USDC
996,0.80372326185213,680.0428749377478,348,S4_twin_shock_cex_intervention,indonesia,USDC
997,0.774869322354352,663.0418030643041,348,S4_twin_shock_cex_intervention,indonesia,USDC
998,0.7796473933217548,646.4657579876965,348,S4_twin_shock_cex_intervention,indonesia,USDC
999,0.7740515413081825,630.3041140380041,348,S4_twin_shock_cex_intervention,indonesia,USDC
1000,0.7550855516676985,614.546511187054,348,S4_twin_shock_cex_intervention,indonesia,USDC
