Step,price,liquidity,iteration,scenario,region,coin
1,250000.96992344316,2989286766933.2334,432,S4_twin_shock_cex_intervention,indonesia,USDC
2,187502.0,2989296141933.2334,432,S4_twin_shock_cex_intervention,indonesia,USDC
3,140627.0,2989303173183.2334,432,S4_twin_shock_cex_intervention,indonesia,USDC
4,105470.75,2989308446620.7334,432,S4_twin_shock_cex_intervention,indonesia,USDC
5,79103.5625,2989312401698.8584,432,S4_twin_shock_cex_intervention,indonesia,USDC
6,59328.171875,2989315368007.452,432,S4_twin_shock_cex_intervention,indonesia,USDC
7,44496.62890625,2989317592738.8975,432,S4_twin_shock_cex_intervention,indonesia,USDC
8,33372.9716796875,2989319261287.4814,432,S4_twin_shock_cex_intervention,indonesia,USDC
9,25030.228759765625,2989320512698.9194,432,S4_twin_shock_cex_intervention,indonesia,USDC
10,18773.17156982422,2989321451257.498,432,S4_twin_shock_cex_intervention,indonesia,USDC
11,14080.378677368164,2989322155176.432,432,S4_twin_shock_cex_intervention,indonesia,USDC
12,10560.784008026123,2989322683115.633,432,S4_twin_shock_cex_intervention,indonesia,USDC
13,7921.088006019592,2989323079070.0327,432,S4_twin_shock_cex_intervention,indonesia,USDC
14,5941.316004514694,2989323376035.833,432,S4_twin_shock_cex_intervention,indonesia,USDC
15,4456.487003386021,2989323598760.183,432,S4_twin_shock_cex_intervention,indonesia,USDC
16,3342.8652525395155,2989323765803.446,432,S4_twin_shock_cex_intervention,indonesia,USDC
17,2507.6489394046366,2989323891085.8926,432,S4_twin_shock_cex_intervention,indonesia,USDC
18,1881.2367045534775,2989323985047.728,432,S4_twin_shock_cex_intervention,indonesia,USDC
19,1411.427528415108,2989324055519.1045,432,S4_twin_shock_cex_intervention,indonesia,USDC
20,1059.070646311331,2989324108372.6367,432,S4_twin_shock_cex_intervention,indonesia,USDC
21,794.8029847334983,2989324148012.786,432,S4_twin_shock_cex_intervention,indonesia,USDC
22,596.6022385501237,2989324177742.898,432,S4_twin_shock_cex_intervention,indonesia,USDC
23,447.9516789125928,2989324200040.482,432,S4_twin_shock_cex_intervention,indonesia,USDC
24,336.4637591844446,2989324216763.67,432,S4_twin_shock_cex_intervention,indonesia,USDC
25,252.84781938833345,2989324229306.061,432,S4_twin_shock_cex_intervention,indonesia,USDC
26,190.1358645412501,2989324238712.8545,432,S4_twin_shock_cex_intervention,indonesia,USDC
27,143.1018984059376,2989324245767.949,432,S4_twin_shock_cex_intervention,indonesia,USDC
28,107.82642380445319,2989324251059.2705,432,S4_twin_shock_cex_intervention,indonesia,USDC
29,81.3698178533399,2989324255027.761,432,S4_twin_shock_cex_intervention,indonesia,USDC
30,61.52736339000492,2989324258004.1294,432,S4_twin_shock_cex_intervention,indonesia,USDC
31,46.6455225425037,2989324260236.4053,432,S4_twin_shock_cex_intervention,indonesia,USDC
32,35.484141906877774,2989324261910.613,432,S4_twin_shock_cex_intervention,indonesia,USDC
33,27.11310643015833,2989324263166.268,432,S4_twin_shock_cex_intervention,indonesia,USDC
34,20.834829822618744,2989324264108.01,432,S4_twin_shock_cex_intervention,indonesia,USDC
35,16.12612236696406,2989324264814.316,432,S4_twin_shock_cex_intervention,indonesia,USDC
36,12.594591775223044,2989324265344.0454,432,S4_twin_shock_cex_intervention,indonesia,USDC
37,9.945943831417281,2989324265741.343,432,S4_twin_shock_cex_intervention,indonesia,USDC
38,7.959457873562963,2989324266039.3154,432,S4_twin_shock_cex_intervention,indonesia,USDC
39,6.469593405172222,2989324266262.795,432,S4_twin_shock_cex_intervention,indonesia,USDC
40,5.352195053879166,2989324266430.405,432,S4_twin_shock_cex_intervention,indonesia,USDC
41,4.514146290409375,2989324266556.1123,432,S4_twin_shock_cex_intervention,indonesia,USDC
42,3.8856097178070312,2989324266650.3926,432,S4_twin_shock_cex_intervention,indonesia,USDC
43,3.414207288355273,2989324266721.103,432,S4_twin_shock_cex_intervention,indonesia,USDC
44,3.060655466266455,2989324266774.1357,432,S4_twin_shock_cex_intervention,indonesia,USDC
45,2.795491599699841,2989324266813.91,432,S4_twin_shock_cex_intervention,indonesia,USDC
46,2.596618699774881,2989324266843.741,432,S4_twin_shock_cex_intervention,indonesia,USDC
47,2.4474640248311608,2989324266866.1143,432,S4_twin_shock_cex_intervention,indonesia,USDC
48,2.3355980186233705,2989324266882.894,432,S4_twin_shock_cex_intervention,indonesia,USDC
49,2.251698513967528,2989324266895.479,432,S4_twin_shock_cex_intervention,indonesia,USDC
50,2.188773885475646,2989324266904.918,432,S4_twin_shock_cex_intervention,indonesia,USDC
51,2.1415804141067345,2989324266911.9966,432,S4_twin_shock_cex_intervention,indonesia,USDC
52,2.106185310580051,2989324266917.3057,432,S4_twin_shock_cex_intervention,indonesia,USDC
53,2.0203663491806125,2989324266921.2876,432,S4_twin_shock_cex_intervention,indonesia,USDC
54,1.9218493658350315,2989324266924.2744,432,S4_twin_shock_cex_intervention,indonesia,USDC
55,1.8138822088675441,2989324266926.5137,432,S4_twin_shock_cex_intervention,indonesia,USDC
56,1.7657092815126274,2989324266928.194,432,S4_twin_shock_cex_intervention,indonesia,USDC
57,1.720118119810563,2989324266929.4536,432,S4_twin_shock_cex_intervention,indonesia,USDC
58,1.6471624322826157,2989324266930.3984,432,S4_twin_shock_cex_intervention,indonesia,USDC
59,1.5520801273490556,2989324266931.107,432,S4_twin_shock_cex_intervention,indonesia,USDC
60,1.5172545018532468,2989324266931.638,432,S4_twin_shock_cex_intervention,indonesia,USDC
61,1.5127580001236516,2989324266932.037,432,S4_twin_shock_cex_intervention,indonesia,USDC
62,1.4771442541608317,2989324266932.336,432,S4_twin_shock_cex_intervention,indonesia,USDC
63,1.4297432495062212,2989324266932.56,432,S4_twin_shock_cex_intervention,indonesia,USDC
64,1.352698475408358,2989324266932.728,432,S4_twin_shock_cex_intervention,indonesia,USDC
65,1.304333395557206,2989324266932.854,432,S4_twin_shock_cex_intervention,indonesia,USDC
66,1.2579834789304112,2989324266932.9487,432,S4_twin_shock_cex_intervention,indonesia,USDC
67,1.2062732191432253,2989324266933.0195,432,S4_twin_shock_cex_intervention,indonesia,USDC
68,1.1307369798085962,2989324266933.0728,432,S4_twin_shock_cex_intervention,indonesia,USDC
69,1.1052196662102869,2989324266933.113,432,S4_twin_shock_cex_intervention,indonesia,USDC
70,1.1217170390228783,2989324266933.1426,432,S4_twin_shock_cex_intervention,indonesia,USDC
71,1.118592483146812,2989324266933.165,432,S4_twin_shock_cex_intervention,indonesia,USDC
72,1.0689812783578,2989324266933.1816,432,S4_twin_shock_cex_intervention,indonesia,USDC
73,1.0607970338524777,2989324266933.1943,432,S4_twin_shock_cex_intervention,indonesia,USDC
74,1.0318425550433705,2989324266933.204,432,S4_twin_shock_cex_intervention,indonesia,USDC
75,1.0216898575524447,2989324266933.211,432,S4_twin_shock_cex_intervention,indonesia,USDC
76,1.0232050248331774,2989324266933.2163,432,S4_twin_shock_cex_intervention,indonesia,USDC
77,1.0127401294776952,2989324266933.2163,432,S4_twin_shock_cex_intervention,indonesia,USDC
78,1.0159908714606678,2989324266933.2163,432,S4_twin_shock_cex_intervention,indonesia,USDC
79,1.0164252664442819,2989324266933.2163,432,S4_twin_shock_cex_intervention,indonesia,USDC
80,1.009058792108032,2989324266933.2163,432,S4_twin_shock_cex_intervention,indonesia,USDC
81,0.8564647812364007,2989324266933.22,432,S4_twin_shock_cex_intervention,indonesia,USDC
82,0.8808033616673847,2982597418800.967,432,S4_twin_shock_cex_intervention,indonesia,USDC
83,0.8862623552620063,2977807170362.8647,432,S4_twin_shock_cex_intervention,indonesia,USDC
84,0.8871695403117049,2973716562540.5474,432,S4_twin_shock_cex_intervention,indonesia,USDC
85,0.8772023976349534,2970097516013.882,432,S4_twin_shock_cex_intervention,indonesia,USDC
86,0.8523483285970471,2966454921277.872,432,S4_twin_shock_cex_intervention,indonesia,USDC
87,0.8553065742266737,2962233928097.235,432,S4_twin_shock_cex_intervention,indonesia,USDC
88,0.8778189428554499,2958424397731.074,432,S4_twin_shock_cex_intervention,indonesia,USDC
89,0.868606510770877,2955658953586.7554,432,S4_twin_shock_cex_intervention,indonesia,USDC
90,0.8885862506177992,2952965522609.1416,432,S4_twin_shock_cex_intervention,indonesia,USDC
91,0.8941440372678076,2951071694814.8413,432,S4_twin_shock_cex_intervention,indonesia,USDC
92,0.9122782171626902,2949410471695.982,432,S4_twin_shock_cex_intervention,indonesia,USDC
93,0.8963510063990179,2948275891866.408,432,S4_twin_shock_cex_intervention,indonesia,USDC
94,0.8989828082029908,2946938209123.2534,432,S4_twin_shock_cex_intervention,indonesia,USDC
95,0.907045818746782,2945709670549.745,432,S4_twin_shock_cex_intervention,indonesia,USDC
96,0.9253485098600681,2944672573250.693,432,S4_twin_shock_cex_intervention,indonesia,USDC
97,0.9099877265890903,2943985931490.8853,432,S4_twin_shock_cex_intervention,indonesia,USDC
98,0.9298938275380599,2943101796724.711,432,S4_twin_shock_cex_intervention,indonesia,USDC
99,0.9143779924049728,2942532143130.9824,432,S4_twin_shock_cex_intervention,indonesia,USDC
100,0.9290141614069298,2941833066485.2305,432,S4_twin_shock_cex_intervention,indonesia,USDC
101,0.8196177149129227,2941335202932.856,432,S4_twin_shock_cex_intervention,indonesia,USDC
102,0.8440165097745638,2939584786440.51,432,S4_twin_shock_cex_intervention,indonesia,USDC
103,0.8584890294755166,2938334649866.448,432,S4_twin_shock_cex_intervention,indonesia,USDC
104,0.8727464273391468,2937320437888.3936,432,S4_twin_shock_cex_intervention,indonesia,USDC
105,0.874325326249539,2936536099740.603,432,S4_twin_shock_cex_intervention,indonesia,USDC
106,0.9038064380927906,2935824770100.409,432,S4_twin_shock_cex_intervention,indonesia,USDC
107,0.9065902906719274,2935381170658.3223,432,S4_twin_shock_cex_intervention,indonesia,USDC
108,0.9426217915918405,2934985225808.1816,432,S4_twin_shock_cex_intervention,indonesia,USDC
109,0.9425594125227373,2934842188562.8594,432,S4_twin_shock_cex_intervention,indonesia,USDC
110,0.9398402592102799,2934691527262.503,432,S4_twin_shock_cex_intervention,indonesia,USDC
111,0.943664670929864,2934524645633.346,432,S4_twin_shock_cex_intervention,indonesia,USDC
112,0.9683139749552209,2934388544446.4326,432,S4_twin_shock_cex_intervention,indonesia,USDC
113,0.9835919068816147,2934382534347.546,432,S4_twin_shock_cex_intervention,indonesia,USDC
114,0.9939571064254887,2934382534347.546,432,S4_twin_shock_cex_intervention,indonesia,USDC
115,1.0152309222484606,2934382534347.546,432,S4_twin_shock_cex_intervention,indonesia,USDC
116,0.9914571498387088,2934382534347.546,432,S4_twin_shock_cex_intervention,indonesia,USDC
117,0.9994464281209146,2934382534347.546,432,S4_twin_shock_cex_intervention,indonesia,USDC
118,1.0468062821955473,2934382534347.546,432,S4_twin_shock_cex_intervention,indonesia,USDC
119,1.0483097830065407,2934382534347.546,432,S4_twin_shock_cex_intervention,indonesia,USDC
120,1.0608543885014363,2934382534347.546,432,S4_twin_shock_cex_intervention,indonesia,USDC
121,1.0552065344050865,2861022970988.857,432,S4_twin_shock_cex_intervention,indonesia,USDC
122,1.0438314484564482,2789497396714.1357,432,S4_twin_shock_cex_intervention,indonesia,USDC
123,1.0251984910001772,2719759961796.282,432,S4_twin_shock_cex_intervention,indonesia,USDC
124,1.0148777551258168,2651765962751.375,432,S4_twin_shock_cex_intervention,indonesia,USDC
125,0.9926065611583653,2585471813682.5903,432,S4_twin_shock_cex_intervention,indonesia,USDC
126,1.000395970814041,2520835018340.526,432,S4_twin_shock_cex_intervention,indonesia,USDC
127,1.0003635316702268,2457814142882.0127,432,S4_twin_shock_cex_intervention,indonesia,USDC
128,0.9579340504027346,2396368789309.962,432,S4_twin_shock_cex_intervention,indonesia,USDC
129,0.9493629531769835,2336398222175.4824,432,S4_twin_shock_cex_intervention,indonesia,USDC
130,0.8974973024018417,2277893126359.5464,432,S4_twin_shock_cex_intervention,indonesia,USDC
131,0.8729730793396449,2220588866443.6875,432,S4_twin_shock_cex_intervention,indonesia,USDC
132,0.8608378385830046,2164651583909.2744,432,S4_twin_shock_cex_intervention,indonesia,USDC
133,0.8429288279044694,2110085610304.3328,432,S4_twin_shock_cex_intervention,indonesia,USDC
134,0.8272035677789084,2056878484973.4292,432,S4_twin_shock_cex_intervention,indonesia,USDC
135,0.8254336352973507,2005010771165.3682,432,S4_twin_shock_cex_intervention,indonesia,USDC
136,0.8173546323108425,1954499187436.081,432,S4_twin_shock_cex_intervention,indonesia,USDC
137,0.8171050938320616,1905302470887.4937,432,S4_twin_shock_cex_intervention,indonesia,USDC
138,0.8304955227605749,1857378498135.4333,432,S4_twin_shock_cex_intervention,indonesia,USDC
139,0.8302314778030225,1810718738241.9226,432,S4_twin_shock_cex_intervention,indonesia,USDC
140,0.8398201326473227,1765256204114.4326,432,S4_twin_shock_cex_intervention,indonesia,USDC
141,0.8461276078136897,1720961928662.1943,432,S4_twin_shock_cex_intervention,indonesia,USDC
142,0.8503204086865882,1677809202194.6694,432,S4_twin_shock_cex_intervention,indonesia,USDC
143,0.8254031567418347,1635752628659.7747,432,S4_twin_shock_cex_intervention,indonesia,USDC
144,0.8189653824508469,1594737963942.2117,432,S4_twin_shock_cex_intervention,indonesia,USDC
145,0.8280906324161406,1554766371474.0947,432,S4_twin_shock_cex_intervention,indonesia,USDC
146,0.8214704408125068,1515813055534.4343,432,S4_twin_shock_cex_intervention,indonesia,USDC
147,0.8210297694515097,1477840778100.2,432,S4_twin_shock_cex_intervention,indonesia,USDC
148,0.8360146668479466,1440833323451.9583,432,S4_twin_shock_cex_intervention,indonesia,USDC
149,0.835855690302342,1404762189657.9749,432,S4_twin_shock_cex_intervention,indonesia,USDC
150,0.8046358923212191,1369600639008.831,432,S4_twin_shock_cex_intervention,indonesia,USDC
151,0.8078743183593692,1335316210191.2676,432,S4_twin_shock_cex_intervention,indonesia,USDC
152,0.8194714208477581,1301895372965.0732,432,S4_twin_shock_cex_intervention,indonesia,USDC
153,0.8067711266098482,1269319850707.4011,432,S4_twin_shock_cex_intervention,indonesia,USDC
154,0.8245038652784923,1237561384797.2256,432,S4_twin_shock_cex_intervention,indonesia,USDC
155,0.8216514807449726,1206602449382.4133,432,S4_twin_shock_cex_intervention,indonesia,USDC
156,0.824780073164597,1176420784762.045,432,S4_twin_shock_cex_intervention,indonesia,USDC
157,0.8006492514843508,1146995766810.5537,432,S4_twin_shock_cex_intervention,indonesia,USDC
158,0.8064198504696801,1118306410809.6367,432,S4_twin_shock_cex_intervention,indonesia,USDC
159,0.8196505670204125,1090337430570.8623,432,S4_twin_shock_cex_intervention,indonesia,USDC
160,0.800709825884045,1063069908182.2292,432,S4_twin_shock_cex_intervention,indonesia,USDC
161,0.809641556982899,1036485023867.1025,432,S4_twin_shock_cex_intervention,indonesia,USDC
162,0.8101438509493369,1010566323914.907,432,S4_twin_shock_cex_intervention,indonesia,USDC
163,0.8225533426446476,985296534755.3611,432,S4_twin_shock_cex_intervention,indonesia,USDC
164,0.8206617018702147,960659950591.8959,432,S4_twin_shock_cex_intervention,indonesia,USDC
165,0.8481459577212895,936639830512.0647,432,S4_twin_shock_cex_intervention,indonesia,USDC
166,0.8466051505501103,913221313597.2551,432,S4_twin_shock_cex_intervention,indonesia,USDC
167,0.8330471903121155,890388378795.1234,432,S4_twin_shock_cex_intervention,indonesia,USDC
168,0.8126156640279868,868126342577.7517,432,S4_twin_shock_cex_intervention,indonesia,USDC
169,0.8146103324138815,846421024368.8606,432,S4_twin_shock_cex_intervention,indonesia,USDC
170,0.8138389236823542,825258577480.7505,432,S4_twin_shock_cex_intervention,indonesia,USDC
171,0.6924819382310176,804625554555.914,432,S4_twin_shock_cex_intervention,indonesia,USDC
172,0.6970908824037405,784507523333.7838,432,S4_twin_shock_cex_intervention,indonesia,USDC
173,0.7021867216903795,764893177441.3823,432,S4_twin_shock_cex_intervention,indonesia,USDC
174,0.7155113327909277,745769639338.4106,432,S4_twin_shock_cex_intervention,indonesia,USDC
175,0.7127382713308316,727124576390.1788,432,S4_twin_shock_cex_intervention,indonesia,USDC
176,0.7034433666639355,708945841213.6569,432,S4_twin_shock_cex_intervention,indonesia,USDC
177,0.7212337514864697,691221715120.2704,432,S4_twin_shock_cex_intervention,indonesia,USDC
178,0.7305413902804904,673940836984.7576,432,S4_twin_shock_cex_intervention,indonesia,USDC
179,0.7253590447136018,657092083857.9532,432,S4_twin_shock_cex_intervention,indonesia,USDC
180,0.7230590573870769,640664588953.9221,432,S4_twin_shock_cex_intervention,indonesia,USDC
181,0.7429129376371195,624647828694.4398,432,S4_twin_shock_cex_intervention,indonesia,USDC
182,0.7567442145141088,609031536968.626,432,S4_twin_shock_cex_intervention,indonesia,USDC
183,0.7907322560211217,593805677336.3843,432,S4_twin_shock_cex_intervention,indonesia,USDC
184,0.7834040658830991,578960488486.3479,432,S4_twin_shock_cex_intervention,indonesia,USDC
185,0.7832495129243525,564486435491.5034,432,S4_twin_shock_cex_intervention,indonesia,USDC
186,0.7884814591032888,550374242301.8367,432,S4_twin_shock_cex_intervention,indonesia,USDC
187,0.774506597758332,536614861762.56226,432,S4_twin_shock_cex_intervention,indonesia,USDC
188,0.7835362714077045,523199468484.8936,432,S4_twin_shock_cex_intervention,indonesia,USDC
189,0.7711229944346218,510119464986.56024,432,S4_twin_shock_cex_intervention,indonesia,USDC
190,0.7746457256910282,497366463379.3491,432,S4_twin_shock_cex_intervention,indonesia,USDC
191,0.7762626774095571,484932289522.69147,432,S4_twin_shock_cex_intervention,indonesia,USDC
192,0.7908370514348173,472808972742.5521,432,S4_twin_shock_cex_intervention,indonesia,USDC
193,0.8067051713755681,460988741485.2815,432,S4_twin_shock_cex_intervention,indonesia,USDC
194,0.7807730566600815,449464017851.02966,432,S4_twin_shock_cex_intervention,indonesia,USDC
195,0.7704005731964034,438227412226.8141,432,S4_twin_shock_cex_intervention,indonesia,USDC
196,0.756292163726982,427271722672.4602,432,S4_twin_shock_cex_intervention,indonesia,USDC
197,0.7756216162553875,416589925936.9439,432,S4_twin_shock_cex_intervention,indonesia,USDC
198,0.7648856564134944,406175175095.90894,432,S4_twin_shock_cex_intervention,indonesia,USDC
199,0.7321687820797158,396020793377.57324,432,S4_twin_shock_cex_intervention,indonesia,USDC
200,0.7479750566637843,386120271429.2345,432,S4_twin_shock_cex_intervention,indonesia,USDC
201,0.7500716363403375,376467263166.17236,432,S4_twin_shock_cex_intervention,indonesia,USDC
202,0.7717263994549453,367055580415.03656,432,S4_twin_shock_cex_intervention,indonesia,USDC
203,0.7834487611712663,357879190063.98724,432,S4_twin_shock_cex_intervention,indonesia,USDC
204,0.8098475939524769,348932209692.4134,432,S4_twin_shock_cex_intervention,indonesia,USDC
205,0.804980785109134,340208904008.35974,432,S4_twin_shock_cex_intervention,indonesia,USDC
206,0.8009009329483187,331703681041.43945,432,S4_twin_shock_cex_intervention,indonesia,USDC
207,0.7966918128897688,323411088699.703,432,S4_twin_shock_cex_intervention,indonesia,USDC
208,0.8096060966178006,315325811200.42413,432,S4_twin_shock_cex_intervention,indonesia,USDC
209,0.7974156354277354,307442665710.0012,432,S4_twin_shock_cex_intervention,indonesia,USDC
210,0.798217842138896,299756598880.2891,432,S4_twin_shock_cex_intervention,indonesia,USDC
211,0.7726891237874695,292262683747.1255,432,S4_twin_shock_cex_intervention,indonesia,USDC
212,0.7643922448195536,284956116503.4193,432,S4_twin_shock_cex_intervention,indonesia,USDC
213,0.7873580009526054,277832213462.4973,432,S4_twin_shock_cex_intervention,indonesia,USDC
214,0.7914570411154646,270886408037.27344,432,S4_twin_shock_cex_intervention,indonesia,USDC
215,0.7701784951889645,264114247764.06946,432,S4_twin_shock_cex_intervention,indonesia,USDC
216,0.7867460517074208,257511391503.49805,432,S4_twin_shock_cex_intervention,indonesia,USDC
217,0.7835385067807022,251073606669.2146,432,S4_twin_shock_cex_intervention,indonesia,USDC
218,0.7968372901183035,244796766463.419,432,S4_twin_shock_cex_intervention,indonesia,USDC
219,0.8157003309738321,238676847270.96942,432,S4_twin_shock_cex_intervention,indonesia,USDC
220,0.8216841310141242,232709926066.51056,432,S4_twin_shock_cex_intervention,indonesia,USDC
221,0.8107366750237291,226892177896.44073,432,S4_twin_shock_cex_intervention,indonesia,USDC
222,0.8246274559265597,221219873432.13855,432,S4_twin_shock_cex_intervention,indonesia,USDC
223,0.7970338949536846,215689376583.96558,432,S4_twin_shock_cex_intervention,indonesia,USDC
224,0.7224946416519803,210297142155.91003,432,S4_twin_shock_cex_intervention,indonesia,USDC
225,0.7221564891695078,205039713586.5208,432,S4_twin_shock_cex_intervention,indonesia,USDC
226,0.7347380345162797,199913720735.22363,432,S4_twin_shock_cex_intervention,indonesia,USDC
227,0.7614880100985025,194915877708.719,432,S4_twin_shock_cex_intervention,indonesia,USDC
228,0.7458054800729708,190042980760.2491,432,S4_twin_shock_cex_intervention,indonesia,USDC
229,0.7741548690575337,185291906236.66306,432,S4_twin_shock_cex_intervention,indonesia,USDC
230,0.7746592182821367,180659608577.43,432,S4_twin_shock_cex_intervention,indonesia,USDC
231,0.7792711011629865,176143118360.4126,432,S4_twin_shock_cex_intervention,indonesia,USDC
232,0.7951486988407351,171739540399.41724,432,S4_twin_shock_cex_intervention,indonesia,USDC
233,0.7985260672689578,167446051887.94702,432,S4_twin_shock_cex_intervention,indonesia,USDC
234,0.7702768270951631,163259900589.52176,432,S4_twin_shock_cex_intervention,indonesia,USDC
235,0.7730816026130293,159178403073.58298,432,S4_twin_shock_cex_intervention,indonesia,USDC
236,0.7932578372070377,155198942995.8191,432,S4_twin_shock_cex_intervention,indonesia,USDC
237,0.8165993825803601,151318969420.24823,432,S4_twin_shock_cex_intervention,indonesia,USDC
238,0.8096968321184616,147535995184.29132,432,S4_twin_shock_cex_intervention,indonesia,USDC
239,0.823485575950573,143847595304.2829,432,S4_twin_shock_cex_intervention,indonesia,USDC
240,0.8253221476980245,140251405421.3665,432,S4_twin_shock_cex_intervention,indonesia,USDC
241,0.8281418049171431,136745120285.5534,432,S4_twin_shock_cex_intervention,indonesia,USDC
242,0.8438126806510542,133326492278.196,432,S4_twin_shock_cex_intervention,indonesia,USDC
243,0.8408573545004446,129993329971.06253,432,S4_twin_shock_cex_intervention,indonesia,USDC
244,0.8454881778099619,126743496721.63019,432,S4_twin_shock_cex_intervention,indonesia,USDC
245,0.8450697787603029,123574909303.46445,432,S4_twin_shock_cex_intervention,indonesia,USDC
246,0.8492681048065353,120485536570.76236,432,S4_twin_shock_cex_intervention,indonesia,USDC
247,0.851817119523012,117473398156.39584,432,S4_twin_shock_cex_intervention,indonesia,USDC
248,0.8654326681459268,114536563202.40268,432,S4_twin_shock_cex_intervention,indonesia,USDC
249,0.8455632243247686,111673149122.27899,432,S4_twin_shock_cex_intervention,indonesia,USDC
250,0.8121765745113548,108881320394.15103,432,S4_twin_shock_cex_intervention,indonesia,USDC
251,0.7898397571391156,106159287384.22343,432,S4_twin_shock_cex_intervention,indonesia,USDC
252,0.7603595449004904,103505305199.5464,432,S4_twin_shock_cex_intervention,indonesia,USDC
253,0.7550711979847157,100917672569.48746,432,S4_twin_shock_cex_intervention,indonesia,USDC
254,0.7508567252253673,98394730755.19223,432,S4_twin_shock_cex_intervention,indonesia,USDC
255,0.7425462762277119,95934862486.26614,432,S4_twin_shock_cex_intervention,indonesia,USDC
256,0.7363644890559223,93536490924.0714,432,S4_twin_shock_cex_intervention,indonesia,USDC
257,0.7422147934855466,91198078650.94084,432,S4_twin_shock_cex_intervention,indonesia,USDC
258,0.7483362324439818,88918126684.64613,432,S4_twin_shock_cex_intervention,indonesia,USDC
259,0.7549078359441217,86695173517.51361,432,S4_twin_shock_cex_intervention,indonesia,USDC
260,0.766488124163885,84527794179.56311,432,S4_twin_shock_cex_intervention,indonesia,USDC
261,0.7599982497707413,82414599325.06483,432,S4_twin_shock_cex_intervention,indonesia,USDC
262,0.7605303891344503,80354234341.93051,432,S4_twin_shock_cex_intervention,indonesia,USDC
263,0.7564687463151148,78345378483.37622,432,S4_twin_shock_cex_intervention,indonesia,USDC
264,0.74965070702635,76386744021.28705,432,S4_twin_shock_cex_intervention,indonesia,USDC
265,0.7602025410784351,74477075420.75085,432,S4_twin_shock_cex_intervention,indonesia,USDC
266,0.7656147337837108,72615148535.2293,432,S4_twin_shock_cex_intervention,indonesia,USDC
267,0.7874762118840357,70799769821.84639,432,S4_twin_shock_cex_intervention,indonesia,USDC
268,0.8258233634422698,69029775576.29866,432,S4_twin_shock_cex_intervention,indonesia,USDC
269,0.8254829735359311,67304031186.89017,432,S4_twin_shock_cex_intervention,indonesia,USDC
270,0.8282296529619603,65621430407.216995,432,S4_twin_shock_cex_intervention,indonesia,USDC
271,0.8585922818513612,63980894647.035805,432,S4_twin_shock_cex_intervention,indonesia,USDC
272,0.8510231910886257,62381372280.859406,432,S4_twin_shock_cex_intervention,indonesia,USDC
273,0.8394701152985726,60821837973.83746,432,S4_twin_shock_cex_intervention,indonesia,USDC
274,0.8288872507682814,59301292024.49105,432,S4_twin_shock_cex_intervention,indonesia,USDC
275,0.8489857703504657,57818759723.87836,432,S4_twin_shock_cex_intervention,indonesia,USDC
276,0.8513749963392406,56373290730.78108,432,S4_twin_shock_cex_intervention,indonesia,USDC
277,0.8572205380230515,54963958462.511284,432,S4_twin_shock_cex_intervention,indonesia,USDC
278,0.8555314956365196,53589859500.94829,432,S4_twin_shock_cex_intervention,indonesia,USDC
279,0.8382101951276885,52250113013.424385,432,S4_twin_shock_cex_intervention,indonesia,USDC
280,0.8323253759109548,50943860188.08856,432,S4_twin_shock_cex_intervention,indonesia,USDC
281,0.8229151552210309,49670263683.38615,432,S4_twin_shock_cex_intervention,indonesia,USDC
282,0.8282904693759803,48428507091.301315,432,S4_twin_shock_cex_intervention,indonesia,USDC
283,0.8166730593238715,47217794414.01863,432,S4_twin_shock_cex_intervention,indonesia,USDC
284,0.8050327297978317,46037349553.66804,432,S4_twin_shock_cex_intervention,indonesia,USDC
285,0.7982657908461848,44886415814.82622,432,S4_twin_shock_cex_intervention,indonesia,USDC
286,0.7818564805254503,43764255419.45546,432,S4_twin_shock_cex_intervention,indonesia,USDC
287,0.7886768506722032,42670149033.96897,432,S4_twin_shock_cex_intervention,indonesia,USDC
288,0.7738971883900776,41603395308.119675,432,S4_twin_shock_cex_intervention,indonesia,USDC
289,0.7683206842721704,40563310425.41661,432,S4_twin_shock_cex_intervention,indonesia,USDC
290,0.7851057807374009,39549227664.78115,432,S4_twin_shock_cex_intervention,indonesia,USDC
291,0.8067628271181838,38560496973.161575,432,S4_twin_shock_cex_intervention,indonesia,USDC
292,0.8054227313109706,37596484548.83251,432,S4_twin_shock_cex_intervention,indonesia,USDC
293,0.8248922389026724,36656572435.11168,432,S4_twin_shock_cex_intervention,indonesia,USDC
294,0.8358409205284627,35740158124.233864,432,S4_twin_shock_cex_intervention,indonesia,USDC
295,0.8380897117865902,34846654171.128006,432,S4_twin_shock_cex_intervention,indonesia,USDC
296,0.8105014671599218,33975487816.849792,432,S4_twin_shock_cex_intervention,indonesia,USDC
297,0.7849124731288758,33126100621.428535,432,S4_twin_shock_cex_intervention,indonesia,USDC
298,0.7723428807657275,32297948105.892807,432,S4_twin_shock_cex_intervention,indonesia,USDC
299,0.7092924807334366,31490499403.24548,432,S4_twin_shock_cex_intervention,indonesia,USDC
300,0.747265073867054,30703236918.16433,432,S4_twin_shock_cex_intervention,indonesia,USDC
301,0.7601080968597974,29935655995.210213,432,S4_twin_shock_cex_intervention,indonesia,USDC
302,0.7747470065248662,29187264595.329952,432,S4_twin_shock_cex_intervention,indonesia,USDC
303,0.7744628922034886,28457582980.446697,432,S4_twin_shock_cex_intervention,indonesia,USDC
304,0.7703717220018138,27746143405.935524,432,S4_twin_shock_cex_intervention,indonesia,USDC
305,0.7592724179551845,27052489820.78714,432,S4_twin_shock_cex_intervention,indonesia,USDC
306,0.7785935863353872,26376177575.267464,432,S4_twin_shock_cex_intervention,indonesia,USDC
307,0.793216521904887,25716773135.885773,432,S4_twin_shock_cex_intervention,indonesia,USDC
308,0.7921324383851214,25073853807.488632,432,S4_twin_shock_cex_intervention,indonesia,USDC
309,0.7620156939478397,24447007462.301414,432,S4_twin_shock_cex_intervention,indonesia,USDC
310,0.7661015465136313,23835832275.743877,432,S4_twin_shock_cex_intervention,indonesia,USDC
311,0.7982650998787354,23239936468.85028,432,S4_twin_shock_cex_intervention,indonesia,USDC
312,0.8027353990673491,22658938057.129025,432,S4_twin_shock_cex_intervention,indonesia,USDC
313,0.8064062910256619,22092464605.700798,432,S4_twin_shock_cex_intervention,indonesia,USDC
314,0.8317917494216902,21540152990.55828,432,S4_twin_shock_cex_intervention,indonesia,USDC
315,0.778552183982444,21001649165.794323,432,S4_twin_shock_cex_intervention,indonesia,USDC
316,0.7866688515809609,20476607936.649467,432,S4_twin_shock_cex_intervention,indonesia,USDC
317,0.789842650538658,19964692738.23323,432,S4_twin_shock_cex_intervention,indonesia,USDC
318,0.7940467114259291,19465575419.777397,432,S4_twin_shock_cex_intervention,indonesia,USDC
319,0.7832681498422004,18978936034.282963,432,S4_twin_shock_cex_intervention,indonesia,USDC
320,0.7889911513589004,18504462633.425888,432,S4_twin_shock_cex_intervention,indonesia,USDC
321,0.7980773834116628,18041851067.59024,432,S4_twin_shock_cex_intervention,indonesia,USDC
322,0.8232398375272277,17590804790.900486,432,S4_twin_shock_cex_intervention,indonesia,USDC
323,0.8095150646823838,17151034671.127975,432,S4_twin_shock_cex_intervention,indonesia,USDC
324,0.8076985357888359,16722258804.349773,432,S4_twin_shock_cex_intervention,indonesia,USDC
325,0.822560539759163,16304202334.241032,432,S4_twin_shock_cex_intervention,indonesia,USDC
326,0.8417495877877428,15896597275.885002,432,S4_twin_shock_cex_intervention,indonesia,USDC
327,0.7943222651821792,15499182343.98788,432,S4_twin_shock_cex_intervention,indonesia,USDC
328,0.8036655437149353,15111702785.388184,432,S4_twin_shock_cex_intervention,indonesia,USDC
329,0.8112214691648022,14733910215.753479,432,S4_twin_shock_cex_intervention,indonesia,USDC
330,0.8388629214105956,14365562460.359642,432,S4_twin_shock_cex_intervention,indonesia,USDC
331,0.8263577848497993,14006423398.85065,432,S4_twin_shock_cex_intervention,indonesia,USDC
332,0.8218325441594062,13656262813.879385,432,S4_twin_shock_cex_intervention,indonesia,USDC
333,0.8272024625196168,13314856243.532398,432,S4_twin_shock_cex_intervention,indonesia,USDC
334,0.8137728729101362,12981984837.44409,432,S4_twin_shock_cex_intervention,indonesia,USDC
335,0.819749579161657,12657435216.507988,432,S4_twin_shock_cex_intervention,indonesia,USDC
336,0.8015444268641501,12340999336.095287,432,S4_twin_shock_cex_intervention,indonesia,USDC
337,0.8144119807041694,12032474352.692905,432,S4_twin_shock_cex_intervention,indonesia,USDC
338,0.795076966946248,11731662493.875584,432,S4_twin_shock_cex_intervention,indonesia,USDC
339,0.7865922617727028,11438370931.528694,432,S4_twin_shock_cex_intervention,indonesia,USDC
340,0.8105581149723557,11152411658.240477,432,S4_twin_shock_cex_intervention,indonesia,USDC
341,0.8291296034474536,10873601366.784464,432,S4_twin_shock_cex_intervention,indonesia,USDC
342,0.8225285084294433,10601761332.614853,432,S4_twin_shock_cex_intervention,indonesia,USDC
343,0.8161983861457185,10336717299.29948,432,S4_twin_shock_cex_intervention,indonesia,USDC
344,0.7765383690544055,10078299366.816994,432,S4_twin_shock_cex_intervention,indonesia,USDC
345,0.767435279763494,9826341882.646568,432,S4_twin_shock_cex_intervention,indonesia,USDC
346,0.7979488308018317,9580683335.580406,432,S4_twin_shock_cex_intervention,indonesia,USDC
347,0.80002189029204,9341166252.190895,432,S4_twin_shock_cex_intervention,indonesia,USDC
348,0.7971237321921198,9107637095.886124,432,S4_twin_shock_cex_intervention,indonesia,USDC
349,0.7752334520380189,8879946168.48897,432,S4_twin_shock_cex_intervention,indonesia,USDC
350,0.7761348245147042,8657947514.276745,432,S4_twin_shock_cex_intervention,indonesia,USDC
351,0.772846679137657,8441498826.419827,432,S4_twin_shock_cex_intervention,indonesia,USDC
352,0.7811985425914622,8230461355.759331,432,S4_twin_shock_cex_intervention,indonesia,USDC
353,0.7863526940266228,8024699821.865347,432,S4_twin_shock_cex_intervention,indonesia,USDC
354,0.7821734469386324,7824082326.318714,432,S4_twin_shock_cex_intervention,indonesia,USDC
355,0.7898868574073216,7628480268.160746,432,S4_twin_shock_cex_intervention,indonesia,USDC
356,0.7894048580364583,7437768261.456728,432,S4_twin_shock_cex_intervention,indonesia,USDC
357,0.7933330870305336,7251824054.920309,432,S4_twin_shock_cex_intervention,indonesia,USDC
358,0.7922224678112265,7070528453.547301,432,S4_twin_shock_cex_intervention,indonesia,USDC
359,0.8060508596028026,6893765242.208619,432,S4_twin_shock_cex_intervention,indonesia,USDC
360,0.8014940733624107,6721421111.153404,432,S4_twin_shock_cex_intervention,indonesia,USDC
361,0.7931559976682642,6553385583.374569,432,S4_twin_shock_cex_intervention,indonesia,USDC
362,0.796005275976483,6389550943.790205,432,S4_twin_shock_cex_intervention,indonesia,USDC
363,0.8193654169607756,6229812170.19545,432,S4_twin_shock_cex_intervention,indonesia,USDC
364,0.7936072665469439,6074066865.940563,432,S4_twin_shock_cex_intervention,indonesia,USDC
365,0.7940051806474784,5922215194.292049,432,S4_twin_shock_cex_intervention,indonesia,USDC
366,0.7993758388766595,5774159814.434748,432,S4_twin_shock_cex_intervention,indonesia,USDC
367,0.7804962664397143,5629805819.073879,432,S4_twin_shock_cex_intervention,indonesia,USDC
368,0.7777513284592448,5489060673.597033,432,S4_twin_shock_cex_intervention,indonesia,USDC
369,0.7770495846054758,5351834156.757107,432,S4_twin_shock_cex_intervention,indonesia,USDC
370,0.7854044314638604,5218038302.83818,432,S4_twin_shock_cex_intervention,indonesia,USDC
371,0.783767664788123,5087587345.267224,432,S4_twin_shock_cex_intervention,indonesia,USDC
372,0.7812366286529089,4960397661.635544,432,S4_twin_shock_cex_intervention,indonesia,USDC
373,0.7918870636427792,4836387720.094655,432,S4_twin_shock_cex_intervention,indonesia,USDC
374,0.8104799812639762,4715478027.092289,432,S4_twin_shock_cex_intervention,indonesia,USDC
375,0.8091650602998762,4597591076.414982,432,S4_twin_shock_cex_intervention,indonesia,USDC
376,0.7944145039683017,4482651299.504607,432,S4_twin_shock_cex_intervention,indonesia,USDC
377,0.778014851133819,4370585017.016993,432,S4_twin_shock_cex_intervention,indonesia,USDC
378,0.7731404388169687,4261320391.591567,432,S4_twin_shock_cex_intervention,indonesia,USDC
379,0.7693160736454006,4154787381.801778,432,S4_twin_shock_cex_intervention,indonesia,USDC
380,0.7570424406151123,4050917697.256733,432,S4_twin_shock_cex_intervention,indonesia,USDC
381,0.7615190081360297,3949644754.8253145,432,S4_twin_shock_cex_intervention,indonesia,USDC
382,0.7901298583188505,3850903635.9546814,432,S4_twin_shock_cex_intervention,indonesia,USDC
383,0.7695019879662096,3754631045.0558147,432,S4_twin_shock_cex_intervention,indonesia,USDC
384,0.7801140889643644,3660765268.9294195,432,S4_twin_shock_cex_intervention,indonesia,USDC
385,0.7660827487012644,3569246137.2061844,432,S4_twin_shock_cex_intervention,indonesia,USDC
386,0.7640013931984665,3480014983.776029,432,S4_twin_shock_cex_intervention,indonesia,USDC
387,0.7646733814530963,3393014609.1816287,432,S4_twin_shock_cex_intervention,indonesia,USDC
388,0.7597488374994262,3308189243.952088,432,S4_twin_shock_cex_intervention,indonesia,USDC
389,0.7395041154460322,3225484512.8532853,432,S4_twin_shock_cex_intervention,indonesia,USDC
390,0.747797453309549,3144847400.0319533,432,S4_twin_shock_cex_intervention,indonesia,USDC
391,0.7471259993119151,3066226215.0311546,432,S4_twin_shock_cex_intervention,indonesia,USDC
392,0.767943205097071,2989570559.6553755,432,S4_twin_shock_cex_intervention,indonesia,USDC
393,0.7536517274120487,2914831295.663991,432,S4_twin_shock_cex_intervention,indonesia,USDC
394,0.7521012112178399,2841960513.2723913,432,S4_twin_shock_cex_intervention,indonesia,USDC
395,0.738568347651393,2770911500.4405813,432,S4_twin_shock_cex_intervention,indonesia,USDC
396,0.7688295413768764,2701638712.929567,432,S4_twin_shock_cex_intervention,indonesia,USDC
397,0.7618548023863493,2634097745.1063275,432,S4_twin_shock_cex_intervention,indonesia,USDC
398,0.7551582449502567,2568245301.478669,432,S4_twin_shock_cex_intervention,indonesia,USDC
399,0.7729374570860877,2504039168.941703,432,S4_twin_shock_cex_intervention,indonesia,USDC
400,0.7446218422317977,2441438189.7181606,432,S4_twin_shock_cex_intervention,indonesia,USDC
401,0.758708898334788,2380402234.9752064,432,S4_twin_shock_cex_intervention,indonesia,USDC
402,0.7544210115739347,2320892179.1008263,432,S4_twin_shock_cex_intervention,indonesia,USDC
403,0.7764578547958313,2262869874.6233053,432,S4_twin_shock_cex_intervention,indonesia,USDC
404,0.7641545061743873,2206298127.757723,432,S4_twin_shock_cex_intervention,indonesia,USDC
405,0.7565984952046622,2151140674.56378,432,S4_twin_shock_cex_intervention,indonesia,USDC
406,0.7643843022089023,2097362157.699685,432,S4_twin_shock_cex_intervention,indonesia,USDC
407,0.7645222654856261,2044928103.757193,432,S4_twin_shock_cex_intervention,indonesia,USDC
408,0.7749120982388172,1993804901.1632633,432,S4_twin_shock_cex_intervention,indonesia,USDC
409,0.757162808356841,1943959778.6341815,432,S4_twin_shock_cex_intervention,indonesia,USDC
410,0.7644204686433087,1895360784.1683273,432,S4_twin_shock_cex_intervention,indonesia,USDC
411,0.7805529048814491,1847976764.5641193,432,S4_twin_shock_cex_intervention,indonesia,USDC
412,0.8147519673239798,1801777345.450016,432,S4_twin_shock_cex_intervention,indonesia,USDC
413,0.7965169771916117,1756732911.8137655,432,S4_twin_shock_cex_intervention,indonesia,USDC
414,0.8100120457946802,1712814589.0184216,432,S4_twin_shock_cex_intervention,indonesia,USDC
415,0.7911528467173311,1669994224.2929611,432,S4_twin_shock_cex_intervention,indonesia,USDC
416,0.7909129174648081,1628244368.6856365,432,S4_twin_shock_cex_intervention,indonesia,USDC
417,0.7977480299975745,1587538259.4684958,432,S4_twin_shock_cex_intervention,indonesia,USDC
418,0.816993550136619,1547849802.9817834,432,S4_twin_shock_cex_intervention,indonesia,USDC
419,0.8321781119471685,1509153557.907239,432,S4_twin_shock_cex_intervention,indonesia,USDC
420,0.8514739123336241,1471424718.9595578,432,S4_twin_shock_cex_intervention,indonesia,USDC
421,0.8396031598528095,1434639100.985569,432,S4_twin_shock_cex_intervention,indonesia,USDC
422,0.8481237266104334,1398773123.4609299,432,S4_twin_shock_cex_intervention,indonesia,USDC
423,0.8286145730579598,1363803795.3744063,432,S4_twin_shock_cex_intervention,indonesia,USDC
424,0.8411966752008961,1329708700.4900463,432,S4_twin_shock_cex_intervention,indonesia,USDC
425,0.8293595071918928,1296465982.9777951,432,S4_twin_shock_cex_intervention,indonesia,USDC
426,0.8185210330295182,1264054333.40335,432,S4_twin_shock_cex_intervention,indonesia,USDC
427,0.8303380693036787,1232452975.0682664,432,S4_twin_shock_cex_intervention,indonesia,USDC
428,0.8125121713111525,1201641650.6915598,432,S4_twin_shock_cex_intervention,indonesia,USDC
429,0.794716708418296,1171600609.4242706,432,S4_twin_shock_cex_intervention,indonesia,USDC
430,0.793136447671732,1142310594.188664,432,S4_twin_shock_cex_intervention,indonesia,USDC
431,0.7900186112622163,1113752829.3339474,432,S4_twin_shock_cex_intervention,indonesia,USDC
432,0.8046009803073899,1085909008.6005988,432,S4_twin_shock_cex_intervention,indonesia,USDC
433,0.804434583574512,1058761283.3855839,432,S4_twin_shock_cex_intervention,indonesia,USDC
434,0.7965405006541149,1032292251.3009443,432,S4_twin_shock_cex_intervention,indonesia,USDC
435,0.7938254763948289,1006484945.0184205,432,S4_twin_shock_cex_intervention,indonesia,USDC
436,0.7929310795496176,981322821.3929601,432,S4_twin_shock_cex_intervention,indonesia,USDC
437,0.7754989243303637,956789750.8581362,432,S4_twin_shock_cex_intervention,indonesia,USDC
438,0.7888687352764177,932870007.0866828,432,S4_twin_shock_cex_intervention,indonesia,USDC
439,0.7863278276898696,909548256.9095156,432,S4_twin_shock_cex_intervention,indonesia,USDC
440,0.8000687783564309,886809550.4867778,432,S4_twin_shock_cex_intervention,indonesia,USDC
441,0.7692680077361859,864639311.7246083,432,S4_twin_shock_cex_intervention,indonesia,USDC
442,0.7925347689842792,843023328.9314933,432,S4_twin_shock_cex_intervention,indonesia,USDC
443,0.8022274565996528,821947745.7082057,432,S4_twin_shock_cex_intervention,indonesia,USDC
444,0.8221625102828917,801399052.0655007,432,S4_twin_shock_cex_intervention,indonesia,USDC
445,0.8074924851281267,781364075.7638632,432,S4_twin_shock_cex_intervention,indonesia,USDC
446,0.8000586340827921,761829973.8697667,432,S4_twin_shock_cex_intervention,indonesia,USDC
447,0.8079314287961399,742784224.5230224,432,S4_twin_shock_cex_intervention,indonesia,USDC
448,0.7565936149368325,724214618.9099469,432,S4_twin_shock_cex_intervention,indonesia,USDC
449,0.7730457672148697,706109253.4371982,432,S4_twin_shock_cex_intervention,indonesia,USDC
450,0.7839795813063132,688456522.1012683,432,S4_twin_shock_cex_intervention,indonesia,USDC
451,0.8020784828039264,671245109.0487366,432,S4_twin_shock_cex_intervention,indonesia,USDC
452,0.7959244320622524,654463981.3225181,432,S4_twin_shock_cex_intervention,indonesia,USDC
453,0.7987716097942351,638102381.7894552,432,S4_twin_shock_cex_intervention,indonesia,USDC
454,0.8142076762907029,622149822.2447188,432,S4_twin_shock_cex_intervention,indonesia,USDC
455,0.8211397911266065,606596076.6886008,432,S4_twin_shock_cex_intervention,indonesia,USDC
456,0.8242617403034865,591431174.7713858,432,S4_twin_shock_cex_intervention,indonesia,USDC
457,0.8141789922505039,576645395.4021012,432,S4_twin_shock_cex_intervention,indonesia,USDC
458,0.8197382633223361,562229260.5170486,432,S4_twin_shock_cex_intervention,indonesia,USDC
459,0.8161424592071196,548173529.0041225,432,S4_twin_shock_cex_intervention,indonesia,USDC
460,0.8119062727455513,534469190.7790195,432,S4_twin_shock_cex_intervention,indonesia,USDC
461,0.8265327070178586,521107461.0095439,432,S4_twin_shock_cex_intervention,indonesia,USDC
462,0.7830849485591664,508079774.48430526,432,S4_twin_shock_cex_intervention,indonesia,USDC
463,0.772403599920173,495377780.1221977,432,S4_twin_shock_cex_intervention,indonesia,USDC
464,0.7857962273094652,482993335.6191428,432,S4_twin_shock_cex_intervention,indonesia,USDC
465,0.8005167422281073,470918502.2286641,432,S4_twin_shock_cex_intervention,indonesia,USDC
466,0.7732589758121772,459145539.67294747,432,S4_twin_shock_cex_intervention,indonesia,USDC
467,0.7804156407932306,447666901.18112385,432,S4_twin_shock_cex_intervention,indonesia,USDC
468,0.7668845566791244,436475228.6515957,432,S4_twin_shock_cex_intervention,indonesia,USDC
469,0.7724914546982155,425563347.93530583,432,S4_twin_shock_cex_intervention,indonesia,USDC
470,0.7636429815721978,414924264.2369231,432,S4_twin_shock_cex_intervention,indonesia,USDC
471,0.7382977616471613,404551157.63100004,432,S4_twin_shock_cex_intervention,indonesia,USDC
472,0.7538963325244334,394437378.69022506,432,S4_twin_shock_cex_intervention,indonesia,USDC
473,0.7403943307163318,384576444.2229694,432,S4_twin_shock_cex_intervention,indonesia,USDC
474,0.7326245416178292,374962033.11739516,432,S4_twin_shock_cex_intervention,indonesia,USDC
475,0.7604512382189569,365587982.2894603,432,S4_twin_shock_cex_intervention,indonesia,USDC
476,0.7533427050444519,356448282.7322238,432,S4_twin_shock_cex_intervention,indonesia,USDC
477,0.7540466500537573,347537075.6639182,432,S4_twin_shock_cex_intervention,indonesia,USDC
478,0.7290491957061241,338848648.7723202,432,S4_twin_shock_cex_intervention,indonesia,USDC
479,0.7425274086902544,330377432.5530122,432,S4_twin_shock_cex_intervention,indonesia,USDC
480,0.7493806395560374,322117996.7391869,432,S4_twin_shock_cex_intervention,indonesia,USDC
481,0.7647228655506395,314065046.82070726,432,S4_twin_shock_cex_intervention,indonesia,USDC
482,0.7488749613126505,306213420.6501896,432,S4_twin_shock_cex_intervention,indonesia,USDC
483,0.7541745785770075,298558085.13393486,432,S4_twin_shock_cex_intervention,indonesia,USDC
484,0.7561060343645305,291094133.00558645,432,S4_twin_shock_cex_intervention,indonesia,USDC
485,0.7663108588046805,283816779.6804468,432,S4_twin_shock_cex_intervention,indonesia,USDC
486,0.7775667720188179,276721360.1884356,432,S4_twin_shock_cex_intervention,indonesia,USDC
487,0.8034368026024201,269803326.18372476,432,S4_twin_shock_cex_intervention,indonesia,USDC
488,0.8291195357823546,263058243.0291316,432,S4_twin_shock_cex_intervention,indonesia,USDC
489,0.7958245626718713,256481786.95340335,432,S4_twin_shock_cex_intervention,indonesia,USDC
490,0.8099812125581436,250069742.27956825,432,S4_twin_shock_cex_intervention,indonesia,USDC
491,0.8003938885165913,243817998.72257906,432,S4_twin_shock_cex_intervention,indonesia,USDC
492,0.8163690933173854,237722548.75451458,432,S4_twin_shock_cex_intervention,indonesia,USDC
493,0.8282796351733984,231779485.0356517,432,S4_twin_shock_cex_intervention,indonesia,USDC
494,0.8355447690332785,225984997.90976042,432,S4_twin_shock_cex_intervention,indonesia,USDC
495,0.8293534698928056,220335372.96201643,432,S4_twin_shock_cex_intervention,indonesia,USDC
496,0.8303205573128954,214826988.63796604,432,S4_twin_shock_cex_intervention,indonesia,USDC
497,0.8260396714482134,209456313.92201686,432,S4_twin_shock_cex_intervention,indonesia,USDC
498,0.8067325726789143,204219906.07396647,432,S4_twin_shock_cex_intervention,indonesia,USDC
499,0.8037683809353126,199114408.4221173,432,S4_twin_shock_cex_intervention,indonesia,USDC
500,0.7968335689520403,194136548.21156436,432,S4_twin_shock_cex_intervention,indonesia,USDC
501,0.8050651994136594,189283134.50627527,432,S4_twin_shock_cex_intervention,indonesia,USDC
502,0.791463336119541,184551056.14361838,432,S4_twin_shock_cex_intervention,indonesia,USDC
503,0.7953594769498629,179937279.7400279,432,S4_twin_shock_cex_intervention,indonesia,USDC
504,0.7973274227493141,175438847.74652722,432,S4_twin_shock_cex_intervention,indonesia,USDC
505,0.7905799714829884,171052876.55286404,432,S4_twin_shock_cex_intervention,indonesia,USDC
506,0.7760847301448424,166776554.63904244,432,S4_twin_shock_cex_intervention,indonesia,USDC
507,0.7926012816917318,162607140.77306637,432,S4_twin_shock_cex_intervention,indonesia,USDC
508,0.7901979997974463,158541962.2537397,432,S4_twin_shock_cex_intervention,indonesia,USDC
509,0.7788852324515707,154578413.19739622,432,S4_twin_shock_cex_intervention,indonesia,USDC
510,0.7845873178594923,150713952.86746132,432,S4_twin_shock_cex_intervention,indonesia,USDC
511,0.8049544740235558,146946104.0457748,432,S4_twin_shock_cex_intervention,indonesia,USDC
512,0.8029714178888013,143272451.4446304,432,S4_twin_shock_cex_intervention,indonesia,USDC
513,0.7990339700475765,139690640.15851465,432,S4_twin_shock_cex_intervention,indonesia,USDC
514,0.8191879898035073,136198374.1545518,432,S4_twin_shock_cex_intervention,indonesia,USDC
515,0.7842497804383879,132793414.800688,432,S4_twin_shock_cex_intervention,indonesia,USDC
516,0.795089971827934,129473579.4306708,432,S4_twin_shock_cex_intervention,indonesia,USDC
517,0.8072188753082583,126236739.94490403,432,S4_twin_shock_cex_intervention,indonesia,USDC
518,0.8063092560733105,123080821.44628142,432,S4_twin_shock_cex_intervention,indonesia,USDC
519,0.805849991886799,120003800.91012438,432,S4_twin_shock_cex_intervention,indonesia,USDC
520,0.815758276071133,117003705.88737127,432,S4_twin_shock_cex_intervention,indonesia,USDC
521,0.8452419178376481,114078613.24018699,432,S4_twin_shock_cex_intervention,indonesia,USDC
522,0.836667288710377,111226647.90918231,432,S4_twin_shock_cex_intervention,indonesia,USDC
523,0.7983184133574286,108445981.71145275,432,S4_twin_shock_cex_intervention,indonesia,USDC
524,0.8082396470505008,105734832.16866642,432,S4_twin_shock_cex_intervention,indonesia,USDC
525,0.7813558595987998,103091461.36444977,432,S4_twin_shock_cex_intervention,indonesia,USDC
526,0.7991088905402711,100514174.83033854,432,S4_twin_shock_cex_intervention,indonesia,USDC
527,0.8161833412680516,98001320.45958008,432,S4_twin_shock_cex_intervention,indonesia,USDC
528,0.7967640030029947,95551287.44809057,432,S4_twin_shock_cex_intervention,indonesia,USDC
529,0.8377193509531552,93162505.2618883,432,S4_twin_shock_cex_intervention,indonesia,USDC
530,0.8087516896960427,90833442.6303411,432,S4_twin_shock_cex_intervention,indonesia,USDC
531,0.8124765324285921,88562606.56458257,432,S4_twin_shock_cex_intervention,indonesia,USDC
532,0.8241570960924461,86348541.400468,432,S4_twin_shock_cex_intervention,indonesia,USDC
533,0.8101395429917225,84189827.8654563,432,S4_twin_shock_cex_intervention,indonesia,USDC
534,0.8309541226039334,82085082.16881989,432,S4_twin_shock_cex_intervention,indonesia,USDC
535,0.837642287602296,80032955.11459939,432,S4_twin_shock_cex_intervention,indonesia,USDC
536,0.8252418653655845,78032131.23673442,432,S4_twin_shock_cex_intervention,indonesia,USDC
537,0.8282892198420261,76081327.95581606,432,S4_twin_shock_cex_intervention,indonesia,USDC
538,0.8116469790497025,74179294.75692067,432,S4_twin_shock_cex_intervention,indonesia,USDC
539,0.797539272787095,72324812.38799764,432,S4_twin_shock_cex_intervention,indonesia,USDC
540,0.8266925699593348,70516692.0782977,432,S4_twin_shock_cex_intervention,indonesia,USDC
541,0.8185766688185881,68753774.77634025,432,S4_twin_shock_cex_intervention,indonesia,USDC
542,0.7983990029073845,67034930.40693174,432,S4_twin_shock_cex_intervention,indonesia,USDC
543,0.7774327505766683,65359057.14675845,432,S4_twin_shock_cex_intervention,indonesia,USDC
544,0.7819241050223238,63725080.71808949,432,S4_twin_shock_cex_intervention,indonesia,USDC
545,0.7813245252303809,62131953.70013726,432,S4_twin_shock_cex_intervention,indonesia,USDC
546,0.7715886228925536,60578654.85763382,432,S4_twin_shock_cex_intervention,indonesia,USDC
547,0.7889282482495675,59064188.48619297,432,S4_twin_shock_cex_intervention,indonesia,USDC
548,0.7751379601466545,57587583.77403814,432,S4_twin_shock_cex_intervention,indonesia,USDC
549,0.7866501013897877,56147894.179687195,432,S4_twin_shock_cex_intervention,indonesia,USDC
550,0.7587832821353624,54744196.825195014,432,S4_twin_shock_cex_intervention,indonesia,USDC
551,0.751458839041971,53375591.90456513,432,S4_twin_shock_cex_intervention,indonesia,USDC
552,0.7533939824335296,52041202.10695101,432,S4_twin_shock_cex_intervention,indonesia,USDC
553,0.768253361173413,50740172.054277234,432,S4_twin_shock_cex_intervention,indonesia,USDC
554,0.7765138385287671,49471667.75292031,432,S4_twin_shock_cex_intervention,indonesia,USDC
555,0.7891290867842387,48234876.0590973,432,S4_twin_shock_cex_intervention,indonesia,USDC
556,0.7864262138196302,47029004.157619864,432,S4_twin_shock_cex_intervention,indonesia,USDC
557,0.7913117330299283,45853279.05367937,432,S4_twin_shock_cex_intervention,indonesia,USDC
558,0.7713322467896846,44706947.077337384,432,S4_twin_shock_cex_intervention,indonesia,USDC
559,0.7535887024993381,43589273.40040395,432,S4_twin_shock_cex_intervention,indonesia,USDC
560,0.7614787588964219,42499541.56539385,432,S4_twin_shock_cex_intervention,indonesia,USDC
561,0.7798132950482987,41437053.026259005,432,S4_twin_shock_cex_intervention,indonesia,USDC
562,0.7746014272809918,40401126.70060253,432,S4_twin_shock_cex_intervention,indonesia,USDC
563,0.7473381308252125,39391098.53308746,432,S4_twin_shock_cex_intervention,indonesia,USDC
564,0.762494177071152,38406321.06976028,432,S4_twin_shock_cex_intervention,indonesia,USDC
565,0.7775204848967369,37446163.04301627,432,S4_twin_shock_cex_intervention,indonesia,USDC
566,0.7840806262859412,36510008.96694087,432,S4_twin_shock_cex_intervention,indonesia,USDC
567,0.7687608657614987,35597258.74276735,432,S4_twin_shock_cex_intervention,indonesia,USDC
568,0.7511535214056905,34707327.27419817,432,S4_twin_shock_cex_intervention,indonesia,USDC
569,0.7589645191242538,33839644.09234321,432,S4_twin_shock_cex_intervention,indonesia,USDC
570,0.7664072853661319,32993652.990034632,432,S4_twin_shock_cex_intervention,indonesia,USDC
571,0.783920296000003,32168811.665283766,432,S4_twin_shock_cex_intervention,indonesia,USDC
572,0.7982022265095038,31364591.373651672,432,S4_twin_shock_cex_intervention,indonesia,USDC
573,0.751907335060988,30580476.589310378,432,S4_twin_shock_cex_intervention,indonesia,USDC
574,0.7298255848850882,29815964.674577616,432,S4_twin_shock_cex_intervention,indonesia,USDC
575,0.7370973826098597,29070565.557713177,432,S4_twin_shock_cex_intervention,indonesia,USDC
576,0.7348444001026828,28343801.41877035,432,S4_twin_shock_cex_intervention,indonesia,USDC
577,0.7181248498973258,27635206.383301094,432,S4_twin_shock_cex_intervention,indonesia,USDC
578,0.7210777156462963,26944326.22371856,432,S4_twin_shock_cex_intervention,indonesia,USDC
579,0.7081699671075533,26270718.0681256,432,S4_twin_shock_cex_intervention,indonesia,USDC
580,0.7156979409378608,25613950.11642246,432,S4_twin_shock_cex_intervention,indonesia,USDC
581,0.7408773753127125,24973601.363511898,432,S4_twin_shock_cex_intervention,indonesia,USDC
582,0.7584832386986092,24349261.3294241,432,S4_twin_shock_cex_intervention,indonesia,USDC
583,0.7636528098875992,23740529.7961885,432,S4_twin_shock_cex_intervention,indonesia,USDC
584,0.7650760718419727,23147016.551283784,432,S4_twin_shock_cex_intervention,indonesia,USDC
585,0.7631849057414317,22568341.13750169,432,S4_twin_shock_cex_intervention,indonesia,USDC
586,0.7711810543624243,22004132.609064147,432,S4_twin_shock_cex_intervention,indonesia,USDC
587,0.771604773863945,21454029.293837544,432,S4_twin_shock_cex_intervention,indonesia,USDC
588,0.7773568945298038,20917678.56149161,432,S4_twin_shock_cex_intervention,indonesia,USDC
589,0.7785789357509242,20394736.597454317,432,S4_twin_shock_cex_intervention,indonesia,USDC
590,0.7779701557824794,19884868.18251796,432,S4_twin_shock_cex_intervention,indonesia,USDC
591,0.7576047168829976,19387746.477955014,432,S4_twin_shock_cex_intervention,indonesia,USDC
592,0.7721922277657933,18903052.816006135,432,S4_twin_shock_cex_intervention,indonesia,USDC
593,0.775346738535597,18430476.495605983,432,S4_twin_shock_cex_intervention,indonesia,USDC
594,0.7683491846403893,17969714.583215833,432,S4_twin_shock_cex_intervention,indonesia,USDC
595,0.7973967925645539,17520471.718635436,432,S4_twin_shock_cex_intervention,indonesia,USDC
596,0.7790620285968142,17082459.92566955,432,S4_twin_shock_cex_intervention,indonesia,USDC
597,0.749901579463295,16655398.427527811,432,S4_twin_shock_cex_intervention,indonesia,USDC
598,0.7716405154093087,16239013.466839617,432,S4_twin_shock_cex_intervention,indonesia,USDC
599,0.792787484532825,15833038.130168628,432,S4_twin_shock_cex_intervention,indonesia,USDC
600,0.8070239496361694,15437212.17691441,432,S4_twin_shock_cex_intervention,indonesia,USDC
601,0.8105832747641701,15051281.87249155,432,S4_twin_shock_cex_intervention,indonesia,USDC
602,0.7858681372947617,14674999.825679261,432,S4_twin_shock_cex_intervention,indonesia,USDC
603,0.7827560595703738,14308124.83003728,432,S4_twin_shock_cex_intervention,indonesia,USDC
604,0.7737291282442167,13950421.709286349,432,S4_twin_shock_cex_intervention,indonesia,USDC
605,0.786901146820921,13601661.16655419,432,S4_twin_shock_cex_intervention,indonesia,USDC
606,0.7754515052764311,13261619.637390336,432,S4_twin_shock_cex_intervention,indonesia,USDC
607,0.8069066194387144,12930079.146455577,432,S4_twin_shock_cex_intervention,indonesia,USDC
608,0.8289604768246459,12606827.167794187,432,S4_twin_shock_cex_intervention,indonesia,USDC
609,0.8169120970844082,12291656.488599334,432,S4_twin_shock_cex_intervention,indonesia,USDC
610,0.7991093935862513,11984365.07638435,432,S4_twin_shock_cex_intervention,indonesia,USDC
611,0.7909644050874328,11684755.94947474,432,S4_twin_shock_cex_intervention,indonesia,USDC
612,0.7783168960569633,11392637.050737873,432,S4_twin_shock_cex_intervention,indonesia,USDC
613,0.7961810811082154,11107821.124469426,432,S4_twin_shock_cex_intervention,indonesia,USDC
614,0.8059505254949818,10830125.59635769,432,S4_twin_shock_cex_intervention,indonesia,USDC
615,0.8043312750006956,10559372.456448749,432,S4_twin_shock_cex_intervention,indonesia,USDC
616,0.7929152750144987,10295388.145037528,432,S4_twin_shock_cex_intervention,indonesia,USDC
617,0.7852430288962668,10038003.44141159,432,S4_twin_shock_cex_intervention,indonesia,USDC
618,0.7698579604229675,9787053.355376301,432,S4_twin_shock_cex_intervention,indonesia,USDC
619,0.7667090395670242,9542377.021491893,432,S4_twin_shock_cex_intervention,indonesia,USDC
620,0.7492189649234117,9303817.595954595,432,S4_twin_shock_cex_intervention,indonesia,USDC
621,0.7328671084097602,9071222.156055732,432,S4_twin_shock_cex_intervention,indonesia,USDC
622,0.7422993266915555,8844441.602154337,432,S4_twin_shock_cex_intervention,indonesia,USDC
623,0.770249619186371,8623330.56210048,432,S4_twin_shock_cex_intervention,indonesia,USDC
624,0.7532540206239001,8407747.298047967,432,S4_twin_shock_cex_intervention,indonesia,USDC
625,0.7718860689467969,8197553.6155967675,432,S4_twin_shock_cex_intervention,indonesia,USDC
626,0.7684040133269805,7992614.775206849,432,S4_twin_shock_cex_intervention,indonesia,USDC
627,0.7719474997278882,7792799.405826677,432,S4_twin_shock_cex_intervention,indonesia,USDC
628,0.7075990690103284,7597979.42068101,432,S4_twin_shock_cex_intervention,indonesia,USDC
629,0.734495985303098,7408029.935163984,432,S4_twin_shock_cex_intervention,indonesia,USDC
630,0.7460862983128081,7222829.186784885,432,S4_twin_shock_cex_intervention,indonesia,USDC
631,0.7485896537724119,7042258.457115263,432,S4_twin_shock_cex_intervention,indonesia,USDC
632,0.7591762913838725,6866201.99568738,432,S4_twin_shock_cex_intervention,indonesia,USDC
633,0.7807746011939025,6694546.945795197,432,S4_twin_shock_cex_intervention,indonesia,USDC
634,0.7802480841750614,6527183.272150317,432,S4_twin_shock_cex_intervention,indonesia,USDC
635,0.7839165281830593,6364003.6903465595,432,S4_twin_shock_cex_intervention,indonesia,USDC
636,0.7697785038402017,6204903.598087896,432,S4_twin_shock_cex_intervention,indonesia,USDC
637,0.7752077520003594,6049781.008135699,432,S4_twin_shock_cex_intervention,indonesia,USDC
638,0.7776600209157052,5898536.482932306,432,S4_twin_shock_cex_intervention,indonesia,USDC
639,0.7893638842126374,5751073.070858998,432,S4_twin_shock_cex_intervention,indonesia,USDC
640,0.7816920359684898,5607296.244087524,432,S4_twin_shock_cex_intervention,indonesia,USDC
641,0.7910834011402286,5467113.837985335,432,S4_twin_shock_cex_intervention,indonesia,USDC
642,0.7719192153641024,5330435.992035702,432,S4_twin_shock_cex_intervention,indonesia,USDC
643,0.7971996886154973,5197175.092234809,432,S4_twin_shock_cex_intervention,indonesia,USDC
644,0.8174709757964709,5067245.714928939,432,S4_twin_shock_cex_intervention,indonesia,USDC
645,0.8327966052544056,4940564.572055715,432,S4_twin_shock_cex_intervention,indonesia,USDC
646,0.828227542336887,4817050.457754322,432,S4_twin_shock_cex_intervention,indonesia,USDC
647,0.8028621657815812,4696624.196310464,432,S4_twin_shock_cex_intervention,indonesia,USDC
648,0.8131247390812699,4579208.591402703,432,S4_twin_shock_cex_intervention,indonesia,USDC
649,0.8069004332470164,4464728.376617636,432,S4_twin_shock_cex_intervention,indonesia,USDC
650,0.8088794889422023,4353110.167202195,432,S4_twin_shock_cex_intervention,indonesia,USDC
651,0.8113432964639673,4244282.41302214,432,S4_twin_shock_cex_intervention,indonesia,USDC
652,0.7948448035085449,4138175.3526965864,432,S4_twin_shock_cex_intervention,indonesia,USDC
653,0.8234735031790652,4034720.9688791716,432,S4_twin_shock_cex_intervention,indonesia,USDC
654,0.818399501951121,3933852.9446571926,432,S4_twin_shock_cex_intervention,indonesia,USDC
655,0.8245380964779995,3835506.6210407624,432,S4_twin_shock_cex_intervention,indonesia,USDC
656,0.8279328997877609,3739618.955514743,432,S4_twin_shock_cex_intervention,indonesia,USDC
657,0.8300188610004933,3646128.481626875,432,S4_twin_shock_cex_intervention,indonesia,USDC
658,0.7972095006959099,3554975.2695862027,432,S4_twin_shock_cex_intervention,indonesia,USDC
659,0.7974845986091799,3466100.887846548,432,S4_twin_shock_cex_intervention,indonesia,USDC
660,0.8401351943720327,3379448.3656503847,432,S4_twin_shock_cex_intervention,indonesia,USDC
661,0.8323168874678053,3294962.1565091247,432,S4_twin_shock_cex_intervention,indonesia,USDC
662,0.8168838335022928,3212588.1025963966,432,S4_twin_shock_cex_intervention,indonesia,USDC
663,0.8202948935856061,3132273.4000314865,432,S4_twin_shock_cex_intervention,indonesia,USDC
664,0.8173955027252879,3053966.5650306996,432,S4_twin_shock_cex_intervention,indonesia,USDC
665,0.8012499479818993,2977617.400904932,432,S4_twin_shock_cex_intervention,indonesia,USDC
666,0.8065008621990042,2903176.965882309,432,S4_twin_shock_cex_intervention,indonesia,USDC
667,0.8173785940210695,2830597.541735251,432,S4_twin_shock_cex_intervention,indonesia,USDC
668,0.8019959092845013,2759832.60319187,432,S4_twin_shock_cex_intervention,indonesia,USDC
669,0.783915471933762,2690836.7881120727,432,S4_twin_shock_cex_intervention,indonesia,USDC
670,0.7919939949419811,2623565.868409271,432,S4_twin_shock_cex_intervention,indonesia,USDC
671,0.7827400598921652,2557976.7216990395,432,S4_twin_shock_cex_intervention,indonesia,USDC
672,0.7853747679649756,2494027.303656563,432,S4_twin_shock_cex_intervention,indonesia,USDC
673,0.7954374173333388,2431676.6210651495,432,S4_twin_shock_cex_intervention,indonesia,USDC
674,0.7986610261268835,2370884.7055385206,432,S4_twin_shock_cex_intervention,indonesia,USDC
675,0.7698630930914248,2311612.587900058,432,S4_twin_shock_cex_intervention,indonesia,USDC
676,0.7660674360098952,2253822.273202556,432,S4_twin_shock_cex_intervention,indonesia,USDC
677,0.7521231602397324,2197476.7163724923,432,S4_twin_shock_cex_intervention,indonesia,USDC
678,0.742370319937458,2142539.79846318,432,S4_twin_shock_cex_intervention,indonesia,USDC
679,0.7397536598040959,2088976.3035016004,432,S4_twin_shock_cex_intervention,indonesia,USDC
680,0.7468039952001538,2036751.8959140605,432,S4_twin_shock_cex_intervention,indonesia,USDC
681,0.7568129014134393,1985833.0985162093,432,S4_twin_shock_cex_intervention,indonesia,USDC
682,0.7569976328445468,1936187.271053304,432,S4_twin_shock_cex_intervention,indonesia,USDC
683,0.7397133868977283,1887782.5892769713,432,S4_twin_shock_cex_intervention,indonesia,USDC
684,0.734811314513847,1840588.024545047,432,S4_twin_shock_cex_intervention,indonesia,USDC
685,0.7501376970423442,1794573.3239314207,432,S4_twin_shock_cex_intervention,indonesia,USDC
686,0.7642091684203061,1749708.990833135,432,S4_twin_shock_cex_intervention,indonesia,USDC
687,0.7701422541719196,1705966.266062307,432,S4_twin_shock_cex_intervention,indonesia,USDC
688,0.7524526385937986,1663317.109410749,432,S4_twin_shock_cex_intervention,indonesia,USDC
689,0.7411245885866072,1621734.1816754804,432,S4_twin_shock_cex_intervention,indonesia,USDC
690,0.7665708920074206,1581190.8271335931,432,S4_twin_shock_cex_intervention,indonesia,USDC
691,0.7656468910170019,1541661.0564552536,432,S4_twin_shock_cex_intervention,indonesia,USDC
692,0.7708517465451108,1503119.5300438723,432,S4_twin_shock_cex_intervention,indonesia,USDC
693,0.7657108031613585,1465541.5417927755,432,S4_twin_shock_cex_intervention,indonesia,USDC
694,0.7613758672260267,1428903.003247956,432,S4_twin_shock_cex_intervention,indonesia,USDC
695,0.7624588196930794,1393180.428166757,432,S4_twin_shock_cex_intervention,indonesia,USDC
696,0.7786672195171652,1358350.9174625883,432,S4_twin_shock_cex_intervention,indonesia,USDC
697,0.7757998226874958,1324392.1445260234,432,S4_twin_shock_cex_intervention,indonesia,USDC
698,0.7789790818270933,1291282.340912873,432,S4_twin_shock_cex_intervention,indonesia,USDC
699,0.7939088772119017,1259000.282390051,432,S4_twin_shock_cex_intervention,indonesia,USDC
700,0.7946549666052495,1227525.2753302997,432,S4_twin_shock_cex_intervention,indonesia,USDC
701,0.7875887072963126,1196837.1434470422,432,S4_twin_shock_cex_intervention,indonesia,USDC
702,0.799887343230189,1166916.2148608663,432,S4_twin_shock_cex_intervention,indonesia,USDC
703,0.7895152965912067,1137743.3094893445,432,S4_twin_shock_cex_intervention,indonesia,USDC
704,0.8062299667666233,1109299.7267521108,432,S4_twin_shock_cex_intervention,indonesia,USDC
705,0.7948113614018378,1081567.2335833083,432,S4_twin_shock_cex_intervention,indonesia,USDC
706,0.8126778688209397,1054528.0527437255,432,S4_twin_shock_cex_intervention,indonesia,USDC
707,0.8411746815783524,1028164.8514251324,432,S4_twin_shock_cex_intervention,indonesia,USDC
708,0.8308671522150325,1002460.7301395042,432,S4_twin_shock_cex_intervention,indonesia,USDC
709,0.7845905327300025,977399.2118860164,432,S4_twin_shock_cex_intervention,indonesia,USDC
710,0.8058474030228178,952964.2315888659,432,S4_twin_shock_cex_intervention,indonesia,USDC
711,0.7458675377744685,929140.1257991443,432,S4_twin_shock_cex_intervention,indonesia,USDC
712,0.7557170686951756,905911.6226541657,432,S4_twin_shock_cex_intervention,indonesia,USDC
713,0.7645124369719417,883263.8320878115,432,S4_twin_shock_cex_intervention,indonesia,USDC
714,0.7648690518083884,861182.2362856164,432,S4_twin_shock_cex_intervention,indonesia,USDC
715,0.7731194981078636,839652.6803784759,432,S4_twin_shock_cex_intervention,indonesia,USDC
716,0.7852631492390341,818661.3633690139,432,S4_twin_shock_cex_intervention,indonesia,USDC
717,0.7842559115861651,798194.8292847886,432,S4_twin_shock_cex_intervention,indonesia,USDC
718,0.7791505288990213,778239.9585526688,432,S4_twin_shock_cex_intervention,indonesia,USDC
719,0.7748919418472658,758783.9595888521,432,S4_twin_shock_cex_intervention,indonesia,USDC
720,0.7564347755710712,739814.3605991309,432,S4_twin_shock_cex_intervention,indonesia,USDC
721,0.7266354138189972,721319.0015841526,432,S4_twin_shock_cex_intervention,indonesia,USDC
722,0.7528780271905846,703286.0265445487,432,S4_twin_shock_cex_intervention,indonesia,USDC
723,0.754929866676523,685703.875880935,432,S4_twin_shock_cex_intervention,indonesia,USDC
724,0.7640253378135915,668561.2789839116,432,S4_twin_shock_cex_intervention,indonesia,USDC
725,0.7448485977941343,651847.2470093138,432,S4_twin_shock_cex_intervention,indonesia,USDC
726,0.7364595677924831,635551.0658340809,432,S4_twin_shock_cex_intervention,indonesia,USDC
727,0.7626682523299716,619662.2891882289,432,S4_twin_shock_cex_intervention,indonesia,USDC
728,0.7838179085658058,604170.7319585232,432,S4_twin_shock_cex_intervention,indonesia,USDC
729,0.7748091016600372,589066.4636595602,432,S4_twin_shock_cex_intervention,indonesia,USDC
730,0.7729053641858188,574339.8020680712,432,S4_twin_shock_cex_intervention,indonesia,USDC
731,0.7658290590137244,559981.3070163694,432,S4_twin_shock_cex_intervention,indonesia,USDC
732,0.7613053920074896,545981.7743409602,432,S4_twin_shock_cex_intervention,indonesia,USDC
733,0.7605592342547542,532332.2299824362,432,S4_twin_shock_cex_intervention,indonesia,USDC
734,0.7835811899242346,519023.92423287523,432,S4_twin_shock_cex_intervention,indonesia,USDC
735,0.7757502304921948,506048.32612705335,432,S4_twin_shock_cex_intervention,indonesia,USDC
736,0.7827599528720877,493397.117973877,432,S4_twin_shock_cex_intervention,indonesia,USDC
737,0.8022344696634265,481062.19002453005,432,S4_twin_shock_cex_intervention,indonesia,USDC
738,0.7900238381231436,469035.6352739168,432,S4_twin_shock_cex_intervention,indonesia,USDC
739,0.7969460546261792,457309.74439206894,432,S4_twin_shock_cex_intervention,indonesia,USDC
740,0.8096191348110524,445877.0007822672,432,S4_twin_shock_cex_intervention,indonesia,USDC
741,0.8247753679968544,434730.0757627105,432,S4_twin_shock_cex_intervention,indonesia,USDC
742,0.8309977498797176,423861.8238686427,432,S4_twin_shock_cex_intervention,indonesia,USDC
743,0.8171364140052201,413265.2782719267,432,S4_twin_shock_cex_intervention,indonesia,USDC
744,0.8294834842828986,402933.6463151285,432,S4_twin_shock_cex_intervention,indonesia,USDC
745,0.818380383399592,392860.30515725026,432,S4_twin_shock_cex_intervention,indonesia,USDC
746,0.8062189773509277,383038.797528319,432,S4_twin_shock_cex_intervention,indonesia,USDC
747,0.7840811931603836,373462.827590111,432,S4_twin_shock_cex_intervention,indonesia,USDC
748,0.7944324538486002,364126.25690035825,432,S4_twin_shock_cex_intervention,indonesia,USDC
749,0.7950551718886315,355023.10047784925,432,S4_twin_shock_cex_intervention,indonesia,USDC
750,0.7785356261200547,346147.52296590304,432,S4_twin_shock_cex_intervention,indonesia,USDC
751,0.79831976328529,337493.8348917555,432,S4_twin_shock_cex_intervention,indonesia,USDC
752,0.7989536532008528,329056.48901946156,432,S4_twin_shock_cex_intervention,indonesia,USDC
753,0.8116772696250204,320830.076793975,432,S4_twin_shock_cex_intervention,indonesia,USDC
754,0.8013458287947365,312809.32487412565,432,S4_twin_shock_cex_intervention,indonesia,USDC
755,0.7974226601749407,304989.0917522725,432,S4_twin_shock_cex_intervention,indonesia,USDC
756,0.7838373602622423,297364.3644584657,432,S4_twin_shock_cex_intervention,indonesia,USDC
757,0.7806227924013964,289930.25534700404,432,S4_twin_shock_cex_intervention,indonesia,USDC
758,0.8015231534255929,282681.99896332895,432,S4_twin_shock_cex_intervention,indonesia,USDC
759,0.7811814535371316,275614.9489892457,432,S4_twin_shock_cex_intervention,indonesia,USDC
760,0.7764734110024148,268724.5752645146,432,S4_twin_shock_cex_intervention,indonesia,USDC
761,0.7820923840341947,262006.46088290174,432,S4_twin_shock_cex_intervention,indonesia,USDC
762,0.7630552510227767,255456.29936082923,432,S4_twin_shock_cex_intervention,indonesia,USDC
763,0.7518212078006764,249069.89187680848,432,S4_twin_shock_cex_intervention,indonesia,USDC
764,0.7761077345707158,242843.14457988826,432,S4_twin_shock_cex_intervention,indonesia,USDC
765,0.7657301164250024,236772.06596539106,432,S4_twin_shock_cex_intervention,indonesia,USDC
766,0.776570924529284,230852.76431625627,432,S4_twin_shock_cex_intervention,indonesia,USDC
767,0.7971826050428086,225081.44520834985,432,S4_twin_shock_cex_intervention,indonesia,USDC
768,0.7971675526388273,219454.4090781411,432,S4_twin_shock_cex_intervention,indonesia,USDC
769,0.769773654198566,213968.04885118757,432,S4_twin_shock_cex_intervention,indonesia,USDC
770,0.7611437576293869,208618.8476299079,432,S4_twin_shock_cex_intervention,indonesia,USDC
771,0.7680725238220141,203403.37643916017,432,S4_twin_shock_cex_intervention,indonesia,USDC
772,0.7984068718722745,198318.29202818117,432,S4_twin_shock_cex_intervention,indonesia,USDC
773,0.7839472180462129,193360.33472747664,432,S4_twin_shock_cex_intervention,indonesia,USDC
774,0.787933238692636,188526.3263592897,432,S4_twin_shock_cex_intervention,indonesia,USDC
775,0.780058264918513,183813.16820030747,432,S4_twin_shock_cex_intervention,indonesia,USDC
776,0.769181982216628,179217.8389952998,432,S4_twin_shock_cex_intervention,indonesia,USDC
777,0.7601918661374925,174737.3930204173,432,S4_twin_shock_cex_intervention,indonesia,USDC
778,0.7676494988538956,170368.95819490688,432,S4_twin_shock_cex_intervention,indonesia,USDC
779,0.7887883032391962,166109.7342400342,432,S4_twin_shock_cex_intervention,indonesia,USDC
780,0.8021893603798237,161956.99088403335,432,S4_twin_shock_cex_intervention,indonesia,USDC
781,0.8181743793594084,157908.0661119325,432,S4_twin_shock_cex_intervention,indonesia,USDC
782,0.8470138364867346,153960.36445913417,432,S4_twin_shock_cex_intervention,indonesia,USDC
783,0.8227427513638055,150111.35534765583,432,S4_twin_shock_cex_intervention,indonesia,USDC
784,0.8008827408494039,146358.5714639644,432,S4_twin_shock_cex_intervention,indonesia,USDC
785,0.7887108100478462,142699.60717736534,432,S4_twin_shock_cex_intervention,indonesia,USDC
786,0.8099827084306844,139132.11699793118,432,S4_twin_shock_cex_intervention,indonesia,USDC
787,0.8209226448841689,135653.81407298293,432,S4_twin_shock_cex_intervention,indonesia,USDC
788,0.8286745566147106,132262.46872115834,432,S4_twin_shock_cex_intervention,indonesia,USDC
789,0.8313592060767339,128955.90700312938,432,S4_twin_shock_cex_intervention,indonesia,USDC
790,0.8181761903553129,125732.00932805115,432,S4_twin_shock_cex_intervention,indonesia,USDC
791,0.7895682772158035,122588.70909484987,432,S4_twin_shock_cex_intervention,indonesia,USDC
792,0.7966437396409344,119523.99136747862,432,S4_twin_shock_cex_intervention,indonesia,USDC
793,0.8267078097064839,116535.89158329167,432,S4_twin_shock_cex_intervention,indonesia,USDC
794,0.7967006324028382,113622.49429370937,432,S4_twin_shock_cex_intervention,indonesia,USDC
795,0.7846647034670665,110781.93193636663,432,S4_twin_shock_cex_intervention,indonesia,USDC
796,0.8052383200735111,108012.38363795748,432,S4_twin_shock_cex_intervention,indonesia,USDC
797,0.8214933391370541,105312.07404700853,432,S4_twin_shock_cex_intervention,indonesia,USDC
798,0.8268037627519018,102679.2721958333,432,S4_twin_shock_cex_intervention,indonesia,USDC
799,0.855939677892094,100112.29039093749,432,S4_twin_shock_cex_intervention,indonesia,USDC
800,0.845287524991471,97609.48313116404,432,S4_twin_shock_cex_intervention,indonesia,USDC
801,0.819863675891453,95169.24605288495,432,S4_twin_shock_cex_intervention,indonesia,USDC
802,0.8031199392264169,92790.01490156283,432,S4_twin_shock_cex_intervention,indonesia,USDC
803,0.7854360062075686,90470.26452902376,432,S4_twin_shock_cex_intervention,indonesia,USDC
804,0.7723115578706696,88208.50791579817,432,S4_twin_shock_cex_intervention,indonesia,USDC
805,0.7801031967012443,86003.29521790321,432,S4_twin_shock_cex_intervention,indonesia,USDC
806,0.8033296988678325,83853.21283745562,432,S4_twin_shock_cex_intervention,indonesia,USDC
807,0.8055741833589273,81756.88251651924,432,S4_twin_shock_cex_intervention,indonesia,USDC
808,0.8283350615482679,79712.96045360625,432,S4_twin_shock_cex_intervention,indonesia,USDC
809,0.8206167970148472,77720.1364422661,432,S4_twin_shock_cex_intervention,indonesia,USDC
810,0.8163236735073487,75777.13303120945,432,S4_twin_shock_cex_intervention,indonesia,USDC
811,0.7922741219902566,73882.7047054292,432,S4_twin_shock_cex_intervention,indonesia,USDC
812,0.794225092433037,72035.63708779348,432,S4_twin_shock_cex_intervention,indonesia,USDC
813,0.7078028948201737,70234.74616059865,432,S4_twin_shock_cex_intervention,indonesia,USDC
814,0.7338262656613338,68478.87750658367,432,S4_twin_shock_cex_intervention,indonesia,USDC
815,0.7439739461008468,66766.90556891909,432,S4_twin_shock_cex_intervention,indonesia,USDC
816,0.7411717829479237,65097.73292969611,432,S4_twin_shock_cex_intervention,indonesia,USDC
817,0.7401362063389788,63470.289606453705,432,S4_twin_shock_cex_intervention,indonesia,USDC
818,0.7518463242541878,61883.53236629236,432,S4_twin_shock_cex_intervention,indonesia,USDC
819,0.7667345813069416,60336.44405713506,432,S4_twin_shock_cex_intervention,indonesia,USDC
820,0.7576143978801256,58828.03295570667,432,S4_twin_shock_cex_intervention,indonesia,USDC
821,0.7678269383327005,57357.33213181401,432,S4_twin_shock_cex_intervention,indonesia,USDC
822,0.7748986970824269,55923.398828518664,432,S4_twin_shock_cex_intervention,indonesia,USDC
823,0.7897909058046695,54525.31385780569,432,S4_twin_shock_cex_intervention,indonesia,USDC
824,0.8014569918150675,53162.181011360546,432,S4_twin_shock_cex_intervention,indonesia,USDC
825,0.8142599012451353,51833.12648607654,432,S4_twin_shock_cex_intervention,indonesia,USDC
826,0.7939762565227235,50537.29832392462,432,S4_twin_shock_cex_intervention,indonesia,USDC
827,0.7986640307875588,49273.865865826505,432,S4_twin_shock_cex_intervention,indonesia,USDC
828,0.7934487889209535,48042.019219180846,432,S4_twin_shock_cex_intervention,indonesia,USDC
829,0.7815318050685883,46840.968738701325,432,S4_twin_shock_cex_intervention,indonesia,USDC
830,0.7855890767094944,45669.94452023379,432,S4_twin_shock_cex_intervention,indonesia,USDC
831,0.7883423537286794,44528.19590722794,432,S4_twin_shock_cex_intervention,indonesia,USDC
832,0.8297860767678448,43414.991009547244,432,S4_twin_shock_cex_intervention,indonesia,USDC
833,0.8113656432190486,42329.61623430856,432,S4_twin_shock_cex_intervention,indonesia,USDC
834,0.8228036405761741,41271.37582845085,432,S4_twin_shock_cex_intervention,indonesia,USDC
835,0.838323497495604,40239.59143273958,432,S4_twin_shock_cex_intervention,indonesia,USDC
836,0.852844413329256,39233.60164692109,432,S4_twin_shock_cex_intervention,indonesia,USDC
837,0.8488238477902492,38252.76160574806,432,S4_twin_shock_cex_intervention,indonesia,USDC
838,0.837936122483802,37296.44256560436,432,S4_twin_shock_cex_intervention,indonesia,USDC
839,0.8318432729150281,36364.031501464255,432,S4_twin_shock_cex_intervention,indonesia,USDC
840,0.8104698250285547,35454.93071392765,432,S4_twin_shock_cex_intervention,indonesia,USDC
841,0.8155241030454062,34568.55744607945,432,S4_twin_shock_cex_intervention,indonesia,USDC
842,0.8277847483197129,33704.343509927465,432,S4_twin_shock_cex_intervention,indonesia,USDC
843,0.8207351898640349,32861.73492217928,432,S4_twin_shock_cex_intervention,indonesia,USDC
844,0.8482398052205581,32040.1915491248,432,S4_twin_shock_cex_intervention,indonesia,USDC
845,0.8408897625739328,31239.18676039668,432,S4_twin_shock_cex_intervention,indonesia,USDC
846,0.8405526276753644,30458.20709138676,432,S4_twin_shock_cex_intervention,indonesia,USDC
847,0.8669702198404354,29696.751914102093,432,S4_twin_shock_cex_intervention,indonesia,USDC
848,0.8738721883368339,28954.333116249538,432,S4_twin_shock_cex_intervention,indonesia,USDC
849,0.8862330695869284,28230.4747883433,432,S4_twin_shock_cex_intervention,indonesia,USDC
850,0.8884159084004828,27524.71291863472,432,S4_twin_shock_cex_intervention,indonesia,USDC
851,0.8896921788313916,26836.595095668854,432,S4_twin_shock_cex_intervention,indonesia,USDC
852,0.8405650795500109,26165.680218277128,432,S4_twin_shock_cex_intervention,indonesia,USDC
853,0.7982852881708974,25511.538212820204,432,S4_twin_shock_cex_intervention,indonesia,USDC
854,0.8076913482517031,24873.749757499696,432,S4_twin_shock_cex_intervention,indonesia,USDC
855,0.8089507254344632,24251.906013562206,432,S4_twin_shock_cex_intervention,indonesia,USDC
856,0.7988519583192918,23645.608363223146,432,S4_twin_shock_cex_intervention,indonesia,USDC
857,0.8057303735381078,23054.468154142567,432,S4_twin_shock_cex_intervention,indonesia,USDC
858,0.8123231632701161,22478.106450289004,432,S4_twin_shock_cex_intervention,indonesia,USDC
859,0.7967035785770317,21916.15378903178,432,S4_twin_shock_cex_intervention,indonesia,USDC
860,0.7983118131139544,21368.249944305986,432,S4_twin_shock_cex_intervention,indonesia,USDC
861,0.7930860313810525,20834.04369569834,432,S4_twin_shock_cex_intervention,indonesia,USDC
862,0.7711713606605735,20313.19260330588,432,S4_twin_shock_cex_intervention,indonesia,USDC
863,0.795871170844822,19805.362788223232,432,S4_twin_shock_cex_intervention,indonesia,USDC
864,0.8075952994315654,19310.228718517654,432,S4_twin_shock_cex_intervention,indonesia,USDC
865,0.8026749397871223,18827.47300055471,432,S4_twin_shock_cex_intervention,indonesia,USDC
866,0.8167445437784064,18356.78617554084,432,S4_twin_shock_cex_intervention,indonesia,USDC
867,0.8300630966776634,17897.866521152322,432,S4_twin_shock_cex_intervention,indonesia,USDC
868,0.8449788104549012,17450.419858123514,432,S4_twin_shock_cex_intervention,indonesia,USDC
869,0.8453102962344677,17014.159361670423,432,S4_twin_shock_cex_intervention,indonesia,USDC
870,0.8770636488215581,16588.805377628665,432,S4_twin_shock_cex_intervention,indonesia,USDC
871,0.8819877962999584,16174.08524318795,432,S4_twin_shock_cex_intervention,indonesia,USDC
872,0.8553651558533295,15769.73311210825,432,S4_twin_shock_cex_intervention,indonesia,USDC
873,0.8415291210868374,15375.489784305544,432,S4_twin_shock_cex_intervention,indonesia,USDC
874,0.8353024130668686,14991.102539697906,432,S4_twin_shock_cex_intervention,indonesia,USDC
875,0.8551778093305176,14616.324976205457,432,S4_twin_shock_cex_intervention,indonesia,USDC
876,0.8554426389206428,14250.91685180032,432,S4_twin_shock_cex_intervention,indonesia,USDC
877,0.871108254527839,13894.643930505312,432,S4_twin_shock_cex_intervention,indonesia,USDC
878,0.8459861640061419,13547.27783224268,432,S4_twin_shock_cex_intervention,indonesia,USDC
879,0.8489105234609159,13208.595886436611,432,S4_twin_shock_cex_intervention,indonesia,USDC
880,0.8581173844362241,12878.380989275696,432,S4_twin_shock_cex_intervention,indonesia,USDC
881,0.8726103874967671,12556.421464543804,432,S4_twin_shock_cex_intervention,indonesia,USDC
882,0.8719864308700024,12242.510927930209,432,S4_twin_shock_cex_intervention,indonesia,USDC
883,0.8512182720518956,11936.448154731954,432,S4_twin_shock_cex_intervention,indonesia,USDC
884,0.8674026469373459,11638.036950863654,432,S4_twin_shock_cex_intervention,indonesia,USDC
885,0.8342244694339401,11347.086027092064,432,S4_twin_shock_cex_intervention,indonesia,USDC
886,0.8507717447596195,11063.408876414762,432,S4_twin_shock_cex_intervention,indonesia,USDC
887,0.8420395322346222,10786.823654504391,432,S4_twin_shock_cex_intervention,indonesia,USDC
888,0.8538804136821073,10517.153063141783,432,S4_twin_shock_cex_intervention,indonesia,USDC
889,0.8216928284044537,10254.224236563237,432,S4_twin_shock_cex_intervention,indonesia,USDC
890,0.83584717050003,9997.868630649156,432,S4_twin_shock_cex_intervention,indonesia,USDC
891,0.8307113640643724,9747.921914882929,432,S4_twin_shock_cex_intervention,indonesia,USDC
892,0.8409273654549415,9504.223867010855,432,S4_twin_shock_cex_intervention,indonesia,USDC
893,0.8232113488793444,9266.618270335583,432,S4_twin_shock_cex_intervention,indonesia,USDC
894,0.8364350029835461,9034.952813577194,432,S4_twin_shock_cex_intervention,indonesia,USDC
895,0.8324642100400601,8809.078993237765,432,S4_twin_shock_cex_intervention,indonesia,USDC
896,0.8250850852962495,8588.852018406818,432,S4_twin_shock_cex_intervention,indonesia,USDC
897,0.8232826890724646,8374.13071794665,432,S4_twin_shock_cex_intervention,indonesia,USDC
898,0.7877160878492518,8164.777449997982,432,S4_twin_shock_cex_intervention,indonesia,USDC
899,0.7797938280790394,7960.658013748034,432,S4_twin_shock_cex_intervention,indonesia,USDC
900,0.7883403499021959,7761.641563404332,432,S4_twin_shock_cex_intervention,indonesia,USDC
901,0.7883124944389737,7567.600524319225,432,S4_twin_shock_cex_intervention,indonesia,USDC
902,0.8008119829872319,7378.410511211245,432,S4_twin_shock_cex_intervention,indonesia,USDC
903,0.7858125843022361,7193.950248430963,432,S4_twin_shock_cex_intervention,indonesia,USDC
904,0.7938489640149217,7014.101492220188,432,S4_twin_shock_cex_intervention,indonesia,USDC
905,0.7852948305667848,6838.748954914684,432,S4_twin_shock_cex_intervention,indonesia,USDC
906,0.810257631522195,6667.780231041817,432,S4_twin_shock_cex_intervention,indonesia,USDC
907,0.7972607356921046,6501.0857252657715,432,S4_twin_shock_cex_intervention,indonesia,USDC
908,0.792144187339419,6338.558582134128,432,S4_twin_shock_cex_intervention,indonesia,USDC
909,0.8065933695205775,6180.094617580775,432,S4_twin_shock_cex_intervention,indonesia,USDC
910,0.8223793185907144,6025.592252141255,432,S4_twin_shock_cex_intervention,indonesia,USDC
911,0.8263114447655965,5874.952445837724,432,S4_twin_shock_cex_intervention,indonesia,USDC
912,0.8458940001677231,5728.078634691781,432,S4_twin_shock_cex_intervention,indonesia,USDC
913,0.8503022040791761,5584.876668824486,432,S4_twin_shock_cex_intervention,indonesia,USDC
914,0.8477830248579149,5445.254752103874,432,S4_twin_shock_cex_intervention,indonesia,USDC
915,0.8696228764214652,5309.1233833012775,432,S4_twin_shock_cex_intervention,indonesia,USDC
916,0.8536893178640849,5176.395298718746,432,S4_twin_shock_cex_intervention,indonesia,USDC
917,0.840546033683897,5046.985416250776,432,S4_twin_shock_cex_intervention,indonesia,USDC
918,0.825946480362235,4920.8107808445075,432,S4_twin_shock_cex_intervention,indonesia,USDC
919,0.7995067138693145,4797.790511323395,432,S4_twin_shock_cex_intervention,indonesia,USDC
920,0.8096573064420868,4677.8457485403105,432,S4_twin_shock_cex_intervention,indonesia,USDC
921,0.8038677845669426,4560.899604826802,432,S4_twin_shock_cex_intervention,indonesia,USDC
922,0.8221303399623986,4446.8771147061325,432,S4_twin_shock_cex_intervention,indonesia,USDC
923,0.7942151613721204,4335.705186838479,432,S4_twin_shock_cex_intervention,indonesia,USDC
924,0.8068402117785258,4227.312557167517,432,S4_twin_shock_cex_intervention,indonesia,USDC
925,0.819466084524741,4121.629743238329,432,S4_twin_shock_cex_intervention,indonesia,USDC
926,0.7929668999709091,4018.5889996573706,432,S4_twin_shock_cex_intervention,indonesia,USDC
927,0.8174072074786309,3918.1242746659364,432,S4_twin_shock_cex_intervention,indonesia,USDC
928,0.798940481157402,3820.171167799288,432,S4_twin_shock_cex_intervention,indonesia,USDC
929,0.7990539566349278,3724.6668886043053,432,S4_twin_shock_cex_intervention,indonesia,USDC
930,0.8037961258750406,3631.550216389198,432,S4_twin_shock_cex_intervention,indonesia,USDC
931,0.80432232541603,3540.761460979468,432,S4_twin_shock_cex_intervention,indonesia,USDC
932,0.8255506968445384,3452.242424454981,432,S4_twin_shock_cex_intervention,indonesia,USDC
933,0.8165881572453703,3365.936363843607,432,S4_twin_shock_cex_intervention,indonesia,USDC
934,0.8038003477843992,3281.787954747517,432,S4_twin_shock_cex_intervention,indonesia,USDC
935,0.8007622453691315,3199.7432558788287,432,S4_twin_shock_cex_intervention,indonesia,USDC
936,0.7900264211967448,3119.749674481858,432,S4_twin_shock_cex_intervention,indonesia,USDC
937,0.7934613735817105,3041.7559326198116,432,S4_twin_shock_cex_intervention,indonesia,USDC
938,0.7972939682014702,2965.7120343043166,432,S4_twin_shock_cex_intervention,indonesia,USDC
939,0.8075283094371302,2891.5692334467085,432,S4_twin_shock_cex_intervention,indonesia,USDC
940,0.7896828476054455,2819.2800026105406,432,S4_twin_shock_cex_intervention,indonesia,USDC
941,0.8079218251547536,2748.7980025452775,432,S4_twin_shock_cex_intervention,indonesia,USDC
942,0.8253435094225984,2680.0780524816455,432,S4_twin_shock_cex_intervention,indonesia,USDC
943,0.8194576038885276,2613.0761011696045,432,S4_twin_shock_cex_intervention,indonesia,USDC
944,0.8236605403649004,2547.7491986403643,432,S4_twin_shock_cex_intervention,indonesia,USDC
945,0.8216908268540033,2484.055468674355,432,S4_twin_shock_cex_intervention,indonesia,USDC
946,0.8194413325359086,2421.954081957496,432,S4_twin_shock_cex_intervention,indonesia,USDC
947,0.8187203463134066,2361.405229908559,432,S4_twin_shock_cex_intervention,indonesia,USDC
948,0.8032377515985286,2302.370099160845,432,S4_twin_shock_cex_intervention,indonesia,USDC
949,0.8098263496565689,2244.810846681824,432,S4_twin_shock_cex_intervention,indonesia,USDC
950,0.8131369965979083,2188.690575514778,432,S4_twin_shock_cex_intervention,indonesia,USDC
951,0.8010297360181072,2133.973311126909,432,S4_twin_shock_cex_intervention,indonesia,USDC
952,0.8103864070830256,2080.623978348736,432,S4_twin_shock_cex_intervention,indonesia,USDC
953,0.7981367961902881,2028.6083788900173,432,S4_twin_shock_cex_intervention,indonesia,USDC
954,0.7916035253403481,1977.8931694177672,432,S4_twin_shock_cex_intervention,indonesia,USDC
955,0.7793912965423008,1928.4458401823229,432,S4_twin_shock_cex_intervention,indonesia,USDC
956,0.789684492809363,1880.2346941777646,432,S4_twin_shock_cex_intervention,indonesia,USDC
957,0.7901596048102528,1833.2288268233206,432,S4_twin_shock_cex_intervention,indonesia,USDC
958,0.7993196673076055,1787.3981061527377,432,S4_twin_shock_cex_intervention,indonesia,USDC
959,0.7994061690514684,1742.7131534989192,432,S4_twin_shock_cex_intervention,indonesia,USDC
960,0.8047042938255256,1699.1453246614462,432,S4_twin_shock_cex_intervention,indonesia,USDC
961,0.8005365430499639,1656.66669154491,432,S4_twin_shock_cex_intervention,indonesia,USDC
962,0.8147783218801968,1615.2500242562874,432,S4_twin_shock_cex_intervention,indonesia,USDC
963,0.8245676080696451,1574.86877364988,432,S4_twin_shock_cex_intervention,indonesia,USDC
964,0.8087276542242131,1535.497054308633,432,S4_twin_shock_cex_intervention,indonesia,USDC
965,0.8023328605099392,1497.1096279509175,432,S4_twin_shock_cex_intervention,indonesia,USDC
966,0.8131087374140185,1459.6818872521444,432,S4_twin_shock_cex_intervention,indonesia,USDC
967,0.8231516476962577,1423.1898400708408,432,S4_twin_shock_cex_intervention,indonesia,USDC
968,0.8135221274106382,1387.6100940690696,432,S4_twin_shock_cex_intervention,indonesia,USDC
969,0.803371767382239,1352.919841717343,432,S4_twin_shock_cex_intervention,indonesia,USDC
970,0.7977712614692594,1319.0968456744095,432,S4_twin_shock_cex_intervention,indonesia,USDC
971,0.7896319343681608,1286.1194245325491,432,S4_twin_shock_cex_intervention,indonesia,USDC
972,0.7864927049073828,1253.9664389192355,432,S4_twin_shock_cex_intervention,indonesia,USDC
973,0.7800026792585938,1222.6172779462545,432,S4_twin_shock_cex_intervention,indonesia,USDC
974,0.77078140775886,1192.0518459975983,432,S4_twin_shock_cex_intervention,indonesia,USDC
975,0.7434336628096284,1162.2505498476585,432,S4_twin_shock_cex_intervention,indonesia,USDC
976,0.7329596501994929,1133.1942861014668,432,S4_twin_shock_cex_intervention,indonesia,USDC
977,0.7294871366746711,1104.8644289489303,432,S4_twin_shock_cex_intervention,indonesia,USDC
978,0.7351226809537392,1077.242818225207,432,S4_twin_shock_cex_intervention,indonesia,USDC
979,0.7609430448552947,1050.3117477695769,432,S4_twin_shock_cex_intervention,indonesia,USDC
980,0.7920615650633652,1024.0539540753373,432,S4_twin_shock_cex_intervention,indonesia,USDC
981,0.767273696902833,998.4526052234539,432,S4_twin_shock_cex_intervention,indonesia,USDC
982,0.7760073243763239,973.4912900928675,432,S4_twin_shock_cex_intervention,indonesia,USDC
983,0.7827676984010067,949.154007840546,432,S4_twin_shock_cex_intervention,indonesia,USDC
984,0.7576162350113065,925.4251576445324,432,S4_twin_shock_cex_intervention,indonesia,USDC
985,0.7573851360328084,902.2895287034189,432,S4_twin_shock_cex_intervention,indonesia,USDC
986,0.7730955277234884,879.7322904858335,432,S4_twin_shock_cex_intervention,indonesia,USDC
987,0.7445680014822885,857.7389832236877,432,S4_twin_shock_cex_intervention,indonesia,USDC
988,0.7314028786540895,836.2955086430954,432,S4_twin_shock_cex_intervention,indonesia,USDC
989,0.7092804734500789,815.3881209270181,432,S4_twin_shock_cex_intervention,indonesia,USDC
990,0.7230845591932935,795.0034179038428,432,S4_twin_shock_cex_intervention,indonesia,USDC
991,0.7261319611223126,775.1283324562464,432,S4_twin_shock_cex_intervention,indonesia,USDC
992,0.7281849079802338,755.7501241448404,432,S4_twin_shock_cex_intervention,indonesia,USDC
993,0.7310074401849532,736.8563710412193,432,S4_twin_shock_cex_intervention,indonesia,USDC
994,0.7357086026400725,718.4349617651889,432,S4_twin_shock_cex_intervention,indonesia,USDC
995,0.7420022049861861,700.4740877210592,432,S4_twin_shock_cex_intervention,indonesia,USDC
996,0.7369412184169094,682.9622355280326,432,S4_twin_shock_cex_intervention,indonesia,USDC
997,0.7378765960417591,665.8881796398318,432,S4_twin_shock_cex_intervention,indonesia,USDC
998,0.7414214501611291,649.240975148836,432,S4_twin_shock_cex_intervention,indonesia,USDC
999,0.7299234628715889,633.0099507701151,432,S4_twin_shock_cex_intervention,indonesia,USDC
1000,0.7423954119269653,617.1847020008622,432,S4_twin_shock_cex_intervention,indonesia,USDC
