Step,price,liquidity,iteration,scenario,region,coin
1,1.0167349634814067,2990035725092.1104,13,S4_twin_shock_cex_intervention,indonesia,USDC
2,250001.02396706113,2990048225092.1104,13,S4_twin_shock_cex_intervention,indonesia,USDC
3,187502.0,2990057600092.1104,13,S4_twin_shock_cex_intervention,indonesia,USDC
4,140627.0,2990064631342.1104,13,S4_twin_shock_cex_intervention,indonesia,USDC
5,105470.75,2990069904779.6104,13,S4_twin_shock_cex_intervention,indonesia,USDC
6,79103.5625,2990073859857.7354,13,S4_twin_shock_cex_intervention,indonesia,USDC
7,59328.171875,2990076826166.329,13,S4_twin_shock_cex_intervention,indonesia,USDC
8,44496.62890625,2990079050897.7744,13,S4_twin_shock_cex_intervention,indonesia,USDC
9,33372.9716796875,2990080719446.3584,13,S4_twin_shock_cex_intervention,indonesia,USDC
10,25030.228759765625,2990081970857.7964,13,S4_twin_shock_cex_intervention,indonesia,USDC
11,18773.17156982422,2990082909416.375,13,S4_twin_shock_cex_intervention,indonesia,USDC
12,14080.378677368164,2990083613335.309,13,S4_twin_shock_cex_intervention,indonesia,USDC
13,10560.784008026123,2990084141274.51,13,S4_twin_shock_cex_intervention,indonesia,USDC
14,7921.088006019592,2990084537228.9097,13,S4_twin_shock_cex_intervention,indonesia,USDC
15,5941.316004514694,2990084834194.71,13,S4_twin_shock_cex_intervention,indonesia,USDC
16,4456.487003386021,2990085056919.06,13,S4_twin_shock_cex_intervention,indonesia,USDC
17,3342.8652525395155,2990085223962.3228,13,S4_twin_shock_cex_intervention,indonesia,USDC
18,2507.6489394046366,2990085349244.7695,13,S4_twin_shock_cex_intervention,indonesia,USDC
19,1881.2367045534775,2990085443206.605,13,S4_twin_shock_cex_intervention,indonesia,USDC
20,1411.427528415108,2990085513677.9814,13,S4_twin_shock_cex_intervention,indonesia,USDC
21,1059.070646311331,2990085566531.5137,13,S4_twin_shock_cex_intervention,indonesia,USDC
22,794.8029847334983,2990085606171.663,13,S4_twin_shock_cex_intervention,indonesia,USDC
23,596.6022385501237,2990085635901.775,13,S4_twin_shock_cex_intervention,indonesia,USDC
24,447.9516789125928,2990085658199.359,13,S4_twin_shock_cex_intervention,indonesia,USDC
25,336.4637591844446,2990085674922.547,13,S4_twin_shock_cex_intervention,indonesia,USDC
26,252.84781938833345,2990085687464.938,13,S4_twin_shock_cex_intervention,indonesia,USDC
27,190.1358645412501,2990085696871.7314,13,S4_twin_shock_cex_intervention,indonesia,USDC
28,143.1018984059376,2990085703926.826,13,S4_twin_shock_cex_intervention,indonesia,USDC
29,107.82642380445319,2990085709218.1475,13,S4_twin_shock_cex_intervention,indonesia,USDC
30,81.3698178533399,2990085713186.638,13,S4_twin_shock_cex_intervention,indonesia,USDC
31,61.52736339000492,2990085716163.0063,13,S4_twin_shock_cex_intervention,indonesia,USDC
32,46.6455225425037,2990085718395.282,13,S4_twin_shock_cex_intervention,indonesia,USDC
33,35.484141906877774,2990085720069.4897,13,S4_twin_shock_cex_intervention,indonesia,USDC
34,27.11310643015833,2990085721325.145,13,S4_twin_shock_cex_intervention,indonesia,USDC
35,20.834829822618744,2990085722266.8867,13,S4_twin_shock_cex_intervention,indonesia,USDC
36,16.12612236696406,2990085722973.193,13,S4_twin_shock_cex_intervention,indonesia,USDC
37,12.594591775223044,2990085723502.9224,13,S4_twin_shock_cex_intervention,indonesia,USDC
38,9.945943831417281,2990085723900.2197,13,S4_twin_shock_cex_intervention,indonesia,USDC
39,7.959457873562963,2990085724198.1924,13,S4_twin_shock_cex_intervention,indonesia,USDC
40,6.469593405172222,2990085724421.672,13,S4_twin_shock_cex_intervention,indonesia,USDC
41,5.352195053879166,2990085724589.2817,13,S4_twin_shock_cex_intervention,indonesia,USDC
42,4.514146290409375,2990085724714.9893,13,S4_twin_shock_cex_intervention,indonesia,USDC
43,3.8856097178070312,2990085724809.2695,13,S4_twin_shock_cex_intervention,indonesia,USDC
44,3.414207288355273,2990085724879.98,13,S4_twin_shock_cex_intervention,indonesia,USDC
45,3.060655466266455,2990085724933.0127,13,S4_twin_shock_cex_intervention,indonesia,USDC
46,2.795491599699841,2990085724972.787,13,S4_twin_shock_cex_intervention,indonesia,USDC
47,2.596618699774881,2990085725002.618,13,S4_twin_shock_cex_intervention,indonesia,USDC
48,2.4474640248311608,2990085725024.991,13,S4_twin_shock_cex_intervention,indonesia,USDC
49,2.3355980186233705,2990085725041.771,13,S4_twin_shock_cex_intervention,indonesia,USDC
50,2.251698513967528,2990085725054.356,13,S4_twin_shock_cex_intervention,indonesia,USDC
51,2.188773885475646,2990085725063.795,13,S4_twin_shock_cex_intervention,indonesia,USDC
52,2.1344304311773468,2990085725070.8735,13,S4_twin_shock_cex_intervention,indonesia,USDC
53,2.106185310580051,2990085725076.1826,13,S4_twin_shock_cex_intervention,indonesia,USDC
54,2.079638982935038,2990085725080.1646,13,S4_twin_shock_cex_intervention,indonesia,USDC
55,2.0597292372012785,2990085725083.1514,13,S4_twin_shock_cex_intervention,indonesia,USDC
56,1.9878906769161653,2990085725085.3906,13,S4_twin_shock_cex_intervention,indonesia,USDC
57,1.9059627366038168,2990085725087.071,13,S4_twin_shock_cex_intervention,indonesia,USDC
58,1.9158571667256792,2990085725088.3306,13,S4_twin_shock_cex_intervention,indonesia,USDC
59,1.8515625018218282,2990085725089.2754,13,S4_twin_shock_cex_intervention,indonesia,USDC
60,1.7517201050218811,2990085725089.984,13,S4_twin_shock_cex_intervention,indonesia,USDC
61,1.747207702724482,2990085725090.515,13,S4_twin_shock_cex_intervention,indonesia,USDC
62,1.6812185985421915,2990085725090.914,13,S4_twin_shock_cex_intervention,indonesia,USDC
63,1.6203639558679246,2990085725091.213,13,S4_twin_shock_cex_intervention,indonesia,USDC
64,1.5739692857682288,2990085725091.437,13,S4_twin_shock_cex_intervention,indonesia,USDC
65,1.5278806828297382,2990085725091.605,13,S4_twin_shock_cex_intervention,indonesia,USDC
66,1.5059115387830393,2990085725091.731,13,S4_twin_shock_cex_intervention,indonesia,USDC
67,1.4158744719977474,2990085725091.8257,13,S4_twin_shock_cex_intervention,indonesia,USDC
68,1.3516052016104056,2990085725091.8965,13,S4_twin_shock_cex_intervention,indonesia,USDC
69,1.3433882259270615,2990085725091.9497,13,S4_twin_shock_cex_intervention,indonesia,USDC
70,1.3238039347858959,2990085725091.9897,13,S4_twin_shock_cex_intervention,indonesia,USDC
71,1.2453998183538408,2990085725092.0195,13,S4_twin_shock_cex_intervention,indonesia,USDC
72,1.2165937154908089,2990085725092.042,13,S4_twin_shock_cex_intervention,indonesia,USDC
73,1.178753528340383,2990085725092.0586,13,S4_twin_shock_cex_intervention,indonesia,USDC
74,1.1618569442699727,2990085725092.0713,13,S4_twin_shock_cex_intervention,indonesia,USDC
75,1.1556021791530051,2990085725092.081,13,S4_twin_shock_cex_intervention,indonesia,USDC
76,1.1102051916763171,2990085725092.088,13,S4_twin_shock_cex_intervention,indonesia,USDC
77,1.1027414843748935,2990085725092.0933,13,S4_twin_shock_cex_intervention,indonesia,USDC
78,1.0916573563177268,2990085725092.097,13,S4_twin_shock_cex_intervention,indonesia,USDC
79,1.099317521437019,2990085725092.1,13,S4_twin_shock_cex_intervention,indonesia,USDC
80,1.0933555869445806,2990085725092.1025,13,S4_twin_shock_cex_intervention,indonesia,USDC
81,1.1021829059816968,2990085725092.1045,13,S4_twin_shock_cex_intervention,indonesia,USDC
82,1.0886295760191729,2990085725092.1055,13,S4_twin_shock_cex_intervention,indonesia,USDC
83,1.0859288616143379,2990085725092.1064,13,S4_twin_shock_cex_intervention,indonesia,USDC
84,1.0230878483260448,2990085725092.1074,13,S4_twin_shock_cex_intervention,indonesia,USDC
85,0.9987184041970236,2990085725092.1074,13,S4_twin_shock_cex_intervention,indonesia,USDC
86,0.9722359140741731,2990085725092.1074,13,S4_twin_shock_cex_intervention,indonesia,USDC
87,0.9760269413951638,2990085725092.108,13,S4_twin_shock_cex_intervention,indonesia,USDC
88,0.9596135133378616,2990085725092.1084,13,S4_twin_shock_cex_intervention,indonesia,USDC
89,0.9630732587786066,2989526533106.125,13,S4_twin_shock_cex_intervention,indonesia,USDC
90,0.9765885898966494,2989139808485.758,13,S4_twin_shock_cex_intervention,indonesia,USDC
91,1.001359313982467,2989139808485.758,13,S4_twin_shock_cex_intervention,indonesia,USDC
92,0.9871910320365918,2989139808485.758,13,S4_twin_shock_cex_intervention,indonesia,USDC
93,0.9702500796422227,2989139808485.758,13,S4_twin_shock_cex_intervention,indonesia,USDC
94,0.975916246975866,2989139808485.758,13,S4_twin_shock_cex_intervention,indonesia,USDC
95,0.9982907797496592,2989139808485.758,13,S4_twin_shock_cex_intervention,indonesia,USDC
96,0.9935372772335509,2989139808485.758,13,S4_twin_shock_cex_intervention,indonesia,USDC
97,0.9698634689703577,2989139808485.758,13,S4_twin_shock_cex_intervention,indonesia,USDC
98,0.9649443363137504,2989131496408.634,13,S4_twin_shock_cex_intervention,indonesia,USDC
99,0.9676583168652378,2988894951123.2466,13,S4_twin_shock_cex_intervention,indonesia,USDC
100,1.0019071820400045,2988752979398.746,13,S4_twin_shock_cex_intervention,indonesia,USDC
101,0.845913747758715,2988752979398.746,13,S4_twin_shock_cex_intervention,indonesia,USDC
102,0.8576824286367224,2981248031237.7183,13,S4_twin_shock_cex_intervention,indonesia,USDC
103,0.8683833455264834,2975323880751.5127,13,S4_twin_shock_cex_intervention,indonesia,USDC
104,0.8737437300903135,2970891669104.5654,13,S4_twin_shock_cex_intervention,indonesia,USDC
105,0.8674100499143599,2966842361928.501,13,S4_twin_shock_cex_intervention,indonesia,USDC
106,0.9045626438611591,2962954875806.4785,13,S4_twin_shock_cex_intervention,indonesia,USDC
107,0.897440817026181,2960791208087.494,13,S4_twin_shock_cex_intervention,indonesia,USDC
108,0.9268720850134835,2958656663451.9062,13,S4_twin_shock_cex_intervention,indonesia,USDC
109,0.9341674198606069,2957458186407.338,13,S4_twin_shock_cex_intervention,indonesia,USDC
110,0.9395356195050905,2956508901510.857,13,S4_twin_shock_cex_intervention,indonesia,USDC
111,0.973028752127417,2955761393623.577,13,S4_twin_shock_cex_intervention,indonesia,USDC
112,0.9690415936633306,2955761393623.577,13,S4_twin_shock_cex_intervention,indonesia,USDC
113,0.9559974588570019,2955744509139.8467,13,S4_twin_shock_cex_intervention,indonesia,USDC
114,0.9433335183863205,2955432307496.2686,13,S4_twin_shock_cex_intervention,indonesia,USDC
115,0.9330204935579434,2954784927305.3477,13,S4_twin_shock_cex_intervention,indonesia,USDC
116,0.944163347310709,2953843314617.3496,13,S4_twin_shock_cex_intervention,indonesia,USDC
117,0.980796222031904,2953256102288.617,13,S4_twin_shock_cex_intervention,indonesia,USDC
118,0.9923990245348937,2953256102288.617,13,S4_twin_shock_cex_intervention,indonesia,USDC
119,1.00416017764085,2953256102288.617,13,S4_twin_shock_cex_intervention,indonesia,USDC
120,0.9762458893153434,2953256102288.617,13,S4_twin_shock_cex_intervention,indonesia,USDC
121,0.9493654636152438,2879424699731.4014,13,S4_twin_shock_cex_intervention,indonesia,USDC
122,0.9325217510506425,2807017471204.3013,13,S4_twin_shock_cex_intervention,indonesia,USDC
123,0.9122126221872021,2736062574302.858,13,S4_twin_shock_cex_intervention,indonesia,USDC
124,0.9013200092341466,2666451301618.2803,13,S4_twin_shock_cex_intervention,indonesia,USDC
125,0.9001342196085659,2598395204060.289,13,S4_twin_shock_cex_intervention,indonesia,USDC
126,0.9025840607419405,2532082267007.1284,13,S4_twin_shock_cex_intervention,indonesia,USDC
127,0.8718872371907156,2467626826819.1807,13,S4_twin_shock_cex_intervention,indonesia,USDC
128,0.8811756762737685,2404325484216.6084,13,S4_twin_shock_cex_intervention,indonesia,USDC
129,0.8687498399261306,2342903944757.3022,13,S4_twin_shock_cex_intervention,indonesia,USDC
130,0.8620737072319532,2283027681808.6743,13,S4_twin_shock_cex_intervention,indonesia,USDC
131,0.8712436803789319,2224668089650.3706,13,S4_twin_shock_cex_intervention,indonesia,USDC
132,0.8750304921333629,2168002731973.103,13,S4_twin_shock_cex_intervention,indonesia,USDC
133,0.8633208436180808,2112871945066.4893,13,S4_twin_shock_cex_intervention,indonesia,USDC
134,0.8877761842041839,2059145562319.0317,13,S4_twin_shock_cex_intervention,indonesia,USDC
135,0.8834362933034704,2007029034003.4233,13,S4_twin_shock_cex_intervention,indonesia,USDC
136,0.8347707346099676,1956235756178.631,13,S4_twin_shock_cex_intervention,indonesia,USDC
137,0.8389518472014879,1906405835869.3389,13,S4_twin_shock_cex_intervention,indonesia,USDC
138,0.8397592152437021,1858006738335.6958,13,S4_twin_shock_cex_intervention,indonesia,USDC
139,0.8318508844021228,1810917160552.6191,13,S4_twin_shock_cex_intervention,indonesia,USDC
140,0.8010958975934221,1765040772153.5786,13,S4_twin_shock_cex_intervention,indonesia,USDC
141,0.8030688026892712,1720266614190.3477,13,S4_twin_shock_cex_intervention,indonesia,USDC
142,0.7977027667662233,1676741485739.3943,13,S4_twin_shock_cex_intervention,indonesia,USDC
143,0.7876345119448791,1634386834935.6318,13,S4_twin_shock_cex_intervention,indonesia,USDC
144,0.7971831168862262,1593136640284.386,13,S4_twin_shock_cex_intervention,indonesia,USDC
145,0.7944811145916635,1553006438932.527,13,S4_twin_shock_cex_intervention,indonesia,USDC
146,0.7922522867067445,1513927964964.3203,13,S4_twin_shock_cex_intervention,indonesia,USDC
147,0.7935795267989207,1475872868753.86,13,S4_twin_shock_cex_intervention,indonesia,USDC
148,0.7884670083363553,1438806926504.9456,13,S4_twin_shock_cex_intervention,indonesia,USDC
149,0.7833013755661653,1402693169831.2932,13,S4_twin_shock_cex_intervention,indonesia,USDC
150,0.7491417403275147,1367507221564.2415,13,S4_twin_shock_cex_intervention,indonesia,USDC
151,0.7704837541923324,1333202164992.3381,13,S4_twin_shock_cex_intervention,indonesia,USDC
152,0.7672818539442554,1299787738328.914,13,S4_twin_shock_cex_intervention,indonesia,USDC
153,0.7583943940311839,1267224598960.2898,13,S4_twin_shock_cex_intervention,indonesia,USDC
154,0.7716315265003226,1235487188560.1619,13,S4_twin_shock_cex_intervention,indonesia,USDC
155,0.7565450720271614,1204558960677.7412,13,S4_twin_shock_cex_intervention,indonesia,USDC
156,0.7656426519412338,1174409500214.6123,13,S4_twin_shock_cex_intervention,indonesia,USDC
157,0.7509589558810142,1145022493488.7258,13,S4_twin_shock_cex_intervention,indonesia,USDC
158,0.7614878265124245,1116373587988.6145,13,S4_twin_shock_cex_intervention,indonesia,USDC
159,0.7576047341927393,1088446951849.2605,13,S4_twin_shock_cex_intervention,indonesia,USDC
160,0.786379671884142,1061221881736.8088,13,S4_twin_shock_cex_intervention,indonesia,USDC
161,0.7802355493817189,1034681906627.205,13,S4_twin_shock_cex_intervention,indonesia,USDC
162,0.7752250160311949,1008806917025.324,13,S4_twin_shock_cex_intervention,indonesia,USDC
163,0.7586325776286157,983580029266.3816,13,S4_twin_shock_cex_intervention,indonesia,USDC
164,0.7582449769340559,958985037384.3784,13,S4_twin_shock_cex_intervention,indonesia,USDC
165,0.7611218872630368,935006040466.4738,13,S4_twin_shock_cex_intervention,indonesia,USDC
166,0.7591862659759885,911627465720.6465,13,S4_twin_shock_cex_intervention,indonesia,USDC
167,0.7744538359603659,888834024968.8097,13,S4_twin_shock_cex_intervention,indonesia,USDC
168,0.7776386442254501,866611020157.7625,13,S4_twin_shock_cex_intervention,indonesia,USDC
169,0.7856640385955324,844944052749.904,13,S4_twin_shock_cex_intervention,indonesia,USDC
170,0.779008428629656,823819151638.6335,13,S4_twin_shock_cex_intervention,indonesia,USDC
171,0.786244133773661,803222645158.8461,13,S4_twin_shock_cex_intervention,indonesia,USDC
172,0.7760528232206776,783141240502.0483,13,S4_twin_shock_cex_intervention,indonesia,USDC
173,0.7711553889741163,763561974955.6499,13,S4_twin_shock_cex_intervention,indonesia,USDC
174,0.7773965117149615,744472345952.6256,13,S4_twin_shock_cex_intervention,indonesia,USDC
175,0.7837955745578427,725860095873.4276,13,S4_twin_shock_cex_intervention,indonesia,USDC
176,0.7671124550907963,707713246652.4258,13,S4_twin_shock_cex_intervention,indonesia,USDC
177,0.7672552956032233,690020105701.3646,13,S4_twin_shock_cex_intervention,indonesia,USDC
178,0.7713235596602047,672769349507.8862,13,S4_twin_shock_cex_intervention,indonesia,USDC
179,0.7629606361049003,655949917250.3435,13,S4_twin_shock_cex_intervention,indonesia,USDC
180,0.7668883371866329,639551006448.997,13,S4_twin_shock_cex_intervention,indonesia,USDC
181,0.7687271141843238,623562095909.3755,13,S4_twin_shock_cex_intervention,indonesia,USDC
182,0.7795099282738192,607972943543.0916,13,S4_twin_shock_cex_intervention,indonesia,USDC
183,0.7669752205482745,592773539206.4766,13,S4_twin_shock_cex_intervention,indonesia,USDC
184,0.7847611125522412,577954131565.7395,13,S4_twin_shock_cex_intervention,indonesia,USDC
185,0.7646916850605578,563505229338.5244,13,S4_twin_shock_cex_intervention,indonesia,USDC
186,0.7632153199251661,549417554535.3025,13,S4_twin_shock_cex_intervention,indonesia,USDC
187,0.752991253648409,535682079801.60535,13,S4_twin_shock_cex_intervention,indonesia,USDC
188,0.7585729949139575,522289999873.3099,13,S4_twin_shock_cex_intervention,indonesia,USDC
189,0.7603342238281782,509232727107.88043,13,S4_twin_shock_cex_intervention,indonesia,USDC
190,0.7623533680219721,496501891947.6617,13,S4_twin_shock_cex_intervention,indonesia,USDC
191,0.7846650042977847,484089331056.73193,13,S4_twin_shock_cex_intervention,indonesia,USDC
192,0.794572405782834,471987088387.00104,13,S4_twin_shock_cex_intervention,indonesia,USDC
193,0.7744183915290926,460187404073.44055,13,S4_twin_shock_cex_intervention,indonesia,USDC
194,0.7777593509870765,448682712261.78687,13,S4_twin_shock_cex_intervention,indonesia,USDC
195,0.7830148609139049,437465638924.0564,13,S4_twin_shock_cex_intervention,indonesia,USDC
196,0.7738513323396247,426528993718.58716,13,S4_twin_shock_cex_intervention,indonesia,USDC
197,0.8095098317753481,415865765417.85706,13,S4_twin_shock_cex_intervention,indonesia,USDC
198,0.8136866360966432,405469118996.493,13,S4_twin_shock_cex_intervention,indonesia,USDC
199,0.8305776655757716,395332389103.08215,13,S4_twin_shock_cex_intervention,indonesia,USDC
200,0.8251437825286976,385449077930.4361,13,S4_twin_shock_cex_intervention,indonesia,USDC
201,0.8328873548923184,375812849686.08325,13,S4_twin_shock_cex_intervention,indonesia,USDC
202,0.832112104779761,366417527371.98413,13,S4_twin_shock_cex_intervention,indonesia,USDC
203,0.8174008739623221,357257088239.50085,13,S4_twin_shock_cex_intervention,indonesia,USDC
204,0.8168592980494849,348325660169.77155,13,S4_twin_shock_cex_intervention,indonesia,USDC
205,0.7948297622473546,339617517898.5193,13,S4_twin_shock_cex_intervention,indonesia,USDC
206,0.7993339101891109,331127079255.4936,13,S4_twin_shock_cex_intervention,indonesia,USDC
207,0.800124070420258,322848901688.5674,13,S4_twin_shock_cex_intervention,indonesia,USDC
208,0.7983967424682707,314777678664.0067,13,S4_twin_shock_cex_intervention,indonesia,USDC
209,0.802338274349744,306908236285.593,13,S4_twin_shock_cex_intervention,indonesia,USDC
210,0.8030025327321999,299235530047.27924,13,S4_twin_shock_cex_intervention,indonesia,USDC
211,0.8148410467437339,291754641539.3442,13,S4_twin_shock_cex_intervention,indonesia,USDC
212,0.8149866168696779,284460775301.1017,13,S4_twin_shock_cex_intervention,indonesia,USDC
213,0.7979993686789789,277349255749.02246,13,S4_twin_shock_cex_intervention,indonesia,USDC
214,0.7980365002778286,270415524188.6953,13,S4_twin_shock_cex_intervention,indonesia,USDC
215,0.8096392524449462,263655135951.79007,13,S4_twin_shock_cex_intervention,indonesia,USDC
216,0.8170182249456511,257063757443.88953,13,S4_twin_shock_cex_intervention,indonesia,USDC
217,0.8026453216632093,250637163422.70135,13,S4_twin_shock_cex_intervention,indonesia,USDC
218,0.7921739142827509,244371234256.7744,13,S4_twin_shock_cex_intervention,indonesia,USDC
219,0.7840229368173937,238261953332.43353,13,S4_twin_shock_cex_intervention,indonesia,USDC
220,0.7600435659629314,232305404440.66464,13,S4_twin_shock_cex_intervention,indonesia,USDC
221,0.749266213943862,226497769275.77823,13,S4_twin_shock_cex_intervention,indonesia,USDC
222,0.7694750544233266,220835324997.19736,13,S4_twin_shock_cex_intervention,indonesia,USDC
223,0.7831197067784417,215314441841.3897,13,S4_twin_shock_cex_intervention,indonesia,USDC
224,0.7709188384877513,209931580770.77228,13,S4_twin_shock_cex_intervention,indonesia,USDC
225,0.7698429448144347,204683291230.36063,13,S4_twin_shock_cex_intervention,indonesia,USDC
226,0.7755862197505621,199566208933.679,13,S4_twin_shock_cex_intervention,indonesia,USDC
227,0.7839936753199191,194577053697.11917,13,S4_twin_shock_cex_intervention,indonesia,USDC
228,0.772775210820297,189712627344.9605,13,S4_twin_shock_cex_intervention,indonesia,USDC
229,0.7823472365015248,184969811652.76886,13,S4_twin_shock_cex_intervention,indonesia,USDC
230,0.7844184325984035,180345566354.78845,13,S4_twin_shock_cex_intervention,indonesia,USDC
231,0.7998207335082806,175836927190.91412,13,S4_twin_shock_cex_intervention,indonesia,USDC
232,0.7959690672703208,171441004007.22958,13,S4_twin_shock_cex_intervention,indonesia,USDC
233,0.785536483242966,167154978903.66602,13,S4_twin_shock_cex_intervention,indonesia,USDC
234,0.7947577524893024,162976104428.3031,13,S4_twin_shock_cex_intervention,indonesia,USDC
235,0.78515696327183,158901701815.43533,13,S4_twin_shock_cex_intervention,indonesia,USDC
236,0.8047060120850494,154929159268.08218,13,S4_twin_shock_cex_intervention,indonesia,USDC
237,0.8003020496914109,151055930285.0055,13,S4_twin_shock_cex_intervention,indonesia,USDC
238,0.7771384897674624,147279532026.67224,13,S4_twin_shock_cex_intervention,indonesia,USDC
239,0.7908008535595118,143597543724.83746,13,S4_twin_shock_cex_intervention,indonesia,USDC
240,0.7956954059771113,140007605130.8256,13,S4_twin_shock_cex_intervention,indonesia,USDC
241,0.7995452774951958,136507415001.88983,13,S4_twin_shock_cex_intervention,indonesia,USDC
242,0.796135481931822,133094729626.3023,13,S4_twin_shock_cex_intervention,indonesia,USDC
243,0.8066749925209037,129767361385.1745,13,S4_twin_shock_cex_intervention,indonesia,USDC
244,0.7900175608973756,126523177350.17213,13,S4_twin_shock_cex_intervention,indonesia,USDC
245,0.7904430749023457,123360097916.06842,13,S4_twin_shock_cex_intervention,indonesia,USDC
246,0.7710956327139942,120276095467.88791,13,S4_twin_shock_cex_intervention,indonesia,USDC
247,0.7693047247511205,117269193080.94319,13,S4_twin_shock_cex_intervention,indonesia,USDC
248,0.7685261686275914,114337463253.72318,13,S4_twin_shock_cex_intervention,indonesia,USDC
249,0.7483845466176912,111479026672.2149,13,S4_twin_shock_cex_intervention,indonesia,USDC
250,0.7583843780700897,108692051005.26202,13,S4_twin_shock_cex_intervention,indonesia,USDC
251,0.7881079464619445,105974749730.02396,13,S4_twin_shock_cex_intervention,indonesia,USDC
252,0.7903873345375402,103325380986.7042,13,S4_twin_shock_cex_intervention,indonesia,USDC
253,0.7590958308128701,100742246461.98035,13,S4_twin_shock_cex_intervention,indonesia,USDC
254,0.7407134660457257,98223690300.37509,13,S4_twin_shock_cex_intervention,indonesia,USDC
255,0.7591917610610148,95768098042.8168,13,S4_twin_shock_cex_intervention,indonesia,USDC
256,0.746192639979767,93373895591.71257,13,S4_twin_shock_cex_intervention,indonesia,USDC
257,0.739344727816404,91039548201.89085,13,S4_twin_shock_cex_intervention,indonesia,USDC
258,0.7482510306916129,88763559496.82007,13,S4_twin_shock_cex_intervention,indonesia,USDC
259,0.7476543621663947,86544470509.38298,13,S4_twin_shock_cex_intervention,indonesia,USDC
260,0.7459068934714845,84380858746.63568,13,S4_twin_shock_cex_intervention,indonesia,USDC
261,0.7475089999894781,82271337277.95935,13,S4_twin_shock_cex_intervention,indonesia,USDC
262,0.7891753701747064,80214553846.0025,13,S4_twin_shock_cex_intervention,indonesia,USDC
263,0.8159255616748957,78209189999.84726,13,S4_twin_shock_cex_intervention,indonesia,USDC
264,0.812454580921875,76253960249.84763,13,S4_twin_shock_cex_intervention,indonesia,USDC
265,0.8250287343765326,74347611243.59851,13,S4_twin_shock_cex_intervention,indonesia,USDC
266,0.844644844329116,72488920962.50627,13,S4_twin_shock_cex_intervention,indonesia,USDC
267,0.8262971816019548,70676697938.44185,13,S4_twin_shock_cex_intervention,indonesia,USDC
268,0.8100141818242761,68909780489.97903,13,S4_twin_shock_cex_intervention,indonesia,USDC
269,0.8249399992985927,67187035977.72795,13,S4_twin_shock_cex_intervention,indonesia,USDC
270,0.7833539578651263,65507360078.28351,13,S4_twin_shock_cex_intervention,indonesia,USDC
271,0.7751097573581888,63869676076.325,13,S4_twin_shock_cex_intervention,indonesia,USDC
272,0.78298595268834,62272934174.41571,13,S4_twin_shock_cex_intervention,indonesia,USDC
273,0.7595281340813698,60716110820.054405,13,S4_twin_shock_cex_intervention,indonesia,USDC
274,0.7748619161668577,59198208049.55216,13,S4_twin_shock_cex_intervention,indonesia,USDC
275,0.758350619402083,57718252848.31272,13,S4_twin_shock_cex_intervention,indonesia,USDC
276,0.7688218266084391,56275296527.10437,13,S4_twin_shock_cex_intervention,indonesia,USDC
277,0.780174509221202,54868414113.92635,13,S4_twin_shock_cex_intervention,indonesia,USDC
278,0.7672054434061217,53496703761.077896,13,S4_twin_shock_cex_intervention,indonesia,USDC
279,0.747506603973889,52159286167.05067,13,S4_twin_shock_cex_intervention,indonesia,USDC
280,0.7603271547993578,50855304012.874176,13,S4_twin_shock_cex_intervention,indonesia,USDC
281,0.7894192913485281,49583921412.55216,13,S4_twin_shock_cex_intervention,indonesia,USDC
282,0.7804236061625228,48344323377.23824,13,S4_twin_shock_cex_intervention,indonesia,USDC
283,0.7577759635925965,47135715292.80719,13,S4_twin_shock_cex_intervention,indonesia,USDC
284,0.7629146160075279,45957322410.486916,13,S4_twin_shock_cex_intervention,indonesia,USDC
285,0.7476483488504607,44808389350.22467,13,S4_twin_shock_cex_intervention,indonesia,USDC
286,0.764163129113334,43688179616.468994,13,S4_twin_shock_cex_intervention,indonesia,USDC
287,0.7535029843532378,42595975126.05723,13,S4_twin_shock_cex_intervention,indonesia,USDC
288,0.7627751362824818,41531075747.90576,13,S4_twin_shock_cex_intervention,indonesia,USDC
289,0.78839042414151,40492798854.20809,13,S4_twin_shock_cex_intervention,indonesia,USDC
290,0.784729289640342,39480478882.852875,13,S4_twin_shock_cex_intervention,indonesia,USDC
291,0.7907506511596725,38493466910.78154,13,S4_twin_shock_cex_intervention,indonesia,USDC
292,0.83244882843887,37531130238.011986,13,S4_twin_shock_cex_intervention,indonesia,USDC
293,0.8339358933446375,36592851982.061676,13,S4_twin_shock_cex_intervention,indonesia,USDC
294,0.8344224952550175,35678030682.51013,13,S4_twin_shock_cex_intervention,indonesia,USDC
295,0.8267738561388991,34786079915.44737,13,S4_twin_shock_cex_intervention,indonesia,USDC
296,0.8125192318641471,33916427917.561188,13,S4_twin_shock_cex_intervention,indonesia,USDC
297,0.8257565861539252,33068517219.62215,13,S4_twin_shock_cex_intervention,indonesia,USDC
298,0.8018013612177721,32241804289.13159,13,S4_twin_shock_cex_intervention,indonesia,USDC
299,0.8175698799094157,31435759181.903297,13,S4_twin_shock_cex_intervention,indonesia,USDC
300,0.8308494889682702,30649865202.355705,13,S4_twin_shock_cex_intervention,indonesia,USDC
301,0.829159285817646,29883618572.296814,13,S4_twin_shock_cex_intervention,indonesia,USDC
302,0.8288600817892308,29136528107.989395,13,S4_twin_shock_cex_intervention,indonesia,USDC
303,0.8191799546022669,28408114905.289658,13,S4_twin_shock_cex_intervention,indonesia,USDC
304,0.827371139921967,27697912032.657417,13,S4_twin_shock_cex_intervention,indonesia,USDC
305,0.8231745032661669,27005464231.840984,13,S4_twin_shock_cex_intervention,indonesia,USDC
306,0.8261729666834247,26330327626.04496,13,S4_twin_shock_cex_intervention,indonesia,USDC
307,0.8022650562302492,25672069435.393837,13,S4_twin_shock_cex_intervention,indonesia,USDC
308,0.7777658109888377,25030267699.50899,13,S4_twin_shock_cex_intervention,indonesia,USDC
309,0.7804810349263838,24404511007.021267,13,S4_twin_shock_cex_intervention,indonesia,USDC
310,0.78207196708596,23794398231.845734,13,S4_twin_shock_cex_intervention,indonesia,USDC
311,0.7774676266971883,23199538276.04959,13,S4_twin_shock_cex_intervention,indonesia,USDC
312,0.755275819723235,22619549819.148354,13,S4_twin_shock_cex_intervention,indonesia,USDC
313,0.7717012663961537,22054061073.669643,13,S4_twin_shock_cex_intervention,indonesia,USDC
314,0.7799115322489228,21502709546.8279,13,S4_twin_shock_cex_intervention,indonesia,USDC
315,0.7731231546029601,20965141808.157204,13,S4_twin_shock_cex_intervention,indonesia,USDC
316,0.7586055745314946,20441013262.953274,13,S4_twin_shock_cex_intervention,indonesia,USDC
317,0.7723110392246071,19929987931.37944,13,S4_twin_shock_cex_intervention,indonesia,USDC
318,0.7723090971165582,19431738233.094955,13,S4_twin_shock_cex_intervention,indonesia,USDC
319,0.7959923486735324,18945944777.267582,13,S4_twin_shock_cex_intervention,indonesia,USDC
320,0.8000047028827769,18472296157.83589,13,S4_twin_shock_cex_intervention,indonesia,USDC
321,0.7970313605153493,18010488753.88999,13,S4_twin_shock_cex_intervention,indonesia,USDC
322,0.7758077029357348,17560226535.042747,13,S4_twin_shock_cex_intervention,indonesia,USDC
323,0.7822399513048371,17121220871.666676,13,S4_twin_shock_cex_intervention,indonesia,USDC
324,0.7822392286434965,16693190349.87501,13,S4_twin_shock_cex_intervention,indonesia,USDC
325,0.7949019892896548,16275860591.128134,13,S4_twin_shock_cex_intervention,indonesia,USDC
326,0.8051943057698505,15868964076.34993,13,S4_twin_shock_cex_intervention,indonesia,USDC
327,0.7947909947855767,15472239974.441181,13,S4_twin_shock_cex_intervention,indonesia,USDC
328,0.7878100090573927,15085433975.080153,13,S4_twin_shock_cex_intervention,indonesia,USDC
329,0.7844971709786804,14708298125.703152,13,S4_twin_shock_cex_intervention,indonesia,USDC
330,0.8026085639343241,14340590672.56057,13,S4_twin_shock_cex_intervention,indonesia,USDC
331,0.8055100400860805,13982075905.746555,13,S4_twin_shock_cex_intervention,indonesia,USDC
332,0.8003287275987107,13632524008.102894,13,S4_twin_shock_cex_intervention,indonesia,USDC
333,0.808991131416454,13291710907.90032,13,S4_twin_shock_cex_intervention,indonesia,USDC
334,0.8314631204418717,12959418135.202812,13,S4_twin_shock_cex_intervention,indonesia,USDC
335,0.8381002507025553,12635432681.822742,13,S4_twin_shock_cex_intervention,indonesia,USDC
336,0.8197657993660462,12319546864.777172,13,S4_twin_shock_cex_intervention,indonesia,USDC
337,0.801980625135075,12011558193.157743,13,S4_twin_shock_cex_intervention,indonesia,USDC
338,0.7783898128925907,11711269238.3288,13,S4_twin_shock_cex_intervention,indonesia,USDC
339,0.8050044790861853,11418487507.37058,13,S4_twin_shock_cex_intervention,indonesia,USDC
340,0.7038876003264046,11133025319.686316,13,S4_twin_shock_cex_intervention,indonesia,USDC
341,0.7259140426233804,10854699686.694157,13,S4_twin_shock_cex_intervention,indonesia,USDC
342,0.7202318191007289,10583332194.526804,13,S4_twin_shock_cex_intervention,indonesia,USDC
343,0.7422160098533945,10318748889.663635,13,S4_twin_shock_cex_intervention,indonesia,USDC
344,0.746618611962798,10060780167.422043,13,S4_twin_shock_cex_intervention,indonesia,USDC
345,0.7591972884535025,9809260663.236492,13,S4_twin_shock_cex_intervention,indonesia,USDC
346,0.7483900263302464,9564029146.65558,13,S4_twin_shock_cex_intervention,indonesia,USDC
347,0.7252030013717643,9324928417.989191,13,S4_twin_shock_cex_intervention,indonesia,USDC
348,0.7291542944946205,9091805207.539461,13,S4_twin_shock_cex_intervention,indonesia,USDC
349,0.7551402495170182,8864510077.350975,13,S4_twin_shock_cex_intervention,indonesia,USDC
350,0.7466113282145189,8642897325.4172,13,S4_twin_shock_cex_intervention,indonesia,USDC
351,0.7549924671511516,8426824892.28177,13,S4_twin_shock_cex_intervention,indonesia,USDC
352,0.7758634662611997,8216154269.974726,13,S4_twin_shock_cex_intervention,indonesia,USDC
353,0.7975473765123733,8010750413.225358,13,S4_twin_shock_cex_intervention,indonesia,USDC
354,0.7832238577703456,7810481652.894724,13,S4_twin_shock_cex_intervention,indonesia,USDC
355,0.7787792302333545,7615219611.572356,13,S4_twin_shock_cex_intervention,indonesia,USDC
356,0.7636506783284006,7424839121.283047,13,S4_twin_shock_cex_intervention,indonesia,USDC
357,0.7715192405205306,7239218143.250971,13,S4_twin_shock_cex_intervention,indonesia,USDC
358,0.7979775168076277,7058237689.669697,13,S4_twin_shock_cex_intervention,indonesia,USDC
359,0.8181049666367658,6881781747.427955,13,S4_twin_shock_cex_intervention,indonesia,USDC
360,0.813551244499354,6709737203.742256,13,S4_twin_shock_cex_intervention,indonesia,USDC
361,0.8269520838747147,6541993773.648699,13,S4_twin_shock_cex_intervention,indonesia,USDC
362,0.7839431025402751,6378443929.307483,13,S4_twin_shock_cex_intervention,indonesia,USDC
363,0.7985613765611447,6218982831.074795,13,S4_twin_shock_cex_intervention,indonesia,USDC
364,0.7968068410067608,6063508260.297926,13,S4_twin_shock_cex_intervention,indonesia,USDC
365,0.7942104563641044,5911920553.790478,13,S4_twin_shock_cex_intervention,indonesia,USDC
366,0.8086452147162114,5764122539.945715,13,S4_twin_shock_cex_intervention,indonesia,USDC
367,0.79840713966556,5620019476.447073,13,S4_twin_shock_cex_intervention,indonesia,USDC
368,0.8160421819864343,5479518989.535895,13,S4_twin_shock_cex_intervention,indonesia,USDC
369,0.8144428892722414,5342531014.797498,13,S4_twin_shock_cex_intervention,indonesia,USDC
370,0.8181826612255932,5208967739.42756,13,S4_twin_shock_cex_intervention,indonesia,USDC
371,0.8050579599885271,5078743545.941872,13,S4_twin_shock_cex_intervention,indonesia,USDC
372,0.7969904023967136,4951774957.293324,13,S4_twin_shock_cex_intervention,indonesia,USDC
373,0.7902399314107839,4827980583.360992,13,S4_twin_shock_cex_intervention,indonesia,USDC
374,0.7810607231325674,4707281068.776967,13,S4_twin_shock_cex_intervention,indonesia,USDC
375,0.7774104330903955,4589599042.057543,13,S4_twin_shock_cex_intervention,indonesia,USDC
376,0.8085610700717275,4474859066.006104,13,S4_twin_shock_cex_intervention,indonesia,USDC
377,0.8160158580892181,4362987589.355952,13,S4_twin_shock_cex_intervention,indonesia,USDC
378,0.8222810703722058,4253912899.622053,13,S4_twin_shock_cex_intervention,indonesia,USDC
379,0.8417171607863315,4147565077.1315017,13,S4_twin_shock_cex_intervention,indonesia,USDC
380,0.8356277969795769,4043875950.203214,13,S4_twin_shock_cex_intervention,indonesia,USDC
381,0.8390813123373273,3942779051.4481335,13,S4_twin_shock_cex_intervention,indonesia,USDC
382,0.8243808404126913,3844209575.16193,13,S4_twin_shock_cex_intervention,indonesia,USDC
383,0.8289498515549378,3748104335.7828817,13,S4_twin_shock_cex_intervention,indonesia,USDC
384,0.8488995308637698,3654401727.3883095,13,S4_twin_shock_cex_intervention,indonesia,USDC
385,0.8376961215488605,3563041684.203602,13,S4_twin_shock_cex_intervention,indonesia,USDC
386,0.8205636208371333,3473965642.0985117,13,S4_twin_shock_cex_intervention,indonesia,USDC
387,0.8324828924622235,3387116501.046049,13,S4_twin_shock_cex_intervention,indonesia,USDC
388,0.8199140247595822,3302438588.519898,13,S4_twin_shock_cex_intervention,indonesia,USDC
389,0.8138605281902903,3219877623.8069005,13,S4_twin_shock_cex_intervention,indonesia,USDC
390,0.8018006286880335,3139380683.211728,13,S4_twin_shock_cex_intervention,indonesia,USDC
391,0.8260211725022207,3060896166.1314344,13,S4_twin_shock_cex_intervention,indonesia,USDC
392,0.8414040612183078,2984373761.978149,13,S4_twin_shock_cex_intervention,indonesia,USDC
393,0.8329966206251078,2909764417.9286947,13,S4_twin_shock_cex_intervention,indonesia,USDC
394,0.8168002897669426,2837020307.480478,13,S4_twin_shock_cex_intervention,indonesia,USDC
395,0.8088916696630327,2766094799.7934656,13,S4_twin_shock_cex_intervention,indonesia,USDC
396,0.8143971683051098,2696942429.798629,13,S4_twin_shock_cex_intervention,indonesia,USDC
397,0.8105244131507525,2629518869.0536633,13,S4_twin_shock_cex_intervention,indonesia,USDC
398,0.8074742444443072,2563780897.327322,13,S4_twin_shock_cex_intervention,indonesia,USDC
399,0.8074744428644254,2499686374.894139,13,S4_twin_shock_cex_intervention,indonesia,USDC
400,0.8146849717400589,2437194215.5217853,13,S4_twin_shock_cex_intervention,indonesia,USDC
401,0.8028406592572558,2376264360.133741,13,S4_twin_shock_cex_intervention,indonesia,USDC
402,0.7912914074518733,2316857751.1303973,13,S4_twin_shock_cex_intervention,indonesia,USDC
403,0.8379495913226797,2258936307.3521376,13,S4_twin_shock_cex_intervention,indonesia,USDC
404,0.84078513211699,2202462899.668334,13,S4_twin_shock_cex_intervention,indonesia,USDC
405,0.8222537004335495,2147401327.1766257,13,S4_twin_shock_cex_intervention,indonesia,USDC
406,0.8147279997661065,2093716293.99721,13,S4_twin_shock_cex_intervention,indonesia,USDC
407,0.8250417048531347,2041373386.6472795,13,S4_twin_shock_cex_intervention,indonesia,USDC
408,0.8405097828343091,1990339051.9810977,13,S4_twin_shock_cex_intervention,indonesia,USDC
409,0.829155549738092,1940580575.68157,13,S4_twin_shock_cex_intervention,indonesia,USDC
410,0.8212141023637574,1892066061.289531,13,S4_twin_shock_cex_intervention,indonesia,USDC
411,0.8359993881543741,1844764409.7572927,13,S4_twin_shock_cex_intervention,indonesia,USDC
412,0.8666953874606618,1798645299.51336,13,S4_twin_shock_cex_intervention,indonesia,USDC
413,0.8457501239540307,1753679167.0255263,13,S4_twin_shock_cex_intervention,indonesia,USDC
414,0.842801942446021,1709837187.849888,13,S4_twin_shock_cex_intervention,indonesia,USDC
415,0.8516320974483055,1667091258.1536407,13,S4_twin_shock_cex_intervention,indonesia,USDC
416,0.8553419222875517,1625413976.6998,13,S4_twin_shock_cex_intervention,indonesia,USDC
417,0.8408481988471757,1584778627.2823048,13,S4_twin_shock_cex_intervention,indonesia,USDC
418,0.8586536263289212,1545159161.6002474,13,S4_twin_shock_cex_intervention,indonesia,USDC
419,0.8721316366335766,1506530182.5602412,13,S4_twin_shock_cex_intervention,indonesia,USDC
420,0.8679415454131949,1468866927.996235,13,S4_twin_shock_cex_intervention,indonesia,USDC
421,0.8694935261121866,1432145254.7963293,13,S4_twin_shock_cex_intervention,indonesia,USDC
422,0.8526234571621712,1396341623.426421,13,S4_twin_shock_cex_intervention,indonesia,USDC
423,0.8336770031814498,1361433082.8407602,13,S4_twin_shock_cex_intervention,indonesia,USDC
424,0.879095093769217,1327397255.7697415,13,S4_twin_shock_cex_intervention,indonesia,USDC
425,0.8719431337316577,1294212324.3754978,13,S4_twin_shock_cex_intervention,indonesia,USDC
426,0.8869448385710303,1261857016.2661104,13,S4_twin_shock_cex_intervention,indonesia,USDC
427,0.8687154803693176,1230310590.8594577,13,S4_twin_shock_cex_intervention,indonesia,USDC
428,0.8547754261564026,1199552826.0879712,13,S4_twin_shock_cex_intervention,indonesia,USDC
429,0.8690209702429864,1169564005.435772,13,S4_twin_shock_cex_intervention,indonesia,USDC
430,0.8390423525268105,1140324905.2998776,13,S4_twin_shock_cex_intervention,indonesia,USDC
431,0.8515699803603103,1111816782.6673806,13,S4_twin_shock_cex_intervention,indonesia,USDC
432,0.8358151970358887,1084021363.100696,13,S4_twin_shock_cex_intervention,indonesia,USDC
433,0.8373237354084786,1056920829.0231787,13,S4_twin_shock_cex_intervention,indonesia,USDC
434,0.8240452953459545,1030497808.2975992,13,S4_twin_shock_cex_intervention,indonesia,USDC
435,0.819003643708494,1004735363.0901592,13,S4_twin_shock_cex_intervention,indonesia,USDC
436,0.8227640508857709,979616979.0129052,13,S4_twin_shock_cex_intervention,indonesia,USDC
437,0.8144205061068828,955126554.5375826,13,S4_twin_shock_cex_intervention,indonesia,USDC
438,0.8142943444297063,931248390.6741428,13,S4_twin_shock_cex_intervention,indonesia,USDC
439,0.8245975393150299,907967180.9072895,13,S4_twin_shock_cex_intervention,indonesia,USDC
440,0.8219009758269388,885268001.3846073,13,S4_twin_shock_cex_intervention,indonesia,USDC
441,0.8001574604711644,863136301.3499919,13,S4_twin_shock_cex_intervention,indonesia,USDC
442,0.7775767251220528,841557893.8162422,13,S4_twin_shock_cex_intervention,indonesia,USDC
443,0.7741154971492344,820518946.4708362,13,S4_twin_shock_cex_intervention,indonesia,USDC
444,0.7769207260981568,800005972.8090652,13,S4_twin_shock_cex_intervention,indonesia,USDC
445,0.7720276953866971,780005823.4888386,13,S4_twin_shock_cex_intervention,indonesia,USDC
446,0.7703902460978558,760505677.9016176,13,S4_twin_shock_cex_intervention,indonesia,USDC
447,0.7593471006740141,741493035.9540772,13,S4_twin_shock_cex_intervention,indonesia,USDC
448,0.7524036685080264,722955710.0552251,13,S4_twin_shock_cex_intervention,indonesia,USDC
449,0.7570756969221706,704881817.3038446,13,S4_twin_shock_cex_intervention,indonesia,USDC
450,0.7740926289032563,687259771.8712485,13,S4_twin_shock_cex_intervention,indonesia,USDC
451,0.8036680099115691,670078277.5744673,13,S4_twin_shock_cex_intervention,indonesia,USDC
452,0.766273490969162,653326320.6351056,13,S4_twin_shock_cex_intervention,indonesia,USDC
453,0.7988587354106438,636993162.6192279,13,S4_twin_shock_cex_intervention,indonesia,USDC
454,0.8306597810638747,621068333.5537472,13,S4_twin_shock_cex_intervention,indonesia,USDC
455,0.853786429458578,605541625.2149036,13,S4_twin_shock_cex_intervention,indonesia,USDC
456,0.8627672471004749,590403084.584531,13,S4_twin_shock_cex_intervention,indonesia,USDC
457,0.8522930681634329,575643007.4699178,13,S4_twin_shock_cex_intervention,indonesia,USDC
458,0.8492019961941366,561251932.2831697,13,S4_twin_shock_cex_intervention,indonesia,USDC
459,0.8508316837472585,547220633.9760906,13,S4_twin_shock_cex_intervention,indonesia,USDC
460,0.8256443808812906,533540118.12668824,13,S4_twin_shock_cex_intervention,indonesia,USDC
461,0.8281710972436669,520201615.17352104,13,S4_twin_shock_cex_intervention,indonesia,USDC
462,0.8153111254997811,507196574.794183,13,S4_twin_shock_cex_intervention,indonesia,USDC
463,0.8023459750970134,494516660.42432845,13,S4_twin_shock_cex_intervention,indonesia,USDC
464,0.7987952658988432,482153743.91372025,13,S4_twin_shock_cex_intervention,indonesia,USDC
465,0.7676515175491853,470099900.3158772,13,S4_twin_shock_cex_intervention,indonesia,USDC
466,0.753238556678081,458347402.8079803,13,S4_twin_shock_cex_intervention,indonesia,USDC
467,0.77096535954113,446888717.73778075,13,S4_twin_shock_cex_intervention,indonesia,USDC
468,0.7896068170154578,435716499.79433626,13,S4_twin_shock_cex_intervention,indonesia,USDC
469,0.7817124310462693,424823587.2994778,13,S4_twin_shock_cex_intervention,indonesia,USDC
470,0.7932524727087148,414202997.6169909,13,S4_twin_shock_cex_intervention,indonesia,USDC
471,0.7846232499141546,403847922.6765661,13,S4_twin_shock_cex_intervention,indonesia,USDC
472,0.7906307113854265,393751724.6096519,13,S4_twin_shock_cex_intervention,indonesia,USDC
473,0.7901281703223191,383907931.49441063,13,S4_twin_shock_cex_intervention,indonesia,USDC
474,0.7820949098697051,374310233.2070503,13,S4_twin_shock_cex_intervention,indonesia,USDC
475,0.7688853342403745,364952477.3768741,13,S4_twin_shock_cex_intervention,indonesia,USDC
476,0.7516894093847203,355828665.4424522,13,S4_twin_shock_cex_intervention,indonesia,USDC
477,0.7617504099587424,346932948.80639094,13,S4_twin_shock_cex_intervention,indonesia,USDC
478,0.7428658289360952,338259625.0862312,13,S4_twin_shock_cex_intervention,indonesia,USDC
479,0.7678261224030914,329803134.4590754,13,S4_twin_shock_cex_intervention,indonesia,USDC
480,0.7597137756894726,321558056.0975985,13,S4_twin_shock_cex_intervention,indonesia,USDC
481,0.7882097347703202,313519104.69515854,13,S4_twin_shock_cex_intervention,indonesia,USDC
482,0.7896069167790487,305681127.07777953,13,S4_twin_shock_cex_intervention,indonesia,USDC
483,0.7935656320425597,298039098.90083504,13,S4_twin_shock_cex_intervention,indonesia,USDC
484,0.8063009842299459,290588121.4283142,13,S4_twin_shock_cex_intervention,indonesia,USDC
485,0.8038024256216393,283323418.3926064,13,S4_twin_shock_cex_intervention,indonesia,USDC
486,0.8023383996825817,276240332.93279123,13,S4_twin_shock_cex_intervention,indonesia,USDC
487,0.8087837919929872,269334324.60947144,13,S4_twin_shock_cex_intervention,indonesia,USDC
488,0.7970828884669042,262600966.49423462,13,S4_twin_shock_cex_intervention,indonesia,USDC
489,0.8070079485294762,256035942.33187875,13,S4_twin_shock_cex_intervention,indonesia,USDC
490,0.7939083659324653,249635043.7735818,13,S4_twin_shock_cex_intervention,indonesia,USDC
491,0.7956016395668815,243394167.67924225,13,S4_twin_shock_cex_intervention,indonesia,USDC
492,0.8057667823273356,237309313.4872612,13,S4_twin_shock_cex_intervention,indonesia,USDC
493,0.7759857982147071,231376580.65007967,13,S4_twin_shock_cex_intervention,indonesia,USDC
494,0.749503051355968,225592166.1338277,13,S4_twin_shock_cex_intervention,indonesia,USDC
495,0.7531177820161963,219952361.98048198,13,S4_twin_shock_cex_intervention,indonesia,USDC
496,0.7428933826204839,214453552.93096995,13,S4_twin_shock_cex_intervention,indonesia,USDC
497,0.760909355778819,209092214.1076957,13,S4_twin_shock_cex_intervention,indonesia,USDC
498,0.7899630985523132,203864908.7550033,13,S4_twin_shock_cex_intervention,indonesia,USDC
499,0.7983658616898686,198768286.03612822,13,S4_twin_shock_cex_intervention,indonesia,USDC
500,0.8075245300648812,193799078.885225,13,S4_twin_shock_cex_intervention,indonesia,USDC
501,0.8077463863240087,188954101.9130944,13,S4_twin_shock_cex_intervention,indonesia,USDC
502,0.796288259144363,184230249.36526704,13,S4_twin_shock_cex_intervention,indonesia,USDC
503,0.7943765800306678,179624493.13113534,13,S4_twin_shock_cex_intervention,indonesia,USDC
504,0.8049304555008822,175133880.80285698,13,S4_twin_shock_cex_intervention,indonesia,USDC
505,0.800280874801781,170755533.78278553,13,S4_twin_shock_cex_intervention,indonesia,USDC
506,0.7986983424290797,166486645.4382159,13,S4_twin_shock_cex_intervention,indonesia,USDC
507,0.785024891625105,162324479.30226052,13,S4_twin_shock_cex_intervention,indonesia,USDC
508,0.7828785113793719,158266367.319704,13,S4_twin_shock_cex_intervention,indonesia,USDC
509,0.7930802852684913,154309708.13671142,13,S4_twin_shock_cex_intervention,indonesia,USDC
510,0.7761864901358992,150451965.4332936,13,S4_twin_shock_cex_intervention,indonesia,USDC
511,0.7535541985327682,146690666.29746127,13,S4_twin_shock_cex_intervention,indonesia,USDC
512,0.768309867172738,143023399.64002475,13,S4_twin_shock_cex_intervention,indonesia,USDC
513,0.7671649687711878,139447814.64902413,13,S4_twin_shock_cex_intervention,indonesia,USDC
514,0.7661046756701335,135961619.28279853,13,S4_twin_shock_cex_intervention,indonesia,USDC
515,0.7637448762413552,132562578.80072856,13,S4_twin_shock_cex_intervention,indonesia,USDC
516,0.772021814575608,129248514.33071034,13,S4_twin_shock_cex_intervention,indonesia,USDC
517,0.7845879569155256,126017301.4724426,13,S4_twin_shock_cex_intervention,indonesia,USDC
518,0.7926962376466219,122866868.93563151,13,S4_twin_shock_cex_intervention,indonesia,USDC
519,0.8068770182710349,119795197.21224073,13,S4_twin_shock_cex_intervention,indonesia,USDC
520,0.7989326036537898,116800317.28193471,13,S4_twin_shock_cex_intervention,indonesia,USDC
521,0.8109647567969887,113880309.34988633,13,S4_twin_shock_cex_intervention,indonesia,USDC
522,0.8083001139759649,111033301.6161392,13,S4_twin_shock_cex_intervention,indonesia,USDC
523,0.7950215854643158,108257469.07573572,13,S4_twin_shock_cex_intervention,indonesia,USDC
524,0.7909024094761746,105551032.34884231,13,S4_twin_shock_cex_intervention,indonesia,USDC
525,0.7925281491100704,102912256.54012126,13,S4_twin_shock_cex_intervention,indonesia,USDC
526,0.7802111732585129,100339450.12661822,13,S4_twin_shock_cex_intervention,indonesia,USDC
527,0.8079331957436546,97830963.87345277,13,S4_twin_shock_cex_intervention,indonesia,USDC
528,0.7956575703472993,95385189.77661645,13,S4_twin_shock_cex_intervention,indonesia,USDC
529,0.7787522520668817,93000560.03220104,13,S4_twin_shock_cex_intervention,indonesia,USDC
530,0.7763264741763651,90675546.031396,13,S4_twin_shock_cex_intervention,indonesia,USDC
531,0.7861202333504912,88408657.38061112,13,S4_twin_shock_cex_intervention,indonesia,USDC
532,0.7857746117440335,86198440.94609584,13,S4_twin_shock_cex_intervention,indonesia,USDC
533,0.8027650572659207,84043479.92244345,13,S4_twin_shock_cex_intervention,indonesia,USDC
534,0.7962191023146178,81942392.92438236,13,S4_twin_shock_cex_intervention,indonesia,USDC
535,0.791227533668856,79893833.1012728,13,S4_twin_shock_cex_intervention,indonesia,USDC
536,0.7909214476561356,77896487.27374098,13,S4_twin_shock_cex_intervention,indonesia,USDC
537,0.7858780126645418,75949075.09189746,13,S4_twin_shock_cex_intervention,indonesia,USDC
538,0.7883230248915669,74050348.21460001,13,S4_twin_shock_cex_intervention,indonesia,USDC
539,0.7829155160259558,72199089.50923502,13,S4_twin_shock_cex_intervention,indonesia,USDC
540,0.7888582780504767,70394112.27150413,13,S4_twin_shock_cex_intervention,indonesia,USDC
541,0.7885660534906225,68634259.46471654,13,S4_twin_shock_cex_intervention,indonesia,USDC
542,0.8129546498168656,66918402.978098616,13,S4_twin_shock_cex_intervention,indonesia,USDC
543,0.8390079352032735,65245442.903646156,13,S4_twin_shock_cex_intervention,indonesia,USDC
544,0.8465402187014752,63614306.831055,13,S4_twin_shock_cex_intervention,indonesia,USDC
545,0.8264921017295535,62023949.16027862,13,S4_twin_shock_cex_intervention,indonesia,USDC
546,0.8031317663587121,60473350.43127166,13,S4_twin_shock_cex_intervention,indonesia,USDC
547,0.8136437461447531,58961516.67048986,13,S4_twin_shock_cex_intervention,indonesia,USDC
548,0.822578138490415,57487478.75372762,13,S4_twin_shock_cex_intervention,indonesia,USDC
549,0.8221928322176191,56050291.78488443,13,S4_twin_shock_cex_intervention,indonesia,USDC
550,0.8475912889649009,54649034.490262315,13,S4_twin_shock_cex_intervention,indonesia,USDC
551,0.8291276170704743,53282808.62800576,13,S4_twin_shock_cex_intervention,indonesia,USDC
552,0.8033601349219371,51950738.41230562,13,S4_twin_shock_cex_intervention,indonesia,USDC
553,0.7940806925739564,50651969.95199797,13,S4_twin_shock_cex_intervention,indonesia,USDC
554,0.7800549522842836,49385670.70319803,13,S4_twin_shock_cex_intervention,indonesia,USDC
555,0.7902035833071415,48151028.93561808,13,S4_twin_shock_cex_intervention,indonesia,USDC
556,0.7865988469735373,46947253.21222763,13,S4_twin_shock_cex_intervention,indonesia,USDC
557,0.7679039139790489,45773571.88192194,13,S4_twin_shock_cex_intervention,indonesia,USDC
558,0.7713769914020319,44629232.584873885,13,S4_twin_shock_cex_intervention,indonesia,USDC
559,0.7742691333342598,43513501.77025204,13,S4_twin_shock_cex_intervention,indonesia,USDC
560,0.767026087229471,42425664.22599574,13,S4_twin_shock_cex_intervention,indonesia,USDC
561,0.7719595002256195,41365022.620345846,13,S4_twin_shock_cex_intervention,indonesia,USDC
562,0.7742644908458871,40330897.0548372,13,S4_twin_shock_cex_intervention,indonesia,USDC
563,0.769493080704632,39322624.62846627,13,S4_twin_shock_cex_intervention,indonesia,USDC
564,0.7736294216065241,38339559.01275461,13,S4_twin_shock_cex_intervention,indonesia,USDC
565,0.7611915529688505,37381070.03743575,13,S4_twin_shock_cex_intervention,indonesia,USDC
566,0.7725025623530296,36446543.28649986,13,S4_twin_shock_cex_intervention,indonesia,USDC
567,0.7757011839863773,35535379.70433736,13,S4_twin_shock_cex_intervention,indonesia,USDC
568,0.8064211388574051,34646995.21172893,13,S4_twin_shock_cex_intervention,indonesia,USDC
569,0.8007596692522908,33780820.3314357,13,S4_twin_shock_cex_intervention,indonesia,USDC
570,0.8048044061770884,32936299.823149808,13,S4_twin_shock_cex_intervention,indonesia,USDC
571,0.7995057271206676,32112892.327571064,13,S4_twin_shock_cex_intervention,indonesia,USDC
572,0.8050389609217158,31310070.019381788,13,S4_twin_shock_cex_intervention,indonesia,USDC
573,0.7906595639960735,30527318.268897247,13,S4_twin_shock_cex_intervention,indonesia,USDC
574,0.8060734589309199,29764135.312174812,13,S4_twin_shock_cex_intervention,indonesia,USDC
575,0.8030653125596292,29020031.929370444,13,S4_twin_shock_cex_intervention,indonesia,USDC
576,0.7930811423777407,28294531.13113618,13,S4_twin_shock_cex_intervention,indonesia,USDC
577,0.7962033629063618,27587167.852857776,13,S4_twin_shock_cex_intervention,indonesia,USDC
578,0.8072368785272586,26897488.656536333,13,S4_twin_shock_cex_intervention,indonesia,USDC
579,0.800306490157992,26225051.440122925,13,S4_twin_shock_cex_intervention,indonesia,USDC
580,0.8175754102338573,25569425.15411985,13,S4_twin_shock_cex_intervention,indonesia,USDC
581,0.8316942021664494,24930189.525266852,13,S4_twin_shock_cex_intervention,indonesia,USDC
582,0.830222417343089,24306934.787135184,13,S4_twin_shock_cex_intervention,indonesia,USDC
583,0.8337482571884514,23699261.417456802,13,S4_twin_shock_cex_intervention,indonesia,USDC
584,0.812796949132777,23106779.88202038,13,S4_twin_shock_cex_intervention,indonesia,USDC
585,0.8116551111201681,22529110.38496987,13,S4_twin_shock_cex_intervention,indonesia,USDC
586,0.8090481772229299,21965882.625345625,13,S4_twin_shock_cex_intervention,indonesia,USDC
587,0.8100644795083667,21416735.55971198,13,S4_twin_shock_cex_intervention,indonesia,USDC
588,0.7938968971449006,20881317.170719184,13,S4_twin_shock_cex_intervention,indonesia,USDC
589,0.7929141247487503,20359284.241451204,13,S4_twin_shock_cex_intervention,indonesia,USDC
590,0.7941272310914826,19850302.135414924,13,S4_twin_shock_cex_intervention,indonesia,USDC
591,0.7811318379398126,19354044.58202955,13,S4_twin_shock_cex_intervention,indonesia,USDC
592,0.8040469417798889,18870193.46747881,13,S4_twin_shock_cex_intervention,indonesia,USDC
593,0.8209522801768188,18398438.630791843,13,S4_twin_shock_cex_intervention,indonesia,USDC
594,0.8183444223474001,17938477.665022045,13,S4_twin_shock_cex_intervention,indonesia,USDC
595,0.8162205370736411,17490015.723396495,13,S4_twin_shock_cex_intervention,indonesia,USDC
596,0.8012862317801286,17052765.33031158,13,S4_twin_shock_cex_intervention,indonesia,USDC
597,0.7690938236979402,16626446.197053792,13,S4_twin_shock_cex_intervention,indonesia,USDC
598,0.771097578015266,16210785.042127449,13,S4_twin_shock_cex_intervention,indonesia,USDC
599,0.7542394834138698,15805515.416074261,13,S4_twin_shock_cex_intervention,indonesia,USDC
600,0.7578580857637751,15410377.530672405,13,S4_twin_shock_cex_intervention,indonesia,USDC
601,0.7590318752762882,15025118.092405597,13,S4_twin_shock_cex_intervention,indonesia,USDC
602,0.774451825958724,14649490.140095457,13,S4_twin_shock_cex_intervention,indonesia,USDC
603,0.7543402993181313,14283252.88659307,13,S4_twin_shock_cex_intervention,indonesia,USDC
604,0.7462053219838087,13926171.564428242,13,S4_twin_shock_cex_intervention,indonesia,USDC
605,0.7493638154871544,13578017.275317535,13,S4_twin_shock_cex_intervention,indonesia,USDC
606,0.7552697811185847,13238566.843434596,13,S4_twin_shock_cex_intervention,indonesia,USDC
607,0.7725723461569748,12907602.672348732,13,S4_twin_shock_cex_intervention,indonesia,USDC
608,0.7641510434426356,12584912.605540015,13,S4_twin_shock_cex_intervention,indonesia,USDC
609,0.7714664374730564,12270289.790401515,13,S4_twin_shock_cex_intervention,indonesia,USDC
610,0.7680514039240326,11963532.545641476,13,S4_twin_shock_cex_intervention,indonesia,USDC
611,0.7643018504181187,11664444.232000438,13,S4_twin_shock_cex_intervention,indonesia,USDC
612,0.7840556489994099,11372833.126200426,13,S4_twin_shock_cex_intervention,indonesia,USDC
613,0.7741321319152669,11088512.298045415,13,S4_twin_shock_cex_intervention,indonesia,USDC
614,0.7827846058474976,10811299.490594283,13,S4_twin_shock_cex_intervention,indonesia,USDC
615,0.7708672251926425,10541017.003329424,13,S4_twin_shock_cex_intervention,indonesia,USDC
616,0.78696021254412,10277491.57824619,13,S4_twin_shock_cex_intervention,indonesia,USDC
617,0.7870157188006659,10020554.288790034,13,S4_twin_shock_cex_intervention,indonesia,USDC
618,0.7898119074626306,9770040.431570284,13,S4_twin_shock_cex_intervention,indonesia,USDC
619,0.7743661406892756,9525789.420781028,13,S4_twin_shock_cex_intervention,indonesia,USDC
620,0.7972829908711623,9287644.685261501,13,S4_twin_shock_cex_intervention,indonesia,USDC
621,0.7953283031064912,9055453.568129964,13,S4_twin_shock_cex_intervention,indonesia,USDC
622,0.8143734884572731,8829067.228926715,13,S4_twin_shock_cex_intervention,indonesia,USDC
623,0.7994641701967362,8608340.548203547,13,S4_twin_shock_cex_intervention,indonesia,USDC
624,0.806469733477341,8393132.034498459,13,S4_twin_shock_cex_intervention,indonesia,USDC
625,0.7845909699119363,8183303.733635997,13,S4_twin_shock_cex_intervention,indonesia,USDC
626,0.7801076822613933,7978721.140295098,13,S4_twin_shock_cex_intervention,indonesia,USDC
627,0.8057382292415499,7779253.11178772,13,S4_twin_shock_cex_intervention,indonesia,USDC
628,0.8111971005235967,7584771.783993027,13,S4_twin_shock_cex_intervention,indonesia,USDC
629,0.8096752950200545,7395152.489393201,13,S4_twin_shock_cex_intervention,indonesia,USDC
630,0.8225753903059558,7210273.677158372,13,S4_twin_shock_cex_intervention,indonesia,USDC
631,0.8021183927594904,7030016.835229413,13,S4_twin_shock_cex_intervention,indonesia,USDC
632,0.8012471175171928,6854266.414348677,13,S4_twin_shock_cex_intervention,indonesia,USDC
633,0.8059034642769672,6682909.753989961,13,S4_twin_shock_cex_intervention,indonesia,USDC
634,0.8104500601984038,6515837.010140212,13,S4_twin_shock_cex_intervention,indonesia,USDC
635,0.805597445196444,6352941.084886707,13,S4_twin_shock_cex_intervention,indonesia,USDC
636,0.7909243960889462,6194117.557764539,13,S4_twin_shock_cex_intervention,indonesia,USDC
637,0.8031018848826006,6039264.618820425,13,S4_twin_shock_cex_intervention,indonesia,USDC
638,0.8069516528851739,5888283.003349915,13,S4_twin_shock_cex_intervention,indonesia,USDC
639,0.8282014397179991,5741075.928266168,13,S4_twin_shock_cex_intervention,indonesia,USDC
640,0.8341754993687707,5597549.030059513,13,S4_twin_shock_cex_intervention,indonesia,USDC
641,0.8269813719352982,5457610.304308025,13,S4_twin_shock_cex_intervention,indonesia,USDC
642,0.8314233393031167,5321170.046700325,13,S4_twin_shock_cex_intervention,indonesia,USDC
643,0.8065416917443041,5188140.795532816,13,S4_twin_shock_cex_intervention,indonesia,USDC
644,0.7874061386351856,5058437.275644495,13,S4_twin_shock_cex_intervention,indonesia,USDC
645,0.7985878540134657,4931976.343753383,13,S4_twin_shock_cex_intervention,indonesia,USDC
646,0.7825014335380577,4808676.935159549,13,S4_twin_shock_cex_intervention,indonesia,USDC
647,0.7928307409218537,4688460.01178056,13,S4_twin_shock_cex_intervention,indonesia,USDC
648,0.8119834189078093,4571248.511486046,13,S4_twin_shock_cex_intervention,indonesia,USDC
649,0.8227183977034974,4456967.298698895,13,S4_twin_shock_cex_intervention,indonesia,USDC
650,0.8283169250426824,4345543.116231422,13,S4_twin_shock_cex_intervention,indonesia,USDC
651,0.8383908777545305,4236904.538325637,13,S4_twin_shock_cex_intervention,indonesia,USDC
652,0.8170191604420788,4130981.924867496,13,S4_twin_shock_cex_intervention,indonesia,USDC
653,0.8141563723731194,4027707.376745808,13,S4_twin_shock_cex_intervention,indonesia,USDC
654,0.8059559755301887,3927014.692327163,13,S4_twin_shock_cex_intervention,indonesia,USDC
655,0.822375111758971,3828839.3250189843,13,S4_twin_shock_cex_intervention,indonesia,USDC
656,0.8284590563868115,3733118.341893509,13,S4_twin_shock_cex_intervention,indonesia,USDC
657,0.8002024081161362,3639790.383346171,13,S4_twin_shock_cex_intervention,indonesia,USDC
658,0.809930091807912,3548795.6237625172,13,S4_twin_shock_cex_intervention,indonesia,USDC
659,0.7981244004677287,3460075.733168454,13,S4_twin_shock_cex_intervention,indonesia,USDC
660,0.7798047706115113,3373573.839839243,13,S4_twin_shock_cex_intervention,indonesia,USDC
661,0.7824030349456215,3289234.493843261,13,S4_twin_shock_cex_intervention,indonesia,USDC
662,0.7860854945660873,3207003.63149718,13,S4_twin_shock_cex_intervention,indonesia,USDC
663,0.7937590410152567,3126828.5407097507,13,S4_twin_shock_cex_intervention,indonesia,USDC
664,0.7965367997836713,3048657.8271920066,13,S4_twin_shock_cex_intervention,indonesia,USDC
665,0.7912615434787208,2972441.3815122065,13,S4_twin_shock_cex_intervention,indonesia,USDC
666,0.7726741368981923,2898130.3469744013,13,S4_twin_shock_cex_intervention,indonesia,USDC
667,0.7503426523293055,2825677.0883000414,13,S4_twin_shock_cex_intervention,indonesia,USDC
668,0.7679917522703926,2755035.1610925402,13,S4_twin_shock_cex_intervention,indonesia,USDC
669,0.7858262129933072,2686159.2820652267,13,S4_twin_shock_cex_intervention,indonesia,USDC
670,0.7839360481913363,2619005.300013596,13,S4_twin_shock_cex_intervention,indonesia,USDC
671,0.7882306464190365,2553530.167513256,13,S4_twin_shock_cex_intervention,indonesia,USDC
672,0.7773723973253148,2489691.9133254252,13,S4_twin_shock_cex_intervention,indonesia,USDC
673,0.7674396734779013,2427449.6154922894,13,S4_twin_shock_cex_intervention,indonesia,USDC
674,0.7683834165759843,2366763.375104982,13,S4_twin_shock_cex_intervention,indonesia,USDC
675,0.7878580040413184,2307594.2907273574,13,S4_twin_shock_cex_intervention,indonesia,USDC
676,0.7716798966884696,2249904.4334591734,13,S4_twin_shock_cex_intervention,indonesia,USDC
677,0.7416958845849956,2193656.822622694,13,S4_twin_shock_cex_intervention,indonesia,USDC
678,0.7451905329005728,2138815.402057127,13,S4_twin_shock_cex_intervention,indonesia,USDC
679,0.7605816978153294,2085345.0170056988,13,S4_twin_shock_cex_intervention,indonesia,USDC
680,0.7562949756882085,2033211.3915805563,13,S4_twin_shock_cex_intervention,indonesia,USDC
681,0.7806050421466796,1982381.1067910423,13,S4_twin_shock_cex_intervention,indonesia,USDC
682,0.769764783142205,1932821.579121266,13,S4_twin_shock_cex_intervention,indonesia,USDC
683,0.7735035047556823,1884501.0396432346,13,S4_twin_shock_cex_intervention,indonesia,USDC
684,0.7653717038206762,1837388.5136521533,13,S4_twin_shock_cex_intervention,indonesia,USDC
685,0.763607468190016,1791453.8008108498,13,S4_twin_shock_cex_intervention,indonesia,USDC
686,0.770062852587217,1746667.4557905784,13,S4_twin_shock_cex_intervention,indonesia,USDC
687,0.7602806043196798,1703000.7693958138,13,S4_twin_shock_cex_intervention,indonesia,USDC
688,0.7667908782447215,1660425.7501609186,13,S4_twin_shock_cex_intervention,indonesia,USDC
689,0.7587524286356446,1618915.1064068954,13,S4_twin_shock_cex_intervention,indonesia,USDC
690,0.767568646128324,1578442.2287467232,13,S4_twin_shock_cex_intervention,indonesia,USDC
691,0.7662822942847499,1538981.173028055,13,S4_twin_shock_cex_intervention,indonesia,USDC
692,0.7696631510401555,1500506.6437023538,13,S4_twin_shock_cex_intervention,indonesia,USDC
693,0.7663435474610574,1462993.9776097946,13,S4_twin_shock_cex_intervention,indonesia,USDC
694,0.7877144373824514,1426419.1281695499,13,S4_twin_shock_cex_intervention,indonesia,USDC
695,0.7699907824245447,1390758.6499653112,13,S4_twin_shock_cex_intervention,indonesia,USDC
696,0.7867159739671417,1355989.6837161784,13,S4_twin_shock_cex_intervention,indonesia,USDC
697,0.7953769371017448,1322089.941623274,13,S4_twin_shock_cex_intervention,indonesia,USDC
698,0.7954941291654182,1289037.693082692,13,S4_twin_shock_cex_intervention,indonesia,USDC
699,0.786833045684776,1256811.7507556248,13,S4_twin_shock_cex_intervention,indonesia,USDC
700,0.7834419532784689,1225391.4569867342,13,S4_twin_shock_cex_intervention,indonesia,USDC
701,0.7814392012305662,1194756.6705620657,13,S4_twin_shock_cex_intervention,indonesia,USDC
702,0.7526475381627278,1164887.753798014,13,S4_twin_shock_cex_intervention,indonesia,USDC
703,0.69494317156263,1135765.5599530637,13,S4_twin_shock_cex_intervention,indonesia,USDC
704,0.6808332199098891,1107371.420954237,13,S4_twin_shock_cex_intervention,indonesia,USDC
705,0.6959566507427364,1079687.1354303812,13,S4_twin_shock_cex_intervention,indonesia,USDC
706,0.6918385452916012,1052694.9570446215,13,S4_twin_shock_cex_intervention,indonesia,USDC
707,0.7069084400592477,1026377.583118506,13,S4_twin_shock_cex_intervention,indonesia,USDC
708,0.7243721518173021,1000718.1435405434,13,S4_twin_shock_cex_intervention,indonesia,USDC
709,0.7614435259873451,975700.1899520298,13,S4_twin_shock_cex_intervention,indonesia,USDC
710,0.7528594755141426,951307.685203229,13,S4_twin_shock_cex_intervention,indonesia,USDC
711,0.7525622036506586,927524.9930731484,13,S4_twin_shock_cex_intervention,indonesia,USDC
712,0.7593632458054685,904336.8682463196,13,S4_twin_shock_cex_intervention,indonesia,USDC
713,0.7646227539806648,881728.4465401615,13,S4_twin_shock_cex_intervention,indonesia,USDC
714,0.7739038489762571,859685.2353766575,13,S4_twin_shock_cex_intervention,indonesia,USDC
715,0.7962769458854257,838193.104492241,13,S4_twin_shock_cex_intervention,indonesia,USDC
716,0.8041209156642919,817238.2768799351,13,S4_twin_shock_cex_intervention,indonesia,USDC
717,0.7969343757498797,796807.3199579366,13,S4_twin_shock_cex_intervention,indonesia,USDC
718,0.800840016753602,776887.1369589883,13,S4_twin_shock_cex_intervention,indonesia,USDC
719,0.7907452255495345,757464.9585350136,13,S4_twin_shock_cex_intervention,indonesia,USDC
720,0.7987111480188303,738528.3345716381,13,S4_twin_shock_cex_intervention,indonesia,USDC
721,0.8226608042061156,720065.1262073473,13,S4_twin_shock_cex_intervention,indonesia,USDC
722,0.8160673138074193,702063.4980521636,13,S4_twin_shock_cex_intervention,indonesia,USDC
723,0.8302361154320695,684511.9106008594,13,S4_twin_shock_cex_intervention,indonesia,USDC
724,0.8467422862473755,667399.112835838,13,S4_twin_shock_cex_intervention,indonesia,USDC
725,0.8401157937799645,650714.1350149421,13,S4_twin_shock_cex_intervention,indonesia,USDC
726,0.8183315103617832,634446.2816395685,13,S4_twin_shock_cex_intervention,indonesia,USDC
727,0.8005595388815817,618585.1245985794,13,S4_twin_shock_cex_intervention,indonesia,USDC
728,0.812597678519845,603120.4964836149,13,S4_twin_shock_cex_intervention,indonesia,USDC
729,0.7912840811086408,588042.4840715245,13,S4_twin_shock_cex_intervention,indonesia,USDC
730,0.7987850404503328,573341.4219697363,13,S4_twin_shock_cex_intervention,indonesia,USDC
731,0.7676289313548165,559007.886420493,13,S4_twin_shock_cex_intervention,indonesia,USDC
732,0.7550395661427229,545032.6892599807,13,S4_twin_shock_cex_intervention,indonesia,USDC
733,0.7761058412067187,531406.8720284812,13,S4_twin_shock_cex_intervention,indonesia,USDC
734,0.8030417463568711,518121.70022776915,13,S4_twin_shock_cex_intervention,indonesia,USDC
735,0.7820037944882833,505168.6577220749,13,S4_twin_shock_cex_intervention,indonesia,USDC
736,0.7937225966995646,492539.44127902307,13,S4_twin_shock_cex_intervention,indonesia,USDC
737,0.7964270762511338,480225.9552470475,13,S4_twin_shock_cex_intervention,indonesia,USDC
738,0.8154387831011118,468220.3063658713,13,S4_twin_shock_cex_intervention,indonesia,USDC
739,0.8286684550739073,456514.79870672454,13,S4_twin_shock_cex_intervention,indonesia,USDC
740,0.8354987044321003,445101.9287390564,13,S4_twin_shock_cex_intervention,indonesia,USDC
741,0.8035209964947309,433974.38052058005,13,S4_twin_shock_cex_intervention,indonesia,USDC
742,0.7916931970784987,423125.02100756555,13,S4_twin_shock_cex_intervention,indonesia,USDC
743,0.7900718573648361,412546.8954823764,13,S4_twin_shock_cex_intervention,indonesia,USDC
744,0.7592375249605978,402233.22309531696,13,S4_twin_shock_cex_intervention,indonesia,USDC
745,0.7572601163855539,392177.39251793403,13,S4_twin_shock_cex_intervention,indonesia,USDC
746,0.7543591666957414,382372.9577049857,13,S4_twin_shock_cex_intervention,indonesia,USDC
747,0.7539979955695759,372813.633762361,13,S4_twin_shock_cex_intervention,indonesia,USDC
748,0.7407214121144099,363493.292918302,13,S4_twin_shock_cex_intervention,indonesia,USDC
749,0.7462750887165764,354405.9605953444,13,S4_twin_shock_cex_intervention,indonesia,USDC
750,0.7308950068471769,345545.81158046087,13,S4_twin_shock_cex_intervention,indonesia,USDC
751,0.7368471313577885,336907.16629094933,13,S4_twin_shock_cex_intervention,indonesia,USDC
752,0.7335435340600505,328484.4871336756,13,S4_twin_shock_cex_intervention,indonesia,USDC
753,0.7394469088533133,320272.37495533365,13,S4_twin_shock_cex_intervention,indonesia,USDC
754,0.760135196705084,312265.56558145036,13,S4_twin_shock_cex_intervention,indonesia,USDC
755,0.7605307223363379,304458.92644191405,13,S4_twin_shock_cex_intervention,indonesia,USDC
756,0.7613543155421172,296847.45328086626,13,S4_twin_shock_cex_intervention,indonesia,USDC
757,0.762570622696748,289426.2669488446,13,S4_twin_shock_cex_intervention,indonesia,USDC
758,0.8007943379445049,282190.6102751235,13,S4_twin_shock_cex_intervention,indonesia,USDC
759,0.8013514756955014,275135.8450182454,13,S4_twin_shock_cex_intervention,indonesia,USDC
760,0.8225299851552231,268257.4488927893,13,S4_twin_shock_cex_intervention,indonesia,USDC
761,0.8078862151931703,261551.01267046953,13,S4_twin_shock_cex_intervention,indonesia,USDC
762,0.804229556701094,255012.2373537078,13,S4_twin_shock_cex_intervention,indonesia,USDC
763,0.7942871059002908,248636.9314198651,13,S4_twin_shock_cex_intervention,indonesia,USDC
764,0.8046064063631138,242421.00813436846,13,S4_twin_shock_cex_intervention,indonesia,USDC
765,0.7959640332239712,236360.4829310093,13,S4_twin_shock_cex_intervention,indonesia,USDC
766,0.8025743593955795,230451.47085773404,13,S4_twin_shock_cex_intervention,indonesia,USDC
767,0.8195061107863542,224690.18408629065,13,S4_twin_shock_cex_intervention,indonesia,USDC
768,0.7983283897219753,219072.92948413343,13,S4_twin_shock_cex_intervention,indonesia,USDC
769,0.8109551479133004,213596.10624703008,13,S4_twin_shock_cex_intervention,indonesia,USDC
770,0.8095861562814797,208256.20359085433,13,S4_twin_shock_cex_intervention,indonesia,USDC
771,0.8008301838011994,203049.798501083,13,S4_twin_shock_cex_intervention,indonesia,USDC
772,0.7937074686944889,197973.55353855592,13,S4_twin_shock_cex_intervention,indonesia,USDC
773,0.8071325258874533,193024.214700092,13,S4_twin_shock_cex_intervention,indonesia,USDC
774,0.7948025043376981,188198.60933258972,13,S4_twin_shock_cex_intervention,indonesia,USDC
775,0.8185423682401225,183493.64409927497,13,S4_twin_shock_cex_intervention,indonesia,USDC
776,0.8286706381322791,178906.3029967931,13,S4_twin_shock_cex_intervention,indonesia,USDC
777,0.8096221039034931,174433.64542187328,13,S4_twin_shock_cex_intervention,indonesia,USDC
778,0.822768501988737,170072.80428632643,13,S4_twin_shock_cex_intervention,indonesia,USDC
779,0.8252289181946613,165820.98417916827,13,S4_twin_shock_cex_intervention,indonesia,USDC
780,0.8158128217992161,161675.45957468907,13,S4_twin_shock_cex_intervention,indonesia,USDC
781,0.8094717218640312,157633.57308532184,13,S4_twin_shock_cex_intervention,indonesia,USDC
782,0.7802223836613639,153692.7337581888,13,S4_twin_shock_cex_intervention,indonesia,USDC
783,0.8034349526307656,149850.41541423407,13,S4_twin_shock_cex_intervention,indonesia,USDC
784,0.8115960038765694,146104.15502887822,13,S4_twin_shock_cex_intervention,indonesia,USDC
785,0.8011230772932326,142451.55115315627,13,S4_twin_shock_cex_intervention,indonesia,USDC
786,0.7852010106135384,138890.26237432734,13,S4_twin_shock_cex_intervention,indonesia,USDC
787,0.7839475405521918,135418.0058149692,13,S4_twin_shock_cex_intervention,indonesia,USDC
788,0.7719771579228404,132032.55566959496,13,S4_twin_shock_cex_intervention,indonesia,USDC
789,0.7621260619650748,128731.74177785507,13,S4_twin_shock_cex_intervention,indonesia,USDC
790,0.774776340102159,125513.44823340871,13,S4_twin_shock_cex_intervention,indonesia,USDC
791,0.7803115921387431,122375.61202757349,13,S4_twin_shock_cex_intervention,indonesia,USDC
792,0.7976464987097762,119316.22172688413,13,S4_twin_shock_cex_intervention,indonesia,USDC
793,0.8050441179904122,116333.31618371204,13,S4_twin_shock_cex_intervention,indonesia,USDC
794,0.8035720691491255,113424.98327911925,13,S4_twin_shock_cex_intervention,indonesia,USDC
795,0.8025003708029768,110589.35869714126,13,S4_twin_shock_cex_intervention,indonesia,USDC
796,0.8075618311077284,107824.62472971273,13,S4_twin_shock_cex_intervention,indonesia,USDC
797,0.8196726227790511,105129.0091114699,13,S4_twin_shock_cex_intervention,indonesia,USDC
798,0.8145157414357481,102500.78388368315,13,S4_twin_shock_cex_intervention,indonesia,USDC
799,0.7857332453051123,99938.26428659107,13,S4_twin_shock_cex_intervention,indonesia,USDC
800,0.755596211288918,97439.8076794263,13,S4_twin_shock_cex_intervention,indonesia,USDC
801,0.7855283513868643,95003.81248744065,13,S4_twin_shock_cex_intervention,indonesia,USDC
802,0.778636234294086,92628.71717525463,13,S4_twin_shock_cex_intervention,indonesia,USDC
803,0.7971314115542631,90312.99924587327,13,S4_twin_shock_cex_intervention,indonesia,USDC
804,0.7958139573544235,88055.17426472643,13,S4_twin_shock_cex_intervention,indonesia,USDC
805,0.8044554160092424,85853.79490810828,13,S4_twin_shock_cex_intervention,indonesia,USDC
806,0.8021780635256833,83707.45003540556,13,S4_twin_shock_cex_intervention,indonesia,USDC
807,0.7738418991639802,81614.76378452043,13,S4_twin_shock_cex_intervention,indonesia,USDC
808,0.7892774234872686,79574.39468990742,13,S4_twin_shock_cex_intervention,indonesia,USDC
809,0.771525156380123,77585.03482265973,13,S4_twin_shock_cex_intervention,indonesia,USDC
810,0.7561623522302797,75645.40895209325,13,S4_twin_shock_cex_intervention,indonesia,USDC
811,0.7404646590028775,73754.2737282909,13,S4_twin_shock_cex_intervention,indonesia,USDC
812,0.7435356413556691,71910.41688508363,13,S4_twin_shock_cex_intervention,indonesia,USDC
813,0.7464165763978784,70112.65646295654,13,S4_twin_shock_cex_intervention,indonesia,USDC
814,0.7523084843205093,68359.84005138262,13,S4_twin_shock_cex_intervention,indonesia,USDC
815,0.7384314871191829,66650.84405009807,13,S4_twin_shock_cex_intervention,indonesia,USDC
816,0.677597995922323,64984.57294884561,13,S4_twin_shock_cex_intervention,indonesia,USDC
817,0.6906539961322837,63359.95862512447,13,S4_twin_shock_cex_intervention,indonesia,USDC
818,0.7007719481358596,61775.95965949635,13,S4_twin_shock_cex_intervention,indonesia,USDC
819,0.6922584023586115,60231.56066800894,13,S4_twin_shock_cex_intervention,indonesia,USDC
820,0.7072439518774631,58725.77165130872,13,S4_twin_shock_cex_intervention,indonesia,USDC
821,0.7143275476162034,57257.627360026,13,S4_twin_shock_cex_intervention,indonesia,USDC
822,0.7225011556252814,55826.186676025354,13,S4_twin_shock_cex_intervention,indonesia,USDC
823,0.7239418224053348,54430.53200912472,13,S4_twin_shock_cex_intervention,indonesia,USDC
824,0.7491464303819696,53069.768708896605,13,S4_twin_shock_cex_intervention,indonesia,USDC
825,0.7730364028167438,51743.02449117418,13,S4_twin_shock_cex_intervention,indonesia,USDC
826,0.7688027452169058,50449.44887889484,13,S4_twin_shock_cex_intervention,indonesia,USDC
827,0.7688702840279763,49188.21265692246,13,S4_twin_shock_cex_intervention,indonesia,USDC
828,0.7856819122831636,47958.5073404994,13,S4_twin_shock_cex_intervention,indonesia,USDC
829,0.7980674817682472,46759.54465698692,13,S4_twin_shock_cex_intervention,indonesia,USDC
830,0.8302904681206089,45590.55604056224,13,S4_twin_shock_cex_intervention,indonesia,USDC
831,0.8125894116036495,44450.79213954818,13,S4_twin_shock_cex_intervention,indonesia,USDC
832,0.8275446696809943,43339.52233605948,13,S4_twin_shock_cex_intervention,indonesia,USDC
833,0.816099450138969,42256.03427765799,13,S4_twin_shock_cex_intervention,indonesia,USDC
834,0.8109251791508024,41199.63342071654,13,S4_twin_shock_cex_intervention,indonesia,USDC
835,0.8235465177329169,40169.64258519863,13,S4_twin_shock_cex_intervention,indonesia,USDC
836,0.8229815811640987,39165.40152056866,13,S4_twin_shock_cex_intervention,indonesia,USDC
837,0.8047146826062794,38186.26648255445,13,S4_twin_shock_cex_intervention,indonesia,USDC
838,0.8314900664646022,37231.60982049059,13,S4_twin_shock_cex_intervention,indonesia,USDC
839,0.8099047181977564,36300.81957497832,13,S4_twin_shock_cex_intervention,indonesia,USDC
840,0.8031441426638247,35393.29908560387,13,S4_twin_shock_cex_intervention,indonesia,USDC
841,0.8091331408807481,34508.46660846377,13,S4_twin_shock_cex_intervention,indonesia,USDC
842,0.8140159620310495,33645.75494325217,13,S4_twin_shock_cex_intervention,indonesia,USDC
843,0.7913667542066223,32804.611069670864,13,S4_twin_shock_cex_intervention,indonesia,USDC
844,0.7869951928684943,31984.495792929098,13,S4_twin_shock_cex_intervention,indonesia,USDC
845,0.7910356662959621,31184.88339810587,13,S4_twin_shock_cex_intervention,indonesia,USDC
846,0.7670076096424749,30405.261313153223,13,S4_twin_shock_cex_intervention,indonesia,USDC
847,0.7557423474224397,29645.129780324394,13,S4_twin_shock_cex_intervention,indonesia,USDC
848,0.7658025005595132,28904.001535816285,13,S4_twin_shock_cex_intervention,indonesia,USDC
849,0.7843434543775822,28181.401497420877,13,S4_twin_shock_cex_intervention,indonesia,USDC
850,0.7823464608335872,27476.866459985355,13,S4_twin_shock_cex_intervention,indonesia,USDC
851,0.8059460738059069,26789.944798485725,13,S4_twin_shock_cex_intervention,indonesia,USDC
852,0.7889904456967695,26120.19617852358,13,S4_twin_shock_cex_intervention,indonesia,USDC
853,0.7983369208906475,25467.19127406049,13,S4_twin_shock_cex_intervention,indonesia,USDC
854,0.7872452942460393,24830.511492208978,13,S4_twin_shock_cex_intervention,indonesia,USDC
855,0.7704169725756564,24209.74870490375,13,S4_twin_shock_cex_intervention,indonesia,USDC
856,0.7549103625400386,23604.504987281158,13,S4_twin_shock_cex_intervention,indonesia,USDC
857,0.7604104434976802,23014.392362599126,13,S4_twin_shock_cex_intervention,indonesia,USDC
858,0.7872285430514072,22439.03255353415,13,S4_twin_shock_cex_intervention,indonesia,USDC
859,0.7730152962521929,21878.056739695796,13,S4_twin_shock_cex_intervention,indonesia,USDC
860,0.795154216450209,21331.105321203402,13,S4_twin_shock_cex_intervention,indonesia,USDC
861,0.7938053402906315,20797.827688173318,13,S4_twin_shock_cex_intervention,indonesia,USDC
862,0.810302492981968,20277.881995968986,13,S4_twin_shock_cex_intervention,indonesia,USDC
863,0.8187171259671859,19770.934946069763,13,S4_twin_shock_cex_intervention,indonesia,USDC
864,0.8423438340346355,19276.661572418016,13,S4_twin_shock_cex_intervention,indonesia,USDC
865,0.8643412602977331,18794.745033107567,13,S4_twin_shock_cex_intervention,indonesia,USDC
866,0.8722800527712995,18324.876407279877,13,S4_twin_shock_cex_intervention,indonesia,USDC
867,0.8448124135907386,17866.754497097878,13,S4_twin_shock_cex_intervention,indonesia,USDC
868,0.8301416440632242,17420.08563467043,13,S4_twin_shock_cex_intervention,indonesia,USDC
869,0.837069341144063,16984.58349380367,13,S4_twin_shock_cex_intervention,indonesia,USDC
870,0.8286196639411737,16559.96890645858,13,S4_twin_shock_cex_intervention,indonesia,USDC
871,0.8284695421820165,16145.969683797113,13,S4_twin_shock_cex_intervention,indonesia,USDC
872,0.8543686046044305,15742.320441702186,13,S4_twin_shock_cex_intervention,indonesia,USDC
873,0.8483400863361853,15348.762430659632,13,S4_twin_shock_cex_intervention,indonesia,USDC
874,0.8521456296402175,14965.043369893141,13,S4_twin_shock_cex_intervention,indonesia,USDC
875,0.8643939759689943,14590.917285645812,13,S4_twin_shock_cex_intervention,indonesia,USDC
876,0.8738862601749237,14226.144353504666,13,S4_twin_shock_cex_intervention,indonesia,USDC
877,0.8473534072808908,13870.49074466705,13,S4_twin_shock_cex_intervention,indonesia,USDC
878,0.8472833845572892,13523.728476050375,13,S4_twin_shock_cex_intervention,indonesia,USDC
879,0.8656730917358101,13185.635264149114,13,S4_twin_shock_cex_intervention,indonesia,USDC
880,0.8672532127912836,12855.994382545385,13,S4_twin_shock_cex_intervention,indonesia,USDC
881,0.8570307276847174,12534.594522981752,13,S4_twin_shock_cex_intervention,indonesia,USDC
882,0.8421907447676107,12221.229659907207,13,S4_twin_shock_cex_intervention,indonesia,USDC
883,0.8266162767482008,11915.698918409527,13,S4_twin_shock_cex_intervention,indonesia,USDC
884,0.8443093364408476,11617.80644544929,13,S4_twin_shock_cex_intervention,indonesia,USDC
885,0.8547877635596465,11327.361284313058,13,S4_twin_shock_cex_intervention,indonesia,USDC
886,0.86399247520258,11044.17725220523,13,S4_twin_shock_cex_intervention,indonesia,USDC
887,0.8546580892709758,10768.072820900099,13,S4_twin_shock_cex_intervention,indonesia,USDC
888,0.8351120696667641,10498.871000377596,13,S4_twin_shock_cex_intervention,indonesia,USDC
889,0.8255862140655651,10236.399225368157,13,S4_twin_shock_cex_intervention,indonesia,USDC
890,0.8041202630222051,9980.489244733953,13,S4_twin_shock_cex_intervention,indonesia,USDC
891,0.8197273153525326,9730.977013615604,13,S4_twin_shock_cex_intervention,indonesia,USDC
892,0.801411067614179,9487.702588275213,13,S4_twin_shock_cex_intervention,indonesia,USDC
893,0.8256145372060355,9250.510023568333,13,S4_twin_shock_cex_intervention,indonesia,USDC
894,0.83317012281662,9019.247272979126,13,S4_twin_shock_cex_intervention,indonesia,USDC
895,0.8124813355745516,8793.766091154648,13,S4_twin_shock_cex_intervention,indonesia,USDC
896,0.7973010748245711,8573.921938875781,13,S4_twin_shock_cex_intervention,indonesia,USDC
897,0.7994313172818502,8359.573890403886,13,S4_twin_shock_cex_intervention,indonesia,USDC
898,0.7985534168797814,8150.584543143788,13,S4_twin_shock_cex_intervention,indonesia,USDC
899,0.7960933134399735,7946.819929565195,13,S4_twin_shock_cex_intervention,indonesia,USDC
900,0.78758526263467,7748.1494313260655,13,S4_twin_shock_cex_intervention,indonesia,USDC
901,0.7870998154331736,7554.445695542914,13,S4_twin_shock_cex_intervention,indonesia,USDC
902,0.7918844892813687,7365.58455315434,13,S4_twin_shock_cex_intervention,indonesia,USDC
903,0.7927798418127627,7181.444939325482,13,S4_twin_shock_cex_intervention,indonesia,USDC
904,0.7772160522253037,7001.908815842346,13,S4_twin_shock_cex_intervention,indonesia,USDC
905,0.7656063902062612,6826.861095446287,13,S4_twin_shock_cex_intervention,indonesia,USDC
906,0.7958957195160697,6656.18956806013,13,S4_twin_shock_cex_intervention,indonesia,USDC
907,0.7992208667850261,6489.784828858625,13,S4_twin_shock_cex_intervention,indonesia,USDC
908,0.8024969549897265,6327.54020813716,13,S4_twin_shock_cex_intervention,indonesia,USDC
909,0.7997380919912682,6169.351702933731,13,S4_twin_shock_cex_intervention,indonesia,USDC
910,0.8123850390870034,6015.117910360387,13,S4_twin_shock_cex_intervention,indonesia,USDC
911,0.8113477980581987,5864.7399626013785,13,S4_twin_shock_cex_intervention,indonesia,USDC
912,0.8250165694252136,5718.121463536343,13,S4_twin_shock_cex_intervention,indonesia,USDC
913,0.7969579661684406,5575.168426947935,13,S4_twin_shock_cex_intervention,indonesia,USDC
914,0.8323858734746662,5435.789216274236,13,S4_twin_shock_cex_intervention,indonesia,USDC
915,0.8479058527648501,5299.89448586738,13,S4_twin_shock_cex_intervention,indonesia,USDC
916,0.8721433199032425,5167.397123720696,13,S4_twin_shock_cex_intervention,indonesia,USDC
917,0.8565244578633145,5038.212195627679,13,S4_twin_shock_cex_intervention,indonesia,USDC
918,0.84841056529749,4912.256890736987,13,S4_twin_shock_cex_intervention,indonesia,USDC
919,0.8555545245060349,4789.450468468562,13,S4_twin_shock_cex_intervention,indonesia,USDC
920,0.8464414813745527,4669.714206756848,13,S4_twin_shock_cex_intervention,indonesia,USDC
921,0.8190571218841488,4552.971351587927,13,S4_twin_shock_cex_intervention,indonesia,USDC
922,0.8327067376181226,4439.147067798229,13,S4_twin_shock_cex_intervention,indonesia,USDC
923,0.8483910688357127,4328.168391103272,13,S4_twin_shock_cex_intervention,indonesia,USDC
924,0.8336010562956675,4219.964181325691,13,S4_twin_shock_cex_intervention,indonesia,USDC
925,0.8319253105922904,4114.465076792549,13,S4_twin_shock_cex_intervention,indonesia,USDC
926,0.8334468745616096,4011.6034498727354,13,S4_twin_shock_cex_intervention,indonesia,USDC
927,0.8207873606399331,3911.3133636259167,13,S4_twin_shock_cex_intervention,indonesia,USDC
928,0.8096935562567666,3813.5305295352687,13,S4_twin_shock_cex_intervention,indonesia,USDC
929,0.804473192748529,3718.1922662968873,13,S4_twin_shock_cex_intervention,indonesia,USDC
930,0.8328190401379039,3625.2374596394648,13,S4_twin_shock_cex_intervention,indonesia,USDC
931,0.8425699511816405,3534.606523148478,13,S4_twin_shock_cex_intervention,indonesia,USDC
932,0.8274279741381837,3446.2413600697664,13,S4_twin_shock_cex_intervention,indonesia,USDC
933,0.8041845561171957,3360.085326068022,13,S4_twin_shock_cex_intervention,indonesia,USDC
934,0.7998401068330324,3276.0831929163214,13,S4_twin_shock_cex_intervention,indonesia,USDC
935,0.8109616312953746,3194.181113093413,13,S4_twin_shock_cex_intervention,indonesia,USDC
936,0.8213928550355657,3114.326585266078,13,S4_twin_shock_cex_intervention,indonesia,USDC
937,0.8080663457680408,3036.468420634426,13,S4_twin_shock_cex_intervention,indonesia,USDC
938,0.818689839777118,2960.556710118565,13,S4_twin_shock_cex_intervention,indonesia,USDC
939,0.8495691394734733,2886.542792365601,13,S4_twin_shock_cex_intervention,indonesia,USDC
940,0.8346994935036639,2814.379222556461,13,S4_twin_shock_cex_intervention,indonesia,USDC
941,0.8283417336236545,2744.01974199255,13,S4_twin_shock_cex_intervention,indonesia,USDC
942,0.838906537809775,2675.419248442736,13,S4_twin_shock_cex_intervention,indonesia,USDC
943,0.8175446544293514,2608.5337672316673,13,S4_twin_shock_cex_intervention,indonesia,USDC
944,0.8379597877023077,2543.3204230508754,13,S4_twin_shock_cex_intervention,indonesia,USDC
945,0.823658835740785,2479.737412474604,13,S4_twin_shock_cex_intervention,indonesia,USDC
946,0.834498278016558,2417.7439771627387,13,S4_twin_shock_cex_intervention,indonesia,USDC
947,0.8261445652865552,2357.30037773367,13,S4_twin_shock_cex_intervention,indonesia,USDC
948,0.8133849204783604,2298.3678682903283,13,S4_twin_shock_cex_intervention,indonesia,USDC
949,0.8095777150655216,2240.90867158307,13,S4_twin_shock_cex_intervention,indonesia,USDC
950,0.7951488033783758,2184.885954793493,13,S4_twin_shock_cex_intervention,indonesia,USDC
951,0.7992048169221732,2130.263805923656,13,S4_twin_shock_cex_intervention,indonesia,USDC
952,0.7835597278772971,2077.0072107755645,13,S4_twin_shock_cex_intervention,indonesia,USDC
953,0.7633559601166275,2025.0820305061752,13,S4_twin_shock_cex_intervention,indonesia,USDC
954,0.7527748258209118,1974.454979743521,13,S4_twin_shock_cex_intervention,indonesia,USDC
955,0.7707366408080789,1925.0936052499328,13,S4_twin_shock_cex_intervention,indonesia,USDC
956,0.7742902834651443,1876.9662651186845,13,S4_twin_shock_cex_intervention,indonesia,USDC
957,0.760693227844294,1830.0421084907175,13,S4_twin_shock_cex_intervention,indonesia,USDC
958,0.7454185103467724,1784.2910557784496,13,S4_twin_shock_cex_intervention,indonesia,USDC
959,0.7671510901305196,1739.6837793839886,13,S4_twin_shock_cex_intervention,indonesia,USDC
960,0.7605585735571525,1696.1916848993885,13,S4_twin_shock_cex_intervention,indonesia,USDC
961,0.753575112467702,1653.7868927769039,13,S4_twin_shock_cex_intervention,indonesia,USDC
962,0.7523110007022011,1612.4422204574814,13,S4_twin_shock_cex_intervention,indonesia,USDC
963,0.734099564139542,1572.1311649460445,13,S4_twin_shock_cex_intervention,indonesia,USDC
964,0.7356443507447475,1532.827885822393,13,S4_twin_shock_cex_intervention,indonesia,USDC
965,0.7393376266661472,1494.5071886768333,13,S4_twin_shock_cex_intervention,indonesia,USDC
966,0.7506041839556921,1457.1445089599124,13,S4_twin_shock_cex_intervention,indonesia,USDC
967,0.7733316236586986,1420.7158962359147,13,S4_twin_shock_cex_intervention,indonesia,USDC
968,0.7752245121422427,1385.1979988300168,13,S4_twin_shock_cex_intervention,indonesia,USDC
969,0.7635992386390551,1350.5680488592664,13,S4_twin_shock_cex_intervention,indonesia,USDC
970,0.7665109324002823,1316.8038476377847,13,S4_twin_shock_cex_intervention,indonesia,USDC
971,0.7635395777184254,1283.88375144684,13,S4_twin_shock_cex_intervention,indonesia,USDC
972,0.7626081023951347,1251.7866576606693,13,S4_twin_shock_cex_intervention,indonesia,USDC
973,0.7500690911982197,1220.4919912191524,13,S4_twin_shock_cex_intervention,indonesia,USDC
974,0.7279525206296765,1189.9796914386736,13,S4_twin_shock_cex_intervention,indonesia,USDC
975,0.7258149844301237,1160.2301991527067,13,S4_twin_shock_cex_intervention,indonesia,USDC
976,0.7288414135982888,1131.224444173889,13,S4_twin_shock_cex_intervention,indonesia,USDC
977,0.7445777970876368,1102.9438330695418,13,S4_twin_shock_cex_intervention,indonesia,USDC
978,0.7930049187755406,1075.3702372428033,13,S4_twin_shock_cex_intervention,indonesia,USDC
979,0.7825010553720325,1048.4859813117334,13,S4_twin_shock_cex_intervention,indonesia,USDC
980,0.8097311727073623,1022.27383177894,13,S4_twin_shock_cex_intervention,indonesia,USDC
981,0.8121755817630268,996.7169859844665,13,S4_twin_shock_cex_intervention,indonesia,USDC
982,0.8287552559189615,971.7990613348549,13,S4_twin_shock_cex_intervention,indonesia,USDC
983,0.8228126535988034,947.5040848014835,13,S4_twin_shock_cex_intervention,indonesia,USDC
984,0.8238415222052046,923.8164826814464,13,S4_twin_shock_cex_intervention,indonesia,USDC
985,0.8289825938656462,900.7210706144102,13,S4_twin_shock_cex_intervention,indonesia,USDC
986,0.8278520890810219,878.2030438490499,13,S4_twin_shock_cex_intervention,indonesia,USDC
987,0.8397772192940679,856.2479677528237,13,S4_twin_shock_cex_intervention,indonesia,USDC
988,0.8329999043607658,834.8417685590031,13,S4_twin_shock_cex_intervention,indonesia,USDC
989,0.8202429840268982,813.970724345028,13,S4_twin_shock_cex_intervention,indonesia,USDC
990,0.8274331968810259,793.6214562364023,13,S4_twin_shock_cex_intervention,indonesia,USDC
991,0.8224446052695457,773.7809198304922,13,S4_twin_shock_cex_intervention,indonesia,USDC
992,0.8172707426991224,754.4363968347299,13,S4_twin_shock_cex_intervention,indonesia,USDC
993,0.8297043460536595,735.5754869138616,13,S4_twin_shock_cex_intervention,indonesia,USDC
994,0.8296956707232724,717.1860997410151,13,S4_twin_shock_cex_intervention,indonesia,USDC
995,0.8412125178588934,699.2564472474897,13,S4_twin_shock_cex_intervention,indonesia,USDC
996,0.8345047463153648,681.7750360663025,13,S4_twin_shock_cex_intervention,indonesia,USDC
997,0.8365392468778942,664.730660164645,13,S4_twin_shock_cex_intervention,indonesia,USDC
998,0.8528404224876658,648.1123936605288,13,S4_twin_shock_cex_intervention,indonesia,USDC
999,0.8614371399295394,631.9095838190156,13,S4_twin_shock_cex_intervention,indonesia,USDC
1000,0.8719847806825965,616.1118442235402,13,S4_twin_shock_cex_intervention,indonesia,USDC
