Step,price,liquidity,iteration,scenario,region,coin
1,250000.9756618827,2989502188692.8774,425,S4_twin_shock_cex_intervention,indonesia,USDC
2,187502.0,2989511563692.8774,425,S4_twin_shock_cex_intervention,indonesia,USDC
3,140627.0,2989518594942.8774,425,S4_twin_shock_cex_intervention,indonesia,USDC
4,105470.75,2989523868380.3774,425,S4_twin_shock_cex_intervention,indonesia,USDC
5,79103.5625,2989527823458.5024,425,S4_twin_shock_cex_intervention,indonesia,USDC
6,59328.171875,2989530789767.096,425,S4_twin_shock_cex_intervention,indonesia,USDC
7,44496.62890625,2989533014498.5415,425,S4_twin_shock_cex_intervention,indonesia,USDC
8,33372.9716796875,2989534683047.1255,425,S4_twin_shock_cex_intervention,indonesia,USDC
9,25030.228759765625,2989535934458.5635,425,S4_twin_shock_cex_intervention,indonesia,USDC
10,18773.17156982422,2989536873017.142,425,S4_twin_shock_cex_intervention,indonesia,USDC
11,14080.378677368164,2989537576936.076,425,S4_twin_shock_cex_intervention,indonesia,USDC
12,10560.784008026123,2989538104875.2764,425,S4_twin_shock_cex_intervention,indonesia,USDC
13,7921.088006019592,2989538500829.677,425,S4_twin_shock_cex_intervention,indonesia,USDC
14,5941.316004514694,2989538797795.477,425,S4_twin_shock_cex_intervention,indonesia,USDC
15,4456.487003386021,2989539020519.827,425,S4_twin_shock_cex_intervention,indonesia,USDC
16,3342.8652525395155,2989539187563.09,425,S4_twin_shock_cex_intervention,indonesia,USDC
17,2507.6489394046366,2989539312845.5366,425,S4_twin_shock_cex_intervention,indonesia,USDC
18,1881.2367045534775,2989539406807.372,425,S4_twin_shock_cex_intervention,indonesia,USDC
19,1411.427528415108,2989539477278.7485,425,S4_twin_shock_cex_intervention,indonesia,USDC
20,1059.070646311331,2989539530132.281,425,S4_twin_shock_cex_intervention,indonesia,USDC
21,794.8029847334983,2989539569772.4297,425,S4_twin_shock_cex_intervention,indonesia,USDC
22,596.6022385501237,2989539599502.542,425,S4_twin_shock_cex_intervention,indonesia,USDC
23,447.9516789125928,2989539621800.126,425,S4_twin_shock_cex_intervention,indonesia,USDC
24,336.4637591844446,2989539638523.314,425,S4_twin_shock_cex_intervention,indonesia,USDC
25,252.84781938833345,2989539651065.705,425,S4_twin_shock_cex_intervention,indonesia,USDC
26,190.1358645412501,2989539660472.498,425,S4_twin_shock_cex_intervention,indonesia,USDC
27,143.1018984059376,2989539667527.5933,425,S4_twin_shock_cex_intervention,indonesia,USDC
28,107.82642380445319,2989539672818.914,425,S4_twin_shock_cex_intervention,indonesia,USDC
29,81.3698178533399,2989539676787.4053,425,S4_twin_shock_cex_intervention,indonesia,USDC
30,61.52736339000492,2989539679763.7734,425,S4_twin_shock_cex_intervention,indonesia,USDC
31,46.6455225425037,2989539681996.0493,425,S4_twin_shock_cex_intervention,indonesia,USDC
32,35.484141906877774,2989539683670.257,425,S4_twin_shock_cex_intervention,indonesia,USDC
33,27.11310643015833,2989539684925.912,425,S4_twin_shock_cex_intervention,indonesia,USDC
34,20.834829822618744,2989539685867.6533,425,S4_twin_shock_cex_intervention,indonesia,USDC
35,16.12612236696406,2989539686573.96,425,S4_twin_shock_cex_intervention,indonesia,USDC
36,12.594591775223044,2989539687103.6895,425,S4_twin_shock_cex_intervention,indonesia,USDC
37,9.945943831417281,2989539687500.9863,425,S4_twin_shock_cex_intervention,indonesia,USDC
38,7.959457873562963,2989539687798.9595,425,S4_twin_shock_cex_intervention,indonesia,USDC
39,6.469593405172222,2989539688022.439,425,S4_twin_shock_cex_intervention,indonesia,USDC
40,5.352195053879166,2989539688190.049,425,S4_twin_shock_cex_intervention,indonesia,USDC
41,4.514146290409375,2989539688315.756,425,S4_twin_shock_cex_intervention,indonesia,USDC
42,3.8856097178070312,2989539688410.0366,425,S4_twin_shock_cex_intervention,indonesia,USDC
43,3.414207288355273,2989539688480.747,425,S4_twin_shock_cex_intervention,indonesia,USDC
44,3.060655466266455,2989539688533.78,425,S4_twin_shock_cex_intervention,indonesia,USDC
45,2.795491599699841,2989539688573.554,425,S4_twin_shock_cex_intervention,indonesia,USDC
46,2.596618699774881,2989539688603.385,425,S4_twin_shock_cex_intervention,indonesia,USDC
47,2.4474640248311608,2989539688625.7583,425,S4_twin_shock_cex_intervention,indonesia,USDC
48,2.3355980186233705,2989539688642.538,425,S4_twin_shock_cex_intervention,indonesia,USDC
49,2.251698513967528,2989539688655.123,425,S4_twin_shock_cex_intervention,indonesia,USDC
50,2.188773885475646,2989539688664.5615,425,S4_twin_shock_cex_intervention,indonesia,USDC
51,2.1415804141067345,2989539688671.6406,425,S4_twin_shock_cex_intervention,indonesia,USDC
52,2.10486108454227,2989539688676.9497,425,S4_twin_shock_cex_intervention,indonesia,USDC
53,2.079638982935038,2989539688680.9316,425,S4_twin_shock_cex_intervention,indonesia,USDC
54,2.025524704314619,2989539688683.918,425,S4_twin_shock_cex_intervention,indonesia,USDC
55,1.9360265828563437,2989539688686.1577,425,S4_twin_shock_cex_intervention,indonesia,USDC
56,1.848131192185978,2989539688687.838,425,S4_twin_shock_cex_intervention,indonesia,USDC
57,1.7553427971728952,2989539688689.0977,425,S4_twin_shock_cex_intervention,indonesia,USDC
58,1.675484077464644,2989539688690.042,425,S4_twin_shock_cex_intervention,indonesia,USDC
59,1.64894488962521,2989539688690.751,425,S4_twin_shock_cex_intervention,indonesia,USDC
60,1.597235063162302,2989539688691.282,425,S4_twin_shock_cex_intervention,indonesia,USDC
61,1.563466762785745,2989539688691.681,425,S4_twin_shock_cex_intervention,indonesia,USDC
62,1.526663905956361,2989539688691.98,425,S4_twin_shock_cex_intervention,indonesia,USDC
63,1.4702739206971867,2989539688692.204,425,S4_twin_shock_cex_intervention,indonesia,USDC
64,1.3700324444305207,2989539688692.372,425,S4_twin_shock_cex_intervention,indonesia,USDC
65,1.2754609250238187,2989539688692.498,425,S4_twin_shock_cex_intervention,indonesia,USDC
66,1.2497909953207733,2989539688692.593,425,S4_twin_shock_cex_intervention,indonesia,USDC
67,1.2133465706916642,2989539688692.6636,425,S4_twin_shock_cex_intervention,indonesia,USDC
68,0.9993825822935819,2989539688692.6636,425,S4_twin_shock_cex_intervention,indonesia,USDC
69,0.9940432454435528,2989539688692.6636,425,S4_twin_shock_cex_intervention,indonesia,USDC
70,1.00948086455722,2989539688692.6636,425,S4_twin_shock_cex_intervention,indonesia,USDC
71,0.9920458792694349,2989539688692.6636,425,S4_twin_shock_cex_intervention,indonesia,USDC
72,0.980131701045067,2989539688692.717,425,S4_twin_shock_cex_intervention,indonesia,USDC
73,0.9757745555953212,2989539688692.757,425,S4_twin_shock_cex_intervention,indonesia,USDC
74,0.9651909107577897,2989539688692.7866,425,S4_twin_shock_cex_intervention,indonesia,USDC
75,0.9862560647905495,2989349876232.162,425,S4_twin_shock_cex_intervention,indonesia,USDC
76,0.967050627132474,2989349876232.184,425,S4_twin_shock_cex_intervention,indonesia,USDC
77,0.9791702120877539,2989235739869.335,425,S4_twin_shock_cex_intervention,indonesia,USDC
78,0.9872364027811371,2989235739869.335,425,S4_twin_shock_cex_intervention,indonesia,USDC
79,0.9674214857225553,2989235739869.3477,425,S4_twin_shock_cex_intervention,indonesia,USDC
80,0.9773749990791768,2989177299985.349,425,S4_twin_shock_cex_intervention,indonesia,USDC
81,1.0268385554913342,2989177299985.3564,425,S4_twin_shock_cex_intervention,indonesia,USDC
82,1.0528572643590675,2989177299985.362,425,S4_twin_shock_cex_intervention,indonesia,USDC
83,1.0560627081872276,2989177299985.3657,425,S4_twin_shock_cex_intervention,indonesia,USDC
84,1.0252501757208574,2989177299985.3687,425,S4_twin_shock_cex_intervention,indonesia,USDC
85,1.0493546924134414,2989177299985.371,425,S4_twin_shock_cex_intervention,indonesia,USDC
86,1.0576925275668396,2989177299985.3726,425,S4_twin_shock_cex_intervention,indonesia,USDC
87,1.0459888085266544,2989177299985.374,425,S4_twin_shock_cex_intervention,indonesia,USDC
88,1.0637605782708552,2989177299985.375,425,S4_twin_shock_cex_intervention,indonesia,USDC
89,1.062314637206377,2989177299985.3755,425,S4_twin_shock_cex_intervention,indonesia,USDC
90,1.064991214428596,2989177299985.376,425,S4_twin_shock_cex_intervention,indonesia,USDC
91,1.049092587936535,2989177299985.3765,425,S4_twin_shock_cex_intervention,indonesia,USDC
92,1.02848298016056,2989177299985.377,425,S4_twin_shock_cex_intervention,indonesia,USDC
93,1.0536729416194215,2989177299985.377,425,S4_twin_shock_cex_intervention,indonesia,USDC
94,1.033413258293116,2989177299985.377,425,S4_twin_shock_cex_intervention,indonesia,USDC
95,1.0150271884317124,2989177299985.377,425,S4_twin_shock_cex_intervention,indonesia,USDC
96,1.0335147719326572,2989177299985.377,425,S4_twin_shock_cex_intervention,indonesia,USDC
97,1.063278851082289,2989177299985.377,425,S4_twin_shock_cex_intervention,indonesia,USDC
98,1.0440755144155094,2989177299985.377,425,S4_twin_shock_cex_intervention,indonesia,USDC
99,1.0725866515233815,2989177299985.377,425,S4_twin_shock_cex_intervention,indonesia,USDC
100,1.123082551209192,2989177299985.377,425,S4_twin_shock_cex_intervention,indonesia,USDC
101,0.9148774438709983,2989177299985.377,425,S4_twin_shock_cex_intervention,indonesia,USDC
102,0.9138846172612858,2985962651837.041,425,S4_twin_shock_cex_intervention,indonesia,USDC
103,0.9261103843407112,2982865714910.167,425,S4_twin_shock_cex_intervention,indonesia,USDC
104,0.9393935763817722,2980588656909.215,425,S4_twin_shock_cex_intervention,indonesia,USDC
105,0.9463106771107175,2979084052410.3867,425,S4_twin_shock_cex_intervention,indonesia,USDC
106,0.9227402121584808,2977919837676.657,425,S4_twin_shock_cex_intervention,indonesia,USDC
107,0.8998444323674727,2975562687597.5703,425,S4_twin_shock_cex_intervention,indonesia,USDC
108,0.9064504975248321,2972392053209.64,425,S4_twin_shock_cex_intervention,indonesia,USDC
109,0.9212352983312787,2969653800081.676,425,S4_twin_shock_cex_intervention,indonesia,USDC
110,0.92947723172312,2967800012582.9453,425,S4_twin_shock_cex_intervention,indonesia,USDC
111,0.966279440183171,2966340731096.9653,425,S4_twin_shock_cex_intervention,indonesia,USDC
112,0.9637112714190187,2966242226752.2095,425,S4_twin_shock_cex_intervention,indonesia,USDC
113,0.9511366144894977,2966027364893.398,425,S4_twin_shock_cex_intervention,indonesia,USDC
114,0.9275318997470757,2965409699395.3315,425,S4_twin_shock_cex_intervention,indonesia,USDC
115,0.9220560465466054,2963839254848.3364,425,S4_twin_shock_cex_intervention,indonesia,USDC
116,0.9523401212729949,2962189502262.878,425,S4_twin_shock_cex_intervention,indonesia,USDC
117,0.9345127513023345,2961622049322.5205,425,S4_twin_shock_cex_intervention,indonesia,USDC
118,0.942085014651584,2960484266128.949,425,S4_twin_shock_cex_intervention,indonesia,USDC
119,0.9340492191835225,2959593732700.3506,425,S4_twin_shock_cex_intervention,indonesia,USDC
120,0.9340218971768384,2958513658380.896,425,S4_twin_shock_cex_intervention,indonesia,USDC
121,0.9001810064671515,2883535299529.778,425,S4_twin_shock_cex_intervention,indonesia,USDC
122,0.8848662439228219,2809533849316.6826,425,S4_twin_shock_cex_intervention,indonesia,USDC
123,0.8697969617593995,2737122938581.032,425,S4_twin_shock_cex_intervention,indonesia,USDC
124,0.8716331597984093,2666407250917.372,425,S4_twin_shock_cex_intervention,indonesia,USDC
125,0.8426870297046088,2597769621770.326,425,S4_twin_shock_cex_intervention,indonesia,USDC
126,0.8171077831417639,2530346924671.742,425,S4_twin_shock_cex_intervention,indonesia,USDC
127,0.8067648314209662,2464605988042.7783,425,S4_twin_shock_cex_intervention,indonesia,USDC
128,0.7728086174256061,2400647877068.6377,425,S4_twin_shock_cex_intervention,indonesia,USDC
129,0.7939853479218476,2338413245353.759,425,S4_twin_shock_cex_intervention,indonesia,USDC
130,0.7996804536151926,2278319898786.8374,425,S4_twin_shock_cex_intervention,indonesia,USDC
131,0.8138274347778759,2220084715320.569,425,S4_twin_shock_cex_intervention,indonesia,USDC
132,0.8122959237952498,2163605862746.0728,425,S4_twin_shock_cex_intervention,indonesia,USDC
133,0.8153621640448939,2108643153200.7454,425,S4_twin_shock_cex_intervention,indonesia,USDC
134,0.8185707079679746,2055193454378.298,425,S4_twin_shock_cex_intervention,indonesia,USDC
135,0.8137091948443907,2003245922368.713,425,S4_twin_shock_cex_intervention,indonesia,USDC
136,0.8055672666106772,1952664679554.9019,425,S4_twin_shock_cex_intervention,indonesia,USDC
137,0.8110206563366698,1903392003598.064,425,S4_twin_shock_cex_intervention,indonesia,USDC
138,0.8193953918982443,1855438191619.2964,425,S4_twin_shock_cex_intervention,indonesia,USDC
139,0.7924800073697614,1808745544941.299,425,S4_twin_shock_cex_intervention,indonesia,USDC
140,0.7905609523968096,1763227443495.2114,425,S4_twin_shock_cex_intervention,indonesia,USDC
141,0.7883414426409779,1718893478717.8599,425,S4_twin_shock_cex_intervention,indonesia,USDC
142,0.8023956624362486,1675724337955.2935,425,S4_twin_shock_cex_intervention,indonesia,USDC
143,0.7903786744341612,1633675552096.1375,425,S4_twin_shock_cex_intervention,indonesia,USDC
144,0.781691841655415,1592695030685.0256,425,S4_twin_shock_cex_intervention,indonesia,USDC
145,0.800931427559115,1552758716006.0237,425,S4_twin_shock_cex_intervention,indonesia,USDC
146,0.8186898954997184,1513855041715.0305,425,S4_twin_shock_cex_intervention,indonesia,USDC
147,0.8138110690319629,1475942975286.0515,425,S4_twin_shock_cex_intervention,indonesia,USDC
148,0.8178457108177781,1438987169838.3755,425,S4_twin_shock_cex_intervention,indonesia,USDC
149,0.8239314101843648,1402967588139.6694,425,S4_twin_shock_cex_intervention,indonesia,USDC
150,0.8413378754805277,1367856036495.7942,425,S4_twin_shock_cex_intervention,indonesia,USDC
151,0.8594739174700549,1333631577457.0706,425,S4_twin_shock_cex_intervention,indonesia,USDC
152,0.8608193385568415,1300270297314.4387,425,S4_twin_shock_cex_intervention,indonesia,USDC
153,0.870025542940291,1267745510493.6887,425,S4_twin_shock_cex_intervention,indonesia,USDC
154,0.8627528321093506,1236037145276.6226,425,S4_twin_shock_cex_intervention,indonesia,USDC
155,0.8619549950409057,1205121967192.064,425,S4_twin_shock_cex_intervention,indonesia,USDC
156,0.8570681281673911,1174980509428.3228,425,S4_twin_shock_cex_intervention,indonesia,USDC
157,0.8401989699610486,1145594070049.7004,425,S4_twin_shock_cex_intervention,indonesia,USDC
158,0.8605347318972503,1116942282887.3027,425,S4_twin_shock_cex_intervention,indonesia,USDC
159,0.8381476589558451,1089009346994.9238,425,S4_twin_shock_cex_intervention,indonesia,USDC
160,0.8210257269227615,1061774303811.8629,425,S4_twin_shock_cex_intervention,indonesia,USDC
161,0.7997800207381324,1035220334336.1392,425,S4_twin_shock_cex_intervention,indonesia,USDC
162,0.7896489796129854,1009330675174.3411,425,S4_twin_shock_cex_intervention,indonesia,USDC
163,0.7909566448395775,984089329772.3215,425,S4_twin_shock_cex_intervention,indonesia,USDC
164,0.7753255233816868,959480512805.2976,425,S4_twin_shock_cex_intervention,indonesia,USDC
165,0.778457690840991,935487493995.4319,425,S4_twin_shock_cex_intervention,indonesia,USDC
166,0.766577633014978,912095750569.2351,425,S4_twin_shock_cex_intervention,indonesia,USDC
167,0.7895824461875913,889289176617.2648,425,S4_twin_shock_cex_intervention,indonesia,USDC
168,0.7781939399640732,867054073554.8766,425,S4_twin_shock_cex_intervention,indonesia,USDC
169,0.7795795603452813,845375222913.7795,425,S4_twin_shock_cex_intervention,indonesia,USDC
170,0.8053694558943185,824238883517.9614,425,S4_twin_shock_cex_intervention,indonesia,USDC
171,0.7935580346278841,803631509835.304,425,S4_twin_shock_cex_intervention,indonesia,USDC
172,0.8105818307686344,783539469888.1016,425,S4_twin_shock_cex_intervention,indonesia,USDC
173,0.8120400348468407,763950072790.4727,425,S4_twin_shock_cex_intervention,indonesia,USDC
174,0.8050105000072786,744850529995.6296,425,S4_twin_shock_cex_intervention,indonesia,USDC
175,0.8181698116679647,726228575109.4277,425,S4_twin_shock_cex_intervention,indonesia,USDC
176,0.8269480700731257,708072332518.284,425,S4_twin_shock_cex_intervention,indonesia,USDC
177,0.8097841535735117,690370121422.084,425,S4_twin_shock_cex_intervention,indonesia,USDC
178,0.781223157662161,673110480840.8025,425,S4_twin_shock_cex_intervention,indonesia,USDC
179,0.7758135916452006,656282326641.9215,425,S4_twin_shock_cex_intervention,indonesia,USDC
180,0.7838809119783564,639874947942.6061,425,S4_twin_shock_cex_intervention,indonesia,USDC
181,0.8021801856171293,623877821379.4121,425,S4_twin_shock_cex_intervention,indonesia,USDC
182,0.8070622315538107,608280698299.1494,425,S4_twin_shock_cex_intervention,indonesia,USDC
183,0.8205750048195555,593073527488.3893,425,S4_twin_shock_cex_intervention,indonesia,USDC
184,0.7900054616230916,578246576997.0625,425,S4_twin_shock_cex_intervention,indonesia,USDC
185,0.7574262307280849,563790294769.6768,425,S4_twin_shock_cex_intervention,indonesia,USDC
186,0.7670871314212416,549695423566.1286,425,S4_twin_shock_cex_intervention,indonesia,USDC
187,0.7686129400576198,535952956018.46985,425,S4_twin_shock_cex_intervention,indonesia,USDC
188,0.7779828610258063,522554062838.9851,425,S4_twin_shock_cex_intervention,indonesia,USDC
189,0.7865770725048211,509490160971.0698,425,S4_twin_shock_cex_intervention,indonesia,USDC
190,0.766950675066343,496752866458.91156,425,S4_twin_shock_cex_intervention,indonesia,USDC
191,0.7752465593769572,484334009826.5088,425,S4_twin_shock_cex_intervention,indonesia,USDC
192,0.7850697440576228,472225632260.9509,425,S4_twin_shock_cex_intervention,indonesia,USDC
193,0.773834985510208,460419971059.8704,425,S4_twin_shock_cex_intervention,indonesia,USDC
194,0.7634734788244609,448909453392.43823,425,S4_twin_shock_cex_intervention,indonesia,USDC
195,0.7578149610386489,437686701610.9625,425,S4_twin_shock_cex_intervention,indonesia,USDC
196,0.7781057143657953,426744522051.76025,425,S4_twin_shock_cex_intervention,indonesia,USDC
197,0.7745527170078759,416075900597.33606,425,S4_twin_shock_cex_intervention,indonesia,USDC
198,0.786485607826727,405673995691.64575,425,S4_twin_shock_cex_intervention,indonesia,USDC
199,0.7848508528881967,395532140470.5464,425,S4_twin_shock_cex_intervention,indonesia,USDC
200,0.7839559976270218,385643832474.53375,425,S4_twin_shock_cex_intervention,indonesia,USDC
201,0.7903305597158626,376002733144.0448,425,S4_twin_shock_cex_intervention,indonesia,USDC
202,0.8037565358830807,366602661917.67004,425,S4_twin_shock_cex_intervention,indonesia,USDC
203,0.8230404242283818,357437593263.56177,425,S4_twin_shock_cex_intervention,indonesia,USDC
204,0.812892717976843,348501651772.42596,425,S4_twin_shock_cex_intervention,indonesia,USDC
205,0.8161941015544322,339789108972.76587,425,S4_twin_shock_cex_intervention,indonesia,USDC
206,0.8218202190796593,331294380062.17847,425,S4_twin_shock_cex_intervention,indonesia,USDC
207,0.7999107456718255,323012019572.52905,425,S4_twin_shock_cex_intervention,indonesia,USDC
208,0.775350200629682,314936718156.6214,425,S4_twin_shock_cex_intervention,indonesia,USDC
209,0.7810653638464968,307063299261.9837,425,S4_twin_shock_cex_intervention,indonesia,USDC
210,0.7778632433658514,299386716092.8528,425,S4_twin_shock_cex_intervention,indonesia,USDC
211,0.7769496420697303,291902047619.52106,425,S4_twin_shock_cex_intervention,indonesia,USDC
212,0.8000142198961105,284604495952.7613,425,S4_twin_shock_cex_intervention,indonesia,USDC
213,0.7953140579826409,277489383201.2966,425,S4_twin_shock_cex_intervention,indonesia,USDC
214,0.8301641175292975,270552148328.06473,425,S4_twin_shock_cex_intervention,indonesia,USDC
215,0.7933469338574227,263788344422.8707,425,S4_twin_shock_cex_intervention,indonesia,USDC
216,0.786382216609423,257193635603.5675,425,S4_twin_shock_cex_intervention,indonesia,USDC
217,0.7774214076325421,250763794542.18982,425,S4_twin_shock_cex_intervention,indonesia,USDC
218,0.768748929606705,244494699530.95645,425,S4_twin_shock_cex_intervention,indonesia,USDC
219,0.758386086943021,238382331917.17776,425,S4_twin_shock_cex_intervention,indonesia,USDC
220,0.7920919942857005,232422773513.04684,425,S4_twin_shock_cex_intervention,indonesia,USDC
221,0.7865672306687553,226612204101.45593,425,S4_twin_shock_cex_intervention,indonesia,USDC
222,0.7625844209508377,220946898935.3202,425,S4_twin_shock_cex_intervention,indonesia,USDC
223,0.7765891811457389,215423226404.76575,425,S4_twin_shock_cex_intervention,indonesia,USDC
224,0.7868862634936548,210037645701.66852,425,S4_twin_shock_cex_intervention,indonesia,USDC
225,0.7826282949509813,204786704527.8189,425,S4_twin_shock_cex_intervention,indonesia,USDC
226,0.7721399294764578,199667036887.33685,425,S4_twin_shock_cex_intervention,indonesia,USDC
227,0.7980787696471779,194675360942.37085,425,S4_twin_shock_cex_intervention,indonesia,USDC
228,0.8146324072750992,189808476903.2918,425,S4_twin_shock_cex_intervention,indonesia,USDC
229,0.8238999014584243,185063264968.84406,425,S4_twin_shock_cex_intervention,indonesia,USDC
230,0.8351150223157967,180436683335.59192,425,S4_twin_shock_cex_intervention,indonesia,USDC
231,0.8454553341578869,175925766244.90253,425,S4_twin_shock_cex_intervention,indonesia,USDC
232,0.8348283221532812,171527622082.80426,425,S4_twin_shock_cex_intervention,indonesia,USDC
233,0.8521489987987867,167239431525.18933,425,S4_twin_shock_cex_intervention,indonesia,USDC
234,0.8418234301096996,163058445732.779,425,S4_twin_shock_cex_intervention,indonesia,USDC
235,0.8348116192256075,158981984585.4407,425,S4_twin_shock_cex_intervention,indonesia,USDC
236,0.8349468453729906,155007434966.95053,425,S4_twin_shock_cex_intervention,indonesia,USDC
237,0.8351449845207477,151132249089.46307,425,S4_twin_shock_cex_intervention,indonesia,USDC
238,0.8374771147340966,147353942859.4348,425,S4_twin_shock_cex_intervention,indonesia,USDC
239,0.8232965985259759,143670094285.53143,425,S4_twin_shock_cex_intervention,indonesia,USDC
240,0.8220793581265537,140078341926.1764,425,S4_twin_shock_cex_intervention,indonesia,USDC
241,0.8086183638339183,136576383376.07262,425,S4_twin_shock_cex_intervention,indonesia,USDC
242,0.8156100329294644,133161973789.89658,425,S4_twin_shock_cex_intervention,indonesia,USDC
243,0.8347336778365799,129832924443.66306,425,S4_twin_shock_cex_intervention,indonesia,USDC
244,0.8402200316524255,126587101331.47668,425,S4_twin_shock_cex_intervention,indonesia,USDC
245,0.8200708485143569,123422423797.3039,425,S4_twin_shock_cex_intervention,indonesia,USDC
246,0.8004236863589617,120336863201.5011,425,S4_twin_shock_cex_intervention,indonesia,USDC
247,0.7876196280715607,117328441620.6409,425,S4_twin_shock_cex_intervention,indonesia,USDC
248,0.7668084483504074,114395230579.3852,425,S4_twin_shock_cex_intervention,indonesia,USDC
249,0.755540343485025,111535349814.19398,425,S4_twin_shock_cex_intervention,indonesia,USDC
250,0.7559460530656669,108746966068.2575,425,S4_twin_shock_cex_intervention,indonesia,USDC
251,0.7757266263453089,106028291916.1038,425,S4_twin_shock_cex_intervention,indonesia,USDC
252,0.7733400891664021,103377584617.87347,425,S4_twin_shock_cex_intervention,indonesia,USDC
253,0.7938897318081668,100793145002.15366,425,S4_twin_shock_cex_intervention,indonesia,USDC
254,0.7993420309888452,98273316376.9037,425,S4_twin_shock_cex_intervention,indonesia,USDC
255,0.8053903304887372,95816483467.32826,425,S4_twin_shock_cex_intervention,indonesia,USDC
256,0.7986393716997052,93421071380.51973,425,S4_twin_shock_cex_intervention,indonesia,USDC
257,0.792803728999346,91085544595.90042,425,S4_twin_shock_cex_intervention,indonesia,USDC
258,0.7902184900822898,88808405980.91333,425,S4_twin_shock_cex_intervention,indonesia,USDC
259,0.8006632349587622,86588195831.31204,425,S4_twin_shock_cex_intervention,indonesia,USDC
260,0.797068187890308,84423490935.46765,425,S4_twin_shock_cex_intervention,indonesia,USDC
261,0.7999152831902824,82312903662.0321,425,S4_twin_shock_cex_intervention,indonesia,USDC
262,0.8120599452418137,80255081070.4397,425,S4_twin_shock_cex_intervention,indonesia,USDC
263,0.8051888015523821,78248704043.64603,425,S4_twin_shock_cex_intervention,indonesia,USDC
264,0.790391808442189,76292486442.52634,425,S4_twin_shock_cex_intervention,indonesia,USDC
265,0.7702268706481902,74385174281.43887,425,S4_twin_shock_cex_intervention,indonesia,USDC
266,0.7929215276276432,72525544924.37918,425,S4_twin_shock_cex_intervention,indonesia,USDC
267,0.7947209696673344,70712406301.25363,425,S4_twin_shock_cex_intervention,indonesia,USDC
268,0.8074772441009602,68944596143.70895,425,S4_twin_shock_cex_intervention,indonesia,USDC
269,0.8121731462711991,67220981240.10625,425,S4_twin_shock_cex_intervention,indonesia,USDC
270,0.7929831980296227,65540456709.09544,425,S4_twin_shock_cex_intervention,indonesia,USDC
271,0.7987659674850268,63901945291.360504,425,S4_twin_shock_cex_intervention,indonesia,USDC
272,0.7972372623202949,62304396659.07008,425,S4_twin_shock_cex_intervention,indonesia,USDC
273,0.8148648456796161,60746786742.58809,425,S4_twin_shock_cex_intervention,indonesia,USDC
274,0.8212822119217322,59228117074.01967,425,S4_twin_shock_cex_intervention,indonesia,USDC
275,0.8182022140859667,57747414147.16609,425,S4_twin_shock_cex_intervention,indonesia,USDC
276,0.8348321781511763,56303728793.48425,425,S4_twin_shock_cex_intervention,indonesia,USDC
277,0.8524707912793782,54896135573.64507,425,S4_twin_shock_cex_intervention,indonesia,USDC
278,0.8509768837259035,53523732184.30235,425,S4_twin_shock_cex_intervention,indonesia,USDC
279,0.8171638477568394,52185638879.69347,425,S4_twin_shock_cex_intervention,indonesia,USDC
280,0.804632205719059,50880997907.699554,425,S4_twin_shock_cex_intervention,indonesia,USDC
281,0.7942728355311979,49608972960.005646,425,S4_twin_shock_cex_intervention,indonesia,USDC
282,0.7745298288656193,48368748636.004196,425,S4_twin_shock_cex_intervention,indonesia,USDC
283,0.7797580731586967,47159529920.10295,425,S4_twin_shock_cex_intervention,indonesia,USDC
284,0.7887473094469729,45980541672.09944,425,S4_twin_shock_cex_intervention,indonesia,USDC
285,0.7982598570608643,44831028130.29625,425,S4_twin_shock_cex_intervention,indonesia,USDC
286,0.7775485515157309,43710252427.03832,425,S4_twin_shock_cex_intervention,indonesia,USDC
287,0.7920062122241434,42617496116.36185,425,S4_twin_shock_cex_intervention,indonesia,USDC
288,0.8094223385822789,41552058713.45244,425,S4_twin_shock_cex_intervention,indonesia,USDC
289,0.7765786908844508,40513257245.61586,425,S4_twin_shock_cex_intervention,indonesia,USDC
290,0.7657969622551364,39500425814.47518,425,S4_twin_shock_cex_intervention,indonesia,USDC
291,0.7719475967666228,38512915169.11306,425,S4_twin_shock_cex_intervention,indonesia,USDC
292,0.7676504132170578,37550092289.885056,425,S4_twin_shock_cex_intervention,indonesia,USDC
293,0.7632743783456607,36611339982.63778,425,S4_twin_shock_cex_intervention,indonesia,USDC
294,0.7781902376515137,35696056483.07171,425,S4_twin_shock_cex_intervention,indonesia,USDC
295,0.7784356342296342,34803655070.99483,425,S4_twin_shock_cex_intervention,indonesia,USDC
296,0.7898554093544976,33933563694.219883,425,S4_twin_shock_cex_intervention,indonesia,USDC
297,0.7985763109097825,33085224601.864326,425,S4_twin_shock_cex_intervention,indonesia,USDC
298,0.7977409879173539,32258093986.817673,425,S4_twin_shock_cex_intervention,indonesia,USDC
299,0.7893667172713466,31451641637.147194,425,S4_twin_shock_cex_intervention,indonesia,USDC
300,0.7978920009795952,30665350596.218483,425,S4_twin_shock_cex_intervention,indonesia,USDC
301,0.7816646987972884,29898716831.312996,425,S4_twin_shock_cex_intervention,indonesia,USDC
302,0.7851840672279726,29151248910.53015,425,S4_twin_shock_cex_intervention,indonesia,USDC
303,0.7753060115272973,28422467687.76688,425,S4_twin_shock_cex_intervention,indonesia,USDC
304,0.7658000333921566,27711905995.572685,425,S4_twin_shock_cex_intervention,indonesia,USDC
305,0.7431793442437616,27019108345.683357,425,S4_twin_shock_cex_intervention,indonesia,USDC
306,0.758048966889214,26343630637.041267,425,S4_twin_shock_cex_intervention,indonesia,USDC
307,0.7583302495579748,25685039871.115227,425,S4_twin_shock_cex_intervention,indonesia,USDC
308,0.7676145207661688,25042913874.33734,425,S4_twin_shock_cex_intervention,indonesia,USDC
309,0.7838635685265156,24416841027.4789,425,S4_twin_shock_cex_intervention,indonesia,USDC
310,0.8262114860471946,23806420001.791927,425,S4_twin_shock_cex_intervention,indonesia,USDC
311,0.8541260446935871,23211259501.747124,425,S4_twin_shock_cex_intervention,indonesia,USDC
312,0.871794590826299,22630978014.203445,425,S4_twin_shock_cex_intervention,indonesia,USDC
313,0.8504157370273797,22065203563.84836,425,S4_twin_shock_cex_intervention,indonesia,USDC
314,0.8455171230058454,21513573474.752148,425,S4_twin_shock_cex_intervention,indonesia,USDC
315,0.8399450749836385,20975734137.883347,425,S4_twin_shock_cex_intervention,indonesia,USDC
316,0.8574565258154707,20451340784.43626,425,S4_twin_shock_cex_intervention,indonesia,USDC
317,0.8369454114046074,19940057264.825356,425,S4_twin_shock_cex_intervention,indonesia,USDC
318,0.840004386288889,19441555833.20472,425,S4_twin_shock_cex_intervention,indonesia,USDC
319,0.8338858315439504,18955516937.374603,425,S4_twin_shock_cex_intervention,indonesia,USDC
320,0.8148016736072886,18481629013.94024,425,S4_twin_shock_cex_intervention,indonesia,USDC
321,0.8137900384501272,18019588288.591732,425,S4_twin_shock_cex_intervention,indonesia,USDC
322,0.7985406329186533,17569098581.376938,425,S4_twin_shock_cex_intervention,indonesia,USDC
323,0.7972195031967618,17129871116.842516,425,S4_twin_shock_cex_intervention,indonesia,USDC
324,0.7874484119086589,16701624338.921452,425,S4_twin_shock_cex_intervention,indonesia,USDC
325,0.7912341569371406,16284083730.448418,425,S4_twin_shock_cex_intervention,indonesia,USDC
326,0.7780095850748218,15876981637.187206,425,S4_twin_shock_cex_intervention,indonesia,USDC
327,0.7607471442941866,15480057096.257526,425,S4_twin_shock_cex_intervention,indonesia,USDC
328,0.7560317083878967,15093055668.85109,425,S4_twin_shock_cex_intervention,indonesia,USDC
329,0.76848725568609,14715729277.12981,425,S4_twin_shock_cex_intervention,indonesia,USDC
330,0.7712270959509683,14347836045.201565,425,S4_twin_shock_cex_intervention,indonesia,USDC
331,0.7937197414754478,13989140144.071526,425,S4_twin_shock_cex_intervention,indonesia,USDC
332,0.7966512451483753,13639411640.469738,425,S4_twin_shock_cex_intervention,indonesia,USDC
333,0.7833349727879877,13298426349.457996,425,S4_twin_shock_cex_intervention,indonesia,USDC
334,0.7592952907421695,12965965690.721546,425,S4_twin_shock_cex_intervention,indonesia,USDC
335,0.7518190043354729,12641816548.453506,425,S4_twin_shock_cex_intervention,indonesia,USDC
336,0.7511634501147272,12325771134.742168,425,S4_twin_shock_cex_intervention,indonesia,USDC
337,0.7540842515632226,12017626856.373615,425,S4_twin_shock_cex_intervention,indonesia,USDC
338,0.7737983069119452,11717186184.964273,425,S4_twin_shock_cex_intervention,indonesia,USDC
339,0.7736445376171901,11424256530.340166,425,S4_twin_shock_cex_intervention,indonesia,USDC
340,0.7746263814288715,11138650117.081663,425,S4_twin_shock_cex_intervention,indonesia,USDC
341,0.7713071715402513,10860183864.154621,425,S4_twin_shock_cex_intervention,indonesia,USDC
342,0.7690113950504424,10588679267.550755,425,S4_twin_shock_cex_intervention,indonesia,USDC
343,0.7864899760231746,10323962285.861986,425,S4_twin_shock_cex_intervention,indonesia,USDC
344,0.7769711837853578,10065863228.715437,425,S4_twin_shock_cex_intervention,indonesia,USDC
345,0.7746190858641886,9814216647.997551,425,S4_twin_shock_cex_intervention,indonesia,USDC
346,0.7903078104530219,9568861231.797611,425,S4_twin_shock_cex_intervention,indonesia,USDC
347,0.7882892816057333,9329639701.00267,425,S4_twin_shock_cex_intervention,indonesia,USDC
348,0.8035403274569365,9096398708.477606,425,S4_twin_shock_cex_intervention,indonesia,USDC
349,0.8251853974619294,8868988740.765665,425,S4_twin_shock_cex_intervention,indonesia,USDC
350,0.8310358978554407,8647264022.246523,425,S4_twin_shock_cex_intervention,indonesia,USDC
351,0.8303589763228554,8431082421.690359,425,S4_twin_shock_cex_intervention,indonesia,USDC
352,0.8215313661705186,8220305361.148101,425,S4_twin_shock_cex_intervention,indonesia,USDC
353,0.8225429111113158,8014797727.119399,425,S4_twin_shock_cex_intervention,indonesia,USDC
354,0.8205251955786077,7814427783.941414,425,S4_twin_shock_cex_intervention,indonesia,USDC
355,0.8188510514720757,7619067089.342878,425,S4_twin_shock_cex_intervention,indonesia,USDC
356,0.8161959479549432,7428590412.109305,425,S4_twin_shock_cex_intervention,indonesia,USDC
357,0.7835870936543252,7242875651.806574,425,S4_twin_shock_cex_intervention,indonesia,USDC
358,0.7654895302919358,7061803760.51141,425,S4_twin_shock_cex_intervention,indonesia,USDC
359,0.7688231654373023,6885258666.498623,425,S4_twin_shock_cex_intervention,indonesia,USDC
360,0.7503754569214434,6713127199.836159,425,S4_twin_shock_cex_intervention,indonesia,USDC
361,0.7661458621530096,6545299019.840255,425,S4_twin_shock_cex_intervention,indonesia,USDC
362,0.768176133799752,6381666544.344249,425,S4_twin_shock_cex_intervention,indonesia,USDC
363,0.7531391036350621,6222124880.735642,425,S4_twin_shock_cex_intervention,indonesia,USDC
364,0.769620877633449,6066571758.717251,425,S4_twin_shock_cex_intervention,indonesia,USDC
365,0.7696804112278544,5914907464.74932,425,S4_twin_shock_cex_intervention,indonesia,USDC
366,0.7780062545896256,5767034778.130587,425,S4_twin_shock_cex_intervention,indonesia,USDC
367,0.7990651196367836,5622858908.677322,425,S4_twin_shock_cex_intervention,indonesia,USDC
368,0.7723391020944604,5482287435.960389,425,S4_twin_shock_cex_intervention,indonesia,USDC
369,0.7828576262295941,5345230250.061379,425,S4_twin_shock_cex_intervention,indonesia,USDC
370,0.7887064993331785,5211599493.809845,425,S4_twin_shock_cex_intervention,indonesia,USDC
371,0.7826203770470724,5081309506.4646,425,S4_twin_shock_cex_intervention,indonesia,USDC
372,0.7906516521123019,4954276768.802984,425,S4_twin_shock_cex_intervention,indonesia,USDC
373,0.7803895103929022,4830419849.58291,425,S4_twin_shock_cex_intervention,indonesia,USDC
374,0.777449306396911,4709659353.343337,425,S4_twin_shock_cex_intervention,indonesia,USDC
375,0.7840074300577864,4591917869.509754,425,S4_twin_shock_cex_intervention,indonesia,USDC
376,0.7688815032360062,4477119922.77201,425,S4_twin_shock_cex_intervention,indonesia,USDC
377,0.7670360075568443,4365191924.702709,425,S4_twin_shock_cex_intervention,indonesia,USDC
378,0.7737850140035459,4256062126.585141,425,S4_twin_shock_cex_intervention,indonesia,USDC
379,0.7516597457303388,4149660573.4205127,425,S4_twin_shock_cex_intervention,indonesia,USDC
380,0.7554137054581396,4045919059.085,425,S4_twin_shock_cex_intervention,indonesia,USDC
381,0.7522806027003387,3944771082.607875,425,S4_twin_shock_cex_intervention,indonesia,USDC
382,0.7363970590629133,3846151805.542678,425,S4_twin_shock_cex_intervention,indonesia,USDC
383,0.7477259558939684,3749998010.404111,425,S4_twin_shock_cex_intervention,indonesia,USDC
384,0.7635232466239473,3656248060.1440077,425,S4_twin_shock_cex_intervention,indonesia,USDC
385,0.7558443317775676,3564841858.640408,425,S4_twin_shock_cex_intervention,indonesia,USDC
386,0.7754643535078506,3475720812.174398,425,S4_twin_shock_cex_intervention,indonesia,USDC
387,0.7701807110878923,3388827791.870038,425,S4_twin_shock_cex_intervention,indonesia,USDC
388,0.7496941635293703,3304107097.073287,425,S4_twin_shock_cex_intervention,indonesia,USDC
389,0.7416478952688276,3221504419.646455,425,S4_twin_shock_cex_intervention,indonesia,USDC
390,0.7508371232256934,3140966809.1552935,425,S4_twin_shock_cex_intervention,indonesia,USDC
391,0.7760975586649632,3062442638.9264116,425,S4_twin_shock_cex_intervention,indonesia,USDC
392,0.7727894170539029,2985881572.953251,425,S4_twin_shock_cex_intervention,indonesia,USDC
393,0.7889686283394091,2911234533.62942,425,S4_twin_shock_cex_intervention,indonesia,USDC
394,0.799512272877142,2838453670.2886844,425,S4_twin_shock_cex_intervention,indonesia,USDC
395,0.8161147044001361,2767492328.5314674,425,S4_twin_shock_cex_intervention,indonesia,USDC
396,0.8104260080138848,2698305020.3181806,425,S4_twin_shock_cex_intervention,indonesia,USDC
397,0.8238048132903605,2630847394.8102264,425,S4_twin_shock_cex_intervention,indonesia,USDC
398,0.8066180409748319,2565076209.93997,425,S4_twin_shock_cex_intervention,indonesia,USDC
399,0.8311459248553661,2500949304.691471,425,S4_twin_shock_cex_intervention,indonesia,USDC
400,0.8305106445003269,2438425572.0741844,425,S4_twin_shock_cex_intervention,indonesia,USDC
401,0.8206558037492038,2377464932.7723293,425,S4_twin_shock_cex_intervention,indonesia,USDC
402,0.8213338002165226,2318028309.4530215,425,S4_twin_shock_cex_intervention,indonesia,USDC
403,0.8039495483197585,2260077601.7166963,425,S4_twin_shock_cex_intervention,indonesia,USDC
404,0.782170297081288,2203575661.6737785,425,S4_twin_shock_cex_intervention,indonesia,USDC
405,0.7748873117486994,2148486270.131934,425,S4_twin_shock_cex_intervention,indonesia,USDC
406,0.7364832238464091,2094774113.378636,425,S4_twin_shock_cex_intervention,indonesia,USDC
407,0.7668644204364764,2042404760.54417,425,S4_twin_shock_cex_intervention,indonesia,USDC
408,0.7642810431616285,1991344641.5305657,425,S4_twin_shock_cex_intervention,indonesia,USDC
409,0.7972849782250141,1941561025.492302,425,S4_twin_shock_cex_intervention,indonesia,USDC
410,0.7993989416202953,1893021999.8549943,425,S4_twin_shock_cex_intervention,indonesia,USDC
411,0.7895150762700076,1845696449.8586195,425,S4_twin_shock_cex_intervention,indonesia,USDC
412,0.7898946549323704,1799554038.612154,425,S4_twin_shock_cex_intervention,indonesia,USDC
413,0.7834519521542536,1754565187.64685,425,S4_twin_shock_cex_intervention,indonesia,USDC
414,0.8067677067871789,1710701057.9556787,425,S4_twin_shock_cex_intervention,indonesia,USDC
415,0.8073586028026701,1667933531.5067868,425,S4_twin_shock_cex_intervention,indonesia,USDC
416,0.8147064544213258,1626235193.2191172,425,S4_twin_shock_cex_intervention,indonesia,USDC
417,0.8140008654099632,1585579313.3886392,425,S4_twin_shock_cex_intervention,indonesia,USDC
418,0.8123486361873963,1545939830.5539234,425,S4_twin_shock_cex_intervention,indonesia,USDC
419,0.8023389561534623,1507291334.790075,425,S4_twin_shock_cex_intervention,indonesia,USDC
420,0.789917102143885,1469609051.4203231,425,S4_twin_shock_cex_intervention,indonesia,USDC
421,0.7893109231581421,1432868825.1348152,425,S4_twin_shock_cex_intervention,indonesia,USDC
422,0.8002586949491008,1397047104.506445,425,S4_twin_shock_cex_intervention,indonesia,USDC
423,0.8059779212517196,1362120926.8937836,425,S4_twin_shock_cex_intervention,indonesia,USDC
424,0.7990157078658151,1328067903.7214391,425,S4_twin_shock_cex_intervention,indonesia,USDC
425,0.8138899731329425,1294866206.1284032,425,S4_twin_shock_cex_intervention,indonesia,USDC
426,0.7960020987665237,1262494550.975193,425,S4_twin_shock_cex_intervention,indonesia,USDC
427,0.8071889401253649,1230932187.2008133,425,S4_twin_shock_cex_intervention,indonesia,USDC
428,0.8061920796817242,1200158882.5207927,425,S4_twin_shock_cex_intervention,indonesia,USDC
429,0.7863716599533679,1170154910.457773,425,S4_twin_shock_cex_intervention,indonesia,USDC
430,0.7862017816156789,1140901037.6963286,425,S4_twin_shock_cex_intervention,indonesia,USDC
431,0.7901621698841952,1112378511.7539203,425,S4_twin_shock_cex_intervention,indonesia,USDC
432,0.8102018357127891,1084569048.9600725,425,S4_twin_shock_cex_intervention,indonesia,USDC
433,0.7872357710194399,1057454822.7360706,425,S4_twin_shock_cex_intervention,indonesia,USDC
434,0.7931664782544268,1031018452.1676688,425,S4_twin_shock_cex_intervention,indonesia,USDC
435,0.7976252797157676,1005242990.8634771,425,S4_twin_shock_cex_intervention,indonesia,USDC
436,0.8015315965361496,980111916.0918901,425,S4_twin_shock_cex_intervention,indonesia,USDC
437,0.8024031543943667,955609118.1895928,425,S4_twin_shock_cex_intervention,indonesia,USDC
438,0.781369713590564,931718890.234853,425,S4_twin_shock_cex_intervention,indonesia,USDC
439,0.7802179822723665,908425917.9789817,425,S4_twin_shock_cex_intervention,indonesia,USDC
440,0.7860077676319339,885715270.0295072,425,S4_twin_shock_cex_intervention,indonesia,USDC
441,0.7813651719864728,863572388.2787695,425,S4_twin_shock_cex_intervention,indonesia,USDC
442,0.8001736167608108,841983078.5718004,425,S4_twin_shock_cex_intervention,indonesia,USDC
443,0.8146684400024347,820933501.6075053,425,S4_twin_shock_cex_intervention,indonesia,USDC
444,0.8224690753264181,800410164.0673177,425,S4_twin_shock_cex_intervention,indonesia,USDC
445,0.8242960619958922,780399909.9656348,425,S4_twin_shock_cex_intervention,indonesia,USDC
446,0.8230672944787961,760889912.2164938,425,S4_twin_shock_cex_intervention,indonesia,USDC
447,0.8013943476502241,741867664.4110816,425,S4_twin_shock_cex_intervention,indonesia,USDC
448,0.8022425358410272,723320972.8008045,425,S4_twin_shock_cex_intervention,indonesia,USDC
449,0.7950417048473065,705237948.4807844,425,S4_twin_shock_cex_intervention,indonesia,USDC
450,0.8191797370244523,687606999.7687647,425,S4_twin_shock_cex_intervention,indonesia,USDC
451,0.7884930273936769,670416824.7745457,425,S4_twin_shock_cex_intervention,indonesia,USDC
452,0.7783890009689144,653656404.155182,425,S4_twin_shock_cex_intervention,indonesia,USDC
453,0.7878556299721827,637314994.0513024,425,S4_twin_shock_cex_intervention,indonesia,USDC
454,0.7948680810729697,621382119.2000198,425,S4_twin_shock_cex_intervention,indonesia,USDC
455,0.7859518669524991,605847566.2200193,425,S4_twin_shock_cex_intervention,indonesia,USDC
456,0.7939948344691798,590701377.0645188,425,S4_twin_shock_cex_intervention,indonesia,USDC
457,0.8177349990677051,575933842.6379058,425,S4_twin_shock_cex_intervention,indonesia,USDC
458,0.823709152809156,561535496.5719582,425,S4_twin_shock_cex_intervention,indonesia,USDC
459,0.8238095983663356,547497109.1576593,425,S4_twin_shock_cex_intervention,indonesia,USDC
460,0.8275182165282435,533809681.42871773,425,S4_twin_shock_cex_intervention,indonesia,USDC
461,0.830119549211145,520464439.39299977,425,S4_twin_shock_cex_intervention,indonesia,USDC
462,0.8209006067300061,507452828.40817475,425,S4_twin_shock_cex_intervention,indonesia,USDC
463,0.8145925734843129,494766507.69797045,425,S4_twin_shock_cex_intervention,indonesia,USDC
464,0.8097007361419992,482397345.0055212,425,S4_twin_shock_cex_intervention,indonesia,USDC
465,0.8044024642678483,470337411.38038313,425,S4_twin_shock_cex_intervention,indonesia,USDC
466,0.8159022099462464,458578976.0958736,425,S4_twin_shock_cex_intervention,indonesia,USDC
467,0.820189637184139,447114501.6934768,425,S4_twin_shock_cex_intervention,indonesia,USDC
468,0.829349641591775,435936639.1511398,425,S4_twin_shock_cex_intervention,indonesia,USDC
469,0.8061970989877857,425038223.1723613,425,S4_twin_shock_cex_intervention,indonesia,USDC
470,0.7788423614971559,414412267.5930524,425,S4_twin_shock_cex_intervention,indonesia,USDC
471,0.7896807231228294,404051960.903226,425,S4_twin_shock_cex_intervention,indonesia,USDC
472,0.7834015076517739,393950661.8806454,425,S4_twin_shock_cex_intervention,indonesia,USDC
473,0.814852466307416,384101895.33362925,425,S4_twin_shock_cex_intervention,indonesia,USDC
474,0.8162423369910022,374499347.9502885,425,S4_twin_shock_cex_intervention,indonesia,USDC
475,0.8236340155549529,365136864.2515313,425,S4_twin_shock_cex_intervention,indonesia,USDC
476,0.8219641211846267,356008442.64524305,425,S4_twin_shock_cex_intervention,indonesia,USDC
477,0.8237961551626293,347108231.57911193,425,S4_twin_shock_cex_intervention,indonesia,USDC
478,0.8273798798672953,338430525.7896341,425,S4_twin_shock_cex_intervention,indonesia,USDC
479,0.8193336003126056,329969762.6448932,425,S4_twin_shock_cex_intervention,indonesia,USDC
480,0.8213045284683568,321720518.57877094,425,S4_twin_shock_cex_intervention,indonesia,USDC
481,0.8211824294016454,313677505.6143017,425,S4_twin_shock_cex_intervention,indonesia,USDC
482,0.8371819124829338,305835567.97394407,425,S4_twin_shock_cex_intervention,indonesia,USDC
483,0.8195693742061114,298189678.7745955,425,S4_twin_shock_cex_intervention,indonesia,USDC
484,0.8258324219823613,290734936.8052306,425,S4_twin_shock_cex_intervention,indonesia,USDC
485,0.8271375042062874,283466563.3850999,425,S4_twin_shock_cex_intervention,indonesia,USDC
486,0.8254498442151517,276379899.3004724,425,S4_twin_shock_cex_intervention,indonesia,USDC
487,0.8123731630140052,269470401.81796056,425,S4_twin_shock_cex_intervention,indonesia,USDC
488,0.8154105052949482,262733641.77251154,425,S4_twin_shock_cex_intervention,indonesia,USDC
489,0.8053610750719649,256165300.72819877,425,S4_twin_shock_cex_intervention,indonesia,USDC
490,0.7571013296871533,249761168.20999378,425,S4_twin_shock_cex_intervention,indonesia,USDC
491,0.7774767859365512,243517139.00474393,425,S4_twin_shock_cex_intervention,indonesia,USDC
492,0.7629086210669148,237429210.52962536,425,S4_twin_shock_cex_intervention,indonesia,USDC
493,0.7715434168088184,231493480.26638472,425,S4_twin_shock_cex_intervention,indonesia,USDC
494,0.7668458923661086,225706143.2597251,425,S4_twin_shock_cex_intervention,indonesia,USDC
495,0.7617669483882707,220063489.67823198,425,S4_twin_shock_cex_intervention,indonesia,USDC
496,0.7542240810645888,214561902.4362762,425,S4_twin_shock_cex_intervention,indonesia,USDC
497,0.7591449234128796,209197854.87536925,425,S4_twin_shock_cex_intervention,indonesia,USDC
498,0.7600314555307148,203967908.50348502,425,S4_twin_shock_cex_intervention,indonesia,USDC
499,0.7588360733514279,198868710.7908979,425,S4_twin_shock_cex_intervention,indonesia,USDC
500,0.739557357621491,193896993.02112547,425,S4_twin_shock_cex_intervention,indonesia,USDC
501,0.7570180130118412,189049568.19559732,425,S4_twin_shock_cex_intervention,indonesia,USDC
502,0.764796387800142,184323328.9907074,425,S4_twin_shock_cex_intervention,indonesia,USDC
503,0.7700689294763022,179715245.7659397,425,S4_twin_shock_cex_intervention,indonesia,USDC
504,0.7636902759597053,175222364.6217912,425,S4_twin_shock_cex_intervention,indonesia,USDC
505,0.8060473690352681,170841805.50624645,425,S4_twin_shock_cex_intervention,indonesia,USDC
506,0.8029431603557556,166570760.3685903,425,S4_twin_shock_cex_intervention,indonesia,USDC
507,0.8325605209929791,162406491.35937554,425,S4_twin_shock_cex_intervention,indonesia,USDC
508,0.8482356564543866,158346329.07539114,425,S4_twin_shock_cex_intervention,indonesia,USDC
509,0.8408596885059118,154387670.84850636,425,S4_twin_shock_cex_intervention,indonesia,USDC
510,0.8353812679910622,150527979.0772937,425,S4_twin_shock_cex_intervention,indonesia,USDC
511,0.8331127677879281,146764779.60036135,425,S4_twin_shock_cex_intervention,indonesia,USDC
512,0.8056898918082731,143095660.1103523,425,S4_twin_shock_cex_intervention,indonesia,USDC
513,0.8017179786199669,139518268.60759348,425,S4_twin_shock_cex_intervention,indonesia,USDC
514,0.7875845251828735,136030311.89240366,425,S4_twin_shock_cex_intervention,indonesia,USDC
515,0.7748110182996292,132629554.09509358,425,S4_twin_shock_cex_intervention,indonesia,USDC
516,0.7974646244508388,129313815.24271624,425,S4_twin_shock_cex_intervention,indonesia,USDC
517,0.8247128182367329,126080969.86164832,425,S4_twin_shock_cex_intervention,indonesia,USDC
518,0.8396355879402656,122928945.61510712,425,S4_twin_shock_cex_intervention,indonesia,USDC
519,0.838417547502801,119855721.97472943,425,S4_twin_shock_cex_intervention,indonesia,USDC
520,0.8208215545123438,116859328.92536122,425,S4_twin_shock_cex_intervention,indonesia,USDC
521,0.8001598374437577,113937845.70222718,425,S4_twin_shock_cex_intervention,indonesia,USDC
522,0.8401859960842747,111089399.55967149,425,S4_twin_shock_cex_intervention,indonesia,USDC
523,0.8566907503144476,108312164.57067972,425,S4_twin_shock_cex_intervention,indonesia,USDC
524,0.8534837501168215,105604360.45641272,425,S4_twin_shock_cex_intervention,indonesia,USDC
525,0.869848941826119,102964251.4450024,425,S4_twin_shock_cex_intervention,indonesia,USDC
526,0.8532322002840504,100390145.15887734,425,S4_twin_shock_cex_intervention,indonesia,USDC
527,0.8491454829891516,97880391.52990541,425,S4_twin_shock_cex_intervention,indonesia,USDC
528,0.8213267119882118,95433381.74165778,425,S4_twin_shock_cex_intervention,indonesia,USDC
529,0.8070141536995946,93047547.19811633,425,S4_twin_shock_cex_intervention,indonesia,USDC
530,0.7991851641298805,90721358.51816343,425,S4_twin_shock_cex_intervention,indonesia,USDC
531,0.8115413172581818,88453324.55520934,425,S4_twin_shock_cex_intervention,indonesia,USDC
532,0.8067389867938654,86241991.4413291,425,S4_twin_shock_cex_intervention,indonesia,USDC
533,0.8141511284641272,84085941.65529588,425,S4_twin_shock_cex_intervention,indonesia,USDC
534,0.8187627183251129,81983793.11391348,425,S4_twin_shock_cex_intervention,indonesia,USDC
535,0.8108286578949605,79934198.28606564,425,S4_twin_shock_cex_intervention,indonesia,USDC
536,0.766262188827859,77935843.32891402,425,S4_twin_shock_cex_intervention,indonesia,USDC
537,0.7442673552714185,75987447.24569115,425,S4_twin_shock_cex_intervention,indonesia,USDC
538,0.7727628281557374,74087761.06454888,425,S4_twin_shock_cex_intervention,indonesia,USDC
539,0.7633889576779103,72235567.03793515,425,S4_twin_shock_cex_intervention,indonesia,USDC
540,0.7540369906049251,70429677.86198677,425,S4_twin_shock_cex_intervention,indonesia,USDC
541,0.7649468507918149,68668935.9154371,425,S4_twin_shock_cex_intervention,indonesia,USDC
542,0.7551500280076006,66952212.51755118,425,S4_twin_shock_cex_intervention,indonesia,USDC
543,0.7725024631234155,65278407.204612404,425,S4_twin_shock_cex_intervention,indonesia,USDC
544,0.7715144962609712,63646447.02449709,425,S4_twin_shock_cex_intervention,indonesia,USDC
545,0.7637779736853687,62055285.84888466,425,S4_twin_shock_cex_intervention,indonesia,USDC
546,0.7703702833184796,60503903.70266254,425,S4_twin_shock_cex_intervention,indonesia,USDC
547,0.7574323995605496,58991306.11009598,425,S4_twin_shock_cex_intervention,indonesia,USDC
548,0.7659171999157612,57516523.45734358,425,S4_twin_shock_cex_intervention,indonesia,USDC
549,0.7498640919180553,56078610.37090999,425,S4_twin_shock_cex_intervention,indonesia,USDC
550,0.7814134704240429,54676645.111637235,425,S4_twin_shock_cex_intervention,indonesia,USDC
551,0.7978839969664318,53309728.983846314,425,S4_twin_shock_cex_intervention,indonesia,USDC
552,0.8022574290803544,51976985.75925016,425,S4_twin_shock_cex_intervention,indonesia,USDC
553,0.7742954309542889,50677561.1152689,425,S4_twin_shock_cex_intervention,indonesia,USDC
554,0.7582500947917985,49410622.087387174,425,S4_twin_shock_cex_intervention,indonesia,USDC
555,0.7644220178721716,48175356.535202496,425,S4_twin_shock_cex_intervention,indonesia,USDC
556,0.7578262063211283,46970972.62182243,425,S4_twin_shock_cex_intervention,indonesia,USDC
557,0.7673620643688271,45796698.30627687,425,S4_twin_shock_cex_intervention,indonesia,USDC
558,0.7638048945245877,44651780.84861995,425,S4_twin_shock_cex_intervention,indonesia,USDC
559,0.7726446417310211,43535486.327404454,425,S4_twin_shock_cex_intervention,indonesia,USDC
560,0.764394328395315,42447099.16921934,425,S4_twin_shock_cex_intervention,indonesia,USDC
561,0.7711049239106489,41385921.68998886,425,S4_twin_shock_cex_intervention,indonesia,USDC
562,0.7692412229713235,40351273.647739135,425,S4_twin_shock_cex_intervention,indonesia,USDC
563,0.7967235690104122,39342491.80654566,425,S4_twin_shock_cex_intervention,indonesia,USDC
564,0.8162282950300268,38358929.51138201,425,S4_twin_shock_cex_intervention,indonesia,USDC
565,0.8255501146251153,37399956.273597464,425,S4_twin_shock_cex_intervention,indonesia,USDC
566,0.8346582741380096,36464957.36675753,425,S4_twin_shock_cex_intervention,indonesia,USDC
567,0.8438884662226941,35553333.43258859,425,S4_twin_shock_cex_intervention,indonesia,USDC
568,0.8340504472433097,34664500.09677388,425,S4_twin_shock_cex_intervention,indonesia,USDC
569,0.8321696840720835,33797887.59435453,425,S4_twin_shock_cex_intervention,indonesia,USDC
570,0.8348044576324662,32952940.404495664,425,S4_twin_shock_cex_intervention,indonesia,USDC
571,0.8339572739422326,32129116.894383274,425,S4_twin_shock_cex_intervention,indonesia,USDC
572,0.8361378094845185,31325888.972023696,425,S4_twin_shock_cex_intervention,indonesia,USDC
573,0.859715759636371,30542741.747723103,425,S4_twin_shock_cex_intervention,indonesia,USDC
574,0.8738970208437798,29779173.204030026,425,S4_twin_shock_cex_intervention,indonesia,USDC
575,0.8841969826114047,29034693.873929277,425,S4_twin_shock_cex_intervention,indonesia,USDC
576,0.8602228300979565,28308826.527081043,425,S4_twin_shock_cex_intervention,indonesia,USDC
577,0.8463432604716175,27601105.863904014,425,S4_twin_shock_cex_intervention,indonesia,USDC
578,0.8491014956484018,26911078.217306413,425,S4_twin_shock_cex_intervention,indonesia,USDC
579,0.847017020423733,26238301.261873752,425,S4_twin_shock_cex_intervention,indonesia,USDC
580,0.8226401131144566,25582343.730326913,425,S4_twin_shock_cex_intervention,indonesia,USDC
581,0.8361065726104457,24942785.137068737,425,S4_twin_shock_cex_intervention,indonesia,USDC
582,0.8600672529130567,24319215.50864202,425,S4_twin_shock_cex_intervention,indonesia,USDC
583,0.8279069144199224,23711235.12092597,425,S4_twin_shock_cex_intervention,indonesia,USDC
584,0.806932659687754,23118454.24290282,425,S4_twin_shock_cex_intervention,indonesia,USDC
585,0.8101230641607272,22540492.886830248,425,S4_twin_shock_cex_intervention,indonesia,USDC
586,0.8030269290882581,21976980.56465949,425,S4_twin_shock_cex_intervention,indonesia,USDC
587,0.8074122824432347,21427556.050543007,425,S4_twin_shock_cex_intervention,indonesia,USDC
588,0.8132492566155973,20891867.14927943,425,S4_twin_shock_cex_intervention,indonesia,USDC
589,0.8062214811180244,20369570.470547445,425,S4_twin_shock_cex_intervention,indonesia,USDC
590,0.8015730825209575,19860331.20878376,425,S4_twin_shock_cex_intervention,indonesia,USDC
591,0.8019092550433476,19363822.928564165,425,S4_twin_shock_cex_intervention,indonesia,USDC
592,0.7887369156731124,18879727.355350062,425,S4_twin_shock_cex_intervention,indonesia,USDC
593,0.7872228117700757,18407734.17146631,425,S4_twin_shock_cex_intervention,indonesia,USDC
594,0.7901139231621156,17947540.81717965,425,S4_twin_shock_cex_intervention,indonesia,USDC
595,0.8015279246060217,17498852.29675016,425,S4_twin_shock_cex_intervention,indonesia,USDC
596,0.7864978029856678,17061380.989331406,425,S4_twin_shock_cex_intervention,indonesia,USDC
597,0.7703718460638275,16634846.464598121,425,S4_twin_shock_cex_intervention,indonesia,USDC
598,0.7610703256193617,16218975.302983169,425,S4_twin_shock_cex_intervention,indonesia,USDC
599,0.7599910647599826,15813500.92040859,425,S4_twin_shock_cex_intervention,indonesia,USDC
600,0.7512165184306143,15418163.397398375,425,S4_twin_shock_cex_intervention,indonesia,USDC
601,0.7314695781088268,15032709.312463418,425,S4_twin_shock_cex_intervention,indonesia,USDC
602,0.7317771827895007,14656891.579651829,425,S4_twin_shock_cex_intervention,indonesia,USDC
603,0.7529040258696699,14290469.290160533,425,S4_twin_shock_cex_intervention,indonesia,USDC
604,0.7566087310626783,13933207.55790652,425,S4_twin_shock_cex_intervention,indonesia,USDC
605,0.746519114615266,13584877.368958857,425,S4_twin_shock_cex_intervention,indonesia,USDC
606,0.7703472891622172,13245255.434734888,425,S4_twin_shock_cex_intervention,indonesia,USDC
607,0.7614453303182996,12914124.048866514,425,S4_twin_shock_cex_intervention,indonesia,USDC
608,0.7766411599360951,12591270.947644852,425,S4_twin_shock_cex_intervention,indonesia,USDC
609,0.80185426100662,12276489.173953729,425,S4_twin_shock_cex_intervention,indonesia,USDC
610,0.774714493714452,11969576.944604887,425,S4_twin_shock_cex_intervention,indonesia,USDC
611,0.7779986863046078,11670337.520989764,425,S4_twin_shock_cex_intervention,indonesia,USDC
612,0.7902074132162716,11378579.08296502,425,S4_twin_shock_cex_intervention,indonesia,USDC
613,0.7786934359277942,11094114.605890894,425,S4_twin_shock_cex_intervention,indonesia,USDC
614,0.8027725239689033,10816761.740743622,425,S4_twin_shock_cex_intervention,indonesia,USDC
615,0.8206919623377618,10546342.69722503,425,S4_twin_shock_cex_intervention,indonesia,USDC
616,0.8024463010965831,10282684.129794408,425,S4_twin_shock_cex_intervention,indonesia,USDC
617,0.827436235973052,10025617.026549544,425,S4_twin_shock_cex_intervention,indonesia,USDC
618,0.803494610723222,9774976.600885808,425,S4_twin_shock_cex_intervention,indonesia,USDC
619,0.7981717703879109,9530602.185863663,425,S4_twin_shock_cex_intervention,indonesia,USDC
620,0.7754479275264224,9292337.13121707,425,S4_twin_shock_cex_intervention,indonesia,USDC
621,0.7658947970945775,9060028.702936644,425,S4_twin_shock_cex_intervention,indonesia,USDC
622,0.78113224997689,8833527.985363228,425,S4_twin_shock_cex_intervention,indonesia,USDC
623,0.7759234847071687,8612689.785729147,425,S4_twin_shock_cex_intervention,indonesia,USDC
624,0.8060589959225836,8397372.54108592,425,S4_twin_shock_cex_intervention,indonesia,USDC
625,0.8013930997657477,8187438.227558771,425,S4_twin_shock_cex_intervention,indonesia,USDC
626,0.7958130171487059,7982752.271869803,425,S4_twin_shock_cex_intervention,indonesia,USDC
627,0.7957357344819912,7783183.465073057,425,S4_twin_shock_cex_intervention,indonesia,USDC
628,0.7764340531963707,7588603.878446231,425,S4_twin_shock_cex_intervention,indonesia,USDC
629,0.791411251389892,7398888.781485075,425,S4_twin_shock_cex_intervention,indonesia,USDC
630,0.78059422144175,7213916.561947948,425,S4_twin_shock_cex_intervention,indonesia,USDC
631,0.7902302760285221,7033568.64789925,425,S4_twin_shock_cex_intervention,indonesia,USDC
632,0.7928932871850644,6857729.431701768,425,S4_twin_shock_cex_intervention,indonesia,USDC
633,0.768609525309086,6686286.195909224,425,S4_twin_shock_cex_intervention,indonesia,USDC
634,0.7392818593974749,6519129.041011495,425,S4_twin_shock_cex_intervention,indonesia,USDC
635,0.7468880216065061,6356150.814986207,425,S4_twin_shock_cex_intervention,indonesia,USDC
636,0.7365352914176777,6197247.044611552,425,S4_twin_shock_cex_intervention,indonesia,USDC
637,0.7561297219348003,6042315.868496263,425,S4_twin_shock_cex_intervention,indonesia,USDC
638,0.776082404101763,5891257.971783856,425,S4_twin_shock_cex_intervention,indonesia,USDC
639,0.7674145652459863,5743976.52248926,425,S4_twin_shock_cex_intervention,indonesia,USDC
640,0.7638682100775224,5600377.109427028,425,S4_twin_shock_cex_intervention,indonesia,USDC
641,0.7603417390299149,5460367.681691352,425,S4_twin_shock_cex_intervention,indonesia,USDC
642,0.7788274204233532,5323858.4896490695,425,S4_twin_shock_cex_intervention,indonesia,USDC
643,0.7923595899015937,5190762.027407842,425,S4_twin_shock_cex_intervention,indonesia,USDC
644,0.8046556909603512,5060992.9767226465,425,S4_twin_shock_cex_intervention,indonesia,USDC
645,0.819363171671377,4934468.15230458,425,S4_twin_shock_cex_intervention,indonesia,USDC
646,0.8532174552409639,4811106.448496966,425,S4_twin_shock_cex_intervention,indonesia,USDC
647,0.8486262439197884,4690828.787284542,425,S4_twin_shock_cex_intervention,indonesia,USDC
648,0.8617071516923274,4573558.067602429,425,S4_twin_shock_cex_intervention,indonesia,USDC
649,0.8598916731064346,4459219.115912368,425,S4_twin_shock_cex_intervention,indonesia,USDC
650,0.8586612392883523,4347738.638014559,425,S4_twin_shock_cex_intervention,indonesia,USDC
651,0.8669915253115285,4239045.172064194,425,S4_twin_shock_cex_intervention,indonesia,USDC
652,0.8522895232697785,4133069.0427625896,425,S4_twin_shock_cex_intervention,indonesia,USDC
653,0.8285839548961684,4029742.316693525,425,S4_twin_shock_cex_intervention,indonesia,USDC
654,0.8556317310163947,3928998.758776187,425,S4_twin_shock_cex_intervention,indonesia,USDC
655,0.8638416929897645,3830773.7898067823,425,S4_twin_shock_cex_intervention,indonesia,USDC
656,0.8490999404709358,3735004.445061613,425,S4_twin_shock_cex_intervention,indonesia,USDC
657,0.8488580303538581,3641629.333935072,425,S4_twin_shock_cex_intervention,indonesia,USDC
658,0.8549665846041926,3550588.6005866956,425,S4_twin_shock_cex_intervention,indonesia,USDC
659,0.8429538162864488,3461823.8855720283,425,S4_twin_shock_cex_intervention,indonesia,USDC
660,0.852989947602389,3375278.288432727,425,S4_twin_shock_cex_intervention,indonesia,USDC
661,0.8359382312728858,3290896.3312219093,425,S4_twin_shock_cex_intervention,indonesia,USDC
662,0.8172304828100769,3208623.9229413616,425,S4_twin_shock_cex_intervention,indonesia,USDC
663,0.8148015751817768,3128408.324867828,425,S4_twin_shock_cex_intervention,indonesia,USDC
664,0.8086836285173704,3050198.116746132,425,S4_twin_shock_cex_intervention,indonesia,USDC
665,0.8045933656562259,2973943.1638274784,425,S4_twin_shock_cex_intervention,indonesia,USDC
666,0.8070402304661585,2899594.5847317916,425,S4_twin_shock_cex_intervention,indonesia,USDC
667,0.8256449809463036,2827104.7201134968,425,S4_twin_shock_cex_intervention,indonesia,USDC
668,0.7681772115288681,2756427.1021106597,425,S4_twin_shock_cex_intervention,indonesia,USDC
669,0.7797000116818414,2687516.4245578926,425,S4_twin_shock_cex_intervention,indonesia,USDC
670,0.7906358342325273,2620328.5139439455,425,S4_twin_shock_cex_intervention,indonesia,USDC
671,0.7988268758304347,2554820.301095347,425,S4_twin_shock_cex_intervention,indonesia,USDC
672,0.7810575779996133,2490949.7935679634,425,S4_twin_shock_cex_intervention,indonesia,USDC
673,0.7684618483228295,2428676.048728764,425,S4_twin_shock_cex_intervention,indonesia,USDC
674,0.743141022942743,2367959.147510545,425,S4_twin_shock_cex_intervention,indonesia,USDC
675,0.7578881629597225,2308760.168822781,425,S4_twin_shock_cex_intervention,indonesia,USDC
676,0.7471275299435023,2251041.1646022117,425,S4_twin_shock_cex_intervention,indonesia,USDC
677,0.7763072935255613,2194765.135487156,425,S4_twin_shock_cex_intervention,indonesia,USDC
678,0.8015603627261438,2139896.007099977,425,S4_twin_shock_cex_intervention,indonesia,USDC
679,0.7868720908405579,2086398.606922478,425,S4_twin_shock_cex_intervention,indonesia,USDC
680,0.7992556920009801,2034238.641749416,425,S4_twin_shock_cex_intervention,indonesia,USDC
681,0.8117220793736402,1983382.6757056806,425,S4_twin_shock_cex_intervention,indonesia,USDC
682,0.8008077925680027,1933798.1088130386,425,S4_twin_shock_cex_intervention,indonesia,USDC
683,0.7924561837105538,1885453.1560927127,425,S4_twin_shock_cex_intervention,indonesia,USDC
684,0.7964718658878511,1838316.8271903947,425,S4_twin_shock_cex_intervention,indonesia,USDC
685,0.7998102639351707,1792358.9065106348,425,S4_twin_shock_cex_intervention,indonesia,USDC
686,0.7824796356732167,1747549.9338478688,425,S4_twin_shock_cex_intervention,indonesia,USDC
687,0.7882534587598151,1703861.185501672,425,S4_twin_shock_cex_intervention,indonesia,USDC
688,0.7823792229782528,1661264.6558641302,425,S4_twin_shock_cex_intervention,indonesia,USDC
689,0.7640896790129106,1619733.039467527,425,S4_twin_shock_cex_intervention,indonesia,USDC
690,0.7732502232141283,1579239.7134808388,425,S4_twin_shock_cex_intervention,indonesia,USDC
691,0.7641021701776062,1539758.720643818,425,S4_twin_shock_cex_intervention,indonesia,USDC
692,0.7689832726445094,1501264.7526277225,425,S4_twin_shock_cex_intervention,indonesia,USDC
693,0.7740826997828125,1463733.1338120294,425,S4_twin_shock_cex_intervention,indonesia,USDC
694,0.7672233065741373,1427139.8054667285,425,S4_twin_shock_cex_intervention,indonesia,USDC
695,0.7598305771242185,1391461.3103300603,425,S4_twin_shock_cex_intervention,indonesia,USDC
696,0.7737842059572404,1356674.7775718088,425,S4_twin_shock_cex_intervention,indonesia,USDC
697,0.7787011336968265,1322757.9081325135,425,S4_twin_shock_cex_intervention,indonesia,USDC
698,0.7696552768519942,1289688.9604292007,425,S4_twin_shock_cex_intervention,indonesia,USDC
699,0.7780996900579187,1257446.7364184707,425,S4_twin_shock_cex_intervention,indonesia,USDC
700,0.7795408415739454,1226010.5680080089,425,S4_twin_shock_cex_intervention,indonesia,USDC
701,0.8143683232101527,1195360.3038078088,425,S4_twin_shock_cex_intervention,indonesia,USDC
702,0.8158530653546425,1165476.2962126136,425,S4_twin_shock_cex_intervention,indonesia,USDC
703,0.8091533885007152,1136339.3888072981,425,S4_twin_shock_cex_intervention,indonesia,USDC
704,0.8376566347714915,1107930.9040871155,425,S4_twin_shock_cex_intervention,indonesia,USDC
705,0.8582896074956669,1080232.6314849379,425,S4_twin_shock_cex_intervention,indonesia,USDC
706,0.8239908586150421,1053226.8156978143,425,S4_twin_shock_cex_intervention,indonesia,USDC
707,0.8275518610275657,1026896.1453053689,425,S4_twin_shock_cex_intervention,indonesia,USDC
708,0.8399091848424618,1001223.7416727347,425,S4_twin_shock_cex_intervention,indonesia,USDC
709,0.8193137892620032,976193.1481309163,425,S4_twin_shock_cex_intervention,indonesia,USDC
710,0.8272677553554738,951788.3194276434,425,S4_twin_shock_cex_intervention,indonesia,USDC
711,0.8294129617628886,927993.6114419524,425,S4_twin_shock_cex_intervention,indonesia,USDC
712,0.8330688088269443,904793.7711559036,425,S4_twin_shock_cex_intervention,indonesia,USDC
713,0.862906373969234,882173.926877006,425,S4_twin_shock_cex_intervention,indonesia,USDC
714,0.8382418857674656,860119.5787050808,425,S4_twin_shock_cex_intervention,indonesia,USDC
715,0.8392270647589604,838616.5892374538,425,S4_twin_shock_cex_intervention,indonesia,USDC
716,0.8250407276474367,817651.1745065174,425,S4_twin_shock_cex_intervention,indonesia,USDC
717,0.8233387422049893,797209.8951438544,425,S4_twin_shock_cex_intervention,indonesia,USDC
718,0.8221414025579021,777279.6477652581,425,S4_twin_shock_cex_intervention,indonesia,USDC
719,0.8268059743442457,757847.6565711267,425,S4_twin_shock_cex_intervention,indonesia,USDC
720,0.8119868324091047,738901.4651568485,425,S4_twin_shock_cex_intervention,indonesia,USDC
721,0.8170298818887903,720428.9285279273,425,S4_twin_shock_cex_intervention,indonesia,USDC
722,0.8082592531883954,702418.205314729,425,S4_twin_shock_cex_intervention,indonesia,USDC
723,0.7822607693577698,684857.7501818608,425,S4_twin_shock_cex_intervention,indonesia,USDC
724,0.7606091651289959,667736.3064273143,425,S4_twin_shock_cex_intervention,indonesia,USDC
725,0.7795245108030577,651042.8987666314,425,S4_twin_shock_cex_intervention,indonesia,USDC
726,0.7915394209903133,634766.8262974656,425,S4_twin_shock_cex_intervention,indonesia,USDC
727,0.7824569472502318,618897.6556400289,425,S4_twin_shock_cex_intervention,indonesia,USDC
728,0.7850829797996306,603425.2142490282,425,S4_twin_shock_cex_intervention,indonesia,USDC
729,0.7920835499466681,588339.5838928025,425,S4_twin_shock_cex_intervention,indonesia,USDC
730,0.7804481972733345,573631.0942954824,425,S4_twin_shock_cex_intervention,indonesia,USDC
731,0.7728945301497046,559290.3169380954,425,S4_twin_shock_cex_intervention,indonesia,USDC
732,0.76327186426894,545308.059014643,425,S4_twin_shock_cex_intervention,indonesia,USDC
733,0.7637933468882553,531675.3575392769,425,S4_twin_shock_cex_intervention,indonesia,USDC
734,0.7594644910627952,518383.473600795,425,S4_twin_shock_cex_intervention,indonesia,USDC
735,0.769185878801678,505423.8867607751,425,S4_twin_shock_cex_intervention,indonesia,USDC
736,0.7752132715400579,492788.2895917557,425,S4_twin_shock_cex_intervention,indonesia,USDC
737,0.769934539214895,480468.5823519619,425,S4_twin_shock_cex_intervention,indonesia,USDC
738,0.7820060420359156,468456.8677931629,425,S4_twin_shock_cex_intervention,indonesia,USDC
739,0.7921094067000863,456745.4460983338,425,S4_twin_shock_cex_intervention,indonesia,USDC
740,0.7925557234037798,445326.80994587543,425,S4_twin_shock_cex_intervention,indonesia,USDC
741,0.802793903887665,434193.63969722856,425,S4_twin_shock_cex_intervention,indonesia,USDC
742,0.7815986686123639,423338.7987047978,425,S4_twin_shock_cex_intervention,indonesia,USDC
743,0.772680476480492,412755.3287371779,425,S4_twin_shock_cex_intervention,indonesia,USDC
744,0.7972069865910916,402436.4455187485,425,S4_twin_shock_cex_intervention,indonesia,USDC
745,0.810379125667661,392375.5343807797,425,S4_twin_shock_cex_intervention,indonesia,USDC
746,0.8192863680926044,382566.1460212602,425,S4_twin_shock_cex_intervention,indonesia,USDC
747,0.8486759011814953,373001.99237072875,425,S4_twin_shock_cex_intervention,indonesia,USDC
748,0.8129028000552398,363676.9425614605,425,S4_twin_shock_cex_intervention,indonesia,USDC
749,0.8328476827763511,354585.018997424,425,S4_twin_shock_cex_intervention,indonesia,USDC
750,0.840163772643158,345720.39352248836,425,S4_twin_shock_cex_intervention,indonesia,USDC
751,0.8395952333236835,337077.38368442614,425,S4_twin_shock_cex_intervention,indonesia,USDC
752,0.8387625287763183,328650.4490923155,425,S4_twin_shock_cex_intervention,indonesia,USDC
753,0.8203414451249473,320434.1878650076,425,S4_twin_shock_cex_intervention,indonesia,USDC
754,0.7949779503820286,312423.3331683824,425,S4_twin_shock_cex_intervention,indonesia,USDC
755,0.7847316635195082,304612.7498391729,425,S4_twin_shock_cex_intervention,indonesia,USDC
756,0.7513211767169693,296997.4310931936,425,S4_twin_shock_cex_intervention,indonesia,USDC
757,0.724065103069794,289572.49531586375,425,S4_twin_shock_cex_intervention,indonesia,USDC
758,0.7239672699090762,282333.1829329671,425,S4_twin_shock_cex_intervention,indonesia,USDC
759,0.7349512683617744,275274.8533596429,425,S4_twin_shock_cex_intervention,indonesia,USDC
760,0.749989659663448,268392.98202565184,425,S4_twin_shock_cex_intervention,indonesia,USDC
761,0.7556619994627845,261683.15747501058,425,S4_twin_shock_cex_intervention,indonesia,USDC
762,0.7510629412761449,255141.0785381353,425,S4_twin_shock_cex_intervention,indonesia,USDC
763,0.7211612858100623,248762.55157468194,425,S4_twin_shock_cex_intervention,indonesia,USDC
764,0.7232451848345091,242543.48778531488,425,S4_twin_shock_cex_intervention,indonesia,USDC
765,0.70015289003927,236479.900590682,425,S4_twin_shock_cex_intervention,indonesia,USDC
766,0.7142149259935231,230567.90307591495,425,S4_twin_shock_cex_intervention,indonesia,USDC
767,0.7189486745513506,224803.7054990171,425,S4_twin_shock_cex_intervention,indonesia,USDC
768,0.7411367727602542,219183.61286154168,425,S4_twin_shock_cex_intervention,indonesia,USDC
769,0.7516884104641136,213704.02254000312,425,S4_twin_shock_cex_intervention,indonesia,USDC
770,0.731392835933295,208361.42197650307,425,S4_twin_shock_cex_intervention,indonesia,USDC
771,0.733443926442408,203152.3864270905,425,S4_twin_shock_cex_intervention,indonesia,USDC
772,0.7335906590803041,198073.57676641323,425,S4_twin_shock_cex_intervention,indonesia,USDC
773,0.7311965468427208,193121.7373472529,425,S4_twin_shock_cex_intervention,indonesia,USDC
774,0.779262273786829,188293.69391357157,425,S4_twin_shock_cex_intervention,indonesia,USDC
775,0.8017306730554303,183586.35156573227,425,S4_twin_shock_cex_intervention,indonesia,USDC
776,0.8201824728361279,178996.69277658898,425,S4_twin_shock_cex_intervention,indonesia,USDC
777,0.8031593118595165,174521.77545717426,425,S4_twin_shock_cex_intervention,indonesia,USDC
778,0.8192743335503242,170158.7310707449,425,S4_twin_shock_cex_intervention,indonesia,USDC
779,0.8036708577978815,165904.7627939763,425,S4_twin_shock_cex_intervention,indonesia,USDC
780,0.7786382982079585,161757.14372412686,425,S4_twin_shock_cex_intervention,indonesia,USDC
781,0.7722743030189336,157713.21513102372,425,S4_twin_shock_cex_intervention,indonesia,USDC
782,0.7943118078390694,153770.38475274813,425,S4_twin_shock_cex_intervention,indonesia,USDC
783,0.787379603139874,149926.12513392942,425,S4_twin_shock_cex_intervention,indonesia,USDC
784,0.790852339769634,146177.9720055812,425,S4_twin_shock_cex_intervention,indonesia,USDC
785,0.8211303670669863,142523.52270544166,425,S4_twin_shock_cex_intervention,indonesia,USDC
786,0.7888123651313707,138960.43463780562,425,S4_twin_shock_cex_intervention,indonesia,USDC
787,0.7880595755331917,135486.42377186049,425,S4_twin_shock_cex_intervention,indonesia,USDC
788,0.7990413131188568,132099.26317756396,425,S4_twin_shock_cex_intervention,indonesia,USDC
789,0.8157193467524437,128796.78159812487,425,S4_twin_shock_cex_intervention,indonesia,USDC
790,0.7873710783517978,125576.86205817176,425,S4_twin_shock_cex_intervention,indonesia,USDC
791,0.6788073706905263,122437.44050671745,425,S4_twin_shock_cex_intervention,indonesia,USDC
792,0.6994656547695538,119376.50449404953,425,S4_twin_shock_cex_intervention,indonesia,USDC
793,0.709483946708063,116392.09188169829,425,S4_twin_shock_cex_intervention,indonesia,USDC
794,0.6275350851810813,113482.28958465584,425,S4_twin_shock_cex_intervention,indonesia,USDC
795,0.6605479991031161,110645.23234503943,425,S4_twin_shock_cex_intervention,indonesia,USDC
796,0.6841272622854763,107879.10153641345,425,S4_twin_shock_cex_intervention,indonesia,USDC
797,0.7108618209452207,105182.12399800311,425,S4_twin_shock_cex_intervention,indonesia,USDC
798,0.7275239047185018,102552.57089805303,425,S4_twin_shock_cex_intervention,indonesia,USDC
799,0.7180310824932475,99988.7566256017,425,S4_twin_shock_cex_intervention,indonesia,USDC
800,0.7261992414278401,97489.03770996166,425,S4_twin_shock_cex_intervention,indonesia,USDC
801,0.7277014382394031,95051.81176721261,425,S4_twin_shock_cex_intervention,indonesia,USDC
802,0.7418950608652057,92675.5164730323,425,S4_twin_shock_cex_intervention,indonesia,USDC
803,0.7436551948590466,90358.62856120648,425,S4_twin_shock_cex_intervention,indonesia,USDC
804,0.7416660642773614,88099.66284717633,425,S4_twin_shock_cex_intervention,indonesia,USDC
805,0.7598812420361479,85897.17127599692,425,S4_twin_shock_cex_intervention,indonesia,USDC
806,0.7507065286928302,83749.74199409698,425,S4_twin_shock_cex_intervention,indonesia,USDC
807,0.7453350154842855,81655.99844424457,425,S4_twin_shock_cex_intervention,indonesia,USDC
808,0.7480642098660037,79614.59848313846,425,S4_twin_shock_cex_intervention,indonesia,USDC
809,0.7515754333647076,77624.23352106,425,S4_twin_shock_cex_intervention,indonesia,USDC
810,0.7781007206793006,75683.6276830335,425,S4_twin_shock_cex_intervention,indonesia,USDC
811,0.7870242657413286,73791.53699095765,425,S4_twin_shock_cex_intervention,indonesia,USDC
812,0.7650412211933173,71946.74856618371,425,S4_twin_shock_cex_intervention,indonesia,USDC
813,0.7444445892500638,70148.07985202913,425,S4_twin_shock_cex_intervention,indonesia,USDC
814,0.7341136665945889,68394.3778557284,425,S4_twin_shock_cex_intervention,indonesia,USDC
815,0.7501560088337664,66684.51840933519,425,S4_twin_shock_cex_intervention,indonesia,USDC
816,0.7678514161775989,65017.4054491018,425,S4_twin_shock_cex_intervention,indonesia,USDC
817,0.6539294953122458,63391.970312874255,425,S4_twin_shock_cex_intervention,indonesia,USDC
818,0.6650961938270666,61807.1710550524,425,S4_twin_shock_cex_intervention,indonesia,USDC
819,0.6886843621841674,60261.99177867609,425,S4_twin_shock_cex_intervention,indonesia,USDC
820,0.6845320071178191,58755.44198420919,425,S4_twin_shock_cex_intervention,indonesia,USDC
821,0.6992257360327347,57286.55593460395,425,S4_twin_shock_cex_intervention,indonesia,USDC
822,0.7255620322275338,55854.39203623886,425,S4_twin_shock_cex_intervention,indonesia,USDC
823,0.7384889154299206,54458.03223533289,425,S4_twin_shock_cex_intervention,indonesia,USDC
824,0.7443093213674665,53096.581429449565,425,S4_twin_shock_cex_intervention,indonesia,USDC
825,0.7494590288463686,51769.16689371333,425,S4_twin_shock_cex_intervention,indonesia,USDC
826,0.7549737857776261,50474.9377213705,425,S4_twin_shock_cex_intervention,indonesia,USDC
827,0.7735605079520381,49213.064278336235,425,S4_twin_shock_cex_intervention,indonesia,USDC
828,0.7738540733552166,47982.73767137783,425,S4_twin_shock_cex_intervention,indonesia,USDC
829,0.8114221593843991,46783.16922959338,425,S4_twin_shock_cex_intervention,indonesia,USDC
830,0.7923190818673799,45613.589998853546,425,S4_twin_shock_cex_intervention,indonesia,USDC
831,0.797124132645592,44473.25024888221,425,S4_twin_shock_cex_intervention,indonesia,USDC
832,0.7878998713363299,43361.418992660154,425,S4_twin_shock_cex_intervention,indonesia,USDC
833,0.7987594812966476,42277.38351784364,425,S4_twin_shock_cex_intervention,indonesia,USDC
834,0.7999901853348533,41220.44892989755,425,S4_twin_shock_cex_intervention,indonesia,USDC
835,0.7561230278482364,40189.93770665012,425,S4_twin_shock_cex_intervention,indonesia,USDC
836,0.773143943110445,39185.18926398386,425,S4_twin_shock_cex_intervention,indonesia,USDC
837,0.7411530974708709,38205.55953238427,425,S4_twin_shock_cex_intervention,indonesia,USDC
838,0.7603530611530005,37250.42054407466,425,S4_twin_shock_cex_intervention,indonesia,USDC
839,0.7947218101300056,36319.16003047279,425,S4_twin_shock_cex_intervention,indonesia,USDC
840,0.8073685585732475,35411.18102971097,425,S4_twin_shock_cex_intervention,indonesia,USDC
841,0.8048253572092334,34525.9015039682,425,S4_twin_shock_cex_intervention,indonesia,USDC
842,0.6902405047991692,33662.753966369,425,S4_twin_shock_cex_intervention,indonesia,USDC
843,0.6949065823994636,32821.18511720977,425,S4_twin_shock_cex_intervention,indonesia,USDC
844,0.714559393280801,32000.655489279525,425,S4_twin_shock_cex_intervention,indonesia,USDC
845,0.7201360827285175,31200.639102047535,425,S4_twin_shock_cex_intervention,indonesia,USDC
846,0.7341283601581373,30420.62312449635,425,S4_twin_shock_cex_intervention,indonesia,USDC
847,0.7403214392597824,29660.107546383937,425,S4_twin_shock_cex_intervention,indonesia,USDC
848,0.7390514592158552,28918.60485772434,425,S4_twin_shock_cex_intervention,indonesia,USDC
849,0.7286919221797288,28195.639736281228,425,S4_twin_shock_cex_intervention,indonesia,USDC
850,0.7286628667009262,27490.748742874195,425,S4_twin_shock_cex_intervention,indonesia,USDC
851,0.7445942205990285,26803.480024302342,425,S4_twin_shock_cex_intervention,indonesia,USDC
852,0.74335153626866,26133.393023694785,425,S4_twin_shock_cex_intervention,indonesia,USDC
853,0.7234576300461985,25480.058198102415,425,S4_twin_shock_cex_intervention,indonesia,USDC
854,0.7379705368536849,24843.056743149857,425,S4_twin_shock_cex_intervention,indonesia,USDC
855,0.7523239474845544,24221.98032457111,425,S4_twin_shock_cex_intervention,indonesia,USDC
856,0.7440335233304564,23616.430816456832,425,S4_twin_shock_cex_intervention,indonesia,USDC
857,0.7556820874208396,23026.02004604541,425,S4_twin_shock_cex_intervention,indonesia,USDC
858,0.7482164637687246,22450.369544894274,425,S4_twin_shock_cex_intervention,indonesia,USDC
859,0.75875044543396,21889.11030627192,425,S4_twin_shock_cex_intervention,indonesia,USDC
860,0.7525593663755923,21341.882548615118,425,S4_twin_shock_cex_intervention,indonesia,USDC
861,0.7596151057599393,20808.335484899744,425,S4_twin_shock_cex_intervention,indonesia,USDC
862,0.7622720577959637,20288.127097777247,425,S4_twin_shock_cex_intervention,indonesia,USDC
863,0.758250506027061,19780.923920332818,425,S4_twin_shock_cex_intervention,indonesia,USDC
864,0.7775793694617037,19286.400822324496,425,S4_twin_shock_cex_intervention,indonesia,USDC
865,0.7863243546768568,18804.240801766384,425,S4_twin_shock_cex_intervention,indonesia,USDC
866,0.7742298135763697,18334.134781722227,425,S4_twin_shock_cex_intervention,indonesia,USDC
867,0.7577119330891989,17875.78141217917,425,S4_twin_shock_cex_intervention,indonesia,USDC
868,0.7395060979014959,17428.88687687469,425,S4_twin_shock_cex_intervention,indonesia,USDC
869,0.7501992376318951,16993.164704952822,425,S4_twin_shock_cex_intervention,indonesia,USDC
870,0.7399623330253206,16568.335587329002,425,S4_twin_shock_cex_intervention,indonesia,USDC
871,0.7729617489073177,16154.127197645776,425,S4_twin_shock_cex_intervention,indonesia,USDC
872,0.7611492226398082,15750.274017704633,425,S4_twin_shock_cex_intervention,indonesia,USDC
873,0.7432042811755138,15356.517167262018,425,S4_twin_shock_cex_intervention,indonesia,USDC
874,0.7646965987687953,14972.604238080467,425,S4_twin_shock_cex_intervention,indonesia,USDC
875,0.7705365888385253,14598.289132128455,425,S4_twin_shock_cex_intervention,indonesia,USDC
876,0.7568364840399158,14233.331903825243,425,S4_twin_shock_cex_intervention,indonesia,USDC
877,0.7800975216681029,13877.498606229612,425,S4_twin_shock_cex_intervention,indonesia,USDC
878,0.7855506182376427,13530.561141073871,425,S4_twin_shock_cex_intervention,indonesia,USDC
879,0.8059375406058529,13192.297112547025,425,S4_twin_shock_cex_intervention,indonesia,USDC
880,0.7845372266499133,12862.489684733351,425,S4_twin_shock_cex_intervention,indonesia,USDC
881,0.7924762429940336,12540.927442615015,425,S4_twin_shock_cex_intervention,indonesia,USDC
882,0.8022651847506809,12227.40425654964,425,S4_twin_shock_cex_intervention,indonesia,USDC
883,0.7759477871523534,11921.7191501359,425,S4_twin_shock_cex_intervention,indonesia,USDC
884,0.8020774661401096,11623.676171382502,425,S4_twin_shock_cex_intervention,indonesia,USDC
885,0.7910555225808648,11333.084267097938,425,S4_twin_shock_cex_intervention,indonesia,USDC
886,0.7199782690643832,11049.75716042049,425,S4_twin_shock_cex_intervention,indonesia,USDC
887,0.7275227272292243,10773.513231409977,425,S4_twin_shock_cex_intervention,indonesia,USDC
888,0.7403818681645498,10504.175400624728,425,S4_twin_shock_cex_intervention,indonesia,USDC
889,0.7269713732598554,10241.57101560911,425,S4_twin_shock_cex_intervention,indonesia,USDC
890,0.7479005196495447,9985.531740218883,425,S4_twin_shock_cex_intervention,indonesia,USDC
891,0.7549807713988668,9735.893446713411,425,S4_twin_shock_cex_intervention,indonesia,USDC
892,0.7792109679159941,9492.496110545577,425,S4_twin_shock_cex_intervention,indonesia,USDC
893,0.7854941405436642,9255.183707781936,425,S4_twin_shock_cex_intervention,indonesia,USDC
894,0.7650688021971447,9023.804115087387,425,S4_twin_shock_cex_intervention,indonesia,USDC
895,0.7830548162084627,8798.209012210202,425,S4_twin_shock_cex_intervention,indonesia,USDC
896,0.7779916554438269,8578.253786904948,425,S4_twin_shock_cex_intervention,indonesia,USDC
897,0.7952152514647819,8363.797442232324,425,S4_twin_shock_cex_intervention,indonesia,USDC
898,0.8113707520551413,8154.702506176515,425,S4_twin_shock_cex_intervention,indonesia,USDC
899,0.830590904945475,7950.834943522103,425,S4_twin_shock_cex_intervention,indonesia,USDC
900,0.8026670660217542,7752.064069934049,425,S4_twin_shock_cex_intervention,indonesia,USDC
901,0.8188314762537962,7558.262468185698,425,S4_twin_shock_cex_intervention,indonesia,USDC
902,0.8128350252552029,7369.305906481056,425,S4_twin_shock_cex_intervention,indonesia,USDC
903,0.788733284442447,7185.073258819029,425,S4_twin_shock_cex_intervention,indonesia,USDC
904,0.7864370324193661,7005.446427348554,425,S4_twin_shock_cex_intervention,indonesia,USDC
905,0.7711521755958627,6830.31026666484,425,S4_twin_shock_cex_intervention,indonesia,USDC
906,0.7633175949602321,6659.552509998219,425,S4_twin_shock_cex_intervention,indonesia,USDC
907,0.7582178517404586,6493.0636972482625,425,S4_twin_shock_cex_intervention,indonesia,USDC
908,0.7548338298430858,6330.737104817057,425,S4_twin_shock_cex_intervention,indonesia,USDC
909,0.7891723192944569,6172.46867719663,425,S4_twin_shock_cex_intervention,indonesia,USDC
910,0.8031479584452775,6018.156960266714,425,S4_twin_shock_cex_intervention,indonesia,USDC
911,0.7903610817009294,5867.703036260046,425,S4_twin_shock_cex_intervention,indonesia,USDC
912,0.7941251894310685,5721.010460353546,425,S4_twin_shock_cex_intervention,indonesia,USDC
913,0.7859550283927368,5577.985198844706,425,S4_twin_shock_cex_intervention,indonesia,USDC
914,0.7920765646455805,5438.535568873589,425,S4_twin_shock_cex_intervention,indonesia,USDC
915,0.8141167800509993,5302.572179651749,425,S4_twin_shock_cex_intervention,indonesia,USDC
916,0.7909657737238895,5170.007875160456,425,S4_twin_shock_cex_intervention,indonesia,USDC
917,0.7704640839905348,5040.757678281444,425,S4_twin_shock_cex_intervention,indonesia,USDC
918,0.7629079188136976,4914.738736324408,425,S4_twin_shock_cex_intervention,indonesia,USDC
919,0.7536563072113073,4791.870267916298,425,S4_twin_shock_cex_intervention,indonesia,USDC
920,0.7597448582001809,4672.07351121839,425,S4_twin_shock_cex_intervention,indonesia,USDC
921,0.7684578452665871,4555.271673437931,425,S4_twin_shock_cex_intervention,indonesia,USDC
922,0.7836090606869883,4441.389881601983,425,S4_twin_shock_cex_intervention,indonesia,USDC
923,0.7892701753215549,4330.355134561933,425,S4_twin_shock_cex_intervention,indonesia,USDC
924,0.7864354059323044,4222.096256197884,425,S4_twin_shock_cex_intervention,indonesia,USDC
925,0.7902708859051885,4116.543849792937,425,S4_twin_shock_cex_intervention,indonesia,USDC
926,0.7968568920479568,4013.6302535481136,425,S4_twin_shock_cex_intervention,indonesia,USDC
927,0.7743544965374387,3913.289497209411,425,S4_twin_shock_cex_intervention,indonesia,USDC
928,0.7946742494259736,3815.4572597791757,425,S4_twin_shock_cex_intervention,indonesia,USDC
929,0.8166898127006388,3720.0708282846963,425,S4_twin_shock_cex_intervention,indonesia,USDC
930,0.8076472861053428,3627.069057577579,425,S4_twin_shock_cex_intervention,indonesia,USDC
931,0.7877024021773392,3536.3923311381395,425,S4_twin_shock_cex_intervention,indonesia,USDC
932,0.7806053133061888,3447.9825228596856,425,S4_twin_shock_cex_intervention,indonesia,USDC
933,0.7616244343675794,3361.7829597881937,425,S4_twin_shock_cex_intervention,indonesia,USDC
934,0.7420129141569144,3277.7383857934888,425,S4_twin_shock_cex_intervention,indonesia,USDC
935,0.7667103802427887,3195.794926148652,425,S4_twin_shock_cex_intervention,indonesia,USDC
936,0.7804575905160296,3115.9000529949353,425,S4_twin_shock_cex_intervention,indonesia,USDC
937,0.7788557499815653,3038.002551670062,425,S4_twin_shock_cex_intervention,indonesia,USDC
938,0.7607687891910997,2962.0524878783103,425,S4_twin_shock_cex_intervention,indonesia,USDC
939,0.7810521303945368,2888.001175681353,425,S4_twin_shock_cex_intervention,indonesia,USDC
940,0.7750847919766748,2815.801146289319,425,S4_twin_shock_cex_intervention,indonesia,USDC
941,0.7887196355514332,2745.4061176320856,425,S4_twin_shock_cex_intervention,indonesia,USDC
942,0.7589969071989958,2676.7709646912836,425,S4_twin_shock_cex_intervention,indonesia,USDC
943,0.7933779866561618,2609.8516905740016,425,S4_twin_shock_cex_intervention,indonesia,USDC
944,0.8100043667340618,2544.6053983096513,425,S4_twin_shock_cex_intervention,indonesia,USDC
945,0.8114525403821463,2480.99026335191,425,S4_twin_shock_cex_intervention,indonesia,USDC
946,0.8276355101181416,2418.9655067681124,425,S4_twin_shock_cex_intervention,indonesia,USDC
947,0.808974377140402,2358.4913690989097,425,S4_twin_shock_cex_intervention,indonesia,USDC
948,0.8083218568345213,2299.529084871437,425,S4_twin_shock_cex_intervention,indonesia,USDC
949,0.8048592511661484,2242.040857749651,425,S4_twin_shock_cex_intervention,indonesia,USDC
950,0.8188070628579921,2185.98983630591,425,S4_twin_shock_cex_intervention,indonesia,USDC
951,0.8147558206865181,2131.340090398262,425,S4_twin_shock_cex_intervention,indonesia,USDC
952,0.8027374941991338,2078.0565881383054,425,S4_twin_shock_cex_intervention,indonesia,USDC
953,0.8032186496290966,2026.1051734348478,425,S4_twin_shock_cex_intervention,indonesia,USDC
954,0.7845418143660597,1975.4525440989767,425,S4_twin_shock_cex_intervention,indonesia,USDC
955,0.7596558637640827,1926.0662304965024,425,S4_twin_shock_cex_intervention,indonesia,USDC
956,0.7463037928245213,1877.91457473409,425,S4_twin_shock_cex_intervention,indonesia,USDC
957,0.7518622647318518,1830.9667103657375,425,S4_twin_shock_cex_intervention,indonesia,USDC
958,0.7437286157075912,1785.192542606594,425,S4_twin_shock_cex_intervention,indonesia,USDC
959,0.7482472005145405,1740.562729041429,425,S4_twin_shock_cex_intervention,indonesia,USDC
960,0.7694694850129262,1697.0486608153933,425,S4_twin_shock_cex_intervention,indonesia,USDC
961,0.77205337151745,1654.6224442950088,425,S4_twin_shock_cex_intervention,indonesia,USDC
962,0.7602994690656975,1613.2568831876333,425,S4_twin_shock_cex_intervention,indonesia,USDC
963,0.775701799512465,1572.9254611079427,425,S4_twin_shock_cex_intervention,indonesia,USDC
964,0.7942025501218583,1533.602324580244,425,S4_twin_shock_cex_intervention,indonesia,USDC
965,0.7876779160276215,1495.262266465738,425,S4_twin_shock_cex_intervention,indonesia,USDC
966,0.774237182499608,1457.8807098040945,425,S4_twin_shock_cex_intervention,indonesia,USDC
967,0.7960653400037584,1421.4336920589922,425,S4_twin_shock_cex_intervention,indonesia,USDC
968,0.7950784761198141,1385.8978497575174,425,S4_twin_shock_cex_intervention,indonesia,USDC
969,0.7818538206236489,1351.2504035135796,425,S4_twin_shock_cex_intervention,indonesia,USDC
970,0.7792729376992774,1317.46914342574,425,S4_twin_shock_cex_intervention,indonesia,USDC
971,0.7804794858771145,1284.5324148400964,425,S4_twin_shock_cex_intervention,indonesia,USDC
972,0.7908275470417981,1252.419104469094,425,S4_twin_shock_cex_intervention,indonesia,USDC
973,0.8116492267152502,1221.1086268573667,425,S4_twin_shock_cex_intervention,indonesia,USDC
974,0.8323595490876264,1190.5809111859326,425,S4_twin_shock_cex_intervention,indonesia,USDC
975,0.8593668306039147,1160.8163884062842,425,S4_twin_shock_cex_intervention,indonesia,USDC
976,0.8579069862602636,1131.7959786961271,425,S4_twin_shock_cex_intervention,indonesia,USDC
977,0.8589054229968389,1103.501079228724,425,S4_twin_shock_cex_intervention,indonesia,USDC
978,0.8399533688225672,1075.9135522480058,425,S4_twin_shock_cex_intervention,indonesia,USDC
979,0.8392423163493956,1049.0157134418055,425,S4_twin_shock_cex_intervention,indonesia,USDC
980,0.8231349650260444,1022.7903206057604,425,S4_twin_shock_cex_intervention,indonesia,USDC
981,0.8115421940522889,997.2205625906164,425,S4_twin_shock_cex_intervention,indonesia,USDC
982,0.8296955018462621,972.290048525851,425,S4_twin_shock_cex_intervention,indonesia,USDC
983,0.8458836608683874,947.9827973127046,425,S4_twin_shock_cex_intervention,indonesia,USDC
984,0.8306389975661075,924.2832273798872,425,S4_twin_shock_cex_intervention,indonesia,USDC
985,0.8349665306336488,901.1761466953901,425,S4_twin_shock_cex_intervention,indonesia,USDC
986,0.8214344421739299,878.6467430280053,425,S4_twin_shock_cex_intervention,indonesia,USDC
987,0.7845203195177485,856.6805744523051,425,S4_twin_shock_cex_intervention,indonesia,USDC
988,0.77929946334747,835.2635600909974,425,S4_twin_shock_cex_intervention,indonesia,USDC
989,0.7652959525705895,814.3819710887226,425,S4_twin_shock_cex_intervention,indonesia,USDC
990,0.7569909850001583,794.0224218115046,425,S4_twin_shock_cex_intervention,indonesia,USDC
991,0.7622135399665095,774.1718612662169,425,S4_twin_shock_cex_intervention,indonesia,USDC
992,0.7578598860259627,754.8175647345615,425,S4_twin_shock_cex_intervention,indonesia,USDC
993,0.7568986259231434,735.9471256161975,425,S4_twin_shock_cex_intervention,indonesia,USDC
994,0.7476184944792966,717.5484474757925,425,S4_twin_shock_cex_intervention,indonesia,USDC
995,0.7606628923282587,699.6097362888977,425,S4_twin_shock_cex_intervention,indonesia,USDC
996,0.7730061626219,682.1194928816751,425,S4_twin_shock_cex_intervention,indonesia,USDC
997,0.7862929270294874,665.0665055596334,425,S4_twin_shock_cex_intervention,indonesia,USDC
998,0.7919242733429958,648.4398429206425,425,S4_twin_shock_cex_intervention,indonesia,USDC
999,0.8084562293507552,632.2288468476264,425,S4_twin_shock_cex_intervention,indonesia,USDC
1000,0.8006914900086695,616.4231256764358,425,S4_twin_shock_cex_intervention,indonesia,USDC
