Step,price,liquidity,iteration,scenario,region,coin
1,0.9904525561384533,2989684703891.1357,514,S4_twin_shock_cex_intervention,indonesia,USDC
2,0.9815154337635815,2989684703891.1357,514,S4_twin_shock_cex_intervention,indonesia,USDC
3,250000.97693128162,2989697203891.1357,514,S4_twin_shock_cex_intervention,indonesia,USDC
4,187502.0,2989706578891.1357,514,S4_twin_shock_cex_intervention,indonesia,USDC
5,140627.0,2989713610141.1357,514,S4_twin_shock_cex_intervention,indonesia,USDC
6,105470.75,2989718883578.6357,514,S4_twin_shock_cex_intervention,indonesia,USDC
7,79103.5625,2989722838656.7607,514,S4_twin_shock_cex_intervention,indonesia,USDC
8,59328.171875,2989725804965.3545,514,S4_twin_shock_cex_intervention,indonesia,USDC
9,44496.62890625,2989728029696.8,514,S4_twin_shock_cex_intervention,indonesia,USDC
10,33372.9716796875,2989729698245.384,514,S4_twin_shock_cex_intervention,indonesia,USDC
11,25030.228759765625,2989730949656.822,514,S4_twin_shock_cex_intervention,indonesia,USDC
12,18773.17156982422,2989731888215.4004,514,S4_twin_shock_cex_intervention,indonesia,USDC
13,14080.378677368164,2989732592134.334,514,S4_twin_shock_cex_intervention,indonesia,USDC
14,10560.784008026123,2989733120073.5347,514,S4_twin_shock_cex_intervention,indonesia,USDC
15,7921.088006019592,2989733516027.9346,514,S4_twin_shock_cex_intervention,indonesia,USDC
16,5941.316004514694,2989733812993.7354,514,S4_twin_shock_cex_intervention,indonesia,USDC
17,4456.487003386021,2989734035718.0854,514,S4_twin_shock_cex_intervention,indonesia,USDC
18,3342.8652525395155,2989734202761.3477,514,S4_twin_shock_cex_intervention,indonesia,USDC
19,2507.6489394046366,2989734328043.795,514,S4_twin_shock_cex_intervention,indonesia,USDC
20,1881.2367045534775,2989734422005.63,514,S4_twin_shock_cex_intervention,indonesia,USDC
21,1411.427528415108,2989734492477.007,514,S4_twin_shock_cex_intervention,indonesia,USDC
22,1059.070646311331,2989734545330.539,514,S4_twin_shock_cex_intervention,indonesia,USDC
23,794.8029847334983,2989734584970.688,514,S4_twin_shock_cex_intervention,indonesia,USDC
24,596.6022385501237,2989734614700.8003,514,S4_twin_shock_cex_intervention,indonesia,USDC
25,447.9516789125928,2989734636998.384,514,S4_twin_shock_cex_intervention,indonesia,USDC
26,336.4637591844446,2989734653721.5723,514,S4_twin_shock_cex_intervention,indonesia,USDC
27,252.84781938833345,2989734666263.963,514,S4_twin_shock_cex_intervention,indonesia,USDC
28,190.1358645412501,2989734675670.7563,514,S4_twin_shock_cex_intervention,indonesia,USDC
29,143.1018984059376,2989734682725.8516,514,S4_twin_shock_cex_intervention,indonesia,USDC
30,107.82642380445319,2989734688017.1724,514,S4_twin_shock_cex_intervention,indonesia,USDC
31,81.3698178533399,2989734691985.6636,514,S4_twin_shock_cex_intervention,indonesia,USDC
32,61.52736339000492,2989734694962.0312,514,S4_twin_shock_cex_intervention,indonesia,USDC
33,46.6455225425037,2989734697194.3076,514,S4_twin_shock_cex_intervention,indonesia,USDC
34,35.484141906877774,2989734698868.5146,514,S4_twin_shock_cex_intervention,indonesia,USDC
35,27.11310643015833,2989734700124.17,514,S4_twin_shock_cex_intervention,indonesia,USDC
36,20.834829822618744,2989734701065.9116,514,S4_twin_shock_cex_intervention,indonesia,USDC
37,16.12612236696406,2989734701772.218,514,S4_twin_shock_cex_intervention,indonesia,USDC
38,12.594591775223044,2989734702301.9473,514,S4_twin_shock_cex_intervention,indonesia,USDC
39,9.945943831417281,2989734702699.2446,514,S4_twin_shock_cex_intervention,indonesia,USDC
40,7.959457873562963,2989734702997.218,514,S4_twin_shock_cex_intervention,indonesia,USDC
41,6.469593405172222,2989734703220.6973,514,S4_twin_shock_cex_intervention,indonesia,USDC
42,5.352195053879166,2989734703388.3066,514,S4_twin_shock_cex_intervention,indonesia,USDC
43,4.514146290409375,2989734703514.014,514,S4_twin_shock_cex_intervention,indonesia,USDC
44,3.8856097178070312,2989734703608.295,514,S4_twin_shock_cex_intervention,indonesia,USDC
45,3.414207288355273,2989734703679.005,514,S4_twin_shock_cex_intervention,indonesia,USDC
46,3.060655466266455,2989734703732.038,514,S4_twin_shock_cex_intervention,indonesia,USDC
47,2.795491599699841,2989734703771.8125,514,S4_twin_shock_cex_intervention,indonesia,USDC
48,2.596618699774881,2989734703801.643,514,S4_twin_shock_cex_intervention,indonesia,USDC
49,2.4474640248311608,2989734703824.0166,514,S4_twin_shock_cex_intervention,indonesia,USDC
50,2.3355980186233705,2989734703840.7964,514,S4_twin_shock_cex_intervention,indonesia,USDC
51,2.251698513967528,2989734703853.381,514,S4_twin_shock_cex_intervention,indonesia,USDC
52,2.188773885475646,2989734703862.82,514,S4_twin_shock_cex_intervention,indonesia,USDC
53,2.1415804141067345,2989734703869.8984,514,S4_twin_shock_cex_intervention,indonesia,USDC
54,2.106185310580051,2989734703875.208,514,S4_twin_shock_cex_intervention,indonesia,USDC
55,2.079638982935038,2989734703879.19,514,S4_twin_shock_cex_intervention,indonesia,USDC
56,1.9873871133188596,2989734703882.1763,514,S4_twin_shock_cex_intervention,indonesia,USDC
57,1.9143111764604792,2989734703884.416,514,S4_twin_shock_cex_intervention,indonesia,USDC
58,1.8087909988463073,2989734703886.0957,514,S4_twin_shock_cex_intervention,indonesia,USDC
59,1.6847256666974,2989734703887.3555,514,S4_twin_shock_cex_intervention,indonesia,USDC
60,1.708197868762711,2989734703888.3003,514,S4_twin_shock_cex_intervention,indonesia,USDC
61,1.7224226941721035,2989734703889.009,514,S4_twin_shock_cex_intervention,indonesia,USDC
62,1.707218671719146,2989734703889.5405,514,S4_twin_shock_cex_intervention,indonesia,USDC
63,1.645776386911002,2989734703889.9395,514,S4_twin_shock_cex_intervention,indonesia,USDC
64,1.6253303133207377,2989734703890.2383,514,S4_twin_shock_cex_intervention,indonesia,USDC
65,1.572135632480479,2989734703890.462,514,S4_twin_shock_cex_intervention,indonesia,USDC
66,1.5968589804826363,2989734703890.6304,514,S4_twin_shock_cex_intervention,indonesia,USDC
67,1.5167601948971514,2989734703890.7563,514,S4_twin_shock_cex_intervention,indonesia,USDC
68,1.4549402754794254,2989734703890.8506,514,S4_twin_shock_cex_intervention,indonesia,USDC
69,1.4073680436633007,2989734703890.922,514,S4_twin_shock_cex_intervention,indonesia,USDC
70,1.361042382170577,2989734703890.9746,514,S4_twin_shock_cex_intervention,indonesia,USDC
71,1.2371725096265118,2989734703891.0146,514,S4_twin_shock_cex_intervention,indonesia,USDC
72,1.2233794364557544,2989734703891.045,514,S4_twin_shock_cex_intervention,indonesia,USDC
73,1.2250522775329695,2989734703891.0674,514,S4_twin_shock_cex_intervention,indonesia,USDC
74,1.2287270714998415,2989734703891.084,514,S4_twin_shock_cex_intervention,indonesia,USDC
75,1.2372410131671931,2989734703891.0967,514,S4_twin_shock_cex_intervention,indonesia,USDC
76,1.179981110093011,2989734703891.106,514,S4_twin_shock_cex_intervention,indonesia,USDC
77,1.173908555777466,2989734703891.113,514,S4_twin_shock_cex_intervention,indonesia,USDC
78,1.194021163973501,2989734703891.118,514,S4_twin_shock_cex_intervention,indonesia,USDC
79,1.1700840377780508,2989734703891.1226,514,S4_twin_shock_cex_intervention,indonesia,USDC
80,1.1302974346630068,2989734703891.1255,514,S4_twin_shock_cex_intervention,indonesia,USDC
81,0.9715807878932409,2989734703891.1274,514,S4_twin_shock_cex_intervention,indonesia,USDC
82,0.9631158489500142,2989734703891.1294,514,S4_twin_shock_cex_intervention,indonesia,USDC
83,0.9423744250980338,2989346905012.8325,514,S4_twin_shock_cex_intervention,indonesia,USDC
84,0.9718303485056945,2987708250204.32,514,S4_twin_shock_cex_intervention,indonesia,USDC
85,0.9861029010239237,2987708250204.32,514,S4_twin_shock_cex_intervention,indonesia,USDC
86,0.9721956586043028,2987708250204.3203,514,S4_twin_shock_cex_intervention,indonesia,USDC
87,0.9862215041571227,2987708250204.3203,514,S4_twin_shock_cex_intervention,indonesia,USDC
88,0.9988664365236756,2987708250204.3203,514,S4_twin_shock_cex_intervention,indonesia,USDC
89,0.9849576834129258,2987708250204.3203,514,S4_twin_shock_cex_intervention,indonesia,USDC
90,1.0112956495941752,2987708250204.3203,514,S4_twin_shock_cex_intervention,indonesia,USDC
91,0.9932609132438422,2987708250204.3203,514,S4_twin_shock_cex_intervention,indonesia,USDC
92,1.0219649426016113,2987708250204.321,514,S4_twin_shock_cex_intervention,indonesia,USDC
93,0.9288010554323625,2987708250204.3213,514,S4_twin_shock_cex_intervention,indonesia,USDC
94,0.9430436909531196,2985245931729.119,514,S4_twin_shock_cex_intervention,indonesia,USDC
95,0.9577213393947062,2983866249171.638,514,S4_twin_shock_cex_intervention,indonesia,USDC
96,0.9715107750191007,2983259741224.9526,514,S4_twin_shock_cex_intervention,indonesia,USDC
97,0.9501223167484038,2983259741224.9526,514,S4_twin_shock_cex_intervention,indonesia,USDC
98,0.9685007547982054,2982208710515.244,514,S4_twin_shock_cex_intervention,indonesia,USDC
99,0.9697421981286182,2982154532807.991,514,S4_twin_shock_cex_intervention,indonesia,USDC
100,0.9693061477336282,2982149902619.708,514,S4_twin_shock_cex_intervention,indonesia,USDC
101,0.8522333004714238,2982124941465.5444,514,S4_twin_shock_cex_intervention,indonesia,USDC
102,0.8664880487796955,2976030778578.8438,514,S4_twin_shock_cex_intervention,indonesia,USDC
103,0.9185043780013062,2971196894334.1763,514,S4_twin_shock_cex_intervention,indonesia,USDC
104,0.9110037050861804,2969169912956.533,514,S4_twin_shock_cex_intervention,indonesia,USDC
105,0.9164772026728684,2966891539917.3213,514,S4_twin_shock_cex_intervention,indonesia,USDC
106,0.9292098544308555,2964894879470.3257,514,S4_twin_shock_cex_intervention,indonesia,USDC
107,0.9574264002175223,2963544633096.369,514,S4_twin_shock_cex_intervention,indonesia,USDC
108,0.9645380302143308,2963130819116.2236,514,S4_twin_shock_cex_intervention,indonesia,USDC
109,0.9837072816570825,2962942769041.669,514,S4_twin_shock_cex_intervention,indonesia,USDC
110,0.9958632483656515,2962942769041.669,514,S4_twin_shock_cex_intervention,indonesia,USDC
111,1.0084417910109913,2962942769041.669,514,S4_twin_shock_cex_intervention,indonesia,USDC
112,0.9857920494719826,2962942769041.669,514,S4_twin_shock_cex_intervention,indonesia,USDC
113,0.9791789421601754,2962942769041.669,514,S4_twin_shock_cex_intervention,indonesia,USDC
114,0.9624678978910618,2962942769041.669,514,S4_twin_shock_cex_intervention,indonesia,USDC
115,0.9686818945953226,2962727675350.486,514,S4_twin_shock_cex_intervention,indonesia,USDC
116,0.9637993243720114,2962682842140.1797,514,S4_twin_shock_cex_intervention,indonesia,USDC
117,0.9621872180046276,2962492877661.7456,514,S4_twin_shock_cex_intervention,indonesia,USDC
118,0.9544610341364692,2962250333198.564,514,S4_twin_shock_cex_intervention,indonesia,USDC
119,0.9591023091369812,2961729447369.8633,514,S4_twin_shock_cex_intervention,indonesia,USDC
120,1.0247218130389346,2961437444001.543,514,S4_twin_shock_cex_intervention,indonesia,USDC
121,1.0046201352571733,2887401507901.504,514,S4_twin_shock_cex_intervention,indonesia,USDC
122,1.0010559701194288,2815216470203.9663,514,S4_twin_shock_cex_intervention,indonesia,USDC
123,0.9467515100536065,2744836058448.867,514,S4_twin_shock_cex_intervention,indonesia,USDC
124,0.9473516972367929,2675474316973.355,514,S4_twin_shock_cex_intervention,indonesia,USDC
125,0.9125206891369516,2607910564405.489,514,S4_twin_shock_cex_intervention,indonesia,USDC
126,0.876519743280048,2541098154884.4795,514,S4_twin_shock_cex_intervention,indonesia,USDC
127,0.8554433650567415,2475001763756.7207,514,S4_twin_shock_cex_intervention,indonesia,USDC
128,0.8491870249157378,2410326339208.6875,514,S4_twin_shock_cex_intervention,indonesia,USDC
129,0.8394560685335597,2347323303865.0845,514,S4_twin_shock_cex_intervention,indonesia,USDC
130,0.8177225571907557,2286089301175.515,514,S4_twin_shock_cex_intervention,indonesia,USDC
131,0.7981629936712242,2226234901204.785,514,S4_twin_shock_cex_intervention,indonesia,USDC
132,0.7905960877941912,2168159436291.346,514,S4_twin_shock_cex_intervention,indonesia,USDC
133,0.7796523312999437,2111806373142.7861,514,S4_twin_shock_cex_intervention,indonesia,USDC
134,0.808944306950718,2057173200444.489,514,S4_twin_shock_cex_intervention,indonesia,USDC
135,0.8155421127752711,2004424812696.7573,514,S4_twin_shock_cex_intervention,indonesia,USDC
136,0.7900494023626496,1953255608791.9907,514,S4_twin_shock_cex_intervention,indonesia,USDC
137,0.7861215648946642,1903361919156.4092,514,S4_twin_shock_cex_intervention,indonesia,USDC
138,0.7839724671058509,1854945177595.1963,514,S4_twin_shock_cex_intervention,indonesia,USDC
139,0.7876090150894784,1807851315169.9,514,S4_twin_shock_cex_intervention,indonesia,USDC
140,0.7932183121707287,1762104131346.313,514,S4_twin_shock_cex_intervention,indonesia,USDC
141,0.7990137665252314,1717603375043.7773,514,S4_twin_shock_cex_intervention,indonesia,USDC
142,0.8171457267553783,1674298299732.1533,514,S4_twin_shock_cex_intervention,indonesia,USDC
143,0.7809750530709382,1632171214010.3625,514,S4_twin_shock_cex_intervention,indonesia,USDC
144,0.8174865632738879,1591084630809.422,514,S4_twin_shock_cex_intervention,indonesia,USDC
145,0.8129618535893729,1551119627423.3997,514,S4_twin_shock_cex_intervention,indonesia,USDC
146,0.7640277961042773,1512178593009.7358,514,S4_twin_shock_cex_intervention,indonesia,USDC
147,0.7424815690272472,1474205166769.2146,514,S4_twin_shock_cex_intervention,indonesia,USDC
148,0.7575528027728903,1437197801247.2947,514,S4_twin_shock_cex_intervention,indonesia,USDC
149,0.7698333842041981,1401153341911.6245,514,S4_twin_shock_cex_intervention,indonesia,USDC
150,0.7877429281294769,1366043565425.4448,514,S4_twin_shock_cex_intervention,indonesia,USDC
151,0.7776315609842347,1331832181697.8604,514,S4_twin_shock_cex_intervention,indonesia,USDC
152,0.7590674435558842,1298484465769.791,514,S4_twin_shock_cex_intervention,indonesia,USDC
153,0.7473437307315158,1265975559538.2393,514,S4_twin_shock_cex_intervention,indonesia,USDC
154,0.7456661395517726,1234289033273.0544,514,S4_twin_shock_cex_intervention,indonesia,USDC
155,0.7621792554835095,1203402567420.7114,514,S4_twin_shock_cex_intervention,indonesia,USDC
156,0.7366542303605523,1173296513035.5264,514,S4_twin_shock_cex_intervention,indonesia,USDC
157,0.7466219248292526,1143944991567.9673,514,S4_twin_shock_cex_intervention,indonesia,USDC
158,0.7744094402283929,1115332916127.6077,514,S4_twin_shock_cex_intervention,indonesia,USDC
159,0.7795527530575452,1087439819858.0388,514,S4_twin_shock_cex_intervention,indonesia,USDC
160,0.7674208355570763,1060246382098.9474,514,S4_twin_shock_cex_intervention,indonesia,USDC
161,0.7692538035506827,1033733807748.6392,514,S4_twin_shock_cex_intervention,indonesia,USDC
162,0.7654390282947404,1007885423119.8298,514,S4_twin_shock_cex_intervention,indonesia,USDC
163,0.765771529613042,982684268707.356,514,S4_twin_shock_cex_intervention,indonesia,USDC
164,0.7832507023605139,958113839435.4153,514,S4_twin_shock_cex_intervention,indonesia,USDC
165,0.7950590035445515,934158637131.7073,514,S4_twin_shock_cex_intervention,indonesia,USDC
166,0.7901219698958889,910802956030.7402,514,S4_twin_shock_cex_intervention,indonesia,USDC
167,0.7674997769488219,888031417620.5981,514,S4_twin_shock_cex_intervention,indonesia,USDC
168,0.7601748949493035,865829212472.5786,514,S4_twin_shock_cex_intervention,indonesia,USDC
169,0.7768761791869648,844182336003.2408,514,S4_twin_shock_cex_intervention,indonesia,USDC
170,0.7717498716447391,823076910272.7515,514,S4_twin_shock_cex_intervention,indonesia,USDC
171,0.7403216827008037,802499274429.3315,514,S4_twin_shock_cex_intervention,indonesia,USDC
172,0.7810533938535734,782436172440.6262,514,S4_twin_shock_cex_intervention,indonesia,USDC
173,0.77628390109933,762874855769.9001,514,S4_twin_shock_cex_intervention,indonesia,USDC
174,0.816908724329174,743802656306.2003,514,S4_twin_shock_cex_intervention,indonesia,USDC
175,0.8124704426977793,725207371054.958,514,S4_twin_shock_cex_intervention,indonesia,USDC
176,0.8153336522806949,707077004029.5961,514,S4_twin_shock_cex_intervention,indonesia,USDC
177,0.7989393213330445,689399926934.8195,514,S4_twin_shock_cex_intervention,indonesia,USDC
178,0.7995865788677432,672164782636.5553,514,S4_twin_shock_cex_intervention,indonesia,USDC
179,0.8080777598482762,655360539666.1865,514,S4_twin_shock_cex_intervention,indonesia,USDC
180,0.7898612825566705,638976427312.3574,514,S4_twin_shock_cex_intervention,indonesia,USDC
181,0.8049420592629396,623001930349.1191,514,S4_twin_shock_cex_intervention,indonesia,USDC
182,0.7899224618138261,607426812818.0928,514,S4_twin_shock_cex_intervention,indonesia,USDC
183,0.7710399506727889,592241079782.0369,514,S4_twin_shock_cex_intervention,indonesia,USDC
184,0.6544565904312962,577434998577.7125,514,S4_twin_shock_cex_intervention,indonesia,USDC
185,0.6654405665444251,562999053102.9663,514,S4_twin_shock_cex_intervention,indonesia,USDC
186,0.6792076019215441,548924030440.95074,514,S4_twin_shock_cex_intervention,indonesia,USDC
187,0.6622453909421212,535200899081.1432,514,S4_twin_shock_cex_intervention,indonesia,USDC
188,0.6869105348753051,521820854578.2979,514,S4_twin_shock_cex_intervention,indonesia,USDC
189,0.6872768383104101,508775318205.0867,514,S4_twin_shock_cex_intervention,indonesia,USDC
190,0.7035438192055434,496055924841.1306,514,S4_twin_shock_cex_intervention,indonesia,USDC
191,0.6943977529270445,483654519716.819,514,S4_twin_shock_cex_intervention,indonesia,USDC
192,0.711916923689997,471563151515.1051,514,S4_twin_shock_cex_intervention,indonesia,USDC
193,0.7281185376574693,459774069126.03906,514,S4_twin_shock_cex_intervention,indonesia,USDC
194,0.7046331869620353,448279714955.1538,514,S4_twin_shock_cex_intervention,indonesia,USDC
195,0.6641619055919675,437072719960.0935,514,S4_twin_shock_cex_intervention,indonesia,USDC
196,0.6785827110669916,426145900282.713,514,S4_twin_shock_cex_intervention,indonesia,USDC
197,0.6942005789541799,415492251653.24457,514,S4_twin_shock_cex_intervention,indonesia,USDC
198,0.7145332574854705,405104944572.6548,514,S4_twin_shock_cex_intervention,indonesia,USDC
199,0.7283980164302196,394977320429.3114,514,S4_twin_shock_cex_intervention,indonesia,USDC
200,0.7183399798202648,385102887047.98267,514,S4_twin_shock_cex_intervention,indonesia,USDC
201,0.7285029465688758,375475314591.8954,514,S4_twin_shock_cex_intervention,indonesia,USDC
202,0.71252740564167,366088431512.2746,514,S4_twin_shock_cex_intervention,indonesia,USDC
203,0.7257839073412204,356936220559.1472,514,S4_twin_shock_cex_intervention,indonesia,USDC
204,0.7275238163541278,348012814925.6744,514,S4_twin_shock_cex_intervention,indonesia,USDC
205,0.7293034229453628,339312494466.8369,514,S4_twin_shock_cex_intervention,indonesia,USDC
206,0.743630419559745,330829682038.9995,514,S4_twin_shock_cex_intervention,indonesia,USDC
207,0.7492764512408643,322558939940.53467,514,S4_twin_shock_cex_intervention,indonesia,USDC
208,0.7079260014110382,314494966404.7322,514,S4_twin_shock_cex_intervention,indonesia,USDC
209,0.7267111271186542,306632592211.10046,514,S4_twin_shock_cex_intervention,indonesia,USDC
210,0.7460921132187303,298966777382.47986,514,S4_twin_shock_cex_intervention,indonesia,USDC
211,0.7523211968398953,291492607932.7352,514,S4_twin_shock_cex_intervention,indonesia,USDC
212,0.7672146642131941,284205292722.4308,514,S4_twin_shock_cex_intervention,indonesia,USDC
213,0.744577549574218,277100160395.98364,514,S4_twin_shock_cex_intervention,indonesia,USDC
214,0.7459311671452206,270172656378.14276,514,S4_twin_shock_cex_intervention,indonesia,USDC
215,0.7883588366459964,263418339962.63,514,S4_twin_shock_cex_intervention,indonesia,USDC
216,0.7539440427920509,256832881459.9335,514,S4_twin_shock_cex_intervention,indonesia,USDC
217,0.753311984173788,250412059419.96075,514,S4_twin_shock_cex_intervention,indonesia,USDC
218,0.7434108011521292,244151757931.5429,514,S4_twin_shock_cex_intervention,indonesia,USDC
219,0.7209451227867659,238047963980.9685,514,S4_twin_shock_cex_intervention,indonesia,USDC
220,0.7393555566991892,232096764879.53888,514,S4_twin_shock_cex_intervention,indonesia,USDC
221,0.7359931355564485,226294345756.18756,514,S4_twin_shock_cex_intervention,indonesia,USDC
222,0.7286824324981465,220636987111.1748,514,S4_twin_shock_cex_intervention,indonesia,USDC
223,0.7268146126803169,215121062432.57718,514,S4_twin_shock_cex_intervention,indonesia,USDC
224,0.7288727592606054,209743035871.1317,514,S4_twin_shock_cex_intervention,indonesia,USDC
225,0.7307509562346444,204499459973.87582,514,S4_twin_shock_cex_intervention,indonesia,USDC
226,0.7667390541870436,199386973474.14462,514,S4_twin_shock_cex_intervention,indonesia,USDC
227,0.7719357075242993,194402299137.05914,514,S4_twin_shock_cex_intervention,indonesia,USDC
228,0.7713022193217659,189542241658.4444,514,S4_twin_shock_cex_intervention,indonesia,USDC
229,0.7704095870517903,184803685616.83777,514,S4_twin_shock_cex_intervention,indonesia,USDC
230,0.7754000480402912,180183593476.2962,514,S4_twin_shock_cex_intervention,indonesia,USDC
231,0.7764846080677741,175679003639.29477,514,S4_twin_shock_cex_intervention,indonesia,USDC
232,0.7803911324817173,171287028548.23538,514,S4_twin_shock_cex_intervention,indonesia,USDC
233,0.7674410544334043,167004852834.46893,514,S4_twin_shock_cex_intervention,indonesia,USDC
234,0.782511070731525,162829731513.55377,514,S4_twin_shock_cex_intervention,indonesia,USDC
235,0.7903309590690941,158758988225.6773,514,S4_twin_shock_cex_intervention,indonesia,USDC
236,0.7736844210517801,154790013520.0066,514,S4_twin_shock_cex_intervention,indonesia,USDC
237,0.7770617497115065,150920263181.9789,514,S4_twin_shock_cex_intervention,indonesia,USDC
238,0.7832873092291203,147147256602.4091,514,S4_twin_shock_cex_intervention,indonesia,USDC
239,0.7821868473830527,143468575187.33255,514,S4_twin_shock_cex_intervention,indonesia,USDC
240,0.7785912187675391,139881860807.63586,514,S4_twin_shock_cex_intervention,indonesia,USDC
241,0.8055499272841111,136384814287.4338,514,S4_twin_shock_cex_intervention,indonesia,USDC
242,0.7977780998019233,132975193930.23993,514,S4_twin_shock_cex_intervention,indonesia,USDC
243,0.7938238895215095,129650814081.97693,514,S4_twin_shock_cex_intervention,indonesia,USDC
244,0.7895027896599787,126409543729.92165,514,S4_twin_shock_cex_intervention,indonesia,USDC
245,0.8250427065697529,123249305136.66896,514,S4_twin_shock_cex_intervention,indonesia,USDC
246,0.805706631963327,120168072508.24911,514,S4_twin_shock_cex_intervention,indonesia,USDC
247,0.8306353357105462,117163870695.5397,514,S4_twin_shock_cex_intervention,indonesia,USDC
248,0.8320778268819043,114234773928.14897,514,S4_twin_shock_cex_intervention,indonesia,USDC
249,0.8199642204215397,111378904579.94345,514,S4_twin_shock_cex_intervention,indonesia,USDC
250,0.8173953779673333,108594431965.44308,514,S4_twin_shock_cex_intervention,indonesia,USDC
251,0.8360503314783316,105879571166.30554,514,S4_twin_shock_cex_intervention,indonesia,USDC
252,0.8645575948999774,103232581887.14684,514,S4_twin_shock_cex_intervention,indonesia,USDC
253,0.8487820526447729,100651767339.96739,514,S4_twin_shock_cex_intervention,indonesia,USDC
254,0.8490189958412783,98135473156.46744,514,S4_twin_shock_cex_intervention,indonesia,USDC
255,0.8313411790563356,95682086327.55505,514,S4_twin_shock_cex_intervention,indonesia,USDC
256,0.8284574921571679,93290034169.36548,514,S4_twin_shock_cex_intervention,indonesia,USDC
257,0.835992688783386,90957783315.13072,514,S4_twin_shock_cex_intervention,indonesia,USDC
258,0.8203345603955501,88683838732.25195,514,S4_twin_shock_cex_intervention,indonesia,USDC
259,0.807415650383862,86466742763.94518,514,S4_twin_shock_cex_intervention,indonesia,USDC
260,0.8195817193084736,84305074194.8461,514,S4_twin_shock_cex_intervention,indonesia,USDC
261,0.8189449951990594,82197447339.97462,514,S4_twin_shock_cex_intervention,indonesia,USDC
262,0.8331249563728803,80142511156.47498,514,S4_twin_shock_cex_intervention,indonesia,USDC
263,0.7974428795412403,78138948377.5629,514,S4_twin_shock_cex_intervention,indonesia,USDC
264,0.7976958146661622,76185474668.12357,514,S4_twin_shock_cex_intervention,indonesia,USDC
265,0.8052707447029648,74280837801.42026,514,S4_twin_shock_cex_intervention,indonesia,USDC
266,0.8190077895401743,72423816856.38461,514,S4_twin_shock_cex_intervention,indonesia,USDC
267,0.8124991091757702,70613221434.97487,514,S4_twin_shock_cex_intervention,indonesia,USDC
268,0.810404333871295,68847890899.10037,514,S4_twin_shock_cex_intervention,indonesia,USDC
269,0.8038119070454697,67126693626.62278,514,S4_twin_shock_cex_intervention,indonesia,USDC
270,0.800583953492535,65448526285.95712,514,S4_twin_shock_cex_intervention,indonesia,USDC
271,0.7954025066598485,63812313128.80813,514,S4_twin_shock_cex_intervention,indonesia,USDC
272,0.7939504162527922,62217005300.58786,514,S4_twin_shock_cex_intervention,indonesia,USDC
273,0.7999423326980831,60661580168.07312,514,S4_twin_shock_cex_intervention,indonesia,USDC
274,0.8117318253614321,59145040663.87126,514,S4_twin_shock_cex_intervention,indonesia,USDC
275,0.8067723904402085,57666414647.274445,514,S4_twin_shock_cex_intervention,indonesia,USDC
276,0.7897749472526658,56224754281.09256,514,S4_twin_shock_cex_intervention,indonesia,USDC
277,0.7903918840201039,54819135424.06523,514,S4_twin_shock_cex_intervention,indonesia,USDC
278,0.7930012569216868,53448657038.46358,514,S4_twin_shock_cex_intervention,indonesia,USDC
279,0.8154620950553978,52112440612.501976,514,S4_twin_shock_cex_intervention,indonesia,USDC
280,0.807925405389112,50809629597.18941,514,S4_twin_shock_cex_intervention,indonesia,USDC
281,0.809791108250888,49539388857.25966,514,S4_twin_shock_cex_intervention,indonesia,USDC
282,0.7512175629519564,48300904135.82817,514,S4_twin_shock_cex_intervention,indonesia,USDC
283,0.7488932139731967,47093381532.43245,514,S4_twin_shock_cex_intervention,indonesia,USDC
284,0.7412640671879036,45916046994.12163,514,S4_twin_shock_cex_intervention,indonesia,USDC
285,0.756885644281888,44768145819.268585,514,S4_twin_shock_cex_intervention,indonesia,USDC
286,0.7497450241758528,43648942173.78686,514,S4_twin_shock_cex_intervention,indonesia,USDC
287,0.7492194935556273,42557718619.442184,514,S4_twin_shock_cex_intervention,indonesia,USDC
288,0.7574215221071796,41493775653.95613,514,S4_twin_shock_cex_intervention,indonesia,USDC
289,0.7584858245402355,40456431262.60722,514,S4_twin_shock_cex_intervention,indonesia,USDC
290,0.7481341237122229,39445020481.042046,514,S4_twin_shock_cex_intervention,indonesia,USDC
291,0.7580712808004184,38458894969.01599,514,S4_twin_shock_cex_intervention,indonesia,USDC
292,0.770739098375296,37497422594.790596,514,S4_twin_shock_cex_intervention,indonesia,USDC
293,0.7711380566196593,36559987029.92083,514,S4_twin_shock_cex_intervention,indonesia,USDC
294,0.7729060318401169,35645987354.172806,514,S4_twin_shock_cex_intervention,indonesia,USDC
295,0.770945683148252,34754837670.31849,514,S4_twin_shock_cex_intervention,indonesia,USDC
296,0.7579731942518484,33885966728.560524,514,S4_twin_shock_cex_intervention,indonesia,USDC
297,0.7709568045353586,33038817560.34651,514,S4_twin_shock_cex_intervention,indonesia,USDC
298,0.7690702878946635,32212847121.33785,514,S4_twin_shock_cex_intervention,indonesia,USDC
299,0.7571802431649377,31407525943.304405,514,S4_twin_shock_cex_intervention,indonesia,USDC
300,0.7493468298575192,30622337794.721794,514,S4_twin_shock_cex_intervention,indonesia,USDC
301,0.7113762639210267,29856779349.853752,514,S4_twin_shock_cex_intervention,indonesia,USDC
302,0.7108708145366257,29110359866.107403,514,S4_twin_shock_cex_intervention,indonesia,USDC
303,0.6967240508177865,28382600869.45472,514,S4_twin_shock_cex_intervention,indonesia,USDC
304,0.7035776682925606,27673035847.718353,514,S4_twin_shock_cex_intervention,indonesia,USDC
305,0.6983922877882707,26981209951.52539,514,S4_twin_shock_cex_intervention,indonesia,USDC
306,0.7013039156069822,26306679702.73726,514,S4_twin_shock_cex_intervention,indonesia,USDC
307,0.724506359070533,25649012710.168823,514,S4_twin_shock_cex_intervention,indonesia,USDC
308,0.7279548374283001,25007787392.414604,514,S4_twin_shock_cex_intervention,indonesia,USDC
309,0.7258429344597268,24382592707.60424,514,S4_twin_shock_cex_intervention,indonesia,USDC
310,0.723713132447296,23773027889.914135,514,S4_twin_shock_cex_intervention,indonesia,USDC
311,0.7312854363158836,23178702192.666283,514,S4_twin_shock_cex_intervention,indonesia,USDC
312,0.7282498213340168,22599234637.849625,514,S4_twin_shock_cex_intervention,indonesia,USDC
313,0.7207226037681653,22034253771.903385,514,S4_twin_shock_cex_intervention,indonesia,USDC
314,0.7429962485784267,21483397427.6058,514,S4_twin_shock_cex_intervention,indonesia,USDC
315,0.7550295288990525,20946312491.915657,514,S4_twin_shock_cex_intervention,indonesia,USDC
316,0.7723105625626976,20422654679.617764,514,S4_twin_shock_cex_intervention,indonesia,USDC
317,0.7669795722808206,19912088312.62732,514,S4_twin_shock_cex_intervention,indonesia,USDC
318,0.7848230587750906,19414286104.811638,514,S4_twin_shock_cex_intervention,indonesia,USDC
319,0.7651821810750689,18928928952.191345,514,S4_twin_shock_cex_intervention,indonesia,USDC
320,0.7651020584175585,18455705728.386562,514,S4_twin_shock_cex_intervention,indonesia,USDC
321,0.779555470571217,17994313085.1769,514,S4_twin_shock_cex_intervention,indonesia,USDC
322,0.7607834951063219,17544455258.047474,514,S4_twin_shock_cex_intervention,indonesia,USDC
323,0.7520174483921307,17105843876.596287,514,S4_twin_shock_cex_intervention,indonesia,USDC
324,0.7712591582451294,16678197779.681381,514,S4_twin_shock_cex_intervention,indonesia,USDC
325,0.7520773577775962,16261242835.189346,514,S4_twin_shock_cex_intervention,indonesia,USDC
326,0.7665423667942156,15854711764.309612,514,S4_twin_shock_cex_intervention,indonesia,USDC
327,0.7346297420343951,15458343970.201874,514,S4_twin_shock_cex_intervention,indonesia,USDC
328,0.7188462954471827,15071885370.946827,514,S4_twin_shock_cex_intervention,indonesia,USDC
329,0.7251728735093813,14695088236.673157,514,S4_twin_shock_cex_intervention,indonesia,USDC
330,0.7129855361571934,14327711030.756325,514,S4_twin_shock_cex_intervention,indonesia,USDC
331,0.7209151185670599,13969518254.987417,514,S4_twin_shock_cex_intervention,indonesia,USDC
332,0.7135385738163793,13620280298.612732,514,S4_twin_shock_cex_intervention,indonesia,USDC
333,0.7325263037926484,13279773291.147413,514,S4_twin_shock_cex_intervention,indonesia,USDC
334,0.7271223033868628,12947778958.868729,514,S4_twin_shock_cex_intervention,indonesia,USDC
335,0.7322018724668904,12624084484.89701,514,S4_twin_shock_cex_intervention,indonesia,USDC
336,0.7154798049792273,12308482372.774586,514,S4_twin_shock_cex_intervention,indonesia,USDC
337,0.7578045796967464,12000770313.455221,514,S4_twin_shock_cex_intervention,indonesia,USDC
338,0.7376031838014776,11700751055.618841,514,S4_twin_shock_cex_intervention,indonesia,USDC
339,0.7560843751899894,11408232279.228369,514,S4_twin_shock_cex_intervention,indonesia,USDC
340,0.7708810153578121,11123026472.24766,514,S4_twin_shock_cex_intervention,indonesia,USDC
341,0.8049193861402293,10844950810.44147,514,S4_twin_shock_cex_intervention,indonesia,USDC
342,0.7941413909156539,10573827040.180433,514,S4_twin_shock_cex_intervention,indonesia,USDC
343,0.8054366800836715,10309481364.175922,514,S4_twin_shock_cex_intervention,indonesia,USDC
344,0.8291343641092774,10051744330.071524,514,S4_twin_shock_cex_intervention,indonesia,USDC
345,0.8067713975473976,9800450721.819736,514,S4_twin_shock_cex_intervention,indonesia,USDC
346,0.7016879675987809,9555439453.774242,514,S4_twin_shock_cex_intervention,indonesia,USDC
347,0.7292302170140336,9316553467.429886,514,S4_twin_shock_cex_intervention,indonesia,USDC
348,0.7539120245795672,9083639630.744139,514,S4_twin_shock_cex_intervention,indonesia,USDC
349,0.7371151937201206,8856548639.975536,514,S4_twin_shock_cex_intervention,indonesia,USDC
350,0.7476166293191804,8635134923.976147,514,S4_twin_shock_cex_intervention,indonesia,USDC
351,0.7425046784910956,8419256550.876743,514,S4_twin_shock_cex_intervention,indonesia,USDC
352,0.7312465500430546,8208775137.104826,514,S4_twin_shock_cex_intervention,indonesia,USDC
353,0.7343681672060388,8003555758.677204,514,S4_twin_shock_cex_intervention,indonesia,USDC
354,0.7445070871260225,7803466864.710275,514,S4_twin_shock_cex_intervention,indonesia,USDC
355,0.7446257842348913,7608380193.092518,514,S4_twin_shock_cex_intervention,indonesia,USDC
356,0.7328125067207562,7418170688.265204,514,S4_twin_shock_cex_intervention,indonesia,USDC
357,0.713073040904364,7232716421.058574,514,S4_twin_shock_cex_intervention,indonesia,USDC
358,0.7265464722902065,7051898510.53211,514,S4_twin_shock_cex_intervention,indonesia,USDC
359,0.7333563833990843,6875601047.768806,514,S4_twin_shock_cex_intervention,indonesia,USDC
360,0.7536318078464799,6703711021.574587,514,S4_twin_shock_cex_intervention,indonesia,USDC
361,0.754011929965987,6536118246.035221,514,S4_twin_shock_cex_intervention,indonesia,USDC
362,0.7868758138351841,6372715289.884341,514,S4_twin_shock_cex_intervention,indonesia,USDC
363,0.7553892629812775,6213397407.637233,514,S4_twin_shock_cex_intervention,indonesia,USDC
364,0.7586409388445858,6058062472.446302,514,S4_twin_shock_cex_intervention,indonesia,USDC
365,0.7811116635736705,5906610910.635145,514,S4_twin_shock_cex_intervention,indonesia,USDC
366,0.8000985351503371,5758945637.869266,514,S4_twin_shock_cex_intervention,indonesia,USDC
367,0.8009972150769225,5614971996.922534,514,S4_twin_shock_cex_intervention,indonesia,USDC
368,0.8051741186362865,5474597696.99947,514,S4_twin_shock_cex_intervention,indonesia,USDC
369,0.8214324454247833,5337732754.574484,514,S4_twin_shock_cex_intervention,indonesia,USDC
370,0.7864512204006029,5204289435.710121,514,S4_twin_shock_cex_intervention,indonesia,USDC
371,0.8198150237846485,5074182199.8173685,514,S4_twin_shock_cex_intervention,indonesia,USDC
372,0.8232414112264927,4947327644.821935,514,S4_twin_shock_cex_intervention,indonesia,USDC
373,0.8146193605986869,4823644453.7013855,514,S4_twin_shock_cex_intervention,indonesia,USDC
374,0.8005506969062719,4703053342.358851,514,S4_twin_shock_cex_intervention,indonesia,USDC
375,0.827857637173554,4585477008.79988,514,S4_twin_shock_cex_intervention,indonesia,USDC
376,0.8305556926723194,4470840083.579883,514,S4_twin_shock_cex_intervention,indonesia,USDC
377,0.8117591699398834,4359069081.490385,514,S4_twin_shock_cex_intervention,indonesia,USDC
378,0.7981419214139605,4250092354.453126,514,S4_twin_shock_cex_intervention,indonesia,USDC
379,0.7834572739388368,4143840045.591798,514,S4_twin_shock_cex_intervention,indonesia,USDC
380,0.8109835328412949,4040244044.4520025,514,S4_twin_shock_cex_intervention,indonesia,USDC
381,0.8112411386374061,3939237943.340703,514,S4_twin_shock_cex_intervention,indonesia,USDC
382,0.803482569420506,3840756994.7571855,514,S4_twin_shock_cex_intervention,indonesia,USDC
383,0.8175155285050902,3744738069.888255,514,S4_twin_shock_cex_intervention,indonesia,USDC
384,0.8232866063325326,3651119618.1410484,514,S4_twin_shock_cex_intervention,indonesia,USDC
385,0.8116510113184124,3559841627.687523,514,S4_twin_shock_cex_intervention,indonesia,USDC
386,0.8095085134895605,3470845586.9953346,514,S4_twin_shock_cex_intervention,indonesia,USDC
387,0.7890992237816551,3384074447.3204513,514,S4_twin_shock_cex_intervention,indonesia,USDC
388,0.7818367313508688,3299472586.1374397,514,S4_twin_shock_cex_intervention,indonesia,USDC
389,0.7920276380139221,3216985771.484004,514,S4_twin_shock_cex_intervention,indonesia,USDC
390,0.7952680505319948,3136561127.196904,514,S4_twin_shock_cex_intervention,indonesia,USDC
391,0.7744915597147296,3058147099.0169816,514,S4_twin_shock_cex_intervention,indonesia,USDC
392,0.7750242944033758,2981693421.541557,514,S4_twin_shock_cex_intervention,indonesia,USDC
393,0.7756592907684055,2907151086.003018,514,S4_twin_shock_cex_intervention,indonesia,USDC
394,0.7911697946272188,2834472308.8529425,514,S4_twin_shock_cex_intervention,indonesia,USDC
395,0.8190861650652623,2763610501.131619,514,S4_twin_shock_cex_intervention,indonesia,USDC
396,0.8249489989238863,2694520238.6033287,514,S4_twin_shock_cex_intervention,indonesia,USDC
397,0.8035378956581318,2627157232.6382456,514,S4_twin_shock_cex_intervention,indonesia,USDC
398,0.7899707507130274,2561478301.8222895,514,S4_twin_shock_cex_intervention,indonesia,USDC
399,0.7781954502864996,2497441344.276732,514,S4_twin_shock_cex_intervention,indonesia,USDC
400,0.7919988488232751,2435005310.6698136,514,S4_twin_shock_cex_intervention,indonesia,USDC
401,0.7736474308050482,2374130177.9030685,514,S4_twin_shock_cex_intervention,indonesia,USDC
402,0.7596435134429289,2314776923.455492,514,S4_twin_shock_cex_intervention,indonesia,USDC
403,0.7491313351538759,2256907500.3691044,514,S4_twin_shock_cex_intervention,indonesia,USDC
404,0.7352664264116101,2200484812.8598766,514,S4_twin_shock_cex_intervention,indonesia,USDC
405,0.7355600671716809,2145472692.53838,514,S4_twin_shock_cex_intervention,indonesia,USDC
406,0.7377691681298905,2091835875.2249205,514,S4_twin_shock_cex_intervention,indonesia,USDC
407,0.7420948115546961,2039539978.3442974,514,S4_twin_shock_cex_intervention,indonesia,USDC
408,0.7500223056176644,1988551478.8856897,514,S4_twin_shock_cex_intervention,indonesia,USDC
409,0.7576667514261239,1938837691.9135478,514,S4_twin_shock_cex_intervention,indonesia,USDC
410,0.7620778829055208,1890366749.6157088,514,S4_twin_shock_cex_intervention,indonesia,USDC
411,0.7605495034805194,1843107580.8753166,514,S4_twin_shock_cex_intervention,indonesia,USDC
412,0.7695183410426835,1797029891.3534331,514,S4_twin_shock_cex_intervention,indonesia,USDC
413,0.7750714954494831,1752104144.0695975,514,S4_twin_shock_cex_intervention,indonesia,USDC
414,0.7718092336742666,1708301540.4678576,514,S4_twin_shock_cex_intervention,indonesia,USDC
415,0.784046905141978,1665594001.956161,514,S4_twin_shock_cex_intervention,indonesia,USDC
416,0.7447475920425217,1623954151.907257,514,S4_twin_shock_cex_intervention,indonesia,USDC
417,0.76187783558395,1583355298.1095757,514,S4_twin_shock_cex_intervention,indonesia,USDC
418,0.7875743943904069,1543771415.6568363,514,S4_twin_shock_cex_intervention,indonesia,USDC
419,0.7854072616043176,1505177130.2654152,514,S4_twin_shock_cex_intervention,indonesia,USDC
420,0.7873700425148091,1467547702.00878,514,S4_twin_shock_cex_intervention,indonesia,USDC
421,0.7842619559893861,1430859009.4585605,514,S4_twin_shock_cex_intervention,indonesia,USDC
422,0.7723722426464262,1395087534.2220964,514,S4_twin_shock_cex_intervention,indonesia,USDC
423,0.7608298495758313,1360210345.866544,514,S4_twin_shock_cex_intervention,indonesia,USDC
424,0.7573226706448959,1326205087.2198803,514,S4_twin_shock_cex_intervention,indonesia,USDC
425,0.7652027362245298,1293049960.0393834,514,S4_twin_shock_cex_intervention,indonesia,USDC
426,0.7692695197880861,1260723711.0383987,514,S4_twin_shock_cex_intervention,indonesia,USDC
427,0.7878078017856456,1229205618.2624388,514,S4_twin_shock_cex_intervention,indonesia,USDC
428,0.809218685800369,1198475477.805878,514,S4_twin_shock_cex_intervention,indonesia,USDC
429,0.8180495283276714,1168513590.860731,514,S4_twin_shock_cex_intervention,indonesia,USDC
430,0.8230237739052678,1139300751.089213,514,S4_twin_shock_cex_intervention,indonesia,USDC
431,0.7944320061193404,1110818232.3119824,514,S4_twin_shock_cex_intervention,indonesia,USDC
432,0.7936974638755698,1083047776.5041828,514,S4_twin_shock_cex_intervention,indonesia,USDC
433,0.8083526714312816,1055971582.0915784,514,S4_twin_shock_cex_intervention,indonesia,USDC
434,0.7899894558951814,1029572292.5392888,514,S4_twin_shock_cex_intervention,indonesia,USDC
435,0.7868707839567978,1003832985.2258067,514,S4_twin_shock_cex_intervention,indonesia,USDC
436,0.78727426830765,978737160.5951614,514,S4_twin_shock_cex_intervention,indonesia,USDC
437,0.7789207160939,954268731.5802824,514,S4_twin_shock_cex_intervention,indonesia,USDC
438,0.7672741424417853,930412013.2907753,514,S4_twin_shock_cex_intervention,indonesia,USDC
439,0.7902972659258208,907151712.958506,514,S4_twin_shock_cex_intervention,indonesia,USDC
440,0.7952040259491983,884472920.1345434,514,S4_twin_shock_cex_intervention,indonesia,USDC
441,0.7928668560719776,862361097.1311797,514,S4_twin_shock_cex_intervention,indonesia,USDC
442,0.8212093356833402,840802069.7029004,514,S4_twin_shock_cex_intervention,indonesia,USDC
443,0.8240777500207337,819782017.9603279,514,S4_twin_shock_cex_intervention,indonesia,USDC
444,0.7913519094717246,799287467.5113196,514,S4_twin_shock_cex_intervention,indonesia,USDC
445,0.7953894620761662,779305280.8235365,514,S4_twin_shock_cex_intervention,indonesia,USDC
446,0.7980184363861098,759822648.8029481,514,S4_twin_shock_cex_intervention,indonesia,USDC
447,0.796927842296589,740827082.5828744,514,S4_twin_shock_cex_intervention,indonesia,USDC
448,0.8051301335641994,722306405.5183026,514,S4_twin_shock_cex_intervention,indonesia,USDC
449,0.7840424888400834,704248745.3803451,514,S4_twin_shock_cex_intervention,indonesia,USDC
450,0.7810853833407936,686642526.7458365,514,S4_twin_shock_cex_intervention,indonesia,USDC
451,0.7764099470447593,669476463.5771905,514,S4_twin_shock_cex_intervention,indonesia,USDC
452,0.7865089182828541,652739551.9877608,514,S4_twin_shock_cex_intervention,indonesia,USDC
453,0.7985907951202661,636421063.1880667,514,S4_twin_shock_cex_intervention,indonesia,USDC
454,0.8039120571099752,620510536.6083652,514,S4_twin_shock_cex_intervention,indonesia,USDC
455,0.7906662695196512,604997773.193156,514,S4_twin_shock_cex_intervention,indonesia,USDC
456,0.790854599891229,589872828.8633271,514,S4_twin_shock_cex_intervention,indonesia,USDC
457,0.7593639730975088,575126008.1417439,514,S4_twin_shock_cex_intervention,indonesia,USDC
458,0.7666645082504311,560747857.9382004,514,S4_twin_shock_cex_intervention,indonesia,USDC
459,0.7846772258020857,546729161.4897454,514,S4_twin_shock_cex_intervention,indonesia,USDC
460,0.7786887888052876,533060932.45250165,514,S4_twin_shock_cex_intervention,indonesia,USDC
461,0.786815667434245,519734409.14118916,514,S4_twin_shock_cex_intervention,indonesia,USDC
462,0.786117470036906,506741048.9126594,514,S4_twin_shock_cex_intervention,indonesia,USDC
463,0.8061470786312469,494072522.68984294,514,S4_twin_shock_cex_intervention,indonesia,USDC
464,0.8291376615832677,481720709.6225969,514,S4_twin_shock_cex_intervention,indonesia,USDC
465,0.8528317035826453,469677691.882032,514,S4_twin_shock_cex_intervention,indonesia,USDC
466,0.875743209677812,457935749.5849812,514,S4_twin_shock_cex_intervention,indonesia,USDC
467,0.8860814414863053,446487355.8453567,514,S4_twin_shock_cex_intervention,indonesia,USDC
468,0.8959890303720257,435325171.9492228,514,S4_twin_shock_cex_intervention,indonesia,USDC
469,0.8974639856208304,424442042.6504922,514,S4_twin_shock_cex_intervention,indonesia,USDC
470,0.8971319305224745,413830991.5842299,514,S4_twin_shock_cex_intervention,indonesia,USDC
471,0.9075398572718204,403485216.7946242,514,S4_twin_shock_cex_intervention,indonesia,USDC
472,0.886033487807386,393398086.3747586,514,S4_twin_shock_cex_intervention,indonesia,USDC
473,0.8854519737573624,383563134.2153896,514,S4_twin_shock_cex_intervention,indonesia,USDC
474,0.8674033403020087,373974055.86000484,514,S4_twin_shock_cex_intervention,indonesia,USDC
475,0.8362785292425186,364624704.4635048,514,S4_twin_shock_cex_intervention,indonesia,USDC
476,0.8127631649630697,355509086.85191715,514,S4_twin_shock_cex_intervention,indonesia,USDC
477,0.8460728348402503,346621359.6806192,514,S4_twin_shock_cex_intervention,indonesia,USDC
478,0.8491313576913097,337955825.6886037,514,S4_twin_shock_cex_intervention,indonesia,USDC
479,0.8292320763421173,329506930.0463886,514,S4_twin_shock_cex_intervention,indonesia,USDC
480,0.8319971317730173,321269256.7952289,514,S4_twin_shock_cex_intervention,indonesia,USDC
481,0.8333852313806744,313237525.37534815,514,S4_twin_shock_cex_intervention,indonesia,USDC
482,0.8380838794653593,305406587.2409645,514,S4_twin_shock_cex_intervention,indonesia,USDC
483,0.8228900201921535,297771422.5599404,514,S4_twin_shock_cex_intervention,indonesia,USDC
484,0.8329263178834431,290327136.9959419,514,S4_twin_shock_cex_intervention,indonesia,USDC
485,0.8289024515067883,283068958.5710433,514,S4_twin_shock_cex_intervention,indonesia,USDC
486,0.8192785299613882,275992234.60676724,514,S4_twin_shock_cex_intervention,indonesia,USDC
487,0.8236755069095689,269092428.74159807,514,S4_twin_shock_cex_intervention,indonesia,USDC
488,0.8350491119697692,262365118.02305812,514,S4_twin_shock_cex_intervention,indonesia,USDC
489,0.8385836740463077,255805990.07248166,514,S4_twin_shock_cex_intervention,indonesia,USDC
490,0.8137987263629892,249410840.3206696,514,S4_twin_shock_cex_intervention,indonesia,USDC
491,0.7939787177889851,243175569.3126529,514,S4_twin_shock_cex_intervention,indonesia,USDC
492,0.7843413257733846,237096180.07983655,514,S4_twin_shock_cex_intervention,indonesia,USDC
493,0.8211575493663815,231168775.57784063,514,S4_twin_shock_cex_intervention,indonesia,USDC
494,0.8052334264773333,225389556.1883946,514,S4_twin_shock_cex_intervention,indonesia,USDC
495,0.7845629196737717,219754817.28368473,514,S4_twin_shock_cex_intervention,indonesia,USDC
496,0.7664585095817389,214260946.8515926,514,S4_twin_shock_cex_intervention,indonesia,USDC
497,0.7752396243045916,208904423.18030283,514,S4_twin_shock_cex_intervention,indonesia,USDC
498,0.7577505709008872,203681812.60079524,514,S4_twin_shock_cex_intervention,indonesia,USDC
499,0.7554536828261,198589767.28577536,514,S4_twin_shock_cex_intervention,indonesia,USDC
500,0.7576919270988616,193625023.103631,514,S4_twin_shock_cex_intervention,indonesia,USDC
501,0.7816476092776519,188784397.5260402,514,S4_twin_shock_cex_intervention,indonesia,USDC
502,0.7663465338470778,184064787.58788922,514,S4_twin_shock_cex_intervention,indonesia,USDC
503,0.7674771632763256,179463167.898192,514,S4_twin_shock_cex_intervention,indonesia,USDC
504,0.7655089256155972,174976588.70073718,514,S4_twin_shock_cex_intervention,indonesia,USDC
505,0.7804616967247932,170602173.98321876,514,S4_twin_shock_cex_intervention,indonesia,USDC
506,0.7874456147191184,166337119.63363826,514,S4_twin_shock_cex_intervention,indonesia,USDC
507,0.7400347246124859,162178691.64279735,514,S4_twin_shock_cex_intervention,indonesia,USDC
508,0.7383120535277801,158124224.3517274,514,S4_twin_shock_cex_intervention,indonesia,USDC
509,0.734230677116809,154171118.74293423,514,S4_twin_shock_cex_intervention,indonesia,USDC
510,0.7203677784713205,150316840.77436084,514,S4_twin_shock_cex_intervention,indonesia,USDC
511,0.7026516351350506,146558919.75500184,514,S4_twin_shock_cex_intervention,indonesia,USDC
512,0.7357972268279958,142894946.7611268,514,S4_twin_shock_cex_intervention,indonesia,USDC
513,0.7405504488780861,139322573.0920986,514,S4_twin_shock_cex_intervention,indonesia,USDC
514,0.7484528621385369,135839508.76479614,514,S4_twin_shock_cex_intervention,indonesia,USDC
515,0.7580966693487877,132443521.04567626,514,S4_twin_shock_cex_intervention,indonesia,USDC
516,0.7805822025337636,129132433.01953435,514,S4_twin_shock_cex_intervention,indonesia,USDC
517,0.7783110236520764,125904122.19404599,514,S4_twin_shock_cex_intervention,indonesia,USDC
518,0.7917900371201854,122756519.13919485,514,S4_twin_shock_cex_intervention,indonesia,USDC
519,0.7737526308228722,119687606.16071498,514,S4_twin_shock_cex_intervention,indonesia,USDC
520,0.7685209082774265,116695416.0066971,514,S4_twin_shock_cex_intervention,indonesia,USDC
521,0.7708010890509408,113778030.60652968,514,S4_twin_shock_cex_intervention,indonesia,USDC
522,0.7698664354405588,110933579.84136644,514,S4_twin_shock_cex_intervention,indonesia,USDC
523,0.7761779034247974,108160240.34533226,514,S4_twin_shock_cex_intervention,indonesia,USDC
524,0.7842419858866028,105456234.33669895,514,S4_twin_shock_cex_intervention,indonesia,USDC
525,0.7753679663844487,102819828.4782815,514,S4_twin_shock_cex_intervention,indonesia,USDC
526,0.7903927963772011,100249332.76632446,514,S4_twin_shock_cex_intervention,indonesia,USDC
527,0.7937105672148266,97743099.44716634,514,S4_twin_shock_cex_intervention,indonesia,USDC
528,0.8481589627124351,95299521.96098718,514,S4_twin_shock_cex_intervention,indonesia,USDC
529,0.8500143623891246,92917033.9119625,514,S4_twin_shock_cex_intervention,indonesia,USDC
530,0.8396700589359001,90594108.06416345,514,S4_twin_shock_cex_intervention,indonesia,USDC
531,0.8443815673005096,88329255.36255935,514,S4_twin_shock_cex_intervention,indonesia,USDC
532,0.8240418105070664,86121023.97849536,514,S4_twin_shock_cex_intervention,indonesia,USDC
533,0.8227473342731059,83967998.37903297,514,S4_twin_shock_cex_intervention,indonesia,USDC
534,0.8050392988133422,81868798.41955715,514,S4_twin_shock_cex_intervention,indonesia,USDC
535,0.8070581617277831,79822078.45906822,514,S4_twin_shock_cex_intervention,indonesia,USDC
536,0.837732238360658,77826526.49759153,514,S4_twin_shock_cex_intervention,indonesia,USDC
537,0.8285800732325874,75880863.33515173,514,S4_twin_shock_cex_intervention,indonesia,USDC
538,0.8395111574761157,73983841.75177294,514,S4_twin_shock_cex_intervention,indonesia,USDC
539,0.8512163432692943,72134245.70797862,514,S4_twin_shock_cex_intervention,indonesia,USDC
540,0.8344681107126879,70330889.56527916,514,S4_twin_shock_cex_intervention,indonesia,USDC
541,0.8397619916940344,68572617.32614717,514,S4_twin_shock_cex_intervention,indonesia,USDC
542,0.83861841214086,66858301.892993495,514,S4_twin_shock_cex_intervention,indonesia,USDC
543,0.8457507964458612,65186844.34566866,514,S4_twin_shock_cex_intervention,indonesia,USDC
544,0.8293682009239732,63557173.237026945,514,S4_twin_shock_cex_intervention,indonesia,USDC
545,0.8491916789583732,61968243.90610127,514,S4_twin_shock_cex_intervention,indonesia,USDC
546,0.8418536034817984,60419037.80844874,514,S4_twin_shock_cex_intervention,indonesia,USDC
547,0.8174438923413895,58908561.86323752,514,S4_twin_shock_cex_intervention,indonesia,USDC
548,0.8093220056365295,57435847.81665659,514,S4_twin_shock_cex_intervention,indonesia,USDC
549,0.7982277319055916,55999951.621240176,514,S4_twin_shock_cex_intervention,indonesia,USDC
550,0.7973972010059054,54599952.83070916,514,S4_twin_shock_cex_intervention,indonesia,USDC
551,0.8282212494963613,53234954.00994143,514,S4_twin_shock_cex_intervention,indonesia,USDC
552,0.8065909964663768,51904080.1596929,514,S4_twin_shock_cex_intervention,indonesia,USDC
553,0.814806200131854,50606478.15570057,514,S4_twin_shock_cex_intervention,indonesia,USDC
554,0.8289141086072299,49341316.20180806,514,S4_twin_shock_cex_intervention,indonesia,USDC
555,0.8274466581105053,48107783.296762854,514,S4_twin_shock_cex_intervention,indonesia,USDC
556,0.8226271243638431,46905088.714343786,514,S4_twin_shock_cex_intervention,indonesia,USDC
557,0.8456580959135175,45732461.49648519,514,S4_twin_shock_cex_intervention,indonesia,USDC
558,0.8164045884217616,44589149.95907306,514,S4_twin_shock_cex_intervention,indonesia,USDC
559,0.8356426654870761,43474421.21009624,514,S4_twin_shock_cex_intervention,indonesia,USDC
560,0.8160649083685069,42387560.67984383,514,S4_twin_shock_cex_intervention,indonesia,USDC
561,0.8145495934061862,41327871.662847735,514,S4_twin_shock_cex_intervention,indonesia,USDC
562,0.8244219111846777,40294674.871276535,514,S4_twin_shock_cex_intervention,indonesia,USDC
563,0.8035217898222063,39287307.99949463,514,S4_twin_shock_cex_intervention,indonesia,USDC
564,0.8259316103856704,38305125.29950726,514,S4_twin_shock_cex_intervention,indonesia,USDC
565,0.8300093455066464,37347497.167019576,514,S4_twin_shock_cex_intervention,indonesia,USDC
566,0.8486105515321327,36413809.737844095,514,S4_twin_shock_cex_intervention,indonesia,USDC
567,0.8618803965121177,35503464.49439798,514,S4_twin_shock_cex_intervention,indonesia,USDC
568,0.8460513893483557,34615877.882038034,514,S4_twin_shock_cex_intervention,indonesia,USDC
569,0.841547510063387,33750480.93498709,514,S4_twin_shock_cex_intervention,indonesia,USDC
570,0.8438087510318889,32906718.911612414,514,S4_twin_shock_cex_intervention,indonesia,USDC
571,0.8253369498604837,32084050.938822098,514,S4_twin_shock_cex_intervention,indonesia,USDC
572,0.8351905098824405,31281949.665351547,514,S4_twin_shock_cex_intervention,indonesia,USDC
573,0.8342680297238847,30499900.92371776,514,S4_twin_shock_cex_intervention,indonesia,USDC
574,0.8167006326608692,29737403.40062482,514,S4_twin_shock_cex_intervention,indonesia,USDC
575,0.8327127932338574,28993968.315609194,514,S4_twin_shock_cex_intervention,indonesia,USDC
576,0.8297660443092476,28269119.107718967,514,S4_twin_shock_cex_intervention,indonesia,USDC
577,0.8266670779630323,27562391.13002599,514,S4_twin_shock_cex_intervention,indonesia,USDC
578,0.8203264080715471,26873331.35177534,514,S4_twin_shock_cex_intervention,indonesia,USDC
579,0.7590247671067253,26201498.06798096,514,S4_twin_shock_cex_intervention,indonesia,USDC
580,0.7809915171457052,25546460.616281435,514,S4_twin_shock_cex_intervention,indonesia,USDC
581,0.754282843570371,24907799.100874394,514,S4_twin_shock_cex_intervention,indonesia,USDC
582,0.7492825390773185,24285104.123352535,514,S4_twin_shock_cex_intervention,indonesia,USDC
583,0.7563189302112098,23677976.520268723,514,S4_twin_shock_cex_intervention,indonesia,USDC
584,0.7657526373335868,23086027.107262004,514,S4_twin_shock_cex_intervention,indonesia,USDC
585,0.7591730436993328,22508876.429580454,514,S4_twin_shock_cex_intervention,indonesia,USDC
586,0.7733288702233305,21946154.518840943,514,S4_twin_shock_cex_intervention,indonesia,USDC
587,0.7876103492070968,21397500.655869916,514,S4_twin_shock_cex_intervention,indonesia,USDC
588,0.7720651911990717,20862563.13947317,514,S4_twin_shock_cex_intervention,indonesia,USDC
589,0.7858865257939531,20340999.06098634,514,S4_twin_shock_cex_intervention,indonesia,USDC
590,0.7867813929218145,19832474.08446168,514,S4_twin_shock_cex_intervention,indonesia,USDC
591,0.7844287340361881,19336662.23235014,514,S4_twin_shock_cex_intervention,indonesia,USDC
592,0.7743207586027799,18853245.676541388,514,S4_twin_shock_cex_intervention,indonesia,USDC
593,0.7722380836957516,18381914.53462785,514,S4_twin_shock_cex_intervention,indonesia,USDC
594,0.7707516823082149,17922366.671262156,514,S4_twin_shock_cex_intervention,indonesia,USDC
595,0.7438321644540826,17474307.5044806,514,S4_twin_shock_cex_intervention,indonesia,USDC
596,0.7321343195749107,17037449.816868585,514,S4_twin_shock_cex_intervention,indonesia,USDC
597,0.7368444334471819,16611513.571446873,514,S4_twin_shock_cex_intervention,indonesia,USDC
598,0.7220153054257211,16196225.7321607,514,S4_twin_shock_cex_intervention,indonesia,USDC
599,0.7298995931604423,15791320.088856682,514,S4_twin_shock_cex_intervention,indonesia,USDC
600,0.7384160151646123,15396537.086635265,514,S4_twin_shock_cex_intervention,indonesia,USDC
601,0.7410997397266265,15011623.659469385,514,S4_twin_shock_cex_intervention,indonesia,USDC
602,0.7656262931410426,14636333.06798265,514,S4_twin_shock_cex_intervention,indonesia,USDC
603,0.7531990410556308,14270424.741283085,514,S4_twin_shock_cex_intervention,indonesia,USDC
604,0.7898978223603383,13913664.122751007,514,S4_twin_shock_cex_intervention,indonesia,USDC
605,0.7902276315820301,13565822.519682232,514,S4_twin_shock_cex_intervention,indonesia,USDC
606,0.8012426699606147,13226676.956690177,514,S4_twin_shock_cex_intervention,indonesia,USDC
607,0.7975067351542126,12896010.032772923,514,S4_twin_shock_cex_intervention,indonesia,USDC
608,0.797283309149242,12573609.7819536,514,S4_twin_shock_cex_intervention,indonesia,USDC
609,0.7898051310903454,12259269.53740476,514,S4_twin_shock_cex_intervention,indonesia,USDC
610,0.8010442157651705,11952787.798969641,514,S4_twin_shock_cex_intervention,indonesia,USDC
611,0.8067286286617107,11653968.103995401,514,S4_twin_shock_cex_intervention,indonesia,USDC
612,0.8071351154302653,11362618.901395515,514,S4_twin_shock_cex_intervention,indonesia,USDC
613,0.8373286106648714,11078553.428860627,514,S4_twin_shock_cex_intervention,indonesia,USDC
614,0.8202011205929214,10801589.593139112,514,S4_twin_shock_cex_intervention,indonesia,USDC
615,0.8064529741029519,10531549.853310633,514,S4_twin_shock_cex_intervention,indonesia,USDC
616,0.7917200007223747,10268261.106977869,514,S4_twin_shock_cex_intervention,indonesia,USDC
617,0.8037308868853646,10011554.579303421,514,S4_twin_shock_cex_intervention,indonesia,USDC
618,0.7972932350432947,9761265.714820838,514,S4_twin_shock_cex_intervention,indonesia,USDC
619,0.8022108612070116,9517234.071950316,514,S4_twin_shock_cex_intervention,indonesia,USDC
620,0.8180298109256567,9279303.220151559,514,S4_twin_shock_cex_intervention,indonesia,USDC
621,0.8045150340742278,9047320.639647769,514,S4_twin_shock_cex_intervention,indonesia,USDC
622,0.816512960877042,8821137.623656576,514,S4_twin_shock_cex_intervention,indonesia,USDC
623,0.8063161367704961,8600609.183065161,514,S4_twin_shock_cex_intervention,indonesia,USDC
624,0.8056774628262733,8385593.953488532,514,S4_twin_shock_cex_intervention,indonesia,USDC
625,0.7720518219242537,8175954.104651319,514,S4_twin_shock_cex_intervention,indonesia,USDC
626,0.7895004460785127,7971555.252035036,514,S4_twin_shock_cex_intervention,indonesia,USDC
627,0.8162593373223753,7772266.37073416,514,S4_twin_shock_cex_intervention,indonesia,USDC
628,0.8225599904740315,7577959.711465806,514,S4_twin_shock_cex_intervention,indonesia,USDC
629,0.8147946417438181,7388510.71867916,514,S4_twin_shock_cex_intervention,indonesia,USDC
630,0.838927046262592,7203797.950712182,514,S4_twin_shock_cex_intervention,indonesia,USDC
631,0.8469568303919073,7023703.001944377,514,S4_twin_shock_cex_intervention,indonesia,USDC
632,0.8461782373030532,6848110.426895767,514,S4_twin_shock_cex_intervention,indonesia,USDC
633,0.8098350808858787,6676907.666223373,514,S4_twin_shock_cex_intervention,indonesia,USDC
634,0.7942278545813888,6509984.97456779,514,S4_twin_shock_cex_intervention,indonesia,USDC
635,0.7841350368750621,6347235.350203594,514,S4_twin_shock_cex_intervention,indonesia,USDC
636,0.7686916510732048,6188554.4664485045,514,S4_twin_shock_cex_intervention,indonesia,USDC
637,0.7714634403384649,6033840.604787292,514,S4_twin_shock_cex_intervention,indonesia,USDC
638,0.7667525705045892,5882994.58966761,514,S4_twin_shock_cex_intervention,indonesia,USDC
639,0.7569164989563216,5735919.724925919,514,S4_twin_shock_cex_intervention,indonesia,USDC
640,0.7567197280764488,5592521.731802772,514,S4_twin_shock_cex_intervention,indonesia,USDC
641,0.7508228536826043,5452708.688507702,514,S4_twin_shock_cex_intervention,indonesia,USDC
642,0.7509424881265243,5316390.971295009,514,S4_twin_shock_cex_intervention,indonesia,USDC
643,0.7536733350617421,5183481.197012634,514,S4_twin_shock_cex_intervention,indonesia,USDC
644,0.7704078721590185,5053894.167087318,514,S4_twin_shock_cex_intervention,indonesia,USDC
645,0.8178670464683689,4927546.812910136,514,S4_twin_shock_cex_intervention,indonesia,USDC
646,0.8123657524397409,4804358.142587382,514,S4_twin_shock_cex_intervention,indonesia,USDC
647,0.8276409118824022,4684249.1890226975,514,S4_twin_shock_cex_intervention,indonesia,USDC
648,0.8397168870411484,4567142.95929713,514,S4_twin_shock_cex_intervention,indonesia,USDC
649,0.8231617362003775,4452964.385314702,514,S4_twin_shock_cex_intervention,indonesia,USDC
650,0.8063190579684043,4341640.275681835,514,S4_twin_shock_cex_intervention,indonesia,USDC
651,0.7853445383432918,4233099.268789789,514,S4_twin_shock_cex_intervention,indonesia,USDC
652,0.7813000914062156,4127271.7870700443,514,S4_twin_shock_cex_intervention,indonesia,USDC
653,0.770398103049601,4024089.9923932925,514,S4_twin_shock_cex_intervention,indonesia,USDC
654,0.7824919106320902,3923487.74258346,514,S4_twin_shock_cex_intervention,indonesia,USDC
655,0.7817576983649692,3825400.549018874,514,S4_twin_shock_cex_intervention,indonesia,USDC
656,0.7558139256209374,3729765.535293402,514,S4_twin_shock_cex_intervention,indonesia,USDC
657,0.7729370805530797,3636521.3969110665,514,S4_twin_shock_cex_intervention,indonesia,USDC
658,0.7669250262597572,3545608.36198829,514,S4_twin_shock_cex_intervention,indonesia,USDC
659,0.7637384314383556,3456968.152938583,514,S4_twin_shock_cex_intervention,indonesia,USDC
660,0.7731559747446914,3370543.949115118,514,S4_twin_shock_cex_intervention,indonesia,USDC
661,0.791465030654386,3286280.35038724,514,S4_twin_shock_cex_intervention,indonesia,USDC
662,0.781014948516751,3204123.3416275587,514,S4_twin_shock_cex_intervention,indonesia,USDC
663,0.768271552368539,3124020.25808687,514,S4_twin_shock_cex_intervention,indonesia,USDC
664,0.7729025253021922,3045919.751634698,514,S4_twin_shock_cex_intervention,indonesia,USDC
665,0.7765459155056776,2969771.7578438306,514,S4_twin_shock_cex_intervention,indonesia,USDC
666,0.7664710882303934,2895527.463897735,514,S4_twin_shock_cex_intervention,indonesia,USDC
667,0.7930425855623466,2823139.277300291,514,S4_twin_shock_cex_intervention,indonesia,USDC
668,0.815617133918742,2752560.7953677843,514,S4_twin_shock_cex_intervention,indonesia,USDC
669,0.8204911502020221,2683746.7754835896,514,S4_twin_shock_cex_intervention,indonesia,USDC
670,0.810357901872469,2616653.1060964996,514,S4_twin_shock_cex_intervention,indonesia,USDC
671,0.8058252967234742,2551236.778444087,514,S4_twin_shock_cex_intervention,indonesia,USDC
672,0.8156306176075279,2487455.8589829854,514,S4_twin_shock_cex_intervention,indonesia,USDC
673,0.7990818680809961,2425269.4625084107,514,S4_twin_shock_cex_intervention,indonesia,USDC
674,0.7861849964637849,2364637.7259457,514,S4_twin_shock_cex_intervention,indonesia,USDC
675,0.7913675265585006,2305521.7827970576,514,S4_twin_shock_cex_intervention,indonesia,USDC
676,0.7909525235407325,2247883.7382271313,514,S4_twin_shock_cex_intervention,indonesia,USDC
677,0.800884027631461,2191686.644771453,514,S4_twin_shock_cex_intervention,indonesia,USDC
678,0.8032319233470323,2136894.478652166,514,S4_twin_shock_cex_intervention,indonesia,USDC
679,0.8155096601655988,2083472.1166858627,514,S4_twin_shock_cex_intervention,indonesia,USDC
680,0.8329524362096806,2031385.3137687158,514,S4_twin_shock_cex_intervention,indonesia,USDC
681,0.8249370884985519,1980600.680924498,514,S4_twin_shock_cex_intervention,indonesia,USDC
682,0.8260005572116873,1931085.6639013854,514,S4_twin_shock_cex_intervention,indonesia,USDC
683,0.8355498883290279,1882808.5223038509,514,S4_twin_shock_cex_intervention,indonesia,USDC
684,0.8228904051801612,1835738.3092462546,514,S4_twin_shock_cex_intervention,indonesia,USDC
685,0.8184164401219918,1789844.8515150982,514,S4_twin_shock_cex_intervention,indonesia,USDC
686,0.80770550923291,1745098.7302272203,514,S4_twin_shock_cex_intervention,indonesia,USDC
687,0.8297315884913093,1701471.26197154,514,S4_twin_shock_cex_intervention,indonesia,USDC
688,0.816775869094912,1658934.4804222519,514,S4_twin_shock_cex_intervention,indonesia,USDC
689,0.8161480342407229,1617461.1184116954,514,S4_twin_shock_cex_intervention,indonesia,USDC
690,0.8352289827780063,1577024.590451403,514,S4_twin_shock_cex_intervention,indonesia,USDC
691,0.8220154289957623,1537598.975690118,514,S4_twin_shock_cex_intervention,indonesia,USDC
692,0.8222414249217753,1499159.001297865,514,S4_twin_shock_cex_intervention,indonesia,USDC
693,0.8296969449625433,1461680.0262654184,514,S4_twin_shock_cex_intervention,indonesia,USDC
694,0.8199121152200384,1425138.025608783,514,S4_twin_shock_cex_intervention,indonesia,USDC
695,0.814919672178853,1389509.5749685634,514,S4_twin_shock_cex_intervention,indonesia,USDC
696,0.8070302362307633,1354771.835594349,514,S4_twin_shock_cex_intervention,indonesia,USDC
697,0.8074345389279711,1320902.5397044905,514,S4_twin_shock_cex_intervention,indonesia,USDC
698,0.8346289007294623,1287879.9762118782,514,S4_twin_shock_cex_intervention,indonesia,USDC
699,0.8301270791972419,1255682.9768065813,514,S4_twin_shock_cex_intervention,indonesia,USDC
700,0.8336775808875289,1224290.9023864167,514,S4_twin_shock_cex_intervention,indonesia,USDC
701,0.8176461679586813,1193683.6298267564,514,S4_twin_shock_cex_intervention,indonesia,USDC
702,0.796403316974093,1163841.5390810873,514,S4_twin_shock_cex_intervention,indonesia,USDC
703,0.8334440592103055,1134745.5006040602,514,S4_twin_shock_cex_intervention,indonesia,USDC
704,0.8558129509329571,1106376.8630889587,514,S4_twin_shock_cex_intervention,indonesia,USDC
705,0.839078768972909,1078717.4415117346,514,S4_twin_shock_cex_intervention,indonesia,USDC
706,0.8449928475650681,1051749.5054739413,514,S4_twin_shock_cex_intervention,indonesia,USDC
707,0.8357945638304308,1025455.767837093,514,S4_twin_shock_cex_intervention,indonesia,USDC
708,0.8209410101313694,999819.3736411657,514,S4_twin_shock_cex_intervention,indonesia,USDC
709,0.8126973013947163,974823.8893001364,514,S4_twin_shock_cex_intervention,indonesia,USDC
710,0.8034151072219999,950453.292067633,514,S4_twin_shock_cex_intervention,indonesia,USDC
711,0.7937232762895866,926691.9597659422,514,S4_twin_shock_cex_intervention,indonesia,USDC
712,0.7942037210002163,903524.6607717937,514,S4_twin_shock_cex_intervention,indonesia,USDC
713,0.7911750546663703,880936.5442524988,514,S4_twin_shock_cex_intervention,indonesia,USDC
714,0.777444810776802,858913.1306461863,514,S4_twin_shock_cex_intervention,indonesia,USDC
715,0.7704875957543367,837440.3023800316,514,S4_twin_shock_cex_intervention,indonesia,USDC
716,0.7786565436225048,816504.2948205308,514,S4_twin_shock_cex_intervention,indonesia,USDC
717,0.7734847177565938,796091.6874500175,514,S4_twin_shock_cex_intervention,indonesia,USDC
718,0.7744860126607619,776189.3952637672,514,S4_twin_shock_cex_intervention,indonesia,USDC
719,0.7647621601725075,756784.660382173,514,S4_twin_shock_cex_intervention,indonesia,USDC
720,0.7574547087260646,737865.0438726187,514,S4_twin_shock_cex_intervention,indonesia,USDC
721,0.7422041363098216,719418.4177758032,514,S4_twin_shock_cex_intervention,indonesia,USDC
722,0.7553531953874477,701432.9573314082,514,S4_twin_shock_cex_intervention,indonesia,USDC
723,0.7433467565342665,683897.133398123,514,S4_twin_shock_cex_intervention,indonesia,USDC
724,0.7776950487791074,666799.7050631698,514,S4_twin_shock_cex_intervention,indonesia,USDC
725,0.7544274938152068,650129.7124365906,514,S4_twin_shock_cex_intervention,indonesia,USDC
726,0.7697985769752209,633876.4696256758,514,S4_twin_shock_cex_intervention,indonesia,USDC
727,0.7964569514941497,618029.557885034,514,S4_twin_shock_cex_intervention,indonesia,USDC
728,0.7849457808001716,602578.8189379082,514,S4_twin_shock_cex_intervention,indonesia,USDC
729,0.7944635313833732,587514.3484644605,514,S4_twin_shock_cex_intervention,indonesia,USDC
730,0.7833467666764885,572826.489752849,514,S4_twin_shock_cex_intervention,indonesia,USDC
731,0.7693795109357191,558505.8275090277,514,S4_twin_shock_cex_intervention,indonesia,USDC
732,0.7422952444585182,544543.181821302,514,S4_twin_shock_cex_intervention,indonesia,USDC
733,0.7512859280644927,530929.6022757695,514,S4_twin_shock_cex_intervention,indonesia,USDC
734,0.7704762808396849,517656.36221887515,514,S4_twin_shock_cex_intervention,indonesia,USDC
735,0.8005441815061803,504714.95316340326,514,S4_twin_shock_cex_intervention,indonesia,USDC
736,0.7877249472194832,492097.07933431823,514,S4_twin_shock_cex_intervention,indonesia,USDC
737,0.7943721843374816,479794.65235096024,514,S4_twin_shock_cex_intervention,indonesia,USDC
738,0.7753472666200725,467799.78604218626,514,S4_twin_shock_cex_intervention,indonesia,USDC
739,0.7931338705807964,456104.7913911316,514,S4_twin_shock_cex_intervention,indonesia,USDC
740,0.784201913866789,444702.17160635325,514,S4_twin_shock_cex_intervention,indonesia,USDC
741,0.7683281844849179,433584.61731619446,514,S4_twin_shock_cex_intervention,indonesia,USDC
742,0.7890939010956697,422745.00188328966,514,S4_twin_shock_cex_intervention,indonesia,USDC
743,0.78894534421015,412176.37683620735,514,S4_twin_shock_cex_intervention,indonesia,USDC
744,0.7820606904024316,401871.9674153022,514,S4_twin_shock_cex_intervention,indonesia,USDC
745,0.799888086670262,391825.1682299196,514,S4_twin_shock_cex_intervention,indonesia,USDC
746,0.7970921006116637,382029.5390241716,514,S4_twin_shock_cex_intervention,indonesia,USDC
747,0.7730196585592548,372478.8005485673,514,S4_twin_shock_cex_intervention,indonesia,USDC
748,0.762521564303606,363166.83053485316,514,S4_twin_shock_cex_intervention,indonesia,USDC
749,0.7818231581685089,354087.6597714818,514,S4_twin_shock_cex_intervention,indonesia,USDC
750,0.7561323643389806,345235.46827719477,514,S4_twin_shock_cex_intervention,indonesia,USDC
751,0.7333557386604235,336604.5815702649,514,S4_twin_shock_cex_intervention,indonesia,USDC
752,0.7516389987422727,328189.4670310082,514,S4_twin_shock_cex_intervention,indonesia,USDC
753,0.7562750721143199,319984.73035523307,514,S4_twin_shock_cex_intervention,indonesia,USDC
754,0.7780395501635439,311985.1120963522,514,S4_twin_shock_cex_intervention,indonesia,USDC
755,0.7547120373100339,304185.4842939434,514,S4_twin_shock_cex_intervention,indonesia,USDC
756,0.7566183095327702,296580.84718659485,514,S4_twin_shock_cex_intervention,indonesia,USDC
757,0.7667984388098376,289166.32600693,514,S4_twin_shock_cex_intervention,indonesia,USDC
758,0.7918403183676371,281937.1678567567,514,S4_twin_shock_cex_intervention,indonesia,USDC
759,0.7798561927279236,274888.73866033775,514,S4_twin_shock_cex_intervention,indonesia,USDC
760,0.7844362782066662,268016.5201938293,514,S4_twin_shock_cex_intervention,indonesia,USDC
761,0.7600555308900552,261316.1071889836,514,S4_twin_shock_cex_intervention,indonesia,USDC
762,0.7619140834980163,254783.20450925903,514,S4_twin_shock_cex_intervention,indonesia,USDC
763,0.7981655256513807,248413.62439652754,514,S4_twin_shock_cex_intervention,indonesia,USDC
764,0.7853802496821346,242203.28378661434,514,S4_twin_shock_cex_intervention,indonesia,USDC
765,0.7822167426563613,236148.20169194895,514,S4_twin_shock_cex_intervention,indonesia,USDC
766,0.7590551365282615,230244.49664965022,514,S4_twin_shock_cex_intervention,indonesia,USDC
767,0.7409065593763392,224488.38423340901,514,S4_twin_shock_cex_intervention,indonesia,USDC
768,0.7529026653416209,218876.17462757375,514,S4_twin_shock_cex_intervention,indonesia,USDC
769,0.7356901347426441,213404.27026188443,514,S4_twin_shock_cex_intervention,indonesia,USDC
770,0.7180891491739553,208069.16350533732,514,S4_twin_shock_cex_intervention,indonesia,USDC
771,0.7133375844687473,202867.4344177039,514,S4_twin_shock_cex_intervention,indonesia,USDC
772,0.7174898477856037,197795.74855726128,514,S4_twin_shock_cex_intervention,indonesia,USDC
773,0.7192920634331762,192850.85484332975,514,S4_twin_shock_cex_intervention,indonesia,USDC
774,0.7375926057314567,188029.5834722465,514,S4_twin_shock_cex_intervention,indonesia,USDC
775,0.7574581473546619,183328.84388544035,514,S4_twin_shock_cex_intervention,indonesia,USDC
776,0.7719908627368539,178745.62278830432,514,S4_twin_shock_cex_intervention,indonesia,USDC
777,0.7846571291388916,174276.98221859674,514,S4_twin_shock_cex_intervention,indonesia,USDC
778,0.7996348666111743,169920.0576631318,514,S4_twin_shock_cex_intervention,indonesia,USDC
779,0.7912848356802419,165672.0562215535,514,S4_twin_shock_cex_intervention,indonesia,USDC
780,0.8276349296256291,161530.25481601467,514,S4_twin_shock_cex_intervention,indonesia,USDC
781,0.822474397768861,157491.9984456143,514,S4_twin_shock_cex_intervention,indonesia,USDC
782,0.8287162862935792,153554.69848447395,514,S4_twin_shock_cex_intervention,indonesia,USDC
783,0.8230728165305785,149715.8310223621,514,S4_twin_shock_cex_intervention,indonesia,USDC
784,0.8449321796009821,145972.93524680304,514,S4_twin_shock_cex_intervention,indonesia,USDC
785,0.8523074113875634,142323.611865633,514,S4_twin_shock_cex_intervention,indonesia,USDC
786,0.8415771793709437,138765.52156899218,514,S4_twin_shock_cex_intervention,indonesia,USDC
787,0.8180427232515521,135296.38352976734,514,S4_twin_shock_cex_intervention,indonesia,USDC
788,0.8015524850973779,131913.97394152317,514,S4_twin_shock_cex_intervention,indonesia,USDC
789,0.8045251306558991,128616.1245929851,514,S4_twin_shock_cex_intervention,indonesia,USDC
790,0.7005482375545731,125400.72147816047,514,S4_twin_shock_cex_intervention,indonesia,USDC
791,0.7242314152349849,122265.70344120645,514,S4_twin_shock_cex_intervention,indonesia,USDC
792,0.7382802766420358,119209.06085517627,514,S4_twin_shock_cex_intervention,indonesia,USDC
793,0.7333234918514779,116228.83433379687,514,S4_twin_shock_cex_intervention,indonesia,USDC
794,0.7286347583060556,113323.11347545196,514,S4_twin_shock_cex_intervention,indonesia,USDC
795,0.7498763207209612,110490.03563856566,514,S4_twin_shock_cex_intervention,indonesia,USDC
796,0.7179008537523022,107727.7847476015,514,S4_twin_shock_cex_intervention,indonesia,USDC
797,0.6363676075184242,105034.59012891147,514,S4_twin_shock_cex_intervention,indonesia,USDC
798,0.6672208671706633,102408.72537568868,514,S4_twin_shock_cex_intervention,indonesia,USDC
799,0.7021726659534417,99848.50724129647,514,S4_twin_shock_cex_intervention,indonesia,USDC
800,0.7249364091123676,97352.29456026405,514,S4_twin_shock_cex_intervention,indonesia,USDC
801,0.7565422339983612,94918.48719625745,514,S4_twin_shock_cex_intervention,indonesia,USDC
802,0.7609992260516121,92545.52501635102,514,S4_twin_shock_cex_intervention,indonesia,USDC
803,0.7791725733566716,90231.88689094225,514,S4_twin_shock_cex_intervention,indonesia,USDC
804,0.7879542087070345,87976.08971866869,514,S4_twin_shock_cex_intervention,indonesia,USDC
805,0.8099602287062738,85776.68747570197,514,S4_twin_shock_cex_intervention,indonesia,USDC
806,0.8277168809350169,83632.27028880942,514,S4_twin_shock_cex_intervention,indonesia,USDC
807,0.8247864368840768,81541.4635315892,514,S4_twin_shock_cex_intervention,indonesia,USDC
808,0.828898734671167,79502.92694329945,514,S4_twin_shock_cex_intervention,indonesia,USDC
809,0.8273800933457788,77515.35376971697,514,S4_twin_shock_cex_intervention,indonesia,USDC
810,0.8445505141482478,75577.46992547406,514,S4_twin_shock_cex_intervention,indonesia,USDC
811,0.8385291249250955,73688.0331773372,514,S4_twin_shock_cex_intervention,indonesia,USDC
812,0.828352478321398,71845.83234790376,514,S4_twin_shock_cex_intervention,indonesia,USDC
813,0.8332326480074322,70049.68653920617,514,S4_twin_shock_cex_intervention,indonesia,USDC
814,0.8305851208325047,68298.44437572602,514,S4_twin_shock_cex_intervention,indonesia,USDC
815,0.8222197702016851,66590.98326633287,514,S4_twin_shock_cex_intervention,indonesia,USDC
816,0.8241280587458347,64926.20868467455,514,S4_twin_shock_cex_intervention,indonesia,USDC
817,0.823711152749602,63303.05346755768,514,S4_twin_shock_cex_intervention,indonesia,USDC
818,0.8080268147769208,61720.477130868734,514,S4_twin_shock_cex_intervention,indonesia,USDC
819,0.8144525864738421,60177.46520259701,514,S4_twin_shock_cex_intervention,indonesia,USDC
820,0.8270321792369746,58673.0285725321,514,S4_twin_shock_cex_intervention,indonesia,USDC
821,0.801879936470043,57206.202858218785,514,S4_twin_shock_cex_intervention,indonesia,USDC
822,0.786797600207283,55776.047786763316,514,S4_twin_shock_cex_intervention,indonesia,USDC
823,0.7829799237417205,54381.64659209424,514,S4_twin_shock_cex_intervention,indonesia,USDC
824,0.8069109926449071,53022.10542729187,514,S4_twin_shock_cex_intervention,indonesia,USDC
825,0.813229431380227,51696.55279160958,514,S4_twin_shock_cex_intervention,indonesia,USDC
826,0.7982477737232803,50404.13897181934,514,S4_twin_shock_cex_intervention,indonesia,USDC
827,0.7880669721984154,49144.03549752385,514,S4_twin_shock_cex_intervention,indonesia,USDC
828,0.8059578814579103,47915.43461008576,514,S4_twin_shock_cex_intervention,indonesia,USDC
829,0.8221755641333693,46717.54874483361,514,S4_twin_shock_cex_intervention,indonesia,USDC
830,0.8042451069803545,45549.61002621277,514,S4_twin_shock_cex_intervention,indonesia,USDC
831,0.7815559301622313,44410.869775557454,514,S4_twin_shock_cex_intervention,indonesia,USDC
832,0.7975141644427788,43300.59803116851,514,S4_twin_shock_cex_intervention,indonesia,USDC
833,0.7745211870209157,42218.083080389304,514,S4_twin_shock_cex_intervention,indonesia,USDC
834,0.7689382754876902,41162.631003379574,514,S4_twin_shock_cex_intervention,indonesia,USDC
835,0.777002908258662,40133.56522829508,514,S4_twin_shock_cex_intervention,indonesia,USDC
836,0.7617991103887205,39130.22609758771,514,S4_twin_shock_cex_intervention,indonesia,USDC
837,0.7888358415327229,38151.970445148014,514,S4_twin_shock_cex_intervention,indonesia,USDC
838,0.7889292732482335,37198.17118401931,514,S4_twin_shock_cex_intervention,indonesia,USDC
839,0.7853775770456513,36268.21690441883,514,S4_twin_shock_cex_intervention,indonesia,USDC
840,0.7862801437197415,35361.51148180835,514,S4_twin_shock_cex_intervention,indonesia,USDC
841,0.7899781474831996,34477.473694763146,514,S4_twin_shock_cex_intervention,indonesia,USDC
842,0.7845050931732781,33615.53685239407,514,S4_twin_shock_cex_intervention,indonesia,USDC
843,0.8032251418168892,32775.14843108421,514,S4_twin_shock_cex_intervention,indonesia,USDC
844,0.8220292237211008,31955.769720307107,514,S4_twin_shock_cex_intervention,indonesia,USDC
845,0.8056874232366279,31156.875477299433,514,S4_twin_shock_cex_intervention,indonesia,USDC
846,0.8284070344490397,30377.95359036695,514,S4_twin_shock_cex_intervention,indonesia,USDC
847,0.812118782501203,29618.504750607775,514,S4_twin_shock_cex_intervention,indonesia,USDC
848,0.8033463565230607,28878.04213184258,514,S4_twin_shock_cex_intervention,indonesia,USDC
849,0.779199645608704,28156.091078546517,514,S4_twin_shock_cex_intervention,indonesia,USDC
850,0.7937957016404363,27452.188801582855,514,S4_twin_shock_cex_intervention,indonesia,USDC
851,0.7764576666319885,26765.88408154328,514,S4_twin_shock_cex_intervention,indonesia,USDC
852,0.7771980759786971,26096.736979504698,514,S4_twin_shock_cex_intervention,indonesia,USDC
853,0.7835802082518912,25444.318555017082,514,S4_twin_shock_cex_intervention,indonesia,USDC
854,0.7906604436284081,24808.210591141655,514,S4_twin_shock_cex_intervention,indonesia,USDC
855,0.7853627047007378,24188.005326363113,514,S4_twin_shock_cex_intervention,indonesia,USDC
856,0.7617783408002733,23583.305193204036,514,S4_twin_shock_cex_intervention,indonesia,USDC
857,0.7674944305760196,22993.722563373936,514,S4_twin_shock_cex_intervention,indonesia,USDC
858,0.7584255644470201,22418.879499289586,514,S4_twin_shock_cex_intervention,indonesia,USDC
859,0.7668921256081338,21858.407511807345,514,S4_twin_shock_cex_intervention,indonesia,USDC
860,0.7805611385077293,21311.947324012166,514,S4_twin_shock_cex_intervention,indonesia,USDC
861,0.7659101646752349,20779.14864091186,514,S4_twin_shock_cex_intervention,indonesia,USDC
862,0.757895698894778,20259.66992488906,514,S4_twin_shock_cex_intervention,indonesia,USDC
863,0.7451227151278179,19753.178176766836,514,S4_twin_shock_cex_intervention,indonesia,USDC
864,0.7385057807922462,19259.348722347662,514,S4_twin_shock_cex_intervention,indonesia,USDC
865,0.7410868108627661,18777.86500428897,514,S4_twin_shock_cex_intervention,indonesia,USDC
866,0.7470728061122075,18308.41837918175,514,S4_twin_shock_cex_intervention,indonesia,USDC
867,0.7347579112042023,17850.707919702203,514,S4_twin_shock_cex_intervention,indonesia,USDC
868,0.7443810825976741,17404.44022170965,514,S4_twin_shock_cex_intervention,indonesia,USDC
869,0.7710957761737189,16969.32921616691,514,S4_twin_shock_cex_intervention,indonesia,USDC
870,0.7534233656493513,16545.095985762735,514,S4_twin_shock_cex_intervention,indonesia,USDC
871,0.7436860008408613,16131.46858611867,514,S4_twin_shock_cex_intervention,indonesia,USDC
872,0.7453828353965131,15728.1818714657,514,S4_twin_shock_cex_intervention,indonesia,USDC
873,0.7278129328381537,15334.97732467906,514,S4_twin_shock_cex_intervention,indonesia,USDC
874,0.7223116203252536,14951.602891562081,514,S4_twin_shock_cex_intervention,indonesia,USDC
875,0.7609663162108806,14577.81281927303,514,S4_twin_shock_cex_intervention,indonesia,USDC
876,0.7982810653404684,14213.367498791204,514,S4_twin_shock_cex_intervention,indonesia,USDC
877,0.8043427775427063,13858.033311321426,514,S4_twin_shock_cex_intervention,indonesia,USDC
878,0.8015186427409791,13511.582478538388,514,S4_twin_shock_cex_intervention,indonesia,USDC
879,0.8080022517819483,13173.792916574928,514,S4_twin_shock_cex_intervention,indonesia,USDC
880,0.8175077775525897,12844.448093660554,514,S4_twin_shock_cex_intervention,indonesia,USDC
881,0.8326288993982714,12523.336891319042,514,S4_twin_shock_cex_intervention,indonesia,USDC
882,0.8503477283278296,12210.253469036066,514,S4_twin_shock_cex_intervention,indonesia,USDC
883,0.8306757913344194,11904.997132310164,514,S4_twin_shock_cex_intervention,indonesia,USDC
884,0.8363551701981108,11607.37220400241,514,S4_twin_shock_cex_intervention,indonesia,USDC
885,0.847547250849716,11317.18789890235,514,S4_twin_shock_cex_intervention,indonesia,USDC
886,0.8237926660506524,11034.258201429791,514,S4_twin_shock_cex_intervention,indonesia,USDC
887,0.8234137751772874,10758.401746394045,514,S4_twin_shock_cex_intervention,indonesia,USDC
888,0.8167017087517381,10489.441702734195,514,S4_twin_shock_cex_intervention,indonesia,USDC
889,0.8089185104552048,10227.20566016584,514,S4_twin_shock_cex_intervention,indonesia,USDC
890,0.8220595807025306,9971.525518661694,514,S4_twin_shock_cex_intervention,indonesia,USDC
891,0.8006909823802,9722.237380695151,514,S4_twin_shock_cex_intervention,indonesia,USDC
892,0.7722026429348786,9479.181446177772,514,S4_twin_shock_cex_intervention,indonesia,USDC
893,0.7748669927365965,9242.201910023328,514,S4_twin_shock_cex_intervention,indonesia,USDC
894,0.7671423087255853,9011.146862272744,514,S4_twin_shock_cex_intervention,indonesia,USDC
895,0.7645618258138815,8785.868190715926,514,S4_twin_shock_cex_intervention,indonesia,USDC
896,0.7763542241595387,8566.221485948028,514,S4_twin_shock_cex_intervention,indonesia,USDC
897,0.7832319535726103,8352.065948799327,514,S4_twin_shock_cex_intervention,indonesia,USDC
898,0.7913302549458542,8143.264300079345,514,S4_twin_shock_cex_intervention,indonesia,USDC
899,0.7910519453193138,7939.68269257736,514,S4_twin_shock_cex_intervention,indonesia,USDC
900,0.7756793480305808,7741.190625262927,514,S4_twin_shock_cex_intervention,indonesia,USDC
901,0.7803878847587955,7547.660859631353,514,S4_twin_shock_cex_intervention,indonesia,USDC
902,0.7909746278617198,7358.969338140569,514,S4_twin_shock_cex_intervention,indonesia,USDC
903,0.7891219858076225,7174.995104687055,514,S4_twin_shock_cex_intervention,indonesia,USDC
904,0.8066364241096119,6995.620227069879,514,S4_twin_shock_cex_intervention,indonesia,USDC
905,0.8285409580341343,6820.7297213931315,514,S4_twin_shock_cex_intervention,indonesia,USDC
906,0.800735794064668,6650.211478358303,514,S4_twin_shock_cex_intervention,indonesia,USDC
907,0.814540714610984,6483.956191399346,514,S4_twin_shock_cex_intervention,indonesia,USDC
908,0.8202406160061564,6321.857286614362,514,S4_twin_shock_cex_intervention,indonesia,USDC
909,0.808963643550651,6163.810854449002,514,S4_twin_shock_cex_intervention,indonesia,USDC
910,0.8274295800684015,6009.715583087777,514,S4_twin_shock_cex_intervention,indonesia,USDC
911,0.8507867352944971,5859.472693510583,514,S4_twin_shock_cex_intervention,indonesia,USDC
912,0.8351426301040468,5712.985876172818,514,S4_twin_shock_cex_intervention,indonesia,USDC
913,0.8385631162537577,5570.161229268499,514,S4_twin_shock_cex_intervention,indonesia,USDC
914,0.848821635536321,5430.9071985367855,514,S4_twin_shock_cex_intervention,indonesia,USDC
915,0.8788009338955319,5295.134518573366,514,S4_twin_shock_cex_intervention,indonesia,USDC
916,0.8671392117566452,5162.756155609032,514,S4_twin_shock_cex_intervention,indonesia,USDC
917,0.874008522930961,5033.687251718806,514,S4_twin_shock_cex_intervention,indonesia,USDC
918,0.8674839693922621,4907.845070425836,514,S4_twin_shock_cex_intervention,indonesia,USDC
919,0.8300328186533464,4785.14894366519,514,S4_twin_shock_cex_intervention,indonesia,USDC
920,0.8357056901780698,4665.52022007356,514,S4_twin_shock_cex_intervention,indonesia,USDC
921,0.828361559152187,4548.882214571721,514,S4_twin_shock_cex_intervention,indonesia,USDC
922,0.6852373949312499,4435.160159207428,514,S4_twin_shock_cex_intervention,indonesia,USDC
923,0.7079149222335018,4324.281155227242,514,S4_twin_shock_cex_intervention,indonesia,USDC
924,0.7263407217062372,4216.174126346561,514,S4_twin_shock_cex_intervention,indonesia,USDC
925,0.7309085712387131,4110.769773187897,514,S4_twin_shock_cex_intervention,indonesia,USDC
926,0.7309569117185626,4008.0005288582,514,S4_twin_shock_cex_intervention,indonesia,USDC
927,0.7466176045514419,3907.800515636745,514,S4_twin_shock_cex_intervention,indonesia,USDC
928,0.7424998003690723,3810.105502745826,514,S4_twin_shock_cex_intervention,indonesia,USDC
929,0.7439497726955021,3714.852865177181,514,S4_twin_shock_cex_intervention,indonesia,USDC
930,0.7518750848520456,3621.9815435477512,514,S4_twin_shock_cex_intervention,indonesia,USDC
931,0.7331693660590264,3531.432004959057,514,S4_twin_shock_cex_intervention,indonesia,USDC
932,0.7321305069447267,3443.1462048350804,514,S4_twin_shock_cex_intervention,indonesia,USDC
933,0.752822754824525,3357.067549714204,514,S4_twin_shock_cex_intervention,indonesia,USDC
934,0.7692482518306245,3273.140860971349,514,S4_twin_shock_cex_intervention,indonesia,USDC
935,0.7688496998231453,3191.312339447065,514,S4_twin_shock_cex_intervention,indonesia,USDC
936,0.7601643259160792,3111.529530960888,514,S4_twin_shock_cex_intervention,indonesia,USDC
937,0.7950053383148358,3033.7412926868665,514,S4_twin_shock_cex_intervention,indonesia,USDC
938,0.7913473159987998,2957.897760369695,514,S4_twin_shock_cex_intervention,indonesia,USDC
939,0.7908984801942719,2883.9503163604522,514,S4_twin_shock_cex_intervention,indonesia,USDC
940,0.8112819522051176,2811.8515584514407,514,S4_twin_shock_cex_intervention,indonesia,USDC
941,0.8290217972734912,2741.5552694901553,514,S4_twin_shock_cex_intervention,indonesia,USDC
942,0.8339972007356548,2673.016387752901,514,S4_twin_shock_cex_intervention,indonesia,USDC
943,0.8506431983729769,2606.1909780590786,514,S4_twin_shock_cex_intervention,indonesia,USDC
944,0.8301983142320756,2541.0362036076017,514,S4_twin_shock_cex_intervention,indonesia,USDC
945,0.8181910107669793,2477.5102985174117,514,S4_twin_shock_cex_intervention,indonesia,USDC
946,0.8434707632154126,2415.5725410544765,514,S4_twin_shock_cex_intervention,indonesia,USDC
947,0.8639295771259959,2355.183227528114,514,S4_twin_shock_cex_intervention,indonesia,USDC
948,0.8463714421449371,2296.3036468399114,514,S4_twin_shock_cex_intervention,indonesia,USDC
949,0.7980964545739916,2238.8960556689135,514,S4_twin_shock_cex_intervention,indonesia,USDC
950,0.8096300197140425,2182.9236542771905,514,S4_twin_shock_cex_intervention,indonesia,USDC
951,0.80331096849604,2128.350562920261,514,S4_twin_shock_cex_intervention,indonesia,USDC
952,0.7979808912293316,2075.1417988472544,514,S4_twin_shock_cex_intervention,indonesia,USDC
953,0.8057228969508032,2023.263253876073,514,S4_twin_shock_cex_intervention,indonesia,USDC
954,0.7985762658548782,1972.681672529171,514,S4_twin_shock_cex_intervention,indonesia,USDC
955,0.7636054490067227,1923.3646307159415,514,S4_twin_shock_cex_intervention,indonesia,USDC
956,0.7690587363217218,1875.2805149480432,514,S4_twin_shock_cex_intervention,indonesia,USDC
957,0.7685607942609192,1828.398502074342,514,S4_twin_shock_cex_intervention,indonesia,USDC
958,0.765799464624666,1782.6885395224836,514,S4_twin_shock_cex_intervention,indonesia,USDC
959,0.7667766005191492,1738.1213260344214,514,S4_twin_shock_cex_intervention,indonesia,USDC
960,0.7761778457159633,1694.6682928835608,514,S4_twin_shock_cex_intervention,indonesia,USDC
961,0.7615523295560501,1652.3015855614717,514,S4_twin_shock_cex_intervention,indonesia,USDC
962,0.7512941150378272,1610.994045922435,514,S4_twin_shock_cex_intervention,indonesia,USDC
963,0.7494763279558566,1570.7191947743738,514,S4_twin_shock_cex_intervention,indonesia,USDC
964,0.7489280812780247,1531.4512149050147,514,S4_twin_shock_cex_intervention,indonesia,USDC
965,0.7803681371250517,1493.1649345323892,514,S4_twin_shock_cex_intervention,indonesia,USDC
966,0.7592946510106853,1455.8358111690795,514,S4_twin_shock_cex_intervention,indonesia,USDC
967,0.7556836989509743,1419.4399158898523,514,S4_twin_shock_cex_intervention,indonesia,USDC
968,0.759221567037677,1383.953917992606,514,S4_twin_shock_cex_intervention,indonesia,USDC
969,0.757655805808297,1349.3550700427909,514,S4_twin_shock_cex_intervention,indonesia,USDC
970,0.7677292611905164,1315.6211932917213,514,S4_twin_shock_cex_intervention,indonesia,USDC
971,0.7858152720514434,1282.7306634594281,514,S4_twin_shock_cex_intervention,indonesia,USDC
972,0.7964711423023508,1250.6623968729425,514,S4_twin_shock_cex_intervention,indonesia,USDC
973,0.8193349715288276,1219.3958369511188,514,S4_twin_shock_cex_intervention,indonesia,USDC
974,0.8000966991410285,1188.9109410273409,514,S4_twin_shock_cex_intervention,indonesia,USDC
975,0.7911119739615067,1159.1881675016575,514,S4_twin_shock_cex_intervention,indonesia,USDC
976,0.799858738569621,1130.208463314116,514,S4_twin_shock_cex_intervention,indonesia,USDC
977,0.8134196496001767,1101.9532517312632,514,S4_twin_shock_cex_intervention,indonesia,USDC
978,0.8136645048222682,1074.4044204379816,514,S4_twin_shock_cex_intervention,indonesia,USDC
979,0.8104471347212788,1047.544309927032,514,S4_twin_shock_cex_intervention,indonesia,USDC
980,0.8315607875814528,1021.3557021788561,514,S4_twin_shock_cex_intervention,indonesia,USDC
981,0.824759291371857,995.8218096243847,514,S4_twin_shock_cex_intervention,indonesia,USDC
982,0.8070793973045913,970.9262643837751,514,S4_twin_shock_cex_intervention,indonesia,USDC
983,0.7999600825313821,946.6531077741809,514,S4_twin_shock_cex_intervention,indonesia,USDC
984,0.8031863555370156,922.9867800798263,514,S4_twin_shock_cex_intervention,indonesia,USDC
985,0.8109871016728448,899.9121105778306,514,S4_twin_shock_cex_intervention,indonesia,USDC
986,0.8237023140677859,877.414307813385,514,S4_twin_shock_cex_intervention,indonesia,USDC
987,0.8058342933540191,855.4789501180503,514,S4_twin_shock_cex_intervention,indonesia,USDC
988,0.7865914644757762,834.0919763650991,514,S4_twin_shock_cex_intervention,indonesia,USDC
989,0.7677638564766964,813.2396769559716,514,S4_twin_shock_cex_intervention,indonesia,USDC
990,0.7597466247157577,792.9086850320723,514,S4_twin_shock_cex_intervention,indonesia,USDC
991,0.7718710098940865,773.0859679062705,514,S4_twin_shock_cex_intervention,indonesia,USDC
992,0.7743744046394354,753.7588187086138,514,S4_twin_shock_cex_intervention,indonesia,USDC
993,0.7819034646641417,734.9148482408986,514,S4_twin_shock_cex_intervention,indonesia,USDC
994,0.7924045307582255,716.541977034876,514,S4_twin_shock_cex_intervention,indonesia,USDC
995,0.7821569526570236,698.6284276090041,514,S4_twin_shock_cex_intervention,indonesia,USDC
996,0.7786687744812009,681.162716918779,514,S4_twin_shock_cex_intervention,indonesia,USDC
997,0.7649443590571463,664.1336489958096,514,S4_twin_shock_cex_intervention,indonesia,USDC
998,0.7658133388465485,647.5303077709143,514,S4_twin_shock_cex_intervention,indonesia,USDC
999,0.7857674130361545,631.3420500766415,514,S4_twin_shock_cex_intervention,indonesia,USDC
1000,0.7848070296828153,615.5584988247255,514,S4_twin_shock_cex_intervention,indonesia,USDC
