Step,price,liquidity,iteration,scenario,region,coin
1,0.9826914157760906,2989937473715.1465,139,S0_baseline,indonesia,USDC
2,1.02402774011933,2989937473715.1465,139,S0_baseline,indonesia,USDC
3,1.049406766882911,2989937473715.1465,139,S0_baseline,indonesia,USDC
4,1.0475746020533885,2989937473715.1465,139,S0_baseline,indonesia,USDC
5,1.0186293568312175,2989937473715.1465,139,S0_baseline,indonesia,USDC
6,1.0171719260464054,2989937473715.1465,139,S0_baseline,indonesia,USDC
7,1.0080865097596832,2989937473715.1465,139,S0_baseline,indonesia,USDC
8,1.03022663469143,2989937473715.1465,139,S0_baseline,indonesia,USDC
9,1.0318753014783475,2989937473715.1465,139,S0_baseline,indonesia,USDC
10,1.0176924562536924,2989937473715.1465,139,S0_baseline,indonesia,USDC
11,0.9906336153376076,2989937473715.1465,139,S0_baseline,indonesia,USDC
12,0.9807871973026656,2989937473715.1465,139,S0_baseline,indonesia,USDC
13,0.9780855437966047,2989937473715.1465,139,S0_baseline,indonesia,USDC
14,0.9692494663585782,2989937473715.1465,139,S0_baseline,indonesia,USDC
15,0.9766021114037908,2989891048953.822,139,S0_baseline,indonesia,USDC
16,0.9813551911764998,2989891048953.822,139,S0_baseline,indonesia,USDC
17,0.9755180248193908,2989891048953.822,139,S0_baseline,indonesia,USDC
18,0.9511213157046565,2989891048953.822,139,S0_baseline,indonesia,USDC
19,0.9491460074429858,2988724198830.8237,139,S0_baseline,indonesia,USDC
20,0.9243538748985125,2987489249011.4014,139,S0_baseline,indonesia,USDC
21,0.9635016517079684,2984780985573.272,139,S0_baseline,indonesia,USDC
22,0.9485417174679182,2984423871310.8027,139,S0_baseline,indonesia,USDC
23,0.9549567082644026,2983262588644.436,139,S0_baseline,indonesia,USDC
24,0.9721557615352795,2982435593530.297,139,S0_baseline,indonesia,USDC
25,0.968112441066335,2982435593530.297,139,S0_baseline,indonesia,USDC
26,0.952820964862479,2982342638821.1772,139,S0_baseline,indonesia,USDC
27,0.9400629515733804,2981414525241.029,139,S0_baseline,indonesia,USDC
28,0.7861856366225718,2979843437879.262,139,S0_baseline,indonesia,USDC
29,0.8360831546838514,2970574671258.942,139,S0_baseline,indonesia,USDC
30,0.8279982410750985,2965007693089.884,139,S0_baseline,indonesia,USDC
31,0.8280002894448671,2959873638618.652,139,S0_baseline,indonesia,USDC
32,0.8410846463349514,2955530582414.3623,139,S0_baseline,indonesia,USDC
33,0.8720230755002266,2952129196167.6123,139,S0_baseline,indonesia,USDC
34,0.8729016870191814,2949887673780.7617,139,S0_baseline,indonesia,USDC
35,0.8952014760932067,2947963252158.9575,139,S0_baseline,indonesia,USDC
36,0.8951119185430987,2946573250488.9907,139,S0_baseline,indonesia,USDC
37,0.8741630651554128,2945344832923.167,139,S0_baseline,indonesia,USDC
38,0.8692247537377796,2943844404340.9927,139,S0_baseline,indonesia,USDC
39,0.8813383986804533,2942464803125.7935,139,S0_baseline,indonesia,USDC
40,0.902049265165877,2941376550433.4263,139,S0_baseline,indonesia,USDC
41,0.904811022091542,2940620563553.274,139,S0_baseline,indonesia,USDC
42,0.9362502692659168,2939945776558.2773,139,S0_baseline,indonesia,USDC
43,0.9376645549679546,2939597552304.6064,139,S0_baseline,indonesia,USDC
44,0.9620124463288114,2939293909986.126,139,S0_baseline,indonesia,USDC
45,0.9683368479818449,2939233683114.9814,139,S0_baseline,indonesia,USDC
46,0.9835477869237554,2939227214273.407,139,S0_baseline,indonesia,USDC
47,0.9983099506321613,2939227214273.407,139,S0_baseline,indonesia,USDC
48,1.0105626356328818,2939227214273.407,139,S0_baseline,indonesia,USDC
49,1.0189519785272436,2939227214273.407,139,S0_baseline,indonesia,USDC
50,1.060329285858863,2939227214273.407,139,S0_baseline,indonesia,USDC
51,1.0374091305014301,2939227214273.407,139,S0_baseline,indonesia,USDC
52,1.0003711713608094,2939227214273.407,139,S0_baseline,indonesia,USDC
53,1.0056595494180276,2939227214273.407,139,S0_baseline,indonesia,USDC
54,1.027290287047973,2939227214273.407,139,S0_baseline,indonesia,USDC
55,0.8627195732317448,2939227214273.407,139,S0_baseline,indonesia,USDC
56,0.8665493648592004,2938243496990.391,139,S0_baseline,indonesia,USDC
57,0.8850529008218003,2937357658450.8877,139,S0_baseline,indonesia,USDC
58,0.7872578979352868,2936737151974.4966,139,S0_baseline,indonesia,USDC
59,0.8064418223315473,2935505649294.1265,139,S0_baseline,indonesia,USDC
60,0.7969012652810128,2934566762025.4297,139,S0_baseline,indonesia,USDC
61,0.8425971570859326,2933772947997.4087,139,S0_baseline,indonesia,USDC
62,0.8384538626778364,2933269184773.198,139,S0_baseline,indonesia,USDC
63,0.8685807594829574,2932826643999.1875,139,S0_baseline,indonesia,USDC
64,0.8818238746465721,2932544135929.384,139,S0_baseline,indonesia,USDC
65,0.8721156704912304,2932323060556.0566,139,S0_baseline,indonesia,USDC
66,0.8684116331085713,2932098052710.9785,139,S0_baseline,indonesia,USDC
67,0.8921126615478334,2931871774678.271,139,S0_baseline,indonesia,USDC
68,0.8877866314172238,2931723629407.9023,139,S0_baseline,indonesia,USDC
69,0.8878270429995587,2931575729688.295,139,S0_baseline,indonesia,USDC
70,0.9032001711369843,2931440083606.882,139,S0_baseline,indonesia,USDC
71,0.8977480957341256,2931339141518.0825,139,S0_baseline,indonesia,USDC
72,0.9090160577248892,2931242123984.258,139,S0_baseline,indonesia,USDC
73,0.9174679958310141,2931166219236.359,139,S0_baseline,indonesia,USDC
74,0.9107679659800156,2931104901789.638,139,S0_baseline,indonesia,USDC
75,0.915165034375202,2931035436961.294,139,S0_baseline,indonesia,USDC
76,0.9287181552587556,2930973368119.171,139,S0_baseline,indonesia,USDC
77,0.893087974439704,2930929281900.66,139,S0_baseline,indonesia,USDC
78,0.8989541799702065,2930854294612.8813,139,S0_baseline,indonesia,USDC
79,0.8937493410071966,2930787143795.871,139,S0_baseline,indonesia,USDC
80,0.8797807142111981,2930725005648.158,139,S0_baseline,indonesia,USDC
81,0.9125871371826301,2930651757639.3623,139,S0_baseline,indonesia,USDC
82,0.9198585238323871,2930612698665.3213,139,S0_baseline,indonesia,USDC
83,0.9487996503043367,2930580584129.7188,139,S0_baseline,indonesia,USDC
84,0.9479128036701837,2930568225581.496,139,S0_baseline,indonesia,USDC
85,0.9659298867430834,2930555556678.927,139,S0_baseline,indonesia,USDC
86,0.9967807496862102,2930553692022.967,139,S0_baseline,indonesia,USDC
87,0.9757643292158298,2930553692022.967,139,S0_baseline,indonesia,USDC
88,0.9452413077722585,2930553692022.967,139,S0_baseline,indonesia,USDC
89,1.0043625595594883,2930539128138.502,139,S0_baseline,indonesia,USDC
90,1.0266398923452906,2930539128138.502,139,S0_baseline,indonesia,USDC
91,1.0184418170032643,2930539128138.502,139,S0_baseline,indonesia,USDC
92,1.0083974087110597,2930539128138.502,139,S0_baseline,indonesia,USDC
93,0.9936463230534595,2930539128138.502,139,S0_baseline,indonesia,USDC
94,0.9693325592788263,2930539128138.502,139,S0_baseline,indonesia,USDC
95,0.9574986459825602,2930539128138.502,139,S0_baseline,indonesia,USDC
96,0.9850795503937739,2930531807011.976,139,S0_baseline,indonesia,USDC
97,0.9923625482275505,2930531807011.976,139,S0_baseline,indonesia,USDC
98,0.989647511499829,2930531807011.976,139,S0_baseline,indonesia,USDC
99,1.0157865222550901,2930531807011.976,139,S0_baseline,indonesia,USDC
100,1.0068201458876498,2930531807011.976,139,S0_baseline,indonesia,USDC
101,1.0304531308146119,2930531807011.976,139,S0_baseline,indonesia,USDC
102,1.022269526195585,2930531807011.976,139,S0_baseline,indonesia,USDC
103,1.0244420629243975,2930531807011.976,139,S0_baseline,indonesia,USDC
104,1.029280476847522,2930531807011.976,139,S0_baseline,indonesia,USDC
105,1.046940425555988,2930531807011.976,139,S0_baseline,indonesia,USDC
106,1.0683438938984742,2930531807011.976,139,S0_baseline,indonesia,USDC
107,1.0674279150797845,2930531807011.976,139,S0_baseline,indonesia,USDC
108,1.0790138978404693,2930531807011.976,139,S0_baseline,indonesia,USDC
109,1.1001233642172714,2930531807011.976,139,S0_baseline,indonesia,USDC
110,1.0671828598670734,2930531807011.976,139,S0_baseline,indonesia,USDC
111,1.0563877680249243,2930531807011.976,139,S0_baseline,indonesia,USDC
112,1.0534776009606805,2930531807011.976,139,S0_baseline,indonesia,USDC
113,1.0683615539213107,2930531807011.976,139,S0_baseline,indonesia,USDC
114,1.0581218102498742,2930531807011.976,139,S0_baseline,indonesia,USDC
115,1.0620323134138816,2930531807011.976,139,S0_baseline,indonesia,USDC
116,1.0566424635940979,2930531807011.976,139,S0_baseline,indonesia,USDC
117,1.0245748019287042,2930531807011.976,139,S0_baseline,indonesia,USDC
118,1.0209086569404535,2930531807011.976,139,S0_baseline,indonesia,USDC
119,1.0036119267155357,2930531807011.976,139,S0_baseline,indonesia,USDC
120,0.9580000889608704,2930531807011.976,139,S0_baseline,indonesia,USDC
121,0.9538556747131989,2930524893938.4434,139,S0_baseline,indonesia,USDC
122,0.9584114363375128,2930516514353.215,139,S0_baseline,indonesia,USDC
123,0.9418490161795321,2930509596570.4336,139,S0_baseline,indonesia,USDC
124,0.9308982154354701,2930492992631.009,139,S0_baseline,indonesia,USDC
125,0.9343249894941804,2930472577771.6816,139,S0_baseline,indonesia,USDC
126,0.9140255790756183,2930453493928.098,139,S0_baseline,indonesia,USDC
127,0.9122609697237427,2930425248832.083,139,S0_baseline,indonesia,USDC
128,0.8995106318234585,2930397694430.8496,139,S0_baseline,indonesia,USDC
129,0.9112315970025044,2930366634324.638,139,S0_baseline,indonesia,USDC
130,0.9339830765877114,2930342596913.76,139,S0_baseline,indonesia,USDC
131,0.9533398547422072,2930328478857.6772,139,S0_baseline,indonesia,USDC
132,0.9515684408372336,2930322072218.259,139,S0_baseline,indonesia,USDC
133,0.9725198882183685,2930314764228.502,139,S0_baseline,indonesia,USDC
134,0.9933384571768509,2930314764228.502,139,S0_baseline,indonesia,USDC
135,0.9871415057502488,2930314764228.502,139,S0_baseline,indonesia,USDC
136,1.0040083353354843,2930314764228.502,139,S0_baseline,indonesia,USDC
137,0.9876969835450347,2930314764228.502,139,S0_baseline,indonesia,USDC
138,0.9584493018744756,2930314764228.502,139,S0_baseline,indonesia,USDC
139,0.9589291271449104,2930310548501.8257,139,S0_baseline,indonesia,USDC
140,0.9540736680615967,2930306290498.188,139,S0_baseline,indonesia,USDC
141,0.9404865312767081,2930301108046.218,139,S0_baseline,indonesia,USDC
142,0.9420043057436476,2930290426982.535,139,S0_baseline,indonesia,USDC
143,0.9870390206075871,2930280585696.33,139,S0_baseline,indonesia,USDC
144,0.9880273165560821,2930280585696.33,139,S0_baseline,indonesia,USDC
145,0.9967773837014396,2930280585696.33,139,S0_baseline,indonesia,USDC
146,1.0066162190027912,2930280585696.33,139,S0_baseline,indonesia,USDC
147,1.024605700096998,2930280585696.33,139,S0_baseline,indonesia,USDC
148,1.0306702896440034,2930280585696.33,139,S0_baseline,indonesia,USDC
149,1.0508638269305546,2930280585696.33,139,S0_baseline,indonesia,USDC
150,1.0182455644932937,2930280585696.33,139,S0_baseline,indonesia,USDC
151,1.0253106379674517,2930280585696.33,139,S0_baseline,indonesia,USDC
152,1.0554106340437672,2930280585696.33,139,S0_baseline,indonesia,USDC
153,1.0722615870611534,2930280585696.33,139,S0_baseline,indonesia,USDC
154,1.0681007523316421,2930280585696.33,139,S0_baseline,indonesia,USDC
155,1.0402940893426733,2930280585696.33,139,S0_baseline,indonesia,USDC
156,1.048599114083117,2930280585696.33,139,S0_baseline,indonesia,USDC
157,1.019246041168964,2930280585696.33,139,S0_baseline,indonesia,USDC
158,1.0213755220487344,2930280585696.33,139,S0_baseline,indonesia,USDC
159,0.9942936192873437,2930280585696.33,139,S0_baseline,indonesia,USDC
160,1.0024910756027323,2930280585696.33,139,S0_baseline,indonesia,USDC
161,1.0034739159318369,2930280585696.33,139,S0_baseline,indonesia,USDC
162,1.0016908798208686,2930280585696.33,139,S0_baseline,indonesia,USDC
163,1.0200815396766154,2930280585696.33,139,S0_baseline,indonesia,USDC
164,1.0069378897881314,2930280585696.33,139,S0_baseline,indonesia,USDC
165,0.8656990027298207,2930280585696.33,139,S0_baseline,indonesia,USDC
166,0.8515310134224373,2930243691962.5024,139,S0_baseline,indonesia,USDC
167,0.8828576340373234,2930206292616.6924,139,S0_baseline,indonesia,USDC
168,0.9098775697466586,2930182675360.642,139,S0_baseline,indonesia,USDC
169,0.9481618068614387,2930167477299.9937,139,S0_baseline,indonesia,USDC
170,0.9587876294235174,2930162712463.125,139,S0_baseline,indonesia,USDC
171,0.9613627137976859,2930160431013.954,139,S0_baseline,indonesia,USDC
172,0.9672124599398599,2930158445708.799,139,S0_baseline,indonesia,USDC
173,0.9753553541598676,2930158060833.191,139,S0_baseline,indonesia,USDC
174,0.9751158963977918,2930158060833.191,139,S0_baseline,indonesia,USDC
175,0.9767844770474963,2930158060833.191,139,S0_baseline,indonesia,USDC
176,0.976637247869944,2930158060833.191,139,S0_baseline,indonesia,USDC
177,0.9969335153045341,2930158060833.191,139,S0_baseline,indonesia,USDC
178,1.004522756491983,2930158060833.191,139,S0_baseline,indonesia,USDC
179,1.0251823313181025,2930158060833.191,139,S0_baseline,indonesia,USDC
180,1.0393149351018125,2930158060833.191,139,S0_baseline,indonesia,USDC
181,1.045324217888947,2930158060833.191,139,S0_baseline,indonesia,USDC
182,1.0435658540519297,2930158060833.191,139,S0_baseline,indonesia,USDC
183,1.0119582730849246,2930158060833.191,139,S0_baseline,indonesia,USDC
184,0.9900082487390018,2930158060833.191,139,S0_baseline,indonesia,USDC
185,0.9951499730998311,2930158060833.191,139,S0_baseline,indonesia,USDC
186,1.0309133712814533,2930158060833.191,139,S0_baseline,indonesia,USDC
187,1.0413624707379476,2930158060833.191,139,S0_baseline,indonesia,USDC
188,1.0551061824682226,2930158060833.191,139,S0_baseline,indonesia,USDC
189,1.0336084600619726,2930158060833.191,139,S0_baseline,indonesia,USDC
190,1.0315486556994409,2930158060833.191,139,S0_baseline,indonesia,USDC
191,1.031109614947631,2930158060833.191,139,S0_baseline,indonesia,USDC
192,1.0292241635229398,2930158060833.191,139,S0_baseline,indonesia,USDC
193,1.055891357893047,2930158060833.191,139,S0_baseline,indonesia,USDC
194,1.0192871536422181,2930158060833.191,139,S0_baseline,indonesia,USDC
195,1.0182324360660928,2930158060833.191,139,S0_baseline,indonesia,USDC
196,1.0130966402319168,2930158060833.191,139,S0_baseline,indonesia,USDC
197,1.0152443625372582,2930158060833.191,139,S0_baseline,indonesia,USDC
198,1.0093432781065637,2930158060833.191,139,S0_baseline,indonesia,USDC
199,0.9894370792800846,2930158060833.191,139,S0_baseline,indonesia,USDC
200,1.0215601676869688,2930158060833.191,139,S0_baseline,indonesia,USDC
201,1.035541388211462,2930158060833.191,139,S0_baseline,indonesia,USDC
202,1.0398559731621786,2930158060833.191,139,S0_baseline,indonesia,USDC
203,1.0393404549361904,2930158060833.191,139,S0_baseline,indonesia,USDC
204,1.0344331406137628,2930158060833.191,139,S0_baseline,indonesia,USDC
205,1.0216173395475125,2930158060833.191,139,S0_baseline,indonesia,USDC
206,1.0231535145423671,2930158060833.191,139,S0_baseline,indonesia,USDC
207,1.0177568262798653,2930158060833.191,139,S0_baseline,indonesia,USDC
208,1.0441655493123096,2930158060833.191,139,S0_baseline,indonesia,USDC
209,1.0359645633332335,2930158060833.191,139,S0_baseline,indonesia,USDC
210,1.0169712242805216,2930158060833.191,139,S0_baseline,indonesia,USDC
211,1.0513752809793646,2930158060833.191,139,S0_baseline,indonesia,USDC
212,1.0742054007293353,2930158060833.191,139,S0_baseline,indonesia,USDC
213,1.073773302871254,2930158060833.191,139,S0_baseline,indonesia,USDC
214,1.0644908004475955,2930158060833.191,139,S0_baseline,indonesia,USDC
215,1.0581422979552069,2930158060833.191,139,S0_baseline,indonesia,USDC
216,1.0672192408618273,2930158060833.191,139,S0_baseline,indonesia,USDC
217,1.0603905253478645,2930158060833.191,139,S0_baseline,indonesia,USDC
218,1.0649674180456052,2930158060833.191,139,S0_baseline,indonesia,USDC
219,1.071055103729636,2930158060833.191,139,S0_baseline,indonesia,USDC
220,1.098524115448038,2930158060833.191,139,S0_baseline,indonesia,USDC
221,1.1058286276500509,2930158060833.191,139,S0_baseline,indonesia,USDC
222,1.0782261029623492,2930158060833.191,139,S0_baseline,indonesia,USDC
223,1.0832150374228857,2930158060833.191,139,S0_baseline,indonesia,USDC
224,1.1008843020687624,2930158060833.191,139,S0_baseline,indonesia,USDC
225,1.1264852871279023,2930158060833.191,139,S0_baseline,indonesia,USDC
226,1.1157673555479564,2930158060833.191,139,S0_baseline,indonesia,USDC
227,1.1048923889933149,2930158060833.191,139,S0_baseline,indonesia,USDC
228,1.1038151998052192,2930158060833.191,139,S0_baseline,indonesia,USDC
229,1.0814799331949865,2930158060833.191,139,S0_baseline,indonesia,USDC
230,1.085207314626109,2930158060833.191,139,S0_baseline,indonesia,USDC
231,1.0912791328642502,2930158060833.191,139,S0_baseline,indonesia,USDC
232,1.0563272641437589,2930158060833.191,139,S0_baseline,indonesia,USDC
233,1.0967719498732111,2930158060833.191,139,S0_baseline,indonesia,USDC
234,1.0908535590496162,2930158060833.191,139,S0_baseline,indonesia,USDC
235,1.0316006169166954,2930158060833.191,139,S0_baseline,indonesia,USDC
236,1.055470300446234,2930158060833.191,139,S0_baseline,indonesia,USDC
237,1.0418505973331347,2930158060833.191,139,S0_baseline,indonesia,USDC
238,1.0551001115064291,2930158060833.191,139,S0_baseline,indonesia,USDC
239,1.0491584923356907,2930158060833.191,139,S0_baseline,indonesia,USDC
240,1.0554830277074734,2930158060833.191,139,S0_baseline,indonesia,USDC
241,1.0943111098307958,2930158060833.191,139,S0_baseline,indonesia,USDC
242,1.0840672370451638,2930158060833.191,139,S0_baseline,indonesia,USDC
243,1.0962840907602136,2930158060833.191,139,S0_baseline,indonesia,USDC
244,1.0929552140681733,2930158060833.191,139,S0_baseline,indonesia,USDC
245,1.0771784383568572,2930158060833.191,139,S0_baseline,indonesia,USDC
246,1.0584025142626086,2930158060833.191,139,S0_baseline,indonesia,USDC
247,1.0661627111907985,2930158060833.191,139,S0_baseline,indonesia,USDC
248,1.0461991637223824,2930158060833.191,139,S0_baseline,indonesia,USDC
249,1.0377915110990616,2930158060833.191,139,S0_baseline,indonesia,USDC
250,1.0646858779274526,2930158060833.191,139,S0_baseline,indonesia,USDC
251,1.033418069230726,2930158060833.191,139,S0_baseline,indonesia,USDC
252,1.0178483538363396,2930158060833.191,139,S0_baseline,indonesia,USDC
253,1.0107533657156245,2930158060833.191,139,S0_baseline,indonesia,USDC
254,0.9915104664322097,2930158060833.191,139,S0_baseline,indonesia,USDC
255,0.9919128286890248,2930158060833.191,139,S0_baseline,indonesia,USDC
256,0.9755609780644461,2930158060833.191,139,S0_baseline,indonesia,USDC
257,0.9968699818104126,2930158060833.191,139,S0_baseline,indonesia,USDC
258,0.9861788249138718,2930158060833.191,139,S0_baseline,indonesia,USDC
259,0.97026909318266,2930158060833.191,139,S0_baseline,indonesia,USDC
260,1.017155960747985,2930158060833.191,139,S0_baseline,indonesia,USDC
261,1.013485877629789,2930158060833.191,139,S0_baseline,indonesia,USDC
262,1.010354964981102,2930158060833.191,139,S0_baseline,indonesia,USDC
263,1.0018033127566333,2930158060833.191,139,S0_baseline,indonesia,USDC
264,1.044790619978825,2930158060833.191,139,S0_baseline,indonesia,USDC
265,1.0188722119373141,2930158060833.191,139,S0_baseline,indonesia,USDC
266,1.0294997926663552,2930158060833.191,139,S0_baseline,indonesia,USDC
267,1.0677180861452216,2930158060833.191,139,S0_baseline,indonesia,USDC
268,1.0701907695621566,2930158060833.191,139,S0_baseline,indonesia,USDC
269,1.0764872876342135,2930158060833.191,139,S0_baseline,indonesia,USDC
270,1.06975832896284,2930158060833.191,139,S0_baseline,indonesia,USDC
271,1.07896360868878,2930158060833.191,139,S0_baseline,indonesia,USDC
272,1.070202423402663,2930158060833.191,139,S0_baseline,indonesia,USDC
273,0.977440848740448,2930158060833.191,139,S0_baseline,indonesia,USDC
274,0.978858877475246,2930158060833.191,139,S0_baseline,indonesia,USDC
275,1.0088955985967687,2930158060833.191,139,S0_baseline,indonesia,USDC
276,1.0227030617895587,2930158060833.191,139,S0_baseline,indonesia,USDC
277,1.007629693894722,2930158060833.191,139,S0_baseline,indonesia,USDC
278,1.0097830457381713,2930158060833.191,139,S0_baseline,indonesia,USDC
279,1.0388933112248597,2930158060833.191,139,S0_baseline,indonesia,USDC
280,1.0453187816721639,2930158060833.191,139,S0_baseline,indonesia,USDC
281,1.0388128838902786,2930158060833.191,139,S0_baseline,indonesia,USDC
282,1.0809430481890387,2930158060833.191,139,S0_baseline,indonesia,USDC
283,1.0494432422921198,2930158060833.191,139,S0_baseline,indonesia,USDC
284,1.0307697341226227,2930158060833.191,139,S0_baseline,indonesia,USDC
285,1.043792731294992,2930158060833.191,139,S0_baseline,indonesia,USDC
286,1.070835490843475,2930158060833.191,139,S0_baseline,indonesia,USDC
287,1.0840595578609495,2930158060833.191,139,S0_baseline,indonesia,USDC
288,1.0951083131253865,2930158060833.191,139,S0_baseline,indonesia,USDC
289,1.0894934823196427,2930158060833.191,139,S0_baseline,indonesia,USDC
290,1.0868573895370481,2930158060833.191,139,S0_baseline,indonesia,USDC
291,1.0619523804323354,2930158060833.191,139,S0_baseline,indonesia,USDC
292,1.0627564991551524,2930158060833.191,139,S0_baseline,indonesia,USDC
293,1.0643138589121415,2930158060833.191,139,S0_baseline,indonesia,USDC
294,1.0856014000105656,2930158060833.191,139,S0_baseline,indonesia,USDC
295,1.0969962542694736,2930158060833.191,139,S0_baseline,indonesia,USDC
296,1.0800221514605104,2930158060833.191,139,S0_baseline,indonesia,USDC
297,1.0500453979231321,2930158060833.191,139,S0_baseline,indonesia,USDC
298,1.0389544304085974,2930158060833.191,139,S0_baseline,indonesia,USDC
299,1.079110768634096,2930158060833.191,139,S0_baseline,indonesia,USDC
300,1.063587500671793,2930158060833.191,139,S0_baseline,indonesia,USDC
301,1.0342867304026704,2930158060833.191,139,S0_baseline,indonesia,USDC
302,1.0090741506117815,2930158060833.191,139,S0_baseline,indonesia,USDC
303,0.9869896505632318,2930158060833.191,139,S0_baseline,indonesia,USDC
304,1.0005234582940046,2930158060833.191,139,S0_baseline,indonesia,USDC
305,1.0027373659262113,2930158060833.191,139,S0_baseline,indonesia,USDC
306,0.9897382400743792,2930158060833.191,139,S0_baseline,indonesia,USDC
307,0.9855885756045826,2930158060833.191,139,S0_baseline,indonesia,USDC
308,0.9737655483047232,2930158060833.191,139,S0_baseline,indonesia,USDC
309,0.9784713522323342,2930158060833.191,139,S0_baseline,indonesia,USDC
310,0.9948051479606305,2930158060833.191,139,S0_baseline,indonesia,USDC
311,0.9961911283119418,2930158060833.191,139,S0_baseline,indonesia,USDC
312,0.9823700192546642,2930158060833.191,139,S0_baseline,indonesia,USDC
313,1.0103267601881833,2930158060833.191,139,S0_baseline,indonesia,USDC
314,1.0069032969087162,2930158060833.191,139,S0_baseline,indonesia,USDC
315,1.012675343375504,2930158060833.191,139,S0_baseline,indonesia,USDC
316,1.032385677864212,2930158060833.191,139,S0_baseline,indonesia,USDC
317,0.9963110415948268,2930158060833.191,139,S0_baseline,indonesia,USDC
318,0.9946328128321157,2930158060833.191,139,S0_baseline,indonesia,USDC
319,1.0249046433625875,2930158060833.191,139,S0_baseline,indonesia,USDC
320,1.005557027754489,2930158060833.191,139,S0_baseline,indonesia,USDC
321,0.9936338727555117,2930158060833.191,139,S0_baseline,indonesia,USDC
322,0.9937060522043075,2930158060833.191,139,S0_baseline,indonesia,USDC
323,0.9875644703448646,2930158060833.191,139,S0_baseline,indonesia,USDC
324,0.9753898184369575,2930158060833.191,139,S0_baseline,indonesia,USDC
325,0.9892984839273575,2930158060833.191,139,S0_baseline,indonesia,USDC
326,0.9932098424557628,2930158060833.191,139,S0_baseline,indonesia,USDC
327,1.0017821141590768,2930158060833.191,139,S0_baseline,indonesia,USDC
328,0.9974887708943241,2930158060833.191,139,S0_baseline,indonesia,USDC
329,1.0234567640381746,2930158060833.191,139,S0_baseline,indonesia,USDC
330,0.9876203463431513,2930158060833.191,139,S0_baseline,indonesia,USDC
331,0.9660079202044294,2930158060833.191,139,S0_baseline,indonesia,USDC
332,0.962536819583983,2930157406673.556,139,S0_baseline,indonesia,USDC
333,0.9774292943885975,2930155993429.5664,139,S0_baseline,indonesia,USDC
334,0.9827652628554328,2930155993429.5664,139,S0_baseline,indonesia,USDC
335,0.9742320421870481,2930155993429.5664,139,S0_baseline,indonesia,USDC
336,0.9693070726559592,2930155993429.5664,139,S0_baseline,indonesia,USDC
337,0.9542757842131208,2930155837328.241,139,S0_baseline,indonesia,USDC
338,0.9435825196216142,2930152297537.9604,139,S0_baseline,indonesia,USDC
339,0.9554242210035493,2930147071648.0806,139,S0_baseline,indonesia,USDC
340,0.9289817217024713,2930144246261.3506,139,S0_baseline,indonesia,USDC
341,0.9138581187646921,2930136009267.5293,139,S0_baseline,indonesia,USDC
342,0.9299119245546638,2930125097102.1978,139,S0_baseline,indonesia,USDC
343,0.958948221775431,2930117566833.592,139,S0_baseline,indonesia,USDC
344,0.9488026985313105,2930115645275.1553,139,S0_baseline,indonesia,USDC
345,0.9469525441356036,2930111912765.9297,139,S0_baseline,indonesia,USDC
346,0.9356607885479534,2930108245035.0723,139,S0_baseline,indonesia,USDC
347,0.947376785834014,2930102199517.068,139,S0_baseline,indonesia,USDC
348,0.9807404590736202,2930098656795.705,139,S0_baseline,indonesia,USDC
349,1.0105650377730104,2930098656795.705,139,S0_baseline,indonesia,USDC
350,0.9917599166102311,2930098656795.705,139,S0_baseline,indonesia,USDC
351,0.9719032305384616,2930098656795.705,139,S0_baseline,indonesia,USDC
352,0.9740387745671849,2930098656795.705,139,S0_baseline,indonesia,USDC
353,0.950624556791255,2930098656795.705,139,S0_baseline,indonesia,USDC
354,0.9619448845150737,2930095847445.8887,139,S0_baseline,indonesia,USDC
355,0.9768970960104388,2930094638968.135,139,S0_baseline,indonesia,USDC
356,0.9950261586650566,2930094638968.135,139,S0_baseline,indonesia,USDC
357,1.0012719226375477,2930094638968.135,139,S0_baseline,indonesia,USDC
358,0.9745714990626255,2930094638968.135,139,S0_baseline,indonesia,USDC
359,0.9473368262394645,2930094638968.135,139,S0_baseline,indonesia,USDC
360,0.9564857747884761,2930091106232.648,139,S0_baseline,indonesia,USDC
361,0.9503082541881543,2930089079283.127,139,S0_baseline,indonesia,USDC
362,0.9563095538289287,2930086261816.0835,139,S0_baseline,indonesia,USDC
363,0.9642191137006356,2930084496924.783,139,S0_baseline,indonesia,USDC
364,0.9248534052676836,2930083891880.02,139,S0_baseline,indonesia,USDC
365,0.920533494435182,2930077449429.461,139,S0_baseline,indonesia,USDC
366,0.9250441433180776,2930070884542.4434,139,S0_baseline,indonesia,USDC
367,0.922799540341423,2930065048056.934,139,S0_baseline,indonesia,USDC
368,0.9546145302527604,2930058840255.3125,139,S0_baseline,indonesia,USDC
369,0.9425501455377165,2930057199154.941,139,S0_baseline,indonesia,USDC
370,0.9660657783623641,2930054049786.1074,139,S0_baseline,indonesia,USDC
371,0.9749691743420169,2930053780878.696,139,S0_baseline,indonesia,USDC
372,0.954182996430787,2930053780878.696,139,S0_baseline,indonesia,USDC
373,0.9555160752748001,2930051975129.968,139,S0_baseline,indonesia,USDC
374,0.9541965860658626,2930050527958.5684,139,S0_baseline,indonesia,USDC
375,0.9517703081475113,2930048686058.5625,139,S0_baseline,indonesia,USDC
376,0.9830517682425666,2930046777576.2007,139,S0_baseline,indonesia,USDC
377,1.0035212739853314,2930046777576.2007,139,S0_baseline,indonesia,USDC
378,0.9796087712798387,2930046777576.2007,139,S0_baseline,indonesia,USDC
379,0.9808772404904088,2930046777576.2007,139,S0_baseline,indonesia,USDC
380,0.9888528863328446,2930046777576.2007,139,S0_baseline,indonesia,USDC
381,0.9968933110725637,2930046777576.2007,139,S0_baseline,indonesia,USDC
382,0.9796846301122177,2930046777576.2007,139,S0_baseline,indonesia,USDC
383,0.9803890131372187,2930046777576.2007,139,S0_baseline,indonesia,USDC
384,0.9857274065345772,2930046777576.2007,139,S0_baseline,indonesia,USDC
385,0.9949909391717416,2930046777576.2007,139,S0_baseline,indonesia,USDC
386,0.9748962069311233,2930046777576.2007,139,S0_baseline,indonesia,USDC
387,0.9621407852182937,2930046777576.2007,139,S0_baseline,indonesia,USDC
388,0.9898107410631957,2930045961513.292,139,S0_baseline,indonesia,USDC
389,0.9516019299067633,2930045961513.292,139,S0_baseline,indonesia,USDC
390,0.9352661518625744,2930043996495.718,139,S0_baseline,indonesia,USDC
391,0.9493251844496364,2930040537563.1323,139,S0_baseline,indonesia,USDC
392,0.9368340609782677,2930038428651.07,139,S0_baseline,indonesia,USDC
393,0.9321088919413636,2930035084246.094,139,S0_baseline,indonesia,USDC
394,0.9323526707595589,2930031500999.662,139,S0_baseline,indonesia,USDC
395,0.910102185602494,2930027851642.8193,139,S0_baseline,indonesia,USDC
396,0.9190812490840444,2930022552747.84,139,S0_baseline,indonesia,USDC
397,0.9143354226464018,2930018319694.26,139,S0_baseline,indonesia,USDC
398,0.9141521359113799,2930013680253.7876,139,S0_baseline,indonesia,USDC
399,0.9162852497065404,2930009408085.237,139,S0_baseline,indonesia,USDC
400,0.8994365948996238,2930005633984.643,139,S0_baseline,indonesia,USDC
401,0.9020786503533419,2930000790302.6724,139,S0_baseline,indonesia,USDC
402,0.8978975545624006,2929996356747.951,139,S0_baseline,indonesia,USDC
403,0.9178327712867117,2929991979829.745,139,S0_baseline,indonesia,USDC
404,0.9368449205247219,2929989048455.573,139,S0_baseline,indonesia,USDC
405,0.944959956682658,2929987343234.637,139,S0_baseline,indonesia,USDC
406,0.9471851415443445,2929986101925.834,139,S0_baseline,indonesia,USDC
407,0.9743273423130815,2929985090553.524,139,S0_baseline,indonesia,USDC
408,0.9998454028036816,2929985090553.524,139,S0_baseline,indonesia,USDC
409,1.0195258754904981,2929985090553.524,139,S0_baseline,indonesia,USDC
410,1.0584040251768103,2929985090553.524,139,S0_baseline,indonesia,USDC
411,0.94177021155996,2929985090553.524,139,S0_baseline,indonesia,USDC
412,0.9616367590408764,2929983798571.1406,139,S0_baseline,indonesia,USDC
413,0.9801394478170548,2929983490769.746,139,S0_baseline,indonesia,USDC
414,0.8221242128988105,2929983490769.746,139,S0_baseline,indonesia,USDC
415,0.862216728220598,2929976613234.9595,139,S0_baseline,indonesia,USDC
416,0.8382362574543493,2929972450754.5776,139,S0_baseline,indonesia,USDC
417,0.8574589648413836,2929967895776.9053,139,S0_baseline,indonesia,USDC
418,0.8646372653268288,2929964366158.0166,139,S0_baseline,indonesia,USDC
419,0.8955232143224783,2929961632704.829,139,S0_baseline,indonesia,USDC
420,0.9256916348226267,2929959822495.3853,139,S0_baseline,indonesia,USDC
421,0.9105512567213982,2929958887234.715,139,S0_baseline,indonesia,USDC
422,0.8996084099241954,2929957673589.141,139,S0_baseline,indonesia,USDC
423,0.9282015896476673,2929956207711.5645,139,S0_baseline,indonesia,USDC
424,0.9313972037196969,2929955469775.779,139,S0_baseline,indonesia,USDC
425,0.9228179376695775,2929954774634.2964,139,S0_baseline,indonesia,USDC
426,0.9415578771329276,2929953955910.433,139,S0_baseline,indonesia,USDC
427,0.9585004748959631,2929953505187.3926,139,S0_baseline,indonesia,USDC
428,0.9666462633958033,2929953326235.528,139,S0_baseline,indonesia,USDC
429,0.9303939783466765,2929953289842.914,139,S0_baseline,indonesia,USDC
430,0.9355966963268493,2929952644055.3896,139,S0_baseline,indonesia,USDC
431,0.9746883541900268,2929952106004.0264,139,S0_baseline,indonesia,USDC
432,1.0142162537526318,2929952106004.0264,139,S0_baseline,indonesia,USDC
433,1.0062044125498584,2929952106004.0264,139,S0_baseline,indonesia,USDC
434,0.9807151724850857,2929952106004.0264,139,S0_baseline,indonesia,USDC
435,0.9940400153947014,2929952106004.0264,139,S0_baseline,indonesia,USDC
436,0.9954518920079298,2929952106004.0264,139,S0_baseline,indonesia,USDC
437,0.9711421048438418,2929952106004.0264,139,S0_baseline,indonesia,USDC
438,1.0151918705666505,2929952106004.0264,139,S0_baseline,indonesia,USDC
439,1.0446936491199703,2929952106004.0264,139,S0_baseline,indonesia,USDC
440,1.0277347752145578,2929952106004.0264,139,S0_baseline,indonesia,USDC
441,1.0139113691706,2929952106004.0264,139,S0_baseline,indonesia,USDC
442,1.0275119904948737,2929952106004.0264,139,S0_baseline,indonesia,USDC
443,1.0065560284946227,2929952106004.0264,139,S0_baseline,indonesia,USDC
444,0.9878575433968703,2929952106004.0264,139,S0_baseline,indonesia,USDC
445,1.0163301760897354,2929952106004.0264,139,S0_baseline,indonesia,USDC
446,1.0142129319111282,2929952106004.0264,139,S0_baseline,indonesia,USDC
447,0.9708980978418446,2929952106004.0264,139,S0_baseline,indonesia,USDC
448,0.9642332852273848,2929952106004.0264,139,S0_baseline,indonesia,USDC
449,1.014596469660031,2929952037253.318,139,S0_baseline,indonesia,USDC
450,1.0428520474986964,2929952037253.318,139,S0_baseline,indonesia,USDC
451,1.0482486780842357,2929952037253.318,139,S0_baseline,indonesia,USDC
452,1.038979912640372,2929952037253.318,139,S0_baseline,indonesia,USDC
453,1.003304548728985,2929952037253.318,139,S0_baseline,indonesia,USDC
454,0.9899723440828768,2929952037253.318,139,S0_baseline,indonesia,USDC
455,0.9841289283115461,2929952037253.318,139,S0_baseline,indonesia,USDC
456,0.982066120762911,2929952037253.318,139,S0_baseline,indonesia,USDC
457,0.944235090686971,2929952037253.318,139,S0_baseline,indonesia,USDC
458,0.8802562081907152,2929951677898.132,139,S0_baseline,indonesia,USDC
459,0.897900108349879,2929950451409.3647,139,S0_baseline,indonesia,USDC
460,0.8806421849742081,2929949555080.2017,139,S0_baseline,indonesia,USDC
461,0.8736305766869824,2929948516457.401,139,S0_baseline,indonesia,USDC
462,0.8907483322229727,2929947491293.015,139,S0_baseline,indonesia,USDC
463,0.9134174961849844,2929946691628.769,139,S0_baseline,indonesia,USDC
464,0.8884489102476867,2929946153925.024,139,S0_baseline,indonesia,USDC
465,0.911729159129047,2929945441233.4717,139,S0_baseline,indonesia,USDC
466,0.9356989712145128,2929944962600.49,139,S0_baseline,indonesia,USDC
467,0.9374994448585043,2929944722601.191,139,S0_baseline,indonesia,USDC
468,0.9349446700788121,2929944487252.579,139,S0_baseline,indonesia,USDC
469,0.9397438316303465,2929944249704.6772,139,S0_baseline,indonesia,USDC
470,0.9606874054507148,2929944045375.7495,139,S0_baseline,indonesia,USDC
471,0.930940894171399,2929943986572.9473,139,S0_baseline,indonesia,USDC
472,0.966380238217587,2929943732272.9795,139,S0_baseline,indonesia,USDC
473,1.0143552194518644,2929943712411.5264,139,S0_baseline,indonesia,USDC
474,1.0050375467520423,2929943712411.5264,139,S0_baseline,indonesia,USDC
475,0.9933588421035966,2929943712411.5264,139,S0_baseline,indonesia,USDC
476,0.9852940717170429,2929943712411.5264,139,S0_baseline,indonesia,USDC
477,1.0098090384344423,2929943712411.5264,139,S0_baseline,indonesia,USDC
478,1.0050856960313201,2929943712411.5264,139,S0_baseline,indonesia,USDC
479,1.0263537488938135,2929943712411.5264,139,S0_baseline,indonesia,USDC
480,1.0248509140402406,2929943712411.5264,139,S0_baseline,indonesia,USDC
481,1.0056881035148029,2929943712411.5264,139,S0_baseline,indonesia,USDC
482,0.9687197362554099,2929943712411.5264,139,S0_baseline,indonesia,USDC
483,0.9643277583422317,2929943712411.5264,139,S0_baseline,indonesia,USDC
484,0.958341754287167,2929943683572.3,139,S0_baseline,indonesia,USDC
485,0.9709557260507101,2929943622271.8335,139,S0_baseline,indonesia,USDC
486,0.9751113121961394,2929943622271.8335,139,S0_baseline,indonesia,USDC
487,0.9788348506226874,2929943622271.8335,139,S0_baseline,indonesia,USDC
488,1.006586885207097,2929943622271.8335,139,S0_baseline,indonesia,USDC
489,0.9991087759078182,2929943622271.8335,139,S0_baseline,indonesia,USDC
490,1.0286461828398128,2929943622271.8335,139,S0_baseline,indonesia,USDC
491,1.034437471285466,2929943622271.8335,139,S0_baseline,indonesia,USDC
492,1.004339184518855,2929943622271.8335,139,S0_baseline,indonesia,USDC
493,0.9646474999147597,2929943622271.8335,139,S0_baseline,indonesia,USDC
494,0.920671871055222,2929943595813.131,139,S0_baseline,indonesia,USDC
495,0.9176452583259279,2929943284481.545,139,S0_baseline,indonesia,USDC
496,0.9456106181723971,2929942979064.6455,139,S0_baseline,indonesia,USDC
497,0.951788881036001,2929942856074.498,139,S0_baseline,indonesia,USDC
498,0.9675556518938843,2929942755024.2026,139,S0_baseline,indonesia,USDC
499,0.9838462434327327,2929942747512.8887,139,S0_baseline,indonesia,USDC
500,0.9426834613716438,2929942747512.8887,139,S0_baseline,indonesia,USDC
501,1.0002309284014552,2929942609550.21,139,S0_baseline,indonesia,USDC
502,0.988435789217621,2929942609550.21,139,S0_baseline,indonesia,USDC
503,0.9875930457864218,2929942609550.21,139,S0_baseline,indonesia,USDC
504,0.9878398710134247,2929942609550.21,139,S0_baseline,indonesia,USDC
505,0.9999393461443994,2929942609550.21,139,S0_baseline,indonesia,USDC
506,0.9919798523390885,2929942609550.21,139,S0_baseline,indonesia,USDC
507,0.9898750734226767,2929942609550.21,139,S0_baseline,indonesia,USDC
508,0.9941764639405867,2929942609550.21,139,S0_baseline,indonesia,USDC
509,0.9822960817960269,2929942609550.21,139,S0_baseline,indonesia,USDC
510,0.9917387758841518,2929942609550.21,139,S0_baseline,indonesia,USDC
511,0.9710805156363559,2929942609550.21,139,S0_baseline,indonesia,USDC
512,0.9884731741435767,2929942609550.21,139,S0_baseline,indonesia,USDC
513,0.972122346543062,2929942609550.21,139,S0_baseline,indonesia,USDC
514,1.0015169930932826,2929942609550.21,139,S0_baseline,indonesia,USDC
515,1.0210397359424266,2929942609550.21,139,S0_baseline,indonesia,USDC
516,1.014127654889571,2929942609550.21,139,S0_baseline,indonesia,USDC
517,1.0183935885789788,2929942609550.21,139,S0_baseline,indonesia,USDC
518,1.016012748341697,2929942609550.21,139,S0_baseline,indonesia,USDC
519,1.0109885132177425,2929942609550.21,139,S0_baseline,indonesia,USDC
520,1.0368687143388233,2929942609550.21,139,S0_baseline,indonesia,USDC
521,1.0196770415124532,2929942609550.21,139,S0_baseline,indonesia,USDC
522,1.0201156633433963,2929942609550.21,139,S0_baseline,indonesia,USDC
523,0.9988286365116831,2929942609550.21,139,S0_baseline,indonesia,USDC
524,1.0288209578669016,2929942609550.21,139,S0_baseline,indonesia,USDC
525,1.0185637799630156,2929942609550.21,139,S0_baseline,indonesia,USDC
526,1.031854188791971,2929942609550.21,139,S0_baseline,indonesia,USDC
527,1.0440171979799406,2929942609550.21,139,S0_baseline,indonesia,USDC
528,1.0544275292207996,2929942609550.21,139,S0_baseline,indonesia,USDC
529,1.0460486521161747,2929942609550.21,139,S0_baseline,indonesia,USDC
530,1.0806294371599932,2929942609550.21,139,S0_baseline,indonesia,USDC
531,1.077482390649604,2929942609550.21,139,S0_baseline,indonesia,USDC
532,1.0322326702273226,2929942609550.21,139,S0_baseline,indonesia,USDC
533,1.033523851056628,2929942609550.21,139,S0_baseline,indonesia,USDC
534,1.0487657624895548,2929942609550.21,139,S0_baseline,indonesia,USDC
535,1.0349520538264994,2929942609550.21,139,S0_baseline,indonesia,USDC
536,1.044603200977024,2929942609550.21,139,S0_baseline,indonesia,USDC
537,1.0163119444081405,2929942609550.21,139,S0_baseline,indonesia,USDC
538,1.006362124738865,2929942609550.21,139,S0_baseline,indonesia,USDC
539,0.9980661378427736,2929942609550.21,139,S0_baseline,indonesia,USDC
540,1.020654461989446,2929942609550.21,139,S0_baseline,indonesia,USDC
541,1.0385970122745174,2929942609550.21,139,S0_baseline,indonesia,USDC
542,1.0256375777270463,2929942609550.21,139,S0_baseline,indonesia,USDC
543,1.038415397876795,2929942609550.21,139,S0_baseline,indonesia,USDC
544,1.007254825264526,2929942609550.21,139,S0_baseline,indonesia,USDC
545,1.0241276227286213,2929942609550.21,139,S0_baseline,indonesia,USDC
546,0.8806135367898933,2929942609550.21,139,S0_baseline,indonesia,USDC
547,0.8978455208574011,2929942136277.9087,139,S0_baseline,indonesia,USDC
548,0.8822839708349164,2929941805564.1504,139,S0_baseline,indonesia,USDC
549,0.8920019191942696,2929941413839.827,139,S0_baseline,indonesia,USDC
550,0.9373005727501734,2929941118947.1797,139,S0_baseline,indonesia,USDC
551,0.9593891060515389,2929941007844.807,139,S0_baseline,indonesia,USDC
552,0.9478250564027377,2929940974050.4033,139,S0_baseline,indonesia,USDC
553,0.9611006705845104,2929940903443.963,139,S0_baseline,indonesia,USDC
554,0.958637004115296,2929940878854.706,139,S0_baseline,indonesia,USDC
555,0.9884697976939498,2929940838965.4414,139,S0_baseline,indonesia,USDC
556,0.9828559290413714,2929940838965.4414,139,S0_baseline,indonesia,USDC
557,0.9591019733087636,2929940838965.4414,139,S0_baseline,indonesia,USDC
558,0.9167827515326931,2929940801156.588,139,S0_baseline,indonesia,USDC
559,0.944509374378394,2929940632875.916,139,S0_baseline,indonesia,USDC
560,0.9773697849443399,2929940558892.6235,139,S0_baseline,indonesia,USDC
561,0.9655631534552124,2929940558892.6235,139,S0_baseline,indonesia,USDC
562,0.9723694653273816,2929940546548.5977,139,S0_baseline,indonesia,USDC
563,0.9752160757209107,2929940546548.5977,139,S0_baseline,indonesia,USDC
564,1.0000483261882231,2929940546548.5977,139,S0_baseline,indonesia,USDC
565,0.9950649315300104,2929940546548.5977,139,S0_baseline,indonesia,USDC
566,0.984676597394042,2929940546548.5977,139,S0_baseline,indonesia,USDC
567,0.9848184260626017,2929940546548.5977,139,S0_baseline,indonesia,USDC
568,0.9887348559259803,2929940546548.5977,139,S0_baseline,indonesia,USDC
569,0.9568251868248251,2929940546548.5977,139,S0_baseline,indonesia,USDC
570,0.9835734433802439,2929940509314.775,139,S0_baseline,indonesia,USDC
571,1.0070549347350604,2929940509314.775,139,S0_baseline,indonesia,USDC
572,1.004118659122919,2929940509314.775,139,S0_baseline,indonesia,USDC
573,1.023117513577941,2929940509314.775,139,S0_baseline,indonesia,USDC
574,1.0572511795809718,2929940509314.775,139,S0_baseline,indonesia,USDC
575,1.0473990428057627,2929940509314.775,139,S0_baseline,indonesia,USDC
576,1.0048416917801954,2929940509314.775,139,S0_baseline,indonesia,USDC
577,1.0203393129240284,2929940509314.775,139,S0_baseline,indonesia,USDC
578,1.0088142601113106,2929940509314.775,139,S0_baseline,indonesia,USDC
579,1.03954485270995,2929940509314.775,139,S0_baseline,indonesia,USDC
580,1.0471525230374836,2929940509314.775,139,S0_baseline,indonesia,USDC
581,1.0597535029762033,2929940509314.775,139,S0_baseline,indonesia,USDC
582,1.0794866084913894,2929940509314.775,139,S0_baseline,indonesia,USDC
583,1.0682985872068365,2929940509314.775,139,S0_baseline,indonesia,USDC
584,1.0337949927491057,2929940509314.775,139,S0_baseline,indonesia,USDC
585,1.059613982002172,2929940509314.775,139,S0_baseline,indonesia,USDC
586,1.0128161591572196,2929940509314.775,139,S0_baseline,indonesia,USDC
587,1.0313645953097377,2929940509314.775,139,S0_baseline,indonesia,USDC
588,1.0309220737328646,2929940509314.775,139,S0_baseline,indonesia,USDC
589,1.0328316863318392,2929940509314.775,139,S0_baseline,indonesia,USDC
590,1.0273118356197266,2929940509314.775,139,S0_baseline,indonesia,USDC
591,1.039726431948236,2929940509314.775,139,S0_baseline,indonesia,USDC
592,1.0176121759713137,2929940509314.775,139,S0_baseline,indonesia,USDC
593,1.0183997883577296,2929940509314.775,139,S0_baseline,indonesia,USDC
594,1.009975045677495,2929940509314.775,139,S0_baseline,indonesia,USDC
595,1.0127384205830947,2929940509314.775,139,S0_baseline,indonesia,USDC
596,1.0126529605431929,2929940509314.775,139,S0_baseline,indonesia,USDC
597,1.0411923834699721,2929940509314.775,139,S0_baseline,indonesia,USDC
598,1.050956175230339,2929940509314.775,139,S0_baseline,indonesia,USDC
599,1.0738630817740842,2929940509314.775,139,S0_baseline,indonesia,USDC
600,1.0749122414727224,2929940509314.775,139,S0_baseline,indonesia,USDC
601,1.0474973475099485,2929940509314.775,139,S0_baseline,indonesia,USDC
602,1.0304718010375162,2929940509314.775,139,S0_baseline,indonesia,USDC
603,1.0048592541413937,2929940509314.775,139,S0_baseline,indonesia,USDC
604,0.9776434249556597,2929940509314.775,139,S0_baseline,indonesia,USDC
605,0.9877176039897883,2929940509314.775,139,S0_baseline,indonesia,USDC
606,1.0202008827823765,2929940509314.775,139,S0_baseline,indonesia,USDC
607,0.997316870146601,2929940509314.775,139,S0_baseline,indonesia,USDC
608,0.9771216921027649,2929940509314.775,139,S0_baseline,indonesia,USDC
609,0.9875325716550171,2929940509314.775,139,S0_baseline,indonesia,USDC
610,1.0123675165500337,2929940509314.775,139,S0_baseline,indonesia,USDC
611,1.0325509892334797,2929940509314.775,139,S0_baseline,indonesia,USDC
612,1.0192901288411713,2929940509314.775,139,S0_baseline,indonesia,USDC
613,1.0158067528646166,2929940509314.775,139,S0_baseline,indonesia,USDC
614,1.06820425050079,2929940509314.775,139,S0_baseline,indonesia,USDC
615,1.0643437463329257,2929940509314.775,139,S0_baseline,indonesia,USDC
616,1.0519874227927555,2929940509314.775,139,S0_baseline,indonesia,USDC
617,1.0634336526239285,2929940509314.775,139,S0_baseline,indonesia,USDC
618,1.0710174050483448,2929940509314.775,139,S0_baseline,indonesia,USDC
619,1.0611170729798525,2929940509314.775,139,S0_baseline,indonesia,USDC
620,1.0836561971761196,2929940509314.775,139,S0_baseline,indonesia,USDC
621,1.0953182042375644,2929940509314.775,139,S0_baseline,indonesia,USDC
622,1.088104600719421,2929940509314.775,139,S0_baseline,indonesia,USDC
623,1.0802463740342945,2929940509314.775,139,S0_baseline,indonesia,USDC
624,1.0753433064980495,2929940509314.775,139,S0_baseline,indonesia,USDC
625,1.01771700900524,2929940509314.775,139,S0_baseline,indonesia,USDC
626,1.0790557506134824,2929940509314.775,139,S0_baseline,indonesia,USDC
627,1.1030638649749378,2929940509314.775,139,S0_baseline,indonesia,USDC
628,1.0741530518032611,2929940509314.775,139,S0_baseline,indonesia,USDC
629,1.0873337794200104,2929940509314.775,139,S0_baseline,indonesia,USDC
630,1.050064034627979,2929940509314.775,139,S0_baseline,indonesia,USDC
631,1.0552309947937413,2929940509314.775,139,S0_baseline,indonesia,USDC
632,1.0553773387007415,2929940509314.775,139,S0_baseline,indonesia,USDC
633,1.0347441728712472,2929940509314.775,139,S0_baseline,indonesia,USDC
634,0.999797280895102,2929940509314.775,139,S0_baseline,indonesia,USDC
635,1.0032482220038885,2929940509314.775,139,S0_baseline,indonesia,USDC
636,1.005063760475299,2929940509314.775,139,S0_baseline,indonesia,USDC
637,1.0039576604579963,2929940509314.775,139,S0_baseline,indonesia,USDC
638,1.0119843159057955,2929940509314.775,139,S0_baseline,indonesia,USDC
639,1.0268347381811098,2929940509314.775,139,S0_baseline,indonesia,USDC
640,1.0022801545192088,2929940509314.775,139,S0_baseline,indonesia,USDC
641,0.9963727791845759,2929940509314.775,139,S0_baseline,indonesia,USDC
642,1.0100701620353525,2929940509314.775,139,S0_baseline,indonesia,USDC
643,0.9745739175519096,2929940509314.775,139,S0_baseline,indonesia,USDC
644,0.9423426467414997,2929940509314.775,139,S0_baseline,indonesia,USDC
645,0.9179178195940061,2929940431783.4146,139,S0_baseline,indonesia,USDC
646,0.9372822167700428,2929940277225.469,139,S0_baseline,indonesia,USDC
647,0.9203650907147172,2929940191727.3813,139,S0_baseline,indonesia,USDC
648,0.9432532361533768,2929940052646.6694,139,S0_baseline,indonesia,USDC
649,0.9290420777315963,2929939981535.255,139,S0_baseline,indonesia,USDC
650,0.9162877638569134,2929939878781.703,139,S0_baseline,indonesia,USDC
651,0.9396746325167101,2929939752511.6274,139,S0_baseline,indonesia,USDC
652,0.9725124142447823,2929939681269.008,139,S0_baseline,indonesia,USDC
653,0.9591756477698244,2929939681269.008,139,S0_baseline,indonesia,USDC
654,0.9642394711356614,2929939656634.6367,139,S0_baseline,indonesia,USDC
655,0.9715487773982332,2929939646352.958,139,S0_baseline,indonesia,USDC
656,0.980555534726958,2929939646352.958,139,S0_baseline,indonesia,USDC
657,0.9978480469371968,2929939646352.958,139,S0_baseline,indonesia,USDC
658,1.020551550924185,2929939646352.958,139,S0_baseline,indonesia,USDC
659,0.9976341716352477,2929939646352.958,139,S0_baseline,indonesia,USDC
660,0.9843409327728633,2929939646352.958,139,S0_baseline,indonesia,USDC
661,0.9669308208144736,2929939646352.958,139,S0_baseline,indonesia,USDC
662,0.9917904101302918,2929939641948.507,139,S0_baseline,indonesia,USDC
663,0.974726480311937,2929939641948.507,139,S0_baseline,indonesia,USDC
664,1.005081978137754,2929939641948.507,139,S0_baseline,indonesia,USDC
665,0.9949634937463302,2929939641948.507,139,S0_baseline,indonesia,USDC
666,0.9887794565882303,2929939641948.507,139,S0_baseline,indonesia,USDC
667,0.9924147988071943,2929939641948.507,139,S0_baseline,indonesia,USDC
668,0.973949365110527,2929939641948.507,139,S0_baseline,indonesia,USDC
669,0.9467046024175619,2929939641948.507,139,S0_baseline,indonesia,USDC
670,0.93598134101036,2929939595833.0273,139,S0_baseline,indonesia,USDC
671,0.9527314440577239,2929939528411.535,139,S0_baseline,indonesia,USDC
672,0.9328069208090239,2929939496838.8413,139,S0_baseline,indonesia,USDC
673,0.9074580922307534,2929939424006.553,139,S0_baseline,indonesia,USDC
674,0.9274351738249995,2929939307562.47,139,S0_baseline,indonesia,USDC
675,0.9245498642786442,2929939233950.3545,139,S0_baseline,indonesia,USDC
676,0.9309003077244646,2929939156110.443,139,S0_baseline,indonesia,USDC
677,0.9103787630092958,2929939094287.259,139,S0_baseline,indonesia,USDC
678,0.9538286786229617,2929938999583.795,139,S0_baseline,indonesia,USDC
679,0.9625094405876717,2929938975358.4995,139,S0_baseline,indonesia,USDC
680,0.9820313136795896,2929938965729.9683,139,S0_baseline,indonesia,USDC
681,0.9957048546656201,2929938965729.9683,139,S0_baseline,indonesia,USDC
682,1.001008163651713,2929938965729.9683,139,S0_baseline,indonesia,USDC
683,1.010779010085917,2929938965729.9683,139,S0_baseline,indonesia,USDC
684,0.9899665232743342,2929938965729.9683,139,S0_baseline,indonesia,USDC
685,0.9942782352928495,2929938965729.9683,139,S0_baseline,indonesia,USDC
686,0.8809307014158456,2929938965729.9683,139,S0_baseline,indonesia,USDC
687,0.877526305653545,2929938828727.171,139,S0_baseline,indonesia,USDC
688,0.897362815482793,2929938699548.854,139,S0_baseline,indonesia,USDC
689,0.8872212896840611,2929938612067.8643,139,S0_baseline,indonesia,USDC
690,0.9057788802054861,2929938519407.6,139,S0_baseline,indonesia,USDC
691,0.9127324997033558,2929938450175.0845,139,S0_baseline,indonesia,USDC
692,0.9241926958239461,2929938392526.198,139,S0_baseline,indonesia,USDC
693,0.9517527271381685,2929938351574.7637,139,S0_baseline,indonesia,USDC
694,0.9560949896414704,2929938335060.8013,139,S0_baseline,indonesia,USDC
695,0.96987950835101,2929938324039.0728,139,S0_baseline,indonesia,USDC
696,0.9879725348002807,2929938324039.0728,139,S0_baseline,indonesia,USDC
697,0.9921263913568538,2929938324039.0728,139,S0_baseline,indonesia,USDC
698,0.9619714531492654,2929938324039.0728,139,S0_baseline,indonesia,USDC
699,0.9854575297231686,2929938317001.0674,139,S0_baseline,indonesia,USDC
700,0.9818872376602008,2929938317001.0674,139,S0_baseline,indonesia,USDC
701,0.9108223046887014,2929938317001.0674,139,S0_baseline,indonesia,USDC
702,0.8901225081675129,2929938265553.9365,139,S0_baseline,indonesia,USDC
703,0.906378543521168,2929938201780.1904,139,S0_baseline,indonesia,USDC
704,0.9199506979084101,2929938154027.0376,139,S0_baseline,indonesia,USDC
705,0.9523229882286368,2929938120763.5425,139,S0_baseline,indonesia,USDC
706,0.9686829288593841,2929938110562.0835,139,S0_baseline,indonesia,USDC
707,0.9616683537743872,2929938109994.839,139,S0_baseline,indonesia,USDC
708,0.9697083534872122,2929938105786.823,139,S0_baseline,indonesia,USDC
709,0.9761406765266156,2929938105786.823,139,S0_baseline,indonesia,USDC
710,0.9648057935814734,2929938105786.823,139,S0_baseline,indonesia,USDC
711,0.9450003661549568,2929938102402.173,139,S0_baseline,indonesia,USDC
712,0.9727517450314331,2929938087981.485,139,S0_baseline,indonesia,USDC
713,0.9870367943053124,2929938087981.485,139,S0_baseline,indonesia,USDC
714,0.9575913063753763,2929938087981.485,139,S0_baseline,indonesia,USDC
715,0.976050138035527,2929938080554.66,139,S0_baseline,indonesia,USDC
716,0.9656014444541964,2929938080554.66,139,S0_baseline,indonesia,USDC
717,0.9659799412384995,2929938078878.8896,139,S0_baseline,indonesia,USDC
718,0.9810274759725341,2929938076735.99,139,S0_baseline,indonesia,USDC
719,0.9635896225883506,2929938076735.99,139,S0_baseline,indonesia,USDC
720,0.978936529783553,2929938073504.424,139,S0_baseline,indonesia,USDC
721,0.9840355837105077,2929938073504.424,139,S0_baseline,indonesia,USDC
722,0.9947350249664147,2929938073504.424,139,S0_baseline,indonesia,USDC
723,0.9950624874584632,2929938073504.424,139,S0_baseline,indonesia,USDC
724,0.9733701372495,2929938073504.424,139,S0_baseline,indonesia,USDC
725,0.9624633539112175,2929938073504.424,139,S0_baseline,indonesia,USDC
726,0.9466292161594986,2929938070004.738,139,S0_baseline,indonesia,USDC
727,0.9758355491413666,2929938056185.4507,139,S0_baseline,indonesia,USDC
728,0.9470814308237419,2929938056185.4507,139,S0_baseline,indonesia,USDC
729,0.9477212136324902,2929938043501.5786,139,S0_baseline,indonesia,USDC
730,0.9368138327828147,2929938030944.0493,139,S0_baseline,indonesia,USDC
731,0.9071952581635961,2929938012461.263,139,S0_baseline,indonesia,USDC
732,0.9097802340534733,2929937977578.9844,139,S0_baseline,indonesia,USDC
733,0.9054464509213709,2929937947050.3965,139,S0_baseline,indonesia,USDC
734,0.9231583962032627,2929937916319.179,139,S0_baseline,indonesia,USDC
735,0.911852624373141,2929937896112.1963,139,S0_baseline,indonesia,USDC
736,0.9098280297901443,2929937872710.5264,139,S0_baseline,indonesia,USDC
737,0.9521022083325885,2929937848598.0903,139,S0_baseline,indonesia,USDC
738,0.9721520306681443,2929937841681.0005,139,S0_baseline,indonesia,USDC
739,0.9860483330609922,2929937841681.0005,139,S0_baseline,indonesia,USDC
740,1.0119676861296658,2929937841681.0005,139,S0_baseline,indonesia,USDC
741,1.0242068324899756,2929937841681.0005,139,S0_baseline,indonesia,USDC
742,1.028032359973168,2929937841681.0005,139,S0_baseline,indonesia,USDC
743,1.029581528322805,2929937841681.0005,139,S0_baseline,indonesia,USDC
744,1.0192357336188984,2929937841681.0005,139,S0_baseline,indonesia,USDC
745,1.040859024420406,2929937841681.0005,139,S0_baseline,indonesia,USDC
746,1.042198110286483,2929937841681.0005,139,S0_baseline,indonesia,USDC
747,1.0708624786435033,2929937841681.0005,139,S0_baseline,indonesia,USDC
748,1.0213401047493864,2929937841681.0005,139,S0_baseline,indonesia,USDC
749,1.0330625148181158,2929937841681.0005,139,S0_baseline,indonesia,USDC
750,1.0146663323432081,2929937841681.0005,139,S0_baseline,indonesia,USDC
751,1.0247299883906742,2929937841681.0005,139,S0_baseline,indonesia,USDC
752,1.016323954743483,2929937841681.0005,139,S0_baseline,indonesia,USDC
753,1.011960087202723,2929937841681.0005,139,S0_baseline,indonesia,USDC
754,1.01011328119177,2929937841681.0005,139,S0_baseline,indonesia,USDC
755,1.0169881760917299,2929937841681.0005,139,S0_baseline,indonesia,USDC
756,0.9811678908741887,2929937841681.0005,139,S0_baseline,indonesia,USDC
757,0.9771408255200783,2929937841681.0005,139,S0_baseline,indonesia,USDC
758,0.9782673946918901,2929937841681.0005,139,S0_baseline,indonesia,USDC
759,0.992062603276499,2929937841681.0005,139,S0_baseline,indonesia,USDC
760,0.985217544182255,2929937841681.0005,139,S0_baseline,indonesia,USDC
761,1.0039938819327594,2929937841681.0005,139,S0_baseline,indonesia,USDC
762,1.0121420222823059,2929937841681.0005,139,S0_baseline,indonesia,USDC
763,1.037879446674955,2929937841681.0005,139,S0_baseline,indonesia,USDC
764,1.0241383200204703,2929937841681.0005,139,S0_baseline,indonesia,USDC
765,1.0060315025830242,2929937841681.0005,139,S0_baseline,indonesia,USDC
766,0.9831140188424168,2929937841681.0005,139,S0_baseline,indonesia,USDC
767,0.9658901150150627,2929937841681.0005,139,S0_baseline,indonesia,USDC
768,0.9766287446811627,2929937840345.374,139,S0_baseline,indonesia,USDC
769,0.9613616738869198,2929937840345.374,139,S0_baseline,indonesia,USDC
770,0.9415878868620288,2929937837558.077,139,S0_baseline,indonesia,USDC
771,0.9271621419668854,2929937827631.3564,139,S0_baseline,indonesia,USDC
772,0.9209633955813428,2929937812001.4473,139,S0_baseline,indonesia,USDC
773,0.9127534506459964,2929937796278.188,139,S0_baseline,indonesia,USDC
774,0.9137334531939251,2929937778225.1846,139,S0_baseline,indonesia,USDC
775,0.9085057272521266,2929937760561.548,139,S0_baseline,indonesia,USDC
776,0.9327887102237397,2929937743278.9663,139,S0_baseline,indonesia,USDC
777,0.9125479301804551,2929937733871.8213,139,S0_baseline,indonesia,USDC
778,0.9365820940168001,2929937718463.0176,139,S0_baseline,indonesia,USDC
779,1.0055365518785526,2929937710288.2188,139,S0_baseline,indonesia,USDC
780,0.9833467983507526,2929937710288.2188,139,S0_baseline,indonesia,USDC
781,0.952659026465018,2929937710288.2188,139,S0_baseline,indonesia,USDC
782,0.949566739134884,2929937706444.8613,139,S0_baseline,indonesia,USDC
783,0.9717904382430186,2929937701737.4004,139,S0_baseline,indonesia,USDC
784,1.0069037507592504,2929937701737.4004,139,S0_baseline,indonesia,USDC
785,1.026532802380045,2929937701737.4004,139,S0_baseline,indonesia,USDC
786,1.02844391091297,2929937701737.4004,139,S0_baseline,indonesia,USDC
787,1.0178538928141136,2929937701737.4004,139,S0_baseline,indonesia,USDC
788,0.9859914361236795,2929937701737.4004,139,S0_baseline,indonesia,USDC
789,0.9772146326528796,2929937701737.4004,139,S0_baseline,indonesia,USDC
790,0.9827591590108369,2929937701737.4004,139,S0_baseline,indonesia,USDC
791,0.9979843617313475,2929937701737.4004,139,S0_baseline,indonesia,USDC
792,1.0057624167350778,2929937701737.4004,139,S0_baseline,indonesia,USDC
793,1.051959049855746,2929937701737.4004,139,S0_baseline,indonesia,USDC
794,1.022416262396842,2929937701737.4004,139,S0_baseline,indonesia,USDC
795,1.0469558778821133,2929937701737.4004,139,S0_baseline,indonesia,USDC
796,1.063899267110766,2929937701737.4004,139,S0_baseline,indonesia,USDC
797,1.0696137225140034,2929937701737.4004,139,S0_baseline,indonesia,USDC
798,1.0597904076564557,2929937701737.4004,139,S0_baseline,indonesia,USDC
799,1.1015389905470938,2929937701737.4004,139,S0_baseline,indonesia,USDC
800,1.1072028721461558,2929937701737.4004,139,S0_baseline,indonesia,USDC
801,1.0774972370873754,2929937701737.4004,139,S0_baseline,indonesia,USDC
802,1.0808046359664842,2929937701737.4004,139,S0_baseline,indonesia,USDC
803,1.0613735938320819,2929937701737.4004,139,S0_baseline,indonesia,USDC
804,1.0606701243638066,2929937701737.4004,139,S0_baseline,indonesia,USDC
805,1.0586261685321312,2929937701737.4004,139,S0_baseline,indonesia,USDC
806,1.0636283561690778,2929937701737.4004,139,S0_baseline,indonesia,USDC
807,1.0654504906103095,2929937701737.4004,139,S0_baseline,indonesia,USDC
808,1.0756320181074857,2929937701737.4004,139,S0_baseline,indonesia,USDC
809,1.089806827222759,2929937701737.4004,139,S0_baseline,indonesia,USDC
810,1.0484556539406846,2929937701737.4004,139,S0_baseline,indonesia,USDC
811,1.0458704052133312,2929937701737.4004,139,S0_baseline,indonesia,USDC
812,1.0434769091910248,2929937701737.4004,139,S0_baseline,indonesia,USDC
813,1.0184072746381139,2929937701737.4004,139,S0_baseline,indonesia,USDC
814,1.0521411604974373,2929937701737.4004,139,S0_baseline,indonesia,USDC
815,1.0577169975881295,2929937701737.4004,139,S0_baseline,indonesia,USDC
816,1.0613311826049456,2929937701737.4004,139,S0_baseline,indonesia,USDC
817,1.0297408008723161,2929937701737.4004,139,S0_baseline,indonesia,USDC
818,1.0457862012957264,2929937701737.4004,139,S0_baseline,indonesia,USDC
819,1.0721235058638963,2929937701737.4004,139,S0_baseline,indonesia,USDC
820,1.052576132525256,2929937701737.4004,139,S0_baseline,indonesia,USDC
821,1.0372303076268892,2929937701737.4004,139,S0_baseline,indonesia,USDC
822,1.0398747564269049,2929937701737.4004,139,S0_baseline,indonesia,USDC
823,1.0324449720141877,2929937701737.4004,139,S0_baseline,indonesia,USDC
824,1.0352185241340544,2929937701737.4004,139,S0_baseline,indonesia,USDC
825,1.0057789265292754,2929937701737.4004,139,S0_baseline,indonesia,USDC
826,0.9637270625679383,2929937701737.4004,139,S0_baseline,indonesia,USDC
827,0.9564936102197985,2929937700262.793,139,S0_baseline,indonesia,USDC
828,0.9544195188851968,2929937697448.3794,139,S0_baseline,indonesia,USDC
829,0.9360268341691741,2929937693854.6978,139,S0_baseline,indonesia,USDC
830,0.9191063136339905,2929937686384.2266,139,S0_baseline,indonesia,USDC
831,0.9156458938482458,2929937675519.412,139,S0_baseline,indonesia,USDC
832,0.9208697177172398,2929937664797.5327,139,S0_baseline,indonesia,USDC
833,0.936007503216266,2929937655377.131,139,S0_baseline,indonesia,USDC
834,0.9751893880671737,2929937649204.1904,139,S0_baseline,indonesia,USDC
835,0.9602478365983859,2929937649204.1904,139,S0_baseline,indonesia,USDC
836,0.9498887223165425,2929937647675.248,139,S0_baseline,indonesia,USDC
837,1.027919224222862,2929937644213.7915,139,S0_baseline,indonesia,USDC
838,1.0221975931982523,2929937644213.7915,139,S0_baseline,indonesia,USDC
839,1.0286507194806662,2929937644213.7915,139,S0_baseline,indonesia,USDC
840,1.0507459877288101,2929937644213.7915,139,S0_baseline,indonesia,USDC
841,1.0344905094850174,2929937644213.7915,139,S0_baseline,indonesia,USDC
842,1.0417603694739617,2929937644213.7915,139,S0_baseline,indonesia,USDC
843,1.0376758971374092,2929937644213.7915,139,S0_baseline,indonesia,USDC
844,1.0169469140243275,2929937644213.7915,139,S0_baseline,indonesia,USDC
845,0.9940248230521234,2929937644213.7915,139,S0_baseline,indonesia,USDC
846,0.9835068922237635,2929937644213.7915,139,S0_baseline,indonesia,USDC
847,0.9746559682003216,2929937644213.7915,139,S0_baseline,indonesia,USDC
848,0.9733002924592996,2929937644213.7915,139,S0_baseline,indonesia,USDC
849,0.9378816291558582,2929937644213.7915,139,S0_baseline,indonesia,USDC
850,0.9428529970706983,2929937638745.1416,139,S0_baseline,indonesia,USDC
851,0.981294382144486,2929937634451.711,139,S0_baseline,indonesia,USDC
852,0.9617212119156633,2929937634451.711,139,S0_baseline,indonesia,USDC
853,0.9605241067318914,2929937633189.1504,139,S0_baseline,indonesia,USDC
854,0.9627179921111441,2929937631843.7817,139,S0_baseline,indonesia,USDC
855,0.9685235734090702,2929937630960.5586,139,S0_baseline,indonesia,USDC
856,0.9621512254659598,2929937630881.4834,139,S0_baseline,indonesia,USDC
857,0.9677617711541565,2929937629916.3955,139,S0_baseline,indonesia,USDC
858,0.9996242538407447,2929937629555.9683,139,S0_baseline,indonesia,USDC
859,1.0061820103454202,2929937629555.9683,139,S0_baseline,indonesia,USDC
860,0.9488115139696865,2929937629555.9683,139,S0_baseline,indonesia,USDC
861,0.9456392926198675,2929937626421.238,139,S0_baseline,indonesia,USDC
862,0.9795620133697749,2929937622733.4277,139,S0_baseline,indonesia,USDC
863,0.9340850498961734,2929937622733.4277,139,S0_baseline,indonesia,USDC
864,0.9138782994925722,2929937617383.018,139,S0_baseline,indonesia,USDC
865,0.933975512346906,2929937609708.545,139,S0_baseline,indonesia,USDC
866,0.9485334544763389,2929937604657.934,139,S0_baseline,indonesia,USDC
867,0.9541137467496089,2929937602107.49,139,S0_baseline,indonesia,USDC
868,0.9594193354707867,2929937600109.3286,139,S0_baseline,indonesia,USDC
869,0.9904090791714468,2929937598730.634,139,S0_baseline,indonesia,USDC
870,0.9969200837530471,2929937598730.634,139,S0_baseline,indonesia,USDC
871,1.011582781328523,2929937598730.634,139,S0_baseline,indonesia,USDC
872,1.0096171724702525,2929937598730.634,139,S0_baseline,indonesia,USDC
873,0.9970478104928044,2929937598730.634,139,S0_baseline,indonesia,USDC
874,0.9866409960014939,2929937598730.634,139,S0_baseline,indonesia,USDC
875,0.9903885993372243,2929937598730.634,139,S0_baseline,indonesia,USDC
876,1.0013977692409368,2929937598730.634,139,S0_baseline,indonesia,USDC
877,0.9819157365087674,2929937598730.634,139,S0_baseline,indonesia,USDC
878,0.9464143484970493,2929937598730.634,139,S0_baseline,indonesia,USDC
879,0.9446036592996502,2929937595690.869,139,S0_baseline,indonesia,USDC
880,0.9599551188229711,2929937592610.349,139,S0_baseline,indonesia,USDC
881,0.9374869072111777,2929937591460.167,139,S0_baseline,indonesia,USDC
882,0.9347702409996906,2929937587892.926,139,S0_baseline,indonesia,USDC
883,0.9274897039831336,2929937583746.0645,139,S0_baseline,indonesia,USDC
884,0.9559861445546759,2929937579199.2153,139,S0_baseline,indonesia,USDC
885,0.9772442162570127,2929937577754.1895,139,S0_baseline,indonesia,USDC
886,0.9906539708103299,2929937577754.1895,139,S0_baseline,indonesia,USDC
887,0.979633653628597,2929937577754.1895,139,S0_baseline,indonesia,USDC
888,1.0079914474630798,2929937577754.1895,139,S0_baseline,indonesia,USDC
889,0.9934982924183089,2929937577754.1895,139,S0_baseline,indonesia,USDC
890,1.0035997632846594,2929937577754.1895,139,S0_baseline,indonesia,USDC
891,1.016613390510358,2929937577754.1895,139,S0_baseline,indonesia,USDC
892,1.0095179185094045,2929937577754.1895,139,S0_baseline,indonesia,USDC
893,1.0220834180662017,2929937577754.1895,139,S0_baseline,indonesia,USDC
894,1.024130737954429,2929937577754.1895,139,S0_baseline,indonesia,USDC
895,1.025291826283196,2929937577754.1895,139,S0_baseline,indonesia,USDC
896,1.0354038991651573,2929937577754.1895,139,S0_baseline,indonesia,USDC
897,1.0643811543025006,2929937577754.1895,139,S0_baseline,indonesia,USDC
898,1.0784906018723135,2929937577754.1895,139,S0_baseline,indonesia,USDC
899,1.074148495862632,2929937577754.1895,139,S0_baseline,indonesia,USDC
900,1.053090448475297,2929937577754.1895,139,S0_baseline,indonesia,USDC
901,1.034701396337943,2929937577754.1895,139,S0_baseline,indonesia,USDC
902,1.0220882407117682,2929937577754.1895,139,S0_baseline,indonesia,USDC
903,1.030526867318665,2929937577754.1895,139,S0_baseline,indonesia,USDC
904,0.9905029820024485,2929937577754.1895,139,S0_baseline,indonesia,USDC
905,0.9874894967541954,2929937577754.1895,139,S0_baseline,indonesia,USDC
906,1.0027757229773515,2929937577754.1895,139,S0_baseline,indonesia,USDC
907,0.9935578720790723,2929937577754.1895,139,S0_baseline,indonesia,USDC
908,0.9918660820705193,2929937577754.1895,139,S0_baseline,indonesia,USDC
909,0.963574437727982,2929937577754.1895,139,S0_baseline,indonesia,USDC
910,0.9773972790226537,2929937577193.037,139,S0_baseline,indonesia,USDC
911,0.977927042441422,2929937577193.037,139,S0_baseline,indonesia,USDC
912,0.9688986295007741,2929937577193.037,139,S0_baseline,indonesia,USDC
913,0.969933838091951,2929937577193.037,139,S0_baseline,indonesia,USDC
914,0.9734287832025881,2929937577185.9795,139,S0_baseline,indonesia,USDC
915,0.9654364015723192,2929937577185.9795,139,S0_baseline,indonesia,USDC
916,0.9847926959658105,2929937576883.5225,139,S0_baseline,indonesia,USDC
917,0.9801841385251956,2929937576883.5225,139,S0_baseline,indonesia,USDC
918,0.9926219797984291,2929937576883.5225,139,S0_baseline,indonesia,USDC
919,0.9836107070620573,2929937576883.5225,139,S0_baseline,indonesia,USDC
920,0.980426743263632,2929937576883.5225,139,S0_baseline,indonesia,USDC
921,1.0025914941563305,2929937576883.5225,139,S0_baseline,indonesia,USDC
922,0.9896141095830687,2929937576883.5225,139,S0_baseline,indonesia,USDC
923,0.9722899530056281,2929937576883.5225,139,S0_baseline,indonesia,USDC
924,0.9591842756853824,2929937576883.5225,139,S0_baseline,indonesia,USDC
925,0.9766206009823257,2929937575733.171,139,S0_baseline,indonesia,USDC
926,0.9671837782221916,2929937575733.171,139,S0_baseline,indonesia,USDC
927,0.9648420099587713,2929937575436.98,139,S0_baseline,indonesia,USDC
928,0.9745178717889356,2929937574896.0728,139,S0_baseline,indonesia,USDC
929,0.9889650681332773,2929937574896.0728,139,S0_baseline,indonesia,USDC
930,0.9798056656336379,2929937574896.0728,139,S0_baseline,indonesia,USDC
931,0.9656341974234852,2929937574896.0728,139,S0_baseline,indonesia,USDC
932,0.9385696070596853,2929937574440.675,139,S0_baseline,indonesia,USDC
933,0.9145919729976253,2929937571495.868,139,S0_baseline,indonesia,USDC
934,0.8925240906861857,2929937566198.6553,139,S0_baseline,indonesia,USDC
935,0.8959433624068864,2929937558978.7344,139,S0_baseline,indonesia,USDC
936,0.9144625950345805,2929937552926.4434,139,S0_baseline,indonesia,USDC
937,0.9343508630678297,2929937548391.1963,139,S0_baseline,indonesia,USDC
938,0.916872957761014,2929937545646.725,139,S0_baseline,indonesia,USDC
939,0.8967951309765674,2929937541913.878,139,S0_baseline,indonesia,USDC
940,0.9090036587762211,2929937536766.9927,139,S0_baseline,indonesia,USDC
941,0.9164733353929382,2929937532802.1143,139,S0_baseline,indonesia,USDC
942,0.9369307598403079,2929937529629.215,139,S0_baseline,indonesia,USDC
943,0.933739301514945,2929937527904.769,139,S0_baseline,indonesia,USDC
944,0.9081404047141605,2929937526003.588,139,S0_baseline,indonesia,USDC
945,0.9129534555092048,2929937522835.804,139,S0_baseline,indonesia,USDC
946,0.901617268741685,2929937520095.7,139,S0_baseline,indonesia,USDC
947,0.9415119944959021,2929937516902.2266,139,S0_baseline,indonesia,USDC
948,0.9445785189931735,2929937515764.0645,139,S0_baseline,indonesia,USDC
949,0.973678716744773,2929937514662.0586,139,S0_baseline,indonesia,USDC
950,0.9792902029565433,2929937514662.0586,139,S0_baseline,indonesia,USDC
951,0.9923987723503387,2929937514662.0586,139,S0_baseline,indonesia,USDC
952,1.0303439619595895,2929937514662.0586,139,S0_baseline,indonesia,USDC
953,1.0286235783136366,2929937514662.0586,139,S0_baseline,indonesia,USDC
954,1.0430646886225032,2929937514662.0586,139,S0_baseline,indonesia,USDC
955,1.0289268722905147,2929937514662.0586,139,S0_baseline,indonesia,USDC
956,1.0218751039447325,2929937514662.0586,139,S0_baseline,indonesia,USDC
957,1.024460245214527,2929937514662.0586,139,S0_baseline,indonesia,USDC
958,1.018805306758076,2929937514662.0586,139,S0_baseline,indonesia,USDC
959,0.9872659284888936,2929937514662.0586,139,S0_baseline,indonesia,USDC
960,1.0123050725272145,2929937514662.0586,139,S0_baseline,indonesia,USDC
961,1.067095328374197,2929937514662.0586,139,S0_baseline,indonesia,USDC
962,1.0466996318543382,2929937514662.0586,139,S0_baseline,indonesia,USDC
963,1.0578143662284094,2929937514662.0586,139,S0_baseline,indonesia,USDC
964,1.0504423085093608,2929937514662.0586,139,S0_baseline,indonesia,USDC
965,1.0286340432452004,2929937514662.0586,139,S0_baseline,indonesia,USDC
966,0.998061776513401,2929937514662.0586,139,S0_baseline,indonesia,USDC
967,0.9969214164771129,2929937514662.0586,139,S0_baseline,indonesia,USDC
968,0.9857193608101467,2929937514662.0586,139,S0_baseline,indonesia,USDC
969,0.9834961280650089,2929937514662.0586,139,S0_baseline,indonesia,USDC
970,0.9704048037801671,2929937514662.0586,139,S0_baseline,indonesia,USDC
971,1.0069444953575053,2929937514662.0586,139,S0_baseline,indonesia,USDC
972,1.0192523247225358,2929937514662.0586,139,S0_baseline,indonesia,USDC
973,1.0288186381580833,2929937514662.0586,139,S0_baseline,indonesia,USDC
974,1.0352576082186398,2929937514662.0586,139,S0_baseline,indonesia,USDC
975,1.0436485992644067,2929937514662.0586,139,S0_baseline,indonesia,USDC
976,1.036319778180136,2929937514662.0586,139,S0_baseline,indonesia,USDC
977,1.0126560272551641,2929937514662.0586,139,S0_baseline,indonesia,USDC
978,1.0064594211705553,2929937514662.0586,139,S0_baseline,indonesia,USDC
979,1.0120748502996553,2929937514662.0586,139,S0_baseline,indonesia,USDC
980,1.0232251055342616,2929937514662.0586,139,S0_baseline,indonesia,USDC
981,1.0233928933824608,2929937514662.0586,139,S0_baseline,indonesia,USDC
982,1.0001441380958365,2929937514662.0586,139,S0_baseline,indonesia,USDC
983,0.9711838705510702,2929937514662.0586,139,S0_baseline,indonesia,USDC
984,0.9884171160075558,2929937514662.0586,139,S0_baseline,indonesia,USDC
985,1.0073896396374216,2929937514662.0586,139,S0_baseline,indonesia,USDC
986,1.002121943690114,2929937514662.0586,139,S0_baseline,indonesia,USDC
987,0.9948891452821895,2929937514662.0586,139,S0_baseline,indonesia,USDC
988,1.0022906096318533,2929937514662.0586,139,S0_baseline,indonesia,USDC
989,1.0158852409337773,2929937514662.0586,139,S0_baseline,indonesia,USDC
990,1.0251047981942234,2929937514662.0586,139,S0_baseline,indonesia,USDC
991,1.0016327553808022,2929937514662.0586,139,S0_baseline,indonesia,USDC
992,1.0017475586496702,2929937514662.0586,139,S0_baseline,indonesia,USDC
993,1.0382700848959192,2929937514662.0586,139,S0_baseline,indonesia,USDC
994,1.032511900908989,2929937514662.0586,139,S0_baseline,indonesia,USDC
995,1.008605780147753,2929937514662.0586,139,S0_baseline,indonesia,USDC
996,0.9891856956201143,2929937514662.0586,139,S0_baseline,indonesia,USDC
997,0.9921672709264575,2929937514662.0586,139,S0_baseline,indonesia,USDC
998,0.9911371586057185,2929937514662.0586,139,S0_baseline,indonesia,USDC
999,1.02304602945479,2929937514662.0586,139,S0_baseline,indonesia,USDC
1000,1.0331404516135947,2929937514662.0586,139,S0_baseline,indonesia,USDC
