Step,price,liquidity,iteration,scenario,region,coin
1,0.9778910169813508,2990157153249.4604,126,S0_baseline,indonesia,USDC
2,0.9649833866949304,2990157153249.4604,126,S0_baseline,indonesia,USDC
3,0.9965321462848785,2989855872172.164,126,S0_baseline,indonesia,USDC
4,1.0017137395897842,2989855872172.164,126,S0_baseline,indonesia,USDC
5,1.01768276246886,2989855872172.164,126,S0_baseline,indonesia,USDC
6,0.9976593168216713,2989855872172.164,126,S0_baseline,indonesia,USDC
7,1.017073238639158,2989855872172.164,126,S0_baseline,indonesia,USDC
8,1.027641096437897,2989855872172.164,126,S0_baseline,indonesia,USDC
9,1.053216783095636,2989855872172.164,126,S0_baseline,indonesia,USDC
10,1.0566775771677135,2989855872172.164,126,S0_baseline,indonesia,USDC
11,1.051538373046307,2989855872172.164,126,S0_baseline,indonesia,USDC
12,1.043387610399045,2989855872172.164,126,S0_baseline,indonesia,USDC
13,1.0465166607136733,2989855872172.164,126,S0_baseline,indonesia,USDC
14,1.0724899250087216,2989855872172.164,126,S0_baseline,indonesia,USDC
15,1.087146687901211,2989855872172.164,126,S0_baseline,indonesia,USDC
16,1.110528542381448,2989855872172.164,126,S0_baseline,indonesia,USDC
17,1.082873586769341,2989855872172.164,126,S0_baseline,indonesia,USDC
18,1.0608163421160364,2989855872172.164,126,S0_baseline,indonesia,USDC
19,1.0576854462689318,2989855872172.164,126,S0_baseline,indonesia,USDC
20,1.0568607751510173,2989855872172.164,126,S0_baseline,indonesia,USDC
21,1.0689384169826417,2989855872172.164,126,S0_baseline,indonesia,USDC
22,1.0821358871798734,2989855872172.164,126,S0_baseline,indonesia,USDC
23,1.0702082909135726,2989855872172.164,126,S0_baseline,indonesia,USDC
24,1.0323080960409428,2989855872172.164,126,S0_baseline,indonesia,USDC
25,1.0067014576842463,2989855872172.164,126,S0_baseline,indonesia,USDC
26,1.006135868271988,2989855872172.164,126,S0_baseline,indonesia,USDC
27,1.0167982054259082,2989855872172.164,126,S0_baseline,indonesia,USDC
28,1.014868697315943,2989855872172.164,126,S0_baseline,indonesia,USDC
29,1.0244310266232872,2989855872172.164,126,S0_baseline,indonesia,USDC
30,0.995158892549666,2989855872172.164,126,S0_baseline,indonesia,USDC
31,0.966059844490269,2989855872172.164,126,S0_baseline,indonesia,USDC
32,0.9793938303748662,2989657522387.0757,126,S0_baseline,indonesia,USDC
33,0.985511506140687,2989657522387.0757,126,S0_baseline,indonesia,USDC
34,0.952502778647483,2989657522387.0757,126,S0_baseline,indonesia,USDC
35,0.9582979406763211,2988605112636.6787,126,S0_baseline,indonesia,USDC
36,0.9581339105115099,2987955288683.33,126,S0_baseline,indonesia,USDC
37,0.9856368261822451,2987304275217.5244,126,S0_baseline,indonesia,USDC
38,0.9687748905355531,2987304275217.5244,126,S0_baseline,indonesia,USDC
39,0.9488080818340463,2987260209241.8433,126,S0_baseline,indonesia,USDC
40,0.967214638442055,2986012659458.7334,126,S0_baseline,indonesia,USDC
41,0.9828211164876697,2985867298036.206,126,S0_baseline,indonesia,USDC
42,0.9882953195687798,2985867298036.206,126,S0_baseline,indonesia,USDC
43,0.9535206253633777,2985867298036.206,126,S0_baseline,indonesia,USDC
44,0.9819080603027975,2984985646646.5356,126,S0_baseline,indonesia,USDC
45,0.9845640582405115,2984985646646.5356,126,S0_baseline,indonesia,USDC
46,1.0036105139158327,2984985646646.5356,126,S0_baseline,indonesia,USDC
47,1.0257523057191655,2984985646646.5356,126,S0_baseline,indonesia,USDC
48,1.0245793404504515,2984985646646.5356,126,S0_baseline,indonesia,USDC
49,0.9983614511454663,2984985646646.5356,126,S0_baseline,indonesia,USDC
50,1.0138757010514456,2984985646646.5356,126,S0_baseline,indonesia,USDC
51,1.0337046069150218,2984985646646.5356,126,S0_baseline,indonesia,USDC
52,1.0163013275933712,2984985646646.5356,126,S0_baseline,indonesia,USDC
53,1.0254904703002452,2984985646646.5356,126,S0_baseline,indonesia,USDC
54,1.024035858953435,2984985646646.5356,126,S0_baseline,indonesia,USDC
55,1.0494910010426084,2984985646646.5356,126,S0_baseline,indonesia,USDC
56,1.0642426976799522,2984985646646.5356,126,S0_baseline,indonesia,USDC
57,1.087953548698209,2984985646646.5356,126,S0_baseline,indonesia,USDC
58,1.1116825122085636,2984985646646.5356,126,S0_baseline,indonesia,USDC
59,1.1115081318763234,2984985646646.5356,126,S0_baseline,indonesia,USDC
60,1.0628568884661653,2984985646646.5356,126,S0_baseline,indonesia,USDC
61,1.033442573731928,2984985646646.5356,126,S0_baseline,indonesia,USDC
62,0.902995811487247,2984985646646.5356,126,S0_baseline,indonesia,USDC
63,0.9015673453128262,2981377069676.286,126,S0_baseline,indonesia,USDC
64,0.9175587639134207,2977763549208.304,126,S0_baseline,indonesia,USDC
65,0.93037673305659,2975334933517.119,126,S0_baseline,indonesia,USDC
66,0.9336641566767983,2973570209230.3228,126,S0_baseline,indonesia,USDC
67,0.9593968620154594,2971982159154.907,126,S0_baseline,indonesia,USDC
68,0.9753142445961547,2971548258079.29,126,S0_baseline,indonesia,USDC
69,0.9375461961759829,2971548258079.29,126,S0_baseline,indonesia,USDC
70,0.9436876303819955,2970271989511.493,126,S0_baseline,indonesia,USDC
71,0.9350695124569154,2969249036951.8438,126,S0_baseline,indonesia,USDC
72,0.9323820176476543,2967916642145.682,126,S0_baseline,indonesia,USDC
73,0.9564112387416656,2966491350462.765,126,S0_baseline,indonesia,USDC
74,0.9390040295727852,2965982343523.1313,126,S0_baseline,indonesia,USDC
75,0.936064828567073,2964837563586.7686,126,S0_baseline,indonesia,USDC
76,0.9385544190478522,2963624279390.7266,126,S0_baseline,indonesia,USDC
77,0.9463022030630653,2962574696877.827,126,S0_baseline,indonesia,USDC
78,0.9631855247393184,2961812709611.6934,126,S0_baseline,indonesia,USDC
79,0.9662109545821592,2961650393249.976,126,S0_baseline,indonesia,USDC
80,0.9363696482583752,2961527373335.835,126,S0_baseline,indonesia,USDC
81,0.9581879272418985,2960508456416.663,126,S0_baseline,indonesia,USDC
82,0.9649948041806938,2960182477487.635,126,S0_baseline,indonesia,USDC
83,0.9414295039430515,2960081724384.9287,126,S0_baseline,indonesia,USDC
84,0.9521917390849395,2959200322486.339,126,S0_baseline,indonesia,USDC
85,0.9340419748211278,2958690863183.906,126,S0_baseline,indonesia,USDC
86,0.9600133510864015,2957633114874.3496,126,S0_baseline,indonesia,USDC
87,0.9935519975152328,2957388043257.0405,126,S0_baseline,indonesia,USDC
88,0.9973528669301818,2957388043257.0405,126,S0_baseline,indonesia,USDC
89,0.9924297052884872,2957388043257.0405,126,S0_baseline,indonesia,USDC
90,0.974715082761067,2957388043257.0405,126,S0_baseline,indonesia,USDC
91,0.9888334596420674,2957388043257.0405,126,S0_baseline,indonesia,USDC
92,0.9966945721052699,2957388043257.0405,126,S0_baseline,indonesia,USDC
93,0.950400193584939,2957388043257.0405,126,S0_baseline,indonesia,USDC
94,0.9491176889841951,2956860968757.5254,126,S0_baseline,indonesia,USDC
95,0.9347413205660245,2956286084859.8467,126,S0_baseline,indonesia,USDC
96,0.9050421535937038,2955394934112.8037,126,S0_baseline,indonesia,USDC
97,0.9065835702338831,2953787315004.9053,126,S0_baseline,indonesia,USDC
98,0.9182821545277505,2952242427898.384,126,S0_baseline,indonesia,USDC
99,0.9273944293153582,2951127117386.5605,126,S0_baseline,indonesia,USDC
100,0.9340854690394185,2950258106206.384,126,S0_baseline,indonesia,USDC
101,0.9301926069577694,2949582158729.0557,126,S0_baseline,indonesia,USDC
102,0.9488697956787641,2948831409958.0703,126,S0_baseline,indonesia,USDC
103,0.9685073135777666,2948424615257.2456,126,S0_baseline,indonesia,USDC
104,0.9923685189254418,2948396504337.135,126,S0_baseline,indonesia,USDC
105,1.0029361546894018,2948396504337.135,126,S0_baseline,indonesia,USDC
106,1.0192567332679856,2948396504337.135,126,S0_baseline,indonesia,USDC
107,1.0492304332888847,2948396504337.135,126,S0_baseline,indonesia,USDC
108,1.0260322843182843,2948396504337.135,126,S0_baseline,indonesia,USDC
109,1.015507523309884,2948396504337.135,126,S0_baseline,indonesia,USDC
110,0.9916489886672185,2948396504337.135,126,S0_baseline,indonesia,USDC
111,1.0117188859581856,2948396504337.135,126,S0_baseline,indonesia,USDC
112,1.0019019669252822,2948396504337.135,126,S0_baseline,indonesia,USDC
113,1.0097353522412997,2948396504337.135,126,S0_baseline,indonesia,USDC
114,1.0311970726425694,2948396504337.135,126,S0_baseline,indonesia,USDC
115,1.0388833219438276,2948396504337.135,126,S0_baseline,indonesia,USDC
116,0.9992827948488556,2948396504337.135,126,S0_baseline,indonesia,USDC
117,0.9968370929984866,2948396504337.135,126,S0_baseline,indonesia,USDC
118,0.9835489479827839,2948396504337.135,126,S0_baseline,indonesia,USDC
119,0.9699754560935218,2948396504337.135,126,S0_baseline,indonesia,USDC
120,0.9848176078165339,2948396350209.105,126,S0_baseline,indonesia,USDC
121,0.9760050538723244,2948396350209.105,126,S0_baseline,indonesia,USDC
122,0.9519881312095821,2948396350209.105,126,S0_baseline,indonesia,USDC
123,0.9404824033869094,2948102806780.325,126,S0_baseline,indonesia,USDC
124,0.9561804812782514,2947556711355.704,126,S0_baseline,indonesia,USDC
125,0.9496091803044332,2947321986034.0576,126,S0_baseline,indonesia,USDC
126,0.9447337342931635,2947005741177.648,126,S0_baseline,indonesia,USDC
127,0.9877596451353178,2946582976881.508,126,S0_baseline,indonesia,USDC
128,1.0004822715516708,2946582976881.508,126,S0_baseline,indonesia,USDC
129,1.0263643363857393,2946582976881.508,126,S0_baseline,indonesia,USDC
130,1.0402726417248636,2946582976881.508,126,S0_baseline,indonesia,USDC
131,1.0560895159234092,2946582976881.508,126,S0_baseline,indonesia,USDC
132,1.0697195444216618,2946582976881.508,126,S0_baseline,indonesia,USDC
133,1.0864694389543421,2946582976881.508,126,S0_baseline,indonesia,USDC
134,1.0792761422459112,2946582976881.508,126,S0_baseline,indonesia,USDC
135,1.0548560869242816,2946582976881.508,126,S0_baseline,indonesia,USDC
136,1.0368105974950301,2946582976881.508,126,S0_baseline,indonesia,USDC
137,0.9929608021509634,2946582976881.508,126,S0_baseline,indonesia,USDC
138,1.0023085055809609,2946582976881.508,126,S0_baseline,indonesia,USDC
139,0.9622910685895496,2946582976881.508,126,S0_baseline,indonesia,USDC
140,0.9741583255053724,2946484362927.9985,126,S0_baseline,indonesia,USDC
141,0.9480243928456301,2946484362927.9985,126,S0_baseline,indonesia,USDC
142,0.9592039405757358,2946114465664.2637,126,S0_baseline,indonesia,USDC
143,0.9659715798308532,2945948048351.619,126,S0_baseline,indonesia,USDC
144,0.9847851787962417,2945900919612.694,126,S0_baseline,indonesia,USDC
145,0.9979030858362717,2945900919612.694,126,S0_baseline,indonesia,USDC
146,1.0171261256698754,2945900919612.694,126,S0_baseline,indonesia,USDC
147,1.0334160587392163,2945900919612.694,126,S0_baseline,indonesia,USDC
148,1.0405205855427273,2945900919612.694,126,S0_baseline,indonesia,USDC
149,1.0159388497241875,2945900919612.694,126,S0_baseline,indonesia,USDC
150,1.002112709709282,2945900919612.694,126,S0_baseline,indonesia,USDC
151,0.9944382183024083,2945900919612.694,126,S0_baseline,indonesia,USDC
152,0.9702125835621204,2945900919612.694,126,S0_baseline,indonesia,USDC
153,0.9899229190744696,2945900919612.694,126,S0_baseline,indonesia,USDC
154,0.9875241603798706,2945900919612.694,126,S0_baseline,indonesia,USDC
155,0.9916285042194815,2945900919612.694,126,S0_baseline,indonesia,USDC
156,0.9916686902989841,2945900919612.694,126,S0_baseline,indonesia,USDC
157,1.0070898111088722,2945900919612.694,126,S0_baseline,indonesia,USDC
158,0.9871122229364637,2945900919612.694,126,S0_baseline,indonesia,USDC
159,0.9679036436293047,2945900919612.694,126,S0_baseline,indonesia,USDC
160,0.9501121809153411,2945892941604.319,126,S0_baseline,indonesia,USDC
161,0.9884089134848311,2945583912413.4272,126,S0_baseline,indonesia,USDC
162,0.9906272478563904,2945583912413.4272,126,S0_baseline,indonesia,USDC
163,0.9818095099906491,2945583912413.4272,126,S0_baseline,indonesia,USDC
164,0.9827356434967806,2945583912413.4272,126,S0_baseline,indonesia,USDC
165,0.9956417261629285,2945583912413.4272,126,S0_baseline,indonesia,USDC
166,0.9916689120112091,2945583912413.4272,126,S0_baseline,indonesia,USDC
167,0.9729616463424858,2945583912413.4272,126,S0_baseline,indonesia,USDC
168,0.976741612548476,2945583912413.4272,126,S0_baseline,indonesia,USDC
169,0.9458410020526704,2945583912413.4272,126,S0_baseline,indonesia,USDC
170,0.9940066085568569,2945213909492.9326,126,S0_baseline,indonesia,USDC
171,0.9985847566777818,2945213909492.9326,126,S0_baseline,indonesia,USDC
172,1.0121888100522918,2945213909492.9326,126,S0_baseline,indonesia,USDC
173,0.9884079468995467,2945213909492.9326,126,S0_baseline,indonesia,USDC
174,0.9867884206465409,2945213909492.9326,126,S0_baseline,indonesia,USDC
175,0.8595763313883775,2945213909492.9326,126,S0_baseline,indonesia,USDC
176,0.8699232442705634,2943536141637.157,126,S0_baseline,indonesia,USDC
177,0.8809069173726064,2942215918557.8633,126,S0_baseline,indonesia,USDC
178,0.8743904773632054,2941133231881.372,126,S0_baseline,indonesia,USDC
179,0.9075021756764359,2940051358027.3296,126,S0_baseline,indonesia,USDC
180,0.9310171385991465,2939413867025.2383,126,S0_baseline,indonesia,USDC
181,0.9453159798120605,2939074768612.8906,126,S0_baseline,indonesia,USDC
182,0.9214741986472316,2938864742442.8984,126,S0_baseline,indonesia,USDC
183,0.9468369584438333,2938452856564.367,126,S0_baseline,indonesia,USDC
184,0.9263939815843648,2938269796406.2197,126,S0_baseline,indonesia,USDC
185,0.9482055478211161,2937905095306.33,126,S0_baseline,indonesia,USDC
186,0.964313209929701,2937738001137.859,126,S0_baseline,indonesia,USDC
187,0.9567251609796027,2937702781121.7803,126,S0_baseline,indonesia,USDC
188,0.9451165640902364,2937599516178.159,126,S0_baseline,indonesia,USDC
189,0.958921439106278,2937408597043.1553,126,S0_baseline,indonesia,USDC
190,0.9543000398430546,2937325776876.5205,126,S0_baseline,indonesia,USDC
191,0.9482859701266431,2937226635830.5225,126,S0_baseline,indonesia,USDC
192,0.9629337613806708,2937087226156.002,126,S0_baseline,indonesia,USDC
193,0.9998734255513566,2937036742085.067,126,S0_baseline,indonesia,USDC
194,1.0222483029385805,2937036742085.067,126,S0_baseline,indonesia,USDC
195,1.0226922133926213,2937036742085.067,126,S0_baseline,indonesia,USDC
196,1.0091020687964039,2937036742085.067,126,S0_baseline,indonesia,USDC
197,1.0178783863700673,2937036742085.067,126,S0_baseline,indonesia,USDC
198,1.002019180485176,2937036742085.067,126,S0_baseline,indonesia,USDC
199,0.999659904634098,2937036742085.067,126,S0_baseline,indonesia,USDC
200,1.0372794144765178,2937036742085.067,126,S0_baseline,indonesia,USDC
201,1.0809032059989185,2937036742085.067,126,S0_baseline,indonesia,USDC
202,1.045750789412169,2937036742085.067,126,S0_baseline,indonesia,USDC
203,1.0531433026164598,2937036742085.067,126,S0_baseline,indonesia,USDC
204,1.1012936116702718,2937036742085.067,126,S0_baseline,indonesia,USDC
205,1.0622246299804885,2937036742085.067,126,S0_baseline,indonesia,USDC
206,1.071518459148836,2937036742085.067,126,S0_baseline,indonesia,USDC
207,1.0742582808249945,2937036742085.067,126,S0_baseline,indonesia,USDC
208,1.064295553573824,2937036742085.067,126,S0_baseline,indonesia,USDC
209,1.0803024159922348,2937036742085.067,126,S0_baseline,indonesia,USDC
210,1.0937748756272019,2937036742085.067,126,S0_baseline,indonesia,USDC
211,1.0597512144478882,2937036742085.067,126,S0_baseline,indonesia,USDC
212,1.016312790528842,2937036742085.067,126,S0_baseline,indonesia,USDC
213,1.0009377787893536,2937036742085.067,126,S0_baseline,indonesia,USDC
214,0.9657135453748381,2937036742085.067,126,S0_baseline,indonesia,USDC
215,0.9524007500939226,2937014388312.8013,126,S0_baseline,indonesia,USDC
216,0.9367849033325086,2936889973680.2812,126,S0_baseline,indonesia,USDC
217,0.9606866890295547,2936666795680.0166,126,S0_baseline,indonesia,USDC
218,1.0031355498454293,2936604294314.798,126,S0_baseline,indonesia,USDC
219,1.0202411300816565,2936604294314.798,126,S0_baseline,indonesia,USDC
220,0.9974470109748836,2936604294314.798,126,S0_baseline,indonesia,USDC
221,0.9918999425643245,2936604294314.798,126,S0_baseline,indonesia,USDC
222,0.992368110476399,2936604294314.798,126,S0_baseline,indonesia,USDC
223,0.9706862860832587,2936604294314.798,126,S0_baseline,indonesia,USDC
224,0.9511113846359748,2936604294314.798,126,S0_baseline,indonesia,USDC
225,0.9652866774010304,2936478750430.4873,126,S0_baseline,indonesia,USDC
226,0.9552736627857163,2936459344714.26,126,S0_baseline,indonesia,USDC
227,0.96721428204103,2936373304059.785,126,S0_baseline,indonesia,USDC
228,0.9717787482862367,2936358998873.6763,126,S0_baseline,indonesia,USDC
229,0.9748678712402971,2936358998873.6763,126,S0_baseline,indonesia,USDC
230,0.9882995573929592,2936358998873.6763,126,S0_baseline,indonesia,USDC
231,0.9751755751981904,2936358998873.6763,126,S0_baseline,indonesia,USDC
232,0.9710677265823788,2936358998873.6763,126,S0_baseline,indonesia,USDC
233,0.9948987568236332,2936358998873.6763,126,S0_baseline,indonesia,USDC
234,1.0313558784305696,2936358998873.6763,126,S0_baseline,indonesia,USDC
235,1.0267373636006702,2936358998873.6763,126,S0_baseline,indonesia,USDC
236,1.0785500433782251,2936358998873.6763,126,S0_baseline,indonesia,USDC
237,1.0801973418771647,2936358998873.6763,126,S0_baseline,indonesia,USDC
238,1.1266977232559967,2936358998873.6763,126,S0_baseline,indonesia,USDC
239,1.13183218393177,2936358998873.6763,126,S0_baseline,indonesia,USDC
240,1.1027025444165566,2936358998873.6763,126,S0_baseline,indonesia,USDC
241,1.0467128498616571,2936358998873.6763,126,S0_baseline,indonesia,USDC
242,1.0330182404776733,2936358998873.6763,126,S0_baseline,indonesia,USDC
243,1.0635212177155258,2936358998873.6763,126,S0_baseline,indonesia,USDC
244,1.051738255229097,2936358998873.6763,126,S0_baseline,indonesia,USDC
245,1.0381480087541672,2936358998873.6763,126,S0_baseline,indonesia,USDC
246,1.0267805952106845,2936358998873.6763,126,S0_baseline,indonesia,USDC
247,1.0509005819024335,2936358998873.6763,126,S0_baseline,indonesia,USDC
248,1.0328255817911103,2936358998873.6763,126,S0_baseline,indonesia,USDC
249,1.0418920394197793,2936358998873.6763,126,S0_baseline,indonesia,USDC
250,1.0426029715749705,2936358998873.6763,126,S0_baseline,indonesia,USDC
251,1.04648946534223,2936358998873.6763,126,S0_baseline,indonesia,USDC
252,1.070188286619385,2936358998873.6763,126,S0_baseline,indonesia,USDC
253,1.0463415809492267,2936358998873.6763,126,S0_baseline,indonesia,USDC
254,1.0508962135646627,2936358998873.6763,126,S0_baseline,indonesia,USDC
255,1.0210228927782314,2936358998873.6763,126,S0_baseline,indonesia,USDC
256,1.0491121948367086,2936358998873.6763,126,S0_baseline,indonesia,USDC
257,1.0587805630186164,2936358998873.6763,126,S0_baseline,indonesia,USDC
258,1.048595868436923,2936358998873.6763,126,S0_baseline,indonesia,USDC
259,1.0611216373147763,2936358998873.6763,126,S0_baseline,indonesia,USDC
260,1.0672388535378794,2936358998873.6763,126,S0_baseline,indonesia,USDC
261,1.0614168475734473,2936358998873.6763,126,S0_baseline,indonesia,USDC
262,1.1040003629325141,2936358998873.6763,126,S0_baseline,indonesia,USDC
263,1.0640590595073984,2936358998873.6763,126,S0_baseline,indonesia,USDC
264,1.0734363315848339,2936358998873.6763,126,S0_baseline,indonesia,USDC
265,1.0769323358567566,2936358998873.6763,126,S0_baseline,indonesia,USDC
266,1.0700313382737492,2936358998873.6763,126,S0_baseline,indonesia,USDC
267,1.073979923505484,2936358998873.6763,126,S0_baseline,indonesia,USDC
268,1.0939908959221984,2936358998873.6763,126,S0_baseline,indonesia,USDC
269,1.0443469011004245,2936358998873.6763,126,S0_baseline,indonesia,USDC
270,1.0425239359858196,2936358998873.6763,126,S0_baseline,indonesia,USDC
271,1.0433381321185289,2936358998873.6763,126,S0_baseline,indonesia,USDC
272,1.0340088973658048,2936358998873.6763,126,S0_baseline,indonesia,USDC
273,1.0337043837244586,2936358998873.6763,126,S0_baseline,indonesia,USDC
274,1.0301719156353104,2936358998873.6763,126,S0_baseline,indonesia,USDC
275,1.0205638458011748,2936358998873.6763,126,S0_baseline,indonesia,USDC
276,1.0107619907615157,2936358998873.6763,126,S0_baseline,indonesia,USDC
277,0.9894369953263337,2936358998873.6763,126,S0_baseline,indonesia,USDC
278,0.9700427993107157,2936358998873.6763,126,S0_baseline,indonesia,USDC
279,1.0036330134593905,2936358998873.6763,126,S0_baseline,indonesia,USDC
280,1.017444410869686,2936358998873.6763,126,S0_baseline,indonesia,USDC
281,1.0292026078148464,2936358998873.6763,126,S0_baseline,indonesia,USDC
282,1.035982325677053,2936358998873.6763,126,S0_baseline,indonesia,USDC
283,1.0510922457227458,2936358998873.6763,126,S0_baseline,indonesia,USDC
284,1.023243022305298,2936358998873.6763,126,S0_baseline,indonesia,USDC
285,1.0284212844566663,2936358998873.6763,126,S0_baseline,indonesia,USDC
286,1.0191859735339528,2936358998873.6763,126,S0_baseline,indonesia,USDC
287,1.0166834617254012,2936358998873.6763,126,S0_baseline,indonesia,USDC
288,1.0280723116064971,2936358998873.6763,126,S0_baseline,indonesia,USDC
289,0.9886322595127126,2936358998873.6763,126,S0_baseline,indonesia,USDC
290,0.9717504041203021,2936358998873.6763,126,S0_baseline,indonesia,USDC
291,1.0107941905164708,2936358998873.6763,126,S0_baseline,indonesia,USDC
292,1.0464484383311965,2936358998873.6763,126,S0_baseline,indonesia,USDC
293,1.051362990265742,2936358998873.6763,126,S0_baseline,indonesia,USDC
294,1.0320375708739766,2936358998873.6763,126,S0_baseline,indonesia,USDC
295,1.0230865188575136,2936358998873.6763,126,S0_baseline,indonesia,USDC
296,1.0113658825547849,2936358998873.6763,126,S0_baseline,indonesia,USDC
297,1.021522103768966,2936358998873.6763,126,S0_baseline,indonesia,USDC
298,1.0219851487231961,2936358998873.6763,126,S0_baseline,indonesia,USDC
299,1.009278102035791,2936358998873.6763,126,S0_baseline,indonesia,USDC
300,0.9937408155312114,2936358998873.6763,126,S0_baseline,indonesia,USDC
301,0.9912333675170655,2936358998873.6763,126,S0_baseline,indonesia,USDC
302,0.9810187668868913,2936358998873.6763,126,S0_baseline,indonesia,USDC
303,0.9493638567965216,2936358998873.6763,126,S0_baseline,indonesia,USDC
304,0.967243689358372,2936232336260.3154,126,S0_baseline,indonesia,USDC
305,0.9571766003005197,2936218537427.184,126,S0_baseline,indonesia,USDC
306,0.9558103166921956,2936147297204.1895,126,S0_baseline,indonesia,USDC
307,0.975368512629576,2936059670146.7812,126,S0_baseline,indonesia,USDC
308,0.9704517124419197,2936059670146.7812,126,S0_baseline,indonesia,USDC
309,0.9730975782429588,2936059670146.7812,126,S0_baseline,indonesia,USDC
310,0.9567912567361098,2936059670146.7812,126,S0_baseline,indonesia,USDC
311,0.9648594962317943,2935979294033.062,126,S0_baseline,indonesia,USDC
312,0.9859598833141623,2935955540481.6826,126,S0_baseline,indonesia,USDC
313,0.9775038077208029,2935955540481.6826,126,S0_baseline,indonesia,USDC
314,0.9883866046323488,2935955540481.6826,126,S0_baseline,indonesia,USDC
315,0.9773396318370364,2935955540481.6826,126,S0_baseline,indonesia,USDC
316,0.9943404085797108,2935955540481.6826,126,S0_baseline,indonesia,USDC
317,1.010172493090565,2935955540481.6826,126,S0_baseline,indonesia,USDC
318,0.9932168504901348,2935955540481.6826,126,S0_baseline,indonesia,USDC
319,1.0203191013386665,2935955540481.6826,126,S0_baseline,indonesia,USDC
320,1.0413590764103033,2935955540481.6826,126,S0_baseline,indonesia,USDC
321,1.019863138674539,2935955540481.6826,126,S0_baseline,indonesia,USDC
322,1.0580279796537273,2935955540481.6826,126,S0_baseline,indonesia,USDC
323,0.8986650828794254,2935955540481.6826,126,S0_baseline,indonesia,USDC
324,0.913704241449854,2935559407988.7305,126,S0_baseline,indonesia,USDC
325,0.9410209373992454,2935253718813.796,126,S0_baseline,indonesia,USDC
326,0.9466402860221974,2935106694710.3604,126,S0_baseline,indonesia,USDC
327,0.9755707535246896,2934996561560.914,126,S0_baseline,indonesia,USDC
328,0.9626533262080513,2934996561560.914,126,S0_baseline,indonesia,USDC
329,0.9808701810960516,2934962957452.706,126,S0_baseline,indonesia,USDC
330,0.9979150020200015,2934962957452.706,126,S0_baseline,indonesia,USDC
331,0.9927423143153196,2934962957452.706,126,S0_baseline,indonesia,USDC
332,1.0038853463787392,2934962957452.706,126,S0_baseline,indonesia,USDC
333,1.0113313498652983,2934962957452.706,126,S0_baseline,indonesia,USDC
334,1.0050727269088202,2934962957452.706,126,S0_baseline,indonesia,USDC
335,1.0130559043906633,2934962957452.706,126,S0_baseline,indonesia,USDC
336,0.9843646044697181,2934962957452.706,126,S0_baseline,indonesia,USDC
337,0.964825868199758,2934962957452.706,126,S0_baseline,indonesia,USDC
338,0.9997746966415013,2934937322541.0015,126,S0_baseline,indonesia,USDC
339,1.0007657065053643,2934937322541.0015,126,S0_baseline,indonesia,USDC
340,0.9976536093933258,2934937322541.0015,126,S0_baseline,indonesia,USDC
341,0.9821688760129679,2934937322541.0015,126,S0_baseline,indonesia,USDC
342,0.9632239743806147,2934937322541.0015,126,S0_baseline,indonesia,USDC
343,0.9780482118139824,2934910022285.6514,126,S0_baseline,indonesia,USDC
344,0.9953037459307309,2934910022285.6514,126,S0_baseline,indonesia,USDC
345,1.009540468194622,2934910022285.6514,126,S0_baseline,indonesia,USDC
346,1.011361239787904,2934910022285.6514,126,S0_baseline,indonesia,USDC
347,0.9912450119118735,2934910022285.6514,126,S0_baseline,indonesia,USDC
348,1.0129780060758213,2934910022285.6514,126,S0_baseline,indonesia,USDC
349,0.9868404717711587,2934910022285.6514,126,S0_baseline,indonesia,USDC
350,0.9795155398713279,2934910022285.6514,126,S0_baseline,indonesia,USDC
351,0.9806710973011854,2934910022285.6514,126,S0_baseline,indonesia,USDC
352,0.9631781508223245,2934910022285.6514,126,S0_baseline,indonesia,USDC
353,1.013894117229186,2934879606260.157,126,S0_baseline,indonesia,USDC
354,1.000536003681166,2934879606260.157,126,S0_baseline,indonesia,USDC
355,1.0276136438689192,2934879606260.157,126,S0_baseline,indonesia,USDC
356,1.0478832226250934,2934879606260.157,126,S0_baseline,indonesia,USDC
357,1.0677112122237857,2934879606260.157,126,S0_baseline,indonesia,USDC
358,1.0629840564748425,2934879606260.157,126,S0_baseline,indonesia,USDC
359,1.0866643305224475,2934879606260.157,126,S0_baseline,indonesia,USDC
360,1.0432367946612446,2934879606260.157,126,S0_baseline,indonesia,USDC
361,1.0597463749814984,2934879606260.157,126,S0_baseline,indonesia,USDC
362,1.0864694095546874,2934879606260.157,126,S0_baseline,indonesia,USDC
363,1.0736335069605103,2934879606260.157,126,S0_baseline,indonesia,USDC
364,1.0625893495858103,2934879606260.157,126,S0_baseline,indonesia,USDC
365,1.0185705722981473,2934879606260.157,126,S0_baseline,indonesia,USDC
366,1.0210707187021562,2934879606260.157,126,S0_baseline,indonesia,USDC
367,1.0057884313466274,2934879606260.157,126,S0_baseline,indonesia,USDC
368,1.040550078517252,2934879606260.157,126,S0_baseline,indonesia,USDC
369,1.072712979294253,2934879606260.157,126,S0_baseline,indonesia,USDC
370,1.060212256852431,2934879606260.157,126,S0_baseline,indonesia,USDC
371,1.074458703653414,2934879606260.157,126,S0_baseline,indonesia,USDC
372,1.062498564370252,2934879606260.157,126,S0_baseline,indonesia,USDC
373,1.0643391389839585,2934879606260.157,126,S0_baseline,indonesia,USDC
374,1.0765965612470132,2934879606260.157,126,S0_baseline,indonesia,USDC
375,1.0586168151144295,2934879606260.157,126,S0_baseline,indonesia,USDC
376,1.048742819391165,2934879606260.157,126,S0_baseline,indonesia,USDC
377,1.0811109003121466,2934879606260.157,126,S0_baseline,indonesia,USDC
378,1.0478884247642781,2934879606260.157,126,S0_baseline,indonesia,USDC
379,1.06995216844834,2934879606260.157,126,S0_baseline,indonesia,USDC
380,1.0658901054281977,2934879606260.157,126,S0_baseline,indonesia,USDC
381,1.0695569913342822,2934879606260.157,126,S0_baseline,indonesia,USDC
382,1.0411721130485243,2934879606260.157,126,S0_baseline,indonesia,USDC
383,0.9890529056888273,2934879606260.157,126,S0_baseline,indonesia,USDC
384,0.994325065606453,2934879606260.157,126,S0_baseline,indonesia,USDC
385,0.9564770742495668,2934879606260.157,126,S0_baseline,indonesia,USDC
386,0.9145034742940825,2934813769784.463,126,S0_baseline,indonesia,USDC
387,0.9526994576179557,2934547351187.311,126,S0_baseline,indonesia,USDC
388,0.9638365064544502,2934476177164.937,126,S0_baseline,indonesia,USDC
389,1.000457343786827,2934456784663.5435,126,S0_baseline,indonesia,USDC
390,0.9924378233547416,2934456784663.5435,126,S0_baseline,indonesia,USDC
391,1.0233773253502434,2934456784663.5435,126,S0_baseline,indonesia,USDC
392,1.0029773574944654,2934456784663.5435,126,S0_baseline,indonesia,USDC
393,1.0309038193225657,2934456784663.5435,126,S0_baseline,indonesia,USDC
394,0.9655850094027632,2934456784663.5435,126,S0_baseline,indonesia,USDC
395,0.9516485528154521,2934437214733.3735,126,S0_baseline,indonesia,USDC
396,0.9673069886414221,2934359798258.083,126,S0_baseline,indonesia,USDC
397,0.9668175081543344,2934350530050.9307,126,S0_baseline,indonesia,USDC
398,0.9949449954365082,2934341549376.99,126,S0_baseline,indonesia,USDC
399,0.9950399881922228,2934341549376.99,126,S0_baseline,indonesia,USDC
400,0.99210381124141,2934341549376.99,126,S0_baseline,indonesia,USDC
401,0.9974777949597781,2934341549376.99,126,S0_baseline,indonesia,USDC
402,1.0017077745887681,2934341549376.99,126,S0_baseline,indonesia,USDC
403,0.9976181642313057,2934341549376.99,126,S0_baseline,indonesia,USDC
404,1.0166322711664102,2934341549376.99,126,S0_baseline,indonesia,USDC
405,1.0401143028545217,2934341549376.99,126,S0_baseline,indonesia,USDC
406,1.039591312732212,2934341549376.99,126,S0_baseline,indonesia,USDC
407,1.0047061950455027,2934341549376.99,126,S0_baseline,indonesia,USDC
408,1.0209930079423761,2934341549376.99,126,S0_baseline,indonesia,USDC
409,0.9923697152983605,2934341549376.99,126,S0_baseline,indonesia,USDC
410,1.0046793301057637,2934341549376.99,126,S0_baseline,indonesia,USDC
411,1.0263033508356378,2934341549376.99,126,S0_baseline,indonesia,USDC
412,1.0623653586364636,2934341549376.99,126,S0_baseline,indonesia,USDC
413,1.0515182803554841,2934341549376.99,126,S0_baseline,indonesia,USDC
414,1.0218008117491806,2934341549376.99,126,S0_baseline,indonesia,USDC
415,0.8690780556462101,2934341549376.99,126,S0_baseline,indonesia,USDC
416,0.8636524908089744,2933934429862.26,126,S0_baseline,indonesia,USDC
417,0.9074988334391744,2933520302069.17,126,S0_baseline,indonesia,USDC
418,0.9372768894749809,2933314391241.8354,126,S0_baseline,indonesia,USDC
419,0.9458449267334228,2933207881295.673,126,S0_baseline,indonesia,USDC
420,0.9579200918152462,2933140427749.8687,126,S0_baseline,indonesia,USDC
421,0.9762763118769535,2933105475298.753,126,S0_baseline,indonesia,USDC
422,1.0186271311074429,2933105475298.753,126,S0_baseline,indonesia,USDC
423,1.0030220371038756,2933105475298.753,126,S0_baseline,indonesia,USDC
424,1.0176608461825187,2933105475298.753,126,S0_baseline,indonesia,USDC
425,1.0102016151700688,2933105475298.753,126,S0_baseline,indonesia,USDC
426,1.008486673110225,2933105475298.753,126,S0_baseline,indonesia,USDC
427,1.0285961747250043,2933105475298.753,126,S0_baseline,indonesia,USDC
428,1.030082110242963,2933105475298.753,126,S0_baseline,indonesia,USDC
429,1.0212027123155134,2933105475298.753,126,S0_baseline,indonesia,USDC
430,1.0339028118387203,2933105475298.753,126,S0_baseline,indonesia,USDC
431,1.0482912050335766,2933105475298.753,126,S0_baseline,indonesia,USDC
432,1.0579549670851398,2933105475298.753,126,S0_baseline,indonesia,USDC
433,1.070808521672328,2933105475298.753,126,S0_baseline,indonesia,USDC
434,1.0745300399983222,2933105475298.753,126,S0_baseline,indonesia,USDC
435,1.1134393139861398,2933105475298.753,126,S0_baseline,indonesia,USDC
436,1.0988214367620897,2933105475298.753,126,S0_baseline,indonesia,USDC
437,1.0940459769329058,2933105475298.753,126,S0_baseline,indonesia,USDC
438,1.0904859681065615,2933105475298.753,126,S0_baseline,indonesia,USDC
439,1.0598301821758713,2933105475298.753,126,S0_baseline,indonesia,USDC
440,1.0647882217749547,2933105475298.753,126,S0_baseline,indonesia,USDC
441,1.0643191619800638,2933105475298.753,126,S0_baseline,indonesia,USDC
442,1.076156665620369,2933105475298.753,126,S0_baseline,indonesia,USDC
443,1.0717737994228116,2933105475298.753,126,S0_baseline,indonesia,USDC
444,1.013664923329805,2933105475298.753,126,S0_baseline,indonesia,USDC
445,1.0041549736861815,2933105475298.753,126,S0_baseline,indonesia,USDC
446,0.9919702599746674,2933105475298.753,126,S0_baseline,indonesia,USDC
447,1.005451692103779,2933105475298.753,126,S0_baseline,indonesia,USDC
448,1.045304807920627,2933105475298.753,126,S0_baseline,indonesia,USDC
449,1.0226808587750154,2933105475298.753,126,S0_baseline,indonesia,USDC
450,1.0341175130888427,2933105475298.753,126,S0_baseline,indonesia,USDC
451,1.0042583927669249,2933105475298.753,126,S0_baseline,indonesia,USDC
452,1.0028367379332785,2933105475298.753,126,S0_baseline,indonesia,USDC
453,1.0499073719210428,2933105475298.753,126,S0_baseline,indonesia,USDC
454,1.0229504842455102,2933105475298.753,126,S0_baseline,indonesia,USDC
455,1.0382559838632586,2933105475298.753,126,S0_baseline,indonesia,USDC
456,1.0409207259436655,2933105475298.753,126,S0_baseline,indonesia,USDC
457,1.0462388871629549,2933105475298.753,126,S0_baseline,indonesia,USDC
458,1.0647615431598585,2933105475298.753,126,S0_baseline,indonesia,USDC
459,1.064657873652792,2933105475298.753,126,S0_baseline,indonesia,USDC
460,1.0874920337864302,2933105475298.753,126,S0_baseline,indonesia,USDC
461,1.085395002559982,2933105475298.753,126,S0_baseline,indonesia,USDC
462,1.081358682960822,2933105475298.753,126,S0_baseline,indonesia,USDC
463,1.0550178525220186,2933105475298.753,126,S0_baseline,indonesia,USDC
464,1.0313299855989209,2933105475298.753,126,S0_baseline,indonesia,USDC
465,1.025043861539262,2933105475298.753,126,S0_baseline,indonesia,USDC
466,1.022201955410536,2933105475298.753,126,S0_baseline,indonesia,USDC
467,1.0285965123187617,2933105475298.753,126,S0_baseline,indonesia,USDC
468,1.0091664001076124,2933105475298.753,126,S0_baseline,indonesia,USDC
469,1.0556329726261184,2933105475298.753,126,S0_baseline,indonesia,USDC
470,1.0449325920974029,2933105475298.753,126,S0_baseline,indonesia,USDC
471,1.0961221019981267,2933105475298.753,126,S0_baseline,indonesia,USDC
472,1.0682476591988281,2933105475298.753,126,S0_baseline,indonesia,USDC
473,1.0550567349345905,2933105475298.753,126,S0_baseline,indonesia,USDC
474,1.03863920643649,2933105475298.753,126,S0_baseline,indonesia,USDC
475,1.0602848052613674,2933105475298.753,126,S0_baseline,indonesia,USDC
476,1.0557290358292728,2933105475298.753,126,S0_baseline,indonesia,USDC
477,1.0058854199206848,2933105475298.753,126,S0_baseline,indonesia,USDC
478,0.9933799416235861,2933105475298.753,126,S0_baseline,indonesia,USDC
479,1.0107691381162611,2933105475298.753,126,S0_baseline,indonesia,USDC
480,1.0217313188294659,2933105475298.753,126,S0_baseline,indonesia,USDC
481,1.0178679936152843,2933105475298.753,126,S0_baseline,indonesia,USDC
482,1.0467150304524997,2933105475298.753,126,S0_baseline,indonesia,USDC
483,1.0664886825472997,2933105475298.753,126,S0_baseline,indonesia,USDC
484,1.0585516849554324,2933105475298.753,126,S0_baseline,indonesia,USDC
485,1.0523398025288706,2933105475298.753,126,S0_baseline,indonesia,USDC
486,1.038616862133383,2933105475298.753,126,S0_baseline,indonesia,USDC
487,1.0071604875081257,2933105475298.753,126,S0_baseline,indonesia,USDC
488,0.9876607599167706,2933105475298.753,126,S0_baseline,indonesia,USDC
489,1.033476676943533,2933105475298.753,126,S0_baseline,indonesia,USDC
490,1.0602072551929356,2933105475298.753,126,S0_baseline,indonesia,USDC
491,1.0995378720359406,2933105475298.753,126,S0_baseline,indonesia,USDC
492,1.1075745476276617,2933105475298.753,126,S0_baseline,indonesia,USDC
493,1.0848946853035781,2933105475298.753,126,S0_baseline,indonesia,USDC
494,1.0924245461199302,2933105475298.753,126,S0_baseline,indonesia,USDC
495,1.0507699976895286,2933105475298.753,126,S0_baseline,indonesia,USDC
496,1.0366524041063288,2933105475298.753,126,S0_baseline,indonesia,USDC
497,1.0393391234690523,2933105475298.753,126,S0_baseline,indonesia,USDC
498,1.038470991375106,2933105475298.753,126,S0_baseline,indonesia,USDC
499,1.0507650598692178,2933105475298.753,126,S0_baseline,indonesia,USDC
500,1.0261966606435013,2933105475298.753,126,S0_baseline,indonesia,USDC
501,1.0302305676895622,2933105475298.753,126,S0_baseline,indonesia,USDC
502,1.0274761133521653,2933105475298.753,126,S0_baseline,indonesia,USDC
503,0.987769241875513,2933105475298.753,126,S0_baseline,indonesia,USDC
504,0.9482808715172936,2933105475298.753,126,S0_baseline,indonesia,USDC
505,0.9476197514064804,2933039459849.89,126,S0_baseline,indonesia,USDC
506,0.915632425243048,2932975492832.0366,126,S0_baseline,indonesia,USDC
507,0.8964883634726413,2932829784106.083,126,S0_baseline,indonesia,USDC
508,0.9073696950883129,2932627238262.677,126,S0_baseline,indonesia,USDC
509,0.8792763528937048,2932467751481.712,126,S0_baseline,indonesia,USDC
510,0.8909191861101403,2932266020856.6113,126,S0_baseline,indonesia,USDC
511,0.9374997896338829,2932102080260.2246,126,S0_baseline,indonesia,USDC
512,0.9813800253462065,2932041045146.6255,126,S0_baseline,indonesia,USDC
513,0.9592560792045672,2932041045146.6255,126,S0_baseline,indonesia,USDC
514,0.9914423648074686,2932024135323.72,126,S0_baseline,indonesia,USDC
515,0.9878921729824387,2932024135323.72,126,S0_baseline,indonesia,USDC
516,0.9901551748480552,2932024135323.72,126,S0_baseline,indonesia,USDC
517,0.974725387431039,2932024135323.72,126,S0_baseline,indonesia,USDC
518,0.9910398163034461,2932024135323.72,126,S0_baseline,indonesia,USDC
519,1.0092977979322388,2932024135323.72,126,S0_baseline,indonesia,USDC
520,1.046221736226284,2932024135323.72,126,S0_baseline,indonesia,USDC
521,1.0497099210326182,2932024135323.72,126,S0_baseline,indonesia,USDC
522,1.0266384554826469,2932024135323.72,126,S0_baseline,indonesia,USDC
523,1.0291543231741367,2932024135323.72,126,S0_baseline,indonesia,USDC
524,1.0163647320552172,2932024135323.72,126,S0_baseline,indonesia,USDC
525,1.0341680795104915,2932024135323.72,126,S0_baseline,indonesia,USDC
526,1.0085522988479183,2932024135323.72,126,S0_baseline,indonesia,USDC
527,1.0293985645211488,2932024135323.72,126,S0_baseline,indonesia,USDC
528,0.986055494591921,2932024135323.72,126,S0_baseline,indonesia,USDC
529,0.9761061663435993,2932024135323.72,126,S0_baseline,indonesia,USDC
530,0.973787523796164,2932024135323.72,126,S0_baseline,indonesia,USDC
531,0.9724610546830864,2932024135323.72,126,S0_baseline,indonesia,USDC
532,0.9992751460571707,2932024135323.72,126,S0_baseline,indonesia,USDC
533,1.0171588542838335,2932024135323.72,126,S0_baseline,indonesia,USDC
534,1.0048775508435637,2932024135323.72,126,S0_baseline,indonesia,USDC
535,1.0272778126180404,2932024135323.72,126,S0_baseline,indonesia,USDC
536,1.017648800136407,2932024135323.72,126,S0_baseline,indonesia,USDC
537,1.0383539616393191,2932024135323.72,126,S0_baseline,indonesia,USDC
538,1.0411119733784426,2932024135323.72,126,S0_baseline,indonesia,USDC
539,1.0341115054137047,2932024135323.72,126,S0_baseline,indonesia,USDC
540,1.0145088570792469,2932024135323.72,126,S0_baseline,indonesia,USDC
541,1.0161189964807873,2932024135323.72,126,S0_baseline,indonesia,USDC
542,1.00080431299681,2932024135323.72,126,S0_baseline,indonesia,USDC
543,0.9999183222729225,2932024135323.72,126,S0_baseline,indonesia,USDC
544,0.9949000375805188,2932024135323.72,126,S0_baseline,indonesia,USDC
545,0.9886450121021901,2932024135323.72,126,S0_baseline,indonesia,USDC
546,0.9943343254738441,2932024135323.72,126,S0_baseline,indonesia,USDC
547,1.021037969157563,2932024135323.72,126,S0_baseline,indonesia,USDC
548,1.0106893500974374,2932024135323.72,126,S0_baseline,indonesia,USDC
549,1.0346948963094154,2932024135323.72,126,S0_baseline,indonesia,USDC
550,0.9943937226549882,2932024135323.72,126,S0_baseline,indonesia,USDC
551,1.0010312081529142,2932024135323.72,126,S0_baseline,indonesia,USDC
552,1.0179629066669873,2932024135323.72,126,S0_baseline,indonesia,USDC
553,1.017396468665713,2932024135323.72,126,S0_baseline,indonesia,USDC
554,0.9753427201929316,2932024135323.72,126,S0_baseline,indonesia,USDC
555,0.9974330720287656,2932024135323.72,126,S0_baseline,indonesia,USDC
556,1.0071783976023185,2932024135323.72,126,S0_baseline,indonesia,USDC
557,1.0109801942888792,2932024135323.72,126,S0_baseline,indonesia,USDC
558,1.0034633097055021,2932024135323.72,126,S0_baseline,indonesia,USDC
559,1.0229386454856224,2932024135323.72,126,S0_baseline,indonesia,USDC
560,0.9798876515197044,2932024135323.72,126,S0_baseline,indonesia,USDC
561,1.0196780344112322,2932024135323.72,126,S0_baseline,indonesia,USDC
562,0.9789764439460451,2932024135323.72,126,S0_baseline,indonesia,USDC
563,0.9524188422773885,2932024135323.72,126,S0_baseline,indonesia,USDC
564,0.9605345071011627,2931991853627.88,126,S0_baseline,indonesia,USDC
565,0.9852156578201204,2931976411183.5776,126,S0_baseline,indonesia,USDC
566,0.9819181822288534,2931976411183.5776,126,S0_baseline,indonesia,USDC
567,0.9542208747712011,2931976411183.5776,126,S0_baseline,indonesia,USDC
568,0.9673414484313563,2931946817061.1387,126,S0_baseline,indonesia,USDC
569,0.9614011666653666,2931942919878.6206,126,S0_baseline,indonesia,USDC
570,0.9557557825437158,2931929434538.0986,126,S0_baseline,indonesia,USDC
571,0.9880261935624001,2931906078599.879,126,S0_baseline,indonesia,USDC
572,0.9688990040697859,2931906078599.879,126,S0_baseline,indonesia,USDC
573,0.9638874186941696,2931904093486.7935,126,S0_baseline,indonesia,USDC
574,0.9466107036581577,2931895246105.8433,126,S0_baseline,indonesia,USDC
575,0.9729119463414163,2931856516979.168,126,S0_baseline,indonesia,USDC
576,0.9765299229572956,2931856516979.168,126,S0_baseline,indonesia,USDC
577,0.9754186805846288,2931856516979.168,126,S0_baseline,indonesia,USDC
578,0.9513363197244135,2931856516979.168,126,S0_baseline,indonesia,USDC
579,0.9498254214834984,2931823819678.835,126,S0_baseline,indonesia,USDC
580,0.9664513172566248,2931793465989.7017,126,S0_baseline,indonesia,USDC
581,0.9533798580032519,2931790309342.3467,126,S0_baseline,indonesia,USDC
582,0.972395526242254,2931764938971.9883,126,S0_baseline,indonesia,USDC
583,0.944680419516062,2931764938971.9883,126,S0_baseline,indonesia,USDC
584,0.9632516323528585,2931724501913.5444,126,S0_baseline,indonesia,USDC
585,0.9463045438457213,2931715598664.45,126,S0_baseline,indonesia,USDC
586,0.9613855328983103,2931680437359.215,126,S0_baseline,indonesia,USDC
587,0.9956891767128808,2931667940139.5537,126,S0_baseline,indonesia,USDC
588,0.9845961440429974,2931667940139.5537,126,S0_baseline,indonesia,USDC
589,0.9917360879927994,2931667940139.5537,126,S0_baseline,indonesia,USDC
590,1.0178709824772185,2931667940139.5537,126,S0_baseline,indonesia,USDC
591,1.0187905443138912,2931667940139.5537,126,S0_baseline,indonesia,USDC
592,1.0055341227739156,2931667940139.5537,126,S0_baseline,indonesia,USDC
593,1.0313040336718222,2931667940139.5537,126,S0_baseline,indonesia,USDC
594,1.0369999313717146,2931667940139.5537,126,S0_baseline,indonesia,USDC
595,1.0437983319437483,2931667940139.5537,126,S0_baseline,indonesia,USDC
596,1.044183629226747,2931667940139.5537,126,S0_baseline,indonesia,USDC
597,1.055639560362047,2931667940139.5537,126,S0_baseline,indonesia,USDC
598,1.0594193824713891,2931667940139.5537,126,S0_baseline,indonesia,USDC
599,1.0533377841235207,2931667940139.5537,126,S0_baseline,indonesia,USDC
600,1.1211203634906368,2931667940139.5537,126,S0_baseline,indonesia,USDC
601,1.0999963152233814,2931667940139.5537,126,S0_baseline,indonesia,USDC
602,1.0928902476005817,2931667940139.5537,126,S0_baseline,indonesia,USDC
603,1.0888411722260263,2931667940139.5537,126,S0_baseline,indonesia,USDC
604,1.0647959538323157,2931667940139.5537,126,S0_baseline,indonesia,USDC
605,1.0822215622357547,2931667940139.5537,126,S0_baseline,indonesia,USDC
606,1.070379679439903,2931667940139.5537,126,S0_baseline,indonesia,USDC
607,1.0673016078800408,2931667940139.5537,126,S0_baseline,indonesia,USDC
608,1.0703942679208407,2931667940139.5537,126,S0_baseline,indonesia,USDC
609,1.0513232301083033,2931667940139.5537,126,S0_baseline,indonesia,USDC
610,1.0455217297162427,2931667940139.5537,126,S0_baseline,indonesia,USDC
611,1.0093000259710894,2931667940139.5537,126,S0_baseline,indonesia,USDC
612,1.0089430915932658,2931667940139.5537,126,S0_baseline,indonesia,USDC
613,1.0162241204830686,2931667940139.5537,126,S0_baseline,indonesia,USDC
614,1.0289346440217964,2931667940139.5537,126,S0_baseline,indonesia,USDC
615,1.0205193025612238,2931667940139.5537,126,S0_baseline,indonesia,USDC
616,1.0287462565589052,2931667940139.5537,126,S0_baseline,indonesia,USDC
617,1.0107766670318474,2931667940139.5537,126,S0_baseline,indonesia,USDC
618,0.9988582965936824,2931667940139.5537,126,S0_baseline,indonesia,USDC
619,0.9923756255469742,2931667940139.5537,126,S0_baseline,indonesia,USDC
620,0.9938389428976786,2931667940139.5537,126,S0_baseline,indonesia,USDC
621,0.9836808323986864,2931667940139.5537,126,S0_baseline,indonesia,USDC
622,0.9643067687850883,2931667940139.5537,126,S0_baseline,indonesia,USDC
623,0.9804411104225637,2931660003355.676,126,S0_baseline,indonesia,USDC
624,0.9795710824515047,2931660003355.676,126,S0_baseline,indonesia,USDC
625,0.9702087616140533,2931660003355.676,126,S0_baseline,indonesia,USDC
626,1.004056869495326,2931660003355.676,126,S0_baseline,indonesia,USDC
627,1.0068745765516045,2931660003355.676,126,S0_baseline,indonesia,USDC
628,1.0016475776888876,2931660003355.676,126,S0_baseline,indonesia,USDC
629,1.010083340267509,2931660003355.676,126,S0_baseline,indonesia,USDC
630,0.9921207903096813,2931660003355.676,126,S0_baseline,indonesia,USDC
631,0.9840109623944265,2931660003355.676,126,S0_baseline,indonesia,USDC
632,0.9715562581862303,2931660003355.676,126,S0_baseline,indonesia,USDC
633,0.9422442254541165,2931660003355.676,126,S0_baseline,indonesia,USDC
634,0.9616109377711959,2931617000501.3213,126,S0_baseline,indonesia,USDC
635,0.8421529869613069,2931606280859.912,126,S0_baseline,indonesia,USDC
636,0.8781499392053179,2931427075073.0386,126,S0_baseline,indonesia,USDC
637,0.8757999922878177,2931309535525.442,126,S0_baseline,indonesia,USDC
638,0.8826432780768753,2931197623752.9834,126,S0_baseline,indonesia,USDC
639,0.8969038549194259,2931110214699.305,126,S0_baseline,indonesia,USDC
640,0.9204452510867063,2931040123872.02,126,S0_baseline,indonesia,USDC
641,0.9205680056324679,2930997426894.946,126,S0_baseline,indonesia,USDC
642,0.9233149263405412,2930956865766.449,126,S0_baseline,indonesia,USDC
643,0.9124168810944784,2930921537583.873,126,S0_baseline,indonesia,USDC
644,0.9365936936060434,2930878492226.984,126,S0_baseline,indonesia,USDC
645,0.9682510235459362,2930856007279.6787,126,S0_baseline,indonesia,USDC
646,0.9671529320897999,2930855116961.642,126,S0_baseline,indonesia,USDC
647,0.955941385988526,2930853855611.7734,126,S0_baseline,indonesia,USDC
648,0.9928593210310414,2930845340268.918,126,S0_baseline,indonesia,USDC
649,0.9454825339582779,2930845340268.918,126,S0_baseline,indonesia,USDC
650,0.9553151628147849,2930829216986.9795,126,S0_baseline,indonesia,USDC
651,0.9490601050989966,2930819042609.0786,126,S0_baseline,indonesia,USDC
652,0.9722839444073751,2930805334148.5244,126,S0_baseline,indonesia,USDC
653,0.9695616929778292,2930805334148.5244,126,S0_baseline,indonesia,USDC
654,0.9515812508508704,2930805239289.412,126,S0_baseline,indonesia,USDC
655,0.9570380778123487,2930793486041.701,126,S0_baseline,indonesia,USDC
656,0.9598627613012498,2930786392029.182,126,S0_baseline,indonesia,USDC
657,0.9847532854358398,2930780250991.2275,126,S0_baseline,indonesia,USDC
658,0.9687839454157801,2930780250991.2275,126,S0_baseline,indonesia,USDC
659,0.9763221040012872,2930779998468.6934,126,S0_baseline,indonesia,USDC
660,0.998879309799301,2930779998468.6934,126,S0_baseline,indonesia,USDC
661,1.0065372731086528,2930779998468.6934,126,S0_baseline,indonesia,USDC
662,0.9910389354212239,2930779998468.6934,126,S0_baseline,indonesia,USDC
663,0.9731244609797498,2930779998468.6934,126,S0_baseline,indonesia,USDC
664,0.9728952425934831,2930779998468.6934,126,S0_baseline,indonesia,USDC
665,0.9594132314134278,2930779998468.6934,126,S0_baseline,indonesia,USDC
666,0.9349074693788612,2930773621493.3843,126,S0_baseline,indonesia,USDC
667,0.9331414260961225,2930751318987.4805,126,S0_baseline,indonesia,USDC
668,0.9482710354007118,2930730104294.279,126,S0_baseline,indonesia,USDC
669,0.9728871783531162,2930717779436.7314,126,S0_baseline,indonesia,USDC
670,0.9620611907909687,2930717779436.7314,126,S0_baseline,indonesia,USDC
671,0.984229127886201,2930714287447.205,126,S0_baseline,indonesia,USDC
672,0.9975848951963169,2930714287447.205,126,S0_baseline,indonesia,USDC
673,1.0247979839777117,2930714287447.205,126,S0_baseline,indonesia,USDC
674,1.0014400703310018,2930714287447.205,126,S0_baseline,indonesia,USDC
675,0.9792689809630172,2930714287447.205,126,S0_baseline,indonesia,USDC
676,0.9847387568208024,2930714287447.205,126,S0_baseline,indonesia,USDC
677,1.0029954441637832,2930714287447.205,126,S0_baseline,indonesia,USDC
678,1.0187665543918534,2930714287447.205,126,S0_baseline,indonesia,USDC
679,1.0098615041463108,2930714287447.205,126,S0_baseline,indonesia,USDC
680,0.9941394035632658,2930714287447.205,126,S0_baseline,indonesia,USDC
681,1.001377278926251,2930714287447.205,126,S0_baseline,indonesia,USDC
682,0.9691596593482491,2930714287447.205,126,S0_baseline,indonesia,USDC
683,0.9670081236643632,2930714126087.59,126,S0_baseline,indonesia,USDC
684,0.9804906659805023,2930712732323.3438,126,S0_baseline,indonesia,USDC
685,0.9786348319522941,2930712732323.3438,126,S0_baseline,indonesia,USDC
686,0.9368040503651354,2930712732323.3438,126,S0_baseline,indonesia,USDC
687,0.912227762142765,2930695528758.8115,126,S0_baseline,indonesia,USDC
688,0.9369882488100606,2930665899442.5024,126,S0_baseline,indonesia,USDC
689,0.9460222160173202,2930650237841.145,126,S0_baseline,indonesia,USDC
690,0.9398417545170713,2930638049103.1816,126,S0_baseline,indonesia,USDC
691,0.9431224234793338,2930624106469.345,126,S0_baseline,indonesia,USDC
692,0.9558216293620952,2930611167736.4595,126,S0_baseline,indonesia,USDC
693,0.9669924870917105,2930604865157.291,126,S0_baseline,indonesia,USDC
694,0.9370876754625587,2930603477013.6396,126,S0_baseline,indonesia,USDC
695,0.9582247238600812,2930589284479.6895,126,S0_baseline,indonesia,USDC
696,0.962851942867078,2930584969176.0903,126,S0_baseline,indonesia,USDC
697,0.9861713181775912,2930581816544.455,126,S0_baseline,indonesia,USDC
698,0.9989526648787739,2930581816544.455,126,S0_baseline,indonesia,USDC
699,0.9815076597818163,2930581816544.455,126,S0_baseline,indonesia,USDC
700,0.979391621945803,2930581816544.455,126,S0_baseline,indonesia,USDC
701,0.9502384646524563,2930581816544.455,126,S0_baseline,indonesia,USDC
702,0.9333816192320762,2930573881776.8345,126,S0_baseline,indonesia,USDC
703,0.9309643160775837,2930558638416.5327,126,S0_baseline,indonesia,USDC
704,0.9425517090143807,2930542481459.7476,126,S0_baseline,indonesia,USDC
705,0.954410167723169,2930532337353.3154,126,S0_baseline,indonesia,USDC
706,0.9409148252411804,2930526307397.3857,126,S0_baseline,indonesia,USDC
707,0.9409548521115323,2930515613503.5156,126,S0_baseline,indonesia,USDC
708,0.9373363486620119,2930505253272.536,126,S0_baseline,indonesia,USDC
709,0.9301542197153739,2930494655791.2363,126,S0_baseline,indonesia,USDC
710,0.9293108824155494,2930481614244.968,126,S0_baseline,indonesia,USDC
711,0.9584058205443619,2930468780305.3306,126,S0_baseline,indonesia,USDC
712,0.9597427547257572,2930465723638.913,126,S0_baseline,indonesia,USDC
713,0.9528832727917266,2930462675044.0713,126,S0_baseline,indonesia,USDC
714,0.9423708372016188,2930457537688.0254,126,S0_baseline,indonesia,USDC
715,0.9444083676613632,2930449873950.5312,126,S0_baseline,indonesia,USDC
716,0.968106510079757,2930442989868.593,126,S0_baseline,indonesia,USDC
717,0.9901109023203546,2930442589312.3174,126,S0_baseline,indonesia,USDC
718,0.9820185991310996,2930442589312.3174,126,S0_baseline,indonesia,USDC
719,0.9804674998452996,2930442589312.3174,126,S0_baseline,indonesia,USDC
720,1.0055665606647188,2930442589312.3174,126,S0_baseline,indonesia,USDC
721,0.9965789838596912,2930442589312.3174,126,S0_baseline,indonesia,USDC
722,0.9972843686943308,2930442589312.3174,126,S0_baseline,indonesia,USDC
723,0.9972091003715896,2930442589312.3174,126,S0_baseline,indonesia,USDC
724,0.9552985094514321,2930442589312.3174,126,S0_baseline,indonesia,USDC
725,0.9453228645740593,2930438263193.162,126,S0_baseline,indonesia,USDC
726,0.9426547535163988,2930431648753.8853,126,S0_baseline,indonesia,USDC
727,0.9424468660184591,2930424721850.1646,126,S0_baseline,indonesia,USDC
728,0.9013873219160683,2930417660098.626,126,S0_baseline,indonesia,USDC
729,0.8983593748992558,2930399233219.6772,126,S0_baseline,indonesia,USDC
730,0.898219733786914,2930381789388.6616,126,S0_baseline,indonesia,USDC
731,0.8977528151689318,2930365166252.71,126,S0_baseline,indonesia,USDC
732,0.9097763597058777,2930349673104.3667,126,S0_baseline,indonesia,USDC
733,0.9087654009075637,2930337720272.932,126,S0_baseline,indonesia,USDC
734,0.890949490912133,2930326606114.287,126,S0_baseline,indonesia,USDC
735,0.9040916300267895,2930313428533.534,126,S0_baseline,indonesia,USDC
736,0.9040096362704183,2930303323828.823,126,S0_baseline,indonesia,USDC
737,0.9185571529239606,2930293621155.9814,126,S0_baseline,indonesia,USDC
738,0.912968106236474,2930286567232.448,126,S0_baseline,indonesia,USDC
739,0.9410959945813502,2930279339021.7896,126,S0_baseline,indonesia,USDC
740,0.9528181893942972,2930276069128.33,126,S0_baseline,indonesia,USDC
741,0.9370244970860621,2930274055809.05,126,S0_baseline,indonesia,USDC
742,0.934635295456185,2930270211743.827,126,S0_baseline,indonesia,USDC
743,0.9465618906026507,2930266470735.069,126,S0_baseline,indonesia,USDC
744,0.9563865680907053,2930263829296.732,126,S0_baseline,indonesia,USDC
745,0.9462212783054157,2930262412378.291,126,S0_baseline,indonesia,USDC
746,0.9586123289103904,2930260123829.363,126,S0_baseline,indonesia,USDC
747,0.9447458486109849,2930259061048.4873,126,S0_baseline,indonesia,USDC
748,0.9473717852706836,2930256598399.6157,126,S0_baseline,indonesia,USDC
749,0.9728514843342337,2930254548311.8057,126,S0_baseline,indonesia,USDC
750,0.9634202842514799,2930254548311.8057,126,S0_baseline,indonesia,USDC
751,0.9511866297924313,2930254009806.2534,126,S0_baseline,indonesia,USDC
752,0.9318154443137667,2930252209837.9336,126,S0_baseline,indonesia,USDC
753,0.9679998245293484,2930248579531.586,126,S0_baseline,indonesia,USDC
754,0.965697581458188,2930248391007.249,126,S0_baseline,indonesia,USDC
755,0.9580174803475249,2930248147647.215,126,S0_baseline,indonesia,USDC
756,0.985822518568368,2930247156968.1553,126,S0_baseline,indonesia,USDC
757,0.9898481051261059,2930247156968.1553,126,S0_baseline,indonesia,USDC
758,0.9988753165685704,2930247156968.1553,126,S0_baseline,indonesia,USDC
759,1.0128548039095082,2930247156968.1553,126,S0_baseline,indonesia,USDC
760,0.99665926495981,2930247156968.1553,126,S0_baseline,indonesia,USDC
761,1.0319499902822256,2930247156968.1553,126,S0_baseline,indonesia,USDC
762,1.0300755913921795,2930247156968.1553,126,S0_baseline,indonesia,USDC
763,1.0168550235824858,2930247156968.1553,126,S0_baseline,indonesia,USDC
764,0.9976037825261864,2930247156968.1553,126,S0_baseline,indonesia,USDC
765,1.0242541812610233,2930247156968.1553,126,S0_baseline,indonesia,USDC
766,1.0149928349059791,2930247156968.1553,126,S0_baseline,indonesia,USDC
767,1.0348363198660093,2930247156968.1553,126,S0_baseline,indonesia,USDC
768,1.0451965141636417,2930247156968.1553,126,S0_baseline,indonesia,USDC
769,1.0305420873686197,2930247156968.1553,126,S0_baseline,indonesia,USDC
770,1.019106307107194,2930247156968.1553,126,S0_baseline,indonesia,USDC
771,1.008255907152617,2930247156968.1553,126,S0_baseline,indonesia,USDC
772,1.0111166573421864,2930247156968.1553,126,S0_baseline,indonesia,USDC
773,1.0058474518015799,2930247156968.1553,126,S0_baseline,indonesia,USDC
774,1.0206046236791018,2930247156968.1553,126,S0_baseline,indonesia,USDC
775,1.039688741600661,2930247156968.1553,126,S0_baseline,indonesia,USDC
776,1.0725708854758509,2930247156968.1553,126,S0_baseline,indonesia,USDC
777,1.0365789596950483,2930247156968.1553,126,S0_baseline,indonesia,USDC
778,1.0449890395429213,2930247156968.1553,126,S0_baseline,indonesia,USDC
779,1.0472772754278146,2930247156968.1553,126,S0_baseline,indonesia,USDC
780,1.0347767071970049,2930247156968.1553,126,S0_baseline,indonesia,USDC
781,1.064487197081638,2930247156968.1553,126,S0_baseline,indonesia,USDC
782,1.0384045530838506,2930247156968.1553,126,S0_baseline,indonesia,USDC
783,1.0404186745862678,2930247156968.1553,126,S0_baseline,indonesia,USDC
784,1.0166881662728005,2930247156968.1553,126,S0_baseline,indonesia,USDC
785,1.0106797852667433,2930247156968.1553,126,S0_baseline,indonesia,USDC
786,1.0336302954291379,2930247156968.1553,126,S0_baseline,indonesia,USDC
787,1.0133667600673535,2930247156968.1553,126,S0_baseline,indonesia,USDC
788,1.0330257340833466,2930247156968.1553,126,S0_baseline,indonesia,USDC
789,1.0645068647646079,2930247156968.1553,126,S0_baseline,indonesia,USDC
790,1.0372341668331782,2930247156968.1553,126,S0_baseline,indonesia,USDC
791,1.0207356333479196,2930247156968.1553,126,S0_baseline,indonesia,USDC
792,1.018620545859782,2930247156968.1553,126,S0_baseline,indonesia,USDC
793,0.9973292651162714,2930247156968.1553,126,S0_baseline,indonesia,USDC
794,0.979713557365762,2930247156968.1553,126,S0_baseline,indonesia,USDC
795,0.9535748149490274,2930247156968.1553,126,S0_baseline,indonesia,USDC
796,0.989370961001852,2930245778916.12,126,S0_baseline,indonesia,USDC
797,1.0230577136770245,2930245778916.12,126,S0_baseline,indonesia,USDC
798,1.0686833104674653,2930245778916.12,126,S0_baseline,indonesia,USDC
799,1.057202982455691,2930245778916.12,126,S0_baseline,indonesia,USDC
800,1.0239835250507112,2930245778916.12,126,S0_baseline,indonesia,USDC
801,1.0016707272044443,2930245778916.12,126,S0_baseline,indonesia,USDC
802,1.0186522206110575,2930245778916.12,126,S0_baseline,indonesia,USDC
803,1.0174209572314343,2930245778916.12,126,S0_baseline,indonesia,USDC
804,1.0113179043741987,2930245778916.12,126,S0_baseline,indonesia,USDC
805,1.0138069877253224,2930245778916.12,126,S0_baseline,indonesia,USDC
806,1.0229569708193484,2930245778916.12,126,S0_baseline,indonesia,USDC
807,1.0176281324312364,2930245778916.12,126,S0_baseline,indonesia,USDC
808,1.0042510883408933,2930245778916.12,126,S0_baseline,indonesia,USDC
809,1.0157694226791236,2930245778916.12,126,S0_baseline,indonesia,USDC
810,1.0201178160703013,2930245778916.12,126,S0_baseline,indonesia,USDC
811,1.0034514237276653,2930245778916.12,126,S0_baseline,indonesia,USDC
812,0.9703873038093489,2930245778916.12,126,S0_baseline,indonesia,USDC
813,0.9759393735537285,2930245778916.12,126,S0_baseline,indonesia,USDC
814,0.9431363765664875,2930245778916.12,126,S0_baseline,indonesia,USDC
815,0.9724193883560813,2930243324476.3926,126,S0_baseline,indonesia,USDC
816,0.9767325841893623,2930243324476.3926,126,S0_baseline,indonesia,USDC
817,0.9807238375892176,2930243324476.3926,126,S0_baseline,indonesia,USDC
818,1.0086397101197806,2930243324476.3926,126,S0_baseline,indonesia,USDC
819,1.005631822639866,2930243324476.3926,126,S0_baseline,indonesia,USDC
820,1.0112155427483138,2930243324476.3926,126,S0_baseline,indonesia,USDC
821,0.9997499686434748,2930243324476.3926,126,S0_baseline,indonesia,USDC
822,0.9797825725507744,2930243324476.3926,126,S0_baseline,indonesia,USDC
823,0.9933627662206808,2930243324476.3926,126,S0_baseline,indonesia,USDC
824,1.0101239818977774,2930243324476.3926,126,S0_baseline,indonesia,USDC
825,1.0340888048245207,2930243324476.3926,126,S0_baseline,indonesia,USDC
826,1.042128024592451,2930243324476.3926,126,S0_baseline,indonesia,USDC
827,1.0364382533049032,2930243324476.3926,126,S0_baseline,indonesia,USDC
828,1.0524495047485933,2930243324476.3926,126,S0_baseline,indonesia,USDC
829,1.0240294440487085,2930243324476.3926,126,S0_baseline,indonesia,USDC
830,0.9975878665270959,2930243324476.3926,126,S0_baseline,indonesia,USDC
831,0.9703551355264467,2930243324476.3926,126,S0_baseline,indonesia,USDC
832,0.9430267464464522,2930243324476.3926,126,S0_baseline,indonesia,USDC
833,0.9706762046289856,2930241181336.6035,126,S0_baseline,indonesia,USDC
834,0.9854839707092562,2930241181336.6035,126,S0_baseline,indonesia,USDC
835,0.9698577023605371,2930241181336.6035,126,S0_baseline,indonesia,USDC
836,0.971812086956825,2930241177109.868,126,S0_baseline,indonesia,USDC
837,0.9733286908755314,2930241177109.868,126,S0_baseline,indonesia,USDC
838,0.987482911691634,2930241177109.868,126,S0_baseline,indonesia,USDC
839,1.005475285366056,2930241177109.868,126,S0_baseline,indonesia,USDC
840,0.9963862041942393,2930241177109.868,126,S0_baseline,indonesia,USDC
841,0.9918652138467248,2930241177109.868,126,S0_baseline,indonesia,USDC
842,0.9662712373977482,2930241177109.868,126,S0_baseline,indonesia,USDC
843,0.9872741811384386,2930240953212.545,126,S0_baseline,indonesia,USDC
844,0.9844826967252085,2930240953212.545,126,S0_baseline,indonesia,USDC
845,0.9593162486328607,2930240953212.545,126,S0_baseline,indonesia,USDC
846,0.9458237098668362,2930240205961.8984,126,S0_baseline,indonesia,USDC
847,0.9491992954429928,2930238288323.422,126,S0_baseline,indonesia,USDC
848,0.9293933286534859,2930236548460.842,126,S0_baseline,indonesia,USDC
849,0.9603034764343139,2930233414793.9854,126,S0_baseline,indonesia,USDC
850,0.9769265444668597,2930232652451.8574,126,S0_baseline,indonesia,USDC
851,0.9561456188683611,2930232652451.8574,126,S0_baseline,indonesia,USDC
852,0.9489569027075729,2930231574106.7803,126,S0_baseline,indonesia,USDC
853,0.9465812094752754,2930230025508.2705,126,S0_baseline,indonesia,USDC
854,0.9408264616134578,2930228266147.2764,126,S0_baseline,indonesia,USDC
855,0.9546991536483173,2930226201387.14,126,S0_baseline,indonesia,USDC
856,0.9541972414672466,2930225221637.9194,126,S0_baseline,indonesia,USDC
857,0.9630731781524935,2930224218413.233,126,S0_baseline,indonesia,USDC
858,0.9520609574475557,2930223783113.1187,126,S0_baseline,indonesia,USDC
859,0.9568819894171804,2930222607196.09,126,S0_baseline,indonesia,USDC
860,0.9294228135516104,2930221722015.0957,126,S0_baseline,indonesia,USDC
861,0.9609175158519832,2930219255865.867,126,S0_baseline,indonesia,USDC
862,0.9415392206950045,2930218799484.627,126,S0_baseline,indonesia,USDC
863,0.9458342170750922,2930217176489.2183,126,S0_baseline,indonesia,USDC
864,0.9445374054290347,2930215792277.424,126,S0_baseline,indonesia,USDC
865,0.9382791992001819,2930214310498.1973,126,S0_baseline,indonesia,USDC
866,0.9453833214987228,2930212623194.9565,126,S0_baseline,indonesia,USDC
867,0.940466207493797,2930211371641.755,126,S0_baseline,indonesia,USDC
868,0.9074719168697529,2930209720843.0454,126,S0_baseline,indonesia,USDC
869,0.7792569972397277,2930206582954.4595,126,S0_baseline,indonesia,USDC
870,0.8086413876682554,2930197236587.367,126,S0_baseline,indonesia,USDC
871,0.7279143403505892,2930190827622.5933,126,S0_baseline,indonesia,USDC
872,0.7713191612462951,2930182576157.6772,126,S0_baseline,indonesia,USDC
873,0.7901736908110926,2930177668571.9766,126,S0_baseline,indonesia,USDC
874,0.800933008886738,2930173865278.4404,126,S0_baseline,indonesia,USDC
875,0.8267824591549615,2930171065524.3975,126,S0_baseline,indonesia,USDC
876,0.8675982664733417,2930169135638.5195,126,S0_baseline,indonesia,USDC
877,0.8779188203859112,2930167870672.116,126,S0_baseline,indonesia,USDC
878,0.9003007662559763,2930166876059.3335,126,S0_baseline,indonesia,USDC
879,0.9167023366687644,2930166194045.3496,126,S0_baseline,indonesia,USDC
880,0.937922600049175,2930165697289.375,126,S0_baseline,indonesia,USDC
881,0.9376962602991047,2930165414742.3794,126,S0_baseline,indonesia,USDC
882,0.9200441679135154,2930165139611.331,126,S0_baseline,indonesia,USDC
883,0.8738576788166872,2930164739293.7764,126,S0_baseline,indonesia,USDC
884,0.8715981668667003,2930163987396.963,126,S0_baseline,indonesia,USDC
885,0.8855101760839743,2930163294105.579,126,S0_baseline,indonesia,USDC
886,0.8925232628083388,2930162783608.7065,126,S0_baseline,indonesia,USDC
887,0.8993166785849944,2930162344467.954,126,S0_baseline,indonesia,USDC
888,0.922911855900049,2930161975206.5215,126,S0_baseline,indonesia,USDC
889,0.9732012445561267,2930161747565.5728,126,S0_baseline,indonesia,USDC
890,0.979804618933429,2930161747565.5728,126,S0_baseline,indonesia,USDC
891,0.985691311801383,2930161747565.5728,126,S0_baseline,indonesia,USDC
892,0.9831585802237215,2930161747565.5728,126,S0_baseline,indonesia,USDC
893,0.989624041992072,2930161747565.5728,126,S0_baseline,indonesia,USDC
894,0.9868310420322663,2930161747565.5728,126,S0_baseline,indonesia,USDC
895,1.005977170501935,2930161747565.5728,126,S0_baseline,indonesia,USDC
896,0.994192662308334,2930161747565.5728,126,S0_baseline,indonesia,USDC
897,0.9939496177995663,2930161747565.5728,126,S0_baseline,indonesia,USDC
898,1.0130316780945838,2930161747565.5728,126,S0_baseline,indonesia,USDC
899,1.0300221213083582,2930161747565.5728,126,S0_baseline,indonesia,USDC
900,1.030010526685036,2930161747565.5728,126,S0_baseline,indonesia,USDC
901,1.0126111288105688,2930161747565.5728,126,S0_baseline,indonesia,USDC
902,1.0337628490569561,2930161747565.5728,126,S0_baseline,indonesia,USDC
903,1.0480838843784313,2930161747565.5728,126,S0_baseline,indonesia,USDC
904,1.0281231211185125,2930161747565.5728,126,S0_baseline,indonesia,USDC
905,1.0056654337606474,2930161747565.5728,126,S0_baseline,indonesia,USDC
906,1.0051962281057516,2930161747565.5728,126,S0_baseline,indonesia,USDC
907,1.0245103941602813,2930161747565.5728,126,S0_baseline,indonesia,USDC
908,1.0435571405157316,2930161747565.5728,126,S0_baseline,indonesia,USDC
909,1.0178883265831797,2930161747565.5728,126,S0_baseline,indonesia,USDC
910,1.0446590608194108,2930161747565.5728,126,S0_baseline,indonesia,USDC
911,1.0540072865229209,2930161747565.5728,126,S0_baseline,indonesia,USDC
912,1.0444424677482305,2930161747565.5728,126,S0_baseline,indonesia,USDC
913,1.0965460927856314,2930161747565.5728,126,S0_baseline,indonesia,USDC
914,1.084811657798577,2930161747565.5728,126,S0_baseline,indonesia,USDC
915,1.0418457220994672,2930161747565.5728,126,S0_baseline,indonesia,USDC
916,1.0546505090106721,2930161747565.5728,126,S0_baseline,indonesia,USDC
917,1.0597473791238523,2930161747565.5728,126,S0_baseline,indonesia,USDC
918,1.0664409108229111,2930161747565.5728,126,S0_baseline,indonesia,USDC
919,1.0624070020662444,2930161747565.5728,126,S0_baseline,indonesia,USDC
920,1.0666711756305,2930161747565.5728,126,S0_baseline,indonesia,USDC
921,1.0542828773394022,2930161747565.5728,126,S0_baseline,indonesia,USDC
922,1.0393405082341465,2930161747565.5728,126,S0_baseline,indonesia,USDC
923,1.0139152632932857,2930161747565.5728,126,S0_baseline,indonesia,USDC
924,1.0067046698409268,2930161747565.5728,126,S0_baseline,indonesia,USDC
925,1.0269467300519866,2930161747565.5728,126,S0_baseline,indonesia,USDC
926,1.0285431039319737,2930161747565.5728,126,S0_baseline,indonesia,USDC
927,1.0083370291282479,2930161747565.5728,126,S0_baseline,indonesia,USDC
928,0.998910625925905,2930161747565.5728,126,S0_baseline,indonesia,USDC
929,0.9828678859949468,2930161747565.5728,126,S0_baseline,indonesia,USDC
930,0.976771733815242,2930161747565.5728,126,S0_baseline,indonesia,USDC
931,0.9354624684869962,2930161747565.5728,126,S0_baseline,indonesia,USDC
932,0.9751633700854165,2930161583981.7197,126,S0_baseline,indonesia,USDC
933,0.9810940456493645,2930161583981.7197,126,S0_baseline,indonesia,USDC
934,0.9640651177988679,2930161583981.7197,126,S0_baseline,indonesia,USDC
935,0.9785376931921762,2930161565079.6763,126,S0_baseline,indonesia,USDC
936,0.9937213262971301,2930161565079.6763,126,S0_baseline,indonesia,USDC
937,1.012498432966844,2930161565079.6763,126,S0_baseline,indonesia,USDC
938,1.0056278017578482,2930161565079.6763,126,S0_baseline,indonesia,USDC
939,1.0165512293816032,2930161565079.6763,126,S0_baseline,indonesia,USDC
940,1.0278416799394356,2930161565079.6763,126,S0_baseline,indonesia,USDC
941,1.029709125210464,2930161565079.6763,126,S0_baseline,indonesia,USDC
942,1.0030172459187614,2930161565079.6763,126,S0_baseline,indonesia,USDC
943,1.0194103101275227,2930161565079.6763,126,S0_baseline,indonesia,USDC
944,1.026604423929847,2930161565079.6763,126,S0_baseline,indonesia,USDC
945,1.0285216632437106,2930161565079.6763,126,S0_baseline,indonesia,USDC
946,1.060677852447013,2930161565079.6763,126,S0_baseline,indonesia,USDC
947,1.0534730106950903,2930161565079.6763,126,S0_baseline,indonesia,USDC
948,1.0238321209803554,2930161565079.6763,126,S0_baseline,indonesia,USDC
949,0.9998731452937741,2930161565079.6763,126,S0_baseline,indonesia,USDC
950,0.9944563127544682,2930161565079.6763,126,S0_baseline,indonesia,USDC
951,0.9398278960272775,2930161565079.6763,126,S0_baseline,indonesia,USDC
952,0.9464168385284306,2930161432489.856,126,S0_baseline,indonesia,USDC
953,0.9413206782392542,2930161336446.2764,126,S0_baseline,indonesia,USDC
954,0.9399265375173474,2930161221112.913,126,S0_baseline,indonesia,USDC
955,0.9548218357225646,2930161103519.41,126,S0_baseline,indonesia,USDC
956,0.945973336418694,2930161044833.644,126,S0_baseline,indonesia,USDC
957,0.9181818485476397,2930160948440.0522,126,S0_baseline,indonesia,USDC
958,0.9283852943783742,2930160745698.031,126,S0_baseline,indonesia,USDC
959,0.9514573206451825,2930160600323.078,126,S0_baseline,indonesia,USDC
960,0.9671631613449849,2930160534428.253,126,S0_baseline,indonesia,USDC
961,0.9774108063097875,2930160526386.586,126,S0_baseline,indonesia,USDC
962,0.951547621781071,2930160526386.586,126,S0_baseline,indonesia,USDC
963,0.9587802885355768,2930160470643.7236,126,S0_baseline,indonesia,USDC
964,0.9649801394614104,2930160437043.7295,126,S0_baseline,indonesia,USDC
965,0.9634268651334473,2930160425977.453,126,S0_baseline,indonesia,USDC
966,0.9728381157269541,2930160407874.7383,126,S0_baseline,indonesia,USDC
967,0.9875873388580344,2930160407874.7383,126,S0_baseline,indonesia,USDC
968,1.0049572465395569,2930160407874.7383,126,S0_baseline,indonesia,USDC
969,0.9691708977544342,2930160407874.7383,126,S0_baseline,indonesia,USDC
970,0.9838877324951188,2930160405092.8647,126,S0_baseline,indonesia,USDC
971,0.9609956382271975,2930160405092.8647,126,S0_baseline,indonesia,USDC
972,0.9543959671216687,2930160377017.0273,126,S0_baseline,indonesia,USDC
973,0.9422761973859651,2930160327607.1562,126,S0_baseline,indonesia,USDC
974,0.9703789103499583,2930160246325.2314,126,S0_baseline,indonesia,USDC
975,0.9769210495012409,2930160246325.2314,126,S0_baseline,indonesia,USDC
976,0.9677469376847487,2930160246325.2314,126,S0_baseline,indonesia,USDC
977,0.98992052209438,2930160244283.135,126,S0_baseline,indonesia,USDC
978,1.0058696519646646,2930160244283.135,126,S0_baseline,indonesia,USDC
979,0.9894870435374921,2930160244283.135,126,S0_baseline,indonesia,USDC
980,0.9943117234035725,2930160244283.135,126,S0_baseline,indonesia,USDC
981,1.0028420770973319,2930160244283.135,126,S0_baseline,indonesia,USDC
982,0.9949420923960911,2930160244283.135,126,S0_baseline,indonesia,USDC
983,0.9913998450236964,2930160244283.135,126,S0_baseline,indonesia,USDC
984,0.9887762265920812,2930160244283.135,126,S0_baseline,indonesia,USDC
985,0.9488704545838744,2930160244283.135,126,S0_baseline,indonesia,USDC
986,0.9639022084266801,2930160176951.035,126,S0_baseline,indonesia,USDC
987,0.9612210991932717,2930160157942.8887,126,S0_baseline,indonesia,USDC
988,0.9754733099335597,2930160132776.5786,126,S0_baseline,indonesia,USDC
989,1.0167734758102767,2930160132776.5786,126,S0_baseline,indonesia,USDC
990,0.9940968704963402,2930160132776.5786,126,S0_baseline,indonesia,USDC
991,0.9803766834956374,2930160132776.5786,126,S0_baseline,indonesia,USDC
992,0.9836541390568874,2930160132776.5786,126,S0_baseline,indonesia,USDC
993,1.013998732269329,2930160132776.5786,126,S0_baseline,indonesia,USDC
994,0.9812540875240505,2930160132776.5786,126,S0_baseline,indonesia,USDC
995,0.9575684154546502,2930160132776.5786,126,S0_baseline,indonesia,USDC
996,0.9472020930538254,2930160101107.568,126,S0_baseline,indonesia,USDC
997,0.980503684349772,2930160031824.0684,126,S0_baseline,indonesia,USDC
998,0.9470265071228204,2930160031824.0684,126,S0_baseline,indonesia,USDC
999,0.9629158748342498,2930159966191.1,126,S0_baseline,indonesia,USDC
1000,0.928526291165144,2930159945647.5635,126,S0_baseline,indonesia,USDC
