Step,price,liquidity,iteration,scenario,region,coin
1,0.9839697552076516,2989139527591.8975,203,S0_baseline,indonesia,USDC
2,0.9743734521058299,2989139527591.8975,203,S0_baseline,indonesia,USDC
3,0.984150834527744,2989139527591.8975,203,S0_baseline,indonesia,USDC
4,0.9932788648564334,2989139527591.8975,203,S0_baseline,indonesia,USDC
5,1.0015108324630098,2989139527591.8975,203,S0_baseline,indonesia,USDC
6,1.0007937435146148,2989139527591.8975,203,S0_baseline,indonesia,USDC
7,0.9893865014784494,2989139527591.8975,203,S0_baseline,indonesia,USDC
8,1.0111719091830942,2989139527591.8975,203,S0_baseline,indonesia,USDC
9,1.0071193870690707,2989139527591.8975,203,S0_baseline,indonesia,USDC
10,0.9798973462466877,2989139527591.8975,203,S0_baseline,indonesia,USDC
11,0.9887899393809498,2989139527591.8975,203,S0_baseline,indonesia,USDC
12,0.9857141172985067,2989139527591.8975,203,S0_baseline,indonesia,USDC
13,1.018358165678599,2989139527591.8975,203,S0_baseline,indonesia,USDC
14,1.012424560799059,2989139527591.8975,203,S0_baseline,indonesia,USDC
15,0.9657914584857666,2989139527591.8975,203,S0_baseline,indonesia,USDC
16,0.9758021183464654,2988896838705.199,203,S0_baseline,indonesia,USDC
17,0.9611969293826079,2988896838705.199,203,S0_baseline,indonesia,USDC
18,0.9838593483771334,2988374781269.1694,203,S0_baseline,indonesia,USDC
19,1.0093729427080693,2988374781269.1694,203,S0_baseline,indonesia,USDC
20,0.9883718992442628,2988374781269.1694,203,S0_baseline,indonesia,USDC
21,0.9943248758758311,2988374781269.1694,203,S0_baseline,indonesia,USDC
22,0.9985280668550731,2988374781269.1694,203,S0_baseline,indonesia,USDC
23,0.9722691321344517,2988374781269.1694,203,S0_baseline,indonesia,USDC
24,0.991397107658875,2988374781269.1694,203,S0_baseline,indonesia,USDC
25,0.9826642496433403,2988374781269.1694,203,S0_baseline,indonesia,USDC
26,0.9842177985179635,2988374781269.1694,203,S0_baseline,indonesia,USDC
27,0.9535790046384338,2988374781269.1694,203,S0_baseline,indonesia,USDC
28,0.9776480915362745,2987384246579.769,203,S0_baseline,indonesia,USDC
29,0.9704392603450495,2987384246579.769,203,S0_baseline,indonesia,USDC
30,1.0119537022277032,2987384246579.769,203,S0_baseline,indonesia,USDC
31,1.0074198778973535,2987384246579.769,203,S0_baseline,indonesia,USDC
32,1.0293705317686819,2987384246579.769,203,S0_baseline,indonesia,USDC
33,1.0396140661147346,2987384246579.769,203,S0_baseline,indonesia,USDC
34,1.0511804921571044,2987384246579.769,203,S0_baseline,indonesia,USDC
35,1.056182388275186,2987384246579.769,203,S0_baseline,indonesia,USDC
36,1.0555208731387755,2987384246579.769,203,S0_baseline,indonesia,USDC
37,1.043295944577925,2987384246579.769,203,S0_baseline,indonesia,USDC
38,1.0524963805420555,2987384246579.769,203,S0_baseline,indonesia,USDC
39,1.067912106245226,2987384246579.769,203,S0_baseline,indonesia,USDC
40,1.0756750626542901,2987384246579.769,203,S0_baseline,indonesia,USDC
41,1.0895884336478603,2987384246579.769,203,S0_baseline,indonesia,USDC
42,1.1026983344567334,2987384246579.769,203,S0_baseline,indonesia,USDC
43,1.1200357300180555,2987384246579.769,203,S0_baseline,indonesia,USDC
44,1.1006940907120135,2987384246579.769,203,S0_baseline,indonesia,USDC
45,1.115549928675025,2987384246579.769,203,S0_baseline,indonesia,USDC
46,1.1432807110122167,2987384246579.769,203,S0_baseline,indonesia,USDC
47,1.114995135737966,2987384246579.769,203,S0_baseline,indonesia,USDC
48,1.1097736744867954,2987384246579.769,203,S0_baseline,indonesia,USDC
49,1.1154292868056725,2987384246579.769,203,S0_baseline,indonesia,USDC
50,1.116616862303047,2987384246579.769,203,S0_baseline,indonesia,USDC
51,1.134065333256955,2987384246579.769,203,S0_baseline,indonesia,USDC
52,1.1337586409486151,2987384246579.769,203,S0_baseline,indonesia,USDC
53,1.131726936640147,2987384246579.769,203,S0_baseline,indonesia,USDC
54,0.9493867246340956,2987384246579.769,203,S0_baseline,indonesia,USDC
55,0.9891332363368516,2986251759478.585,203,S0_baseline,indonesia,USDC
56,0.9728295299407304,2986251759478.585,203,S0_baseline,indonesia,USDC
57,0.9866268322388871,2986251759478.585,203,S0_baseline,indonesia,USDC
58,1.0140245388135334,2986251759478.585,203,S0_baseline,indonesia,USDC
59,0.9916945424480926,2986251759478.585,203,S0_baseline,indonesia,USDC
60,0.9802893935858566,2986251759478.585,203,S0_baseline,indonesia,USDC
61,1.009205991578285,2986251759478.585,203,S0_baseline,indonesia,USDC
62,0.9954468796859621,2986251759478.585,203,S0_baseline,indonesia,USDC
63,1.0067227492238409,2986251759478.585,203,S0_baseline,indonesia,USDC
64,1.0353867155696594,2986251759478.585,203,S0_baseline,indonesia,USDC
65,1.038048735205324,2986251759478.585,203,S0_baseline,indonesia,USDC
66,1.0246506944895433,2986251759478.585,203,S0_baseline,indonesia,USDC
67,1.0136704114848007,2986251759478.585,203,S0_baseline,indonesia,USDC
68,1.0204838999133707,2986251759478.585,203,S0_baseline,indonesia,USDC
69,1.0146835350133965,2986251759478.585,203,S0_baseline,indonesia,USDC
70,1.0162331779286535,2986251759478.585,203,S0_baseline,indonesia,USDC
71,1.0370736837256986,2986251759478.585,203,S0_baseline,indonesia,USDC
72,1.039365034672219,2986251759478.585,203,S0_baseline,indonesia,USDC
73,1.0337661853389426,2986251759478.585,203,S0_baseline,indonesia,USDC
74,1.0947870497863896,2986251759478.585,203,S0_baseline,indonesia,USDC
75,1.085646651104215,2986251759478.585,203,S0_baseline,indonesia,USDC
76,1.0506926976901387,2986251759478.585,203,S0_baseline,indonesia,USDC
77,1.0554113707292614,2986251759478.585,203,S0_baseline,indonesia,USDC
78,1.0381217003016048,2986251759478.585,203,S0_baseline,indonesia,USDC
79,1.04914019407725,2986251759478.585,203,S0_baseline,indonesia,USDC
80,1.0630135552007627,2986251759478.585,203,S0_baseline,indonesia,USDC
81,1.0649192751687127,2986251759478.585,203,S0_baseline,indonesia,USDC
82,1.0646626657472236,2986251759478.585,203,S0_baseline,indonesia,USDC
83,1.0613164332908116,2986251759478.585,203,S0_baseline,indonesia,USDC
84,1.056195893809472,2986251759478.585,203,S0_baseline,indonesia,USDC
85,1.0473281155382284,2986251759478.585,203,S0_baseline,indonesia,USDC
86,1.0692893093818419,2986251759478.585,203,S0_baseline,indonesia,USDC
87,1.0604727728912686,2986251759478.585,203,S0_baseline,indonesia,USDC
88,1.040857787481874,2986251759478.585,203,S0_baseline,indonesia,USDC
89,1.0547405334186968,2986251759478.585,203,S0_baseline,indonesia,USDC
90,1.038141356342195,2986251759478.585,203,S0_baseline,indonesia,USDC
91,1.0338574446098898,2986251759478.585,203,S0_baseline,indonesia,USDC
92,1.0255572883586734,2986251759478.585,203,S0_baseline,indonesia,USDC
93,1.0590954408514794,2986251759478.585,203,S0_baseline,indonesia,USDC
94,1.0657791889817907,2986251759478.585,203,S0_baseline,indonesia,USDC
95,1.0355641534337616,2986251759478.585,203,S0_baseline,indonesia,USDC
96,1.032700951034685,2986251759478.585,203,S0_baseline,indonesia,USDC
97,1.0316452095077282,2986251759478.585,203,S0_baseline,indonesia,USDC
98,0.9960593690672895,2986251759478.585,203,S0_baseline,indonesia,USDC
99,1.0166651509772222,2986251759478.585,203,S0_baseline,indonesia,USDC
100,1.0002185316650518,2986251759478.585,203,S0_baseline,indonesia,USDC
101,1.0124524877665015,2986251759478.585,203,S0_baseline,indonesia,USDC
102,1.039510451146891,2986251759478.585,203,S0_baseline,indonesia,USDC
103,1.045205811121141,2986251759478.585,203,S0_baseline,indonesia,USDC
104,1.0579998875729166,2986251759478.585,203,S0_baseline,indonesia,USDC
105,1.0934468845257665,2986251759478.585,203,S0_baseline,indonesia,USDC
106,1.0808507821924527,2986251759478.585,203,S0_baseline,indonesia,USDC
107,1.0685373185650138,2986251759478.585,203,S0_baseline,indonesia,USDC
108,1.040149596637874,2986251759478.585,203,S0_baseline,indonesia,USDC
109,1.005630154660519,2986251759478.585,203,S0_baseline,indonesia,USDC
110,0.9807810687594278,2986251759478.585,203,S0_baseline,indonesia,USDC
111,0.9765970770053974,2986251759478.585,203,S0_baseline,indonesia,USDC
112,1.0121430145175254,2986251759478.585,203,S0_baseline,indonesia,USDC
113,1.0075553333145548,2986251759478.585,203,S0_baseline,indonesia,USDC
114,1.0038036656816958,2986251759478.585,203,S0_baseline,indonesia,USDC
115,0.9870737379044319,2986251759478.585,203,S0_baseline,indonesia,USDC
116,0.9839347180282358,2986251759478.585,203,S0_baseline,indonesia,USDC
117,0.9664516958805768,2986251759478.585,203,S0_baseline,indonesia,USDC
118,0.9899471671876975,2986075748289.784,203,S0_baseline,indonesia,USDC
119,0.9635739186433971,2986075748289.784,203,S0_baseline,indonesia,USDC
120,0.9742098217745644,2985769858452.1133,203,S0_baseline,indonesia,USDC
121,0.9629103627445383,2985769858452.1133,203,S0_baseline,indonesia,USDC
122,0.9565185695408883,2985464220738.7188,203,S0_baseline,indonesia,USDC
123,0.9537174043703398,2984681398642.0283,203,S0_baseline,indonesia,USDC
124,0.9563458794794394,2983793292476.3037,203,S0_baseline,indonesia,USDC
125,0.9517039007867252,2983023963514.825,203,S0_baseline,indonesia,USDC
126,0.9676352644311059,2982141742295.7246,203,S0_baseline,indonesia,USDC
127,0.951485478650894,2982100952513.0776,203,S0_baseline,indonesia,USDC
128,0.9254673344006088,2981222513829.1797,203,S0_baseline,indonesia,USDC
129,0.9200995114667104,2978897886207.344,203,S0_baseline,indonesia,USDC
130,0.9468306615182693,2976406417777.589,203,S0_baseline,indonesia,USDC
131,0.9644450535595152,2975277404810.8965,203,S0_baseline,indonesia,USDC
132,0.9664831524963752,2975041376778.4414,203,S0_baseline,indonesia,USDC
133,0.9681311577995592,2974954257665.2896,203,S0_baseline,indonesia,USDC
134,0.9755655782713144,2974891125600.348,203,S0_baseline,indonesia,USDC
135,0.9493709918315225,2974891125600.348,203,S0_baseline,indonesia,USDC
136,0.9493208331799116,2973918125508.557,203,S0_baseline,indonesia,USDC
137,0.9516752168780738,2972963502728.879,203,S0_baseline,indonesia,USDC
138,0.9320676483900092,2972171844793.2246,203,S0_baseline,indonesia,USDC
139,0.9412754311610152,2970539383896.3584,203,S0_baseline,indonesia,USDC
140,0.964777564317762,2969438730714.124,203,S0_baseline,indonesia,USDC
141,0.9642773484617534,2969246065587.978,203,S0_baseline,indonesia,USDC
142,0.953575375924487,2969058729225.7305,203,S0_baseline,indonesia,USDC
143,0.9311888440972369,2968478320788.856,203,S0_baseline,indonesia,USDC
144,0.9682842412775952,2966904316628.244,203,S0_baseline,indonesia,USDC
145,0.9712624272998925,2966837517384.75,203,S0_baseline,indonesia,USDC
146,0.9809388767664367,2966837517384.75,203,S0_baseline,indonesia,USDC
147,1.0089881143370878,2966837517384.75,203,S0_baseline,indonesia,USDC
148,0.9997702793658472,2966837517384.75,203,S0_baseline,indonesia,USDC
149,0.9639079019587541,2966837517384.75,203,S0_baseline,indonesia,USDC
150,0.9787614434262301,2966670888650.1133,203,S0_baseline,indonesia,USDC
151,0.9733980299463993,2966670888650.1133,203,S0_baseline,indonesia,USDC
152,0.9703861190688371,2966670888650.1133,203,S0_baseline,indonesia,USDC
153,0.9853841242858932,2966670888650.1133,203,S0_baseline,indonesia,USDC
154,0.9852795669903932,2966670888650.1133,203,S0_baseline,indonesia,USDC
155,0.9736950919022691,2966670888650.1133,203,S0_baseline,indonesia,USDC
156,0.9493796314067405,2966670888650.1133,203,S0_baseline,indonesia,USDC
157,0.9760396601189802,2965905588070.388,203,S0_baseline,indonesia,USDC
158,1.0055243001513712,2965905588070.388,203,S0_baseline,indonesia,USDC
159,1.0056001011436746,2965905588070.388,203,S0_baseline,indonesia,USDC
160,0.9881358998944054,2965905588070.388,203,S0_baseline,indonesia,USDC
161,0.9882170320085043,2965905588070.388,203,S0_baseline,indonesia,USDC
162,0.9597005433160103,2965905588070.388,203,S0_baseline,indonesia,USDC
163,0.9648619439089513,2965591579993.837,203,S0_baseline,indonesia,USDC
164,0.9753774996779286,2965420585643.4473,203,S0_baseline,indonesia,USDC
165,0.9852909704863626,2965420585643.4473,203,S0_baseline,indonesia,USDC
166,1.016452874181806,2965420585643.4473,203,S0_baseline,indonesia,USDC
167,1.0263063185202899,2965420585643.4473,203,S0_baseline,indonesia,USDC
168,1.0470986815285805,2965420585643.4473,203,S0_baseline,indonesia,USDC
169,1.0334423632768035,2965420585643.4473,203,S0_baseline,indonesia,USDC
170,1.0347294795854578,2965420585643.4473,203,S0_baseline,indonesia,USDC
171,1.0121213277263335,2965420585643.4473,203,S0_baseline,indonesia,USDC
172,1.0437784560272039,2965420585643.4473,203,S0_baseline,indonesia,USDC
173,1.0127932380819549,2965420585643.4473,203,S0_baseline,indonesia,USDC
174,1.0151195787676481,2965420585643.4473,203,S0_baseline,indonesia,USDC
175,1.007649932832973,2965420585643.4473,203,S0_baseline,indonesia,USDC
176,1.0293523404521006,2965420585643.4473,203,S0_baseline,indonesia,USDC
177,1.052736321897018,2965420585643.4473,203,S0_baseline,indonesia,USDC
178,1.0618850920474343,2965420585643.4473,203,S0_baseline,indonesia,USDC
179,1.0552093997765466,2965420585643.4473,203,S0_baseline,indonesia,USDC
180,1.0312239446138265,2965420585643.4473,203,S0_baseline,indonesia,USDC
181,1.0252397981034833,2965420585643.4473,203,S0_baseline,indonesia,USDC
182,1.020927663730838,2965420585643.4473,203,S0_baseline,indonesia,USDC
183,1.0348342289922086,2965420585643.4473,203,S0_baseline,indonesia,USDC
184,1.0089865748006093,2965420585643.4473,203,S0_baseline,indonesia,USDC
185,1.0168454535087517,2965420585643.4473,203,S0_baseline,indonesia,USDC
186,1.0156066826158443,2965420585643.4473,203,S0_baseline,indonesia,USDC
187,1.0332632097112915,2965420585643.4473,203,S0_baseline,indonesia,USDC
188,1.0176412289862284,2965420585643.4473,203,S0_baseline,indonesia,USDC
189,0.9952908162437138,2965420585643.4473,203,S0_baseline,indonesia,USDC
190,0.8819021617359968,2965420585643.4473,203,S0_baseline,indonesia,USDC
191,0.8662264437103429,2962346310325.9404,203,S0_baseline,indonesia,USDC
192,0.8681308872306039,2959022726340.079,203,S0_baseline,indonesia,USDC
193,0.8913672233870974,2955952448716.226,203,S0_baseline,indonesia,USDC
194,0.9051706238640977,2953829417460.0977,203,S0_baseline,indonesia,USDC
195,0.9243176649571514,2952220080628.8066,203,S0_baseline,indonesia,USDC
196,0.9577190654481881,2951193408883.275,203,S0_baseline,indonesia,USDC
197,0.9440742619878185,2950914190045.3857,203,S0_baseline,indonesia,USDC
198,0.9394993942625831,2950394977683.8506,203,S0_baseline,indonesia,USDC
199,0.9243934580415822,2949726622938.463,203,S0_baseline,indonesia,USDC
200,0.9513458882173677,2948785931107.1357,203,S0_baseline,indonesia,USDC
201,0.9357075419467288,2948457382352.8447,203,S0_baseline,indonesia,USDC
202,0.9292004561783697,2947795488268.544,203,S0_baseline,indonesia,USDC
203,0.9370361703012271,2947055714550.658,203,S0_baseline,indonesia,USDC
204,0.9179603265677122,2946485784250.5703,203,S0_baseline,indonesia,USDC
205,0.9415221710993632,2945555172362.127,203,S0_baseline,indonesia,USDC
206,0.9221356158285534,2945105903982.087,203,S0_baseline,indonesia,USDC
207,0.9272756519074028,2944339240747.5234,203,S0_baseline,indonesia,USDC
208,0.9578629823943164,2943688549768.449,203,S0_baseline,indonesia,USDC
209,0.9714454521301934,2943527422577.8413,203,S0_baseline,indonesia,USDC
210,0.964235863540083,2943527422577.8413,203,S0_baseline,indonesia,USDC
211,0.9856474466170345,2943459656203.0044,203,S0_baseline,indonesia,USDC
212,0.9779624925221168,2943459656203.0044,203,S0_baseline,indonesia,USDC
213,0.9776919543262772,2943459656203.0044,203,S0_baseline,indonesia,USDC
214,0.9882657702956922,2943459656203.0044,203,S0_baseline,indonesia,USDC
215,1.0266028842679484,2943459656203.0044,203,S0_baseline,indonesia,USDC
216,1.0180929170843154,2943459656203.0044,203,S0_baseline,indonesia,USDC
217,1.010792615702087,2943459656203.0044,203,S0_baseline,indonesia,USDC
218,1.0220284930336225,2943459656203.0044,203,S0_baseline,indonesia,USDC
219,0.9749415270514847,2943459656203.0044,203,S0_baseline,indonesia,USDC
220,0.9882554992105569,2943459656203.0044,203,S0_baseline,indonesia,USDC
221,0.9588848173606359,2943459656203.0044,203,S0_baseline,indonesia,USDC
222,0.968446890462228,2943325911759.944,203,S0_baseline,indonesia,USDC
223,0.964129360187214,2943303197318.132,203,S0_baseline,indonesia,USDC
224,0.9422146839231431,2943234994634.5273,203,S0_baseline,indonesia,USDC
225,0.9566680337420649,2942873219937.502,203,S0_baseline,indonesia,USDC
226,0.8849945914721673,2942694623260.2354,203,S0_baseline,indonesia,USDC
227,0.8709988104023074,2941506730018.049,203,S0_baseline,indonesia,USDC
228,0.8810286551925297,2940326731501.62,203,S0_baseline,indonesia,USDC
229,0.9014992164345919,2939323781612.694,203,S0_baseline,indonesia,USDC
230,0.9008884692378185,2938604576065.8345,203,S0_baseline,indonesia,USDC
231,0.9053564192966279,2937978556254.8833,203,S0_baseline,indonesia,USDC
232,0.9064148102161752,2937389498045.8984,203,S0_baseline,indonesia,USDC
233,0.9197140930978093,2936848698110.8174,203,S0_baseline,indonesia,USDC
234,0.9159687238515832,2936470124995.8403,203,S0_baseline,indonesia,USDC
235,0.8895665717722689,2936083063572.6504,203,S0_baseline,indonesia,USDC
236,0.9148056774756186,2935533699451.6704,203,S0_baseline,indonesia,USDC
237,0.9054393646531786,2935188408262.245,203,S0_baseline,indonesia,USDC
238,0.9141401736640625,2934815294572.298,203,S0_baseline,indonesia,USDC
239,0.9474463357943769,2934513561232.622,203,S0_baseline,indonesia,USDC
240,0.9488661799346367,2934393417223.8906,203,S0_baseline,indonesia,USDC
241,0.9834375517070489,2934288113341.0474,203,S0_baseline,indonesia,USDC
242,0.9988510966145352,2934288113341.0474,203,S0_baseline,indonesia,USDC
243,0.9867566622777918,2934288113341.0474,203,S0_baseline,indonesia,USDC
244,0.9900491044358762,2934288113341.0474,203,S0_baseline,indonesia,USDC
245,1.0226646697834216,2934288113341.0474,203,S0_baseline,indonesia,USDC
246,1.0034971572612208,2934288113341.0474,203,S0_baseline,indonesia,USDC
247,1.0049882758094173,2934288113341.0474,203,S0_baseline,indonesia,USDC
248,1.028585655899412,2934288113341.0474,203,S0_baseline,indonesia,USDC
249,1.0279044567213356,2934288113341.0474,203,S0_baseline,indonesia,USDC
250,1.0624751946183184,2934288113341.0474,203,S0_baseline,indonesia,USDC
251,1.0616278331005295,2934288113341.0474,203,S0_baseline,indonesia,USDC
252,1.0588271593615741,2934288113341.0474,203,S0_baseline,indonesia,USDC
253,1.0552940059694713,2934288113341.0474,203,S0_baseline,indonesia,USDC
254,1.0278441701036454,2934288113341.0474,203,S0_baseline,indonesia,USDC
255,1.0040020703823416,2934288113341.0474,203,S0_baseline,indonesia,USDC
256,0.9956047677447281,2934288113341.0474,203,S0_baseline,indonesia,USDC
257,1.000798273043081,2934288113341.0474,203,S0_baseline,indonesia,USDC
258,0.9834573792408049,2934288113341.0474,203,S0_baseline,indonesia,USDC
259,1.0158514761380644,2934288113341.0474,203,S0_baseline,indonesia,USDC
260,1.0654284188345908,2934288113341.0474,203,S0_baseline,indonesia,USDC
261,1.0600529287277807,2934288113341.0474,203,S0_baseline,indonesia,USDC
262,1.091978383499501,2934288113341.0474,203,S0_baseline,indonesia,USDC
263,1.087928458486982,2934288113341.0474,203,S0_baseline,indonesia,USDC
264,1.0848195287482443,2934288113341.0474,203,S0_baseline,indonesia,USDC
265,1.088111781138817,2934288113341.0474,203,S0_baseline,indonesia,USDC
266,1.0730333179262304,2934288113341.0474,203,S0_baseline,indonesia,USDC
267,1.0645839450811803,2934288113341.0474,203,S0_baseline,indonesia,USDC
268,1.0656053801590664,2934288113341.0474,203,S0_baseline,indonesia,USDC
269,1.0253414911745842,2934288113341.0474,203,S0_baseline,indonesia,USDC
270,1.0620112139144446,2934288113341.0474,203,S0_baseline,indonesia,USDC
271,1.0293864677724798,2934288113341.0474,203,S0_baseline,indonesia,USDC
272,1.0248739899439443,2934288113341.0474,203,S0_baseline,indonesia,USDC
273,1.028655582791351,2934288113341.0474,203,S0_baseline,indonesia,USDC
274,1.0293780873435758,2934288113341.0474,203,S0_baseline,indonesia,USDC
275,1.016131352198146,2934288113341.0474,203,S0_baseline,indonesia,USDC
276,0.9873905120231187,2934288113341.0474,203,S0_baseline,indonesia,USDC
277,0.9816984043368026,2934288113341.0474,203,S0_baseline,indonesia,USDC
278,0.9825769990024985,2934288113341.0474,203,S0_baseline,indonesia,USDC
279,0.9583504380556995,2934288113341.0474,203,S0_baseline,indonesia,USDC
280,0.9612634707674735,2934233671767.326,203,S0_baseline,indonesia,USDC
281,0.9734761997020127,2934191226328.578,203,S0_baseline,indonesia,USDC
282,0.9746855553121362,2934191226328.578,203,S0_baseline,indonesia,USDC
283,0.9795296286879723,2934191226328.578,203,S0_baseline,indonesia,USDC
284,0.9850350528887274,2934191226328.578,203,S0_baseline,indonesia,USDC
285,0.9547861648746324,2934191226328.578,203,S0_baseline,indonesia,USDC
286,0.9543848985834745,2934123767176.0073,203,S0_baseline,indonesia,USDC
287,0.9987074423855967,2934043530674.3677,203,S0_baseline,indonesia,USDC
288,0.9559873923020468,2934043530674.3677,203,S0_baseline,indonesia,USDC
289,0.9326552488855523,2933983813176.272,203,S0_baseline,indonesia,USDC
290,0.9352859781040894,2933802997850.372,203,S0_baseline,indonesia,USDC
291,0.9617371561749515,2933651659486.6167,203,S0_baseline,indonesia,USDC
292,0.9993986761872712,2933619184844.3896,203,S0_baseline,indonesia,USDC
293,0.9921555250074919,2933619184844.3896,203,S0_baseline,indonesia,USDC
294,0.993712917733824,2933619184844.3896,203,S0_baseline,indonesia,USDC
295,0.9727428815596372,2933619184844.3896,203,S0_baseline,indonesia,USDC
296,0.984721041863589,2933619184844.3896,203,S0_baseline,indonesia,USDC
297,0.9861458957449424,2933619184844.3896,203,S0_baseline,indonesia,USDC
298,0.9867851886462994,2933619184844.3896,203,S0_baseline,indonesia,USDC
299,0.9775513590295679,2933619184844.3896,203,S0_baseline,indonesia,USDC
300,0.968077585066859,2933619184844.3896,203,S0_baseline,indonesia,USDC
301,1.0073290581088583,2933610306741.3,203,S0_baseline,indonesia,USDC
302,1.0089072800921444,2933610306741.3,203,S0_baseline,indonesia,USDC
303,1.0197206380393125,2933610306741.3,203,S0_baseline,indonesia,USDC
304,1.0133260937108794,2933610306741.3,203,S0_baseline,indonesia,USDC
305,0.993536702110749,2933610306741.3,203,S0_baseline,indonesia,USDC
306,0.997920325353951,2933610306741.3,203,S0_baseline,indonesia,USDC
307,1.0026633658498931,2933610306741.3,203,S0_baseline,indonesia,USDC
308,1.00782181271387,2933610306741.3,203,S0_baseline,indonesia,USDC
309,1.0161364841309568,2933610306741.3,203,S0_baseline,indonesia,USDC
310,1.0586049591779552,2933610306741.3,203,S0_baseline,indonesia,USDC
311,1.058439348605693,2933610306741.3,203,S0_baseline,indonesia,USDC
312,1.0417719770279652,2933610306741.3,203,S0_baseline,indonesia,USDC
313,1.0509264143235704,2933610306741.3,203,S0_baseline,indonesia,USDC
314,1.0265737045009278,2933610306741.3,203,S0_baseline,indonesia,USDC
315,1.0279420241742114,2933610306741.3,203,S0_baseline,indonesia,USDC
316,1.0263094191823048,2933610306741.3,203,S0_baseline,indonesia,USDC
317,1.0278001485628225,2933610306741.3,203,S0_baseline,indonesia,USDC
318,1.01485334957342,2933610306741.3,203,S0_baseline,indonesia,USDC
319,1.0066424613889524,2933610306741.3,203,S0_baseline,indonesia,USDC
320,1.0215295386629077,2933610306741.3,203,S0_baseline,indonesia,USDC
321,1.0045826854967101,2933610306741.3,203,S0_baseline,indonesia,USDC
322,0.9920686675582239,2933610306741.3,203,S0_baseline,indonesia,USDC
323,1.0076359813576583,2933610306741.3,203,S0_baseline,indonesia,USDC
324,0.99258917040359,2933610306741.3,203,S0_baseline,indonesia,USDC
325,0.9943538737462189,2933610306741.3,203,S0_baseline,indonesia,USDC
326,0.9782568929181895,2933610306741.3,203,S0_baseline,indonesia,USDC
327,0.9974196386617961,2933610306741.3,203,S0_baseline,indonesia,USDC
328,0.9939854515032615,2933610306741.3,203,S0_baseline,indonesia,USDC
329,1.0268815272507343,2933610306741.3,203,S0_baseline,indonesia,USDC
330,1.0409176532205624,2933610306741.3,203,S0_baseline,indonesia,USDC
331,1.0231570811915047,2933610306741.3,203,S0_baseline,indonesia,USDC
332,0.9984695317462522,2933610306741.3,203,S0_baseline,indonesia,USDC
333,0.9870141478133369,2933610306741.3,203,S0_baseline,indonesia,USDC
334,1.019678411197368,2933610306741.3,203,S0_baseline,indonesia,USDC
335,1.0199486301043241,2933610306741.3,203,S0_baseline,indonesia,USDC
336,1.0097197115425167,2933610306741.3,203,S0_baseline,indonesia,USDC
337,1.0152553247091622,2933610306741.3,203,S0_baseline,indonesia,USDC
338,1.032466468712911,2933610306741.3,203,S0_baseline,indonesia,USDC
339,1.0167701884642157,2933610306741.3,203,S0_baseline,indonesia,USDC
340,1.0166782036889634,2933610306741.3,203,S0_baseline,indonesia,USDC
341,1.0258849212745533,2933610306741.3,203,S0_baseline,indonesia,USDC
342,1.0218446448357632,2933610306741.3,203,S0_baseline,indonesia,USDC
343,1.0439693443009834,2933610306741.3,203,S0_baseline,indonesia,USDC
344,1.0453767106683132,2933610306741.3,203,S0_baseline,indonesia,USDC
345,1.0478979258226475,2933610306741.3,203,S0_baseline,indonesia,USDC
346,1.0434464796981595,2933610306741.3,203,S0_baseline,indonesia,USDC
347,1.047066999441728,2933610306741.3,203,S0_baseline,indonesia,USDC
348,1.053600432397188,2933610306741.3,203,S0_baseline,indonesia,USDC
349,0.9918054003755394,2933610306741.3,203,S0_baseline,indonesia,USDC
350,0.9658335048698148,2933610306741.3,203,S0_baseline,indonesia,USDC
351,0.9697691553073755,2933598976909.493,203,S0_baseline,indonesia,USDC
352,0.9751240526344245,2933597915630.929,203,S0_baseline,indonesia,USDC
353,1.004945897440175,2933597915630.929,203,S0_baseline,indonesia,USDC
354,1.033887581121063,2933597915630.929,203,S0_baseline,indonesia,USDC
355,1.0202350390026065,2933597915630.929,203,S0_baseline,indonesia,USDC
356,1.0509816584659384,2933597915630.929,203,S0_baseline,indonesia,USDC
357,1.0096057765516717,2933597915630.929,203,S0_baseline,indonesia,USDC
358,1.0080198104664682,2933597915630.929,203,S0_baseline,indonesia,USDC
359,1.0141164602094002,2933597915630.929,203,S0_baseline,indonesia,USDC
360,0.9892030757073643,2933597915630.929,203,S0_baseline,indonesia,USDC
361,0.9719101211879257,2933597915630.929,203,S0_baseline,indonesia,USDC
362,1.0286640552078181,2933597915630.929,203,S0_baseline,indonesia,USDC
363,1.0642193096921218,2933597915630.929,203,S0_baseline,indonesia,USDC
364,1.0279032411317273,2933597915630.929,203,S0_baseline,indonesia,USDC
365,1.0397908117101538,2933597915630.929,203,S0_baseline,indonesia,USDC
366,1.036642679297632,2933597915630.929,203,S0_baseline,indonesia,USDC
367,1.0567849947266026,2933597915630.929,203,S0_baseline,indonesia,USDC
368,1.0626153982510091,2933597915630.929,203,S0_baseline,indonesia,USDC
369,1.0918744431220515,2933597915630.929,203,S0_baseline,indonesia,USDC
370,1.1095136375792505,2933597915630.929,203,S0_baseline,indonesia,USDC
371,1.0647911544668234,2933597915630.929,203,S0_baseline,indonesia,USDC
372,1.0597341238638391,2933597915630.929,203,S0_baseline,indonesia,USDC
373,1.0534427239880486,2933597915630.929,203,S0_baseline,indonesia,USDC
374,1.0305406231047871,2933597915630.929,203,S0_baseline,indonesia,USDC
375,1.0330825832037511,2933597915630.929,203,S0_baseline,indonesia,USDC
376,1.0205903765673585,2933597915630.929,203,S0_baseline,indonesia,USDC
377,1.0002734817952312,2933597915630.929,203,S0_baseline,indonesia,USDC
378,1.0388359490839891,2933597915630.929,203,S0_baseline,indonesia,USDC
379,1.0366342568937814,2933597915630.929,203,S0_baseline,indonesia,USDC
380,1.0337175147445676,2933597915630.929,203,S0_baseline,indonesia,USDC
381,1.043624954906179,2933597915630.929,203,S0_baseline,indonesia,USDC
382,1.0524045319372983,2933597915630.929,203,S0_baseline,indonesia,USDC
383,1.0224201092564706,2933597915630.929,203,S0_baseline,indonesia,USDC
384,1.0368862757834687,2933597915630.929,203,S0_baseline,indonesia,USDC
385,1.0239050501140874,2933597915630.929,203,S0_baseline,indonesia,USDC
386,1.0157634541367138,2933597915630.929,203,S0_baseline,indonesia,USDC
387,1.0153894845100992,2933597915630.929,203,S0_baseline,indonesia,USDC
388,1.0290817385067934,2933597915630.929,203,S0_baseline,indonesia,USDC
389,1.0019410208535053,2933597915630.929,203,S0_baseline,indonesia,USDC
390,0.9971800067601748,2933597915630.929,203,S0_baseline,indonesia,USDC
391,0.9930023235646317,2933597915630.929,203,S0_baseline,indonesia,USDC
392,0.9676251531238782,2933597915630.929,203,S0_baseline,indonesia,USDC
393,0.9530024896958624,2933587000178.4478,203,S0_baseline,indonesia,USDC
394,0.9748354711227714,2933516273921.583,203,S0_baseline,indonesia,USDC
395,0.9663336146388354,2933516273921.583,203,S0_baseline,indonesia,USDC
396,0.9578600672065012,2933502309959.426,203,S0_baseline,indonesia,USDC
397,0.9578138426219389,2933453962958.084,203,S0_baseline,indonesia,USDC
398,0.9521100047305412,2933402856538.0234,203,S0_baseline,indonesia,USDC
399,0.9597892588503142,2933327796799.4487,203,S0_baseline,indonesia,USDC
400,0.9648948012218233,2933289523383.861,203,S0_baseline,indonesia,USDC
401,0.989832381843561,2933267681576.1836,203,S0_baseline,indonesia,USDC
402,0.9831875420447354,2933267681576.1836,203,S0_baseline,indonesia,USDC
403,0.9989070641476951,2933267681576.1836,203,S0_baseline,indonesia,USDC
404,1.0253989872893865,2933267681576.1836,203,S0_baseline,indonesia,USDC
405,1.0116084760648165,2933267681576.1836,203,S0_baseline,indonesia,USDC
406,1.0215366624076494,2933267681576.1836,203,S0_baseline,indonesia,USDC
407,1.0487512074544205,2933267681576.1836,203,S0_baseline,indonesia,USDC
408,1.0602364119749728,2933267681576.1836,203,S0_baseline,indonesia,USDC
409,1.029900738832215,2933267681576.1836,203,S0_baseline,indonesia,USDC
410,1.0849806985950194,2933267681576.1836,203,S0_baseline,indonesia,USDC
411,1.0869932808019822,2933267681576.1836,203,S0_baseline,indonesia,USDC
412,1.0904571022333966,2933267681576.1836,203,S0_baseline,indonesia,USDC
413,1.0994116825927416,2933267681576.1836,203,S0_baseline,indonesia,USDC
414,1.104649619278106,2933267681576.1836,203,S0_baseline,indonesia,USDC
415,1.0667305635682958,2933267681576.1836,203,S0_baseline,indonesia,USDC
416,1.0478358423489869,2933267681576.1836,203,S0_baseline,indonesia,USDC
417,1.034955418075378,2933267681576.1836,203,S0_baseline,indonesia,USDC
418,0.9878368086282345,2933267681576.1836,203,S0_baseline,indonesia,USDC
419,0.9882438548381278,2933267681576.1836,203,S0_baseline,indonesia,USDC
420,0.984654054664658,2933267681576.1836,203,S0_baseline,indonesia,USDC
421,0.9749688246963717,2933267681576.1836,203,S0_baseline,indonesia,USDC
422,0.9397318088167744,2933267681576.1836,203,S0_baseline,indonesia,USDC
423,0.938351126772226,2933151689890.254,203,S0_baseline,indonesia,USDC
424,0.9320298049377062,2933020782244.9443,203,S0_baseline,indonesia,USDC
425,0.9280998312417114,2932882450786.728,203,S0_baseline,indonesia,USDC
426,0.9127986429278145,2932734643288.7437,203,S0_baseline,indonesia,USDC
427,0.9162651296540881,2932533460855.9883,203,S0_baseline,indonesia,USDC
428,0.9227262561614358,2932360096901.538,203,S0_baseline,indonesia,USDC
429,0.93303762920501,2932207508528.034,203,S0_baseline,indonesia,USDC
430,0.9317763635793045,2932094082422.0327,203,S0_baseline,indonesia,USDC
431,0.9729437021269122,2931977655793.5664,203,S0_baseline,indonesia,USDC
432,0.9853943757037255,2931977655793.5664,203,S0_baseline,indonesia,USDC
433,0.9884496089337943,2931977655793.5664,203,S0_baseline,indonesia,USDC
434,0.9849535101718302,2931977655793.5664,203,S0_baseline,indonesia,USDC
435,0.9950825774366308,2931977655793.5664,203,S0_baseline,indonesia,USDC
436,0.9975498135820231,2931977655793.5664,203,S0_baseline,indonesia,USDC
437,0.990606501248307,2931977655793.5664,203,S0_baseline,indonesia,USDC
438,1.0013239092216695,2931977655793.5664,203,S0_baseline,indonesia,USDC
439,1.004667455046304,2931977655793.5664,203,S0_baseline,indonesia,USDC
440,0.9785804270613254,2931977655793.5664,203,S0_baseline,indonesia,USDC
441,0.9985452899912012,2931977655793.5664,203,S0_baseline,indonesia,USDC
442,1.0342878696724815,2931977655793.5664,203,S0_baseline,indonesia,USDC
443,1.0213921127483356,2931977655793.5664,203,S0_baseline,indonesia,USDC
444,1.0354147799356843,2931977655793.5664,203,S0_baseline,indonesia,USDC
445,1.03100733059069,2931977655793.5664,203,S0_baseline,indonesia,USDC
446,1.0108801255461126,2931977655793.5664,203,S0_baseline,indonesia,USDC
447,1.0250925718192032,2931977655793.5664,203,S0_baseline,indonesia,USDC
448,1.052749160068584,2931977655793.5664,203,S0_baseline,indonesia,USDC
449,1.058452184754732,2931977655793.5664,203,S0_baseline,indonesia,USDC
450,1.0629207277425112,2931977655793.5664,203,S0_baseline,indonesia,USDC
451,1.0279398482853508,2931977655793.5664,203,S0_baseline,indonesia,USDC
452,1.003280369445126,2931977655793.5664,203,S0_baseline,indonesia,USDC
453,1.0091085377071833,2931977655793.5664,203,S0_baseline,indonesia,USDC
454,1.0209022485426649,2931977655793.5664,203,S0_baseline,indonesia,USDC
455,1.0354978931074381,2931977655793.5664,203,S0_baseline,indonesia,USDC
456,1.0273728600158396,2931977655793.5664,203,S0_baseline,indonesia,USDC
457,1.044040843742919,2931977655793.5664,203,S0_baseline,indonesia,USDC
458,1.0529240100378123,2931977655793.5664,203,S0_baseline,indonesia,USDC
459,1.0282094067444505,2931977655793.5664,203,S0_baseline,indonesia,USDC
460,1.0154352509924736,2931977655793.5664,203,S0_baseline,indonesia,USDC
461,0.9901934745002745,2931977655793.5664,203,S0_baseline,indonesia,USDC
462,0.995796855600447,2931977655793.5664,203,S0_baseline,indonesia,USDC
463,0.9965625439228338,2931977655793.5664,203,S0_baseline,indonesia,USDC
464,1.0189135263933926,2931977655793.5664,203,S0_baseline,indonesia,USDC
465,1.0205087863153945,2931977655793.5664,203,S0_baseline,indonesia,USDC
466,1.0460918840020577,2931977655793.5664,203,S0_baseline,indonesia,USDC
467,1.0636506095057094,2931977655793.5664,203,S0_baseline,indonesia,USDC
468,1.0562844140002199,2931977655793.5664,203,S0_baseline,indonesia,USDC
469,1.0840016474008305,2931977655793.5664,203,S0_baseline,indonesia,USDC
470,1.050311746145917,2931977655793.5664,203,S0_baseline,indonesia,USDC
471,0.9144383335186957,2931977655793.5664,203,S0_baseline,indonesia,USDC
472,0.9084350895553557,2931827604882.5967,203,S0_baseline,indonesia,USDC
473,0.8917756254346211,2931669682655.9463,203,S0_baseline,indonesia,USDC
474,0.9161093337796359,2931475105456.5264,203,S0_baseline,indonesia,USDC
475,0.9282554084479375,2931348661238.1924,203,S0_baseline,indonesia,USDC
476,0.954164939783141,2931253589710.616,203,S0_baseline,indonesia,USDC
477,0.9499852154843619,2931220724145.8965,203,S0_baseline,indonesia,USDC
478,0.9503100489431917,2931183146650.325,203,S0_baseline,indonesia,USDC
479,0.9683032408586434,2931143448273.2637,203,S0_baseline,indonesia,USDC
480,0.978783682231328,2931143217055.5566,203,S0_baseline,indonesia,USDC
481,0.9976037064299788,2931143217055.5566,203,S0_baseline,indonesia,USDC
482,0.9776507779249122,2931143217055.5566,203,S0_baseline,indonesia,USDC
483,0.9433265132683017,2931143217055.5566,203,S0_baseline,indonesia,USDC
484,0.9431723230803608,2931091972735.5894,203,S0_baseline,indonesia,USDC
485,0.9343243058930379,2931037973181.447,203,S0_baseline,indonesia,USDC
486,0.9531991778837904,2930974577019.0337,203,S0_baseline,indonesia,USDC
487,0.9682342646261015,2930945710918.8604,203,S0_baseline,indonesia,USDC
488,0.9953476181268511,2930944406803.282,203,S0_baseline,indonesia,USDC
489,0.9885277353161535,2930944406803.282,203,S0_baseline,indonesia,USDC
490,0.9518370116306115,2930944406803.282,203,S0_baseline,indonesia,USDC
491,0.9801722292731276,2930912084554.167,203,S0_baseline,indonesia,USDC
492,1.005534631906256,2930912084554.167,203,S0_baseline,indonesia,USDC
493,1.0171050038536185,2930912084554.167,203,S0_baseline,indonesia,USDC
494,1.0169914512835814,2930912084554.167,203,S0_baseline,indonesia,USDC
495,1.0052400931735044,2930912084554.167,203,S0_baseline,indonesia,USDC
496,0.9923813210172014,2930912084554.167,203,S0_baseline,indonesia,USDC
497,1.0122474870047116,2930912084554.167,203,S0_baseline,indonesia,USDC
498,1.0395709004257154,2930912084554.167,203,S0_baseline,indonesia,USDC
499,1.0633895346959237,2930912084554.167,203,S0_baseline,indonesia,USDC
500,1.0328710569971218,2930912084554.167,203,S0_baseline,indonesia,USDC
501,1.0237681427040077,2930912084554.167,203,S0_baseline,indonesia,USDC
502,1.013784468739961,2930912084554.167,203,S0_baseline,indonesia,USDC
503,1.0212233871284098,2930912084554.167,203,S0_baseline,indonesia,USDC
504,1.0131883016272882,2930912084554.167,203,S0_baseline,indonesia,USDC
505,0.9915011897304379,2930912084554.167,203,S0_baseline,indonesia,USDC
506,0.9890612049334971,2930912084554.167,203,S0_baseline,indonesia,USDC
507,0.9782950482975473,2930912084554.167,203,S0_baseline,indonesia,USDC
508,0.9981662221870127,2930912084554.167,203,S0_baseline,indonesia,USDC
509,0.9331772125079515,2930912084554.167,203,S0_baseline,indonesia,USDC
510,0.9423539417665693,2930844795390.9307,203,S0_baseline,indonesia,USDC
511,0.9609373657178563,2930799591248.102,203,S0_baseline,indonesia,USDC
512,0.9846364084275602,2930785180304.281,203,S0_baseline,indonesia,USDC
513,0.9876451807122574,2930785180304.281,203,S0_baseline,indonesia,USDC
514,1.0087269681434101,2930785180304.281,203,S0_baseline,indonesia,USDC
515,1.0249122226872478,2930785180304.281,203,S0_baseline,indonesia,USDC
516,1.0419263337323603,2930785180304.281,203,S0_baseline,indonesia,USDC
517,1.0108226429233107,2930785180304.281,203,S0_baseline,indonesia,USDC
518,1.009026038449592,2930785180304.281,203,S0_baseline,indonesia,USDC
519,0.9809051759588232,2930785180304.281,203,S0_baseline,indonesia,USDC
520,0.9552631044773982,2930785180304.281,203,S0_baseline,indonesia,USDC
521,0.9614934667667439,2930762724049.185,203,S0_baseline,indonesia,USDC
522,0.9516626613404041,2930748489230.002,203,S0_baseline,indonesia,USDC
523,0.9460561336331936,2930718072658.4053,203,S0_baseline,indonesia,USDC
524,0.9215627293694537,2930683496544.0547,203,S0_baseline,indonesia,USDC
525,0.9261537702362544,2930606397944.074,203,S0_baseline,indonesia,USDC
526,0.9212795242899112,2930545675684.031,203,S0_baseline,indonesia,USDC
527,0.9380236845982058,2930475048669.631,203,S0_baseline,indonesia,USDC
528,0.9579843367193421,2930433878516.768,203,S0_baseline,indonesia,USDC
529,0.9555516173041976,2930420648275.2744,203,S0_baseline,indonesia,USDC
530,0.9646740827286305,2930404500919.8184,203,S0_baseline,indonesia,USDC
531,0.9589091411112309,2930397555411.2666,203,S0_baseline,indonesia,USDC
532,0.9403841301055625,2930383171278.254,203,S0_baseline,indonesia,USDC
533,0.9417449093627318,2930345200567.3154,203,S0_baseline,indonesia,USDC
534,0.9262956911161352,2930313701010.8447,203,S0_baseline,indonesia,USDC
535,0.9516307946546161,2930265258376.033,203,S0_baseline,indonesia,USDC
536,0.9418007872146149,2930246746783.493,203,S0_baseline,indonesia,USDC
537,0.9646189822257575,2930215654397.4443,203,S0_baseline,indonesia,USDC
538,0.9435185572823279,2930210353214.6963,203,S0_baseline,indonesia,USDC
539,0.9435721711734955,2930181119186.458,203,S0_baseline,indonesia,USDC
540,0.9782399956224107,2930152740831.4395,203,S0_baseline,indonesia,USDC
541,0.9790181766273136,2930152740831.4395,203,S0_baseline,indonesia,USDC
542,0.9807806668753114,2930152740831.4395,203,S0_baseline,indonesia,USDC
543,1.0020899691915237,2930152740831.4395,203,S0_baseline,indonesia,USDC
544,1.0015534647221669,2930152740831.4395,203,S0_baseline,indonesia,USDC
545,0.9879166795519057,2930152740831.4395,203,S0_baseline,indonesia,USDC
546,0.9902619163515104,2930152740831.4395,203,S0_baseline,indonesia,USDC
547,1.0079401610125787,2930152740831.4395,203,S0_baseline,indonesia,USDC
548,0.9894211944734965,2930152740831.4395,203,S0_baseline,indonesia,USDC
549,0.9628999077988011,2930152740831.4395,203,S0_baseline,indonesia,USDC
550,0.9751046871328783,2930145964684.947,203,S0_baseline,indonesia,USDC
551,0.9472470274550477,2930145964684.947,203,S0_baseline,indonesia,USDC
552,0.9744154817578162,2930122357019.435,203,S0_baseline,indonesia,USDC
553,0.9872046584289517,2930122357019.435,203,S0_baseline,indonesia,USDC
554,0.9660466044160972,2930122357019.435,203,S0_baseline,indonesia,USDC
555,0.9748904681487696,2930118351335.3955,203,S0_baseline,indonesia,USDC
556,0.9620471073272842,2930118351335.3955,203,S0_baseline,indonesia,USDC
557,0.9643598095468073,2930112241004.9277,203,S0_baseline,indonesia,USDC
558,0.9535400727660472,2930106585036.984,203,S0_baseline,indonesia,USDC
559,0.9367144132174282,2930092490991.3643,203,S0_baseline,indonesia,USDC
560,0.9415404971238226,2930062898719.676,203,S0_baseline,indonesia,USDC
561,0.9424889601372093,2930038589758.427,203,S0_baseline,indonesia,USDC
562,0.9381870916759749,2930015755907.8105,203,S0_baseline,indonesia,USDC
563,0.9248652764327973,2929988858675.6616,203,S0_baseline,indonesia,USDC
564,0.9000714863944717,2929951547039.82,203,S0_baseline,indonesia,USDC
565,0.8852019568552042,2929893007541.8696,203,S0_baseline,indonesia,USDC
566,0.9204684951831229,2929828616611.747,203,S0_baseline,indonesia,USDC
567,0.9704566027971011,2929793429378.648,203,S0_baseline,indonesia,USDC
568,0.9749783783924719,2929793429378.648,203,S0_baseline,indonesia,USDC
569,0.9574113351244504,2929793429378.648,203,S0_baseline,indonesia,USDC
570,0.9974867956886664,2929786378543.337,203,S0_baseline,indonesia,USDC
571,0.9803810085149833,2929786378543.337,203,S0_baseline,indonesia,USDC
572,0.9622578798800263,2929786378543.337,203,S0_baseline,indonesia,USDC
573,0.9515849609549942,2929781215659.042,203,S0_baseline,indonesia,USDC
574,0.9717720263682488,2929769577692.9336,203,S0_baseline,indonesia,USDC
575,0.9907090735516971,2929769577692.9336,203,S0_baseline,indonesia,USDC
576,0.9731555515992706,2929769577692.9336,203,S0_baseline,indonesia,USDC
577,0.958173613358648,2929769577692.9336,203,S0_baseline,indonesia,USDC
578,0.9516683949964021,2929761896026.853,203,S0_baseline,indonesia,USDC
579,0.9711050558986861,2929750134158.486,203,S0_baseline,indonesia,USDC
580,1.0184696665748918,2929750134158.486,203,S0_baseline,indonesia,USDC
581,1.0063131989147924,2929750134158.486,203,S0_baseline,indonesia,USDC
582,1.0078499796309262,2929750134158.486,203,S0_baseline,indonesia,USDC
583,0.9708754264132258,2929750134158.486,203,S0_baseline,indonesia,USDC
584,0.981884648061989,2929750134158.486,203,S0_baseline,indonesia,USDC
585,0.9735484739031489,2929750134158.486,203,S0_baseline,indonesia,USDC
586,0.956388891272241,2929750134158.486,203,S0_baseline,indonesia,USDC
587,0.9489458468409415,2929742938724.569,203,S0_baseline,indonesia,USDC
588,0.9758011178517475,2929729841497.3467,203,S0_baseline,indonesia,USDC
589,0.9677906219234789,2929729841497.3467,203,S0_baseline,indonesia,USDC
590,0.9744555846178209,2929728496933.841,203,S0_baseline,indonesia,USDC
591,1.018479336008331,2929728496933.841,203,S0_baseline,indonesia,USDC
592,1.0138406553633255,2929728496933.841,203,S0_baseline,indonesia,USDC
593,1.0024682030837078,2929728496933.841,203,S0_baseline,indonesia,USDC
594,0.9709314613987388,2929728496933.841,203,S0_baseline,indonesia,USDC
595,0.9729948636959194,2929728496933.841,203,S0_baseline,indonesia,USDC
596,0.9854461577369419,2929728496933.841,203,S0_baseline,indonesia,USDC
597,0.9645149953824828,2929728496933.841,203,S0_baseline,indonesia,USDC
598,0.9562281308893541,2929725877105.4805,203,S0_baseline,indonesia,USDC
599,0.9489804900487182,2929717552230.476,203,S0_baseline,indonesia,USDC
600,0.9498328137332798,2929705026668.9883,203,S0_baseline,indonesia,USDC
601,0.9628263436454718,2929693747598.399,203,S0_baseline,indonesia,USDC
602,0.974225587286779,2929690350080.6826,203,S0_baseline,indonesia,USDC
603,0.9677681318517292,2929690350080.6826,203,S0_baseline,indonesia,USDC
604,0.9697350138141658,2929689997852.563,203,S0_baseline,indonesia,USDC
605,0.953334525928204,2929689896765.9624,203,S0_baseline,indonesia,USDC
606,0.9727244349833158,2929680874954.6875,203,S0_baseline,indonesia,USDC
607,0.9609978029309899,2929680874954.6875,203,S0_baseline,indonesia,USDC
608,0.9539771083920948,2929676939254.877,203,S0_baseline,indonesia,USDC
609,0.9685424365828839,2929668912854.673,203,S0_baseline,indonesia,USDC
610,0.9646264669342409,2929668912854.673,203,S0_baseline,indonesia,USDC
611,0.981394841969197,2929666618024.3135,203,S0_baseline,indonesia,USDC
612,0.945806373537826,2929666618024.3135,203,S0_baseline,indonesia,USDC
613,0.9690257832478841,2929653471396.444,203,S0_baseline,indonesia,USDC
614,0.9817931305086594,2929652955218.4395,203,S0_baseline,indonesia,USDC
615,0.9776595317902723,2929652955218.4395,203,S0_baseline,indonesia,USDC
616,0.9666485888417293,2929652955218.4395,203,S0_baseline,indonesia,USDC
617,0.9463779390043964,2929651181293.618,203,S0_baseline,indonesia,USDC
618,0.9379518881422305,2929639665414.578,203,S0_baseline,indonesia,USDC
619,0.9283784161831233,2929623671807.577,203,S0_baseline,indonesia,USDC
620,0.9416514978497661,2929603503245.549,203,S0_baseline,indonesia,USDC
621,0.9733337982390625,2929590864965.821,203,S0_baseline,indonesia,USDC
622,0.972067829419776,2929590864965.821,203,S0_baseline,indonesia,USDC
623,0.9791227359862005,2929590864965.821,203,S0_baseline,indonesia,USDC
624,0.9628672153792501,2929590864965.821,203,S0_baseline,indonesia,USDC
625,0.965465208057151,2929588122885.511,203,S0_baseline,indonesia,USDC
626,0.9809324111310509,2929586290741.582,203,S0_baseline,indonesia,USDC
627,0.9733780002748132,2929586290741.582,203,S0_baseline,indonesia,USDC
628,0.9557960665086636,2929586290741.582,203,S0_baseline,indonesia,USDC
629,0.9467179115556744,2929579748685.845,203,S0_baseline,indonesia,USDC
630,0.9510415559124246,2929569989707.462,203,S0_baseline,indonesia,USDC
631,0.9483263358717741,2929561576416.792,203,S0_baseline,indonesia,USDC
632,0.929016961778067,2929553270330.178,203,S0_baseline,indonesia,USDC
633,0.938508160669431,2929535789469.913,203,S0_baseline,indonesia,USDC
634,0.9380189168539839,2929523337784.545,203,S0_baseline,indonesia,USDC
635,0.9023547154305261,2929511503431.1377,203,S0_baseline,indonesia,USDC
636,0.883679047133955,2929486816077.84,203,S0_baseline,indonesia,USDC
637,0.8765171431600113,2929455910641.7305,203,S0_baseline,indonesia,USDC
638,0.9150461319375592,2929425419516.623,203,S0_baseline,indonesia,USDC
639,0.9192860134839904,2929410062282.754,203,S0_baseline,indonesia,USDC
640,0.9383179736677327,2929397043627.089,203,S0_baseline,indonesia,USDC
641,0.923805996606709,2929388632668.524,203,S0_baseline,indonesia,USDC
642,0.9402907660754374,2929377747982.8516,203,S0_baseline,indonesia,USDC
643,0.9269090964484453,2929370694593.509,203,S0_baseline,indonesia,USDC
644,0.9115284844076245,2929360711026.587,203,S0_baseline,indonesia,USDC
645,0.955928430812966,2929348386790.5396,203,S0_baseline,indonesia,USDC
646,0.9667685557719766,2929345356917.69,203,S0_baseline,indonesia,USDC
647,0.9777119929213876,2929344904062.527,203,S0_baseline,indonesia,USDC
648,0.9816785635193886,2929344904062.527,203,S0_baseline,indonesia,USDC
649,0.9956308370924679,2929344904062.527,203,S0_baseline,indonesia,USDC
650,0.9713464308829689,2929344904062.527,203,S0_baseline,indonesia,USDC
651,0.9617970952375399,2929344904062.527,203,S0_baseline,indonesia,USDC
652,0.9948540365495319,2929343571707.123,203,S0_baseline,indonesia,USDC
653,0.9981207535281967,2929343571707.123,203,S0_baseline,indonesia,USDC
654,0.9888780592441206,2929343571707.123,203,S0_baseline,indonesia,USDC
655,1.0013047973592577,2929343571707.123,203,S0_baseline,indonesia,USDC
656,1.0218386165637174,2929343571707.123,203,S0_baseline,indonesia,USDC
657,1.0103180766232367,2929343571707.123,203,S0_baseline,indonesia,USDC
658,0.9897134991612803,2929343571707.123,203,S0_baseline,indonesia,USDC
659,0.9988322602726303,2929343571707.123,203,S0_baseline,indonesia,USDC
660,0.9908301676700138,2929343571707.123,203,S0_baseline,indonesia,USDC
661,0.9918402433965394,2929343571707.123,203,S0_baseline,indonesia,USDC
662,0.9983583032053315,2929343571707.123,203,S0_baseline,indonesia,USDC
663,0.9814438249491705,2929343571707.123,203,S0_baseline,indonesia,USDC
664,0.9713928806695262,2929343571707.123,203,S0_baseline,indonesia,USDC
665,0.988447766773467,2929343571707.123,203,S0_baseline,indonesia,USDC
666,0.968288012494804,2929343571707.123,203,S0_baseline,indonesia,USDC
667,0.9924310027585073,2929343321351.178,203,S0_baseline,indonesia,USDC
668,1.0040158609593766,2929343321351.178,203,S0_baseline,indonesia,USDC
669,1.008382943107363,2929343321351.178,203,S0_baseline,indonesia,USDC
670,0.9710424154481696,2929343321351.178,203,S0_baseline,indonesia,USDC
671,0.9917519081419638,2929343321351.178,203,S0_baseline,indonesia,USDC
672,1.0051197456489682,2929343321351.178,203,S0_baseline,indonesia,USDC
673,1.0221752916298819,2929343321351.178,203,S0_baseline,indonesia,USDC
674,1.0394617473698984,2929343321351.178,203,S0_baseline,indonesia,USDC
675,1.0222454741753375,2929343321351.178,203,S0_baseline,indonesia,USDC
676,0.9887726363801219,2929343321351.178,203,S0_baseline,indonesia,USDC
677,1.0290378720365299,2929343321351.178,203,S0_baseline,indonesia,USDC
678,1.019353360349489,2929343321351.178,203,S0_baseline,indonesia,USDC
679,1.0028274475831505,2929343321351.178,203,S0_baseline,indonesia,USDC
680,1.018123327294296,2929343321351.178,203,S0_baseline,indonesia,USDC
681,1.0128865606131583,2929343321351.178,203,S0_baseline,indonesia,USDC
682,1.007078193868631,2929343321351.178,203,S0_baseline,indonesia,USDC
683,1.0027183179366497,2929343321351.178,203,S0_baseline,indonesia,USDC
684,0.9743111538821473,2929343321351.178,203,S0_baseline,indonesia,USDC
685,0.9660552496495365,2929343321351.178,203,S0_baseline,indonesia,USDC
686,0.9310098872251896,2929342610054.3203,203,S0_baseline,indonesia,USDC
687,0.9454576889522096,2929334686224.724,203,S0_baseline,indonesia,USDC
688,0.9560924599412685,2929329929209.6523,203,S0_baseline,indonesia,USDC
689,0.9608875849830871,2929327630225.329,203,S0_baseline,indonesia,USDC
690,0.95606389648356,2929325988323.345,203,S0_baseline,indonesia,USDC
691,0.9751783980327771,2929323731706.6904,203,S0_baseline,indonesia,USDC
692,0.9908245893287212,2929323731706.6904,203,S0_baseline,indonesia,USDC
693,1.0241954641511486,2929323731706.6904,203,S0_baseline,indonesia,USDC
694,1.0651012818323033,2929323731706.6904,203,S0_baseline,indonesia,USDC
695,1.0692247258057552,2929323731706.6904,203,S0_baseline,indonesia,USDC
696,1.0785116145663614,2929323731706.6904,203,S0_baseline,indonesia,USDC
697,1.0899405590665194,2929323731706.6904,203,S0_baseline,indonesia,USDC
698,1.0534980600919306,2929323731706.6904,203,S0_baseline,indonesia,USDC
699,1.061169109803175,2929323731706.6904,203,S0_baseline,indonesia,USDC
700,1.016838254824961,2929323731706.6904,203,S0_baseline,indonesia,USDC
701,1.0062413913912684,2929323731706.6904,203,S0_baseline,indonesia,USDC
702,1.0188044295167398,2929323731706.6904,203,S0_baseline,indonesia,USDC
703,1.0157932842963988,2929323731706.6904,203,S0_baseline,indonesia,USDC
704,1.0241941968142596,2929323731706.6904,203,S0_baseline,indonesia,USDC
705,1.0432421928543198,2929323731706.6904,203,S0_baseline,indonesia,USDC
706,1.0380430680948438,2929323731706.6904,203,S0_baseline,indonesia,USDC
707,0.9933123669050278,2929323731706.6904,203,S0_baseline,indonesia,USDC
708,0.9816936061402196,2929323731706.6904,203,S0_baseline,indonesia,USDC
709,0.9959764054521969,2929323731706.6904,203,S0_baseline,indonesia,USDC
710,0.952860899932796,2929323731706.6904,203,S0_baseline,indonesia,USDC
711,0.9526251297963356,2929320776144.0566,203,S0_baseline,indonesia,USDC
712,0.9401861348899277,2929317679245.689,203,S0_baseline,indonesia,USDC
713,0.9795603569203376,2929312752861.745,203,S0_baseline,indonesia,USDC
714,0.9926410813034567,2929312752861.745,203,S0_baseline,indonesia,USDC
715,0.9790979467413296,2929312752861.745,203,S0_baseline,indonesia,USDC
716,0.9372449381097349,2929312752861.745,203,S0_baseline,indonesia,USDC
717,0.9469041065308517,2929307463721.2207,203,S0_baseline,indonesia,USDC
718,0.9477236145787566,2929303924753.1685,203,S0_baseline,indonesia,USDC
719,0.9489742310850737,2929300149315.512,203,S0_baseline,indonesia,USDC
720,0.9566946844391322,2929296810763.086,203,S0_baseline,indonesia,USDC
721,0.9453329624381109,2929294653338.112,203,S0_baseline,indonesia,USDC
722,0.9402071936597309,2929291145627.4326,203,S0_baseline,indonesia,USDC
723,0.9690301855436709,2929286647355.3022,203,S0_baseline,indonesia,USDC
724,0.9797516969147784,2929286500263.68,203,S0_baseline,indonesia,USDC
725,1.0033759129924942,2929286500263.68,203,S0_baseline,indonesia,USDC
726,1.003907660670379,2929286500263.68,203,S0_baseline,indonesia,USDC
727,1.0119063895547484,2929286500263.68,203,S0_baseline,indonesia,USDC
728,1.0187250118459188,2929286500263.68,203,S0_baseline,indonesia,USDC
729,0.9983497868965707,2929286500263.68,203,S0_baseline,indonesia,USDC
730,1.0194247703953607,2929286500263.68,203,S0_baseline,indonesia,USDC
731,1.0093594307049518,2929286500263.68,203,S0_baseline,indonesia,USDC
732,1.0091468673818385,2929286500263.68,203,S0_baseline,indonesia,USDC
733,1.007839977589887,2929286500263.68,203,S0_baseline,indonesia,USDC
734,1.0311827107939626,2929286500263.68,203,S0_baseline,indonesia,USDC
735,1.0115278902686022,2929286500263.68,203,S0_baseline,indonesia,USDC
736,1.007601058343353,2929286500263.68,203,S0_baseline,indonesia,USDC
737,1.0034363931581365,2929286500263.68,203,S0_baseline,indonesia,USDC
738,0.9956988291319603,2929286500263.68,203,S0_baseline,indonesia,USDC
739,0.9806271044300701,2929286500263.68,203,S0_baseline,indonesia,USDC
740,0.9677666660138693,2929286500263.68,203,S0_baseline,indonesia,USDC
741,0.9691159767293368,2929286161872.8936,203,S0_baseline,indonesia,USDC
742,0.995317963468919,2929286117789.8174,203,S0_baseline,indonesia,USDC
743,0.9929135782858883,2929286117789.8174,203,S0_baseline,indonesia,USDC
744,0.9876601598058474,2929286117789.8174,203,S0_baseline,indonesia,USDC
745,0.9982269936677007,2929286117789.8174,203,S0_baseline,indonesia,USDC
746,0.9781500797940894,2929286117789.8174,203,S0_baseline,indonesia,USDC
747,1.007819492614786,2929286117789.8174,203,S0_baseline,indonesia,USDC
748,1.0075905029710235,2929286117789.8174,203,S0_baseline,indonesia,USDC
749,1.0077372874015225,2929286117789.8174,203,S0_baseline,indonesia,USDC
750,0.9931315535231624,2929286117789.8174,203,S0_baseline,indonesia,USDC
751,1.007962994303761,2929286117789.8174,203,S0_baseline,indonesia,USDC
752,0.9815596036736657,2929286117789.8174,203,S0_baseline,indonesia,USDC
753,0.9823884505765987,2929286117789.8174,203,S0_baseline,indonesia,USDC
754,0.946777550590909,2929286117789.8174,203,S0_baseline,indonesia,USDC
755,0.939251389896105,2929282877685.496,203,S0_baseline,indonesia,USDC
756,0.9114303672364386,2929278634307.5537,203,S0_baseline,indonesia,USDC
757,0.9001763437287283,2929270234895.9546,203,S0_baseline,indonesia,USDC
758,0.9019571157740064,2929261269524.394,203,S0_baseline,indonesia,USDC
759,0.9267954714827683,2929252729656.128,203,S0_baseline,indonesia,USDC
760,0.9350718196044757,2929247973509.4155,203,S0_baseline,indonesia,USDC
761,0.9278733053838689,2929244311604.2383,203,S0_baseline,indonesia,USDC
762,0.929071149152139,2929240022069.873,203,S0_baseline,indonesia,USDC
763,0.928709414779097,2929236149156.875,203,S0_baseline,indonesia,USDC
764,0.9630562384939864,2929232152912.265,203,S0_baseline,indonesia,USDC
765,0.9515050785456217,2929231608019.931,203,S0_baseline,indonesia,USDC
766,0.9393419711178315,2929230006628.826,203,S0_baseline,indonesia,USDC
767,0.9590389208776818,2929227429829.9336,203,S0_baseline,indonesia,USDC
768,0.9451605325445307,2929226560873.532,203,S0_baseline,indonesia,USDC
769,0.9440865509887428,2929224332151.505,203,S0_baseline,indonesia,USDC
770,0.9418120261054365,2929222230477.379,203,S0_baseline,indonesia,USDC
771,0.9477776065467605,2929220075208.193,203,S0_baseline,indonesia,USDC
772,0.9364763649420471,2929218301360.9854,203,S0_baseline,indonesia,USDC
773,0.9333188206965897,2929215836842.1406,203,S0_baseline,indonesia,USDC
774,0.9350171524780181,2929213037345.2334,203,S0_baseline,indonesia,USDC
775,0.94262268659065,2929210632461.896,203,S0_baseline,indonesia,USDC
776,0.9296120402262977,2929208694964.462,203,S0_baseline,indonesia,USDC
777,0.9104130221197476,2929206065993.793,203,S0_baseline,indonesia,USDC
778,0.9215463731767074,2929202181216.027,203,S0_baseline,indonesia,USDC
779,0.9399260178868737,2929199304901.4697,203,S0_baseline,indonesia,USDC
780,0.9498114848409656,2929197512570.928,203,S0_baseline,indonesia,USDC
781,0.9562250926644691,2929196406131.4355,203,S0_baseline,indonesia,USDC
782,1.0022879276977796,2929195598402.97,203,S0_baseline,indonesia,USDC
783,1.0034341543574001,2929195598402.97,203,S0_baseline,indonesia,USDC
784,1.013839727504935,2929195598402.97,203,S0_baseline,indonesia,USDC
785,1.041906668648873,2929195598402.97,203,S0_baseline,indonesia,USDC
786,1.0200919952666667,2929195598402.97,203,S0_baseline,indonesia,USDC
787,1.028723573770481,2929195598402.97,203,S0_baseline,indonesia,USDC
788,1.0208350708990779,2929195598402.97,203,S0_baseline,indonesia,USDC
789,1.0142729585966672,2929195598402.97,203,S0_baseline,indonesia,USDC
790,1.0125919715215388,2929195598402.97,203,S0_baseline,indonesia,USDC
791,1.0301490405832343,2929195598402.97,203,S0_baseline,indonesia,USDC
792,1.0068003980004376,2929195598402.97,203,S0_baseline,indonesia,USDC
793,1.0115870985157807,2929195598402.97,203,S0_baseline,indonesia,USDC
794,1.0103747542589343,2929195598402.97,203,S0_baseline,indonesia,USDC
795,0.8465965586426922,2929195598402.97,203,S0_baseline,indonesia,USDC
796,0.8761368071626027,2929188761868.3667,203,S0_baseline,indonesia,USDC
797,0.8886515467058187,2929184312001.715,203,S0_baseline,indonesia,USDC
798,0.9242309643406212,2929180640650.516,203,S0_baseline,indonesia,USDC
799,0.8856356446864687,2929178806795.698,203,S0_baseline,indonesia,USDC
800,0.9177856973011645,2929175622097.0747,203,S0_baseline,indonesia,USDC
801,0.9122502427530902,2929173832122.6514,203,S0_baseline,indonesia,USDC
802,0.9614902939320409,2929171893593.533,203,S0_baseline,indonesia,USDC
803,0.956546120401889,2929171609650.069,203,S0_baseline,indonesia,USDC
804,0.9460154066343541,2929171164672.5967,203,S0_baseline,indonesia,USDC
805,0.9521771291978769,2929170441301.7314,203,S0_baseline,indonesia,USDC
806,0.9358651086913415,2929169924322.4126,203,S0_baseline,indonesia,USDC
807,0.9058793717450995,2929168854642.936,203,S0_baseline,indonesia,USDC
808,0.9430916739842221,2929166916015.1655,203,S0_baseline,indonesia,USDC
809,0.938562915745962,2929166236587.1694,203,S0_baseline,indonesia,USDC
810,0.9186634813147245,2929165426808.828,203,S0_baseline,indonesia,USDC
811,0.9210310796820885,2929164164697.461,203,S0_baseline,indonesia,USDC
812,0.9250942742024105,2929162988109.672,203,S0_baseline,indonesia,USDC
813,0.9630093960580156,2929161962591.66,203,S0_baseline,indonesia,USDC
814,0.9388630607557235,2929161800906.92,203,S0_baseline,indonesia,USDC
815,0.9686173106561814,2929161109124.39,203,S0_baseline,indonesia,USDC
816,0.9871399671015963,2929161078360.9316,203,S0_baseline,indonesia,USDC
817,0.9774438372293968,2929161078360.9316,203,S0_baseline,indonesia,USDC
818,0.9845327507925827,2929161078360.9316,203,S0_baseline,indonesia,USDC
819,0.9918752820077722,2929161078360.9316,203,S0_baseline,indonesia,USDC
820,1.010046576317614,2929161078360.9316,203,S0_baseline,indonesia,USDC
821,1.0086908795126281,2929161078360.9316,203,S0_baseline,indonesia,USDC
822,0.9991602600045727,2929161078360.9316,203,S0_baseline,indonesia,USDC
823,0.9879587645739847,2929161078360.9316,203,S0_baseline,indonesia,USDC
824,1.00079380224322,2929161078360.9316,203,S0_baseline,indonesia,USDC
825,1.0026108894259935,2929161078360.9316,203,S0_baseline,indonesia,USDC
826,1.0196307901571655,2929161078360.9316,203,S0_baseline,indonesia,USDC
827,1.0241840622133453,2929161078360.9316,203,S0_baseline,indonesia,USDC
828,1.0113883557019439,2929161078360.9316,203,S0_baseline,indonesia,USDC
829,0.9944499334176153,2929161078360.9316,203,S0_baseline,indonesia,USDC
830,0.9692531607068858,2929161078360.9316,203,S0_baseline,indonesia,USDC
831,0.9603062286859593,2929161061768.188,203,S0_baseline,indonesia,USDC
832,0.9918441213723908,2929160890625.15,203,S0_baseline,indonesia,USDC
833,0.9925436142940703,2929160890625.15,203,S0_baseline,indonesia,USDC
834,0.9860395843512557,2929160890625.15,203,S0_baseline,indonesia,USDC
835,0.998814324582581,2929160890625.15,203,S0_baseline,indonesia,USDC
836,1.004130533035653,2929160890625.15,203,S0_baseline,indonesia,USDC
837,1.0204424895480377,2929160890625.15,203,S0_baseline,indonesia,USDC
838,1.0123185479801138,2929160890625.15,203,S0_baseline,indonesia,USDC
839,1.0264046595367375,2929160890625.15,203,S0_baseline,indonesia,USDC
840,1.0426786589539059,2929160890625.15,203,S0_baseline,indonesia,USDC
841,1.0339334440407673,2929160890625.15,203,S0_baseline,indonesia,USDC
842,1.0655824809563297,2929160890625.15,203,S0_baseline,indonesia,USDC
843,1.052531017327431,2929160890625.15,203,S0_baseline,indonesia,USDC
844,1.0304041587735806,2929160890625.15,203,S0_baseline,indonesia,USDC
845,1.0480534039430338,2929160890625.15,203,S0_baseline,indonesia,USDC
846,1.0258758255604863,2929160890625.15,203,S0_baseline,indonesia,USDC
847,1.031214538128653,2929160890625.15,203,S0_baseline,indonesia,USDC
848,1.0543517790087757,2929160890625.15,203,S0_baseline,indonesia,USDC
849,1.0588263483365739,2929160890625.15,203,S0_baseline,indonesia,USDC
850,1.0299482769660837,2929160890625.15,203,S0_baseline,indonesia,USDC
851,1.0148001570617664,2929160890625.15,203,S0_baseline,indonesia,USDC
852,1.0320073879210843,2929160890625.15,203,S0_baseline,indonesia,USDC
853,1.0388908574372862,2929160890625.15,203,S0_baseline,indonesia,USDC
854,1.032260934628309,2929160890625.15,203,S0_baseline,indonesia,USDC
855,1.0412669859793615,2929160890625.15,203,S0_baseline,indonesia,USDC
856,1.0322086317976347,2929160890625.15,203,S0_baseline,indonesia,USDC
857,1.056636646481113,2929160890625.15,203,S0_baseline,indonesia,USDC
858,1.0457528043319797,2929160890625.15,203,S0_baseline,indonesia,USDC
859,1.0105517317311825,2929160890625.15,203,S0_baseline,indonesia,USDC
860,1.0372597886620114,2929160890625.15,203,S0_baseline,indonesia,USDC
861,1.0198760611622957,2929160890625.15,203,S0_baseline,indonesia,USDC
862,1.0226228880349213,2929160890625.15,203,S0_baseline,indonesia,USDC
863,1.0122519559225596,2929160890625.15,203,S0_baseline,indonesia,USDC
864,1.0298771293145634,2929160890625.15,203,S0_baseline,indonesia,USDC
865,1.0243162384372089,2929160890625.15,203,S0_baseline,indonesia,USDC
866,1.0065892672032135,2929160890625.15,203,S0_baseline,indonesia,USDC
867,1.0111972634518098,2929160890625.15,203,S0_baseline,indonesia,USDC
868,1.0142443906308027,2929160890625.15,203,S0_baseline,indonesia,USDC
869,1.0398210272988677,2929160890625.15,203,S0_baseline,indonesia,USDC
870,1.023206297856436,2929160890625.15,203,S0_baseline,indonesia,USDC
871,1.0083157728229197,2929160890625.15,203,S0_baseline,indonesia,USDC
872,1.0106338128382397,2929160890625.15,203,S0_baseline,indonesia,USDC
873,0.9729405416900381,2929160890625.15,203,S0_baseline,indonesia,USDC
874,0.9664588586140042,2929160890625.15,203,S0_baseline,indonesia,USDC
875,0.9840589580741066,2929160825179.899,203,S0_baseline,indonesia,USDC
876,0.9788574152188099,2929160825179.899,203,S0_baseline,indonesia,USDC
877,0.969770231220799,2929160825179.899,203,S0_baseline,indonesia,USDC
878,0.9590842643379253,2929160825179.899,203,S0_baseline,indonesia,USDC
879,0.986122368378652,2929160585510.9907,203,S0_baseline,indonesia,USDC
880,0.9849744008166893,2929160585510.9907,203,S0_baseline,indonesia,USDC
881,0.9713687545022461,2929160585510.9907,203,S0_baseline,indonesia,USDC
882,0.9665450291076567,2929160585510.9907,203,S0_baseline,indonesia,USDC
883,0.9451733470169563,2929160534804.1646,203,S0_baseline,indonesia,USDC
884,0.9520309582539167,2929159997135.33,203,S0_baseline,indonesia,USDC
885,0.9397989791805659,2929159668555.061,203,S0_baseline,indonesia,USDC
886,0.9718642034024157,2929159083307.765,203,S0_baseline,indonesia,USDC
887,0.9950323891136761,2929159083307.765,203,S0_baseline,indonesia,USDC
888,0.9920963108451281,2929159083307.765,203,S0_baseline,indonesia,USDC
889,1.038307807689008,2929159083307.765,203,S0_baseline,indonesia,USDC
890,1.0334380963864318,2929159083307.765,203,S0_baseline,indonesia,USDC
891,1.0337269083191727,2929159083307.765,203,S0_baseline,indonesia,USDC
892,1.028959966347167,2929159083307.765,203,S0_baseline,indonesia,USDC
893,1.0095476140885629,2929159083307.765,203,S0_baseline,indonesia,USDC
894,1.0042619379320488,2929159083307.765,203,S0_baseline,indonesia,USDC
895,1.0069366136104965,2929159083307.765,203,S0_baseline,indonesia,USDC
896,0.9903558117920165,2929159083307.765,203,S0_baseline,indonesia,USDC
897,0.9829643606528593,2929159083307.765,203,S0_baseline,indonesia,USDC
898,0.9864583446654934,2929159083307.765,203,S0_baseline,indonesia,USDC
899,0.9465225937058608,2929159083307.765,203,S0_baseline,indonesia,USDC
900,0.9604692235939136,2929158627769.5806,203,S0_baseline,indonesia,USDC
901,0.937640508415572,2929158479019.807,203,S0_baseline,indonesia,USDC
902,0.9405907170419026,2929157886985.026,203,S0_baseline,indonesia,USDC
903,0.9701613629536482,2929157348948.045,203,S0_baseline,indonesia,USDC
904,0.9742918488457649,2929157348948.045,203,S0_baseline,indonesia,USDC
905,0.9754202298026677,2929157348948.045,203,S0_baseline,indonesia,USDC
906,0.9755802507269212,2929157348948.045,203,S0_baseline,indonesia,USDC
907,0.9828167909761343,2929157348948.045,203,S0_baseline,indonesia,USDC
908,0.9686324467272431,2929157348948.045,203,S0_baseline,indonesia,USDC
909,0.9688245609323818,2929157340618.9023,203,S0_baseline,indonesia,USDC
910,0.9704817589146126,2929157319033.203,203,S0_baseline,indonesia,USDC
911,0.9882606256768465,2929157319033.203,203,S0_baseline,indonesia,USDC
912,0.9652993785919263,2929157319033.203,203,S0_baseline,indonesia,USDC
913,0.9294038048166013,2929157232815.853,203,S0_baseline,indonesia,USDC
914,0.914503179544394,2929156556250.2295,203,S0_baseline,indonesia,USDC
915,0.9157286603225512,2929155581985.906,203,S0_baseline,indonesia,USDC
916,0.9015116095360198,2929154753483.6313,203,S0_baseline,indonesia,USDC
917,0.9180045259088099,2929153755732.9717,203,S0_baseline,indonesia,USDC
918,0.9396408975434176,2929153013458.284,203,S0_baseline,indonesia,USDC
919,0.958955159483145,2929152633335.542,203,S0_baseline,indonesia,USDC
920,0.9890576735033633,2929152511835.8613,203,S0_baseline,indonesia,USDC
921,0.9965177494317077,2929152511835.8613,203,S0_baseline,indonesia,USDC
922,0.9689052083910852,2929152511835.8613,203,S0_baseline,indonesia,USDC
923,0.9452956512406625,2929152497181.1797,203,S0_baseline,indonesia,USDC
924,0.9059741875148574,2929152203438.282,203,S0_baseline,indonesia,USDC
925,0.9053556812101294,2929151428192.3794,203,S0_baseline,indonesia,USDC
926,0.9200694948858668,2929150654194.527,203,S0_baseline,indonesia,USDC
927,0.9247597860044804,2929150096590.8457,203,S0_baseline,indonesia,USDC
928,0.9442458718143114,2929149603659.1196,203,S0_baseline,indonesia,USDC
929,0.9780130408746468,2929149336133.0093,203,S0_baseline,indonesia,USDC
930,0.9865819833427915,2929149336133.0093,203,S0_baseline,indonesia,USDC
931,0.9651608671138538,2929149336133.0093,203,S0_baseline,indonesia,USDC
932,0.9868896515637285,2929149304814.679,203,S0_baseline,indonesia,USDC
933,0.9865469203082005,2929149304814.679,203,S0_baseline,indonesia,USDC
934,0.9725453262935548,2929149304814.679,203,S0_baseline,indonesia,USDC
935,0.9566043580819403,2929149304814.679,203,S0_baseline,indonesia,USDC
936,0.9331835888973187,2929149177001.416,203,S0_baseline,indonesia,USDC
937,0.9355398661948706,2929148810757.4697,203,S0_baseline,indonesia,USDC
938,0.9304654846189433,2929148491148.0312,203,S0_baseline,indonesia,USDC
939,0.9364006801685009,2929148125818.291,203,S0_baseline,indonesia,USDC
940,0.9344766426247159,2929147846860.7246,203,S0_baseline,indonesia,USDC
941,0.9189541035708029,2929147561025.38,203,S0_baseline,indonesia,USDC
942,0.9065667619354584,2929147160789.089,203,S0_baseline,indonesia,USDC
943,0.9222032690194699,2929146661615.4653,203,S0_baseline,indonesia,USDC
944,0.9471419708970984,2929146338695.0327,203,S0_baseline,indonesia,USDC
945,0.9201171974237207,2929146184278.481,203,S0_baseline,indonesia,USDC
946,0.9155338629696124,2929145841954.581,203,S0_baseline,indonesia,USDC
947,0.9455635200735861,2929145496521.974,203,S0_baseline,indonesia,USDC
948,0.9380679204728491,2929145351646.698,203,S0_baseline,indonesia,USDC
949,0.9167714465007343,2929145178513.3066,203,S0_baseline,indonesia,USDC
950,0.9202942606017984,2929144876389.979,203,S0_baseline,indonesia,USDC
951,0.937213021851592,2929144602301.357,203,S0_baseline,indonesia,USDC
952,0.9260616410258216,2929144441640.4043,203,S0_baseline,indonesia,USDC
953,0.8875324949391952,2929144225230.0723,203,S0_baseline,indonesia,USDC
954,0.8943610390429051,2929143825846.052,203,S0_baseline,indonesia,USDC
955,0.9102612962028335,2929143506333.6113,203,S0_baseline,indonesia,USDC
956,0.9351839423491726,2929143273580.175,203,S0_baseline,indonesia,USDC
957,0.965642813314209,2929143143259.068,203,S0_baseline,indonesia,USDC
958,0.9612751753601754,2929143129138.2427,203,S0_baseline,indonesia,USDC
959,0.9464203618993438,2929143099170.839,203,S0_baseline,indonesia,USDC
960,0.926445280665619,2929143018952.883,203,S0_baseline,indonesia,USDC
961,0.9279487918819241,2929142870942.468,203,S0_baseline,indonesia,USDC
962,0.9621993578983058,2929142734295.8936,203,S0_baseline,indonesia,USDC
963,0.9562452703547379,2929142712686.534,203,S0_baseline,indonesia,USDC
964,0.9540544804170885,2929142667521.466,203,S0_baseline,indonesia,USDC
965,0.9470821974963428,2929142618366.8975,203,S0_baseline,indonesia,USDC
966,0.9385468960426631,2929142548129.0205,203,S0_baseline,indonesia,USDC
967,0.9383218094779869,2929142450185.4453,203,S0_baseline,indonesia,USDC
968,0.9541928497666237,2929142360953.3184,203,S0_baseline,indonesia,USDC
969,0.9558088890058101,2929142314780.7725,203,S0_baseline,indonesia,USDC
970,0.9733968994826179,2929142278248.367,203,S0_baseline,indonesia,USDC
971,0.9500790804834565,2929142278248.367,203,S0_baseline,indonesia,USDC
972,0.9519937416647325,2929142224099.4336,203,S0_baseline,indonesia,USDC
973,0.9474801166964932,2929142178509.69,203,S0_baseline,indonesia,USDC
974,0.9464699937070741,2929142121761.472,203,S0_baseline,indonesia,USDC
975,0.9487686184599734,2929142063567.76,203,S0_baseline,indonesia,USDC
976,0.9541367979576595,2929142014757.251,203,S0_baseline,indonesia,USDC
977,0.9733185210236907,2929141979962.469,203,S0_baseline,indonesia,USDC
978,0.9676410765843477,2929141979962.469,203,S0_baseline,indonesia,USDC
979,0.9819885639201432,2929141973998.5986,203,S0_baseline,indonesia,USDC
980,1.0013182109110186,2929141973998.5986,203,S0_baseline,indonesia,USDC
981,0.9986355486376299,2929141973998.5986,203,S0_baseline,indonesia,USDC
982,0.9853634920529177,2929141973998.5986,203,S0_baseline,indonesia,USDC
983,0.9802751142085504,2929141973998.5986,203,S0_baseline,indonesia,USDC
984,0.9612703724432354,2929141973998.5986,203,S0_baseline,indonesia,USDC
985,0.9506579399412975,2929141953600.1816,203,S0_baseline,indonesia,USDC
986,0.93571794937267,2929141907272.2275,203,S0_baseline,indonesia,USDC
987,0.9802754439390943,2929141831053.8926,203,S0_baseline,indonesia,USDC
988,0.9816000062755263,2929141831053.8926,203,S0_baseline,indonesia,USDC
989,0.9960186109630426,2929141831053.8926,203,S0_baseline,indonesia,USDC
990,0.9880938336361522,2929141831053.8926,203,S0_baseline,indonesia,USDC
991,0.9909591294163206,2929141831053.8926,203,S0_baseline,indonesia,USDC
992,0.9965445029015467,2929141831053.8926,203,S0_baseline,indonesia,USDC
993,0.9972773096235774,2929141831053.8926,203,S0_baseline,indonesia,USDC
994,0.9871487303111454,2929141831053.8926,203,S0_baseline,indonesia,USDC
995,0.9680472670595908,2929141831053.8926,203,S0_baseline,indonesia,USDC
996,0.9421839060040729,2929141830210.644,203,S0_baseline,indonesia,USDC
997,0.9343755102741427,2929141766494.9326,203,S0_baseline,indonesia,USDC
998,0.9236764971045915,2929141689327.266,203,S0_baseline,indonesia,USDC
999,0.9376193187166284,2929141594595.7266,203,S0_baseline,indonesia,USDC
1000,0.9448337404784305,2929141529991.7295,203,S0_baseline,indonesia,USDC
