Step,price,liquidity,iteration,scenario,region,coin
1,0.9875976441322543,2989468428671.2324,397,S0_baseline,indonesia,USDC
2,0.9820201285745838,2989468428671.2324,397,S0_baseline,indonesia,USDC
3,0.9818902960652234,2989468428671.2324,397,S0_baseline,indonesia,USDC
4,0.9873390624074265,2989468428671.2324,397,S0_baseline,indonesia,USDC
5,0.9874277827040333,2989468428671.2324,397,S0_baseline,indonesia,USDC
6,0.9983010231001762,2989468428671.2324,397,S0_baseline,indonesia,USDC
7,0.9867003095569155,2989468428671.2324,397,S0_baseline,indonesia,USDC
8,0.9982370376714634,2989468428671.2324,397,S0_baseline,indonesia,USDC
9,0.9795064615971949,2989468428671.2324,397,S0_baseline,indonesia,USDC
10,0.9873641607848423,2989468428671.2324,397,S0_baseline,indonesia,USDC
11,0.9875552101771772,2989468428671.2324,397,S0_baseline,indonesia,USDC
12,0.9626000931777189,2989468428671.2324,397,S0_baseline,indonesia,USDC
13,1.0029292330286501,2989010702476.0396,397,S0_baseline,indonesia,USDC
14,0.9876878501188476,2989010702476.0396,397,S0_baseline,indonesia,USDC
15,0.9875540117775538,2989010702476.0396,397,S0_baseline,indonesia,USDC
16,1.018577076343583,2989010702476.0396,397,S0_baseline,indonesia,USDC
17,1.011478922121825,2989010702476.0396,397,S0_baseline,indonesia,USDC
18,0.9929459297698747,2989010702476.0396,397,S0_baseline,indonesia,USDC
19,1.0031821310793054,2989010702476.0396,397,S0_baseline,indonesia,USDC
20,1.0247505361869453,2989010702476.0396,397,S0_baseline,indonesia,USDC
21,1.0260798207279997,2989010702476.0396,397,S0_baseline,indonesia,USDC
22,1.0447436461873367,2989010702476.0396,397,S0_baseline,indonesia,USDC
23,1.0227923450973246,2989010702476.0396,397,S0_baseline,indonesia,USDC
24,1.0063510013132788,2989010702476.0396,397,S0_baseline,indonesia,USDC
25,0.99327642171612,2989010702476.0396,397,S0_baseline,indonesia,USDC
26,0.9920643588118648,2989010702476.0396,397,S0_baseline,indonesia,USDC
27,0.9755533641818404,2989010702476.0396,397,S0_baseline,indonesia,USDC
28,1.0117713694253023,2989010702476.0396,397,S0_baseline,indonesia,USDC
29,0.9860091727917132,2989010702476.0396,397,S0_baseline,indonesia,USDC
30,1.0215228094907636,2989010702476.0396,397,S0_baseline,indonesia,USDC
31,1.0215275087100126,2989010702476.0396,397,S0_baseline,indonesia,USDC
32,1.0248502745735877,2989010702476.0396,397,S0_baseline,indonesia,USDC
33,1.0471787822344754,2989010702476.0396,397,S0_baseline,indonesia,USDC
34,1.0087736021053195,2989010702476.0396,397,S0_baseline,indonesia,USDC
35,0.9918174262667244,2989010702476.0396,397,S0_baseline,indonesia,USDC
36,0.9974507636199597,2989010702476.0396,397,S0_baseline,indonesia,USDC
37,0.9982451072939381,2989010702476.0396,397,S0_baseline,indonesia,USDC
38,1.0065844977409302,2989010702476.0396,397,S0_baseline,indonesia,USDC
39,0.9823595712998596,2989010702476.0396,397,S0_baseline,indonesia,USDC
40,0.989941973832412,2989010702476.0396,397,S0_baseline,indonesia,USDC
41,0.9818477883785155,2989010702476.0396,397,S0_baseline,indonesia,USDC
42,0.9660695712399705,2989010702476.0396,397,S0_baseline,indonesia,USDC
43,0.9596285429212226,2988797192408.8335,397,S0_baseline,indonesia,USDC
44,0.9593791891691801,2988185144664.5176,397,S0_baseline,indonesia,USDC
45,0.96339577330713,2987576233330.297,397,S0_baseline,indonesia,USDC
46,0.9465727092748267,2987190914059.43,397,S0_baseline,indonesia,USDC
47,0.9417900384473274,2985812032655.1553,397,S0_baseline,indonesia,USDC
48,0.958226102561339,2984190041185.4497,397,S0_baseline,indonesia,USDC
49,0.9853981887210986,2983525828140.6865,397,S0_baseline,indonesia,USDC
50,0.9707313908745037,2983525828140.6865,397,S0_baseline,indonesia,USDC
51,0.9901913050741132,2983525828140.6865,397,S0_baseline,indonesia,USDC
52,0.9954858234835461,2983525828140.6865,397,S0_baseline,indonesia,USDC
53,1.0006961431323307,2983525828140.6865,397,S0_baseline,indonesia,USDC
54,0.9931506291881689,2983525828140.6865,397,S0_baseline,indonesia,USDC
55,0.9972465523792712,2983525828140.6865,397,S0_baseline,indonesia,USDC
56,1.0342783760385035,2983525828140.6865,397,S0_baseline,indonesia,USDC
57,1.0610197475215988,2983525828140.6865,397,S0_baseline,indonesia,USDC
58,1.0652664133381895,2983525828140.6865,397,S0_baseline,indonesia,USDC
59,1.0718038810236934,2983525828140.6865,397,S0_baseline,indonesia,USDC
60,1.0598870868217338,2983525828140.6865,397,S0_baseline,indonesia,USDC
61,1.0440843677321394,2983525828140.6865,397,S0_baseline,indonesia,USDC
62,1.0186670094834174,2983525828140.6865,397,S0_baseline,indonesia,USDC
63,1.0489295893222417,2983525828140.6865,397,S0_baseline,indonesia,USDC
64,1.0589416569187415,2983525828140.6865,397,S0_baseline,indonesia,USDC
65,1.0450985831963648,2983525828140.6865,397,S0_baseline,indonesia,USDC
66,1.0176669657017694,2983525828140.6865,397,S0_baseline,indonesia,USDC
67,1.0340177378062008,2983525828140.6865,397,S0_baseline,indonesia,USDC
68,1.0551807019300354,2983525828140.6865,397,S0_baseline,indonesia,USDC
69,1.047003678002871,2983525828140.6865,397,S0_baseline,indonesia,USDC
70,1.0229712787622276,2983525828140.6865,397,S0_baseline,indonesia,USDC
71,1.0411471056041894,2983525828140.6865,397,S0_baseline,indonesia,USDC
72,1.0527005113407564,2983525828140.6865,397,S0_baseline,indonesia,USDC
73,1.0677990357683569,2983525828140.6865,397,S0_baseline,indonesia,USDC
74,1.0941586815777624,2983525828140.6865,397,S0_baseline,indonesia,USDC
75,1.101399246030278,2983525828140.6865,397,S0_baseline,indonesia,USDC
76,1.1346329516074465,2983525828140.6865,397,S0_baseline,indonesia,USDC
77,1.1660630941657257,2983525828140.6865,397,S0_baseline,indonesia,USDC
78,1.170751921250496,2983525828140.6865,397,S0_baseline,indonesia,USDC
79,1.163830231573184,2983525828140.6865,397,S0_baseline,indonesia,USDC
80,1.1298628485545954,2983525828140.6865,397,S0_baseline,indonesia,USDC
81,1.1220382987721773,2983525828140.6865,397,S0_baseline,indonesia,USDC
82,1.1239973129326832,2983525828140.6865,397,S0_baseline,indonesia,USDC
83,1.1552086660398515,2983525828140.6865,397,S0_baseline,indonesia,USDC
84,1.126297794510344,2983525828140.6865,397,S0_baseline,indonesia,USDC
85,1.088260833030408,2983525828140.6865,397,S0_baseline,indonesia,USDC
86,1.0951280781958286,2983525828140.6865,397,S0_baseline,indonesia,USDC
87,1.0873032257578354,2983525828140.6865,397,S0_baseline,indonesia,USDC
88,1.0740767908423938,2983525828140.6865,397,S0_baseline,indonesia,USDC
89,1.0496766404454227,2983525828140.6865,397,S0_baseline,indonesia,USDC
90,1.0601224339241617,2983525828140.6865,397,S0_baseline,indonesia,USDC
91,1.0555255470622433,2983525828140.6865,397,S0_baseline,indonesia,USDC
92,1.02567526705399,2983525828140.6865,397,S0_baseline,indonesia,USDC
93,1.0243827716296947,2983525828140.6865,397,S0_baseline,indonesia,USDC
94,1.02373628251723,2983525828140.6865,397,S0_baseline,indonesia,USDC
95,1.0011256841350273,2983525828140.6865,397,S0_baseline,indonesia,USDC
96,0.9821761626517893,2983525828140.6865,397,S0_baseline,indonesia,USDC
97,0.9970096481834347,2983525828140.6865,397,S0_baseline,indonesia,USDC
98,1.015035582786983,2983525828140.6865,397,S0_baseline,indonesia,USDC
99,1.011448213728421,2983525828140.6865,397,S0_baseline,indonesia,USDC
100,0.9825113435460961,2983525828140.6865,397,S0_baseline,indonesia,USDC
101,0.9558023360153775,2983525828140.6865,397,S0_baseline,indonesia,USDC
102,0.9574704706949767,2982775668623.5747,397,S0_baseline,indonesia,USDC
103,0.9739238396968093,2982203959310.207,397,S0_baseline,indonesia,USDC
104,0.979832895199774,2982203959310.207,397,S0_baseline,indonesia,USDC
105,0.9724214825991474,2982203959310.207,397,S0_baseline,indonesia,USDC
106,0.9404868546949587,2982203959310.207,397,S0_baseline,indonesia,USDC
107,0.9565950169667111,2980761208265.255,397,S0_baseline,indonesia,USDC
108,0.9915907256477569,2980167125039.7007,397,S0_baseline,indonesia,USDC
109,0.9935771503406474,2980167125039.7007,397,S0_baseline,indonesia,USDC
110,0.9744571762649917,2980167125039.7007,397,S0_baseline,indonesia,USDC
111,0.9734290317972675,2980167125039.7007,397,S0_baseline,indonesia,USDC
112,0.9573030671021212,2980167125039.7007,397,S0_baseline,indonesia,USDC
113,0.9377888462602278,2979615079674.796,397,S0_baseline,indonesia,USDC
114,0.9435584773139429,2978003545057.339,397,S0_baseline,indonesia,USDC
115,0.9700592256675764,2976821717647.6846,397,S0_baseline,indonesia,USDC
116,0.9878105662252256,2976821717647.6846,397,S0_baseline,indonesia,USDC
117,0.9946910280581593,2976821717647.6846,397,S0_baseline,indonesia,USDC
118,1.0035756086219094,2976821717647.6846,397,S0_baseline,indonesia,USDC
119,0.9768773132452498,2976821717647.6846,397,S0_baseline,indonesia,USDC
120,0.975929611371628,2976821717647.6846,397,S0_baseline,indonesia,USDC
121,0.9793358167229878,2976821717647.6846,397,S0_baseline,indonesia,USDC
122,1.0019206400160514,2976821717647.6846,397,S0_baseline,indonesia,USDC
123,1.002722204687761,2976821717647.6846,397,S0_baseline,indonesia,USDC
124,1.0034889770950617,2976821717647.6846,397,S0_baseline,indonesia,USDC
125,0.9817488306083902,2976821717647.6846,397,S0_baseline,indonesia,USDC
126,1.0061447293943588,2976821717647.6846,397,S0_baseline,indonesia,USDC
127,0.9869099495463425,2976821717647.6846,397,S0_baseline,indonesia,USDC
128,0.9912866277274056,2976821717647.6846,397,S0_baseline,indonesia,USDC
129,0.9716780862890498,2976821717647.6846,397,S0_baseline,indonesia,USDC
130,0.9627053423404681,2976821717647.6846,397,S0_baseline,indonesia,USDC
131,0.9604600213154189,2976556640537.3086,397,S0_baseline,indonesia,USDC
132,0.9843241705711727,2976157377099.0723,397,S0_baseline,indonesia,USDC
133,0.9811030324227971,2976157377099.0723,397,S0_baseline,indonesia,USDC
134,0.9794149687544901,2976157377099.0723,397,S0_baseline,indonesia,USDC
135,0.9685905196881384,2976157377099.0723,397,S0_baseline,indonesia,USDC
136,0.9854618065971336,2976089534672.6904,397,S0_baseline,indonesia,USDC
137,1.010761006120645,2976089534672.6904,397,S0_baseline,indonesia,USDC
138,1.0187806192397986,2976089534672.6904,397,S0_baseline,indonesia,USDC
139,1.0591796254826074,2976089534672.6904,397,S0_baseline,indonesia,USDC
140,1.057598572294618,2976089534672.6904,397,S0_baseline,indonesia,USDC
141,1.0559517903481368,2976089534672.6904,397,S0_baseline,indonesia,USDC
142,1.0668409287284655,2976089534672.6904,397,S0_baseline,indonesia,USDC
143,1.0532723539039843,2976089534672.6904,397,S0_baseline,indonesia,USDC
144,1.0512178016913423,2976089534672.6904,397,S0_baseline,indonesia,USDC
145,1.0757046457461188,2976089534672.6904,397,S0_baseline,indonesia,USDC
146,1.0978902313271297,2976089534672.6904,397,S0_baseline,indonesia,USDC
147,1.0782779359313497,2976089534672.6904,397,S0_baseline,indonesia,USDC
148,1.0772346455653523,2976089534672.6904,397,S0_baseline,indonesia,USDC
149,1.0792063179513156,2976089534672.6904,397,S0_baseline,indonesia,USDC
150,1.060916090223555,2976089534672.6904,397,S0_baseline,indonesia,USDC
151,1.0459770698802058,2976089534672.6904,397,S0_baseline,indonesia,USDC
152,1.0062861536819916,2976089534672.6904,397,S0_baseline,indonesia,USDC
153,0.9972476426513893,2976089534672.6904,397,S0_baseline,indonesia,USDC
154,1.0265980917095734,2976089534672.6904,397,S0_baseline,indonesia,USDC
155,0.9952352217453283,2976089534672.6904,397,S0_baseline,indonesia,USDC
156,0.9913812204319227,2976089534672.6904,397,S0_baseline,indonesia,USDC
157,1.0239327878168227,2976089534672.6904,397,S0_baseline,indonesia,USDC
158,1.0141566307588301,2976089534672.6904,397,S0_baseline,indonesia,USDC
159,1.0284035633963968,2976089534672.6904,397,S0_baseline,indonesia,USDC
160,1.039705274776266,2976089534672.6904,397,S0_baseline,indonesia,USDC
161,1.0685537363593816,2976089534672.6904,397,S0_baseline,indonesia,USDC
162,1.0565108325735804,2976089534672.6904,397,S0_baseline,indonesia,USDC
163,1.0627028719009555,2976089534672.6904,397,S0_baseline,indonesia,USDC
164,1.0698303921794565,2976089534672.6904,397,S0_baseline,indonesia,USDC
165,1.0560609131816525,2976089534672.6904,397,S0_baseline,indonesia,USDC
166,1.0598585918285146,2976089534672.6904,397,S0_baseline,indonesia,USDC
167,1.0379829068840505,2976089534672.6904,397,S0_baseline,indonesia,USDC
168,1.0439941310242242,2976089534672.6904,397,S0_baseline,indonesia,USDC
169,1.0485355632670226,2976089534672.6904,397,S0_baseline,indonesia,USDC
170,1.0298266363188737,2976089534672.6904,397,S0_baseline,indonesia,USDC
171,1.0377328376780728,2976089534672.6904,397,S0_baseline,indonesia,USDC
172,1.0184612170611531,2976089534672.6904,397,S0_baseline,indonesia,USDC
173,1.0086367919104489,2976089534672.6904,397,S0_baseline,indonesia,USDC
174,1.0394022016353508,2976089534672.6904,397,S0_baseline,indonesia,USDC
175,1.047398920782067,2976089534672.6904,397,S0_baseline,indonesia,USDC
176,1.0193744151366146,2976089534672.6904,397,S0_baseline,indonesia,USDC
177,1.0322479580780906,2976089534672.6904,397,S0_baseline,indonesia,USDC
178,1.0634967476037303,2976089534672.6904,397,S0_baseline,indonesia,USDC
179,1.0601543500080581,2976089534672.6904,397,S0_baseline,indonesia,USDC
180,1.0512246219727657,2976089534672.6904,397,S0_baseline,indonesia,USDC
181,1.035803567963452,2976089534672.6904,397,S0_baseline,indonesia,USDC
182,1.0459804062923885,2976089534672.6904,397,S0_baseline,indonesia,USDC
183,1.039881296541961,2976089534672.6904,397,S0_baseline,indonesia,USDC
184,1.0523754174168536,2976089534672.6904,397,S0_baseline,indonesia,USDC
185,1.0388016505115125,2976089534672.6904,397,S0_baseline,indonesia,USDC
186,1.0495524748314975,2976089534672.6904,397,S0_baseline,indonesia,USDC
187,1.0632626393812166,2976089534672.6904,397,S0_baseline,indonesia,USDC
188,1.0554415241712347,2976089534672.6904,397,S0_baseline,indonesia,USDC
189,0.930481960346839,2976089534672.6904,397,S0_baseline,indonesia,USDC
190,0.9279520413808594,2974245767307.942,397,S0_baseline,indonesia,USDC
191,0.9532358734153851,2972471035462.5684,397,S0_baseline,indonesia,USDC
192,0.9567667486026218,2971796893019.371,397,S0_baseline,indonesia,USDC
193,0.9468534158504261,2971282264559.93,397,S0_baseline,indonesia,USDC
194,0.9633279884949018,2970360873522.11,397,S0_baseline,indonesia,USDC
195,0.9693949317393293,2970156899860.136,397,S0_baseline,indonesia,USDC
196,0.9693835302489289,2970139958387.0137,397,S0_baseline,indonesia,USDC
197,0.9931669149522393,2970139958387.0137,397,S0_baseline,indonesia,USDC
198,0.9909544230001253,2970139958387.0137,397,S0_baseline,indonesia,USDC
199,0.9882595898721329,2970139958387.0137,397,S0_baseline,indonesia,USDC
200,0.939402565761029,2970139958387.0137,397,S0_baseline,indonesia,USDC
201,0.9399089660280275,2968941688514.209,397,S0_baseline,indonesia,USDC
202,0.9247897359068298,2967757876807.4473,397,S0_baseline,indonesia,USDC
203,0.9070155984271742,2966121703521.9785,397,S0_baseline,indonesia,USDC
204,0.892248708812199,2963858983733.463,397,S0_baseline,indonesia,USDC
205,0.917446575959078,2961102375423.4077,397,S0_baseline,indonesia,USDC
206,0.8691696127068105,2959523099457.6973,397,S0_baseline,indonesia,USDC
207,0.868694764465226,2956398950905.771,397,S0_baseline,indonesia,USDC
208,0.8709577477020654,2953768644751.348,397,S0_baseline,indonesia,USDC
209,0.8859050070240785,2951287461110.213,397,S0_baseline,indonesia,USDC
210,0.8953777978769031,2949438363921.4766,397,S0_baseline,indonesia,USDC
211,0.8906785730012945,2947973839549.046,397,S0_baseline,indonesia,USDC
212,0.8992205818692429,2946495337606.313,397,S0_baseline,indonesia,USDC
213,0.9020766083855456,2945282524339.6084,397,S0_baseline,indonesia,USDC
214,0.8873611586015284,2944254979474.708,397,S0_baseline,indonesia,USDC
215,0.9060394034632848,2943024095004.78,397,S0_baseline,indonesia,USDC
216,0.8838268461791519,2942174095415.2188,397,S0_baseline,indonesia,USDC
217,0.8902458291648325,2941095710641.1313,397,S0_baseline,indonesia,USDC
218,0.9059540219645327,2940183661878.821,397,S0_baseline,indonesia,USDC
219,0.913349530614629,2939476169517.3174,397,S0_baseline,indonesia,USDC
220,0.9327819588744097,2938936391739.66,397,S0_baseline,indonesia,USDC
221,0.9304796651149985,2938605919427.999,397,S0_baseline,indonesia,USDC
222,0.960971648833699,2938244515470.4424,397,S0_baseline,indonesia,USDC
223,0.9496779442899664,2938174605119.5874,397,S0_baseline,indonesia,USDC
224,0.9659471806105316,2937999817968.7812,397,S0_baseline,indonesia,USDC
225,0.9557948515393042,2937964172422.4263,397,S0_baseline,indonesia,USDC
226,0.9529582366508547,2937839756647.9214,397,S0_baseline,indonesia,USDC
227,0.9586864802463009,2937706234078.157,397,S0_baseline,indonesia,USDC
228,0.9863124282084756,2937616081603.37,397,S0_baseline,indonesia,USDC
229,0.9768255801147956,2937616081603.37,397,S0_baseline,indonesia,USDC
230,1.0262235944724014,2937616081603.37,397,S0_baseline,indonesia,USDC
231,1.0124562030895887,2937616081603.37,397,S0_baseline,indonesia,USDC
232,1.0261701580565834,2937616081603.37,397,S0_baseline,indonesia,USDC
233,1.0203521831608686,2937616081603.37,397,S0_baseline,indonesia,USDC
234,1.0255177547999044,2937616081603.37,397,S0_baseline,indonesia,USDC
235,1.0176419855412293,2937616081603.37,397,S0_baseline,indonesia,USDC
236,1.0181913539180996,2937616081603.37,397,S0_baseline,indonesia,USDC
237,1.0434204460605303,2937616081603.37,397,S0_baseline,indonesia,USDC
238,1.073008575053993,2937616081603.37,397,S0_baseline,indonesia,USDC
239,1.048277189593812,2937616081603.37,397,S0_baseline,indonesia,USDC
240,1.0411626921889512,2937616081603.37,397,S0_baseline,indonesia,USDC
241,1.0014533335428826,2937616081603.37,397,S0_baseline,indonesia,USDC
242,1.0031759935543523,2937616081603.37,397,S0_baseline,indonesia,USDC
243,0.9836098534973203,2937616081603.37,397,S0_baseline,indonesia,USDC
244,0.9705630312877912,2937616081603.37,397,S0_baseline,indonesia,USDC
245,0.9958669786616698,2937616081603.37,397,S0_baseline,indonesia,USDC
246,1.0142802544947704,2937616081603.37,397,S0_baseline,indonesia,USDC
247,0.9888464902483997,2937616081603.37,397,S0_baseline,indonesia,USDC
248,0.9973466127573187,2937616081603.37,397,S0_baseline,indonesia,USDC
249,1.001905063611638,2937616081603.37,397,S0_baseline,indonesia,USDC
250,1.004227049262941,2937616081603.37,397,S0_baseline,indonesia,USDC
251,1.047583341797885,2937616081603.37,397,S0_baseline,indonesia,USDC
252,1.049901948632063,2937616081603.37,397,S0_baseline,indonesia,USDC
253,1.0589045627720153,2937616081603.37,397,S0_baseline,indonesia,USDC
254,1.0443286978683564,2937616081603.37,397,S0_baseline,indonesia,USDC
255,1.036573805923128,2937616081603.37,397,S0_baseline,indonesia,USDC
256,1.068708626027665,2937616081603.37,397,S0_baseline,indonesia,USDC
257,1.0558649909967723,2937616081603.37,397,S0_baseline,indonesia,USDC
258,1.0319534969811897,2937616081603.37,397,S0_baseline,indonesia,USDC
259,1.0407630348525263,2937616081603.37,397,S0_baseline,indonesia,USDC
260,1.0263278956836979,2937616081603.37,397,S0_baseline,indonesia,USDC
261,1.0201657348323483,2937616081603.37,397,S0_baseline,indonesia,USDC
262,1.03510650990076,2937616081603.37,397,S0_baseline,indonesia,USDC
263,1.0101922042469431,2937616081603.37,397,S0_baseline,indonesia,USDC
264,1.0333419444683671,2937616081603.37,397,S0_baseline,indonesia,USDC
265,1.0216818173391198,2937616081603.37,397,S0_baseline,indonesia,USDC
266,1.0158718073958308,2937616081603.37,397,S0_baseline,indonesia,USDC
267,1.0179371470923977,2937616081603.37,397,S0_baseline,indonesia,USDC
268,1.005210608177638,2937616081603.37,397,S0_baseline,indonesia,USDC
269,0.9914550916241749,2937616081603.37,397,S0_baseline,indonesia,USDC
270,1.0237942645141769,2937616081603.37,397,S0_baseline,indonesia,USDC
271,1.0558339311890221,2937616081603.37,397,S0_baseline,indonesia,USDC
272,1.0391219422856965,2937616081603.37,397,S0_baseline,indonesia,USDC
273,1.0500415701117494,2937616081603.37,397,S0_baseline,indonesia,USDC
274,1.0125796865090146,2937616081603.37,397,S0_baseline,indonesia,USDC
275,1.003305674010294,2937616081603.37,397,S0_baseline,indonesia,USDC
276,0.988928575230192,2937616081603.37,397,S0_baseline,indonesia,USDC
277,0.9852957989500002,2937616081603.37,397,S0_baseline,indonesia,USDC
278,1.0130989004659356,2937616081603.37,397,S0_baseline,indonesia,USDC
279,0.9883964512395682,2937616081603.37,397,S0_baseline,indonesia,USDC
280,0.9626083941724323,2937616081603.37,397,S0_baseline,indonesia,USDC
281,0.9481032530027999,2937553994759.1494,397,S0_baseline,indonesia,USDC
282,0.9530750906161825,2937385781059.3467,397,S0_baseline,indonesia,USDC
283,0.9433028323498637,2937247636243.132,397,S0_baseline,indonesia,USDC
284,0.960291239991595,2937041039099.67,397,S0_baseline,indonesia,USDC
285,0.9694177665448657,2936980744554.536,397,S0_baseline,indonesia,USDC
286,1.0060973270420714,2936977757117.819,397,S0_baseline,indonesia,USDC
287,1.0200738752441296,2936977757117.819,397,S0_baseline,indonesia,USDC
288,1.0091604811298338,2936977757117.819,397,S0_baseline,indonesia,USDC
289,0.989190952413221,2936977757117.819,397,S0_baseline,indonesia,USDC
290,0.9703008232159696,2936977757117.819,397,S0_baseline,indonesia,USDC
291,0.9427641682873095,2936977757117.819,397,S0_baseline,indonesia,USDC
292,0.9230256141525643,2936781719053.919,397,S0_baseline,indonesia,USDC
293,0.9270378280854616,2936427556863.9697,397,S0_baseline,indonesia,USDC
294,0.9345454695354537,2936119330820.8853,397,S0_baseline,indonesia,USDC
295,0.9600153725487107,2935876233281.8325,397,S0_baseline,indonesia,USDC
296,0.9612390275739656,2935819112498.2285,397,S0_baseline,indonesia,USDC
297,0.9505516397242888,2935761753564.317,397,S0_baseline,indonesia,USDC
298,0.9369423492652087,2935635573306.7363,397,S0_baseline,indonesia,USDC
299,0.9450325383629831,2935425396694.9927,397,S0_baseline,indonesia,USDC
300,0.9611596422330348,2935272066416.0176,397,S0_baseline,indonesia,USDC
301,0.9338475309544239,2935230792740.0425,397,S0_baseline,indonesia,USDC
302,0.9456954776907751,2935016026050.736,397,S0_baseline,indonesia,USDC
303,0.9118105961033499,2934877024293.754,397,S0_baseline,indonesia,USDC
304,0.9532661837557383,2934552567638.9165,397,S0_baseline,indonesia,USDC
305,0.957917933722496,2934477106828.162,397,S0_baseline,indonesia,USDC
306,0.9578053970558943,2934421910474.913,397,S0_baseline,indonesia,USDC
307,0.9643576472809664,2934359636512.246,397,S0_baseline,indonesia,USDC
308,0.9463420597159794,2934334156150.7676,397,S0_baseline,indonesia,USDC
309,0.95973946965487,2934215482861.954,397,S0_baseline,indonesia,USDC
310,0.9445860345411241,2934165269157.239,397,S0_baseline,indonesia,USDC
311,0.929752389766272,2934051186948.712,397,S0_baseline,indonesia,USDC
312,0.9394934483607383,2933877631610.481,397,S0_baseline,indonesia,USDC
313,0.9528805941505204,2933748150941.1396,397,S0_baseline,indonesia,USDC
314,0.9318603037621694,2933679571856.2593,397,S0_baseline,indonesia,USDC
315,0.9396571122547515,2933513992761.5264,397,S0_baseline,indonesia,USDC
316,0.9559469338303228,2933387442146.003,397,S0_baseline,indonesia,USDC
317,0.9218162300216061,2933330664665.92,397,S0_baseline,indonesia,USDC
318,0.8215672138551445,2933154377158.456,397,S0_baseline,indonesia,USDC
319,0.8412692928268981,2932613020427.8555,397,S0_baseline,indonesia,USDC
320,0.8667616563455299,2932221424183.592,397,S0_baseline,indonesia,USDC
321,0.877097360104766,2931947326793.204,397,S0_baseline,indonesia,USDC
322,0.9179221531458454,2931715242159.6523,397,S0_baseline,indonesia,USDC
323,0.8916066937549708,2931604119965.746,397,S0_baseline,indonesia,USDC
324,0.9064801951813211,2931439501807.307,397,S0_baseline,indonesia,USDC
325,0.9294060655368165,2931316680407.999,397,S0_baseline,indonesia,USDC
326,0.9625733636085668,2931243837111.8594,397,S0_baseline,indonesia,USDC
327,0.9470454468089072,2931231412593.011,397,S0_baseline,indonesia,USDC
328,0.9408433018278825,2931194504750.8315,397,S0_baseline,indonesia,USDC
329,0.9303638123305858,2931144353819.991,397,S0_baseline,indonesia,USDC
330,0.9134955212195905,2931075872084.2017,397,S0_baseline,indonesia,USDC
331,0.9128452302413431,2930986956770.8413,397,S0_baseline,indonesia,USDC
332,0.9334863048345653,2930902049818.074,397,S0_baseline,indonesia,USDC
333,0.9369401957294607,2930851377359.8154,397,S0_baseline,indonesia,USDC
334,0.9690573534176918,2930804243325.8354,397,S0_baseline,indonesia,USDC
335,0.9701125333043605,2930803372517.3003,397,S0_baseline,indonesia,USDC
336,0.949050521161386,2930803372517.3003,397,S0_baseline,indonesia,USDC
337,0.9299742199883969,2930775736813.701,397,S0_baseline,indonesia,USDC
338,0.9283792999886454,2930724958298.851,397,S0_baseline,indonesia,USDC
339,0.9337249397939555,2930675682045.1284,397,S0_baseline,indonesia,USDC
340,0.9348262747401948,2930630534427.786,397,S0_baseline,indonesia,USDC
341,0.9122525980771218,2930592298705.581,397,S0_baseline,indonesia,USDC
342,0.926472969001114,2930525390896.7334,397,S0_baseline,indonesia,USDC
343,0.9435406710849312,2930479331833.964,397,S0_baseline,indonesia,USDC
344,0.9344981325399001,2930451756762.537,397,S0_baseline,indonesia,USDC
345,0.9378905586752381,2930416855514.1084,397,S0_baseline,indonesia,USDC
346,0.9519304543647784,2930386458714.0474,397,S0_baseline,indonesia,USDC
347,0.9571616148520331,2930370106978.077,397,S0_baseline,indonesia,USDC
348,0.9392951701607903,2930358172861.188,397,S0_baseline,indonesia,USDC
349,0.9375300779022204,2930330927619.59,397,S0_baseline,indonesia,USDC
350,0.9668164171857324,2930302975081.4126,397,S0_baseline,indonesia,USDC
351,0.9627311902917137,2930301190215.39,397,S0_baseline,indonesia,USDC
352,0.997201765181031,2930296549613.719,397,S0_baseline,indonesia,USDC
353,1.0022120850097505,2930296549613.719,397,S0_baseline,indonesia,USDC
354,1.0009835582090443,2930296549613.719,397,S0_baseline,indonesia,USDC
355,1.0197141896511688,2930296549613.719,397,S0_baseline,indonesia,USDC
356,1.0079160654966457,2930296549613.719,397,S0_baseline,indonesia,USDC
357,1.0086906893059056,2930296549613.719,397,S0_baseline,indonesia,USDC
358,1.0207847174583482,2930296549613.719,397,S0_baseline,indonesia,USDC
359,1.0178166077824966,2930296549613.719,397,S0_baseline,indonesia,USDC
360,1.019733643879025,2930296549613.719,397,S0_baseline,indonesia,USDC
361,1.0175709413212493,2930296549613.719,397,S0_baseline,indonesia,USDC
362,1.0245674844899544,2930296549613.719,397,S0_baseline,indonesia,USDC
363,1.0421638743318624,2930296549613.719,397,S0_baseline,indonesia,USDC
364,1.0612525757563498,2930296549613.719,397,S0_baseline,indonesia,USDC
365,1.048211601506963,2930296549613.719,397,S0_baseline,indonesia,USDC
366,1.0670077254165082,2930296549613.719,397,S0_baseline,indonesia,USDC
367,1.0430469014151327,2930296549613.719,397,S0_baseline,indonesia,USDC
368,1.0499164546560564,2930296549613.719,397,S0_baseline,indonesia,USDC
369,1.0572554433830945,2930296549613.719,397,S0_baseline,indonesia,USDC
370,1.0293921467656078,2930296549613.719,397,S0_baseline,indonesia,USDC
371,1.0391389511216145,2930296549613.719,397,S0_baseline,indonesia,USDC
372,1.0469066994118372,2930296549613.719,397,S0_baseline,indonesia,USDC
373,1.0546237511712564,2930296549613.719,397,S0_baseline,indonesia,USDC
374,1.0659103510067187,2930296549613.719,397,S0_baseline,indonesia,USDC
375,1.0321295129464172,2930296549613.719,397,S0_baseline,indonesia,USDC
376,1.023181020942487,2930296549613.719,397,S0_baseline,indonesia,USDC
377,0.9829082092191472,2930296549613.719,397,S0_baseline,indonesia,USDC
378,0.9876483700610544,2930296549613.719,397,S0_baseline,indonesia,USDC
379,0.972189204844847,2930296549613.719,397,S0_baseline,indonesia,USDC
380,0.99265258842498,2930296549613.719,397,S0_baseline,indonesia,USDC
381,0.9818632502976595,2930296549613.719,397,S0_baseline,indonesia,USDC
382,0.9898253936220831,2930296549613.719,397,S0_baseline,indonesia,USDC
383,1.004516271524405,2930296549613.719,397,S0_baseline,indonesia,USDC
384,0.9859703016749507,2930296549613.719,397,S0_baseline,indonesia,USDC
385,0.9922039759513612,2930296549613.719,397,S0_baseline,indonesia,USDC
386,0.9910526349209873,2930296549613.719,397,S0_baseline,indonesia,USDC
387,1.0037927840023766,2930296549613.719,397,S0_baseline,indonesia,USDC
388,1.029191033971025,2930296549613.719,397,S0_baseline,indonesia,USDC
389,1.029848780228142,2930296549613.719,397,S0_baseline,indonesia,USDC
390,1.053122087719641,2930296549613.719,397,S0_baseline,indonesia,USDC
391,1.0553185789334703,2930296549613.719,397,S0_baseline,indonesia,USDC
392,1.0266329914212409,2930296549613.719,397,S0_baseline,indonesia,USDC
393,1.0219148866223509,2930296549613.719,397,S0_baseline,indonesia,USDC
394,1.0037285580140676,2930296549613.719,397,S0_baseline,indonesia,USDC
395,0.9791514456655448,2930296549613.719,397,S0_baseline,indonesia,USDC
396,0.9747655960532784,2930296549613.719,397,S0_baseline,indonesia,USDC
397,0.9863463920912721,2930296549613.719,397,S0_baseline,indonesia,USDC
398,1.0046752890530333,2930296549613.719,397,S0_baseline,indonesia,USDC
399,1.0183931546432683,2930296549613.719,397,S0_baseline,indonesia,USDC
400,1.019203542516836,2930296549613.719,397,S0_baseline,indonesia,USDC
401,0.9649289919140243,2930296549613.719,397,S0_baseline,indonesia,USDC
402,0.9795540513404,2930292731346.0674,397,S0_baseline,indonesia,USDC
403,0.9655117414045186,2930292731346.0674,397,S0_baseline,indonesia,USDC
404,0.9767253462371598,2930289396782.0044,397,S0_baseline,indonesia,USDC
405,0.9633559162943515,2930289396782.0044,397,S0_baseline,indonesia,USDC
406,0.9498646251790109,2930284816138.4204,397,S0_baseline,indonesia,USDC
407,0.9367196347420018,2930269979258.969,397,S0_baseline,indonesia,USDC
408,0.9459986327091954,2930243333865.2827,397,S0_baseline,indonesia,USDC
409,0.9297646305859176,2930224896244.736,397,S0_baseline,indonesia,USDC
410,0.9022418548857003,2930193518149.6123,397,S0_baseline,indonesia,USDC
411,0.9282579449236635,2930145271995.489,397,S0_baseline,indonesia,USDC
412,0.9280833634161293,2930118648361.709,397,S0_baseline,indonesia,USDC
413,0.9471297653906733,2930090550400.4043,397,S0_baseline,indonesia,USDC
414,0.9636102151722157,2930075882287.1035,397,S0_baseline,indonesia,USDC
415,0.9299390370478876,2930071880742.879,397,S0_baseline,indonesia,USDC
416,0.9448260756386044,2930049137496.05,397,S0_baseline,indonesia,USDC
417,0.9674002782619752,2930034066650.6562,397,S0_baseline,indonesia,USDC
418,0.9463083909867951,2930032550669.882,397,S0_baseline,indonesia,USDC
419,0.9310755587711609,2930018772362.843,397,S0_baseline,indonesia,USDC
420,0.9535755670289178,2929996688011.627,397,S0_baseline,indonesia,USDC
421,0.994301550708819,2929989007441.4097,397,S0_baseline,indonesia,USDC
422,0.9635395911829532,2929989007441.4097,397,S0_baseline,indonesia,USDC
423,0.9940439733269205,2929985873722.9326,397,S0_baseline,indonesia,USDC
424,0.9772095007445059,2929985873722.9326,397,S0_baseline,indonesia,USDC
425,0.9862698934328469,2929985873722.9326,397,S0_baseline,indonesia,USDC
426,1.0138620697246472,2929985873722.9326,397,S0_baseline,indonesia,USDC
427,1.0517376322211078,2929985873722.9326,397,S0_baseline,indonesia,USDC
428,1.0834372199506592,2929985873722.9326,397,S0_baseline,indonesia,USDC
429,1.0943654090897463,2929985873722.9326,397,S0_baseline,indonesia,USDC
430,1.0816128804356504,2929985873722.9326,397,S0_baseline,indonesia,USDC
431,1.0901730784307149,2929985873722.9326,397,S0_baseline,indonesia,USDC
432,1.0682079107121558,2929985873722.9326,397,S0_baseline,indonesia,USDC
433,1.0540943045912028,2929985873722.9326,397,S0_baseline,indonesia,USDC
434,1.0753282473491477,2929985873722.9326,397,S0_baseline,indonesia,USDC
435,1.06259775794782,2929985873722.9326,397,S0_baseline,indonesia,USDC
436,1.0521497775063815,2929985873722.9326,397,S0_baseline,indonesia,USDC
437,1.0492529615696755,2929985873722.9326,397,S0_baseline,indonesia,USDC
438,1.0651183265501059,2929985873722.9326,397,S0_baseline,indonesia,USDC
439,1.0557558609528266,2929985873722.9326,397,S0_baseline,indonesia,USDC
440,1.036205412904562,2929985873722.9326,397,S0_baseline,indonesia,USDC
441,1.0424496708866149,2929985873722.9326,397,S0_baseline,indonesia,USDC
442,1.035800984856108,2929985873722.9326,397,S0_baseline,indonesia,USDC
443,1.0764341398030426,2929985873722.9326,397,S0_baseline,indonesia,USDC
444,0.961263946321591,2929985873722.9326,397,S0_baseline,indonesia,USDC
445,0.9647901963609631,2929982246672.6416,397,S0_baseline,indonesia,USDC
446,0.950000437850339,2929979795405.939,397,S0_baseline,indonesia,USDC
447,0.9583040694523861,2929970133530.956,397,S0_baseline,indonesia,USDC
448,0.9656404625799908,2929964084144.157,397,S0_baseline,indonesia,USDC
449,0.9563304037301544,2929962156128.8384,397,S0_baseline,indonesia,USDC
450,0.9732010742848654,2929955945276.5933,397,S0_baseline,indonesia,USDC
451,0.9704757444936523,2929955945276.5933,397,S0_baseline,indonesia,USDC
452,0.9369418194128656,2929955945276.5933,397,S0_baseline,indonesia,USDC
453,0.9461004567584492,2929939330418.883,397,S0_baseline,indonesia,USDC
454,0.9327351668256186,2929928160528.054,397,S0_baseline,indonesia,USDC
455,0.909028110719158,2929911020267.497,397,S0_baseline,indonesia,USDC
456,0.953211137328023,2929883880559.796,397,S0_baseline,indonesia,USDC
457,0.944713823029297,2929876689874.534,397,S0_baseline,indonesia,USDC
458,0.956709949309274,2929866431508.7695,397,S0_baseline,indonesia,USDC
459,0.9633923501292856,2929861272349.35,397,S0_baseline,indonesia,USDC
460,0.9829167661833047,2929858841985.058,397,S0_baseline,indonesia,USDC
461,0.9887538323813888,2929858841985.058,397,S0_baseline,indonesia,USDC
462,0.9582653175995033,2929858841985.058,397,S0_baseline,indonesia,USDC
463,0.9793967384337487,2929854958802.11,397,S0_baseline,indonesia,USDC
464,0.9825467978420964,2929854958802.11,397,S0_baseline,indonesia,USDC
465,0.9724479586377093,2929854958802.11,397,S0_baseline,indonesia,USDC
466,0.9828677469930686,2929854958802.11,397,S0_baseline,indonesia,USDC
467,0.9638647023109655,2929854958802.11,397,S0_baseline,indonesia,USDC
468,0.9779732847064173,2929852752905.965,397,S0_baseline,indonesia,USDC
469,0.9877531463228941,2929852752905.965,397,S0_baseline,indonesia,USDC
470,0.9879488649023136,2929852752905.965,397,S0_baseline,indonesia,USDC
471,0.9891413615545663,2929852752905.965,397,S0_baseline,indonesia,USDC
472,0.9925912573214984,2929852752905.965,397,S0_baseline,indonesia,USDC
473,1.0110594507564745,2929852752905.965,397,S0_baseline,indonesia,USDC
474,0.9854728906995657,2929852752905.965,397,S0_baseline,indonesia,USDC
475,0.9844571590443479,2929852752905.965,397,S0_baseline,indonesia,USDC
476,1.0008868052376052,2929852752905.965,397,S0_baseline,indonesia,USDC
477,0.9948010485364381,2929852752905.965,397,S0_baseline,indonesia,USDC
478,0.9894162274115869,2929852752905.965,397,S0_baseline,indonesia,USDC
479,0.9728983795920565,2929852752905.965,397,S0_baseline,indonesia,USDC
480,0.9759599274718194,2929852752905.965,397,S0_baseline,indonesia,USDC
481,0.9385047500134993,2929852752905.965,397,S0_baseline,indonesia,USDC
482,0.9429844764736587,2929840678946.65,397,S0_baseline,indonesia,USDC
483,0.914662089553994,2929831405406.592,397,S0_baseline,indonesia,USDC
484,0.9270817553974086,2929810697804.452,397,S0_baseline,indonesia,USDC
485,0.9249509709819993,2929795553896.8447,397,S0_baseline,indonesia,USDC
486,0.9754883335268946,2929780361449.6475,397,S0_baseline,indonesia,USDC
487,0.9800356533671937,2929780361449.6475,397,S0_baseline,indonesia,USDC
488,0.977827043148713,2929780361449.6475,397,S0_baseline,indonesia,USDC
489,0.9837399519217962,2929780361449.6475,397,S0_baseline,indonesia,USDC
490,1.0047347350453648,2929780361449.6475,397,S0_baseline,indonesia,USDC
491,1.0069662613817387,2929780361449.6475,397,S0_baseline,indonesia,USDC
492,0.999720361605009,2929780361449.6475,397,S0_baseline,indonesia,USDC
493,0.9622465038873642,2929780361449.6475,397,S0_baseline,indonesia,USDC
494,0.9554543704452338,2929778276206.08,397,S0_baseline,indonesia,USDC
495,1.0006224642303252,2929773629889.1104,397,S0_baseline,indonesia,USDC
496,1.01754580116125,2929773629889.1104,397,S0_baseline,indonesia,USDC
497,0.9972143119507436,2929773629889.1104,397,S0_baseline,indonesia,USDC
498,0.9918124841077531,2929773629889.1104,397,S0_baseline,indonesia,USDC
499,0.9652727250577954,2929773629889.1104,397,S0_baseline,indonesia,USDC
500,0.9633149941328581,2929772324540.8145,397,S0_baseline,indonesia,USDC
501,0.9587540846916401,2929770804824.749,397,S0_baseline,indonesia,USDC
502,0.9598149283158416,2929767299158.137,397,S0_baseline,indonesia,USDC
503,0.9497981787678398,2929764573543.384,397,S0_baseline,indonesia,USDC
504,0.9720271293987566,2929758661150.2554,397,S0_baseline,indonesia,USDC
505,0.9621565907239837,2929758661150.2554,397,S0_baseline,indonesia,USDC
506,0.9468674334605544,2929756503277.7827,397,S0_baseline,indonesia,USDC
507,0.9766591512500461,2929749633272.6235,397,S0_baseline,indonesia,USDC
508,0.971669661771355,2929749633272.6235,397,S0_baseline,indonesia,USDC
509,1.0082026728485738,2929749633272.6235,397,S0_baseline,indonesia,USDC
510,1.0071641885047646,2929749633272.6235,397,S0_baseline,indonesia,USDC
511,1.0264335431795084,2929749633272.6235,397,S0_baseline,indonesia,USDC
512,1.0068715070716237,2929749633272.6235,397,S0_baseline,indonesia,USDC
513,1.0239831921144202,2929749633272.6235,397,S0_baseline,indonesia,USDC
514,1.0257383229317922,2929749633272.6235,397,S0_baseline,indonesia,USDC
515,1.0111201578561113,2929749633272.6235,397,S0_baseline,indonesia,USDC
516,1.0128859912778851,2929749633272.6235,397,S0_baseline,indonesia,USDC
517,0.9670851760658803,2929749633272.6235,397,S0_baseline,indonesia,USDC
518,0.9772229728164891,2929749265363.443,397,S0_baseline,indonesia,USDC
519,1.0040259075991815,2929749265363.443,397,S0_baseline,indonesia,USDC
520,1.002579325183619,2929749265363.443,397,S0_baseline,indonesia,USDC
521,0.967866055280588,2929749265363.443,397,S0_baseline,indonesia,USDC
522,0.9749372343040121,2929748960706.7295,397,S0_baseline,indonesia,USDC
523,0.9913976355666299,2929748960706.7295,397,S0_baseline,indonesia,USDC
524,0.9741309921923982,2929748960706.7295,397,S0_baseline,indonesia,USDC
525,0.9568974177617517,2929748960706.7295,397,S0_baseline,indonesia,USDC
526,0.9787623294315011,2929745171331.4043,397,S0_baseline,indonesia,USDC
527,0.9926985427750621,2929745171331.4043,397,S0_baseline,indonesia,USDC
528,0.9629405112280238,2929745171331.4043,397,S0_baseline,indonesia,USDC
529,0.9566577921145307,2929743509147.099,397,S0_baseline,indonesia,USDC
530,0.9786291459455065,2929740134804.1484,397,S0_baseline,indonesia,USDC
531,0.9951655787115582,2929740134804.1484,397,S0_baseline,indonesia,USDC
532,0.9726206303043017,2929740134804.1484,397,S0_baseline,indonesia,USDC
533,0.9946351970052962,2929740134804.1484,397,S0_baseline,indonesia,USDC
534,0.9789264635950174,2929740134804.1484,397,S0_baseline,indonesia,USDC
535,0.9563243094866694,2929740134804.1484,397,S0_baseline,indonesia,USDC
536,0.960001461240252,2929736915813.0806,397,S0_baseline,indonesia,USDC
537,0.9404932189234814,2929734517301.857,397,S0_baseline,indonesia,USDC
538,0.9484322927019603,2929727239245.077,397,S0_baseline,indonesia,USDC
539,0.9991925989664059,2929721943549.777,397,S0_baseline,indonesia,USDC
540,1.0048167121247868,2929721943549.777,397,S0_baseline,indonesia,USDC
541,1.0027355523675603,2929721943549.777,397,S0_baseline,indonesia,USDC
542,1.000689967065477,2929721943549.777,397,S0_baseline,indonesia,USDC
543,0.9741828525640737,2929721943549.777,397,S0_baseline,indonesia,USDC
544,0.9585225313398998,2929721943549.777,397,S0_baseline,indonesia,USDC
545,0.9862813091991602,2929718943849.701,397,S0_baseline,indonesia,USDC
546,0.9941856190538314,2929718943849.701,397,S0_baseline,indonesia,USDC
547,0.9826667238175399,2929718943849.701,397,S0_baseline,indonesia,USDC
548,0.9746794226923143,2929718943849.701,397,S0_baseline,indonesia,USDC
549,0.9436176288795114,2929718943849.701,397,S0_baseline,indonesia,USDC
550,0.9657977841944818,2929712130257.5264,397,S0_baseline,indonesia,USDC
551,0.9846028735887133,2929711504144.18,397,S0_baseline,indonesia,USDC
552,0.9776913039286684,2929711504144.18,397,S0_baseline,indonesia,USDC
553,0.980229773980795,2929711504144.18,397,S0_baseline,indonesia,USDC
554,0.9895816460671316,2929711504144.18,397,S0_baseline,indonesia,USDC
555,0.9863462066969733,2929711504144.18,397,S0_baseline,indonesia,USDC
556,0.9723416776830065,2929711504144.18,397,S0_baseline,indonesia,USDC
557,0.9794081706375033,2929711504144.18,397,S0_baseline,indonesia,USDC
558,0.957024670580211,2929711504144.18,397,S0_baseline,indonesia,USDC
559,0.9670373937602134,2929708607863.0547,397,S0_baseline,indonesia,USDC
560,0.9595584434566484,2929707874299.784,397,S0_baseline,indonesia,USDC
561,0.9596286225695552,2929705629919.3613,397,S0_baseline,indonesia,USDC
562,0.9775853734658162,2929703425505.5693,397,S0_baseline,indonesia,USDC
563,1.013694340148312,2929703425505.5693,397,S0_baseline,indonesia,USDC
564,1.0199805199614016,2929703425505.5693,397,S0_baseline,indonesia,USDC
565,0.981180048704442,2929703425505.5693,397,S0_baseline,indonesia,USDC
566,1.0119206731135724,2929703425505.5693,397,S0_baseline,indonesia,USDC
567,0.9869858341043852,2929703425505.5693,397,S0_baseline,indonesia,USDC
568,0.9727800910151373,2929703425505.5693,397,S0_baseline,indonesia,USDC
569,0.996275709097602,2929703425505.5693,397,S0_baseline,indonesia,USDC
570,0.9932920213854157,2929703425505.5693,397,S0_baseline,indonesia,USDC
571,1.010329810889946,2929703425505.5693,397,S0_baseline,indonesia,USDC
572,1.0268349812477846,2929703425505.5693,397,S0_baseline,indonesia,USDC
573,1.0338118458431,2929703425505.5693,397,S0_baseline,indonesia,USDC
574,1.0321391796986512,2929703425505.5693,397,S0_baseline,indonesia,USDC
575,1.0418395323842513,2929703425505.5693,397,S0_baseline,indonesia,USDC
576,1.070840162654251,2929703425505.5693,397,S0_baseline,indonesia,USDC
577,1.0818139627317351,2929703425505.5693,397,S0_baseline,indonesia,USDC
578,1.074216117458663,2929703425505.5693,397,S0_baseline,indonesia,USDC
579,1.0108194065404712,2929703425505.5693,397,S0_baseline,indonesia,USDC
580,0.9947256263675127,2929703425505.5693,397,S0_baseline,indonesia,USDC
581,1.0097282081123047,2929703425505.5693,397,S0_baseline,indonesia,USDC
582,1.0370773685678603,2929703425505.5693,397,S0_baseline,indonesia,USDC
583,1.0202875056541458,2929703425505.5693,397,S0_baseline,indonesia,USDC
584,1.0049702886078555,2929703425505.5693,397,S0_baseline,indonesia,USDC
585,1.003730458110211,2929703425505.5693,397,S0_baseline,indonesia,USDC
586,1.0434427329792626,2929703425505.5693,397,S0_baseline,indonesia,USDC
587,1.0372729922087585,2929703425505.5693,397,S0_baseline,indonesia,USDC
588,1.0113357369281237,2929703425505.5693,397,S0_baseline,indonesia,USDC
589,1.0023583497815312,2929703425505.5693,397,S0_baseline,indonesia,USDC
590,0.9776674250599453,2929703425505.5693,397,S0_baseline,indonesia,USDC
591,0.9988627189676831,2929703425505.5693,397,S0_baseline,indonesia,USDC
592,1.003589255192627,2929703425505.5693,397,S0_baseline,indonesia,USDC
593,1.0069391583033278,2929703425505.5693,397,S0_baseline,indonesia,USDC
594,1.0262910500513038,2929703425505.5693,397,S0_baseline,indonesia,USDC
595,1.0222341655159422,2929703425505.5693,397,S0_baseline,indonesia,USDC
596,1.0368207112206835,2929703425505.5693,397,S0_baseline,indonesia,USDC
597,1.0367475371074983,2929703425505.5693,397,S0_baseline,indonesia,USDC
598,1.0545428022936005,2929703425505.5693,397,S0_baseline,indonesia,USDC
599,1.052325170476151,2929703425505.5693,397,S0_baseline,indonesia,USDC
600,1.050356029684489,2929703425505.5693,397,S0_baseline,indonesia,USDC
601,1.0100580997760427,2929703425505.5693,397,S0_baseline,indonesia,USDC
602,1.0145003410168076,2929703425505.5693,397,S0_baseline,indonesia,USDC
603,0.9805463745388321,2929703425505.5693,397,S0_baseline,indonesia,USDC
604,1.0007815826255966,2929703425505.5693,397,S0_baseline,indonesia,USDC
605,0.9827963554365317,2929703425505.5693,397,S0_baseline,indonesia,USDC
606,0.9493524430912069,2929703425505.5693,397,S0_baseline,indonesia,USDC
607,0.9404083565573933,2929699036835.741,397,S0_baseline,indonesia,USDC
608,0.9236959759677581,2929692001707.309,397,S0_baseline,indonesia,USDC
609,0.9242862223641909,2929682208557.701,397,S0_baseline,indonesia,USDC
610,0.9250285191279057,2929672967957.6455,397,S0_baseline,indonesia,USDC
611,0.9511878446690565,2929663485035.371,397,S0_baseline,indonesia,USDC
612,0.9621921791224765,2929659862800.1406,397,S0_baseline,indonesia,USDC
613,0.9651945593669569,2929658694967.1245,397,S0_baseline,indonesia,USDC
614,1.0018297564582976,2929657977691.056,397,S0_baseline,indonesia,USDC
615,1.032336444744712,2929657977691.056,397,S0_baseline,indonesia,USDC
616,1.0059180098819418,2929657977691.056,397,S0_baseline,indonesia,USDC
617,1.045686330837458,2929657977691.056,397,S0_baseline,indonesia,USDC
618,1.0185543557566408,2929657977691.056,397,S0_baseline,indonesia,USDC
619,1.0324394890775765,2929657977691.056,397,S0_baseline,indonesia,USDC
620,1.0388236914454667,2929657977691.056,397,S0_baseline,indonesia,USDC
621,1.0465292487854034,2929657977691.056,397,S0_baseline,indonesia,USDC
622,1.0560282068619875,2929657977691.056,397,S0_baseline,indonesia,USDC
623,1.0053183107226615,2929657977691.056,397,S0_baseline,indonesia,USDC
624,1.0282645418040184,2929657977691.056,397,S0_baseline,indonesia,USDC
625,1.029564391728748,2929657977691.056,397,S0_baseline,indonesia,USDC
626,1.0324121045924946,2929657977691.056,397,S0_baseline,indonesia,USDC
627,1.0302024788344997,2929657977691.056,397,S0_baseline,indonesia,USDC
628,1.0565935494382566,2929657977691.056,397,S0_baseline,indonesia,USDC
629,1.052691920970671,2929657977691.056,397,S0_baseline,indonesia,USDC
630,1.0864900193617522,2929657977691.056,397,S0_baseline,indonesia,USDC
631,1.0426373767205455,2929657977691.056,397,S0_baseline,indonesia,USDC
632,1.008078202147276,2929657977691.056,397,S0_baseline,indonesia,USDC
633,1.0115583324162365,2929657977691.056,397,S0_baseline,indonesia,USDC
634,1.0373291852770303,2929657977691.056,397,S0_baseline,indonesia,USDC
635,1.025791947904117,2929657977691.056,397,S0_baseline,indonesia,USDC
636,1.0411318123393734,2929657977691.056,397,S0_baseline,indonesia,USDC
637,1.0419665734604584,2929657977691.056,397,S0_baseline,indonesia,USDC
638,1.0493662294328976,2929657977691.056,397,S0_baseline,indonesia,USDC
639,1.0515522458350708,2929657977691.056,397,S0_baseline,indonesia,USDC
640,1.023220664659824,2929657977691.056,397,S0_baseline,indonesia,USDC
641,1.0039467927969807,2929657977691.056,397,S0_baseline,indonesia,USDC
642,0.9935278654657702,2929657977691.056,397,S0_baseline,indonesia,USDC
643,0.9860662237809222,2929657977691.056,397,S0_baseline,indonesia,USDC
644,0.9162046977821471,2929657977691.056,397,S0_baseline,indonesia,USDC
645,0.9406624221524766,2929648284205.5547,397,S0_baseline,indonesia,USDC
646,0.9574127710792252,2929642844488.2974,397,S0_baseline,indonesia,USDC
647,0.9669500557480692,2929640838408.3423,397,S0_baseline,indonesia,USDC
648,0.9508905782449568,2929640392550.507,397,S0_baseline,indonesia,USDC
649,0.950239296549707,2929637149463.389,397,S0_baseline,indonesia,USDC
650,0.9453120730459387,2929633712307.1626,397,S0_baseline,indonesia,USDC
651,0.9838837330497329,2929629660713.9272,397,S0_baseline,indonesia,USDC
652,1.0167642947878535,2929629660713.9272,397,S0_baseline,indonesia,USDC
653,1.004747667323855,2929629660713.9272,397,S0_baseline,indonesia,USDC
654,0.9882749051613628,2929629660713.9272,397,S0_baseline,indonesia,USDC
655,0.9889955527235189,2929629660713.9272,397,S0_baseline,indonesia,USDC
656,0.9678582842670139,2929629660713.9272,397,S0_baseline,indonesia,USDC
657,0.9913276628133291,2929629571848.486,397,S0_baseline,indonesia,USDC
658,0.9879896263968145,2929629571848.486,397,S0_baseline,indonesia,USDC
659,0.9583945742295734,2929629571848.486,397,S0_baseline,indonesia,USDC
660,0.9664176701685313,2929627876297.0146,397,S0_baseline,indonesia,USDC
661,0.9804408060042387,2929627287437.235,397,S0_baseline,indonesia,USDC
662,0.9888347213311943,2929627287437.235,397,S0_baseline,indonesia,USDC
663,0.9657697477745704,2929627287437.235,397,S0_baseline,indonesia,USDC
664,0.9544203608750481,2929626874938.403,397,S0_baseline,indonesia,USDC
665,0.9819675465074604,2929624330056.276,397,S0_baseline,indonesia,USDC
666,0.9641507164908694,2929624330056.276,397,S0_baseline,indonesia,USDC
667,0.9636999101844059,2929623486106.4434,397,S0_baseline,indonesia,USDC
668,0.9558953655542537,2929622479018.0225,397,S0_baseline,indonesia,USDC
669,0.9295472154853178,2929620356043.285,397,S0_baseline,indonesia,USDC
670,0.9104474859195901,2929614200236.2964,397,S0_baseline,indonesia,USDC
671,0.9309193297107333,2929605698625.0264,397,S0_baseline,indonesia,USDC
672,0.944877494958765,2929600168107.702,397,S0_baseline,indonesia,USDC
673,0.9590819291827134,2929596756123.5195,397,S0_baseline,indonesia,USDC
674,0.9849086832148854,2929595311702.6826,397,S0_baseline,indonesia,USDC
675,0.9829595947268778,2929595311702.6826,397,S0_baseline,indonesia,USDC
676,0.9759798848003675,2929595311702.6826,397,S0_baseline,indonesia,USDC
677,0.9591099665003301,2929595311702.6826,397,S0_baseline,indonesia,USDC
678,0.9596884664127512,2929594065527.276,397,S0_baseline,indonesia,USDC
679,0.9589941849863632,2929592729951.337,397,S0_baseline,indonesia,USDC
680,0.9601878883595568,2929591493240.4966,397,S0_baseline,indonesia,USDC
681,0.9627206655587993,2929590332467.841,397,S0_baseline,indonesia,USDC
682,0.9732170645950671,2929589651896.825,397,S0_baseline,indonesia,USDC
683,0.9663494884884366,2929589651896.825,397,S0_baseline,indonesia,USDC
684,0.9799965524435319,2929589336955.267,397,S0_baseline,indonesia,USDC
685,1.0011177251562993,2929589336955.267,397,S0_baseline,indonesia,USDC
686,0.9934643108401743,2929589336955.267,397,S0_baseline,indonesia,USDC
687,0.9867338667448549,2929589336955.267,397,S0_baseline,indonesia,USDC
688,0.9469735545482802,2929589336955.267,397,S0_baseline,indonesia,USDC
689,0.9468825988815852,2929586466761.4453,397,S0_baseline,indonesia,USDC
690,0.9452213423940194,2929583976823.25,397,S0_baseline,indonesia,USDC
691,0.9534325470326194,2929581132080.6616,397,S0_baseline,indonesia,USDC
692,0.984164232143143,2929579477654.992,397,S0_baseline,indonesia,USDC
693,1.010631875790882,2929579477654.992,397,S0_baseline,indonesia,USDC
694,1.000514523365882,2929579477654.992,397,S0_baseline,indonesia,USDC
695,1.006448883818472,2929579477654.992,397,S0_baseline,indonesia,USDC
696,1.0151026431225307,2929579477654.992,397,S0_baseline,indonesia,USDC
697,1.046883339650415,2929579477654.992,397,S0_baseline,indonesia,USDC
698,1.0281894183940277,2929579477654.992,397,S0_baseline,indonesia,USDC
699,1.0171741751748324,2929579477654.992,397,S0_baseline,indonesia,USDC
700,1.0354257776506075,2929579477654.992,397,S0_baseline,indonesia,USDC
701,1.0113278386173326,2929579477654.992,397,S0_baseline,indonesia,USDC
702,1.005165026892276,2929579477654.992,397,S0_baseline,indonesia,USDC
703,1.0282503885122123,2929579477654.992,397,S0_baseline,indonesia,USDC
704,1.05487177056717,2929579477654.992,397,S0_baseline,indonesia,USDC
705,1.0444623393158952,2929579477654.992,397,S0_baseline,indonesia,USDC
706,1.050301706432125,2929579477654.992,397,S0_baseline,indonesia,USDC
707,1.0080797523025424,2929579477654.992,397,S0_baseline,indonesia,USDC
708,0.9919914688855583,2929579477654.992,397,S0_baseline,indonesia,USDC
709,0.9915522741683845,2929579477654.992,397,S0_baseline,indonesia,USDC
710,0.999685342898547,2929579477654.992,397,S0_baseline,indonesia,USDC
711,0.9941831014092473,2929579477654.992,397,S0_baseline,indonesia,USDC
712,0.9629530856944423,2929579477654.992,397,S0_baseline,indonesia,USDC
713,0.9420329898297506,2929578882962.659,397,S0_baseline,indonesia,USDC
714,0.9618028447579472,2929575806729.843,397,S0_baseline,indonesia,USDC
715,0.9888422795714777,2929574899312.713,397,S0_baseline,indonesia,USDC
716,0.9795246377093214,2929574899312.713,397,S0_baseline,indonesia,USDC
717,0.9435129798830619,2929574899312.713,397,S0_baseline,indonesia,USDC
718,0.9531012035856984,2929572302014.198,397,S0_baseline,indonesia,USDC
719,0.9601683166509334,2929570658640.9956,397,S0_baseline,indonesia,USDC
720,0.9876724624018646,2929569832359.447,397,S0_baseline,indonesia,USDC
721,1.0053946704201515,2929569832359.447,397,S0_baseline,indonesia,USDC
722,0.9818038892985732,2929569832359.447,397,S0_baseline,indonesia,USDC
723,0.9749719616194307,2929569832359.447,397,S0_baseline,indonesia,USDC
724,0.9911190319603581,2929569832359.447,397,S0_baseline,indonesia,USDC
725,1.0219036102986698,2929569832359.447,397,S0_baseline,indonesia,USDC
726,0.9899765729159524,2929569832359.447,397,S0_baseline,indonesia,USDC
727,0.9834393583621805,2929569832359.447,397,S0_baseline,indonesia,USDC
728,1.000505501877115,2929569832359.447,397,S0_baseline,indonesia,USDC
729,1.0147118137670252,2929569832359.447,397,S0_baseline,indonesia,USDC
730,0.9975595389148691,2929569832359.447,397,S0_baseline,indonesia,USDC
731,1.0191409485493639,2929569832359.447,397,S0_baseline,indonesia,USDC
732,1.0245084656592434,2929569832359.447,397,S0_baseline,indonesia,USDC
733,1.006863965962512,2929569832359.447,397,S0_baseline,indonesia,USDC
734,1.0017757972197456,2929569832359.447,397,S0_baseline,indonesia,USDC
735,0.9800346493168791,2929569832359.447,397,S0_baseline,indonesia,USDC
736,0.9920886720461716,2929569832359.447,397,S0_baseline,indonesia,USDC
737,0.9778319979924737,2929569832359.447,397,S0_baseline,indonesia,USDC
738,0.9553240545042476,2929569832359.447,397,S0_baseline,indonesia,USDC
739,0.9509270098523566,2929568298137.796,397,S0_baseline,indonesia,USDC
740,0.9530223611253709,2929566503839.957,397,S0_baseline,indonesia,USDC
741,0.9744232078768642,2929564946667.8525,397,S0_baseline,indonesia,USDC
742,0.9911161939367003,2929564946667.8525,397,S0_baseline,indonesia,USDC
743,0.9625881023003389,2929564946667.8525,397,S0_baseline,indonesia,USDC
744,0.9569280350384555,2929564209161.134,397,S0_baseline,indonesia,USDC
745,0.9520742074330815,2929563131051.327,397,S0_baseline,indonesia,USDC
746,0.9250236831000921,2929561538094.3965,397,S0_baseline,indonesia,USDC
747,0.9484195684315355,2929557220858.3936,397,S0_baseline,indonesia,USDC
748,0.985125529565114,2929555402628.525,397,S0_baseline,indonesia,USDC
749,0.9945135729747576,2929555402628.525,397,S0_baseline,indonesia,USDC
750,1.00346147543027,2929555402628.525,397,S0_baseline,indonesia,USDC
751,1.0151274209896737,2929555402628.525,397,S0_baseline,indonesia,USDC
752,1.0072016549003036,2929555402628.525,397,S0_baseline,indonesia,USDC
753,0.9793463936774747,2929555402628.525,397,S0_baseline,indonesia,USDC
754,0.9729196515785635,2929555402628.525,397,S0_baseline,indonesia,USDC
755,0.9830911683969484,2929555402628.525,397,S0_baseline,indonesia,USDC
756,0.9918248852285827,2929555402628.525,397,S0_baseline,indonesia,USDC
757,0.9917419454385059,2929555402628.525,397,S0_baseline,indonesia,USDC
758,1.0140865258195921,2929555402628.525,397,S0_baseline,indonesia,USDC
759,1.0287348334382684,2929555402628.525,397,S0_baseline,indonesia,USDC
760,1.029922140790584,2929555402628.525,397,S0_baseline,indonesia,USDC
761,1.0494985440972993,2929555402628.525,397,S0_baseline,indonesia,USDC
762,1.0365408872021291,2929555402628.525,397,S0_baseline,indonesia,USDC
763,1.039894375197788,2929555402628.525,397,S0_baseline,indonesia,USDC
764,1.0243416561988254,2929555402628.525,397,S0_baseline,indonesia,USDC
765,1.0400149169033641,2929555402628.525,397,S0_baseline,indonesia,USDC
766,1.0267989332671767,2929555402628.525,397,S0_baseline,indonesia,USDC
767,1.0192842043018695,2929555402628.525,397,S0_baseline,indonesia,USDC
768,1.033253094213479,2929555402628.525,397,S0_baseline,indonesia,USDC
769,1.071382800034646,2929555402628.525,397,S0_baseline,indonesia,USDC
770,1.091894633852599,2929555402628.525,397,S0_baseline,indonesia,USDC
771,1.116452033140517,2929555402628.525,397,S0_baseline,indonesia,USDC
772,1.1210675809066366,2929555402628.525,397,S0_baseline,indonesia,USDC
773,1.0982850290592445,2929555402628.525,397,S0_baseline,indonesia,USDC
774,1.107706355451338,2929555402628.525,397,S0_baseline,indonesia,USDC
775,1.1070538597815873,2929555402628.525,397,S0_baseline,indonesia,USDC
776,1.0638630330569794,2929555402628.525,397,S0_baseline,indonesia,USDC
777,1.0961463204372899,2929555402628.525,397,S0_baseline,indonesia,USDC
778,1.1051706371011358,2929555402628.525,397,S0_baseline,indonesia,USDC
779,1.1421080515798405,2929555402628.525,397,S0_baseline,indonesia,USDC
780,1.074173164364907,2929555402628.525,397,S0_baseline,indonesia,USDC
781,1.0585161879517924,2929555402628.525,397,S0_baseline,indonesia,USDC
782,1.0255303236542117,2929555402628.525,397,S0_baseline,indonesia,USDC
783,1.0438881721592086,2929555402628.525,397,S0_baseline,indonesia,USDC
784,1.0334680264616125,2929555402628.525,397,S0_baseline,indonesia,USDC
785,1.0060174969567728,2929555402628.525,397,S0_baseline,indonesia,USDC
786,1.0015055483828816,2929555402628.525,397,S0_baseline,indonesia,USDC
787,1.0076487214097547,2929555402628.525,397,S0_baseline,indonesia,USDC
788,1.009254323463414,2929555402628.525,397,S0_baseline,indonesia,USDC
789,1.047206464011241,2929555402628.525,397,S0_baseline,indonesia,USDC
790,1.0290104997999092,2929555402628.525,397,S0_baseline,indonesia,USDC
791,1.0042689367381068,2929555402628.525,397,S0_baseline,indonesia,USDC
792,0.9852288292236243,2929555402628.525,397,S0_baseline,indonesia,USDC
793,0.9764009799805852,2929555402628.525,397,S0_baseline,indonesia,USDC
794,0.9840678295512092,2929555402628.525,397,S0_baseline,indonesia,USDC
795,0.9495835997112131,2929555402628.525,397,S0_baseline,indonesia,USDC
796,0.9339760993539059,2929553798041.4795,397,S0_baseline,indonesia,USDC
797,0.9127524473923286,2929550724481.0957,397,S0_baseline,indonesia,USDC
798,0.9332219920538944,2929546113930.2524,397,S0_baseline,indonesia,USDC
799,0.9400919680938482,2929543435862.4883,397,S0_baseline,indonesia,USDC
800,0.9448541673671382,2929541199163.0703,397,S0_baseline,indonesia,USDC
801,0.9549811694331137,2929539312694.4014,397,S0_baseline,indonesia,USDC
802,0.9737128952855457,2929538379664.152,397,S0_baseline,indonesia,USDC
803,0.9712152910083827,2929538379664.152,397,S0_baseline,indonesia,USDC
804,0.9715748130743449,2929538379664.152,397,S0_baseline,indonesia,USDC
805,0.9407332307732538,2929538379664.152,397,S0_baseline,indonesia,USDC
806,0.9427521021880281,2929536341406.9673,397,S0_baseline,indonesia,USDC
807,0.9344806026520147,2929534566159.0713,397,S0_baseline,indonesia,USDC
808,0.9739429250647234,2929532367706.1924,397,S0_baseline,indonesia,USDC
809,0.9475173154864663,2929532367706.1924,397,S0_baseline,indonesia,USDC
810,0.9721743101957543,2929530943300.409,397,S0_baseline,indonesia,USDC
811,0.9739991183766062,2929530943300.409,397,S0_baseline,indonesia,USDC
812,0.9644598161886753,2929530943300.409,397,S0_baseline,indonesia,USDC
813,0.9732313361951659,2929530663149.899,397,S0_baseline,indonesia,USDC
814,0.9791254943585057,2929530663149.899,397,S0_baseline,indonesia,USDC
815,0.9932176312915596,2929530663149.899,397,S0_baseline,indonesia,USDC
816,0.9856219974703887,2929530663149.899,397,S0_baseline,indonesia,USDC
817,0.9856187397949323,2929530663149.899,397,S0_baseline,indonesia,USDC
818,0.995247715738186,2929530663149.899,397,S0_baseline,indonesia,USDC
819,1.0026826214774769,2929530663149.899,397,S0_baseline,indonesia,USDC
820,0.9683196927837375,2929530663149.899,397,S0_baseline,indonesia,USDC
821,0.942318758558111,2929530588686.38,397,S0_baseline,indonesia,USDC
822,0.9428246764265381,2929528999621.385,397,S0_baseline,indonesia,USDC
823,0.9527925070726866,2929527422558.2812,397,S0_baseline,indonesia,USDC
824,0.9500894989548552,2929526519579.705,397,S0_baseline,indonesia,USDC
825,0.9270760346063496,2929525377762.1494,397,S0_baseline,indonesia,USDC
826,0.9164527442770528,2929522929076.3804,397,S0_baseline,indonesia,USDC
827,0.9216732174117954,2929519920471.09,397,S0_baseline,indonesia,USDC
828,0.9280516209189432,2929517494976.911,397,S0_baseline,indonesia,USDC
829,0.947800206826032,2929515494103.757,397,S0_baseline,indonesia,USDC
830,0.9366831138570214,2929514543585.6377,397,S0_baseline,indonesia,USDC
831,0.9293746822312997,2929513059081.2534,397,S0_baseline,indonesia,USDC
832,0.9400263386981804,2929511297327.8457,397,S0_baseline,indonesia,USDC
833,0.956037425488822,2929510060811.411,397,S0_baseline,indonesia,USDC
834,0.9554868011659641,2929509493061.7266,397,S0_baseline,indonesia,USDC
835,0.9879232873136969,2929508972875.8555,397,S0_baseline,indonesia,USDC
836,0.9755680824015724,2929508972875.8555,397,S0_baseline,indonesia,USDC
837,0.9784144226977622,2929508972875.8555,397,S0_baseline,indonesia,USDC
838,0.9595673132541923,2929508972875.8555,397,S0_baseline,indonesia,USDC
839,0.9521033063868461,2929508592753.2334,397,S0_baseline,indonesia,USDC
840,0.9386040603696414,2929507884210.8574,397,S0_baseline,indonesia,USDC
841,0.9302981967366125,2929506648140.617,397,S0_baseline,indonesia,USDC
842,0.9554296901255825,2929505129000.437,397,S0_baseline,indonesia,USDC
843,0.9736726970861689,2929504662043.8213,397,S0_baseline,indonesia,USDC
844,0.9696145244696012,2929504662043.8213,397,S0_baseline,indonesia,USDC
845,0.9496467134895158,2929504657237.336,397,S0_baseline,indonesia,USDC
846,0.9394196251898694,2929503991094.0195,397,S0_baseline,indonesia,USDC
847,0.9108403499481985,2929502906574.382,397,S0_baseline,indonesia,USDC
848,0.870253853406272,2929500908988.293,397,S0_baseline,indonesia,USDC
849,0.8905716876328564,2929497714310.3604,397,S0_baseline,indonesia,USDC
850,0.8908132731212661,2929495316259.956,397,S0_baseline,indonesia,USDC
851,0.9078073681408375,2929493171122.652,397,S0_baseline,indonesia,USDC
852,0.8921190902391393,2929491702313.8,397,S0_baseline,indonesia,USDC
853,0.8937139307303783,2929489876493.0723,397,S0_baseline,indonesia,USDC
854,0.7890074694944558,2929488228745.747,397,S0_baseline,indonesia,USDC
855,0.7940908791529038,2929484605896.688,397,S0_baseline,indonesia,USDC
856,0.8005011694598602,2929481786867.7246,397,S0_baseline,indonesia,USDC
857,0.8061854766499609,2929479498491.964,397,S0_baseline,indonesia,USDC
858,0.8248673844016928,2929477739602.474,397,S0_baseline,indonesia,USDC
859,0.8745287075807896,2929476430543.2803,397,S0_baseline,indonesia,USDC
860,0.8814481648106004,2929475659928.71,397,S0_baseline,indonesia,USDC
861,0.9065949207408207,2929474999783.225,397,S0_baseline,indonesia,USDC
862,0.9247323968768535,2929474601893.416,397,S0_baseline,indonesia,USDC
863,0.9579543672575442,2929474313803.7544,397,S0_baseline,indonesia,USDC
864,0.961735849513594,2929474240721.1304,397,S0_baseline,indonesia,USDC
865,0.9681269381863501,2929474194979.174,397,S0_baseline,indonesia,USDC
866,0.9429016429473674,2929474193318.1875,397,S0_baseline,indonesia,USDC
867,0.9348354242460247,2929474032274.4126,397,S0_baseline,indonesia,USDC
868,0.9499609820848631,2929473841638.9355,397,S0_baseline,indonesia,USDC
869,0.9700216143642515,2929473729813.6196,397,S0_baseline,indonesia,USDC
870,0.9681349388041623,2929473729813.6196,397,S0_baseline,indonesia,USDC
871,0.9855736834107931,2929473722538.747,397,S0_baseline,indonesia,USDC
872,1.0071021737435457,2929473722538.747,397,S0_baseline,indonesia,USDC
873,1.007641417146489,2929473722538.747,397,S0_baseline,indonesia,USDC
874,1.021687046796853,2929473722538.747,397,S0_baseline,indonesia,USDC
875,1.0339257701506925,2929473722538.747,397,S0_baseline,indonesia,USDC
876,1.0172592057328473,2929473722538.747,397,S0_baseline,indonesia,USDC
877,1.0456672301880443,2929473722538.747,397,S0_baseline,indonesia,USDC
878,1.0596052542240109,2929473722538.747,397,S0_baseline,indonesia,USDC
879,1.091331017818276,2929473722538.747,397,S0_baseline,indonesia,USDC
880,1.0751414841492788,2929473722538.747,397,S0_baseline,indonesia,USDC
881,1.0549196551641633,2929473722538.747,397,S0_baseline,indonesia,USDC
882,1.0539305072501914,2929473722538.747,397,S0_baseline,indonesia,USDC
883,1.0581774273414972,2929473722538.747,397,S0_baseline,indonesia,USDC
884,1.0674616841673679,2929473722538.747,397,S0_baseline,indonesia,USDC
885,1.0755219367787343,2929473722538.747,397,S0_baseline,indonesia,USDC
886,1.0356744000028302,2929473722538.747,397,S0_baseline,indonesia,USDC
887,1.0316364636113289,2929473722538.747,397,S0_baseline,indonesia,USDC
888,1.039241857666742,2929473722538.747,397,S0_baseline,indonesia,USDC
889,1.0663024800544274,2929473722538.747,397,S0_baseline,indonesia,USDC
890,1.0195044387664933,2929473722538.747,397,S0_baseline,indonesia,USDC
891,1.0077579352801402,2929473722538.747,397,S0_baseline,indonesia,USDC
892,0.9829442938994881,2929473722538.747,397,S0_baseline,indonesia,USDC
893,0.9901996640615954,2929473722538.747,397,S0_baseline,indonesia,USDC
894,0.9849422833255264,2929473722538.747,397,S0_baseline,indonesia,USDC
895,1.001554765385165,2929473722538.747,397,S0_baseline,indonesia,USDC
896,0.9946731925048827,2929473722538.747,397,S0_baseline,indonesia,USDC
897,0.9895782012410232,2929473722538.747,397,S0_baseline,indonesia,USDC
898,0.9923751750390348,2929473722538.747,397,S0_baseline,indonesia,USDC
899,0.964356773399107,2929473722538.747,397,S0_baseline,indonesia,USDC
900,0.9693146414783983,2929473691740.3,397,S0_baseline,indonesia,USDC
901,0.9560208342428483,2929473690513.2773,397,S0_baseline,indonesia,USDC
902,0.9676835727419709,2929473618616.277,397,S0_baseline,indonesia,USDC
903,0.9646875776113593,2929473609113.2314,397,S0_baseline,indonesia,USDC
904,0.9841932551876746,2929473583854.3887,397,S0_baseline,indonesia,USDC
905,1.002844805941748,2929473583854.3887,397,S0_baseline,indonesia,USDC
906,1.0433951086285944,2929473583854.3887,397,S0_baseline,indonesia,USDC
907,1.0240174245528626,2929473583854.3887,397,S0_baseline,indonesia,USDC
908,1.0421660136097695,2929473583854.3887,397,S0_baseline,indonesia,USDC
909,1.0186924801055461,2929473583854.3887,397,S0_baseline,indonesia,USDC
910,1.0072435518014278,2929473583854.3887,397,S0_baseline,indonesia,USDC
911,0.9966557766113275,2929473583854.3887,397,S0_baseline,indonesia,USDC
912,0.9918076494370078,2929473583854.3887,397,S0_baseline,indonesia,USDC
913,0.9933086663849348,2929473583854.3887,397,S0_baseline,indonesia,USDC
914,0.9773629795437536,2929473583854.3887,397,S0_baseline,indonesia,USDC
915,1.0040001201022306,2929473583854.3887,397,S0_baseline,indonesia,USDC
916,1.0017359246160082,2929473583854.3887,397,S0_baseline,indonesia,USDC
917,1.015124830489086,2929473583854.3887,397,S0_baseline,indonesia,USDC
918,0.9862038561988998,2929473583854.3887,397,S0_baseline,indonesia,USDC
919,0.9961063587140384,2929473583854.3887,397,S0_baseline,indonesia,USDC
920,0.9766558335234921,2929473583854.3887,397,S0_baseline,indonesia,USDC
921,0.9894621451501737,2929473583854.3887,397,S0_baseline,indonesia,USDC
922,0.9782420435807235,2929473583854.3887,397,S0_baseline,indonesia,USDC
923,0.9465091721769727,2929473583854.3887,397,S0_baseline,indonesia,USDC
924,0.9370134098160366,2929473463769.953,397,S0_baseline,indonesia,USDC
925,0.9581332602360586,2929473298006.412,397,S0_baseline,indonesia,USDC
926,0.9734364959545598,2929473245478.346,397,S0_baseline,indonesia,USDC
927,0.9547088295250744,2929473245478.346,397,S0_baseline,indonesia,USDC
928,0.9974172361517909,2929473177019.368,397,S0_baseline,indonesia,USDC
929,1.0038224152380555,2929473177019.368,397,S0_baseline,indonesia,USDC
930,0.9924388090637207,2929473177019.368,397,S0_baseline,indonesia,USDC
931,0.9826771311503364,2929473177019.368,397,S0_baseline,indonesia,USDC
932,0.9521578981814208,2929473177019.368,397,S0_baseline,indonesia,USDC
933,0.8380906099982615,2929473101388.478,397,S0_baseline,indonesia,USDC
934,0.8660112478096782,2929472465950.0435,397,S0_baseline,indonesia,USDC
935,0.8779650418555187,2929472051826.503,397,S0_baseline,indonesia,USDC
936,0.8787785256781125,2929471730847.7773,397,S0_baseline,indonesia,USDC
937,0.8726644965161964,2929471440935.739,397,S0_baseline,indonesia,USDC
938,0.8804917458644174,2929471138667.4062,397,S0_baseline,indonesia,USDC
939,0.8912863088093252,2929470905292.4775,397,S0_baseline,indonesia,USDC
940,0.9289341521851889,2929470704319.282,397,S0_baseline,indonesia,USDC
941,0.9381186861828159,2929470613515.118,397,S0_baseline,indonesia,USDC
942,0.9459900678350399,2929470548674.249,397,S0_baseline,indonesia,USDC
943,0.9751102497339311,2929470500124.5303,397,S0_baseline,indonesia,USDC
944,0.9956458166117916,2929470500124.5303,397,S0_baseline,indonesia,USDC
945,0.9901608126095174,2929470500124.5303,397,S0_baseline,indonesia,USDC
946,0.9795934602073756,2929470500124.5303,397,S0_baseline,indonesia,USDC
947,0.9922612792547656,2929470500124.5303,397,S0_baseline,indonesia,USDC
948,0.9912905642785651,2929470500124.5303,397,S0_baseline,indonesia,USDC
949,1.0046909421782746,2929470500124.5303,397,S0_baseline,indonesia,USDC
950,1.0189986219390914,2929470500124.5303,397,S0_baseline,indonesia,USDC
951,1.0320638556478228,2929470500124.5303,397,S0_baseline,indonesia,USDC
952,1.0077609430683667,2929470500124.5303,397,S0_baseline,indonesia,USDC
953,1.0138003667676612,2929470500124.5303,397,S0_baseline,indonesia,USDC
954,0.974641473576139,2929470500124.5303,397,S0_baseline,indonesia,USDC
955,0.9588608490337619,2929470500124.5303,397,S0_baseline,indonesia,USDC
956,0.9811392923261817,2929470477817.422,397,S0_baseline,indonesia,USDC
957,0.9941016559318112,2929470477817.422,397,S0_baseline,indonesia,USDC
958,0.9776206763395479,2929470477817.422,397,S0_baseline,indonesia,USDC
959,0.9568753970757308,2929470477817.422,397,S0_baseline,indonesia,USDC
960,0.9565510245222227,2929470451629.1006,397,S0_baseline,indonesia,USDC
961,0.969364494254223,2929470426579.9014,397,S0_baseline,indonesia,USDC
962,0.9771232324552213,2929470425712.8164,397,S0_baseline,indonesia,USDC
963,0.9716208321487618,2929470425712.8164,397,S0_baseline,indonesia,USDC
964,0.9891670604068548,2929470425712.8164,397,S0_baseline,indonesia,USDC
965,0.9795969680590746,2929470425712.8164,397,S0_baseline,indonesia,USDC
966,0.9910828156598553,2929470425712.8164,397,S0_baseline,indonesia,USDC
967,0.961792186359477,2929470425712.8164,397,S0_baseline,indonesia,USDC
968,0.9440757796459384,2929470408814.5225,397,S0_baseline,indonesia,USDC
969,0.9450895508643955,2929470361601.355,397,S0_baseline,indonesia,USDC
970,0.9591029058907388,2929470313758.472,397,S0_baseline,indonesia,USDC
971,0.943028653076472,2929470293888.5996,397,S0_baseline,indonesia,USDC
972,0.9482682242569199,2929470242025.275,397,S0_baseline,indonesia,USDC
973,0.9428453801177703,2929470201399.086,397,S0_baseline,indonesia,USDC
974,0.9468152129431627,2929470153493.2363,397,S0_baseline,indonesia,USDC
975,0.9797841868475388,2929470112266.813,397,S0_baseline,indonesia,USDC
976,1.001298973863346,2929470112266.813,397,S0_baseline,indonesia,USDC
977,1.0153531300827472,2929470112266.813,397,S0_baseline,indonesia,USDC
978,0.9933868934755733,2929470112266.813,397,S0_baseline,indonesia,USDC
979,0.9720572796650925,2929470112266.813,397,S0_baseline,indonesia,USDC
980,0.9766939696402505,2929470112266.813,397,S0_baseline,indonesia,USDC
981,0.9763756213255088,2929470112266.813,397,S0_baseline,indonesia,USDC
982,0.9560774526857544,2929470112266.813,397,S0_baseline,indonesia,USDC
983,0.9593296305804329,2929470088101.9272,397,S0_baseline,indonesia,USDC
984,0.9723167971098499,2929470069847.5576,397,S0_baseline,indonesia,USDC
985,0.9777403527494447,2929470069847.5576,397,S0_baseline,indonesia,USDC
986,1.000718377090744,2929470069847.5576,397,S0_baseline,indonesia,USDC
987,0.999992934644525,2929470069847.5576,397,S0_baseline,indonesia,USDC
988,1.0015449761299848,2929470069847.5576,397,S0_baseline,indonesia,USDC
989,1.0009016470220968,2929470069847.5576,397,S0_baseline,indonesia,USDC
990,0.995847338329053,2929470069847.5576,397,S0_baseline,indonesia,USDC
991,1.0280849278638977,2929470069847.5576,397,S0_baseline,indonesia,USDC
992,1.0381546855364885,2929470069847.5576,397,S0_baseline,indonesia,USDC
993,1.0510090767321074,2929470069847.5576,397,S0_baseline,indonesia,USDC
994,1.0603564604230722,2929470069847.5576,397,S0_baseline,indonesia,USDC
995,1.0493041234892522,2929470069847.5576,397,S0_baseline,indonesia,USDC
996,0.885999756776681,2929470069847.5576,397,S0_baseline,indonesia,USDC
997,0.9022253607109693,2929469927724.66,397,S0_baseline,indonesia,USDC
998,0.9191375542363134,2929469822984.655,397,S0_baseline,indonesia,USDC
999,0.9120713859196412,2929469749873.118,397,S0_baseline,indonesia,USDC
1000,0.9107305289306046,2929469674981.9375,397,S0_baseline,indonesia,USDC
