Step,price,liquidity,iteration,scenario,region,coin
1,0.9767579128860177,2989443293919.88,412,S0_baseline,indonesia,USDC
2,0.9408822859293796,2989443293919.88,412,S0_baseline,indonesia,USDC
3,0.9236958029989832,2987687907776.9062,412,S0_baseline,indonesia,USDC
4,0.9443847282920282,2984946836198.343,412,S0_baseline,indonesia,USDC
5,0.9587901679468913,2983509466411.289,412,S0_baseline,indonesia,USDC
6,0.9615119828886565,2982884649180.997,412,S0_baseline,indonesia,USDC
7,0.966228041321677,2982446727062.664,412,S0_baseline,indonesia,USDC
8,0.9923136432674832,2982266977787.2793,412,S0_baseline,indonesia,USDC
9,0.9717885064232804,2982266977787.2793,412,S0_baseline,indonesia,USDC
10,0.9694477835844917,2982266977787.2793,412,S0_baseline,indonesia,USDC
11,0.9489165539985609,2982253021147.7,412,S0_baseline,indonesia,USDC
12,0.953506497182707,2981105174722.5884,412,S0_baseline,indonesia,USDC
13,0.9677516354011562,2980264187787.4976,412,S0_baseline,indonesia,USDC
14,0.967914773353864,2980172537939.3525,412,S0_baseline,indonesia,USDC
15,0.938692570596798,2980072280043.3135,412,S0_baseline,indonesia,USDC
16,0.9375300710024969,2978489322111.7793,412,S0_baseline,indonesia,USDC
17,0.946116804014503,2976882241009.455,412,S0_baseline,indonesia,USDC
18,0.9569219014379722,2975714206297.408,412,S0_baseline,indonesia,USDC
19,0.9580328229190838,2975114234853.826,412,S0_baseline,indonesia,USDC
20,0.9642347374771685,2974562518080.5254,412,S0_baseline,indonesia,USDC
21,0.9820638888039898,2974304444944.213,412,S0_baseline,indonesia,USDC
22,0.9719718194417971,2974304444944.213,412,S0_baseline,indonesia,USDC
23,0.9538051659034457,2974304444944.213,412,S0_baseline,indonesia,USDC
24,0.9798093266415873,2973595011113.5864,412,S0_baseline,indonesia,USDC
25,0.9748887520566828,2973595011113.5864,412,S0_baseline,indonesia,USDC
26,1.0015022925413097,2973595011113.5864,412,S0_baseline,indonesia,USDC
27,0.9801514057741448,2973595011113.5864,412,S0_baseline,indonesia,USDC
28,0.9645858218814809,2973595011113.5864,412,S0_baseline,indonesia,USDC
29,0.9990918088115026,2973368914029.585,412,S0_baseline,indonesia,USDC
30,1.0359132501279895,2973368914029.585,412,S0_baseline,indonesia,USDC
31,1.0320262997088825,2973368914029.585,412,S0_baseline,indonesia,USDC
32,1.0424085803648515,2973368914029.585,412,S0_baseline,indonesia,USDC
33,1.0545383709755658,2973368914029.585,412,S0_baseline,indonesia,USDC
34,1.0155607840560485,2973368914029.585,412,S0_baseline,indonesia,USDC
35,1.0233765525331915,2973368914029.585,412,S0_baseline,indonesia,USDC
36,0.9738843631540768,2973368914029.585,412,S0_baseline,indonesia,USDC
37,0.9623984896085637,2973368914029.585,412,S0_baseline,indonesia,USDC
38,0.9621004482854981,2973048448477.2485,412,S0_baseline,indonesia,USDC
39,0.9543769016900047,2972693333865.45,412,S0_baseline,indonesia,USDC
40,0.9333211697204878,2971996736312.8926,412,S0_baseline,indonesia,USDC
41,0.9251392654366432,2970409259925.0713,412,S0_baseline,indonesia,USDC
42,0.9307336486152461,2968538815572.709,412,S0_baseline,indonesia,USDC
43,0.9580758251825209,2967000505889.961,412,S0_baseline,indonesia,USDC
44,0.9598368274187429,2966565486662.2134,412,S0_baseline,indonesia,USDC
45,0.9387197112379866,2966202298446.1357,412,S0_baseline,indonesia,USDC
46,0.9759806057059084,2965076478091.4097,412,S0_baseline,indonesia,USDC
47,0.9639357856639558,2965076478091.4097,412,S0_baseline,indonesia,USDC
48,0.9486317277466746,2964853707713.789,412,S0_baseline,indonesia,USDC
49,0.9614032642407793,2964107272588.598,412,S0_baseline,indonesia,USDC
50,0.9891355172257501,2963838137766.3896,412,S0_baseline,indonesia,USDC
51,0.9740646256361963,2963838137766.3896,412,S0_baseline,indonesia,USDC
52,0.9884886793997671,2963838137766.3896,412,S0_baseline,indonesia,USDC
53,0.9946983589773413,2963838137766.3896,412,S0_baseline,indonesia,USDC
54,0.9894799223189619,2963838137766.3896,412,S0_baseline,indonesia,USDC
55,0.9957817629858223,2963838137766.3896,412,S0_baseline,indonesia,USDC
56,1.030847225079329,2963838137766.3896,412,S0_baseline,indonesia,USDC
57,1.053417897859008,2963838137766.3896,412,S0_baseline,indonesia,USDC
58,1.0535885355800554,2963838137766.3896,412,S0_baseline,indonesia,USDC
59,1.0362016264646348,2963838137766.3896,412,S0_baseline,indonesia,USDC
60,1.024876133465447,2963838137766.3896,412,S0_baseline,indonesia,USDC
61,1.0128067247140302,2963838137766.3896,412,S0_baseline,indonesia,USDC
62,0.9982592254703185,2963838137766.3896,412,S0_baseline,indonesia,USDC
63,1.0207703065388987,2963838137766.3896,412,S0_baseline,indonesia,USDC
64,1.0414016479377357,2963838137766.3896,412,S0_baseline,indonesia,USDC
65,1.0061182934153348,2963838137766.3896,412,S0_baseline,indonesia,USDC
66,1.0132776378115367,2963838137766.3896,412,S0_baseline,indonesia,USDC
67,1.0322666011820094,2963838137766.3896,412,S0_baseline,indonesia,USDC
68,1.023588780072745,2963838137766.3896,412,S0_baseline,indonesia,USDC
69,1.0351174427282115,2963838137766.3896,412,S0_baseline,indonesia,USDC
70,1.0229971677387415,2963838137766.3896,412,S0_baseline,indonesia,USDC
71,1.02208693397544,2963838137766.3896,412,S0_baseline,indonesia,USDC
72,1.0030859514091504,2963838137766.3896,412,S0_baseline,indonesia,USDC
73,1.014106497217745,2963838137766.3896,412,S0_baseline,indonesia,USDC
74,1.0298099228527742,2963838137766.3896,412,S0_baseline,indonesia,USDC
75,1.0443476612064189,2963838137766.3896,412,S0_baseline,indonesia,USDC
76,1.0528192008253767,2963838137766.3896,412,S0_baseline,indonesia,USDC
77,1.0757459953242903,2963838137766.3896,412,S0_baseline,indonesia,USDC
78,1.0764141428903575,2963838137766.3896,412,S0_baseline,indonesia,USDC
79,1.07408138453588,2963838137766.3896,412,S0_baseline,indonesia,USDC
80,1.0181516587739838,2963838137766.3896,412,S0_baseline,indonesia,USDC
81,1.0535845883848252,2963838137766.3896,412,S0_baseline,indonesia,USDC
82,1.0355441198367257,2963838137766.3896,412,S0_baseline,indonesia,USDC
83,1.0466222274120027,2963838137766.3896,412,S0_baseline,indonesia,USDC
84,1.0576901154680776,2963838137766.3896,412,S0_baseline,indonesia,USDC
85,1.013544541142435,2963838137766.3896,412,S0_baseline,indonesia,USDC
86,0.9719560010388402,2963838137766.3896,412,S0_baseline,indonesia,USDC
87,0.9554381089800306,2963838137766.3896,412,S0_baseline,indonesia,USDC
88,0.9713259224312071,2963343762449.1807,412,S0_baseline,indonesia,USDC
89,0.9435388005314774,2963343762449.1807,412,S0_baseline,indonesia,USDC
90,0.952533577734503,2962447054589.832,412,S0_baseline,indonesia,USDC
91,0.9478922086267073,2961923644885.001,412,S0_baseline,indonesia,USDC
92,0.9828547119384996,2961183367748.024,412,S0_baseline,indonesia,USDC
93,0.9865569525643434,2961183367748.024,412,S0_baseline,indonesia,USDC
94,0.9742113691124186,2961183367748.024,412,S0_baseline,indonesia,USDC
95,0.9656900476240023,2961183367748.024,412,S0_baseline,indonesia,USDC
96,0.9822194454893894,2961076805662.714,412,S0_baseline,indonesia,USDC
97,0.9907716040104626,2961076805662.714,412,S0_baseline,indonesia,USDC
98,1.073156806076839,2961076805662.714,412,S0_baseline,indonesia,USDC
99,1.0653577062673103,2961076805662.714,412,S0_baseline,indonesia,USDC
100,1.050127498628856,2961076805662.714,412,S0_baseline,indonesia,USDC
101,0.9208492420863985,2961076805662.714,412,S0_baseline,indonesia,USDC
102,0.9478783823809669,2959473907644.5396,412,S0_baseline,indonesia,USDC
103,0.9510195743031213,2958842839126.709,412,S0_baseline,indonesia,USDC
104,0.9367165607039083,2958267565020.1934,412,S0_baseline,indonesia,USDC
105,0.9342061690861913,2957372548600.709,412,S0_baseline,indonesia,USDC
106,0.932998474929739,2956373525115.5537,412,S0_baseline,indonesia,USDC
107,0.9155194026621505,2955346247151.9097,412,S0_baseline,indonesia,USDC
108,0.9417779628867385,2953891393167.4814,412,S0_baseline,indonesia,USDC
109,0.9289189710700049,2953204448986.008,412,S0_baseline,indonesia,USDC
110,0.931070178895566,2952198126616.233,412,S0_baseline,indonesia,USDC
111,0.9143230747460023,2951338738176.257,412,S0_baseline,indonesia,USDC
112,0.9140617588066177,2950081963935.777,412,S0_baseline,indonesia,USDC
113,0.9342642221779178,2948891767130.3545,412,S0_baseline,indonesia,USDC
114,0.9494610088449102,2948197252044.711,412,S0_baseline,indonesia,USDC
115,0.9440352373989498,2947800151652.908,412,S0_baseline,indonesia,USDC
116,0.9909946036319401,2947308779020.8057,412,S0_baseline,indonesia,USDC
117,0.9901435904994463,2947308779020.8057,412,S0_baseline,indonesia,USDC
118,0.9942670870958802,2947308779020.8057,412,S0_baseline,indonesia,USDC
119,0.9801578193509448,2947308779020.8057,412,S0_baseline,indonesia,USDC
120,0.950796448353963,2947308779020.8057,412,S0_baseline,indonesia,USDC
121,0.964905576326716,2946955087509.654,412,S0_baseline,indonesia,USDC
122,0.9623123975695637,2946894794539.912,412,S0_baseline,indonesia,USDC
123,0.9636035856114085,2946779106899.823,412,S0_baseline,indonesia,USDC
124,0.9876448465373707,2946697314145.252,412,S0_baseline,indonesia,USDC
125,0.9731921249414859,2946697314145.252,412,S0_baseline,indonesia,USDC
126,0.9567805386499602,2946697314145.252,412,S0_baseline,indonesia,USDC
127,0.9567830624577374,2946474944180.963,412,S0_baseline,indonesia,USDC
128,0.9612237748777953,2946242875874.0117,412,S0_baseline,indonesia,USDC
129,0.97276543175673,2946113282633.905,412,S0_baseline,indonesia,USDC
130,0.9719062585167861,2946113282633.905,412,S0_baseline,indonesia,USDC
131,0.9897863460932212,2946113282633.905,412,S0_baseline,indonesia,USDC
132,1.0141517951413932,2946113282633.905,412,S0_baseline,indonesia,USDC
133,1.0298298054008492,2946113282633.905,412,S0_baseline,indonesia,USDC
134,1.0046349750890264,2946113282633.905,412,S0_baseline,indonesia,USDC
135,1.0340499788876323,2946113282633.905,412,S0_baseline,indonesia,USDC
136,1.044044882199478,2946113282633.905,412,S0_baseline,indonesia,USDC
137,1.0055297439965232,2946113282633.905,412,S0_baseline,indonesia,USDC
138,1.0077225985714926,2946113282633.905,412,S0_baseline,indonesia,USDC
139,1.004246445998406,2946113282633.905,412,S0_baseline,indonesia,USDC
140,1.0057053748872422,2946113282633.905,412,S0_baseline,indonesia,USDC
141,0.9790701977460351,2946113282633.905,412,S0_baseline,indonesia,USDC
142,0.9886068293403666,2946113282633.905,412,S0_baseline,indonesia,USDC
143,0.9997335194176236,2946113282633.905,412,S0_baseline,indonesia,USDC
144,1.0283360672123893,2946113282633.905,412,S0_baseline,indonesia,USDC
145,1.04166400545505,2946113282633.905,412,S0_baseline,indonesia,USDC
146,1.0289182403643105,2946113282633.905,412,S0_baseline,indonesia,USDC
147,1.0378974953672178,2946113282633.905,412,S0_baseline,indonesia,USDC
148,1.019719675237747,2946113282633.905,412,S0_baseline,indonesia,USDC
149,1.0197831424980401,2946113282633.905,412,S0_baseline,indonesia,USDC
150,1.0150271545903136,2946113282633.905,412,S0_baseline,indonesia,USDC
151,1.0054996880826823,2946113282633.905,412,S0_baseline,indonesia,USDC
152,0.9822202338533189,2946113282633.905,412,S0_baseline,indonesia,USDC
153,0.9575922571211635,2946113282633.905,412,S0_baseline,indonesia,USDC
154,0.9560022189853733,2945912159677.663,412,S0_baseline,indonesia,USDC
155,0.9386435168313632,2945686932455.492,412,S0_baseline,indonesia,USDC
156,0.9805227631667655,2945178959540.0503,412,S0_baseline,indonesia,USDC
157,0.9829677481671343,2945178959540.0503,412,S0_baseline,indonesia,USDC
158,0.9786654321793775,2945178959540.0503,412,S0_baseline,indonesia,USDC
159,0.9807513732693377,2945178959540.0503,412,S0_baseline,indonesia,USDC
160,0.9787619125056054,2945178959540.0503,412,S0_baseline,indonesia,USDC
161,0.9803153669365288,2945178959540.0503,412,S0_baseline,indonesia,USDC
162,0.95612617330259,2945178959540.0503,412,S0_baseline,indonesia,USDC
163,0.9682297299481707,2944953893666.048,412,S0_baseline,indonesia,USDC
164,0.9599542882540443,2944942548445.1387,412,S0_baseline,indonesia,USDC
165,0.9716747833498817,2944792715224.047,412,S0_baseline,indonesia,USDC
166,0.9967145477635144,2944792715224.047,412,S0_baseline,indonesia,USDC
167,0.9849358909697423,2944792715224.047,412,S0_baseline,indonesia,USDC
168,0.977982985846521,2944792715224.047,412,S0_baseline,indonesia,USDC
169,0.9772274182214175,2944792715224.047,412,S0_baseline,indonesia,USDC
170,0.9517160193272303,2944792715224.047,412,S0_baseline,indonesia,USDC
171,0.9512214572851211,2944528920195.6523,412,S0_baseline,indonesia,USDC
172,0.947303093128744,2944249430498.384,412,S0_baseline,indonesia,USDC
173,0.9753557468825377,2943902983588.028,412,S0_baseline,indonesia,USDC
174,0.9862193792424583,2943902983588.028,412,S0_baseline,indonesia,USDC
175,0.9699389186709056,2943902983588.028,412,S0_baseline,indonesia,USDC
176,0.9708874487427626,2943902681618.8447,412,S0_baseline,indonesia,USDC
177,0.9728737946956212,2943902681618.8447,412,S0_baseline,indonesia,USDC
178,0.9587973022476515,2943902681618.8447,412,S0_baseline,indonesia,USDC
179,0.9615945286075728,2943756213130.763,412,S0_baseline,indonesia,USDC
180,0.9706288860029209,2943632185467.908,412,S0_baseline,indonesia,USDC
181,0.9723510024065739,2943632185467.908,412,S0_baseline,indonesia,USDC
182,0.9862018710377596,2943632185467.908,412,S0_baseline,indonesia,USDC
183,0.9955252030753475,2943632185467.908,412,S0_baseline,indonesia,USDC
184,0.9982626137544692,2943632185467.908,412,S0_baseline,indonesia,USDC
185,0.9838159521828272,2943632185467.908,412,S0_baseline,indonesia,USDC
186,1.0037436183183785,2943632185467.908,412,S0_baseline,indonesia,USDC
187,1.0179909256809214,2943632185467.908,412,S0_baseline,indonesia,USDC
188,1.0572433538810875,2943632185467.908,412,S0_baseline,indonesia,USDC
189,1.0604828209317996,2943632185467.908,412,S0_baseline,indonesia,USDC
190,1.031750304869686,2943632185467.908,412,S0_baseline,indonesia,USDC
191,1.028686612758933,2943632185467.908,412,S0_baseline,indonesia,USDC
192,1.0557957233485815,2943632185467.908,412,S0_baseline,indonesia,USDC
193,1.0360641085793074,2943632185467.908,412,S0_baseline,indonesia,USDC
194,1.006065824312192,2943632185467.908,412,S0_baseline,indonesia,USDC
195,1.0192016184682346,2943632185467.908,412,S0_baseline,indonesia,USDC
196,0.9878484679826475,2943632185467.908,412,S0_baseline,indonesia,USDC
197,0.9857980038112739,2943632185467.908,412,S0_baseline,indonesia,USDC
198,0.9928979410649453,2943632185467.908,412,S0_baseline,indonesia,USDC
199,0.9377282087175942,2943632185467.908,412,S0_baseline,indonesia,USDC
200,0.9475003669922398,2943190445172.7285,412,S0_baseline,indonesia,USDC
201,0.9205454600079307,2942871573154.0776,412,S0_baseline,indonesia,USDC
202,0.921379907663588,2942186944935.0957,412,S0_baseline,indonesia,USDC
203,0.9271745787342441,2941582708227.5166,412,S0_baseline,indonesia,USDC
204,0.9179217442790275,2941092324069.166,412,S0_baseline,indonesia,USDC
205,0.9354484017447773,2940499651774.22,412,S0_baseline,indonesia,USDC
206,0.9242484809454863,2940118001715.8843,412,S0_baseline,indonesia,USDC
207,0.9225609626923061,2939628344280.617,412,S0_baseline,indonesia,USDC
208,0.928807685100097,2939130231925.9326,412,S0_baseline,indonesia,USDC
209,0.9449238689875198,2938718863471.5396,412,S0_baseline,indonesia,USDC
210,0.830839254903845,2938487859718.207,412,S0_baseline,indonesia,USDC
211,0.8504529595565848,2937216500001.2217,412,S0_baseline,indonesia,USDC
212,0.8573247925766383,2936278549591.583,412,S0_baseline,indonesia,USDC
213,0.8833911487979659,2935484566240.448,412,S0_baseline,indonesia,USDC
214,0.9348003544064969,2934957379842.362,412,S0_baseline,indonesia,USDC
215,0.9518071463331673,2934757283068.915,412,S0_baseline,indonesia,USDC
216,0.8719697016679211,2934666454652.1553,412,S0_baseline,indonesia,USDC
217,0.8869342097992716,2934138590729.659,412,S0_baseline,indonesia,USDC
218,0.889053951734096,2933763874577.5664,412,S0_baseline,indonesia,USDC
219,0.8682146097152189,2933428032966.283,412,S0_baseline,indonesia,USDC
220,0.8735980788172932,2933027990566.9824,412,S0_baseline,indonesia,USDC
221,0.880599861278195,2932679456207.1045,412,S0_baseline,indonesia,USDC
222,0.9213716491127955,2932381195013.9043,412,S0_baseline,indonesia,USDC
223,0.9353750856382198,2932241788985.217,412,S0_baseline,indonesia,USDC
224,0.9615909994417431,2932148143067.4375,412,S0_baseline,indonesia,USDC
225,0.9676474884772122,2932128265354.3745,412,S0_baseline,indonesia,USDC
226,0.9706967797830551,2932124741214.391,412,S0_baseline,indonesia,USDC
227,0.9797495061242141,2932124741214.391,412,S0_baseline,indonesia,USDC
228,0.9087783728871008,2932124741214.391,412,S0_baseline,indonesia,USDC
229,0.9354383486060709,2931959692399.722,412,S0_baseline,indonesia,USDC
230,0.9344404919930753,2931870031691.4453,412,S0_baseline,indonesia,USDC
231,0.9524029036780318,2931781069215.962,412,S0_baseline,indonesia,USDC
232,0.9923389648461822,2931744394482.6973,412,S0_baseline,indonesia,USDC
233,0.9969252810754455,2931744394482.6973,412,S0_baseline,indonesia,USDC
234,1.0038420766976306,2931744394482.6973,412,S0_baseline,indonesia,USDC
235,0.9939081234559662,2931744394482.6973,412,S0_baseline,indonesia,USDC
236,0.9612883633221113,2931744394482.6973,412,S0_baseline,indonesia,USDC
237,0.978891411298464,2931725278719.227,412,S0_baseline,indonesia,USDC
238,1.0068120692854508,2931725278719.227,412,S0_baseline,indonesia,USDC
239,1.0170057587776995,2931725278719.227,412,S0_baseline,indonesia,USDC
240,0.9844426187259894,2931725278719.227,412,S0_baseline,indonesia,USDC
241,0.9903539874533581,2931725278719.227,412,S0_baseline,indonesia,USDC
242,0.9687984540782119,2931725278719.227,412,S0_baseline,indonesia,USDC
243,0.9727934159556021,2931725278719.227,412,S0_baseline,indonesia,USDC
244,0.9674287318188526,2931725278719.227,412,S0_baseline,indonesia,USDC
245,0.9968982163422999,2931723060948.134,412,S0_baseline,indonesia,USDC
246,0.9717583956548941,2931723060948.134,412,S0_baseline,indonesia,USDC
247,0.9863608466100907,2931723060948.134,412,S0_baseline,indonesia,USDC
248,1.0058732159879424,2931723060948.134,412,S0_baseline,indonesia,USDC
249,1.0209617902597652,2931723060948.134,412,S0_baseline,indonesia,USDC
250,1.0127509483309745,2931723060948.134,412,S0_baseline,indonesia,USDC
251,0.9986556006881417,2931723060948.134,412,S0_baseline,indonesia,USDC
252,0.9883495674301954,2931723060948.134,412,S0_baseline,indonesia,USDC
253,1.0003478225808664,2931723060948.134,412,S0_baseline,indonesia,USDC
254,1.0211572602643586,2931723060948.134,412,S0_baseline,indonesia,USDC
255,0.9849732576602048,2931723060948.134,412,S0_baseline,indonesia,USDC
256,0.9679269495887808,2931723060948.134,412,S0_baseline,indonesia,USDC
257,0.9607598678893083,2931718188708.984,412,S0_baseline,indonesia,USDC
258,0.9490427679883228,2931701119667.9673,412,S0_baseline,indonesia,USDC
259,0.9724806252970826,2931658268997.328,412,S0_baseline,indonesia,USDC
260,0.9858513412367592,2931658268997.328,412,S0_baseline,indonesia,USDC
261,0.9889733519090501,2931658268997.328,412,S0_baseline,indonesia,USDC
262,0.989288858226979,2931658268997.328,412,S0_baseline,indonesia,USDC
263,1.0167806124585974,2931658268997.328,412,S0_baseline,indonesia,USDC
264,1.006437160091655,2931658268997.328,412,S0_baseline,indonesia,USDC
265,1.0389402471243883,2931658268997.328,412,S0_baseline,indonesia,USDC
266,1.029163781569849,2931658268997.328,412,S0_baseline,indonesia,USDC
267,1.0610997347580882,2931658268997.328,412,S0_baseline,indonesia,USDC
268,1.0517231041961168,2931658268997.328,412,S0_baseline,indonesia,USDC
269,1.0197055493072382,2931658268997.328,412,S0_baseline,indonesia,USDC
270,1.0375776734828288,2931658268997.328,412,S0_baseline,indonesia,USDC
271,1.0117294221516466,2931658268997.328,412,S0_baseline,indonesia,USDC
272,0.9983645565314898,2931658268997.328,412,S0_baseline,indonesia,USDC
273,0.9955543742276209,2931658268997.328,412,S0_baseline,indonesia,USDC
274,1.0268931316681982,2931658268997.328,412,S0_baseline,indonesia,USDC
275,1.0012687256122415,2931658268997.328,412,S0_baseline,indonesia,USDC
276,1.010888502333555,2931658268997.328,412,S0_baseline,indonesia,USDC
277,1.0168226018992121,2931658268997.328,412,S0_baseline,indonesia,USDC
278,1.0408458727694045,2931658268997.328,412,S0_baseline,indonesia,USDC
279,1.0146545258876833,2931658268997.328,412,S0_baseline,indonesia,USDC
280,1.0178943898929522,2931658268997.328,412,S0_baseline,indonesia,USDC
281,1.0127689066573304,2931658268997.328,412,S0_baseline,indonesia,USDC
282,1.0088545897876926,2931658268997.328,412,S0_baseline,indonesia,USDC
283,0.9880900942473705,2931658268997.328,412,S0_baseline,indonesia,USDC
284,1.0031953860819431,2931658268997.328,412,S0_baseline,indonesia,USDC
285,1.0168305777396007,2931658268997.328,412,S0_baseline,indonesia,USDC
286,1.0542669818021118,2931658268997.328,412,S0_baseline,indonesia,USDC
287,1.0747949891031787,2931658268997.328,412,S0_baseline,indonesia,USDC
288,1.0559452020153859,2931658268997.328,412,S0_baseline,indonesia,USDC
289,1.0781493176296062,2931658268997.328,412,S0_baseline,indonesia,USDC
290,1.0763325743539782,2931658268997.328,412,S0_baseline,indonesia,USDC
291,1.0582032394908405,2931658268997.328,412,S0_baseline,indonesia,USDC
292,0.9146096706871791,2931658268997.328,412,S0_baseline,indonesia,USDC
293,0.9199951752565627,2931541535671.147,412,S0_baseline,indonesia,USDC
294,0.9318177176283251,2931442021508.4023,412,S0_baseline,indonesia,USDC
295,0.923232443406696,2931365686366.8853,412,S0_baseline,indonesia,USDC
296,0.9333637345491329,2931275541604.2583,412,S0_baseline,indonesia,USDC
297,0.9329476733155083,2931210509770.3813,412,S0_baseline,indonesia,USDC
298,0.9440433655087844,2931149113211.3213,412,S0_baseline,indonesia,USDC
299,0.9425587284022957,2931105080916.873,412,S0_baseline,indonesia,USDC
300,0.9445887687632105,2931061371678.3906,412,S0_baseline,indonesia,USDC
301,0.9329954415243583,2931020499042.923,412,S0_baseline,indonesia,USDC
302,0.9329318269560157,2930963952193.7017,412,S0_baseline,indonesia,USDC
303,0.9492538792606585,2930905840828.718,412,S0_baseline,indonesia,USDC
304,0.9787347183216308,2930877126721.968,412,S0_baseline,indonesia,USDC
305,1.0041986911581042,2930877126721.968,412,S0_baseline,indonesia,USDC
306,1.0175174347022675,2930877126721.968,412,S0_baseline,indonesia,USDC
307,1.0261994419276848,2930877126721.968,412,S0_baseline,indonesia,USDC
308,1.0347674792797545,2930877126721.968,412,S0_baseline,indonesia,USDC
309,1.0296393479342723,2930877126721.968,412,S0_baseline,indonesia,USDC
310,1.0407852914294462,2930877126721.968,412,S0_baseline,indonesia,USDC
311,1.0354114640806102,2930877126721.968,412,S0_baseline,indonesia,USDC
312,0.9460164115376555,2930877126721.968,412,S0_baseline,indonesia,USDC
313,0.9498351595782919,2930843009692.6396,412,S0_baseline,indonesia,USDC
314,0.964539490266428,2930816313085.7134,412,S0_baseline,indonesia,USDC
315,0.9584509458484234,2930808583823.3223,412,S0_baseline,indonesia,USDC
316,0.9671521507946806,2930794291747.737,412,S0_baseline,indonesia,USDC
317,0.9699121413444503,2930790325316.716,412,S0_baseline,indonesia,USDC
318,0.9617197648105861,2930790325316.716,412,S0_baseline,indonesia,USDC
319,0.970201210132223,2930781484592.139,412,S0_baseline,indonesia,USDC
320,0.9496800544997248,2930781484592.139,412,S0_baseline,indonesia,USDC
321,0.9737128251478261,2930755755778.6406,412,S0_baseline,indonesia,USDC
322,0.9965259576709987,2930755755778.6406,412,S0_baseline,indonesia,USDC
323,1.013006824888226,2930755755778.6406,412,S0_baseline,indonesia,USDC
324,0.9838356824498569,2930755755778.6406,412,S0_baseline,indonesia,USDC
325,0.9920912461472445,2930755755778.6406,412,S0_baseline,indonesia,USDC
326,0.9773381747319476,2930755755778.6406,412,S0_baseline,indonesia,USDC
327,0.9864695148258418,2930755755778.6406,412,S0_baseline,indonesia,USDC
328,0.9851656170258001,2930755755778.6406,412,S0_baseline,indonesia,USDC
329,0.949770369453578,2930755755778.6406,412,S0_baseline,indonesia,USDC
330,0.9580516980987567,2930730640175.6006,412,S0_baseline,indonesia,USDC
331,0.9703724819046408,2930714782854.2456,412,S0_baseline,indonesia,USDC
332,0.9791523770241147,2930714782854.2456,412,S0_baseline,indonesia,USDC
333,1.0055409611406716,2930714782854.2456,412,S0_baseline,indonesia,USDC
334,0.989061350408852,2930714782854.2456,412,S0_baseline,indonesia,USDC
335,0.9882708994595621,2930714782854.2456,412,S0_baseline,indonesia,USDC
336,1.0033743722759365,2930714782854.2456,412,S0_baseline,indonesia,USDC
337,0.9817238610818696,2930714782854.2456,412,S0_baseline,indonesia,USDC
338,0.9625467709732348,2930714782854.2456,412,S0_baseline,indonesia,USDC
339,0.9643283260391342,2930705836554.547,412,S0_baseline,indonesia,USDC
340,0.9919164329306072,2930699234167.009,412,S0_baseline,indonesia,USDC
341,0.9801447301456112,2930699234167.009,412,S0_baseline,indonesia,USDC
342,1.0099198637156925,2930699234167.009,412,S0_baseline,indonesia,USDC
343,1.0103201261933614,2930699234167.009,412,S0_baseline,indonesia,USDC
344,1.0054613888107689,2930699234167.009,412,S0_baseline,indonesia,USDC
345,1.04115358781149,2930699234167.009,412,S0_baseline,indonesia,USDC
346,1.0134706085578586,2930699234167.009,412,S0_baseline,indonesia,USDC
347,1.0161605628565766,2930699234167.009,412,S0_baseline,indonesia,USDC
348,1.0188894184375132,2930699234167.009,412,S0_baseline,indonesia,USDC
349,1.0032185028684921,2930699234167.009,412,S0_baseline,indonesia,USDC
350,1.0081227308559702,2930699234167.009,412,S0_baseline,indonesia,USDC
351,1.013678938886256,2930699234167.009,412,S0_baseline,indonesia,USDC
352,1.0094955652472,2930699234167.009,412,S0_baseline,indonesia,USDC
353,1.0404039963483265,2930699234167.009,412,S0_baseline,indonesia,USDC
354,1.0280316985524016,2930699234167.009,412,S0_baseline,indonesia,USDC
355,1.0525312919013659,2930699234167.009,412,S0_baseline,indonesia,USDC
356,1.0118795184892666,2930699234167.009,412,S0_baseline,indonesia,USDC
357,1.014844555445779,2930699234167.009,412,S0_baseline,indonesia,USDC
358,1.025494515708825,2930699234167.009,412,S0_baseline,indonesia,USDC
359,1.014680079683573,2930699234167.009,412,S0_baseline,indonesia,USDC
360,1.0246092851985773,2930699234167.009,412,S0_baseline,indonesia,USDC
361,0.9890983489498845,2930699234167.009,412,S0_baseline,indonesia,USDC
362,0.9900315601508509,2930699234167.009,412,S0_baseline,indonesia,USDC
363,0.9949326703027247,2930699234167.009,412,S0_baseline,indonesia,USDC
364,0.9709571551650391,2930699234167.009,412,S0_baseline,indonesia,USDC
365,0.9930406992128551,2930699234167.009,412,S0_baseline,indonesia,USDC
366,0.993442803129343,2930699234167.009,412,S0_baseline,indonesia,USDC
367,0.9838255960300649,2930699234167.009,412,S0_baseline,indonesia,USDC
368,0.9344316341716382,2930699234167.009,412,S0_baseline,indonesia,USDC
369,0.9436070728586475,2930657425667.329,412,S0_baseline,indonesia,USDC
370,0.9910138913888011,2930626761016.75,412,S0_baseline,indonesia,USDC
371,1.0076551706336352,2930626761016.75,412,S0_baseline,indonesia,USDC
372,0.9770671008837888,2930626761016.75,412,S0_baseline,indonesia,USDC
373,0.9662250961344412,2930626761016.75,412,S0_baseline,indonesia,USDC
374,0.9741871364599156,2930622847221.994,412,S0_baseline,indonesia,USDC
375,0.968039161141845,2930622847221.994,412,S0_baseline,indonesia,USDC
376,1.0072895911120412,2930622406048.4893,412,S0_baseline,indonesia,USDC
377,1.018463621054097,2930622406048.4893,412,S0_baseline,indonesia,USDC
378,1.037229254772297,2930622406048.4893,412,S0_baseline,indonesia,USDC
379,0.9810092000077346,2930622406048.4893,412,S0_baseline,indonesia,USDC
380,1.005386281110397,2930622406048.4893,412,S0_baseline,indonesia,USDC
381,1.0062691334657845,2930622406048.4893,412,S0_baseline,indonesia,USDC
382,1.001088206283262,2930622406048.4893,412,S0_baseline,indonesia,USDC
383,1.000954453186242,2930622406048.4893,412,S0_baseline,indonesia,USDC
384,0.9988769107036165,2930622406048.4893,412,S0_baseline,indonesia,USDC
385,0.9717729949851901,2930622406048.4893,412,S0_baseline,indonesia,USDC
386,1.0049018842241246,2930622406048.4893,412,S0_baseline,indonesia,USDC
387,1.0115335448829164,2930622406048.4893,412,S0_baseline,indonesia,USDC
388,1.0374884078002375,2930622406048.4893,412,S0_baseline,indonesia,USDC
389,1.0096754854018646,2930622406048.4893,412,S0_baseline,indonesia,USDC
390,1.001918400151367,2930622406048.4893,412,S0_baseline,indonesia,USDC
391,1.0136116664949497,2930622406048.4893,412,S0_baseline,indonesia,USDC
392,0.8358593864262389,2930622406048.4893,412,S0_baseline,indonesia,USDC
393,0.831389465415578,2930462613430.639,412,S0_baseline,indonesia,USDC
394,0.853752950065572,2930319926399.7812,412,S0_baseline,indonesia,USDC
395,0.8615637282625804,2930214868730.0234,412,S0_baseline,indonesia,USDC
396,0.8834508846381801,2930132312090.482,412,S0_baseline,indonesia,USDC
397,0.893692514236395,2930070833829.519,412,S0_baseline,indonesia,USDC
398,0.9089678310403069,2930022630894.3975,412,S0_baseline,indonesia,USDC
399,0.9006655997332571,2929988897619.0923,412,S0_baseline,indonesia,USDC
400,0.9261813196365929,2929951781498.5415,412,S0_baseline,indonesia,USDC
401,0.9254863450486319,2929928811132.894,412,S0_baseline,indonesia,USDC
402,0.9463710916509943,2929908395398.2666,412,S0_baseline,indonesia,USDC
403,0.807590121126419,2929897920969.182,412,S0_baseline,indonesia,USDC
404,0.8328496002782946,2929823267302.6587,412,S0_baseline,indonesia,USDC
405,0.8294853525672576,2929771743067.1865,412,S0_baseline,indonesia,USDC
406,0.8325195941519147,2929726067473.8716,412,S0_baseline,indonesia,USDC
407,0.8588881542715225,2929687612464.7744,412,S0_baseline,indonesia,USDC
408,0.829378001053425,2929660217740.771,412,S0_baseline,indonesia,USDC
409,0.8608017464211183,2929630677882.507,412,S0_baseline,indonesia,USDC
410,0.8704014920172023,2929610477555.9194,412,S0_baseline,indonesia,USDC
411,0.8722216434490635,2929594428171.157,412,S0_baseline,indonesia,USDC
412,0.8629647422967432,2929580188919.2026,412,S0_baseline,indonesia,USDC
413,0.8612929936265756,2929566050136.259,412,S0_baseline,indonesia,USDC
414,0.8784939943079844,2929553170648.185,412,S0_baseline,indonesia,USDC
415,0.8794044796574573,2929542805307.4365,412,S0_baseline,indonesia,USDC
416,0.8887977401895701,2929533919843.004,412,S0_baseline,indonesia,USDC
417,0.8884529260567242,2929526503846.3867,412,S0_baseline,indonesia,USDC
418,0.926683689602699,2929519666272.4023,412,S0_baseline,indonesia,USDC
419,0.9362373013484211,2929516544415.1113,412,S0_baseline,indonesia,USDC
420,0.9228057427947549,2929514154539.723,412,S0_baseline,indonesia,USDC
421,0.9544395415377251,2929510895355.4136,412,S0_baseline,indonesia,USDC
422,0.9508120711616677,2929509916784.487,412,S0_baseline,indonesia,USDC
423,0.9677053594824152,2929508655076.671,412,S0_baseline,indonesia,USDC
424,0.9941103690597377,2929508536435.652,412,S0_baseline,indonesia,USDC
425,1.0001892546356252,2929508536435.652,412,S0_baseline,indonesia,USDC
426,1.0017948628171294,2929508536435.652,412,S0_baseline,indonesia,USDC
427,1.0052314104277593,2929508536435.652,412,S0_baseline,indonesia,USDC
428,1.02271722677152,2929508536435.652,412,S0_baseline,indonesia,USDC
429,1.027947833171895,2929508536435.652,412,S0_baseline,indonesia,USDC
430,1.0566060436520153,2929508536435.652,412,S0_baseline,indonesia,USDC
431,1.0517237873100242,2929508536435.652,412,S0_baseline,indonesia,USDC
432,1.0678882337938458,2929508536435.652,412,S0_baseline,indonesia,USDC
433,1.0446312712462247,2929508536435.652,412,S0_baseline,indonesia,USDC
434,0.9919082574805254,2929508536435.652,412,S0_baseline,indonesia,USDC
435,0.9974949136261824,2929508536435.652,412,S0_baseline,indonesia,USDC
436,1.0058277631909118,2929508536435.652,412,S0_baseline,indonesia,USDC
437,0.9669105465921436,2929508536435.652,412,S0_baseline,indonesia,USDC
438,0.9469452539649622,2929508328638.01,412,S0_baseline,indonesia,USDC
439,0.9638351396475886,2929506841783.368,412,S0_baseline,indonesia,USDC
440,0.9440553227080262,2929506556367.158,412,S0_baseline,indonesia,USDC
441,0.9549718530593276,2929504864280.788,412,S0_baseline,indonesia,USDC
442,0.9970053596790942,2929503957770.825,412,S0_baseline,indonesia,USDC
443,0.9930195037445176,2929503957770.825,412,S0_baseline,indonesia,USDC
444,1.0362145861986474,2929503957770.825,412,S0_baseline,indonesia,USDC
445,0.9943470543388889,2929503957770.825,412,S0_baseline,indonesia,USDC
446,1.010840441266292,2929503957770.825,412,S0_baseline,indonesia,USDC
447,1.007651509017824,2929503957770.825,412,S0_baseline,indonesia,USDC
448,1.0250570020538456,2929503957770.825,412,S0_baseline,indonesia,USDC
449,1.017779600989959,2929503957770.825,412,S0_baseline,indonesia,USDC
450,1.0027380689332643,2929503957770.825,412,S0_baseline,indonesia,USDC
451,1.0285567342410076,2929503957770.825,412,S0_baseline,indonesia,USDC
452,0.8906849892998197,2929503957770.825,412,S0_baseline,indonesia,USDC
453,0.8822138976636694,2929499225687.2344,412,S0_baseline,indonesia,USDC
454,0.8884023636591616,2929494163798.7266,412,S0_baseline,indonesia,USDC
455,0.8754037673331525,2929489982034.3926,412,S0_baseline,indonesia,USDC
456,0.8948384832773293,2929485728775.028,412,S0_baseline,indonesia,USDC
457,0.8948533506063848,2929482440663.6104,412,S0_baseline,indonesia,USDC
458,0.9197206408492822,2929479407935.13,412,S0_baseline,indonesia,USDC
459,0.9257749548104909,2929477685430.962,412,S0_baseline,indonesia,USDC
460,0.8977438576127729,2929476249007.7056,412,S0_baseline,indonesia,USDC
461,0.8753246258485834,2929473910513.9487,412,S0_baseline,indonesia,USDC
462,0.9005893936422659,2929471052875.3823,412,S0_baseline,indonesia,USDC
463,0.9005168985051473,2929469208762.8013,412,S0_baseline,indonesia,USDC
464,0.9040552740407368,2929467441511.721,412,S0_baseline,indonesia,USDC
465,0.9383044687270662,2929465839079.6543,412,S0_baseline,indonesia,USDC
466,0.9295524160353774,2929465150463.839,412,S0_baseline,indonesia,USDC
467,0.944571381980845,2929464318445.941,412,S0_baseline,indonesia,USDC
468,0.9426675261069906,2929463767286.5156,412,S0_baseline,indonesia,USDC
469,0.9290132245665722,2929463190391.919,412,S0_baseline,indonesia,USDC
470,0.9623766354608875,2929462398537.746,412,S0_baseline,indonesia,USDC
471,0.9642893605208199,2929462260546.1,412,S0_baseline,indonesia,USDC
472,0.9507981510900254,2929462172048.971,412,S0_baseline,indonesia,USDC
473,0.9830477261545941,2929461814392.638,412,S0_baseline,indonesia,USDC
474,1.00028980275794,2929461814392.638,412,S0_baseline,indonesia,USDC
475,0.9886457106771824,2929461814392.638,412,S0_baseline,indonesia,USDC
476,0.9940851156958823,2929461814392.638,412,S0_baseline,indonesia,USDC
477,1.0005942390493927,2929461814392.638,412,S0_baseline,indonesia,USDC
478,0.9849322462692667,2929461814392.638,412,S0_baseline,indonesia,USDC
479,0.9816817693813514,2929461814392.638,412,S0_baseline,indonesia,USDC
480,0.9763006975087557,2929461814392.638,412,S0_baseline,indonesia,USDC
481,1.0298412082161217,2929461814392.638,412,S0_baseline,indonesia,USDC
482,1.0176761876701514,2929461814392.638,412,S0_baseline,indonesia,USDC
483,1.013496997922901,2929461814392.638,412,S0_baseline,indonesia,USDC
484,1.0069291881895432,2929461814392.638,412,S0_baseline,indonesia,USDC
485,1.0110559132022707,2929461814392.638,412,S0_baseline,indonesia,USDC
486,1.00766979606084,2929461814392.638,412,S0_baseline,indonesia,USDC
487,0.9815393309079317,2929461814392.638,412,S0_baseline,indonesia,USDC
488,0.9631282293496533,2929461814392.638,412,S0_baseline,indonesia,USDC
489,0.956297308345233,2929461695008.182,412,S0_baseline,indonesia,USDC
490,0.9642864875763101,2929461462606.762,412,S0_baseline,indonesia,USDC
491,0.9723955657065521,2929461355589.218,412,S0_baseline,indonesia,USDC
492,0.9951163041708071,2929461355589.218,412,S0_baseline,indonesia,USDC
493,0.95838608229831,2929461355589.218,412,S0_baseline,indonesia,USDC
494,0.9178338816027355,2929461178077.9805,412,S0_baseline,indonesia,USDC
495,0.9146312817100506,2929460216276.8374,412,S0_baseline,indonesia,USDC
496,0.9263951156778338,2929459324795.1685,412,S0_baseline,indonesia,USDC
497,0.9242859126359151,2929458644508.035,412,S0_baseline,indonesia,USDC
498,0.9501249070968902,2929457921066.666,412,S0_baseline,indonesia,USDC
499,0.9527134567303968,2929457621359.5513,412,S0_baseline,indonesia,USDC
500,0.9338709197280392,2929457389465.098,412,S0_baseline,indonesia,USDC
501,0.9417095083562624,2929456912503.4355,412,S0_baseline,indonesia,USDC
502,0.919967103575836,2929456515311.2456,412,S0_baseline,indonesia,USDC
503,0.9275869584362615,2929455833347.839,412,S0_baseline,indonesia,USDC
504,0.9490908248049644,2929455300784.4873,412,S0_baseline,indonesia,USDC
505,0.9444709856693756,2929455052297.714,412,S0_baseline,indonesia,USDC
506,0.9405387572579759,2929454754157.4556,412,S0_baseline,indonesia,USDC
507,0.9442935200730708,2929454417840.3125,412,S0_baseline,indonesia,USDC
508,0.9338574118248114,2929454144510.38,412,S0_baseline,indonesia,USDC
509,0.9743440202544396,2929453777207.167,412,S0_baseline,indonesia,USDC
510,0.9899789047878483,2929453777207.167,412,S0_baseline,indonesia,USDC
511,0.9799994073499994,2929453777207.167,412,S0_baseline,indonesia,USDC
512,1.0141109369025618,2929453777207.167,412,S0_baseline,indonesia,USDC
513,0.995639021927819,2929453777207.167,412,S0_baseline,indonesia,USDC
514,0.9785965677290298,2929453777207.167,412,S0_baseline,indonesia,USDC
515,0.9648548921403275,2929453777207.167,412,S0_baseline,indonesia,USDC
516,0.9857200499927502,2929453727978.058,412,S0_baseline,indonesia,USDC
517,1.0274202192829698,2929453727978.058,412,S0_baseline,indonesia,USDC
518,1.0365930179065181,2929453727978.058,412,S0_baseline,indonesia,USDC
519,1.0349704702852085,2929453727978.058,412,S0_baseline,indonesia,USDC
520,1.0491946774758976,2929453727978.058,412,S0_baseline,indonesia,USDC
521,1.053765950295726,2929453727978.058,412,S0_baseline,indonesia,USDC
522,1.0329282161155984,2929453727978.058,412,S0_baseline,indonesia,USDC
523,1.0315613702900133,2929453727978.058,412,S0_baseline,indonesia,USDC
524,1.0106605738310321,2929453727978.058,412,S0_baseline,indonesia,USDC
525,1.0002657448572643,2929453727978.058,412,S0_baseline,indonesia,USDC
526,0.9942554853891213,2929453727978.058,412,S0_baseline,indonesia,USDC
527,0.9722537566222395,2929453727978.058,412,S0_baseline,indonesia,USDC
528,0.9755189784239122,2929453727978.058,412,S0_baseline,indonesia,USDC
529,1.0249263611119444,2929453727978.058,412,S0_baseline,indonesia,USDC
530,1.0472105271708223,2929453727978.058,412,S0_baseline,indonesia,USDC
531,1.0557226149439929,2929453727978.058,412,S0_baseline,indonesia,USDC
532,1.054263402283087,2929453727978.058,412,S0_baseline,indonesia,USDC
533,0.9119128482084142,2929453727978.058,412,S0_baseline,indonesia,USDC
534,0.8939395311283974,2929453103148.4487,412,S0_baseline,indonesia,USDC
535,0.8955923946871187,2929452352006.8315,412,S0_baseline,indonesia,USDC
536,0.9162110913689291,2929451673078.793,412,S0_baseline,indonesia,USDC
537,0.9174296276358661,2929451244623.3457,412,S0_baseline,indonesia,USDC
538,0.9346357857569761,2929450847564.774,412,S0_baseline,indonesia,USDC
539,0.9637139629078486,2929450589051.74,412,S0_baseline,indonesia,USDC
540,0.9761992321817138,2929450550835.2344,412,S0_baseline,indonesia,USDC
541,1.0001112368338436,2929450550835.2344,412,S0_baseline,indonesia,USDC
542,1.0342198072796513,2929450550835.2344,412,S0_baseline,indonesia,USDC
543,1.0632411357303873,2929450550835.2344,412,S0_baseline,indonesia,USDC
544,1.0518277176687614,2929450550835.2344,412,S0_baseline,indonesia,USDC
545,1.0745509210189435,2929450550835.2344,412,S0_baseline,indonesia,USDC
546,1.0435450987892076,2929450550835.2344,412,S0_baseline,indonesia,USDC
547,1.0148532077084,2929450550835.2344,412,S0_baseline,indonesia,USDC
548,1.0144913811332148,2929450550835.2344,412,S0_baseline,indonesia,USDC
549,0.9693604052629184,2929450550835.2344,412,S0_baseline,indonesia,USDC
550,0.9699080577239632,2929450546050.198,412,S0_baseline,indonesia,USDC
551,0.9834101222099481,2929450545824.603,412,S0_baseline,indonesia,USDC
552,1.0174579760234403,2929450545824.603,412,S0_baseline,indonesia,USDC
553,1.0154740755017981,2929450545824.603,412,S0_baseline,indonesia,USDC
554,1.0218210980513918,2929450545824.603,412,S0_baseline,indonesia,USDC
555,0.8675349749539654,2929450545824.603,412,S0_baseline,indonesia,USDC
556,0.9090466236223932,2929449812647.181,412,S0_baseline,indonesia,USDC
557,0.9445928383527528,2929449433581.7935,412,S0_baseline,indonesia,USDC
558,0.9697289171358446,2929449272765.935,412,S0_baseline,indonesia,USDC
559,0.9704893771401416,2929449271653.918,412,S0_baseline,indonesia,USDC
560,0.9643715051816226,2929449271653.918,412,S0_baseline,indonesia,USDC
561,0.9643719884191249,2929449244273.281,412,S0_baseline,indonesia,USDC
562,0.9368995925348154,2929449213428.246,412,S0_baseline,indonesia,USDC
563,0.9085811195829037,2929449024254.733,412,S0_baseline,indonesia,USDC
564,0.9406514798750307,2929448661418.907,412,S0_baseline,indonesia,USDC
565,0.9306437811014886,2929448515439.013,412,S0_baseline,indonesia,USDC
566,0.9258979010611478,2929448322251.3755,412,S0_baseline,indonesia,USDC
567,0.9375839556411057,2929448106357.526,412,S0_baseline,indonesia,USDC
568,0.9503518752614074,2929447945532.5854,412,S0_baseline,indonesia,USDC
569,0.9559317693879584,2929447859207.842,412,S0_baseline,indonesia,USDC
570,0.9540802000890145,2929447799943.3125,412,S0_baseline,indonesia,USDC
571,0.9606422934460699,2929447733091.3213,412,S0_baseline,indonesia,USDC
572,0.9495690833552748,2929447696301.6323,412,S0_baseline,indonesia,USDC
573,0.9937142392568116,2929447607429.126,412,S0_baseline,indonesia,USDC
574,0.9560072087882515,2929447607429.126,412,S0_baseline,indonesia,USDC
575,0.9749640933975512,2929447545204.3486,412,S0_baseline,indonesia,USDC
576,0.9873339329920062,2929447545204.3486,412,S0_baseline,indonesia,USDC
577,0.9861117612409155,2929447545204.3486,412,S0_baseline,indonesia,USDC
578,0.9840222107456417,2929447545204.3486,412,S0_baseline,indonesia,USDC
579,0.9926525030173835,2929447545204.3486,412,S0_baseline,indonesia,USDC
580,0.9093628763045939,2929447545204.3486,412,S0_baseline,indonesia,USDC
581,0.9286637822579382,2929447299308.006,412,S0_baseline,indonesia,USDC
582,0.9377328746181136,2929447128619.7627,412,S0_baseline,indonesia,USDC
583,0.982075720878315,2929447009260.739,412,S0_baseline,indonesia,USDC
584,0.969096099546175,2929447009260.739,412,S0_baseline,indonesia,USDC
585,0.9962652088007997,2929447006939.173,412,S0_baseline,indonesia,USDC
586,0.9861485621623066,2929447006939.173,412,S0_baseline,indonesia,USDC
587,0.9760018422747642,2929447006939.173,412,S0_baseline,indonesia,USDC
588,0.9609365412389388,2929447006939.173,412,S0_baseline,indonesia,USDC
589,0.9538896188230659,2929446974733.1436,412,S0_baseline,indonesia,USDC
590,0.9245246792225957,2929446919466.423,412,S0_baseline,indonesia,USDC
591,0.9597912487952791,2929446758960.364,412,S0_baseline,indonesia,USDC
592,0.9483179164476003,2929446724848.177,412,S0_baseline,indonesia,USDC
593,0.9628237312781242,2929446651159.9355,412,S0_baseline,indonesia,USDC
594,0.9663125657483356,2929446630583.993,412,S0_baseline,indonesia,USDC
595,1.0034661871174326,2929446623693.739,412,S0_baseline,indonesia,USDC
596,1.0231232158747747,2929446623693.739,412,S0_baseline,indonesia,USDC
597,1.0243201712785088,2929446623693.739,412,S0_baseline,indonesia,USDC
598,1.0031436442850148,2929446623693.739,412,S0_baseline,indonesia,USDC
599,0.9932122780508705,2929446623693.739,412,S0_baseline,indonesia,USDC
600,0.9949693603582851,2929446623693.739,412,S0_baseline,indonesia,USDC
601,0.9886913895980333,2929446623693.739,412,S0_baseline,indonesia,USDC
602,0.9734761522066743,2929446623693.739,412,S0_baseline,indonesia,USDC
603,0.9615151359630209,2929446623693.739,412,S0_baseline,indonesia,USDC
604,0.9453425585648749,2929446598969.3237,412,S0_baseline,indonesia,USDC
605,0.9474967178756505,2929446514954.8257,412,S0_baseline,indonesia,USDC
606,0.9632088196810321,2929446448946.462,412,S0_baseline,indonesia,USDC
607,0.9637317291464431,2929446426857.4365,412,S0_baseline,indonesia,USDC
608,0.9846679707938865,2929446406611.9717,412,S0_baseline,indonesia,USDC
609,1.0004276924904958,2929446406611.9717,412,S0_baseline,indonesia,USDC
610,0.9889876084484807,2929446406611.9717,412,S0_baseline,indonesia,USDC
611,0.9955355213180721,2929446406611.9717,412,S0_baseline,indonesia,USDC
612,0.9933101246795802,2929446406611.9717,412,S0_baseline,indonesia,USDC
613,1.0128089275954966,2929446406611.9717,412,S0_baseline,indonesia,USDC
614,1.0305952574826567,2929446406611.9717,412,S0_baseline,indonesia,USDC
615,1.0470881489546509,2929446406611.9717,412,S0_baseline,indonesia,USDC
616,1.0484662316227262,2929446406611.9717,412,S0_baseline,indonesia,USDC
617,1.040011949412474,2929446406611.9717,412,S0_baseline,indonesia,USDC
618,1.0372095094662788,2929446406611.9717,412,S0_baseline,indonesia,USDC
619,1.040198439528255,2929446406611.9717,412,S0_baseline,indonesia,USDC
620,1.0292031318000385,2929446406611.9717,412,S0_baseline,indonesia,USDC
621,1.0006343734229184,2929446406611.9717,412,S0_baseline,indonesia,USDC
622,1.002078468893218,2929446406611.9717,412,S0_baseline,indonesia,USDC
623,1.0252050958235197,2929446406611.9717,412,S0_baseline,indonesia,USDC
624,1.0170294603321306,2929446406611.9717,412,S0_baseline,indonesia,USDC
625,1.0036174266219244,2929446406611.9717,412,S0_baseline,indonesia,USDC
626,1.0175978073665082,2929446406611.9717,412,S0_baseline,indonesia,USDC
627,1.0111058400077573,2929446406611.9717,412,S0_baseline,indonesia,USDC
628,0.9818525316641339,2929446406611.9717,412,S0_baseline,indonesia,USDC
629,0.9746935532022456,2929446406611.9717,412,S0_baseline,indonesia,USDC
630,1.0025722417278946,2929446406611.9717,412,S0_baseline,indonesia,USDC
631,0.9852993654391365,2929446406611.9717,412,S0_baseline,indonesia,USDC
632,0.992841518040412,2929446406611.9717,412,S0_baseline,indonesia,USDC
633,1.0022327554632058,2929446406611.9717,412,S0_baseline,indonesia,USDC
634,1.0142275656814197,2929446406611.9717,412,S0_baseline,indonesia,USDC
635,1.0153307920397814,2929446406611.9717,412,S0_baseline,indonesia,USDC
636,1.0127617133353193,2929446406611.9717,412,S0_baseline,indonesia,USDC
637,1.0241868860845842,2929446406611.9717,412,S0_baseline,indonesia,USDC
638,1.0301031758890926,2929446406611.9717,412,S0_baseline,indonesia,USDC
639,1.032488727562909,2929446406611.9717,412,S0_baseline,indonesia,USDC
640,1.0701413099313202,2929446406611.9717,412,S0_baseline,indonesia,USDC
641,1.0761380362227149,2929446406611.9717,412,S0_baseline,indonesia,USDC
642,1.078511094441973,2929446406611.9717,412,S0_baseline,indonesia,USDC
643,1.1060782183811884,2929446406611.9717,412,S0_baseline,indonesia,USDC
644,1.0728253546478226,2929446406611.9717,412,S0_baseline,indonesia,USDC
645,1.0511399815362321,2929446406611.9717,412,S0_baseline,indonesia,USDC
646,1.0304434263483262,2929446406611.9717,412,S0_baseline,indonesia,USDC
647,1.0205886174564858,2929446406611.9717,412,S0_baseline,indonesia,USDC
648,1.0233571894969964,2929446406611.9717,412,S0_baseline,indonesia,USDC
649,1.0036673496155635,2929446406611.9717,412,S0_baseline,indonesia,USDC
650,1.0535959060583255,2929446406611.9717,412,S0_baseline,indonesia,USDC
651,1.0488015259379853,2929446406611.9717,412,S0_baseline,indonesia,USDC
652,1.0848220150618348,2929446406611.9717,412,S0_baseline,indonesia,USDC
653,1.0998001728616495,2929446406611.9717,412,S0_baseline,indonesia,USDC
654,1.069288602859435,2929446406611.9717,412,S0_baseline,indonesia,USDC
655,1.0732553329531502,2929446406611.9717,412,S0_baseline,indonesia,USDC
656,1.043796639133364,2929446406611.9717,412,S0_baseline,indonesia,USDC
657,1.0587243322038329,2929446406611.9717,412,S0_baseline,indonesia,USDC
658,1.0360195631978606,2929446406611.9717,412,S0_baseline,indonesia,USDC
659,1.0628153194919556,2929446406611.9717,412,S0_baseline,indonesia,USDC
660,1.0562151832644755,2929446406611.9717,412,S0_baseline,indonesia,USDC
661,1.0195657658673165,2929446406611.9717,412,S0_baseline,indonesia,USDC
662,1.005422628458727,2929446406611.9717,412,S0_baseline,indonesia,USDC
663,1.0226967779162155,2929446406611.9717,412,S0_baseline,indonesia,USDC
664,1.0537581590784013,2929446406611.9717,412,S0_baseline,indonesia,USDC
665,1.0570441038020166,2929446406611.9717,412,S0_baseline,indonesia,USDC
666,1.041987223025376,2929446406611.9717,412,S0_baseline,indonesia,USDC
667,1.0648045008466194,2929446406611.9717,412,S0_baseline,indonesia,USDC
668,1.0575848928695204,2929446406611.9717,412,S0_baseline,indonesia,USDC
669,1.0477398570857415,2929446406611.9717,412,S0_baseline,indonesia,USDC
670,1.0776382549262726,2929446406611.9717,412,S0_baseline,indonesia,USDC
671,1.0925195098338498,2929446406611.9717,412,S0_baseline,indonesia,USDC
672,1.0935902481481525,2929446406611.9717,412,S0_baseline,indonesia,USDC
673,1.0499761365334739,2929446406611.9717,412,S0_baseline,indonesia,USDC
674,1.0411129044994782,2929446406611.9717,412,S0_baseline,indonesia,USDC
675,1.0534343814213145,2929446406611.9717,412,S0_baseline,indonesia,USDC
676,1.0306989430597029,2929446406611.9717,412,S0_baseline,indonesia,USDC
677,1.0336627645511183,2929446406611.9717,412,S0_baseline,indonesia,USDC
678,1.0247093092415518,2929446406611.9717,412,S0_baseline,indonesia,USDC
679,1.051658716564165,2929446406611.9717,412,S0_baseline,indonesia,USDC
680,1.0575947775351089,2929446406611.9717,412,S0_baseline,indonesia,USDC
681,1.0192837082786275,2929446406611.9717,412,S0_baseline,indonesia,USDC
682,1.0314348620142548,2929446406611.9717,412,S0_baseline,indonesia,USDC
683,1.0115515242109474,2929446406611.9717,412,S0_baseline,indonesia,USDC
684,1.008358677742122,2929446406611.9717,412,S0_baseline,indonesia,USDC
685,1.004157752967707,2929446406611.9717,412,S0_baseline,indonesia,USDC
686,1.0041495095637525,2929446406611.9717,412,S0_baseline,indonesia,USDC
687,1.0386123318875944,2929446406611.9717,412,S0_baseline,indonesia,USDC
688,1.0275634468884622,2929446406611.9717,412,S0_baseline,indonesia,USDC
689,1.0612254176956433,2929446406611.9717,412,S0_baseline,indonesia,USDC
690,1.0797296871563316,2929446406611.9717,412,S0_baseline,indonesia,USDC
691,1.0856272205253492,2929446406611.9717,412,S0_baseline,indonesia,USDC
692,1.0744254845155679,2929446406611.9717,412,S0_baseline,indonesia,USDC
693,1.0410472745447337,2929446406611.9717,412,S0_baseline,indonesia,USDC
694,1.0385210109899747,2929446406611.9717,412,S0_baseline,indonesia,USDC
695,1.059770869011861,2929446406611.9717,412,S0_baseline,indonesia,USDC
696,1.0369852613752524,2929446406611.9717,412,S0_baseline,indonesia,USDC
697,1.0145318083243817,2929446406611.9717,412,S0_baseline,indonesia,USDC
698,1.0078616410071608,2929446406611.9717,412,S0_baseline,indonesia,USDC
699,0.987944137884736,2929446406611.9717,412,S0_baseline,indonesia,USDC
700,0.9994849817047304,2929446406611.9717,412,S0_baseline,indonesia,USDC
701,1.0155811706962576,2929446406611.9717,412,S0_baseline,indonesia,USDC
702,1.0093194654858333,2929446406611.9717,412,S0_baseline,indonesia,USDC
703,1.0203489508294628,2929446406611.9717,412,S0_baseline,indonesia,USDC
704,0.9841779444454518,2929446406611.9717,412,S0_baseline,indonesia,USDC
705,0.9851331594581698,2929446406611.9717,412,S0_baseline,indonesia,USDC
706,0.9986631082071911,2929446406611.9717,412,S0_baseline,indonesia,USDC
707,1.0083262802533872,2929446406611.9717,412,S0_baseline,indonesia,USDC
708,0.9948074046072308,2929446406611.9717,412,S0_baseline,indonesia,USDC
709,0.9949974931489363,2929446406611.9717,412,S0_baseline,indonesia,USDC
710,1.0032806867540285,2929446406611.9717,412,S0_baseline,indonesia,USDC
711,1.0082540557113553,2929446406611.9717,412,S0_baseline,indonesia,USDC
712,0.9771227838617926,2929446406611.9717,412,S0_baseline,indonesia,USDC
713,0.9754922797640916,2929446406611.9717,412,S0_baseline,indonesia,USDC
714,0.8292042146189529,2929446406611.9717,412,S0_baseline,indonesia,USDC
715,0.8561626615628339,2929445963833.1904,412,S0_baseline,indonesia,USDC
716,0.8764811224013731,2929445670292.8154,412,S0_baseline,indonesia,USDC
717,0.8787757217610809,2929445451294.4395,412,S0_baseline,indonesia,USDC
718,0.8741464811298177,2929445248402.7515,412,S0_baseline,indonesia,USDC
719,0.8808424932946196,2929445067943.8506,412,S0_baseline,indonesia,USDC
720,0.8786660751058148,2929444908482.545,412,S0_baseline,indonesia,USDC
721,0.8992171475508812,2929444759806.9434,412,S0_baseline,indonesia,USDC
722,0.9125185456581365,2929444652838.2134,412,S0_baseline,indonesia,USDC
723,0.9500780960500774,2929444578437.6006,412,S0_baseline,indonesia,USDC
724,0.9163087988423062,2929444553165.0933,412,S0_baseline,indonesia,USDC
725,0.963309868036058,2929444485289.3975,412,S0_baseline,indonesia,USDC
726,0.9810319198290927,2929444478566.091,412,S0_baseline,indonesia,USDC
727,0.9909784024673827,2929444478566.091,412,S0_baseline,indonesia,USDC
728,0.9797174111986933,2929444478566.091,412,S0_baseline,indonesia,USDC
729,0.9762300421834584,2929444478566.091,412,S0_baseline,indonesia,USDC
730,0.9931841749163152,2929444478566.091,412,S0_baseline,indonesia,USDC
731,1.0174111494753346,2929444478566.091,412,S0_baseline,indonesia,USDC
732,1.0328332261781834,2929444478566.091,412,S0_baseline,indonesia,USDC
733,1.0199586045017894,2929444478566.091,412,S0_baseline,indonesia,USDC
734,1.0412481168508614,2929444478566.091,412,S0_baseline,indonesia,USDC
735,1.0400395883532612,2929444478566.091,412,S0_baseline,indonesia,USDC
736,1.0269217473794756,2929444478566.091,412,S0_baseline,indonesia,USDC
737,1.014342791955259,2929444478566.091,412,S0_baseline,indonesia,USDC
738,1.0385147459917086,2929444478566.091,412,S0_baseline,indonesia,USDC
739,1.0329952816698451,2929444478566.091,412,S0_baseline,indonesia,USDC
740,1.0112756742154492,2929444478566.091,412,S0_baseline,indonesia,USDC
741,1.0057834639280498,2929444478566.091,412,S0_baseline,indonesia,USDC
742,1.0367693746642392,2929444478566.091,412,S0_baseline,indonesia,USDC
743,1.0383099210202211,2929444478566.091,412,S0_baseline,indonesia,USDC
744,1.046808780715996,2929444478566.091,412,S0_baseline,indonesia,USDC
745,1.0211256927883918,2929444478566.091,412,S0_baseline,indonesia,USDC
746,1.0217960783812419,2929444478566.091,412,S0_baseline,indonesia,USDC
747,1.0006195070206108,2929444478566.091,412,S0_baseline,indonesia,USDC
748,0.9925737307619396,2929444478566.091,412,S0_baseline,indonesia,USDC
749,0.9639114269299858,2929444478566.091,412,S0_baseline,indonesia,USDC
750,0.9738396012949897,2929444471130.2095,412,S0_baseline,indonesia,USDC
751,0.9636669582726624,2929444471130.2095,412,S0_baseline,indonesia,USDC
752,0.9722992695332332,2929444465649.0337,412,S0_baseline,indonesia,USDC
753,0.960818650004842,2929444465649.0337,412,S0_baseline,indonesia,USDC
754,0.9615995606649843,2929444456924.746,412,S0_baseline,indonesia,USDC
755,0.9877495535585286,2929444446852.837,412,S0_baseline,indonesia,USDC
756,0.984572415569707,2929444446852.837,412,S0_baseline,indonesia,USDC
757,1.0122499371297988,2929444446852.837,412,S0_baseline,indonesia,USDC
758,1.006028176577594,2929444446852.837,412,S0_baseline,indonesia,USDC
759,1.020635266757721,2929444446852.837,412,S0_baseline,indonesia,USDC
760,1.0230415815012868,2929444446852.837,412,S0_baseline,indonesia,USDC
761,1.0162167857592639,2929444446852.837,412,S0_baseline,indonesia,USDC
762,1.0236379648258318,2929444446852.837,412,S0_baseline,indonesia,USDC
763,1.0104571342459376,2929444446852.837,412,S0_baseline,indonesia,USDC
764,0.9755137634073906,2929444446852.837,412,S0_baseline,indonesia,USDC
765,0.9489247727653604,2929444446852.837,412,S0_baseline,indonesia,USDC
766,0.9739296591171922,2929444423816.4517,412,S0_baseline,indonesia,USDC
767,0.9980876027964533,2929444423816.4517,412,S0_baseline,indonesia,USDC
768,0.9931191729773823,2929444423816.4517,412,S0_baseline,indonesia,USDC
769,1.0060465376337704,2929444423816.4517,412,S0_baseline,indonesia,USDC
770,1.0048292770697236,2929444423816.4517,412,S0_baseline,indonesia,USDC
771,1.0526496518590138,2929444423816.4517,412,S0_baseline,indonesia,USDC
772,1.0568491710348011,2929444423816.4517,412,S0_baseline,indonesia,USDC
773,1.0644982352450456,2929444423816.4517,412,S0_baseline,indonesia,USDC
774,1.072273446566553,2929444423816.4517,412,S0_baseline,indonesia,USDC
775,1.073260480189543,2929444423816.4517,412,S0_baseline,indonesia,USDC
776,1.04186877361233,2929444423816.4517,412,S0_baseline,indonesia,USDC
777,0.9984746056746969,2929444423816.4517,412,S0_baseline,indonesia,USDC
778,1.023501822372654,2929444423816.4517,412,S0_baseline,indonesia,USDC
779,1.004304631728601,2929444423816.4517,412,S0_baseline,indonesia,USDC
780,1.0728789286051061,2929444423816.4517,412,S0_baseline,indonesia,USDC
781,1.0618375490505103,2929444423816.4517,412,S0_baseline,indonesia,USDC
782,1.061229263518251,2929444423816.4517,412,S0_baseline,indonesia,USDC
783,1.0512891259995676,2929444423816.4517,412,S0_baseline,indonesia,USDC
784,1.0380300357567598,2929444423816.4517,412,S0_baseline,indonesia,USDC
785,1.0214731131722292,2929444423816.4517,412,S0_baseline,indonesia,USDC
786,1.041397859660276,2929444423816.4517,412,S0_baseline,indonesia,USDC
787,1.0182900230305034,2929444423816.4517,412,S0_baseline,indonesia,USDC
788,1.0088941785874088,2929444423816.4517,412,S0_baseline,indonesia,USDC
789,0.9919499621164334,2929444423816.4517,412,S0_baseline,indonesia,USDC
790,0.982168553232516,2929444423816.4517,412,S0_baseline,indonesia,USDC
791,0.9988693586266435,2929444423816.4517,412,S0_baseline,indonesia,USDC
792,0.9937026657367363,2929444423816.4517,412,S0_baseline,indonesia,USDC
793,1.0032866122364,2929444423816.4517,412,S0_baseline,indonesia,USDC
794,1.018478588904188,2929444423816.4517,412,S0_baseline,indonesia,USDC
795,1.0347087553178476,2929444423816.4517,412,S0_baseline,indonesia,USDC
796,1.0005923315792844,2929444423816.4517,412,S0_baseline,indonesia,USDC
797,1.0178526095231664,2929444423816.4517,412,S0_baseline,indonesia,USDC
798,1.0171200688502302,2929444423816.4517,412,S0_baseline,indonesia,USDC
799,1.0083115986310431,2929444423816.4517,412,S0_baseline,indonesia,USDC
800,1.0345271077329483,2929444423816.4517,412,S0_baseline,indonesia,USDC
801,1.03355854998825,2929444423816.4517,412,S0_baseline,indonesia,USDC
802,1.024254817056718,2929444423816.4517,412,S0_baseline,indonesia,USDC
803,1.0031339168645852,2929444423816.4517,412,S0_baseline,indonesia,USDC
804,0.9823733014770231,2929444423816.4517,412,S0_baseline,indonesia,USDC
805,1.00942226022406,2929444423816.4517,412,S0_baseline,indonesia,USDC
806,0.9953744918891027,2929444423816.4517,412,S0_baseline,indonesia,USDC
807,1.0158992208946074,2929444423816.4517,412,S0_baseline,indonesia,USDC
808,1.0220844575209207,2929444423816.4517,412,S0_baseline,indonesia,USDC
809,1.0260187393946292,2929444423816.4517,412,S0_baseline,indonesia,USDC
810,1.0198523302575777,2929444423816.4517,412,S0_baseline,indonesia,USDC
811,1.021800432083016,2929444423816.4517,412,S0_baseline,indonesia,USDC
812,0.986951757549853,2929444423816.4517,412,S0_baseline,indonesia,USDC
813,0.9768285579492648,2929444423816.4517,412,S0_baseline,indonesia,USDC
814,0.965602175612068,2929444423816.4517,412,S0_baseline,indonesia,USDC
815,1.0105090750838532,2929444420697.0835,412,S0_baseline,indonesia,USDC
816,1.033349237736914,2929444420697.0835,412,S0_baseline,indonesia,USDC
817,1.023266596260403,2929444420697.0835,412,S0_baseline,indonesia,USDC
818,1.052497182981021,2929444420697.0835,412,S0_baseline,indonesia,USDC
819,1.0509670019017192,2929444420697.0835,412,S0_baseline,indonesia,USDC
820,1.0501211690376926,2929444420697.0835,412,S0_baseline,indonesia,USDC
821,1.0361109039532352,2929444420697.0835,412,S0_baseline,indonesia,USDC
822,1.0487287791643132,2929444420697.0835,412,S0_baseline,indonesia,USDC
823,1.0626380314340615,2929444420697.0835,412,S0_baseline,indonesia,USDC
824,1.066470661241134,2929444420697.0835,412,S0_baseline,indonesia,USDC
825,1.0881579126320984,2929444420697.0835,412,S0_baseline,indonesia,USDC
826,1.0580882633359285,2929444420697.0835,412,S0_baseline,indonesia,USDC
827,1.0408437746798727,2929444420697.0835,412,S0_baseline,indonesia,USDC
828,1.01719009642111,2929444420697.0835,412,S0_baseline,indonesia,USDC
829,1.0166251791253658,2929444420697.0835,412,S0_baseline,indonesia,USDC
830,1.0496403601182358,2929444420697.0835,412,S0_baseline,indonesia,USDC
831,1.0714821576056277,2929444420697.0835,412,S0_baseline,indonesia,USDC
832,1.0675111515780484,2929444420697.0835,412,S0_baseline,indonesia,USDC
833,1.0492428440345363,2929444420697.0835,412,S0_baseline,indonesia,USDC
834,1.0324700335032413,2929444420697.0835,412,S0_baseline,indonesia,USDC
835,1.038126496114727,2929444420697.0835,412,S0_baseline,indonesia,USDC
836,1.054264740058512,2929444420697.0835,412,S0_baseline,indonesia,USDC
837,1.0531367652709476,2929444420697.0835,412,S0_baseline,indonesia,USDC
838,1.070967743334173,2929444420697.0835,412,S0_baseline,indonesia,USDC
839,1.032177155891316,2929444420697.0835,412,S0_baseline,indonesia,USDC
840,0.9910017239516378,2929444420697.0835,412,S0_baseline,indonesia,USDC
841,0.9902080090080202,2929444420697.0835,412,S0_baseline,indonesia,USDC
842,1.0278304335780537,2929444420697.0835,412,S0_baseline,indonesia,USDC
843,1.0207687200209523,2929444420697.0835,412,S0_baseline,indonesia,USDC
844,1.030166686923076,2929444420697.0835,412,S0_baseline,indonesia,USDC
845,1.0304785510959238,2929444420697.0835,412,S0_baseline,indonesia,USDC
846,1.0210916382894124,2929444420697.0835,412,S0_baseline,indonesia,USDC
847,1.0209459324762655,2929444420697.0835,412,S0_baseline,indonesia,USDC
848,1.0154655636108014,2929444420697.0835,412,S0_baseline,indonesia,USDC
849,0.9979473655438954,2929444420697.0835,412,S0_baseline,indonesia,USDC
850,0.9903789661687425,2929444420697.0835,412,S0_baseline,indonesia,USDC
851,0.9895111519738532,2929444420697.0835,412,S0_baseline,indonesia,USDC
852,0.9820492130573385,2929444420697.0835,412,S0_baseline,indonesia,USDC
853,0.9680525964739756,2929444420697.0835,412,S0_baseline,indonesia,USDC
854,0.9733353188117425,2929444419049.089,412,S0_baseline,indonesia,USDC
855,0.9330901645893909,2929444419049.089,412,S0_baseline,indonesia,USDC
856,0.9509615476718393,2929444380116.9,412,S0_baseline,indonesia,USDC
857,0.902679445885646,2929444358797.817,412,S0_baseline,indonesia,USDC
858,0.9141544642950221,2929444290234.4697,412,S0_baseline,indonesia,USDC
859,0.960250372863949,2929444237282.651,412,S0_baseline,indonesia,USDC
860,0.9406351684049581,2929444228450.01,412,S0_baseline,indonesia,USDC
861,0.9198360738793723,2929444203018.6606,412,S0_baseline,indonesia,USDC
862,0.9321721808495235,2929444159760.807,412,S0_baseline,indonesia,USDC
863,0.9291871231043447,2929444127013.1807,412,S0_baseline,indonesia,USDC
864,0.9324859581053412,2929444093991.646,412,S0_baseline,indonesia,USDC
865,0.9140524949492268,2929444063989.4243,412,S0_baseline,indonesia,USDC
866,0.9177690242302674,2929444021856.777,412,S0_baseline,indonesia,USDC
867,0.964176170955541,2929443984699.7744,412,S0_baseline,indonesia,USDC
868,0.9608159265789744,2929443981827.9546,412,S0_baseline,indonesia,USDC
869,0.9529633374492752,2929443976245.416,412,S0_baseline,indonesia,USDC
870,0.9536897539846879,2929443964261.3438,412,S0_baseline,indonesia,USDC
871,0.9662878192372677,2929443954048.845,412,S0_baseline,indonesia,USDC
872,0.9796417032184117,2929443952291.1045,412,S0_baseline,indonesia,USDC
873,0.96111923964476,2929443952291.1045,412,S0_baseline,indonesia,USDC
874,0.9728945495991856,2929443947144.099,412,S0_baseline,indonesia,USDC
875,1.0026983026348526,2929443947144.099,412,S0_baseline,indonesia,USDC
876,1.0081418768907657,2929443947144.099,412,S0_baseline,indonesia,USDC
877,1.0236512637882413,2929443947144.099,412,S0_baseline,indonesia,USDC
878,1.0310157713891752,2929443947144.099,412,S0_baseline,indonesia,USDC
879,1.0221884562266734,2929443947144.099,412,S0_baseline,indonesia,USDC
880,1.0040655323111167,2929443947144.099,412,S0_baseline,indonesia,USDC
881,0.9948859570425082,2929443947144.099,412,S0_baseline,indonesia,USDC
882,0.9849768486945234,2929443947144.099,412,S0_baseline,indonesia,USDC
883,0.9929181417783335,2929443947144.099,412,S0_baseline,indonesia,USDC
884,0.9677857387530933,2929443947144.099,412,S0_baseline,indonesia,USDC
885,0.980838936362703,2929443946737.6533,412,S0_baseline,indonesia,USDC
886,0.986060557080836,2929443946737.6533,412,S0_baseline,indonesia,USDC
887,0.9644595466214623,2929443946737.6533,412,S0_baseline,indonesia,USDC
888,0.9631805172750681,2929443943008.884,412,S0_baseline,indonesia,USDC
889,1.001941262197696,2929443938445.532,412,S0_baseline,indonesia,USDC
890,0.9970887647601288,2929443938445.532,412,S0_baseline,indonesia,USDC
891,1.013651767596831,2929443938445.532,412,S0_baseline,indonesia,USDC
892,1.0286078683002893,2929443938445.532,412,S0_baseline,indonesia,USDC
893,1.0076661139218255,2929443938445.532,412,S0_baseline,indonesia,USDC
894,1.023086445992687,2929443938445.532,412,S0_baseline,indonesia,USDC
895,1.0271300857079828,2929443938445.532,412,S0_baseline,indonesia,USDC
896,1.007068610837384,2929443938445.532,412,S0_baseline,indonesia,USDC
897,0.99720923642979,2929443938445.532,412,S0_baseline,indonesia,USDC
898,1.0233352017590107,2929443938445.532,412,S0_baseline,indonesia,USDC
899,1.0223949594844532,2929443938445.532,412,S0_baseline,indonesia,USDC
900,1.0276595231927326,2929443938445.532,412,S0_baseline,indonesia,USDC
901,1.0244017183342982,2929443938445.532,412,S0_baseline,indonesia,USDC
902,1.0482196107475,2929443938445.532,412,S0_baseline,indonesia,USDC
903,1.0310450745342645,2929443938445.532,412,S0_baseline,indonesia,USDC
904,0.9980199608593522,2929443938445.532,412,S0_baseline,indonesia,USDC
905,0.9921480424221935,2929443938445.532,412,S0_baseline,indonesia,USDC
906,1.022898496920592,2929443938445.532,412,S0_baseline,indonesia,USDC
907,1.0509593194202795,2929443938445.532,412,S0_baseline,indonesia,USDC
908,1.043758097924934,2929443938445.532,412,S0_baseline,indonesia,USDC
909,1.017534343699853,2929443938445.532,412,S0_baseline,indonesia,USDC
910,1.010019855943611,2929443938445.532,412,S0_baseline,indonesia,USDC
911,1.0342677204265092,2929443938445.532,412,S0_baseline,indonesia,USDC
912,1.065783730279649,2929443938445.532,412,S0_baseline,indonesia,USDC
913,1.0796186311537386,2929443938445.532,412,S0_baseline,indonesia,USDC
914,1.059240501150639,2929443938445.532,412,S0_baseline,indonesia,USDC
915,1.039291294003647,2929443938445.532,412,S0_baseline,indonesia,USDC
916,1.0362579535582044,2929443938445.532,412,S0_baseline,indonesia,USDC
917,1.0355097743897665,2929443938445.532,412,S0_baseline,indonesia,USDC
918,1.0351862365251452,2929443938445.532,412,S0_baseline,indonesia,USDC
919,1.0195351765981715,2929443938445.532,412,S0_baseline,indonesia,USDC
920,1.0561696048755413,2929443938445.532,412,S0_baseline,indonesia,USDC
921,1.0258252947941209,2929443938445.532,412,S0_baseline,indonesia,USDC
922,1.0272835267650717,2929443938445.532,412,S0_baseline,indonesia,USDC
923,1.04031948791311,2929443938445.532,412,S0_baseline,indonesia,USDC
924,1.018177448051374,2929443938445.532,412,S0_baseline,indonesia,USDC
925,1.027096030203769,2929443938445.532,412,S0_baseline,indonesia,USDC
926,0.9972662036355573,2929443938445.532,412,S0_baseline,indonesia,USDC
927,1.0119865981651919,2929443938445.532,412,S0_baseline,indonesia,USDC
928,1.0080618212492738,2929443938445.532,412,S0_baseline,indonesia,USDC
929,0.9959433917525514,2929443938445.532,412,S0_baseline,indonesia,USDC
930,0.9906369326950273,2929443938445.532,412,S0_baseline,indonesia,USDC
931,0.9706370486955931,2929443938445.532,412,S0_baseline,indonesia,USDC
932,0.9428322468504319,2929443938445.532,412,S0_baseline,indonesia,USDC
933,0.9425408275345523,2929443922292.945,412,S0_baseline,indonesia,USDC
934,0.9547268975064804,2929443905736.7,412,S0_baseline,indonesia,USDC
935,0.968939900339293,2929443896578.0425,412,S0_baseline,indonesia,USDC
936,0.9486641003513371,2929443896136.7075,412,S0_baseline,indonesia,USDC
937,0.9571238942982588,2929443883427.4575,412,S0_baseline,indonesia,USDC
938,0.9875521849290909,2929443875602.136,412,S0_baseline,indonesia,USDC
939,0.9538415961212595,2929443875602.136,412,S0_baseline,indonesia,USDC
940,0.9506738595279394,2929443866829.1924,412,S0_baseline,indonesia,USDC
941,0.9461285237876728,2929443856871.3,412,S0_baseline,indonesia,USDC
942,0.9394317882691136,2929443844580.4443,412,S0_baseline,indonesia,USDC
943,0.9574014017305167,2929443827799.3506,412,S0_baseline,indonesia,USDC
944,0.9586888249725518,2929443821256.215,412,S0_baseline,indonesia,USDC
945,0.9439937364476603,2929443815854.7637,412,S0_baseline,indonesia,USDC
946,0.9224549208000383,2929443802368.656,412,S0_baseline,indonesia,USDC
947,0.9332633598213633,2929443778801.8647,412,S0_baseline,indonesia,USDC
948,0.9390355055677102,2929443760992.301,412,S0_baseline,indonesia,USDC
949,0.9514121860013178,2929443747550.115,412,S0_baseline,indonesia,USDC
950,0.9447316166535692,2929443739993.467,412,S0_baseline,indonesia,USDC
951,0.9499874438738136,2929443729644.1157,412,S0_baseline,indonesia,USDC
952,0.9342655207372899,2929443720654.4707,412,S0_baseline,indonesia,USDC
953,0.9647686724666842,2929443706379.6465,412,S0_baseline,indonesia,USDC
954,0.9647428739687945,2929443704904.2476,412,S0_baseline,indonesia,USDC
955,0.9518633412927735,2929443702928.829,412,S0_baseline,indonesia,USDC
956,0.9417768186557355,2929443695619.1875,412,S0_baseline,indonesia,USDC
957,0.9383885533455693,2929443684734.8945,412,S0_baseline,indonesia,USDC
958,0.9666240587634594,2929443672826.7266,412,S0_baseline,indonesia,USDC
959,0.9445267394810558,2929443671507.9976,412,S0_baseline,indonesia,USDC
960,0.9152861190603716,2929443662315.804,412,S0_baseline,indonesia,USDC
961,0.9043010166501364,2929443643144.713,412,S0_baseline,indonesia,USDC
962,0.9270847393604285,2929443619491.397,412,S0_baseline,indonesia,USDC
963,0.9618047808947652,2929443606310.954,412,S0_baseline,indonesia,USDC
964,0.9578387351196486,2929443603874.063,412,S0_baseline,indonesia,USDC
965,0.9670826956087085,2929443599988.048,412,S0_baseline,indonesia,USDC
966,0.9464020747672575,2929443599240.0293,412,S0_baseline,indonesia,USDC
967,0.9778227106824673,2929443592375.315,412,S0_baseline,indonesia,USDC
968,0.9761325210619038,2929443592375.315,412,S0_baseline,indonesia,USDC
969,0.9624560013339601,2929443592375.315,412,S0_baseline,indonesia,USDC
970,0.9635373429664407,2929443590245.83,412,S0_baseline,indonesia,USDC
971,0.9941528118609191,2929443588271.548,412,S0_baseline,indonesia,USDC
972,1.0267935429477923,2929443588271.548,412,S0_baseline,indonesia,USDC
973,1.0139288736877876,2929443588271.548,412,S0_baseline,indonesia,USDC
974,1.0206783378032402,2929443588271.548,412,S0_baseline,indonesia,USDC
975,1.012939074541968,2929443588271.548,412,S0_baseline,indonesia,USDC
976,1.0222703110642286,2929443588271.548,412,S0_baseline,indonesia,USDC
977,1.024719306293553,2929443588271.548,412,S0_baseline,indonesia,USDC
978,1.0091845889698963,2929443588271.548,412,S0_baseline,indonesia,USDC
979,0.9912213594958793,2929443588271.548,412,S0_baseline,indonesia,USDC
980,0.9744398634620391,2929443588271.548,412,S0_baseline,indonesia,USDC
981,0.9276842560006344,2929443588271.548,412,S0_baseline,indonesia,USDC
982,0.9350452157479585,2929443576527.84,412,S0_baseline,indonesia,USDC
983,0.9032825771204045,2929443567290.043,412,S0_baseline,indonesia,USDC
984,0.9201652171174383,2929443549850.2803,412,S0_baseline,indonesia,USDC
985,0.9193145254128385,2929443537057.821,412,S0_baseline,indonesia,USDC
986,0.9524355528561105,2929443525364.34,412,S0_baseline,indonesia,USDC
987,0.9390133737060385,2929443521740.868,412,S0_baseline,indonesia,USDC
988,0.9527998742855335,2929443514463.132,412,S0_baseline,indonesia,USDC
989,0.9747551841685661,2929443510910.9624,412,S0_baseline,indonesia,USDC
990,0.9765907587822693,2929443510910.9624,412,S0_baseline,indonesia,USDC
991,1.0064831868685233,2929443510910.9624,412,S0_baseline,indonesia,USDC
992,1.0221069381042198,2929443510910.9624,412,S0_baseline,indonesia,USDC
993,1.0274481716778245,2929443510910.9624,412,S0_baseline,indonesia,USDC
994,1.0214623699667835,2929443510910.9624,412,S0_baseline,indonesia,USDC
995,0.9922708703933726,2929443510910.9624,412,S0_baseline,indonesia,USDC
996,0.9999495293123043,2929443510910.9624,412,S0_baseline,indonesia,USDC
997,0.9744305775597859,2929443510910.9624,412,S0_baseline,indonesia,USDC
998,1.0016498076340092,2929443510910.9624,412,S0_baseline,indonesia,USDC
999,0.9932521777652205,2929443510910.9624,412,S0_baseline,indonesia,USDC
1000,0.9946970768378022,2929443510910.9624,412,S0_baseline,indonesia,USDC
