Step,price,liquidity,iteration,scenario,region,coin
1,0.9889265975332311,2989350771340.3345,326,S0_baseline,indonesia,USDC
2,1.0088508529193974,2989350771340.3345,326,S0_baseline,indonesia,USDC
3,0.9674472631697495,2989350771340.3345,326,S0_baseline,indonesia,USDC
4,0.9688052054832939,2989209649854.3555,326,S0_baseline,indonesia,USDC
5,0.9442689836678767,2989144071545.348,326,S0_baseline,indonesia,USDC
6,0.9698096320797004,2987557945376.1455,326,S0_baseline,indonesia,USDC
7,0.9721212470888777,2987550329735.1514,326,S0_baseline,indonesia,USDC
8,0.9704613012053414,2987550329735.1514,326,S0_baseline,indonesia,USDC
9,0.9627524632342729,2987550329735.1514,326,S0_baseline,indonesia,USDC
10,0.9821849400681645,2987135535312.797,326,S0_baseline,indonesia,USDC
11,0.9747893186182784,2987135535312.797,326,S0_baseline,indonesia,USDC
12,0.9878366979351421,2987135535312.797,326,S0_baseline,indonesia,USDC
13,1.0301423712407507,2987135535312.797,326,S0_baseline,indonesia,USDC
14,1.0276359881556922,2987135535312.797,326,S0_baseline,indonesia,USDC
15,1.027454924143598,2987135535312.797,326,S0_baseline,indonesia,USDC
16,1.0450233415553858,2987135535312.797,326,S0_baseline,indonesia,USDC
17,1.0334682650203735,2987135535312.797,326,S0_baseline,indonesia,USDC
18,1.0265382848874967,2987135535312.797,326,S0_baseline,indonesia,USDC
19,1.00347815860652,2987135535312.797,326,S0_baseline,indonesia,USDC
20,1.0371532588331418,2987135535312.797,326,S0_baseline,indonesia,USDC
21,1.0426680486981335,2987135535312.797,326,S0_baseline,indonesia,USDC
22,1.0163248991588483,2987135535312.797,326,S0_baseline,indonesia,USDC
23,0.9998166591774916,2987135535312.797,326,S0_baseline,indonesia,USDC
24,0.9876806900625289,2987135535312.797,326,S0_baseline,indonesia,USDC
25,1.0310210642761157,2987135535312.797,326,S0_baseline,indonesia,USDC
26,1.0382805747957768,2987135535312.797,326,S0_baseline,indonesia,USDC
27,1.0298087407487289,2987135535312.797,326,S0_baseline,indonesia,USDC
28,1.0125351814506647,2987135535312.797,326,S0_baseline,indonesia,USDC
29,1.0058173478736991,2987135535312.797,326,S0_baseline,indonesia,USDC
30,1.0071026773662215,2987135535312.797,326,S0_baseline,indonesia,USDC
31,0.9992146075109669,2987135535312.797,326,S0_baseline,indonesia,USDC
32,1.0077921809847856,2987135535312.797,326,S0_baseline,indonesia,USDC
33,1.0270557483302036,2987135535312.797,326,S0_baseline,indonesia,USDC
34,1.0333751212100226,2987135535312.797,326,S0_baseline,indonesia,USDC
35,1.0632028125925739,2987135535312.797,326,S0_baseline,indonesia,USDC
36,1.0711837840348124,2987135535312.797,326,S0_baseline,indonesia,USDC
37,1.0745588349440496,2987135535312.797,326,S0_baseline,indonesia,USDC
38,1.0894851728885404,2987135535312.797,326,S0_baseline,indonesia,USDC
39,1.0946789960854224,2987135535312.797,326,S0_baseline,indonesia,USDC
40,1.0622470865698732,2987135535312.797,326,S0_baseline,indonesia,USDC
41,1.0446214876872557,2987135535312.797,326,S0_baseline,indonesia,USDC
42,1.066463426424777,2987135535312.797,326,S0_baseline,indonesia,USDC
43,1.0607378299779653,2987135535312.797,326,S0_baseline,indonesia,USDC
44,1.0521903697710855,2987135535312.797,326,S0_baseline,indonesia,USDC
45,1.0458836898855015,2987135535312.797,326,S0_baseline,indonesia,USDC
46,1.030848454153326,2987135535312.797,326,S0_baseline,indonesia,USDC
47,1.0500599025733128,2987135535312.797,326,S0_baseline,indonesia,USDC
48,1.0297317036559512,2987135535312.797,326,S0_baseline,indonesia,USDC
49,1.0326464153411357,2987135535312.797,326,S0_baseline,indonesia,USDC
50,1.0185317452890414,2987135535312.797,326,S0_baseline,indonesia,USDC
51,1.0113291287713306,2987135535312.797,326,S0_baseline,indonesia,USDC
52,1.0090026405584818,2987135535312.797,326,S0_baseline,indonesia,USDC
53,1.0087151443304259,2987135535312.797,326,S0_baseline,indonesia,USDC
54,0.9711836915093652,2987135535312.797,326,S0_baseline,indonesia,USDC
55,0.9902314324250343,2987135535312.797,326,S0_baseline,indonesia,USDC
56,0.9709310648735021,2987135535312.797,326,S0_baseline,indonesia,USDC
57,0.9633028398976605,2987135535312.797,326,S0_baseline,indonesia,USDC
58,0.9872256444153036,2986736572616.0967,326,S0_baseline,indonesia,USDC
59,0.9747149656447733,2986736572616.0967,326,S0_baseline,indonesia,USDC
60,0.9450588694890415,2986736572616.0967,326,S0_baseline,indonesia,USDC
61,0.9335242645815963,2985287436177.303,326,S0_baseline,indonesia,USDC
62,0.924252917883428,2983247975092.491,326,S0_baseline,indonesia,USDC
63,0.9168805452766923,2980814970938.256,326,S0_baseline,indonesia,USDC
64,0.9257100503348498,2978075591817.864,326,S0_baseline,indonesia,USDC
65,0.9263707695617573,2975850829089.623,326,S0_baseline,indonesia,USDC
66,0.8717215720178101,2973861707510.314,326,S0_baseline,indonesia,USDC
67,0.9068892454833328,2969410976351.596,326,S0_baseline,indonesia,USDC
68,0.9369722048240098,2966886630494.9946,326,S0_baseline,indonesia,USDC
69,0.9283653445381482,2965608561765.1855,326,S0_baseline,indonesia,USDC
70,0.9179949455909623,2964083262841.329,326,S0_baseline,indonesia,USDC
71,0.9322420252041204,2962221133861.6685,326,S0_baseline,indonesia,USDC
72,0.969701938935424,2961027170754.598,326,S0_baseline,indonesia,USDC
73,0.9876427332121563,2961023906527.6387,326,S0_baseline,indonesia,USDC
74,0.9861069991995022,2961023906527.6387,326,S0_baseline,indonesia,USDC
75,1.0083457410883212,2961023906527.6387,326,S0_baseline,indonesia,USDC
76,1.0338899034342532,2961023906527.6387,326,S0_baseline,indonesia,USDC
77,1.0379875143753456,2961023906527.6387,326,S0_baseline,indonesia,USDC
78,1.014462415296029,2961023906527.6387,326,S0_baseline,indonesia,USDC
79,1.048156661917203,2961023906527.6387,326,S0_baseline,indonesia,USDC
80,1.0318225251527982,2961023906527.6387,326,S0_baseline,indonesia,USDC
81,1.0340485831310284,2961023906527.6387,326,S0_baseline,indonesia,USDC
82,1.042024430841734,2961023906527.6387,326,S0_baseline,indonesia,USDC
83,1.0243777754890804,2961023906527.6387,326,S0_baseline,indonesia,USDC
84,1.0403260573221056,2961023906527.6387,326,S0_baseline,indonesia,USDC
85,1.0334598422633974,2961023906527.6387,326,S0_baseline,indonesia,USDC
86,1.0358282435967414,2961023906527.6387,326,S0_baseline,indonesia,USDC
87,1.0128714684241578,2961023906527.6387,326,S0_baseline,indonesia,USDC
88,1.0231856907490386,2961023906527.6387,326,S0_baseline,indonesia,USDC
89,1.00308607802492,2961023906527.6387,326,S0_baseline,indonesia,USDC
90,1.004976688204068,2961023906527.6387,326,S0_baseline,indonesia,USDC
91,1.0349338919997675,2961023906527.6387,326,S0_baseline,indonesia,USDC
92,1.0214115063266047,2961023906527.6387,326,S0_baseline,indonesia,USDC
93,1.0575092325531987,2961023906527.6387,326,S0_baseline,indonesia,USDC
94,1.0598383342715647,2961023906527.6387,326,S0_baseline,indonesia,USDC
95,1.0380694179515262,2961023906527.6387,326,S0_baseline,indonesia,USDC
96,1.0365109559992056,2961023906527.6387,326,S0_baseline,indonesia,USDC
97,1.0550914243468035,2961023906527.6387,326,S0_baseline,indonesia,USDC
98,1.0372898655969884,2961023906527.6387,326,S0_baseline,indonesia,USDC
99,1.0171196254696977,2961023906527.6387,326,S0_baseline,indonesia,USDC
100,1.0193726400138252,2961023906527.6387,326,S0_baseline,indonesia,USDC
101,1.0082262697179651,2961023906527.6387,326,S0_baseline,indonesia,USDC
102,1.0330680215243362,2961023906527.6387,326,S0_baseline,indonesia,USDC
103,1.0354510033204845,2961023906527.6387,326,S0_baseline,indonesia,USDC
104,1.009108947016565,2961023906527.6387,326,S0_baseline,indonesia,USDC
105,0.9960135703418346,2961023906527.6387,326,S0_baseline,indonesia,USDC
106,0.9781213232311102,2961023906527.6387,326,S0_baseline,indonesia,USDC
107,0.9922154079710985,2961023906527.6387,326,S0_baseline,indonesia,USDC
108,0.9906748262881865,2961023906527.6387,326,S0_baseline,indonesia,USDC
109,0.9863758433806339,2961023906527.6387,326,S0_baseline,indonesia,USDC
110,1.026266288295616,2961023906527.6387,326,S0_baseline,indonesia,USDC
111,1.0176373443289333,2961023906527.6387,326,S0_baseline,indonesia,USDC
112,1.0114110700269738,2961023906527.6387,326,S0_baseline,indonesia,USDC
113,1.0109963952104577,2961023906527.6387,326,S0_baseline,indonesia,USDC
114,0.9812261449399142,2961023906527.6387,326,S0_baseline,indonesia,USDC
115,0.9925257673517488,2961023906527.6387,326,S0_baseline,indonesia,USDC
116,1.0166890764408327,2961023906527.6387,326,S0_baseline,indonesia,USDC
117,1.0116699898250305,2961023906527.6387,326,S0_baseline,indonesia,USDC
118,0.9927238540844803,2961023906527.6387,326,S0_baseline,indonesia,USDC
119,0.9867529022323722,2961023906527.6387,326,S0_baseline,indonesia,USDC
120,1.0256749393958733,2961023906527.6387,326,S0_baseline,indonesia,USDC
121,1.0335988066820014,2961023906527.6387,326,S0_baseline,indonesia,USDC
122,1.04330707358297,2961023906527.6387,326,S0_baseline,indonesia,USDC
123,1.0663658957129332,2961023906527.6387,326,S0_baseline,indonesia,USDC
124,1.0587729694793686,2961023906527.6387,326,S0_baseline,indonesia,USDC
125,1.0458117114197008,2961023906527.6387,326,S0_baseline,indonesia,USDC
126,1.0231727040270147,2961023906527.6387,326,S0_baseline,indonesia,USDC
127,1.0182316089217982,2961023906527.6387,326,S0_baseline,indonesia,USDC
128,0.9880387939775263,2961023906527.6387,326,S0_baseline,indonesia,USDC
129,0.998476710949727,2961023906527.6387,326,S0_baseline,indonesia,USDC
130,0.9998710542868293,2961023906527.6387,326,S0_baseline,indonesia,USDC
131,0.9979702362740281,2961023906527.6387,326,S0_baseline,indonesia,USDC
132,1.0145773670802165,2961023906527.6387,326,S0_baseline,indonesia,USDC
133,1.00975394471376,2961023906527.6387,326,S0_baseline,indonesia,USDC
134,1.003615469451782,2961023906527.6387,326,S0_baseline,indonesia,USDC
135,1.004149511590911,2961023906527.6387,326,S0_baseline,indonesia,USDC
136,1.018147715076171,2961023906527.6387,326,S0_baseline,indonesia,USDC
137,1.0241400614245786,2961023906527.6387,326,S0_baseline,indonesia,USDC
138,0.9999496612206801,2961023906527.6387,326,S0_baseline,indonesia,USDC
139,1.0261578164886291,2961023906527.6387,326,S0_baseline,indonesia,USDC
140,0.9736746848891411,2961023906527.6387,326,S0_baseline,indonesia,USDC
141,0.9656279903227677,2961023906527.6387,326,S0_baseline,indonesia,USDC
142,0.9498858115603602,2960899814011.828,326,S0_baseline,indonesia,USDC
143,0.9648923397143003,2960299792703.083,326,S0_baseline,indonesia,USDC
144,1.0011658248509134,2960174229204.9297,326,S0_baseline,indonesia,USDC
145,0.9743284862612892,2960174229204.9297,326,S0_baseline,indonesia,USDC
146,0.9553074370847593,2960174229204.9297,326,S0_baseline,indonesia,USDC
147,0.960864622913112,2959754589020.818,326,S0_baseline,indonesia,USDC
148,0.9469201415443189,2959529581705.455,326,S0_baseline,indonesia,USDC
149,0.9267489059775487,2958811517095.571,326,S0_baseline,indonesia,USDC
150,0.9233635937005075,2957535073735.354,326,S0_baseline,indonesia,USDC
151,0.9517339407721569,2956180007160.342,326,S0_baseline,indonesia,USDC
152,0.9594022411651846,2955719170153.381,326,S0_baseline,indonesia,USDC
153,0.9772029774021532,2955467853145.042,326,S0_baseline,indonesia,USDC
154,0.9855983702240294,2955467853145.042,326,S0_baseline,indonesia,USDC
155,1.0185503230011232,2955467853145.042,326,S0_baseline,indonesia,USDC
156,1.0026031529007655,2955467853145.042,326,S0_baseline,indonesia,USDC
157,0.9846736937448451,2955467853145.042,326,S0_baseline,indonesia,USDC
158,1.010869060703577,2955467853145.042,326,S0_baseline,indonesia,USDC
159,0.9884465650007251,2955467853145.042,326,S0_baseline,indonesia,USDC
160,0.9672106319116202,2955467853145.042,326,S0_baseline,indonesia,USDC
161,0.9946532408820132,2955407526034.6406,326,S0_baseline,indonesia,USDC
162,0.9863999942078143,2955407526034.6406,326,S0_baseline,indonesia,USDC
163,0.9813254293966369,2955407526034.6406,326,S0_baseline,indonesia,USDC
164,0.9872676746976167,2955407526034.6406,326,S0_baseline,indonesia,USDC
165,0.9947209856575677,2955407526034.6406,326,S0_baseline,indonesia,USDC
166,0.9864565434829727,2955407526034.6406,326,S0_baseline,indonesia,USDC
167,0.9877017531726555,2955407526034.6406,326,S0_baseline,indonesia,USDC
168,0.9880780340681655,2955407526034.6406,326,S0_baseline,indonesia,USDC
169,1.0175523826778032,2955407526034.6406,326,S0_baseline,indonesia,USDC
170,1.0046465905851352,2955407526034.6406,326,S0_baseline,indonesia,USDC
171,1.013362875531825,2955407526034.6406,326,S0_baseline,indonesia,USDC
172,1.0124497694456867,2955407526034.6406,326,S0_baseline,indonesia,USDC
173,1.011918058765392,2955407526034.6406,326,S0_baseline,indonesia,USDC
174,0.9845827808001044,2955407526034.6406,326,S0_baseline,indonesia,USDC
175,0.9980606493666498,2955407526034.6406,326,S0_baseline,indonesia,USDC
176,1.007569982796665,2955407526034.6406,326,S0_baseline,indonesia,USDC
177,1.0315448708827029,2955407526034.6406,326,S0_baseline,indonesia,USDC
178,1.021105268290364,2955407526034.6406,326,S0_baseline,indonesia,USDC
179,1.0199250052813427,2955407526034.6406,326,S0_baseline,indonesia,USDC
180,1.0261757552917483,2955407526034.6406,326,S0_baseline,indonesia,USDC
181,0.995585392933855,2955407526034.6406,326,S0_baseline,indonesia,USDC
182,0.9981623239661735,2955407526034.6406,326,S0_baseline,indonesia,USDC
183,1.006944035558135,2955407526034.6406,326,S0_baseline,indonesia,USDC
184,1.0021450284127527,2955407526034.6406,326,S0_baseline,indonesia,USDC
185,1.0457337283645096,2955407526034.6406,326,S0_baseline,indonesia,USDC
186,1.0303902667898652,2955407526034.6406,326,S0_baseline,indonesia,USDC
187,1.0452144921476736,2955407526034.6406,326,S0_baseline,indonesia,USDC
188,1.0441583136181543,2955407526034.6406,326,S0_baseline,indonesia,USDC
189,1.0185524460878164,2955407526034.6406,326,S0_baseline,indonesia,USDC
190,1.0034499339117817,2955407526034.6406,326,S0_baseline,indonesia,USDC
191,1.0012115015356609,2955407526034.6406,326,S0_baseline,indonesia,USDC
192,1.002998704142981,2955407526034.6406,326,S0_baseline,indonesia,USDC
193,1.0151120768737794,2955407526034.6406,326,S0_baseline,indonesia,USDC
194,1.0201113522022784,2955407526034.6406,326,S0_baseline,indonesia,USDC
195,1.0347737491070579,2955407526034.6406,326,S0_baseline,indonesia,USDC
196,1.046999038408537,2955407526034.6406,326,S0_baseline,indonesia,USDC
197,1.0269828059438748,2955407526034.6406,326,S0_baseline,indonesia,USDC
198,1.0138071691965043,2955407526034.6406,326,S0_baseline,indonesia,USDC
199,1.0139318469507392,2955407526034.6406,326,S0_baseline,indonesia,USDC
200,1.0337788052395456,2955407526034.6406,326,S0_baseline,indonesia,USDC
201,1.0263387931886045,2955407526034.6406,326,S0_baseline,indonesia,USDC
202,1.017664504691463,2955407526034.6406,326,S0_baseline,indonesia,USDC
203,1.0178704541290868,2955407526034.6406,326,S0_baseline,indonesia,USDC
204,1.0213022824680449,2955407526034.6406,326,S0_baseline,indonesia,USDC
205,1.045222428307675,2955407526034.6406,326,S0_baseline,indonesia,USDC
206,1.040743198935908,2955407526034.6406,326,S0_baseline,indonesia,USDC
207,1.0342850770374745,2955407526034.6406,326,S0_baseline,indonesia,USDC
208,1.0104178928213399,2955407526034.6406,326,S0_baseline,indonesia,USDC
209,1.0005354465641214,2955407526034.6406,326,S0_baseline,indonesia,USDC
210,1.0203128757009472,2955407526034.6406,326,S0_baseline,indonesia,USDC
211,1.0372859175968498,2955407526034.6406,326,S0_baseline,indonesia,USDC
212,1.0658967867861993,2955407526034.6406,326,S0_baseline,indonesia,USDC
213,1.0599384234957652,2955407526034.6406,326,S0_baseline,indonesia,USDC
214,1.036806396437577,2955407526034.6406,326,S0_baseline,indonesia,USDC
215,0.9860320488785358,2955407526034.6406,326,S0_baseline,indonesia,USDC
216,1.0049584587024463,2955407526034.6406,326,S0_baseline,indonesia,USDC
217,0.9702199490474376,2955407526034.6406,326,S0_baseline,indonesia,USDC
218,0.9723164770915416,2955407526034.6406,326,S0_baseline,indonesia,USDC
219,0.9688221635915208,2955407526034.6406,326,S0_baseline,indonesia,USDC
220,0.9952967965863848,2955386388533.954,326,S0_baseline,indonesia,USDC
221,0.9810871555588683,2955386388533.954,326,S0_baseline,indonesia,USDC
222,0.9633163752205094,2955386388533.954,326,S0_baseline,indonesia,USDC
223,0.9780392640426733,2955239733987.5127,326,S0_baseline,indonesia,USDC
224,0.9986201087914759,2955239733987.5127,326,S0_baseline,indonesia,USDC
225,0.9985372772837179,2955239733987.5127,326,S0_baseline,indonesia,USDC
226,1.0195992758375598,2955239733987.5127,326,S0_baseline,indonesia,USDC
227,1.011583576620012,2955239733987.5127,326,S0_baseline,indonesia,USDC
228,1.0264479183435482,2955239733987.5127,326,S0_baseline,indonesia,USDC
229,1.0294070704840177,2955239733987.5127,326,S0_baseline,indonesia,USDC
230,1.0105880756102172,2955239733987.5127,326,S0_baseline,indonesia,USDC
231,0.9968932371891785,2955239733987.5127,326,S0_baseline,indonesia,USDC
232,0.996557199749479,2955239733987.5127,326,S0_baseline,indonesia,USDC
233,1.0193907409121103,2955239733987.5127,326,S0_baseline,indonesia,USDC
234,1.0128778254553674,2955239733987.5127,326,S0_baseline,indonesia,USDC
235,1.0205645277405115,2955239733987.5127,326,S0_baseline,indonesia,USDC
236,1.0542313468396116,2955239733987.5127,326,S0_baseline,indonesia,USDC
237,1.0289254380894455,2955239733987.5127,326,S0_baseline,indonesia,USDC
238,1.0288773179343034,2955239733987.5127,326,S0_baseline,indonesia,USDC
239,1.042993656769575,2955239733987.5127,326,S0_baseline,indonesia,USDC
240,1.0309501103254641,2955239733987.5127,326,S0_baseline,indonesia,USDC
241,1.0399846242893303,2955239733987.5127,326,S0_baseline,indonesia,USDC
242,1.0266086954292777,2955239733987.5127,326,S0_baseline,indonesia,USDC
243,1.0335054866731774,2955239733987.5127,326,S0_baseline,indonesia,USDC
244,1.0589325439471466,2955239733987.5127,326,S0_baseline,indonesia,USDC
245,1.0255849826179724,2955239733987.5127,326,S0_baseline,indonesia,USDC
246,1.0464313518819095,2955239733987.5127,326,S0_baseline,indonesia,USDC
247,1.050329488734691,2955239733987.5127,326,S0_baseline,indonesia,USDC
248,1.0613968365410398,2955239733987.5127,326,S0_baseline,indonesia,USDC
249,1.0523282500585776,2955239733987.5127,326,S0_baseline,indonesia,USDC
250,1.0531907088898482,2955239733987.5127,326,S0_baseline,indonesia,USDC
251,1.0098849736369024,2955239733987.5127,326,S0_baseline,indonesia,USDC
252,0.9921928386032827,2955239733987.5127,326,S0_baseline,indonesia,USDC
253,0.9826099507461608,2955239733987.5127,326,S0_baseline,indonesia,USDC
254,0.9858488236398331,2955239733987.5127,326,S0_baseline,indonesia,USDC
255,1.0136264891142779,2955239733987.5127,326,S0_baseline,indonesia,USDC
256,0.9496814630642963,2955239733987.5127,326,S0_baseline,indonesia,USDC
257,0.9813225544671043,2954742225848.8354,326,S0_baseline,indonesia,USDC
258,0.971487322326198,2954742225848.8354,326,S0_baseline,indonesia,USDC
259,0.9573145788388513,2954742225848.8354,326,S0_baseline,indonesia,USDC
260,0.9922261525608355,2954447323391.0815,326,S0_baseline,indonesia,USDC
261,0.9998630521389625,2954447323391.0815,326,S0_baseline,indonesia,USDC
262,1.0036269340969168,2954447323391.0815,326,S0_baseline,indonesia,USDC
263,0.9970702261677872,2954447323391.0815,326,S0_baseline,indonesia,USDC
264,1.0277243494681747,2954447323391.0815,326,S0_baseline,indonesia,USDC
265,1.0292026072189642,2954447323391.0815,326,S0_baseline,indonesia,USDC
266,1.0306623261374759,2954447323391.0815,326,S0_baseline,indonesia,USDC
267,1.0206989900568098,2954447323391.0815,326,S0_baseline,indonesia,USDC
268,0.9927204070371899,2954447323391.0815,326,S0_baseline,indonesia,USDC
269,0.9642241467098926,2954447323391.0815,326,S0_baseline,indonesia,USDC
270,0.9578506983464726,2954328692946.9556,326,S0_baseline,indonesia,USDC
271,0.964949653166172,2954033965612.4043,326,S0_baseline,indonesia,USDC
272,0.9631130320626687,2953935200483.6074,326,S0_baseline,indonesia,USDC
273,0.9711774890457328,2953791853227.3535,326,S0_baseline,indonesia,USDC
274,0.9385739647589149,2953791853227.3535,326,S0_baseline,indonesia,USDC
275,0.9605124305999047,2953077399245.038,326,S0_baseline,indonesia,USDC
276,0.96772453015951,2952893623280.528,326,S0_baseline,indonesia,USDC
277,0.9975199420022945,2952864448028.0293,326,S0_baseline,indonesia,USDC
278,0.9715307293949441,2952864448028.0293,326,S0_baseline,indonesia,USDC
279,0.9551597208331131,2952864448028.0293,326,S0_baseline,indonesia,USDC
280,0.976511171902447,2952540943078.9937,326,S0_baseline,indonesia,USDC
281,0.9545342753574065,2952540943078.9937,326,S0_baseline,indonesia,USDC
282,0.9674882815475546,2952189270579.3994,326,S0_baseline,indonesia,USDC
283,0.961807498897696,2952168406726.7104,326,S0_baseline,indonesia,USDC
284,0.9636386702262588,2951990626391.7744,326,S0_baseline,indonesia,USDC
285,0.9788259812571624,2951856336144.6577,326,S0_baseline,indonesia,USDC
286,0.9633845091229758,2951856336144.6577,326,S0_baseline,indonesia,USDC
287,0.9689587724531424,2951745323007.022,326,S0_baseline,indonesia,USDC
288,0.9739661417263379,2951721284013.11,326,S0_baseline,indonesia,USDC
289,0.9536993397879617,2951721284013.11,326,S0_baseline,indonesia,USDC
290,0.968701004808808,2951380873959.044,326,S0_baseline,indonesia,USDC
291,0.9650800967933794,2951380873959.044,326,S0_baseline,indonesia,USDC
292,0.9444474112660107,2951282339311.925,326,S0_baseline,indonesia,USDC
293,0.9639986400551954,2950725534866.399,326,S0_baseline,indonesia,USDC
294,0.9825840498897173,2950632955874.767,326,S0_baseline,indonesia,USDC
295,0.9805910072362848,2950632955874.767,326,S0_baseline,indonesia,USDC
296,0.9904466915412411,2950632955874.767,326,S0_baseline,indonesia,USDC
297,0.9941900975774105,2950632955874.767,326,S0_baseline,indonesia,USDC
298,0.9945786250729578,2950632955874.767,326,S0_baseline,indonesia,USDC
299,0.9860714442194657,2950632955874.767,326,S0_baseline,indonesia,USDC
300,1.017804874580145,2950632955874.767,326,S0_baseline,indonesia,USDC
301,0.9982263785123071,2950632955874.767,326,S0_baseline,indonesia,USDC
302,0.9851971597662821,2950632955874.767,326,S0_baseline,indonesia,USDC
303,0.9763116397850687,2950632955874.767,326,S0_baseline,indonesia,USDC
304,1.0001479433109028,2950632955874.767,326,S0_baseline,indonesia,USDC
305,0.9914013782440857,2950632955874.767,326,S0_baseline,indonesia,USDC
306,1.024829134246656,2950632955874.767,326,S0_baseline,indonesia,USDC
307,1.0248997028484614,2950632955874.767,326,S0_baseline,indonesia,USDC
308,1.0144522084308962,2950632955874.767,326,S0_baseline,indonesia,USDC
309,0.9703110281488444,2950632955874.767,326,S0_baseline,indonesia,USDC
310,0.9423510154109491,2950632955874.767,326,S0_baseline,indonesia,USDC
311,0.9085786662002255,2950047423948.9043,326,S0_baseline,indonesia,USDC
312,0.9170044445760758,2948736891981.4727,326,S0_baseline,indonesia,USDC
313,0.8960279158224712,2947705277066.2715,326,S0_baseline,indonesia,USDC
314,0.8897068701066523,2946371172815.048,326,S0_baseline,indonesia,USDC
315,0.9043838745647843,2945026689128.795,326,S0_baseline,indonesia,USDC
316,0.9417888612079788,2943992128692.437,326,S0_baseline,indonesia,USDC
317,0.9605211369765264,2943595631225.4614,326,S0_baseline,indonesia,USDC
318,0.9770275501445439,2943466047732.8975,326,S0_baseline,indonesia,USDC
319,0.9910254531980537,2943466047732.8975,326,S0_baseline,indonesia,USDC
320,0.9853988396348995,2943466047732.8975,326,S0_baseline,indonesia,USDC
321,1.004542776701194,2943466047732.8975,326,S0_baseline,indonesia,USDC
322,0.976869126008122,2943466047732.8975,326,S0_baseline,indonesia,USDC
323,0.9794163486603265,2943466047732.8975,326,S0_baseline,indonesia,USDC
324,0.9550890328682466,2943466047732.8975,326,S0_baseline,indonesia,USDC
325,0.9412916723405866,2943281742695.125,326,S0_baseline,indonesia,USDC
326,0.9637512820314352,2942911596624.2783,326,S0_baseline,indonesia,USDC
327,0.9533125509700003,2942832746689.088,326,S0_baseline,indonesia,USDC
328,0.9139425944590451,2942633254086.397,326,S0_baseline,indonesia,USDC
329,0.9065994518061389,2941924564682.6104,326,S0_baseline,indonesia,USDC
330,0.9093552308896379,2941142906734.751,326,S0_baseline,indonesia,USDC
331,0.9530764780197026,2940460755643.199,326,S0_baseline,indonesia,USDC
332,0.9359788416097417,2940275850965.1104,326,S0_baseline,indonesia,USDC
333,0.9398095124810869,2939892671723.5225,326,S0_baseline,indonesia,USDC
334,0.9234224980711131,2939586383186.7544,326,S0_baseline,indonesia,USDC
335,0.9396467595225555,2939094889134.672,326,S0_baseline,indonesia,USDC
336,0.9627146806666785,2938810130198.6416,326,S0_baseline,indonesia,USDC
337,0.9431782533734657,2938757264539.6875,326,S0_baseline,indonesia,USDC
338,0.9289559882886456,2938497162913.67,326,S0_baseline,indonesia,USDC
339,0.9399338645595285,2938110147859.1826,326,S0_baseline,indonesia,USDC
340,0.9562112470545894,2937838642085.1724,326,S0_baseline,indonesia,USDC
341,0.9504662321309134,2937730736270.437,326,S0_baseline,indonesia,USDC
342,0.9692594307801977,2937561981332.6064,326,S0_baseline,indonesia,USDC
343,0.9909829414001908,2937559891928.218,326,S0_baseline,indonesia,USDC
344,0.9779020657154526,2937559891928.218,326,S0_baseline,indonesia,USDC
345,1.000614623775216,2937559891928.218,326,S0_baseline,indonesia,USDC
346,0.9839944073430599,2937559891928.218,326,S0_baseline,indonesia,USDC
347,0.9840103517847908,2937559891928.218,326,S0_baseline,indonesia,USDC
348,0.9624959477247187,2937559891928.218,326,S0_baseline,indonesia,USDC
349,0.9414706715155806,2937512254912.092,326,S0_baseline,indonesia,USDC
350,0.946147137869691,2937272211978.3403,326,S0_baseline,indonesia,USDC
351,0.9389997855483142,2937092083388.8174,326,S0_baseline,indonesia,USDC
352,0.9467236381836821,2936852788904.2124,326,S0_baseline,indonesia,USDC
353,0.9626458386563566,2936672768620.532,326,S0_baseline,indonesia,USDC
354,0.9856982869368193,2936631354397.885,326,S0_baseline,indonesia,USDC
355,0.9785660707583947,2936631354397.885,326,S0_baseline,indonesia,USDC
356,0.9934959595239237,2936631354397.885,326,S0_baseline,indonesia,USDC
357,0.9578711855514759,2936631354397.885,326,S0_baseline,indonesia,USDC
358,0.9305865325059539,2936550848661.924,326,S0_baseline,indonesia,USDC
359,0.9416799324524343,2936284053922.941,326,S0_baseline,indonesia,USDC
360,0.9335956700304859,2936081630179.574,326,S0_baseline,indonesia,USDC
361,0.9594854478412098,2935844360178.2896,326,S0_baseline,indonesia,USDC
362,0.9621837745474465,2935773971334.4395,326,S0_baseline,indonesia,USDC
363,0.9520500143726865,2935734734096.99,326,S0_baseline,indonesia,USDC
364,0.9717285138245366,2935616597973.5605,326,S0_baseline,indonesia,USDC
365,0.9670654853486456,2935616597973.5605,326,S0_baseline,indonesia,USDC
366,0.9830999476517077,2935601193684.2324,326,S0_baseline,indonesia,USDC
367,1.0047734106555533,2935601193684.2324,326,S0_baseline,indonesia,USDC
368,1.0186959399637865,2935601193684.2324,326,S0_baseline,indonesia,USDC
369,1.0664401993655708,2935601193684.2324,326,S0_baseline,indonesia,USDC
370,1.0378361073526197,2935601193684.2324,326,S0_baseline,indonesia,USDC
371,1.0394151241392662,2935601193684.2324,326,S0_baseline,indonesia,USDC
372,1.018983000752743,2935601193684.2324,326,S0_baseline,indonesia,USDC
373,1.0209133733182,2935601193684.2324,326,S0_baseline,indonesia,USDC
374,0.995135136218983,2935601193684.2324,326,S0_baseline,indonesia,USDC
375,0.9790606217240129,2935601193684.2324,326,S0_baseline,indonesia,USDC
376,0.9631777703386144,2935601193684.2324,326,S0_baseline,indonesia,USDC
377,0.9623889138366457,2935569096681.8,326,S0_baseline,indonesia,USDC
378,0.9873838119464068,2935528350865.802,326,S0_baseline,indonesia,USDC
379,1.0028828728109183,2935528350865.802,326,S0_baseline,indonesia,USDC
380,0.9953856116259407,2935528350865.802,326,S0_baseline,indonesia,USDC
381,0.9925536269826112,2935528350865.802,326,S0_baseline,indonesia,USDC
382,0.9932368460827745,2935528350865.802,326,S0_baseline,indonesia,USDC
383,0.9835834219838769,2935528350865.802,326,S0_baseline,indonesia,USDC
384,0.9994040969044128,2935528350865.802,326,S0_baseline,indonesia,USDC
385,0.9984487267120633,2935528350865.802,326,S0_baseline,indonesia,USDC
386,1.0018609258258429,2935528350865.802,326,S0_baseline,indonesia,USDC
387,0.995176891482431,2935528350865.802,326,S0_baseline,indonesia,USDC
388,0.9817314636435599,2935528350865.802,326,S0_baseline,indonesia,USDC
389,0.9914624913798314,2935528350865.802,326,S0_baseline,indonesia,USDC
390,0.9969803364113248,2935528350865.802,326,S0_baseline,indonesia,USDC
391,0.9805991169278593,2935528350865.802,326,S0_baseline,indonesia,USDC
392,0.9563225133013741,2935528350865.802,326,S0_baseline,indonesia,USDC
393,0.9637648586558785,2935445895872.199,326,S0_baseline,indonesia,USDC
394,0.9917227616461342,2935410530111.7773,326,S0_baseline,indonesia,USDC
395,1.0102086774576278,2935410530111.7773,326,S0_baseline,indonesia,USDC
396,1.030678317650936,2935410530111.7773,326,S0_baseline,indonesia,USDC
397,1.049759975590228,2935410530111.7773,326,S0_baseline,indonesia,USDC
398,1.019619841638015,2935410530111.7773,326,S0_baseline,indonesia,USDC
399,1.0210582413083344,2935410530111.7773,326,S0_baseline,indonesia,USDC
400,1.0131479680633484,2935410530111.7773,326,S0_baseline,indonesia,USDC
401,0.9929862078095446,2935410530111.7773,326,S0_baseline,indonesia,USDC
402,1.0027855528850709,2935410530111.7773,326,S0_baseline,indonesia,USDC
403,0.9857880453702969,2935410530111.7773,326,S0_baseline,indonesia,USDC
404,0.9803348947987894,2935410530111.7773,326,S0_baseline,indonesia,USDC
405,0.9903638078078159,2935410530111.7773,326,S0_baseline,indonesia,USDC
406,1.0047522915594134,2935410530111.7773,326,S0_baseline,indonesia,USDC
407,1.0232774004419527,2935410530111.7773,326,S0_baseline,indonesia,USDC
408,1.0436676241199936,2935410530111.7773,326,S0_baseline,indonesia,USDC
409,1.060377877971053,2935410530111.7773,326,S0_baseline,indonesia,USDC
410,1.052019621844309,2935410530111.7773,326,S0_baseline,indonesia,USDC
411,1.0086021257988596,2935410530111.7773,326,S0_baseline,indonesia,USDC
412,1.0131815751903925,2935410530111.7773,326,S0_baseline,indonesia,USDC
413,1.027170992786694,2935410530111.7773,326,S0_baseline,indonesia,USDC
414,1.0469854088327075,2935410530111.7773,326,S0_baseline,indonesia,USDC
415,1.061045380948733,2935410530111.7773,326,S0_baseline,indonesia,USDC
416,1.0765682853610203,2935410530111.7773,326,S0_baseline,indonesia,USDC
417,1.0597393931446888,2935410530111.7773,326,S0_baseline,indonesia,USDC
418,1.0728531571422109,2935410530111.7773,326,S0_baseline,indonesia,USDC
419,1.0628555923936303,2935410530111.7773,326,S0_baseline,indonesia,USDC
420,1.0466112694995025,2935410530111.7773,326,S0_baseline,indonesia,USDC
421,1.044748093016295,2935410530111.7773,326,S0_baseline,indonesia,USDC
422,1.040143409405009,2935410530111.7773,326,S0_baseline,indonesia,USDC
423,1.051961458099941,2935410530111.7773,326,S0_baseline,indonesia,USDC
424,1.069061263581879,2935410530111.7773,326,S0_baseline,indonesia,USDC
425,1.0639830638349332,2935410530111.7773,326,S0_baseline,indonesia,USDC
426,1.0842742498373485,2935410530111.7773,326,S0_baseline,indonesia,USDC
427,1.0584172719325196,2935410530111.7773,326,S0_baseline,indonesia,USDC
428,1.0705284864852556,2935410530111.7773,326,S0_baseline,indonesia,USDC
429,1.058837784955383,2935410530111.7773,326,S0_baseline,indonesia,USDC
430,1.049633963241823,2935410530111.7773,326,S0_baseline,indonesia,USDC
431,1.031062412334195,2935410530111.7773,326,S0_baseline,indonesia,USDC
432,1.016226681998663,2935410530111.7773,326,S0_baseline,indonesia,USDC
433,1.013461385812107,2935410530111.7773,326,S0_baseline,indonesia,USDC
434,0.9976980558932987,2935410530111.7773,326,S0_baseline,indonesia,USDC
435,1.0034968832273663,2935410530111.7773,326,S0_baseline,indonesia,USDC
436,1.001717116439532,2935410530111.7773,326,S0_baseline,indonesia,USDC
437,1.0300022528153887,2935410530111.7773,326,S0_baseline,indonesia,USDC
438,1.0424249073148304,2935410530111.7773,326,S0_baseline,indonesia,USDC
439,1.0209375972664878,2935410530111.7773,326,S0_baseline,indonesia,USDC
440,0.9659252600137586,2935410530111.7773,326,S0_baseline,indonesia,USDC
441,0.9785131256714332,2935385074502.1143,326,S0_baseline,indonesia,USDC
442,0.9815209516569351,2935385074502.1143,326,S0_baseline,indonesia,USDC
443,0.9485427585247086,2935385074502.1143,326,S0_baseline,indonesia,USDC
444,0.9733295040663053,2935267596079.093,326,S0_baseline,indonesia,USDC
445,0.9873205503383727,2935267596079.093,326,S0_baseline,indonesia,USDC
446,0.9877196248050555,2935267596079.093,326,S0_baseline,indonesia,USDC
447,0.9696181424107335,2935267596079.093,326,S0_baseline,indonesia,USDC
448,0.9638815592532931,2935267596079.093,326,S0_baseline,indonesia,USDC
449,0.9889407334477167,2935241290494.159,326,S0_baseline,indonesia,USDC
450,0.9705979969417217,2935241290494.159,326,S0_baseline,indonesia,USDC
451,0.976760392794854,2935241290494.159,326,S0_baseline,indonesia,USDC
452,0.9639489100061778,2935241290494.159,326,S0_baseline,indonesia,USDC
453,0.9760350539648159,2935215490411.9897,326,S0_baseline,indonesia,USDC
454,0.9842295703833985,2935215490411.9897,326,S0_baseline,indonesia,USDC
455,0.9689306639339594,2935215490411.9897,326,S0_baseline,indonesia,USDC
456,0.96499398970027,2935215490411.9897,326,S0_baseline,indonesia,USDC
457,0.934225794787658,2935195806058.107,326,S0_baseline,indonesia,USDC
458,0.9475512953126446,2934980237530.822,326,S0_baseline,indonesia,USDC
459,0.9199560357449382,2934865174320.957,326,S0_baseline,indonesia,USDC
460,0.9427687769274096,2934603429112.8154,326,S0_baseline,indonesia,USDC
461,0.9442163923544034,2934466267418.927,326,S0_baseline,indonesia,USDC
462,0.9613105456227723,2934345001540.066,326,S0_baseline,indonesia,USDC
463,0.973060353493604,2934310222227.285,326,S0_baseline,indonesia,USDC
464,0.9835651558270453,2934310222227.285,326,S0_baseline,indonesia,USDC
465,0.9397891913354668,2934310222227.285,326,S0_baseline,indonesia,USDC
466,0.9315371014533739,2934155759318.1855,326,S0_baseline,indonesia,USDC
467,0.9465356110635816,2933976556532.1436,326,S0_baseline,indonesia,USDC
468,0.9609080880978833,2933868880641.457,326,S0_baseline,indonesia,USDC
469,0.9339422922217604,2933829580199.1807,326,S0_baseline,indonesia,USDC
470,0.9583274878110957,2933678340417.029,326,S0_baseline,indonesia,USDC
471,0.9543845163559717,2933635560448.9453,326,S0_baseline,indonesia,USDC
472,0.9213929288548693,2933569959877.8047,326,S0_baseline,indonesia,USDC
473,0.9505052748528534,2933375630501.785,326,S0_baseline,indonesia,USDC
474,0.9598547278774804,2933301590863.1084,326,S0_baseline,indonesia,USDC
475,0.9808049779072187,2933262985642.944,326,S0_baseline,indonesia,USDC
476,1.0069292700031205,2933262985642.944,326,S0_baseline,indonesia,USDC
477,1.0029887508045119,2933262985642.944,326,S0_baseline,indonesia,USDC
478,1.003196117112408,2933262985642.944,326,S0_baseline,indonesia,USDC
479,0.9976191978504159,2933262985642.944,326,S0_baseline,indonesia,USDC
480,1.002762486977172,2933262985642.944,326,S0_baseline,indonesia,USDC
481,0.9836182901594034,2933262985642.944,326,S0_baseline,indonesia,USDC
482,0.980965848371872,2933262985642.944,326,S0_baseline,indonesia,USDC
483,0.9820301506161877,2933262985642.944,326,S0_baseline,indonesia,USDC
484,0.9615697015029263,2933262985642.944,326,S0_baseline,indonesia,USDC
485,0.9228630112282993,2933231552752.5337,326,S0_baseline,indonesia,USDC
486,0.9239809966184634,2933042966824.851,326,S0_baseline,indonesia,USDC
487,0.9187290179759644,2932867800684.1426,326,S0_baseline,indonesia,USDC
488,0.9326967132819256,2932696635811.116,326,S0_baseline,indonesia,USDC
489,0.9633590939168069,2932575719669.813,326,S0_baseline,indonesia,USDC
490,0.9820004085699032,2932559731703.2812,326,S0_baseline,indonesia,USDC
491,0.9654280663729796,2932559731703.2812,326,S0_baseline,indonesia,USDC
492,0.9637046249544956,2932544606802.466,326,S0_baseline,indonesia,USDC
493,0.960975640772417,2932525856641.2334,326,S0_baseline,indonesia,USDC
494,0.9783300420394282,2932498434334.2773,326,S0_baseline,indonesia,USDC
495,0.9660961414043556,2932498434334.2773,326,S0_baseline,indonesia,USDC
496,0.9417658992935287,2932489438197.0366,326,S0_baseline,indonesia,USDC
497,0.9395004870003658,2932404337776.3833,326,S0_baseline,indonesia,USDC
498,0.9533867247338822,2932317847750.5103,326,S0_baseline,indonesia,USDC
499,0.9527379014025568,2932267030372.0176,326,S0_baseline,indonesia,USDC
500,0.9762273744026253,2932215132690.6357,326,S0_baseline,indonesia,USDC
501,0.9454963812400454,2932215132690.6357,326,S0_baseline,indonesia,USDC
502,0.9705087892172862,2932150822056.0303,326,S0_baseline,indonesia,USDC
503,0.9872761923222227,2932150822056.0303,326,S0_baseline,indonesia,USDC
504,0.9967601667872714,2932150822056.0303,326,S0_baseline,indonesia,USDC
505,1.0190979306686272,2932150822056.0303,326,S0_baseline,indonesia,USDC
506,1.0153097198770609,2932150822056.0303,326,S0_baseline,indonesia,USDC
507,1.0141717707136308,2932150822056.0303,326,S0_baseline,indonesia,USDC
508,1.0106674837201788,2932150822056.0303,326,S0_baseline,indonesia,USDC
509,1.0088483060147586,2932150822056.0303,326,S0_baseline,indonesia,USDC
510,1.0177990929297027,2932150822056.0303,326,S0_baseline,indonesia,USDC
511,1.018117396721728,2932150822056.0303,326,S0_baseline,indonesia,USDC
512,0.9979007762639588,2932150822056.0303,326,S0_baseline,indonesia,USDC
513,0.9947843596593785,2932150822056.0303,326,S0_baseline,indonesia,USDC
514,0.9828421613115278,2932150822056.0303,326,S0_baseline,indonesia,USDC
515,0.9797398332261255,2932150822056.0303,326,S0_baseline,indonesia,USDC
516,0.9614307095613845,2932150822056.0303,326,S0_baseline,indonesia,USDC
517,0.9561097968835104,2932126085511.88,326,S0_baseline,indonesia,USDC
518,0.9929244116986525,2932086343576.2563,326,S0_baseline,indonesia,USDC
519,1.0106245448386189,2932086343576.2563,326,S0_baseline,indonesia,USDC
520,0.9963404074614942,2932086343576.2563,326,S0_baseline,indonesia,USDC
521,0.981046041824341,2932086343576.2563,326,S0_baseline,indonesia,USDC
522,0.9507364039965408,2932086343576.2563,326,S0_baseline,indonesia,USDC
523,0.9554491782531778,2932036654073.212,326,S0_baseline,indonesia,USDC
524,0.9400510945672153,2931998415822.055,326,S0_baseline,indonesia,USDC
525,0.9415734700950239,2931922124487.8975,326,S0_baseline,indonesia,USDC
526,0.9835626741607747,2931854513266.179,326,S0_baseline,indonesia,USDC
527,0.9827827565809661,2931854513266.179,326,S0_baseline,indonesia,USDC
528,0.9829604768002311,2931854513266.179,326,S0_baseline,indonesia,USDC
529,0.9838682025153016,2931854513266.179,326,S0_baseline,indonesia,USDC
530,0.9825572254603996,2931854513266.179,326,S0_baseline,indonesia,USDC
531,0.9992256109794226,2931854513266.179,326,S0_baseline,indonesia,USDC
532,1.003766096229743,2931854513266.179,326,S0_baseline,indonesia,USDC
533,0.9991293295824999,2931854513266.179,326,S0_baseline,indonesia,USDC
534,1.0164402506932655,2931854513266.179,326,S0_baseline,indonesia,USDC
535,1.0037175205255882,2931854513266.179,326,S0_baseline,indonesia,USDC
536,0.9986147941965913,2931854513266.179,326,S0_baseline,indonesia,USDC
537,1.0123006836189323,2931854513266.179,326,S0_baseline,indonesia,USDC
538,0.9914742326433201,2931854513266.179,326,S0_baseline,indonesia,USDC
539,0.9727555622413693,2931854513266.179,326,S0_baseline,indonesia,USDC
540,0.9686699108682811,2931854513266.179,326,S0_baseline,indonesia,USDC
541,0.944209566445968,2931853371589.1543,326,S0_baseline,indonesia,USDC
542,0.9329963481140573,2931791639015.0557,326,S0_baseline,indonesia,USDC
543,0.9227713009028282,2931706954823.9873,326,S0_baseline,indonesia,USDC
544,0.942924247313291,2931592233709.7944,326,S0_baseline,indonesia,USDC
545,0.9556969528558109,2931531883047.055,326,S0_baseline,indonesia,USDC
546,0.9409625458983761,2931501376442.0986,326,S0_baseline,indonesia,USDC
547,0.9440240606673785,2931436996960.724,326,S0_baseline,indonesia,USDC
548,0.9531067079888498,2931387148766.692,326,S0_baseline,indonesia,USDC
549,0.9778001236994123,2931356605986.8535,326,S0_baseline,indonesia,USDC
550,0.9996136232943041,2931356605986.8535,326,S0_baseline,indonesia,USDC
551,0.9794586286232931,2931356605986.8535,326,S0_baseline,indonesia,USDC
552,0.9962358620455264,2931356605986.8535,326,S0_baseline,indonesia,USDC
553,0.9917578127135506,2931356605986.8535,326,S0_baseline,indonesia,USDC
554,0.9935744157855984,2931356605986.8535,326,S0_baseline,indonesia,USDC
555,0.9643683678606946,2931356605986.8535,326,S0_baseline,indonesia,USDC
556,1.0084546895956177,2931347405278.2295,326,S0_baseline,indonesia,USDC
557,1.0000934273957216,2931347405278.2295,326,S0_baseline,indonesia,USDC
558,0.9996837779813417,2931347405278.2295,326,S0_baseline,indonesia,USDC
559,0.9947126659478726,2931347405278.2295,326,S0_baseline,indonesia,USDC
560,1.0058252382940611,2931347405278.2295,326,S0_baseline,indonesia,USDC
561,1.0122541126048654,2931347405278.2295,326,S0_baseline,indonesia,USDC
562,1.0039780102721498,2931347405278.2295,326,S0_baseline,indonesia,USDC
563,0.9886106327245933,2931347405278.2295,326,S0_baseline,indonesia,USDC
564,0.9879067126674599,2931347405278.2295,326,S0_baseline,indonesia,USDC
565,0.9990720534773403,2931347405278.2295,326,S0_baseline,indonesia,USDC
566,1.0204728670843717,2931347405278.2295,326,S0_baseline,indonesia,USDC
567,1.0067197650694395,2931347405278.2295,326,S0_baseline,indonesia,USDC
568,1.0042025799826408,2931347405278.2295,326,S0_baseline,indonesia,USDC
569,1.0251025209774216,2931347405278.2295,326,S0_baseline,indonesia,USDC
570,1.0109297548306846,2931347405278.2295,326,S0_baseline,indonesia,USDC
571,1.0204303395931085,2931347405278.2295,326,S0_baseline,indonesia,USDC
572,1.0035752001767093,2931347405278.2295,326,S0_baseline,indonesia,USDC
573,1.042137931149553,2931347405278.2295,326,S0_baseline,indonesia,USDC
574,1.0215783892774568,2931347405278.2295,326,S0_baseline,indonesia,USDC
575,1.00955980624508,2931347405278.2295,326,S0_baseline,indonesia,USDC
576,1.0081899580750493,2931347405278.2295,326,S0_baseline,indonesia,USDC
577,1.0090342299367328,2931347405278.2295,326,S0_baseline,indonesia,USDC
578,1.0182571453470899,2931347405278.2295,326,S0_baseline,indonesia,USDC
579,1.0723006655585772,2931347405278.2295,326,S0_baseline,indonesia,USDC
580,1.049164558004506,2931347405278.2295,326,S0_baseline,indonesia,USDC
581,1.0401451470453027,2931347405278.2295,326,S0_baseline,indonesia,USDC
582,1.0512027964610016,2931347405278.2295,326,S0_baseline,indonesia,USDC
583,0.9890819350022706,2931347405278.2295,326,S0_baseline,indonesia,USDC
584,0.9842680394380255,2931347405278.2295,326,S0_baseline,indonesia,USDC
585,0.9896113494621959,2931347405278.2295,326,S0_baseline,indonesia,USDC
586,0.979712114862914,2931347405278.2295,326,S0_baseline,indonesia,USDC
587,0.9892604893545808,2931347405278.2295,326,S0_baseline,indonesia,USDC
588,0.9991220987516538,2931347405278.2295,326,S0_baseline,indonesia,USDC
589,0.9830998019240448,2931347405278.2295,326,S0_baseline,indonesia,USDC
590,0.9527326061891,2931347405278.2295,326,S0_baseline,indonesia,USDC
591,0.9607245310072566,2931315107369.807,326,S0_baseline,indonesia,USDC
592,0.9743155463706156,2931298982831.4243,326,S0_baseline,indonesia,USDC
593,0.9737853313166822,2931298982831.4243,326,S0_baseline,indonesia,USDC
594,0.8542974418510506,2931298982831.4243,326,S0_baseline,indonesia,USDC
595,0.8914125249838878,2931066598240.358,326,S0_baseline,indonesia,USDC
596,0.83575219441718,2930934011425.4995,326,S0_baseline,indonesia,USDC
597,0.8569243870337288,2930719308731.828,326,S0_baseline,indonesia,USDC
598,0.8342615924518778,2930559774500.4775,326,S0_baseline,indonesia,USDC
599,0.8723958013629639,2930394017046.3755,326,S0_baseline,indonesia,USDC
600,0.8832295239212463,2930291341210.8447,326,S0_baseline,indonesia,USDC
601,0.8818638533136093,2930212864761.493,326,S0_baseline,indonesia,USDC
602,0.9007399809705658,2930134533223.117,326,S0_baseline,indonesia,USDC
603,0.8922768512363923,2930082581107.7085,326,S0_baseline,indonesia,USDC
604,0.8858247285262881,2930028006966.6836,326,S0_baseline,indonesia,USDC
605,0.9136016480873871,2929969237386.5806,326,S0_baseline,indonesia,USDC
606,0.9004483866438264,2929936032496.5117,326,S0_baseline,indonesia,USDC
607,0.9176328750767377,2929896070600.1978,326,S0_baseline,indonesia,USDC
608,0.900598837875086,2929868178524.681,326,S0_baseline,indonesia,USDC
609,0.942191775880009,2929832933178.1406,326,S0_baseline,indonesia,USDC
610,0.970041364574295,2929820547179.719,326,S0_baseline,indonesia,USDC
611,1.0030230560099254,2929820547179.719,326,S0_baseline,indonesia,USDC
612,1.0138785203442877,2929820547179.719,326,S0_baseline,indonesia,USDC
613,1.0235874939386735,2929820547179.719,326,S0_baseline,indonesia,USDC
614,0.9418902161747134,2929820547179.719,326,S0_baseline,indonesia,USDC
615,0.9611749430074196,2929807397352.382,326,S0_baseline,indonesia,USDC
616,0.956500458219684,2929803242970.34,326,S0_baseline,indonesia,USDC
617,0.9454468023715727,2929796945898.511,326,S0_baseline,indonesia,USDC
618,0.9188773566087122,2929786906723.6025,326,S0_baseline,indonesia,USDC
619,0.9570975720439759,2929765142027.98,326,S0_baseline,indonesia,USDC
620,0.9593451074803844,2929760244831.442,326,S0_baseline,indonesia,USDC
621,0.9181293752097246,2929756314439.4565,326,S0_baseline,indonesia,USDC
622,0.8871251443504384,2929734628074.579,326,S0_baseline,indonesia,USDC
623,0.8788193726338326,2929702587570.665,326,S0_baseline,indonesia,USDC
624,0.8947020722453215,2929670263077.8154,326,S0_baseline,indonesia,USDC
625,0.8999742653673768,2929647196093.411,326,S0_baseline,indonesia,USDC
626,0.9084731580113883,2929627325107.9336,326,S0_baseline,indonesia,USDC
627,0.9148900495919229,2929609783376.0156,326,S0_baseline,indonesia,USDC
628,0.9136580630143766,2929595816354.812,326,S0_baseline,indonesia,USDC
629,0.9198508308034158,2929582673645.8384,326,S0_baseline,indonesia,USDC
630,0.9058195005251377,2929571327938.366,326,S0_baseline,indonesia,USDC
631,0.8983431663370602,2929557440686.06,326,S0_baseline,indonesia,USDC
632,0.9365658420793275,2929542173396.4414,326,S0_baseline,indonesia,USDC
633,0.9479051890630696,2929535781248.0845,326,S0_baseline,indonesia,USDC
634,0.9593155501620967,2929531567063.617,326,S0_baseline,indonesia,USDC
635,0.9576961814981013,2929529830211.24,326,S0_baseline,indonesia,USDC
636,0.9437773363897078,2929527949423.457,326,S0_baseline,indonesia,USDC
637,0.9735434372058083,2929523159648.9487,326,S0_baseline,indonesia,USDC
638,0.9759204900053318,2929523159648.9487,326,S0_baseline,indonesia,USDC
639,0.9942615452580534,2929523159648.9487,326,S0_baseline,indonesia,USDC
640,1.0099465751334316,2929523159648.9487,326,S0_baseline,indonesia,USDC
641,1.0163304894431844,2929523159648.9487,326,S0_baseline,indonesia,USDC
642,1.0460061695413398,2929523159648.9487,326,S0_baseline,indonesia,USDC
643,1.0321564738756253,2929523159648.9487,326,S0_baseline,indonesia,USDC
644,1.0673986975278809,2929523159648.9487,326,S0_baseline,indonesia,USDC
645,1.0508376298329885,2929523159648.9487,326,S0_baseline,indonesia,USDC
646,1.0187099485279492,2929523159648.9487,326,S0_baseline,indonesia,USDC
647,1.0165857091203734,2929523159648.9487,326,S0_baseline,indonesia,USDC
648,0.9958299816754426,2929523159648.9487,326,S0_baseline,indonesia,USDC
649,0.9773379684114687,2929523159648.9487,326,S0_baseline,indonesia,USDC
650,0.9988178557134919,2929523159648.9487,326,S0_baseline,indonesia,USDC
651,0.9559132790437381,2929523159648.9487,326,S0_baseline,indonesia,USDC
652,0.9839867306100166,2929520789101.199,326,S0_baseline,indonesia,USDC
653,0.9762825604645642,2929520789101.199,326,S0_baseline,indonesia,USDC
654,0.9812485631089319,2929520789101.199,326,S0_baseline,indonesia,USDC
655,1.0071615516511643,2929520789101.199,326,S0_baseline,indonesia,USDC
656,0.996422928131458,2929520789101.199,326,S0_baseline,indonesia,USDC
657,0.9784922574545911,2929520789101.199,326,S0_baseline,indonesia,USDC
658,0.9897099824207289,2929520789101.199,326,S0_baseline,indonesia,USDC
659,0.9969964107642965,2929520789101.199,326,S0_baseline,indonesia,USDC
660,1.055953735608739,2929520789101.199,326,S0_baseline,indonesia,USDC
661,1.0893906509362823,2929520789101.199,326,S0_baseline,indonesia,USDC
662,1.114419967432366,2929520789101.199,326,S0_baseline,indonesia,USDC
663,1.1169694907198762,2929520789101.199,326,S0_baseline,indonesia,USDC
664,1.1178969604716826,2929520789101.199,326,S0_baseline,indonesia,USDC
665,1.1114752814729247,2929520789101.199,326,S0_baseline,indonesia,USDC
666,1.1246466193184645,2929520789101.199,326,S0_baseline,indonesia,USDC
667,1.1299765584917505,2929520789101.199,326,S0_baseline,indonesia,USDC
668,1.1257226747404017,2929520789101.199,326,S0_baseline,indonesia,USDC
669,1.1601664765330908,2929520789101.199,326,S0_baseline,indonesia,USDC
670,1.1553670841833155,2929520789101.199,326,S0_baseline,indonesia,USDC
671,1.1896590532146236,2929520789101.199,326,S0_baseline,indonesia,USDC
672,1.1725620855765924,2929520789101.199,326,S0_baseline,indonesia,USDC
673,1.1611825937454365,2929520789101.199,326,S0_baseline,indonesia,USDC
674,1.18005015284578,2929520789101.199,326,S0_baseline,indonesia,USDC
675,1.1418359450211282,2929520789101.199,326,S0_baseline,indonesia,USDC
676,1.175790371514319,2929520789101.199,326,S0_baseline,indonesia,USDC
677,1.1638947235746944,2929520789101.199,326,S0_baseline,indonesia,USDC
678,1.167067654876263,2929520789101.199,326,S0_baseline,indonesia,USDC
679,1.2052323557141198,2929520789101.199,326,S0_baseline,indonesia,USDC
680,1.1962868286025492,2929520789101.199,326,S0_baseline,indonesia,USDC
681,1.2292073335079277,2929520789101.199,326,S0_baseline,indonesia,USDC
682,1.228515140778194,2929520789101.199,326,S0_baseline,indonesia,USDC
683,1.2122019908867998,2929520789101.199,326,S0_baseline,indonesia,USDC
684,1.1463597725374353,2929520789101.199,326,S0_baseline,indonesia,USDC
685,1.114838174884688,2929520789101.199,326,S0_baseline,indonesia,USDC
686,1.1326190686611424,2929520789101.199,326,S0_baseline,indonesia,USDC
687,1.1111916725879538,2929520789101.199,326,S0_baseline,indonesia,USDC
688,1.116019154164619,2929520789101.199,326,S0_baseline,indonesia,USDC
689,1.0919490321350525,2929520789101.199,326,S0_baseline,indonesia,USDC
690,1.074218639391163,2929520789101.199,326,S0_baseline,indonesia,USDC
691,1.0289741631883274,2929520789101.199,326,S0_baseline,indonesia,USDC
692,1.0448317553441875,2929520789101.199,326,S0_baseline,indonesia,USDC
693,1.0357929944283233,2929520789101.199,326,S0_baseline,indonesia,USDC
694,1.0155783214954281,2929520789101.199,326,S0_baseline,indonesia,USDC
695,0.9986083881741967,2929520789101.199,326,S0_baseline,indonesia,USDC
696,0.9903407058794528,2929520789101.199,326,S0_baseline,indonesia,USDC
697,0.990713076843322,2929520789101.199,326,S0_baseline,indonesia,USDC
698,0.9662605443021829,2929520789101.199,326,S0_baseline,indonesia,USDC
699,0.9753799481789367,2929520133664.2046,326,S0_baseline,indonesia,USDC
700,0.9988796637386756,2929520133664.2046,326,S0_baseline,indonesia,USDC
701,1.0078190402225524,2929520133664.2046,326,S0_baseline,indonesia,USDC
702,1.0119074411542601,2929520133664.2046,326,S0_baseline,indonesia,USDC
703,1.0145787011267957,2929520133664.2046,326,S0_baseline,indonesia,USDC
704,1.0435811227924634,2929520133664.2046,326,S0_baseline,indonesia,USDC
705,1.0670953107111494,2929520133664.2046,326,S0_baseline,indonesia,USDC
706,1.0205485296752186,2929520133664.2046,326,S0_baseline,indonesia,USDC
707,1.049684643216229,2929520133664.2046,326,S0_baseline,indonesia,USDC
708,1.0516742292584615,2929520133664.2046,326,S0_baseline,indonesia,USDC
709,1.040821914043318,2929520133664.2046,326,S0_baseline,indonesia,USDC
710,1.0290071938237786,2929520133664.2046,326,S0_baseline,indonesia,USDC
711,1.0336575440526645,2929520133664.2046,326,S0_baseline,indonesia,USDC
712,1.0264325899837252,2929520133664.2046,326,S0_baseline,indonesia,USDC
713,1.0076783240842995,2929520133664.2046,326,S0_baseline,indonesia,USDC
714,0.9692040305786073,2929520133664.2046,326,S0_baseline,indonesia,USDC
715,0.9494212175986838,2929520133664.2046,326,S0_baseline,indonesia,USDC
716,0.9557432314716436,2929516690672.5054,326,S0_baseline,indonesia,USDC
717,0.9229291501456386,2929514506586.5986,326,S0_baseline,indonesia,USDC
718,0.924949005608445,2929506773763.074,326,S0_baseline,indonesia,USDC
719,0.9461721512381227,2929500131848.2036,326,S0_baseline,indonesia,USDC
720,0.9449379191701804,2929496736248.1143,326,S0_baseline,indonesia,USDC
721,0.9810719899316199,2929493379209.2075,326,S0_baseline,indonesia,USDC
722,0.9827672692858603,2929493379209.2075,326,S0_baseline,indonesia,USDC
723,1.0045910788732708,2929493379209.2075,326,S0_baseline,indonesia,USDC
724,1.0508600399272532,2929493379209.2075,326,S0_baseline,indonesia,USDC
725,1.0292540942913557,2929493379209.2075,326,S0_baseline,indonesia,USDC
726,1.0186271626750223,2929493379209.2075,326,S0_baseline,indonesia,USDC
727,1.0083337224910718,2929493379209.2075,326,S0_baseline,indonesia,USDC
728,1.0280968450333006,2929493379209.2075,326,S0_baseline,indonesia,USDC
729,1.0037710990916622,2929493379209.2075,326,S0_baseline,indonesia,USDC
730,0.991743000137364,2929493379209.2075,326,S0_baseline,indonesia,USDC
731,0.9753017497419741,2929493379209.2075,326,S0_baseline,indonesia,USDC
732,0.9702516105051936,2929493379209.2075,326,S0_baseline,indonesia,USDC
733,0.9873412036672952,2929493379209.2075,326,S0_baseline,indonesia,USDC
734,0.990949441645455,2929493379209.2075,326,S0_baseline,indonesia,USDC
735,0.9963595111595223,2929493379209.2075,326,S0_baseline,indonesia,USDC
736,1.0128203838105527,2929493379209.2075,326,S0_baseline,indonesia,USDC
737,1.021231311395558,2929493379209.2075,326,S0_baseline,indonesia,USDC
738,0.9868324547898654,2929493379209.2075,326,S0_baseline,indonesia,USDC
739,0.9835118853793254,2929493379209.2075,326,S0_baseline,indonesia,USDC
740,0.9622166385652204,2929493379209.2075,326,S0_baseline,indonesia,USDC
741,0.9592391608109218,2929492234911.6953,326,S0_baseline,indonesia,USDC
742,0.9572388893609494,2929490962789.996,326,S0_baseline,indonesia,USDC
743,0.955768644613016,2929489223407.343,326,S0_baseline,indonesia,USDC
744,0.9329171794456275,2929487295638.8286,326,S0_baseline,indonesia,USDC
745,0.9442347108493024,2929482548438.5073,326,S0_baseline,indonesia,USDC
746,0.9712031487770497,2929479048154.9634,326,S0_baseline,indonesia,USDC
747,0.9094070096206415,2929479048154.9634,326,S0_baseline,indonesia,USDC
748,0.905057923492256,2929471233751.3564,326,S0_baseline,indonesia,USDC
749,0.9105353239794751,2929463758254.9224,326,S0_baseline,indonesia,USDC
750,0.9336873686468138,2929457352777.206,326,S0_baseline,indonesia,USDC
751,0.9397101871083642,2929453362826.251,326,S0_baseline,indonesia,USDC
752,0.9483349852195787,2929450159241.8047,326,S0_baseline,indonesia,USDC
753,0.9545656017944287,2929448204090.79,326,S0_baseline,indonesia,USDC
754,0.9327165162929859,2929446729694.142,326,S0_baseline,indonesia,USDC
755,0.9183502614386313,2929443374187.8496,326,S0_baseline,indonesia,USDC
756,0.9293939626067279,2929438833092.025,326,S0_baseline,indonesia,USDC
757,0.9449267826977381,2929435467159.8438,326,S0_baseline,indonesia,USDC
758,0.9542759710707757,2929433518321.5723,326,S0_baseline,indonesia,USDC
759,1.0064408271469265,2929432176964.947,326,S0_baseline,indonesia,USDC
760,1.0146921363109715,2929432176964.947,326,S0_baseline,indonesia,USDC
761,0.9890676043524433,2929432176964.947,326,S0_baseline,indonesia,USDC
762,1.0040156336743604,2929432176964.947,326,S0_baseline,indonesia,USDC
763,1.00638452881822,2929432176964.947,326,S0_baseline,indonesia,USDC
764,1.0083413653666125,2929432176964.947,326,S0_baseline,indonesia,USDC
765,1.0077262190636656,2929432176964.947,326,S0_baseline,indonesia,USDC
766,1.0026286068618366,2929432176964.947,326,S0_baseline,indonesia,USDC
767,1.0412468868261564,2929432176964.947,326,S0_baseline,indonesia,USDC
768,1.032540522472967,2929432176964.947,326,S0_baseline,indonesia,USDC
769,1.0158130780771442,2929432176964.947,326,S0_baseline,indonesia,USDC
770,1.016450192904969,2929432176964.947,326,S0_baseline,indonesia,USDC
771,1.0257502600997628,2929432176964.947,326,S0_baseline,indonesia,USDC
772,1.0150312585084362,2929432176964.947,326,S0_baseline,indonesia,USDC
773,1.0007970445587087,2929432176964.947,326,S0_baseline,indonesia,USDC
774,0.9920604787160724,2929432176964.947,326,S0_baseline,indonesia,USDC
775,0.991276779233696,2929432176964.947,326,S0_baseline,indonesia,USDC
776,1.00809454208738,2929432176964.947,326,S0_baseline,indonesia,USDC
777,1.0140854300624245,2929432176964.947,326,S0_baseline,indonesia,USDC
778,0.9965058825878111,2929432176964.947,326,S0_baseline,indonesia,USDC
779,1.002288593977569,2929432176964.947,326,S0_baseline,indonesia,USDC
780,0.9832726806032684,2929432176964.947,326,S0_baseline,indonesia,USDC
781,1.0040352988414996,2929432176964.947,326,S0_baseline,indonesia,USDC
782,0.9999265944154432,2929432176964.947,326,S0_baseline,indonesia,USDC
783,1.0086557687322875,2929432176964.947,326,S0_baseline,indonesia,USDC
784,1.015253754518637,2929432176964.947,326,S0_baseline,indonesia,USDC
785,1.0199979980728124,2929432176964.947,326,S0_baseline,indonesia,USDC
786,1.0142038756865948,2929432176964.947,326,S0_baseline,indonesia,USDC
787,1.0171047969194296,2929432176964.947,326,S0_baseline,indonesia,USDC
788,1.0239113488378968,2929432176964.947,326,S0_baseline,indonesia,USDC
789,1.0199088974902581,2929432176964.947,326,S0_baseline,indonesia,USDC
790,1.0755711017244753,2929432176964.947,326,S0_baseline,indonesia,USDC
791,1.0401567052447434,2929432176964.947,326,S0_baseline,indonesia,USDC
792,1.0297207994180984,2929432176964.947,326,S0_baseline,indonesia,USDC
793,1.021321828521441,2929432176964.947,326,S0_baseline,indonesia,USDC
794,1.028361530169381,2929432176964.947,326,S0_baseline,indonesia,USDC
795,1.0154173046567505,2929432176964.947,326,S0_baseline,indonesia,USDC
796,1.053324921541858,2929432176964.947,326,S0_baseline,indonesia,USDC
797,1.0617396074510403,2929432176964.947,326,S0_baseline,indonesia,USDC
798,1.0590291107029857,2929432176964.947,326,S0_baseline,indonesia,USDC
799,1.0425427908743252,2929432176964.947,326,S0_baseline,indonesia,USDC
800,1.0360274018299838,2929432176964.947,326,S0_baseline,indonesia,USDC
801,1.0463358119710733,2929432176964.947,326,S0_baseline,indonesia,USDC
802,1.0479328936779937,2929432176964.947,326,S0_baseline,indonesia,USDC
803,1.0262594501682627,2929432176964.947,326,S0_baseline,indonesia,USDC
804,1.0579428379650482,2929432176964.947,326,S0_baseline,indonesia,USDC
805,1.0659036789164038,2929432176964.947,326,S0_baseline,indonesia,USDC
806,1.0815017463706291,2929432176964.947,326,S0_baseline,indonesia,USDC
807,1.1036360145835218,2929432176964.947,326,S0_baseline,indonesia,USDC
808,1.0972071354815818,2929432176964.947,326,S0_baseline,indonesia,USDC
809,1.0850771662235665,2929432176964.947,326,S0_baseline,indonesia,USDC
810,1.0859434116649942,2929432176964.947,326,S0_baseline,indonesia,USDC
811,1.0746520964956732,2929432176964.947,326,S0_baseline,indonesia,USDC
812,1.0306838422592295,2929432176964.947,326,S0_baseline,indonesia,USDC
813,1.0134245794849175,2929432176964.947,326,S0_baseline,indonesia,USDC
814,0.9992861415220542,2929432176964.947,326,S0_baseline,indonesia,USDC
815,0.9758797236486544,2929432176964.947,326,S0_baseline,indonesia,USDC
816,0.9646468723548771,2929432176964.947,326,S0_baseline,indonesia,USDC
817,0.9785210548117669,2929431727712.679,326,S0_baseline,indonesia,USDC
818,0.9589471912231203,2929431727712.679,326,S0_baseline,indonesia,USDC
819,0.9519643793268231,2929430976557.0303,326,S0_baseline,indonesia,USDC
820,0.946323744675775,2929429683860.6426,326,S0_baseline,indonesia,USDC
821,0.9499369514537214,2929427831747.4985,326,S0_baseline,indonesia,USDC
822,0.9361389229739099,2929426370511.909,326,S0_baseline,indonesia,USDC
823,0.9392228367238992,2929423897615.169,326,S0_baseline,indonesia,USDC
824,0.9216689209355531,2929421730510.4644,326,S0_baseline,indonesia,USDC
825,0.9248433172956524,2929418481419.904,326,S0_baseline,indonesia,USDC
826,0.8185169658068082,2929415416093.842,326,S0_baseline,indonesia,USDC
827,0.8263151401561127,2929405518963.544,326,S0_baseline,indonesia,USDC
828,0.8056645352538686,2929397571198.702,326,S0_baseline,indonesia,USDC
829,0.8370485367843067,2929390111267.9146,326,S0_baseline,indonesia,USDC
830,0.8441376149148094,2929384828070.115,326,S0_baseline,indonesia,USDC
831,0.8603040966068762,2929380591916.2764,326,S0_baseline,indonesia,USDC
832,0.8721949503302139,2929377219550.2783,326,S0_baseline,indonesia,USDC
833,0.8795339431736902,2929374727016.5176,326,S0_baseline,indonesia,USDC
834,0.8980401159792789,2929372641569.847,326,S0_baseline,indonesia,USDC
835,0.9110233316693782,2929371134059.6655,326,S0_baseline,indonesia,USDC
836,0.9280851418858987,2929369989384.4097,326,S0_baseline,indonesia,USDC
837,0.9439851103696769,2929369206125.2124,326,S0_baseline,indonesia,USDC
838,0.9289101246369128,2929368729648.323,326,S0_baseline,indonesia,USDC
839,0.9092352331572415,2929368034728.794,326,S0_baseline,indonesia,USDC
840,0.9248590576812292,2929366980546.7017,326,S0_baseline,indonesia,USDC
841,0.9357093529797713,2929366268147.0337,326,S0_baseline,indonesia,USDC
842,0.9458136783004347,2929365754746.4077,326,S0_baseline,indonesia,USDC
843,0.9061013659258739,2929365381144.883,326,S0_baseline,indonesia,USDC
844,0.9311396516377358,2929364418725.754,326,S0_baseline,indonesia,USDC
845,0.9553319585350333,2929363887909.948,326,S0_baseline,indonesia,USDC
846,0.9409426634959593,2929363719765.811,326,S0_baseline,indonesia,USDC
847,0.9659671107169774,2929363345250.5156,326,S0_baseline,indonesia,USDC
848,0.9724346212301546,2929363307732.6807,326,S0_baseline,indonesia,USDC
849,0.9763390872441641,2929363307732.6807,326,S0_baseline,indonesia,USDC
850,0.9969250637974213,2929363307732.6807,326,S0_baseline,indonesia,USDC
851,0.9963926962277792,2929363307732.6807,326,S0_baseline,indonesia,USDC
852,0.9870431358360424,2929363307732.6807,326,S0_baseline,indonesia,USDC
853,0.9743628224718274,2929363307732.6807,326,S0_baseline,indonesia,USDC
854,0.9532669617982845,2929363307732.6807,326,S0_baseline,indonesia,USDC
855,0.9770736114640939,2929363121672.117,326,S0_baseline,indonesia,USDC
856,0.975749383651599,2929363121672.117,326,S0_baseline,indonesia,USDC
857,0.9693686398836878,2929363121672.117,326,S0_baseline,indonesia,USDC
858,0.9846158996551945,2929363121672.117,326,S0_baseline,indonesia,USDC
859,0.9867149313091077,2929363121672.117,326,S0_baseline,indonesia,USDC
860,1.0129196555632312,2929363121672.117,326,S0_baseline,indonesia,USDC
861,1.010062943633214,2929363121672.117,326,S0_baseline,indonesia,USDC
862,0.9951715433292427,2929363121672.117,326,S0_baseline,indonesia,USDC
863,0.965090760485978,2929363121672.117,326,S0_baseline,indonesia,USDC
864,0.942471313692523,2929363066723.123,326,S0_baseline,indonesia,USDC
865,0.9430056718767598,2929362729821.2617,326,S0_baseline,indonesia,USDC
866,0.9175521701686145,2929362397026.2534,326,S0_baseline,indonesia,USDC
867,0.901379835744397,2929361817834.121,326,S0_baseline,indonesia,USDC
868,0.9239167733473743,2929361036378.2266,326,S0_baseline,indonesia,USDC
869,0.9303612559139521,2929360562025.252,326,S0_baseline,indonesia,USDC
870,0.9483790654535277,2929360185413.5776,326,S0_baseline,indonesia,USDC
871,0.9689288936768774,2929359992108.728,326,S0_baseline,indonesia,USDC
872,0.957407734630554,2929359981926.848,326,S0_baseline,indonesia,USDC
873,0.9749179035262368,2929359862357.622,326,S0_baseline,indonesia,USDC
874,0.9819379026247032,2929359862357.622,326,S0_baseline,indonesia,USDC
875,0.9879702448792969,2929359862357.622,326,S0_baseline,indonesia,USDC
876,1.003682765653692,2929359862357.622,326,S0_baseline,indonesia,USDC
877,1.0061060763301533,2929359862357.622,326,S0_baseline,indonesia,USDC
878,0.9926018247021516,2929359862357.622,326,S0_baseline,indonesia,USDC
879,1.0065884136973793,2929359862357.622,326,S0_baseline,indonesia,USDC
880,1.0142522263497549,2929359862357.622,326,S0_baseline,indonesia,USDC
881,1.0332370709722931,2929359862357.622,326,S0_baseline,indonesia,USDC
882,0.9891843734090915,2929359862357.622,326,S0_baseline,indonesia,USDC
883,0.9805518507823996,2929359862357.622,326,S0_baseline,indonesia,USDC
884,0.988360826090471,2929359862357.622,326,S0_baseline,indonesia,USDC
885,0.9887578871027167,2929359862357.622,326,S0_baseline,indonesia,USDC
886,0.9889328783589405,2929359862357.622,326,S0_baseline,indonesia,USDC
887,0.9779390159954657,2929359862357.622,326,S0_baseline,indonesia,USDC
888,1.0130135182700475,2929359862357.622,326,S0_baseline,indonesia,USDC
889,1.016660464713794,2929359862357.622,326,S0_baseline,indonesia,USDC
890,1.0184573257083422,2929359862357.622,326,S0_baseline,indonesia,USDC
891,1.0109102510062735,2929359862357.622,326,S0_baseline,indonesia,USDC
892,0.9876415918890762,2929359862357.622,326,S0_baseline,indonesia,USDC
893,0.9780308260957147,2929359862357.622,326,S0_baseline,indonesia,USDC
894,0.994390527824988,2929359862357.622,326,S0_baseline,indonesia,USDC
895,1.0294025360930827,2929359862357.622,326,S0_baseline,indonesia,USDC
896,0.9981736558492893,2929359862357.622,326,S0_baseline,indonesia,USDC
897,0.9982345881212327,2929359862357.622,326,S0_baseline,indonesia,USDC
898,0.9888261300326997,2929359862357.622,326,S0_baseline,indonesia,USDC
899,0.9927663572786876,2929359862357.622,326,S0_baseline,indonesia,USDC
900,0.981083798581383,2929359862357.622,326,S0_baseline,indonesia,USDC
901,0.9661619873827734,2929359862357.622,326,S0_baseline,indonesia,USDC
902,0.9648148572041586,2929359826387.0664,326,S0_baseline,indonesia,USDC
903,0.9356937332508455,2929359777983.241,326,S0_baseline,indonesia,USDC
904,0.9369885965456648,2929359479405.4023,326,S0_baseline,indonesia,USDC
905,0.9818723125866744,2929359201983.004,326,S0_baseline,indonesia,USDC
906,0.9997308978762458,2929359201983.004,326,S0_baseline,indonesia,USDC
907,1.0028677912201036,2929359201983.004,326,S0_baseline,indonesia,USDC
908,1.0018913828578035,2929359201983.004,326,S0_baseline,indonesia,USDC
909,0.9875792787696117,2929359201983.004,326,S0_baseline,indonesia,USDC
910,0.9767562736382654,2929359201983.004,326,S0_baseline,indonesia,USDC
911,0.9782804234657347,2929359201983.004,326,S0_baseline,indonesia,USDC
912,0.9632562700167298,2929359201983.004,326,S0_baseline,indonesia,USDC
913,0.9688605499719344,2929359154069.833,326,S0_baseline,indonesia,USDC
914,0.9492006055334159,2929359150717.624,326,S0_baseline,indonesia,USDC
915,0.9661329569945243,2929358978274.616,326,S0_baseline,indonesia,USDC
916,0.9358464592553725,2929358959883.546,326,S0_baseline,indonesia,USDC
917,0.9526760847892264,2929358698644.843,326,S0_baseline,indonesia,USDC
918,0.9288253806251776,2929358570016.927,326,S0_baseline,indonesia,USDC
919,0.9495080807582125,2929358248411.5605,326,S0_baseline,indonesia,USDC
920,0.9513067860690431,2929358109913.668,326,S0_baseline,indonesia,USDC
921,0.939593193810263,2929357986908.941,326,S0_baseline,indonesia,USDC
922,0.9404206567343928,2929357768353.3604,326,S0_baseline,indonesia,USDC
923,0.9246093596370177,2929357554985.2676,326,S0_baseline,indonesia,USDC
924,0.9063397478870276,2929357263910.1943,326,S0_baseline,indonesia,USDC
925,0.8836247574286741,2929356837808.51,326,S0_baseline,indonesia,USDC
926,0.9198745969919353,2929356309625.734,326,S0_baseline,indonesia,USDC
927,0.9151948203861326,2929356046305.1978,326,S0_baseline,indonesia,USDC
928,0.910235708404156,2929355771327.693,326,S0_baseline,indonesia,USDC
929,0.9326465125916246,2929355463265.1133,326,S0_baseline,indonesia,USDC
930,0.9588289367498465,2929355282584.955,326,S0_baseline,indonesia,USDC
931,0.9567757048883391,2929355233806.0063,326,S0_baseline,indonesia,USDC
932,0.9437539854871554,2929355179608.427,326,S0_baseline,indonesia,USDC
933,0.9622558823538232,2929355068873.118,326,S0_baseline,indonesia,USDC
934,0.9710229911118202,2929355034563.2217,326,S0_baseline,indonesia,USDC
935,0.9555458594708374,2929355034563.2217,326,S0_baseline,indonesia,USDC
936,0.9680870450111543,2929354971036.1875,326,S0_baseline,indonesia,USDC
937,0.9831002143306117,2929354969662.3794,326,S0_baseline,indonesia,USDC
938,0.931884207811476,2929354969662.3794,326,S0_baseline,indonesia,USDC
939,0.945182947272221,2929354804690.8633,326,S0_baseline,indonesia,USDC
940,0.9517117244388388,2929354709124.151,326,S0_baseline,indonesia,USDC
941,0.9667577185292735,2929354638217.6904,326,S0_baseline,indonesia,USDC
942,0.9469487973846781,2929354627472.603,326,S0_baseline,indonesia,USDC
943,0.9391521687541323,2929354546379.96,326,S0_baseline,indonesia,USDC
944,0.9606045167746986,2929354426326.573,326,S0_baseline,indonesia,USDC
945,0.9908070282885475,2929354395898.149,326,S0_baseline,indonesia,USDC
946,0.9952939274821458,2929354395898.149,326,S0_baseline,indonesia,USDC
947,0.9842163572422463,2929354395898.149,326,S0_baseline,indonesia,USDC
948,1.0204822821614008,2929354395898.149,326,S0_baseline,indonesia,USDC
949,1.0643621759337694,2929354395898.149,326,S0_baseline,indonesia,USDC
950,1.010141962097869,2929354395898.149,326,S0_baseline,indonesia,USDC
951,1.0143836622481786,2929354395898.149,326,S0_baseline,indonesia,USDC
952,0.9830145131570865,2929354395898.149,326,S0_baseline,indonesia,USDC
953,0.9803591268110166,2929354395898.149,326,S0_baseline,indonesia,USDC
954,0.954689469809701,2929354395898.149,326,S0_baseline,indonesia,USDC
955,0.9478420998625895,2929354344364.9805,326,S0_baseline,indonesia,USDC
956,0.9603017181060284,2929354269182.8916,326,S0_baseline,indonesia,USDC
957,0.9666587548084985,2929354236566.7114,326,S0_baseline,indonesia,USDC
958,0.9348404150410015,2929354230585.8633,326,S0_baseline,indonesia,USDC
959,0.9417716348019366,2929354109021.8955,326,S0_baseline,indonesia,USDC
960,0.9714591278847827,2929354015194.8916,326,S0_baseline,indonesia,USDC
961,0.9544614512521871,2929354015194.8916,326,S0_baseline,indonesia,USDC
962,0.9610292473874134,2929353968341.1836,326,S0_baseline,indonesia,USDC
963,0.9488403116443406,2929353943072.5547,326,S0_baseline,indonesia,USDC
964,0.9293500438669083,2929353879395.414,326,S0_baseline,indonesia,USDC
965,0.958710081245165,2929353756722.0786,326,S0_baseline,indonesia,USDC
966,0.9528339284628696,2929353721974.9473,326,S0_baseline,indonesia,USDC
967,0.9717600068190216,2929353669757.6226,326,S0_baseline,indonesia,USDC
968,0.9490919867539016,2929353669757.6226,326,S0_baseline,indonesia,USDC
969,0.9868662597301073,2929353612296.275,326,S0_baseline,indonesia,USDC
970,0.96653374427145,2929353612296.275,326,S0_baseline,indonesia,USDC
971,0.9495461650461625,2929353607045.067,326,S0_baseline,indonesia,USDC
972,0.9849194190021213,2929353552190.6733,326,S0_baseline,indonesia,USDC
973,1.006774132342944,2929353552190.6733,326,S0_baseline,indonesia,USDC
974,1.010744783476571,2929353552190.6733,326,S0_baseline,indonesia,USDC
975,1.0185255307844017,2929353552190.6733,326,S0_baseline,indonesia,USDC
976,1.0282005295754608,2929353552190.6733,326,S0_baseline,indonesia,USDC
977,1.0389844110634052,2929353552190.6733,326,S0_baseline,indonesia,USDC
978,1.0157512871660237,2929353552190.6733,326,S0_baseline,indonesia,USDC
979,1.0391668123548454,2929353552190.6733,326,S0_baseline,indonesia,USDC
980,1.0327437657482585,2929353552190.6733,326,S0_baseline,indonesia,USDC
981,1.0183981080805087,2929353552190.6733,326,S0_baseline,indonesia,USDC
982,1.014835394940522,2929353552190.6733,326,S0_baseline,indonesia,USDC
983,1.000201384054606,2929353552190.6733,326,S0_baseline,indonesia,USDC
984,1.008407543914621,2929353552190.6733,326,S0_baseline,indonesia,USDC
985,0.9774093753021907,2929353552190.6733,326,S0_baseline,indonesia,USDC
986,0.9980118981833418,2929353552190.6733,326,S0_baseline,indonesia,USDC
987,1.0102837060940357,2929353552190.6733,326,S0_baseline,indonesia,USDC
988,1.0002575978919048,2929353552190.6733,326,S0_baseline,indonesia,USDC
989,1.0308723148483212,2929353552190.6733,326,S0_baseline,indonesia,USDC
990,1.0318351055833626,2929353552190.6733,326,S0_baseline,indonesia,USDC
991,1.0273641458068188,2929353552190.6733,326,S0_baseline,indonesia,USDC
992,0.9732911363461472,2929353552190.6733,326,S0_baseline,indonesia,USDC
993,1.0168633940976046,2929353552190.6733,326,S0_baseline,indonesia,USDC
994,1.0046701699356897,2929353552190.6733,326,S0_baseline,indonesia,USDC
995,0.9939447213958301,2929353552190.6733,326,S0_baseline,indonesia,USDC
996,0.9864208805387338,2929353552190.6733,326,S0_baseline,indonesia,USDC
997,0.9754040545403007,2929353552190.6733,326,S0_baseline,indonesia,USDC
998,1.0044854201758902,2929353552190.6733,326,S0_baseline,indonesia,USDC
999,1.0097306892078504,2929353552190.6733,326,S0_baseline,indonesia,USDC
1000,0.9987485372105971,2929353552190.6733,326,S0_baseline,indonesia,USDC
