Step,price,liquidity,iteration,scenario,region,coin
1,1.0100901671841864,2989742863360.6655,364,S0_baseline,indonesia,USDC
2,0.9931030704175153,2989742863360.6655,364,S0_baseline,indonesia,USDC
3,0.984879374102447,2989742863360.6655,364,S0_baseline,indonesia,USDC
4,0.9947591172363105,2989742863360.6655,364,S0_baseline,indonesia,USDC
5,0.9843540842114711,2989742863360.6655,364,S0_baseline,indonesia,USDC
6,0.956690709615681,2989742863360.6655,364,S0_baseline,indonesia,USDC
7,0.9620750895878848,2988930770473.5903,364,S0_baseline,indonesia,USDC
8,0.9767839671496743,2988457053742.301,364,S0_baseline,indonesia,USDC
9,0.9661360336074007,2988457053742.301,364,S0_baseline,indonesia,USDC
10,0.9385453132168506,2988249841086.8174,364,S0_baseline,indonesia,USDC
11,0.9467965180186442,2986368959386.957,364,S0_baseline,indonesia,USDC
12,0.9451127323970118,2985028519205.896,364,S0_baseline,indonesia,USDC
13,0.9578519210867217,2983653861276.0117,364,S0_baseline,indonesia,USDC
14,0.975560605414285,2982978691114.188,364,S0_baseline,indonesia,USDC
15,0.9966119820984422,2982978691114.188,364,S0_baseline,indonesia,USDC
16,1.0126165816969201,2982978691114.188,364,S0_baseline,indonesia,USDC
17,1.0358363670162511,2982978691114.188,364,S0_baseline,indonesia,USDC
18,1.0131098330965114,2982978691114.188,364,S0_baseline,indonesia,USDC
19,1.0192931677160006,2982978691114.188,364,S0_baseline,indonesia,USDC
20,0.9967083192600341,2982978691114.188,364,S0_baseline,indonesia,USDC
21,1.0161188941321562,2982978691114.188,364,S0_baseline,indonesia,USDC
22,1.0110343044478938,2982978691114.188,364,S0_baseline,indonesia,USDC
23,1.0091816935589193,2982978691114.188,364,S0_baseline,indonesia,USDC
24,1.0384495343543696,2982978691114.188,364,S0_baseline,indonesia,USDC
25,1.0194551238792224,2982978691114.188,364,S0_baseline,indonesia,USDC
26,1.02605546352699,2982978691114.188,364,S0_baseline,indonesia,USDC
27,1.0647302250080903,2982978691114.188,364,S0_baseline,indonesia,USDC
28,1.067256183252871,2982978691114.188,364,S0_baseline,indonesia,USDC
29,1.087435298931204,2982978691114.188,364,S0_baseline,indonesia,USDC
30,1.0623670307310307,2982978691114.188,364,S0_baseline,indonesia,USDC
31,0.9305337959843742,2982978691114.188,364,S0_baseline,indonesia,USDC
32,0.9399848067566442,2980879426645.4585,364,S0_baseline,indonesia,USDC
33,0.9517719612374675,2979297082492.0625,364,S0_baseline,indonesia,USDC
34,0.9657202547746448,2978365869886.7285,364,S0_baseline,indonesia,USDC
35,0.9493280581986189,2978162272849.466,364,S0_baseline,indonesia,USDC
36,0.9815652841866022,2977179544858.379,364,S0_baseline,indonesia,USDC
37,0.972528733955327,2977179544858.379,364,S0_baseline,indonesia,USDC
38,0.9725882146293766,2977179544858.379,364,S0_baseline,indonesia,USDC
39,0.9788638287171773,2977179544858.379,364,S0_baseline,indonesia,USDC
40,0.992952560458217,2977179544858.379,364,S0_baseline,indonesia,USDC
41,0.9919939520521945,2977179544858.379,364,S0_baseline,indonesia,USDC
42,1.0048056673741468,2977179544858.379,364,S0_baseline,indonesia,USDC
43,1.0298458927212424,2977179544858.379,364,S0_baseline,indonesia,USDC
44,1.0040224519820464,2977179544858.379,364,S0_baseline,indonesia,USDC
45,1.0011551635332019,2977179544858.379,364,S0_baseline,indonesia,USDC
46,0.9957272873926378,2977179544858.379,364,S0_baseline,indonesia,USDC
47,0.9825042119488588,2977179544858.379,364,S0_baseline,indonesia,USDC
48,0.9664934061014259,2977179544858.379,364,S0_baseline,indonesia,USDC
49,0.9769787850668792,2977008059107.958,364,S0_baseline,indonesia,USDC
50,0.9377078551870328,2977008059107.958,364,S0_baseline,indonesia,USDC
51,0.9402465723761492,2975455047182.055,364,S0_baseline,indonesia,USDC
52,0.9748990683631824,2974111711305.884,364,S0_baseline,indonesia,USDC
53,0.9746894811680202,2974111711305.884,364,S0_baseline,indonesia,USDC
54,0.9809913796434531,2974111711305.884,364,S0_baseline,indonesia,USDC
55,0.9796706399684431,2974111711305.884,364,S0_baseline,indonesia,USDC
56,1.0123075944242872,2974111711305.884,364,S0_baseline,indonesia,USDC
57,0.9408101147977956,2974111711305.884,364,S0_baseline,indonesia,USDC
58,0.9820797379771844,2972795958343.0493,364,S0_baseline,indonesia,USDC
59,0.9766888850937913,2972795958343.0493,364,S0_baseline,indonesia,USDC
60,1.0008010892880226,2972795958343.0493,364,S0_baseline,indonesia,USDC
61,0.9961677504838747,2972795958343.0493,364,S0_baseline,indonesia,USDC
62,0.9914391873320274,2972795958343.0493,364,S0_baseline,indonesia,USDC
63,0.9884828414451434,2972795958343.0493,364,S0_baseline,indonesia,USDC
64,0.9974982117539083,2972795958343.0493,364,S0_baseline,indonesia,USDC
65,0.9845746713822864,2972795958343.0493,364,S0_baseline,indonesia,USDC
66,0.9791510605968249,2972795958343.0493,364,S0_baseline,indonesia,USDC
67,0.9654819463988716,2972795958343.0493,364,S0_baseline,indonesia,USDC
68,0.9650920376936231,2972618058448.9307,364,S0_baseline,indonesia,USDC
69,0.9336701673378861,2972424279722.51,364,S0_baseline,indonesia,USDC
70,0.9644455266999791,2970825714037.76,364,S0_baseline,indonesia,USDC
71,0.9826531562923794,2970590462906.652,364,S0_baseline,indonesia,USDC
72,0.9687554984169541,2970590462906.652,364,S0_baseline,indonesia,USDC
73,0.9845000853755226,2970538055790.88,364,S0_baseline,indonesia,USDC
74,1.0442949733637095,2970538055790.88,364,S0_baseline,indonesia,USDC
75,1.0306515780930015,2970538055790.88,364,S0_baseline,indonesia,USDC
76,1.0295746093901654,2970538055790.88,364,S0_baseline,indonesia,USDC
77,1.054376980296773,2970538055790.88,364,S0_baseline,indonesia,USDC
78,1.037191063748063,2970538055790.88,364,S0_baseline,indonesia,USDC
79,1.0628527618480839,2970538055790.88,364,S0_baseline,indonesia,USDC
80,1.0969564497894733,2970538055790.88,364,S0_baseline,indonesia,USDC
81,1.1231633458237904,2970538055790.88,364,S0_baseline,indonesia,USDC
82,1.1132123903661924,2970538055790.88,364,S0_baseline,indonesia,USDC
83,1.1261712080281747,2970538055790.88,364,S0_baseline,indonesia,USDC
84,1.1089125537078266,2970538055790.88,364,S0_baseline,indonesia,USDC
85,1.086309479371265,2970538055790.88,364,S0_baseline,indonesia,USDC
86,1.0541749352138294,2970538055790.88,364,S0_baseline,indonesia,USDC
87,1.035156878918768,2970538055790.88,364,S0_baseline,indonesia,USDC
88,1.061297043164062,2970538055790.88,364,S0_baseline,indonesia,USDC
89,1.0463062136617736,2970538055790.88,364,S0_baseline,indonesia,USDC
90,1.0327462923493087,2970538055790.88,364,S0_baseline,indonesia,USDC
91,1.0487082727333579,2970538055790.88,364,S0_baseline,indonesia,USDC
92,1.0134083663858324,2970538055790.88,364,S0_baseline,indonesia,USDC
93,1.0303385679220487,2970538055790.88,364,S0_baseline,indonesia,USDC
94,1.0219790578084742,2970538055790.88,364,S0_baseline,indonesia,USDC
95,1.034376020831194,2970538055790.88,364,S0_baseline,indonesia,USDC
96,1.0330105022914406,2970538055790.88,364,S0_baseline,indonesia,USDC
97,1.0370810669171455,2970538055790.88,364,S0_baseline,indonesia,USDC
98,1.0176353570315069,2970538055790.88,364,S0_baseline,indonesia,USDC
99,1.0498545200707352,2970538055790.88,364,S0_baseline,indonesia,USDC
100,0.962547924368492,2970538055790.88,364,S0_baseline,indonesia,USDC
101,0.965748341100502,2970299327523.0806,364,S0_baseline,indonesia,USDC
102,0.9769354240205376,2970190735147.1733,364,S0_baseline,indonesia,USDC
103,0.9717743519257503,2970190735147.1733,364,S0_baseline,indonesia,USDC
104,0.9532857701019213,2970190735147.1733,364,S0_baseline,indonesia,USDC
105,0.9581098311381783,2969493771200.8564,364,S0_baseline,indonesia,USDC
106,0.9740756641676056,2969063732399.4434,364,S0_baseline,indonesia,USDC
107,0.9966037624361958,2969063732399.4434,364,S0_baseline,indonesia,USDC
108,1.0075687636303008,2969063732399.4434,364,S0_baseline,indonesia,USDC
109,1.0177133629662185,2969063732399.4434,364,S0_baseline,indonesia,USDC
110,0.8606008374001561,2969063732399.4434,364,S0_baseline,indonesia,USDC
111,0.8660513801566531,2964629020909.196,364,S0_baseline,indonesia,USDC
112,0.8616672055182933,2961050935381.523,364,S0_baseline,indonesia,USDC
113,0.8919230850259996,2957628931351.8784,364,S0_baseline,indonesia,USDC
114,0.8985516964051856,2955436035304.3105,364,S0_baseline,indonesia,USDC
115,0.8944666621243318,2953588419767.0684,364,S0_baseline,indonesia,USDC
116,0.8950948382507615,2951774392278.331,364,S0_baseline,indonesia,USDC
117,0.8895168413758543,2950192212709.335,364,S0_baseline,indonesia,USDC
118,0.8933550290154615,2948534465640.507,364,S0_baseline,indonesia,USDC
119,0.8827969151612147,2947152939539.994,364,S0_baseline,indonesia,USDC
120,0.8819990953972078,2945587772168.741,364,S0_baseline,indonesia,USDC
121,0.9297349227160912,2944150281129.0923,364,S0_baseline,indonesia,USDC
122,0.9530818050436942,2943586866674.174,364,S0_baseline,indonesia,USDC
123,0.9639196807736304,2943345407347.335,364,S0_baseline,indonesia,USDC
124,1.004355095575869,2943268582237.3984,364,S0_baseline,indonesia,USDC
125,1.016628822491894,2943268582237.3984,364,S0_baseline,indonesia,USDC
126,0.9993199387547204,2943268582237.3984,364,S0_baseline,indonesia,USDC
127,0.9770320825574144,2943268582237.3984,364,S0_baseline,indonesia,USDC
128,0.9783556045011114,2943268582237.3984,364,S0_baseline,indonesia,USDC
129,1.0092107572794946,2943268582237.3984,364,S0_baseline,indonesia,USDC
130,0.9967938297897484,2943268582237.3984,364,S0_baseline,indonesia,USDC
131,0.9672546234935412,2943268582237.3984,364,S0_baseline,indonesia,USDC
132,0.9605254551334524,2943230300597.3604,364,S0_baseline,indonesia,USDC
133,0.9376978884209876,2943116924555.5166,364,S0_baseline,indonesia,USDC
134,0.9415401798874476,2942700311680.772,364,S0_baseline,indonesia,USDC
135,0.9478624086466577,2942346312990.643,364,S0_baseline,indonesia,USDC
136,0.9659090127794058,2942058673797.2915,364,S0_baseline,indonesia,USDC
137,0.9695841421684963,2942021123790.25,364,S0_baseline,indonesia,USDC
138,1.0086355342397892,2942015859861.635,364,S0_baseline,indonesia,USDC
139,0.9932794930784565,2942015859861.635,364,S0_baseline,indonesia,USDC
140,0.9484798932278433,2942015859861.635,364,S0_baseline,indonesia,USDC
141,0.9222532547848975,2941754480962.0396,364,S0_baseline,indonesia,USDC
142,0.941680511155714,2941179396866.651,364,S0_baseline,indonesia,USDC
143,0.9545154243524134,2940845503275.888,364,S0_baseline,indonesia,USDC
144,0.944031017705211,2940685748084.8574,364,S0_baseline,indonesia,USDC
145,0.9475287030344942,2940424353782.19,364,S0_baseline,indonesia,USDC
146,0.9738952013201823,2940196115441.986,364,S0_baseline,indonesia,USDC
147,0.9560892195397106,2940196115441.986,364,S0_baseline,indonesia,USDC
148,0.9564105430582566,2940046205241.1616,364,S0_baseline,indonesia,USDC
149,0.9560669987417157,2939909669177.2617,364,S0_baseline,indonesia,USDC
150,0.9682617638361786,2939778877496.3647,364,S0_baseline,indonesia,USDC
151,0.9538671768161525,2939771821639.294,364,S0_baseline,indonesia,USDC
152,0.9469461104349911,2939612853900.427,364,S0_baseline,indonesia,USDC
153,0.9412701511843441,2939405266681.348,364,S0_baseline,indonesia,USDC
154,0.9603502353603506,2939119081746.7095,364,S0_baseline,indonesia,USDC
155,0.9589830722829555,2939032108334.34,364,S0_baseline,indonesia,USDC
156,0.9431460679820598,2938926604272.0503,364,S0_baseline,indonesia,USDC
157,0.9551675301057171,2938672357309.0557,364,S0_baseline,indonesia,USDC
158,0.9647341640519123,2938542770728.2246,364,S0_baseline,indonesia,USDC
159,0.9858123143826774,2938494998698.7856,364,S0_baseline,indonesia,USDC
160,0.9459737004221861,2938494998698.7856,364,S0_baseline,indonesia,USDC
161,0.9655113122704928,2938286442653.457,364,S0_baseline,indonesia,USDC
162,0.966950191183358,2938246907128.16,364,S0_baseline,indonesia,USDC
163,0.9601072547807415,2938224932773.788,364,S0_baseline,indonesia,USDC
164,0.9570842945861807,2938138426638.081,364,S0_baseline,indonesia,USDC
165,0.9797966266714309,2938032751930.7583,364,S0_baseline,indonesia,USDC
166,1.0103941426142171,2938032751930.7583,364,S0_baseline,indonesia,USDC
167,0.9929061760458251,2938032751930.7583,364,S0_baseline,indonesia,USDC
168,0.968652966535364,2938032751930.7583,364,S0_baseline,indonesia,USDC
169,0.9724531695491497,2938021239809.8076,364,S0_baseline,indonesia,USDC
170,0.96909181124055,2938021239809.8076,364,S0_baseline,indonesia,USDC
171,0.9735663680515565,2938013488955.748,364,S0_baseline,indonesia,USDC
172,0.9550439653232052,2938013488955.748,364,S0_baseline,indonesia,USDC
173,0.9588337767000852,2937885967550.3887,364,S0_baseline,indonesia,USDC
174,0.9854264899934481,2937803810513.514,364,S0_baseline,indonesia,USDC
175,0.9996746736932968,2937803810513.514,364,S0_baseline,indonesia,USDC
176,0.9749847502921775,2937803810513.514,364,S0_baseline,indonesia,USDC
177,0.9711403919014184,2937803810513.514,364,S0_baseline,indonesia,USDC
178,0.9778513784841567,2937803810513.514,364,S0_baseline,indonesia,USDC
179,0.9646154503648152,2937803810513.514,364,S0_baseline,indonesia,USDC
180,0.9633230867457022,2937773766265.247,364,S0_baseline,indonesia,USDC
181,0.9962776838694885,2937728536473.2456,364,S0_baseline,indonesia,USDC
182,0.9660700799271008,2937728536473.2456,364,S0_baseline,indonesia,USDC
183,0.9836728835043879,2937696182806.173,364,S0_baseline,indonesia,USDC
184,0.9843609773875667,2937696182806.173,364,S0_baseline,indonesia,USDC
185,0.9842525267768724,2937696182806.173,364,S0_baseline,indonesia,USDC
186,1.0143096769204152,2937696182806.173,364,S0_baseline,indonesia,USDC
187,1.033638238793412,2937696182806.173,364,S0_baseline,indonesia,USDC
188,1.0225348583690892,2937696182806.173,364,S0_baseline,indonesia,USDC
189,1.000660287141326,2937696182806.173,364,S0_baseline,indonesia,USDC
190,1.026454279032733,2937696182806.173,364,S0_baseline,indonesia,USDC
191,1.0098538338398706,2937696182806.173,364,S0_baseline,indonesia,USDC
192,0.9834276397670413,2937696182806.173,364,S0_baseline,indonesia,USDC
193,0.9817376931281849,2937696182806.173,364,S0_baseline,indonesia,USDC
194,0.9578779261655678,2937696182806.173,364,S0_baseline,indonesia,USDC
195,0.9649816832532299,2937596790305.6084,364,S0_baseline,indonesia,USDC
196,0.9646981990875088,2937556157838.4795,364,S0_baseline,indonesia,USDC
197,0.9582336624510541,2937513452135.6006,364,S0_baseline,indonesia,USDC
198,0.9479927060691132,2937435922322.411,364,S0_baseline,indonesia,USDC
199,0.9521373642827131,2937268176299.4653,364,S0_baseline,indonesia,USDC
200,0.9879420284182585,2937141986876.3047,364,S0_baseline,indonesia,USDC
201,0.9768860054258975,2937141986876.3047,364,S0_baseline,indonesia,USDC
202,0.9357068112400209,2937141986876.3047,364,S0_baseline,indonesia,USDC
203,0.9464143182611622,2936896777445.0747,364,S0_baseline,indonesia,USDC
204,0.9414751757079091,2936729363086.4233,364,S0_baseline,indonesia,USDC
205,0.9744329966806079,2936523910841.9966,364,S0_baseline,indonesia,USDC
206,0.9811310830747036,2936523910841.9966,364,S0_baseline,indonesia,USDC
207,0.9948611442524851,2936523910841.9966,364,S0_baseline,indonesia,USDC
208,0.9937232444507638,2936523910841.9966,364,S0_baseline,indonesia,USDC
209,0.9842788316461053,2936523910841.9966,364,S0_baseline,indonesia,USDC
210,0.9896535120626977,2936523910841.9966,364,S0_baseline,indonesia,USDC
211,1.0133172422045518,2936523910841.9966,364,S0_baseline,indonesia,USDC
212,0.9936413994155066,2936523910841.9966,364,S0_baseline,indonesia,USDC
213,0.9908757433239969,2936523910841.9966,364,S0_baseline,indonesia,USDC
214,1.015027689896273,2936523910841.9966,364,S0_baseline,indonesia,USDC
215,0.9995211057450738,2936523910841.9966,364,S0_baseline,indonesia,USDC
216,0.986860359473801,2936523910841.9966,364,S0_baseline,indonesia,USDC
217,0.9884562638100848,2936523910841.9966,364,S0_baseline,indonesia,USDC
218,1.0134351869079479,2936523910841.9966,364,S0_baseline,indonesia,USDC
219,1.0307371256308229,2936523910841.9966,364,S0_baseline,indonesia,USDC
220,1.039365489795212,2936523910841.9966,364,S0_baseline,indonesia,USDC
221,0.9971068017709274,2936523910841.9966,364,S0_baseline,indonesia,USDC
222,1.0165302444609208,2936523910841.9966,364,S0_baseline,indonesia,USDC
223,1.0068714091137585,2936523910841.9966,364,S0_baseline,indonesia,USDC
224,1.0346649753743669,2936523910841.9966,364,S0_baseline,indonesia,USDC
225,1.048101880545006,2936523910841.9966,364,S0_baseline,indonesia,USDC
226,1.0556591848096637,2936523910841.9966,364,S0_baseline,indonesia,USDC
227,1.0405764809764613,2936523910841.9966,364,S0_baseline,indonesia,USDC
228,1.0474284909818057,2936523910841.9966,364,S0_baseline,indonesia,USDC
229,1.0453470973553871,2936523910841.9966,364,S0_baseline,indonesia,USDC
230,1.0559356826021766,2936523910841.9966,364,S0_baseline,indonesia,USDC
231,1.0538465886056365,2936523910841.9966,364,S0_baseline,indonesia,USDC
232,1.0529490401989658,2936523910841.9966,364,S0_baseline,indonesia,USDC
233,1.050388309796852,2936523910841.9966,364,S0_baseline,indonesia,USDC
234,1.0414270162359034,2936523910841.9966,364,S0_baseline,indonesia,USDC
235,1.0478524772335878,2936523910841.9966,364,S0_baseline,indonesia,USDC
236,1.063298072790178,2936523910841.9966,364,S0_baseline,indonesia,USDC
237,1.0202863459714189,2936523910841.9966,364,S0_baseline,indonesia,USDC
238,1.041442618782697,2936523910841.9966,364,S0_baseline,indonesia,USDC
239,1.0555523786734198,2936523910841.9966,364,S0_baseline,indonesia,USDC
240,1.0157578750542318,2936523910841.9966,364,S0_baseline,indonesia,USDC
241,1.0072880472512442,2936523910841.9966,364,S0_baseline,indonesia,USDC
242,0.9971788877226018,2936523910841.9966,364,S0_baseline,indonesia,USDC
243,0.9897612788453465,2936523910841.9966,364,S0_baseline,indonesia,USDC
244,0.9998746677244064,2936523910841.9966,364,S0_baseline,indonesia,USDC
245,1.0030749810883595,2936523910841.9966,364,S0_baseline,indonesia,USDC
246,1.0215167540394314,2936523910841.9966,364,S0_baseline,indonesia,USDC
247,1.0159540419692523,2936523910841.9966,364,S0_baseline,indonesia,USDC
248,1.011917171097674,2936523910841.9966,364,S0_baseline,indonesia,USDC
249,1.037115069011888,2936523910841.9966,364,S0_baseline,indonesia,USDC
250,1.0171885016133648,2936523910841.9966,364,S0_baseline,indonesia,USDC
251,0.985382246874839,2936523910841.9966,364,S0_baseline,indonesia,USDC
252,0.9381901566441792,2936523910841.9966,364,S0_baseline,indonesia,USDC
253,0.9352026027141849,2936315982890.6978,364,S0_baseline,indonesia,USDC
254,0.9264890752179067,2936102136086.7656,364,S0_baseline,indonesia,USDC
255,0.9345080508706572,2935832991820.025,364,S0_baseline,indonesia,USDC
256,0.9384902263886281,2935616961379.3574,364,S0_baseline,indonesia,USDC
257,0.9648390174178018,2935438621311.1157,364,S0_baseline,indonesia,USDC
258,0.9562264180099476,2935411716993.3926,364,S0_baseline,indonesia,USDC
259,0.922251896225046,2935344012747.1704,364,S0_baseline,indonesia,USDC
260,0.7798485177536242,2935090744370.9043,364,S0_baseline,indonesia,USDC
261,0.7913754054253072,2934082545937.2227,364,S0_baseline,indonesia,USDC
262,0.8046713935695908,2933283397441.532,364,S0_baseline,indonesia,USDC
263,0.8292539395499227,2932703777339.7246,364,S0_baseline,indonesia,USDC
264,0.832519512989559,2932282877336.5806,364,S0_baseline,indonesia,USDC
265,0.8464780866267553,2931930057972.4365,364,S0_baseline,indonesia,USDC
266,0.845691836471334,2931651535845.256,364,S0_baseline,indonesia,USDC
267,0.8607458276123066,2931417042073.9463,364,S0_baseline,indonesia,USDC
268,0.8745642956214147,2931240491361.379,364,S0_baseline,indonesia,USDC
269,0.8830206170888585,2931099610375.625,364,S0_baseline,indonesia,USDC
270,0.900056913526327,2930983427919.3916,364,S0_baseline,indonesia,USDC
271,0.9452215733634979,2930898242778.3496,364,S0_baseline,indonesia,USDC
272,0.9445549502300213,2930871991241.4375,364,S0_baseline,indonesia,USDC
273,0.9617644568996224,2930844504417.1826,364,S0_baseline,indonesia,USDC
274,0.9732406186191022,2930836587410.8477,364,S0_baseline,indonesia,USDC
275,0.9601792628770677,2930836587410.8477,364,S0_baseline,indonesia,USDC
276,0.9507656166407135,2930827000027.1904,364,S0_baseline,indonesia,USDC
277,0.9341521936483198,2930808253779.5146,364,S0_baseline,indonesia,USDC
278,0.9465125071103325,2930768880677.0156,364,S0_baseline,indonesia,USDC
279,0.9699260795598891,2930744036785.8584,364,S0_baseline,indonesia,USDC
280,0.9981011265584562,2930743960489.797,364,S0_baseline,indonesia,USDC
281,1.0128625668117819,2930743960489.797,364,S0_baseline,indonesia,USDC
282,0.9878455823440423,2930743960489.797,364,S0_baseline,indonesia,USDC
283,0.9782863056685908,2930743960489.797,364,S0_baseline,indonesia,USDC
284,0.9564245688385133,2930743960489.797,364,S0_baseline,indonesia,USDC
285,0.9491272213480263,2930731452268.1753,364,S0_baseline,indonesia,USDC
286,0.9569053491584645,2930711914362.278,364,S0_baseline,indonesia,USDC
287,0.9612742909671185,2930698832522.573,364,S0_baseline,indonesia,USDC
288,0.9493445878312917,2930691508453.4937,364,S0_baseline,indonesia,USDC
289,0.9408817938317213,2930673784788.56,364,S0_baseline,indonesia,USDC
290,0.9243625789542721,2930646779200.7266,364,S0_baseline,indonesia,USDC
291,0.9340139423520499,2930606583823.089,364,S0_baseline,indonesia,USDC
292,0.9121052777190636,2930574540633.034,364,S0_baseline,indonesia,USDC
293,0.9008489640057185,2930528669785.0273,364,S0_baseline,indonesia,USDC
294,0.9140527659076276,2930475312023.4917,364,S0_baseline,indonesia,USDC
295,0.9253693037379325,2930436311116.311,364,S0_baseline,indonesia,USDC
296,0.9302088524143406,2930406184312.3555,364,S0_baseline,indonesia,USDC
297,0.9504031962147275,2930379776346.0557,364,S0_baseline,indonesia,USDC
298,0.9452358346237997,2930366908862.7534,364,S0_baseline,indonesia,USDC
299,0.9445383233591319,2930351561170.7153,364,S0_baseline,indonesia,USDC
300,0.9367654444385165,2930337323545.1943,364,S0_baseline,indonesia,USDC
301,0.9217947580843974,2930318252496.1924,364,S0_baseline,indonesia,USDC
302,0.9471189197982706,2930291195140.3896,364,S0_baseline,indonesia,USDC
303,0.9400519150490672,2930278763342.8057,364,S0_baseline,indonesia,USDC
304,0.9388881504535052,2930263873786.819,364,S0_baseline,indonesia,USDC
305,0.9715737926812352,2930248804093.5693,364,S0_baseline,indonesia,USDC
306,0.9522908291224145,2930248804093.5693,364,S0_baseline,indonesia,USDC
307,0.9771711752633392,2930239567195.7417,364,S0_baseline,indonesia,USDC
308,0.9895533818307263,2930239567195.7417,364,S0_baseline,indonesia,USDC
309,0.9870199960038823,2930239567195.7417,364,S0_baseline,indonesia,USDC
310,1.0057196416841412,2930239567195.7417,364,S0_baseline,indonesia,USDC
311,1.0152710805275273,2930239567195.7417,364,S0_baseline,indonesia,USDC
312,1.0358066844824927,2930239567195.7417,364,S0_baseline,indonesia,USDC
313,1.006323328876011,2930239567195.7417,364,S0_baseline,indonesia,USDC
314,0.9864666651648925,2930239567195.7417,364,S0_baseline,indonesia,USDC
315,0.9970922063135421,2930239567195.7417,364,S0_baseline,indonesia,USDC
316,0.9733298953469143,2930239567195.7417,364,S0_baseline,indonesia,USDC
317,0.9896495881685045,2930239567195.7417,364,S0_baseline,indonesia,USDC
318,0.9433634624922468,2930239567195.7417,364,S0_baseline,indonesia,USDC
319,0.9532958942469023,2930227377617.325,364,S0_baseline,indonesia,USDC
320,0.9433704251534806,2930219422140.8,364,S0_baseline,indonesia,USDC
321,0.9607575040119767,2930207730190.646,364,S0_baseline,indonesia,USDC
322,0.9953886628556626,2930203617344.741,364,S0_baseline,indonesia,USDC
323,1.000174947635455,2930203617344.741,364,S0_baseline,indonesia,USDC
324,0.9970745396974761,2930203617344.741,364,S0_baseline,indonesia,USDC
325,0.9905982478194477,2930203617344.741,364,S0_baseline,indonesia,USDC
326,0.9953145040960789,2930203617344.741,364,S0_baseline,indonesia,USDC
327,0.9925878179254906,2930203617344.741,364,S0_baseline,indonesia,USDC
328,0.971814355895487,2930203617344.741,364,S0_baseline,indonesia,USDC
329,0.9479550693287467,2930203617344.741,364,S0_baseline,indonesia,USDC
330,0.9380309708344948,2930194381989.919,364,S0_baseline,indonesia,USDC
331,0.9337455723212631,2930179500946.3857,364,S0_baseline,indonesia,USDC
332,0.7999356421381085,2930164672506.0703,364,S0_baseline,indonesia,USDC
333,0.8357077491655389,2930090719205.6025,364,S0_baseline,indonesia,USDC
334,0.877399176683986,2930043553165.764,364,S0_baseline,indonesia,USDC
335,0.8846786594301084,2930016103383.44,364,S0_baseline,indonesia,USDC
336,0.9036907151598892,2929992604251.653,364,S0_baseline,indonesia,USDC
337,0.8885792398264972,2929975531942.5015,364,S0_baseline,indonesia,USDC
338,0.905821437175033,2929956887935.0693,364,S0_baseline,indonesia,USDC
339,0.9058486167175707,2929942727327.2397,364,S0_baseline,indonesia,USDC
340,0.9028722512591795,2929929509234.534,364,S0_baseline,indonesia,USDC
341,0.9314754978931633,2929917213454.841,364,S0_baseline,indonesia,USDC
342,0.9246779865256252,2929910700241.9766,364,S0_baseline,indonesia,USDC
343,0.920847464377126,2929903509917.436,364,S0_baseline,indonesia,USDC
344,0.950689407376486,2929895586707.5674,364,S0_baseline,indonesia,USDC
345,0.8624388793285673,2929892934507.1562,364,S0_baseline,indonesia,USDC
346,0.8719567922486268,2929876648161.6875,364,S0_baseline,indonesia,USDC
347,0.8947853975979758,2929863125799.7905,364,S0_baseline,indonesia,USDC
348,0.9205823629741295,2929854016721.266,364,S0_baseline,indonesia,USDC
349,0.9298809240755082,2929848657485.2725,364,S0_baseline,indonesia,USDC
350,0.9487568189312003,2929844536822.703,364,S0_baseline,indonesia,USDC
351,0.9564188489657639,2929842310154.906,364,S0_baseline,indonesia,USDC
352,0.9196402453770738,2929840917781.7793,364,S0_baseline,indonesia,USDC
353,0.9395624565078733,2929835827063.6484,364,S0_baseline,indonesia,USDC
354,0.9430879963673191,2929832909963.9033,364,S0_baseline,indonesia,USDC
355,0.9228500192682326,2929830588066.4033,364,S0_baseline,indonesia,USDC
356,0.9170675227958764,2929826672787.8286,364,S0_baseline,indonesia,USDC
357,0.9478813868746456,2929822337351.7373,364,S0_baseline,indonesia,USDC
358,0.9355741928862443,2929820596040.2236,364,S0_baseline,indonesia,USDC
359,0.9261536928570265,2929817923157.564,364,S0_baseline,indonesia,USDC
360,0.9276066956819775,2929814815992.133,364,S0_baseline,indonesia,USDC
361,0.9084925959097481,2929811671342.852,364,S0_baseline,indonesia,USDC
362,0.7522631454672866,2929807632808.4463,364,S0_baseline,indonesia,USDC
363,0.762294453651189,2929793921048.7905,364,S0_baseline,indonesia,USDC
364,0.7904612929026947,2929783404753.1543,364,S0_baseline,indonesia,USDC
365,0.7919112666786047,2929776191991.7354,364,S0_baseline,indonesia,USDC
366,0.8192172281625597,2929770311766.236,364,S0_baseline,indonesia,USDC
367,0.8610444428784552,2929766214560.6523,364,S0_baseline,indonesia,USDC
368,0.8781986909586578,2929763647652.0474,364,S0_baseline,indonesia,USDC
369,0.8942700414664466,2929761724557.951,364,S0_baseline,indonesia,USDC
370,0.8903883989091854,2929760286797.8594,364,S0_baseline,indonesia,USDC
371,0.9048879099913159,2929758856789.8887,364,S0_baseline,indonesia,USDC
372,0.9163023013637541,2929757861627.8486,364,S0_baseline,indonesia,USDC
373,0.9494020051280131,2929757053322.007,364,S0_baseline,indonesia,USDC
374,0.9536890409749129,2929756751997.5215,364,S0_baseline,indonesia,USDC
375,0.97317199788191,2929756540315.296,364,S0_baseline,indonesia,USDC
376,0.9554490490856798,2929756540315.296,364,S0_baseline,indonesia,USDC
377,0.9552876383787858,2929756345579.1035,364,S0_baseline,indonesia,USDC
378,0.9407054618348241,2929756161826.1006,364,S0_baseline,indonesia,USDC
379,0.9300015012866715,2929755800850.755,364,S0_baseline,indonesia,USDC
380,0.9240644330727755,2929755314046.697,364,S0_baseline,indonesia,USDC
381,0.9327772126765574,2929754740614.7744,364,S0_baseline,indonesia,USDC
382,0.9345570125808266,2929754298543.239,364,S0_baseline,indonesia,USDC
383,0.9404624676857484,2929753906674.05,364,S0_baseline,indonesia,USDC
384,0.9406097966463348,2929753593229.9956,364,S0_baseline,indonesia,USDC
385,0.9366333771352494,2929753289804.9287,364,S0_baseline,indonesia,USDC
386,0.9643634821340479,2929752953652.766,364,S0_baseline,indonesia,USDC
387,0.97870889218869,2929752901234.542,364,S0_baseline,indonesia,USDC
388,1.00502755382875,2929752901234.542,364,S0_baseline,indonesia,USDC
389,0.9935831681837259,2929752901234.542,364,S0_baseline,indonesia,USDC
390,0.9668159602291985,2929752901234.542,364,S0_baseline,indonesia,USDC
391,0.9611903290753836,2929752885455.0273,364,S0_baseline,indonesia,USDC
392,0.9357779097522231,2929752807946.0195,364,S0_baseline,indonesia,USDC
393,0.936546130960031,2929752490016.7466,364,S0_baseline,indonesia,USDC
394,0.9373186157947795,2929752189494.62,364,S0_baseline,indonesia,USDC
395,0.916613563938497,2929751895287.259,364,S0_baseline,indonesia,USDC
396,0.9071792567187973,2929751411347.9688,364,S0_baseline,indonesia,USDC
397,0.934234786515233,2929750884959.926,364,S0_baseline,indonesia,USDC
398,0.9398595398980729,2929750589192.699,364,S0_baseline,indonesia,USDC
399,0.9482549133598271,2929750357285.2666,364,S0_baseline,indonesia,USDC
400,0.9770481816244009,2929750195798.1133,364,S0_baseline,indonesia,USDC
401,0.977797853994332,2929750195798.1133,364,S0_baseline,indonesia,USDC
402,0.9700034021223659,2929750195798.1133,364,S0_baseline,indonesia,USDC
403,0.968813676541238,2929750195798.1133,364,S0_baseline,indonesia,USDC
404,0.9666126667286324,2929750192741.09,364,S0_baseline,indonesia,USDC
405,0.9325821803590393,2929750175643.3403,364,S0_baseline,indonesia,USDC
406,0.9438814187621332,2929749910322.336,364,S0_baseline,indonesia,USDC
407,0.9205695678410208,2929749720573.221,364,S0_baseline,indonesia,USDC
408,0.9591191892736104,2929749399210.941,364,S0_baseline,indonesia,USDC
409,0.9460370827684665,2929749335074.078,364,S0_baseline,indonesia,USDC
410,0.924606436512766,2929749175196.6216,364,S0_baseline,indonesia,USDC
411,0.9476900299646902,2929748896002.074,364,S0_baseline,indonesia,USDC
412,0.9141869270198867,2929748762678.0166,364,S0_baseline,indonesia,USDC
413,0.9362027471414271,2929748431957.0127,364,S0_baseline,indonesia,USDC
414,0.9189285054270763,2929748244131.536,364,S0_baseline,indonesia,USDC
415,0.9360609582582832,2929747960828.4326,364,S0_baseline,indonesia,USDC
416,0.9650841522631107,2929747793575.526,364,S0_baseline,indonesia,USDC
417,1.0203006253203002,2929747777463.099,364,S0_baseline,indonesia,USDC
418,1.0179289462255159,2929747777463.099,364,S0_baseline,indonesia,USDC
419,1.0024903825370046,2929747777463.099,364,S0_baseline,indonesia,USDC
420,1.0077502008162964,2929747777463.099,364,S0_baseline,indonesia,USDC
421,0.9982949011450997,2929747777463.099,364,S0_baseline,indonesia,USDC
422,0.999187027768496,2929747777463.099,364,S0_baseline,indonesia,USDC
423,1.001327439198015,2929747777463.099,364,S0_baseline,indonesia,USDC
424,0.9829145244836863,2929747777463.099,364,S0_baseline,indonesia,USDC
425,0.971277284199047,2929747777463.099,364,S0_baseline,indonesia,USDC
426,0.9516734701716418,2929747777463.099,364,S0_baseline,indonesia,USDC
427,0.9590146054393749,2929747692866.855,364,S0_baseline,indonesia,USDC
428,0.9461725648641621,2929747644951.5273,364,S0_baseline,indonesia,USDC
429,0.9511296659868508,2929747536437.673,364,S0_baseline,indonesia,USDC
430,0.9558014892863717,2929747453351.795,364,S0_baseline,indonesia,USDC
431,1.0011706580757094,2929747386165.1577,364,S0_baseline,indonesia,USDC
432,0.9980866223334177,2929747386165.1577,364,S0_baseline,indonesia,USDC
433,0.9849486347808943,2929747386165.1577,364,S0_baseline,indonesia,USDC
434,1.0003069818012942,2929747386165.1577,364,S0_baseline,indonesia,USDC
435,1.0171697851656054,2929747386165.1577,364,S0_baseline,indonesia,USDC
436,0.9967200894709398,2929747386165.1577,364,S0_baseline,indonesia,USDC
437,0.9929318419536052,2929747386165.1577,364,S0_baseline,indonesia,USDC
438,1.009605851976406,2929747386165.1577,364,S0_baseline,indonesia,USDC
439,1.0124464240517732,2929747386165.1577,364,S0_baseline,indonesia,USDC
440,1.0265246126270593,2929747386165.1577,364,S0_baseline,indonesia,USDC
441,0.9918780648388648,2929747386165.1577,364,S0_baseline,indonesia,USDC
442,0.9842009128005413,2929747386165.1577,364,S0_baseline,indonesia,USDC
443,0.957143118476589,2929747386165.1577,364,S0_baseline,indonesia,USDC
444,0.9365503761222961,2929747326217.5684,364,S0_baseline,indonesia,USDC
445,0.9399983727080029,2929747186915.9653,364,S0_baseline,indonesia,USDC
446,0.9323681133693426,2929747062085.6865,364,S0_baseline,indonesia,USDC
447,0.9505405099200145,2929746899192.961,364,S0_baseline,indonesia,USDC
448,0.9431136396403484,2929746828517.9834,364,S0_baseline,indonesia,USDC
449,0.9686186414184881,2929746730239.138,364,S0_baseline,indonesia,USDC
450,0.854744444217093,2929746726604.543,364,S0_baseline,indonesia,USDC
451,0.8773957104228263,2929746277416.5156,364,S0_baseline,indonesia,USDC
452,0.8783622680016137,2929745966049.6885,364,S0_baseline,indonesia,USDC
453,0.9136211880327765,2929745686096.9443,364,S0_baseline,indonesia,USDC
454,0.9184791468737208,2929745526352.63,364,S0_baseline,indonesia,USDC
455,0.9368065030292979,2929745396099.8994,364,S0_baseline,indonesia,USDC
456,0.9745047945966466,2929745309429.3096,364,S0_baseline,indonesia,USDC
457,0.9744394136627564,2929745309429.3096,364,S0_baseline,indonesia,USDC
458,0.9428526020721645,2929745309429.3096,364,S0_baseline,indonesia,USDC
459,0.9718728234550358,2929745245770.6055,364,S0_baseline,indonesia,USDC
460,0.9755119311280452,2929745245770.6055,364,S0_baseline,indonesia,USDC
461,0.9628263206452643,2929745245770.6055,364,S0_baseline,indonesia,USDC
462,0.9658682378181634,2929745228151.384,364,S0_baseline,indonesia,USDC
463,0.9624883551102283,2929745219416.5034,364,S0_baseline,indonesia,USDC
464,0.9975946602158479,2929745201171.292,364,S0_baseline,indonesia,USDC
465,0.9810848768882114,2929745201171.292,364,S0_baseline,indonesia,USDC
466,0.98378805854492,2929745201171.292,364,S0_baseline,indonesia,USDC
467,0.9969251885117225,2929745201171.292,364,S0_baseline,indonesia,USDC
468,1.0030886609222158,2929745201171.292,364,S0_baseline,indonesia,USDC
469,1.0029017821345516,2929745201171.292,364,S0_baseline,indonesia,USDC
470,0.9805550302062725,2929745201171.292,364,S0_baseline,indonesia,USDC
471,0.9871726626746874,2929745201171.292,364,S0_baseline,indonesia,USDC
472,0.9969521635074187,2929745201171.292,364,S0_baseline,indonesia,USDC
473,0.9833681986977728,2929745201171.292,364,S0_baseline,indonesia,USDC
474,1.001411225380322,2929745201171.292,364,S0_baseline,indonesia,USDC
475,1.0089675833527796,2929745201171.292,364,S0_baseline,indonesia,USDC
476,1.0399929086009128,2929745201171.292,364,S0_baseline,indonesia,USDC
477,1.0466447269393828,2929745201171.292,364,S0_baseline,indonesia,USDC
478,1.0399146018294745,2929745201171.292,364,S0_baseline,indonesia,USDC
479,1.0560448160050888,2929745201171.292,364,S0_baseline,indonesia,USDC
480,1.0525297949814265,2929745201171.292,364,S0_baseline,indonesia,USDC
481,1.0286385988665863,2929745201171.292,364,S0_baseline,indonesia,USDC
482,1.017134065244991,2929745201171.292,364,S0_baseline,indonesia,USDC
483,1.0241193377968627,2929745201171.292,364,S0_baseline,indonesia,USDC
484,1.0282953819420313,2929745201171.292,364,S0_baseline,indonesia,USDC
485,1.0546795370339512,2929745201171.292,364,S0_baseline,indonesia,USDC
486,1.0347451860442929,2929745201171.292,364,S0_baseline,indonesia,USDC
487,1.019761498402266,2929745201171.292,364,S0_baseline,indonesia,USDC
488,1.0126421296481134,2929745201171.292,364,S0_baseline,indonesia,USDC
489,0.9956391475887322,2929745201171.292,364,S0_baseline,indonesia,USDC
490,0.9963146349687447,2929745201171.292,364,S0_baseline,indonesia,USDC
491,0.9842947403295327,2929745201171.292,364,S0_baseline,indonesia,USDC
492,0.9632294733286173,2929745201171.292,364,S0_baseline,indonesia,USDC
493,0.9540735928033359,2929745187756.1143,364,S0_baseline,indonesia,USDC
494,0.9837444549840535,2929745151487.6855,364,S0_baseline,indonesia,USDC
495,0.9656455376972511,2929745151487.6855,364,S0_baseline,indonesia,USDC
496,0.949614442291008,2929745141215.9717,364,S0_baseline,indonesia,USDC
497,0.9288193551863133,2929745097355.9146,364,S0_baseline,indonesia,USDC
498,0.9060622286632631,2929745007978.186,364,S0_baseline,indonesia,USDC
499,0.9007231548153432,2929744876999.7993,364,S0_baseline,indonesia,USDC
500,0.8732176998021176,2929744733186.844,364,S0_baseline,indonesia,USDC
501,0.8810401717877686,2929744558843.5093,364,S0_baseline,indonesia,USDC
502,0.8741727961768762,2929744413745.4214,364,S0_baseline,indonesia,USDC
503,0.9294174680001102,2929744270637.167,364,S0_baseline,indonesia,USDC
504,0.938955853170777,2929744216880.067,364,S0_baseline,indonesia,USDC
505,0.942664945178398,2929744173561.6597,364,S0_baseline,indonesia,USDC
506,0.9314629659448609,2929744140511.769,364,S0_baseline,indonesia,USDC
507,0.9455762759893659,2929744094283.926,364,S0_baseline,indonesia,USDC
508,0.9570188933571813,2929744064401.511,364,S0_baseline,indonesia,USDC
509,0.9709318937302731,2929744048328.481,364,S0_baseline,indonesia,USDC
510,0.960037668933665,2929744048328.481,364,S0_baseline,indonesia,USDC
511,0.9704792382321653,2929744037755.9814,364,S0_baseline,indonesia,USDC
512,0.9785516018915739,2929744037755.9814,364,S0_baseline,indonesia,USDC
513,0.9862972577016519,2929744037755.9814,364,S0_baseline,indonesia,USDC
514,1.0262726283670522,2929744037755.9814,364,S0_baseline,indonesia,USDC
515,0.9894708448876965,2929744037755.9814,364,S0_baseline,indonesia,USDC
516,0.9933666035330796,2929744037755.9814,364,S0_baseline,indonesia,USDC
517,1.00530960338888,2929744037755.9814,364,S0_baseline,indonesia,USDC
518,1.0438215829083608,2929744037755.9814,364,S0_baseline,indonesia,USDC
519,1.0425431995754846,2929744037755.9814,364,S0_baseline,indonesia,USDC
520,1.038618111914489,2929744037755.9814,364,S0_baseline,indonesia,USDC
521,1.0719495299873247,2929744037755.9814,364,S0_baseline,indonesia,USDC
522,1.0453576099649446,2929744037755.9814,364,S0_baseline,indonesia,USDC
523,1.073080284411078,2929744037755.9814,364,S0_baseline,indonesia,USDC
524,1.0752976009475084,2929744037755.9814,364,S0_baseline,indonesia,USDC
525,1.0659468591861216,2929744037755.9814,364,S0_baseline,indonesia,USDC
526,1.0365316122701154,2929744037755.9814,364,S0_baseline,indonesia,USDC
527,1.0241547682240417,2929744037755.9814,364,S0_baseline,indonesia,USDC
528,1.0464945847878566,2929744037755.9814,364,S0_baseline,indonesia,USDC
529,1.0844479726369896,2929744037755.9814,364,S0_baseline,indonesia,USDC
530,1.0880698861002003,2929744037755.9814,364,S0_baseline,indonesia,USDC
531,1.0801686564465942,2929744037755.9814,364,S0_baseline,indonesia,USDC
532,1.0624191845462345,2929744037755.9814,364,S0_baseline,indonesia,USDC
533,1.0505616906578152,2929744037755.9814,364,S0_baseline,indonesia,USDC
534,1.0421832168788812,2929744037755.9814,364,S0_baseline,indonesia,USDC
535,1.0266341666375116,2929744037755.9814,364,S0_baseline,indonesia,USDC
536,1.0489666594883393,2929744037755.9814,364,S0_baseline,indonesia,USDC
537,1.0268354576485124,2929744037755.9814,364,S0_baseline,indonesia,USDC
538,1.036774839318646,2929744037755.9814,364,S0_baseline,indonesia,USDC
539,1.0508464151254187,2929744037755.9814,364,S0_baseline,indonesia,USDC
540,1.0485030564833586,2929744037755.9814,364,S0_baseline,indonesia,USDC
541,1.028348592468587,2929744037755.9814,364,S0_baseline,indonesia,USDC
542,1.0028668651894466,2929744037755.9814,364,S0_baseline,indonesia,USDC
543,1.0148023191561863,2929744037755.9814,364,S0_baseline,indonesia,USDC
544,1.0181350126207913,2929744037755.9814,364,S0_baseline,indonesia,USDC
545,1.0510243223656481,2929744037755.9814,364,S0_baseline,indonesia,USDC
546,1.0075102750638953,2929744037755.9814,364,S0_baseline,indonesia,USDC
547,1.0270274495635858,2929744037755.9814,364,S0_baseline,indonesia,USDC
548,1.0444038200506307,2929744037755.9814,364,S0_baseline,indonesia,USDC
549,1.0559842105300525,2929744037755.9814,364,S0_baseline,indonesia,USDC
550,1.0216542750341322,2929744037755.9814,364,S0_baseline,indonesia,USDC
551,1.0190302007585532,2929744037755.9814,364,S0_baseline,indonesia,USDC
552,1.0075915757535954,2929744037755.9814,364,S0_baseline,indonesia,USDC
553,1.0069168218200617,2929744037755.9814,364,S0_baseline,indonesia,USDC
554,1.0167115302984628,2929744037755.9814,364,S0_baseline,indonesia,USDC
555,1.0058472603395823,2929744037755.9814,364,S0_baseline,indonesia,USDC
556,0.9924080291810025,2929744037755.9814,364,S0_baseline,indonesia,USDC
557,1.0090767975480726,2929744037755.9814,364,S0_baseline,indonesia,USDC
558,1.019034357392266,2929744037755.9814,364,S0_baseline,indonesia,USDC
559,1.0477180994423443,2929744037755.9814,364,S0_baseline,indonesia,USDC
560,1.0338943940028977,2929744037755.9814,364,S0_baseline,indonesia,USDC
561,1.0206963565827247,2929744037755.9814,364,S0_baseline,indonesia,USDC
562,1.0163723528801305,2929744037755.9814,364,S0_baseline,indonesia,USDC
563,1.020817716102179,2929744037755.9814,364,S0_baseline,indonesia,USDC
564,1.0077419147886761,2929744037755.9814,364,S0_baseline,indonesia,USDC
565,1.0309336621908085,2929744037755.9814,364,S0_baseline,indonesia,USDC
566,1.0103244874443509,2929744037755.9814,364,S0_baseline,indonesia,USDC
567,1.0108370634071353,2929744037755.9814,364,S0_baseline,indonesia,USDC
568,1.0084663616848493,2929744037755.9814,364,S0_baseline,indonesia,USDC
569,1.0039450773312073,2929744037755.9814,364,S0_baseline,indonesia,USDC
570,1.019274390767491,2929744037755.9814,364,S0_baseline,indonesia,USDC
571,0.9957886398202139,2929744037755.9814,364,S0_baseline,indonesia,USDC
572,0.9496783732671961,2929744037755.9814,364,S0_baseline,indonesia,USDC
573,0.9621403142745105,2929744013152.246,364,S0_baseline,indonesia,USDC
574,0.9683562313620881,2929744004581.53,364,S0_baseline,indonesia,USDC
575,1.0069585809744888,2929744003267.1094,364,S0_baseline,indonesia,USDC
576,1.0417650041795805,2929744003267.1094,364,S0_baseline,indonesia,USDC
577,1.0162065292849123,2929744003267.1094,364,S0_baseline,indonesia,USDC
578,1.033597593932364,2929744003267.1094,364,S0_baseline,indonesia,USDC
579,1.0183804380798307,2929744003267.1094,364,S0_baseline,indonesia,USDC
580,0.991940909217636,2929744003267.1094,364,S0_baseline,indonesia,USDC
581,0.9644853243673669,2929744003267.1094,364,S0_baseline,indonesia,USDC
582,0.9417528608180498,2929743998873.25,364,S0_baseline,indonesia,USDC
583,0.9458276260860339,2929743966981.081,364,S0_baseline,indonesia,USDC
584,0.9253101146386754,2929743942560.6294,364,S0_baseline,indonesia,USDC
585,0.9424438375974722,2929743896994.592,364,S0_baseline,indonesia,USDC
586,0.9406256292333347,2929743868617.824,364,S0_baseline,indonesia,USDC
587,0.9835938382952756,2929743840259.9805,364,S0_baseline,indonesia,USDC
588,0.9830464316987084,2929743840259.9805,364,S0_baseline,indonesia,USDC
589,0.9944857898638786,2929743840259.9805,364,S0_baseline,indonesia,USDC
590,1.005214248026362,2929743840259.9805,364,S0_baseline,indonesia,USDC
591,0.9996368011247736,2929743840259.9805,364,S0_baseline,indonesia,USDC
592,1.0122809613406787,2929743840259.9805,364,S0_baseline,indonesia,USDC
593,1.0074513188933263,2929743840259.9805,364,S0_baseline,indonesia,USDC
594,1.0420256943889206,2929743840259.9805,364,S0_baseline,indonesia,USDC
595,1.0521644358557467,2929743840259.9805,364,S0_baseline,indonesia,USDC
596,1.056923972454112,2929743840259.9805,364,S0_baseline,indonesia,USDC
597,1.0807298993346257,2929743840259.9805,364,S0_baseline,indonesia,USDC
598,1.084297646130755,2929743840259.9805,364,S0_baseline,indonesia,USDC
599,1.0599321749098465,2929743840259.9805,364,S0_baseline,indonesia,USDC
600,1.0501326056292808,2929743840259.9805,364,S0_baseline,indonesia,USDC
601,1.0523550209221741,2929743840259.9805,364,S0_baseline,indonesia,USDC
602,1.0440622295481732,2929743840259.9805,364,S0_baseline,indonesia,USDC
603,1.0641909348599816,2929743840259.9805,364,S0_baseline,indonesia,USDC
604,1.0362255018283435,2929743840259.9805,364,S0_baseline,indonesia,USDC
605,1.0482311249075142,2929743840259.9805,364,S0_baseline,indonesia,USDC
606,1.0449591402095988,2929743840259.9805,364,S0_baseline,indonesia,USDC
607,1.0596943319585237,2929743840259.9805,364,S0_baseline,indonesia,USDC
608,1.085825293293051,2929743840259.9805,364,S0_baseline,indonesia,USDC
609,1.0829588105615329,2929743840259.9805,364,S0_baseline,indonesia,USDC
610,1.0923621444143687,2929743840259.9805,364,S0_baseline,indonesia,USDC
611,1.0886928001312375,2929743840259.9805,364,S0_baseline,indonesia,USDC
612,1.0635907778025626,2929743840259.9805,364,S0_baseline,indonesia,USDC
613,1.0565017505769418,2929743840259.9805,364,S0_baseline,indonesia,USDC
614,1.062880570422867,2929743840259.9805,364,S0_baseline,indonesia,USDC
615,1.11835033138295,2929743840259.9805,364,S0_baseline,indonesia,USDC
616,1.1069941725983383,2929743840259.9805,364,S0_baseline,indonesia,USDC
617,1.0858867889551906,2929743840259.9805,364,S0_baseline,indonesia,USDC
618,1.0830627349936293,2929743840259.9805,364,S0_baseline,indonesia,USDC
619,1.056757277956504,2929743840259.9805,364,S0_baseline,indonesia,USDC
620,1.073621585556487,2929743840259.9805,364,S0_baseline,indonesia,USDC
621,1.0380769128984477,2929743840259.9805,364,S0_baseline,indonesia,USDC
622,1.0118419904125913,2929743840259.9805,364,S0_baseline,indonesia,USDC
623,1.050007287018275,2929743840259.9805,364,S0_baseline,indonesia,USDC
624,1.0391950147086972,2929743840259.9805,364,S0_baseline,indonesia,USDC
625,1.0501123831121133,2929743840259.9805,364,S0_baseline,indonesia,USDC
626,1.0410255568126976,2929743840259.9805,364,S0_baseline,indonesia,USDC
627,1.040874507492822,2929743840259.9805,364,S0_baseline,indonesia,USDC
628,1.0586055159510035,2929743840259.9805,364,S0_baseline,indonesia,USDC
629,1.033373600724851,2929743840259.9805,364,S0_baseline,indonesia,USDC
630,1.0415295180285757,2929743840259.9805,364,S0_baseline,indonesia,USDC
631,1.0344609091305899,2929743840259.9805,364,S0_baseline,indonesia,USDC
632,1.0369812993007148,2929743840259.9805,364,S0_baseline,indonesia,USDC
633,1.0568214565221268,2929743840259.9805,364,S0_baseline,indonesia,USDC
634,1.039547740376079,2929743840259.9805,364,S0_baseline,indonesia,USDC
635,1.020373107238523,2929743840259.9805,364,S0_baseline,indonesia,USDC
636,1.0448892593537709,2929743840259.9805,364,S0_baseline,indonesia,USDC
637,1.0032329728132166,2929743840259.9805,364,S0_baseline,indonesia,USDC
638,0.9937663018587088,2929743840259.9805,364,S0_baseline,indonesia,USDC
639,1.0212824788315216,2929743840259.9805,364,S0_baseline,indonesia,USDC
640,1.023588995475681,2929743840259.9805,364,S0_baseline,indonesia,USDC
641,1.0051460544789321,2929743840259.9805,364,S0_baseline,indonesia,USDC
642,0.9912741250348799,2929743840259.9805,364,S0_baseline,indonesia,USDC
643,0.9819625351258034,2929743840259.9805,364,S0_baseline,indonesia,USDC
644,0.9802109780621366,2929743840259.9805,364,S0_baseline,indonesia,USDC
645,0.9697660568159104,2929743840259.9805,364,S0_baseline,indonesia,USDC
646,0.9762645683555474,2929743840024.373,364,S0_baseline,indonesia,USDC
647,0.9519601368240579,2929743840024.373,364,S0_baseline,indonesia,USDC
648,0.9414887415536166,2929743821860.5796,364,S0_baseline,indonesia,USDC
649,0.9433385492800174,2929743796578.2217,364,S0_baseline,indonesia,USDC
650,0.9516069350314805,2929743770927.7744,364,S0_baseline,indonesia,USDC
651,0.9534610248435527,2929743753718.5576,364,S0_baseline,indonesia,USDC
652,0.9804881406451782,2929743738537.519,364,S0_baseline,indonesia,USDC
653,0.9999738396343142,2929743738537.519,364,S0_baseline,indonesia,USDC
654,1.0246859050407817,2929743738537.519,364,S0_baseline,indonesia,USDC
655,1.032737950007213,2929743738537.519,364,S0_baseline,indonesia,USDC
656,1.067275982890668,2929743738537.519,364,S0_baseline,indonesia,USDC
657,1.0590553667434635,2929743738537.519,364,S0_baseline,indonesia,USDC
658,1.0535035319170563,2929743738537.519,364,S0_baseline,indonesia,USDC
659,1.0489831320265781,2929743738537.519,364,S0_baseline,indonesia,USDC
660,1.005972375227757,2929743738537.519,364,S0_baseline,indonesia,USDC
661,1.0297094047372712,2929743738537.519,364,S0_baseline,indonesia,USDC
662,1.0229856462776161,2929743738537.519,364,S0_baseline,indonesia,USDC
663,1.0114108456216497,2929743738537.519,364,S0_baseline,indonesia,USDC
664,1.0239651385872026,2929743738537.519,364,S0_baseline,indonesia,USDC
665,1.0563135373130323,2929743738537.519,364,S0_baseline,indonesia,USDC
666,0.9982230180201219,2929743738537.519,364,S0_baseline,indonesia,USDC
667,0.9868467842468767,2929743738537.519,364,S0_baseline,indonesia,USDC
668,0.961359194239746,2929743738537.519,364,S0_baseline,indonesia,USDC
669,0.9522794824377925,2929743731882.6523,364,S0_baseline,indonesia,USDC
670,0.9735439360005748,2929743716015.993,364,S0_baseline,indonesia,USDC
671,0.962995664376235,2929743716015.993,364,S0_baseline,indonesia,USDC
672,0.9729602338050517,2929743710924.5293,364,S0_baseline,indonesia,USDC
673,1.002030851462938,2929743710924.5293,364,S0_baseline,indonesia,USDC
674,1.0010022477073535,2929743710924.5293,364,S0_baseline,indonesia,USDC
675,1.0186317390152688,2929743710924.5293,364,S0_baseline,indonesia,USDC
676,1.009528970952643,2929743710924.5293,364,S0_baseline,indonesia,USDC
677,1.0160157596998818,2929743710924.5293,364,S0_baseline,indonesia,USDC
678,1.0127083347137307,2929743710924.5293,364,S0_baseline,indonesia,USDC
679,1.0312255184188794,2929743710924.5293,364,S0_baseline,indonesia,USDC
680,1.0672957776949767,2929743710924.5293,364,S0_baseline,indonesia,USDC
681,1.0300147108115671,2929743710924.5293,364,S0_baseline,indonesia,USDC
682,1.0228182682453908,2929743710924.5293,364,S0_baseline,indonesia,USDC
683,0.9547025574386148,2929743710924.5293,364,S0_baseline,indonesia,USDC
684,0.9748957999819142,2929743697557.9727,364,S0_baseline,indonesia,USDC
685,0.9837268040995021,2929743697557.9727,364,S0_baseline,indonesia,USDC
686,0.9722774273013677,2929743697557.9727,364,S0_baseline,indonesia,USDC
687,0.9693044520194791,2929743697557.9727,364,S0_baseline,indonesia,USDC
688,0.9515586518012022,2929743696959.8037,364,S0_baseline,indonesia,USDC
689,0.9447823694700701,2929743683193.145,364,S0_baseline,indonesia,USDC
690,0.9381844618608283,2929743661879.5034,364,S0_baseline,indonesia,USDC
691,0.94935623077499,2929743637384.8726,364,S0_baseline,indonesia,USDC
692,0.9261250204688166,2929743621583.837,364,S0_baseline,indonesia,USDC
693,0.9439131126923245,2929743587287.9336,364,S0_baseline,indonesia,USDC
694,0.9509718181849803,2929743569190.793,364,S0_baseline,indonesia,USDC
695,0.9582402811472043,2929743556515.24,364,S0_baseline,indonesia,USDC
696,0.9761376366728077,2929743548609.837,364,S0_baseline,indonesia,USDC
697,0.9819207903710662,2929743548609.837,364,S0_baseline,indonesia,USDC
698,0.9894692066647237,2929743548609.837,364,S0_baseline,indonesia,USDC
699,0.9992514369112896,2929743548609.837,364,S0_baseline,indonesia,USDC
700,0.9375722116664579,2929743548609.837,364,S0_baseline,indonesia,USDC
701,0.9315000767169026,2929743526457.787,364,S0_baseline,indonesia,USDC
702,0.9423354340453716,2929743502480.382,364,S0_baseline,indonesia,USDC
703,0.9300501047057617,2929743484252.578,364,S0_baseline,indonesia,USDC
704,0.9558368156011261,2929743458680.86,364,S0_baseline,indonesia,USDC
705,0.9568805114858604,2929743451343.677,364,S0_baseline,indonesia,USDC
706,0.9376391432464046,2929743443827.392,364,S0_baseline,indonesia,USDC
707,0.9427016653325853,2929743424462.031,364,S0_baseline,indonesia,USDC
708,0.940485629910524,2929743409240.394,364,S0_baseline,indonesia,USDC
709,0.9509011509014521,2929743393746.071,364,S0_baseline,indonesia,USDC
710,0.9391273655802292,2929743383303.0283,364,S0_baseline,indonesia,USDC
711,0.973557038038508,2929743367860.463,364,S0_baseline,indonesia,USDC
712,0.967302647597025,2929743367860.463,364,S0_baseline,indonesia,USDC
713,0.9748703120072755,2929743367024.144,364,S0_baseline,indonesia,USDC
714,0.9555428175573654,2929743367024.144,364,S0_baseline,indonesia,USDC
715,0.9488919720992267,2929743359915.6772,364,S0_baseline,indonesia,USDC
716,0.9770126878720025,2929743350418.358,364,S0_baseline,indonesia,USDC
717,0.9799480028000732,2929743350418.358,364,S0_baseline,indonesia,USDC
718,0.9743923183886515,2929743350418.358,364,S0_baseline,indonesia,USDC
719,0.9738318693160527,2929743350418.358,364,S0_baseline,indonesia,USDC
720,0.9793998779022723,2929743350418.358,364,S0_baseline,indonesia,USDC
721,0.9795856829922206,2929743350418.358,364,S0_baseline,indonesia,USDC
722,0.9687832437597773,2929743350418.358,364,S0_baseline,indonesia,USDC
723,0.9658741326838041,2929743350222.014,364,S0_baseline,indonesia,USDC
724,0.9746547457840762,2929743348722.2593,364,S0_baseline,indonesia,USDC
725,0.9523129192476648,2929743348722.2593,364,S0_baseline,indonesia,USDC
726,0.9150677453639275,2929743341065.1914,364,S0_baseline,indonesia,USDC
727,0.9135112296382815,2929743316103.5825,364,S0_baseline,indonesia,USDC
728,0.9009772708830955,2929743289737.716,364,S0_baseline,indonesia,USDC
729,0.925222638554187,2929743259397.811,364,S0_baseline,indonesia,USDC
730,0.9101235195408975,2929743241115.854,364,S0_baseline,indonesia,USDC
731,0.9373103150600092,2929743219547.7246,364,S0_baseline,indonesia,USDC
732,0.9464622284888086,2929743208296.7783,364,S0_baseline,indonesia,USDC
733,0.9717360662490322,2929743200561.4287,364,S0_baseline,indonesia,USDC
734,0.9865134329102986,2929743200561.4287,364,S0_baseline,indonesia,USDC
735,1.010157730637584,2929743200561.4287,364,S0_baseline,indonesia,USDC
736,0.9970730956058755,2929743200561.4287,364,S0_baseline,indonesia,USDC
737,0.941938641966682,2929743200561.4287,364,S0_baseline,indonesia,USDC
738,0.9418399483518727,2929743190806.4683,364,S0_baseline,indonesia,USDC
739,0.9318913017799044,2929743181955.6313,364,S0_baseline,indonesia,USDC
740,0.9646984821973565,2929743170557.3994,364,S0_baseline,indonesia,USDC
741,0.9660163555250838,2929743169244.076,364,S0_baseline,indonesia,USDC
742,0.9574710289708304,2929743167987.859,364,S0_baseline,indonesia,USDC
743,0.9828353421675101,2929743164499.215,364,S0_baseline,indonesia,USDC
744,0.9973057122055572,2929743164499.215,364,S0_baseline,indonesia,USDC
745,1.0212653340489488,2929743164499.215,364,S0_baseline,indonesia,USDC
746,1.0214161247544444,2929743164499.215,364,S0_baseline,indonesia,USDC
747,0.9996868784635367,2929743164499.215,364,S0_baseline,indonesia,USDC
748,1.0004461087691001,2929743164499.215,364,S0_baseline,indonesia,USDC
749,1.043494075271814,2929743164499.215,364,S0_baseline,indonesia,USDC
750,1.0540412931150176,2929743164499.215,364,S0_baseline,indonesia,USDC
751,1.0797278604679785,2929743164499.215,364,S0_baseline,indonesia,USDC
752,1.0910895514154544,2929743164499.215,364,S0_baseline,indonesia,USDC
753,1.0620758394534233,2929743164499.215,364,S0_baseline,indonesia,USDC
754,1.0383988098900665,2929743164499.215,364,S0_baseline,indonesia,USDC
755,1.0515144644966532,2929743164499.215,364,S0_baseline,indonesia,USDC
756,1.0755261738324322,2929743164499.215,364,S0_baseline,indonesia,USDC
757,1.043742735882847,2929743164499.215,364,S0_baseline,indonesia,USDC
758,1.0073651663335221,2929743164499.215,364,S0_baseline,indonesia,USDC
759,0.9896806463426217,2929743164499.215,364,S0_baseline,indonesia,USDC
760,0.9952185402839597,2929743164499.215,364,S0_baseline,indonesia,USDC
761,1.0178770948125142,2929743164499.215,364,S0_baseline,indonesia,USDC
762,1.0025027571407574,2929743164499.215,364,S0_baseline,indonesia,USDC
763,1.0137294611096777,2929743164499.215,364,S0_baseline,indonesia,USDC
764,1.0298021952013257,2929743164499.215,364,S0_baseline,indonesia,USDC
765,1.0102904251642568,2929743164499.215,364,S0_baseline,indonesia,USDC
766,1.0028754390178733,2929743164499.215,364,S0_baseline,indonesia,USDC
767,0.971286071247281,2929743164499.215,364,S0_baseline,indonesia,USDC
768,0.9806177143359599,2929743164499.215,364,S0_baseline,indonesia,USDC
769,0.9799406507768816,2929743164499.215,364,S0_baseline,indonesia,USDC
770,0.9771115190231727,2929743164499.215,364,S0_baseline,indonesia,USDC
771,0.9648583458768226,2929743164499.215,364,S0_baseline,indonesia,USDC
772,0.9719004818645475,2929743163448.4673,364,S0_baseline,indonesia,USDC
773,0.9758957972227146,2929743163448.4673,364,S0_baseline,indonesia,USDC
774,0.9830441822614095,2929743163448.4673,364,S0_baseline,indonesia,USDC
775,0.9816175908220329,2929743163448.4673,364,S0_baseline,indonesia,USDC
776,0.9644721331876766,2929743163448.4673,364,S0_baseline,indonesia,USDC
777,0.9710950317403007,2929743161915.677,364,S0_baseline,indonesia,USDC
778,0.9773333256734907,2929743161915.677,364,S0_baseline,indonesia,USDC
779,1.003483669060239,2929743161915.677,364,S0_baseline,indonesia,USDC
780,1.0492885448089293,2929743161915.677,364,S0_baseline,indonesia,USDC
781,1.0910515743942726,2929743161915.677,364,S0_baseline,indonesia,USDC
782,1.0820840280930348,2929743161915.677,364,S0_baseline,indonesia,USDC
783,1.1035095194400388,2929743161915.677,364,S0_baseline,indonesia,USDC
784,1.078717809077521,2929743161915.677,364,S0_baseline,indonesia,USDC
785,1.0841081368316379,2929743161915.677,364,S0_baseline,indonesia,USDC
786,1.0937498557551897,2929743161915.677,364,S0_baseline,indonesia,USDC
787,1.1001982208859964,2929743161915.677,364,S0_baseline,indonesia,USDC
788,1.0630716647010579,2929743161915.677,364,S0_baseline,indonesia,USDC
789,1.0388849259669632,2929743161915.677,364,S0_baseline,indonesia,USDC
790,1.0594523620562049,2929743161915.677,364,S0_baseline,indonesia,USDC
791,1.0402313046113134,2929743161915.677,364,S0_baseline,indonesia,USDC
792,1.0596122678722308,2929743161915.677,364,S0_baseline,indonesia,USDC
793,1.0183291151503506,2929743161915.677,364,S0_baseline,indonesia,USDC
794,1.004377213578477,2929743161915.677,364,S0_baseline,indonesia,USDC
795,1.047538202261018,2929743161915.677,364,S0_baseline,indonesia,USDC
796,1.0059553585256802,2929743161915.677,364,S0_baseline,indonesia,USDC
797,0.982844212526099,2929743161915.677,364,S0_baseline,indonesia,USDC
798,1.0157934327607492,2929743161915.677,364,S0_baseline,indonesia,USDC
799,0.9723143954349369,2929743161915.677,364,S0_baseline,indonesia,USDC
800,0.9733990484272139,2929743161915.677,364,S0_baseline,indonesia,USDC
801,0.9748155756181932,2929743161915.677,364,S0_baseline,indonesia,USDC
802,0.9923992453764361,2929743161915.677,364,S0_baseline,indonesia,USDC
803,0.9834355273682513,2929743161915.677,364,S0_baseline,indonesia,USDC
804,0.9777725292437973,2929743161915.677,364,S0_baseline,indonesia,USDC
805,0.9680160926085376,2929743161915.677,364,S0_baseline,indonesia,USDC
806,0.9584269477735052,2929743161305.0527,364,S0_baseline,indonesia,USDC
807,0.9722600922411998,2929743157970.882,364,S0_baseline,indonesia,USDC
808,0.9902643102844018,2929743157970.882,364,S0_baseline,indonesia,USDC
809,1.0088694637553757,2929743157970.882,364,S0_baseline,indonesia,USDC
810,0.9916602687350462,2929743157970.882,364,S0_baseline,indonesia,USDC
811,1.0052716262959223,2929743157970.882,364,S0_baseline,indonesia,USDC
812,0.9824533938490729,2929743157970.882,364,S0_baseline,indonesia,USDC
813,0.9911872858963822,2929743157970.882,364,S0_baseline,indonesia,USDC
814,0.9803052387453979,2929743157970.882,364,S0_baseline,indonesia,USDC
815,0.9972054152590375,2929743157970.882,364,S0_baseline,indonesia,USDC
816,0.9857702788820034,2929743157970.882,364,S0_baseline,indonesia,USDC
817,0.9980551822222573,2929743157970.882,364,S0_baseline,indonesia,USDC
818,1.0007915063359127,2929743157970.882,364,S0_baseline,indonesia,USDC
819,0.977401495011872,2929743157970.882,364,S0_baseline,indonesia,USDC
820,0.9694996960953277,2929743157970.882,364,S0_baseline,indonesia,USDC
821,0.9922024411196363,2929743157818.9287,364,S0_baseline,indonesia,USDC
822,0.970203611738704,2929743157818.9287,364,S0_baseline,indonesia,USDC
823,0.9860049978728872,2929743157818.9287,364,S0_baseline,indonesia,USDC
824,1.008144346322976,2929743157818.9287,364,S0_baseline,indonesia,USDC
825,1.0045949523283082,2929743157818.9287,364,S0_baseline,indonesia,USDC
826,1.0182507968253804,2929743157818.9287,364,S0_baseline,indonesia,USDC
827,1.0259094677375837,2929743157818.9287,364,S0_baseline,indonesia,USDC
828,1.0076068550637576,2929743157818.9287,364,S0_baseline,indonesia,USDC
829,1.0288425506101435,2929743157818.9287,364,S0_baseline,indonesia,USDC
830,1.0204853822456286,2929743157818.9287,364,S0_baseline,indonesia,USDC
831,1.0106418344618389,2929743157818.9287,364,S0_baseline,indonesia,USDC
832,1.0048294994142042,2929743157818.9287,364,S0_baseline,indonesia,USDC
833,1.0061446958188718,2929743157818.9287,364,S0_baseline,indonesia,USDC
834,1.0144565180888458,2929743157818.9287,364,S0_baseline,indonesia,USDC
835,1.0380763081861253,2929743157818.9287,364,S0_baseline,indonesia,USDC
836,1.0167534315103797,2929743157818.9287,364,S0_baseline,indonesia,USDC
837,1.0181960075375063,2929743157818.9287,364,S0_baseline,indonesia,USDC
838,1.0130624737514071,2929743157818.9287,364,S0_baseline,indonesia,USDC
839,1.0099280703777684,2929743157818.9287,364,S0_baseline,indonesia,USDC
840,1.02780306630145,2929743157818.9287,364,S0_baseline,indonesia,USDC
841,1.0382996499564094,2929743157818.9287,364,S0_baseline,indonesia,USDC
842,1.0060632018271312,2929743157818.9287,364,S0_baseline,indonesia,USDC
843,1.0078364312700032,2929743157818.9287,364,S0_baseline,indonesia,USDC
844,1.0283547998179563,2929743157818.9287,364,S0_baseline,indonesia,USDC
845,1.053453426239583,2929743157818.9287,364,S0_baseline,indonesia,USDC
846,1.062667194779109,2929743157818.9287,364,S0_baseline,indonesia,USDC
847,1.0546321796249163,2929743157818.9287,364,S0_baseline,indonesia,USDC
848,1.049906643788444,2929743157818.9287,364,S0_baseline,indonesia,USDC
849,1.0326164568131115,2929743157818.9287,364,S0_baseline,indonesia,USDC
850,1.033800413454685,2929743157818.9287,364,S0_baseline,indonesia,USDC
851,1.0250998411134427,2929743157818.9287,364,S0_baseline,indonesia,USDC
852,1.006580211487255,2929743157818.9287,364,S0_baseline,indonesia,USDC
853,0.9869408758676301,2929743157818.9287,364,S0_baseline,indonesia,USDC
854,0.9858828856997044,2929743157818.9287,364,S0_baseline,indonesia,USDC
855,0.9866955375354648,2929743157818.9287,364,S0_baseline,indonesia,USDC
856,0.963533544058793,2929743157818.9287,364,S0_baseline,indonesia,USDC
857,0.9750222563758297,2929743156039.208,364,S0_baseline,indonesia,USDC
858,0.9667477804401516,2929743156039.208,364,S0_baseline,indonesia,USDC
859,0.9748938669634802,2929743155393.258,364,S0_baseline,indonesia,USDC
860,1.0002713032538757,2929743155393.258,364,S0_baseline,indonesia,USDC
861,1.0055863067711606,2929743155393.258,364,S0_baseline,indonesia,USDC
862,1.0175534926444079,2929743155393.258,364,S0_baseline,indonesia,USDC
863,1.0167215584936533,2929743155393.258,364,S0_baseline,indonesia,USDC
864,0.9935255974061172,2929743155393.258,364,S0_baseline,indonesia,USDC
865,1.012375227467199,2929743155393.258,364,S0_baseline,indonesia,USDC
866,1.0342765129845275,2929743155393.258,364,S0_baseline,indonesia,USDC
867,1.0322203286985616,2929743155393.258,364,S0_baseline,indonesia,USDC
868,1.0366196842550037,2929743155393.258,364,S0_baseline,indonesia,USDC
869,1.033736512772623,2929743155393.258,364,S0_baseline,indonesia,USDC
870,1.0752362311972479,2929743155393.258,364,S0_baseline,indonesia,USDC
871,1.0417478753046785,2929743155393.258,364,S0_baseline,indonesia,USDC
872,1.0190723971402118,2929743155393.258,364,S0_baseline,indonesia,USDC
873,1.0314355600177925,2929743155393.258,364,S0_baseline,indonesia,USDC
874,1.0381132809267193,2929743155393.258,364,S0_baseline,indonesia,USDC
875,1.0296558596980705,2929743155393.258,364,S0_baseline,indonesia,USDC
876,1.0107970561614563,2929743155393.258,364,S0_baseline,indonesia,USDC
877,1.0388387446845873,2929743155393.258,364,S0_baseline,indonesia,USDC
878,0.987424278398828,2929743155393.258,364,S0_baseline,indonesia,USDC
879,1.0222827766766749,2929743155393.258,364,S0_baseline,indonesia,USDC
880,1.0302162959186756,2929743155393.258,364,S0_baseline,indonesia,USDC
881,1.0241426821386908,2929743155393.258,364,S0_baseline,indonesia,USDC
882,1.0355989245441446,2929743155393.258,364,S0_baseline,indonesia,USDC
883,1.0271074769810706,2929743155393.258,364,S0_baseline,indonesia,USDC
884,1.029274540941213,2929743155393.258,364,S0_baseline,indonesia,USDC
885,1.0122009163240075,2929743155393.258,364,S0_baseline,indonesia,USDC
886,1.000375643111528,2929743155393.258,364,S0_baseline,indonesia,USDC
887,0.9775723982562767,2929743155393.258,364,S0_baseline,indonesia,USDC
888,0.9793760664868801,2929743155393.258,364,S0_baseline,indonesia,USDC
889,0.9615609293791147,2929743155393.258,364,S0_baseline,indonesia,USDC
890,0.9770987049681387,2929743153052.7466,364,S0_baseline,indonesia,USDC
891,0.9576174945248384,2929743153052.7466,364,S0_baseline,indonesia,USDC
892,0.9502362548037376,2929743149987.5713,364,S0_baseline,indonesia,USDC
893,0.9319128400981294,2929743144147.55,364,S0_baseline,indonesia,USDC
894,0.9513519255638673,2929743133122.421,364,S0_baseline,indonesia,USDC
895,0.9523473941519884,2929743127936.3,364,S0_baseline,indonesia,USDC
896,0.9489275418314836,2929743123771.286,364,S0_baseline,indonesia,USDC
897,0.95131991002981,2929743118799.6353,364,S0_baseline,indonesia,USDC
898,0.9684476217379803,2929743114314.5977,364,S0_baseline,indonesia,USDC
899,0.9601793139534116,2929743114181.5815,364,S0_baseline,indonesia,USDC
900,0.963252110828618,2929743111642.1655,364,S0_baseline,indonesia,USDC
901,0.9585761129765732,2929743109914.9736,364,S0_baseline,indonesia,USDC
902,0.9827364030188949,2929743107193.8804,364,S0_baseline,indonesia,USDC
903,0.9686472178300221,2929743107193.8804,364,S0_baseline,indonesia,USDC
904,0.9657546343832462,2929743106966.245,364,S0_baseline,indonesia,USDC
905,0.9683164838498526,2929743106180.7695,364,S0_baseline,indonesia,USDC
906,1.0034784808275103,2929743106155.9014,364,S0_baseline,indonesia,USDC
907,1.0158291618070734,2929743106155.9014,364,S0_baseline,indonesia,USDC
908,1.0343475472116193,2929743106155.9014,364,S0_baseline,indonesia,USDC
909,0.9747465259615199,2929743106155.9014,364,S0_baseline,indonesia,USDC
910,0.9985345118659793,2929743106155.9014,364,S0_baseline,indonesia,USDC
911,1.014182750894616,2929743106155.9014,364,S0_baseline,indonesia,USDC
912,1.019106107051107,2929743106155.9014,364,S0_baseline,indonesia,USDC
913,1.0328115095643298,2929743106155.9014,364,S0_baseline,indonesia,USDC
914,1.0111260232106276,2929743106155.9014,364,S0_baseline,indonesia,USDC
915,0.9667899460747995,2929743106155.9014,364,S0_baseline,indonesia,USDC
916,1.0148273707368354,2929743105768.042,364,S0_baseline,indonesia,USDC
917,1.0257547644980902,2929743105768.042,364,S0_baseline,indonesia,USDC
918,1.0389753049362247,2929743105768.042,364,S0_baseline,indonesia,USDC
919,1.0060743593455441,2929743105768.042,364,S0_baseline,indonesia,USDC
920,0.989478637817336,2929743105768.042,364,S0_baseline,indonesia,USDC
921,0.9962083944139499,2929743105768.042,364,S0_baseline,indonesia,USDC
922,1.0140931247833567,2929743105768.042,364,S0_baseline,indonesia,USDC
923,1.013279273957704,2929743105768.042,364,S0_baseline,indonesia,USDC
924,1.0325270952061003,2929743105768.042,364,S0_baseline,indonesia,USDC
925,1.008182355273239,2929743105768.042,364,S0_baseline,indonesia,USDC
926,0.9800051031710084,2929743105768.042,364,S0_baseline,indonesia,USDC
927,0.9948770780028068,2929743105768.042,364,S0_baseline,indonesia,USDC
928,1.0195775957496753,2929743105768.042,364,S0_baseline,indonesia,USDC
929,0.9920612095593129,2929743105768.042,364,S0_baseline,indonesia,USDC
930,1.0087627738189435,2929743105768.042,364,S0_baseline,indonesia,USDC
931,0.9868523460228713,2929743105768.042,364,S0_baseline,indonesia,USDC
932,0.974576546287882,2929743105768.042,364,S0_baseline,indonesia,USDC
933,0.9635653538769908,2929743105768.042,364,S0_baseline,indonesia,USDC
934,0.9742307645911439,2929743104615.254,364,S0_baseline,indonesia,USDC
935,0.9758489635859274,2929743104615.254,364,S0_baseline,indonesia,USDC
936,0.9807956084648161,2929743104615.254,364,S0_baseline,indonesia,USDC
937,0.9898285844980542,2929743104615.254,364,S0_baseline,indonesia,USDC
938,0.9648836926382107,2929743104615.254,364,S0_baseline,indonesia,USDC
939,0.9515909106609417,2929743103342.746,364,S0_baseline,indonesia,USDC
940,0.9529525588275364,2929743098995.95,364,S0_baseline,indonesia,USDC
941,0.9586755593726575,2929743094854.735,364,S0_baseline,indonesia,USDC
942,0.9559835550654465,2929743092315.2437,364,S0_baseline,indonesia,USDC
943,0.9441811937764176,2929743089526.3354,364,S0_baseline,indonesia,USDC
944,0.9000121187673755,2929743083931.241,364,S0_baseline,indonesia,USDC
945,0.8871583366039075,2929743068382.459,364,S0_baseline,indonesia,USDC
946,0.9159905123943674,2929743050872.8237,364,S0_baseline,indonesia,USDC
947,0.945696383369779,2929743040975.365,364,S0_baseline,indonesia,USDC
948,0.970682632584089,2929743036525.1807,364,S0_baseline,indonesia,USDC
949,0.9612794938752321,2929743036525.1807,364,S0_baseline,indonesia,USDC
950,0.9549173850423819,2929743035088.1143,364,S0_baseline,indonesia,USDC
951,0.9845579093092355,2929743032678.5615,364,S0_baseline,indonesia,USDC
952,0.9985345515142399,2929743032678.5615,364,S0_baseline,indonesia,USDC
953,0.9826447631115437,2929743032678.5615,364,S0_baseline,indonesia,USDC
954,0.8854173820566213,2929743032678.5615,364,S0_baseline,indonesia,USDC
955,0.8883464772759749,2929743018914.328,364,S0_baseline,indonesia,USDC
956,0.895151468458727,2929743006715.2573,364,S0_baseline,indonesia,USDC
957,0.8937992579611203,2929742995653.5244,364,S0_baseline,indonesia,USDC
958,0.8975008496466509,2929742985499.968,364,S0_baseline,indonesia,USDC
959,0.9276546981845023,2929742976584.9497,364,S0_baseline,indonesia,USDC
960,0.9651538096693314,2929742972064.378,364,S0_baseline,indonesia,USDC
961,0.9636228298746026,2929742971716.54,364,S0_baseline,indonesia,USDC
962,0.9601628873426568,2929742971207.3438,364,S0_baseline,indonesia,USDC
963,0.9439360983339048,2929742970261.4253,364,S0_baseline,indonesia,USDC
964,0.9366283116508077,2929742967488.664,364,S0_baseline,indonesia,USDC
965,0.9299655957918752,2929742963906.2646,364,S0_baseline,indonesia,USDC
966,0.9420078850240747,2929742959999.004,364,S0_baseline,indonesia,USDC
967,0.9697562158606461,2929742957210.229,364,S0_baseline,indonesia,USDC
968,0.9797975351805998,2929742957202.595,364,S0_baseline,indonesia,USDC
969,0.965469761552346,2929742957202.595,364,S0_baseline,indonesia,USDC
970,0.9580883883234311,2929742956876.0547,364,S0_baseline,indonesia,USDC
971,0.9736142221416104,2929742955793.0996,364,S0_baseline,indonesia,USDC
972,0.9889749130048064,2929742955793.0996,364,S0_baseline,indonesia,USDC
973,0.974762601505402,2929742955793.0996,364,S0_baseline,indonesia,USDC
974,0.9827613481151267,2929742955793.0996,364,S0_baseline,indonesia,USDC
975,0.9862303417234181,2929742955793.0996,364,S0_baseline,indonesia,USDC
976,0.9648528403110199,2929742955793.0996,364,S0_baseline,indonesia,USDC
977,0.9407388523697306,2929742955302.621,364,S0_baseline,indonesia,USDC
978,0.9382129174339764,2929742952809.9424,364,S0_baseline,indonesia,USDC
979,0.9525442543184799,2929742950163.56,364,S0_baseline,indonesia,USDC
980,0.9451910227066177,2929742948743.6626,364,S0_baseline,indonesia,USDC
981,0.9632394144673464,2929742946639.4585,364,S0_baseline,indonesia,USDC
982,0.9726014245617947,2929742946164.6787,364,S0_baseline,indonesia,USDC
983,0.9336188232604506,2929742946164.6787,364,S0_baseline,indonesia,USDC
984,0.9270362811748186,2929742943250.4116,364,S0_baseline,indonesia,USDC
985,0.9313949082138153,2929742940012.3623,364,S0_baseline,indonesia,USDC
986,0.9441219188508454,2929742937232.763,364,S0_baseline,indonesia,USDC
987,0.9622302490423416,2929742935474.746,364,S0_baseline,indonesia,USDC
988,0.9660167046526735,2929742935037.5073,364,S0_baseline,indonesia,USDC
989,0.9790336188015768,2929742934783.8037,364,S0_baseline,indonesia,USDC
990,0.9702867382556594,2929742934783.8037,364,S0_baseline,indonesia,USDC
991,0.9498407005177673,2929742934783.8037,364,S0_baseline,indonesia,USDC
992,0.9788230485896947,2929742933363.2676,364,S0_baseline,indonesia,USDC
993,0.9986477032193443,2929742933363.2676,364,S0_baseline,indonesia,USDC
994,1.0413256585203805,2929742933363.2676,364,S0_baseline,indonesia,USDC
995,1.009449079719705,2929742933363.2676,364,S0_baseline,indonesia,USDC
996,0.988624616501197,2929742933363.2676,364,S0_baseline,indonesia,USDC
997,0.9856659645928887,2929742933363.2676,364,S0_baseline,indonesia,USDC
998,0.9694790694021487,2929742933363.2676,364,S0_baseline,indonesia,USDC
999,0.9988981812230865,2929742933338.6914,364,S0_baseline,indonesia,USDC
1000,1.006939368404877,2929742933338.6914,364,S0_baseline,indonesia,USDC
