Step,price,liquidity,iteration,scenario,region,coin
1,1.002627110198838,2989504522019.8667,367,S0_baseline,indonesia,USDC
2,1.0575672770259512,2989504522019.8667,367,S0_baseline,indonesia,USDC
3,1.0688680516940188,2989504522019.8667,367,S0_baseline,indonesia,USDC
4,1.0845579306292978,2989504522019.8667,367,S0_baseline,indonesia,USDC
5,1.098025154777746,2989504522019.8667,367,S0_baseline,indonesia,USDC
6,1.1073514187919442,2989504522019.8667,367,S0_baseline,indonesia,USDC
7,1.103437630157066,2989504522019.8667,367,S0_baseline,indonesia,USDC
8,1.0849253688480605,2989504522019.8667,367,S0_baseline,indonesia,USDC
9,1.0506354142549832,2989504522019.8667,367,S0_baseline,indonesia,USDC
10,1.0303840787446354,2989504522019.8667,367,S0_baseline,indonesia,USDC
11,1.0489856725222666,2989504522019.8667,367,S0_baseline,indonesia,USDC
12,1.0375832163213048,2989504522019.8667,367,S0_baseline,indonesia,USDC
13,1.0211945191110008,2989504522019.8667,367,S0_baseline,indonesia,USDC
14,1.030080952351343,2989504522019.8667,367,S0_baseline,indonesia,USDC
15,1.00683910794232,2989504522019.8667,367,S0_baseline,indonesia,USDC
16,0.9868049906787172,2989504522019.8667,367,S0_baseline,indonesia,USDC
17,1.0135566748032065,2989504522019.8667,367,S0_baseline,indonesia,USDC
18,0.9974086036064547,2989504522019.8667,367,S0_baseline,indonesia,USDC
19,1.0047675551865187,2989504522019.8667,367,S0_baseline,indonesia,USDC
20,1.0363550071054366,2989504522019.8667,367,S0_baseline,indonesia,USDC
21,1.0356096861198085,2989504522019.8667,367,S0_baseline,indonesia,USDC
22,1.021195652476235,2989504522019.8667,367,S0_baseline,indonesia,USDC
23,1.004010137361046,2989504522019.8667,367,S0_baseline,indonesia,USDC
24,0.9816732193114669,2989504522019.8667,367,S0_baseline,indonesia,USDC
25,0.9975481089749548,2989504522019.8667,367,S0_baseline,indonesia,USDC
26,1.0160168112500134,2989504522019.8667,367,S0_baseline,indonesia,USDC
27,0.9924262167881087,2989504522019.8667,367,S0_baseline,indonesia,USDC
28,0.9843268883177733,2989504522019.8667,367,S0_baseline,indonesia,USDC
29,0.9642565616092298,2989504522019.8667,367,S0_baseline,indonesia,USDC
30,0.9621291249303197,2989149257789.5093,367,S0_baseline,indonesia,USDC
31,0.9699293105254083,2988680453409.4824,367,S0_baseline,indonesia,USDC
32,0.9451021367014465,2988680453409.4824,367,S0_baseline,indonesia,USDC
33,0.9496746239533355,2987184092486.7686,367,S0_baseline,indonesia,USDC
34,0.9415295548383921,2986016923492.38,367,S0_baseline,indonesia,USDC
35,0.9573233309071063,2984358229443.85,367,S0_baseline,indonesia,USDC
36,1.0031182722787115,2983694248749.2583,367,S0_baseline,indonesia,USDC
37,0.9708069363735389,2983694248749.2583,367,S0_baseline,indonesia,USDC
38,0.937452919109932,2983694248749.2583,367,S0_baseline,indonesia,USDC
39,0.9455939320919047,2981902065434.2236,367,S0_baseline,indonesia,USDC
40,0.9576170601776913,2980606317241.851,367,S0_baseline,indonesia,USDC
41,0.9102210943462254,2979971561723.0586,367,S0_baseline,indonesia,USDC
42,0.8892934800408263,2976861392233.324,367,S0_baseline,indonesia,USDC
43,0.870371334478285,2972921177603.338,367,S0_baseline,indonesia,USDC
44,0.8945847142397525,2968565082352.8247,367,S0_baseline,indonesia,USDC
45,0.9030589083674295,2965528212951.314,367,S0_baseline,indonesia,USDC
46,0.9360361282204768,2963113926251.5684,367,S0_baseline,indonesia,USDC
47,0.9161077793688928,2961983461983.4116,367,S0_baseline,indonesia,USDC
48,0.9432252156424172,2960239605059.146,367,S0_baseline,indonesia,USDC
49,0.9425489014020908,2959411468033.7666,367,S0_baseline,indonesia,USDC
50,0.9405595891132194,2958585604580.73,367,S0_baseline,indonesia,USDC
51,0.9607169261430891,2957702966416.169,367,S0_baseline,indonesia,USDC
52,0.9782336045601273,2957433102249.178,367,S0_baseline,indonesia,USDC
53,0.999041563904066,2957433102249.178,367,S0_baseline,indonesia,USDC
54,0.9856948911803499,2957433102249.178,367,S0_baseline,indonesia,USDC
55,0.9924428783102608,2957433102249.178,367,S0_baseline,indonesia,USDC
56,1.0201781469991456,2957433102249.178,367,S0_baseline,indonesia,USDC
57,1.0418123189090385,2957433102249.178,367,S0_baseline,indonesia,USDC
58,1.0525912344044062,2957433102249.178,367,S0_baseline,indonesia,USDC
59,1.0616212446427238,2957433102249.178,367,S0_baseline,indonesia,USDC
60,1.076788277290247,2957433102249.178,367,S0_baseline,indonesia,USDC
61,1.0422348206453957,2957433102249.178,367,S0_baseline,indonesia,USDC
62,1.0494459282046893,2957433102249.178,367,S0_baseline,indonesia,USDC
63,1.0177978758873332,2957433102249.178,367,S0_baseline,indonesia,USDC
64,1.007836844091578,2957433102249.178,367,S0_baseline,indonesia,USDC
65,0.9883615132480869,2957433102249.178,367,S0_baseline,indonesia,USDC
66,0.9837789369451332,2957433102249.178,367,S0_baseline,indonesia,USDC
67,0.998165804254946,2957433102249.178,367,S0_baseline,indonesia,USDC
68,0.987986231597487,2957433102249.178,367,S0_baseline,indonesia,USDC
69,1.0052231816588606,2957433102249.178,367,S0_baseline,indonesia,USDC
70,1.0128199139393885,2957433102249.178,367,S0_baseline,indonesia,USDC
71,1.0061875144699541,2957433102249.178,367,S0_baseline,indonesia,USDC
72,0.9856915748475833,2957433102249.178,367,S0_baseline,indonesia,USDC
73,1.0130149882349957,2957433102249.178,367,S0_baseline,indonesia,USDC
74,1.0116716147336842,2957433102249.178,367,S0_baseline,indonesia,USDC
75,1.0060725442572755,2957433102249.178,367,S0_baseline,indonesia,USDC
76,1.0094028460978322,2957433102249.178,367,S0_baseline,indonesia,USDC
77,1.0103509794937369,2957433102249.178,367,S0_baseline,indonesia,USDC
78,1.0302852458341492,2957433102249.178,367,S0_baseline,indonesia,USDC
79,1.001843615296081,2957433102249.178,367,S0_baseline,indonesia,USDC
80,0.9923831647991945,2957433102249.178,367,S0_baseline,indonesia,USDC
81,0.9606551979638447,2957433102249.178,367,S0_baseline,indonesia,USDC
82,0.9356869030526511,2957197722747.416,367,S0_baseline,indonesia,USDC
83,0.9365957586434217,2956218094416.131,367,S0_baseline,indonesia,USDC
84,0.9073514640927511,2955325529108.252,367,S0_baseline,indonesia,USDC
85,0.908217853739922,2953657850459.038,367,S0_baseline,indonesia,USDC
86,0.924316925282156,2952195512079.5156,367,S0_baseline,indonesia,USDC
87,0.9195432182259244,2951215380121.2563,367,S0_baseline,indonesia,USDC
88,0.9496504964337187,2950116119694.3716,367,S0_baseline,indonesia,USDC
89,0.9400393206684582,2949701480383.048,367,S0_baseline,indonesia,USDC
90,0.92524943775042,2949098422464.0005,367,S0_baseline,indonesia,USDC
91,0.9024413468021751,2948244717564.514,367,S0_baseline,indonesia,USDC
92,0.9321603900628748,2947033739255.483,367,S0_baseline,indonesia,USDC
93,0.9386670951209231,2946411223812.4824,367,S0_baseline,indonesia,USDC
94,0.9405032251416744,2945882951581.663,367,S0_baseline,indonesia,USDC
95,0.9763929339352447,2945401632404.293,367,S0_baseline,indonesia,USDC
96,0.9819771740575413,2945401632404.293,367,S0_baseline,indonesia,USDC
97,0.9704355501171067,2945401632404.293,367,S0_baseline,indonesia,USDC
98,0.9619871474438964,2945401632404.293,367,S0_baseline,indonesia,USDC
99,0.924111703149736,2945270311577.9233,367,S0_baseline,indonesia,USDC
100,0.9207213778271051,2944524471133.2646,367,S0_baseline,indonesia,USDC
101,0.953573673692375,2943781788076.461,367,S0_baseline,indonesia,USDC
102,0.9517385353919561,2943562773736.8887,367,S0_baseline,indonesia,USDC
103,0.9714499915728678,2943321432569.237,367,S0_baseline,indonesia,USDC
104,0.9422556416184803,2943321432569.237,367,S0_baseline,indonesia,USDC
105,0.9356148212555522,2942926235334.1777,367,S0_baseline,indonesia,USDC
106,0.9204460896386527,2942465327633.135,367,S0_baseline,indonesia,USDC
107,0.9029470480229823,2941838646914.6426,367,S0_baseline,indonesia,USDC
108,0.9407395870551987,2941027052732.6777,367,S0_baseline,indonesia,USDC
109,0.9470723754908381,2940679471282.342,367,S0_baseline,indonesia,USDC
110,0.9469021752429744,2940435638139.9014,367,S0_baseline,indonesia,USDC
111,0.9698291041097503,2940185310466.455,367,S0_baseline,indonesia,USDC
112,0.9764646712413497,2940185310466.455,367,S0_baseline,indonesia,USDC
113,0.9591931371598693,2940185310466.455,367,S0_baseline,indonesia,USDC
114,1.0007839638801648,2940081294561.517,367,S0_baseline,indonesia,USDC
115,0.984213126857129,2940081294561.517,367,S0_baseline,indonesia,USDC
116,0.9653502075374242,2940081294561.517,367,S0_baseline,indonesia,USDC
117,0.989244215998283,2940043188943.6313,367,S0_baseline,indonesia,USDC
118,0.9971086228928706,2940043188943.6313,367,S0_baseline,indonesia,USDC
119,0.9994065653255693,2940043188943.6313,367,S0_baseline,indonesia,USDC
120,1.0153382445914505,2940043188943.6313,367,S0_baseline,indonesia,USDC
121,1.0278010170475347,2940043188943.6313,367,S0_baseline,indonesia,USDC
122,1.0278505031880154,2940043188943.6313,367,S0_baseline,indonesia,USDC
123,1.0276279481788733,2940043188943.6313,367,S0_baseline,indonesia,USDC
124,1.0304276543058624,2940043188943.6313,367,S0_baseline,indonesia,USDC
125,0.9457783933119497,2940043188943.6313,367,S0_baseline,indonesia,USDC
126,0.9697841513607323,2939799642711.076,367,S0_baseline,indonesia,USDC
127,0.9601887222059621,2939797351795.826,367,S0_baseline,indonesia,USDC
128,0.9507118172650391,2939700287629.824,367,S0_baseline,indonesia,USDC
129,0.9661423837745381,2939514826540.703,367,S0_baseline,indonesia,USDC
130,0.9794702864342493,2939475016320.9697,367,S0_baseline,indonesia,USDC
131,0.984835533493315,2939475016320.9697,367,S0_baseline,indonesia,USDC
132,0.963197228615067,2939475016320.9697,367,S0_baseline,indonesia,USDC
133,0.9849784558050362,2939411414328.6343,367,S0_baseline,indonesia,USDC
134,0.9897241985487606,2939411414328.6343,367,S0_baseline,indonesia,USDC
135,0.9797288952905766,2939411414328.6343,367,S0_baseline,indonesia,USDC
136,0.977962282599167,2939411414328.6343,367,S0_baseline,indonesia,USDC
137,0.9995397338285725,2939411414328.6343,367,S0_baseline,indonesia,USDC
138,1.0106953463199788,2939411414328.6343,367,S0_baseline,indonesia,USDC
139,1.0143149638236908,2939411414328.6343,367,S0_baseline,indonesia,USDC
140,1.0058130142938586,2939411414328.6343,367,S0_baseline,indonesia,USDC
141,0.9967653408270492,2939411414328.6343,367,S0_baseline,indonesia,USDC
142,0.9953438846537189,2939411414328.6343,367,S0_baseline,indonesia,USDC
143,0.9624210194329209,2939411414328.6343,367,S0_baseline,indonesia,USDC
144,0.9672103768026264,2939353198247.5923,367,S0_baseline,indonesia,USDC
145,0.9610962695544281,2939341520539.8154,367,S0_baseline,indonesia,USDC
146,0.9439285200931394,2939270952306.543,367,S0_baseline,indonesia,USDC
147,0.9192963404160217,2939027231793.382,367,S0_baseline,indonesia,USDC
148,0.9239382163412011,2938542672180.112,367,S0_baseline,indonesia,USDC
149,0.9493522559590363,2938125248348.4663,367,S0_baseline,indonesia,USDC
150,0.9924702155847479,2937964250891.092,367,S0_baseline,indonesia,USDC
151,1.0215445310555,2937964250891.092,367,S0_baseline,indonesia,USDC
152,1.0645480292960987,2937964250891.092,367,S0_baseline,indonesia,USDC
153,1.0570603760905775,2937964250891.092,367,S0_baseline,indonesia,USDC
154,1.0295586135914607,2937964250891.092,367,S0_baseline,indonesia,USDC
155,1.0171671286390442,2937964250891.092,367,S0_baseline,indonesia,USDC
156,1.0050651313393466,2937964250891.092,367,S0_baseline,indonesia,USDC
157,1.0024592563659929,2937964250891.092,367,S0_baseline,indonesia,USDC
158,0.966379591276003,2937964250891.092,367,S0_baseline,indonesia,USDC
159,1.0006409495621122,2937942453239.4463,367,S0_baseline,indonesia,USDC
160,1.0189758457460338,2937942453239.4463,367,S0_baseline,indonesia,USDC
161,1.0321561027737862,2937942453239.4463,367,S0_baseline,indonesia,USDC
162,1.0152655548150002,2937942453239.4463,367,S0_baseline,indonesia,USDC
163,0.9928692761209655,2937942453239.4463,367,S0_baseline,indonesia,USDC
164,0.9890347504688665,2937942453239.4463,367,S0_baseline,indonesia,USDC
165,0.9873674991779152,2937942453239.4463,367,S0_baseline,indonesia,USDC
166,1.0060204211340364,2937942453239.4463,367,S0_baseline,indonesia,USDC
167,1.0098362050920509,2937942453239.4463,367,S0_baseline,indonesia,USDC
168,1.018245966937795,2937942453239.4463,367,S0_baseline,indonesia,USDC
169,1.0557559935460636,2937942453239.4463,367,S0_baseline,indonesia,USDC
170,1.0471196960694578,2937942453239.4463,367,S0_baseline,indonesia,USDC
171,1.0524427191525898,2937942453239.4463,367,S0_baseline,indonesia,USDC
172,1.0479392882645215,2937942453239.4463,367,S0_baseline,indonesia,USDC
173,1.017708845245295,2937942453239.4463,367,S0_baseline,indonesia,USDC
174,1.0169833372269277,2937942453239.4463,367,S0_baseline,indonesia,USDC
175,1.035997486337983,2937942453239.4463,367,S0_baseline,indonesia,USDC
176,1.037658904354189,2937942453239.4463,367,S0_baseline,indonesia,USDC
177,0.9570273384404769,2937942453239.4463,367,S0_baseline,indonesia,USDC
178,0.9622177852870437,2937848296117.9556,367,S0_baseline,indonesia,USDC
179,0.9825308139897986,2937797604645.4575,367,S0_baseline,indonesia,USDC
180,0.9402471138244521,2937797604645.4575,367,S0_baseline,indonesia,USDC
181,0.9215097691751145,2937568773344.122,367,S0_baseline,indonesia,USDC
182,0.8993268819842605,2937176544944.001,367,S0_baseline,indonesia,USDC
183,0.8939050728051756,2936644139215.3047,367,S0_baseline,indonesia,USDC
184,0.87478271917323,2936123093037.6157,367,S0_baseline,indonesia,USDC
185,0.903619666011699,2935487619480.089,367,S0_baseline,indonesia,USDC
186,0.902177334457422,2935088003559.7144,367,S0_baseline,indonesia,USDC
187,0.882771600581816,2934707004427.983,367,S0_baseline,indonesia,USDC
188,0.8857743029812326,2934239165032.662,367,S0_baseline,indonesia,USDC
189,0.8687783009002759,2933846697462.5405,367,S0_baseline,indonesia,USDC
190,0.9139611714753254,2933403404716.7607,367,S0_baseline,indonesia,USDC
191,0.9312778083822141,2933189637797.369,367,S0_baseline,indonesia,USDC
192,0.9089078656819422,2933046907808.3394,367,S0_baseline,indonesia,USDC
193,0.9203036377052938,2932823802748.1377,367,S0_baseline,indonesia,USDC
194,0.9092616564929521,2932653744833.055,367,S0_baseline,indonesia,USDC
195,0.9462278289434066,2932456550423.769,367,S0_baseline,indonesia,USDC
196,0.9308505736800508,2932392386222.3604,367,S0_baseline,indonesia,USDC
197,0.944774361562222,2932286124862.388,367,S0_baseline,indonesia,USDC
198,0.9408387246669135,2932213787019.519,367,S0_baseline,indonesia,USDC
199,0.942370568311704,2932132337924.05,367,S0_baseline,indonesia,USDC
200,0.9304829040314677,2932065293508.424,367,S0_baseline,indonesia,USDC
201,0.9226215316821716,2931960969536.6025,367,S0_baseline,indonesia,USDC
202,0.9076455298519616,2931840987350.163,367,S0_baseline,indonesia,USDC
203,0.9041829835538073,2931694452463.1113,367,S0_baseline,indonesia,USDC
204,0.9040032480824817,2931553062331.4683,367,S0_baseline,indonesia,USDC
205,0.9070710620845557,2931413683974.007,367,S0_baseline,indonesia,USDC
206,0.9156641400477566,2931298971897.257,367,S0_baseline,indonesia,USDC
207,0.9326434407695353,2931203657026.614,367,S0_baseline,indonesia,USDC
208,0.92832759262259,2931140207105.413,367,S0_baseline,indonesia,USDC
209,0.9543109568486303,2931069936038.17,367,S0_baseline,indonesia,USDC
210,0.9840099340750685,2931045838803.0957,367,S0_baseline,indonesia,USDC
211,1.0274286184666406,2931045838803.0957,367,S0_baseline,indonesia,USDC
212,1.0581536301415977,2931045838803.0957,367,S0_baseline,indonesia,USDC
213,1.046005916163277,2931045838803.0957,367,S0_baseline,indonesia,USDC
214,1.0465881762676903,2931045838803.0957,367,S0_baseline,indonesia,USDC
215,1.0294605755322406,2931045838803.0957,367,S0_baseline,indonesia,USDC
216,1.0214997358412867,2931045838803.0957,367,S0_baseline,indonesia,USDC
217,1.0428202905535826,2931045838803.0957,367,S0_baseline,indonesia,USDC
218,1.0450489088680441,2931045838803.0957,367,S0_baseline,indonesia,USDC
219,1.050246775160663,2931045838803.0957,367,S0_baseline,indonesia,USDC
220,1.0603040372921138,2931045838803.0957,367,S0_baseline,indonesia,USDC
221,1.049394765038179,2931045838803.0957,367,S0_baseline,indonesia,USDC
222,1.014792174362452,2931045838803.0957,367,S0_baseline,indonesia,USDC
223,0.9910205905936489,2931045838803.0957,367,S0_baseline,indonesia,USDC
224,0.9932960865927077,2931045838803.0957,367,S0_baseline,indonesia,USDC
225,0.984611039764895,2931045838803.0957,367,S0_baseline,indonesia,USDC
226,1.002994958649798,2931045838803.0957,367,S0_baseline,indonesia,USDC
227,1.003723881839304,2931045838803.0957,367,S0_baseline,indonesia,USDC
228,1.0142203412491806,2931045838803.0957,367,S0_baseline,indonesia,USDC
229,0.978920633683592,2931045838803.0957,367,S0_baseline,indonesia,USDC
230,0.9836635717693281,2931045838803.0957,367,S0_baseline,indonesia,USDC
231,0.9683567462988607,2931045838803.0957,367,S0_baseline,indonesia,USDC
232,0.9548827428110499,2931043227695.355,367,S0_baseline,indonesia,USDC
233,0.9210228820673825,2931020454494.1777,367,S0_baseline,indonesia,USDC
234,0.9252132996294634,2930943912222.4536,367,S0_baseline,indonesia,USDC
235,0.9149967771147899,2930877452905.2173,367,S0_baseline,indonesia,USDC
236,0.9140013932462624,2930803621527.3315,367,S0_baseline,indonesia,USDC
237,0.9076921479984761,2930734382635.5083,367,S0_baseline,indonesia,USDC
238,0.9523821159491844,2930659298464.898,367,S0_baseline,indonesia,USDC
239,0.9706291119416502,2930640224389.6626,367,S0_baseline,indonesia,USDC
240,0.9871769128809228,2930640224389.6626,367,S0_baseline,indonesia,USDC
241,1.003627908982684,2930640224389.6626,367,S0_baseline,indonesia,USDC
242,1.0124012336232284,2930640224389.6626,367,S0_baseline,indonesia,USDC
243,1.0020155702592701,2930640224389.6626,367,S0_baseline,indonesia,USDC
244,1.058577860327416,2930640224389.6626,367,S0_baseline,indonesia,USDC
245,1.0731734970131563,2930640224389.6626,367,S0_baseline,indonesia,USDC
246,1.0360661914010978,2930640224389.6626,367,S0_baseline,indonesia,USDC
247,1.0088399799535663,2930640224389.6626,367,S0_baseline,indonesia,USDC
248,1.0556947036727926,2930640224389.6626,367,S0_baseline,indonesia,USDC
249,1.032853714721579,2930640224389.6626,367,S0_baseline,indonesia,USDC
250,0.9911707232705572,2930640224389.6626,367,S0_baseline,indonesia,USDC
251,0.9846796313933919,2930640224389.6626,367,S0_baseline,indonesia,USDC
252,1.0100293027980616,2930640224389.6626,367,S0_baseline,indonesia,USDC
253,1.0299350621365337,2930640224389.6626,367,S0_baseline,indonesia,USDC
254,1.0419450372557595,2930640224389.6626,367,S0_baseline,indonesia,USDC
255,1.0142835666697885,2930640224389.6626,367,S0_baseline,indonesia,USDC
256,1.0025424488514738,2930640224389.6626,367,S0_baseline,indonesia,USDC
257,1.0332836255203839,2930640224389.6626,367,S0_baseline,indonesia,USDC
258,1.0350267766404537,2930640224389.6626,367,S0_baseline,indonesia,USDC
259,1.0542912979347752,2930640224389.6626,367,S0_baseline,indonesia,USDC
260,1.0608157191342482,2930640224389.6626,367,S0_baseline,indonesia,USDC
261,1.0323172447942341,2930640224389.6626,367,S0_baseline,indonesia,USDC
262,1.0369210069193862,2930640224389.6626,367,S0_baseline,indonesia,USDC
263,1.0067254659183158,2930640224389.6626,367,S0_baseline,indonesia,USDC
264,1.0267206708624665,2930640224389.6626,367,S0_baseline,indonesia,USDC
265,1.0358501278414312,2930640224389.6626,367,S0_baseline,indonesia,USDC
266,1.0537964589009394,2930640224389.6626,367,S0_baseline,indonesia,USDC
267,1.04881040788652,2930640224389.6626,367,S0_baseline,indonesia,USDC
268,0.9237588209096524,2930640224389.6626,367,S0_baseline,indonesia,USDC
269,0.9561493552719165,2930590547222.357,367,S0_baseline,indonesia,USDC
270,0.9808374373848018,2930577494640.9346,367,S0_baseline,indonesia,USDC
271,0.9732274830286753,2930577494640.9346,367,S0_baseline,indonesia,USDC
272,0.9704366983430516,2930577494640.9346,367,S0_baseline,indonesia,USDC
273,0.9766944433333051,2930577494640.9346,367,S0_baseline,indonesia,USDC
274,0.9859381068630594,2930577494640.9346,367,S0_baseline,indonesia,USDC
275,0.98291580733263,2930577494640.9346,367,S0_baseline,indonesia,USDC
276,0.9935991487749775,2930577494640.9346,367,S0_baseline,indonesia,USDC
277,0.995401419374456,2930577494640.9346,367,S0_baseline,indonesia,USDC
278,0.9727102003938547,2930577494640.9346,367,S0_baseline,indonesia,USDC
279,0.9905263095762268,2930577494640.9346,367,S0_baseline,indonesia,USDC
280,0.9926852332604638,2930577494640.9346,367,S0_baseline,indonesia,USDC
281,1.0072797258367312,2930577494640.9346,367,S0_baseline,indonesia,USDC
282,1.005426400881535,2930577494640.9346,367,S0_baseline,indonesia,USDC
283,1.0312586205822882,2930577494640.9346,367,S0_baseline,indonesia,USDC
284,1.0121873760302136,2930577494640.9346,367,S0_baseline,indonesia,USDC
285,1.0181782412990483,2930577494640.9346,367,S0_baseline,indonesia,USDC
286,0.9922692228290771,2930577494640.9346,367,S0_baseline,indonesia,USDC
287,0.9781230684951681,2930577494640.9346,367,S0_baseline,indonesia,USDC
288,0.9808829422829237,2930577494640.9346,367,S0_baseline,indonesia,USDC
289,0.9990878821084118,2930577494640.9346,367,S0_baseline,indonesia,USDC
290,1.011003144860572,2930577494640.9346,367,S0_baseline,indonesia,USDC
291,1.002560587082815,2930577494640.9346,367,S0_baseline,indonesia,USDC
292,0.994731383215668,2930577494640.9346,367,S0_baseline,indonesia,USDC
293,1.001938395008567,2930577494640.9346,367,S0_baseline,indonesia,USDC
294,0.9751839408454573,2930577494640.9346,367,S0_baseline,indonesia,USDC
295,1.0134369471262425,2930577494640.9346,367,S0_baseline,indonesia,USDC
296,1.016558356607974,2930577494640.9346,367,S0_baseline,indonesia,USDC
297,1.0108271651718423,2930577494640.9346,367,S0_baseline,indonesia,USDC
298,1.0072096571737519,2930577494640.9346,367,S0_baseline,indonesia,USDC
299,1.0066086676690094,2930577494640.9346,367,S0_baseline,indonesia,USDC
300,0.9966149869562596,2930577494640.9346,367,S0_baseline,indonesia,USDC
301,0.9737094688543422,2930577494640.9346,367,S0_baseline,indonesia,USDC
302,0.9382150637056108,2930577494640.9346,367,S0_baseline,indonesia,USDC
303,0.930918000665216,2930545752693.353,367,S0_baseline,indonesia,USDC
304,0.9507123335199562,2930507508506.081,367,S0_baseline,indonesia,USDC
305,0.9415734706125828,2930490113118.8037,367,S0_baseline,indonesia,USDC
306,0.9194111522383689,2930463220894.556,367,S0_baseline,indonesia,USDC
307,0.9326859222105833,2930417203936.27,367,S0_baseline,indonesia,USDC
308,0.9486628523545614,2930384221342.3755,367,S0_baseline,indonesia,USDC
309,0.9437001781624529,2930367198443.79,367,S0_baseline,indonesia,USDC
310,0.9614157425245766,2930344628897.051,367,S0_baseline,indonesia,USDC
311,0.9434611418903215,2930337742789.3096,367,S0_baseline,indonesia,USDC
312,0.9443864659452789,2930316550206.611,367,S0_baseline,indonesia,USDC
313,0.9448155447023852,2930295108029.6885,367,S0_baseline,indonesia,USDC
314,0.9335379682316186,2930275343616.7188,367,S0_baseline,indonesia,USDC
315,0.952941829347665,2930247236919.5347,367,S0_baseline,indonesia,USDC
316,0.9670377264226311,2930235977314.092,367,S0_baseline,indonesia,USDC
317,0.9476174166604654,2930234574484.9663,367,S0_baseline,indonesia,USDC
318,0.9604134258705631,2930217728649.768,367,S0_baseline,indonesia,USDC
319,0.9558464177535292,2930211641635.167,367,S0_baseline,indonesia,USDC
320,0.9710031678903136,2930201323825.236,367,S0_baseline,indonesia,USDC
321,0.96254153206257,2930201323825.236,367,S0_baseline,indonesia,USDC
322,0.9551074497278262,2930196421788.914,367,S0_baseline,indonesia,USDC
323,0.9350504466033317,2930185798951.704,367,S0_baseline,indonesia,USDC
324,0.947437670335223,2930161252225.408,367,S0_baseline,indonesia,USDC
325,0.9500436003932209,2930147755936.8306,367,S0_baseline,indonesia,USDC
326,0.9436927216692625,2930135632424.8535,367,S0_baseline,indonesia,USDC
327,0.9565349034959432,2930119726038.4683,367,S0_baseline,indonesia,USDC
328,0.9689983746266352,2930112564403.0264,367,S0_baseline,indonesia,USDC
329,0.9689657119313793,2930111936536.347,367,S0_baseline,indonesia,USDC
330,1.0188122172770053,2930111936536.347,367,S0_baseline,indonesia,USDC
331,1.0176768799897535,2930111936536.347,367,S0_baseline,indonesia,USDC
332,1.0088885810416381,2930111936536.347,367,S0_baseline,indonesia,USDC
333,0.9915489943203296,2930111936536.347,367,S0_baseline,indonesia,USDC
334,1.0198578928489805,2930111936536.347,367,S0_baseline,indonesia,USDC
335,1.0070283746894102,2930111936536.347,367,S0_baseline,indonesia,USDC
336,1.006243687266187,2930111936536.347,367,S0_baseline,indonesia,USDC
337,1.020390837873771,2930111936536.347,367,S0_baseline,indonesia,USDC
338,1.068861487315107,2930111936536.347,367,S0_baseline,indonesia,USDC
339,1.092780351312258,2930111936536.347,367,S0_baseline,indonesia,USDC
340,1.0981147031995655,2930111936536.347,367,S0_baseline,indonesia,USDC
341,1.0816325769454695,2930111936536.347,367,S0_baseline,indonesia,USDC
342,1.1093785933753115,2930111936536.347,367,S0_baseline,indonesia,USDC
343,1.0887411039734274,2930111936536.347,367,S0_baseline,indonesia,USDC
344,1.1077741190335757,2930111936536.347,367,S0_baseline,indonesia,USDC
345,1.0902200185210236,2930111936536.347,367,S0_baseline,indonesia,USDC
346,1.0802022437654364,2930111936536.347,367,S0_baseline,indonesia,USDC
347,1.100414066293782,2930111936536.347,367,S0_baseline,indonesia,USDC
348,1.0939472444624128,2930111936536.347,367,S0_baseline,indonesia,USDC
349,1.0837088700266808,2930111936536.347,367,S0_baseline,indonesia,USDC
350,1.0457989218725388,2930111936536.347,367,S0_baseline,indonesia,USDC
351,1.0435199597729838,2930111936536.347,367,S0_baseline,indonesia,USDC
352,1.0426586395180235,2930111936536.347,367,S0_baseline,indonesia,USDC
353,1.0122296605585945,2930111936536.347,367,S0_baseline,indonesia,USDC
354,1.0306266063849443,2930111936536.347,367,S0_baseline,indonesia,USDC
355,1.0107907772545441,2930111936536.347,367,S0_baseline,indonesia,USDC
356,1.001376336053895,2930111936536.347,367,S0_baseline,indonesia,USDC
357,0.9692406430476451,2930111936536.347,367,S0_baseline,indonesia,USDC
358,1.003774956375881,2930111936536.347,367,S0_baseline,indonesia,USDC
359,0.9647658702494173,2930111936536.347,367,S0_baseline,indonesia,USDC
360,0.9895315313393759,2930109024785.9883,367,S0_baseline,indonesia,USDC
361,0.9897470832133832,2930109024785.9883,367,S0_baseline,indonesia,USDC
362,0.8243416256963223,2930109024785.9883,367,S0_baseline,indonesia,USDC
363,0.8410354057154097,2930018250672.4053,367,S0_baseline,indonesia,USDC
364,0.8440164123153997,2929954158328.173,367,S0_baseline,indonesia,USDC
365,0.8480410054236804,2929896960012.202,367,S0_baseline,indonesia,USDC
366,0.8465354573407091,2929849654665.6973,367,S0_baseline,indonesia,USDC
367,0.8663011899998647,2929805725135.518,367,S0_baseline,indonesia,USDC
368,0.8774042842469436,2929773524718.3413,367,S0_baseline,indonesia,USDC
369,0.8873187349394973,2929747845855.0376,367,S0_baseline,indonesia,USDC
370,0.9052137709055117,2929728518617.2715,367,S0_baseline,indonesia,USDC
371,0.9110372370253337,2929713557900.905,367,S0_baseline,indonesia,USDC
372,0.9300384931970698,2929701488733.112,367,S0_baseline,indonesia,USDC
373,0.9314010198937945,2929694084524.6074,367,S0_baseline,indonesia,USDC
374,0.918981096353488,2929686987719.163,367,S0_baseline,indonesia,USDC
375,0.9098341602299995,2929678152624.9507,367,S0_baseline,indonesia,USDC
376,0.9303492788607169,2929667918300.112,367,S0_baseline,indonesia,USDC
377,0.9284054307706487,2929661825777.529,367,S0_baseline,indonesia,USDC
378,0.946270282713706,2929655272475.0576,367,S0_baseline,indonesia,USDC
379,0.9551562208136567,2929651863614.3403,367,S0_baseline,indonesia,USDC
380,0.9560096881601869,2929649722497.8,367,S0_baseline,indonesia,USDC
381,0.9754700221142465,2929647957519.1914,367,S0_baseline,indonesia,USDC
382,0.9795325355437408,2929647957519.1914,367,S0_baseline,indonesia,USDC
383,0.9899240433517182,2929647957519.1914,367,S0_baseline,indonesia,USDC
384,0.9448405676017821,2929647957519.1914,367,S0_baseline,indonesia,USDC
385,0.9463269315207845,2929644644978.251,367,S0_baseline,indonesia,USDC
386,0.9666070965822848,2929641225245.8906,367,S0_baseline,indonesia,USDC
387,0.9899976990284944,2929640747080.073,367,S0_baseline,indonesia,USDC
388,0.9976113482464397,2929640747080.073,367,S0_baseline,indonesia,USDC
389,1.0246819588841978,2929640747080.073,367,S0_baseline,indonesia,USDC
390,0.9877923447574547,2929640747080.073,367,S0_baseline,indonesia,USDC
391,0.9499973218958555,2929640747080.073,367,S0_baseline,indonesia,USDC
392,0.9642683329764148,2929638172915.4805,367,S0_baseline,indonesia,USDC
393,0.9774490346026992,2929637383181.015,367,S0_baseline,indonesia,USDC
394,0.9740067925467975,2929637383181.015,367,S0_baseline,indonesia,USDC
395,0.9820544910464446,2929637383181.015,367,S0_baseline,indonesia,USDC
396,1.0091680597787542,2929637383181.015,367,S0_baseline,indonesia,USDC
397,1.0381914775710595,2929637383181.015,367,S0_baseline,indonesia,USDC
398,1.0188479627589395,2929637383181.015,367,S0_baseline,indonesia,USDC
399,0.9846671794960454,2929637383181.015,367,S0_baseline,indonesia,USDC
400,0.9708831831726282,2929637383181.015,367,S0_baseline,indonesia,USDC
401,0.9463654629185903,2929637383181.015,367,S0_baseline,indonesia,USDC
402,0.9337692443367922,2929634145952.1084,367,S0_baseline,indonesia,USDC
403,0.923632495355114,2929629746860.9043,367,S0_baseline,indonesia,USDC
404,0.9405398776104811,2929623923684.4263,367,S0_baseline,indonesia,USDC
405,0.942659432274582,2929620540704.6436,367,S0_baseline,indonesia,USDC
406,0.9486781268176924,2929617613500.6787,367,S0_baseline,indonesia,USDC
407,0.9344460478439228,2929615426780.1836,367,S0_baseline,indonesia,USDC
408,0.9442117029819945,2929611485939.656,367,S0_baseline,indonesia,USDC
409,0.9428438885877451,2929608642210.4453,367,S0_baseline,indonesia,USDC
410,0.9325280022423686,2929605727262.5117,367,S0_baseline,indonesia,USDC
411,0.9497699749929525,2929602169595.883,367,S0_baseline,indonesia,USDC
412,0.956488722361115,2929600217521.2715,367,S0_baseline,indonesia,USDC
413,0.9251149954110547,2929598955807.7363,367,S0_baseline,indonesia,USDC
414,0.9414447018531997,2929594707536.2,367,S0_baseline,indonesia,USDC
415,0.9635250659386217,2929592143489.04,367,S0_baseline,indonesia,USDC
416,0.962478753165793,2929591558599.1064,367,S0_baseline,indonesia,USDC
417,0.9659750985252902,2929591052065.5522,367,S0_baseline,indonesia,USDC
418,0.9893960508351388,2929590743680.0347,367,S0_baseline,indonesia,USDC
419,0.9835448319998247,2929590743680.0347,367,S0_baseline,indonesia,USDC
420,0.9784971292206632,2929590743680.0347,367,S0_baseline,indonesia,USDC
421,0.9607239796650834,2929590743680.0347,367,S0_baseline,indonesia,USDC
422,0.9538207661387025,2929589977511.838,367,S0_baseline,indonesia,USDC
423,0.9672891403333206,2929588755562.4233,367,S0_baseline,indonesia,USDC
424,0.9775990412664021,2929588614748.489,367,S0_baseline,indonesia,USDC
425,0.9766023778767453,2929588614748.489,367,S0_baseline,indonesia,USDC
426,0.9575239161495239,2929588614748.489,367,S0_baseline,indonesia,USDC
427,0.9545042406422929,2929587594576.1606,367,S0_baseline,indonesia,USDC
428,0.9130489632246447,2929586462308.2324,367,S0_baseline,indonesia,USDC
429,0.9649992326252586,2929582018653.8774,367,S0_baseline,indonesia,USDC
430,0.9611632813970102,2929581758941.964,367,S0_baseline,indonesia,USDC
431,0.9925958691844119,2929581158175.7144,367,S0_baseline,indonesia,USDC
432,0.9827375320295157,2929581158175.7144,367,S0_baseline,indonesia,USDC
433,1.0086354487475888,2929581158175.7144,367,S0_baseline,indonesia,USDC
434,0.9823703433782226,2929581158175.7144,367,S0_baseline,indonesia,USDC
435,0.9384886322116022,2929581158175.7144,367,S0_baseline,indonesia,USDC
436,0.9226524686438985,2929578749814.848,367,S0_baseline,indonesia,USDC
437,0.97869737273383,2929575324594.5938,367,S0_baseline,indonesia,USDC
438,0.9853439901357185,2929575324594.5938,367,S0_baseline,indonesia,USDC
439,1.0082603683602291,2929575324594.5938,367,S0_baseline,indonesia,USDC
440,0.9797421168329633,2929575324594.5938,367,S0_baseline,indonesia,USDC
441,0.8520427685715481,2929575324594.5938,367,S0_baseline,indonesia,USDC
442,0.8532330809575565,2929567073432.539,367,S0_baseline,indonesia,USDC
443,0.8738184133002783,2929559543601.88,367,S0_baseline,indonesia,USDC
444,0.8966298444896511,2929554445738.4424,367,S0_baseline,indonesia,USDC
445,0.9289120198130595,2929550758748.0786,367,S0_baseline,indonesia,USDC
446,0.9484394141238109,2929548856200.583,367,S0_baseline,indonesia,USDC
447,0.9513772090011687,2929547949414.7603,367,S0_baseline,indonesia,USDC
448,0.9714097100658706,2929547187879.487,367,S0_baseline,indonesia,USDC
449,0.9966336372903127,2929547187879.487,367,S0_baseline,indonesia,USDC
450,0.9731494835999979,2929547187879.487,367,S0_baseline,indonesia,USDC
451,0.979387234660148,2929547187879.487,367,S0_baseline,indonesia,USDC
452,0.9801634444786117,2929547187879.487,367,S0_baseline,indonesia,USDC
453,0.9912592550227816,2929547187879.487,367,S0_baseline,indonesia,USDC
454,1.000029503958323,2929547187879.487,367,S0_baseline,indonesia,USDC
455,0.9742987625080192,2929547187879.487,367,S0_baseline,indonesia,USDC
456,0.9862473592289637,2929547187879.487,367,S0_baseline,indonesia,USDC
457,0.9824234244100923,2929547187879.487,367,S0_baseline,indonesia,USDC
458,0.9984123571537638,2929547187879.487,367,S0_baseline,indonesia,USDC
459,1.0020438709326474,2929547187879.487,367,S0_baseline,indonesia,USDC
460,1.0044334417363667,2929547187879.487,367,S0_baseline,indonesia,USDC
461,1.0212676912141565,2929547187879.487,367,S0_baseline,indonesia,USDC
462,1.029944551467424,2929547187879.487,367,S0_baseline,indonesia,USDC
463,1.0237689368427623,2929547187879.487,367,S0_baseline,indonesia,USDC
464,1.0328986400172948,2929547187879.487,367,S0_baseline,indonesia,USDC
465,1.0077002908398958,2929547187879.487,367,S0_baseline,indonesia,USDC
466,0.996682548513691,2929547187879.487,367,S0_baseline,indonesia,USDC
467,0.9950481074230695,2929547187879.487,367,S0_baseline,indonesia,USDC
468,0.966083056433201,2929547187879.487,367,S0_baseline,indonesia,USDC
469,0.9670451052292557,2929547015591.07,367,S0_baseline,indonesia,USDC
470,0.9494959835777496,2929546910393.098,367,S0_baseline,indonesia,USDC
471,0.9539684354721192,2929546088092.1797,367,S0_baseline,indonesia,USDC
472,0.9281246720462344,2929545467052.1533,367,S0_baseline,indonesia,USDC
473,0.9343942024928475,2929543851134.861,367,S0_baseline,indonesia,USDC
474,0.9596355009241977,2929542407480.7324,367,S0_baseline,indonesia,USDC
475,1.0041590783425764,2929542081498.8335,367,S0_baseline,indonesia,USDC
476,0.9968619676633236,2929542081498.8335,367,S0_baseline,indonesia,USDC
477,0.9973427200949202,2929542081498.8335,367,S0_baseline,indonesia,USDC
478,0.9819527744868471,2929542081498.8335,367,S0_baseline,indonesia,USDC
479,0.9806740729615242,2929542081498.8335,367,S0_baseline,indonesia,USDC
480,0.9997300704047021,2929542081498.8335,367,S0_baseline,indonesia,USDC
481,0.9830970944275287,2929542081498.8335,367,S0_baseline,indonesia,USDC
482,1.0193345659755095,2929542081498.8335,367,S0_baseline,indonesia,USDC
483,1.0281304154545226,2929542081498.8335,367,S0_baseline,indonesia,USDC
484,1.0621425250688963,2929542081498.8335,367,S0_baseline,indonesia,USDC
485,1.0661429425995153,2929542081498.8335,367,S0_baseline,indonesia,USDC
486,1.0653656939955733,2929542081498.8335,367,S0_baseline,indonesia,USDC
487,1.0553238712700894,2929542081498.8335,367,S0_baseline,indonesia,USDC
488,1.029214667012812,2929542081498.8335,367,S0_baseline,indonesia,USDC
489,1.0282157559518434,2929542081498.8335,367,S0_baseline,indonesia,USDC
490,1.0038709108768473,2929542081498.8335,367,S0_baseline,indonesia,USDC
491,1.0389691300358115,2929542081498.8335,367,S0_baseline,indonesia,USDC
492,1.0481490386528722,2929542081498.8335,367,S0_baseline,indonesia,USDC
493,1.0457464198918465,2929542081498.8335,367,S0_baseline,indonesia,USDC
494,1.058252762063091,2929542081498.8335,367,S0_baseline,indonesia,USDC
495,1.0567230972209771,2929542081498.8335,367,S0_baseline,indonesia,USDC
496,1.0451150914220042,2929542081498.8335,367,S0_baseline,indonesia,USDC
497,1.0688572059443902,2929542081498.8335,367,S0_baseline,indonesia,USDC
498,1.0407285650542726,2929542081498.8335,367,S0_baseline,indonesia,USDC
499,1.042407975510412,2929542081498.8335,367,S0_baseline,indonesia,USDC
500,1.0452920182394516,2929542081498.8335,367,S0_baseline,indonesia,USDC
501,1.0382569291708077,2929542081498.8335,367,S0_baseline,indonesia,USDC
502,1.0599142770929293,2929542081498.8335,367,S0_baseline,indonesia,USDC
503,1.0827388063805194,2929542081498.8335,367,S0_baseline,indonesia,USDC
504,1.0931092369794608,2929542081498.8335,367,S0_baseline,indonesia,USDC
505,1.069640643473098,2929542081498.8335,367,S0_baseline,indonesia,USDC
506,1.0641294090608113,2929542081498.8335,367,S0_baseline,indonesia,USDC
507,1.0598143912183517,2929542081498.8335,367,S0_baseline,indonesia,USDC
508,1.0271740731207861,2929542081498.8335,367,S0_baseline,indonesia,USDC
509,1.0393434074618815,2929542081498.8335,367,S0_baseline,indonesia,USDC
510,1.0124614200570412,2929542081498.8335,367,S0_baseline,indonesia,USDC
511,1.03781176987333,2929542081498.8335,367,S0_baseline,indonesia,USDC
512,1.0244228033442928,2929542081498.8335,367,S0_baseline,indonesia,USDC
513,1.0246302520803872,2929542081498.8335,367,S0_baseline,indonesia,USDC
514,1.0404004694390758,2929542081498.8335,367,S0_baseline,indonesia,USDC
515,1.0361960955161629,2929542081498.8335,367,S0_baseline,indonesia,USDC
516,1.031780966403,2929542081498.8335,367,S0_baseline,indonesia,USDC
517,1.0077493955396497,2929542081498.8335,367,S0_baseline,indonesia,USDC
518,1.044836666750892,2929542081498.8335,367,S0_baseline,indonesia,USDC
519,1.0555540518316493,2929542081498.8335,367,S0_baseline,indonesia,USDC
520,1.0376864537963313,2929542081498.8335,367,S0_baseline,indonesia,USDC
521,1.0339797080550102,2929542081498.8335,367,S0_baseline,indonesia,USDC
522,1.0463931376599187,2929542081498.8335,367,S0_baseline,indonesia,USDC
523,1.0296281905012765,2929542081498.8335,367,S0_baseline,indonesia,USDC
524,1.0045082507512468,2929542081498.8335,367,S0_baseline,indonesia,USDC
525,1.0133748643034168,2929542081498.8335,367,S0_baseline,indonesia,USDC
526,1.0046765671414022,2929542081498.8335,367,S0_baseline,indonesia,USDC
527,0.9718617035551733,2929542081498.8335,367,S0_baseline,indonesia,USDC
528,1.0263477410690767,2929542081498.8335,367,S0_baseline,indonesia,USDC
529,1.0375557808945293,2929542081498.8335,367,S0_baseline,indonesia,USDC
530,1.036085384477408,2929542081498.8335,367,S0_baseline,indonesia,USDC
531,1.0314059242923532,2929542081498.8335,367,S0_baseline,indonesia,USDC
532,1.0320387028672784,2929542081498.8335,367,S0_baseline,indonesia,USDC
533,1.034588166973325,2929542081498.8335,367,S0_baseline,indonesia,USDC
534,1.015959639393292,2929542081498.8335,367,S0_baseline,indonesia,USDC
535,1.0043211315483453,2929542081498.8335,367,S0_baseline,indonesia,USDC
536,0.9798991614913558,2929542081498.8335,367,S0_baseline,indonesia,USDC
537,0.9803303933102122,2929542081498.8335,367,S0_baseline,indonesia,USDC
538,0.9941452935552407,2929542081498.8335,367,S0_baseline,indonesia,USDC
539,0.9982893253861063,2929542081498.8335,367,S0_baseline,indonesia,USDC
540,0.9892836604020359,2929542081498.8335,367,S0_baseline,indonesia,USDC
541,0.9556937593654516,2929542081498.8335,367,S0_baseline,indonesia,USDC
542,0.9731593323216102,2929541613324.629,367,S0_baseline,indonesia,USDC
543,0.9813061280236648,2929541613324.629,367,S0_baseline,indonesia,USDC
544,0.9545786534778398,2929541613324.629,367,S0_baseline,indonesia,USDC
545,0.9833932283543341,2929541023636.1094,367,S0_baseline,indonesia,USDC
546,0.9683754610168489,2929541023636.1094,367,S0_baseline,indonesia,USDC
547,0.9739998534576177,2929541022006.255,367,S0_baseline,indonesia,USDC
548,0.957922682049711,2929541022006.255,367,S0_baseline,indonesia,USDC
549,0.9554854028189749,2929540567550.6455,367,S0_baseline,indonesia,USDC
550,0.9845063375353501,2929540055660.6367,367,S0_baseline,indonesia,USDC
551,1.0077084116318156,2929540055660.6367,367,S0_baseline,indonesia,USDC
552,0.9945272027094325,2929540055660.6367,367,S0_baseline,indonesia,USDC
553,0.9976880403729288,2929540055660.6367,367,S0_baseline,indonesia,USDC
554,1.0087613790308572,2929540055660.6367,367,S0_baseline,indonesia,USDC
555,1.0315199338249648,2929540055660.6367,367,S0_baseline,indonesia,USDC
556,1.0556135896361913,2929540055660.6367,367,S0_baseline,indonesia,USDC
557,1.0403086307405383,2929540055660.6367,367,S0_baseline,indonesia,USDC
558,0.9873224339090956,2929540055660.6367,367,S0_baseline,indonesia,USDC
559,0.9759187424295732,2929540055660.6367,367,S0_baseline,indonesia,USDC
560,0.9690580348852932,2929540055660.6367,367,S0_baseline,indonesia,USDC
561,0.9606479513969493,2929540044179.091,367,S0_baseline,indonesia,USDC
562,0.9977237569901647,2929539773754.892,367,S0_baseline,indonesia,USDC
563,0.8953780735688218,2929539773754.892,367,S0_baseline,indonesia,USDC
564,0.9150206808868725,2929537251953.7,367,S0_baseline,indonesia,USDC
565,0.9270086467196135,2929535396830.5283,367,S0_baseline,indonesia,USDC
566,0.9160569766128142,2929534144593.227,367,S0_baseline,indonesia,USDC
567,0.9298030667704745,2929532583023.2793,367,S0_baseline,indonesia,USDC
568,0.926569453686587,2929531420171.4434,367,S0_baseline,indonesia,USDC
569,0.9397224266216826,2929530317651.7324,367,S0_baseline,indonesia,USDC
570,0.9602986510333851,2929529512467.0557,367,S0_baseline,indonesia,USDC
571,0.9715936411446421,2929529279391.2554,367,S0_baseline,indonesia,USDC
572,0.9579958992206093,2929529279391.2554,367,S0_baseline,indonesia,USDC
573,0.9525803997377715,2929529008774.5107,367,S0_baseline,indonesia,USDC
574,0.9656292609213604,2929528588922.484,367,S0_baseline,indonesia,USDC
575,0.9570877640534032,2929528480479.0283,367,S0_baseline,indonesia,USDC
576,0.966743435743945,2929528214549.415,367,S0_baseline,indonesia,USDC
577,1.00907393949299,2929528148693.3037,367,S0_baseline,indonesia,USDC
578,1.0154008639745187,2929528148693.3037,367,S0_baseline,indonesia,USDC
579,0.9827643159245862,2929528148693.3037,367,S0_baseline,indonesia,USDC
580,0.9704676807542898,2929528148693.3037,367,S0_baseline,indonesia,USDC
581,0.9718342288002499,2929528148693.3037,367,S0_baseline,indonesia,USDC
582,1.006955894551663,2929528148693.3037,367,S0_baseline,indonesia,USDC
583,1.0341755839707687,2929528148693.3037,367,S0_baseline,indonesia,USDC
584,1.035449356298364,2929528148693.3037,367,S0_baseline,indonesia,USDC
585,1.0583017726713557,2929528148693.3037,367,S0_baseline,indonesia,USDC
586,1.0622740661508956,2929528148693.3037,367,S0_baseline,indonesia,USDC
587,1.0790556678965655,2929528148693.3037,367,S0_baseline,indonesia,USDC
588,1.0614966934544805,2929528148693.3037,367,S0_baseline,indonesia,USDC
589,1.0840093833492874,2929528148693.3037,367,S0_baseline,indonesia,USDC
590,1.0746625737340183,2929528148693.3037,367,S0_baseline,indonesia,USDC
591,1.0609750676690293,2929528148693.3037,367,S0_baseline,indonesia,USDC
592,1.0701447687737446,2929528148693.3037,367,S0_baseline,indonesia,USDC
593,1.078475347439155,2929528148693.3037,367,S0_baseline,indonesia,USDC
594,1.0431056021703404,2929528148693.3037,367,S0_baseline,indonesia,USDC
595,1.0309859550532299,2929528148693.3037,367,S0_baseline,indonesia,USDC
596,1.0148752244316213,2929528148693.3037,367,S0_baseline,indonesia,USDC
597,1.0477247958243217,2929528148693.3037,367,S0_baseline,indonesia,USDC
598,1.0454271081219761,2929528148693.3037,367,S0_baseline,indonesia,USDC
599,1.0497132095691668,2929528148693.3037,367,S0_baseline,indonesia,USDC
600,1.0346134324811997,2929528148693.3037,367,S0_baseline,indonesia,USDC
601,1.0408722804438162,2929528148693.3037,367,S0_baseline,indonesia,USDC
602,1.064416048290007,2929528148693.3037,367,S0_baseline,indonesia,USDC
603,1.0672178235475511,2929528148693.3037,367,S0_baseline,indonesia,USDC
604,1.0529792409290128,2929528148693.3037,367,S0_baseline,indonesia,USDC
605,1.0270735382114908,2929528148693.3037,367,S0_baseline,indonesia,USDC
606,1.0286172190231495,2929528148693.3037,367,S0_baseline,indonesia,USDC
607,1.0491634088988642,2929528148693.3037,367,S0_baseline,indonesia,USDC
608,1.0574672590061307,2929528148693.3037,367,S0_baseline,indonesia,USDC
609,1.037251250374332,2929528148693.3037,367,S0_baseline,indonesia,USDC
610,1.064616059352335,2929528148693.3037,367,S0_baseline,indonesia,USDC
611,1.0578450993394133,2929528148693.3037,367,S0_baseline,indonesia,USDC
612,1.0503870708170095,2929528148693.3037,367,S0_baseline,indonesia,USDC
613,1.032684956456205,2929528148693.3037,367,S0_baseline,indonesia,USDC
614,1.0230920785503388,2929528148693.3037,367,S0_baseline,indonesia,USDC
615,1.0165196198274835,2929528148693.3037,367,S0_baseline,indonesia,USDC
616,1.0094219209942197,2929528148693.3037,367,S0_baseline,indonesia,USDC
617,1.0222203811034034,2929528148693.3037,367,S0_baseline,indonesia,USDC
618,1.0169095223504496,2929528148693.3037,367,S0_baseline,indonesia,USDC
619,1.0314849109938788,2929528148693.3037,367,S0_baseline,indonesia,USDC
620,1.018682686755699,2929528148693.3037,367,S0_baseline,indonesia,USDC
621,1.0288466578420434,2929528148693.3037,367,S0_baseline,indonesia,USDC
622,1.0370446153167183,2929528148693.3037,367,S0_baseline,indonesia,USDC
623,1.0254892134478788,2929528148693.3037,367,S0_baseline,indonesia,USDC
624,1.0299021627382972,2929528148693.3037,367,S0_baseline,indonesia,USDC
625,1.0109812167729453,2929528148693.3037,367,S0_baseline,indonesia,USDC
626,1.0150924985418106,2929528148693.3037,367,S0_baseline,indonesia,USDC
627,1.0287557471172306,2929528148693.3037,367,S0_baseline,indonesia,USDC
628,1.0455689143912463,2929528148693.3037,367,S0_baseline,indonesia,USDC
629,1.0353963879795993,2929528148693.3037,367,S0_baseline,indonesia,USDC
630,0.8993819550959533,2929528148693.3037,367,S0_baseline,indonesia,USDC
631,0.88508321373727,2929526510396.4297,367,S0_baseline,indonesia,USDC
632,0.8969316639267895,2929524715715.4043,367,S0_baseline,indonesia,USDC
633,0.9148768800963273,2929523194561.041,367,S0_baseline,indonesia,USDC
634,0.9675752336687803,2929522133438.643,367,S0_baseline,indonesia,USDC
635,0.9612806482089182,2929522089414.339,367,S0_baseline,indonesia,USDC
636,0.9746432610323444,2929521954711.9336,367,S0_baseline,indonesia,USDC
637,0.9514492598000547,2929521954711.9336,367,S0_baseline,indonesia,USDC
638,0.9570972739109724,2929521635790.088,367,S0_baseline,indonesia,USDC
639,0.9310475017909166,2929521433229.3335,367,S0_baseline,indonesia,USDC
640,0.9401482637026046,2929520754122.265,367,S0_baseline,indonesia,USDC
641,0.9743176576970072,2929520304657.868,367,S0_baseline,indonesia,USDC
642,0.9719314329290957,2929520304657.868,367,S0_baseline,indonesia,USDC
643,1.0042882807633848,2929520304657.868,367,S0_baseline,indonesia,USDC
644,1.0053492735452325,2929520304657.868,367,S0_baseline,indonesia,USDC
645,0.998722163740923,2929520304657.868,367,S0_baseline,indonesia,USDC
646,0.9848301763801682,2929520304657.868,367,S0_baseline,indonesia,USDC
647,0.9968458828989025,2929520304657.868,367,S0_baseline,indonesia,USDC
648,0.9744874458072809,2929520304657.868,367,S0_baseline,indonesia,USDC
649,0.979838273240526,2929520304657.868,367,S0_baseline,indonesia,USDC
650,0.9823027743217653,2929520304657.868,367,S0_baseline,indonesia,USDC
651,0.9705624811588887,2929520304657.868,367,S0_baseline,indonesia,USDC
652,0.9645293170910688,2929520304657.868,367,S0_baseline,indonesia,USDC
653,0.9369776434474817,2929520244502.4453,367,S0_baseline,indonesia,USDC
654,0.9305691503305215,2929519726451.3525,367,S0_baseline,indonesia,USDC
655,0.9608954190127814,2929519126751.048,367,S0_baseline,indonesia,USDC
656,0.9803120820607533,2929519009343.2075,367,S0_baseline,indonesia,USDC
657,0.9848352746116393,2929519009343.2075,367,S0_baseline,indonesia,USDC
658,0.9820876180453469,2929519009343.2075,367,S0_baseline,indonesia,USDC
659,0.9966770871060229,2929519009343.2075,367,S0_baseline,indonesia,USDC
660,1.017177085637608,2929519009343.2075,367,S0_baseline,indonesia,USDC
661,1.0111865737897978,2929519009343.2075,367,S0_baseline,indonesia,USDC
662,1.0206683386168736,2929519009343.2075,367,S0_baseline,indonesia,USDC
663,1.0317787007761663,2929519009343.2075,367,S0_baseline,indonesia,USDC
664,1.0395096797153263,2929519009343.2075,367,S0_baseline,indonesia,USDC
665,1.0528362899823864,2929519009343.2075,367,S0_baseline,indonesia,USDC
666,1.0118022067069647,2929519009343.2075,367,S0_baseline,indonesia,USDC
667,1.0378725425819997,2929519009343.2075,367,S0_baseline,indonesia,USDC
668,1.0380891363164217,2929519009343.2075,367,S0_baseline,indonesia,USDC
669,1.014647098991443,2929519009343.2075,367,S0_baseline,indonesia,USDC
670,0.9831378901363831,2929519009343.2075,367,S0_baseline,indonesia,USDC
671,0.9792890753688419,2929519009343.2075,367,S0_baseline,indonesia,USDC
672,1.0033683050227882,2929519009343.2075,367,S0_baseline,indonesia,USDC
673,1.0258706135644098,2929519009343.2075,367,S0_baseline,indonesia,USDC
674,1.0525596328402744,2929519009343.2075,367,S0_baseline,indonesia,USDC
675,1.0539514118663265,2929519009343.2075,367,S0_baseline,indonesia,USDC
676,1.0779010418855792,2929519009343.2075,367,S0_baseline,indonesia,USDC
677,1.0566791054059315,2929519009343.2075,367,S0_baseline,indonesia,USDC
678,1.0606916026061268,2929519009343.2075,367,S0_baseline,indonesia,USDC
679,1.0851224948114773,2929519009343.2075,367,S0_baseline,indonesia,USDC
680,1.09764040573757,2929519009343.2075,367,S0_baseline,indonesia,USDC
681,1.0725527051351529,2929519009343.2075,367,S0_baseline,indonesia,USDC
682,1.0734257313541573,2929519009343.2075,367,S0_baseline,indonesia,USDC
683,1.0586000541953537,2929519009343.2075,367,S0_baseline,indonesia,USDC
684,1.0157134302042,2929519009343.2075,367,S0_baseline,indonesia,USDC
685,1.0187145298791986,2929519009343.2075,367,S0_baseline,indonesia,USDC
686,1.0390135270054075,2929519009343.2075,367,S0_baseline,indonesia,USDC
687,1.0699455911681812,2929519009343.2075,367,S0_baseline,indonesia,USDC
688,1.0755028886844378,2929519009343.2075,367,S0_baseline,indonesia,USDC
689,1.0722609512086763,2929519009343.2075,367,S0_baseline,indonesia,USDC
690,1.0766217032786283,2929519009343.2075,367,S0_baseline,indonesia,USDC
691,1.076569158752015,2929519009343.2075,367,S0_baseline,indonesia,USDC
692,1.0529750031689173,2929519009343.2075,367,S0_baseline,indonesia,USDC
693,0.89874037627285,2929519009343.2075,367,S0_baseline,indonesia,USDC
694,0.8786992467343636,2929518020670.873,367,S0_baseline,indonesia,USDC
695,0.9109456764939836,2929516778692.6978,367,S0_baseline,indonesia,USDC
696,0.8845324241333242,2929516070168.205,367,S0_baseline,indonesia,USDC
697,0.8907549130756477,2929515075330.5156,367,S0_baseline,indonesia,USDC
698,0.8998509605024374,2929514213167.609,367,S0_baseline,indonesia,USDC
699,0.907970881848454,2929513562346.2183,367,S0_baseline,indonesia,USDC
700,0.9246512489787372,2929513027124.7666,367,S0_baseline,indonesia,USDC
701,0.9399964312477564,2929512629500.143,367,S0_baseline,indonesia,USDC
702,0.9554876254065646,2929512378723.502,367,S0_baseline,indonesia,USDC
703,0.9513620071547588,2929512267151.968,367,S0_baseline,indonesia,USDC
704,0.9674616867560741,2929512118333.7036,367,S0_baseline,indonesia,USDC
705,0.979908919723849,2929512111196.32,367,S0_baseline,indonesia,USDC
706,0.9864986206743581,2929512111196.32,367,S0_baseline,indonesia,USDC
707,0.9787553320066424,2929512111196.32,367,S0_baseline,indonesia,USDC
708,1.003703212627638,2929512111196.32,367,S0_baseline,indonesia,USDC
709,0.9938821882018103,2929512111196.32,367,S0_baseline,indonesia,USDC
710,0.9945391605025902,2929512111196.32,367,S0_baseline,indonesia,USDC
711,0.9652032010045576,2929512111196.32,367,S0_baseline,indonesia,USDC
712,0.9779212699267181,2929512073666.677,367,S0_baseline,indonesia,USDC
713,0.9531130519417972,2929512073666.677,367,S0_baseline,indonesia,USDC
714,0.9562551633133511,2929511960449.5796,367,S0_baseline,indonesia,USDC
715,0.9582041348145205,2929511866311.8926,367,S0_baseline,indonesia,USDC
716,0.9966817339613877,2929511792822.999,367,S0_baseline,indonesia,USDC
717,0.9892147815356698,2929511792822.999,367,S0_baseline,indonesia,USDC
718,0.9687731061391541,2929511792822.999,367,S0_baseline,indonesia,USDC
719,0.9703932510776022,2929511786752.588,367,S0_baseline,indonesia,USDC
720,0.9927585711966416,2929511786752.588,367,S0_baseline,indonesia,USDC
721,1.0297839347748419,2929511786752.588,367,S0_baseline,indonesia,USDC
722,1.0218309395758747,2929511786752.588,367,S0_baseline,indonesia,USDC
723,1.0287497114276125,2929511786752.588,367,S0_baseline,indonesia,USDC
724,1.0163610130809497,2929511786752.588,367,S0_baseline,indonesia,USDC
725,1.027882905163438,2929511786752.588,367,S0_baseline,indonesia,USDC
726,1.049835974653224,2929511786752.588,367,S0_baseline,indonesia,USDC
727,1.0305668772242267,2929511786752.588,367,S0_baseline,indonesia,USDC
728,1.0553513568727402,2929511786752.588,367,S0_baseline,indonesia,USDC
729,1.0781265748475348,2929511786752.588,367,S0_baseline,indonesia,USDC
730,1.0574130403789532,2929511786752.588,367,S0_baseline,indonesia,USDC
731,1.0255567333353075,2929511786752.588,367,S0_baseline,indonesia,USDC
732,1.0182983095922173,2929511786752.588,367,S0_baseline,indonesia,USDC
733,0.9914703673391235,2929511786752.588,367,S0_baseline,indonesia,USDC
734,0.955406153266191,2929511786752.588,367,S0_baseline,indonesia,USDC
735,0.9655027580124363,2929511688607.679,367,S0_baseline,indonesia,USDC
736,0.9534377802728419,2929511655380.9995,367,S0_baseline,indonesia,USDC
737,0.9533546087455359,2929511539411.7563,367,S0_baseline,indonesia,USDC
738,0.9666395488979099,2929511418991.9277,367,S0_baseline,indonesia,USDC
739,0.9418462774365173,2929511399026.711,367,S0_baseline,indonesia,USDC
740,0.9511909471714256,2929511206261.5723,367,S0_baseline,indonesia,USDC
741,0.923620759193393,2929511082237.338,367,S0_baseline,indonesia,USDC
742,0.900234355763361,2929510777166.875,367,S0_baseline,indonesia,USDC
743,0.9282809120089012,2929510337778.4966,367,S0_baseline,indonesia,USDC
744,0.9301154780971782,2929510101982.881,367,S0_baseline,indonesia,USDC
745,0.9280397456010243,2929509879225.697,367,S0_baseline,indonesia,USDC
746,0.9274219178961894,2929509660734.7026,367,S0_baseline,indonesia,USDC
747,0.9070724250321628,2929509441479.765,367,S0_baseline,indonesia,USDC
748,0.9290609663217694,2929509130156.364,367,S0_baseline,indonesia,USDC
749,0.9382798036225882,2929508935669.0903,367,S0_baseline,indonesia,USDC
750,0.9349171079779101,2929508791337.3174,367,S0_baseline,indonesia,USDC
751,0.9530971812121753,2929508646477.9697,367,S0_baseline,indonesia,USDC
752,0.9572865330934847,2929508584578.4517,367,S0_baseline,indonesia,USDC
753,0.9461791334245649,2929508537244.933,367,S0_baseline,indonesia,USDC
754,0.9479181624522007,2929508438640.664,367,S0_baseline,indonesia,USDC
755,0.9330157063574218,2929508352939.8477,367,S0_baseline,indonesia,USDC
756,0.9041262486433571,2929508215740.4775,367,S0_baseline,indonesia,USDC
757,0.9243467231097423,2929507983150.0747,367,S0_baseline,indonesia,USDC
758,0.9225357388546161,2929507829259.4204,367,S0_baseline,indonesia,USDC
759,0.9514529345252649,2929507676285.387,367,S0_baseline,indonesia,USDC
760,0.9663925210952169,2929507618565.98,367,S0_baseline,indonesia,USDC
761,0.9390008776396431,2929507612414.0527,367,S0_baseline,indonesia,USDC
762,0.9625739247464061,2929507520073.0967,367,S0_baseline,indonesia,USDC
763,0.9667932859553685,2929507500983.0366,367,S0_baseline,indonesia,USDC
764,0.9539895505814534,2929507494507.151,367,S0_baseline,indonesia,USDC
765,0.9316997045084676,2929507450109.4614,367,S0_baseline,indonesia,USDC
766,0.9640243462063882,2929507341401.004,367,S0_baseline,indonesia,USDC
767,0.9545610527930707,2929507327492.715,367,S0_baseline,indonesia,USDC
768,0.9579905139225409,2929507282839.5737,367,S0_baseline,indonesia,USDC
769,0.9803477891579538,2929507252667.1226,367,S0_baseline,indonesia,USDC
770,0.9416028683066203,2929507252667.1226,367,S0_baseline,indonesia,USDC
771,0.9252773203826687,2929507180946.0386,367,S0_baseline,indonesia,USDC
772,0.9564226728157006,2929507061765.422,367,S0_baseline,indonesia,USDC
773,0.9593963956695352,2929507028141.4473,367,S0_baseline,indonesia,USDC
774,0.9557192254990823,2929507002467.3286,367,S0_baseline,indonesia,USDC
775,0.985440444299057,2929506971610.7266,367,S0_baseline,indonesia,USDC
776,0.9539715589841381,2929506971610.7266,367,S0_baseline,indonesia,USDC
777,0.9609822671387858,2929506931133.2803,367,S0_baseline,indonesia,USDC
778,0.9826804495569186,2929506910329.291,367,S0_baseline,indonesia,USDC
779,0.9718862670096823,2929506910329.291,367,S0_baseline,indonesia,USDC
780,0.9848480466145104,2929506910329.291,367,S0_baseline,indonesia,USDC
781,0.9922067341296998,2929506910329.291,367,S0_baseline,indonesia,USDC
782,0.9803997442825009,2929506910329.291,367,S0_baseline,indonesia,USDC
783,0.971605982267557,2929506910329.291,367,S0_baseline,indonesia,USDC
784,0.9997827338915888,2929506910329.291,367,S0_baseline,indonesia,USDC
785,1.0099347714057272,2929506910329.291,367,S0_baseline,indonesia,USDC
786,1.0347815263841038,2929506910329.291,367,S0_baseline,indonesia,USDC
787,1.0080818494319777,2929506910329.291,367,S0_baseline,indonesia,USDC
788,1.0304659944699681,2929506910329.291,367,S0_baseline,indonesia,USDC
789,1.0239163411880332,2929506910329.291,367,S0_baseline,indonesia,USDC
790,1.032054225092823,2929506910329.291,367,S0_baseline,indonesia,USDC
791,1.0261288259688952,2929506910329.291,367,S0_baseline,indonesia,USDC
792,1.0070744792860031,2929506910329.291,367,S0_baseline,indonesia,USDC
793,1.0243908948474862,2929506910329.291,367,S0_baseline,indonesia,USDC
794,1.0250777981684174,2929506910329.291,367,S0_baseline,indonesia,USDC
795,1.0477350544068007,2929506910329.291,367,S0_baseline,indonesia,USDC
796,1.0277586670994314,2929506910329.291,367,S0_baseline,indonesia,USDC
797,1.0172839192344831,2929506910329.291,367,S0_baseline,indonesia,USDC
798,1.025866339220548,2929506910329.291,367,S0_baseline,indonesia,USDC
799,1.0707813479397368,2929506910329.291,367,S0_baseline,indonesia,USDC
800,1.0517219988664925,2929506910329.291,367,S0_baseline,indonesia,USDC
801,1.0263539010367126,2929506910329.291,367,S0_baseline,indonesia,USDC
802,1.0523024889858725,2929506910329.291,367,S0_baseline,indonesia,USDC
803,1.0528362462675682,2929506910329.291,367,S0_baseline,indonesia,USDC
804,1.0545927319547574,2929506910329.291,367,S0_baseline,indonesia,USDC
805,1.0370744160357928,2929506910329.291,367,S0_baseline,indonesia,USDC
806,1.0384002821659273,2929506910329.291,367,S0_baseline,indonesia,USDC
807,1.056582360220248,2929506910329.291,367,S0_baseline,indonesia,USDC
808,1.0212132051041707,2929506910329.291,367,S0_baseline,indonesia,USDC
809,1.018876571902399,2929506910329.291,367,S0_baseline,indonesia,USDC
810,1.01408776905762,2929506910329.291,367,S0_baseline,indonesia,USDC
811,1.018853999850799,2929506910329.291,367,S0_baseline,indonesia,USDC
812,1.0376174915576706,2929506910329.291,367,S0_baseline,indonesia,USDC
813,1.019596648583634,2929506910329.291,367,S0_baseline,indonesia,USDC
814,1.0278790715942154,2929506910329.291,367,S0_baseline,indonesia,USDC
815,1.0457511310049594,2929506910329.291,367,S0_baseline,indonesia,USDC
816,1.0227421442427596,2929506910329.291,367,S0_baseline,indonesia,USDC
817,1.0357803497012381,2929506910329.291,367,S0_baseline,indonesia,USDC
818,1.0576186517714936,2929506910329.291,367,S0_baseline,indonesia,USDC
819,1.0777353384712016,2929506910329.291,367,S0_baseline,indonesia,USDC
820,1.0498898039753957,2929506910329.291,367,S0_baseline,indonesia,USDC
821,1.061057492587407,2929506910329.291,367,S0_baseline,indonesia,USDC
822,1.0819525727813304,2929506910329.291,367,S0_baseline,indonesia,USDC
823,1.0850440818929563,2929506910329.291,367,S0_baseline,indonesia,USDC
824,1.0646408768954911,2929506910329.291,367,S0_baseline,indonesia,USDC
825,1.0597809021435654,2929506910329.291,367,S0_baseline,indonesia,USDC
826,1.0411010752050183,2929506910329.291,367,S0_baseline,indonesia,USDC
827,1.056181856932875,2929506910329.291,367,S0_baseline,indonesia,USDC
828,1.0547638119491807,2929506910329.291,367,S0_baseline,indonesia,USDC
829,1.0779546679902605,2929506910329.291,367,S0_baseline,indonesia,USDC
830,1.0638260046457362,2929506910329.291,367,S0_baseline,indonesia,USDC
831,1.0589704881018542,2929506910329.291,367,S0_baseline,indonesia,USDC
832,1.0735932015338412,2929506910329.291,367,S0_baseline,indonesia,USDC
833,1.0625988794547159,2929506910329.291,367,S0_baseline,indonesia,USDC
834,1.0581281779621707,2929506910329.291,367,S0_baseline,indonesia,USDC
835,1.0317121756972405,2929506910329.291,367,S0_baseline,indonesia,USDC
836,1.0466360630873304,2929506910329.291,367,S0_baseline,indonesia,USDC
837,1.0404423972324444,2929506910329.291,367,S0_baseline,indonesia,USDC
838,1.0294382715003605,2929506910329.291,367,S0_baseline,indonesia,USDC
839,1.020023905495529,2929506910329.291,367,S0_baseline,indonesia,USDC
840,1.0286374523449076,2929506910329.291,367,S0_baseline,indonesia,USDC
841,1.0185164150719956,2929506910329.291,367,S0_baseline,indonesia,USDC
842,1.0180360822021153,2929506910329.291,367,S0_baseline,indonesia,USDC
843,0.9997578160005492,2929506910329.291,367,S0_baseline,indonesia,USDC
844,1.0151666916875566,2929506910329.291,367,S0_baseline,indonesia,USDC
845,1.0114222848545826,2929506910329.291,367,S0_baseline,indonesia,USDC
846,1.0081591539182453,2929506910329.291,367,S0_baseline,indonesia,USDC
847,0.9852725084096856,2929506910329.291,367,S0_baseline,indonesia,USDC
848,0.9934466648649832,2929506910329.291,367,S0_baseline,indonesia,USDC
849,0.9971022681628278,2929506910329.291,367,S0_baseline,indonesia,USDC
850,0.9713091654340276,2929506910329.291,367,S0_baseline,indonesia,USDC
851,0.9658069100307802,2929506910329.291,367,S0_baseline,indonesia,USDC
852,0.9514091730726448,2929506904214.639,367,S0_baseline,indonesia,USDC
853,0.9192210489582726,2929506858557.9683,367,S0_baseline,indonesia,USDC
854,0.8958215921429521,2929506745970.5464,367,S0_baseline,indonesia,USDC
855,0.8842101638586297,2929506579930.6426,367,S0_baseline,indonesia,USDC
856,0.8640687953346191,2929506402008.275,367,S0_baseline,indonesia,USDC
857,0.8641930257797596,2929506196699.577,367,S0_baseline,indonesia,USDC
858,0.8772039149197907,2929506021833.32,367,S0_baseline,indonesia,USDC
859,0.8634882386262054,2929505881507.176,367,S0_baseline,indonesia,USDC
860,0.891051663106927,2929505735421.565,367,S0_baseline,indonesia,USDC
861,0.8871808839887643,2929505643477.089,367,S0_baseline,indonesia,USDC
862,0.9247333886655171,2929505554248.218,367,S0_baseline,indonesia,USDC
863,0.9221462133199382,2929505508738.174,367,S0_baseline,indonesia,USDC
864,0.945600432765939,2929505464019.3906,367,S0_baseline,indonesia,USDC
865,0.9779187967352522,2929505442965.615,367,S0_baseline,indonesia,USDC
866,0.9966765081440858,2929505442965.615,367,S0_baseline,indonesia,USDC
867,0.986672178724287,2929505442965.615,367,S0_baseline,indonesia,USDC
868,0.9835834439653584,2929505442965.615,367,S0_baseline,indonesia,USDC
869,0.9823782512563208,2929505442965.615,367,S0_baseline,indonesia,USDC
870,0.969014344998125,2929505442965.615,367,S0_baseline,indonesia,USDC
871,0.9682947149855634,2929505442965.615,367,S0_baseline,indonesia,USDC
872,0.9467905496306603,2929505441346.569,367,S0_baseline,indonesia,USDC
873,0.9620970078024167,2929505421871.08,367,S0_baseline,indonesia,USDC
874,0.9481944923858676,2929505415703.855,367,S0_baseline,indonesia,USDC
875,0.9363354777856483,2929505395613.924,367,S0_baseline,indonesia,USDC
876,0.939331492790651,2929505367222.6655,367,S0_baseline,indonesia,USDC
877,0.9451351779468325,2929505342278.882,367,S0_baseline,indonesia,USDC
878,0.9468633835692555,2929505323572.257,367,S0_baseline,indonesia,USDC
879,0.9392778912987021,2929505305190.486,367,S0_baseline,indonesia,USDC
880,0.9425080688298465,2929505282837.0176,367,S0_baseline,indonesia,USDC
881,0.9312426318790863,2929505262766.932,367,S0_baseline,indonesia,USDC
882,0.9288298067371051,2929505233169.606,367,S0_baseline,indonesia,USDC
883,0.9171133046735004,2929505205594.823,367,S0_baseline,indonesia,USDC
884,0.9341279429216436,2929505168324.699,367,S0_baseline,indonesia,USDC
885,0.9118459718152664,2929505146617.882,367,S0_baseline,indonesia,USDC
886,0.9406889940126623,2929505111054.2695,367,S0_baseline,indonesia,USDC
887,0.9472961321163634,2929505093255.1035,367,S0_baseline,indonesia,USDC
888,0.9591849728100389,2929505080912.665,367,S0_baseline,indonesia,USDC
889,0.9743656587345928,2929505075462.1504,367,S0_baseline,indonesia,USDC
890,0.9906528197291529,2929505075462.1504,367,S0_baseline,indonesia,USDC
891,0.9922538836577642,2929505075462.1504,367,S0_baseline,indonesia,USDC
892,0.9655430090474105,2929505075462.1504,367,S0_baseline,indonesia,USDC
893,0.9538716441728031,2929505073570.6543,367,S0_baseline,indonesia,USDC
894,0.9439070770942102,2929505064829.454,367,S0_baseline,indonesia,USDC
895,0.9578867491388092,2929505051797.3926,367,S0_baseline,indonesia,USDC
896,0.9803387019624612,2929505046331.624,367,S0_baseline,indonesia,USDC
897,0.9806010606591754,2929505046331.624,367,S0_baseline,indonesia,USDC
898,0.9561123155582957,2929505046331.624,367,S0_baseline,indonesia,USDC
899,0.9826538465840133,2929505039222.7344,367,S0_baseline,indonesia,USDC
900,0.9725412136452446,2929505039222.7344,367,S0_baseline,indonesia,USDC
901,0.97596792818836,2929505039222.7344,367,S0_baseline,indonesia,USDC
902,1.005098733372322,2929505039222.7344,367,S0_baseline,indonesia,USDC
903,1.0109204887652916,2929505039222.7344,367,S0_baseline,indonesia,USDC
904,1.0153920465805601,2929505039222.7344,367,S0_baseline,indonesia,USDC
905,1.030594503740988,2929505039222.7344,367,S0_baseline,indonesia,USDC
906,1.010642057320356,2929505039222.7344,367,S0_baseline,indonesia,USDC
907,1.0147388493980347,2929505039222.7344,367,S0_baseline,indonesia,USDC
908,1.0131243333356958,2929505039222.7344,367,S0_baseline,indonesia,USDC
909,1.0104639971823202,2929505039222.7344,367,S0_baseline,indonesia,USDC
910,1.0251975536827944,2929505039222.7344,367,S0_baseline,indonesia,USDC
911,1.016900801511068,2929505039222.7344,367,S0_baseline,indonesia,USDC
912,0.9857959087446617,2929505039222.7344,367,S0_baseline,indonesia,USDC
913,0.9631689136525947,2929505039222.7344,367,S0_baseline,indonesia,USDC
914,0.9484453267783218,2929505035580.407,367,S0_baseline,indonesia,USDC
915,0.9713980520232488,2929505024615.7905,367,S0_baseline,indonesia,USDC
916,0.9837693095767043,2929505024615.7905,367,S0_baseline,indonesia,USDC
917,0.9662529732167063,2929505024615.7905,367,S0_baseline,indonesia,USDC
918,0.9766208093532772,2929505022674.3057,367,S0_baseline,indonesia,USDC
919,0.976342697508041,2929505022674.3057,367,S0_baseline,indonesia,USDC
920,0.9795882702667614,2929505022674.3057,367,S0_baseline,indonesia,USDC
921,0.9702760563707912,2929505022674.3057,367,S0_baseline,indonesia,USDC
922,0.9691548109054858,2929505022674.3057,367,S0_baseline,indonesia,USDC
923,0.9606615763307119,2929505022527.7217,367,S0_baseline,indonesia,USDC
924,0.9649804447621644,2929505018390.7256,367,S0_baseline,indonesia,USDC
925,0.9514168722575423,2929505016718.1206,367,S0_baseline,indonesia,USDC
926,0.9470344745041802,2929505007240.759,367,S0_baseline,indonesia,USDC
927,0.9668213495555124,2929504995752.7666,367,S0_baseline,indonesia,USDC
928,0.9824431274924168,2929504995010.5596,367,S0_baseline,indonesia,USDC
929,0.9783751406064868,2929504995010.5596,367,S0_baseline,indonesia,USDC
930,0.9715182471702086,2929504995010.5596,367,S0_baseline,indonesia,USDC
931,0.9864007964852629,2929504995010.5596,367,S0_baseline,indonesia,USDC
932,0.9920085719258974,2929504995010.5596,367,S0_baseline,indonesia,USDC
933,0.9620554674929591,2929504995010.5596,367,S0_baseline,indonesia,USDC
934,0.9352503563987505,2929504991136.6523,367,S0_baseline,indonesia,USDC
935,0.9538958610098894,2929504975370.3994,367,S0_baseline,indonesia,USDC
936,0.9631798328581523,2929504968558.852,367,S0_baseline,indonesia,USDC
937,0.9149615604162973,2929504966266.699,367,S0_baseline,indonesia,USDC
938,0.9225320879996116,2929504942353.3423,367,S0_baseline,indonesia,USDC
939,0.9181035121091972,2929504921783.9067,367,S0_baseline,indonesia,USDC
940,0.9243428382227731,2929504900395.917,367,S0_baseline,indonesia,USDC
941,0.9396429594483334,2929504883071.8213,367,S0_baseline,indonesia,USDC
942,0.9555860505767664,2929504871772.369,367,S0_baseline,indonesia,USDC
943,0.9754557688597965,2929504866575.137,367,S0_baseline,indonesia,USDC
944,0.9495221443100258,2929504866575.137,367,S0_baseline,indonesia,USDC
945,0.9781250055008268,2929504859301.165,367,S0_baseline,indonesia,USDC
946,0.9927634188214675,2929504859301.165,367,S0_baseline,indonesia,USDC
947,0.9929146613510814,2929504859301.165,367,S0_baseline,indonesia,USDC
948,0.9557380256266205,2929504859301.165,367,S0_baseline,indonesia,USDC
949,0.9524841597126428,2929504854342.0957,367,S0_baseline,indonesia,USDC
950,0.9377984692836345,2929504848883.033,367,S0_baseline,indonesia,USDC
951,0.9872260013907734,2929504838384.037,367,S0_baseline,indonesia,USDC
952,0.9659407324107827,2929504838384.037,367,S0_baseline,indonesia,USDC
953,0.9790716188439569,2929504837247.09,367,S0_baseline,indonesia,USDC
954,0.9640156218230864,2929504837247.09,367,S0_baseline,indonesia,USDC
955,0.9501800225409103,2929504835694.1655,367,S0_baseline,indonesia,USDC
956,0.9226199098358974,2929504829825.0513,367,S0_baseline,indonesia,USDC
957,0.9177064994933251,2929504815193.88,367,S0_baseline,indonesia,USDC
958,0.9475056665620617,2929504799802.977,367,S0_baseline,indonesia,USDC
959,0.9567388184420182,2929504793861.646,367,S0_baseline,indonesia,USDC
960,0.934592669781253,2929504790344.99,367,S0_baseline,indonesia,USDC
961,0.9410551777798736,2929504780852.0117,367,S0_baseline,indonesia,USDC
962,0.943557049384973,2929504773652.151,367,S0_baseline,indonesia,USDC
963,0.9436111644368526,2929504767280.488,367,S0_baseline,indonesia,USDC
964,0.9421355249768726,2929504761085.558,367,S0_baseline,indonesia,USDC
965,0.910528498223855,2929504754453.185,367,S0_baseline,indonesia,USDC
966,0.9111738057258336,2929504741274.4727,367,S0_baseline,indonesia,USDC
967,0.8802126773581523,2929504727977.6543,367,S0_baseline,indonesia,USDC
968,0.8884998024497195,2929504709764.8994,367,S0_baseline,indonesia,USDC
969,0.9003687581890811,2929504694350.233,367,S0_baseline,indonesia,USDC
970,0.9114071785751188,2929504682269.9863,367,S0_baseline,indonesia,USDC
971,0.9010735134316479,2929504672834.6875,367,S0_baseline,indonesia,USDC
972,0.9319409119426595,2929504662887.103,367,S0_baseline,indonesia,USDC
973,0.9341902470674317,2929504657525.962,367,S0_baseline,indonesia,USDC
974,0.9428828540038859,2929504652983.118,367,S0_baseline,indonesia,USDC
975,0.9304158767632217,2929504649321.9326,367,S0_baseline,indonesia,USDC
976,0.9545986442959025,2929504644583.551,367,S0_baseline,indonesia,USDC
977,0.9801503125944514,2929504642827.8037,367,S0_baseline,indonesia,USDC
978,0.9720775281218739,2929504642827.8037,367,S0_baseline,indonesia,USDC
979,1.0111559821234528,2929504642827.8037,367,S0_baseline,indonesia,USDC
980,0.987937533005901,2929504642827.8037,367,S0_baseline,indonesia,USDC
981,1.0039451525959295,2929504642827.8037,367,S0_baseline,indonesia,USDC
982,0.9839156033731296,2929504642827.8037,367,S0_baseline,indonesia,USDC
983,0.9730815564300666,2929504642827.8037,367,S0_baseline,indonesia,USDC
984,0.9808486129597317,2929504642827.8037,367,S0_baseline,indonesia,USDC
985,0.9801936175530039,2929504642827.8037,367,S0_baseline,indonesia,USDC
986,0.9945944027083624,2929504642827.8037,367,S0_baseline,indonesia,USDC
987,1.0077140463546452,2929504642827.8037,367,S0_baseline,indonesia,USDC
988,1.0220962017342714,2929504642827.8037,367,S0_baseline,indonesia,USDC
989,1.0346832267357018,2929504642827.8037,367,S0_baseline,indonesia,USDC
990,1.0580966231545952,2929504642827.8037,367,S0_baseline,indonesia,USDC
991,1.0472277126022818,2929504642827.8037,367,S0_baseline,indonesia,USDC
992,1.0176686841779112,2929504642827.8037,367,S0_baseline,indonesia,USDC
993,1.010058491354425,2929504642827.8037,367,S0_baseline,indonesia,USDC
994,1.0230586523173466,2929504642827.8037,367,S0_baseline,indonesia,USDC
995,1.016727224609536,2929504642827.8037,367,S0_baseline,indonesia,USDC
996,1.051131239468821,2929504642827.8037,367,S0_baseline,indonesia,USDC
997,1.0229598471542949,2929504642827.8037,367,S0_baseline,indonesia,USDC
998,1.0147666161580455,2929504642827.8037,367,S0_baseline,indonesia,USDC
999,1.0215817072897733,2929504642827.8037,367,S0_baseline,indonesia,USDC
1000,1.0209950098719673,2929504642827.8037,367,S0_baseline,indonesia,USDC
