Step,price,liquidity,iteration,scenario,region,coin
1,0.9930435067450206,2990012938247.732,378,S0_baseline,indonesia,USDC
2,1.0198549112149655,2990012938247.732,378,S0_baseline,indonesia,USDC
3,0.9755822641149812,2990012938247.732,378,S0_baseline,indonesia,USDC
4,0.9799810192691135,2990012938247.732,378,S0_baseline,indonesia,USDC
5,0.970676746813533,2990012938247.732,378,S0_baseline,indonesia,USDC
6,0.9789871009701759,2990012938247.732,378,S0_baseline,indonesia,USDC
7,1.0051061646407633,2990012938247.732,378,S0_baseline,indonesia,USDC
8,1.039507899656061,2990012938247.732,378,S0_baseline,indonesia,USDC
9,1.0290741338666818,2990012938247.732,378,S0_baseline,indonesia,USDC
10,1.0026249101658848,2990012938247.732,378,S0_baseline,indonesia,USDC
11,0.9729059296861081,2990012938247.732,378,S0_baseline,indonesia,USDC
12,0.9856823384261557,2990012938247.732,378,S0_baseline,indonesia,USDC
13,0.967984103483458,2990012938247.732,378,S0_baseline,indonesia,USDC
14,0.9514905240070494,2989888243617.843,378,S0_baseline,indonesia,USDC
15,0.9322181754736921,2988771560164.3643,378,S0_baseline,indonesia,USDC
16,0.9259407720857117,2986519198699.054,378,S0_baseline,indonesia,USDC
17,0.9651267868257386,2983992031748.0947,378,S0_baseline,indonesia,USDC
18,0.9635282248392644,2983720844501.1045,378,S0_baseline,indonesia,USDC
19,0.9375664321669126,2983391730751.271,378,S0_baseline,indonesia,USDC
20,0.9376044878175208,2981606921795.073,378,S0_baseline,indonesia,USDC
21,0.9045469412224667,2979900628199.3765,378,S0_baseline,indonesia,USDC
22,0.9248725245346157,2976534337578.0566,378,S0_baseline,indonesia,USDC
23,0.9113019136297091,2974429164184.39,378,S0_baseline,indonesia,USDC
24,0.9284188107620635,2971764455914.701,378,S0_baseline,indonesia,USDC
25,0.9064111572157386,2969974685031.1123,378,S0_baseline,indonesia,USDC
26,0.904294733223819,2967426012137.7495,378,S0_baseline,indonesia,USDC
27,0.9457186938586352,2964891748219.3364,378,S0_baseline,indonesia,USDC
28,0.9434300047476071,2964018652278.34,378,S0_baseline,indonesia,USDC
29,0.9579329880015299,2963114616790.924,378,S0_baseline,indonesia,USDC
30,0.9359798605088466,2962723269880.594,378,S0_baseline,indonesia,USDC
31,0.9405737361209096,2961607413475.0767,378,S0_baseline,indonesia,USDC
32,0.9600033427931781,2960648952273.8794,378,S0_baseline,indonesia,USDC
33,0.9806244746355388,2960342963930.688,378,S0_baseline,indonesia,USDC
34,0.971900377424644,2960342963930.688,378,S0_baseline,indonesia,USDC
35,0.965397340341527,2960342963930.688,378,S0_baseline,indonesia,USDC
36,0.9382618210904067,2960224607584.336,378,S0_baseline,indonesia,USDC
37,0.927067115462235,2959236088649.7354,378,S0_baseline,indonesia,USDC
38,0.9579730416802926,2957960758810.4336,378,S0_baseline,indonesia,USDC
39,0.9464719714452207,2957614235848.5425,378,S0_baseline,indonesia,USDC
40,0.9595430158391173,2956944747066.995,378,S0_baseline,indonesia,USDC
41,0.9653018097132348,2956684649071.113,378,S0_baseline,indonesia,USDC
42,0.9615432276578055,2956581667285.3403,378,S0_baseline,indonesia,USDC
43,0.9943640340435728,2956379463136.483,378,S0_baseline,indonesia,USDC
44,0.9684755852930744,2956379463136.483,378,S0_baseline,indonesia,USDC
45,0.938735532653329,2956338026519.6675,378,S0_baseline,indonesia,USDC
46,0.9634000416460209,2955521564048.5957,378,S0_baseline,indonesia,USDC
47,0.9757501187926714,2955357560981.157,378,S0_baseline,indonesia,USDC
48,0.9895936067574697,2955357560981.157,378,S0_baseline,indonesia,USDC
49,0.9984579955162382,2955357560981.157,378,S0_baseline,indonesia,USDC
50,0.9981374531297573,2955357560981.157,378,S0_baseline,indonesia,USDC
51,0.9995379605530816,2955357560981.157,378,S0_baseline,indonesia,USDC
52,1.0124831206234706,2955357560981.157,378,S0_baseline,indonesia,USDC
53,0.9869225544759469,2955357560981.157,378,S0_baseline,indonesia,USDC
54,1.003799485570561,2955357560981.157,378,S0_baseline,indonesia,USDC
55,0.9956859023323908,2955357560981.157,378,S0_baseline,indonesia,USDC
56,0.9910335997610669,2955357560981.157,378,S0_baseline,indonesia,USDC
57,0.9042387190190124,2955357560981.157,378,S0_baseline,indonesia,USDC
58,0.906878744465182,2953664624858.2476,378,S0_baseline,indonesia,USDC
59,0.919643150242497,2952197758366.922,378,S0_baseline,indonesia,USDC
60,0.932808895879238,2951107235625.6865,378,S0_baseline,indonesia,USDC
61,0.9337128384557097,2950332158715.476,378,S0_baseline,indonesia,USDC
62,0.9578469440918878,2949588596001.604,378,S0_baseline,indonesia,USDC
63,0.9454039168679077,2949353838580.1016,378,S0_baseline,indonesia,USDC
64,0.9303497084844508,2948877155809.0645,378,S0_baseline,indonesia,USDC
65,0.9379558951001132,2948123527945.46,378,S0_baseline,indonesia,USDC
66,0.9611827377874553,2947525241722.7046,378,S0_baseline,indonesia,USDC
67,0.9757020384981744,2947375755488.948,378,S0_baseline,indonesia,USDC
68,0.9626962330352893,2947375755488.948,378,S0_baseline,indonesia,USDC
69,0.942486232777767,2947263758583.409,378,S0_baseline,indonesia,USDC
70,0.9716254587715317,2946818402205.283,378,S0_baseline,indonesia,USDC
71,0.9615905947299819,2946818402205.283,378,S0_baseline,indonesia,USDC
72,0.9499787725449649,2946702128463.295,378,S0_baseline,indonesia,USDC
73,0.9717605786742325,2946370626478.1055,378,S0_baseline,indonesia,USDC
74,0.9778137868680855,2946370626478.1055,378,S0_baseline,indonesia,USDC
75,0.9961748565631023,2946370626478.1055,378,S0_baseline,indonesia,USDC
76,0.995522412589078,2946370626478.1055,378,S0_baseline,indonesia,USDC
77,0.9853091297074472,2946370626478.1055,378,S0_baseline,indonesia,USDC
78,1.0158413235570254,2946370626478.1055,378,S0_baseline,indonesia,USDC
79,1.0079020554190248,2946370626478.1055,378,S0_baseline,indonesia,USDC
80,1.026293144067823,2946370626478.1055,378,S0_baseline,indonesia,USDC
81,1.0132111857553607,2946370626478.1055,378,S0_baseline,indonesia,USDC
82,1.0151925489696476,2946370626478.1055,378,S0_baseline,indonesia,USDC
83,1.001340769445115,2946370626478.1055,378,S0_baseline,indonesia,USDC
84,0.961943505418818,2946370626478.1055,378,S0_baseline,indonesia,USDC
85,0.9284238903753513,2946234765007.395,378,S0_baseline,indonesia,USDC
86,0.9345069776450563,2945558226804.2373,378,S0_baseline,indonesia,USDC
87,0.9546040687578166,2945040582591.6665,378,S0_baseline,indonesia,USDC
88,0.9446352735869913,2944813723784.6953,378,S0_baseline,indonesia,USDC
89,0.9740232985307639,2944440783705.116,378,S0_baseline,indonesia,USDC
90,0.9544668478094618,2944440783705.116,378,S0_baseline,indonesia,USDC
91,0.9877791943775038,2944243605710.1455,378,S0_baseline,indonesia,USDC
92,0.9772592883488106,2944243605710.1455,378,S0_baseline,indonesia,USDC
93,0.9779584221038182,2944243605710.1455,378,S0_baseline,indonesia,USDC
94,0.9738121240212987,2944243605710.1455,378,S0_baseline,indonesia,USDC
95,0.9879337868228434,2944243605710.1455,378,S0_baseline,indonesia,USDC
96,1.030296994245918,2944243605710.1455,378,S0_baseline,indonesia,USDC
97,1.0242800985456193,2944243605710.1455,378,S0_baseline,indonesia,USDC
98,1.0314767755168195,2944243605710.1455,378,S0_baseline,indonesia,USDC
99,1.013857229165215,2944243605710.1455,378,S0_baseline,indonesia,USDC
100,0.8965208223797752,2944243605710.1455,378,S0_baseline,indonesia,USDC
101,0.9294991219261299,2943165608037.8516,378,S0_baseline,indonesia,USDC
102,0.9308858275129158,2942664235937.7954,378,S0_baseline,indonesia,USDC
103,0.9626386779359578,2942199157750.6846,378,S0_baseline,indonesia,USDC
104,0.9772485911781787,2942114519761.8984,378,S0_baseline,indonesia,USDC
105,0.9832984455959501,2942114519761.8984,378,S0_baseline,indonesia,USDC
106,0.989222907678091,2942114519761.8984,378,S0_baseline,indonesia,USDC
107,0.9673770959028497,2942114519761.8984,378,S0_baseline,indonesia,USDC
108,0.9305879705184348,2942095354645.345,378,S0_baseline,indonesia,USDC
109,0.954278244380097,2941647664646.261,378,S0_baseline,indonesia,USDC
110,0.9483824508704137,2941468230799.178,378,S0_baseline,indonesia,USDC
111,0.9465662262118596,2941223041388.5527,378,S0_baseline,indonesia,USDC
112,0.9543038921925101,2940972842946.567,378,S0_baseline,indonesia,USDC
113,0.9750684815244363,2940812689663.262,378,S0_baseline,indonesia,USDC
114,0.9668256733336296,2940812689663.262,378,S0_baseline,indonesia,USDC
115,0.9708189656288714,2940777347458.202,378,S0_baseline,indonesia,USDC
116,0.9771384456890382,2940777347458.202,378,S0_baseline,indonesia,USDC
117,0.9487974532997296,2940777347458.202,378,S0_baseline,indonesia,USDC
118,0.9574674809875907,2940542055820.0723,378,S0_baseline,indonesia,USDC
119,0.9616834736214922,2940429102344.3066,378,S0_baseline,indonesia,USDC
120,0.9881356689645084,2940346622366.3076,378,S0_baseline,indonesia,USDC
121,1.014183633930414,2940346622366.3076,378,S0_baseline,indonesia,USDC
122,1.0067176828894968,2940346622366.3076,378,S0_baseline,indonesia,USDC
123,1.0315331857193741,2940346622366.3076,378,S0_baseline,indonesia,USDC
124,1.0119669767045885,2940346622366.3076,378,S0_baseline,indonesia,USDC
125,0.9766333510913082,2940346622366.3076,378,S0_baseline,indonesia,USDC
126,1.002418493828351,2940346622366.3076,378,S0_baseline,indonesia,USDC
127,1.0031596692707077,2940346622366.3076,378,S0_baseline,indonesia,USDC
128,0.9825144398740903,2940346622366.3076,378,S0_baseline,indonesia,USDC
129,0.9855086381646502,2940346622366.3076,378,S0_baseline,indonesia,USDC
130,1.0125190159472315,2940346622366.3076,378,S0_baseline,indonesia,USDC
131,0.9987551664279736,2940346622366.3076,378,S0_baseline,indonesia,USDC
132,0.9950494519714793,2940346622366.3076,378,S0_baseline,indonesia,USDC
133,1.01444042120768,2940346622366.3076,378,S0_baseline,indonesia,USDC
134,0.9917023337462169,2940346622366.3076,378,S0_baseline,indonesia,USDC
135,1.0176654682843875,2940346622366.3076,378,S0_baseline,indonesia,USDC
136,1.0120554249083593,2940346622366.3076,378,S0_baseline,indonesia,USDC
137,1.0046333966974381,2940346622366.3076,378,S0_baseline,indonesia,USDC
138,0.9942908061713633,2940346622366.3076,378,S0_baseline,indonesia,USDC
139,0.9832659805442044,2940346622366.3076,378,S0_baseline,indonesia,USDC
140,0.9711833855782432,2940346622366.3076,378,S0_baseline,indonesia,USDC
141,0.9795741816810358,2940346622366.3076,378,S0_baseline,indonesia,USDC
142,0.9437358598500624,2940346622366.3076,378,S0_baseline,indonesia,USDC
143,0.9676211635426992,2940096792948.39,378,S0_baseline,indonesia,USDC
144,0.9597672514252555,2940083285835.5317,378,S0_baseline,indonesia,USDC
145,0.985523631923515,2939984043382.8525,378,S0_baseline,indonesia,USDC
146,1.0171829504897862,2939984043382.8525,378,S0_baseline,indonesia,USDC
147,1.0256040409737466,2939984043382.8525,378,S0_baseline,indonesia,USDC
148,1.0561434540390944,2939984043382.8525,378,S0_baseline,indonesia,USDC
149,1.0599161431480404,2939984043382.8525,378,S0_baseline,indonesia,USDC
150,1.0090708843768905,2939984043382.8525,378,S0_baseline,indonesia,USDC
151,1.0104311914325264,2939984043382.8525,378,S0_baseline,indonesia,USDC
152,1.0164366662905508,2939984043382.8525,378,S0_baseline,indonesia,USDC
153,1.0596015048065055,2939984043382.8525,378,S0_baseline,indonesia,USDC
154,1.0271991715025153,2939984043382.8525,378,S0_baseline,indonesia,USDC
155,1.0124127910924963,2939984043382.8525,378,S0_baseline,indonesia,USDC
156,1.0194524181563893,2939984043382.8525,378,S0_baseline,indonesia,USDC
157,1.0186628457495317,2939984043382.8525,378,S0_baseline,indonesia,USDC
158,1.0008427155612138,2939984043382.8525,378,S0_baseline,indonesia,USDC
159,0.993370343030765,2939984043382.8525,378,S0_baseline,indonesia,USDC
160,1.0379807602403275,2939984043382.8525,378,S0_baseline,indonesia,USDC
161,1.0606374276972854,2939984043382.8525,378,S0_baseline,indonesia,USDC
162,1.0541512192726594,2939984043382.8525,378,S0_baseline,indonesia,USDC
163,1.0191112640845104,2939984043382.8525,378,S0_baseline,indonesia,USDC
164,1.0046893479080163,2939984043382.8525,378,S0_baseline,indonesia,USDC
165,0.9892772767549455,2939984043382.8525,378,S0_baseline,indonesia,USDC
166,0.9919456678637503,2939984043382.8525,378,S0_baseline,indonesia,USDC
167,0.9911081577865402,2939984043382.8525,378,S0_baseline,indonesia,USDC
168,0.968547253066308,2939984043382.8525,378,S0_baseline,indonesia,USDC
169,0.9564184797090487,2939974070295.915,378,S0_baseline,indonesia,USDC
170,0.9564093849282227,2939834598835.056,378,S0_baseline,indonesia,USDC
171,0.986396137914011,2939719056776.183,378,S0_baseline,indonesia,USDC
172,0.9524529667776107,2939719056776.183,378,S0_baseline,indonesia,USDC
173,0.9676162987316491,2939567264273.8403,378,S0_baseline,indonesia,USDC
174,0.9752041979917345,2939559733926.341,378,S0_baseline,indonesia,USDC
175,0.9728232246134313,2939559733926.341,378,S0_baseline,indonesia,USDC
176,0.9594376180583296,2939559733926.341,378,S0_baseline,indonesia,USDC
177,0.9738807399103907,2939455778356.9834,378,S0_baseline,indonesia,USDC
178,0.9565105627274044,2939455778356.9834,378,S0_baseline,indonesia,USDC
179,0.9845877879680311,2939324460213.3457,378,S0_baseline,indonesia,USDC
180,0.9658371724840047,2939324460213.3457,378,S0_baseline,indonesia,USDC
181,0.9693271651659208,2939300896436.115,378,S0_baseline,indonesia,USDC
182,0.9615243110030077,2939300896436.115,378,S0_baseline,indonesia,USDC
183,0.9752198385709603,2939225863109.713,378,S0_baseline,indonesia,USDC
184,0.9859242489579533,2939225863109.713,378,S0_baseline,indonesia,USDC
185,0.976639681033945,2939225863109.713,378,S0_baseline,indonesia,USDC
186,0.9381305875510056,2939225863109.713,378,S0_baseline,indonesia,USDC
187,0.9444921049858944,2938942714358.4365,378,S0_baseline,indonesia,USDC
188,0.9678032612354774,2938716403675.7974,378,S0_baseline,indonesia,USDC
189,0.9833016604375268,2938696693119.2085,378,S0_baseline,indonesia,USDC
190,0.9787386792748536,2938696693119.2085,378,S0_baseline,indonesia,USDC
191,0.9852380518132098,2938696693119.2085,378,S0_baseline,indonesia,USDC
192,0.9892874877435599,2938696693119.2085,378,S0_baseline,indonesia,USDC
193,0.936106081574744,2938696693119.2085,378,S0_baseline,indonesia,USDC
194,0.9527643090628388,2938402812513.922,378,S0_baseline,indonesia,USDC
195,0.9356362909255251,2938260515762.576,378,S0_baseline,indonesia,USDC
196,0.9369804478312574,2937995696050.924,378,S0_baseline,indonesia,USDC
197,0.948498966925919,2937723956785.2197,378,S0_baseline,indonesia,USDC
198,0.9614138781815884,2937553034244.3857,378,S0_baseline,indonesia,USDC
199,0.9589535720868125,2937496302478.7524,378,S0_baseline,indonesia,USDC
200,0.947631326878092,2937426914669.4707,378,S0_baseline,indonesia,USDC
201,0.9590620972177479,2937262590113.449,378,S0_baseline,indonesia,USDC
202,0.9738976221044737,2937196139896.8013,378,S0_baseline,indonesia,USDC
203,0.9966501867009454,2937196139896.8013,378,S0_baseline,indonesia,USDC
204,1.0123891710716695,2937196139896.8013,378,S0_baseline,indonesia,USDC
205,1.002930630503255,2937196139896.8013,378,S0_baseline,indonesia,USDC
206,0.9792634000313466,2937196139896.8013,378,S0_baseline,indonesia,USDC
207,0.980081123748707,2937196139896.8013,378,S0_baseline,indonesia,USDC
208,0.9678328138908797,2937196139896.8013,378,S0_baseline,indonesia,USDC
209,0.9491914376375158,2937192001581.7314,378,S0_baseline,indonesia,USDC
210,0.9790572992621907,2937044280379.4116,378,S0_baseline,indonesia,USDC
211,0.994384542287353,2937044280379.4116,378,S0_baseline,indonesia,USDC
212,0.9615471559504996,2937044280379.4116,378,S0_baseline,indonesia,USDC
213,0.9609628995802715,2936987674348.3135,378,S0_baseline,indonesia,USDC
214,0.9651721477765333,2936927360776.799,378,S0_baseline,indonesia,USDC
215,0.9572085094072447,2936905359657.337,378,S0_baseline,indonesia,USDC
216,0.9879783746114179,2936814468581.4375,378,S0_baseline,indonesia,USDC
217,0.9738250493867247,2936814468581.4375,378,S0_baseline,indonesia,USDC
218,0.9815932229325388,2936814468581.4375,378,S0_baseline,indonesia,USDC
219,1.0109043138491258,2936814468581.4375,378,S0_baseline,indonesia,USDC
220,1.0270598007973168,2936814468581.4375,378,S0_baseline,indonesia,USDC
221,1.0205632340123805,2936814468581.4375,378,S0_baseline,indonesia,USDC
222,1.0449944853290971,2936814468581.4375,378,S0_baseline,indonesia,USDC
223,1.0427607262859175,2936814468581.4375,378,S0_baseline,indonesia,USDC
224,1.0249559569318492,2936814468581.4375,378,S0_baseline,indonesia,USDC
225,1.0055219959743784,2936814468581.4375,378,S0_baseline,indonesia,USDC
226,1.0028395845956413,2936814468581.4375,378,S0_baseline,indonesia,USDC
227,0.984025582614486,2936814468581.4375,378,S0_baseline,indonesia,USDC
228,0.9802753235268999,2936814468581.4375,378,S0_baseline,indonesia,USDC
229,1.007116588915939,2936814468581.4375,378,S0_baseline,indonesia,USDC
230,0.9813337505566379,2936814468581.4375,378,S0_baseline,indonesia,USDC
231,0.9560786855205842,2936814468581.4375,378,S0_baseline,indonesia,USDC
232,0.9620761354646121,2936732252462.798,378,S0_baseline,indonesia,USDC
233,0.9669993598782757,2936681764250.7705,378,S0_baseline,indonesia,USDC
234,0.9379485153423677,2936672478714.1504,378,S0_baseline,indonesia,USDC
235,0.9794381902247125,2936452429065.6074,378,S0_baseline,indonesia,USDC
236,0.9921116200975526,2936452429065.6074,378,S0_baseline,indonesia,USDC
237,1.0109772039442013,2936452429065.6074,378,S0_baseline,indonesia,USDC
238,1.0238509889080287,2936452429065.6074,378,S0_baseline,indonesia,USDC
239,1.0393105093572348,2936452429065.6074,378,S0_baseline,indonesia,USDC
240,1.0446322577260692,2936452429065.6074,378,S0_baseline,indonesia,USDC
241,1.0513334128811442,2936452429065.6074,378,S0_baseline,indonesia,USDC
242,1.0449145314487744,2936452429065.6074,378,S0_baseline,indonesia,USDC
243,1.024688707246532,2936452429065.6074,378,S0_baseline,indonesia,USDC
244,1.0137699387952515,2936452429065.6074,378,S0_baseline,indonesia,USDC
245,1.0375264275343847,2936452429065.6074,378,S0_baseline,indonesia,USDC
246,1.0396213174307014,2936452429065.6074,378,S0_baseline,indonesia,USDC
247,1.0170521015638816,2936452429065.6074,378,S0_baseline,indonesia,USDC
248,1.0156768428639649,2936452429065.6074,378,S0_baseline,indonesia,USDC
249,0.9754189533625668,2936452429065.6074,378,S0_baseline,indonesia,USDC
250,0.9834647263110283,2936452429065.6074,378,S0_baseline,indonesia,USDC
251,0.89838322338383,2936452429065.6074,378,S0_baseline,indonesia,USDC
252,0.8887775603362642,2936010720240.4243,378,S0_baseline,indonesia,USDC
253,0.9298304828308195,2935531479457.746,378,S0_baseline,indonesia,USDC
254,0.9159742625797146,2935322906811.0703,378,S0_baseline,indonesia,USDC
255,0.8987420584571926,2935050158083.13,378,S0_baseline,indonesia,USDC
256,0.9203274601022834,2934680114870.172,378,S0_baseline,indonesia,USDC
257,0.9463133954574394,2934447445553.993,378,S0_baseline,indonesia,USDC
258,0.9540292332230451,2934339158522.133,378,S0_baseline,indonesia,USDC
259,0.9500543283438859,2934278180097.53,378,S0_baseline,indonesia,USDC
260,0.9527307938603597,2934201456803.693,378,S0_baseline,indonesia,USDC
261,0.9528618165075019,2934130268120.132,378,S0_baseline,indonesia,USDC
262,0.955751226679084,2934064170420.1816,378,S0_baseline,indonesia,USDC
263,0.9627888329242518,2934010831684.9277,378,S0_baseline,indonesia,USDC
264,0.9665991336915224,2933986223455.188,378,S0_baseline,indonesia,USDC
265,0.9783365558248884,2933974562657.745,378,S0_baseline,indonesia,USDC
266,0.9786302586964154,2933974562657.745,378,S0_baseline,indonesia,USDC
267,0.9732914499115153,2933974562657.745,378,S0_baseline,indonesia,USDC
268,0.9629592795074177,2933974562657.745,378,S0_baseline,indonesia,USDC
269,0.9332356655570948,2933948342700.409,378,S0_baseline,indonesia,USDC
270,0.959901870720752,2933812728996.786,378,S0_baseline,indonesia,USDC
271,0.96313219773378,2933775782238.3696,378,S0_baseline,indonesia,USDC
272,0.973133219839532,2933756291435.1987,378,S0_baseline,indonesia,USDC
273,0.9395276255943864,2933756291435.1987,378,S0_baseline,indonesia,USDC
274,0.9427169806791538,2933646478986.7188,378,S0_baseline,indonesia,USDC
275,0.9300338402843438,2933544279025.703,378,S0_baseline,indonesia,USDC
276,0.9456889209279289,2933411515714.467,378,S0_baseline,indonesia,USDC
277,0.9455270227736761,2933332692102.448,378,S0_baseline,indonesia,USDC
278,0.9723192771399667,2933248935132.878,378,S0_baseline,indonesia,USDC
279,0.9853231717910201,2933248935132.878,378,S0_baseline,indonesia,USDC
280,1.0045802519375269,2933248935132.878,378,S0_baseline,indonesia,USDC
281,1.0123191486676675,2933248935132.878,378,S0_baseline,indonesia,USDC
282,1.022687999624752,2933248935132.878,378,S0_baseline,indonesia,USDC
283,1.025252969591747,2933248935132.878,378,S0_baseline,indonesia,USDC
284,1.0193468051105021,2933248935132.878,378,S0_baseline,indonesia,USDC
285,1.0310511588300442,2933248935132.878,378,S0_baseline,indonesia,USDC
286,1.0322237172743869,2933248935132.878,378,S0_baseline,indonesia,USDC
287,1.023525291721008,2933248935132.878,378,S0_baseline,indonesia,USDC
288,1.0329574672406445,2933248935132.878,378,S0_baseline,indonesia,USDC
289,1.0304111776101446,2933248935132.878,378,S0_baseline,indonesia,USDC
290,1.040355978880685,2933248935132.878,378,S0_baseline,indonesia,USDC
291,1.0304676819331795,2933248935132.878,378,S0_baseline,indonesia,USDC
292,1.0223360532330623,2933248935132.878,378,S0_baseline,indonesia,USDC
293,1.0403149862595433,2933248935132.878,378,S0_baseline,indonesia,USDC
294,1.0030602599575376,2933248935132.878,378,S0_baseline,indonesia,USDC
295,0.9849944293457866,2933248935132.878,378,S0_baseline,indonesia,USDC
296,0.9649808956745989,2933248935132.878,378,S0_baseline,indonesia,USDC
297,0.9682975489546997,2933234127118.4927,378,S0_baseline,indonesia,USDC
298,0.9676631330888197,2933230220437.3877,378,S0_baseline,indonesia,USDC
299,0.9680790127318348,2933227832273.4766,378,S0_baseline,indonesia,USDC
300,0.9791780088897961,2933223241197.053,378,S0_baseline,indonesia,USDC
301,0.9765936763253602,2933223241197.053,378,S0_baseline,indonesia,USDC
302,0.9654279668293987,2933223241197.053,378,S0_baseline,indonesia,USDC
303,0.9608517465179094,2933213830602.6514,378,S0_baseline,indonesia,USDC
304,0.8311079002843884,2933190101625.984,378,S0_baseline,indonesia,USDC
305,0.8691420379071697,2932735170808.7207,378,S0_baseline,indonesia,USDC
306,0.8757567063816561,2932458217297.7607,378,S0_baseline,indonesia,USDC
307,0.8960943268831385,2932220638791.0693,378,S0_baseline,indonesia,USDC
308,0.8996917796190737,2932052430961.486,378,S0_baseline,indonesia,USDC
309,0.9135950195079307,2931915148271.8423,378,S0_baseline,indonesia,USDC
310,0.9164174249283439,2931807362926.894,378,S0_baseline,indonesia,USDC
311,0.9553962922328677,2931710827277.733,378,S0_baseline,indonesia,USDC
312,0.9779396898110281,2931689168651.0225,378,S0_baseline,indonesia,USDC
313,0.9925953717680362,2931689168651.0225,378,S0_baseline,indonesia,USDC
314,0.9820902624722412,2931689168651.0225,378,S0_baseline,indonesia,USDC
315,0.9828289639689771,2931689168651.0225,378,S0_baseline,indonesia,USDC
316,1.0036172118360114,2931689168651.0225,378,S0_baseline,indonesia,USDC
317,1.0484511168436204,2931689168651.0225,378,S0_baseline,indonesia,USDC
318,1.0617659585043895,2931689168651.0225,378,S0_baseline,indonesia,USDC
319,1.0817562831823002,2931689168651.0225,378,S0_baseline,indonesia,USDC
320,1.1182767334392525,2931689168651.0225,378,S0_baseline,indonesia,USDC
321,1.1291784743890743,2931689168651.0225,378,S0_baseline,indonesia,USDC
322,1.1153200839218733,2931689168651.0225,378,S0_baseline,indonesia,USDC
323,1.0990431106226277,2931689168651.0225,378,S0_baseline,indonesia,USDC
324,1.0773616571889684,2931689168651.0225,378,S0_baseline,indonesia,USDC
325,1.0542396313581914,2931689168651.0225,378,S0_baseline,indonesia,USDC
326,1.047537533860884,2931689168651.0225,378,S0_baseline,indonesia,USDC
327,1.0631492856263476,2931689168651.0225,378,S0_baseline,indonesia,USDC
328,1.048525134189997,2931689168651.0225,378,S0_baseline,indonesia,USDC
329,1.0233751580071968,2931689168651.0225,378,S0_baseline,indonesia,USDC
330,0.9977795205204991,2931689168651.0225,378,S0_baseline,indonesia,USDC
331,0.9984048746002697,2931689168651.0225,378,S0_baseline,indonesia,USDC
332,0.9889636077251563,2931689168651.0225,378,S0_baseline,indonesia,USDC
333,0.9880019030705913,2931689168651.0225,378,S0_baseline,indonesia,USDC
334,0.9784274107539496,2931689168651.0225,378,S0_baseline,indonesia,USDC
335,0.9671603958881261,2931689168651.0225,378,S0_baseline,indonesia,USDC
336,0.9556386029726744,2931687099069.988,378,S0_baseline,indonesia,USDC
337,0.9826038785327066,2931666140428.122,378,S0_baseline,indonesia,USDC
338,0.9867301281355106,2931666140428.122,378,S0_baseline,indonesia,USDC
339,0.9705598680470876,2931666140428.122,378,S0_baseline,indonesia,USDC
340,0.9886146169994707,2931666140428.122,378,S0_baseline,indonesia,USDC
341,0.9919646501933944,2931666140428.122,378,S0_baseline,indonesia,USDC
342,0.9641723528900634,2931666140428.122,378,S0_baseline,indonesia,USDC
343,0.9776957709764864,2931657233298.6777,378,S0_baseline,indonesia,USDC
344,0.963816613716439,2931657233298.6777,378,S0_baseline,indonesia,USDC
345,0.951536311973402,2931649818346.807,378,S0_baseline,indonesia,USDC
346,0.8098224683346067,2931621375244.8403,378,S0_baseline,indonesia,USDC
347,0.8271366547648923,2931366247435.224,378,S0_baseline,indonesia,USDC
348,0.8411301079358154,2931174972609.2983,378,S0_baseline,indonesia,USDC
349,0.8631736173607369,2931020589884.8135,378,S0_baseline,indonesia,USDC
350,0.8874331457237747,2930914330786.4297,378,S0_baseline,indonesia,USDC
351,0.9118431890705616,2930841099819.9927,378,S0_baseline,indonesia,USDC
352,0.9348343756927755,2930793967721.544,378,S0_baseline,indonesia,USDC
353,0.9235524864542981,2930765652887.4727,378,S0_baseline,indonesia,USDC
354,0.9547731618130714,2930731578824.878,378,S0_baseline,indonesia,USDC
355,0.9717167175532878,2930720297769.4316,378,S0_baseline,indonesia,USDC
356,0.9721490503761282,2930720297769.4316,378,S0_baseline,indonesia,USDC
357,0.9307714591781893,2930720297769.4316,378,S0_baseline,indonesia,USDC
358,0.9704297250834866,2930694215080.2603,378,S0_baseline,indonesia,USDC
359,0.9498786673930828,2930694215080.2603,378,S0_baseline,indonesia,USDC
360,0.9320623642968926,2930681262952.716,378,S0_baseline,indonesia,USDC
361,0.9082615841888034,2930656679203.392,378,S0_baseline,indonesia,USDC
362,0.9204542382606735,2930617728205.5894,378,S0_baseline,indonesia,USDC
363,0.9333917405978878,2930587654899.135,378,S0_baseline,indonesia,USDC
364,0.9196382597483334,2930567938061.54,378,S0_baseline,indonesia,USDC
365,0.9519041758316654,2930540661103.5527,378,S0_baseline,indonesia,USDC
366,0.9625521528883203,2930531692823.25,378,S0_baseline,indonesia,USDC
367,0.9973394971467636,2930527709725.5522,378,S0_baseline,indonesia,USDC
368,1.022738813833019,2930527709725.5522,378,S0_baseline,indonesia,USDC
369,0.9971283628197944,2930527709725.5522,378,S0_baseline,indonesia,USDC
370,0.9853755972633547,2930527709725.5522,378,S0_baseline,indonesia,USDC
371,0.9932089558403455,2930527709725.5522,378,S0_baseline,indonesia,USDC
372,0.9984534251827926,2930527709725.5522,378,S0_baseline,indonesia,USDC
373,0.9729222173908559,2930527709725.5522,378,S0_baseline,indonesia,USDC
374,0.985888702110388,2930527709725.5522,378,S0_baseline,indonesia,USDC
375,0.9978652800984931,2930527709725.5522,378,S0_baseline,indonesia,USDC
376,0.9529690769803957,2930527709725.5522,378,S0_baseline,indonesia,USDC
377,0.9893284267542722,2930519508441.744,378,S0_baseline,indonesia,USDC
378,0.9802946987062472,2930519508441.744,378,S0_baseline,indonesia,USDC
379,0.9871115607969029,2930519508441.744,378,S0_baseline,indonesia,USDC
380,0.9645138455801369,2930519508441.744,378,S0_baseline,indonesia,USDC
381,0.9725100349865022,2930517258753.626,378,S0_baseline,indonesia,USDC
382,0.9636842458071037,2930517258753.626,378,S0_baseline,indonesia,USDC
383,0.9638863834890395,2930513975079.0386,378,S0_baseline,indonesia,USDC
384,0.9604219888329667,2930511749888.8887,378,S0_baseline,indonesia,USDC
385,0.9580940636593056,2930507159345.5684,378,S0_baseline,indonesia,USDC
386,0.9812444376681541,2930502160763.057,378,S0_baseline,indonesia,USDC
387,0.9801812149835323,2930502160763.057,378,S0_baseline,indonesia,USDC
388,0.9967723052842032,2930502160763.057,378,S0_baseline,indonesia,USDC
389,1.0028871128663612,2930502160763.057,378,S0_baseline,indonesia,USDC
390,1.019732627187929,2930502160763.057,378,S0_baseline,indonesia,USDC
391,1.0234713940112923,2930502160763.057,378,S0_baseline,indonesia,USDC
392,1.001820739428733,2930502160763.057,378,S0_baseline,indonesia,USDC
393,1.022152888412325,2930502160763.057,378,S0_baseline,indonesia,USDC
394,1.0161200894624212,2930502160763.057,378,S0_baseline,indonesia,USDC
395,1.0071666906005636,2930502160763.057,378,S0_baseline,indonesia,USDC
396,1.0230125021796135,2930502160763.057,378,S0_baseline,indonesia,USDC
397,1.0562557184235304,2930502160763.057,378,S0_baseline,indonesia,USDC
398,1.0683448439415832,2930502160763.057,378,S0_baseline,indonesia,USDC
399,1.050290984116383,2930502160763.057,378,S0_baseline,indonesia,USDC
400,1.0136722801044964,2930502160763.057,378,S0_baseline,indonesia,USDC
401,1.0224559681655274,2930502160763.057,378,S0_baseline,indonesia,USDC
402,1.013483117525307,2930502160763.057,378,S0_baseline,indonesia,USDC
403,1.0212008507245054,2930502160763.057,378,S0_baseline,indonesia,USDC
404,1.0122295770043155,2930502160763.057,378,S0_baseline,indonesia,USDC
405,1.0033242456674212,2930502160763.057,378,S0_baseline,indonesia,USDC
406,0.9829749104251856,2930502160763.057,378,S0_baseline,indonesia,USDC
407,0.9707434087169957,2930502160763.057,378,S0_baseline,indonesia,USDC
408,1.003572518177262,2930502160763.057,378,S0_baseline,indonesia,USDC
409,0.9839306344252445,2930502160763.057,378,S0_baseline,indonesia,USDC
410,1.0139460898571824,2930502160763.057,378,S0_baseline,indonesia,USDC
411,1.0269404774723871,2930502160763.057,378,S0_baseline,indonesia,USDC
412,1.0001386890699153,2930502160763.057,378,S0_baseline,indonesia,USDC
413,1.0110242992449143,2930502160763.057,378,S0_baseline,indonesia,USDC
414,0.9911096901044596,2930502160763.057,378,S0_baseline,indonesia,USDC
415,1.0015707791826012,2930502160763.057,378,S0_baseline,indonesia,USDC
416,0.987183098819476,2930502160763.057,378,S0_baseline,indonesia,USDC
417,0.9939095716316135,2930502160763.057,378,S0_baseline,indonesia,USDC
418,0.9927421813599466,2930502160763.057,378,S0_baseline,indonesia,USDC
419,0.9848139313856319,2930502160763.057,378,S0_baseline,indonesia,USDC
420,1.0063752010082152,2930502160763.057,378,S0_baseline,indonesia,USDC
421,0.9819216175834224,2930502160763.057,378,S0_baseline,indonesia,USDC
422,0.9695907159589937,2930502160763.057,378,S0_baseline,indonesia,USDC
423,0.9839847152599067,2930502023540.022,378,S0_baseline,indonesia,USDC
424,0.9714579630271661,2930502023540.022,378,S0_baseline,indonesia,USDC
425,0.9822428019451533,2930502023540.022,378,S0_baseline,indonesia,USDC
426,0.9733671460319909,2930502023540.022,378,S0_baseline,indonesia,USDC
427,0.9511872312100073,2930502023540.022,378,S0_baseline,indonesia,USDC
428,0.9682769724691723,2930493768521.3027,378,S0_baseline,indonesia,USDC
429,0.94206789758465,2930492914414.293,378,S0_baseline,indonesia,USDC
430,0.977403294497698,2930479573500.948,378,S0_baseline,indonesia,USDC
431,0.949086371973707,2930479573500.948,378,S0_baseline,indonesia,USDC
432,0.9598733679106161,2930470325918.9873,378,S0_baseline,indonesia,USDC
433,0.9548707159609301,2930466496923.803,378,S0_baseline,indonesia,USDC
434,0.9739826659500431,2930459770232.216,378,S0_baseline,indonesia,USDC
435,0.9895862391102827,2930459770232.216,378,S0_baseline,indonesia,USDC
436,0.997972194730705,2930459770232.216,378,S0_baseline,indonesia,USDC
437,0.9802357906492271,2930459770232.216,378,S0_baseline,indonesia,USDC
438,0.9619669879574193,2930459770232.216,378,S0_baseline,indonesia,USDC
439,0.9662528100574257,2930456069812.925,378,S0_baseline,indonesia,USDC
440,0.9774900795314034,2930454357959.1675,378,S0_baseline,indonesia,USDC
441,0.998225341097702,2930454357959.1675,378,S0_baseline,indonesia,USDC
442,1.0001312453285813,2930454357959.1675,378,S0_baseline,indonesia,USDC
443,0.9964170829108495,2930454357959.1675,378,S0_baseline,indonesia,USDC
444,0.9903521035752206,2930454357959.1675,378,S0_baseline,indonesia,USDC
445,0.9966953101776203,2930454357959.1675,378,S0_baseline,indonesia,USDC
446,1.0281014687447732,2930454357959.1675,378,S0_baseline,indonesia,USDC
447,1.0132242522326322,2930454357959.1675,378,S0_baseline,indonesia,USDC
448,0.9930777096872195,2930454357959.1675,378,S0_baseline,indonesia,USDC
449,1.0026617353424856,2930454357959.1675,378,S0_baseline,indonesia,USDC
450,0.978751878451937,2930454357959.1675,378,S0_baseline,indonesia,USDC
451,0.9762445528129226,2930454357959.1675,378,S0_baseline,indonesia,USDC
452,0.9348348753391965,2930454357959.1675,378,S0_baseline,indonesia,USDC
453,0.9674460123672757,2930438852087.883,378,S0_baseline,indonesia,USDC
454,0.9470567864609329,2930437970679.1333,378,S0_baseline,indonesia,USDC
455,0.9450262556515994,2930427917473.118,378,S0_baseline,indonesia,USDC
456,0.9682318334757426,2930418409290.6514,378,S0_baseline,indonesia,USDC
457,0.9639745003302879,2930418334149.678,378,S0_baseline,indonesia,USDC
458,0.9859563193617096,2930416568702.898,378,S0_baseline,indonesia,USDC
459,0.9756546379049285,2930416568702.898,378,S0_baseline,indonesia,USDC
460,1.013494295715955,2930416568702.898,378,S0_baseline,indonesia,USDC
461,0.9986332065362125,2930416568702.898,378,S0_baseline,indonesia,USDC
462,0.9967621496962286,2930416568702.898,378,S0_baseline,indonesia,USDC
463,0.9875012534323113,2930416568702.898,378,S0_baseline,indonesia,USDC
464,0.9949267800469557,2930416568702.898,378,S0_baseline,indonesia,USDC
465,1.006085533656444,2930416568702.898,378,S0_baseline,indonesia,USDC
466,1.013156184926094,2930416568702.898,378,S0_baseline,indonesia,USDC
467,1.0161708763509907,2930416568702.898,378,S0_baseline,indonesia,USDC
468,1.007490923696068,2930416568702.898,378,S0_baseline,indonesia,USDC
469,1.0121829802924875,2930416568702.898,378,S0_baseline,indonesia,USDC
470,0.9908733496456378,2930416568702.898,378,S0_baseline,indonesia,USDC
471,0.9857270260830765,2930416568702.898,378,S0_baseline,indonesia,USDC
472,0.9498257065269199,2930416568702.898,378,S0_baseline,indonesia,USDC
473,0.9436807964385683,2930409217810.5146,378,S0_baseline,indonesia,USDC
474,0.9283925803990295,2930398465478.0615,378,S0_baseline,indonesia,USDC
475,0.9471577398411943,2930382406994.0234,378,S0_baseline,indonesia,USDC
476,0.9418445462275707,2930373706477.2983,378,S0_baseline,indonesia,USDC
477,0.9405114678251855,2930363595958.257,378,S0_baseline,indonesia,USDC
478,0.9281617926131538,2930353648983.164,378,S0_baseline,indonesia,USDC
479,0.9354713378256919,2930339368397.7485,378,S0_baseline,indonesia,USDC
480,0.9355247956184817,2930328834386.0684,378,S0_baseline,indonesia,USDC
481,0.9383106296474083,2930317959292.897,378,S0_baseline,indonesia,USDC
482,0.9072846040502567,2930308964347.48,378,S0_baseline,indonesia,USDC
483,0.9240482345396651,2930291239517.372,378,S0_baseline,indonesia,USDC
484,0.9339909142390644,2930278055564.1035,378,S0_baseline,indonesia,USDC
485,0.9155802894110573,2930268213675.257,378,S0_baseline,indonesia,USDC
486,0.9431303825941538,2930254629224.002,378,S0_baseline,indonesia,USDC
487,0.9754225978667777,2930248642728.749,378,S0_baseline,indonesia,USDC
488,1.000944096666521,2930248642728.749,378,S0_baseline,indonesia,USDC
489,0.9919490964341018,2930248642728.749,378,S0_baseline,indonesia,USDC
490,0.9974373949762732,2930248642728.749,378,S0_baseline,indonesia,USDC
491,0.9873526511109075,2930248642728.749,378,S0_baseline,indonesia,USDC
492,0.9838392920308757,2930248642728.749,378,S0_baseline,indonesia,USDC
493,0.9740586102427944,2930248642728.749,378,S0_baseline,indonesia,USDC
494,0.9535179847053052,2930248642728.749,378,S0_baseline,indonesia,USDC
495,0.9570722302820758,2930245016114.695,378,S0_baseline,indonesia,USDC
496,0.940241616204197,2930242436609.582,378,S0_baseline,indonesia,USDC
497,0.8404465641584318,2930235395887.59,378,S0_baseline,indonesia,USDC
498,0.8654004087930575,2930206297350.5664,378,S0_baseline,indonesia,USDC
499,0.9171568474814031,2930186788092.522,378,S0_baseline,indonesia,USDC
500,0.9206017127917521,2930177317191.632,378,S0_baseline,indonesia,USDC
501,0.9306505993460754,2930169618771.063,378,S0_baseline,indonesia,USDC
502,0.9390439293536549,2930163262807.468,378,S0_baseline,indonesia,USDC
503,0.9347623689510007,2930158937758.0176,378,S0_baseline,indonesia,USDC
504,0.9308376568690123,2930153633967.423,378,S0_baseline,indonesia,USDC
505,0.9656695676024215,2930148455171.784,378,S0_baseline,indonesia,USDC
506,0.9775814493951078,2930147850175.002,378,S0_baseline,indonesia,USDC
507,0.9791182127467357,2930147850175.002,378,S0_baseline,indonesia,USDC
508,0.9656370703828556,2930147850175.002,378,S0_baseline,indonesia,USDC
509,1.02012373892559,2930147243359.2876,378,S0_baseline,indonesia,USDC
510,0.9851890525490015,2930147243359.2876,378,S0_baseline,indonesia,USDC
511,0.9823901534940833,2930147243359.2876,378,S0_baseline,indonesia,USDC
512,0.9570213678377475,2930147243359.2876,378,S0_baseline,indonesia,USDC
513,0.9201216213207916,2930145643580.3643,378,S0_baseline,indonesia,USDC
514,0.9162700681731129,2930139366144.804,378,S0_baseline,indonesia,USDC
515,0.9158426624428969,2930132725062.978,378,S0_baseline,indonesia,USDC
516,0.9747537467640516,2930126556724.8174,378,S0_baseline,indonesia,USDC
517,0.9342074402403922,2930126556724.8174,378,S0_baseline,indonesia,USDC
518,0.9364184103291253,2930122749576.767,378,S0_baseline,indonesia,USDC
519,0.9601759819735913,2930119068674.1816,378,S0_baseline,indonesia,USDC
520,0.9525426618326459,2930118066765.077,378,S0_baseline,indonesia,USDC
521,0.9738525017938864,2930116347433.3535,378,S0_baseline,indonesia,USDC
522,1.0055411667903686,2930116347433.3535,378,S0_baseline,indonesia,USDC
523,1.0422380192921301,2930116347433.3535,378,S0_baseline,indonesia,USDC
524,1.0407040886674641,2930116347433.3535,378,S0_baseline,indonesia,USDC
525,1.0359328031444563,2930116347433.3535,378,S0_baseline,indonesia,USDC
526,1.0251835819642656,2930116347433.3535,378,S0_baseline,indonesia,USDC
527,1.0220730999423573,2930116347433.3535,378,S0_baseline,indonesia,USDC
528,0.9825512107815645,2930116347433.3535,378,S0_baseline,indonesia,USDC
529,1.0150833170670752,2930116347433.3535,378,S0_baseline,indonesia,USDC
530,1.0021777574521589,2930116347433.3535,378,S0_baseline,indonesia,USDC
531,1.0047692162014425,2930116347433.3535,378,S0_baseline,indonesia,USDC
532,1.0037499686904654,2930116347433.3535,378,S0_baseline,indonesia,USDC
533,1.0275774365887698,2930116347433.3535,378,S0_baseline,indonesia,USDC
534,1.05223375782618,2930116347433.3535,378,S0_baseline,indonesia,USDC
535,1.0195911514499825,2930116347433.3535,378,S0_baseline,indonesia,USDC
536,0.9875419709258695,2930116347433.3535,378,S0_baseline,indonesia,USDC
537,0.9773633587315131,2930116347433.3535,378,S0_baseline,indonesia,USDC
538,0.9919476712466486,2930116347433.3535,378,S0_baseline,indonesia,USDC
539,0.9927542359128088,2930116347433.3535,378,S0_baseline,indonesia,USDC
540,0.963080723581895,2930116347433.3535,378,S0_baseline,indonesia,USDC
541,0.9545741279417264,2930115675991.315,378,S0_baseline,indonesia,USDC
542,0.9577672353901361,2930114042156.9976,378,S0_baseline,indonesia,USDC
543,0.939179486366503,2930112987223.551,378,S0_baseline,indonesia,USDC
544,0.9262808642469028,2930110016301.981,378,S0_baseline,indonesia,USDC
545,0.8865352739154458,2930105888734.1807,378,S0_baseline,indonesia,USDC
546,0.8627317054238194,2930098251557.371,378,S0_baseline,indonesia,USDC
547,0.8595821717453158,2930089217162.519,378,S0_baseline,indonesia,USDC
548,0.8933270720946103,2930080900883.9404,378,S0_baseline,indonesia,USDC
549,0.8993713213352407,2930075528827.954,378,S0_baseline,indonesia,USDC
550,0.9159539715906115,2930070971415.606,378,S0_baseline,indonesia,USDC
551,0.9706813159363107,2930067989364.703,378,S0_baseline,indonesia,USDC
552,0.970389923830924,2930067989364.703,378,S0_baseline,indonesia,USDC
553,0.964282223284009,2930067989364.703,378,S0_baseline,indonesia,USDC
554,0.9836611159876937,2930067766215.4043,378,S0_baseline,indonesia,USDC
555,0.9829886163167497,2930067766215.4043,378,S0_baseline,indonesia,USDC
556,0.9693061343725076,2930067766215.4043,378,S0_baseline,indonesia,USDC
557,0.9673984409519869,2930067753285.237,378,S0_baseline,indonesia,USDC
558,0.9655248004823715,2930067606270.2295,378,S0_baseline,indonesia,USDC
559,0.9748241258453492,2930067418757.6226,378,S0_baseline,indonesia,USDC
560,0.961486443655953,2930067418757.6226,378,S0_baseline,indonesia,USDC
561,0.9525557030942243,2930066976251.361,378,S0_baseline,indonesia,USDC
562,0.9741189508177168,2930066136596.4897,378,S0_baseline,indonesia,USDC
563,0.960745828432364,2930066136596.4897,378,S0_baseline,indonesia,USDC
564,0.9853330577207592,2930065700486.306,378,S0_baseline,indonesia,USDC
565,1.0094229565336637,2930065700486.306,378,S0_baseline,indonesia,USDC
566,1.0075527621873313,2930065700486.306,378,S0_baseline,indonesia,USDC
567,1.0290091344840242,2930065700486.306,378,S0_baseline,indonesia,USDC
568,0.9779630676190738,2930065700486.306,378,S0_baseline,indonesia,USDC
569,0.9658574209661369,2930065700486.306,378,S0_baseline,indonesia,USDC
570,0.9747937789184109,2930065475154.6123,378,S0_baseline,indonesia,USDC
571,0.9794144010101484,2930065475154.6123,378,S0_baseline,indonesia,USDC
572,1.007850909045754,2930065475154.6123,378,S0_baseline,indonesia,USDC
573,1.0158557680453995,2930065475154.6123,378,S0_baseline,indonesia,USDC
574,1.0404819280459467,2930065475154.6123,378,S0_baseline,indonesia,USDC
575,1.0652048599636692,2930065475154.6123,378,S0_baseline,indonesia,USDC
576,1.0604894980357091,2930065475154.6123,378,S0_baseline,indonesia,USDC
577,1.0547346101963635,2930065475154.6123,378,S0_baseline,indonesia,USDC
578,1.0538651666798189,2930065475154.6123,378,S0_baseline,indonesia,USDC
579,0.9899552330570737,2930065475154.6123,378,S0_baseline,indonesia,USDC
580,1.0057553588625014,2930065475154.6123,378,S0_baseline,indonesia,USDC
581,1.0262612385906014,2930065475154.6123,378,S0_baseline,indonesia,USDC
582,1.0377465994740316,2930065475154.6123,378,S0_baseline,indonesia,USDC
583,1.0339660550124687,2930065475154.6123,378,S0_baseline,indonesia,USDC
584,1.036889589137545,2930065475154.6123,378,S0_baseline,indonesia,USDC
585,1.035948798436347,2930065475154.6123,378,S0_baseline,indonesia,USDC
586,1.046682069621263,2930065475154.6123,378,S0_baseline,indonesia,USDC
587,1.068446487646864,2930065475154.6123,378,S0_baseline,indonesia,USDC
588,1.0400440129687338,2930065475154.6123,378,S0_baseline,indonesia,USDC
589,1.043134633529714,2930065475154.6123,378,S0_baseline,indonesia,USDC
590,0.9960965734299065,2930065475154.6123,378,S0_baseline,indonesia,USDC
591,1.0099958913659124,2930065475154.6123,378,S0_baseline,indonesia,USDC
592,1.0040064815480163,2930065475154.6123,378,S0_baseline,indonesia,USDC
593,1.0129614465288725,2930065475154.6123,378,S0_baseline,indonesia,USDC
594,1.0393000878442695,2930065475154.6123,378,S0_baseline,indonesia,USDC
595,1.018987082877891,2930065475154.6123,378,S0_baseline,indonesia,USDC
596,0.9900765510940941,2930065475154.6123,378,S0_baseline,indonesia,USDC
597,1.0329908882848367,2930065475154.6123,378,S0_baseline,indonesia,USDC
598,1.0232468792913347,2930065475154.6123,378,S0_baseline,indonesia,USDC
599,1.0305969625068188,2930065475154.6123,378,S0_baseline,indonesia,USDC
600,1.021070471510898,2930065475154.6123,378,S0_baseline,indonesia,USDC
601,1.0004435798204538,2930065475154.6123,378,S0_baseline,indonesia,USDC
602,0.9961402802802842,2930065475154.6123,378,S0_baseline,indonesia,USDC
603,0.9862480460509332,2930065475154.6123,378,S0_baseline,indonesia,USDC
604,0.9770085606328709,2930065475154.6123,378,S0_baseline,indonesia,USDC
605,1.0054305012274845,2930065475154.6123,378,S0_baseline,indonesia,USDC
606,1.0025095404086393,2930065475154.6123,378,S0_baseline,indonesia,USDC
607,1.0058745656378827,2930065475154.6123,378,S0_baseline,indonesia,USDC
608,0.9943312457364233,2930065475154.6123,378,S0_baseline,indonesia,USDC
609,0.9758501273555763,2930065475154.6123,378,S0_baseline,indonesia,USDC
610,1.0162448408388267,2930065475154.6123,378,S0_baseline,indonesia,USDC
611,1.0104285900623589,2930065475154.6123,378,S0_baseline,indonesia,USDC
612,1.0213228142473032,2930065475154.6123,378,S0_baseline,indonesia,USDC
613,1.029643148176261,2930065475154.6123,378,S0_baseline,indonesia,USDC
614,1.0156063166764489,2930065475154.6123,378,S0_baseline,indonesia,USDC
615,0.9769065744253239,2930065475154.6123,378,S0_baseline,indonesia,USDC
616,0.9666020997959235,2930065475154.6123,378,S0_baseline,indonesia,USDC
617,0.9752530562469863,2930065291118.3574,378,S0_baseline,indonesia,USDC
618,0.9306668752970186,2930065291118.3574,378,S0_baseline,indonesia,USDC
619,0.9062220392990115,2930063168229.7095,378,S0_baseline,indonesia,USDC
620,0.9224348627398771,2930059865584.537,378,S0_baseline,indonesia,USDC
621,0.9208433092136826,2930057689023.1025,378,S0_baseline,indonesia,USDC
622,0.9258513651644318,2930055481600.5127,378,S0_baseline,indonesia,USDC
623,0.9547173192852962,2930053707884.6675,378,S0_baseline,indonesia,USDC
624,0.9802991965493087,2930053160707.944,378,S0_baseline,indonesia,USDC
625,1.0011001721020736,2930053160707.944,378,S0_baseline,indonesia,USDC
626,0.9937643544547037,2930053160707.944,378,S0_baseline,indonesia,USDC
627,0.9941428021271234,2930053160707.944,378,S0_baseline,indonesia,USDC
628,1.0181865319894787,2930053160707.944,378,S0_baseline,indonesia,USDC
629,1.0358187246274566,2930053160707.944,378,S0_baseline,indonesia,USDC
630,1.025343765963495,2930053160707.944,378,S0_baseline,indonesia,USDC
631,1.0350872025281943,2930053160707.944,378,S0_baseline,indonesia,USDC
632,1.0499002203694967,2930053160707.944,378,S0_baseline,indonesia,USDC
633,1.0413321313565513,2930053160707.944,378,S0_baseline,indonesia,USDC
634,1.0060144784821752,2930053160707.944,378,S0_baseline,indonesia,USDC
635,1.0003120932277723,2930053160707.944,378,S0_baseline,indonesia,USDC
636,0.9671756880940401,2930053160707.944,378,S0_baseline,indonesia,USDC
637,0.9899226239266143,2930053066175.0103,378,S0_baseline,indonesia,USDC
638,0.979607713843747,2930053066175.0103,378,S0_baseline,indonesia,USDC
639,0.9763271934902603,2930053066175.0103,378,S0_baseline,indonesia,USDC
640,0.988919180817165,2930053066175.0103,378,S0_baseline,indonesia,USDC
641,1.0007250484849233,2930053066175.0103,378,S0_baseline,indonesia,USDC
642,1.0060622177168723,2930053066175.0103,378,S0_baseline,indonesia,USDC
643,1.0266362057013716,2930053066175.0103,378,S0_baseline,indonesia,USDC
644,1.0334249269241753,2930053066175.0103,378,S0_baseline,indonesia,USDC
645,1.0224788637043114,2930053066175.0103,378,S0_baseline,indonesia,USDC
646,1.019557334978225,2930053066175.0103,378,S0_baseline,indonesia,USDC
647,1.0218262219311802,2930053066175.0103,378,S0_baseline,indonesia,USDC
648,1.0532400578149357,2930053066175.0103,378,S0_baseline,indonesia,USDC
649,1.03532831192831,2930053066175.0103,378,S0_baseline,indonesia,USDC
650,1.069640629040196,2930053066175.0103,378,S0_baseline,indonesia,USDC
651,1.0343354605534147,2930053066175.0103,378,S0_baseline,indonesia,USDC
652,1.0449313346106295,2930053066175.0103,378,S0_baseline,indonesia,USDC
653,1.0667562814215308,2930053066175.0103,378,S0_baseline,indonesia,USDC
654,1.0711288026934431,2930053066175.0103,378,S0_baseline,indonesia,USDC
655,1.0750626531419507,2930053066175.0103,378,S0_baseline,indonesia,USDC
656,1.0726061901717512,2930053066175.0103,378,S0_baseline,indonesia,USDC
657,1.0347793502030433,2930053066175.0103,378,S0_baseline,indonesia,USDC
658,1.0284590906822264,2930053066175.0103,378,S0_baseline,indonesia,USDC
659,0.9880045472437381,2930053066175.0103,378,S0_baseline,indonesia,USDC
660,1.0152840029866994,2930053066175.0103,378,S0_baseline,indonesia,USDC
661,1.0098613226963384,2930053066175.0103,378,S0_baseline,indonesia,USDC
662,1.0046253611727147,2930053066175.0103,378,S0_baseline,indonesia,USDC
663,0.9889849829106289,2930053066175.0103,378,S0_baseline,indonesia,USDC
664,0.9765366877328477,2930053066175.0103,378,S0_baseline,indonesia,USDC
665,0.9946876923295478,2930053066175.0103,378,S0_baseline,indonesia,USDC
666,1.0026611423191791,2930053066175.0103,378,S0_baseline,indonesia,USDC
667,0.9833687872676669,2930053066175.0103,378,S0_baseline,indonesia,USDC
668,0.9928434490889791,2930053066175.0103,378,S0_baseline,indonesia,USDC
669,0.946832878579307,2930053066175.0103,378,S0_baseline,indonesia,USDC
670,0.9439136598660541,2930052107774.429,378,S0_baseline,indonesia,USDC
671,0.9453871496762868,2930051092136.453,378,S0_baseline,indonesia,USDC
672,0.9611746885001424,2930050124016.914,378,S0_baseline,indonesia,USDC
673,0.987677842973277,2930049860111.2,378,S0_baseline,indonesia,USDC
674,0.968629149818543,2930049860111.2,378,S0_baseline,indonesia,USDC
675,0.9970782555754368,2930049842678.1377,378,S0_baseline,indonesia,USDC
676,0.9851325431896533,2930049842678.1377,378,S0_baseline,indonesia,USDC
677,0.9909454445466975,2930049842678.1377,378,S0_baseline,indonesia,USDC
678,1.013834410402747,2930049842678.1377,378,S0_baseline,indonesia,USDC
679,0.9773213699219515,2930049842678.1377,378,S0_baseline,indonesia,USDC
680,0.9774532387718784,2930049842678.1377,378,S0_baseline,indonesia,USDC
681,0.9689650845873112,2930049842678.1377,378,S0_baseline,indonesia,USDC
682,0.9985384477787486,2930049803303.948,378,S0_baseline,indonesia,USDC
683,0.9728770577107904,2930049803303.948,378,S0_baseline,indonesia,USDC
684,0.9577325190515227,2930049803303.948,378,S0_baseline,indonesia,USDC
685,0.946759960705612,2930049417394.957,378,S0_baseline,indonesia,USDC
686,0.9511332707536788,2930048576855.991,378,S0_baseline,indonesia,USDC
687,0.9547849181822021,2930047883676.638,378,S0_baseline,indonesia,USDC
688,0.9557551851337642,2930047362805.6865,378,S0_baseline,indonesia,USDC
689,0.9597632940392895,2930046883428.2188,378,S0_baseline,indonesia,USDC
690,0.938703732416871,2930046548510.9434,378,S0_baseline,indonesia,USDC
691,0.9387912899197138,2930045499664.229,378,S0_baseline,indonesia,USDC
692,0.9373108718096752,2930044554769.7007,378,S0_baseline,indonesia,USDC
693,0.9384000943202646,2930043523134.465,378,S0_baseline,indonesia,USDC
694,0.9376360192404509,2930042526763.8086,378,S0_baseline,indonesia,USDC
695,0.9328384633136093,2930041602776.2573,378,S0_baseline,indonesia,USDC
696,0.9374854316965266,2930040570863.298,378,S0_baseline,indonesia,USDC
697,0.9356591399220204,2930039674311.113,378,S0_baseline,indonesia,USDC
698,0.9675117724147063,2930038816446.8384,378,S0_baseline,indonesia,USDC
699,0.9969557727572843,2930038750064.52,378,S0_baseline,indonesia,USDC
700,0.985386979974582,2930038750064.52,378,S0_baseline,indonesia,USDC
701,0.9675768455698126,2930038750064.52,378,S0_baseline,indonesia,USDC
702,0.9490735928325733,2930038685584.089,378,S0_baseline,indonesia,USDC
703,0.9555368592784537,2930038197709.576,378,S0_baseline,indonesia,USDC
704,0.971201448996286,2930037840445.2007,378,S0_baseline,indonesia,USDC
705,1.0076036531891606,2930037840445.2007,378,S0_baseline,indonesia,USDC
706,0.9728506385760374,2930037840445.2007,378,S0_baseline,indonesia,USDC
707,0.9575111690029827,2930037840445.2007,378,S0_baseline,indonesia,USDC
708,0.9651590219154051,2930037574366.7754,378,S0_baseline,indonesia,USDC
709,0.9585676607305421,2930037495659.984,378,S0_baseline,indonesia,USDC
710,0.9732483406979504,2930037258675.327,378,S0_baseline,indonesia,USDC
711,0.9737693105155543,2930037258675.327,378,S0_baseline,indonesia,USDC
712,0.9814501309531448,2930037258675.327,378,S0_baseline,indonesia,USDC
713,1.0240588343605963,2930037258675.327,378,S0_baseline,indonesia,USDC
714,1.0428880430837748,2930037258675.327,378,S0_baseline,indonesia,USDC
715,1.0610356738298428,2930037258675.327,378,S0_baseline,indonesia,USDC
716,1.0414711683539204,2930037258675.327,378,S0_baseline,indonesia,USDC
717,1.0088287470577402,2930037258675.327,378,S0_baseline,indonesia,USDC
718,0.9911414510217025,2930037258675.327,378,S0_baseline,indonesia,USDC
719,0.9814069865000152,2930037258675.327,378,S0_baseline,indonesia,USDC
720,0.9671583174563118,2930037258675.327,378,S0_baseline,indonesia,USDC
721,0.9485804941838603,2930037228598.269,378,S0_baseline,indonesia,USDC
722,0.9569973170902105,2930036735097.4434,378,S0_baseline,indonesia,USDC
723,0.95095207899388,2930036433691.26,378,S0_baseline,indonesia,USDC
724,0.9441074480999669,2930035972310.484,378,S0_baseline,indonesia,USDC
725,0.9703144443903463,2930035379690.883,378,S0_baseline,indonesia,USDC
726,0.9552214394677478,2930035379690.883,378,S0_baseline,indonesia,USDC
727,0.908458593488473,2930035055059.787,378,S0_baseline,indonesia,USDC
728,0.930256127308359,2930033686730.063,378,S0_baseline,indonesia,USDC
729,0.9189179776606269,2930032861582.89,378,S0_baseline,indonesia,USDC
730,0.9461179870323918,2930031867774.398,378,S0_baseline,indonesia,USDC
731,0.9632301103432097,2930031419395.482,378,S0_baseline,indonesia,USDC
732,0.9627316642317617,2930031290410.6045,378,S0_baseline,indonesia,USDC
733,0.943498089787557,2930031176393.587,378,S0_baseline,indonesia,USDC
734,0.9419019851192922,2930030713311.348,378,S0_baseline,indonesia,USDC
735,0.9484155716290491,2930030215996.676,378,S0_baseline,indonesia,USDC
736,0.9607465007587083,2930029877473.7954,378,S0_baseline,indonesia,USDC
737,0.9933534598356516,2930029750153.2583,378,S0_baseline,indonesia,USDC
738,1.0036992413313628,2930029750153.2583,378,S0_baseline,indonesia,USDC
739,1.0102595142222086,2930029750153.2583,378,S0_baseline,indonesia,USDC
740,1.0110966923251765,2930029750153.2583,378,S0_baseline,indonesia,USDC
741,0.9938149475312694,2930029750153.2583,378,S0_baseline,indonesia,USDC
742,0.9492487022654278,2930029750153.2583,378,S0_baseline,indonesia,USDC
743,0.9504493074788002,2930029390494.6426,378,S0_baseline,indonesia,USDC
744,0.9489587589844221,2930029087012.1187,378,S0_baseline,indonesia,USDC
745,0.9342257816228712,2930028779200.371,378,S0_baseline,indonesia,USDC
746,0.920015604257456,2930028230944.676,378,S0_baseline,indonesia,USDC
747,0.9119438522482335,2930027464140.3667,378,S0_baseline,indonesia,USDC
748,0.909942415393013,2930026617008.6235,378,S0_baseline,indonesia,USDC
749,0.9279004227275429,2930025812072.3745,378,S0_baseline,indonesia,USDC
750,0.9348371768584952,2930025253327.451,378,S0_baseline,indonesia,USDC
751,0.9580011156687446,2930024820870.976,378,S0_baseline,indonesia,USDC
752,0.9749063711551111,2930024673883.1187,378,S0_baseline,indonesia,USDC
753,0.9572485776594641,2930024673883.1187,378,S0_baseline,indonesia,USDC
754,0.9823505127391454,2930024545470.45,378,S0_baseline,indonesia,USDC
755,0.9742639084842236,2930024545470.45,378,S0_baseline,indonesia,USDC
756,0.9601390545186786,2930024545470.45,378,S0_baseline,indonesia,USDC
757,0.9445436314157294,2930024443248.9526,378,S0_baseline,indonesia,USDC
758,0.9360220740865264,2930024174203.311,378,S0_baseline,indonesia,USDC
759,0.9285245804479225,2930023780621.3867,378,S0_baseline,indonesia,USDC
760,0.9206037767585422,2930023317021.3906,378,S0_baseline,indonesia,USDC
761,0.9134430126590232,2930022802641.94,378,S0_baseline,indonesia,USDC
762,0.848932900381392,2930022227486.869,378,S0_baseline,indonesia,USDC
763,0.8857762561850918,2930021091839.2056,378,S0_baseline,indonesia,USDC
764,0.9155413332420608,2930020399864.3687,378,S0_baseline,indonesia,USDC
765,0.9330124711731175,2930020002522.333,378,S0_baseline,indonesia,USDC
766,0.9206354848539285,2930019757543.832,378,S0_baseline,indonesia,USDC
767,0.9120666579882236,2930019419847.6543,378,S0_baseline,indonesia,USDC
768,0.9021708852473124,2930019042555.4663,378,S0_baseline,indonesia,USDC
769,0.9108532017102835,2930018626025.7773,378,S0_baseline,indonesia,USDC
770,0.9139846593093397,2930018279207.3643,378,S0_baseline,indonesia,USDC
771,0.8542688057744574,2930017970778.835,378,S0_baseline,indonesia,USDC
772,0.8584197727446611,2930017395422.24,378,S0_baseline,indonesia,USDC
773,0.8864290248107127,2930016915236.5127,378,S0_baseline,indonesia,USDC
774,0.9044353737727925,2930016580390.2627,378,S0_baseline,indonesia,USDC
775,0.9008897361146755,2930016352150.3506,378,S0_baseline,indonesia,USDC
776,0.9044243141298431,2930016126358.5244,378,S0_baseline,indonesia,USDC
777,0.9179508135076309,2930015926536.609,378,S0_baseline,indonesia,USDC
778,0.9272678699870287,2930015770436.95,378,S0_baseline,indonesia,USDC
779,0.9587833018962053,2930015649220.3745,378,S0_baseline,indonesia,USDC
780,0.9537546955056627,2930015623631.411,378,S0_baseline,indonesia,USDC
781,0.944235718891045,2930015580756.1606,378,S0_baseline,indonesia,USDC
782,0.9501120804467145,2930015518163.9434,378,S0_baseline,indonesia,USDC
783,0.9194508078271899,2930015465267.8955,378,S0_baseline,indonesia,USDC
784,0.9388427221142285,2930015337108.6646,378,S0_baseline,indonesia,USDC
785,0.926826802043716,2930015267617.3384,378,S0_baseline,indonesia,USDC
786,0.9024898849068784,2930015169786.5977,378,S0_baseline,indonesia,USDC
787,0.9326538523206597,2930015018219.348,378,S0_baseline,indonesia,USDC
788,0.894134791143692,2930014945358.499,378,S0_baseline,indonesia,USDC
789,0.9182780441522371,2930014788379.244,378,S0_baseline,indonesia,USDC
790,0.929977451547333,2930014692281.758,378,S0_baseline,indonesia,USDC
791,0.9582114661188503,2930014619909.6836,378,S0_baseline,indonesia,USDC
792,0.9520161449028574,2930014601883.048,378,S0_baseline,indonesia,USDC
793,0.9296002078092831,2930014575153.9814,378,S0_baseline,indonesia,USDC
794,0.9295825033509318,2930014512918.1265,378,S0_baseline,indonesia,USDC
795,0.9313833915150614,2930014453021.2007,378,S0_baseline,indonesia,USDC
796,0.9431166222127066,2930014394506.01,378,S0_baseline,indonesia,USDC
797,0.9725274474990251,2930014355583.414,378,S0_baseline,indonesia,USDC
798,0.9732503576339875,2930014355583.414,378,S0_baseline,indonesia,USDC
799,0.988479855478028,2930014355583.414,378,S0_baseline,indonesia,USDC
800,0.9796364962270189,2930014355583.414,378,S0_baseline,indonesia,USDC
801,0.9620984482561038,2930014355583.414,378,S0_baseline,indonesia,USDC
802,1.0137471134632907,2930014344946.826,378,S0_baseline,indonesia,USDC
803,1.0285453833835956,2930014344946.826,378,S0_baseline,indonesia,USDC
804,1.0145950582293617,2930014344946.826,378,S0_baseline,indonesia,USDC
805,1.0221401182081713,2930014344946.826,378,S0_baseline,indonesia,USDC
806,1.018701692159519,2930014344946.826,378,S0_baseline,indonesia,USDC
807,0.992006047748619,2930014344946.826,378,S0_baseline,indonesia,USDC
808,0.9776900473492338,2930014344946.826,378,S0_baseline,indonesia,USDC
809,0.9699473627018078,2930014344946.826,378,S0_baseline,indonesia,USDC
810,0.9361877231367263,2930014344895.581,378,S0_baseline,indonesia,USDC
811,0.9643507380128162,2930014295862.626,378,S0_baseline,indonesia,USDC
812,0.9225402156505088,2930014287955.902,378,S0_baseline,indonesia,USDC
813,0.9312208697442662,2930014227306.9805,378,S0_baseline,indonesia,USDC
814,0.9387305215111825,2930014180342.4673,378,S0_baseline,indonesia,USDC
815,0.9644989456004233,2930014142913.242,378,S0_baseline,indonesia,USDC
816,0.9697410926262006,2930014138285.8345,378,S0_baseline,indonesia,USDC
817,0.9847259835405687,2930014138070.925,378,S0_baseline,indonesia,USDC
818,0.9960675135891672,2930014138070.925,378,S0_baseline,indonesia,USDC
819,1.0255940841367375,2930014138070.925,378,S0_baseline,indonesia,USDC
820,1.0263701896650856,2930014138070.925,378,S0_baseline,indonesia,USDC
821,1.0342215004317665,2930014138070.925,378,S0_baseline,indonesia,USDC
822,1.0314530821474623,2930014138070.925,378,S0_baseline,indonesia,USDC
823,1.0100180702062849,2930014138070.925,378,S0_baseline,indonesia,USDC
824,1.037472845321491,2930014138070.925,378,S0_baseline,indonesia,USDC
825,1.0398172458929995,2930014138070.925,378,S0_baseline,indonesia,USDC
826,1.038102992333882,2930014138070.925,378,S0_baseline,indonesia,USDC
827,1.0193599917881613,2930014138070.925,378,S0_baseline,indonesia,USDC
828,0.9971227307110586,2930014138070.925,378,S0_baseline,indonesia,USDC
829,1.0335632196519033,2930014138070.925,378,S0_baseline,indonesia,USDC
830,1.005501469584577,2930014138070.925,378,S0_baseline,indonesia,USDC
831,1.051906474245453,2930014138070.925,378,S0_baseline,indonesia,USDC
832,1.0503506090361374,2930014138070.925,378,S0_baseline,indonesia,USDC
833,1.0411214025425746,2930014138070.925,378,S0_baseline,indonesia,USDC
834,1.0475450810178648,2930014138070.925,378,S0_baseline,indonesia,USDC
835,1.0242959163122631,2930014138070.925,378,S0_baseline,indonesia,USDC
836,1.0045797899442885,2930014138070.925,378,S0_baseline,indonesia,USDC
837,1.0061398102720265,2930014138070.925,378,S0_baseline,indonesia,USDC
838,1.0127086579826527,2930014138070.925,378,S0_baseline,indonesia,USDC
839,1.0370211735682557,2930014138070.925,378,S0_baseline,indonesia,USDC
840,1.035945574223759,2930014138070.925,378,S0_baseline,indonesia,USDC
841,1.090105048629689,2930014138070.925,378,S0_baseline,indonesia,USDC
842,1.128324518242143,2930014138070.925,378,S0_baseline,indonesia,USDC
843,1.121472769456033,2930014138070.925,378,S0_baseline,indonesia,USDC
844,1.1238425283728188,2930014138070.925,378,S0_baseline,indonesia,USDC
845,1.0959983980780468,2930014138070.925,378,S0_baseline,indonesia,USDC
846,1.0487580622466748,2930014138070.925,378,S0_baseline,indonesia,USDC
847,0.9964793035143215,2930014138070.925,378,S0_baseline,indonesia,USDC
848,1.0049325865289913,2930014138070.925,378,S0_baseline,indonesia,USDC
849,1.0088205907555687,2930014138070.925,378,S0_baseline,indonesia,USDC
850,1.0091747726332467,2930014138070.925,378,S0_baseline,indonesia,USDC
851,1.0055794624417989,2930014138070.925,378,S0_baseline,indonesia,USDC
852,1.0323839049165369,2930014138070.925,378,S0_baseline,indonesia,USDC
853,1.038539015478055,2930014138070.925,378,S0_baseline,indonesia,USDC
854,1.0301385483399976,2930014138070.925,378,S0_baseline,indonesia,USDC
855,1.03889395990302,2930014138070.925,378,S0_baseline,indonesia,USDC
856,1.0136282522287168,2930014138070.925,378,S0_baseline,indonesia,USDC
857,1.0336741668794176,2930014138070.925,378,S0_baseline,indonesia,USDC
858,1.030273393712962,2930014138070.925,378,S0_baseline,indonesia,USDC
859,1.0292108061923055,2930014138070.925,378,S0_baseline,indonesia,USDC
860,1.0230201318409895,2930014138070.925,378,S0_baseline,indonesia,USDC
861,0.9836741800803496,2930014138070.925,378,S0_baseline,indonesia,USDC
862,1.006988597592144,2930014138070.925,378,S0_baseline,indonesia,USDC
863,1.0575816715813333,2930014138070.925,378,S0_baseline,indonesia,USDC
864,1.064539829234814,2930014138070.925,378,S0_baseline,indonesia,USDC
865,1.065883678185604,2930014138070.925,378,S0_baseline,indonesia,USDC
866,1.0409689784333527,2930014138070.925,378,S0_baseline,indonesia,USDC
867,1.0296820576430388,2930014138070.925,378,S0_baseline,indonesia,USDC
868,1.0121706100846914,2930014138070.925,378,S0_baseline,indonesia,USDC
869,0.9934875711277603,2930014138070.925,378,S0_baseline,indonesia,USDC
870,0.9834956801994919,2930014138070.925,378,S0_baseline,indonesia,USDC
871,0.978263265447711,2930014138070.925,378,S0_baseline,indonesia,USDC
872,0.9830791340844532,2930014138070.925,378,S0_baseline,indonesia,USDC
873,0.9988144673621012,2930014138070.925,378,S0_baseline,indonesia,USDC
874,0.9575378506793168,2930014138070.925,378,S0_baseline,indonesia,USDC
875,0.9780285020009678,2930014125282.2417,378,S0_baseline,indonesia,USDC
876,0.9749695295253785,2930014125282.2417,378,S0_baseline,indonesia,USDC
877,0.9824570967085343,2930014125282.2417,378,S0_baseline,indonesia,USDC
878,0.9628838252291382,2930014125282.2417,378,S0_baseline,indonesia,USDC
879,0.9393802222807384,2930014118844.8853,378,S0_baseline,indonesia,USDC
880,0.9450567115988074,2930014082791.3384,378,S0_baseline,indonesia,USDC
881,0.9552061493272774,2930014056601.202,378,S0_baseline,indonesia,USDC
882,0.9544689140585265,2930014042126.9893,378,S0_baseline,indonesia,USDC
883,0.9721267809197015,2930014024452.305,378,S0_baseline,indonesia,USDC
884,0.9818877632738608,2930014024452.305,378,S0_baseline,indonesia,USDC
885,0.9876979847088599,2930014024452.305,378,S0_baseline,indonesia,USDC
886,0.9643839960779289,2930014024452.305,378,S0_baseline,indonesia,USDC
887,0.9709841592372035,2930014019485.5317,378,S0_baseline,indonesia,USDC
888,0.9605112395453943,2930014019485.5317,378,S0_baseline,indonesia,USDC
889,0.9766604853320455,2930014010375.85,378,S0_baseline,indonesia,USDC
890,0.9713597854855643,2930014010375.85,378,S0_baseline,indonesia,USDC
891,0.9662206440640121,2930014010375.85,378,S0_baseline,indonesia,USDC
892,0.9624854871137419,2930014008065.372,378,S0_baseline,indonesia,USDC
893,0.9497327199259109,2930014001846.3267,378,S0_baseline,indonesia,USDC
894,0.9689992603101204,2930013979623.3877,378,S0_baseline,indonesia,USDC
895,0.9644226483159161,2930013979623.3877,378,S0_baseline,indonesia,USDC
896,0.9549902443352132,2930013974914.6943,378,S0_baseline,indonesia,USDC
897,0.9315789181749917,2930013960477.376,378,S0_baseline,indonesia,USDC
898,0.9480167615138518,2930013921203.69,378,S0_baseline,indonesia,USDC
899,0.968893943858208,2930013899817.4863,378,S0_baseline,indonesia,USDC
900,0.9720691340663274,2930013899456.328,378,S0_baseline,indonesia,USDC
901,0.9912813793191282,2930013899456.328,378,S0_baseline,indonesia,USDC
902,0.978116988816172,2930013899456.328,378,S0_baseline,indonesia,USDC
903,0.9805296088625147,2930013899456.328,378,S0_baseline,indonesia,USDC
904,0.9616404175097827,2930013899456.328,378,S0_baseline,indonesia,USDC
905,0.9541685149936157,2930013891798.0703,378,S0_baseline,indonesia,USDC
906,0.9658030838016647,2930013876235.062,378,S0_baseline,indonesia,USDC
907,0.9650928936228871,2930013872176.656,378,S0_baseline,indonesia,USDC
908,0.9958826957826236,2930013868009.5166,378,S0_baseline,indonesia,USDC
909,0.9680227220713716,2930013868009.5166,378,S0_baseline,indonesia,USDC
910,1.0029958524771263,2930013866623.294,378,S0_baseline,indonesia,USDC
911,0.9979994775415622,2930013866623.294,378,S0_baseline,indonesia,USDC
912,0.9822609017364144,2930013866623.294,378,S0_baseline,indonesia,USDC
913,0.9626469891486081,2930013866623.294,378,S0_baseline,indonesia,USDC
914,0.9377622795399734,2930013860784.873,378,S0_baseline,indonesia,USDC
915,0.9493907800949115,2930013831109.3174,378,S0_baseline,indonesia,USDC
916,0.9497245966953823,2930013812903.9697,378,S0_baseline,indonesia,USDC
917,0.9749839596094055,2930013795376.684,378,S0_baseline,indonesia,USDC
918,0.9592442184216198,2930013795376.684,378,S0_baseline,indonesia,USDC
919,0.9629265981879981,2930013787081.241,378,S0_baseline,indonesia,USDC
920,0.9473097887345044,2930013782513.5264,378,S0_baseline,indonesia,USDC
921,0.9511562117146144,2930013762764.486,378,S0_baseline,indonesia,USDC
922,0.9583682017900309,2930013747428.3335,378,S0_baseline,indonesia,USDC
923,0.9443191588174501,2930013737725.008,378,S0_baseline,indonesia,USDC
924,0.9316460912107954,2930013718853.3887,378,S0_baseline,indonesia,USDC
925,0.9563870400076148,2930013689820.7026,378,S0_baseline,indonesia,USDC
926,0.9364803691061299,2930013680962.7476,378,S0_baseline,indonesia,USDC
927,0.9334801382936421,2930013656928.4873,378,S0_baseline,indonesia,USDC
928,0.9004241875421342,2930013629870.63,378,S0_baseline,indonesia,USDC
929,0.9146823081565748,2930013583812.0947,378,S0_baseline,indonesia,USDC
930,0.9319423250791808,2930013547929.0166,378,S0_baseline,indonesia,USDC
931,0.9353861335101016,2930013526147.1836,378,S0_baseline,indonesia,USDC
932,0.950051196776074,2930013506481.255,378,S0_baseline,indonesia,USDC
933,0.945202987348943,2930013494795.091,378,S0_baseline,indonesia,USDC
934,0.9280604459252156,2930013481084.314,378,S0_baseline,indonesia,USDC
935,0.9353507685599032,2930013459626.837,378,S0_baseline,indonesia,USDC
936,0.946044041785861,2930013442740.19,378,S0_baseline,indonesia,USDC
937,0.9488957845350121,2930013430280.808,378,S0_baseline,indonesia,USDC
938,0.9586191675014075,2930013420871.8145,378,S0_baseline,indonesia,USDC
939,0.9763376022770918,2930013416238.727,378,S0_baseline,indonesia,USDC
940,0.9620933730940677,2930013416238.727,378,S0_baseline,indonesia,USDC
941,0.9555230247710204,2930013412965.672,378,S0_baseline,indonesia,USDC
942,0.9945162071099615,2930013406601.089,378,S0_baseline,indonesia,USDC
943,0.9914181346907968,2930013406601.089,378,S0_baseline,indonesia,USDC
944,1.0040494752234312,2930013406601.089,378,S0_baseline,indonesia,USDC
945,0.9886178424083886,2930013406601.089,378,S0_baseline,indonesia,USDC
946,0.9978839937216563,2930013406601.089,378,S0_baseline,indonesia,USDC
947,0.9871231740153125,2930013406601.089,378,S0_baseline,indonesia,USDC
948,0.9782823334516682,2930013406601.089,378,S0_baseline,indonesia,USDC
949,0.9618302141314194,2930013406601.089,378,S0_baseline,indonesia,USDC
950,0.9524540058432159,2930013403266.874,378,S0_baseline,indonesia,USDC
951,0.9577793551428687,2930013394855.3037,378,S0_baseline,indonesia,USDC
952,0.9571576775929185,2930013389102.6865,378,S0_baseline,indonesia,USDC
953,0.9185979706781257,2930013384129.242,378,S0_baseline,indonesia,USDC
954,0.9457785706249259,2930013362372.096,378,S0_baseline,indonesia,USDC
955,0.934340917810361,2930013351781.4795,378,S0_baseline,indonesia,USDC
956,0.9324759265146869,2930013337050.946,378,S0_baseline,indonesia,USDC
957,0.9387920212460482,2930013322092.3745,378,S0_baseline,indonesia,USDC
958,0.9353485529468365,2930013310953.9233,378,S0_baseline,indonesia,USDC
959,0.8832364351813703,2930013298472.7803,378,S0_baseline,indonesia,USDC
960,0.864104257788222,2930013266986.839,378,S0_baseline,indonesia,USDC
961,0.8854371342964774,2930013233400.9014,378,S0_baseline,indonesia,USDC
962,0.8737152628469534,2930013208841.6514,378,S0_baseline,indonesia,USDC
963,0.8875147622454722,2930013183743.228,378,S0_baseline,indonesia,USDC
964,0.9201020161179551,2930013163826.088,378,S0_baseline,indonesia,USDC
965,0.9069588393052416,2930013152849.194,378,S0_baseline,indonesia,USDC
966,0.8793619408533023,2930013139931.269,378,S0_baseline,indonesia,USDC
967,0.8848752287544466,2930013121933.4927,378,S0_baseline,indonesia,USDC
968,0.8703581295230146,2930013105813.69,378,S0_baseline,indonesia,USDC
969,0.8863942237415083,2930013089720.4863,378,S0_baseline,indonesia,USDC
970,0.9178943911624949,2930013077551.839,378,S0_baseline,indonesia,USDC
971,0.9256909198126057,2930013070468.245,378,S0_baseline,indonesia,USDC
972,0.9334535869742947,2930013064772.0894,378,S0_baseline,indonesia,USDC
973,0.9465025967839524,2930013060289.721,378,S0_baseline,indonesia,USDC
974,0.9673367219622347,2930013057448.9033,378,S0_baseline,indonesia,USDC
975,0.9693269822530922,2930013057322.315,378,S0_baseline,indonesia,USDC
976,0.9761262122316561,2930013057322.315,378,S0_baseline,indonesia,USDC
977,0.9745451989556656,2930013057322.315,378,S0_baseline,indonesia,USDC
978,0.9653305876524747,2930013057322.315,378,S0_baseline,indonesia,USDC
979,0.9790356411365826,2930013056961.9067,378,S0_baseline,indonesia,USDC
980,0.9660214971925657,2930013056961.9067,378,S0_baseline,indonesia,USDC
981,0.9485814981177091,2930013056474.9946,378,S0_baseline,indonesia,USDC
982,0.9336714643248699,2930013054177.781,378,S0_baseline,indonesia,USDC
983,0.9187416194336231,2930013049835.957,378,S0_baseline,indonesia,USDC
984,0.9339754185279526,2930013043939.2236,378,S0_baseline,indonesia,USDC
985,0.9292823797573561,2930013040249.953,378,S0_baseline,indonesia,USDC
986,0.9450018709502055,2930013036340.036,378,S0_baseline,indonesia,USDC
987,0.979327113243557,2930013033996.808,378,S0_baseline,indonesia,USDC
988,0.9834022966762087,2930013033996.808,378,S0_baseline,indonesia,USDC
989,1.0080222662114342,2930013033996.808,378,S0_baseline,indonesia,USDC
990,1.0120934759574078,2930013033996.808,378,S0_baseline,indonesia,USDC
991,1.010598075718613,2930013033996.808,378,S0_baseline,indonesia,USDC
992,1.0185322827939765,2930013033996.808,378,S0_baseline,indonesia,USDC
993,1.054576306054356,2930013033996.808,378,S0_baseline,indonesia,USDC
994,1.0515888795493906,2930013033996.808,378,S0_baseline,indonesia,USDC
995,0.9891927711018399,2930013033996.808,378,S0_baseline,indonesia,USDC
996,0.959852263694214,2930013033996.808,378,S0_baseline,indonesia,USDC
997,0.9373623193874097,2930013032995.121,378,S0_baseline,indonesia,USDC
998,0.9525354219408729,2930013030113.0615,378,S0_baseline,indonesia,USDC
999,0.9852944286578091,2930013028534.3574,378,S0_baseline,indonesia,USDC
1000,0.9649936756836444,2930013028534.3574,378,S0_baseline,indonesia,USDC
