Step,price,liquidity,iteration,scenario,region,coin
1,0.9999713932754287,2989407486042.175,123,S0_baseline,indonesia,USDC
2,0.9948124476989185,2989407486042.175,123,S0_baseline,indonesia,USDC
3,1.054947155319081,2989407486042.175,123,S0_baseline,indonesia,USDC
4,1.0275731694677281,2989407486042.175,123,S0_baseline,indonesia,USDC
5,1.025901410974182,2989407486042.175,123,S0_baseline,indonesia,USDC
6,1.0467079039237952,2989407486042.175,123,S0_baseline,indonesia,USDC
7,1.0429366088202001,2989407486042.175,123,S0_baseline,indonesia,USDC
8,1.0245226274034578,2989407486042.175,123,S0_baseline,indonesia,USDC
9,1.060811671778353,2989407486042.175,123,S0_baseline,indonesia,USDC
10,1.0381868280565705,2989407486042.175,123,S0_baseline,indonesia,USDC
11,1.025481777816693,2989407486042.175,123,S0_baseline,indonesia,USDC
12,1.0394488805032112,2989407486042.175,123,S0_baseline,indonesia,USDC
13,1.0008551394682113,2989407486042.175,123,S0_baseline,indonesia,USDC
14,0.9932568517405672,2989407486042.175,123,S0_baseline,indonesia,USDC
15,0.9941715577415348,2989407486042.175,123,S0_baseline,indonesia,USDC
16,0.95584717557858,2989407486042.175,123,S0_baseline,indonesia,USDC
17,0.9411597730484472,2988545141002.2363,123,S0_baseline,indonesia,USDC
18,0.9287422240952087,2986786848847.153,123,S0_baseline,indonesia,USDC
19,0.9450973450094988,2984346287102.6504,123,S0_baseline,indonesia,USDC
20,0.9410531228010192,2982968328924.63,123,S0_baseline,indonesia,USDC
21,0.9479462560224756,2981404897064.369,123,S0_baseline,indonesia,USDC
22,0.9391234856661534,2980222693363.1553,123,S0_baseline,indonesia,USDC
23,0.9496794426974646,2978623215974.0127,123,S0_baseline,indonesia,USDC
24,0.97058079025899,2977622022413.6196,123,S0_baseline,indonesia,USDC
25,0.9967064880942934,2977622022413.6196,123,S0_baseline,indonesia,USDC
26,0.9988164947140447,2977622022413.6196,123,S0_baseline,indonesia,USDC
27,1.0058006732965514,2977622022413.6196,123,S0_baseline,indonesia,USDC
28,0.9975397504513271,2977622022413.6196,123,S0_baseline,indonesia,USDC
29,1.0197108035954228,2977622022413.6196,123,S0_baseline,indonesia,USDC
30,1.0044020921371342,2977622022413.6196,123,S0_baseline,indonesia,USDC
31,1.0275044778035216,2977622022413.6196,123,S0_baseline,indonesia,USDC
32,1.032843917839229,2977622022413.6196,123,S0_baseline,indonesia,USDC
33,1.0287418370801011,2977622022413.6196,123,S0_baseline,indonesia,USDC
34,1.0380758040300149,2977622022413.6196,123,S0_baseline,indonesia,USDC
35,1.0318474625305736,2977622022413.6196,123,S0_baseline,indonesia,USDC
36,1.0126863625197056,2977622022413.6196,123,S0_baseline,indonesia,USDC
37,0.9681462083101302,2977622022413.6196,123,S0_baseline,indonesia,USDC
38,0.9644950528808706,2977549838706.431,123,S0_baseline,indonesia,USDC
39,0.9663961299541165,2977310450761.57,123,S0_baseline,indonesia,USDC
40,0.9967687064396982,2977154111320.599,123,S0_baseline,indonesia,USDC
41,0.9910356687452433,2977154111320.599,123,S0_baseline,indonesia,USDC
42,0.9882177811959225,2977154111320.599,123,S0_baseline,indonesia,USDC
43,0.9875834467652932,2977154111320.599,123,S0_baseline,indonesia,USDC
44,1.0011973677177506,2977154111320.599,123,S0_baseline,indonesia,USDC
45,1.0130079198327648,2977154111320.599,123,S0_baseline,indonesia,USDC
46,1.0246791922646439,2977154111320.599,123,S0_baseline,indonesia,USDC
47,1.0336662520715212,2977154111320.599,123,S0_baseline,indonesia,USDC
48,1.008454511425103,2977154111320.599,123,S0_baseline,indonesia,USDC
49,0.9926868206268086,2977154111320.599,123,S0_baseline,indonesia,USDC
50,1.0025175566042346,2977154111320.599,123,S0_baseline,indonesia,USDC
51,1.0063226490629373,2977154111320.599,123,S0_baseline,indonesia,USDC
52,0.9863659544409745,2977154111320.599,123,S0_baseline,indonesia,USDC
53,0.9767229650395678,2977154111320.599,123,S0_baseline,indonesia,USDC
54,0.9624058318119019,2977154111320.599,123,S0_baseline,indonesia,USDC
55,0.98108817141378,2976805204900.9775,123,S0_baseline,indonesia,USDC
56,0.9666938434109783,2976805204900.9775,123,S0_baseline,indonesia,USDC
57,0.9907864973595467,2976677149074.9854,123,S0_baseline,indonesia,USDC
58,0.9849020357228301,2976677149074.9854,123,S0_baseline,indonesia,USDC
59,0.9581528927936589,2976677149074.9854,123,S0_baseline,indonesia,USDC
60,0.9187818355406657,2976142490041.027,123,S0_baseline,indonesia,USDC
61,0.9498536509607751,2973758368484.1875,123,S0_baseline,indonesia,USDC
62,0.9621831126409328,2972871237906.1035,123,S0_baseline,indonesia,USDC
63,1.0176882849480375,2972546701416.424,123,S0_baseline,indonesia,USDC
64,1.0225551037136715,2972546701416.424,123,S0_baseline,indonesia,USDC
65,1.0178788732847512,2972546701416.424,123,S0_baseline,indonesia,USDC
66,1.0570077652748082,2972546701416.424,123,S0_baseline,indonesia,USDC
67,1.069211326773188,2972546701416.424,123,S0_baseline,indonesia,USDC
68,1.070264012018201,2972546701416.424,123,S0_baseline,indonesia,USDC
69,1.031571304674532,2972546701416.424,123,S0_baseline,indonesia,USDC
70,1.0756995748192912,2972546701416.424,123,S0_baseline,indonesia,USDC
71,1.0997886276523192,2972546701416.424,123,S0_baseline,indonesia,USDC
72,1.108219071916279,2972546701416.424,123,S0_baseline,indonesia,USDC
73,1.0584853521214699,2972546701416.424,123,S0_baseline,indonesia,USDC
74,1.045405585479486,2972546701416.424,123,S0_baseline,indonesia,USDC
75,1.0098870320931421,2972546701416.424,123,S0_baseline,indonesia,USDC
76,1.0229393936716773,2972546701416.424,123,S0_baseline,indonesia,USDC
77,1.0074249611640747,2972546701416.424,123,S0_baseline,indonesia,USDC
78,0.978687848159249,2972546701416.424,123,S0_baseline,indonesia,USDC
79,0.9566472776862115,2972546701416.424,123,S0_baseline,indonesia,USDC
80,0.9701575598576083,2971952860216.7056,123,S0_baseline,indonesia,USDC
81,1.007578345190022,2971952860216.7056,123,S0_baseline,indonesia,USDC
82,1.005725118930433,2971952860216.7056,123,S0_baseline,indonesia,USDC
83,0.9811520283682316,2971952860216.7056,123,S0_baseline,indonesia,USDC
84,0.9858999959013842,2971952860216.7056,123,S0_baseline,indonesia,USDC
85,0.9849868317133594,2971952860216.7056,123,S0_baseline,indonesia,USDC
86,1.012726424144853,2971952860216.7056,123,S0_baseline,indonesia,USDC
87,1.0375735901345375,2971952860216.7056,123,S0_baseline,indonesia,USDC
88,1.0060638253375003,2971952860216.7056,123,S0_baseline,indonesia,USDC
89,1.0159131585106758,2971952860216.7056,123,S0_baseline,indonesia,USDC
90,1.005200597877027,2971952860216.7056,123,S0_baseline,indonesia,USDC
91,1.008921917675178,2971952860216.7056,123,S0_baseline,indonesia,USDC
92,0.9931547620298181,2971952860216.7056,123,S0_baseline,indonesia,USDC
93,0.9826615975530765,2971952860216.7056,123,S0_baseline,indonesia,USDC
94,0.9664129823153542,2971952860216.7056,123,S0_baseline,indonesia,USDC
95,0.9962933794322122,2971843687838.193,123,S0_baseline,indonesia,USDC
96,1.021424373089496,2971843687838.193,123,S0_baseline,indonesia,USDC
97,0.8416442569002563,2971843687838.193,123,S0_baseline,indonesia,USDC
98,0.8775244047523635,2966228295863.081,123,S0_baseline,indonesia,USDC
99,0.8961003753168013,2962773412220.3374,123,S0_baseline,indonesia,USDC
100,0.9306721595913616,2960231423125.7256,123,S0_baseline,indonesia,USDC
101,0.9492468669045028,2959069914750.6465,123,S0_baseline,indonesia,USDC
102,0.9301629169206831,2958478139937.3438,123,S0_baseline,indonesia,USDC
103,0.9258770491098693,2957313854870.9355,123,S0_baseline,indonesia,USDC
104,0.9351130710490448,2956044461735.52,123,S0_baseline,indonesia,USDC
105,0.9127979427963407,2955086438768.0127,123,S0_baseline,indonesia,USDC
106,0.8999686151769754,2953572120290.9473,123,S0_baseline,indonesia,USDC
107,0.9300828301097793,2951827498847.4595,123,S0_baseline,indonesia,USDC
108,0.9458380252855141,2950958774860.372,123,S0_baseline,indonesia,USDC
109,0.9786452225158612,2950442022029.3174,123,S0_baseline,indonesia,USDC
110,1.0039402005022964,2950442022029.3174,123,S0_baseline,indonesia,USDC
111,0.9987657097629249,2950442022029.3174,123,S0_baseline,indonesia,USDC
112,0.9936868516236443,2950442022029.3174,123,S0_baseline,indonesia,USDC
113,0.9729532241939916,2950442022029.3174,123,S0_baseline,indonesia,USDC
114,0.9683909340578299,2950442022029.3174,123,S0_baseline,indonesia,USDC
115,0.9423199003195918,2950407129291.7236,123,S0_baseline,indonesia,USDC
116,0.952825779518218,2949828729089.6387,123,S0_baseline,indonesia,USDC
117,0.9674598910271517,2949500204649.276,123,S0_baseline,indonesia,USDC
118,0.9892686369066637,2949458768768.368,123,S0_baseline,indonesia,USDC
119,0.9861684435418405,2949458768768.368,123,S0_baseline,indonesia,USDC
120,1.0033780325720265,2949458768768.368,123,S0_baseline,indonesia,USDC
121,1.0002790805574666,2949458768768.368,123,S0_baseline,indonesia,USDC
122,1.0184138624609422,2949458768768.368,123,S0_baseline,indonesia,USDC
123,1.0151054243985909,2949458768768.368,123,S0_baseline,indonesia,USDC
124,1.0426402990606067,2949458768768.368,123,S0_baseline,indonesia,USDC
125,1.0311568433273297,2949458768768.368,123,S0_baseline,indonesia,USDC
126,1.0214696144817477,2949458768768.368,123,S0_baseline,indonesia,USDC
127,1.035952250723807,2949458768768.368,123,S0_baseline,indonesia,USDC
128,1.0371198294180144,2949458768768.368,123,S0_baseline,indonesia,USDC
129,1.024004721576234,2949458768768.368,123,S0_baseline,indonesia,USDC
130,1.0343024753739314,2949458768768.368,123,S0_baseline,indonesia,USDC
131,1.0473451332624923,2949458768768.368,123,S0_baseline,indonesia,USDC
132,1.0086399704817268,2949458768768.368,123,S0_baseline,indonesia,USDC
133,0.9917603554133414,2949458768768.368,123,S0_baseline,indonesia,USDC
134,0.9576177469825168,2949458768768.368,123,S0_baseline,indonesia,USDC
135,0.9617673075447759,2949231983650.453,123,S0_baseline,indonesia,USDC
136,0.9596540324315023,2949102796232.0186,123,S0_baseline,indonesia,USDC
137,0.9627966704140707,2948892727118.126,123,S0_baseline,indonesia,USDC
138,0.9636843458289119,2948760490069.059,123,S0_baseline,indonesia,USDC
139,0.9545414940942692,2948646515760.8877,123,S0_baseline,indonesia,USDC
140,0.9942803536993503,2948339910962.4062,123,S0_baseline,indonesia,USDC
141,0.9831239487979216,2948339910962.4062,123,S0_baseline,indonesia,USDC
142,0.9719965737670454,2948339910962.4062,123,S0_baseline,indonesia,USDC
143,0.9690946695515118,2948339910962.4062,123,S0_baseline,indonesia,USDC
144,0.9659889475571518,2948322240755.4536,123,S0_baseline,indonesia,USDC
145,0.9938089989381735,2948277186593.2124,123,S0_baseline,indonesia,USDC
146,0.967087209524127,2948277186593.2124,123,S0_baseline,indonesia,USDC
147,0.9696710844171362,2948231207257.8438,123,S0_baseline,indonesia,USDC
148,0.9626019957981569,2948226953115.6074,123,S0_baseline,indonesia,USDC
149,0.9696092999631942,2948119699537.204,123,S0_baseline,indonesia,USDC
150,0.9694847995536268,2948114667363.19,123,S0_baseline,indonesia,USDC
151,0.9677222301385731,2948111353295.4795,123,S0_baseline,indonesia,USDC
152,0.9846678452622928,2948067432568.5503,123,S0_baseline,indonesia,USDC
153,0.9963065869371733,2948067432568.5503,123,S0_baseline,indonesia,USDC
154,0.9628390068469852,2948067432568.5503,123,S0_baseline,indonesia,USDC
155,0.9405033792617259,2947953501883.04,123,S0_baseline,indonesia,USDC
156,0.9502679630532949,2947389538176.376,123,S0_baseline,indonesia,USDC
157,0.9574468117269239,2947069838884.5884,123,S0_baseline,indonesia,USDC
158,0.9639804297568285,2946854152003.966,123,S0_baseline,indonesia,USDC
159,0.9561897361334395,2946756675453.1606,123,S0_baseline,indonesia,USDC
160,0.9680465586189353,2946522748439.8857,123,S0_baseline,indonesia,USDC
161,0.9714088611470606,2946516471032.5376,123,S0_baseline,indonesia,USDC
162,0.9340474832154694,2946516471032.5376,123,S0_baseline,indonesia,USDC
163,0.9416149322896218,2945882335908.793,123,S0_baseline,indonesia,USDC
164,0.9164140594568534,2945400233095.4087,123,S0_baseline,indonesia,USDC
165,0.9046513788279864,2944585647577.367,123,S0_baseline,indonesia,USDC
166,0.9359688155890333,2943563099197.727,123,S0_baseline,indonesia,USDC
167,0.9403919738274632,2943113189663.7827,123,S0_baseline,indonesia,USDC
168,0.9180009923447026,2942708833569.0156,123,S0_baseline,indonesia,USDC
169,0.9408388798819132,2942033285595.0127,123,S0_baseline,indonesia,USDC
170,0.9541998598781477,2941653716051.356,123,S0_baseline,indonesia,USDC
171,0.9698603378004388,2941483150899.201,123,S0_baseline,indonesia,USDC
172,0.9832513016742356,2941481412225.062,123,S0_baseline,indonesia,USDC
173,0.9932618367748375,2941481412225.062,123,S0_baseline,indonesia,USDC
174,1.0041746010496637,2941481412225.062,123,S0_baseline,indonesia,USDC
175,1.0185185627158861,2941481412225.062,123,S0_baseline,indonesia,USDC
176,0.974650381644456,2941481412225.062,123,S0_baseline,indonesia,USDC
177,0.9814177678019398,2941481412225.062,123,S0_baseline,indonesia,USDC
178,0.9697194428342487,2941481412225.062,123,S0_baseline,indonesia,USDC
179,0.9840381771726344,2941480252816.1772,123,S0_baseline,indonesia,USDC
180,0.9909699830381237,2941480252816.1772,123,S0_baseline,indonesia,USDC
181,0.9551383477328219,2941480252816.1772,123,S0_baseline,indonesia,USDC
182,0.9390134026250511,2941323200188.907,123,S0_baseline,indonesia,USDC
183,0.9371454230965041,2940954987244.9565,123,S0_baseline,indonesia,USDC
184,0.9418103055650303,2940588832718.8525,123,S0_baseline,indonesia,USDC
185,0.9728506296137416,2940275017278.953,123,S0_baseline,indonesia,USDC
186,0.9781533505278094,2940275017278.953,123,S0_baseline,indonesia,USDC
187,1.0014237275034654,2940275017278.953,123,S0_baseline,indonesia,USDC
188,0.9954835267081333,2940275017278.953,123,S0_baseline,indonesia,USDC
189,0.9939139933326864,2940275017278.953,123,S0_baseline,indonesia,USDC
190,0.9833549846077577,2940275017278.953,123,S0_baseline,indonesia,USDC
191,1.001722942524816,2940275017278.953,123,S0_baseline,indonesia,USDC
192,0.9800425962640574,2940275017278.953,123,S0_baseline,indonesia,USDC
193,0.9649599088852316,2940275017278.953,123,S0_baseline,indonesia,USDC
194,0.9434095263815372,2940225090132.788,123,S0_baseline,indonesia,USDC
195,0.9417513976510105,2939960103999.55,123,S0_baseline,indonesia,USDC
196,0.97852014926961,2939684472096.3936,123,S0_baseline,indonesia,USDC
197,1.0187107757310283,2939684472096.3936,123,S0_baseline,indonesia,USDC
198,1.009089977472476,2939684472096.3936,123,S0_baseline,indonesia,USDC
199,1.0115299112900291,2939684472096.3936,123,S0_baseline,indonesia,USDC
200,0.9989267795655644,2939684472096.3936,123,S0_baseline,indonesia,USDC
201,1.0177415435694979,2939684472096.3936,123,S0_baseline,indonesia,USDC
202,0.9974571254755268,2939684472096.3936,123,S0_baseline,indonesia,USDC
203,1.0786557638304302,2939684472096.3936,123,S0_baseline,indonesia,USDC
204,1.0460498796990931,2939684472096.3936,123,S0_baseline,indonesia,USDC
205,1.0437400732542994,2939684472096.3936,123,S0_baseline,indonesia,USDC
206,1.0234498794957723,2939684472096.3936,123,S0_baseline,indonesia,USDC
207,1.0190075021301574,2939684472096.3936,123,S0_baseline,indonesia,USDC
208,1.0081810246552363,2939684472096.3936,123,S0_baseline,indonesia,USDC
209,0.991369645362686,2939684472096.3936,123,S0_baseline,indonesia,USDC
210,1.0240731250541677,2939684472096.3936,123,S0_baseline,indonesia,USDC
211,1.03463416816356,2939684472096.3936,123,S0_baseline,indonesia,USDC
212,1.052042979360092,2939684472096.3936,123,S0_baseline,indonesia,USDC
213,1.0110432942702585,2939684472096.3936,123,S0_baseline,indonesia,USDC
214,0.9798228211631052,2939684472096.3936,123,S0_baseline,indonesia,USDC
215,0.9638143587616457,2939684472096.3936,123,S0_baseline,indonesia,USDC
216,0.9641036777462081,2939631733600.422,123,S0_baseline,indonesia,USDC
217,0.9743193308456876,2939575906373.628,123,S0_baseline,indonesia,USDC
218,0.9767577989786289,2939575906373.628,123,S0_baseline,indonesia,USDC
219,0.9375114520831085,2939575906373.628,123,S0_baseline,indonesia,USDC
220,0.9389990708318072,2939235331929.115,123,S0_baseline,indonesia,USDC
221,0.9420145650177204,2938931545724.2217,123,S0_baseline,indonesia,USDC
222,0.9248959845702163,2938666201742.054,123,S0_baseline,indonesia,USDC
223,0.924758793387658,2938271524505.51,123,S0_baseline,indonesia,USDC
224,0.939115153981115,2937881063519.815,123,S0_baseline,indonesia,USDC
225,0.9383790345661369,2937620156599.0034,123,S0_baseline,indonesia,USDC
226,0.93487255150427,2937361062588.074,123,S0_baseline,indonesia,USDC
227,0.9368383526490092,2937090823495.646,123,S0_baseline,indonesia,USDC
228,0.9535202690714457,2936836534265.5464,123,S0_baseline,indonesia,USDC
229,0.971013566816149,2936716238249.709,123,S0_baseline,indonesia,USDC
230,0.9374400097143206,2936716238249.709,123,S0_baseline,indonesia,USDC
231,0.9459607090554965,2936494474200.7163,123,S0_baseline,indonesia,USDC
232,0.964102856701784,2936325379264.88,123,S0_baseline,indonesia,USDC
233,0.9499458686319949,2936296122380.922,123,S0_baseline,indonesia,USDC
234,0.9306925432587836,2936171477656.5186,123,S0_baseline,indonesia,USDC
235,0.9346057954019467,2935897379401.0767,123,S0_baseline,indonesia,USDC
236,0.9395188070993363,2935675166833.6904,123,S0_baseline,indonesia,USDC
237,0.9289138832654898,2935484699217.0854,123,S0_baseline,indonesia,USDC
238,0.8582456871116771,2935242146999.661,123,S0_baseline,indonesia,USDC
239,0.9034144829050949,2934584102910.2085,123,S0_baseline,indonesia,USDC
240,0.9338980473551295,2934228754754.5796,123,S0_baseline,indonesia,USDC
241,0.9678163047901638,2934054814604.874,123,S0_baseline,indonesia,USDC
242,0.9598293970571736,2934049513478.5723,123,S0_baseline,indonesia,USDC
243,0.9904698008607007,2934007225473.992,123,S0_baseline,indonesia,USDC
244,0.9945182029881372,2934007225473.992,123,S0_baseline,indonesia,USDC
245,0.9832459974999982,2934007225473.992,123,S0_baseline,indonesia,USDC
246,0.951565167453166,2934007225473.992,123,S0_baseline,indonesia,USDC
247,0.9459458282511797,2933923658346.0664,123,S0_baseline,indonesia,USDC
248,0.944964013348921,2933811665784.9893,123,S0_baseline,indonesia,USDC
249,0.9534262378353972,2933710486850.5835,123,S0_baseline,indonesia,USDC
250,0.9582720713383379,2933643844687.544,123,S0_baseline,indonesia,USDC
251,0.9437812875734315,2933601736452.0684,123,S0_baseline,indonesia,USDC
252,0.9479640643373745,2933492453425.9004,123,S0_baseline,indonesia,USDC
253,0.9123475349079733,2933406960786.032,123,S0_baseline,indonesia,USDC
254,0.9136795945927848,2933181228021.965,123,S0_baseline,indonesia,USDC
255,0.9033845974792926,2932973264280.031,123,S0_baseline,indonesia,USDC
256,0.9056439370120195,2932746140261.8584,123,S0_baseline,indonesia,USDC
257,0.9042093677997651,2932524632384.274,123,S0_baseline,indonesia,USDC
258,0.9045729727151739,2932328602118.7393,123,S0_baseline,indonesia,USDC
259,0.923178646694048,2932141177451.5576,123,S0_baseline,indonesia,USDC
260,0.9023699391773137,2932016473387.529,123,S0_baseline,indonesia,USDC
261,0.8942114161460877,2931847699992.4863,123,S0_baseline,indonesia,USDC
262,0.8903126209702753,2931657039827.9556,123,S0_baseline,indonesia,USDC
263,0.8838351554297638,2931480679255.98,123,S0_baseline,indonesia,USDC
264,0.9168048750351004,2931308932077.981,123,S0_baseline,indonesia,USDC
265,0.93128792893453,2931204656140.3643,123,S0_baseline,indonesia,USDC
266,0.924208643937277,2931135033107.5205,123,S0_baseline,indonesia,USDC
267,0.9206641122726391,2931053479785.0625,123,S0_baseline,indonesia,USDC
268,0.8968027360922208,2930969761679.393,123,S0_baseline,indonesia,USDC
269,0.8926788154618701,2930851870646.286,123,S0_baseline,indonesia,USDC
270,0.9020262804117352,2930742049807.849,123,S0_baseline,indonesia,USDC
271,0.9067112907852473,2930655268720.866,123,S0_baseline,indonesia,USDC
272,0.9366844889606448,2930573855777.449,123,S0_baseline,indonesia,USDC
273,0.943572834029877,2930533795773.5405,123,S0_baseline,indonesia,USDC
274,0.9412710604735384,2930503110026.9375,123,S0_baseline,indonesia,USDC
275,0.911539636284343,2930471766626.0586,123,S0_baseline,indonesia,USDC
276,0.9277608701220594,2930409247934.5835,123,S0_baseline,indonesia,USDC
277,0.9209363872554908,2930365625717.3877,123,S0_baseline,indonesia,USDC
278,0.9311636134790232,2930318472806.3853,123,S0_baseline,indonesia,USDC
279,0.937238750452191,2930283066408.086,123,S0_baseline,indonesia,USDC
280,0.938791137452344,2930255389187.3833,123,S0_baseline,indonesia,USDC
281,0.9344658471321894,2930230783895.2603,123,S0_baseline,indonesia,USDC
282,0.9238179615260739,2930202468908.549,123,S0_baseline,indonesia,USDC
283,0.9431018035767835,2930165660768.079,123,S0_baseline,indonesia,USDC
284,0.9698515542365385,2930145380230.96,123,S0_baseline,indonesia,USDC
285,0.9716039615277248,2930145304553.957,123,S0_baseline,indonesia,USDC
286,0.9713123981953218,2930145304553.957,123,S0_baseline,indonesia,USDC
287,0.9644012278730171,2930145304553.957,123,S0_baseline,indonesia,USDC
288,0.9748911752314908,2930141045917.1333,123,S0_baseline,indonesia,USDC
289,0.9676269711974104,2930141045917.1333,123,S0_baseline,indonesia,USDC
290,0.9598678064038738,2930139655128.2837,123,S0_baseline,indonesia,USDC
291,1.018670290304059,2930133021624.868,123,S0_baseline,indonesia,USDC
292,1.011062459367445,2930133021624.868,123,S0_baseline,indonesia,USDC
293,1.0170004511152015,2930133021624.868,123,S0_baseline,indonesia,USDC
294,1.0268096291154305,2930133021624.868,123,S0_baseline,indonesia,USDC
295,1.0306235374688528,2930133021624.868,123,S0_baseline,indonesia,USDC
296,1.078242228933352,2930133021624.868,123,S0_baseline,indonesia,USDC
297,1.0866247978259054,2930133021624.868,123,S0_baseline,indonesia,USDC
298,1.0797596164162921,2930133021624.868,123,S0_baseline,indonesia,USDC
299,1.0754911762979313,2930133021624.868,123,S0_baseline,indonesia,USDC
300,1.097304323187249,2930133021624.868,123,S0_baseline,indonesia,USDC
301,1.1127574004757141,2930133021624.868,123,S0_baseline,indonesia,USDC
302,1.1307204683174037,2930133021624.868,123,S0_baseline,indonesia,USDC
303,1.1394912765357215,2930133021624.868,123,S0_baseline,indonesia,USDC
304,1.0888068893425917,2930133021624.868,123,S0_baseline,indonesia,USDC
305,1.1072667085712453,2930133021624.868,123,S0_baseline,indonesia,USDC
306,1.0835697844897059,2930133021624.868,123,S0_baseline,indonesia,USDC
307,1.0849525620327138,2930133021624.868,123,S0_baseline,indonesia,USDC
308,1.080068845395512,2930133021624.868,123,S0_baseline,indonesia,USDC
309,1.0866948003370653,2930133021624.868,123,S0_baseline,indonesia,USDC
310,1.0679722276585961,2930133021624.868,123,S0_baseline,indonesia,USDC
311,1.0699701566611128,2930133021624.868,123,S0_baseline,indonesia,USDC
312,1.048064390475903,2930133021624.868,123,S0_baseline,indonesia,USDC
313,1.063364428065802,2930133021624.868,123,S0_baseline,indonesia,USDC
314,1.0333076142655964,2930133021624.868,123,S0_baseline,indonesia,USDC
315,1.0485217081257607,2930133021624.868,123,S0_baseline,indonesia,USDC
316,1.0675078367561583,2930133021624.868,123,S0_baseline,indonesia,USDC
317,1.053519475110925,2930133021624.868,123,S0_baseline,indonesia,USDC
318,1.0411682972453857,2930133021624.868,123,S0_baseline,indonesia,USDC
319,1.0431966702979711,2930133021624.868,123,S0_baseline,indonesia,USDC
320,1.023428634630012,2930133021624.868,123,S0_baseline,indonesia,USDC
321,1.0186290862356966,2930133021624.868,123,S0_baseline,indonesia,USDC
322,1.026455965997525,2930133021624.868,123,S0_baseline,indonesia,USDC
323,1.0393215507846272,2930133021624.868,123,S0_baseline,indonesia,USDC
324,1.0082724961235614,2930133021624.868,123,S0_baseline,indonesia,USDC
325,1.0249143519907067,2930133021624.868,123,S0_baseline,indonesia,USDC
326,1.0263872082998013,2930133021624.868,123,S0_baseline,indonesia,USDC
327,1.0166262396734544,2930133021624.868,123,S0_baseline,indonesia,USDC
328,1.053977338996232,2930133021624.868,123,S0_baseline,indonesia,USDC
329,1.0352905750381707,2930133021624.868,123,S0_baseline,indonesia,USDC
330,1.0405932567381546,2930133021624.868,123,S0_baseline,indonesia,USDC
331,1.0232389151871408,2930133021624.868,123,S0_baseline,indonesia,USDC
332,0.9829687379222682,2930133021624.868,123,S0_baseline,indonesia,USDC
333,0.9912073090364591,2930133021624.868,123,S0_baseline,indonesia,USDC
334,0.9672437381618614,2930133021624.868,123,S0_baseline,indonesia,USDC
335,0.9794749024254983,2930132185053.3594,123,S0_baseline,indonesia,USDC
336,0.9387695125990208,2930132185053.3594,123,S0_baseline,indonesia,USDC
337,0.9153039613997407,2930109606696.764,123,S0_baseline,indonesia,USDC
338,0.9332074074949483,2930070015749.9336,123,S0_baseline,indonesia,USDC
339,0.9215001811485745,2930045649101.6914,123,S0_baseline,indonesia,USDC
340,0.8987341850788918,2930015459813.9824,123,S0_baseline,indonesia,USDC
341,0.9315005618870829,2929972899393.3037,123,S0_baseline,indonesia,USDC
342,0.9330144917811068,2929951125027.414,123,S0_baseline,indonesia,USDC
343,0.9417321551303945,2929931025050.0195,123,S0_baseline,indonesia,USDC
344,0.9521847409257163,2929916293057.424,123,S0_baseline,indonesia,USDC
345,0.9117519932710643,2929906948182.377,123,S0_baseline,indonesia,USDC
346,0.902823176876661,2929879227721.3584,123,S0_baseline,indonesia,USDC
347,0.9305277912499852,2929848128074.0635,123,S0_baseline,indonesia,USDC
348,0.94482115402021,2929830197028.4277,123,S0_baseline,indonesia,USDC
349,0.938124972935842,2929820025022.2495,123,S0_baseline,indonesia,USDC
350,0.948223619771534,2929806468639.615,123,S0_baseline,indonesia,USDC
351,0.9583697202243097,2929797866663.1226,123,S0_baseline,indonesia,USDC
352,0.9541738996655571,2929793186007.616,123,S0_baseline,indonesia,USDC
353,0.9754747542982449,2929786893093.8516,123,S0_baseline,indonesia,USDC
354,0.9633319896907631,2929786893093.8516,123,S0_baseline,indonesia,USDC
355,0.9764663793272012,2929785002078.338,123,S0_baseline,indonesia,USDC
356,0.9603588806517712,2929785002078.338,123,S0_baseline,indonesia,USDC
357,0.9026491985720488,2929781508413.7446,123,S0_baseline,indonesia,USDC
358,0.9267224396500691,2929755538613.253,123,S0_baseline,indonesia,USDC
359,0.907423046558709,2929741324547.2886,123,S0_baseline,indonesia,USDC
360,0.9189929485304942,2929721380929.7583,123,S0_baseline,indonesia,USDC
361,0.9163805848767189,2929705314858.469,123,S0_baseline,indonesia,USDC
362,0.926469920189181,2929690135277.6807,123,S0_baseline,indonesia,USDC
363,0.9329291786010009,2929678161653.0557,123,S0_baseline,indonesia,USDC
364,0.9239086472496079,2929667817150.7593,123,S0_baseline,indonesia,USDC
365,0.9332912038546992,2929655787906.9614,123,S0_baseline,indonesia,USDC
366,0.9678751927265168,2929646958665.0254,123,S0_baseline,indonesia,USDC
367,0.9576395407027748,2929646566743.748,123,S0_baseline,indonesia,USDC
368,0.9409621747027198,2929643692554.8486,123,S0_baseline,indonesia,USDC
369,0.9371148867308741,2929636862042.292,123,S0_baseline,indonesia,USDC
370,0.9559965019526857,2929629580607.889,123,S0_baseline,indonesia,USDC
371,0.9565987440127861,2929626374318.387,123,S0_baseline,indonesia,USDC
372,0.9399813705331733,2929623512143.089,123,S0_baseline,indonesia,USDC
373,0.9783771464129962,2929617049577.9717,123,S0_baseline,indonesia,USDC
374,0.974274244344653,2929617049577.9717,123,S0_baseline,indonesia,USDC
375,0.9791705401078358,2929617049577.9717,123,S0_baseline,indonesia,USDC
376,0.968904122341133,2929617049577.9717,123,S0_baseline,indonesia,USDC
377,0.9797636491809145,2929616892157.044,123,S0_baseline,indonesia,USDC
378,1.0138836229223647,2929616892157.044,123,S0_baseline,indonesia,USDC
379,1.017314864795646,2929616892157.044,123,S0_baseline,indonesia,USDC
380,1.0168876672358074,2929616892157.044,123,S0_baseline,indonesia,USDC
381,1.0247194801093493,2929616892157.044,123,S0_baseline,indonesia,USDC
382,1.0229124586834923,2929616892157.044,123,S0_baseline,indonesia,USDC
383,1.0397953090775016,2929616892157.044,123,S0_baseline,indonesia,USDC
384,1.0263756356030598,2929616892157.044,123,S0_baseline,indonesia,USDC
385,1.0286698269708343,2929616892157.044,123,S0_baseline,indonesia,USDC
386,1.0278706445189596,2929616892157.044,123,S0_baseline,indonesia,USDC
387,1.0424751679378235,2929616892157.044,123,S0_baseline,indonesia,USDC
388,1.0231657114585129,2929616892157.044,123,S0_baseline,indonesia,USDC
389,1.0540656809285402,2929616892157.044,123,S0_baseline,indonesia,USDC
390,1.0668887495194088,2929616892157.044,123,S0_baseline,indonesia,USDC
391,1.0824068906118094,2929616892157.044,123,S0_baseline,indonesia,USDC
392,1.08101839142265,2929616892157.044,123,S0_baseline,indonesia,USDC
393,1.0675375655015116,2929616892157.044,123,S0_baseline,indonesia,USDC
394,1.0786735247353778,2929616892157.044,123,S0_baseline,indonesia,USDC
395,1.0610843801956027,2929616892157.044,123,S0_baseline,indonesia,USDC
396,1.0308791771600834,2929616892157.044,123,S0_baseline,indonesia,USDC
397,1.0240173898378233,2929616892157.044,123,S0_baseline,indonesia,USDC
398,1.0248094382542272,2929616892157.044,123,S0_baseline,indonesia,USDC
399,1.0587263257070707,2929616892157.044,123,S0_baseline,indonesia,USDC
400,1.050008904542648,2929616892157.044,123,S0_baseline,indonesia,USDC
401,1.0278509298578415,2929616892157.044,123,S0_baseline,indonesia,USDC
402,1.0312131097435007,2929616892157.044,123,S0_baseline,indonesia,USDC
403,1.0104580224223585,2929616892157.044,123,S0_baseline,indonesia,USDC
404,1.0198239633392252,2929616892157.044,123,S0_baseline,indonesia,USDC
405,1.0051642073294154,2929616892157.044,123,S0_baseline,indonesia,USDC
406,1.0138256442571334,2929616892157.044,123,S0_baseline,indonesia,USDC
407,1.0092916142520125,2929616892157.044,123,S0_baseline,indonesia,USDC
408,0.9848362756627306,2929616892157.044,123,S0_baseline,indonesia,USDC
409,1.0038334052204272,2929616892157.044,123,S0_baseline,indonesia,USDC
410,1.0349706957670823,2929616892157.044,123,S0_baseline,indonesia,USDC
411,1.012760755211248,2929616892157.044,123,S0_baseline,indonesia,USDC
412,1.015206047548273,2929616892157.044,123,S0_baseline,indonesia,USDC
413,1.029963063244902,2929616892157.044,123,S0_baseline,indonesia,USDC
414,1.03387922414373,2929616892157.044,123,S0_baseline,indonesia,USDC
415,1.052869754138184,2929616892157.044,123,S0_baseline,indonesia,USDC
416,1.0630055101363463,2929616892157.044,123,S0_baseline,indonesia,USDC
417,1.0074481086749094,2929616892157.044,123,S0_baseline,indonesia,USDC
418,1.012713912233163,2929616892157.044,123,S0_baseline,indonesia,USDC
419,1.0105811079982652,2929616892157.044,123,S0_baseline,indonesia,USDC
420,1.0102125097905312,2929616892157.044,123,S0_baseline,indonesia,USDC
421,0.974334286669576,2929616892157.044,123,S0_baseline,indonesia,USDC
422,0.9934996642757272,2929616892157.044,123,S0_baseline,indonesia,USDC
423,0.9766796213407825,2929616892157.044,123,S0_baseline,indonesia,USDC
424,0.9741267457262857,2929616892157.044,123,S0_baseline,indonesia,USDC
425,0.9730773551312117,2929616892157.044,123,S0_baseline,indonesia,USDC
426,0.9437080376869795,2929616892157.044,123,S0_baseline,indonesia,USDC
427,0.954216088669327,2929611419099.206,123,S0_baseline,indonesia,USDC
428,0.9464162584471558,2929608259683.1304,123,S0_baseline,indonesia,USDC
429,0.953335210818001,2929603747156.904,123,S0_baseline,indonesia,USDC
430,0.9469297987215832,2929600847439.456,123,S0_baseline,indonesia,USDC
431,0.9521320389582395,2929596425323.896,123,S0_baseline,indonesia,USDC
432,0.9834862900502677,2929592944953.045,123,S0_baseline,indonesia,USDC
433,1.0221149029654333,2929592944953.045,123,S0_baseline,indonesia,USDC
434,0.9956687858257275,2929592944953.045,123,S0_baseline,indonesia,USDC
435,0.9776926026900421,2929592944953.045,123,S0_baseline,indonesia,USDC
436,1.004206910172549,2929592944953.045,123,S0_baseline,indonesia,USDC
437,0.9989036668337063,2929592944953.045,123,S0_baseline,indonesia,USDC
438,1.0312821616112178,2929592944953.045,123,S0_baseline,indonesia,USDC
439,1.012570861995957,2929592944953.045,123,S0_baseline,indonesia,USDC
440,1.0465386688905216,2929592944953.045,123,S0_baseline,indonesia,USDC
441,1.0631197615771923,2929592944953.045,123,S0_baseline,indonesia,USDC
442,1.0593181140782186,2929592944953.045,123,S0_baseline,indonesia,USDC
443,1.0330081962695374,2929592944953.045,123,S0_baseline,indonesia,USDC
444,1.0343867833605862,2929592944953.045,123,S0_baseline,indonesia,USDC
445,1.0333304396028429,2929592944953.045,123,S0_baseline,indonesia,USDC
446,1.0212549889210192,2929592944953.045,123,S0_baseline,indonesia,USDC
447,1.0209313801460793,2929592944953.045,123,S0_baseline,indonesia,USDC
448,1.017536944752636,2929592944953.045,123,S0_baseline,indonesia,USDC
449,1.0041659087111867,2929592944953.045,123,S0_baseline,indonesia,USDC
450,0.9790820643013204,2929592944953.045,123,S0_baseline,indonesia,USDC
451,0.9718191301172984,2929592944953.045,123,S0_baseline,indonesia,USDC
452,0.9429598929567568,2929592944953.045,123,S0_baseline,indonesia,USDC
453,0.9707719117201039,2929588320314.9053,123,S0_baseline,indonesia,USDC
454,0.9575805270337266,2929588320314.9053,123,S0_baseline,indonesia,USDC
455,0.9574098584454572,2929586137195.7417,123,S0_baseline,indonesia,USDC
456,0.9356199945052839,2929583818388.203,123,S0_baseline,indonesia,USDC
457,0.9353563581342561,2929577762074.3857,123,S0_baseline,indonesia,USDC
458,0.9388757870083283,2929572248034.4517,123,S0_baseline,indonesia,USDC
459,0.9744917502601752,2929567480467.457,123,S0_baseline,indonesia,USDC
460,1.007721982871307,2929567480467.457,123,S0_baseline,indonesia,USDC
461,1.0329345461029917,2929567480467.457,123,S0_baseline,indonesia,USDC
462,1.0379160055402186,2929567480467.457,123,S0_baseline,indonesia,USDC
463,1.0253866104216567,2929567480467.457,123,S0_baseline,indonesia,USDC
464,1.0142938076981114,2929567480467.457,123,S0_baseline,indonesia,USDC
465,1.03561879782133,2929567480467.457,123,S0_baseline,indonesia,USDC
466,1.018970503320942,2929567480467.457,123,S0_baseline,indonesia,USDC
467,1.0466565376020125,2929567480467.457,123,S0_baseline,indonesia,USDC
468,1.0379905568496233,2929567480467.457,123,S0_baseline,indonesia,USDC
469,1.0318024106714616,2929567480467.457,123,S0_baseline,indonesia,USDC
470,1.0354469706267009,2929567480467.457,123,S0_baseline,indonesia,USDC
471,1.015018592900014,2929567480467.457,123,S0_baseline,indonesia,USDC
472,1.0233453814949063,2929567480467.457,123,S0_baseline,indonesia,USDC
473,1.0493775819123063,2929567480467.457,123,S0_baseline,indonesia,USDC
474,1.0749409930994347,2929567480467.457,123,S0_baseline,indonesia,USDC
475,1.0865959884182443,2929567480467.457,123,S0_baseline,indonesia,USDC
476,1.0945505749189741,2929567480467.457,123,S0_baseline,indonesia,USDC
477,1.0766103187163343,2929567480467.457,123,S0_baseline,indonesia,USDC
478,1.0637125323092986,2929567480467.457,123,S0_baseline,indonesia,USDC
479,1.0602558320252902,2929567480467.457,123,S0_baseline,indonesia,USDC
480,0.9868217928172516,2929567480467.457,123,S0_baseline,indonesia,USDC
481,0.9741894826928941,2929567480467.457,123,S0_baseline,indonesia,USDC
482,1.0000905994549192,2929567480467.457,123,S0_baseline,indonesia,USDC
483,1.023500024057334,2929567480467.457,123,S0_baseline,indonesia,USDC
484,1.0068780687429082,2929567480467.457,123,S0_baseline,indonesia,USDC
485,1.0319219714379402,2929567480467.457,123,S0_baseline,indonesia,USDC
486,1.078092221112015,2929567480467.457,123,S0_baseline,indonesia,USDC
487,1.0653370143770684,2929567480467.457,123,S0_baseline,indonesia,USDC
488,1.0930622127961016,2929567480467.457,123,S0_baseline,indonesia,USDC
489,1.070288492342451,2929567480467.457,123,S0_baseline,indonesia,USDC
490,1.085637088568207,2929567480467.457,123,S0_baseline,indonesia,USDC
491,1.0511989613513077,2929567480467.457,123,S0_baseline,indonesia,USDC
492,1.0641816847696366,2929567480467.457,123,S0_baseline,indonesia,USDC
493,1.0477481706480725,2929567480467.457,123,S0_baseline,indonesia,USDC
494,1.024760234417746,2929567480467.457,123,S0_baseline,indonesia,USDC
495,1.0273897900109494,2929567480467.457,123,S0_baseline,indonesia,USDC
496,1.0033877261786264,2929567480467.457,123,S0_baseline,indonesia,USDC
497,1.0045637669785965,2929567480467.457,123,S0_baseline,indonesia,USDC
498,1.0160637632681433,2929567480467.457,123,S0_baseline,indonesia,USDC
499,0.9964744711424944,2929567480467.457,123,S0_baseline,indonesia,USDC
500,0.9868487726535227,2929567480467.457,123,S0_baseline,indonesia,USDC
501,0.9854363029116082,2929567480467.457,123,S0_baseline,indonesia,USDC
502,0.9598711369943922,2929567480467.457,123,S0_baseline,indonesia,USDC
503,0.9645578240346353,2929565809785.379,123,S0_baseline,indonesia,USDC
504,0.9491196577237269,2929565114113.8374,123,S0_baseline,indonesia,USDC
505,0.9579467041923657,2929561996443.4526,123,S0_baseline,indonesia,USDC
506,0.9918555421188188,2929560411416.657,123,S0_baseline,indonesia,USDC
507,0.9774545961859569,2929560411416.657,123,S0_baseline,indonesia,USDC
508,0.9784236893105578,2929560411416.657,123,S0_baseline,indonesia,USDC
509,0.9614279488310726,2929560411416.657,123,S0_baseline,indonesia,USDC
510,0.9414636883361519,2929559059989.714,123,S0_baseline,indonesia,USDC
511,0.9678128063181042,2929555058203.7188,123,S0_baseline,indonesia,USDC
512,0.9315289560075231,2929554807467.656,123,S0_baseline,indonesia,USDC
513,0.9166251155789241,2929549312047.911,123,S0_baseline,indonesia,USDC
514,0.9265311536739267,2929542117501.1875,123,S0_baseline,indonesia,USDC
515,0.924409523048648,2929536594085.41,123,S0_baseline,indonesia,USDC
516,0.929347174712923,2929530525943.8955,123,S0_baseline,indonesia,USDC
517,0.9374615067624004,2929525668057.5527,123,S0_baseline,indonesia,USDC
518,0.9331290444480254,2929521829890.528,123,S0_baseline,indonesia,USDC
519,0.9198042007550524,2929517877671.115,123,S0_baseline,indonesia,USDC
520,0.919174318480684,2929512165097.8735,123,S0_baseline,indonesia,USDC
521,0.9141711719024344,2929506680165.5576,123,S0_baseline,indonesia,USDC
522,0.9047809135863081,2929501264120.544,123,S0_baseline,indonesia,USDC
523,0.908321226959216,2929494958841.578,123,S0_baseline,indonesia,USDC
524,0.9000585722396685,2929489810135.397,123,S0_baseline,indonesia,USDC
525,0.8861939407705958,2929483874192.491,123,S0_baseline,indonesia,USDC
526,0.9293560567713808,2929477573462.663,123,S0_baseline,indonesia,USDC
527,0.9715336969826479,2929474891950.7544,123,S0_baseline,indonesia,USDC
528,0.879173325958582,2929474891950.7544,123,S0_baseline,indonesia,USDC
529,0.8362313298894198,2929469000164.26,123,S0_baseline,indonesia,USDC
530,0.8617845384880002,2929460517007.245,123,S0_baseline,indonesia,USDC
531,0.8859148477437772,2929454600749.1426,123,S0_baseline,indonesia,USDC
532,0.9012082548176789,2929450701872.572,123,S0_baseline,indonesia,USDC
533,0.9122801577412041,2929447857105.533,123,S0_baseline,indonesia,USDC
534,0.9120218538281848,2929445637369.2,123,S0_baseline,indonesia,USDC
535,0.9340804649658366,2929443530029.959,123,S0_baseline,indonesia,USDC
536,0.9378818417780885,2929442277063.7695,123,S0_baseline,indonesia,USDC
537,0.9653569412161038,2929441162750.792,123,S0_baseline,indonesia,USDC
538,0.9521941953934637,2929441041766.3804,123,S0_baseline,indonesia,USDC
539,0.9718972226605651,2929440508489.3193,123,S0_baseline,indonesia,USDC
540,0.9881645326766656,2929440508489.3193,123,S0_baseline,indonesia,USDC
541,0.9917945162855928,2929440508489.3193,123,S0_baseline,indonesia,USDC
542,0.992483060884229,2929440508489.3193,123,S0_baseline,indonesia,USDC
543,0.9779668082249147,2929440508489.3193,123,S0_baseline,indonesia,USDC
544,0.9539057054804652,2929440508489.3193,123,S0_baseline,indonesia,USDC
545,0.9626618215313165,2929440013146.871,123,S0_baseline,indonesia,USDC
546,0.950478621512648,2929439787701.592,123,S0_baseline,indonesia,USDC
547,0.9256424551183555,2929439137626.4175,123,S0_baseline,indonesia,USDC
548,0.8822322540558342,2929437690217.584,123,S0_baseline,indonesia,USDC
549,0.8970374982069571,2929435140631.49,123,S0_baseline,indonesia,USDC
550,0.8962134309351341,2929433108900.465,123,S0_baseline,indonesia,USDC
551,0.8936876405988159,2929431159804.792,123,S0_baseline,indonesia,USDC
552,0.9335649734031034,2929429383147.2354,123,S0_baseline,indonesia,USDC
553,0.9452532575157409,2929428560650.735,123,S0_baseline,indonesia,USDC
554,0.971955522099712,2929428022993.095,123,S0_baseline,indonesia,USDC
555,0.997516465010689,2929428022993.095,123,S0_baseline,indonesia,USDC
556,1.0000026482590842,2929428022993.095,123,S0_baseline,indonesia,USDC
557,1.0207177074563387,2929428022993.095,123,S0_baseline,indonesia,USDC
558,0.9933472445512644,2929428022993.095,123,S0_baseline,indonesia,USDC
559,0.9923693600734365,2929428022993.095,123,S0_baseline,indonesia,USDC
560,1.0105730489567866,2929428022993.095,123,S0_baseline,indonesia,USDC
561,1.0097243339817512,2929428022993.095,123,S0_baseline,indonesia,USDC
562,1.012846651398028,2929428022993.095,123,S0_baseline,indonesia,USDC
563,0.9924477896210363,2929428022993.095,123,S0_baseline,indonesia,USDC
564,1.0017116054090485,2929428022993.095,123,S0_baseline,indonesia,USDC
565,0.9923846531988056,2929428022993.095,123,S0_baseline,indonesia,USDC
566,0.9865315669694749,2929428022993.095,123,S0_baseline,indonesia,USDC
567,0.9881547797618251,2929428022993.095,123,S0_baseline,indonesia,USDC
568,0.9760011531302091,2929428022993.095,123,S0_baseline,indonesia,USDC
569,0.9908219122057264,2929428022993.095,123,S0_baseline,indonesia,USDC
570,1.0000570726448756,2929428022993.095,123,S0_baseline,indonesia,USDC
571,1.0074026616714056,2929428022993.095,123,S0_baseline,indonesia,USDC
572,1.0028567819549392,2929428022993.095,123,S0_baseline,indonesia,USDC
573,0.9958445028013089,2929428022993.095,123,S0_baseline,indonesia,USDC
574,1.0074879744211547,2929428022993.095,123,S0_baseline,indonesia,USDC
575,0.9945089956784036,2929428022993.095,123,S0_baseline,indonesia,USDC
576,0.9786203085170276,2929428022993.095,123,S0_baseline,indonesia,USDC
577,0.9821055270196117,2929428022993.095,123,S0_baseline,indonesia,USDC
578,0.9759274038413568,2929428022993.095,123,S0_baseline,indonesia,USDC
579,0.9729304723448816,2929428022993.095,123,S0_baseline,indonesia,USDC
580,0.9801290725852212,2929428022993.095,123,S0_baseline,indonesia,USDC
581,1.009109908668627,2929428022993.095,123,S0_baseline,indonesia,USDC
582,1.003255593081173,2929428022993.095,123,S0_baseline,indonesia,USDC
583,1.0093280199274441,2929428022993.095,123,S0_baseline,indonesia,USDC
584,0.9990150046167381,2929428022993.095,123,S0_baseline,indonesia,USDC
585,1.003248946774496,2929428022993.095,123,S0_baseline,indonesia,USDC
586,0.9939251955415815,2929428022993.095,123,S0_baseline,indonesia,USDC
587,0.944861624452633,2929428022993.095,123,S0_baseline,indonesia,USDC
588,0.9407326040803979,2929427529811.0396,123,S0_baseline,indonesia,USDC
589,0.9493549303042098,2929426965606.297,123,S0_baseline,indonesia,USDC
590,0.8048171916580156,2929426551011.494,123,S0_baseline,indonesia,USDC
591,0.8302270924595437,2929423496220.2983,123,S0_baseline,indonesia,USDC
592,0.840035540263385,2929421235553.006,123,S0_baseline,indonesia,USDC
593,0.8501363474084376,2929419468656.201,123,S0_baseline,indonesia,USDC
594,0.8520170102289801,2929418080520.1504,123,S0_baseline,indonesia,USDC
595,0.8472987040830254,2929416845715.702,123,S0_baseline,indonesia,USDC
596,0.8638364626747792,2929415710779.9976,123,S0_baseline,indonesia,USDC
597,0.8879591215156031,2929414829803.3076,123,S0_baseline,indonesia,USDC
598,0.9205031393645581,2929414236947.752,123,S0_baseline,indonesia,USDC
599,0.9525384874309587,2929413920128.327,123,S0_baseline,indonesia,USDC
600,0.973901023382653,2929413820045.54,123,S0_baseline,indonesia,USDC
601,0.9765441967870099,2929413820045.54,123,S0_baseline,indonesia,USDC
602,0.9828227230818897,2929413820045.54,123,S0_baseline,indonesia,USDC
603,0.9931932621390179,2929413820045.54,123,S0_baseline,indonesia,USDC
604,0.993866977693553,2929413820045.54,123,S0_baseline,indonesia,USDC
605,1.0092439681736127,2929413820045.54,123,S0_baseline,indonesia,USDC
606,0.978792034504491,2929413820045.54,123,S0_baseline,indonesia,USDC
607,0.9711025679894477,2929413820045.54,123,S0_baseline,indonesia,USDC
608,1.0030386405039893,2929413820045.54,123,S0_baseline,indonesia,USDC
609,0.9780875410478295,2929413820045.54,123,S0_baseline,indonesia,USDC
610,0.9767636706064708,2929413820045.54,123,S0_baseline,indonesia,USDC
611,0.9611031978646778,2929413820045.54,123,S0_baseline,indonesia,USDC
612,0.9662957885369596,2929413761950.3086,123,S0_baseline,indonesia,USDC
613,0.9882975836064439,2929413748887.356,123,S0_baseline,indonesia,USDC
614,1.007716284762638,2929413748887.356,123,S0_baseline,indonesia,USDC
615,0.9930641959021954,2929413748887.356,123,S0_baseline,indonesia,USDC
616,0.9892302796662767,2929413748887.356,123,S0_baseline,indonesia,USDC
617,0.958399143703191,2929413748887.356,123,S0_baseline,indonesia,USDC
618,0.9948667221541841,2929413687415.829,123,S0_baseline,indonesia,USDC
619,0.993988756640886,2929413687415.829,123,S0_baseline,indonesia,USDC
620,0.9940040565146522,2929413687415.829,123,S0_baseline,indonesia,USDC
621,1.032532429648837,2929413687415.829,123,S0_baseline,indonesia,USDC
622,1.0343544154213715,2929413687415.829,123,S0_baseline,indonesia,USDC
623,1.028690596867273,2929413687415.829,123,S0_baseline,indonesia,USDC
624,0.9998567352601307,2929413687415.829,123,S0_baseline,indonesia,USDC
625,0.9381380357320107,2929413687415.829,123,S0_baseline,indonesia,USDC
626,0.9396330655486476,2929413490299.899,123,S0_baseline,indonesia,USDC
627,0.9275395883143422,2929413302329.898,123,S0_baseline,indonesia,USDC
628,0.9484381743614082,2929413047729.9277,123,S0_baseline,indonesia,USDC
629,0.9481513961647721,2929412924100.916,123,S0_baseline,indonesia,USDC
630,0.9698708663849787,2929412806434.099,123,S0_baseline,indonesia,USDC
631,0.9820730336082165,2929412806198.0063,123,S0_baseline,indonesia,USDC
632,1.002611012681181,2929412806198.0063,123,S0_baseline,indonesia,USDC
633,0.9927009222905013,2929412806198.0063,123,S0_baseline,indonesia,USDC
634,1.0188197716642222,2929412806198.0063,123,S0_baseline,indonesia,USDC
635,1.0124749560863937,2929412806198.0063,123,S0_baseline,indonesia,USDC
636,1.0505399942610536,2929412806198.0063,123,S0_baseline,indonesia,USDC
637,1.0620862196967746,2929412806198.0063,123,S0_baseline,indonesia,USDC
638,1.034079017449968,2929412806198.0063,123,S0_baseline,indonesia,USDC
639,1.012337904428947,2929412806198.0063,123,S0_baseline,indonesia,USDC
640,1.0159448395530115,2929412806198.0063,123,S0_baseline,indonesia,USDC
641,1.005426718076714,2929412806198.0063,123,S0_baseline,indonesia,USDC
642,0.9984221127011175,2929412806198.0063,123,S0_baseline,indonesia,USDC
643,0.9973643367567879,2929412806198.0063,123,S0_baseline,indonesia,USDC
644,1.0190514066152718,2929412806198.0063,123,S0_baseline,indonesia,USDC
645,1.0226300160564261,2929412806198.0063,123,S0_baseline,indonesia,USDC
646,1.0133417357955992,2929412806198.0063,123,S0_baseline,indonesia,USDC
647,1.0000676582563153,2929412806198.0063,123,S0_baseline,indonesia,USDC
648,0.981621656406302,2929412806198.0063,123,S0_baseline,indonesia,USDC
649,0.9697440959475194,2929412806198.0063,123,S0_baseline,indonesia,USDC
650,0.9637642783859507,2929412806198.0063,123,S0_baseline,indonesia,USDC
651,0.9397482770973136,2929412781934.0615,123,S0_baseline,indonesia,USDC
652,0.9199247155178432,2929412633217.027,123,S0_baseline,indonesia,USDC
653,0.9364478906499097,2929412367499.2485,123,S0_baseline,indonesia,USDC
654,0.932222012240725,2929412214641.6846,123,S0_baseline,indonesia,USDC
655,0.9182134634175501,2929412047000.2144,123,S0_baseline,indonesia,USDC
656,0.9453038521601969,2929411816298.8257,123,S0_baseline,indonesia,USDC
657,0.9304481770481866,2929411714189.9346,123,S0_baseline,indonesia,USDC
658,0.9404810872374902,2929411556945.4165,123,S0_baseline,indonesia,USDC
659,0.9089485447539798,2929411437221.7275,123,S0_baseline,indonesia,USDC
660,0.9228067062930585,2929411200890.835,123,S0_baseline,indonesia,USDC
661,0.9273560541286451,2929411025073.3306,123,S0_baseline,indonesia,USDC
662,0.9446843406107239,2929410882739.523,123,S0_baseline,indonesia,USDC
663,0.9475925992169691,2929410800558.207,123,S0_baseline,indonesia,USDC
664,0.9663702337948691,2929410726960.1035,123,S0_baseline,indonesia,USDC
665,0.9389713004601223,2929410718584.531,123,S0_baseline,indonesia,USDC
666,0.9495273951235064,2929410621953.101,123,S0_baseline,indonesia,USDC
667,0.9157848752413666,2929410558486.5703,123,S0_baseline,indonesia,USDC
668,0.9070186621172749,2929410386761.8735,123,S0_baseline,indonesia,USDC
669,0.9013056598328035,2929410207675.8633,123,S0_baseline,indonesia,USDC
670,0.8882945197933257,2929410014932.7393,123,S0_baseline,indonesia,USDC
671,0.8853869893779132,2929409806758.2993,123,S0_baseline,indonesia,USDC
672,0.894888318335515,2929409618032.9746,123,S0_baseline,indonesia,USDC
673,0.9153090912461852,2929409464494.256,123,S0_baseline,indonesia,USDC
674,0.9212432060820189,2929409355827.1484,123,S0_baseline,indonesia,USDC
675,0.9246056342562216,2929409266892.2334,123,S0_baseline,indonesia,USDC
676,0.9090352940905738,2929409188171.8584,123,S0_baseline,indonesia,USDC
677,0.9126011547243895,2929409089173.7666,123,S0_baseline,indonesia,USDC
678,0.9135239443265649,2929408994309.9497,123,S0_baseline,indonesia,USDC
679,0.9224445807629515,2929408908741.382,123,S0_baseline,indonesia,USDC
680,0.9290832150511236,2929408844679.366,123,S0_baseline,indonesia,USDC
681,0.9405642570875681,2929408790670.439,123,S0_baseline,indonesia,USDC
682,0.9458151158775505,2929408751080.0244,123,S0_baseline,indonesia,USDC
683,0.9857412105841104,2929408719539.0,123,S0_baseline,indonesia,USDC
684,1.0069641610718378,2929408719539.0,123,S0_baseline,indonesia,USDC
685,1.035355481992616,2929408719539.0,123,S0_baseline,indonesia,USDC
686,1.0675485870093755,2929408719539.0,123,S0_baseline,indonesia,USDC
687,1.0616614339403851,2929408719539.0,123,S0_baseline,indonesia,USDC
688,1.0739823756801092,2929408719539.0,123,S0_baseline,indonesia,USDC
689,1.0719444993904106,2929408719539.0,123,S0_baseline,indonesia,USDC
690,1.1021369515912451,2929408719539.0,123,S0_baseline,indonesia,USDC
691,1.1023603103665374,2929408719539.0,123,S0_baseline,indonesia,USDC
692,1.092664262049533,2929408719539.0,123,S0_baseline,indonesia,USDC
693,1.107206926671227,2929408719539.0,123,S0_baseline,indonesia,USDC
694,1.1301661074710878,2929408719539.0,123,S0_baseline,indonesia,USDC
695,1.1068190708020507,2929408719539.0,123,S0_baseline,indonesia,USDC
696,1.0984394376645208,2929408719539.0,123,S0_baseline,indonesia,USDC
697,1.0600602314696292,2929408719539.0,123,S0_baseline,indonesia,USDC
698,1.0439386420405128,2929408719539.0,123,S0_baseline,indonesia,USDC
699,1.0338119004353248,2929408719539.0,123,S0_baseline,indonesia,USDC
700,1.0003027830380868,2929408719539.0,123,S0_baseline,indonesia,USDC
701,0.9816432841001611,2929408719539.0,123,S0_baseline,indonesia,USDC
702,0.9926967407214181,2929408719539.0,123,S0_baseline,indonesia,USDC
703,1.0182492361722166,2929408719539.0,123,S0_baseline,indonesia,USDC
704,1.038270064936686,2929408719539.0,123,S0_baseline,indonesia,USDC
705,1.0182473541605386,2929408719539.0,123,S0_baseline,indonesia,USDC
706,1.0141634483943676,2929408719539.0,123,S0_baseline,indonesia,USDC
707,1.0377548862414518,2929408719539.0,123,S0_baseline,indonesia,USDC
708,1.0012952789228158,2929408719539.0,123,S0_baseline,indonesia,USDC
709,1.0062964657537827,2929408719539.0,123,S0_baseline,indonesia,USDC
710,1.039868389081617,2929408719539.0,123,S0_baseline,indonesia,USDC
711,1.0468321293227825,2929408719539.0,123,S0_baseline,indonesia,USDC
712,1.089608669217171,2929408719539.0,123,S0_baseline,indonesia,USDC
713,1.0588065161842155,2929408719539.0,123,S0_baseline,indonesia,USDC
714,1.0271026007405064,2929408719539.0,123,S0_baseline,indonesia,USDC
715,0.989765807806673,2929408719539.0,123,S0_baseline,indonesia,USDC
716,1.021298583618683,2929408719539.0,123,S0_baseline,indonesia,USDC
717,1.0614835118703205,2929408719539.0,123,S0_baseline,indonesia,USDC
718,1.027772893486421,2929408719539.0,123,S0_baseline,indonesia,USDC
719,1.0208157529577475,2929408719539.0,123,S0_baseline,indonesia,USDC
720,0.9880549802868503,2929408719539.0,123,S0_baseline,indonesia,USDC
721,0.9767096294071641,2929408719539.0,123,S0_baseline,indonesia,USDC
722,0.9752794837829959,2929408719539.0,123,S0_baseline,indonesia,USDC
723,0.9475780624394841,2929408719539.0,123,S0_baseline,indonesia,USDC
724,0.931365995589043,2929408693244.7163,123,S0_baseline,indonesia,USDC
725,0.9392966770250651,2929408649434.0864,123,S0_baseline,indonesia,USDC
726,0.917145113973313,2929408612609.3467,123,S0_baseline,indonesia,USDC
727,0.9140584029847802,2929408551223.182,123,S0_baseline,indonesia,USDC
728,0.9089716810271234,2929408492932.632,123,S0_baseline,indonesia,USDC
729,0.935529874937321,2929408429583.321,123,S0_baseline,indonesia,USDC
730,0.9334908680623135,2929408396053.4434,123,S0_baseline,indonesia,USDC
731,0.9443053296068221,2929408361802.184,123,S0_baseline,indonesia,USDC
732,0.9674868205685268,2929408339439.1406,123,S0_baseline,indonesia,USDC
733,0.9275046753626681,2929408337228.0684,123,S0_baseline,indonesia,USDC
734,0.9340351396025505,2929408300996.75,123,S0_baseline,indonesia,USDC
735,0.9438909204911577,2929408270780.536,123,S0_baseline,indonesia,USDC
736,0.93564626797314,2929408249658.066,123,S0_baseline,indonesia,USDC
737,0.9232884427250777,2929408223456.431,123,S0_baseline,indonesia,USDC
738,0.9357154963344948,2929408187945.33,123,S0_baseline,indonesia,USDC
739,0.9462176859329346,2929408163136.669,123,S0_baseline,indonesia,USDC
740,0.9569679336359015,2929408148412.8667,123,S0_baseline,indonesia,USDC
741,0.9540588382149066,2929408140493.137,123,S0_baseline,indonesia,USDC
742,1.0055582504418874,2929408130771.544,123,S0_baseline,indonesia,USDC
743,0.9962671367376038,2929408130771.544,123,S0_baseline,indonesia,USDC
744,0.9763462355661148,2929408130771.544,123,S0_baseline,indonesia,USDC
745,0.9665526315124872,2929408130771.544,123,S0_baseline,indonesia,USDC
746,0.9706947659892311,2929408128480.183,123,S0_baseline,indonesia,USDC
747,0.9808409533095102,2929408128480.183,123,S0_baseline,indonesia,USDC
748,0.949921005463294,2929408128480.183,123,S0_baseline,indonesia,USDC
749,0.9578604066160569,2929408116288.8076,123,S0_baseline,indonesia,USDC
750,0.9714185398792617,2929408108858.7183,123,S0_baseline,indonesia,USDC
751,0.9964266031829464,2929408108858.7183,123,S0_baseline,indonesia,USDC
752,1.005493089325432,2929408108858.7183,123,S0_baseline,indonesia,USDC
753,1.019048781365449,2929408108858.7183,123,S0_baseline,indonesia,USDC
754,0.9956074324796602,2929408108858.7183,123,S0_baseline,indonesia,USDC
755,0.9893886964225785,2929408108858.7183,123,S0_baseline,indonesia,USDC
756,1.0013245408718496,2929408108858.7183,123,S0_baseline,indonesia,USDC
757,1.00381334536776,2929408108858.7183,123,S0_baseline,indonesia,USDC
758,1.0196925332564417,2929408108858.7183,123,S0_baseline,indonesia,USDC
759,1.0226037269765975,2929408108858.7183,123,S0_baseline,indonesia,USDC
760,1.001746180816803,2929408108858.7183,123,S0_baseline,indonesia,USDC
761,1.021232874026141,2929408108858.7183,123,S0_baseline,indonesia,USDC
762,1.0091569269137677,2929408108858.7183,123,S0_baseline,indonesia,USDC
763,1.0082885911782395,2929408108858.7183,123,S0_baseline,indonesia,USDC
764,1.004511769392451,2929408108858.7183,123,S0_baseline,indonesia,USDC
765,1.0365541167958112,2929408108858.7183,123,S0_baseline,indonesia,USDC
766,1.0333696624774418,2929408108858.7183,123,S0_baseline,indonesia,USDC
767,1.0128830307204555,2929408108858.7183,123,S0_baseline,indonesia,USDC
768,0.9912608304387537,2929408108858.7183,123,S0_baseline,indonesia,USDC
769,1.0205709343869616,2929408108858.7183,123,S0_baseline,indonesia,USDC
770,1.027686412113975,2929408108858.7183,123,S0_baseline,indonesia,USDC
771,1.0498003429085399,2929408108858.7183,123,S0_baseline,indonesia,USDC
772,1.0202729269828588,2929408108858.7183,123,S0_baseline,indonesia,USDC
773,1.013775833433074,2929408108858.7183,123,S0_baseline,indonesia,USDC
774,1.012718234192377,2929408108858.7183,123,S0_baseline,indonesia,USDC
775,1.010474978856277,2929408108858.7183,123,S0_baseline,indonesia,USDC
776,1.0105754715090245,2929408108858.7183,123,S0_baseline,indonesia,USDC
777,1.005760590473666,2929408108858.7183,123,S0_baseline,indonesia,USDC
778,0.9616197505795556,2929408108858.7183,123,S0_baseline,indonesia,USDC
779,0.9372707633138365,2929408103477.9365,123,S0_baseline,indonesia,USDC
780,0.9342999155887837,2929408082644.7397,123,S0_baseline,indonesia,USDC
781,0.9502460388110765,2929408062707.709,123,S0_baseline,indonesia,USDC
782,0.9361445725321323,2929408050963.968,123,S0_baseline,indonesia,USDC
783,0.9433802088110835,2929408033106.2334,123,S0_baseline,indonesia,USDC
784,0.9354433170067787,2929408019689.74,123,S0_baseline,indonesia,USDC
785,0.9580552822930154,2929408000678.3076,123,S0_baseline,indonesia,USDC
786,0.9385596072431023,2929407994712.3535,123,S0_baseline,indonesia,USDC
787,0.9501470519929285,2929407978224.9404,123,S0_baseline,indonesia,USDC
788,0.9715416701122478,2929407969416.2393,123,S0_baseline,indonesia,USDC
789,0.9611130022929519,2929407969416.2393,123,S0_baseline,indonesia,USDC
790,0.944008120558384,2929407964987.6367,123,S0_baseline,indonesia,USDC
791,0.9631115395599757,2929407953536.2554,123,S0_baseline,indonesia,USDC
792,0.9736843228522967,2929407950513.4434,123,S0_baseline,indonesia,USDC
793,1.003470409504296,2929407950513.4434,123,S0_baseline,indonesia,USDC
794,0.989291312582019,2929407950513.4434,123,S0_baseline,indonesia,USDC
795,0.9875146758450671,2929407950513.4434,123,S0_baseline,indonesia,USDC
796,1.0137799623163517,2929407950513.4434,123,S0_baseline,indonesia,USDC
797,1.0152423367609866,2929407950513.4434,123,S0_baseline,indonesia,USDC
798,1.0205016578652375,2929407950513.4434,123,S0_baseline,indonesia,USDC
799,1.0436204775114413,2929407950513.4434,123,S0_baseline,indonesia,USDC
800,1.0281580701878945,2929407950513.4434,123,S0_baseline,indonesia,USDC
801,0.8645279089508668,2929407950513.4434,123,S0_baseline,indonesia,USDC
802,0.8653440120655582,2929407901083.634,123,S0_baseline,indonesia,USDC
803,0.8960567583946591,2929407859184.476,123,S0_baseline,indonesia,USDC
804,0.9089723693639722,2929407832739.043,123,S0_baseline,indonesia,USDC
805,0.9360563703345276,2929407811468.8374,123,S0_baseline,indonesia,USDC
806,0.8105559193860259,2929407800797.208,123,S0_baseline,indonesia,USDC
807,0.8285335810150255,2929407751107.496,123,S0_baseline,indonesia,USDC
808,0.8356631696925247,2929407712449.9272,123,S0_baseline,indonesia,USDC
809,0.8327750132744813,2929407683012.254,123,S0_baseline,indonesia,USDC
810,0.8477110999560414,2929407655147.0825,123,S0_baseline,indonesia,USDC
811,0.8640957476356765,2929407633827.8525,123,S0_baseline,indonesia,USDC
812,0.8915918253608341,2929407618379.9746,123,S0_baseline,indonesia,USDC
813,0.9031381336569125,2929407608176.7593,123,S0_baseline,indonesia,USDC
814,0.9292426999344199,2929407600367.8555,123,S0_baseline,indonesia,USDC
815,0.9552081872609303,2929407595981.1157,123,S0_baseline,indonesia,USDC
816,0.9340419272785158,2929407594304.625,123,S0_baseline,indonesia,USDC
817,0.937135551054202,2929407590414.402,123,S0_baseline,indonesia,USDC
818,0.9781311621674851,2929407587216.391,123,S0_baseline,indonesia,USDC
819,0.9682289431908405,2929407587216.391,123,S0_baseline,indonesia,USDC
820,0.9638742556243248,2929407587197.3555,123,S0_baseline,indonesia,USDC
821,0.9683677908406466,2929407586621.5776,123,S0_baseline,indonesia,USDC
822,0.9510854602612617,2929407586506.446,123,S0_baseline,indonesia,USDC
823,0.9599749117457965,2929407584632.2705,123,S0_baseline,indonesia,USDC
824,0.9697227155839804,2929407583681.5625,123,S0_baseline,indonesia,USDC
825,0.9569683637449485,2929407583681.5625,123,S0_baseline,indonesia,USDC
826,0.9501315497055608,2929407582369.8086,123,S0_baseline,indonesia,USDC
827,0.9815266242982545,2929407580396.7363,123,S0_baseline,indonesia,USDC
828,1.004858653744168,2929407580396.7363,123,S0_baseline,indonesia,USDC
829,1.0267368479322327,2929407580396.7363,123,S0_baseline,indonesia,USDC
830,0.9955842606365698,2929407580396.7363,123,S0_baseline,indonesia,USDC
831,0.9832338037568112,2929407580396.7363,123,S0_baseline,indonesia,USDC
832,0.9725772116978174,2929407580396.7363,123,S0_baseline,indonesia,USDC
833,0.9584408748802131,2929407580396.7363,123,S0_baseline,indonesia,USDC
834,0.9670218143537548,2929407579339.9136,123,S0_baseline,indonesia,USDC
835,0.967747265932592,2929407579053.4624,123,S0_baseline,indonesia,USDC
836,0.9377025893590982,2929407578837.452,123,S0_baseline,indonesia,USDC
837,0.9390614821602017,2929407575847.741,123,S0_baseline,indonesia,USDC
838,0.8963439222872704,2929407573078.2617,123,S0_baseline,indonesia,USDC
839,0.9075638191160059,2929407566934.297,123,S0_baseline,indonesia,USDC
840,0.9063682552416752,2929407562112.9287,123,S0_baseline,indonesia,USDC
841,0.9100885612545798,2929407557245.3394,123,S0_baseline,indonesia,USDC
842,0.9093230843583044,2929407553177.52,123,S0_baseline,indonesia,USDC
843,0.9060747143873775,2929407548977.968,123,S0_baseline,indonesia,USDC
844,0.910693257183394,2929407544932.476,123,S0_baseline,indonesia,USDC
845,0.9186534906867095,2929407541331.866,123,S0_baseline,indonesia,USDC
846,0.953780475329739,2929407538558.9976,123,S0_baseline,indonesia,USDC
847,0.951690411251482,2929407537805.9746,123,S0_baseline,indonesia,USDC
848,0.9256252685970636,2929407536872.2607,123,S0_baseline,indonesia,USDC
849,0.9322183745953858,2929407534546.9297,123,S0_baseline,indonesia,USDC
850,0.9286333560213137,2929407532770.354,123,S0_baseline,indonesia,USDC
851,0.9370191712834792,2929407530949.4814,123,S0_baseline,indonesia,USDC
852,1.0011331373828782,2929407529471.3223,123,S0_baseline,indonesia,USDC
853,0.9928423476951092,2929407529471.3223,123,S0_baseline,indonesia,USDC
854,1.0221478181702897,2929407529471.3223,123,S0_baseline,indonesia,USDC
855,1.030342597514984,2929407529471.3223,123,S0_baseline,indonesia,USDC
856,1.0114341006715477,2929407529471.3223,123,S0_baseline,indonesia,USDC
857,1.0064469875077684,2929407529471.3223,123,S0_baseline,indonesia,USDC
858,1.0162396424453297,2929407529471.3223,123,S0_baseline,indonesia,USDC
859,1.0174213043869351,2929407529471.3223,123,S0_baseline,indonesia,USDC
860,1.0000154361438536,2929407529471.3223,123,S0_baseline,indonesia,USDC
861,0.9788743844061524,2929407529471.3223,123,S0_baseline,indonesia,USDC
862,0.9708159780616449,2929407529471.3223,123,S0_baseline,indonesia,USDC
863,0.9571433491395358,2929407529471.3223,123,S0_baseline,indonesia,USDC
864,0.946765295578374,2929407528991.64,123,S0_baseline,indonesia,USDC
865,0.9279684943180935,2929407527962.8584,123,S0_baseline,indonesia,USDC
866,0.9241580847653703,2929407526198.5146,123,S0_baseline,indonesia,USDC
867,0.9309496194577755,2929407524353.461,123,S0_baseline,indonesia,USDC
868,0.8897250985528777,2929407522947.4814,123,S0_baseline,indonesia,USDC
869,0.9044580513443642,2929407519893.286,123,S0_baseline,indonesia,USDC
870,0.9381113582580333,2929407517772.7114,123,S0_baseline,indonesia,USDC
871,0.9410258870875827,2929407516830.7983,123,S0_baseline,indonesia,USDC
872,0.9502908115116493,2929407516004.73,123,S0_baseline,indonesia,USDC
873,0.9463118144297988,2929407515446.8477,123,S0_baseline,indonesia,USDC
874,0.9464367565047677,2929407514810.1377,123,S0_baseline,indonesia,USDC
875,0.9421462689775946,2929407514111.3057,123,S0_baseline,indonesia,USDC
876,0.9581340767229548,2929407513389.002,123,S0_baseline,indonesia,USDC
877,0.9513707233870542,2929407513074.328,123,S0_baseline,indonesia,USDC
878,0.93894693304062,2929407512577.9263,123,S0_baseline,indonesia,USDC
879,0.9163907273836641,2929407511728.425,123,S0_baseline,indonesia,USDC
880,0.9324552478472083,2929407510419.517,123,S0_baseline,indonesia,USDC
881,0.9381232267756046,2929407509560.8438,123,S0_baseline,indonesia,USDC
882,0.9191425078234904,2929407508787.9575,123,S0_baseline,indonesia,USDC
883,0.9256728068764011,2929407507690.1895,123,S0_baseline,indonesia,USDC
884,0.9626138780272961,2929407506783.856,123,S0_baseline,indonesia,USDC
885,0.9741999404870695,2929407506625.9175,123,S0_baseline,indonesia,USDC
886,0.9792507430608763,2929407506625.9175,123,S0_baseline,indonesia,USDC
887,0.9679139718608432,2929407506625.9175,123,S0_baseline,indonesia,USDC
888,0.9932169318477925,2929407506593.113,123,S0_baseline,indonesia,USDC
889,1.0342296834002136,2929407506593.113,123,S0_baseline,indonesia,USDC
890,1.051412463134939,2929407506593.113,123,S0_baseline,indonesia,USDC
891,1.0525867027994331,2929407506593.113,123,S0_baseline,indonesia,USDC
892,0.9976925039783776,2929407506593.113,123,S0_baseline,indonesia,USDC
893,1.0181574940187605,2929407506593.113,123,S0_baseline,indonesia,USDC
894,1.0185294870705732,2929407506593.113,123,S0_baseline,indonesia,USDC
895,1.0287023886845656,2929407506593.113,123,S0_baseline,indonesia,USDC
896,1.0115215093297063,2929407506593.113,123,S0_baseline,indonesia,USDC
897,0.9874655954655625,2929407506593.113,123,S0_baseline,indonesia,USDC
898,0.9856035108485621,2929407506593.113,123,S0_baseline,indonesia,USDC
899,0.9946626307368361,2929407506593.113,123,S0_baseline,indonesia,USDC
900,0.9865831441470765,2929407506593.113,123,S0_baseline,indonesia,USDC
901,0.9871523999817589,2929407506593.113,123,S0_baseline,indonesia,USDC
902,0.9539930722528395,2929407506593.113,123,S0_baseline,indonesia,USDC
903,0.9568754240921495,2929407506253.9814,123,S0_baseline,indonesia,USDC
904,0.9634336906106222,2929407506010.759,123,S0_baseline,indonesia,USDC
905,1.0187419391820234,2929407505913.2217,123,S0_baseline,indonesia,USDC
906,1.0065451253211317,2929407505913.2217,123,S0_baseline,indonesia,USDC
907,0.9644019728289479,2929407505913.2217,123,S0_baseline,indonesia,USDC
908,0.9556160570226503,2929407505835.005,123,S0_baseline,indonesia,USDC
909,0.9455939508097462,2929407505556.741,123,S0_baseline,indonesia,USDC
910,0.9650285518276059,2929407505083.573,123,S0_baseline,indonesia,USDC
911,0.9747874561585662,2929407505020.307,123,S0_baseline,indonesia,USDC
912,0.9572999282163653,2929407505020.307,123,S0_baseline,indonesia,USDC
913,0.9765265042038285,2929407504813.6006,123,S0_baseline,indonesia,USDC
914,1.0130798572291175,2929407504813.6006,123,S0_baseline,indonesia,USDC
915,0.9960087273888619,2929407504813.6006,123,S0_baseline,indonesia,USDC
916,1.0208675537092355,2929407504813.6006,123,S0_baseline,indonesia,USDC
917,1.017143069144013,2929407504813.6006,123,S0_baseline,indonesia,USDC
918,1.0172692438951823,2929407504813.6006,123,S0_baseline,indonesia,USDC
919,1.0193448346103873,2929407504813.6006,123,S0_baseline,indonesia,USDC
920,1.0441800537774102,2929407504813.6006,123,S0_baseline,indonesia,USDC
921,1.0373267874387702,2929407504813.6006,123,S0_baseline,indonesia,USDC
922,1.0197409908602317,2929407504813.6006,123,S0_baseline,indonesia,USDC
923,1.018082226629553,2929407504813.6006,123,S0_baseline,indonesia,USDC
924,1.0226137662469719,2929407504813.6006,123,S0_baseline,indonesia,USDC
925,1.0324526469171504,2929407504813.6006,123,S0_baseline,indonesia,USDC
926,1.0059721394271253,2929407504813.6006,123,S0_baseline,indonesia,USDC
927,0.9909967677937717,2929407504813.6006,123,S0_baseline,indonesia,USDC
928,1.0087930915431766,2929407504813.6006,123,S0_baseline,indonesia,USDC
929,1.0351805118112305,2929407504813.6006,123,S0_baseline,indonesia,USDC
930,1.0106003557373426,2929407504813.6006,123,S0_baseline,indonesia,USDC
931,1.028214175064471,2929407504813.6006,123,S0_baseline,indonesia,USDC
932,1.0205890343007404,2929407504813.6006,123,S0_baseline,indonesia,USDC
933,1.0565086349064148,2929407504813.6006,123,S0_baseline,indonesia,USDC
934,1.0365858654154074,2929407504813.6006,123,S0_baseline,indonesia,USDC
935,1.0690014819979299,2929407504813.6006,123,S0_baseline,indonesia,USDC
936,1.065126081133334,2929407504813.6006,123,S0_baseline,indonesia,USDC
937,1.0619073449158376,2929407504813.6006,123,S0_baseline,indonesia,USDC
938,1.0377054674089479,2929407504813.6006,123,S0_baseline,indonesia,USDC
939,1.036167352494475,2929407504813.6006,123,S0_baseline,indonesia,USDC
940,1.0251174968248082,2929407504813.6006,123,S0_baseline,indonesia,USDC
941,1.0196067526251964,2929407504813.6006,123,S0_baseline,indonesia,USDC
942,1.007732607856073,2929407504813.6006,123,S0_baseline,indonesia,USDC
943,1.0102258944288913,2929407504813.6006,123,S0_baseline,indonesia,USDC
944,1.0029781853797777,2929407504813.6006,123,S0_baseline,indonesia,USDC
945,0.9827154750419345,2929407504813.6006,123,S0_baseline,indonesia,USDC
946,0.9640994197883755,2929407504813.6006,123,S0_baseline,indonesia,USDC
947,0.9584313468687558,2929407504734.1504,123,S0_baseline,indonesia,USDC
948,0.9464236995744268,2929407504511.221,123,S0_baseline,indonesia,USDC
949,0.9846427745686792,2929407504078.9775,123,S0_baseline,indonesia,USDC
950,0.9940798201631492,2929407504078.9775,123,S0_baseline,indonesia,USDC
951,1.0067022023049819,2929407504078.9775,123,S0_baseline,indonesia,USDC
952,1.0009635498147917,2929407504078.9775,123,S0_baseline,indonesia,USDC
953,0.9870016421476451,2929407504078.9775,123,S0_baseline,indonesia,USDC
954,1.007408975692479,2929407504078.9775,123,S0_baseline,indonesia,USDC
955,1.026532145466656,2929407504078.9775,123,S0_baseline,indonesia,USDC
956,1.0082001122574673,2929407504078.9775,123,S0_baseline,indonesia,USDC
957,0.99444499030508,2929407504078.9775,123,S0_baseline,indonesia,USDC
958,0.9824084556643187,2929407504078.9775,123,S0_baseline,indonesia,USDC
959,0.9935550068067915,2929407504078.9775,123,S0_baseline,indonesia,USDC
960,1.0218758697549115,2929407504078.9775,123,S0_baseline,indonesia,USDC
961,0.9978574662157038,2929407504078.9775,123,S0_baseline,indonesia,USDC
962,1.0063428214972785,2929407504078.9775,123,S0_baseline,indonesia,USDC
963,0.9972317235906629,2929407504078.9775,123,S0_baseline,indonesia,USDC
964,0.9794887311562464,2929407504078.9775,123,S0_baseline,indonesia,USDC
965,0.9950755543369776,2929407504078.9775,123,S0_baseline,indonesia,USDC
966,1.0128483563783728,2929407504078.9775,123,S0_baseline,indonesia,USDC
967,1.018693809131371,2929407504078.9775,123,S0_baseline,indonesia,USDC
968,1.011285845035186,2929407504078.9775,123,S0_baseline,indonesia,USDC
969,1.0002489823689587,2929407504078.9775,123,S0_baseline,indonesia,USDC
970,0.9877349689505842,2929407504078.9775,123,S0_baseline,indonesia,USDC
971,0.9767882212834431,2929407504078.9775,123,S0_baseline,indonesia,USDC
972,0.9763135218018082,2929407504078.9775,123,S0_baseline,indonesia,USDC
973,0.9725948724882797,2929407504078.9775,123,S0_baseline,indonesia,USDC
974,0.9769876971137208,2929407504078.9775,123,S0_baseline,indonesia,USDC
975,0.9666294957985256,2929407504078.9775,123,S0_baseline,indonesia,USDC
976,0.9660357042581977,2929407504037.1797,123,S0_baseline,indonesia,USDC
977,0.9783556792290989,2929407503974.24,123,S0_baseline,indonesia,USDC
978,1.0104633334518776,2929407503974.24,123,S0_baseline,indonesia,USDC
979,0.9977701984720564,2929407503974.24,123,S0_baseline,indonesia,USDC
980,0.9749081666601517,2929407503974.24,123,S0_baseline,indonesia,USDC
981,0.9658123418608592,2929407503974.24,123,S0_baseline,indonesia,USDC
982,0.9950796241583613,2929407503896.824,123,S0_baseline,indonesia,USDC
983,0.9858756251924682,2929407503896.824,123,S0_baseline,indonesia,USDC
984,0.9914268991928523,2929407503896.824,123,S0_baseline,indonesia,USDC
985,1.024574973828001,2929407503896.824,123,S0_baseline,indonesia,USDC
986,1.0174980627364307,2929407503896.824,123,S0_baseline,indonesia,USDC
987,1.0518451343649942,2929407503896.824,123,S0_baseline,indonesia,USDC
988,1.0286349380530093,2929407503896.824,123,S0_baseline,indonesia,USDC
989,1.027084597648586,2929407503896.824,123,S0_baseline,indonesia,USDC
990,1.0336077309133083,2929407503896.824,123,S0_baseline,indonesia,USDC
991,1.0576748969900196,2929407503896.824,123,S0_baseline,indonesia,USDC
992,1.0585422928667643,2929407503896.824,123,S0_baseline,indonesia,USDC
993,1.0514259094126432,2929407503896.824,123,S0_baseline,indonesia,USDC
994,1.0229855933914422,2929407503896.824,123,S0_baseline,indonesia,USDC
995,1.0172445199113358,2929407503896.824,123,S0_baseline,indonesia,USDC
996,1.0098611464608254,2929407503896.824,123,S0_baseline,indonesia,USDC
997,1.029833704877179,2929407503896.824,123,S0_baseline,indonesia,USDC
998,1.002922781112204,2929407503896.824,123,S0_baseline,indonesia,USDC
999,1.020755436876844,2929407503896.824,123,S0_baseline,indonesia,USDC
1000,1.0080323942605423,2929407503896.824,123,S0_baseline,indonesia,USDC
