Step,price,liquidity,iteration,scenario,region,coin
1,0.9810315215349915,2989546968530.5796,353,S0_baseline,indonesia,USDC
2,0.9678000783913246,2989546968530.5796,353,S0_baseline,indonesia,USDC
3,0.9620177775539154,2989435787751.9053,353,S0_baseline,indonesia,USDC
4,0.9799463606389238,2988962813765.272,353,S0_baseline,indonesia,USDC
5,0.9841728928322777,2988962813765.272,353,S0_baseline,indonesia,USDC
6,0.9583822070218456,2988962813765.272,353,S0_baseline,indonesia,USDC
7,0.9557332861750931,2988273177609.077,353,S0_baseline,indonesia,USDC
8,0.9580823775865854,2987409435321.5054,353,S0_baseline,indonesia,USDC
9,0.9653570386509845,2986698524980.1416,353,S0_baseline,indonesia,USDC
10,0.9592866372162299,2986424965735.161,353,S0_baseline,indonesia,USDC
11,0.9642226816198556,2985830249675.089,353,S0_baseline,indonesia,USDC
12,0.971207239819177,2985524736553.92,353,S0_baseline,indonesia,USDC
13,0.9550514880694221,2985524736553.92,353,S0_baseline,indonesia,USDC
14,0.9682720985586256,2984662072292.947,353,S0_baseline,indonesia,USDC
15,0.9786256763537405,2984581791768.4565,353,S0_baseline,indonesia,USDC
16,0.9846723661345742,2984581791768.4565,353,S0_baseline,indonesia,USDC
17,1.013668041207686,2984581791768.4565,353,S0_baseline,indonesia,USDC
18,1.0089426330477282,2984581791768.4565,353,S0_baseline,indonesia,USDC
19,0.9941005364877343,2984581791768.4565,353,S0_baseline,indonesia,USDC
20,1.0042219109621136,2984581791768.4565,353,S0_baseline,indonesia,USDC
21,1.0201996061096839,2984581791768.4565,353,S0_baseline,indonesia,USDC
22,1.0072106912100725,2984581791768.4565,353,S0_baseline,indonesia,USDC
23,1.0105503347750013,2984581791768.4565,353,S0_baseline,indonesia,USDC
24,1.0034643133060956,2984581791768.4565,353,S0_baseline,indonesia,USDC
25,1.0008892945496006,2984581791768.4565,353,S0_baseline,indonesia,USDC
26,0.9992484904087675,2984581791768.4565,353,S0_baseline,indonesia,USDC
27,0.9740473586047825,2984581791768.4565,353,S0_baseline,indonesia,USDC
28,0.9528135686161638,2984581791768.4565,353,S0_baseline,indonesia,USDC
29,0.9414527900515779,2983633692614.56,353,S0_baseline,indonesia,USDC
30,0.9483593070902471,2982041914194.0986,353,S0_baseline,indonesia,USDC
31,0.9626887506925141,2980900461153.137,353,S0_baseline,indonesia,USDC
32,0.9966470780122855,2980524147095.7705,353,S0_baseline,indonesia,USDC
33,1.052580832157908,2980524147095.7705,353,S0_baseline,indonesia,USDC
34,1.0575579998891518,2980524147095.7705,353,S0_baseline,indonesia,USDC
35,1.0417767456475635,2980524147095.7705,353,S0_baseline,indonesia,USDC
36,1.0491469184502347,2980524147095.7705,353,S0_baseline,indonesia,USDC
37,1.0688250261220118,2980524147095.7705,353,S0_baseline,indonesia,USDC
38,1.0596486128686256,2980524147095.7705,353,S0_baseline,indonesia,USDC
39,1.0489876640062814,2980524147095.7705,353,S0_baseline,indonesia,USDC
40,1.0449878007448532,2980524147095.7705,353,S0_baseline,indonesia,USDC
41,1.083785206130246,2980524147095.7705,353,S0_baseline,indonesia,USDC
42,1.0810628543150813,2980524147095.7705,353,S0_baseline,indonesia,USDC
43,1.0768545870153376,2980524147095.7705,353,S0_baseline,indonesia,USDC
44,0.914429980855282,2980524147095.7705,353,S0_baseline,indonesia,USDC
45,0.935094627612795,2977673010656.1294,353,S0_baseline,indonesia,USDC
46,0.9429116498475173,2975941198880.96,353,S0_baseline,indonesia,USDC
47,0.9507224869001237,2974645587379.118,353,S0_baseline,indonesia,USDC
48,0.9297450301326681,2973788378662.4893,353,S0_baseline,indonesia,USDC
49,0.9630532537372488,2972036388801.7886,353,S0_baseline,indonesia,USDC
50,0.9260304290855003,2971746747935.7744,353,S0_baseline,indonesia,USDC
51,0.9537571171687822,2969922820350.019,353,S0_baseline,indonesia,USDC
52,0.9300883101528282,2969246717019.799,353,S0_baseline,indonesia,USDC
53,0.947024933719,2967641199229.509,353,S0_baseline,indonesia,USDC
54,0.948403993801267,2966738913172.569,353,S0_baseline,indonesia,USDC
55,0.9599587643522915,2965910874546.763,353,S0_baseline,indonesia,USDC
56,0.9410116179066493,2965582424435.215,353,S0_baseline,indonesia,USDC
57,0.9465753348333472,2964529355219.9053,353,S0_baseline,indonesia,USDC
58,0.9760036659004637,2963749233071.002,353,S0_baseline,indonesia,USDC
59,0.9585077607970636,2963749233071.002,353,S0_baseline,indonesia,USDC
60,0.9673225684274922,2963360780819.1323,353,S0_baseline,indonesia,USDC
61,0.9440803360667542,2963267446624.6904,353,S0_baseline,indonesia,USDC
62,0.9303250000724586,2962389524135.3643,353,S0_baseline,indonesia,USDC
63,0.9209005322256997,2961103953773.7417,353,S0_baseline,indonesia,USDC
64,0.9312812121037874,2959506602041.782,353,S0_baseline,indonesia,USDC
65,0.9325151700894598,2958366644592.5464,353,S0_baseline,indonesia,USDC
66,0.927393908742056,2957307626630.2075,353,S0_baseline,indonesia,USDC
67,0.9412778960496065,2956117601001.1704,353,S0_baseline,indonesia,USDC
68,0.9402886227680513,2955401302855.2314,353,S0_baseline,indonesia,USDC
69,0.93232505973551,2954657134235.2124,353,S0_baseline,indonesia,USDC
70,0.9578096733325073,2953709023561.436,353,S0_baseline,indonesia,USDC
71,0.9696152563039718,2953439006766.2363,353,S0_baseline,indonesia,USDC
72,0.9492742668412443,2953439006766.2363,353,S0_baseline,indonesia,USDC
73,0.9734783499785178,2952928511911.504,353,S0_baseline,indonesia,USDC
74,1.0094329515532747,2952928511911.504,353,S0_baseline,indonesia,USDC
75,0.9974838220418442,2952928511911.504,353,S0_baseline,indonesia,USDC
76,1.0090990377826652,2952928511911.504,353,S0_baseline,indonesia,USDC
77,1.0069997939824402,2952928511911.504,353,S0_baseline,indonesia,USDC
78,1.0319752595658918,2952928511911.504,353,S0_baseline,indonesia,USDC
79,1.0442904489690625,2952928511911.504,353,S0_baseline,indonesia,USDC
80,1.007715089562142,2952928511911.504,353,S0_baseline,indonesia,USDC
81,1.0089337022762268,2952928511911.504,353,S0_baseline,indonesia,USDC
82,1.0169819697989257,2952928511911.504,353,S0_baseline,indonesia,USDC
83,1.0237250403890004,2952928511911.504,353,S0_baseline,indonesia,USDC
84,1.0307037563089863,2952928511911.504,353,S0_baseline,indonesia,USDC
85,1.0265248143697745,2952928511911.504,353,S0_baseline,indonesia,USDC
86,1.0631187251181504,2952928511911.504,353,S0_baseline,indonesia,USDC
87,1.0439639238054828,2952928511911.504,353,S0_baseline,indonesia,USDC
88,1.0401061853569513,2952928511911.504,353,S0_baseline,indonesia,USDC
89,1.064570355849589,2952928511911.504,353,S0_baseline,indonesia,USDC
90,1.0528043366490918,2952928511911.504,353,S0_baseline,indonesia,USDC
91,1.050052059239748,2952928511911.504,353,S0_baseline,indonesia,USDC
92,1.028707221249844,2952928511911.504,353,S0_baseline,indonesia,USDC
93,1.010894063089957,2952928511911.504,353,S0_baseline,indonesia,USDC
94,1.0200117182419617,2952928511911.504,353,S0_baseline,indonesia,USDC
95,0.997547785343646,2952928511911.504,353,S0_baseline,indonesia,USDC
96,0.9879353202585633,2952928511911.504,353,S0_baseline,indonesia,USDC
97,0.9959160807894301,2952928511911.504,353,S0_baseline,indonesia,USDC
98,1.0081764569560299,2952928511911.504,353,S0_baseline,indonesia,USDC
99,0.9281813128158828,2952928511911.504,353,S0_baseline,indonesia,USDC
100,0.9398049617706544,2951949303475.15,353,S0_baseline,indonesia,USDC
101,0.9236418760197919,2951298397748.3066,353,S0_baseline,indonesia,USDC
102,0.9348146263042576,2950315799802.168,353,S0_baseline,indonesia,USDC
103,0.9487064035255179,2949608919730.1387,353,S0_baseline,indonesia,USDC
104,0.9522982864328695,2949221560336.46,353,S0_baseline,indonesia,USDC
105,0.9691415812178259,2948862514987.287,353,S0_baseline,indonesia,USDC
106,0.9595919517573783,2948856842837.6436,353,S0_baseline,indonesia,USDC
107,0.9889314592923873,2948662987258.4023,353,S0_baseline,indonesia,USDC
108,0.970935816770726,2948662987258.4023,353,S0_baseline,indonesia,USDC
109,0.9390770060483469,2948662987258.4023,353,S0_baseline,indonesia,USDC
110,0.9574227966594082,2948073682308.8687,353,S0_baseline,indonesia,USDC
111,0.9624712717087562,2947874122037.287,353,S0_baseline,indonesia,USDC
112,0.9919972827968949,2947743771788.0605,353,S0_baseline,indonesia,USDC
113,0.9947284012952883,2947743771788.0605,353,S0_baseline,indonesia,USDC
114,0.9798497244388369,2947743771788.0605,353,S0_baseline,indonesia,USDC
115,0.9643105854565668,2947743771788.0605,353,S0_baseline,indonesia,USDC
116,0.9627992690836711,2947659386985.433,353,S0_baseline,indonesia,USDC
117,0.9918277229672046,2947524930643.6416,353,S0_baseline,indonesia,USDC
118,1.0039396478137999,2947524930643.6416,353,S0_baseline,indonesia,USDC
119,1.0087044278198405,2947524930643.6416,353,S0_baseline,indonesia,USDC
120,1.0260418151248463,2947524930643.6416,353,S0_baseline,indonesia,USDC
121,1.0244168547647183,2947524930643.6416,353,S0_baseline,indonesia,USDC
122,0.9932742350410049,2947524930643.6416,353,S0_baseline,indonesia,USDC
123,1.0288163684923253,2947524930643.6416,353,S0_baseline,indonesia,USDC
124,1.0289258489420419,2947524930643.6416,353,S0_baseline,indonesia,USDC
125,1.0164891244364023,2947524930643.6416,353,S0_baseline,indonesia,USDC
126,1.0216436399419278,2947524930643.6416,353,S0_baseline,indonesia,USDC
127,1.0223348414608189,2947524930643.6416,353,S0_baseline,indonesia,USDC
128,0.9174916767715626,2947524930643.6416,353,S0_baseline,indonesia,USDC
129,0.9133261171935563,2946602813524.9116,353,S0_baseline,indonesia,USDC
130,0.9412603721912857,2945682497911.6504,353,S0_baseline,indonesia,USDC
131,0.9462977381958638,2945204426665.353,353,S0_baseline,indonesia,USDC
132,0.9917572557951273,2944865173958.0327,353,S0_baseline,indonesia,USDC
133,0.9923814920466366,2944865173958.0327,353,S0_baseline,indonesia,USDC
134,0.9983606916592892,2944865173958.0327,353,S0_baseline,indonesia,USDC
135,0.9938505674913101,2944865173958.0327,353,S0_baseline,indonesia,USDC
136,0.9947710991848194,2944865173958.0327,353,S0_baseline,indonesia,USDC
137,0.9815165618263534,2944865173958.0327,353,S0_baseline,indonesia,USDC
138,0.9905732528568905,2944865173958.0327,353,S0_baseline,indonesia,USDC
139,0.9961284752305916,2944865173958.0327,353,S0_baseline,indonesia,USDC
140,1.037322402051359,2944865173958.0327,353,S0_baseline,indonesia,USDC
141,1.0091042148000657,2944865173958.0327,353,S0_baseline,indonesia,USDC
142,0.9778238458324419,2944865173958.0327,353,S0_baseline,indonesia,USDC
143,0.9494232641433147,2944865173958.0327,353,S0_baseline,indonesia,USDC
144,1.000540343807413,2944540226878.776,353,S0_baseline,indonesia,USDC
145,1.0024664094817284,2944540226878.776,353,S0_baseline,indonesia,USDC
146,0.9962822372833932,2944540226878.776,353,S0_baseline,indonesia,USDC
147,1.0127665173288183,2944540226878.776,353,S0_baseline,indonesia,USDC
148,0.986278455453951,2944540226878.776,353,S0_baseline,indonesia,USDC
149,0.9932811389997644,2944540226878.776,353,S0_baseline,indonesia,USDC
150,1.0163277778045574,2944540226878.776,353,S0_baseline,indonesia,USDC
151,1.0140931395004444,2944540226878.776,353,S0_baseline,indonesia,USDC
152,1.0283509280542815,2944540226878.776,353,S0_baseline,indonesia,USDC
153,1.0123440918963083,2944540226878.776,353,S0_baseline,indonesia,USDC
154,1.0075749275717332,2944540226878.776,353,S0_baseline,indonesia,USDC
155,1.0023468763000485,2944540226878.776,353,S0_baseline,indonesia,USDC
156,1.0110518266181898,2944540226878.776,353,S0_baseline,indonesia,USDC
157,1.0005384135566027,2944540226878.776,353,S0_baseline,indonesia,USDC
158,1.0094012836987927,2944540226878.776,353,S0_baseline,indonesia,USDC
159,1.0099218604849394,2944540226878.776,353,S0_baseline,indonesia,USDC
160,1.0026562835922954,2944540226878.776,353,S0_baseline,indonesia,USDC
161,1.0202476225154389,2944540226878.776,353,S0_baseline,indonesia,USDC
162,1.0305124502890637,2944540226878.776,353,S0_baseline,indonesia,USDC
163,1.0090759040771073,2944540226878.776,353,S0_baseline,indonesia,USDC
164,1.0072747963411637,2944540226878.776,353,S0_baseline,indonesia,USDC
165,1.0234557792747665,2944540226878.776,353,S0_baseline,indonesia,USDC
166,1.0151007482818613,2944540226878.776,353,S0_baseline,indonesia,USDC
167,1.0516474615045057,2944540226878.776,353,S0_baseline,indonesia,USDC
168,1.049112686991996,2944540226878.776,353,S0_baseline,indonesia,USDC
169,1.0008812061482746,2944540226878.776,353,S0_baseline,indonesia,USDC
170,0.955260104184037,2944540226878.776,353,S0_baseline,indonesia,USDC
171,0.9633128338763999,2944346969945.6084,353,S0_baseline,indonesia,USDC
172,0.9619058810819373,2944272927097.6035,353,S0_baseline,indonesia,USDC
173,0.9521281365297319,2944169390094.5635,353,S0_baseline,indonesia,USDC
174,0.9448080885746367,2943936060410.687,353,S0_baseline,indonesia,USDC
175,0.9498492064521002,2943603296849.957,353,S0_baseline,indonesia,USDC
176,0.9619186561486321,2943323304372.9873,353,S0_baseline,indonesia,USDC
177,0.9845354781708492,2943208529829.7354,353,S0_baseline,indonesia,USDC
178,0.9865100055851908,2943208529829.7354,353,S0_baseline,indonesia,USDC
179,0.9873417686152391,2943208529829.7354,353,S0_baseline,indonesia,USDC
180,0.9758148989976054,2943208529829.7354,353,S0_baseline,indonesia,USDC
181,0.9844709602332103,2943208529829.7354,353,S0_baseline,indonesia,USDC
182,0.9839843267978953,2943208529829.7354,353,S0_baseline,indonesia,USDC
183,0.9978969374523102,2943208529829.7354,353,S0_baseline,indonesia,USDC
184,1.0091417550137183,2943208529829.7354,353,S0_baseline,indonesia,USDC
185,0.9992691290864457,2943208529829.7354,353,S0_baseline,indonesia,USDC
186,0.9907976181903195,2943208529829.7354,353,S0_baseline,indonesia,USDC
187,1.0017052633333718,2943208529829.7354,353,S0_baseline,indonesia,USDC
188,1.004788888126607,2943208529829.7354,353,S0_baseline,indonesia,USDC
189,1.0092755774695144,2943208529829.7354,353,S0_baseline,indonesia,USDC
190,1.0181259644021612,2943208529829.7354,353,S0_baseline,indonesia,USDC
191,1.0168573117121187,2943208529829.7354,353,S0_baseline,indonesia,USDC
192,1.0288167407046167,2943208529829.7354,353,S0_baseline,indonesia,USDC
193,1.0305964164033203,2943208529829.7354,353,S0_baseline,indonesia,USDC
194,1.0165701001017293,2943208529829.7354,353,S0_baseline,indonesia,USDC
195,1.023676938947075,2943208529829.7354,353,S0_baseline,indonesia,USDC
196,1.0325905335255277,2943208529829.7354,353,S0_baseline,indonesia,USDC
197,1.00687193708911,2943208529829.7354,353,S0_baseline,indonesia,USDC
198,0.9877179670208996,2943208529829.7354,353,S0_baseline,indonesia,USDC
199,0.9949787554129356,2943208529829.7354,353,S0_baseline,indonesia,USDC
200,0.9891768768231247,2943208529829.7354,353,S0_baseline,indonesia,USDC
201,1.0077092546477575,2943208529829.7354,353,S0_baseline,indonesia,USDC
202,0.9906567051627265,2943208529829.7354,353,S0_baseline,indonesia,USDC
203,0.9880389921499109,2943208529829.7354,353,S0_baseline,indonesia,USDC
204,1.0023231591038098,2943208529829.7354,353,S0_baseline,indonesia,USDC
205,0.989117099771574,2943208529829.7354,353,S0_baseline,indonesia,USDC
206,0.9893111721020371,2943208529829.7354,353,S0_baseline,indonesia,USDC
207,0.9619927856283366,2943208529829.7354,353,S0_baseline,indonesia,USDC
208,0.9496727475162765,2943122520391.0483,353,S0_baseline,indonesia,USDC
209,0.959999141481924,2942838032071.1787,353,S0_baseline,indonesia,USDC
210,0.949180676341609,2942710101445.724,353,S0_baseline,indonesia,USDC
211,0.9760671534005372,2942439047051.8374,353,S0_baseline,indonesia,USDC
212,0.9920244332195686,2942439047051.8374,353,S0_baseline,indonesia,USDC
213,0.9403762379213347,2942439047051.8374,353,S0_baseline,indonesia,USDC
214,0.9497674748936988,2942058641086.412,353,S0_baseline,indonesia,USDC
215,0.9465797015313316,2941830065742.269,353,S0_baseline,indonesia,USDC
216,0.9417399827641663,2941533494811.5293,353,S0_baseline,indonesia,USDC
217,0.945606043163309,2941196169783.541,353,S0_baseline,indonesia,USDC
218,0.9804200754753118,2940903210904.627,353,S0_baseline,indonesia,USDC
219,0.9832562606959077,2940903210904.627,353,S0_baseline,indonesia,USDC
220,1.0089769875817267,2940903210904.627,353,S0_baseline,indonesia,USDC
221,1.0084599204808877,2940903210904.627,353,S0_baseline,indonesia,USDC
222,0.9565260826786847,2940903210904.627,353,S0_baseline,indonesia,USDC
223,0.9405245061701214,2940762452141.533,353,S0_baseline,indonesia,USDC
224,0.9401562390085754,2940456029876.9365,353,S0_baseline,indonesia,USDC
225,0.9476805531033903,2940142897256.0195,353,S0_baseline,indonesia,USDC
226,0.9577886423150681,2939908584995.7363,353,S0_baseline,indonesia,USDC
227,0.9570940895850957,2939785734993.879,353,S0_baseline,indonesia,USDC
228,0.9670949806917056,2939656980597.163,353,S0_baseline,indonesia,USDC
229,0.9232503796405733,2939643850418.6606,353,S0_baseline,indonesia,USDC
230,0.9383919707021889,2939183709084.8896,353,S0_baseline,indonesia,USDC
231,0.9513480807498621,2938879818912.712,353,S0_baseline,indonesia,USDC
232,0.9757339985401694,2938708123021.634,353,S0_baseline,indonesia,USDC
233,0.9906192278178984,2938708123021.634,353,S0_baseline,indonesia,USDC
234,0.9853310949940367,2938708123021.634,353,S0_baseline,indonesia,USDC
235,1.0095560591834807,2938708123021.634,353,S0_baseline,indonesia,USDC
236,1.018540955154385,2938708123021.634,353,S0_baseline,indonesia,USDC
237,1.0182500186428334,2938708123021.634,353,S0_baseline,indonesia,USDC
238,0.9950883517390842,2938708123021.634,353,S0_baseline,indonesia,USDC
239,0.9007971985236648,2938708123021.634,353,S0_baseline,indonesia,USDC
240,0.9157712574710271,2938070104521.0054,353,S0_baseline,indonesia,USDC
241,0.9288051963822603,2937605952333.6167,353,S0_baseline,indonesia,USDC
242,0.923151482594876,2937283384071.258,353,S0_baseline,indonesia,USDC
243,0.9268813021471268,2936930115774.6475,353,S0_baseline,indonesia,USDC
244,0.8963772684050575,2936611213420.348,353,S0_baseline,indonesia,USDC
245,0.9062937535846856,2936112771989.592,353,S0_baseline,indonesia,USDC
246,0.8962639860429817,2935681552718.381,353,S0_baseline,indonesia,USDC
247,0.9154304099093902,2935226100401.1035,353,S0_baseline,indonesia,USDC
248,0.9216717317963148,2934923124177.3076,353,S0_baseline,indonesia,USDC
249,0.9131358481781403,2934655268206.1733,353,S0_baseline,indonesia,USDC
250,0.9248506675437578,2934378677770.7344,353,S0_baseline,indonesia,USDC
251,0.9255373320073628,2934172498945.3584,353,S0_baseline,indonesia,USDC
252,0.9526355366414677,2933960474797.8096,353,S0_baseline,indonesia,USDC
253,0.9453987020995719,2933885041979.0527,353,S0_baseline,indonesia,USDC
254,0.939296824037223,2933783161421.2773,353,S0_baseline,indonesia,USDC
255,0.9308263266006508,2933662329403.1196,353,S0_baseline,indonesia,USDC
256,0.9393381044115379,2933501042866.9116,353,S0_baseline,indonesia,USDC
257,0.9049354261624695,2933384312202.067,353,S0_baseline,indonesia,USDC
258,0.9216595443009582,2933133233537.6406,353,S0_baseline,indonesia,USDC
259,0.9052966764510314,2932968992091.297,353,S0_baseline,indonesia,USDC
260,0.9323160178774283,2932751885887.959,353,S0_baseline,indonesia,USDC
261,0.9283666849603293,2932634853273.51,353,S0_baseline,indonesia,USDC
262,0.961342855156927,2932506087003.829,353,S0_baseline,indonesia,USDC
263,0.9663530060190771,2932485573639.232,353,S0_baseline,indonesia,USDC
264,0.9564232260257268,2932479621769.414,353,S0_baseline,indonesia,USDC
265,0.9596033308467242,2932442982178.0923,353,S0_baseline,indonesia,USDC
266,0.936970391862321,2932415972584.1646,353,S0_baseline,indonesia,USDC
267,0.9499366839100548,2932318279718.561,353,S0_baseline,indonesia,USDC
268,0.9631477288367434,2932260958386.2437,353,S0_baseline,indonesia,USDC
269,0.942421489698944,2932245234394.7676,353,S0_baseline,indonesia,USDC
270,0.9446773093658555,2932176527130.347,353,S0_baseline,indonesia,USDC
271,0.9075985773457842,2932112898261.862,353,S0_baseline,indonesia,USDC
272,0.8779599064406663,2931956003856.0513,353,S0_baseline,indonesia,USDC
273,0.8857607050180825,2931737561154.16,353,S0_baseline,indonesia,USDC
274,0.8757137412553685,2931560219514.616,353,S0_baseline,indonesia,USDC
275,0.8927162759311413,2931368792104.9497,353,S0_baseline,indonesia,USDC
276,0.9195076886498168,2931223640238.5337,353,S0_baseline,indonesia,USDC
277,0.91097273584889,2931138674321.408,353,S0_baseline,indonesia,USDC
278,0.8798698583913365,2931044248543.045,353,S0_baseline,indonesia,USDC
279,0.9155036089004001,2930908261146.8237,353,S0_baseline,indonesia,USDC
280,0.9212920895525781,2930835732682.5586,353,S0_baseline,indonesia,USDC
281,0.9562403847156883,2930776246896.7554,353,S0_baseline,indonesia,USDC
282,0.9944609740795073,2930758809373.667,353,S0_baseline,indonesia,USDC
283,0.9782264889991052,2930758809373.667,353,S0_baseline,indonesia,USDC
284,1.0174637953362602,2930758809373.667,353,S0_baseline,indonesia,USDC
285,0.9886009063001449,2930758809373.667,353,S0_baseline,indonesia,USDC
286,0.9765231446025451,2930758809373.667,353,S0_baseline,indonesia,USDC
287,0.9417416475421703,2930758809373.667,353,S0_baseline,indonesia,USDC
288,0.9420504131347089,2930727144803.4414,353,S0_baseline,indonesia,USDC
289,0.9530360348101814,2930696664491.1914,353,S0_baseline,indonesia,USDC
290,0.9802488744438024,2930677483371.4424,353,S0_baseline,indonesia,USDC
291,0.8684893481986954,2930677483371.4424,353,S0_baseline,indonesia,USDC
292,0.8708479487978886,2930566838463.0015,353,S0_baseline,indonesia,USDC
293,0.8924407218309623,2930462588776.6523,353,S0_baseline,indonesia,USDC
294,0.8396229802655079,2930392763248.425,353,S0_baseline,indonesia,USDC
295,0.8525228427403434,2930281370740.661,353,S0_baseline,indonesia,USDC
296,0.873874077491703,2930192426942.8,353,S0_baseline,indonesia,USDC
297,0.9178255794094774,2930128462731.135,353,S0_baseline,indonesia,USDC
298,0.8888061141463713,2930097185284.752,353,S0_baseline,indonesia,USDC
299,0.9041420757988144,2930052168923.497,353,S0_baseline,indonesia,USDC
300,0.9156200009954315,2930020364721.2964,353,S0_baseline,indonesia,USDC
301,0.9484579281692093,2929994504775.5063,353,S0_baseline,indonesia,USDC
302,0.9618586332394488,2929985361779.9736,353,S0_baseline,indonesia,USDC
303,0.9425591352490567,2929982544177.5576,353,S0_baseline,indonesia,USDC
304,0.9261150187777467,2929970221937.952,353,S0_baseline,indonesia,USDC
305,0.9394393761211282,2929952684964.414,353,S0_baseline,indonesia,USDC
306,0.9289131378596738,2929939902544.48,353,S0_baseline,indonesia,USDC
307,0.9407700240596918,2929924221561.968,353,S0_baseline,indonesia,USDC
308,0.9410009000871041,2929913614543.267,353,S0_baseline,indonesia,USDC
309,0.9398940701178329,2929903399440.519,353,S0_baseline,indonesia,USDC
310,0.9419311126361957,2929893067018.525,353,S0_baseline,indonesia,USDC
311,0.9244442592131128,2929883402238.001,353,S0_baseline,indonesia,USDC
312,0.9281816184962022,2929868912019.581,353,S0_baseline,indonesia,USDC
313,0.937012296877405,2929855032477.678,353,S0_baseline,indonesia,USDC
314,0.9529665985494142,2929844894733.3438,353,S0_baseline,indonesia,USDC
315,0.9337894676854582,2929840140122.576,353,S0_baseline,indonesia,USDC
316,0.9319413337531424,2929829195896.385,353,S0_baseline,indonesia,USDC
317,0.9233815100322517,2929818122497.291,353,S0_baseline,indonesia,USDC
318,0.9497267326330064,2929805453792.7373,353,S0_baseline,indonesia,USDC
319,0.9790256806835542,2929800499856.6904,353,S0_baseline,indonesia,USDC
320,0.9543895743026021,2929800499856.6904,353,S0_baseline,indonesia,USDC
321,0.9585749745266333,2929796419720.6816,353,S0_baseline,indonesia,USDC
322,0.9959413392809002,2929793838530.5234,353,S0_baseline,indonesia,USDC
323,0.9972991477183915,2929793838530.5234,353,S0_baseline,indonesia,USDC
324,0.9906127129284639,2929793838530.5234,353,S0_baseline,indonesia,USDC
325,0.9910911952209178,2929793838530.5234,353,S0_baseline,indonesia,USDC
326,0.9928998165974425,2929793838530.5234,353,S0_baseline,indonesia,USDC
327,0.9909739443849037,2929793838530.5234,353,S0_baseline,indonesia,USDC
328,0.9584524998305326,2929793838530.5234,353,S0_baseline,indonesia,USDC
329,0.9908177870702093,2929791428334.8555,353,S0_baseline,indonesia,USDC
330,0.9806858117218353,2929791428334.8555,353,S0_baseline,indonesia,USDC
331,0.966163198859142,2929791428334.8555,353,S0_baseline,indonesia,USDC
332,0.9640448012740414,2929790601835.5874,353,S0_baseline,indonesia,USDC
333,0.9689470654382657,2929789106078.1157,353,S0_baseline,indonesia,USDC
334,0.9846922261639699,2929789106078.1157,353,S0_baseline,indonesia,USDC
335,0.9858483840821605,2929789106078.1157,353,S0_baseline,indonesia,USDC
336,0.9906569283904304,2929789106078.1157,353,S0_baseline,indonesia,USDC
337,1.000680885740717,2929789106078.1157,353,S0_baseline,indonesia,USDC
338,1.029496493250424,2929789106078.1157,353,S0_baseline,indonesia,USDC
339,1.0457985272769141,2929789106078.1157,353,S0_baseline,indonesia,USDC
340,1.0491851103496024,2929789106078.1157,353,S0_baseline,indonesia,USDC
341,1.0446181439783329,2929789106078.1157,353,S0_baseline,indonesia,USDC
342,1.0402698277177576,2929789106078.1157,353,S0_baseline,indonesia,USDC
343,1.0235501600066383,2929789106078.1157,353,S0_baseline,indonesia,USDC
344,1.0372885206054079,2929789106078.1157,353,S0_baseline,indonesia,USDC
345,1.0176388388360067,2929789106078.1157,353,S0_baseline,indonesia,USDC
346,1.0366378819820277,2929789106078.1157,353,S0_baseline,indonesia,USDC
347,1.0477635826623126,2929789106078.1157,353,S0_baseline,indonesia,USDC
348,1.0825618488533315,2929789106078.1157,353,S0_baseline,indonesia,USDC
349,1.0813169503788285,2929789106078.1157,353,S0_baseline,indonesia,USDC
350,1.0756563769559628,2929789106078.1157,353,S0_baseline,indonesia,USDC
351,1.0415025777599682,2929789106078.1157,353,S0_baseline,indonesia,USDC
352,1.035949166325707,2929789106078.1157,353,S0_baseline,indonesia,USDC
353,1.04218628756746,2929789106078.1157,353,S0_baseline,indonesia,USDC
354,1.0263450366416424,2929789106078.1157,353,S0_baseline,indonesia,USDC
355,1.0471589043719027,2929789106078.1157,353,S0_baseline,indonesia,USDC
356,1.0686452505022124,2929789106078.1157,353,S0_baseline,indonesia,USDC
357,1.0914290843478633,2929789106078.1157,353,S0_baseline,indonesia,USDC
358,1.1080569042007367,2929789106078.1157,353,S0_baseline,indonesia,USDC
359,1.0616861984745887,2929789106078.1157,353,S0_baseline,indonesia,USDC
360,1.0888548879542583,2929789106078.1157,353,S0_baseline,indonesia,USDC
361,1.0941186912491938,2929789106078.1157,353,S0_baseline,indonesia,USDC
362,1.0548954198802378,2929789106078.1157,353,S0_baseline,indonesia,USDC
363,1.0365159940902857,2929789106078.1157,353,S0_baseline,indonesia,USDC
364,1.074755290133289,2929789106078.1157,353,S0_baseline,indonesia,USDC
365,1.050585897090465,2929789106078.1157,353,S0_baseline,indonesia,USDC
366,1.051915306579083,2929789106078.1157,353,S0_baseline,indonesia,USDC
367,1.033220968058776,2929789106078.1157,353,S0_baseline,indonesia,USDC
368,1.020796759534893,2929789106078.1157,353,S0_baseline,indonesia,USDC
369,1.0135150286456478,2929789106078.1157,353,S0_baseline,indonesia,USDC
370,1.017536159372547,2929789106078.1157,353,S0_baseline,indonesia,USDC
371,1.0258661051402171,2929789106078.1157,353,S0_baseline,indonesia,USDC
372,1.0386715721919213,2929789106078.1157,353,S0_baseline,indonesia,USDC
373,1.0446291872804108,2929789106078.1157,353,S0_baseline,indonesia,USDC
374,1.0473373433869153,2929789106078.1157,353,S0_baseline,indonesia,USDC
375,1.0631949585648974,2929789106078.1157,353,S0_baseline,indonesia,USDC
376,1.0754730637454015,2929789106078.1157,353,S0_baseline,indonesia,USDC
377,1.0779158799067197,2929789106078.1157,353,S0_baseline,indonesia,USDC
378,1.1041790440542307,2929789106078.1157,353,S0_baseline,indonesia,USDC
379,1.0969207427136995,2929789106078.1157,353,S0_baseline,indonesia,USDC
380,1.0087533560946171,2929789106078.1157,353,S0_baseline,indonesia,USDC
381,1.0176520350570608,2929789106078.1157,353,S0_baseline,indonesia,USDC
382,1.018122548500819,2929789106078.1157,353,S0_baseline,indonesia,USDC
383,1.0402086195984217,2929789106078.1157,353,S0_baseline,indonesia,USDC
384,1.0383925169206605,2929789106078.1157,353,S0_baseline,indonesia,USDC
385,1.04794210216615,2929789106078.1157,353,S0_baseline,indonesia,USDC
386,1.0007905278376399,2929789106078.1157,353,S0_baseline,indonesia,USDC
387,0.9822117432417891,2929789106078.1157,353,S0_baseline,indonesia,USDC
388,0.991801673178786,2929789106078.1157,353,S0_baseline,indonesia,USDC
389,1.0204515081371763,2929789106078.1157,353,S0_baseline,indonesia,USDC
390,1.040714619479024,2929789106078.1157,353,S0_baseline,indonesia,USDC
391,1.0314707499927767,2929789106078.1157,353,S0_baseline,indonesia,USDC
392,1.0307925658196346,2929789106078.1157,353,S0_baseline,indonesia,USDC
393,1.0384873020779501,2929789106078.1157,353,S0_baseline,indonesia,USDC
394,1.0283185583067085,2929789106078.1157,353,S0_baseline,indonesia,USDC
395,1.0024984836812418,2929789106078.1157,353,S0_baseline,indonesia,USDC
396,1.0000680127262853,2929789106078.1157,353,S0_baseline,indonesia,USDC
397,0.9980720816643065,2929789106078.1157,353,S0_baseline,indonesia,USDC
398,0.9610747674990571,2929789106078.1157,353,S0_baseline,indonesia,USDC
399,0.9552716047748561,2929787043422.561,353,S0_baseline,indonesia,USDC
400,0.9402934426460177,2929783951660.025,353,S0_baseline,indonesia,USDC
401,0.9508305163935797,2929776934348.5547,353,S0_baseline,indonesia,USDC
402,0.9491535573621468,2929772581649.9165,353,S0_baseline,indonesia,USDC
403,0.9699220265039348,2929768129184.548,353,S0_baseline,indonesia,USDC
404,0.9500152568108113,2929768111406.538,353,S0_baseline,indonesia,USDC
405,0.967386057240106,2929764125019.8467,353,S0_baseline,indonesia,USDC
406,0.9826685601498437,2929763904898.025,353,S0_baseline,indonesia,USDC
407,0.9913237721537872,2929763904898.025,353,S0_baseline,indonesia,USDC
408,0.9756046050522279,2929763904898.025,353,S0_baseline,indonesia,USDC
409,0.9813723267149594,2929763904898.025,353,S0_baseline,indonesia,USDC
410,1.018041833226712,2929763904898.025,353,S0_baseline,indonesia,USDC
411,0.9880479866551821,2929763904898.025,353,S0_baseline,indonesia,USDC
412,1.0201735704149704,2929763904898.025,353,S0_baseline,indonesia,USDC
413,1.0206478678269657,2929763904898.025,353,S0_baseline,indonesia,USDC
414,1.0124800173064847,2929763904898.025,353,S0_baseline,indonesia,USDC
415,0.9986602487879341,2929763904898.025,353,S0_baseline,indonesia,USDC
416,1.0388975683094117,2929763904898.025,353,S0_baseline,indonesia,USDC
417,1.0240236076781728,2929763904898.025,353,S0_baseline,indonesia,USDC
418,1.0146625523835342,2929763904898.025,353,S0_baseline,indonesia,USDC
419,1.006600510355065,2929763904898.025,353,S0_baseline,indonesia,USDC
420,1.0116487605004136,2929763904898.025,353,S0_baseline,indonesia,USDC
421,1.0307403757017077,2929763904898.025,353,S0_baseline,indonesia,USDC
422,1.032942947993417,2929763904898.025,353,S0_baseline,indonesia,USDC
423,1.0308065141183833,2929763904898.025,353,S0_baseline,indonesia,USDC
424,1.0127089599648476,2929763904898.025,353,S0_baseline,indonesia,USDC
425,1.0386662119754766,2929763904898.025,353,S0_baseline,indonesia,USDC
426,1.0347176965083036,2929763904898.025,353,S0_baseline,indonesia,USDC
427,1.0328079610544387,2929763904898.025,353,S0_baseline,indonesia,USDC
428,1.0287601215034012,2929763904898.025,353,S0_baseline,indonesia,USDC
429,1.0044876413054584,2929763904898.025,353,S0_baseline,indonesia,USDC
430,0.972812161743055,2929763904898.025,353,S0_baseline,indonesia,USDC
431,0.9834239517920137,2929763904898.025,353,S0_baseline,indonesia,USDC
432,0.9716699201803949,2929763904898.025,353,S0_baseline,indonesia,USDC
433,0.9826078110809969,2929763904898.025,353,S0_baseline,indonesia,USDC
434,0.970890873931141,2929763904898.025,353,S0_baseline,indonesia,USDC
435,1.003856131019805,2929763904898.025,353,S0_baseline,indonesia,USDC
436,0.995292901872243,2929763904898.025,353,S0_baseline,indonesia,USDC
437,1.0183732280294646,2929763904898.025,353,S0_baseline,indonesia,USDC
438,1.0272179931319663,2929763904898.025,353,S0_baseline,indonesia,USDC
439,1.033568677119913,2929763904898.025,353,S0_baseline,indonesia,USDC
440,1.0090682694158015,2929763904898.025,353,S0_baseline,indonesia,USDC
441,1.0377338989488771,2929763904898.025,353,S0_baseline,indonesia,USDC
442,1.0503115901827955,2929763904898.025,353,S0_baseline,indonesia,USDC
443,1.0272460936677805,2929763904898.025,353,S0_baseline,indonesia,USDC
444,1.0545552450713547,2929763904898.025,353,S0_baseline,indonesia,USDC
445,1.0616380785591264,2929763904898.025,353,S0_baseline,indonesia,USDC
446,1.0332979304974133,2929763904898.025,353,S0_baseline,indonesia,USDC
447,1.048381031508307,2929763904898.025,353,S0_baseline,indonesia,USDC
448,1.0224917242758778,2929763904898.025,353,S0_baseline,indonesia,USDC
449,1.0427264504632028,2929763904898.025,353,S0_baseline,indonesia,USDC
450,1.018436789994888,2929763904898.025,353,S0_baseline,indonesia,USDC
451,1.0193525793776361,2929763904898.025,353,S0_baseline,indonesia,USDC
452,1.0376867020603293,2929763904898.025,353,S0_baseline,indonesia,USDC
453,1.0033369966334342,2929763904898.025,353,S0_baseline,indonesia,USDC
454,1.0074265983480808,2929763904898.025,353,S0_baseline,indonesia,USDC
455,1.0011167076981566,2929763904898.025,353,S0_baseline,indonesia,USDC
456,1.0179354744865683,2929763904898.025,353,S0_baseline,indonesia,USDC
457,1.0064030553295948,2929763904898.025,353,S0_baseline,indonesia,USDC
458,0.9749504721363191,2929763904898.025,353,S0_baseline,indonesia,USDC
459,0.9390837662355576,2929763904898.025,353,S0_baseline,indonesia,USDC
460,0.9192072658436811,2929757446816.0566,353,S0_baseline,indonesia,USDC
461,0.8952843908497476,2929746724087.215,353,S0_baseline,indonesia,USDC
462,0.9161132441176965,2929731337635.5703,353,S0_baseline,indonesia,USDC
463,0.9133604119963505,2929721620100.1353,353,S0_baseline,indonesia,USDC
464,0.9208238139088005,2929711421963.0796,353,S0_baseline,indonesia,USDC
465,0.9270911022630244,2929703084651.121,353,S0_baseline,indonesia,USDC
466,0.9479758140741475,2929696765416.1333,353,S0_baseline,indonesia,USDC
467,0.965515554127468,2929693765930.1465,353,S0_baseline,indonesia,USDC
468,0.9635342919090141,2929693262203.1655,353,S0_baseline,indonesia,USDC
469,1.0063731069212807,2929692287056.5854,353,S0_baseline,indonesia,USDC
470,1.0340013566719701,2929692287056.5854,353,S0_baseline,indonesia,USDC
471,1.0069994179868929,2929692287056.5854,353,S0_baseline,indonesia,USDC
472,0.9996505670937117,2929692287056.5854,353,S0_baseline,indonesia,USDC
473,1.0129890121219618,2929692287056.5854,353,S0_baseline,indonesia,USDC
474,0.9829290552208908,2929692287056.5854,353,S0_baseline,indonesia,USDC
475,0.982985257905685,2929692287056.5854,353,S0_baseline,indonesia,USDC
476,0.9685860405405999,2929692287056.5854,353,S0_baseline,indonesia,USDC
477,0.9661439741724542,2929692147440.7803,353,S0_baseline,indonesia,USDC
478,0.9752402171106067,2929691653675.418,353,S0_baseline,indonesia,USDC
479,0.9982603531016278,2929691653675.418,353,S0_baseline,indonesia,USDC
480,0.9929983722839221,2929691653675.418,353,S0_baseline,indonesia,USDC
481,1.0086699368181344,2929691653675.418,353,S0_baseline,indonesia,USDC
482,0.9797468753773356,2929691653675.418,353,S0_baseline,indonesia,USDC
483,0.982945595945898,2929691653675.418,353,S0_baseline,indonesia,USDC
484,0.9547048256112693,2929691653675.418,353,S0_baseline,indonesia,USDC
485,0.964845390622276,2929689372248.0757,353,S0_baseline,indonesia,USDC
486,0.961396383892742,2929688873559.2256,353,S0_baseline,indonesia,USDC
487,0.9301658607823946,2929687800977.2583,353,S0_baseline,indonesia,USDC
488,0.9070278735390989,2929682524488.9565,353,S0_baseline,indonesia,USDC
489,0.93051414372073,2929673724234.365,353,S0_baseline,indonesia,USDC
490,0.9243935823514017,2929669018387.9,353,S0_baseline,indonesia,USDC
491,0.9241836890330999,2929663441980.664,353,S0_baseline,indonesia,USDC
492,0.929153042012741,2929657940554.0576,353,S0_baseline,indonesia,USDC
493,0.9162469998755617,2929653267492.634,353,S0_baseline,indonesia,USDC
494,0.919596315826694,2929647835796.478,353,S0_baseline,indonesia,USDC
495,0.9467197628422921,2929642869757.6133,353,S0_baseline,indonesia,USDC
496,0.9542601930766124,2929640568104.718,353,S0_baseline,indonesia,USDC
497,0.9443235920711524,2929639049301.3926,353,S0_baseline,indonesia,USDC
498,0.9448246412944662,2929636788982.9155,353,S0_baseline,indonesia,USDC
499,0.959165090843203,2929634544858.177,353,S0_baseline,indonesia,USDC
500,0.9514040370638072,2929633566629.7705,353,S0_baseline,indonesia,USDC
501,0.97270605507363,2929631980530.414,353,S0_baseline,indonesia,USDC
502,0.9712802688379222,2929631980530.414,353,S0_baseline,indonesia,USDC
503,0.9766097562543585,2929631980530.414,353,S0_baseline,indonesia,USDC
504,0.9946342434666648,2929631980530.414,353,S0_baseline,indonesia,USDC
505,0.9701327031090277,2929631980530.414,353,S0_baseline,indonesia,USDC
506,0.9980806349246595,2929631980530.414,353,S0_baseline,indonesia,USDC
507,0.9983695046168716,2929631980530.414,353,S0_baseline,indonesia,USDC
508,1.0068316745157833,2929631980530.414,353,S0_baseline,indonesia,USDC
509,1.000927395514276,2929631980530.414,353,S0_baseline,indonesia,USDC
510,0.9395373132018685,2929631980530.414,353,S0_baseline,indonesia,USDC
511,0.9628135251028092,2929629310742.8623,353,S0_baseline,indonesia,USDC
512,1.0065104316741171,2929628754683.827,353,S0_baseline,indonesia,USDC
513,0.9985220548418025,2929628754683.827,353,S0_baseline,indonesia,USDC
514,0.9946473443852792,2929628754683.827,353,S0_baseline,indonesia,USDC
515,0.9971220098808722,2929628754683.827,353,S0_baseline,indonesia,USDC
516,0.9830397874604788,2929628754683.827,353,S0_baseline,indonesia,USDC
517,0.9624215742134741,2929628754683.827,353,S0_baseline,indonesia,USDC
518,0.9740531951553663,2929628115704.144,353,S0_baseline,indonesia,USDC
519,0.9746347359502543,2929628115704.144,353,S0_baseline,indonesia,USDC
520,0.964033411704135,2929628115704.144,353,S0_baseline,indonesia,USDC
521,0.9566760990067663,2929627717606.212,353,S0_baseline,indonesia,USDC
522,0.9889024224760313,2929626729634.064,353,S0_baseline,indonesia,USDC
523,0.9862177785167415,2929626729634.064,353,S0_baseline,indonesia,USDC
524,0.9674436495584459,2929626729634.064,353,S0_baseline,indonesia,USDC
525,0.9730075521349745,2929626607374.186,353,S0_baseline,indonesia,USDC
526,0.9998692625161301,2929626607374.186,353,S0_baseline,indonesia,USDC
527,1.0008338763582358,2929626607374.186,353,S0_baseline,indonesia,USDC
528,1.0248206604338006,2929626607374.186,353,S0_baseline,indonesia,USDC
529,1.0203813433709148,2929626607374.186,353,S0_baseline,indonesia,USDC
530,1.0498595948641853,2929626607374.186,353,S0_baseline,indonesia,USDC
531,1.0447443260640363,2929626607374.186,353,S0_baseline,indonesia,USDC
532,1.0410712580466646,2929626607374.186,353,S0_baseline,indonesia,USDC
533,1.0444975786689301,2929626607374.186,353,S0_baseline,indonesia,USDC
534,1.0250784193316262,2929626607374.186,353,S0_baseline,indonesia,USDC
535,1.000159492730094,2929626607374.186,353,S0_baseline,indonesia,USDC
536,0.9705540420105049,2929626607374.186,353,S0_baseline,indonesia,USDC
537,1.0168535382322519,2929626607374.186,353,S0_baseline,indonesia,USDC
538,1.0342851294635917,2929626607374.186,353,S0_baseline,indonesia,USDC
539,1.0272196761749848,2929626607374.186,353,S0_baseline,indonesia,USDC
540,1.01913979826362,2929626607374.186,353,S0_baseline,indonesia,USDC
541,1.0301024459936576,2929626607374.186,353,S0_baseline,indonesia,USDC
542,1.0023472557337587,2929626607374.186,353,S0_baseline,indonesia,USDC
543,1.0241023488827912,2929626607374.186,353,S0_baseline,indonesia,USDC
544,1.0196668137816376,2929626607374.186,353,S0_baseline,indonesia,USDC
545,0.988633777481405,2929626607374.186,353,S0_baseline,indonesia,USDC
546,0.9921705830208291,2929626607374.186,353,S0_baseline,indonesia,USDC
547,0.9929429466335639,2929626607374.186,353,S0_baseline,indonesia,USDC
548,0.9617200729489529,2929626607374.186,353,S0_baseline,indonesia,USDC
549,0.9463850934277696,2929625979400.9243,353,S0_baseline,indonesia,USDC
550,0.9607581021785639,2929624055860.3867,353,S0_baseline,indonesia,USDC
551,0.9663276581990776,2929623321393.144,353,S0_baseline,indonesia,USDC
552,0.9825653413622683,2929623032327.362,353,S0_baseline,indonesia,USDC
553,0.9551319907737524,2929623032327.362,353,S0_baseline,indonesia,USDC
554,0.965952744789661,2929621866433.3076,353,S0_baseline,indonesia,USDC
555,0.9812009133776097,2929621596961.8145,353,S0_baseline,indonesia,USDC
556,0.977467769750667,2929621596961.8145,353,S0_baseline,indonesia,USDC
557,0.9818414874487248,2929621596961.8145,353,S0_baseline,indonesia,USDC
558,0.9871999449266354,2929621596961.8145,353,S0_baseline,indonesia,USDC
559,0.9689122154164905,2929621596961.8145,353,S0_baseline,indonesia,USDC
560,0.9921839384958162,2929621540703.4536,353,S0_baseline,indonesia,USDC
561,1.0060997420256306,2929621540703.4536,353,S0_baseline,indonesia,USDC
562,1.0269488643416713,2929621540703.4536,353,S0_baseline,indonesia,USDC
563,1.014216641016307,2929621540703.4536,353,S0_baseline,indonesia,USDC
564,0.991843369495797,2929621540703.4536,353,S0_baseline,indonesia,USDC
565,0.9897437911302023,2929621540703.4536,353,S0_baseline,indonesia,USDC
566,0.9884513601178156,2929621540703.4536,353,S0_baseline,indonesia,USDC
567,1.0045907247706773,2929621540703.4536,353,S0_baseline,indonesia,USDC
568,0.996692283103148,2929621540703.4536,353,S0_baseline,indonesia,USDC
569,1.0068517100968737,2929621540703.4536,353,S0_baseline,indonesia,USDC
570,1.02076460486712,2929621540703.4536,353,S0_baseline,indonesia,USDC
571,1.0137124778506321,2929621540703.4536,353,S0_baseline,indonesia,USDC
572,1.0290233582095318,2929621540703.4536,353,S0_baseline,indonesia,USDC
573,1.030343323539918,2929621540703.4536,353,S0_baseline,indonesia,USDC
574,1.038425814454283,2929621540703.4536,353,S0_baseline,indonesia,USDC
575,1.0332383881622955,2929621540703.4536,353,S0_baseline,indonesia,USDC
576,1.0037075478103155,2929621540703.4536,353,S0_baseline,indonesia,USDC
577,0.9920140486787908,2929621540703.4536,353,S0_baseline,indonesia,USDC
578,0.9737240446847729,2929621540703.4536,353,S0_baseline,indonesia,USDC
579,0.8826521452244956,2929621540703.4536,353,S0_baseline,indonesia,USDC
580,0.8857330533680569,2929614825528.8906,353,S0_baseline,indonesia,USDC
581,0.8874970458150924,2929609330259.3486,353,S0_baseline,indonesia,USDC
582,0.923977113463632,2929604026107.9556,353,S0_baseline,indonesia,USDC
583,0.9329269466537861,2929601542530.303,353,S0_baseline,indonesia,USDC
584,0.9287436213198139,2929599583164.018,353,S0_baseline,indonesia,USDC
585,0.9501110608106546,2929597475126.543,353,S0_baseline,indonesia,USDC
586,0.9215969344233228,2929596524883.5913,353,S0_baseline,indonesia,USDC
587,0.9408808414175884,2929594117682.0967,353,S0_baseline,indonesia,USDC
588,0.925886501468315,2929592702276.3027,353,S0_baseline,indonesia,USDC
589,0.950286756668165,2929590739572.9727,353,S0_baseline,indonesia,USDC
590,0.9464126929811935,2929589850017.0864,353,S0_baseline,indonesia,USDC
591,0.9642464039305283,2929588886814.785,353,S0_baseline,indonesia,USDC
592,0.9540726505455833,2929588715428.801,353,S0_baseline,indonesia,USDC
593,0.9299325509186442,2929588128778.061,353,S0_baseline,indonesia,USDC
594,0.948398069946321,2929586428586.1846,353,S0_baseline,indonesia,USDC
595,0.9636834093957417,2929585549809.5234,353,S0_baseline,indonesia,USDC
596,0.9543879654078167,2929585322250.397,353,S0_baseline,indonesia,USDC
597,0.9388889617801716,2929584764252.941,353,S0_baseline,indonesia,USDC
598,0.9223627801460937,2929583631838.088,353,S0_baseline,indonesia,USDC
599,0.9371305256602774,2929581929748.4814,353,S0_baseline,indonesia,USDC
600,0.9487032752388509,2929580858349.322,353,S0_baseline,indonesia,USDC
601,0.9574191300709103,2929580143797.5986,353,S0_baseline,indonesia,USDC
602,0.9932292713537928,2929579762306.684,353,S0_baseline,indonesia,USDC
603,0.974005163250432,2929579762306.684,353,S0_baseline,indonesia,USDC
604,0.9511776177474944,2929579762306.684,353,S0_baseline,indonesia,USDC
605,0.976543580219499,2929579208488.668,353,S0_baseline,indonesia,USDC
606,0.9553452936144375,2929579208488.668,353,S0_baseline,indonesia,USDC
607,0.9448688748013354,2929578771170.601,353,S0_baseline,indonesia,USDC
608,0.9525746416612197,2929578037592.909,353,S0_baseline,indonesia,USDC
609,0.9484814680217692,2929577555410.9775,353,S0_baseline,indonesia,USDC
610,0.9570363014649226,2929576903526.9805,353,S0_baseline,indonesia,USDC
611,0.9421862289263666,2929576503456.6,353,S0_baseline,indonesia,USDC
612,0.9304784212458526,2929575744589.179,353,S0_baseline,indonesia,USDC
613,0.9343712301161758,2929574675261.947,353,S0_baseline,indonesia,USDC
614,0.9314956484405845,2929573751304.399,353,S0_baseline,indonesia,USDC
615,0.9059702328860623,2929572688156.627,353,S0_baseline,indonesia,USDC
616,0.9373929081095879,2929570990402.332,353,S0_baseline,indonesia,USDC
617,0.9399815677861546,2929570233858.541,353,S0_baseline,indonesia,USDC
618,0.9634932973732537,2929569585846.948,353,S0_baseline,indonesia,USDC
619,0.9714454825369694,2929569476692.341,353,S0_baseline,indonesia,USDC
620,0.9511551088346734,2929569476692.341,353,S0_baseline,indonesia,USDC
621,0.955226508624794,2929569058063.419,353,S0_baseline,indonesia,USDC
622,0.9815746400753579,2929568721630.921,353,S0_baseline,indonesia,USDC
623,0.9687690321180891,2929568721630.921,353,S0_baseline,indonesia,USDC
624,0.9886966782321693,2929568721630.921,353,S0_baseline,indonesia,USDC
625,0.9753885861820794,2929568721630.921,353,S0_baseline,indonesia,USDC
626,0.9624746307540818,2929568721630.921,353,S0_baseline,indonesia,USDC
627,0.9514951600394782,2929568594944.884,353,S0_baseline,indonesia,USDC
628,0.964432549535768,2929568218617.342,353,S0_baseline,indonesia,USDC
629,0.9895390833851875,2929568109473.336,353,S0_baseline,indonesia,USDC
630,1.0031971512251072,2929568109473.336,353,S0_baseline,indonesia,USDC
631,1.0421124870568192,2929568109473.336,353,S0_baseline,indonesia,USDC
632,1.0143290191836722,2929568109473.336,353,S0_baseline,indonesia,USDC
633,1.0291119363043932,2929568109473.336,353,S0_baseline,indonesia,USDC
634,1.051190572975996,2929568109473.336,353,S0_baseline,indonesia,USDC
635,1.0379924212655471,2929568109473.336,353,S0_baseline,indonesia,USDC
636,1.05186758408635,2929568109473.336,353,S0_baseline,indonesia,USDC
637,1.0616742832199766,2929568109473.336,353,S0_baseline,indonesia,USDC
638,1.0878989702804889,2929568109473.336,353,S0_baseline,indonesia,USDC
639,1.081472638752451,2929568109473.336,353,S0_baseline,indonesia,USDC
640,1.0411881835120143,2929568109473.336,353,S0_baseline,indonesia,USDC
641,1.0637034046895748,2929568109473.336,353,S0_baseline,indonesia,USDC
642,1.0372039471848977,2929568109473.336,353,S0_baseline,indonesia,USDC
643,1.0193238098598052,2929568109473.336,353,S0_baseline,indonesia,USDC
644,0.9937675136441642,2929568109473.336,353,S0_baseline,indonesia,USDC
645,0.9906269248248015,2929568109473.336,353,S0_baseline,indonesia,USDC
646,0.9884833256093601,2929568109473.336,353,S0_baseline,indonesia,USDC
647,0.9681956767523786,2929568109473.336,353,S0_baseline,indonesia,USDC
648,0.9822934375928453,2929568081544.6147,353,S0_baseline,indonesia,USDC
649,0.9954915603618898,2929568081544.6147,353,S0_baseline,indonesia,USDC
650,0.9848389800362125,2929568081544.6147,353,S0_baseline,indonesia,USDC
651,0.9926508758074933,2929568081544.6147,353,S0_baseline,indonesia,USDC
652,1.0209733176710947,2929568081544.6147,353,S0_baseline,indonesia,USDC
653,1.0377883431255508,2929568081544.6147,353,S0_baseline,indonesia,USDC
654,1.0197086048108317,2929568081544.6147,353,S0_baseline,indonesia,USDC
655,1.0137585553396373,2929568081544.6147,353,S0_baseline,indonesia,USDC
656,0.9906355164363664,2929568081544.6147,353,S0_baseline,indonesia,USDC
657,0.9839952631704378,2929568081544.6147,353,S0_baseline,indonesia,USDC
658,0.9877297070646094,2929568081544.6147,353,S0_baseline,indonesia,USDC
659,0.9716561569437432,2929568081544.6147,353,S0_baseline,indonesia,USDC
660,0.9975230397617842,2929568081544.6147,353,S0_baseline,indonesia,USDC
661,0.9981991409978203,2929568081544.6147,353,S0_baseline,indonesia,USDC
662,0.9798113983718898,2929568081544.6147,353,S0_baseline,indonesia,USDC
663,0.9968624386477293,2929568081544.6147,353,S0_baseline,indonesia,USDC
664,1.028866525341059,2929568081544.6147,353,S0_baseline,indonesia,USDC
665,1.045428030047495,2929568081544.6147,353,S0_baseline,indonesia,USDC
666,1.0411660730626495,2929568081544.6147,353,S0_baseline,indonesia,USDC
667,1.004510429761585,2929568081544.6147,353,S0_baseline,indonesia,USDC
668,0.991291239981314,2929568081544.6147,353,S0_baseline,indonesia,USDC
669,0.9881123667418588,2929568081544.6147,353,S0_baseline,indonesia,USDC
670,0.9907422809787939,2929568081544.6147,353,S0_baseline,indonesia,USDC
671,0.9658889596343558,2929568081544.6147,353,S0_baseline,indonesia,USDC
672,0.9479290100821789,2929568029186.77,353,S0_baseline,indonesia,USDC
673,0.943567978331997,2929567587208.5254,353,S0_baseline,indonesia,USDC
674,0.9435910083055317,2929567045801.1064,353,S0_baseline,indonesia,USDC
675,0.9344549446077564,2929566557560.3423,353,S0_baseline,indonesia,USDC
676,0.9239822154828365,2929565884117.7314,353,S0_baseline,indonesia,USDC
677,0.9393958200573708,2929565036507.8804,353,S0_baseline,indonesia,USDC
678,0.9339350062801653,2929564504269.0117,353,S0_baseline,indonesia,USDC
679,0.9268598569280176,2929563871871.986,353,S0_baseline,indonesia,USDC
680,0.9293033440046031,2929563162875.3784,353,S0_baseline,indonesia,USDC
681,0.9569340957880182,2929562503664.1587,353,S0_baseline,indonesia,USDC
682,0.9579343093924254,2929562328892.16,353,S0_baseline,indonesia,USDC
683,0.9746642333364076,2929562159688.7793,353,S0_baseline,indonesia,USDC
684,0.989587084457393,2929562159688.7793,353,S0_baseline,indonesia,USDC
685,0.9989843142838514,2929562159688.7793,353,S0_baseline,indonesia,USDC
686,0.9936636702751857,2929562159688.7793,353,S0_baseline,indonesia,USDC
687,0.9842451134893704,2929562159688.7793,353,S0_baseline,indonesia,USDC
688,0.9700196527550808,2929562159688.7793,353,S0_baseline,indonesia,USDC
689,0.9456870458700196,2929562159688.7793,353,S0_baseline,indonesia,USDC
690,0.9553215184451256,2929561778923.9,353,S0_baseline,indonesia,USDC
691,0.9794716795985705,2929561565988.0513,353,S0_baseline,indonesia,USDC
692,0.985278292433112,2929561565988.0513,353,S0_baseline,indonesia,USDC
693,1.0040203449400622,2929561565988.0513,353,S0_baseline,indonesia,USDC
694,1.0160568617920454,2929561565988.0513,353,S0_baseline,indonesia,USDC
695,1.0167706842715973,2929561565988.0513,353,S0_baseline,indonesia,USDC
696,1.0153573088994214,2929561565988.0513,353,S0_baseline,indonesia,USDC
697,1.0165253480463057,2929561565988.0513,353,S0_baseline,indonesia,USDC
698,1.0169240204476968,2929561565988.0513,353,S0_baseline,indonesia,USDC
699,0.9972921463976058,2929561565988.0513,353,S0_baseline,indonesia,USDC
700,0.9788251903000428,2929561565988.0513,353,S0_baseline,indonesia,USDC
701,0.9879908270473359,2929561565988.0513,353,S0_baseline,indonesia,USDC
702,0.9788442409300233,2929561565988.0513,353,S0_baseline,indonesia,USDC
703,1.006100556801921,2929561565988.0513,353,S0_baseline,indonesia,USDC
704,1.0209736506195637,2929561565988.0513,353,S0_baseline,indonesia,USDC
705,1.0446005333499335,2929561565988.0513,353,S0_baseline,indonesia,USDC
706,1.0055866475295043,2929561565988.0513,353,S0_baseline,indonesia,USDC
707,1.0147189220687283,2929561565988.0513,353,S0_baseline,indonesia,USDC
708,0.9879713150980907,2929561565988.0513,353,S0_baseline,indonesia,USDC
709,0.9755543805207495,2929561565988.0513,353,S0_baseline,indonesia,USDC
710,0.9726465032771666,2929561565988.0513,353,S0_baseline,indonesia,USDC
711,0.9665109907851293,2929561565988.0513,353,S0_baseline,indonesia,USDC
712,0.9758229661189165,2929561513482.213,353,S0_baseline,indonesia,USDC
713,0.980468665635341,2929561513482.213,353,S0_baseline,indonesia,USDC
714,0.9768667651499648,2929561513482.213,353,S0_baseline,indonesia,USDC
715,0.9891959061912488,2929561513482.213,353,S0_baseline,indonesia,USDC
716,0.982317646826764,2929561513482.213,353,S0_baseline,indonesia,USDC
717,0.9722020712899601,2929561513482.213,353,S0_baseline,indonesia,USDC
718,0.9938935756099183,2929561513482.213,353,S0_baseline,indonesia,USDC
719,0.9564712570954382,2929561513482.213,353,S0_baseline,indonesia,USDC
720,0.9806332354062903,2929561310621.4795,353,S0_baseline,indonesia,USDC
721,0.9656065797379704,2929561310621.4795,353,S0_baseline,indonesia,USDC
722,0.98958306930189,2929561254010.4795,353,S0_baseline,indonesia,USDC
723,1.0145699982761658,2929561254010.4795,353,S0_baseline,indonesia,USDC
724,1.0109066742407802,2929561254010.4795,353,S0_baseline,indonesia,USDC
725,0.9979952527455149,2929561254010.4795,353,S0_baseline,indonesia,USDC
726,0.9608673143924602,2929561254010.4795,353,S0_baseline,indonesia,USDC
727,0.9603742888964336,2929561148326.627,353,S0_baseline,indonesia,USDC
728,0.9770507716517235,2929561036577.7656,353,S0_baseline,indonesia,USDC
729,0.9872642809793595,2929561036577.7656,353,S0_baseline,indonesia,USDC
730,0.9953141697186433,2929561036577.7656,353,S0_baseline,indonesia,USDC
731,1.0387567823148245,2929561036577.7656,353,S0_baseline,indonesia,USDC
732,1.0422430074199067,2929561036577.7656,353,S0_baseline,indonesia,USDC
733,1.0507380710927021,2929561036577.7656,353,S0_baseline,indonesia,USDC
734,1.037292763513167,2929561036577.7656,353,S0_baseline,indonesia,USDC
735,1.0253231636753688,2929561036577.7656,353,S0_baseline,indonesia,USDC
736,1.0324045058947922,2929561036577.7656,353,S0_baseline,indonesia,USDC
737,1.0312311992633123,2929561036577.7656,353,S0_baseline,indonesia,USDC
738,1.0153980427726632,2929561036577.7656,353,S0_baseline,indonesia,USDC
739,0.9953470080670761,2929561036577.7656,353,S0_baseline,indonesia,USDC
740,1.0083714401029304,2929561036577.7656,353,S0_baseline,indonesia,USDC
741,1.0023789417879456,2929561036577.7656,353,S0_baseline,indonesia,USDC
742,0.9770620451533206,2929561036577.7656,353,S0_baseline,indonesia,USDC
743,0.9629763804135689,2929561036577.7656,353,S0_baseline,indonesia,USDC
744,0.9948747759217799,2929560952361.6167,353,S0_baseline,indonesia,USDC
745,1.0005732832529148,2929560952361.6167,353,S0_baseline,indonesia,USDC
746,0.9775912549943105,2929560952361.6167,353,S0_baseline,indonesia,USDC
747,0.9746099114786804,2929560952361.6167,353,S0_baseline,indonesia,USDC
748,0.9425569201702688,2929560952361.6167,353,S0_baseline,indonesia,USDC
749,0.951512324157565,2929560584518.6997,353,S0_baseline,indonesia,USDC
750,0.9657411506208134,2929560325005.3237,353,S0_baseline,indonesia,USDC
751,0.9910810813833913,2929560274126.4473,353,S0_baseline,indonesia,USDC
752,0.9716659893410873,2929560274126.4473,353,S0_baseline,indonesia,USDC
753,0.950246517856744,2929560274126.4473,353,S0_baseline,indonesia,USDC
754,0.9758406449745451,2929560037289.474,353,S0_baseline,indonesia,USDC
755,0.9939065900798709,2929560037289.474,353,S0_baseline,indonesia,USDC
756,0.98663603212792,2929560037289.474,353,S0_baseline,indonesia,USDC
757,1.0083890847189663,2929560037289.474,353,S0_baseline,indonesia,USDC
758,1.0257555315462876,2929560037289.474,353,S0_baseline,indonesia,USDC
759,0.9406768366306079,2929560037289.474,353,S0_baseline,indonesia,USDC
760,0.9546011078481031,2929559642220.039,353,S0_baseline,indonesia,USDC
761,0.9655575295250384,2929559460907.8784,353,S0_baseline,indonesia,USDC
762,0.9798069365281875,2929559418274.0923,353,S0_baseline,indonesia,USDC
763,0.9872734537919801,2929559418274.0923,353,S0_baseline,indonesia,USDC
764,0.9866766928064151,2929559418274.0923,353,S0_baseline,indonesia,USDC
765,1.0077142660235345,2929559418274.0923,353,S0_baseline,indonesia,USDC
766,1.0082773761412702,2929559418274.0923,353,S0_baseline,indonesia,USDC
767,0.9985999730623777,2929559418274.0923,353,S0_baseline,indonesia,USDC
768,0.9713615659592111,2929559418274.0923,353,S0_baseline,indonesia,USDC
769,0.9293035259237619,2929559418274.0923,353,S0_baseline,indonesia,USDC
770,0.9214613624128806,2929558926375.7935,353,S0_baseline,indonesia,USDC
771,0.905844278337744,2929558343932.0176,353,S0_baseline,indonesia,USDC
772,0.9033887994907446,2929557591563.8853,353,S0_baseline,indonesia,USDC
773,0.9276276425677331,2929556914968.2134,353,S0_baseline,indonesia,USDC
774,0.956564232819236,2929556517585.0654,353,S0_baseline,indonesia,USDC
775,0.9938363173781265,2929556399687.087,353,S0_baseline,indonesia,USDC
776,0.9992091995297442,2929556399687.087,353,S0_baseline,indonesia,USDC
777,1.016528880697502,2929556399687.087,353,S0_baseline,indonesia,USDC
778,1.0244864144291432,2929556399687.087,353,S0_baseline,indonesia,USDC
779,1.0346011263127286,2929556399687.087,353,S0_baseline,indonesia,USDC
780,1.0013421112073242,2929556399687.087,353,S0_baseline,indonesia,USDC
781,0.9835801297337244,2929556399687.087,353,S0_baseline,indonesia,USDC
782,1.008507191886434,2929556399687.087,353,S0_baseline,indonesia,USDC
783,0.98730164946835,2929556399687.087,353,S0_baseline,indonesia,USDC
784,1.0178117786121097,2929556399687.087,353,S0_baseline,indonesia,USDC
785,1.0220521170112165,2929556399687.087,353,S0_baseline,indonesia,USDC
786,1.0266441042221792,2929556399687.087,353,S0_baseline,indonesia,USDC
787,1.0581546126078305,2929556399687.087,353,S0_baseline,indonesia,USDC
788,1.0366239340825467,2929556399687.087,353,S0_baseline,indonesia,USDC
789,1.0187390296909127,2929556399687.087,353,S0_baseline,indonesia,USDC
790,1.0182489505869006,2929556399687.087,353,S0_baseline,indonesia,USDC
791,1.0623908991233444,2929556399687.087,353,S0_baseline,indonesia,USDC
792,1.0621865554107275,2929556399687.087,353,S0_baseline,indonesia,USDC
793,1.0814234026105511,2929556399687.087,353,S0_baseline,indonesia,USDC
794,1.0557002710034693,2929556399687.087,353,S0_baseline,indonesia,USDC
795,1.0811626244242287,2929556399687.087,353,S0_baseline,indonesia,USDC
796,1.0549785853567655,2929556399687.087,353,S0_baseline,indonesia,USDC
797,1.031161438029183,2929556399687.087,353,S0_baseline,indonesia,USDC
798,1.0228226076788451,2929556399687.087,353,S0_baseline,indonesia,USDC
799,1.021062608266237,2929556399687.087,353,S0_baseline,indonesia,USDC
800,1.014934740316597,2929556399687.087,353,S0_baseline,indonesia,USDC
801,1.0125839162163295,2929556399687.087,353,S0_baseline,indonesia,USDC
802,1.029800023491466,2929556399687.087,353,S0_baseline,indonesia,USDC
803,1.0319425502182171,2929556399687.087,353,S0_baseline,indonesia,USDC
804,1.011590656469872,2929556399687.087,353,S0_baseline,indonesia,USDC
805,0.9997305081492882,2929556399687.087,353,S0_baseline,indonesia,USDC
806,1.0120155998310274,2929556399687.087,353,S0_baseline,indonesia,USDC
807,0.9962770375569547,2929556399687.087,353,S0_baseline,indonesia,USDC
808,1.01274788696864,2929556399687.087,353,S0_baseline,indonesia,USDC
809,1.0244978521994796,2929556399687.087,353,S0_baseline,indonesia,USDC
810,1.0401741673660385,2929556399687.087,353,S0_baseline,indonesia,USDC
811,1.0509413530636977,2929556399687.087,353,S0_baseline,indonesia,USDC
812,1.0312010388652606,2929556399687.087,353,S0_baseline,indonesia,USDC
813,1.0380517323966623,2929556399687.087,353,S0_baseline,indonesia,USDC
814,1.029170752706339,2929556399687.087,353,S0_baseline,indonesia,USDC
815,1.006378345258302,2929556399687.087,353,S0_baseline,indonesia,USDC
816,1.0087289570128901,2929556399687.087,353,S0_baseline,indonesia,USDC
817,0.9833449728314392,2929556399687.087,353,S0_baseline,indonesia,USDC
818,0.929135099102506,2929556399687.087,353,S0_baseline,indonesia,USDC
819,0.9297420854828792,2929556036814.5327,353,S0_baseline,indonesia,USDC
820,0.9391260980280781,2929555682541.6226,353,S0_baseline,indonesia,USDC
821,0.9675163328369636,2929555432528.499,353,S0_baseline,indonesia,USDC
822,0.9584536593276753,2929555415485.188,353,S0_baseline,indonesia,USDC
823,0.9571567390752918,2929555326828.29,353,S0_baseline,indonesia,USDC
824,0.9456326398667414,2929555228579.2617,353,S0_baseline,indonesia,USDC
825,0.9467452115575932,2929555044226.9634,353,S0_baseline,indonesia,USDC
826,0.9310095601835876,2929554872788.679,353,S0_baseline,indonesia,USDC
827,0.9532687821071066,2929554564691.935,353,S0_baseline,indonesia,USDC
828,0.9568273879262147,2929554439949.158,353,S0_baseline,indonesia,USDC
829,0.9503218960174284,2929554343908.002,353,S0_baseline,indonesia,USDC
830,0.9521436698640305,2929554206941.337,353,S0_baseline,indonesia,USDC
831,0.9237352237906749,2929554085667.662,353,S0_baseline,indonesia,USDC
832,0.9426919779050692,2929553774189.9185,353,S0_baseline,indonesia,USDC
833,0.9328969775462864,2929553596087.0796,353,S0_baseline,indonesia,USDC
834,0.9260952902687859,2929553342579.4736,353,S0_baseline,indonesia,USDC
835,0.9127455136817049,2929553078355.6025,353,S0_baseline,indonesia,USDC
836,0.918774686260407,2929552717721.6924,353,S0_baseline,indonesia,USDC
837,0.9255504248020493,2929552429888.174,353,S0_baseline,indonesia,USDC
838,0.9551233943766945,2929552193696.5566,353,S0_baseline,indonesia,USDC
839,0.9423051361729209,2929552121489.4775,353,S0_baseline,indonesia,USDC
840,0.9392877758798329,2929551989689.96,353,S0_baseline,indonesia,USDC
841,0.933134053350568,2929551836105.8735,353,S0_baseline,indonesia,USDC
842,0.9341079430810081,2929551662111.552,353,S0_baseline,indonesia,USDC
843,0.9233782903700662,2929551488439.1025,353,S0_baseline,indonesia,USDC
844,0.9179071704307626,2929551289047.6523,353,S0_baseline,indonesia,USDC
845,0.9282920607013997,2929551069293.189,353,S0_baseline,indonesia,USDC
846,0.9399295837845355,2929550908126.698,353,S0_baseline,indonesia,USDC
847,0.9739334541410348,2929550790004.9253,353,S0_baseline,indonesia,USDC
848,0.9668012206619089,2929550790004.9253,353,S0_baseline,indonesia,USDC
849,0.9445070360937516,2929550777402.8086,353,S0_baseline,indonesia,USDC
850,0.9760607667379644,2929550677300.2905,353,S0_baseline,indonesia,USDC
851,0.992949670724588,2929550677300.2905,353,S0_baseline,indonesia,USDC
852,0.9616217995165789,2929550677300.2905,353,S0_baseline,indonesia,USDC
853,0.9602989597978362,2929550652603.3623,353,S0_baseline,indonesia,USDC
854,0.9964151570207549,2929550618240.731,353,S0_baseline,indonesia,USDC
855,1.0025197934503969,2929550618240.731,353,S0_baseline,indonesia,USDC
856,1.022288761026623,2929550618240.731,353,S0_baseline,indonesia,USDC
857,1.0102304180130985,2929550618240.731,353,S0_baseline,indonesia,USDC
858,1.009967831271782,2929550618240.731,353,S0_baseline,indonesia,USDC
859,1.0570441562181778,2929550618240.731,353,S0_baseline,indonesia,USDC
860,1.0415425210820248,2929550618240.731,353,S0_baseline,indonesia,USDC
861,1.0444724602025182,2929550618240.731,353,S0_baseline,indonesia,USDC
862,1.0252115952211343,2929550618240.731,353,S0_baseline,indonesia,USDC
863,1.030373081801482,2929550618240.731,353,S0_baseline,indonesia,USDC
864,1.054028372791697,2929550618240.731,353,S0_baseline,indonesia,USDC
865,1.0581842187800408,2929550618240.731,353,S0_baseline,indonesia,USDC
866,1.0507074646819154,2929550618240.731,353,S0_baseline,indonesia,USDC
867,1.0230315266269796,2929550618240.731,353,S0_baseline,indonesia,USDC
868,1.0123333360893483,2929550618240.731,353,S0_baseline,indonesia,USDC
869,1.0071561817804395,2929550618240.731,353,S0_baseline,indonesia,USDC
870,1.003186215170927,2929550618240.731,353,S0_baseline,indonesia,USDC
871,0.9800090056045376,2929550618240.731,353,S0_baseline,indonesia,USDC
872,0.9814309753121075,2929550618240.731,353,S0_baseline,indonesia,USDC
873,0.9828677588031707,2929550618240.731,353,S0_baseline,indonesia,USDC
874,0.9810061049778643,2929550618240.731,353,S0_baseline,indonesia,USDC
875,0.9795920078067536,2929550618240.731,353,S0_baseline,indonesia,USDC
876,0.969080297082667,2929550618240.731,353,S0_baseline,indonesia,USDC
877,0.9624955037927937,2929550617108.87,353,S0_baseline,indonesia,USDC
878,0.964514747822582,2929550593512.988,353,S0_baseline,indonesia,USDC
879,0.9804377179572308,2929550577370.962,353,S0_baseline,indonesia,USDC
880,0.9946676211037526,2929550577370.962,353,S0_baseline,indonesia,USDC
881,0.9899201211876991,2929550577370.962,353,S0_baseline,indonesia,USDC
882,0.9918345604424722,2929550577370.962,353,S0_baseline,indonesia,USDC
883,1.021749731180057,2929550577370.962,353,S0_baseline,indonesia,USDC
884,1.0159530226529379,2929550577370.962,353,S0_baseline,indonesia,USDC
885,1.0431730876490577,2929550577370.962,353,S0_baseline,indonesia,USDC
886,1.0229898009947156,2929550577370.962,353,S0_baseline,indonesia,USDC
887,0.9774161793769662,2929550577370.962,353,S0_baseline,indonesia,USDC
888,0.9936692544930281,2929550577370.962,353,S0_baseline,indonesia,USDC
889,0.978171656147466,2929550577370.962,353,S0_baseline,indonesia,USDC
890,0.9851776279705854,2929550577370.962,353,S0_baseline,indonesia,USDC
891,0.9811228116860137,2929550577370.962,353,S0_baseline,indonesia,USDC
892,0.9539443184362549,2929550577370.962,353,S0_baseline,indonesia,USDC
893,0.9612552806644986,2929550517636.5376,353,S0_baseline,indonesia,USDC
894,0.9886441446060463,2929550488068.383,353,S0_baseline,indonesia,USDC
895,0.9732027275079234,2929550488068.383,353,S0_baseline,indonesia,USDC
896,0.9710950565744668,2929550488068.383,353,S0_baseline,indonesia,USDC
897,0.9888672744493318,2929550488068.383,353,S0_baseline,indonesia,USDC
898,1.0286316323980487,2929550488068.383,353,S0_baseline,indonesia,USDC
899,1.0144546663040868,2929550488068.383,353,S0_baseline,indonesia,USDC
900,1.0273585824931608,2929550488068.383,353,S0_baseline,indonesia,USDC
901,0.9954368242104857,2929550488068.383,353,S0_baseline,indonesia,USDC
902,0.9650589482322732,2929550488068.383,353,S0_baseline,indonesia,USDC
903,0.9868022444070446,2929550472314.2837,353,S0_baseline,indonesia,USDC
904,0.9614792843750877,2929550472314.2837,353,S0_baseline,indonesia,USDC
905,0.9643059793207349,2929550446219.242,353,S0_baseline,indonesia,USDC
906,0.9703221622315445,2929550427916.226,353,S0_baseline,indonesia,USDC
907,0.9319107851946569,2929550427916.226,353,S0_baseline,indonesia,USDC
908,0.9257830867192691,2929550300205.7935,353,S0_baseline,indonesia,USDC
909,0.9528564226127688,2929550161078.926,353,S0_baseline,indonesia,USDC
910,0.963579656243945,2929550109745.495,353,S0_baseline,indonesia,USDC
911,0.9968515720634231,2929550094851.1924,353,S0_baseline,indonesia,USDC
912,1.0261167224997982,2929550094851.1924,353,S0_baseline,indonesia,USDC
913,1.0048127391366142,2929550094851.1924,353,S0_baseline,indonesia,USDC
914,0.999763325991274,2929550094851.1924,353,S0_baseline,indonesia,USDC
915,1.0242403481753064,2929550094851.1924,353,S0_baseline,indonesia,USDC
916,1.0277090001800242,2929550094851.1924,353,S0_baseline,indonesia,USDC
917,1.019564998593813,2929550094851.1924,353,S0_baseline,indonesia,USDC
918,1.0306191146315904,2929550094851.1924,353,S0_baseline,indonesia,USDC
919,1.0367021455197314,2929550094851.1924,353,S0_baseline,indonesia,USDC
920,1.0293889784314187,2929550094851.1924,353,S0_baseline,indonesia,USDC
921,1.0207906207017738,2929550094851.1924,353,S0_baseline,indonesia,USDC
922,1.0395940055371202,2929550094851.1924,353,S0_baseline,indonesia,USDC
923,1.021440213410774,2929550094851.1924,353,S0_baseline,indonesia,USDC
924,0.9992736606437905,2929550094851.1924,353,S0_baseline,indonesia,USDC
925,1.016962993570186,2929550094851.1924,353,S0_baseline,indonesia,USDC
926,1.0225801662184852,2929550094851.1924,353,S0_baseline,indonesia,USDC
927,1.039036876627832,2929550094851.1924,353,S0_baseline,indonesia,USDC
928,1.0473212118813122,2929550094851.1924,353,S0_baseline,indonesia,USDC
929,1.0325723906062347,2929550094851.1924,353,S0_baseline,indonesia,USDC
930,1.0099061084223346,2929550094851.1924,353,S0_baseline,indonesia,USDC
931,1.0176406985866657,2929550094851.1924,353,S0_baseline,indonesia,USDC
932,1.0022318839386957,2929550094851.1924,353,S0_baseline,indonesia,USDC
933,1.0026443484839906,2929550094851.1924,353,S0_baseline,indonesia,USDC
934,1.0072132746649023,2929550094851.1924,353,S0_baseline,indonesia,USDC
935,1.0071596895389492,2929550094851.1924,353,S0_baseline,indonesia,USDC
936,1.032066634741214,2929550094851.1924,353,S0_baseline,indonesia,USDC
937,1.0021363320962593,2929550094851.1924,353,S0_baseline,indonesia,USDC
938,0.9701951397671393,2929550094851.1924,353,S0_baseline,indonesia,USDC
939,0.9459615832755522,2929550094851.1924,353,S0_baseline,indonesia,USDC
940,0.9464281394716701,2929550020221.8745,353,S0_baseline,indonesia,USDC
941,0.9419609149285871,2929549954490.1196,353,S0_baseline,indonesia,USDC
942,0.9679760579590169,2929549868177.157,353,S0_baseline,indonesia,USDC
943,0.9843093551800997,2929549862126.9336,353,S0_baseline,indonesia,USDC
944,1.0079224969034386,2929549862126.9336,353,S0_baseline,indonesia,USDC
945,0.988745304328181,2929549862126.9336,353,S0_baseline,indonesia,USDC
946,0.9855016857366883,2929549862126.9336,353,S0_baseline,indonesia,USDC
947,0.977009174312883,2929549862126.9336,353,S0_baseline,indonesia,USDC
948,0.9774504970751613,2929549862126.9336,353,S0_baseline,indonesia,USDC
949,0.9700026741666635,2929549862126.9336,353,S0_baseline,indonesia,USDC
950,0.9570259656865596,2929549862126.9336,353,S0_baseline,indonesia,USDC
951,0.9448663676594807,2929549823424.2344,353,S0_baseline,indonesia,USDC
952,0.9464225196585847,2929549749451.196,353,S0_baseline,indonesia,USDC
953,0.9482521899482402,2929549681856.246,353,S0_baseline,indonesia,USDC
954,0.9488335807502821,2929549625889.3843,353,S0_baseline,indonesia,USDC
955,0.9709735378035502,2929549574911.6587,353,S0_baseline,indonesia,USDC
956,1.001347171495469,2929549574911.6587,353,S0_baseline,indonesia,USDC
957,1.0067861956911952,2929549574911.6587,353,S0_baseline,indonesia,USDC
958,0.9772245481171473,2929549574911.6587,353,S0_baseline,indonesia,USDC
959,0.9614149799051518,2929549574911.6587,353,S0_baseline,indonesia,USDC
960,0.9581312501438063,2929549555317.739,353,S0_baseline,indonesia,USDC
961,0.984484388399118,2929549525492.6396,353,S0_baseline,indonesia,USDC
962,1.0274143021420086,2929549525492.6396,353,S0_baseline,indonesia,USDC
963,1.0244880874775084,2929549525492.6396,353,S0_baseline,indonesia,USDC
964,1.038921489414744,2929549525492.6396,353,S0_baseline,indonesia,USDC
965,1.0425594885265708,2929549525492.6396,353,S0_baseline,indonesia,USDC
966,1.0277060900393935,2929549525492.6396,353,S0_baseline,indonesia,USDC
967,1.0121608267570246,2929549525492.6396,353,S0_baseline,indonesia,USDC
968,1.0103058088541021,2929549525492.6396,353,S0_baseline,indonesia,USDC
969,0.9846042943920618,2929549525492.6396,353,S0_baseline,indonesia,USDC
970,0.9723576511131214,2929549525492.6396,353,S0_baseline,indonesia,USDC
971,0.9526635089492979,2929549525492.6396,353,S0_baseline,indonesia,USDC
972,0.9481797911440257,2929549481836.974,353,S0_baseline,indonesia,USDC
973,0.9247674357105461,2929549425299.9946,353,S0_baseline,indonesia,USDC
974,0.9783223200579378,2929549310737.128,353,S0_baseline,indonesia,USDC
975,1.0023359392610782,2929549310737.128,353,S0_baseline,indonesia,USDC
976,0.9889621856998848,2929549310737.128,353,S0_baseline,indonesia,USDC
977,0.984031837721091,2929549310737.128,353,S0_baseline,indonesia,USDC
978,0.9781713308829064,2929549310737.128,353,S0_baseline,indonesia,USDC
979,0.9720622613194141,2929549310737.128,353,S0_baseline,indonesia,USDC
980,0.9831788620998578,2929549310737.128,353,S0_baseline,indonesia,USDC
981,1.0000765749834957,2929549310737.128,353,S0_baseline,indonesia,USDC
982,1.0062320007841357,2929549310737.128,353,S0_baseline,indonesia,USDC
983,1.0132501189511562,2929549310737.128,353,S0_baseline,indonesia,USDC
984,1.0300758427714523,2929549310737.128,353,S0_baseline,indonesia,USDC
985,1.0361560572427302,2929549310737.128,353,S0_baseline,indonesia,USDC
986,1.0524200063238345,2929549310737.128,353,S0_baseline,indonesia,USDC
987,1.0459992218420997,2929549310737.128,353,S0_baseline,indonesia,USDC
988,0.9926496337974682,2929549310737.128,353,S0_baseline,indonesia,USDC
989,1.0064166290638867,2929549310737.128,353,S0_baseline,indonesia,USDC
990,1.0103931542484093,2929549310737.128,353,S0_baseline,indonesia,USDC
991,0.9788388366190478,2929549310737.128,353,S0_baseline,indonesia,USDC
992,1.0062894758724568,2929549310737.128,353,S0_baseline,indonesia,USDC
993,1.034977296945523,2929549310737.128,353,S0_baseline,indonesia,USDC
994,1.05425726180948,2929549310737.128,353,S0_baseline,indonesia,USDC
995,1.0291203093471488,2929549310737.128,353,S0_baseline,indonesia,USDC
996,1.004614124034556,2929549310737.128,353,S0_baseline,indonesia,USDC
997,1.0224410528054533,2929549310737.128,353,S0_baseline,indonesia,USDC
998,1.0027118533545307,2929549310737.128,353,S0_baseline,indonesia,USDC
999,0.989556350045477,2929549310737.128,353,S0_baseline,indonesia,USDC
1000,0.998160764050426,2929549310737.128,353,S0_baseline,indonesia,USDC
