Step,price,liquidity,iteration,scenario,region,coin
1,0.9947137242106442,2989486853683.2783,48,S0_baseline,indonesia,USDC
2,0.9943079841507131,2989486853683.2783,48,S0_baseline,indonesia,USDC
3,1.005259195492677,2989486853683.2783,48,S0_baseline,indonesia,USDC
4,1.0513092846599796,2989486853683.2783,48,S0_baseline,indonesia,USDC
5,1.0371585225027526,2989486853683.2783,48,S0_baseline,indonesia,USDC
6,1.0549761138198925,2989486853683.2783,48,S0_baseline,indonesia,USDC
7,1.080113582034286,2989486853683.2783,48,S0_baseline,indonesia,USDC
8,1.0480466142654346,2989486853683.2783,48,S0_baseline,indonesia,USDC
9,1.0257322432050962,2989486853683.2783,48,S0_baseline,indonesia,USDC
10,1.0184262549207312,2989486853683.2783,48,S0_baseline,indonesia,USDC
11,0.9944019326544414,2989486853683.2783,48,S0_baseline,indonesia,USDC
12,1.0061198085087384,2989486853683.2783,48,S0_baseline,indonesia,USDC
13,0.9950857189648876,2989486853683.2783,48,S0_baseline,indonesia,USDC
14,1.0316960358954483,2989486853683.2783,48,S0_baseline,indonesia,USDC
15,1.0295603370419741,2989486853683.2783,48,S0_baseline,indonesia,USDC
16,1.0376101424137014,2989486853683.2783,48,S0_baseline,indonesia,USDC
17,1.0408007410833542,2989486853683.2783,48,S0_baseline,indonesia,USDC
18,1.0349710495139544,2989486853683.2783,48,S0_baseline,indonesia,USDC
19,1.0250716162649072,2989486853683.2783,48,S0_baseline,indonesia,USDC
20,1.0265373622146434,2989486853683.2783,48,S0_baseline,indonesia,USDC
21,1.0297287001078217,2989486853683.2783,48,S0_baseline,indonesia,USDC
22,1.050206082796733,2989486853683.2783,48,S0_baseline,indonesia,USDC
23,1.0627592341774277,2989486853683.2783,48,S0_baseline,indonesia,USDC
24,1.079965206533728,2989486853683.2783,48,S0_baseline,indonesia,USDC
25,1.097944539471743,2989486853683.2783,48,S0_baseline,indonesia,USDC
26,1.0373963035487959,2989486853683.2783,48,S0_baseline,indonesia,USDC
27,1.0584093999656903,2989486853683.2783,48,S0_baseline,indonesia,USDC
28,1.0500234318247104,2989486853683.2783,48,S0_baseline,indonesia,USDC
29,0.967049880084129,2989486853683.2783,48,S0_baseline,indonesia,USDC
30,0.9529884577601458,2989304372038.997,48,S0_baseline,indonesia,USDC
31,0.9815398054229908,2988311401100.4004,48,S0_baseline,indonesia,USDC
32,0.9876383207388143,2988311401100.4004,48,S0_baseline,indonesia,USDC
33,0.9536561255685331,2988311401100.4004,48,S0_baseline,indonesia,USDC
34,0.9438685905808019,2987357347263.9917,48,S0_baseline,indonesia,USDC
35,0.9549196903230308,2985866189125.514,48,S0_baseline,indonesia,USDC
36,0.9528558984794723,2985026072436.479,48,S0_baseline,indonesia,USDC
37,0.9897317188039214,2984063593279.1533,48,S0_baseline,indonesia,USDC
38,0.9711723313804183,2984063593279.1533,48,S0_baseline,indonesia,USDC
39,0.9610905336175715,2984063593279.1533,48,S0_baseline,indonesia,USDC
40,0.9800024992685281,2983594118490.5957,48,S0_baseline,indonesia,USDC
41,0.9827213699697472,2983594118490.5957,48,S0_baseline,indonesia,USDC
42,0.9940109947884314,2983594118490.5957,48,S0_baseline,indonesia,USDC
43,0.9974373754438055,2983594118490.5957,48,S0_baseline,indonesia,USDC
44,0.9830321895537045,2983594118490.5957,48,S0_baseline,indonesia,USDC
45,1.0092216688298183,2983594118490.5957,48,S0_baseline,indonesia,USDC
46,1.0244530298623213,2983594118490.5957,48,S0_baseline,indonesia,USDC
47,1.0256293174055413,2983594118490.5957,48,S0_baseline,indonesia,USDC
48,1.031667709929484,2983594118490.5957,48,S0_baseline,indonesia,USDC
49,1.0301091114131298,2983594118490.5957,48,S0_baseline,indonesia,USDC
50,1.0654302570273466,2983594118490.5957,48,S0_baseline,indonesia,USDC
51,1.0841071467753653,2983594118490.5957,48,S0_baseline,indonesia,USDC
52,1.0781039515878719,2983594118490.5957,48,S0_baseline,indonesia,USDC
53,1.0612344710328798,2983594118490.5957,48,S0_baseline,indonesia,USDC
54,1.0586531077224715,2983594118490.5957,48,S0_baseline,indonesia,USDC
55,1.0339995126091412,2983594118490.5957,48,S0_baseline,indonesia,USDC
56,1.0202533718219375,2983594118490.5957,48,S0_baseline,indonesia,USDC
57,1.0382480651173993,2983594118490.5957,48,S0_baseline,indonesia,USDC
58,1.0366206629841361,2983594118490.5957,48,S0_baseline,indonesia,USDC
59,1.0223086069831941,2983594118490.5957,48,S0_baseline,indonesia,USDC
60,1.0216399692013132,2983594118490.5957,48,S0_baseline,indonesia,USDC
61,1.041538826653385,2983594118490.5957,48,S0_baseline,indonesia,USDC
62,1.0315543828564975,2983594118490.5957,48,S0_baseline,indonesia,USDC
63,1.0354916896921893,2983594118490.5957,48,S0_baseline,indonesia,USDC
64,1.0492389735441146,2983594118490.5957,48,S0_baseline,indonesia,USDC
65,1.0459767190944955,2983594118490.5957,48,S0_baseline,indonesia,USDC
66,1.0195563271924442,2983594118490.5957,48,S0_baseline,indonesia,USDC
67,1.0273069571467448,2983594118490.5957,48,S0_baseline,indonesia,USDC
68,1.0025708257215553,2983594118490.5957,48,S0_baseline,indonesia,USDC
69,1.005089763232832,2983594118490.5957,48,S0_baseline,indonesia,USDC
70,0.9886242816975772,2983594118490.5957,48,S0_baseline,indonesia,USDC
71,0.9910983053685731,2983594118490.5957,48,S0_baseline,indonesia,USDC
72,0.9913900986441757,2983594118490.5957,48,S0_baseline,indonesia,USDC
73,1.0222938382004707,2983594118490.5957,48,S0_baseline,indonesia,USDC
74,1.0147376933721828,2983594118490.5957,48,S0_baseline,indonesia,USDC
75,1.0203648549509448,2983594118490.5957,48,S0_baseline,indonesia,USDC
76,0.9931209844443254,2983594118490.5957,48,S0_baseline,indonesia,USDC
77,1.0033217147975249,2983594118490.5957,48,S0_baseline,indonesia,USDC
78,1.01289048897353,2983594118490.5957,48,S0_baseline,indonesia,USDC
79,0.9911233738820874,2983594118490.5957,48,S0_baseline,indonesia,USDC
80,1.0049407293045427,2983594118490.5957,48,S0_baseline,indonesia,USDC
81,0.982563765128026,2983594118490.5957,48,S0_baseline,indonesia,USDC
82,0.9583927060470041,2983594118490.5957,48,S0_baseline,indonesia,USDC
83,0.9305156885108367,2982995765505.972,48,S0_baseline,indonesia,USDC
84,0.9030591243611212,2980941832031.2104,48,S0_baseline,indonesia,USDC
85,0.9061071667319719,2977448380799.4893,48,S0_baseline,indonesia,USDC
86,0.922378956357195,2974452372154.328,48,S0_baseline,indonesia,USDC
87,0.9031650175701353,2972289126340.0146,48,S0_baseline,indonesia,USDC
88,0.9129459950057065,2969503289985.016,48,S0_baseline,indonesia,USDC
89,0.8871335658319389,2967293501093.7207,48,S0_baseline,indonesia,USDC
90,0.9068786779851791,2964124899664.2915,48,S0_baseline,indonesia,USDC
91,0.9190524905502516,2962017787079.86,48,S0_baseline,indonesia,USDC
92,0.9330658978500561,2960434675935.794,48,S0_baseline,indonesia,USDC
93,0.96387740319909,2959324962095.5596,48,S0_baseline,indonesia,USDC
94,0.9708203785670251,2959191869037.698,48,S0_baseline,indonesia,USDC
95,0.9662883463102204,2959191869037.698,48,S0_baseline,indonesia,USDC
96,0.9044275268852383,2959095281635.4194,48,S0_baseline,indonesia,USDC
97,0.920230904500057,2957191288004.879,48,S0_baseline,indonesia,USDC
98,0.9174705285365541,2955883734650.07,48,S0_baseline,indonesia,USDC
99,0.9307376437022088,2954566530347.2393,48,S0_baseline,indonesia,USDC
100,0.9012239970411858,2953640928980.2627,48,S0_baseline,indonesia,USDC
101,0.9329973615588204,2951969479251.65,48,S0_baseline,indonesia,USDC
102,0.9512669659707188,2951111833411.325,48,S0_baseline,indonesia,USDC
103,0.9761737306384075,2950730283149.6436,48,S0_baseline,indonesia,USDC
104,0.982316795872835,2950730283149.6436,48,S0_baseline,indonesia,USDC
105,1.0006400575899412,2950730283149.6436,48,S0_baseline,indonesia,USDC
106,0.9969064871938476,2950730283149.6436,48,S0_baseline,indonesia,USDC
107,1.018587252835749,2950730283149.6436,48,S0_baseline,indonesia,USDC
108,1.000112970474458,2950730283149.6436,48,S0_baseline,indonesia,USDC
109,1.028691648600922,2950730283149.6436,48,S0_baseline,indonesia,USDC
110,1.060813251155862,2950730283149.6436,48,S0_baseline,indonesia,USDC
111,1.0457544556303955,2950730283149.6436,48,S0_baseline,indonesia,USDC
112,1.0355795325507762,2950730283149.6436,48,S0_baseline,indonesia,USDC
113,1.003143208987572,2950730283149.6436,48,S0_baseline,indonesia,USDC
114,1.020463422378703,2950730283149.6436,48,S0_baseline,indonesia,USDC
115,1.0018412759090694,2950730283149.6436,48,S0_baseline,indonesia,USDC
116,1.024905223554741,2950730283149.6436,48,S0_baseline,indonesia,USDC
117,1.0049634603170805,2950730283149.6436,48,S0_baseline,indonesia,USDC
118,0.9786420659383881,2950730283149.6436,48,S0_baseline,indonesia,USDC
119,1.0156051459035043,2950730283149.6436,48,S0_baseline,indonesia,USDC
120,1.062154743251018,2950730283149.6436,48,S0_baseline,indonesia,USDC
121,1.0422725606588288,2950730283149.6436,48,S0_baseline,indonesia,USDC
122,1.0314902778422341,2950730283149.6436,48,S0_baseline,indonesia,USDC
123,1.0266742586239754,2950730283149.6436,48,S0_baseline,indonesia,USDC
124,0.999162410700297,2950730283149.6436,48,S0_baseline,indonesia,USDC
125,1.000974308043412,2950730283149.6436,48,S0_baseline,indonesia,USDC
126,1.0115725240974907,2950730283149.6436,48,S0_baseline,indonesia,USDC
127,0.9970425408814122,2950730283149.6436,48,S0_baseline,indonesia,USDC
128,1.0118845365077571,2950730283149.6436,48,S0_baseline,indonesia,USDC
129,0.9826465451785606,2950730283149.6436,48,S0_baseline,indonesia,USDC
130,1.0063957967606705,2950730283149.6436,48,S0_baseline,indonesia,USDC
131,1.0240816374382058,2950730283149.6436,48,S0_baseline,indonesia,USDC
132,1.0860249994991056,2950730283149.6436,48,S0_baseline,indonesia,USDC
133,1.0661281867768178,2950730283149.6436,48,S0_baseline,indonesia,USDC
134,1.051508447115942,2950730283149.6436,48,S0_baseline,indonesia,USDC
135,1.0647961058364044,2950730283149.6436,48,S0_baseline,indonesia,USDC
136,1.0689337502571437,2950730283149.6436,48,S0_baseline,indonesia,USDC
137,1.101216106374672,2950730283149.6436,48,S0_baseline,indonesia,USDC
138,1.0867127492985085,2950730283149.6436,48,S0_baseline,indonesia,USDC
139,1.0939928089372715,2950730283149.6436,48,S0_baseline,indonesia,USDC
140,1.0689831861944847,2950730283149.6436,48,S0_baseline,indonesia,USDC
141,0.9709531821250452,2950730283149.6436,48,S0_baseline,indonesia,USDC
142,0.9561457107589476,2950730283149.6436,48,S0_baseline,indonesia,USDC
143,0.9515681382619317,2950459055271.0625,48,S0_baseline,indonesia,USDC
144,0.9385641593530683,2950060543188.579,48,S0_baseline,indonesia,USDC
145,0.9263592291037773,2949415633617.0347,48,S0_baseline,indonesia,USDC
146,0.92873637341379,2948519028133.1885,48,S0_baseline,indonesia,USDC
147,0.952533569456521,2947732394644.8003,48,S0_baseline,indonesia,USDC
148,0.9653131240647526,2947433776831.7837,48,S0_baseline,indonesia,USDC
149,0.9856224615179134,2947379149133.4507,48,S0_baseline,indonesia,USDC
150,0.956068350964131,2947379149133.4507,48,S0_baseline,indonesia,USDC
151,0.9894073379798421,2947122170596.69,48,S0_baseline,indonesia,USDC
152,0.9880289421724594,2947122170596.69,48,S0_baseline,indonesia,USDC
153,0.9768949095578657,2947122170596.69,48,S0_baseline,indonesia,USDC
154,0.9749879815764813,2947122170596.69,48,S0_baseline,indonesia,USDC
155,0.9719519282591615,2947122170596.69,48,S0_baseline,indonesia,USDC
156,0.9795085107685774,2947122170596.69,48,S0_baseline,indonesia,USDC
157,0.9721121999129506,2947122170596.69,48,S0_baseline,indonesia,USDC
158,0.9708023172243982,2947122170596.69,48,S0_baseline,indonesia,USDC
159,0.9653845849775894,2947122170596.69,48,S0_baseline,indonesia,USDC
160,0.9494632011876789,2947048827298.422,48,S0_baseline,indonesia,USDC
161,0.9597061729520321,2946692321624.42,48,S0_baseline,indonesia,USDC
162,0.9575142224986091,2946545469661.7495,48,S0_baseline,indonesia,USDC
163,0.9386713726145556,2946363250429.3354,48,S0_baseline,indonesia,USDC
164,0.9225385490873586,2945871534931.5166,48,S0_baseline,indonesia,USDC
165,0.918876852433758,2945069843442.0503,48,S0_baseline,indonesia,USDC
166,0.9083973615146901,2944313715167.7466,48,S0_baseline,indonesia,USDC
167,0.8988396062953796,2943395102703.038,48,S0_baseline,indonesia,USDC
168,0.9164268467235976,2942422975608.4287,48,S0_baseline,indonesia,USDC
169,0.9458757746881067,2941745546835.221,48,S0_baseline,indonesia,USDC
170,0.9509812534305712,2941463423972.853,48,S0_baseline,indonesia,USDC
171,0.9407535733472138,2941248753349.3213,48,S0_baseline,indonesia,USDC
172,0.917084562058248,2940906155481.2207,48,S0_baseline,indonesia,USDC
173,0.9600889214364249,2940299595868.4,48,S0_baseline,indonesia,USDC
174,0.963033865806919,2940211360273.407,48,S0_baseline,indonesia,USDC
175,0.9918864240793824,2940134341353.757,48,S0_baseline,indonesia,USDC
176,0.9831723222554651,2940134341353.757,48,S0_baseline,indonesia,USDC
177,1.0039054389485,2940134341353.757,48,S0_baseline,indonesia,USDC
178,0.9757079934332517,2940134341353.757,48,S0_baseline,indonesia,USDC
179,0.9752382444983908,2940134341353.757,48,S0_baseline,indonesia,USDC
180,0.9486065428763827,2940134341353.757,48,S0_baseline,indonesia,USDC
181,0.9364370070279214,2939908836545.699,48,S0_baseline,indonesia,USDC
182,0.9431817336994764,2939571025212.1875,48,S0_baseline,indonesia,USDC
183,0.9480703897812779,2939321755376.8115,48,S0_baseline,indonesia,USDC
184,0.9487743164098164,2939108137781.8667,48,S0_baseline,indonesia,USDC
185,0.9566216996608146,2938906020751.8594,48,S0_baseline,indonesia,USDC
186,0.9624356578415582,2938776111013.727,48,S0_baseline,indonesia,USDC
187,0.9724244905346059,2938715688430.0923,48,S0_baseline,indonesia,USDC
188,0.9631877694362789,2938715688430.0923,48,S0_baseline,indonesia,USDC
189,0.9648293189518355,2938668387140.9136,48,S0_baseline,indonesia,USDC
190,0.9712946268228089,2938636089468.951,48,S0_baseline,indonesia,USDC
191,0.9696566049581078,2938636089468.951,48,S0_baseline,indonesia,USDC
192,0.9780619283381011,2938633926283.626,48,S0_baseline,indonesia,USDC
193,0.9349992163646319,2938633926283.626,48,S0_baseline,indonesia,USDC
194,0.9676250232113426,2938324207893.994,48,S0_baseline,indonesia,USDC
195,0.962907073701243,2938312368443.588,48,S0_baseline,indonesia,USDC
196,0.9467469354710798,2938253435326.633,48,S0_baseline,indonesia,USDC
197,0.9499868617709721,2938043280802.2505,48,S0_baseline,indonesia,USDC
198,0.9525301602787773,2937874134064.672,48,S0_baseline,indonesia,USDC
199,0.9576765831828135,2937729965811.5894,48,S0_baseline,indonesia,USDC
200,0.9692688833809466,2937643224086.7397,48,S0_baseline,indonesia,USDC
201,0.9457968499112808,2937641157385.6055,48,S0_baseline,indonesia,USDC
202,0.9520820991980607,2937437693636.7637,48,S0_baseline,indonesia,USDC
203,0.959393701721467,2937310463756.7954,48,S0_baseline,indonesia,USDC
204,0.9691144654838297,2937241293499.2266,48,S0_baseline,indonesia,USDC
205,0.9551185373939439,2937241293499.2266,48,S0_baseline,indonesia,USDC
206,0.9634765794875828,2937134238949.5703,48,S0_baseline,indonesia,USDC
207,0.9642388498249878,2937097206293.3667,48,S0_baseline,indonesia,USDC
208,0.9802979527831158,2937066034503.529,48,S0_baseline,indonesia,USDC
209,0.9720660645113121,2937066034503.529,48,S0_baseline,indonesia,USDC
210,0.93594742050361,2937066034503.529,48,S0_baseline,indonesia,USDC
211,0.9630019943665605,2936824985685.695,48,S0_baseline,indonesia,USDC
212,0.9651302668455424,2936781388663.4814,48,S0_baseline,indonesia,USDC
213,0.9542582431338188,2936749119583.3926,48,S0_baseline,indonesia,USDC
214,0.9664584650147524,2936642695700.364,48,S0_baseline,indonesia,USDC
215,0.9779769443772766,2936620723323.8584,48,S0_baseline,indonesia,USDC
216,0.9996571184434938,2936620723323.8584,48,S0_baseline,indonesia,USDC
217,1.0219143239521915,2936620723323.8584,48,S0_baseline,indonesia,USDC
218,1.0105786220881516,2936620723323.8584,48,S0_baseline,indonesia,USDC
219,1.006207859736649,2936620723323.8584,48,S0_baseline,indonesia,USDC
220,1.0282489982470802,2936620723323.8584,48,S0_baseline,indonesia,USDC
221,1.0209639573228,2936620723323.8584,48,S0_baseline,indonesia,USDC
222,0.9854487402585196,2936620723323.8584,48,S0_baseline,indonesia,USDC
223,1.0078054530874354,2936620723323.8584,48,S0_baseline,indonesia,USDC
224,1.0302904564658415,2936620723323.8584,48,S0_baseline,indonesia,USDC
225,1.07410635885886,2936620723323.8584,48,S0_baseline,indonesia,USDC
226,1.0566867844798429,2936620723323.8584,48,S0_baseline,indonesia,USDC
227,1.032929255757519,2936620723323.8584,48,S0_baseline,indonesia,USDC
228,0.9935323969020511,2936620723323.8584,48,S0_baseline,indonesia,USDC
229,0.979097838319982,2936620723323.8584,48,S0_baseline,indonesia,USDC
230,0.9752604331507502,2936620723323.8584,48,S0_baseline,indonesia,USDC
231,0.9587190088618613,2936620723323.8584,48,S0_baseline,indonesia,USDC
232,0.9468253341950011,2936542800737.255,48,S0_baseline,indonesia,USDC
233,0.9639959154048504,2936387155648.2607,48,S0_baseline,indonesia,USDC
234,0.9759281047304474,2936344444311.4263,48,S0_baseline,indonesia,USDC
235,0.9771925278179542,2936344444311.4263,48,S0_baseline,indonesia,USDC
236,0.9660658907617838,2936344444311.4263,48,S0_baseline,indonesia,USDC
237,0.949897239692784,2936320626193.325,48,S0_baseline,indonesia,USDC
238,0.9465383210053767,2936184930220.842,48,S0_baseline,indonesia,USDC
239,0.9784832753028222,2936029135142.3965,48,S0_baseline,indonesia,USDC
240,0.991397387364984,2936029135142.3965,48,S0_baseline,indonesia,USDC
241,0.9944222711244658,2936029135142.3965,48,S0_baseline,indonesia,USDC
242,1.0018571501244282,2936029135142.3965,48,S0_baseline,indonesia,USDC
243,0.975308462771953,2936029135142.3965,48,S0_baseline,indonesia,USDC
244,0.9944360432459158,2936029135142.3965,48,S0_baseline,indonesia,USDC
245,1.012300003741019,2936029135142.3965,48,S0_baseline,indonesia,USDC
246,1.0163288726902253,2936029135142.3965,48,S0_baseline,indonesia,USDC
247,1.0213008206735483,2936029135142.3965,48,S0_baseline,indonesia,USDC
248,1.0101248633994218,2936029135142.3965,48,S0_baseline,indonesia,USDC
249,1.0086256839680838,2936029135142.3965,48,S0_baseline,indonesia,USDC
250,0.9986451902567315,2936029135142.3965,48,S0_baseline,indonesia,USDC
251,1.0131409724151978,2936029135142.3965,48,S0_baseline,indonesia,USDC
252,0.9986998202118632,2936029135142.3965,48,S0_baseline,indonesia,USDC
253,0.9607792049239077,2936029135142.3965,48,S0_baseline,indonesia,USDC
254,0.9646791149336308,2935975806828.315,48,S0_baseline,indonesia,USDC
255,0.9490686879829241,2935952026214.4243,48,S0_baseline,indonesia,USDC
256,0.9620391130915442,2935823896969.365,48,S0_baseline,indonesia,USDC
257,1.0038248287458535,2935780209807.1704,48,S0_baseline,indonesia,USDC
258,1.0065687269984935,2935780209807.1704,48,S0_baseline,indonesia,USDC
259,0.9965302358965517,2935780209807.1704,48,S0_baseline,indonesia,USDC
260,1.0126523460265262,2935780209807.1704,48,S0_baseline,indonesia,USDC
261,1.033686901694857,2935780209807.1704,48,S0_baseline,indonesia,USDC
262,0.9986514495453221,2935780209807.1704,48,S0_baseline,indonesia,USDC
263,0.9739851860998782,2935780209807.1704,48,S0_baseline,indonesia,USDC
264,0.9881086282445172,2935780209807.1704,48,S0_baseline,indonesia,USDC
265,1.008390213794098,2935780209807.1704,48,S0_baseline,indonesia,USDC
266,1.0236786953968697,2935780209807.1704,48,S0_baseline,indonesia,USDC
267,1.0413362434224263,2935780209807.1704,48,S0_baseline,indonesia,USDC
268,1.0010143227709594,2935780209807.1704,48,S0_baseline,indonesia,USDC
269,0.9755991990850664,2935780209807.1704,48,S0_baseline,indonesia,USDC
270,0.975829339419529,2935780209807.1704,48,S0_baseline,indonesia,USDC
271,0.9776409080013079,2935780209807.1704,48,S0_baseline,indonesia,USDC
272,0.9561186389347575,2935780209807.1704,48,S0_baseline,indonesia,USDC
273,0.9431572039048951,2935694895632.6387,48,S0_baseline,indonesia,USDC
274,0.9524650851027231,2935523100576.7656,48,S0_baseline,indonesia,USDC
275,0.9416392856039508,2935418922715.3525,48,S0_baseline,indonesia,USDC
276,0.9608467191255624,2935263327121.2607,48,S0_baseline,indonesia,USDC
277,0.9856597570638593,2935220476307.3516,48,S0_baseline,indonesia,USDC
278,0.9712428775968274,2935220476307.3516,48,S0_baseline,indonesia,USDC
279,0.9769326042172158,2935220476307.3516,48,S0_baseline,indonesia,USDC
280,0.9586704064579888,2935220476307.3516,48,S0_baseline,indonesia,USDC
281,0.9747911035628324,2935161635293.21,48,S0_baseline,indonesia,USDC
282,0.9572829453967022,2935161635293.21,48,S0_baseline,indonesia,USDC
283,0.9492474445065218,2935087236831.7715,48,S0_baseline,indonesia,USDC
284,0.9834678787113661,2934967420066.747,48,S0_baseline,indonesia,USDC
285,0.8431320400367278,2934967420066.747,48,S0_baseline,indonesia,USDC
286,0.8476785071265202,2934280115946.2715,48,S0_baseline,indonesia,USDC
287,0.8320828551476369,2933688160890.2393,48,S0_baseline,indonesia,USDC
288,0.8201773941239902,2933115024609.842,48,S0_baseline,indonesia,USDC
289,0.8563301576629334,2932588261037.417,48,S0_baseline,indonesia,USDC
290,0.8548801826860513,2932224821362.192,48,S0_baseline,indonesia,USDC
291,0.869713534357682,2931906623458.5215,48,S0_baseline,indonesia,USDC
292,0.8754107971216721,2931667321290.517,48,S0_baseline,indonesia,USDC
293,0.8269363524163799,2931464086374.137,48,S0_baseline,indonesia,USDC
294,0.8582237673841656,2931184117312.474,48,S0_baseline,indonesia,USDC
295,0.8609149347043341,2930992678339.0293,48,S0_baseline,indonesia,USDC
296,0.8673328150312272,2930834130818.547,48,S0_baseline,indonesia,USDC
297,0.873669193445227,2930694625367.8423,48,S0_baseline,indonesia,USDC
298,0.8984832354717698,2930577254051.491,48,S0_baseline,indonesia,USDC
299,0.9135756030346149,2930496860333.579,48,S0_baseline,indonesia,USDC
300,0.8857240132860308,2930441102591.9014,48,S0_baseline,indonesia,USDC
301,0.9121044162288512,2930358195098.7627,48,S0_baseline,indonesia,USDC
302,0.9186254404138342,2930307487713.034,48,S0_baseline,indonesia,USDC
303,0.9267805340334404,2930267466295.2793,48,S0_baseline,indonesia,USDC
304,0.8194400012707813,2930235631389.827,48,S0_baseline,indonesia,USDC
305,0.8290011911681157,2930119408739.7793,48,S0_baseline,indonesia,USDC
306,0.8626068677286369,2930033036367.173,48,S0_baseline,indonesia,USDC
307,0.8770680251821721,2929973843517.7095,48,S0_baseline,indonesia,USDC
308,0.8937012185436549,2929930272800.2593,48,S0_baseline,indonesia,USDC
309,0.8997974360309144,2929897823735.6104,48,S0_baseline,indonesia,USDC
310,0.9119768160301647,2929868080280.571,48,S0_baseline,indonesia,USDC
311,0.9365077374753086,2929846431338.5522,48,S0_baseline,indonesia,USDC
312,0.9307002504847095,2929834015803.2656,48,S0_baseline,indonesia,USDC
313,0.9574473147356121,2929820779965.585,48,S0_baseline,indonesia,USDC
314,0.9799939487107097,2929816705306.055,48,S0_baseline,indonesia,USDC
315,0.9591998853933065,2929816705306.055,48,S0_baseline,indonesia,USDC
316,0.9606256243492343,2929813032692.314,48,S0_baseline,indonesia,USDC
317,0.9709152209849032,2929810098887.6426,48,S0_baseline,indonesia,USDC
318,0.9705295160712654,2929810098887.6426,48,S0_baseline,indonesia,USDC
319,0.9632520578245459,2929810098887.6426,48,S0_baseline,indonesia,USDC
320,0.9516905948180359,2929808056542.3706,48,S0_baseline,indonesia,USDC
321,0.9283124580614043,2929801993621.45,48,S0_baseline,indonesia,USDC
322,0.9334366594577084,2929788449900.4307,48,S0_baseline,indonesia,USDC
323,0.9292808160709164,2929777774517.3535,48,S0_baseline,indonesia,USDC
324,0.9220052630788884,2929766622584.618,48,S0_baseline,indonesia,USDC
325,0.9353923118372651,2929753530459.666,48,S0_baseline,indonesia,USDC
326,0.9460458279610398,2929744904069.7515,48,S0_baseline,indonesia,USDC
327,0.978587076726074,2929738774309.3687,48,S0_baseline,indonesia,USDC
328,0.9247287383088829,2929738774309.3687,48,S0_baseline,indonesia,USDC
329,0.9414662088472422,2929727994262.5435,48,S0_baseline,indonesia,USDC
330,0.9651565582004575,2929721381762.9546,48,S0_baseline,indonesia,USDC
331,0.9953670274767893,2929720492937.223,48,S0_baseline,indonesia,USDC
332,0.9993954457354385,2929720492937.223,48,S0_baseline,indonesia,USDC
333,1.0188107250964014,2929720492937.223,48,S0_baseline,indonesia,USDC
334,1.05643730956012,2929720492937.223,48,S0_baseline,indonesia,USDC
335,1.0680785179882974,2929720492937.223,48,S0_baseline,indonesia,USDC
336,1.0557389555459484,2929720492937.223,48,S0_baseline,indonesia,USDC
337,1.0476757078789278,2929720492937.223,48,S0_baseline,indonesia,USDC
338,1.0701304970702625,2929720492937.223,48,S0_baseline,indonesia,USDC
339,1.0587041298411477,2929720492937.223,48,S0_baseline,indonesia,USDC
340,1.027181119186718,2929720492937.223,48,S0_baseline,indonesia,USDC
341,1.00624998623056,2929720492937.223,48,S0_baseline,indonesia,USDC
342,1.0218397539128412,2929720492937.223,48,S0_baseline,indonesia,USDC
343,1.0147994548501498,2929720492937.223,48,S0_baseline,indonesia,USDC
344,1.0258597103447848,2929720492937.223,48,S0_baseline,indonesia,USDC
345,1.0050760600199826,2929720492937.223,48,S0_baseline,indonesia,USDC
346,1.0148879163230977,2929720492937.223,48,S0_baseline,indonesia,USDC
347,0.9723696992951385,2929720492937.223,48,S0_baseline,indonesia,USDC
348,0.9558571246551613,2929720492937.223,48,S0_baseline,indonesia,USDC
349,0.9424637814710132,2929717618034.7275,48,S0_baseline,indonesia,USDC
350,0.9491427449824934,2929711067129.9746,48,S0_baseline,indonesia,USDC
351,0.9735369520295706,2929706638678.4346,48,S0_baseline,indonesia,USDC
352,0.9839592526391131,2929706638678.4346,48,S0_baseline,indonesia,USDC
353,0.9705467483370174,2929706638678.4346,48,S0_baseline,indonesia,USDC
354,0.95187020596183,2929706638678.4346,48,S0_baseline,indonesia,USDC
355,0.9515237043419748,2929702530784.9346,48,S0_baseline,indonesia,USDC
356,0.9299903049593057,2929698961555.5024,48,S0_baseline,indonesia,USDC
357,0.9153312525361007,2929690212719.128,48,S0_baseline,indonesia,USDC
358,0.9194854508281729,2929679346257.8267,48,S0_baseline,indonesia,USDC
359,0.9183128046425238,2929669584568.85,48,S0_baseline,indonesia,USDC
360,0.8971044094424486,2929660108282.499,48,S0_baseline,indonesia,USDC
361,0.9102547251750408,2929647392250.827,48,S0_baseline,indonesia,USDC
362,0.9199660705832311,2929637748300.0894,48,S0_baseline,indonesia,USDC
363,0.9403416673706123,2929630382163.6235,48,S0_baseline,indonesia,USDC
364,0.948159142518048,2929626435068.86,48,S0_baseline,indonesia,USDC
365,0.9494073049056028,2929623414855.397,48,S0_baseline,indonesia,USDC
366,0.9590919746942985,2929620751205.654,48,S0_baseline,indonesia,USDC
367,0.965957638432419,2929619339242.852,48,S0_baseline,indonesia,USDC
368,0.9376039390824011,2929618863725.64,48,S0_baseline,indonesia,USDC
369,0.9574474803827988,2929614598251.5854,48,S0_baseline,indonesia,USDC
370,0.9459265351724955,2929613225340.7227,48,S0_baseline,indonesia,USDC
371,0.9421647286174565,2929610441283.009,48,S0_baseline,indonesia,USDC
372,0.938068895100611,2929607263233.257,48,S0_baseline,indonesia,USDC
373,0.9361810388924854,2929603683898.0527,48,S0_baseline,indonesia,USDC
374,0.93514330140291,2929599610623.322,48,S0_baseline,indonesia,USDC
375,0.9657929219936037,2929595808098.85,48,S0_baseline,indonesia,USDC
376,0.9895930390570987,2929595462778.3926,48,S0_baseline,indonesia,USDC
377,1.0152784953887015,2929595462778.3926,48,S0_baseline,indonesia,USDC
378,0.9950426133129162,2929595462778.3926,48,S0_baseline,indonesia,USDC
379,0.9564497806710452,2929595462778.3926,48,S0_baseline,indonesia,USDC
380,0.9277312833055323,2929594027825.826,48,S0_baseline,indonesia,USDC
381,0.9093993048086306,2929589357605.756,48,S0_baseline,indonesia,USDC
382,0.910085361692499,2929582953678.9907,48,S0_baseline,indonesia,USDC
383,0.9372781962908436,2929577463208.2,48,S0_baseline,indonesia,USDC
384,0.9350594349555221,2929574503229.5845,48,S0_baseline,indonesia,USDC
385,0.922863113611233,2929571540382.5874,48,S0_baseline,indonesia,USDC
386,0.9379091582117212,2929567761780.6196,48,S0_baseline,indonesia,USDC
387,0.9426882537150572,2929565085070.3604,48,S0_baseline,indonesia,USDC
388,0.9174466185615864,2929563035656.2812,48,S0_baseline,indonesia,USDC
389,0.9158169070312305,2929558908212.6875,48,S0_baseline,indonesia,USDC
390,0.9190096979376035,2929554883328.908,48,S0_baseline,indonesia,USDC
391,0.9288461253705392,2929551591199.9365,48,S0_baseline,indonesia,USDC
392,0.9632489723566631,2929549003045.6826,48,S0_baseline,indonesia,USDC
393,0.9935166913960104,2929548688231.8506,48,S0_baseline,indonesia,USDC
394,0.9862601606800582,2929548688231.8506,48,S0_baseline,indonesia,USDC
395,1.0021021463241224,2929548688231.8506,48,S0_baseline,indonesia,USDC
396,0.9762045215184925,2929548688231.8506,48,S0_baseline,indonesia,USDC
397,0.9800951626968026,2929548688231.8506,48,S0_baseline,indonesia,USDC
398,0.973073965147964,2929548688231.8506,48,S0_baseline,indonesia,USDC
399,0.9686618579395324,2929548688231.8506,48,S0_baseline,indonesia,USDC
400,0.9493888455499727,2929548602929.366,48,S0_baseline,indonesia,USDC
401,0.9295306436699584,2929547397741.2715,48,S0_baseline,indonesia,USDC
402,0.9281451267669604,2929545091706.203,48,S0_baseline,indonesia,USDC
403,0.9585759010050274,2929542794478.5957,48,S0_baseline,indonesia,USDC
404,0.9441394741529368,2929542175314.8906,48,S0_baseline,indonesia,USDC
405,0.8112097990476143,2929540700421.608,48,S0_baseline,indonesia,USDC
406,0.8206822303671868,2929532235351.546,48,S0_baseline,indonesia,USDC
407,0.8215569139814598,2929525249486.094,48,S0_baseline,indonesia,USDC
408,0.8799441013291391,2929519609160.793,48,S0_baseline,indonesia,USDC
409,0.9046061161820673,2929516568105.16,48,S0_baseline,indonesia,USDC
410,0.8942392582096738,2929514662578.9966,48,S0_baseline,indonesia,USDC
411,0.9382897152520799,2929512591982.656,48,S0_baseline,indonesia,USDC
412,0.941726901935658,2929511750571.5195,48,S0_baseline,indonesia,USDC
413,0.9606128145390609,2929511050265.829,48,S0_baseline,indonesia,USDC
414,0.9612189173346148,2929510865228.671,48,S0_baseline,indonesia,USDC
415,0.9802635050499845,2929510680039.7456,48,S0_baseline,indonesia,USDC
416,0.9879093615100921,2929510680039.7456,48,S0_baseline,indonesia,USDC
417,1.0074953563317237,2929510680039.7456,48,S0_baseline,indonesia,USDC
418,1.0465019127740802,2929510680039.7456,48,S0_baseline,indonesia,USDC
419,1.002892902305401,2929510680039.7456,48,S0_baseline,indonesia,USDC
420,1.0282644148471323,2929510680039.7456,48,S0_baseline,indonesia,USDC
421,1.007772421757555,2929510680039.7456,48,S0_baseline,indonesia,USDC
422,1.0172516294845866,2929510680039.7456,48,S0_baseline,indonesia,USDC
423,1.0485899179723912,2929510680039.7456,48,S0_baseline,indonesia,USDC
424,1.0467136596545141,2929510680039.7456,48,S0_baseline,indonesia,USDC
425,1.0593596659508497,2929510680039.7456,48,S0_baseline,indonesia,USDC
426,1.0126358526796715,2929510680039.7456,48,S0_baseline,indonesia,USDC
427,1.0220119057338135,2929510680039.7456,48,S0_baseline,indonesia,USDC
428,1.0165438718232198,2929510680039.7456,48,S0_baseline,indonesia,USDC
429,1.0114419196098974,2929510680039.7456,48,S0_baseline,indonesia,USDC
430,1.0220058447933855,2929510680039.7456,48,S0_baseline,indonesia,USDC
431,1.0590498966084447,2929510680039.7456,48,S0_baseline,indonesia,USDC
432,1.059676129783372,2929510680039.7456,48,S0_baseline,indonesia,USDC
433,1.0517196081779872,2929510680039.7456,48,S0_baseline,indonesia,USDC
434,1.0624546217300919,2929510680039.7456,48,S0_baseline,indonesia,USDC
435,1.0557355811814666,2929510680039.7456,48,S0_baseline,indonesia,USDC
436,1.0614607344758302,2929510680039.7456,48,S0_baseline,indonesia,USDC
437,1.0696089999776757,2929510680039.7456,48,S0_baseline,indonesia,USDC
438,1.0545452712074082,2929510680039.7456,48,S0_baseline,indonesia,USDC
439,0.9926733938801264,2929510680039.7456,48,S0_baseline,indonesia,USDC
440,0.996769989219613,2929510680039.7456,48,S0_baseline,indonesia,USDC
441,1.029459742801759,2929510680039.7456,48,S0_baseline,indonesia,USDC
442,1.0162791157309026,2929510680039.7456,48,S0_baseline,indonesia,USDC
443,1.0248464791457264,2929510680039.7456,48,S0_baseline,indonesia,USDC
444,0.9756031248929451,2929510680039.7456,48,S0_baseline,indonesia,USDC
445,0.979607788663844,2929510680039.7456,48,S0_baseline,indonesia,USDC
446,0.9954255761995799,2929510680039.7456,48,S0_baseline,indonesia,USDC
447,0.997229613351229,2929510680039.7456,48,S0_baseline,indonesia,USDC
448,1.0284069607581972,2929510680039.7456,48,S0_baseline,indonesia,USDC
449,1.0179196665112444,2929510680039.7456,48,S0_baseline,indonesia,USDC
450,1.0197340797576673,2929510680039.7456,48,S0_baseline,indonesia,USDC
451,0.9787894583859822,2929510680039.7456,48,S0_baseline,indonesia,USDC
452,1.0084266279173455,2929510680039.7456,48,S0_baseline,indonesia,USDC
453,1.0257469371329042,2929510680039.7456,48,S0_baseline,indonesia,USDC
454,1.0370998921863945,2929510680039.7456,48,S0_baseline,indonesia,USDC
455,1.0095335461455524,2929510680039.7456,48,S0_baseline,indonesia,USDC
456,1.0046191894040268,2929510680039.7456,48,S0_baseline,indonesia,USDC
457,1.011505559428815,2929510680039.7456,48,S0_baseline,indonesia,USDC
458,1.0032257221611616,2929510680039.7456,48,S0_baseline,indonesia,USDC
459,1.015259283624422,2929510680039.7456,48,S0_baseline,indonesia,USDC
460,0.9895888537317701,2929510680039.7456,48,S0_baseline,indonesia,USDC
461,0.9588854664009032,2929510680039.7456,48,S0_baseline,indonesia,USDC
462,0.9602695360354835,2929510457525.969,48,S0_baseline,indonesia,USDC
463,0.9578497514754264,2929510220746.2363,48,S0_baseline,indonesia,USDC
464,0.940239132065454,2929509944760.195,48,S0_baseline,indonesia,USDC
465,0.93485720901875,2929509283241.7866,48,S0_baseline,indonesia,USDC
466,0.9343413087048351,2929508495479.082,48,S0_baseline,indonesia,USDC
467,0.9163389600879781,2929507773139.375,48,S0_baseline,indonesia,USDC
468,0.9379412697485665,2929506676236.286,48,S0_baseline,indonesia,USDC
469,0.9466487558705617,2929506084506.6406,48,S0_baseline,indonesia,USDC
470,0.9662512181020088,2929505674440.4204,48,S0_baseline,indonesia,USDC
471,0.9756539756241348,2929505601703.3965,48,S0_baseline,indonesia,USDC
472,1.0067680069345188,2929505601703.3965,48,S0_baseline,indonesia,USDC
473,0.985382714229466,2929505601703.3965,48,S0_baseline,indonesia,USDC
474,0.9667022140465656,2929505601703.3965,48,S0_baseline,indonesia,USDC
475,0.9771352987122951,2929505537964.265,48,S0_baseline,indonesia,USDC
476,0.9912005593860147,2929505537964.265,48,S0_baseline,indonesia,USDC
477,0.9843323192673378,2929505537964.265,48,S0_baseline,indonesia,USDC
478,0.9705197007921789,2929505537964.265,48,S0_baseline,indonesia,USDC
479,0.978600968305269,2929505537964.265,48,S0_baseline,indonesia,USDC
480,0.9875501988531591,2929505537964.265,48,S0_baseline,indonesia,USDC
481,0.9664202434972168,2929505537964.265,48,S0_baseline,indonesia,USDC
482,0.9675299321524254,2929505490651.813,48,S0_baseline,indonesia,USDC
483,0.9693286697258259,2929505443193.4863,48,S0_baseline,indonesia,USDC
484,0.9643003950106372,2929505434579.3125,48,S0_baseline,indonesia,USDC
485,0.9650121965155323,2929505325400.171,48,S0_baseline,indonesia,USDC
486,0.9239499094908658,2929505230417.3936,48,S0_baseline,indonesia,USDC
487,0.9585696154190272,2929504406216.758,48,S0_baseline,indonesia,USDC
488,0.9856784191506358,2929504211738.1377,48,S0_baseline,indonesia,USDC
489,1.0167817044431002,2929504211738.1377,48,S0_baseline,indonesia,USDC
490,0.9958341212312332,2929504211738.1377,48,S0_baseline,indonesia,USDC
491,1.009601861258665,2929504211738.1377,48,S0_baseline,indonesia,USDC
492,1.0059159263113244,2929504211738.1377,48,S0_baseline,indonesia,USDC
493,1.0150104487226814,2929504211738.1377,48,S0_baseline,indonesia,USDC
494,1.0297928505160927,2929504211738.1377,48,S0_baseline,indonesia,USDC
495,1.0111281686007214,2929504211738.1377,48,S0_baseline,indonesia,USDC
496,0.9673342655776218,2929504211738.1377,48,S0_baseline,indonesia,USDC
497,0.9487890171295538,2929504173682.304,48,S0_baseline,indonesia,USDC
498,0.9627134861553306,2929503810054.135,48,S0_baseline,indonesia,USDC
499,0.9628910461608767,2929503704481.316,48,S0_baseline,indonesia,USDC
500,0.9628848489464731,2929503580984.8774,48,S0_baseline,indonesia,USDC
501,0.9416625141023829,2929503479708.2314,48,S0_baseline,indonesia,USDC
502,0.9685129994357707,2929503010505.241,48,S0_baseline,indonesia,USDC
503,0.9872574210833608,2929502985736.99,48,S0_baseline,indonesia,USDC
504,0.9574293345300698,2929502985736.99,48,S0_baseline,indonesia,USDC
505,0.9916652460528865,2929502812074.0654,48,S0_baseline,indonesia,USDC
506,0.9893461550720591,2929502812074.0654,48,S0_baseline,indonesia,USDC
507,1.0295027098802056,2929502812074.0654,48,S0_baseline,indonesia,USDC
508,1.0462791441041392,2929502812074.0654,48,S0_baseline,indonesia,USDC
509,1.053683444897171,2929502812074.0654,48,S0_baseline,indonesia,USDC
510,1.0530819463195011,2929502812074.0654,48,S0_baseline,indonesia,USDC
511,1.0593741494164357,2929502812074.0654,48,S0_baseline,indonesia,USDC
512,1.0393028106042448,2929502812074.0654,48,S0_baseline,indonesia,USDC
513,1.0360091266477214,2929502812074.0654,48,S0_baseline,indonesia,USDC
514,1.0000410323928244,2929502812074.0654,48,S0_baseline,indonesia,USDC
515,0.9703548600053516,2929502812074.0654,48,S0_baseline,indonesia,USDC
516,0.9715766724700791,2929502812074.0654,48,S0_baseline,indonesia,USDC
517,0.9594897613428656,2929502812074.0654,48,S0_baseline,indonesia,USDC
518,0.9618478474317244,2929502661494.281,48,S0_baseline,indonesia,USDC
519,0.9025349312622765,2929502528640.995,48,S0_baseline,indonesia,USDC
520,0.9124711298580792,2929501517172.8936,48,S0_baseline,indonesia,USDC
521,0.884797820825101,2929500669975.279,48,S0_baseline,indonesia,USDC
522,0.8815232333628116,2929499483364.123,48,S0_baseline,indonesia,USDC
523,0.8967004996387546,2929498408501.0947,48,S0_baseline,indonesia,USDC
524,0.9140083302273924,2929497596870.1387,48,S0_baseline,indonesia,USDC
525,0.945147008274627,2929497008169.6836,48,S0_baseline,indonesia,USDC
526,0.9586196169271932,2929496747995.0786,48,S0_baseline,indonesia,USDC
527,0.9858035455954317,2929496639063.375,48,S0_baseline,indonesia,USDC
528,0.9655544538844341,2929496639063.375,48,S0_baseline,indonesia,USDC
529,0.9365813649453244,2929496605848.794,48,S0_baseline,indonesia,USDC
530,0.9724450524223472,2929496290919.9863,48,S0_baseline,indonesia,USDC
531,0.9489524034952715,2929496290919.9863,48,S0_baseline,indonesia,USDC
532,0.9620781598839684,2929496094558.8506,48,S0_baseline,indonesia,USDC
533,0.9536600199063041,2929496037153.5015,48,S0_baseline,indonesia,USDC
534,0.9452897122526105,2929495897148.0835,48,S0_baseline,indonesia,USDC
535,0.9377170905020042,2929495683840.2207,48,S0_baseline,indonesia,USDC
536,0.9317577774658465,2929495389960.677,48,S0_baseline,indonesia,USDC
537,0.9583764514287667,2929495063326.062,48,S0_baseline,indonesia,USDC
538,0.9597567191637375,2929494982563.734,48,S0_baseline,indonesia,USDC
539,0.966061784579385,2929494913584.595,48,S0_baseline,indonesia,USDC
540,0.9511347019160952,2929494894961.199,48,S0_baseline,indonesia,USDC
541,0.9343768587585504,2929494758822.9175,48,S0_baseline,indonesia,USDC
542,0.932580318535602,2929494486167.0728,48,S0_baseline,indonesia,USDC
543,0.9230392688388935,2929494191728.8125,48,S0_baseline,indonesia,USDC
544,0.9546124450705074,2929493865581.4766,48,S0_baseline,indonesia,USDC
545,0.9981645328840534,2929493754348.519,48,S0_baseline,indonesia,USDC
546,1.0175450402815815,2929493754348.519,48,S0_baseline,indonesia,USDC
547,1.0042963088058718,2929493754348.519,48,S0_baseline,indonesia,USDC
548,0.9638886942734247,2929493754348.519,48,S0_baseline,indonesia,USDC
549,0.9523318464658808,2929493710872.1533,48,S0_baseline,indonesia,USDC
550,0.9455490052695485,2929493591679.743,48,S0_baseline,indonesia,USDC
551,0.9505007025530897,2929493428091.2324,48,S0_baseline,indonesia,USDC
552,0.9157985802220248,2929493301617.357,48,S0_baseline,indonesia,USDC
553,0.9281356784138135,2929492960095.5737,48,S0_baseline,indonesia,USDC
554,0.9146109279986896,2929492696548.349,48,S0_baseline,indonesia,USDC
555,0.9560445275055022,2929492362908.2725,48,S0_baseline,indonesia,USDC
556,0.9614506453613665,2929492291988.3257,48,S0_baseline,indonesia,USDC
557,0.9450317194797329,2929492254862.7163,48,S0_baseline,indonesia,USDC
558,0.9590817720688601,2929492120859.2705,48,S0_baseline,indonesia,USDC
559,0.984393087433861,2929492072681.8965,48,S0_baseline,indonesia,USDC
560,0.9906279391216007,2929492072681.8965,48,S0_baseline,indonesia,USDC
561,0.9727647884213306,2929492072681.8965,48,S0_baseline,indonesia,USDC
562,0.8280737622123464,2929492072681.8965,48,S0_baseline,indonesia,USDC
563,0.8460437480872032,2929491324789.237,48,S0_baseline,indonesia,USDC
564,0.86951827264545,2929490753426.828,48,S0_baseline,indonesia,USDC
565,0.8708780711919563,2929490358103.3975,48,S0_baseline,indonesia,USDC
566,0.9035172686045255,2929490007623.8813,48,S0_baseline,indonesia,USDC
567,0.8831463739801989,2929489791456.267,48,S0_baseline,indonesia,USDC
568,0.8577348200751315,2929489534258.483,48,S0_baseline,indonesia,USDC
569,0.8554458392222614,2929489243673.2954,48,S0_baseline,indonesia,USDC
570,0.8558289523365197,2929488973390.1973,48,S0_baseline,indonesia,USDC
571,0.8837829008746255,2929488723896.2183,48,S0_baseline,indonesia,USDC
572,0.9018334672672677,2929488561484.424,48,S0_baseline,indonesia,USDC
573,0.8769478636028002,2929488444427.8936,48,S0_baseline,indonesia,USDC
574,0.8850384884202686,2929488301917.6265,48,S0_baseline,indonesia,USDC
575,0.8828897852777466,2929488183649.978,48,S0_baseline,indonesia,USDC
576,0.8965808966541216,2929488064213.19,48,S0_baseline,indonesia,USDC
577,0.8938658688296477,2929487974728.3193,48,S0_baseline,indonesia,USDC
578,0.9016360236460534,2929487886738.8447,48,S0_baseline,indonesia,USDC
579,0.901137513961506,2929487817470.7715,48,S0_baseline,indonesia,USDC
580,0.9170128095174113,2929487753960.7905,48,S0_baseline,indonesia,USDC
581,0.9401502254019455,2929487707389.551,48,S0_baseline,indonesia,USDC
582,0.9299082523569718,2929487681118.479,48,S0_baseline,indonesia,USDC
583,0.9104143855227088,2929487647917.5225,48,S0_baseline,indonesia,USDC
584,0.9311150459034678,2929487600308.383,48,S0_baseline,indonesia,USDC
585,0.9053366915615191,2929487573029.0825,48,S0_baseline,indonesia,USDC
586,0.8897106006778843,2929487525075.186,48,S0_baseline,indonesia,USDC
587,0.9277791886750784,2929487472043.4004,48,S0_baseline,indonesia,USDC
588,0.9152576515060918,2929487446685.9814,48,S0_baseline,indonesia,USDC
589,0.9205830038625814,2929487415809.962,48,S0_baseline,indonesia,USDC
590,0.9164406887238092,2929487388681.26,48,S0_baseline,indonesia,USDC
591,0.9326557650907731,2929487361445.26,48,S0_baseline,indonesia,USDC
592,0.943920770641273,2929487343071.088,48,S0_baseline,indonesia,USDC
593,0.9345149103638726,2929487331328.168,48,S0_baseline,indonesia,USDC
594,0.9664343518685521,2929487315466.992,48,S0_baseline,indonesia,USDC
595,0.9806363892734008,2929487313769.5093,48,S0_baseline,indonesia,USDC
596,0.9642252327192347,2929487313769.5093,48,S0_baseline,indonesia,USDC
597,0.9623157043862223,2929487311030.4463,48,S0_baseline,indonesia,USDC
598,0.9492745229322274,2929487307990.4453,48,S0_baseline,indonesia,USDC
599,0.9448838365361961,2929487299471.388,48,S0_baseline,indonesia,USDC
600,0.9272284141385677,2929487288785.3354,48,S0_baseline,indonesia,USDC
601,0.9523499277750166,2929487271231.88,48,S0_baseline,indonesia,USDC
602,0.9290417302183871,2929487264328.586,48,S0_baseline,indonesia,USDC
603,0.9374277731123142,2929487247473.2817,48,S0_baseline,indonesia,USDC
604,0.9266061167871816,2929487234686.1265,48,S0_baseline,indonesia,USDC
605,0.9474118844261874,2929487218603.001,48,S0_baseline,indonesia,USDC
606,0.9482494539743281,2929487210105.2188,48,S0_baseline,indonesia,USDC
607,0.9449094070154853,2929487202113.083,48,S0_baseline,indonesia,USDC
608,0.9582512638518781,2929487194089.835,48,S0_baseline,indonesia,USDC
609,0.9502140173859761,2929487190456.046,48,S0_baseline,indonesia,USDC
610,0.9238780944372011,2929487183586.582,48,S0_baseline,indonesia,USDC
611,0.902499784575876,2929487168748.292,48,S0_baseline,indonesia,USDC
612,0.9119882223023212,2929487148407.044,48,S0_baseline,indonesia,USDC
613,0.9173215312203223,2929487130780.807,48,S0_baseline,indonesia,USDC
614,0.9569868661195102,2929487116913.2056,48,S0_baseline,indonesia,USDC
615,0.9563434801968541,2929487113381.8174,48,S0_baseline,indonesia,USDC
616,0.9626650897954987,2929487109725.5513,48,S0_baseline,indonesia,USDC
617,0.9861257214585546,2929487107958.89,48,S0_baseline,indonesia,USDC
618,0.9820629101667734,2929487107958.89,48,S0_baseline,indonesia,USDC
619,0.9818332615473856,2929487107958.89,48,S0_baseline,indonesia,USDC
620,1.0008919880000255,2929487107958.89,48,S0_baseline,indonesia,USDC
621,0.9621647336070581,2929487107958.89,48,S0_baseline,indonesia,USDC
622,0.9790435816240313,2929487106400.8613,48,S0_baseline,indonesia,USDC
623,0.9716422327359718,2929487106400.8613,48,S0_baseline,indonesia,USDC
624,0.9290304513959974,2929487106400.8613,48,S0_baseline,indonesia,USDC
625,0.9510868005704729,2929487096344.575,48,S0_baseline,indonesia,USDC
626,0.9830820252862069,2929487092224.952,48,S0_baseline,indonesia,USDC
627,0.939370797644577,2929487092224.952,48,S0_baseline,indonesia,USDC
628,0.9034255124820996,2929487084692.6416,48,S0_baseline,indonesia,USDC
629,0.9142523547506104,2929487069614.881,48,S0_baseline,indonesia,USDC
630,0.9149748691899318,2929487057829.667,48,S0_baseline,indonesia,USDC
631,0.9372036033418938,2929487046557.1533,48,S0_baseline,indonesia,USDC
632,0.9554931107022775,2929487040660.268,48,S0_baseline,indonesia,USDC
633,0.9728610981658429,2929487037863.9233,48,S0_baseline,indonesia,USDC
634,0.9871087901802601,2929487037863.9233,48,S0_baseline,indonesia,USDC
635,0.987988371024167,2929487037863.9233,48,S0_baseline,indonesia,USDC
636,0.9978909727472379,2929487037863.9233,48,S0_baseline,indonesia,USDC
637,1.0241719077900981,2929487037863.9233,48,S0_baseline,indonesia,USDC
638,1.0211924781348543,2929487037863.9233,48,S0_baseline,indonesia,USDC
639,0.9979074244535606,2929487037863.9233,48,S0_baseline,indonesia,USDC
640,1.0057482224363952,2929487037863.9233,48,S0_baseline,indonesia,USDC
641,1.0075744803012627,2929487037863.9233,48,S0_baseline,indonesia,USDC
642,1.0426035087711567,2929487037863.9233,48,S0_baseline,indonesia,USDC
643,0.9925836583047093,2929487037863.9233,48,S0_baseline,indonesia,USDC
644,1.0140134541968824,2929487037863.9233,48,S0_baseline,indonesia,USDC
645,1.011524097109816,2929487037863.9233,48,S0_baseline,indonesia,USDC
646,1.0187054405716895,2929487037863.9233,48,S0_baseline,indonesia,USDC
647,1.0491608918842223,2929487037863.9233,48,S0_baseline,indonesia,USDC
648,1.013228009655628,2929487037863.9233,48,S0_baseline,indonesia,USDC
649,0.9892728812586017,2929487037863.9233,48,S0_baseline,indonesia,USDC
650,0.992401489927779,2929487037863.9233,48,S0_baseline,indonesia,USDC
651,0.9786446500962156,2929487037863.9233,48,S0_baseline,indonesia,USDC
652,0.989105758952006,2929487037863.9233,48,S0_baseline,indonesia,USDC
653,0.981125640626482,2929487037863.9233,48,S0_baseline,indonesia,USDC
654,0.9770801711166636,2929487037863.9233,48,S0_baseline,indonesia,USDC
655,0.9772262059948696,2929487037863.9233,48,S0_baseline,indonesia,USDC
656,0.9546336688650716,2929487037863.9233,48,S0_baseline,indonesia,USDC
657,0.960449063964847,2929487035094.9688,48,S0_baseline,indonesia,USDC
658,0.9632432418341884,2929487033308.7305,48,S0_baseline,indonesia,USDC
659,0.9754238194450847,2929487032175.2363,48,S0_baseline,indonesia,USDC
660,0.962623158653545,2929487032175.2363,48,S0_baseline,indonesia,USDC
661,0.9671059614191537,2929487031042.589,48,S0_baseline,indonesia,USDC
662,0.9691601749856862,2929487030513.4297,48,S0_baseline,indonesia,USDC
663,0.9546245537512641,2929487030411.0615,48,S0_baseline,indonesia,USDC
664,0.96207594318908,2929487027609.754,48,S0_baseline,indonesia,USDC
665,0.950097363025111,2929487026306.503,48,S0_baseline,indonesia,USDC
666,0.9169667860947426,2929487022764.588,48,S0_baseline,indonesia,USDC
667,0.9576469362184157,2929487013520.3354,48,S0_baseline,indonesia,USDC
668,0.9269592354987695,2929487011833.7393,48,S0_baseline,indonesia,USDC
669,0.9398983011452364,2929487004816.3,48,S0_baseline,indonesia,USDC
670,0.9374115995378004,2929487000443.4937,48,S0_baseline,indonesia,USDC
671,0.9371575118518576,2929486995822.258,48,S0_baseline,indonesia,USDC
672,0.9325179906296868,2929486991009.683,48,S0_baseline,indonesia,USDC
673,0.9535381426444577,2929486985857.074,48,S0_baseline,indonesia,USDC
674,0.9499183089649339,2929486983723.3096,48,S0_baseline,indonesia,USDC
675,0.9343548659529115,2929486981258.5244,48,S0_baseline,indonesia,USDC
676,0.9211790507153748,2929486976713.621,48,S0_baseline,indonesia,USDC
677,0.9401002083135274,2929486970521.3965,48,S0_baseline,indonesia,USDC
678,0.9383694379422216,2929486967164.6313,48,S0_baseline,indonesia,USDC
679,0.9275275622675893,2929486963464.1377,48,S0_baseline,indonesia,USDC
680,0.9096871758642285,2929486958925.3765,48,S0_baseline,indonesia,USDC
681,0.9266886996859361,2929486952871.549,48,S0_baseline,indonesia,USDC
682,0.9176027498022225,2929486948572.1655,48,S0_baseline,indonesia,USDC
683,0.9126940096061215,2929486943849.498,48,S0_baseline,indonesia,USDC
684,0.9145537231178051,2929486938522.6274,48,S0_baseline,indonesia,USDC
685,0.9327717306861102,2929486933793.047,48,S0_baseline,indonesia,USDC
686,0.9421496969483201,2929486930718.4614,48,S0_baseline,indonesia,USDC
687,0.9541241843628955,2929486928506.6543,48,S0_baseline,indonesia,USDC
688,0.9676166946868874,2929486927458.9707,48,S0_baseline,indonesia,USDC
689,0.9713507481059678,2929486927358.2734,48,S0_baseline,indonesia,USDC
690,1.0126244662226882,2929486927358.2734,48,S0_baseline,indonesia,USDC
691,0.9937741990312385,2929486927358.2734,48,S0_baseline,indonesia,USDC
692,0.9664360236580051,2929486927358.2734,48,S0_baseline,indonesia,USDC
693,0.9723789325943525,2929486927215.042,48,S0_baseline,indonesia,USDC
694,0.9716674271785687,2929486927215.042,48,S0_baseline,indonesia,USDC
695,0.9850115876282318,2929486927215.042,48,S0_baseline,indonesia,USDC
696,0.989663752106686,2929486927215.042,48,S0_baseline,indonesia,USDC
697,1.0277840874388569,2929486927215.042,48,S0_baseline,indonesia,USDC
698,1.0100004823603428,2929486927215.042,48,S0_baseline,indonesia,USDC
699,1.0078410367397383,2929486927215.042,48,S0_baseline,indonesia,USDC
700,1.009567054499932,2929486927215.042,48,S0_baseline,indonesia,USDC
701,1.0015142450849366,2929486927215.042,48,S0_baseline,indonesia,USDC
702,0.991570331055518,2929486927215.042,48,S0_baseline,indonesia,USDC
703,0.9977226682956242,2929486927215.042,48,S0_baseline,indonesia,USDC
704,1.0142097449646563,2929486927215.042,48,S0_baseline,indonesia,USDC
705,0.885824624769064,2929486927215.042,48,S0_baseline,indonesia,USDC
706,0.9172723905644098,2929486921266.8066,48,S0_baseline,indonesia,USDC
707,0.9088003289311956,2929486917881.274,48,S0_baseline,indonesia,USDC
708,0.9254780833732266,2929486914028.43,48,S0_baseline,indonesia,USDC
709,0.9230274475254782,2929486911258.6553,48,S0_baseline,indonesia,USDC
710,0.914683557765971,2929486908622.9077,48,S0_baseline,indonesia,USDC
711,0.9248991231525377,2929486905653.383,48,S0_baseline,indonesia,USDC
712,0.9462516637086016,2929486903303.913,48,S0_baseline,indonesia,USDC
713,0.9657247840582779,2929486902089.06,48,S0_baseline,indonesia,USDC
714,0.976989771648797,2929486901875.7144,48,S0_baseline,indonesia,USDC
715,1.007112642232559,2929486901875.7144,48,S0_baseline,indonesia,USDC
716,1.0124497339280518,2929486901875.7144,48,S0_baseline,indonesia,USDC
717,1.0417830151287268,2929486901875.7144,48,S0_baseline,indonesia,USDC
718,1.095419867209212,2929486901875.7144,48,S0_baseline,indonesia,USDC
719,1.10238152063471,2929486901875.7144,48,S0_baseline,indonesia,USDC
720,1.0914701518823453,2929486901875.7144,48,S0_baseline,indonesia,USDC
721,1.0427564315623958,2929486901875.7144,48,S0_baseline,indonesia,USDC
722,1.019740326309593,2929486901875.7144,48,S0_baseline,indonesia,USDC
723,0.9982813324493534,2929486901875.7144,48,S0_baseline,indonesia,USDC
724,0.994304962689093,2929486901875.7144,48,S0_baseline,indonesia,USDC
725,0.9837570474136565,2929486901875.7144,48,S0_baseline,indonesia,USDC
726,0.9552678903252811,2929486901875.7144,48,S0_baseline,indonesia,USDC
727,0.9339525677222741,2929486901143.78,48,S0_baseline,indonesia,USDC
728,0.9582598203039745,2929486899541.618,48,S0_baseline,indonesia,USDC
729,0.9728838975821331,2929486899085.2485,48,S0_baseline,indonesia,USDC
730,0.9480583698667269,2929486899085.2485,48,S0_baseline,indonesia,USDC
731,0.9392627672045356,2929486898100.1553,48,S0_baseline,indonesia,USDC
732,0.9327072576471233,2929486896692.6787,48,S0_baseline,indonesia,USDC
733,0.9146505150252151,2929486895188.321,48,S0_baseline,indonesia,USDC
734,0.9265033105688975,2929486893002.588,48,S0_baseline,indonesia,USDC
735,0.938752194585551,2929486891289.0684,48,S0_baseline,indonesia,USDC
736,0.9633590705343013,2929486890115.7354,48,S0_baseline,indonesia,USDC
737,0.9705027926781469,2929486889935.117,48,S0_baseline,indonesia,USDC
738,0.9513931350334912,2929486889935.117,48,S0_baseline,indonesia,USDC
739,0.923055825682799,2929486889330.552,48,S0_baseline,indonesia,USDC
740,0.9643234775446478,2929486887654.081,48,S0_baseline,indonesia,USDC
741,0.9883059337623827,2929486887517.753,48,S0_baseline,indonesia,USDC
742,0.9926114914634661,2929486887517.753,48,S0_baseline,indonesia,USDC
743,0.949879167590379,2929486887517.753,48,S0_baseline,indonesia,USDC
744,0.9517663367470546,2929486886815.9204,48,S0_baseline,indonesia,USDC
745,0.9466059029953572,2929486886193.1064,48,S0_baseline,indonesia,USDC
746,0.9316290578840978,2929486885437.789,48,S0_baseline,indonesia,USDC
747,0.9088272159717903,2929486884217.6724,48,S0_baseline,indonesia,USDC
748,0.9282262158408614,2929486882386.0522,48,S0_baseline,indonesia,USDC
749,0.9355548253317002,2929486881149.946,48,S0_baseline,indonesia,USDC
750,0.9541994442388066,2929486880205.9473,48,S0_baseline,indonesia,USDC
751,0.9461068357522798,2929486879836.5293,48,S0_baseline,indonesia,USDC
752,0.9539267543869646,2929486879216.494,48,S0_baseline,indonesia,USDC
753,0.955171185200704,2929486878813.6157,48,S0_baseline,indonesia,USDC
754,0.9696497834058756,2929486878429.437,48,S0_baseline,indonesia,USDC
755,0.973285028196259,2929486878423.486,48,S0_baseline,indonesia,USDC
756,1.0042459864747002,2929486878423.486,48,S0_baseline,indonesia,USDC
757,1.0294389890009898,2929486878423.486,48,S0_baseline,indonesia,USDC
758,1.0345593755951985,2929486878423.486,48,S0_baseline,indonesia,USDC
759,1.01601072750486,2929486878423.486,48,S0_baseline,indonesia,USDC
760,0.9896146622421188,2929486878423.486,48,S0_baseline,indonesia,USDC
761,0.9644234056082868,2929486878423.486,48,S0_baseline,indonesia,USDC
762,0.9639120154346038,2929486878312.004,48,S0_baseline,indonesia,USDC
763,0.9993701034150286,2929486878157.4272,48,S0_baseline,indonesia,USDC
764,1.00333908886841,2929486878157.4272,48,S0_baseline,indonesia,USDC
765,1.016265183717983,2929486878157.4272,48,S0_baseline,indonesia,USDC
766,1.0087525548965486,2929486878157.4272,48,S0_baseline,indonesia,USDC
767,1.0271000499866287,2929486878157.4272,48,S0_baseline,indonesia,USDC
768,1.0437388039508164,2929486878157.4272,48,S0_baseline,indonesia,USDC
769,1.0734069889040516,2929486878157.4272,48,S0_baseline,indonesia,USDC
770,1.0537099354068427,2929486878157.4272,48,S0_baseline,indonesia,USDC
771,1.021369795921892,2929486878157.4272,48,S0_baseline,indonesia,USDC
772,1.0582581459790876,2929486878157.4272,48,S0_baseline,indonesia,USDC
773,1.0648513805994015,2929486878157.4272,48,S0_baseline,indonesia,USDC
774,1.0597267713353429,2929486878157.4272,48,S0_baseline,indonesia,USDC
775,1.0570518254631656,2929486878157.4272,48,S0_baseline,indonesia,USDC
776,1.081314874075122,2929486878157.4272,48,S0_baseline,indonesia,USDC
777,1.0695231734116115,2929486878157.4272,48,S0_baseline,indonesia,USDC
778,1.0484369032843188,2929486878157.4272,48,S0_baseline,indonesia,USDC
779,1.0306871235354,2929486878157.4272,48,S0_baseline,indonesia,USDC
780,1.0531656701490069,2929486878157.4272,48,S0_baseline,indonesia,USDC
781,1.0469056523511513,2929486878157.4272,48,S0_baseline,indonesia,USDC
782,1.0472133711859852,2929486878157.4272,48,S0_baseline,indonesia,USDC
783,1.0678488226748972,2929486878157.4272,48,S0_baseline,indonesia,USDC
784,1.052150765576532,2929486878157.4272,48,S0_baseline,indonesia,USDC
785,1.0170404935713038,2929486878157.4272,48,S0_baseline,indonesia,USDC
786,1.021928439042891,2929486878157.4272,48,S0_baseline,indonesia,USDC
787,1.0109342046272538,2929486878157.4272,48,S0_baseline,indonesia,USDC
788,1.0116586211964291,2929486878157.4272,48,S0_baseline,indonesia,USDC
789,1.0201294072542122,2929486878157.4272,48,S0_baseline,indonesia,USDC
790,1.0331364750291134,2929486878157.4272,48,S0_baseline,indonesia,USDC
791,1.0214140503018143,2929486878157.4272,48,S0_baseline,indonesia,USDC
792,1.0172009526905834,2929486878157.4272,48,S0_baseline,indonesia,USDC
793,1.0223458794448845,2929486878157.4272,48,S0_baseline,indonesia,USDC
794,1.0048067334179422,2929486878157.4272,48,S0_baseline,indonesia,USDC
795,1.0032910563278141,2929486878157.4272,48,S0_baseline,indonesia,USDC
796,1.0216395339845024,2929486878157.4272,48,S0_baseline,indonesia,USDC
797,1.020218915847916,2929486878157.4272,48,S0_baseline,indonesia,USDC
798,1.0285083730297007,2929486878157.4272,48,S0_baseline,indonesia,USDC
799,1.0112550277549788,2929486878157.4272,48,S0_baseline,indonesia,USDC
800,1.0027742980061423,2929486878157.4272,48,S0_baseline,indonesia,USDC
801,1.0359726530088376,2929486878157.4272,48,S0_baseline,indonesia,USDC
802,1.0163953074573018,2929486878157.4272,48,S0_baseline,indonesia,USDC
803,1.0236002226369645,2929486878157.4272,48,S0_baseline,indonesia,USDC
804,1.0397234936383075,2929486878157.4272,48,S0_baseline,indonesia,USDC
805,1.0464818933434563,2929486878157.4272,48,S0_baseline,indonesia,USDC
806,1.0475174124569764,2929486878157.4272,48,S0_baseline,indonesia,USDC
807,1.049240082264979,2929486878157.4272,48,S0_baseline,indonesia,USDC
808,1.0278416320698707,2929486878157.4272,48,S0_baseline,indonesia,USDC
809,1.03224439219797,2929486878157.4272,48,S0_baseline,indonesia,USDC
810,1.0026271852516813,2929486878157.4272,48,S0_baseline,indonesia,USDC
811,0.993400890339632,2929486878157.4272,48,S0_baseline,indonesia,USDC
812,0.9820228394938294,2929486878157.4272,48,S0_baseline,indonesia,USDC
813,0.976523769240679,2929486878157.4272,48,S0_baseline,indonesia,USDC
814,0.9504643545512822,2929486878157.4272,48,S0_baseline,indonesia,USDC
815,0.9658665781425556,2929486877664.5215,48,S0_baseline,indonesia,USDC
816,0.9607254516313887,2929486877562.331,48,S0_baseline,indonesia,USDC
817,0.9614047821735582,2929486877350.644,48,S0_baseline,indonesia,USDC
818,0.9598768843002617,2929486877172.2866,48,S0_baseline,indonesia,USDC
819,0.9487407294380951,2929486876960.0977,48,S0_baseline,indonesia,USDC
820,0.9399180786748143,2929486876449.945,48,S0_baseline,indonesia,USDC
821,0.9792780693983967,2929486875767.4297,48,S0_baseline,indonesia,USDC
822,0.9898478845893118,2929486875767.4297,48,S0_baseline,indonesia,USDC
823,0.995594982921441,2929486875767.4297,48,S0_baseline,indonesia,USDC
824,1.004830497050809,2929486875767.4297,48,S0_baseline,indonesia,USDC
825,0.997012828535822,2929486875767.4297,48,S0_baseline,indonesia,USDC
826,1.00509751842089,2929486875767.4297,48,S0_baseline,indonesia,USDC
827,1.0034855255230462,2929486875767.4297,48,S0_baseline,indonesia,USDC
828,0.9877681750940818,2929486875767.4297,48,S0_baseline,indonesia,USDC
829,0.9662658303508695,2929486875767.4297,48,S0_baseline,indonesia,USDC
830,0.9613682886015308,2929486875695.6445,48,S0_baseline,indonesia,USDC
831,0.9608355588876542,2929486875543.5977,48,S0_baseline,indonesia,USDC
832,0.9848334349175079,2929486875352.287,48,S0_baseline,indonesia,USDC
833,0.996120316752965,2929486875352.287,48,S0_baseline,indonesia,USDC
834,0.9928906603246805,2929486875352.287,48,S0_baseline,indonesia,USDC
835,1.0199399563284945,2929486875352.287,48,S0_baseline,indonesia,USDC
836,1.031089550252938,2929486875352.287,48,S0_baseline,indonesia,USDC
837,1.0306440975486433,2929486875352.287,48,S0_baseline,indonesia,USDC
838,1.028436122014656,2929486875352.287,48,S0_baseline,indonesia,USDC
839,0.9943698967588481,2929486875352.287,48,S0_baseline,indonesia,USDC
840,0.9933028173824153,2929486875352.287,48,S0_baseline,indonesia,USDC
841,0.9806570460075507,2929486875352.287,48,S0_baseline,indonesia,USDC
842,0.9788124256847354,2929486875352.287,48,S0_baseline,indonesia,USDC
843,0.9589744379117257,2929486875352.287,48,S0_baseline,indonesia,USDC
844,0.9449137520178557,2929486875137.1187,48,S0_baseline,indonesia,USDC
845,0.9503165620373906,2929486874643.1953,48,S0_baseline,indonesia,USDC
846,0.9780190901554956,2929486874235.0557,48,S0_baseline,indonesia,USDC
847,0.971861682773165,2929486874235.0557,48,S0_baseline,indonesia,USDC
848,0.9840201891888309,2929486874235.0557,48,S0_baseline,indonesia,USDC
849,1.0057456138895378,2929486874235.0557,48,S0_baseline,indonesia,USDC
850,1.023968424960976,2929486874235.0557,48,S0_baseline,indonesia,USDC
851,0.9992013237917511,2929486874235.0557,48,S0_baseline,indonesia,USDC
852,1.0071365078089287,2929486874235.0557,48,S0_baseline,indonesia,USDC
853,1.0192989536556147,2929486874235.0557,48,S0_baseline,indonesia,USDC
854,1.038545510318242,2929486874235.0557,48,S0_baseline,indonesia,USDC
855,1.043576521712032,2929486874235.0557,48,S0_baseline,indonesia,USDC
856,1.0697715594725472,2929486874235.0557,48,S0_baseline,indonesia,USDC
857,1.0371815078481674,2929486874235.0557,48,S0_baseline,indonesia,USDC
858,1.0385708373309002,2929486874235.0557,48,S0_baseline,indonesia,USDC
859,1.0713782739678244,2929486874235.0557,48,S0_baseline,indonesia,USDC
860,1.0478766968103574,2929486874235.0557,48,S0_baseline,indonesia,USDC
861,1.051011015361212,2929486874235.0557,48,S0_baseline,indonesia,USDC
862,1.0572208298413683,2929486874235.0557,48,S0_baseline,indonesia,USDC
863,1.0678638904847555,2929486874235.0557,48,S0_baseline,indonesia,USDC
864,1.0804932663419582,2929486874235.0557,48,S0_baseline,indonesia,USDC
865,1.0411892752182093,2929486874235.0557,48,S0_baseline,indonesia,USDC
866,1.0386388182767334,2929486874235.0557,48,S0_baseline,indonesia,USDC
867,1.0272668901832194,2929486874235.0557,48,S0_baseline,indonesia,USDC
868,1.0393529461002897,2929486874235.0557,48,S0_baseline,indonesia,USDC
869,1.0428705370673534,2929486874235.0557,48,S0_baseline,indonesia,USDC
870,1.055394318277757,2929486874235.0557,48,S0_baseline,indonesia,USDC
871,1.0387435012919617,2929486874235.0557,48,S0_baseline,indonesia,USDC
872,1.0211177561678715,2929486874235.0557,48,S0_baseline,indonesia,USDC
873,1.0037312310904618,2929486874235.0557,48,S0_baseline,indonesia,USDC
874,0.9805920526004852,2929486874235.0557,48,S0_baseline,indonesia,USDC
875,0.9775033467555775,2929486874235.0557,48,S0_baseline,indonesia,USDC
876,0.9826918982417379,2929486874235.0557,48,S0_baseline,indonesia,USDC
877,0.9876744566942216,2929486874235.0557,48,S0_baseline,indonesia,USDC
878,1.0099947216403686,2929486874235.0557,48,S0_baseline,indonesia,USDC
879,0.9755911120152856,2929486874235.0557,48,S0_baseline,indonesia,USDC
880,0.968373099134081,2929486874235.0557,48,S0_baseline,indonesia,USDC
881,0.9613236132234622,2929486874200.586,48,S0_baseline,indonesia,USDC
882,0.9074540710144077,2929486874057.9683,48,S0_baseline,indonesia,USDC
883,0.9138885699549445,2929486872807.83,48,S0_baseline,indonesia,USDC
884,0.9166703558864848,2929486871728.8057,48,S0_baseline,indonesia,USDC
885,0.9174061147561243,2929486870762.5723,48,S0_baseline,indonesia,USDC
886,0.9373686718217707,2929486869909.2383,48,S0_baseline,indonesia,USDC
887,0.9325365783774241,2929486869415.7725,48,S0_baseline,indonesia,USDC
888,0.9001463100282718,2929486868862.8604,48,S0_baseline,indonesia,USDC
889,0.8997769509205238,2929486867821.035,48,S0_baseline,indonesia,USDC
890,0.9121056903173471,2929486866822.507,48,S0_baseline,indonesia,USDC
891,0.9440162672878479,2929486866077.878,48,S0_baseline,indonesia,USDC
892,0.9200443812552369,2929486865745.8594,48,S0_baseline,indonesia,USDC
893,0.9293039650291474,2929486865174.3438,48,S0_baseline,indonesia,USDC
894,0.9557085940260192,2929486864706.2246,48,S0_baseline,indonesia,USDC
895,0.9441011957781845,2929486864543.8193,48,S0_baseline,indonesia,USDC
896,0.9377673769518595,2929486864264.3228,48,S0_baseline,indonesia,USDC
897,0.9582391873979589,2929486863935.2754,48,S0_baseline,indonesia,USDC
898,0.937574528067308,2929486863833.043,48,S0_baseline,indonesia,USDC
899,0.9487857990732167,2929486863504.686,48,S0_baseline,indonesia,USDC
900,0.9463676764837409,2929486863315.8164,48,S0_baseline,indonesia,USDC
901,0.9259944449390506,2929486863098.634,48,S0_baseline,indonesia,USDC
902,0.960336710098487,2929486862695.1143,48,S0_baseline,indonesia,USDC
903,0.9529127737836526,2929486862611.2754,48,S0_baseline,indonesia,USDC
904,0.9436609335944877,2929486862454.0024,48,S0_baseline,indonesia,USDC
905,0.9565793529226972,2929486862232.626,48,S0_baseline,indonesia,USDC
906,0.9726236921706032,2929486862114.3394,48,S0_baseline,indonesia,USDC
907,0.9830203021174448,2929486862114.3394,48,S0_baseline,indonesia,USDC
908,0.9933210332438508,2929486862114.3394,48,S0_baseline,indonesia,USDC
909,0.9853359790087869,2929486862114.3394,48,S0_baseline,indonesia,USDC
910,0.9531659529497637,2929486862114.3394,48,S0_baseline,indonesia,USDC
911,0.9924379514311767,2929486861974.597,48,S0_baseline,indonesia,USDC
912,0.9834332960186526,2929486861974.597,48,S0_baseline,indonesia,USDC
913,0.9480340941193357,2929486861974.597,48,S0_baseline,indonesia,USDC
914,0.936688758816309,2929486861801.4907,48,S0_baseline,indonesia,USDC
915,0.9296813922798072,2929486861549.193,48,S0_baseline,indonesia,USDC
916,0.9406648953359574,2929486861222.2417,48,S0_baseline,indonesia,USDC
917,0.9731167501060816,2929486861001.715,48,S0_baseline,indonesia,USDC
918,0.9713736776634008,2929486861001.715,48,S0_baseline,indonesia,USDC
919,0.9997306717280767,2929486861001.715,48,S0_baseline,indonesia,USDC
920,1.0112086349850684,2929486861001.715,48,S0_baseline,indonesia,USDC
921,0.9766049266876231,2929486861001.715,48,S0_baseline,indonesia,USDC
922,0.9922224445902595,2929486861001.715,48,S0_baseline,indonesia,USDC
923,0.9981721168108135,2929486861001.715,48,S0_baseline,indonesia,USDC
924,1.0009154962412066,2929486861001.715,48,S0_baseline,indonesia,USDC
925,0.9930141985755693,2929486861001.715,48,S0_baseline,indonesia,USDC
926,0.9860438759826464,2929486861001.715,48,S0_baseline,indonesia,USDC
927,0.9555836897338331,2929486861001.715,48,S0_baseline,indonesia,USDC
928,0.9675458165550596,2929486860909.702,48,S0_baseline,indonesia,USDC
929,0.9493318305168983,2929486860903.508,48,S0_baseline,indonesia,USDC
930,0.9266802040805725,2929486860755.785,48,S0_baseline,indonesia,USDC
931,0.9466404325541875,2929486860439.93,48,S0_baseline,indonesia,USDC
932,0.956911138307369,2929486860295.8003,48,S0_baseline,indonesia,USDC
933,0.9808634373162677,2929486860206.573,48,S0_baseline,indonesia,USDC
934,0.963659574828868,2929486860206.573,48,S0_baseline,indonesia,USDC
935,0.9820541994434951,2929486860168.0366,48,S0_baseline,indonesia,USDC
936,0.9843437866254906,2929486860168.0366,48,S0_baseline,indonesia,USDC
937,1.021228299501636,2929486860168.0366,48,S0_baseline,indonesia,USDC
938,1.0600777495206297,2929486860168.0366,48,S0_baseline,indonesia,USDC
939,1.0723644585107908,2929486860168.0366,48,S0_baseline,indonesia,USDC
940,1.07040934166624,2929486860168.0366,48,S0_baseline,indonesia,USDC
941,1.0498648843734308,2929486860168.0366,48,S0_baseline,indonesia,USDC
942,1.0722446254632225,2929486860168.0366,48,S0_baseline,indonesia,USDC
943,1.106185286300127,2929486860168.0366,48,S0_baseline,indonesia,USDC
944,1.1109230226044557,2929486860168.0366,48,S0_baseline,indonesia,USDC
945,1.1166325560176364,2929486860168.0366,48,S0_baseline,indonesia,USDC
946,1.1216709838891004,2929486860168.0366,48,S0_baseline,indonesia,USDC
947,1.1222727354907687,2929486860168.0366,48,S0_baseline,indonesia,USDC
948,1.1365369092978514,2929486860168.0366,48,S0_baseline,indonesia,USDC
949,1.1472992048999047,2929486860168.0366,48,S0_baseline,indonesia,USDC
950,1.1318377752666777,2929486860168.0366,48,S0_baseline,indonesia,USDC
951,1.1043242707022483,2929486860168.0366,48,S0_baseline,indonesia,USDC
952,1.0671978585774158,2929486860168.0366,48,S0_baseline,indonesia,USDC
953,1.0656289183173182,2929486860168.0366,48,S0_baseline,indonesia,USDC
954,1.0516333035738699,2929486860168.0366,48,S0_baseline,indonesia,USDC
955,1.052284312395109,2929486860168.0366,48,S0_baseline,indonesia,USDC
956,1.0467545928445467,2929486860168.0366,48,S0_baseline,indonesia,USDC
957,1.0304094037421858,2929486860168.0366,48,S0_baseline,indonesia,USDC
958,1.0586470015197713,2929486860168.0366,48,S0_baseline,indonesia,USDC
959,1.045831584343751,2929486860168.0366,48,S0_baseline,indonesia,USDC
960,1.0125291149372952,2929486860168.0366,48,S0_baseline,indonesia,USDC
961,1.0420133334469928,2929486860168.0366,48,S0_baseline,indonesia,USDC
962,1.0458106991422498,2929486860168.0366,48,S0_baseline,indonesia,USDC
963,1.0661670050856036,2929486860168.0366,48,S0_baseline,indonesia,USDC
964,1.028383650666331,2929486860168.0366,48,S0_baseline,indonesia,USDC
965,1.0187673321279842,2929486860168.0366,48,S0_baseline,indonesia,USDC
966,1.0219879532358547,2929486860168.0366,48,S0_baseline,indonesia,USDC
967,1.0056859807045508,2929486860168.0366,48,S0_baseline,indonesia,USDC
968,1.0238669545185464,2929486860168.0366,48,S0_baseline,indonesia,USDC
969,1.0028162838530652,2929486860168.0366,48,S0_baseline,indonesia,USDC
970,0.9692858025856712,2929486860168.0366,48,S0_baseline,indonesia,USDC
971,0.9449742462007141,2929486860166.4316,48,S0_baseline,indonesia,USDC
972,0.9280182196006467,2929486860005.347,48,S0_baseline,indonesia,USDC
973,0.9105536713221182,2929486859739.345,48,S0_baseline,indonesia,USDC
974,0.9113104348058975,2929486859396.122,48,S0_baseline,indonesia,USDC
975,0.9180083390221293,2929486859076.585,48,S0_baseline,indonesia,USDC
976,0.9355041990988442,2929486858810.3003,48,S0_baseline,indonesia,USDC
977,0.940501631935624,2929486858627.969,48,S0_baseline,indonesia,USDC
978,0.9221433947396319,2929486858482.6973,48,S0_baseline,indonesia,USDC
979,0.95554880250232,2929486858258.906,48,S0_baseline,indonesia,USDC
980,0.945491705149436,2929486858201.2217,48,S0_baseline,indonesia,USDC
981,0.935060329979152,2929486858087.0703,48,S0_baseline,indonesia,USDC
982,0.9459215544539465,2929486857928.4443,48,S0_baseline,indonesia,USDC
983,0.9195653100522778,2929486857830.9062,48,S0_baseline,indonesia,USDC
984,0.9234035704567478,2929486857620.8354,48,S0_baseline,indonesia,USDC
985,0.9207515187905414,2929486857442.003,48,S0_baseline,indonesia,USDC
986,0.9198982435605649,2929486857251.166,48,S0_baseline,indonesia,USDC
987,0.9439837662401288,2929486857076.808,48,S0_baseline,indonesia,USDC
988,0.9285671971799488,2929486856992.4033,48,S0_baseline,indonesia,USDC
989,0.8955218465353971,2929486856851.0566,48,S0_baseline,indonesia,USDC
990,0.8895894802977905,2929486856607.8296,48,S0_baseline,indonesia,USDC
991,0.905275207376372,2929486856376.3887,48,S0_baseline,indonesia,USDC
992,0.9270972353025481,2929486856209.836,48,S0_baseline,indonesia,USDC
993,0.9423329750888996,2929486856098.087,48,S0_baseline,indonesia,USDC
994,0.9551448205231878,2929486856033.963,48,S0_baseline,indonesia,USDC
995,0.9548247530079153,2929486856001.565,48,S0_baseline,indonesia,USDC
996,0.9439423477838494,2929486855965.2964,48,S0_baseline,indonesia,USDC
997,0.9420806036016507,2929486855906.141,48,S0_baseline,indonesia,USDC
998,0.9674749655662961,2929486855844.327,48,S0_baseline,indonesia,USDC
999,0.9542273608178791,2929486855841.104,48,S0_baseline,indonesia,USDC
1000,0.9499201392134861,2929486855807.73,48,S0_baseline,indonesia,USDC
