Step,price,liquidity,iteration,scenario,region,coin
1,0.9805131605271437,2989591494496.446,409,S0_baseline,indonesia,USDC
2,0.9702739677815566,2989591494496.446,409,S0_baseline,indonesia,USDC
3,0.9781510726796259,2989591494496.446,409,S0_baseline,indonesia,USDC
4,1.0015324638390317,2989591494496.446,409,S0_baseline,indonesia,USDC
5,1.0054354047890481,2989591494496.446,409,S0_baseline,indonesia,USDC
6,0.9808748313835601,2989591494496.446,409,S0_baseline,indonesia,USDC
7,0.959582337332037,2989591494496.446,409,S0_baseline,indonesia,USDC
8,0.9543754644102788,2988947102991.211,409,S0_baseline,indonesia,USDC
9,0.930880738756514,2987991016581.545,409,S0_baseline,indonesia,USDC
10,0.9301680472293796,2985653907346.63,409,S0_baseline,indonesia,USDC
11,0.9381909668344455,2983406231183.2544,409,S0_baseline,indonesia,USDC
12,0.9593973916040353,2981689383477.7744,409,S0_baseline,indonesia,USDC
13,0.9624573755197742,2981130388251.8315,409,S0_baseline,indonesia,USDC
14,0.9735906860657555,2980739398391.0615,409,S0_baseline,indonesia,USDC
15,0.9791345381220428,2980739398391.0615,409,S0_baseline,indonesia,USDC
16,0.9919195652101711,2980739398391.0615,409,S0_baseline,indonesia,USDC
17,1.0036726709615624,2980739398391.0615,409,S0_baseline,indonesia,USDC
18,0.9978339965370596,2980739398391.0615,409,S0_baseline,indonesia,USDC
19,0.9935990015167095,2980739398391.0615,409,S0_baseline,indonesia,USDC
20,0.9859398982768969,2980739398391.0615,409,S0_baseline,indonesia,USDC
21,1.0166664000843315,2980739398391.0615,409,S0_baseline,indonesia,USDC
22,1.019361250132233,2980739398391.0615,409,S0_baseline,indonesia,USDC
23,1.0383906246606869,2980739398391.0615,409,S0_baseline,indonesia,USDC
24,1.051033727990103,2980739398391.0615,409,S0_baseline,indonesia,USDC
25,1.0643024804335637,2980739398391.0615,409,S0_baseline,indonesia,USDC
26,1.0539451232521855,2980739398391.0615,409,S0_baseline,indonesia,USDC
27,1.0697359888501712,2980739398391.0615,409,S0_baseline,indonesia,USDC
28,1.0887480845598716,2980739398391.0615,409,S0_baseline,indonesia,USDC
29,1.0648875815345014,2980739398391.0615,409,S0_baseline,indonesia,USDC
30,1.018061472864849,2980739398391.0615,409,S0_baseline,indonesia,USDC
31,1.0456516575770998,2980739398391.0615,409,S0_baseline,indonesia,USDC
32,1.0654729846666562,2980739398391.0615,409,S0_baseline,indonesia,USDC
33,1.0702389537333892,2980739398391.0615,409,S0_baseline,indonesia,USDC
34,1.0638114409039636,2980739398391.0615,409,S0_baseline,indonesia,USDC
35,1.089503662594906,2980739398391.0615,409,S0_baseline,indonesia,USDC
36,1.0736601320348353,2980739398391.0615,409,S0_baseline,indonesia,USDC
37,1.1176149606624561,2980739398391.0615,409,S0_baseline,indonesia,USDC
38,1.1196380254922016,2980739398391.0615,409,S0_baseline,indonesia,USDC
39,1.1276068817086626,2980739398391.0615,409,S0_baseline,indonesia,USDC
40,1.1427703836326273,2980739398391.0615,409,S0_baseline,indonesia,USDC
41,1.1637136421564274,2980739398391.0615,409,S0_baseline,indonesia,USDC
42,1.1519117175173457,2980739398391.0615,409,S0_baseline,indonesia,USDC
43,1.149692758143816,2980739398391.0615,409,S0_baseline,indonesia,USDC
44,1.1354041008619498,2980739398391.0615,409,S0_baseline,indonesia,USDC
45,1.1295206980102463,2980739398391.0615,409,S0_baseline,indonesia,USDC
46,1.1424556312260634,2980739398391.0615,409,S0_baseline,indonesia,USDC
47,1.144023821042882,2980739398391.0615,409,S0_baseline,indonesia,USDC
48,1.141018661867012,2980739398391.0615,409,S0_baseline,indonesia,USDC
49,1.189177288409415,2980739398391.0615,409,S0_baseline,indonesia,USDC
50,1.1248697787767015,2980739398391.0615,409,S0_baseline,indonesia,USDC
51,1.1119922889482996,2980739398391.0615,409,S0_baseline,indonesia,USDC
52,1.0811669341614063,2980739398391.0615,409,S0_baseline,indonesia,USDC
53,1.0599560277724165,2980739398391.0615,409,S0_baseline,indonesia,USDC
54,1.0443960773381613,2980739398391.0615,409,S0_baseline,indonesia,USDC
55,1.0350791213559578,2980739398391.0615,409,S0_baseline,indonesia,USDC
56,1.018834335041404,2980739398391.0615,409,S0_baseline,indonesia,USDC
57,1.040549198483197,2980739398391.0615,409,S0_baseline,indonesia,USDC
58,1.0366379068329363,2980739398391.0615,409,S0_baseline,indonesia,USDC
59,1.0303794816576621,2980739398391.0615,409,S0_baseline,indonesia,USDC
60,1.0253736833848182,2980739398391.0615,409,S0_baseline,indonesia,USDC
61,1.075811493778584,2980739398391.0615,409,S0_baseline,indonesia,USDC
62,1.0621314879452932,2980739398391.0615,409,S0_baseline,indonesia,USDC
63,1.0487673301599767,2980739398391.0615,409,S0_baseline,indonesia,USDC
64,1.0610081657226567,2980739398391.0615,409,S0_baseline,indonesia,USDC
65,1.081789996263978,2980739398391.0615,409,S0_baseline,indonesia,USDC
66,1.0594332005880167,2980739398391.0615,409,S0_baseline,indonesia,USDC
67,1.070111179728516,2980739398391.0615,409,S0_baseline,indonesia,USDC
68,1.087448348474935,2980739398391.0615,409,S0_baseline,indonesia,USDC
69,1.0801521495748931,2980739398391.0615,409,S0_baseline,indonesia,USDC
70,1.0752392023453525,2980739398391.0615,409,S0_baseline,indonesia,USDC
71,1.0248454551803632,2980739398391.0615,409,S0_baseline,indonesia,USDC
72,1.0168176957765325,2980739398391.0615,409,S0_baseline,indonesia,USDC
73,0.9910087729954409,2980739398391.0615,409,S0_baseline,indonesia,USDC
74,0.9864916878794726,2980739398391.0615,409,S0_baseline,indonesia,USDC
75,0.9958889168361159,2980739398391.0615,409,S0_baseline,indonesia,USDC
76,1.054549450187077,2980739398391.0615,409,S0_baseline,indonesia,USDC
77,1.0796000571150515,2980739398391.0615,409,S0_baseline,indonesia,USDC
78,1.056830538794605,2980739398391.0615,409,S0_baseline,indonesia,USDC
79,1.0267479172791554,2980739398391.0615,409,S0_baseline,indonesia,USDC
80,1.0168414601228186,2980739398391.0615,409,S0_baseline,indonesia,USDC
81,1.0484154265688328,2980739398391.0615,409,S0_baseline,indonesia,USDC
82,1.050161870156416,2980739398391.0615,409,S0_baseline,indonesia,USDC
83,1.0524912683032883,2980739398391.0615,409,S0_baseline,indonesia,USDC
84,1.0309893908949297,2980739398391.0615,409,S0_baseline,indonesia,USDC
85,1.0450261696709777,2980739398391.0615,409,S0_baseline,indonesia,USDC
86,1.0000376652974727,2980739398391.0615,409,S0_baseline,indonesia,USDC
87,1.003470091737178,2980739398391.0615,409,S0_baseline,indonesia,USDC
88,0.9978755272622216,2980739398391.0615,409,S0_baseline,indonesia,USDC
89,1.0133290783864048,2980739398391.0615,409,S0_baseline,indonesia,USDC
90,1.03039189686534,2980739398391.0615,409,S0_baseline,indonesia,USDC
91,1.036714889975653,2980739398391.0615,409,S0_baseline,indonesia,USDC
92,1.0227878834135633,2980739398391.0615,409,S0_baseline,indonesia,USDC
93,1.0597943012561837,2980739398391.0615,409,S0_baseline,indonesia,USDC
94,1.0614027123051737,2980739398391.0615,409,S0_baseline,indonesia,USDC
95,1.001046440782638,2980739398391.0615,409,S0_baseline,indonesia,USDC
96,0.9738513845482567,2980739398391.0615,409,S0_baseline,indonesia,USDC
97,0.9877001458894129,2980739398391.0615,409,S0_baseline,indonesia,USDC
98,0.9967013192746725,2980739398391.0615,409,S0_baseline,indonesia,USDC
99,1.031277738415577,2980739398391.0615,409,S0_baseline,indonesia,USDC
100,1.0367582969188545,2980739398391.0615,409,S0_baseline,indonesia,USDC
101,1.0189088855033661,2980739398391.0615,409,S0_baseline,indonesia,USDC
102,1.0167143520708914,2980739398391.0615,409,S0_baseline,indonesia,USDC
103,1.0045322430553512,2980739398391.0615,409,S0_baseline,indonesia,USDC
104,1.010133021087321,2980739398391.0615,409,S0_baseline,indonesia,USDC
105,0.9872706313784102,2980739398391.0615,409,S0_baseline,indonesia,USDC
106,0.9706544156389675,2980739398391.0615,409,S0_baseline,indonesia,USDC
107,0.9759233770949544,2980739398391.0615,409,S0_baseline,indonesia,USDC
108,0.976999336652604,2980739398391.0615,409,S0_baseline,indonesia,USDC
109,0.9924991020695704,2980739398391.0615,409,S0_baseline,indonesia,USDC
110,0.9922828151919297,2980739398391.0615,409,S0_baseline,indonesia,USDC
111,0.983577388930998,2980739398391.0615,409,S0_baseline,indonesia,USDC
112,0.9871071887272882,2980739398391.0615,409,S0_baseline,indonesia,USDC
113,1.0125904054305448,2980739398391.0615,409,S0_baseline,indonesia,USDC
114,0.9967545562139276,2980739398391.0615,409,S0_baseline,indonesia,USDC
115,1.0184042833324642,2980739398391.0615,409,S0_baseline,indonesia,USDC
116,1.018707506981389,2980739398391.0615,409,S0_baseline,indonesia,USDC
117,1.031811050123195,2980739398391.0615,409,S0_baseline,indonesia,USDC
118,1.0036506754102925,2980739398391.0615,409,S0_baseline,indonesia,USDC
119,1.005815032772811,2980739398391.0615,409,S0_baseline,indonesia,USDC
120,1.0320912903626933,2980739398391.0615,409,S0_baseline,indonesia,USDC
121,1.0320847490907843,2980739398391.0615,409,S0_baseline,indonesia,USDC
122,1.0282663150198479,2980739398391.0615,409,S0_baseline,indonesia,USDC
123,1.0216037530511157,2980739398391.0615,409,S0_baseline,indonesia,USDC
124,1.0203369271975047,2980739398391.0615,409,S0_baseline,indonesia,USDC
125,1.007070834686158,2980739398391.0615,409,S0_baseline,indonesia,USDC
126,1.0077667396164478,2980739398391.0615,409,S0_baseline,indonesia,USDC
127,0.9840787668900576,2980739398391.0615,409,S0_baseline,indonesia,USDC
128,0.979986848533409,2980739398391.0615,409,S0_baseline,indonesia,USDC
129,0.9730008528629466,2980739398391.0615,409,S0_baseline,indonesia,USDC
130,0.8385149613205679,2980739398391.0615,409,S0_baseline,indonesia,USDC
131,0.8580172808651206,2973806218883.8906,409,S0_baseline,indonesia,USDC
132,0.8493486094884009,2968701801293.473,409,S0_baseline,indonesia,USDC
133,0.8799817245261633,2963938313767.277,409,S0_baseline,indonesia,USDC
134,0.9253717548112292,2960750848366.4814,409,S0_baseline,indonesia,USDC
135,0.9454918401281895,2959317253227.8877,409,S0_baseline,indonesia,USDC
136,0.919745651588176,2958594182174.8335,409,S0_baseline,indonesia,USDC
137,0.9204472962173538,2957131462893.4077,409,S0_baseline,indonesia,USDC
138,0.9091498380313646,2955800069748.5244,409,S0_baseline,indonesia,USDC
139,0.925038206751109,2954278684816.849,409,S0_baseline,indonesia,USDC
140,0.9104193000899459,2953229766729.996,409,S0_baseline,indonesia,USDC
141,0.9258856328378585,2951886974816.829,409,S0_baseline,indonesia,USDC
142,0.9434664711672269,2950873004708.675,409,S0_baseline,indonesia,USDC
143,0.9657111385828213,2950332185634.1865,409,S0_baseline,indonesia,USDC
144,0.9774637847176371,2950277139019.98,409,S0_baseline,indonesia,USDC
145,1.0042072062751983,2950277139019.98,409,S0_baseline,indonesia,USDC
146,1.0053671770588086,2950277139019.98,409,S0_baseline,indonesia,USDC
147,0.9964878865181036,2950277139019.98,409,S0_baseline,indonesia,USDC
148,0.9940994248814773,2950277139019.98,409,S0_baseline,indonesia,USDC
149,1.0004565359674833,2950277139019.98,409,S0_baseline,indonesia,USDC
150,0.9982786904129815,2950277139019.98,409,S0_baseline,indonesia,USDC
151,1.0117601913123944,2950277139019.98,409,S0_baseline,indonesia,USDC
152,1.0008097325470047,2950277139019.98,409,S0_baseline,indonesia,USDC
153,1.0075504598684033,2950277139019.98,409,S0_baseline,indonesia,USDC
154,1.0193742087602207,2950277139019.98,409,S0_baseline,indonesia,USDC
155,1.0218204848055654,2950277139019.98,409,S0_baseline,indonesia,USDC
156,1.0430583832684979,2950277139019.98,409,S0_baseline,indonesia,USDC
157,1.0046420483044873,2950277139019.98,409,S0_baseline,indonesia,USDC
158,1.0088898661444707,2950277139019.98,409,S0_baseline,indonesia,USDC
159,1.0320910129566832,2950277139019.98,409,S0_baseline,indonesia,USDC
160,1.0389534912298464,2950277139019.98,409,S0_baseline,indonesia,USDC
161,1.0073436296159606,2950277139019.98,409,S0_baseline,indonesia,USDC
162,1.0097440578644958,2950277139019.98,409,S0_baseline,indonesia,USDC
163,1.0302911489120679,2950277139019.98,409,S0_baseline,indonesia,USDC
164,1.0243749125788846,2950277139019.98,409,S0_baseline,indonesia,USDC
165,1.0134889665856466,2950277139019.98,409,S0_baseline,indonesia,USDC
166,0.9700536431945226,2950277139019.98,409,S0_baseline,indonesia,USDC
167,0.9640020281183765,2950277139019.98,409,S0_baseline,indonesia,USDC
168,0.9501755812567853,2950149229830.0776,409,S0_baseline,indonesia,USDC
169,0.9457285858163997,2949746550418.062,409,S0_baseline,indonesia,USDC
170,0.9931303626460811,2949298612747.1587,409,S0_baseline,indonesia,USDC
171,0.9791966606236026,2949298612747.1587,409,S0_baseline,indonesia,USDC
172,0.9938528124695901,2949298612747.1587,409,S0_baseline,indonesia,USDC
173,0.9842201694386451,2949298612747.1587,409,S0_baseline,indonesia,USDC
174,1.0002152852678365,2949298612747.1587,409,S0_baseline,indonesia,USDC
175,1.0018472494349604,2949298612747.1587,409,S0_baseline,indonesia,USDC
176,1.003044213827158,2949298612747.1587,409,S0_baseline,indonesia,USDC
177,1.0215148586013711,2949298612747.1587,409,S0_baseline,indonesia,USDC
178,1.0620366707304485,2949298612747.1587,409,S0_baseline,indonesia,USDC
179,1.0915482884955285,2949298612747.1587,409,S0_baseline,indonesia,USDC
180,1.0839110276332276,2949298612747.1587,409,S0_baseline,indonesia,USDC
181,1.0545029948098632,2949298612747.1587,409,S0_baseline,indonesia,USDC
182,1.026748666158136,2949298612747.1587,409,S0_baseline,indonesia,USDC
183,1.0021724715643014,2949298612747.1587,409,S0_baseline,indonesia,USDC
184,1.0224712303619665,2949298612747.1587,409,S0_baseline,indonesia,USDC
185,1.0350752806327852,2949298612747.1587,409,S0_baseline,indonesia,USDC
186,1.0375129477901728,2949298612747.1587,409,S0_baseline,indonesia,USDC
187,1.0505344453106578,2949298612747.1587,409,S0_baseline,indonesia,USDC
188,1.0565650404864817,2949298612747.1587,409,S0_baseline,indonesia,USDC
189,0.8776892098999759,2949298612747.1587,409,S0_baseline,indonesia,USDC
190,0.8881043735104358,2947423169802.501,409,S0_baseline,indonesia,USDC
191,0.9044951625495186,2946020518362.747,409,S0_baseline,indonesia,USDC
192,0.918733958378363,2944911053890.755,409,S0_baseline,indonesia,USDC
193,0.903186227536276,2944101390829.38,409,S0_baseline,indonesia,USDC
194,0.951243292853885,2943126257368.302,409,S0_baseline,indonesia,USDC
195,0.9540726488723535,2942898554213.665,409,S0_baseline,indonesia,USDC
196,0.9713415269433873,2942711555953.4717,409,S0_baseline,indonesia,USDC
197,0.9420065281553368,2942711555953.4717,409,S0_baseline,indonesia,USDC
198,0.9198710667965658,2942358926769.9116,409,S0_baseline,indonesia,USDC
199,0.9336595438144082,2941734312534.7085,409,S0_baseline,indonesia,USDC
200,0.9395422062485924,2941307144746.1675,409,S0_baseline,indonesia,USDC
201,0.9753126264804932,2940975786250.6553,409,S0_baseline,indonesia,USDC
202,1.00107065105144,2940975786250.6553,409,S0_baseline,indonesia,USDC
203,0.9679350203684544,2940975786250.6553,409,S0_baseline,indonesia,USDC
204,0.9735826069808777,2940964118584.3623,409,S0_baseline,indonesia,USDC
205,0.9840194216990094,2940964118584.3623,409,S0_baseline,indonesia,USDC
206,0.9927704814411613,2940964118584.3623,409,S0_baseline,indonesia,USDC
207,0.977133929860083,2940964118584.3623,409,S0_baseline,indonesia,USDC
208,0.9757397289654888,2940964118584.3623,409,S0_baseline,indonesia,USDC
209,0.9774913545270753,2940964118584.3623,409,S0_baseline,indonesia,USDC
210,0.9771969814104754,2940964118584.3623,409,S0_baseline,indonesia,USDC
211,0.9566925499334038,2940964118584.3623,409,S0_baseline,indonesia,USDC
212,0.963432692715262,2940816499903.4175,409,S0_baseline,indonesia,USDC
213,0.976899627985947,2940747633425.8535,409,S0_baseline,indonesia,USDC
214,1.0321320861265981,2940747633425.8535,409,S0_baseline,indonesia,USDC
215,1.0243105661203122,2940747633425.8535,409,S0_baseline,indonesia,USDC
216,1.0209150048334759,2940747633425.8535,409,S0_baseline,indonesia,USDC
217,1.009229429146975,2940747633425.8535,409,S0_baseline,indonesia,USDC
218,0.9736649693003483,2940747633425.8535,409,S0_baseline,indonesia,USDC
219,0.9942254892642075,2940747633425.8535,409,S0_baseline,indonesia,USDC
220,0.9931715866746272,2940747633425.8535,409,S0_baseline,indonesia,USDC
221,0.9630844058845248,2940747633425.8535,409,S0_baseline,indonesia,USDC
222,0.9580332597075476,2940668095973.5527,409,S0_baseline,indonesia,USDC
223,0.9875338750386868,2940547469495.101,409,S0_baseline,indonesia,USDC
224,0.993017656311744,2940547469495.101,409,S0_baseline,indonesia,USDC
225,0.9872809375664408,2940547469495.101,409,S0_baseline,indonesia,USDC
226,0.9881473932675728,2940547469495.101,409,S0_baseline,indonesia,USDC
227,1.0060963693034832,2940547469495.101,409,S0_baseline,indonesia,USDC
228,1.007357709754236,2940547469495.101,409,S0_baseline,indonesia,USDC
229,0.9763187308930051,2940547469495.101,409,S0_baseline,indonesia,USDC
230,0.985192828071594,2940547469495.101,409,S0_baseline,indonesia,USDC
231,0.9851854657012186,2940547469495.101,409,S0_baseline,indonesia,USDC
232,0.9908730415750914,2940547469495.101,409,S0_baseline,indonesia,USDC
233,0.9508630618074314,2940547469495.101,409,S0_baseline,indonesia,USDC
234,0.9362523208221906,2940331321230.783,409,S0_baseline,indonesia,USDC
235,0.9600215523989084,2939969585970.058,409,S0_baseline,indonesia,USDC
236,0.95963081712356,2939862825926.7915,409,S0_baseline,indonesia,USDC
237,0.9681294039564754,2939767322988.756,409,S0_baseline,indonesia,USDC
238,0.9990344957763844,2939753226917.133,409,S0_baseline,indonesia,USDC
239,1.0032543586636393,2939753226917.133,409,S0_baseline,indonesia,USDC
240,0.9863909633459991,2939753226917.133,409,S0_baseline,indonesia,USDC
241,0.9824176386088871,2939753226917.133,409,S0_baseline,indonesia,USDC
242,0.9963838481932563,2939753226917.133,409,S0_baseline,indonesia,USDC
243,1.0100723821289883,2939753226917.133,409,S0_baseline,indonesia,USDC
244,1.0067821290624013,2939753226917.133,409,S0_baseline,indonesia,USDC
245,0.9895398270696469,2939753226917.133,409,S0_baseline,indonesia,USDC
246,0.9964210305345199,2939753226917.133,409,S0_baseline,indonesia,USDC
247,1.029023320835716,2939753226917.133,409,S0_baseline,indonesia,USDC
248,1.016018250779919,2939753226917.133,409,S0_baseline,indonesia,USDC
249,1.0149535737113875,2939753226917.133,409,S0_baseline,indonesia,USDC
250,1.0054097542374978,2939753226917.133,409,S0_baseline,indonesia,USDC
251,0.9758897508018912,2939753226917.133,409,S0_baseline,indonesia,USDC
252,0.9626972998157625,2939753226917.133,409,S0_baseline,indonesia,USDC
253,0.9667894277779587,2939696262914.732,409,S0_baseline,indonesia,USDC
254,0.9529070397613566,2939674259568.801,409,S0_baseline,indonesia,USDC
255,0.9338081257109626,2939504691551.907,409,S0_baseline,indonesia,USDC
256,0.9260456102118952,2939134818168.78,409,S0_baseline,indonesia,USDC
257,0.9516189755823841,2938726461855.1675,409,S0_baseline,indonesia,USDC
258,0.9491307442429924,2938560895075.5513,409,S0_baseline,indonesia,USDC
259,0.9469071176859114,2938391440046.613,409,S0_baseline,indonesia,USDC
260,0.9748035116866003,2938181938905.4165,409,S0_baseline,indonesia,USDC
261,1.0106727491344096,2938181938905.4165,409,S0_baseline,indonesia,USDC
262,1.0113009768531949,2938181938905.4165,409,S0_baseline,indonesia,USDC
263,1.021826256807314,2938181938905.4165,409,S0_baseline,indonesia,USDC
264,1.0271239408783814,2938181938905.4165,409,S0_baseline,indonesia,USDC
265,1.0178938818478347,2938181938905.4165,409,S0_baseline,indonesia,USDC
266,1.02823588907752,2938181938905.4165,409,S0_baseline,indonesia,USDC
267,1.0215003894327215,2938181938905.4165,409,S0_baseline,indonesia,USDC
268,1.0312867811059607,2938181938905.4165,409,S0_baseline,indonesia,USDC
269,0.999013084280225,2938181938905.4165,409,S0_baseline,indonesia,USDC
270,1.043151718537017,2938181938905.4165,409,S0_baseline,indonesia,USDC
271,1.0499131375184507,2938181938905.4165,409,S0_baseline,indonesia,USDC
272,1.0502550112806952,2938181938905.4165,409,S0_baseline,indonesia,USDC
273,1.0381307982307382,2938181938905.4165,409,S0_baseline,indonesia,USDC
274,1.0290133339362182,2938181938905.4165,409,S0_baseline,indonesia,USDC
275,1.02551337755208,2938181938905.4165,409,S0_baseline,indonesia,USDC
276,1.0289718356059958,2938181938905.4165,409,S0_baseline,indonesia,USDC
277,1.0175507302031905,2938181938905.4165,409,S0_baseline,indonesia,USDC
278,1.0034060551884862,2938181938905.4165,409,S0_baseline,indonesia,USDC
279,0.9993573186059628,2938181938905.4165,409,S0_baseline,indonesia,USDC
280,1.0022412115220238,2938181938905.4165,409,S0_baseline,indonesia,USDC
281,0.9944311990833308,2938181938905.4165,409,S0_baseline,indonesia,USDC
282,0.9815888346058075,2938181938905.4165,409,S0_baseline,indonesia,USDC
283,1.0055629412776252,2938181938905.4165,409,S0_baseline,indonesia,USDC
284,1.0160661619850837,2938181938905.4165,409,S0_baseline,indonesia,USDC
285,1.015311533683586,2938181938905.4165,409,S0_baseline,indonesia,USDC
286,0.99362834186682,2938181938905.4165,409,S0_baseline,indonesia,USDC
287,1.0029095805159705,2938181938905.4165,409,S0_baseline,indonesia,USDC
288,0.9953589961196752,2938181938905.4165,409,S0_baseline,indonesia,USDC
289,0.9975142820117402,2938181938905.4165,409,S0_baseline,indonesia,USDC
290,0.9844740590671597,2938181938905.4165,409,S0_baseline,indonesia,USDC
291,0.9956735201593494,2938181938905.4165,409,S0_baseline,indonesia,USDC
292,0.9962170939994608,2938181938905.4165,409,S0_baseline,indonesia,USDC
293,1.0037405725716437,2938181938905.4165,409,S0_baseline,indonesia,USDC
294,0.9904438355727242,2938181938905.4165,409,S0_baseline,indonesia,USDC
295,0.9997276177471331,2938181938905.4165,409,S0_baseline,indonesia,USDC
296,0.9905794421644147,2938181938905.4165,409,S0_baseline,indonesia,USDC
297,0.9552282098760565,2938181938905.4165,409,S0_baseline,indonesia,USDC
298,0.83335107805138,2938064268055.644,409,S0_baseline,indonesia,USDC
299,0.8393750078882782,2936894801839.621,409,S0_baseline,indonesia,USDC
300,0.8564941371071014,2935971771138.7217,409,S0_baseline,indonesia,USDC
301,0.8604874689024608,2935256744673.4634,409,S0_baseline,indonesia,USDC
302,0.8961224095994987,2934657881563.555,409,S0_baseline,indonesia,USDC
303,0.9218955231821078,2934299141084.662,409,S0_baseline,indonesia,USDC
304,0.9570266857204287,2934084631329.5293,409,S0_baseline,indonesia,USDC
305,0.9651125678930415,2934024537642.6875,409,S0_baseline,indonesia,USDC
306,0.9653519741277773,2934007494839.2725,409,S0_baseline,indonesia,USDC
307,0.9714407303626332,2933988976202.667,409,S0_baseline,indonesia,USDC
308,0.9645814789037304,2933988976202.667,409,S0_baseline,indonesia,USDC
309,0.9618958389417394,2933967054724.5,409,S0_baseline,indonesia,USDC
310,0.9613688459428824,2933930497771.089,409,S0_baseline,indonesia,USDC
311,0.9796859266473688,2933894784993.0195,409,S0_baseline,indonesia,USDC
312,0.988746823669555,2933894784993.0195,409,S0_baseline,indonesia,USDC
313,0.9937259413834189,2933894784993.0195,409,S0_baseline,indonesia,USDC
314,1.00248786521469,2933894784993.0195,409,S0_baseline,indonesia,USDC
315,1.0015150944742304,2933894784993.0195,409,S0_baseline,indonesia,USDC
316,1.0092951069935798,2933894784993.0195,409,S0_baseline,indonesia,USDC
317,1.0185748041246543,2933894784993.0195,409,S0_baseline,indonesia,USDC
318,1.0452336479001016,2933894784993.0195,409,S0_baseline,indonesia,USDC
319,1.040531881184463,2933894784993.0195,409,S0_baseline,indonesia,USDC
320,1.0807176692702938,2933894784993.0195,409,S0_baseline,indonesia,USDC
321,1.0487864282035733,2933894784993.0195,409,S0_baseline,indonesia,USDC
322,1.041671424153515,2933894784993.0195,409,S0_baseline,indonesia,USDC
323,1.0196502037308302,2933894784993.0195,409,S0_baseline,indonesia,USDC
324,1.0169790146885846,2933894784993.0195,409,S0_baseline,indonesia,USDC
325,1.0417800031011935,2933894784993.0195,409,S0_baseline,indonesia,USDC
326,1.0273393444477548,2933894784993.0195,409,S0_baseline,indonesia,USDC
327,1.0086308429552795,2933894784993.0195,409,S0_baseline,indonesia,USDC
328,1.0209019083503421,2933894784993.0195,409,S0_baseline,indonesia,USDC
329,1.0084811344177431,2933894784993.0195,409,S0_baseline,indonesia,USDC
330,1.0155700641484418,2933894784993.0195,409,S0_baseline,indonesia,USDC
331,0.9789824799617066,2933894784993.0195,409,S0_baseline,indonesia,USDC
332,0.9933093274856402,2933894784993.0195,409,S0_baseline,indonesia,USDC
333,0.9922617422484677,2933894784993.0195,409,S0_baseline,indonesia,USDC
334,0.9806849808144782,2933894784993.0195,409,S0_baseline,indonesia,USDC
335,0.9847394761676487,2933894784993.0195,409,S0_baseline,indonesia,USDC
336,0.9994427805138607,2933894784993.0195,409,S0_baseline,indonesia,USDC
337,0.9671699192769573,2933894784993.0195,409,S0_baseline,indonesia,USDC
338,0.9753181833847682,2933887113022.3306,409,S0_baseline,indonesia,USDC
339,0.9756518747138802,2933887113022.3306,409,S0_baseline,indonesia,USDC
340,0.9768100271979876,2933887113022.3306,409,S0_baseline,indonesia,USDC
341,0.9490697598241971,2933887113022.3306,409,S0_baseline,indonesia,USDC
342,0.9656733072642464,2933794424024.959,409,S0_baseline,indonesia,USDC
343,0.9828186125623732,2933783113559.872,409,S0_baseline,indonesia,USDC
344,0.9922543941087495,2933783113559.872,409,S0_baseline,indonesia,USDC
345,0.9995459594607048,2933783113559.872,409,S0_baseline,indonesia,USDC
346,1.033882838670685,2933783113559.872,409,S0_baseline,indonesia,USDC
347,1.0488609639222137,2933783113559.872,409,S0_baseline,indonesia,USDC
348,1.029992034747586,2933783113559.872,409,S0_baseline,indonesia,USDC
349,1.0416296200788517,2933783113559.872,409,S0_baseline,indonesia,USDC
350,1.0367942782244493,2933783113559.872,409,S0_baseline,indonesia,USDC
351,1.0457748459240817,2933783113559.872,409,S0_baseline,indonesia,USDC
352,1.0102536702221299,2933783113559.872,409,S0_baseline,indonesia,USDC
353,1.0414666519870688,2933783113559.872,409,S0_baseline,indonesia,USDC
354,1.0537316141636268,2933783113559.872,409,S0_baseline,indonesia,USDC
355,1.0674466156840547,2933783113559.872,409,S0_baseline,indonesia,USDC
356,1.0392829523614742,2933783113559.872,409,S0_baseline,indonesia,USDC
357,1.0313210467708864,2933783113559.872,409,S0_baseline,indonesia,USDC
358,1.0631734717613792,2933783113559.872,409,S0_baseline,indonesia,USDC
359,1.02590817522645,2933783113559.872,409,S0_baseline,indonesia,USDC
360,1.022713680905112,2933783113559.872,409,S0_baseline,indonesia,USDC
361,1.039990469883011,2933783113559.872,409,S0_baseline,indonesia,USDC
362,1.0338318173824126,2933783113559.872,409,S0_baseline,indonesia,USDC
363,1.0631416660117468,2933783113559.872,409,S0_baseline,indonesia,USDC
364,1.0721128113939782,2933783113559.872,409,S0_baseline,indonesia,USDC
365,1.0963009598175861,2933783113559.872,409,S0_baseline,indonesia,USDC
366,1.0733763164294163,2933783113559.872,409,S0_baseline,indonesia,USDC
367,1.0733998234426954,2933783113559.872,409,S0_baseline,indonesia,USDC
368,1.0770813453626262,2933783113559.872,409,S0_baseline,indonesia,USDC
369,1.1007060372798658,2933783113559.872,409,S0_baseline,indonesia,USDC
370,1.0831784231225985,2933783113559.872,409,S0_baseline,indonesia,USDC
371,1.0691776621571685,2933783113559.872,409,S0_baseline,indonesia,USDC
372,1.049118606316717,2933783113559.872,409,S0_baseline,indonesia,USDC
373,1.0134052250734404,2933783113559.872,409,S0_baseline,indonesia,USDC
374,0.9671875967869645,2933783113559.872,409,S0_baseline,indonesia,USDC
375,0.972174377790547,2933775674086.593,409,S0_baseline,indonesia,USDC
376,0.9945158907388569,2933775674086.593,409,S0_baseline,indonesia,USDC
377,0.9969094872742309,2933775674086.593,409,S0_baseline,indonesia,USDC
378,0.9600806034662395,2933775674086.593,409,S0_baseline,indonesia,USDC
379,0.9909261636255008,2933732885904.6104,409,S0_baseline,indonesia,USDC
380,1.01853439373807,2933732885904.6104,409,S0_baseline,indonesia,USDC
381,1.0327152541189357,2933732885904.6104,409,S0_baseline,indonesia,USDC
382,1.0435951061375655,2933732885904.6104,409,S0_baseline,indonesia,USDC
383,1.0452018178706692,2933732885904.6104,409,S0_baseline,indonesia,USDC
384,1.0245161173233546,2933732885904.6104,409,S0_baseline,indonesia,USDC
385,0.9917797268529471,2933732885904.6104,409,S0_baseline,indonesia,USDC
386,1.020251841490595,2933732885904.6104,409,S0_baseline,indonesia,USDC
387,1.0043151593980253,2933732885904.6104,409,S0_baseline,indonesia,USDC
388,1.0225540671657463,2933732885904.6104,409,S0_baseline,indonesia,USDC
389,1.033845644129343,2933732885904.6104,409,S0_baseline,indonesia,USDC
390,1.0201277976200998,2933732885904.6104,409,S0_baseline,indonesia,USDC
391,1.0284006346291552,2933732885904.6104,409,S0_baseline,indonesia,USDC
392,1.0149960910293405,2933732885904.6104,409,S0_baseline,indonesia,USDC
393,0.9944028531379818,2933732885904.6104,409,S0_baseline,indonesia,USDC
394,0.9819427942812157,2933732885904.6104,409,S0_baseline,indonesia,USDC
395,0.9944195231890123,2933732885904.6104,409,S0_baseline,indonesia,USDC
396,0.9899227823337833,2933732885904.6104,409,S0_baseline,indonesia,USDC
397,1.0272210121239325,2933732885904.6104,409,S0_baseline,indonesia,USDC
398,1.0614335329016091,2933732885904.6104,409,S0_baseline,indonesia,USDC
399,1.058918073279312,2933732885904.6104,409,S0_baseline,indonesia,USDC
400,1.0452485093211878,2933732885904.6104,409,S0_baseline,indonesia,USDC
401,1.0851344095147453,2933732885904.6104,409,S0_baseline,indonesia,USDC
402,1.0542958794673967,2933732885904.6104,409,S0_baseline,indonesia,USDC
403,1.042345630088334,2933732885904.6104,409,S0_baseline,indonesia,USDC
404,1.0308502216346018,2933732885904.6104,409,S0_baseline,indonesia,USDC
405,1.0431933170256358,2933732885904.6104,409,S0_baseline,indonesia,USDC
406,1.0507617231894384,2933732885904.6104,409,S0_baseline,indonesia,USDC
407,1.0385873528197542,2933732885904.6104,409,S0_baseline,indonesia,USDC
408,1.0312645524111999,2933732885904.6104,409,S0_baseline,indonesia,USDC
409,1.032062813437233,2933732885904.6104,409,S0_baseline,indonesia,USDC
410,1.0239798892531031,2933732885904.6104,409,S0_baseline,indonesia,USDC
411,1.0125967179460547,2933732885904.6104,409,S0_baseline,indonesia,USDC
412,1.035300526792331,2933732885904.6104,409,S0_baseline,indonesia,USDC
413,1.0143385952252215,2933732885904.6104,409,S0_baseline,indonesia,USDC
414,0.9956777976894055,2933732885904.6104,409,S0_baseline,indonesia,USDC
415,1.0235465198591778,2933732885904.6104,409,S0_baseline,indonesia,USDC
416,0.9916414114043053,2933732885904.6104,409,S0_baseline,indonesia,USDC
417,1.0116585940532203,2933732885904.6104,409,S0_baseline,indonesia,USDC
418,1.0022620250965335,2933732885904.6104,409,S0_baseline,indonesia,USDC
419,0.9807709224855791,2933732885904.6104,409,S0_baseline,indonesia,USDC
420,0.9889607536149528,2933732885904.6104,409,S0_baseline,indonesia,USDC
421,0.9729515031227354,2933732885904.6104,409,S0_baseline,indonesia,USDC
422,0.9992018232880155,2933732885904.6104,409,S0_baseline,indonesia,USDC
423,1.0285484284433293,2933732885904.6104,409,S0_baseline,indonesia,USDC
424,1.0188753658816159,2933732885904.6104,409,S0_baseline,indonesia,USDC
425,1.0250614700145306,2933732885904.6104,409,S0_baseline,indonesia,USDC
426,1.0473242297940606,2933732885904.6104,409,S0_baseline,indonesia,USDC
427,1.0417691991577531,2933732885904.6104,409,S0_baseline,indonesia,USDC
428,0.9936890517358165,2933732885904.6104,409,S0_baseline,indonesia,USDC
429,0.9745102025196353,2933732885904.6104,409,S0_baseline,indonesia,USDC
430,0.9797252548830899,2933732885904.6104,409,S0_baseline,indonesia,USDC
431,0.9675665124627134,2933732885904.6104,409,S0_baseline,indonesia,USDC
432,0.9652678189435032,2933724813894.6133,409,S0_baseline,indonesia,USDC
433,0.9666746829294499,2933704649342.287,409,S0_baseline,indonesia,USDC
434,0.9961628041563833,2933697614358.212,409,S0_baseline,indonesia,USDC
435,0.9769698119943864,2933697614358.212,409,S0_baseline,indonesia,USDC
436,0.9887589399509131,2933697614358.212,409,S0_baseline,indonesia,USDC
437,1.0134255218908783,2933697614358.212,409,S0_baseline,indonesia,USDC
438,1.000693535247427,2933697614358.212,409,S0_baseline,indonesia,USDC
439,0.9840068346086934,2933697614358.212,409,S0_baseline,indonesia,USDC
440,0.9949745499099657,2933697614358.212,409,S0_baseline,indonesia,USDC
441,1.0111254707832646,2933697614358.212,409,S0_baseline,indonesia,USDC
442,1.0430157464042131,2933697614358.212,409,S0_baseline,indonesia,USDC
443,1.004643004161602,2933697614358.212,409,S0_baseline,indonesia,USDC
444,1.0213921262691117,2933697614358.212,409,S0_baseline,indonesia,USDC
445,1.0074197722824298,2933697614358.212,409,S0_baseline,indonesia,USDC
446,0.9959064026596949,2933697614358.212,409,S0_baseline,indonesia,USDC
447,0.9750046659324287,2933697614358.212,409,S0_baseline,indonesia,USDC
448,0.9887934400695283,2933697614358.212,409,S0_baseline,indonesia,USDC
449,0.9881404740902582,2933697614358.212,409,S0_baseline,indonesia,USDC
450,1.0163726486110718,2933697614358.212,409,S0_baseline,indonesia,USDC
451,1.0501097720710466,2933697614358.212,409,S0_baseline,indonesia,USDC
452,1.069151654539054,2933697614358.212,409,S0_baseline,indonesia,USDC
453,1.0903130124524312,2933697614358.212,409,S0_baseline,indonesia,USDC
454,1.0732122650408742,2933697614358.212,409,S0_baseline,indonesia,USDC
455,1.0650180216260356,2933697614358.212,409,S0_baseline,indonesia,USDC
456,1.0324748064950477,2933697614358.212,409,S0_baseline,indonesia,USDC
457,1.0278010964397017,2933697614358.212,409,S0_baseline,indonesia,USDC
458,1.0165522551986208,2933697614358.212,409,S0_baseline,indonesia,USDC
459,1.0234481427855358,2933697614358.212,409,S0_baseline,indonesia,USDC
460,1.0299407713671809,2933697614358.212,409,S0_baseline,indonesia,USDC
461,1.0155568116353322,2933697614358.212,409,S0_baseline,indonesia,USDC
462,1.0038578815576875,2933697614358.212,409,S0_baseline,indonesia,USDC
463,0.9823718963082145,2933697614358.212,409,S0_baseline,indonesia,USDC
464,0.9679890848981622,2933697614358.212,409,S0_baseline,indonesia,USDC
465,0.9891061780515933,2933695877218.2886,409,S0_baseline,indonesia,USDC
466,0.8635360735906896,2933695877218.2886,409,S0_baseline,indonesia,USDC
467,0.868926757959676,2933245394022.357,409,S0_baseline,indonesia,USDC
468,0.8599744469312741,2932872951039.6826,409,S0_baseline,indonesia,USDC
469,0.8571966357822468,2932500740657.1665,409,S0_baseline,indonesia,USDC
470,0.8609430626125238,2932169576735.6836,409,S0_baseline,indonesia,USDC
471,0.8778876271123783,2931879723381.7207,409,S0_baseline,indonesia,USDC
472,0.8676657463442605,2931671992296.6445,409,S0_baseline,indonesia,USDC
473,0.9056553703253064,2931461905613.5396,409,S0_baseline,indonesia,USDC
474,0.9321328475776998,2931340883650.9624,409,S0_baseline,indonesia,USDC
475,0.9379537096051062,2931274650398.4976,409,S0_baseline,indonesia,USDC
476,0.9648608129998641,2931222624943.821,409,S0_baseline,indonesia,USDC
477,0.938705491925791,2931215950906.413,409,S0_baseline,indonesia,USDC
478,0.9516864139089597,2931165253848.2437,409,S0_baseline,indonesia,USDC
479,0.9577924246652912,2931139460570.43,409,S0_baseline,indonesia,USDC
480,0.9691773779479227,2931123347046.997,409,S0_baseline,indonesia,USDC
481,0.9639854558356222,2931122047938.04,409,S0_baseline,indonesia,USDC
482,0.967821752266964,2931114449300.057,409,S0_baseline,indonesia,USDC
483,0.9854243244979649,2931111029328.0483,409,S0_baseline,indonesia,USDC
484,0.9645348091718698,2931111029328.0483,409,S0_baseline,indonesia,USDC
485,0.9421748022803366,2931103395263.971,409,S0_baseline,indonesia,USDC
486,0.9451685304923881,2931060025225.0137,409,S0_baseline,indonesia,USDC
487,0.9484919676193747,2931022431641.5005,409,S0_baseline,indonesia,USDC
488,0.9286680131413889,2930994502358.3975,409,S0_baseline,indonesia,USDC
489,0.9474321416606246,2930938154278.53,409,S0_baseline,indonesia,USDC
490,0.9552669427897458,2930909255617.1997,409,S0_baseline,indonesia,USDC
491,0.9746446894468793,2930890251637.783,409,S0_baseline,indonesia,USDC
492,0.9904540084996784,2930890251637.783,409,S0_baseline,indonesia,USDC
493,0.9691288515043961,2930890251637.783,409,S0_baseline,indonesia,USDC
494,0.9758216399039837,2930889857275.3867,409,S0_baseline,indonesia,USDC
495,1.0098306926405154,2930889857275.3867,409,S0_baseline,indonesia,USDC
496,0.9861961962177923,2930889857275.3867,409,S0_baseline,indonesia,USDC
497,0.9942432117063691,2930889857275.3867,409,S0_baseline,indonesia,USDC
498,1.0100521703163385,2930889857275.3867,409,S0_baseline,indonesia,USDC
499,0.9904071173697808,2930889857275.3867,409,S0_baseline,indonesia,USDC
500,0.9525481845528238,2930889857275.3867,409,S0_baseline,indonesia,USDC
501,0.9355735337997726,2930869673456.7754,409,S0_baseline,indonesia,USDC
502,0.9193543792925818,2930824309348.7593,409,S0_baseline,indonesia,USDC
503,0.93050641208288,2930765066444.1577,409,S0_baseline,indonesia,USDC
504,0.9416449249583797,2930717284416.4316,409,S0_baseline,indonesia,USDC
505,0.9610448441713868,2930684375284.8213,409,S0_baseline,indonesia,USDC
506,0.9592130054838884,2930675748560.203,409,S0_baseline,indonesia,USDC
507,0.9828533727921839,2930665970550.4995,409,S0_baseline,indonesia,USDC
508,0.979131175603156,2930665970550.4995,409,S0_baseline,indonesia,USDC
509,0.9802465790080118,2930665970550.4995,409,S0_baseline,indonesia,USDC
510,0.9900510834334814,2930665970550.4995,409,S0_baseline,indonesia,USDC
511,1.0357011529452849,2930665970550.4995,409,S0_baseline,indonesia,USDC
512,1.0519110529057074,2930665970550.4995,409,S0_baseline,indonesia,USDC
513,1.0392649360845065,2930665970550.4995,409,S0_baseline,indonesia,USDC
514,1.0211298667082753,2930665970550.4995,409,S0_baseline,indonesia,USDC
515,1.0421465037587514,2930665970550.4995,409,S0_baseline,indonesia,USDC
516,1.0515442085745124,2930665970550.4995,409,S0_baseline,indonesia,USDC
517,1.0345441347714515,2930665970550.4995,409,S0_baseline,indonesia,USDC
518,1.0422992840432999,2930665970550.4995,409,S0_baseline,indonesia,USDC
519,1.038269193616586,2930665970550.4995,409,S0_baseline,indonesia,USDC
520,1.0397818749695857,2930665970550.4995,409,S0_baseline,indonesia,USDC
521,1.0683333150905943,2930665970550.4995,409,S0_baseline,indonesia,USDC
522,1.0525336073008638,2930665970550.4995,409,S0_baseline,indonesia,USDC
523,1.0596828118105637,2930665970550.4995,409,S0_baseline,indonesia,USDC
524,1.050240617488971,2930665970550.4995,409,S0_baseline,indonesia,USDC
525,1.0497736614537625,2930665970550.4995,409,S0_baseline,indonesia,USDC
526,1.074369097453588,2930665970550.4995,409,S0_baseline,indonesia,USDC
527,1.0526242488751159,2930665970550.4995,409,S0_baseline,indonesia,USDC
528,1.0677859777474945,2930665970550.4995,409,S0_baseline,indonesia,USDC
529,0.8956572893116885,2930665970550.4995,409,S0_baseline,indonesia,USDC
530,0.8979011407388736,2930589399648.2056,409,S0_baseline,indonesia,USDC
531,0.9122288501515305,2930520478437.679,409,S0_baseline,indonesia,USDC
532,0.9171843616053735,2930465150117.601,409,S0_baseline,indonesia,USDC
533,0.9130318652545567,2930418822039.093,409,S0_baseline,indonesia,USDC
534,0.9325120190115666,2930371471584.481,409,S0_baseline,indonesia,USDC
535,0.9394226144412369,2930343131884.3784,409,S0_baseline,indonesia,USDC
536,0.9394633798781897,2930320222318.4346,409,S0_baseline,indonesia,USDC
537,0.920206706357668,2930299555154.8203,409,S0_baseline,indonesia,USDC
538,0.9156337644679354,2930264183424.673,409,S0_baseline,indonesia,USDC
539,0.8230767960693262,2930229406153.4526,409,S0_baseline,indonesia,USDC
540,0.8538828486549149,2930134741886.0913,409,S0_baseline,indonesia,USDC
541,0.8549546615832193,2930072415050.0874,409,S0_baseline,indonesia,USDC
542,0.8854340800947513,2930016588396.38,409,S0_baseline,indonesia,USDC
543,0.9015927095544143,2929982038506.679,409,S0_baseline,indonesia,USDC
544,0.913173164935917,2929956477229.7227,409,S0_baseline,indonesia,USDC
545,0.8938178819681414,2929936728468.0674,409,S0_baseline,indonesia,USDC
546,0.9217003965995016,2929910887369.5244,409,S0_baseline,indonesia,USDC
547,0.9135110848959673,2929895853829.76,409,S0_baseline,indonesia,USDC
548,0.9101845270541498,2929879030437.5767,409,S0_baseline,indonesia,USDC
549,0.8915296555327031,2929862198501.2783,409,S0_baseline,indonesia,USDC
550,0.8996122355016044,2929840299288.3833,409,S0_baseline,indonesia,USDC
551,0.9063647445747927,2929823532313.8906,409,S0_baseline,indonesia,USDC
552,0.9119033602119289,2929809429798.668,409,S0_baseline,indonesia,USDC
553,0.9419662149059158,2929797366561.1836,409,S0_baseline,indonesia,USDC
554,0.9396499165099667,2929791416691.8853,409,S0_baseline,indonesia,USDC
555,0.9514036793120823,2929785362581.215,409,S0_baseline,indonesia,USDC
556,0.9420855131752736,2929782131478.849,409,S0_baseline,indonesia,USDC
557,0.9432957675114491,2929776645361.804,409,S0_baseline,indonesia,USDC
558,0.9523792521029159,2929772089310.3936,409,S0_baseline,indonesia,USDC
559,0.9107759217686437,2929769108249.9,409,S0_baseline,indonesia,USDC
560,0.8914643678682251,2929758263908.8384,409,S0_baseline,indonesia,USDC
561,0.7792686360152526,2929744761495.207,409,S0_baseline,indonesia,USDC
562,0.7794444079127815,2929716368420.9355,409,S0_baseline,indonesia,USDC
563,0.8107930137295751,2929692296566.543,409,S0_baseline,indonesia,USDC
564,0.8188869272510448,2929675751830.677,409,S0_baseline,indonesia,USDC
565,0.8327843900875059,2929662882689.2056,409,S0_baseline,indonesia,USDC
566,0.8375654068659559,2929652988725.0117,409,S0_baseline,indonesia,USDC
567,0.8843011578395755,2929645107772.8047,409,S0_baseline,indonesia,USDC
568,0.8886213692044175,2929640478905.5664,409,S0_baseline,indonesia,USDC
569,0.8860670893839764,2929636555310.788,409,S0_baseline,indonesia,USDC
570,0.873686349872993,2929632920888.2974,409,S0_baseline,indonesia,USDC
571,0.9017548682953518,2929628898540.5977,409,S0_baseline,indonesia,USDC
572,0.9199067037942318,2929626456369.817,409,S0_baseline,indonesia,USDC
573,0.9058773051390595,2929624747004.1665,409,S0_baseline,indonesia,USDC
574,0.9092652707954938,2929622656447.532,409,S0_baseline,indonesia,USDC
575,0.907053260164828,2929620754852.282,409,S0_baseline,indonesia,USDC
576,0.9159215005895321,2929618949808.5225,409,S0_baseline,indonesia,USDC
577,0.9321936648815107,2929617419146.586,409,S0_baseline,indonesia,USDC
578,0.9439824002900087,2929616438464.897,409,S0_baseline,indonesia,USDC
579,0.940028850844091,2929615769411.0967,409,S0_baseline,indonesia,USDC
580,0.9417720752711651,2929615094403.5073,409,S0_baseline,indonesia,USDC
581,0.9535004825395497,2929614430934.8125,409,S0_baseline,indonesia,USDC
582,0.9556288469265077,2929614077023.4263,409,S0_baseline,indonesia,USDC
583,0.9730899526480539,2929613759471.4517,409,S0_baseline,indonesia,USDC
584,0.9920512035995425,2929613759471.4517,409,S0_baseline,indonesia,USDC
585,0.9899346325188643,2929613759471.4517,409,S0_baseline,indonesia,USDC
586,1.000815622358275,2929613759471.4517,409,S0_baseline,indonesia,USDC
587,0.9893337280091289,2929613759471.4517,409,S0_baseline,indonesia,USDC
588,0.9808198266633061,2929613759471.4517,409,S0_baseline,indonesia,USDC
589,0.9613732114286242,2929613759471.4517,409,S0_baseline,indonesia,USDC
590,0.9660506897300888,2929613576533.6895,409,S0_baseline,indonesia,USDC
591,0.9733909274656503,2929613512523.9746,409,S0_baseline,indonesia,USDC
592,0.9590480324885658,2929613512523.9746,409,S0_baseline,indonesia,USDC
593,0.9958064768888047,2929613279238.384,409,S0_baseline,indonesia,USDC
594,0.9865519757205569,2929613279238.384,409,S0_baseline,indonesia,USDC
595,1.0115130087131081,2929613279238.384,409,S0_baseline,indonesia,USDC
596,1.0378508602101746,2929613279238.384,409,S0_baseline,indonesia,USDC
597,1.0472690866431502,2929613279238.384,409,S0_baseline,indonesia,USDC
598,1.0985212898054204,2929613279238.384,409,S0_baseline,indonesia,USDC
599,1.0644662583465951,2929613279238.384,409,S0_baseline,indonesia,USDC
600,1.0497453217483756,2929613279238.384,409,S0_baseline,indonesia,USDC
601,1.047764087692546,2929613279238.384,409,S0_baseline,indonesia,USDC
602,1.051586753833408,2929613279238.384,409,S0_baseline,indonesia,USDC
603,1.0383591162207118,2929613279238.384,409,S0_baseline,indonesia,USDC
604,0.9983236796776203,2929613279238.384,409,S0_baseline,indonesia,USDC
605,1.0300803865264672,2929613279238.384,409,S0_baseline,indonesia,USDC
606,1.0200510220028152,2929613279238.384,409,S0_baseline,indonesia,USDC
607,1.0364917259477444,2929613279238.384,409,S0_baseline,indonesia,USDC
608,1.008885275560312,2929613279238.384,409,S0_baseline,indonesia,USDC
609,1.0434851136969383,2929613279238.384,409,S0_baseline,indonesia,USDC
610,1.053004245820171,2929613279238.384,409,S0_baseline,indonesia,USDC
611,1.0385256692031697,2929613279238.384,409,S0_baseline,indonesia,USDC
612,1.039433258181865,2929613279238.384,409,S0_baseline,indonesia,USDC
613,1.032074274951184,2929613279238.384,409,S0_baseline,indonesia,USDC
614,0.9934088323140504,2929613279238.384,409,S0_baseline,indonesia,USDC
615,1.0439749287499633,2929613279238.384,409,S0_baseline,indonesia,USDC
616,1.086868575691605,2929613279238.384,409,S0_baseline,indonesia,USDC
617,1.0782677598598545,2929613279238.384,409,S0_baseline,indonesia,USDC
618,1.0798335676134854,2929613279238.384,409,S0_baseline,indonesia,USDC
619,1.1018027865712183,2929613279238.384,409,S0_baseline,indonesia,USDC
620,1.088279340978249,2929613279238.384,409,S0_baseline,indonesia,USDC
621,1.0590872710470514,2929613279238.384,409,S0_baseline,indonesia,USDC
622,1.0629181491304387,2929613279238.384,409,S0_baseline,indonesia,USDC
623,1.065163381790592,2929613279238.384,409,S0_baseline,indonesia,USDC
624,1.059529711279502,2929613279238.384,409,S0_baseline,indonesia,USDC
625,1.0269752400749224,2929613279238.384,409,S0_baseline,indonesia,USDC
626,1.0343734574872663,2929613279238.384,409,S0_baseline,indonesia,USDC
627,1.0054677470080982,2929613279238.384,409,S0_baseline,indonesia,USDC
628,0.9940608064649101,2929613279238.384,409,S0_baseline,indonesia,USDC
629,0.9867605096905067,2929613279238.384,409,S0_baseline,indonesia,USDC
630,1.0079553128597671,2929613279238.384,409,S0_baseline,indonesia,USDC
631,0.9897978310860736,2929613279238.384,409,S0_baseline,indonesia,USDC
632,0.990715468299974,2929613279238.384,409,S0_baseline,indonesia,USDC
633,0.9860931168746007,2929613279238.384,409,S0_baseline,indonesia,USDC
634,0.9852485895434784,2929613279238.384,409,S0_baseline,indonesia,USDC
635,0.9857125454986004,2929613279238.384,409,S0_baseline,indonesia,USDC
636,0.9936497536761651,2929613279238.384,409,S0_baseline,indonesia,USDC
637,0.9673607067940981,2929613279238.384,409,S0_baseline,indonesia,USDC
638,0.9741620057741596,2929613219963.825,409,S0_baseline,indonesia,USDC
639,0.9762665920535061,2929613219963.825,409,S0_baseline,indonesia,USDC
640,0.9670887184955415,2929613219963.825,409,S0_baseline,indonesia,USDC
641,0.9358532237588285,2929613179454.755,409,S0_baseline,indonesia,USDC
642,0.9691076561247893,2929612440512.47,409,S0_baseline,indonesia,USDC
643,0.9715653140516523,2929612434169.502,409,S0_baseline,indonesia,USDC
644,0.9401856553688285,2929612434169.502,409,S0_baseline,indonesia,USDC
645,0.9190565372134639,2929611811797.635,409,S0_baseline,indonesia,USDC
646,0.9470244813273533,2929610772649.718,409,S0_baseline,indonesia,USDC
647,0.944286637451479,2929610316025.4185,409,S0_baseline,indonesia,USDC
648,0.9607303117039332,2929609834933.0566,409,S0_baseline,indonesia,USDC
649,0.9471986683523543,2929609684580.194,409,S0_baseline,indonesia,USDC
650,0.9681554512343784,2929609273378.4326,409,S0_baseline,indonesia,USDC
651,0.9682666129221511,2929609268753.699,409,S0_baseline,indonesia,USDC
652,0.9902360020305954,2929609266065.2476,409,S0_baseline,indonesia,USDC
653,0.9754946246616719,2929609266065.2476,409,S0_baseline,indonesia,USDC
654,0.9695408331331955,2929609266065.2476,409,S0_baseline,indonesia,USDC
655,0.956457373109196,2929609260441.9175,409,S0_baseline,indonesia,USDC
656,0.9635977859036452,2929609052278.233,409,S0_baseline,indonesia,USDC
657,0.9780193126539201,2929608969338.4688,409,S0_baseline,indonesia,USDC
658,1.0239387358678527,2929608969338.4688,409,S0_baseline,indonesia,USDC
659,1.0000150540130412,2929608969338.4688,409,S0_baseline,indonesia,USDC
660,0.9909110196570009,2929608969338.4688,409,S0_baseline,indonesia,USDC
661,0.9789085241090825,2929608969338.4688,409,S0_baseline,indonesia,USDC
662,0.9755557921135729,2929608969338.4688,409,S0_baseline,indonesia,USDC
663,0.9946310161402333,2929608969338.4688,409,S0_baseline,indonesia,USDC
664,0.9904197675866372,2929608969338.4688,409,S0_baseline,indonesia,USDC
665,1.0024512875887324,2929608969338.4688,409,S0_baseline,indonesia,USDC
666,0.9970350623032876,2929608969338.4688,409,S0_baseline,indonesia,USDC
667,0.9769317479562455,2929608969338.4688,409,S0_baseline,indonesia,USDC
668,0.9605116101375161,2929608969338.4688,409,S0_baseline,indonesia,USDC
669,0.9494375152378071,2929608810199.154,409,S0_baseline,indonesia,USDC
670,0.942030730970383,2929608443133.305,409,S0_baseline,indonesia,USDC
671,0.9274461492697915,2929607988256.0933,409,S0_baseline,indonesia,USDC
672,0.9344853886581141,2929607284919.7305,409,S0_baseline,indonesia,USDC
673,0.9341048533989902,2929606724331.306,409,S0_baseline,indonesia,USDC
674,0.9263718423627678,2929606195373.841,409,S0_baseline,indonesia,USDC
675,0.9133447256559495,2929605589959.129,409,S0_baseline,indonesia,USDC
676,0.9245125029087548,2929604766678.402,409,S0_baseline,indonesia,USDC
677,0.9332404357431668,2929604161341.1987,409,S0_baseline,indonesia,USDC
678,0.9463088637942838,2929603710103.61,409,S0_baseline,indonesia,USDC
679,0.959407353648238,2929603445559.1543,409,S0_baseline,indonesia,USDC
680,0.9740378799612395,2929603323340.3003,409,S0_baseline,indonesia,USDC
681,0.9423831333316116,2929603323340.3003,409,S0_baseline,indonesia,USDC
682,0.9253166515919553,2929603021692.3027,409,S0_baseline,indonesia,USDC
683,0.9469491523687363,2929602505313.3066,409,S0_baseline,indonesia,USDC
684,0.965506808841317,2929602253832.3037,409,S0_baseline,indonesia,USDC
685,1.0038565136041047,2929602223123.4775,409,S0_baseline,indonesia,USDC
686,0.9769639472946807,2929602223123.4775,409,S0_baseline,indonesia,USDC
687,0.965729900127444,2929602223123.4775,409,S0_baseline,indonesia,USDC
688,0.9753133742810284,2929602182171.61,409,S0_baseline,indonesia,USDC
689,0.9901466018192847,2929602182171.61,409,S0_baseline,indonesia,USDC
690,0.9742399085552763,2929602182171.61,409,S0_baseline,indonesia,USDC
691,0.9973373655825811,2929602182171.61,409,S0_baseline,indonesia,USDC
692,0.9934336775173624,2929602182171.61,409,S0_baseline,indonesia,USDC
693,0.9874474999083714,2929602182171.61,409,S0_baseline,indonesia,USDC
694,0.8944048759453452,2929602182171.61,409,S0_baseline,indonesia,USDC
695,0.9104143821506528,2929601407421.289,409,S0_baseline,indonesia,USDC
696,0.9132860102363506,2929600844261.5195,409,S0_baseline,indonesia,USDC
697,0.9191834984490742,2929600311388.3613,409,S0_baseline,indonesia,USDC
698,0.9255423920070205,2929599849487.741,409,S0_baseline,indonesia,USDC
699,0.905238508556202,2929599466556.8877,409,S0_baseline,indonesia,USDC
700,0.8885532004964005,2929598934306.863,409,S0_baseline,indonesia,USDC
701,0.8669924279043467,2929598323764.147,409,S0_baseline,indonesia,USDC
702,0.8544929883543025,2929597645363.0444,409,S0_baseline,indonesia,USDC
703,0.8942938923504429,2929596959055.3027,409,S0_baseline,indonesia,USDC
704,0.9134061152552643,2929596532559.962,409,S0_baseline,indonesia,USDC
705,0.8941458883626451,2929596238618.1206,409,S0_baseline,indonesia,USDC
706,0.9035909488186981,2929595893513.073,409,S0_baseline,indonesia,USDC
707,0.923123174149646,2929595606832.855,409,S0_baseline,indonesia,USDC
708,0.8580411809918099,2929595413523.801,409,S0_baseline,indonesia,USDC
709,0.8658181645846453,2929594970806.695,409,S0_baseline,indonesia,USDC
710,0.8809642260068483,2929594621481.4395,409,S0_baseline,indonesia,USDC
711,0.9079327979255783,2929594340846.0044,409,S0_baseline,indonesia,USDC
712,0.9041122686109733,2929594163235.3193,409,S0_baseline,indonesia,USDC
713,0.8957430945449264,2929593995150.5933,409,S0_baseline,indonesia,USDC
714,0.9397441950711451,2929593812645.3374,409,S0_baseline,indonesia,USDC
715,0.9356778499277448,2929593747538.776,409,S0_baseline,indonesia,USDC
716,0.9606132753598421,2929593675288.0225,409,S0_baseline,indonesia,USDC
717,0.9835206052913407,2929593655675.26,409,S0_baseline,indonesia,USDC
718,0.9892287637097426,2929593655675.26,409,S0_baseline,indonesia,USDC
719,0.9833492330309387,2929593655675.26,409,S0_baseline,indonesia,USDC
720,1.0082939983781412,2929593655675.26,409,S0_baseline,indonesia,USDC
721,1.0210905476899828,2929593655675.26,409,S0_baseline,indonesia,USDC
722,0.9808136238815462,2929593655675.26,409,S0_baseline,indonesia,USDC
723,0.9653039109344042,2929593655675.26,409,S0_baseline,indonesia,USDC
724,0.978060178201183,2929593647806.8125,409,S0_baseline,indonesia,USDC
725,0.9844727354200424,2929593647806.8125,409,S0_baseline,indonesia,USDC
726,0.9768943363525645,2929593647806.8125,409,S0_baseline,indonesia,USDC
727,0.9835583937854984,2929593647806.8125,409,S0_baseline,indonesia,USDC
728,0.9715101580782328,2929593647806.8125,409,S0_baseline,indonesia,USDC
729,0.9595521175339095,2929593647806.8125,409,S0_baseline,indonesia,USDC
730,0.9507917972628366,2929593626114.2324,409,S0_baseline,indonesia,USDC
731,0.9513036494954793,2929593585726.216,409,S0_baseline,indonesia,USDC
732,0.9844666387852955,2929593548912.2256,409,S0_baseline,indonesia,USDC
733,0.9768306244505953,2929593548912.2256,409,S0_baseline,indonesia,USDC
734,0.9658814907127136,2929593548912.2256,409,S0_baseline,indonesia,USDC
735,0.9837802448085455,2929593541395.768,409,S0_baseline,indonesia,USDC
736,0.970384631586267,2929593541395.768,409,S0_baseline,indonesia,USDC
737,0.9693779000506468,2929593541395.768,409,S0_baseline,indonesia,USDC
738,0.9751501149346453,2929593540952.3115,409,S0_baseline,indonesia,USDC
739,0.9696317861825511,2929593540952.3115,409,S0_baseline,indonesia,USDC
740,0.9794635084085469,2929593540175.473,409,S0_baseline,indonesia,USDC
741,0.9750337683826382,2929593540175.473,409,S0_baseline,indonesia,USDC
742,0.9810460801322887,2929593540175.473,409,S0_baseline,indonesia,USDC
743,0.9613197836632726,2929593540175.473,409,S0_baseline,indonesia,USDC
744,0.9490636301284813,2929593524610.3115,409,S0_baseline,indonesia,USDC
745,0.9392619920361901,2929593486122.8027,409,S0_baseline,indonesia,USDC
746,0.9559783507886034,2929593425117.669,409,S0_baseline,indonesia,USDC
747,0.9576255198365858,2929593400126.705,409,S0_baseline,indonesia,USDC
748,0.9760658460893008,2929593379978.582,409,S0_baseline,indonesia,USDC
749,0.9725935305857801,2929593379978.582,409,S0_baseline,indonesia,USDC
750,0.8543890045183273,2929593379978.582,409,S0_baseline,indonesia,USDC
751,0.8888512834842339,2929593155254.3896,409,S0_baseline,indonesia,USDC
752,0.894303267175547,2929593025832.926,409,S0_baseline,indonesia,USDC
753,0.9049950309061752,2929592914673.848,409,S0_baseline,indonesia,USDC
754,0.9104130102609596,2929592826454.8867,409,S0_baseline,indonesia,USDC
755,0.9133674088962442,2929592750783.663,409,S0_baseline,indonesia,USDC
756,0.9371440613891686,2929592677436.4463,409,S0_baseline,indonesia,USDC
757,0.9612311911408824,2929592638646.744,409,S0_baseline,indonesia,USDC
758,0.9810201516617089,2929592628303.615,409,S0_baseline,indonesia,USDC
759,0.9899155157479042,2929592628303.615,409,S0_baseline,indonesia,USDC
760,0.9554566186758463,2929592628303.615,409,S0_baseline,indonesia,USDC
761,0.9724702717160537,2929592613026.3447,409,S0_baseline,indonesia,USDC
762,0.9468656352135923,2929592613026.3447,409,S0_baseline,indonesia,USDC
763,0.9453669986464746,2929592589413.087,409,S0_baseline,indonesia,USDC
764,0.9437498327898936,2929592562617.145,409,S0_baseline,indonesia,USDC
765,0.9390639105588271,2929592535773.0405,409,S0_baseline,indonesia,USDC
766,0.9362730847888938,2929592503637.4736,409,S0_baseline,indonesia,USDC
767,0.9090400655014582,2929592468549.6245,409,S0_baseline,indonesia,USDC
768,0.8909333193221378,2929592408837.538,409,S0_baseline,indonesia,USDC
769,0.9077484355467578,2929592334307.7285,409,S0_baseline,indonesia,USDC
770,0.8863593103075005,2929592284404.7686,409,S0_baseline,indonesia,USDC
771,0.8900278559954924,2929592220920.036,409,S0_baseline,indonesia,USDC
772,0.9008026355017729,2929592161029.6733,409,S0_baseline,indonesia,USDC
773,0.9085644760666418,2929592114605.93,409,S0_baseline,indonesia,USDC
774,0.9094464086845743,2929592077285.256,409,S0_baseline,indonesia,USDC
775,0.9242058511886256,2929592040903.859,409,S0_baseline,indonesia,USDC
776,0.9599112781262022,2929592015107.712,409,S0_baseline,indonesia,USDC
777,0.9700324790090746,2929592010768.7734,409,S0_baseline,indonesia,USDC
778,0.9552665610024164,2929592010768.7734,409,S0_baseline,indonesia,USDC
779,0.9435800140656971,2929592004117.5,409,S0_baseline,indonesia,USDC
780,0.9304992095727244,2929591991719.005,409,S0_baseline,indonesia,USDC
781,0.9381856482834413,2929591973252.1836,409,S0_baseline,indonesia,USDC
782,0.9327959063869051,2929591957549.8096,409,S0_baseline,indonesia,USDC
783,0.9654181759796158,2929591941393.596,409,S0_baseline,indonesia,USDC
784,0.9740331633710542,2929591939814.1953,409,S0_baseline,indonesia,USDC
785,0.9986152901635222,2929591939814.1953,409,S0_baseline,indonesia,USDC
786,0.9961616315142782,2929591939814.1953,409,S0_baseline,indonesia,USDC
787,1.0128333621554733,2929591939814.1953,409,S0_baseline,indonesia,USDC
788,1.0095668740932244,2929591939814.1953,409,S0_baseline,indonesia,USDC
789,1.0004905452358983,2929591939814.1953,409,S0_baseline,indonesia,USDC
790,1.012699701792758,2929591939814.1953,409,S0_baseline,indonesia,USDC
791,0.9959040953458681,2929591939814.1953,409,S0_baseline,indonesia,USDC
792,1.0250696608830212,2929591939814.1953,409,S0_baseline,indonesia,USDC
793,1.0980437517789916,2929591939814.1953,409,S0_baseline,indonesia,USDC
794,1.1011808200939557,2929591939814.1953,409,S0_baseline,indonesia,USDC
795,1.0671695045053176,2929591939814.1953,409,S0_baseline,indonesia,USDC
796,1.0767342018884123,2929591939814.1953,409,S0_baseline,indonesia,USDC
797,1.037894268997443,2929591939814.1953,409,S0_baseline,indonesia,USDC
798,1.019227468651256,2929591939814.1953,409,S0_baseline,indonesia,USDC
799,1.0141156245433163,2929591939814.1953,409,S0_baseline,indonesia,USDC
800,1.0273023674238135,2929591939814.1953,409,S0_baseline,indonesia,USDC
801,1.0138472542265422,2929591939814.1953,409,S0_baseline,indonesia,USDC
802,1.0045098493964937,2929591939814.1953,409,S0_baseline,indonesia,USDC
803,1.026145838161513,2929591939814.1953,409,S0_baseline,indonesia,USDC
804,1.020217288079246,2929591939814.1953,409,S0_baseline,indonesia,USDC
805,1.010839932522285,2929591939814.1953,409,S0_baseline,indonesia,USDC
806,0.9925125513953352,2929591939814.1953,409,S0_baseline,indonesia,USDC
807,0.9819981566685538,2929591939814.1953,409,S0_baseline,indonesia,USDC
808,0.9749410382945278,2929591939814.1953,409,S0_baseline,indonesia,USDC
809,0.9801263156862265,2929591939814.1953,409,S0_baseline,indonesia,USDC
810,0.9933409957773557,2929591939814.1953,409,S0_baseline,indonesia,USDC
811,1.0253576403534097,2929591939814.1953,409,S0_baseline,indonesia,USDC
812,1.0284825069541033,2929591939814.1953,409,S0_baseline,indonesia,USDC
813,1.040075182341056,2929591939814.1953,409,S0_baseline,indonesia,USDC
814,1.035753450931965,2929591939814.1953,409,S0_baseline,indonesia,USDC
815,1.0237046949987387,2929591939814.1953,409,S0_baseline,indonesia,USDC
816,0.9979454653343128,2929591939814.1953,409,S0_baseline,indonesia,USDC
817,1.007013256639283,2929591939814.1953,409,S0_baseline,indonesia,USDC
818,0.9679515122168895,2929591939814.1953,409,S0_baseline,indonesia,USDC
819,0.9819202100616007,2929591939116.8223,409,S0_baseline,indonesia,USDC
820,0.9738014666683332,2929591939116.8223,409,S0_baseline,indonesia,USDC
821,1.0196112940141213,2929591939116.8223,409,S0_baseline,indonesia,USDC
822,0.9569699691131057,2929591939116.8223,409,S0_baseline,indonesia,USDC
823,0.9746609392417481,2929591933144.2275,409,S0_baseline,indonesia,USDC
824,0.981380091233901,2929591933144.2275,409,S0_baseline,indonesia,USDC
825,0.9922783112906451,2929591933144.2275,409,S0_baseline,indonesia,USDC
826,0.9962045574892155,2929591933144.2275,409,S0_baseline,indonesia,USDC
827,1.0075583648292132,2929591933144.2275,409,S0_baseline,indonesia,USDC
828,1.0179781539724868,2929591933144.2275,409,S0_baseline,indonesia,USDC
829,0.9996376086724196,2929591933144.2275,409,S0_baseline,indonesia,USDC
830,0.9406453715869469,2929591933144.2275,409,S0_baseline,indonesia,USDC
831,0.9319236789123682,2929591919869.6475,409,S0_baseline,indonesia,USDC
832,0.9278947875780078,2929591903172.0737,409,S0_baseline,indonesia,USDC
833,0.9381366503801398,2929591886449.0312,409,S0_baseline,indonesia,USDC
834,0.920768298251331,2929591873573.8535,409,S0_baseline,indonesia,USDC
835,0.9411045421451968,2929591855882.226,409,S0_baseline,indonesia,USDC
836,0.9541802633213246,2929591845481.7764,409,S0_baseline,indonesia,USDC
837,0.9615493521156654,2929591839757.554,409,S0_baseline,indonesia,USDC
838,0.9395568450274591,2929591837433.9414,409,S0_baseline,indonesia,USDC
839,0.9670113879610034,2929591827739.4175,409,S0_baseline,indonesia,USDC
840,0.9451453809562904,2929591826712.6816,409,S0_baseline,indonesia,USDC
841,0.9529772455076115,2929591818826.46,409,S0_baseline,indonesia,USDC
842,0.9631498387086667,2929591813399.9883,409,S0_baseline,indonesia,USDC
843,0.9580185054482339,2929591811548.9004,409,S0_baseline,indonesia,USDC
844,0.9366880563364286,2929591808087.1484,409,S0_baseline,indonesia,USDC
845,0.9390710552648571,2929591797317.7505,409,S0_baseline,indonesia,USDC
846,0.9144820076904471,2929591788296.6377,409,S0_baseline,indonesia,USDC
847,0.9235484799029968,2929591771911.1206,409,S0_baseline,indonesia,USDC
848,0.9295204730306934,2929591758994.5664,409,S0_baseline,indonesia,USDC
849,0.9731493647228837,2929591748276.37,409,S0_baseline,indonesia,USDC
850,0.9732868165555248,2929591748276.37,409,S0_baseline,indonesia,USDC
851,0.9618370809902664,2929591748276.37,409,S0_baseline,indonesia,USDC
852,0.9853906893534529,2929591746140.716,409,S0_baseline,indonesia,USDC
853,0.9579825749732471,2929591746140.716,409,S0_baseline,indonesia,USDC
854,0.9801301532088204,2929591743202.4067,409,S0_baseline,indonesia,USDC
855,0.9612618054631092,2929591743202.4067,409,S0_baseline,indonesia,USDC
856,0.9637852450452956,2929591741458.5713,409,S0_baseline,indonesia,USDC
857,0.9503783387820186,2929591740028.211,409,S0_baseline,indonesia,USDC
858,0.9653013129187549,2929591735480.299,409,S0_baseline,indonesia,USDC
859,0.9855455497326238,2929591734743.993,409,S0_baseline,indonesia,USDC
860,0.9930734218759569,2929591734743.993,409,S0_baseline,indonesia,USDC
861,0.9900037092842513,2929591734743.993,409,S0_baseline,indonesia,USDC
862,1.0130537940355435,2929591734743.993,409,S0_baseline,indonesia,USDC
863,1.013958165968966,2929591734743.993,409,S0_baseline,indonesia,USDC
864,1.018629366381402,2929591734743.993,409,S0_baseline,indonesia,USDC
865,1.0038856980417181,2929591734743.993,409,S0_baseline,indonesia,USDC
866,0.9934320671081162,2929591734743.993,409,S0_baseline,indonesia,USDC
867,0.9849187601563142,2929591734743.993,409,S0_baseline,indonesia,USDC
868,0.9663428798806597,2929591734743.993,409,S0_baseline,indonesia,USDC
869,0.9534013959518045,2929591734255.0117,409,S0_baseline,indonesia,USDC
870,0.9515767942636242,2929591730533.9473,409,S0_baseline,indonesia,USDC
871,0.9674812937988715,2929591726246.956,409,S0_baseline,indonesia,USDC
872,0.9625243701321686,2929591725645.1914,409,S0_baseline,indonesia,USDC
873,0.9669129390219905,2929591724012.616,409,S0_baseline,indonesia,USDC
874,0.9735127153496158,2929591723542.957,409,S0_baseline,indonesia,USDC
875,0.9822438450437786,2929591723542.957,409,S0_baseline,indonesia,USDC
876,0.9572056730318451,2929591723542.957,409,S0_baseline,indonesia,USDC
877,0.9587946089072705,2929591720690.283,409,S0_baseline,indonesia,USDC
878,0.9752769445800575,2929591718557.7363,409,S0_baseline,indonesia,USDC
879,0.9681612755422314,2929591718557.7363,409,S0_baseline,indonesia,USDC
880,0.9696837951359264,2929591718500.7305,409,S0_baseline,indonesia,USDC
881,0.9800638404744159,2929591718476.637,409,S0_baseline,indonesia,USDC
882,0.9681145982392264,2929591718476.637,409,S0_baseline,indonesia,USDC
883,0.8498822041368289,2929591718285.655,409,S0_baseline,indonesia,USDC
884,0.8681829301771874,2929591691733.343,409,S0_baseline,indonesia,USDC
885,0.8929710020803087,2929591672370.329,409,S0_baseline,indonesia,USDC
886,0.893967162318406,2929591659226.4487,409,S0_baseline,indonesia,USDC
887,0.8932886894292107,2929591646609.6123,409,S0_baseline,indonesia,USDC
888,0.9194630870088439,2929591634859.7544,409,S0_baseline,indonesia,USDC
889,0.9010222759615224,2929591627934.0664,409,S0_baseline,indonesia,USDC
890,0.9009991640952066,2929591618672.8936,409,S0_baseline,indonesia,USDC
891,0.9221211363491117,2929591610265.0474,409,S0_baseline,indonesia,USDC
892,0.9295515309321349,2929591605015.488,409,S0_baseline,indonesia,USDC
893,0.9728854542799056,2929591600673.2646,409,S0_baseline,indonesia,USDC
894,0.9874746705397874,2929591600673.2646,409,S0_baseline,indonesia,USDC
895,0.9763088598336374,2929591600673.2646,409,S0_baseline,indonesia,USDC
896,0.9711415960080292,2929591600673.2646,409,S0_baseline,indonesia,USDC
897,0.9568417671377136,2929591600673.2646,409,S0_baseline,indonesia,USDC
898,0.9386374700419469,2929591599310.3975,409,S0_baseline,indonesia,USDC
899,0.9825277777109057,2929591595921.4995,409,S0_baseline,indonesia,USDC
900,0.9880962743066525,2929591595921.4995,409,S0_baseline,indonesia,USDC
901,0.973450425077336,2929591595921.4995,409,S0_baseline,indonesia,USDC
902,0.9759772931204385,2929591595921.4995,409,S0_baseline,indonesia,USDC
903,0.9721164564639247,2929591595921.4995,409,S0_baseline,indonesia,USDC
904,0.9667779577908157,2929591595921.4995,409,S0_baseline,indonesia,USDC
905,0.9471889348271176,2929591595699.851,409,S0_baseline,indonesia,USDC
906,0.9696411444797047,2929591593410.4062,409,S0_baseline,indonesia,USDC
907,0.9987588359314772,2929591593410.4062,409,S0_baseline,indonesia,USDC
908,0.9855981221174781,2929591593410.4062,409,S0_baseline,indonesia,USDC
909,1.0129614679521979,2929591593410.4062,409,S0_baseline,indonesia,USDC
910,1.0315447236055089,2929591593410.4062,409,S0_baseline,indonesia,USDC
911,0.9938894110969501,2929591593410.4062,409,S0_baseline,indonesia,USDC
912,0.9777619434953597,2929591593410.4062,409,S0_baseline,indonesia,USDC
913,0.9650203531951702,2929591593410.4062,409,S0_baseline,indonesia,USDC
914,0.9579570263534085,2929591592961.3203,409,S0_baseline,indonesia,USDC
915,0.9040874946174333,2929591591738.8364,409,S0_baseline,indonesia,USDC
916,0.908441276183381,2929591585611.876,409,S0_baseline,indonesia,USDC
917,0.9059390348929199,2929591580115.457,409,S0_baseline,indonesia,USDC
918,0.9155624365255661,2929591574460.9863,409,S0_baseline,indonesia,USDC
919,0.931067652189931,2929591570205.149,409,S0_baseline,indonesia,USDC
920,0.9328653384415994,2929591567255.989,409,S0_baseline,indonesia,USDC
921,0.9562631506693563,2929591564722.3115,409,S0_baseline,indonesia,USDC
922,0.9349116407357777,2929591563833.8374,409,S0_baseline,indonesia,USDC
923,0.9417344482878454,2929591561558.2886,409,S0_baseline,indonesia,USDC
924,0.9360844885842051,2929591559670.53,409,S0_baseline,indonesia,USDC
925,0.9321713108072494,2929591557535.536,409,S0_baseline,indonesia,USDC
926,0.9181027208872765,2929591555077.0967,409,S0_baseline,indonesia,USDC
927,0.7849002693771913,2929591551921.945,409,S0_baseline,indonesia,USDC
928,0.8191889889794639,2929591541600.4663,409,S0_baseline,indonesia,USDC
929,0.8061859379352205,2929591534423.313,409,S0_baseline,indonesia,USDC
930,0.841563384158311,2929591528079.331,409,S0_baseline,indonesia,USDC
931,0.8401101484098055,2929591523906.9243,409,S0_baseline,indonesia,USDC
932,0.8424511484954685,2929591520129.647,409,S0_baseline,indonesia,USDC
933,0.8596513827258542,2929591516897.7446,409,S0_baseline,indonesia,USDC
934,0.8500439874224882,2929591514511.4014,409,S0_baseline,indonesia,USDC
935,0.9100790602539888,2929591512087.285,409,S0_baseline,indonesia,USDC
936,0.907483922644233,2929591511000.6255,409,S0_baseline,indonesia,USDC
937,0.892644718566705,2929591509936.9385,409,S0_baseline,indonesia,USDC
938,0.8918608131684794,2929591508705.594,409,S0_baseline,indonesia,USDC
939,0.8991692576313686,2929591507587.1553,409,S0_baseline,indonesia,USDC
940,0.9047660473498256,2929591506676.702,409,S0_baseline,indonesia,USDC
941,0.9074022745736465,2929591505917.354,409,S0_baseline,indonesia,USDC
942,0.9077474127827847,2929591505234.833,409,S0_baseline,indonesia,USDC
943,0.9192709175863352,2929591504545.6655,409,S0_baseline,indonesia,USDC
944,0.9349623245139633,2929591504020.1113,409,S0_baseline,indonesia,USDC
945,0.9593991575648495,2929591503697.47,409,S0_baseline,indonesia,USDC
946,0.9438611296367629,2929591503616.1714,409,S0_baseline,indonesia,USDC
947,0.9246323751111327,2929591503370.419,409,S0_baseline,indonesia,USDC
948,0.8469045426267157,2929591502978.4746,409,S0_baseline,indonesia,USDC
949,0.8172393884890927,2929591501902.0835,409,S0_baseline,indonesia,USDC
950,0.8177210992888738,2929591500735.8057,409,S0_baseline,indonesia,USDC
951,0.8379683203229185,2929591499775.5913,409,S0_baseline,indonesia,USDC
952,0.8467474219636991,2929591499086.492,409,S0_baseline,indonesia,USDC
953,0.8472231638684035,2929591498503.26,409,S0_baseline,indonesia,USDC
954,0.8689741098674421,2929591498027.6553,409,S0_baseline,indonesia,USDC
955,0.8966487768795856,2929591497667.7354,409,S0_baseline,indonesia,USDC
956,0.919831362250874,2929591497444.8174,409,S0_baseline,indonesia,USDC
957,0.8956556669909136,2929591497292.327,409,S0_baseline,indonesia,USDC
958,0.9302916274424757,2929591497078.0405,409,S0_baseline,indonesia,USDC
959,0.9449547861427269,2929591496972.3594,409,S0_baseline,indonesia,USDC
960,0.957294650727743,2929591496913.126,409,S0_baseline,indonesia,USDC
961,0.9613341334568113,2929591496884.996,409,S0_baseline,indonesia,USDC
962,0.9796938480347069,2929591496866.841,409,S0_baseline,indonesia,USDC
963,0.9767243626155466,2929591496866.841,409,S0_baseline,indonesia,USDC
964,0.9725666571175884,2929591496866.841,409,S0_baseline,indonesia,USDC
965,0.9558698072764127,2929591496866.841,409,S0_baseline,indonesia,USDC
966,0.94347588949665,2929591496835.8843,409,S0_baseline,indonesia,USDC
967,0.9356336619740694,2929591496778.73,409,S0_baseline,indonesia,USDC
968,0.9610152618367283,2929591496697.87,409,S0_baseline,indonesia,USDC
969,0.9770850479197232,2929591496677.479,409,S0_baseline,indonesia,USDC
970,0.9973961222492915,2929591496677.479,409,S0_baseline,indonesia,USDC
971,1.0065932510445719,2929591496677.479,409,S0_baseline,indonesia,USDC
972,1.0159714575404604,2929591496677.479,409,S0_baseline,indonesia,USDC
973,1.0327425027302746,2929591496677.479,409,S0_baseline,indonesia,USDC
974,1.0274233021497527,2929591496677.479,409,S0_baseline,indonesia,USDC
975,1.0259090765325838,2929591496677.479,409,S0_baseline,indonesia,USDC
976,1.0489448582706575,2929591496677.479,409,S0_baseline,indonesia,USDC
977,1.0382477570008823,2929591496677.479,409,S0_baseline,indonesia,USDC
978,1.0398774945863019,2929591496677.479,409,S0_baseline,indonesia,USDC
979,1.050310924657482,2929591496677.479,409,S0_baseline,indonesia,USDC
980,1.0483780173134707,2929591496677.479,409,S0_baseline,indonesia,USDC
981,1.0278674382142754,2929591496677.479,409,S0_baseline,indonesia,USDC
982,1.0020601002560288,2929591496677.479,409,S0_baseline,indonesia,USDC
983,1.0229076197482034,2929591496677.479,409,S0_baseline,indonesia,USDC
984,1.0207266163755921,2929591496677.479,409,S0_baseline,indonesia,USDC
985,1.030980756402007,2929591496677.479,409,S0_baseline,indonesia,USDC
986,1.0394071610100255,2929591496677.479,409,S0_baseline,indonesia,USDC
987,1.0522108319881476,2929591496677.479,409,S0_baseline,indonesia,USDC
988,1.0440781731414688,2929591496677.479,409,S0_baseline,indonesia,USDC
989,1.0457895124746612,2929591496677.479,409,S0_baseline,indonesia,USDC
990,1.0588008783065543,2929591496677.479,409,S0_baseline,indonesia,USDC
991,1.0488533603643495,2929591496677.479,409,S0_baseline,indonesia,USDC
992,1.0622527840870164,2929591496677.479,409,S0_baseline,indonesia,USDC
993,0.982068479339444,2929591496677.479,409,S0_baseline,indonesia,USDC
994,0.9734739760235481,2929591496677.479,409,S0_baseline,indonesia,USDC
995,0.9566663244932594,2929591496677.479,409,S0_baseline,indonesia,USDC
996,0.9356232394545205,2929591496652.37,409,S0_baseline,indonesia,USDC
997,0.9187285448299308,2929591496583.118,409,S0_baseline,indonesia,USDC
998,0.9133116073180305,2929591496481.5645,409,S0_baseline,indonesia,USDC
999,0.9207511134906484,2929591496365.551,409,S0_baseline,indonesia,USDC
1000,0.9200707394614174,2929591496275.7173,409,S0_baseline,indonesia,USDC
