Step,price,liquidity,iteration,scenario,region,coin
1,0.9899135674635655,2989591393245.013,526,S0_baseline,indonesia,USDC
2,0.9855816460744132,2989591393245.013,526,S0_baseline,indonesia,USDC
3,0.9522124439441302,2989591393245.013,526,S0_baseline,indonesia,USDC
4,0.9479653521789175,2988491132045.681,526,S0_baseline,indonesia,USDC
5,0.9710755973993711,2987166637445.8994,526,S0_baseline,indonesia,USDC
6,0.9638056764964704,2987166637445.8994,526,S0_baseline,indonesia,USDC
7,0.9454544106208701,2986798967664.07,526,S0_baseline,indonesia,USDC
8,0.9524115245643299,2985365678041.5903,526,S0_baseline,indonesia,USDC
9,0.9580123403246749,2984366883900.4756,526,S0_baseline,indonesia,USDC
10,0.9700541265284301,2983701066779.6777,526,S0_baseline,indonesia,USDC
11,0.9571019963439733,2983701066779.6777,526,S0_baseline,indonesia,USDC
12,0.9640004420675238,2983015928742.981,526,S0_baseline,indonesia,USDC
13,0.9676498210062631,2982685492046.3457,526,S0_baseline,indonesia,USDC
14,0.963455789429329,2982583285188.103,526,S0_baseline,indonesia,USDC
15,0.9551250663102326,2982256054066.388,526,S0_baseline,indonesia,USDC
16,0.974807016634652,2981486076220.725,526,S0_baseline,indonesia,USDC
17,0.9963100264494114,2981486076220.725,526,S0_baseline,indonesia,USDC
18,0.9492029060700122,2981486076220.725,526,S0_baseline,indonesia,USDC
19,0.9365946900971602,2980387761396.249,526,S0_baseline,indonesia,USDC
20,0.927672840977115,2978692182900.88,526,S0_baseline,indonesia,USDC
21,0.9663552572622154,2976610777456.328,526,S0_baseline,indonesia,USDC
22,0.9621050297428102,2976462337002.366,526,S0_baseline,indonesia,USDC
23,0.9748622633533437,2976091578917.2354,526,S0_baseline,indonesia,USDC
24,1.005143029973678,2976091578917.2354,526,S0_baseline,indonesia,USDC
25,0.9274236027928168,2976091578917.2354,526,S0_baseline,indonesia,USDC
26,0.9233981661982367,2974092109383.252,526,S0_baseline,indonesia,USDC
27,0.9117334301008296,2971997708822.0137,526,S0_baseline,indonesia,USDC
28,0.9158554130289033,2969500061990.6733,526,S0_baseline,indonesia,USDC
29,0.9040555327225421,2967295686595.034,526,S0_baseline,indonesia,USDC
30,0.8987917976005868,2964758468998.0356,526,S0_baseline,indonesia,USDC
31,0.9347044193944435,2962257582306.116,526,S0_baseline,indonesia,USDC
32,0.971217660922287,2961085900726.747,526,S0_baseline,indonesia,USDC
33,0.9634197135847089,2961085900726.747,526,S0_baseline,indonesia,USDC
34,0.976521533055011,2960900604292.535,526,S0_baseline,indonesia,USDC
35,0.9555360693016017,2960900604292.535,526,S0_baseline,indonesia,USDC
36,0.9664772851437644,2960457038731.0356,526,S0_baseline,indonesia,USDC
37,0.9936741961596147,2960371454390.7417,526,S0_baseline,indonesia,USDC
38,1.0056739085558228,2960371454390.7417,526,S0_baseline,indonesia,USDC
39,1.0074833126686065,2960371454390.7417,526,S0_baseline,indonesia,USDC
40,0.9872591531299865,2960371454390.7417,526,S0_baseline,indonesia,USDC
41,0.9770993189185473,2960371454390.7417,526,S0_baseline,indonesia,USDC
42,0.9900154232504599,2960371454390.7417,526,S0_baseline,indonesia,USDC
43,0.8939032726926652,2960371454390.7417,526,S0_baseline,indonesia,USDC
44,0.9083831615482628,2958013417849.485,526,S0_baseline,indonesia,USDC
45,0.9162938262331102,2956279409618.915,526,S0_baseline,indonesia,USDC
46,0.9111165223513354,2954823075063.1406,526,S0_baseline,indonesia,USDC
47,0.9339965457390251,2953291395503.9907,526,S0_baseline,indonesia,USDC
48,0.9618276337200947,2952460555962.4062,526,S0_baseline,indonesia,USDC
49,0.9732612249411206,2952286627599.7334,526,S0_baseline,indonesia,USDC
50,0.9859405693776822,2952286627599.7334,526,S0_baseline,indonesia,USDC
51,0.9829735593016435,2952286627599.7334,526,S0_baseline,indonesia,USDC
52,1.0272605354774622,2952286627599.7334,526,S0_baseline,indonesia,USDC
53,1.0241983286121898,2952286627599.7334,526,S0_baseline,indonesia,USDC
54,1.0316585618127894,2952286627599.7334,526,S0_baseline,indonesia,USDC
55,1.0366550240345203,2952286627599.7334,526,S0_baseline,indonesia,USDC
56,1.016460257575171,2952286627599.7334,526,S0_baseline,indonesia,USDC
57,0.974705922596782,2952286627599.7334,526,S0_baseline,indonesia,USDC
58,0.9850648439855765,2952286627599.7334,526,S0_baseline,indonesia,USDC
59,0.9639383425503534,2952286627599.7334,526,S0_baseline,indonesia,USDC
60,0.9622958008454692,2952154068989.335,526,S0_baseline,indonesia,USDC
61,0.9408747419617272,2951994492633.923,526,S0_baseline,indonesia,USDC
62,0.9848116618141299,2951352961489.845,526,S0_baseline,indonesia,USDC
63,0.9597467582863178,2951352961489.845,526,S0_baseline,indonesia,USDC
64,0.9668833550308101,2951144135508.2007,526,S0_baseline,indonesia,USDC
65,0.9289035108410435,2951092484946.282,526,S0_baseline,indonesia,USDC
66,0.9512771437040487,2950200706654.8247,526,S0_baseline,indonesia,USDC
67,0.9529581123114667,2949842053927.4023,526,S0_baseline,indonesia,USDC
68,0.9895006984982792,2949486270953.209,526,S0_baseline,indonesia,USDC
69,0.9857297709725339,2949486270953.209,526,S0_baseline,indonesia,USDC
70,0.9803309877922086,2949486270953.209,526,S0_baseline,indonesia,USDC
71,0.9861177445124653,2949486270953.209,526,S0_baseline,indonesia,USDC
72,0.9939504644786074,2949486270953.209,526,S0_baseline,indonesia,USDC
73,1.0023466555641836,2949486270953.209,526,S0_baseline,indonesia,USDC
74,1.0013545427038582,2949486270953.209,526,S0_baseline,indonesia,USDC
75,0.9861813531706191,2949486270953.209,526,S0_baseline,indonesia,USDC
76,1.0373137342398624,2949486270953.209,526,S0_baseline,indonesia,USDC
77,1.0050742815425746,2949486270953.209,526,S0_baseline,indonesia,USDC
78,1.0317252630598803,2949486270953.209,526,S0_baseline,indonesia,USDC
79,1.037084045973422,2949486270953.209,526,S0_baseline,indonesia,USDC
80,1.0431093653614705,2949486270953.209,526,S0_baseline,indonesia,USDC
81,1.0338039079898353,2949486270953.209,526,S0_baseline,indonesia,USDC
82,1.0467670015684443,2949486270953.209,526,S0_baseline,indonesia,USDC
83,1.0192478258096624,2949486270953.209,526,S0_baseline,indonesia,USDC
84,1.0396635684171294,2949486270953.209,526,S0_baseline,indonesia,USDC
85,1.063775114944062,2949486270953.209,526,S0_baseline,indonesia,USDC
86,1.0953965022556917,2949486270953.209,526,S0_baseline,indonesia,USDC
87,1.092076612633933,2949486270953.209,526,S0_baseline,indonesia,USDC
88,1.0452817550956657,2949486270953.209,526,S0_baseline,indonesia,USDC
89,1.0386240912034548,2949486270953.209,526,S0_baseline,indonesia,USDC
90,1.0057832141140448,2949486270953.209,526,S0_baseline,indonesia,USDC
91,1.0419580655622394,2949486270953.209,526,S0_baseline,indonesia,USDC
92,1.0369690044154392,2949486270953.209,526,S0_baseline,indonesia,USDC
93,1.0416544527117026,2949486270953.209,526,S0_baseline,indonesia,USDC
94,1.0385109813524167,2949486270953.209,526,S0_baseline,indonesia,USDC
95,1.0316217922914361,2949486270953.209,526,S0_baseline,indonesia,USDC
96,1.0266711137269213,2949486270953.209,526,S0_baseline,indonesia,USDC
97,1.011551277924101,2949486270953.209,526,S0_baseline,indonesia,USDC
98,1.0460704083054002,2949486270953.209,526,S0_baseline,indonesia,USDC
99,1.0605773870632151,2949486270953.209,526,S0_baseline,indonesia,USDC
100,1.0843660111795006,2949486270953.209,526,S0_baseline,indonesia,USDC
101,1.0704657934391715,2949486270953.209,526,S0_baseline,indonesia,USDC
102,1.0513780081999078,2949486270953.209,526,S0_baseline,indonesia,USDC
103,1.0657012526423166,2949486270953.209,526,S0_baseline,indonesia,USDC
104,1.0659752068627137,2949486270953.209,526,S0_baseline,indonesia,USDC
105,1.0585177052269903,2949486270953.209,526,S0_baseline,indonesia,USDC
106,1.0331267207208676,2949486270953.209,526,S0_baseline,indonesia,USDC
107,1.0180822851397724,2949486270953.209,526,S0_baseline,indonesia,USDC
108,1.0113483341923193,2949486270953.209,526,S0_baseline,indonesia,USDC
109,0.9948589156880319,2949486270953.209,526,S0_baseline,indonesia,USDC
110,0.9887812582732313,2949486270953.209,526,S0_baseline,indonesia,USDC
111,0.9566052745673079,2949486270953.209,526,S0_baseline,indonesia,USDC
112,0.9574390970447142,2949241198313.339,526,S0_baseline,indonesia,USDC
113,0.9727009934582092,2949015457103.7915,526,S0_baseline,indonesia,USDC
114,0.9904256334485205,2949015457103.7915,526,S0_baseline,indonesia,USDC
115,1.0273189823413542,2949015457103.7915,526,S0_baseline,indonesia,USDC
116,1.0181561496462286,2949015457103.7915,526,S0_baseline,indonesia,USDC
117,1.0198288149251609,2949015457103.7915,526,S0_baseline,indonesia,USDC
118,1.0073209521653632,2949015457103.7915,526,S0_baseline,indonesia,USDC
119,0.9663183959142108,2949015457103.7915,526,S0_baseline,indonesia,USDC
120,0.9925180916568231,2948975457071.3853,526,S0_baseline,indonesia,USDC
121,0.9790624546936288,2948975457071.3853,526,S0_baseline,indonesia,USDC
122,1.0044152100399735,2948975457071.3853,526,S0_baseline,indonesia,USDC
123,1.004857393737465,2948975457071.3853,526,S0_baseline,indonesia,USDC
124,1.0216222118649991,2948975457071.3853,526,S0_baseline,indonesia,USDC
125,1.0187442405259952,2948975457071.3853,526,S0_baseline,indonesia,USDC
126,1.0576034429034396,2948975457071.3853,526,S0_baseline,indonesia,USDC
127,1.0673968762177766,2948975457071.3853,526,S0_baseline,indonesia,USDC
128,1.0305136836399806,2948975457071.3853,526,S0_baseline,indonesia,USDC
129,1.0159765827363374,2948975457071.3853,526,S0_baseline,indonesia,USDC
130,1.066324888591799,2948975457071.3853,526,S0_baseline,indonesia,USDC
131,1.0472078910893454,2948975457071.3853,526,S0_baseline,indonesia,USDC
132,1.0858071475327935,2948975457071.3853,526,S0_baseline,indonesia,USDC
133,1.0801476720823644,2948975457071.3853,526,S0_baseline,indonesia,USDC
134,1.062814707836134,2948975457071.3853,526,S0_baseline,indonesia,USDC
135,1.0320504197865505,2948975457071.3853,526,S0_baseline,indonesia,USDC
136,1.056332655020601,2948975457071.3853,526,S0_baseline,indonesia,USDC
137,1.0607481204923583,2948975457071.3853,526,S0_baseline,indonesia,USDC
138,1.033500877286523,2948975457071.3853,526,S0_baseline,indonesia,USDC
139,1.0303739957390383,2948975457071.3853,526,S0_baseline,indonesia,USDC
140,1.0440309649323247,2948975457071.3853,526,S0_baseline,indonesia,USDC
141,1.0303339727815057,2948975457071.3853,526,S0_baseline,indonesia,USDC
142,1.015610410639353,2948975457071.3853,526,S0_baseline,indonesia,USDC
143,1.0172120792503312,2948975457071.3853,526,S0_baseline,indonesia,USDC
144,1.0211735908254727,2948975457071.3853,526,S0_baseline,indonesia,USDC
145,0.8616660230959076,2948975457071.3853,526,S0_baseline,indonesia,USDC
146,0.8554054595928918,2946856651135.46,526,S0_baseline,indonesia,USDC
147,0.8604679838903664,2944816955988.0723,526,S0_baseline,indonesia,USDC
148,0.8781011297250737,2943170792376.1724,526,S0_baseline,indonesia,USDC
149,0.9123739297984232,2941884265119.3003,526,S0_baseline,indonesia,USDC
150,0.916102888368349,2941153966255.7886,526,S0_baseline,indonesia,USDC
151,0.9309540883562831,2940511503071.963,526,S0_baseline,indonesia,USDC
152,0.9314651239579911,2940084995189.369,526,S0_baseline,indonesia,USDC
153,0.9177371342936055,2939705190277.2705,526,S0_baseline,indonesia,USDC
154,0.9298972760459503,2939160266549.3545,526,S0_baseline,indonesia,USDC
155,0.942841027815152,2938776080010.293,526,S0_baseline,indonesia,USDC
156,0.9226763280269503,2938527912097.6523,526,S0_baseline,indonesia,USDC
157,0.9503028204913083,2938103785121.7256,526,S0_baseline,indonesia,USDC
158,0.9594127104631118,2937945453547.3223,526,S0_baseline,indonesia,USDC
159,0.9591681306352363,2937871748988.545,526,S0_baseline,indonesia,USDC
160,0.9611172805462302,2937796711244.723,526,S0_baseline,indonesia,USDC
161,0.9721856555386301,2937732580459.047,526,S0_baseline,indonesia,USDC
162,0.9279609677087789,2937732580459.047,526,S0_baseline,indonesia,USDC
163,0.9178541030884726,2937389913843.1646,526,S0_baseline,indonesia,USDC
164,0.9138059791437907,2936992564418.9336,526,S0_baseline,indonesia,USDC
165,0.9290728500836513,2936585825052.8374,526,S0_baseline,indonesia,USDC
166,0.9216920522638561,2936316281337.881,526,S0_baseline,indonesia,USDC
167,0.9305201905693318,2936008513365.4517,526,S0_baseline,indonesia,USDC
168,0.9221812528375453,2935747331221.69,526,S0_baseline,indonesia,USDC
169,0.9052364482446028,2935452171127.0356,526,S0_baseline,indonesia,USDC
170,0.9479316339668644,2935079830373.551,526,S0_baseline,indonesia,USDC
171,0.9439473081193013,2934959813964.503,526,S0_baseline,indonesia,USDC
172,0.9254522276847547,2934831137583.8154,526,S0_baseline,indonesia,USDC
173,0.9046897878463477,2934590499503.6143,526,S0_baseline,indonesia,USDC
174,0.9366856925491195,2934253909101.2144,526,S0_baseline,indonesia,USDC
175,0.9180662509510708,2934108993339.763,526,S0_baseline,indonesia,USDC
176,0.9314914243904012,2933879787506.081,526,S0_baseline,indonesia,USDC
177,0.9388596328131912,2933714543300.869,526,S0_baseline,indonesia,USDC
178,0.9553729362251308,2933590866669.9785,526,S0_baseline,indonesia,USDC
179,0.96013650854731,2933530556821.6763,526,S0_baseline,indonesia,USDC
180,0.9770284094292019,2933493176145.4526,526,S0_baseline,indonesia,USDC
181,0.9594563841567672,2933493176145.4526,526,S0_baseline,indonesia,USDC
182,0.9592723997568732,2933453495500.627,526,S0_baseline,indonesia,USDC
183,0.9735510853303035,2933413501938.263,526,S0_baseline,indonesia,USDC
184,0.9994230061854835,2933413501938.263,526,S0_baseline,indonesia,USDC
185,1.0018909314793132,2933413501938.263,526,S0_baseline,indonesia,USDC
186,1.043708065862222,2933413501938.263,526,S0_baseline,indonesia,USDC
187,1.0024820344357466,2933413501938.263,526,S0_baseline,indonesia,USDC
188,0.9575474344412228,2933413501938.263,526,S0_baseline,indonesia,USDC
189,0.9366120692526777,2933367226141.476,526,S0_baseline,indonesia,USDC
190,0.979653950181444,2933245457226.467,526,S0_baseline,indonesia,USDC
191,0.9817557749166532,2933245457226.467,526,S0_baseline,indonesia,USDC
192,0.9710538010092069,2933245457226.467,526,S0_baseline,indonesia,USDC
193,0.9797153953445689,2933245457226.467,526,S0_baseline,indonesia,USDC
194,0.956383782620698,2933245457226.467,526,S0_baseline,indonesia,USDC
195,0.9566106311861675,2933196879767.6724,526,S0_baseline,indonesia,USDC
196,0.9511873753490391,2933147111531.7905,526,S0_baseline,indonesia,USDC
197,0.9435676643709372,2933081143450.57,526,S0_baseline,indonesia,USDC
198,0.9431416384218734,2932992841502.168,526,S0_baseline,indonesia,USDC
199,0.9488038571553644,2932905294193.8286,526,S0_baseline,indonesia,USDC
200,0.9272613361131005,2932832879845.4946,526,S0_baseline,indonesia,USDC
201,0.9400791492321993,2932690058395.6885,526,S0_baseline,indonesia,USDC
202,0.9402284448971537,2932594476233.263,526,S0_baseline,indonesia,USDC
203,0.9650023894020504,2932505411598.6514,526,S0_baseline,indonesia,USDC
204,0.9572101235476728,2932490398063.593,526,S0_baseline,indonesia,USDC
205,0.9637172212327421,2932458567640.332,526,S0_baseline,indonesia,USDC
206,0.9869863011771367,2932439996689.3906,526,S0_baseline,indonesia,USDC
207,0.987960678153744,2932439996689.3906,526,S0_baseline,indonesia,USDC
208,1.0307694755268129,2932439996689.3906,526,S0_baseline,indonesia,USDC
209,1.0362947627174393,2932439996689.3906,526,S0_baseline,indonesia,USDC
210,1.0444159766879835,2932439996689.3906,526,S0_baseline,indonesia,USDC
211,1.021054881391317,2932439996689.3906,526,S0_baseline,indonesia,USDC
212,1.010586501453368,2932439996689.3906,526,S0_baseline,indonesia,USDC
213,0.9803259235381717,2932439996689.3906,526,S0_baseline,indonesia,USDC
214,0.9657908951274796,2932439996689.3906,526,S0_baseline,indonesia,USDC
215,0.9592128827524988,2932429310335.111,526,S0_baseline,indonesia,USDC
216,0.9869429837695787,2932401725721.52,526,S0_baseline,indonesia,USDC
217,0.9992101773598965,2932401725721.52,526,S0_baseline,indonesia,USDC
218,0.9994941663835061,2932401725721.52,526,S0_baseline,indonesia,USDC
219,1.0088872932098518,2932401725721.52,526,S0_baseline,indonesia,USDC
220,0.9882116247359187,2932401725721.52,526,S0_baseline,indonesia,USDC
221,0.9646059049545641,2932401725721.52,526,S0_baseline,indonesia,USDC
222,0.9711889921689557,2932389516088.527,526,S0_baseline,indonesia,USDC
223,0.9820974964850278,2932389516088.527,526,S0_baseline,indonesia,USDC
224,1.0180245885722845,2932389516088.527,526,S0_baseline,indonesia,USDC
225,0.9989250805072568,2932389516088.527,526,S0_baseline,indonesia,USDC
226,1.0083956381756745,2932389516088.527,526,S0_baseline,indonesia,USDC
227,1.0214949608573818,2932389516088.527,526,S0_baseline,indonesia,USDC
228,1.0263788920492043,2932389516088.527,526,S0_baseline,indonesia,USDC
229,1.012765198268948,2932389516088.527,526,S0_baseline,indonesia,USDC
230,1.0329571955777426,2932389516088.527,526,S0_baseline,indonesia,USDC
231,1.0250966732682674,2932389516088.527,526,S0_baseline,indonesia,USDC
232,1.0336699215632632,2932389516088.527,526,S0_baseline,indonesia,USDC
233,1.0355590792567284,2932389516088.527,526,S0_baseline,indonesia,USDC
234,1.0120810658219517,2932389516088.527,526,S0_baseline,indonesia,USDC
235,1.0317069812852362,2932389516088.527,526,S0_baseline,indonesia,USDC
236,1.0518380824461424,2932389516088.527,526,S0_baseline,indonesia,USDC
237,1.0201907581342118,2932389516088.527,526,S0_baseline,indonesia,USDC
238,1.001308277352529,2932389516088.527,526,S0_baseline,indonesia,USDC
239,0.9858821213665978,2932389516088.527,526,S0_baseline,indonesia,USDC
240,0.9814606161131498,2932389516088.527,526,S0_baseline,indonesia,USDC
241,0.9811309313469458,2932389516088.527,526,S0_baseline,indonesia,USDC
242,0.985550612754879,2932389516088.527,526,S0_baseline,indonesia,USDC
243,0.9697251825826562,2932389516088.527,526,S0_baseline,indonesia,USDC
244,0.9700697002530486,2932388723332.967,526,S0_baseline,indonesia,USDC
245,0.9634363558287286,2932388723332.967,526,S0_baseline,indonesia,USDC
246,0.991632395083566,2932369794797.578,526,S0_baseline,indonesia,USDC
247,0.9736233565750797,2932369794797.578,526,S0_baseline,indonesia,USDC
248,0.9577212115503375,2932369794797.578,526,S0_baseline,indonesia,USDC
249,0.9545334041219309,2932336624660.886,526,S0_baseline,indonesia,USDC
250,0.9506898573327617,2932299285930.4404,526,S0_baseline,indonesia,USDC
251,0.9492779683604818,2932245378926.231,526,S0_baseline,indonesia,USDC
252,0.9396504790158047,2932188682044.523,526,S0_baseline,indonesia,USDC
253,0.9523131780105809,2932112809674.959,526,S0_baseline,indonesia,USDC
254,0.9682563080990932,2932066834578.508,526,S0_baseline,indonesia,USDC
255,0.9485529334855043,2932066435171.6484,526,S0_baseline,indonesia,USDC
256,0.9441423565315719,2932016100734.257,526,S0_baseline,indonesia,USDC
257,0.9670209191715309,2931953818295.9453,526,S0_baseline,indonesia,USDC
258,0.9795145366488682,2931949252380.8896,526,S0_baseline,indonesia,USDC
259,0.9839750866308508,2931949252380.8896,526,S0_baseline,indonesia,USDC
260,1.0150910320195201,2931949252380.8896,526,S0_baseline,indonesia,USDC
261,1.0307652140224894,2931949252380.8896,526,S0_baseline,indonesia,USDC
262,1.030511179625102,2931949252380.8896,526,S0_baseline,indonesia,USDC
263,1.0296263993079282,2931949252380.8896,526,S0_baseline,indonesia,USDC
264,1.0049102931230776,2931949252380.8896,526,S0_baseline,indonesia,USDC
265,0.9904516071490604,2931949252380.8896,526,S0_baseline,indonesia,USDC
266,0.9955240028547273,2931949252380.8896,526,S0_baseline,indonesia,USDC
267,0.9862949363305505,2931949252380.8896,526,S0_baseline,indonesia,USDC
268,0.9800688336701249,2931949252380.8896,526,S0_baseline,indonesia,USDC
269,0.9588712402261529,2931949252380.8896,526,S0_baseline,indonesia,USDC
270,0.9537814449438214,2931923890442.2847,526,S0_baseline,indonesia,USDC
271,0.974777545671988,2931884890716.293,526,S0_baseline,indonesia,USDC
272,0.9674002138689567,2931884890716.293,526,S0_baseline,indonesia,USDC
273,0.9785649250674947,2931878743702.9756,526,S0_baseline,indonesia,USDC
274,0.9870777559618349,2931878743702.9756,526,S0_baseline,indonesia,USDC
275,0.98014541385637,2931878743702.9756,526,S0_baseline,indonesia,USDC
276,0.9774435256497228,2931878743702.9756,526,S0_baseline,indonesia,USDC
277,0.976863851399455,2931878743702.9756,526,S0_baseline,indonesia,USDC
278,0.9582583156107966,2931878743702.9756,526,S0_baseline,indonesia,USDC
279,1.0003061662406632,2931855977255.4297,526,S0_baseline,indonesia,USDC
280,0.9838591709988875,2931855977255.4297,526,S0_baseline,indonesia,USDC
281,0.978793318290926,2931855977255.4297,526,S0_baseline,indonesia,USDC
282,0.9725293623473074,2931855977255.4297,526,S0_baseline,indonesia,USDC
283,0.9764135020215352,2931855977255.4297,526,S0_baseline,indonesia,USDC
284,0.9731719645951187,2931855977255.4297,526,S0_baseline,indonesia,USDC
285,0.9481604389828846,2931855977255.4297,526,S0_baseline,indonesia,USDC
286,0.9345865713250496,2931811041411.487,526,S0_baseline,indonesia,USDC
287,0.9488874778339444,2931737489233.986,526,S0_baseline,indonesia,USDC
288,0.9534176279147646,2931690778410.133,526,S0_baseline,indonesia,USDC
289,0.9718854351405595,2931659929885.4805,526,S0_baseline,indonesia,USDC
290,0.9921885542044414,2931659929885.4805,526,S0_baseline,indonesia,USDC
291,0.9985218679864043,2931659929885.4805,526,S0_baseline,indonesia,USDC
292,0.9787113220947483,2931659929885.4805,526,S0_baseline,indonesia,USDC
293,0.9812561122032494,2931659929885.4805,526,S0_baseline,indonesia,USDC
294,1.0096840363480388,2931659929885.4805,526,S0_baseline,indonesia,USDC
295,0.9933832087065102,2931659929885.4805,526,S0_baseline,indonesia,USDC
296,1.0125811917858145,2931659929885.4805,526,S0_baseline,indonesia,USDC
297,1.0251176093620706,2931659929885.4805,526,S0_baseline,indonesia,USDC
298,0.873491060587949,2931659929885.4805,526,S0_baseline,indonesia,USDC
299,0.8739144648409983,2931467612505.6035,526,S0_baseline,indonesia,USDC
300,0.9006877767873632,2931293953406.3745,526,S0_baseline,indonesia,USDC
301,0.9237285536853492,2931181011160.8096,526,S0_baseline,indonesia,USDC
302,0.9422876842884047,2931111431988.464,526,S0_baseline,indonesia,USDC
303,0.9566478200796278,2931070996658.87,526,S0_baseline,indonesia,USDC
304,0.9690630806194344,2931053936113.1772,526,S0_baseline,indonesia,USDC
305,1.001892335639648,2931052523448.478,526,S0_baseline,indonesia,USDC
306,1.0107151407728583,2931052523448.478,526,S0_baseline,indonesia,USDC
307,0.9808872796956807,2931052523448.478,526,S0_baseline,indonesia,USDC
308,1.0114161825371026,2931052523448.478,526,S0_baseline,indonesia,USDC
309,1.0159516178370533,2931052523448.478,526,S0_baseline,indonesia,USDC
310,0.9941556517523997,2931052523448.478,526,S0_baseline,indonesia,USDC
311,1.0026132245417403,2931052523448.478,526,S0_baseline,indonesia,USDC
312,1.0028444638314093,2931052523448.478,526,S0_baseline,indonesia,USDC
313,1.0277866931632926,2931052523448.478,526,S0_baseline,indonesia,USDC
314,1.0213690257024097,2931052523448.478,526,S0_baseline,indonesia,USDC
315,0.997319494324514,2931052523448.478,526,S0_baseline,indonesia,USDC
316,0.9951147897904724,2931052523448.478,526,S0_baseline,indonesia,USDC
317,0.9693727266925012,2931052523448.478,526,S0_baseline,indonesia,USDC
318,0.9679545831093083,2931052209575.8574,526,S0_baseline,indonesia,USDC
319,0.9773049083175601,2931051542199.588,526,S0_baseline,indonesia,USDC
320,0.9710165217646585,2931051542199.588,526,S0_baseline,indonesia,USDC
321,0.8382504739959464,2931051542199.588,526,S0_baseline,indonesia,USDC
322,0.8293231043382249,2930861350386.1074,526,S0_baseline,indonesia,USDC
323,0.8464214764161399,2930688344189.0874,526,S0_baseline,indonesia,USDC
324,0.851275433763998,2930551467520.11,526,S0_baseline,indonesia,USDC
325,0.8909849074916248,2930438830650.996,526,S0_baseline,indonesia,USDC
326,0.9198389436776947,2930369799367.4614,526,S0_baseline,indonesia,USDC
327,0.9576175006070906,2930329546095.967,526,S0_baseline,indonesia,USDC
328,0.9504314311065716,2930320123232.844,526,S0_baseline,indonesia,USDC
329,0.9610470095126586,2930306658335.717,526,S0_baseline,indonesia,USDC
330,0.9852464234975918,2930300056519.6826,526,S0_baseline,indonesia,USDC
331,0.9611029159171968,2930300056519.6826,526,S0_baseline,indonesia,USDC
332,0.9538119002674569,2930294031620.8574,526,S0_baseline,indonesia,USDC
333,0.9548834276062591,2930282866187.5527,526,S0_baseline,indonesia,USDC
334,0.9574796008535408,2930272620377.5093,526,S0_baseline,indonesia,USDC
335,0.9755425623887737,2930264320388.557,526,S0_baseline,indonesia,USDC
336,0.9681669248505838,2930264320388.557,526,S0_baseline,indonesia,USDC
337,0.9769292048718958,2930263417592.823,526,S0_baseline,indonesia,USDC
338,0.9857017998278721,2930263417592.823,526,S0_baseline,indonesia,USDC
339,0.9972704685850448,2930263417592.823,526,S0_baseline,indonesia,USDC
340,0.9744700598596315,2930263417592.823,526,S0_baseline,indonesia,USDC
341,0.9747480962283022,2930263417592.823,526,S0_baseline,indonesia,USDC
342,0.9742392340152864,2930263417592.823,526,S0_baseline,indonesia,USDC
343,0.9711999786041742,2930263417592.823,526,S0_baseline,indonesia,USDC
344,0.9803741753123387,2930263417592.823,526,S0_baseline,indonesia,USDC
345,0.9825220630520065,2930263417592.823,526,S0_baseline,indonesia,USDC
346,1.0138056239769753,2930263417592.823,526,S0_baseline,indonesia,USDC
347,0.9876988275051096,2930263417592.823,526,S0_baseline,indonesia,USDC
348,0.9649620342324562,2930263417592.823,526,S0_baseline,indonesia,USDC
349,0.976208381004374,2930260333896.172,526,S0_baseline,indonesia,USDC
350,0.9691475135969806,2930260333896.172,526,S0_baseline,indonesia,USDC
351,0.9612846637789939,2930259745996.368,526,S0_baseline,indonesia,USDC
352,0.9619500433430332,2930254628915.356,526,S0_baseline,indonesia,USDC
353,0.9540555888663712,2930249124772.676,526,S0_baseline,indonesia,USDC
354,0.926993484334779,2930239348101.9224,526,S0_baseline,indonesia,USDC
355,0.9546177201460897,2930210619977.4854,526,S0_baseline,indonesia,USDC
356,0.87087455653349,2930201285727.424,526,S0_baseline,indonesia,USDC
357,0.8812773741621109,2930138960095.6855,526,S0_baseline,indonesia,USDC
358,0.9295204657751769,2930088876004.1255,526,S0_baseline,indonesia,USDC
359,0.9524554037948653,2930069922650.8096,526,S0_baseline,indonesia,USDC
360,0.9515484661313457,2930061658843.241,526,S0_baseline,indonesia,USDC
361,0.9685367176933601,2930053107262.4155,526,S0_baseline,indonesia,USDC
362,0.9726903793400131,2930053107262.4155,526,S0_baseline,indonesia,USDC
363,0.9711865870944323,2930053107262.4155,526,S0_baseline,indonesia,USDC
364,0.9726370341104881,2930053107262.4155,526,S0_baseline,indonesia,USDC
365,1.005814179429037,2930053107262.4155,526,S0_baseline,indonesia,USDC
366,1.0257721913172668,2930053107262.4155,526,S0_baseline,indonesia,USDC
367,1.0738092435869322,2930053107262.4155,526,S0_baseline,indonesia,USDC
368,1.0380986534191907,2930053107262.4155,526,S0_baseline,indonesia,USDC
369,0.9982347053218622,2930053107262.4155,526,S0_baseline,indonesia,USDC
370,1.0013771846424209,2930053107262.4155,526,S0_baseline,indonesia,USDC
371,1.0004254642251886,2930053107262.4155,526,S0_baseline,indonesia,USDC
372,1.0045921353072322,2930053107262.4155,526,S0_baseline,indonesia,USDC
373,0.9668053372819716,2930053107262.4155,526,S0_baseline,indonesia,USDC
374,0.9509050495784499,2930051586622.665,526,S0_baseline,indonesia,USDC
375,0.9847530993716321,2930043692075.0596,526,S0_baseline,indonesia,USDC
376,0.9754515408596482,2930043692075.0596,526,S0_baseline,indonesia,USDC
377,0.9545216336508278,2930043692075.0596,526,S0_baseline,indonesia,USDC
378,0.9453287456205629,2930036474707.028,526,S0_baseline,indonesia,USDC
379,0.937028085525894,2930025154379.225,526,S0_baseline,indonesia,USDC
380,0.9259877601195537,2930011818094.1045,526,S0_baseline,indonesia,USDC
381,0.9140096133656129,2929992741971.1045,526,S0_baseline,indonesia,USDC
382,0.9157470223271456,2929970162342.1294,526,S0_baseline,indonesia,USDC
383,0.9237755137871002,2929948977443.811,526,S0_baseline,indonesia,USDC
384,0.9237399401789654,2929932873448.946,526,S0_baseline,indonesia,USDC
385,0.909509839471371,2929917930325.6235,526,S0_baseline,indonesia,USDC
386,0.922838579057442,2929897567149.9277,526,S0_baseline,indonesia,USDC
387,0.9571779005956587,2929883898741.955,526,S0_baseline,indonesia,USDC
388,0.9823485533554883,2929880246974.138,526,S0_baseline,indonesia,USDC
389,0.9849773282758332,2929880246974.138,526,S0_baseline,indonesia,USDC
390,0.9609298458870287,2929880246974.138,526,S0_baseline,indonesia,USDC
391,0.9645688229797429,2929877741249.5825,526,S0_baseline,indonesia,USDC
392,0.9700646145786996,2929876137943.704,526,S0_baseline,indonesia,USDC
393,0.9695492088449205,2929876137943.704,526,S0_baseline,indonesia,USDC
394,1.0019000775191877,2929876005613.4033,526,S0_baseline,indonesia,USDC
395,1.0085837369783983,2929876005613.4033,526,S0_baseline,indonesia,USDC
396,0.9898671099933136,2929876005613.4033,526,S0_baseline,indonesia,USDC
397,0.9718168308446314,2929876005613.4033,526,S0_baseline,indonesia,USDC
398,0.9789079849200528,2929876005613.4033,526,S0_baseline,indonesia,USDC
399,0.9544824536338625,2929876005613.4033,526,S0_baseline,indonesia,USDC
400,0.9185743052290507,2929871452535.4414,526,S0_baseline,indonesia,USDC
401,0.946155990854472,2929857391237.385,526,S0_baseline,indonesia,USDC
402,0.9507618869881862,2929851344761.7173,526,S0_baseline,indonesia,USDC
403,0.9971962186023602,2929846630934.9004,526,S0_baseline,indonesia,USDC
404,1.0045772110210596,2929846630934.9004,526,S0_baseline,indonesia,USDC
405,0.9933194007539897,2929846630934.9004,526,S0_baseline,indonesia,USDC
406,0.9840688889644675,2929846630934.9004,526,S0_baseline,indonesia,USDC
407,0.9769303200313009,2929846630934.9004,526,S0_baseline,indonesia,USDC
408,0.9663778781048883,2929846630934.9004,526,S0_baseline,indonesia,USDC
409,1.0142421596625533,2929845677840.0293,526,S0_baseline,indonesia,USDC
410,1.0192620786980306,2929845677840.0293,526,S0_baseline,indonesia,USDC
411,1.0139084071792412,2929845677840.0293,526,S0_baseline,indonesia,USDC
412,1.0016498697822869,2929845677840.0293,526,S0_baseline,indonesia,USDC
413,1.0233273535765048,2929845677840.0293,526,S0_baseline,indonesia,USDC
414,1.0627989541269822,2929845677840.0293,526,S0_baseline,indonesia,USDC
415,1.0705137946720453,2929845677840.0293,526,S0_baseline,indonesia,USDC
416,1.0660184114395974,2929845677840.0293,526,S0_baseline,indonesia,USDC
417,1.0434048588277793,2929845677840.0293,526,S0_baseline,indonesia,USDC
418,1.0093089580995689,2929845677840.0293,526,S0_baseline,indonesia,USDC
419,1.0089108497954158,2929845677840.0293,526,S0_baseline,indonesia,USDC
420,0.9849691648066635,2929845677840.0293,526,S0_baseline,indonesia,USDC
421,0.9804126901185917,2929845677840.0293,526,S0_baseline,indonesia,USDC
422,0.9601355996067074,2929845677840.0293,526,S0_baseline,indonesia,USDC
423,0.9693995409556939,2929843442105.2847,526,S0_baseline,indonesia,USDC
424,0.9778331675325358,2929843286079.493,526,S0_baseline,indonesia,USDC
425,0.9963021456426301,2929843286079.493,526,S0_baseline,indonesia,USDC
426,1.0278230208514658,2929843286079.493,526,S0_baseline,indonesia,USDC
427,1.0347024360998025,2929843286079.493,526,S0_baseline,indonesia,USDC
428,0.9874232871561434,2929843286079.493,526,S0_baseline,indonesia,USDC
429,0.976040538357501,2929843286079.493,526,S0_baseline,indonesia,USDC
430,0.9515454470567308,2929843286079.493,526,S0_baseline,indonesia,USDC
431,0.9624156935816898,2929839122881.6416,526,S0_baseline,indonesia,USDC
432,0.9669953610896913,2929837505905.177,526,S0_baseline,indonesia,USDC
433,0.971145415823066,2929837162259.093,526,S0_baseline,indonesia,USDC
434,0.9551043776754551,2929837162259.093,526,S0_baseline,indonesia,USDC
435,0.9564474665835163,2929833769492.1924,526,S0_baseline,indonesia,USDC
436,0.9986403901791654,2929830743353.8203,526,S0_baseline,indonesia,USDC
437,1.0003645276597855,2929830743353.8203,526,S0_baseline,indonesia,USDC
438,0.9522907956704646,2929830743353.8203,526,S0_baseline,indonesia,USDC
439,0.9495754035446002,2929826373560.0234,526,S0_baseline,indonesia,USDC
440,0.9380220957739311,2929822036509.785,526,S0_baseline,indonesia,USDC
441,0.9450160672531696,2929814924135.316,526,S0_baseline,indonesia,USDC
442,0.928750221572337,2929809377454.212,526,S0_baseline,indonesia,USDC
443,0.9601036325955865,2929800908140.81,526,S0_baseline,indonesia,USDC
444,1.0090719379448017,2929799059560.417,526,S0_baseline,indonesia,USDC
445,0.9952827380706271,2929799059560.417,526,S0_baseline,indonesia,USDC
446,0.9830534742588772,2929799059560.417,526,S0_baseline,indonesia,USDC
447,0.9676891302082427,2929799059560.417,526,S0_baseline,indonesia,USDC
448,0.9864947208958784,2929798564828.6494,526,S0_baseline,indonesia,USDC
449,0.9642383404479724,2929798564828.6494,526,S0_baseline,indonesia,USDC
450,0.9868734636263636,2929797334259.439,526,S0_baseline,indonesia,USDC
451,1.0027732952768904,2929797334259.439,526,S0_baseline,indonesia,USDC
452,0.9939699301346193,2929797334259.439,526,S0_baseline,indonesia,USDC
453,0.9863798473715306,2929797334259.439,526,S0_baseline,indonesia,USDC
454,0.9951734219195347,2929797334259.439,526,S0_baseline,indonesia,USDC
455,1.0061116368987602,2929797334259.439,526,S0_baseline,indonesia,USDC
456,1.0230540049474808,2929797334259.439,526,S0_baseline,indonesia,USDC
457,1.023588847755356,2929797334259.439,526,S0_baseline,indonesia,USDC
458,1.0220213824029405,2929797334259.439,526,S0_baseline,indonesia,USDC
459,0.9889294786773265,2929797334259.439,526,S0_baseline,indonesia,USDC
460,0.949727698877431,2929797334259.439,526,S0_baseline,indonesia,USDC
461,0.969272976188839,2929793030240.616,526,S0_baseline,indonesia,USDC
462,1.019861821571464,2929793030240.616,526,S0_baseline,indonesia,USDC
463,1.004341091582084,2929793030240.616,526,S0_baseline,indonesia,USDC
464,0.976738673357211,2929793030240.616,526,S0_baseline,indonesia,USDC
465,0.9990972170883988,2929793030240.616,526,S0_baseline,indonesia,USDC
466,1.0120322007413858,2929793030240.616,526,S0_baseline,indonesia,USDC
467,1.0096554648841363,2929793030240.616,526,S0_baseline,indonesia,USDC
468,1.0026619820982705,2929793030240.616,526,S0_baseline,indonesia,USDC
469,1.0218198008653072,2929793030240.616,526,S0_baseline,indonesia,USDC
470,1.0426087071845003,2929793030240.616,526,S0_baseline,indonesia,USDC
471,1.0440518405301087,2929793030240.616,526,S0_baseline,indonesia,USDC
472,1.0666985461494674,2929793030240.616,526,S0_baseline,indonesia,USDC
473,1.0589456830200303,2929793030240.616,526,S0_baseline,indonesia,USDC
474,1.0245491541469582,2929793030240.616,526,S0_baseline,indonesia,USDC
475,1.0185011941985054,2929793030240.616,526,S0_baseline,indonesia,USDC
476,1.0213927113651518,2929793030240.616,526,S0_baseline,indonesia,USDC
477,1.01888133626622,2929793030240.616,526,S0_baseline,indonesia,USDC
478,1.0516683535374667,2929793030240.616,526,S0_baseline,indonesia,USDC
479,1.034876958023048,2929793030240.616,526,S0_baseline,indonesia,USDC
480,1.05475335698149,2929793030240.616,526,S0_baseline,indonesia,USDC
481,1.046869033796035,2929793030240.616,526,S0_baseline,indonesia,USDC
482,1.0481087582574944,2929793030240.616,526,S0_baseline,indonesia,USDC
483,1.0432361470016585,2929793030240.616,526,S0_baseline,indonesia,USDC
484,1.0299435347712957,2929793030240.616,526,S0_baseline,indonesia,USDC
485,1.06963012143779,2929793030240.616,526,S0_baseline,indonesia,USDC
486,1.0532945488093322,2929793030240.616,526,S0_baseline,indonesia,USDC
487,1.0162395600330894,2929793030240.616,526,S0_baseline,indonesia,USDC
488,0.969640688731306,2929793030240.616,526,S0_baseline,indonesia,USDC
489,0.9878232828753115,2929793005332.254,526,S0_baseline,indonesia,USDC
490,0.924458921458926,2929793005332.254,526,S0_baseline,indonesia,USDC
491,0.9563003103415857,2929784059663.0703,526,S0_baseline,indonesia,USDC
492,0.9569451551230089,2929781481490.6855,526,S0_baseline,indonesia,USDC
493,0.9868333635924939,2929779345035.465,526,S0_baseline,indonesia,USDC
494,0.993318970620714,2929779345035.465,526,S0_baseline,indonesia,USDC
495,1.0047763991042378,2929779345035.465,526,S0_baseline,indonesia,USDC
496,1.0285732145104245,2929779345035.465,526,S0_baseline,indonesia,USDC
497,1.0505996212384732,2929779345035.465,526,S0_baseline,indonesia,USDC
498,1.0473137443595126,2929779345035.465,526,S0_baseline,indonesia,USDC
499,1.0440086433805427,2929779345035.465,526,S0_baseline,indonesia,USDC
500,1.0358508719037998,2929779345035.465,526,S0_baseline,indonesia,USDC
501,1.0263061730956935,2929779345035.465,526,S0_baseline,indonesia,USDC
502,1.0360163602191987,2929779345035.465,526,S0_baseline,indonesia,USDC
503,1.0231894251750289,2929779345035.465,526,S0_baseline,indonesia,USDC
504,1.0331599322177738,2929779345035.465,526,S0_baseline,indonesia,USDC
505,1.0286283550309918,2929779345035.465,526,S0_baseline,indonesia,USDC
506,1.045559894543256,2929779345035.465,526,S0_baseline,indonesia,USDC
507,1.0560961654348988,2929779345035.465,526,S0_baseline,indonesia,USDC
508,1.0501040724744686,2929779345035.465,526,S0_baseline,indonesia,USDC
509,1.044400708790908,2929779345035.465,526,S0_baseline,indonesia,USDC
510,1.0235039304873959,2929779345035.465,526,S0_baseline,indonesia,USDC
511,1.0323445398685729,2929779345035.465,526,S0_baseline,indonesia,USDC
512,1.04520681849213,2929779345035.465,526,S0_baseline,indonesia,USDC
513,1.0633310415633395,2929779345035.465,526,S0_baseline,indonesia,USDC
514,1.0861536113605663,2929779345035.465,526,S0_baseline,indonesia,USDC
515,1.076144113947648,2929779345035.465,526,S0_baseline,indonesia,USDC
516,1.0499332109018074,2929779345035.465,526,S0_baseline,indonesia,USDC
517,1.0239924599440982,2929779345035.465,526,S0_baseline,indonesia,USDC
518,0.9912350151496261,2929779345035.465,526,S0_baseline,indonesia,USDC
519,0.9793756860087501,2929779345035.465,526,S0_baseline,indonesia,USDC
520,1.0029838476269948,2929779345035.465,526,S0_baseline,indonesia,USDC
521,0.9850900696988147,2929779345035.465,526,S0_baseline,indonesia,USDC
522,0.9787292479666552,2929779345035.465,526,S0_baseline,indonesia,USDC
523,1.0056327404795868,2929779345035.465,526,S0_baseline,indonesia,USDC
524,1.0185790628614078,2929779345035.465,526,S0_baseline,indonesia,USDC
525,0.9999721636593425,2929779345035.465,526,S0_baseline,indonesia,USDC
526,1.0108394358692987,2929779345035.465,526,S0_baseline,indonesia,USDC
527,1.0452225222715366,2929779345035.465,526,S0_baseline,indonesia,USDC
528,1.0634482530302398,2929779345035.465,526,S0_baseline,indonesia,USDC
529,1.0612593243357498,2929779345035.465,526,S0_baseline,indonesia,USDC
530,1.0775229308936294,2929779345035.465,526,S0_baseline,indonesia,USDC
531,1.053989891223129,2929779345035.465,526,S0_baseline,indonesia,USDC
532,1.061630702870171,2929779345035.465,526,S0_baseline,indonesia,USDC
533,1.037666691700186,2929779345035.465,526,S0_baseline,indonesia,USDC
534,1.0570381779455609,2929779345035.465,526,S0_baseline,indonesia,USDC
535,1.0581747009180844,2929779345035.465,526,S0_baseline,indonesia,USDC
536,1.0746994239100933,2929779345035.465,526,S0_baseline,indonesia,USDC
537,1.0934868451596507,2929779345035.465,526,S0_baseline,indonesia,USDC
538,1.1144342718593743,2929779345035.465,526,S0_baseline,indonesia,USDC
539,1.1110527764889384,2929779345035.465,526,S0_baseline,indonesia,USDC
540,1.1329174664162875,2929779345035.465,526,S0_baseline,indonesia,USDC
541,1.0840362838117832,2929779345035.465,526,S0_baseline,indonesia,USDC
542,1.0725471591872828,2929779345035.465,526,S0_baseline,indonesia,USDC
543,1.038356293849075,2929779345035.465,526,S0_baseline,indonesia,USDC
544,1.0431601432874509,2929779345035.465,526,S0_baseline,indonesia,USDC
545,1.0572734619160213,2929779345035.465,526,S0_baseline,indonesia,USDC
546,1.0589532392504695,2929779345035.465,526,S0_baseline,indonesia,USDC
547,1.045451438110907,2929779345035.465,526,S0_baseline,indonesia,USDC
548,1.052470761874961,2929779345035.465,526,S0_baseline,indonesia,USDC
549,1.0536577699155139,2929779345035.465,526,S0_baseline,indonesia,USDC
550,1.0225365963610242,2929779345035.465,526,S0_baseline,indonesia,USDC
551,1.0486302298037218,2929779345035.465,526,S0_baseline,indonesia,USDC
552,1.07315218927488,2929779345035.465,526,S0_baseline,indonesia,USDC
553,1.0636832602422701,2929779345035.465,526,S0_baseline,indonesia,USDC
554,1.0706715036948957,2929779345035.465,526,S0_baseline,indonesia,USDC
555,1.0692775752726025,2929779345035.465,526,S0_baseline,indonesia,USDC
556,1.0909482403223185,2929779345035.465,526,S0_baseline,indonesia,USDC
557,1.1039174383803647,2929779345035.465,526,S0_baseline,indonesia,USDC
558,1.1363527423385509,2929779345035.465,526,S0_baseline,indonesia,USDC
559,1.1271353366921812,2929779345035.465,526,S0_baseline,indonesia,USDC
560,1.1547927342042135,2929779345035.465,526,S0_baseline,indonesia,USDC
561,1.115033284881445,2929779345035.465,526,S0_baseline,indonesia,USDC
562,1.1363473481089816,2929779345035.465,526,S0_baseline,indonesia,USDC
563,1.147270431880911,2929779345035.465,526,S0_baseline,indonesia,USDC
564,0.9454805604396389,2929779345035.465,526,S0_baseline,indonesia,USDC
565,0.9742355721825345,2929774768255.192,526,S0_baseline,indonesia,USDC
566,0.9758827581204522,2929774768255.192,526,S0_baseline,indonesia,USDC
567,0.9712856825775593,2929774768255.192,526,S0_baseline,indonesia,USDC
568,0.9753340859135807,2929774768255.192,526,S0_baseline,indonesia,USDC
569,0.9632957236205931,2929774768255.192,526,S0_baseline,indonesia,USDC
570,0.9760877224318357,2929773615492.821,526,S0_baseline,indonesia,USDC
571,0.9440616161984448,2929773615492.821,526,S0_baseline,indonesia,USDC
572,0.9546524495130793,2929768742760.2427,526,S0_baseline,indonesia,USDC
573,0.940873229076425,2929765936697.7285,526,S0_baseline,indonesia,USDC
574,0.9457849108662404,2929760695576.9414,526,S0_baseline,indonesia,USDC
575,0.9563339154708729,2929756625671.6284,526,S0_baseline,indonesia,USDC
576,0.9644228082825742,2929754421055.0854,526,S0_baseline,indonesia,USDC
577,0.9737604759819223,2929753583985.299,526,S0_baseline,indonesia,USDC
578,0.9825314142615411,2929753583985.299,526,S0_baseline,indonesia,USDC
579,0.9592856937911113,2929753583985.299,526,S0_baseline,indonesia,USDC
580,0.9446839210045662,2929752019912.4795,526,S0_baseline,indonesia,USDC
581,0.9267820574095903,2929747827708.9717,526,S0_baseline,indonesia,USDC
582,0.9365893131298256,2929741448239.691,526,S0_baseline,indonesia,USDC
583,0.9409817089111981,2929736607688.466,526,S0_baseline,indonesia,USDC
584,0.9351139538999406,2929732705255.9136,526,S0_baseline,indonesia,USDC
585,0.9805072103994998,2929727939345.6626,526,S0_baseline,indonesia,USDC
586,0.9684709935113016,2929727939345.6626,526,S0_baseline,indonesia,USDC
587,0.9650706906398856,2929727939345.6626,526,S0_baseline,indonesia,USDC
588,0.9303630718598438,2929727328265.2217,526,S0_baseline,indonesia,USDC
589,0.9335830749624999,2929722261521.1333,526,S0_baseline,indonesia,USDC
590,0.9256462424788849,2929717499406.4053,526,S0_baseline,indonesia,USDC
591,0.9518000197478755,2929711733136.1943,526,S0_baseline,indonesia,USDC
592,0.9802449050363637,2929709475214.913,526,S0_baseline,indonesia,USDC
593,0.9538672700495853,2929709475214.913,526,S0_baseline,indonesia,USDC
594,0.9778797962489714,2929707511313.3335,526,S0_baseline,indonesia,USDC
595,0.9604692562798375,2929707511313.3335,526,S0_baseline,indonesia,USDC
596,0.9701057427764332,2929706607004.1885,526,S0_baseline,indonesia,USDC
597,0.9745492427092463,2929706607004.1885,526,S0_baseline,indonesia,USDC
598,0.9700355360961191,2929706607004.1885,526,S0_baseline,indonesia,USDC
599,0.9693961357330378,2929706607004.1885,526,S0_baseline,indonesia,USDC
600,0.9825900349485417,2929706535278.9595,526,S0_baseline,indonesia,USDC
601,0.9829259418265864,2929706535278.9595,526,S0_baseline,indonesia,USDC
602,0.9585153849699998,2929706535278.9595,526,S0_baseline,indonesia,USDC
603,0.9792661395345723,2929705255252.963,526,S0_baseline,indonesia,USDC
604,1.008909199773307,2929705255252.963,526,S0_baseline,indonesia,USDC
605,1.0180940650281483,2929705255252.963,526,S0_baseline,indonesia,USDC
606,1.0097543658573265,2929705255252.963,526,S0_baseline,indonesia,USDC
607,1.0062970920542964,2929705255252.963,526,S0_baseline,indonesia,USDC
608,0.9780478114492133,2929705255252.963,526,S0_baseline,indonesia,USDC
609,0.8474227447834508,2929705255252.963,526,S0_baseline,indonesia,USDC
610,0.8591378707172855,2929691459049.3574,526,S0_baseline,indonesia,USDC
611,0.842312563084208,2929680506732.4326,526,S0_baseline,indonesia,USDC
612,0.8225855561425203,2929668776141.914,526,S0_baseline,indonesia,USDC
613,0.8342655031868986,2929657489477.7144,526,S0_baseline,indonesia,USDC
614,0.8631661420618697,2929648617198.042,526,S0_baseline,indonesia,USDC
615,0.8671237663437337,2929642314666.425,526,S0_baseline,indonesia,USDC
616,0.8895445903355405,2929637262819.2983,526,S0_baseline,indonesia,USDC
617,0.8962875364190173,2929633544574.3306,526,S0_baseline,indonesia,USDC
618,0.9150221342177532,2929630341400.798,526,S0_baseline,indonesia,USDC
619,0.9182392996908197,2929628247852.542,526,S0_baseline,indonesia,USDC
620,0.9341192971169413,2929626281233.6807,526,S0_baseline,indonesia,USDC
621,0.9293445714153902,2929625029744.2964,526,S0_baseline,indonesia,USDC
622,0.7910261759624755,2929623619943.9927,526,S0_baseline,indonesia,USDC
623,0.8197281329352816,2929618020965.9243,526,S0_baseline,indonesia,USDC
624,0.8378867783368489,2929614059322.948,526,S0_baseline,indonesia,USDC
625,0.8709948754659177,2929610972221.321,526,S0_baseline,indonesia,USDC
626,0.8803907011342875,2929609060893.495,526,S0_baseline,indonesia,USDC
627,0.8837422678646683,2929607537672.01,526,S0_baseline,indonesia,USDC
628,0.9093588934207852,2929606134678.996,526,S0_baseline,indonesia,USDC
629,0.8885909967961191,2929605213094.594,526,S0_baseline,indonesia,USDC
630,0.9164340180153678,2929604132602.434,526,S0_baseline,indonesia,USDC
631,0.9326710541814666,2929603429101.207,526,S0_baseline,indonesia,USDC
632,0.9456319828946647,2929603007691.1577,526,S0_baseline,indonesia,USDC
633,0.9537894374495689,2929602748466.104,526,S0_baseline,indonesia,USDC
634,0.9447347974334657,2929602567599.6387,526,S0_baseline,indonesia,USDC
635,0.945773562245573,2929602287038.3315,526,S0_baseline,indonesia,USDC
636,0.9276701136178316,2929602045408.202,526,S0_baseline,indonesia,USDC
637,0.9582009485134722,2929601607156.3213,526,S0_baseline,indonesia,USDC
638,0.9546261289744108,2929601497464.0776,526,S0_baseline,indonesia,USDC
639,0.9826511068688322,2929601352954.4727,526,S0_baseline,indonesia,USDC
640,0.9588903051027516,2929601352954.4727,526,S0_baseline,indonesia,USDC
641,0.9613918654781216,2929601238882.9946,526,S0_baseline,indonesia,USDC
642,0.984859895288633,2929601151509.2046,526,S0_baseline,indonesia,USDC
643,1.0043533354595606,2929601151509.2046,526,S0_baseline,indonesia,USDC
644,1.0093555356827983,2929601151509.2046,526,S0_baseline,indonesia,USDC
645,0.9907021758929712,2929601151509.2046,526,S0_baseline,indonesia,USDC
646,0.9950887770778144,2929601151509.2046,526,S0_baseline,indonesia,USDC
647,0.97640999359321,2929601151509.2046,526,S0_baseline,indonesia,USDC
648,0.9611752231252797,2929601151509.2046,526,S0_baseline,indonesia,USDC
649,0.9493335737018516,2929601062731.3657,526,S0_baseline,indonesia,USDC
650,0.9569336804193844,2929600873639.281,526,S0_baseline,indonesia,USDC
651,0.9826700549188996,2929600752865.102,526,S0_baseline,indonesia,USDC
652,1.0203918521245965,2929600752865.102,526,S0_baseline,indonesia,USDC
653,1.0090278512175512,2929600752865.102,526,S0_baseline,indonesia,USDC
654,0.9738447542100157,2929600752865.102,526,S0_baseline,indonesia,USDC
655,0.9818916990959344,2929600752865.102,526,S0_baseline,indonesia,USDC
656,0.9876976537616389,2929600752865.102,526,S0_baseline,indonesia,USDC
657,0.9839445888005016,2929600752865.102,526,S0_baseline,indonesia,USDC
658,0.9829311713958149,2929600752865.102,526,S0_baseline,indonesia,USDC
659,0.83282732175994,2929600752865.102,526,S0_baseline,indonesia,USDC
660,0.8254957279938213,2929599429273.1895,526,S0_baseline,indonesia,USDC
661,0.8286779598738165,2929598256137.4287,526,S0_baseline,indonesia,USDC
662,0.8455653472907789,2929597276182.52,526,S0_baseline,indonesia,USDC
663,0.8705283368855102,2929596521500.782,526,S0_baseline,indonesia,USDC
664,0.8866789551196902,2929595995607.8647,526,S0_baseline,indonesia,USDC
665,0.8859921135090247,2929595609295.527,526,S0_baseline,indonesia,USDC
666,0.8912835307344301,2929595244159.967,526,S0_baseline,indonesia,USDC
667,0.897573714840236,2929594938835.823,526,S0_baseline,indonesia,USDC
668,0.9067052842059926,2929594686523.8623,526,S0_baseline,indonesia,USDC
669,0.9137838426032246,2929594471629.895,526,S0_baseline,indonesia,USDC
670,0.9181931407337508,2929594297806.3027,526,S0_baseline,indonesia,USDC
671,0.9356921720392852,2929594150830.493,526,S0_baseline,indonesia,USDC
672,0.9526016187623951,2929594062438.6875,526,S0_baseline,indonesia,USDC
673,0.9397341462577746,2929594014562.7603,526,S0_baseline,indonesia,USDC
674,0.9050117470826781,2929593940915.7275,526,S0_baseline,indonesia,USDC
675,0.8830506324993995,2929593770226.3784,526,S0_baseline,indonesia,USDC
676,0.8886817609617786,2929593557157.279,526,S0_baseline,indonesia,USDC
677,0.9111944177075634,2929593388166.156,526,S0_baseline,indonesia,USDC
678,0.8887128825013241,2929593276357.4004,526,S0_baseline,indonesia,USDC
679,0.8801905844041865,2929593129352.7915,526,S0_baseline,indonesia,USDC
680,0.8261120603290891,2929592972220.548,526,S0_baseline,indonesia,USDC
681,0.8511443801588757,2929592747489.1465,526,S0_baseline,indonesia,USDC
682,0.845660218442589,2929592588475.7437,526,S0_baseline,indonesia,USDC
683,0.8560518381028467,2929592441654.1914,526,S0_baseline,indonesia,USDC
684,0.8779393479346859,2929592318495.1206,526,S0_baseline,indonesia,USDC
685,0.9125091460290908,2929592232618.325,526,S0_baseline,indonesia,USDC
686,0.9586101489650356,2929592182869.574,526,S0_baseline,indonesia,USDC
687,0.9611701326418577,2929592174719.3125,526,S0_baseline,indonesia,USDC
688,0.9792007850350083,2929592168114.7627,526,S0_baseline,indonesia,USDC
689,0.9672702763958522,2929592168114.7627,526,S0_baseline,indonesia,USDC
690,0.9920405133628082,2929592167241.4473,526,S0_baseline,indonesia,USDC
691,1.0137569012890424,2929592167241.4473,526,S0_baseline,indonesia,USDC
692,1.0107072780265014,2929592167241.4473,526,S0_baseline,indonesia,USDC
693,1.0359178405408824,2929592167241.4473,526,S0_baseline,indonesia,USDC
694,1.0239312304613633,2929592167241.4473,526,S0_baseline,indonesia,USDC
695,1.013672497089188,2929592167241.4473,526,S0_baseline,indonesia,USDC
696,1.006079697943949,2929592167241.4473,526,S0_baseline,indonesia,USDC
697,1.0161178511583426,2929592167241.4473,526,S0_baseline,indonesia,USDC
698,0.9924488592992913,2929592167241.4473,526,S0_baseline,indonesia,USDC
699,0.9900817722206624,2929592167241.4473,526,S0_baseline,indonesia,USDC
700,1.0032835793570873,2929592167241.4473,526,S0_baseline,indonesia,USDC
701,1.0050200054002147,2929592167241.4473,526,S0_baseline,indonesia,USDC
702,0.9701635719342891,2929592167241.4473,526,S0_baseline,indonesia,USDC
703,0.8299714078283564,2929592167241.4473,526,S0_baseline,indonesia,USDC
704,0.8842379623208579,2929592057719.066,526,S0_baseline,indonesia,USDC
705,0.9249990202733496,2929591998969.9434,526,S0_baseline,indonesia,USDC
706,0.927242078101079,2929591970868.691,526,S0_baseline,indonesia,USDC
707,0.9073179976077297,2929591946853.0435,526,S0_baseline,indonesia,USDC
708,0.9194466739354635,2929591911078.549,526,S0_baseline,indonesia,USDC
709,0.9581285349555794,2929591884090.706,526,S0_baseline,indonesia,USDC
710,0.9470026733866892,2929591878794.669,526,S0_baseline,indonesia,USDC
711,0.9613166754033892,2929591867282.974,526,S0_baseline,indonesia,USDC
712,0.9702759336334705,2929591863984.668,526,S0_baseline,indonesia,USDC
713,0.9589712529481208,2929591863984.668,526,S0_baseline,indonesia,USDC
714,0.9670257957640399,2929591859297.6763,526,S0_baseline,indonesia,USDC
715,0.9820236275276629,2929591858138.2324,526,S0_baseline,indonesia,USDC
716,0.9787531027380189,2929591858138.2324,526,S0_baseline,indonesia,USDC
717,1.014029296518391,2929591858138.2324,526,S0_baseline,indonesia,USDC
718,1.0089483679152995,2929591858138.2324,526,S0_baseline,indonesia,USDC
719,0.9860331092831154,2929591858138.2324,526,S0_baseline,indonesia,USDC
720,0.9833755384429079,2929591858138.2324,526,S0_baseline,indonesia,USDC
721,0.9964036845500034,2929591858138.2324,526,S0_baseline,indonesia,USDC
722,0.9573968751826266,2929591858138.2324,526,S0_baseline,indonesia,USDC
723,0.9369858868333953,2929591853118.8384,526,S0_baseline,indonesia,USDC
724,0.9105813367705163,2929591838451.8164,526,S0_baseline,indonesia,USDC
725,0.9142398027940831,2929591812534.5884,526,S0_baseline,indonesia,USDC
726,0.945003981529035,2929591788431.8364,526,S0_baseline,indonesia,USDC
727,0.973248602323358,2929591779368.525,526,S0_baseline,indonesia,USDC
728,0.9644743302314039,2929591779368.525,526,S0_baseline,indonesia,USDC
729,0.973755565310339,2929591777168.947,526,S0_baseline,indonesia,USDC
730,0.9923773606391013,2929591777168.947,526,S0_baseline,indonesia,USDC
731,0.990370000838473,2929591777168.947,526,S0_baseline,indonesia,USDC
732,0.8479837188936509,2929591777168.947,526,S0_baseline,indonesia,USDC
733,0.8630117250028352,2929591729894.4707,526,S0_baseline,indonesia,USDC
734,0.8973032582114461,2929591695140.1475,526,S0_baseline,indonesia,USDC
735,0.9235401782445771,2929591674112.715,526,S0_baseline,indonesia,USDC
736,0.9217293802019151,2929591661023.298,526,S0_baseline,indonesia,USDC
737,0.9324778720835727,2929591648065.423,526,S0_baseline,indonesia,USDC
738,0.9480845432636027,2929591638499.712,526,S0_baseline,indonesia,USDC
739,0.9572750400396155,2929591633182.3535,526,S0_baseline,indonesia,USDC
740,0.9502274446464036,2929591630034.7314,526,S0_baseline,indonesia,USDC
741,0.9325324245048624,2929591625207.9917,526,S0_baseline,indonesia,USDC
742,0.9483736816519484,2929591617054.8047,526,S0_baseline,indonesia,USDC
743,0.9572663142945859,2929591612464.5356,526,S0_baseline,indonesia,USDC
744,0.9822737639023716,2929591610069.618,526,S0_baseline,indonesia,USDC
745,0.9234425093200771,2929591610069.618,526,S0_baseline,indonesia,USDC
746,0.9253934576432662,2929591599662.598,526,S0_baseline,indonesia,USDC
747,0.9151090296921519,2929591590441.603,526,S0_baseline,indonesia,USDC
748,0.9343255335767678,2929591579282.5186,526,S0_baseline,indonesia,USDC
749,0.9453397160963865,2929591572647.8345,526,S0_baseline,indonesia,USDC
750,0.9844747356404194,2929591568086.881,526,S0_baseline,indonesia,USDC
751,0.9889376386648512,2929591568086.881,526,S0_baseline,indonesia,USDC
752,0.9824651255410312,2929591568086.881,526,S0_baseline,indonesia,USDC
753,1.0009984535063743,2929591568086.881,526,S0_baseline,indonesia,USDC
754,0.9840185397147208,2929591568086.881,526,S0_baseline,indonesia,USDC
755,0.9622140407248524,2929591568086.881,526,S0_baseline,indonesia,USDC
756,0.8090394222818846,2929591567024.0117,526,S0_baseline,indonesia,USDC
757,0.8025136775634254,2929591539312.3174,526,S0_baseline,indonesia,USDC
758,0.8195825839797323,2929591515085.629,526,S0_baseline,indonesia,USDC
759,0.8356710871007841,2929591496564.2676,526,S0_baseline,indonesia,USDC
760,0.8298055656272244,2929591482841.687,526,S0_baseline,indonesia,USDC
761,0.8208839625910185,2929591470410.282,526,S0_baseline,indonesia,USDC
762,0.855865753246797,2929591458783.856,526,S0_baseline,indonesia,USDC
763,0.8799876654460681,2929591451394.903,526,S0_baseline,indonesia,USDC
764,0.8878296934904258,2929591446117.4497,526,S0_baseline,indonesia,USDC
765,0.8859348776894802,2929591441740.8916,526,S0_baseline,indonesia,USDC
766,0.8867992944655851,2929591437632.2603,526,S0_baseline,indonesia,USDC
767,0.9109238986111234,2929591433824.9917,526,S0_baseline,indonesia,USDC
768,0.9314288199037887,2929591431539.8667,526,S0_baseline,indonesia,USDC
769,0.9130013920571076,2929591430152.463,526,S0_baseline,indonesia,USDC
770,0.9375651253568458,2929591428149.2383,526,S0_baseline,indonesia,USDC
771,0.9421007564095242,2929591427057.145,526,S0_baseline,indonesia,USDC
772,0.9393402969936366,2929591426118.068,526,S0_baseline,indonesia,USDC
773,0.9685861859096496,2929591425181.805,526,S0_baseline,indonesia,USDC
774,0.9620962762935434,2929591425150.709,526,S0_baseline,indonesia,USDC
775,0.9586630396070499,2929591424890.736,526,S0_baseline,indonesia,USDC
776,0.9594238091032419,2929591424565.8936,526,S0_baseline,indonesia,USDC
777,0.9611175249730153,2929591424224.393,526,S0_baseline,indonesia,USDC
778,0.9606614200515506,2929591423982.153,526,S0_baseline,indonesia,USDC
779,0.9406614325036733,2929591423686.234,526,S0_baseline,indonesia,USDC
780,0.9517173265505249,2929591422827.3516,526,S0_baseline,indonesia,USDC
781,0.9464852511296887,2929591422318.7305,526,S0_baseline,indonesia,USDC
782,0.9677051638985593,2929591421613.9253,526,S0_baseline,indonesia,USDC
783,0.9873845175441397,2929591421594.035,526,S0_baseline,indonesia,USDC
784,1.003125453046807,2929591421594.035,526,S0_baseline,indonesia,USDC
785,1.0026373314946675,2929591421594.035,526,S0_baseline,indonesia,USDC
786,0.9836776377596059,2929591421594.035,526,S0_baseline,indonesia,USDC
787,0.9854957581787263,2929591421594.035,526,S0_baseline,indonesia,USDC
788,0.9703593977052102,2929591421594.035,526,S0_baseline,indonesia,USDC
789,0.9591811064338671,2929591421594.035,526,S0_baseline,indonesia,USDC
790,0.9423316755931038,2929591421297.6904,526,S0_baseline,indonesia,USDC
791,0.9796557803732708,2929591420497.5146,526,S0_baseline,indonesia,USDC
792,0.9902176462007842,2929591420497.5146,526,S0_baseline,indonesia,USDC
793,0.9911220648769787,2929591420497.5146,526,S0_baseline,indonesia,USDC
794,0.9723706133540654,2929591420497.5146,526,S0_baseline,indonesia,USDC
795,0.9657500497879029,2929591420497.5146,526,S0_baseline,indonesia,USDC
796,0.9908373624175615,2929591420378.111,526,S0_baseline,indonesia,USDC
797,1.0272322119157733,2929591420378.111,526,S0_baseline,indonesia,USDC
798,1.0180688345403637,2929591420378.111,526,S0_baseline,indonesia,USDC
799,1.0256044197539638,2929591420378.111,526,S0_baseline,indonesia,USDC
800,1.0313370657574994,2929591420378.111,526,S0_baseline,indonesia,USDC
801,1.0110433047631593,2929591420378.111,526,S0_baseline,indonesia,USDC
802,1.0237338032928536,2929591420378.111,526,S0_baseline,indonesia,USDC
803,1.016454813565284,2929591420378.111,526,S0_baseline,indonesia,USDC
804,1.028174508679275,2929591420378.111,526,S0_baseline,indonesia,USDC
805,1.0569709307731079,2929591420378.111,526,S0_baseline,indonesia,USDC
806,1.0452588462353476,2929591420378.111,526,S0_baseline,indonesia,USDC
807,1.030746916349007,2929591420378.111,526,S0_baseline,indonesia,USDC
808,1.0514092374968007,2929591420378.111,526,S0_baseline,indonesia,USDC
809,1.0243503304062398,2929591420378.111,526,S0_baseline,indonesia,USDC
810,1.0387133887966262,2929591420378.111,526,S0_baseline,indonesia,USDC
811,1.0237558142693552,2929591420378.111,526,S0_baseline,indonesia,USDC
812,1.014629891861635,2929591420378.111,526,S0_baseline,indonesia,USDC
813,1.0451175098124605,2929591420378.111,526,S0_baseline,indonesia,USDC
814,1.0138506444330924,2929591420378.111,526,S0_baseline,indonesia,USDC
815,1.019610952549511,2929591420378.111,526,S0_baseline,indonesia,USDC
816,1.006343252766173,2929591420378.111,526,S0_baseline,indonesia,USDC
817,1.0061338739027132,2929591420378.111,526,S0_baseline,indonesia,USDC
818,0.9885270351955949,2929591420378.111,526,S0_baseline,indonesia,USDC
819,1.0027450496786376,2929591420378.111,526,S0_baseline,indonesia,USDC
820,1.0026257358928654,2929591420378.111,526,S0_baseline,indonesia,USDC
821,1.011623566358178,2929591420378.111,526,S0_baseline,indonesia,USDC
822,1.0202586700801757,2929591420378.111,526,S0_baseline,indonesia,USDC
823,1.031451626507106,2929591420378.111,526,S0_baseline,indonesia,USDC
824,1.0407920140490254,2929591420378.111,526,S0_baseline,indonesia,USDC
825,1.0048341047606804,2929591420378.111,526,S0_baseline,indonesia,USDC
826,1.0417220904494051,2929591420378.111,526,S0_baseline,indonesia,USDC
827,1.00871011094123,2929591420378.111,526,S0_baseline,indonesia,USDC
828,0.9705483471450506,2929591420378.111,526,S0_baseline,indonesia,USDC
829,0.9788864674757208,2929591420378.111,526,S0_baseline,indonesia,USDC
830,1.0155349923532617,2929591420378.111,526,S0_baseline,indonesia,USDC
831,0.9926239479772633,2929591420378.111,526,S0_baseline,indonesia,USDC
832,1.0254443999232132,2929591420378.111,526,S0_baseline,indonesia,USDC
833,1.016046579034015,2929591420378.111,526,S0_baseline,indonesia,USDC
834,1.0070930325747787,2929591420378.111,526,S0_baseline,indonesia,USDC
835,0.9565889882460579,2929591420378.111,526,S0_baseline,indonesia,USDC
836,0.9466738074498994,2929591420023.161,526,S0_baseline,indonesia,USDC
837,0.9499424687846093,2929591419452.8174,526,S0_baseline,indonesia,USDC
838,0.9666715608611043,2929591418978.5195,526,S0_baseline,indonesia,USDC
839,0.9867674462258827,2929591418934.427,526,S0_baseline,indonesia,USDC
840,0.9801037597564185,2929591418934.427,526,S0_baseline,indonesia,USDC
841,0.965661666340305,2929591418934.427,526,S0_baseline,indonesia,USDC
842,0.9766616871868984,2929591418849.8105,526,S0_baseline,indonesia,USDC
843,0.8248961776524546,2929591418849.8105,526,S0_baseline,indonesia,USDC
844,0.8238089550852945,2929591415173.5405,526,S0_baseline,indonesia,USDC
845,0.863707921185649,2929591412067.7944,526,S0_baseline,indonesia,USDC
846,0.8679377502465023,2929591410005.204,526,S0_baseline,indonesia,USDC
847,0.917489103349721,2929591408241.717,526,S0_baseline,indonesia,USDC
848,0.9429139988866411,2929591407429.871,526,S0_baseline,indonesia,USDC
849,0.9194130961738718,2929591407033.7773,526,S0_baseline,indonesia,USDC
850,0.9294745374908118,2929591406314.6733,526,S0_baseline,indonesia,USDC
851,0.917198772136082,2929591405816.151,526,S0_baseline,indonesia,USDC
852,0.9121506525343711,2929591405149.6284,526,S0_baseline,indonesia,USDC
853,0.937211481498465,2929591404457.6504,526,S0_baseline,indonesia,USDC
854,0.9285550497534478,2929591404114.924,526,S0_baseline,indonesia,USDC
855,0.9801678194253162,2929591403663.831,526,S0_baseline,indonesia,USDC
856,0.9904226301621823,2929591403663.831,526,S0_baseline,indonesia,USDC
857,0.9964239173692089,2929591403663.831,526,S0_baseline,indonesia,USDC
858,0.9812194850110407,2929591403663.831,526,S0_baseline,indonesia,USDC
859,0.9955467021495275,2929591403663.831,526,S0_baseline,indonesia,USDC
860,0.9778536079294412,2929591403663.831,526,S0_baseline,indonesia,USDC
861,0.9840167330264226,2929591403663.831,526,S0_baseline,indonesia,USDC
862,0.9993818601629034,2929591403663.831,526,S0_baseline,indonesia,USDC
863,1.0234996306535422,2929591403663.831,526,S0_baseline,indonesia,USDC
864,1.049209722339526,2929591403663.831,526,S0_baseline,indonesia,USDC
865,1.0426826150584745,2929591403663.831,526,S0_baseline,indonesia,USDC
866,1.0459211163548263,2929591403663.831,526,S0_baseline,indonesia,USDC
867,1.0494094752398055,2929591403663.831,526,S0_baseline,indonesia,USDC
868,1.0456390600114358,2929591403663.831,526,S0_baseline,indonesia,USDC
869,1.0448205360754461,2929591403663.831,526,S0_baseline,indonesia,USDC
870,1.0235553660874397,2929591403663.831,526,S0_baseline,indonesia,USDC
871,1.0061308240307296,2929591403663.831,526,S0_baseline,indonesia,USDC
872,1.0041769262375153,2929591403663.831,526,S0_baseline,indonesia,USDC
873,1.0096874993783018,2929591403663.831,526,S0_baseline,indonesia,USDC
874,1.0199362661290654,2929591403663.831,526,S0_baseline,indonesia,USDC
875,1.0365662045884605,2929591403663.831,526,S0_baseline,indonesia,USDC
876,0.9884855438724931,2929591403663.831,526,S0_baseline,indonesia,USDC
877,0.9849759385155638,2929591403663.831,526,S0_baseline,indonesia,USDC
878,0.9644874378151014,2929591403663.831,526,S0_baseline,indonesia,USDC
879,0.9939230001385673,2929591403617.372,526,S0_baseline,indonesia,USDC
880,0.939350349034137,2929591403617.372,526,S0_baseline,indonesia,USDC
881,0.9300446356537742,2929591403300.4824,526,S0_baseline,indonesia,USDC
882,0.9534493410404984,2929591402898.275,526,S0_baseline,indonesia,USDC
883,0.9731635442471918,2929591402733.5654,526,S0_baseline,indonesia,USDC
884,0.9823960433270336,2929591402733.5654,526,S0_baseline,indonesia,USDC
885,0.9914804039692594,2929591402733.5654,526,S0_baseline,indonesia,USDC
886,0.9986767412372382,2929591402733.5654,526,S0_baseline,indonesia,USDC
887,1.0029407236192278,2929591402733.5654,526,S0_baseline,indonesia,USDC
888,1.0363149871568285,2929591402733.5654,526,S0_baseline,indonesia,USDC
889,1.0247139277277557,2929591402733.5654,526,S0_baseline,indonesia,USDC
890,1.0196223243665195,2929591402733.5654,526,S0_baseline,indonesia,USDC
891,1.0267692214324664,2929591402733.5654,526,S0_baseline,indonesia,USDC
892,1.0217343424422443,2929591402733.5654,526,S0_baseline,indonesia,USDC
893,1.001877387548123,2929591402733.5654,526,S0_baseline,indonesia,USDC
894,1.0330065262215906,2929591402733.5654,526,S0_baseline,indonesia,USDC
895,1.0667706483548733,2929591402733.5654,526,S0_baseline,indonesia,USDC
896,1.060102777788698,2929591402733.5654,526,S0_baseline,indonesia,USDC
897,1.0484481902554434,2929591402733.5654,526,S0_baseline,indonesia,USDC
898,1.0432101836074925,2929591402733.5654,526,S0_baseline,indonesia,USDC
899,1.0080105798284051,2929591402733.5654,526,S0_baseline,indonesia,USDC
900,0.9974284137960535,2929591402733.5654,526,S0_baseline,indonesia,USDC
901,0.9841094141323411,2929591402733.5654,526,S0_baseline,indonesia,USDC
902,0.9973033388645662,2929591402733.5654,526,S0_baseline,indonesia,USDC
903,0.9970010202661294,2929591402733.5654,526,S0_baseline,indonesia,USDC
904,1.0058569458002582,2929591402733.5654,526,S0_baseline,indonesia,USDC
905,1.004148964239172,2929591402733.5654,526,S0_baseline,indonesia,USDC
906,0.987350857763553,2929591402733.5654,526,S0_baseline,indonesia,USDC
907,0.9682433153843758,2929591402733.5654,526,S0_baseline,indonesia,USDC
908,1.005565747906244,2929591402731.914,526,S0_baseline,indonesia,USDC
909,0.9941790503117899,2929591402731.914,526,S0_baseline,indonesia,USDC
910,0.9937680326429984,2929591402731.914,526,S0_baseline,indonesia,USDC
911,0.9990468127020582,2929591402731.914,526,S0_baseline,indonesia,USDC
912,1.005875539572175,2929591402731.914,526,S0_baseline,indonesia,USDC
913,0.9948050289896785,2929591402731.914,526,S0_baseline,indonesia,USDC
914,0.9688197289697306,2929591402731.914,526,S0_baseline,indonesia,USDC
915,0.9491452541867594,2929591402731.914,526,S0_baseline,indonesia,USDC
916,0.9320127806913321,2929591402544.5205,526,S0_baseline,indonesia,USDC
917,0.9375309557472562,2929591402180.333,526,S0_baseline,indonesia,USDC
918,0.917424608628702,2929591401910.0107,526,S0_baseline,indonesia,USDC
919,0.9219661542148655,2929591401477.238,526,S0_baseline,indonesia,USDC
920,0.9561181233554793,2929591401091.669,526,S0_baseline,indonesia,USDC
921,1.0043427253496335,2929591400991.2266,526,S0_baseline,indonesia,USDC
922,0.9935249388585544,2929591400991.2266,526,S0_baseline,indonesia,USDC
923,1.0106509654950138,2929591400991.2266,526,S0_baseline,indonesia,USDC
924,1.0046707232758092,2929591400991.2266,526,S0_baseline,indonesia,USDC
925,0.9980693311605408,2929591400991.2266,526,S0_baseline,indonesia,USDC
926,0.984368333695532,2929591400991.2266,526,S0_baseline,indonesia,USDC
927,1.0109847293785466,2929591400991.2266,526,S0_baseline,indonesia,USDC
928,0.9873138044627915,2929591400991.2266,526,S0_baseline,indonesia,USDC
929,0.9476109247585928,2929591400991.2266,526,S0_baseline,indonesia,USDC
930,0.9349828356984842,2929591400812.432,526,S0_baseline,indonesia,USDC
931,0.9313987449767347,2929591400564.6084,526,S0_baseline,indonesia,USDC
932,0.9402256350136757,2929591400290.511,526,S0_baseline,indonesia,USDC
933,0.9309662031937487,2929591400074.248,526,S0_baseline,indonesia,USDC
934,0.948380136905986,2929591399823.7344,526,S0_baseline,indonesia,USDC
935,0.9292796343612599,2929591399682.971,526,S0_baseline,indonesia,USDC
936,0.9242092561472925,2929591399436.176,526,S0_baseline,indonesia,USDC
937,0.9454479846694349,2929591399151.9507,526,S0_baseline,indonesia,USDC
938,0.9671768629850798,2929591399013.5117,526,S0_baseline,indonesia,USDC
939,0.9520289288891765,2929591399003.245,526,S0_baseline,indonesia,USDC
940,0.9366932792131473,2929591398901.3447,526,S0_baseline,indonesia,USDC
941,0.9352728425607573,2929591398713.2637,526,S0_baseline,indonesia,USDC
942,0.9340662402683186,2929591398535.7383,526,S0_baseline,indonesia,USDC
943,0.9648720623752938,2929591398339.7427,526,S0_baseline,indonesia,USDC
944,0.9707936957799184,2929591398322.034,526,S0_baseline,indonesia,USDC
945,0.9724520548359898,2929591398322.034,526,S0_baseline,indonesia,USDC
946,0.9892975690895102,2929591398322.034,526,S0_baseline,indonesia,USDC
947,0.9999498000772974,2929591398322.034,526,S0_baseline,indonesia,USDC
948,0.9920297125304955,2929591398322.034,526,S0_baseline,indonesia,USDC
949,1.0064465493124368,2929591398322.034,526,S0_baseline,indonesia,USDC
950,0.9961996539409176,2929591398322.034,526,S0_baseline,indonesia,USDC
951,0.9714962286798065,2929591398322.034,526,S0_baseline,indonesia,USDC
952,1.0276401660627246,2929591398322.034,526,S0_baseline,indonesia,USDC
953,0.9970413202882098,2929591398322.034,526,S0_baseline,indonesia,USDC
954,1.0050840293834886,2929591398322.034,526,S0_baseline,indonesia,USDC
955,1.007586854344854,2929591398322.034,526,S0_baseline,indonesia,USDC
956,0.9692701730614963,2929591398322.034,526,S0_baseline,indonesia,USDC
957,0.9710703096550389,2929591398322.034,526,S0_baseline,indonesia,USDC
958,0.962646672038565,2929591398322.034,526,S0_baseline,indonesia,USDC
959,0.9438097010421489,2929591398283.547,526,S0_baseline,indonesia,USDC
960,0.9528036055414099,2929591398157.234,526,S0_baseline,indonesia,USDC
961,0.9607367120887531,2929591398070.149,526,S0_baseline,indonesia,USDC
962,1.0039739725634798,2929591398033.8354,526,S0_baseline,indonesia,USDC
963,0.9975199607248818,2929591398033.8354,526,S0_baseline,indonesia,USDC
964,1.024800125983883,2929591398033.8354,526,S0_baseline,indonesia,USDC
965,1.0174464179224174,2929591398033.8354,526,S0_baseline,indonesia,USDC
966,1.0116523574678156,2929591398033.8354,526,S0_baseline,indonesia,USDC
967,1.0052043050524948,2929591398033.8354,526,S0_baseline,indonesia,USDC
968,1.008152489613131,2929591398033.8354,526,S0_baseline,indonesia,USDC
969,1.020095269196121,2929591398033.8354,526,S0_baseline,indonesia,USDC
970,1.003415945369579,2929591398033.8354,526,S0_baseline,indonesia,USDC
971,0.982961691368459,2929591398033.8354,526,S0_baseline,indonesia,USDC
972,0.9759458415167841,2929591398033.8354,526,S0_baseline,indonesia,USDC
973,0.8262853454051382,2929591398033.8354,526,S0_baseline,indonesia,USDC
974,0.8393655789832939,2929591397352.785,526,S0_baseline,indonesia,USDC
975,0.8536610431758601,2929591396833.585,526,S0_baseline,indonesia,USDC
976,0.8625949651411655,2929591396430.252,526,S0_baseline,indonesia,USDC
977,0.8660047634253906,2929591396092.589,526,S0_baseline,indonesia,USDC
978,0.8686942057836589,2929591395806.964,526,S0_baseline,indonesia,USDC
979,0.8777671890195669,2929591395539.3965,526,S0_baseline,indonesia,USDC
980,0.8708987361840607,2929591395335.6904,526,S0_baseline,indonesia,USDC
981,0.9135267893174285,2929591395136.007,526,S0_baseline,indonesia,USDC
982,0.9126644328538309,2929591395034.343,526,S0_baseline,indonesia,USDC
983,0.9426959516651537,2929591394936.6323,526,S0_baseline,indonesia,USDC
984,0.9681688088244185,2929591394890.6895,526,S0_baseline,indonesia,USDC
985,0.945599048152834,2929591394890.283,526,S0_baseline,indonesia,USDC
986,0.9786932413169683,2929591394853.509,526,S0_baseline,indonesia,USDC
987,0.9764143626738513,2929591394853.509,526,S0_baseline,indonesia,USDC
988,0.9742411203003394,2929591394853.509,526,S0_baseline,indonesia,USDC
989,0.9857864844099443,2929591394853.509,526,S0_baseline,indonesia,USDC
990,0.9595972940334638,2929591394853.509,526,S0_baseline,indonesia,USDC
991,0.9984532164618886,2929591394838.494,526,S0_baseline,indonesia,USDC
992,1.0024717356829076,2929591394838.494,526,S0_baseline,indonesia,USDC
993,0.9868609609572605,2929591394838.494,526,S0_baseline,indonesia,USDC
994,0.9587391257071849,2929591394838.494,526,S0_baseline,indonesia,USDC
995,0.9944655663733055,2929591394822.259,526,S0_baseline,indonesia,USDC
996,0.9889527153057273,2929591394822.259,526,S0_baseline,indonesia,USDC
997,0.9882182465693321,2929591394822.259,526,S0_baseline,indonesia,USDC
998,0.9871827681362321,2929591394822.259,526,S0_baseline,indonesia,USDC
999,0.9864614336240475,2929591394822.259,526,S0_baseline,indonesia,USDC
1000,0.9833906222904788,2929591394822.259,526,S0_baseline,indonesia,USDC
