Step,price,liquidity,iteration,scenario,region,coin
1,1.017950034779206,2989340356340.201,406,S0_baseline,indonesia,USDC
2,1.0347724700745282,2989340356340.201,406,S0_baseline,indonesia,USDC
3,1.0118742946721864,2989340356340.201,406,S0_baseline,indonesia,USDC
4,1.0217992499076818,2989340356340.201,406,S0_baseline,indonesia,USDC
5,1.0284936391294524,2989340356340.201,406,S0_baseline,indonesia,USDC
6,1.048954599006941,2989340356340.201,406,S0_baseline,indonesia,USDC
7,1.0566942247901872,2989340356340.201,406,S0_baseline,indonesia,USDC
8,1.0492187577160912,2989340356340.201,406,S0_baseline,indonesia,USDC
9,1.0503354038293402,2989340356340.201,406,S0_baseline,indonesia,USDC
10,1.040814774751304,2989340356340.201,406,S0_baseline,indonesia,USDC
11,1.040129699402978,2989340356340.201,406,S0_baseline,indonesia,USDC
12,1.0346969731283937,2989340356340.201,406,S0_baseline,indonesia,USDC
13,1.0445476732608663,2989340356340.201,406,S0_baseline,indonesia,USDC
14,1.013894844133983,2989340356340.201,406,S0_baseline,indonesia,USDC
15,0.9540807009152913,2989340356340.201,406,S0_baseline,indonesia,USDC
16,0.9660374724714116,2988370081339.7007,406,S0_baseline,indonesia,USDC
17,0.9539368273561293,2988139682018.658,406,S0_baseline,indonesia,USDC
18,0.9773323043844603,2987195457112.1377,406,S0_baseline,indonesia,USDC
19,0.8392556901869255,2987195457112.1377,406,S0_baseline,indonesia,USDC
20,0.8466652303949217,2979397286782.661,406,S0_baseline,indonesia,USDC
21,0.8611748917004242,2973032585768.992,406,S0_baseline,indonesia,USDC
22,0.8906043200975623,2968248653892.7725,406,S0_baseline,indonesia,USDC
23,0.8808897533284508,2965152466009.5054,406,S0_baseline,indonesia,USDC
24,0.9031072561507794,2961893735123.532,406,S0_baseline,indonesia,USDC
25,0.8988900761133262,2959673205422.4937,406,S0_baseline,indonesia,USDC
26,0.9035107600991471,2957524246201.8584,406,S0_baseline,indonesia,USDC
27,0.9129582914598209,2955638809801.827,406,S0_baseline,indonesia,USDC
28,0.9025701082465637,2954133323171.213,406,S0_baseline,indonesia,USDC
29,0.9247210879487341,2952454844732.449,406,S0_baseline,indonesia,USDC
30,0.9430167836798129,2951426964230.6577,406,S0_baseline,indonesia,USDC
31,0.9627054687814761,2950850906880.274,406,S0_baseline,indonesia,USDC
32,0.9904145457213739,2950697549895.937,406,S0_baseline,indonesia,USDC
33,1.0309204017783222,2950697549895.937,406,S0_baseline,indonesia,USDC
34,1.0119926365681504,2950697549895.937,406,S0_baseline,indonesia,USDC
35,1.018324147208354,2950697549895.937,406,S0_baseline,indonesia,USDC
36,1.0170987669289762,2950697549895.937,406,S0_baseline,indonesia,USDC
37,0.9949395504707182,2950697549895.937,406,S0_baseline,indonesia,USDC
38,1.0027344292067988,2950697549895.937,406,S0_baseline,indonesia,USDC
39,1.030652288737888,2950697549895.937,406,S0_baseline,indonesia,USDC
40,0.9852757691901235,2950697549895.937,406,S0_baseline,indonesia,USDC
41,0.9999188396368696,2950697549895.937,406,S0_baseline,indonesia,USDC
42,1.028196470037062,2950697549895.937,406,S0_baseline,indonesia,USDC
43,1.0255745349594512,2950697549895.937,406,S0_baseline,indonesia,USDC
44,1.0187724353874423,2950697549895.937,406,S0_baseline,indonesia,USDC
45,1.0215789193535323,2950697549895.937,406,S0_baseline,indonesia,USDC
46,1.0101245529518654,2950697549895.937,406,S0_baseline,indonesia,USDC
47,1.0130076880420036,2950697549895.937,406,S0_baseline,indonesia,USDC
48,1.001884732003579,2950697549895.937,406,S0_baseline,indonesia,USDC
49,0.9881669138834512,2950697549895.937,406,S0_baseline,indonesia,USDC
50,0.9805661175763681,2950697549895.937,406,S0_baseline,indonesia,USDC
51,0.9885210055756509,2950697549895.937,406,S0_baseline,indonesia,USDC
52,0.9943731884194109,2950697549895.937,406,S0_baseline,indonesia,USDC
53,1.0107473666919347,2950697549895.937,406,S0_baseline,indonesia,USDC
54,0.9913626559763,2950697549895.937,406,S0_baseline,indonesia,USDC
55,0.8968080902148741,2950697549895.937,406,S0_baseline,indonesia,USDC
56,0.8968941038407521,2949110225056.539,406,S0_baseline,indonesia,USDC
57,0.9043348858896436,2947667193566.6567,406,S0_baseline,indonesia,USDC
58,0.9190545468660841,2946468976331.914,406,S0_baseline,indonesia,USDC
59,0.937382253563967,2945586923874.189,406,S0_baseline,indonesia,USDC
60,0.9363987038992955,2945040607976.9937,406,S0_baseline,indonesia,USDC
61,0.9475083618445607,2944510366352.2393,406,S0_baseline,indonesia,USDC
62,0.9501735760829294,2944192232459.7944,406,S0_baseline,indonesia,USDC
63,0.9279937965921918,2943910038953.433,406,S0_baseline,indonesia,USDC
64,0.9445394897987717,2943279093539.5786,406,S0_baseline,indonesia,USDC
65,0.9704696390127362,2942925067926.3867,406,S0_baseline,indonesia,USDC
66,0.9920003106379965,2942925067926.3867,406,S0_baseline,indonesia,USDC
67,0.9818629973841425,2942925067926.3867,406,S0_baseline,indonesia,USDC
68,0.9868530681784341,2942925067926.3867,406,S0_baseline,indonesia,USDC
69,1.0081503646087644,2942925067926.3867,406,S0_baseline,indonesia,USDC
70,1.0382618737995581,2942925067926.3867,406,S0_baseline,indonesia,USDC
71,1.0396446550646603,2942925067926.3867,406,S0_baseline,indonesia,USDC
72,1.0183921812575465,2942925067926.3867,406,S0_baseline,indonesia,USDC
73,1.0124798219823772,2942925067926.3867,406,S0_baseline,indonesia,USDC
74,1.006315571108055,2942925067926.3867,406,S0_baseline,indonesia,USDC
75,0.9891770283527858,2942925067926.3867,406,S0_baseline,indonesia,USDC
76,0.9848091058098347,2942925067926.3867,406,S0_baseline,indonesia,USDC
77,0.97715575442984,2942925067926.3867,406,S0_baseline,indonesia,USDC
78,0.9744569573743972,2942925067926.3867,406,S0_baseline,indonesia,USDC
79,0.9539267274848334,2942925067926.3867,406,S0_baseline,indonesia,USDC
80,0.9620349467171198,2942720491265.334,406,S0_baseline,indonesia,USDC
81,0.9844000763338888,2942627622326.427,406,S0_baseline,indonesia,USDC
82,1.0017233880760115,2942627622326.427,406,S0_baseline,indonesia,USDC
83,1.0097958839589,2942627622326.427,406,S0_baseline,indonesia,USDC
84,0.9892965920016771,2942627622326.427,406,S0_baseline,indonesia,USDC
85,0.9705115890969948,2942627622326.427,406,S0_baseline,indonesia,USDC
86,0.9470087076585629,2942627622326.427,406,S0_baseline,indonesia,USDC
87,0.951619044007903,2942324722700.951,406,S0_baseline,indonesia,USDC
88,0.9683735399695496,2942100254726.174,406,S0_baseline,indonesia,USDC
89,0.9991158295439477,2942085822105.1816,406,S0_baseline,indonesia,USDC
90,1.0163583471109545,2942085822105.1816,406,S0_baseline,indonesia,USDC
91,1.0088917005536386,2942085822105.1816,406,S0_baseline,indonesia,USDC
92,1.044408921540535,2942085822105.1816,406,S0_baseline,indonesia,USDC
93,0.9364692595468214,2942085822105.1816,406,S0_baseline,indonesia,USDC
94,0.9244413099235737,2941645239729.387,406,S0_baseline,indonesia,USDC
95,0.9092648418905517,2941067307390.465,406,S0_baseline,indonesia,USDC
96,0.9310701552695361,2940333041177.9087,406,S0_baseline,indonesia,USDC
97,0.9414869411515918,2939930920238.7837,406,S0_baseline,indonesia,USDC
98,0.9602354899296387,2939640850762.778,406,S0_baseline,indonesia,USDC
99,0.9779727896867687,2939558273880.5,406,S0_baseline,indonesia,USDC
100,0.9754794361817519,2939558273880.5,406,S0_baseline,indonesia,USDC
101,0.9710804502456571,2939558273880.5,406,S0_baseline,indonesia,USDC
102,0.9837615885510389,2939558273880.5,406,S0_baseline,indonesia,USDC
103,0.9833661144758765,2939558273880.5,406,S0_baseline,indonesia,USDC
104,0.9773621826979948,2939558273880.5,406,S0_baseline,indonesia,USDC
105,0.9790541376911418,2939558273880.5,406,S0_baseline,indonesia,USDC
106,0.9790915346833753,2939558273880.5,406,S0_baseline,indonesia,USDC
107,0.9797447732415009,2939558273880.5,406,S0_baseline,indonesia,USDC
108,0.9878982617992589,2939558273880.5,406,S0_baseline,indonesia,USDC
109,0.9879851863781113,2939558273880.5,406,S0_baseline,indonesia,USDC
110,0.9681529346443115,2939558273880.5,406,S0_baseline,indonesia,USDC
111,0.9430977227846449,2939550015232.017,406,S0_baseline,indonesia,USDC
112,0.9743207242013139,2939286860423.7573,406,S0_baseline,indonesia,USDC
113,0.9712389043596721,2939286860423.7573,406,S0_baseline,indonesia,USDC
114,0.9347279809322402,2939286860423.7573,406,S0_baseline,indonesia,USDC
115,0.9634564232871079,2938947473724.3555,406,S0_baseline,indonesia,USDC
116,0.9702790861785899,2938894693517.055,406,S0_baseline,indonesia,USDC
117,0.9897750629725424,2938894693517.055,406,S0_baseline,indonesia,USDC
118,0.9884207340535235,2938894693517.055,406,S0_baseline,indonesia,USDC
119,1.0054732774036317,2938894693517.055,406,S0_baseline,indonesia,USDC
120,0.9691606450668179,2938894693517.055,406,S0_baseline,indonesia,USDC
121,0.9446321501069948,2938891939086.6294,406,S0_baseline,indonesia,USDC
122,0.96138400167405,2938651273549.068,406,S0_baseline,indonesia,USDC
123,0.9732799675417653,2938580938030.592,406,S0_baseline,indonesia,USDC
124,0.9873836029931509,2938580938030.592,406,S0_baseline,indonesia,USDC
125,1.018549977856247,2938580938030.592,406,S0_baseline,indonesia,USDC
126,1.0368856266283268,2938580938030.592,406,S0_baseline,indonesia,USDC
127,1.0228623792276346,2938580938030.592,406,S0_baseline,indonesia,USDC
128,1.0294673331266804,2938580938030.592,406,S0_baseline,indonesia,USDC
129,1.0223514824800732,2938580938030.592,406,S0_baseline,indonesia,USDC
130,1.0038292839786067,2938580938030.592,406,S0_baseline,indonesia,USDC
131,0.9962584460698266,2938580938030.592,406,S0_baseline,indonesia,USDC
132,1.0027742295861388,2938580938030.592,406,S0_baseline,indonesia,USDC
133,0.9889929432228092,2938580938030.592,406,S0_baseline,indonesia,USDC
134,0.9907668313327131,2938580938030.592,406,S0_baseline,indonesia,USDC
135,0.9706405968522291,2938580938030.592,406,S0_baseline,indonesia,USDC
136,0.9876174638715401,2938580938030.592,406,S0_baseline,indonesia,USDC
137,0.9896713062039401,2938580938030.592,406,S0_baseline,indonesia,USDC
138,0.9988702807812115,2938580938030.592,406,S0_baseline,indonesia,USDC
139,0.9988284592110875,2938580938030.592,406,S0_baseline,indonesia,USDC
140,1.0043597854327355,2938580938030.592,406,S0_baseline,indonesia,USDC
141,1.0028249323080816,2938580938030.592,406,S0_baseline,indonesia,USDC
142,1.0032526020841563,2938580938030.592,406,S0_baseline,indonesia,USDC
143,1.0363537554404811,2938580938030.592,406,S0_baseline,indonesia,USDC
144,1.0416003141500576,2938580938030.592,406,S0_baseline,indonesia,USDC
145,1.0747092374769123,2938580938030.592,406,S0_baseline,indonesia,USDC
146,1.068073139372349,2938580938030.592,406,S0_baseline,indonesia,USDC
147,1.0655410416402429,2938580938030.592,406,S0_baseline,indonesia,USDC
148,1.066197396709592,2938580938030.592,406,S0_baseline,indonesia,USDC
149,1.0816436830339646,2938580938030.592,406,S0_baseline,indonesia,USDC
150,1.098153342212514,2938580938030.592,406,S0_baseline,indonesia,USDC
151,1.0867466752781136,2938580938030.592,406,S0_baseline,indonesia,USDC
152,1.0671131418461461,2938580938030.592,406,S0_baseline,indonesia,USDC
153,1.0514165008298002,2938580938030.592,406,S0_baseline,indonesia,USDC
154,1.0613216779964108,2938580938030.592,406,S0_baseline,indonesia,USDC
155,1.0482337728011983,2938580938030.592,406,S0_baseline,indonesia,USDC
156,1.0443601083088419,2938580938030.592,406,S0_baseline,indonesia,USDC
157,1.0382198339742505,2938580938030.592,406,S0_baseline,indonesia,USDC
158,1.0265311313171634,2938580938030.592,406,S0_baseline,indonesia,USDC
159,1.0270827394504836,2938580938030.592,406,S0_baseline,indonesia,USDC
160,0.9688976292736099,2938580938030.592,406,S0_baseline,indonesia,USDC
161,0.9526073032123388,2938577449407.8105,406,S0_baseline,indonesia,USDC
162,0.9845168505975688,2938419316117.6514,406,S0_baseline,indonesia,USDC
163,0.9882610651558584,2938419316117.6514,406,S0_baseline,indonesia,USDC
164,1.0064371743864284,2938419316117.6514,406,S0_baseline,indonesia,USDC
165,0.9907280718278514,2938419316117.6514,406,S0_baseline,indonesia,USDC
166,0.977642027509314,2938419316117.6514,406,S0_baseline,indonesia,USDC
167,0.9638696041545013,2938419316117.6514,406,S0_baseline,indonesia,USDC
168,0.9558314455513115,2938361937130.7427,406,S0_baseline,indonesia,USDC
169,0.9613959014022898,2938236973557.925,406,S0_baseline,indonesia,USDC
170,0.9461190240504546,2938175762138.0127,406,S0_baseline,indonesia,USDC
171,0.9575702458034268,2937966394474.2583,406,S0_baseline,indonesia,USDC
172,0.9400710347271595,2937862181343.838,406,S0_baseline,indonesia,USDC
173,0.9520340424619168,2937599243813.327,406,S0_baseline,indonesia,USDC
174,0.9299665252088758,2937446275955.952,406,S0_baseline,indonesia,USDC
175,0.9753175580544508,2937131256452.3643,406,S0_baseline,indonesia,USDC
176,0.9938296085396663,2937131256452.3643,406,S0_baseline,indonesia,USDC
177,0.995318402986218,2937131256452.3643,406,S0_baseline,indonesia,USDC
178,0.9975773748559722,2937131256452.3643,406,S0_baseline,indonesia,USDC
179,0.9809569988279929,2937131256452.3643,406,S0_baseline,indonesia,USDC
180,0.9931894424715683,2937131256452.3643,406,S0_baseline,indonesia,USDC
181,0.9460512668995369,2937131256452.3643,406,S0_baseline,indonesia,USDC
182,0.9717443107311272,2936946094939.8125,406,S0_baseline,indonesia,USDC
183,0.9683939983796699,2936946094939.8125,406,S0_baseline,indonesia,USDC
184,0.972485938997467,2936937662266.151,406,S0_baseline,indonesia,USDC
185,0.9609539621258707,2936937662266.151,406,S0_baseline,indonesia,USDC
186,0.9598931077398948,2936866811217.545,406,S0_baseline,indonesia,USDC
187,0.9935894648058514,2936798777731.5312,406,S0_baseline,indonesia,USDC
188,0.991714140981171,2936798777731.5312,406,S0_baseline,indonesia,USDC
189,1.0047960383660026,2936798777731.5312,406,S0_baseline,indonesia,USDC
190,1.0017461457736532,2936798777731.5312,406,S0_baseline,indonesia,USDC
191,0.9924349108837289,2936798777731.5312,406,S0_baseline,indonesia,USDC
192,1.0085983397805167,2936798777731.5312,406,S0_baseline,indonesia,USDC
193,1.0121697355949197,2936798777731.5312,406,S0_baseline,indonesia,USDC
194,1.0026786481427705,2936798777731.5312,406,S0_baseline,indonesia,USDC
195,1.011288338460028,2936798777731.5312,406,S0_baseline,indonesia,USDC
196,1.0121568378325492,2936798777731.5312,406,S0_baseline,indonesia,USDC
197,0.9854346967144267,2936798777731.5312,406,S0_baseline,indonesia,USDC
198,0.9771042973403864,2936798777731.5312,406,S0_baseline,indonesia,USDC
199,0.9568367045203653,2936798777731.5312,406,S0_baseline,indonesia,USDC
200,0.9461697725906086,2936697563912.3706,406,S0_baseline,indonesia,USDC
201,0.9600104608283805,2936516817593.254,406,S0_baseline,indonesia,USDC
202,0.949625210972223,2936457703807.8096,406,S0_baseline,indonesia,USDC
203,0.9477130417317557,2936326685550.867,406,S0_baseline,indonesia,USDC
204,0.9355081011885649,2936178748363.151,406,S0_baseline,indonesia,USDC
205,0.9188434953970159,2935950664867.587,406,S0_baseline,indonesia,USDC
206,0.9076273313848898,2935602046023.661,406,S0_baseline,indonesia,USDC
207,0.9305717745983303,2935209293624.1567,406,S0_baseline,indonesia,USDC
208,0.9603864152526278,2934977722400.283,406,S0_baseline,indonesia,USDC
209,0.9683868799626798,2934933362109.085,406,S0_baseline,indonesia,USDC
210,0.9631750661296619,2934924060882.6167,406,S0_baseline,indonesia,USDC
211,0.9652390437152315,2934884773857.6133,406,S0_baseline,indonesia,USDC
212,0.9462992622835542,2934864168420.126,406,S0_baseline,indonesia,USDC
213,0.9573385003405536,2934744491325.161,406,S0_baseline,indonesia,USDC
214,0.9571301367539967,2934673950651.685,406,S0_baseline,indonesia,USDC
215,0.9676328590453841,2934607095987.397,406,S0_baseline,indonesia,USDC
216,1.0073314424942401,2934597163429.5093,406,S0_baseline,indonesia,USDC
217,1.0202115256624795,2934597163429.5093,406,S0_baseline,indonesia,USDC
218,1.0415123009517742,2934597163429.5093,406,S0_baseline,indonesia,USDC
219,1.0050340723015079,2934597163429.5093,406,S0_baseline,indonesia,USDC
220,1.0109977650130362,2934597163429.5093,406,S0_baseline,indonesia,USDC
221,1.0380454422528818,2934597163429.5093,406,S0_baseline,indonesia,USDC
222,1.014281677454248,2934597163429.5093,406,S0_baseline,indonesia,USDC
223,1.0051312864671824,2934597163429.5093,406,S0_baseline,indonesia,USDC
224,0.9978141056096888,2934597163429.5093,406,S0_baseline,indonesia,USDC
225,1.0005705646594767,2934597163429.5093,406,S0_baseline,indonesia,USDC
226,1.0091740283214166,2934597163429.5093,406,S0_baseline,indonesia,USDC
227,1.0151760051983327,2934597163429.5093,406,S0_baseline,indonesia,USDC
228,1.029802606919559,2934597163429.5093,406,S0_baseline,indonesia,USDC
229,1.0177905916298415,2934597163429.5093,406,S0_baseline,indonesia,USDC
230,0.9730167410421248,2934597163429.5093,406,S0_baseline,indonesia,USDC
231,0.9759334332035748,2934597163429.5093,406,S0_baseline,indonesia,USDC
232,0.9829646103851685,2934597163429.5093,406,S0_baseline,indonesia,USDC
233,0.9861007801975916,2934597163429.5093,406,S0_baseline,indonesia,USDC
234,1.0017282607657243,2934597163429.5093,406,S0_baseline,indonesia,USDC
235,1.010295997841575,2934597163429.5093,406,S0_baseline,indonesia,USDC
236,1.0519363128975834,2934597163429.5093,406,S0_baseline,indonesia,USDC
237,1.1238064359687412,2934597163429.5093,406,S0_baseline,indonesia,USDC
238,1.1258092618317632,2934597163429.5093,406,S0_baseline,indonesia,USDC
239,1.0990004502257327,2934597163429.5093,406,S0_baseline,indonesia,USDC
240,1.0730586446043007,2934597163429.5093,406,S0_baseline,indonesia,USDC
241,1.120190433802067,2934597163429.5093,406,S0_baseline,indonesia,USDC
242,1.054076301077935,2934597163429.5093,406,S0_baseline,indonesia,USDC
243,1.0140417400143564,2934597163429.5093,406,S0_baseline,indonesia,USDC
244,1.005062766196896,2934597163429.5093,406,S0_baseline,indonesia,USDC
245,0.9551386693140833,2934597163429.5093,406,S0_baseline,indonesia,USDC
246,0.9655286439929438,2934528780150.6978,406,S0_baseline,indonesia,USDC
247,0.9933080306484423,2934514082532.3906,406,S0_baseline,indonesia,USDC
248,1.0206467165012465,2934514082532.3906,406,S0_baseline,indonesia,USDC
249,1.0488004608977082,2934514082532.3906,406,S0_baseline,indonesia,USDC
250,1.0361240354953045,2934514082532.3906,406,S0_baseline,indonesia,USDC
251,1.0441600206827217,2934514082532.3906,406,S0_baseline,indonesia,USDC
252,1.03561491286083,2934514082532.3906,406,S0_baseline,indonesia,USDC
253,1.0327287682329174,2934514082532.3906,406,S0_baseline,indonesia,USDC
254,1.040212751421213,2934514082532.3906,406,S0_baseline,indonesia,USDC
255,1.034198647389417,2934514082532.3906,406,S0_baseline,indonesia,USDC
256,1.035217161870038,2934514082532.3906,406,S0_baseline,indonesia,USDC
257,1.0499013113151976,2934514082532.3906,406,S0_baseline,indonesia,USDC
258,1.0116833713490083,2934514082532.3906,406,S0_baseline,indonesia,USDC
259,1.0041038316348727,2934514082532.3906,406,S0_baseline,indonesia,USDC
260,1.0216813962580142,2934514082532.3906,406,S0_baseline,indonesia,USDC
261,1.0160834657153475,2934514082532.3906,406,S0_baseline,indonesia,USDC
262,1.0240941842185685,2934514082532.3906,406,S0_baseline,indonesia,USDC
263,1.0072706656336994,2934514082532.3906,406,S0_baseline,indonesia,USDC
264,1.025898422222044,2934514082532.3906,406,S0_baseline,indonesia,USDC
265,1.009895301515102,2934514082532.3906,406,S0_baseline,indonesia,USDC
266,0.9806458232703941,2934514082532.3906,406,S0_baseline,indonesia,USDC
267,0.9849011500356379,2934514082532.3906,406,S0_baseline,indonesia,USDC
268,0.9993972757866336,2934514082532.3906,406,S0_baseline,indonesia,USDC
269,1.0054997422769492,2934514082532.3906,406,S0_baseline,indonesia,USDC
270,1.0043834421050035,2934514082532.3906,406,S0_baseline,indonesia,USDC
271,0.9964395310806845,2934514082532.3906,406,S0_baseline,indonesia,USDC
272,0.9988135205822203,2934514082532.3906,406,S0_baseline,indonesia,USDC
273,1.0120658309045996,2934514082532.3906,406,S0_baseline,indonesia,USDC
274,1.0164860999592014,2934514082532.3906,406,S0_baseline,indonesia,USDC
275,0.9821179152555205,2934514082532.3906,406,S0_baseline,indonesia,USDC
276,0.9437498229800786,2934514082532.3906,406,S0_baseline,indonesia,USDC
277,0.9537250824952818,2934374070956.723,406,S0_baseline,indonesia,USDC
278,0.969895573665664,2934297610100.3813,406,S0_baseline,indonesia,USDC
279,1.0109264105610478,2934297254116.723,406,S0_baseline,indonesia,USDC
280,1.0156777445379763,2934297254116.723,406,S0_baseline,indonesia,USDC
281,1.0007677728538718,2934297254116.723,406,S0_baseline,indonesia,USDC
282,1.0017286846551714,2934297254116.723,406,S0_baseline,indonesia,USDC
283,1.001564788531338,2934297254116.723,406,S0_baseline,indonesia,USDC
284,1.0225916544703626,2934297254116.723,406,S0_baseline,indonesia,USDC
285,1.0083370497219566,2934297254116.723,406,S0_baseline,indonesia,USDC
286,1.0198982547901392,2934297254116.723,406,S0_baseline,indonesia,USDC
287,1.0270053815567364,2934297254116.723,406,S0_baseline,indonesia,USDC
288,1.0314478651523333,2934297254116.723,406,S0_baseline,indonesia,USDC
289,1.022909768923361,2934297254116.723,406,S0_baseline,indonesia,USDC
290,1.02666980645124,2934297254116.723,406,S0_baseline,indonesia,USDC
291,0.983439770922907,2934297254116.723,406,S0_baseline,indonesia,USDC
292,1.0095475867242263,2934297254116.723,406,S0_baseline,indonesia,USDC
293,1.0130519155377482,2934297254116.723,406,S0_baseline,indonesia,USDC
294,1.0114429435116348,2934297254116.723,406,S0_baseline,indonesia,USDC
295,1.0050915084503476,2934297254116.723,406,S0_baseline,indonesia,USDC
296,1.0180821664398796,2934297254116.723,406,S0_baseline,indonesia,USDC
297,1.0286767377540895,2934297254116.723,406,S0_baseline,indonesia,USDC
298,1.023594077268376,2934297254116.723,406,S0_baseline,indonesia,USDC
299,1.0381180627081537,2934297254116.723,406,S0_baseline,indonesia,USDC
300,1.0423157170023747,2934297254116.723,406,S0_baseline,indonesia,USDC
301,1.0549948453125462,2934297254116.723,406,S0_baseline,indonesia,USDC
302,1.076297689766215,2934297254116.723,406,S0_baseline,indonesia,USDC
303,1.0087477189201355,2934297254116.723,406,S0_baseline,indonesia,USDC
304,1.0010057287115923,2934297254116.723,406,S0_baseline,indonesia,USDC
305,1.022408894575528,2934297254116.723,406,S0_baseline,indonesia,USDC
306,1.030174021005942,2934297254116.723,406,S0_baseline,indonesia,USDC
307,1.0236912993787455,2934297254116.723,406,S0_baseline,indonesia,USDC
308,1.0165503038382764,2934297254116.723,406,S0_baseline,indonesia,USDC
309,1.0092176537037996,2934297254116.723,406,S0_baseline,indonesia,USDC
310,1.0013416384321359,2934297254116.723,406,S0_baseline,indonesia,USDC
311,1.006120842482394,2934297254116.723,406,S0_baseline,indonesia,USDC
312,1.0114560800401093,2934297254116.723,406,S0_baseline,indonesia,USDC
313,1.014505144784772,2934297254116.723,406,S0_baseline,indonesia,USDC
314,0.9540287856878361,2934297254116.723,406,S0_baseline,indonesia,USDC
315,0.9158096396253805,2934215637955.164,406,S0_baseline,indonesia,USDC
316,0.8979563622977764,2933950318845.024,406,S0_baseline,indonesia,USDC
317,0.9112036170999367,2933624077923.936,406,S0_baseline,indonesia,USDC
318,0.8901371405156574,2933370962705.0684,406,S0_baseline,indonesia,USDC
319,0.9224934147670504,2933061936877.5225,406,S0_baseline,indonesia,USDC
320,0.9434983170473348,2932884621451.696,406,S0_baseline,indonesia,USDC
321,0.9436361004759668,2932794659572.34,406,S0_baseline,indonesia,USDC
322,0.9651972992049899,2932707454722.7124,406,S0_baseline,indonesia,USDC
323,0.9668697026294527,2932694808330.0376,406,S0_baseline,indonesia,USDC
324,0.9612078479568124,2932683983142.1577,406,S0_baseline,indonesia,USDC
325,0.9988019696873999,2932655900016.6445,406,S0_baseline,indonesia,USDC
326,0.9849398675467294,2932655900016.6445,406,S0_baseline,indonesia,USDC
327,0.992988540056668,2932655900016.6445,406,S0_baseline,indonesia,USDC
328,0.9540803732553466,2932655900016.6445,406,S0_baseline,indonesia,USDC
329,0.9632098364092724,2932604105780.2754,406,S0_baseline,indonesia,USDC
330,0.9679941912181903,2932585388633.598,406,S0_baseline,indonesia,USDC
331,0.9579832821555382,2932580457738.786,406,S0_baseline,indonesia,USDC
332,0.9599372603905549,2932547335612.001,406,S0_baseline,indonesia,USDC
333,0.9616650717091398,2932516270623.317,406,S0_baseline,indonesia,USDC
334,0.9487520197465839,2932493159059.0674,406,S0_baseline,indonesia,USDC
335,0.9713366950173712,2932432425088.6143,406,S0_baseline,indonesia,USDC
336,0.9823020595822969,2932432425088.6143,406,S0_baseline,indonesia,USDC
337,0.954671523362937,2932432425088.6143,406,S0_baseline,indonesia,USDC
338,0.9508542945297355,2932390787186.2754,406,S0_baseline,indonesia,USDC
339,0.9460668939893355,2932335734765.3633,406,S0_baseline,indonesia,USDC
340,0.9200863022629076,2932261828879.3926,406,S0_baseline,indonesia,USDC
341,0.9168146236131542,2932119534618.666,406,S0_baseline,indonesia,USDC
342,0.9452867156469277,2931975081460.26,406,S0_baseline,indonesia,USDC
343,0.9298022963361259,2931912907099.4556,406,S0_baseline,indonesia,USDC
344,0.9415417658200982,2931809417389.8535,406,S0_baseline,indonesia,USDC
345,0.9539278717277504,2931739478432.9346,406,S0_baseline,indonesia,USDC
346,0.968259963240326,2931701619286.4556,406,S0_baseline,indonesia,USDC
347,0.9935025143581522,2931699961548.3486,406,S0_baseline,indonesia,USDC
348,1.0164677774722553,2931699961548.3486,406,S0_baseline,indonesia,USDC
349,1.0560096162103385,2931699961548.3486,406,S0_baseline,indonesia,USDC
350,1.0380791886887375,2931699961548.3486,406,S0_baseline,indonesia,USDC
351,1.0392102205517526,2931699961548.3486,406,S0_baseline,indonesia,USDC
352,1.0533939858502896,2931699961548.3486,406,S0_baseline,indonesia,USDC
353,1.0170913387791916,2931699961548.3486,406,S0_baseline,indonesia,USDC
354,0.9976395988038133,2931699961548.3486,406,S0_baseline,indonesia,USDC
355,1.0181172262932037,2931699961548.3486,406,S0_baseline,indonesia,USDC
356,0.9874826000905883,2931699961548.3486,406,S0_baseline,indonesia,USDC
357,1.0069408364504135,2931699961548.3486,406,S0_baseline,indonesia,USDC
358,1.0048079863339483,2931699961548.3486,406,S0_baseline,indonesia,USDC
359,1.014595258146723,2931699961548.3486,406,S0_baseline,indonesia,USDC
360,1.001958082197298,2931699961548.3486,406,S0_baseline,indonesia,USDC
361,0.9745693717620045,2931699961548.3486,406,S0_baseline,indonesia,USDC
362,0.9970211870932197,2931699961548.3486,406,S0_baseline,indonesia,USDC
363,0.9994494582601917,2931699961548.3486,406,S0_baseline,indonesia,USDC
364,1.0074848547380784,2931699961548.3486,406,S0_baseline,indonesia,USDC
365,1.0141428432541548,2931699961548.3486,406,S0_baseline,indonesia,USDC
366,0.9918679532047604,2931699961548.3486,406,S0_baseline,indonesia,USDC
367,0.9945691401249206,2931699961548.3486,406,S0_baseline,indonesia,USDC
368,0.9916446185738808,2931699961548.3486,406,S0_baseline,indonesia,USDC
369,0.9930786876756207,2931699961548.3486,406,S0_baseline,indonesia,USDC
370,0.8719113116625721,2931699961548.3486,406,S0_baseline,indonesia,USDC
371,0.8918856926812512,2931476932019.425,406,S0_baseline,indonesia,USDC
372,0.9248329582154522,2931308829957.243,406,S0_baseline,indonesia,USDC
373,0.9256861187594796,2931219731605.696,406,S0_baseline,indonesia,USDC
374,0.9197081097054424,2931136249449.5527,406,S0_baseline,indonesia,USDC
375,0.9095121723519808,2931043137223.536,406,S0_baseline,indonesia,USDC
376,0.9141736551702361,2930944896533.393,406,S0_baseline,indonesia,USDC
377,0.9306182001119101,2930852550539.4565,406,S0_baseline,indonesia,USDC
378,0.9431404097847474,2930794774246.7227,406,S0_baseline,indonesia,USDC
379,0.9334211699468853,2930755908125.3916,406,S0_baseline,indonesia,USDC
380,0.9649139299229456,2930705778628.4443,406,S0_baseline,indonesia,USDC
381,0.951880824816756,2930699450897.6406,406,S0_baseline,indonesia,USDC
382,0.9737934077732476,2930674063606.531,406,S0_baseline,indonesia,USDC
383,1.0382114829967146,2930674063606.531,406,S0_baseline,indonesia,USDC
384,1.0499072336196704,2930674063606.531,406,S0_baseline,indonesia,USDC
385,0.9626694952806595,2930674063606.531,406,S0_baseline,indonesia,USDC
386,0.9740148119983846,2930665704536.0513,406,S0_baseline,indonesia,USDC
387,0.9623088410139199,2930665704536.0513,406,S0_baseline,indonesia,USDC
388,0.9724846350515934,2930656901940.0767,406,S0_baseline,indonesia,USDC
389,0.9783112650636105,2930656901940.0767,406,S0_baseline,indonesia,USDC
390,0.9658530764826811,2930656901940.0767,406,S0_baseline,indonesia,USDC
391,0.9798377207032556,2930652046202.2856,406,S0_baseline,indonesia,USDC
392,0.9897877371566309,2930652046202.2856,406,S0_baseline,indonesia,USDC
393,0.981131659540596,2930652046202.2856,406,S0_baseline,indonesia,USDC
394,0.9832347295649708,2930652046202.2856,406,S0_baseline,indonesia,USDC
395,0.9522833954657938,2930652046202.2856,406,S0_baseline,indonesia,USDC
396,0.9489390177460254,2930629165879.784,406,S0_baseline,indonesia,USDC
397,0.9276342862756589,2930602324232.598,406,S0_baseline,indonesia,USDC
398,0.9573191572868492,2930547206531.094,406,S0_baseline,indonesia,USDC
399,0.944688660247092,2930533197369.1396,406,S0_baseline,indonesia,USDC
400,0.9465403402985662,2930503190230.895,406,S0_baseline,indonesia,USDC
401,0.9020574145332104,2930476146777.1743,406,S0_baseline,indonesia,USDC
402,0.8823115613177851,2930400389586.099,406,S0_baseline,indonesia,USDC
403,0.9120457218502989,2930308829187.2715,406,S0_baseline,indonesia,USDC
404,0.9091479842634042,2930250966151.437,406,S0_baseline,indonesia,USDC
405,0.9508473573741335,2930195268341.491,406,S0_baseline,indonesia,USDC
406,0.9747653450552125,2930179831197.5713,406,S0_baseline,indonesia,USDC
407,0.9907097963252911,2930179831197.5713,406,S0_baseline,indonesia,USDC
408,0.9849166489012869,2930179831197.5713,406,S0_baseline,indonesia,USDC
409,0.9786147146437377,2930179831197.5713,406,S0_baseline,indonesia,USDC
410,0.9640729439051768,2930179831197.5713,406,S0_baseline,indonesia,USDC
411,0.9587279082217377,2930175738336.7207,406,S0_baseline,indonesia,USDC
412,0.9916338109817824,2930166618242.7734,406,S0_baseline,indonesia,USDC
413,0.9932380095531741,2930166618242.7734,406,S0_baseline,indonesia,USDC
414,1.010096669774632,2930166618242.7734,406,S0_baseline,indonesia,USDC
415,1.0330181406414365,2930166618242.7734,406,S0_baseline,indonesia,USDC
416,1.0212434126496648,2930166618242.7734,406,S0_baseline,indonesia,USDC
417,1.0283384141924383,2930166618242.7734,406,S0_baseline,indonesia,USDC
418,1.0112569565873601,2930166618242.7734,406,S0_baseline,indonesia,USDC
419,1.0237009404335193,2930166618242.7734,406,S0_baseline,indonesia,USDC
420,1.0262912441899497,2930166618242.7734,406,S0_baseline,indonesia,USDC
421,1.0158142227676477,2930166618242.7734,406,S0_baseline,indonesia,USDC
422,1.026116355449191,2930166618242.7734,406,S0_baseline,indonesia,USDC
423,1.017848855604179,2930166618242.7734,406,S0_baseline,indonesia,USDC
424,0.9595450399588427,2930166618242.7734,406,S0_baseline,indonesia,USDC
425,0.9765224268806189,2930158865008.375,406,S0_baseline,indonesia,USDC
426,0.9619340508835557,2930158865008.375,406,S0_baseline,indonesia,USDC
427,0.9650260464558476,2930152599307.049,406,S0_baseline,indonesia,USDC
428,0.9488711204379364,2930148927771.601,406,S0_baseline,indonesia,USDC
429,0.9549309297838792,2930131315185.631,406,S0_baseline,indonesia,USDC
430,0.9675267101660251,2930119027541.94,406,S0_baseline,indonesia,USDC
431,0.9843857467587878,2930117042099.0874,406,S0_baseline,indonesia,USDC
432,0.9990279424732686,2930117042099.0874,406,S0_baseline,indonesia,USDC
433,0.9819083568206904,2930117042099.0874,406,S0_baseline,indonesia,USDC
434,0.9564617344374806,2930117042099.0874,406,S0_baseline,indonesia,USDC
435,0.9574692176736197,2930107365674.661,406,S0_baseline,indonesia,USDC
436,0.9734819287068971,2930098015200.02,406,S0_baseline,indonesia,USDC
437,0.9882901820412118,2930098015200.02,406,S0_baseline,indonesia,USDC
438,1.0125595937933811,2930098015200.02,406,S0_baseline,indonesia,USDC
439,1.0331259911903106,2930098015200.02,406,S0_baseline,indonesia,USDC
440,1.0322792618234364,2930098015200.02,406,S0_baseline,indonesia,USDC
441,1.0657321917593452,2930098015200.02,406,S0_baseline,indonesia,USDC
442,1.0656748096604705,2930098015200.02,406,S0_baseline,indonesia,USDC
443,1.032981511436511,2930098015200.02,406,S0_baseline,indonesia,USDC
444,1.0436385776209216,2930098015200.02,406,S0_baseline,indonesia,USDC
445,1.0275398525751853,2930098015200.02,406,S0_baseline,indonesia,USDC
446,1.0132086851526123,2930098015200.02,406,S0_baseline,indonesia,USDC
447,1.0395813404677623,2930098015200.02,406,S0_baseline,indonesia,USDC
448,1.0170430342101828,2930098015200.02,406,S0_baseline,indonesia,USDC
449,1.0128285903543595,2930098015200.02,406,S0_baseline,indonesia,USDC
450,1.0316468022771532,2930098015200.02,406,S0_baseline,indonesia,USDC
451,1.0584280855722508,2930098015200.02,406,S0_baseline,indonesia,USDC
452,1.0361510853386333,2930098015200.02,406,S0_baseline,indonesia,USDC
453,1.0140973784869245,2930098015200.02,406,S0_baseline,indonesia,USDC
454,1.0508719380878586,2930098015200.02,406,S0_baseline,indonesia,USDC
455,1.0395140304984098,2930098015200.02,406,S0_baseline,indonesia,USDC
456,1.0188656780877072,2930098015200.02,406,S0_baseline,indonesia,USDC
457,1.0035364459298322,2930098015200.02,406,S0_baseline,indonesia,USDC
458,0.9990892093806591,2930098015200.02,406,S0_baseline,indonesia,USDC
459,1.0045496693211031,2930098015200.02,406,S0_baseline,indonesia,USDC
460,0.9973814103752245,2930098015200.02,406,S0_baseline,indonesia,USDC
461,0.9473545733979727,2930098015200.02,406,S0_baseline,indonesia,USDC
462,0.9668468084417918,2930081006049.468,406,S0_baseline,indonesia,USDC
463,0.949734792112699,2930079025089.748,406,S0_baseline,indonesia,USDC
464,0.9307638106539511,2930063592846.6865,406,S0_baseline,indonesia,USDC
465,0.9284656826172661,2930036065797.89,406,S0_baseline,indonesia,USDC
466,0.930102918691245,2930007143121.144,406,S0_baseline,indonesia,USDC
467,0.9351868844814191,2929981306058.1475,406,S0_baseline,indonesia,USDC
468,0.9524910713779298,2929958302494.671,406,S0_baseline,indonesia,USDC
469,0.9508760397168201,2929947148293.5254,406,S0_baseline,indonesia,USDC
470,0.957677148326365,2929935185133.51,406,S0_baseline,indonesia,USDC
471,0.9662941470775802,2929928926118.611,406,S0_baseline,indonesia,USDC
472,0.9771448723621133,2929927023064.3945,406,S0_baseline,indonesia,USDC
473,0.986657728181306,2929927023064.3945,406,S0_baseline,indonesia,USDC
474,0.9968164832229078,2929927023064.3945,406,S0_baseline,indonesia,USDC
475,0.9706454355192707,2929927023064.3945,406,S0_baseline,indonesia,USDC
476,0.9592375877206419,2929927023064.3945,406,S0_baseline,indonesia,USDC
477,0.9494520354765523,2929921337214.3955,406,S0_baseline,indonesia,USDC
478,0.9648900186692704,2929910041879.105,406,S0_baseline,indonesia,USDC
479,0.9564205743470646,2929907040763.1587,406,S0_baseline,indonesia,USDC
480,0.9599699904483576,2929899960200.334,406,S0_baseline,indonesia,USDC
481,0.977883452071336,2929895328463.562,406,S0_baseline,indonesia,USDC
482,0.9735874078535008,2929895328463.562,406,S0_baseline,indonesia,USDC
483,0.9781450443867767,2929895328463.562,406,S0_baseline,indonesia,USDC
484,0.9459185787495652,2929895328463.562,406,S0_baseline,indonesia,USDC
485,0.9248562683792525,2929881550610.4844,406,S0_baseline,indonesia,USDC
486,0.9766428781675134,2929857054526.1245,406,S0_baseline,indonesia,USDC
487,0.9827218488488842,2929857054526.1245,406,S0_baseline,indonesia,USDC
488,0.9887555784627601,2929857054526.1245,406,S0_baseline,indonesia,USDC
489,0.9871409755692344,2929857054526.1245,406,S0_baseline,indonesia,USDC
490,1.0481019731122627,2929857054526.1245,406,S0_baseline,indonesia,USDC
491,1.0627407778770739,2929857054526.1245,406,S0_baseline,indonesia,USDC
492,1.04435643209756,2929857054526.1245,406,S0_baseline,indonesia,USDC
493,1.0545777588244307,2929857054526.1245,406,S0_baseline,indonesia,USDC
494,1.1069767772875165,2929857054526.1245,406,S0_baseline,indonesia,USDC
495,1.1041450349784596,2929857054526.1245,406,S0_baseline,indonesia,USDC
496,1.0796233922805119,2929857054526.1245,406,S0_baseline,indonesia,USDC
497,1.0931775121599692,2929857054526.1245,406,S0_baseline,indonesia,USDC
498,1.0866936947921022,2929857054526.1245,406,S0_baseline,indonesia,USDC
499,1.0964978144765671,2929857054526.1245,406,S0_baseline,indonesia,USDC
500,1.088530717352541,2929857054526.1245,406,S0_baseline,indonesia,USDC
501,1.0627034808932752,2929857054526.1245,406,S0_baseline,indonesia,USDC
502,1.0628535581776584,2929857054526.1245,406,S0_baseline,indonesia,USDC
503,1.0296538081511504,2929857054526.1245,406,S0_baseline,indonesia,USDC
504,1.0305681313146902,2929857054526.1245,406,S0_baseline,indonesia,USDC
505,1.0590583567218166,2929857054526.1245,406,S0_baseline,indonesia,USDC
506,1.06631474261782,2929857054526.1245,406,S0_baseline,indonesia,USDC
507,1.0518362335230442,2929857054526.1245,406,S0_baseline,indonesia,USDC
508,1.0647007588109654,2929857054526.1245,406,S0_baseline,indonesia,USDC
509,1.0645521787335332,2929857054526.1245,406,S0_baseline,indonesia,USDC
510,1.0757716355024147,2929857054526.1245,406,S0_baseline,indonesia,USDC
511,1.0676410830677217,2929857054526.1245,406,S0_baseline,indonesia,USDC
512,1.0785931507985071,2929857054526.1245,406,S0_baseline,indonesia,USDC
513,1.0435887810412205,2929857054526.1245,406,S0_baseline,indonesia,USDC
514,1.029377774746277,2929857054526.1245,406,S0_baseline,indonesia,USDC
515,1.0274533511403023,2929857054526.1245,406,S0_baseline,indonesia,USDC
516,1.0324059016229825,2929857054526.1245,406,S0_baseline,indonesia,USDC
517,0.9928124517725737,2929857054526.1245,406,S0_baseline,indonesia,USDC
518,0.9827277165143704,2929857054526.1245,406,S0_baseline,indonesia,USDC
519,1.0223452920459217,2929857054526.1245,406,S0_baseline,indonesia,USDC
520,1.0342592404082578,2929857054526.1245,406,S0_baseline,indonesia,USDC
521,1.0327536499697358,2929857054526.1245,406,S0_baseline,indonesia,USDC
522,1.0392587844186303,2929857054526.1245,406,S0_baseline,indonesia,USDC
523,1.0586640775497196,2929857054526.1245,406,S0_baseline,indonesia,USDC
524,1.0541458200446212,2929857054526.1245,406,S0_baseline,indonesia,USDC
525,1.025818628992583,2929857054526.1245,406,S0_baseline,indonesia,USDC
526,1.0423175998685261,2929857054526.1245,406,S0_baseline,indonesia,USDC
527,1.029698153361016,2929857054526.1245,406,S0_baseline,indonesia,USDC
528,1.0214235251398212,2929857054526.1245,406,S0_baseline,indonesia,USDC
529,1.003157212210308,2929857054526.1245,406,S0_baseline,indonesia,USDC
530,1.0259697414613353,2929857054526.1245,406,S0_baseline,indonesia,USDC
531,1.0151528408368276,2929857054526.1245,406,S0_baseline,indonesia,USDC
532,1.005061167959494,2929857054526.1245,406,S0_baseline,indonesia,USDC
533,0.9975144215879591,2929857054526.1245,406,S0_baseline,indonesia,USDC
534,0.9999188048731235,2929857054526.1245,406,S0_baseline,indonesia,USDC
535,0.9911046343049018,2929857054526.1245,406,S0_baseline,indonesia,USDC
536,0.9581170912953576,2929857054526.1245,406,S0_baseline,indonesia,USDC
537,0.9501202627667967,2929851840261.9766,406,S0_baseline,indonesia,USDC
538,0.9615966135787871,2929841357616.653,406,S0_baseline,indonesia,USDC
539,0.9604186041050362,2929838009059.9077,406,S0_baseline,indonesia,USDC
540,0.9145025972927274,2929833764882.5005,406,S0_baseline,indonesia,USDC
541,0.899357886060742,2929805535096.3447,406,S0_baseline,indonesia,USDC
542,0.9154010873340611,2929772455831.248,406,S0_baseline,indonesia,USDC
543,0.925919329458831,2929750018300.3,406,S0_baseline,indonesia,USDC
544,0.9336121331628776,2929731401626.18,406,S0_baseline,indonesia,USDC
545,0.937004031816192,2929717626108.3545,406,S0_baseline,indonesia,USDC
546,0.9711282266716674,2929705603771.3545,406,S0_baseline,indonesia,USDC
547,0.9896537590405431,2929705603771.3545,406,S0_baseline,indonesia,USDC
548,0.9922171696397559,2929705603771.3545,406,S0_baseline,indonesia,USDC
549,0.9804924872652051,2929705603771.3545,406,S0_baseline,indonesia,USDC
550,0.9863465018271846,2929705603771.3545,406,S0_baseline,indonesia,USDC
551,0.9844792446104728,2929705603771.3545,406,S0_baseline,indonesia,USDC
552,0.9788966402594926,2929705603771.3545,406,S0_baseline,indonesia,USDC
553,0.9621701807521538,2929705603771.3545,406,S0_baseline,indonesia,USDC
554,0.9743936018079067,2929703367730.992,406,S0_baseline,indonesia,USDC
555,0.9775028736038462,2929703367730.992,406,S0_baseline,indonesia,USDC
556,1.0068438168539258,2929703367730.992,406,S0_baseline,indonesia,USDC
557,0.9884800672901907,2929703367730.992,406,S0_baseline,indonesia,USDC
558,0.9744998468366793,2929703367730.992,406,S0_baseline,indonesia,USDC
559,0.9676216516270899,2929703367730.992,406,S0_baseline,indonesia,USDC
560,0.974767635550874,2929702681965.3257,406,S0_baseline,indonesia,USDC
561,0.9774354187839974,2929702681965.3257,406,S0_baseline,indonesia,USDC
562,1.0160382581857903,2929702681965.3257,406,S0_baseline,indonesia,USDC
563,1.0346786442937024,2929702681965.3257,406,S0_baseline,indonesia,USDC
564,1.034885328885508,2929702681965.3257,406,S0_baseline,indonesia,USDC
565,1.0257057022507894,2929702681965.3257,406,S0_baseline,indonesia,USDC
566,1.036497862917547,2929702681965.3257,406,S0_baseline,indonesia,USDC
567,1.018431777083785,2929702681965.3257,406,S0_baseline,indonesia,USDC
568,1.0354537477554335,2929702681965.3257,406,S0_baseline,indonesia,USDC
569,1.0395065388932512,2929702681965.3257,406,S0_baseline,indonesia,USDC
570,0.9770147319583496,2929702681965.3257,406,S0_baseline,indonesia,USDC
571,0.9854516966444358,2929702681965.3257,406,S0_baseline,indonesia,USDC
572,0.9921158236948291,2929702681965.3257,406,S0_baseline,indonesia,USDC
573,0.9944182014042894,2929702681965.3257,406,S0_baseline,indonesia,USDC
574,0.981873102079486,2929702681965.3257,406,S0_baseline,indonesia,USDC
575,1.0122080551317414,2929702681965.3257,406,S0_baseline,indonesia,USDC
576,1.0158764184579352,2929702681965.3257,406,S0_baseline,indonesia,USDC
577,1.031801777520305,2929702681965.3257,406,S0_baseline,indonesia,USDC
578,1.0274818938560626,2929702681965.3257,406,S0_baseline,indonesia,USDC
579,1.0149038724126298,2929702681965.3257,406,S0_baseline,indonesia,USDC
580,1.0256446764617024,2929702681965.3257,406,S0_baseline,indonesia,USDC
581,1.0429518315187256,2929702681965.3257,406,S0_baseline,indonesia,USDC
582,1.07115056519351,2929702681965.3257,406,S0_baseline,indonesia,USDC
583,1.0785199028954882,2929702681965.3257,406,S0_baseline,indonesia,USDC
584,1.105332957088448,2929702681965.3257,406,S0_baseline,indonesia,USDC
585,1.104386350812475,2929702681965.3257,406,S0_baseline,indonesia,USDC
586,1.0688843942430792,2929702681965.3257,406,S0_baseline,indonesia,USDC
587,1.0698851835212333,2929702681965.3257,406,S0_baseline,indonesia,USDC
588,1.0662728571782822,2929702681965.3257,406,S0_baseline,indonesia,USDC
589,1.068816767807706,2929702681965.3257,406,S0_baseline,indonesia,USDC
590,1.074897287981612,2929702681965.3257,406,S0_baseline,indonesia,USDC
591,1.1112310241442944,2929702681965.3257,406,S0_baseline,indonesia,USDC
592,1.085508604901969,2929702681965.3257,406,S0_baseline,indonesia,USDC
593,1.0761229626454176,2929702681965.3257,406,S0_baseline,indonesia,USDC
594,1.0800617976513203,2929702681965.3257,406,S0_baseline,indonesia,USDC
595,1.0778932386595579,2929702681965.3257,406,S0_baseline,indonesia,USDC
596,1.0444481912507841,2929702681965.3257,406,S0_baseline,indonesia,USDC
597,1.0659531023432334,2929702681965.3257,406,S0_baseline,indonesia,USDC
598,1.0260503324538521,2929702681965.3257,406,S0_baseline,indonesia,USDC
599,1.005618911896292,2929702681965.3257,406,S0_baseline,indonesia,USDC
600,0.9706797162009534,2929702681965.3257,406,S0_baseline,indonesia,USDC
601,0.9618072007213622,2929702681965.3257,406,S0_baseline,indonesia,USDC
602,1.004203649482604,2929700098595.419,406,S0_baseline,indonesia,USDC
603,0.9864654371007308,2929700098595.419,406,S0_baseline,indonesia,USDC
604,1.0015858566828235,2929700098595.419,406,S0_baseline,indonesia,USDC
605,0.981915243648929,2929700098595.419,406,S0_baseline,indonesia,USDC
606,0.9958274758669091,2929700098595.419,406,S0_baseline,indonesia,USDC
607,1.0078027443054272,2929700098595.419,406,S0_baseline,indonesia,USDC
608,1.0105984618860029,2929700098595.419,406,S0_baseline,indonesia,USDC
609,1.0031408688207115,2929700098595.419,406,S0_baseline,indonesia,USDC
610,0.9890878153002621,2929700098595.419,406,S0_baseline,indonesia,USDC
611,0.9916952036422748,2929700098595.419,406,S0_baseline,indonesia,USDC
612,1.0194130917167592,2929700098595.419,406,S0_baseline,indonesia,USDC
613,0.9917727424919299,2929700098595.419,406,S0_baseline,indonesia,USDC
614,0.9619251485104879,2929700098595.419,406,S0_baseline,indonesia,USDC
615,0.992488323260767,2929697576084.9966,406,S0_baseline,indonesia,USDC
616,0.9811613184452428,2929697576084.9966,406,S0_baseline,indonesia,USDC
617,0.9699940145021902,2929697576084.9966,406,S0_baseline,indonesia,USDC
618,0.9689201551730514,2929697574625.8364,406,S0_baseline,indonesia,USDC
619,0.9434290494424508,2929697440201.086,406,S0_baseline,indonesia,USDC
620,0.9315189272659057,2929687658698.393,406,S0_baseline,indonesia,USDC
621,0.9344816532277307,2929673880793.953,406,S0_baseline,indonesia,USDC
622,0.9704117999837789,2929662414094.9175,406,S0_baseline,indonesia,USDC
623,0.9783360066821776,2929662414094.9175,406,S0_baseline,indonesia,USDC
624,0.9561394063111515,2929662414094.9175,406,S0_baseline,indonesia,USDC
625,0.9843019963977379,2929658540250.1064,406,S0_baseline,indonesia,USDC
626,1.0055494514595054,2929658540250.1064,406,S0_baseline,indonesia,USDC
627,0.991471088218554,2929658540250.1064,406,S0_baseline,indonesia,USDC
628,0.9607854271689632,2929658540250.1064,406,S0_baseline,indonesia,USDC
629,0.9586386238000295,2929655730711.4116,406,S0_baseline,indonesia,USDC
630,0.9845329000174308,2929652709194.943,406,S0_baseline,indonesia,USDC
631,0.9786472609903786,2929652709194.943,406,S0_baseline,indonesia,USDC
632,0.9927004652580007,2929652709194.943,406,S0_baseline,indonesia,USDC
633,0.995354309250113,2929652709194.943,406,S0_baseline,indonesia,USDC
634,1.0007058064778394,2929652709194.943,406,S0_baseline,indonesia,USDC
635,1.0237839082904912,2929652709194.943,406,S0_baseline,indonesia,USDC
636,1.0122785103275245,2929652709194.943,406,S0_baseline,indonesia,USDC
637,1.0057966204114308,2929652709194.943,406,S0_baseline,indonesia,USDC
638,1.0337037917530685,2929652709194.943,406,S0_baseline,indonesia,USDC
639,1.0300348259634926,2929652709194.943,406,S0_baseline,indonesia,USDC
640,1.0312533048555528,2929652709194.943,406,S0_baseline,indonesia,USDC
641,1.0211187796119054,2929652709194.943,406,S0_baseline,indonesia,USDC
642,1.0238353756068834,2929652709194.943,406,S0_baseline,indonesia,USDC
643,1.0341333951210785,2929652709194.943,406,S0_baseline,indonesia,USDC
644,1.0200114335635697,2929652709194.943,406,S0_baseline,indonesia,USDC
645,1.0102566549951293,2929652709194.943,406,S0_baseline,indonesia,USDC
646,0.9957825257567268,2929652709194.943,406,S0_baseline,indonesia,USDC
647,0.9759000057320666,2929652709194.943,406,S0_baseline,indonesia,USDC
648,0.938549219844713,2929652709194.943,406,S0_baseline,indonesia,USDC
649,0.964592370898669,2929642909609.6025,406,S0_baseline,indonesia,USDC
650,0.9434702313432747,2929641222912.835,406,S0_baseline,indonesia,USDC
651,0.9339338252768578,2929633870825.5347,406,S0_baseline,indonesia,USDC
652,0.9673956978631901,2929623288705.173,406,S0_baseline,indonesia,USDC
653,0.960736649188509,2929622686863.352,406,S0_baseline,indonesia,USDC
654,1.0030842795799702,2929619990650.279,406,S0_baseline,indonesia,USDC
655,1.0288059475160005,2929619990650.279,406,S0_baseline,indonesia,USDC
656,1.0250183079527375,2929619990650.279,406,S0_baseline,indonesia,USDC
657,1.0721195899051357,2929619990650.279,406,S0_baseline,indonesia,USDC
658,1.013237606004923,2929619990650.279,406,S0_baseline,indonesia,USDC
659,1.0102061528763686,2929619990650.279,406,S0_baseline,indonesia,USDC
660,0.9780836335976937,2929619990650.279,406,S0_baseline,indonesia,USDC
661,0.9537613558413081,2929619990650.279,406,S0_baseline,indonesia,USDC
662,0.9297298482093304,2929615530740.8354,406,S0_baseline,indonesia,USDC
663,0.938565907706528,2929604106704.874,406,S0_baseline,indonesia,USDC
664,0.9437879219544052,2929596116842.2656,406,S0_baseline,indonesia,USDC
665,0.9257471188598793,2929589700478.3545,406,S0_baseline,indonesia,USDC
666,0.9225500667411121,2929578642194.907,406,S0_baseline,indonesia,USDC
667,0.9263911979960314,2929567300701.1416,406,S0_baseline,indonesia,USDC
668,0.9305587224809428,2929557958931.4756,406,S0_baseline,indonesia,USDC
669,0.9261841694562674,2929549889865.3984,406,S0_baseline,indonesia,USDC
670,0.9425988983453315,2929540425035.0547,406,S0_baseline,indonesia,USDC
671,0.9394901373084454,2929534971891.42,406,S0_baseline,indonesia,USDC
672,0.9353970060746535,2929529054525.0586,406,S0_baseline,indonesia,USDC
673,0.9172195644475866,2929522742766.76,406,S0_baseline,indonesia,USDC
674,0.9137623876332278,2929512818606.932,406,S0_baseline,indonesia,USDC
675,0.9466077951314431,2929503073971.043,406,S0_baseline,indonesia,USDC
676,0.9429995204021009,2929499448798.212,406,S0_baseline,indonesia,USDC
677,0.9626134575908711,2929495177856.563,406,S0_baseline,indonesia,USDC
678,0.9793251883926717,2929493998891.9277,406,S0_baseline,indonesia,USDC
679,0.962421720933229,2929493998891.9277,406,S0_baseline,indonesia,USDC
680,0.9669762304163642,2929492897238.411,406,S0_baseline,indonesia,USDC
681,0.9809160250678208,2929492681388.149,406,S0_baseline,indonesia,USDC
682,1.0188758781406428,2929492681388.149,406,S0_baseline,indonesia,USDC
683,1.0288492937433578,2929492681388.149,406,S0_baseline,indonesia,USDC
684,1.0452462153674278,2929492681388.149,406,S0_baseline,indonesia,USDC
685,1.0518102405760084,2929492681388.149,406,S0_baseline,indonesia,USDC
686,0.9331122571738447,2929492681388.149,406,S0_baseline,indonesia,USDC
687,0.9733087528031997,2929486888679.7007,406,S0_baseline,indonesia,USDC
688,0.9766537200923024,2929486888679.7007,406,S0_baseline,indonesia,USDC
689,0.9631407724120101,2929486888679.7007,406,S0_baseline,indonesia,USDC
690,0.9753615801020605,2929486038873.8594,406,S0_baseline,indonesia,USDC
691,0.9690796204564115,2929486038873.8594,406,S0_baseline,indonesia,USDC
692,0.9689222336346947,2929485947306.8677,406,S0_baseline,indonesia,USDC
693,0.9902968528212122,2929485838927.241,406,S0_baseline,indonesia,USDC
694,1.0225581502636967,2929485838927.241,406,S0_baseline,indonesia,USDC
695,1.0453051965497517,2929485838927.241,406,S0_baseline,indonesia,USDC
696,1.0607857734740112,2929485838927.241,406,S0_baseline,indonesia,USDC
697,1.067095170719755,2929485838927.241,406,S0_baseline,indonesia,USDC
698,1.0572926063872836,2929485838927.241,406,S0_baseline,indonesia,USDC
699,1.0560202725533978,2929485838927.241,406,S0_baseline,indonesia,USDC
700,1.0446489155392449,2929485838927.241,406,S0_baseline,indonesia,USDC
701,1.0513175999384246,2929485838927.241,406,S0_baseline,indonesia,USDC
702,1.0325655546087733,2929485838927.241,406,S0_baseline,indonesia,USDC
703,1.0231635258128509,2929485838927.241,406,S0_baseline,indonesia,USDC
704,0.9769524334483277,2929485838927.241,406,S0_baseline,indonesia,USDC
705,0.9694061511697253,2929485838927.241,406,S0_baseline,indonesia,USDC
706,0.9457917132808114,2929485779276.4624,406,S0_baseline,indonesia,USDC
707,0.9359390605374883,2929482284864.1045,406,S0_baseline,indonesia,USDC
708,0.9497967610111974,2929477457027.491,406,S0_baseline,indonesia,USDC
709,0.9553277949806804,2929474601483.212,406,S0_baseline,indonesia,USDC
710,0.9570048566120163,2929472570893.252,406,S0_baseline,indonesia,USDC
711,0.9448263069443359,2929470993911.548,406,S0_baseline,indonesia,USDC
712,0.9396649909305231,2929467975105.095,406,S0_baseline,indonesia,USDC
713,0.9280145374101817,2929463984057.2695,406,S0_baseline,indonesia,USDC
714,0.9733987951519096,2929458784322.117,406,S0_baseline,indonesia,USDC
715,0.9710451691207216,2929458784322.117,406,S0_baseline,indonesia,USDC
716,0.9858444626045496,2929458784322.117,406,S0_baseline,indonesia,USDC
717,0.9734186983945567,2929458784322.117,406,S0_baseline,indonesia,USDC
718,0.9944286994227424,2929458784322.117,406,S0_baseline,indonesia,USDC
719,0.9903269730889688,2929458784322.117,406,S0_baseline,indonesia,USDC
720,0.9783597418600914,2929458784322.117,406,S0_baseline,indonesia,USDC
721,0.9731027559924145,2929458784322.117,406,S0_baseline,indonesia,USDC
722,0.9886259420694831,2929458784322.117,406,S0_baseline,indonesia,USDC
723,0.9737185148693307,2929458784322.117,406,S0_baseline,indonesia,USDC
724,0.9548010922007838,2929458784322.117,406,S0_baseline,indonesia,USDC
725,0.9327819407849125,2929457020618.24,406,S0_baseline,indonesia,USDC
726,0.9149427390540715,2929452677930.9414,406,S0_baseline,indonesia,USDC
727,0.9470154086671788,2929446466711.8335,406,S0_baseline,indonesia,USDC
728,0.9375370584171683,2929444049398.4556,406,S0_baseline,indonesia,USDC
729,0.9363060991319814,2929440689461.4136,406,S0_baseline,indonesia,USDC
730,0.9492456408909744,2929437314216.931,406,S0_baseline,indonesia,USDC
731,0.9559848022428388,2929435239682.3,406,S0_baseline,indonesia,USDC
732,0.9738546444590764,2929434084019.0527,406,S0_baseline,indonesia,USDC
733,1.0011107152618701,2929434084019.0527,406,S0_baseline,indonesia,USDC
734,0.9804480728211522,2929434084019.0527,406,S0_baseline,indonesia,USDC
735,1.0034128208244242,2929434084019.0527,406,S0_baseline,indonesia,USDC
736,0.9817697297185028,2929434084019.0527,406,S0_baseline,indonesia,USDC
737,0.9682735570149178,2929434084019.0527,406,S0_baseline,indonesia,USDC
738,0.9796011566906878,2929434070479.6704,406,S0_baseline,indonesia,USDC
739,0.9897440056507801,2929434070479.6704,406,S0_baseline,indonesia,USDC
740,1.0144585464198925,2929434070479.6704,406,S0_baseline,indonesia,USDC
741,1.0391234991960872,2929434070479.6704,406,S0_baseline,indonesia,USDC
742,1.0173770614480446,2929434070479.6704,406,S0_baseline,indonesia,USDC
743,1.0129927594774601,2929434070479.6704,406,S0_baseline,indonesia,USDC
744,1.042557584923712,2929434070479.6704,406,S0_baseline,indonesia,USDC
745,1.0441811036925,2929434070479.6704,406,S0_baseline,indonesia,USDC
746,1.0347610986040159,2929434070479.6704,406,S0_baseline,indonesia,USDC
747,1.014149349814988,2929434070479.6704,406,S0_baseline,indonesia,USDC
748,1.0500112039800438,2929434070479.6704,406,S0_baseline,indonesia,USDC
749,1.0585822273654264,2929434070479.6704,406,S0_baseline,indonesia,USDC
750,1.0778328270981261,2929434070479.6704,406,S0_baseline,indonesia,USDC
751,1.0976770576523454,2929434070479.6704,406,S0_baseline,indonesia,USDC
752,1.0793076030285926,2929434070479.6704,406,S0_baseline,indonesia,USDC
753,0.936596639356415,2929434070479.6704,406,S0_baseline,indonesia,USDC
754,0.9639906257424712,2929430945733.1025,406,S0_baseline,indonesia,USDC
755,0.9634443293708632,2929430497082.4834,406,S0_baseline,indonesia,USDC
756,0.9611652278569607,2929429887873.188,406,S0_baseline,indonesia,USDC
757,0.9773880826664595,2929429192479.4434,406,S0_baseline,indonesia,USDC
758,0.9640840263736937,2929429192479.4434,406,S0_baseline,indonesia,USDC
759,0.9434712535649749,2929428815138.7886,406,S0_baseline,indonesia,USDC
760,0.9391782286448178,2929426395859.368,406,S0_baseline,indonesia,USDC
761,0.9359626627847748,2929423931697.936,406,S0_baseline,indonesia,USDC
762,0.9913934134060429,2929421089980.106,406,S0_baseline,indonesia,USDC
763,0.9794574631768559,2929421089980.106,406,S0_baseline,indonesia,USDC
764,0.9972826766960716,2929421089980.106,406,S0_baseline,indonesia,USDC
765,1.0087759159862997,2929421089980.106,406,S0_baseline,indonesia,USDC
766,0.9906398505659331,2929421089980.106,406,S0_baseline,indonesia,USDC
767,0.9768612387212343,2929421089980.106,406,S0_baseline,indonesia,USDC
768,0.9665154230060734,2929421089980.106,406,S0_baseline,indonesia,USDC
769,0.9778788957458386,2929420799956.823,406,S0_baseline,indonesia,USDC
770,0.9576839863683089,2929420799956.823,406,S0_baseline,indonesia,USDC
771,0.9560622573442982,2929419778570.556,406,S0_baseline,indonesia,USDC
772,0.9940901618368222,2929418697673.6504,406,S0_baseline,indonesia,USDC
773,0.9882851145040186,2929418697673.6504,406,S0_baseline,indonesia,USDC
774,0.9566020233065445,2929418697673.6504,406,S0_baseline,indonesia,USDC
775,0.9784453294186474,2929417615595.96,406,S0_baseline,indonesia,USDC
776,0.9805097434817023,2929417615595.96,406,S0_baseline,indonesia,USDC
777,0.9683892649184437,2929417615595.96,406,S0_baseline,indonesia,USDC
778,0.9794353901058127,2929417613190.702,406,S0_baseline,indonesia,USDC
779,0.9965150367336726,2929417613190.702,406,S0_baseline,indonesia,USDC
780,0.971331118360483,2929417613190.702,406,S0_baseline,indonesia,USDC
781,1.0037234440221585,2929417613190.702,406,S0_baseline,indonesia,USDC
782,1.0304562358360816,2929417613190.702,406,S0_baseline,indonesia,USDC
783,1.0611016462766758,2929417613190.702,406,S0_baseline,indonesia,USDC
784,1.047539782202278,2929417613190.702,406,S0_baseline,indonesia,USDC
785,1.0477892306889531,2929417613190.702,406,S0_baseline,indonesia,USDC
786,1.0396385952232596,2929417613190.702,406,S0_baseline,indonesia,USDC
787,1.0403605100973925,2929417613190.702,406,S0_baseline,indonesia,USDC
788,1.0261368395316453,2929417613190.702,406,S0_baseline,indonesia,USDC
789,0.9966962189165828,2929417613190.702,406,S0_baseline,indonesia,USDC
790,0.9909499454763058,2929417613190.702,406,S0_baseline,indonesia,USDC
791,0.9918974280016787,2929417613190.702,406,S0_baseline,indonesia,USDC
792,0.9676801925370662,2929417613190.702,406,S0_baseline,indonesia,USDC
793,0.9515068697372182,2929417428426.7656,406,S0_baseline,indonesia,USDC
794,0.9525210474957635,2929415959041.058,406,S0_baseline,indonesia,USDC
795,0.964531338648494,2929414596715.2666,406,S0_baseline,indonesia,USDC
796,0.9385919084721718,2929414178163.236,406,S0_baseline,indonesia,USDC
797,0.9356566942668018,2929412021524.3584,406,S0_baseline,indonesia,USDC
798,0.9664381306095973,2929409563589.0923,406,S0_baseline,indonesia,USDC
799,0.9959187018254704,2929409349546.6826,406,S0_baseline,indonesia,USDC
800,0.997046258027576,2929409349546.6826,406,S0_baseline,indonesia,USDC
801,0.9929745438646282,2929409349546.6826,406,S0_baseline,indonesia,USDC
802,1.0017664808043205,2929409349546.6826,406,S0_baseline,indonesia,USDC
803,1.031049283646345,2929409349546.6826,406,S0_baseline,indonesia,USDC
804,1.0549951572719227,2929409349546.6826,406,S0_baseline,indonesia,USDC
805,1.0490868597800902,2929409349546.6826,406,S0_baseline,indonesia,USDC
806,1.0210175868877995,2929409349546.6826,406,S0_baseline,indonesia,USDC
807,1.0308807727972433,2929409349546.6826,406,S0_baseline,indonesia,USDC
808,1.0293686033099854,2929409349546.6826,406,S0_baseline,indonesia,USDC
809,1.0104370287123818,2929409349546.6826,406,S0_baseline,indonesia,USDC
810,1.0032130624064315,2929409349546.6826,406,S0_baseline,indonesia,USDC
811,0.9724466589060973,2929409349546.6826,406,S0_baseline,indonesia,USDC
812,0.9965056965330885,2929409349546.6826,406,S0_baseline,indonesia,USDC
813,1.0018229452328253,2929409349546.6826,406,S0_baseline,indonesia,USDC
814,1.0226929784226195,2929409349546.6826,406,S0_baseline,indonesia,USDC
815,1.0210267600333953,2929409349546.6826,406,S0_baseline,indonesia,USDC
816,0.9916263745612344,2929409349546.6826,406,S0_baseline,indonesia,USDC
817,1.0122189217089224,2929409349546.6826,406,S0_baseline,indonesia,USDC
818,1.007007039794031,2929409349546.6826,406,S0_baseline,indonesia,USDC
819,1.0022968260396483,2929409349546.6826,406,S0_baseline,indonesia,USDC
820,0.981529865896899,2929409349546.6826,406,S0_baseline,indonesia,USDC
821,0.9982913417766217,2929409349546.6826,406,S0_baseline,indonesia,USDC
822,0.8758081141252381,2929409349546.6826,406,S0_baseline,indonesia,USDC
823,0.864928216759859,2929403091628.7344,406,S0_baseline,indonesia,USDC
824,0.8760073330110302,2929396442461.5703,406,S0_baseline,indonesia,USDC
825,0.8792340021827635,2929391248363.7505,406,S0_baseline,indonesia,USDC
826,0.8774158975002689,2929386592401.438,406,S0_baseline,indonesia,USDC
827,0.8936753876086106,2929382471438.624,406,S0_baseline,indonesia,USDC
828,0.922128214926912,2929379388423.1733,406,S0_baseline,indonesia,USDC
829,0.9266666662942622,2929377618773.0825,406,S0_baseline,indonesia,USDC
830,0.9556552915455182,2929375954128.3003,406,S0_baseline,indonesia,USDC
831,0.9441884492446525,2929375509065.192,406,S0_baseline,indonesia,USDC
832,0.9248089821635237,2929374674786.903,406,S0_baseline,indonesia,USDC
833,0.9533624455807818,2929373120713.5767,406,S0_baseline,indonesia,USDC
834,0.938464350284863,2929372637500.6562,406,S0_baseline,indonesia,USDC
835,0.9328957860906717,2929371621386.8193,406,S0_baseline,indonesia,USDC
836,0.937463045693317,2929370425443.5435,406,S0_baseline,indonesia,USDC
837,0.9345033558504193,2929369481073.824,406,S0_baseline,indonesia,USDC
838,0.9297010062241232,2929368415269.3857,406,S0_baseline,indonesia,USDC
839,0.9282568420152375,2929367283759.7134,406,S0_baseline,indonesia,USDC
840,0.9622270492796527,2929366158547.544,406,S0_baseline,indonesia,USDC
841,0.980169368099447,2929365985035.6143,406,S0_baseline,indonesia,USDC
842,0.9964130197320854,2929365985035.6143,406,S0_baseline,indonesia,USDC
843,1.006716640739971,2929365985035.6143,406,S0_baseline,indonesia,USDC
844,1.011896115845274,2929365985035.6143,406,S0_baseline,indonesia,USDC
845,1.0158449341781803,2929365985035.6143,406,S0_baseline,indonesia,USDC
846,1.0136304335901785,2929365985035.6143,406,S0_baseline,indonesia,USDC
847,1.0007925379629063,2929365985035.6143,406,S0_baseline,indonesia,USDC
848,0.9971702020035331,2929365985035.6143,406,S0_baseline,indonesia,USDC
849,0.9707737453548717,2929365985035.6143,406,S0_baseline,indonesia,USDC
850,0.8284885988492009,2929365985035.6143,406,S0_baseline,indonesia,USDC
851,0.8332835042909327,2929362472693.424,406,S0_baseline,indonesia,USDC
852,0.8548774493986439,2929359419338.3916,406,S0_baseline,indonesia,USDC
853,0.8647559282028029,2929357156883.7793,406,S0_baseline,indonesia,USDC
854,0.7798096974248551,2929355411741.949,406,S0_baseline,indonesia,USDC
855,0.779807524395551,2929352574930.37,406,S0_baseline,indonesia,USDC
856,0.7845159264550727,2929350223985.6943,406,S0_baseline,indonesia,USDC
857,0.8217099217949398,2929348372840.5273,406,S0_baseline,indonesia,USDC
858,0.8097190972149958,2929347171560.685,406,S0_baseline,indonesia,USDC
859,0.7858329885295413,2929346112272.668,406,S0_baseline,indonesia,USDC
860,0.8058095036197913,2929345040800.4497,406,S0_baseline,indonesia,USDC
861,0.8166555968866097,2929344294759.243,406,S0_baseline,indonesia,USDC
862,0.8313570842454598,2929343672146.339,406,S0_baseline,indonesia,USDC
863,0.856607080339269,2929343217260.317,406,S0_baseline,indonesia,USDC
864,0.8648521185947686,2929342882818.992,406,S0_baseline,indonesia,USDC
865,0.862264805914916,2929342608949.0,406,S0_baseline,indonesia,USDC
866,0.8594232933978313,2929342358758.025,406,S0_baseline,indonesia,USDC
867,0.8750082493338557,2929342135295.008,406,S0_baseline,indonesia,USDC
868,0.8958973859451281,2929341964934.8535,406,S0_baseline,indonesia,USDC
869,0.9251805144151789,2929341850679.0566,406,S0_baseline,indonesia,USDC
870,0.9107853683990849,2929341781632.1504,406,S0_baseline,indonesia,USDC
871,0.9080406454813569,2929341694623.761,406,S0_baseline,indonesia,USDC
872,0.8990614761830243,2929341613389.758,406,S0_baseline,indonesia,USDC
873,0.8962012917273492,2929341523635.0527,406,S0_baseline,indonesia,USDC
874,0.8931053196653622,2929341441071.478,406,S0_baseline,indonesia,USDC
875,0.9027942647594336,2929341361058.628,406,S0_baseline,indonesia,USDC
876,0.9300831570052849,2929341296481.699,406,S0_baseline,indonesia,USDC
877,0.9537968176437392,2929341257793.5747,406,S0_baseline,indonesia,USDC
878,0.9577603201430271,2929341244177.3604,406,S0_baseline,indonesia,USDC
879,0.9338112204803869,2929341234907.5205,406,S0_baseline,indonesia,USDC
880,0.937971226885552,2929341202129.913,406,S0_baseline,indonesia,USDC
881,0.9727877940050839,2929341174202.4834,406,S0_baseline,indonesia,USDC
882,1.011690569264365,2929341174202.4834,406,S0_baseline,indonesia,USDC
883,1.0169124350235927,2929341174202.4834,406,S0_baseline,indonesia,USDC
884,0.9881180922498516,2929341174202.4834,406,S0_baseline,indonesia,USDC
885,0.9702827834363504,2929341174202.4834,406,S0_baseline,indonesia,USDC
886,0.9692887675083214,2929341174202.4834,406,S0_baseline,indonesia,USDC
887,0.9681402003270237,2929341173602.803,406,S0_baseline,indonesia,USDC
888,0.9912006605703879,2929341172938.0073,406,S0_baseline,indonesia,USDC
889,0.9824083576404441,2929341172938.0073,406,S0_baseline,indonesia,USDC
890,0.9758428056746224,2929341172938.0073,406,S0_baseline,indonesia,USDC
891,0.9789327504572709,2929341172938.0073,406,S0_baseline,indonesia,USDC
892,0.9782858428408925,2929341172938.0073,406,S0_baseline,indonesia,USDC
893,0.971088135498352,2929341172938.0073,406,S0_baseline,indonesia,USDC
894,0.9472402803430452,2929341172938.0073,406,S0_baseline,indonesia,USDC
895,0.9507817794859725,2929341154520.4277,406,S0_baseline,indonesia,USDC
896,0.9350997442716669,2929341139390.3643,406,S0_baseline,indonesia,USDC
897,0.9484182133163948,2929341111216.4976,406,S0_baseline,indonesia,USDC
898,0.9368727068258045,2929341094421.055,406,S0_baseline,indonesia,USDC
899,0.9271356843159136,2929341069214.2295,406,S0_baseline,indonesia,USDC
900,0.9328704150874083,2929341037712.3145,406,S0_baseline,indonesia,USDC
901,0.9617240121923321,2929341011630.8057,406,S0_baseline,indonesia,USDC
902,0.9483472273178717,2929341006462.5137,406,S0_baseline,indonesia,USDC
903,0.9749898838538884,2929340993095.8867,406,S0_baseline,indonesia,USDC
904,0.9699924682513715,2929340993095.8867,406,S0_baseline,indonesia,USDC
905,0.9826066868897647,2929340993094.218,406,S0_baseline,indonesia,USDC
906,0.978383597835322,2929340993094.218,406,S0_baseline,indonesia,USDC
907,0.9791549007905925,2929340993094.218,406,S0_baseline,indonesia,USDC
908,0.9806118964414561,2929340993094.218,406,S0_baseline,indonesia,USDC
909,0.9775711631185218,2929340993094.218,406,S0_baseline,indonesia,USDC
910,0.9392868633043081,2929340993094.218,406,S0_baseline,indonesia,USDC
911,0.9432013656853728,2929340973599.985,406,S0_baseline,indonesia,USDC
912,0.913508971887757,2929340958353.8574,406,S0_baseline,indonesia,USDC
913,0.9143570081730064,2929340923293.6816,406,S0_baseline,indonesia,USDC
914,0.9074230656824709,2929340890771.0137,406,S0_baseline,indonesia,USDC
915,0.9263216366442505,2929340857149.5254,406,S0_baseline,indonesia,USDC
916,0.9625323422230526,2929340836500.463,406,S0_baseline,indonesia,USDC
917,0.9881272179929717,2929340832803.893,406,S0_baseline,indonesia,USDC
918,0.9806095755260249,2929340832803.893,406,S0_baseline,indonesia,USDC
919,1.0065823187361695,2929340832803.893,406,S0_baseline,indonesia,USDC
920,1.0289511934433464,2929340832803.893,406,S0_baseline,indonesia,USDC
921,1.0472992141536814,2929340832803.893,406,S0_baseline,indonesia,USDC
922,1.0772827510875738,2929340832803.893,406,S0_baseline,indonesia,USDC
923,1.0577890141100905,2929340832803.893,406,S0_baseline,indonesia,USDC
924,1.0230567234654129,2929340832803.893,406,S0_baseline,indonesia,USDC
925,1.0113821223225983,2929340832803.893,406,S0_baseline,indonesia,USDC
926,1.003154483153139,2929340832803.893,406,S0_baseline,indonesia,USDC
927,1.0138339463602841,2929340832803.893,406,S0_baseline,indonesia,USDC
928,1.0271834445342312,2929340832803.893,406,S0_baseline,indonesia,USDC
929,1.0108678087382317,2929340832803.893,406,S0_baseline,indonesia,USDC
930,0.9958804824822043,2929340832803.893,406,S0_baseline,indonesia,USDC
931,1.0028518038210852,2929340832803.893,406,S0_baseline,indonesia,USDC
932,0.9877764474423476,2929340832803.893,406,S0_baseline,indonesia,USDC
933,0.9712582961126525,2929340832803.893,406,S0_baseline,indonesia,USDC
934,0.9603650724247923,2929340832803.893,406,S0_baseline,indonesia,USDC
935,0.9898577914381077,2929340829044.653,406,S0_baseline,indonesia,USDC
936,1.0267071004210222,2929340829044.653,406,S0_baseline,indonesia,USDC
937,1.0122304044407764,2929340829044.653,406,S0_baseline,indonesia,USDC
938,1.0609780296951796,2929340829044.653,406,S0_baseline,indonesia,USDC
939,1.0660205994261251,2929340829044.653,406,S0_baseline,indonesia,USDC
940,1.0798451054461535,2929340829044.653,406,S0_baseline,indonesia,USDC
941,1.0755374853529711,2929340829044.653,406,S0_baseline,indonesia,USDC
942,1.0936413313761972,2929340829044.653,406,S0_baseline,indonesia,USDC
943,1.0675734309626295,2929340829044.653,406,S0_baseline,indonesia,USDC
944,1.098768068500041,2929340829044.653,406,S0_baseline,indonesia,USDC
945,1.0930651732301038,2929340829044.653,406,S0_baseline,indonesia,USDC
946,1.0967165528352099,2929340829044.653,406,S0_baseline,indonesia,USDC
947,1.0832168241377342,2929340829044.653,406,S0_baseline,indonesia,USDC
948,1.0455641206571387,2929340829044.653,406,S0_baseline,indonesia,USDC
949,1.0254009851344237,2929340829044.653,406,S0_baseline,indonesia,USDC
950,1.0121630700283393,2929340829044.653,406,S0_baseline,indonesia,USDC
951,1.0001725208837788,2929340829044.653,406,S0_baseline,indonesia,USDC
952,0.9759552704165139,2929340829044.653,406,S0_baseline,indonesia,USDC
953,0.9471027860982911,2929340829044.653,406,S0_baseline,indonesia,USDC
954,0.9397175931374433,2929340818741.3906,406,S0_baseline,indonesia,USDC
955,0.9370703762387343,2929340805259.841,406,S0_baseline,indonesia,USDC
956,0.9202360831453549,2929340790019.887,406,S0_baseline,indonesia,USDC
957,0.9442094048518976,2929340768368.5596,406,S0_baseline,indonesia,USDC
958,0.9320107691000593,2929340758200.0024,406,S0_baseline,indonesia,USDC
959,0.9565525976922206,2929340743869.8604,406,S0_baseline,indonesia,USDC
960,0.9566824647256943,2929340739074.1055,406,S0_baseline,indonesia,USDC
961,0.9876856929321408,2929340734394.14,406,S0_baseline,indonesia,USDC
962,1.0161617009729527,2929340734394.14,406,S0_baseline,indonesia,USDC
963,1.0156688853639935,2929340734394.14,406,S0_baseline,indonesia,USDC
964,1.016716059725802,2929340734394.14,406,S0_baseline,indonesia,USDC
965,0.9906536557895941,2929340734394.14,406,S0_baseline,indonesia,USDC
966,1.0012466523607855,2929340734394.14,406,S0_baseline,indonesia,USDC
967,0.9754638844264515,2929340734394.14,406,S0_baseline,indonesia,USDC
968,0.9989814747874478,2929340734394.14,406,S0_baseline,indonesia,USDC
969,0.9971669726615853,2929340734394.14,406,S0_baseline,indonesia,USDC
970,0.996865666596441,2929340734394.14,406,S0_baseline,indonesia,USDC
971,0.9957489753578338,2929340734394.14,406,S0_baseline,indonesia,USDC
972,1.035874284201291,2929340734394.14,406,S0_baseline,indonesia,USDC
973,1.0482573488428815,2929340734394.14,406,S0_baseline,indonesia,USDC
974,1.0263284982009397,2929340734394.14,406,S0_baseline,indonesia,USDC
975,1.0603321209143222,2929340734394.14,406,S0_baseline,indonesia,USDC
976,1.0402305411289328,2929340734394.14,406,S0_baseline,indonesia,USDC
977,1.023998191095842,2929340734394.14,406,S0_baseline,indonesia,USDC
978,1.0214519680784806,2929340734394.14,406,S0_baseline,indonesia,USDC
979,1.0132271067178134,2929340734394.14,406,S0_baseline,indonesia,USDC
980,1.021052283949167,2929340734394.14,406,S0_baseline,indonesia,USDC
981,0.9928534093975578,2929340734394.14,406,S0_baseline,indonesia,USDC
982,0.9830667899369918,2929340734394.14,406,S0_baseline,indonesia,USDC
983,0.9729885692776736,2929340734394.14,406,S0_baseline,indonesia,USDC
984,0.926952279077021,2929340734394.14,406,S0_baseline,indonesia,USDC
985,0.9368140081894802,2929340717616.449,406,S0_baseline,indonesia,USDC
986,0.9381378293405342,2929340705256.335,406,S0_baseline,indonesia,USDC
987,0.9203177970811758,2929340694544.111,406,S0_baseline,indonesia,USDC
988,0.9488557309266064,2929340677221.724,406,S0_baseline,indonesia,USDC
989,0.9766598098334667,2929340670227.0796,406,S0_baseline,indonesia,USDC
990,0.9475033076171782,2929340670227.0796,406,S0_baseline,indonesia,USDC
991,0.944690095639039,2929340662947.2686,406,S0_baseline,indonesia,USDC
992,0.942504602917277,2929340655242.637,406,S0_baseline,indonesia,USDC
993,0.9402898498868831,2929340647655.8687,406,S0_baseline,indonesia,USDC
994,0.964319389961492,2929340639329.135,406,S0_baseline,indonesia,USDC
995,0.9552323441019337,2929340638192.3423,406,S0_baseline,indonesia,USDC
996,0.96907784064938,2929340634118.9424,406,S0_baseline,indonesia,USDC
997,0.9696588984099501,2929340633943.3623,406,S0_baseline,indonesia,USDC
998,0.9686698693544218,2929340633845.7427,406,S0_baseline,indonesia,USDC
999,0.9994610608213116,2929340633845.7427,406,S0_baseline,indonesia,USDC
1000,1.013984790582171,2929340633845.7427,406,S0_baseline,indonesia,USDC
