Step,price,liquidity,iteration,scenario,region,coin
1,1.012224534155215,2988764164918.6665,572,S5_twin_shock_imf_bailout,indonesia,USDC
2,1.0361869483845751,2988764164918.6665,572,S5_twin_shock_imf_bailout,indonesia,USDC
3,1.0156690119862763,2988764164918.6665,572,S5_twin_shock_imf_bailout,indonesia,USDC
4,1.0192147680819923,2988764164918.6665,572,S5_twin_shock_imf_bailout,indonesia,USDC
5,1.0289179910353532,2988764164918.6665,572,S5_twin_shock_imf_bailout,indonesia,USDC
6,1.0189110022698173,2988764164918.6665,572,S5_twin_shock_imf_bailout,indonesia,USDC
7,1.0568200909803755,2988764164918.6665,572,S5_twin_shock_imf_bailout,indonesia,USDC
8,1.0351269672874919,2988764164918.6665,572,S5_twin_shock_imf_bailout,indonesia,USDC
9,1.0025721113147434,2988764164918.6665,572,S5_twin_shock_imf_bailout,indonesia,USDC
10,0.9841652527800553,2988764164918.6665,572,S5_twin_shock_imf_bailout,indonesia,USDC
11,1.020567638281112,2988764164918.6665,572,S5_twin_shock_imf_bailout,indonesia,USDC
12,1.0079639448302202,2988764164918.6665,572,S5_twin_shock_imf_bailout,indonesia,USDC
13,0.996822984589188,2988764164918.6665,572,S5_twin_shock_imf_bailout,indonesia,USDC
14,1.0034227687919757,2988764164918.6665,572,S5_twin_shock_imf_bailout,indonesia,USDC
15,1.0071426732895852,2988764164918.6665,572,S5_twin_shock_imf_bailout,indonesia,USDC
16,0.9893255978653509,2988764164918.6665,572,S5_twin_shock_imf_bailout,indonesia,USDC
17,1.013614873606521,2988764164918.6665,572,S5_twin_shock_imf_bailout,indonesia,USDC
18,1.0069240939067787,2988764164918.6665,572,S5_twin_shock_imf_bailout,indonesia,USDC
19,1.0196113276235328,2988764164918.6665,572,S5_twin_shock_imf_bailout,indonesia,USDC
20,0.9997661970646274,2988764164918.6665,572,S5_twin_shock_imf_bailout,indonesia,USDC
21,1.006885182606444,2988764164918.6665,572,S5_twin_shock_imf_bailout,indonesia,USDC
22,0.9995574607071606,2988764164918.6665,572,S5_twin_shock_imf_bailout,indonesia,USDC
23,0.9849286410119464,2988764164918.6665,572,S5_twin_shock_imf_bailout,indonesia,USDC
24,0.9939787790594282,2988764164918.6665,572,S5_twin_shock_imf_bailout,indonesia,USDC
25,0.9873989441507004,2988764164918.6665,572,S5_twin_shock_imf_bailout,indonesia,USDC
26,0.997007089237808,2988764164918.6665,572,S5_twin_shock_imf_bailout,indonesia,USDC
27,1.005292597052336,2988764164918.6665,572,S5_twin_shock_imf_bailout,indonesia,USDC
28,0.9787098950168304,2988764164918.6665,572,S5_twin_shock_imf_bailout,indonesia,USDC
29,0.9717177499071511,2988764164918.6665,572,S5_twin_shock_imf_bailout,indonesia,USDC
30,0.9688950272862549,2988764164918.6665,572,S5_twin_shock_imf_bailout,indonesia,USDC
31,0.9401660079040213,2988721439377.4297,572,S5_twin_shock_imf_bailout,indonesia,USDC
32,0.9324566426984453,2986877351900.8325,572,S5_twin_shock_imf_bailout,indonesia,USDC
33,0.9290894036175206,2984628110516.499,572,S5_twin_shock_imf_bailout,indonesia,USDC
34,0.7888585488008946,2982330806420.041,572,S5_twin_shock_imf_bailout,indonesia,USDC
35,0.818329508199734,2972327570154.6587,572,S5_twin_shock_imf_bailout,indonesia,USDC
36,0.842613893758631,2965605601624.2393,572,S5_twin_shock_imf_bailout,indonesia,USDC
37,0.8315844353214656,2960803109807.9326,572,S5_twin_shock_imf_bailout,indonesia,USDC
38,0.8628093121568754,2956267225061.7114,572,S5_twin_shock_imf_bailout,indonesia,USDC
39,0.8553689719781479,2953282544769.38,572,S5_twin_shock_imf_bailout,indonesia,USDC
40,0.8630958930129314,2950385052926.372,572,S5_twin_shock_imf_bailout,indonesia,USDC
41,0.858091183775091,2948026715171.873,572,S5_twin_shock_imf_bailout,indonesia,USDC
42,0.8579918355844861,2945804396412.7915,572,S5_twin_shock_imf_bailout,indonesia,USDC
43,0.8668053431960825,2943836721102.614,572,S5_twin_shock_imf_bailout,indonesia,USDC
44,0.8669075834946524,2942294330405.3545,572,S5_twin_shock_imf_bailout,indonesia,USDC
45,0.8828947064586891,2940914809391.9883,572,S5_twin_shock_imf_bailout,indonesia,USDC
46,0.8922243839324318,2939823690367.695,572,S5_twin_shock_imf_bailout,indonesia,USDC
47,0.8956564730746557,2938936926032.424,572,S5_twin_shock_imf_bailout,indonesia,USDC
48,0.9211977838531757,2938157257022.3555,572,S5_twin_shock_imf_bailout,indonesia,USDC
49,0.9111250418104145,2937694659253.58,572,S5_twin_shock_imf_bailout,indonesia,USDC
50,0.9150824378845962,2937186153306.643,572,S5_twin_shock_imf_bailout,indonesia,USDC
51,0.8964262244116342,2936740896399.667,572,S5_twin_shock_imf_bailout,indonesia,USDC
52,0.8954258899420324,2936135867273.9844,572,S5_twin_shock_imf_bailout,indonesia,USDC
53,0.8756287406420721,2935606429712.533,572,S5_twin_shock_imf_bailout,indonesia,USDC
54,0.8788824283971839,2934940746057.423,572,S5_twin_shock_imf_bailout,indonesia,USDC
55,0.9152460284187302,2934386235551.304,572,S5_twin_shock_imf_bailout,indonesia,USDC
56,0.9314914571177653,2934085285247.108,572,S5_twin_shock_imf_bailout,indonesia,USDC
57,0.9312981090098648,2933892830112.738,572,S5_twin_shock_imf_bailout,indonesia,USDC
58,0.9441126841786606,2933706364554.5815,572,S5_twin_shock_imf_bailout,indonesia,USDC
59,0.9462517686371688,2933583988982.351,572,S5_twin_shock_imf_bailout,indonesia,USDC
60,0.9344096571518165,2933470400888.8164,572,S5_twin_shock_imf_bailout,indonesia,USDC
61,0.9478669788633998,2933313635558.7534,572,S5_twin_shock_imf_bailout,indonesia,USDC
62,0.9930531862914058,2933222053448.047,572,S5_twin_shock_imf_bailout,indonesia,USDC
63,0.9719797571961147,2933222053448.047,572,S5_twin_shock_imf_bailout,indonesia,USDC
64,0.9716250828260101,2933222053448.047,572,S5_twin_shock_imf_bailout,indonesia,USDC
65,0.9999475655152852,2933222053448.047,572,S5_twin_shock_imf_bailout,indonesia,USDC
66,0.9971284940757438,2933222053448.047,572,S5_twin_shock_imf_bailout,indonesia,USDC
67,0.9858097923530874,2933222053448.047,572,S5_twin_shock_imf_bailout,indonesia,USDC
68,0.9866472236973476,2933222053448.047,572,S5_twin_shock_imf_bailout,indonesia,USDC
69,1.0140385271680639,2933222053448.047,572,S5_twin_shock_imf_bailout,indonesia,USDC
70,1.0268804913248875,2933222053448.047,572,S5_twin_shock_imf_bailout,indonesia,USDC
71,1.0628887716660478,2933222053448.047,572,S5_twin_shock_imf_bailout,indonesia,USDC
72,1.055699940881548,2933222053448.047,572,S5_twin_shock_imf_bailout,indonesia,USDC
73,1.0620372933896665,2933222053448.047,572,S5_twin_shock_imf_bailout,indonesia,USDC
74,1.0447464848646437,2933222053448.047,572,S5_twin_shock_imf_bailout,indonesia,USDC
75,1.0441087057638148,2933222053448.047,572,S5_twin_shock_imf_bailout,indonesia,USDC
76,1.03979923008744,2933222053448.047,572,S5_twin_shock_imf_bailout,indonesia,USDC
77,0.9710772674311491,2933222053448.047,572,S5_twin_shock_imf_bailout,indonesia,USDC
78,0.9688399129644879,2933222053448.047,572,S5_twin_shock_imf_bailout,indonesia,USDC
79,0.9587723241424359,2933220267397.5293,572,S5_twin_shock_imf_bailout,indonesia,USDC
80,1.0079936174803177,2933171858228.2056,572,S5_twin_shock_imf_bailout,indonesia,USDC
81,0.8718318202082773,2933171858228.2056,572,S5_twin_shock_imf_bailout,indonesia,USDC
82,0.8787555207183663,2932735422098.41,572,S5_twin_shock_imf_bailout,indonesia,USDC
83,0.9001669310853172,2932370159458.903,572,S5_twin_shock_imf_bailout,indonesia,USDC
84,0.9047068959197064,2932110553618.455,572,S5_twin_shock_imf_bailout,indonesia,USDC
85,0.9007919579040897,2931885299901.271,572,S5_twin_shock_imf_bailout,indonesia,USDC
86,0.9131928779928028,2931673271632.6025,572,S5_twin_shock_imf_bailout,indonesia,USDC
87,0.8934908448477492,2931515919652.2334,572,S5_twin_shock_imf_bailout,indonesia,USDC
88,0.9235403486719508,2931308982330.2803,572,S5_twin_shock_imf_bailout,indonesia,USDC
89,0.9240161643158447,2931190436356.6436,572,S5_twin_shock_imf_bailout,indonesia,USDC
90,0.9406144496110979,2931081791728.188,572,S5_twin_shock_imf_bailout,indonesia,USDC
91,0.9503355544201181,2931013954337.2656,572,S5_twin_shock_imf_bailout,indonesia,USDC
92,0.9209869700487501,2930974104714.1924,572,S5_twin_shock_imf_bailout,indonesia,USDC
93,0.9377632549286079,2930868407830.853,572,S5_twin_shock_imf_bailout,indonesia,USDC
94,0.9388444426177236,2930802959902.6934,572,S5_twin_shock_imf_bailout,indonesia,USDC
95,0.9489079443151239,2930741749358.29,572,S5_twin_shock_imf_bailout,indonesia,USDC
96,0.940994947107725,2930698747996.3086,572,S5_twin_shock_imf_bailout,indonesia,USDC
97,0.9019587592885298,2930640899867.967,572,S5_twin_shock_imf_bailout,indonesia,USDC
98,0.9192576157715054,2930509255152.0522,572,S5_twin_shock_imf_bailout,indonesia,USDC
99,0.9235943778922271,2930420394500.0513,572,S5_twin_shock_imf_bailout,indonesia,USDC
100,0.937078068287372,2930343302468.762,572,S5_twin_shock_imf_bailout,indonesia,USDC
101,0.7870871220033412,2930291421214.5986,572,S5_twin_shock_imf_bailout,indonesia,USDC
102,0.8118284524645242,2930020188000.3125,572,S5_twin_shock_imf_bailout,indonesia,USDC
103,0.8173550768122902,2929815376541.999,572,S5_twin_shock_imf_bailout,indonesia,USDC
104,0.8368816665893306,2929656527426.241,572,S5_twin_shock_imf_bailout,indonesia,USDC
105,0.8129913853186828,2929534063704.791,572,S5_twin_shock_imf_bailout,indonesia,USDC
106,0.8536571000513778,2929411896154.2935,572,S5_twin_shock_imf_bailout,indonesia,USDC
107,0.8653327798921816,2929339092662.572,572,S5_twin_shock_imf_bailout,indonesia,USDC
108,0.8669959269529139,2929277055457.7085,572,S5_twin_shock_imf_bailout,indonesia,USDC
109,0.8793906647064028,2929224937487.2783,572,S5_twin_shock_imf_bailout,indonesia,USDC
110,0.8703022576574733,2929183797699.8345,572,S5_twin_shock_imf_bailout,indonesia,USDC
111,0.8518702011755516,2929141602800.582,572,S5_twin_shock_imf_bailout,indonesia,USDC
112,0.8490776251741302,2929097557214.7812,572,S5_twin_shock_imf_bailout,indonesia,USDC
113,0.8413332090188954,2929055995783.6523,572,S5_twin_shock_imf_bailout,indonesia,USDC
114,0.8820788135426172,2929018087646.558,572,S5_twin_shock_imf_bailout,indonesia,USDC
115,0.9119741599728518,2928995593919.866,572,S5_twin_shock_imf_bailout,indonesia,USDC
116,0.9394710365503448,2928981749732.0293,572,S5_twin_shock_imf_bailout,indonesia,USDC
117,0.9682380902503286,2928974901650.7773,572,S5_twin_shock_imf_bailout,indonesia,USDC
118,0.9533899160169259,2928974632827.191,572,S5_twin_shock_imf_bailout,indonesia,USDC
119,0.9479542640728117,2928971028817.257,572,S5_twin_shock_imf_bailout,indonesia,USDC
120,0.9641887804174237,2928966510810.1104,572,S5_twin_shock_imf_bailout,indonesia,USDC
121,600000.9462659336,2855781286742.681,572,S5_twin_shock_imf_bailout,indonesia,USDC
122,480001.95,2784418754574.1143,572,S5_twin_shock_imf_bailout,indonesia,USDC
123,384001.95,2714833885709.761,572,S5_twin_shock_imf_bailout,indonesia,USDC
124,307201.95,2646983518567.017,572,S5_twin_shock_imf_bailout,indonesia,USDC
125,245761.95,2580825314602.842,572,S5_twin_shock_imf_bailout,indonesia,USDC
126,196609.95,2516317788937.7705,572,S5_twin_shock_imf_bailout,indonesia,USDC
127,157288.35,2453420329974.3267,572,S5_twin_shock_imf_bailout,indonesia,USDC
128,125831.06999999999,2392093210332.9688,572,S5_twin_shock_imf_bailout,indonesia,USDC
129,100665.246,2332297590961.044,572,S5_twin_shock_imf_bailout,indonesia,USDC
130,80532.5868,2273995519896.1377,572,S5_twin_shock_imf_bailout,indonesia,USDC
131,64426.45944,2217149926866.0303,572,S5_twin_shock_imf_bailout,indonesia,USDC
132,51541.557552,2161724614668.2168,572,S5_twin_shock_imf_bailout,indonesia,USDC
133,41233.6360416,2107684248080.581,572,S5_twin_shock_imf_bailout,indonesia,USDC
134,32987.29883328,2054994340901.8218,572,S5_twin_shock_imf_bailout,indonesia,USDC
135,26390.229066624004,2003621241597.881,572,S5_twin_shock_imf_bailout,indonesia,USDC
136,21112.573253299208,1953532117932.8174,572,S5_twin_shock_imf_bailout,indonesia,USDC
137,16890.448602639364,1904694940884.4038,572,S5_twin_shock_imf_bailout,indonesia,USDC
138,13512.748882111493,1857078468082.2192,572,S5_twin_shock_imf_bailout,indonesia,USDC
139,10810.589105689196,1810652226956.104,572,S5_twin_shock_imf_bailout,indonesia,USDC
140,8648.861284551356,1765386497742.9536,572,S5_twin_shock_imf_bailout,indonesia,USDC
141,6919.479027641083,1721252296467.982,572,S5_twin_shock_imf_bailout,indonesia,USDC
142,5535.973222112866,1678221357991.1636,572,S5_twin_shock_imf_bailout,indonesia,USDC
143,4429.168577690293,1636266119189.29,572,S5_twin_shock_imf_bailout,indonesia,USDC
144,3543.724862152234,1595359702327.8816,572,S5_twin_shock_imf_bailout,indonesia,USDC
145,2835.3698897217873,1555475898664.344,572,S5_twin_shock_imf_bailout,indonesia,USDC
146,2268.6859117774297,1516589152313.463,572,S5_twin_shock_imf_bailout,indonesia,USDC
147,1815.338729421944,1478674544398.2083,572,S5_twin_shock_imf_bailout,indonesia,USDC
148,1452.6609835375552,1441707777502.3186,572,S5_twin_shock_imf_bailout,indonesia,USDC
149,1162.518786830044,1405665160436.013,572,S5_twin_shock_imf_bailout,indonesia,USDC
150,930.4050294640354,1370523593322.1147,572,S5_twin_shock_imf_bailout,indonesia,USDC
151,744.7140235712283,1336260553006.6633,572,S5_twin_shock_imf_bailout,indonesia,USDC
152,596.1612188569826,1302854078795.5781,572,S5_twin_shock_imf_bailout,indonesia,USDC
153,477.3189750855861,1270282758516.9536,572,S5_twin_shock_imf_bailout,indonesia,USDC
154,382.24518006846887,1238525714907.042,572,S5_twin_shock_imf_bailout,indonesia,USDC
155,306.1861440547751,1207562592316.7754,572,S5_twin_shock_imf_bailout,indonesia,USDC
156,245.3389152438201,1177373543734.7837,572,S5_twin_shock_imf_bailout,indonesia,USDC
157,196.66113219505607,1147939218122.1565,572,S5_twin_shock_imf_bailout,indonesia,USDC
158,157.71890575604485,1119240748053.6963,572,S5_twin_shock_imf_bailout,indonesia,USDC
159,126.5651246048359,1091259737660.0288,572,S5_twin_shock_imf_bailout,indonesia,USDC
160,101.64209968386872,1063978250864.6681,572,S5_twin_shock_imf_bailout,indonesia,USDC
161,81.70367974709498,1037378799909.9634,572,S5_twin_shock_imf_bailout,indonesia,USDC
162,65.75294379767598,1011444334165.7439,572,S5_twin_shock_imf_bailout,indonesia,USDC
163,52.99235503814079,986158229214.424,572,S5_twin_shock_imf_bailout,indonesia,USDC
164,42.78388403051264,961504276206.3223,572,S5_twin_shock_imf_bailout,indonesia,USDC
165,34.61710722441011,937466671478.9712,572,S5_twin_shock_imf_bailout,indonesia,USDC
166,28.083685779528086,914030006434.2427,572,S5_twin_shock_imf_bailout,indonesia,USDC
167,22.85694862362247,891179257667.1833,572,S5_twin_shock_imf_bailout,indonesia,USDC
168,18.675558898897975,868899777340.541,572,S5_twin_shock_imf_bailout,indonesia,USDC
169,15.330447119118379,847177283799.0574,572,S5_twin_shock_imf_bailout,indonesia,USDC
170,12.654357695294703,825997852417.7047,572,S5_twin_shock_imf_bailout,indonesia,USDC
171,10.513486156235762,805347906678.1611,572,S5_twin_shock_imf_bailout,indonesia,USDC
172,8.800788924988609,785214209467.9264,572,S5_twin_shock_imf_bailout,indonesia,USDC
173,7.430631139990888,765583854596.6036,572,S5_twin_shock_imf_bailout,indonesia,USDC
174,6.334504911992711,746444258523.9889,572,S5_twin_shock_imf_bailout,indonesia,USDC
175,5.457603929594168,727783152294.7294,572,S5_twin_shock_imf_bailout,indonesia,USDC
176,4.756083143675334,709588573674.4333,572,S5_twin_shock_imf_bailout,indonesia,USDC
177,4.1948665149402675,691848859482.2302,572,S5_twin_shock_imf_bailout,indonesia,USDC
178,3.745893211952214,674552638114.9008,572,S5_twin_shock_imf_bailout,indonesia,USDC
179,3.3867145695617715,657688822257.8092,572,S5_twin_shock_imf_bailout,indonesia,USDC
180,3.099371655649417,641246601777.9888,572,S5_twin_shock_imf_bailout,indonesia,USDC
181,2.8694973245195334,625215436794.839,572,S5_twin_shock_imf_bailout,indonesia,USDC
182,2.685597859615627,609585050924.0078,572,S5_twin_shock_imf_bailout,indonesia,USDC
183,2.5384782876925014,594345424690.1395,572,S5_twin_shock_imf_bailout,indonesia,USDC
184,2.420782630154001,579486789104.2715,572,S5_twin_shock_imf_bailout,indonesia,USDC
185,2.326626104123201,564999619401.7732,572,S5_twin_shock_imf_bailout,indonesia,USDC
186,2.2513008832985606,550874628936.8157,572,S5_twin_shock_imf_bailout,indonesia,USDC
187,2.1910407066388484,537102763229.4646,572,S5_twin_shock_imf_bailout,indonesia,USDC
188,2.1428325653110787,523675194161.5834,572,S5_twin_shock_imf_bailout,indonesia,USDC
189,2.0832620150777243,510583314317.82825,572,S5_twin_shock_imf_bailout,indonesia,USDC
190,2.0366418393658705,497818731468.11,572,S5_twin_shock_imf_bailout,indonesia,USDC
191,1.954943739329587,485373263187.98926,572,S5_twin_shock_imf_bailout,indonesia,USDC
192,1.860914510675709,473238931613.5552,572,S5_twin_shock_imf_bailout,indonesia,USDC
193,1.798436655791984,461407958327.42883,572,S5_twin_shock_imf_bailout,indonesia,USDC
194,1.6989470621759881,449872759372.61304,572,S5_twin_shock_imf_bailout,indonesia,USDC
195,1.65073242340114,438625940390.99365,572,S5_twin_shock_imf_bailout,indonesia,USDC
196,1.5477471483685958,427660291883.3756,572,S5_twin_shock_imf_bailout,indonesia,USDC
197,1.4590625001802335,416968784588.0166,572,S5_twin_shock_imf_bailout,indonesia,USDC
198,1.3788789876906906,406544564974.69653,572,S5_twin_shock_imf_bailout,indonesia,USDC
199,1.3306289808675051,396380950851.4334,572,S5_twin_shock_imf_bailout,indonesia,USDC
200,1.2585116287428264,386471427081.031,572,S5_twin_shock_imf_bailout,indonesia,USDC
201,1.179615540012842,376809641404.712,572,S5_twin_shock_imf_bailout,indonesia,USDC
202,1.1105991275025358,367389400370.15955,572,S5_twin_shock_imf_bailout,indonesia,USDC
203,1.099519336038323,358204665361.3579,572,S5_twin_shock_imf_bailout,indonesia,USDC
204,1.0685863832260676,349249548727.6858,572,S5_twin_shock_imf_bailout,indonesia,USDC
205,1.0309215568466692,340518310009.7831,572,S5_twin_shock_imf_bailout,indonesia,USDC
206,1.00778879910108,332005352259.77014,572,S5_twin_shock_imf_bailout,indonesia,USDC
207,0.9747016133300088,323705218453.4611,572,S5_twin_shock_imf_bailout,indonesia,USDC
208,0.9608468063407573,315612587992.2728,572,S5_twin_shock_imf_bailout,indonesia,USDC
209,0.9269090251936324,307720817673.5448,572,S5_twin_shock_imf_bailout,indonesia,USDC
210,0.9405715354584069,300019878628.05084,572,S5_twin_shock_imf_bailout,indonesia,USDC
211,0.9564034147985905,292513906849.78754,572,S5_twin_shock_imf_bailout,indonesia,USDC
212,0.9672108335798569,285198924399.2916,572,S5_twin_shock_imf_bailout,indonesia,USDC
213,0.9457796852473843,278068639163.8198,572,S5_twin_shock_imf_bailout,indonesia,USDC
214,0.9290661724594341,271112625363.052,572,S5_twin_shock_imf_bailout,indonesia,USDC
215,0.9305858499250063,264327440281.8485,572,S5_twin_shock_imf_bailout,indonesia,USDC
216,0.9062839440173661,257713056338.11414,572,S5_twin_shock_imf_bailout,indonesia,USDC
217,0.9197185613989202,251260428181.2388,572,S5_twin_shock_imf_bailout,indonesia,USDC
218,0.9086478066940946,244971702483.8144,572,S5_twin_shock_imf_bailout,indonesia,USDC
219,0.8797251989803977,238838746275.95343,572,S5_twin_shock_imf_bailout,indonesia,USDC
220,0.8558042553059872,232855177824.18414,572,S5_twin_shock_imf_bailout,indonesia,USDC
221,0.8536388019086918,227019646007.60913,572,S5_twin_shock_imf_bailout,indonesia,USDC
222,0.8205445956188206,221331942897.37946,572,S5_twin_shock_imf_bailout,indonesia,USDC
223,0.8124678614078781,215784080625.75027,572,S5_twin_shock_imf_bailout,indonesia,USDC
224,0.776824218946404,210376184750.82712,572,S5_twin_shock_imf_bailout,indonesia,USDC
225,0.771204676341029,205103654007.40018,572,S5_twin_shock_imf_bailout,indonesia,USDC
226,0.7758271443043141,199965136717.8151,572,S5_twin_shock_imf_bailout,indonesia,USDC
227,0.7867177684039321,194957612569.06088,572,S5_twin_shock_imf_bailout,indonesia,USDC
228,0.8039417535515619,190077110178.98196,572,S5_twin_shock_imf_bailout,indonesia,USDC
229,0.7924576366868086,185320421814.3667,572,S5_twin_shock_imf_bailout,indonesia,USDC
230,0.794057254520926,180682873460.31598,572,S5_twin_shock_imf_bailout,indonesia,USDC
231,0.7825806892779976,176162198812.7625,572,S5_twin_shock_imf_bailout,indonesia,USDC
232,0.7974715965291572,171754926484.88913,572,S5_twin_shock_imf_bailout,indonesia,USDC
233,0.7593126002939613,167458663845.03232,572,S5_twin_shock_imf_bailout,indonesia,USDC
234,0.7565502320210764,163269889267.46387,572,S5_twin_shock_imf_bailout,indonesia,USDC
235,0.7649291612935811,159186219488.81903,572,S5_twin_shock_imf_bailout,indonesia,USDC
236,0.7680252964199641,155205178485.99127,572,S5_twin_shock_imf_bailout,indonesia,USDC
237,0.7567557885347208,151323918642.28473,572,S5_twin_shock_imf_bailout,indonesia,USDC
238,0.7608639309148097,147539929620.0777,572,S5_twin_shock_imf_bailout,indonesia,USDC
239,0.7618570672804352,143850724923.748,572,S5_twin_shock_imf_bailout,indonesia,USDC
240,0.7818347310266526,140253888049.75436,572,S5_twin_shock_imf_bailout,indonesia,USDC
241,0.7689321610400858,136747143157.56781,572,S5_twin_shock_imf_bailout,indonesia,USDC
242,0.7763358728457201,133328111993.99402,572,S5_twin_shock_imf_bailout,indonesia,USDC
243,0.787674208246032,129994633306.68118,572,S5_twin_shock_imf_bailout,indonesia,USDC
244,0.791792001586522,126744563613.08057,572,S5_twin_shock_imf_bailout,indonesia,USDC
245,0.795607821695274,123575783792.75339,572,S5_twin_shock_imf_bailout,indonesia,USDC
246,0.7913312339862595,120486259431.3375,572,S5_twin_shock_imf_bailout,indonesia,USDC
247,0.7854224726771001,117473995612.45181,572,S5_twin_shock_imf_bailout,indonesia,USDC
248,0.8091058465812256,114537052506.66913,572,S5_twin_shock_imf_bailout,indonesia,USDC
249,0.808118447084707,111673558844.68611,572,S5_twin_shock_imf_bailout,indonesia,USDC
250,0.7840532319663651,108881665560.38968,572,S5_twin_shock_imf_bailout,indonesia,USDC
251,0.7946637612596035,106159571503.97208,572,S5_twin_shock_imf_bailout,indonesia,USDC
252,0.811077452876619,103505542743.30194,572,S5_twin_shock_imf_bailout,indonesia,USDC
253,0.7928399170948813,100917872638.72882,572,S5_twin_shock_imf_bailout,indonesia,USDC
254,0.7845947003604643,98394898146.14304,572,S5_twin_shock_imf_bailout,indonesia,USDC
255,0.7685316617925323,95935001698.98029,572,S5_twin_shock_imf_bailout,indonesia,USDC
256,0.7774485234684406,93536603959.74278,572,S5_twin_shock_imf_bailout,indonesia,USDC
257,0.7856246095434183,91198171673.98964,572,S5_twin_shock_imf_bailout,indonesia,USDC
258,0.7642659808496455,88918204958.79897,572,S5_twin_shock_imf_bailout,indonesia,USDC
259,0.7342369910560879,86695238443.89133,572,S5_twin_shock_imf_bailout,indonesia,USDC
260,0.7548033151382174,84527846613.52689,572,S5_twin_shock_imf_bailout,indonesia,USDC
261,0.7668453635653265,82414642747.70721,572,S5_twin_shock_imf_bailout,indonesia,USDC
262,0.7585944162803985,80354271236.87747,572,S5_twin_shock_imf_bailout,indonesia,USDC
263,0.7761159874399974,78345409755.48631,572,S5_twin_shock_imf_bailout,indonesia,USDC
264,0.7642297105518829,76386771269.50552,572,S5_twin_shock_imf_bailout,indonesia,USDC
265,0.7652945170020744,74477099263.06935,572,S5_twin_shock_imf_bailout,indonesia,USDC
266,0.7760066645400269,72615169481.17825,572,S5_twin_shock_imf_bailout,indonesia,USDC
267,0.7624265380518321,70799788623.54916,572,S5_twin_shock_imf_bailout,indonesia,USDC
268,0.7503014300259633,69029792499.93439,572,S5_twin_shock_imf_bailout,indonesia,USDC
269,0.7769979092135448,67304046473.458115,572,S5_twin_shock_imf_bailout,indonesia,USDC
270,0.7900933278744019,65621444477.79077,572,S5_twin_shock_imf_bailout,indonesia,USDC
271,0.776655069790094,63980907725.095116,572,S5_twin_shock_imf_bailout,indonesia,USDC
272,0.7714867348877601,62381384457.39954,572,S5_twin_shock_imf_bailout,indonesia,USDC
273,0.7896459726412514,60821849373.62451,572,S5_twin_shock_imf_bailout,indonesia,USDC
274,0.822963490841178,59301302811.22887,572,S5_twin_shock_imf_bailout,indonesia,USDC
275,0.8339370072662284,57818770021.627045,572,S5_twin_shock_imf_bailout,indonesia,USDC
276,0.8130495306074672,56373300601.404175,572,S5_twin_shock_imf_bailout,indonesia,USDC
277,0.8106424735097225,54963967905.37316,572,S5_twin_shock_imf_bailout,indonesia,USDC
278,0.8068395203600899,53589868553.702225,572,S5_twin_shock_imf_bailout,indonesia,USDC
279,0.8150771997111007,52250121708.05707,572,S5_twin_shock_imf_bailout,indonesia,USDC
280,0.817630418593073,50943868567.47103,572,S5_twin_shock_imf_bailout,indonesia,USDC
281,0.802413488879986,49670271771.4852,572,S5_twin_shock_imf_bailout,indonesia,USDC
282,0.7871706946786702,48428514898.811874,572,S5_twin_shock_imf_bailout,indonesia,USDC
283,0.813320585698582,47217801953.55881,572,S5_twin_shock_imf_bailout,indonesia,USDC
284,0.817868456497517,46037356854.93634,572,S5_twin_shock_imf_bailout,indonesia,USDC
285,0.8111723315246763,44886422891.03878,572,S5_twin_shock_imf_bailout,indonesia,USDC
286,0.8056121819991211,43764262281.32984,572,S5_twin_shock_imf_bailout,indonesia,USDC
287,0.8008005918566726,42670155693.81265,572,S5_twin_shock_imf_bailout,indonesia,USDC
288,0.7991452389596144,41603401775.08685,572,S5_twin_shock_imf_bailout,indonesia,USDC
289,0.8165784289509412,40563316708.442184,572,S5_twin_shock_imf_bailout,indonesia,USDC
290,0.8110747327417551,39549233773.7146,572,S5_twin_shock_imf_bailout,indonesia,USDC
291,0.803600374633885,38560502913.80182,572,S5_twin_shock_imf_bailout,indonesia,USDC
292,0.8122605811111681,37596490327.863365,572,S5_twin_shock_imf_bailout,indonesia,USDC
293,0.8325167125566969,36656578059.30119,572,S5_twin_shock_imf_bailout,indonesia,USDC
294,0.8231409668073149,35740163600.201546,572,S5_twin_shock_imf_bailout,indonesia,USDC
295,0.833479077499057,34846659503.164856,572,S5_twin_shock_imf_bailout,indonesia,USDC
296,0.8144707855717129,33975493009.884922,572,S5_twin_shock_imf_bailout,indonesia,USDC
297,0.7900082578606703,33126105678.921295,572,S5_twin_shock_imf_bailout,indonesia,USDC
298,0.7945569673267907,32297953031.393387,572,S5_twin_shock_imf_bailout,indonesia,USDC
299,0.7873100974014742,31490504201.45695,572,S5_twin_shock_imf_bailout,indonesia,USDC
300,0.7983548460788951,30703241592.683743,572,S5_twin_shock_imf_bailout,indonesia,USDC
301,0.8036366810302908,29935660549.94819,572,S5_twin_shock_imf_bailout,indonesia,USDC
302,0.7968592089930753,29187269034.008778,572,S5_twin_shock_imf_bailout,indonesia,USDC
303,0.7812918902742115,28457587306.165936,572,S5_twin_shock_imf_bailout,indonesia,USDC
304,0.7664779219457664,27746147621.684826,572,S5_twin_shock_imf_bailout,indonesia,USDC
305,0.7787207780254467,27052493929.61643,572,S5_twin_shock_imf_bailout,indonesia,USDC
306,0.8016136972270512,26376181580.231606,572,S5_twin_shock_imf_bailout,indonesia,USDC
307,0.7948325788934524,25716777039.91009,572,S5_twin_shock_imf_bailout,indonesia,USDC
308,0.798442474352978,25073857613.190495,572,S5_twin_shock_imf_bailout,indonesia,USDC
309,0.8193224096469582,24447011172.27845,572,S5_twin_shock_imf_bailout,indonesia,USDC
310,0.8180371462707952,23835835892.540665,572,S5_twin_shock_imf_bailout,indonesia,USDC
311,0.8021230660938505,23239939994.860146,572,S5_twin_shock_imf_bailout,indonesia,USDC
312,0.7981800883541325,22658941494.65353,572,S5_twin_shock_imf_bailout,indonesia,USDC
313,0.8071917275519856,22092467957.002117,572,S5_twin_shock_imf_bailout,indonesia,USDC
314,0.7925958534956508,21540156257.863033,572,S5_twin_shock_imf_bailout,indonesia,USDC
315,0.8058369459939843,21001652351.219906,572,S5_twin_shock_imf_bailout,indonesia,USDC
316,0.8136785413134653,20476611042.288956,572,S5_twin_shock_imf_bailout,indonesia,USDC
317,0.8302089834831575,19964695766.106194,572,S5_twin_shock_imf_bailout,indonesia,USDC
318,0.831430689264286,19465578371.859123,572,S5_twin_shock_imf_bailout,indonesia,USDC
319,0.813104385669865,18978938912.48394,572,S5_twin_shock_imf_bailout,indonesia,USDC
320,0.8518393593833498,18504465439.5948,572,S5_twin_shock_imf_bailout,indonesia,USDC
321,0.8490187787607926,18041853803.55497,572,S5_twin_shock_imf_bailout,indonesia,USDC
322,0.8396570702300435,17590807458.422005,572,S5_twin_shock_imf_bailout,indonesia,USDC
323,0.8374455408563727,17151037271.920513,572,S5_twin_shock_imf_bailout,indonesia,USDC
324,0.8519947091621805,16722261340.086105,572,S5_twin_shock_imf_bailout,indonesia,USDC
325,0.8623859230045897,16304204806.555117,572,S5_twin_shock_imf_bailout,indonesia,USDC
326,0.8381002221827845,15896599686.368036,572,S5_twin_shock_imf_bailout,indonesia,USDC
327,0.8373708747369328,15499184694.183376,572,S5_twin_shock_imf_bailout,indonesia,USDC
328,0.8386835661563582,15111705076.80605,572,S5_twin_shock_imf_bailout,indonesia,USDC
329,0.8240464379230175,14733912449.866385,572,S5_twin_shock_imf_bailout,indonesia,USDC
330,0.811664811632805,14365564638.600918,572,S5_twin_shock_imf_bailout,indonesia,USDC
331,0.805377522676675,14006425522.619198,572,S5_twin_shock_imf_bailout,indonesia,USDC
332,0.7987710710035928,13656264884.538403,572,S5_twin_shock_imf_bailout,indonesia,USDC
333,0.8056810000271484,13314858262.411652,572,S5_twin_shock_imf_bailout,indonesia,USDC
334,0.8198950036739971,12981986805.84103,572,S5_twin_shock_imf_bailout,indonesia,USDC
335,0.8256199364809805,12657437135.687277,572,S5_twin_shock_imf_bailout,indonesia,USDC
336,0.8300530776664204,12341001207.288338,572,S5_twin_shock_imf_bailout,indonesia,USDC
337,0.8304870318145361,12032476177.100779,572,S5_twin_shock_imf_bailout,indonesia,USDC
338,0.8221990160994033,11731664272.668566,572,S5_twin_shock_imf_bailout,indonesia,USDC
339,0.7974664499856051,11438372665.847492,572,S5_twin_shock_imf_bailout,indonesia,USDC
340,0.7851613975872295,11152413349.197163,572,S5_twin_shock_imf_bailout,indonesia,USDC
341,0.7964075254212583,10873603015.463625,572,S5_twin_shock_imf_bailout,indonesia,USDC
342,0.8065505719483854,10601762940.074142,572,S5_twin_shock_imf_bailout,indonesia,USDC
343,0.8161570617964445,10336718866.570087,572,S5_twin_shock_imf_bailout,indonesia,USDC
344,0.7908132666461075,10078300894.904028,572,S5_twin_shock_imf_bailout,indonesia,USDC
345,0.774599672090472,9826343372.529758,572,S5_twin_shock_imf_bailout,indonesia,USDC
346,0.7452638103772501,9580684788.21498,572,S5_twin_shock_imf_bailout,indonesia,USDC
347,0.7556348399971531,9341167668.508125,572,S5_twin_shock_imf_bailout,indonesia,USDC
348,0.7584401644440341,9107638476.794338,572,S5_twin_shock_imf_bailout,indonesia,USDC
349,0.7588137869012018,8879947514.873678,572,S5_twin_shock_imf_bailout,indonesia,USDC
350,0.7715932803211819,8657948827.001215,572,S5_twin_shock_imf_bailout,indonesia,USDC
351,0.7477783974499896,8441500106.325722,572,S5_twin_shock_imf_bailout,indonesia,USDC
352,0.7373043434628087,8230462603.667134,572,S5_twin_shock_imf_bailout,indonesia,USDC
353,0.7471382039527771,8024701038.575119,572,S5_twin_shock_imf_bailout,indonesia,USDC
354,0.7549464124087514,7824083512.610484,572,S5_twin_shock_imf_bailout,indonesia,USDC
355,0.7717435641360275,7628481424.795021,572,S5_twin_shock_imf_bailout,indonesia,USDC
356,0.8009410781766386,7437769389.175006,572,S5_twin_shock_imf_bailout,indonesia,USDC
357,0.80159183131545,7251825154.445536,572,S5_twin_shock_imf_bailout,indonesia,USDC
358,0.7901804872573561,7070529525.584316,572,S5_twin_shock_imf_bailout,indonesia,USDC
359,0.7834868129788362,6893766287.444641,572,S5_twin_shock_imf_bailout,indonesia,USDC
360,0.7536152504168258,6721422130.258467,572,S5_twin_shock_imf_bailout,indonesia,USDC
361,0.7526292057091736,6553386577.001951,572,S5_twin_shock_imf_bailout,indonesia,USDC
362,0.7443558192544305,6389551912.5768585,572,S5_twin_shock_imf_bailout,indonesia,USDC
363,0.7473734863902551,6229813114.762402,572,S5_twin_shock_imf_bailout,indonesia,USDC
364,0.7418399181134585,6074067786.893314,572,S5_twin_shock_imf_bailout,indonesia,USDC
365,0.7290610491005672,5922216092.220959,572,S5_twin_shock_imf_bailout,indonesia,USDC
366,0.7537685518028497,5774160689.915418,572,S5_twin_shock_imf_bailout,indonesia,USDC
367,0.737357338424415,5629806672.667519,572,S5_twin_shock_imf_bailout,indonesia,USDC
368,0.7358303988199016,5489061505.850821,572,S5_twin_shock_imf_bailout,indonesia,USDC
369,0.7520954409546757,5351834968.204542,572,S5_twin_shock_imf_bailout,indonesia,USDC
370,0.7756754164560752,5218039093.999423,572,S5_twin_shock_imf_bailout,indonesia,USDC
371,0.7439109575082966,5087588116.649433,572,S5_twin_shock_imf_bailout,indonesia,USDC
372,0.7557442400001064,4960398413.733193,572,S5_twin_shock_imf_bailout,indonesia,USDC
373,0.7570702143906325,4836388453.389861,572,S5_twin_shock_imf_bailout,indonesia,USDC
374,0.7693719906705584,4715478742.055113,572,S5_twin_shock_imf_bailout,indonesia,USDC
375,0.7501853284455778,4597591773.503734,572,S5_twin_shock_imf_bailout,indonesia,USDC
376,0.7406087602309082,4482651979.166139,572,S5_twin_shock_imf_bailout,indonesia,USDC
377,0.7458349752797218,4370585679.686983,572,S5_twin_shock_imf_bailout,indonesia,USDC
378,0.7589739041276748,4261321037.6948085,572,S5_twin_shock_imf_bailout,indonesia,USDC
379,0.7792814012263632,4154788011.7524376,572,S5_twin_shock_imf_bailout,indonesia,USDC
380,0.781526630896875,4050918311.458626,572,S5_twin_shock_imf_bailout,indonesia,USDC
381,0.7857638235892761,3949645353.6721606,572,S5_twin_shock_imf_bailout,indonesia,USDC
382,0.794038036216263,3850904219.8303566,572,S5_twin_shock_imf_bailout,indonesia,USDC
383,0.7930481727089111,3754631614.334598,572,S5_twin_shock_imf_bailout,indonesia,USDC
384,0.7887651344874147,3660765823.9762325,572,S5_twin_shock_imf_bailout,indonesia,USDC
385,0.7685228184561756,3569246678.376827,572,S5_twin_shock_imf_bailout,indonesia,USDC
386,0.7686169247257038,3480015511.417406,572,S5_twin_shock_imf_bailout,indonesia,USDC
387,0.7767774038890182,3393015123.6319704,572,S5_twin_shock_imf_bailout,indonesia,USDC
388,0.7776209007665827,3308189745.5411716,572,S5_twin_shock_imf_bailout,indonesia,USDC
389,0.7713909994856755,3225485001.9026423,572,S5_twin_shock_imf_bailout,indonesia,USDC
390,0.8002903776297691,3144847876.8550763,572,S5_twin_shock_imf_bailout,indonesia,USDC
391,0.7941703441061231,3066226679.9336996,572,S5_twin_shock_imf_bailout,indonesia,USDC
392,0.7903038248232034,2989571012.935357,572,S5_twin_shock_imf_bailout,indonesia,USDC
393,0.7714619222029849,2914831737.611973,572,S5_twin_shock_imf_bailout,indonesia,USDC
394,0.7833126780390636,2841960944.171674,572,S5_twin_shock_imf_bailout,indonesia,USDC
395,0.7828745376451689,2770911920.567382,572,S5_twin_shock_imf_bailout,indonesia,USDC
396,0.770157572332418,2701639122.5531974,572,S5_twin_shock_imf_bailout,indonesia,USDC
397,0.7719108018504909,2634098144.4893675,572,S5_twin_shock_imf_bailout,indonesia,USDC
398,0.7986102864652417,2568245690.877133,572,S5_twin_shock_imf_bailout,indonesia,USDC
399,0.8146793759941375,2504039548.605205,572,S5_twin_shock_imf_bailout,indonesia,USDC
400,0.8021910051053583,2441438559.8900747,572,S5_twin_shock_imf_bailout,indonesia,USDC
401,0.8042206488120975,2380402595.8928227,572,S5_twin_shock_imf_bailout,indonesia,USDC
402,0.7901889567891002,2320892530.9955025,572,S5_twin_shock_imf_bailout,indonesia,USDC
403,0.7734926351706048,2262870217.7206144,572,S5_twin_shock_imf_bailout,indonesia,USDC
404,0.7755015188486484,2206298462.2775993,572,S5_twin_shock_imf_bailout,indonesia,USDC
405,0.769331899472561,2151141000.7206597,572,S5_twin_shock_imf_bailout,indonesia,USDC
406,0.7542408677721171,2097362475.702643,572,S5_twin_shock_imf_bailout,indonesia,USDC
407,0.7528929310972398,2044928413.810077,572,S5_twin_shock_imf_bailout,indonesia,USDC
408,0.7394341150179274,1993805203.4648252,572,S5_twin_shock_imf_bailout,indonesia,USDC
409,0.7560475614264626,1943960073.3782043,572,S5_twin_shock_imf_bailout,indonesia,USDC
410,0.7443917965924852,1895361071.5437493,572,S5_twin_shock_imf_bailout,indonesia,USDC
411,0.7504277116730041,1847977044.7551556,572,S5_twin_shock_imf_bailout,indonesia,USDC
412,0.7757296494391777,1801777618.6362767,572,S5_twin_shock_imf_bailout,indonesia,USDC
413,0.775610144759788,1756733178.1703696,572,S5_twin_shock_imf_bailout,indonesia,USDC
414,0.7828284561223079,1712814848.7161102,572,S5_twin_shock_imf_bailout,indonesia,USDC
415,0.7644438394603765,1669994477.4982076,572,S5_twin_shock_imf_bailout,indonesia,USDC
416,0.7748712628037175,1628244615.5607524,572,S5_twin_shock_imf_bailout,indonesia,USDC
417,0.7661068463138425,1587538500.1717336,572,S5_twin_shock_imf_bailout,indonesia,USDC
418,0.782205339491668,1547850037.6674404,572,S5_twin_shock_imf_bailout,indonesia,USDC
419,0.7630240143371789,1509153786.7257543,572,S5_twin_shock_imf_bailout,indonesia,USDC
420,0.778097584712468,1471424942.0576103,572,S5_twin_shock_imf_bailout,indonesia,USDC
421,0.7776153101276072,1434639318.50617,572,S5_twin_shock_imf_bailout,indonesia,USDC
422,0.7773836887757155,1398773335.5435157,572,S5_twin_shock_imf_bailout,indonesia,USDC
423,0.7822423227134719,1363804002.1549277,572,S5_twin_shock_imf_bailout,indonesia,USDC
424,0.7856725555458183,1329708902.1010547,572,S5_twin_shock_imf_bailout,indonesia,USDC
425,0.7903699181605819,1296466179.5485284,572,S5_twin_shock_imf_bailout,indonesia,USDC
426,0.8252443121323552,1264054525.0598152,572,S5_twin_shock_imf_bailout,indonesia,USDC
427,0.8114914065416886,1232453161.9333198,572,S5_twin_shock_imf_bailout,indonesia,USDC
428,0.8177534767488426,1201641832.8849869,572,S5_twin_shock_imf_bailout,indonesia,USDC
429,0.8070907161810356,1171600787.0628622,572,S5_twin_shock_imf_bailout,indonesia,USDC
430,0.8070008711650416,1142310767.3862906,572,S5_twin_shock_imf_bailout,indonesia,USDC
431,0.8390344373760518,1113752998.2016335,572,S5_twin_shock_imf_bailout,indonesia,USDC
432,0.8323371418694184,1085909173.2465925,572,S5_twin_shock_imf_bailout,indonesia,USDC
433,0.8426928424489489,1058761443.9154277,572,S5_twin_shock_imf_bailout,indonesia,USDC
434,0.8156805640409008,1032292407.8175421,572,S5_twin_shock_imf_bailout,indonesia,USDC
435,0.8382083311582277,1006485097.6221036,572,S5_twin_shock_imf_bailout,indonesia,USDC
436,0.8328762361735049,981322970.181551,572,S5_twin_shock_imf_bailout,indonesia,USDC
437,0.8062714824122753,956789895.9270122,572,S5_twin_shock_imf_bailout,indonesia,USDC
438,0.81439347542813,932870148.528837,572,S5_twin_shock_imf_bailout,indonesia,USDC
439,0.7940548179661158,909548394.8156159,572,S5_twin_shock_imf_bailout,indonesia,USDC
440,0.8149418148511774,886809684.9452256,572,S5_twin_shock_imf_bailout,indonesia,USDC
441,0.7988430862534647,864639442.821595,572,S5_twin_shock_imf_bailout,indonesia,USDC
442,0.804441517900803,843023456.751055,572,S5_twin_shock_imf_bailout,indonesia,USDC
443,0.7907087239156966,821947870.3322787,572,S5_twin_shock_imf_bailout,indonesia,USDC
444,0.7729097147899383,801399173.5739717,572,S5_twin_shock_imf_bailout,indonesia,USDC
445,0.771125037593563,781364194.2346225,572,S5_twin_shock_imf_bailout,indonesia,USDC
446,0.7640509356307502,761830089.3787569,572,S5_twin_shock_imf_bailout,indonesia,USDC
447,0.7785259356793435,742784337.144288,572,S5_twin_shock_imf_bailout,indonesia,USDC
448,0.7541910348252535,724214728.7156808,572,S5_twin_shock_imf_bailout,indonesia,USDC
449,0.7444192062408103,706109360.4977888,572,S5_twin_shock_imf_bailout,indonesia,USDC
450,0.7534097047981472,688456626.4853442,572,S5_twin_shock_imf_bailout,indonesia,USDC
451,0.7501260180272483,671245210.8232105,572,S5_twin_shock_imf_bailout,indonesia,USDC
452,0.7434571303959846,654464080.5526303,572,S5_twin_shock_imf_bailout,indonesia,USDC
453,0.7736515414720458,638102478.5388145,572,S5_twin_shock_imf_bailout,indonesia,USDC
454,0.769144106814714,622149916.5753441,572,S5_twin_shock_imf_bailout,indonesia,USDC
455,0.7808298820655218,606596168.6609606,572,S5_twin_shock_imf_bailout,indonesia,USDC
456,0.7825334410323699,591431264.4444366,572,S5_twin_shock_imf_bailout,indonesia,USDC
457,0.7839924987733202,576645482.8333256,572,S5_twin_shock_imf_bailout,indonesia,USDC
458,0.770083184772658,562229345.7624924,572,S5_twin_shock_imf_bailout,indonesia,USDC
459,0.7756327102288296,548173612.1184301,572,S5_twin_shock_imf_bailout,indonesia,USDC
460,0.7860741050683874,534469271.8154694,572,S5_twin_shock_imf_bailout,indonesia,USDC
461,0.7876392266646254,521107540.0200826,572,S5_twin_shock_imf_bailout,indonesia,USDC
462,0.787216407337376,508079851.5195806,572,S5_twin_shock_imf_bailout,indonesia,USDC
463,0.7688006389748151,495377855.23159105,572,S5_twin_shock_imf_bailout,indonesia,USDC
464,0.7767244665134126,482993408.85080135,572,S5_twin_shock_imf_bailout,indonesia,USDC
465,0.8043099389611559,470918573.62953126,572,S5_twin_shock_imf_bailout,indonesia,USDC
466,0.8008174015259059,459145609.28879297,572,S5_twin_shock_imf_bailout,indonesia,USDC
467,0.8203007677104868,447666969.05657315,572,S5_twin_shock_imf_bailout,indonesia,USDC
468,0.8358190739573716,436475294.8301588,572,S5_twin_shock_imf_bailout,indonesia,USDC
469,0.8480248372054979,425563412.4594048,572,S5_twin_shock_imf_bailout,indonesia,USDC
470,0.8504790343365453,414924327.1479198,572,S5_twin_shock_imf_bailout,indonesia,USDC
471,0.8468357333609109,404551218.9692218,572,S5_twin_shock_imf_bailout,indonesia,USDC
472,0.8219061956372332,394437438.4949912,572,S5_twin_shock_imf_bailout,indonesia,USDC
473,0.802521551946128,384576502.5326164,572,S5_twin_shock_imf_bailout,indonesia,USDC
474,0.789320814476115,374962089.969301,572,S5_twin_shock_imf_bailout,indonesia,USDC
475,0.7871106080358029,365588037.72006845,572,S5_twin_shock_imf_bailout,indonesia,USDC
476,0.7782524393570271,356448336.7770667,572,S5_twin_shock_imf_bailout,indonesia,USDC
477,0.7604814836571696,347537128.3576401,572,S5_twin_shock_imf_bailout,indonesia,USDC
478,0.7514419956230307,338848700.1486991,572,S5_twin_shock_imf_bailout,indonesia,USDC
479,0.7517089124490851,330377482.6449816,572,S5_twin_shock_imf_bailout,indonesia,USDC
480,0.7643224556168347,322118045.57885706,572,S5_twin_shock_imf_bailout,indonesia,USDC
481,0.7569902344352138,314065094.43938565,572,S5_twin_shock_imf_bailout,indonesia,USDC
482,0.7304781136552689,306213467.07840097,572,S5_twin_shock_imf_bailout,indonesia,USDC
483,0.7683897388232557,298558130.401441,572,S5_twin_shock_imf_bailout,indonesia,USDC
484,0.7626942218231924,291094177.141405,572,S5_twin_shock_imf_bailout,indonesia,USDC
485,0.7723371858548201,283816822.7128698,572,S5_twin_shock_imf_bailout,indonesia,USDC
486,0.7888955285070962,276721402.14504814,572,S5_twin_shock_imf_bailout,indonesia,USDC
487,0.793391907046225,269803367.0914219,572,S5_twin_shock_imf_bailout,indonesia,USDC
488,0.7934899529913245,263058282.91413635,572,S5_twin_shock_imf_bailout,indonesia,USDC
489,0.7851785785042814,256481825.8412829,572,S5_twin_shock_imf_bailout,indonesia,USDC
490,0.7901398937868317,250069780.19525084,572,S5_twin_shock_imf_bailout,indonesia,USDC
491,0.8023623570622246,243818035.69036958,572,S5_twin_shock_imf_bailout,indonesia,USDC
492,0.8183459181736326,237722584.7981103,572,S5_twin_shock_imf_bailout,indonesia,USDC
493,0.8306363868876669,231779520.17815757,572,S5_twin_shock_imf_bailout,indonesia,USDC
494,0.8260280353317251,225985032.1737036,572,S5_twin_shock_imf_bailout,indonesia,USDC
495,0.8067137938162495,220335406.36936104,572,S5_twin_shock_imf_bailout,indonesia,USDC
496,0.7969804592459472,214827021.210127,572,S5_twin_shock_imf_bailout,indonesia,USDC
497,0.8080022565618187,209456345.67987382,572,S5_twin_shock_imf_bailout,indonesia,USDC
498,0.7746817764583995,204219937.037877,572,S5_twin_shock_imf_bailout,indonesia,USDC
499,0.7643739236337158,199114438.61193007,572,S5_twin_shock_imf_bailout,indonesia,USDC
500,0.7807327751684984,194136577.6466318,572,S5_twin_shock_imf_bailout,indonesia,USDC
501,0.7799956474087772,189283163.20546603,572,S5_twin_shock_imf_bailout,indonesia,USDC
502,0.7868975143225345,184551084.12532938,572,S5_twin_shock_imf_bailout,indonesia,USDC
503,0.7857388621613971,179937307.0221961,572,S5_twin_shock_imf_bailout,indonesia,USDC
504,0.7929257796628868,175438874.34664124,572,S5_twin_shock_imf_bailout,indonesia,USDC
505,0.7977638614226182,171052902.4879752,572,S5_twin_shock_imf_bailout,indonesia,USDC
506,0.7773973688355151,166776579.92577583,572,S5_twin_shock_imf_bailout,indonesia,USDC
507,0.6740071675824496,162607165.42763144,572,S5_twin_shock_imf_bailout,indonesia,USDC
508,0.7096619964846247,158541986.29194063,572,S5_twin_shock_imf_bailout,indonesia,USDC
509,0.723826446298302,154578436.63464212,572,S5_twin_shock_imf_bailout,indonesia,USDC
510,0.7285589056351071,150713975.7187761,572,S5_twin_shock_imf_bailout,indonesia,USDC
511,0.7495591142115777,146946126.32580668,572,S5_twin_shock_imf_bailout,indonesia,USDC
512,0.7527389985719606,143272473.16766152,572,S5_twin_shock_imf_bailout,indonesia,USDC
513,0.757764658305768,139690661.33846998,572,S5_twin_shock_imf_bailout,indonesia,USDC
514,0.7621573600841453,136198394.80500823,572,S5_twin_shock_imf_bailout,indonesia,USDC
515,0.7508458752477286,132793434.93488303,572,S5_twin_shock_imf_bailout,indonesia,USDC
516,0.771516850046813,129473599.06151095,572,S5_twin_shock_imf_bailout,indonesia,USDC
517,0.7646308267944641,126236759.08497317,572,S5_twin_shock_imf_bailout,indonesia,USDC
518,0.7665496488455749,123080840.10784885,572,S5_twin_shock_imf_bailout,indonesia,USDC
519,0.7485072124795465,120003819.10515264,572,S5_twin_shock_imf_bailout,indonesia,USDC
520,0.748126634937679,117003723.62752382,572,S5_twin_shock_imf_bailout,indonesia,USDC
521,0.7134439629609093,114078630.53683573,572,S5_twin_shock_imf_bailout,indonesia,USDC
522,0.7174647711348152,111226664.77341482,572,S5_twin_shock_imf_bailout,indonesia,USDC
523,0.7559441219004811,108445998.15407944,572,S5_twin_shock_imf_bailout,indonesia,USDC
524,0.7690691935880698,105734848.20022747,572,S5_twin_shock_imf_bailout,indonesia,USDC
525,0.7586908243175319,103091476.9952218,572,S5_twin_shock_imf_bailout,indonesia,USDC
526,0.7585663708985924,100514190.07034124,572,S5_twin_shock_imf_bailout,indonesia,USDC
527,0.7831013691638963,98001335.31858271,572,S5_twin_shock_imf_bailout,indonesia,USDC
528,0.7997665922229622,95551301.93561815,572,S5_twin_shock_imf_bailout,indonesia,USDC
529,0.8141161522123544,93162519.38722768,572,S5_twin_shock_imf_bailout,indonesia,USDC
530,0.7948581516261433,90833456.402547,572,S5_twin_shock_imf_bailout,indonesia,USDC
531,0.8201900195750287,88562619.99248332,572,S5_twin_shock_imf_bailout,indonesia,USDC
532,0.8149798897795262,86348554.49267125,572,S5_twin_shock_imf_bailout,indonesia,USDC
533,0.8131262224862228,84189840.63035446,572,S5_twin_shock_imf_bailout,indonesia,USDC
534,0.7962666324720481,82085094.6145956,572,S5_twin_shock_imf_bailout,indonesia,USDC
535,0.802554011290061,80032967.24923071,572,S5_twin_shock_imf_bailout,indonesia,USDC
536,0.7818095837203571,78032143.06799994,572,S5_twin_shock_imf_bailout,indonesia,USDC
537,0.7771268460335238,76081339.49129996,572,S5_twin_shock_imf_bailout,indonesia,USDC
538,0.7754141409075053,74179306.00401744,572,S5_twin_shock_imf_bailout,indonesia,USDC
539,0.7724159631102522,72324823.35391702,572,S5_twin_shock_imf_bailout,indonesia,USDC
540,0.7776392648500432,70516702.77006909,572,S5_twin_shock_imf_bailout,indonesia,USDC
541,0.7822935647547816,68753785.20081735,572,S5_twin_shock_imf_bailout,indonesia,USDC
542,0.7943780516737134,67034940.57079692,572,S5_twin_shock_imf_bailout,indonesia,USDC
543,0.7794703878991136,65359067.056526996,572,S5_twin_shock_imf_bailout,indonesia,USDC
544,0.777090175357105,63725090.380113825,572,S5_twin_shock_imf_bailout,indonesia,USDC
545,0.792170912794151,62131963.12061098,572,S5_twin_shock_imf_bailout,indonesia,USDC
546,0.8141836797120736,60578664.04259571,572,S5_twin_shock_imf_bailout,indonesia,USDC
547,0.8065487883007155,59064197.441530816,572,S5_twin_shock_imf_bailout,indonesia,USDC
548,0.7793627566869848,57587592.50549254,572,S5_twin_shock_imf_bailout,indonesia,USDC
549,0.7970197098746491,56147902.69285524,572,S5_twin_shock_imf_bailout,indonesia,USDC
550,0.8023594376349754,54744205.12553385,572,S5_twin_shock_imf_bailout,indonesia,USDC
551,0.8172392981662034,53375599.997395515,572,S5_twin_shock_imf_bailout,indonesia,USDC
552,0.8021360898917491,52041209.99746062,572,S5_twin_shock_imf_bailout,indonesia,USDC
553,0.8300603019832856,50740179.747524105,572,S5_twin_shock_imf_bailout,indonesia,USDC
554,0.844880858040183,49471675.253836006,572,S5_twin_shock_imf_bailout,indonesia,USDC
555,0.7330674043987323,48234883.37249011,572,S5_twin_shock_imf_bailout,indonesia,USDC
556,0.7410511040323797,47029011.28817785,572,S5_twin_shock_imf_bailout,indonesia,USDC
557,0.7553012987995039,45853286.0059734,572,S5_twin_shock_imf_bailout,indonesia,USDC
558,0.6700575020122759,44706953.85582407,572,S5_twin_shock_imf_bailout,indonesia,USDC
559,0.680086864708708,43589280.009428464,572,S5_twin_shock_imf_bailout,indonesia,USDC
560,0.699756061980971,42499548.00919276,572,S5_twin_shock_imf_bailout,indonesia,USDC
561,0.7175574974714873,41437059.30896293,572,S5_twin_shock_imf_bailout,indonesia,USDC
562,0.7101748629912545,40401132.82623886,572,S5_twin_shock_imf_bailout,indonesia,USDC
563,0.7211935478454674,39391104.50558289,572,S5_twin_shock_imf_bailout,indonesia,USDC
564,0.7514864329788246,38406326.892943315,572,S5_twin_shock_imf_bailout,indonesia,USDC
565,0.7422649628447091,37446168.72061974,572,S5_twin_shock_imf_bailout,indonesia,USDC
566,0.7587703487307451,36510014.50260424,572,S5_twin_shock_imf_bailout,indonesia,USDC
567,0.7860487257272532,35597264.14003913,572,S5_twin_shock_imf_bailout,indonesia,USDC
568,0.7712149434285619,34707332.536538154,572,S5_twin_shock_imf_bailout,indonesia,USDC
569,0.7713561070906028,33839649.223124705,572,S5_twin_shock_imf_bailout,indonesia,USDC
570,0.7673768942490029,32993657.99254659,572,S5_twin_shock_imf_bailout,indonesia,USDC
571,0.7716339596038787,32168816.542732924,572,S5_twin_shock_imf_bailout,indonesia,USDC
572,0.7622526353252614,31364596.1291646,572,S5_twin_shock_imf_bailout,indonesia,USDC
573,0.7491596614499216,30580481.22593548,572,S5_twin_shock_imf_bailout,indonesia,USDC
574,0.7711231042684127,29815969.195287094,572,S5_twin_shock_imf_bailout,indonesia,USDC
575,0.7828739797964414,29070569.965404917,572,S5_twin_shock_imf_bailout,indonesia,USDC
576,0.7568171638494843,28343805.71626979,572,S5_twin_shock_imf_bailout,indonesia,USDC
577,0.7751159331383585,27635210.573363047,572,S5_twin_shock_imf_bailout,indonesia,USDC
578,0.8052007397064884,26944330.309028976,572,S5_twin_shock_imf_bailout,indonesia,USDC
579,0.8248425922410733,26270722.05130325,572,S5_twin_shock_imf_bailout,indonesia,USDC
580,0.816510035879687,25613954.000020668,572,S5_twin_shock_imf_bailout,indonesia,USDC
581,0.7856308287308219,24973605.150020152,572,S5_twin_shock_imf_bailout,indonesia,USDC
582,0.7841711685474303,24349265.02126965,572,S5_twin_shock_imf_bailout,indonesia,USDC
583,0.7798792538824281,23740533.395737905,572,S5_twin_shock_imf_bailout,indonesia,USDC
584,0.7764770846520312,23147020.06084446,572,S5_twin_shock_imf_bailout,indonesia,USDC
585,0.7827602321548485,22568344.559323348,572,S5_twin_shock_imf_bailout,indonesia,USDC
586,0.7793886391495118,22004135.945340265,572,S5_twin_shock_imf_bailout,indonesia,USDC
587,0.7794557424963622,21454032.54670676,572,S5_twin_shock_imf_bailout,indonesia,USDC
588,0.7749014078025465,20917681.73303909,572,S5_twin_shock_imf_bailout,indonesia,USDC
589,0.7943510071162511,20394739.689713113,572,S5_twin_shock_imf_bailout,indonesia,USDC
590,0.7898193463919646,19884871.197470285,572,S5_twin_shock_imf_bailout,indonesia,USDC
591,0.7895106660030516,19387749.417533524,572,S5_twin_shock_imf_bailout,indonesia,USDC
592,0.804559823604743,18903055.68209519,572,S5_twin_shock_imf_bailout,indonesia,USDC
593,0.7946757795122349,18430479.29004281,572,S5_twin_shock_imf_bailout,indonesia,USDC
594,0.7871461946975791,17969717.30779174,572,S5_twin_shock_imf_bailout,indonesia,USDC
595,0.8033258424889107,17520474.375096943,572,S5_twin_shock_imf_bailout,indonesia,USDC
596,0.8065883871085295,17082462.51571952,572,S5_twin_shock_imf_bailout,indonesia,USDC
597,0.8285508866902653,16655400.952826533,572,S5_twin_shock_imf_bailout,indonesia,USDC
598,0.8140954910933067,16239015.929005869,572,S5_twin_shock_imf_bailout,indonesia,USDC
599,0.8138900721085606,15833040.530780721,572,S5_twin_shock_imf_bailout,indonesia,USDC
600,0.8281355849152852,15437214.517511204,572,S5_twin_shock_imf_bailout,indonesia,USDC
601,0.8310951350731575,15051284.154573424,572,S5_twin_shock_imf_bailout,indonesia,USDC
602,0.8027543787420278,14675002.05070909,572,S5_twin_shock_imf_bailout,indonesia,USDC
603,0.7991205894005704,14308126.99944136,572,S5_twin_shock_imf_bailout,indonesia,USDC
604,0.8000114380327963,13950423.824455326,572,S5_twin_shock_imf_bailout,indonesia,USDC
605,0.8032383647052153,13601663.228843942,572,S5_twin_shock_imf_bailout,indonesia,USDC
606,0.781969358430612,13261621.648122843,572,S5_twin_shock_imf_bailout,indonesia,USDC
607,0.7846376092369136,12930081.106919773,572,S5_twin_shock_imf_bailout,indonesia,USDC
608,0.7853785916664978,12606829.079246778,572,S5_twin_shock_imf_bailout,indonesia,USDC
609,0.7856798060099547,12291658.35226561,572,S5_twin_shock_imf_bailout,indonesia,USDC
610,0.7915976758331043,11984366.893458968,572,S5_twin_shock_imf_bailout,indonesia,USDC
611,0.8299465645909894,11684757.721122494,572,S5_twin_shock_imf_bailout,indonesia,USDC
612,0.8039414293054675,11392638.778094431,572,S5_twin_shock_imf_bailout,indonesia,USDC
613,0.8022085264285227,11107822.80864207,572,S5_twin_shock_imf_bailout,indonesia,USDC
614,0.8067223087288056,10830127.238426019,572,S5_twin_shock_imf_bailout,indonesia,USDC
615,0.8109132539143233,10559374.057465367,572,S5_twin_shock_imf_bailout,indonesia,USDC
616,0.7974168463123253,10295389.706028733,572,S5_twin_shock_imf_bailout,indonesia,USDC
617,0.8015515848436727,10038004.963378016,572,S5_twin_shock_imf_bailout,indonesia,USDC
618,0.8079761589934061,9787054.839293566,572,S5_twin_shock_imf_bailout,indonesia,USDC
619,0.808989865559439,9542378.468311226,572,S5_twin_shock_imf_bailout,indonesia,USDC
620,0.8360773865375041,9303819.006603446,572,S5_twin_shock_imf_bailout,indonesia,USDC
621,0.8587523219989357,9071223.531438358,572,S5_twin_shock_imf_bailout,indonesia,USDC
622,0.817528267308655,8844442.943152402,572,S5_twin_shock_imf_bailout,indonesia,USDC
623,0.8075776740285844,8623331.869573591,572,S5_twin_shock_imf_bailout,indonesia,USDC
624,0.78852023738684,8407748.57283425,572,S5_twin_shock_imf_bailout,indonesia,USDC
625,0.765795687163199,8197554.858513394,572,S5_twin_shock_imf_bailout,indonesia,USDC
626,0.7589092850901316,7992615.987050559,572,S5_twin_shock_imf_bailout,indonesia,USDC
627,0.7699206888692913,7792800.587374296,572,S5_twin_shock_imf_bailout,indonesia,USDC
628,0.7814166061182096,7597980.572689937,572,S5_twin_shock_imf_bailout,indonesia,USDC
629,0.7957114632124923,7408031.058372689,572,S5_twin_shock_imf_bailout,indonesia,USDC
630,0.7554146555428661,7222830.281913372,572,S5_twin_shock_imf_bailout,indonesia,USDC
631,0.7584690693929367,7042259.524865538,572,S5_twin_shock_imf_bailout,indonesia,USDC
632,0.7843664198254336,6866203.0367439,572,S5_twin_shock_imf_bailout,indonesia,USDC
633,0.7831456266552621,6694547.960825302,572,S5_twin_shock_imf_bailout,indonesia,USDC
634,0.7769247025894815,6527184.26180467,572,S5_twin_shock_imf_bailout,indonesia,USDC
635,0.759689955603275,6364004.655259553,572,S5_twin_shock_imf_bailout,indonesia,USDC
636,0.7584912818617073,6204904.538878064,572,S5_twin_shock_imf_bailout,indonesia,USDC
637,0.7693569395435548,6049781.925406112,572,S5_twin_shock_imf_bailout,indonesia,USDC
638,0.7884648976472057,5898537.377270959,572,S5_twin_shock_imf_bailout,indonesia,USDC
639,0.8084655313591527,5751073.942839186,572,S5_twin_shock_imf_bailout,indonesia,USDC
640,0.798340731106744,5607297.0942682065,572,S5_twin_shock_imf_bailout,indonesia,USDC
641,0.7906469785322601,5467114.666911501,572,S5_twin_shock_imf_bailout,indonesia,USDC
642,0.8009557622332523,5330436.800238714,572,S5_twin_shock_imf_bailout,indonesia,USDC
643,0.7839431406442956,5197175.880232745,572,S5_twin_shock_imf_bailout,indonesia,USDC
644,0.7616948998737516,5067246.483226927,572,S5_twin_shock_imf_bailout,indonesia,USDC
645,0.7807467544283105,4940565.3211462535,572,S5_twin_shock_imf_bailout,indonesia,USDC
646,0.7454492510411979,4817051.188117597,572,S5_twin_shock_imf_bailout,indonesia,USDC
647,0.7802343927441773,4696624.908414657,572,S5_twin_shock_imf_bailout,indonesia,USDC
648,0.7757726789542106,4579209.2857042905,572,S5_twin_shock_imf_bailout,indonesia,USDC
649,0.7828130083466063,4464729.053561684,572,S5_twin_shock_imf_bailout,indonesia,USDC
650,0.8243262774043847,4353110.827222642,572,S5_twin_shock_imf_bailout,indonesia,USDC
651,0.8241810768014292,4244283.056542075,572,S5_twin_shock_imf_bailout,indonesia,USDC
652,0.7948376630611615,4138175.9801285234,572,S5_twin_shock_imf_bailout,indonesia,USDC
653,0.8231907029162406,4034721.5806253105,572,S5_twin_shock_imf_bailout,indonesia,USDC
654,0.8134865745115832,3933853.5411096774,572,S5_twin_shock_imf_bailout,indonesia,USDC
655,0.8327767986380334,3835507.202581936,572,S5_twin_shock_imf_bailout,indonesia,USDC
656,0.8238108930008254,3739619.5225173873,572,S5_twin_shock_imf_bailout,indonesia,USDC
657,0.8234245963287379,3646129.034454453,572,S5_twin_shock_imf_bailout,indonesia,USDC
658,0.8404605412064304,3554975.8085930916,572,S5_twin_shock_imf_bailout,indonesia,USDC
659,0.8615922361602281,3466101.413378264,572,S5_twin_shock_imf_bailout,indonesia,USDC
660,0.8358053532879073,3379448.8780438076,572,S5_twin_shock_imf_bailout,indonesia,USDC
661,0.8362503220311593,3294962.656092712,572,S5_twin_shock_imf_bailout,indonesia,USDC
662,0.8274133158915227,3212588.5896903947,572,S5_twin_shock_imf_bailout,indonesia,USDC
663,0.8208737022936264,3132273.8749481346,572,S5_twin_shock_imf_bailout,indonesia,USDC
664,0.8274133331156843,3053967.0280744312,572,S5_twin_shock_imf_bailout,indonesia,USDC
665,0.8457710986895823,2977617.852372571,572,S5_twin_shock_imf_bailout,indonesia,USDC
666,0.8294863963826571,2903177.4060632563,572,S5_twin_shock_imf_bailout,indonesia,USDC
667,0.8148453979512479,2830597.970911675,572,S5_twin_shock_imf_bailout,indonesia,USDC
668,0.816215311612381,2759833.0216388833,572,S5_twin_shock_imf_bailout,indonesia,USDC
669,0.8333457135205239,2690837.196097911,572,S5_twin_shock_imf_bailout,indonesia,USDC
670,0.8201417057073965,2623566.266195463,572,S5_twin_shock_imf_bailout,indonesia,USDC
671,0.7980471948631495,2557977.1095405766,572,S5_twin_shock_imf_bailout,indonesia,USDC
672,0.7833595867120556,2494027.6818020623,572,S5_twin_shock_imf_bailout,indonesia,USDC
673,0.7853076007834572,2431676.9897570107,572,S5_twin_shock_imf_bailout,indonesia,USDC
674,0.7817454941030391,2370885.0650130855,572,S5_twin_shock_imf_bailout,indonesia,USDC
675,0.7683697240410459,2311612.938387758,572,S5_twin_shock_imf_bailout,indonesia,USDC
676,0.7539745875656364,2253822.6149280644,572,S5_twin_shock_imf_bailout,indonesia,USDC
677,0.7550304066647924,2197477.0495548625,572,S5_twin_shock_imf_bailout,indonesia,USDC
678,0.7629529364542216,2142540.123315991,572,S5_twin_shock_imf_bailout,indonesia,USDC
679,0.7069453881933419,2088976.620233091,572,S5_twin_shock_imf_bailout,indonesia,USDC
680,0.7243787912497337,2036752.204727264,572,S5_twin_shock_imf_bailout,indonesia,USDC
681,0.7562755454710351,1985833.3996090824,572,S5_twin_shock_imf_bailout,indonesia,USDC
682,0.7783759333013324,1936187.5646188552,572,S5_twin_shock_imf_bailout,indonesia,USDC
683,0.7759000838855531,1887782.875503384,572,S5_twin_shock_imf_bailout,indonesia,USDC
684,0.7654615655934324,1840588.3036157992,572,S5_twin_shock_imf_bailout,indonesia,USDC
685,0.7688699591185133,1794573.5960254045,572,S5_twin_shock_imf_bailout,indonesia,USDC
686,0.7789898032246694,1749709.2561247693,572,S5_twin_shock_imf_bailout,indonesia,USDC
687,0.7785454096031459,1705966.52472165,572,S5_twin_shock_imf_bailout,indonesia,USDC
688,0.7994284573433251,1663317.3616036088,572,S5_twin_shock_imf_bailout,indonesia,USDC
689,0.8013652164215701,1621734.4275635183,572,S5_twin_shock_imf_bailout,indonesia,USDC
690,0.7928525588745355,1581191.0668744305,572,S5_twin_shock_imf_bailout,indonesia,USDC
691,0.7765311469524252,1541661.2902025697,572,S5_twin_shock_imf_bailout,indonesia,USDC
692,0.7866009366842199,1503119.7579475055,572,S5_twin_shock_imf_bailout,indonesia,USDC
693,0.7770116705161361,1465541.7639988177,572,S5_twin_shock_imf_bailout,indonesia,USDC
694,0.7746814487139537,1428903.2198988474,572,S5_twin_shock_imf_bailout,indonesia,USDC
695,0.7872286189027676,1393180.639401376,572,S5_twin_shock_imf_bailout,indonesia,USDC
696,0.7706510779210427,1358351.1234163416,572,S5_twin_shock_imf_bailout,indonesia,USDC
697,0.7727587047260863,1324392.345330933,572,S5_twin_shock_imf_bailout,indonesia,USDC
698,0.7647486036082763,1291282.5366976599,572,S5_twin_shock_imf_bailout,indonesia,USDC
699,0.7703639505765445,1259000.4732802184,572,S5_twin_shock_imf_bailout,indonesia,USDC
700,0.7755304037669364,1227525.4614482129,572,S5_twin_shock_imf_bailout,indonesia,USDC
701,0.7953632679521928,1196837.3249120074,572,S5_twin_shock_imf_bailout,indonesia,USDC
702,0.7930999543215072,1166916.3917892072,572,S5_twin_shock_imf_bailout,indonesia,USDC
703,0.8014960574051362,1137743.481994477,572,S5_twin_shock_imf_bailout,indonesia,USDC
704,0.7983225831543178,1109299.8949446152,572,S5_twin_shock_imf_bailout,indonesia,USDC
705,0.7776722059365134,1081567.3975709998,572,S5_twin_shock_imf_bailout,indonesia,USDC
706,0.7718420176205951,1054528.2126317248,572,S5_twin_shock_imf_bailout,indonesia,USDC
707,0.758014486024371,1028165.0073159317,572,S5_twin_shock_imf_bailout,indonesia,USDC
708,0.7586379026517761,1002460.8821330335,572,S5_twin_shock_imf_bailout,indonesia,USDC
709,0.763722467979845,977399.3600797078,572,S5_twin_shock_imf_bailout,indonesia,USDC
710,0.7627797030063975,952964.376077715,572,S5_twin_shock_imf_bailout,indonesia,USDC
711,0.7735825447508852,929140.266675772,572,S5_twin_shock_imf_bailout,indonesia,USDC
712,0.7647554935725036,905911.7600088777,572,S5_twin_shock_imf_bailout,indonesia,USDC
713,0.7613060612741401,883263.9660086557,572,S5_twin_shock_imf_bailout,indonesia,USDC
714,0.7947722743603679,861182.3668584395,572,S5_twin_shock_imf_bailout,indonesia,USDC
715,0.7954652902156903,839652.8076869785,572,S5_twin_shock_imf_bailout,indonesia,USDC
716,0.7823660928144316,818661.487494804,572,S5_twin_shock_imf_bailout,indonesia,USDC
717,0.7965373642183418,798194.950307434,572,S5_twin_shock_imf_bailout,indonesia,USDC
718,0.8167735005409742,778240.0765497482,572,S5_twin_shock_imf_bailout,indonesia,USDC
719,0.7907200176708673,758784.0746360044,572,S5_twin_shock_imf_bailout,indonesia,USDC
720,0.8048370647421951,739814.4727701043,572,S5_twin_shock_imf_bailout,indonesia,USDC
721,0.821137677366267,721319.1109508517,572,S5_twin_shock_imf_bailout,indonesia,USDC
722,0.7972827779099427,703286.1331770804,572,S5_twin_shock_imf_bailout,indonesia,USDC
723,0.7962292536689012,685703.9798476534,572,S5_twin_shock_imf_bailout,indonesia,USDC
724,0.8102403691116725,668561.380351462,572,S5_twin_shock_imf_bailout,indonesia,USDC
725,0.7973129709570862,651847.3458426755,572,S5_twin_shock_imf_bailout,indonesia,USDC
726,0.7855439849911108,635551.1621966087,572,S5_twin_shock_imf_bailout,indonesia,USDC
727,0.7931811674077044,619662.3831416934,572,S5_twin_shock_imf_bailout,indonesia,USDC
728,0.8191739698394063,604170.8235631512,572,S5_twin_shock_imf_bailout,indonesia,USDC
729,0.8034425230513078,589066.5529740723,572,S5_twin_shock_imf_bailout,indonesia,USDC
730,0.7806393973601351,574339.8891497205,572,S5_twin_shock_imf_bailout,indonesia,USDC
731,0.8004501144668944,559981.3919209775,572,S5_twin_shock_imf_bailout,indonesia,USDC
732,0.8214939219724424,545981.857122953,572,S5_twin_shock_imf_bailout,indonesia,USDC
733,0.8238964049188895,532332.3106948793,572,S5_twin_shock_imf_bailout,indonesia,USDC
734,0.8231824386696633,519024.00292750733,572,S5_twin_shock_imf_bailout,indonesia,USDC
735,0.8019901957683371,506048.4028543196,572,S5_twin_shock_imf_bailout,indonesia,USDC
736,0.8103417709195522,493397.19278296165,572,S5_twin_shock_imf_bailout,indonesia,USDC
737,0.7852202532164746,481062.26296338765,572,S5_twin_shock_imf_bailout,indonesia,USDC
738,0.7871925167151792,469035.7063893029,572,S5_twin_shock_imf_bailout,indonesia,USDC
739,0.7934057706599454,457309.81372957036,572,S5_twin_shock_imf_bailout,indonesia,USDC
740,0.780213436244192,445877.0683863311,572,S5_twin_shock_imf_bailout,indonesia,USDC
741,0.7653417621112965,434730.14167667285,572,S5_twin_shock_imf_bailout,indonesia,USDC
742,0.7600786531676281,423861.888134756,572,S5_twin_shock_imf_bailout,indonesia,USDC
743,0.7713240585962795,413265.34093138715,572,S5_twin_shock_imf_bailout,indonesia,USDC
744,0.7782009877948449,402933.70740810246,572,S5_twin_shock_imf_bailout,indonesia,USDC
745,0.7791794862281043,392860.36472289986,572,S5_twin_shock_imf_bailout,indonesia,USDC
746,0.7587577827111436,383038.85560482735,572,S5_twin_shock_imf_bailout,indonesia,USDC
747,0.7532158651444991,373462.88421470666,572,S5_twin_shock_imf_bailout,indonesia,USDC
748,0.7673223442355233,364126.312109339,572,S5_twin_shock_imf_bailout,indonesia,USDC
749,0.7716575735337237,355023.1543066055,572,S5_twin_shock_imf_bailout,indonesia,USDC
750,0.7635682262001673,346147.5754489404,572,S5_twin_shock_imf_bailout,indonesia,USDC
751,0.7627913290790234,337493.88606271683,572,S5_twin_shock_imf_bailout,indonesia,USDC
752,0.7634618440198587,329056.53891114896,572,S5_twin_shock_imf_bailout,indonesia,USDC
753,0.7594256616527865,320830.1254383702,572,S5_twin_shock_imf_bailout,indonesia,USDC
754,0.7430776366965095,312809.37230241095,572,S5_twin_shock_imf_bailout,indonesia,USDC
755,0.7638413605691766,304989.1379948507,572,S5_twin_shock_imf_bailout,indonesia,USDC
756,0.7715849909963391,297364.40954497945,572,S5_twin_shock_imf_bailout,indonesia,USDC
757,0.7998202828291275,289930.29930635495,572,S5_twin_shock_imf_bailout,indonesia,USDC
758,0.8055380532787157,282682.04182369605,572,S5_twin_shock_imf_bailout,indonesia,USDC
759,0.7942340025191879,275614.99077810365,572,S5_twin_shock_imf_bailout,indonesia,USDC
760,0.7994133507078952,268724.6160086511,572,S5_twin_shock_imf_bailout,indonesia,USDC
761,0.7879474366750303,262006.50060843478,572,S5_twin_shock_imf_bailout,indonesia,USDC
762,0.819797291769284,255456.33809322392,572,S5_twin_shock_imf_bailout,indonesia,USDC
763,0.8083270477702089,249069.92964089336,572,S5_twin_shock_imf_bailout,indonesia,USDC
764,0.8273590412667733,242843.181399871,572,S5_twin_shock_imf_bailout,indonesia,USDC
765,0.8166603507051498,236772.10186487425,572,S5_twin_shock_imf_bailout,indonesia,USDC
766,0.8203563526629142,230852.7993182524,572,S5_twin_shock_imf_bailout,indonesia,USDC
767,0.8094438859199907,225081.47933529606,572,S5_twin_shock_imf_bailout,indonesia,USDC
768,0.7983661243807021,219454.44235191366,572,S5_twin_shock_imf_bailout,indonesia,USDC
769,0.8001485346058681,213968.08129311586,572,S5_twin_shock_imf_bailout,indonesia,USDC
770,0.7977780209464939,208618.87926078791,572,S5_twin_shock_imf_bailout,indonesia,USDC
771,0.8183444449808479,203403.40727926826,572,S5_twin_shock_imf_bailout,indonesia,USDC
772,0.8059106745220591,198318.32209728652,572,S5_twin_shock_imf_bailout,indonesia,USDC
773,0.7984273253634505,193360.36404485436,572,S5_twin_shock_imf_bailout,indonesia,USDC
774,0.7643903194043509,188526.35494373302,572,S5_twin_shock_imf_bailout,indonesia,USDC
775,0.773534999025096,183813.1960701397,572,S5_twin_shock_imf_bailout,indonesia,USDC
776,0.7762068345794438,179217.8661683862,572,S5_twin_shock_imf_bailout,indonesia,USDC
777,0.7844216675839226,174737.41951417655,572,S5_twin_shock_imf_bailout,indonesia,USDC
778,0.7869517835063,170368.98402632214,572,S5_twin_shock_imf_bailout,indonesia,USDC
779,0.7684246717399881,166109.7594256641,572,S5_twin_shock_imf_bailout,indonesia,USDC
780,0.7926174009845122,161957.01544002246,572,S5_twin_shock_imf_bailout,indonesia,USDC
781,0.7762932325896488,157908.09005402192,572,S5_twin_shock_imf_bailout,indonesia,USDC
782,0.7927299927395082,153960.38780267135,572,S5_twin_shock_imf_bailout,indonesia,USDC
783,0.7940608496872567,150111.37810760457,572,S5_twin_shock_imf_bailout,indonesia,USDC
784,0.7837773851053238,146358.59365491447,572,S5_twin_shock_imf_bailout,indonesia,USDC
785,0.7481166934576379,142699.6288135416,572,S5_twin_shock_imf_bailout,indonesia,USDC
786,0.7685923421745778,139132.13809320307,572,S5_twin_shock_imf_bailout,indonesia,USDC
787,0.7621958160172639,135653.834640873,572,S5_twin_shock_imf_bailout,indonesia,USDC
788,0.7681588934813475,132262.48877485117,572,S5_twin_shock_imf_bailout,indonesia,USDC
789,0.7971275220927574,128955.92655547989,572,S5_twin_shock_imf_bailout,indonesia,USDC
790,0.794540867879423,125732.02839159289,572,S5_twin_shock_imf_bailout,indonesia,USDC
791,0.7758206869675119,122588.72768180307,572,S5_twin_shock_imf_bailout,indonesia,USDC
792,0.7752375009122369,119524.009489758,572,S5_twin_shock_imf_bailout,indonesia,USDC
793,0.7770658874153865,116535.90925251404,572,S5_twin_shock_imf_bailout,indonesia,USDC
794,0.7741972542925613,113622.51152120119,572,S5_twin_shock_imf_bailout,indonesia,USDC
795,0.7690906378949198,110781.94873317116,572,S5_twin_shock_imf_bailout,indonesia,USDC
796,0.7826649649960655,108012.40001484187,572,S5_twin_shock_imf_bailout,indonesia,USDC
797,0.7796825417341392,105312.09001447083,572,S5_twin_shock_imf_bailout,indonesia,USDC
798,0.7839790851342673,102679.28776410906,572,S5_twin_shock_imf_bailout,indonesia,USDC
799,0.7945416894724575,100112.30557000634,572,S5_twin_shock_imf_bailout,indonesia,USDC
800,0.8049911179060864,97609.49793075616,572,S5_twin_shock_imf_bailout,indonesia,USDC
801,0.8155526507851996,95169.26048248727,572,S5_twin_shock_imf_bailout,indonesia,USDC
802,0.8033487445506403,92790.02897042508,572,S5_twin_shock_imf_bailout,indonesia,USDC
803,0.8098355314307115,90470.27824616445,572,S5_twin_shock_imf_bailout,indonesia,USDC
804,0.8007884827572805,88208.52129001034,572,S5_twin_shock_imf_bailout,indonesia,USDC
805,0.7733786336532554,86003.30825776007,572,S5_twin_shock_imf_bailout,indonesia,USDC
806,0.7813572832364561,83853.22555131608,572,S5_twin_shock_imf_bailout,indonesia,USDC
807,0.8085130953299587,81756.89491253317,572,S5_twin_shock_imf_bailout,indonesia,USDC
808,0.7799083296911592,79712.97253971985,572,S5_twin_shock_imf_bailout,indonesia,USDC
809,0.7721544930580233,77720.14822622685,572,S5_twin_shock_imf_bailout,indonesia,USDC
810,0.7961999755777897,75777.14452057118,572,S5_twin_shock_imf_bailout,indonesia,USDC
811,0.802753698853026,73882.71590755689,572,S5_twin_shock_imf_bailout,indonesia,USDC
812,0.8157054595183824,72035.64800986797,572,S5_twin_shock_imf_bailout,indonesia,USDC
813,0.7974686052033982,70234.75680962126,572,S5_twin_shock_imf_bailout,indonesia,USDC
814,0.8208813060856489,68478.88788938074,572,S5_twin_shock_imf_bailout,indonesia,USDC
815,0.8245598903164896,66766.91569214621,572,S5_twin_shock_imf_bailout,indonesia,USDC
816,0.8265331687864493,65097.74279984256,572,S5_twin_shock_imf_bailout,indonesia,USDC
817,0.8416998023248162,63470.299229846496,572,S5_twin_shock_imf_bailout,indonesia,USDC
818,0.8265373746275146,61883.54174910034,572,S5_twin_shock_imf_bailout,indonesia,USDC
819,0.831524046296009,60336.45320537283,572,S5_twin_shock_imf_bailout,indonesia,USDC
820,0.8229186367805597,58828.041875238516,572,S5_twin_shock_imf_bailout,indonesia,USDC
821,0.8237194263104899,57357.34082835755,572,S5_twin_shock_imf_bailout,indonesia,USDC
822,0.8089587946567854,55923.40730764861,572,S5_twin_shock_imf_bailout,indonesia,USDC
823,0.8107434037029653,54525.32212495739,572,S5_twin_shock_imf_bailout,indonesia,USDC
824,0.8108568696030195,53162.18907183345,572,S5_twin_shock_imf_bailout,indonesia,USDC
825,0.8032357747716852,51833.134345037615,572,S5_twin_shock_imf_bailout,indonesia,USDC
826,0.8230890679553313,50537.30598641168,572,S5_twin_shock_imf_bailout,indonesia,USDC
827,0.8574266123850854,49273.87333675138,572,S5_twin_shock_imf_bailout,indonesia,USDC
828,0.8487626486022757,48042.0265033326,572,S5_twin_shock_imf_bailout,indonesia,USDC
829,0.8622457767836492,46840.97584074928,572,S5_twin_shock_imf_bailout,indonesia,USDC
830,0.865386184908312,45669.951444730556,572,S5_twin_shock_imf_bailout,indonesia,USDC
831,0.8720674990775072,44528.20265861229,572,S5_twin_shock_imf_bailout,indonesia,USDC
832,0.8582497189698822,43414.99759214698,572,S5_twin_shock_imf_bailout,indonesia,USDC
833,0.8749206485334624,42329.62265234331,572,S5_twin_shock_imf_bailout,indonesia,USDC
834,0.9038877163540125,41271.38208603472,572,S5_twin_shock_imf_bailout,indonesia,USDC
835,0.8836981383320855,40239.59753388386,572,S5_twin_shock_imf_bailout,indonesia,USDC
836,0.89498986537794,39233.607595536756,572,S5_twin_shock_imf_bailout,indonesia,USDC
837,0.9038828871863986,38252.76740564834,572,S5_twin_shock_imf_bailout,indonesia,USDC
838,0.887111494958765,37296.44822050713,572,S5_twin_shock_imf_bailout,indonesia,USDC
839,0.8854467632586531,36364.03701499446,572,S5_twin_shock_imf_bailout,indonesia,USDC
840,0.8519884512261993,35454.936089619594,572,S5_twin_shock_imf_bailout,indonesia,USDC
841,0.8409213972569588,34568.562687379104,572,S5_twin_shock_imf_bailout,indonesia,USDC
842,0.8523193624183544,33704.34862019463,572,S5_twin_shock_imf_bailout,indonesia,USDC
843,0.823827315674916,32861.73990468976,572,S5_twin_shock_imf_bailout,indonesia,USDC
844,0.830307339774216,32040.196407072515,572,S5_twin_shock_imf_bailout,indonesia,USDC
845,0.8214535743778268,31239.191496895703,572,S5_twin_shock_imf_bailout,indonesia,USDC
846,0.8121156142841753,30458.21170947331,572,S5_twin_shock_imf_bailout,indonesia,USDC
847,0.7956484771154732,29696.756416736476,572,S5_twin_shock_imf_bailout,indonesia,USDC
848,0.7766445615470726,28954.337506318065,572,S5_twin_shock_imf_bailout,indonesia,USDC
849,0.7751023165714294,28230.47906866011,572,S5_twin_shock_imf_bailout,indonesia,USDC
850,0.8048930887063112,27524.71709194361,572,S5_twin_shock_imf_bailout,indonesia,USDC
851,0.8096629878947158,26836.59916464502,572,S5_twin_shock_imf_bailout,indonesia,USDC
852,0.8158475125556901,26165.684185528895,572,S5_twin_shock_imf_bailout,indonesia,USDC
853,0.834657435490545,25511.54208089067,572,S5_twin_shock_imf_bailout,indonesia,USDC
854,0.7980324730201737,24873.75352886841,572,S5_twin_shock_imf_bailout,indonesia,USDC
855,0.8287430197966338,24251.9096906467,572,S5_twin_shock_imf_bailout,indonesia,USDC
856,0.8197553655883538,23645.61194838053,572,S5_twin_shock_imf_bailout,indonesia,USDC
857,0.8205163722102534,23054.471649671017,572,S5_twin_shock_imf_bailout,indonesia,USDC
858,0.7809182938382588,22478.10985842924,572,S5_twin_shock_imf_bailout,indonesia,USDC
859,0.7968872715306102,21916.157111968507,572,S5_twin_shock_imf_bailout,indonesia,USDC
860,0.8082631663340798,21368.253184169294,572,S5_twin_shock_imf_bailout,indonesia,USDC
861,0.7957459339089333,20834.046854565062,572,S5_twin_shock_imf_bailout,indonesia,USDC
862,0.818445554296707,20313.19568320094,572,S5_twin_shock_imf_bailout,indonesia,USDC
863,0.8245926103198484,19805.365791120912,572,S5_twin_shock_imf_bailout,indonesia,USDC
864,0.8265121299423893,19310.23164634289,572,S5_twin_shock_imf_bailout,indonesia,USDC
865,0.8315910656844415,18827.475855184315,572,S5_twin_shock_imf_bailout,indonesia,USDC
866,0.8275218927066148,18356.788958804707,572,S5_twin_shock_imf_bailout,indonesia,USDC
867,0.830410023505044,17897.86923483459,572,S5_twin_shock_imf_bailout,indonesia,USDC
868,0.8303255318873612,17450.422503963724,572,S5_twin_shock_imf_bailout,indonesia,USDC
869,0.8338762195518761,17014.161941364633,572,S5_twin_shock_imf_bailout,indonesia,USDC
870,0.8496345893307985,16588.807892830515,572,S5_twin_shock_imf_bailout,indonesia,USDC
871,0.8412538632138651,16174.087695509754,572,S5_twin_shock_imf_bailout,indonesia,USDC
872,0.8398183268759853,15769.735503122009,572,S5_twin_shock_imf_bailout,indonesia,USDC
873,0.8303941233384671,15375.492115543959,572,S5_twin_shock_imf_bailout,indonesia,USDC
874,0.8204709682037917,14991.104812655358,572,S5_twin_shock_imf_bailout,indonesia,USDC
875,0.8219089909600392,14616.327192338975,572,S5_twin_shock_imf_bailout,indonesia,USDC
876,0.8197512565535177,14250.9190125305,572,S5_twin_shock_imf_bailout,indonesia,USDC
877,0.817635516061207,13894.646037217239,572,S5_twin_shock_imf_bailout,indonesia,USDC
878,0.7974893176317919,13547.279886286808,572,S5_twin_shock_imf_bailout,indonesia,USDC
879,0.7765413416576751,13208.597889129636,572,S5_twin_shock_imf_bailout,indonesia,USDC
880,0.7697250792328185,12878.382941901396,572,S5_twin_shock_imf_bailout,indonesia,USDC
881,0.7852833679456942,12556.42336835386,572,S5_twin_shock_imf_bailout,indonesia,USDC
882,0.7947087941877522,12242.512784145016,572,S5_twin_shock_imf_bailout,indonesia,USDC
883,0.7898481951863726,11936.449964541389,572,S5_twin_shock_imf_bailout,indonesia,USDC
884,0.7931699095343313,11638.038715427854,572,S5_twin_shock_imf_bailout,indonesia,USDC
885,0.8071451471757132,11347.087747542158,572,S5_twin_shock_imf_bailout,indonesia,USDC
886,0.7934564095986659,11063.410553853606,572,S5_twin_shock_imf_bailout,indonesia,USDC
887,0.8045542203957677,10786.825290007266,572,S5_twin_shock_imf_bailout,indonesia,USDC
888,0.797595018483675,10517.154657757083,572,S5_twin_shock_imf_bailout,indonesia,USDC
889,0.8004310024094659,10254.225791313156,572,S5_twin_shock_imf_bailout,indonesia,USDC
890,0.7776459931507207,9997.870146530327,572,S5_twin_shock_imf_bailout,indonesia,USDC
891,0.7779884662619548,9747.92339286707,572,S5_twin_shock_imf_bailout,indonesia,USDC
892,0.7738434141609035,9504.225308045392,572,S5_twin_shock_imf_bailout,indonesia,USDC
893,0.7548606963632901,9266.619675344256,572,S5_twin_shock_imf_bailout,indonesia,USDC
894,0.7303075563618068,9034.954183460652,572,S5_twin_shock_imf_bailout,indonesia,USDC
895,0.7354696883398867,8809.080328874135,572,S5_twin_shock_imf_bailout,indonesia,USDC
896,0.7678361405878588,8588.85332065228,572,S5_twin_shock_imf_bailout,indonesia,USDC
897,0.7689165352749724,8374.131987635974,572,S5_twin_shock_imf_bailout,indonesia,USDC
898,0.7828947248737277,8164.778687945075,572,S5_twin_shock_imf_bailout,indonesia,USDC
899,0.778581861222472,7960.659220746448,572,S5_twin_shock_imf_bailout,indonesia,USDC
900,0.7872764137649118,7761.642740227786,572,S5_twin_shock_imf_bailout,indonesia,USDC
901,0.7800406631790389,7567.601671722092,572,S5_twin_shock_imf_bailout,indonesia,USDC
902,0.7835322431517511,7378.41162992904,572,S5_twin_shock_imf_bailout,indonesia,USDC
903,0.772623628500645,7193.951339180814,572,S5_twin_shock_imf_bailout,indonesia,USDC
904,0.7977115575551932,7014.1025557012945,572,S5_twin_shock_imf_bailout,indonesia,USDC
905,0.7778381604247374,6838.7499918087615,572,S5_twin_shock_imf_bailout,indonesia,USDC
906,0.7965133190040131,6667.781242013542,572,S5_twin_shock_imf_bailout,indonesia,USDC
907,0.8089965492226409,6501.086710963204,572,S5_twin_shock_imf_bailout,indonesia,USDC
908,0.8020319802290885,6338.559543189123,572,S5_twin_shock_imf_bailout,indonesia,USDC
909,0.7985573127479109,6180.095554609396,572,S5_twin_shock_imf_bailout,indonesia,USDC
910,0.789657928945027,6025.5931657441615,572,S5_twin_shock_imf_bailout,indonesia,USDC
911,0.8255642641852576,5874.953336600557,572,S5_twin_shock_imf_bailout,indonesia,USDC
912,0.8153317186274622,5728.079503185543,572,S5_twin_shock_imf_bailout,indonesia,USDC
913,0.7864865040901345,5584.877515605905,572,S5_twin_shock_imf_bailout,indonesia,USDC
914,0.7781219319753344,5445.255577715758,572,S5_twin_shock_imf_bailout,indonesia,USDC
915,0.7945095091876082,5309.124188272863,572,S5_twin_shock_imf_bailout,indonesia,USDC
916,0.7916261454403262,5176.396083566042,572,S5_twin_shock_imf_bailout,indonesia,USDC
917,0.7767158559604401,5046.986181476891,572,S5_twin_shock_imf_bailout,indonesia,USDC
918,0.7360908584992938,4920.811526939969,572,S5_twin_shock_imf_bailout,indonesia,USDC
919,0.7193204003745249,4797.791238766469,572,S5_twin_shock_imf_bailout,indonesia,USDC
920,0.7269442820074313,4677.846457797307,572,S5_twin_shock_imf_bailout,indonesia,USDC
921,0.708016141346253,4560.900296352374,572,S5_twin_shock_imf_bailout,indonesia,USDC
922,0.6911727563192399,4446.877788943565,572,S5_twin_shock_imf_bailout,indonesia,USDC
923,0.7056662084497773,4335.705844219976,572,S5_twin_shock_imf_bailout,indonesia,USDC
924,0.7214592201692012,4227.313198114476,572,S5_twin_shock_imf_bailout,indonesia,USDC
925,0.7649843241970581,4121.630368161615,572,S5_twin_shock_imf_bailout,indonesia,USDC
926,0.7678516150125296,4018.5896089575745,572,S5_twin_shock_imf_bailout,indonesia,USDC
927,0.766852872170016,3918.124868733635,572,S5_twin_shock_imf_bailout,indonesia,USDC
928,0.7607775715819053,3820.1717470152944,572,S5_twin_shock_imf_bailout,indonesia,USDC
929,0.7609775505943132,3724.667453339912,572,S5_twin_shock_imf_bailout,indonesia,USDC
930,0.782706561785313,3631.550767006414,572,S5_twin_shock_imf_bailout,indonesia,USDC
931,0.7880014102942056,3540.761997831254,572,S5_twin_shock_imf_bailout,indonesia,USDC
932,0.7802223399232998,3452.2429478854724,572,S5_twin_shock_imf_bailout,indonesia,USDC
933,0.7801438341814274,3365.9368741883354,572,S5_twin_shock_imf_bailout,indonesia,USDC
934,0.7767171029084817,3281.7884523336274,572,S5_twin_shock_imf_bailout,indonesia,USDC
935,0.7635707776249758,3199.743741025287,572,S5_twin_shock_imf_bailout,indonesia,USDC
936,0.7634192372740451,3119.7501474996548,572,S5_twin_shock_imf_bailout,indonesia,USDC
937,0.7488416689897368,3041.756393812163,572,S5_twin_shock_imf_bailout,indonesia,USDC
938,0.7617545518452365,2965.712483966859,572,S5_twin_shock_imf_bailout,indonesia,USDC
939,0.7682619511960816,2891.5696718676877,572,S5_twin_shock_imf_bailout,indonesia,USDC
940,0.767120372407467,2819.2804300709954,572,S5_twin_shock_imf_bailout,indonesia,USDC
941,0.7605424285588716,2748.7984193192206,572,S5_twin_shock_imf_bailout,indonesia,USDC
942,0.7632851959088657,2680.07845883624,572,S5_twin_shock_imf_bailout,indonesia,USDC
943,0.7501350220739058,2613.076497365334,572,S5_twin_shock_imf_bailout,indonesia,USDC
944,0.7515332278546587,2547.749584931201,572,S5_twin_shock_imf_bailout,indonesia,USDC
945,0.7446157832847333,2484.055845307921,572,S5_twin_shock_imf_bailout,indonesia,USDC
946,0.7709288461932344,2421.954449175223,572,S5_twin_shock_imf_bailout,indonesia,USDC
947,0.766655276169529,2361.405587945842,572,S5_twin_shock_imf_bailout,indonesia,USDC
948,0.7488282637517898,2302.3704482471962,572,S5_twin_shock_imf_bailout,indonesia,USDC
949,0.7481227246563423,2244.8111870410166,572,S5_twin_shock_imf_bailout,indonesia,USDC
950,0.6739668596669923,2188.690907364991,572,S5_twin_shock_imf_bailout,indonesia,USDC
951,0.703209336643075,2133.973634680866,572,S5_twin_shock_imf_bailout,indonesia,USDC
952,0.7264097530514789,2080.624293813845,572,S5_twin_shock_imf_bailout,indonesia,USDC
953,0.7113085728044993,2028.608686468498,572,S5_twin_shock_imf_bailout,indonesia,USDC
954,0.7438088905347233,1977.8934693067858,572,S5_twin_shock_imf_bailout,indonesia,USDC
955,0.7661430902390177,1928.446132574116,572,S5_twin_shock_imf_bailout,indonesia,USDC
956,0.7794276392223499,1880.2349792597633,572,S5_twin_shock_imf_bailout,indonesia,USDC
957,0.7642221924336794,1833.2291047782692,572,S5_twin_shock_imf_bailout,indonesia,USDC
958,0.7367302117588196,1787.3983771588123,572,S5_twin_shock_imf_bailout,indonesia,USDC
959,0.735304813331693,1742.7134177298421,572,S5_twin_shock_imf_bailout,indonesia,USDC
960,0.7540155066694674,1699.1455822865962,572,S5_twin_shock_imf_bailout,indonesia,USDC
961,0.7989724374098109,1656.6669427294314,572,S5_twin_shock_imf_bailout,indonesia,USDC
962,0.7880432188275934,1615.2502691611953,572,S5_twin_shock_imf_bailout,indonesia,USDC
963,0.7939659245409556,1574.8690124321656,572,S5_twin_shock_imf_bailout,indonesia,USDC
964,0.785836414549552,1535.4972871213615,572,S5_twin_shock_imf_bailout,indonesia,USDC
965,0.7937382390714469,1497.1098549433275,572,S5_twin_shock_imf_bailout,indonesia,USDC
966,0.7939274825203876,1459.6821085697443,572,S5_twin_shock_imf_bailout,indonesia,USDC
967,0.7713424125607409,1423.1900558555008,572,S5_twin_shock_imf_bailout,indonesia,USDC
968,0.7941951160259434,1387.6103044591132,572,S5_twin_shock_imf_bailout,indonesia,USDC
969,0.7610601325831212,1352.9200468476354,572,S5_twin_shock_imf_bailout,indonesia,USDC
970,0.7474179714697101,1319.0970456764444,572,S5_twin_shock_imf_bailout,indonesia,USDC
971,0.7664243225907258,1286.1196195345333,572,S5_twin_shock_imf_bailout,indonesia,USDC
972,0.7656152745865467,1253.96662904617,572,S5_twin_shock_imf_bailout,indonesia,USDC
973,0.7512344388186056,1222.6174633200158,572,S5_twin_shock_imf_bailout,indonesia,USDC
974,0.7683792934614916,1192.0520267370155,572,S5_twin_shock_imf_bailout,indonesia,USDC
975,0.7910399220009839,1162.25072606859,572,S5_twin_shock_imf_bailout,indonesia,USDC
976,0.8147354756052444,1133.1944579168753,572,S5_twin_shock_imf_bailout,indonesia,USDC
977,0.8305544381750337,1104.8645964689533,572,S5_twin_shock_imf_bailout,indonesia,USDC
978,0.8625317020260812,1077.2429815572295,572,S5_twin_shock_imf_bailout,indonesia,USDC
979,0.8622063670243139,1050.3119070182988,572,S5_twin_shock_imf_bailout,indonesia,USDC
980,0.8734440926980986,1024.0541093428415,572,S5_twin_shock_imf_bailout,indonesia,USDC
981,0.8686658564102291,998.4527566092704,572,S5_twin_shock_imf_bailout,indonesia,USDC
982,0.873735509507435,973.4914376940387,572,S5_twin_shock_imf_bailout,indonesia,USDC
983,0.884251691442392,949.1541517516878,572,S5_twin_shock_imf_bailout,indonesia,USDC
984,0.8945787256292435,925.4252979578956,572,S5_twin_shock_imf_bailout,indonesia,USDC
985,0.9142508765806087,902.2896655089481,572,S5_twin_shock_imf_bailout,indonesia,USDC
986,0.9143872484428962,879.7324238712245,572,S5_twin_shock_imf_bailout,indonesia,USDC
987,0.9022126593153998,857.7391132744438,572,S5_twin_shock_imf_bailout,indonesia,USDC
988,0.8922752395261485,836.2956354425826,572,S5_twin_shock_imf_bailout,indonesia,USDC
989,0.8813934151413839,815.3882445565182,572,S5_twin_shock_imf_bailout,indonesia,USDC
990,0.8732825303800752,795.0035384426052,572,S5_twin_shock_imf_bailout,indonesia,USDC
991,0.8580380096085662,775.12844998154,572,S5_twin_shock_imf_bailout,indonesia,USDC
992,0.8510799442258482,755.7502387320015,572,S5_twin_shock_imf_bailout,indonesia,USDC
993,0.8442148724335473,736.8564827637015,572,S5_twin_shock_imf_bailout,indonesia,USDC
994,0.8316980047808615,718.435070694609,572,S5_twin_shock_imf_bailout,indonesia,USDC
995,0.8361953454448671,700.4741939272437,572,S5_twin_shock_imf_bailout,indonesia,USDC
996,0.8459952956274578,682.9623390790625,572,S5_twin_shock_imf_bailout,indonesia,USDC
997,0.8430231981585631,665.8882806020861,572,S5_twin_shock_imf_bailout,indonesia,USDC
998,0.8110232936744406,649.241073587034,572,S5_twin_shock_imf_bailout,indonesia,USDC
999,0.8119644655814128,633.010046747358,572,S5_twin_shock_imf_bailout,indonesia,USDC
1000,0.7937064777905248,617.1847955786741,572,S5_twin_shock_imf_bailout,indonesia,USDC
