Step,price,liquidity,iteration,scenario,region,coin
1,1.0034851774409954,2989385073697.1245,206,S6_worst_case_no_intervention,indonesia,USDC
2,1.0227050715870105,2989385073697.1245,206,S6_worst_case_no_intervention,indonesia,USDC
3,1.0330625566594083,2989385073697.1245,206,S6_worst_case_no_intervention,indonesia,USDC
4,1.0456825265014975,2989385073697.1245,206,S6_worst_case_no_intervention,indonesia,USDC
5,1.016356531777527,2989385073697.1245,206,S6_worst_case_no_intervention,indonesia,USDC
6,1.0175013373779223,2989385073697.1245,206,S6_worst_case_no_intervention,indonesia,USDC
7,0.9926920323004634,2989385073697.1245,206,S6_worst_case_no_intervention,indonesia,USDC
8,0.9976111984425552,2989385073697.1245,206,S6_worst_case_no_intervention,indonesia,USDC
9,0.9911213142003198,2989385073697.1245,206,S6_worst_case_no_intervention,indonesia,USDC
10,0.9648357310968009,2989385073697.1245,206,S6_worst_case_no_intervention,indonesia,USDC
11,0.972732790002534,2989075057593.165,206,S6_worst_case_no_intervention,indonesia,USDC
12,0.9930619752944113,2989075057593.165,206,S6_worst_case_no_intervention,indonesia,USDC
13,0.9723419771374008,2989075057593.165,206,S6_worst_case_no_intervention,indonesia,USDC
14,0.956591451979546,2989075057593.165,206,S6_worst_case_no_intervention,indonesia,USDC
15,0.9744766132773082,2988273496277.573,206,S6_worst_case_no_intervention,indonesia,USDC
16,0.9390701294088348,2988273496277.573,206,S6_worst_case_no_intervention,indonesia,USDC
17,0.9291356570069013,2986429076068.955,206,S6_worst_case_no_intervention,indonesia,USDC
18,0.9525867185782465,2984025915575.531,206,S6_worst_case_no_intervention,indonesia,USDC
19,0.9763417759974347,2983083518630.1406,206,S6_worst_case_no_intervention,indonesia,USDC
20,0.9505514598079993,2983083518630.1406,206,S6_worst_case_no_intervention,indonesia,USDC
21,0.937622296771407,2982020321060.6934,206,S6_worst_case_no_intervention,indonesia,USDC
22,0.9854811963281287,2980297532087.808,206,S6_worst_case_no_intervention,indonesia,USDC
23,1.0021299108042727,2980297532087.808,206,S6_worst_case_no_intervention,indonesia,USDC
24,1.0479085771490144,2980297532087.808,206,S6_worst_case_no_intervention,indonesia,USDC
25,1.0521815907093068,2980297532087.808,206,S6_worst_case_no_intervention,indonesia,USDC
26,1.0948761868536183,2980297532087.808,206,S6_worst_case_no_intervention,indonesia,USDC
27,1.1010822049678612,2980297532087.808,206,S6_worst_case_no_intervention,indonesia,USDC
28,1.0869895340031608,2980297532087.808,206,S6_worst_case_no_intervention,indonesia,USDC
29,1.0607543825619163,2980297532087.808,206,S6_worst_case_no_intervention,indonesia,USDC
30,1.0823966608728404,2980297532087.808,206,S6_worst_case_no_intervention,indonesia,USDC
31,1.0589012978460972,2980297532087.808,206,S6_worst_case_no_intervention,indonesia,USDC
32,1.0508091284807928,2980297532087.808,206,S6_worst_case_no_intervention,indonesia,USDC
33,1.032575415094097,2980297532087.808,206,S6_worst_case_no_intervention,indonesia,USDC
34,1.0103905884792324,2980297532087.808,206,S6_worst_case_no_intervention,indonesia,USDC
35,0.9886718569797691,2980297532087.808,206,S6_worst_case_no_intervention,indonesia,USDC
36,0.9658971280915595,2980297532087.808,206,S6_worst_case_no_intervention,indonesia,USDC
37,0.9549035606880572,2980120945612.5635,206,S6_worst_case_no_intervention,indonesia,USDC
38,0.9760353126327662,2979348632330.5703,206,S6_worst_case_no_intervention,indonesia,USDC
39,1.0090294298765212,2979348632330.5703,206,S6_worst_case_no_intervention,indonesia,USDC
40,0.9941289396660036,2979348632330.5703,206,S6_worst_case_no_intervention,indonesia,USDC
41,0.9746269124820015,2979348632330.5703,206,S6_worst_case_no_intervention,indonesia,USDC
42,0.967399403097316,2979348632330.5703,206,S6_worst_case_no_intervention,indonesia,USDC
43,0.9662645150009733,2979239888781.2446,206,S6_worst_case_no_intervention,indonesia,USDC
44,0.9777191662741609,2979061126547.651,206,S6_worst_case_no_intervention,indonesia,USDC
45,0.9880833344767462,2979061126547.651,206,S6_worst_case_no_intervention,indonesia,USDC
46,1.0258661788812997,2979061126547.651,206,S6_worst_case_no_intervention,indonesia,USDC
47,1.02022860827035,2979061126547.651,206,S6_worst_case_no_intervention,indonesia,USDC
48,1.0171056273156758,2979061126547.651,206,S6_worst_case_no_intervention,indonesia,USDC
49,1.0052145407754263,2979061126547.651,206,S6_worst_case_no_intervention,indonesia,USDC
50,1.0242853740943771,2979061126547.651,206,S6_worst_case_no_intervention,indonesia,USDC
51,1.041910443091311,2979061126547.651,206,S6_worst_case_no_intervention,indonesia,USDC
52,1.0538806705974748,2979061126547.651,206,S6_worst_case_no_intervention,indonesia,USDC
53,1.0426823350848538,2979061126547.651,206,S6_worst_case_no_intervention,indonesia,USDC
54,1.0245708668526676,2979061126547.651,206,S6_worst_case_no_intervention,indonesia,USDC
55,1.0325174590565114,2979061126547.651,206,S6_worst_case_no_intervention,indonesia,USDC
56,1.0057597738760762,2979061126547.651,206,S6_worst_case_no_intervention,indonesia,USDC
57,1.0026108891890808,2979061126547.651,206,S6_worst_case_no_intervention,indonesia,USDC
58,0.9797704354526473,2979061126547.651,206,S6_worst_case_no_intervention,indonesia,USDC
59,1.0012056913703549,2979061126547.651,206,S6_worst_case_no_intervention,indonesia,USDC
60,0.9920829603875715,2979061126547.651,206,S6_worst_case_no_intervention,indonesia,USDC
61,0.9899366959516223,2979061126547.651,206,S6_worst_case_no_intervention,indonesia,USDC
62,0.973551890281521,2979061126547.651,206,S6_worst_case_no_intervention,indonesia,USDC
63,0.9686551556735067,2979061126547.651,206,S6_worst_case_no_intervention,indonesia,USDC
64,0.9575287603145243,2979019350165.2183,206,S6_worst_case_no_intervention,indonesia,USDC
65,0.9634241996274314,2978418468987.2876,206,S6_worst_case_no_intervention,indonesia,USDC
66,0.97703074114767,2978134635265.4604,206,S6_worst_case_no_intervention,indonesia,USDC
67,0.9668730873666951,2978134635265.4604,206,S6_worst_case_no_intervention,indonesia,USDC
68,0.9625415180489777,2978007170046.6187,206,S6_worst_case_no_intervention,indonesia,USDC
69,0.97193646664826,2977667350691.4463,206,S6_worst_case_no_intervention,indonesia,USDC
70,0.9522801773320667,2977667350691.4463,206,S6_worst_case_no_intervention,indonesia,USDC
71,0.9405831361556627,2976807252633.9644,206,S6_worst_case_no_intervention,indonesia,USDC
72,0.9298866228979825,2975424032365.753,206,S6_worst_case_no_intervention,indonesia,USDC
73,0.942398776683869,2973520137406.517,206,S6_worst_case_no_intervention,indonesia,USDC
74,0.9418362753821484,2972317083960.9863,206,S6_worst_case_no_intervention,indonesia,USDC
75,0.9142983633392275,2971097236482.648,206,S6_worst_case_no_intervention,indonesia,USDC
76,0.8760326926468281,2968701941909.644,206,S6_worst_case_no_intervention,indonesia,USDC
77,0.8660189251302296,2964949002808.4224,206,S6_worst_case_no_intervention,indonesia,USDC
78,0.876403736760515,2961252787479.225,206,S6_worst_case_no_intervention,indonesia,USDC
79,0.8575792842787968,2958331416156.464,206,S6_worst_case_no_intervention,indonesia,USDC
80,0.8683474395699565,2955033241837.544,206,S6_worst_case_no_intervention,indonesia,USDC
81,0.8836398499487571,2952395386306.4272,206,S6_worst_case_no_intervention,indonesia,USDC
82,0.8900557647502665,2950388795413.361,206,S6_worst_case_no_intervention,indonesia,USDC
83,0.908540949971602,2948773241620.8438,206,S6_worst_case_no_intervention,indonesia,USDC
84,0.9190730938580464,2947544810298.8,206,S6_worst_case_no_intervention,indonesia,USDC
85,0.9408566643707013,2946591388441.608,206,S6_worst_case_no_intervention,indonesia,USDC
86,0.9313488285150294,2946074430291.565,206,S6_worst_case_no_intervention,indonesia,USDC
87,0.9532301143541012,2945448872121.4873,206,S6_worst_case_no_intervention,indonesia,USDC
88,0.9506541778858911,2945209879377.314,206,S6_worst_case_no_intervention,indonesia,USDC
89,0.9141165361861001,2944907708660.239,206,S6_worst_case_no_intervention,indonesia,USDC
90,0.92664427965948,2944082139870.1875,206,S6_worst_case_no_intervention,indonesia,USDC
91,0.9349798741654247,2943425230704.3877,206,S6_worst_case_no_intervention,indonesia,USDC
92,0.9454359552652606,2942918335791.881,206,S6_worst_case_no_intervention,indonesia,USDC
93,0.927956981585162,2942613686122.2056,206,S6_worst_case_no_intervention,indonesia,USDC
94,0.9554036616691679,2942056754356.258,206,S6_worst_case_no_intervention,indonesia,USDC
95,0.971520428783719,2941875698172.368,206,S6_worst_case_no_intervention,indonesia,USDC
96,0.9785484366480615,2941875698172.368,206,S6_worst_case_no_intervention,indonesia,USDC
97,0.9663960601622072,2941875698172.368,206,S6_worst_case_no_intervention,indonesia,USDC
98,0.9801432207330272,2941829290482.528,206,S6_worst_case_no_intervention,indonesia,USDC
99,0.9960757418152071,2941829290482.528,206,S6_worst_case_no_intervention,indonesia,USDC
100,0.981571503474278,2941829290482.528,206,S6_worst_case_no_intervention,indonesia,USDC
101,0.8395902559232785,2941829290482.528,206,S6_worst_case_no_intervention,indonesia,USDC
102,0.8507608167255378,2940224799160.085,206,S6_worst_case_no_intervention,indonesia,USDC
103,0.8784104192865292,2938919985937.9585,206,S6_worst_case_no_intervention,indonesia,USDC
104,0.8973843723308736,2938019678088.1875,206,S6_worst_case_no_intervention,indonesia,USDC
105,0.9077483050530056,2937403701104.5674,206,S6_worst_case_no_intervention,indonesia,USDC
106,0.9379031981303397,2936889089612.545,206,S6_worst_case_no_intervention,indonesia,USDC
107,0.9415330150141432,2936640785579.4893,206,S6_worst_case_no_intervention,indonesia,USDC
108,0.958052715066267,2936427849248.338,206,S6_worst_case_no_intervention,indonesia,USDC
109,0.9412447397350596,2936356332979.682,206,S6_worst_case_no_intervention,indonesia,USDC
110,0.930074381456616,2936170786106.1064,206,S6_worst_case_no_intervention,indonesia,USDC
111,0.9325124245397193,2935891483255.399,206,S6_worst_case_no_intervention,indonesia,USDC
112,0.9485181164877515,2935655135298.473,206,S6_worst_case_no_intervention,indonesia,USDC
113,0.9639465290080732,2935532915706.838,206,S6_worst_case_no_intervention,indonesia,USDC
114,0.9301737041769992,2935494548919.963,206,S6_worst_case_no_intervention,indonesia,USDC
115,0.9556071167718776,2935243705860.6353,206,S6_worst_case_no_intervention,indonesia,USDC
116,0.9615361688219194,2935161285080.1377,206,S6_worst_case_no_intervention,indonesia,USDC
117,0.9725949259671562,2935118539174.109,206,S6_worst_case_no_intervention,indonesia,USDC
118,0.9931686617294377,2935118539174.109,206,S6_worst_case_no_intervention,indonesia,USDC
119,0.9575918986941765,2935118539174.109,206,S6_worst_case_no_intervention,indonesia,USDC
120,0.9663330715332189,2935057730770.7764,206,S6_worst_case_no_intervention,indonesia,USDC
121,0.9750486269869661,2861663614934.3496,206,S6_worst_case_no_intervention,indonesia,USDC
122,0.9420603181305797,2790122024560.991,206,S6_worst_case_no_intervention,indonesia,USDC
123,0.939844708855332,2720215632740.8013,206,S6_worst_case_no_intervention,indonesia,USDC
124,0.9208461349969891,2652054741172.862,206,S6_worst_case_no_intervention,indonesia,USDC
125,0.9109976663907934,2585489648165.464,206,S6_worst_case_no_intervention,indonesia,USDC
126,0.9043769452398854,2520574550494.574,206,S6_worst_case_no_intervention,indonesia,USDC
127,0.8734312597188654,2457267722520.51,206,S6_worst_case_no_intervention,indonesia,USDC
128,0.8739835451442243,2395400944377.384,206,S6_worst_case_no_intervention,indonesia,USDC
129,0.8466878109252587,2335135019292.9224,206,S6_worst_case_no_intervention,indonesia,USDC
130,0.8425084720265574,2276304800692.4453,206,S6_worst_case_no_intervention,indonesia,USDC
131,0.8421486874994585,2219014597410.983,206,S6_worst_case_no_intervention,indonesia,USDC
132,0.8626934252935919,2163180738973.156,206,S6_worst_case_no_intervention,indonesia,USDC
133,0.8408516394481852,2108839992651.2505,206,S6_worst_case_no_intervention,indonesia,USDC
134,0.8181492467236119,2055839373762.1484,206,S6_worst_case_no_intervention,indonesia,USDC
135,0.8140472140908808,2004169794553.5547,206,S6_worst_case_no_intervention,indonesia,USDC
136,0.7909649098377355,1953826620503.4678,206,S6_worst_case_no_intervention,indonesia,USDC
137,0.7864964054712272,1904739533821.144,206,S6_worst_case_no_intervention,indonesia,USDC
138,0.7758517846036703,1856927128150.0195,206,S6_worst_case_no_intervention,indonesia,USDC
139,0.805969572436431,1810332641656.775,206,S6_worst_case_no_intervention,indonesia,USDC
140,0.7648607296655554,1764958092664.853,206,S6_worst_case_no_intervention,indonesia,USDC
141,0.7814803062695337,1720710396148.5405,206,S6_worst_case_no_intervention,indonesia,USDC
142,0.7821273605128375,1677608163957.9915,206,S6_worst_case_no_intervention,indonesia,USDC
143,0.7620258208647838,1635597751286.3389,206,S6_worst_case_no_intervention,indonesia,USDC
144,0.7524263870210349,1594642049335.9055,206,S6_worst_case_no_intervention,indonesia,USDC
145,0.77056850627123,1554725029248.092,206,S6_worst_case_no_intervention,indonesia,USDC
146,0.7922329710863241,1515820092101.7322,206,S6_worst_case_no_intervention,indonesia,USDC
147,0.7781872344252884,1477897072758.831,206,S6_worst_case_no_intervention,indonesia,USDC
148,0.7874336553762266,1440925770537.772,206,S6_worst_case_no_intervention,indonesia,USDC
149,0.781232524891795,1404884207181.197,206,S6_worst_case_no_intervention,indonesia,USDC
150,0.7888224396254863,1369745881856.9927,206,S6_worst_case_no_intervention,indonesia,USDC
151,0.8056714084898096,1335490427180.943,206,S6_worst_case_no_intervention,indonesia,USDC
152,0.820300402336975,1302093794517.5808,206,S6_worst_case_no_intervention,indonesia,USDC
153,0.8331907302695728,1269534502189.476,206,S6_worst_case_no_intervention,indonesia,USDC
154,0.8088623883973337,1237790974186.7947,206,S6_worst_case_no_intervention,indonesia,USDC
155,0.82046290847467,1206840692399.5803,206,S6_worst_case_no_intervention,indonesia,USDC
156,0.7927708659427356,1176665391962.8704,206,S6_worst_case_no_intervention,indonesia,USDC
157,0.8103183602907204,1147244532848.7637,206,S6_worst_case_no_intervention,indonesia,USDC
158,0.8233738532064266,1118560287459.4985,206,S6_worst_case_no_intervention,indonesia,USDC
159,0.8263379029340018,1090593860545.3169,206,S6_worst_case_no_intervention,indonesia,USDC
160,0.8454148093393073,1063326900651.5891,206,S6_worst_case_no_intervention,indonesia,USDC
161,0.8491180509904516,1036742263693.519,206,S6_worst_case_no_intervention,indonesia,USDC
162,0.8349940081660217,1010822401284.0381,206,S6_worst_case_no_intervention,indonesia,USDC
163,0.820229153152396,985550534921.7031,206,S6_worst_case_no_intervention,indonesia,USDC
164,0.7941799673626299,960910548129.0,206,S6_worst_case_no_intervention,indonesia,USDC
165,0.7883579235318707,936886541711.99,206,S6_worst_case_no_intervention,indonesia,USDC
166,0.7947125006505921,913463388253.1724,206,S6_worst_case_no_intervention,indonesia,USDC
167,0.793629167739499,890625984646.4492,206,S6_worst_case_no_intervention,indonesia,USDC
168,0.8058913343291124,868359643269.705,206,S6_worst_case_no_intervention,indonesia,USDC
169,0.7934957273684241,846650136003.3374,206,S6_worst_case_no_intervention,indonesia,USDC
170,0.8033658196182797,825483437760.2839,206,S6_worst_case_no_intervention,indonesia,USDC
171,0.8037134590378281,804845996553.1858,206,S6_worst_case_no_intervention,indonesia,USDC
172,0.8158824239266741,784724538670.3898,206,S6_worst_case_no_intervention,indonesia,USDC
173,0.8156116839084583,765106188703.419,206,S6_worst_case_no_intervention,indonesia,USDC
174,0.8100429627606864,745978334712.2932,206,S6_worst_case_no_intervention,indonesia,USDC
175,0.803025269679343,727328713052.2195,206,S6_worst_case_no_intervention,indonesia,USDC
176,0.786144991535164,709145351149.198,206,S6_worst_case_no_intervention,indonesia,USDC
177,0.8056860225109682,691416576093.0562,206,S6_worst_case_no_intervention,indonesia,USDC
178,0.7971069993936829,674131065411.4492,206,S6_worst_case_no_intervention,indonesia,USDC
179,0.8047629699693482,657277701780.3699,206,S6_worst_case_no_intervention,indonesia,USDC
180,0.7763218891803481,640845687551.5193,206,S6_worst_case_no_intervention,indonesia,USDC
181,0.7882859047192126,624824479678.3297,206,S6_worst_case_no_intervention,indonesia,USDC
182,0.7726986822256773,609203817680.9308,206,S6_worst_case_no_intervention,indonesia,USDC
183,0.7489350500745272,593973676575.2485,206,S6_worst_case_no_intervention,indonesia,USDC
184,0.7551203917924192,579124293464.1903,206,S6_worst_case_no_intervention,indonesia,USDC
185,0.7484286514910419,564646153656.8398,206,S6_worst_case_no_intervention,indonesia,USDC
186,0.7540413031199735,550529974728.8601,206,S6_worst_case_no_intervention,indonesia,USDC
187,0.744931037121841,536766706669.8934,206,S6_worst_case_no_intervention,indonesia,USDC
188,0.7265462621031796,523347523298.8207,206,S6_worst_case_no_intervention,indonesia,USDC
189,0.7318311214936276,510263822276.2123,206,S6_worst_case_no_intervention,indonesia,USDC
190,0.7649619303361483,497507216678.2752,206,S6_worst_case_no_intervention,indonesia,USDC
191,0.7424746092728602,485069529698.7831,206,S6_worst_case_no_intervention,indonesia,USDC
192,0.7449961691068631,472942785905.9915,206,S6_worst_case_no_intervention,indonesia,USDC
193,0.7354222730656919,461119211727.739,206,S6_worst_case_no_intervention,indonesia,USDC
194,0.7392471103813024,449591227806.81396,206,S6_worst_case_no_intervention,indonesia,USDC
195,0.7520337795342393,438351444406.06256,206,S6_worst_case_no_intervention,indonesia,USDC
196,0.7766820173505695,427392656422.09033,206,S6_worst_case_no_intervention,indonesia,USDC
197,0.7797800246867332,416707838684.2288,206,S6_worst_case_no_intervention,indonesia,USDC
198,0.7856334502137009,406290141707.16895,206,S6_worst_case_no_intervention,indonesia,USDC
199,0.8041113497483993,396132887334.3924,206,S6_worst_case_no_intervention,indonesia,USDC
200,0.808494257047129,386229564542.7699,206,S6_worst_case_no_intervention,indonesia,USDC
201,0.7954684160143248,376573824946.66223,206,S6_worst_case_no_intervention,indonesia,USDC
202,0.7893724010489153,367159478884.7638,206,S6_worst_case_no_intervention,indonesia,USDC
203,0.8001810959024328,357980491544.8389,206,S6_worst_case_no_intervention,indonesia,USDC
204,0.8095025547060909,349030978959.6202,206,S6_worst_case_no_intervention,indonesia,USDC
205,0.8016227750596229,340305204253.4625,206,S6_worst_case_no_intervention,indonesia,USDC
206,0.8167838478675146,331797573946.9573,206,S6_worst_case_no_intervention,indonesia,USDC
207,0.7991412227434749,323502634443.2594,206,S6_worst_case_no_intervention,indonesia,USDC
208,0.8162982323095053,315415068439.16064,206,S6_worst_case_no_intervention,indonesia,USDC
209,0.8009356314520062,307529691616.8368,206,S6_worst_case_no_intervention,indonesia,USDC
210,0.8027367396345535,299841449223.34875,206,S6_worst_case_no_intervention,indonesia,USDC
211,0.7777964552663251,292345412910.1471,206,S6_worst_case_no_intervention,indonesia,USDC
212,0.7851197133661952,285036777507.01294,206,S6_worst_case_no_intervention,indonesia,USDC
213,0.7680517461780562,277910858008.6177,206,S6_worst_case_no_intervention,indonesia,USDC
214,0.7711796290159991,270963086506.48584,206,S6_worst_case_no_intervention,indonesia,USDC
215,0.7777685512643959,264189009300.23862,206,S6_worst_case_no_intervention,indonesia,USDC
216,0.7795155273543717,257584284034.84744,206,S6_worst_case_no_intervention,indonesia,USDC
217,0.7683368041663375,251144676907.23544,206,S6_worst_case_no_intervention,indonesia,USDC
218,0.7974212982034644,244866059962.2692,206,S6_worst_case_no_intervention,indonesia,USDC
219,0.8113205630175047,238744408447.7079,206,S6_worst_case_no_intervention,indonesia,USDC
220,0.8193083878819912,232775798225.04614,206,S6_worst_case_no_intervention,indonesia,USDC
221,0.8190698524927187,226956403260.45404,206,S6_worst_case_no_intervention,indonesia,USDC
222,0.7874960477890309,221282493171.2791,206,S6_worst_case_no_intervention,indonesia,USDC
223,0.7971795902701568,215750430833.95618,206,S6_worst_case_no_intervention,indonesia,USDC
224,0.7852676562674457,210356670057.15332,206,S6_worst_case_no_intervention,indonesia,USDC
225,0.7752562758339048,205097753300.42438,206,S6_worst_case_no_intervention,indonesia,USDC
226,0.7530049135229433,199970309463.0457,206,S6_worst_case_no_intervention,indonesia,USDC
227,0.7624272717240852,194971051722.381,206,S6_worst_case_no_intervention,indonesia,USDC
228,0.7339726707706502,190096775426.23663,206,S6_worst_case_no_intervention,indonesia,USDC
229,0.7496389831135613,185344356037.6107,206,S6_worst_case_no_intervention,indonesia,USDC
230,0.7527845696313628,180710747134.69147,206,S6_worst_case_no_intervention,indonesia,USDC
231,0.7537732787457889,176192978454.7916,206,S6_worst_case_no_intervention,indonesia,USDC
232,0.7670062521424428,171788153992.2184,206,S6_worst_case_no_intervention,indonesia,USDC
233,0.7800223029761543,167493450141.48425,206,S6_worst_case_no_intervention,indonesia,USDC
234,0.7808457949073158,163306113887.25677,206,S6_worst_case_no_intervention,indonesia,USDC
235,0.8241828051869274,159223461039.5095,206,S6_worst_case_no_intervention,indonesia,USDC
236,0.8077713711836606,155242874513.1706,206,S6_worst_case_no_intervention,indonesia,USDC
237,0.8116200639169817,151361802650.02905,206,S6_worst_case_no_intervention,indonesia,USDC
238,0.8071057090083791,147577757583.51617,206,S6_worst_case_no_intervention,indonesia,USDC
239,0.7982844060524215,143888313643.70096,206,S6_worst_case_no_intervention,indonesia,USDC
240,0.8114907313930443,140291105802.41132,206,S6_worst_case_no_intervention,indonesia,USDC
241,0.7836473235466255,136783828157.19946,206,S6_worst_case_no_intervention,indonesia,USDC
242,0.7858020554224149,133364232453.11252,206,S6_worst_case_no_intervention,indonesia,USDC
243,0.7875316436061126,130030126641.6612,206,S6_worst_case_no_intervention,indonesia,USDC
244,0.7765435844732572,126779373475.52151,206,S6_worst_case_no_intervention,indonesia,USDC
245,0.7758009850854374,123609889138.54593,206,S6_worst_case_no_intervention,indonesia,USDC
246,0.7797892135108261,120519641910.01141,206,S6_worst_case_no_intervention,indonesia,USDC
247,0.7957345384326543,117506650862.20387,206,S6_worst_case_no_intervention,indonesia,USDC
248,0.8039322960060813,114568984590.60562,206,S6_worst_case_no_intervention,indonesia,USDC
249,0.7829562443581868,111704759975.80676,206,S6_worst_case_no_intervention,indonesia,USDC
250,0.7756190543849993,108912140976.38193,206,S6_worst_case_no_intervention,indonesia,USDC
251,0.7763810244955845,106189337451.94669,206,S6_worst_case_no_intervention,indonesia,USDC
252,0.7755023756849337,103534604015.62646,206,S6_worst_case_no_intervention,indonesia,USDC
253,0.8012140029579292,100946238915.21918,206,S6_worst_case_no_intervention,indonesia,USDC
254,0.7947854352822589,98422582942.32657,206,S6_worst_case_no_intervention,indonesia,USDC
255,0.783625122058786,95962018368.758,206,S6_worst_case_no_intervention,indonesia,USDC
256,0.7799595086237087,93562967909.5305,206,S6_worst_case_no_intervention,indonesia,USDC
257,0.7625972517150484,91223893711.78484,206,S6_worst_case_no_intervention,indonesia,USDC
258,0.768192205894017,88943296368.9838,206,S6_worst_case_no_intervention,indonesia,USDC
259,0.7753341639452981,86719713959.75421,206,S6_worst_case_no_intervention,indonesia,USDC
260,0.7709619042046622,84551721110.7566,206,S6_worst_case_no_intervention,indonesia,USDC
261,0.797387947589779,82437928082.98447,206,S6_worst_case_no_intervention,indonesia,USDC
262,0.8017402966153304,80376979880.90765,206,S6_worst_case_no_intervention,indonesia,USDC
263,0.7988471693311984,78367555383.88321,206,S6_worst_case_no_intervention,indonesia,USDC
264,0.7868282602324889,76408366499.28464,206,S6_worst_case_no_intervention,indonesia,USDC
265,0.8145135941666376,74498157336.80115,206,S6_worst_case_no_intervention,indonesia,USDC
266,0.813650579315481,72635703403.38022,206,S6_worst_case_no_intervention,indonesia,USDC
267,0.80956576813793,70819810818.29495,206,S6_worst_case_no_intervention,indonesia,USDC
268,0.8005373446125132,69049315547.83688,206,S6_worst_case_no_intervention,indonesia,USDC
269,0.7796684891798447,67323082659.140335,206,S6_worst_case_no_intervention,indonesia,USDC
270,0.7728989662159482,65640005592.66123,206,S6_worst_case_no_intervention,indonesia,USDC
271,0.7734165295621076,63999005452.84421,206,S6_worst_case_no_intervention,indonesia,USDC
272,0.7832666626202099,62399030316.522705,206,S6_worst_case_no_intervention,indonesia,USDC
273,0.7795296117934958,60839054558.60936,206,S6_worst_case_no_intervention,indonesia,USDC
274,0.7827402563888457,59318078194.643875,206,S6_worst_case_no_intervention,indonesia,USDC
275,0.7831928303917071,57835126239.77759,206,S6_worst_case_no_intervention,indonesia,USDC
276,0.7620149742002903,56389248083.783005,206,S6_worst_case_no_intervention,indonesia,USDC
277,0.7756574469658757,54979516881.688286,206,S6_worst_case_no_intervention,indonesia,USDC
278,0.7637740126069249,53605028959.645966,206,S6_worst_case_no_intervention,indonesia,USDC
279,0.7763951929213152,52264903235.65473,206,S6_worst_case_no_intervention,indonesia,USDC
280,0.7761946238812585,50958280654.7633,206,S6_worst_case_no_intervention,indonesia,USDC
281,0.7892544052922144,49684323638.394165,206,S6_worst_case_no_intervention,indonesia,USDC
282,0.7695623703967794,48442215547.434265,206,S6_worst_case_no_intervention,indonesia,USDC
283,0.7683487636301272,47231160158.748375,206,S6_worst_case_no_intervention,indonesia,USDC
284,0.7700885392002508,46050381154.77963,206,S6_worst_case_no_intervention,indonesia,USDC
285,0.7744098425763715,44899121625.910126,206,S6_worst_case_no_intervention,indonesia,USDC
286,0.7778026601373557,43776643585.26235,206,S6_worst_case_no_intervention,indonesia,USDC
287,0.7793218651272573,42682227495.630775,206,S6_worst_case_no_intervention,indonesia,USDC
288,0.7776018469687881,41615171808.23999,206,S6_worst_case_no_intervention,indonesia,USDC
289,0.7754594656155595,40574792513.03398,206,S6_worst_case_no_intervention,indonesia,USDC
290,0.7619509795549513,39560422700.20813,206,S6_worst_case_no_intervention,indonesia,USDC
291,0.7631628237681378,38571412132.70293,206,S6_worst_case_no_intervention,indonesia,USDC
292,0.7652398446209769,37607126829.385345,206,S6_worst_case_no_intervention,indonesia,USDC
293,0.7445493745934052,36666948658.650696,206,S6_worst_case_no_intervention,indonesia,USDC
294,0.7450768177282354,35750274942.18443,206,S6_worst_case_no_intervention,indonesia,USDC
295,0.7377671131766386,34856518068.629814,206,S6_worst_case_no_intervention,indonesia,USDC
296,0.7330525882286032,33985105116.91407,206,S6_worst_case_no_intervention,indonesia,USDC
297,0.726167926408654,33135477488.99122,206,S6_worst_case_no_intervention,indonesia,USDC
298,0.7431472307539637,32307090551.76644,206,S6_worst_case_no_intervention,indonesia,USDC
299,0.7477671131421356,31499413287.97228,206,S6_worst_case_no_intervention,indonesia,USDC
300,0.7763684148134686,30711927955.772972,206,S6_worst_case_no_intervention,indonesia,USDC
301,0.7974758242862092,29944129756.878647,206,S6_worst_case_no_intervention,indonesia,USDC
302,0.8025857043675706,29195526512.95668,206,S6_worst_case_no_intervention,indonesia,USDC
303,0.8160311274313051,28465638350.132763,206,S6_worst_case_no_intervention,indonesia,USDC
304,0.808636898570085,27753997391.379448,206,S6_worst_case_no_intervention,indonesia,USDC
305,0.8140858334028067,27060147456.59496,206,S6_worst_case_no_intervention,indonesia,USDC
306,0.8151281888118009,26383643770.180084,206,S6_worst_case_no_intervention,indonesia,USDC
307,0.8078140121618409,25724052675.925583,206,S6_worst_case_no_intervention,indonesia,USDC
308,0.8107813959119116,25080951359.027443,206,S6_worst_case_no_intervention,indonesia,USDC
309,0.8114912766484302,24453927575.051758,206,S6_worst_case_no_intervention,indonesia,USDC
310,0.8206923162419877,23842579385.67546,206,S6_worst_case_no_intervention,indonesia,USDC
311,0.813692665791553,23246514901.033577,206,S6_worst_case_no_intervention,indonesia,USDC
312,0.8166384901206099,22665352028.50774,206,S6_worst_case_no_intervention,indonesia,USDC
313,0.8311702209084275,22098718227.795044,206,S6_worst_case_no_intervention,indonesia,USDC
314,0.8587164074401691,21546250272.10017,206,S6_worst_case_no_intervention,indonesia,USDC
315,0.8635015623838326,21007594015.29767,206,S6_worst_case_no_intervention,indonesia,USDC
316,0.8535176415994801,20482404164.915222,206,S6_worst_case_no_intervention,indonesia,USDC
317,0.8381822749027215,19970344060.792343,206,S6_worst_case_no_intervention,indonesia,USDC
318,0.8575158472066228,19471085459.272533,206,S6_worst_case_no_intervention,indonesia,USDC
319,0.8541070478287142,18984308322.790726,206,S6_worst_case_no_intervention,indonesia,USDC
320,0.8314340188288469,18509700614.720955,206,S6_worst_case_no_intervention,indonesia,USDC
321,0.8373961239703293,18046958099.35293,206,S6_worst_case_no_intervention,indonesia,USDC
322,0.8276260323723618,17595784146.86911,206,S6_worst_case_no_intervention,indonesia,USDC
323,0.835876900152373,17155889543.19738,206,S6_worst_case_no_intervention,indonesia,USDC
324,0.813121713579168,16726992304.617445,206,S6_worst_case_no_intervention,indonesia,USDC
325,0.8042998552591037,16308817497.00201,206,S6_worst_case_no_intervention,indonesia,USDC
326,0.7854425624793521,15901097059.57696,206,S6_worst_case_no_intervention,indonesia,USDC
327,0.788949730066508,15503569633.087536,206,S6_worst_case_no_intervention,indonesia,USDC
328,0.7543748891317772,15115980392.260347,206,S6_worst_case_no_intervention,indonesia,USDC
329,0.7701725308786256,14738080882.453836,206,S6_worst_case_no_intervention,indonesia,USDC
330,0.7840295768313272,14369628860.39249,206,S6_worst_case_no_intervention,indonesia,USDC
331,0.7767333341074683,14010388138.882679,206,S6_worst_case_no_intervention,indonesia,USDC
332,0.753051584358852,13660128435.410612,206,S6_worst_case_no_intervention,indonesia,USDC
333,0.767179964411135,13318625224.525345,206,S6_worst_case_no_intervention,indonesia,USDC
334,0.7829410024741832,12985659593.912212,206,S6_worst_case_no_intervention,indonesia,USDC
335,0.7962110934323474,12661018104.064407,206,S6_worst_case_no_intervention,indonesia,USDC
336,0.8102187484482499,12344492651.462797,206,S6_worst_case_no_intervention,indonesia,USDC
337,0.8283448824304932,12035880335.176228,206,S6_worst_case_no_intervention,indonesia,USDC
338,0.8408626578948469,11734983326.796822,206,S6_worst_case_no_intervention,indonesia,USDC
339,0.8424200953897493,11441608743.626902,206,S6_worst_case_no_intervention,indonesia,USDC
340,0.8513712153705196,11155568525.036228,206,S6_worst_case_no_intervention,indonesia,USDC
341,0.8613394195393532,10876679311.910322,206,S6_worst_case_no_intervention,indonesia,USDC
342,0.8448388639164345,10604762329.112564,206,S6_worst_case_no_intervention,indonesia,USDC
343,0.8480734243748127,10339643270.88475,206,S6_worst_case_no_intervention,indonesia,USDC
344,0.8399892590480208,10081152189.112633,206,S6_worst_case_no_intervention,indonesia,USDC
345,0.8244872666764471,9829123384.384815,206,S6_worst_case_no_intervention,indonesia,USDC
346,0.8061707397324351,9583395299.775196,206,S6_worst_case_no_intervention,indonesia,USDC
347,0.7914501415127755,9343810417.280815,206,S6_worst_case_no_intervention,indonesia,USDC
348,0.7955848763198171,9110215156.848797,206,S6_worst_case_no_intervention,indonesia,USDC
349,0.8097886667468741,8882459777.927576,206,S6_worst_case_no_intervention,indonesia,USDC
350,0.8350708832686223,8660398283.479387,206,S6_worst_case_no_intervention,indonesia,USDC
351,0.8269275436693863,8443888326.392403,206,S6_worst_case_no_intervention,indonesia,USDC
352,0.7874438562725024,8232791118.232592,206,S6_worst_case_no_intervention,indonesia,USDC
353,0.7667086753338733,8026971340.276778,206,S6_worst_case_no_intervention,indonesia,USDC
354,0.7774042053232162,7826297056.769858,206,S6_worst_case_no_intervention,indonesia,USDC
355,0.7993499124213959,7630639630.350613,206,S6_worst_case_no_intervention,indonesia,USDC
356,0.8253362128094167,7439873639.591846,206,S6_worst_case_no_intervention,indonesia,USDC
357,0.8220358630873832,7253876798.602051,206,S6_worst_case_no_intervention,indonesia,USDC
358,0.79984541432374,7072529878.637,206,S6_worst_case_no_intervention,indonesia,USDC
359,0.7989547155020441,6895716631.671074,206,S6_worst_case_no_intervention,indonesia,USDC
360,0.8132448940516916,6723323715.879297,206,S6_worst_case_no_intervention,indonesia,USDC
361,0.8090546610199265,6555240622.982315,206,S6_worst_case_no_intervention,indonesia,USDC
362,0.8026415666708256,6391359607.407757,206,S6_worst_case_no_intervention,indonesia,USDC
363,0.8010148938328945,6231575617.222563,206,S6_worst_case_no_intervention,indonesia,USDC
364,0.7899720552720596,6075786226.791998,206,S6_worst_case_no_intervention,indonesia,USDC
365,0.785084258674752,5923891571.122198,206,S6_worst_case_no_intervention,indonesia,USDC
366,0.7860340326472464,5775794281.844144,206,S6_worst_case_no_intervention,indonesia,USDC
367,0.7861145494196708,5631399424.79804,206,S6_worst_case_no_intervention,indonesia,USDC
368,0.8055172194044511,5490614439.178089,206,S6_worst_case_no_intervention,indonesia,USDC
369,0.8202896729986683,5353349078.198637,206,S6_worst_case_no_intervention,indonesia,USDC
370,0.8233091350808429,5219515351.243671,206,S6_worst_case_no_intervention,indonesia,USDC
371,0.8053230753210724,5089027467.46258,206,S6_worst_case_no_intervention,indonesia,USDC
372,0.7990920314891895,4961801780.776014,206,S6_worst_case_no_intervention,indonesia,USDC
373,0.777201924388645,4837756736.256615,206,S6_worst_case_no_intervention,indonesia,USDC
374,0.7484374301024712,4716812817.8502,206,S6_worst_case_no_intervention,indonesia,USDC
375,0.7341715052959749,4598892497.403944,206,S6_worst_case_no_intervention,indonesia,USDC
376,0.7281580037076973,4483920184.968845,206,S6_worst_case_no_intervention,indonesia,USDC
377,0.7377806947506939,4371822180.3446245,206,S6_worst_case_no_intervention,indonesia,USDC
378,0.7598580058665719,4262526625.836009,206,S6_worst_case_no_intervention,indonesia,USDC
379,0.7673120200768377,4155963460.1901083,206,S6_worst_case_no_intervention,indonesia,USDC
380,0.760595285630458,4052064373.6853557,206,S6_worst_case_no_intervention,indonesia,USDC
381,0.7673190340634285,3950762764.3432217,206,S6_worst_case_no_intervention,indonesia,USDC
382,0.7921263287819263,3851993695.234641,206,S6_worst_case_no_intervention,indonesia,USDC
383,0.7736359648090775,3755693852.853775,206,S6_worst_case_no_intervention,indonesia,USDC
384,0.7528721186598718,3661801506.5324306,206,S6_worst_case_no_intervention,indonesia,USDC
385,0.7542771406311651,3570256468.86912,206,S6_worst_case_no_intervention,indonesia,USDC
386,0.7488904343653298,3481000057.1473923,206,S6_worst_case_no_intervention,indonesia,USDC
387,0.7478898067078624,3393975055.718707,206,S6_worst_case_no_intervention,indonesia,USDC
388,0.7689239865675288,3309125679.32574,206,S6_worst_case_no_intervention,indonesia,USDC
389,0.8037045475243721,3226397537.342596,206,S6_worst_case_no_intervention,indonesia,USDC
390,0.8280657194474949,3145737598.9090314,206,S6_worst_case_no_intervention,indonesia,USDC
391,0.821774496477141,3067094158.9363055,206,S6_worst_case_no_intervention,indonesia,USDC
392,0.8151190821615436,2990416804.962898,206,S6_worst_case_no_intervention,indonesia,USDC
393,0.7815352646292724,2915656384.838825,206,S6_worst_case_no_intervention,indonesia,USDC
394,0.7635338812305957,2842764975.217855,206,S6_worst_case_no_intervention,indonesia,USDC
395,0.7492062656035916,2771695850.8374085,206,S6_worst_case_no_intervention,indonesia,USDC
396,0.7315830169274927,2702403454.566473,206,S6_worst_case_no_intervention,indonesia,USDC
397,0.7684244333523326,2634843368.2023115,206,S6_worst_case_no_intervention,indonesia,USDC
398,0.7735230546049527,2568972283.9972534,206,S6_worst_case_no_intervention,indonesia,USDC
399,0.7724250969642968,2504747976.8973217,206,S6_worst_case_no_intervention,indonesia,USDC
400,0.7808853386924058,2442129277.474889,206,S6_worst_case_no_intervention,indonesia,USDC
401,0.7841015438037529,2381076045.538017,206,S6_worst_case_no_intervention,indonesia,USDC
402,0.777504489639903,2321549144.3995667,206,S6_worst_case_no_intervention,indonesia,USDC
403,0.7627873040658898,2263510415.7895775,206,S6_worst_case_no_intervention,indonesia,USDC
404,0.7690685813633654,2206922655.3948374,206,S6_worst_case_no_intervention,indonesia,USDC
405,0.7989957558212714,2151749589.009967,206,S6_worst_case_no_intervention,indonesia,USDC
406,0.7861288846113734,2097955849.2847176,206,S6_worst_case_no_intervention,indonesia,USDC
407,0.7660988672547437,2045506953.0525997,206,S6_worst_case_no_intervention,indonesia,USDC
408,0.7548217683775729,1994369279.2262845,206,S6_worst_case_no_intervention,indonesia,USDC
409,0.7590508315712602,1944510047.2456274,206,S6_worst_case_no_intervention,indonesia,USDC
410,0.7771687186253337,1895897296.0644867,206,S6_worst_case_no_intervention,indonesia,USDC
411,0.7810043535186668,1848499863.6628747,206,S6_worst_case_no_intervention,indonesia,USDC
412,0.7825156755492993,1802287367.0713027,206,S6_worst_case_no_intervention,indonesia,USDC
413,0.7843692682151817,1757230182.8945198,206,S6_worst_case_no_intervention,indonesia,USDC
414,0.8023087810794179,1713299428.322157,206,S6_worst_case_no_intervention,indonesia,USDC
415,0.8098995941254794,1670466942.614103,206,S6_worst_case_no_intervention,indonesia,USDC
416,0.809717291662698,1628705269.0487506,206,S6_worst_case_no_intervention,indonesia,USDC
417,0.8079212683834432,1587987637.3225317,206,S6_worst_case_no_intervention,indonesia,USDC
418,0.8346150767860264,1548287946.3894684,206,S6_worst_case_no_intervention,indonesia,USDC
419,0.8281148846517054,1509580747.7297318,206,S6_worst_case_no_intervention,indonesia,USDC
420,0.8354171134056358,1471841229.0364885,206,S6_worst_case_no_intervention,indonesia,USDC
421,0.8051901627398244,1435045198.3105762,206,S6_worst_case_no_intervention,indonesia,USDC
422,0.793276541376664,1399169068.3528118,206,S6_worst_case_no_intervention,indonesia,USDC
423,0.7912224278829783,1364189841.6439915,206,S6_worst_case_no_intervention,indonesia,USDC
424,0.8107976338196822,1330085095.602892,206,S6_worst_case_no_intervention,indonesia,USDC
425,0.8370953368365727,1296832968.2128196,206,S6_worst_case_no_intervention,indonesia,USDC
426,0.8324554679546541,1264412144.007499,206,S6_worst_case_no_intervention,indonesia,USDC
427,0.8275213027296471,1232801840.4073114,206,S6_worst_case_no_intervention,indonesia,USDC
428,0.8036389691874981,1201981794.3971288,206,S6_worst_case_no_intervention,indonesia,USDC
429,0.7980725106992427,1171932249.5372005,206,S6_worst_case_no_intervention,indonesia,USDC
430,0.7915239177810934,1142633943.2987704,206,S6_worst_case_no_intervention,indonesia,USDC
431,0.785542235774853,1114068094.7163012,206,S6_worst_case_no_intervention,indonesia,USDC
432,0.7928613343864905,1086216392.3483937,206,S6_worst_case_no_intervention,indonesia,USDC
433,0.7967551429427037,1059060982.5396838,206,S6_worst_case_no_intervention,indonesia,USDC
434,0.7924438231183254,1032584457.9761918,206,S6_worst_case_no_intervention,indonesia,USDC
435,0.7844312785548458,1006769846.5267869,206,S6_worst_case_no_intervention,indonesia,USDC
436,0.7873871009715359,981600600.3636173,206,S6_worst_case_no_intervention,indonesia,USDC
437,0.7939184214316555,957060585.3545268,206,S6_worst_case_no_intervention,indonesia,USDC
438,0.7969286527063013,933134070.7206637,206,S6_worst_case_no_intervention,indonesia,USDC
439,0.7749657034129745,909805718.9526472,206,S6_worst_case_no_intervention,indonesia,USDC
440,0.8077249245510695,887060575.978831,206,S6_worst_case_no_intervention,indonesia,USDC
441,0.803826105044062,864884061.5793601,206,S6_worst_case_no_intervention,indonesia,USDC
442,0.7950571312737406,843261960.0398761,206,S6_worst_case_no_intervention,indonesia,USDC
443,0.7779632837534887,822180411.0388792,206,S6_worst_case_no_intervention,indonesia,USDC
444,0.7920488194507068,801625900.7629073,206,S6_worst_case_no_intervention,indonesia,USDC
445,0.7847555538851086,781585253.2438345,206,S6_worst_case_no_intervention,indonesia,USDC
446,0.7598228082270266,762045621.9127386,206,S6_worst_case_no_intervention,indonesia,USDC
447,0.7445352587955012,742994481.3649201,206,S6_worst_case_no_intervention,indonesia,USDC
448,0.7471050995736581,724419619.3307972,206,S6_worst_case_no_intervention,indonesia,USDC
449,0.7428917952902991,706309128.8475273,206,S6_worst_case_no_intervention,indonesia,USDC
450,0.7673344008877121,688651400.626339,206,S6_worst_case_no_intervention,indonesia,USDC
451,0.7094980783993138,671435115.6106806,206,S6_worst_case_no_intervention,indonesia,USDC
452,0.7105622694742428,654649237.7204136,206,S6_worst_case_no_intervention,indonesia,USDC
453,0.7452533433676759,638283006.7774032,206,S6_worst_case_no_intervention,indonesia,USDC
454,0.7498809892228364,622325931.6079681,206,S6_worst_case_no_intervention,indonesia,USDC
455,0.7636084090605185,606767783.3177689,206,S6_worst_case_no_intervention,indonesia,USDC
456,0.7703763576969538,591598588.7348247,206,S6_worst_case_no_intervention,indonesia,USDC
457,0.7505057260789945,576808624.0164541,206,S6_worst_case_no_intervention,indonesia,USDC
458,0.7455930618500529,562388408.4160427,206,S6_worst_case_no_intervention,indonesia,USDC
459,0.7713686956988276,548328698.2056417,206,S6_worst_case_no_intervention,indonesia,USDC
460,0.7646595457097571,534620480.7505006,206,S6_worst_case_no_intervention,indonesia,USDC
461,0.7593052549719529,521254968.73173815,206,S6_worst_case_no_intervention,indonesia,USDC
462,0.7565274625427505,508223594.51344466,206,S6_worst_case_no_intervention,indonesia,USDC
463,0.7687535182864735,495518004.65060854,206,S6_worst_case_no_intervention,indonesia,USDC
464,0.7268010472650613,483130054.53434336,206,S6_worst_case_no_intervention,indonesia,USDC
465,0.7284887514670176,471051803.1709848,206,S6_worst_case_no_intervention,indonesia,USDC
466,0.7377195272734861,459275508.0917102,206,S6_worst_case_no_intervention,indonesia,USDC
467,0.7530872719597688,447793620.3894174,206,S6_worst_case_no_intervention,indonesia,USDC
468,0.759166627711566,436598779.87968194,206,S6_worst_case_no_intervention,indonesia,USDC
469,0.7433017359210687,425683810.3826899,206,S6_worst_case_no_intervention,indonesia,USDC
470,0.7339785092715707,415041715.1231227,206,S6_worst_case_no_intervention,indonesia,USDC
471,0.7375359255921885,404665672.2450446,206,S6_worst_case_no_intervention,indonesia,USDC
472,0.7317962582077124,394549030.4389185,206,S6_worst_case_no_intervention,indonesia,USDC
473,0.7097903611852003,384685304.6779455,206,S6_worst_case_no_intervention,indonesia,USDC
474,0.7374528683242014,375068172.0609969,206,S6_worst_case_no_intervention,indonesia,USDC
475,0.7462155572529255,365691467.75947195,206,S6_worst_case_no_intervention,indonesia,USDC
476,0.72198447540911,356549181.0654851,206,S6_worst_case_no_intervention,indonesia,USDC
477,0.7162122793541433,347635451.53884804,206,S6_worst_case_no_intervention,indonesia,USDC
478,0.7145811096030111,338944565.2503768,206,S6_worst_case_no_intervention,indonesia,USDC
479,0.7187872738992285,330470951.1191174,206,S6_worst_case_no_intervention,indonesia,USDC
480,0.7009097993247573,322209177.34113944,206,S6_worst_case_no_intervention,indonesia,USDC
481,0.6881081339269375,314153947.9076109,206,S6_worst_case_no_intervention,indonesia,USDC
482,0.6929646412282163,306300099.20992064,206,S6_worst_case_no_intervention,indonesia,USDC
483,0.6988986629845966,298642596.7296727,206,S6_worst_case_no_intervention,indonesia,USDC
484,0.7259563275432377,291176531.8114308,206,S6_worst_case_no_intervention,indonesia,USDC
485,0.7524258767722198,283897118.51614505,206,S6_worst_case_no_intervention,indonesia,USDC
486,0.766897653904595,276799690.55324143,206,S6_worst_case_no_intervention,indonesia,USDC
487,0.770714778000755,269879698.28941035,206,S6_worst_case_no_intervention,indonesia,USDC
488,0.7606208130677814,263132705.83217514,206,S6_worst_case_no_intervention,indonesia,USDC
489,0.785856318497876,256554388.18637073,206,S6_worst_case_no_intervention,indonesia,USDC
490,0.7984216405271113,250140528.48171148,206,S6_worst_case_no_intervention,indonesia,USDC
491,0.8033867378001026,243887015.2696687,206,S6_worst_case_no_intervention,indonesia,USDC
492,0.805940645434641,237789839.887927,206,S6_worst_case_no_intervention,indonesia,USDC
493,0.7961899037134986,231845093.89072883,206,S6_worst_case_no_intervention,indonesia,USDC
494,0.7863707055811378,226048966.5434606,206,S6_worst_case_no_intervention,indonesia,USDC
495,0.8057941166334669,220397742.3798741,206,S6_worst_case_no_intervention,indonesia,USDC
496,0.7791842421460609,214887798.82037723,206,S6_worst_case_no_intervention,indonesia,USDC
497,0.7769586404537401,209515603.84986782,206,S6_worst_case_no_intervention,indonesia,USDC
498,0.7675928656452269,204277713.75362113,206,S6_worst_case_no_intervention,indonesia,USDC
499,0.7741564237119956,199170770.9097806,206,S6_worst_case_no_intervention,indonesia,USDC
500,0.7703149669486997,194191501.63703606,206,S6_worst_case_no_intervention,indonesia,USDC
501,0.7766375945732841,189336714.09611017,206,S6_worst_case_no_intervention,indonesia,USDC
502,0.7706109195474176,184603296.24370742,206,S6_worst_case_no_intervention,indonesia,USDC
503,0.8126198338026374,179988213.83761474,206,S6_worst_case_no_intervention,indonesia,USDC
504,0.8408152971290221,175488508.49167436,206,S6_worst_case_no_intervention,indonesia,USDC
505,0.8142172366066516,171101295.7793825,206,S6_worst_case_no_intervention,indonesia,USDC
506,0.8236884924054764,166823763.38489795,206,S6_worst_case_no_intervention,indonesia,USDC
507,0.8312543438431972,162653169.3002755,206,S6_worst_case_no_intervention,indonesia,USDC
508,0.8181676383839702,158586840.0677686,206,S6_worst_case_no_intervention,indonesia,USDC
509,0.8194042579506168,154622169.06607437,206,S6_worst_case_no_intervention,indonesia,USDC
510,0.7852641225275516,150756614.83942252,206,S6_worst_case_no_intervention,indonesia,USDC
511,0.7818780201692703,146987699.46843696,206,S6_worst_case_no_intervention,indonesia,USDC
512,0.7722518761495065,143313006.98172605,206,S6_worst_case_no_intervention,indonesia,USDC
513,0.7691581045609369,139730181.80718288,206,S6_worst_case_no_intervention,indonesia,USDC
514,0.7680396794810128,136236927.2620033,206,S6_worst_case_no_intervention,indonesia,USDC
515,0.7515974433792859,132831004.08045323,206,S6_worst_case_no_intervention,indonesia,USDC
516,0.7506376763940263,129510228.9784419,206,S6_worst_case_no_intervention,indonesia,USDC
517,0.7524918382180574,126272473.25398085,206,S6_worst_case_no_intervention,indonesia,USDC
518,0.7489167918797984,123115661.42263132,206,S6_worst_case_no_intervention,indonesia,USDC
519,0.7372672161611836,120037769.88706554,206,S6_worst_case_no_intervention,indonesia,USDC
520,0.7398287684829841,117036825.63988888,206,S6_worst_case_no_intervention,indonesia,USDC
521,0.7462882264490394,114110904.99889168,206,S6_worst_case_no_intervention,indonesia,USDC
522,0.730916035506135,111258132.37391938,206,S6_worst_case_no_intervention,indonesia,USDC
523,0.7283328237882676,108476679.06457141,206,S6_worst_case_no_intervention,indonesia,USDC
524,0.7532878674675612,105764762.08795711,206,S6_worst_case_no_intervention,indonesia,USDC
525,0.776016984787629,103120643.03575818,206,S6_worst_case_no_intervention,indonesia,USDC
526,0.760853906908492,100542626.95986423,206,S6_worst_case_no_intervention,indonesia,USDC
527,0.772909387357345,98029061.28586762,206,S6_worst_case_no_intervention,indonesia,USDC
528,0.7806352828528029,95578334.75372092,206,S6_worst_case_no_intervention,indonesia,USDC
529,0.7772120644771334,93188876.3848779,206,S6_worst_case_no_intervention,indonesia,USDC
530,0.759940321531284,90859154.47525597,206,S6_worst_case_no_intervention,indonesia,USDC
531,0.7627421264246049,88587675.61337456,206,S6_worst_case_no_intervention,indonesia,USDC
532,0.7756087205908752,86372983.7230402,206,S6_worst_case_no_intervention,indonesia,USDC
533,0.7836020715220899,84213659.1299642,206,S6_worst_case_no_intervention,indonesia,USDC
534,0.7879313888301064,82108317.6517151,206,S6_worst_case_no_intervention,indonesia,USDC
535,0.7972264673258235,80055609.71042222,206,S6_worst_case_no_intervention,indonesia,USDC
536,0.8163670787648704,78054219.46766165,206,S6_worst_case_no_intervention,indonesia,USDC
537,0.8348887865482892,76102863.98097011,206,S6_worst_case_no_intervention,indonesia,USDC
538,0.8401183487861599,74200292.38144587,206,S6_worst_case_no_intervention,indonesia,USDC
539,0.8195196293020228,72345285.07190971,206,S6_worst_case_no_intervention,indonesia,USDC
540,0.8194180958987546,70536652.94511198,206,S6_worst_case_no_intervention,indonesia,USDC
541,0.8246902724493933,68773236.62148418,206,S6_worst_case_no_intervention,indonesia,USDC
542,0.8119933457231445,67053905.70594707,206,S6_worst_case_no_intervention,indonesia,USDC
543,0.8135641536514824,65377558.063298404,206,S6_worst_case_no_intervention,indonesia,USDC
544,0.8273653486225869,63743119.111715935,206,S6_worst_case_no_intervention,indonesia,USDC
545,0.8680986545951862,62149541.13392304,206,S6_worst_case_no_intervention,indonesia,USDC
546,0.8500982489709528,60595802.605574965,206,S6_worst_case_no_intervention,indonesia,USDC
547,0.813612687380082,59080907.54043558,206,S6_worst_case_no_intervention,indonesia,USDC
548,0.8211414987895554,57603884.851924695,206,S6_worst_case_no_intervention,indonesia,USDC
549,0.8271467105256165,56163787.73062657,206,S6_worst_case_no_intervention,indonesia,USDC
550,0.8208762993304839,54759693.03736091,206,S6_worst_case_no_intervention,indonesia,USDC
551,0.8168800161678025,53390700.71142689,206,S6_worst_case_no_intervention,indonesia,USDC
552,0.8170906010921369,52055933.193641216,206,S6_worst_case_no_intervention,indonesia,USDC
553,0.8265819571976274,50754534.86380018,206,S6_worst_case_no_intervention,indonesia,USDC
554,0.8530734105128422,49485671.49220518,206,S6_worst_case_no_intervention,indonesia,USDC
555,0.8182501197577927,48248529.70490005,206,S6_worst_case_no_intervention,indonesia,USDC
556,0.8369240674760219,47042316.46227755,206,S6_worst_case_no_intervention,indonesia,USDC
557,0.8370486077162574,45866258.5507206,206,S6_worst_case_no_intervention,indonesia,USDC
558,0.855887680393273,44719602.0869526,206,S6_worst_case_no_intervention,indonesia,USDC
559,0.8586752551369723,43601612.034778774,206,S6_worst_case_no_intervention,indonesia,USDC
560,0.8491843033055507,42511571.73390931,206,S6_worst_case_no_intervention,indonesia,USDC
561,0.8574268153789073,41448782.44056158,206,S6_worst_case_no_intervention,indonesia,USDC
562,0.8592476377974315,40412562.87954754,206,S6_worst_case_no_intervention,indonesia,USDC
563,0.865453739054295,39402248.80755885,206,S6_worst_case_no_intervention,indonesia,USDC
564,0.8466983075604522,38417192.587369874,206,S6_worst_case_no_intervention,indonesia,USDC
565,0.8449751563118547,37456762.77268563,206,S6_worst_case_no_intervention,indonesia,USDC
566,0.8311839970421411,36520343.703368485,206,S6_worst_case_no_intervention,indonesia,USDC
567,0.8374231178458268,35607335.11078427,206,S6_worst_case_no_intervention,indonesia,USDC
568,0.8390892045556587,34717151.733014666,206,S6_worst_case_no_intervention,indonesia,USDC
569,0.8493200628668964,33849222.9396893,206,S6_worst_case_no_intervention,indonesia,USDC
570,0.8739692891158555,33002992.366197072,206,S6_worst_case_no_intervention,indonesia,USDC
571,0.8790281317118538,32177917.557042137,206,S6_worst_case_no_intervention,indonesia,USDC
572,0.8592537163932031,31373469.61811609,206,S6_worst_case_no_intervention,indonesia,USDC
573,0.8779001680946841,30589132.877663188,206,S6_worst_case_no_intervention,indonesia,USDC
574,0.8464932605286258,29824404.555721603,206,S6_worst_case_no_intervention,indonesia,USDC
575,0.8420024109912111,29078794.441828564,206,S6_worst_case_no_intervention,indonesia,USDC
576,0.822379832940396,28351824.580782853,206,S6_worst_case_no_intervention,indonesia,USDC
577,0.8297086102916845,27643028.96626328,206,S6_worst_case_no_intervention,indonesia,USDC
578,0.8246226152184712,26951953.2421067,206,S6_worst_case_no_intervention,indonesia,USDC
579,0.8267231657278746,26278154.41105403,206,S6_worst_case_no_intervention,indonesia,USDC
580,0.8496718451271257,25621200.55077768,206,S6_worst_case_no_intervention,indonesia,USDC
581,0.8328279292995092,24980670.53700824,206,S6_worst_case_no_intervention,indonesia,USDC
582,0.8794012491125417,24356153.773583032,206,S6_worst_case_no_intervention,indonesia,USDC
583,0.8863587897626874,23747249.929243457,206,S6_worst_case_no_intervention,indonesia,USDC
584,0.8890128901902358,23153568.68101237,206,S6_worst_case_no_intervention,indonesia,USDC
585,0.8726452699009262,22574729.46398706,206,S6_worst_case_no_intervention,indonesia,USDC
586,0.91072316846217,22010361.227387384,206,S6_worst_case_no_intervention,indonesia,USDC
587,0.9085707022360087,21460102.1967027,206,S6_worst_case_no_intervention,indonesia,USDC
588,0.8678938624929731,20923599.64178513,206,S6_worst_case_no_intervention,indonesia,USDC
589,0.8839201971765553,20400509.650740504,206,S6_worst_case_no_intervention,indonesia,USDC
590,0.8800246819959106,19890496.90947199,206,S6_worst_case_no_intervention,indonesia,USDC
591,0.861806565653855,19393234.48673519,206,S6_worst_case_no_intervention,indonesia,USDC
592,0.850542024210449,18908403.624566812,206,S6_worst_case_no_intervention,indonesia,USDC
593,0.8270656983849382,18435693.533952642,206,S6_worst_case_no_intervention,indonesia,USDC
594,0.8190767902450653,17974801.195603825,206,S6_worst_case_no_intervention,indonesia,USDC
595,0.8035927232202847,17525431.16571373,206,S6_worst_case_no_intervention,indonesia,USDC
596,0.7986152835258389,17087295.386570886,206,S6_worst_case_no_intervention,indonesia,USDC
597,0.7921587496307555,16660113.001906615,206,S6_worst_case_no_intervention,indonesia,USDC
598,0.7732535766232571,16243610.176858949,206,S6_worst_case_no_intervention,indonesia,USDC
599,0.782514460591158,15837519.922437476,206,S6_worst_case_no_intervention,indonesia,USDC
600,0.7891458211929372,15441581.924376538,206,S6_worst_case_no_intervention,indonesia,USDC
601,0.792077082673421,15055542.376267126,206,S6_worst_case_no_intervention,indonesia,USDC
602,0.7880888908188475,14679153.816860447,206,S6_worst_case_no_intervention,indonesia,USDC
603,0.7881036308624987,14312174.971438937,206,S6_worst_case_no_intervention,indonesia,USDC
604,0.7833044399327398,13954370.597152963,206,S6_worst_case_no_intervention,indonesia,USDC
605,0.7794285413784495,13605511.33222414,206,S6_worst_case_no_intervention,indonesia,USDC
606,0.7739048251914454,13265373.548918536,206,S6_worst_case_no_intervention,indonesia,USDC
607,0.7704105736616003,12933739.210195571,206,S6_worst_case_no_intervention,indonesia,USDC
608,0.8044072392454708,12610395.729940683,206,S6_worst_case_no_intervention,indonesia,USDC
609,0.8065712940901923,12295135.836692166,206,S6_worst_case_no_intervention,indonesia,USDC
610,0.8349210571352292,11987757.440774862,206,S6_worst_case_no_intervention,indonesia,USDC
611,0.7946330073425286,11688063.50475549,206,S6_worst_case_no_intervention,indonesia,USDC
612,0.7949350268708092,11395861.917136602,206,S6_worst_case_no_intervention,indonesia,USDC
613,0.7827311660915832,11110965.369208187,206,S6_worst_case_no_intervention,indonesia,USDC
614,0.7784344830399159,10833191.234977983,206,S6_worst_case_no_intervention,indonesia,USDC
615,0.8136751791962058,10562361.454103533,206,S6_worst_case_no_intervention,indonesia,USDC
616,0.8049244742327835,10298302.417750945,206,S6_worst_case_no_intervention,indonesia,USDC
617,0.7872024675758272,10040844.857307171,206,S6_worst_case_no_intervention,indonesia,USDC
618,0.7718598736816594,9789823.73587449,206,S6_worst_case_no_intervention,indonesia,USDC
619,0.7881612639688297,9545078.14247763,206,S6_worst_case_no_intervention,indonesia,USDC
620,0.7867576344951722,9306451.188915689,206,S6_worst_case_no_intervention,indonesia,USDC
621,0.806142251915505,9073789.909192797,206,S6_worst_case_no_intervention,indonesia,USDC
622,0.8101625844018235,8846945.161462978,206,S6_worst_case_no_intervention,indonesia,USDC
623,0.8349575098306765,8625771.532426404,206,S6_worst_case_no_intervention,indonesia,USDC
624,0.8259085402628731,8410127.244115744,206,S6_worst_case_no_intervention,indonesia,USDC
625,0.8182357493692719,8199874.06301285,206,S6_worst_case_no_intervention,indonesia,USDC
626,0.8082952601325415,7994877.211437528,206,S6_worst_case_no_intervention,indonesia,USDC
627,0.8094585114098125,7795005.28115159,206,S6_worst_case_no_intervention,indonesia,USDC
628,0.8179030645897184,7600130.149122801,206,S6_worst_case_no_intervention,indonesia,USDC
629,0.8015582287971441,7410126.89539473,206,S6_worst_case_no_intervention,indonesia,USDC
630,0.808635873308576,7224873.723009862,206,S6_worst_case_no_intervention,indonesia,USDC
631,0.7986410239999637,7044251.879934616,206,S6_worst_case_no_intervention,indonesia,USDC
632,0.7974125252592608,6868145.582936251,206,S6_worst_case_no_intervention,indonesia,USDC
633,0.7889974877168432,6696441.943362845,206,S6_worst_case_no_intervention,indonesia,USDC
634,0.7832919688215311,6529030.894778773,206,S6_worst_case_no_intervention,indonesia,USDC
635,0.7911012415779299,6365805.122409305,206,S6_worst_case_no_intervention,indonesia,USDC
636,0.7973407929561656,6206659.994349072,206,S6_worst_case_no_intervention,indonesia,USDC
637,0.7855727454293938,6051493.494490345,206,S6_worst_case_no_intervention,indonesia,USDC
638,0.7951799361276731,5900206.157128086,206,S6_worst_case_no_intervention,indonesia,USDC
639,0.790564120467693,5752701.003199884,206,S6_worst_case_no_intervention,indonesia,USDC
640,0.8023964387734764,5608883.478119887,206,S6_worst_case_no_intervention,indonesia,USDC
641,0.8059045350710722,5468661.39116689,206,S6_worst_case_no_intervention,indonesia,USDC
642,0.7758111494300765,5331944.856387718,206,S6_worst_case_no_intervention,indonesia,USDC
643,0.7738614016404395,5198646.234978024,206,S6_worst_case_no_intervention,indonesia,USDC
644,0.7681350326482618,5068680.079103574,206,S6_worst_case_no_intervention,indonesia,USDC
645,0.7524368424752546,4941963.077125984,206,S6_worst_case_no_intervention,indonesia,USDC
646,0.7504694105115923,4818414.000197835,206,S6_worst_case_no_intervention,indonesia,USDC
647,0.7275382477554889,4697953.650192889,206,S6_worst_case_no_intervention,indonesia,USDC
648,0.7638616274053812,4580504.808938067,206,S6_worst_case_no_intervention,indonesia,USDC
649,0.7537825643661104,4465992.188714615,206,S6_worst_case_no_intervention,indonesia,USDC
650,0.7782237220885381,4354342.383996749,206,S6_worst_case_no_intervention,indonesia,USDC
651,0.7739264848072149,4245483.824396831,206,S6_worst_case_no_intervention,indonesia,USDC
652,0.7798806924958454,4139346.72878691,206,S6_worst_case_no_intervention,indonesia,USDC
653,0.7808142338803729,4035863.060567237,206,S6_worst_case_no_intervention,indonesia,USDC
654,0.7909869337671208,3934966.4840530558,206,S6_worst_case_no_intervention,indonesia,USDC
655,0.790706059487855,3836592.3219517292,206,S6_worst_case_no_intervention,indonesia,USDC
656,0.7957126836713552,3740677.513902936,206,S6_worst_case_no_intervention,indonesia,USDC
657,0.7990039694528134,3647160.576055363,206,S6_worst_case_no_intervention,indonesia,USDC
658,0.8128659597124902,3555981.561653978,206,S6_worst_case_no_intervention,indonesia,USDC
659,0.8075678837234486,3467082.022612629,206,S6_worst_case_no_intervention,indonesia,USDC
660,0.7992504095446287,3380404.9720473136,206,S6_worst_case_no_intervention,indonesia,USDC
661,0.7716420337808674,3295894.8477461305,206,S6_worst_case_no_intervention,indonesia,USDC
662,0.755791613173977,3213497.476552477,206,S6_worst_case_no_intervention,indonesia,USDC
663,0.7529997959077512,3133160.0396386655,206,S6_worst_case_no_intervention,indonesia,USDC
664,0.7560728312116018,3054831.0386476987,206,S6_worst_case_no_intervention,indonesia,USDC
665,0.7512425650151764,2978460.262681506,206,S6_worst_case_no_intervention,indonesia,USDC
666,0.752540665037778,2903998.7561144684,206,S6_worst_case_no_intervention,indonesia,USDC
667,0.7695301734464648,2831398.7872116067,206,S6_worst_case_no_intervention,indonesia,USDC
668,0.7909844914590507,2760613.8175313165,206,S6_worst_case_no_intervention,indonesia,USDC
669,0.7591102406772926,2691598.4720930336,206,S6_worst_case_no_intervention,indonesia,USDC
670,0.7581535839950241,2624308.510290708,206,S6_worst_case_no_intervention,indonesia,USDC
671,0.7660646063661612,2558700.7975334404,206,S6_worst_case_no_intervention,indonesia,USDC
672,0.7573912139068764,2494733.277595104,206,S6_worst_case_no_intervention,indonesia,USDC
673,0.7703825841342864,2432364.9456552267,206,S6_worst_case_no_intervention,indonesia,USDC
674,0.7489520495385877,2371555.8220138457,206,S6_worst_case_no_intervention,indonesia,USDC
675,0.7655288769572149,2312266.9264634997,206,S6_worst_case_no_intervention,indonesia,USDC
676,0.7858097415190028,2254460.253301912,206,S6_worst_case_no_intervention,indonesia,USDC
677,0.7733966467212049,2198098.7469693646,206,S6_worst_case_no_intervention,indonesia,USDC
678,0.7836370403208273,2143146.2782951305,206,S6_worst_case_no_intervention,indonesia,USDC
679,0.7482725682744629,2089567.6213377519,206,S6_worst_case_no_intervention,indonesia,USDC
680,0.7269943460240916,2037328.430804308,206,S6_worst_case_no_intervention,indonesia,USDC
681,0.7274531913174409,1986395.2200342007,206,S6_worst_case_no_intervention,indonesia,USDC
682,0.7787353249567597,1936735.3395333453,206,S6_worst_case_no_intervention,indonesia,USDC
683,0.7933735007267759,1888316.956045012,206,S6_worst_case_no_intervention,indonesia,USDC
684,0.794027359707315,1841109.0321438867,206,S6_worst_case_no_intervention,indonesia,USDC
685,0.786490328140312,1795081.3063402893,206,S6_worst_case_no_intervention,indonesia,USDC
686,0.8085632621671488,1750204.2736817822,206,S6_worst_case_no_intervention,indonesia,USDC
687,0.8151741435272413,1706449.1668397374,206,S6_worst_case_no_intervention,indonesia,USDC
688,0.8025473126127972,1663787.937668744,206,S6_worst_case_no_intervention,indonesia,USDC
689,0.8065575626631878,1622193.2392270258,206,S6_worst_case_no_intervention,indonesia,USDC
690,0.8181776000155709,1581638.40824635,206,S6_worst_case_no_intervention,indonesia,USDC
691,0.8106142663161678,1542097.448040191,206,S6_worst_case_no_intervention,indonesia,USDC
692,0.8039790041859259,1503545.0118391863,206,S6_worst_case_no_intervention,indonesia,USDC
693,0.7066910557181163,1465956.3865432069,206,S6_worst_case_no_intervention,indonesia,USDC
694,0.7170960940854195,1429307.4768796265,206,S6_worst_case_no_intervention,indonesia,USDC
695,0.7502082197684112,1393574.789957636,206,S6_worst_case_no_intervention,indonesia,USDC
696,0.7529717922017258,1358735.420208695,206,S6_worst_case_no_intervention,indonesia,USDC
697,0.7937986956769444,1324767.0347034778,206,S6_worst_case_no_intervention,indonesia,USDC
698,0.7951944692936173,1291647.858835891,206,S6_worst_case_no_intervention,indonesia,USDC
699,0.7978777381765377,1259356.6623649935,206,S6_worst_case_no_intervention,indonesia,USDC
700,0.8070778802820952,1227872.7458058686,206,S6_worst_case_no_intervention,indonesia,USDC
701,0.8024945743132493,1197175.9271607217,206,S6_worst_case_no_intervention,indonesia,USDC
702,0.7809980189308768,1167246.5289817038,206,S6_worst_case_no_intervention,indonesia,USDC
703,0.7700099968036024,1138065.3657571613,206,S6_worst_case_no_intervention,indonesia,USDC
704,0.7909809564147795,1109613.7316132323,206,S6_worst_case_no_intervention,indonesia,USDC
705,0.7999588271911945,1081873.3883229012,206,S6_worst_case_no_intervention,indonesia,USDC
706,0.8063568726560186,1054826.5536148287,206,S6_worst_case_no_intervention,indonesia,USDC
707,0.8105369289992967,1028455.889774458,206,S6_worst_case_no_intervention,indonesia,USDC
708,0.8132929328130735,1002744.4925300966,206,S6_worst_case_no_intervention,indonesia,USDC
709,0.838841610490063,977675.8802168441,206,S6_worst_case_no_intervention,indonesia,USDC
710,0.8463963811971036,953233.9832114232,206,S6_worst_case_no_intervention,indonesia,USDC
711,0.8498994664807025,929403.1336311374,206,S6_worst_case_no_intervention,indonesia,USDC
712,0.8391511705988334,906168.0552903591,206,S6_worst_case_no_intervention,indonesia,USDC
713,0.853971459912776,883513.8539080999,206,S6_worst_case_no_intervention,indonesia,USDC
714,0.856936842283956,861426.0075603975,206,S6_worst_case_no_intervention,indonesia,USDC
715,0.8452820951324492,839890.3573713877,206,S6_worst_case_no_intervention,indonesia,USDC
716,0.8405599045852337,818893.098437103,206,S6_worst_case_no_intervention,indonesia,USDC
717,0.8364779420085654,798420.7709761753,206,S6_worst_case_no_intervention,indonesia,USDC
718,0.8602234169445907,778460.2517017709,206,S6_worst_case_no_intervention,indonesia,USDC
719,0.8527028560021765,758998.7454092267,206,S6_worst_case_no_intervention,indonesia,USDC
720,0.8660444124191637,740023.7767739961,206,S6_worst_case_no_intervention,indonesia,USDC
721,0.8708734357684711,721523.1823546462,206,S6_worst_case_no_intervention,indonesia,USDC
722,0.8588684492149041,703485.1027957799,206,S6_worst_case_no_intervention,indonesia,USDC
723,0.8300794340009467,685897.9752258855,206,S6_worst_case_no_intervention,indonesia,USDC
724,0.8435199654779075,668750.5258452384,206,S6_worst_case_no_intervention,indonesia,USDC
725,0.8390377207689439,652031.7626991074,206,S6_worst_case_no_intervention,indonesia,USDC
726,0.824467432720376,635730.9686316297,206,S6_worst_case_no_intervention,indonesia,USDC
727,0.8307094832402331,619837.6944158389,206,S6_worst_case_no_intervention,indonesia,USDC
728,0.8241935527597634,604341.7520554429,206,S6_worst_case_no_intervention,indonesia,USDC
729,0.7953183798847158,589233.2082540569,206,S6_worst_case_no_intervention,indonesia,USDC
730,0.8058539118229149,574502.3780477054,206,S6_worst_case_no_intervention,indonesia,USDC
731,0.8252559379453461,560139.8185965128,206,S6_worst_case_no_intervention,indonesia,USDC
732,0.8025815483899068,546136.3231316,206,S6_worst_case_no_intervention,indonesia,USDC
733,0.7838815510216086,532482.91505331,206,S6_worst_case_no_intervention,indonesia,USDC
734,0.8036055835866576,519170.8421769772,206,S6_worst_case_no_intervention,indonesia,USDC
735,0.7885743346766706,506191.57112255273,206,S6_worst_case_no_intervention,indonesia,USDC
736,0.7580559259753504,493536.7818444889,206,S6_worst_case_no_intervention,indonesia,USDC
737,0.7748034666575915,481198.36229837674,206,S6_worst_case_no_intervention,indonesia,USDC
738,0.76337422365984,469168.4032409173,206,S6_worst_case_no_intervention,indonesia,USDC
739,0.7524405610110138,457439.1931598944,206,S6_worst_case_no_intervention,indonesia,USDC
740,0.7435909741805101,446003.21333089704,206,S6_worst_case_no_intervention,indonesia,USDC
741,0.7574252936107044,434853.1329976246,206,S6_worst_case_no_intervention,indonesia,USDC
742,0.7446024110850666,423981.80467268405,206,S6_worst_case_no_intervention,indonesia,USDC
743,0.7397782580258043,413382.25955586694,206,S6_worst_case_no_intervention,indonesia,USDC
744,0.7363063626481557,403047.7030669702,206,S6_worst_case_no_intervention,indonesia,USDC
745,0.7342241843683398,392971.51049029594,206,S6_worst_case_no_intervention,indonesia,USDC
746,0.7290475137399315,383147.22272803856,206,S6_worst_case_no_intervention,indonesia,USDC
747,0.7330916519961813,373568.5421598376,206,S6_worst_case_no_intervention,indonesia,USDC
748,0.7319590023657008,364229.32860584167,206,S6_worst_case_no_intervention,indonesia,USDC
749,0.7410606248117294,355123.5953906956,206,S6_worst_case_no_intervention,indonesia,USDC
750,0.7441616294347525,346245.50550592825,206,S6_worst_case_no_intervention,indonesia,USDC
751,0.7319732657804964,337589.36786828004,206,S6_worst_case_no_intervention,indonesia,USDC
752,0.7419902700803188,329149.633671573,206,S6_worst_case_no_intervention,indonesia,USDC
753,0.7513692691192599,320920.8928297837,206,S6_worst_case_no_intervention,indonesia,USDC
754,0.7670277948652996,312897.8705090391,206,S6_worst_case_no_intervention,indonesia,USDC
755,0.7815833860668534,305075.4237463131,206,S6_worst_case_no_intervention,indonesia,USDC
756,0.7776356758629802,297448.5381526553,206,S6_worst_case_no_intervention,indonesia,USDC
757,0.7694968880270079,290012.32469883893,206,S6_worst_case_no_intervention,indonesia,USDC
758,0.7877314114160593,282762.01658136793,206,S6_worst_case_no_intervention,indonesia,USDC
759,0.7887943185387979,275692.96616683376,206,S6_worst_case_no_intervention,indonesia,USDC
760,0.7754954507534322,268800.6420126629,206,S6_worst_case_no_intervention,indonesia,USDC
761,0.7903267533815722,262080.6259623463,206,S6_worst_case_no_intervention,indonesia,USDC
762,0.8034258902759994,255528.61031328765,206,S6_worst_case_no_intervention,indonesia,USDC
763,0.8041447007657931,249140.39505545548,206,S6_worst_case_no_intervention,indonesia,USDC
764,0.817169399596167,242911.88517906907,206,S6_worst_case_no_intervention,indonesia,USDC
765,0.8289748715230443,236839.08804959233,206,S6_worst_case_no_intervention,indonesia,USDC
766,0.7582030920257964,230918.11084835255,206,S6_worst_case_no_intervention,indonesia,USDC
767,0.7791664093626759,225145.15807714371,206,S6_worst_case_no_intervention,indonesia,USDC
768,0.7771745416243824,219516.52912521514,206,S6_worst_case_no_intervention,indonesia,USDC
769,0.8025601181367034,214028.6158970848,206,S6_worst_case_no_intervention,indonesia,USDC
770,0.8091569031648926,208677.9004996576,206,S6_worst_case_no_intervention,indonesia,USDC
771,0.7913296121524434,203460.95298716624,206,S6_worst_case_no_intervention,indonesia,USDC
772,0.785421313284469,198374.42916248707,206,S6_worst_case_no_intervention,indonesia,USDC
773,0.7939565529848869,193415.06843342487,206,S6_worst_case_no_intervention,indonesia,USDC
774,0.7303701837016457,188579.69172258925,206,S6_worst_case_no_intervention,indonesia,USDC
775,0.7288182840497422,183865.1994295245,206,S6_worst_case_no_intervention,indonesia,USDC
776,0.7590414907621862,179268.5694437864,206,S6_worst_case_no_intervention,indonesia,USDC
777,0.7923334668050909,174786.85520769173,206,S6_worst_case_no_intervention,indonesia,USDC
778,0.8063125728699273,170417.18382749945,206,S6_worst_case_no_intervention,indonesia,USDC
779,0.8130959135781344,166156.75423181197,206,S6_worst_case_no_intervention,indonesia,USDC
780,0.7985407166090469,162002.83537601665,206,S6_worst_case_no_intervention,indonesia,USDC
781,0.7984827664427887,157952.76449161625,206,S6_worst_case_no_intervention,indonesia,USDC
782,0.7928407714638844,154003.94537932583,206,S6_worst_case_no_intervention,indonesia,USDC
783,0.8017766363409377,150153.8467448427,206,S6_worst_case_no_intervention,indonesia,USDC
784,0.8022536695849567,146400.00057622162,206,S6_worst_case_no_intervention,indonesia,USDC
785,0.7876678976692342,142740.0005618161,206,S6_worst_case_no_intervention,indonesia,USDC
786,0.7972238722987774,139171.50054777067,206,S6_worst_case_no_intervention,indonesia,USDC
787,0.7986418954079758,135692.2130340764,206,S6_worst_case_no_intervention,indonesia,USDC
788,0.8032061580961248,132299.90770822452,206,S6_worst_case_no_intervention,indonesia,USDC
789,0.8484011983688081,128992.4100155189,206,S6_worst_case_no_intervention,indonesia,USDC
790,0.8396980252388647,125767.59976513092,206,S6_worst_case_no_intervention,indonesia,USDC
791,0.8245097127738158,122623.40977100265,206,S6_worst_case_no_intervention,indonesia,USDC
792,0.8277032823129562,119557.82452672758,206,S6_worst_case_no_intervention,indonesia,USDC
793,0.8427813488133501,116568.8789135594,206,S6_worst_case_no_intervention,indonesia,USDC
794,0.8423758771358527,113654.6569407204,206,S6_worst_case_no_intervention,indonesia,USDC
795,0.8323799108491802,110813.29051720239,206,S6_worst_case_no_intervention,indonesia,USDC
796,0.8001898478396243,108042.95825427234,206,S6_worst_case_no_intervention,indonesia,USDC
797,0.8254899054347737,105341.8842979155,206,S6_worst_case_no_intervention,indonesia,USDC
798,0.8372466252342103,102708.33719046762,206,S6_worst_case_no_intervention,indonesia,USDC
799,0.8357929809955528,100140.62876070593,206,S6_worst_case_no_intervention,indonesia,USDC
800,0.8273984691646477,97637.11304168828,206,S6_worst_case_no_intervention,indonesia,USDC
801,0.8202415652697518,95196.18521564608,206,S6_worst_case_no_intervention,indonesia,USDC
802,0.8194729535537216,92816.28058525492,206,S6_worst_case_no_intervention,indonesia,USDC
803,0.82382459059006,90495.87357062355,206,S6_worst_case_no_intervention,indonesia,USDC
804,0.846499630967985,88233.47673135798,206,S6_worst_case_no_intervention,indonesia,USDC
805,0.8237157634531932,86027.63981307403,206,S6_worst_case_no_intervention,indonesia,USDC
806,0.8212122824153639,83876.94881774716,206,S6_worst_case_no_intervention,indonesia,USDC
807,0.8098839543324682,81780.0250973035,206,S6_worst_case_no_intervention,indonesia,USDC
808,0.8114091014880338,79735.5244698709,206,S6_worst_case_no_intervention,indonesia,USDC
809,0.8106240689921418,77742.13635812413,206,S6_worst_case_no_intervention,indonesia,USDC
810,0.8111374620691704,75798.58294917103,206,S6_worst_case_no_intervention,indonesia,USDC
811,0.8126924295636744,73903.61837544176,206,S6_worst_case_no_intervention,indonesia,USDC
812,0.8201701983836975,72056.02791605571,206,S6_worst_case_no_intervention,indonesia,USDC
813,0.8157328869791554,70254.62721815432,206,S6_worst_case_no_intervention,indonesia,USDC
814,0.8088730304762455,68498.26153770045,206,S6_worst_case_no_intervention,indonesia,USDC
815,0.8121195456370331,66785.80499925795,206,S6_worst_case_no_intervention,indonesia,USDC
816,0.7959154318486024,65116.15987427649,206,S6_worst_case_no_intervention,indonesia,USDC
817,0.8023482872639839,63488.25587741958,206,S6_worst_case_no_intervention,indonesia,USDC
818,0.7954047464617104,61901.049480484086,206,S6_worst_case_no_intervention,indonesia,USDC
819,0.788252662609268,60353.52324347198,206,S6_worst_case_no_intervention,indonesia,USDC
820,0.799853129568922,58844.68516238519,206,S6_worst_case_no_intervention,indonesia,USDC
821,0.7935700339530499,57373.56803332556,206,S6_worst_case_no_intervention,indonesia,USDC
822,0.792736850703334,55939.22883249242,206,S6_worst_case_no_intervention,indonesia,USDC
823,0.7652640207095475,54540.74811168011,206,S6_worst_case_no_intervention,indonesia,USDC
824,0.7863555812553883,53177.2294088881,206,S6_worst_case_no_intervention,indonesia,USDC
825,0.8006093857713443,51847.79867366591,206,S6_worst_case_no_intervention,indonesia,USDC
826,0.7904920447839027,50551.60370682426,206,S6_worst_case_no_intervention,indonesia,USDC
827,0.7877862016685242,49287.81361415365,206,S6_worst_case_no_intervention,indonesia,USDC
828,0.7904590498742521,48055.61827379981,206,S6_worst_case_no_intervention,indonesia,USDC
829,0.7724378646069928,46854.22781695481,206,S6_worst_case_no_intervention,indonesia,USDC
830,0.677925695396142,45682.87212153094,206,S6_worst_case_no_intervention,indonesia,USDC
831,0.6780857602001853,44540.80031849267,206,S6_worst_case_no_intervention,indonesia,USDC
832,0.6917708336052819,43427.280310530354,206,S6_worst_case_no_intervention,indonesia,USDC
833,0.6919353029944006,42341.598302767095,206,S6_worst_case_no_intervention,indonesia,USDC
834,0.6873559074816973,41283.05834519792,206,S6_worst_case_no_intervention,indonesia,USDC
835,0.7199783279771853,40250.98188656797,206,S6_worst_case_no_intervention,indonesia,USDC
836,0.7190342898585874,39244.70733940377,206,S6_worst_case_no_intervention,indonesia,USDC
837,0.7137011753424928,38263.58965591867,206,S6_worst_case_no_intervention,indonesia,USDC
838,0.7580220154910514,37306.99991452071,206,S6_worst_case_no_intervention,indonesia,USDC
839,0.7710921948634027,36374.324916657686,206,S6_worst_case_no_intervention,indonesia,USDC
840,0.7784701710008772,35464.966793741245,206,S6_worst_case_no_intervention,indonesia,USDC
841,0.7638532954607632,34578.34262389771,206,S6_worst_case_no_intervention,indonesia,USDC
842,0.7639002770141989,33713.884058300275,206,S6_worst_case_no_intervention,indonesia,USDC
843,0.7498606914315976,32871.03695684277,206,S6_worst_case_no_intervention,indonesia,USDC
844,0.778926499847769,32049.261032921695,206,S6_worst_case_no_intervention,indonesia,USDC
845,0.7915486405058388,31248.029507098658,206,S6_worst_case_no_intervention,indonesia,USDC
846,0.8018244187688713,30466.82876942119,206,S6_worst_case_no_intervention,indonesia,USDC
847,0.7869764291317557,29705.15805018566,206,S6_worst_case_no_intervention,indonesia,USDC
848,0.7971927271802104,28962.529098931016,206,S6_worst_case_no_intervention,indonesia,USDC
849,0.8062708664988154,28238.465871457745,206,S6_worst_case_no_intervention,indonesia,USDC
850,0.7939134080757919,27532.504224671302,206,S6_worst_case_no_intervention,indonesia,USDC
851,0.7899640338130853,26844.191619054516,206,S6_worst_case_no_intervention,indonesia,USDC
852,0.7837835428600377,26173.086828578154,206,S6_worst_case_no_intervention,indonesia,USDC
853,0.7653705034169378,25518.759657863702,206,S6_worst_case_no_intervention,indonesia,USDC
854,0.762742556755548,24880.79066641711,206,S6_worst_case_no_intervention,indonesia,USDC
855,0.7608337640272442,24258.77089975668,206,S6_worst_case_no_intervention,indonesia,USDC
856,0.7801137453121803,23652.301627262765,206,S6_worst_case_no_intervention,indonesia,USDC
857,0.7803731809680379,23060.994086581195,206,S6_worst_case_no_intervention,indonesia,USDC
858,0.7822884935720423,22484.46923441666,206,S6_worst_case_no_intervention,indonesia,USDC
859,0.7685124799133134,21922.357503556246,206,S6_worst_case_no_intervention,indonesia,USDC
860,0.7743646662097169,21374.298565967343,206,S6_worst_case_no_intervention,indonesia,USDC
861,0.7261958706756405,20839.941101818156,206,S6_worst_case_no_intervention,indonesia,USDC
862,0.7366010496775894,20318.942574272703,206,S6_worst_case_no_intervention,indonesia,USDC
863,0.7482979320110972,19810.969009915883,206,S6_worst_case_no_intervention,indonesia,USDC
864,0.777341904872957,19315.69478466799,206,S6_worst_case_no_intervention,indonesia,USDC
865,0.7988103808593835,18832.802415051287,206,S6_worst_case_no_intervention,indonesia,USDC
866,0.819753990105452,18361.98235467501,206,S6_worst_case_no_intervention,indonesia,USDC
867,0.7917469980275648,17902.93279580813,206,S6_worst_case_no_intervention,indonesia,USDC
868,0.7796910391780517,17455.35947591293,206,S6_worst_case_no_intervention,indonesia,USDC
869,0.7882279979302451,17018.97548901511,206,S6_worst_case_no_intervention,indonesia,USDC
870,0.7776252480302112,16593.501101789727,206,S6_worst_case_no_intervention,indonesia,USDC
871,0.7641023565335668,16178.663574244987,206,S6_worst_case_no_intervention,indonesia,USDC
872,0.7764000896028148,15774.196984888862,206,S6_worst_case_no_intervention,indonesia,USDC
873,0.7884571361517619,15379.84206026664,206,S6_worst_case_no_intervention,indonesia,USDC
874,0.7912139342305669,14995.346008759974,206,S6_worst_case_no_intervention,indonesia,USDC
875,0.7930505268530442,14620.462358540974,206,S6_worst_case_no_intervention,indonesia,USDC
876,0.7932622230905948,14254.950799577451,206,S6_worst_case_no_intervention,indonesia,USDC
877,0.8158788991029063,13898.577029588012,206,S6_worst_case_no_intervention,indonesia,USDC
878,0.7950384329034457,13551.112603848313,206,S6_worst_case_no_intervention,indonesia,USDC
879,0.7876858732731887,13212.334788752105,206,S6_worst_case_no_intervention,indonesia,USDC
880,0.7872080010913474,12882.026419033304,206,S6_worst_case_no_intervention,indonesia,USDC
881,0.7838799296265405,12559.97575855747,206,S6_worst_case_no_intervention,indonesia,USDC
882,0.8023203398486344,12245.976364593533,206,S6_worst_case_no_intervention,indonesia,USDC
883,0.8067837815920766,11939.826955478695,206,S6_worst_case_no_intervention,indonesia,USDC
884,0.8120845962040723,11641.331281591727,206,S6_worst_case_no_intervention,indonesia,USDC
885,0.7956510264985837,11350.297999551934,206,S6_worst_case_no_intervention,indonesia,USDC
886,0.7894982824847856,11066.540549563135,206,S6_worst_case_no_intervention,indonesia,USDC
887,0.7844718982665654,10789.877035824058,206,S6_worst_case_no_intervention,indonesia,USDC
888,0.7893665242047615,10520.130109928456,206,S6_worst_case_no_intervention,indonesia,USDC
889,0.7782595440487701,10257.126857180245,206,S6_worst_case_no_intervention,indonesia,USDC
890,0.8019994898333441,10000.698685750738,206,S6_worst_case_no_intervention,indonesia,USDC
891,0.8208793384331003,9750.68121860697,206,S6_worst_case_no_intervention,indonesia,USDC
892,0.784185985128565,9506.914188141796,206,S6_worst_case_no_intervention,indonesia,USDC
893,0.8042224611772221,9269.24133343825,206,S6_worst_case_no_intervention,indonesia,USDC
894,0.8144698729391339,9037.510300102294,206,S6_worst_case_no_intervention,indonesia,USDC
895,0.7997883125876503,8811.572542599737,206,S6_worst_case_no_intervention,indonesia,USDC
896,0.7938851599097465,8591.283229034743,206,S6_worst_case_no_intervention,indonesia,USDC
897,0.7658356712795882,8376.501148308875,206,S6_worst_case_no_intervention,indonesia,USDC
898,0.7433871171871099,8167.088619601153,206,S6_worst_case_no_intervention,indonesia,USDC
899,0.7384234215676424,7962.911404111124,206,S6_worst_case_no_intervention,indonesia,USDC
900,0.7406638221606754,7763.838619008346,206,S6_worst_case_no_intervention,indonesia,USDC
901,0.7466551814162742,7569.742653533138,206,S6_worst_case_no_intervention,indonesia,USDC
902,0.7595459184667164,7380.499087194809,206,S6_worst_case_no_intervention,indonesia,USDC
903,0.7874099399465389,7195.986610014939,206,S6_worst_case_no_intervention,indonesia,USDC
904,0.8027547202586305,7016.0869447645655,206,S6_worst_case_no_intervention,indonesia,USDC
905,0.7836666649502653,6840.684771145451,206,S6_worst_case_no_intervention,indonesia,USDC
906,0.7983086290941285,6669.6676518668155,206,S6_worst_case_no_intervention,indonesia,USDC
907,0.7765337445489111,6502.9259605701445,206,S6_worst_case_no_intervention,indonesia,USDC
908,0.7673178749325981,6340.352811555891,206,S6_worst_case_no_intervention,indonesia,USDC
909,0.7666948876616455,6181.843991266995,206,S6_worst_case_no_intervention,indonesia,USDC
910,0.7877568628626128,6027.297891485319,206,S6_worst_case_no_intervention,indonesia,USDC
911,0.7966492003355352,5876.615444198186,206,S6_worst_case_no_intervention,indonesia,USDC
912,0.792800384006486,5729.700058093231,206,S6_worst_case_no_intervention,indonesia,USDC
913,0.7675832611075596,5586.457556640901,206,S6_worst_case_no_intervention,indonesia,USDC
914,0.7525671722683659,5446.796117724878,206,S6_worst_case_no_intervention,indonesia,USDC
915,0.7508359085083883,5310.626214781757,206,S6_worst_case_no_intervention,indonesia,USDC
916,0.7582960583352004,5177.860559412213,206,S6_worst_case_no_intervention,indonesia,USDC
917,0.7801795574009087,5048.414045426907,206,S6_worst_case_no_intervention,indonesia,USDC
918,0.790098838873385,4922.203694291235,206,S6_worst_case_no_intervention,indonesia,USDC
919,0.7974843184886673,4799.148601933954,206,S6_worst_case_no_intervention,indonesia,USDC
920,0.8071316577721876,4679.169886885605,206,S6_worst_case_no_intervention,indonesia,USDC
921,0.8134630136745358,4562.190639713465,206,S6_worst_case_no_intervention,indonesia,USDC
922,0.8129665095787815,4448.135873720628,206,S6_worst_case_no_intervention,indonesia,USDC
923,0.7976408888215021,4336.932476877613,206,S6_worst_case_no_intervention,indonesia,USDC
924,0.7839457056774656,4228.5091649556725,206,S6_worst_case_no_intervention,indonesia,USDC
925,0.7761920505756408,4122.79643583178,206,S6_worst_case_no_intervention,indonesia,USDC
926,0.7603552928480939,4019.726524935986,206,S6_worst_case_no_intervention,indonesia,USDC
927,0.7783137013230071,3919.233361812586,206,S6_worst_case_no_intervention,indonesia,USDC
928,0.8292454665452502,3821.252527767271,206,S6_worst_case_no_intervention,indonesia,USDC
929,0.8252623169816253,3725.72121457309,206,S6_worst_case_no_intervention,indonesia,USDC
930,0.8309816256904029,3632.5781842087627,206,S6_worst_case_no_intervention,indonesia,USDC
931,0.8149494552596002,3541.7637296035437,206,S6_worst_case_no_intervention,indonesia,USDC
932,0.8225345850031567,3453.219636363455,206,S6_worst_case_no_intervention,indonesia,USDC
933,0.8148839297160285,3366.8891454543686,206,S6_worst_case_no_intervention,indonesia,USDC
934,0.8328311713675669,3282.7169168180094,206,S6_worst_case_no_intervention,indonesia,USDC
935,0.8116041319484609,3200.648993897559,206,S6_worst_case_no_intervention,indonesia,USDC
936,0.7910743735098643,3120.6327690501203,206,S6_worst_case_no_intervention,indonesia,USDC
937,0.779569221586843,3042.616949823867,206,S6_worst_case_no_intervention,indonesia,USDC
938,0.7507629884084946,2966.5515260782704,206,S6_worst_case_no_intervention,indonesia,USDC
939,0.7633054990652859,2892.387737926314,206,S6_worst_case_no_intervention,indonesia,USDC
940,0.8020740632339227,2820.078044478156,206,S6_worst_case_no_intervention,indonesia,USDC
941,0.7941808134071415,2749.5760933662023,206,S6_worst_case_no_intervention,indonesia,USDC
942,0.8023119879667041,2680.836691032047,206,S6_worst_case_no_intervention,indonesia,USDC
943,0.7797445593642425,2613.815773756246,206,S6_worst_case_no_intervention,indonesia,USDC
944,0.8003353617235168,2548.4703794123398,206,S6_worst_case_no_intervention,indonesia,USDC
945,0.7968614080170533,2484.7586199270313,206,S6_worst_case_no_intervention,indonesia,USDC
946,0.7939031306722939,2422.6396544288555,206,S6_worst_case_no_intervention,indonesia,USDC
947,0.8049113887450946,2362.073663068134,206,S6_worst_case_no_intervention,indonesia,USDC
948,0.7800515497223561,2303.0218214914307,206,S6_worst_case_no_intervention,indonesia,USDC
949,0.7904119011653475,2245.4462759541448,206,S6_worst_case_no_intervention,indonesia,USDC
950,0.8041355622954369,2189.310119055291,206,S6_worst_case_no_intervention,indonesia,USDC
951,0.7856210910479039,2134.577366078909,206,S6_worst_case_no_intervention,indonesia,USDC
952,0.7974833213319995,2081.2129319269366,206,S6_worst_case_no_intervention,indonesia,USDC
953,0.8174116438354332,2029.1826086287629,206,S6_worst_case_no_intervention,indonesia,USDC
954,0.8052708174125027,1978.4530434130438,206,S6_worst_case_no_intervention,indonesia,USDC
955,0.7969650067636909,1928.9917173277179,206,S6_worst_case_no_intervention,indonesia,USDC
956,0.8121464023501695,1880.766924394525,206,S6_worst_case_no_intervention,indonesia,USDC
957,0.8230561460281683,1833.7477512846617,206,S6_worst_case_no_intervention,indonesia,USDC
958,0.8189785345365611,1787.9040575025454,206,S6_worst_case_no_intervention,indonesia,USDC
959,0.8286018856796957,1743.2064560649817,206,S6_worst_case_no_intervention,indonesia,USDC
960,0.8044908409025618,1699.6262946633574,206,S6_worst_case_no_intervention,indonesia,USDC
961,0.8009966617604968,1657.1356372967732,206,S6_worst_case_no_intervention,indonesia,USDC
962,0.808799646146745,1615.707246364354,206,S6_worst_case_no_intervention,indonesia,USDC
963,0.7903423056086314,1575.3145652052453,206,S6_worst_case_no_intervention,indonesia,USDC
964,0.7823771823329254,1535.931701075114,206,S6_worst_case_no_intervention,indonesia,USDC
965,0.7566269548148852,1497.5334085482361,206,S6_worst_case_no_intervention,indonesia,USDC
966,0.7714814859779433,1460.0950733345303,206,S6_worst_case_no_intervention,indonesia,USDC
967,0.7584229728914945,1423.5926965011668,206,S6_worst_case_no_intervention,indonesia,USDC
968,0.7627227124814185,1388.0028790886377,206,S6_worst_case_no_intervention,indonesia,USDC
969,0.7704830876357982,1353.3028071114218,206,S6_worst_case_no_intervention,indonesia,USDC
970,0.758958443752227,1319.4702369336362,206,S6_worst_case_no_intervention,indonesia,USDC
971,0.7701300643701348,1286.4834810102952,206,S6_worst_case_no_intervention,indonesia,USDC
972,0.7926833384266988,1254.321393985038,206,S6_worst_case_no_intervention,indonesia,USDC
973,0.7771659173827069,1222.963359135412,206,S6_worst_case_no_intervention,indonesia,USDC
974,0.7659327440898352,1192.3892751570265,206,S6_worst_case_no_intervention,indonesia,USDC
975,0.7575445149970239,1162.579543278101,206,S6_worst_case_no_intervention,indonesia,USDC
976,0.7432354628096017,1133.5150546961484,206,S6_worst_case_no_intervention,indonesia,USDC
977,0.7467035581016974,1105.1771783287447,206,S6_worst_case_no_intervention,indonesia,USDC
978,0.7471128879811606,1077.547748870526,206,S6_worst_case_no_intervention,indonesia,USDC
979,0.7284716535297927,1050.609055148763,206,S6_worst_case_no_intervention,indonesia,USDC
980,0.7333235927149642,1024.3438287700437,206,S6_worst_case_no_intervention,indonesia,USDC
981,0.7527571604390971,998.7352330507929,206,S6_worst_case_no_intervention,indonesia,USDC
982,0.752899946378521,973.7668522245231,206,S6_worst_case_no_intervention,indonesia,USDC
983,0.7825044368100394,949.4226809189099,206,S6_worst_case_no_intervention,indonesia,USDC
984,0.748596055820415,925.6871138959372,206,S6_worst_case_no_intervention,indonesia,USDC
985,0.7647390366323183,902.5449360485388,206,S6_worst_case_no_intervention,indonesia,USDC
986,0.7540755032757319,879.9813126473254,206,S6_worst_case_no_intervention,indonesia,USDC
987,0.7663129503062938,857.9817798311421,206,S6_worst_case_no_intervention,indonesia,USDC
988,0.7770222841972116,836.5322353353637,206,S6_worst_case_no_intervention,indonesia,USDC
989,0.7713664651718907,815.6189294519795,206,S6_worst_case_no_intervention,indonesia,USDC
990,0.7684671034273886,795.2284562156801,206,S6_worst_case_no_intervention,indonesia,USDC
991,0.7723165263193286,775.3477448102881,206,S6_worst_case_no_intervention,indonesia,USDC
992,0.7773693429709208,755.9640511900309,206,S6_worst_case_no_intervention,indonesia,USDC
993,0.8065298325858379,737.0649499102801,206,S6_worst_case_no_intervention,indonesia,USDC
994,0.7943256015404476,718.6383261625231,206,S6_worst_case_no_intervention,indonesia,USDC
995,0.779833185375947,700.67236800846,206,S6_worst_case_no_intervention,indonesia,USDC
996,0.7644587203734947,683.1555588082485,206,S6_worst_case_no_intervention,indonesia,USDC
997,0.7819565675430141,666.0766698380423,206,S6_worst_case_no_intervention,indonesia,USDC
998,0.7681436601106624,649.4247530920912,206,S6_worst_case_no_intervention,indonesia,USDC
999,0.7868696660962858,633.189134264789,206,S6_worst_case_no_intervention,indonesia,USDC
1000,0.7746911084461194,617.3594059081693,206,S6_worst_case_no_intervention,indonesia,USDC
