Step,price,liquidity,iteration,scenario,region,coin
1,0.9843827403136904,2989161982470.707,131,S6_worst_case_no_intervention,indonesia,USDC
2,0.9804850661780681,2989161982470.707,131,S6_worst_case_no_intervention,indonesia,USDC
3,0.980104149975514,2989161982470.707,131,S6_worst_case_no_intervention,indonesia,USDC
4,0.9937980275503644,2989161982470.707,131,S6_worst_case_no_intervention,indonesia,USDC
5,1.0044435788006612,2989161982470.707,131,S6_worst_case_no_intervention,indonesia,USDC
6,1.0016953331297518,2989161982470.707,131,S6_worst_case_no_intervention,indonesia,USDC
7,0.9829597648176309,2989161982470.707,131,S6_worst_case_no_intervention,indonesia,USDC
8,0.9862412225113316,2989161982470.707,131,S6_worst_case_no_intervention,indonesia,USDC
9,0.9816389340813118,2989161982470.707,131,S6_worst_case_no_intervention,indonesia,USDC
10,0.9681739358015198,2989161982470.707,131,S6_worst_case_no_intervention,indonesia,USDC
11,0.9625225719403496,2989073637827.6553,131,S6_worst_case_no_intervention,indonesia,USDC
12,0.9318285269197487,2988621595914.209,131,S6_worst_case_no_intervention,indonesia,USDC
13,0.9370913672265209,2986281739178.2085,131,S6_worst_case_no_intervention,indonesia,USDC
14,0.919549115108168,2984343870005.4277,131,S6_worst_case_no_intervention,indonesia,USDC
15,0.9239663352607195,2981494840040.5835,131,S6_worst_case_no_intervention,indonesia,USDC
16,0.936528659674242,2979011259401.1816,131,S6_worst_case_no_intervention,indonesia,USDC
17,0.9658530011202185,2977291133511.3535,131,S6_worst_case_no_intervention,indonesia,USDC
18,0.9823153607510967,2977085369041.8174,131,S6_worst_case_no_intervention,indonesia,USDC
19,0.9944160754396679,2977085369041.8174,131,S6_worst_case_no_intervention,indonesia,USDC
20,1.025603333950977,2977085369041.8174,131,S6_worst_case_no_intervention,indonesia,USDC
21,1.018414657851641,2977085369041.8174,131,S6_worst_case_no_intervention,indonesia,USDC
22,1.049847881570721,2977085369041.8174,131,S6_worst_case_no_intervention,indonesia,USDC
23,1.049969193558469,2977085369041.8174,131,S6_worst_case_no_intervention,indonesia,USDC
24,1.0526919609382543,2977085369041.8174,131,S6_worst_case_no_intervention,indonesia,USDC
25,1.0236626008802299,2977085369041.8174,131,S6_worst_case_no_intervention,indonesia,USDC
26,1.003918762055382,2977085369041.8174,131,S6_worst_case_no_intervention,indonesia,USDC
27,0.9979023544648882,2977085369041.8174,131,S6_worst_case_no_intervention,indonesia,USDC
28,0.9753449235170861,2977085369041.8174,131,S6_worst_case_no_intervention,indonesia,USDC
29,0.9685904860973071,2977085369041.8174,131,S6_worst_case_no_intervention,indonesia,USDC
30,0.9496571939142343,2977015731227.76,131,S6_worst_case_no_intervention,indonesia,USDC
31,0.9892672747288935,2976040501865.121,131,S6_worst_case_no_intervention,indonesia,USDC
32,0.9626774076698243,2976040501865.121,131,S6_worst_case_no_intervention,indonesia,USDC
33,0.9968606340980335,2975697169110.1216,131,S6_worst_case_no_intervention,indonesia,USDC
34,1.0030056954606308,2975697169110.1216,131,S6_worst_case_no_intervention,indonesia,USDC
35,1.0106881599673698,2975697169110.1216,131,S6_worst_case_no_intervention,indonesia,USDC
36,0.9610594446213958,2975697169110.1216,131,S6_worst_case_no_intervention,indonesia,USDC
37,0.963488347406968,2975301655041.6216,131,S6_worst_case_no_intervention,indonesia,USDC
38,0.9364491168612311,2975002455560.5435,131,S6_worst_case_no_intervention,indonesia,USDC
39,0.9494245598368949,2973454055697.6416,131,S6_worst_case_no_intervention,indonesia,USDC
40,0.9695085267774957,2972558769201.7617,131,S6_worst_case_no_intervention,indonesia,USDC
41,0.984937376129759,2972551442466.004,131,S6_worst_case_no_intervention,indonesia,USDC
42,0.9949224882069894,2972551442466.004,131,S6_worst_case_no_intervention,indonesia,USDC
43,0.9792004927375877,2972551442466.004,131,S6_worst_case_no_intervention,indonesia,USDC
44,1.0008157762392007,2972551442466.004,131,S6_worst_case_no_intervention,indonesia,USDC
45,1.0506101410188198,2972551442466.004,131,S6_worst_case_no_intervention,indonesia,USDC
46,1.0348631322467257,2972551442466.004,131,S6_worst_case_no_intervention,indonesia,USDC
47,1.0212146119880388,2972551442466.004,131,S6_worst_case_no_intervention,indonesia,USDC
48,0.9961740246018828,2972551442466.004,131,S6_worst_case_no_intervention,indonesia,USDC
49,1.042151867017629,2972551442466.004,131,S6_worst_case_no_intervention,indonesia,USDC
50,1.0233622146823746,2972551442466.004,131,S6_worst_case_no_intervention,indonesia,USDC
51,1.0068690902012523,2972551442466.004,131,S6_worst_case_no_intervention,indonesia,USDC
52,1.0211880965097873,2972551442466.004,131,S6_worst_case_no_intervention,indonesia,USDC
53,1.065232987401185,2972551442466.004,131,S6_worst_case_no_intervention,indonesia,USDC
54,1.0986151478420914,2972551442466.004,131,S6_worst_case_no_intervention,indonesia,USDC
55,1.059430450227415,2972551442466.004,131,S6_worst_case_no_intervention,indonesia,USDC
56,1.0268998025643805,2972551442466.004,131,S6_worst_case_no_intervention,indonesia,USDC
57,1.0156298029328323,2972551442466.004,131,S6_worst_case_no_intervention,indonesia,USDC
58,1.002416657244143,2972551442466.004,131,S6_worst_case_no_intervention,indonesia,USDC
59,0.9913421011560739,2972551442466.004,131,S6_worst_case_no_intervention,indonesia,USDC
60,1.0203978849163304,2972551442466.004,131,S6_worst_case_no_intervention,indonesia,USDC
61,0.9953169298711808,2972551442466.004,131,S6_worst_case_no_intervention,indonesia,USDC
62,0.9957714142444538,2972551442466.004,131,S6_worst_case_no_intervention,indonesia,USDC
63,0.9916596463156244,2972551442466.004,131,S6_worst_case_no_intervention,indonesia,USDC
64,1.0249336767536201,2972551442466.004,131,S6_worst_case_no_intervention,indonesia,USDC
65,1.0026333166961172,2972551442466.004,131,S6_worst_case_no_intervention,indonesia,USDC
66,1.0206903746815255,2972551442466.004,131,S6_worst_case_no_intervention,indonesia,USDC
67,1.026944704567994,2972551442466.004,131,S6_worst_case_no_intervention,indonesia,USDC
68,1.025147024453872,2972551442466.004,131,S6_worst_case_no_intervention,indonesia,USDC
69,1.0127757997219617,2972551442466.004,131,S6_worst_case_no_intervention,indonesia,USDC
70,1.0231067845960817,2972551442466.004,131,S6_worst_case_no_intervention,indonesia,USDC
71,1.0382739443497915,2972551442466.004,131,S6_worst_case_no_intervention,indonesia,USDC
72,1.0237078478360904,2972551442466.004,131,S6_worst_case_no_intervention,indonesia,USDC
73,1.0242664531251064,2972551442466.004,131,S6_worst_case_no_intervention,indonesia,USDC
74,1.0339224998094398,2972551442466.004,131,S6_worst_case_no_intervention,indonesia,USDC
75,1.071362522424693,2972551442466.004,131,S6_worst_case_no_intervention,indonesia,USDC
76,1.0941527857214084,2972551442466.004,131,S6_worst_case_no_intervention,indonesia,USDC
77,1.0906579437866097,2972551442466.004,131,S6_worst_case_no_intervention,indonesia,USDC
78,1.0808918387613768,2972551442466.004,131,S6_worst_case_no_intervention,indonesia,USDC
79,1.0575667732120597,2972551442466.004,131,S6_worst_case_no_intervention,indonesia,USDC
80,1.087186106096287,2972551442466.004,131,S6_worst_case_no_intervention,indonesia,USDC
81,1.0806643146136057,2972551442466.004,131,S6_worst_case_no_intervention,indonesia,USDC
82,1.1027889949882823,2972551442466.004,131,S6_worst_case_no_intervention,indonesia,USDC
83,1.094547257503265,2972551442466.004,131,S6_worst_case_no_intervention,indonesia,USDC
84,1.076483869757656,2972551442466.004,131,S6_worst_case_no_intervention,indonesia,USDC
85,1.0318754262094432,2972551442466.004,131,S6_worst_case_no_intervention,indonesia,USDC
86,1.0600431101542354,2972551442466.004,131,S6_worst_case_no_intervention,indonesia,USDC
87,1.0439236528306688,2972551442466.004,131,S6_worst_case_no_intervention,indonesia,USDC
88,1.042566967651605,2972551442466.004,131,S6_worst_case_no_intervention,indonesia,USDC
89,1.0433413621975864,2972551442466.004,131,S6_worst_case_no_intervention,indonesia,USDC
90,1.0384589589672044,2972551442466.004,131,S6_worst_case_no_intervention,indonesia,USDC
91,1.0475117923895938,2972551442466.004,131,S6_worst_case_no_intervention,indonesia,USDC
92,1.0555010398267977,2972551442466.004,131,S6_worst_case_no_intervention,indonesia,USDC
93,1.0539239792498751,2972551442466.004,131,S6_worst_case_no_intervention,indonesia,USDC
94,1.0489384694980866,2972551442466.004,131,S6_worst_case_no_intervention,indonesia,USDC
95,1.0491859641801282,2972551442466.004,131,S6_worst_case_no_intervention,indonesia,USDC
96,1.0594880641449782,2972551442466.004,131,S6_worst_case_no_intervention,indonesia,USDC
97,1.0365078440954332,2972551442466.004,131,S6_worst_case_no_intervention,indonesia,USDC
98,1.0271377719852561,2972551442466.004,131,S6_worst_case_no_intervention,indonesia,USDC
99,1.0324065458027958,2972551442466.004,131,S6_worst_case_no_intervention,indonesia,USDC
100,1.0011348181271456,2972551442466.004,131,S6_worst_case_no_intervention,indonesia,USDC
101,0.8612810269435693,2972551442466.004,131,S6_worst_case_no_intervention,indonesia,USDC
102,0.8556330012975996,2967791672426.1543,131,S6_worst_case_no_intervention,indonesia,USDC
103,0.8542275530103457,2963429039732.5796,131,S6_worst_case_no_intervention,indonesia,USDC
104,0.8722418714009444,2959510148611.8496,131,S6_worst_case_no_intervention,indonesia,USDC
105,0.8637132228069649,2956451612603.2197,131,S6_worst_case_no_intervention,indonesia,USDC
106,0.8763915923934164,2953588931314.182,131,S6_worst_case_no_intervention,indonesia,USDC
107,0.8777411114651095,2951283771122.116,131,S6_worst_case_no_intervention,indonesia,USDC
108,0.8826445613869724,2949179717891.8247,131,S6_worst_case_no_intervention,indonesia,USDC
109,0.9044374160946964,2947457942447.353,131,S6_worst_case_no_intervention,indonesia,USDC
110,0.9026503119108026,2946251705253.2007,131,S6_worst_case_no_intervention,indonesia,USDC
111,0.9086496189713476,2945065120202.7554,131,S6_worst_case_no_intervention,indonesia,USDC
112,0.9198136918408251,2944134165898.793,131,S6_worst_case_no_intervention,indonesia,USDC
113,0.9127890235843966,2943421412903.3,131,S6_worst_case_no_intervention,indonesia,USDC
114,0.918535449976221,2942580386162.9087,131,S6_worst_case_no_intervention,indonesia,USDC
115,0.9061000526533456,2941906080435.336,131,S6_worst_case_no_intervention,indonesia,USDC
116,0.8808535381883673,2941107887282.159,131,S6_worst_case_no_intervention,indonesia,USDC
117,0.8974201876599605,2940010015996.5103,131,S6_worst_case_no_intervention,indonesia,USDC
118,0.8873108620504251,2939236204525.834,131,S6_worst_case_no_intervention,indonesia,USDC
119,0.887898690502722,2938416473261.032,131,S6_worst_case_no_intervention,indonesia,USDC
120,0.8663114055949991,2937668520854.6953,131,S6_worst_case_no_intervention,indonesia,USDC
121,0.8624053432818674,2863359193974.8135,131,S6_worst_case_no_intervention,indonesia,USDC
122,0.8547895989740142,2790969207157.6753,131,S6_worst_case_no_intervention,indonesia,USDC
123,0.8496209141244877,2720408665504.9844,131,S6_worst_case_no_intervention,indonesia,USDC
124,0.8418022018336444,2651689485288.9067,131,S6_worst_case_no_intervention,indonesia,USDC
125,0.8206216276711612,2584719917198.6084,131,S6_worst_case_no_intervention,indonesia,USDC
126,0.842770204321265,2519458113249.76,131,S6_worst_case_no_intervention,indonesia,USDC
127,0.8168592000248084,2455993244854.9487,131,S6_worst_case_no_intervention,indonesia,USDC
128,0.8078644607772968,2394068404996.16,131,S6_worst_case_no_intervention,indonesia,USDC
129,0.8020346320863898,2333766952444.047,131,S6_worst_case_no_intervention,indonesia,USDC
130,0.8290449443891721,2275031666889.328,131,S6_worst_case_no_intervention,indonesia,USDC
131,0.8309113211245707,2217876910527.867,131,S6_worst_case_no_intervention,indonesia,USDC
132,0.8153261058086745,2162203653981.8176,131,S6_worst_case_no_intervention,indonesia,USDC
133,0.83480498908707,2107916668972.397,131,S6_worst_case_no_intervention,indonesia,USDC
134,0.85078700338686,2055048382636.1543,131,S6_worst_case_no_intervention,indonesia,USDC
135,0.8425113854526821,2003542882046.1597,131,S6_worst_case_no_intervention,indonesia,USDC
136,0.8363330965551028,1953333036670.019,131,S6_worst_case_no_intervention,indonesia,USDC
137,0.830188685850305,1904391506877.0142,131,S6_worst_case_no_intervention,indonesia,USDC
138,0.813484675038456,1856683807502.7913,131,S6_worst_case_no_intervention,indonesia,USDC
139,0.7937598064876994,1810172551409.086,131,S6_worst_case_no_intervention,indonesia,USDC
140,0.8138007861504455,1764827181216.5862,131,S6_worst_case_no_intervention,indonesia,USDC
141,0.7925464287636659,1720640462492.333,131,S6_worst_case_no_intervention,indonesia,USDC
142,0.806005876239395,1677562728035.392,131,S6_worst_case_no_intervention,indonesia,USDC
143,0.7846844823140158,1635576864537.8457,131,S6_worst_case_no_intervention,indonesia,USDC
144,0.790115546899553,1594643308283.9211,131,S6_worst_case_no_intervention,indonesia,USDC
145,0.7676090523289404,1554742420714.8923,131,S6_worst_case_no_intervention,indonesia,USDC
146,0.7445827769528105,1515841803855.605,131,S6_worst_case_no_intervention,indonesia,USDC
147,0.7569725101086358,1477918454224.6606,131,S6_worst_case_no_intervention,indonesia,USDC
148,0.7493873514897648,1440949947506.6035,131,S6_worst_case_no_intervention,indonesia,USDC
149,0.7661011707587626,1404909088373.3906,131,S6_worst_case_no_intervention,indonesia,USDC
150,0.7503764926106248,1369774553298.3843,131,S6_worst_case_no_intervention,indonesia,USDC
151,0.7617462213891812,1335519572505.879,131,S6_worst_case_no_intervention,indonesia,USDC
152,0.7742009417214143,1302123603806.934,131,S6_worst_case_no_intervention,indonesia,USDC
153,0.7796701199262999,1269564735014.7449,131,S6_worst_case_no_intervention,indonesia,USDC
154,0.778909657962397,1237821289431.7957,131,S6_worst_case_no_intervention,indonesia,USDC
155,0.7584698219066341,1206872215701.2476,131,S6_worst_case_no_intervention,indonesia,USDC
156,0.7430977992967255,1176697150191.17,131,S6_worst_case_no_intervention,indonesia,USDC
157,0.7535257704174676,1147277011669.6287,131,S6_worst_case_no_intervention,indonesia,USDC
158,0.7632101317710372,1118592950749.136,131,S6_worst_case_no_intervention,indonesia,USDC
159,0.7842936974622337,1090626542177.759,131,S6_worst_case_no_intervention,indonesia,USDC
160,0.7726151999109682,1063359823847.302,131,S6_worst_case_no_intervention,indonesia,USDC
161,0.7880933289473641,1036774871137.4297,131,S6_worst_case_no_intervention,indonesia,USDC
162,0.77188060165643,1010854793676.3438,131,S6_worst_case_no_intervention,indonesia,USDC
163,0.7972217954489464,985582784227.1414,131,S6_worst_case_no_intervention,indonesia,USDC
164,0.8114009703789558,960942788071.4094,131,S6_worst_case_no_intervention,indonesia,USDC
165,0.8119021243672817,936918887449.354,131,S6_worst_case_no_intervention,indonesia,USDC
166,0.8386570403497714,913495632567.2222,131,S6_worst_case_no_intervention,indonesia,USDC
167,0.8202232816910248,890658049283.6292,131,S6_worst_case_no_intervention,indonesia,USDC
168,0.8627633413562537,868391415274.2717,131,S6_worst_case_no_intervention,indonesia,USDC
169,0.8183800937562502,846681518494.872,131,S6_worst_case_no_intervention,indonesia,USDC
170,0.8235193486084721,825514329674.8284,131,S6_worst_case_no_intervention,indonesia,USDC
171,0.8086937526156487,804876355877.1978,131,S6_worst_case_no_intervention,indonesia,USDC
172,0.8016506074647514,784754335404.9734,131,S6_worst_case_no_intervention,indonesia,USDC
173,0.8243258615923309,765135379147.0927,131,S6_worst_case_no_intervention,indonesia,USDC
174,0.8016357205847991,746006921191.2715,131,S6_worst_case_no_intervention,indonesia,USDC
175,0.8170813326684,727356675993.1099,131,S6_worst_case_no_intervention,indonesia,USDC
176,0.818087793484507,709172704922.7839,131,S6_worst_case_no_intervention,indonesia,USDC
177,0.7926313317553622,691443344683.5303,131,S6_worst_case_no_intervention,indonesia,USDC
178,0.7986011756338237,674157217710.0737,131,S6_worst_case_no_intervention,indonesia,USDC
179,0.8208908253291576,657303253425.9293,131,S6_worst_case_no_intervention,indonesia,USDC
180,0.8393720866420111,640870646014.2998,131,S6_worst_case_no_intervention,indonesia,USDC
181,0.8182926255102436,624848861720.1486,131,S6_worst_case_no_intervention,indonesia,USDC
182,0.811451276750545,609227620969.7711,131,S6_worst_case_no_intervention,indonesia,USDC
183,0.8362637737100638,593996913086.0846,131,S6_worst_case_no_intervention,indonesia,USDC
184,0.8089198144720585,579146978251.1875,131,S6_worst_case_no_intervention,indonesia,USDC
185,0.7836974226798312,564668291791.885,131,S6_worst_case_no_intervention,indonesia,USDC
186,0.7779743250669914,550551572281.566,131,S6_worst_case_no_intervention,indonesia,USDC
187,0.7804019422071107,536787772960.7901,131,S6_worst_case_no_intervention,indonesia,USDC
188,0.7991654067954361,523368070309.0217,131,S6_worst_case_no_intervention,indonesia,USDC
189,0.8264304762400893,510283862754.1148,131,S6_worst_case_no_intervention,indonesia,USDC
190,0.8176054724524964,497526762224.67316,131,S6_worst_case_no_intervention,indonesia,USDC
191,0.8165502305007268,485088589547.3115,131,S6_worst_case_no_intervention,indonesia,USDC
192,0.8276848736675666,472961371502.6222,131,S6_worst_case_no_intervention,indonesia,USDC
193,0.8240267854560633,461137334633.98706,131,S6_worst_case_no_intervention,indonesia,USDC
194,0.8426547293811268,449608899101.5104,131,S6_worst_case_no_intervention,indonesia,USDC
195,0.8534480079021834,438368674974.2175,131,S6_worst_case_no_intervention,indonesia,USDC
196,0.8370693730272594,427409456784.563,131,S6_worst_case_no_intervention,indonesia,USDC
197,0.8237180785675101,416724219038.26697,131,S6_worst_case_no_intervention,indonesia,USDC
198,0.8473183192632308,406306112322.74207,131,S6_worst_case_no_intervention,indonesia,USDC
199,0.8710288589820174,396148458647.2848,131,S6_worst_case_no_intervention,indonesia,USDC
200,0.8673783597835701,386244746566.2739,131,S6_worst_case_no_intervention,indonesia,USDC
201,0.8600362139724391,376588627325.0861,131,S6_worst_case_no_intervention,indonesia,USDC
202,0.85415334883366,367173911071.68835,131,S6_worst_case_no_intervention,indonesia,USDC
203,0.874118469216108,357994562747.92065,131,S6_worst_case_no_intervention,indonesia,USDC
204,0.882800606113163,349044698279.1422,131,S6_worst_case_no_intervention,indonesia,USDC
205,0.8784907807614206,340318580508.828,131,S6_worst_case_no_intervention,indonesia,USDC
206,0.8584041180934916,331810615680.7271,131,S6_worst_case_no_intervention,indonesia,USDC
207,0.8633208144750003,323515349931.15137,131,S6_worst_case_no_intervention,indonesia,USDC
208,0.8503149915501613,315427465893.6483,131,S6_worst_case_no_intervention,indonesia,USDC
209,0.8611688186499971,307541778948.602,131,S6_worst_case_no_intervention,indonesia,USDC
210,0.8408323258657983,299853234232.1563,131,S6_worst_case_no_intervention,indonesia,USDC
211,0.8714966516175396,292356903120.58716,131,S6_worst_case_no_intervention,indonesia,USDC
212,0.8517643793690465,285047980384.5269,131,S6_worst_case_no_intervention,indonesia,USDC
213,0.8396057722856115,277921780694.87476,131,S6_worst_case_no_intervention,indonesia,USDC
214,0.8121588566897621,270973736010.1084,131,S6_worst_case_no_intervention,indonesia,USDC
215,0.8266627784656523,264199392428.44214,131,S6_worst_case_no_intervention,indonesia,USDC
216,0.8408099960239043,257594407479.06262,131,S6_worst_case_no_intervention,indonesia,USDC
217,0.8205743596905049,251154547180.29358,131,S6_worst_case_no_intervention,indonesia,USDC
218,0.8266267735341717,244875683395.43372,131,S6_worst_case_no_intervention,indonesia,USDC
219,0.8344972002841293,238753791222.31775,131,S6_worst_case_no_intervention,indonesia,USDC
220,0.8128048490926756,232784946367.16364,131,S6_worst_case_no_intervention,indonesia,USDC
221,0.7777565687721779,226965322635.1019,131,S6_worst_case_no_intervention,indonesia,USDC
222,0.7877698885347276,221291189492.62036,131,S6_worst_case_no_intervention,indonesia,USDC
223,0.7884921961971603,215758909698.16754,131,S6_worst_case_no_intervention,indonesia,USDC
224,0.7990638110809873,210364936911.169,131,S6_worst_case_no_intervention,indonesia,USDC
225,0.7930360212360419,205105813451.69418,131,S6_worst_case_no_intervention,indonesia,USDC
226,0.7991940701842579,199978168085.93686,131,S6_worst_case_no_intervention,indonesia,USDC
227,0.8080429693115019,194978713860.24152,131,S6_worst_case_no_intervention,indonesia,USDC
228,0.8097600791223962,190104245993.94556,131,S6_worst_case_no_intervention,indonesia,USDC
229,0.8141332136502384,185351639828.411,131,S6_worst_case_no_intervention,indonesia,USDC
230,0.8134375265581084,180717848819.61365,131,S6_worst_case_no_intervention,indonesia,USDC
231,0.8052515987000071,176199902588.26776,131,S6_worst_case_no_intervention,indonesia,USDC
232,0.8016484255027649,171794905013.7141,131,S6_worst_case_no_intervention,indonesia,USDC
233,0.7969605241582748,167500032379.8216,131,S6_worst_case_no_intervention,indonesia,USDC
234,0.8134827001559034,163312531563.35043,131,S6_worst_case_no_intervention,indonesia,USDC
235,0.8135147450150464,159229718269.14746,131,S6_worst_case_no_intervention,indonesia,USDC
236,0.7957024593804145,155248975307.8022,131,S6_worst_case_no_intervention,indonesia,USDC
237,0.7904550284752434,151367750921.04733,131,S6_worst_case_no_intervention,indonesia,USDC
238,0.7917727622137275,147583557144.4052,131,S6_worst_case_no_intervention,indonesia,USDC
239,0.800376609224676,143893968212.9144,131,S6_worst_case_no_intervention,indonesia,USDC
240,0.7861192679480187,140296619005.37897,131,S6_worst_case_no_intervention,indonesia,USDC
241,0.7848266961684048,136789203528.23926,131,S6_worst_case_no_intervention,indonesia,USDC
242,0.797001335030135,133369473438.3417,131,S6_worst_case_no_intervention,indonesia,USDC
243,0.7881999211383636,130035236601.09229,131,S6_worst_case_no_intervention,indonesia,USDC
244,0.7950128172978632,126784355684.91904,131,S6_worst_case_no_intervention,indonesia,USDC
245,0.8033651014768538,123614746791.93034,131,S6_worst_case_no_intervention,indonesia,USDC
246,0.8177878662527578,120524378121.44801,131,S6_worst_case_no_intervention,indonesia,USDC
247,0.8293386811303216,117511268667.86594,131,S6_worst_case_no_intervention,indonesia,USDC
248,0.836920161332789,114573486950.75177,131,S6_worst_case_no_intervention,indonesia,USDC
249,0.8273818213475816,111709149776.63528,131,S6_worst_case_no_intervention,indonesia,USDC
250,0.8332274392599048,108916421031.91046,131,S6_worst_case_no_intervention,indonesia,USDC
251,0.8235506397924474,106193510505.84616,131,S6_worst_case_no_intervention,indonesia,USDC
252,0.7649681834651427,103538672742.95895,131,S6_worst_case_no_intervention,indonesia,USDC
253,0.772378878280951,100950205924.0904,131,S6_worst_case_no_intervention,indonesia,USDC
254,0.8122773860762722,98426450775.77203,131,S6_worst_case_no_intervention,indonesia,USDC
255,0.8161345742468559,95965789506.22987,131,S6_worst_case_no_intervention,indonesia,USDC
256,0.7690162143264732,93566644768.45334,131,S6_worst_case_no_intervention,indonesia,USDC
257,0.775864643220552,91227478649.10924,131,S6_worst_case_no_intervention,indonesia,USDC
258,0.7566091806340565,88946791682.7819,131,S6_worst_case_no_intervention,indonesia,USDC
259,0.7855520742876144,86723121890.62582,131,S6_worst_case_no_intervention,indonesia,USDC
260,0.7896107751537902,84555043843.30013,131,S6_worst_case_no_intervention,indonesia,USDC
261,0.7985227779295818,82441167747.17078,131,S6_worst_case_no_intervention,indonesia,USDC
262,0.782268543540894,80380138553.45502,131,S6_worst_case_no_intervention,indonesia,USDC
263,0.778645886710732,78370635089.58546,131,S6_worst_case_no_intervention,indonesia,USDC
264,0.8034077246279976,76411369212.31717,131,S6_worst_case_no_intervention,indonesia,USDC
265,0.8007449073317978,74501084981.9904,131,S6_worst_case_no_intervention,indonesia,USDC
266,0.7855696160863644,72638557857.42459,131,S6_worst_case_no_intervention,indonesia,USDC
267,0.7572681906147004,70822593910.97406,131,S6_worst_case_no_intervention,indonesia,USDC
268,0.7726780268664639,69052029063.18561,131,S6_worst_case_no_intervention,indonesia,USDC
269,0.7515483200327526,67325728336.59567,131,S6_worst_case_no_intervention,indonesia,USDC
270,0.7421199253142536,65642585128.171776,131,S6_worst_case_no_intervention,indonesia,USDC
271,0.7201869177921988,64001520499.95964,131,S6_worst_case_no_intervention,indonesia,USDC
272,0.7318545239041351,62401482487.454315,131,S6_worst_case_no_intervention,indonesia,USDC
273,0.7377665588229819,60841445425.263245,131,S6_worst_case_no_intervention,indonesia,USDC
274,0.7540762799619454,59320409289.62819,131,S6_worst_case_no_intervention,indonesia,USDC
275,0.7596024060680041,57837399057.38513,131,S6_worst_case_no_intervention,indonesia,USDC
276,0.7761068828685976,56391464080.94862,131,S6_worst_case_no_intervention,indonesia,USDC
277,0.7809883055172556,54981677478.92357,131,S6_worst_case_no_intervention,indonesia,USDC
278,0.8242056751575029,53607135541.94945,131,S6_worst_case_no_intervention,indonesia,USDC
279,0.7974304164724287,52266957153.400055,131,S6_worst_case_no_intervention,indonesia,USDC
280,0.8057564010151217,50960283224.56439,131,S6_worst_case_no_intervention,indonesia,USDC
281,0.8000181053518789,49686276143.94976,131,S6_worst_case_no_intervention,indonesia,USDC
282,0.8083875369118709,48444119240.35057,131,S6_worst_case_no_intervention,indonesia,USDC
283,0.7899707481722757,47233016259.34146,131,S6_worst_case_no_intervention,indonesia,USDC
284,0.808748012987735,46052190852.8576,131,S6_worst_case_no_intervention,indonesia,USDC
285,0.8286999635436931,44900886081.53592,131,S6_worst_case_no_intervention,indonesia,USDC
286,0.8328756741052361,43778363929.49735,131,S6_worst_case_no_intervention,indonesia,USDC
287,0.8307499073253011,42683904831.25978,131,S6_worst_case_no_intervention,indonesia,USDC
288,0.8266226730658246,41616807210.47816,131,S6_worst_case_no_intervention,indonesia,USDC
289,0.8306590612314542,40576387030.216095,131,S6_worst_case_no_intervention,indonesia,USDC
290,0.8566679539138099,39561977354.460594,131,S6_worst_case_no_intervention,indonesia,USDC
291,0.8411857217073988,38572927920.599014,131,S6_worst_case_no_intervention,indonesia,USDC
292,0.8085424832215335,37608604722.583984,131,S6_worst_case_no_intervention,indonesia,USDC
293,0.8138801048873887,36668389604.5193,131,S6_worst_case_no_intervention,indonesia,USDC
294,0.8022173184611482,35751679864.406265,131,S6_worst_case_no_intervention,indonesia,USDC
295,0.8108458138857414,34857887867.79606,131,S6_worst_case_no_intervention,indonesia,USDC
296,0.7909065894303998,33986440671.101112,131,S6_worst_case_no_intervention,indonesia,USDC
297,0.7865110275372914,33136779654.32355,131,S6_worst_case_no_intervention,indonesia,USDC
298,0.7991557958076321,32308360162.965427,131,S6_worst_case_no_intervention,indonesia,USDC
299,0.7913820070540829,31500651158.89127,131,S6_worst_case_no_intervention,indonesia,USDC
300,0.7976477896348924,30713134879.918964,131,S6_worst_case_no_intervention,indonesia,USDC
301,0.7874156082100705,29945306507.92097,131,S6_worst_case_no_intervention,indonesia,USDC
302,0.7837518223657464,29196673845.22293,131,S6_worst_case_no_intervention,indonesia,USDC
303,0.8229693316535243,28466756999.092346,131,S6_worst_case_no_intervention,indonesia,USDC
304,0.8477558493728501,27755088074.11503,131,S6_worst_case_no_intervention,indonesia,USDC
305,0.8258498361704403,27061210872.262146,131,S6_worst_case_no_intervention,indonesia,USDC
306,0.8045065239428049,26384680600.45559,131,S6_worst_case_no_intervention,indonesia,USDC
307,0.7931265342560724,25725063585.44419,131,S6_worst_case_no_intervention,indonesia,USDC
308,0.7936213479979133,25081936995.808083,131,S6_worst_case_no_intervention,indonesia,USDC
309,0.7941677433921277,24454888570.91288,131,S6_worst_case_no_intervention,indonesia,USDC
310,0.8116067164653175,23843516356.640053,131,S6_worst_case_no_intervention,indonesia,USDC
311,0.7999430246099603,23247428447.72405,131,S6_worst_case_no_intervention,indonesia,USDC
312,0.8086156813180404,22666242736.530945,131,S6_worst_case_no_intervention,indonesia,USDC
313,0.7812240297979129,22099586668.11767,131,S6_worst_case_no_intervention,indonesia,USDC
314,0.7549972101689226,21547097001.414726,131,S6_worst_case_no_intervention,indonesia,USDC
315,0.7647051736964506,21008419576.379356,131,S6_worst_case_no_intervention,indonesia,USDC
316,0.7487933585377201,20483209086.96987,131,S6_worst_case_no_intervention,indonesia,USDC
317,0.7619969202345404,19971128859.795624,131,S6_worst_case_no_intervention,indonesia,USDC
318,0.7488662499367156,19471850638.300728,131,S6_worst_case_no_intervention,indonesia,USDC
319,0.7381147537948615,18985054372.343212,131,S6_worst_case_no_intervention,indonesia,USDC
320,0.7420181501803066,18510428013.03463,131,S6_worst_case_no_intervention,indonesia,USDC
321,0.7442554426396724,18047667312.708767,131,S6_worst_case_no_intervention,indonesia,USDC
322,0.7465474595517164,17596475629.891045,131,S6_worst_case_no_intervention,indonesia,USDC
323,0.7564720957365523,17156563739.14377,131,S6_worst_case_no_intervention,indonesia,USDC
324,0.7840545258596291,16727649645.665176,131,S6_worst_case_no_intervention,indonesia,USDC
325,0.7699409130835939,16309458404.523548,131,S6_worst_case_no_intervention,indonesia,USDC
326,0.7384613457151208,15901721944.41046,131,S6_worst_case_no_intervention,indonesia,USDC
327,0.7600814506762625,15504178895.800198,131,S6_worst_case_no_intervention,indonesia,USDC
328,0.7680366210332902,15116574423.405193,131,S6_worst_case_no_intervention,indonesia,USDC
329,0.7658584830573033,14738660062.820063,131,S6_worst_case_no_intervention,indonesia,USDC
330,0.7644361554444556,14370193561.249561,131,S6_worst_case_no_intervention,indonesia,USDC
331,0.7574303381132953,14010938722.21832,131,S6_worst_case_no_intervention,indonesia,USDC
332,0.766942608688982,13660665254.16286,131,S6_worst_case_no_intervention,indonesia,USDC
333,0.760999069398664,13319148622.808792,131,S6_worst_case_no_intervention,indonesia,USDC
334,0.7738067749793979,12986169907.238571,131,S6_worst_case_no_intervention,indonesia,USDC
335,0.7773696562267668,12661515659.557606,131,S6_worst_case_no_intervention,indonesia,USDC
336,0.7860852219739505,12344977768.068666,131,S6_worst_case_no_intervention,indonesia,USDC
337,0.7827629166615424,12036353323.86695,131,S6_worst_case_no_intervention,indonesia,USDC
338,0.7793417469334432,11735444490.770275,131,S6_worst_case_no_intervention,indonesia,USDC
339,0.7967583776455203,11442058378.501019,131,S6_worst_case_no_intervention,indonesia,USDC
340,0.7921724708454247,11156006919.038492,131,S6_worst_case_no_intervention,indonesia,USDC
341,0.7787633946065236,10877106746.06253,131,S6_worst_case_no_intervention,indonesia,USDC
342,0.7473206671746784,10605179077.410967,131,S6_worst_case_no_intervention,indonesia,USDC
343,0.7554151493119076,10340049600.475693,131,S6_worst_case_no_intervention,indonesia,USDC
344,0.7668239907072739,10081548360.4638,131,S6_worst_case_no_intervention,indonesia,USDC
345,0.7675958952423872,9829509651.452206,131,S6_worst_case_no_intervention,indonesia,USDC
346,0.7530501150272414,9583771910.165901,131,S6_worst_case_no_intervention,indonesia,USDC
347,0.7752299254562408,9344177612.411753,131,S6_worst_case_no_intervention,indonesia,USDC
348,0.7743155954381127,9110573172.10146,131,S6_worst_case_no_intervention,indonesia,USDC
349,0.783861976575812,8882808842.798922,131,S6_worst_case_no_intervention,indonesia,USDC
350,0.7948690504225727,8660738621.72895,131,S6_worst_case_no_intervention,indonesia,USDC
351,0.79750157443313,8444220156.185725,131,S6_worst_case_no_intervention,indonesia,USDC
352,0.7831740749523404,8233114652.281082,131,S6_worst_case_no_intervention,indonesia,USDC
353,0.7884255935361949,8027286785.974055,131,S6_worst_case_no_intervention,indonesia,USDC
354,0.7964769236459485,7826604616.324703,131,S6_worst_case_no_intervention,indonesia,USDC
355,0.7802392486747735,7630939500.916586,131,S6_worst_case_no_intervention,indonesia,USDC
356,0.8102889279826865,7440166013.393671,131,S6_worst_case_no_intervention,indonesia,USDC
357,0.791362973840432,7254161863.058828,131,S6_worst_case_no_intervention,indonesia,USDC
358,0.7989743420698775,7072807816.482359,131,S6_worst_case_no_intervention,indonesia,USDC
359,0.7957685162136015,6895987621.070299,131,S6_worst_case_no_intervention,indonesia,USDC
360,0.8074641495488857,6723587930.543541,131,S6_worst_case_no_intervention,indonesia,USDC
361,0.82803498110722,6555498232.279953,131,S6_worst_case_no_intervention,indonesia,USDC
362,0.8013294692691644,6391610776.472955,131,S6_worst_case_no_intervention,indonesia,USDC
363,0.8077048613728243,6231820507.061131,131,S6_worst_case_no_intervention,indonesia,USDC
364,0.8138994526459726,6076024994.384603,131,S6_worst_case_no_intervention,indonesia,USDC
365,0.8493596622876425,5924124369.524988,131,S6_worst_case_no_intervention,indonesia,USDC
366,0.8354062509482832,5776021260.286862,131,S6_worst_case_no_intervention,indonesia,USDC
367,0.8296000191133394,5631620728.779691,131,S6_worst_case_no_intervention,indonesia,USDC
368,0.8325032592612887,5490830210.560199,131,S6_worst_case_no_intervention,indonesia,USDC
369,0.8085795605642531,5353559455.296194,131,S6_worst_case_no_intervention,indonesia,USDC
370,0.8191415223349724,5219720468.91379,131,S6_worst_case_no_intervention,indonesia,USDC
371,0.8560155615263195,5089227457.190945,131,S6_worst_case_no_intervention,indonesia,USDC
372,0.8281471217899107,4961996770.76117,131,S6_worst_case_no_intervention,indonesia,USDC
373,0.8371981092372082,4837946851.492142,131,S6_worst_case_no_intervention,indonesia,USDC
374,0.8456504441922748,4716998180.204838,131,S6_worst_case_no_intervention,indonesia,USDC
375,0.8322442757879633,4599073225.6997175,131,S6_worst_case_no_intervention,indonesia,USDC
376,0.847920896512902,4484096395.057224,131,S6_worst_case_no_intervention,indonesia,USDC
377,0.8321511127130798,4371993985.180794,131,S6_worst_case_no_intervention,indonesia,USDC
378,0.8497431206398026,4262694135.5512743,131,S6_worst_case_no_intervention,indonesia,USDC
379,0.8258549231110105,4156126782.1624923,131,S6_worst_case_no_intervention,indonesia,USDC
380,0.8411682571792405,4052223612.60843,131,S6_worst_case_no_intervention,indonesia,USDC
381,0.7813766359674605,3950918022.2932186,131,S6_worst_case_no_intervention,indonesia,USDC
382,0.7784872600920332,3852145071.7358885,131,S6_worst_case_no_intervention,indonesia,USDC
383,0.7704328525583597,3755841444.9424915,131,S6_worst_case_no_intervention,indonesia,USDC
384,0.7545496858605049,3661945408.818929,131,S6_worst_case_no_intervention,indonesia,USDC
385,0.7583056492062837,3570396773.598456,131,S6_worst_case_no_intervention,indonesia,USDC
386,0.7393901996863109,3481136854.2584944,131,S6_worst_case_no_intervention,indonesia,USDC
387,0.7547463874699395,3394108432.9020324,131,S6_worst_case_no_intervention,indonesia,USDC
388,0.7428808989036267,3309255722.0794816,131,S6_worst_case_no_intervention,indonesia,USDC
389,0.7453643628022089,3226524329.0274944,131,S6_worst_case_no_intervention,indonesia,USDC
390,0.770748782258823,3145861220.801807,131,S6_worst_case_no_intervention,indonesia,USDC
391,0.7554871941631517,3067214690.281762,131,S6_worst_case_no_intervention,indonesia,USDC
392,0.7607415084080361,2990534323.024718,131,S6_worst_case_no_intervention,indonesia,USDC
393,0.7556199447977738,2915770964.9490995,131,S6_worst_case_no_intervention,indonesia,USDC
394,0.7591979146811079,2842876690.8253727,131,S6_worst_case_no_intervention,indonesia,USDC
395,0.7545064274953481,2771804773.554738,131,S6_worst_case_no_intervention,indonesia,USDC
396,0.767468990120796,2702509654.21587,131,S6_worst_case_no_intervention,indonesia,USDC
397,0.7275783423701474,2634946912.860473,131,S6_worst_case_no_intervention,indonesia,USDC
398,0.7398561635457581,2569073240.0389614,131,S6_worst_case_no_intervention,indonesia,USDC
399,0.7505689935167976,2504846409.0379877,131,S6_worst_case_no_intervention,indonesia,USDC
400,0.7697587316554684,2442225248.8120375,131,S6_worst_case_no_intervention,indonesia,USDC
401,0.768670306216274,2381169617.591737,131,S6_worst_case_no_intervention,indonesia,USDC
402,0.7470472057753577,2321640377.1519437,131,S6_worst_case_no_intervention,indonesia,USDC
403,0.750227573536893,2263599367.723145,131,S6_worst_case_no_intervention,indonesia,USDC
404,0.768023007072977,2207009383.5300665,131,S6_worst_case_no_intervention,indonesia,USDC
405,0.7773650833413577,2151834148.941815,131,S6_worst_case_no_intervention,indonesia,USDC
406,0.7763376175706789,2098038295.2182693,131,S6_worst_case_no_intervention,indonesia,USDC
407,0.7779172777422754,2045587337.8378124,131,S6_worst_case_no_intervention,indonesia,USDC
408,0.816342223738811,1994447654.3918672,131,S6_worst_case_no_intervention,indonesia,USDC
409,0.818832857252387,1944586463.0320706,131,S6_worst_case_no_intervention,indonesia,USDC
410,0.8059591109731078,1895971801.4562685,131,S6_worst_case_no_intervention,indonesia,USDC
411,0.8074783517492492,1848572506.4198618,131,S6_worst_case_no_intervention,indonesia,USDC
412,0.8024500336340654,1802358193.759365,131,S6_worst_case_no_intervention,indonesia,USDC
413,0.7998255931629257,1757299238.9153812,131,S6_worst_case_no_intervention,indonesia,USDC
414,0.8055006504644113,1713366757.9424965,131,S6_worst_case_no_intervention,indonesia,USDC
415,0.7931188889786563,1670532588.9939342,131,S6_worst_case_no_intervention,indonesia,USDC
416,0.7974296837234341,1628769274.269086,131,S6_worst_case_no_intervention,indonesia,USDC
417,0.8062954358443917,1588050042.4123588,131,S6_worst_case_no_intervention,indonesia,USDC
418,0.7837841343539951,1548348791.3520498,131,S6_worst_case_no_intervention,indonesia,USDC
419,0.8025905229349806,1509640071.5682483,131,S6_worst_case_no_intervention,indonesia,USDC
420,0.8220680875903549,1471899069.7790422,131,S6_worst_case_no_intervention,indonesia,USDC
421,0.8689965836065248,1435101593.0345662,131,S6_worst_case_no_intervention,indonesia,USDC
422,0.8280275791115747,1399224053.208702,131,S6_worst_case_no_intervention,indonesia,USDC
423,0.8202160458031129,1364243451.8784845,131,S6_worst_case_no_intervention,indonesia,USDC
424,0.826531590897058,1330137365.5815225,131,S6_worst_case_no_intervention,indonesia,USDC
425,0.8279002972513638,1296883931.4419842,131,S6_worst_case_no_intervention,indonesia,USDC
426,0.8299839478001699,1264461833.1559348,131,S6_worst_case_no_intervention,indonesia,USDC
427,0.8095036274587781,1232850287.3270364,131,S6_worst_case_no_intervention,indonesia,USDC
428,0.8082656837916024,1202029030.1438603,131,S6_worst_case_no_intervention,indonesia,USDC
429,0.7817430390925224,1171978304.390264,131,S6_worst_case_no_intervention,indonesia,USDC
430,0.7757490991155684,1142678846.7805076,131,S6_worst_case_no_intervention,indonesia,USDC
431,0.7841886818450581,1114111875.6109946,131,S6_worst_case_no_intervention,indonesia,USDC
432,0.7855403391846959,1086259078.7207198,131,S6_worst_case_no_intervention,indonesia,USDC
433,0.768072313946405,1059102601.7527019,131,S6_worst_case_no_intervention,indonesia,USDC
434,0.7441550263292295,1032625036.7088842,131,S6_worst_case_no_intervention,indonesia,USDC
435,0.6410629887118455,1006809410.791162,131,S6_worst_case_no_intervention,indonesia,USDC
436,0.673589976804941,981639175.521383,131,S6_worst_case_no_intervention,indonesia,USDC
437,0.6713928513805802,957098196.1333486,131,S6_worst_case_no_intervention,indonesia,USDC
438,0.6913771752818811,933170741.2300148,131,S6_worst_case_no_intervention,indonesia,USDC
439,0.7205880469242446,909841472.6992645,131,S6_worst_case_no_intervention,indonesia,USDC
440,0.7367415540666407,887095435.8817828,131,S6_worst_case_no_intervention,indonesia,USDC
441,0.7453114040259895,864918049.9847382,131,S6_worst_case_no_intervention,indonesia,USDC
442,0.7483917312878453,843295098.7351198,131,S6_worst_case_no_intervention,indonesia,USDC
443,0.7395878334849381,822212721.2667418,131,S6_worst_case_no_intervention,indonesia,USDC
444,0.7234953944104421,801657403.2350733,131,S6_worst_case_no_intervention,indonesia,USDC
445,0.6984025308674706,781615968.1541965,131,S6_worst_case_no_intervention,indonesia,USDC
446,0.6962177949471807,762075568.9503416,131,S6_worst_case_no_intervention,indonesia,USDC
447,0.679321564654386,743023679.726583,131,S6_worst_case_no_intervention,indonesia,USDC
448,0.7017120156682223,724448087.7334185,131,S6_worst_case_no_intervention,indonesia,USDC
449,0.7448720036663735,706336885.5400829,131,S6_worst_case_no_intervention,indonesia,USDC
450,0.738513891222281,688678463.4015809,131,S6_worst_case_no_intervention,indonesia,USDC
451,0.7540111775643743,671461501.8165413,131,S6_worst_case_no_intervention,indonesia,USDC
452,0.7627604198993622,654674964.2711278,131,S6_worst_case_no_intervention,indonesia,USDC
453,0.7695690731878343,638308090.1643497,131,S6_worst_case_no_intervention,indonesia,USDC
454,0.7530933647351065,622350387.9102409,131,S6_worst_case_no_intervention,indonesia,USDC
455,0.784727791145477,606791628.2124848,131,S6_worst_case_no_intervention,indonesia,USDC
456,0.7871657858123726,591621837.5071728,131,S6_worst_case_no_intervention,indonesia,USDC
457,0.7672878837654791,576831291.5694934,131,S6_worst_case_no_intervention,indonesia,USDC
458,0.6495885430980467,562410509.280256,131,S6_worst_case_no_intervention,indonesia,USDC
459,0.6750220286721755,548350246.5482497,131,S6_worst_case_no_intervention,indonesia,USDC
460,0.6960117194014297,534641490.3845434,131,S6_worst_case_no_intervention,indonesia,USDC
461,0.6566046218401929,521275453.12492985,131,S6_worst_case_no_intervention,indonesia,USDC
462,0.6669914587162855,508243566.7968066,131,S6_worst_case_no_intervention,indonesia,USDC
463,0.6931335615508253,495537477.6268864,131,S6_worst_case_no_intervention,indonesia,USDC
464,0.7121376195748103,483149040.68621427,131,S6_worst_case_no_intervention,indonesia,USDC
465,0.7300735540110493,471070314.6690589,131,S6_worst_case_no_intervention,indonesia,USDC
466,0.719182032477262,459293556.8023324,131,S6_worst_case_no_intervention,indonesia,USDC
467,0.7200250286755071,447811217.8822741,131,S6_worst_case_no_intervention,indonesia,USDC
468,0.755298183196424,436615937.43521726,131,S6_worst_case_no_intervention,indonesia,USDC
469,0.797164938447336,425700538.9993367,131,S6_worst_case_no_intervention,indonesia,USDC
470,0.7967816820695967,415058025.5243534,131,S6_worst_case_no_intervention,indonesia,USDC
471,0.7739391375917347,404681574.88624454,131,S6_worst_case_no_intervention,indonesia,USDC
472,0.772951636151327,394564535.5140884,131,S6_worst_case_no_intervention,indonesia,USDC
473,0.7620193294456271,384700422.1262362,131,S6_worst_case_no_intervention,indonesia,USDC
474,0.7767579669337948,375082911.5730803,131,S6_worst_case_no_intervention,indonesia,USDC
475,0.7505217899596315,365705838.7837533,131,S6_worst_case_no_intervention,indonesia,USDC
476,0.7502224195020928,356563192.81415945,131,S6_worst_case_no_intervention,indonesia,USDC
477,0.7562711122893294,347649112.99380547,131,S6_worst_case_no_intervention,indonesia,USDC
478,0.7956718429704237,338957885.16896033,131,S6_worst_case_no_intervention,indonesia,USDC
479,0.8056207010879245,330483938.0397363,131,S6_worst_case_no_intervention,indonesia,USDC
480,0.8216806664706299,322221839.58874285,131,S6_worst_case_no_intervention,indonesia,USDC
481,0.8032594797850368,314166293.5990243,131,S6_worst_case_no_intervention,indonesia,USDC
482,0.8136221531668111,306312136.2590487,131,S6_worst_case_no_intervention,indonesia,USDC
483,0.8049030484459947,298654332.85257244,131,S6_worst_case_no_intervention,indonesia,USDC
484,0.7808487227360653,291187974.53125817,131,S6_worst_case_no_intervention,indonesia,USDC
485,0.7925383186002233,283908275.1679767,131,S6_worst_case_no_intervention,indonesia,USDC
486,0.7905720212321137,276810568.2887773,131,S6_worst_case_no_intervention,indonesia,USDC
487,0.7725874578669888,269890304.08155787,131,S6_worst_case_no_intervention,indonesia,USDC
488,0.7768483535368905,263143046.47951892,131,S6_worst_case_no_intervention,indonesia,USDC
489,0.7589043545639709,256564470.31753093,131,S6_worst_case_no_intervention,indonesia,USDC
490,0.783284798770451,250150358.55959266,131,S6_worst_case_no_intervention,indonesia,USDC
491,0.8031748710380178,243896599.5956028,131,S6_worst_case_no_intervention,indonesia,USDC
492,0.7997082799761199,237799184.60571277,131,S6_worst_case_no_intervention,indonesia,USDC
493,0.7893514551516796,231854204.99056995,131,S6_worst_case_no_intervention,indonesia,USDC
494,0.7915676643581985,226057849.8658057,131,S6_worst_case_no_intervention,indonesia,USDC
495,0.7993219761833058,220406403.61916053,131,S6_worst_case_no_intervention,indonesia,USDC
496,0.7780137050577495,214896243.52868152,131,S6_worst_case_no_intervention,indonesia,USDC
497,0.7733720496176048,209523837.44046447,131,S6_worst_case_no_intervention,indonesia,USDC
498,0.7709266718134603,204285741.50445285,131,S6_worst_case_no_intervention,indonesia,USDC
499,0.7661059257123363,199178597.96684152,131,S6_worst_case_no_intervention,indonesia,USDC
500,0.76654706244552,194199133.0176705,131,S6_worst_case_no_intervention,indonesia,USDC
501,0.7833503932839074,189344154.69222873,131,S6_worst_case_no_intervention,indonesia,USDC
502,0.781182439225893,184610550.82492304,131,S6_worst_case_no_intervention,indonesia,USDC
503,0.7998067923849219,179995287.05429995,131,S6_worst_case_no_intervention,indonesia,USDC
504,0.819551621616225,175495404.87794244,131,S6_worst_case_no_intervention,indonesia,USDC
505,0.79151830999177,171108019.75599387,131,S6_worst_case_no_intervention,indonesia,USDC
506,0.7902125629492208,166830319.26209402,131,S6_worst_case_no_intervention,indonesia,USDC
507,0.7857157968635227,162659561.2805417,131,S6_worst_case_no_intervention,indonesia,USDC
508,0.7776443004320671,158593072.24852812,131,S6_worst_case_no_intervention,indonesia,USDC
509,0.7738840998650198,154628245.44231492,131,S6_worst_case_no_intervention,indonesia,USDC
510,0.7769815045722673,150762539.30625707,131,S6_worst_case_no_intervention,indonesia,USDC
511,0.7672662604156925,146993475.82360065,131,S6_worst_case_no_intervention,indonesia,USDC
512,0.7954170617764895,143318638.92801064,131,S6_worst_case_no_intervention,indonesia,USDC
513,0.785616011423038,139735672.95481038,131,S6_worst_case_no_intervention,indonesia,USDC
514,0.7436069355416933,136242281.13094014,131,S6_worst_case_no_intervention,indonesia,USDC
515,0.7435703315839328,132836224.10266662,131,S6_worst_case_no_intervention,indonesia,USDC
516,0.7625593516224712,129515318.50009996,131,S6_worst_case_no_intervention,indonesia,USDC
517,0.75281571645322,126277435.53759745,131,S6_worst_case_no_intervention,indonesia,USDC
518,0.736655695728003,123120499.64915752,131,S6_worst_case_no_intervention,indonesia,USDC
519,0.7204655935469069,120042487.15792857,131,S6_worst_case_no_intervention,indonesia,USDC
520,0.7360557822528937,117041424.97898036,131,S6_worst_case_no_intervention,indonesia,USDC
521,0.7253782582155797,114115389.35450585,131,S6_worst_case_no_intervention,indonesia,USDC
522,0.7284561020661428,111262504.6206432,131,S6_worst_case_no_intervention,indonesia,USDC
523,0.7377224587939284,108480942.0051271,131,S6_worst_case_no_intervention,indonesia,USDC
524,0.7348582806039441,105768918.45499894,131,S6_worst_case_no_intervention,indonesia,USDC
525,0.7526732999454837,103124695.49362397,131,S6_worst_case_no_intervention,indonesia,USDC
526,0.7500880703316557,100546578.10628337,131,S6_worst_case_no_intervention,indonesia,USDC
527,0.7407519261138211,98032913.65362628,131,S6_worst_case_no_intervention,indonesia,USDC
528,0.7325279409193767,95582090.81228563,131,S6_worst_case_no_intervention,indonesia,USDC
529,0.751541877043062,93192538.54197848,131,S6_worst_case_no_intervention,indonesia,USDC
530,0.7338389183635995,90862725.07842903,131,S6_worst_case_no_intervention,indonesia,USDC
531,0.7508249179790903,88591156.9514683,131,S6_worst_case_no_intervention,indonesia,USDC
532,0.7307106197847503,86376378.02768159,131,S6_worst_case_no_intervention,indonesia,USDC
533,0.7300081402193478,84216968.57698955,131,S6_worst_case_no_intervention,indonesia,USDC
534,0.745874205913622,82111544.36256482,131,S6_worst_case_no_intervention,indonesia,USDC
535,0.7447107119957102,80058755.7535007,131,S6_worst_case_no_intervention,indonesia,USDC
536,0.6928848250116768,78057286.85966319,131,S6_worst_case_no_intervention,indonesia,USDC
537,0.7013114924864319,76105854.6881716,131,S6_worst_case_no_intervention,indonesia,USDC
538,0.7038717350917866,74203208.32096732,131,S6_worst_case_no_intervention,indonesia,USDC
539,0.7351077583138097,72348128.11294313,131,S6_worst_case_no_intervention,indonesia,USDC
540,0.7122117973804853,70539424.91011956,131,S6_worst_case_no_intervention,indonesia,USDC
541,0.7205912052825816,68775939.28736657,131,S6_worst_case_no_intervention,indonesia,USDC
542,0.7173214924922823,67056540.8051824,131,S6_worst_case_no_intervention,indonesia,USDC
543,0.712101441530159,65380127.285052836,131,S6_worst_case_no_intervention,indonesia,USDC
544,0.7220301037931549,63745624.102926515,131,S6_worst_case_no_intervention,indonesia,USDC
545,0.726576762533028,62151983.50035336,131,S6_worst_case_no_intervention,indonesia,USDC
546,0.7553089033405815,60598183.91284452,131,S6_worst_case_no_intervention,indonesia,USDC
547,0.7630760031439153,59083229.31502341,131,S6_worst_case_no_intervention,indonesia,USDC
548,0.7691688303501082,57606148.582147814,131,S6_worst_case_no_intervention,indonesia,USDC
549,0.7453952253202575,56165994.86759412,131,S6_worst_case_no_intervention,indonesia,USDC
550,0.7590255983820152,54761844.99590427,131,S6_worst_case_no_intervention,indonesia,USDC
551,0.77078395121408,53392798.87100667,131,S6_worst_case_no_intervention,indonesia,USDC
552,0.7547439520994815,52057978.89923149,131,S6_worst_case_no_intervention,indonesia,USDC
553,0.7552194459793796,50756529.426750705,131,S6_worst_case_no_intervention,indonesia,USDC
554,0.7514375167952664,49487616.19108194,131,S6_worst_case_no_intervention,indonesia,USDC
555,0.7294898433473903,48250425.78630489,131,S6_worst_case_no_intervention,indonesia,USDC
556,0.7412898086147753,47044165.14164727,131,S6_worst_case_no_intervention,indonesia,USDC
557,0.7318073813419571,45868061.01310609,131,S6_worst_case_no_intervention,indonesia,USDC
558,0.7461490278211403,44721359.48777843,131,S6_worst_case_no_intervention,indonesia,USDC
559,0.756878323123208,43603325.50058398,131,S6_worst_case_no_intervention,indonesia,USDC
560,0.791404366502719,42513242.36306938,131,S6_worst_case_no_intervention,indonesia,USDC
561,0.7663244444813422,41450411.30399264,131,S6_worst_case_no_intervention,indonesia,USDC
562,0.7634540012655241,40414151.02139282,131,S6_worst_case_no_intervention,indonesia,USDC
563,0.7550281895704926,39403797.245858,131,S6_worst_case_no_intervention,indonesia,USDC
564,0.7536439165866444,38418702.31471155,131,S6_worst_case_no_intervention,indonesia,USDC
565,0.7447522427641374,37458234.75684377,131,S6_worst_case_no_intervention,indonesia,USDC
566,0.7353230808547244,36521778.88792267,131,S6_worst_case_no_intervention,indonesia,USDC
567,0.7454856635686778,35608734.415724605,131,S6_worst_case_no_intervention,indonesia,USDC
568,0.7431334439145642,34718516.05533149,131,S6_worst_case_no_intervention,indonesia,USDC
569,0.7305470736775329,33850553.1539482,131,S6_worst_case_no_intervention,indonesia,USDC
570,0.743571947679464,33004289.325099498,131,S6_worst_case_no_intervention,indonesia,USDC
571,0.734096638803104,32179182.09197201,131,S6_worst_case_no_intervention,indonesia,USDC
572,0.7451782098528448,31374702.53967271,131,S6_worst_case_no_intervention,indonesia,USDC
573,0.7719149468217552,30590334.97618089,131,S6_worst_case_no_intervention,indonesia,USDC
574,0.7890113095768989,29825576.60177637,131,S6_worst_case_no_intervention,indonesia,USDC
575,0.8049201869384843,29079937.18673196,131,S6_worst_case_no_intervention,indonesia,USDC
576,0.8076563492778489,28352938.75706366,131,S6_worst_case_no_intervention,indonesia,USDC
577,0.8031249845487167,27644115.288137067,131,S6_worst_case_no_intervention,indonesia,USDC
578,0.8086116941500662,26953012.40593364,131,S6_worst_case_no_intervention,indonesia,USDC
579,0.7922030162958669,26279187.095785297,131,S6_worst_case_no_intervention,indonesia,USDC
580,0.8034112985693328,25622207.41839067,131,S6_worst_case_no_intervention,indonesia,USDC
581,0.8271371408327243,24981652.232930902,131,S6_worst_case_no_intervention,indonesia,USDC
582,0.8153451108868831,24357110.92710763,131,S6_worst_case_no_intervention,indonesia,USDC
583,0.8294971362724227,23748183.153929938,131,S6_worst_case_no_intervention,indonesia,USDC
584,0.8290947622965642,23154478.57508169,131,S6_worst_case_no_intervention,indonesia,USDC
585,0.81868171914166,22575616.61070465,131,S6_worst_case_no_intervention,indonesia,USDC
586,0.8263078007622354,22011226.195437033,131,S6_worst_case_no_intervention,indonesia,USDC
587,0.8088568149890509,21460945.540551107,131,S6_worst_case_no_intervention,indonesia,USDC
588,0.8355438770023463,20924421.90203733,131,S6_worst_case_no_intervention,indonesia,USDC
589,0.8600446654937246,20401311.3544864,131,S6_worst_case_no_intervention,indonesia,USDC
590,0.8314137695854653,19891278.570624236,131,S6_worst_case_no_intervention,indonesia,USDC
591,0.8083328434998123,19393996.60635863,131,S6_worst_case_no_intervention,indonesia,USDC
592,0.7891353414726209,18909146.691199664,131,S6_worst_case_no_intervention,indonesia,USDC
593,0.8005611225600952,18436418.02391967,131,S6_worst_case_no_intervention,indonesia,USDC
594,0.7857662665033041,17975507.573321678,131,S6_worst_case_no_intervention,indonesia,USDC
595,0.7668388681025908,17526119.883988637,131,S6_worst_case_no_intervention,indonesia,USDC
596,0.7611366523101138,17087966.88688892,131,S6_worst_case_no_intervention,indonesia,USDC
597,0.8008128458200706,16660767.714716699,131,S6_worst_case_no_intervention,indonesia,USDC
598,0.7894017440044881,16244248.52184878,131,S6_worst_case_no_intervention,indonesia,USDC
599,0.7933590012183168,15838142.30880256,131,S6_worst_case_no_intervention,indonesia,USDC
600,0.7720185903522717,15442188.751082497,131,S6_worst_case_no_intervention,indonesia,USDC
601,0.7646618181392963,15056134.032305434,131,S6_worst_case_no_intervention,indonesia,USDC
602,0.7379847707818584,14679730.6814978,131,S6_worst_case_no_intervention,indonesia,USDC
603,0.7417024740926857,14312737.414460354,131,S6_worst_case_no_intervention,indonesia,USDC
604,0.7740391842917788,13954918.979098843,131,S6_worst_case_no_intervention,indonesia,USDC
605,0.788910709856544,13606046.004621372,131,S6_worst_case_no_intervention,indonesia,USDC
606,0.7956528732274196,13265894.854505839,131,S6_worst_case_no_intervention,indonesia,USDC
607,0.7995656310128265,12934247.483143192,131,S6_worst_case_no_intervention,indonesia,USDC
608,0.7942327525376419,12610891.296064612,131,S6_worst_case_no_intervention,indonesia,USDC
609,0.8233281038140263,12295619.013662996,131,S6_worst_case_no_intervention,indonesia,USDC
610,0.8462865316962852,11988228.538321422,131,S6_worst_case_no_intervention,indonesia,USDC
611,0.8381179071231976,11688522.824863385,131,S6_worst_case_no_intervention,indonesia,USDC
612,0.8552468092528381,11396309.754241802,131,S6_worst_case_no_intervention,indonesia,USDC
613,0.8458734406730932,11111402.010385755,131,S6_worst_case_no_intervention,indonesia,USDC
614,0.8868601372476665,10833616.960126113,131,S6_worst_case_no_intervention,indonesia,USDC
615,0.8525008577830386,10562776.53612296,131,S6_worst_case_no_intervention,indonesia,USDC
616,0.8582758567974368,10298707.122719884,131,S6_worst_case_no_intervention,indonesia,USDC
617,0.8260772385510725,10041239.444651887,131,S6_worst_case_no_intervention,indonesia,USDC
618,0.8147416468877257,9790208.45853559,131,S6_worst_case_no_intervention,indonesia,USDC
619,0.8211922184084102,9545453.247072201,131,S6_worst_case_no_intervention,indonesia,USDC
620,0.8164661499191024,9306816.915895395,131,S6_worst_case_no_intervention,indonesia,USDC
621,0.8065119060165817,9074146.492998011,131,S6_worst_case_no_intervention,indonesia,USDC
622,0.8005856896928044,8847292.830673061,131,S6_worst_case_no_intervention,indonesia,USDC
623,0.7955747162162802,8626110.509906234,131,S6_worst_case_no_intervention,indonesia,USDC
624,0.7897680886136688,8410457.747158578,131,S6_worst_case_no_intervention,indonesia,USDC
625,0.8033866368696082,8200196.303479614,131,S6_worst_case_no_intervention,indonesia,USDC
626,0.7888112240184983,7995191.395892624,131,S6_worst_case_no_intervention,indonesia,USDC
627,0.7853787119676204,7795311.610995308,131,S6_worst_case_no_intervention,indonesia,USDC
628,0.7880998166776545,7600428.820720425,131,S6_worst_case_no_intervention,indonesia,USDC
629,0.7940928042353912,7410418.100202414,131,S6_worst_case_no_intervention,indonesia,USDC
630,0.8025647753920286,7225157.647697354,131,S6_worst_case_no_intervention,indonesia,USDC
631,0.8064046756323969,7044528.70650492,131,S6_worst_case_no_intervention,indonesia,USDC
632,0.7892759000577101,6868415.488842297,131,S6_worst_case_no_intervention,indonesia,USDC
633,0.7992237824750249,6696705.101621239,131,S6_worst_case_no_intervention,indonesia,USDC
634,0.7814997423300646,6529287.47408071,131,S6_worst_case_no_intervention,indonesia,USDC
635,0.7869081429730208,6366055.287228691,131,S6_worst_case_no_intervention,indonesia,USDC
636,0.792028272795558,6206903.905047974,131,S6_worst_case_no_intervention,indonesia,USDC
637,0.788927940587992,6051731.307421774,131,S6_worst_case_no_intervention,indonesia,USDC
638,0.7766041157367489,5900438.02473623,131,S6_worst_case_no_intervention,indonesia,USDC
639,0.7648938117649232,5752927.074117824,131,S6_worst_case_no_intervention,indonesia,USDC
640,0.765542643867979,5609103.897264879,131,S6_worst_case_no_intervention,indonesia,USDC
641,0.7437787539610818,5468876.299833257,131,S6_worst_case_no_intervention,indonesia,USDC
642,0.7374424811811302,5332154.392337425,131,S6_worst_case_no_intervention,indonesia,USDC
643,0.7362462985356739,5198850.532528989,131,S6_worst_case_no_intervention,indonesia,USDC
644,0.7550365445160092,5068879.269215765,131,S6_worst_case_no_intervention,indonesia,USDC
645,0.7390061636811718,4942157.28748537,131,S6_worst_case_no_intervention,indonesia,USDC
646,0.7413419359036146,4818603.355298237,131,S6_worst_case_no_intervention,indonesia,USDC
647,0.7619939954894134,4698138.27141578,131,S6_worst_case_no_intervention,indonesia,USDC
648,0.7903418411162405,4580684.814630386,131,S6_worst_case_no_intervention,indonesia,USDC
649,0.7591040655270513,4466167.694264626,131,S6_worst_case_no_intervention,indonesia,USDC
650,0.7599745465482692,4354513.501908011,131,S6_worst_case_no_intervention,indonesia,USDC
651,0.7614857773609397,4245650.664360311,131,S6_worst_case_no_intervention,indonesia,USDC
652,0.7662943275384592,4139509.397751303,131,S6_worst_case_no_intervention,indonesia,USDC
653,0.7633786748333804,4036021.6628075205,131,S6_worst_case_no_intervention,indonesia,USDC
654,0.7676526303203756,3935121.121237332,131,S6_worst_case_no_intervention,indonesia,USDC
655,0.7751851212332608,3836743.093206399,131,S6_worst_case_no_intervention,indonesia,USDC
656,0.7912458543232431,3740824.5158762396,131,S6_worst_case_no_intervention,indonesia,USDC
657,0.7935225952475746,3647303.902979334,131,S6_worst_case_no_intervention,indonesia,USDC
658,0.8136048387710487,3556121.3054048503,131,S6_worst_case_no_intervention,indonesia,USDC
659,0.8099712007537454,3467218.272769729,131,S6_worst_case_no_intervention,indonesia,USDC
660,0.8181627553328662,3380537.815950486,131,S6_worst_case_no_intervention,indonesia,USDC
661,0.8157272099670956,3296024.3705517235,131,S6_worst_case_no_intervention,indonesia,USDC
662,0.8071052426150251,3213623.7612879304,131,S6_worst_case_no_intervention,indonesia,USDC
663,0.7882212815035112,3133283.167255732,131,S6_worst_case_no_intervention,indonesia,USDC
664,0.7987017019364651,3054951.0880743386,131,S6_worst_case_no_intervention,indonesia,USDC
665,0.7881428345723496,2978577.3108724803,131,S6_worst_case_no_intervention,indonesia,USDC
666,0.8044480358913684,2904112.878100668,131,S6_worst_case_no_intervention,indonesia,USDC
667,0.8033612311656708,2831510.0561481514,131,S6_worst_case_no_intervention,indonesia,USDC
668,0.7828694387838785,2760722.3047444476,131,S6_worst_case_no_intervention,indonesia,USDC
669,0.8161333722252512,2691704.247125837,131,S6_worst_case_no_intervention,indonesia,USDC
670,0.7751573816510766,2624411.6409476907,131,S6_worst_case_no_intervention,indonesia,USDC
671,0.7702272969688199,2558801.349923998,131,S6_worst_case_no_intervention,indonesia,USDC
672,0.7826005119622158,2494831.3161758985,131,S6_worst_case_no_intervention,indonesia,USDC
673,0.7925049810508171,2432460.533271501,131,S6_worst_case_no_intervention,indonesia,USDC
674,0.799803697084226,2371649.019939713,131,S6_worst_case_no_intervention,indonesia,USDC
675,0.8066035902499403,2312357.794441221,131,S6_worst_case_no_intervention,indonesia,USDC
676,0.7770713313436035,2254548.84958019,131,S6_worst_case_no_intervention,indonesia,USDC
677,0.7854703961156644,2198185.1283406857,131,S6_worst_case_no_intervention,indonesia,USDC
678,0.793981446621439,2143230.500132168,131,S6_worst_case_no_intervention,indonesia,USDC
679,0.6701809216466111,2089649.7376288641,131,S6_worst_case_no_intervention,indonesia,USDC
680,0.6884755595198258,2037408.4941881425,131,S6_worst_case_no_intervention,indonesia,USDC
681,0.6946781194216016,1986473.281833439,131,S6_worst_case_no_intervention,indonesia,USDC
682,0.6999814012007409,1936811.449787603,131,S6_worst_case_no_intervention,indonesia,USDC
683,0.7263593235187634,1888391.1635429128,131,S6_worst_case_no_intervention,indonesia,USDC
684,0.7027378318925174,1841181.38445434,131,S6_worst_case_no_intervention,indonesia,USDC
685,0.7216455991080467,1795151.8498429814,131,S6_worst_case_no_intervention,indonesia,USDC
686,0.7187173716110524,1750273.053596907,131,S6_worst_case_no_intervention,indonesia,USDC
687,0.734950968338983,1706516.2272569844,131,S6_worst_case_no_intervention,indonesia,USDC
688,0.7364582201485638,1663853.3215755601,131,S6_worst_case_no_intervention,indonesia,USDC
689,0.7525851962896271,1622256.9885361707,131,S6_worst_case_no_intervention,indonesia,USDC
690,0.7526816679316054,1581700.5638227665,131,S6_worst_case_no_intervention,indonesia,USDC
691,0.722482965960855,1542158.0497271973,131,S6_worst_case_no_intervention,indonesia,USDC
692,0.7081803195601123,1503604.0984840174,131,S6_worst_case_no_intervention,indonesia,USDC
693,0.7127136802391426,1466013.996021917,131,S6_worst_case_no_intervention,indonesia,USDC
694,0.7271740601930172,1429363.646121369,131,S6_worst_case_no_intervention,indonesia,USDC
695,0.6973865836889626,1393629.5549683347,131,S6_worst_case_no_intervention,indonesia,USDC
696,0.7261429697536864,1358788.8160941263,131,S6_worst_case_no_intervention,indonesia,USDC
697,0.7406429610528064,1324819.0956917733,131,S6_worst_case_no_intervention,indonesia,USDC
698,0.7449722607926763,1291698.6182994791,131,S6_worst_case_no_intervention,indonesia,USDC
699,0.7468621192557411,1259406.152841992,131,S6_worst_case_no_intervention,indonesia,USDC
700,0.7620407087670072,1227920.999020942,131,S6_worst_case_no_intervention,indonesia,USDC
701,0.752190140061015,1197222.9740454187,131,S6_worst_case_no_intervention,indonesia,USDC
702,0.7371977063420668,1167292.3996942833,131,S6_worst_case_no_intervention,indonesia,USDC
703,0.7042985789986607,1138110.089701926,131,S6_worst_case_no_intervention,indonesia,USDC
704,0.7195274919405811,1109657.337459378,131,S6_worst_case_no_intervention,indonesia,USDC
705,0.6985420426165975,1081915.9040228936,131,S6_worst_case_no_intervention,indonesia,USDC
706,0.7230625479516547,1054868.006422321,131,S6_worst_case_no_intervention,indonesia,USDC
707,0.7359565380854111,1028496.3062617632,131,S6_worst_case_no_intervention,indonesia,USDC
708,0.7431420398745155,1002783.8986052191,131,S6_worst_case_no_intervention,indonesia,USDC
709,0.7622850868100404,977714.3011400886,131,S6_worst_case_no_intervention,indonesia,USDC
710,0.7777020178318972,953271.4436115865,131,S6_worst_case_no_intervention,indonesia,USDC
711,0.790247470455764,929439.6575212968,131,S6_worst_case_no_intervention,indonesia,USDC
712,0.8006036098077931,906203.6660832644,131,S6_worst_case_no_intervention,indonesia,USDC
713,0.7939425876088491,883548.5744311828,131,S6_worst_case_no_intervention,indonesia,USDC
714,0.7714153061768917,861459.8600704032,131,S6_worst_case_no_intervention,indonesia,USDC
715,0.7836723048842512,839923.3635686431,131,S6_worst_case_no_intervention,indonesia,USDC
716,0.7855753892543594,818925.2794794271,131,S6_worst_case_no_intervention,indonesia,USDC
717,0.8026789892149176,798452.1474924415,131,S6_worst_case_no_intervention,indonesia,USDC
718,0.79898262800835,778490.8438051303,131,S6_worst_case_no_intervention,indonesia,USDC
719,0.8147146679843151,759028.5727100021,131,S6_worst_case_no_intervention,indonesia,USDC
720,0.8017791404406408,740052.8583922521,131,S6_worst_case_no_intervention,indonesia,USDC
721,0.8204738000915389,721551.5369324458,131,S6_worst_case_no_intervention,indonesia,USDC
722,0.8135429725775976,703512.7485091346,131,S6_worst_case_no_intervention,indonesia,USDC
723,0.7725435752124199,685924.9297964063,131,S6_worst_case_no_intervention,indonesia,USDC
724,0.7549495021263555,668776.806551496,131,S6_worst_case_no_intervention,indonesia,USDC
725,0.750726745458613,652057.3863877087,131,S6_worst_case_no_intervention,indonesia,USDC
726,0.7329794371614577,635755.9517280159,131,S6_worst_case_no_intervention,indonesia,USDC
727,0.7285189126137704,619862.0529348155,131,S6_worst_case_no_intervention,indonesia,USDC
728,0.7325970235221556,604365.5016114452,131,S6_worst_case_no_intervention,indonesia,USDC
729,0.7422761276951566,589256.364071159,131,S6_worst_case_no_intervention,indonesia,USDC
730,0.7315356636263439,574524.95496938,131,S6_worst_case_no_intervention,indonesia,USDC
731,0.7248397789192773,560161.8310951455,131,S6_worst_case_no_intervention,indonesia,USDC
732,0.7422942088183028,546157.785317767,131,S6_worst_case_no_intervention,indonesia,USDC
733,0.7460202191359764,532503.8406848228,131,S6_worst_case_no_intervention,indonesia,USDC
734,0.7547922686890921,519191.2446677021,131,S6_worst_case_no_intervention,indonesia,USDC
735,0.7620380700612395,506211.4635510096,131,S6_worst_case_no_intervention,indonesia,USDC
736,0.761914776230271,493556.1769622343,131,S6_worst_case_no_intervention,indonesia,USDC
737,0.7525536191427502,481217.2725381785,131,S6_worst_case_no_intervention,indonesia,USDC
738,0.7430977631815365,469186.840724724,131,S6_worst_case_no_intervention,indonesia,USDC
739,0.7437217579324419,457457.1697066059,131,S6_worst_case_no_intervention,indonesia,USDC
740,0.7567657653708977,446020.7404639407,131,S6_worst_case_no_intervention,indonesia,USDC
741,0.742359198268642,434870.2219523422,131,S6_worst_case_no_intervention,indonesia,USDC
742,0.7627417021896326,423998.4664035337,131,S6_worst_case_no_intervention,indonesia,USDC
743,0.769847134660543,413398.50474344543,131,S6_worst_case_no_intervention,indonesia,USDC
744,0.7943124131876532,403063.5421248593,131,S6_worst_case_no_intervention,indonesia,USDC
745,0.7945378907934476,392986.95357173774,131,S6_worst_case_no_intervention,indonesia,USDC
746,0.7827738192710836,383162.2797324443,131,S6_worst_case_no_intervention,indonesia,USDC
747,0.7613212335930449,373583.22273913317,131,S6_worst_case_no_intervention,indonesia,USDC
748,0.7589161952621394,364243.64217065484,131,S6_worst_case_no_intervention,indonesia,USDC
749,0.7621237635810678,355137.5511163885,131,S6_worst_case_no_intervention,indonesia,USDC
750,0.7787605715536104,346259.1123384788,131,S6_worst_case_no_intervention,indonesia,USDC
751,0.8032463512522113,337602.6345300168,131,S6_worst_case_no_intervention,indonesia,USDC
752,0.81410550572137,329162.56866676646,131,S6_worst_case_no_intervention,indonesia,USDC
753,0.8144530144602978,320933.5044500973,131,S6_worst_case_no_intervention,indonesia,USDC
754,0.8188853907771552,312910.16683884483,131,S6_worst_case_no_intervention,indonesia,USDC
755,0.8300783965039447,305087.4126678737,131,S6_worst_case_no_intervention,indonesia,USDC
756,0.8347060805751491,297460.2273511769,131,S6_worst_case_no_intervention,indonesia,USDC
757,0.814908974277481,290023.7216673975,131,S6_worst_case_no_intervention,indonesia,USDC
758,0.7925718101989814,282773.1286257125,131,S6_worst_case_no_intervention,indonesia,USDC
759,0.8193910198141081,275703.80041006964,131,S6_worst_case_no_intervention,indonesia,USDC
760,0.8234555634524515,268811.2053998179,131,S6_worst_case_no_intervention,indonesia,USDC
761,0.8167324950913899,262090.92526482246,131,S6_worst_case_no_intervention,indonesia,USDC
762,0.8065266055912764,255538.6521332019,131,S6_worst_case_no_intervention,indonesia,USDC
763,0.7991706621778638,249150.1858298719,131,S6_worst_case_no_intervention,indonesia,USDC
764,0.8220130546599039,242921.43118412507,131,S6_worst_case_no_intervention,indonesia,USDC
765,0.8218856568376404,236848.39540452193,131,S6_worst_case_no_intervention,indonesia,USDC
766,0.8039232114270699,230927.1855194089,131,S6_worst_case_no_intervention,indonesia,USDC
767,0.7865471843059116,225154.00588142365,131,S6_worst_case_no_intervention,indonesia,USDC
768,0.808627784497405,219525.15573438807,131,S6_worst_case_no_intervention,indonesia,USDC
769,0.7703249860580649,214037.02684102836,131,S6_worst_case_no_intervention,indonesia,USDC
770,0.7519928703303929,208686.10117000266,131,S6_worst_case_no_intervention,indonesia,USDC
771,0.7543915911857577,203468.9486407526,131,S6_worst_case_no_intervention,indonesia,USDC
772,0.7641596150774664,198382.2249247338,131,S6_worst_case_no_intervention,indonesia,USDC
773,0.7679182987491865,193422.66930161545,131,S6_worst_case_no_intervention,indonesia,USDC
774,0.7663304772703418,188587.10256907504,131,S6_worst_case_no_intervention,indonesia,USDC
775,0.7362100949548565,183872.42500484816,131,S6_worst_case_no_intervention,indonesia,USDC
776,0.7308808027727612,179275.61437972696,131,S6_worst_case_no_intervention,indonesia,USDC
777,0.7516050508056406,174793.72402023379,131,S6_worst_case_no_intervention,indonesia,USDC
778,0.7555429838005396,170423.88091972796,131,S6_worst_case_no_intervention,indonesia,USDC
779,0.7381964746291088,166163.28389673473,131,S6_worst_case_no_intervention,indonesia,USDC
780,0.7605628455821182,162009.2017993164,131,S6_worst_case_no_intervention,indonesia,USDC
781,0.754777679548954,157958.97175433347,131,S6_worst_case_no_intervention,indonesia,USDC
782,0.7576332830214386,154009.99746047513,131,S6_worst_case_no_intervention,indonesia,USDC
783,0.7824707167595971,150159.74752396325,131,S6_worst_case_no_intervention,indonesia,USDC
784,0.7809224883712949,146405.7538358642,131,S6_worst_case_no_intervention,indonesia,USDC
785,0.7653892984740434,142745.60998996758,131,S6_worst_case_no_intervention,indonesia,USDC
786,0.7290865860624954,139176.9697402184,131,S6_worst_case_no_intervention,indonesia,USDC
787,0.7336666204006261,135697.5454967129,131,S6_worst_case_no_intervention,indonesia,USDC
788,0.7245865148463236,132305.1068592951,131,S6_worst_case_no_intervention,indonesia,USDC
789,0.7222437582986745,128997.47918781273,131,S6_worst_case_no_intervention,indonesia,USDC
790,0.7313139179982361,125772.5422081174,131,S6_worst_case_no_intervention,indonesia,USDC
791,0.7674056457455344,122628.22865291446,131,S6_worst_case_no_intervention,indonesia,USDC
792,0.7686492192999184,119562.5229365916,131,S6_worst_case_no_intervention,indonesia,USDC
793,0.7691371124020724,116573.45986317683,131,S6_worst_case_no_intervention,indonesia,USDC
794,0.7686608519899183,113659.1233665974,131,S6_worst_case_no_intervention,indonesia,USDC
795,0.770439645974363,110817.64528243245,131,S6_worst_case_no_intervention,indonesia,USDC
796,0.7858841039370196,108047.20415037166,131,S6_worst_case_no_intervention,indonesia,USDC
797,0.796879913944332,105346.02404661237,131,S6_worst_case_no_intervention,indonesia,USDC
798,0.8076084551136753,102712.37344544705,131,S6_worst_case_no_intervention,indonesia,USDC
799,0.8127443767545233,100144.56410931089,131,S6_worst_case_no_intervention,indonesia,USDC
800,0.8147273351747167,97640.9500065781,131,S6_worst_case_no_intervention,indonesia,USDC
801,0.7923987151339605,95199.92625641366,131,S6_worst_case_no_intervention,indonesia,USDC
802,0.7962235429744169,92819.92810000331,131,S6_worst_case_no_intervention,indonesia,USDC
803,0.8185417975198926,90499.42989750323,131,S6_worst_case_no_intervention,indonesia,USDC
804,0.8046743098399446,88236.94415006565,131,S6_worst_case_no_intervention,indonesia,USDC
805,0.7175210008788494,86031.02054631402,131,S6_worst_case_no_intervention,indonesia,USDC
806,0.7351242419838673,83880.24503265615,131,S6_worst_case_no_intervention,indonesia,USDC
807,0.7477650189591372,81783.23890683975,131,S6_worst_case_no_intervention,indonesia,USDC
808,0.7543729327503201,79738.65793416876,131,S6_worst_case_no_intervention,indonesia,USDC
809,0.7706814780062429,77745.19148581455,131,S6_worst_case_no_intervention,indonesia,USDC
810,0.7411351485790337,75801.56169866917,131,S6_worst_case_no_intervention,indonesia,USDC
811,0.7671627976212783,73906.52265620245,131,S6_worst_case_no_intervention,indonesia,USDC
812,0.7628360088907784,72058.85958979739,131,S6_worst_case_no_intervention,indonesia,USDC
813,0.7488124496627112,70257.38810005246,131,S6_worst_case_no_intervention,indonesia,USDC
814,0.7372398778595343,68500.95339755114,131,S6_worst_case_no_intervention,indonesia,USDC
815,0.7236882719796932,66788.42956261238,131,S6_worst_case_no_intervention,indonesia,USDC
816,0.722625939464009,65118.71882354705,131,S6_worst_case_no_intervention,indonesia,USDC
817,0.7303745351528782,63490.75085295839,131,S6_worst_case_no_intervention,indonesia,USDC
818,0.7333752478297425,61903.48208163443,131,S6_worst_case_no_intervention,indonesia,USDC
819,0.7589146298171455,60355.895029593565,131,S6_worst_case_no_intervention,indonesia,USDC
820,0.760820993971403,58846.99765385373,131,S6_worst_case_no_intervention,indonesia,USDC
821,0.7814004109364102,57375.82271250738,131,S6_worst_case_no_intervention,indonesia,USDC
822,0.764666304030303,55941.427144694695,131,S6_worst_case_no_intervention,indonesia,USDC
823,0.7631635767974788,54542.89146607734,131,S6_worst_case_no_intervention,indonesia,USDC
824,0.7793884862732019,53179.31917942541,131,S6_worst_case_no_intervention,indonesia,USDC
825,0.7912900670866723,51849.836199939775,131,S6_worst_case_no_intervention,indonesia,USDC
826,0.7918871203518943,50553.59029494127,131,S6_worst_case_no_intervention,indonesia,USDC
827,0.7817561059493318,49289.750537567736,131,S6_worst_case_no_intervention,indonesia,USDC
828,0.7473269520247324,48057.506774128546,131,S6_worst_case_no_intervention,indonesia,USDC
829,0.7510318062581623,46856.069104775335,131,S6_worst_case_no_intervention,indonesia,USDC
830,0.7638698707431154,45684.66737715594,131,S6_worst_case_no_intervention,indonesia,USDC
831,0.7431171805325273,44542.55069272705,131,S6_worst_case_no_intervention,indonesia,USDC
832,0.728275460476275,43428.98692540887,131,S6_worst_case_no_intervention,indonesia,USDC
833,0.7270660512297764,42343.26225227365,131,S6_worst_case_no_intervention,indonesia,USDC
834,0.7445557084223551,41284.6806959668,131,S6_worst_case_no_intervention,indonesia,USDC
835,0.7323937925581535,40252.56367856764,131,S6_worst_case_no_intervention,indonesia,USDC
836,0.7246792728768529,39246.24958660345,131,S6_worst_case_no_intervention,indonesia,USDC
837,0.7252820395650605,38265.09334693836,131,S6_worst_case_no_intervention,indonesia,USDC
838,0.7311943503126839,37308.4660132649,131,S6_worst_case_no_intervention,indonesia,USDC
839,0.7422505084901153,36375.75436293328,131,S6_worst_case_no_intervention,indonesia,USDC
840,0.7534634013377579,35466.36050385995,131,S6_worst_case_no_intervention,indonesia,USDC
841,0.7446010716923789,34579.70149126345,131,S6_worst_case_no_intervention,indonesia,USDC
842,0.7538583977766006,33715.20895398186,131,S6_worst_case_no_intervention,indonesia,USDC
843,0.7755847270990733,32872.328730132314,131,S6_worst_case_no_intervention,indonesia,USDC
844,0.767861511071278,32050.520511879007,131,S6_worst_case_no_intervention,indonesia,USDC
845,0.7708508479637066,31249.257499082032,131,S6_worst_case_no_intervention,indonesia,USDC
846,0.7762670996254206,30468.02606160498,131,S6_worst_case_no_intervention,indonesia,USDC
847,0.7571090389426431,29706.325410064856,131,S6_worst_case_no_intervention,indonesia,USDC
848,0.7662295023944329,28963.667274813233,131,S6_worst_case_no_intervention,indonesia,USDC
849,0.7664862416190086,28239.575592942903,131,S6_worst_case_no_intervention,indonesia,USDC
850,0.7727138887499118,27533.586203119332,131,S6_worst_case_no_intervention,indonesia,USDC
851,0.7789429362478533,26845.246548041345,131,S6_worst_case_no_intervention,indonesia,USDC
852,0.7481344389735912,26174.115384340315,131,S6_worst_case_no_intervention,indonesia,USDC
853,0.742988864791365,25519.76249973181,131,S6_worst_case_no_intervention,indonesia,USDC
854,0.7275558763985078,24881.768437238512,131,S6_worst_case_no_intervention,indonesia,USDC
855,0.708147436001856,24259.72422630755,131,S6_worst_case_no_intervention,indonesia,USDC
856,0.7039839313064725,23653.231120649863,131,S6_worst_case_no_intervention,indonesia,USDC
857,0.7261703446477197,23061.900342633613,131,S6_worst_case_no_intervention,indonesia,USDC
858,0.738295509825972,22485.352834067773,131,S6_worst_case_no_intervention,indonesia,USDC
859,0.7166134304885851,21923.21901321608,131,S6_worst_case_no_intervention,indonesia,USDC
860,0.7191698050898051,21375.13853788568,131,S6_worst_case_no_intervention,indonesia,USDC
861,0.737190618148966,20840.760074438535,131,S6_worst_case_no_intervention,indonesia,USDC
862,0.7474124522696305,20319.74107257757,131,S6_worst_case_no_intervention,indonesia,USDC
863,0.7523313110543777,19811.74754576313,131,S6_worst_case_no_intervention,indonesia,USDC
864,0.7469284241182701,19316.453857119053,131,S6_worst_case_no_intervention,indonesia,USDC
865,0.7796112307975998,18833.542510691077,131,S6_worst_case_no_intervention,indonesia,USDC
866,0.764370648110628,18362.7039479238,131,S6_worst_case_no_intervention,indonesia,USDC
867,0.7665916352946087,17903.636349225704,131,S6_worst_case_no_intervention,indonesia,USDC
868,0.7620603215760265,17456.04544049506,131,S6_worst_case_no_intervention,indonesia,USDC
869,0.7803244700180406,17019.644304482685,131,S6_worst_case_no_intervention,indonesia,USDC
870,0.7797459054890526,16594.15319687062,131,S6_worst_case_no_intervention,indonesia,USDC
871,0.7593011166164719,16179.299366948853,131,S6_worst_case_no_intervention,indonesia,USDC
872,0.7453341996904114,15774.816882775132,131,S6_worst_case_no_intervention,indonesia,USDC
873,0.7563454156577124,15380.446460705753,131,S6_worst_case_no_intervention,indonesia,USDC
874,0.759160535635648,14995.93529918811,131,S6_worst_case_no_intervention,indonesia,USDC
875,0.7692178856619473,14621.036916708406,131,S6_worst_case_no_intervention,indonesia,USDC
876,0.7771822595770984,14255.510993790698,131,S6_worst_case_no_intervention,indonesia,USDC
877,0.8032009755877518,13899.12321894593,131,S6_worst_case_no_intervention,indonesia,USDC
878,0.8174537968569275,13551.645138472282,131,S6_worst_case_no_intervention,indonesia,USDC
879,0.8423214710052517,13212.854010010473,131,S6_worst_case_no_intervention,indonesia,USDC
880,0.8455601790319136,12882.53265976021,131,S6_worst_case_no_intervention,indonesia,USDC
881,0.8378015834320061,12560.469343266206,131,S6_worst_case_no_intervention,indonesia,USDC
882,0.8345067470635775,12246.457609684552,131,S6_worst_case_no_intervention,indonesia,USDC
883,0.820390070484285,11940.29616944244,131,S6_worst_case_no_intervention,indonesia,USDC
884,0.8159184917336619,11641.788765206376,131,S6_worst_case_no_intervention,indonesia,USDC
885,0.8053976254548518,11350.74404607622,131,S6_worst_case_no_intervention,indonesia,USDC
886,0.8050268112763505,11066.975444924314,131,S6_worst_case_no_intervention,indonesia,USDC
887,0.8302536717020881,10790.301058801204,131,S6_worst_case_no_intervention,indonesia,USDC
888,0.831746670421704,10520.543532331174,131,S6_worst_case_no_intervention,indonesia,USDC
889,0.8317812764518975,10257.529944022896,131,S6_worst_case_no_intervention,indonesia,USDC
890,0.81995831332085,10001.091695422323,131,S6_worst_case_no_intervention,indonesia,USDC
891,0.8090377033060906,9751.064403036764,131,S6_worst_case_no_intervention,indonesia,USDC
892,0.7882927308380017,9507.287792960844,131,S6_worst_case_no_intervention,indonesia,USDC
893,0.8078916690482443,9269.605598136823,131,S6_worst_case_no_intervention,indonesia,USDC
894,0.7820391404768213,9037.865458183403,131,S6_worst_case_no_intervention,indonesia,USDC
895,0.793504286690727,8811.91882172882,131,S6_worst_case_no_intervention,indonesia,USDC
896,0.7721147451208349,8591.620851185598,131,S6_worst_case_no_intervention,indonesia,USDC
897,0.7588799727733164,8376.830329905959,131,S6_worst_case_no_intervention,indonesia,USDC
898,0.7852757752320622,8167.409571658311,131,S6_worst_case_no_intervention,indonesia,USDC
899,0.7952991473541676,7963.224332366854,131,S6_worst_case_no_intervention,indonesia,USDC
900,0.7903272999774177,7764.1437240576815,131,S6_worst_case_no_intervention,indonesia,USDC
901,0.7593061199472216,7570.040130956239,131,S6_worst_case_no_intervention,indonesia,USDC
902,0.7573959213000074,7380.789127682333,131,S6_worst_case_no_intervention,indonesia,USDC
903,0.759083860349064,7196.269399490275,131,S6_worst_case_no_intervention,indonesia,USDC
904,0.7806749290012167,7016.362664503018,131,S6_worst_case_no_intervention,indonesia,USDC
905,0.78956082246737,6840.953597890442,131,S6_worst_case_no_intervention,indonesia,USDC
906,0.7999829983267648,6669.929757943182,131,S6_worst_case_no_intervention,indonesia,USDC
907,0.802051167173723,6503.181513994602,131,S6_worst_case_no_intervention,indonesia,USDC
908,0.802628497989674,6340.601976144737,131,S6_worst_case_no_intervention,indonesia,USDC
909,0.815600174370198,6182.086926741118,131,S6_worst_case_no_intervention,indonesia,USDC
910,0.8003106837367607,6027.5347535725905,131,S6_worst_case_no_intervention,indonesia,USDC
911,0.7784016668595677,5876.846384733275,131,S6_worst_case_no_intervention,indonesia,USDC
912,0.7671253202346106,5729.925225114943,131,S6_worst_case_no_intervention,indonesia,USDC
913,0.7550069419199577,5586.67709448707,131,S6_worst_case_no_intervention,indonesia,USDC
914,0.7647359150366226,5447.010167124893,131,S6_worst_case_no_intervention,indonesia,USDC
915,0.7710112773275651,5310.834912946771,131,S6_worst_case_no_intervention,indonesia,USDC
916,0.7694220740288337,5178.064040123101,131,S6_worst_case_no_intervention,indonesia,USDC
917,0.7490184207193386,5048.612439120023,131,S6_worst_case_no_intervention,indonesia,USDC
918,0.7699013625154292,4922.397128142023,131,S6_worst_case_no_intervention,indonesia,USDC
919,0.7680490762751314,4799.337199938473,131,S6_worst_case_no_intervention,indonesia,USDC
920,0.7418943370092819,4679.353769940011,131,S6_worst_case_no_intervention,indonesia,USDC
921,0.7289473566416521,4562.369925691511,131,S6_worst_case_no_intervention,indonesia,USDC
922,0.7126465285134759,4448.310677549222,131,S6_worst_case_no_intervention,indonesia,USDC
923,0.7180898728420906,4337.1029106104925,131,S6_worst_case_no_intervention,indonesia,USDC
924,0.7252681731502548,4228.67533784523,131,S6_worst_case_no_intervention,indonesia,USDC
925,0.7379781806344428,4122.958454399099,131,S6_worst_case_no_intervention,indonesia,USDC
926,0.7334174017329267,4019.8844930391215,131,S6_worst_case_no_intervention,indonesia,USDC
927,0.7396939053895795,3919.3873807131436,131,S6_worst_case_no_intervention,indonesia,USDC
928,0.7497266457008644,3821.402696195315,131,S6_worst_case_no_intervention,indonesia,USDC
929,0.7659789539344877,3725.867628790432,131,S6_worst_case_no_intervention,indonesia,USDC
930,0.7491235514434237,3632.7209380706718,131,S6_worst_case_no_intervention,indonesia,USDC
931,0.7729374705689644,3541.902914618905,131,S6_worst_case_no_intervention,indonesia,USDC
932,0.7630119539693508,3453.355341753432,131,S6_worst_case_no_intervention,indonesia,USDC
933,0.7744288609292636,3367.0214582095964,131,S6_worst_case_no_intervention,indonesia,USDC
934,0.7635497938100857,3282.845921754357,131,S6_worst_case_no_intervention,indonesia,USDC
935,0.7605005473852047,3200.774773710498,131,S6_worst_case_no_intervention,indonesia,USDC
936,0.7533529599929888,3120.755404367735,131,S6_worst_case_no_intervention,indonesia,USDC
937,0.7599720412203673,3042.736519258542,131,S6_worst_case_no_intervention,indonesia,USDC
938,0.7602782882625884,2966.668106277078,131,S6_worst_case_no_intervention,indonesia,USDC
939,0.780660252645942,2892.501403620151,131,S6_worst_case_no_intervention,indonesia,USDC
940,0.7824685841643909,2820.188868529647,131,S6_worst_case_no_intervention,indonesia,USDC
941,0.7643559794041184,2749.6841468164066,131,S6_worst_case_no_intervention,indonesia,USDC
942,0.7769189441611742,2680.942043145996,131,S6_worst_case_no_intervention,indonesia,USDC
943,0.7645742631714068,2613.918492067346,131,S6_worst_case_no_intervention,indonesia,USDC
944,0.8059112321335088,2548.5705297656623,131,S6_worst_case_no_intervention,indonesia,USDC
945,0.7702071464325766,2484.856266521521,131,S6_worst_case_no_intervention,indonesia,USDC
946,0.7687647969030026,2422.7348598584827,131,S6_worst_case_no_intervention,indonesia,USDC
947,0.7867007712773766,2362.1664883620206,131,S6_worst_case_no_intervention,indonesia,USDC
948,0.7763483856331653,2303.11232615297,131,S6_worst_case_no_intervention,indonesia,USDC
949,0.7741016117958582,2245.534517999146,131,S6_worst_case_no_intervention,indonesia,USDC
950,0.7875222483091536,2189.3961550491676,131,S6_worst_case_no_intervention,indonesia,USDC
951,0.7847896780162409,2134.661251172938,131,S6_worst_case_no_intervention,indonesia,USDC
952,0.7817889956474057,2081.2947198936145,131,S6_worst_case_no_intervention,indonesia,USDC
953,0.7746757463674582,2029.2623518962744,131,S6_worst_case_no_intervention,indonesia,USDC
954,0.7824988013740669,1978.5307930988674,131,S6_worst_case_no_intervention,indonesia,USDC
955,0.7693580522393523,1929.0675232713957,131,S6_worst_case_no_intervention,indonesia,USDC
956,0.7831741672626217,1880.8408351896107,131,S6_worst_case_no_intervention,indonesia,USDC
957,0.6531705188566589,1833.8198143098707,131,S6_worst_case_no_intervention,indonesia,USDC
958,0.6519749036974387,1787.9743189521237,131,S6_worst_case_no_intervention,indonesia,USDC
959,0.6449207470111988,1743.2749609783205,131,S6_worst_case_no_intervention,indonesia,USDC
960,0.6803828339329885,1699.6930869538623,131,S6_worst_case_no_intervention,indonesia,USDC
961,0.7074603219834235,1657.200759780016,131,S6_worst_case_no_intervention,indonesia,USDC
962,0.7070083723116689,1615.7707407855155,131,S6_worst_case_no_intervention,indonesia,USDC
963,0.7034310542292241,1575.3764722658775,131,S6_worst_case_no_intervention,indonesia,USDC
964,0.6872162985653858,1535.9920604592307,131,S6_worst_case_no_intervention,indonesia,USDC
965,0.700852335432499,1497.5922589477498,131,S6_worst_case_no_intervention,indonesia,USDC
966,0.7133515831281669,1460.1524524740562,131,S6_worst_case_no_intervention,indonesia,USDC
967,0.7185207377896968,1423.6486411622047,131,S6_worst_case_no_intervention,indonesia,USDC
968,0.7249463920562034,1388.0574251331495,131,S6_worst_case_no_intervention,indonesia,USDC
969,0.7078034117612853,1353.3559895048209,131,S6_worst_case_no_intervention,indonesia,USDC
970,0.7363408249580266,1319.5220897672002,131,S6_worst_case_no_intervention,indonesia,USDC
971,0.7361455367858767,1286.5340375230203,131,S6_worst_case_no_intervention,indonesia,USDC
972,0.7625138701577314,1254.3706865849447,131,S6_worst_case_no_intervention,indonesia,USDC
973,0.7592178077376048,1223.011419420321,131,S6_worst_case_no_intervention,indonesia,USDC
974,0.7580340271377422,1192.436133934813,131,S6_worst_case_no_intervention,indonesia,USDC
975,0.7539037544211078,1162.6252305864427,131,S6_worst_case_no_intervention,indonesia,USDC
976,0.7572106626234568,1133.5595998217816,131,S6_worst_case_no_intervention,indonesia,USDC
977,0.7746577507369153,1105.2206098262373,131,S6_worst_case_no_intervention,indonesia,USDC
978,0.7814382032699018,1077.590094580581,131,S6_worst_case_no_intervention,indonesia,USDC
979,0.7825798385714215,1050.6503422160665,131,S6_worst_case_no_intervention,indonesia,USDC
980,0.7894214494290033,1024.384083660665,131,S6_worst_case_no_intervention,indonesia,USDC
981,0.7654447679971734,998.7744815691483,131,S6_worst_case_no_intervention,indonesia,USDC
982,0.7793286562450022,973.8051195299196,131,S6_worst_case_no_intervention,indonesia,USDC
983,0.764850244887748,949.4599915416717,131,S6_worst_case_no_intervention,indonesia,USDC
984,0.7618324324607901,925.7234917531298,131,S6_worst_case_no_intervention,indonesia,USDC
985,0.7718193425274733,902.5804044593016,131,S6_worst_case_no_intervention,indonesia,USDC
986,0.7757081984477824,880.0158943478191,131,S6_worst_case_no_intervention,indonesia,USDC
987,0.7585255235771694,858.0154969891237,131,S6_worst_case_no_intervention,indonesia,USDC
988,0.7469629198858696,836.5651095643956,131,S6_worst_case_no_intervention,indonesia,USDC
989,0.7593337057835141,815.6509818252857,131,S6_worst_case_no_intervention,indonesia,USDC
990,0.7493432857409815,795.2597072796536,131,S6_worst_case_no_intervention,indonesia,USDC
991,0.7560678948525631,775.3782145976622,131,S6_worst_case_no_intervention,indonesia,USDC
992,0.7654441971967471,755.9937592327207,131,S6_worst_case_no_intervention,indonesia,USDC
993,0.7680223240769781,737.0939152519027,131,S6_worst_case_no_intervention,indonesia,USDC
994,0.76697003804241,718.666567370605,131,S6_worst_case_no_intervention,indonesia,USDC
995,0.7819312079668739,700.69990318634,131,S6_worst_case_no_intervention,indonesia,USDC
996,0.7898278473285547,683.1824056066814,131,S6_worst_case_no_intervention,indonesia,USDC
997,0.7652270247196539,666.1028454665144,131,S6_worst_case_no_intervention,indonesia,USDC
998,0.7495847182056973,649.4502743298515,131,S6_worst_case_no_intervention,indonesia,USDC
999,0.7623118010596688,633.2140174716053,131,S6_worst_case_no_intervention,indonesia,USDC
1000,0.7442380599972389,617.3836670348151,131,S6_worst_case_no_intervention,indonesia,USDC
