Step,price,liquidity,iteration,scenario,region,coin
1,1.019037728437718,2989410534810.294,350,S6_worst_case_no_intervention,indonesia,USDC
2,1.0230582065049512,2989410534810.294,350,S6_worst_case_no_intervention,indonesia,USDC
3,1.0280463386024818,2989410534810.294,350,S6_worst_case_no_intervention,indonesia,USDC
4,1.0102631520987058,2989410534810.294,350,S6_worst_case_no_intervention,indonesia,USDC
5,1.0188049261996694,2989410534810.294,350,S6_worst_case_no_intervention,indonesia,USDC
6,0.9783002539673646,2989410534810.294,350,S6_worst_case_no_intervention,indonesia,USDC
7,0.995029965980566,2989410534810.294,350,S6_worst_case_no_intervention,indonesia,USDC
8,0.9926555749093852,2989410534810.294,350,S6_worst_case_no_intervention,indonesia,USDC
9,0.9718670030946948,2989410534810.294,350,S6_worst_case_no_intervention,indonesia,USDC
10,0.9487794162677194,2989410534810.294,350,S6_worst_case_no_intervention,indonesia,USDC
11,0.9534391402568438,2988137524927.678,350,S6_worst_case_no_intervention,indonesia,USDC
12,0.9571759423036063,2987171015284.384,350,S6_worst_case_no_intervention,indonesia,USDC
13,0.9444926067654361,2986429684510.1797,350,S6_worst_case_no_intervention,indonesia,USDC
14,0.9536528670431313,2984930292888.2256,350,S6_worst_case_no_intervention,indonesia,USDC
15,0.9674054001623871,2984031166457.8135,350,S6_worst_case_no_intervention,indonesia,USDC
16,0.9727219270435076,2983902304169.132,350,S6_worst_case_no_intervention,indonesia,USDC
17,0.9587863606444972,2983902304169.132,350,S6_worst_case_no_intervention,indonesia,USDC
18,0.9851941369200142,2983305509500.8296,350,S6_worst_case_no_intervention,indonesia,USDC
19,0.9770135794356224,2983305509500.8296,350,S6_worst_case_no_intervention,indonesia,USDC
20,0.9480459197114347,2983305509500.8296,350,S6_worst_case_no_intervention,indonesia,USDC
21,0.9559206115449964,2982099768692.879,350,S6_worst_case_no_intervention,indonesia,USDC
22,0.9272813264583368,2981370896091.6616,350,S6_worst_case_no_intervention,indonesia,USDC
23,0.9269672649198981,2979142266227.2437,350,S6_worst_case_no_intervention,indonesia,USDC
24,0.9421088614201178,2976975642216.03,350,S6_worst_case_no_intervention,indonesia,USDC
25,0.9441286530013139,2975639102161.3823,350,S6_worst_case_no_intervention,indonesia,USDC
26,0.9765221339290306,2974436181328.8867,350,S6_worst_case_no_intervention,indonesia,USDC
27,0.9604159009439162,2974436181328.8867,350,S6_worst_case_no_intervention,indonesia,USDC
28,0.9151801661238225,2974001979638.976,350,S6_worst_case_no_intervention,indonesia,USDC
29,0.9284307610292658,2971481881084.5356,350,S6_worst_case_no_intervention,indonesia,USDC
30,0.9330028203879888,2969698098511.579,350,S6_worst_case_no_intervention,indonesia,USDC
31,0.9610623237130058,2968161473531.799,350,S6_worst_case_no_intervention,indonesia,USDC
32,0.968654722145321,2967804418535.8096,350,S6_worst_case_no_intervention,indonesia,USDC
33,0.957717124599327,2967751170657.9424,350,S6_worst_case_no_intervention,indonesia,USDC
34,0.9715717204233105,2967288548082.405,350,S6_worst_case_no_intervention,indonesia,USDC
35,0.9820741646042317,2967288548082.405,350,S6_worst_case_no_intervention,indonesia,USDC
36,0.9708589510365693,2967288548082.405,350,S6_worst_case_no_intervention,indonesia,USDC
37,0.9731002334005133,2967288548082.405,350,S6_worst_case_no_intervention,indonesia,USDC
38,0.9625267235169834,2967288548082.405,350,S6_worst_case_no_intervention,indonesia,USDC
39,0.9852764147055431,2967027377842.595,350,S6_worst_case_no_intervention,indonesia,USDC
40,1.002886003052929,2967027377842.595,350,S6_worst_case_no_intervention,indonesia,USDC
41,1.0051234888235834,2967027377842.595,350,S6_worst_case_no_intervention,indonesia,USDC
42,1.0221270849359179,2967027377842.595,350,S6_worst_case_no_intervention,indonesia,USDC
43,1.0523789180411158,2967027377842.595,350,S6_worst_case_no_intervention,indonesia,USDC
44,1.0453889293959073,2967027377842.595,350,S6_worst_case_no_intervention,indonesia,USDC
45,1.0516198368225766,2967027377842.595,350,S6_worst_case_no_intervention,indonesia,USDC
46,1.053080507249581,2967027377842.595,350,S6_worst_case_no_intervention,indonesia,USDC
47,1.0553278607953323,2967027377842.595,350,S6_worst_case_no_intervention,indonesia,USDC
48,1.0784383005882285,2967027377842.595,350,S6_worst_case_no_intervention,indonesia,USDC
49,1.09265621545521,2967027377842.595,350,S6_worst_case_no_intervention,indonesia,USDC
50,1.1004284628512069,2967027377842.595,350,S6_worst_case_no_intervention,indonesia,USDC
51,1.0277553092223803,2967027377842.595,350,S6_worst_case_no_intervention,indonesia,USDC
52,1.024846627627494,2967027377842.595,350,S6_worst_case_no_intervention,indonesia,USDC
53,1.0010774741646873,2967027377842.595,350,S6_worst_case_no_intervention,indonesia,USDC
54,1.025823459821305,2967027377842.595,350,S6_worst_case_no_intervention,indonesia,USDC
55,0.9962494771843912,2967027377842.595,350,S6_worst_case_no_intervention,indonesia,USDC
56,1.0074880032434286,2967027377842.595,350,S6_worst_case_no_intervention,indonesia,USDC
57,0.9851937855281689,2967027377842.595,350,S6_worst_case_no_intervention,indonesia,USDC
58,0.9757581101575581,2967027377842.595,350,S6_worst_case_no_intervention,indonesia,USDC
59,0.9795959159849064,2967027377842.595,350,S6_worst_case_no_intervention,indonesia,USDC
60,0.9704047784158915,2967027377842.595,350,S6_worst_case_no_intervention,indonesia,USDC
61,0.9789837872001174,2967027377842.595,350,S6_worst_case_no_intervention,indonesia,USDC
62,0.9820517637063297,2967027377842.595,350,S6_worst_case_no_intervention,indonesia,USDC
63,0.9674376898961711,2967027377842.595,350,S6_worst_case_no_intervention,indonesia,USDC
64,0.9659727808072704,2966962965639.122,350,S6_worst_case_no_intervention,indonesia,USDC
65,0.9704776729270606,2966831786633.4,350,S6_worst_case_no_intervention,indonesia,USDC
66,0.9537393656166494,2966831786633.4,350,S6_worst_case_no_intervention,indonesia,USDC
67,0.94916641792674,2966238520488.1753,350,S6_worst_case_no_intervention,indonesia,USDC
68,0.962940649204279,2965485129560.3926,350,S6_worst_case_no_intervention,indonesia,USDC
69,0.9682063060116819,2965236413719.8496,350,S6_worst_case_no_intervention,indonesia,USDC
70,0.9687832366666664,2965170165613.0186,350,S6_worst_case_no_intervention,indonesia,USDC
71,0.9835452356192463,2965149161611.621,350,S6_worst_case_no_intervention,indonesia,USDC
72,0.987957680740211,2965149161611.621,350,S6_worst_case_no_intervention,indonesia,USDC
73,1.02374219866965,2965149161611.621,350,S6_worst_case_no_intervention,indonesia,USDC
74,0.9981769707593049,2965149161611.621,350,S6_worst_case_no_intervention,indonesia,USDC
75,0.9755807662390349,2965149161611.621,350,S6_worst_case_no_intervention,indonesia,USDC
76,0.9551100190269496,2965149161611.621,350,S6_worst_case_no_intervention,indonesia,USDC
77,0.9748953697289146,2964600555969.276,350,S6_worst_case_no_intervention,indonesia,USDC
78,1.0082364969757265,2964600555969.276,350,S6_worst_case_no_intervention,indonesia,USDC
79,1.0285069036923304,2964600555969.276,350,S6_worst_case_no_intervention,indonesia,USDC
80,0.9962693360630119,2964600555969.276,350,S6_worst_case_no_intervention,indonesia,USDC
81,0.9840567853864276,2964600555969.276,350,S6_worst_case_no_intervention,indonesia,USDC
82,0.9916128350245977,2964600555969.276,350,S6_worst_case_no_intervention,indonesia,USDC
83,0.9868951981258509,2964600555969.276,350,S6_worst_case_no_intervention,indonesia,USDC
84,1.0007155687640343,2964600555969.276,350,S6_worst_case_no_intervention,indonesia,USDC
85,1.0239047508690544,2964600555969.276,350,S6_worst_case_no_intervention,indonesia,USDC
86,1.0220809346997768,2964600555969.276,350,S6_worst_case_no_intervention,indonesia,USDC
87,1.0425513225702732,2964600555969.276,350,S6_worst_case_no_intervention,indonesia,USDC
88,1.0087404113697385,2964600555969.276,350,S6_worst_case_no_intervention,indonesia,USDC
89,0.9934034887963377,2964600555969.276,350,S6_worst_case_no_intervention,indonesia,USDC
90,0.994770895697691,2964600555969.276,350,S6_worst_case_no_intervention,indonesia,USDC
91,1.0081769241761391,2964600555969.276,350,S6_worst_case_no_intervention,indonesia,USDC
92,1.0047861381672067,2964600555969.276,350,S6_worst_case_no_intervention,indonesia,USDC
93,1.018136082778881,2964600555969.276,350,S6_worst_case_no_intervention,indonesia,USDC
94,0.9860349651575936,2964600555969.276,350,S6_worst_case_no_intervention,indonesia,USDC
95,0.9826677486495793,2964600555969.276,350,S6_worst_case_no_intervention,indonesia,USDC
96,0.9780835837975485,2964600555969.276,350,S6_worst_case_no_intervention,indonesia,USDC
97,0.9753803096672059,2964600555969.276,350,S6_worst_case_no_intervention,indonesia,USDC
98,0.9593880272224296,2964600555969.276,350,S6_worst_case_no_intervention,indonesia,USDC
99,0.9912006604526149,2964215570869.708,350,S6_worst_case_no_intervention,indonesia,USDC
100,1.0018851298828968,2964215570869.708,350,S6_worst_case_no_intervention,indonesia,USDC
101,0.8355581171589347,2964215570869.708,350,S6_worst_case_no_intervention,indonesia,USDC
102,0.8449940590438274,2959523845467.6484,350,S6_worst_case_no_intervention,indonesia,USDC
103,0.8494422214889477,2955643079762.465,350,S6_worst_case_no_intervention,indonesia,USDC
104,0.881195250873295,2952488799145.632,350,S6_worst_case_no_intervention,indonesia,USDC
105,0.8943445179932007,2950375954326.478,350,S6_worst_case_no_intervention,indonesia,USDC
106,0.9051904069320929,2948808650101.8623,350,S6_worst_case_no_intervention,indonesia,USDC
107,0.9168235843052889,2947512584165.4385,350,S6_worst_case_no_intervention,indonesia,USDC
108,0.9313793618781753,2946571182002.496,350,S6_worst_case_no_intervention,indonesia,USDC
109,0.8147400676220161,2945887929275.541,350,S6_worst_case_no_intervention,indonesia,USDC
110,0.8291986815717493,2943250528089.5205,350,S6_worst_case_no_intervention,indonesia,USDC
111,0.8689910987896531,2941282364238.7754,350,S6_worst_case_no_intervention,indonesia,USDC
112,0.8767595528355546,2940073140054.5776,350,S6_worst_case_no_intervention,indonesia,USDC
113,0.8797652580815964,2939048205950.5415,350,S6_worst_case_no_intervention,indonesia,USDC
114,0.8819251872632006,2938171890984.8584,350,S6_worst_case_no_intervention,indonesia,USDC
115,0.879645432812025,2937376370567.956,350,S6_worst_case_no_intervention,indonesia,USDC
116,0.8905261775664766,2936683779427.3076,350,S6_worst_case_no_intervention,indonesia,USDC
117,0.9249555517714612,2936128912358.522,350,S6_worst_case_no_intervention,indonesia,USDC
118,0.922399594794961,2935834359967.205,350,S6_worst_case_no_intervention,indonesia,USDC
119,0.9481633737100341,2935536385419.899,350,S6_worst_case_no_intervention,indonesia,USDC
120,0.9874132553198025,2935403904792.0176,350,S6_worst_case_no_intervention,indonesia,USDC
121,0.9692549835986669,2862018807172.2173,350,S6_worst_case_no_intervention,indonesia,USDC
122,0.9042658279982682,2790466868922.7407,350,S6_worst_case_no_intervention,indonesia,USDC
123,0.8658308006247132,2720338125854.29,350,S6_worst_case_no_intervention,indonesia,USDC
124,0.835814237322772,2651766661290.5103,350,S6_worst_case_no_intervention,indonesia,USDC
125,0.8231332447686656,2584820935774.789,350,S6_worst_case_no_intervention,indonesia,USDC
126,0.8124574349043567,2519568319590.1562,350,S6_worst_case_no_intervention,indonesia,USDC
127,0.8512368047963181,2456001615543.67,350,S6_worst_case_no_intervention,indonesia,USDC
128,0.8436178766895588,2394243533641.0303,350,S6_worst_case_no_intervention,indonesia,USDC
129,0.8156759723645673,2334036598681.6084,350,S6_worst_case_no_intervention,indonesia,USDC
130,0.7949145574643476,2275313086815.2207,350,S6_worst_case_no_intervention,indonesia,USDC
131,0.7957036937450939,2218074790703.706,350,S6_worst_case_no_intervention,indonesia,USDC
132,0.8144521913124766,2162332927263.6084,350,S6_worst_case_no_intervention,indonesia,USDC
133,0.8112989962185729,2108066559812.2551,350,S6_worst_case_no_intervention,indonesia,USDC
134,0.8121653655974607,2055193186857.2507,350,S6_worst_case_no_intervention,indonesia,USDC
135,0.7955808431451105,2003668872322.7842,350,S6_worst_case_no_intervention,indonesia,USDC
136,0.77927011190041,1953436213667.4556,350,S6_worst_case_no_intervention,indonesia,USDC
137,0.798076771305167,1904478280860.792,350,S6_worst_case_no_intervention,indonesia,USDC
138,0.7971184660049934,1856771201194.9067,350,S6_worst_case_no_intervention,indonesia,USDC
139,0.8459556859078418,1810273221859.4946,350,S6_worst_case_no_intervention,indonesia,USDC
140,0.8595424289272333,1764971897566.4595,350,S6_worst_case_no_intervention,indonesia,USDC
141,0.8510783653124792,1720813651014.0898,350,S6_worst_case_no_intervention,indonesia,USDC
142,0.841462334160799,1677760623013.9827,350,S6_worst_case_no_intervention,indonesia,USDC
143,0.842297260444936,1635783912675.165,350,S6_worst_case_no_intervention,indonesia,USDC
144,0.8057176638747546,1594861663207.7427,350,S6_worst_case_no_intervention,indonesia,USDC
145,0.8086411150504448,1554957707355.8433,350,S6_worst_case_no_intervention,indonesia,USDC
146,0.8048479303488941,1516057319315.0256,350,S6_worst_case_no_intervention,indonesia,USDC
147,0.7826929124541125,1478134655051.9243,350,S6_worst_case_no_intervention,indonesia,USDC
148,0.7999315321337368,1441160616911.6582,350,S6_worst_case_no_intervention,indonesia,USDC
149,0.7869449544558609,1405116646727.7114,350,S6_worst_case_no_intervention,indonesia,USDC
150,0.7984923814038032,1369974450070.0256,350,S6_worst_case_no_intervention,indonesia,USDC
151,0.8003967543778386,1335714446895.3728,350,S6_worst_case_no_intervention,indonesia,USDC
152,0.8204050688291578,1302312882370.7563,350,S6_worst_case_no_intervention,indonesia,USDC
153,0.8541150915263201,1269748575930.8052,350,S6_worst_case_no_intervention,indonesia,USDC
154,0.8472428965869816,1238000790485.0586,350,S6_worst_case_no_intervention,indonesia,USDC
155,0.8500206402070414,1207046868442.9067,350,S6_worst_case_no_intervention,indonesia,USDC
156,0.8300181102966634,1176867497631.3955,350,S6_worst_case_no_intervention,indonesia,USDC
157,0.8413291120696224,1147442360755.5493,350,S6_worst_case_no_intervention,indonesia,USDC
158,0.8270236813594688,1118753695350.0173,350,S6_worst_case_no_intervention,indonesia,USDC
159,0.8321216399160045,1090782259314.4371,350,S6_worst_case_no_intervention,indonesia,USDC
160,0.8344889282971097,1063510556573.4165,350,S6_worst_case_no_intervention,indonesia,USDC
161,0.8364505985259381,1036921009613.1599,350,S6_worst_case_no_intervention,indonesia,USDC
162,0.8139984248762601,1010996391151.298,350,S6_worst_case_no_intervention,indonesia,USDC
163,0.8026364839416305,985719936157.5197,350,S6_worst_case_no_intervention,indonesia,USDC
164,0.8122986301620243,961075441515.3296,350,S6_worst_case_no_intervention,indonesia,USDC
165,0.8287583248356427,937047458302.1732,350,S6_worst_case_no_intervention,indonesia,USDC
166,0.8420810557216122,913620440417.4979,350,S6_worst_case_no_intervention,indonesia,USDC
167,0.842613907359008,890779265939.5984,350,S6_worst_case_no_intervention,indonesia,USDC
168,0.8440818252016176,868509219538.4694,350,S6_worst_case_no_intervention,indonesia,USDC
169,0.8626641002202109,846795988911.5499,350,S6_worst_case_no_intervention,indonesia,USDC
170,0.8572649228138576,825625724739.7158,350,S6_worst_case_no_intervention,indonesia,USDC
171,0.8343395170145345,804984722741.0491,350,S6_worst_case_no_intervention,indonesia,USDC
172,0.8547118212964752,784859721756.0784,350,S6_worst_case_no_intervention,indonesia,USDC
173,0.8234716204265928,765237960055.5105,350,S6_worst_case_no_intervention,indonesia,USDC
174,0.8254420986587565,746106687219.2654,350,S6_worst_case_no_intervention,indonesia,USDC
175,0.8231249425017672,727453754202.5298,350,S6_worst_case_no_intervention,indonesia,USDC
176,0.8286342228531187,709267179812.0695,350,S6_worst_case_no_intervention,indonesia,USDC
177,0.8202478775662937,691535307426.6993,350,S6_worst_case_no_intervention,indonesia,USDC
178,0.8177518120817528,674246757201.3046,350,S6_worst_case_no_intervention,indonesia,USDC
179,0.8062566026790983,657390446152.0597,350,S6_worst_case_no_intervention,indonesia,USDC
180,0.8216311169182492,640955549203.6942,350,S6_worst_case_no_intervention,indonesia,USDC
181,0.821651232195909,624931559909.1255,350,S6_worst_case_no_intervention,indonesia,USDC
182,0.8458213708491226,609308181499.4999,350,S6_worst_case_no_intervention,indonesia,USDC
183,0.8595133046452947,594075414866.3864,350,S6_worst_case_no_intervention,indonesia,USDC
184,0.8712351083727585,579223482282.3912,350,S6_worst_case_no_intervention,indonesia,USDC
185,0.8614465885845692,564742858493.333,350,S6_worst_case_no_intervention,indonesia,USDC
186,0.8942341563627673,550624247953.9155,350,S6_worst_case_no_intervention,indonesia,USDC
187,0.9032378493222329,536858618659.5376,350,S6_worst_case_no_intervention,indonesia,USDC
188,0.899337722822189,523437134376.2943,350,S6_worst_case_no_intervention,indonesia,USDC
189,0.913175097008736,510351186928.9751,350,S6_worst_case_no_intervention,indonesia,USDC
190,0.908901102370253,497592393777.5383,350,S6_worst_case_no_intervention,indonesia,USDC
191,0.8965294922625832,485152569839.3246,350,S6_worst_case_no_intervention,indonesia,USDC
192,0.867769976273075,473023739995.4673,350,S6_worst_case_no_intervention,indonesia,USDC
193,0.8564704951561264,461198125245.15436,350,S6_worst_case_no_intervention,indonesia,USDC
194,0.8427879013038392,449668151411.06726,350,S6_worst_case_no_intervention,indonesia,USDC
195,0.8548575321334375,438426427010.2554,350,S6_worst_case_no_intervention,indonesia,USDC
196,0.8385353654137464,427465749317.08716,350,S6_worst_case_no_intervention,indonesia,USDC
197,0.8410307387539757,416779089511.8741,350,S6_worst_case_no_intervention,indonesia,USDC
198,0.8512252935441836,406359598203.8486,350,S6_worst_case_no_intervention,indonesia,USDC
199,0.8435833059891781,396200596710.36884,350,S6_worst_case_no_intervention,indonesia,USDC
200,0.8334396381471292,386295570991.9442,350,S6_worst_case_no_intervention,indonesia,USDC
201,0.8091471034935841,376638171743.99347,350,S6_worst_case_no_intervention,indonesia,USDC
202,0.8267810607014751,367222207060.36633,350,S6_worst_case_no_intervention,indonesia,USDC
203,0.8142882147125882,358041644140.6428,350,S6_worst_case_no_intervention,indonesia,USDC
204,0.7829747294990247,349090595691.55804,350,S6_worst_case_no_intervention,indonesia,USDC
205,0.7695800548462046,340363323822.5347,350,S6_worst_case_no_intervention,indonesia,USDC
206,0.765230243003156,331854234604.96924,350,S6_worst_case_no_intervention,indonesia,USDC
207,0.7740604004558055,323557873702.20544,350,S6_worst_case_no_intervention,indonesia,USDC
208,0.7877806396409519,315468922922.47644,350,S6_worst_case_no_intervention,indonesia,USDC
209,0.7857910958708569,307582196900.6404,350,S6_worst_case_no_intervention,indonesia,USDC
210,0.7661413698369741,299892639435.0886,350,S6_worst_case_no_intervention,indonesia,USDC
211,0.7694258271839927,292395321212.8353,350,S6_worst_case_no_intervention,indonesia,USDC
212,0.7766977405055346,285085436468.94946,350,S6_worst_case_no_intervention,indonesia,USDC
213,0.7498073604660399,277958299236.44366,350,S6_worst_case_no_intervention,indonesia,USDC
214,0.724559044999003,271009340514.10883,350,S6_worst_case_no_intervention,indonesia,USDC
215,0.7513168879221923,264234105904.15143,350,S6_worst_case_no_intervention,indonesia,USDC
216,0.7445869816422707,257628252539.53497,350,S6_worst_case_no_intervention,indonesia,USDC
217,0.7359080547509277,251187545651.1736,350,S6_worst_case_no_intervention,indonesia,USDC
218,0.7417228637235701,244907856540.05853,350,S6_worst_case_no_intervention,indonesia,USDC
219,0.7453198755062491,238785159791.89316,350,S6_worst_case_no_intervention,indonesia,USDC
220,0.7549503292544659,232815530547.49213,350,S6_worst_case_no_intervention,indonesia,USDC
221,0.7577125558560812,226995142097.16003,350,S6_worst_case_no_intervention,indonesia,USDC
222,0.770412057874221,221320263390.19965,350,S6_worst_case_no_intervention,indonesia,USDC
223,0.7702566638481175,215787256696.3909,350,S6_worst_case_no_intervention,indonesia,USDC
224,0.7888499323878173,210392575187.8587,350,S6_worst_case_no_intervention,indonesia,USDC
225,0.7916225495433018,205132760742.53943,350,S6_worst_case_no_intervention,indonesia,USDC
226,0.7933471569663748,200004441671.42517,350,S6_worst_case_no_intervention,indonesia,USDC
227,0.791912017158951,195004330588.0188,350,S6_worst_case_no_intervention,indonesia,USDC
228,0.8029070504298834,190129222289.4869,350,S6_worst_case_no_intervention,indonesia,USDC
229,0.7935739561253631,185375991706.16785,350,S6_worst_case_no_intervention,indonesia,USDC
230,0.792114308164024,180741591890.96426,350,S6_worst_case_no_intervention,indonesia,USDC
231,0.7935911002578282,176223052073.67676,350,S6_worst_case_no_intervention,indonesia,USDC
232,0.7991879242396203,171817475756.2773,350,S6_worst_case_no_intervention,indonesia,USDC
233,0.7957894091635351,167522038849.915,350,S6_worst_case_no_intervention,indonesia,USDC
234,0.77805858737897,163333987867.91406,350,S6_worst_case_no_intervention,indonesia,USDC
235,0.7576251862314884,159250638161.43207,350,S6_worst_case_no_intervention,indonesia,USDC
236,0.7552601367737114,155269372198.84576,350,S6_worst_case_no_intervention,indonesia,USDC
237,0.7630951208879418,151387637886.9246,350,S6_worst_case_no_intervention,indonesia,USDC
238,0.76719815750243,147602946934.5007,350,S6_worst_case_no_intervention,indonesia,USDC
239,0.763025245723693,143912873256.99493,350,S6_worst_case_no_intervention,indonesia,USDC
240,0.7721391454580155,140315051422.29144,350,S6_worst_case_no_intervention,indonesia,USDC
241,0.7751230749902901,136807175134.35136,350,S6_worst_case_no_intervention,indonesia,USDC
242,0.7812303814860346,133386995754.05676,350,S6_worst_case_no_intervention,indonesia,USDC
243,0.7795233302059387,130052320858.63353,350,S6_worst_case_no_intervention,indonesia,USDC
244,0.79407758998629,126801012835.94077,350,S6_worst_case_no_intervention,indonesia,USDC
245,0.8044148096869479,123630987514.14105,350,S6_worst_case_no_intervention,indonesia,USDC
246,0.8017947694777665,120540212825.56924,350,S6_worst_case_no_intervention,indonesia,USDC
247,0.7675371188161543,117526707504.33298,350,S6_worst_case_no_intervention,indonesia,USDC
248,0.7479365959619354,114588539816.09814,350,S6_worst_case_no_intervention,indonesia,USDC
249,0.7368393103838107,111723826320.15909,350,S6_worst_case_no_intervention,indonesia,USDC
250,0.751412125804857,108930730661.72458,350,S6_worst_case_no_intervention,indonesia,USDC
251,0.7714615809817259,106207462394.8695,350,S6_worst_case_no_intervention,indonesia,USDC
252,0.7917157121378176,103552275834.7748,350,S6_worst_case_no_intervention,indonesia,USDC
253,0.8052129030565424,100963468938.74059,350,S6_worst_case_no_intervention,indonesia,USDC
254,0.8130823153324482,98439382215.14417,350,S6_worst_case_no_intervention,indonesia,USDC
255,0.8009892214424099,95978397659.662,350,S6_worst_case_no_intervention,indonesia,USDC
256,0.8030862501074565,93578937718.08072,350,S6_worst_case_no_intervention,indonesia,USDC
257,0.8135458653753145,91239464275.05338,350,S6_worst_case_no_intervention,indonesia,USDC
258,0.8358936507159382,88958477668.11711,350,S6_worst_case_no_intervention,indonesia,USDC
259,0.8263003120966936,86734515726.3728,350,S6_worst_case_no_intervention,indonesia,USDC
260,0.793240583169192,84566152833.17421,350,S6_worst_case_no_intervention,indonesia,USDC
261,0.7976925173567279,82451999012.30444,350,S6_worst_case_no_intervention,indonesia,USDC
262,0.8079085672233488,80390699036.96368,350,S6_worst_case_no_intervention,indonesia,USDC
263,0.8042945133109354,78380931561.01485,350,S6_worst_case_no_intervention,indonesia,USDC
264,0.7853303623400967,76421408271.96729,350,S6_worst_case_no_intervention,indonesia,USDC
265,0.7980240503323485,74510873065.14828,350,S6_worst_case_no_intervention,indonesia,USDC
266,0.7858791724078872,72648101238.50381,350,S6_worst_case_no_intervention,indonesia,USDC
267,0.797693448934526,70831898707.52701,350,S6_worst_case_no_intervention,indonesia,USDC
268,0.780021739643304,69061101239.82825,350,S6_worst_case_no_intervention,indonesia,USDC
269,0.7479025791073763,67334573708.823296,350,S6_worst_case_no_intervention,indonesia,USDC
270,0.7565042816642915,65651209366.09373,350,S6_worst_case_no_intervention,indonesia,USDC
271,0.7447466691560631,64009929131.934616,350,S6_worst_case_no_intervention,indonesia,USDC
272,0.7321609062960248,62409680903.630646,350,S6_worst_case_no_intervention,indonesia,USDC
273,0.7537099267101077,60849438881.0351,350,S6_worst_case_no_intervention,indonesia,USDC
274,0.7312377208397964,59328202909.00607,350,S6_worst_case_no_intervention,indonesia,USDC
275,0.7416880944076186,57844997836.27823,350,S6_worst_case_no_intervention,indonesia,USDC
276,0.7368326268144936,56398872890.36923,350,S6_worst_case_no_intervention,indonesia,USDC
277,0.7412772899934621,54988901068.10835,350,S6_worst_case_no_intervention,indonesia,USDC
278,0.7654089010193886,53614178541.40442,350,S6_worst_case_no_intervention,indonesia,USDC
279,0.7727947963544255,52273824077.86847,350,S6_worst_case_no_intervention,indonesia,USDC
280,0.7841437712902546,50966978475.92114,350,S6_worst_case_no_intervention,indonesia,USDC
281,0.7739056921875704,49692804014.02265,350,S6_worst_case_no_intervention,indonesia,USDC
282,0.7946361679510534,48450483913.671684,350,S6_worst_case_no_intervention,indonesia,USDC
283,0.7979965441395338,47239221815.829605,350,S6_worst_case_no_intervention,indonesia,USDC
284,0.8035848011144192,46058241270.43364,350,S6_worst_case_no_intervention,indonesia,USDC
285,0.7973904210753061,44906785238.67261,350,S6_worst_case_no_intervention,indonesia,USDC
286,0.7920407807492212,43784115607.70563,350,S6_worst_case_no_intervention,indonesia,USDC
287,0.8018839225901832,42689512717.51285,350,S6_worst_case_no_intervention,indonesia,USDC
288,0.818114126123594,41622274899.57492,350,S6_worst_case_no_intervention,indonesia,USDC
289,0.8309451151363223,40581718027.085464,350,S6_worst_case_no_intervention,indonesia,USDC
290,0.8018099834338084,39567175076.40827,350,S6_worst_case_no_intervention,indonesia,USDC
291,0.7922379840092741,38577995699.498,350,S6_worst_case_no_intervention,indonesia,USDC
292,0.78438825294284,37613545807.01049,350,S6_worst_case_no_intervention,indonesia,USDC
293,0.7693097102406447,36673207161.83518,350,S6_worst_case_no_intervention,indonesia,USDC
294,0.7610810519698986,35756376982.78925,350,S6_worst_case_no_intervention,indonesia,USDC
295,0.7751587862615094,34862467558.21948,350,S6_worst_case_no_intervention,indonesia,USDC
296,0.772789843335656,33990905869.263973,350,S6_worst_case_no_intervention,indonesia,USDC
297,0.8006379668599862,33141133222.532352,350,S6_worst_case_no_intervention,indonesia,USDC
298,0.8132171414085975,32312604891.96903,350,S6_worst_case_no_intervention,indonesia,USDC
299,0.8255292515786005,31504789769.669792,350,S6_worst_case_no_intervention,indonesia,USDC
300,0.818982706281907,30717170025.42804,350,S6_worst_case_no_intervention,indonesia,USDC
301,0.8320980630002155,29949240774.792328,350,S6_worst_case_no_intervention,indonesia,USDC
302,0.8385918965466727,29200509755.422516,350,S6_worst_case_no_intervention,indonesia,USDC
303,0.8669901810550581,28470497011.53695,350,S6_worst_case_no_intervention,indonesia,USDC
304,0.8570160562725163,27758734586.24852,350,S6_worst_case_no_intervention,indonesia,USDC
305,0.8734461055044831,27064766221.5923,350,S6_worst_case_no_intervention,indonesia,USDC
306,0.8683155654483681,26388147066.05249,350,S6_worst_case_no_intervention,indonesia,USDC
307,0.8484114578587483,25728443389.401184,350,S6_worst_case_no_intervention,indonesia,USDC
308,0.8097775606276384,25085232304.66615,350,S6_worst_case_no_intervention,indonesia,USDC
309,0.8062804902118921,24458101497.04949,350,S6_worst_case_no_intervention,indonesia,USDC
310,0.7709835085264259,23846648959.623253,350,S6_worst_case_no_intervention,indonesia,USDC
311,0.7863975960008667,23250482735.632668,350,S6_worst_case_no_intervention,indonesia,USDC
312,0.779130603959958,22669220667.241848,350,S6_worst_case_no_intervention,indonesia,USDC
313,0.7702058016566465,22102490150.5608,350,S6_worst_case_no_intervention,indonesia,USDC
314,0.7777388977773448,21549927896.79678,350,S6_worst_case_no_intervention,indonesia,USDC
315,0.7791764726469054,21011179699.37686,350,S6_worst_case_no_intervention,indonesia,USDC
316,0.7703530176761061,20485900206.89244,350,S6_worst_case_no_intervention,indonesia,USDC
317,0.7438921185125403,19973752701.720127,350,S6_worst_case_no_intervention,indonesia,USDC
318,0.7427803113178494,19474408884.177124,350,S6_worst_case_no_intervention,indonesia,USDC
319,0.7529570442854958,18987548662.072697,350,S6_worst_case_no_intervention,indonesia,USDC
320,0.7588818108431183,18512859945.52088,350,S6_worst_case_no_intervention,indonesia,USDC
321,0.7686880329781982,18050038446.88286,350,S6_worst_case_no_intervention,indonesia,USDC
322,0.7695963755217246,17598787485.71079,350,S6_worst_case_no_intervention,indonesia,USDC
323,0.7610288795157292,17158817798.568016,350,S6_worst_case_no_intervention,indonesia,USDC
324,0.7539864637222955,16729847353.603817,350,S6_worst_case_no_intervention,indonesia,USDC
325,0.7625101356626317,16311601169.763721,350,S6_worst_case_no_intervention,indonesia,USDC
326,0.7569207809658602,15903811140.519629,350,S6_worst_case_no_intervention,indonesia,USDC
327,0.7323349683154942,15506215862.006638,350,S6_worst_case_no_intervention,indonesia,USDC
328,0.724598727928747,15118560465.45647,350,S6_worst_case_no_intervention,indonesia,USDC
329,0.7563006947896314,14740596453.82006,350,S6_worst_case_no_intervention,indonesia,USDC
330,0.7496481850708895,14372081542.47456,350,S6_worst_case_no_intervention,indonesia,USDC
331,0.7652551204421726,14012779503.912695,350,S6_worst_case_no_intervention,indonesia,USDC
332,0.779517683529861,13662460016.314877,350,S6_worst_case_no_intervention,indonesia,USDC
333,0.7924719071326164,13320898515.907005,350,S6_worst_case_no_intervention,indonesia,USDC
334,0.7881846283407788,12987876053.00933,350,S6_worst_case_no_intervention,indonesia,USDC
335,0.8247230085195177,12663179151.684095,350,S6_worst_case_no_intervention,indonesia,USDC
336,0.8269135000037402,12346599672.891994,350,S6_worst_case_no_intervention,indonesia,USDC
337,0.8147872710046695,12037934681.069695,350,S6_worst_case_no_intervention,indonesia,USDC
338,0.8296053290553869,11736986314.042952,350,S6_worst_case_no_intervention,indonesia,USDC
339,0.8627083071370402,11443561656.19188,350,S6_worst_case_no_intervention,indonesia,USDC
340,0.850107723528565,11157472614.787083,350,S6_worst_case_no_intervention,indonesia,USDC
341,0.8563978722061657,10878535799.417404,350,S6_worst_case_no_intervention,indonesia,USDC
342,0.8715578980061421,10606572404.43197,350,S6_worst_case_no_intervention,indonesia,USDC
343,0.859715204133528,10341408094.32117,350,S6_worst_case_no_intervention,indonesia,USDC
344,0.8409082636196771,10082872891.96314,350,S6_worst_case_no_intervention,indonesia,USDC
345,0.8453175054018476,9830801069.664062,350,S6_worst_case_no_intervention,indonesia,USDC
346,0.825099432005431,9585031042.92246,350,S6_worst_case_no_intervention,indonesia,USDC
347,0.8167127317434096,9345405266.8494,350,S6_worst_case_no_intervention,indonesia,USDC
348,0.8073689962074905,9111770135.178165,350,S6_worst_case_no_intervention,indonesia,USDC
349,0.7902704733871942,8883975881.79871,350,S6_worst_case_no_intervention,indonesia,USDC
350,0.7974870369490894,8661876484.753744,350,S6_worst_case_no_intervention,indonesia,USDC
351,0.7892708608579367,8445329572.634899,350,S6_worst_case_no_intervention,indonesia,USDC
352,0.7982168294276089,8234196333.319027,350,S6_worst_case_no_intervention,indonesia,USDC
353,0.7864729993025643,8028341424.986052,350,S6_worst_case_no_intervention,indonesia,USDC
354,0.8015401553448491,7827632889.3614,350,S6_worst_case_no_intervention,indonesia,USDC
355,0.8004707955772657,7631942067.127365,350,S6_worst_case_no_intervention,indonesia,USDC
356,0.8035802206765947,7441143515.449181,350,S6_worst_case_no_intervention,indonesia,USDC
357,0.7950133734517022,7255114927.562951,350,S6_worst_case_no_intervention,indonesia,USDC
358,0.7936540651902845,7073737054.373877,350,S6_worst_case_no_intervention,indonesia,USDC
359,0.8163928683787535,6896893628.01453,350,S6_worst_case_no_intervention,indonesia,USDC
360,0.7952437914202305,6724471287.314167,350,S6_worst_case_no_intervention,indonesia,USDC
361,0.7800228034784211,6556359505.131313,350,S6_worst_case_no_intervention,indonesia,USDC
362,0.7917870493920481,6392450517.50303,350,S6_worst_case_no_intervention,indonesia,USDC
363,0.810849947861263,6232639254.5654545,350,S6_worst_case_no_intervention,indonesia,USDC
364,0.8409855361775946,6076823273.201318,350,S6_worst_case_no_intervention,indonesia,USDC
365,0.8439209347222391,5924902691.3712845,350,S6_worst_case_no_intervention,indonesia,USDC
366,0.8635270403861401,5776780124.087004,350,S6_worst_case_no_intervention,indonesia,USDC
367,0.856438639645674,5632360620.984828,350,S6_worst_case_no_intervention,indonesia,USDC
368,0.8318425095666772,5491551605.460207,350,S6_worst_case_no_intervention,indonesia,USDC
369,0.7972999925538055,5354262815.323702,350,S6_worst_case_no_intervention,indonesia,USDC
370,0.7831642784699273,5220406244.94061,350,S6_worst_case_no_intervention,indonesia,USDC
371,0.7940064400239351,5089896088.817095,350,S6_worst_case_no_intervention,indonesia,USDC
372,0.8043000395773243,4962648686.596667,350,S6_worst_case_no_intervention,indonesia,USDC
373,0.8123573881474665,4838582469.43175,350,S6_worst_case_no_intervention,indonesia,USDC
374,0.7939749078313894,4717617907.695956,350,S6_worst_case_no_intervention,indonesia,USDC
375,0.8020755393641273,4599677460.003557,350,S6_worst_case_no_intervention,indonesia,USDC
376,0.7943409813705615,4484685523.5034685,350,S6_worst_case_no_intervention,indonesia,USDC
377,0.8138502737927497,4372568385.415882,350,S6_worst_case_no_intervention,indonesia,USDC
378,0.8065415243566357,4263254175.7804847,350,S6_worst_case_no_intervention,indonesia,USDC
379,0.8137580444502784,4156672821.385973,350,S6_worst_case_no_intervention,indonesia,USDC
380,0.8155507159044014,4052756000.8513236,350,S6_worst_case_no_intervention,indonesia,USDC
381,0.8105126856231345,3951437100.8300405,350,S6_worst_case_no_intervention,indonesia,USDC
382,0.7834323911151089,3852651173.3092895,350,S6_worst_case_no_intervention,indonesia,USDC
383,0.7750090798584006,3756334893.9765573,350,S6_worst_case_no_intervention,indonesia,USDC
384,0.7928200041497094,3662426521.6271434,350,S6_worst_case_no_intervention,indonesia,USDC
385,0.8164237067881138,3570865858.586465,350,S6_worst_case_no_intervention,indonesia,USDC
386,0.7891904994518187,3481594212.1218033,350,S6_worst_case_no_intervention,indonesia,USDC
387,0.7930199267738952,3394554356.818758,350,S6_worst_case_no_intervention,indonesia,USDC
388,0.813036310925185,3309690497.8982897,350,S6_worst_case_no_intervention,indonesia,USDC
389,0.7816786468461638,3226948235.4508324,350,S6_worst_case_no_intervention,indonesia,USDC
390,0.7951656744282025,3146274529.5645614,350,S6_worst_case_no_intervention,indonesia,USDC
391,0.8023854128128911,3067617666.325447,350,S6_worst_case_no_intervention,indonesia,USDC
392,0.811005824459623,2990927224.667311,350,S6_worst_case_no_intervention,indonesia,USDC
393,0.8107615793302346,2916154044.050628,350,S6_worst_case_no_intervention,indonesia,USDC
394,0.8120095411765607,2843250192.9493628,350,S6_worst_case_no_intervention,indonesia,USDC
395,0.7992311482432715,2772168938.1256285,350,S6_worst_case_no_intervention,indonesia,USDC
396,0.7980462905811828,2702864714.6724877,350,S6_worst_case_no_intervention,indonesia,USDC
397,0.8091198840703039,2635293096.8056755,350,S6_worst_case_no_intervention,indonesia,USDC
398,0.8087630474922224,2569410769.385534,350,S6_worst_case_no_intervention,indonesia,USDC
399,0.8161650639679275,2505175500.150895,350,S6_worst_case_no_intervention,indonesia,USDC
400,0.8269573839695555,2442546112.6471233,350,S6_worst_case_no_intervention,indonesia,USDC
401,0.8120383287701131,2381482459.830945,350,S6_worst_case_no_intervention,indonesia,USDC
402,0.822188528112297,2321945398.335171,350,S6_worst_case_no_intervention,indonesia,USDC
403,0.8060897203304703,2263896763.376792,350,S6_worst_case_no_intervention,indonesia,USDC
404,0.8072057352976143,2207299344.292372,350,S6_worst_case_no_intervention,indonesia,USDC
405,0.7943026011055769,2152116860.6850634,350,S6_worst_case_no_intervention,indonesia,USDC
406,0.7894821719100049,2098313939.1679366,350,S6_worst_case_no_intervention,indonesia,USDC
407,0.7895221874421959,2045856090.688738,350,S6_worst_case_no_intervention,indonesia,USDC
408,0.7907057864805233,1994709688.4215198,350,S6_worst_case_no_intervention,indonesia,USDC
409,0.801662292542288,1944841946.2109818,350,S6_worst_case_no_intervention,indonesia,USDC
410,0.7958630912703853,1896220897.5557072,350,S6_worst_case_no_intervention,indonesia,USDC
411,0.7896719215016744,1848815375.1168144,350,S6_worst_case_no_intervention,indonesia,USDC
412,0.7934982451822915,1802594990.7388942,350,S6_worst_case_no_intervention,indonesia,USDC
413,0.7904323680549975,1757530115.9704218,350,S6_worst_case_no_intervention,indonesia,USDC
414,0.765967177114336,1713591863.0711615,350,S6_worst_case_no_intervention,indonesia,USDC
415,0.7729461150880859,1670752066.4943824,350,S6_worst_case_no_intervention,indonesia,USDC
416,0.7725888590889258,1628983264.8320227,350,S6_worst_case_no_intervention,indonesia,USDC
417,0.833817416698294,1588258683.2112222,350,S6_worst_case_no_intervention,indonesia,USDC
418,0.8142546483530215,1548552216.1309414,350,S6_worst_case_no_intervention,indonesia,USDC
419,0.8208943795982337,1509838410.7276678,350,S6_worst_case_no_intervention,indonesia,USDC
420,0.8145250207857057,1472092450.4594762,350,S6_worst_case_no_intervention,indonesia,USDC
421,0.8066880487589616,1435290139.1979895,350,S6_worst_case_no_intervention,indonesia,USDC
422,0.7990415451162134,1399407885.7180395,350,S6_worst_case_no_intervention,indonesia,USDC
423,0.7851495287142783,1364422688.5750885,350,S6_worst_case_no_intervention,indonesia,USDC
424,0.7828624339944412,1330312121.3607113,350,S6_worst_case_no_intervention,indonesia,USDC
425,0.7939338379291502,1297054318.3266935,350,S6_worst_case_no_intervention,indonesia,USDC
426,0.7889781804483775,1264627960.3685262,350,S6_worst_case_no_intervention,indonesia,USDC
427,0.7955549132306243,1233012261.359313,350,S6_worst_case_no_intervention,indonesia,USDC
428,0.7912509161322434,1202186954.8253303,350,S6_worst_case_no_intervention,indonesia,USDC
429,0.7787859523224269,1172132280.954697,350,S6_worst_case_no_intervention,indonesia,USDC
430,0.7924686183074948,1142828973.9308295,350,S6_worst_case_no_intervention,indonesia,USDC
431,0.7881584951283144,1114258249.5825586,350,S6_worst_case_no_intervention,indonesia,USDC
432,0.7987242368124639,1086401793.3429947,350,S6_worst_case_no_intervention,indonesia,USDC
433,0.7802430497566052,1059241748.5094199,350,S6_worst_case_no_intervention,indonesia,USDC
434,0.8209607591399336,1032760704.7966844,350,S6_worst_case_no_intervention,indonesia,USDC
435,0.807296329097649,1006941687.1767673,350,S6_worst_case_no_intervention,indonesia,USDC
436,0.8015926735800584,981768144.9973481,350,S6_worst_case_no_intervention,indonesia,USDC
437,0.8073838696420845,957223941.3724144,350,S6_worst_case_no_intervention,indonesia,USDC
438,0.7898988063771245,933293342.838104,350,S6_worst_case_no_intervention,indonesia,USDC
439,0.7679554809951369,909961009.2671514,350,S6_worst_case_no_intervention,indonesia,USDC
440,0.7600062180162657,887211984.0354725,350,S6_worst_case_no_intervention,indonesia,USDC
441,0.7768234596386365,865031684.4345858,350,S6_worst_case_no_intervention,indonesia,USDC
442,0.794209327440127,843405892.3237212,350,S6_worst_case_no_intervention,indonesia,USDC
443,0.7893469388286951,822320745.0156281,350,S6_worst_case_no_intervention,indonesia,USDC
444,0.7867430088355511,801762726.3902373,350,S6_worst_case_no_intervention,indonesia,USDC
445,0.8045277242244474,781718658.2304815,350,S6_worst_case_no_intervention,indonesia,USDC
446,0.8089545906073334,762175691.7747195,350,S6_worst_case_no_intervention,indonesia,USDC
447,0.7952105201891569,743121299.4803514,350,S6_worst_case_no_intervention,indonesia,USDC
448,0.8050844420826089,724543266.9933426,350,S6_worst_case_no_intervention,indonesia,USDC
449,0.8236009490968832,706429685.3185091,350,S6_worst_case_no_intervention,indonesia,USDC
450,0.818735681864606,688768943.1855464,350,S6_worst_case_no_intervention,indonesia,USDC
451,0.819106457800375,671549719.6059077,350,S6_worst_case_no_intervention,indonesia,USDC
452,0.798182875887511,654760976.61576,350,S6_worst_case_no_intervention,indonesia,USDC
453,0.7824385633362955,638391952.200366,350,S6_worst_case_no_intervention,indonesia,USDC
454,0.7895392649460597,622432153.3953569,350,S6_worst_case_no_intervention,indonesia,USDC
455,0.7706662755817257,606871349.560473,350,S6_worst_case_no_intervention,indonesia,USDC
456,0.7839810465549875,591699565.8214611,350,S6_worst_case_no_intervention,indonesia,USDC
457,0.7683634181342952,576907076.6759245,350,S6_worst_case_no_intervention,indonesia,USDC
458,0.7744400130750713,562484399.7590264,350,S6_worst_case_no_intervention,indonesia,USDC
459,0.7817328290261085,548422289.7650508,350,S6_worst_case_no_intervention,indonesia,USDC
460,0.7939162361954395,534711732.52092457,350,S6_worst_case_no_intervention,indonesia,USDC
461,0.8012005599181056,521343939.20790136,350,S6_worst_case_no_intervention,indonesia,USDC
462,0.7833435409632954,508310340.72770387,350,S6_worst_case_no_intervention,indonesia,USDC
463,0.7605994288605525,495602582.2095113,350,S6_worst_case_no_intervention,indonesia,USDC
464,0.7673516359071905,483212517.6542735,350,S6_worst_case_no_intervention,indonesia,USDC
465,0.7715193820975705,471132204.71291673,350,S6_worst_case_no_intervention,indonesia,USDC
466,0.775811425634565,459353899.5950937,350,S6_worst_case_no_intervention,indonesia,USDC
467,0.7773158651449327,447870052.10521644,350,S6_worst_case_no_intervention,indonesia,USDC
468,0.7715592451311036,436673300.80258596,350,S6_worst_case_no_intervention,indonesia,USDC
469,0.7689808021475996,425756468.2825213,350,S6_worst_case_no_intervention,indonesia,USDC
470,0.7853620460038604,415112556.5754583,350,S6_worst_case_no_intervention,indonesia,USDC
471,0.7885155445683675,404734742.66107184,350,S6_worst_case_no_intervention,indonesia,USDC
472,0.7970450890076003,394616374.09454507,350,S6_worst_case_no_intervention,indonesia,USDC
473,0.8132515517063205,384750964.7421814,350,S6_worst_case_no_intervention,indonesia,USDC
474,0.8250699507849737,375132190.62362695,350,S6_worst_case_no_intervention,indonesia,USDC
475,0.8530083080226628,365753885.8580363,350,S6_worst_case_no_intervention,indonesia,USDC
476,0.8245262953897299,356610038.71158534,350,S6_worst_case_no_intervention,indonesia,USDC
477,0.8174292540294615,347694787.7437957,350,S6_worst_case_no_intervention,indonesia,USDC
478,0.8260152641144614,339002418.0502008,350,S6_worst_case_no_intervention,indonesia,USDC
479,0.7377009577389664,330527357.5989458,350,S6_worst_case_no_intervention,indonesia,USDC
480,0.7602835110527121,322264173.65897214,350,S6_worst_case_no_intervention,indonesia,USDC
481,0.7737967987015059,314207569.31749785,350,S6_worst_case_no_intervention,indonesia,USDC
482,0.7642941517017802,306352380.0845604,350,S6_worst_case_no_intervention,indonesia,USDC
483,0.7543381802160286,298693570.5824464,350,S6_worst_case_no_intervention,indonesia,USDC
484,0.7608906207449101,291226231.3178853,350,S6_worst_case_no_intervention,indonesia,USDC
485,0.7641986237984572,283945575.5349381,350,S6_worst_case_no_intervention,indonesia,USDC
486,0.7465181231402364,276846936.14656466,350,S6_worst_case_no_intervention,indonesia,USDC
487,0.7414546814666592,269925762.74290055,350,S6_worst_case_no_intervention,indonesia,USDC
488,0.7383651833660553,263177618.67432803,350,S6_worst_case_no_intervention,indonesia,USDC
489,0.7571698661715951,256598178.20746982,350,S6_worst_case_no_intervention,indonesia,USDC
490,0.7345693933951134,250183223.7522831,350,S6_worst_case_no_intervention,indonesia,USDC
491,0.73776324522143,243928643.15847602,350,S6_worst_case_no_intervention,indonesia,USDC
492,0.7366743147600904,237830427.07951412,350,S6_worst_case_no_intervention,indonesia,USDC
493,0.7606082457763879,231884666.40252626,350,S6_worst_case_no_intervention,indonesia,USDC
494,0.7499331768081922,226087549.7424631,350,S6_worst_case_no_intervention,indonesia,USDC
495,0.7459455262453714,220435360.99890155,350,S6_worst_case_no_intervention,indonesia,USDC
496,0.7501970336964118,214924476.973929,350,S6_worst_case_no_intervention,indonesia,USDC
497,0.7330740379323475,209551365.04958078,350,S6_worst_case_no_intervention,indonesia,USDC
498,0.7248812292561726,204312580.9233412,350,S6_worst_case_no_intervention,indonesia,USDC
499,0.721271503065855,199204766.4002577,350,S6_worst_case_no_intervention,indonesia,USDC
500,0.738388270120297,194224647.24025127,350,S6_worst_case_no_intervention,indonesia,USDC
501,0.7566811638848516,189369031.059245,350,S6_worst_case_no_intervention,indonesia,USDC
502,0.7644581662060471,184634805.28276387,350,S6_worst_case_no_intervention,indonesia,USDC
503,0.748914787002209,180018935.1506948,350,S6_worst_case_no_intervention,indonesia,USDC
504,0.6683134590659657,175518461.77192742,350,S6_worst_case_no_intervention,indonesia,USDC
505,0.6830614640458245,171130500.2276292,350,S6_worst_case_no_intervention,indonesia,USDC
506,0.6914804524734045,166852237.7219385,350,S6_worst_case_no_intervention,indonesia,USDC
507,0.7038096024529938,162680931.77889004,350,S6_worst_case_no_intervention,indonesia,USDC
508,0.7257466490108407,158613908.4844178,350,S6_worst_case_no_intervention,indonesia,USDC
509,0.7340616750724821,154648560.77230734,350,S6_worst_case_no_intervention,indonesia,USDC
510,0.7595655160107655,150782346.75299963,350,S6_worst_case_no_intervention,indonesia,USDC
511,0.768374806030237,147012788.08417463,350,S6_worst_case_no_intervention,indonesia,USDC
512,0.7970981384867566,143337468.38207027,350,S6_worst_case_no_intervention,indonesia,USDC
513,0.7973312553704585,139754031.67251852,350,S6_worst_case_no_intervention,indonesia,USDC
514,0.7968464128620296,136260180.88070557,350,S6_worst_case_no_intervention,indonesia,USDC
515,0.8053077146353789,132853676.35868794,350,S6_worst_case_no_intervention,indonesia,USDC
516,0.8038020307858119,129532334.44972074,350,S6_worst_case_no_intervention,indonesia,USDC
517,0.8076013980934529,126294026.08847772,350,S6_worst_case_no_intervention,indonesia,USDC
518,0.7857423675302412,123136675.43626577,350,S6_worst_case_no_intervention,indonesia,USDC
519,0.7778096994772352,120058258.55035912,350,S6_worst_case_no_intervention,indonesia,USDC
520,0.7746203397639921,117056802.08660014,350,S6_worst_case_no_intervention,indonesia,USDC
521,0.7785344449086712,114130382.03443514,350,S6_worst_case_no_intervention,indonesia,USDC
522,0.8141802585688438,111277122.48357427,350,S6_worst_case_no_intervention,indonesia,USDC
523,0.799273294300153,108495194.42148492,350,S6_worst_case_no_intervention,indonesia,USDC
524,0.8093615075761073,105782814.56094778,350,S6_worst_case_no_intervention,indonesia,USDC
525,0.8059249934793088,103138244.19692409,350,S6_worst_case_no_intervention,indonesia,USDC
526,0.809812956337978,100559788.09200099,350,S6_worst_case_no_intervention,indonesia,USDC
527,0.794120232823507,98045793.38970095,350,S6_worst_case_no_intervention,indonesia,USDC
528,0.784190740669533,95594648.55495843,350,S6_worst_case_no_intervention,indonesia,USDC
529,0.7748422797949314,93204782.34108448,350,S6_worst_case_no_intervention,indonesia,USDC
530,0.812609316337326,90874662.78255737,350,S6_worst_case_no_intervention,indonesia,USDC
531,0.8049606918767853,88602796.21299343,350,S6_worst_case_no_intervention,indonesia,USDC
532,0.8233284060667129,86387726.3076686,350,S6_worst_case_no_intervention,indonesia,USDC
533,0.8373172036482477,84228033.14997688,350,S6_worst_case_no_intervention,indonesia,USDC
534,0.847645530536524,82122332.32122746,350,S6_worst_case_no_intervention,indonesia,USDC
535,0.8253990544884351,80069274.01319677,350,S6_worst_case_no_intervention,indonesia,USDC
536,0.8236589953142958,78067542.16286686,350,S6_worst_case_no_intervention,indonesia,USDC
537,0.8287561035915402,76115853.60879518,350,S6_worst_case_no_intervention,indonesia,USDC
538,0.8052132814074838,74212957.2685753,350,S6_worst_case_no_intervention,indonesia,USDC
539,0.8300028390159894,72357633.33686091,350,S6_worst_case_no_intervention,indonesia,USDC
540,0.8572492369294007,70548692.5034394,350,S6_worst_case_no_intervention,indonesia,USDC
541,0.8735460302835775,68784975.1908534,350,S6_worst_case_no_intervention,indonesia,USDC
542,0.8392431828696191,67065350.81108208,350,S6_worst_case_no_intervention,indonesia,USDC
543,0.8307844895362413,65388717.04080503,350,S6_worst_case_no_intervention,indonesia,USDC
544,0.8042992532955849,63753999.114784904,350,S6_worst_case_no_intervention,indonesia,USDC
545,0.780187960460838,62160149.13691528,350,S6_worst_case_no_intervention,indonesia,USDC
546,0.8030186222855484,60606145.4084924,350,S6_worst_case_no_intervention,indonesia,USDC
547,0.759408589988646,59090991.77328009,350,S6_worst_case_no_intervention,indonesia,USDC
548,0.7596648049149344,57613716.97894809,350,S6_worst_case_no_intervention,indonesia,USDC
549,0.7461829967585369,56173374.05447438,350,S6_worst_case_no_intervention,indonesia,USDC
550,0.75589683210221,54769039.70311251,350,S6_worst_case_no_intervention,indonesia,USDC
551,0.7532222609631,53399813.71053471,350,S6_worst_case_no_intervention,indonesia,USDC
552,0.7639854181452765,52064818.36777133,350,S6_worst_case_no_intervention,indonesia,USDC
553,0.7568466768073667,50763197.908577055,350,S6_worst_case_no_intervention,indonesia,USDC
554,0.7289905164397262,49494117.96086262,350,S6_worst_case_no_intervention,indonesia,USDC
555,0.7496632349751915,48256765.01184106,350,S6_worst_case_no_intervention,indonesia,USDC
556,0.761696264442005,47050345.88654503,350,S6_worst_case_no_intervention,indonesia,USDC
557,0.7605747347616081,45874087.2393814,350,S6_worst_case_no_intervention,indonesia,USDC
558,0.7338736253603767,44727235.058396876,350,S6_worst_case_no_intervention,indonesia,USDC
559,0.7304735615699869,43609054.18193695,350,S6_worst_case_no_intervention,indonesia,USDC
560,0.737771258036663,42518827.827388525,350,S6_worst_case_no_intervention,indonesia,USDC
561,0.7323507518265328,41455857.13170382,350,S6_worst_case_no_intervention,indonesia,USDC
562,0.729386914379848,40419460.70341122,350,S6_worst_case_no_intervention,indonesia,USDC
563,0.7425004358742499,39408974.185825944,350,S6_worst_case_no_intervention,indonesia,USDC
564,0.7519748807417511,38423749.83118029,350,S6_worst_case_no_intervention,indonesia,USDC
565,0.7610885614761567,37463156.08540078,350,S6_worst_case_no_intervention,indonesia,USDC
566,0.7753059024390548,36526577.18326576,350,S6_worst_case_no_intervention,indonesia,USDC
567,0.7904580610592259,35613412.75368412,350,S6_worst_case_no_intervention,indonesia,USDC
568,0.7772927799362244,34723077.43484201,350,S6_worst_case_no_intervention,indonesia,USDC
569,0.7794592748913762,33855000.49897096,350,S6_worst_case_no_intervention,indonesia,USDC
570,0.7936587199329658,33008625.48649669,350,S6_worst_case_no_intervention,indonesia,USDC
571,0.7873699744325391,32183409.849334273,350,S6_worst_case_no_intervention,indonesia,USDC
572,0.7721527441523794,31378824.603100915,350,S6_worst_case_no_intervention,indonesia,USDC
573,0.7467960939298983,30594353.98802339,350,S6_worst_case_no_intervention,indonesia,USDC
574,0.7460250737432914,29829495.138322808,350,S6_worst_case_no_intervention,indonesia,USDC
575,0.7537518635500929,29083757.759864733,350,S6_worst_case_no_intervention,indonesia,USDC
576,0.7570319616304789,28356663.815868117,350,S6_worst_case_no_intervention,indonesia,USDC
577,0.7835504000455711,27647747.22047142,350,S6_worst_case_no_intervention,indonesia,USDC
578,0.772996857678925,26956553.539959628,350,S6_worst_case_no_intervention,indonesia,USDC
579,0.7448509578460444,26282639.701460637,350,S6_worst_case_no_intervention,indonesia,USDC
580,0.7596938710389513,25625573.70892412,350,S6_worst_case_no_intervention,indonesia,USDC
581,0.7700025025174163,24984934.366201017,350,S6_worst_case_no_intervention,indonesia,USDC
582,0.7611282377297393,24360311.00704599,350,S6_worst_case_no_intervention,indonesia,USDC
583,0.7583900130346435,23751303.23186984,350,S6_worst_case_no_intervention,indonesia,USDC
584,0.7694349675574711,23157520.651073094,350,S6_worst_case_no_intervention,indonesia,USDC
585,0.7572305067553319,22578582.63479627,350,S6_worst_case_no_intervention,indonesia,USDC
586,0.7599305788255709,22014118.06892636,350,S6_worst_case_no_intervention,indonesia,USDC
587,0.7387477420658414,21463765.117203202,350,S6_worst_case_no_intervention,indonesia,USDC
588,0.7577029185458054,20927170.989273123,350,S6_worst_case_no_intervention,indonesia,USDC
589,0.7463279846643328,20403991.714541294,350,S6_worst_case_no_intervention,indonesia,USDC
590,0.7491516616656599,19893891.92167776,350,S6_worst_case_no_intervention,indonesia,USDC
591,0.7347419910499092,19396544.623635817,350,S6_worst_case_no_intervention,indonesia,USDC
592,0.747964744612399,18911631.008044925,350,S6_worst_case_no_intervention,indonesia,USDC
593,0.7709369883261855,18438840.2328438,350,S6_worst_case_no_intervention,indonesia,USDC
594,0.7471465609804449,17977869.227022707,350,S6_worst_case_no_intervention,indonesia,USDC
595,0.7437795835906647,17528422.496347137,350,S6_worst_case_no_intervention,indonesia,USDC
596,0.7578443991423855,17090211.93393846,350,S6_worst_case_no_intervention,indonesia,USDC
597,0.758458336237868,16662956.635589998,350,S6_worst_case_no_intervention,indonesia,USDC
598,0.739340416778546,16246382.719700247,350,S6_worst_case_no_intervention,indonesia,USDC
599,0.7599879071131745,15840223.151707742,350,S6_worst_case_no_intervention,indonesia,USDC
600,0.7732295641121848,15444217.572915047,350,S6_worst_case_no_intervention,indonesia,USDC
601,0.7867546457848733,15058112.133592173,350,S6_worst_case_no_intervention,indonesia,USDC
602,0.785517317415982,14681659.330252368,350,S6_worst_case_no_intervention,indonesia,USDC
603,0.7771339088949607,14314617.846996058,350,S6_worst_case_no_intervention,indonesia,USDC
604,0.7881807063608905,13956752.400821157,350,S6_worst_case_no_intervention,indonesia,USDC
605,0.7666404362671106,13607833.590800628,350,S6_worst_case_no_intervention,indonesia,USDC
606,0.7627469100422882,13267637.751030613,350,S6_worst_case_no_intervention,indonesia,USDC
607,0.7691196444201451,12935946.807254847,350,S6_worst_case_no_intervention,indonesia,USDC
608,0.7918217282078839,12612548.137073476,350,S6_worst_case_no_intervention,indonesia,USDC
609,0.8080210072389271,12297234.43364664,350,S6_worst_case_no_intervention,indonesia,USDC
610,0.8111423392762559,11989803.572805474,350,S6_worst_case_no_intervention,indonesia,USDC
611,0.773607050091265,11690058.483485337,350,S6_worst_case_no_intervention,indonesia,USDC
612,0.7827945545277222,11397807.021398203,350,S6_worst_case_no_intervention,indonesia,USDC
613,0.7836495339215435,11112861.84586325,350,S6_worst_case_no_intervention,indonesia,USDC
614,0.7640108705849024,10835040.299716666,350,S6_worst_case_no_intervention,indonesia,USDC
615,0.7757134201882163,10564164.29222375,350,S6_worst_case_no_intervention,indonesia,USDC
616,0.7616585163028402,10300060.184918156,350,S6_worst_case_no_intervention,indonesia,USDC
617,0.7490243021118833,10042558.680295203,350,S6_worst_case_no_intervention,indonesia,USDC
618,0.7686694170417235,9791494.713287823,350,S6_worst_case_no_intervention,indonesia,USDC
619,0.7919345419467219,9546707.345455628,350,S6_worst_case_no_intervention,indonesia,USDC
620,0.8156651792059486,9308039.661819236,350,S6_worst_case_no_intervention,indonesia,USDC
621,0.8126913648622552,9075338.670273755,350,S6_worst_case_no_intervention,indonesia,USDC
622,0.8456516220334253,8848455.203516912,350,S6_worst_case_no_intervention,indonesia,USDC
623,0.8458746472828323,8627243.823428988,350,S6_worst_case_no_intervention,indonesia,USDC
624,0.8175371785514965,8411562.727843266,350,S6_worst_case_no_intervention,indonesia,USDC
625,0.8142714962610561,8201273.6596471835,350,S6_worst_case_no_intervention,indonesia,USDC
626,0.7982548726776245,7996241.818156004,350,S6_worst_case_no_intervention,indonesia,USDC
627,0.8162522347157495,7796335.772702104,350,S6_worst_case_no_intervention,indonesia,USDC
628,0.8289473100836096,7601427.378384552,350,S6_worst_case_no_intervention,indonesia,USDC
629,0.8461161695754222,7411391.693924937,350,S6_worst_case_no_intervention,indonesia,USDC
630,0.8506036058460337,7226106.901576813,350,S6_worst_case_no_intervention,indonesia,USDC
631,0.826008316808195,7045454.229037393,350,S6_worst_case_no_intervention,indonesia,USDC
632,0.8236613616898205,6869317.873311458,350,S6_worst_case_no_intervention,indonesia,USDC
633,0.8106823096301171,6697584.926478673,350,S6_worst_case_no_intervention,indonesia,USDC
634,0.8114063540513559,6530145.303316705,350,S6_worst_case_no_intervention,indonesia,USDC
635,0.8094380681245662,6366891.670733787,350,S6_worst_case_no_intervention,indonesia,USDC
636,0.8224220905216104,6207719.378965443,350,S6_worst_case_no_intervention,indonesia,USDC
637,0.8363989259749182,6052526.394491307,350,S6_worst_case_no_intervention,indonesia,USDC
638,0.8467915680715754,5901213.234629025,350,S6_worst_case_no_intervention,indonesia,USDC
639,0.8524543000529944,5753682.903763299,350,S6_worst_case_no_intervention,indonesia,USDC
640,0.8433329783861542,5609840.831169217,350,S6_worst_case_no_intervention,indonesia,USDC
641,0.8564736863818537,5469594.810389986,350,S6_worst_case_no_intervention,indonesia,USDC
642,0.863021342224176,5332854.940130236,350,S6_worst_case_no_intervention,indonesia,USDC
643,0.8389545882805357,5199533.566626981,350,S6_worst_case_no_intervention,indonesia,USDC
644,0.8149595130459453,5069545.227461306,350,S6_worst_case_no_intervention,indonesia,USDC
645,0.8107377927694389,4942806.596774774,350,S6_worst_case_no_intervention,indonesia,USDC
646,0.8114500930977172,4819236.431855404,350,S6_worst_case_no_intervention,indonesia,USDC
647,0.8192451458174459,4698755.521059019,350,S6_worst_case_no_intervention,indonesia,USDC
648,0.8135978635876348,4581286.633032543,350,S6_worst_case_no_intervention,indonesia,USDC
649,0.8193863678118104,4466754.46720673,350,S6_worst_case_no_intervention,indonesia,USDC
650,0.8066526134288163,4355085.605526562,350,S6_worst_case_no_intervention,indonesia,USDC
651,0.8027878612816765,4246208.465388397,350,S6_worst_case_no_intervention,indonesia,USDC
652,0.7965637350732686,4140053.2537536873,350,S6_worst_case_no_intervention,indonesia,USDC
653,0.8192533000630745,4036551.9224098446,350,S6_worst_case_no_intervention,indonesia,USDC
654,0.8175442526536859,3935638.124349599,350,S6_worst_case_no_intervention,indonesia,USDC
655,0.7953827948832859,3837247.1712408587,350,S6_worst_case_no_intervention,indonesia,USDC
656,0.7672962360130318,3741315.9919598373,350,S6_worst_case_no_intervention,indonesia,USDC
657,0.7651505174011041,3647783.092160841,350,S6_worst_case_no_intervention,indonesia,USDC
658,0.7892157262657401,3556588.51485682,350,S6_worst_case_no_intervention,indonesia,USDC
659,0.7821684673237641,3467673.8019854,350,S6_worst_case_no_intervention,indonesia,USDC
660,0.7836790104252617,3380981.9569357643,350,S6_worst_case_no_intervention,indonesia,USDC
661,0.7918701133855652,3296457.4080123706,350,S6_worst_case_no_intervention,indonesia,USDC
662,0.7764498180037862,3214045.972812061,350,S6_worst_case_no_intervention,indonesia,USDC
663,0.7600978257516922,3133694.8234917596,350,S6_worst_case_no_intervention,indonesia,USDC
664,0.7683041621350372,3055352.4529044656,350,S6_worst_case_no_intervention,indonesia,USDC
665,0.7357369203911356,2978968.641581854,350,S6_worst_case_no_intervention,indonesia,USDC
666,0.762120128912643,2904494.4255423076,350,S6_worst_case_no_intervention,indonesia,USDC
667,0.7733999027071566,2831882.06490375,350,S6_worst_case_no_intervention,indonesia,USDC
668,0.7646029206934462,2761085.0132811563,350,S6_worst_case_no_intervention,indonesia,USDC
669,0.769759812714621,2692057.8879491272,350,S6_worst_case_no_intervention,indonesia,USDC
670,0.7850749346301742,2624756.440750399,350,S6_worst_case_no_intervention,indonesia,USDC
671,0.7901970731696445,2559137.5297316387,350,S6_worst_case_no_intervention,indonesia,USDC
672,0.7995332035067557,2495159.0914883483,350,S6_worst_case_no_intervention,indonesia,USDC
673,0.7921375301239285,2432780.114201139,350,S6_worst_case_no_intervention,indonesia,USDC
674,0.775611811622422,2371960.6113461107,350,S6_worst_case_no_intervention,indonesia,USDC
675,0.7772733417057099,2312661.596062458,350,S6_worst_case_no_intervention,indonesia,USDC
676,0.7675830460364934,2254845.0561608966,350,S6_worst_case_no_intervention,indonesia,USDC
677,0.7784485206512848,2198473.929756874,350,S6_worst_case_no_intervention,indonesia,USDC
678,0.7832771404732132,2143512.081512952,350,S6_worst_case_no_intervention,indonesia,USDC
679,0.8027468570556165,2089924.2794751283,350,S6_worst_case_no_intervention,indonesia,USDC
680,0.7968484962811384,2037676.1724882503,350,S6_worst_case_no_intervention,indonesia,USDC
681,0.7964316426304382,1986734.2681760439,350,S6_worst_case_no_intervention,indonesia,USDC
682,0.7684152145128642,1937065.9114716428,350,S6_worst_case_no_intervention,indonesia,USDC
683,0.7673734735641579,1888639.2636848518,350,S6_worst_case_no_intervention,indonesia,USDC
684,0.7714294427322013,1841423.2820927303,350,S6_worst_case_no_intervention,indonesia,USDC
685,0.7838493576187889,1795387.7000404121,350,S6_worst_case_no_intervention,indonesia,USDC
686,0.766693444182113,1750503.0075394018,350,S6_worst_case_no_intervention,indonesia,USDC
687,0.761890598102696,1706740.4323509168,350,S6_worst_case_no_intervention,indonesia,USDC
688,0.7642994024300538,1664071.9215421437,350,S6_worst_case_no_intervention,indonesia,USDC
689,0.7730586801457214,1622470.12350359,350,S6_worst_case_no_intervention,indonesia,USDC
690,0.7887088502271444,1581908.3704160005,350,S6_worst_case_no_intervention,indonesia,USDC
691,0.7762564548045074,1542360.6611556006,350,S6_worst_case_no_intervention,indonesia,USDC
692,0.7871847813038545,1503801.6446267106,350,S6_worst_case_no_intervention,indonesia,USDC
693,0.8011718281803291,1466206.6035110427,350,S6_worst_case_no_intervention,indonesia,USDC
694,0.8103578012002447,1429551.4384232666,350,S6_worst_case_no_intervention,indonesia,USDC
695,0.7905453786787975,1393812.652462685,350,S6_worst_case_no_intervention,indonesia,USDC
696,0.7661439117787506,1358967.336151118,350,S6_worst_case_no_intervention,indonesia,USDC
697,0.7378263418069811,1324993.1527473398,350,S6_worst_case_no_intervention,indonesia,USDC
698,0.746337799358947,1291868.3239286565,350,S6_worst_case_no_intervention,indonesia,USDC
699,0.7440358371245268,1259571.61583044,350,S6_worst_case_no_intervention,indonesia,USDC
700,0.7371569046568821,1228082.325434679,350,S6_worst_case_no_intervention,indonesia,USDC
701,0.750041630740078,1197380.267298812,350,S6_worst_case_no_intervention,indonesia,USDC
702,0.760011274723914,1167445.7606163416,350,S6_worst_case_no_intervention,indonesia,USDC
703,0.7434730061489985,1138259.616600933,350,S6_worst_case_no_intervention,indonesia,USDC
704,0.7303429033765286,1109803.1261859098,350,S6_worst_case_no_intervention,indonesia,USDC
705,0.715836481393617,1082058.0480312621,350,S6_worst_case_no_intervention,indonesia,USDC
706,0.7156400785617173,1055006.5968304805,350,S6_worst_case_no_intervention,indonesia,USDC
707,0.7323067399523676,1028631.4319097186,350,S6_worst_case_no_intervention,indonesia,USDC
708,0.754972983422164,1002915.6461119757,350,S6_worst_case_no_intervention,indonesia,USDC
709,0.7428977808242575,977842.7549591761,350,S6_worst_case_no_intervention,indonesia,USDC
710,0.7749459531533746,953396.6860851967,350,S6_worst_case_no_intervention,indonesia,USDC
711,0.7938806881974455,929561.7689330669,350,S6_worst_case_no_intervention,indonesia,USDC
712,0.77999882833564,906322.7247097401,350,S6_worst_case_no_intervention,indonesia,USDC
713,0.7722650792013366,883664.6565919967,350,S6_worst_case_no_intervention,indonesia,USDC
714,0.7792572027884043,861573.0401771967,350,S6_worst_case_no_intervention,indonesia,USDC
715,0.7828747080001315,840033.7141727668,350,S6_worst_case_no_intervention,indonesia,USDC
716,0.768154365978496,819032.8713184476,350,S6_worst_case_no_intervention,indonesia,USDC
717,0.7605040965532299,798557.0495354864,350,S6_worst_case_no_intervention,indonesia,USDC
718,0.7699106667718306,778593.1232970994,350,S6_worst_case_no_intervention,indonesia,USDC
719,0.7701008085915195,759128.2952146719,350,S6_worst_case_no_intervention,indonesia,USDC
720,0.761634090391289,740150.0878343051,350,S6_worst_case_no_intervention,indonesia,USDC
721,0.767248661535195,721646.3356384474,350,S6_worst_case_no_intervention,indonesia,USDC
722,0.7763771524055328,703605.1772474863,350,S6_worst_case_no_intervention,indonesia,USDC
723,0.7800908270478262,686015.0478162991,350,S6_worst_case_no_intervention,indonesia,USDC
724,0.7779738462426227,668864.6716208915,350,S6_worst_case_no_intervention,indonesia,USDC
725,0.7593808554176373,652143.0548303693,350,S6_worst_case_no_intervention,indonesia,USDC
726,0.7695978276328996,635839.4784596101,350,S6_worst_case_no_intervention,indonesia,USDC
727,0.7733594466762238,619943.4914981198,350,S6_worst_case_no_intervention,indonesia,USDC
728,0.8016738948934579,604444.9042106669,350,S6_worst_case_no_intervention,indonesia,USDC
729,0.8180093843776206,589333.7816054001,350,S6_worst_case_no_intervention,indonesia,USDC
730,0.8032962223787276,574600.4370652651,350,S6_worst_case_no_intervention,indonesia,USDC
731,0.7907408087632231,560235.4261386335,350,S6_worst_case_no_intervention,indonesia,USDC
732,0.7752105901636339,546229.5404851676,350,S6_worst_case_no_intervention,indonesia,USDC
733,0.7816698245510084,532573.8019730386,350,S6_worst_case_no_intervention,indonesia,USDC
734,0.805378523485538,519259.45692371257,350,S6_worst_case_no_intervention,indonesia,USDC
735,0.7851975851538602,506277.97050061973,350,S6_worst_case_no_intervention,indonesia,USDC
736,0.7998764849215289,493621.0212381042,350,S6_worst_case_no_intervention,indonesia,USDC
737,0.7965097432963649,481280.4957071517,350,S6_worst_case_no_intervention,indonesia,USDC
738,0.7900504487326762,469248.48331447283,350,S6_worst_case_no_intervention,indonesia,USDC
739,0.7966372644195576,457517.2712316111,350,S6_worst_case_no_intervention,indonesia,USDC
740,0.783827468891837,446079.3394508208,350,S6_worst_case_no_intervention,indonesia,USDC
741,0.774402393675165,434927.3559645503,350,S6_worst_case_no_intervention,indonesia,USDC
742,0.7706590884175841,424054.1720654365,350,S6_worst_case_no_intervention,indonesia,USDC
743,0.7659366791740206,413452.8177638006,350,S6_worst_case_no_intervention,indonesia,USDC
744,0.7593103084700908,403116.49731970555,350,S6_worst_case_no_intervention,indonesia,USDC
745,0.7680719802721044,393038.58488671295,350,S6_worst_case_no_intervention,indonesia,USDC
746,0.7826216877163654,383212.6202645451,350,S6_worst_case_no_intervention,indonesia,USDC
747,0.7844444998407887,373632.30475793144,350,S6_worst_case_no_intervention,indonesia,USDC
748,0.784688427160768,364291.4971389832,350,S6_worst_case_no_intervention,indonesia,USDC
749,0.7861603290794081,355184.2097105086,350,S6_worst_case_no_intervention,indonesia,USDC
750,0.7772407524459444,346304.60446774587,350,S6_worst_case_no_intervention,indonesia,USDC
751,0.7693858663017696,337646.98935605225,350,S6_worst_case_no_intervention,indonesia,USDC
752,0.7808660272032506,329205.8146221509,350,S6_worst_case_no_intervention,indonesia,USDC
753,0.7923600416723081,320975.6692565972,350,S6_worst_case_no_intervention,indonesia,USDC
754,0.7971944452762192,312951.27752518223,350,S6_worst_case_no_intervention,indonesia,USDC
755,0.7748910571988629,305127.49558705266,350,S6_worst_case_no_intervention,indonesia,USDC
756,0.7649343736696106,297499.3081973764,350,S6_worst_case_no_intervention,indonesia,USDC
757,0.7680669117131079,290061.82549244195,350,S6_worst_case_no_intervention,indonesia,USDC
758,0.7874613780087044,282810.2798551309,350,S6_worst_case_no_intervention,indonesia,USDC
759,0.7838430324079873,275740.02285875264,350,S6_worst_case_no_intervention,indonesia,USDC
760,0.7694694846907109,268846.5222872838,350,S6_worst_case_no_intervention,indonesia,USDC
761,0.776085588192053,262125.35923010172,350,S6_worst_case_no_intervention,indonesia,USDC
762,0.7778126787646263,255572.2252493492,350,S6_worst_case_no_intervention,indonesia,USDC
763,0.7688145217445321,249182.91961811547,350,S6_worst_case_no_intervention,indonesia,USDC
764,0.7564649614905975,242953.34662766257,350,S6_worst_case_no_intervention,indonesia,USDC
765,0.7546835496950093,236879.512961971,350,S6_worst_case_no_intervention,indonesia,USDC
766,0.7469945686222966,230957.52513792174,350,S6_worst_case_no_intervention,indonesia,USDC
767,0.7554588165379778,225183.5870094737,350,S6_worst_case_no_intervention,indonesia,USDC
768,0.7468981517634017,219553.99733423686,350,S6_worst_case_no_intervention,indonesia,USDC
769,0.7608443323066079,214065.14740088093,350,S6_worst_case_no_intervention,indonesia,USDC
770,0.7559107891884185,208713.51871585893,350,S6_worst_case_no_intervention,indonesia,USDC
771,0.7633124518174058,203495.68074796244,350,S6_worst_case_no_intervention,indonesia,USDC
772,0.7668268352704033,198408.28872926338,350,S6_worst_case_no_intervention,indonesia,USDC
773,0.7809539487897065,193448.0815110318,350,S6_worst_case_no_intervention,indonesia,USDC
774,0.7922983226100071,188611.879473256,350,S6_worst_case_no_intervention,indonesia,USDC
775,0.7662319455547189,183896.58248642462,350,S6_worst_case_no_intervention,indonesia,USDC
776,0.7707114823457164,179299.16792426398,350,S6_worst_case_no_intervention,indonesia,USDC
777,0.7784481430945093,174816.6887261574,350,S6_worst_case_no_intervention,indonesia,USDC
778,0.7847421456474528,170446.27150800347,350,S6_worst_case_no_intervention,indonesia,USDC
779,0.825654024750583,166185.11472030336,350,S6_worst_case_no_intervention,indonesia,USDC
780,0.8349886183295601,162030.48685229578,350,S6_worst_case_no_intervention,indonesia,USDC
781,0.8587782978082027,157979.72468098838,350,S6_worst_case_no_intervention,indonesia,USDC
782,0.84244277740231,154030.2315639637,350,S6_worst_case_no_intervention,indonesia,USDC
783,0.8458408872191893,150179.4757748646,350,S6_worst_case_no_intervention,indonesia,USDC
784,0.8685702340807074,146424.98888049298,350,S6_worst_case_no_intervention,indonesia,USDC
785,0.8609510324301011,142764.36415848066,350,S6_worst_case_no_intervention,indonesia,USDC
786,0.8482818232415106,139195.25505451864,350,S6_worst_case_no_intervention,indonesia,USDC
787,0.8476121433284766,135715.37367815565,350,S6_worst_case_no_intervention,indonesia,USDC
788,0.8281296862556692,132322.48933620178,350,S6_worst_case_no_intervention,indonesia,USDC
789,0.8084785252761679,129014.42710279673,350,S6_worst_case_no_intervention,indonesia,USDC
790,0.8248920257591202,125789.06642522682,350,S6_worst_case_no_intervention,indonesia,USDC
791,0.8273584969124257,122644.33976459614,350,S6_worst_case_no_intervention,indonesia,USDC
792,0.8289310850718679,119578.23127048122,350,S6_worst_case_no_intervention,indonesia,USDC
793,0.8399609141760361,116588.7754887192,350,S6_worst_case_no_intervention,indonesia,USDC
794,0.8296775397230357,113674.05610150122,350,S6_worst_case_no_intervention,indonesia,USDC
795,0.8310849988138245,110832.2046989637,350,S6_worst_case_no_intervention,indonesia,USDC
796,0.8430497560497342,108061.39958148962,350,S6_worst_case_no_intervention,indonesia,USDC
797,0.8205588984373872,105359.86459195236,350,S6_worst_case_no_intervention,indonesia,USDC
798,0.8035322182258098,102725.86797715354,350,S6_worst_case_no_intervention,indonesia,USDC
799,0.8145995568030042,100157.7212777247,350,S6_worst_case_no_intervention,indonesia,USDC
800,0.7956969099896298,97653.77824578158,350,S6_worst_case_no_intervention,indonesia,USDC
801,0.7872759463578445,95212.43378963706,350,S6_worst_case_no_intervention,indonesia,USDC
802,0.7862852718806453,92832.12294489612,350,S6_worst_case_no_intervention,indonesia,USDC
803,0.6659098655403601,90511.31987127372,350,S6_worst_case_no_intervention,indonesia,USDC
804,0.6947803089215518,88248.53687449187,350,S6_worst_case_no_intervention,indonesia,USDC
805,0.699442924781459,86042.32345262959,350,S6_worst_case_no_intervention,indonesia,USDC
806,0.7011218424800841,83891.26536631383,350,S6_worst_case_no_intervention,indonesia,USDC
807,0.7175117641082429,81793.98373215599,350,S6_worst_case_no_intervention,indonesia,USDC
808,0.7396894844740601,79749.1341388521,350,S6_worst_case_no_intervention,indonesia,USDC
809,0.7209699435147944,77755.40578538079,350,S6_worst_case_no_intervention,indonesia,USDC
810,0.7290750761303089,75811.52064074628,350,S6_worst_case_no_intervention,indonesia,USDC
811,0.7359785967499936,73916.23262472762,350,S6_worst_case_no_intervention,indonesia,USDC
812,0.7368001250357659,72068.32680910942,350,S6_worst_case_no_intervention,indonesia,USDC
813,0.743955456425279,70266.61863888169,350,S6_worst_case_no_intervention,indonesia,USDC
814,0.7187450015517356,68509.95317290965,350,S6_worst_case_no_intervention,indonesia,USDC
815,0.722939796586911,66797.2043435869,350,S6_worst_case_no_intervention,indonesia,USDC
816,0.7063849306922941,65127.27423499723,350,S6_worst_case_no_intervention,indonesia,USDC
817,0.7289705473120797,63499.0923791223,350,S6_worst_case_no_intervention,indonesia,USDC
818,0.7236104825863459,61911.61506964425,350,S6_worst_case_no_intervention,indonesia,USDC
819,0.7274490674530874,60363.824692903145,350,S6_worst_case_no_intervention,indonesia,USDC
820,0.7441086107072163,58854.72907558056,350,S6_worst_case_no_intervention,indonesia,USDC
821,0.7640729768911898,57383.36084869105,350,S6_worst_case_no_intervention,indonesia,USDC
822,0.7616214041914536,55948.776827473775,350,S6_worst_case_no_intervention,indonesia,USDC
823,0.7660765762270161,54550.05740678693,350,S6_worst_case_no_intervention,indonesia,USDC
824,0.7377975692200565,53186.30597161725,350,S6_worst_case_no_intervention,indonesia,USDC
825,0.7419407180785604,51856.648322326815,350,S6_worst_case_no_intervention,indonesia,USDC
826,0.7403071146016093,50560.232114268656,350,S6_worst_case_no_intervention,indonesia,USDC
827,0.7362192567179461,49296.22631141194,350,S6_worst_case_no_intervention,indonesia,USDC
828,0.7656174951754307,48063.82065362664,350,S6_worst_case_no_intervention,indonesia,USDC
829,0.7666660130338073,46862.225137285976,350,S6_worst_case_no_intervention,indonesia,USDC
830,0.7647545360695068,45690.669508853825,350,S6_worst_case_no_intervention,indonesia,USDC
831,0.7511658244576037,44548.402771132474,350,S6_worst_case_no_intervention,indonesia,USDC
832,0.7678947270652817,43434.69270185416,350,S6_worst_case_no_intervention,indonesia,USDC
833,0.7600718151384399,42348.82538430781,350,S6_worst_case_no_intervention,indonesia,USDC
834,0.7763957177892374,41290.10474970011,350,S6_worst_case_no_intervention,indonesia,USDC
835,0.7997403659355088,40257.85213095762,350,S6_worst_case_no_intervention,indonesia,USDC
836,0.8302358148047666,39251.40582768367,350,S6_worst_case_no_intervention,indonesia,USDC
837,0.8328252840809726,38270.12068199158,350,S6_worst_case_no_intervention,indonesia,USDC
838,0.827853171160737,37313.36766494179,350,S6_worst_case_no_intervention,indonesia,USDC
839,0.8339257651932614,36380.53347331824,350,S6_worst_case_no_intervention,indonesia,USDC
840,0.8577558603909482,35471.020136485284,350,S6_worst_case_no_intervention,indonesia,USDC
841,0.8536346443105373,34584.24463307315,350,S6_worst_case_no_intervention,indonesia,USDC
842,0.8276588852227371,33719.63851724633,350,S6_worst_case_no_intervention,indonesia,USDC
843,0.8205402398673624,32876.64755431517,350,S6_worst_case_no_intervention,indonesia,USDC
844,0.8234828151022728,32054.73136545729,350,S6_worst_case_no_intervention,indonesia,USDC
845,0.8209761944521926,31253.36308132085,350,S6_worst_case_no_intervention,indonesia,USDC
846,0.8041200690948674,30472.029004287833,350,S6_worst_case_no_intervention,indonesia,USDC
847,0.7848642066355506,29710.22827918064,350,S6_worst_case_no_intervention,indonesia,USDC
848,0.7643373691656834,28967.47257220112,350,S6_worst_case_no_intervention,indonesia,USDC
849,0.7982410035837643,28243.285757896097,350,S6_worst_case_no_intervention,indonesia,USDC
850,0.8132299127715331,27537.203613948695,350,S6_worst_case_no_intervention,indonesia,USDC
851,0.8021447515619834,26848.77352359998,350,S6_worst_case_no_intervention,indonesia,USDC
852,0.7786770483655479,26177.554185509976,350,S6_worst_case_no_intervention,indonesia,USDC
853,0.7675193143226011,25523.115330872228,350,S6_worst_case_no_intervention,indonesia,USDC
854,0.7504357620438092,24885.03744760042,350,S6_worst_case_no_intervention,indonesia,USDC
855,0.7680742411904059,24262.91151141041,350,S6_worst_case_no_intervention,indonesia,USDC
856,0.7598220146803992,23656.33872362515,350,S6_worst_case_no_intervention,indonesia,USDC
857,0.7661085874727599,23064.93025553452,350,S6_worst_case_no_intervention,indonesia,USDC
858,0.7638154189445301,22488.306999146156,350,S6_worst_case_no_intervention,indonesia,USDC
859,0.7854375752104494,21926.099324167502,350,S6_worst_case_no_intervention,indonesia,USDC
860,0.7823386291373005,21377.946841063316,350,S6_worst_case_no_intervention,indonesia,USDC
861,0.7776985025014397,20843.498170036735,350,S6_worst_case_no_intervention,indonesia,USDC
862,0.7761746956677579,20322.410715785816,350,S6_worst_case_no_intervention,indonesia,USDC
863,0.774446673303148,19814.35044789117,350,S6_worst_case_no_intervention,indonesia,USDC
864,0.7742880257014646,19318.991686693887,350,S6_worst_case_no_intervention,indonesia,USDC
865,0.7926085665748189,18836.016894526543,350,S6_worst_case_no_intervention,indonesia,USDC
866,0.7645311143036287,18365.11647216338,350,S6_worst_case_no_intervention,indonesia,USDC
867,0.7824941060455314,17905.988560359296,350,S6_worst_case_no_intervention,indonesia,USDC
868,0.7816691715900346,17458.338846350314,350,S6_worst_case_no_intervention,indonesia,USDC
869,0.6678545599345346,17021.880375191555,350,S6_worst_case_no_intervention,indonesia,USDC
870,0.6856700824125197,16596.333365811766,350,S6_worst_case_no_intervention,indonesia,USDC
871,0.6978748712324288,16181.425031666473,350,S6_worst_case_no_intervention,indonesia,USDC
872,0.6815086579747796,15776.889405874812,350,S6_worst_case_no_intervention,indonesia,USDC
873,0.695270452304947,15382.467170727941,350,S6_worst_case_no_intervention,indonesia,USDC
874,0.7126663865212075,14997.905491459742,350,S6_worst_case_no_intervention,indonesia,USDC
875,0.7180269815293604,14622.957854173248,350,S6_worst_case_no_intervention,indonesia,USDC
876,0.7486480991643482,14257.383907818916,350,S6_worst_case_no_intervention,indonesia,USDC
877,0.7783663923978309,13900.949310123444,350,S6_worst_case_no_intervention,indonesia,USDC
878,0.7860475935855203,13553.425577370357,350,S6_worst_case_no_intervention,indonesia,USDC
879,0.7940299199448505,13214.5899379361,350,S6_worst_case_no_intervention,indonesia,USDC
880,0.800780227538663,12884.225189487694,350,S6_worst_case_no_intervention,indonesia,USDC
881,0.7888832204630639,12562.119559750503,350,S6_worst_case_no_intervention,indonesia,USDC
882,0.7817703588686364,12248.066570756742,350,S6_worst_case_no_intervention,indonesia,USDC
883,0.8097178363816203,11941.864906487823,350,S6_worst_case_no_intervention,indonesia,USDC
884,0.7995750836777143,11643.318283825627,350,S6_worst_case_no_intervention,indonesia,USDC
885,0.7830424705625855,11352.235326729986,350,S6_worst_case_no_intervention,indonesia,USDC
886,0.8018101174030432,11068.429443561738,350,S6_worst_case_no_intervention,indonesia,USDC
887,0.8091583529603257,10791.718707472693,350,S6_worst_case_no_intervention,indonesia,USDC
888,0.7414032435023922,10521.925739785876,350,S6_worst_case_no_intervention,indonesia,USDC
889,0.7622166297633541,10258.877596291228,350,S6_worst_case_no_intervention,indonesia,USDC
890,0.7494021775610606,10002.405656383948,350,S6_worst_case_no_intervention,indonesia,USDC
891,0.7437971300553163,9752.34551497435,350,S6_worst_case_no_intervention,indonesia,USDC
892,0.7496440928422733,9508.53687709999,350,S6_worst_case_no_intervention,indonesia,USDC
893,0.7443447257412833,9270.82345517249,350,S6_worst_case_no_intervention,indonesia,USDC
894,0.7491184427231546,9039.052868793178,350,S6_worst_case_no_intervention,indonesia,USDC
895,0.7580564417984642,8813.07654707335,350,S6_worst_case_no_intervention,indonesia,USDC
896,0.7455208678605733,8592.749633396515,350,S6_worst_case_no_intervention,indonesia,USDC
897,0.7426519149736168,8377.930892561602,350,S6_worst_case_no_intervention,indonesia,USDC
898,0.7342697540692493,8168.482620247563,350,S6_worst_case_no_intervention,indonesia,USDC
899,0.7332167518204311,7964.270554741373,350,S6_worst_case_no_intervention,indonesia,USDC
900,0.753403452503301,7765.163790872839,350,S6_worst_case_no_intervention,indonesia,USDC
901,0.7529854704421959,7571.034696101018,350,S6_worst_case_no_intervention,indonesia,USDC
902,0.7607993169651579,7381.758828698492,350,S6_worst_case_no_intervention,indonesia,USDC
903,0.7467315196271381,7197.214857981031,350,S6_worst_case_no_intervention,indonesia,USDC
904,0.7556025130412414,7017.284486531505,350,S6_worst_case_no_intervention,indonesia,USDC
905,0.769483256111538,6841.852374368217,350,S6_worst_case_no_intervention,indonesia,USDC
906,0.7914702957112381,6670.806065009012,350,S6_worst_case_no_intervention,indonesia,USDC
907,0.8096552941532229,6504.0359133837865,350,S6_worst_case_no_intervention,indonesia,USDC
908,0.8135553648245449,6341.435015549192,350,S6_worst_case_no_intervention,indonesia,USDC
909,0.802586494912698,6182.899140160463,350,S6_worst_case_no_intervention,indonesia,USDC
910,0.7742321500028704,6028.326661656451,350,S6_worst_case_no_intervention,indonesia,USDC
911,0.7732677517425534,5877.618495115039,350,S6_worst_case_no_intervention,indonesia,USDC
912,0.7919904022287424,5730.678032737163,350,S6_worst_case_no_intervention,indonesia,USDC
913,0.7747654433942796,5587.411081918734,350,S6_worst_case_no_intervention,indonesia,USDC
914,0.771155648189297,5447.725804870766,350,S6_worst_case_no_intervention,indonesia,USDC
915,0.7781932745174054,5311.532659748997,350,S6_worst_case_no_intervention,indonesia,USDC
916,0.7966040076689044,5178.744343255272,350,S6_worst_case_no_intervention,indonesia,USDC
917,0.7842158254362449,5049.275734673891,350,S6_worst_case_no_intervention,indonesia,USDC
918,0.7754708703870292,4923.043841307042,350,S6_worst_case_no_intervention,indonesia,USDC
919,0.7799606819939934,4799.967745274367,350,S6_worst_case_no_intervention,indonesia,USDC
920,0.8058338866496404,4679.968551642508,350,S6_worst_case_no_intervention,indonesia,USDC
921,0.7776118455503019,4562.969337851445,350,S6_worst_case_no_intervention,indonesia,USDC
922,0.7972377232950252,4448.895104405159,350,S6_worst_case_no_intervention,indonesia,USDC
923,0.7706566470071189,4337.67272679503,350,S6_worst_case_no_intervention,indonesia,USDC
924,0.7927132070409266,4229.230908625154,350,S6_worst_case_no_intervention,indonesia,USDC
925,0.8016826126955763,4123.500135909526,350,S6_worst_case_no_intervention,indonesia,USDC
926,0.8032925115180873,4020.4126325117873,350,S6_worst_case_no_intervention,indonesia,USDC
927,0.8145275312141144,3919.902316698992,350,S6_worst_case_no_intervention,indonesia,USDC
928,0.8180447664645045,3821.9047587815176,350,S6_worst_case_no_intervention,indonesia,USDC
929,0.8101535986025701,3726.3571398119793,350,S6_worst_case_no_intervention,indonesia,USDC
930,0.7988780356219941,3633.1982113166805,350,S6_worst_case_no_intervention,indonesia,USDC
931,0.7973475728427463,3542.368256033763,350,S6_worst_case_no_intervention,indonesia,USDC
932,0.781993361049,3453.8090496329196,350,S6_worst_case_no_intervention,indonesia,USDC
933,0.803557903200808,3367.463823392097,350,S6_worst_case_no_intervention,indonesia,USDC
934,0.7866952205749065,3283.2772278072944,350,S6_worst_case_no_intervention,indonesia,USDC
935,0.8029712688493769,3201.195297112112,350,S6_worst_case_no_intervention,indonesia,USDC
936,0.7831440254941485,3121.1654146843093,350,S6_worst_case_no_intervention,indonesia,USDC
937,0.7791942149374055,3043.136279317201,350,S6_worst_case_no_intervention,indonesia,USDC
938,0.7845847954959339,2967.057872334271,350,S6_worst_case_no_intervention,indonesia,USDC
939,0.7953744698031809,2892.8814255259144,350,S6_worst_case_no_intervention,indonesia,USDC
940,0.7841232131653899,2820.559389887767,350,S6_worst_case_no_intervention,indonesia,USDC
941,0.7883064902341388,2750.0454051405723,350,S6_worst_case_no_intervention,indonesia,USDC
942,0.791988768515774,2681.2942700120584,350,S6_worst_case_no_intervention,indonesia,USDC
943,0.7971168201540694,2614.2619132617565,350,S6_worst_case_no_intervention,indonesia,USDC
944,0.8094957854911812,2548.9053654302124,350,S6_worst_case_no_intervention,indonesia,USDC
945,0.8240579441869668,2485.1827312944574,350,S6_worst_case_no_intervention,indonesia,USDC
946,0.8264203312043142,2423.053163012096,350,S6_worst_case_no_intervention,indonesia,USDC
947,0.8297604771811378,2362.476833936794,350,S6_worst_case_no_intervention,indonesia,USDC
948,0.7884862917001281,2303.414913088374,350,S6_worst_case_no_intervention,indonesia,USDC
949,0.8043594420108651,2245.8295402611643,350,S6_worst_case_no_intervention,indonesia,USDC
950,0.8168361385056073,2189.683801754635,350,S6_worst_case_no_intervention,indonesia,USDC
951,0.7996452429405891,2134.9417067107693,350,S6_worst_case_no_intervention,indonesia,USDC
952,0.7957751756536605,2081.568164043,350,S6_worst_case_no_intervention,indonesia,USDC
953,0.8013578425926885,2029.5289599419252,350,S6_worst_case_no_intervention,indonesia,USDC
954,0.7841515182971492,1978.790735943377,350,S6_worst_case_no_intervention,indonesia,USDC
955,0.7999993279956028,1929.3209675447924,350,S6_worst_case_no_intervention,indonesia,USDC
956,0.7895145052556977,1881.0879433561727,350,S6_worst_case_no_intervention,indonesia,USDC
957,0.7977225865019543,1834.0607447722687,350,S6_worst_case_no_intervention,indonesia,USDC
958,0.8126276991795852,1788.2092261529617,350,S6_worst_case_no_intervention,indonesia,USDC
959,0.807302234915179,1743.5039954991378,350,S6_worst_case_no_intervention,indonesia,USDC
960,0.7832850409534472,1699.9163956116595,350,S6_worst_case_no_intervention,indonesia,USDC
961,0.7906024572135281,1657.4184857213681,350,S6_worst_case_no_intervention,indonesia,USDC
962,0.7984705241468862,1615.9830235783338,350,S6_worst_case_no_intervention,indonesia,USDC
963,0.8048509123263188,1575.5834479888754,350,S6_worst_case_no_intervention,indonesia,USDC
964,0.7949283131362412,1536.1938617891535,350,S6_worst_case_no_intervention,indonesia,USDC
965,0.8021856716949879,1497.7890152444247,350,S6_worst_case_no_intervention,indonesia,USDC
966,0.8172980627249087,1460.3442898633139,350,S6_worst_case_no_intervention,indonesia,USDC
967,0.8188115376999752,1423.835682616731,350,S6_worst_case_no_intervention,indonesia,USDC
968,0.739948173778791,1388.239790551313,350,S6_worst_case_no_intervention,indonesia,USDC
969,0.7612899133646774,1353.53379578753,350,S6_worst_case_no_intervention,indonesia,USDC
970,0.7577845937225949,1319.6954508928416,350,S6_worst_case_no_intervention,indonesia,USDC
971,0.7756543252717125,1286.7030646205205,350,S6_worst_case_no_intervention,indonesia,USDC
972,0.778291433188393,1254.5354880050077,350,S6_worst_case_no_intervention,indonesia,USDC
973,0.7768491851670918,1223.1721008048823,350,S6_worst_case_no_intervention,indonesia,USDC
974,0.7850841807113766,1192.5927982847604,350,S6_worst_case_no_intervention,indonesia,USDC
975,0.7705686469811095,1162.7779783276414,350,S6_worst_case_no_intervention,indonesia,USDC
976,0.7698899061392286,1133.7085288694502,350,S6_worst_case_no_intervention,indonesia,USDC
977,0.7772793301580775,1105.365815647714,350,S6_worst_case_no_intervention,indonesia,USDC
978,0.7859616001380376,1077.7316702565213,350,S6_worst_case_no_intervention,indonesia,USDC
979,0.76728112055082,1050.7883785001081,350,S6_worst_case_no_intervention,indonesia,USDC
980,0.7436341058408784,1024.5186690376054,350,S6_worst_case_no_intervention,indonesia,USDC
981,0.7493487000770778,998.9057023116652,350,S6_worst_case_no_intervention,indonesia,USDC
982,0.7509591556207288,973.9330597538737,350,S6_worst_case_no_intervention,indonesia,USDC
983,0.7520586263549763,949.5847332600267,350,S6_worst_case_no_intervention,indonesia,USDC
984,0.7518991007437219,925.8451149285261,350,S6_worst_case_no_intervention,indonesia,USDC
985,0.7633617175891779,902.698987055313,350,S6_worst_case_no_intervention,indonesia,USDC
986,0.7636987816967511,880.1315123789301,350,S6_worst_case_no_intervention,indonesia,USDC
987,0.7590031048204527,858.1282245694568,350,S6_worst_case_no_intervention,indonesia,USDC
988,0.7476973505571545,836.6750189552204,350,S6_worst_case_no_intervention,indonesia,USDC
989,0.7725386853012275,815.7581434813399,350,S6_worst_case_no_intervention,indonesia,USDC
990,0.7989558643927653,795.3641898943065,350,S6_worst_case_no_intervention,indonesia,USDC
991,0.7987051133014197,775.4800851469488,350,S6_worst_case_no_intervention,indonesia,USDC
992,0.7920821393084098,756.0930830182751,350,S6_worst_case_no_intervention,indonesia,USDC
993,0.7826274778812827,737.1907559428182,350,S6_worst_case_no_intervention,indonesia,USDC
994,0.7966614919526852,718.7609870442477,350,S6_worst_case_no_intervention,indonesia,USDC
995,0.7789695619385006,700.7919623681415,350,S6_worst_case_no_intervention,indonesia,USDC
996,0.7705037964414261,683.2721633089379,350,S6_worst_case_no_intervention,indonesia,USDC
997,0.7755209360719505,666.1903592262146,350,S6_worst_case_no_intervention,indonesia,USDC
998,0.7559159292609638,649.5356002455592,350,S6_worst_case_no_intervention,indonesia,USDC
999,0.7529201107501698,633.2972102394202,350,S6_worst_case_no_intervention,indonesia,USDC
1000,0.7401743964808334,617.4647799834347,350,S6_worst_case_no_intervention,indonesia,USDC
