Step,price,liquidity,iteration,scenario,region,coin
1,1.0015368313818647,2988953441466.5645,527,S6_worst_case_no_intervention,indonesia,USDC
2,1.0023282866343313,2988953441466.5645,527,S6_worst_case_no_intervention,indonesia,USDC
3,1.0292929454529343,2988953441466.5645,527,S6_worst_case_no_intervention,indonesia,USDC
4,1.052644887651664,2988953441466.5645,527,S6_worst_case_no_intervention,indonesia,USDC
5,1.0586344700508465,2988953441466.5645,527,S6_worst_case_no_intervention,indonesia,USDC
6,1.0542432488071973,2988953441466.5645,527,S6_worst_case_no_intervention,indonesia,USDC
7,1.0680388207909017,2988953441466.5645,527,S6_worst_case_no_intervention,indonesia,USDC
8,1.0605975700188839,2988953441466.5645,527,S6_worst_case_no_intervention,indonesia,USDC
9,1.0862630416027228,2988953441466.5645,527,S6_worst_case_no_intervention,indonesia,USDC
10,1.0954024351021674,2988953441466.5645,527,S6_worst_case_no_intervention,indonesia,USDC
11,1.05925973723714,2988953441466.5645,527,S6_worst_case_no_intervention,indonesia,USDC
12,0.9115256597132028,2988953441466.5645,527,S6_worst_case_no_intervention,indonesia,USDC
13,0.9087788905307687,2985425455843.5273,527,S6_worst_case_no_intervention,indonesia,USDC
14,0.9368642664498984,2981951422059.5747,527,S6_worst_case_no_intervention,indonesia,USDC
15,0.9291508524707066,2980140981890.8906,527,S6_worst_case_no_intervention,indonesia,USDC
16,0.9182260409289786,2978053816702.92,527,S6_worst_case_no_intervention,indonesia,USDC
17,0.9408571174509099,2975459237746.668,527,S6_worst_case_no_intervention,indonesia,USDC
18,0.9419671352573504,2974099299028.5825,527,S6_worst_case_no_intervention,indonesia,USDC
19,0.9380321506580866,2972794590040.204,527,S6_worst_case_no_intervention,indonesia,USDC
20,0.8449101727192841,2971388785329.2,527,S6_worst_case_no_intervention,indonesia,USDC
21,0.8454192068316868,2966062659559.609,527,S6_worst_case_no_intervention,indonesia,USDC
22,0.8638032502838633,2961296581390.653,527,S6_worst_case_no_intervention,indonesia,USDC
23,0.8513575167836273,2957793512080.407,527,S6_worst_case_no_intervention,indonesia,USDC
24,0.8519858181021538,2954344809065.4644,527,S6_worst_case_no_intervention,indonesia,USDC
25,0.8518075174413536,2951366857801.6733,527,S6_worst_case_no_intervention,indonesia,USDC
26,0.8433784568103806,2948635829637.4805,527,S6_worst_case_no_intervention,indonesia,USDC
27,0.8732996081709661,2946066536478.8633,527,S6_worst_case_no_intervention,indonesia,USDC
28,0.8743873785526873,2944387107318.8604,527,S6_worst_case_no_intervention,indonesia,USDC
29,0.8945538399076008,2942865815307.8506,527,S6_worst_case_no_intervention,indonesia,USDC
30,0.8889921284912338,2941803960005.3135,527,S6_worst_case_no_intervention,indonesia,USDC
31,0.8854545357260065,2940730771186.13,527,S6_worst_case_no_intervention,indonesia,USDC
32,0.877720183951963,2939725073322.0366,527,S6_worst_case_no_intervention,indonesia,USDC
33,0.897347861934527,2938700326717.748,527,S6_worst_case_no_intervention,indonesia,USDC
34,0.9220145802272814,2938004592272.047,527,S6_worst_case_no_intervention,indonesia,USDC
35,0.9074628473541886,2937556836322.74,527,S6_worst_case_no_intervention,indonesia,USDC
36,0.9105939358259539,2937015812936.757,527,S6_worst_case_no_intervention,indonesia,USDC
37,0.9330336389876901,2936546802591.134,527,S6_worst_case_no_intervention,indonesia,USDC
38,0.9246415559371974,2936266140861.6553,527,S6_worst_case_no_intervention,indonesia,USDC
39,0.9423392966959361,2935933660831.5347,527,S6_worst_case_no_intervention,indonesia,USDC
40,0.9561066246246375,2935748452739.4194,527,S6_worst_case_no_intervention,indonesia,USDC
41,0.9623213309914852,2935661379294.9824,527,S6_worst_case_no_intervention,indonesia,USDC
42,0.9502608241137873,2935612612097.846,527,S6_worst_case_no_intervention,indonesia,USDC
43,0.9828627853659826,2935482787113.692,527,S6_worst_case_no_intervention,indonesia,USDC
44,0.9881824299182986,2935482787113.692,527,S6_worst_case_no_intervention,indonesia,USDC
45,0.9816807936996024,2935482787113.692,527,S6_worst_case_no_intervention,indonesia,USDC
46,0.9697235781006991,2935482787113.692,527,S6_worst_case_no_intervention,indonesia,USDC
47,0.9538734266139641,2935481548673.9155,527,S6_worst_case_no_intervention,indonesia,USDC
48,0.9704008112692556,2935373016715.2026,527,S6_worst_case_no_intervention,indonesia,USDC
49,0.962583370235021,2935373016715.2026,527,S6_worst_case_no_intervention,indonesia,USDC
50,0.9854630832232754,2935332204760.4253,527,S6_worst_case_no_intervention,indonesia,USDC
51,0.9599975387394117,2935332204760.4253,527,S6_worst_case_no_intervention,indonesia,USDC
52,0.9854996485724795,2935275178852.26,527,S6_worst_case_no_intervention,indonesia,USDC
53,0.9583121474865869,2935275178852.26,527,S6_worst_case_no_intervention,indonesia,USDC
54,0.9542294587547424,2935212590654.9355,527,S6_worst_case_no_intervention,indonesia,USDC
55,0.971058370737402,2935120661326.724,527,S6_worst_case_no_intervention,indonesia,USDC
56,0.9576196410150557,2935120661326.724,527,S6_worst_case_no_intervention,indonesia,USDC
57,0.9749118333763707,2935046419773.159,527,S6_worst_case_no_intervention,indonesia,USDC
58,0.9635321272752793,2935046419773.159,527,S6_worst_case_no_intervention,indonesia,USDC
59,0.9494262506722743,2935009620686.213,527,S6_worst_case_no_intervention,indonesia,USDC
60,0.9635671067186646,2934881168816.9873,527,S6_worst_case_no_intervention,indonesia,USDC
61,0.9772249643225671,2934841857025.8057,527,S6_worst_case_no_intervention,indonesia,USDC
62,1.0004706291144951,2934841857025.8057,527,S6_worst_case_no_intervention,indonesia,USDC
63,0.9965322456530007,2934841857025.8057,527,S6_worst_case_no_intervention,indonesia,USDC
64,0.9754493799761463,2934841857025.8057,527,S6_worst_case_no_intervention,indonesia,USDC
65,0.9992602284641601,2934841857025.8057,527,S6_worst_case_no_intervention,indonesia,USDC
66,0.9932892883996735,2934841857025.8057,527,S6_worst_case_no_intervention,indonesia,USDC
67,0.974271285213891,2934841857025.8057,527,S6_worst_case_no_intervention,indonesia,USDC
68,0.9618447050907153,2934841857025.8057,527,S6_worst_case_no_intervention,indonesia,USDC
69,0.9656687845713987,2934796207692.733,527,S6_worst_case_no_intervention,indonesia,USDC
70,0.9844528826705119,2934780458397.966,527,S6_worst_case_no_intervention,indonesia,USDC
71,0.969639324388909,2934780458397.966,527,S6_worst_case_no_intervention,indonesia,USDC
72,0.9779980105735633,2934778291735.19,527,S6_worst_case_no_intervention,indonesia,USDC
73,0.9501053459447104,2934778291735.19,527,S6_worst_case_no_intervention,indonesia,USDC
74,0.9356374546085682,2934668808527.6387,527,S6_worst_case_no_intervention,indonesia,USDC
75,0.9343378437713535,2934472640903.516,527,S6_worst_case_no_intervention,indonesia,USDC
76,0.961591721810601,2934269726931.7866,527,S6_worst_case_no_intervention,indonesia,USDC
77,0.9720583161726992,2934223643625.4717,527,S6_worst_case_no_intervention,indonesia,USDC
78,0.9554510570031377,2934223643625.4717,527,S6_worst_case_no_intervention,indonesia,USDC
79,0.9644861290321284,2934148621203.3354,527,S6_worst_case_no_intervention,indonesia,USDC
80,0.9678769663514886,2934125432247.9,527,S6_worst_case_no_intervention,indonesia,USDC
81,0.940195439934807,2934116975315.4336,527,S6_worst_case_no_intervention,indonesia,USDC
82,0.9632593206282218,2933968938624.531,527,S6_worst_case_no_intervention,indonesia,USDC
83,0.9575056769745611,2933943583758.981,527,S6_worst_case_no_intervention,indonesia,USDC
84,0.9631090003026278,2933886607291.7773,527,S6_worst_case_no_intervention,indonesia,USDC
85,0.9798055224596104,2933860942370.89,527,S6_worst_case_no_intervention,indonesia,USDC
86,0.960341949249569,2933860942370.89,527,S6_worst_case_no_intervention,indonesia,USDC
87,0.9412098992135604,2933822111652.544,527,S6_worst_case_no_intervention,indonesia,USDC
88,0.9722207286315826,2933687414417.358,527,S6_worst_case_no_intervention,indonesia,USDC
89,0.9988804867857489,2933687414417.358,527,S6_worst_case_no_intervention,indonesia,USDC
90,1.022102464683342,2933687414417.358,527,S6_worst_case_no_intervention,indonesia,USDC
91,0.9961746942948102,2933687414417.358,527,S6_worst_case_no_intervention,indonesia,USDC
92,0.9800688525153647,2933687414417.358,527,S6_worst_case_no_intervention,indonesia,USDC
93,0.9557698056787369,2933687414417.358,527,S6_worst_case_no_intervention,indonesia,USDC
94,0.9152983599033704,2933617965597.769,527,S6_worst_case_no_intervention,indonesia,USDC
95,0.9522895690001195,2933375282630.7197,527,S6_worst_case_no_intervention,indonesia,USDC
96,0.961058642856234,2933298173942.3545,527,S6_worst_case_no_intervention,indonesia,USDC
97,0.9793376456304255,2933263932936.2935,527,S6_worst_case_no_intervention,indonesia,USDC
98,0.9547308007026497,2933263932936.2935,527,S6_worst_case_no_intervention,indonesia,USDC
99,0.9625276116963111,2933199418191.3086,527,S6_worst_case_no_intervention,indonesia,USDC
100,0.9789322973808491,2933174910724.9297,527,S6_worst_case_no_intervention,indonesia,USDC
101,0.8214672405826186,2933174910724.9297,527,S6_worst_case_no_intervention,indonesia,USDC
102,0.8495123054414487,2932567340673.4185,527,S6_worst_case_no_intervention,indonesia,USDC
103,0.8416659607409999,2932127786516.335,527,S6_worst_case_no_intervention,indonesia,USDC
104,0.8775594035937219,2931733718291.0234,527,S6_worst_case_no_intervention,indonesia,USDC
105,0.931205978830618,2931474607267.627,527,S6_worst_case_no_intervention,indonesia,USDC
106,0.9364512350446992,2931373776175.4023,527,S6_worst_case_no_intervention,indonesia,USDC
107,0.9106175195756747,2931290065618.4336,527,S6_worst_case_no_intervention,indonesia,USDC
108,0.9118938868125681,2931154225128.0195,527,S6_worst_case_no_intervention,indonesia,USDC
109,0.9404848138903403,2931022391123.3457,527,S6_worst_case_no_intervention,indonesia,USDC
110,0.965510786005416,2930963692052.6445,527,S6_worst_case_no_intervention,indonesia,USDC
111,0.974359246119401,2930955587018.422,527,S6_worst_case_no_intervention,indonesia,USDC
112,0.9846057438491018,2930955587018.422,527,S6_worst_case_no_intervention,indonesia,USDC
113,0.9400385241825548,2930955587018.422,527,S6_worst_case_no_intervention,indonesia,USDC
114,0.927330437614767,2930899932734.473,527,S6_worst_case_no_intervention,indonesia,USDC
115,0.9398688535680778,2930821599335.342,527,S6_worst_case_no_intervention,indonesia,USDC
116,0.9834528665304061,2930767416322.6104,527,S6_worst_case_no_intervention,indonesia,USDC
117,0.967238181617098,2930767416322.6104,527,S6_worst_case_no_intervention,indonesia,USDC
118,0.9911293220152033,2930763259585.958,527,S6_worst_case_no_intervention,indonesia,USDC
119,0.9554177657457307,2930763259585.958,527,S6_worst_case_no_intervention,indonesia,USDC
120,0.9318763635308123,2930738819529.8438,527,S6_worst_case_no_intervention,indonesia,USDC
121,0.9024827770766394,2857405990718.259,527,S6_worst_case_no_intervention,indonesia,USDC
122,0.883782810248525,2785862582128.317,527,S6_worst_case_no_intervention,indonesia,USDC
123,0.9289373915955214,2716079787239.3203,527,S6_worst_case_no_intervention,indonesia,USDC
124,0.8968770128311543,2648122421757.9395,527,S6_worst_case_no_intervention,indonesia,USDC
125,0.9006844084159447,2581820444892.7715,527,S6_worst_case_no_intervention,indonesia,USDC
126,0.8969458903320343,2517183636632.03,527,S6_worst_case_no_intervention,indonesia,USDC
127,0.8851860730036754,2454164700399.2275,527,S6_worst_case_no_intervention,indonesia,USDC
128,0.8729913617048338,2392721159498.2163,527,S6_worst_case_no_intervention,indonesia,USDC
129,0.8635852969119192,2332804544104.8438,527,S6_worst_case_no_intervention,indonesia,USDC
130,0.8228926454581622,2274391104100.089,527,S6_worst_case_no_intervention,indonesia,USDC
131,0.8216259334573571,2217415076480.05,527,S6_worst_case_no_intervention,indonesia,USDC
132,0.8265237489424958,2161877018261.7495,527,S6_worst_case_no_intervention,indonesia,USDC
133,0.8377738143364779,2107743619318.185,527,S6_worst_case_no_intervention,indonesia,USDC
134,0.8315619694842495,2054984743700.931,527,S6_worst_case_no_intervention,indonesia,USDC
135,0.8579921767007318,2003547916679.6562,527,S6_worst_case_no_intervention,indonesia,USDC
136,0.8552091980626341,1953415023941.996,527,S6_worst_case_no_intervention,indonesia,USDC
137,0.8599382894760884,1904542112159.1929,527,S6_worst_case_no_intervention,indonesia,USDC
138,0.8573041650346552,1856896579204.0054,527,S6_worst_case_no_intervention,indonesia,USDC
139,0.8416664837258256,1810444888312.6953,527,S6_worst_case_no_intervention,indonesia,USDC
140,0.8508699500574533,1765153344523.1514,527,S6_worst_case_no_intervention,indonesia,USDC
141,0.84932816167493,1720999341979.5332,527,S6_worst_case_no_intervention,indonesia,USDC
142,0.8809516450909034,1677952879203.836,527,S6_worst_case_no_intervention,indonesia,USDC
143,0.8604269275873258,1635990121548.9458,527,S6_worst_case_no_intervention,indonesia,USDC
144,0.856133782867704,1595074276266.3071,527,S6_worst_case_no_intervention,indonesia,USDC
145,0.8529542455866347,1555182509340.2715,527,S6_worst_case_no_intervention,indonesia,USDC
146,0.8624191634254473,1516289041369.0984,527,S6_worst_case_no_intervention,indonesia,USDC
147,0.7880088622351302,1478370539003.7393,527,S6_worst_case_no_intervention,indonesia,USDC
148,0.7683141477975914,1441394583776.0469,527,S6_worst_case_no_intervention,indonesia,USDC
149,0.7948057688196755,1405343945390.35,527,S6_worst_case_no_intervention,indonesia,USDC
150,0.8017538953878609,1370199710198.7537,527,S6_worst_case_no_intervention,indonesia,USDC
151,0.7784837206777382,1335936305034.929,527,S6_worst_case_no_intervention,indonesia,USDC
152,0.7794577822990896,1302529794363.5176,527,S6_worst_case_no_intervention,indonesia,USDC
153,0.7994761955844613,1269960453835.2883,527,S6_worst_case_no_intervention,indonesia,USDC
154,0.8290334141135512,1238206723736.48,527,S6_worst_case_no_intervention,indonesia,USDC
155,0.8067387135690963,1207248404589.458,527,S6_worst_case_no_intervention,indonesia,USDC
156,0.7936776319206061,1177064190261.8137,527,S6_worst_case_no_intervention,indonesia,USDC
157,0.8019050706954519,1147634852747.3281,527,S6_worst_case_no_intervention,indonesia,USDC
158,0.8200059744519633,1118941687857.1738,527,S6_worst_case_no_intervention,indonesia,USDC
159,0.8037975297697787,1090966453728.9509,527,S6_worst_case_no_intervention,indonesia,USDC
160,0.8282119530906185,1063690770135.5652,527,S6_worst_case_no_intervention,indonesia,USDC
161,0.8329286023345016,1037097394755.1135,527,S6_worst_case_no_intervention,indonesia,USDC
162,0.8176381884901098,1011169024227.5891,527,S6_worst_case_no_intervention,indonesia,USDC
163,0.8056162477857404,985888923025.7588,527,S6_worst_case_no_intervention,indonesia,USDC
164,0.8175780645546005,961240884804.8242,527,S6_worst_case_no_intervention,indonesia,USDC
165,0.8091969428555816,937209272508.9696,527,S6_worst_case_no_intervention,indonesia,USDC
166,0.810399291158687,913778487241.2866,527,S6_worst_case_no_intervention,indonesia,USDC
167,0.8035208826832854,890933565452.0826,527,S6_worst_case_no_intervention,indonesia,USDC
168,0.8071412116408244,868659815842.3337,527,S6_worst_case_no_intervention,indonesia,USDC
169,0.8161934219144447,846942994250.5674,527,S6_worst_case_no_intervention,indonesia,USDC
170,0.8139581102532764,825769156975.2887,527,S6_worst_case_no_intervention,indonesia,USDC
171,0.8168342691369885,805124717387.232,527,S6_worst_case_no_intervention,indonesia,USDC
172,0.7930996082530731,784996412828.0149,527,S6_worst_case_no_intervention,indonesia,USDC
173,0.8056589449809889,765371320998.3226,527,S6_worst_case_no_intervention,indonesia,USDC
174,0.8239302341721397,746236905570.0769,527,S6_worst_case_no_intervention,indonesia,USDC
175,0.8296453741538732,727580886510.7305,527,S6_worst_case_no_intervention,indonesia,USDC
176,0.8249831644235996,709391279710.0688,527,S6_worst_case_no_intervention,indonesia,USDC
177,0.8042577413999232,691656424395.997,527,S6_worst_case_no_intervention,indonesia,USDC
178,0.8007693494881215,674364943725.6945,527,S6_worst_case_no_intervention,indonesia,USDC
179,0.7977851559443194,657505757862.9303,527,S6_worst_case_no_intervention,indonesia,USDC
180,0.7985719598266867,641068064675.3511,527,S6_worst_case_no_intervention,indonesia,USDC
181,0.7959771206609314,625041322235.6082,527,S6_worst_case_no_intervention,indonesia,USDC
182,0.7973903567663623,609415253928.553,527,S6_worst_case_no_intervention,indonesia,USDC
183,0.8199381156526633,594179843629.6395,527,S6_worst_case_no_intervention,indonesia,USDC
184,0.8207587230521972,579325325821.2234,527,S6_worst_case_no_intervention,indonesia,USDC
185,0.8022293771313991,564842175159.8838,527,S6_worst_case_no_intervention,indonesia,USDC
186,0.7951199552614608,550721103286.118,527,S6_worst_case_no_intervention,indonesia,USDC
187,0.8094256641266804,536953061505.4138,527,S6_worst_case_no_intervention,indonesia,USDC
188,0.8170903076557957,523529224152.2511,527,S6_worst_case_no_intervention,indonesia,USDC
189,0.8183724035465952,510440984664.41534,527,S6_worst_case_no_intervention,indonesia,USDC
190,0.8181810241747437,497679952735.8176,527,S6_worst_case_no_intervention,indonesia,USDC
191,0.8246301386078974,485237947540.21375,527,S6_worst_case_no_intervention,indonesia,USDC
192,0.8000063439571294,473106993446.4234,527,S6_worst_case_no_intervention,indonesia,USDC
193,0.8032435528935971,461279313236.6743,527,S6_worst_case_no_intervention,indonesia,USDC
194,0.8062721843859798,449747326141.28,527,S6_worst_case_no_intervention,indonesia,USDC
195,0.8062800379229108,438503639511.73175,527,S6_worst_case_no_intervention,indonesia,USDC
196,0.8029030190851699,427541045623.2418,527,S6_worst_case_no_intervention,indonesia,USDC
197,0.8252372492732165,416852517011.74744,527,S6_worst_case_no_intervention,indonesia,USDC
198,0.8273025510325308,406431202343.58685,527,S6_worst_case_no_intervention,indonesia,USDC
199,0.8137832247949028,396270420783.1233,527,S6_worst_case_no_intervention,indonesia,USDC
200,0.8083487605223402,386363658883.11017,527,S6_worst_case_no_intervention,indonesia,USDC
201,0.8360807336006243,376704566227.195,527,S6_worst_case_no_intervention,indonesia,USDC
202,0.8217372250684368,367286951192.41077,527,S6_worst_case_no_intervention,indonesia,USDC
203,0.814822857864279,358104776591.82874,527,S6_worst_case_no_intervention,indonesia,USDC
204,0.8172237675101931,349152156460.68225,527,S6_worst_case_no_intervention,indonesia,USDC
205,0.7868243229961035,340423351952.1195,527,S6_worst_case_no_intervention,indonesia,USDC
206,0.8034877694332165,331912767545.0245,527,S6_worst_case_no_intervention,indonesia,USDC
207,0.8175409303998116,323614947912.8404,527,S6_worst_case_no_intervention,indonesia,USDC
208,0.8196300772055722,315524573853.1445,527,S6_worst_case_no_intervention,indonesia,USDC
209,0.8160051921152868,307636459212.5999,527,S6_worst_case_no_intervention,indonesia,USDC
210,0.8242567001852323,299945547486.5381,527,S6_worst_case_no_intervention,indonesia,USDC
211,0.8647028477890274,292446908588.942,527,S6_worst_case_no_intervention,indonesia,USDC
212,0.8669440839792993,285135735745.02765,527,S6_worst_case_no_intervention,indonesia,USDC
213,0.8580558025734959,278007342243.2818,527,S6_worst_case_no_intervention,indonesia,USDC
214,0.8621964482064485,271057158577.24072,527,S6_worst_case_no_intervention,indonesia,USDC
215,0.8586421373273274,264280729522.93005,527,S6_worst_case_no_intervention,indonesia,USDC
216,0.8517129539591962,257673711201.90027,527,S6_worst_case_no_intervention,indonesia,USDC
217,0.8580910556210908,251231868340.14896,527,S6_worst_case_no_intervention,indonesia,USDC
218,0.8386806648117314,244951071566.71265,527,S6_worst_case_no_intervention,indonesia,USDC
219,0.8411442651804044,238827294708.27478,527,S6_worst_case_no_intervention,indonesia,USDC
220,0.8545156550577587,232856612282.60226,527,S6_worst_case_no_intervention,indonesia,USDC
221,0.8678816916158978,227035196931.34613,527,S6_worst_case_no_intervention,indonesia,USDC
222,0.8694335866628603,221359316971.76672,527,S6_worst_case_no_intervention,indonesia,USDC
223,0.8436540583217041,215825334016.19183,527,S6_worst_case_no_intervention,indonesia,USDC
224,0.8405226099200626,210429700630.20532,527,S6_worst_case_no_intervention,indonesia,USDC
225,0.8074691526192609,205168958081.24237,527,S6_worst_case_no_intervention,indonesia,USDC
226,0.8147838948522639,200039734093.77188,527,S6_worst_case_no_intervention,indonesia,USDC
227,0.820343829810607,195038740713.7753,527,S6_worst_case_no_intervention,indonesia,USDC
228,0.8183970029710437,190162772172.91608,527,S6_worst_case_no_intervention,indonesia,USDC
229,0.8174535490135345,185408702849.57043,527,S6_worst_case_no_intervention,indonesia,USDC
230,0.8274390198585447,180773485262.0014,527,S6_worst_case_no_intervention,indonesia,USDC
231,0.8791488913070764,176254148116.61932,527,S6_worst_case_no_intervention,indonesia,USDC
232,0.8714827505327437,171847794406.18448,527,S6_worst_case_no_intervention,indonesia,USDC
233,0.8555597680949647,167551599539.12173,527,S6_worst_case_no_intervention,indonesia,USDC
234,0.8715383291267071,163362809543.18585,527,S6_worst_case_no_intervention,indonesia,USDC
235,0.8421911370168128,159278739298.92505,527,S6_worst_case_no_intervention,indonesia,USDC
236,0.8482298853751048,155296770809.93478,527,S6_worst_case_no_intervention,indonesia,USDC
237,0.8508720383855108,151414351534.13147,527,S6_worst_case_no_intervention,indonesia,USDC
238,0.8535129890578821,147628992740.99985,527,S6_worst_case_no_intervention,indonesia,USDC
239,0.8647818430658235,143938267918.3514,527,S6_worst_case_no_intervention,indonesia,USDC
240,0.8474683777431157,140339811217.1707,527,S6_worst_case_no_intervention,indonesia,USDC
241,0.8713238043441381,136831315933.29198,527,S6_worst_case_no_intervention,indonesia,USDC
242,0.8368561099526028,133410533032.40927,527,S6_worst_case_no_intervention,indonesia,USDC
243,0.8179840046883647,130075269703.69722,527,S6_worst_case_no_intervention,indonesia,USDC
244,0.8013376510149592,126823387958.08807,527,S6_worst_case_no_intervention,indonesia,USDC
245,0.8157566082766318,123652803256.24911,527,S6_worst_case_no_intervention,indonesia,USDC
246,0.8259629314696015,120561483172.74487,527,S6_worst_case_no_intervention,indonesia,USDC
247,0.795989567885838,117547446091.8054,527,S6_worst_case_no_intervention,indonesia,USDC
248,0.7846866578480034,114608759937.78836,527,S6_worst_case_no_intervention,indonesia,USDC
249,0.7756643693262737,111743540937.8547,527,S6_worst_case_no_intervention,indonesia,USDC
250,0.7610960479969476,108949952413.10236,527,S6_worst_case_no_intervention,indonesia,USDC
251,0.7695273149381063,106226203601.61925,527,S6_worst_case_no_intervention,indonesia,USDC
252,0.7837238565451666,103570548510.6851,527,S6_worst_case_no_intervention,indonesia,USDC
253,0.7727409781589512,100981284797.25922,527,S6_worst_case_no_intervention,indonesia,USDC
254,0.7597506350345428,98456752676.79657,527,S6_worst_case_no_intervention,indonesia,USDC
255,0.7849811432534043,95995333859.4101,527,S6_worst_case_no_intervention,indonesia,USDC
256,0.7916665077064322,93595450512.58649,527,S6_worst_case_no_intervention,indonesia,USDC
257,0.7798190069900511,91255564249.51764,527,S6_worst_case_no_intervention,indonesia,USDC
258,0.7891463849366437,88974175143.04807,527,S6_worst_case_no_intervention,indonesia,USDC
259,0.8226772700397172,86749820764.30135,527,S6_worst_case_no_intervention,indonesia,USDC
260,0.8043760698908702,84581075245.0777,527,S6_worst_case_no_intervention,indonesia,USDC
261,0.7849739949011579,82466548363.83752,527,S6_worst_case_no_intervention,indonesia,USDC
262,0.7974273820945688,80404884654.6367,527,S6_worst_case_no_intervention,indonesia,USDC
263,0.7998593073729704,78394762538.19478,527,S6_worst_case_no_intervention,indonesia,USDC
264,0.8372620636785144,76434893474.67902,527,S6_worst_case_no_intervention,indonesia,USDC
265,0.8344821960458215,74524021137.77081,527,S6_worst_case_no_intervention,indonesia,USDC
266,0.8231334977738419,72660920609.29012,527,S6_worst_case_no_intervention,indonesia,USDC
267,0.8094843923360845,70844397594.02298,527,S6_worst_case_no_intervention,indonesia,USDC
268,0.804798577296368,69073287654.14005,527,S6_worst_case_no_intervention,indonesia,USDC
269,0.8099014130491557,67346455462.758766,527,S6_worst_case_no_intervention,indonesia,USDC
270,0.8085324063014927,65662794076.16794,527,S6_worst_case_no_intervention,indonesia,USDC
271,0.8048645622339883,64021224224.24562,527,S6_worst_case_no_intervention,indonesia,USDC
272,0.7990981986778358,62420693618.62421,527,S6_worst_case_no_intervention,indonesia,USDC
273,0.7821104021987207,60860176278.145004,527,S6_worst_case_no_intervention,indonesia,USDC
274,0.7498170039962567,59338671871.17849,527,S6_worst_case_no_intervention,indonesia,USDC
275,0.7687190855598212,57855205074.38755,527,S6_worst_case_no_intervention,indonesia,USDC
276,0.767595222616803,56408824947.51962,527,S6_worst_case_no_intervention,indonesia,USDC
277,0.7795596988193803,54998604323.82496,527,S6_worst_case_no_intervention,indonesia,USDC
278,0.7785921246737416,53623639215.7242,527,S6_worst_case_no_intervention,indonesia,USDC
279,0.7997122443211288,52283048235.32683,527,S6_worst_case_no_intervention,indonesia,USDC
280,0.8163305637950776,50975972029.44072,527,S6_worst_case_no_intervention,indonesia,USDC
281,0.8208295185985434,49701572728.70244,527,S6_worst_case_no_intervention,indonesia,USDC
282,0.8198240068793741,48459033410.48297,527,S6_worst_case_no_intervention,indonesia,USDC
283,0.824634390810496,47247557575.21927,527,S6_worst_case_no_intervention,indonesia,USDC
284,0.8282873303220737,46066368635.83743,527,S6_worst_case_no_intervention,indonesia,USDC
285,0.8213072633551433,44914709419.940414,527,S6_worst_case_no_intervention,indonesia,USDC
286,0.821832108842563,43791841684.44089,527,S6_worst_case_no_intervention,indonesia,USDC
287,0.7978586488284347,42697045642.32904,527,S6_worst_case_no_intervention,indonesia,USDC
288,0.7661714143324537,41629619501.26999,527,S6_worst_case_no_intervention,indonesia,USDC
289,0.7681633153568571,40588879013.7374,527,S6_worst_case_no_intervention,indonesia,USDC
290,0.7691798368163353,39574157038.393326,527,S6_worst_case_no_intervention,indonesia,USDC
291,0.7499001418177363,38584803112.43298,527,S6_worst_case_no_intervention,indonesia,USDC
292,0.655005944808176,37620183034.62172,527,S6_worst_case_no_intervention,indonesia,USDC
293,0.6732235966849344,36679678458.75568,527,S6_worst_case_no_intervention,indonesia,USDC
294,0.6623994557747842,35762686497.28645,527,S6_worst_case_no_intervention,indonesia,USDC
295,0.674326681387219,34868619334.85407,527,S6_worst_case_no_intervention,indonesia,USDC
296,0.69518776610689,33996903851.482563,527,S6_worst_case_no_intervention,indonesia,USDC
297,0.6896372441429811,33146981255.195404,527,S6_worst_case_no_intervention,indonesia,USDC
298,0.7107748197472228,32318306723.815445,527,S6_worst_case_no_intervention,indonesia,USDC
299,0.724127284181055,31510349055.72001,527,S6_worst_case_no_intervention,indonesia,USDC
300,0.7197245364983987,30722590329.326973,527,S6_worst_case_no_intervention,indonesia,USDC
301,0.725568051517804,29954525571.093773,527,S6_worst_case_no_intervention,indonesia,USDC
302,0.7173342937013568,29205662431.816414,527,S6_worst_case_no_intervention,indonesia,USDC
303,0.7326273330262796,28475520871.02099,527,S6_worst_case_no_intervention,indonesia,USDC
304,0.7358478842723545,27763632849.245453,527,S6_worst_case_no_intervention,indonesia,USDC
305,0.7555929398368391,27069542028.014305,527,S6_worst_case_no_intervention,indonesia,USDC
306,0.7305653122186954,26392803477.313946,527,S6_worst_case_no_intervention,indonesia,USDC
307,0.7463389900209112,25732983390.381092,527,S6_worst_case_no_intervention,indonesia,USDC
308,0.7551417621310772,25089658805.62156,527,S6_worst_case_no_intervention,indonesia,USDC
309,0.7467724221692447,24462417335.481018,527,S6_worst_case_no_intervention,indonesia,USDC
310,0.7745792602354904,23850856902.09399,527,S6_worst_case_no_intervention,indonesia,USDC
311,0.7707444487661175,23254585479.54164,527,S6_worst_case_no_intervention,indonesia,USDC
312,0.7696072992823981,22673220842.553097,527,S6_worst_case_no_intervention,indonesia,USDC
313,0.7712112918251054,22106390321.48927,527,S6_worst_case_no_intervention,indonesia,USDC
314,0.8022743526303903,21553730563.452038,527,S6_worst_case_no_intervention,indonesia,USDC
315,0.8056467218279912,21014887299.365738,527,S6_worst_case_no_intervention,indonesia,USDC
316,0.7977409886152659,20489515116.88159,527,S6_worst_case_no_intervention,indonesia,USDC
317,0.8010205765127799,19977277238.959553,527,S6_worst_case_no_intervention,indonesia,USDC
318,0.7966534344099012,19477845307.985565,527,S6_worst_case_no_intervention,indonesia,USDC
319,0.7729274707759953,18990899175.285927,527,S6_worst_case_no_intervention,indonesia,USDC
320,0.7699556118901851,18516126695.903778,527,S6_worst_case_no_intervention,indonesia,USDC
321,0.7715324096616022,18053223528.506184,527,S6_worst_case_no_intervention,indonesia,USDC
322,0.7615342953301614,17601892940.29353,527,S6_worst_case_no_intervention,indonesia,USDC
323,0.7624037768889073,17161845616.78619,527,S6_worst_case_no_intervention,indonesia,USDC
324,0.7668783633122289,16732799476.366533,527,S6_worst_case_no_intervention,indonesia,USDC
325,0.7879048997100532,16314479489.45737,527,S6_worst_case_no_intervention,indonesia,USDC
326,0.7883731551149724,15906617502.220936,527,S6_worst_case_no_intervention,indonesia,USDC
327,0.7833691407934676,15508952064.665413,527,S6_worst_case_no_intervention,indonesia,USDC
328,0.7878990405593916,15121228263.04878,527,S6_worst_case_no_intervention,indonesia,USDC
329,0.8022880859345844,14743197556.47256,527,S6_worst_case_no_intervention,indonesia,USDC
330,0.8059429448254531,14374617617.560747,527,S6_worst_case_no_intervention,indonesia,USDC
331,0.8132815027484419,14015252177.121727,527,S6_worst_case_no_intervention,indonesia,USDC
332,0.8153741802723128,13664870872.693684,527,S6_worst_case_no_intervention,indonesia,USDC
333,0.8102193265645925,13323249100.876343,527,S6_worst_case_no_intervention,indonesia,USDC
334,0.7949046314368745,12990167873.354433,527,S6_worst_case_no_intervention,indonesia,USDC
335,0.793867762862347,12665413676.520573,527,S6_worst_case_no_intervention,indonesia,USDC
336,0.7923353264363636,12348778334.60756,527,S6_worst_case_no_intervention,indonesia,USDC
337,0.7907814242392724,12040058876.24237,527,S6_worst_case_no_intervention,indonesia,USDC
338,0.7719048771104348,11739057404.336311,527,S6_worst_case_no_intervention,indonesia,USDC
339,0.7680606830368879,11445580969.227903,527,S6_worst_case_no_intervention,indonesia,USDC
340,0.7607482102599491,11159441444.997206,527,S6_worst_case_no_intervention,indonesia,USDC
341,0.7480570930989432,10880455408.872276,527,S6_worst_case_no_intervention,indonesia,USDC
342,0.7560674409928146,10608444023.650469,527,S6_worst_case_no_intervention,indonesia,USDC
343,0.772955597848478,10343232923.059208,527,S6_worst_case_no_intervention,indonesia,USDC
344,0.7658791553590446,10084652099.982727,527,S6_worst_case_no_intervention,indonesia,USDC
345,0.7521284138865048,9832535797.483158,527,S6_worst_case_no_intervention,indonesia,USDC
346,0.783649186014461,9586722402.54608,527,S6_worst_case_no_intervention,indonesia,USDC
347,0.8040243267973943,9347054342.482428,527,S6_worst_case_no_intervention,indonesia,USDC
348,0.8161857014212341,9113377983.920366,527,S6_worst_case_no_intervention,indonesia,USDC
349,0.8232694371934027,8885543534.322357,527,S6_worst_case_no_intervention,indonesia,USDC
350,0.7942998827686572,8663404945.964298,527,S6_worst_case_no_intervention,indonesia,USDC
351,0.8164105433608875,8446819822.315191,527,S6_worst_case_no_intervention,indonesia,USDC
352,0.8308513731008446,8235649326.757311,527,S6_worst_case_no_intervention,indonesia,USDC
353,0.8033303123439688,8029758093.588379,527,S6_worst_case_no_intervention,indonesia,USDC
354,0.7977899395926581,7829014141.248669,527,S6_worst_case_no_intervention,indonesia,USDC
355,0.7942964609836348,7633288787.717453,527,S6_worst_case_no_intervention,indonesia,USDC
356,0.7996341877426553,7442456568.024517,527,S6_worst_case_no_intervention,indonesia,USDC
357,0.7833285065409413,7256395153.823904,527,S6_worst_case_no_intervention,indonesia,USDC
358,0.7647693338981278,7074985274.978306,527,S6_worst_case_no_intervention,indonesia,USDC
359,0.7317550531848539,6898110643.103849,527,S6_worst_case_no_intervention,indonesia,USDC
360,0.7283674363956125,6725657877.026253,527,S6_worst_case_no_intervention,indonesia,USDC
361,0.7316308521737827,6557516430.100596,527,S6_worst_case_no_intervention,indonesia,USDC
362,0.7326857857539495,6393578519.348082,527,S6_worst_case_no_intervention,indonesia,USDC
363,0.7239456873990372,6233739056.36438,527,S6_worst_case_no_intervention,indonesia,USDC
364,0.7287870113667732,6077895579.95527,527,S6_worst_case_no_intervention,indonesia,USDC
365,0.739059869242069,5925948190.456388,527,S6_worst_case_no_intervention,indonesia,USDC
366,0.757833980825363,5777799485.694979,527,S6_worst_case_no_intervention,indonesia,USDC
367,0.7580231007102594,5633354498.552604,527,S6_worst_case_no_intervention,indonesia,USDC
368,0.7623890883735763,5492520636.088789,527,S6_worst_case_no_intervention,indonesia,USDC
369,0.7397860891067635,5355207620.186569,527,S6_worst_case_no_intervention,indonesia,USDC
370,0.7406125654145153,5221327429.681906,527,S6_worst_case_no_intervention,indonesia,USDC
371,0.7481648139369033,5090794243.9398575,527,S6_worst_case_no_intervention,indonesia,USDC
372,0.768325758704094,4963524387.84136,527,S6_worst_case_no_intervention,indonesia,USDC
373,0.758272087467076,4839436278.145327,527,S6_worst_case_no_intervention,indonesia,USDC
374,0.7465127102895951,4718450371.191693,527,S6_worst_case_no_intervention,indonesia,USDC
375,0.7332326928639801,4600489111.911901,527,S6_worst_case_no_intervention,indonesia,USDC
376,0.7407711467797076,4485476884.114104,527,S6_worst_case_no_intervention,indonesia,USDC
377,0.7376308190104187,4373339962.011251,527,S6_worst_case_no_intervention,indonesia,USDC
378,0.7375741780270203,4264006462.9609704,527,S6_worst_case_no_intervention,indonesia,USDC
379,0.7569929453690064,4157406301.386946,527,S6_worst_case_no_intervention,indonesia,USDC
380,0.7575697112562833,4053471143.852273,527,S6_worst_case_no_intervention,indonesia,USDC
381,0.740262689537949,3952134365.2559657,527,S6_worst_case_no_intervention,indonesia,USDC
382,0.7624928295900041,3853331006.124566,527,S6_worst_case_no_intervention,indonesia,USDC
383,0.7547521742012975,3756997730.9714518,527,S6_worst_case_no_intervention,indonesia,USDC
384,0.7599178648100595,3663072787.697166,527,S6_worst_case_no_intervention,indonesia,USDC
385,0.766838701083956,3571495968.0047364,527,S6_worst_case_no_intervention,indonesia,USDC
386,0.7934454389040135,3482208568.8046184,527,S6_worst_case_no_intervention,indonesia,USDC
387,0.7915344862306426,3395153354.5845027,527,S6_worst_case_no_intervention,indonesia,USDC
388,0.7813944526064545,3310274520.71989,527,S6_worst_case_no_intervention,indonesia,USDC
389,0.7799115245479737,3227517657.701893,527,S6_worst_case_no_intervention,indonesia,USDC
390,0.7735820860119933,3146829716.2593455,527,S6_worst_case_no_intervention,indonesia,USDC
391,0.7717569270612508,3068158973.3528624,527,S6_worst_case_no_intervention,indonesia,USDC
392,0.7520751134887494,2991454999.0190406,527,S6_worst_case_no_intervention,indonesia,USDC
393,0.781539229979981,2916668624.043565,527,S6_worst_case_no_intervention,indonesia,USDC
394,0.7877319315388345,2843751908.4424753,527,S6_worst_case_no_intervention,indonesia,USDC
395,0.7815735299862092,2772658110.7314134,527,S6_worst_case_no_intervention,indonesia,USDC
396,0.7958167297613504,2703341657.963128,527,S6_worst_case_no_intervention,indonesia,USDC
397,0.7719401700256779,2635758116.5140495,527,S6_worst_case_no_intervention,indonesia,USDC
398,0.7467065053187889,2569864163.6011987,527,S6_worst_case_no_intervention,indonesia,USDC
399,0.753042887251255,2505617559.5111685,527,S6_worst_case_no_intervention,indonesia,USDC
400,0.7558865746141302,2442977120.5233893,527,S6_worst_case_no_intervention,indonesia,USDC
401,0.7673712577962586,2381902692.5103045,527,S6_worst_case_no_intervention,indonesia,USDC
402,0.756805108999792,2322355125.197547,527,S6_worst_case_no_intervention,indonesia,USDC
403,0.7467293295062176,2264296247.0676084,527,S6_worst_case_no_intervention,indonesia,USDC
404,0.7446805584192264,2207688840.8909183,527,S6_worst_case_no_intervention,indonesia,USDC
405,0.775793880320617,2152496619.868645,527,S6_worst_case_no_intervention,indonesia,USDC
406,0.7614771071066426,2098684204.3719292,527,S6_worst_case_no_intervention,indonesia,USDC
407,0.7889369109879373,2046217099.262631,527,S6_worst_case_no_intervention,indonesia,USDC
408,0.7781905899930607,1995061671.7810652,527,S6_worst_case_no_intervention,indonesia,USDC
409,0.7263553514269551,1945185129.9865384,527,S6_worst_case_no_intervention,indonesia,USDC
410,0.7294442889282273,1896555501.736875,527,S6_worst_case_no_intervention,indonesia,USDC
411,0.7442101295259701,1849141614.1934533,527,S6_worst_case_no_intervention,indonesia,USDC
412,0.7497655880451851,1802913073.8386168,527,S6_worst_case_no_intervention,indonesia,USDC
413,0.7289065702960591,1757840246.9926515,527,S6_worst_case_no_intervention,indonesia,USDC
414,0.7411329233342004,1713894240.8178353,527,S6_worst_case_no_intervention,indonesia,USDC
415,0.717396405372515,1671046884.7973893,527,S6_worst_case_no_intervention,indonesia,USDC
416,0.7260338260875281,1629270712.6774545,527,S6_worst_case_no_intervention,indonesia,USDC
417,0.7344240898280678,1588538944.8605182,527,S6_worst_case_no_intervention,indonesia,USDC
418,0.748746039839283,1548825471.239005,527,S6_worst_case_no_intervention,indonesia,USDC
419,0.7439395568387269,1510104834.45803,527,S6_worst_case_no_intervention,indonesia,USDC
420,0.7691695965834976,1472352213.596579,527,S6_worst_case_no_intervention,indonesia,USDC
421,0.7449803062846891,1435543408.2566648,527,S6_worst_case_no_intervention,indonesia,USDC
422,0.7472027342167579,1399654823.0502481,527,S6_worst_case_no_intervention,indonesia,USDC
423,0.7685765711436229,1364663452.4739919,527,S6_worst_case_no_intervention,indonesia,USDC
424,0.7697753142541074,1330546866.162142,527,S6_worst_case_no_intervention,indonesia,USDC
425,0.7703440265352944,1297283194.5080886,527,S6_worst_case_no_intervention,indonesia,USDC
426,0.7700417677997269,1264851114.6453865,527,S6_worst_case_no_intervention,indonesia,USDC
427,0.7749715242355765,1233229836.7792516,527,S6_worst_case_no_intervention,indonesia,USDC
428,0.7804662415823642,1202399090.8597703,527,S6_worst_case_no_intervention,indonesia,USDC
429,0.7750258083208721,1172339113.588276,527,S6_worst_case_no_intervention,indonesia,USDC
430,0.7697433583800888,1143030635.7485693,527,S6_worst_case_no_intervention,indonesia,USDC
431,0.8141424220275478,1114454869.854855,527,S6_worst_case_no_intervention,indonesia,USDC
432,0.7890546418528422,1086593498.1084838,527,S6_worst_case_no_intervention,indonesia,USDC
433,0.7736780379102988,1059428660.6557716,527,S6_worst_case_no_intervention,indonesia,USDC
434,0.7832253120777122,1032942944.1393774,527,S6_worst_case_no_intervention,indonesia,USDC
435,0.7773188241097827,1007119370.535893,527,S6_worst_case_no_intervention,indonesia,USDC
436,0.7574373648683912,981941386.2724955,527,S6_worst_case_no_intervention,indonesia,USDC
437,0.7846753104662816,957392851.6156833,527,S6_worst_case_no_intervention,indonesia,USDC
438,0.7959653377613864,933458030.3252912,527,S6_worst_case_no_intervention,indonesia,USDC
439,0.8168749093935112,910121579.5671589,527,S6_worst_case_no_intervention,indonesia,USDC
440,0.8279031144199102,887368540.07798,527,S6_worst_case_no_intervention,indonesia,USDC
441,0.821061218059616,865184326.5760305,527,S6_worst_case_no_intervention,indonesia,USDC
442,0.8092743771344766,843554718.4116297,527,S6_worst_case_no_intervention,indonesia,USDC
443,0.8098219770629934,822465850.451339,527,S6_worst_case_no_intervention,indonesia,USDC
444,0.8203832086128765,801904204.1900555,527,S6_worst_case_no_intervention,indonesia,USDC
445,0.7947401376910301,781856599.085304,527,S6_worst_case_no_intervention,indonesia,USDC
446,0.8036145254794828,762310184.1081715,527,S6_worst_case_no_intervention,indonesia,USDC
447,0.8009043384521108,743252429.5054672,527,S6_worst_case_no_intervention,indonesia,USDC
448,0.8268221286532434,724671118.7678305,527,S6_worst_case_no_intervention,indonesia,USDC
449,0.8456641412003391,706554340.7986348,527,S6_worst_case_no_intervention,indonesia,USDC
450,0.8467820767023715,688890482.2786689,527,S6_worst_case_no_intervention,indonesia,USDC
451,0.8572097463498196,671668220.2217021,527,S6_worst_case_no_intervention,indonesia,USDC
452,0.8423387701510059,654876514.7161596,527,S6_worst_case_no_intervention,indonesia,USDC
453,0.8605845533174374,638504601.8482555,527,S6_worst_case_no_intervention,indonesia,USDC
454,0.8765697397499913,622541986.8020492,527,S6_worst_case_no_intervention,indonesia,USDC
455,0.8500729614069689,606978437.131998,527,S6_worst_case_no_intervention,indonesia,USDC
456,0.8386949141919168,591803976.203698,527,S6_worst_case_no_intervention,indonesia,USDC
457,0.8248631346227493,577008876.7986056,527,S6_worst_case_no_intervention,indonesia,USDC
458,0.8255116000691547,562583654.8786404,527,S6_worst_case_no_intervention,indonesia,USDC
459,0.8184417554517311,548519063.5066745,527,S6_worst_case_no_intervention,indonesia,USDC
460,0.8193589511655045,534806086.91900754,527,S6_worst_case_no_intervention,indonesia,USDC
461,0.7649768995286679,521435934.74603236,527,S6_worst_case_no_intervention,indonesia,USDC
462,0.7564782414727305,508400036.37738156,527,S6_worst_case_no_intervention,indonesia,USDC
463,0.7698904531857035,495690035.46794707,527,S6_worst_case_no_intervention,indonesia,USDC
464,0.778865767410281,483297784.5812484,527,S6_worst_case_no_intervention,indonesia,USDC
465,0.7720901785368884,471215339.9667171,527,S6_worst_case_no_intervention,indonesia,USDC
466,0.7975208981141708,459434956.4675492,527,S6_worst_case_no_intervention,indonesia,USDC
467,0.7821549553355891,447949082.55586046,527,S6_worst_case_no_intervention,indonesia,USDC
468,0.7647134583457174,436750355.4919639,527,S6_worst_case_no_intervention,indonesia,USDC
469,0.7746188388472356,425831596.6046649,527,S6_worst_case_no_intervention,indonesia,USDC
470,0.8000078536167479,415185806.68954825,527,S6_worst_case_no_intervention,indonesia,USDC
471,0.8023208787362776,404806161.52230954,527,S6_worst_case_no_intervention,indonesia,USDC
472,0.8208802346990653,394686007.4842518,527,S6_worst_case_no_intervention,indonesia,USDC
473,0.8208709102181593,384818857.2971455,527,S6_worst_case_no_intervention,indonesia,USDC
474,0.8300482238406183,375198385.8647169,527,S6_worst_case_no_intervention,indonesia,USDC
475,0.8227328475246228,365818426.218099,527,S6_worst_case_no_intervention,indonesia,USDC
476,0.827030493648402,356672965.5626465,527,S6_worst_case_no_intervention,indonesia,USDC
477,0.8240434141049865,347756141.4235803,527,S6_worst_case_no_intervention,indonesia,USDC
478,0.8116602632797151,339062237.88799083,527,S6_worst_case_no_intervention,indonesia,USDC
479,0.8134712940938847,330585681.9407911,527,S6_worst_case_no_intervention,indonesia,USDC
480,0.7965951587244687,322321039.8922713,527,S6_worst_case_no_intervention,indonesia,USDC
481,0.8068859275329016,314263013.8949645,527,S6_worst_case_no_intervention,indonesia,USDC
482,0.7961337658975379,306406438.5475904,527,S6_worst_case_no_intervention,indonesia,USDC
483,0.8167919734586828,298746277.58390063,527,S6_worst_case_no_intervention,indonesia,USDC
484,0.8032075592083286,291277620.6443031,527,S6_worst_case_no_intervention,indonesia,USDC
485,0.8171564541232581,283995680.1281955,527,S6_worst_case_no_intervention,indonesia,USDC
486,0.8136969472801262,276895788.12499064,527,S6_worst_case_no_intervention,indonesia,USDC
487,0.815201554894547,269973393.4218659,527,S6_worst_case_no_intervention,indonesia,USDC
488,0.8112320064870728,263224058.58631927,527,S6_worst_case_no_intervention,indonesia,USDC
489,0.8439984099045608,256643457.12166125,527,S6_worst_case_no_intervention,indonesia,USDC
490,0.8577785136459825,250227370.69361973,527,S6_worst_case_no_intervention,indonesia,USDC
491,0.8542647285740781,243971686.42627925,527,S6_worst_case_no_intervention,indonesia,USDC
492,0.8387393454625011,237872394.26562226,527,S6_worst_case_no_intervention,indonesia,USDC
493,0.8097771304847241,231925584.4089817,527,S6_worst_case_no_intervention,indonesia,USDC
494,0.7972767855410579,226127444.79875714,527,S6_worst_case_no_intervention,indonesia,USDC
495,0.8028863642063601,220474258.67878824,527,S6_worst_case_no_intervention,indonesia,USDC
496,0.8180138930509947,214962402.21181852,527,S6_worst_case_no_intervention,indonesia,USDC
497,0.7672593359827015,209588342.15652305,527,S6_worst_case_no_intervention,indonesia,USDC
498,0.780069854222521,204348633.60260996,527,S6_worst_case_no_intervention,indonesia,USDC
499,0.7731126190107623,199239917.76254475,527,S6_worst_case_no_intervention,indonesia,USDC
500,0.7647682304613878,194258919.81848112,527,S6_worst_case_no_intervention,indonesia,USDC
501,0.7861902978465072,189402446.8230191,527,S6_worst_case_no_intervention,indonesia,USDC
502,0.8032022628665503,184667385.6524436,527,S6_worst_case_no_intervention,indonesia,USDC
503,0.8040146549357808,180050701.0111325,527,S6_worst_case_no_intervention,indonesia,USDC
504,0.7904010972034659,175549433.4858542,527,S6_worst_case_no_intervention,indonesia,USDC
505,0.8024024989617674,171160697.64870787,527,S6_worst_case_no_intervention,indonesia,USDC
506,0.7972925777244148,166881680.20749015,527,S6_worst_case_no_intervention,indonesia,USDC
507,0.8067288918576744,162709638.2023029,527,S6_worst_case_no_intervention,indonesia,USDC
508,0.8285412587272709,158641897.2472453,527,S6_worst_case_no_intervention,indonesia,USDC
509,0.8279837154309918,154675849.8160642,527,S6_worst_case_no_intervention,indonesia,USDC
510,0.8141259042876341,150808953.5706626,527,S6_worst_case_no_intervention,indonesia,USDC
511,0.8345052929561426,147038729.73139602,527,S6_worst_case_no_intervention,indonesia,USDC
512,0.8275748213575046,143362761.4881111,527,S6_worst_case_no_intervention,indonesia,USDC
513,0.8001536067805161,139778692.45090836,527,S6_worst_case_no_intervention,indonesia,USDC
514,0.8036542573194604,136284225.13963562,527,S6_worst_case_no_intervention,indonesia,USDC
515,0.8167518387736552,132877119.51114473,527,S6_worst_case_no_intervention,indonesia,USDC
516,0.8029725437962444,129555191.52336612,527,S6_worst_case_no_intervention,indonesia,USDC
517,0.7768306271506693,126316311.73528194,527,S6_worst_case_no_intervention,indonesia,USDC
518,0.7712100341872128,123158403.94189993,527,S6_worst_case_no_intervention,indonesia,USDC
519,0.7643351440874262,120079443.84335242,527,S6_worst_case_no_intervention,indonesia,USDC
520,0.7885212746235447,117077457.74726862,527,S6_worst_case_no_intervention,indonesia,USDC
521,0.7658834686132069,114150521.3035869,527,S6_worst_case_no_intervention,indonesia,USDC
522,0.784129323072048,111296758.27099723,527,S6_worst_case_no_intervention,indonesia,USDC
523,0.7793642625539191,108514339.3142223,527,S6_worst_case_no_intervention,indonesia,USDC
524,0.7849137719633524,105801480.83136675,527,S6_worst_case_no_intervention,indonesia,USDC
525,0.7623003269137417,103156443.81058258,527,S6_worst_case_no_intervention,indonesia,USDC
526,0.7901165108444178,100577532.715318,527,S6_worst_case_no_intervention,indonesia,USDC
527,0.7817168931558264,98063094.39743505,527,S6_worst_case_no_intervention,indonesia,USDC
528,0.7666833136458019,95611517.03749919,527,S6_worst_case_no_intervention,indonesia,USDC
529,0.7714372496582924,93221229.1115617,527,S6_worst_case_no_intervention,indonesia,USDC
530,0.7888540211119789,90890698.38377266,527,S6_worst_case_no_intervention,indonesia,USDC
531,0.7719752467899639,88618430.92417833,527,S6_worst_case_no_intervention,indonesia,USDC
532,0.8043133964276621,86402970.15107387,527,S6_worst_case_no_intervention,indonesia,USDC
533,0.7797443101947036,84242895.89729702,527,S6_worst_case_no_intervention,indonesia,USDC
534,0.7649158388732265,82136823.49986461,527,S6_worst_case_no_intervention,indonesia,USDC
535,0.766434694945195,80083402.912368,527,S6_worst_case_no_intervention,indonesia,USDC
536,0.7627707796297651,78081317.8395588,527,S6_worst_case_no_intervention,indonesia,USDC
537,0.7678622853134571,76129284.89356983,527,S6_worst_case_no_intervention,indonesia,USDC
538,0.7901914598285882,74226052.77123058,527,S6_worst_case_no_intervention,indonesia,USDC
539,0.8097332990387717,72370401.45194982,527,S6_worst_case_no_intervention,indonesia,USDC
540,0.818126611548062,70561141.41565107,527,S6_worst_case_no_intervention,indonesia,USDC
541,0.8145814224227385,68797112.8802598,527,S6_worst_case_no_intervention,indonesia,USDC
542,0.8011975364227673,67077185.0582533,527,S6_worst_case_no_intervention,indonesia,USDC
543,0.8233949880462955,65400255.43179697,527,S6_worst_case_no_intervention,indonesia,USDC
544,0.8157119846963797,63765249.046002045,527,S6_worst_case_no_intervention,indonesia,USDC
545,0.8273058596801647,62171117.819851995,527,S6_worst_case_no_intervention,indonesia,USDC
546,0.8099785423413576,60616839.87435569,527,S6_worst_case_no_intervention,indonesia,USDC
547,0.8100682039739946,59101418.877496794,527,S6_worst_case_no_intervention,indonesia,USDC
548,0.7996377484522088,57623883.405559376,527,S6_worst_case_no_intervention,indonesia,USDC
549,0.7857280381170114,56183286.3204204,527,S6_worst_case_no_intervention,indonesia,USDC
550,0.7947635376345702,54778704.16240989,527,S6_worst_case_no_intervention,indonesia,USDC
551,0.7823877606428792,53409236.55834964,527,S6_worst_case_no_intervention,indonesia,USDC
552,0.806028822349093,52074005.644390896,527,S6_worst_case_no_intervention,indonesia,USDC
553,0.8157836570396655,50772155.50328112,527,S6_worst_case_no_intervention,indonesia,USDC
554,0.84165358640315,49502851.61569909,527,S6_worst_case_no_intervention,indonesia,USDC
555,0.8457590175171736,48265280.32530662,527,S6_worst_case_no_intervention,indonesia,USDC
556,0.8302719524447787,47058648.31717395,527,S6_worst_case_no_intervention,indonesia,USDC
557,0.7650391843558915,45882182.1092446,527,S6_worst_case_no_intervention,indonesia,USDC
558,0.7514240337784006,44735127.55651349,527,S6_worst_case_no_intervention,indonesia,USDC
559,0.7766551029041809,43616749.36760066,527,S6_worst_case_no_intervention,indonesia,USDC
560,0.7618736237969117,42526330.63341063,527,S6_worst_case_no_intervention,indonesia,USDC
561,0.7796826471787344,41463172.36757537,527,S6_worst_case_no_intervention,indonesia,USDC
562,0.7861579739603186,40426593.05838598,527,S6_worst_case_no_intervention,indonesia,USDC
563,0.7708909097752028,39415928.23192634,527,S6_worst_case_no_intervention,indonesia,USDC
564,0.7732611983324215,38430530.02612817,527,S6_worst_case_no_intervention,indonesia,USDC
565,0.7717753721297493,37469766.77547497,527,S6_worst_case_no_intervention,indonesia,USDC
566,0.7755684570195556,36533022.6060881,527,S6_worst_case_no_intervention,indonesia,USDC
567,0.76331795453511,35619697.0409359,527,S6_worst_case_no_intervention,indonesia,USDC
568,0.7963567998093252,34729204.614912495,527,S6_worst_case_no_intervention,indonesia,USDC
569,0.8388803000057359,33860974.49953969,527,S6_worst_case_no_intervention,indonesia,USDC
570,0.8022125406979342,33014450.13705119,527,S6_worst_case_no_intervention,indonesia,USDC
571,0.8320136013783804,32189088.88362491,527,S6_worst_case_no_intervention,indonesia,USDC
572,0.8370607193277518,31384361.661534287,527,S6_worst_case_no_intervention,indonesia,USDC
573,0.8321216289405455,30599752.61999593,527,S6_worst_case_no_intervention,indonesia,USDC
574,0.8191883979737201,29834758.80449603,527,S6_worst_case_no_intervention,indonesia,USDC
575,0.809219577631329,29088889.834383633,527,S6_worst_case_no_intervention,indonesia,USDC
576,0.8247509306762089,28361667.588524044,527,S6_worst_case_no_intervention,indonesia,USDC
577,0.8301416964721423,27652625.898810945,527,S6_worst_case_no_intervention,indonesia,USDC
578,0.8202324832403427,26961310.251340672,527,S6_worst_case_no_intervention,indonesia,USDC
579,0.8413477880066337,26287277.49505715,527,S6_worst_case_no_intervention,indonesia,USDC
580,0.8326844945582804,25630095.557680726,527,S6_worst_case_no_intervention,indonesia,USDC
581,0.8343345558469032,24989343.168738708,527,S6_worst_case_no_intervention,indonesia,USDC
582,0.8228739189008764,24364609.589520242,527,S6_worst_case_no_intervention,indonesia,USDC
583,0.8055851797424031,23755494.349782236,527,S6_worst_case_no_intervention,indonesia,USDC
584,0.8088374196364828,23161606.99103768,527,S6_worst_case_no_intervention,indonesia,USDC
585,0.8213551306322272,22582566.81626174,527,S6_worst_case_no_intervention,indonesia,USDC
586,0.8250011580740513,22018002.645855192,527,S6_worst_case_no_intervention,indonesia,USDC
587,0.837352523511435,21467552.579708815,527,S6_worst_case_no_intervention,indonesia,USDC
588,0.8486766804676837,20930863.765216094,527,S6_worst_case_no_intervention,indonesia,USDC
589,0.8420479416795241,20407592.17108569,527,S6_worst_case_no_intervention,indonesia,USDC
590,0.8475329626155872,19897402.36680855,527,S6_worst_case_no_intervention,indonesia,USDC
591,0.8261958900671356,19399967.307638332,527,S6_worst_case_no_intervention,indonesia,USDC
592,0.8234898023219374,18914968.124947377,527,S6_worst_case_no_intervention,indonesia,USDC
593,0.8015965528187804,18442093.92182369,527,S6_worst_case_no_intervention,indonesia,USDC
594,0.7856971530422333,17981041.5737781,527,S6_worst_case_no_intervention,indonesia,USDC
595,0.6674522587939237,17531515.534433648,527,S6_worst_case_no_intervention,indonesia,USDC
596,0.7004453547618315,17093227.646072805,527,S6_worst_case_no_intervention,indonesia,USDC
597,0.7078873663192974,16665896.954920985,527,S6_worst_case_no_intervention,indonesia,USDC
598,0.7232695273016715,16249249.531047963,527,S6_worst_case_no_intervention,indonesia,USDC
599,0.7439551341637727,15843018.292771764,527,S6_worst_case_no_intervention,indonesia,USDC
600,0.7404584439304966,15446942.835452467,527,S6_worst_case_no_intervention,indonesia,USDC
601,0.7422580243403722,15060769.264566155,527,S6_worst_case_no_intervention,indonesia,USDC
602,0.7523145445151779,14684250.032952001,527,S6_worst_case_no_intervention,indonesia,USDC
603,0.773510798884166,14317143.7821282,527,S6_worst_case_no_intervention,indonesia,USDC
604,0.733677963231846,13959215.187574998,527,S6_worst_case_no_intervention,indonesia,USDC
605,0.7430014771177822,13610234.80788562,527,S6_worst_case_no_intervention,indonesia,USDC
606,0.7533891675920745,13269978.937688481,527,S6_worst_case_no_intervention,indonesia,USDC
607,0.7746957079030783,12938229.46424627,527,S6_worst_case_no_intervention,indonesia,USDC
608,0.7776813845485905,12614773.727640111,527,S6_worst_case_no_intervention,indonesia,USDC
609,0.7811008660458323,12299404.38444911,527,S6_worst_case_no_intervention,indonesia,USDC
610,0.7932374217329394,11991919.274837881,527,S6_worst_case_no_intervention,indonesia,USDC
611,0.7964036230612254,11692121.292966934,527,S6_worst_case_no_intervention,indonesia,USDC
612,0.8236835771410271,11399818.26064276,527,S6_worst_case_no_intervention,indonesia,USDC
613,0.8169885723343538,11114822.804126691,527,S6_worst_case_no_intervention,indonesia,USDC
614,0.8297800936123042,10836952.234023524,527,S6_worst_case_no_intervention,indonesia,USDC
615,0.8273002454187791,10566028.428172937,527,S6_worst_case_no_intervention,indonesia,USDC
616,0.8258669666544471,10301877.717468612,527,S6_worst_case_no_intervention,indonesia,USDC
617,0.8135469738981695,10044330.774531897,527,S6_worst_case_no_intervention,indonesia,USDC
618,0.7993321796419078,9793222.5051686,527,S6_worst_case_no_intervention,indonesia,USDC
619,0.8013778990047739,9548391.942539385,527,S6_worst_case_no_intervention,indonesia,USDC
620,0.7791713981531493,9309682.143975899,527,S6_worst_case_no_intervention,indonesia,USDC
621,0.8083920260243126,9076940.090376502,527,S6_worst_case_no_intervention,indonesia,USDC
622,0.8015824426736362,8850016.58811709,527,S6_worst_case_no_intervention,indonesia,USDC
623,0.7836355712087012,8628766.173414161,527,S6_worst_case_no_intervention,indonesia,USDC
624,0.818514979043393,8413047.01907881,527,S6_worst_case_no_intervention,indonesia,USDC
625,0.7952719396705591,8202720.843601838,527,S6_worst_case_no_intervention,indonesia,USDC
626,0.7812570854360414,7997652.822511791,527,S6_worst_case_no_intervention,indonesia,USDC
627,0.7724529669908307,7797711.501948996,527,S6_worst_case_no_intervention,indonesia,USDC
628,0.7763075056528681,7602768.714400273,527,S6_worst_case_no_intervention,indonesia,USDC
629,0.7595383977845634,7412699.496540265,527,S6_worst_case_no_intervention,indonesia,USDC
630,0.7750329423030597,7227382.009126758,527,S6_worst_case_no_intervention,indonesia,USDC
631,0.7763367826261216,7046697.458898589,527,S6_worst_case_no_intervention,indonesia,USDC
632,0.7947371347190633,6870530.022426125,527,S6_worst_case_no_intervention,indonesia,USDC
633,0.8112356655455921,6698766.771865471,527,S6_worst_case_no_intervention,indonesia,USDC
634,0.8003040449109912,6531297.602568835,527,S6_worst_case_no_intervention,indonesia,USDC
635,0.8110032920499405,6368015.162504614,527,S6_worst_case_no_intervention,indonesia,USDC
636,0.8158333141227362,6208814.783441999,527,S6_worst_case_no_intervention,indonesia,USDC
637,0.7995809959188489,6053594.4138559485,527,S6_worst_case_no_intervention,indonesia,USDC
638,0.8134355544975125,5902254.55350955,527,S6_worst_case_no_intervention,indonesia,USDC
639,0.7998596192152392,5754698.189671811,527,S6_worst_case_no_intervention,indonesia,USDC
640,0.7867983967825517,5610830.734930016,527,S6_worst_case_no_intervention,indonesia,USDC
641,0.7727059919479301,5470559.966556765,527,S6_worst_case_no_intervention,indonesia,USDC
642,0.7924740668437573,5333795.967392846,527,S6_worst_case_no_intervention,indonesia,USDC
643,0.8062461158600334,5200451.068208025,527,S6_worst_case_no_intervention,indonesia,USDC
644,0.7889697096001906,5070439.791502824,527,S6_worst_case_no_intervention,indonesia,USDC
645,0.7877488293351426,4943678.796715254,527,S6_worst_case_no_intervention,indonesia,USDC
646,0.7899975256581165,4820086.826797373,527,S6_worst_case_no_intervention,indonesia,USDC
647,0.7807297396605244,4699584.656127438,527,S6_worst_case_no_intervention,indonesia,USDC
648,0.7748910978076636,4582095.039724252,527,S6_worst_case_no_intervention,indonesia,USDC
649,0.7847855094256802,4467542.663731147,527,S6_worst_case_no_intervention,indonesia,USDC
650,0.7822788910989984,4355854.0971378675,527,S6_worst_case_no_intervention,indonesia,USDC
651,0.7702509619066374,4246957.74470942,527,S6_worst_case_no_intervention,indonesia,USDC
652,0.7681066450183446,4140783.801091685,527,S6_worst_case_no_intervention,indonesia,USDC
653,0.7644460992244941,4037264.206064393,527,S6_worst_case_no_intervention,indonesia,USDC
654,0.78097813886087,3936332.600912783,527,S6_worst_case_no_intervention,indonesia,USDC
655,0.7816370585423376,3837924.285889963,527,S6_worst_case_no_intervention,indonesia,USDC
656,0.7580537916202446,3741976.178742714,527,S6_worst_case_no_intervention,indonesia,USDC
657,0.7743644120495711,3648426.774274146,527,S6_worst_case_no_intervention,indonesia,USDC
658,0.7537991968289411,3557216.104917293,527,S6_worst_case_no_intervention,indonesia,USDC
659,0.761136319924614,3468285.702294361,527,S6_worst_case_no_intervention,indonesia,USDC
660,0.7665594165074049,3381578.5597370006,527,S6_worst_case_no_intervention,indonesia,USDC
661,0.7814851408389869,3297039.095743576,527,S6_worst_case_no_intervention,indonesia,USDC
662,0.7860221344194069,3214613.1183499866,527,S6_worst_case_no_intervention,indonesia,USDC
663,0.7836605167057306,3134247.7903912365,527,S6_worst_case_no_intervention,indonesia,USDC
664,0.8118525515974149,3055891.595631456,527,S6_worst_case_no_intervention,indonesia,USDC
665,0.8004157445058074,2979494.3057406694,527,S6_worst_case_no_intervention,indonesia,USDC
666,0.8020591231104193,2905006.9480971526,527,S6_worst_case_no_intervention,indonesia,USDC
667,0.7917380814701346,2832381.7743947236,527,S6_worst_case_no_intervention,indonesia,USDC
668,0.7845459447181675,2761572.2300348557,527,S6_worst_case_no_intervention,indonesia,USDC
669,0.7796747801806229,2692532.924283984,527,S6_worst_case_no_intervention,indonesia,USDC
670,0.7978253115946418,2625219.601176885,527,S6_worst_case_no_intervention,indonesia,USDC
671,0.810732531644797,2559589.1111474624,527,S6_worst_case_no_intervention,indonesia,USDC
672,0.7967647530350208,2495599.383368776,527,S6_worst_case_no_intervention,indonesia,USDC
673,0.80518258099394,2433209.3987845564,527,S6_worst_case_no_intervention,indonesia,USDC
674,0.8224532618807235,2372379.163814943,527,S6_worst_case_no_intervention,indonesia,USDC
675,0.8516713318957345,2313069.684719569,527,S6_worst_case_no_intervention,indonesia,USDC
676,0.8344070957766392,2255242.94260158,527,S6_worst_case_no_intervention,indonesia,USDC
677,0.8099132213270879,2198861.8690365404,527,S6_worst_case_no_intervention,indonesia,USDC
678,0.7979616188999712,2143890.322310627,527,S6_worst_case_no_intervention,indonesia,USDC
679,0.8000451366653654,2090293.0642528613,527,S6_worst_case_no_intervention,indonesia,USDC
680,0.7662677916149346,2038035.7376465397,527,S6_worst_case_no_intervention,indonesia,USDC
681,0.7669227767750266,1987084.8442053762,527,S6_worst_case_no_intervention,indonesia,USDC
682,0.6542802134872923,1937407.723100242,527,S6_worst_case_no_intervention,indonesia,USDC
683,0.676592447366743,1888972.5300227362,527,S6_worst_case_no_intervention,indonesia,USDC
684,0.6834612624836613,1841748.2167721675,527,S6_worst_case_no_intervention,indonesia,USDC
685,0.6887502777693021,1795704.5113528634,527,S6_worst_case_no_intervention,indonesia,USDC
686,0.6887168520809365,1750811.8985690419,527,S6_worst_case_no_intervention,indonesia,USDC
687,0.6917376681849062,1707041.601104816,527,S6_worst_case_no_intervention,indonesia,USDC
688,0.6847653404296526,1664365.5610771957,527,S6_worst_case_no_intervention,indonesia,USDC
689,0.7219386120608984,1622756.4220502656,527,S6_worst_case_no_intervention,indonesia,USDC
690,0.7322404417163498,1582187.511499009,527,S6_worst_case_no_intervention,indonesia,USDC
691,0.7418406049193396,1542632.8237115336,527,S6_worst_case_no_intervention,indonesia,USDC
692,0.7209589688575689,1504067.0031187455,527,S6_worst_case_no_intervention,indonesia,USDC
693,0.7307056652961752,1466465.3280407768,527,S6_worst_case_no_intervention,indonesia,USDC
694,0.7247925428323159,1429803.6948397574,527,S6_worst_case_no_intervention,indonesia,USDC
695,0.7268275649023057,1394058.6024687635,527,S6_worst_case_no_intervention,indonesia,USDC
696,0.7299801167272555,1359207.1374070444,527,S6_worst_case_no_intervention,indonesia,USDC
697,0.7605432211622012,1325226.9589718683,527,S6_worst_case_no_intervention,indonesia,USDC
698,0.7751187456438492,1292096.2849975717,527,S6_worst_case_no_intervention,indonesia,USDC
699,0.7748943261275953,1259793.8778726324,527,S6_worst_case_no_intervention,indonesia,USDC
700,0.7649257809314165,1228299.0309258166,527,S6_worst_case_no_intervention,indonesia,USDC
701,0.7622677700162765,1197591.5551526714,527,S6_worst_case_no_intervention,indonesia,USDC
702,0.7598821983978993,1167651.7662738545,527,S6_worst_case_no_intervention,indonesia,USDC
703,0.748251507056519,1138460.4721170082,527,S6_worst_case_no_intervention,indonesia,USDC
704,0.7338736532816508,1109998.960314083,527,S6_worst_case_no_intervention,indonesia,USDC
705,0.7355188049181366,1082248.986306231,527,S6_worst_case_no_intervention,indonesia,USDC
706,0.7507059088679929,1055192.761648575,527,S6_worst_case_no_intervention,indonesia,USDC
707,0.7592542867794989,1028812.9426073608,527,S6_worst_case_no_intervention,indonesia,USDC
708,0.758820568984911,1003092.6190421769,527,S6_worst_case_no_intervention,indonesia,USDC
709,0.7668180242729752,978015.3035661224,527,S6_worst_case_no_intervention,indonesia,USDC
710,0.7483196078324259,953564.9209769694,527,S6_worst_case_no_intervention,indonesia,USDC
711,0.7544160200068192,929725.7979525451,527,S6_worst_case_no_intervention,indonesia,USDC
712,0.762758290132775,906482.6530037316,527,S6_worst_case_no_intervention,indonesia,USDC
713,0.7745852233157222,883820.5866786381,527,S6_worst_case_no_intervention,indonesia,USDC
714,0.7872667032496721,861725.0720116722,527,S6_worst_case_no_intervention,indonesia,USDC
715,0.8083829916971134,840181.9452113805,527,S6_worst_case_no_intervention,indonesia,USDC
716,0.8168201753449821,819177.3965810959,527,S6_worst_case_no_intervention,indonesia,USDC
717,0.8258995478295245,798697.9616665685,527,S6_worst_case_no_intervention,indonesia,USDC
718,0.8400461157755907,778730.5126249043,527,S6_worst_case_no_intervention,indonesia,USDC
719,0.798173632385611,759262.2498092817,527,S6_worst_case_no_intervention,indonesia,USDC
720,0.811123498709231,740280.6935640497,527,S6_worst_case_no_intervention,indonesia,USDC
721,0.8097481486701886,721773.6762249484,527,S6_worst_case_no_intervention,indonesia,USDC
722,0.7908541026181657,703729.3343193247,527,S6_worst_case_no_intervention,indonesia,USDC
723,0.7871497957859442,686136.1009613416,527,S6_worst_case_no_intervention,indonesia,USDC
724,0.7902036506811844,668982.6984373081,527,S6_worst_case_no_intervention,indonesia,USDC
725,0.7844832852269099,652258.1309763754,527,S6_worst_case_no_intervention,indonesia,USDC
726,0.7811826951507805,635951.677701966,527,S6_worst_case_no_intervention,indonesia,USDC
727,0.7966034762548553,620052.8857594169,527,S6_worst_case_no_intervention,indonesia,USDC
728,0.8041507320944603,604551.5636154314,527,S6_worst_case_no_intervention,indonesia,USDC
729,0.8165514405473018,589437.7745250455,527,S6_worst_case_no_intervention,indonesia,USDC
730,0.8089028488461513,574701.8301619195,527,S6_worst_case_no_intervention,indonesia,USDC
731,0.8256280200181855,560334.2844078715,527,S6_worst_case_no_intervention,indonesia,USDC
732,0.835490227479022,546325.9272976747,527,S6_worst_case_no_intervention,indonesia,USDC
733,0.7970161158605654,532667.7791152329,527,S6_worst_case_no_intervention,indonesia,USDC
734,0.7983195887439647,519351.08463735203,527,S6_worst_case_no_intervention,indonesia,USDC
735,0.8115700177808236,506367.3075214182,527,S6_worst_case_no_intervention,indonesia,USDC
736,0.811374495618086,493708.1248333827,527,S6_worst_case_no_intervention,indonesia,USDC
737,0.8195869167755371,481365.4217125481,527,S6_worst_case_no_intervention,indonesia,USDC
738,0.8389214637698527,469331.28616973455,527,S6_worst_case_no_intervention,indonesia,USDC
739,0.840437078925083,457598.0040154911,527,S6_worst_case_no_intervention,indonesia,USDC
740,0.8401212233726603,446158.0539151038,527,S6_worst_case_no_intervention,indonesia,USDC
741,0.8403767244288425,435004.1025672263,527,S6_worst_case_no_intervention,indonesia,USDC
742,0.8363676259552939,424129.0000030456,527,S6_worst_case_no_intervention,indonesia,USDC
743,0.8538317629400529,413525.7750029694,527,S6_worst_case_no_intervention,indonesia,USDC
744,0.8369544147314474,403187.6306278952,527,S6_worst_case_no_intervention,indonesia,USDC
745,0.8026795464421129,393107.9398621978,527,S6_worst_case_no_intervention,indonesia,USDC
746,0.8091323530357287,383280.24136564287,527,S6_worst_case_no_intervention,indonesia,USDC
747,0.7951985160549936,373698.2353315018,527,S6_worst_case_no_intervention,indonesia,USDC
748,0.8006080602471981,364355.7794482142,527,S6_worst_case_no_intervention,indonesia,USDC
749,0.794503894554878,355246.88496200886,527,S6_worst_case_no_intervention,indonesia,USDC
750,0.7799940590532856,346365.71283795865,527,S6_worst_case_no_intervention,indonesia,USDC
751,0.8045409753700037,337706.5700170097,527,S6_worst_case_no_intervention,indonesia,USDC
752,0.8206436500814345,329263.90576658444,527,S6_worst_case_no_intervention,indonesia,USDC
753,0.7799715639949375,321032.30812241987,527,S6_worst_case_no_intervention,indonesia,USDC
754,0.7828895123046545,313006.5004193593,527,S6_worst_case_no_intervention,indonesia,USDC
755,0.7937762865595391,305181.3379088754,527,S6_worst_case_no_intervention,indonesia,USDC
756,0.8072595975479001,297551.80446115346,527,S6_worst_case_no_intervention,indonesia,USDC
757,0.8302420203237102,290113.0093496246,527,S6_worst_case_no_intervention,indonesia,USDC
758,0.8233923741472253,282860.184115884,527,S6_worst_case_no_intervention,indonesia,USDC
759,0.814448966944174,275788.6795129869,527,S6_worst_case_no_intervention,indonesia,USDC
760,0.8245060529375847,268893.9625251622,527,S6_worst_case_no_intervention,indonesia,USDC
761,0.8038644238243373,262171.6134620332,527,S6_worst_case_no_intervention,indonesia,USDC
762,0.8049269670664988,255617.32312548236,527,S6_worst_case_no_intervention,indonesia,USDC
763,0.8222982128000131,249226.89004734528,527,S6_worst_case_no_intervention,indonesia,USDC
764,0.8285035585435959,242996.21779616165,527,S6_worst_case_no_intervention,indonesia,USDC
765,0.8446087854941955,236921.31235125766,527,S6_worst_case_no_intervention,indonesia,USDC
766,0.8298924544585035,230998.27954247617,527,S6_worst_case_no_intervention,indonesia,USDC
767,0.8176385853757002,225223.32255391427,527,S6_worst_case_no_intervention,indonesia,USDC
768,0.8177280468793946,219592.73949006642,527,S6_worst_case_no_intervention,indonesia,USDC
769,0.7970375407685358,214102.92100281472,527,S6_worst_case_no_intervention,indonesia,USDC
770,0.7722434434219284,208750.34797774436,527,S6_worst_case_no_intervention,indonesia,USDC
771,0.7775167947223407,203531.5892783008,527,S6_worst_case_no_intervention,indonesia,USDC
772,0.773769236552257,198443.29954634327,527,S6_worst_case_no_intervention,indonesia,USDC
773,0.779089841419418,193482.21705768467,527,S6_worst_case_no_intervention,indonesia,USDC
774,0.7751573637366872,188645.16163124255,527,S6_worst_case_no_intervention,indonesia,USDC
775,0.7960909765280698,183929.03259046152,527,S6_worst_case_no_intervention,indonesia,USDC
776,0.7715573670209098,179330.80677569998,527,S6_worst_case_no_intervention,indonesia,USDC
777,0.7918432469720617,174847.53660630746,527,S6_worst_case_no_intervention,indonesia,USDC
778,0.8029161213521335,170476.34819114977,527,S6_worst_case_no_intervention,indonesia,USDC
779,0.7905595685135718,166214.43948637103,527,S6_worst_case_no_intervention,indonesia,USDC
780,0.7956498557448641,162059.07849921176,527,S6_worst_case_no_intervention,indonesia,USDC
781,0.789863438396459,158007.60153673147,527,S6_worst_case_no_intervention,indonesia,USDC
782,0.765661755103023,154057.4114983132,527,S6_worst_case_no_intervention,indonesia,USDC
783,0.770537621197681,150205.97621085536,527,S6_worst_case_no_intervention,indonesia,USDC
784,0.77370026355938,146450.82680558396,527,S6_worst_case_no_intervention,indonesia,USDC
785,0.7460676719896792,142789.55613544438,527,S6_worst_case_no_intervention,indonesia,USDC
786,0.7378131519429689,139219.81723205827,527,S6_worst_case_no_intervention,indonesia,USDC
787,0.7331936932811776,135739.3218012568,527,S6_worst_case_no_intervention,indonesia,USDC
788,0.7476142374732277,132345.8387562254,527,S6_worst_case_no_intervention,indonesia,USDC
789,0.7374025777513,129037.19278731974,527,S6_worst_case_no_intervention,indonesia,USDC
790,0.7446972789870885,125811.26296763675,527,S6_worst_case_no_intervention,indonesia,USDC
791,0.7479663050801381,122665.98139344582,527,S6_worst_case_no_intervention,indonesia,USDC
792,0.7529041033968082,119599.33185860969,527,S6_worst_case_no_intervention,indonesia,USDC
793,0.7300617767399271,116609.34856214444,527,S6_worst_case_no_intervention,indonesia,USDC
794,0.7337953318161486,113694.11484809083,527,S6_worst_case_no_intervention,indonesia,USDC
795,0.7126474129145841,110851.76197688855,527,S6_worst_case_no_intervention,indonesia,USDC
796,0.7647984573786196,108080.46792746635,527,S6_worst_case_no_intervention,indonesia,USDC
797,0.7459374282925242,105378.45622927969,527,S6_worst_case_no_intervention,indonesia,USDC
798,0.7694575092533068,102743.99482354769,527,S6_worst_case_no_intervention,indonesia,USDC
799,0.7832514900296569,100175.394952959,527,S6_worst_case_no_intervention,indonesia,USDC
800,0.7666600655084096,97671.01007913503,527,S6_worst_case_no_intervention,indonesia,USDC
801,0.7948933933600284,95229.23482715664,527,S6_worst_case_no_intervention,indonesia,USDC
802,0.7728085843960167,92848.50395647774,527,S6_worst_case_no_intervention,indonesia,USDC
803,0.7556984048078915,90527.29135756579,527,S6_worst_case_no_intervention,indonesia,USDC
804,0.7417238466080381,88264.10907362665,527,S6_worst_case_no_intervention,indonesia,USDC
805,0.7402907941553174,86057.50634678599,527,S6_worst_case_no_intervention,indonesia,USDC
806,0.7224303903835078,83906.06868811633,527,S6_worst_case_no_intervention,indonesia,USDC
807,0.740898837339934,81808.41697091341,527,S6_worst_case_no_intervention,indonesia,USDC
808,0.751214134148851,79763.20654664059,527,S6_worst_case_no_intervention,indonesia,USDC
809,0.7536959226547633,77769.12638297457,527,S6_worst_case_no_intervention,indonesia,USDC
810,0.7643345974978104,75824.8982234002,527,S6_worst_case_no_intervention,indonesia,USDC
811,0.7682346411518295,73929.2757678152,527,S6_worst_case_no_intervention,indonesia,USDC
812,0.7617880136270663,72081.04387361983,527,S6_worst_case_no_intervention,indonesia,USDC
813,0.7698655561686124,70279.01777677934,527,S6_worst_case_no_intervention,indonesia,USDC
814,0.7743326011149454,68522.04233235985,527,S6_worst_case_no_intervention,indonesia,USDC
815,0.793159347591622,66808.99127405084,527,S6_worst_case_no_intervention,indonesia,USDC
816,0.8053318007969946,65138.766492199575,527,S6_worst_case_no_intervention,indonesia,USDC
817,0.8245158262818219,63510.29732989459,527,S6_worst_case_no_intervention,indonesia,USDC
818,0.8242190326062033,61922.53989664721,527,S6_worst_case_no_intervention,indonesia,USDC
819,0.7971921023496165,60374.47639923103,527,S6_worst_case_no_intervention,indonesia,USDC
820,0.7878480464204672,58865.11448925026,527,S6_worst_case_no_intervention,indonesia,USDC
821,0.8153742268198388,57393.486627019,527,S6_worst_case_no_intervention,indonesia,USDC
822,0.8112903973560418,55958.64946134352,527,S6_worst_case_no_intervention,indonesia,USDC
823,0.8111826311826765,54559.68322480994,527,S6_worst_case_no_intervention,indonesia,USDC
824,0.80734497694381,53195.691144189695,527,S6_worst_case_no_intervention,indonesia,USDC
825,0.7928486358028736,51865.79886558495,527,S6_worst_case_no_intervention,indonesia,USDC
826,0.743528945184791,50569.153893945324,527,S6_worst_case_no_intervention,indonesia,USDC
827,0.7782596928791986,49304.92504659669,527,S6_worst_case_no_intervention,indonesia,USDC
828,0.8111113133566908,48072.30192043177,527,S6_worst_case_no_intervention,indonesia,USDC
829,0.8168190992489223,46870.49437242098,527,S6_worst_case_no_intervention,indonesia,USDC
830,0.8256978218382527,45698.73201311045,527,S6_worst_case_no_intervention,indonesia,USDC
831,0.8140218461794865,44556.26371278269,527,S6_worst_case_no_intervention,indonesia,USDC
832,0.8150940040478254,43442.357119963126,527,S6_worst_case_no_intervention,indonesia,USDC
833,0.8345641106429337,42356.298191964044,527,S6_worst_case_no_intervention,indonesia,USDC
834,0.8375926006178911,41297.39073716494,527,S6_worst_case_no_intervention,indonesia,USDC
835,0.8331537552915151,40264.95596873582,527,S6_worst_case_no_intervention,indonesia,USDC
836,0.8257613929630053,39258.332069517426,527,S6_worst_case_no_intervention,indonesia,USDC
837,0.8268383089638792,38276.87376777949,527,S6_worst_case_no_intervention,indonesia,USDC
838,0.7940868878536719,37319.951923585,527,S6_worst_case_no_intervention,indonesia,USDC
839,0.7647990077667149,36386.953125495376,527,S6_worst_case_no_intervention,indonesia,USDC
840,0.7620347828177048,35477.27929735799,527,S6_worst_case_no_intervention,indonesia,USDC
841,0.7461193302587537,34590.347314924045,527,S6_worst_case_no_intervention,indonesia,USDC
842,0.7505227113026365,33725.588632050945,527,S6_worst_case_no_intervention,indonesia,USDC
843,0.776742226018644,32882.44891624967,527,S6_worst_case_no_intervention,indonesia,USDC
844,0.8086661219210926,32060.387693343422,527,S6_worst_case_no_intervention,indonesia,USDC
845,0.7948397512865832,31258.87800100984,527,S6_worst_case_no_intervention,indonesia,USDC
846,0.7935836588787474,30477.406050984595,527,S6_worst_case_no_intervention,indonesia,USDC
847,0.7928296674763834,29715.47089970998,527,S6_worst_case_no_intervention,indonesia,USDC
848,0.8249980975228904,28972.584127217233,527,S6_worst_case_no_intervention,indonesia,USDC
849,0.8191395926230292,28248.269524036798,527,S6_worst_case_no_intervention,indonesia,USDC
850,0.8111465791290423,27542.062785935876,527,S6_worst_case_no_intervention,indonesia,USDC
851,0.8087265251823107,26853.51121628748,527,S6_worst_case_no_intervention,indonesia,USDC
852,0.8238982602138488,26182.173435880293,527,S6_worst_case_no_intervention,indonesia,USDC
853,0.819679947212281,25527.619099983287,527,S6_worst_case_no_intervention,indonesia,USDC
854,0.8085897492960142,24889.4286224837,527,S6_worst_case_no_intervention,indonesia,USDC
855,0.8279282926344192,24267.19290692161,527,S6_worst_case_no_intervention,indonesia,USDC
856,0.8367350078296021,23660.513084248567,527,S6_worst_case_no_intervention,indonesia,USDC
857,0.8334285551129026,23069.000257142354,527,S6_worst_case_no_intervention,indonesia,USDC
858,0.8296435271442159,22492.275250713792,527,S6_worst_case_no_intervention,indonesia,USDC
859,0.8019077267657466,21929.96836944595,527,S6_worst_case_no_intervention,indonesia,USDC
860,0.8060619150507728,21381.719160209803,527,S6_worst_case_no_intervention,indonesia,USDC
861,0.8310474330861999,20847.176181204555,527,S6_worst_case_no_intervention,indonesia,USDC
862,0.8409744669385769,20325.99677667444,527,S6_worst_case_no_intervention,indonesia,USDC
863,0.8617791774453971,19817.84685725758,527,S6_worst_case_no_intervention,indonesia,USDC
864,0.8268603925290667,19322.400685826142,527,S6_worst_case_no_intervention,indonesia,USDC
865,0.806386716347916,18839.34066868049,527,S6_worst_case_no_intervention,indonesia,USDC
866,0.8088835553850036,18368.35715196347,527,S6_worst_case_no_intervention,indonesia,USDC
867,0.8283688413217606,17909.148223164386,527,S6_worst_case_no_intervention,indonesia,USDC
868,0.8238205739856947,17461.419517585276,527,S6_worst_case_no_intervention,indonesia,USDC
869,0.8101029084721295,17024.884029645644,527,S6_worst_case_no_intervention,indonesia,USDC
870,0.7804902650204419,16599.261928904503,527,S6_worst_case_no_intervention,indonesia,USDC
871,0.809407348209961,16184.280380681892,527,S6_worst_case_no_intervention,indonesia,USDC
872,0.7883912294035584,15779.673371164845,527,S6_worst_case_no_intervention,indonesia,USDC
873,0.7856883006853386,15385.181536885724,527,S6_worst_case_no_intervention,indonesia,USDC
874,0.7884361891324261,15000.55199846358,527,S6_worst_case_no_intervention,indonesia,USDC
875,0.78337818510482,14625.53819850199,527,S6_worst_case_no_intervention,indonesia,USDC
876,0.7789937104878856,14259.899743539441,527,S6_worst_case_no_intervention,indonesia,USDC
877,0.7724490464375883,13903.402249950954,527,S6_worst_case_no_intervention,indonesia,USDC
878,0.7684104734956367,13555.81719370218,527,S6_worst_case_no_intervention,indonesia,USDC
879,0.7643772755073744,13216.921763859627,527,S6_worst_case_no_intervention,indonesia,USDC
880,0.7745778251000417,12886.498719763136,527,S6_worst_case_no_intervention,indonesia,USDC
881,0.7741434780051998,12564.336251769058,527,S6_worst_case_no_intervention,indonesia,USDC
882,0.7639596743383338,12250.227845474832,527,S6_worst_case_no_intervention,indonesia,USDC
883,0.7649980739431536,11943.972149337962,527,S6_worst_case_no_intervention,indonesia,USDC
884,0.7535594847814285,11645.372845604512,527,S6_worst_case_no_intervention,indonesia,USDC
885,0.773191617893935,11354.2385244644,527,S6_worst_case_no_intervention,indonesia,USDC
886,0.7702290585301064,11070.38256135279,527,S6_worst_case_no_intervention,indonesia,USDC
887,0.7909969643832029,10793.62299731897,527,S6_worst_case_no_intervention,indonesia,USDC
888,0.7867687941689241,10523.782422385995,527,S6_worst_case_no_intervention,indonesia,USDC
889,0.7773389195237271,10260.687861826344,527,S6_worst_case_no_intervention,indonesia,USDC
890,0.7755322330186429,10004.170665280686,527,S6_worst_case_no_intervention,indonesia,USDC
891,0.7616935684248443,9754.066398648669,527,S6_worst_case_no_intervention,indonesia,USDC
892,0.7964443513251538,9510.214738682453,527,S6_worst_case_no_intervention,indonesia,USDC
893,0.8123891233893752,9272.45937021539,527,S6_worst_case_no_intervention,indonesia,USDC
894,0.8125849541424055,9040.647885960007,527,S6_worst_case_no_intervention,indonesia,USDC
895,0.8281520561587767,8814.631688811005,527,S6_worst_case_no_intervention,indonesia,USDC
896,0.8314284075166006,8594.26589659073,527,S6_worst_case_no_intervention,indonesia,USDC
897,0.8419367576415744,8379.409249175962,527,S6_worst_case_no_intervention,indonesia,USDC
898,0.8420698744873754,8169.924017946565,527,S6_worst_case_no_intervention,indonesia,USDC
899,0.8296879228103237,7965.6759174979,527,S6_worst_case_no_intervention,indonesia,USDC
900,0.8560937043675033,7766.534019560452,527,S6_worst_case_no_intervention,indonesia,USDC
901,0.843437328273243,7572.370669071441,527,S6_worst_case_no_intervention,indonesia,USDC
902,0.8593714606703026,7383.061402344655,527,S6_worst_case_no_intervention,indonesia,USDC
903,0.8851343447724352,7198.484867286039,527,S6_worst_case_no_intervention,indonesia,USDC
904,0.8225318809600293,7018.522745603888,527,S6_worst_case_no_intervention,indonesia,USDC
905,0.8005089104913934,6843.0596769637905,527,S6_worst_case_no_intervention,indonesia,USDC
906,0.7588807832247074,6671.983185039697,527,S6_worst_case_no_intervention,indonesia,USDC
907,0.748244010022055,6505.183605413704,527,S6_worst_case_no_intervention,indonesia,USDC
908,0.7341144805807132,6342.554015278361,527,S6_worst_case_no_intervention,indonesia,USDC
909,0.748644251755606,6183.990164896402,527,S6_worst_case_no_intervention,indonesia,USDC
910,0.750052153873893,6029.390410773991,527,S6_worst_case_no_intervention,indonesia,USDC
911,0.768377821577546,5878.655650504642,527,S6_worst_case_no_intervention,indonesia,USDC
912,0.7595605997532673,5731.689259242025,527,S6_worst_case_no_intervention,indonesia,USDC
913,0.7338008638366958,5588.397027760975,527,S6_worst_case_no_intervention,indonesia,USDC
914,0.7268724618093081,5448.6871020669505,527,S6_worst_case_no_intervention,indonesia,USDC
915,0.7095342898388322,5312.469924515277,527,S6_worst_case_no_intervention,indonesia,USDC
916,0.7279517365700251,5179.658176402395,527,S6_worst_case_no_intervention,indonesia,USDC
917,0.7273709196292724,5050.166721992335,527,S6_worst_case_no_intervention,indonesia,USDC
918,0.7286344272258588,4923.912553942527,527,S6_worst_case_no_intervention,indonesia,USDC
919,0.75803492892268,4800.814740093963,527,S6_worst_case_no_intervention,indonesia,USDC
920,0.7940255379339192,4680.794371591614,527,S6_worst_case_no_intervention,indonesia,USDC
921,0.8030688958274633,4563.774512301824,527,S6_worst_case_no_intervention,indonesia,USDC
922,0.7807882109964883,4449.680149494278,527,S6_worst_case_no_intervention,indonesia,USDC
923,0.784229699613626,4338.438145756922,527,S6_worst_case_no_intervention,indonesia,USDC
924,0.7948285876429861,4229.977192112998,527,S6_worst_case_no_intervention,indonesia,USDC
925,0.8010121313560066,4124.227762310173,527,S6_worst_case_no_intervention,indonesia,USDC
926,0.7970105278971694,4021.122068252419,527,S6_worst_case_no_intervention,indonesia,USDC
927,0.7699181389792727,3920.594016546109,527,S6_worst_case_no_intervention,indonesia,USDC
928,0.7760297754912459,3822.5791661324556,527,S6_worst_case_no_intervention,indonesia,USDC
929,0.812543970153731,3727.0146869791442,527,S6_worst_case_no_intervention,indonesia,USDC
930,0.8145855191689273,3633.8393198046656,527,S6_worst_case_no_intervention,indonesia,USDC
931,0.8172158481728976,3542.993336809549,527,S6_worst_case_no_intervention,indonesia,USDC
932,0.8102100924486008,3454.4185033893104,527,S6_worst_case_no_intervention,indonesia,USDC
933,0.8066705266811753,3368.058040804577,527,S6_worst_case_no_intervention,indonesia,USDC
934,0.8231459854599086,3283.856589784463,527,S6_worst_case_no_intervention,indonesia,USDC
935,0.7820780686748212,3201.7601750398517,527,S6_worst_case_no_intervention,indonesia,USDC
936,0.7791377737444565,3121.716170663855,527,S6_worst_case_no_intervention,indonesia,USDC
937,0.7889608115206826,3043.673266397259,527,S6_worst_case_no_intervention,indonesia,USDC
938,0.8064940938628989,2967.581434737327,527,S6_worst_case_no_intervention,indonesia,USDC
939,0.8084949884359834,2893.391898868894,527,S6_worst_case_no_intervention,indonesia,USDC
940,0.8327273802870682,2821.057101397171,527,S6_worst_case_no_intervention,indonesia,USDC
941,0.8350163864269576,2750.530673862242,527,S6_worst_case_no_intervention,indonesia,USDC
942,0.8482578477237867,2681.7674070156863,527,S6_worst_case_no_intervention,indonesia,USDC
943,0.8279846307056928,2614.723221840294,527,S6_worst_case_no_intervention,indonesia,USDC
944,0.8549222795346221,2549.3551412942866,527,S6_worst_case_no_intervention,indonesia,USDC
945,0.8581069056973292,2485.6212627619298,527,S6_worst_case_no_intervention,indonesia,USDC
946,0.8517494162009842,2423.480731192881,527,S6_worst_case_no_intervention,indonesia,USDC
947,0.8237936439880831,2362.8937129130595,527,S6_worst_case_no_intervention,indonesia,USDC
948,0.835241865911453,2303.821370090233,527,S6_worst_case_no_intervention,indonesia,USDC
949,0.833724568367902,2246.225835837977,527,S6_worst_case_no_intervention,indonesia,USDC
950,0.8512754591512983,2190.0701899420274,527,S6_worst_case_no_intervention,indonesia,USDC
951,0.8186029914289941,2135.318435193477,527,S6_worst_case_no_intervention,indonesia,USDC
952,0.8103283089915614,2081.93547431364,527,S6_worst_case_no_intervention,indonesia,USDC
953,0.8193653076308964,2029.8870874557988,527,S6_worst_case_no_intervention,indonesia,USDC
954,0.8125515856128022,1979.139910269404,527,S6_worst_case_no_intervention,indonesia,USDC
955,0.7768167194660007,1929.661412512669,527,S6_worst_case_no_intervention,indonesia,USDC
956,0.7941958994544484,1881.4198771998522,527,S6_worst_case_no_intervention,indonesia,USDC
957,0.8121393648621907,1834.3843802698557,527,S6_worst_case_no_intervention,indonesia,USDC
958,0.7975746397292921,1788.5247707631097,527,S6_worst_case_no_intervention,indonesia,USDC
959,0.8009826113501204,1743.8116514940318,527,S6_worst_case_no_intervention,indonesia,USDC
960,0.7852412667829126,1700.2163602066812,527,S6_worst_case_no_intervention,indonesia,USDC
961,0.7946023812826092,1657.710951201514,527,S6_worst_case_no_intervention,indonesia,USDC
962,0.7842484507218204,1616.2681774214761,527,S6_worst_case_no_intervention,indonesia,USDC
963,0.7754129825200331,1575.8614729859394,527,S6_worst_case_no_intervention,indonesia,USDC
964,0.7727267162716392,1536.464936161291,527,S6_worst_case_no_intervention,indonesia,USDC
965,0.7730693427987255,1498.0533127572587,527,S6_worst_case_no_intervention,indonesia,USDC
966,0.7646460641100615,1460.6019799383273,527,S6_worst_case_no_intervention,indonesia,USDC
967,0.7570430661491288,1424.086930439869,527,S6_worst_case_no_intervention,indonesia,USDC
968,0.7421077872131616,1388.4847571788723,527,S6_worst_case_no_intervention,indonesia,USDC
969,0.7494251844671115,1353.7726382494006,527,S6_worst_case_no_intervention,indonesia,USDC
970,0.7768747074131009,1319.9283222931654,527,S6_worst_case_no_intervention,indonesia,USDC
971,0.7961915370907099,1286.9301142358363,527,S6_worst_case_no_intervention,indonesia,USDC
972,0.7698099451510515,1254.7568613799403,527,S6_worst_case_no_intervention,indonesia,USDC
973,0.7771688306575015,1223.387939845442,527,S6_worst_case_no_intervention,indonesia,USDC
974,0.7996116340188286,1192.8032413493058,527,S6_worst_case_no_intervention,indonesia,USDC
975,0.7492927973325397,1162.983160315573,527,S6_worst_case_no_intervention,indonesia,USDC
976,0.7290857590202385,1133.9085813076838,527,S6_worst_case_no_intervention,indonesia,USDC
977,0.7701023724162007,1105.5608667749916,527,S6_worst_case_no_intervention,indonesia,USDC
978,0.778223776372365,1077.9218451056167,527,S6_worst_case_no_intervention,indonesia,USDC
979,0.8028518457985884,1050.9737989779765,527,S6_worst_case_no_intervention,indonesia,USDC
980,0.7988457185971329,1024.699454003527,527,S6_worst_case_no_intervention,indonesia,USDC
981,0.7856909083615148,999.0819676534388,527,S6_worst_case_no_intervention,indonesia,USDC
982,0.7934503935500409,974.1049184621028,527,S6_worst_case_no_intervention,indonesia,USDC
983,0.7735100942639772,949.7522955005502,527,S6_worst_case_no_intervention,indonesia,USDC
984,0.7638749259438292,926.0084881130365,527,S6_worst_case_no_intervention,indonesia,USDC
985,0.7809304178278491,902.8582759102105,527,S6_worst_case_no_intervention,indonesia,USDC
986,0.8100315274019777,880.2868190124552,527,S6_worst_case_no_intervention,indonesia,USDC
987,0.8078080366006124,858.2796485371439,527,S6_worst_case_no_intervention,indonesia,USDC
988,0.7959525400692987,836.8226573237152,527,S6_worst_case_no_intervention,indonesia,USDC
989,0.8262274350694819,815.9020908906224,527,S6_worst_case_no_intervention,indonesia,USDC
990,0.790803214275352,795.504538618357,527,S6_worst_case_no_intervention,indonesia,USDC
991,0.79948700471829,775.6169251528979,527,S6_worst_case_no_intervention,indonesia,USDC
992,0.785968007763838,756.2265020240754,527,S6_worst_case_no_intervention,indonesia,USDC
993,0.8009714239556698,737.3208394734736,527,S6_worst_case_no_intervention,indonesia,USDC
994,0.8022140391178313,718.8878184866368,527,S6_worst_case_no_intervention,indonesia,USDC
995,0.8286137162281799,700.9156230244708,527,S6_worst_case_no_intervention,indonesia,USDC
996,0.8392962685983492,683.3927324488591,527,S6_worst_case_no_intervention,indonesia,USDC
997,0.8435876325835253,666.3079141376377,527,S6_worst_case_no_intervention,indonesia,USDC
998,0.8444847625181879,649.6502162841966,527,S6_worst_case_no_intervention,indonesia,USDC
999,0.8497884502847594,633.4089608770918,527,S6_worst_case_no_intervention,indonesia,USDC
1000,0.8350814109881054,617.5737368551645,527,S6_worst_case_no_intervention,indonesia,USDC
