Step,price,liquidity,iteration,scenario,region,coin
1,0.9768906727090421,2989599092303.585,344,S6_worst_case_no_intervention,indonesia,USDC
2,0.962405072786992,2989599092303.585,344,S6_worst_case_no_intervention,indonesia,USDC
3,0.9582024888962752,2989158371234.1304,344,S6_worst_case_no_intervention,indonesia,USDC
4,0.9520971556929005,2988466671804.029,344,S6_worst_case_no_intervention,indonesia,USDC
5,0.9131100867286684,2987417975976.4907,344,S6_worst_case_no_intervention,indonesia,USDC
6,0.9272752714201077,2984072899343.53,344,S6_worst_case_no_intervention,indonesia,USDC
7,0.8991568046838777,2981692434626.511,344,S6_worst_case_no_intervention,indonesia,USDC
8,0.8994093685785074,2977939817453.315,344,S6_worst_case_no_intervention,indonesia,USDC
9,0.8944126458370518,2974472399194.466,344,S6_worst_case_no_intervention,indonesia,USDC
10,0.9189713026037938,2971027377599.038,344,S6_worst_case_no_intervention,indonesia,USDC
11,0.9266659527142467,2968905829753.7417,344,S6_worst_case_no_intervention,indonesia,USDC
12,0.9280321563739627,2967201531860.1006,344,S6_worst_case_no_intervention,indonesia,USDC
13,0.9341792759596514,2965574631547.456,344,S6_worst_case_no_intervention,indonesia,USDC
14,0.951318498408489,2964261311999.0786,344,S6_worst_case_no_intervention,indonesia,USDC
15,0.9338602920561666,2963627317218.3154,344,S6_worst_case_no_intervention,indonesia,USDC
16,0.914188187291668,2962390072969.1445,344,S6_worst_case_no_intervention,indonesia,USDC
17,0.9379760195259366,2960562594114.264,344,S6_worst_case_no_intervention,indonesia,USDC
18,0.9593179085094685,2959582523840.9375,344,S6_worst_case_no_intervention,indonesia,USDC
19,0.9293699438508058,2959270759932.1006,344,S6_worst_case_no_intervention,indonesia,USDC
20,0.9044162822309832,2958076324724.5483,344,S6_worst_case_no_intervention,indonesia,USDC
21,0.9185074620846312,2956194372635.682,344,S6_worst_case_no_intervention,indonesia,USDC
22,0.918972415317573,2954782559768.8057,344,S6_worst_case_no_intervention,indonesia,USDC
23,0.9207375403295803,2953493215904.242,344,S6_worst_case_no_intervention,indonesia,USDC
24,0.9172266802062489,2952296801958.838,344,S6_worst_case_no_intervention,indonesia,USDC
25,0.9173788245090141,2951114926358.611,344,S6_worst_case_no_intervention,indonesia,USDC
26,0.9255275864194288,2949965175414.381,344,S6_worst_case_no_intervention,indonesia,USDC
27,0.9657663098723429,2949046967527.8457,344,S6_worst_case_no_intervention,indonesia,USDC
28,0.9696074375374519,2948969168315.2764,344,S6_worst_case_no_intervention,indonesia,USDC
29,0.943412053291578,2948963932112.55,344,S6_worst_case_no_intervention,indonesia,USDC
30,0.9608353722477561,2948457117358.2783,344,S6_worst_case_no_intervention,indonesia,USDC
31,0.9621748294746316,2948278945420.372,344,S6_worst_case_no_intervention,indonesia,USDC
32,0.949885848686079,2948144472941.9604,344,S6_worst_case_no_intervention,indonesia,USDC
33,0.9607038549307069,2947781661284.787,344,S6_worst_case_no_intervention,indonesia,USDC
34,0.9484289509644427,2947615892139.4634,344,S6_worst_case_no_intervention,indonesia,USDC
35,0.9440595756676815,2947249223908.103,344,S6_worst_case_no_intervention,indonesia,USDC
36,0.9640243397961101,2946814265589.2954,344,S6_worst_case_no_intervention,indonesia,USDC
37,0.9911844378054335,2946708211954.34,344,S6_worst_case_no_intervention,indonesia,USDC
38,1.0003051666981195,2946708211954.34,344,S6_worst_case_no_intervention,indonesia,USDC
39,0.9800098232011454,2946708211954.34,344,S6_worst_case_no_intervention,indonesia,USDC
40,1.0104612124128796,2946708211954.34,344,S6_worst_case_no_intervention,indonesia,USDC
41,0.9971479509437899,2946708211954.34,344,S6_worst_case_no_intervention,indonesia,USDC
42,1.0149454319816866,2946708211954.34,344,S6_worst_case_no_intervention,indonesia,USDC
43,1.0083232080711764,2946708211954.34,344,S6_worst_case_no_intervention,indonesia,USDC
44,1.0324972803898305,2946708211954.34,344,S6_worst_case_no_intervention,indonesia,USDC
45,1.0420784996566737,2946708211954.34,344,S6_worst_case_no_intervention,indonesia,USDC
46,1.0451232823511567,2946708211954.34,344,S6_worst_case_no_intervention,indonesia,USDC
47,1.0463151176610264,2946708211954.34,344,S6_worst_case_no_intervention,indonesia,USDC
48,1.0513584905048268,2946708211954.34,344,S6_worst_case_no_intervention,indonesia,USDC
49,1.0363975889321349,2946708211954.34,344,S6_worst_case_no_intervention,indonesia,USDC
50,1.03167300635451,2946708211954.34,344,S6_worst_case_no_intervention,indonesia,USDC
51,0.9987297019120979,2946708211954.34,344,S6_worst_case_no_intervention,indonesia,USDC
52,1.023596393037811,2946708211954.34,344,S6_worst_case_no_intervention,indonesia,USDC
53,1.0350503098075037,2946708211954.34,344,S6_worst_case_no_intervention,indonesia,USDC
54,1.0309302744385724,2946708211954.34,344,S6_worst_case_no_intervention,indonesia,USDC
55,0.9978982649441607,2946708211954.34,344,S6_worst_case_no_intervention,indonesia,USDC
56,0.9843430711479256,2946708211954.34,344,S6_worst_case_no_intervention,indonesia,USDC
57,1.0122858780432027,2946708211954.34,344,S6_worst_case_no_intervention,indonesia,USDC
58,0.979935427617822,2946708211954.34,344,S6_worst_case_no_intervention,indonesia,USDC
59,0.9704677617564746,2946708211954.34,344,S6_worst_case_no_intervention,indonesia,USDC
60,0.9725789275093972,2946708211954.34,344,S6_worst_case_no_intervention,indonesia,USDC
61,0.99165749778569,2946708211954.34,344,S6_worst_case_no_intervention,indonesia,USDC
62,0.9947615962434687,2946708211954.34,344,S6_worst_case_no_intervention,indonesia,USDC
63,0.9960004942869091,2946708211954.34,344,S6_worst_case_no_intervention,indonesia,USDC
64,0.9892109525945072,2946708211954.34,344,S6_worst_case_no_intervention,indonesia,USDC
65,0.9854725737367704,2946708211954.34,344,S6_worst_case_no_intervention,indonesia,USDC
66,0.9764806619044205,2946708211954.34,344,S6_worst_case_no_intervention,indonesia,USDC
67,1.0088104934633335,2946708211954.34,344,S6_worst_case_no_intervention,indonesia,USDC
68,1.001024567319398,2946708211954.34,344,S6_worst_case_no_intervention,indonesia,USDC
69,1.0023045326341897,2946708211954.34,344,S6_worst_case_no_intervention,indonesia,USDC
70,0.9978209528082788,2946708211954.34,344,S6_worst_case_no_intervention,indonesia,USDC
71,1.0065274573673941,2946708211954.34,344,S6_worst_case_no_intervention,indonesia,USDC
72,1.0015345890985208,2946708211954.34,344,S6_worst_case_no_intervention,indonesia,USDC
73,1.0170785313280553,2946708211954.34,344,S6_worst_case_no_intervention,indonesia,USDC
74,0.9905803362925634,2946708211954.34,344,S6_worst_case_no_intervention,indonesia,USDC
75,0.9760973096297296,2946708211954.34,344,S6_worst_case_no_intervention,indonesia,USDC
76,0.9514830772404083,2946708211954.34,344,S6_worst_case_no_intervention,indonesia,USDC
77,0.9594367283427643,2946407545100.08,344,S6_worst_case_no_intervention,indonesia,USDC
78,0.937412312525024,2946235472066.0527,344,S6_worst_case_no_intervention,indonesia,USDC
79,0.9357973895815015,2945727416353.4844,344,S6_worst_case_no_intervention,indonesia,USDC
80,0.9725291678233646,2945176278835.004,344,S6_worst_case_no_intervention,indonesia,USDC
81,0.9632167148741705,2945176278835.004,344,S6_worst_case_no_intervention,indonesia,USDC
82,0.9545368193138765,2945067346363.1475,344,S6_worst_case_no_intervention,indonesia,USDC
83,0.9398392890933005,2944857009655.9707,344,S6_worst_case_no_intervention,indonesia,USDC
84,0.9765157564516563,2944398212815.9673,344,S6_worst_case_no_intervention,indonesia,USDC
85,0.9894162523303005,2944398212815.9673,344,S6_worst_case_no_intervention,indonesia,USDC
86,0.970610565884886,2944398212815.9673,344,S6_worst_case_no_intervention,indonesia,USDC
87,0.9780391921490839,2944398212815.9673,344,S6_worst_case_no_intervention,indonesia,USDC
88,0.9767957750322187,2944398212815.9673,344,S6_worst_case_no_intervention,indonesia,USDC
89,0.9736493683433801,2944398212815.9673,344,S6_worst_case_no_intervention,indonesia,USDC
90,0.9940155846380789,2944398212815.9673,344,S6_worst_case_no_intervention,indonesia,USDC
91,0.9636561754060429,2944398212815.9673,344,S6_worst_case_no_intervention,indonesia,USDC
92,0.9769262906159863,2944310633126.711,344,S6_worst_case_no_intervention,indonesia,USDC
93,0.9633922880549162,2944310633126.711,344,S6_worst_case_no_intervention,indonesia,USDC
94,0.9529807989894571,2944219765646.3174,344,S6_worst_case_no_intervention,indonesia,USDC
95,0.9541748726375484,2943963237627.2153,344,S6_worst_case_no_intervention,indonesia,USDC
96,0.9612811249797555,2943740107550.388,344,S6_worst_case_no_intervention,indonesia,USDC
97,0.9494308517887198,2943622371378.243,344,S6_worst_case_no_intervention,indonesia,USDC
98,0.9930522063612027,2943325003434.2285,344,S6_worst_case_no_intervention,indonesia,USDC
99,1.0241120066593856,2943325003434.2285,344,S6_worst_case_no_intervention,indonesia,USDC
100,1.0142983021281213,2943325003434.2285,344,S6_worst_case_no_intervention,indonesia,USDC
101,0.8502144192911483,2943325003434.2285,344,S6_worst_case_no_intervention,indonesia,USDC
102,0.8826650948174914,2941735963169.2085,344,S6_worst_case_no_intervention,indonesia,USDC
103,0.9081483671673894,2940667923170.286,344,S6_worst_case_no_intervention,indonesia,USDC
104,0.9329884674308161,2939962123930.437,344,S6_worst_case_no_intervention,indonesia,USDC
105,0.9193244626120639,2939590631168.213,344,S6_worst_case_no_intervention,indonesia,USDC
106,0.9440794310136463,2939082376863.199,344,S6_worst_case_no_intervention,indonesia,USDC
107,0.9526315542107184,2938828962294.493,344,S6_worst_case_no_intervention,indonesia,USDC
108,0.9555574742568937,2938663695803.1743,344,S6_worst_case_no_intervention,indonesia,USDC
109,0.9745933675946744,2938542634572.5996,344,S6_worst_case_no_intervention,indonesia,USDC
110,0.9651965324842432,2938542634572.5996,344,S6_worst_case_no_intervention,indonesia,USDC
111,0.9621887604638308,2938514390551.339,344,S6_worst_case_no_intervention,indonesia,USDC
112,0.8306676587080039,2938459973431.4717,344,S6_worst_case_no_intervention,indonesia,USDC
113,0.8705754877332379,2937212837729.6562,344,S6_worst_case_no_intervention,indonesia,USDC
114,0.8682808140121544,2936483226738.836,344,S6_worst_case_no_intervention,indonesia,USDC
115,0.888771162722444,2935792452059.1895,344,S6_worst_case_no_intervention,indonesia,USDC
116,0.9324286283095435,2935309322779.2246,344,S6_worst_case_no_intervention,indonesia,USDC
117,0.940723714357213,2935101478708.08,344,S6_worst_case_no_intervention,indonesia,USDC
118,0.9692719709353317,2934935407124.4775,344,S6_worst_case_no_intervention,indonesia,USDC
119,1.0050771243644598,2934931401977.7886,344,S6_worst_case_no_intervention,indonesia,USDC
120,1.045198421616908,2934931401977.7886,344,S6_worst_case_no_intervention,indonesia,USDC
121,1.0071782023202205,2861558116928.3438,344,S6_worst_case_no_intervention,indonesia,USDC
122,0.9448158809255894,2790019164005.1357,344,S6_worst_case_no_intervention,indonesia,USDC
123,0.9304723831095328,2720138623135.003,344,S6_worst_case_no_intervention,indonesia,USDC
124,0.9325249796459875,2651928597634.1763,344,S6_worst_case_no_intervention,indonesia,USDC
125,0.8926990060377528,2585453722775.169,344,S6_worst_case_no_intervention,indonesia,USDC
126,0.8731149075341044,2520469883091.4575,344,S6_worst_case_no_intervention,indonesia,USDC
127,0.8562857853051714,2457043868096.787,344,S6_worst_case_no_intervention,indonesia,USDC
128,0.8454836365777937,2395177105720.8896,344,S6_worst_case_no_intervention,indonesia,USDC
129,0.8577406741433263,2334859766767.9854,344,S6_worst_case_no_intervention,indonesia,USDC
130,0.8481730197934939,2276135827060.833,344,S6_worst_case_no_intervention,indonesia,USDC
131,0.8204950299797971,2218908163931.096,344,S6_worst_case_no_intervention,indonesia,USDC
132,0.8118244004440037,2163077737666.2402,344,S6_worst_case_no_intervention,indonesia,USDC
133,0.8173780595812784,2108672874412.8928,344,S6_worst_case_no_intervention,indonesia,USDC
134,0.8160726538499161,2055701727933.9863,344,S6_worst_case_no_intervention,indonesia,USDC
135,0.8317850404779091,2004096012533.1777,344,S6_worst_case_no_intervention,indonesia,USDC
136,0.8101024305683123,1953830951883.8193,344,S6_worst_case_no_intervention,indonesia,USDC
137,0.8062709976342384,1904815079760.5898,344,S6_worst_case_no_intervention,indonesia,USDC
138,0.7996759111706155,1857045697836.7568,344,S6_worst_case_no_intervention,indonesia,USDC
139,0.777621344477493,1810495726454.3337,344,S6_worst_case_no_intervention,indonesia,USDC
140,0.7846826117636695,1765117061679.1533,344,S6_worst_case_no_intervention,indonesia,USDC
141,0.8032797378176986,1720900300493.4404,344,S6_worst_case_no_intervention,indonesia,USDC
142,0.7935836185202589,1677809547627.913,344,S6_worst_case_no_intervention,indonesia,USDC
143,0.7888728725673153,1635803093748.3293,344,S6_worst_case_no_intervention,indonesia,USDC
144,0.7742931904314159,1594858585980.2925,344,S6_worst_case_no_intervention,indonesia,USDC
145,0.7801752022209775,1554942402142.1616,344,S6_worst_case_no_intervention,indonesia,USDC
146,0.7924075299532767,1516034067587.8975,344,S6_worst_case_no_intervention,indonesia,USDC
147,0.8076825072482098,1478107453766.7385,344,S6_worst_case_no_intervention,indonesia,USDC
148,0.8072999354955239,1441134979829.55,344,S6_worst_case_no_intervention,indonesia,USDC
149,0.8224266783150034,1405089682204.0278,344,S6_worst_case_no_intervention,indonesia,USDC
150,0.7845882661221123,1369949928554.597,344,S6_worst_case_no_intervention,indonesia,USDC
151,0.8088777933760314,1335688314666.807,344,S6_worst_case_no_intervention,indonesia,USDC
152,0.8128942629028213,1302286374113.27,344,S6_worst_case_no_intervention,indonesia,USDC
153,0.8105039293820678,1269721616833.3809,344,S6_worst_case_no_intervention,indonesia,USDC
154,0.8011559267425185,1237972062717.3955,344,S6_worst_case_no_intervention,indonesia,USDC
155,0.7823875525982967,1207017068671.359,344,S6_worst_case_no_intervention,indonesia,USDC
156,0.7937732941820728,1176836127825.4453,344,S6_worst_case_no_intervention,indonesia,USDC
157,0.8036585716003726,1147411116203.0317,344,S6_worst_case_no_intervention,indonesia,USDC
158,0.8043413610919286,1118722570371.5962,344,S6_worst_case_no_intervention,indonesia,USDC
159,0.7942244697644514,1090751855803.4631,344,S6_worst_case_no_intervention,indonesia,USDC
160,0.7826215132659882,1063480703686.3342,344,S6_worst_case_no_intervention,indonesia,USDC
161,0.7607480845531296,1036891530246.4343,344,S6_worst_case_no_intervention,indonesia,USDC
162,0.762605196260485,1010967337836.8977,344,S6_worst_case_no_intervention,indonesia,USDC
163,0.7531247161582858,985691692934.2592,344,S6_worst_case_no_intervention,indonesia,USDC
164,0.7476603984462108,961048139896.1599,344,S6_worst_case_no_intervention,indonesia,USDC
165,0.7594872360354283,937020932895.559,344,S6_worst_case_no_intervention,indonesia,USDC
166,0.7429588913530394,913594677232.7339,344,S6_worst_case_no_intervention,indonesia,USDC
167,0.746894297796917,890754203591.1204,344,S6_worst_case_no_intervention,indonesia,USDC
168,0.7503309833601755,868484880341.7312,344,S6_worst_case_no_intervention,indonesia,USDC
169,0.7623135207110555,846772403405.8196,344,S6_worst_case_no_intervention,indonesia,USDC
170,0.7786775827524871,825602838839.7173,344,S6_worst_case_no_intervention,indonesia,USDC
171,0.771635322653028,804962578941.4645,344,S6_worst_case_no_intervention,indonesia,USDC
172,0.7885449353890083,784838366273.4873,344,S6_worst_case_no_intervention,indonesia,USDC
173,0.7817809899090795,765217290997.585,344,S6_worst_case_no_intervention,indonesia,USDC
174,0.7661312251898748,746086764517.1599,344,S6_worst_case_no_intervention,indonesia,USDC
175,0.7680779708675427,727434514094.1805,344,S6_worst_case_no_intervention,indonesia,USDC
176,0.7868443562425742,709248582733.9888,344,S6_worst_case_no_intervention,indonesia,USDC
177,0.7610637567476682,691517320841.0642,344,S6_worst_case_no_intervention,indonesia,USDC
178,0.7836962698843288,674229341882.5188,344,S6_worst_case_no_intervention,indonesia,USDC
179,0.7860236132013277,657373578062.709,344,S6_worst_case_no_intervention,indonesia,USDC
180,0.7592064506685398,640939213130.1654,344,S6_worst_case_no_intervention,indonesia,USDC
181,0.7784404857288847,624915709939.7542,344,S6_worst_case_no_intervention,indonesia,USDC
182,0.7873438000372549,609292799994.2487,344,S6_worst_case_no_intervention,indonesia,USDC
183,0.7833451627064769,594060466527.2662,344,S6_worst_case_no_intervention,indonesia,USDC
184,0.774238595224344,579208943693.5891,344,S6_worst_case_no_intervention,indonesia,USDC
185,0.7727226128311963,564728710815.5779,344,S6_worst_case_no_intervention,indonesia,USDC
186,0.7710570723267237,550610485542.349,344,S6_worst_case_no_intervention,indonesia,USDC
187,0.7781027859755428,536845217470.8373,344,S6_worst_case_no_intervention,indonesia,USDC
188,0.7637882064136523,523424082254.7571,344,S6_worst_case_no_intervention,indonesia,USDC
189,0.745684468217967,510338476234.3074,344,S6_worst_case_no_intervention,indonesia,USDC
190,0.7463918502243428,497580010763.6802,344,S6_worst_case_no_intervention,indonesia,USDC
191,0.7588013991195616,485140507917.7379,344,S6_worst_case_no_intervention,indonesia,USDC
192,0.758065096369306,473011993200.6942,344,S6_worst_case_no_intervention,indonesia,USDC
193,0.7685228244587601,461186691876.15704,344,S6_worst_case_no_intervention,indonesia,USDC
194,0.7538197151865257,449657023406.03656,344,S6_worst_case_no_intervention,indonesia,USDC
195,0.7734704515904215,438415596837.38684,344,S6_worst_case_no_intervention,indonesia,USDC
196,0.7830232432778502,427455206200.18164,344,S6_worst_case_no_intervention,indonesia,USDC
197,0.7932926361873146,416768825499.3787,344,S6_worst_case_no_intervention,indonesia,USDC
198,0.7937368869148825,406349604452.1874,344,S6_worst_case_no_intervention,indonesia,USDC
199,0.7574132457066718,396190863996.81024,344,S6_worst_case_no_intervention,indonesia,USDC
200,0.7575617526938782,386286092049.035,344,S6_worst_case_no_intervention,indonesia,USDC
201,0.7712926770941774,376628939481.39764,344,S6_worst_case_no_intervention,indonesia,USDC
202,0.7486850408154043,367213215795.05286,344,S6_worst_case_no_intervention,indonesia,USDC
203,0.7566025928079605,358032885226.94653,344,S6_worst_case_no_intervention,indonesia,USDC
204,0.7640182179406613,349082062964.1861,344,S6_worst_case_no_intervention,indonesia,USDC
205,0.7575995754418711,340355011294.4441,344,S6_worst_case_no_intervention,indonesia,USDC
206,0.7703207657521577,331846135932.0404,344,S6_worst_case_no_intervention,indonesia,USDC
207,0.8090544237061369,323549982474.6285,344,S6_worst_case_no_intervention,indonesia,USDC
208,0.7910034657504024,315461232874.78186,344,S6_worst_case_no_intervention,indonesia,USDC
209,0.7909803480178602,307574702018.9348,344,S6_worst_case_no_intervention,indonesia,USDC
210,0.7402321143316506,299885334439.2144,344,S6_worst_case_no_intervention,indonesia,USDC
211,0.755342856767494,292388201047.4774,344,S6_worst_case_no_intervention,indonesia,USDC
212,0.7680752479700714,285078495999.6699,344,S6_worst_case_no_intervention,indonesia,USDC
213,0.7723947296593172,277951533583.0368,344,S6_worst_case_no_intervention,indonesia,USDC
214,0.7751998118426232,271002745231.06003,344,S6_worst_case_no_intervention,indonesia,USDC
215,0.7870054017924657,264227676590.65155,344,S6_worst_case_no_intervention,indonesia,USDC
216,0.7715700542305831,257621984668.39993,344,S6_worst_case_no_intervention,indonesia,USDC
217,0.7714017096882769,251181435044.7793,344,S6_worst_case_no_intervention,indonesia,USDC
218,0.7572524091951215,244901899163.36963,344,S6_worst_case_no_intervention,indonesia,USDC
219,0.7559573061391297,238779351679.64093,344,S6_worst_case_no_intervention,indonesia,USDC
220,0.7555905756009378,232809867883.9127,344,S6_worst_case_no_intervention,indonesia,USDC
221,0.7575788467329951,226989621183.89728,344,S6_worst_case_no_intervention,indonesia,USDC
222,0.7689420642483258,221314880652.13403,344,S6_worst_case_no_intervention,indonesia,USDC
223,0.7793702651243649,215782008634.24512,344,S6_worst_case_no_intervention,indonesia,USDC
224,0.7796668516784104,210387458417.15506,344,S6_worst_case_no_intervention,indonesia,USDC
225,0.7644036194143361,205127771955.68695,344,S6_worst_case_no_intervention,indonesia,USDC
226,0.7496474193232291,199999577655.92703,344,S6_worst_case_no_intervention,indonesia,USDC
227,0.7345937110480463,194999588213.78778,344,S6_worst_case_no_intervention,indonesia,USDC
228,0.7330579681220001,190124598507.82452,344,S6_worst_case_no_intervention,indonesia,USDC
229,0.7301913254067338,185371483544.65158,344,S6_worst_case_no_intervention,indonesia,USDC
230,0.7194633711665519,180737196455.6515,344,S6_worst_case_no_intervention,indonesia,USDC
231,0.7157993156300069,176218766543.964,344,S6_worst_case_no_intervention,indonesia,USDC
232,0.7062266851437528,171813297380.14056,344,S6_worst_case_no_intervention,indonesia,USDC
233,0.7278072220325381,167517964945.4674,344,S6_worst_case_no_intervention,indonesia,USDC
234,0.7391926443831052,163330015821.71127,344,S6_worst_case_no_intervention,indonesia,USDC
235,0.7541409232151676,159246765426.08475,344,S6_worst_case_no_intervention,indonesia,USDC
236,0.778244688421657,155265596290.37375,344,S6_worst_case_no_intervention,indonesia,USDC
237,0.7793935784624847,151383956383.0741,344,S6_worst_case_no_intervention,indonesia,USDC
238,0.7878181620083028,147599357473.46402,344,S6_worst_case_no_intervention,indonesia,USDC
239,0.8015098133811732,143909373536.60165,344,S6_worst_case_no_intervention,indonesia,USDC
240,0.8054685013178481,140311639198.16748,344,S6_worst_case_no_intervention,indonesia,USDC
241,0.809287460588277,136803848218.19669,344,S6_worst_case_no_intervention,indonesia,USDC
242,0.7691607490374162,133383752012.72882,344,S6_worst_case_no_intervention,indonesia,USDC
243,0.7712904412318942,130049158212.39728,344,S6_worst_case_no_intervention,indonesia,USDC
244,0.7711773192380175,126797929257.07608,344,S6_worst_case_no_intervention,indonesia,USDC
245,0.7605499917348809,123627981025.64072,344,S6_worst_case_no_intervention,indonesia,USDC
246,0.7749522724552361,120537281499.9921,344,S6_worst_case_no_intervention,indonesia,USDC
247,0.745717266957115,117523849462.48682,344,S6_worst_case_no_intervention,indonesia,USDC
248,0.735648711973896,114585753225.91951,344,S6_worst_case_no_intervention,indonesia,USDC
249,0.7156257609669181,111721109395.2674,344,S6_worst_case_no_intervention,indonesia,USDC
250,0.7365208202093754,108928081660.38239,344,S6_worst_case_no_intervention,indonesia,USDC
251,0.7553998675076785,106204879618.8706,344,S6_worst_case_no_intervention,indonesia,USDC
252,0.7552088945929621,103549757628.39722,344,S6_worst_case_no_intervention,indonesia,USDC
253,0.7612031625145768,100961013687.68605,344,S6_worst_case_no_intervention,indonesia,USDC
254,0.7562777963079389,98436988345.49292,344,S6_worst_case_no_intervention,indonesia,USDC
255,0.7545638631718478,95976063636.85481,344,S6_worst_case_no_intervention,indonesia,USDC
256,0.7629692691315288,93576662045.93283,344,S6_worst_case_no_intervention,indonesia,USDC
257,0.7694718793238506,91237245494.78406,344,S6_worst_case_no_intervention,indonesia,USDC
258,0.782304762490675,88956314357.4141,344,S6_worst_case_no_intervention,indonesia,USDC
259,0.8039359524178266,86732406498.4785,344,S6_worst_case_no_intervention,indonesia,USDC
260,0.7977870273945008,84564096336.01636,344,S6_worst_case_no_intervention,indonesia,USDC
261,0.805313268562304,82449993927.61578,344,S6_worst_case_no_intervention,indonesia,USDC
262,0.7977067700162955,80388744079.42526,344,S6_worst_case_no_intervention,indonesia,USDC
263,0.7918867690359873,78379025477.43953,344,S6_worst_case_no_intervention,indonesia,USDC
264,0.8018061032709511,76419549840.50343,344,S6_worst_case_no_intervention,indonesia,USDC
265,0.8010106174459019,74509061094.49078,344,S6_worst_case_no_intervention,indonesia,USDC
266,0.7959452698151068,72646334567.12845,344,S6_worst_case_no_intervention,indonesia,USDC
267,0.8022794666910917,70830176202.9502,344,S6_worst_case_no_intervention,indonesia,USDC
268,0.8194852682527635,69059421797.87639,344,S6_worst_case_no_intervention,indonesia,USDC
269,0.8467143653785157,67332936252.92944,344,S6_worst_case_no_intervention,indonesia,USDC
270,0.856247847399393,65649612846.606186,344,S6_worst_case_no_intervention,indonesia,USDC
271,0.8734078030196027,64008372525.44102,344,S6_worst_case_no_intervention,indonesia,USDC
272,0.8727997196653025,62408163212.30498,344,S6_worst_case_no_intervention,indonesia,USDC
273,0.8576381097238538,60847959131.997345,344,S6_worst_case_no_intervention,indonesia,USDC
274,0.7295252165788809,59326760153.6974,344,S6_worst_case_no_intervention,indonesia,USDC
275,0.7178639185398751,57843591149.854935,344,S6_worst_case_no_intervention,indonesia,USDC
276,0.7133707391173336,56397501371.10854,344,S6_worst_case_no_intervention,indonesia,USDC
277,0.7151317886809221,54987563836.83082,344,S6_worst_case_no_intervention,indonesia,USDC
278,0.6985367094419195,53612874740.910034,344,S6_worst_case_no_intervention,indonesia,USDC
279,0.7355943123963391,52272552872.38727,344,S6_worst_case_no_intervention,indonesia,USDC
280,0.7249359768426236,50965739050.57759,344,S6_worst_case_no_intervention,indonesia,USDC
281,0.7484531305833152,49691595574.31314,344,S6_worst_case_no_intervention,indonesia,USDC
282,0.7903992883354539,48449305684.95531,344,S6_worst_case_no_intervention,indonesia,USDC
283,0.7831954388901569,47238073042.83142,344,S6_worst_case_no_intervention,indonesia,USDC
284,0.7788895982884595,46057121216.760635,344,S6_worst_case_no_intervention,indonesia,USDC
285,0.776516982501135,44905693186.34162,344,S6_worst_case_no_intervention,indonesia,USDC
286,0.7828079350576128,43783050856.683075,344,S6_worst_case_no_intervention,indonesia,USDC
287,0.8040382720156214,42688474585.26601,344,S6_worst_case_no_intervention,indonesia,USDC
288,0.8045204958718867,41621262720.63435,344,S6_worst_case_no_intervention,indonesia,USDC
289,0.7913993179086343,40580731152.6185,344,S6_worst_case_no_intervention,indonesia,USDC
290,0.7964885137897904,39566212873.80303,344,S6_worst_case_no_intervention,indonesia,USDC
291,0.7553382870335831,38577057551.95796,344,S6_worst_case_no_intervention,indonesia,USDC
292,0.7616762197715005,37612631113.15901,344,S6_worst_case_no_intervention,indonesia,USDC
293,0.7442958297657276,36672315335.33003,344,S6_worst_case_no_intervention,indonesia,USDC
294,0.7364896417306135,35755507451.94678,344,S6_worst_case_no_intervention,indonesia,USDC
295,0.7399174334023325,34861619765.64811,344,S6_worst_case_no_intervention,indonesia,USDC
296,0.7421895450866617,33990079271.506905,344,S6_worst_case_no_intervention,indonesia,USDC
297,0.7408451395360295,33140327289.719234,344,S6_worst_case_no_intervention,indonesia,USDC
298,0.7567229982831962,32311819107.47625,344,S6_worst_case_no_intervention,indonesia,USDC
299,0.7608280317120181,31504023629.789345,344,S6_worst_case_no_intervention,indonesia,USDC
300,0.7678449296945271,30716423039.04461,344,S6_worst_case_no_intervention,indonesia,USDC
301,0.7648873467595815,29948512463.068497,344,S6_worst_case_no_intervention,indonesia,USDC
302,0.7664195402557809,29199799651.491783,344,S6_worst_case_no_intervention,indonesia,USDC
303,0.7501344988014446,28469804660.20449,344,S6_worst_case_no_intervention,indonesia,USDC
304,0.7477911968912462,27758059543.699375,344,S6_worst_case_no_intervention,indonesia,USDC
305,0.7350394195819632,27064108055.106895,344,S6_worst_case_no_intervention,indonesia,USDC
306,0.7500186499787024,26387505353.729218,344,S6_worst_case_no_intervention,indonesia,USDC
307,0.7673703041066265,25727817719.885986,344,S6_worst_case_no_intervention,indonesia,USDC
308,0.7916663009421856,25084622276.88884,344,S6_worst_case_no_intervention,indonesia,USDC
309,0.7873679324794481,24457506719.966618,344,S6_worst_case_no_intervention,indonesia,USDC
310,0.7576411792758773,23846069051.967453,344,S6_worst_case_no_intervention,indonesia,USDC
311,0.7821085709996521,23249917325.668266,344,S6_worst_case_no_intervention,indonesia,USDC
312,0.7878040693033836,22668669392.526558,344,S6_worst_case_no_intervention,indonesia,USDC
313,0.784268061491647,22101952657.713394,344,S6_worst_case_no_intervention,indonesia,USDC
314,0.7814180570374792,21549403841.27056,344,S6_worst_case_no_intervention,indonesia,USDC
315,0.7764286633733518,21010668745.238796,344,S6_worst_case_no_intervention,indonesia,USDC
316,0.7772403352209882,20485402026.607826,344,S6_worst_case_no_intervention,indonesia,USDC
317,0.7762611079733526,19973266975.94263,344,S6_worst_case_no_intervention,indonesia,USDC
318,0.7760857810617908,19473935301.544067,344,S6_worst_case_no_intervention,indonesia,USDC
319,0.7794789014945929,18987086919.005463,344,S6_worst_case_no_intervention,indonesia,USDC
320,0.7682989052038596,18512409746.030327,344,S6_worst_case_no_intervention,indonesia,USDC
321,0.7619995763412942,18049599502.379566,344,S6_worst_case_no_intervention,indonesia,USDC
322,0.7802170890283172,17598359514.82008,344,S6_worst_case_no_intervention,indonesia,USDC
323,0.7585863805461887,17158400526.949577,344,S6_worst_case_no_intervention,indonesia,USDC
324,0.7640341053036257,16729440513.775837,344,S6_worst_case_no_intervention,indonesia,USDC
325,0.7727668209070684,16311204500.931442,344,S6_worst_case_no_intervention,indonesia,USDC
326,0.7653570265598777,15903424388.408157,344,S6_worst_case_no_intervention,indonesia,USDC
327,0.7380526580475403,15505838778.697952,344,S6_worst_case_no_intervention,indonesia,USDC
328,0.7614095307646764,15118192809.230503,344,S6_worst_case_no_intervention,indonesia,USDC
329,0.7676381853458777,14740237988.999744,344,S6_worst_case_no_intervention,indonesia,USDC
330,0.7711717635010087,14371732039.27475,344,S6_worst_case_no_intervention,indonesia,USDC
331,0.766641718209752,14012438738.292881,344,S6_worst_case_no_intervention,indonesia,USDC
332,0.767285892709065,13662127769.83556,344,S6_worst_case_no_intervention,indonesia,USDC
333,0.776425835558501,13320574575.589668,344,S6_worst_case_no_intervention,indonesia,USDC
334,0.7784820236513944,12987560211.199928,344,S6_worst_case_no_intervention,indonesia,USDC
335,0.7610187421341974,12662871205.91993,344,S6_worst_case_no_intervention,indonesia,USDC
336,0.7644877150483556,12346299425.77193,344,S6_worst_case_no_intervention,indonesia,USDC
337,0.7372109348026346,12037641940.127632,344,S6_worst_case_no_intervention,indonesia,USDC
338,0.7314447203325551,11736700891.624441,344,S6_worst_case_no_intervention,indonesia,USDC
339,0.7492401516206835,11443283369.333832,344,S6_worst_case_no_intervention,indonesia,USDC
340,0.7615321427868494,11157201285.100485,344,S6_worst_case_no_intervention,indonesia,USDC
341,0.7650117599947389,10878271252.972973,344,S6_worst_case_no_intervention,indonesia,USDC
342,0.7760664105754902,10606314471.648647,344,S6_worst_case_no_intervention,indonesia,USDC
343,0.7807765204542207,10341156609.857431,344,S6_worst_case_no_intervention,indonesia,USDC
344,0.7942089138921056,10082627694.610996,344,S6_worst_case_no_intervention,indonesia,USDC
345,0.7884840833284722,9830562002.245722,344,S6_worst_case_no_intervention,indonesia,USDC
346,0.8041573033278677,9584797952.189579,344,S6_worst_case_no_intervention,indonesia,USDC
347,0.79522295292162,9345178003.384838,344,S6_worst_case_no_intervention,indonesia,USDC
348,0.8064512978860799,9111548553.300219,344,S6_worst_case_no_intervention,indonesia,USDC
349,0.795600477960774,8883759839.467712,344,S6_worst_case_no_intervention,indonesia,USDC
350,0.7958649140261768,8661665843.48102,344,S6_worst_case_no_intervention,indonesia,USDC
351,0.7651277159194979,8445124197.393995,344,S6_worst_case_no_intervention,indonesia,USDC
352,0.7457384969677798,8233996092.4591465,344,S6_worst_case_no_intervention,indonesia,USDC
353,0.7477122602286477,8028146190.147668,344,S6_worst_case_no_intervention,indonesia,USDC
354,0.769516930598952,7827442535.393976,344,S6_worst_case_no_intervention,indonesia,USDC
355,0.7743905227685378,7631756472.009126,344,S6_worst_case_no_intervention,indonesia,USDC
356,0.752653640300609,7440962560.208899,344,S6_worst_case_no_intervention,indonesia,USDC
357,0.7405507306508912,7254938496.203674,344,S6_worst_case_no_intervention,indonesia,USDC
358,0.7389103192771622,7073565033.798583,344,S6_worst_case_no_intervention,indonesia,USDC
359,0.7607504907453441,6896725907.953619,344,S6_worst_case_no_intervention,indonesia,USDC
360,0.7507785846259035,6724307760.254778,344,S6_worst_case_no_intervention,indonesia,USDC
361,0.7764159333300357,6556200066.248408,344,S6_worst_case_no_intervention,indonesia,USDC
362,0.7812163795655889,6392295064.592198,344,S6_worst_case_no_intervention,indonesia,USDC
363,0.7867207614740287,6232487687.977393,344,S6_worst_case_no_intervention,indonesia,USDC
364,0.7848431845159197,6076675495.777958,344,S6_worst_case_no_intervention,indonesia,USDC
365,0.781361353158441,5924758608.38351,344,S6_worst_case_no_intervention,indonesia,USDC
366,0.7576686432298397,5776639643.173922,344,S6_worst_case_no_intervention,indonesia,USDC
367,0.7301456240142843,5632223652.094574,344,S6_worst_case_no_intervention,indonesia,USDC
368,0.7487902040365736,5491418060.79221,344,S6_worst_case_no_intervention,indonesia,USDC
369,0.7362985148550603,5354132609.272404,344,S6_worst_case_no_intervention,indonesia,USDC
370,0.7502401249153022,5220279294.040594,344,S6_worst_case_no_intervention,indonesia,USDC
371,0.7252120829991691,5089772311.689579,344,S6_worst_case_no_intervention,indonesia,USDC
372,0.7297115600754364,4962528003.897339,344,S6_worst_case_no_intervention,indonesia,USDC
373,0.7559686837835052,4838464803.799906,344,S6_worst_case_no_intervention,indonesia,USDC
374,0.7813882780782032,4717503183.704908,344,S6_worst_case_no_intervention,indonesia,USDC
375,0.7960283753838511,4599565604.112286,344,S6_worst_case_no_intervention,indonesia,USDC
376,0.7564371473030054,4484576464.009479,344,S6_worst_case_no_intervention,indonesia,USDC
377,0.7475828312942213,4372462052.409242,344,S6_worst_case_no_intervention,indonesia,USDC
378,0.7367571628020622,4263150501.0990105,344,S6_worst_case_no_intervention,indonesia,USDC
379,0.7470823189487233,4156571738.571535,344,S6_worst_case_no_intervention,indonesia,USDC
380,0.736572086416906,4052657445.1072464,344,S6_worst_case_no_intervention,indonesia,USDC
381,0.7314936178406712,3951341008.9795656,344,S6_worst_case_no_intervention,indonesia,USDC
382,0.7440326533500258,3852557483.7550764,344,S6_worst_case_no_intervention,indonesia,USDC
383,0.7735085508296637,3756243546.6611996,344,S6_worst_case_no_intervention,indonesia,USDC
384,0.772531381903587,3662337457.99467,344,S6_worst_case_no_intervention,indonesia,USDC
385,0.7799213474791439,3570779021.544802,344,S6_worst_case_no_intervention,indonesia,USDC
386,0.8079578519387718,3481509546.006182,344,S6_worst_case_no_intervention,indonesia,USDC
387,0.7933048386336192,3394471807.3560276,344,S6_worst_case_no_intervention,indonesia,USDC
388,0.7867294264542944,3309610012.172127,344,S6_worst_case_no_intervention,indonesia,USDC
389,0.814004595185695,3226869761.8678236,344,S6_worst_case_no_intervention,indonesia,USDC
390,0.8140453221239689,3146198017.8211284,344,S6_worst_case_no_intervention,indonesia,USDC
391,0.8255499539870031,3067543067.3756,344,S6_worst_case_no_intervention,indonesia,USDC
392,0.8201636677175336,2990854490.69121,344,S6_worst_case_no_intervention,indonesia,USDC
393,0.8242869581294338,2916083128.4239297,344,S6_worst_case_no_intervention,indonesia,USDC
394,0.8247665524104182,2843181050.213331,344,S6_worst_case_no_intervention,indonesia,USDC
395,0.8118647622364872,2772101523.957998,344,S6_worst_case_no_intervention,indonesia,USDC
396,0.82732075261343,2702798985.859048,344,S6_worst_case_no_intervention,indonesia,USDC
397,0.8190487609023848,2635229011.212572,344,S6_worst_case_no_intervention,indonesia,USDC
398,0.82528508395157,2569348285.9322577,344,S6_worst_case_no_intervention,indonesia,USDC
399,0.8276688243448934,2505114578.783951,344,S6_worst_case_no_intervention,indonesia,USDC
400,0.8237739905258071,2442486714.314352,344,S6_worst_case_no_intervention,indonesia,USDC
401,0.8124444151787984,2381424546.4564934,344,S6_worst_case_no_intervention,indonesia,USDC
402,0.7976706557393793,2321888932.795081,344,S6_worst_case_no_intervention,indonesia,USDC
403,0.8014280894704353,2263841709.475204,344,S6_worst_case_no_intervention,indonesia,USDC
404,0.8068314657883103,2207245666.738324,344,S6_worst_case_no_intervention,indonesia,USDC
405,0.8049289662250723,2152064525.0698657,344,S6_worst_case_no_intervention,indonesia,USDC
406,0.7994390157304452,2098262911.9431193,344,S6_worst_case_no_intervention,indonesia,USDC
407,0.7745879796837862,2045806339.1445413,344,S6_worst_case_no_intervention,indonesia,USDC
408,0.7616122008113263,1994661180.6659274,344,S6_worst_case_no_intervention,indonesia,USDC
409,0.7576151565806888,1944794651.149279,344,S6_worst_case_no_intervention,indonesia,USDC
410,0.7612225677699545,1896174784.8705473,344,S6_worst_case_no_intervention,indonesia,USDC
411,0.7768215418500056,1848770415.248783,344,S6_worst_case_no_intervention,indonesia,USDC
412,0.7866364249324457,1802551154.8675637,344,S6_worst_case_no_intervention,indonesia,USDC
413,0.791582792437205,1757487375.995875,344,S6_worst_case_no_intervention,indonesia,USDC
414,0.7985568106329705,1713550191.5959778,344,S6_worst_case_no_intervention,indonesia,USDC
415,0.8055733655489036,1670711436.8060787,344,S6_worst_case_no_intervention,indonesia,USDC
416,0.8184234827106506,1628943650.8859262,344,S6_worst_case_no_intervention,indonesia,USDC
417,0.842447191797868,1588220059.6137784,344,S6_worst_case_no_intervention,indonesia,USDC
418,0.845745944595967,1548514558.1234338,344,S6_worst_case_no_intervention,indonesia,USDC
419,0.8471941113029107,1509801694.170348,344,S6_worst_case_no_intervention,indonesia,USDC
420,0.8527835536066278,1472056651.8160894,344,S6_worst_case_no_intervention,indonesia,USDC
421,0.855484551849834,1435255235.520687,344,S6_worst_case_no_intervention,indonesia,USDC
422,0.8513668851370809,1399373854.6326697,344,S6_worst_case_no_intervention,indonesia,USDC
423,0.8433794412643284,1364389508.266853,344,S6_worst_case_no_intervention,indonesia,USDC
424,0.8537088694865932,1330279770.5601816,344,S6_worst_case_no_intervention,indonesia,USDC
425,0.8425837272024542,1297022776.2961771,344,S6_worst_case_no_intervention,indonesia,USDC
426,0.8321945012885302,1264597206.8887727,344,S6_worst_case_no_intervention,indonesia,USDC
427,0.8386261899313511,1232982276.7165534,344,S6_worst_case_no_intervention,indonesia,USDC
428,0.7992573667390156,1202157719.7986398,344,S6_worst_case_no_intervention,indonesia,USDC
429,0.7789505922935536,1172103776.8036737,344,S6_worst_case_no_intervention,indonesia,USDC
430,0.777061081486998,1142801182.3835816,344,S6_worst_case_no_intervention,indonesia,USDC
431,0.7909257416361698,1114231152.8239923,344,S6_worst_case_no_intervention,indonesia,USDC
432,0.8025186722111943,1086375374.0033925,344,S6_worst_case_no_intervention,indonesia,USDC
433,0.8166577697035892,1059215989.6533077,344,S6_worst_case_no_intervention,indonesia,USDC
434,0.8261907357439553,1032735589.9119749,344,S6_worst_case_no_intervention,indonesia,USDC
435,0.8182616874849368,1006917200.1641755,344,S6_worst_case_no_intervention,indonesia,USDC
436,0.8163638446227652,981744270.1600711,344,S6_worst_case_no_intervention,indonesia,USDC
437,0.8032213529568223,957200663.4060695,344,S6_worst_case_no_intervention,indonesia,USDC
438,0.7905458008143267,933270646.8209176,344,S6_worst_case_no_intervention,indonesia,USDC
439,0.7588063363860641,909938880.6503947,344,S6_worst_case_no_intervention,indonesia,USDC
440,0.7703419070124714,887190408.6341348,344,S6_worst_case_no_intervention,indonesia,USDC
441,0.7902040180588771,865010648.4182814,344,S6_worst_case_no_intervention,indonesia,USDC
442,0.7764241469506293,843385382.2078243,344,S6_worst_case_no_intervention,indonesia,USDC
443,0.7474052312349503,822300747.6526289,344,S6_worst_case_no_intervention,indonesia,USDC
444,0.7400242295014937,801743228.9613131,344,S6_worst_case_no_intervention,indonesia,USDC
445,0.7300724713614934,781699648.2372804,344,S6_worst_case_no_intervention,indonesia,USDC
446,0.7568866182421962,762157157.0313482,344,S6_worst_case_no_intervention,indonesia,USDC
447,0.7579143816532481,743103228.1055646,344,S6_worst_case_no_intervention,indonesia,USDC
448,0.7562327094455553,724525647.4029255,344,S6_worst_case_no_intervention,indonesia,USDC
449,0.7509893053747203,706412506.2178524,344,S6_worst_case_no_intervention,indonesia,USDC
450,0.7370663462743361,688752193.5624061,344,S6_worst_case_no_intervention,indonesia,USDC
451,0.7495080121300479,671533388.7233459,344,S6_worst_case_no_intervention,indonesia,USDC
452,0.657355453240131,654745054.0052623,344,S6_worst_case_no_intervention,indonesia,USDC
453,0.6576218484970716,638376427.6551306,344,S6_worst_case_no_intervention,indonesia,USDC
454,0.7033058295386821,622417016.9637524,344,S6_worst_case_no_intervention,indonesia,USDC
455,0.7226896547414431,606856591.5396585,344,S6_worst_case_no_intervention,indonesia,USDC
456,0.7441536748194649,591685176.751167,344,S6_worst_case_no_intervention,indonesia,USDC
457,0.7707210963167457,576893047.3323879,344,S6_worst_case_no_intervention,indonesia,USDC
458,0.7637414427897753,562470721.1490782,344,S6_worst_case_no_intervention,indonesia,USDC
459,0.7787599676372792,548408953.1203513,344,S6_worst_case_no_intervention,indonesia,USDC
460,0.759528287274101,534698729.29234254,344,S6_worst_case_no_intervention,indonesia,USDC
461,0.7524907635134223,521331261.0600339,344,S6_worst_case_no_intervention,indonesia,USDC
462,0.754352752667706,508297979.5335331,344,S6_worst_case_no_intervention,indonesia,USDC
463,0.7524376857946473,495590530.04519475,344,S6_worst_case_no_intervention,indonesia,USDC
464,0.7831880425928263,483200766.7940649,344,S6_worst_case_no_intervention,indonesia,USDC
465,0.7938655467205077,471120747.6242132,344,S6_worst_case_no_intervention,indonesia,USDC
466,0.7998365365705924,459342728.93360794,344,S6_worst_case_no_intervention,indonesia,USDC
467,0.7871083149233561,447859160.71026766,344,S6_worst_case_no_intervention,indonesia,USDC
468,0.7972556704056546,436662681.692511,344,S6_worst_case_no_intervention,indonesia,USDC
469,0.7921269679827473,425746114.6501982,344,S6_worst_case_no_intervention,indonesia,USDC
470,0.7875030069259409,415102461.7839433,344,S6_worst_case_no_intervention,indonesia,USDC
471,0.7945894211746397,404724900.2393447,344,S6_worst_case_no_intervention,indonesia,USDC
472,0.7938218650343564,394606777.7333611,344,S6_worst_case_no_intervention,indonesia,USDC
473,0.7959537596192464,384741608.2900271,344,S6_worst_case_no_intervention,indonesia,USDC
474,0.8199369917921129,375123068.0827764,344,S6_worst_case_no_intervention,indonesia,USDC
475,0.824312705627977,365744991.380707,344,S6_worst_case_no_intervention,indonesia,USDC
476,0.8316166156997031,356601366.5961893,344,S6_worst_case_no_intervention,indonesia,USDC
477,0.8183301882947077,347686332.4312846,344,S6_worst_case_no_intervention,indonesia,USDC
478,0.8147283712777325,338994174.1205025,344,S6_worst_case_no_intervention,indonesia,USDC
479,0.8019182784781692,330519319.7674899,344,S6_worst_case_no_intervention,indonesia,USDC
480,0.7798167379271768,322256336.7733027,344,S6_worst_case_no_intervention,indonesia,USDC
481,0.768408650189527,314199928.3539701,344,S6_worst_case_no_intervention,indonesia,USDC
482,0.7570873683771471,306344930.14512086,344,S6_worst_case_no_intervention,indonesia,USDC
483,0.7469669565313636,298686306.89149284,344,S6_worst_case_no_intervention,indonesia,USDC
484,0.7670793659116109,291219149.2192055,344,S6_worst_case_no_intervention,indonesia,USDC
485,0.7841572761976527,283938670.48872536,344,S6_worst_case_no_intervention,indonesia,USDC
486,0.7973730292546389,276840203.7265072,344,S6_worst_case_no_intervention,indonesia,USDC
487,0.7869459644943404,269919198.63334453,344,S6_worst_case_no_intervention,indonesia,USDC
488,0.7834259728636717,263171218.66751093,344,S6_worst_case_no_intervention,indonesia,USDC
489,0.7910527075153052,256591938.20082313,344,S6_worst_case_no_intervention,indonesia,USDC
490,0.7974849535557467,250177139.74580258,344,S6_worst_case_no_intervention,indonesia,USDC
491,0.8016052862897396,243922711.2521575,344,S6_worst_case_no_intervention,indonesia,USDC
492,0.8001468436655983,237824643.47085357,344,S6_worst_case_no_intervention,indonesia,USDC
493,0.8160904420409475,231879027.38408226,344,S6_worst_case_no_intervention,indonesia,USDC
494,0.7982104986535029,226082051.69948018,344,S6_worst_case_no_intervention,indonesia,USDC
495,0.7966533814935068,220430000.4069932,344,S6_worst_case_no_intervention,indonesia,USDC
496,0.7920706466751958,214919250.39681837,344,S6_worst_case_no_intervention,indonesia,USDC
497,0.7915757166898637,209546269.1368979,344,S6_worst_case_no_intervention,indonesia,USDC
498,0.7992793486416386,204307612.40847546,344,S6_worst_case_no_intervention,indonesia,USDC
499,0.7923257605393338,199199922.09826356,344,S6_worst_case_no_intervention,indonesia,USDC
500,0.7843261541268433,194219924.045807,344,S6_worst_case_no_intervention,indonesia,USDC
501,0.7709019164574473,189364425.9446618,344,S6_worst_case_no_intervention,indonesia,USDC
502,0.7620683666522721,184630315.29604527,344,S6_worst_case_no_intervention,indonesia,USDC
503,0.7473877575117756,180014557.41364413,344,S6_worst_case_no_intervention,indonesia,USDC
504,0.7519310698453272,175514193.47830302,344,S6_worst_case_no_intervention,indonesia,USDC
505,0.7463545395888778,171126338.64134544,344,S6_worst_case_no_intervention,indonesia,USDC
506,0.7368726099190607,166848180.17531183,344,S6_worst_case_no_intervention,indonesia,USDC
507,0.7395305035127988,162676975.670929,344,S6_worst_case_no_intervention,indonesia,USDC
508,0.7309888536279731,158610051.2791558,344,S6_worst_case_no_intervention,indonesia,USDC
509,0.7134701855968836,154644799.9971769,344,S6_worst_case_no_intervention,indonesia,USDC
510,0.729128860537281,150778679.9972475,344,S6_worst_case_no_intervention,indonesia,USDC
511,0.7580588481677696,147009212.9973163,344,S6_worst_case_no_intervention,indonesia,USDC
512,0.7550689392843889,143333982.67238337,344,S6_worst_case_no_intervention,indonesia,USDC
513,0.7673186273914107,139750633.1055738,344,S6_worst_case_no_intervention,indonesia,USDC
514,0.7492250289923774,136256867.27793443,344,S6_worst_case_no_intervention,indonesia,USDC
515,0.7624139506320988,132850445.5959861,344,S6_worst_case_no_intervention,indonesia,USDC
516,0.7853754912785339,129529184.45608646,344,S6_worst_case_no_intervention,indonesia,USDC
517,0.8034484364634199,126290954.84468429,344,S6_worst_case_no_intervention,indonesia,USDC
518,0.8028178361815765,123133680.97356719,344,S6_worst_case_no_intervention,indonesia,USDC
519,0.778703827568454,120055338.94922802,344,S6_worst_case_no_intervention,indonesia,USDC
520,0.7823615584842823,117053955.47549732,344,S6_worst_case_no_intervention,indonesia,USDC
521,0.8115117367517815,114127606.58860987,344,S6_worst_case_no_intervention,indonesia,USDC
522,0.8344599190320432,111274416.42389464,344,S6_worst_case_no_intervention,indonesia,USDC
523,0.7928223163479922,108492556.01329726,344,S6_worst_case_no_intervention,indonesia,USDC
524,0.7718563901059394,105780242.11296482,344,S6_worst_case_no_intervention,indonesia,USDC
525,0.7550864630933389,103135736.0601407,344,S6_worst_case_no_intervention,indonesia,USDC
526,0.7817633022987543,100557342.65863718,344,S6_worst_case_no_intervention,indonesia,USDC
527,0.777851289663418,98043409.09217125,344,S6_worst_case_no_intervention,indonesia,USDC
528,0.7666449651232882,95592323.86486697,344,S6_worst_case_no_intervention,indonesia,USDC
529,0.7482230250853449,93202515.7682453,344,S6_worst_case_no_intervention,indonesia,USDC
530,0.759476005099225,90872452.87403916,344,S6_worst_case_no_intervention,indonesia,USDC
531,0.7601736472612286,88600641.55218819,344,S6_worst_case_no_intervention,indonesia,USDC
532,0.7623756334829199,86385625.51338348,344,S6_worst_case_no_intervention,indonesia,USDC
533,0.7541417261541026,84225984.8755489,344,S6_worst_case_no_intervention,indonesia,USDC
534,0.7451109981347703,82120335.25366017,344,S6_worst_case_no_intervention,indonesia,USDC
535,0.7596216853804425,80067326.87231867,344,S6_worst_case_no_intervention,indonesia,USDC
536,0.7535855269399211,78065643.70051071,344,S6_worst_case_no_intervention,indonesia,USDC
537,0.7224098508906264,76114002.60799792,344,S6_worst_case_no_intervention,indonesia,USDC
538,0.7293036649758375,74211152.54279798,344,S6_worst_case_no_intervention,indonesia,USDC
539,0.7343771560594422,72355873.72922805,344,S6_worst_case_no_intervention,indonesia,USDC
540,0.7413618400909341,70546976.88599734,344,S6_worst_case_no_intervention,indonesia,USDC
541,0.7428633212444892,68783302.4638474,344,S6_worst_case_no_intervention,indonesia,USDC
542,0.7194996928900107,67063719.902251214,344,S6_worst_case_no_intervention,indonesia,USDC
543,0.7418723580586598,65387126.90469494,344,S6_worst_case_no_intervention,indonesia,USDC
544,0.7184060356149061,63752448.73207757,344,S6_worst_case_no_intervention,indonesia,USDC
545,0.7419965687477479,62158637.513775624,344,S6_worst_case_no_intervention,indonesia,USDC
546,0.726183080982128,60604671.575931236,344,S6_worst_case_no_intervention,indonesia,USDC
547,0.711778418007141,59089554.78653295,344,S6_worst_case_no_intervention,indonesia,USDC
548,0.7086723980597024,57612315.916869625,344,S6_worst_case_no_intervention,indonesia,USDC
549,0.6825386999756434,56172008.01894789,344,S6_worst_case_no_intervention,indonesia,USDC
550,0.6961287133604271,54767707.81847419,344,S6_worst_case_no_intervention,indonesia,USDC
551,0.7320393456768082,53398515.12301234,344,S6_worst_case_no_intervention,indonesia,USDC
552,0.7522866183948576,52063552.24493703,344,S6_worst_case_no_intervention,indonesia,USDC
553,0.7461753889256504,50761963.43881361,344,S6_worst_case_no_intervention,indonesia,USDC
554,0.7365779029237888,49492914.35284327,344,S6_worst_case_no_intervention,indonesia,USDC
555,0.7535194782613203,48255591.49402219,344,S6_worst_case_no_intervention,indonesia,USDC
556,0.7622553426531787,47049201.706671625,344,S6_worst_case_no_intervention,indonesia,USDC
557,0.7717098788417497,45872971.66400484,344,S6_worst_case_no_intervention,indonesia,USDC
558,0.788776504689308,44726147.37240472,344,S6_worst_case_no_intervention,indonesia,USDC
559,0.7805036863827158,43607993.6880946,344,S6_worst_case_no_intervention,indonesia,USDC
560,0.7767079474606425,42517793.845892236,344,S6_worst_case_no_intervention,indonesia,USDC
561,0.7655020481961238,41454848.99974493,344,S6_worst_case_no_intervention,indonesia,USDC
562,0.76005468085792,40418477.774751306,344,S6_worst_case_no_intervention,indonesia,USDC
563,0.7576151549945959,39408015.830382526,344,S6_worst_case_no_intervention,indonesia,USDC
564,0.7678263176299456,38422815.43462296,344,S6_worst_case_no_intervention,indonesia,USDC
565,0.7652966798757356,37462245.04875739,344,S6_worst_case_no_intervention,indonesia,USDC
566,0.7750934710289603,36525688.92253845,344,S6_worst_case_no_intervention,indonesia,USDC
567,0.7981128913753821,35612546.69947499,344,S6_worst_case_no_intervention,indonesia,USDC
568,0.7796613527724882,34722233.031988114,344,S6_worst_case_no_intervention,indonesia,USDC
569,0.7928296320108955,33854177.20618841,344,S6_worst_case_no_intervention,indonesia,USDC
570,0.8014930715739452,33007822.7760337,344,S6_worst_case_no_intervention,indonesia,USDC
571,0.8176529551668593,32182627.20663286,344,S6_worst_case_no_intervention,indonesia,USDC
572,0.8067931962775768,31378061.52646704,344,S6_worst_case_no_intervention,indonesia,USDC
573,0.811260421870853,30593609.98830536,344,S6_worst_case_no_intervention,indonesia,USDC
574,0.8194133394848362,29828769.73859773,344,S6_worst_case_no_intervention,indonesia,USDC
575,0.8279695419735749,29083050.49513279,344,S6_worst_case_no_intervention,indonesia,USDC
576,0.8301632194830314,28355974.23275447,344,S6_worst_case_no_intervention,indonesia,USDC
577,0.8432908694535731,27647074.876935605,344,S6_worst_case_no_intervention,indonesia,USDC
578,0.8242040094421311,26955898.005012214,344,S6_worst_case_no_intervention,indonesia,USDC
579,0.8292003975859268,26282000.554886907,344,S6_worst_case_no_intervention,indonesia,USDC
580,0.8182029778556131,25624950.54101474,344,S6_worst_case_no_intervention,indonesia,USDC
581,0.818127246853911,24984326.777489368,344,S6_worst_case_no_intervention,indonesia,USDC
582,0.8018129900873371,24359718.608052135,344,S6_worst_case_no_intervention,indonesia,USDC
583,0.8019933943650018,23750725.64285083,344,S6_worst_case_no_intervention,indonesia,USDC
584,0.7874249509519419,23156957.50177956,344,S6_worst_case_no_intervention,indonesia,USDC
585,0.7595260382154857,22578033.56423507,344,S6_worst_case_no_intervention,indonesia,USDC
586,0.7731335251623375,22013582.725129195,344,S6_worst_case_no_intervention,indonesia,USDC
587,0.7763116708750079,21463243.157000963,344,S6_worst_case_no_intervention,indonesia,USDC
588,0.7834682498371534,20926662.078075938,344,S6_worst_case_no_intervention,indonesia,USDC
589,0.7876064565602502,20403495.526124038,344,S6_worst_case_no_intervention,indonesia,USDC
590,0.7851925482689298,19893408.13797094,344,S6_worst_case_no_intervention,indonesia,USDC
591,0.8145664037468968,19396072.934521668,344,S6_worst_case_no_intervention,indonesia,USDC
592,0.7726389838046931,18911171.111158624,344,S6_worst_case_no_intervention,indonesia,USDC
593,0.7763703793969481,18438391.833379656,344,S6_worst_case_no_intervention,indonesia,USDC
594,0.7732704978520922,17977432.037545167,344,S6_worst_case_no_intervention,indonesia,USDC
595,0.7997640002158868,17527996.23660654,344,S6_worst_case_no_intervention,indonesia,USDC
596,0.8025994407233926,17089796.330691375,344,S6_worst_case_no_intervention,indonesia,USDC
597,0.8420298500855369,16662551.422424091,344,S6_worst_case_no_intervention,indonesia,USDC
598,0.8158660226328563,16245987.636863489,344,S6_worst_case_no_intervention,indonesia,USDC
599,0.7936683520528048,15839837.945941903,344,S6_worst_case_no_intervention,indonesia,USDC
600,0.7845612471852812,15443841.997293357,344,S6_worst_case_no_intervention,indonesia,USDC
601,0.8069750514311048,15057745.947361022,344,S6_worst_case_no_intervention,indonesia,USDC
602,0.7849790738927878,14681302.298676996,344,S6_worst_case_no_intervention,indonesia,USDC
603,0.7938124262354928,14314269.741210071,344,S6_worst_case_no_intervention,indonesia,USDC
604,0.7707944448905794,13956412.997679818,344,S6_worst_case_no_intervention,indonesia,USDC
605,0.7974207623703402,13607502.672737824,344,S6_worst_case_no_intervention,indonesia,USDC
606,0.8110770687933544,13267315.105919378,344,S6_worst_case_no_intervention,indonesia,USDC
607,0.7943517425998293,12935632.228271391,344,S6_worst_case_no_intervention,indonesia,USDC
608,0.7852859397762492,12612241.422564607,344,S6_worst_case_no_intervention,indonesia,USDC
609,0.7923383502578067,12296935.387000494,344,S6_worst_case_no_intervention,indonesia,USDC
610,0.8113958429554018,11989512.00232548,344,S6_worst_case_no_intervention,indonesia,USDC
611,0.8197139541062483,11689774.202267345,344,S6_worst_case_no_intervention,indonesia,USDC
612,0.8342829516783278,11397529.84721066,344,S6_worst_case_no_intervention,indonesia,USDC
613,0.8247689145508833,11112591.601030394,344,S6_worst_case_no_intervention,indonesia,USDC
614,0.8101795344784148,10834776.811004635,344,S6_worst_case_no_intervention,indonesia,USDC
615,0.7995055301082432,10563907.390729519,344,S6_worst_case_no_intervention,indonesia,USDC
616,0.778240055158966,10299809.705961281,344,S6_worst_case_no_intervention,indonesia,USDC
617,0.7761549926814502,10042314.46331225,344,S6_worst_case_no_intervention,indonesia,USDC
618,0.786591279516575,9791256.601729443,344,S6_worst_case_no_intervention,indonesia,USDC
619,0.7871634638138978,9546475.186686207,344,S6_worst_case_no_intervention,indonesia,USDC
620,0.7692856493376634,9307813.307019053,344,S6_worst_case_no_intervention,indonesia,USDC
621,0.8028400878945386,9075117.974343576,344,S6_worst_case_no_intervention,indonesia,USDC
622,0.7915705996216507,8848240.024984986,344,S6_worst_case_no_intervention,indonesia,USDC
623,0.814531923030591,8627034.024360362,344,S6_worst_case_no_intervention,indonesia,USDC
624,0.8364431463074048,8411358.173751352,344,S6_worst_case_no_intervention,indonesia,USDC
625,0.8077369112002161,8201074.219407569,344,S6_worst_case_no_intervention,indonesia,USDC
626,0.7792710869995978,7996047.36392238,344,S6_worst_case_no_intervention,indonesia,USDC
627,0.7827721813504649,7796146.179824321,344,S6_worst_case_no_intervention,indonesia,USDC
628,0.7679490982961124,7601242.525328713,344,S6_worst_case_no_intervention,indonesia,USDC
629,0.763851872883936,7411211.462195494,344,S6_worst_case_no_intervention,indonesia,USDC
630,0.732674816615756,7225931.175640607,344,S6_worst_case_no_intervention,indonesia,USDC
631,0.7527182284302983,7045282.896249592,344,S6_worst_case_no_intervention,indonesia,USDC
632,0.747081994443823,6869150.8238433525,344,S6_worst_case_no_intervention,indonesia,USDC
633,0.7362105734221525,6697422.053247269,344,S6_worst_case_no_intervention,indonesia,USDC
634,0.7220865449429094,6529986.501916086,344,S6_worst_case_no_intervention,indonesia,USDC
635,0.7226248156404486,6366736.839368184,344,S6_worst_case_no_intervention,indonesia,USDC
636,0.7351287114121237,6207568.41838398,344,S6_worst_case_no_intervention,indonesia,USDC
637,0.7499245425595149,6052379.207924381,344,S6_worst_case_no_intervention,indonesia,USDC
638,0.7964383900680466,5901069.727726271,344,S6_worst_case_no_intervention,indonesia,USDC
639,0.7978165553528418,5753542.984533114,344,S6_worst_case_no_intervention,indonesia,USDC
640,0.7972827668264508,5609704.409919786,344,S6_worst_case_no_intervention,indonesia,USDC
641,0.8001023046266889,5469461.7996717915,344,S6_worst_case_no_intervention,indonesia,USDC
642,0.7812043208040574,5332725.2546799965,344,S6_worst_case_no_intervention,indonesia,USDC
643,0.7939292931164995,5199407.123312997,344,S6_worst_case_no_intervention,indonesia,USDC
644,0.8112481659347178,5069421.945230172,344,S6_worst_case_no_intervention,indonesia,USDC
645,0.7911721624803661,4942686.396599418,344,S6_worst_case_no_intervention,indonesia,USDC
646,0.7629759593105997,4819119.236684432,344,S6_worst_case_no_intervention,indonesia,USDC
647,0.7748813763756012,4698641.255767321,344,S6_worst_case_no_intervention,indonesia,USDC
648,0.7655786760736237,4581175.2243731385,344,S6_worst_case_no_intervention,indonesia,USDC
649,0.7800814238988599,4466645.84376381,344,S6_worst_case_no_intervention,indonesia,USDC
650,0.7768300349281279,4354979.697669715,344,S6_worst_case_no_intervention,indonesia,USDC
651,0.7475680851192038,4246105.205227972,344,S6_worst_case_no_intervention,indonesia,USDC
652,0.7642785628528025,4139952.575097273,344,S6_worst_case_no_intervention,indonesia,USDC
653,0.7574254475002382,4036453.7607198413,344,S6_worst_case_no_intervention,indonesia,USDC
654,0.7789042614571264,3935542.416701845,344,S6_worst_case_no_intervention,indonesia,USDC
655,0.7640235929988926,3837153.856284299,344,S6_worst_case_no_intervention,indonesia,USDC
656,0.7528025897174278,3741225.009877191,344,S6_worst_case_no_intervention,indonesia,USDC
657,0.7484620413872721,3647694.384630261,344,S6_worst_case_no_intervention,indonesia,USDC
658,0.7334484085021661,3556502.025014505,344,S6_worst_case_no_intervention,indonesia,USDC
659,0.6182634440685276,3467589.4743891424,344,S6_worst_case_no_intervention,indonesia,USDC
660,0.6551185642454515,3380899.737529414,344,S6_worst_case_no_intervention,indonesia,USDC
661,0.6685158982174798,3296377.2440911783,344,S6_worst_case_no_intervention,indonesia,USDC
662,0.690503844799666,3213967.8129888987,344,S6_worst_case_no_intervention,indonesia,USDC
663,0.6814352870553348,3133618.6176641765,344,S6_worst_case_no_intervention,indonesia,USDC
664,0.6961854317032363,3055278.152222572,344,S6_worst_case_no_intervention,indonesia,USDC
665,0.7080577941647997,2978896.198417008,344,S6_worst_case_no_intervention,indonesia,USDC
666,0.7197475134631457,2904423.7934565824,344,S6_worst_case_no_intervention,indonesia,USDC
667,0.7420820746496661,2831813.198620168,344,S6_worst_case_no_intervention,indonesia,USDC
668,0.7628208898311002,2761017.8686546637,344,S6_worst_case_no_intervention,indonesia,USDC
669,0.7588171653128013,2691992.421938297,344,S6_worst_case_no_intervention,indonesia,USDC
670,0.7873202965086796,2624692.6113898396,344,S6_worst_case_no_intervention,indonesia,USDC
671,0.8081877465379612,2559075.2961050933,344,S6_worst_case_no_intervention,indonesia,USDC
672,0.7982557127456368,2495098.413702466,344,S6_worst_case_no_intervention,indonesia,USDC
673,0.8015825077842321,2432720.9533599047,344,S6_worst_case_no_intervention,indonesia,USDC
674,0.8060326421400172,2371902.929525907,344,S6_worst_case_no_intervention,indonesia,USDC
675,0.8018245040995564,2312605.356287759,344,S6_worst_case_no_intervention,indonesia,USDC
676,0.7890180351723799,2254790.2223805655,344,S6_worst_case_no_intervention,indonesia,USDC
677,0.7986676197718141,2198420.466821051,344,S6_worst_case_no_intervention,indonesia,USDC
678,0.8102832792076764,2143459.955150525,344,S6_worst_case_no_intervention,indonesia,USDC
679,0.8004983295268657,2089873.456271762,344,S6_worst_case_no_intervention,indonesia,USDC
680,0.7847702440650974,2037626.619864968,344,S6_worst_case_no_intervention,indonesia,USDC
681,0.8002190324049323,1986685.9543683436,344,S6_worst_case_no_intervention,indonesia,USDC
682,0.7974356842186876,1937018.805509135,344,S6_worst_case_no_intervention,indonesia,USDC
683,0.8050372911601099,1888593.3353714063,344,S6_worst_case_no_intervention,indonesia,USDC
684,0.8152327801479011,1841378.5019871215,344,S6_worst_case_no_intervention,indonesia,USDC
685,0.7866190310429542,1795344.0394374435,344,S6_worst_case_no_intervention,indonesia,USDC
686,0.7570009178367485,1750460.4384515076,344,S6_worst_case_no_intervention,indonesia,USDC
687,0.7509225260845876,1706698.9274902197,344,S6_worst_case_no_intervention,indonesia,USDC
688,0.7238368567216708,1664031.4543029643,344,S6_worst_case_no_intervention,indonesia,USDC
689,0.7432789070451463,1622430.66794539,344,S6_worst_case_no_intervention,indonesia,USDC
690,0.7509098429886056,1581869.9012467554,344,S6_worst_case_no_intervention,indonesia,USDC
691,0.775866761841402,1542323.1537155868,344,S6_worst_case_no_intervention,indonesia,USDC
692,0.7721710279406067,1503765.074872697,344,S6_worst_case_no_intervention,indonesia,USDC
693,0.7590790153524003,1466170.9480008795,344,S6_worst_case_no_intervention,indonesia,USDC
694,0.7572894134330472,1429516.6743008574,344,S6_worst_case_no_intervention,indonesia,USDC
695,0.7773399090476041,1393778.757443336,344,S6_worst_case_no_intervention,indonesia,USDC
696,0.7886348199914246,1358934.2885072525,344,S6_worst_case_no_intervention,indonesia,USDC
697,0.7817612632141882,1324960.9312945711,344,S6_worst_case_no_intervention,indonesia,USDC
698,0.7849270664967029,1291836.9080122071,344,S6_worst_case_no_intervention,indonesia,USDC
699,0.7687443196963459,1259540.9853119017,344,S6_worst_case_no_intervention,indonesia,USDC
700,0.752051153410665,1228052.4606791043,344,S6_worst_case_no_intervention,indonesia,USDC
701,0.7574615599051464,1197351.1491621267,344,S6_worst_case_no_intervention,indonesia,USDC
702,0.7629004942274281,1167417.3704330735,344,S6_worst_case_no_intervention,indonesia,USDC
703,0.7811226571372292,1138231.936172247,344,S6_worst_case_no_intervention,indonesia,USDC
704,0.7616753964542143,1109776.1377679408,344,S6_worst_case_no_intervention,indonesia,USDC
705,0.7543650516864263,1082031.734323742,344,S6_worst_case_no_intervention,indonesia,USDC
706,0.7577788851228916,1054980.9409656485,344,S6_worst_case_no_intervention,indonesia,USDC
707,0.7614713907836423,1028606.4174415072,344,S6_worst_case_no_intervention,indonesia,USDC
708,0.6700285178981508,1002891.2570054695,344,S6_worst_case_no_intervention,indonesia,USDC
709,0.6926497037430361,977818.9755803328,344,S6_worst_case_no_intervention,indonesia,USDC
710,0.6465402734858706,953373.5011908244,344,S6_worst_case_no_intervention,indonesia,USDC
711,0.6652219509423187,929539.1636610539,344,S6_worst_case_no_intervention,indonesia,USDC
712,0.6839167645093113,906300.6845695274,344,S6_worst_case_no_intervention,indonesia,USDC
713,0.6882068412609423,883643.1674552893,344,S6_worst_case_no_intervention,indonesia,USDC
714,0.7073134287739391,861552.088268907,344,S6_worst_case_no_intervention,indonesia,USDC
715,0.6667526412985004,840013.2860621844,344,S6_worst_case_no_intervention,indonesia,USDC
716,0.6785440263588217,819012.9539106297,344,S6_worst_case_no_intervention,indonesia,USDC
717,0.681332385353448,798537.630062864,344,S6_worst_case_no_intervention,indonesia,USDC
718,0.6390712954416683,778574.1893112925,344,S6_worst_case_no_intervention,indonesia,USDC
719,0.6468176583248351,759109.8345785101,344,S6_worst_case_no_intervention,indonesia,USDC
720,0.6522466684570387,740132.0887140473,344,S6_worst_case_no_intervention,indonesia,USDC
721,0.6577016879559259,721628.7864961963,344,S6_worst_case_no_intervention,indonesia,USDC
722,0.6694064859900553,703588.0668337913,344,S6_worst_case_no_intervention,indonesia,USDC
723,0.6683584818797659,685998.3651629465,344,S6_worst_case_no_intervention,indonesia,USDC
724,0.6903108784431983,668848.4060338729,344,S6_worst_case_no_intervention,indonesia,USDC
725,0.6879634108615791,652127.195883026,344,S6_worst_case_no_intervention,indonesia,USDC
726,0.6901166529166891,635824.0159859504,344,S6_worst_case_no_intervention,indonesia,USDC
727,0.702903212261644,619928.4155863016,344,S6_worst_case_no_intervention,indonesia,USDC
728,0.697993061820992,604430.2051966442,344,S6_worst_case_no_intervention,indonesia,USDC
729,0.7227087440088443,589319.450066728,344,S6_worst_case_no_intervention,indonesia,USDC
730,0.7339837040840612,574586.4638150597,344,S6_worst_case_no_intervention,indonesia,USDC
731,0.7414603414168187,560221.8022196833,344,S6_worst_case_no_intervention,indonesia,USDC
732,0.7535457001319792,546216.2571641912,344,S6_worst_case_no_intervention,indonesia,USDC
733,0.7679440538667075,532560.8507350865,344,S6_worst_case_no_intervention,indonesia,USDC
734,0.7568128237449693,519246.8294667093,344,S6_worst_case_no_intervention,indonesia,USDC
735,0.7870668096759557,506265.6587300416,344,S6_worst_case_no_intervention,indonesia,USDC
736,0.8196555956019114,493609.0172617905,344,S6_worst_case_no_intervention,indonesia,USDC
737,0.8047672158214245,481268.79183024575,344,S6_worst_case_no_intervention,indonesia,USDC
738,0.7962469038436215,469237.0720344896,344,S6_worst_case_no_intervention,indonesia,USDC
739,0.8135394574391058,457506.14523362735,344,S6_worst_case_no_intervention,indonesia,USDC
740,0.8063095913062431,446068.4916027867,344,S6_worst_case_no_intervention,indonesia,USDC
741,0.7978055311433865,434916.77931271703,344,S6_worst_case_no_intervention,indonesia,USDC
742,0.7981293284483675,424043.85982989904,344,S6_worst_case_no_intervention,indonesia,USDC
743,0.8077612779435557,413442.7633341516,344,S6_worst_case_no_intervention,indonesia,USDC
744,0.8088282544161048,403106.69425079785,344,S6_worst_case_no_intervention,indonesia,USDC
745,0.8013237796054816,393029.02689452784,344,S6_worst_case_no_intervention,indonesia,USDC
746,0.7991056845704538,383203.30122216465,344,S6_worst_case_no_intervention,indonesia,USDC
747,0.7990413568071321,373623.2186916105,344,S6_worst_case_no_intervention,indonesia,USDC
748,0.8001080347100598,364282.63822432025,344,S6_worst_case_no_intervention,indonesia,USDC
749,0.7909934064515485,355175.5722687123,344,S6_worst_case_no_intervention,indonesia,USDC
750,0.7766193514473181,346296.1829619945,344,S6_worst_case_no_intervention,indonesia,USDC
751,0.7789007822762393,337638.7783879446,344,S6_worst_case_no_intervention,indonesia,USDC
752,0.7670836620721591,329197.80892824597,344,S6_worst_case_no_intervention,indonesia,USDC
753,0.7588118764279979,320967.86370503984,344,S6_worst_case_no_intervention,indonesia,USDC
754,0.7469303301296739,312943.66711241385,344,S6_worst_case_no_intervention,indonesia,USDC
755,0.7468446877768348,305120.0754346035,344,S6_worst_case_no_intervention,indonesia,USDC
756,0.7451874237525143,297492.0735487384,344,S6_worst_case_no_intervention,indonesia,USDC
757,0.7342567376013726,290054.7717100199,344,S6_worst_case_no_intervention,indonesia,USDC
758,0.7624386794188943,282803.4024172694,344,S6_worst_case_no_intervention,indonesia,USDC
759,0.7595438465535586,275733.3173568377,344,S6_worst_case_no_intervention,indonesia,USDC
760,0.7731219399114935,268839.9844229168,344,S6_worst_case_no_intervention,indonesia,USDC
761,0.7714123260799606,262118.98481234384,344,S6_worst_case_no_intervention,indonesia,USDC
762,0.7923800176188555,255566.01019203523,344,S6_worst_case_no_intervention,indonesia,USDC
763,0.771331297254616,249176.85993723437,344,S6_worst_case_no_intervention,indonesia,USDC
764,0.778474133648435,242947.43843880348,344,S6_worst_case_no_intervention,indonesia,USDC
765,0.8011179264533771,236873.75247783342,344,S6_worst_case_no_intervention,indonesia,USDC
766,0.8002875907559931,230951.90866588757,344,S6_worst_case_no_intervention,indonesia,USDC
767,0.7118278683318797,225178.1109492404,344,S6_worst_case_no_intervention,indonesia,USDC
768,0.7196516291846535,219548.65817550936,344,S6_worst_case_no_intervention,indonesia,USDC
769,0.7281685406530467,214059.94172112164,344,S6_worst_case_no_intervention,indonesia,USDC
770,0.7270928056681248,208708.44317809358,344,S6_worst_case_no_intervention,indonesia,USDC
771,0.7334575269838364,203490.73209864122,344,S6_worst_case_no_intervention,indonesia,USDC
772,0.7265501249311188,198403.4637961752,344,S6_worst_case_no_intervention,indonesia,USDC
773,0.7351859964287791,193443.37720127084,344,S6_worst_case_no_intervention,indonesia,USDC
774,0.7414102971971285,188607.29277123907,344,S6_worst_case_no_intervention,indonesia,USDC
775,0.746132307773162,183892.11045195808,344,S6_worst_case_no_intervention,indonesia,USDC
776,0.7484956033009074,179294.80769065913,344,S6_worst_case_no_intervention,indonesia,USDC
777,0.7559398096232643,174812.43749839265,344,S6_worst_case_no_intervention,indonesia,USDC
778,0.7789802920970027,170442.12656093284,344,S6_worst_case_no_intervention,indonesia,USDC
779,0.7861535927512265,166181.07339690952,344,S6_worst_case_no_intervention,indonesia,USDC
780,0.7968102494907645,162026.54656198676,344,S6_worst_case_no_intervention,indonesia,USDC
781,0.7955982886228761,157975.88289793712,344,S6_worst_case_no_intervention,indonesia,USDC
782,0.796605767795239,154026.4858254887,344,S6_worst_case_no_intervention,indonesia,USDC
783,0.8089861556262705,150175.82367985146,344,S6_worst_case_no_intervention,indonesia,USDC
784,0.8142360834687731,146421.42808785517,344,S6_worst_case_no_intervention,indonesia,USDC
785,0.8289034713862518,142760.8923856588,344,S6_worst_case_no_intervention,indonesia,USDC
786,0.8032465558233849,139191.87007601734,344,S6_worst_case_no_intervention,indonesia,USDC
787,0.7779405458898806,135712.07332411688,344,S6_worst_case_no_intervention,indonesia,USDC
788,0.7897734556357106,132319.271491014,344,S6_worst_case_no_intervention,indonesia,USDC
789,0.8022319917314633,129011.28970373863,344,S6_worst_case_no_intervention,indonesia,USDC
790,0.7990612710560044,125786.00746114517,344,S6_worst_case_no_intervention,indonesia,USDC
791,0.7873021826676243,122641.35727461654,344,S6_worst_case_no_intervention,indonesia,USDC
792,0.7857719410631417,119575.32334275111,344,S6_worst_case_no_intervention,indonesia,USDC
793,0.8085165581828196,116585.94025918233,344,S6_worst_case_no_intervention,indonesia,USDC
794,0.8005219957489388,113671.29175270279,344,S6_worst_case_no_intervention,indonesia,USDC
795,0.798690397944764,110829.50945888521,344,S6_worst_case_no_intervention,indonesia,USDC
796,0.7987847138798048,108058.77172241309,344,S6_worst_case_no_intervention,indonesia,USDC
797,0.7880870486736637,105357.30242935276,344,S6_worst_case_no_intervention,indonesia,USDC
798,0.7545111296016072,102723.36986861893,344,S6_worst_case_no_intervention,indonesia,USDC
799,0.7673387071523904,100155.28562190346,344,S6_worst_case_no_intervention,indonesia,USDC
800,0.7625927591643981,97651.40348135587,344,S6_worst_case_no_intervention,indonesia,USDC
801,0.7517301854256231,95210.118394322,344,S6_worst_case_no_intervention,indonesia,USDC
802,0.7460033291895954,92829.86543446394,344,S6_worst_case_no_intervention,indonesia,USDC
803,0.7590319220944856,90509.11879860234,344,S6_worst_case_no_intervention,indonesia,USDC
804,0.765438569108132,88246.39082863729,344,S6_worst_case_no_intervention,indonesia,USDC
805,0.7574112718045609,86040.23105792134,344,S6_worst_case_no_intervention,indonesia,USDC
806,0.7706507213717073,83889.22528147331,344,S6_worst_case_no_intervention,indonesia,USDC
807,0.7711770871735324,81791.99464943647,344,S6_worst_case_no_intervention,indonesia,USDC
808,0.7561637839773576,79747.19478320057,344,S6_worst_case_no_intervention,indonesia,USDC
809,0.7553289777295159,77753.51491362054,344,S6_worst_case_no_intervention,indonesia,USDC
810,0.7554054757808462,75809.67704078004,344,S6_worst_case_no_intervention,indonesia,USDC
811,0.7503725427245008,73914.43511476053,344,S6_worst_case_no_intervention,indonesia,USDC
812,0.758160376726438,72066.57423689152,344,S6_worst_case_no_intervention,indonesia,USDC
813,0.7492890537438787,70264.90988096924,344,S6_worst_case_no_intervention,indonesia,USDC
814,0.7695817672195638,68508.287133945,344,S6_worst_case_no_intervention,indonesia,USDC
815,0.7711698804053839,66795.57995559637,344,S6_worst_case_no_intervention,indonesia,USDC
816,0.7918286204952673,65125.69045670648,344,S6_worst_case_no_intervention,indonesia,USDC
817,0.7978287596069759,63497.54819528881,344,S6_worst_case_no_intervention,indonesia,USDC
818,0.8028943919373066,61910.1094904066,344,S6_worst_case_no_intervention,indonesia,USDC
819,0.8045210816840653,60362.35675314643,344,S6_worst_case_no_intervention,indonesia,USDC
820,0.8069037273791912,58853.29783431777,344,S6_worst_case_no_intervention,indonesia,USDC
821,0.7728920219172878,57381.96538845982,344,S6_worst_case_no_intervention,indonesia,USDC
822,0.7903850428579697,55947.41625374832,344,S6_worst_case_no_intervention,indonesia,USDC
823,0.7926381959790767,54548.730847404615,344,S6_worst_case_no_intervention,indonesia,USDC
824,0.7997588312175833,53185.012576219495,344,S6_worst_case_no_intervention,indonesia,USDC
825,0.810150068963414,51855.38726181401,344,S6_worst_case_no_intervention,indonesia,USDC
826,0.8254629659761361,50559.00258026866,344,S6_worst_case_no_intervention,indonesia,USDC
827,0.8337276249284921,49295.02751576195,344,S6_worst_case_no_intervention,indonesia,USDC
828,0.8154594330783458,48062.6518278679,344,S6_worst_case_no_intervention,indonesia,USDC
829,0.8078365345291197,46861.0855321712,344,S6_worst_case_no_intervention,indonesia,USDC
830,0.7812318342291433,45689.558393866915,344,S6_worst_case_no_intervention,indonesia,USDC
831,0.7827631926071696,44547.319434020246,344,S6_worst_case_no_intervention,indonesia,USDC
832,0.7706477498756493,43433.63644816974,344,S6_worst_case_no_intervention,indonesia,USDC
833,0.7609344777631774,42347.795536965496,344,S6_worst_case_no_intervention,indonesia,USDC
834,0.7526198031374952,41289.10064854135,344,S6_worst_case_no_intervention,indonesia,USDC
835,0.7616531557429863,40256.87313232782,344,S6_worst_case_no_intervention,indonesia,USDC
836,0.7508503545381879,39250.451304019625,344,S6_worst_case_no_intervention,indonesia,USDC
837,0.7427026574068921,38269.19002141914,344,S6_worst_case_no_intervention,indonesia,USDC
838,0.7400727924060693,37312.46027088366,344,S6_worst_case_no_intervention,indonesia,USDC
839,0.7339717286481586,36379.64876411157,344,S6_worst_case_no_intervention,indonesia,USDC
840,0.7357909617778233,35470.15754500878,344,S6_worst_case_no_intervention,indonesia,USDC
841,0.7443461350274162,34583.40360638356,344,S6_worst_case_no_intervention,indonesia,USDC
842,0.7424837356734573,33718.81851622397,344,S6_worst_case_no_intervention,indonesia,USDC
843,0.7613565961505231,32875.84805331837,344,S6_worst_case_no_intervention,indonesia,USDC
844,0.781796862168503,32053.951851985406,344,S6_worst_case_no_intervention,indonesia,USDC
845,0.7845243837082208,31252.603055685773,344,S6_worst_case_no_intervention,indonesia,USDC
846,0.7845832500849929,30471.28797929363,344,S6_worst_case_no_intervention,indonesia,USDC
847,0.7846640098024615,29709.505779811287,344,S6_worst_case_no_intervention,indonesia,USDC
848,0.7761514061116831,28966.768135316008,344,S6_worst_case_no_intervention,indonesia,USDC
849,0.7657865716104931,28242.598931933106,344,S6_worst_case_no_intervention,indonesia,USDC
850,0.7870372293269506,27536.533958634784,344,S6_worst_case_no_intervention,indonesia,USDC
851,0.7780768166142624,26848.120609668913,344,S6_worst_case_no_intervention,indonesia,USDC
852,0.7792783502721269,26176.91759442719,344,S6_worst_case_no_intervention,indonesia,USDC
853,0.7914786250137412,25522.49465456651,344,S6_worst_case_no_intervention,indonesia,USDC
854,0.7868739428813426,24884.432288202348,344,S6_worst_case_no_intervention,indonesia,USDC
855,0.7973501219750961,24262.321480997292,344,S6_worst_case_no_intervention,indonesia,USDC
856,0.7789603305976515,23655.763443972355,344,S6_worst_case_no_intervention,indonesia,USDC
857,0.7757108352357124,23064.369357873045,344,S6_worst_case_no_intervention,indonesia,USDC
858,0.7868368044647832,22487.760123926222,344,S6_worst_case_no_intervention,indonesia,USDC
859,0.7794506504356613,21925.566120828065,344,S6_worst_case_no_intervention,indonesia,USDC
860,0.7624591468416738,21377.426967807365,344,S6_worst_case_no_intervention,indonesia,USDC
861,0.7777068901720959,20842.99129361218,344,S6_worst_case_no_intervention,indonesia,USDC
862,0.7869170942955106,20321.916511271877,344,S6_worst_case_no_intervention,indonesia,USDC
863,0.7768668473763791,19813.86859849008,344,S6_worst_case_no_intervention,indonesia,USDC
864,0.7761377224865706,19318.52188352783,344,S6_worst_case_no_intervention,indonesia,USDC
865,0.8202330813079233,18835.55883643963,344,S6_worst_case_no_intervention,indonesia,USDC
866,0.822940904810583,18364.66986552864,344,S6_worst_case_no_intervention,indonesia,USDC
867,0.8296275121983486,17905.553118890424,344,S6_worst_case_no_intervention,indonesia,USDC
868,0.8210812313550779,17457.914290918165,344,S6_worst_case_no_intervention,indonesia,USDC
869,0.8201147190691432,17021.46643364521,344,S6_worst_case_no_intervention,indonesia,USDC
870,0.8343087022101238,16595.92977280408,344,S6_worst_case_no_intervention,indonesia,USDC
871,0.8558353582972535,16181.031528483978,344,S6_worst_case_no_intervention,indonesia,USDC
872,0.847256906690526,15776.50574027188,344,S6_worst_case_no_intervention,indonesia,USDC
873,0.8382832801607742,15382.093096765082,344,S6_worst_case_no_intervention,indonesia,USDC
874,0.8178260500049471,14997.540769345955,344,S6_worst_case_no_intervention,indonesia,USDC
875,0.8113965305444125,14622.602250112306,344,S6_worst_case_no_intervention,indonesia,USDC
876,0.8322804247690478,14257.037193859498,344,S6_worst_case_no_intervention,indonesia,USDC
877,0.8240805935867473,13900.611264013012,344,S6_worst_case_no_intervention,indonesia,USDC
878,0.8386384239232333,13553.095982412684,344,S6_worst_case_no_intervention,indonesia,USDC
879,0.8198984854975767,13214.268582852368,344,S6_worst_case_no_intervention,indonesia,USDC
880,0.8184872550719388,12883.911868281059,344,S6_worst_case_no_intervention,indonesia,USDC
881,0.8012852092095939,12561.814071574032,344,S6_worst_case_no_intervention,indonesia,USDC
882,0.805764229213753,12247.768719784683,344,S6_worst_case_no_intervention,indonesia,USDC
883,0.7849327061391177,11941.574501790064,344,S6_worst_case_no_intervention,indonesia,USDC
884,0.8033660768484464,11643.035139245312,344,S6_worst_case_no_intervention,indonesia,USDC
885,0.7929134489728091,11351.95926076418,344,S6_worst_case_no_intervention,indonesia,USDC
886,0.7866551457967604,11068.160279245076,344,S6_worst_case_no_intervention,indonesia,USDC
887,0.7879618996654028,10791.45627226395,344,S6_worst_case_no_intervention,indonesia,USDC
888,0.7828331646595523,10521.66986545735,344,S6_worst_case_no_intervention,indonesia,USDC
889,0.7908834219641129,10258.628118820916,344,S6_worst_case_no_intervention,indonesia,USDC
890,0.7990817403411926,10002.162415850393,344,S6_worst_case_no_intervention,indonesia,USDC
891,0.7819379294032125,9752.108355454133,344,S6_worst_case_no_intervention,indonesia,USDC
892,0.788401742843301,9508.30564656778,344,S6_worst_case_no_intervention,indonesia,USDC
893,0.7766880170261171,9270.598005403586,344,S6_worst_case_no_intervention,indonesia,USDC
894,0.8076531873450445,9038.833055268495,344,S6_worst_case_no_intervention,indonesia,USDC
895,0.798840068720549,8812.862228886783,344,S6_worst_case_no_intervention,indonesia,USDC
896,0.7993610378477495,8592.540673164614,344,S6_worst_case_no_intervention,indonesia,USDC
897,0.8151747442154885,8377.727156335497,344,S6_worst_case_no_intervention,indonesia,USDC
898,0.8100713139535411,8168.283977427111,344,S6_worst_case_no_intervention,indonesia,USDC
899,0.8279353133214399,7964.076877991432,344,S6_worst_case_no_intervention,indonesia,USDC
900,0.8281098945633525,7764.974956041647,344,S6_worst_case_no_intervention,indonesia,USDC
901,0.8205352030956442,7570.850582140605,344,S6_worst_case_no_intervention,indonesia,USDC
902,0.8110806920354167,7381.5793175870895,344,S6_worst_case_no_intervention,indonesia,USDC
903,0.8138664081760737,7197.039834647412,344,S6_worst_case_no_intervention,indonesia,USDC
904,0.8133949875993649,7017.113838781227,344,S6_worst_case_no_intervention,indonesia,USDC
905,0.8245551298948651,6841.685992811696,344,S6_worst_case_no_intervention,indonesia,USDC
906,0.8305703588603017,6670.643842991405,344,S6_worst_case_no_intervention,indonesia,USDC
907,0.8192130429668741,6503.87774691662,344,S6_worst_case_no_intervention,indonesia,USDC
908,0.8042529116240688,6341.280803243704,344,S6_worst_case_no_intervention,indonesia,USDC
909,0.8111840440998186,6182.748783162611,344,S6_worst_case_no_intervention,indonesia,USDC
910,0.8212590100167033,6028.180063583546,344,S6_worst_case_no_intervention,indonesia,USDC
911,0.83445831880555,5877.475561993957,344,S6_worst_case_no_intervention,indonesia,USDC
912,0.8129834610808354,5730.538672944108,344,S6_worst_case_no_intervention,indonesia,USDC
913,0.826496720216396,5587.275206120505,344,S6_worst_case_no_intervention,indonesia,USDC
914,0.8226935679693131,5447.593325967493,344,S6_worst_case_no_intervention,indonesia,USDC
915,0.825383328769183,5311.4034928183055,344,S6_worst_case_no_intervention,indonesia,USDC
916,0.8079654786110779,5178.618405497848,344,S6_worst_case_no_intervention,indonesia,USDC
917,0.7943787346891871,5049.152945360402,344,S6_worst_case_no_intervention,indonesia,USDC
918,0.7838871910442787,4922.924121726392,344,S6_worst_case_no_intervention,indonesia,USDC
919,0.792863078002047,4799.851018683232,344,S6_worst_case_no_intervention,indonesia,USDC
920,0.7780535058506746,4679.854743216151,344,S6_worst_case_no_intervention,indonesia,USDC
921,0.7629514532062502,4562.858374635747,344,S6_worst_case_no_intervention,indonesia,USDC
922,0.7962165712054132,4448.786915269854,344,S6_worst_case_no_intervention,indonesia,USDC
923,0.8031509437655667,4337.567242388107,344,S6_worst_case_no_intervention,indonesia,USDC
924,0.8111654433656361,4229.128061328404,344,S6_worst_case_no_intervention,indonesia,USDC
925,0.8194453188007589,4123.399859795194,344,S6_worst_case_no_intervention,indonesia,USDC
926,0.8093411341310082,4020.3148633003148,344,S6_worst_case_no_intervention,indonesia,USDC
927,0.7988482706916386,3919.8069917178073,344,S6_worst_case_no_intervention,indonesia,USDC
928,0.7994880590977235,3821.811816924862,344,S6_worst_case_no_intervention,indonesia,USDC
929,0.8334344962947402,3726.2665215017405,344,S6_worst_case_no_intervention,indonesia,USDC
930,0.8249887053887206,3633.109858464197,344,S6_worst_case_no_intervention,indonesia,USDC
931,0.8279855869886896,3542.282112002592,344,S6_worst_case_no_intervention,indonesia,USDC
932,0.8303494802728394,3453.7250592025275,344,S6_worst_case_no_intervention,indonesia,USDC
933,0.8186890497694614,3367.3819327224637,344,S6_worst_case_no_intervention,indonesia,USDC
934,0.8110432024643224,3283.1973844044023,344,S6_worst_case_no_intervention,indonesia,USDC
935,0.8067444969257241,3201.1174497942925,344,S6_worst_case_no_intervention,indonesia,USDC
936,0.8189099758863072,3121.0895135494347,344,S6_worst_case_no_intervention,indonesia,USDC
937,0.8400531776177446,3043.062275710699,344,S6_worst_case_no_intervention,indonesia,USDC
938,0.8335002753393633,2966.9857188179317,344,S6_worst_case_no_intervention,indonesia,USDC
939,0.852588383305822,2892.811075847483,344,S6_worst_case_no_intervention,indonesia,USDC
940,0.8496009625309802,2820.490798951296,344,S6_worst_case_no_intervention,indonesia,USDC
941,0.819033710041227,2749.9785289775136,344,S6_worst_case_no_intervention,indonesia,USDC
942,0.8316517440746517,2681.2290657530757,344,S6_worst_case_no_intervention,indonesia,USDC
943,0.8054451317720743,2614.198339109249,344,S6_worst_case_no_intervention,indonesia,USDC
944,0.8024473838677167,2548.843380631518,344,S6_worst_case_no_intervention,indonesia,USDC
945,0.8157690441326285,2485.12229611573,344,S6_worst_case_no_intervention,indonesia,USDC
946,0.7976972135956417,2422.9942387128367,344,S6_worst_case_no_intervention,indonesia,USDC
947,0.7915227207452076,2362.419382745016,344,S6_worst_case_no_intervention,indonesia,USDC
948,0.8024861644169653,2303.3588981763905,344,S6_worst_case_no_intervention,indonesia,USDC
949,0.8278095847740711,2245.7749257219807,344,S6_worst_case_no_intervention,indonesia,USDC
950,0.8378204571680513,2189.630552578931,344,S6_worst_case_no_intervention,indonesia,USDC
951,0.8184215820056787,2134.889788764458,344,S6_worst_case_no_intervention,indonesia,USDC
952,0.8161388577255612,2081.5175440453463,344,S6_worst_case_no_intervention,indonesia,USDC
953,0.8288924482435965,2029.479605444213,344,S6_worst_case_no_intervention,indonesia,USDC
954,0.8237654871634208,1978.7426153081074,344,S6_worst_case_no_intervention,indonesia,USDC
955,0.8245980359526058,1929.2740499254046,344,S6_worst_case_no_intervention,indonesia,USDC
956,0.8138940470602579,1881.0421986772697,344,S6_worst_case_no_intervention,indonesia,USDC
957,0.8154795795862492,1834.016143710338,344,S6_worst_case_no_intervention,indonesia,USDC
958,0.7918409438024024,1788.1657401175794,344,S6_worst_case_no_intervention,indonesia,USDC
959,0.8038148724952661,1743.46159661464,344,S6_worst_case_no_intervention,indonesia,USDC
960,0.8057658506628633,1699.875056699274,344,S6_worst_case_no_intervention,indonesia,USDC
961,0.8051780241331993,1657.378180281792,344,S6_worst_case_no_intervention,indonesia,USDC
962,0.8018598417438342,1615.9437257747472,344,S6_worst_case_no_intervention,indonesia,USDC
963,0.7977559863824509,1575.5451326303787,344,S6_worst_case_no_intervention,indonesia,USDC
964,0.7933186436374405,1536.1565043146193,344,S6_worst_case_no_intervention,indonesia,USDC
965,0.7917136586535019,1497.7525917067537,344,S6_worst_case_no_intervention,indonesia,USDC
966,0.8033061592634151,1460.308776914085,344,S6_worst_case_no_intervention,indonesia,USDC
967,0.8146205011259795,1423.8010574912328,344,S6_worst_case_no_intervention,indonesia,USDC
968,0.8025635924041657,1388.2060310539518,344,S6_worst_case_no_intervention,indonesia,USDC
969,0.8065421802170423,1353.5008802776033,344,S6_worst_case_no_intervention,indonesia,USDC
970,0.7995448333212006,1319.6633582706631,344,S6_worst_case_no_intervention,indonesia,USDC
971,0.8062634717564765,1286.6717743138965,344,S6_worst_case_no_intervention,indonesia,USDC
972,0.8042410583176823,1254.504979956049,344,S6_worst_case_no_intervention,indonesia,USDC
973,0.812345208091366,1223.142355457148,344,S6_worst_case_no_intervention,indonesia,USDC
974,0.8069982813518898,1192.5637965707192,344,S6_worst_case_no_intervention,indonesia,USDC
975,0.8042211337812295,1162.7497016564512,344,S6_worst_case_no_intervention,indonesia,USDC
976,0.8287828716191062,1133.68095911504,344,S6_worst_case_no_intervention,indonesia,USDC
977,0.8243205653448229,1105.3389351371638,344,S6_worst_case_no_intervention,indonesia,USDC
978,0.8164247825320358,1077.7054617587348,344,S6_worst_case_no_intervention,indonesia,USDC
979,0.8038621578951282,1050.7628252147665,344,S6_worst_case_no_intervention,indonesia,USDC
980,0.806351132325038,1024.4937545843973,344,S6_worst_case_no_intervention,indonesia,USDC
981,0.7913317507757962,998.8814107197873,344,S6_worst_case_no_intervention,indonesia,USDC
982,0.7703590693636894,973.9093754517926,344,S6_worst_case_no_intervention,indonesia,USDC
983,0.7765543241623964,949.5616410654977,344,S6_worst_case_no_intervention,indonesia,USDC
984,0.768671366774074,925.8226000388603,344,S6_worst_case_no_intervention,indonesia,USDC
985,0.7411311537874662,902.6770350378887,344,S6_worst_case_no_intervention,indonesia,USDC
986,0.7442705370487356,880.1101091619416,344,S6_worst_case_no_intervention,indonesia,USDC
987,0.7576926066322301,858.1073564328929,344,S6_worst_case_no_intervention,indonesia,USDC
988,0.7449926428192034,836.6546725220705,344,S6_worst_case_no_intervention,indonesia,USDC
989,0.7561664693051423,815.7383057090188,344,S6_worst_case_no_intervention,indonesia,USDC
990,0.770015385223911,795.3448480662935,344,S6_worst_case_no_intervention,indonesia,USDC
991,0.7652588379344931,775.461226864636,344,S6_worst_case_no_intervention,indonesia,USDC
992,0.7820886269379158,756.0746961930201,344,S6_worst_case_no_intervention,indonesia,USDC
993,0.7565917828247113,737.1728287881947,344,S6_worst_case_no_intervention,indonesia,USDC
994,0.7774801032592514,718.7435080684897,344,S6_worst_case_no_intervention,indonesia,USDC
995,0.7835850177561046,700.7749203667776,344,S6_worst_case_no_intervention,indonesia,USDC
996,0.7681824716756671,683.2555473576081,344,S6_worst_case_no_intervention,indonesia,USDC
997,0.7727357342134136,666.1741586736679,344,S6_worst_case_no_intervention,indonesia,USDC
998,0.7827254251926157,649.5198047068262,344,S6_worst_case_no_intervention,indonesia,USDC
999,0.7810614156648463,633.2818095891555,344,S6_worst_case_no_intervention,indonesia,USDC
1000,0.779883469182891,617.4497643494267,344,S6_worst_case_no_intervention,indonesia,USDC
