Step,price,liquidity,iteration,scenario,region,coin
1,0.9778910169813508,2989535414723.3745,126,S6_worst_case_no_intervention,indonesia,USDC
2,0.9649833866949304,2989535414723.3745,126,S6_worst_case_no_intervention,indonesia,USDC
3,0.9780303616059186,2989225108745.741,126,S6_worst_case_no_intervention,indonesia,USDC
4,0.9939387318322151,2989225108745.741,126,S6_worst_case_no_intervention,indonesia,USDC
5,0.9959954519158868,2989225108745.741,126,S6_worst_case_no_intervention,indonesia,USDC
6,1.0222514728380276,2989225108745.741,126,S6_worst_case_no_intervention,indonesia,USDC
7,1.029275410240641,2989225108745.741,126,S6_worst_case_no_intervention,indonesia,USDC
8,0.9992938557910163,2989225108745.741,126,S6_worst_case_no_intervention,indonesia,USDC
9,0.9818708014429179,2989225108745.741,126,S6_worst_case_no_intervention,indonesia,USDC
10,0.9790063734033844,2989225108745.741,126,S6_worst_case_no_intervention,indonesia,USDC
11,0.9768103421729443,2989225108745.741,126,S6_worst_case_no_intervention,indonesia,USDC
12,0.992957891242853,2989225108745.741,126,S6_worst_case_no_intervention,indonesia,USDC
13,1.015284173612709,2989225108745.741,126,S6_worst_case_no_intervention,indonesia,USDC
14,1.0126729464775712,2989225108745.741,126,S6_worst_case_no_intervention,indonesia,USDC
15,1.022966228781989,2989225108745.741,126,S6_worst_case_no_intervention,indonesia,USDC
16,1.0378629258945553,2989225108745.741,126,S6_worst_case_no_intervention,indonesia,USDC
17,1.03553344405046,2989225108745.741,126,S6_worst_case_no_intervention,indonesia,USDC
18,1.0218306489801947,2989225108745.741,126,S6_worst_case_no_intervention,indonesia,USDC
19,1.0361277665912936,2989225108745.741,126,S6_worst_case_no_intervention,indonesia,USDC
20,1.051199482624275,2989225108745.741,126,S6_worst_case_no_intervention,indonesia,USDC
21,1.031214544932126,2989225108745.741,126,S6_worst_case_no_intervention,indonesia,USDC
22,1.0363410629836403,2989225108745.741,126,S6_worst_case_no_intervention,indonesia,USDC
23,1.0315710411247723,2989225108745.741,126,S6_worst_case_no_intervention,indonesia,USDC
24,0.9939682557986294,2989225108745.741,126,S6_worst_case_no_intervention,indonesia,USDC
25,0.9948273835562178,2989225108745.741,126,S6_worst_case_no_intervention,indonesia,USDC
26,0.9928447955184241,2989225108745.741,126,S6_worst_case_no_intervention,indonesia,USDC
27,0.9949067995849428,2989225108745.741,126,S6_worst_case_no_intervention,indonesia,USDC
28,0.9932656673811713,2989225108745.741,126,S6_worst_case_no_intervention,indonesia,USDC
29,0.9713099885807226,2989225108745.741,126,S6_worst_case_no_intervention,indonesia,USDC
30,0.9750282050373843,2989225108745.741,126,S6_worst_case_no_intervention,indonesia,USDC
31,0.9728982848965596,2989225108745.741,126,S6_worst_case_no_intervention,indonesia,USDC
32,0.9599845917927159,2989225108745.741,126,S6_worst_case_no_intervention,indonesia,USDC
33,0.9506142398867411,2988632549773.618,126,S6_worst_case_no_intervention,indonesia,USDC
34,0.9758967898677716,2987466276225.4146,126,S6_worst_case_no_intervention,indonesia,USDC
35,0.9819487448800197,2987466276225.4146,126,S6_worst_case_no_intervention,indonesia,USDC
36,0.9687237231442818,2987466276225.4146,126,S6_worst_case_no_intervention,indonesia,USDC
37,0.9479033882286607,2987399474380.107,126,S6_worst_case_no_intervention,indonesia,USDC
38,0.9801821732876557,2986129053129.849,126,S6_worst_case_no_intervention,indonesia,USDC
39,0.989276818635757,2986129053129.849,126,S6_worst_case_no_intervention,indonesia,USDC
40,1.0027261321703493,2986129053129.849,126,S6_worst_case_no_intervention,indonesia,USDC
41,1.0124747531534877,2986129053129.849,126,S6_worst_case_no_intervention,indonesia,USDC
42,1.00385016310141,2986129053129.849,126,S6_worst_case_no_intervention,indonesia,USDC
43,0.9965443649016075,2986129053129.849,126,S6_worst_case_no_intervention,indonesia,USDC
44,0.9904977681733551,2986129053129.849,126,S6_worst_case_no_intervention,indonesia,USDC
45,0.9608679949040109,2986129053129.849,126,S6_worst_case_no_intervention,indonesia,USDC
46,0.9546874547955907,2985608244147.411,126,S6_worst_case_no_intervention,indonesia,USDC
47,0.9351857443196169,2984765149796.2217,126,S6_worst_case_no_intervention,indonesia,USDC
48,0.9370216284903874,2982823301287.617,126,S6_worst_case_no_intervention,indonesia,USDC
49,0.9304597285202159,2981070282682.9067,126,S6_worst_case_no_intervention,indonesia,USDC
50,0.9341017455724508,2978991089440.8867,126,S6_worst_case_no_intervention,indonesia,USDC
51,0.9636894178279217,2977221631834.4014,126,S6_worst_case_no_intervention,indonesia,USDC
52,0.9900555339883386,2976911396997.747,126,S6_worst_case_no_intervention,indonesia,USDC
53,0.9813989622761209,2976911396997.747,126,S6_worst_case_no_intervention,indonesia,USDC
54,0.9787545189608411,2976911396997.747,126,S6_worst_case_no_intervention,indonesia,USDC
55,0.9833388744713022,2976911396997.747,126,S6_worst_case_no_intervention,indonesia,USDC
56,0.975345513231137,2976911396997.747,126,S6_worst_case_no_intervention,indonesia,USDC
57,0.9409304135361765,2976911396997.747,126,S6_worst_case_no_intervention,indonesia,USDC
58,0.9222330625658618,2975509916289.9653,126,S6_worst_case_no_intervention,indonesia,USDC
59,0.9240129849970399,2973245935733.37,126,S6_worst_case_no_intervention,indonesia,USDC
60,0.9244064168888636,2971173650799.8916,126,S6_worst_case_no_intervention,indonesia,USDC
61,0.9553543695837479,2969216499895.6074,126,S6_worst_case_no_intervention,indonesia,USDC
62,0.9543178186549591,2968644083840.9805,126,S6_worst_case_no_intervention,indonesia,USDC
63,0.9571146247002366,2968011806272.6655,126,S6_worst_case_no_intervention,indonesia,USDC
64,0.9374176359424817,2967526685726.2085,126,S6_worst_case_no_intervention,indonesia,USDC
65,0.9227539484028481,2966269697874.31,126,S6_worst_case_no_intervention,indonesia,USDC
66,0.9280135637408582,2964480471238.09,126,S6_worst_case_no_intervention,indonesia,USDC
67,0.9059129666377681,2962967874961.876,126,S6_worst_case_no_intervention,indonesia,USDC
68,0.88993447498022,2960787153221.074,126,S6_worst_case_no_intervention,indonesia,USDC
69,0.9200164198333098,2958304113903.2896,126,S6_worst_case_no_intervention,indonesia,USDC
70,0.9293502465156727,2956889809323.411,126,S6_worst_case_no_intervention,indonesia,USDC
71,0.9108051823350196,2955743469738.6646,126,S6_worst_case_no_intervention,indonesia,USDC
72,0.9395559196599372,2954168899895.83,126,S6_worst_case_no_intervention,indonesia,USDC
73,0.9668882547310466,2953395761955.989,126,S6_worst_case_no_intervention,indonesia,USDC
74,0.9026564423910213,2953337289058.8076,126,S6_worst_case_no_intervention,indonesia,USDC
75,0.9199512034256541,2951684811846.9414,126,S6_worst_case_no_intervention,indonesia,USDC
76,0.9418030492594034,2950563575990.534,126,S6_worst_case_no_intervention,indonesia,USDC
77,0.975403684812934,2949967845097.7207,126,S6_worst_case_no_intervention,indonesia,USDC
78,0.9594896457547902,2949967845097.7207,126,S6_worst_case_no_intervention,indonesia,USDC
79,0.9543376631368835,2949746451199.4473,126,S6_worst_case_no_intervention,indonesia,USDC
80,0.9365683645685368,2949456967339.117,126,S6_worst_case_no_intervention,indonesia,USDC
81,0.960738313334454,2948787511468.967,126,S6_worst_case_no_intervention,indonesia,USDC
82,0.9554457487361773,2948635546697.159,126,S6_worst_case_no_intervention,indonesia,USDC
83,0.9670133528796352,2948373357705.3574,126,S6_worst_case_no_intervention,indonesia,USDC
84,0.9910484492869476,2948342653790.96,126,S6_worst_case_no_intervention,indonesia,USDC
85,1.0018219278048628,2948342653790.96,126,S6_worst_case_no_intervention,indonesia,USDC
86,0.9671341579738009,2948342653790.96,126,S6_worst_case_no_intervention,indonesia,USDC
87,0.9677246065968973,2948305488742.051,126,S6_worst_case_no_intervention,indonesia,USDC
88,0.9576155611326423,2948288955641.991,126,S6_worst_case_no_intervention,indonesia,USDC
89,0.9474919409974903,2948086180449.7446,126,S6_worst_case_no_intervention,indonesia,USDC
90,0.9640462902810262,2947655725058.4966,126,S6_worst_case_no_intervention,indonesia,USDC
91,0.9580592133268014,2947565521699.762,126,S6_worst_case_no_intervention,indonesia,USDC
92,0.9372531900267919,2947380777548.1597,126,S6_worst_case_no_intervention,indonesia,USDC
93,0.9273471221539511,2946797069920.583,126,S6_worst_case_no_intervention,indonesia,USDC
94,0.9441950136671421,2946038039744.7617,126,S6_worst_case_no_intervention,indonesia,USDC
95,0.9389211273773261,2945614883210.171,126,S6_worst_case_no_intervention,indonesia,USDC
96,0.935192153171545,2945099695836.0044,126,S6_worst_case_no_intervention,indonesia,USDC
97,0.9787882987210667,2944575937857.335,126,S6_worst_case_no_intervention,indonesia,USDC
98,0.9918494976165441,2944575937857.335,126,S6_worst_case_no_intervention,indonesia,USDC
99,1.0179396667698892,2944575937857.335,126,S6_worst_case_no_intervention,indonesia,USDC
100,1.0321442222734187,2944575937857.335,126,S6_worst_case_no_intervention,indonesia,USDC
101,0.8913157599525978,2944575937857.335,126,S6_worst_case_no_intervention,indonesia,USDC
102,0.9181728478281556,2943412274778.7715,126,S6_worst_case_no_intervention,indonesia,USDC
103,0.9465190113892518,2942690422495.4736,126,S6_worst_case_no_intervention,indonesia,USDC
104,0.9528188448455401,2942408241622.66,126,S6_worst_case_no_intervention,indonesia,USDC
105,0.9425930617239625,2942190529043.974,126,S6_worst_case_no_intervention,indonesia,USDC
106,0.9367802798776009,2941832964160.4062,126,S6_worst_case_no_intervention,indonesia,USDC
107,0.9063801000452616,2941438452788.82,126,S6_worst_case_no_intervention,indonesia,USDC
108,0.9237618121822352,2940657761973.4785,126,S6_worst_case_no_intervention,indonesia,USDC
109,0.8942682237431911,2940171287951.63,126,S6_worst_case_no_intervention,indonesia,USDC
110,0.9122187495762268,2939398869309.161,126,S6_worst_case_no_intervention,indonesia,USDC
111,0.8949716564392319,2938841229175.53,126,S6_worst_case_no_intervention,indonesia,USDC
112,0.9109998041305266,2938155251321.7036,126,S6_worst_case_no_intervention,indonesia,USDC
113,0.9223344291653868,2937630950241.637,126,S6_worst_case_no_intervention,indonesia,USDC
114,0.9447388061383124,2937254933028.951,126,S6_worst_case_no_intervention,indonesia,USDC
115,0.9620161044209184,2937053897721.285,126,S6_worst_case_no_intervention,indonesia,USDC
116,0.9841865778557621,2937001927756.1143,126,S6_worst_case_no_intervention,indonesia,USDC
117,1.0015682087327353,2937001927756.1143,126,S6_worst_case_no_intervention,indonesia,USDC
118,1.0115493000774898,2937001927756.1143,126,S6_worst_case_no_intervention,indonesia,USDC
119,0.9908761571844671,2937001927756.1143,126,S6_worst_case_no_intervention,indonesia,USDC
120,0.9786245754450178,2937001927756.1143,126,S6_worst_case_no_intervention,indonesia,USDC
121,0.9479943468970311,2863576879562.211,126,S6_worst_case_no_intervention,indonesia,USDC
122,0.9064004762024492,2791828669778.635,126,S6_worst_case_no_intervention,indonesia,USDC
123,0.9093209485860507,2721566049757.508,126,S6_worst_case_no_intervention,indonesia,USDC
124,0.8925955223100747,2653141745500.792,126,S6_worst_case_no_intervention,indonesia,USDC
125,0.8835765510300632,2586324652802.803,126,S6_worst_case_no_intervention,indonesia,USDC
126,0.8722237466831051,2521151518919.8843,126,S6_worst_case_no_intervention,indonesia,USDC
127,0.8755264811716976,2457603599782.1997,126,S6_worst_case_no_intervention,indonesia,USDC
128,0.8487197441826065,2395701241282.6475,126,S6_worst_case_no_intervention,indonesia,USDC
129,0.8250916490925229,2335295192147.8477,126,S6_worst_case_no_intervention,indonesia,USDC
130,0.8035481860541722,2276349533905.437,126,S6_worst_case_no_intervention,indonesia,USDC
131,0.8299670828711789,2218911937247.7197,126,S6_worst_case_no_intervention,indonesia,USDC
132,0.8267370850088112,2163068261654.6636,126,S6_worst_case_no_intervention,indonesia,USDC
133,0.8149040042630986,2108671359216.768,126,S6_worst_case_no_intervention,indonesia,USDC
134,0.8121406857708305,2055636818410.4954,126,S6_worst_case_no_intervention,indonesia,USDC
135,0.8195112853913042,2003974191947.9282,126,S6_worst_case_no_intervention,indonesia,USDC
136,0.8127810292397989,1953666575221.7969,126,S6_worst_case_no_intervention,indonesia,USDC
137,0.79480079028159,1904635957182.1377,126,S6_worst_case_no_intervention,indonesia,USDC
138,0.7963963421154907,1856839326088.3042,126,S6_worst_case_no_intervention,indonesia,USDC
139,0.7700259293614908,1810274515384.254,126,S6_worst_case_no_intervention,indonesia,USDC
140,0.8070875705255236,1764878273914.4106,126,S6_worst_case_no_intervention,indonesia,USDC
141,0.8086766778466143,1720666178592.771,126,S6_worst_case_no_intervention,indonesia,USDC
142,0.8174594165176736,1677575256070.9985,126,S6_worst_case_no_intervention,indonesia,USDC
143,0.7959262182014633,1635578463765.0977,126,S6_worst_case_no_intervention,indonesia,USDC
144,0.7936790912015383,1594634702371.7769,126,S6_worst_case_no_intervention,indonesia,USDC
145,0.6918696739530863,1554724239750.3271,126,S6_worst_case_no_intervention,indonesia,USDC
146,0.7012032717070393,1515796510732.563,126,S6_worst_case_no_intervention,indonesia,USDC
147,0.7107241307470196,1477859848899.555,126,S6_worst_case_no_intervention,indonesia,USDC
148,0.7060025941712836,1440882717811.3562,126,S6_worst_case_no_intervention,indonesia,USDC
149,0.7329485995093201,1404837794779.6418,126,S6_worst_case_no_intervention,indonesia,USDC
150,0.7515758903410971,1369701913016.2297,126,S6_worst_case_no_intervention,indonesia,USDC
151,0.7624390343645758,1335449166139.7856,126,S6_worst_case_no_intervention,indonesia,USDC
152,0.7427295365584557,1302055236919.125,126,S6_worst_case_no_intervention,indonesia,USDC
153,0.7627140566753832,1269497350176.4114,126,S6_worst_case_no_intervention,indonesia,USDC
154,0.7458203746113936,1237755528695.3167,126,S6_worst_case_no_intervention,indonesia,USDC
155,0.7629750960398151,1206807774432.6152,126,S6_worst_case_no_intervention,indonesia,USDC
156,0.7752188116327448,1176634693405.5256,126,S6_worst_case_no_intervention,indonesia,USDC
157,0.7684222646145594,1147216689783.2488,126,S6_worst_case_no_intervention,indonesia,USDC
158,0.7586728594337461,1118534505655.8591,126,S6_worst_case_no_intervention,indonesia,USDC
159,0.7693493844855579,1090569759399.5872,126,S6_worst_case_no_intervention,indonesia,USDC
160,0.7652072391149018,1063304428939.9463,126,S6_worst_case_no_intervention,indonesia,USDC
161,0.760105959353502,1036720934830.4412,126,S6_worst_case_no_intervention,indonesia,USDC
162,0.7715129789078468,1010802207447.1957,126,S6_worst_case_no_intervention,indonesia,USDC
163,0.8003138419827454,985531635825.5662,126,S6_worst_case_no_intervention,indonesia,USDC
164,0.8169629622032758,960892989057.6719,126,S6_worst_case_no_intervention,indonesia,USDC
165,0.8151651249834055,936870385023.4176,126,S6_worst_case_no_intervention,indonesia,USDC
166,0.8025672921471942,913448396302.7917,126,S6_worst_case_no_intervention,indonesia,USDC
167,0.8085180650587208,890611975681.1226,126,S6_worst_case_no_intervention,indonesia,USDC
168,0.7947806200386452,868346495410.3218,126,S6_worst_case_no_intervention,indonesia,USDC
169,0.7926507558152606,846637669432.4125,126,S6_worst_case_no_intervention,indonesia,USDC
170,0.8219962496687861,825471599956.7888,126,S6_worst_case_no_intervention,indonesia,USDC
171,0.8553435861424565,804834720007.6157,126,S6_worst_case_no_intervention,indonesia,USDC
172,0.8264182942830797,784713792603.2234,126,S6_worst_case_no_intervention,indonesia,USDC
173,0.8315080749098634,765095881713.6934,126,S6_worst_case_no_intervention,indonesia,USDC
174,0.8683138423208749,745968430028.6758,126,S6_worst_case_no_intervention,indonesia,USDC
175,0.8364081209151838,727319183191.759,126,S6_worst_case_no_intervention,indonesia,USDC
176,0.8429925181173239,709136162892.8073,126,S6_worst_case_no_intervention,indonesia,USDC
177,0.8443881334039084,691407725241.9993,126,S6_worst_case_no_intervention,indonesia,USDC
178,0.8359582798247198,674122501828.3885,126,S6_worst_case_no_intervention,indonesia,USDC
179,0.8479322791037511,657269411152.5121,126,S6_worst_case_no_intervention,indonesia,USDC
180,0.8576994046449076,640837655171.553,126,S6_worst_case_no_intervention,indonesia,USDC
181,0.8305212620596104,624816697013.2007,126,S6_worst_case_no_intervention,indonesia,USDC
182,0.7967540540368657,609196259751.1091,126,S6_worst_case_no_intervention,indonesia,USDC
183,0.7848856353174036,593966333398.5679,126,S6_worst_case_no_intervention,indonesia,USDC
184,0.7584495344196289,579117156673.898,126,S6_worst_case_no_intervention,indonesia,USDC
185,0.7495165504728886,564639210999.3096,126,S6_worst_case_no_intervention,indonesia,USDC
186,0.7388268364165168,550523216921.5804,126,S6_worst_case_no_intervention,indonesia,USDC
187,0.7590185171346467,536760125411.0508,126,S6_worst_case_no_intervention,indonesia,USDC
188,0.7931086782480901,523341113962.483,126,S6_worst_case_no_intervention,indonesia,USDC
189,0.8064290587028273,510257580872.9531,126,S6_worst_case_no_intervention,indonesia,USDC
190,0.7876814365959375,497501137357.0094,126,S6_worst_case_no_intervention,indonesia,USDC
191,0.7837447695521019,485063605263.69806,126,S6_worst_case_no_intervention,indonesia,USDC
192,0.7847582463111303,472937011926.86694,126,S6_worst_case_no_intervention,indonesia,USDC
193,0.7683559987478099,461113584042.9866,126,S6_worst_case_no_intervention,indonesia,USDC
194,0.754684471649944,449585742154.209,126,S6_worst_case_no_intervention,indonesia,USDC
195,0.766515913249983,438346096617.0224,126,S6_worst_case_no_intervention,indonesia,USDC
196,0.7590367345668144,427387442743.3064,126,S6_worst_case_no_intervention,indonesia,USDC
197,0.7689188166155054,416702755548.22485,126,S6_worst_case_no_intervention,indonesia,USDC
198,0.7727373505771944,406285185772.0213,126,S6_worst_case_no_intervention,indonesia,USDC
199,0.776343201875879,396128055433.6974,126,S6_worst_case_no_intervention,indonesia,USDC
200,0.7877854880728062,386224853502.55524,126,S6_worst_case_no_intervention,indonesia,USDC
201,0.7774665656653597,376569231752.5077,126,S6_worst_case_no_intervention,indonesia,USDC
202,0.7749670052823442,367155000610.2387,126,S6_worst_case_no_intervention,indonesia,USDC
203,0.794655341252084,357976125303.00977,126,S6_worst_case_no_intervention,indonesia,USDC
204,0.8228665692322632,349026721964.1192,126,S6_worst_case_no_intervention,indonesia,USDC
205,0.8179041572628118,340301053772.3379,126,S6_worst_case_no_intervention,indonesia,USDC
206,0.8565072881941924,331793527299.2914,126,S6_worst_case_no_intervention,indonesia,USDC
207,0.8560276424186346,323498689035.47363,126,S6_worst_case_no_intervention,indonesia,USDC
208,0.8907946498616401,315411221737.2801,126,S6_worst_case_no_intervention,indonesia,USDC
209,0.8925458203823978,307525941149.5371,126,S6_worst_case_no_intervention,indonesia,USDC
210,0.8677838254936311,299837792581.89105,126,S6_worst_case_no_intervention,indonesia,USDC
211,0.8229460496174015,292341847717.5537,126,S6_worst_case_no_intervention,indonesia,USDC
212,0.8121059040697166,285033301460.5323,126,S6_worst_case_no_intervention,indonesia,USDC
213,0.8358537482182727,277907468869.117,126,S6_worst_case_no_intervention,indonesia,USDC
214,0.8262232997939748,270959782107.0755,126,S6_worst_case_no_intervention,indonesia,USDC
215,0.8154566817188548,264185787517.71533,126,S6_worst_case_no_intervention,indonesia,USDC
216,0.8066789923203552,257581142795.07343,126,S6_worst_case_no_intervention,indonesia,USDC
217,0.8246248327392913,251141614194.77887,126,S6_worst_case_no_intervention,indonesia,USDC
218,0.8105178233035577,244863073815.68948,126,S6_worst_case_no_intervention,indonesia,USDC
219,0.8177782726880327,238741496948.59238,126,S6_worst_case_no_intervention,indonesia,USDC
220,0.8183744338222463,232772959507.46094,126,S6_worst_case_no_intervention,indonesia,USDC
221,0.8214151863490807,226953635505.0406,126,S6_worst_case_no_intervention,indonesia,USDC
222,0.8397456502353202,221279794604.6195,126,S6_worst_case_no_intervention,indonesia,USDC
223,0.820810374445039,215747799730.39032,126,S6_worst_case_no_intervention,indonesia,USDC
224,0.8243550433490204,210354104728.22226,126,S6_worst_case_no_intervention,indonesia,USDC
225,0.8011413220592913,205095252102.10196,126,S6_worst_case_no_intervention,indonesia,USDC
226,0.8225867792488727,199967870792.2102,126,S6_worst_case_no_intervention,indonesia,USDC
227,0.8300847412757928,194968674016.82858,126,S6_worst_case_no_intervention,indonesia,USDC
228,0.8220364489828279,190094457161.89758,126,S6_worst_case_no_intervention,indonesia,USDC
229,0.8317725048813791,185342095728.84055,126,S6_worst_case_no_intervention,indonesia,USDC
230,0.8363202880881846,180708543332.35965,126,S6_worst_case_no_intervention,indonesia,USDC
231,0.8315399971259725,176190829746.28027,126,S6_worst_case_no_intervention,indonesia,USDC
232,0.8643511995471717,171786059000.1973,126,S6_worst_case_no_intervention,indonesia,USDC
233,0.8326016245042385,167491407523.6731,126,S6_worst_case_no_intervention,indonesia,USDC
234,0.8397751025310657,163304122333.80057,126,S6_worst_case_no_intervention,indonesia,USDC
235,0.8422458785690857,159221519273.9296,126,S6_worst_case_no_intervention,indonesia,USDC
236,0.8366496156417681,155240981290.8077,126,S6_worst_case_no_intervention,indonesia,USDC
237,0.8395848300731534,151359956757.35205,126,S6_worst_case_no_intervention,indonesia,USDC
238,0.8548656494739252,147575957837.4354,126,S6_worst_case_no_intervention,indonesia,USDC
239,0.8160538857162389,143886558890.76126,126,S6_worst_case_no_intervention,indonesia,USDC
240,0.815069808362995,140289394917.5559,126,S6_worst_case_no_intervention,indonesia,USDC
241,0.8161048112261597,136782160043.82425,126,S6_worst_case_no_intervention,indonesia,USDC
242,0.8092392913971997,133362606042.0932,126,S6_worst_case_no_intervention,indonesia,USDC
243,0.8094712482393022,130028540890.47815,126,S6_worst_case_no_intervention,indonesia,USDC
244,0.8071560395845605,126777827367.7438,126,S6_worst_case_no_intervention,indonesia,USDC
245,0.8001483952257119,123608381683.14725,126,S6_worst_case_no_intervention,indonesia,USDC
246,0.792352512569222,120518172140.72295,126,S6_worst_case_no_intervention,indonesia,USDC
247,0.7761872064797534,117505217836.8968,126,S6_worst_case_no_intervention,indonesia,USDC
248,0.7626011982939644,114567587390.6968,126,S6_worst_case_no_intervention,indonesia,USDC
249,0.7910855081893042,111703397705.69437,126,S6_worst_case_no_intervention,indonesia,USDC
250,0.8020641879242075,108910812762.89032,126,S6_worst_case_no_intervention,indonesia,USDC
251,0.8106564409282344,106188042443.69023,126,S6_worst_case_no_intervention,indonesia,USDC
252,0.814791304476,103533341382.49261,126,S6_worst_case_no_intervention,indonesia,USDC
253,0.8264922837445409,100945007847.84451,126,S6_worst_case_no_intervention,indonesia,USDC
254,0.80456510277595,98421382651.58449,126,S6_worst_case_no_intervention,indonesia,USDC
255,0.8079493054437997,95960848085.23288,126,S6_worst_case_no_intervention,indonesia,USDC
256,0.799950693144025,93561826883.05006,126,S6_worst_case_no_intervention,indonesia,USDC
257,0.7977733724051513,91222781210.92888,126,S6_worst_case_no_intervention,indonesia,USDC
258,0.8065231390863759,88942211680.6153,126,S6_worst_case_no_intervention,indonesia,USDC
259,0.7753098817073497,86718656388.56966,126,S6_worst_case_no_intervention,indonesia,USDC
260,0.7637506083341853,84550689978.82455,126,S6_worst_case_no_intervention,indonesia,USDC
261,0.7963983509248798,82436922729.32819,126,S6_worst_case_no_intervention,indonesia,USDC
262,0.8240027489528557,80375999661.0774,126,S6_worst_case_no_intervention,indonesia,USDC
263,0.8274771437944333,78366599669.53827,126,S6_worst_case_no_intervention,indonesia,USDC
264,0.8120620305857488,76407434677.7901,126,S6_worst_case_no_intervention,indonesia,USDC
265,0.805096902790193,74497248810.83585,126,S6_worst_case_no_intervention,indonesia,USDC
266,0.7952922581284892,72634817590.55661,126,S6_worst_case_no_intervention,indonesia,USDC
267,0.8031982445754385,70818947150.78499,126,S6_worst_case_no_intervention,indonesia,USDC
268,0.8030211527545229,69048473472.00943,126,S6_worst_case_no_intervention,indonesia,USDC
269,0.7926690979868934,67322261635.20447,126,S6_worst_case_no_intervention,indonesia,USDC
270,0.7808684056207423,65639205094.32007,126,S6_worst_case_no_intervention,indonesia,USDC
271,0.7799867406496375,63998224966.9582,126,S6_worst_case_no_intervention,indonesia,USDC
272,0.7731137449461452,62398269342.78105,126,S6_worst_case_no_intervention,indonesia,USDC
273,0.7499347447560265,60838312609.20891,126,S6_worst_case_no_intervention,indonesia,USDC
274,0.7650658111423083,59317354793.976395,126,S6_worst_case_no_intervention,indonesia,USDC
275,0.7579063668930337,57834420924.125275,126,S6_worst_case_no_intervention,indonesia,USDC
276,0.7576359124814966,56388560401.020775,126,S6_worst_case_no_intervention,indonesia,USDC
277,0.7736813281729493,54978846390.99418,126,S6_worst_case_no_intervention,indonesia,USDC
278,0.7710290800448873,53604375231.21855,126,S6_worst_case_no_intervention,indonesia,USDC
279,0.7744384732744287,52264265850.437454,126,S6_worst_case_no_intervention,indonesia,USDC
280,0.7626238093230717,50957659204.17601,126,S6_worst_case_no_intervention,indonesia,USDC
281,0.7691597279765151,49683717724.07115,126,S6_worst_case_no_intervention,indonesia,USDC
282,0.7857929300439745,48441624780.96903,126,S6_worst_case_no_intervention,indonesia,USDC
283,0.779297809123113,47230584161.44456,126,S6_worst_case_no_intervention,indonesia,USDC
284,0.7884881705971489,46049819557.40823,126,S6_worst_case_no_intervention,indonesia,USDC
285,0.7797174212200553,44898574068.47287,126,S6_worst_case_no_intervention,indonesia,USDC
286,0.7936821991647349,43776109716.76092,126,S6_worst_case_no_intervention,indonesia,USDC
287,0.8057115214418588,42681706973.84179,126,S6_worst_case_no_intervention,indonesia,USDC
288,0.7910939163398311,41614664299.49566,126,S6_worst_case_no_intervention,indonesia,USDC
289,0.8122339213285311,40574297692.0082,126,S6_worst_case_no_intervention,indonesia,USDC
290,0.8270943268799186,39559940249.70795,126,S6_worst_case_no_intervention,indonesia,USDC
291,0.8091617831536712,38570941743.46521,126,S6_worst_case_no_intervention,indonesia,USDC
292,0.8377228477437924,37606668199.87853,126,S6_worst_case_no_intervention,indonesia,USDC
293,0.7120697272572344,36666501494.881546,126,S6_worst_case_no_intervention,indonesia,USDC
294,0.7256827523280314,35749838957.50946,126,S6_worst_case_no_intervention,indonesia,USDC
295,0.7484622445903178,34856092983.5717,126,S6_worst_case_no_intervention,indonesia,USDC
296,0.7535594365681291,33984690658.982384,126,S6_worst_case_no_intervention,indonesia,USDC
297,0.7768122827250158,33135073392.507805,126,S6_worst_case_no_intervention,indonesia,USDC
298,0.7674742315891325,32306696557.695095,126,S6_worst_case_no_intervention,indonesia,USDC
299,0.7818710574324401,31499029143.752705,126,S6_worst_case_no_intervention,indonesia,USDC
300,0.7957382984642396,30711553415.158882,126,S6_worst_case_no_intervention,indonesia,USDC
301,0.7911071739395759,29943764579.7799,126,S6_worst_case_no_intervention,indonesia,USDC
302,0.7996737864654281,29195170465.2854,126,S6_worst_case_no_intervention,indonesia,USDC
303,0.8047337036613715,28465291203.653263,126,S6_worst_case_no_intervention,indonesia,USDC
304,0.7987082519475618,27753658923.561928,126,S6_worst_case_no_intervention,indonesia,USDC
305,0.8043382290493344,27059817450.472878,126,S6_worst_case_no_intervention,indonesia,USDC
306,0.7808606230363425,26383322014.211056,126,S6_worst_case_no_intervention,indonesia,USDC
307,0.7662339813884624,25723738963.85578,126,S6_worst_case_no_intervention,indonesia,USDC
308,0.7940335954519603,25080645489.759388,126,S6_worst_case_no_intervention,indonesia,USDC
309,0.7945309489763182,24453629352.5154,126,S6_worst_case_no_intervention,indonesia,USDC
310,0.7917899505402194,23842288618.702515,126,S6_worst_case_no_intervention,indonesia,USDC
311,0.779556394516246,23246231403.23495,126,S6_worst_case_no_intervention,indonesia,USDC
312,0.7654555916947328,22665075618.15408,126,S6_worst_case_no_intervention,indonesia,USDC
313,0.7774399451420386,22098448727.700226,126,S6_worst_case_no_intervention,indonesia,USDC
314,0.7918629880930231,21545987509.50772,126,S6_worst_case_no_intervention,indonesia,USDC
315,0.8028565933754297,21007337821.77003,126,S6_worst_case_no_intervention,indonesia,USDC
316,0.8033296802433137,20482154376.225777,126,S6_worst_case_no_intervention,indonesia,USDC
317,0.7866180612886755,19970100516.820133,126,S6_worst_case_no_intervention,indonesia,USDC
318,0.803937404681512,19470848003.89963,126,S6_worst_case_no_intervention,indonesia,USDC
319,0.78251365042287,18984076803.80214,126,S6_worst_case_no_intervention,indonesia,USDC
320,0.7773680540288351,18509474883.70709,126,S6_worst_case_no_intervention,indonesia,USDC
321,0.779200881793457,18046738011.61441,126,S6_worst_case_no_intervention,indonesia,USDC
322,0.7662075677237206,17595569561.32405,126,S6_worst_case_no_intervention,indonesia,USDC
323,0.8063154750785574,17155680322.290947,126,S6_worst_case_no_intervention,indonesia,USDC
324,0.794632784872337,16726788314.233675,126,S6_worst_case_no_intervention,indonesia,USDC
325,0.8155492761493204,16308618606.377834,126,S6_worst_case_no_intervention,indonesia,USDC
326,0.8296371651003859,15900903141.218388,126,S6_worst_case_no_intervention,indonesia,USDC
327,0.8442390038151426,15503380562.687927,126,S6_worst_case_no_intervention,indonesia,USDC
328,0.8394032875596533,15115796048.620731,126,S6_worst_case_no_intervention,indonesia,USDC
329,0.8569335543266691,14737901147.405212,126,S6_worst_case_no_intervention,indonesia,USDC
330,0.8218838375303372,14369453618.720081,126,S6_worst_case_no_intervention,indonesia,USDC
331,0.8343943557426219,14010217278.252079,126,S6_worst_case_no_intervention,indonesia,USDC
332,0.8545830016808789,13659961846.295778,126,S6_worst_case_no_intervention,indonesia,USDC
333,0.843621456354822,13318462800.138384,126,S6_worst_case_no_intervention,indonesia,USDC
334,0.8343979635215331,12985501230.134926,126,S6_worst_case_no_intervention,indonesia,USDC
335,0.7998764560882787,12660863699.381554,126,S6_worst_case_no_intervention,indonesia,USDC
336,0.8015618314552332,12344342106.897015,126,S6_worst_case_no_intervention,indonesia,USDC
337,0.7893613873254743,12035733554.224588,126,S6_worst_case_no_intervention,indonesia,USDC
338,0.8168300505458645,11734840215.368975,126,S6_worst_case_no_intervention,indonesia,USDC
339,0.8418290324041753,11441469209.984749,126,S6_worst_case_no_intervention,indonesia,USDC
340,0.8316259552666825,11155432479.73513,126,S6_worst_case_no_intervention,indonesia,USDC
341,0.8424266737643753,10876546667.741753,126,S6_worst_case_no_intervention,indonesia,USDC
342,0.8327058903498205,10604633001.04821,126,S6_worst_case_no_intervention,indonesia,USDC
343,0.8339333621448688,10339517176.022003,126,S6_worst_case_no_intervention,indonesia,USDC
344,0.8432121041586014,10081029246.621454,126,S6_worst_case_no_intervention,indonesia,USDC
345,0.8289058392626556,9829003515.455917,126,S6_worst_case_no_intervention,indonesia,USDC
346,0.8212311499278557,9583278427.569519,126,S6_worst_case_no_intervention,indonesia,USDC
347,0.8464107698681341,9343696466.880281,126,S6_worst_case_no_intervention,indonesia,USDC
348,0.820279135078177,9110104055.208275,126,S6_worst_case_no_intervention,indonesia,USDC
349,0.8375307521114245,8882351453.828068,126,S6_worst_case_no_intervention,indonesia,USDC
350,0.8341697326340248,8660292667.482367,126,S6_worst_case_no_intervention,indonesia,USDC
351,0.836880330893563,8443785350.795307,126,S6_worst_case_no_intervention,indonesia,USDC
352,0.8147691317593292,8232690717.025424,126,S6_worst_case_no_intervention,indonesia,USDC
353,0.7748142697154277,8026873449.099789,126,S6_worst_case_no_intervention,indonesia,USDC
354,0.7805119050823763,7826201612.872293,126,S6_worst_case_no_intervention,indonesia,USDC
355,0.7522700195360766,7630546572.550486,126,S6_worst_case_no_intervention,indonesia,USDC
356,0.7210702902834988,7439782908.236724,126,S6_worst_case_no_intervention,indonesia,USDC
357,0.7528499589329115,7253788335.530806,126,S6_worst_case_no_intervention,indonesia,USDC
358,0.7626208023749429,7072443627.142535,126,S6_worst_case_no_intervention,indonesia,USDC
359,0.7920011245516871,6895632536.463972,126,S6_worst_case_no_intervention,indonesia,USDC
360,0.78572073939293,6723241723.052373,126,S6_worst_case_no_intervention,indonesia,USDC
361,0.8103601237399087,6555160679.976063,126,S6_worst_case_no_intervention,indonesia,USDC
362,0.7931076103455583,6391281662.976662,126,S6_worst_case_no_intervention,indonesia,USDC
363,0.8148755970716044,6231499621.4022455,126,S6_worst_case_no_intervention,indonesia,USDC
364,0.76346559950971,6075712130.867189,126,S6_worst_case_no_intervention,indonesia,USDC
365,0.7533515819456287,5923819327.5955105,126,S6_worst_case_no_intervention,indonesia,USDC
366,0.7665284502156525,5775723844.4056225,126,S6_worst_case_no_intervention,indonesia,USDC
367,0.7666802494953509,5631330748.295482,126,S6_worst_case_no_intervention,indonesia,USDC
368,0.7891984502852419,5490547479.588095,126,S6_worst_case_no_intervention,indonesia,USDC
369,0.7893841757588527,5353283792.5983925,126,S6_worst_case_no_intervention,indonesia,USDC
370,0.7871754645996097,5219451697.783432,126,S6_worst_case_no_intervention,indonesia,USDC
371,0.7916316936110308,5088965405.338846,126,S6_worst_case_no_intervention,indonesia,USDC
372,0.7948662493366011,4961741270.205376,126,S6_worst_case_no_intervention,indonesia,USDC
373,0.7913571857503626,4837697738.450241,126,S6_worst_case_no_intervention,indonesia,USDC
374,0.806213705842936,4716755294.988985,126,S6_worst_case_no_intervention,indonesia,USDC
375,0.8235053776018951,4598836412.614261,126,S6_worst_case_no_intervention,indonesia,USDC
376,0.8223443891609447,4483865502.298904,126,S6_worst_case_no_intervention,indonesia,USDC
377,0.794441524176691,4371768864.741432,126,S6_worst_case_no_intervention,indonesia,USDC
378,0.8070239483001127,4262474643.122896,126,S6_worst_case_no_intervention,indonesia,USDC
379,0.7836888979285634,4155912777.0448236,126,S6_worst_case_no_intervention,indonesia,USDC
380,0.7939708013923032,4052014957.618703,126,S6_worst_case_no_intervention,indonesia,USDC
381,0.8107676290877456,3950714583.6782355,126,S6_worst_case_no_intervention,indonesia,USDC
382,0.8376126533998417,3851946719.08628,126,S6_worst_case_no_intervention,indonesia,USDC
383,0.8283987564742636,3755648051.109123,126,S6_worst_case_no_intervention,indonesia,USDC
384,0.8047898964204063,3661756849.831394,126,S6_worst_case_no_intervention,indonesia,USDC
385,0.6853719743700352,3570212928.5856104,126,S6_worst_case_no_intervention,indonesia,USDC
386,0.6839462122064309,3480957605.37097,126,S6_worst_case_no_intervention,indonesia,USDC
387,0.7208387681688674,3393933665.2366953,126,S6_worst_case_no_intervention,indonesia,USDC
388,0.7456608529069079,3309085323.6057777,126,S6_worst_case_no_intervention,indonesia,USDC
389,0.7531258001277034,3226358190.515633,126,S6_worst_case_no_intervention,indonesia,USDC
390,0.7631125580499295,3145699235.7527423,126,S6_worst_case_no_intervention,indonesia,USDC
391,0.7777719591946397,3067056754.858924,126,S6_worst_case_no_intervention,indonesia,USDC
392,0.8118848545830354,2990380335.9874506,126,S6_worst_case_no_intervention,indonesia,USDC
393,0.7979351800908885,2915620827.5877643,126,S6_worst_case_no_intervention,indonesia,USDC
394,0.8088125265823907,2842730306.8980703,126,S6_worst_case_no_intervention,indonesia,USDC
395,0.8016108109432495,2771662049.2256184,126,S6_worst_case_no_intervention,indonesia,USDC
396,0.799486203433515,2702370497.994978,126,S6_worst_case_no_intervention,indonesia,USDC
397,0.8146308308342431,2634811235.5451035,126,S6_worst_case_no_intervention,indonesia,USDC
398,0.8141638228115122,2568940954.656476,126,S6_worst_case_no_intervention,indonesia,USDC
399,0.8068342491188655,2504717430.7900643,126,S6_worst_case_no_intervention,indonesia,USDC
400,0.8157530256042637,2442099495.0203123,126,S6_worst_case_no_intervention,indonesia,USDC
401,0.8266620501341753,2381047007.644805,126,S6_worst_case_no_intervention,indonesia,USDC
402,0.8336653310374583,2321520832.453685,126,S6_worst_case_no_intervention,indonesia,USDC
403,0.8430338454459663,2263482811.6423426,126,S6_worst_case_no_intervention,indonesia,USDC
404,0.8451389033855278,2206895741.351284,126,S6_worst_case_no_intervention,indonesia,USDC
405,0.8745910325163176,2151723347.817502,126,S6_worst_case_no_intervention,indonesia,USDC
406,0.8618898215244415,2097930264.1220644,126,S6_worst_case_no_intervention,indonesia,USDC
407,0.8572348591790023,2045482007.5190125,126,S6_worst_case_no_intervention,indonesia,USDC
408,0.8537153326213015,1994344957.3310375,126,S6_worst_case_no_intervention,indonesia,USDC
409,0.8294002992217907,1944486333.3977613,126,S6_worst_case_no_intervention,indonesia,USDC
410,0.8332252086445183,1895874175.0628176,126,S6_worst_case_no_intervention,indonesia,USDC
411,0.8327686615608793,1848477320.6862469,126,S6_worst_case_no_intervention,indonesia,USDC
412,0.8418426066089459,1802265387.6690907,126,S6_worst_case_no_intervention,indonesia,USDC
413,0.8381819720048155,1757208752.9773636,126,S6_worst_case_no_intervention,indonesia,USDC
414,0.7931297798136695,1713278534.1529295,126,S6_worst_case_no_intervention,indonesia,USDC
415,0.7861456309850432,1670446570.7991064,126,S6_worst_case_no_intervention,indonesia,USDC
416,0.7775549112677442,1628685406.5291286,126,S6_worst_case_no_intervention,indonesia,USDC
417,0.7894015989725409,1587968271.3659003,126,S6_worst_case_no_intervention,indonesia,USDC
418,0.8208122490526718,1548269064.5817528,126,S6_worst_case_no_intervention,indonesia,USDC
419,0.8032040378664366,1509562337.9672089,126,S6_worst_case_no_intervention,indonesia,USDC
420,0.8115758652237538,1471823279.5180287,126,S6_worst_case_no_intervention,indonesia,USDC
421,0.7886266490046964,1435027697.530078,126,S6_worst_case_no_intervention,indonesia,USDC
422,0.7880667906635468,1399152005.091826,126,S6_worst_case_no_intervention,indonesia,USDC
423,0.8251722292674252,1364173204.9645305,126,S6_worst_case_no_intervention,indonesia,USDC
424,0.8040141551687384,1330068874.8404171,126,S6_worst_case_no_intervention,indonesia,USDC
425,0.815306760077382,1296817152.9694068,126,S6_worst_case_no_intervention,indonesia,USDC
426,0.8174420864655562,1264396724.1451716,126,S6_worst_case_no_intervention,indonesia,USDC
427,0.8215810624890122,1232786806.0415423,126,S6_worst_case_no_intervention,indonesia,USDC
428,0.83586682725319,1201967135.890504,126,S6_worst_case_no_intervention,indonesia,USDC
429,0.8353879688575894,1171917957.4932413,126,S6_worst_case_no_intervention,indonesia,USDC
430,0.8527317922172567,1142620008.55591,126,S6_worst_case_no_intervention,indonesia,USDC
431,0.8503942094932666,1114054508.3420124,126,S6_worst_case_no_intervention,indonesia,USDC
432,0.8466750356761384,1086203145.633462,126,S6_worst_case_no_intervention,indonesia,USDC
433,0.8258499029923017,1059048066.9926256,126,S6_worst_case_no_intervention,indonesia,USDC
434,0.8075895665993585,1032571865.3178098,126,S6_worst_case_no_intervention,indonesia,USDC
435,0.8031905084008819,1006757568.6848646,126,S6_worst_case_no_intervention,indonesia,USDC
436,0.8005905627242702,981588629.4677432,126,S6_worst_case_no_intervention,indonesia,USDC
437,0.805334246722577,957048913.7310495,126,S6_worst_case_no_intervention,indonesia,USDC
438,0.789799331640907,933122690.8877733,126,S6_worst_case_no_intervention,indonesia,USDC
439,0.8263195351885195,909794623.6155791,126,S6_worst_case_no_intervention,indonesia,USDC
440,0.8180921948267825,887049758.0251896,126,S6_worst_case_no_intervention,indonesia,USDC
441,0.8579157174112693,864873514.0745597,126,S6_worst_case_no_intervention,indonesia,USDC
442,0.8356755191724786,843251676.2226957,126,S6_worst_case_no_intervention,indonesia,USDC
443,0.825353782316315,822170384.3171284,126,S6_worst_case_no_intervention,indonesia,USDC
444,0.8127830510358761,801616124.7092001,126,S6_worst_case_no_intervention,indonesia,USDC
445,0.829910259275182,781575721.5914702,126,S6_worst_case_no_intervention,indonesia,USDC
446,0.8263537944207154,762036328.5516834,126,S6_worst_case_no_intervention,indonesia,USDC
447,0.7878632987191412,742985420.3378913,126,S6_worst_case_no_intervention,indonesia,USDC
448,0.7788820567401742,724410784.829444,126,S6_worst_case_no_intervention,indonesia,USDC
449,0.7936556256854018,706300515.2087079,126,S6_worst_case_no_intervention,indonesia,USDC
450,0.8023488425633447,688643002.3284903,126,S6_worst_case_no_intervention,indonesia,USDC
451,0.7989271183557068,671426927.270278,126,S6_worst_case_no_intervention,indonesia,USDC
452,0.8211145974413262,654641254.088521,126,S6_worst_case_no_intervention,indonesia,USDC
453,0.8364444949126218,638275222.736308,126,S6_worst_case_no_intervention,indonesia,USDC
454,0.8299548652115237,622318342.1679003,126,S6_worst_case_no_intervention,indonesia,USDC
455,0.8249813041591211,606760383.6137028,126,S6_worst_case_no_intervention,indonesia,USDC
456,0.814319440511474,591591374.0233603,126,S6_worst_case_no_intervention,indonesia,USDC
457,0.7901631818771137,576801589.6727762,126,S6_worst_case_no_intervention,indonesia,USDC
458,0.7755201982409929,562381549.9309568,126,S6_worst_case_no_intervention,indonesia,USDC
459,0.8125759780690279,548322011.1826828,126,S6_worst_case_no_intervention,indonesia,USDC
460,0.8333752645074063,534613960.90311575,126,S6_worst_case_no_intervention,indonesia,USDC
461,0.8634684173007361,521248611.88053787,126,S6_worst_case_no_intervention,indonesia,USDC
462,0.8686145931201933,508217396.58352447,126,S6_worst_case_no_intervention,indonesia,USDC
463,0.8499506891308606,495511961.6689364,126,S6_worst_case_no_intervention,indonesia,USDC
464,0.8551947320370061,483124162.6272129,126,S6_worst_case_no_intervention,indonesia,USDC
465,0.8223471908936827,471046058.5615326,126,S6_worst_case_no_intervention,indonesia,USDC
466,0.8115886862569422,459269907.09749424,126,S6_worst_case_no_intervention,indonesia,USDC
467,0.8140524919478638,447788159.4200568,126,S6_worst_case_no_intervention,indonesia,USDC
468,0.8136741498414504,436593455.4345555,126,S6_worst_case_no_intervention,indonesia,USDC
469,0.8234657003517578,425678619.0486916,126,S6_worst_case_no_intervention,indonesia,USDC
470,0.804472945090471,415036653.5724743,126,S6_worst_case_no_intervention,indonesia,USDC
471,0.8070824717545916,404660737.23316246,126,S6_worst_case_no_intervention,indonesia,USDC
472,0.8053940499348737,394544218.80233335,126,S6_worst_case_no_intervention,indonesia,USDC
473,0.7741085442161983,384680613.33227503,126,S6_worst_case_no_intervention,indonesia,USDC
474,0.7451421859107564,375063597.9989682,126,S6_worst_case_no_intervention,indonesia,USDC
475,0.7463085636427731,365687008.04899395,126,S6_worst_case_no_intervention,indonesia,USDC
476,0.7228793517544562,356544832.84776914,126,S6_worst_case_no_intervention,indonesia,USDC
477,0.709777830581667,347631212.0265749,126,S6_worst_case_no_intervention,indonesia,USDC
478,0.720240531829778,338940431.72591054,126,S6_worst_case_no_intervention,indonesia,USDC
479,0.6996881477376474,330466920.93276274,126,S6_worst_case_no_intervention,indonesia,USDC
480,0.7106438082579762,322205247.9094437,126,S6_worst_case_no_intervention,indonesia,USDC
481,0.7487352063050068,314150116.7117076,126,S6_worst_case_no_intervention,indonesia,USDC
482,0.7837207467441466,306296363.7939149,126,S6_worst_case_no_intervention,indonesia,USDC
483,0.7664889070580743,298638954.699067,126,S6_worst_case_no_intervention,indonesia,USDC
484,0.7917928201834358,291172980.83159035,126,S6_worst_case_no_intervention,indonesia,USDC
485,0.7886523955965371,283893656.3108006,126,S6_worst_case_no_intervention,indonesia,USDC
486,0.7903348236365481,276796314.90303063,126,S6_worst_case_no_intervention,indonesia,USDC
487,0.7779522600210403,269876407.0304548,126,S6_worst_case_no_intervention,indonesia,USDC
488,0.7914910360070914,263129496.85469344,126,S6_worst_case_no_intervention,indonesia,USDC
489,0.8055761003751664,256551259.4333261,126,S6_worst_case_no_intervention,indonesia,USDC
490,0.8333662614888684,250137477.94749293,126,S6_worst_case_no_intervention,indonesia,USDC
491,0.8346577261678609,243884040.9988056,126,S6_worst_case_no_intervention,indonesia,USDC
492,0.8152065246944781,237786939.97383547,126,S6_worst_case_no_intervention,indonesia,USDC
493,0.8154060255529955,231842266.47448957,126,S6_worst_case_no_intervention,indonesia,USDC
494,0.803715889195147,226046209.81262732,126,S6_worst_case_no_intervention,indonesia,USDC
495,0.8168149156402579,220395054.56731167,126,S6_worst_case_no_intervention,indonesia,USDC
496,0.7964266130589785,214885178.20312887,126,S6_worst_case_no_intervention,indonesia,USDC
497,0.8124569046497666,209513048.74805063,126,S6_worst_case_no_intervention,indonesia,USDC
498,0.7773795664645924,204275222.5293494,126,S6_worst_case_no_intervention,indonesia,USDC
499,0.7708071345753387,199168341.96611565,126,S6_worst_case_no_intervention,indonesia,USDC
500,0.7705793529000166,194189133.41696274,126,S6_worst_case_no_intervention,indonesia,USDC
501,0.7710592619586148,189334405.08153868,126,S6_worst_case_no_intervention,indonesia,USDC
502,0.7935031529672554,184601044.9545002,126,S6_worst_case_no_intervention,indonesia,USDC
503,0.8072934621383819,179986018.8306377,126,S6_worst_case_no_intervention,indonesia,USDC
504,0.7964850111525749,175486368.35987175,126,S6_worst_case_no_intervention,indonesia,USDC
505,0.8136425696497273,171099209.15087494,126,S6_worst_case_no_intervention,indonesia,USDC
506,0.8045613850333083,166821728.92210308,126,S6_worst_case_no_intervention,indonesia,USDC
507,0.8198689947590876,162651185.6990505,126,S6_worst_case_no_intervention,indonesia,USDC
508,0.8215623699899164,158584906.05657423,126,S6_worst_case_no_intervention,indonesia,USDC
509,0.8156543746596195,154620283.4051599,126,S6_worst_case_no_intervention,indonesia,USDC
510,0.8001076733669452,150754776.3200309,126,S6_worst_case_no_intervention,indonesia,USDC
511,0.800925622288855,146985906.9120301,126,S6_worst_case_no_intervention,indonesia,USDC
512,0.7885382414750627,143311259.23922935,126,S6_worst_case_no_intervention,indonesia,USDC
513,0.7882684267188319,139728477.75824863,126,S6_worst_case_no_intervention,indonesia,USDC
514,0.7847772885284806,136235265.8142924,126,S6_worst_case_no_intervention,indonesia,USDC
515,0.7805420814905321,132829384.16893509,126,S6_worst_case_no_intervention,indonesia,USDC
516,0.785888593046121,129508649.5647117,126,S6_worst_case_no_intervention,indonesia,USDC
517,0.8072324136878489,126270933.32559392,126,S6_worst_case_no_intervention,indonesia,USDC
518,0.7981247711402624,123114159.99245405,126,S6_worst_case_no_intervention,indonesia,USDC
519,0.8164957444853536,120036305.99264272,126,S6_worst_case_no_intervention,indonesia,USDC
520,0.7847556495799525,117035398.34282663,126,S6_worst_case_no_intervention,indonesia,USDC
521,0.7905570362817208,114109513.38425598,126,S6_worst_case_no_intervention,indonesia,USDC
522,0.803953602167653,111256775.54964957,126,S6_worst_case_no_intervention,indonesia,USDC
523,0.8027499593257698,108475356.16090834,126,S6_worst_case_no_intervention,indonesia,USDC
524,0.7693603248836026,105763472.25688563,126,S6_worst_case_no_intervention,indonesia,USDC
525,0.7883332295572443,103119385.4504635,126,S6_worst_case_no_intervention,indonesia,USDC
526,0.7962568346433972,100541400.81420189,126,S6_worst_case_no_intervention,indonesia,USDC
527,0.7989669319406958,98027865.79384685,126,S6_worst_case_no_intervention,indonesia,USDC
528,0.7926669469330399,95577169.14900069,126,S6_worst_case_no_intervention,indonesia,USDC
529,0.8078907226618615,93187739.92027567,126,S6_worst_case_no_intervention,indonesia,USDC
530,0.7733048128062479,90858046.42226878,126,S6_worst_case_no_intervention,indonesia,USDC
531,0.8058026712497702,88586595.26171206,126,S6_worst_case_no_intervention,indonesia,USDC
532,0.7731474214363598,86371930.38016926,126,S6_worst_case_no_intervention,indonesia,USDC
533,0.7538130709460045,84212632.12066503,126,S6_worst_case_no_intervention,indonesia,USDC
534,0.7610906693145923,82107316.31764841,126,S6_worst_case_no_intervention,indonesia,USDC
535,0.7810886098450164,80054633.40970719,126,S6_worst_case_no_intervention,indonesia,USDC
536,0.7792076116468974,78053267.5744645,126,S6_worst_case_no_intervention,indonesia,USDC
537,0.7582735673437856,76101935.8851029,126,S6_worst_case_no_intervention,indonesia,USDC
538,0.7690938559687074,74199387.48797533,126,S6_worst_case_no_intervention,indonesia,USDC
539,0.7646497958369153,72344402.80077593,126,S6_worst_case_no_intervention,indonesia,USDC
540,0.7605129100435186,70535792.73075654,126,S6_worst_case_no_intervention,indonesia,USDC
541,0.7862464100889625,68772397.91248763,126,S6_worst_case_no_intervention,indonesia,USDC
542,0.7713972307615665,67053087.96467544,126,S6_worst_case_no_intervention,indonesia,USDC
543,0.767517342843552,65376760.765558556,126,S6_worst_case_no_intervention,indonesia,USDC
544,0.7540692768537718,63742341.746419586,126,S6_worst_case_no_intervention,indonesia,USDC
545,0.7752014554231637,62148783.2027591,126,S6_worst_case_no_intervention,indonesia,USDC
546,0.7789753194737791,60595063.62269012,126,S6_worst_case_no_intervention,indonesia,USDC
547,0.778709912891349,59080187.03212287,126,S6_worst_case_no_intervention,indonesia,USDC
548,0.7602968170769233,57603182.3563198,126,S6_worst_case_no_intervention,indonesia,USDC
549,0.7591375498582182,56163102.7974118,126,S6_worst_case_no_intervention,indonesia,USDC
550,0.7723204024265645,54759025.22747651,126,S6_worst_case_no_intervention,indonesia,USDC
551,0.7617576281378476,53390049.5967896,126,S6_worst_case_no_intervention,indonesia,USDC
552,0.7767827144436285,52055298.356869854,126,S6_worst_case_no_intervention,indonesia,USDC
553,0.7555958571919817,50753915.89794811,126,S6_worst_case_no_intervention,indonesia,USDC
554,0.7703518165240697,49485068.00049941,126,S6_worst_case_no_intervention,indonesia,USDC
555,0.7567080161860913,48247941.30048692,126,S6_worst_case_no_intervention,indonesia,USDC
556,0.7686958222017014,47041742.76797475,126,S6_worst_case_no_intervention,indonesia,USDC
557,0.7955839677038276,45865699.19877537,126,S6_worst_case_no_intervention,indonesia,USDC
558,0.7862035112697876,44719056.71880599,126,S6_worst_case_no_intervention,indonesia,USDC
559,0.7918989922336511,43601080.30083585,126,S6_worst_case_no_intervention,indonesia,USDC
560,0.8121724881952835,42511053.29331495,126,S6_worst_case_no_intervention,indonesia,USDC
561,0.8111503764476413,41448276.96098207,126,S6_worst_case_no_intervention,indonesia,USDC
562,0.7991514134438326,40412070.03695752,126,S6_worst_case_no_intervention,indonesia,USDC
563,0.8187025404966615,39401768.286033586,126,S6_worst_case_no_intervention,indonesia,USDC
564,0.8223259748354614,38416724.07888274,126,S6_worst_case_no_intervention,indonesia,USDC
565,0.8268048428577662,37456305.97691067,126,S6_worst_case_no_intervention,indonesia,USDC
566,0.8262399724086954,36519898.3274879,126,S6_worst_case_no_intervention,indonesia,USDC
567,0.8344177169365206,35606900.86930071,126,S6_worst_case_no_intervention,indonesia,USDC
568,0.8364810909719897,34716728.347568184,126,S6_worst_case_no_intervention,indonesia,USDC
569,0.830888910757781,33848810.138878986,126,S6_worst_case_no_intervention,indonesia,USDC
570,0.8830388141316018,33002589.885407012,126,S6_worst_case_no_intervention,indonesia,USDC
571,0.8648416874667594,32177525.13827184,126,S6_worst_case_no_intervention,indonesia,USDC
572,0.8581207680042539,31373087.00981504,126,S6_worst_case_no_intervention,indonesia,USDC
573,0.8540370215505609,30588759.834569663,126,S6_worst_case_no_intervention,indonesia,USDC
574,0.8346483367308903,29824040.83870542,126,S6_worst_case_no_intervention,indonesia,USDC
575,0.8478825593731696,29078439.817737788,126,S6_worst_case_no_intervention,indonesia,USDC
576,0.8381866566777486,28351478.82229434,126,S6_worst_case_no_intervention,indonesia,USDC
577,0.8355409125981653,27642691.85173698,126,S6_worst_case_no_intervention,indonesia,USDC
578,0.8377515017938363,26951624.55544356,126,S6_worst_case_no_intervention,indonesia,USDC
579,0.8227947232845729,26277833.94155747,126,S6_worst_case_no_intervention,indonesia,USDC
580,0.8184538429480313,25620888.09301853,126,S6_worst_case_no_intervention,indonesia,USDC
581,0.7906695978588864,24980365.89069307,126,S6_worst_case_no_intervention,indonesia,USDC
582,0.7908859633721154,24355856.74342574,126,S6_worst_case_no_intervention,indonesia,USDC
583,0.7969772893448146,23746960.3248401,126,S6_worst_case_no_intervention,indonesia,USDC
584,0.8068237480320918,23153286.316719096,126,S6_worst_case_no_intervention,indonesia,USDC
585,0.7996254687705157,22574454.15880112,126,S6_worst_case_no_intervention,indonesia,USDC
586,0.8058403536597578,22010092.80483109,126,S6_worst_case_no_intervention,indonesia,USDC
587,0.791373180275269,21459840.484710313,126,S6_worst_case_no_intervention,indonesia,USDC
588,0.7826202253757117,20923344.472592555,126,S6_worst_case_no_intervention,indonesia,USDC
589,0.7786541061503488,20400260.860777743,126,S6_worst_case_no_intervention,indonesia,USDC
590,0.7810690414423299,19890254.3392583,126,S6_worst_case_no_intervention,indonesia,USDC
591,0.774222206074793,19392997.980776843,126,S6_worst_case_no_intervention,indonesia,USDC
592,0.7606101236909891,18908173.03125742,126,S6_worst_case_no_intervention,indonesia,USDC
593,0.7742184383460231,18435468.705475986,126,S6_worst_case_no_intervention,indonesia,USDC
594,0.7748827967016721,17974581.987839088,126,S6_worst_case_no_intervention,indonesia,USDC
595,0.7687859428022964,17525217.438143108,126,S6_worst_case_no_intervention,indonesia,USDC
596,0.796921661248461,17087087.002189532,126,S6_worst_case_no_intervention,indonesia,USDC
597,0.7986710178675679,16659909.827134794,126,S6_worst_case_no_intervention,indonesia,USDC
598,0.7940188176082565,16243412.081456423,126,S6_worst_case_no_intervention,indonesia,USDC
599,0.8004184567038892,15837326.77942001,126,S6_worst_case_no_intervention,indonesia,USDC
600,0.7857238973710917,15441393.60993451,126,S6_worst_case_no_intervention,indonesia,USDC
601,0.7797945597558437,15055358.769686148,126,S6_worst_case_no_intervention,indonesia,USDC
602,0.7708475073771063,14678974.800443996,126,S6_worst_case_no_intervention,indonesia,USDC
603,0.7492313668058266,14312000.430432895,126,S6_worst_case_no_intervention,indonesia,USDC
604,0.7651332440092949,13954200.419672074,126,S6_worst_case_no_intervention,indonesia,USDC
605,0.6714807232219282,13605345.40918027,126,S6_worst_case_no_intervention,indonesia,USDC
606,0.7021829517073019,13265211.773950763,126,S6_worst_case_no_intervention,indonesia,USDC
607,0.7016880696768742,12933581.479601994,126,S6_worst_case_no_intervention,indonesia,USDC
608,0.7083324876031216,12610241.942611944,126,S6_worst_case_no_intervention,indonesia,USDC
609,0.7205865319694096,12294985.894046646,126,S6_worst_case_no_intervention,indonesia,USDC
610,0.7398436743159577,11987611.24669548,126,S6_worst_case_no_intervention,indonesia,USDC
611,0.7400171126948122,11687920.965528093,126,S6_worst_case_no_intervention,indonesia,USDC
612,0.7422625601219001,11395722.94138989,126,S6_worst_case_no_intervention,indonesia,USDC
613,0.7336152743664569,11110829.867855143,126,S6_worst_case_no_intervention,indonesia,USDC
614,0.7530197774907812,10833059.121158764,126,S6_worst_case_no_intervention,indonesia,USDC
615,0.7779018404517863,10562232.643129796,126,S6_worst_case_no_intervention,indonesia,USDC
616,0.7762410993356461,10298176.82705155,126,S6_worst_case_no_intervention,indonesia,USDC
617,0.7666833510888733,10040722.406375261,126,S6_worst_case_no_intervention,indonesia,USDC
618,0.7955340968018857,9789704.34621588,126,S6_worst_case_no_intervention,indonesia,USDC
619,0.7573127484478485,9544961.737560483,126,S6_worst_case_no_intervention,indonesia,USDC
620,0.7650243211092412,9306337.69412147,126,S6_worst_case_no_intervention,indonesia,USDC
621,0.7598428829440559,9073679.251768434,126,S6_worst_case_no_intervention,indonesia,USDC
622,0.7781149925355456,8846837.270474222,126,S6_worst_case_no_intervention,indonesia,USDC
623,0.7765038901109279,8625666.338712366,126,S6_worst_case_no_intervention,indonesia,USDC
624,0.7617704125808191,8410024.680244558,126,S6_worst_case_no_intervention,indonesia,USDC
625,0.7659548147233122,8199774.063238444,126,S6_worst_case_no_intervention,indonesia,USDC
626,0.767976570526655,7994779.711657484,126,S6_worst_case_no_intervention,indonesia,USDC
627,0.787410434880275,7794910.2188660465,126,S6_worst_case_no_intervention,indonesia,USDC
628,0.7747141720052058,7600037.463394396,126,S6_worst_case_no_intervention,indonesia,USDC
629,0.7803121532244061,7410036.526809536,126,S6_worst_case_no_intervention,indonesia,USDC
630,0.7985781499520239,7224785.613639297,126,S6_worst_case_no_intervention,indonesia,USDC
631,0.8037616969569559,7044165.973298315,126,S6_worst_case_no_intervention,indonesia,USDC
632,0.7903661871232832,6868061.823965858,126,S6_worst_case_no_intervention,indonesia,USDC
633,0.7760677501819552,6696360.278366711,126,S6_worst_case_no_intervention,indonesia,USDC
634,0.7767128660105768,6528951.271407543,126,S6_worst_case_no_intervention,indonesia,USDC
635,0.766806057014906,6365727.4896223545,126,S6_worst_case_no_intervention,indonesia,USDC
636,0.7473340107043255,6206584.302381797,126,S6_worst_case_no_intervention,indonesia,USDC
637,0.7462623505733545,6051419.694822251,126,S6_worst_case_no_intervention,indonesia,USDC
638,0.7585307423565084,5900134.202451695,126,S6_worst_case_no_intervention,indonesia,USDC
639,0.7779878027432178,5752630.847390402,126,S6_worst_case_no_intervention,indonesia,USDC
640,0.7700098849310009,5608815.076205642,126,S6_worst_case_no_intervention,indonesia,USDC
641,0.7872220274702404,5468594.699300501,126,S6_worst_case_no_intervention,indonesia,USDC
642,0.7977015572139413,5331879.831817988,126,S6_worst_case_no_intervention,indonesia,USDC
643,0.8183801661213365,5198582.836022539,126,S6_worst_case_no_intervention,indonesia,USDC
644,0.7977734384086459,5068618.265121975,126,S6_worst_case_no_intervention,indonesia,USDC
645,0.7796711195292595,4941902.808493926,126,S6_worst_case_no_intervention,indonesia,USDC
646,0.7846143707121561,4818355.238281578,126,S6_worst_case_no_intervention,indonesia,USDC
647,0.7992506448110427,4697896.357324539,126,S6_worst_case_no_intervention,indonesia,USDC
648,0.8108780628591237,4580448.9483914245,126,S6_worst_case_no_intervention,indonesia,USDC
649,0.8023299027038668,4465937.724681639,126,S6_worst_case_no_intervention,indonesia,USDC
650,0.7891204488818216,4354289.281564599,126,S6_worst_case_no_intervention,indonesia,USDC
651,0.7948858027534246,4245432.049525483,126,S6_worst_case_no_intervention,indonesia,USDC
652,0.769309846609616,4139296.248287346,126,S6_worst_case_no_intervention,indonesia,USDC
653,0.7679612857882132,4035813.842080162,126,S6_worst_case_no_intervention,indonesia,USDC
654,0.778875699567799,3934918.496028158,126,S6_worst_case_no_intervention,indonesia,USDC
655,0.7782004254910981,3836545.533627454,126,S6_worst_case_no_intervention,indonesia,USDC
656,0.7460961978946747,3740631.8952867677,126,S6_worst_case_no_intervention,indonesia,USDC
657,0.7273875102184736,3647116.0979045983,126,S6_worst_case_no_intervention,indonesia,USDC
658,0.7478892870042932,3555938.195456983,126,S6_worst_case_no_intervention,indonesia,USDC
659,0.7554379105039326,3467039.740570559,126,S6_worst_case_no_intervention,indonesia,USDC
660,0.7507726894378574,3380363.747056294,126,S6_worst_case_no_intervention,indonesia,USDC
661,0.7536554966458445,3295854.6533798873,126,S6_worst_case_no_intervention,indonesia,USDC
662,0.7638799055774312,3213458.28704539,126,S6_worst_case_no_intervention,indonesia,USDC
663,0.7726472700912737,3133121.8298692554,126,S6_worst_case_no_intervention,indonesia,USDC
664,0.7488044143489202,3054793.784122524,126,S6_worst_case_no_intervention,indonesia,USDC
665,0.7658087830319541,2978423.939519461,126,S6_worst_case_no_intervention,indonesia,USDC
666,0.7693638010583014,2903963.341031474,126,S6_worst_case_no_intervention,indonesia,USDC
667,0.7876002815233265,2831364.257505687,126,S6_worst_case_no_intervention,indonesia,USDC
668,0.7976426164169557,2760580.151068045,126,S6_worst_case_no_intervention,indonesia,USDC
669,0.7831433585690322,2691565.647291344,126,S6_worst_case_no_intervention,indonesia,USDC
670,0.7817814781689056,2624276.5061090603,126,S6_worst_case_no_intervention,indonesia,USDC
671,0.7591623340844503,2558669.593456334,126,S6_worst_case_no_intervention,indonesia,USDC
672,0.7459447465222837,2494702.8536199257,126,S6_worst_case_no_intervention,indonesia,USDC
673,0.7444093649147195,2432335.282279427,126,S6_worst_case_no_intervention,indonesia,USDC
674,0.7539331485795112,2371526.9002224416,126,S6_worst_case_no_intervention,indonesia,USDC
675,0.7634210717442831,2312238.727716881,126,S6_worst_case_no_intervention,indonesia,USDC
676,0.7526508778982623,2254432.759523959,126,S6_worst_case_no_intervention,indonesia,USDC
677,0.7528273853054824,2198071.9405358597,126,S6_worst_case_no_intervention,indonesia,USDC
678,0.7500933045639798,2143120.1420224635,126,S6_worst_case_no_intervention,indonesia,USDC
679,0.744589362007622,2089542.1384719016,126,S6_worst_case_no_intervention,indonesia,USDC
680,0.744201566124076,2037303.585010104,126,S6_worst_case_no_intervention,indonesia,USDC
681,0.767480168090868,1986370.9953848515,126,S6_worst_case_no_intervention,indonesia,USDC
682,0.7682470752821601,1936711.7205002303,126,S6_worst_case_no_intervention,indonesia,USDC
683,0.7625459168980234,1888293.9274877245,126,S6_worst_case_no_intervention,indonesia,USDC
684,0.7541146274820193,1841086.5793005314,126,S6_worst_case_no_intervention,indonesia,USDC
685,0.7558051108731438,1795059.4148180177,126,S6_worst_case_no_intervention,indonesia,USDC
686,0.7745736900890642,1750182.9294475676,126,S6_worst_case_no_intervention,indonesia,USDC
687,0.791568439648619,1706428.3562113782,126,S6_worst_case_no_intervention,indonesia,USDC
688,0.7848118600955536,1663767.647306094,126,S6_worst_case_no_intervention,indonesia,USDC
689,0.7837125335827171,1622173.4561234415,126,S6_worst_case_no_intervention,indonesia,USDC
690,0.8037395945634034,1581619.1197203556,126,S6_worst_case_no_intervention,indonesia,USDC
691,0.7954330557532834,1542078.6417273465,126,S6_worst_case_no_intervention,indonesia,USDC
692,0.795415045323891,1503526.6756841629,126,S6_worst_case_no_intervention,indonesia,USDC
693,0.794811794661064,1465938.508792059,126,S6_worst_case_no_intervention,indonesia,USDC
694,0.7613478067320212,1429290.0460722572,126,S6_worst_case_no_intervention,indonesia,USDC
695,0.7537145650892567,1393557.794920451,126,S6_worst_case_no_intervention,indonesia,USDC
696,0.7519825022935737,1358718.8500474398,126,S6_worst_case_no_intervention,indonesia,USDC
697,0.7521892108507559,1324750.8787962536,126,S6_worst_case_no_intervention,indonesia,USDC
698,0.7201381350834889,1291632.1068263473,126,S6_worst_case_no_intervention,indonesia,USDC
699,0.7187543051237046,1259341.3041556887,126,S6_worst_case_no_intervention,indonesia,USDC
700,0.7195735324663175,1227857.7715517965,126,S6_worst_case_no_intervention,indonesia,USDC
701,0.7200148677174809,1197161.3272630016,126,S6_worst_case_no_intervention,indonesia,USDC
702,0.7302590552113973,1167232.2940814265,126,S6_worst_case_no_intervention,indonesia,USDC
703,0.729865957433468,1138051.4867293907,126,S6_worst_case_no_intervention,indonesia,USDC
704,0.7161016722871206,1109600.1995611559,126,S6_worst_case_no_intervention,indonesia,USDC
705,0.7271807572087159,1081860.194572127,126,S6_worst_case_no_intervention,indonesia,USDC
706,0.7274395752399223,1054813.689707824,126,S6_worst_case_no_intervention,indonesia,USDC
707,0.7392888987339996,1028443.3474651284,126,S6_worst_case_no_intervention,indonesia,USDC
708,0.734834012484186,1002732.2637785001,126,S6_worst_case_no_intervention,indonesia,USDC
709,0.7572887029772595,977663.9571840377,126,S6_worst_case_no_intervention,indonesia,USDC
710,0.7661805236265891,953222.3582544369,126,S6_worst_case_no_intervention,indonesia,USDC
711,0.7530604051078421,929391.799298076,126,S6_worst_case_no_intervention,indonesia,USDC
712,0.750938360210555,906157.004315624,126,S6_worst_case_no_intervention,indonesia,USDC
713,0.7602485294226382,883503.0792077333,126,S6_worst_case_no_intervention,indonesia,USDC
714,0.7676938715265369,861415.50222754,126,S6_worst_case_no_intervention,indonesia,USDC
715,0.759156743286141,839880.1146718515,126,S6_worst_case_no_intervention,indonesia,USDC
716,0.7687367837127036,818883.1118050553,126,S6_worst_case_no_intervention,indonesia,USDC
717,0.7573258725327495,798411.0340099288,126,S6_worst_case_no_intervention,indonesia,USDC
718,0.7592755448352773,778450.7581596805,126,S6_worst_case_no_intervention,indonesia,USDC
719,0.7792854942855467,758989.4892056886,126,S6_worst_case_no_intervention,indonesia,USDC
720,0.77223971918018,740014.7519755464,126,S6_worst_case_no_intervention,indonesia,USDC
721,0.7620786565322967,721514.3831761577,126,S6_worst_case_no_intervention,indonesia,USDC
722,0.7465491238659431,703476.5235967537,126,S6_worst_case_no_intervention,indonesia,USDC
723,0.7753574602537265,685889.6105068349,126,S6_worst_case_no_intervention,indonesia,USDC
724,0.773039757433901,668742.370244164,126,S6_worst_case_no_intervention,indonesia,USDC
725,0.7665737987445763,652023.81098806,126,S6_worst_case_no_intervention,indonesia,USDC
726,0.7883391401744394,635723.2157133585,126,S6_worst_case_no_intervention,indonesia,USDC
727,0.7913723774588608,619830.1353205245,126,S6_worst_case_no_intervention,indonesia,USDC
728,0.7981493235237104,604334.3819375114,126,S6_worst_case_no_intervention,indonesia,USDC
729,0.8083683964157704,589226.0223890736,126,S6_worst_case_no_intervention,indonesia,USDC
730,0.7941302091008473,574495.3718293468,126,S6_worst_case_no_intervention,indonesia,USDC
731,0.8214877591000425,560132.9875336131,126,S6_worst_case_no_intervention,indonesia,USDC
732,0.8188953493238663,546129.6628452728,126,S6_worst_case_no_intervention,indonesia,USDC
733,0.8075647622677521,532476.421274141,126,S6_worst_case_no_intervention,indonesia,USDC
734,0.7912450438118228,519164.51074228744,126,S6_worst_case_no_intervention,indonesia,USDC
735,0.8120958842338095,506185.39797373035,126,S6_worst_case_no_intervention,indonesia,USDC
736,0.8033621895871618,493530.76302438707,126,S6_worst_case_no_intervention,indonesia,USDC
737,0.8180573898721365,481192.4939487774,126,S6_worst_case_no_intervention,indonesia,USDC
738,0.8256409426609607,469162.681600058,126,S6_worst_case_no_intervention,indonesia,USDC
739,0.8135815775437346,457433.6145600565,126,S6_worst_case_no_intervention,indonesia,USDC
740,0.8043687367507726,445997.77419605514,126,S6_worst_case_no_intervention,indonesia,USDC
741,0.795149291754038,434847.8298411537,126,S6_worst_case_no_intervention,indonesia,USDC
742,0.7972937059216394,423976.6340951249,126,S6_worst_case_no_intervention,indonesia,USDC
743,0.7929613549554902,413377.2182427467,126,S6_worst_case_no_intervention,indonesia,USDC
744,0.8045376690887753,403042.78778667806,126,S6_worst_case_no_intervention,indonesia,USDC
745,0.8186528037479236,392966.71809201105,126,S6_worst_case_no_intervention,indonesia,USDC
746,0.8440078335357984,383142.5501397108,126,S6_worst_case_no_intervention,indonesia,USDC
747,0.8152702188848789,373563.98638621805,126,S6_worst_case_no_intervention,indonesia,USDC
748,0.8217538656126414,364224.8867265626,126,S6_worst_case_no_intervention,indonesia,USDC
749,0.8233387797264013,355119.2645583985,126,S6_worst_case_no_intervention,indonesia,USDC
750,0.8134218379763304,346241.2829444385,126,S6_worst_case_no_intervention,indonesia,USDC
751,0.8365268744146916,337585.2508708276,126,S6_worst_case_no_intervention,indonesia,USDC
752,0.8157920330495853,329145.6195990569,126,S6_worst_case_no_intervention,indonesia,USDC
753,0.8173775129521653,320916.97910908045,126,S6_worst_case_no_intervention,indonesia,USDC
754,0.7989458887030852,312894.0546313535,126,S6_worst_case_no_intervention,indonesia,USDC
755,0.7940708427760226,305071.7032655696,126,S6_worst_case_no_intervention,indonesia,USDC
756,0.8120185007316618,297444.9106839303,126,S6_worst_case_no_intervention,indonesia,USDC
757,0.7964065148456639,290008.78791683214,126,S6_worst_case_no_intervention,indonesia,USDC
758,0.811625433251172,282758.5682189113,126,S6_worst_case_no_intervention,indonesia,USDC
759,0.8361760088710641,275689.6040134385,126,S6_worst_case_no_intervention,indonesia,USDC
760,0.8145679635563925,268797.36391310254,126,S6_worst_case_no_intervention,indonesia,USDC
761,0.8018482259794769,262077.42981527495,126,S6_worst_case_no_intervention,indonesia,USDC
762,0.7998027224352887,255525.4940698931,126,S6_worst_case_no_intervention,indonesia,USDC
763,0.7830569863038123,249137.35671814578,126,S6_worst_case_no_intervention,indonesia,USDC
764,0.770327996949694,242908.92280019214,126,S6_worst_case_no_intervention,indonesia,USDC
765,0.7517765451252463,236836.19973018736,126,S6_worst_case_no_intervention,indonesia,USDC
766,0.7809523555039679,230915.29473693267,126,S6_worst_case_no_intervention,indonesia,USDC
767,0.8081262277447164,225142.41236850934,126,S6_worst_case_no_intervention,indonesia,USDC
768,0.8426179116404783,219513.85205929662,126,S6_worst_case_no_intervention,indonesia,USDC
769,0.8327898057112757,214026.00575781416,126,S6_worst_case_no_intervention,indonesia,USDC
770,0.8063639945466312,208675.35561386883,126,S6_worst_case_no_intervention,indonesia,USDC
771,0.7882069386022276,203458.47172352212,126,S6_worst_case_no_intervention,indonesia,USDC
772,0.8019038753625451,198372.00993043405,126,S6_worst_case_no_intervention,indonesia,USDC
773,0.8004557323858809,193412.70968217318,126,S6_worst_case_no_intervention,indonesia,USDC
774,0.7953501197780039,188577.39194011886,126,S6_worst_case_no_intervention,indonesia,USDC
775,0.7972935541847824,183862.9571416159,126,S6_worst_case_no_intervention,indonesia,USDC
776,0.8042722288229548,179266.3832130755,126,S6_worst_case_no_intervention,indonesia,USDC
777,0.7995277854242453,174784.72363274862,126,S6_worst_case_no_intervention,indonesia,USDC
778,0.7889048702532986,170415.1055419299,126,S6_worst_case_no_intervention,indonesia,USDC
779,0.7983546848820741,166154.72790338163,126,S6_worst_case_no_intervention,indonesia,USDC
780,0.8015508765434277,162000.8597057971,126,S6_worst_case_no_intervention,indonesia,USDC
781,0.7882311485514509,157950.83821315216,126,S6_worst_case_no_intervention,indonesia,USDC
782,0.7631272060226084,154002.06725782336,126,S6_worst_case_no_intervention,indonesia,USDC
783,0.7697369875440597,150152.0155763778,126,S6_worst_case_no_intervention,indonesia,USDC
784,0.7458412979740541,146398.21518696833,126,S6_worst_case_no_intervention,indonesia,USDC
785,0.7699156964894843,142738.25980729412,126,S6_worst_case_no_intervention,indonesia,USDC
786,0.7748390930158343,139169.8033121118,126,S6_worst_case_no_intervention,indonesia,USDC
787,0.7790915215697258,135690.55822930898,126,S6_worst_case_no_intervention,indonesia,USDC
788,0.8017858779557557,132298.29427357626,126,S6_worst_case_no_intervention,indonesia,USDC
789,0.7985628432923876,128990.83691673685,126,S6_worst_case_no_intervention,indonesia,USDC
790,0.8023463162561959,125766.06599381843,126,S6_worst_case_no_intervention,indonesia,USDC
791,0.7925371296615018,122621.91434397298,126,S6_worst_case_no_intervention,indonesia,USDC
792,0.7768007153481782,119556.36648537366,126,S6_worst_case_no_intervention,indonesia,USDC
793,0.7884543665683521,116567.4573232393,126,S6_worst_case_no_intervention,indonesia,USDC
794,0.8017379687578688,113653.27089015832,126,S6_worst_case_no_intervention,indonesia,USDC
795,0.8197130969947549,110811.93911790437,126,S6_worst_case_no_intervention,indonesia,USDC
796,0.8252520999925167,108041.64063995675,126,S6_worst_case_no_intervention,indonesia,USDC
797,0.8199956589161801,105340.59962395785,126,S6_worst_case_no_intervention,indonesia,USDC
798,0.8318913547668829,102707.0846333589,126,S6_worst_case_no_intervention,indonesia,USDC
799,0.8088866173333077,100139.40751752492,126,S6_worst_case_no_intervention,indonesia,USDC
800,0.7871636608573966,97635.9223295868,126,S6_worst_case_no_intervention,indonesia,USDC
801,0.7663888000122514,95195.02427134712,126,S6_worst_case_no_intervention,indonesia,USDC
802,0.746912771083084,92815.14866456346,126,S6_worst_case_no_intervention,indonesia,USDC
803,0.7695981091083495,90494.76994794936,126,S6_worst_case_no_intervention,indonesia,USDC
804,0.7827285052732179,88232.40069925063,126,S6_worst_case_no_intervention,indonesia,USDC
805,0.7709758441541569,86026.59068176936,126,S6_worst_case_no_intervention,indonesia,USDC
806,0.7726998830123998,83875.92591472513,126,S6_worst_case_no_intervention,indonesia,USDC
807,0.7750744372887901,81779.027766857,126,S6_worst_case_no_intervention,indonesia,USDC
808,0.7871780199605184,79734.55207268558,126,S6_worst_case_no_intervention,indonesia,USDC
809,0.8014101526996834,77741.18827086844,126,S6_worst_case_no_intervention,indonesia,USDC
810,0.7933179090534795,75797.65856409672,126,S6_worst_case_no_intervention,indonesia,USDC
811,0.7894352640579031,73902.7170999943,126,S6_worst_case_no_intervention,indonesia,USDC
812,0.7692702361717811,72055.14917249445,126,S6_worst_case_no_intervention,indonesia,USDC
813,0.7859043732381273,70253.77044318209,126,S6_worst_case_no_intervention,indonesia,USDC
814,0.7839125800568679,68497.42618210254,126,S6_worst_case_no_intervention,indonesia,USDC
815,0.7644383641375169,66784.99052754998,126,S6_worst_case_no_intervention,indonesia,USDC
816,0.7539759439605667,65115.36576436122,126,S6_worst_case_no_intervention,indonesia,USDC
817,0.7570124543260635,63487.48162025219,126,S6_worst_case_no_intervention,indonesia,USDC
818,0.7416770100914719,61900.29457974588,126,S6_worst_case_no_intervention,indonesia,USDC
819,0.7666394524548468,60352.78721525223,126,S6_worst_case_no_intervention,indonesia,USDC
820,0.7797139058621316,58843.96753487093,126,S6_worst_case_no_intervention,indonesia,USDC
821,0.7638519030923374,57372.86834649915,126,S6_worst_case_no_intervention,indonesia,USDC
822,0.7581572676530435,55938.54663783667,126,S6_worst_case_no_intervention,indonesia,USDC
823,0.7563905196125117,54540.08297189075,126,S6_worst_case_no_intervention,indonesia,USDC
824,0.7519844303767005,53176.580897593485,126,S6_worst_case_no_intervention,indonesia,USDC
825,0.763160682790918,51847.16637515364,126,S6_worst_case_no_intervention,indonesia,USDC
826,0.7627123180204288,50550.9872157748,126,S6_worst_case_no_intervention,indonesia,USDC
827,0.7696837997599485,49287.21253538043,126,S6_worst_case_no_intervention,indonesia,USDC
828,0.7608015364716859,48055.03222199592,126,S6_worst_case_no_intervention,indonesia,USDC
829,0.7646363232931392,46853.65641644602,126,S6_worst_case_no_intervention,indonesia,USDC
830,0.7429020738534277,45682.31500603487,126,S6_worst_case_no_intervention,indonesia,USDC
831,0.7682100479494735,44540.257130884005,126,S6_worst_case_no_intervention,indonesia,USDC
832,0.7527289146967189,43426.750702611906,126,S6_worst_case_no_intervention,indonesia,USDC
833,0.7563072430388529,42341.081935046604,126,S6_worst_case_no_intervention,indonesia,USDC
834,0.7553694825167988,41282.55488667044,126,S6_worst_case_no_intervention,indonesia,USDC
835,0.7505240056086424,40250.491014503685,126,S6_worst_case_no_intervention,indonesia,USDC
836,0.7563352110684224,39244.22873914109,126,S6_worst_case_no_intervention,indonesia,USDC
837,0.752495654942138,38263.12302066256,126,S6_worst_case_no_intervention,indonesia,USDC
838,0.7265429141955374,37306.544945146,126,S6_worst_case_no_intervention,indonesia,USDC
839,0.6257846554605506,36373.88132151734,126,S6_worst_case_no_intervention,indonesia,USDC
840,0.6519651204079517,35464.534288479415,126,S6_worst_case_no_intervention,indonesia,USDC
841,0.5894784560669264,34577.92093126743,126,S6_worst_case_no_intervention,indonesia,USDC
842,0.6273029126760415,33713.47290798574,126,S6_worst_case_no_intervention,indonesia,USDC
843,0.6442806035709904,32870.636085286096,126,S6_worst_case_no_intervention,indonesia,USDC
844,0.6541698062155674,32048.870183153947,126,S6_worst_case_no_intervention,indonesia,USDC
845,0.6758907609666583,31247.6484285751,126,S6_worst_case_no_intervention,indonesia,USDC
846,0.7091302213562276,30466.45721786072,126,S6_worst_case_no_intervention,indonesia,USDC
847,0.7169635022073937,29704.7957874142,126,S6_worst_case_no_intervention,indonesia,USDC
848,0.734395404579419,28962.17589272885,126,S6_worst_case_no_intervention,indonesia,USDC
849,0.7466643649080542,28238.12149541063,126,S6_worst_case_no_intervention,indonesia,USDC
850,0.7626114446602862,27532.168458025364,126,S6_worst_case_no_intervention,indonesia,USDC
851,0.7610744681315162,26843.86424657473,126,S6_worst_case_no_intervention,indonesia,USDC
852,0.7457527179744141,26172.767640410362,126,S6_worst_case_no_intervention,indonesia,USDC
853,0.7080767693717398,25518.4484494001,126,S6_worst_case_no_intervention,indonesia,USDC
854,0.7064712469330982,24880.487238165093,126,S6_worst_case_no_intervention,indonesia,USDC
855,0.7178284246287427,24258.475057210966,126,S6_worst_case_no_intervention,indonesia,USDC
856,0.7233838821186122,23652.013180780694,126,S6_worst_case_no_intervention,indonesia,USDC
857,0.728644736487184,23060.712851261174,126,S6_worst_case_no_intervention,indonesia,USDC
858,0.747249859896223,22484.195029979644,126,S6_worst_case_no_intervention,indonesia,USDC
859,0.7867901790663654,21922.090154230154,126,S6_worst_case_no_intervention,indonesia,USDC
860,0.791593772113476,21374.037900374402,126,S6_worst_case_no_intervention,indonesia,USDC
861,0.795507726484342,20839.686952865042,126,S6_worst_case_no_intervention,indonesia,USDC
862,0.7924708146633946,20318.694779043413,126,S6_worst_case_no_intervention,indonesia,USDC
863,0.7968645467391935,19810.727409567327,126,S6_worst_case_no_intervention,indonesia,USDC
864,0.7936203009721424,19315.459224328144,126,S6_worst_case_no_intervention,indonesia,USDC
865,0.8080835452582097,18832.572743719942,126,S6_worst_case_no_intervention,indonesia,USDC
866,0.7970231318067,18361.75842512694,126,S6_worst_case_no_intervention,indonesia,USDC
867,0.7959707990768845,17902.714464498767,126,S6_worst_case_no_intervention,indonesia,USDC
868,0.8103179652092717,17455.1466028863,126,S6_worst_case_no_intervention,indonesia,USDC
869,0.8220116596550359,17018.76793781414,126,S6_worst_case_no_intervention,indonesia,USDC
870,0.8206778945832255,16593.298739368787,126,S6_worst_case_no_intervention,indonesia,USDC
871,0.8058247326371211,16178.466270884568,126,S6_worst_case_no_intervention,indonesia,USDC
872,0.8212422671569467,15774.004614112453,126,S6_worst_case_no_intervention,indonesia,USDC
873,0.8315176539811158,15379.654498759643,126,S6_worst_case_no_intervention,indonesia,USDC
874,0.8147850609754356,14995.163136290652,126,S6_worst_case_no_intervention,indonesia,USDC
875,0.7955713449706077,14620.284057883384,126,S6_worst_case_no_intervention,indonesia,USDC
876,0.7949703046602072,14254.776956436299,126,S6_worst_case_no_intervention,indonesia,USDC
877,0.8098746012710126,13898.407532525394,126,S6_worst_case_no_intervention,indonesia,USDC
878,0.8235095114991493,13550.947344212258,126,S6_worst_case_no_intervention,indonesia,USDC
879,0.803005677745823,13212.173660606952,126,S6_worst_case_no_intervention,indonesia,USDC
880,0.8231975621579576,12881.869319091777,126,S6_worst_case_no_intervention,indonesia,USDC
881,0.8300884506912515,12559.822586114482,126,S6_worst_case_no_intervention,indonesia,USDC
882,0.8221449657784569,12245.82702146162,126,S6_worst_case_no_intervention,indonesia,USDC
883,0.8623747760652868,11939.681345925079,126,S6_worst_case_no_intervention,indonesia,USDC
884,0.8520964143595027,11641.189312276952,126,S6_worst_case_no_intervention,indonesia,USDC
885,0.8179460326586803,11350.159579470028,126,S6_worst_case_no_intervention,indonesia,USDC
886,0.8278987167452796,11066.405589983277,126,S6_worst_case_no_intervention,indonesia,USDC
887,0.8316447463203088,10789.745450233695,126,S6_worst_case_no_intervention,indonesia,USDC
888,0.8365608995848616,10520.001813977853,126,S6_worst_case_no_intervention,indonesia,USDC
889,0.8330772729763715,10257.001768628408,126,S6_worst_case_no_intervention,indonesia,USDC
890,0.836133332027629,10000.576724412696,126,S6_worst_case_no_intervention,indonesia,USDC
891,0.8262492904834478,9750.56230630238,126,S6_worst_case_no_intervention,indonesia,USDC
892,0.8146399295008561,9506.79824864482,126,S6_worst_case_no_intervention,indonesia,USDC
893,0.7951764406301001,9269.1282924287,126,S6_worst_case_no_intervention,indonesia,USDC
894,0.7897223022839847,9037.40008511798,126,S6_worst_case_no_intervention,indonesia,USDC
895,0.8059168692935699,8811.465082990031,126,S6_worst_case_no_intervention,indonesia,USDC
896,0.8064984782985983,8591.178455915282,126,S6_worst_case_no_intervention,indonesia,USDC
897,0.7902017709191682,8376.3989945174,126,S6_worst_case_no_intervention,indonesia,USDC
898,0.783415298365085,8166.989019654464,126,S6_worst_case_no_intervention,indonesia,USDC
899,0.7719399127491942,7962.814294163103,126,S6_worst_case_no_intervention,indonesia,USDC
900,0.7689185818744741,7763.743936809025,126,S6_worst_case_no_intervention,indonesia,USDC
901,0.7385757160278784,7569.650338388799,126,S6_worst_case_no_intervention,indonesia,USDC
902,0.7710457259202466,7380.409079929079,126,S6_worst_case_no_intervention,indonesia,USDC
903,0.7772029235052662,7195.898852930853,126,S6_worst_case_no_intervention,indonesia,USDC
904,0.7648706623370766,7016.001381607582,126,S6_worst_case_no_intervention,indonesia,USDC
905,0.7767002397693709,6840.6013470673915,126,S6_worst_case_no_intervention,indonesia,USDC
906,0.7895871617216719,6669.586313390707,126,S6_worst_case_no_intervention,indonesia,USDC
907,0.8043440731609021,6502.846655555939,126,S6_worst_case_no_intervention,indonesia,USDC
908,0.7979385312512661,6340.275489167041,126,S6_worst_case_no_intervention,indonesia,USDC
909,0.8059767442409365,6181.768601937865,126,S6_worst_case_no_intervention,indonesia,USDC
910,0.8137520343777673,6027.2243868894175,126,S6_worst_case_no_intervention,indonesia,USDC
911,0.813658309590638,5876.543777217183,126,S6_worst_case_no_intervention,indonesia,USDC
912,0.7913888494027458,5729.630182786753,126,S6_worst_case_no_intervention,indonesia,USDC
913,0.8043299294837531,5586.389428217084,126,S6_worst_case_no_intervention,indonesia,USDC
914,0.8091799299802437,5446.729692511657,126,S6_worst_case_no_intervention,indonesia,USDC
915,0.8096153801951788,5310.561450198866,126,S6_worst_case_no_intervention,indonesia,USDC
916,0.8335503676556373,5177.797413943894,126,S6_worst_case_no_intervention,indonesia,USDC
917,0.8275345408314714,5048.352478595296,126,S6_worst_case_no_intervention,indonesia,USDC
918,0.8042894816040241,4922.1436666304135,126,S6_worst_case_no_intervention,indonesia,USDC
919,0.7851366328810268,4799.0900749646535,126,S6_worst_case_no_intervention,indonesia,USDC
920,0.7817248412183857,4679.112823090537,126,S6_worst_case_no_intervention,indonesia,USDC
921,0.7402626685340151,4562.135002513274,126,S6_worst_case_no_intervention,indonesia,USDC
922,0.7470099070526066,4448.081627450442,126,S6_worst_case_no_intervention,indonesia,USDC
923,0.7443304690770485,4336.87958676418,126,S6_worst_case_no_intervention,indonesia,USDC
924,0.7444642347964804,4228.457597095076,126,S6_worst_case_no_intervention,indonesia,USDC
925,0.7572213160244623,4122.7461571676995,126,S6_worst_case_no_intervention,indonesia,USDC
926,0.7509824059918213,4019.6775032385067,126,S6_worst_case_no_intervention,indonesia,USDC
927,0.729941317629156,3919.1855656575444,126,S6_worst_case_no_intervention,indonesia,USDC
928,0.7391148961242411,3821.205926516105,126,S6_worst_case_no_intervention,indonesia,USDC
929,0.7580981606366294,3725.6757783532025,126,S6_worst_case_no_intervention,indonesia,USDC
930,0.7707798570909554,3632.5338838943726,126,S6_worst_case_no_intervention,indonesia,USDC
931,0.7788475557218801,3541.7205367970137,126,S6_worst_case_no_intervention,indonesia,USDC
932,0.7591306319238512,3453.1775233770877,126,S6_worst_case_no_intervention,indonesia,USDC
933,0.7650271926471038,3366.848085292661,126,S6_worst_case_no_intervention,indonesia,USDC
934,0.7699576720624615,3282.676883160345,126,S6_worst_case_no_intervention,indonesia,USDC
935,0.7686618579008296,3200.6099610813358,126,S6_worst_case_no_intervention,indonesia,USDC
936,0.7760436609423333,3120.5947120543024,126,S6_worst_case_no_intervention,indonesia,USDC
937,0.7884978980387384,3042.579844252945,126,S6_worst_case_no_intervention,indonesia,USDC
938,0.8021046773173797,2966.5153481466214,126,S6_worst_case_no_intervention,indonesia,USDC
939,0.7728674721450665,2892.352464442956,126,S6_worst_case_no_intervention,indonesia,USDC
940,0.7843621835824286,2820.043652831882,126,S6_worst_case_no_intervention,indonesia,USDC
941,0.7665793220141643,2749.542561511085,126,S6_worst_case_no_intervention,indonesia,USDC
942,0.7614072244074029,2680.803997473308,126,S6_worst_case_no_intervention,indonesia,USDC
943,0.7519966634571248,2613.783897536475,126,S6_worst_case_no_intervention,indonesia,USDC
944,0.7744944464024455,2548.439300098063,126,S6_worst_case_no_intervention,indonesia,USDC
945,0.780564992376293,2484.7283175956118,126,S6_worst_case_no_intervention,indonesia,USDC
946,0.7737519451919598,2422.6101096557213,126,S6_worst_case_no_intervention,indonesia,USDC
947,0.790941696785586,2362.044856914328,126,S6_worst_case_no_intervention,indonesia,USDC
948,0.8032328624293119,2302.99373549147,126,S6_worst_case_no_intervention,indonesia,USDC
949,0.7891770798487038,2245.418892104183,126,S6_worst_case_no_intervention,indonesia,USDC
950,0.7928766851366227,2189.283419801579,126,S6_worst_case_no_intervention,indonesia,USDC
951,0.7992391967079899,2134.551334306539,126,S6_worst_case_no_intervention,indonesia,USDC
952,0.7922390691449066,2081.1875509488755,126,S6_worst_case_no_intervention,indonesia,USDC
953,0.7891983355287487,2029.1578621751537,126,S6_worst_case_no_intervention,indonesia,USDC
954,0.7871060057184504,1978.428915620775,126,S6_worst_case_no_intervention,indonesia,USDC
955,0.755833824381082,1928.9681927302556,126,S6_worst_case_no_intervention,indonesia,USDC
956,0.7680564372120452,1880.7439879119993,126,S6_worst_case_no_intervention,indonesia,USDC
957,0.7660232862707526,1833.725388214199,126,S6_worst_case_no_intervention,indonesia,USDC
958,0.7773589616749912,1787.882253508844,126,S6_worst_case_no_intervention,indonesia,USDC
959,0.8106723256441796,1743.185197171123,126,S6_worst_case_no_intervention,indonesia,USDC
960,0.7912291727163141,1699.6055672418452,126,S6_worst_case_no_intervention,indonesia,USDC
961,0.7802749116530908,1657.1154280607989,126,S6_worst_case_no_intervention,indonesia,USDC
962,0.7834626551795753,1615.6875423592792,126,S6_worst_case_no_intervention,indonesia,USDC
963,0.8077075550074353,1575.2953538002969,126,S6_worst_case_no_intervention,indonesia,USDC
964,0.7806111249877956,1535.9129699552896,126,S6_worst_case_no_intervention,indonesia,USDC
965,0.7625846665950297,1497.5151457064076,126,S6_worst_case_no_intervention,indonesia,USDC
966,0.7546779179361405,1460.0772670637473,126,S6_worst_case_no_intervention,indonesia,USDC
967,0.7812961926714093,1423.5753353871537,126,S6_worst_case_no_intervention,indonesia,USDC
968,0.7554135726718543,1387.9859520024747,126,S6_worst_case_no_intervention,indonesia,USDC
969,0.7682313160178211,1353.2863032024127,126,S6_worst_case_no_intervention,indonesia,USDC
970,0.7411065129171481,1319.4541456223524,126,S6_worst_case_no_intervention,indonesia,USDC
971,0.7696514234327533,1286.4677919817937,126,S6_worst_case_no_intervention,indonesia,USDC
972,0.7703121511254021,1254.3060971822488,126,S6_worst_case_no_intervention,indonesia,USDC
973,0.776418002131001,1222.9484447526925,126,S6_worst_case_no_intervention,indonesia,USDC
974,0.7930248877920618,1192.3747336338752,126,S6_worst_case_no_intervention,indonesia,USDC
975,0.7988195150527626,1162.5653652930284,126,S6_worst_case_no_intervention,indonesia,USDC
976,0.8091813678149514,1133.5012311607027,126,S6_worst_case_no_intervention,indonesia,USDC
977,0.818898722532757,1105.163700381685,126,S6_worst_case_no_intervention,indonesia,USDC
978,0.8250931352653176,1077.534607872143,126,S6_worst_case_no_intervention,indonesia,USDC
979,0.8336762938934873,1050.5962426753395,126,S6_worst_case_no_intervention,indonesia,USDC
980,0.8441584116428873,1024.3313366084558,126,S6_worst_case_no_intervention,indonesia,USDC
981,0.8405937838800667,998.7230531932444,126,S6_worst_case_no_intervention,indonesia,USDC
982,0.8213529745391142,973.7549768634134,126,S6_worst_case_no_intervention,indonesia,USDC
983,0.8090969006514123,949.411102441828,126,S6_worst_case_no_intervention,indonesia,USDC
984,0.8180687478750974,925.6758248807823,126,S6_worst_case_no_intervention,indonesia,USDC
985,0.7945793535211757,902.5339292587627,126,S6_worst_case_no_intervention,indonesia,USDC
986,0.7957721839102694,879.9705810272937,126,S6_worst_case_no_intervention,indonesia,USDC
987,0.7889360103814153,857.9713165016113,126,S6_worst_case_no_intervention,indonesia,USDC
988,0.8011795111414393,836.522033589071,126,S6_worst_case_no_intervention,indonesia,USDC
989,0.7737750885668283,815.6089827493442,126,S6_worst_case_no_intervention,indonesia,USDC
990,0.7954918682777675,795.2187581806107,126,S6_worst_case_no_intervention,indonesia,USDC
991,0.8033248793925367,775.3382892260954,126,S6_worst_case_no_intervention,indonesia,USDC
992,0.6917934608262548,755.954831995443,126,S6_worst_case_no_intervention,indonesia,USDC
993,0.7095114591707358,737.055961195557,126,S6_worst_case_no_intervention,indonesia,USDC
994,0.712340736266775,718.6295621656681,126,S6_worst_case_no_intervention,indonesia,USDC
995,0.7411493949884774,700.6638231115264,126,S6_worst_case_no_intervention,indonesia,USDC
996,0.7551059241731959,683.1472275337383,126,S6_worst_case_no_intervention,indonesia,USDC
997,0.744846485943857,666.0685468453947,126,S6_worst_case_no_intervention,indonesia,USDC
998,0.7247361781341538,649.4168331742599,126,S6_worst_case_no_intervention,indonesia,USDC
999,0.7492089063578381,633.1814123449034,126,S6_worst_case_no_intervention,indonesia,USDC
1000,0.7651979554862768,617.3518770362808,126,S6_worst_case_no_intervention,indonesia,USDC
