Step,price,liquidity,iteration,scenario,region,coin
1,0.9969652311933799,2990186050301.83,323,S6_worst_case_no_intervention,indonesia,USDC
2,0.9962216706965987,2990186050301.83,323,S6_worst_case_no_intervention,indonesia,USDC
3,1.0136045384294279,2990186050301.83,323,S6_worst_case_no_intervention,indonesia,USDC
4,1.0041176480304146,2990186050301.83,323,S6_worst_case_no_intervention,indonesia,USDC
5,1.0150981340374732,2990186050301.83,323,S6_worst_case_no_intervention,indonesia,USDC
6,0.9888354670442758,2990186050301.83,323,S6_worst_case_no_intervention,indonesia,USDC
7,1.002633372123946,2990186050301.83,323,S6_worst_case_no_intervention,indonesia,USDC
8,0.9918130047749288,2990186050301.83,323,S6_worst_case_no_intervention,indonesia,USDC
9,0.9703823266506227,2990186050301.83,323,S6_worst_case_no_intervention,indonesia,USDC
10,0.9991745067276886,2990186050301.83,323,S6_worst_case_no_intervention,indonesia,USDC
11,0.9889782985690917,2990186050301.83,323,S6_worst_case_no_intervention,indonesia,USDC
12,1.0142430276030958,2990186050301.83,323,S6_worst_case_no_intervention,indonesia,USDC
13,1.0016802571800092,2990186050301.83,323,S6_worst_case_no_intervention,indonesia,USDC
14,1.0282079381221974,2990186050301.83,323,S6_worst_case_no_intervention,indonesia,USDC
15,0.9869164899419135,2990186050301.83,323,S6_worst_case_no_intervention,indonesia,USDC
16,0.9837402480113241,2990186050301.83,323,S6_worst_case_no_intervention,indonesia,USDC
17,1.0014446337164362,2990186050301.83,323,S6_worst_case_no_intervention,indonesia,USDC
18,0.9999242214082802,2990186050301.83,323,S6_worst_case_no_intervention,indonesia,USDC
19,0.9900922479391705,2990186050301.83,323,S6_worst_case_no_intervention,indonesia,USDC
20,0.9970531224296977,2990186050301.83,323,S6_worst_case_no_intervention,indonesia,USDC
21,1.0081030272242582,2990186050301.83,323,S6_worst_case_no_intervention,indonesia,USDC
22,0.986802067360995,2990186050301.83,323,S6_worst_case_no_intervention,indonesia,USDC
23,0.976681723334569,2990186050301.83,323,S6_worst_case_no_intervention,indonesia,USDC
24,0.989941839123857,2990186050301.83,323,S6_worst_case_no_intervention,indonesia,USDC
25,0.9871296349237277,2990186050301.83,323,S6_worst_case_no_intervention,indonesia,USDC
26,0.9673277512918342,2990186050301.83,323,S6_worst_case_no_intervention,indonesia,USDC
27,0.9433093411688476,2990020756567.3047,323,S6_worst_case_no_intervention,indonesia,USDC
28,0.9739780857282335,2988418762542.6055,323,S6_worst_case_no_intervention,indonesia,USDC
29,0.9619557961755136,2988418762542.6055,323,S6_worst_case_no_intervention,indonesia,USDC
30,0.9880825559137341,2987955731050.396,323,S6_worst_case_no_intervention,indonesia,USDC
31,0.9857390606413208,2987955731050.396,323,S6_worst_case_no_intervention,indonesia,USDC
32,0.9808945707390867,2987955731050.396,323,S6_worst_case_no_intervention,indonesia,USDC
33,1.002290738963081,2987955731050.396,323,S6_worst_case_no_intervention,indonesia,USDC
34,1.0411394677478307,2987955731050.396,323,S6_worst_case_no_intervention,indonesia,USDC
35,1.0142942752635586,2987955731050.396,323,S6_worst_case_no_intervention,indonesia,USDC
36,1.0119132144620493,2987955731050.396,323,S6_worst_case_no_intervention,indonesia,USDC
37,1.0126891112617478,2987955731050.396,323,S6_worst_case_no_intervention,indonesia,USDC
38,1.0279952933883039,2987955731050.396,323,S6_worst_case_no_intervention,indonesia,USDC
39,1.006060438791559,2987955731050.396,323,S6_worst_case_no_intervention,indonesia,USDC
40,1.0146714510380836,2987955731050.396,323,S6_worst_case_no_intervention,indonesia,USDC
41,1.0269487302115896,2987955731050.396,323,S6_worst_case_no_intervention,indonesia,USDC
42,1.0269441655240674,2987955731050.396,323,S6_worst_case_no_intervention,indonesia,USDC
43,1.033612108244004,2987955731050.396,323,S6_worst_case_no_intervention,indonesia,USDC
44,1.0419085598706812,2987955731050.396,323,S6_worst_case_no_intervention,indonesia,USDC
45,1.074046997779397,2987955731050.396,323,S6_worst_case_no_intervention,indonesia,USDC
46,1.0333536285060179,2987955731050.396,323,S6_worst_case_no_intervention,indonesia,USDC
47,1.0219642897556298,2987955731050.396,323,S6_worst_case_no_intervention,indonesia,USDC
48,1.0409927844523488,2987955731050.396,323,S6_worst_case_no_intervention,indonesia,USDC
49,1.0484005420364877,2987955731050.396,323,S6_worst_case_no_intervention,indonesia,USDC
50,1.036911571828059,2987955731050.396,323,S6_worst_case_no_intervention,indonesia,USDC
51,1.0357915517849505,2987955731050.396,323,S6_worst_case_no_intervention,indonesia,USDC
52,1.0010550893495358,2987955731050.396,323,S6_worst_case_no_intervention,indonesia,USDC
53,0.9842783833702463,2987955731050.396,323,S6_worst_case_no_intervention,indonesia,USDC
54,0.9886023137075387,2987955731050.396,323,S6_worst_case_no_intervention,indonesia,USDC
55,0.9732809634865651,2987955731050.396,323,S6_worst_case_no_intervention,indonesia,USDC
56,1.005878396317905,2987955731050.396,323,S6_worst_case_no_intervention,indonesia,USDC
57,0.986703501426956,2987955731050.396,323,S6_worst_case_no_intervention,indonesia,USDC
58,0.987723673435286,2987955731050.396,323,S6_worst_case_no_intervention,indonesia,USDC
59,1.0429499030291152,2987955731050.396,323,S6_worst_case_no_intervention,indonesia,USDC
60,1.0271963892122449,2987955731050.396,323,S6_worst_case_no_intervention,indonesia,USDC
61,1.0009497085256858,2987955731050.396,323,S6_worst_case_no_intervention,indonesia,USDC
62,0.9620078995607193,2987955731050.396,323,S6_worst_case_no_intervention,indonesia,USDC
63,0.9848174677781361,2987492166301.1885,323,S6_worst_case_no_intervention,indonesia,USDC
64,0.9770226469710701,2987492166301.1885,323,S6_worst_case_no_intervention,indonesia,USDC
65,0.9653310281424395,2987492166301.1885,323,S6_worst_case_no_intervention,indonesia,USDC
66,0.9862585511016067,2987216330586.8926,323,S6_worst_case_no_intervention,indonesia,USDC
67,0.9781044843136174,2987216330586.8926,323,S6_worst_case_no_intervention,indonesia,USDC
68,0.9759377010396142,2987216330586.8926,323,S6_worst_case_no_intervention,indonesia,USDC
69,0.9426797594405664,2987216330586.8926,323,S6_worst_case_no_intervention,indonesia,USDC
70,0.9384812985800695,2985648396462.713,323,S6_worst_case_no_intervention,indonesia,USDC
71,0.9443159746102168,2983907966563.441,323,S6_worst_case_no_intervention,indonesia,USDC
72,0.9108756980623455,2982522696279.6035,323,S6_worst_case_no_intervention,indonesia,USDC
73,0.9196741107976732,2979392265488.8945,323,S6_worst_case_no_intervention,indonesia,USDC
74,0.95039633375502,2976918476745.842,323,S6_worst_case_no_intervention,indonesia,USDC
75,0.9511168836328461,2975990075668.004,323,S6_worst_case_no_intervention,indonesia,USDC
76,0.9197591713311756,2975114331432.5645,323,S6_worst_case_no_intervention,indonesia,USDC
77,0.9140119077348682,2972813515931.7617,323,S6_worst_case_no_intervention,indonesia,USDC
78,0.8825157099764926,2970353072139.2695,323,S6_worst_case_no_intervention,indonesia,USDC
79,0.9035036176937173,2966730408852.87,323,S6_worst_case_no_intervention,indonesia,USDC
80,0.9038587678581442,2964225184484.4707,323,S6_worst_case_no_intervention,indonesia,USDC
81,0.9477858345208409,2961932899427.8374,323,S6_worst_case_no_intervention,indonesia,USDC
82,0.9280557406980313,2961236364958.6367,323,S6_worst_case_no_intervention,indonesia,USDC
83,0.919788998096716,2959893702639.696,323,S6_worst_case_no_intervention,indonesia,USDC
84,0.8746665012075155,2958355918115.9033,323,S6_worst_case_no_intervention,indonesia,USDC
85,0.8669019526119784,2955695039702.463,323,S6_worst_case_no_intervention,indonesia,USDC
86,0.8661027679968146,2953020429300.0283,323,S6_worst_case_no_intervention,indonesia,USDC
87,0.8723186401965957,2950645229091.0205,323,S6_worst_case_no_intervention,indonesia,USDC
88,0.8939801780310727,2948584940014.124,323,S6_worst_case_no_intervention,indonesia,USDC
89,0.9195720957217677,2947219558758.3945,323,S6_worst_case_no_intervention,indonesia,USDC
90,0.9226475658575731,2946390646235.6704,323,S6_worst_case_no_intervention,indonesia,USDC
91,0.9505637097635942,2945599587409.1123,323,S6_worst_case_no_intervention,indonesia,USDC
92,1.001336039447358,2945290740006.2393,323,S6_worst_case_no_intervention,indonesia,USDC
93,1.0085911509163097,2945290740006.2393,323,S6_worst_case_no_intervention,indonesia,USDC
94,1.0057070131219894,2945290740006.2393,323,S6_worst_case_no_intervention,indonesia,USDC
95,0.9951432162892528,2945290740006.2393,323,S6_worst_case_no_intervention,indonesia,USDC
96,1.0048621382739849,2945290740006.2393,323,S6_worst_case_no_intervention,indonesia,USDC
97,1.0142685904102358,2945290740006.2393,323,S6_worst_case_no_intervention,indonesia,USDC
98,1.0093729511347835,2945290740006.2393,323,S6_worst_case_no_intervention,indonesia,USDC
99,1.0298603683220207,2945290740006.2393,323,S6_worst_case_no_intervention,indonesia,USDC
100,1.0331472155947599,2945290740006.2393,323,S6_worst_case_no_intervention,indonesia,USDC
101,0.8497562609066074,2945290740006.2393,323,S6_worst_case_no_intervention,indonesia,USDC
102,0.8537783514445084,2943453264463.956,323,S6_worst_case_no_intervention,indonesia,USDC
103,0.8715201270805509,2941895922064.0215,323,S6_worst_case_no_intervention,indonesia,USDC
104,0.8666844149690583,2940707069813.461,323,S6_worst_case_no_intervention,indonesia,USDC
105,0.8827035398322517,2939634701099.159,323,S6_worst_case_no_intervention,indonesia,USDC
106,0.8543603810629268,2938784357008.4707,323,S6_worst_case_no_intervention,indonesia,USDC
107,0.8666104593284012,2937802473950.3896,323,S6_worst_case_no_intervention,indonesia,USDC
108,0.8637937368592623,2937043029641.129,323,S6_worst_case_no_intervention,indonesia,USDC
109,0.9149082169397537,2936340394614.894,323,S6_worst_case_no_intervention,indonesia,USDC
110,0.8902579100089403,2936008960169.1787,323,S6_worst_case_no_intervention,indonesia,USDC
111,0.8973601880339426,2935552178619.8604,323,S6_worst_case_no_intervention,indonesia,USDC
112,0.9357803201055734,2935178719205.499,323,S6_worst_case_no_intervention,indonesia,USDC
113,0.9424960437157295,2935002587729.5176,323,S6_worst_case_no_intervention,indonesia,USDC
114,0.9474775553649052,2934875473515.7446,323,S6_worst_case_no_intervention,indonesia,USDC
115,0.9392484286478553,2934766589727.3877,323,S6_worst_case_no_intervention,indonesia,USDC
116,0.948864221085151,2934630885558.848,323,S6_worst_case_no_intervention,indonesia,USDC
117,0.9734760230594928,2934537896837.4795,323,S6_worst_case_no_intervention,indonesia,USDC
118,0.9834391504624512,2934537896837.4795,323,S6_worst_case_no_intervention,indonesia,USDC
119,1.0104450574927637,2934537896837.4795,323,S6_worst_case_no_intervention,indonesia,USDC
120,1.007342363027299,2934537896837.4795,323,S6_worst_case_no_intervention,indonesia,USDC
121,0.9918698535784898,2861174449416.543,323,S6_worst_case_no_intervention,indonesia,USDC
122,0.9614012404630226,2789645088181.1294,323,S6_worst_case_no_intervention,indonesia,USDC
123,0.9237306323591657,2719872001969.2734,323,S6_worst_case_no_intervention,indonesia,USDC
124,0.8930312252018465,2651679790847.4536,323,S6_worst_case_no_intervention,indonesia,USDC
125,0.9061208813056586,2585091296723.6484,323,S6_worst_case_no_intervention,indonesia,USDC
126,0.8820599223695775,2520225040069.893,323,S6_worst_case_no_intervention,indonesia,USDC
127,0.8927826768129008,2456910945793.169,323,S6_worst_case_no_intervention,indonesia,USDC
128,0.8619866238421923,2395247349188.388,323,S6_worst_case_no_intervention,indonesia,USDC
129,0.8704893602373784,2335046744112.0444,323,S6_worst_case_no_intervention,indonesia,USDC
130,0.8414651910883606,2276402666797.0103,323,S6_worst_case_no_intervention,indonesia,USDC
131,0.8322728260949788,2219194803632.7217,323,S6_worst_case_no_intervention,indonesia,USDC
132,0.8185651959544501,2163430329123.9014,323,S6_worst_case_no_intervention,indonesia,USDC
133,0.8254253870088526,2109075134132.981,323,S6_worst_case_no_intervention,indonesia,USDC
134,0.8379234056769209,2056130445622.2542,323,S6_worst_case_no_intervention,indonesia,USDC
135,0.8189102828576016,2004557220119.5784,323,S6_worst_case_no_intervention,indonesia,USDC
136,0.7974734068263971,1954271331883.7322,323,S6_worst_case_no_intervention,indonesia,USDC
137,0.7734776737029011,1905255290507.4736,323,S6_worst_case_no_intervention,indonesia,USDC
138,0.776451054281457,1857473301941.4897,323,S6_worst_case_no_intervention,indonesia,USDC
139,0.780919632197913,1810912328475.913,323,S6_worst_case_no_intervention,indonesia,USDC
140,0.7685478541978915,1765546214902.8882,323,S6_worst_case_no_intervention,indonesia,USDC
141,0.7681792581756528,1721328337710.8848,323,S6_worst_case_no_intervention,indonesia,USDC
142,0.7673532423139399,1678227408421.6763,323,S6_worst_case_no_intervention,indonesia,USDC
143,0.7823362999878116,1636219927942.5276,323,S6_worst_case_no_intervention,indonesia,USDC
144,0.7546350120237661,1595276892700.1868,323,S6_worst_case_no_intervention,indonesia,USDC
145,0.7786277226332624,1555357574618.4673,323,S6_worst_case_no_intervention,indonesia,USDC
146,0.7763927104312781,1516448782398.9805,323,S6_worst_case_no_intervention,indonesia,USDC
147,0.7783615070497071,1478517190057.9783,323,S6_worst_case_no_intervention,indonesia,USDC
148,0.7725495235081077,1441538287854.6948,323,S6_worst_case_no_intervention,indonesia,USDC
149,0.7586888590202794,1405486163372.6694,323,S6_worst_case_no_intervention,indonesia,USDC
150,0.7457666134222184,1370337242619.8232,323,S6_worst_case_no_intervention,indonesia,USDC
151,0.744912474380727,1336068547204.359,323,S6_worst_case_no_intervention,indonesia,USDC
152,0.7371254349197598,1302659057589.9302,323,S6_worst_case_no_intervention,indonesia,USDC
153,0.7369512076283833,1270086369090.947,323,S6_worst_case_no_intervention,indonesia,USDC
154,0.7404393843276502,1238329641982.807,323,S6_worst_case_no_intervention,indonesia,USDC
155,0.7407327445493632,1207367713334.4258,323,S6_worst_case_no_intervention,indonesia,USDC
156,0.7467400181071955,1177180709208.1746,323,S6_worst_case_no_intervention,indonesia,USDC
157,0.7582643477283594,1147749140137.884,323,S6_worst_case_no_intervention,indonesia,USDC
158,0.7827354579490869,1119053964369.0059,323,S6_worst_case_no_intervention,indonesia,USDC
159,0.7989484168777017,1091076579414.4983,323,S6_worst_case_no_intervention,indonesia,USDC
160,0.7878301569536666,1063798893842.2677,323,S6_worst_case_no_intervention,indonesia,USDC
161,0.7793830198731418,1037203253400.0938,323,S6_worst_case_no_intervention,indonesia,USDC
162,0.7746894027637705,1011272572469.5767,323,S6_worst_case_no_intervention,indonesia,USDC
163,0.7872094493736073,985990281975.7318,323,S6_worst_case_no_intervention,indonesia,USDC
164,0.8187651484935898,961340149217.4971,323,S6_worst_case_no_intervention,indonesia,USDC
165,0.7904176999945832,937306392265.2432,323,S6_worst_case_no_intervention,indonesia,USDC
166,0.7899257525738878,913873482412.531,323,S6_worst_case_no_intervention,indonesia,USDC
167,0.8107498408661242,891026443522.3235,323,S6_worst_case_no_intervention,indonesia,USDC
168,0.8035574271458295,868750626023.619,323,S6_worst_case_no_intervention,indonesia,USDC
169,0.8088346360506956,847031729084.7357,323,S6_worst_case_no_intervention,indonesia,USDC
170,0.814666269897961,825855825367.0537,323,S6_worst_case_no_intervention,indonesia,USDC
171,0.8007129948024637,805209346231.4844,323,S6_worst_case_no_intervention,indonesia,USDC
172,0.8067198528797327,785079031950.949,323,S6_worst_case_no_intervention,indonesia,USDC
173,0.8008414572226201,765451993048.5251,323,S6_worst_case_no_intervention,indonesia,USDC
174,0.8115468184539006,746315636146.981,323,S6_worst_case_no_intervention,indonesia,USDC
175,0.7958634388038638,727657703728.3544,323,S6_worst_case_no_intervention,indonesia,USDC
176,0.795729517291045,709466221700.8208,323,S6_worst_case_no_intervention,indonesia,USDC
177,0.8071006555822451,691729532835.7134,323,S6_worst_case_no_intervention,indonesia,USDC
178,0.8036738964387459,674436269877.5349,323,S6_worst_case_no_intervention,indonesia,USDC
179,0.8063117240345785,657575341044.292,323,S6_worst_case_no_intervention,indonesia,USDC
180,0.7972998482923902,641135939442.1687,323,S6_worst_case_no_intervention,indonesia,USDC
181,0.6591390682581272,625107524729.7241,323,S6_worst_case_no_intervention,indonesia,USDC
182,0.6768604683956064,609479813489.5328,323,S6_worst_case_no_intervention,indonesia,USDC
183,0.6907395072065236,594242803086.2314,323,S6_worst_case_no_intervention,indonesia,USDC
184,0.7128219491675454,579386722436.3596,323,S6_worst_case_no_intervention,indonesia,USDC
185,0.7453230549910171,564902047829.0503,323,S6_worst_case_no_intervention,indonesia,USDC
186,0.7479720069985053,550779492349.717,323,S6_worst_case_no_intervention,indonesia,USDC
187,0.7788911843978462,537010001534.03577,323,S6_worst_case_no_intervention,indonesia,USDC
188,0.7941597380072851,523584749210.67395,323,S6_worst_case_no_intervention,indonesia,USDC
189,0.7760829380646841,510495128819.15576,323,S6_worst_case_no_intervention,indonesia,USDC
190,0.7730873637092497,497732749025.7543,323,S6_worst_case_no_intervention,indonesia,USDC
191,0.7867908419515629,485289429022.1974,323,S6_worst_case_no_intervention,indonesia,USDC
192,0.8016789400707118,473157192385.28674,323,S6_worst_case_no_intervention,indonesia,USDC
193,0.7980533703430159,461328261876.72656,323,S6_worst_case_no_intervention,indonesia,USDC
194,0.7784215093257197,449795054749.8249,323,S6_worst_case_no_intervention,indonesia,USDC
195,0.816489721701348,438550177855.0488,323,S6_worst_case_no_intervention,indonesia,USDC
196,0.8333917801974123,427586423044.54565,323,S6_worst_case_no_intervention,indonesia,USDC
197,0.8515841563174561,416896762206.6652,323,S6_worst_case_no_intervention,indonesia,USDC
198,0.8405025257208046,406474342955.51697,323,S6_worst_case_no_intervention,indonesia,USDC
199,0.8517985598208422,396312484192.3971,323,S6_worst_case_no_intervention,indonesia,USDC
200,0.8475382599209815,386404671936.96295,323,S6_worst_case_no_intervention,indonesia,USDC
201,0.8423800887011997,376744555000.68585,323,S6_worst_case_no_intervention,indonesia,USDC
202,0.8567674802907672,367325940999.27814,323,S6_worst_case_no_intervention,indonesia,USDC
203,0.849109759772841,358142792376.42395,323,S6_worst_case_no_intervention,indonesia,USDC
204,0.8593880275453561,349189222476.2204,323,S6_worst_case_no_intervention,indonesia,USDC
205,0.8550762519956914,340459491836.0651,323,S6_worst_case_no_intervention,indonesia,USDC
206,0.8571053844074987,331948004468.13434,323,S6_worst_case_no_intervention,indonesia,USDC
207,0.8266156981631348,323649304294.0568,323,S6_worst_case_no_intervention,indonesia,USDC
208,0.8404043342900458,315558071620.93805,323,S6_worst_case_no_intervention,indonesia,USDC
209,0.8068992442620152,307669119779.28796,323,S6_worst_case_no_intervention,indonesia,USDC
210,0.8047430032635267,299977391728.38586,323,S6_worst_case_no_intervention,indonesia,USDC
211,0.8083851342566745,292477956884.0256,323,S6_worst_case_no_intervention,indonesia,USDC
212,0.7910209841094675,285166007922.08154,323,S6_worst_case_no_intervention,indonesia,USDC
213,0.7824430264441561,278036857685.42126,323,S6_worst_case_no_intervention,indonesia,USDC
214,0.7757661569474028,271085936210.29242,323,S6_worst_case_no_intervention,indonesia,USDC
215,0.7863247983039324,264308787778.52277,323,S6_worst_case_no_intervention,indonesia,USDC
216,0.804720759227259,257701068064.2409,323,S6_worst_case_no_intervention,indonesia,USDC
217,0.7977443612205024,251258541347.37555,323,S6_worst_case_no_intervention,indonesia,USDC
218,0.7776494190476391,244977077800.18597,323,S6_worst_case_no_intervention,indonesia,USDC
219,0.7807169877812684,238852650843.01373,323,S6_worst_case_no_intervention,indonesia,USDC
220,0.788447610376464,232881334562.48694,323,S6_worst_case_no_intervention,indonesia,USDC
221,0.7767967061993959,227059301190.76483,323,S6_worst_case_no_intervention,indonesia,USDC
222,0.7854880874012395,221382818654.6258,323,S6_worst_case_no_intervention,indonesia,USDC
223,0.7778952262511474,215848248183.2434,323,S6_worst_case_no_intervention,indonesia,USDC
224,0.7940926351248828,210452041974.41107,323,S6_worst_case_no_intervention,indonesia,USDC
225,0.806806264263711,205190740922.04108,323,S6_worst_case_no_intervention,indonesia,USDC
226,0.790431419598254,200060972396.53067,323,S6_worst_case_no_intervention,indonesia,USDC
227,0.7666935330990806,195059448084.40985,323,S6_worst_case_no_intervention,indonesia,USDC
228,0.8020822048771374,190182961880.25385,323,S6_worst_case_no_intervention,indonesia,USDC
229,0.8352816549568821,185428387831.9324,323,S6_worst_case_no_intervention,indonesia,USDC
230,0.8269314565013106,180792678135.2374,323,S6_worst_case_no_intervention,indonesia,USDC
231,0.8375875538888785,176272861181.05048,323,S6_worst_case_no_intervention,indonesia,USDC
232,0.8496838554632775,171866039650.8842,323,S6_worst_case_no_intervention,indonesia,USDC
233,0.8256351967019516,167569388659.10715,323,S6_worst_case_no_intervention,indonesia,USDC
234,0.8147357555346799,163380153942.0949,323,S6_worst_case_no_intervention,indonesia,USDC
235,0.8031513184743291,159295650093.04956,323,S6_worst_case_no_intervention,indonesia,USDC
236,0.8014087660425584,155313258840.26553,323,S6_worst_case_no_intervention,indonesia,USDC
237,0.7880105048519297,151430427368.88965,323,S6_worst_case_no_intervention,indonesia,USDC
238,0.8015025727179956,147644666684.32004,323,S6_worst_case_no_intervention,indonesia,USDC
239,0.8227680339692541,143953550016.96014,323,S6_worst_case_no_intervention,indonesia,USDC
240,0.819372075059358,140354711266.3483,323,S6_worst_case_no_intervention,indonesia,USDC
241,0.8375232244831038,136845843484.52884,323,S6_worst_case_no_intervention,indonesia,USDC
242,0.8376532258189571,133424697397.28986,323,S6_worst_case_no_intervention,indonesia,USDC
243,0.846172911261637,130089079962.25327,323,S6_worst_case_no_intervention,indonesia,USDC
244,0.8274431168972716,126836852963.11188,323,S6_worst_case_no_intervention,indonesia,USDC
245,0.811636284141212,123665931638.9422,323,S6_worst_case_no_intervention,indonesia,USDC
246,0.8043997165240815,120574283347.88333,323,S6_worst_case_no_intervention,indonesia,USDC
247,0.8038277062454297,117559926264.10977,323,S6_worst_case_no_intervention,indonesia,USDC
248,0.8027753316829958,114620928107.44714,323,S6_worst_case_no_intervention,indonesia,USDC
249,0.7942123204774386,111755404904.7104,323,S6_worst_case_no_intervention,indonesia,USDC
250,0.7831668347986311,108961519782.04532,323,S6_worst_case_no_intervention,indonesia,USDC
251,0.7885356793606616,106237481787.45541,323,S6_worst_case_no_intervention,indonesia,USDC
252,0.82167909092835,103581544742.73627,323,S6_worst_case_no_intervention,indonesia,USDC
253,0.8270999159112575,100992006124.14743,323,S6_worst_case_no_intervention,indonesia,USDC
254,0.8271246162793436,98467205971.02615,323,S6_worst_case_no_intervention,indonesia,USDC
255,0.8117264270070019,96005525821.73547,323,S6_worst_case_no_intervention,indonesia,USDC
256,0.8067457274847528,93605387676.17754,323,S6_worst_case_no_intervention,indonesia,USDC
257,0.7835148096452516,91265252984.26053,323,S6_worst_case_no_intervention,indonesia,USDC
258,0.771785944999091,88983621659.64278,323,S6_worst_case_no_intervention,indonesia,USDC
259,0.773441641044074,86759031118.14153,323,S6_worst_case_no_intervention,indonesia,USDC
260,0.7942459383678359,84590055340.18007,323,S6_worst_case_no_intervention,indonesia,USDC
261,0.7855701679646707,82475303956.66998,323,S6_worst_case_no_intervention,indonesia,USDC
262,0.7841436516934969,80413421357.74808,323,S6_worst_case_no_intervention,indonesia,USDC
263,0.7998003897919024,78403085823.80032,323,S6_worst_case_no_intervention,indonesia,USDC
264,0.8024854850859774,76443008678.20216,323,S6_worst_case_no_intervention,indonesia,USDC
265,0.8181140010630845,74531933461.2447,323,S6_worst_case_no_intervention,indonesia,USDC
266,0.7948166441736317,72668635124.71176,323,S6_worst_case_no_intervention,indonesia,USDC
267,0.8193304425189045,70851919246.59206,323,S6_worst_case_no_intervention,indonesia,USDC
268,0.8259209876002271,69080621265.4259,323,S6_worst_case_no_intervention,indonesia,USDC
269,0.8006456689555276,67353605733.789185,323,S6_worst_case_no_intervention,indonesia,USDC
270,0.7720254148906053,65669765590.44341,323,S6_worst_case_no_intervention,indonesia,USDC
271,0.7890566243244598,64028021450.681274,323,S6_worst_case_no_intervention,indonesia,USDC
272,0.7834744455353732,62427320914.4135,323,S6_worst_case_no_intervention,indonesia,USDC
273,0.8089990397887411,60866637891.552505,323,S6_worst_case_no_intervention,indonesia,USDC
274,0.8171055667122488,59344971944.263245,323,S6_worst_case_no_intervention,indonesia,USDC
275,0.8214861693219893,57861347645.65631,323,S6_worst_case_no_intervention,indonesia,USDC
276,0.8196686681860094,56414813954.5146,323,S6_worst_case_no_intervention,indonesia,USDC
277,0.7866833540471708,55004443605.651505,323,S6_worst_case_no_intervention,indonesia,USDC
278,0.806540283551509,53629332515.50995,323,S6_worst_case_no_intervention,indonesia,USDC
279,0.799318901762632,52288599202.622,323,S6_worst_case_no_intervention,indonesia,USDC
280,0.785396205582897,50981384222.5563,323,S6_worst_case_no_intervention,indonesia,USDC
281,0.7827485249920006,49706849616.99223,323,S6_worst_case_no_intervention,indonesia,USDC
282,0.7813137079879321,48464178376.56731,323,S6_worst_case_no_intervention,indonesia,USDC
283,0.7860359858766195,47252573917.15303,323,S6_worst_case_no_intervention,indonesia,USDC
284,0.7950394800597324,46071259569.22412,323,S6_worst_case_no_intervention,indonesia,USDC
285,0.7938059714703672,44919478079.99346,323,S6_worst_case_no_intervention,indonesia,USDC
286,0.7811695735437133,43796491127.993576,323,S6_worst_case_no_intervention,indonesia,USDC
287,0.7836341354734798,42701578849.793686,323,S6_worst_case_no_intervention,indonesia,USDC
288,0.8024108114950009,41634039378.54881,323,S6_worst_case_no_intervention,indonesia,USDC
289,0.7911976300279766,40593188394.08507,323,S6_worst_case_no_intervention,indonesia,USDC
290,0.7759681814554316,39578358684.23292,323,S6_worst_case_no_intervention,indonesia,USDC
291,0.7439079579134673,38588899717.127075,323,S6_worst_case_no_intervention,indonesia,USDC
292,0.761239019132751,37624177224.19888,323,S6_worst_case_no_intervention,indonesia,USDC
293,0.7456015564239363,36683572793.593895,323,S6_worst_case_no_intervention,indonesia,USDC
294,0.7609422099733557,35766483473.75404,323,S6_worst_case_no_intervention,indonesia,USDC
295,0.7590795046740689,34872321386.91018,323,S6_worst_case_no_intervention,indonesia,USDC
296,0.7829317645103634,34000513352.23742,323,S6_worst_case_no_intervention,indonesia,USDC
297,0.7872570355740179,33150500518.43148,323,S6_worst_case_no_intervention,indonesia,USDC
298,0.7863614445894664,32321738005.470688,323,S6_worst_case_no_intervention,indonesia,USDC
299,0.7882480111132384,31513694555.333916,323,S6_worst_case_no_intervention,indonesia,USDC
300,0.813997334909884,30725852191.45056,323,S6_worst_case_no_intervention,indonesia,USDC
301,0.7956021086727079,29957705886.664303,323,S6_worst_case_no_intervention,indonesia,USDC
302,0.7865694622196076,29208763239.497696,323,S6_worst_case_no_intervention,indonesia,USDC
303,0.6784930240776303,28478544158.510254,323,S6_worst_case_no_intervention,indonesia,USDC
304,0.6760211437396386,27766580554.547497,323,S6_worst_case_no_intervention,indonesia,USDC
305,0.6888153354114591,27072416040.68381,323,S6_worst_case_no_intervention,indonesia,USDC
306,0.6924925448922088,26395605639.666718,323,S6_worst_case_no_intervention,indonesia,USDC
307,0.7068034274960814,25735715498.67505,323,S6_worst_case_no_intervention,indonesia,USDC
308,0.7116246382557967,25092322611.20817,323,S6_worst_case_no_intervention,indonesia,USDC
309,0.7150943571698087,24465014545.927967,323,S6_worst_case_no_intervention,indonesia,USDC
310,0.7254975727810654,23853389182.27977,323,S6_worst_case_no_intervention,indonesia,USDC
311,0.7425387998337392,23257054452.722775,323,S6_worst_case_no_intervention,indonesia,USDC
312,0.7375539197401113,22675628091.404705,323,S6_worst_case_no_intervention,indonesia,USDC
313,0.7528870862042311,22108737389.119587,323,S6_worst_case_no_intervention,indonesia,USDC
314,0.7530980630616532,21556018954.391598,323,S6_worst_case_no_intervention,indonesia,USDC
315,0.7734032947931188,21017118480.531807,323,S6_worst_case_no_intervention,indonesia,USDC
316,0.7798320986115673,20491690518.518513,323,S6_worst_case_no_intervention,indonesia,USDC
317,0.8015348511122904,19979398255.55555,323,S6_worst_case_no_intervention,indonesia,USDC
318,0.7835691449500701,19479913299.166664,323,S6_worst_case_no_intervention,indonesia,USDC
319,0.7748961626363351,18992915466.687496,323,S6_worst_case_no_intervention,indonesia,USDC
320,0.7698769527772719,18518092580.020306,323,S6_worst_case_no_intervention,indonesia,USDC
321,0.7608370131060816,18055140265.5198,323,S6_worst_case_no_intervention,indonesia,USDC
322,0.7811898669847663,17603761758.881805,323,S6_worst_case_no_intervention,indonesia,USDC
323,0.7544897400647248,17163667714.909758,323,S6_worst_case_no_intervention,indonesia,USDC
324,0.7631574910234361,16734576022.037014,323,S6_worst_case_no_intervention,indonesia,USDC
325,0.7660820961476754,16316211621.486088,323,S6_worst_case_no_intervention,indonesia,USDC
326,0.7602450343632013,15908306330.948936,323,S6_worst_case_no_intervention,indonesia,USDC
327,0.774916977381029,15510598672.675213,323,S6_worst_case_no_intervention,indonesia,USDC
328,0.77775909365287,15122833705.858334,323,S6_worst_case_no_intervention,indonesia,USDC
329,0.8024671369764971,14744762863.211872,323,S6_worst_case_no_intervention,indonesia,USDC
330,0.8107327195837232,14376143791.631577,323,S6_worst_case_no_intervention,indonesia,USDC
331,0.8235009135738962,14016740196.840786,323,S6_worst_case_no_intervention,indonesia,USDC
332,0.8620061303636064,13666321691.919765,323,S6_worst_case_no_intervention,indonesia,USDC
333,0.8566795764011796,13324663649.621773,323,S6_worst_case_no_intervention,indonesia,USDC
334,0.8594479696503673,12991547058.38123,323,S6_worst_case_no_intervention,indonesia,USDC
335,0.8512380135694669,12666758381.921698,323,S6_worst_case_no_intervention,indonesia,USDC
336,0.8399733116024964,12350089422.373655,323,S6_worst_case_no_intervention,indonesia,USDC
337,0.8390587051342661,12041337186.814312,323,S6_worst_case_no_intervention,indonesia,USDC
338,0.8297690791724727,11740303757.143955,323,S6_worst_case_no_intervention,indonesia,USDC
339,0.8278732093538979,11446796163.215355,323,S6_worst_case_no_intervention,indonesia,USDC
340,0.811300369866444,11160626259.134972,323,S6_worst_case_no_intervention,indonesia,USDC
341,0.8301869332943392,10881610602.656597,323,S6_worst_case_no_intervention,indonesia,USDC
342,0.8288770720184814,10609570337.590183,323,S6_worst_case_no_intervention,indonesia,USDC
343,0.8222236235894115,10344331079.150429,323,S6_worst_case_no_intervention,indonesia,USDC
344,0.7101754605229592,10085722802.171669,323,S6_worst_case_no_intervention,indonesia,USDC
345,0.6941458444422928,9833579732.117376,323,S6_worst_case_no_intervention,indonesia,USDC
346,0.7072404101563032,9587740238.814442,323,S6_worst_case_no_intervention,indonesia,USDC
347,0.7364357745969204,9348046732.84408,323,S6_worst_case_no_intervention,indonesia,USDC
348,0.733206044252144,9114345564.522978,323,S6_worst_case_no_intervention,indonesia,USDC
349,0.7612117023881303,8886486925.409904,323,S6_worst_case_no_intervention,indonesia,USDC
350,0.7517025536373138,8664324752.274656,323,S6_worst_case_no_intervention,indonesia,USDC
351,0.7914121015037983,8447716633.46779,323,S6_worst_case_no_intervention,indonesia,USDC
352,0.7984604125779281,8236523717.631094,323,S6_worst_case_no_intervention,indonesia,USDC
353,0.8173787363276003,8030610624.690318,323,S6_worst_case_no_intervention,indonesia,USDC
354,0.8136667709734998,7829845359.07306,323,S6_worst_case_no_intervention,indonesia,USDC
355,0.7935354189221346,7634099225.096233,323,S6_worst_case_no_intervention,indonesia,USDC
356,0.7924205724322023,7443246744.468828,323,S6_worst_case_no_intervention,indonesia,USDC
357,0.7907886972026804,7257165575.857107,323,S6_worst_case_no_intervention,indonesia,USDC
358,0.7889308990807405,7075736436.46068,323,S6_worst_case_no_intervention,indonesia,USDC
359,0.8022904205424797,6898843025.549162,323,S6_worst_case_no_intervention,indonesia,USDC
360,0.8063198423474928,6726371949.910433,323,S6_worst_case_no_intervention,indonesia,USDC
361,0.8207625675971949,6558212651.162672,323,S6_worst_case_no_intervention,indonesia,USDC
362,0.8313196145585487,6394257334.883606,323,S6_worst_case_no_intervention,indonesia,USDC
363,0.826376381718641,6234400901.511516,323,S6_worst_case_no_intervention,indonesia,USDC
364,0.8270058642616512,6078540878.973728,323,S6_worst_case_no_intervention,indonesia,USDC
365,0.8457355604435712,5926577356.999385,323,S6_worst_case_no_intervention,indonesia,USDC
366,0.8402160347220795,5778412923.0744,323,S6_worst_case_no_intervention,indonesia,USDC
367,0.8456021804646414,5633952599.9975395,323,S6_worst_case_no_intervention,indonesia,USDC
368,0.7750376158735076,5493103784.9976015,323,S6_worst_case_no_intervention,indonesia,USDC
369,0.7680435150037196,5355776190.372662,323,S6_worst_case_no_intervention,indonesia,USDC
370,0.7623029307368602,5221881785.613345,323,S6_worst_case_no_intervention,indonesia,USDC
371,0.7680399082180503,5091334740.973011,323,S6_worst_case_no_intervention,indonesia,USDC
372,0.7642276848705827,4964051372.448686,323,S6_worst_case_no_intervention,indonesia,USDC
373,0.7796874407777059,4839950088.137468,323,S6_worst_case_no_intervention,indonesia,USDC
374,0.7745885104999909,4718951335.934032,323,S6_worst_case_no_intervention,indonesia,USDC
375,0.7903123283776448,4600977552.535681,323,S6_worst_case_no_intervention,indonesia,USDC
376,0.805403089347654,4485953113.722289,323,S6_worst_case_no_intervention,indonesia,USDC
377,0.7493282872871697,4373804285.879232,323,S6_worst_case_no_intervention,indonesia,USDC
378,0.7508152539048129,4264459178.732251,323,S6_worst_case_no_intervention,indonesia,USDC
379,0.751487541331037,4157847699.263945,323,S6_worst_case_no_intervention,indonesia,USDC
380,0.7351497123546655,4053901506.782346,323,S6_worst_case_no_intervention,indonesia,USDC
381,0.7282781935447913,3952553969.1127872,323,S6_worst_case_no_intervention,indonesia,USDC
382,0.7240285070770217,3853740119.8849673,323,S6_worst_case_no_intervention,indonesia,USDC
383,0.7278508868663109,3757396616.887844,323,S6_worst_case_no_intervention,indonesia,USDC
384,0.747631761916851,3663461701.4656477,323,S6_worst_case_no_intervention,indonesia,USDC
385,0.7762298834365257,3571875158.9290066,323,S6_worst_case_no_intervention,indonesia,USDC
386,0.7839637676722842,3482578279.955781,323,S6_worst_case_no_intervention,indonesia,USDC
387,0.7974322234835831,3395513822.9568863,323,S6_worst_case_no_intervention,indonesia,USDC
388,0.8028133517323567,3310625977.382965,323,S6_worst_case_no_intervention,indonesia,USDC
389,0.814809884069624,3227860327.948391,323,S6_worst_case_no_intervention,indonesia,USDC
390,0.7919855125798705,3147163819.749681,323,S6_worst_case_no_intervention,indonesia,USDC
391,0.8017679457723494,3068484724.255939,323,S6_worst_case_no_intervention,indonesia,USDC
392,0.7935296489393173,2991772606.149541,323,S6_worst_case_no_intervention,indonesia,USDC
393,0.7731891950362918,2916978290.995802,323,S6_worst_case_no_intervention,indonesia,USDC
394,0.7758295190051964,2844053833.720907,323,S6_worst_case_no_intervention,indonesia,USDC
395,0.7711053488931826,2772952487.8778844,323,S6_worst_case_no_intervention,indonesia,USDC
396,0.7869034897913285,2703628675.6809373,323,S6_worst_case_no_intervention,indonesia,USDC
397,0.7991830542220817,2636037958.7889137,323,S6_worst_case_no_intervention,indonesia,USDC
398,0.8348857554508,2570137009.819191,323,S6_worst_case_no_intervention,indonesia,USDC
399,0.8302163653435141,2505883584.5737114,323,S6_worst_case_no_intervention,indonesia,USDC
400,0.7865362002683925,2443236494.9593687,323,S6_worst_case_no_intervention,indonesia,USDC
401,0.7836088052415191,2382155582.5853844,323,S6_worst_case_no_intervention,indonesia,USDC
402,0.7860295023038765,2322601693.02075,323,S6_worst_case_no_intervention,indonesia,USDC
403,0.782658823137878,2264536650.6952314,323,S6_worst_case_no_intervention,indonesia,USDC
404,0.7533806554235041,2207923234.4278502,323,S6_worst_case_no_intervention,indonesia,USDC
405,0.752780437353733,2152725153.5671544,323,S6_worst_case_no_intervention,indonesia,USDC
406,0.749193772176027,2098907024.7279754,323,S6_worst_case_no_intervention,indonesia,USDC
407,0.7431399280807676,2046434349.1097758,323,S6_worst_case_no_intervention,indonesia,USDC
408,0.7356543419788505,1995273490.3820314,323,S6_worst_case_no_intervention,indonesia,USDC
409,0.7320481734707764,1945391653.1224809,323,S6_worst_case_no_intervention,indonesia,USDC
410,0.731189516926165,1896756861.7944188,323,S6_worst_case_no_intervention,indonesia,USDC
411,0.7545486148725995,1849337940.2495584,323,S6_worst_case_no_intervention,indonesia,USDC
412,0.7742704605668503,1803104491.7433195,323,S6_worst_case_no_intervention,indonesia,USDC
413,0.7752627238857552,1758026879.4497366,323,S6_worst_case_no_intervention,indonesia,USDC
414,0.7676009328611091,1714076207.4634929,323,S6_worst_case_no_intervention,indonesia,USDC
415,0.7582905830481718,1671224302.2769058,323,S6_worst_case_no_intervention,indonesia,USDC
416,0.7635269970546197,1629443694.719983,323,S6_worst_case_no_intervention,indonesia,USDC
417,0.7818888923399262,1588707602.3519835,323,S6_worst_case_no_intervention,indonesia,USDC
418,0.784026618324777,1548989912.2931838,323,S6_worst_case_no_intervention,indonesia,USDC
419,0.7748469689022712,1510265164.4858541,323,S6_worst_case_no_intervention,indonesia,USDC
420,0.7619305530163633,1472508535.3737078,323,S6_worst_case_no_intervention,indonesia,USDC
421,0.7471015598483474,1435695821.989365,323,S6_worst_case_no_intervention,indonesia,USDC
422,0.7413271406956371,1399803426.439631,323,S6_worst_case_no_intervention,indonesia,USDC
423,0.7370311715169232,1364808340.77864,323,S6_worst_case_no_intervention,indonesia,USDC
424,0.7454901392504637,1330688132.259174,323,S6_worst_case_no_intervention,indonesia,USDC
425,0.7258280844132263,1297420928.9526947,323,S6_worst_case_no_intervention,indonesia,USDC
426,0.7383879707714004,1264985405.7288773,323,S6_worst_case_no_intervention,indonesia,USDC
427,0.7454327833501131,1233360770.5856555,323,S6_worst_case_no_intervention,indonesia,USDC
428,0.7487254865477581,1202526751.3210142,323,S6_worst_case_no_intervention,indonesia,USDC
429,0.7662948774386965,1172463582.5379887,323,S6_worst_case_no_intervention,indonesia,USDC
430,0.7397979370431325,1143151992.974539,323,S6_worst_case_no_intervention,indonesia,USDC
431,0.7564933984443423,1114573193.1501756,323,S6_worst_case_no_intervention,indonesia,USDC
432,0.751620467844632,1086708863.3214211,323,S6_worst_case_no_intervention,indonesia,USDC
433,0.7350038324620346,1059541141.7383857,323,S6_worst_case_no_intervention,indonesia,USDC
434,0.7621171373752189,1033052613.194926,323,S6_worst_case_no_intervention,indonesia,USDC
435,0.7786320569952468,1007226297.8650528,323,S6_worst_case_no_intervention,indonesia,USDC
436,0.7721497421197999,982045640.4184266,323,S6_worst_case_no_intervention,indonesia,USDC
437,0.7745557403783597,957494499.4079659,323,S6_worst_case_no_intervention,indonesia,USDC
438,0.7492913175825116,933557136.9227667,323,S6_worst_case_no_intervention,indonesia,USDC
439,0.748469310636745,910218208.4996977,323,S6_worst_case_no_intervention,indonesia,USDC
440,0.730438296052554,887462753.2872051,323,S6_worst_case_no_intervention,indonesia,USDC
441,0.7611145102937986,865276184.4550251,323,S6_worst_case_no_intervention,indonesia,USDC
442,0.747321404566664,843644279.8436494,323,S6_worst_case_no_intervention,indonesia,USDC
443,0.7444918039107172,822553172.8475581,323,S6_worst_case_no_intervention,indonesia,USDC
444,0.7661002730509422,801989343.5263693,323,S6_worst_case_no_intervention,indonesia,USDC
445,0.7504283545249407,781939609.93821,323,S6_worst_case_no_intervention,indonesia,USDC
446,0.7624615157823895,762391119.6897547,323,S6_worst_case_no_intervention,indonesia,USDC
447,0.7638541295915753,743331341.6975108,323,S6_worst_case_no_intervention,indonesia,USDC
448,0.7641843015949924,724748058.155073,323,S6_worst_case_no_intervention,indonesia,USDC
449,0.7770503814702252,706629356.7011962,323,S6_worst_case_no_intervention,indonesia,USDC
450,0.756444706027704,688963622.7836664,323,S6_worst_case_no_intervention,indonesia,USDC
451,0.7521183329594473,671739532.2140747,323,S6_worst_case_no_intervention,indonesia,USDC
452,0.7501125388488658,654946043.9087229,323,S6_worst_case_no_intervention,indonesia,USDC
453,0.7679952256624204,638572392.8110048,323,S6_worst_case_no_intervention,indonesia,USDC
454,0.7774439811023148,622608082.9907297,323,S6_worst_case_no_intervention,indonesia,USDC
455,0.7478189762180095,607042880.9159615,323,S6_worst_case_no_intervention,indonesia,USDC
456,0.7468951413742791,591866808.8930624,323,S6_worst_case_no_intervention,indonesia,USDC
457,0.7589286381259679,577070138.6707358,323,S6_worst_case_no_intervention,indonesia,USDC
458,0.7691449999788229,562643385.2039675,323,S6_worst_case_no_intervention,indonesia,USDC
459,0.7816317589120773,548577300.5738683,323,S6_worst_case_no_intervention,indonesia,USDC
460,0.8074252421455211,534862868.05952156,323,S6_worst_case_no_intervention,indonesia,USDC
461,0.800484465819696,521491296.3580335,323,S6_worst_case_no_intervention,indonesia,USDC
462,0.7829308137278106,508454013.9490826,323,S6_worst_case_no_intervention,indonesia,USDC
463,0.7714709986908256,495742663.60035557,323,S6_worst_case_no_intervention,indonesia,USDC
464,0.7810193428475944,483349097.01034665,323,S6_worst_case_no_intervention,indonesia,USDC
465,0.7963203189439685,471265369.58508795,323,S6_worst_case_no_intervention,indonesia,USDC
466,0.7804842803845023,459483735.34546083,323,S6_worst_case_no_intervention,indonesia,USDC
467,0.7628756695705845,447996641.9618243,323,S6_worst_case_no_intervention,indonesia,USDC
468,0.7803745418467682,436796725.9127786,323,S6_worst_case_no_intervention,indonesia,USDC
469,0.7878914757218319,425876807.76495916,323,S6_worst_case_no_intervention,indonesia,USDC
470,0.7589776879489978,415229887.57083523,323,S6_worst_case_no_intervention,indonesia,USDC
471,0.7574164766802831,404849140.38156426,323,S6_worst_case_no_intervention,indonesia,USDC
472,0.7536874000352618,394727911.8720252,323,S6_worst_case_no_intervention,indonesia,USDC
473,0.7507793120299496,384859714.0752246,323,S6_worst_case_no_intervention,indonesia,USDC
474,0.7588668169279071,375238221.22334397,323,S6_worst_case_no_intervention,indonesia,USDC
475,0.761701949759293,365857265.69276035,323,S6_worst_case_no_intervention,indonesia,USDC
476,0.7912159756132486,356710834.0504414,323,S6_worst_case_no_intervention,indonesia,USDC
477,0.7814137766860553,347793063.19918036,323,S6_worst_case_no_intervention,indonesia,USDC
478,0.7697001668627653,339098236.6192008,323,S6_worst_case_no_intervention,indonesia,USDC
479,0.8020609637920261,330620780.7037208,323,S6_worst_case_no_intervention,indonesia,USDC
480,0.7796011451094533,322355261.1861278,323,S6_worst_case_no_intervention,indonesia,USDC
481,0.7722826974983903,314296379.6564746,323,S6_worst_case_no_intervention,indonesia,USDC
482,0.7803236850318322,306438970.1650627,323,S6_worst_case_no_intervention,indonesia,USDC
483,0.8104396199227786,298777995.9109362,323,S6_worst_case_no_intervention,indonesia,USDC
484,0.8229528871642408,291308546.0131628,323,S6_worst_case_no_intervention,indonesia,USDC
485,0.8105536521007576,284025832.3628337,323,S6_worst_case_no_intervention,indonesia,USDC
486,0.8307059499791556,276925186.55376285,323,S6_worst_case_no_intervention,indonesia,USDC
487,0.821441342530311,270002056.88991874,323,S6_worst_case_no_intervention,indonesia,USDC
488,0.8171250802620094,263252005.4676708,323,S6_worst_case_no_intervention,indonesia,USDC
489,0.827459078595246,256670705.33097905,323,S6_worst_case_no_intervention,indonesia,USDC
490,0.8141811778997525,250253937.69770455,323,S6_worst_case_no_intervention,indonesia,USDC
491,0.8198417834218077,243997589.25526196,323,S6_worst_case_no_intervention,indonesia,USDC
492,0.8413528508871471,237897649.52388042,323,S6_worst_case_no_intervention,indonesia,USDC
493,0.8275233602519952,231950208.2857834,323,S6_worst_case_no_intervention,indonesia,USDC
494,0.8433587340089563,226151453.0786388,323,S6_worst_case_no_intervention,indonesia,USDC
495,0.8536936220086722,220497666.7516728,323,S6_worst_case_no_intervention,indonesia,USDC
496,0.8342167382619498,214985225.082881,323,S6_worst_case_no_intervention,indonesia,USDC
497,0.8289073532995498,209610594.455809,323,S6_worst_case_no_intervention,indonesia,USDC
498,0.8212587231538957,204370329.59441376,323,S6_worst_case_no_intervention,indonesia,USDC
499,0.8295152087771085,199261071.35455343,323,S6_worst_case_no_intervention,indonesia,USDC
500,0.8263667892171698,194279544.5706896,323,S6_worst_case_no_intervention,indonesia,USDC
501,0.8039669090368513,189422555.95642233,323,S6_worst_case_no_intervention,indonesia,USDC
502,0.8219866850514356,184686992.0575118,323,S6_worst_case_no_intervention,indonesia,USDC
503,0.8055428428390007,180069817.256074,323,S6_worst_case_no_intervention,indonesia,USDC
504,0.810487542567813,175568071.82467216,323,S6_worst_case_no_intervention,indonesia,USDC
505,0.8134497040597714,171178870.02905533,323,S6_worst_case_no_intervention,indonesia,USDC
506,0.8300673935667957,166899398.27832896,323,S6_worst_case_no_intervention,indonesia,USDC
507,0.8049593519245339,162726913.32137072,323,S6_worst_case_no_intervention,indonesia,USDC
508,0.806506257910338,158658740.48833647,323,S6_worst_case_no_intervention,indonesia,USDC
509,0.8378088193517459,154692271.97612804,323,S6_worst_case_no_intervention,indonesia,USDC
510,0.8320690235073732,150824965.17672485,323,S6_worst_case_no_intervention,indonesia,USDC
511,0.8322971549249988,147054341.04730672,323,S6_worst_case_no_intervention,indonesia,USDC
512,0.7984589620182384,143377982.52112406,323,S6_worst_case_no_intervention,indonesia,USDC
513,0.7902407701594837,139793532.95809597,323,S6_worst_case_no_intervention,indonesia,USDC
514,0.7981411143452258,136298694.63414353,323,S6_worst_case_no_intervention,indonesia,USDC
515,0.7626431939356085,132891227.26828997,323,S6_worst_case_no_intervention,indonesia,USDC
516,0.7546654463505699,129568946.58658272,323,S6_worst_case_no_intervention,indonesia,USDC
517,0.766747843158984,126329722.92191815,323,S6_worst_case_no_intervention,indonesia,USDC
518,0.7604415784199302,123171479.84887019,323,S6_worst_case_no_intervention,indonesia,USDC
519,0.779586000765823,120092192.85264844,323,S6_worst_case_no_intervention,indonesia,USDC
520,0.7913615395508238,117089888.03133222,323,S6_worst_case_no_intervention,indonesia,USDC
521,0.7962457600030792,114162640.83054893,323,S6_worst_case_no_intervention,indonesia,USDC
522,0.7698470022814866,111308574.80978522,323,S6_worst_case_no_intervention,indonesia,USDC
523,0.7563672850823324,108525860.43954058,323,S6_worst_case_no_intervention,indonesia,USDC
524,0.7629456103212129,105812713.92855206,323,S6_worst_case_no_intervention,indonesia,USDC
525,0.7236649902175103,103167396.08033825,323,S6_worst_case_no_intervention,indonesia,USDC
526,0.7022038729896458,100588211.1783298,323,S6_worst_case_no_intervention,indonesia,USDC
527,0.6940348618750072,98073505.89887156,323,S6_worst_case_no_intervention,indonesia,USDC
528,0.7223040485865,95621668.25139977,323,S6_worst_case_no_intervention,indonesia,USDC
529,0.7368692250804051,93231126.54511477,323,S6_worst_case_no_intervention,indonesia,USDC
530,0.7180102023012086,90900348.38148692,323,S6_worst_case_no_intervention,indonesia,USDC
531,0.7308798391482221,88627839.67194974,323,S6_worst_case_no_intervention,indonesia,USDC
532,0.7467930957653878,86412143.680151,323,S6_worst_case_no_intervention,indonesia,USDC
533,0.750533179872648,84251840.08814722,323,S6_worst_case_no_intervention,indonesia,USDC
534,0.7806698680519911,82145544.08594355,323,S6_worst_case_no_intervention,indonesia,USDC
535,0.7942066769559577,80091905.48379496,323,S6_worst_case_no_intervention,indonesia,USDC
536,0.8043260571549187,78089607.84670007,323,S6_worst_case_no_intervention,indonesia,USDC
537,0.7970859313081122,76137367.65053257,323,S6_worst_case_no_intervention,indonesia,USDC
538,0.7956196772831886,74233933.45926926,323,S6_worst_case_no_intervention,indonesia,USDC
539,0.7797256926561583,72378085.12278754,323,S6_worst_case_no_intervention,indonesia,USDC
540,0.7767191499465208,70568632.99471784,323,S6_worst_case_no_intervention,indonesia,USDC
541,0.7932877640690646,68804417.16984989,323,S6_worst_case_no_intervention,indonesia,USDC
542,0.7700719919320508,67084306.74060364,323,S6_worst_case_no_intervention,indonesia,USDC
543,0.770707054127783,65407199.07208855,323,S6_worst_case_no_intervention,indonesia,USDC
544,0.7710116533941413,63772019.09528633,323,S6_worst_case_no_intervention,indonesia,USDC
545,0.7963172433346796,62177718.61790417,323,S6_worst_case_no_intervention,indonesia,USDC
546,0.7995623614359553,60623275.65245657,323,S6_worst_case_no_intervention,indonesia,USDC
547,0.7935844628306905,59107693.761145145,323,S6_worst_case_no_intervention,indonesia,USDC
548,0.7747819284909837,57630001.417116515,323,S6_worst_case_no_intervention,indonesia,USDC
549,0.7648433392221688,56189251.3816886,323,S6_worst_case_no_intervention,indonesia,USDC
550,0.8103789711763016,54784520.09714639,323,S6_worst_case_no_intervention,indonesia,USDC
551,0.8270007584085692,53414907.094717726,323,S6_worst_case_no_intervention,indonesia,USDC
552,0.84094775116639,52079534.41734979,323,S6_worst_case_no_intervention,indonesia,USDC
553,0.8480674454409692,50777546.05691604,323,S6_worst_case_no_intervention,indonesia,USDC
554,0.8133282664287242,49508107.40549314,323,S6_worst_case_no_intervention,indonesia,USDC
555,0.803390426140058,48270404.72035581,323,S6_worst_case_no_intervention,indonesia,USDC
556,0.8022151297534178,47063644.60234692,323,S6_worst_case_no_intervention,indonesia,USDC
557,0.7826035299060635,45887053.487288244,323,S6_worst_case_no_intervention,indonesia,USDC
558,0.7983256879249566,44739877.15010604,323,S6_worst_case_no_intervention,indonesia,USDC
559,0.8041456455696219,43621380.22135338,323,S6_worst_case_no_intervention,indonesia,USDC
560,0.7941438146774041,42530845.71581955,323,S6_worst_case_no_intervention,indonesia,USDC
561,0.7791812168569601,41467574.57292406,323,S6_worst_case_no_intervention,indonesia,USDC
562,0.7863113514535187,40430885.20860096,323,S6_worst_case_no_intervention,indonesia,USDC
563,0.7870570468402569,39420113.078385934,323,S6_worst_case_no_intervention,indonesia,USDC
564,0.7968817221096234,38434610.25142629,323,S6_worst_case_no_intervention,indonesia,USDC
565,0.8045620507215291,37473744.99514063,323,S6_worst_case_no_intervention,indonesia,USDC
566,0.8029400477586922,36536901.370262116,323,S6_worst_case_no_intervention,indonesia,USDC
567,0.766251683517478,35623478.83600556,323,S6_worst_case_no_intervention,indonesia,USDC
568,0.7789961317076428,34732891.86510542,323,S6_worst_case_no_intervention,indonesia,USDC
569,0.78923800091165,33864569.56847779,323,S6_worst_case_no_intervention,indonesia,USDC
570,0.793265812001147,33017955.329265844,323,S6_worst_case_no_intervention,indonesia,USDC
571,0.8112111473358461,32192506.446034197,323,S6_worst_case_no_intervention,indonesia,USDC
572,0.7815970337660371,31387693.784883343,323,S6_worst_case_no_intervention,indonesia,USDC
573,0.7711448912229497,30603001.44026126,323,S6_worst_case_no_intervention,indonesia,USDC
574,0.7686380696482621,29837926.404254727,323,S6_worst_case_no_intervention,indonesia,USDC
575,0.7513679647274824,29091978.24414836,323,S6_worst_case_no_intervention,indonesia,USDC
576,0.7789756534442923,28364678.788044646,323,S6_worst_case_no_intervention,indonesia,USDC
577,0.8134654382724944,27655561.81834353,323,S6_worst_case_no_intervention,indonesia,USDC
578,0.8364259248659813,26964172.772884946,323,S6_worst_case_no_intervention,indonesia,USDC
579,0.8290590507496703,26290068.453562826,323,S6_worst_case_no_intervention,indonesia,USDC
580,0.822848490104789,25632816.74222375,323,S6_worst_case_no_intervention,indonesia,USDC
581,0.8028240257408865,24991996.32366816,323,S6_worst_case_no_intervention,indonesia,USDC
582,0.8031349705927994,24367196.415576454,323,S6_worst_case_no_intervention,indonesia,USDC
583,0.7815285956639492,23758016.505187042,323,S6_worst_case_no_intervention,indonesia,USDC
584,0.7860815893142129,23164066.092557367,323,S6_worst_case_no_intervention,indonesia,USDC
585,0.7838180762037591,22584964.44024343,323,S6_worst_case_no_intervention,indonesia,USDC
586,0.7967734986007718,22020340.329237346,323,S6_worst_case_no_intervention,indonesia,USDC
587,0.7945278517379408,21469831.82100641,323,S6_worst_case_no_intervention,indonesia,USDC
588,0.8065062235556171,20933086.025481254,323,S6_worst_case_no_intervention,indonesia,USDC
589,0.7979949756050245,20409758.87484422,323,S6_worst_case_no_intervention,indonesia,USDC
590,0.7995299726652986,19899514.902973115,323,S6_worst_case_no_intervention,indonesia,USDC
591,0.8197029056699758,19402027.030398786,323,S6_worst_case_no_intervention,indonesia,USDC
592,0.7895287659995562,18916976.354638815,323,S6_worst_case_no_intervention,indonesia,USDC
593,0.7969519918717202,18444051.94577285,323,S6_worst_case_no_intervention,indonesia,USDC
594,0.7963865985648952,17982950.647128526,323,S6_worst_case_no_intervention,indonesia,USDC
595,0.7991835455787356,17533376.880950313,323,S6_worst_case_no_intervention,indonesia,USDC
596,0.7873434438268491,17095042.458926555,323,S6_worst_case_no_intervention,indonesia,USDC
597,0.8055543582676078,16667666.39745339,323,S6_worst_case_no_intervention,indonesia,USDC
598,0.812833033585132,16250974.737517055,323,S6_worst_case_no_intervention,indonesia,USDC
599,0.8265508094496838,15844700.36907913,323,S6_worst_case_no_intervention,indonesia,USDC
600,0.8197871731545123,15448582.85985215,323,S6_worst_case_no_intervention,indonesia,USDC
601,0.7949829021851595,15062368.288355846,323,S6_worst_case_no_intervention,indonesia,USDC
602,0.8106297206341174,14685809.081146952,323,S6_worst_case_no_intervention,indonesia,USDC
603,0.8328411345746659,14318663.854118276,323,S6_worst_case_no_intervention,indonesia,USDC
604,0.8582841073467887,13960697.25776532,323,S6_worst_case_no_intervention,indonesia,USDC
605,0.8549928355276455,13611679.826321186,323,S6_worst_case_no_intervention,indonesia,USDC
606,0.8529810865852113,13271387.830663158,323,S6_worst_case_no_intervention,indonesia,USDC
607,0.8769598857434865,12939603.13489658,323,S6_worst_case_no_intervention,indonesia,USDC
608,0.8581440580326001,12616113.056524165,323,S6_worst_case_no_intervention,indonesia,USDC
609,0.8769866425997211,12300710.23011106,323,S6_worst_case_no_intervention,indonesia,USDC
610,0.8269215425761612,11993192.474358283,323,S6_worst_case_no_intervention,indonesia,USDC
611,0.830570204393129,11693362.662499327,323,S6_worst_case_no_intervention,indonesia,USDC
612,0.815780537387788,11401028.595936842,323,S6_worst_case_no_intervention,indonesia,USDC
613,0.7947300398015213,11116002.881038422,323,S6_worst_case_no_intervention,indonesia,USDC
614,0.7737285210775897,10838102.809012461,323,S6_worst_case_no_intervention,indonesia,USDC
615,0.7831435676712106,10567150.23878715,323,S6_worst_case_no_intervention,indonesia,USDC
616,0.756362777773128,10302971.482817471,323,S6_worst_case_no_intervention,indonesia,USDC
617,0.745103710702343,10045397.195747035,323,S6_worst_case_no_intervention,indonesia,USDC
618,0.7565355547911582,9794262.265853358,323,S6_worst_case_no_intervention,indonesia,USDC
619,0.75526765497596,9549405.709207024,323,S6_worst_case_no_intervention,indonesia,USDC
620,0.762303188838034,9310670.566476848,323,S6_worst_case_no_intervention,indonesia,USDC
621,0.7504842090845922,9077903.802314928,323,S6_worst_case_no_intervention,indonesia,USDC
622,0.7535863682200076,8850956.207257055,323,S6_worst_case_no_intervention,indonesia,USDC
623,0.7672256368189745,8629682.302075628,323,S6_worst_case_no_intervention,indonesia,USDC
624,0.780957112593631,8413940.244523738,323,S6_worst_case_no_intervention,indonesia,USDC
625,0.7893673593595689,8203591.738410643,323,S6_worst_case_no_intervention,indonesia,USDC
626,0.8055132490905649,7998501.9449503785,323,S6_worst_case_no_intervention,indonesia,USDC
627,0.8056768000591469,7798539.396326619,323,S6_worst_case_no_intervention,indonesia,USDC
628,0.7976572437425526,7603575.911418454,323,S6_worst_case_no_intervention,indonesia,USDC
629,0.7970327111989273,7413486.513632992,323,S6_worst_case_no_intervention,indonesia,USDC
630,0.7615267822073187,7228149.350792168,323,S6_worst_case_no_intervention,indonesia,USDC
631,0.762715644598456,7047445.6170223635,323,S6_worst_case_no_intervention,indonesia,USDC
632,0.7713627986130944,6871259.476596804,323,S6_worst_case_no_intervention,indonesia,USDC
633,0.7851846952857439,6699477.989681885,323,S6_worst_case_no_intervention,indonesia,USDC
634,0.787885231052874,6531991.0399398375,323,S6_worst_case_no_intervention,indonesia,USDC
635,0.7685817787169494,6368691.263941341,323,S6_worst_case_no_intervention,indonesia,USDC
636,0.7877335824117561,6209473.9823428085,323,S6_worst_case_no_intervention,indonesia,USDC
637,0.8042749161511745,6054237.132784238,323,S6_worst_case_no_intervention,indonesia,USDC
638,0.7957429827787752,5902881.204464632,323,S6_worst_case_no_intervention,indonesia,USDC
639,0.817810185206305,5755309.174353016,323,S6_worst_case_no_intervention,indonesia,USDC
640,0.807821643176429,5611426.444994191,323,S6_worst_case_no_intervention,indonesia,USDC
641,0.8257636258669927,5471140.783869335,323,S6_worst_case_no_intervention,indonesia,USDC
642,0.8027493628251965,5334362.264272602,323,S6_worst_case_no_intervention,indonesia,USDC
643,0.8013902639154161,5201003.207665787,323,S6_worst_case_no_intervention,indonesia,USDC
644,0.8224200032858914,5070978.127474142,323,S6_worst_case_no_intervention,indonesia,USDC
645,0.8146104195270311,4944203.674287288,323,S6_worst_case_no_intervention,indonesia,USDC
646,0.8262521112824521,4820598.582430107,323,S6_worst_case_no_intervention,indonesia,USDC
647,0.8408142451270574,4700083.617869354,323,S6_worst_case_no_intervention,indonesia,USDC
648,0.8266120768690542,4582581.52742262,323,S6_worst_case_no_intervention,indonesia,USDC
649,0.8102960459354673,4468016.989237055,323,S6_worst_case_no_intervention,indonesia,USDC
650,0.7811573883106193,4356316.564506128,323,S6_worst_case_no_intervention,indonesia,USDC
651,0.7645797137729867,4247408.650393475,323,S6_worst_case_no_intervention,indonesia,USDC
652,0.7830883901118526,4141223.434133638,323,S6_worst_case_no_intervention,indonesia,USDC
653,0.7756784548418348,4037692.8482802976,323,S6_worst_case_no_intervention,indonesia,USDC
654,0.7991312695317595,3936750.52707329,323,S6_worst_case_no_intervention,indonesia,USDC
655,0.7986756504839474,3838331.7638964574,323,S6_worst_case_no_intervention,indonesia,USDC
656,0.7849459988357222,3742373.4697990464,323,S6_worst_case_no_intervention,indonesia,USDC
657,0.7710941490895326,3648814.13305407,323,S6_worst_case_no_intervention,indonesia,USDC
658,0.7553096287078854,3557593.779727719,323,S6_worst_case_no_intervention,indonesia,USDC
659,0.7679288653018758,3468653.9352345252,323,S6_worst_case_no_intervention,indonesia,USDC
660,0.7643422322126738,3381937.5868536625,323,S6_worst_case_no_intervention,indonesia,USDC
661,0.7752281325145362,3297389.147182321,323,S6_worst_case_no_intervention,indonesia,USDC
662,0.7816063476582662,3214954.418502763,323,S6_worst_case_no_intervention,indonesia,USDC
663,0.806569291996619,3134580.5580401937,323,S6_worst_case_no_intervention,indonesia,USDC
664,0.7830398760619902,3056216.0440891893,323,S6_worst_case_no_intervention,indonesia,USDC
665,0.7847988771573992,2979810.6429869593,323,S6_worst_case_no_intervention,indonesia,USDC
666,0.7953353698457918,2905315.3769122856,323,S6_worst_case_no_intervention,indonesia,USDC
667,0.7835854563560246,2832682.4924894786,323,S6_worst_case_no_intervention,indonesia,USDC
668,0.7854291137070917,2761865.4301772416,323,S6_worst_case_no_intervention,indonesia,USDC
669,0.7653352312571874,2692818.79442281,323,S6_worst_case_no_intervention,indonesia,USDC
670,0.7858818465053642,2625498.32456224,323,S6_worst_case_no_intervention,indonesia,USDC
671,0.7815889909031448,2559860.8664481845,323,S6_worst_case_no_intervention,indonesia,USDC
672,0.7775132275271904,2495864.3447869793,323,S6_worst_case_no_intervention,indonesia,USDC
673,0.7705608253557703,2433467.736167305,323,S6_worst_case_no_intervention,indonesia,USDC
674,0.7633212595514561,2372631.0427631224,323,S6_worst_case_no_intervention,indonesia,USDC
675,0.7582460870486939,2313315.266694044,323,S6_worst_case_no_intervention,indonesia,USDC
676,0.7729771336890902,2255482.3850266933,323,S6_worst_case_no_intervention,indonesia,USDC
677,0.7795849028475361,2199095.325401026,323,S6_worst_case_no_intervention,indonesia,USDC
678,0.7830630071540468,2144117.9422660004,323,S6_worst_case_no_intervention,indonesia,USDC
679,0.7664132871726331,2090514.9937093502,323,S6_worst_case_no_intervention,indonesia,USDC
680,0.8155610623476744,2038252.1188666164,323,S6_worst_case_no_intervention,indonesia,USDC
681,0.8113876481769955,1987295.815894951,323,S6_worst_case_no_intervention,indonesia,USDC
682,0.8043093475099302,1937613.4204975774,323,S6_worst_case_no_intervention,indonesia,USDC
683,0.8037165724162075,1889173.084985138,323,S6_worst_case_no_intervention,indonesia,USDC
684,0.7938598298271581,1841943.7578605092,323,S6_worst_case_no_intervention,indonesia,USDC
685,0.7987612038769109,1795895.1639139967,323,S6_worst_case_no_intervention,indonesia,USDC
686,0.7886015274112389,1750997.7848161468,323,S6_worst_case_no_intervention,indonesia,USDC
687,0.7637638454452957,1707222.8401957431,323,S6_worst_case_no_intervention,indonesia,USDC
688,0.7777038620933777,1664542.2691908493,323,S6_worst_case_no_intervention,indonesia,USDC
689,0.7933926032878608,1622928.712461078,323,S6_worst_case_no_intervention,indonesia,USDC
690,0.7853410142182399,1582355.4946495513,323,S6_worst_case_no_intervention,indonesia,USDC
691,0.7618690289153409,1542796.6072833124,323,S6_worst_case_no_intervention,indonesia,USDC
692,0.7711452929320075,1504226.6921012297,323,S6_worst_case_no_intervention,indonesia,USDC
693,0.7824268655989022,1466621.0247986987,323,S6_worst_case_no_intervention,indonesia,USDC
694,0.7609235991646909,1429955.4991787313,323,S6_worst_case_no_intervention,indonesia,USDC
695,0.7675859915430385,1394206.611699263,323,S6_worst_case_no_intervention,indonesia,USDC
696,0.7512686837310815,1359351.4464067817,323,S6_worst_case_no_intervention,indonesia,USDC
697,0.7626163012489763,1325367.660246612,323,S6_worst_case_no_intervention,indonesia,USDC
698,0.7477871945892569,1292233.4687404467,323,S6_worst_case_no_intervention,indonesia,USDC
699,0.7641491107327273,1259927.6320219357,323,S6_worst_case_no_intervention,indonesia,USDC
700,0.7477292122366231,1228429.4412213871,323,S6_worst_case_no_intervention,indonesia,USDC
701,0.7593975187100122,1197718.7051908525,323,S6_worst_case_no_intervention,indonesia,USDC
702,0.7426475854154929,1167775.7375610813,323,S6_worst_case_no_intervention,indonesia,USDC
703,0.7269029155598105,1138581.3441220543,323,S6_worst_case_no_intervention,indonesia,USDC
704,0.7325500607467895,1110116.8105190028,323,S6_worst_case_no_intervention,indonesia,USDC
705,0.7494036136668346,1082363.8902560277,323,S6_worst_case_no_intervention,indonesia,USDC
706,0.7475562994761681,1055304.792999627,323,S6_worst_case_no_intervention,indonesia,USDC
707,0.7423923296330815,1028922.1731746364,323,S6_worst_case_no_intervention,indonesia,USDC
708,0.7533571536123641,1003199.1188452705,323,S6_worst_case_no_intervention,indonesia,USDC
709,0.7562137250270677,978119.1408741388,323,S6_worst_case_no_intervention,indonesia,USDC
710,0.7399875398310708,953666.1623522852,323,S6_worst_case_no_intervention,indonesia,USDC
711,0.7554026074427301,929824.5082934782,323,S6_worst_case_no_intervention,indonesia,USDC
712,0.7625612055944282,906578.8955861412,323,S6_worst_case_no_intervention,indonesia,USDC
713,0.7749318036266052,883914.4231964876,323,S6_worst_case_no_intervention,indonesia,USDC
714,0.7793440078896495,861816.5626165755,323,S6_worst_case_no_intervention,indonesia,USDC
715,0.7786849173947553,840271.1485511612,323,S6_worst_case_no_intervention,indonesia,USDC
716,0.8035085985457374,819264.369837382,323,S6_worst_case_no_intervention,indonesia,USDC
717,0.8183643045151461,798782.7605914476,323,S6_worst_case_no_intervention,indonesia,USDC
718,0.8361482794667092,778813.1915766613,323,S6_worst_case_no_intervention,indonesia,USDC
719,0.8551518095558447,759342.8617872447,323,S6_worst_case_no_intervention,indonesia,USDC
720,0.8493836111489885,740359.2902425636,323,S6_worst_case_no_intervention,indonesia,USDC
721,0.8301451924367248,721850.3079864995,323,S6_worst_case_no_intervention,indonesia,USDC
722,0.8290739001746316,703804.0502868372,323,S6_worst_case_no_intervention,indonesia,USDC
723,0.8150611167612402,686208.9490296661,323,S6_worst_case_no_intervention,indonesia,USDC
724,0.7984007277029601,669053.7253039244,323,S6_worst_case_no_intervention,indonesia,USDC
725,0.7905963871034675,652327.3821713264,323,S6_worst_case_no_intervention,indonesia,USDC
726,0.7781975724724745,636019.1976170433,323,S6_worst_case_no_intervention,indonesia,USDC
727,0.7944237561695007,620118.7176766172,323,S6_worst_case_no_intervention,indonesia,USDC
728,0.7986423949883562,604615.7497347017,323,S6_worst_case_no_intervention,indonesia,USDC
729,0.7829191049326089,589500.3559913342,323,S6_worst_case_no_intervention,indonesia,USDC
730,0.7699763386829841,574762.8470915508,323,S6_worst_case_no_intervention,indonesia,USDC
731,0.7809861703036888,560393.775914262,323,S6_worst_case_no_intervention,indonesia,USDC
732,0.7841436907670756,546383.9315164054,323,S6_worst_case_no_intervention,indonesia,USDC
733,0.7743929135760811,532724.3332284954,323,S6_worst_case_no_intervention,indonesia,USDC
734,0.7832673884193075,519406.2248977829,323,S6_worst_case_no_intervention,indonesia,USDC
735,0.7887278893708366,506421.0692753383,323,S6_worst_case_no_intervention,indonesia,USDC
736,0.7856471821145742,493760.5425434549,323,S6_worst_case_no_intervention,indonesia,USDC
737,0.7709358855249393,481416.5289798685,323,S6_worst_case_no_intervention,indonesia,USDC
738,0.7966961365555085,469381.11575537175,323,S6_worst_case_no_intervention,indonesia,USDC
739,0.8032877590577181,457646.58786148747,323,S6_worst_case_no_intervention,indonesia,USDC
740,0.8155409087179802,446205.4231649503,323,S6_worst_case_no_intervention,indonesia,USDC
741,0.7634547444352199,435050.28758582653,323,S6_worst_case_no_intervention,indonesia,USDC
742,0.7511965845786176,424174.0303961808,323,S6_worst_case_no_intervention,indonesia,USDC
743,0.7584905279751462,413569.6796362763,323,S6_worst_case_no_intervention,indonesia,USDC
744,0.7574749473969024,403230.4376453694,323,S6_worst_case_no_intervention,indonesia,USDC
745,0.7492541795778566,393149.67670423514,323,S6_worst_case_no_intervention,indonesia,USDC
746,0.7896529564510283,383320.9347866293,323,S6_worst_case_no_intervention,indonesia,USDC
747,0.7954996843563872,373737.9114169635,323,S6_worst_case_no_intervention,indonesia,USDC
748,0.8246930921600455,364394.46363153943,323,S6_worst_case_no_intervention,indonesia,USDC
749,0.8502975105375601,355284.60204075096,323,S6_worst_case_no_intervention,indonesia,USDC
750,0.8105995738576903,346402.4869897322,323,S6_worst_case_no_intervention,indonesia,USDC
751,0.8272004259559694,337742.42481498886,323,S6_worst_case_no_intervention,indonesia,USDC
752,0.8360873796954017,329298.8641946142,323,S6_worst_case_no_intervention,indonesia,USDC
753,0.7966298920995764,321066.39258974884,323,S6_worst_case_no_intervention,indonesia,USDC
754,0.7970525339829814,313039.7327750051,323,S6_worst_case_no_intervention,indonesia,USDC
755,0.7535868465338715,305213.73945562996,323,S6_worst_case_no_intervention,indonesia,USDC
756,0.7493149146920386,297583.3959692392,323,S6_worst_case_no_intervention,indonesia,USDC
757,0.7322798550915606,290143.8110700082,323,S6_worst_case_no_intervention,indonesia,USDC
758,0.7327799447901544,282890.21579325804,323,S6_worst_case_no_intervention,indonesia,USDC
759,0.7249553826446185,275817.96039842657,323,S6_worst_case_no_intervention,indonesia,USDC
760,0.7114771365038988,268922.5113884659,323,S6_worst_case_no_intervention,indonesia,USDC
761,0.7215256595966695,262199.4486037543,323,S6_worst_case_no_intervention,indonesia,USDC
762,0.7311623983794612,255644.4623886604,323,S6_worst_case_no_intervention,indonesia,USDC
763,0.745141124722733,249253.3508289439,323,S6_worst_case_no_intervention,indonesia,USDC
764,0.7450038738928183,243022.01705822028,323,S6_worst_case_no_intervention,indonesia,USDC
765,0.7288614467874726,236946.46663176478,323,S6_worst_case_no_intervention,indonesia,USDC
766,0.7247255753345856,231022.80496597066,323,S6_worst_case_no_intervention,indonesia,USDC
767,0.7599847821205199,225247.2348418214,323,S6_worst_case_no_intervention,indonesia,USDC
768,0.7402917420110458,219616.05397077586,323,S6_worst_case_no_intervention,indonesia,USDC
769,0.7227286156245147,214125.65262150648,323,S6_worst_case_no_intervention,indonesia,USDC
770,0.7334062014275506,208772.5113059688,323,S6_worst_case_no_intervention,indonesia,USDC
771,0.7182479064629753,203553.1985233196,323,S6_worst_case_no_intervention,indonesia,USDC
772,0.7362211405863385,198464.3685602366,323,S6_worst_case_no_intervention,indonesia,USDC
773,0.7471567236265559,193502.75934623068,323,S6_worst_case_no_intervention,indonesia,USDC
774,0.7564988409389314,188665.1903625749,323,S6_worst_case_no_intervention,indonesia,USDC
775,0.7276848353838278,183948.56060351053,323,S6_worst_case_no_intervention,indonesia,USDC
776,0.7248485834007756,179349.84658842278,323,S6_worst_case_no_intervention,indonesia,USDC
777,0.7268580311589986,174866.10042371223,323,S6_worst_case_no_intervention,indonesia,USDC
778,0.7527182418127544,170494.4479131194,323,S6_worst_case_no_intervention,indonesia,USDC
779,0.7597262488836803,166232.08671529143,323,S6_worst_case_no_intervention,indonesia,USDC
780,0.7615274878654168,162076.28454740913,323,S6_worst_case_no_intervention,indonesia,USDC
781,0.7520358476735434,158024.3774337239,323,S6_worst_case_no_intervention,indonesia,USDC
782,0.7318849576013537,154073.76799788082,323,S6_worst_case_no_intervention,indonesia,USDC
783,0.7456615944699734,150221.9237979338,323,S6_worst_case_no_intervention,indonesia,USDC
784,0.7495801180539827,146466.37570298545,323,S6_worst_case_no_intervention,indonesia,USDC
785,0.7361646643126932,142804.7163104108,323,S6_worst_case_no_intervention,indonesia,USDC
786,0.7432634320398191,139234.59840265053,323,S6_worst_case_no_intervention,indonesia,USDC
787,0.7660119867754818,135753.73344258426,323,S6_worst_case_no_intervention,indonesia,USDC
788,0.7666297716897498,132359.89010651966,323,S6_worst_case_no_intervention,indonesia,USDC
789,0.7895967740021818,129050.89285385667,323,S6_worst_case_no_intervention,indonesia,USDC
790,0.8082190275654985,125824.62053251025,323,S6_worst_case_no_intervention,indonesia,USDC
791,0.8389113495823932,122679.0050191975,323,S6_worst_case_no_intervention,indonesia,USDC
792,0.8307842502973171,119612.02989371755,323,S6_worst_case_no_intervention,indonesia,USDC
793,0.82956826110672,116621.72914637462,323,S6_worst_case_no_intervention,indonesia,USDC
794,0.850676708322844,113706.18591771525,323,S6_worst_case_no_intervention,indonesia,USDC
795,0.8536764664879404,110863.53126977236,323,S6_worst_case_no_intervention,indonesia,USDC
796,0.8585025754293074,108091.94298802805,323,S6_worst_case_no_intervention,indonesia,USDC
797,0.8442467406944967,105389.64441332736,323,S6_worst_case_no_intervention,indonesia,USDC
798,0.8249144323100799,102754.90330299418,323,S6_worst_case_no_intervention,indonesia,USDC
799,0.8346131430804362,100186.03072041932,323,S6_worst_case_no_intervention,indonesia,USDC
800,0.810374594490974,97681.37995240884,323,S6_worst_case_no_intervention,indonesia,USDC
801,0.7643258910571795,95239.34545359862,323,S6_worst_case_no_intervention,indonesia,USDC
802,0.7701285170614128,92858.36181725866,323,S6_worst_case_no_intervention,indonesia,USDC
803,0.7889662460762731,90536.90277182718,323,S6_worst_case_no_intervention,indonesia,USDC
804,0.8051744996956675,88273.48020253151,323,S6_worst_case_no_intervention,indonesia,USDC
805,0.8071712901235149,86066.64319746822,323,S6_worst_case_no_intervention,indonesia,USDC
806,0.7988532872350653,83914.97711753153,323,S6_worst_case_no_intervention,indonesia,USDC
807,0.7752231426644686,81817.10268959323,323,S6_worst_case_no_intervention,indonesia,USDC
808,0.7653419931914505,79771.67512235341,323,S6_worst_case_no_intervention,indonesia,USDC
809,0.668190264312078,77777.38324429456,323,S6_worst_case_no_intervention,indonesia,USDC
810,0.6830583309411915,75832.9486631872,323,S6_worst_case_no_intervention,indonesia,USDC
811,0.6710575278599752,73937.12494660752,323,S6_worst_case_no_intervention,indonesia,USDC
812,0.6814004669992113,72088.69682294234,323,S6_worst_case_no_intervention,indonesia,USDC
813,0.6915566455126096,70286.47940236877,323,S6_worst_case_no_intervention,indonesia,USDC
814,0.7004842207738033,68529.31741730955,323,S6_worst_case_no_intervention,indonesia,USDC
815,0.7366191134201805,66816.08448187681,323,S6_worst_case_no_intervention,indonesia,USDC
816,0.7486253597693953,65145.68236982989,323,S6_worst_case_no_intervention,indonesia,USDC
817,0.7697767074870715,63517.04031058415,323,S6_worst_case_no_intervention,indonesia,USDC
818,0.7820906016489135,61929.114302819544,323,S6_worst_case_no_intervention,indonesia,USDC
819,0.7986603127272208,60380.88644524905,323,S6_worst_case_no_intervention,indonesia,USDC
820,0.811925520850562,58871.36428411782,323,S6_worst_case_no_intervention,indonesia,USDC
821,0.8378048137389176,57399.58017701488,323,S6_worst_case_no_intervention,indonesia,USDC
822,0.8613638143713226,55964.590672589504,323,S6_worst_case_no_intervention,indonesia,USDC
823,0.7491957303550696,54565.47590577477,323,S6_worst_case_no_intervention,indonesia,USDC
824,0.7397118306429665,53201.339008130395,323,S6_worst_case_no_intervention,indonesia,USDC
825,0.7797061553281551,51871.30553292714,323,S6_worst_case_no_intervention,indonesia,USDC
826,0.7994483858267792,50574.52289460396,323,S6_worst_case_no_intervention,indonesia,USDC
827,0.8016405966730076,49310.15982223886,323,S6_worst_case_no_intervention,indonesia,USDC
828,0.7885011491928812,48077.40582668288,323,S6_worst_case_no_intervention,indonesia,USDC
829,0.8095234493052704,46875.47068101581,323,S6_worst_case_no_intervention,indonesia,USDC
830,0.7592939955031014,45703.58391399041,323,S6_worst_case_no_intervention,indonesia,USDC
831,0.7521690073067351,44560.994316140655,323,S6_worst_case_no_intervention,indonesia,USDC
832,0.7609932445448269,43446.96945823714,323,S6_worst_case_no_intervention,indonesia,USDC
833,0.771246698126582,42360.79522178121,323,S6_worst_case_no_intervention,indonesia,USDC
834,0.7940319362140517,41301.77534123668,323,S6_worst_case_no_intervention,indonesia,USDC
835,0.7957087404312069,40269.23095770577,323,S6_worst_case_no_intervention,indonesia,USDC
836,0.7863660777261875,39262.50018376313,323,S6_worst_case_no_intervention,indonesia,USDC
837,0.7829224838183407,38280.937679169045,323,S6_worst_case_no_intervention,indonesia,USDC
838,0.8042622532870333,37323.91423718982,323,S6_worst_case_no_intervention,indonesia,USDC
839,0.7944538721370149,36390.816381260076,323,S6_worst_case_no_intervention,indonesia,USDC
840,0.8287800370426833,35481.04597172857,323,S6_worst_case_no_intervention,indonesia,USDC
841,0.8287234107621215,34594.01982243536,323,S6_worst_case_no_intervention,indonesia,USDC
842,0.8072741613385496,33729.16932687447,323,S6_worst_case_no_intervention,indonesia,USDC
843,0.8183315503691784,32885.940093702615,323,S6_worst_case_no_intervention,indonesia,USDC
844,0.8305294927803386,32063.791591360045,323,S6_worst_case_no_intervention,indonesia,USDC
845,0.8362798180140235,31262.196801576043,323,S6_worst_case_no_intervention,indonesia,USDC
846,0.778942765722559,30480.641881536645,323,S6_worst_case_no_intervention,indonesia,USDC
847,0.7875076960340565,29718.62583449823,323,S6_worst_case_no_intervention,indonesia,USDC
848,0.7842716364912922,28975.660188635775,323,S6_worst_case_no_intervention,indonesia,USDC
849,0.767238033506301,28251.268683919876,323,S6_worst_case_no_intervention,indonesia,USDC
850,0.7320682877854956,27544.98696682188,323,S6_worst_case_no_intervention,indonesia,USDC
851,0.7271135471479858,26856.36229265133,323,S6_worst_case_no_intervention,indonesia,USDC
852,0.7438294019533097,26184.95323533505,323,S6_worst_case_no_intervention,indonesia,USDC
853,0.7547897462476203,25530.329404451673,323,S6_worst_case_no_intervention,indonesia,USDC
854,0.761601730390003,24892.071169340383,323,S6_worst_case_no_intervention,indonesia,USDC
855,0.7447890429741473,24269.769390106874,323,S6_worst_case_no_intervention,indonesia,USDC
856,0.7722274678878642,23663.025155354204,323,S6_worst_case_no_intervention,indonesia,USDC
857,0.7902404262337117,23071.449526470347,323,S6_worst_case_no_intervention,indonesia,USDC
858,0.8275937246567813,22494.663288308588,323,S6_worst_case_no_intervention,indonesia,USDC
859,0.8181409273712906,21932.296706100875,323,S6_worst_case_no_intervention,indonesia,USDC
860,0.7986506601824744,21383.989288448352,323,S6_worst_case_no_intervention,indonesia,USDC
861,0.8002519267673331,20849.389556237144,323,S6_worst_case_no_intervention,indonesia,USDC
862,0.8058244771861345,20328.154817331215,323,S6_worst_case_no_intervention,indonesia,USDC
863,0.8023647080825407,19819.950946897934,323,S6_worst_case_no_intervention,indonesia,USDC
864,0.7981138945974382,19324.452173225487,323,S6_worst_case_no_intervention,indonesia,USDC
865,0.790179154096234,18841.340868894848,323,S6_worst_case_no_intervention,indonesia,USDC
866,0.7203870012860969,18370.30734717248,323,S6_worst_case_no_intervention,indonesia,USDC
867,0.7321096380530042,17911.049663493162,323,S6_worst_case_no_intervention,indonesia,USDC
868,0.7342404717917782,17463.273421905837,323,S6_worst_case_no_intervention,indonesia,USDC
869,0.7421795428713721,17026.69158635819,323,S6_worst_case_no_intervention,indonesia,USDC
870,0.7485025754988931,16601.024296699237,323,S6_worst_case_no_intervention,indonesia,USDC
871,0.7616086231452572,16185.998689281754,323,S6_worst_case_no_intervention,indonesia,USDC
872,0.7430251305701063,15781.348722049712,323,S6_worst_case_no_intervention,indonesia,USDC
873,0.766576587088403,15386.815003998468,323,S6_worst_case_no_intervention,indonesia,USDC
874,0.7726792737275241,15002.144628898506,323,S6_worst_case_no_intervention,indonesia,USDC
875,0.720362858453718,14627.091013176043,323,S6_worst_case_no_intervention,indonesia,USDC
876,0.720249104465541,14261.413737846644,323,S6_worst_case_no_intervention,indonesia,USDC
877,0.7358319814999283,13904.878394400475,323,S6_worst_case_no_intervention,indonesia,USDC
878,0.7167438378758565,13557.256434540464,323,S6_worst_case_no_intervention,indonesia,USDC
879,0.7419438625225157,13218.325023676953,323,S6_worst_case_no_intervention,indonesia,USDC
880,0.7221202176264608,12887.866898085027,323,S6_worst_case_no_intervention,indonesia,USDC
881,0.7357007284651248,12565.670225632903,323,S6_worst_case_no_intervention,indonesia,USDC
882,0.7445457372217987,12251.528469992081,323,S6_worst_case_no_intervention,indonesia,USDC
883,0.7356822279223392,11945.240258242278,323,S6_worst_case_no_intervention,indonesia,USDC
884,0.737500967579444,11646.60925178622,323,S6_worst_case_no_intervention,indonesia,USDC
885,0.7475256078947271,11355.444020491565,323,S6_worst_case_no_intervention,indonesia,USDC
886,0.7561791144009273,11071.557919979277,323,S6_worst_case_no_intervention,indonesia,USDC
887,0.7463735513583032,10794.768971979795,323,S6_worst_case_no_intervention,indonesia,USDC
888,0.74584705475505,10524.8997476803,323,S6_worst_case_no_intervention,indonesia,USDC
889,0.7510032051118456,10261.777253988294,323,S6_worst_case_no_intervention,indonesia,USDC
890,0.7678748210683957,10005.232822638585,323,S6_worst_case_no_intervention,indonesia,USDC
891,0.7608488215852394,9755.102002072621,323,S6_worst_case_no_intervention,indonesia,USDC
892,0.7583946814538604,9511.224452020804,323,S6_worst_case_no_intervention,indonesia,USDC
893,0.7599191578249294,9273.443840720285,323,S6_worst_case_no_intervention,indonesia,USDC
894,0.7304152628807175,9041.607744702278,323,S6_worst_case_no_intervention,indonesia,USDC
895,0.7432247872278406,8815.567551084721,323,S6_worst_case_no_intervention,indonesia,USDC
896,0.7467511274914822,8595.178362307603,323,S6_worst_case_no_intervention,indonesia,USDC
897,0.7292653828507161,8380.298903249914,323,S6_worst_case_no_intervention,indonesia,USDC
898,0.7373167879978194,8170.791430668665,323,S6_worst_case_no_intervention,indonesia,USDC
899,0.7392980465703655,7966.521644901949,323,S6_worst_case_no_intervention,indonesia,USDC
900,0.7274471769577924,7767.358603779399,323,S6_worst_case_no_intervention,indonesia,USDC
901,0.7429695944664318,7573.1746386849145,323,S6_worst_case_no_intervention,indonesia,USDC
902,0.7560811010872426,7383.845272717792,323,S6_worst_case_no_intervention,indonesia,USDC
903,0.7546878785306445,7199.249140899848,323,S6_worst_case_no_intervention,indonesia,USDC
904,0.750988999933728,7019.267912377352,323,S6_worst_case_no_intervention,indonesia,USDC
905,0.7684011408523798,6843.786214567918,323,S6_worst_case_no_intervention,indonesia,USDC
906,0.7785013251457464,6672.69155920372,323,S6_worst_case_no_intervention,indonesia,USDC
907,0.7935335078377284,6505.874270223627,323,S6_worst_case_no_intervention,indonesia,USDC
908,0.8022413162284608,6343.227413468036,323,S6_worst_case_no_intervention,indonesia,USDC
909,0.7834862103271917,6184.646728131335,323,S6_worst_case_no_intervention,indonesia,USDC
910,0.793699074912887,6030.030559928051,323,S6_worst_case_no_intervention,indonesia,USDC
911,0.8034117792845247,5879.2797959298505,323,S6_worst_case_no_intervention,indonesia,USDC
912,0.7820076635188099,5732.297801031604,323,S6_worst_case_no_intervention,indonesia,USDC
913,0.7931450592694262,5588.990356005814,323,S6_worst_case_no_intervention,indonesia,USDC
914,0.7901309791140316,5449.265597105669,323,S6_worst_case_no_intervention,indonesia,USDC
915,0.8224118950367441,5313.033957178028,323,S6_worst_case_no_intervention,indonesia,USDC
916,0.7924502215993663,5180.2081082485765,323,S6_worst_case_no_intervention,indonesia,USDC
917,0.8072073318518264,5050.702905542363,323,S6_worst_case_no_intervention,indonesia,USDC
918,0.7810673568526925,4924.435332903803,323,S6_worst_case_no_intervention,indonesia,USDC
919,0.7767727078785407,4801.324449581208,323,S6_worst_case_no_intervention,indonesia,USDC
920,0.7640838754697897,4681.291338341678,323,S6_worst_case_no_intervention,indonesia,USDC
921,0.7688538982365624,4564.259054883136,323,S6_worst_case_no_intervention,indonesia,USDC
922,0.7800360480724575,4450.152578511057,323,S6_worst_case_no_intervention,indonesia,USDC
923,0.7839873896831647,4338.898764048281,323,S6_worst_case_no_intervention,indonesia,USDC
924,0.8070939176304561,4230.426294947074,323,S6_worst_case_no_intervention,indonesia,USDC
925,0.8030755362199186,4124.665637573397,323,S6_worst_case_no_intervention,indonesia,USDC
926,0.7982319576815718,4021.5489966340624,323,S6_worst_case_no_intervention,indonesia,USDC
927,0.816097644906134,3921.010271718211,323,S6_worst_case_no_intervention,indonesia,USDC
928,0.827559886449341,3822.9850149252557,323,S6_worst_case_no_intervention,indonesia,USDC
929,0.807119320065515,3727.410389552124,323,S6_worst_case_no_intervention,indonesia,USDC
930,0.8068570844370272,3634.225129813321,323,S6_worst_case_no_intervention,indonesia,USDC
931,0.820822696672806,3543.3695015679878,323,S6_worst_case_no_intervention,indonesia,USDC
932,0.8314577021825788,3454.7852640287883,323,S6_worst_case_no_intervention,indonesia,USDC
933,0.8249010109913195,3368.4156324280684,323,S6_worst_case_no_intervention,indonesia,USDC
934,0.8238483259633627,3284.205241617367,323,S6_worst_case_no_intervention,indonesia,USDC
935,0.8327114848116528,3202.100110576933,323,S6_worst_case_no_intervention,indonesia,USDC
936,0.8369848589648866,3122.0476078125093,323,S6_worst_case_no_intervention,indonesia,USDC
937,0.8533213991189661,3043.9964176171966,323,S6_worst_case_no_intervention,indonesia,USDC
938,0.8468502632258929,2967.8965071767666,323,S6_worst_case_no_intervention,indonesia,USDC
939,0.8672202107968724,2893.6990944973477,323,S6_worst_case_no_intervention,indonesia,USDC
940,0.8674827357465043,2821.356617134914,323,S6_worst_case_no_intervention,indonesia,USDC
941,0.853611484571501,2750.822701706541,323,S6_worst_case_no_intervention,indonesia,USDC
942,0.8374383360282748,2682.0521341638773,323,S6_worst_case_no_intervention,indonesia,USDC
943,0.8161565338254343,2615.0008308097804,323,S6_worst_case_no_intervention,indonesia,USDC
944,0.8088421437941796,2549.6258100395357,323,S6_worst_case_no_intervention,indonesia,USDC
945,0.8012833455017232,2485.8851647885476,323,S6_worst_case_no_intervention,indonesia,USDC
946,0.8110635722331098,2423.7380356688336,323,S6_worst_case_no_intervention,indonesia,USDC
947,0.8120542140476366,2363.1445847771133,323,S6_worst_case_no_intervention,indonesia,USDC
948,0.8102832602051316,2304.065970157685,323,S6_worst_case_no_intervention,indonesia,USDC
949,0.8057337654564434,2246.464320903743,323,S6_worst_case_no_intervention,indonesia,USDC
950,0.7847073674246646,2190.3027128811495,323,S6_worst_case_no_intervention,indonesia,USDC
951,0.7809326536202499,2135.545145059121,323,S6_worst_case_no_intervention,indonesia,USDC
952,0.7905256689402911,2082.156516432643,323,S6_worst_case_no_intervention,indonesia,USDC
953,0.7809683659295881,2030.102603521827,323,S6_worst_case_no_intervention,indonesia,USDC
954,0.7781864064714361,1979.3500384337813,323,S6_worst_case_no_intervention,indonesia,USDC
955,0.7812458042508832,1929.8662874729366,323,S6_worst_case_no_intervention,indonesia,USDC
956,0.7863153569757346,1881.619630286113,323,S6_worst_case_no_intervention,indonesia,USDC
957,0.7957584040011191,1834.5791395289602,323,S6_worst_case_no_intervention,indonesia,USDC
958,0.7840651012194638,1788.7146610407362,323,S6_worst_case_no_intervention,indonesia,USDC
959,0.7961564450272816,1743.9967945147177,323,S6_worst_case_no_intervention,indonesia,USDC
960,0.7851674776301686,1700.3968746518499,323,S6_worst_case_no_intervention,indonesia,USDC
961,0.7700471831226398,1657.8869527855538,323,S6_worst_case_no_intervention,indonesia,USDC
962,0.7604156708081682,1616.439778965915,323,S6_worst_case_no_intervention,indonesia,USDC
963,0.7565066264357319,1576.028784491767,323,S6_worst_case_no_intervention,indonesia,USDC
964,0.7431390001171091,1536.6280648794727,323,S6_worst_case_no_intervention,indonesia,USDC
965,0.755752887196016,1498.212363257486,323,S6_worst_case_no_intervention,indonesia,USDC
966,0.7541986725188018,1460.757054176049,323,S6_worst_case_no_intervention,indonesia,USDC
967,0.7639248195739932,1424.2381278216476,323,S6_worst_case_no_intervention,indonesia,USDC
968,0.6565229035825361,1388.6321746261065,323,S6_worst_case_no_intervention,indonesia,USDC
969,0.6886025734164773,1353.9163702604537,323,S6_worst_case_no_intervention,indonesia,USDC
970,0.7062039872542665,1320.0684610039425,323,S6_worst_case_no_intervention,indonesia,USDC
971,0.7314317206713572,1287.066749478844,323,S6_worst_case_no_intervention,indonesia,USDC
972,0.7628986568343507,1254.890080741873,323,S6_worst_case_no_intervention,indonesia,USDC
973,0.7660041077285151,1223.517828723326,323,S6_worst_case_no_intervention,indonesia,USDC
974,0.7366284303804049,1192.9298830052428,323,S6_worst_case_no_intervention,indonesia,USDC
975,0.7358141629242614,1163.1066359301117,323,S6_worst_case_no_intervention,indonesia,USDC
976,0.760485217327357,1134.028970031859,323,S6_worst_case_no_intervention,indonesia,USDC
977,0.7782855844913694,1105.6782457810627,323,S6_worst_case_no_intervention,indonesia,USDC
978,0.7794116358101155,1078.0362896365361,323,S6_worst_case_no_intervention,indonesia,USDC
979,0.8067314341119657,1051.0853823956227,323,S6_worst_case_no_intervention,indonesia,USDC
980,0.7920117111715035,1024.8082478357321,323,S6_worst_case_no_intervention,indonesia,USDC
981,0.7933674226049565,999.188041639839,323,S6_worst_case_no_intervention,indonesia,USDC
982,0.780197473391322,974.2083405988429,323,S6_worst_case_no_intervention,indonesia,USDC
983,0.7845425590536016,949.8531320838719,323,S6_worst_case_no_intervention,indonesia,USDC
984,0.7657668733475663,926.1068037817749,323,S6_worst_case_no_intervention,indonesia,USDC
985,0.7698424232235376,902.9541336872305,323,S6_worst_case_no_intervention,indonesia,USDC
986,0.7560634405789578,880.3802803450499,323,S6_worst_case_no_intervention,indonesia,USDC
987,0.7666323639994581,858.3707733364237,323,S6_worst_case_no_intervention,indonesia,USDC
988,0.7748542608391347,836.9115040030131,323,S6_worst_case_no_intervention,indonesia,USDC
989,0.7766417952027737,815.9887164029376,323,S6_worst_case_no_intervention,indonesia,USDC
990,0.7656961927219025,795.5889984928642,323,S6_worst_case_no_intervention,indonesia,USDC
991,0.7650306940050596,775.6992735305428,323,S6_worst_case_no_intervention,indonesia,USDC
992,0.7934538683394367,756.3067916922791,323,S6_worst_case_no_intervention,indonesia,USDC
993,0.7710089408871679,737.3991218999721,323,S6_worst_case_no_intervention,indonesia,USDC
994,0.7720772671136055,718.9641438524728,323,S6_worst_case_no_intervention,indonesia,USDC
995,0.6702929617871285,700.9900402561609,323,S6_worst_case_no_intervention,indonesia,USDC
996,0.7082042320668404,683.4652892497569,323,S6_worst_case_no_intervention,indonesia,USDC
997,0.724553287188881,666.378657018513,323,S6_worst_case_no_intervention,indonesia,USDC
998,0.7279642783498238,649.7191905930501,323,S6_worst_case_no_intervention,indonesia,USDC
999,0.7412187706649457,633.4762108282239,323,S6_worst_case_no_intervention,indonesia,USDC
1000,0.7562874785146523,617.6393055575184,323,S6_worst_case_no_intervention,indonesia,USDC
