Step,price,liquidity,iteration,scenario,region,coin
1,0.9762215083683816,2990289714754.17,458,S6_worst_case_no_intervention,indonesia,USDC
2,0.9552258378201635,2990289714754.17,458,S6_worst_case_no_intervention,indonesia,USDC
3,0.9459839534665156,2989375849052.324,458,S6_worst_case_no_intervention,indonesia,USDC
4,0.9307594275046944,2987954996241.896,458,S6_worst_case_no_intervention,indonesia,USDC
5,0.9491159774561266,2985622193500.9873,458,S6_worst_case_no_intervention,indonesia,USDC
6,0.971952221245422,2984457166832.262,458,S6_worst_case_no_intervention,indonesia,USDC
7,0.9286904394801869,2984457166832.262,458,S6_worst_case_no_intervention,indonesia,USDC
8,0.9290664035174533,2982168802573.0596,458,S6_worst_case_no_intervention,indonesia,USDC
9,0.9238730577290384,2980034238182.3755,458,S6_worst_case_no_intervention,indonesia,USDC
10,0.9217139770674747,2977668709563.335,458,S6_worst_case_no_intervention,indonesia,USDC
11,0.9452147821049538,2975349729679.1743,458,S6_worst_case_no_intervention,indonesia,USDC
12,0.9592019521517353,2974225709642.196,458,S6_worst_case_no_intervention,indonesia,USDC
13,0.9596977888027864,2973767195818.869,458,S6_worst_case_no_intervention,indonesia,USDC
14,0.9723236537369138,2973315606844.365,458,S6_worst_case_no_intervention,indonesia,USDC
15,0.9671745814690774,2973315606844.365,458,S6_worst_case_no_intervention,indonesia,USDC
16,1.009954572868662,2973215364008.326,458,S6_worst_case_no_intervention,indonesia,USDC
17,1.0205436662913034,2973215364008.326,458,S6_worst_case_no_intervention,indonesia,USDC
18,1.0333015752982646,2973215364008.326,458,S6_worst_case_no_intervention,indonesia,USDC
19,1.0159913104035967,2973215364008.326,458,S6_worst_case_no_intervention,indonesia,USDC
20,0.9993507776663104,2973215364008.326,458,S6_worst_case_no_intervention,indonesia,USDC
21,1.0047098756216044,2973215364008.326,458,S6_worst_case_no_intervention,indonesia,USDC
22,1.0158432320008302,2973215364008.326,458,S6_worst_case_no_intervention,indonesia,USDC
23,1.0073562971528487,2973215364008.326,458,S6_worst_case_no_intervention,indonesia,USDC
24,0.9903437286379984,2973215364008.326,458,S6_worst_case_no_intervention,indonesia,USDC
25,0.9864717675088286,2973215364008.326,458,S6_worst_case_no_intervention,indonesia,USDC
26,1.0387554827532806,2973215364008.326,458,S6_worst_case_no_intervention,indonesia,USDC
27,1.027668220033362,2973215364008.326,458,S6_worst_case_no_intervention,indonesia,USDC
28,1.0256485248283935,2973215364008.326,458,S6_worst_case_no_intervention,indonesia,USDC
29,1.022422017131357,2973215364008.326,458,S6_worst_case_no_intervention,indonesia,USDC
30,0.9967231582310683,2973215364008.326,458,S6_worst_case_no_intervention,indonesia,USDC
31,1.0084342976532226,2973215364008.326,458,S6_worst_case_no_intervention,indonesia,USDC
32,1.0112884821932138,2973215364008.326,458,S6_worst_case_no_intervention,indonesia,USDC
33,1.0057507425142145,2973215364008.326,458,S6_worst_case_no_intervention,indonesia,USDC
34,1.0155176223534657,2973215364008.326,458,S6_worst_case_no_intervention,indonesia,USDC
35,1.013121234676253,2973215364008.326,458,S6_worst_case_no_intervention,indonesia,USDC
36,1.0389273118052622,2973215364008.326,458,S6_worst_case_no_intervention,indonesia,USDC
37,1.043742679335747,2973215364008.326,458,S6_worst_case_no_intervention,indonesia,USDC
38,1.042307629258874,2973215364008.326,458,S6_worst_case_no_intervention,indonesia,USDC
39,1.0069811469733339,2973215364008.326,458,S6_worst_case_no_intervention,indonesia,USDC
40,0.9710379415475494,2973215364008.326,458,S6_worst_case_no_intervention,indonesia,USDC
41,0.9600491140889131,2973215364008.326,458,S6_worst_case_no_intervention,indonesia,USDC
42,0.9668141873324759,2972786397741.7056,458,S6_worst_case_no_intervention,indonesia,USDC
43,0.9520812666878015,2972656385305.8096,458,S6_worst_case_no_intervention,indonesia,USDC
44,0.9342980417881946,2971915642354.807,458,S6_worst_case_no_intervention,indonesia,USDC
45,0.9553593963926453,2970383552532.4097,458,S6_worst_case_no_intervention,indonesia,USDC
46,0.9401259821799427,2969778399969.5137,458,S6_worst_case_no_intervention,indonesia,USDC
47,0.9421035308931838,2968562229159.3965,458,S6_worst_case_no_intervention,indonesia,USDC
48,0.9663716758630444,2967478511524.631,458,S6_worst_case_no_intervention,indonesia,USDC
49,0.983320999191843,2967368974751.757,458,S6_worst_case_no_intervention,indonesia,USDC
50,0.9782306345002704,2967368974751.757,458,S6_worst_case_no_intervention,indonesia,USDC
51,0.9668113589566645,2967368974751.757,458,S6_worst_case_no_intervention,indonesia,USDC
52,0.9695976924163392,2967266837268.2246,458,S6_worst_case_no_intervention,indonesia,USDC
53,0.9563321332936779,2967256624570.066,458,S6_worst_case_no_intervention,indonesia,USDC
54,0.9758797920698914,2966749124100.997,458,S6_worst_case_no_intervention,indonesia,USDC
55,1.004518732649211,2966749124100.997,458,S6_worst_case_no_intervention,indonesia,USDC
56,1.0059725975345588,2966749124100.997,458,S6_worst_case_no_intervention,indonesia,USDC
57,0.9972027953384102,2966749124100.997,458,S6_worst_case_no_intervention,indonesia,USDC
58,1.008118355016205,2966749124100.997,458,S6_worst_case_no_intervention,indonesia,USDC
59,1.042224492842058,2966749124100.997,458,S6_worst_case_no_intervention,indonesia,USDC
60,0.9998356714593205,2966749124100.997,458,S6_worst_case_no_intervention,indonesia,USDC
61,0.9857883238025045,2966749124100.997,458,S6_worst_case_no_intervention,indonesia,USDC
62,0.9688858077148265,2966749124100.997,458,S6_worst_case_no_intervention,indonesia,USDC
63,0.9524627106385418,2966707244933.3516,458,S6_worst_case_no_intervention,indonesia,USDC
64,0.9485362751845189,2966079122663.0327,458,S6_worst_case_no_intervention,indonesia,USDC
65,0.9329949541262006,2965287190701.5225,458,S6_worst_case_no_intervention,indonesia,USDC
66,0.9578243330298724,2963952053378.9463,458,S6_worst_case_no_intervention,indonesia,USDC
67,0.947103538369015,2963556509955.71,458,S6_worst_case_no_intervention,indonesia,USDC
68,0.9700606365153756,2962788399037.0083,458,S6_worst_case_no_intervention,indonesia,USDC
69,0.9944408826186639,2962788399037.0083,458,S6_worst_case_no_intervention,indonesia,USDC
70,0.9785773037847135,2962788399037.0083,458,S6_worst_case_no_intervention,indonesia,USDC
71,0.9787712494951814,2962788399037.0083,458,S6_worst_case_no_intervention,indonesia,USDC
72,0.9721730231520502,2962788399037.0083,458,S6_worst_case_no_intervention,indonesia,USDC
73,0.9529690735827533,2962788399037.0083,458,S6_worst_case_no_intervention,indonesia,USDC
74,0.9328902203818323,2962217798314.659,458,S6_worst_case_no_intervention,indonesia,USDC
75,0.955673607608251,2960996309505.8345,458,S6_worst_case_no_intervention,indonesia,USDC
76,0.941030968385634,2960571547855.5903,458,S6_worst_case_no_intervention,indonesia,USDC
77,0.9557480545153277,2959667181483.9863,458,S6_worst_case_no_intervention,indonesia,USDC
78,0.9220545981328453,2959235546376.449,458,S6_worst_case_no_intervention,indonesia,USDC
79,0.9204390982890603,2957830399820.9316,458,S6_worst_case_no_intervention,indonesia,USDC
80,0.9301226305039398,2956474801421.4883,458,S6_worst_case_no_intervention,indonesia,USDC
81,0.9466075954216238,2955465578197.0005,458,S6_worst_case_no_intervention,indonesia,USDC
82,0.9488326958508762,2954909581051.701,458,S6_worst_case_no_intervention,indonesia,USDC
83,0.9454572317546192,2954388778489.1846,458,S6_worst_case_no_intervention,indonesia,USDC
84,0.9486286901626763,2953779028245.701,458,S6_worst_case_no_intervention,indonesia,USDC
85,0.9534197279795504,2953294598498.2017,458,S6_worst_case_no_intervention,indonesia,USDC
86,0.9635899626178139,2952946605924.1543,458,S6_worst_case_no_intervention,indonesia,USDC
87,0.9601420241615671,2952808751769.458,458,S6_worst_case_no_intervention,indonesia,USDC
88,0.9361283351864554,2952592987532.6543,458,S6_worst_case_no_intervention,indonesia,USDC
89,0.948908524249645,2951856689728.267,458,S6_worst_case_no_intervention,indonesia,USDC
90,0.9274099406057049,2951404697006.3857,458,S6_worst_case_no_intervention,indonesia,USDC
91,0.9127279655901498,2950550356385.338,458,S6_worst_case_no_intervention,indonesia,USDC
92,0.9031016786885866,2949412056214.9077,458,S6_worst_case_no_intervention,indonesia,USDC
93,0.9162392133394943,2948124996266.379,458,S6_worst_case_no_intervention,indonesia,USDC
94,0.9222812940514842,2947162077534.166,458,S6_worst_case_no_intervention,indonesia,USDC
95,0.9490989627013405,2946399642061.921,458,S6_worst_case_no_intervention,indonesia,USDC
96,0.9388246751682887,2946080643587.624,458,S6_worst_case_no_intervention,indonesia,USDC
97,0.9304707235243184,2945606322465.254,458,S6_worst_case_no_intervention,indonesia,USDC
98,0.948062685981746,2945000406436.98,458,S6_worst_case_no_intervention,indonesia,USDC
99,0.9275618420265894,2944680811706.8984,458,S6_worst_case_no_intervention,indonesia,USDC
100,0.9223692988688414,2944087021329.2324,458,S6_worst_case_no_intervention,indonesia,USDC
101,0.8013382113795535,2943464731992.3926,458,S6_worst_case_no_intervention,indonesia,USDC
102,0.823311034990786,2941263740666.857,458,S6_worst_case_no_intervention,indonesia,USDC
103,0.8373444557940862,2939604185509.005,458,S6_worst_case_no_intervention,indonesia,USDC
104,0.8339296943555754,2938382285110.198,458,S6_worst_case_no_intervention,indonesia,USDC
105,0.8533424063578182,2937247070139.277,458,S6_worst_case_no_intervention,indonesia,USDC
106,0.8471860534545789,2936427848067.035,458,S6_worst_case_no_intervention,indonesia,USDC
107,0.8501143805310161,2935683012940.991,458,S6_worst_case_no_intervention,indonesia,USDC
108,0.8554440051262808,2935030388788.259,458,S6_worst_case_no_intervention,indonesia,USDC
109,0.876697856247176,2934493947651.674,458,S6_worst_case_no_intervention,indonesia,USDC
110,0.8891360661738038,2934116273016.9126,458,S6_worst_case_no_intervention,indonesia,USDC
111,0.8932226086286239,2933797272445.634,458,S6_worst_case_no_intervention,indonesia,USDC
112,0.9239207961434224,2933538947974.8955,458,S6_worst_case_no_intervention,indonesia,USDC
113,0.9084081868024163,2933393140915.4336,458,S6_worst_case_no_intervention,indonesia,USDC
114,0.9400447370576356,2933196083550.076,458,S6_worst_case_no_intervention,indonesia,USDC
115,0.9523102965127949,2933115311966.3438,458,S6_worst_case_no_intervention,indonesia,USDC
116,0.9694130935802937,2933063782093.295,458,S6_worst_case_no_intervention,indonesia,USDC
117,0.990158218952,2933063782093.295,458,S6_worst_case_no_intervention,indonesia,USDC
118,1.0171498076155259,2933063782093.295,458,S6_worst_case_no_intervention,indonesia,USDC
119,1.0042295394638108,2933063782093.295,458,S6_worst_case_no_intervention,indonesia,USDC
120,1.0174205532672056,2933063782093.295,458,S6_worst_case_no_intervention,indonesia,USDC
121,1.025863848473923,2859737187540.9624,458,S6_worst_case_no_intervention,indonesia,USDC
122,0.9730808683116089,2788243757852.438,458,S6_worst_case_no_intervention,indonesia,USDC
123,0.9311241409797292,2718537663906.127,458,S6_worst_case_no_intervention,indonesia,USDC
124,0.9286486352766147,2650472270845.8315,458,S6_worst_case_no_intervention,indonesia,USDC
125,0.913104983228807,2584105943965.722,458,S6_worst_case_no_intervention,indonesia,USDC
126,0.8859679483715674,2519360523687.519,458,S6_worst_case_no_intervention,indonesia,USDC
127,0.8887098112307027,2456172453710.0273,458,S6_worst_case_no_intervention,indonesia,USDC
128,0.8505339957435986,2394591997319.614,458,S6_worst_case_no_intervention,indonesia,USDC
129,0.8102144690944848,2334489063439.231,458,S6_worst_case_no_intervention,indonesia,USDC
130,0.8048267104830307,2275840682954.444,458,S6_worst_case_no_intervention,indonesia,USDC
131,0.8240604039212976,2218702328571.5825,458,S6_worst_case_no_intervention,indonesia,USDC
132,0.8323671801597055,2163052925811.5835,458,S6_worst_case_no_intervention,indonesia,USDC
133,0.8038205168962503,2108830910413.158,458,S6_worst_case_no_intervention,indonesia,USDC
134,0.8043281044356142,2055962102877.835,458,S6_worst_case_no_intervention,indonesia,USDC
135,0.7862875992501757,2004440305860.338,458,S6_worst_case_no_intervention,indonesia,USDC
136,0.7834460556535554,1954220428818.4604,458,S6_worst_case_no_intervention,indonesia,USDC
137,0.8006965274808703,1905268475497.3184,458,S6_worst_case_no_intervention,indonesia,USDC
138,0.8127036798555631,1857568865632.6846,458,S6_worst_case_no_intervention,indonesia,USDC
139,0.8172209332195538,1811078231034.4463,458,S6_worst_case_no_intervention,indonesia,USDC
140,0.8131977184137302,1765756275307.9807,458,S6_worst_case_no_intervention,indonesia,USDC
141,0.8365906043184326,1721574994081.8413,458,S6_worst_case_no_intervention,indonesia,USDC
142,0.8327630163390998,1678508214141.8774,458,S6_worst_case_no_intervention,indonesia,USDC
143,0.8051664259894726,1636520618387.5706,458,S6_worst_case_no_intervention,indonesia,USDC
144,0.8186261387387092,1595582436517.0283,458,S6_worst_case_no_intervention,indonesia,USDC
145,0.8231130753985787,1555673623486.7378,458,S6_worst_case_no_intervention,indonesia,USDC
146,0.8089611330048745,1516765962813.551,458,S6_worst_case_no_intervention,indonesia,USDC
147,0.7988448746595173,1478831739514.1592,458,S6_worst_case_no_intervention,indonesia,USDC
148,0.7919054342027728,1441847584679.565,458,S6_worst_case_no_intervention,indonesia,USDC
149,0.7702862403474388,1405790614093.796,458,S6_worst_case_no_intervention,indonesia,USDC
150,0.7683599210391827,1370635635754.5154,458,S6_worst_case_no_intervention,indonesia,USDC
151,0.7542742604082442,1336361145339.8662,458,S6_worst_case_no_intervention,indonesia,USDC
152,0.7625995017953613,1302944828975.4795,458,S6_worst_case_no_intervention,indonesia,USDC
153,0.798622435677277,1270365968457.754,458,S6_worst_case_no_intervention,indonesia,USDC
154,0.7918640731771603,1238603453150.8943,458,S6_worst_case_no_intervention,indonesia,USDC
155,0.7845422965115866,1207635267753.2314,458,S6_worst_case_no_intervention,indonesia,USDC
156,0.77546461407988,1177441802323.29,458,S6_worst_case_no_intervention,indonesia,USDC
157,0.8107615580739049,1148003642130.794,458,S6_worst_case_no_intervention,indonesia,USDC
158,0.8111921671625633,1119302149453.6514,458,S6_worst_case_no_intervention,indonesia,USDC
159,0.8141381020391671,1091318413753.5662,458,S6_worst_case_no_intervention,indonesia,USDC
160,0.7854869701649259,1064034451638.3936,458,S6_worst_case_no_intervention,indonesia,USDC
161,0.7790225175105824,1037432565840.2769,458,S6_worst_case_no_intervention,indonesia,USDC
162,0.7874706547880698,1011495905941.133,458,S6_worst_case_no_intervention,indonesia,USDC
163,0.7865302253725426,986207866449.9336,458,S6_worst_case_no_intervention,indonesia,USDC
164,0.7821705247962059,961552116909.6375,458,S6_worst_case_no_intervention,indonesia,USDC
165,0.7910864843584426,937512862257.7935,458,S6_worst_case_no_intervention,indonesia,USDC
166,0.7934552888883581,914074683597.625,458,S6_worst_case_no_intervention,indonesia,USDC
167,0.8045906068897475,891222539218.4393,458,S6_worst_case_no_intervention,indonesia,USDC
168,0.8107112555121186,868941747081.5916,458,S6_worst_case_no_intervention,indonesia,USDC
169,0.7967009471491618,847218028021.1516,458,S6_worst_case_no_intervention,indonesia,USDC
170,0.8038169333914736,826037419760.7275,458,S6_worst_case_no_intervention,indonesia,USDC
171,0.8175732763567438,805386356050.1453,458,S6_worst_case_no_intervention,indonesia,USDC
172,0.8097203351455395,785251594837.6925,458,S6_worst_case_no_intervention,indonesia,USDC
173,0.802049799095345,765620219672.5485,458,S6_worst_case_no_intervention,indonesia,USDC
174,0.7807032666474589,746479633932.7854,458,S6_worst_case_no_intervention,indonesia,USDC
175,0.7776674638950029,727817572629.4292,458,S6_worst_case_no_intervention,indonesia,USDC
176,0.7679650463227735,709622072476.0754,458,S6_worst_case_no_intervention,indonesia,USDC
177,0.7718690251149897,691881468190.665,458,S6_worst_case_no_intervention,indonesia,USDC
178,0.7728858368067971,674584393090.0344,458,S6_worst_case_no_intervention,indonesia,USDC
179,0.8074027030570735,657719752418.4956,458,S6_worst_case_no_intervention,indonesia,USDC
180,0.787324334001366,641276737643.3983,458,S6_worst_case_no_intervention,indonesia,USDC
181,0.8056305212496566,625244799040.4904,458,S6_worst_case_no_intervention,indonesia,USDC
182,0.813832682691287,609613664860.0166,458,S6_worst_case_no_intervention,indonesia,USDC
183,0.8109287277787818,594373311417.2852,458,S6_worst_case_no_intervention,indonesia,USDC
184,0.7765257507073968,579513968690.6832,458,S6_worst_case_no_intervention,indonesia,USDC
185,0.7952066415760656,565026109079.9724,458,S6_worst_case_no_intervention,indonesia,USDC
186,0.7868652500902839,550900448797.9447,458,S6_worst_case_no_intervention,indonesia,USDC
187,0.7575004253186562,537127931068.4419,458,S6_worst_case_no_intervention,indonesia,USDC
188,0.7504839177062417,523699726869.7013,458,S6_worst_case_no_intervention,indonesia,USDC
189,0.756514377277818,510607228550.39307,458,S6_worst_case_no_intervention,indonesia,USDC
190,0.772041121193424,497842044036.7206,458,S6_worst_case_no_intervention,indonesia,USDC
191,0.7532072185901698,485395990171.9453,458,S6_worst_case_no_intervention,indonesia,USDC
192,0.7317207643573377,473261088091.7744,458,S6_worst_case_no_intervention,indonesia,USDC
193,0.7229614063838693,461429558789.29736,458,S6_worst_case_no_intervention,indonesia,USDC
194,0.7268060043482224,449893818136.461,458,S6_worst_case_no_intervention,indonesia,USDC
195,0.7283262731899525,438646471470.94495,458,S6_worst_case_no_intervention,indonesia,USDC
196,0.7440926205789788,427680308793.8018,458,S6_worst_case_no_intervention,indonesia,USDC
197,0.7527058059768454,416988300453.702,458,S6_worst_case_no_intervention,indonesia,USDC
198,0.7691393720509664,406563592458.3965,458,S6_worst_case_no_intervention,indonesia,USDC
199,0.7424843290559712,396399502304.4397,458,S6_worst_case_no_intervention,indonesia,USDC
200,0.7605245782151855,386489514430.10455,458,S6_worst_case_no_intervention,indonesia,USDC
201,0.7610614011227378,376827276340.50305,458,S6_worst_case_no_intervention,indonesia,USDC
202,0.7556574282041302,367406594253.0222,458,S6_worst_case_no_intervention,indonesia,USDC
203,0.7700920157090441,358221429252.6465,458,S6_worst_case_no_intervention,indonesia,USDC
204,0.776544080874895,349265893420.7381,458,S6_worst_case_no_intervention,indonesia,USDC
205,0.8001291164891366,340534246007.18494,458,S6_worst_case_no_intervention,indonesia,USDC
206,0.8237605505219159,332020889800.5061,458,S6_worst_case_no_intervention,indonesia,USDC
207,0.819607504413249,323720367516.0115,458,S6_worst_case_no_intervention,indonesia,USDC
208,0.7550319987288873,315627358291.94946,458,S6_worst_case_no_intervention,indonesia,USDC
209,0.7742813446244654,307736674291.8331,458,S6_worst_case_no_intervention,indonesia,USDC
210,0.7751428071225103,300043257405.2075,458,S6_worst_case_no_intervention,indonesia,USDC
211,0.7591348817639612,292542175944.98157,458,S6_worst_case_no_intervention,indonesia,USDC
212,0.7755974356270442,285228621525.89465,458,S6_worst_case_no_intervention,indonesia,USDC
213,0.7660238930261969,278097905972.44995,458,S6_worst_case_no_intervention,indonesia,USDC
214,0.7860255538933679,271145458310.43823,458,S6_worst_case_no_intervention,indonesia,USDC
215,0.7558449564796659,264366821843.1323,458,S6_worst_case_no_intervention,indonesia,USDC
216,0.7812397671394483,257757651288.34616,458,S6_worst_case_no_intervention,indonesia,USDC
217,0.7942499556573176,251313709999.69284,458,S6_worst_case_no_intervention,indonesia,USDC
218,0.7932188186964404,245030867245.06134,458,S6_worst_case_no_intervention,indonesia,USDC
219,0.7676072668274058,238905095560.0758,458,S6_worst_case_no_intervention,indonesia,USDC
220,0.7716450185975599,232932468167.42752,458,S6_worst_case_no_intervention,indonesia,USDC
221,0.7726343953511601,227109156460.44193,458,S6_worst_case_no_intervention,indonesia,USDC
222,0.8014520023628384,221431427546.54443,458,S6_worst_case_no_intervention,indonesia,USDC
223,0.7926019253991462,215895641856.28873,458,S6_worst_case_no_intervention,indonesia,USDC
224,0.7784879946961868,210498250808.4641,458,S6_worst_case_no_intervention,indonesia,USDC
225,0.7872271570722111,205235794537.07452,458,S6_worst_case_no_intervention,indonesia,USDC
226,0.7587446785609063,200104899672.6764,458,S6_worst_case_no_intervention,indonesia,USDC
227,0.771712092407331,195102277179.98322,458,S6_worst_case_no_intervention,indonesia,USDC
228,0.7846072017743349,190224720249.82028,458,S6_worst_case_no_intervention,indonesia,USDC
229,0.7676303877908658,185469102243.07993,458,S6_worst_case_no_intervention,indonesia,USDC
230,0.808553748390138,180832374686.57104,458,S6_worst_case_no_intervention,indonesia,USDC
231,0.8421044263025966,176311565319.13794,458,S6_worst_case_no_intervention,indonesia,USDC
232,0.839157030461567,171903776185.97272,458,S6_worst_case_no_intervention,indonesia,USDC
233,0.8491353637132796,167606181781.15323,458,S6_worst_case_no_intervention,indonesia,USDC
234,0.8415132139421967,163416027236.49692,458,S6_worst_case_no_intervention,indonesia,USDC
235,0.8233665406310477,159330626555.46222,458,S6_worst_case_no_intervention,indonesia,USDC
236,0.8053286513456943,155347360891.4537,458,S6_worst_case_no_intervention,indonesia,USDC
237,0.809501813616907,151463676869.0478,458,S6_worst_case_no_intervention,indonesia,USDC
238,0.7950423464562877,147677084947.2282,458,S6_worst_case_no_intervention,indonesia,USDC
239,0.7861113304042472,143985157823.45776,458,S6_worst_case_no_intervention,indonesia,USDC
240,0.8076748123250578,140385528877.79688,458,S6_worst_case_no_intervention,indonesia,USDC
241,0.8045631829635235,136875890655.79803,458,S6_worst_case_no_intervention,indonesia,USDC
242,0.7665940718314721,133453993389.3558,458,S6_worst_case_no_intervention,indonesia,USDC
243,0.7737210727549252,130117643554.57132,458,S6_worst_case_no_intervention,indonesia,USDC
244,0.7761020491212246,126864702465.66913,458,S6_worst_case_no_intervention,indonesia,USDC
245,0.7765127787584342,123693084903.99687,458,S6_worst_case_no_intervention,indonesia,USDC
246,0.7827094476923873,120600757781.37305,458,S6_worst_case_no_intervention,indonesia,USDC
247,0.7948391137364617,117585738836.82043,458,S6_worst_case_no_intervention,indonesia,USDC
248,0.7897615863638403,114646095365.88547,458,S6_worst_case_no_intervention,indonesia,USDC
249,0.7942281272580461,111779942981.72685,458,S6_worst_case_no_intervention,indonesia,USDC
250,0.7770306445902321,108985444407.17444,458,S6_worst_case_no_intervention,indonesia,USDC
251,0.7873613527160357,106260808296.98633,458,S6_worst_case_no_intervention,indonesia,USDC
252,0.7947595590305946,103604288089.55487,458,S6_worst_case_no_intervention,indonesia,USDC
253,0.8093445650277427,101014180887.3107,458,S6_worst_case_no_intervention,indonesia,USDC
254,0.7931971864715113,98488826365.12402,458,S6_worst_case_no_intervention,indonesia,USDC
255,0.798515479085679,96026605705.99239,458,S6_worst_case_no_intervention,indonesia,USDC
256,0.7933145774236435,93625940563.33981,458,S6_worst_case_no_intervention,indonesia,USDC
257,0.7541275510253926,91285292049.25389,458,S6_worst_case_no_intervention,indonesia,USDC
258,0.7512918491526335,89003159748.02014,458,S6_worst_case_no_intervention,indonesia,USDC
259,0.7609737216371072,86778080754.31764,458,S6_worst_case_no_intervention,indonesia,USDC
260,0.7734885703142902,84608628735.45825,458,S6_worst_case_no_intervention,indonesia,USDC
261,0.7798329979025563,82493413017.07072,458,S6_worst_case_no_intervention,indonesia,USDC
262,0.789784504511677,80431077691.64313,458,S6_worst_case_no_intervention,indonesia,USDC
263,0.8096229283351233,78420300749.3514,458,S6_worst_case_no_intervention,indonesia,USDC
264,0.8085876607253284,76459793230.61713,458,S6_worst_case_no_intervention,indonesia,USDC
265,0.8100590681143854,74548298399.85127,458,S6_worst_case_no_intervention,indonesia,USDC
266,0.8152779534711305,72684590939.85466,458,S6_worst_case_no_intervention,indonesia,USDC
267,0.81240572744201,70867476166.35802,458,S6_worst_case_no_intervention,indonesia,USDC
268,0.8175092617542485,69095789262.19884,458,S6_worst_case_no_intervention,indonesia,USDC
269,0.8046428003404644,67368394530.64368,458,S6_worst_case_no_intervention,indonesia,USDC
270,0.7895077822265809,65684184667.37741,458,S6_worst_case_no_intervention,indonesia,USDC
271,0.7914949848574454,64042080050.69282,458,S6_worst_case_no_intervention,indonesia,USDC
272,0.7733408798518275,62441028049.42537,458,S6_worst_case_no_intervention,indonesia,USDC
273,0.7627626480763333,60880002348.189606,458,S6_worst_case_no_intervention,indonesia,USDC
274,0.7714900983190762,59358002289.48476,458,S6_worst_case_no_intervention,indonesia,USDC
275,0.7727381654327421,57874052232.24756,458,S6_worst_case_no_intervention,indonesia,USDC
276,0.7877376396270285,56427200926.441315,458,S6_worst_case_no_intervention,indonesia,USDC
277,0.7861733520621128,55016520903.28023,458,S6_worst_case_no_intervention,indonesia,USDC
278,0.8126237982473038,53641107880.6982,458,S6_worst_case_no_intervention,indonesia,USDC
279,0.8311156300427498,52300080183.68071,458,S6_worst_case_no_intervention,indonesia,USDC
280,0.8254884712117913,50992578179.08868,458,S6_worst_case_no_intervention,indonesia,USDC
281,0.8215738156587836,49717763724.611435,458,S6_worst_case_no_intervention,indonesia,USDC
282,0.8086733375118347,48474819631.49613,458,S6_worst_case_no_intervention,indonesia,USDC
283,0.8031424087912712,47262949140.70872,458,S6_worst_case_no_intervention,indonesia,USDC
284,0.7989379690911353,46081375412.19099,458,S6_worst_case_no_intervention,indonesia,USDC
285,0.8069895022889413,44929341026.8862,458,S6_worst_case_no_intervention,indonesia,USDC
286,0.7919336010475861,43806107501.214035,458,S6_worst_case_no_intervention,indonesia,USDC
287,0.7585955294772012,42710954813.683685,458,S6_worst_case_no_intervention,indonesia,USDC
288,0.7580445870762931,41643180943.34158,458,S6_worst_case_no_intervention,indonesia,USDC
289,0.7765493061490039,40602101419.75804,458,S6_worst_case_no_intervention,indonesia,USDC
290,0.7665807409046681,39587048884.264084,458,S6_worst_case_no_intervention,indonesia,USDC
291,0.759315597834798,38597372662.15747,458,S6_worst_case_no_intervention,indonesia,USDC
292,0.7753350744794913,37632438345.60353,458,S6_worst_case_no_intervention,indonesia,USDC
293,0.7714728545503555,36691627386.96344,458,S6_worst_case_no_intervention,indonesia,USDC
294,0.7728780291669975,35774336702.28936,458,S6_worst_case_no_intervention,indonesia,USDC
295,0.7687253765658647,34879978284.732124,458,S6_worst_case_no_intervention,indonesia,USDC
296,0.7626585113469695,34007978827.613815,458,S6_worst_case_no_intervention,indonesia,USDC
297,0.7763792703112502,33157779356.923477,458,S6_worst_case_no_intervention,indonesia,USDC
298,0.7875662045846311,32328834873.00039,458,S6_worst_case_no_intervention,indonesia,USDC
299,0.8068220843569631,31520614001.175377,458,S6_worst_case_no_intervention,indonesia,USDC
300,0.773654781232092,30732598651.145992,458,S6_worst_case_no_intervention,indonesia,USDC
301,0.7823068601365154,29964283684.867344,458,S6_worst_case_no_intervention,indonesia,USDC
302,0.7849851285404909,29215176592.74566,458,S6_worst_case_no_intervention,indonesia,USDC
303,0.7995469122161485,28484797177.92702,458,S6_worst_case_no_intervention,indonesia,USDC
304,0.8088514151948825,27772677248.478844,458,S6_worst_case_no_intervention,indonesia,USDC
305,0.8046493528180151,27078360317.266876,458,S6_worst_case_no_intervention,indonesia,USDC
306,0.8093214801655544,26401401309.335205,458,S6_worst_case_no_intervention,indonesia,USDC
307,0.7797077189959317,25741366276.60182,458,S6_worst_case_no_intervention,indonesia,USDC
308,0.7598793882620857,25097832119.686775,458,S6_worst_case_no_intervention,indonesia,USDC
309,0.7576846330110589,24470386316.69461,458,S6_worst_case_no_intervention,indonesia,USDC
310,0.756741941423963,23858626658.777245,458,S6_worst_case_no_intervention,indonesia,USDC
311,0.7712417927550193,23262160992.30781,458,S6_worst_case_no_intervention,indonesia,USDC
312,0.7868659007069876,22680606967.50012,458,S6_worst_case_no_intervention,indonesia,USDC
313,0.8135777652857423,22113591793.312614,458,S6_worst_case_no_intervention,indonesia,USDC
314,0.7901656061590567,21560751998.479797,458,S6_worst_case_no_intervention,indonesia,USDC
315,0.8046470193563692,21021733198.517803,458,S6_worst_case_no_intervention,indonesia,USDC
316,0.8029083502676253,20496189868.55486,458,S6_worst_case_no_intervention,indonesia,USDC
317,0.8117748919630321,19983785121.84099,458,S6_worst_case_no_intervention,indonesia,USDC
318,0.8133670707035929,19484190493.79496,458,S6_worst_case_no_intervention,indonesia,USDC
319,0.7991194997516445,18997085731.45009,458,S6_worst_case_no_intervention,indonesia,USDC
320,0.8203430985894902,18522158588.163834,458,S6_worst_case_no_intervention,indonesia,USDC
321,0.8235322812223502,18059104623.45974,458,S6_worst_case_no_intervention,indonesia,USDC
322,0.8025336159538731,17607627007.873245,458,S6_worst_case_no_intervention,indonesia,USDC
323,0.822936045544344,17167436332.676416,458,S6_worst_case_no_intervention,indonesia,USDC
324,0.8389251356866733,16738250424.359507,458,S6_worst_case_no_intervention,indonesia,USDC
325,0.8417333703872474,16319794163.750519,458,S6_worst_case_no_intervention,indonesia,USDC
326,0.8369168169124189,15911799309.656757,458,S6_worst_case_no_intervention,indonesia,USDC
327,0.8308450434335019,15514004326.915337,458,S6_worst_case_no_intervention,indonesia,USDC
328,0.7965115290607322,15126154218.742455,458,S6_worst_case_no_intervention,indonesia,USDC
329,0.8192068111735029,14748000363.273893,458,S6_worst_case_no_intervention,indonesia,USDC
330,0.7968695870030841,14379300354.192045,458,S6_worst_case_no_intervention,indonesia,USDC
331,0.7926002602653165,14019817845.337244,458,S6_worst_case_no_intervention,indonesia,USDC
332,0.8247559167698895,13669322399.203812,458,S6_worst_case_no_intervention,indonesia,USDC
333,0.8296474554802324,13327589339.223719,458,S6_worst_case_no_intervention,indonesia,USDC
334,0.8271948919048545,12994399605.743126,458,S6_worst_case_no_intervention,indonesia,USDC
335,0.8190383371031096,12669539615.599548,458,S6_worst_case_no_intervention,indonesia,USDC
336,0.7967129597451988,12352801125.209558,458,S6_worst_case_no_intervention,indonesia,USDC
337,0.8280322776581651,12043981097.079319,458,S6_worst_case_no_intervention,indonesia,USDC
338,0.8166506407515283,11742881569.652336,458,S6_worst_case_no_intervention,indonesia,USDC
339,0.808533683250963,11449309530.411028,458,S6_worst_case_no_intervention,indonesia,USDC
340,0.8040529229511523,11163076792.150753,458,S6_worst_case_no_intervention,indonesia,USDC
341,0.796924031009887,10883999872.346985,458,S6_worst_case_no_intervention,indonesia,USDC
342,0.7869704759865154,10611899875.538311,458,S6_worst_case_no_intervention,indonesia,USDC
343,0.7789283195876989,10346602378.649853,458,S6_worst_case_no_intervention,indonesia,USDC
344,0.7820177605251623,10087937319.183605,458,S6_worst_case_no_intervention,indonesia,USDC
345,0.7570801331903808,9835738886.204016,458,S6_worst_case_no_intervention,indonesia,USDC
346,0.7804759559557698,9589845414.048916,458,S6_worst_case_no_intervention,indonesia,USDC
347,0.7601244420441517,9350099278.697693,458,S6_worst_case_no_intervention,indonesia,USDC
348,0.7533625964414108,9116346796.730251,458,S6_worst_case_no_intervention,indonesia,USDC
349,0.7332692106045353,8888438126.811995,458,S6_worst_case_no_intervention,indonesia,USDC
350,0.7502428024879085,8666227173.641695,458,S6_worst_case_no_intervention,indonesia,USDC
351,0.7574363944001656,8449571494.300653,458,S6_worst_case_no_intervention,indonesia,USDC
352,0.7627111040317569,8238332206.943136,458,S6_worst_case_no_intervention,indonesia,USDC
353,0.7440790298560153,8032373901.769559,458,S6_worst_case_no_intervention,indonesia,USDC
354,0.7753299984298512,7831564554.22532,458,S6_worst_case_no_intervention,indonesia,USDC
355,0.7695296169790028,7635775440.369686,458,S6_worst_case_no_intervention,indonesia,USDC
356,0.7642099183038752,7444881054.360444,458,S6_worst_case_no_intervention,indonesia,USDC
357,0.757470789963798,7258759028.001434,458,S6_worst_case_no_intervention,indonesia,USDC
358,0.7929352885800562,7077290052.301397,458,S6_worst_case_no_intervention,indonesia,USDC
359,0.7720346864597531,6900357800.993863,458,S6_worst_case_no_intervention,indonesia,USDC
360,0.7820802818876925,6727848855.969016,458,S6_worst_case_no_intervention,indonesia,USDC
361,0.7989084489186391,6559652634.569791,458,S6_worst_case_no_intervention,indonesia,USDC
362,0.8074084911347646,6395661318.705545,458,S6_worst_case_no_intervention,indonesia,USDC
363,0.8052327976827717,6235769785.737906,458,S6_worst_case_no_intervention,indonesia,USDC
364,0.8141008325582645,6079875541.09446,458,S6_worst_case_no_intervention,indonesia,USDC
365,0.809652872865671,5927878652.567098,458,S6_worst_case_no_intervention,indonesia,USDC
366,0.8136957336891549,5779681686.25292,458,S6_worst_case_no_intervention,indonesia,USDC
367,0.8102940337421899,5635189644.096597,458,S6_worst_case_no_intervention,indonesia,USDC
368,0.7900500490476866,5494309902.994183,458,S6_worst_case_no_intervention,indonesia,USDC
369,0.8024072131811326,5356952155.419327,458,S6_worst_case_no_intervention,indonesia,USDC
370,0.8094455426782508,5223028351.533844,458,S6_worst_case_no_intervention,indonesia,USDC
371,0.7915204500827402,5092452642.745498,458,S6_worst_case_no_intervention,indonesia,USDC
372,0.8153250796833199,4965141326.676861,458,S6_worst_case_no_intervention,indonesia,USDC
373,0.790637438305899,4841012793.509939,458,S6_worst_case_no_intervention,indonesia,USDC
374,0.805929761608605,4719987473.672191,458,S6_worst_case_no_intervention,indonesia,USDC
375,0.808796830966484,4601987786.830386,458,S6_worst_case_no_intervention,indonesia,USDC
376,0.8034147606938192,4486938092.159626,458,S6_worst_case_no_intervention,indonesia,USDC
377,0.8261604162141,4374764639.855636,458,S6_worst_case_no_intervention,indonesia,USDC
378,0.8331473661055827,4265395523.8592443,458,S6_worst_case_no_intervention,indonesia,USDC
379,0.8395514667121899,4158760635.762763,458,S6_worst_case_no_intervention,indonesia,USDC
380,0.8344377679863608,4054791619.868694,458,S6_worst_case_no_intervention,indonesia,USDC
381,0.8046899774063334,3953421829.3719764,458,S6_worst_case_no_intervention,indonesia,USDC
382,0.7807339876708798,3854586283.637677,458,S6_worst_case_no_intervention,indonesia,USDC
383,0.7695837797513908,3758221626.5467353,458,S6_worst_case_no_intervention,indonesia,USDC
384,0.7680574676658697,3664266085.883067,458,S6_worst_case_no_intervention,indonesia,USDC
385,0.7729951663397259,3572659433.7359905,458,S6_worst_case_no_intervention,indonesia,USDC
386,0.7845596593433521,3483342947.8925905,458,S6_worst_case_no_intervention,indonesia,USDC
387,0.7967878356111187,3396259374.1952763,458,S6_worst_case_no_intervention,indonesia,USDC
388,0.8121805962561899,3311352889.840394,458,S6_worst_case_no_intervention,indonesia,USDC
389,0.8255672207717625,3228569067.594384,458,S6_worst_case_no_intervention,indonesia,USDC
390,0.8167472803552859,3147854840.904525,458,S6_worst_case_no_intervention,indonesia,USDC
391,0.7914992470982322,3069158469.8819113,458,S6_worst_case_no_intervention,indonesia,USDC
392,0.7889731088104994,2992429508.134864,458,S6_worst_case_no_intervention,indonesia,USDC
393,0.775606594029274,2917618770.431492,458,S6_worst_case_no_intervention,indonesia,USDC
394,0.7714601250237575,2844678301.170705,458,S6_worst_case_no_intervention,indonesia,USDC
395,0.7651106391422453,2773561343.641437,458,S6_worst_case_no_intervention,indonesia,USDC
396,0.7790073074796958,2704222310.050401,458,S6_worst_case_no_intervention,indonesia,USDC
397,0.7506374636220516,2636616752.2991414,458,S6_worst_case_no_intervention,indonesia,USDC
398,0.7591607520546052,2570701333.4916625,458,S6_worst_case_no_intervention,indonesia,USDC
399,0.7764064105024507,2506433800.1543713,458,S6_worst_case_no_intervention,indonesia,USDC
400,0.7747591389504422,2443772955.1505117,458,S6_worst_case_no_intervention,indonesia,USDC
401,0.7854617441972036,2382678631.271749,458,S6_worst_case_no_intervention,indonesia,USDC
402,0.7796738357659125,2323111665.489955,458,S6_worst_case_no_intervention,indonesia,USDC
403,0.7797674791547524,2265033873.852706,458,S6_worst_case_no_intervention,indonesia,USDC
404,0.7802390217313218,2208408027.0063887,458,S6_worst_case_no_intervention,indonesia,USDC
405,0.7917063793689763,2153197826.3312287,458,S6_worst_case_no_intervention,indonesia,USDC
406,0.7776130891047337,2099367880.6729481,458,S6_worst_case_no_intervention,indonesia,USDC
407,0.787590082348141,2046883683.6561246,458,S6_worst_case_no_intervention,indonesia,USDC
408,0.8180300888447645,1995711591.564721,458,S6_worst_case_no_intervention,indonesia,USDC
409,0.8215857097614442,1945818801.7756033,458,S6_worst_case_no_intervention,indonesia,USDC
410,0.8131889035823655,1897173331.731213,458,S6_worst_case_no_intervention,indonesia,USDC
411,0.8141471268811609,1849743998.4379327,458,S6_worst_case_no_intervention,indonesia,USDC
412,0.8146356448060785,1803500398.4769845,458,S6_worst_case_no_intervention,indonesia,USDC
413,0.7956829905939087,1758412888.51506,458,S6_worst_case_no_intervention,indonesia,USDC
414,0.7996497770109589,1714452566.3021836,458,S6_worst_case_no_intervention,indonesia,USDC
415,0.8190730734183667,1671591252.1446288,458,S6_worst_case_no_intervention,indonesia,USDC
416,0.8207809735852853,1629801470.841013,458,S6_worst_case_no_intervention,indonesia,USDC
417,0.8057467914561158,1589056434.069988,458,S6_worst_case_no_intervention,indonesia,USDC
418,0.8108833073231532,1549330023.2182384,458,S6_worst_case_no_intervention,indonesia,USDC
419,0.802811442124832,1510596772.637782,458,S6_worst_case_no_intervention,indonesia,USDC
420,0.7905564917771384,1472831853.3218377,458,S6_worst_case_no_intervention,indonesia,USDC
421,0.7986676800880124,1436011056.9887917,458,S6_worst_case_no_intervention,indonesia,USDC
422,0.7795548975513404,1400110780.5640721,458,S6_worst_case_no_intervention,indonesia,USDC
423,0.7949270608804808,1365108011.0499701,458,S6_worst_case_no_intervention,indonesia,USDC
424,0.7754032575082251,1330980310.773721,458,S6_worst_case_no_intervention,indonesia,USDC
425,0.7824750100352541,1297705803.0043778,458,S6_worst_case_no_intervention,indonesia,USDC
426,0.783367132738474,1265263157.9292686,458,S6_worst_case_no_intervention,indonesia,USDC
427,0.7982263947767008,1233631578.9810367,458,S6_worst_case_no_intervention,indonesia,USDC
428,0.7892854738120202,1202790789.5065107,458,S6_worst_case_no_intervention,indonesia,USDC
429,0.793823528950296,1172721019.7688482,458,S6_worst_case_no_intervention,indonesia,USDC
430,0.8025774820282435,1143402994.274627,458,S6_worst_case_no_intervention,indonesia,USDC
431,0.7921865655429905,1114817919.417761,458,S6_worst_case_no_intervention,indonesia,USDC
432,0.7907672450093327,1086947471.432317,458,S6_worst_case_no_intervention,indonesia,USDC
433,0.7835884034564147,1059773784.6465092,458,S6_worst_case_no_intervention,indonesia,USDC
434,0.7803453214682082,1033279440.0303465,458,S6_worst_case_no_intervention,indonesia,USDC
435,0.7558846316621586,1007447454.0295879,458,S6_worst_case_no_intervention,indonesia,USDC
436,0.7422065347365531,982261267.6788483,458,S6_worst_case_no_intervention,indonesia,USDC
437,0.7460041592867962,957704735.986877,458,S6_worst_case_no_intervention,indonesia,USDC
438,0.722519397042218,933762117.587205,458,S6_worst_case_no_intervention,indonesia,USDC
439,0.7298543201578039,910418064.6475248,458,S6_worst_case_no_intervention,indonesia,USDC
440,0.7415634512167755,887657613.0313368,458,S6_worst_case_no_intervention,indonesia,USDC
441,0.7284743533462642,865466172.7055533,458,S6_worst_case_no_intervention,indonesia,USDC
442,0.7312682158952054,843829518.3879147,458,S6_worst_case_no_intervention,indonesia,USDC
443,0.7498590584151692,822733780.4282167,458,S6_worst_case_no_intervention,indonesia,USDC
444,0.7590464748404555,802165435.9175113,458,S6_worst_case_no_intervention,indonesia,USDC
445,0.7650379625854267,782111300.0195735,458,S6_worst_case_no_intervention,indonesia,USDC
446,0.789330406071599,762558517.5190842,458,S6_worst_case_no_intervention,indonesia,USDC
447,0.7877085258259765,743494554.581107,458,S6_worst_case_no_intervention,indonesia,USDC
448,0.795845785994639,724907190.7165793,458,S6_worst_case_no_intervention,indonesia,USDC
449,0.8012938937987925,706784510.9486649,458,S6_worst_case_no_intervention,indonesia,USDC
450,0.7936464875808317,689114898.1749482,458,S6_worst_case_no_intervention,indonesia,USDC
451,0.8096166511332019,671887025.7205745,458,S6_worst_case_no_intervention,indonesia,USDC
452,0.8000646696653342,655089850.0775602,458,S6_worst_case_no_intervention,indonesia,USDC
453,0.7716760305914947,638712603.8256211,458,S6_worst_case_no_intervention,indonesia,USDC
454,0.7534130329611118,622744788.7299806,458,S6_worst_case_no_intervention,indonesia,USDC
455,0.7662576984072191,607176169.011731,458,S6_worst_case_no_intervention,indonesia,USDC
456,0.7557001092714966,591996764.7864377,458,S6_worst_case_no_intervention,indonesia,USDC
457,0.7845190876376794,577196845.6667769,458,S6_worst_case_no_intervention,indonesia,USDC
458,0.8056297791793312,562766924.5251074,458,S6_worst_case_no_intervention,indonesia,USDC
459,0.7992351816115069,548697751.4119797,458,S6_worst_case_no_intervention,indonesia,USDC
460,0.7689889027536603,534980307.62668025,458,S6_worst_case_no_intervention,indonesia,USDC
461,0.7615537249727219,521605799.9360133,458,S6_worst_case_no_intervention,indonesia,USDC
462,0.7598633753100626,508565654.9376129,458,S6_worst_case_no_intervention,indonesia,USDC
463,0.7672257727685766,495851513.5641726,458,S6_worst_case_no_intervention,indonesia,USDC
464,0.7518111836715118,483455225.7250683,458,S6_worst_case_no_intervention,indonesia,USDC
465,0.73869937830941,471368845.0819416,458,S6_worst_case_no_intervention,indonesia,USDC
466,0.7352446878536495,459584623.95489305,458,S6_worst_case_no_intervention,indonesia,USDC
467,0.7308064835846115,448095008.3560208,458,S6_worst_case_no_intervention,indonesia,USDC
468,0.7346577354128561,436892633.14712024,458,S6_worst_case_no_intervention,indonesia,USDC
469,0.7537649356242281,425970317.3184422,458,S6_worst_case_no_intervention,indonesia,USDC
470,0.7645205127876209,415321059.3854811,458,S6_worst_case_no_intervention,indonesia,USDC
471,0.7647072625905851,404938032.90084416,458,S6_worst_case_no_intervention,indonesia,USDC
472,0.7566672616556248,394814582.078323,458,S6_worst_case_no_intervention,indonesia,USDC
473,0.7534462016033029,384944217.5263649,458,S6_worst_case_no_intervention,indonesia,USDC
474,0.7433910043501564,375320612.0882058,458,S6_worst_case_no_intervention,indonesia,USDC
475,0.7687255839032491,365937596.78600067,458,S6_worst_case_no_intervention,indonesia,USDC
476,0.7947376214911293,356789156.86635065,458,S6_worst_case_no_intervention,indonesia,USDC
477,0.7872876372560184,347869427.9446919,458,S6_worst_case_no_intervention,indonesia,USDC
478,0.76040571547545,339172692.24607456,458,S6_worst_case_no_intervention,indonesia,USDC
479,0.7613741030042233,330693374.9399227,458,S6_worst_case_no_intervention,indonesia,USDC
480,0.7808208700369197,322426040.5664246,458,S6_worst_case_no_intervention,indonesia,USDC
481,0.7601413775280212,314365389.55226403,458,S6_worst_case_no_intervention,indonesia,USDC
482,0.7540091336745268,306506254.8134574,458,S6_worst_case_no_intervention,indonesia,USDC
483,0.7623286159056518,298843598.44312096,458,S6_worst_case_no_intervention,indonesia,USDC
484,0.7720521138490232,291372508.48204297,458,S6_worst_case_no_intervention,indonesia,USDC
485,0.7544231409277707,284088195.7699919,458,S6_worst_case_no_intervention,indonesia,USDC
486,0.7735385147480065,276985990.8757421,458,S6_worst_case_no_intervention,indonesia,USDC
487,0.7550393877539117,270061341.1038485,458,S6_worst_case_no_intervention,indonesia,USDC
488,0.7744409106804139,263309807.57625228,458,S6_worst_case_no_intervention,indonesia,USDC
489,0.7546071881229106,256727062.38684598,458,S6_worst_case_no_intervention,indonesia,USDC
490,0.7351725942317451,250308885.82717484,458,S6_worst_case_no_intervention,indonesia,USDC
491,0.7478446962955527,244051163.6814955,458,S6_worst_case_no_intervention,indonesia,USDC
492,0.7333280582995322,237949884.5894581,458,S6_worst_case_no_intervention,indonesia,USDC
493,0.7413417380084125,232001137.47472164,458,S6_worst_case_no_intervention,indonesia,USDC
494,0.7572153370866165,226201109.0378536,458,S6_worst_case_no_intervention,indonesia,USDC
495,0.7655631495448145,220546081.31190723,458,S6_worst_case_no_intervention,indonesia,USDC
496,0.7636387601220571,215032429.2791096,458,S6_worst_case_no_intervention,indonesia,USDC
497,0.7812332871044352,209656618.5471318,458,S6_worst_case_no_intervention,indonesia,USDC
498,0.7761301456806458,204415203.08345354,458,S6_worst_case_no_intervention,indonesia,USDC
499,0.7921984984620082,199304823.00636718,458,S6_worst_case_no_intervention,indonesia,USDC
500,0.7699492955014398,194322202.431208,458,S6_worst_case_no_intervention,indonesia,USDC
501,0.7587321888660855,189464147.3704278,458,S6_worst_case_no_intervention,indonesia,USDC
502,0.7504020338666462,184727543.68616712,458,S6_worst_case_no_intervention,indonesia,USDC
503,0.7582651185160578,180109355.09401292,458,S6_worst_case_no_intervention,indonesia,USDC
504,0.7697742088963738,175606621.21666262,458,S6_worst_case_no_intervention,indonesia,USDC
505,0.7831569923392646,171216455.68624607,458,S6_worst_case_no_intervention,indonesia,USDC
506,0.7768072724260646,166936044.2940899,458,S6_worst_case_no_intervention,indonesia,USDC
507,0.7701640957360048,162762643.18673766,458,S6_worst_case_no_intervention,indonesia,USDC
508,0.786498407511883,158693577.1070692,458,S6_worst_case_no_intervention,indonesia,USDC
509,0.781933418778562,154726237.67939246,458,S6_worst_case_no_intervention,indonesia,USDC
510,0.7905513797540842,150858081.73740768,458,S6_worst_case_no_intervention,indonesia,USDC
511,0.7867928847805,147086629.69397247,458,S6_worst_case_no_intervention,indonesia,USDC
512,0.7786547072953311,143409463.95162317,458,S6_worst_case_no_intervention,indonesia,USDC
513,0.7618279785945847,139824227.3528326,458,S6_worst_case_no_intervention,indonesia,USDC
514,0.7684217959906329,136328621.66901177,458,S6_worst_case_no_intervention,indonesia,USDC
515,0.7580584886202827,132920406.1272865,458,S6_worst_case_no_intervention,indonesia,USDC
516,0.7591035940532863,129597395.97410432,458,S6_worst_case_no_intervention,indonesia,USDC
517,0.7540745972873264,126357461.07475172,458,S6_worst_case_no_intervention,indonesia,USDC
518,0.7619200693158679,123198524.54788291,458,S6_worst_case_no_intervention,indonesia,USDC
519,0.7759752708588205,120118561.43418586,458,S6_worst_case_no_intervention,indonesia,USDC
520,0.7919195174962863,117115597.39833122,458,S6_worst_case_no_intervention,indonesia,USDC
521,0.7995016699784416,114187707.46337293,458,S6_worst_case_no_intervention,indonesia,USDC
522,0.8016023401790134,111333014.7767886,458,S6_worst_case_no_intervention,indonesia,USDC
523,0.7856875544730693,108549689.40736888,458,S6_worst_case_no_intervention,indonesia,USDC
524,0.7773714731585618,105835947.17218468,458,S6_worst_case_no_intervention,indonesia,USDC
525,0.7668675499269499,103190048.49288005,458,S6_worst_case_no_intervention,indonesia,USDC
526,0.7536993417222948,100610297.28055805,458,S6_worst_case_no_intervention,indonesia,USDC
527,0.7512709280468347,98095039.8485441,458,S6_worst_case_no_intervention,indonesia,USDC
528,0.7656887985577558,95642663.85233049,458,S6_worst_case_no_intervention,indonesia,USDC
529,0.7856309351434502,93251597.25602223,458,S6_worst_case_no_intervention,indonesia,USDC
530,0.799776761072195,90920307.32462168,458,S6_worst_case_no_intervention,indonesia,USDC
531,0.7753538176137229,88647299.64150614,458,S6_worst_case_no_intervention,indonesia,USDC
532,0.7864838395530296,86431117.15046848,458,S6_worst_case_no_intervention,indonesia,USDC
533,0.8093297758788964,84270339.22170678,458,S6_worst_case_no_intervention,indonesia,USDC
534,0.8108952474550867,82163580.74116409,458,S6_worst_case_no_intervention,indonesia,USDC
535,0.7879186109166089,80109491.222635,458,S6_worst_case_no_intervention,indonesia,USDC
536,0.8099426635477048,78106753.94206911,458,S6_worst_case_no_intervention,indonesia,USDC
537,0.7932951362462739,76154085.0935174,458,S6_worst_case_no_intervention,indonesia,USDC
538,0.8248884896321454,74250232.96617946,458,S6_worst_case_no_intervention,indonesia,USDC
539,0.8182334150503565,72393977.14202496,458,S6_worst_case_no_intervention,indonesia,USDC
540,0.8095510953615127,70584127.71347435,458,S6_worst_case_no_intervention,indonesia,USDC
541,0.8130877000123284,68819524.52063748,458,S6_worst_case_no_intervention,indonesia,USDC
542,0.8286123581836329,67099036.40762155,458,S6_worst_case_no_intervention,indonesia,USDC
543,0.8116769782811188,65421560.49743101,458,S6_worst_case_no_intervention,indonesia,USDC
544,0.7884264836887668,63786021.48499523,458,S6_worst_case_no_intervention,indonesia,USDC
545,0.7865416109240855,62191370.947870344,458,S6_worst_case_no_intervention,indonesia,USDC
546,0.7715130897919136,60636586.67417359,458,S6_worst_case_no_intervention,indonesia,USDC
547,0.7812629249848319,59120672.00731926,458,S6_worst_case_no_intervention,indonesia,USDC
548,0.7694326335944056,57642655.20713627,458,S6_worst_case_no_intervention,indonesia,USDC
549,0.7900635598636132,56201588.82695787,458,S6_worst_case_no_intervention,indonesia,USDC
550,0.783957465047213,54796549.10628392,458,S6_worst_case_no_intervention,indonesia,USDC
551,0.7790507938548233,53426635.37862682,458,S6_worst_case_no_intervention,indonesia,USDC
552,0.7753567321380834,52090969.49416116,458,S6_worst_case_no_intervention,indonesia,USDC
553,0.7846845527086097,50788695.256807126,458,S6_worst_case_no_intervention,indonesia,USDC
554,0.791948123786861,49518977.875386946,458,S6_worst_case_no_intervention,indonesia,USDC
555,0.7601178705800868,48281003.42850228,458,S6_worst_case_no_intervention,indonesia,USDC
556,0.7307868226601018,47073978.34278972,458,S6_worst_case_no_intervention,indonesia,USDC
557,0.7430471998588715,45897128.884219974,458,S6_worst_case_no_intervention,indonesia,USDC
558,0.7619400045003465,44749700.66211448,458,S6_worst_case_no_intervention,indonesia,USDC
559,0.793714307175882,43630958.14556161,458,S6_worst_case_no_intervention,indonesia,USDC
560,0.7922163340643503,42540184.191922575,458,S6_worst_case_no_intervention,indonesia,USDC
561,0.7942721965014746,41476679.58712451,458,S6_worst_case_no_intervention,indonesia,USDC
562,0.820034062738609,40439762.5974464,458,S6_worst_case_no_intervention,indonesia,USDC
563,0.8099349557083682,39428768.532510236,458,S6_worst_case_no_intervention,indonesia,USDC
564,0.8337376096316735,38443049.319197476,458,S6_worst_case_no_intervention,indonesia,USDC
565,0.8378787359519183,37481973.08621754,458,S6_worst_case_no_intervention,indonesia,USDC
566,0.8338577653541933,36544923.759062104,458,S6_worst_case_no_intervention,indonesia,USDC
567,0.8230008668576541,35631300.665085554,458,S6_worst_case_no_intervention,indonesia,USDC
568,0.8068107633344365,34740518.14845841,458,S6_worst_case_no_intervention,indonesia,USDC
569,0.8100190408171243,33872005.19474695,458,S6_worst_case_no_intervention,indonesia,USDC
570,0.8461716205031521,33025205.06487827,458,S6_worst_case_no_intervention,indonesia,USDC
571,0.8405688982259698,32199574.938256312,458,S6_worst_case_no_intervention,indonesia,USDC
572,0.8223714613953453,31394585.564799905,458,S6_worst_case_no_intervention,indonesia,USDC
573,0.7986469308468063,30609720.925679907,458,S6_worst_case_no_intervention,indonesia,USDC
574,0.7949279038199767,29844477.902537912,458,S6_worst_case_no_intervention,indonesia,USDC
575,0.807104860719019,29098365.954974465,458,S6_worst_case_no_intervention,indonesia,USDC
576,0.7885571657399327,28370906.8061001,458,S6_worst_case_no_intervention,indonesia,USDC
577,0.8092726543212819,27661634.135947604,458,S6_worst_case_no_intervention,indonesia,USDC
578,0.7862584028610163,26970093.282548912,458,S6_worst_case_no_intervention,indonesia,USDC
579,0.7531046867270108,26295840.950485192,458,S6_worst_case_no_intervention,indonesia,USDC
580,0.7371874708664525,25638444.926723063,458,S6_worst_case_no_intervention,indonesia,USDC
581,0.7405810047210009,24997483.803554986,458,S6_worst_case_no_intervention,indonesia,USDC
582,0.7654287258749063,24372546.70846611,458,S6_worst_case_no_intervention,indonesia,USDC
583,0.7848915909190055,23763233.04075446,458,S6_worst_case_no_intervention,indonesia,USDC
584,0.7755441520365274,23169152.214735597,458,S6_worst_case_no_intervention,indonesia,USDC
585,0.7817220240437404,22589923.409367204,458,S6_worst_case_no_intervention,indonesia,USDC
586,0.7862784309561212,22025175.324133024,458,S6_worst_case_no_intervention,indonesia,USDC
587,0.779045343043285,21474545.9410297,458,S6_worst_case_no_intervention,indonesia,USDC
588,0.7833435377246886,20937682.292503957,458,S6_worst_case_no_intervention,indonesia,USDC
589,0.7727558093047625,20414240.235191356,458,S6_worst_case_no_intervention,indonesia,USDC
590,0.7671503670970934,19903884.229311574,458,S6_worst_case_no_intervention,indonesia,USDC
591,0.7676424759118181,19406287.123578783,458,S6_worst_case_no_intervention,indonesia,USDC
592,0.7516263125622409,18921129.945489313,458,S6_worst_case_no_intervention,indonesia,USDC
593,0.7484242187281965,18448101.69685208,458,S6_worst_case_no_intervention,indonesia,USDC
594,0.7555169337422772,17986899.154430777,458,S6_worst_case_no_intervention,indonesia,USDC
595,0.759286444808095,17537226.67557001,458,S6_worst_case_no_intervention,indonesia,USDC
596,0.7490402543135043,17098796.00868076,458,S6_worst_case_no_intervention,indonesia,USDC
597,0.7769376120033771,16671326.108463742,458,S6_worst_case_no_intervention,indonesia,USDC
598,0.7878108652279108,16254542.95575215,458,S6_worst_case_no_intervention,indonesia,USDC
599,0.7845807249039648,15848179.381858343,458,S6_worst_case_no_intervention,indonesia,USDC
600,0.7882975240271999,15451974.897311885,458,S6_worst_case_no_intervention,indonesia,USDC
601,0.7866119904114796,15065675.524879089,458,S6_worst_case_no_intervention,indonesia,USDC
602,0.79227084164401,14689033.636757111,458,S6_worst_case_no_intervention,indonesia,USDC
603,0.7880203774232691,14321807.795838185,458,S6_worst_case_no_intervention,indonesia,USDC
604,0.8060891934849184,13963762.600942232,458,S6_worst_case_no_intervention,indonesia,USDC
605,0.8150989182895286,13614668.535918675,458,S6_worst_case_no_intervention,indonesia,USDC
606,0.8401295299193693,13274301.822520707,458,S6_worst_case_no_intervention,indonesia,USDC
607,0.8479225616815838,12942444.27695769,458,S6_worst_case_no_intervention,indonesia,USDC
608,0.8177257340534968,12618883.17003375,458,S6_worst_case_no_intervention,indonesia,USDC
609,0.8153092412310999,12303411.090782907,458,S6_worst_case_no_intervention,indonesia,USDC
610,0.7980955361009792,11995825.813513333,458,S6_worst_case_no_intervention,indonesia,USDC
611,0.7881418683579664,11695930.1681755,458,S6_worst_case_no_intervention,indonesia,USDC
612,0.7778611595862992,11403531.913971113,458,S6_worst_case_no_intervention,indonesia,USDC
613,0.7831372798725248,11118443.616121834,458,S6_worst_case_no_intervention,indonesia,USDC
614,0.7817023347917708,10840482.52571879,458,S6_worst_case_no_intervention,indonesia,USDC
615,0.7217069676921444,10569470.46257582,458,S6_worst_case_no_intervention,indonesia,USDC
616,0.7067777198390194,10305233.701011423,458,S6_worst_case_no_intervention,indonesia,USDC
617,0.7169294992150778,10047602.858486138,458,S6_worst_case_no_intervention,indonesia,USDC
618,0.7251645259826178,9796412.787023984,458,S6_worst_case_no_intervention,indonesia,USDC
619,0.7355308815598406,9551502.467348386,458,S6_worst_case_no_intervention,indonesia,USDC
620,0.7352000645282706,9312714.905664675,458,S6_worst_case_no_intervention,indonesia,USDC
621,0.7648876849653885,9079897.033023058,458,S6_worst_case_no_intervention,indonesia,USDC
622,0.7657079097318225,8852899.607197482,458,S6_worst_case_no_intervention,indonesia,USDC
623,0.775768098118707,8631577.117017545,458,S6_worst_case_no_intervention,indonesia,USDC
624,0.7657310306042718,8415787.689092105,458,S6_worst_case_no_intervention,indonesia,USDC
625,0.7778917381469579,8205392.996864803,458,S6_worst_case_no_intervention,indonesia,USDC
626,0.7577099913727414,8000258.171943182,458,S6_worst_case_no_intervention,indonesia,USDC
627,0.7537121466061844,7800251.717644604,458,S6_worst_case_no_intervention,indonesia,USDC
628,0.7617012254463387,7605245.424703488,458,S6_worst_case_no_intervention,indonesia,USDC
629,0.7850746186457948,7415114.289085902,458,S6_worst_case_no_intervention,indonesia,USDC
630,0.768727321276844,7229736.431858754,458,S6_worst_case_no_intervention,indonesia,USDC
631,0.7795569982682443,7048993.021062285,458,S6_worst_case_no_intervention,indonesia,USDC
632,0.6656053051712844,6872768.195535728,458,S6_worst_case_no_intervention,indonesia,USDC
633,0.6688475477589455,6700948.990647335,458,S6_worst_case_no_intervention,indonesia,USDC
634,0.7066054936238586,6533425.265881151,458,S6_worst_case_no_intervention,indonesia,USDC
635,0.7182171888698459,6370089.634234123,458,S6_worst_case_no_intervention,indonesia,USDC
636,0.704312895446801,6210837.393378269,458,S6_worst_case_no_intervention,indonesia,USDC
637,0.6116939195533689,6055566.458543813,458,S6_worst_case_no_intervention,indonesia,USDC
638,0.6588803189404923,5904177.297080217,458,S6_worst_case_no_intervention,indonesia,USDC
639,0.676961785922168,5756572.864653212,458,S6_worst_case_no_intervention,indonesia,USDC
640,0.6927789869143662,5612658.543036881,458,S6_worst_case_no_intervention,indonesia,USDC
641,0.7157003995892129,5472342.07946096,458,S6_worst_case_no_intervention,indonesia,USDC
642,0.7312371621007112,5335533.527474435,458,S6_worst_case_no_intervention,indonesia,USDC
643,0.7598460506053469,5202145.189287575,458,S6_worst_case_no_intervention,indonesia,USDC
644,0.762547640540912,5072091.559555385,458,S6_worst_case_no_intervention,indonesia,USDC
645,0.7435165241617625,4945289.270566501,458,S6_worst_case_no_intervention,indonesia,USDC
646,0.7560200377298708,4821657.038802338,458,S6_worst_case_no_intervention,indonesia,USDC
647,0.7526682793677493,4701115.61283228,458,S6_worst_case_no_intervention,indonesia,USDC
648,0.7573569992160456,4583587.722511472,458,S6_worst_case_no_intervention,indonesia,USDC
649,0.7887590924846821,4468998.029448685,458,S6_worst_case_no_intervention,indonesia,USDC
650,0.7858142742940826,4357273.078712469,458,S6_worst_case_no_intervention,indonesia,USDC
651,0.7892894333604709,4248341.251744657,458,S6_worst_case_no_intervention,indonesia,USDC
652,0.8062782655511276,4142132.72045104,458,S6_worst_case_no_intervention,indonesia,USDC
653,0.8081001569766305,4038579.402439764,458,S6_worst_case_no_intervention,indonesia,USDC
654,0.7999793449086336,3937614.91737877,458,S6_worst_case_no_intervention,indonesia,USDC
655,0.7882446490545808,3839174.544444301,458,S6_worst_case_no_intervention,indonesia,USDC
656,0.8047394414767601,3743195.1808331935,458,S6_worst_case_no_intervention,indonesia,USDC
657,0.824355406948671,3649615.3013123637,458,S6_worst_case_no_intervention,indonesia,USDC
658,0.8366263587273305,3558374.918779555,458,S6_worst_case_no_intervention,indonesia,USDC
659,0.8304948750452639,3469415.545810065,458,S6_worst_case_no_intervention,indonesia,USDC
660,0.852498664894695,3382680.157164814,458,S6_worst_case_no_intervention,indonesia,USDC
661,0.8606744330395335,3298113.1532356935,458,S6_worst_case_no_intervention,indonesia,USDC
662,0.8739364432338167,3215660.3244048012,458,S6_worst_case_no_intervention,indonesia,USDC
663,0.8924493731035089,3135268.8162946813,458,S6_worst_case_no_intervention,indonesia,USDC
664,0.8785735143106587,3056887.095887314,458,S6_worst_case_no_intervention,indonesia,USDC
665,0.8725933934260492,2980464.9184901314,458,S6_worst_case_no_intervention,indonesia,USDC
666,0.8179418824795902,2905953.2955278778,458,S6_worst_case_no_intervention,indonesia,USDC
667,0.8070951677239598,2833304.463139681,458,S6_worst_case_no_intervention,indonesia,USDC
668,0.8092957423521978,2762471.8515611887,458,S6_worst_case_no_intervention,indonesia,USDC
669,0.8226504790807666,2693410.055272159,458,S6_worst_case_no_intervention,indonesia,USDC
670,0.8316014137956379,2626074.803890355,458,S6_worst_case_no_intervention,indonesia,USDC
671,0.847578370032465,2560422.933793096,458,S6_worst_case_no_intervention,indonesia,USDC
672,0.7677189332582898,2496412.3604482687,458,S6_worst_case_no_intervention,indonesia,USDC
673,0.7642723368482964,2434002.0514370617,458,S6_worst_case_no_intervention,indonesia,USDC
674,0.7491593929032346,2373152.000151135,458,S6_worst_case_no_intervention,indonesia,USDC
675,0.7504042148399167,2313823.200147357,458,S6_worst_case_no_intervention,indonesia,USDC
676,0.7577740590334359,2255977.620143673,458,S6_worst_case_no_intervention,indonesia,USDC
677,0.780221994610211,2199578.1796400812,458,S6_worst_case_no_intervention,indonesia,USDC
678,0.7720459056805831,2144588.725149079,458,S6_worst_case_no_intervention,indonesia,USDC
679,0.7720787834787237,2090974.0070203522,458,S6_worst_case_no_intervention,indonesia,USDC
680,0.7692732373060203,2038699.6568448432,458,S6_worst_case_no_intervention,indonesia,USDC
681,0.7816242168739376,1987732.1654237222,458,S6_worst_case_no_intervention,indonesia,USDC
682,0.757995331006798,1938038.8612881294,458,S6_worst_case_no_intervention,indonesia,USDC
683,0.7811169774931099,1889587.889755926,458,S6_worst_case_no_intervention,indonesia,USDC
684,0.7935003079386179,1842348.1925120277,458,S6_worst_case_no_intervention,indonesia,USDC
685,0.8028756339003408,1796289.487699227,458,S6_worst_case_no_intervention,indonesia,USDC
686,0.7970529787397705,1751382.2505067463,458,S6_worst_case_no_intervention,indonesia,USDC
687,0.8198577477068529,1707597.694244078,458,S6_worst_case_no_intervention,indonesia,USDC
688,0.814971948296453,1664907.7518879757,458,S6_worst_case_no_intervention,indonesia,USDC
689,0.8322637932207864,1623285.0580907764,458,S6_worst_case_no_intervention,indonesia,USDC
690,0.8371612909966896,1582702.9316385072,458,S6_worst_case_no_intervention,indonesia,USDC
691,0.8483994789210264,1543135.3583475444,458,S6_worst_case_no_intervention,indonesia,USDC
692,0.864372174606509,1504556.974388856,458,S6_worst_case_no_intervention,indonesia,USDC
693,0.8452521353983826,1466943.0500291344,458,S6_worst_case_no_intervention,indonesia,USDC
694,0.8374012268836651,1430269.4737784062,458,S6_worst_case_no_intervention,indonesia,USDC
695,0.8456236724009708,1394512.7369339461,458,S6_worst_case_no_intervention,indonesia,USDC
696,0.8604699343107444,1359649.9185105972,458,S6_worst_case_no_intervention,indonesia,USDC
697,0.8693579505738657,1325658.6705478323,458,S6_worst_case_no_intervention,indonesia,USDC
698,0.8738588763332141,1292517.2037841366,458,S6_worst_case_no_intervention,indonesia,USDC
699,0.854177511981431,1260204.2736895331,458,S6_worst_case_no_intervention,indonesia,USDC
700,0.8614521934034319,1228699.1668472947,458,S6_worst_case_no_intervention,indonesia,USDC
701,0.8621677174401517,1197981.6876761124,458,S6_worst_case_no_intervention,indonesia,USDC
702,0.8579503026659235,1168032.1454842095,458,S6_worst_case_no_intervention,indonesia,USDC
703,0.8566928348308692,1138831.3418471045,458,S6_worst_case_no_intervention,indonesia,USDC
704,0.8525705090118739,1110360.5583009268,458,S6_worst_case_no_intervention,indonesia,USDC
705,0.8362943155040579,1082601.5443434038,458,S6_worst_case_no_intervention,indonesia,USDC
706,0.8290148064756067,1055536.5057348185,458,S6_worst_case_no_intervention,indonesia,USDC
707,0.826415700945743,1029148.0930914482,458,S6_worst_case_no_intervention,indonesia,USDC
708,0.7999727417921675,1003419.3907641621,458,S6_worst_case_no_intervention,indonesia,USDC
709,0.799283594865681,978333.9059950579,458,S6_worst_case_no_intervention,indonesia,USDC
710,0.8024210477367454,953875.5583451814,458,S6_worst_case_no_intervention,indonesia,USDC
711,0.7963010866667122,930028.669386552,458,S6_worst_case_no_intervention,indonesia,USDC
712,0.7843455515081411,906777.9526518881,458,S6_worst_case_no_intervention,indonesia,USDC
713,0.8205421322510962,884108.5038355908,458,S6_worst_case_no_intervention,indonesia,USDC
714,0.8569151940004227,862005.7912397012,458,S6_worst_case_no_intervention,indonesia,USDC
715,0.821700163570858,840455.6464587084,458,S6_worst_case_no_intervention,indonesia,USDC
716,0.790163682983338,819444.2552972409,458,S6_worst_case_no_intervention,indonesia,USDC
717,0.8079373160092552,798958.1489148098,458,S6_worst_case_no_intervention,indonesia,USDC
718,0.810126673291965,778984.1951919396,458,S6_worst_case_no_intervention,indonesia,USDC
719,0.7866637040036234,759509.5903121411,458,S6_worst_case_no_intervention,indonesia,USDC
720,0.7913734459815874,740521.8505543375,458,S6_worst_case_no_intervention,indonesia,USDC
721,0.7995259899444048,722008.8042904792,458,S6_worst_case_no_intervention,indonesia,USDC
722,0.7835561373555834,703958.5841832171,458,S6_worst_case_no_intervention,indonesia,USDC
723,0.7639025839038518,686359.6195786368,458,S6_worst_case_no_intervention,indonesia,USDC
724,0.7624334766801245,669200.6290891708,458,S6_worst_case_no_intervention,indonesia,USDC
725,0.7614683773283927,652470.6133619415,458,S6_worst_case_no_intervention,indonesia,USDC
726,0.7821543408149023,636158.8480278931,458,S6_worst_case_no_intervention,indonesia,USDC
727,0.786485391602289,620254.8768271958,458,S6_worst_case_no_intervention,indonesia,USDC
728,0.7783735289294522,604748.5049065158,458,S6_worst_case_no_intervention,indonesia,USDC
729,0.7848731286492884,589629.7922838529,458,S6_worst_case_no_intervention,indonesia,USDC
730,0.7942042768658375,574889.0474767566,458,S6_worst_case_no_intervention,indonesia,USDC
731,0.7672044405853276,560516.8212898377,458,S6_worst_case_no_intervention,indonesia,USDC
732,0.7729886827580913,546503.9007575917,458,S6_worst_case_no_intervention,indonesia,USDC
733,0.7909445003458189,532841.303238652,458,S6_worst_case_no_intervention,indonesia,USDC
734,0.7900465775009997,519520.27065768564,458,S6_worst_case_no_intervention,indonesia,USDC
735,0.7819621309220125,506532.2638912435,458,S6_worst_case_no_intervention,indonesia,USDC
736,0.8077122005141567,493868.9572939625,458,S6_worst_case_no_intervention,indonesia,USDC
737,0.7978992199937709,481522.23336161335,458,S6_worst_case_no_intervention,indonesia,USDC
738,0.8037087295669338,469484.1775275731,458,S6_worst_case_no_intervention,indonesia,USDC
739,0.8023468153944695,457747.07308938366,458,S6_worst_case_no_intervention,indonesia,USDC
740,0.8202390489317443,446303.3962621491,458,S6_worst_case_no_intervention,indonesia,USDC
741,0.8338519140906323,435145.81135559536,458,S6_worst_case_no_intervention,indonesia,USDC
742,0.803753706332292,424267.16607170546,458,S6_worst_case_no_intervention,indonesia,USDC
743,0.7934371860706108,413660.48691991286,458,S6_worst_case_no_intervention,indonesia,USDC
744,0.7957819365555143,403318.974746915,458,S6_worst_case_no_intervention,indonesia,USDC
745,0.8163092828407049,393236.0003782421,458,S6_worst_case_no_intervention,indonesia,USDC
746,0.8266742788451431,383405.10036878614,458,S6_worst_case_no_intervention,indonesia,USDC
747,0.8168995740725464,373819.97285956645,458,S6_worst_case_no_intervention,indonesia,USDC
748,0.8171595761053767,364474.4735380773,458,S6_worst_case_no_intervention,indonesia,USDC
749,0.8329654665305015,355362.6116996253,458,S6_worst_case_no_intervention,indonesia,USDC
750,0.8198521768577738,346478.54640713474,458,S6_worst_case_no_intervention,indonesia,USDC
751,0.7992721477533279,337816.5827469563,458,S6_worst_case_no_intervention,indonesia,USDC
752,0.7809886127501234,329371.16817828245,458,S6_worst_case_no_intervention,indonesia,USDC
753,0.763122676534682,321136.8889738254,458,S6_worst_case_no_intervention,indonesia,USDC
754,0.7699208604958706,313108.46674947976,458,S6_worst_case_no_intervention,indonesia,USDC
755,0.7639706578789646,305280.75508074276,458,S6_worst_case_no_intervention,indonesia,USDC
756,0.748979888062174,297648.73620372417,458,S6_worst_case_no_intervention,indonesia,USDC
757,0.7379218553979219,290207.5177986311,458,S6_worst_case_no_intervention,indonesia,USDC
758,0.75109562328124,282952.3298536653,458,S6_worst_case_no_intervention,indonesia,USDC
759,0.7432052865834549,275878.52160732367,458,S6_worst_case_no_intervention,indonesia,USDC
760,0.7455901926040794,268981.5585671406,458,S6_worst_case_no_intervention,indonesia,USDC
761,0.763664239061886,262257.0196029621,458,S6_worst_case_no_intervention,indonesia,USDC
762,0.7679519698808865,255700.59411288798,458,S6_worst_case_no_intervention,indonesia,USDC
763,0.7837187784479858,249308.0792600658,458,S6_worst_case_no_intervention,indonesia,USDC
764,0.7889932717556616,243075.37727856415,458,S6_worst_case_no_intervention,indonesia,USDC
765,0.7751715835916339,236998.4928466,458,S6_worst_case_no_intervention,indonesia,USDC
766,0.7785903491119494,231073.53052543505,458,S6_worst_case_no_intervention,indonesia,USDC
767,0.7930876442630135,225296.69226229916,458,S6_worst_case_no_intervention,indonesia,USDC
768,0.7940947215316851,219664.27495574168,458,S6_worst_case_no_intervention,indonesia,USDC
769,0.7918140161847727,214172.66808184813,458,S6_worst_case_no_intervention,indonesia,USDC
770,0.7941415979464371,208818.35137980193,458,S6_worst_case_no_intervention,indonesia,USDC
771,0.8098815751355387,203597.89259530685,458,S6_worst_case_no_intervention,indonesia,USDC
772,0.8044108669407282,198507.9452804242,458,S6_worst_case_no_intervention,indonesia,USDC
773,0.7966391203788964,193545.24664841362,458,S6_worst_case_no_intervention,indonesia,USDC
774,0.7805152078247073,188706.61548220328,458,S6_worst_case_no_intervention,indonesia,USDC
775,0.7628032278278254,183988.95009514818,458,S6_worst_case_no_intervention,indonesia,USDC
776,0.7663174680786469,179389.22634276949,458,S6_worst_case_no_intervention,indonesia,USDC
777,0.7747285082825195,174904.49568420026,458,S6_worst_case_no_intervention,indonesia,USDC
778,0.7018385482043156,170531.88329209524,458,S6_worst_case_no_intervention,indonesia,USDC
779,0.7356166883252159,166268.58620979285,458,S6_worst_case_no_intervention,indonesia,USDC
780,0.7479996858697362,162111.87155454804,458,S6_worst_case_no_intervention,indonesia,USDC
781,0.7338260047975727,158059.07476568432,458,S6_worst_case_no_intervention,indonesia,USDC
782,0.7285571359005389,154107.59789654223,458,S6_worst_case_no_intervention,indonesia,USDC
783,0.7283073173703438,150254.90794912868,458,S6_worst_case_no_intervention,indonesia,USDC
784,0.7163309280192203,146498.53525040045,458,S6_worst_case_no_intervention,indonesia,USDC
785,0.7232416110298645,142836.07186914046,458,S6_worst_case_no_intervention,indonesia,USDC
786,0.7503138508578375,139265.17007241194,458,S6_worst_case_no_intervention,indonesia,USDC
787,0.769431049445494,135783.54082060163,458,S6_worst_case_no_intervention,indonesia,USDC
788,0.7613588394186317,132388.95230008662,458,S6_worst_case_no_intervention,indonesia,USDC
789,0.7816080410965345,129079.22849258443,458,S6_worst_case_no_intervention,indonesia,USDC
790,0.7781257099578421,125852.24778026983,458,S6_worst_case_no_intervention,indonesia,USDC
791,0.8119781394865825,122705.94158576307,458,S6_worst_case_no_intervention,indonesia,USDC
792,0.7998048908039435,119638.29304611898,458,S6_worst_case_no_intervention,indonesia,USDC
793,0.82947861877115,116647.33571996602,458,S6_worst_case_no_intervention,indonesia,USDC
794,0.840103023052262,113731.15232696685,458,S6_worst_case_no_intervention,indonesia,USDC
795,0.8285126801305166,110887.87351879268,458,S6_worst_case_no_intervention,indonesia,USDC
796,0.84029967483508,108115.67668082287,458,S6_worst_case_no_intervention,indonesia,USDC
797,0.8409705447775944,105412.78476380231,458,S6_worst_case_no_intervention,indonesia,USDC
798,0.8501988111511779,102777.46514470724,458,S6_worst_case_no_intervention,indonesia,USDC
799,0.8530237838790167,100208.02851608957,458,S6_worst_case_no_intervention,indonesia,USDC
800,0.8814482592034697,97702.82780318733,458,S6_worst_case_no_intervention,indonesia,USDC
801,0.8759473965170665,95260.25710810765,458,S6_worst_case_no_intervention,indonesia,USDC
802,0.8667807293294718,92878.75068040496,458,S6_worst_case_no_intervention,indonesia,USDC
803,0.8436376771990215,90556.78191339484,458,S6_worst_case_no_intervention,indonesia,USDC
804,0.8337223275682657,88292.86236555997,458,S6_worst_case_no_intervention,indonesia,USDC
805,0.8263387665595956,86085.54080642096,458,S6_worst_case_no_intervention,indonesia,USDC
806,0.8265933328087451,83933.40228626045,458,S6_worst_case_no_intervention,indonesia,USDC
807,0.8131971296444761,81835.06722910394,458,S6_worst_case_no_intervention,indonesia,USDC
808,0.8292996003903115,79789.19054837634,458,S6_worst_case_no_intervention,indonesia,USDC
809,0.8399359777806106,77794.46078466692,458,S6_worst_case_no_intervention,indonesia,USDC
810,0.8180501345464142,75849.59926505026,458,S6_worst_case_no_intervention,indonesia,USDC
811,0.8534349400621231,73953.359283424,458,S6_worst_case_no_intervention,indonesia,USDC
812,0.8515115711616325,72104.52530133839,458,S6_worst_case_no_intervention,indonesia,USDC
813,0.8270448210902288,70301.91216880493,458,S6_worst_case_no_intervention,indonesia,USDC
814,0.8114322012703095,68544.36436458482,458,S6_worst_case_no_intervention,indonesia,USDC
815,0.8297906857248917,66830.7552554702,458,S6_worst_case_no_intervention,indonesia,USDC
816,0.8284776051532229,65159.98637408344,458,S6_worst_case_no_intervention,indonesia,USDC
817,0.8283229234425872,63530.98671473135,458,S6_worst_case_no_intervention,indonesia,USDC
818,0.8296419331190854,61942.71204686307,458,S6_worst_case_no_intervention,indonesia,USDC
819,0.8219696640812081,60394.144245691496,458,S6_worst_case_no_intervention,indonesia,USDC
820,0.8306462511700125,58884.2906395492,458,S6_worst_case_no_intervention,indonesia,USDC
821,0.8127928681537803,57412.183373560474,458,S6_worst_case_no_intervention,indonesia,USDC
822,0.7958594505217046,55976.87878922146,458,S6_worst_case_no_intervention,indonesia,USDC
823,0.8162520495547466,54577.45681949092,458,S6_worst_case_no_intervention,indonesia,USDC
824,0.8282448945707132,53213.02039900365,458,S6_worst_case_no_intervention,indonesia,USDC
825,0.8026818945287557,51882.694889028564,458,S6_worst_case_no_intervention,indonesia,USDC
826,0.7846355213743303,50585.62751680285,458,S6_worst_case_no_intervention,indonesia,USDC
827,0.8014715772749416,49320.98682888278,458,S6_worst_case_no_intervention,indonesia,USDC
828,0.7886746818222975,48087.962158160706,458,S6_worst_case_no_intervention,indonesia,USDC
829,0.6792298885523442,46885.76310420669,458,S6_worst_case_no_intervention,indonesia,USDC
830,0.7092988238402255,45713.619026601526,458,S6_worst_case_no_intervention,indonesia,USDC
831,0.7420656450383302,44570.778550936484,458,S6_worst_case_no_intervention,indonesia,USDC
832,0.7431458658352738,43456.509087163075,458,S6_worst_case_no_intervention,indonesia,USDC
833,0.7477085642507325,42370.096359983996,458,S6_worst_case_no_intervention,indonesia,USDC
834,0.756967792284102,41310.843950984396,458,S6_worst_case_no_intervention,indonesia,USDC
835,0.7770859737871895,40278.072852209785,458,S6_worst_case_no_intervention,indonesia,USDC
836,0.7841268873074743,39271.12103090454,458,S6_worst_case_no_intervention,indonesia,USDC
837,0.7646812404717742,38289.34300513193,458,S6_worst_case_no_intervention,indonesia,USDC
838,0.7845283445020911,37332.109430003635,458,S6_worst_case_no_intervention,indonesia,USDC
839,0.784625780791909,36398.80669425354,458,S6_worst_case_no_intervention,indonesia,USDC
840,0.7762028382765629,35488.8365268972,458,S6_worst_case_no_intervention,indonesia,USDC
841,0.7810696942899129,34601.61561372477,458,S6_worst_case_no_intervention,indonesia,USDC
842,0.7812429956856641,33736.57522338165,458,S6_worst_case_no_intervention,indonesia,USDC
843,0.7529914634736473,32893.16084279711,458,S6_worst_case_no_intervention,indonesia,USDC
844,0.752691828394407,32070.83182172718,458,S6_worst_case_no_intervention,indonesia,USDC
845,0.7598308925136488,31269.061026184005,458,S6_worst_case_no_intervention,indonesia,USDC
846,0.7483420574385656,30487.334500529403,458,S6_worst_case_no_intervention,indonesia,USDC
847,0.7573068147993399,29725.15113801617,458,S6_worst_case_no_intervention,indonesia,USDC
848,0.7668364664568701,28982.022359565766,458,S6_worst_case_no_intervention,indonesia,USDC
849,0.7578910026362778,28257.47180057662,458,S6_worst_case_no_intervention,indonesia,USDC
850,0.7475675144154108,27551.035005562204,458,S6_worst_case_no_intervention,indonesia,USDC
851,0.7419632634059358,26862.259130423146,458,S6_worst_case_no_intervention,indonesia,USDC
852,0.7641512492082889,26190.70265216257,458,S6_worst_case_no_intervention,indonesia,USDC
853,0.7763048666063304,25535.935085858506,458,S6_worst_case_no_intervention,indonesia,USDC
854,0.7713797206069195,24897.53670871204,458,S6_worst_case_no_intervention,indonesia,USDC
855,0.7664497354130689,24275.09829099424,458,S6_worst_case_no_intervention,indonesia,USDC
856,0.783716447955368,23668.220833719384,458,S6_worst_case_no_intervention,indonesia,USDC
857,0.7773476058662551,23076.5153128764,458,S6_worst_case_no_intervention,indonesia,USDC
858,0.7793782182153535,22499.602430054492,458,S6_worst_case_no_intervention,indonesia,USDC
859,0.771671271611105,21937.11236930313,458,S6_worst_case_no_intervention,indonesia,USDC
860,0.7729107159545322,21388.68456007055,458,S6_worst_case_no_intervention,indonesia,USDC
861,0.7654884898517926,20853.96744606879,458,S6_worst_case_no_intervention,indonesia,USDC
862,0.7733936854549748,20332.618259917068,458,S6_worst_case_no_intervention,indonesia,USDC
863,0.7769020480257075,19824.30280341914,458,S6_worst_case_no_intervention,indonesia,USDC
864,0.8022138078885656,19328.695233333663,458,S6_worst_case_no_intervention,indonesia,USDC
865,0.7921179134157432,18845.47785250032,458,S6_worst_case_no_intervention,indonesia,USDC
866,0.7916531298379287,18374.340906187812,458,S6_worst_case_no_intervention,indonesia,USDC
867,0.7673736414263157,17914.982383533115,458,S6_worst_case_no_intervention,indonesia,USDC
868,0.7620378098923892,17467.10782394479,458,S6_worst_case_no_intervention,indonesia,USDC
869,0.7570815996683574,17030.43012834617,458,S6_worst_case_no_intervention,indonesia,USDC
870,0.7852163742221187,16604.669375137513,458,S6_worst_case_no_intervention,indonesia,USDC
871,0.7783461078761333,16189.552640759077,458,S6_worst_case_no_intervention,indonesia,USDC
872,0.7723685006834646,15784.8138247401,458,S6_worst_case_no_intervention,indonesia,USDC
873,0.7667872106940786,15390.193479121597,458,S6_worst_case_no_intervention,indonesia,USDC
874,0.7742388754486759,15005.438642143557,458,S6_worst_case_no_intervention,indonesia,USDC
875,0.7732228921411918,14630.30267608997,458,S6_worst_case_no_intervention,indonesia,USDC
876,0.7781873263873652,14264.545109187718,458,S6_worst_case_no_intervention,indonesia,USDC
877,0.8060298984690646,13907.931481458027,458,S6_worst_case_no_intervention,indonesia,USDC
878,0.7918273458700243,13560.233194421575,458,S6_worst_case_no_intervention,indonesia,USDC
879,0.788107860050589,13221.227364561037,458,S6_worst_case_no_intervention,indonesia,USDC
880,0.7867277069982911,12890.69668044701,458,S6_worst_case_no_intervention,indonesia,USDC
881,0.7916527292873031,12568.429263435835,458,S6_worst_case_no_intervention,indonesia,USDC
882,0.7684681030859073,12254.218531849938,458,S6_worst_case_no_intervention,indonesia,USDC
883,0.7571246299346239,11947.86306855369,458,S6_worst_case_no_intervention,indonesia,USDC
884,0.7508663339047872,11649.166491839847,458,S6_worst_case_no_intervention,indonesia,USDC
885,0.7329836262314978,11357.93732954385,458,S6_worst_case_no_intervention,indonesia,USDC
886,0.7413627652501075,11073.988896305254,458,S6_worst_case_no_intervention,indonesia,USDC
887,0.7261993805611482,10797.139173897624,458,S6_worst_case_no_intervention,indonesia,USDC
888,0.7366193956428011,10527.210694550184,458,S6_worst_case_no_intervention,indonesia,USDC
889,0.7511986520431764,10264.03042718643,458,S6_worst_case_no_intervention,indonesia,USDC
890,0.7637006310460281,10007.429666506769,458,S6_worst_case_no_intervention,indonesia,USDC
891,0.7670971471820928,9757.243924844099,458,S6_worst_case_no_intervention,indonesia,USDC
892,0.7644994568561027,9513.312826722997,458,S6_worst_case_no_intervention,indonesia,USDC
893,0.7544247081891952,9275.48000605492,458,S6_worst_case_no_intervention,indonesia,USDC
894,0.7337555142777376,9043.593005903549,458,S6_worst_case_no_intervention,indonesia,USDC
895,0.7396384769995784,8817.50318075596,458,S6_worst_case_no_intervention,indonesia,USDC
896,0.7680033638808624,8597.065601237062,458,S6_worst_case_no_intervention,indonesia,USDC
897,0.780116252861718,8382.138961206136,458,S6_worst_case_no_intervention,indonesia,USDC
898,0.781568650366775,8172.585487175981,458,S6_worst_case_no_intervention,indonesia,USDC
899,0.7913199160434908,7968.270849996581,458,S6_worst_case_no_intervention,indonesia,USDC
900,0.8158976761975837,7769.064078746666,458,S6_worst_case_no_intervention,indonesia,USDC
901,0.8035482523338379,7574.837476778001,458,S6_worst_case_no_intervention,indonesia,USDC
902,0.8327244538206917,7385.46653985855,458,S6_worst_case_no_intervention,indonesia,USDC
903,0.7995751442204562,7200.829876362086,458,S6_worst_case_no_intervention,indonesia,USDC
904,0.8056648750884283,7020.809129453034,458,S6_worst_case_no_intervention,indonesia,USDC
905,0.7945445489057928,6845.288901216709,458,S6_worst_case_no_intervention,indonesia,USDC
906,0.7856144252148485,6674.156678686291,458,S6_worst_case_no_intervention,indonesia,USDC
907,0.7995119673999326,6507.302761719133,458,S6_worst_case_no_intervention,indonesia,USDC
908,0.777693993787764,6344.620192676155,458,S6_worst_case_no_intervention,indonesia,USDC
909,0.7762088785505633,6186.004687859251,458,S6_worst_case_no_intervention,indonesia,USDC
910,0.7618105615303175,6031.35457066277,458,S6_worst_case_no_intervention,indonesia,USDC
911,0.7769019788506816,5880.570706396201,458,S6_worst_case_no_intervention,indonesia,USDC
912,0.7878918068998173,5733.556438736296,458,S6_worst_case_no_intervention,indonesia,USDC
913,0.7624530772443225,5590.217527767889,458,S6_worst_case_no_intervention,indonesia,USDC
914,0.7788911215165893,5450.462089573691,458,S6_worst_case_no_intervention,indonesia,USDC
915,0.774503437836969,5314.200537334349,458,S6_worst_case_no_intervention,indonesia,USDC
916,0.7653876282737014,5181.34552390099,458,S6_worst_case_no_intervention,indonesia,USDC
917,0.7704748197379322,5051.811885803465,458,S6_worst_case_no_intervention,indonesia,USDC
918,0.8004190487351927,4925.516588658379,458,S6_worst_case_no_intervention,indonesia,USDC
919,0.7572586743920051,4802.378673941919,458,S6_worst_case_no_intervention,indonesia,USDC
920,0.7582982640202903,4682.319207093371,458,S6_worst_case_no_intervention,indonesia,USDC
921,0.7779473421511214,4565.261226916036,458,S6_worst_case_no_intervention,indonesia,USDC
922,0.7720787235787043,4451.129696243136,458,S6_worst_case_no_intervention,indonesia,USDC
923,0.7692708227193762,4339.851453837057,458,S6_worst_case_no_intervention,indonesia,USDC
924,0.777465816056912,4231.3551674911305,458,S6_worst_case_no_intervention,indonesia,USDC
925,0.7807020595889335,4125.571288303852,458,S6_worst_case_no_intervention,indonesia,USDC
926,0.777746929085856,4022.4320060962564,458,S6_worst_case_no_intervention,indonesia,USDC
927,0.7766337731224561,3921.8712059438494,458,S6_worst_case_no_intervention,indonesia,USDC
928,0.7665457807038788,3823.8244257952533,458,S6_worst_case_no_intervention,indonesia,USDC
929,0.781320792947679,3728.2288151503717,458,S6_worst_case_no_intervention,indonesia,USDC
930,0.7887593548888155,3635.0230947716127,458,S6_worst_case_no_intervention,indonesia,USDC
931,0.782084070848212,3544.1475174023226,458,S6_worst_case_no_intervention,indonesia,USDC
932,0.7562454182267409,3455.543829467264,458,S6_worst_case_no_intervention,indonesia,USDC
933,0.7681069856165482,3369.155233730583,458,S6_worst_case_no_intervention,indonesia,USDC
934,0.7662560913660503,3284.926352887318,458,S6_worst_case_no_intervention,indonesia,USDC
935,0.7583458308415323,3202.8031940651354,458,S6_worst_case_no_intervention,indonesia,USDC
936,0.7759777569383223,3122.7331142135067,458,S6_worst_case_no_intervention,indonesia,USDC
937,0.8022202601089796,3044.664786358169,458,S6_worst_case_no_intervention,indonesia,USDC
938,0.7894460781809898,2968.5481666992146,458,S6_worst_case_no_intervention,indonesia,USDC
939,0.8057321705851546,2894.3344625317345,458,S6_worst_case_no_intervention,indonesia,USDC
940,0.8177101835487166,2821.9761009684407,458,S6_worst_case_no_intervention,indonesia,USDC
941,0.8019603837101852,2751.42669844423,458,S6_worst_case_no_intervention,indonesia,USDC
942,0.8027905567014922,2682.641030983124,458,S6_worst_case_no_intervention,indonesia,USDC
943,0.8081610486583978,2615.5750052085464,458,S6_worst_case_no_intervention,indonesia,USDC
944,0.7958380394885394,2550.1856300783325,458,S6_worst_case_no_intervention,indonesia,USDC
945,0.801304675634192,2486.430989326374,458,S6_worst_case_no_intervention,indonesia,USDC
946,0.7851612495183472,2424.270214593215,458,S6_worst_case_no_intervention,indonesia,USDC
947,0.7744996233227072,2363.6634592283845,458,S6_worst_case_no_intervention,indonesia,USDC
948,0.7936656927527291,2304.571872747675,458,S6_worst_case_no_intervention,indonesia,USDC
949,0.7897440286260407,2246.957575928983,458,S6_worst_case_no_intervention,indonesia,USDC
950,0.7922715056285031,2190.7836365307585,458,S6_worst_case_no_intervention,indonesia,USDC
951,0.7842178276343681,2136.0140456174895,458,S6_worst_case_no_intervention,indonesia,USDC
952,0.7979407993748663,2082.6136944770524,458,S6_worst_case_no_intervention,indonesia,USDC
953,0.8073943973615779,2030.548352115126,458,S6_worst_case_no_intervention,indonesia,USDC
954,0.8032040245028943,1979.784643312248,458,S6_worst_case_no_intervention,indonesia,USDC
955,0.7787635206623741,1930.2900272294414,458,S6_worst_case_no_intervention,indonesia,USDC
956,0.7752409916777006,1882.0327765487054,458,S6_worst_case_no_intervention,indonesia,USDC
957,0.7806669255930746,1834.9819571349876,458,S6_worst_case_no_intervention,indonesia,USDC
958,0.7684475436233108,1789.1074082066132,458,S6_worst_case_no_intervention,indonesia,USDC
959,0.7639768273539503,1744.379723001448,458,S6_worst_case_no_intervention,indonesia,USDC
960,0.7694533902506504,1700.7702299264115,458,S6_worst_case_no_intervention,indonesia,USDC
961,0.7546782755516337,1658.250974178251,458,S6_worst_case_no_intervention,indonesia,USDC
962,0.7649289321378286,1616.7946998237949,458,S6_worst_case_no_intervention,indonesia,USDC
963,0.7551939388694641,1576.3748323282,458,S6_worst_case_no_intervention,indonesia,USDC
964,0.7716110237851677,1536.9654615199947,458,S6_worst_case_no_intervention,indonesia,USDC
965,0.7996641784463295,1498.5413249819949,458,S6_worst_case_no_intervention,indonesia,USDC
966,0.788523602283592,1461.0777918574452,458,S6_worst_case_no_intervention,indonesia,USDC
967,0.8174421431687917,1424.5508470610089,458,S6_worst_case_no_intervention,indonesia,USDC
968,0.8490013149409542,1388.9370758844836,458,S6_worst_case_no_intervention,indonesia,USDC
969,0.8498322168814679,1354.2136489873717,458,S6_worst_case_no_intervention,indonesia,USDC
970,0.8464531648646431,1320.3583077626874,458,S6_worst_case_no_intervention,indonesia,USDC
971,0.8760587432303262,1287.34935006862,458,S6_worst_case_no_intervention,indonesia,USDC
972,0.8723140855797732,1255.1656163169046,458,S6_worst_case_no_intervention,indonesia,USDC
973,0.8696696779546527,1223.786475908982,458,S6_worst_case_no_intervention,indonesia,USDC
974,0.8506188298038074,1193.1918140112575,458,S6_worst_case_no_intervention,indonesia,USDC
975,0.8255567810801542,1163.362018660976,458,S6_worst_case_no_intervention,indonesia,USDC
976,0.8154103900497861,1134.2779681944517,458,S6_worst_case_no_intervention,indonesia,USDC
977,0.8312569380030834,1105.9210189895903,458,S6_worst_case_no_intervention,indonesia,USDC
978,0.8368176948946769,1078.2729935148507,458,S6_worst_case_no_intervention,indonesia,USDC
979,0.8325027381269392,1051.3161686769795,458,S6_worst_case_no_intervention,indonesia,USDC
980,0.8220797453576725,1025.0332644600549,458,S6_worst_case_no_intervention,indonesia,USDC
981,0.8099591395121991,999.4074328485535,458,S6_worst_case_no_intervention,indonesia,USDC
982,0.8006411736799681,974.4222470273397,458,S6_worst_case_no_intervention,indonesia,USDC
983,0.7762847647470756,950.0616908516563,458,S6_worst_case_no_intervention,indonesia,USDC
984,0.7620564470097474,926.3101485803647,458,S6_worst_case_no_intervention,indonesia,USDC
985,0.792397075204692,903.1523948658557,458,S6_worst_case_no_intervention,indonesia,USDC
986,0.806174481657164,880.5735849942092,458,S6_worst_case_no_intervention,indonesia,USDC
987,0.8149353738184317,858.559245369354,458,S6_worst_case_no_intervention,indonesia,USDC
988,0.8123547894483732,837.0952642351201,458,S6_worst_case_no_intervention,indonesia,USDC
989,0.8157661448807355,816.1678826292422,458,S6_worst_case_no_intervention,indonesia,USDC
990,0.825363943301439,795.763685563511,458,S6_worst_case_no_intervention,indonesia,USDC
991,0.823051863998078,775.8695934244233,458,S6_worst_case_no_intervention,indonesia,USDC
992,0.8134708401772657,756.4728535888128,458,S6_worst_case_no_intervention,indonesia,USDC
993,0.8222672853348864,737.5610322490925,458,S6_worst_case_no_intervention,indonesia,USDC
994,0.8119774891935365,719.1220064428651,458,S6_worst_case_no_intervention,indonesia,USDC
995,0.7958717836259469,701.1439562817934,458,S6_worst_case_no_intervention,indonesia,USDC
996,0.8055206779253727,683.6153573747486,458,S6_worst_case_no_intervention,indonesia,USDC
997,0.8066957073794596,666.5249734403799,458,S6_worst_case_no_intervention,indonesia,USDC
998,0.8128041990255584,649.8618491043704,458,S6_worst_case_no_intervention,indonesia,USDC
999,0.7977560205653779,633.6153028767612,458,S6_worst_case_no_intervention,indonesia,USDC
1000,0.7886222584969701,617.7749203048422,458,S6_worst_case_no_intervention,indonesia,USDC
