Step,price,liquidity,iteration,scenario,region,coin
1,1.0115907138855065,2989376970400.6978,42,S6_worst_case_no_intervention,indonesia,USDC
2,1.0188714839277155,2989376970400.6978,42,S6_worst_case_no_intervention,indonesia,USDC
3,0.994430239545232,2989376970400.6978,42,S6_worst_case_no_intervention,indonesia,USDC
4,0.8610093172023922,2989376970400.6978,42,S6_worst_case_no_intervention,indonesia,USDC
5,0.842959014521969,2982671101022.1855,42,S6_worst_case_no_intervention,indonesia,USDC
6,0.8572538132311487,2975806511905.815,42,S6_worst_case_no_intervention,indonesia,USDC
7,0.8761049286852449,2970475557607.959,42,S6_worst_case_no_intervention,indonesia,USDC
8,0.8723033631074202,2966524341659.418,42,S6_worst_case_no_intervention,indonesia,USDC
9,0.8616599473476079,2962863148581.117,42,S6_worst_case_no_intervention,indonesia,USDC
10,0.8865941025718789,2959150816452.584,42,S6_worst_case_no_intervention,indonesia,USDC
11,0.8993564208092459,2956655649655.392,42,S6_worst_case_no_intervention,indonesia,USDC
12,0.9209887928853681,2954687637669.1147,42,S6_worst_case_no_intervention,indonesia,USDC
13,0.9100868650859327,2953451460769.4766,42,S6_worst_case_no_intervention,indonesia,USDC
14,0.8931756135777215,2952012512418.059,42,S6_worst_case_no_intervention,indonesia,USDC
15,0.8950673051164706,2950257239639.2485,42,S6_worst_case_no_intervention,indonesia,USDC
16,0.8929583814555537,2948697760239.0107,42,S6_worst_case_no_intervention,indonesia,USDC
17,0.8977265954724093,2947198579318.956,42,S6_worst_case_no_intervention,indonesia,USDC
18,0.927654895419879,2945903579328.2754,42,S6_worst_case_no_intervention,indonesia,USDC
19,0.9002927285940295,2945182114396.942,42,S6_worst_case_no_intervention,indonesia,USDC
20,0.8987261814219213,2944092799159.0576,42,S6_worst_case_no_intervention,indonesia,USDC
21,0.9258963178803735,2943042264523.7134,42,S6_worst_case_no_intervention,indonesia,USDC
22,0.905959599402398,2942453888028.537,42,S6_worst_case_no_intervention,indonesia,USDC
23,0.9347083290696222,2941632037472.275,42,S6_worst_case_no_intervention,indonesia,USDC
24,0.9124721095987451,2941205019221.897,42,S6_worst_case_no_intervention,indonesia,USDC
25,0.9208674097220334,2940503531906.1787,42,S6_worst_case_no_intervention,indonesia,USDC
26,0.9398841984020964,2939951093713.049,42,S6_worst_case_no_intervention,indonesia,USDC
27,0.9726904516541746,2939639580464.8535,42,S6_worst_case_no_intervention,indonesia,USDC
28,0.9420991606802149,2939639580464.8535,42,S6_worst_case_no_intervention,indonesia,USDC
29,0.9634681044835425,2939352448119.01,42,S6_worst_case_no_intervention,indonesia,USDC
30,0.9199346812532486,2939295446830.4194,42,S6_worst_case_no_intervention,indonesia,USDC
31,0.9044231033612448,2938783517259.351,42,S6_worst_case_no_intervention,indonesia,USDC
32,0.9078765774028056,2938187540026.896,42,S6_worst_case_no_intervention,indonesia,USDC
33,0.8891330122255677,2937635828116.291,42,S6_worst_case_no_intervention,indonesia,USDC
34,0.9077999674496906,2936977035989.7646,42,S6_worst_case_no_intervention,indonesia,USDC
35,0.9345037187812709,2936489691322.7295,42,S6_worst_case_no_intervention,indonesia,USDC
36,0.8963411078083485,2936229407671.102,42,S6_worst_case_no_intervention,indonesia,USDC
37,0.914134454595187,2935721210780.161,42,S6_worst_case_no_intervention,indonesia,USDC
38,0.9249273179408251,2935355824750.287,42,S6_worst_case_no_intervention,indonesia,USDC
39,0.967102477399245,2935078007223.3,42,S6_worst_case_no_intervention,indonesia,USDC
40,0.9798244038390845,2935070644972.109,42,S6_worst_case_no_intervention,indonesia,USDC
41,0.9727062170506767,2935070644972.109,42,S6_worst_case_no_intervention,indonesia,USDC
42,0.9687932644236227,2935070644972.109,42,S6_worst_case_no_intervention,indonesia,USDC
43,0.9834360175944244,2935063561714.7217,42,S6_worst_case_no_intervention,indonesia,USDC
44,0.9813248014280797,2935063561714.7217,42,S6_worst_case_no_intervention,indonesia,USDC
45,0.9281646908583989,2935063561714.7217,42,S6_worst_case_no_intervention,indonesia,USDC
46,0.9399166513389213,2934839360267.986,42,S6_worst_case_no_intervention,indonesia,USDC
47,0.9490511298992655,2934681229882.2705,42,S6_worst_case_no_intervention,indonesia,USDC
48,0.9392657164701269,2934566674992.724,42,S6_worst_case_no_intervention,indonesia,USDC
49,0.964872654151329,2934402240093.376,42,S6_worst_case_no_intervention,indonesia,USDC
50,0.952259283047997,2934384776097.1147,42,S6_worst_case_no_intervention,indonesia,USDC
51,0.9545446189726751,2934305509858.2534,42,S6_worst_case_no_intervention,indonesia,USDC
52,0.9360026175514391,2934226981553.898,42,S6_worst_case_no_intervention,indonesia,USDC
53,0.9779544684272431,2934072993633.153,42,S6_worst_case_no_intervention,indonesia,USDC
54,1.0043845031973004,2934072993633.153,42,S6_worst_case_no_intervention,indonesia,USDC
55,1.010703211240893,2934072993633.153,42,S6_worst_case_no_intervention,indonesia,USDC
56,0.9946439124434341,2934072993633.153,42,S6_worst_case_no_intervention,indonesia,USDC
57,0.9936861234441992,2934072993633.153,42,S6_worst_case_no_intervention,indonesia,USDC
58,1.006607887241441,2934072993633.153,42,S6_worst_case_no_intervention,indonesia,USDC
59,1.0459318235107673,2934072993633.153,42,S6_worst_case_no_intervention,indonesia,USDC
60,1.0617918655537733,2934072993633.153,42,S6_worst_case_no_intervention,indonesia,USDC
61,1.0722233358954,2934072993633.153,42,S6_worst_case_no_intervention,indonesia,USDC
62,1.1136063125708193,2934072993633.153,42,S6_worst_case_no_intervention,indonesia,USDC
63,1.0942785258089553,2934072993633.153,42,S6_worst_case_no_intervention,indonesia,USDC
64,1.1034170268542993,2934072993633.153,42,S6_worst_case_no_intervention,indonesia,USDC
65,1.094723220305231,2934072993633.153,42,S6_worst_case_no_intervention,indonesia,USDC
66,1.0612264959718578,2934072993633.153,42,S6_worst_case_no_intervention,indonesia,USDC
67,1.0512045255998859,2934072993633.153,42,S6_worst_case_no_intervention,indonesia,USDC
68,1.034749431629103,2934072993633.153,42,S6_worst_case_no_intervention,indonesia,USDC
69,1.0437128457889582,2934072993633.153,42,S6_worst_case_no_intervention,indonesia,USDC
70,1.0121932456367233,2934072993633.153,42,S6_worst_case_no_intervention,indonesia,USDC
71,0.99660197461009,2934072993633.153,42,S6_worst_case_no_intervention,indonesia,USDC
72,0.9961428146666391,2934072993633.153,42,S6_worst_case_no_intervention,indonesia,USDC
73,0.9669025761498073,2934072993633.153,42,S6_worst_case_no_intervention,indonesia,USDC
74,0.9942628831514215,2934066009859.138,42,S6_worst_case_no_intervention,indonesia,USDC
75,1.0038309761287498,2934066009859.138,42,S6_worst_case_no_intervention,indonesia,USDC
76,1.0321715115771941,2934066009859.138,42,S6_worst_case_no_intervention,indonesia,USDC
77,1.0159735137067225,2934066009859.138,42,S6_worst_case_no_intervention,indonesia,USDC
78,0.9908873013067658,2934066009859.138,42,S6_worst_case_no_intervention,indonesia,USDC
79,0.9689283820356565,2934066009859.138,42,S6_worst_case_no_intervention,indonesia,USDC
80,1.0066317097393065,2934060829592.211,42,S6_worst_case_no_intervention,indonesia,USDC
81,1.0444042527935524,2934060829592.211,42,S6_worst_case_no_intervention,indonesia,USDC
82,1.0371601918312119,2934060829592.211,42,S6_worst_case_no_intervention,indonesia,USDC
83,1.0202415956209867,2934060829592.211,42,S6_worst_case_no_intervention,indonesia,USDC
84,1.0122604867743965,2934060829592.211,42,S6_worst_case_no_intervention,indonesia,USDC
85,1.007704518471174,2934060829592.211,42,S6_worst_case_no_intervention,indonesia,USDC
86,1.0016856838166726,2934060829592.211,42,S6_worst_case_no_intervention,indonesia,USDC
87,0.9816637409786434,2934060829592.211,42,S6_worst_case_no_intervention,indonesia,USDC
88,0.9935229098572215,2934060829592.211,42,S6_worst_case_no_intervention,indonesia,USDC
89,0.977796974185569,2934060829592.211,42,S6_worst_case_no_intervention,indonesia,USDC
90,0.9445793335249639,2934060829592.211,42,S6_worst_case_no_intervention,indonesia,USDC
91,0.9654837842712977,2933951460837.139,42,S6_worst_case_no_intervention,indonesia,USDC
92,0.9980672780761309,2933938301372.477,42,S6_worst_case_no_intervention,indonesia,USDC
93,1.0057152496496558,2933938301372.477,42,S6_worst_case_no_intervention,indonesia,USDC
94,1.0264862859728485,2933938301372.477,42,S6_worst_case_no_intervention,indonesia,USDC
95,1.0337456753036234,2933938301372.477,42,S6_worst_case_no_intervention,indonesia,USDC
96,1.021973204785716,2933938301372.477,42,S6_worst_case_no_intervention,indonesia,USDC
97,1.0100228707209158,2933938301372.477,42,S6_worst_case_no_intervention,indonesia,USDC
98,1.0384300792101617,2933938301372.477,42,S6_worst_case_no_intervention,indonesia,USDC
99,1.0156027106915158,2933938301372.477,42,S6_worst_case_no_intervention,indonesia,USDC
100,1.0362841927767243,2933938301372.477,42,S6_worst_case_no_intervention,indonesia,USDC
101,0.8638396314773636,2933938301372.477,42,S6_worst_case_no_intervention,indonesia,USDC
102,0.8773295845144587,2933449794211.9946,42,S6_worst_case_no_intervention,indonesia,USDC
103,0.8447789229379181,2933086444185.8755,42,S6_worst_case_no_intervention,indonesia,USDC
104,0.8740709599212763,2932617434971.203,42,S6_worst_case_no_intervention,indonesia,USDC
105,0.9067768695820934,2932296966254.0303,42,S6_worst_case_no_intervention,indonesia,USDC
106,0.9274915912833666,2932115976192.8594,42,S6_worst_case_no_intervention,indonesia,USDC
107,0.9249858255446621,2931999335782.793,42,S6_worst_case_no_intervention,indonesia,USDC
108,0.9459828541082047,2931881032385.59,42,S6_worst_case_no_intervention,indonesia,USDC
109,0.9543547230827351,2931821353601.379,42,S6_worst_case_no_intervention,indonesia,USDC
110,0.977410337204693,2931783833601.9727,42,S6_worst_case_no_intervention,indonesia,USDC
111,0.9595125019855757,2931783833601.9727,42,S6_worst_case_no_intervention,indonesia,USDC
112,0.9543695101659501,2931759492392.1084,42,S6_worst_case_no_intervention,indonesia,USDC
113,0.9670228937598352,2931722979151.133,42,S6_worst_case_no_intervention,indonesia,USDC
114,0.9943621879413604,2931717117728.8735,42,S6_worst_case_no_intervention,indonesia,USDC
115,1.0133574763031548,2931717117728.8735,42,S6_worst_case_no_intervention,indonesia,USDC
116,0.9995721818302923,2931717117728.8735,42,S6_worst_case_no_intervention,indonesia,USDC
117,1.0089052442438422,2931717117728.8735,42,S6_worst_case_no_intervention,indonesia,USDC
118,1.0118474034317642,2931717117728.8735,42,S6_worst_case_no_intervention,indonesia,USDC
119,0.9970576801719474,2931717117728.8735,42,S6_worst_case_no_intervention,indonesia,USDC
120,0.9896030868467052,2931717117728.8735,42,S6_worst_case_no_intervention,indonesia,USDC
121,0.9403398274912886,2858424189785.652,42,S6_worst_case_no_intervention,indonesia,USDC
122,0.9250211620208916,2786896142114.609,42,S6_worst_case_no_intervention,indonesia,USDC
123,0.9050615168135784,2717123910010.7056,42,S6_worst_case_no_intervention,indonesia,USDC
124,0.9000196682153345,2649054261619.7666,42,S6_worst_case_no_intervention,indonesia,USDC
125,0.8570876626818942,2582692373575.376,42,S6_worst_case_no_intervention,indonesia,USDC
126,0.8219746851647003,2517924730070.7866,42,S6_worst_case_no_intervention,indonesia,USDC
127,0.8321782242699118,2454726806761.062,42,S6_worst_case_no_intervention,indonesia,USDC
128,0.829538102164147,2393165575358.9434,42,S6_worst_case_no_intervention,indonesia,USDC
129,0.8243664826066216,2333174016647.0933,42,S6_worst_case_no_intervention,indonesia,USDC
130,0.822234966826177,2274696039612.935,42,S6_worst_case_no_intervention,indonesia,USDC
131,0.8311393065075264,2217702211554.5684,42,S6_worst_case_no_intervention,indonesia,USDC
132,0.7795919037455756,2162157928266.2808,42,S6_worst_case_no_intervention,indonesia,USDC
133,0.7995463214910735,2107980383776.0195,42,S6_worst_case_no_intervention,indonesia,USDC
134,0.7968187521088494,2055191199898.7925,42,S6_worst_case_no_intervention,indonesia,USDC
135,0.7962287754643214,2003734080457.8125,42,S6_worst_case_no_intervention,indonesia,USDC
136,0.800231843161562,1953575469550.9375,42,S6_worst_case_no_intervention,indonesia,USDC
137,0.7873322384777949,1904685809578.2173,42,S6_worst_case_no_intervention,indonesia,USDC
138,0.7887616537465382,1857022754517.622,42,S6_worst_case_no_intervention,indonesia,USDC
139,0.7809816079031977,1810560011777.6392,42,S6_worst_case_no_intervention,indonesia,USDC
140,0.7840344018989489,1765265599997.5234,42,S6_worst_case_no_intervention,indonesia,USDC
141,0.7697930128888898,1721109017986.8145,42,S6_worst_case_no_intervention,indonesia,USDC
142,0.7935644086062654,1678059833796.0898,42,S6_worst_case_no_intervention,indonesia,USDC
143,0.8118930078771663,1636092813436.1462,42,S6_worst_case_no_intervention,indonesia,USDC
144,0.8229666837678276,1595179022016.9495,42,S6_worst_case_no_intervention,indonesia,USDC
145,0.8077044084836876,1555290170458.1345,42,S6_worst_case_no_intervention,indonesia,USDC
146,0.7989088121768645,1516399135692.0227,42,S6_worst_case_no_intervention,indonesia,USDC
147,0.793417424933458,1478481605236.4043,42,S6_worst_case_no_intervention,indonesia,USDC
148,0.8129500488099213,1441512984891.6958,42,S6_worst_case_no_intervention,indonesia,USDC
149,0.8112986372340268,1405470658376.4238,42,S6_worst_case_no_intervention,indonesia,USDC
150,0.8124560444432096,1370329872573.61,42,S6_worst_case_no_intervention,indonesia,USDC
151,0.8110149518330496,1336068276181.352,42,S6_worst_case_no_intervention,indonesia,USDC
152,0.8158051237617876,1302663668983.7854,42,S6_worst_case_no_intervention,indonesia,USDC
153,0.815559377409912,1270094773660.2256,42,S6_worst_case_no_intervention,indonesia,USDC
154,0.8195213878192762,1238340415476.3914,42,S6_worst_case_no_intervention,indonesia,USDC
155,0.8171578883782895,1207380373508.4197,42,S6_worst_case_no_intervention,indonesia,USDC
156,0.8269038007398191,1177194508444.8867,42,S6_worst_case_no_intervention,indonesia,USDC
157,0.7978492086914524,1147763545922.3035,42,S6_worst_case_no_intervention,indonesia,USDC
158,0.8079626236624117,1119068323875.0002,42,S6_worst_case_no_intervention,indonesia,USDC
159,0.8012410861291626,1091090769993.0637,42,S6_worst_case_no_intervention,indonesia,USDC
160,0.7817583794623546,1063812727720.6013,42,S6_worst_case_no_intervention,indonesia,USDC
161,0.7679646597728536,1037216679224.6241,42,S6_worst_case_no_intervention,indonesia,USDC
162,0.7534245649356622,1011285641779.8192,42,S6_worst_case_no_intervention,indonesia,USDC
163,0.7757196977300922,986002962099.0831,42,S6_worst_case_no_intervention,indonesia,USDC
164,0.7823880627506391,961352527621.9531,42,S6_worst_case_no_intervention,indonesia,USDC
165,0.7869870019858871,937318438696.2732,42,S6_worst_case_no_intervention,indonesia,USDC
166,0.7833910032588464,913885253200.0161,42,S6_worst_case_no_intervention,indonesia,USDC
167,0.7843940061884174,891037926964.8163,42,S6_worst_case_no_intervention,indonesia,USDC
168,0.7984329581030323,868761822227.4961,42,S6_worst_case_no_intervention,indonesia,USDC
169,0.8402993394244557,847042664376.0345,42,S6_worst_case_no_intervention,indonesia,USDC
170,0.8358969181731294,825866528832.9537,42,S6_worst_case_no_intervention,indonesia,USDC
171,0.8298069249894876,805219799192.9343,42,S6_worst_case_no_intervention,indonesia,USDC
172,0.8255882292909268,785089245662.6405,42,S6_worst_case_no_intervention,indonesia,USDC
173,0.812985554346826,765461961601.3918,42,S6_worst_case_no_intervention,indonesia,USDC
174,0.7885115114596861,746325365608.6938,42,S6_worst_case_no_intervention,indonesia,USDC
175,0.7905782131288853,727667184644.4548,42,S6_worst_case_no_intervention,indonesia,USDC
176,0.7942233959391817,709475467982.7642,42,S6_worst_case_no_intervention,indonesia,USDC
177,0.7832299457865317,691738551987.6824,42,S6_worst_case_no_intervention,indonesia,USDC
178,0.7904418033874673,674445061878.0642,42,S6_worst_case_no_intervention,indonesia,USDC
179,0.7768544470226096,657583913837.9888,42,S6_worst_case_no_intervention,indonesia,USDC
180,0.7511357754830033,641144298240.5052,42,S6_worst_case_no_intervention,indonesia,USDC
181,0.7344083450971559,625115674427.3544,42,S6_worst_case_no_intervention,indonesia,USDC
182,0.7587305055954916,609487768398.0256,42,S6_worst_case_no_intervention,indonesia,USDC
183,0.7942797040448998,594250564291.6187,42,S6_worst_case_no_intervention,indonesia,USDC
184,0.7923093897188589,579394293720.7859,42,S6_worst_case_no_intervention,indonesia,USDC
185,0.7830946402917138,564909431207.0421,42,S6_worst_case_no_intervention,indonesia,USDC
186,0.7695073313035026,550786690746.7037,42,S6_worst_case_no_intervention,indonesia,USDC
187,0.7516694509252493,537017019317.76855,42,S6_worst_case_no_intervention,indonesia,USDC
188,0.7255543240952897,523591590310.4827,42,S6_worst_case_no_intervention,indonesia,USDC
189,0.7369327327406089,510501797477.628,42,S6_worst_case_no_intervention,indonesia,USDC
190,0.7548917441779327,497739250289.78265,42,S6_worst_case_no_intervention,indonesia,USDC
191,0.7530854265403877,485295767517.9006,42,S6_worst_case_no_intervention,indonesia,USDC
192,0.7715708242694331,473163372127.8283,42,S6_worst_case_no_intervention,indonesia,USDC
193,0.7612041466138023,461334286957.4967,42,S6_worst_case_no_intervention,indonesia,USDC
194,0.7699798788474748,449800929054.036,42,S6_worst_case_no_intervention,indonesia,USDC
195,0.8048395019729856,438555905261.5405,42,S6_worst_case_no_intervention,indonesia,USDC
196,0.823369014262906,427592007265.17554,42,S6_worst_case_no_intervention,indonesia,USDC
197,0.7513197768962285,416902206805.22546,42,S6_worst_case_no_intervention,indonesia,USDC
198,0.7517809038959403,406479651283.0952,42,S6_worst_case_no_intervention,indonesia,USDC
199,0.7647522141411215,396317659727.10693,42,S6_worst_case_no_intervention,indonesia,USDC
200,0.7593443112394188,386409718033.3007,42,S6_worst_case_no_intervention,indonesia,USDC
201,0.7380037880501134,376749474922.5981,42,S6_worst_case_no_intervention,indonesia,USDC
202,0.7309445574243312,367330737906.36914,42,S6_worst_case_no_intervention,indonesia,USDC
203,0.7262914283247698,358147469346.43134,42,S6_worst_case_no_intervention,indonesia,USDC
204,0.7062050161070186,349193782526.0206,42,S6_worst_case_no_intervention,indonesia,USDC
205,0.6995644357964891,340463937892.01465,42,S6_worst_case_no_intervention,indonesia,USDC
206,0.7245186784777485,331952339390.3653,42,S6_worst_case_no_intervention,indonesia,USDC
207,0.7176216608723196,323653530870.569,42,S6_worst_case_no_intervention,indonesia,USDC
208,0.7568623945888499,315562192572.4546,42,S6_worst_case_no_intervention,indonesia,USDC
209,0.7343002384743796,307673137740.74,42,S6_worst_case_no_intervention,indonesia,USDC
210,0.7549029141668414,299981309282.5092,42,S6_worst_case_no_intervention,indonesia,USDC
211,0.7496871807377262,292481776540.59973,42,S6_worst_case_no_intervention,indonesia,USDC
212,0.7777666626807955,285169732118.62634,42,S6_worst_case_no_intervention,indonesia,USDC
213,0.7821653290554609,278040488810.1974,42,S6_worst_case_no_intervention,indonesia,USDC
214,0.7924513204177678,271089476585.5924,42,S6_worst_case_no_intervention,indonesia,USDC
215,0.8102382401865944,264312239667.48047,42,S6_worst_case_no_intervention,indonesia,USDC
216,0.8299611377510636,257704433673.28174,42,S6_worst_case_no_intervention,indonesia,USDC
217,0.8253522971660339,251261822829.575,42,S6_worst_case_no_intervention,indonesia,USDC
218,0.8483418430192992,244980277257.27887,42,S6_worst_case_no_intervention,indonesia,USDC
219,0.8342003807377448,238855770324.67596,42,S6_worst_case_no_intervention,indonesia,USDC
220,0.8489613584653684,232884376065.45712,42,S6_worst_case_no_intervention,indonesia,USDC
221,0.8511396813539308,227062266662.93304,42,S6_worst_case_no_intervention,indonesia,USDC
222,0.832419761533643,221385709995.60718,42,S6_worst_case_no_intervention,indonesia,USDC
223,0.8411493615534903,215851067244.96567,42,S6_worst_case_no_intervention,indonesia,USDC
224,0.8370078384230645,210454790563.19205,42,S6_worst_case_no_intervention,indonesia,USDC
225,0.8138802740813196,205193420798.53094,42,S6_worst_case_no_intervention,indonesia,USDC
226,0.8030092272767262,200063585277.97882,42,S6_worst_case_no_intervention,indonesia,USDC
227,0.7923253490340892,195061995645.51218,42,S6_worst_case_no_intervention,indonesia,USDC
228,0.7783621062655554,190185445753.93414,42,S6_worst_case_no_intervention,indonesia,USDC
229,0.7941219379592358,185430809609.67728,42,S6_worst_case_no_intervention,indonesia,USDC
230,0.7916968683086866,180795039369.13126,42,S6_worst_case_no_intervention,indonesia,USDC
231,0.7800918364547247,176275163384.6607,42,S6_worst_case_no_intervention,indonesia,USDC
232,0.7870156168426241,171868284299.8211,42,S6_worst_case_no_intervention,indonesia,USDC
233,0.7751045970252742,167571577192.14932,42,S6_worst_case_no_intervention,indonesia,USDC
234,0.771159167300192,163382287762.20203,42,S6_worst_case_no_intervention,indonesia,USDC
235,0.7901339075435911,159297730568.02362,42,S6_worst_case_no_intervention,indonesia,USDC
236,0.8125289394046036,155315287303.7339,42,S6_worst_case_no_intervention,indonesia,USDC
237,0.8179028984797465,151432405121.0763,42,S6_worst_case_no_intervention,indonesia,USDC
238,0.8057575307246394,147646594992.99844,42,S6_worst_case_no_intervention,indonesia,USDC
239,0.7955537466923681,143955430118.1278,42,S6_worst_case_no_intervention,indonesia,USDC
240,0.8043060289136609,140356544365.13123,42,S6_worst_case_no_intervention,indonesia,USDC
241,0.8211498813911293,136847630755.96915,42,S6_worst_case_no_intervention,indonesia,USDC
242,0.8071241518472667,133426439987.04475,42,S6_worst_case_no_intervention,indonesia,USDC
243,0.7944801577140463,130090778987.3453,42,S6_worst_case_no_intervention,indonesia,USDC
244,0.7980352894236178,126838509512.64156,42,S6_worst_case_no_intervention,indonesia,USDC
245,0.789859651586524,123667546774.8096,42,S6_worst_case_no_intervention,indonesia,USDC
246,0.7815523027277683,120575858105.42491,42,S6_worst_case_no_intervention,indonesia,USDC
247,0.7822952285198029,117561461652.77664,42,S6_worst_case_no_intervention,indonesia,USDC
248,0.7665208613794169,114622425111.4471,42,S6_worst_case_no_intervention,indonesia,USDC
249,0.7660115370468253,111756864483.65204,42,S6_worst_case_no_intervention,indonesia,USDC
250,0.7792388836533292,108962942871.55402,42,S6_worst_case_no_intervention,indonesia,USDC
251,0.7840717839169646,106238869299.76012,42,S6_worst_case_no_intervention,indonesia,USDC
252,0.7898466431044462,103582897567.26202,42,S6_worst_case_no_intervention,indonesia,USDC
253,0.7906856446377288,100993325128.07735,42,S6_worst_case_no_intervention,indonesia,USDC
254,0.801316564713996,98468491999.87286,42,S6_worst_case_no_intervention,indonesia,USDC
255,0.785122258643336,96006779699.87407,42,S6_worst_case_no_intervention,indonesia,USDC
256,0.7752176401470321,93606610207.37537,42,S6_worst_case_no_intervention,indonesia,USDC
257,0.8026408045510969,91266444952.18942,42,S6_worst_case_no_intervention,indonesia,USDC
258,0.7959787303199959,88984783828.38362,42,S6_worst_case_no_intervention,indonesia,USDC
259,0.8043425150145763,86760164232.67313,42,S6_worst_case_no_intervention,indonesia,USDC
260,0.8106506468594754,84591160126.85556,42,S6_worst_case_no_intervention,indonesia,USDC
261,0.8325737509264335,82476381123.68355,42,S6_worst_case_no_intervention,indonesia,USDC
262,0.8152500869195392,80414471595.59102,42,S6_worst_case_no_intervention,indonesia,USDC
263,0.8101167719179625,78404109805.70084,42,S6_worst_case_no_intervention,indonesia,USDC
264,0.804240264028481,76444007060.55797,42,S6_worst_case_no_intervention,indonesia,USDC
265,0.7903812239604946,74532906884.0437,42,S6_worst_case_no_intervention,indonesia,USDC
266,0.7910204248474949,72669584211.94232,42,S6_worst_case_no_intervention,indonesia,USDC
267,0.7959783660336103,70852844606.64352,42,S6_worst_case_no_intervention,indonesia,USDC
268,0.80794509209806,69081523491.47723,42,S6_worst_case_no_intervention,indonesia,USDC
269,0.8110313434523045,67354485404.19016,42,S6_worst_case_no_intervention,indonesia,USDC
270,0.8191789999685879,65670623269.08528,42,S6_worst_case_no_intervention,indonesia,USDC
271,0.8291979142447311,64028857687.35806,42,S6_worst_case_no_intervention,indonesia,USDC
272,0.8252180174722362,62428136245.17404,42,S6_worst_case_no_intervention,indonesia,USDC
273,0.8327465981331145,60867432839.04463,42,S6_worst_case_no_intervention,indonesia,USDC
274,0.8305621369974591,59345747018.06845,42,S6_worst_case_no_intervention,indonesia,USDC
275,0.8121391066094098,57862103342.6167,42,S6_worst_case_no_intervention,indonesia,USDC
276,0.8097469265753906,56415550759.05124,42,S6_worst_case_no_intervention,indonesia,USDC
277,0.814101428490324,55005161990.07491,42,S6_worst_case_no_intervention,indonesia,USDC
278,0.8097017628659544,53630032940.323006,42,S6_worst_case_no_intervention,indonesia,USDC
279,0.7790361556902929,52289282116.81491,42,S6_worst_case_no_intervention,indonesia,USDC
280,0.7857411070079496,50982050063.8945,42,S6_worst_case_no_intervention,indonesia,USDC
281,0.7682983052480423,49707498812.29712,42,S6_worst_case_no_intervention,indonesia,USDC
282,0.7809384181697048,48464811341.98967,42,S6_worst_case_no_intervention,indonesia,USDC
283,0.78250662993385,47253191058.43992,42,S6_worst_case_no_intervention,indonesia,USDC
284,0.7852433757915642,46071861281.97891,42,S6_worst_case_no_intervention,indonesia,USDC
285,0.7929832831690987,44920064749.92943,42,S6_worst_case_no_intervention,indonesia,USDC
286,0.7985074419453799,43797063131.18118,42,S6_worst_case_no_intervention,indonesia,USDC
287,0.7959648134097497,42702136552.90165,42,S6_worst_case_no_intervention,indonesia,USDC
288,0.8129464590414174,41634583139.0791,42,S6_worst_case_no_intervention,indonesia,USDC
289,0.7983889673444786,40593718560.60212,42,S6_worst_case_no_intervention,indonesia,USDC
290,0.7992697682234489,39578875596.58707,42,S6_worst_case_no_intervention,indonesia,USDC
291,0.8435065608735876,38589403706.67238,42,S6_worst_case_no_intervention,indonesia,USDC
292,0.8165782298673023,37624668614.00557,42,S6_worst_case_no_intervention,indonesia,USDC
293,0.8291357743665583,36684051898.65543,42,S6_worst_case_no_intervention,indonesia,USDC
294,0.8288982923221755,35766950601.18905,42,S6_worst_case_no_intervention,indonesia,USDC
295,0.8233145415914057,34872776836.159325,42,S6_worst_case_no_intervention,indonesia,USDC
296,0.8080913061836472,34000957415.25534,42,S6_worst_case_no_intervention,indonesia,USDC
297,0.8035557314390688,33150933479.873955,42,S6_worst_case_no_intervention,indonesia,USDC
298,0.7834120951863713,32322160142.877106,42,S6_worst_case_no_intervention,indonesia,USDC
299,0.787739754302422,31514106139.30518,42,S6_worst_case_no_intervention,indonesia,USDC
300,0.796526235116176,30726253485.822548,42,S6_worst_case_no_intervention,indonesia,USDC
301,0.7990593590534436,29958097148.676987,42,S6_worst_case_no_intervention,indonesia,USDC
302,0.7824151127558507,29209144719.96006,42,S6_worst_case_no_intervention,indonesia,USDC
303,0.7839437192181854,28478916101.96106,42,S6_worst_case_no_intervention,indonesia,USDC
304,0.7804643662787222,27766943199.412033,42,S6_worst_case_no_intervention,indonesia,USDC
305,0.7698273167416992,27072769619.426735,42,S6_worst_case_no_intervention,indonesia,USDC
306,0.7820743934932999,26395950378.941063,42,S6_worst_case_no_intervention,indonesia,USDC
307,0.7892451636150356,25736051619.467537,42,S6_worst_case_no_intervention,indonesia,USDC
308,0.7792838191665544,25092650328.98085,42,S6_worst_case_no_intervention,indonesia,USDC
309,0.782379000580747,24465334070.75633,42,S6_worst_case_no_intervention,indonesia,USDC
310,0.7843808776786659,23853700718.98742,42,S6_worst_case_no_intervention,indonesia,USDC
311,0.7386260973027088,23257358201.012733,42,S6_worst_case_no_intervention,indonesia,USDC
312,0.7488369480481761,22675924245.987415,42,S6_worst_case_no_intervention,indonesia,USDC
313,0.7650565656916452,22109026139.83773,42,S6_worst_case_no_intervention,indonesia,USDC
314,0.7484564338536308,21556300486.34179,42,S6_worst_case_no_intervention,indonesia,USDC
315,0.7584800618101445,21017392974.183243,42,S6_worst_case_no_intervention,indonesia,USDC
316,0.7496674100828985,20491958149.828663,42,S6_worst_case_no_intervention,indonesia,USDC
317,0.769988317694024,19979659196.082947,42,S6_worst_case_no_intervention,indonesia,USDC
318,0.7848044464040422,19480167716.18087,42,S6_worst_case_no_intervention,indonesia,USDC
319,0.8101148223868084,18993163523.276352,42,S6_worst_case_no_intervention,indonesia,USDC
320,0.8082786058778613,18518334435.194443,42,S6_worst_case_no_intervention,indonesia,USDC
321,0.8168568328415333,18055376074.31458,42,S6_worst_case_no_intervention,indonesia,USDC
322,0.8175831300751609,17603991672.456715,42,S6_worst_case_no_intervention,indonesia,USDC
323,0.7858242573529909,17163891880.645294,42,S6_worst_case_no_intervention,indonesia,USDC
324,0.7827455032424697,16734794583.629162,42,S6_worst_case_no_intervention,indonesia,USDC
325,0.7908588052231574,16316424719.038437,42,S6_worst_case_no_intervention,indonesia,USDC
326,0.8037211522588643,15908514101.062475,42,S6_worst_case_no_intervention,indonesia,USDC
327,0.803984996418216,15510801248.535912,42,S6_worst_case_no_intervention,indonesia,USDC
328,0.7848178965546792,15123031217.322515,42,S6_worst_case_no_intervention,indonesia,USDC
329,0.7880650028152651,14744955436.889452,42,S6_worst_case_no_intervention,indonesia,USDC
330,0.8076060987779246,14376331550.967215,42,S6_worst_case_no_intervention,indonesia,USDC
331,0.7912704234402913,14016923262.193035,42,S6_worst_case_no_intervention,indonesia,USDC
332,0.7928530738654598,13666500180.63821,42,S6_worst_case_no_intervention,indonesia,USDC
333,0.7988093623035527,13324837676.122255,42,S6_worst_case_no_intervention,indonesia,USDC
334,0.798876915986493,12991716734.219198,42,S6_worst_case_no_intervention,indonesia,USDC
335,0.8057503697808875,12666923815.863716,42,S6_worst_case_no_intervention,indonesia,USDC
336,0.7870259147216689,12350250720.467125,42,S6_worst_case_no_intervention,indonesia,USDC
337,0.8053040246159593,12041494452.455446,42,S6_worst_case_no_intervention,indonesia,USDC
338,0.7907653450668979,11740457091.14406,42,S6_worst_case_no_intervention,indonesia,USDC
339,0.7988157924549949,11446945663.865458,42,S6_worst_case_no_intervention,indonesia,USDC
340,0.8175053837778964,11160772022.268822,42,S6_worst_case_no_intervention,indonesia,USDC
341,0.8301727455380064,10881752721.712101,42,S6_worst_case_no_intervention,indonesia,USDC
342,0.83317022789479,10609708903.6693,42,S6_worst_case_no_intervention,indonesia,USDC
343,0.8507277491354348,10344466181.077566,42,S6_worst_case_no_intervention,indonesia,USDC
344,0.8497498231633336,10085854526.550627,42,S6_worst_case_no_intervention,indonesia,USDC
345,0.8468897472986127,9833708163.386862,42,S6_worst_case_no_intervention,indonesia,USDC
346,0.8254240338085144,9587865459.302189,42,S6_worst_case_no_intervention,indonesia,USDC
347,0.8427786058225681,9348168822.819635,42,S6_worst_case_no_intervention,indonesia,USDC
348,0.8452014958365736,9114464602.249144,42,S6_worst_case_no_intervention,indonesia,USDC
349,0.8424853962769374,8886602987.192915,42,S6_worst_case_no_intervention,indonesia,USDC
350,0.8179348472379631,8664437912.513092,42,S6_worst_case_no_intervention,indonesia,USDC
351,0.8069400807396838,8447826964.700265,42,S6_worst_case_no_intervention,indonesia,USDC
352,0.8176653883208432,8236631290.582758,42,S6_worst_case_no_intervention,indonesia,USDC
353,0.828351363669921,8030715508.318188,42,S6_worst_case_no_intervention,indonesia,USDC
354,0.8120111363624503,7829947620.610233,42,S6_worst_case_no_intervention,indonesia,USDC
355,0.8325154034433775,7634198930.094978,42,S6_worst_case_no_intervention,indonesia,USDC
356,0.8323199758968689,7443343956.842604,42,S6_worst_case_no_intervention,indonesia,USDC
357,0.8268587808036257,7257260357.921537,42,S6_worst_case_no_intervention,indonesia,USDC
358,0.8125759679927006,7075828848.9735,42,S6_worst_case_no_intervention,indonesia,USDC
359,0.795083499235372,6898933127.749163,42,S6_worst_case_no_intervention,indonesia,USDC
360,0.784839364673357,6726459799.555433,42,S6_worst_case_no_intervention,indonesia,USDC
361,0.7652513300557605,6558298304.566547,42,S6_worst_case_no_intervention,indonesia,USDC
362,0.7698091728281303,6394340846.952384,42,S6_worst_case_no_intervention,indonesia,USDC
363,0.7807908726665701,6234482325.778575,42,S6_worst_case_no_intervention,indonesia,USDC
364,0.7763386508698784,6078620267.63411,42,S6_worst_case_no_intervention,indonesia,USDC
365,0.7811747390626601,5926654760.943257,42,S6_worst_case_no_intervention,indonesia,USDC
366,0.7104106284192017,5778488391.919676,42,S6_worst_case_no_intervention,indonesia,USDC
367,0.7216672190686114,5634026182.121684,42,S6_worst_case_no_intervention,indonesia,USDC
368,0.711958892171842,5493175527.568642,42,S6_worst_case_no_intervention,indonesia,USDC
369,0.721407138115868,5355846139.379426,42,S6_worst_case_no_intervention,indonesia,USDC
370,0.763469865175854,5221949985.89494,42,S6_worst_case_no_intervention,indonesia,USDC
371,0.7560335016212855,5091401236.247567,42,S6_worst_case_no_intervention,indonesia,USDC
372,0.7614490256156098,4964116205.341378,42,S6_worst_case_no_intervention,indonesia,USDC
373,0.7908320784926532,4840013300.207844,42,S6_worst_case_no_intervention,indonesia,USDC
374,0.7933191160350177,4719012967.702647,42,S6_worst_case_no_intervention,indonesia,USDC
375,0.8052815893815258,4601037643.510081,42,S6_worst_case_no_intervention,indonesia,USDC
376,0.8172646391475078,4486011702.422329,42,S6_worst_case_no_intervention,indonesia,USDC
377,0.7968016711216591,4373861409.861772,42,S6_worst_case_no_intervention,indonesia,USDC
378,0.8194055254464172,4264514874.615227,42,S6_worst_case_no_intervention,indonesia,USDC
379,0.8190912476451613,4157902002.7498465,42,S6_worst_case_no_intervention,indonesia,USDC
380,0.8328816075811746,4053954452.681101,42,S6_worst_case_no_intervention,indonesia,USDC
381,0.8270608158463345,3952605591.3640733,42,S6_worst_case_no_intervention,indonesia,USDC
382,0.816417322300889,3853790451.5799713,42,S6_worst_case_no_intervention,indonesia,USDC
383,0.8256048644042725,3757445690.290472,42,S6_worst_case_no_intervention,indonesia,USDC
384,0.839453154088108,3663509548.03321,42,S6_worst_case_no_intervention,indonesia,USDC
385,0.8203099859667364,3571921809.3323803,42,S6_worst_case_no_intervention,indonesia,USDC
386,0.845812381977715,3482623764.0990705,42,S6_worst_case_no_intervention,indonesia,USDC
387,0.8416611653782426,3395558169.996594,42,S6_worst_case_no_intervention,indonesia,USDC
388,0.8531695667516741,3310669215.746679,42,S6_worst_case_no_intervention,indonesia,USDC
389,0.8624869250071026,3227902485.353012,42,S6_worst_case_no_intervention,indonesia,USDC
390,0.8343624597406565,3147204923.219187,42,S6_worst_case_no_intervention,indonesia,USDC
391,0.8256234059616016,3068524800.138707,42,S6_worst_case_no_intervention,indonesia,USDC
392,0.8104564612454415,2991811680.1352396,42,S6_worst_case_no_intervention,indonesia,USDC
393,0.7885109258292866,2917016388.131858,42,S6_worst_case_no_intervention,indonesia,USDC
394,0.7812479490241189,2844090978.4285617,42,S6_worst_case_no_intervention,indonesia,USDC
395,0.7665472738708882,2772988703.967848,42,S6_worst_case_no_intervention,indonesia,USDC
396,0.7673794070670892,2703663986.3686514,42,S6_worst_case_no_intervention,indonesia,USDC
397,0.7662112906967201,2636072386.7094355,42,S6_worst_case_no_intervention,indonesia,USDC
398,0.7752406025058167,2570170577.0416994,42,S6_worst_case_no_intervention,indonesia,USDC
399,0.7806329389560981,2505916312.615657,42,S6_worst_case_no_intervention,indonesia,USDC
400,0.7668260132378094,2443268404.8002653,42,S6_worst_case_no_intervention,indonesia,USDC
401,0.7806204065587676,2382186694.680259,42,S6_worst_case_no_intervention,indonesia,USDC
402,0.7715256024865729,2322632027.3132524,42,S6_worst_case_no_intervention,indonesia,USDC
403,0.7486311567456572,2264566226.630421,42,S6_worst_case_no_intervention,indonesia,USDC
404,0.76260323585038,2207952070.9646606,42,S6_worst_case_no_intervention,indonesia,USDC
405,0.7422963331797198,2152753269.190544,42,S6_worst_case_no_intervention,indonesia,USDC
406,0.7290783122759916,2098934437.4607806,42,S6_worst_case_no_intervention,indonesia,USDC
407,0.7436062903626103,2046461076.524261,42,S6_worst_case_no_intervention,indonesia,USDC
408,0.7693507014663995,1995299549.6111543,42,S6_worst_case_no_intervention,indonesia,USDC
409,0.7773963867609843,1945417060.8708756,42,S6_worst_case_no_intervention,indonesia,USDC
410,0.7687795899716803,1896781634.3491035,42,S6_worst_case_no_intervention,indonesia,USDC
411,0.7297887668782852,1849362093.4903758,42,S6_worst_case_no_intervention,indonesia,USDC
412,0.7277872092951913,1803128041.1531162,42,S6_worst_case_no_intervention,indonesia,USDC
413,0.7192856267080857,1758049840.1242886,42,S6_worst_case_no_intervention,indonesia,USDC
414,0.7425986883632877,1714098594.121181,42,S6_worst_case_no_intervention,indonesia,USDC
415,0.7290457478174964,1671246129.2681515,42,S6_worst_case_no_intervention,indonesia,USDC
416,0.7264109362562535,1629464976.036448,42,S6_worst_case_no_intervention,indonesia,USDC
417,0.7389181782251975,1588728351.6355367,42,S6_worst_case_no_intervention,indonesia,USDC
418,0.7778209253211321,1549010142.8446484,42,S6_worst_case_no_intervention,indonesia,USDC
419,0.7881025292249064,1510284889.273532,42,S6_worst_case_no_intervention,indonesia,USDC
420,0.8022253432174742,1472527767.0416937,42,S6_worst_case_no_intervention,indonesia,USDC
421,0.8234283293784369,1435714572.8656514,42,S6_worst_case_no_intervention,indonesia,USDC
422,0.8228490009630436,1399821708.5440102,42,S6_worst_case_no_intervention,indonesia,USDC
423,0.8277183405188225,1364826165.8304098,42,S6_worst_case_no_intervention,indonesia,USDC
424,0.8219923857058778,1330705511.6846495,42,S6_worst_case_no_intervention,indonesia,USDC
425,0.8225089885785943,1297437873.8925333,42,S6_worst_case_no_intervention,indonesia,USDC
426,0.7956810433361353,1265001927.04522,42,S6_worst_case_no_intervention,indonesia,USDC
427,0.7784169919357885,1233376878.8690894,42,S6_worst_case_no_intervention,indonesia,USDC
428,0.7638005869479234,1202542456.8973622,42,S6_worst_case_no_intervention,indonesia,USDC
429,0.7660043757474876,1172478895.474928,42,S6_worst_case_no_intervention,indonesia,USDC
430,0.777981335071993,1143166923.088055,42,S6_worst_case_no_intervention,indonesia,USDC
431,0.8024329075981566,1114587750.0108535,42,S6_worst_case_no_intervention,indonesia,USDC
432,0.7931401847982406,1086723056.2605822,42,S6_worst_case_no_intervention,indonesia,USDC
433,0.7788273090946777,1059554979.8540677,42,S6_worst_case_no_intervention,indonesia,USDC
434,0.7856433813412042,1033066105.3577161,42,S6_worst_case_no_intervention,indonesia,USDC
435,0.7827887126287861,1007239452.7237732,42,S6_worst_case_no_intervention,indonesia,USDC
436,0.7811546140546444,982058466.4056789,42,S6_worst_case_no_intervention,indonesia,USDC
437,0.7833288558570235,957507004.7455369,42,S6_worst_case_no_intervention,indonesia,USDC
438,0.7625911585884425,933569329.6268985,42,S6_worst_case_no_intervention,indonesia,USDC
439,0.7730365416641627,910230096.3862259,42,S6_worst_case_no_intervention,indonesia,USDC
440,0.7696276734047836,887474343.9765704,42,S6_worst_case_no_intervention,indonesia,USDC
441,0.758063386656203,865287485.377156,42,S6_worst_case_no_intervention,indonesia,USDC
442,0.80502961383304,843655298.2427273,42,S6_worst_case_no_intervention,indonesia,USDC
443,0.8133776741363138,822563915.7866591,42,S6_worst_case_no_intervention,indonesia,USDC
444,0.8226121708755747,801999817.8919926,42,S6_worst_case_no_intervention,indonesia,USDC
445,0.8099507012428242,781949822.4446927,42,S6_worst_case_no_intervention,indonesia,USDC
446,0.8029394452591923,762401076.8835754,42,S6_worst_case_no_intervention,indonesia,USDC
447,0.825829029924303,743341049.9614861,42,S6_worst_case_no_intervention,indonesia,USDC
448,0.8278467201332024,724757523.7124488,42,S6_worst_case_no_intervention,indonesia,USDC
449,0.8362936350539446,706638585.6196377,42,S6_worst_case_no_intervention,indonesia,USDC
450,0.8384507698725844,688972620.9791467,42,S6_worst_case_no_intervention,indonesia,USDC
451,0.8502871432599818,671748305.454668,42,S6_worst_case_no_intervention,indonesia,USDC
452,0.8463423796156823,654954597.8183013,42,S6_worst_case_no_intervention,indonesia,USDC
453,0.8224394635699303,638580732.8728439,42,S6_worst_case_no_intervention,indonesia,USDC
454,0.796700345992812,622616214.5510228,42,S6_worst_case_no_intervention,indonesia,USDC
455,0.8065047431096601,607050809.1872472,42,S6_worst_case_no_intervention,indonesia,USDC
456,0.8154745271299568,591874538.957566,42,S6_worst_case_no_intervention,indonesia,USDC
457,0.8319994295597758,577077675.4836268,42,S6_worst_case_no_intervention,indonesia,USDC
458,0.8382745664690069,562650733.5965362,42,S6_worst_case_no_intervention,indonesia,USDC
459,0.8304203754198125,548584465.2566228,42,S6_worst_case_no_intervention,indonesia,USDC
460,0.8601042241860175,534869853.6252072,42,S6_worst_case_no_intervention,indonesia,USDC
461,0.8678949445967662,521498107.28457695,42,S6_worst_case_no_intervention,indonesia,USDC
462,0.8431663167577845,508460654.60246253,42,S6_worst_case_no_intervention,indonesia,USDC
463,0.8500325112691164,495749138.237401,42,S6_worst_case_no_intervention,indonesia,USDC
464,0.856326601560937,483355409.7814659,42,S6_worst_case_no_intervention,indonesia,USDC
465,0.8463045701683013,471271524.53692925,42,S6_worst_case_no_intervention,indonesia,USDC
466,0.8115266691622665,459489736.423506,42,S6_worst_case_no_intervention,indonesia,USDC
467,0.8318934848911655,448002493.0129184,42,S6_worst_case_no_intervention,indonesia,USDC
468,0.840605770265202,436802430.6875955,42,S6_worst_case_no_intervention,indonesia,USDC
469,0.8348738990497027,425882369.9204056,42,S6_worst_case_no_intervention,indonesia,USDC
470,0.819287048354426,415235310.67239547,42,S6_worst_case_no_intervention,indonesia,USDC
471,0.690263450134467,404854427.9055855,42,S6_worst_case_no_intervention,indonesia,USDC
472,0.6896152454062885,394733067.20794594,42,S6_worst_case_no_intervention,indonesia,USDC
473,0.6949541323933723,384864740.5277473,42,S6_worst_case_no_intervention,indonesia,USDC
474,0.7098303251982205,375243122.01455367,42,S6_worst_case_no_intervention,indonesia,USDC
475,0.7268343998831944,365862043.96418977,42,S6_worst_case_no_intervention,indonesia,USDC
476,0.7371835929789993,356715492.86508507,42,S6_worst_case_no_intervention,indonesia,USDC
477,0.7658605153090992,347797605.5434579,42,S6_worst_case_no_intervention,indonesia,USDC
478,0.7850910221723751,339102665.40487146,42,S6_worst_case_no_intervention,indonesia,USDC
479,0.7304498315046757,330625098.7697497,42,S6_worst_case_no_intervention,indonesia,USDC
480,0.727320221063631,322359471.300506,42,S6_worst_case_no_intervention,indonesia,USDC
481,0.7335225234912786,314300484.5179933,42,S6_worst_case_no_intervention,indonesia,USDC
482,0.7398433132987932,306442972.4050435,42,S6_worst_case_no_intervention,indonesia,USDC
483,0.73565031436329,298781898.0949174,42,S6_worst_case_no_intervention,indonesia,USDC
484,0.7413119166303962,291312350.64254445,42,S6_worst_case_no_intervention,indonesia,USDC
485,0.7359649165568616,284029541.8764808,42,S6_worst_case_no_intervention,indonesia,USDC
486,0.74208839954925,276928803.3295688,42,S6_worst_case_no_intervention,indonesia,USDC
487,0.7417332674919742,270005583.2463296,42,S6_worst_case_no_intervention,indonesia,USDC
488,0.7372986521775672,263255443.66517138,42,S6_worst_case_no_intervention,indonesia,USDC
489,0.7565544810166938,256674057.57354206,42,S6_worst_case_no_intervention,indonesia,USDC
490,0.7394779274423583,250257206.1342035,42,S6_worst_case_no_intervention,indonesia,USDC
491,0.7363026592745376,244000775.98084843,42,S6_worst_case_no_intervention,indonesia,USDC
492,0.7435278135141673,237900756.5813272,42,S6_worst_case_no_intervention,indonesia,USDC
493,0.7821547535479441,231953237.66679403,42,S6_worst_case_no_intervention,indonesia,USDC
494,0.7994442031746014,226154406.72512418,42,S6_worst_case_no_intervention,indonesia,USDC
495,0.7978761489101199,220500546.55699605,42,S6_worst_case_no_intervention,indonesia,USDC
496,0.7923908491953924,214988032.89307117,42,S6_worst_case_no_intervention,indonesia,USDC
497,0.8116061402243329,209613332.07074437,42,S6_worst_case_no_intervention,indonesia,USDC
498,0.8191754890393368,204372998.76897573,42,S6_worst_case_no_intervention,indonesia,USDC
499,0.8134308467401852,199263673.79975134,42,S6_worst_case_no_intervention,indonesia,USDC
500,0.8038293821688309,194282081.95475757,42,S6_worst_case_no_intervention,indonesia,USDC
501,0.8136886424285197,189425029.90588862,42,S6_worst_case_no_intervention,indonesia,USDC
502,0.8073619478757652,184689404.1582414,42,S6_worst_case_no_intervention,indonesia,USDC
503,0.780818530788095,180072169.05428538,42,S6_worst_case_no_intervention,indonesia,USDC
504,0.7814167944093928,175570364.82792825,42,S6_worst_case_no_intervention,indonesia,USDC
505,0.7182573572756458,171181105.70723003,42,S6_worst_case_no_intervention,indonesia,USDC
506,0.7260299342355003,166901578.0645493,42,S6_worst_case_no_intervention,indonesia,USDC
507,0.7384303053183686,162729038.61293554,42,S6_worst_case_no_intervention,indonesia,USDC
508,0.746608923470822,158660812.64761215,42,S6_worst_case_no_intervention,indonesia,USDC
509,0.7511366946089184,154694292.33142185,42,S6_worst_case_no_intervention,indonesia,USDC
510,0.7541090431635045,150826935.02313632,42,S6_worst_case_no_intervention,indonesia,USDC
511,0.7730159475443248,147056261.6475579,42,S6_worst_case_no_intervention,indonesia,USDC
512,0.7756585527454165,143379855.10636896,42,S6_worst_case_no_intervention,indonesia,USDC
513,0.7709434502534874,139795358.72870976,42,S6_worst_case_no_intervention,indonesia,USDC
514,0.7749065889302983,136300474.760492,42,S6_worst_case_no_intervention,indonesia,USDC
515,0.770075040375573,132892962.8914797,42,S6_worst_case_no_intervention,indonesia,USDC
516,0.7750206005662217,129570638.81919271,42,S6_worst_case_no_intervention,indonesia,USDC
517,0.7718278553237978,126331372.84871289,42,S6_worst_case_no_intervention,indonesia,USDC
518,0.7683317893039395,123173088.52749509,42,S6_worst_case_no_intervention,indonesia,USDC
519,0.7671893631862708,120093761.3143077,42,S6_worst_case_no_intervention,indonesia,USDC
520,0.7755570087995589,117091417.28145,42,S6_worst_case_no_intervention,indonesia,USDC
521,0.7763492192237373,114164131.84941375,42,S6_worst_case_no_intervention,indonesia,USDC
522,0.7645395956934038,111310028.5531784,42,S6_worst_case_no_intervention,indonesia,USDC
523,0.7472183140083652,108527277.83934894,42,S6_worst_case_no_intervention,indonesia,USDC
524,0.778540891324366,105814095.89336522,42,S6_worst_case_no_intervention,indonesia,USDC
525,0.7697179183850988,103168743.49603108,42,S6_worst_case_no_intervention,indonesia,USDC
526,0.7712656646419191,100589524.90863031,42,S6_worst_case_no_intervention,indonesia,USDC
527,0.7606735984692456,98074786.78591456,42,S6_worst_case_no_intervention,indonesia,USDC
528,0.7604212794120895,95622917.1162667,42,S6_worst_case_no_intervention,indonesia,USDC
529,0.7720309700416104,93232344.18836002,42,S6_worst_case_no_intervention,indonesia,USDC
530,0.7731752539887791,90901535.58365102,42,S6_worst_case_no_intervention,indonesia,USDC
531,0.7845685613666306,88628997.19405974,42,S6_worst_case_no_intervention,indonesia,USDC
532,0.8107184913086241,86413272.26420824,42,S6_worst_case_no_intervention,indonesia,USDC
533,0.810538846631053,84252940.45760305,42,S6_worst_case_no_intervention,indonesia,USDC
534,0.788032384358442,82146616.94616297,42,S6_worst_case_no_intervention,indonesia,USDC
535,0.7909272499522746,80092951.52250889,42,S6_worst_case_no_intervention,indonesia,USDC
536,0.6753813451827256,78090627.73444617,42,S6_worst_case_no_intervention,indonesia,USDC
537,0.6932951559494309,76138362.04108502,42,S6_worst_case_no_intervention,indonesia,USDC
538,0.7083211844543218,74234902.99005789,42,S6_worst_case_no_intervention,indonesia,USDC
539,0.7061643821410666,72379030.41530645,42,S6_worst_case_no_intervention,indonesia,USDC
540,0.7228831166673085,70569554.65492378,42,S6_worst_case_no_intervention,indonesia,USDC
541,0.7413206225796641,68805315.78855069,42,S6_worst_case_no_intervention,indonesia,USDC
542,0.754052103446412,67085182.89383692,42,S6_worst_case_no_intervention,indonesia,USDC
543,0.763079676176727,65408053.321490996,42,S6_worst_case_no_intervention,indonesia,USDC
544,0.794214358323808,63772851.988453716,42,S6_worst_case_no_intervention,indonesia,USDC
545,0.7965571084528136,62178530.688742384,42,S6_worst_case_no_intervention,indonesia,USDC
546,0.8139627050043111,60624067.421523824,42,S6_worst_case_no_intervention,indonesia,USDC
547,0.7911579876520448,59108465.735985726,42,S6_worst_case_no_intervention,indonesia,USDC
548,0.8021392448898693,57630754.092586085,42,S6_worst_case_no_intervention,indonesia,USDC
549,0.803238405649235,56189985.240271434,42,S6_worst_case_no_intervention,indonesia,USDC
550,0.7984125973937407,54785235.60926464,42,S6_worst_case_no_intervention,indonesia,USDC
551,0.7887378891756835,53415604.71903303,42,S6_worst_case_no_intervention,indonesia,USDC
552,0.7885679936400863,52080214.60105721,42,S6_worst_case_no_intervention,indonesia,USDC
553,0.7641312248203154,50778209.23603077,42,S6_worst_case_no_intervention,indonesia,USDC
554,0.7882090916389601,49508754.00513001,42,S6_worst_case_no_intervention,indonesia,USDC
555,0.7674205448716364,48271035.15500175,42,S6_worst_case_no_intervention,indonesia,USDC
556,0.7555854074829653,47064259.27612671,42,S6_worst_case_no_intervention,indonesia,USDC
557,0.769882077332148,45887652.79422354,42,S6_worst_case_no_intervention,indonesia,USDC
558,0.7928263721951159,44740461.474367954,42,S6_worst_case_no_intervention,indonesia,USDC
559,0.7875888628552983,43621949.937508754,42,S6_worst_case_no_intervention,indonesia,USDC
560,0.7681426102143973,42531401.18907103,42,S6_worst_case_no_intervention,indonesia,USDC
561,0.7853820187425012,41468116.159344256,42,S6_worst_case_no_intervention,indonesia,USDC
562,0.7843822870612303,40431413.25536065,42,S6_worst_case_no_intervention,indonesia,USDC
563,0.7766057297752198,39420627.92397663,42,S6_worst_case_no_intervention,indonesia,USDC
564,0.7893842704553149,38435112.225877225,42,S6_worst_case_no_intervention,indonesia,USDC
565,0.7710195285787195,37474234.42023029,42,S6_worst_case_no_intervention,indonesia,USDC
566,0.7891944127143294,36537378.55972453,42,S6_worst_case_no_intervention,indonesia,USDC
567,0.7919750428016236,35623944.09573142,42,S6_worst_case_no_intervention,indonesia,USDC
568,0.8030617469192688,34733345.49333814,42,S6_worst_case_no_intervention,indonesia,USDC
569,0.8084981538161004,33865011.856004685,42,S6_worst_case_no_intervention,indonesia,USDC
570,0.8321799098791404,33018386.559604567,42,S6_worst_case_no_intervention,indonesia,USDC
571,0.8022520286510376,32192926.895614453,42,S6_worst_case_no_intervention,indonesia,USDC
572,0.7938354407978555,31388103.72322409,42,S6_worst_case_no_intervention,indonesia,USDC
573,0.7876596799678438,30603401.13014349,42,S6_worst_case_no_intervention,indonesia,USDC
574,0.7975413821364356,29838316.1018899,42,S6_worst_case_no_intervention,indonesia,USDC
575,0.8139787517451712,29092358.199342653,42,S6_worst_case_no_intervention,indonesia,USDC
576,0.7685626863839546,28365049.244359087,42,S6_worst_case_no_intervention,indonesia,USDC
577,0.7625760211066657,27655923.013250113,42,S6_worst_case_no_intervention,indonesia,USDC
578,0.767330081036979,26964524.937918857,42,S6_worst_case_no_intervention,indonesia,USDC
579,0.7708149299335427,26290411.81447089,42,S6_worst_case_no_intervention,indonesia,USDC
580,0.7546203914746246,25633151.519109115,42,S6_worst_case_no_intervention,indonesia,USDC
581,0.7678544784568966,24992322.73113139,42,S6_worst_case_no_intervention,indonesia,USDC
582,0.787200686032826,24367514.662853103,42,S6_worst_case_no_intervention,indonesia,USDC
583,0.7964351071355816,23758326.796281777,42,S6_worst_case_no_intervention,indonesia,USDC
584,0.7960947365716882,23164368.626374733,42,S6_worst_case_no_intervention,indonesia,USDC
585,0.7979177509350179,22585259.410715364,42,S6_worst_case_no_intervention,indonesia,USDC
586,0.7998980184260889,22020627.92544748,42,S6_worst_case_no_intervention,indonesia,USDC
587,0.7928940994260678,21470112.22731129,42,S6_worst_case_no_intervention,indonesia,USDC
588,0.8021034763213194,20933359.421628512,42,S6_worst_case_no_intervention,indonesia,USDC
589,0.8094024646774757,20410025.4360878,42,S6_worst_case_no_intervention,indonesia,USDC
590,0.7975476451901105,19899774.800185606,42,S6_worst_case_no_intervention,indonesia,USDC
591,0.7979475562726214,19402280.430180963,42,S6_worst_case_no_intervention,indonesia,USDC
592,0.7904765878640936,18917223.41942644,42,S6_worst_case_no_intervention,indonesia,USDC
593,0.7957244636165703,18444292.833940778,42,S6_worst_case_no_intervention,indonesia,USDC
594,0.7942678539546545,17983185.513092257,42,S6_worst_case_no_intervention,indonesia,USDC
595,0.804195787603957,17533605.87526495,42,S6_worst_case_no_intervention,indonesia,USDC
596,0.8297390239308011,17095265.72838333,42,S6_worst_case_no_intervention,indonesia,USDC
597,0.8275225150106825,16667884.085173747,42,S6_worst_case_no_intervention,indonesia,USDC
598,0.8155457430818486,16251186.983044403,42,S6_worst_case_no_intervention,indonesia,USDC
599,0.8344888086706848,15844907.308468292,42,S6_worst_case_no_intervention,indonesia,USDC
600,0.8335251003839498,15448784.625756584,42,S6_worst_case_no_intervention,indonesia,USDC
601,0.833039021466619,15062565.01011267,42,S6_worst_case_no_intervention,indonesia,USDC
602,0.816856987864286,14686000.88485985,42,S6_worst_case_no_intervention,indonesia,USDC
603,0.8221147849118241,14318850.862738356,42,S6_worst_case_no_intervention,indonesia,USDC
604,0.8004361018684795,13960879.591169897,42,S6_worst_case_no_intervention,indonesia,USDC
605,0.8152112878575906,13611857.601390649,42,S6_worst_case_no_intervention,indonesia,USDC
606,0.8057066500467301,13271561.161355883,42,S6_worst_case_no_intervention,indonesia,USDC
607,0.795906644264832,12939772.132321987,42,S6_worst_case_no_intervention,indonesia,USDC
608,0.790460406940547,12616277.82901394,42,S6_worst_case_no_intervention,indonesia,USDC
609,0.7921525711579541,12300870.883288588,42,S6_worst_case_no_intervention,indonesia,USDC
610,0.7836990658301546,11993349.111206375,42,S6_worst_case_no_intervention,indonesia,USDC
611,0.7737359922585323,11693515.383426215,42,S6_worst_case_no_intervention,indonesia,USDC
612,0.7670952376578033,11401177.49884056,42,S6_worst_case_no_intervention,indonesia,USDC
613,0.7749664572275071,11116148.061369546,42,S6_worst_case_no_intervention,indonesia,USDC
614,0.7870631243379033,10838244.359835306,42,S6_worst_case_no_intervention,indonesia,USDC
615,0.7887604800693343,10567288.250839425,42,S6_worst_case_no_intervention,indonesia,USDC
616,0.746597921685146,10303106.044568438,42,S6_worst_case_no_intervention,indonesia,USDC
617,0.743631149445526,10045528.393454228,42,S6_worst_case_no_intervention,indonesia,USDC
618,0.7392278237334432,9794390.183617871,42,S6_worst_case_no_intervention,indonesia,USDC
619,0.7445714101520594,9549530.429027425,42,S6_worst_case_no_intervention,indonesia,USDC
620,0.7591638051551032,9310792.168301739,42,S6_worst_case_no_intervention,indonesia,USDC
621,0.7805920811518656,9078022.364094196,42,S6_worst_case_no_intervention,indonesia,USDC
622,0.7871295576555833,8851071.804991841,42,S6_worst_case_no_intervention,indonesia,USDC
623,0.7669594635412764,8629795.009867044,42,S6_worst_case_no_intervention,indonesia,USDC
624,0.7783253367636138,8414050.134620368,42,S6_worst_case_no_intervention,indonesia,USDC
625,0.7776612103845583,8203698.881254859,42,S6_worst_case_no_intervention,indonesia,USDC
626,0.7598260632252761,7998606.409223488,42,S6_worst_case_no_intervention,indonesia,USDC
627,0.7400762448238349,7798641.248992901,42,S6_worst_case_no_intervention,indonesia,USDC
628,0.7369536742502686,7603675.217768079,42,S6_worst_case_no_intervention,indonesia,USDC
629,0.6090791238561142,7413583.337323877,42,S6_worst_case_no_intervention,indonesia,USDC
630,0.6269050993112246,7228243.753890781,42,S6_worst_case_no_intervention,indonesia,USDC
631,0.6261038893562941,7047537.66004351,42,S6_worst_case_no_intervention,indonesia,USDC
632,0.6513356254096394,6871349.218542423,42,S6_worst_case_no_intervention,indonesia,USDC
633,0.6747420330129099,6699565.488078862,42,S6_worst_case_no_intervention,indonesia,USDC
634,0.6892132570429942,6532076.350876892,42,S6_worst_case_no_intervention,indonesia,USDC
635,0.7149248440785965,6368774.442104969,42,S6_worst_case_no_intervention,indonesia,USDC
636,0.7300507945382086,6209555.081052345,42,S6_worst_case_no_intervention,indonesia,USDC
637,0.7294009896610736,6054316.204026036,42,S6_worst_case_no_intervention,indonesia,USDC
638,0.7410094880722763,5902958.298925385,42,S6_worst_case_no_intervention,indonesia,USDC
639,0.7360784188129247,5755384.341452251,42,S6_worst_case_no_intervention,indonesia,USDC
640,0.7450320909751853,5611499.732915945,42,S6_worst_case_no_intervention,indonesia,USDC
641,0.7530344854527219,5471212.239593047,42,S6_worst_case_no_intervention,indonesia,USDC
642,0.7513695647142484,5334431.93360322,42,S6_worst_case_no_intervention,indonesia,USDC
643,0.7639999283544228,5201071.135263139,42,S6_worst_case_no_intervention,indonesia,USDC
644,0.7852896865276989,5071044.356881561,42,S6_worst_case_no_intervention,indonesia,USDC
645,0.7836536355900112,4944268.2479595225,42,S6_worst_case_no_intervention,indonesia,USDC
646,0.7766669310558596,4820661.541760534,42,S6_worst_case_no_intervention,indonesia,USDC
647,0.7799927409216086,4700145.00321652,42,S6_worst_case_no_intervention,indonesia,USDC
648,0.7619066451690621,4582641.378136108,42,S6_worst_case_no_intervention,indonesia,USDC
649,0.764741164220869,4468075.3436827045,42,S6_worst_case_no_intervention,indonesia,USDC
650,0.7686861759874576,4356373.460090637,42,S6_worst_case_no_intervention,indonesia,USDC
651,0.750493946670424,4247464.123588371,42,S6_worst_case_no_intervention,indonesia,USDC
652,0.7476652405930427,4141277.5204986623,42,S6_worst_case_no_intervention,indonesia,USDC
653,0.7600531671171429,4037745.5824861955,42,S6_worst_case_no_intervention,indonesia,USDC
654,0.7674690966796931,3936801.9429240404,42,S6_worst_case_no_intervention,indonesia,USDC
655,0.761763839323034,3838381.8943509394,42,S6_worst_case_no_intervention,indonesia,USDC
656,0.7586276829474594,3742422.3469921667,42,S6_worst_case_no_intervention,indonesia,USDC
657,0.7656300931125817,3648861.788317362,42,S6_worst_case_no_intervention,indonesia,USDC
658,0.7572804023608988,3557640.243609428,42,S6_worst_case_no_intervention,indonesia,USDC
659,0.762910124354877,3468699.237519192,42,S6_worst_case_no_intervention,indonesia,USDC
660,0.752235758614456,3381981.7565812124,42,S6_worst_case_no_intervention,indonesia,USDC
661,0.7801064694372564,3297432.212666682,42,S6_worst_case_no_intervention,indonesia,USDC
662,0.78700364291075,3214996.407350015,42,S6_worst_case_no_intervention,indonesia,USDC
663,0.7738257188330623,3134621.497166265,42,S6_worst_case_no_intervention,indonesia,USDC
664,0.7673779717970015,3056255.959737108,42,S6_worst_case_no_intervention,indonesia,USDC
665,0.7669493419479646,2979849.56074368,42,S6_worst_case_no_intervention,indonesia,USDC
666,0.7472682344560392,2905353.3217250886,42,S6_worst_case_no_intervention,indonesia,USDC
667,0.7522164179644095,2832719.488681961,42,S6_worst_case_no_intervention,indonesia,USDC
668,0.7509237852928812,2761901.501464912,42,S6_worst_case_no_intervention,indonesia,USDC
669,0.7437429336287139,2692853.9639282897,42,S6_worst_case_no_intervention,indonesia,USDC
670,0.6859520568657292,2625532.6148300823,42,S6_worst_case_no_intervention,indonesia,USDC
671,0.7092139054110819,2559894.29945933,42,S6_worst_case_no_intervention,indonesia,USDC
672,0.7158725146652535,2495896.941972847,42,S6_worst_case_no_intervention,indonesia,USDC
673,0.7277332080295523,2433499.5184235256,42,S6_worst_case_no_intervention,indonesia,USDC
674,0.7401048181195108,2372662.0304629374,42,S6_worst_case_no_intervention,indonesia,USDC
675,0.7502509002934931,2313345.4797013644,42,S6_worst_case_no_intervention,indonesia,USDC
676,0.7350727462693056,2255511.84270883,42,S6_worst_case_no_intervention,indonesia,USDC
677,0.7539867745819421,2199124.046641109,42,S6_worst_case_no_intervention,indonesia,USDC
678,0.7305492059353922,2144145.9454750814,42,S6_worst_case_no_intervention,indonesia,USDC
679,0.7281811203697209,2090542.2968382046,42,S6_worst_case_no_intervention,indonesia,USDC
680,0.7332509109824774,2038278.7394172493,42,S6_worst_case_no_intervention,indonesia,USDC
681,0.73403319372307,1987321.7709318183,42,S6_worst_case_no_intervention,indonesia,USDC
682,0.7367173258774267,1937638.7266585226,42,S6_worst_case_no_intervention,indonesia,USDC
683,0.7332251665630664,1889197.7584920595,42,S6_worst_case_no_intervention,indonesia,USDC
684,0.719155587498742,1841967.814529758,42,S6_worst_case_no_intervention,indonesia,USDC
685,0.7247866957478701,1795918.619166514,42,S6_worst_case_no_intervention,indonesia,USDC
686,0.7268743458728114,1751020.653687351,42,S6_worst_case_no_intervention,indonesia,USDC
687,0.7354023966290779,1707245.1373451673,42,S6_worst_case_no_intervention,indonesia,USDC
688,0.7309208852728681,1664564.0089115384,42,S6_worst_case_no_intervention,indonesia,USDC
689,0.7365387633161112,1622949.90868875,42,S6_worst_case_no_intervention,indonesia,USDC
690,0.759310904348873,1582376.1609715312,42,S6_worst_case_no_intervention,indonesia,USDC
691,0.7411932920758691,1542816.7569472427,42,S6_worst_case_no_intervention,indonesia,USDC
692,0.7379990120449826,1504246.3380235615,42,S6_worst_case_no_intervention,indonesia,USDC
693,0.761852738016684,1466640.1795729725,42,S6_worst_case_no_intervention,indonesia,USDC
694,0.7619295437480562,1429974.1750836484,42,S6_worst_case_no_intervention,indonesia,USDC
695,0.763569710322855,1394224.820706557,42,S6_worst_case_no_intervention,indonesia,USDC
696,0.7599423892200928,1359369.2001888931,42,S6_worst_case_no_intervention,indonesia,USDC
697,0.7724537512313409,1325384.9701841709,42,S6_worst_case_no_intervention,indonesia,USDC
698,0.779082094126319,1292250.3459295665,42,S6_worst_case_no_intervention,indonesia,USDC
699,0.7816713499376412,1259944.0872813272,42,S6_worst_case_no_intervention,indonesia,USDC
700,0.787490734528895,1228445.485099294,42,S6_worst_case_no_intervention,indonesia,USDC
701,0.8054829759347383,1197734.3479718117,42,S6_worst_case_no_intervention,indonesia,USDC
702,0.8160413109720333,1167790.9892725165,42,S6_worst_case_no_intervention,indonesia,USDC
703,0.7818959694503275,1138596.2145407035,42,S6_worst_case_no_intervention,indonesia,USDC
704,0.7887526414650323,1110131.3091771859,42,S6_worst_case_no_intervention,indonesia,USDC
705,0.782229464804622,1082378.0264477562,42,S6_worst_case_no_intervention,indonesia,USDC
706,0.7787596980308527,1055318.5757865622,42,S6_worst_case_no_intervention,indonesia,USDC
707,0.7681298686091648,1028935.6113918982,42,S6_worst_case_no_intervention,indonesia,USDC
708,0.7706463006842057,1003212.2211071008,42,S6_worst_case_no_intervention,indonesia,USDC
709,0.7898579451388272,978131.9155794233,42,S6_worst_case_no_intervention,indonesia,USDC
710,0.8190393784973193,953678.6176899376,42,S6_worst_case_no_intervention,indonesia,USDC
711,0.8072995030132558,929836.6522476892,42,S6_worst_case_no_intervention,indonesia,USDC
712,0.8265540225973739,906590.7359414969,42,S6_worst_case_no_intervention,indonesia,USDC
713,0.8100949646119768,883925.9675429595,42,S6_worst_case_no_intervention,indonesia,USDC
714,0.8461644240516496,861827.8183543854,42,S6_worst_case_no_intervention,indonesia,USDC
715,0.8507609243540694,840282.1228955258,42,S6_worst_case_no_intervention,indonesia,USDC
716,0.8478353990781924,819275.0698231377,42,S6_worst_case_no_intervention,indonesia,USDC
717,0.8164324376230121,798793.1930775594,42,S6_worst_case_no_intervention,indonesia,USDC
718,0.7984251936515204,778823.3632506203,42,S6_worst_case_no_intervention,indonesia,USDC
719,0.7981784914120019,759352.7791693548,42,S6_worst_case_no_intervention,indonesia,USDC
720,0.7963280753300447,740368.9596901209,42,S6_worst_case_no_intervention,indonesia,USDC
721,0.807166024890187,721859.7356978679,42,S6_worst_case_no_intervention,indonesia,USDC
722,0.7996555455022332,703813.2423054212,42,S6_worst_case_no_intervention,indonesia,USDC
723,0.8119821830942909,686217.9112477857,42,S6_worst_case_no_intervention,indonesia,USDC
724,0.798127309533204,669062.463466591,42,S6_worst_case_no_intervention,indonesia,USDC
725,0.7840303915557452,652335.9018799262,42,S6_worst_case_no_intervention,indonesia,USDC
726,0.7640136301707232,636027.504332928,42,S6_worst_case_no_intervention,indonesia,USDC
727,0.7756767040182023,620126.8167246048,42,S6_worst_case_no_intervention,indonesia,USDC
728,0.7732936978445698,604623.6463064897,42,S6_worst_case_no_intervention,indonesia,USDC
729,0.7742367298387869,589508.0551488274,42,S6_worst_case_no_intervention,indonesia,USDC
730,0.7551926000095931,574770.3537701067,42,S6_worst_case_no_intervention,indonesia,USDC
731,0.7539575139169163,560401.0949258541,42,S6_worst_case_no_intervention,indonesia,USDC
732,0.7212166833505179,546391.0675527077,42,S6_worst_case_no_intervention,indonesia,USDC
733,0.6941445103545245,532731.2908638901,42,S6_worst_case_no_intervention,indonesia,USDC
734,0.725187417823023,519413.0085922928,42,S6_worst_case_no_intervention,indonesia,USDC
735,0.7257842752606535,506427.6833774855,42,S6_worst_case_no_intervention,indonesia,USDC
736,0.7282060845319764,493766.99129304837,42,S6_worst_case_no_intervention,indonesia,USDC
737,0.7411104195917427,481422.8165107221,42,S6_worst_case_no_intervention,indonesia,USDC
738,0.767914432164294,469387.2460979541,42,S6_worst_case_no_intervention,indonesia,USDC
739,0.7426305396342726,457652.56494550523,42,S6_worst_case_no_intervention,indonesia,USDC
740,0.7414872731750695,446211.2508218676,42,S6_worst_case_no_intervention,indonesia,USDC
741,0.7322700276509881,435055.96955132094,42,S6_worst_case_no_intervention,indonesia,USDC
742,0.7208496665033285,424179.5703125379,42,S6_worst_case_no_intervention,indonesia,USDC
743,0.7432860917573166,413575.0810547245,42,S6_worst_case_no_intervention,indonesia,USDC
744,0.765036623822246,403235.70402835635,42,S6_worst_case_no_intervention,indonesia,USDC
745,0.7997596552468542,393154.8114276475,42,S6_worst_case_no_intervention,indonesia,USDC
746,0.7768000861844816,383325.9411419563,42,S6_worst_case_no_intervention,indonesia,USDC
747,0.7937403748572869,373742.79261340736,42,S6_worst_case_no_intervention,indonesia,USDC
748,0.7834536596956814,364399.2227980722,42,S6_worst_case_no_intervention,indonesia,USDC
749,0.79275679172186,355289.24222812045,42,S6_worst_case_no_intervention,indonesia,USDC
750,0.7736589915211087,346407.0111724174,42,S6_worst_case_no_intervention,indonesia,USDC
751,0.7878483531864245,337746.835893107,42,S6_worst_case_no_intervention,indonesia,USDC
752,0.7947303170067218,329303.1649957793,42,S6_worst_case_no_intervention,indonesia,USDC
753,0.7806921013818732,321070.5858708848,42,S6_worst_case_no_intervention,indonesia,USDC
754,0.7825888949311095,313043.82122411265,42,S6_worst_case_no_intervention,indonesia,USDC
755,0.7777605489346905,305217.72569350986,42,S6_worst_case_no_intervention,indonesia,USDC
756,0.7800300292992871,297587.28255117213,42,S6_worst_case_no_intervention,indonesia,USDC
757,0.7174809826306001,290147.60048739286,42,S6_worst_case_no_intervention,indonesia,USDC
758,0.7300504822906125,282893.910475208,42,S6_worst_case_no_intervention,indonesia,USDC
759,0.7148499802520052,275821.5627133278,42,S6_worst_case_no_intervention,indonesia,USDC
760,0.7261112383378565,268926.0236454946,42,S6_worst_case_no_intervention,indonesia,USDC
761,0.7382349939377219,262202.87305435725,42,S6_worst_case_no_intervention,indonesia,USDC
762,0.726345903656009,255647.8012279983,42,S6_worst_case_no_intervention,indonesia,USDC
763,0.7256092924454103,249256.60619729833,42,S6_worst_case_no_intervention,indonesia,USDC
764,0.7314849917223308,243025.1910423659,42,S6_worst_case_no_intervention,indonesia,USDC
765,0.7405426636657292,236949.56126630676,42,S6_worst_case_no_intervention,indonesia,USDC
766,0.7338662646352282,231025.8222346491,42,S6_worst_case_no_intervention,indonesia,USDC
767,0.7514346544778758,225250.17667878285,42,S6_worst_case_no_intervention,indonesia,USDC
768,0.7374965988245721,219618.9222618133,42,S6_worst_case_no_intervention,indonesia,USDC
769,0.726332694547498,214128.44920526794,42,S6_worst_case_no_intervention,indonesia,USDC
770,0.7442483192132437,208775.23797513626,42,S6_worst_case_no_intervention,indonesia,USDC
771,0.7668411838208923,203555.85702575784,42,S6_worst_case_no_intervention,indonesia,USDC
772,0.7620864067426328,198466.9606001139,42,S6_worst_case_no_intervention,indonesia,USDC
773,0.7870578989965833,193505.28658511105,42,S6_worst_case_no_intervention,indonesia,USDC
774,0.7863764781625544,188667.65442048328,42,S6_worst_case_no_intervention,indonesia,USDC
775,0.6658671243360379,183950.9630599712,42,S6_worst_case_no_intervention,indonesia,USDC
776,0.6949798164489785,179352.18898347192,42,S6_worst_case_no_intervention,indonesia,USDC
777,0.7156227292247803,174868.3842588851,42,S6_worst_case_no_intervention,indonesia,USDC
778,0.7138453779221822,170496.674652413,42,S6_worst_case_no_intervention,indonesia,USDC
779,0.7188122919987638,166234.25778610268,42,S6_worst_case_no_intervention,indonesia,USDC
780,0.7463377846623769,162078.4013414501,42,S6_worst_case_no_intervention,indonesia,USDC
781,0.7629686988520644,158026.44130791386,42,S6_worst_case_no_intervention,indonesia,USDC
782,0.7630325815056226,154075.780275216,42,S6_worst_case_no_intervention,indonesia,USDC
783,0.7506482821988806,150223.8857683356,42,S6_worst_case_no_intervention,indonesia,USDC
784,0.734095987646312,146468.28862412722,42,S6_worst_case_no_intervention,indonesia,USDC
785,0.7387728949074769,142806.58140852404,42,S6_worst_case_no_intervention,indonesia,USDC
786,0.7456258304811616,139236.41687331093,42,S6_worst_case_no_intervention,indonesia,USDC
787,0.7655707045603378,135755.50645147814,42,S6_worst_case_no_intervention,indonesia,USDC
788,0.759770963738392,132361.6187901912,42,S6_worst_case_no_intervention,indonesia,USDC
789,0.7585459384817828,129052.57832043644,42,S6_worst_case_no_intervention,indonesia,USDC
790,0.7478080087456304,125826.2638624255,42,S6_worst_case_no_intervention,indonesia,USDC
791,0.7678935021317838,122680.60726586486,42,S6_worst_case_no_intervention,indonesia,USDC
792,0.7616354846550026,119613.59208421825,42,S6_worst_case_no_intervention,indonesia,USDC
793,0.7921865480601514,116623.25228211281,42,S6_worst_case_no_intervention,indonesia,USDC
794,0.7604654875746722,113707.67097505997,42,S6_worst_case_no_intervention,indonesia,USDC
795,0.754196055050551,110864.97920068348,42,S6_worst_case_no_intervention,indonesia,USDC
796,0.7816610033068473,108093.3547206664,42,S6_worst_case_no_intervention,indonesia,USDC
797,0.7913442184768886,105391.02085264972,42,S6_worst_case_no_intervention,indonesia,USDC
798,0.8237890563432868,102756.24533133348,42,S6_worst_case_no_intervention,indonesia,USDC
799,0.8071332506177413,100187.33919805015,42,S6_worst_case_no_intervention,indonesia,USDC
800,0.8002564728736908,97682.65571809889,42,S6_worst_case_no_intervention,indonesia,USDC
801,0.8138836934391576,95240.58932514641,42,S6_worst_case_no_intervention,indonesia,USDC
802,0.8046197925067088,92859.57459201777,42,S6_worst_case_no_intervention,indonesia,USDC
803,0.7880342889734624,90538.08522721732,42,S6_worst_case_no_intervention,indonesia,USDC
804,0.7867807528264003,88274.63309653688,42,S6_worst_case_no_intervention,indonesia,USDC
805,0.8089027838732228,86067.76726912346,42,S6_worst_case_no_intervention,indonesia,USDC
806,0.7896379858319086,83916.07308739537,42,S6_worst_case_no_intervention,indonesia,USDC
807,0.79826075983016,81818.1712602105,42,S6_worst_case_no_intervention,indonesia,USDC
808,0.8096060773855288,79772.71697870523,42,S6_worst_case_no_intervention,indonesia,USDC
809,0.8081735854188989,77778.3990542376,42,S6_worst_case_no_intervention,indonesia,USDC
810,0.8299795913311009,75833.93907788166,42,S6_worst_case_no_intervention,indonesia,USDC
811,0.8220750792113622,73938.0906009346,42,S6_worst_case_no_intervention,indonesia,USDC
812,0.8248222434253911,72089.63833591124,42,S6_worst_case_no_intervention,indonesia,USDC
813,0.8340226595231711,70287.39737751347,42,S6_worst_case_no_intervention,indonesia,USDC
814,0.8284566908170347,68530.21244307564,42,S6_worst_case_no_intervention,indonesia,USDC
815,0.8208706970802239,66816.95713199873,42,S6_worst_case_no_intervention,indonesia,USDC
816,0.8275791964837312,65146.533203698775,42,S6_worst_case_no_intervention,indonesia,USDC
817,0.8416497255608901,63517.8698736063,42,S6_worst_case_no_intervention,indonesia,USDC
818,0.8129081859140036,61929.92312676614,42,S6_worst_case_no_intervention,indonesia,USDC
819,0.821556191192192,60381.67504859698,42,S6_worst_case_no_intervention,indonesia,USDC
820,0.83985820913803,58872.13317238206,42,S6_worst_case_no_intervention,indonesia,USDC
821,0.8318692089444645,57400.32984307251,42,S6_worst_case_no_intervention,indonesia,USDC
822,0.8443434119624402,55965.321596995695,42,S6_worst_case_no_intervention,indonesia,USDC
823,0.8253565310334372,54566.18855707081,42,S6_worst_case_no_intervention,indonesia,USDC
824,0.8575560608166167,53202.03384314403,42,S6_worst_case_no_intervention,indonesia,USDC
825,0.8336483579717369,51871.98299706543,42,S6_worst_case_no_intervention,indonesia,USDC
826,0.8220750487770854,50575.1834221388,42,S6_worst_case_no_intervention,indonesia,USDC
827,0.8180349379422427,49310.80383658533,42,S6_worst_case_no_intervention,indonesia,USDC
828,0.8138706797903984,48078.0337406707,42,S6_worst_case_no_intervention,indonesia,USDC
829,0.800044151485206,46876.08289715393,42,S6_worst_case_no_intervention,indonesia,USDC
830,0.8074076874539826,45704.180824725074,42,S6_worst_case_no_intervention,indonesia,USDC
831,0.7907364131041776,44561.57630410695,42,S6_worst_case_no_intervention,indonesia,USDC
832,0.7784272204140529,43447.53689650428,42,S6_worst_case_no_intervention,indonesia,USDC
833,0.7844260859672422,42361.34847409167,42,S6_worst_case_no_intervention,indonesia,USDC
834,0.7899946987163791,41302.31476223938,42,S6_worst_case_no_intervention,indonesia,USDC
835,0.8032796336993849,40269.756893183396,42,S6_worst_case_no_intervention,indonesia,USDC
836,0.7843136698521406,39263.01297085381,42,S6_worst_case_no_intervention,indonesia,USDC
837,0.7691010637335512,38281.43764658246,42,S6_worst_case_no_intervention,indonesia,USDC
838,0.8121679510171957,37324.401705417906,42,S6_worst_case_no_intervention,indonesia,USDC
839,0.7923099603369645,36391.29166278245,42,S6_worst_case_no_intervention,indonesia,USDC
840,0.7809347160628195,35481.509371212895,42,S6_worst_case_no_intervention,indonesia,USDC
841,0.7896704986352909,34594.47163693257,42,S6_worst_case_no_intervention,indonesia,USDC
842,0.7995613773375952,33729.609846009254,42,S6_worst_case_no_intervention,indonesia,USDC
843,0.7986378991821168,32886.36959985903,42,S6_worst_case_no_intervention,indonesia,USDC
844,0.7790634338045356,32064.21035986255,42,S6_worst_case_no_intervention,indonesia,USDC
845,0.7752777073719632,31262.605100865985,42,S6_worst_case_no_intervention,indonesia,USDC
846,0.7821351211271853,30481.039973344337,42,S6_worst_case_no_intervention,indonesia,USDC
847,0.7849735419054494,29719.013974010726,42,S6_worst_case_no_intervention,indonesia,USDC
848,0.7672290452051982,28976.03862466046,42,S6_worst_case_no_intervention,indonesia,USDC
849,0.7760191555967182,28251.637659043947,42,S6_worst_case_no_intervention,indonesia,USDC
850,0.776748017239499,27545.346717567852,42,S6_worst_case_no_intervention,indonesia,USDC
851,0.7917417630646286,26856.713049628655,42,S6_worst_case_no_intervention,indonesia,USDC
852,0.797701839842907,26185.29522338794,42,S6_worst_case_no_intervention,indonesia,USDC
853,0.7765270666173198,25530.66284280324,42,S6_worst_case_no_intervention,indonesia,USDC
854,0.7940968924005748,24892.396271733152,42,S6_worst_case_no_intervention,indonesia,USDC
855,0.7831760250203141,24270.086364939827,42,S6_worst_case_no_intervention,indonesia,USDC
856,0.7961638535556954,23663.334205816333,42,S6_worst_case_no_intervention,indonesia,USDC
857,0.7927251175473871,23071.750850670924,42,S6_worst_case_no_intervention,indonesia,USDC
858,0.7716655948594461,22494.95707940415,42,S6_worst_case_no_intervention,indonesia,USDC
859,0.7965845345789965,21932.583152419047,42,S6_worst_case_no_intervention,indonesia,USDC
860,0.793025222216921,21384.26857360857,42,S6_worst_case_no_intervention,indonesia,USDC
861,0.7706280385300831,20849.66185926836,42,S6_worst_case_no_intervention,indonesia,USDC
862,0.7708996460828984,20328.42031278665,42,S6_worst_case_no_intervention,indonesia,USDC
863,0.7744129606040839,19820.20980496698,42,S6_worst_case_no_intervention,indonesia,USDC
864,0.8011982152678614,19324.70455984281,42,S6_worst_case_no_intervention,indonesia,USDC
865,0.6939064044496768,18841.586945846735,42,S6_worst_case_no_intervention,indonesia,USDC
866,0.7072069950391497,18370.54727220057,42,S6_worst_case_no_intervention,indonesia,USDC
867,0.7062995114281199,17911.283590395553,42,S6_worst_case_no_intervention,indonesia,USDC
868,0.7048102850008386,17463.501500635663,42,S6_worst_case_no_intervention,indonesia,USDC
869,0.7320688995431608,17026.913963119772,42,S6_worst_case_no_intervention,indonesia,USDC
870,0.7308916489963946,16601.241114041775,42,S6_worst_case_no_intervention,indonesia,USDC
871,0.7208704885893693,16186.210086190733,42,S6_worst_case_no_intervention,indonesia,USDC
872,0.7316939254166959,15781.554834035966,42,S6_worst_case_no_intervention,indonesia,USDC
873,0.7391697002167948,15387.015963185066,42,S6_worst_case_no_intervention,indonesia,USDC
874,0.7590787501253896,15002.34056410544,42,S6_worst_case_no_intervention,indonesia,USDC
875,0.7688059358482212,14627.282050002805,42,S6_worst_case_no_intervention,indonesia,USDC
876,0.7898266995758543,14261.599998752736,42,S6_worst_case_no_intervention,indonesia,USDC
877,0.7859650498309035,13905.059998783916,42,S6_worst_case_no_intervention,indonesia,USDC
878,0.7745575294655351,13557.433498814316,42,S6_worst_case_no_intervention,indonesia,USDC
879,0.752237164106707,13218.49766134396,42,S6_worst_case_no_intervention,indonesia,USDC
880,0.7691747050512276,12888.035219810361,42,S6_worst_case_no_intervention,indonesia,USDC
881,0.7724654192229053,12565.8343393151,42,S6_worst_case_no_intervention,indonesia,USDC
882,0.777007305751085,12251.688480832223,42,S6_worst_case_no_intervention,indonesia,USDC
883,0.7830151408585031,11945.396268811419,42,S6_worst_case_no_intervention,indonesia,USDC
884,0.7904388418392043,11646.761362091132,42,S6_worst_case_no_intervention,indonesia,USDC
885,0.796702679525357,11355.592328038852,42,S6_worst_case_no_intervention,indonesia,USDC
886,0.7972287073040502,11071.702519837881,42,S6_worst_case_no_intervention,indonesia,USDC
887,0.8007750462322722,10794.909956841933,42,S6_worst_case_no_intervention,indonesia,USDC
888,0.7938118827825488,10525.037207920886,42,S6_worst_case_no_intervention,indonesia,USDC
889,0.7886587536192889,10261.911277722864,42,S6_worst_case_no_intervention,indonesia,USDC
890,0.78566624381541,10005.363495779791,42,S6_worst_case_no_intervention,indonesia,USDC
891,0.8019977383287294,9755.229408385298,42,S6_worst_case_no_intervention,indonesia,USDC
892,0.826779052183378,9511.348673175664,42,S6_worst_case_no_intervention,indonesia,USDC
893,0.8121897784731185,9273.564956346272,42,S6_worst_case_no_intervention,indonesia,USDC
894,0.7960837876437857,9041.725832437616,42,S6_worst_case_no_intervention,indonesia,USDC
895,0.791694592019947,8815.682686626677,42,S6_worst_case_no_intervention,indonesia,USDC
896,0.8138436099557826,8595.29061946101,42,S6_worst_case_no_intervention,indonesia,USDC
897,0.8021265331335399,8380.408353974484,42,S6_worst_case_no_intervention,indonesia,USDC
898,0.7942208081578258,8170.898145125122,42,S6_worst_case_no_intervention,indonesia,USDC
899,0.7738334775725292,7966.625691496993,42,S6_worst_case_no_intervention,indonesia,USDC
900,0.7565068372293898,7767.46004920957,42,S6_worst_case_no_intervention,indonesia,USDC
901,0.7441796935737501,7573.27354797933,42,S6_worst_case_no_intervention,indonesia,USDC
902,0.7534689214436741,7383.941709279847,42,S6_worst_case_no_intervention,indonesia,USDC
903,0.7500175742422882,7199.34316654785,42,S6_worst_case_no_intervention,indonesia,USDC
904,0.7454388697451547,7019.359587384153,42,S6_worst_case_no_intervention,indonesia,USDC
905,0.7642811251490597,6843.87559769955,42,S6_worst_case_no_intervention,indonesia,USDC
906,0.7815139386540515,6672.778707757061,42,S6_worst_case_no_intervention,indonesia,USDC
907,0.793482105230529,6505.9592400631345,42,S6_worst_case_no_intervention,indonesia,USDC
908,0.8138260989794918,6343.310259061556,42,S6_worst_case_no_intervention,indonesia,USDC
909,0.8251761733033635,6184.727502585018,42,S6_worst_case_no_intervention,indonesia,USDC
910,0.8510788651225448,6030.1093150203915,42,S6_worst_case_no_intervention,indonesia,USDC
911,0.8482498827006112,5879.356582144882,42,S6_worst_case_no_intervention,indonesia,USDC
912,0.8350451575745212,5732.37266759126,42,S6_worst_case_no_intervention,indonesia,USDC
913,0.8335591415536501,5589.063350901479,42,S6_worst_case_no_intervention,indonesia,USDC
914,0.8186539630461612,5449.336767128942,42,S6_worst_case_no_intervention,indonesia,USDC
915,0.7929283419373445,5313.103347950719,42,S6_worst_case_no_intervention,indonesia,USDC
916,0.7674229518317509,5180.27576425195,42,S6_worst_case_no_intervention,indonesia,USDC
917,0.7613063613184482,5050.768870145651,42,S6_worst_case_no_intervention,indonesia,USDC
918,0.7685476973083396,4924.49964839201,42,S6_worst_case_no_intervention,indonesia,USDC
919,0.7589210313188679,4801.38715718221,42,S6_worst_case_no_intervention,indonesia,USDC
920,0.7745695601329432,4681.352478252655,42,S6_worst_case_no_intervention,indonesia,USDC
921,0.7894926419768927,4564.318666296338,42,S6_worst_case_no_intervention,indonesia,USDC
922,0.7975834209109526,4450.21069963893,42,S6_worst_case_no_intervention,indonesia,USDC
923,0.7933209549833863,4338.955432147957,42,S6_worst_case_no_intervention,indonesia,USDC
924,0.7847590683889093,4230.481546344258,42,S6_worst_case_no_intervention,indonesia,USDC
925,0.7965103170936935,4124.7195076856515,42,S6_worst_case_no_intervention,indonesia,USDC
926,0.7629124448191442,4021.60151999351,42,S6_worst_case_no_intervention,indonesia,USDC
927,0.7753549544362446,3921.061481993672,42,S6_worst_case_no_intervention,indonesia,USDC
928,0.7696021129993963,3823.034944943831,42,S6_worst_case_no_intervention,indonesia,USDC
929,0.7862964800018873,3727.4590713202347,42,S6_worst_case_no_intervention,indonesia,USDC
930,0.8016185074666325,3634.2725945372285,42,S6_worst_case_no_intervention,indonesia,USDC
931,0.7784972395434339,3543.415779673798,42,S6_worst_case_no_intervention,indonesia,USDC
932,0.7726700109203861,3454.830385181953,42,S6_worst_case_no_intervention,indonesia,USDC
933,0.7574638358159698,3368.459625552404,42,S6_worst_case_no_intervention,indonesia,USDC
934,0.7587451730346059,3284.248134913594,42,S6_worst_case_no_intervention,indonesia,USDC
935,0.7653705781513337,3202.1419315407543,42,S6_worst_case_no_intervention,indonesia,USDC
936,0.7690995724544394,3122.088383252235,42,S6_worst_case_no_intervention,indonesia,USDC
937,0.7537595032558578,3044.036173670929,42,S6_worst_case_no_intervention,indonesia,USDC
938,0.7485809727880673,2967.935269329156,42,S6_worst_case_no_intervention,indonesia,USDC
939,0.7518741034438048,2893.7368875959273,42,S6_worst_case_no_intervention,indonesia,USDC
940,0.7286141547096597,2821.393465406029,42,S6_worst_case_no_intervention,indonesia,USDC
941,0.7455564341176123,2750.858628770878,42,S6_worst_case_no_intervention,indonesia,USDC
942,0.7613255213106261,2682.0871630516062,42,S6_worst_case_no_intervention,indonesia,USDC
943,0.76750932694129,2615.034983975316,42,S6_worst_case_no_intervention,indonesia,USDC
944,0.7522035929227925,2549.6591093759334,42,S6_worst_case_no_intervention,indonesia,USDC
945,0.7452093689807167,2485.917631641535,42,S6_worst_case_no_intervention,indonesia,USDC
946,0.7699291204877543,2423.7696908504968,42,S6_worst_case_no_intervention,indonesia,USDC
947,0.7689780222814413,2363.175448579234,42,S6_worst_case_no_intervention,indonesia,USDC
948,0.7838591404154331,2304.0960623647534,42,S6_worst_case_no_intervention,indonesia,USDC
949,0.77965318735373,2246.4936608056346,42,S6_worst_case_no_intervention,indonesia,USDC
950,0.7823755557984161,2190.3313192854935,42,S6_worst_case_no_intervention,indonesia,USDC
951,0.7582412661423209,2135.5730363033563,42,S6_worst_case_no_intervention,indonesia,USDC
952,0.7612333491715522,2082.1837103957723,42,S6_worst_case_no_intervention,indonesia,USDC
953,0.7694488123659371,2030.1291176358782,42,S6_worst_case_no_intervention,indonesia,USDC
954,0.761868514824411,1979.3758896949812,42,S6_worst_case_no_intervention,indonesia,USDC
955,0.7722375359721624,1929.8914924526066,42,S6_worst_case_no_intervention,indonesia,USDC
956,0.808316561794819,1881.6442051412914,42,S6_worst_case_no_intervention,indonesia,USDC
957,0.8173582802697804,1834.603100012759,42,S6_worst_case_no_intervention,indonesia,USDC
958,0.8168390811431528,1788.7380225124402,42,S6_worst_case_no_intervention,indonesia,USDC
959,0.8128832515485295,1744.0195719496292,42,S6_worst_case_no_intervention,indonesia,USDC
960,0.8067174685572054,1700.4190826508884,42,S6_worst_case_no_intervention,indonesia,USDC
961,0.7903735029537401,1657.908605584616,42,S6_worst_case_no_intervention,indonesia,USDC
962,0.8110416154714559,1616.4608904450006,42,S6_worst_case_no_intervention,indonesia,USDC
963,0.802048806853978,1576.0493681838757,42,S6_worst_case_no_intervention,indonesia,USDC
964,0.7764520802020328,1536.648133979279,42,S6_worst_case_no_intervention,indonesia,USDC
965,0.7682654466595205,1498.2319306297968,42,S6_worst_case_no_intervention,indonesia,USDC
966,0.7709150430313848,1460.776132364052,42,S6_worst_case_no_intervention,indonesia,USDC
967,0.7792443837869683,1424.2567290549505,42,S6_worst_case_no_intervention,indonesia,USDC
968,0.7512891011668558,1388.650310828577,42,S6_worst_case_no_intervention,indonesia,USDC
969,0.7601394758911342,1353.9340530578625,42,S6_worst_case_no_intervention,indonesia,USDC
970,0.7685102454935705,1320.085701731416,42,S6_worst_case_no_intervention,indonesia,USDC
971,0.7790261379577795,1287.0835591881305,42,S6_worst_case_no_intervention,indonesia,USDC
972,0.7357812330606115,1254.9064702084272,42,S6_worst_case_no_intervention,indonesia,USDC
973,0.7270623554494695,1223.5338084532166,42,S6_worst_case_no_intervention,indonesia,USDC
974,0.7378634886649246,1192.9454632418863,42,S6_worst_case_no_intervention,indonesia,USDC
975,0.7173822271495957,1163.1218266608391,42,S6_worst_case_no_intervention,indonesia,USDC
976,0.7318812295619659,1134.043780994318,42,S6_worst_case_no_intervention,indonesia,USDC
977,0.7188813549823263,1105.69268646946,42,S6_worst_case_no_intervention,indonesia,USDC
978,0.735807006377473,1078.0503693077235,42,S6_worst_case_no_intervention,indonesia,USDC
979,0.7349704032779196,1051.0991100750305,42,S6_worst_case_no_intervention,indonesia,USDC
980,0.7379572589420804,1024.8216323231545,42,S6_worst_case_no_intervention,indonesia,USDC
981,0.7652206671275821,999.2010915150756,42,S6_worst_case_no_intervention,indonesia,USDC
982,0.7664813268118686,974.2210642271989,42,S6_worst_case_no_intervention,indonesia,USDC
983,0.7688583974084711,949.8655376215188,42,S6_worst_case_no_intervention,indonesia,USDC
984,0.7724361238065605,926.1188991809811,42,S6_worst_case_no_intervention,indonesia,USDC
985,0.7958841475013744,902.9659267014565,42,S6_worst_case_no_intervention,indonesia,USDC
986,0.7727959652838701,880.3917785339202,42,S6_worst_case_no_intervention,indonesia,USDC
987,0.7744747753335485,858.3819840705721,42,S6_worst_case_no_intervention,indonesia,USDC
988,0.7487149321589692,836.9224344688079,42,S6_worst_case_no_intervention,indonesia,USDC
989,0.7419223954567532,815.9993736070876,42,S6_worst_case_no_intervention,indonesia,USDC
990,0.7791411971072996,795.5993892669105,42,S6_worst_case_no_intervention,indonesia,USDC
991,0.7917884889869802,775.7094045352377,42,S6_worst_case_no_intervention,indonesia,USDC
992,0.7825536376610597,756.3166694218568,42,S6_worst_case_no_intervention,indonesia,USDC
993,0.7641141962349767,737.4087526863103,42,S6_worst_case_no_intervention,indonesia,USDC
994,0.7790518108852389,718.9735338691526,42,S6_worst_case_no_intervention,indonesia,USDC
995,0.7818915846149199,700.9991955224237,42,S6_worst_case_no_intervention,indonesia,USDC
996,0.78934585437563,683.4742156343632,42,S6_worst_case_no_intervention,indonesia,USDC
997,0.8065379455354359,666.3873602435042,42,S6_worst_case_no_intervention,indonesia,USDC
998,0.8091417672855744,649.7276762374165,42,S6_worst_case_no_intervention,indonesia,USDC
999,0.780354601445482,633.4844843314811,42,S6_worst_case_no_intervention,indonesia,USDC
1000,0.7653268604670417,617.6473722231941,42,S6_worst_case_no_intervention,indonesia,USDC
