Step,price,liquidity,iteration,scenario,region,coin
1,1.0366679237774132,2989941859402.378,528,S6_worst_case_no_intervention,indonesia,USDC
2,1.0531011474135408,2989941859402.378,528,S6_worst_case_no_intervention,indonesia,USDC
3,1.0099916817755328,2989941859402.378,528,S6_worst_case_no_intervention,indonesia,USDC
4,1.006979404013075,2989941859402.378,528,S6_worst_case_no_intervention,indonesia,USDC
5,0.9986948557728027,2989941859402.378,528,S6_worst_case_no_intervention,indonesia,USDC
6,0.9801336544350325,2989941859402.378,528,S6_worst_case_no_intervention,indonesia,USDC
7,0.9826718566788376,2989941859402.378,528,S6_worst_case_no_intervention,indonesia,USDC
8,0.9867600399594979,2989941859402.378,528,S6_worst_case_no_intervention,indonesia,USDC
9,0.9807646519252963,2989941859402.378,528,S6_worst_case_no_intervention,indonesia,USDC
10,0.9683316122208301,2989941859402.378,528,S6_worst_case_no_intervention,indonesia,USDC
11,0.9914724762993459,2989838660158.3057,528,S6_worst_case_no_intervention,indonesia,USDC
12,0.9986060112748094,2989838660158.3057,528,S6_worst_case_no_intervention,indonesia,USDC
13,0.983986415647235,2989838660158.3057,528,S6_worst_case_no_intervention,indonesia,USDC
14,0.9950997304240807,2989838660158.3057,528,S6_worst_case_no_intervention,indonesia,USDC
15,1.0081749064568157,2989838660158.3057,528,S6_worst_case_no_intervention,indonesia,USDC
16,0.9933380046679791,2989838660158.3057,528,S6_worst_case_no_intervention,indonesia,USDC
17,0.9662386793325612,2989838660158.3057,528,S6_worst_case_no_intervention,indonesia,USDC
18,0.9758355453747032,2989624849921.2173,528,S6_worst_case_no_intervention,indonesia,USDC
19,1.0103507382511898,2989624849921.2173,528,S6_worst_case_no_intervention,indonesia,USDC
20,1.0210430377977602,2989624849921.2173,528,S6_worst_case_no_intervention,indonesia,USDC
21,0.996395784823952,2989624849921.2173,528,S6_worst_case_no_intervention,indonesia,USDC
22,0.9918253146116113,2989624849921.2173,528,S6_worst_case_no_intervention,indonesia,USDC
23,1.012726952763536,2989624849921.2173,528,S6_worst_case_no_intervention,indonesia,USDC
24,1.0543858968852085,2989624849921.2173,528,S6_worst_case_no_intervention,indonesia,USDC
25,1.109045778943921,2989624849921.2173,528,S6_worst_case_no_intervention,indonesia,USDC
26,1.1122060609323687,2989624849921.2173,528,S6_worst_case_no_intervention,indonesia,USDC
27,1.0725688678379315,2989624849921.2173,528,S6_worst_case_no_intervention,indonesia,USDC
28,1.058025761861262,2989624849921.2173,528,S6_worst_case_no_intervention,indonesia,USDC
29,1.0691694673163423,2989624849921.2173,528,S6_worst_case_no_intervention,indonesia,USDC
30,1.0341795927808666,2989624849921.2173,528,S6_worst_case_no_intervention,indonesia,USDC
31,1.0063497263591663,2989624849921.2173,528,S6_worst_case_no_intervention,indonesia,USDC
32,1.0125350176985213,2989624849921.2173,528,S6_worst_case_no_intervention,indonesia,USDC
33,1.0481579662610316,2989624849921.2173,528,S6_worst_case_no_intervention,indonesia,USDC
34,1.0820867586529141,2989624849921.2173,528,S6_worst_case_no_intervention,indonesia,USDC
35,1.0912661529195227,2989624849921.2173,528,S6_worst_case_no_intervention,indonesia,USDC
36,1.0869273761955713,2989624849921.2173,528,S6_worst_case_no_intervention,indonesia,USDC
37,1.0847292935604593,2989624849921.2173,528,S6_worst_case_no_intervention,indonesia,USDC
38,1.06619666876936,2989624849921.2173,528,S6_worst_case_no_intervention,indonesia,USDC
39,1.0765865671585892,2989624849921.2173,528,S6_worst_case_no_intervention,indonesia,USDC
40,1.0655260444369192,2989624849921.2173,528,S6_worst_case_no_intervention,indonesia,USDC
41,1.0500886330136079,2989624849921.2173,528,S6_worst_case_no_intervention,indonesia,USDC
42,1.0654063026246003,2989624849921.2173,528,S6_worst_case_no_intervention,indonesia,USDC
43,1.0988491768290958,2989624849921.2173,528,S6_worst_case_no_intervention,indonesia,USDC
44,1.0613780506635173,2989624849921.2173,528,S6_worst_case_no_intervention,indonesia,USDC
45,1.0264061159418632,2989624849921.2173,528,S6_worst_case_no_intervention,indonesia,USDC
46,1.0345203079139216,2989624849921.2173,528,S6_worst_case_no_intervention,indonesia,USDC
47,1.0430154862659213,2989624849921.2173,528,S6_worst_case_no_intervention,indonesia,USDC
48,0.9913577263078032,2989624849921.2173,528,S6_worst_case_no_intervention,indonesia,USDC
49,0.9903909436033822,2989624849921.2173,528,S6_worst_case_no_intervention,indonesia,USDC
50,0.9837110194973036,2989624849921.2173,528,S6_worst_case_no_intervention,indonesia,USDC
51,1.0157146302371935,2989624849921.2173,528,S6_worst_case_no_intervention,indonesia,USDC
52,1.0339172005829778,2989624849921.2173,528,S6_worst_case_no_intervention,indonesia,USDC
53,1.0198208307894077,2989624849921.2173,528,S6_worst_case_no_intervention,indonesia,USDC
54,1.0272971118934977,2989624849921.2173,528,S6_worst_case_no_intervention,indonesia,USDC
55,1.0177696162304348,2989624849921.2173,528,S6_worst_case_no_intervention,indonesia,USDC
56,1.0308927224014848,2989624849921.2173,528,S6_worst_case_no_intervention,indonesia,USDC
57,1.0297152538028473,2989624849921.2173,528,S6_worst_case_no_intervention,indonesia,USDC
58,1.0257273643410278,2989624849921.2173,528,S6_worst_case_no_intervention,indonesia,USDC
59,0.9959229406654526,2989624849921.2173,528,S6_worst_case_no_intervention,indonesia,USDC
60,1.0352115697977675,2989624849921.2173,528,S6_worst_case_no_intervention,indonesia,USDC
61,1.0619565355239606,2989624849921.2173,528,S6_worst_case_no_intervention,indonesia,USDC
62,1.0655186661182359,2989624849921.2173,528,S6_worst_case_no_intervention,indonesia,USDC
63,1.0472402310066353,2989624849921.2173,528,S6_worst_case_no_intervention,indonesia,USDC
64,1.0464198755974106,2989624849921.2173,528,S6_worst_case_no_intervention,indonesia,USDC
65,1.0385910917555647,2989624849921.2173,528,S6_worst_case_no_intervention,indonesia,USDC
66,1.042432455299369,2989624849921.2173,528,S6_worst_case_no_intervention,indonesia,USDC
67,1.0590771219365098,2989624849921.2173,528,S6_worst_case_no_intervention,indonesia,USDC
68,1.063911749329569,2989624849921.2173,528,S6_worst_case_no_intervention,indonesia,USDC
69,1.0347681447421686,2989624849921.2173,528,S6_worst_case_no_intervention,indonesia,USDC
70,1.0181054842664738,2989624849921.2173,528,S6_worst_case_no_intervention,indonesia,USDC
71,1.001747795725433,2989624849921.2173,528,S6_worst_case_no_intervention,indonesia,USDC
72,0.9932386072762915,2989624849921.2173,528,S6_worst_case_no_intervention,indonesia,USDC
73,1.0105922475332334,2989624849921.2173,528,S6_worst_case_no_intervention,indonesia,USDC
74,1.0033999252126844,2989624849921.2173,528,S6_worst_case_no_intervention,indonesia,USDC
75,0.9978849170444242,2989624849921.2173,528,S6_worst_case_no_intervention,indonesia,USDC
76,0.9810222899491499,2989624849921.2173,528,S6_worst_case_no_intervention,indonesia,USDC
77,1.0036912123557382,2989624849921.2173,528,S6_worst_case_no_intervention,indonesia,USDC
78,1.0287524038670797,2989624849921.2173,528,S6_worst_case_no_intervention,indonesia,USDC
79,1.0045717295538457,2989624849921.2173,528,S6_worst_case_no_intervention,indonesia,USDC
80,0.988990369850129,2989624849921.2173,528,S6_worst_case_no_intervention,indonesia,USDC
81,0.9860145479042035,2989624849921.2173,528,S6_worst_case_no_intervention,indonesia,USDC
82,0.990923770209645,2989624849921.2173,528,S6_worst_case_no_intervention,indonesia,USDC
83,0.984924239109046,2989624849921.2173,528,S6_worst_case_no_intervention,indonesia,USDC
84,1.0000248546719712,2989624849921.2173,528,S6_worst_case_no_intervention,indonesia,USDC
85,0.9829065506714495,2989624849921.2173,528,S6_worst_case_no_intervention,indonesia,USDC
86,0.9822341873794047,2989624849921.2173,528,S6_worst_case_no_intervention,indonesia,USDC
87,1.0104000961090116,2989624849921.2173,528,S6_worst_case_no_intervention,indonesia,USDC
88,1.001229013386989,2989624849921.2173,528,S6_worst_case_no_intervention,indonesia,USDC
89,0.9708212042470276,2989624849921.2173,528,S6_worst_case_no_intervention,indonesia,USDC
90,0.9876142571979812,2989624849921.2173,528,S6_worst_case_no_intervention,indonesia,USDC
91,0.991320004113547,2989624849921.2173,528,S6_worst_case_no_intervention,indonesia,USDC
92,0.9844585861159755,2989624849921.2173,528,S6_worst_case_no_intervention,indonesia,USDC
93,0.9813557917361934,2989624849921.2173,528,S6_worst_case_no_intervention,indonesia,USDC
94,0.9536281601305818,2989624849921.2173,528,S6_worst_case_no_intervention,indonesia,USDC
95,0.9709802061507853,2988652239131.7812,528,S6_worst_case_no_intervention,indonesia,USDC
96,0.998319876829782,2988652239131.7812,528,S6_worst_case_no_intervention,indonesia,USDC
97,1.0100434986043694,2988652239131.7812,528,S6_worst_case_no_intervention,indonesia,USDC
98,1.0459499163530264,2988652239131.7812,528,S6_worst_case_no_intervention,indonesia,USDC
99,1.0139453744606033,2988652239131.7812,528,S6_worst_case_no_intervention,indonesia,USDC
100,1.0194375001525695,2988652239131.7812,528,S6_worst_case_no_intervention,indonesia,USDC
101,0.8847262929884202,2988652239131.7812,528,S6_worst_case_no_intervention,indonesia,USDC
102,0.913464323479908,2983668586062.09,528,S6_worst_case_no_intervention,indonesia,USDC
103,0.883542313393689,2980666240159.338,528,S6_worst_case_no_intervention,indonesia,USDC
104,0.8850474423721971,2976316350486.668,528,S6_worst_case_no_intervention,indonesia,USDC
105,0.9114896532514596,2972418722917.6416,528,S6_worst_case_no_intervention,indonesia,USDC
106,0.8951103159366451,2969978952199.9487,528,S6_worst_case_no_intervention,indonesia,USDC
107,0.9162485309083056,2967030876237.4824,528,S6_worst_case_no_intervention,indonesia,USDC
108,0.8930479837716276,2965082061948.316,528,S6_worst_case_no_intervention,indonesia,USDC
109,0.9208170225063387,2962422776377.576,528,S6_worst_case_no_intervention,indonesia,USDC
110,0.9279271522588042,2960863943986.051,528,S6_worst_case_no_intervention,indonesia,USDC
111,0.9096855761576034,2959637605819.2183,528,S6_worst_case_no_intervention,indonesia,USDC
112,0.9282225173647191,2957836742816.3457,528,S6_worst_case_no_intervention,indonesia,USDC
113,0.9510064397646167,2956704363889.651,528,S6_worst_case_no_intervention,indonesia,USDC
114,0.9892991156058707,2956225305786.147,528,S6_worst_case_no_intervention,indonesia,USDC
115,0.9860783301211183,2956225305786.147,528,S6_worst_case_no_intervention,indonesia,USDC
116,1.0098529012575836,2956225305786.147,528,S6_worst_case_no_intervention,indonesia,USDC
117,1.0061247272282026,2956225305786.147,528,S6_worst_case_no_intervention,indonesia,USDC
118,1.016054556719316,2956225305786.147,528,S6_worst_case_no_intervention,indonesia,USDC
119,0.9797498158611305,2956225305786.147,528,S6_worst_case_no_intervention,indonesia,USDC
120,0.9710599297250109,2956225305786.147,528,S6_worst_case_no_intervention,indonesia,USDC
121,0.9542626204708557,2882319673141.493,528,S6_worst_case_no_intervention,indonesia,USDC
122,0.961042725753009,2809906333242.2114,528,S6_worst_case_no_intervention,indonesia,USDC
123,0.9401187066388386,2739425314719.035,528,S6_worst_case_no_intervention,indonesia,USDC
124,0.8638143341015545,2670245668372.48,528,S6_worst_case_no_intervention,indonesia,USDC
125,0.8494096475664538,2600939050094.2397,528,S6_worst_case_no_intervention,indonesia,USDC
126,0.856282773495039,2533206249021.444,528,S6_worst_case_no_intervention,indonesia,USDC
127,0.8588318046923809,2467638813388.3516,528,S6_worst_case_no_intervention,indonesia,USDC
128,0.8685264489843563,2404058365447.5283,528,S6_worst_case_no_intervention,indonesia,USDC
129,0.8685615099756802,2342459737704.729,528,S6_worst_case_no_intervention,indonesia,USDC
130,0.8721943947546201,2282520959056.55,528,S6_worst_case_no_intervention,indonesia,USDC
131,0.9131181349339924,2224319236928.6978,528,S6_worst_case_no_intervention,indonesia,USDC
132,0.9027433182016229,2168069492044.2524,528,S6_worst_case_no_intervention,indonesia,USDC
133,0.9051215131537248,2113170907381.585,528,S6_worst_case_no_intervention,indonesia,USDC
134,0.873741027853314,2059730502830.65,528,S6_worst_case_no_intervention,indonesia,USDC
135,0.8527093223982689,2007344692840.9556,528,S6_worst_case_no_intervention,indonesia,USDC
136,0.8375223804042621,1956242949984.796,528,S6_worst_case_no_intervention,indonesia,USDC
137,0.8461874775396615,1906355789053.2188,528,S6_worst_case_no_intervention,indonesia,USDC
138,0.8343185283334686,1857954381616.9849,528,S6_worst_case_no_intervention,indonesia,USDC
139,0.8255189158975882,1810773145619.3208,528,S6_worst_case_no_intervention,indonesia,USDC
140,0.8018311508780518,1764842171416.97,528,S6_worst_case_no_intervention,indonesia,USDC
141,0.796104800147346,1720030052237.2083,528,S6_worst_case_no_intervention,indonesia,USDC
142,0.8038069330656615,1676459754163.8813,528,S6_worst_case_no_intervention,indonesia,USDC
143,0.800386554703163,1634095993286.8193,528,S6_worst_case_no_intervention,indonesia,USDC
144,0.8170813565168393,1592832147715.985,528,S6_worst_case_no_intervention,indonesia,USDC
145,0.8051270375062782,1552711480191.7397,528,S6_worst_case_no_intervention,indonesia,USDC
146,0.8122997757617241,1513625495959.2622,528,S6_worst_case_no_intervention,indonesia,USDC
147,0.8213420597511525,1475566023017.7083,528,S6_worst_case_no_intervention,indonesia,USDC
148,0.8278371656769109,1438510546482.3638,528,S6_worst_case_no_intervention,indonesia,USDC
149,0.7862481380122613,1402402931631.5317,528,S6_worst_case_no_intervention,indonesia,USDC
150,0.789650419101233,1367186218330.34,528,S6_worst_case_no_intervention,indonesia,USDC
151,0.812034806215996,1332878858286.2004,528,S6_worst_case_no_intervention,indonesia,USDC
152,0.8246750142270154,1299467680057.3892,528,S6_worst_case_no_intervention,indonesia,USDC
153,0.7957055151854739,1266911942473.7896,528,S6_worst_case_no_intervention,indonesia,USDC
154,0.8023930109329682,1235171330772.2935,528,S6_worst_case_no_intervention,indonesia,USDC
155,0.7691384214223538,1204236722930.038,528,S6_worst_case_no_intervention,indonesia,USDC
156,0.7622815968984458,1174074413408.061,528,S6_worst_case_no_intervention,indonesia,USDC
157,0.770523987647731,1144676055051.4583,528,S6_worst_case_no_intervention,indonesia,USDC
158,0.7966669051518054,1116024563487.9443,528,S6_worst_case_no_intervention,indonesia,USDC
159,0.8014700631813974,1088099373871.4946,528,S6_worst_case_no_intervention,indonesia,USDC
160,0.7926252126542667,1060877971234.6202,528,S6_worst_case_no_intervention,indonesia,USDC
161,0.8110183956191203,1034339026528.3276,528,S6_worst_case_no_intervention,indonesia,USDC
162,0.8306238107986955,1008468250917.2878,528,S6_worst_case_no_intervention,indonesia,USDC
163,0.8367514183219597,983247049874.378,528,S6_worst_case_no_intervention,indonesia,USDC
164,0.8620783069126007,958658226307.9187,528,S6_worst_case_no_intervention,indonesia,USDC
165,0.8601592660557282,934686413226.3054,528,S6_worst_case_no_intervention,indonesia,USDC
166,0.8644098293258791,911314268432.4167,528,S6_worst_case_no_intervention,indonesia,USDC
167,0.8406550819539068,888527336607.0306,528,S6_worst_case_no_intervention,indonesia,USDC
168,0.8199147348998491,866309657302.2814,528,S6_worst_case_no_intervention,indonesia,USDC
169,0.83493566108017,844647144328.8778,528,S6_worst_case_no_intervention,indonesia,USDC
170,0.831222615210665,823527480133.439,528,S6_worst_case_no_intervention,indonesia,USDC
171,0.834058005574794,802936110434.997,528,S6_worst_case_no_intervention,indonesia,USDC
172,0.8103796115806221,782860017914.2375,528,S6_worst_case_no_intervention,indonesia,USDC
173,0.7788311099995417,763285781854.7771,528,S6_worst_case_no_intervention,indonesia,USDC
174,0.7835388540280245,744200932272.3263,528,S6_worst_case_no_intervention,indonesia,USDC
175,0.8043016985673475,725593673889.5569,528,S6_worst_case_no_intervention,indonesia,USDC
176,0.802074074495576,707452250886.5474,528,S6_worst_case_no_intervention,indonesia,USDC
177,0.7835461681814498,689764579107.8359,528,S6_worst_case_no_intervention,indonesia,USDC
178,0.7806796672555727,672519254870.9546,528,S6_worst_case_no_intervention,indonesia,USDC
179,0.7785621456981243,655705226509.4086,528,S6_worst_case_no_intervention,indonesia,USDC
180,0.779124731683651,639311739858.3306,528,S6_worst_case_no_intervention,indonesia,USDC
181,0.7922452878964763,623328284750.9434,528,S6_worst_case_no_intervention,indonesia,USDC
182,0.792252853711249,607744566175.19,528,S6_worst_case_no_intervention,indonesia,USDC
183,0.7854572736999936,592550513036.5817,528,S6_worst_case_no_intervention,indonesia,USDC
184,0.767112033694626,577736399598.4175,528,S6_worst_case_no_intervention,indonesia,USDC
185,0.7518107646195271,563292653687.8993,528,S6_worst_case_no_intervention,indonesia,USDC
186,0.7531199116443796,549210062380.44867,528,S6_worst_case_no_intervention,indonesia,USDC
187,0.7540368438390463,535479600984.16846,528,S6_worst_case_no_intervention,indonesia,USDC
188,0.7751198498768248,522092442931.7901,528,S6_worst_case_no_intervention,indonesia,USDC
189,0.8013488198253996,509040014998.95996,528,S6_worst_case_no_intervention,indonesia,USDC
190,0.7997332498592669,496313927618.38965,528,S6_worst_case_no_intervention,indonesia,USDC
191,0.7978682962224926,483906009796.6007,528,S6_worst_case_no_intervention,indonesia,USDC
192,0.786568605138692,471808299761.17444,528,S6_worst_case_no_intervention,indonesia,USDC
193,0.8057769378714813,460013039526.839,528,S6_worst_case_no_intervention,indonesia,USDC
194,0.8138580828164264,448512674388.1682,528,S6_worst_case_no_intervention,indonesia,USDC
195,0.8320029366638978,437299827234.1803,528,S6_worst_case_no_intervention,indonesia,USDC
196,0.8404198098922613,426367309020.94275,528,S6_worst_case_no_intervention,indonesia,USDC
197,0.8442508042362297,415708108090.986,528,S6_worst_case_no_intervention,indonesia,USDC
198,0.8443874313973941,405315390666.0217,528,S6_worst_case_no_intervention,indonesia,USDC
199,0.8599051377671701,395182492128.34,528,S6_worst_case_no_intervention,indonesia,USDC
200,0.7263572698344827,385302919318.3321,528,S6_worst_case_no_intervention,indonesia,USDC
201,0.7228209384911622,375670326117.0428,528,S6_worst_case_no_intervention,indonesia,USDC
202,0.7317911942455196,366278552783.14636,528,S6_worst_case_no_intervention,indonesia,USDC
203,0.7362573493669935,357121577929.1542,528,S6_worst_case_no_intervention,indonesia,USDC
204,0.7591732780225008,348193529894.9741,528,S6_worst_case_no_intervention,indonesia,USDC
205,0.7677642319403063,339488685888.29456,528,S6_worst_case_no_intervention,indonesia,USDC
206,0.7735819251368866,331001464558.116,528,S6_worst_case_no_intervention,indonesia,USDC
207,0.7541496455228829,322726424680.6721,528,S6_worst_case_no_intervention,indonesia,USDC
208,0.7426831081645275,314658260984.15985,528,S6_worst_case_no_intervention,indonesia,USDC
209,0.7492005070741579,306791801985.90686,528,S6_worst_case_no_intervention,indonesia,USDC
210,0.7803195593881138,299122005086.4717,528,S6_worst_case_no_intervention,indonesia,USDC
211,0.7925349249979636,291643953748.7296,528,S6_worst_case_no_intervention,indonesia,USDC
212,0.7833934525041354,284352853967.97565,528,S6_worst_case_no_intervention,indonesia,USDC
213,0.7764539283806725,277244031841.6903,528,S6_worst_case_no_intervention,indonesia,USDC
214,0.7460773992312573,270312930345.0573,528,S6_worst_case_no_intervention,indonesia,USDC
215,0.7697264458965881,263555106437.61432,528,S6_worst_case_no_intervention,indonesia,USDC
216,0.7838069234739611,256966228330.34015,528,S6_worst_case_no_intervention,indonesia,USDC
217,0.7877292779530901,250542072306.09692,528,S6_worst_case_no_intervention,indonesia,USDC
218,0.7849686907143131,244278520245.53094,528,S6_worst_case_no_intervention,indonesia,USDC
219,0.7866270586213374,238171557033.39575,528,S6_worst_case_no_intervention,indonesia,USDC
220,0.8010881477045733,232217267932.8934,528,S6_worst_case_no_intervention,indonesia,USDC
221,0.8022992191040305,226411836109.0589,528,S6_worst_case_no_intervention,indonesia,USDC
222,0.7873760532431464,220751540099.9364,528,S6_worst_case_no_intervention,indonesia,USDC
223,0.8065735746099526,215232751498.87695,528,S6_worst_case_no_intervention,indonesia,USDC
224,0.8064875794995296,209851932642.39014,528,S6_worst_case_no_intervention,indonesia,USDC
225,0.7812484446181922,204605634268.22427,528,S6_worst_case_no_intervention,indonesia,USDC
226,0.767555012049104,199490493351.5316,528,S6_worst_case_no_intervention,indonesia,USDC
227,0.7533323063398493,194503230968.8989,528,S6_worst_case_no_intervention,indonesia,USDC
228,0.7561947052086787,189640650152.66278,528,S6_worst_case_no_intervention,indonesia,USDC
229,0.7375352876753378,184899633865.45288,528,S6_worst_case_no_intervention,indonesia,USDC
230,0.763490496834592,180277142989.6065,528,S6_worst_case_no_intervention,indonesia,USDC
231,0.7882473904742057,175770214395.0378,528,S6_worst_case_no_intervention,indonesia,USDC
232,0.7969725068634476,171375959021.10913,528,S6_worst_case_no_intervention,indonesia,USDC
233,0.7935816746230665,167091560034.71,528,S6_worst_case_no_intervention,indonesia,USDC
234,0.8124806935271668,162914271024.9026,528,S6_worst_case_no_intervention,indonesia,USDC
235,0.7826982677029094,158841414242.60013,528,S6_worst_case_no_intervention,indonesia,USDC
236,0.7953445102655765,154870378879.8821,528,S6_worst_case_no_intervention,indonesia,USDC
237,0.8039987709962105,150998619402.87918,528,S6_worst_case_no_intervention,indonesia,USDC
238,0.7995376448585484,147223653913.97913,528,S6_worst_case_no_intervention,indonesia,USDC
239,0.7991226984112234,143543062562.85907,528,S6_worst_case_no_intervention,indonesia,USDC
240,0.8106451034940568,139954485996.0757,528,S6_worst_case_no_intervention,indonesia,USDC
241,0.8150362831891403,136455623844.12326,528,S6_worst_case_no_intervention,indonesia,USDC
242,0.8327548611349563,133044233246.30692,528,S6_worst_case_no_intervention,indonesia,USDC
243,0.814626272667013,129718127413.89816,528,S6_worst_case_no_intervention,indonesia,USDC
244,0.798437461276545,126475174227.35019,528,S6_worst_case_no_intervention,indonesia,USDC
245,0.823461118218659,123313294870.5394,528,S6_worst_case_no_intervention,indonesia,USDC
246,0.8138772942403875,120230462497.92345,528,S6_worst_case_no_intervention,indonesia,USDC
247,0.7935493466159279,117224700934.70438,528,S6_worst_case_no_intervention,indonesia,USDC
248,0.8106257882759479,114294083410.62036,528,S6_worst_case_no_intervention,indonesia,USDC
249,0.8173060656264052,111436731324.84442,528,S6_worst_case_no_intervention,indonesia,USDC
250,0.8009096669025522,108650813041.30087,528,S6_worst_case_no_intervention,indonesia,USDC
251,0.8026934974209908,105934542714.85521,528,S6_worst_case_no_intervention,indonesia,USDC
252,0.7912990735923359,103286179146.6463,528,S6_worst_case_no_intervention,indonesia,USDC
253,0.7733297558566011,100704024667.69345,528,S6_worst_case_no_intervention,indonesia,USDC
254,0.7779045395860051,98186424050.74648,528,S6_worst_case_no_intervention,indonesia,USDC
255,0.7758071128455607,95731763449.26433,528,S6_worst_case_no_intervention,indonesia,USDC
256,0.7859921502209954,93338469362.86287,528,S6_worst_case_no_intervention,indonesia,USDC
257,0.7807349551198309,91005007628.66718,528,S6_worst_case_no_intervention,indonesia,USDC
258,0.759960993621602,88729882437.8435,528,S6_worst_case_no_intervention,indonesia,USDC
259,0.7729013560742055,86511635376.8009,528,S6_worst_case_no_intervention,indonesia,USDC
260,0.7954806054420815,84348844492.3092,528,S6_worst_case_no_intervention,indonesia,USDC
261,0.8101221903481878,82240123379.94943,528,S6_worst_case_no_intervention,indonesia,USDC
262,0.7998006876623317,80184120295.41296,528,S6_worst_case_no_intervention,indonesia,USDC
263,0.8114834477041818,78179517287.99222,528,S6_worst_case_no_intervention,indonesia,USDC
264,0.8046262317710637,76225029355.76567,528,S6_worst_case_no_intervention,indonesia,USDC
265,0.8199400011421936,74319403621.84708,528,S6_worst_case_no_intervention,indonesia,USDC
266,0.7942788879335805,72461418531.28323,528,S6_worst_case_no_intervention,indonesia,USDC
267,0.7827350743266815,70649883067.98387,528,S6_worst_case_no_intervention,indonesia,USDC
268,0.7907399513720659,68883635991.26898,528,S6_worst_case_no_intervention,indonesia,USDC
269,0.7803158006582612,67161545091.47504,528,S6_worst_case_no_intervention,indonesia,USDC
270,0.7719460760561537,65482506464.17775,528,S6_worst_case_no_intervention,indonesia,USDC
271,0.7770675385472862,63845443802.564255,528,S6_worst_case_no_intervention,indonesia,USDC
272,0.7629208621083537,62249307707.49292,528,S6_worst_case_no_intervention,indonesia,USDC
273,0.7688268931362265,60693075014.79958,528,S6_worst_case_no_intervention,indonesia,USDC
274,0.7387782956794848,59175748139.42465,528,S6_worst_case_no_intervention,indonesia,USDC
275,0.7412354461302573,57696354435.93471,528,S6_worst_case_no_intervention,indonesia,USDC
276,0.7585027630580465,56253945575.033035,528,S6_worst_case_no_intervention,indonesia,USDC
277,0.770254046286861,54847596935.6548,528,S6_worst_case_no_intervention,indonesia,USDC
278,0.7638877392840794,53476407012.261604,528,S6_worst_case_no_intervention,indonesia,USDC
279,0.7473389489684885,52139496836.9536,528,S6_worst_case_no_intervention,indonesia,USDC
280,0.719028027859516,50836009416.02849,528,S6_worst_case_no_intervention,indonesia,USDC
281,0.7296643888692962,49565109180.626724,528,S6_worst_case_no_intervention,indonesia,USDC
282,0.7432466680065286,48325981451.11028,528,S6_worst_case_no_intervention,indonesia,USDC
283,0.7485546041582192,47117831914.83197,528,S6_worst_case_no_intervention,indonesia,USDC
284,0.7443095525212416,45939886116.96075,528,S6_worst_case_no_intervention,indonesia,USDC
285,0.7789379706406937,44791388964.0364,528,S6_worst_case_no_intervention,indonesia,USDC
286,0.7813000676303683,43671604239.93527,528,S6_worst_case_no_intervention,indonesia,USDC
287,0.7681357323473819,42579814133.936714,528,S6_worst_case_no_intervention,indonesia,USDC
288,0.795283824945276,41515318780.58815,528,S6_worst_case_no_intervention,indonesia,USDC
289,0.8298444729202441,40477435811.07334,528,S6_worst_case_no_intervention,indonesia,USDC
290,0.8342267444403537,39465499915.79643,528,S6_worst_case_no_intervention,indonesia,USDC
291,0.8186806544091281,38478862417.90147,528,S6_worst_case_no_intervention,indonesia,USDC
292,0.7998855040666274,37516890857.45387,528,S6_worst_case_no_intervention,indonesia,USDC
293,0.8171217010423917,36578968586.01746,528,S6_worst_case_no_intervention,indonesia,USDC
294,0.7966714959134216,35664494371.36699,528,S6_worst_case_no_intervention,indonesia,USDC
295,0.8119513930543878,34772882012.08278,528,S6_worst_case_no_intervention,indonesia,USDC
296,0.7960336696272016,33903559961.780678,528,S6_worst_case_no_intervention,indonesia,USDC
297,0.7882414407276114,33055970962.736134,528,S6_worst_case_no_intervention,indonesia,USDC
298,0.7871075642241249,32229571688.66771,528,S6_worst_case_no_intervention,indonesia,USDC
299,0.8008770984375669,31423832396.450996,528,S6_worst_case_no_intervention,indonesia,USDC
300,0.8172853158910997,30638236586.539707,528,S6_worst_case_no_intervention,indonesia,USDC
301,0.8150404355695402,29872280671.876205,528,S6_worst_case_no_intervention,indonesia,USDC
302,0.8151151043226779,29125473655.07929,528,S6_worst_case_no_intervention,indonesia,USDC
303,0.8202138698493184,28397336813.7023,528,S6_worst_case_no_intervention,indonesia,USDC
304,0.8212775871767387,27687403393.359734,528,S6_worst_case_no_intervention,indonesia,USDC
305,0.8322790984208668,26995218308.525734,528,S6_worst_case_no_intervention,indonesia,USDC
306,0.8471547162055414,26320337850.812588,528,S6_worst_case_no_intervention,indonesia,USDC
307,0.8568545954245107,25662329404.542267,528,S6_worst_case_no_intervention,indonesia,USDC
308,0.85034974359314,25020771169.428707,528,S6_worst_case_no_intervention,indonesia,USDC
309,0.828848606505622,24395251890.192986,528,S6_worst_case_no_intervention,indonesia,USDC
310,0.8471367362971369,23785370592.93816,528,S6_worst_case_no_intervention,indonesia,USDC
311,0.8226919528194612,23190736328.1147,528,S6_worst_case_no_intervention,indonesia,USDC
312,0.8307209267130072,22610967919.91183,528,S6_worst_case_no_intervention,indonesia,USDC
313,0.8586917729729322,22045693721.914032,528,S6_worst_case_no_intervention,indonesia,USDC
314,0.8707887722889434,21494551378.86618,528,S6_worst_case_no_intervention,indonesia,USDC
315,0.8627371698446411,20957187594.394527,528,S6_worst_case_no_intervention,indonesia,USDC
316,0.8535667586519509,20433257904.534664,528,S6_worst_case_no_intervention,indonesia,USDC
317,0.8493599217423068,19922426456.921295,528,S6_worst_case_no_intervention,indonesia,USDC
318,0.8386250620793257,19424365795.498264,528,S6_worst_case_no_intervention,indonesia,USDC
319,0.8417385059384114,18938756650.61081,528,S6_worst_case_no_intervention,indonesia,USDC
320,0.8328800403077803,18465287734.345535,528,S6_worst_case_no_intervention,indonesia,USDC
321,0.8404335074517624,18003655540.9869,528,S6_worst_case_no_intervention,indonesia,USDC
322,0.807151776431723,17553564152.462227,528,S6_worst_case_no_intervention,indonesia,USDC
323,0.7810974729324723,17114725048.650671,528,S6_worst_case_no_intervention,indonesia,USDC
324,0.7810984378975346,16686856922.434402,528,S6_worst_case_no_intervention,indonesia,USDC
325,0.7689517982588905,16269685499.373543,528,S6_worst_case_no_intervention,indonesia,USDC
326,0.7670595767529318,15862943361.889206,528,S6_worst_case_no_intervention,indonesia,USDC
327,0.7875809744759988,15466369777.841976,528,S6_worst_case_no_intervention,indonesia,USDC
328,0.7942623519858353,15079710533.395924,528,S6_worst_case_no_intervention,indonesia,USDC
329,0.7889609255540032,14702717770.061028,528,S6_worst_case_no_intervention,indonesia,USDC
330,0.798223343780556,14335149825.809502,528,S6_worst_case_no_intervention,indonesia,USDC
331,0.7965090101271068,13976771080.164265,528,S6_worst_case_no_intervention,indonesia,USDC
332,0.786027537841107,13627351803.16016,528,S6_worst_case_no_intervention,indonesia,USDC
333,0.7744404208801015,13286668008.081156,528,S6_worst_case_no_intervention,indonesia,USDC
334,0.7590258795696855,12954501307.879126,528,S6_worst_case_no_intervention,indonesia,USDC
335,0.7709124960335495,12630638775.182148,528,S6_worst_case_no_intervention,indonesia,USDC
336,0.7817851307804452,12314872805.802595,528,S6_worst_case_no_intervention,indonesia,USDC
337,0.7775984803114581,12007000985.65753,528,S6_worst_case_no_intervention,indonesia,USDC
338,0.7733837395859039,11706825961.01609,528,S6_worst_case_no_intervention,indonesia,USDC
339,0.7856078765250868,11414155311.990688,528,S6_worst_case_no_intervention,indonesia,USDC
340,0.7778887979517676,11128801429.190922,528,S6_worst_case_no_intervention,indonesia,USDC
341,0.7805840937042124,10850581393.461147,528,S6_worst_case_no_intervention,indonesia,USDC
342,0.7847259058272011,10579316858.624619,528,S6_worst_case_no_intervention,indonesia,USDC
343,0.7965758988687359,10314833937.159004,528,S6_worst_case_no_intervention,indonesia,USDC
344,0.7980939844134143,10056963088.730028,528,S6_worst_case_no_intervention,indonesia,USDC
345,0.8023490276856733,9805539011.511778,528,S6_worst_case_no_intervention,indonesia,USDC
346,0.8045125356743734,9560400536.223984,528,S6_worst_case_no_intervention,indonesia,USDC
347,0.805216525135607,9321390522.818384,528,S6_worst_case_no_intervention,indonesia,USDC
348,0.7867194686387126,9088355759.747925,528,S6_worst_case_no_intervention,indonesia,USDC
349,0.7550555093562422,8861146865.754227,528,S6_worst_case_no_intervention,indonesia,USDC
350,0.7733377402116475,8639618194.11037,528,S6_worst_case_no_intervention,indonesia,USDC
351,0.7700916695140081,8423627739.257611,528,S6_worst_case_no_intervention,indonesia,USDC
352,0.7475266589592048,8213037045.776172,528,S6_worst_case_no_intervention,indonesia,USDC
353,0.7376773012942657,8007711119.631767,528,S6_worst_case_no_intervention,indonesia,USDC
354,0.7481595075673192,7807518341.640973,528,S6_worst_case_no_intervention,indonesia,USDC
355,0.76124975035645,7612330383.099949,528,S6_worst_case_no_intervention,indonesia,USDC
356,0.7307501483321701,7422022123.5224495,528,S6_worst_case_no_intervention,indonesia,USDC
357,0.7294603804063636,7236471570.434388,528,S6_worst_case_no_intervention,indonesia,USDC
358,0.731774352527154,7055559781.17353,528,S6_worst_case_no_intervention,indonesia,USDC
359,0.7282982903721769,6879170786.64419,528,S6_worst_case_no_intervention,indonesia,USDC
360,0.7040607922171789,6707191516.978086,528,S6_worst_case_no_intervention,indonesia,USDC
361,0.6934830439595823,6539511729.053635,528,S6_worst_case_no_intervention,indonesia,USDC
362,0.7159841233271992,6376023935.827293,528,S6_worst_case_no_intervention,indonesia,USDC
363,0.7246456496632248,6216623337.431612,528,S6_worst_case_no_intervention,indonesia,USDC
364,0.7591726274482693,6061207753.995821,528,S6_worst_case_no_intervention,indonesia,USDC
365,0.7525296618640764,5909677560.1459255,528,S6_worst_case_no_intervention,indonesia,USDC
366,0.756118293945108,5761935621.142278,528,S6_worst_case_no_intervention,indonesia,USDC
367,0.7712840281721743,5617887230.61372,528,S6_worst_case_no_intervention,indonesia,USDC
368,0.7716873298011206,5477440049.848377,528,S6_worst_case_no_intervention,indonesia,USDC
369,0.7828003882354986,5340504048.602168,528,S6_worst_case_no_intervention,indonesia,USDC
370,0.7805745299049842,5206991447.387114,528,S6_worst_case_no_intervention,indonesia,USDC
371,0.7947040311975722,5076816661.2024355,528,S6_worst_case_no_intervention,indonesia,USDC
372,0.7824341769903922,4949896244.672375,528,S6_worst_case_no_intervention,indonesia,USDC
373,0.7929174135376725,4826148838.555565,528,S6_worst_case_no_intervention,indonesia,USDC
374,0.79921547289531,4705495117.591676,528,S6_worst_case_no_intervention,indonesia,USDC
375,0.8189702502134263,4587857739.651884,528,S6_worst_case_no_intervention,indonesia,USDC
376,0.8211782776538961,4473161296.160587,528,S6_worst_case_no_intervention,indonesia,USDC
377,0.8288893052157651,4361332263.756573,528,S6_worst_case_no_intervention,indonesia,USDC
378,0.81951613524305,4252298957.162658,528,S6_worst_case_no_intervention,indonesia,USDC
379,0.808681115683581,4145991483.233592,528,S6_worst_case_no_intervention,indonesia,USDC
380,0.8093907769441231,4042341696.152752,528,S6_worst_case_no_intervention,indonesia,USDC
381,0.8092880910785613,3941283153.748933,528,S6_worst_case_no_intervention,indonesia,USDC
382,0.8395867763778954,3842751074.9052105,528,S6_worst_case_no_intervention,indonesia,USDC
383,0.863135317322855,3746682298.0325794,528,S6_worst_case_no_intervention,indonesia,USDC
384,0.8650031140108806,3653015240.581765,528,S6_worst_case_no_intervention,indonesia,USDC
385,0.8638377739863707,3561689859.5672207,528,S6_worst_case_no_intervention,indonesia,USDC
386,0.8328379489231454,3472647613.07804,528,S6_worst_case_no_intervention,indonesia,USDC
387,0.8283708675712048,3385831422.751089,528,S6_worst_case_no_intervention,indonesia,USDC
388,0.7941832245952608,3301185637.182312,528,S6_worst_case_no_intervention,indonesia,USDC
389,0.7873065758615698,3218655996.252754,528,S6_worst_case_no_intervention,indonesia,USDC
390,0.7830863851343465,3138189596.3464355,528,S6_worst_case_no_intervention,indonesia,USDC
391,0.7802395739141579,3059734856.4377747,528,S6_worst_case_no_intervention,indonesia,USDC
392,0.7748931754220382,2983241485.02683,528,S6_worst_case_no_intervention,indonesia,USDC
393,0.7873934440590222,2908660447.9011593,528,S6_worst_case_no_intervention,indonesia,USDC
394,0.7581332843628336,2835943936.7036304,528,S6_worst_case_no_intervention,indonesia,USDC
395,0.7576904367372392,2765045338.2860394,528,S6_worst_case_no_intervention,indonesia,USDC
396,0.7921429723818476,2695919204.828889,528,S6_worst_case_no_intervention,indonesia,USDC
397,0.8026598929177882,2628521224.7081666,528,S6_worst_case_no_intervention,indonesia,USDC
398,0.7909573510139857,2562808194.090462,528,S6_worst_case_no_intervention,indonesia,USDC
399,0.8027575594671031,2498737989.2382007,528,S6_worst_case_no_intervention,indonesia,USDC
400,0.827813058282588,2436269539.507246,528,S6_worst_case_no_intervention,indonesia,USDC
401,0.8166579068718097,2375362801.0195646,528,S6_worst_case_no_intervention,indonesia,USDC
402,0.802344709328653,2315978730.994076,528,S6_worst_case_no_intervention,indonesia,USDC
403,0.794742368656875,2258079262.719224,528,S6_worst_case_no_intervention,indonesia,USDC
404,0.7929748274239025,2201627281.151243,528,S6_worst_case_no_intervention,indonesia,USDC
405,0.7918009282664056,2146586599.1224623,528,S6_worst_case_no_intervention,indonesia,USDC
406,0.7940038043887814,2092921934.1444006,528,S6_worst_case_no_intervention,indonesia,USDC
407,0.7853558123510389,2040598885.7907906,528,S6_worst_case_no_intervention,indonesia,USDC
408,0.8002310503038944,1989583913.646021,528,S6_worst_case_no_intervention,indonesia,USDC
409,0.8058269904124278,1939844315.8048704,528,S6_worst_case_no_intervention,indonesia,USDC
410,0.7343610846298116,1891348207.9097488,528,S6_worst_case_no_intervention,indonesia,USDC
411,0.7645932812626057,1844064502.712005,528,S6_worst_case_no_intervention,indonesia,USDC
412,0.7627059254408767,1797962890.144205,528,S6_worst_case_no_intervention,indonesia,USDC
413,0.7316738771390727,1753013817.8905997,528,S6_worst_case_no_intervention,indonesia,USDC
414,0.7463227208047658,1709188472.4433346,528,S6_worst_case_no_intervention,indonesia,USDC
415,0.7553636027778918,1666458760.6322513,528,S6_worst_case_no_intervention,indonesia,USDC
416,0.7748627886541047,1624797291.6164453,528,S6_worst_case_no_intervention,indonesia,USDC
417,0.7722834318213238,1584177359.326034,528,S6_worst_case_no_intervention,indonesia,USDC
418,0.7756506745672401,1544572925.342883,528,S6_worst_case_no_intervention,indonesia,USDC
419,0.751095536167667,1505958602.2093112,528,S6_worst_case_no_intervention,indonesia,USDC
420,0.7611491047072031,1468309637.1540785,528,S6_worst_case_no_intervention,indonesia,USDC
421,0.7697208116892421,1431601896.2252264,528,S6_worst_case_no_intervention,indonesia,USDC
422,0.7701544904560834,1395811848.8195958,528,S6_worst_case_no_intervention,indonesia,USDC
423,0.7685003400430547,1360916552.5991058,528,S6_worst_case_no_intervention,indonesia,USDC
424,0.7672637966162171,1326893638.7841282,528,S6_worst_case_no_intervention,indonesia,USDC
425,0.7715302190241127,1293721297.814525,528,S6_worst_case_no_intervention,indonesia,USDC
426,0.7679932746451537,1261378265.3691618,528,S6_worst_case_no_intervention,indonesia,USDC
427,0.7645637555360187,1229843808.734933,528,S6_worst_case_no_intervention,indonesia,USDC
428,0.7847286377636027,1199097713.5165596,528,S6_worst_case_no_intervention,indonesia,USDC
429,0.7779504766143305,1169120270.6786456,528,S6_worst_case_no_intervention,indonesia,USDC
430,0.7724194579140639,1139892263.9116795,528,S6_worst_case_no_intervention,indonesia,USDC
431,0.789996426734364,1111394957.3138874,528,S6_worst_case_no_intervention,indonesia,USDC
432,0.765536283607312,1083610083.3810403,528,S6_worst_case_no_intervention,indonesia,USDC
433,0.7692884332334686,1056519831.2965143,528,S6_worst_case_no_intervention,indonesia,USDC
434,0.7803270516395857,1030106835.5141013,528,S6_worst_case_no_intervention,indonesia,USDC
435,0.7927839652616697,1004354164.6262488,528,S6_worst_case_no_intervention,indonesia,USDC
436,0.7819141743620925,979245310.5105927,528,S6_worst_case_no_intervention,indonesia,USDC
437,0.7772945189919119,954764177.747828,528,S6_worst_case_no_intervention,indonesia,USDC
438,0.7671036272476687,930895073.3041321,528,S6_worst_case_no_intervention,indonesia,USDC
439,0.7665442721779676,907622696.4715288,528,S6_worst_case_no_intervention,indonesia,USDC
440,0.7691587700339495,884932129.0597407,528,S6_worst_case_no_intervention,indonesia,USDC
441,0.7616819637280535,862808825.8332472,528,S6_worst_case_no_intervention,indonesia,USDC
442,0.7772062184157019,841238605.1874161,528,S6_worst_case_no_intervention,indonesia,USDC
443,0.7761418020519759,820207640.0577304,528,S6_worst_case_no_intervention,indonesia,USDC
444,0.7850399072627061,799702449.0562873,528,S6_worst_case_no_intervention,indonesia,USDC
445,0.7931163846640094,779709887.82988,528,S6_worst_case_no_intervention,indonesia,USDC
446,0.8012723784262229,760217140.6341331,528,S6_worst_case_no_intervention,indonesia,USDC
447,0.7859738398739103,741211712.1182798,528,S6_worst_case_no_intervention,indonesia,USDC
448,0.793558985719292,722681419.3153228,528,S6_worst_case_no_intervention,indonesia,USDC
449,0.820833798805959,704614383.8324397,528,S6_worst_case_no_intervention,indonesia,USDC
450,0.7811922362693077,686999024.2366288,528,S6_worst_case_no_intervention,indonesia,USDC
451,0.7990577526345496,669824048.630713,528,S6_worst_case_no_intervention,indonesia,USDC
452,0.8056880697919778,653078447.4149451,528,S6_worst_case_no_intervention,indonesia,USDC
453,0.7901283790357801,636751486.2295716,528,S6_worst_case_no_intervention,indonesia,USDC
454,0.806306977664782,620832699.0738323,528,S6_worst_case_no_intervention,indonesia,USDC
455,0.7930516688251499,605311881.5969865,528,S6_worst_case_no_intervention,indonesia,USDC
456,0.7839787588691208,590179084.5570618,528,S6_worst_case_no_intervention,indonesia,USDC
457,0.7744454090148528,575424607.4431353,528,S6_worst_case_no_intervention,indonesia,USDC
458,0.7780882806177603,561038992.2570568,528,S6_worst_case_no_intervention,indonesia,USDC
459,0.7882301761454857,547013017.4506304,528,S6_worst_case_no_intervention,indonesia,USDC
460,0.8185800556584574,533337692.01436466,528,S6_worst_case_no_intervention,indonesia,USDC
461,0.8054611433819039,520004249.71400553,528,S6_worst_case_no_intervention,indonesia,USDC
462,0.7672295090312148,507004143.4711554,528,S6_worst_case_no_intervention,indonesia,USDC
463,0.7606700032327591,494329039.88437647,528,S6_worst_case_no_intervention,indonesia,USDC
464,0.7437083506774783,481970813.8872671,528,S6_worst_case_no_intervention,indonesia,USDC
465,0.7304933465675927,469921543.5400854,528,S6_worst_case_no_intervention,indonesia,USDC
466,0.7229057387965149,458173504.95158327,528,S6_worst_case_no_intervention,indonesia,USDC
467,0.7355795507304298,446719167.3277937,528,S6_worst_case_no_intervention,indonesia,USDC
468,0.7279675397589261,435551188.14459884,528,S6_worst_case_no_intervention,indonesia,USDC
469,0.7415605962649117,424662408.44098383,528,S6_worst_case_no_intervention,indonesia,USDC
470,0.7330303374829017,414045848.22995925,528,S6_worst_case_no_intervention,indonesia,USDC
471,0.7605080975602133,403694702.02421033,528,S6_worst_case_no_intervention,indonesia,USDC
472,0.7661278277316026,393602334.47360504,528,S6_worst_case_no_intervention,indonesia,USDC
473,0.7677591327146546,383762276.1117649,528,S6_worst_case_no_intervention,indonesia,USDC
474,0.7799789488610706,374168219.2089707,528,S6_worst_case_no_intervention,indonesia,USDC
475,0.7562677346252159,364814013.7287465,528,S6_worst_case_no_intervention,indonesia,USDC
476,0.7708762503913554,355693663.3855278,528,S6_worst_case_no_intervention,indonesia,USDC
477,0.7742592065588968,346801321.8008896,528,S6_worst_case_no_intervention,indonesia,USDC
478,0.7937971853425854,338131288.75586736,528,S6_worst_case_no_intervention,indonesia,USDC
479,0.7659130854916174,329678006.53697073,528,S6_worst_case_no_intervention,indonesia,USDC
480,0.7745869802119999,321436056.3735464,528,S6_worst_case_no_intervention,indonesia,USDC
481,0.7815356029232496,313400154.96420777,528,S6_worst_case_no_intervention,indonesia,USDC
482,0.7991125194336227,305565151.09010255,528,S6_worst_case_no_intervention,indonesia,USDC
483,0.7975108660781938,297926022.31285,528,S6_worst_case_no_intervention,indonesia,USDC
484,0.7955903596467395,290477871.7550288,528,S6_worst_case_no_intervention,indonesia,USDC
485,0.7969875412789252,283215924.96115303,528,S6_worst_case_no_intervention,indonesia,USDC
486,0.8104952448714142,276135526.8371242,528,S6_worst_case_no_intervention,indonesia,USDC
487,0.8291065953049722,269232138.6661961,528,S6_worst_case_no_intervention,indonesia,USDC
488,0.8067489589411531,262501335.1995412,528,S6_worst_case_no_intervention,indonesia,USDC
489,0.7856444374194264,255938801.81955266,528,S6_worst_case_no_intervention,indonesia,USDC
490,0.7869557076420559,249540331.77406386,528,S6_worst_case_no_intervention,indonesia,USDC
491,0.771723725056518,243301823.47971225,528,S6_worst_case_no_intervention,indonesia,USDC
492,0.7699370764085415,237219277.89271945,528,S6_worst_case_no_intervention,indonesia,USDC
493,0.7711730537023683,231288795.9454015,528,S6_worst_case_no_intervention,indonesia,USDC
494,0.7852902426910878,225506576.04676646,528,S6_worst_case_no_intervention,indonesia,USDC
495,0.778356701245644,219868911.64559728,528,S6_worst_case_no_intervention,indonesia,USDC
496,0.7554337429447435,214372188.85445735,528,S6_worst_case_no_intervention,indonesia,USDC
497,0.7373409343271861,209012884.13309592,528,S6_worst_case_no_intervention,indonesia,USDC
498,0.716747658450895,203787562.02976853,528,S6_worst_case_no_intervention,indonesia,USDC
499,0.7093714222620072,198692872.97902432,528,S6_worst_case_no_intervention,indonesia,USDC
500,0.7291393799958347,193725551.1545487,528,S6_worst_case_no_intervention,indonesia,USDC
501,0.7323755150168884,188882412.37568498,528,S6_worst_case_no_intervention,indonesia,USDC
502,0.7341704846375717,184160352.06629285,528,S6_worst_case_no_intervention,indonesia,USDC
503,0.7593119526595659,179556343.26463553,528,S6_worst_case_no_intervention,indonesia,USDC
504,0.7785357581612603,175067434.68301964,528,S6_worst_case_no_intervention,indonesia,USDC
505,0.781988708112452,170690748.81594416,528,S6_worst_case_no_intervention,indonesia,USDC
506,0.7852355156290447,166423480.09554553,528,S6_worst_case_no_intervention,indonesia,USDC
507,0.7865731784575541,162262893.0931569,528,S6_worst_case_no_intervention,indonesia,USDC
508,0.7726086010820995,158206320.76582798,528,S6_worst_case_no_intervention,indonesia,USDC
509,0.7698987742558224,154251162.7466823,528,S6_worst_case_no_intervention,indonesia,USDC
510,0.7730169942435325,150394883.67801523,528,S6_worst_case_no_intervention,indonesia,USDC
511,0.7731931126505004,146635011.58606488,528,S6_worst_case_no_intervention,indonesia,USDC
512,0.7691949783611646,142969136.29641324,528,S6_worst_case_no_intervention,indonesia,USDC
513,0.7811304294514405,139394907.88900292,528,S6_worst_case_no_intervention,indonesia,USDC
514,0.7808459030001905,135910035.19177783,528,S6_worst_case_no_intervention,indonesia,USDC
515,0.7886029792309454,132512284.31198338,528,S6_worst_case_no_intervention,indonesia,USDC
516,0.7943786323344415,129199477.2041838,528,S6_worst_case_no_intervention,indonesia,USDC
517,0.7103475431618047,125969490.2740792,528,S6_worst_case_no_intervention,indonesia,USDC
518,0.7415067401890234,122820253.0172272,528,S6_worst_case_no_intervention,indonesia,USDC
519,0.7604621355010973,119749746.69179654,528,S6_worst_case_no_intervention,indonesia,USDC
520,0.74773465657654,116756003.02450162,528,S6_worst_case_no_intervention,indonesia,USDC
521,0.7476107561474339,113837102.94888908,528,S6_worst_case_no_intervention,indonesia,USDC
522,0.7530112286674626,110991175.37516686,528,S6_worst_case_no_intervention,indonesia,USDC
523,0.7455759461600828,108216395.99078768,528,S6_worst_case_no_intervention,indonesia,USDC
524,0.759837669435297,105510986.09101799,528,S6_worst_case_no_intervention,indonesia,USDC
525,0.7487199333921464,102873211.43874253,528,S6_worst_case_no_intervention,indonesia,USDC
526,0.7435098965391891,100301381.15277398,528,S6_worst_case_no_intervention,indonesia,USDC
527,0.748649477780895,97793846.62395464,528,S6_worst_case_no_intervention,indonesia,USDC
528,0.7526414413716376,95349000.45835575,528,S6_worst_case_no_intervention,indonesia,USDC
529,0.7525824460871023,92965275.44689687,528,S6_worst_case_no_intervention,indonesia,USDC
530,0.7599620339796969,90641143.56072444,528,S6_worst_case_no_intervention,indonesia,USDC
531,0.7539813594387712,88375114.97170633,528,S6_worst_case_no_intervention,indonesia,USDC
532,0.73605989070438,86165737.09741367,528,S6_worst_case_no_intervention,indonesia,USDC
533,0.7148718927601162,84011593.66997834,528,S6_worst_case_no_intervention,indonesia,USDC
534,0.7143304397405802,81911303.82822886,528,S6_worst_case_no_intervention,indonesia,USDC
535,0.7333376946585899,79863521.23252314,528,S6_worst_case_no_intervention,indonesia,USDC
536,0.7469116051184973,77866933.20171008,528,S6_worst_case_no_intervention,indonesia,USDC
537,0.7340805348934696,75920259.87166733,528,S6_worst_case_no_intervention,indonesia,USDC
538,0.726638797158531,74022253.37487563,528,S6_worst_case_no_intervention,indonesia,USDC
539,0.7539455143883216,72171697.04050374,528,S6_worst_case_no_intervention,indonesia,USDC
540,0.7285485517362251,70367404.61449115,528,S6_worst_case_no_intervention,indonesia,USDC
541,0.7465096702930464,68608219.49912888,528,S6_worst_case_no_intervention,indonesia,USDC
542,0.6477457677139284,66893014.01165065,528,S6_worst_case_no_intervention,indonesia,USDC
543,0.6482680900686383,65220688.661359385,528,S6_worst_case_no_intervention,indonesia,USDC
544,0.6704372227855268,63590171.444825396,528,S6_worst_case_no_intervention,indonesia,USDC
545,0.6783772057755563,62000417.15870476,528,S6_worst_case_no_intervention,indonesia,USDC
546,0.6802100317635232,60450406.72973715,528,S6_worst_case_no_intervention,indonesia,USDC
547,0.7180389384894842,58939146.56149371,528,S6_worst_case_no_intervention,indonesia,USDC
548,0.729839031454836,57465667.89745637,528,S6_worst_case_no_intervention,indonesia,USDC
549,0.7394472724182994,56029026.200019956,528,S6_worst_case_no_intervention,indonesia,USDC
550,0.7759210185651723,54628300.54501946,528,S6_worst_case_no_intervention,indonesia,USDC
551,0.7833603406624802,53262593.031393975,528,S6_worst_case_no_intervention,indonesia,USDC
552,0.7660797497338578,51931028.20560912,528,S6_worst_case_no_intervention,indonesia,USDC
553,0.7640684578947201,50632752.50046889,528,S6_worst_case_no_intervention,indonesia,USDC
554,0.7731030917957897,49366933.68795717,528,S6_worst_case_no_intervention,indonesia,USDC
555,0.7432748720353894,48132760.34575824,528,S6_worst_case_no_intervention,indonesia,USDC
556,0.7386657021613517,46929441.33711429,528,S6_worst_case_no_intervention,indonesia,USDC
557,0.777269820541308,45756205.303686425,528,S6_worst_case_no_intervention,indonesia,USDC
558,0.78171447457345,44612300.17109427,528,S6_worst_case_no_intervention,indonesia,USDC
559,0.7792664275786413,43496992.66681691,528,S6_worst_case_no_intervention,indonesia,USDC
560,0.7768022919227904,42409567.85014649,528,S6_worst_case_no_intervention,indonesia,USDC
561,0.7800069726000484,41349328.65389283,528,S6_worst_case_no_intervention,indonesia,USDC
562,0.7654761646395037,40315595.43754551,528,S6_worst_case_no_intervention,indonesia,USDC
563,0.7572694282372002,39307705.551606864,528,S6_worst_case_no_intervention,indonesia,USDC
564,0.7584929531463259,38325012.912816696,528,S6_worst_case_no_intervention,indonesia,USDC
565,0.789323954777179,37366887.58999628,528,S6_worst_case_no_intervention,indonesia,USDC
566,0.7682162967378994,36432715.40024637,528,S6_worst_case_no_intervention,indonesia,USDC
567,0.7651044159825704,35521897.51524021,528,S6_worst_case_no_intervention,indonesia,USDC
568,0.7641244075167062,34633850.07735921,528,S6_worst_case_no_intervention,indonesia,USDC
569,0.7523056704618364,33768003.82542522,528,S6_worst_case_no_intervention,indonesia,USDC
570,0.7695955319916717,32923803.729789596,528,S6_worst_case_no_intervention,indonesia,USDC
571,0.7776714716952692,32100708.636544857,528,S6_worst_case_no_intervention,indonesia,USDC
572,0.7552918769342052,31298190.920631234,528,S6_worst_case_no_intervention,indonesia,USDC
573,0.7579515352358545,30515736.147615455,528,S6_worst_case_no_intervention,indonesia,USDC
574,0.7646014134176652,29752842.74392507,528,S6_worst_case_no_intervention,indonesia,USDC
575,0.7744424121736181,29009021.675326943,528,S6_worst_case_no_intervention,indonesia,USDC
576,0.784467762631556,28283796.133443765,528,S6_worst_case_no_intervention,indonesia,USDC
577,0.8057732051854581,27576701.230107673,528,S6_worst_case_no_intervention,indonesia,USDC
578,0.6997918817955009,26887283.699354984,528,S6_worst_case_no_intervention,indonesia,USDC
579,0.7096752154282555,26215101.606871106,528,S6_worst_case_no_intervention,indonesia,USDC
580,0.7128801605037106,25559724.06669933,528,S6_worst_case_no_intervention,indonesia,USDC
581,0.7179187242913736,24920730.965031847,528,S6_worst_case_no_intervention,indonesia,USDC
582,0.7131236728108585,24297712.690906048,528,S6_worst_case_no_intervention,indonesia,USDC
583,0.7145534387729684,23690269.8736334,528,S6_worst_case_no_intervention,indonesia,USDC
584,0.7267625926617749,23098013.126792565,528,S6_worst_case_no_intervention,indonesia,USDC
585,0.7085781050120863,22520562.79862275,528,S6_worst_case_no_intervention,indonesia,USDC
586,0.7278427884738183,21957548.728657182,528,S6_worst_case_no_intervention,indonesia,USDC
587,0.7331254347830443,21408610.010440752,528,S6_worst_case_no_intervention,indonesia,USDC
588,0.7320460225068148,20873394.760179736,528,S6_worst_case_no_intervention,indonesia,USDC
589,0.7605501126765105,20351559.89117524,528,S6_worst_case_no_intervention,indonesia,USDC
590,0.7445511462123854,19842770.893895857,528,S6_worst_case_no_intervention,indonesia,USDC
591,0.7573462637132989,19346701.621548463,528,S6_worst_case_no_intervention,indonesia,USDC
592,0.747434759637825,18863034.081009753,528,S6_worst_case_no_intervention,indonesia,USDC
593,0.7371079643055004,18391458.228984505,528,S6_worst_case_no_intervention,indonesia,USDC
594,0.7452190417040986,17931671.773259893,528,S6_worst_case_no_intervention,indonesia,USDC
595,0.7668569937619408,17483379.978928395,528,S6_worst_case_no_intervention,indonesia,USDC
596,0.7445824885127555,17046295.479455184,528,S6_worst_case_no_intervention,indonesia,USDC
597,0.7473604404526364,16620138.092468806,528,S6_worst_case_no_intervention,indonesia,USDC
598,0.7732269512680965,16204634.640157085,528,S6_worst_case_no_intervention,indonesia,USDC
599,0.7698071022505646,15799518.774153158,528,S6_worst_case_no_intervention,indonesia,USDC
600,0.7981240846735652,15404530.804799328,528,S6_worst_case_no_intervention,indonesia,USDC
601,0.7753789264622748,15019417.534679346,528,S6_worst_case_no_intervention,indonesia,USDC
602,0.7763984171410566,14643932.096312363,528,S6_worst_case_no_intervention,indonesia,USDC
603,0.7751972892166068,14277833.793904554,528,S6_worst_case_no_intervention,indonesia,USDC
604,0.7724166159235548,13920887.949056938,528,S6_worst_case_no_intervention,indonesia,USDC
605,0.784773499813053,13572865.750330517,528,S6_worst_case_no_intervention,indonesia,USDC
606,0.778427248295823,13233544.106572254,528,S6_worst_case_no_intervention,indonesia,USDC
607,0.7765536192352139,12902705.503907947,528,S6_worst_case_no_intervention,indonesia,USDC
608,0.76520118956348,12580137.866310248,528,S6_worst_case_no_intervention,indonesia,USDC
609,0.7751399256793715,12265634.419652492,528,S6_worst_case_no_intervention,indonesia,USDC
610,0.7661568413525378,11958993.559161179,528,S6_worst_case_no_intervention,indonesia,USDC
611,0.7538217131397094,11660018.72018215,528,S6_worst_case_no_intervention,indonesia,USDC
612,0.7469417673512196,11368518.252177596,528,S6_worst_case_no_intervention,indonesia,USDC
613,0.7620873775040756,11084305.295873156,528,S6_worst_case_no_intervention,indonesia,USDC
614,0.7511811512981468,10807197.663476327,528,S6_worst_case_no_intervention,indonesia,USDC
615,0.7704678333953585,10537017.72188942,528,S6_worst_case_no_intervention,indonesia,USDC
616,0.7788310114494112,10273592.278842183,528,S6_worst_case_no_intervention,indonesia,USDC
617,0.7851686469861217,10016752.471871128,528,S6_worst_case_no_intervention,indonesia,USDC
618,0.7698114826109775,9766333.66007435,528,S6_worst_case_no_intervention,indonesia,USDC
619,0.7844853840733825,9522175.318572491,528,S6_worst_case_no_intervention,indonesia,USDC
620,0.7747814733471474,9284120.93560818,528,S6_worst_case_no_intervention,indonesia,USDC
621,0.7700791768779743,9052017.912217975,528,S6_worst_case_no_intervention,indonesia,USDC
622,0.8073837045638532,8825717.464412525,528,S6_worst_case_no_intervention,indonesia,USDC
623,0.7806304890921723,8605074.527802212,528,S6_worst_case_no_intervention,indonesia,USDC
624,0.8072232938043203,8389947.664607156,528,S6_worst_case_no_intervention,indonesia,USDC
625,0.8040952212166648,8180198.972991979,528,S6_worst_case_no_intervention,indonesia,USDC
626,0.7743478830905665,7975693.998667179,528,S6_worst_case_no_intervention,indonesia,USDC
627,0.7785338038602431,7776301.6487005,528,S6_worst_case_no_intervention,indonesia,USDC
628,0.7766085912539445,7581894.107482987,528,S6_worst_case_no_intervention,indonesia,USDC
629,0.7811194259427737,7392346.754795913,528,S6_worst_case_no_intervention,indonesia,USDC
630,0.7866105645394267,7207538.085926015,528,S6_worst_case_no_intervention,indonesia,USDC
631,0.7749610691811083,7027349.633777864,528,S6_worst_case_no_intervention,indonesia,USDC
632,0.7770601953992207,6851665.892933417,528,S6_worst_case_no_intervention,indonesia,USDC
633,0.8118191238161901,6680374.2456100825,528,S6_worst_case_no_intervention,indonesia,USDC
634,0.833974769481629,6513364.88946983,528,S6_worst_case_no_intervention,indonesia,USDC
635,0.8329174954410777,6350530.767233084,528,S6_worst_case_no_intervention,indonesia,USDC
636,0.8148177021565717,6191767.498052257,528,S6_worst_case_no_intervention,indonesia,USDC
637,0.8210962214246637,6036973.310600951,528,S6_worst_case_no_intervention,indonesia,USDC
638,0.8010098187741509,5886048.977835927,528,S6_worst_case_no_intervention,indonesia,USDC
639,0.8076168246071493,5738897.753390029,528,S6_worst_case_no_intervention,indonesia,USDC
640,0.8120785901094495,5595425.309555278,528,S6_worst_case_no_intervention,indonesia,USDC
641,0.7940784476476898,5455539.676816396,528,S6_worst_case_no_intervention,indonesia,USDC
642,0.8129410809512805,5319151.184895986,528,S6_worst_case_no_intervention,indonesia,USDC
643,0.845665104570122,5186172.4052735865,528,S6_worst_case_no_intervention,indonesia,USDC
644,0.8252228257977434,5056518.095141746,528,S6_worst_case_no_intervention,indonesia,USDC
645,0.843710253794389,4930105.142763203,528,S6_worst_case_no_intervention,indonesia,USDC
646,0.8308555516877982,4806852.514194123,528,S6_worst_case_no_intervention,indonesia,USDC
647,0.8145085263054104,4686681.20133927,528,S6_worst_case_no_intervention,indonesia,USDC
648,0.8234575976793559,4569514.171305789,528,S6_worst_case_no_intervention,indonesia,USDC
649,0.8037052678152175,4455276.317023143,528,S6_worst_case_no_intervention,indonesia,USDC
650,0.8072841543545829,4343894.409097564,528,S6_worst_case_no_intervention,indonesia,USDC
651,0.8180872899676873,4235297.048870126,528,S6_worst_case_no_intervention,indonesia,USDC
652,0.8384014211877149,4129414.6226483723,528,S6_worst_case_no_intervention,indonesia,USDC
653,0.7610768009811202,4026179.2570821634,528,S6_worst_case_no_intervention,indonesia,USDC
654,0.7535432180079208,3925524.775655109,528,S6_worst_case_no_intervention,indonesia,USDC
655,0.7577840112336852,3827386.6562637314,528,S6_worst_case_no_intervention,indonesia,USDC
656,0.7617164681711426,3731701.989857138,528,S6_worst_case_no_intervention,indonesia,USDC
657,0.7952264806871298,3638409.44011071,528,S6_worst_case_no_intervention,indonesia,USDC
658,0.7863491189332623,3547449.204107942,528,S6_worst_case_no_intervention,indonesia,USDC
659,0.7914621146030488,3458762.9740052437,528,S6_worst_case_no_intervention,indonesia,USDC
660,0.776212815436617,3372293.8996551125,528,S6_worst_case_no_intervention,indonesia,USDC
661,0.7852761855541899,3287986.552163735,528,S6_worst_case_no_intervention,indonesia,USDC
662,0.7972568412918468,3205786.8883596417,528,S6_worst_case_no_intervention,indonesia,USDC
663,0.7656391712151043,3125642.2161506508,528,S6_worst_case_no_intervention,indonesia,USDC
664,0.7759873242301805,3047501.1607468845,528,S6_worst_case_no_intervention,indonesia,USDC
665,0.7654584250828889,2971313.6317282123,528,S6_worst_case_no_intervention,indonesia,USDC
666,0.7516175218454183,2897030.790935007,528,S6_worst_case_no_intervention,indonesia,USDC
667,0.7537597812806662,2824605.0211616317,528,S6_worst_case_no_intervention,indonesia,USDC
668,0.761033194023945,2753989.895632591,528,S6_worst_case_no_intervention,indonesia,USDC
669,0.7734584420755086,2685140.148241776,528,S6_worst_case_no_intervention,indonesia,USDC
670,0.7660557612106048,2618011.6445357315,528,S6_worst_case_no_intervention,indonesia,USDC
671,0.7768438521449377,2552561.3534223386,528,S6_worst_case_no_intervention,indonesia,USDC
672,0.791451274050119,2488747.31958678,528,S6_worst_case_no_intervention,indonesia,USDC
673,0.7946358959760196,2426528.6365971104,528,S6_worst_case_no_intervention,indonesia,USDC
674,0.8116511926802604,2365865.420682183,528,S6_worst_case_no_intervention,indonesia,USDC
675,0.8162809486645808,2306718.7851651283,528,S6_worst_case_no_intervention,indonesia,USDC
676,0.7926361061527475,2249050.8155360003,528,S6_worst_case_no_intervention,indonesia,USDC
677,0.8052673418074748,2192824.5451475997,528,S6_worst_case_no_intervention,indonesia,USDC
678,0.7963964546056101,2138003.93151891,528,S6_worst_case_no_intervention,indonesia,USDC
679,0.8002621815401568,2084553.8332309374,528,S6_worst_case_no_intervention,indonesia,USDC
680,0.8172766707535212,2032439.987400164,528,S6_worst_case_no_intervention,indonesia,USDC
681,0.8014593672897642,1981628.98771516,528,S6_worst_case_no_intervention,indonesia,USDC
682,0.8097711081028222,1932088.2630222808,528,S6_worst_case_no_intervention,indonesia,USDC
683,0.7954075230618244,1883786.0564467239,528,S6_worst_case_no_intervention,indonesia,USDC
684,0.759975221960923,1836691.4050355558,528,S6_worst_case_no_intervention,indonesia,USDC
685,0.7890688834755076,1790774.1199096667,528,S6_worst_case_no_intervention,indonesia,USDC
686,0.7909534536976205,1746004.766911925,528,S6_worst_case_no_intervention,indonesia,USDC
687,0.7993137555026535,1702354.6477391268,528,S6_worst_case_no_intervention,indonesia,USDC
688,0.8186729003510127,1659795.7815456488,528,S6_worst_case_no_intervention,indonesia,USDC
689,0.8216739224352018,1618300.8870070074,528,S6_worst_case_no_intervention,indonesia,USDC
690,0.8244879737722162,1577843.3648318322,528,S6_worst_case_no_intervention,indonesia,USDC
691,0.8093488406079621,1538397.2807110364,528,S6_worst_case_no_intervention,indonesia,USDC
692,0.8061388943319845,1499937.3486932605,528,S6_worst_case_no_intervention,indonesia,USDC
693,0.806354782075417,1462438.9149759288,528,S6_worst_case_no_intervention,indonesia,USDC
694,0.8510231400473448,1425877.9421015307,528,S6_worst_case_no_intervention,indonesia,USDC
695,0.8520039303768614,1390230.9935489926,528,S6_worst_case_no_intervention,indonesia,USDC
696,0.8393076726113181,1355475.2187102677,528,S6_worst_case_no_intervention,indonesia,USDC
697,0.8427901846272668,1321588.3382425108,528,S6_worst_case_no_intervention,indonesia,USDC
698,0.8475486664687469,1288548.629786448,528,S6_worst_case_no_intervention,indonesia,USDC
699,0.8591699664619017,1256334.914041787,528,S6_worst_case_no_intervention,indonesia,USDC
700,0.8391550978361582,1224926.541190742,528,S6_worst_case_no_intervention,indonesia,USDC
701,0.8320237997320313,1194303.3776609737,528,S6_worst_case_no_intervention,indonesia,USDC
702,0.8177032776574115,1164445.7932194495,528,S6_worst_case_no_intervention,indonesia,USDC
703,0.8176885985260466,1135334.6483889632,528,S6_worst_case_no_intervention,indonesia,USDC
704,0.8177200632942266,1106951.282179239,528,S6_worst_case_no_intervention,indonesia,USDC
705,0.8200252095544291,1079277.500124758,528,S6_worst_case_no_intervention,indonesia,USDC
706,0.8093569349014412,1052295.562621639,528,S6_worst_case_no_intervention,indonesia,USDC
707,0.8075386954844017,1025988.1735560982,528,S6_worst_case_no_intervention,indonesia,USDC
708,0.8312538257935375,1000338.4692171958,528,S6_worst_case_no_intervention,indonesia,USDC
709,0.8405126417095709,975330.0074867657,528,S6_worst_case_no_intervention,indonesia,USDC
710,0.8211448782986345,950946.7572995967,528,S6_worst_case_no_intervention,indonesia,USDC
711,0.8135200704835746,927173.0883671069,528,S6_worst_case_no_intervention,indonesia,USDC
712,0.7097760604076065,903993.7611579292,528,S6_worst_case_no_intervention,indonesia,USDC
713,0.7265041101773358,881393.9171289809,528,S6_worst_case_no_intervention,indonesia,USDC
714,0.7329251267304878,859359.0692007563,528,S6_worst_case_no_intervention,indonesia,USDC
715,0.7541267130573889,837875.0924707375,528,S6_worst_case_no_intervention,indonesia,USDC
716,0.7475769790563025,816928.215158969,528,S6_worst_case_no_intervention,indonesia,USDC
717,0.7515243636835706,796505.0097799948,528,S6_worst_case_no_intervention,indonesia,USDC
718,0.7557442931498702,776592.384535495,528,S6_worst_case_no_intervention,indonesia,USDC
719,0.7581413079595771,757177.5749221076,528,S6_worst_case_no_intervention,indonesia,USDC
720,0.7874640027790315,738248.1355490548,528,S6_worst_case_no_intervention,indonesia,USDC
721,0.8004832862538603,719791.9321603285,528,S6_worst_case_no_intervention,indonesia,USDC
722,0.8092093661416103,701797.1338563203,528,S6_worst_case_no_intervention,indonesia,USDC
723,0.8245911652414178,684252.2055099122,528,S6_worst_case_no_intervention,indonesia,USDC
724,0.8112719175517615,667145.9003721644,528,S6_worst_case_no_intervention,indonesia,USDC
725,0.8045965752447558,650467.2528628603,528,S6_worst_case_no_intervention,indonesia,USDC
726,0.7997673835181822,634205.5715412889,528,S6_worst_case_no_intervention,indonesia,USDC
727,0.8001559626886262,618350.4322527566,528,S6_worst_case_no_intervention,indonesia,USDC
728,0.809681697307661,602891.6714464377,528,S6_worst_case_no_intervention,indonesia,USDC
729,0.8373650003185833,587819.3796602767,528,S6_worst_case_no_intervention,indonesia,USDC
730,0.8308742655781551,573123.8951687698,528,S6_worst_case_no_intervention,indonesia,USDC
731,0.8400984281311036,558795.7977895506,528,S6_worst_case_no_intervention,indonesia,USDC
732,0.8333950243845437,544825.9028448118,528,S6_worst_case_no_intervention,indonesia,USDC
733,0.8299342021688868,531205.2552736915,528,S6_worst_case_no_intervention,indonesia,USDC
734,0.8655741390305276,517925.1238918492,528,S6_worst_case_no_intervention,indonesia,USDC
735,0.8717040752088485,504976.99579455296,528,S6_worst_case_no_intervention,indonesia,USDC
736,0.8597415219068167,492352.5708996891,528,S6_worst_case_no_intervention,indonesia,USDC
737,0.8365740784220779,480043.7566271969,528,S6_worst_case_no_intervention,indonesia,USDC
738,0.8446790354177034,468042.66271151695,528,S6_worst_case_no_intervention,indonesia,USDC
739,0.8363870374679401,456341.59614372905,528,S6_worst_case_no_intervention,indonesia,USDC
740,0.8533758384020754,444933.0562401358,528,S6_worst_case_no_intervention,indonesia,USDC
741,0.8344958413138595,433809.72983413236,528,S6_worst_case_no_intervention,indonesia,USDC
742,0.8365058279770434,422964.48658827913,528,S6_worst_case_no_intervention,indonesia,USDC
743,0.8264598075976844,412390.3744235721,528,S6_worst_case_no_intervention,indonesia,USDC
744,0.8186893701840039,402080.6150629828,528,S6_worst_case_no_intervention,indonesia,USDC
745,0.8293800234226525,392028.59968640824,528,S6_worst_case_no_intervention,indonesia,USDC
746,0.8197412805438726,382227.88469424803,528,S6_worst_case_no_intervention,indonesia,USDC
747,0.812339442016911,372672.18757689185,528,S6_worst_case_no_intervention,indonesia,USDC
748,0.8239313806416199,363355.38288746955,528,S6_worst_case_no_intervention,indonesia,USDC
749,0.8162021170804531,354271.4983152828,528,S6_worst_case_no_intervention,indonesia,USDC
750,0.8256799242047632,345414.71085740067,528,S6_worst_case_no_intervention,indonesia,USDC
751,0.8465710944553186,336779.3430859657,528,S6_worst_case_no_intervention,indonesia,USDC
752,0.8336417038748654,328359.85950881656,528,S6_worst_case_no_intervention,indonesia,USDC
753,0.8388233401162695,320150.86302109616,528,S6_worst_case_no_intervention,indonesia,USDC
754,0.8251565811586765,312147.0914455687,528,S6_worst_case_no_intervention,indonesia,USDC
755,0.8410143435742595,304343.4141594295,528,S6_worst_case_no_intervention,indonesia,USDC
756,0.8185938555012225,296734.8288054438,528,S6_worst_case_no_intervention,indonesia,USDC
757,0.8390393581405087,289316.4580853077,528,S6_worst_case_no_intervention,indonesia,USDC
758,0.8364849710532722,282083.546633175,528,S6_worst_case_no_intervention,indonesia,USDC
759,0.8221902584776077,275031.45796734566,528,S6_worst_case_no_intervention,indonesia,USDC
760,0.8134904440115303,268155.671518162,528,S6_worst_case_no_intervention,indonesia,USDC
761,0.8118086644970874,261451.77973020793,528,S6_worst_case_no_intervention,indonesia,USDC
762,0.8109376311381226,254915.48523695272,528,S6_worst_case_no_intervention,indonesia,USDC
763,0.7771831157090435,248542.59810602892,528,S6_worst_case_no_intervention,indonesia,USDC
764,0.7946925478610932,242329.03315337817,528,S6_worst_case_no_intervention,indonesia,USDC
765,0.8024469194771573,236270.80732454374,528,S6_worst_case_no_intervention,indonesia,USDC
766,0.7983841597764032,230364.03714143013,528,S6_worst_case_no_intervention,indonesia,USDC
767,0.8192186805388879,224604.9362128944,528,S6_worst_case_no_intervention,indonesia,USDC
768,0.818843686007034,218989.81280757202,528,S6_worst_case_no_intervention,indonesia,USDC
769,0.8390000711502751,213515.0674873827,528,S6_worst_case_no_intervention,indonesia,USDC
770,0.8226684950363079,208177.19080019815,528,S6_worst_case_no_intervention,indonesia,USDC
771,0.8486045162089807,202972.76103019319,528,S6_worst_case_no_intervention,indonesia,USDC
772,0.8502312682601798,197898.44200443837,528,S6_worst_case_no_intervention,indonesia,USDC
773,0.8462154862097186,192950.98095432742,528,S6_worst_case_no_intervention,indonesia,USDC
774,0.8508743993142526,188127.20643046923,528,S6_worst_case_no_intervention,indonesia,USDC
775,0.8281235173492498,183424.0262697075,528,S6_worst_case_no_intervention,indonesia,USDC
776,0.8128981832873392,178838.4256129648,528,S6_worst_case_no_intervention,indonesia,USDC
777,0.7912535154520499,174367.4649726407,528,S6_worst_case_no_intervention,indonesia,USDC
778,0.8205379058926066,170008.27834832467,528,S6_worst_case_no_intervention,indonesia,USDC
779,0.8386828961937768,165758.07138961655,528,S6_worst_case_no_intervention,indonesia,USDC
780,0.8353542828363818,161614.11960487615,528,S6_worst_case_no_intervention,indonesia,USDC
781,0.8542095703990024,157573.76661475425,528,S6_worst_case_no_intervention,indonesia,USDC
782,0.8772938322244077,153634.42244938537,528,S6_worst_case_no_intervention,indonesia,USDC
783,0.8617443001424313,149793.56188815075,528,S6_worst_case_no_intervention,indonesia,USDC
784,0.8462071031896137,146048.72284094698,528,S6_worst_case_no_intervention,indonesia,USDC
785,0.8535352650649258,142397.50476992334,528,S6_worst_case_no_intervention,indonesia,USDC
786,0.8422358838054266,138837.56715067523,528,S6_worst_case_no_intervention,indonesia,USDC
787,0.8390508381371673,135366.62797190837,528,S6_worst_case_no_intervention,indonesia,USDC
788,0.861064219324907,131982.46227261063,528,S6_worst_case_no_intervention,indonesia,USDC
789,0.8430096654076272,128682.90071579537,528,S6_worst_case_no_intervention,indonesia,USDC
790,0.8413381812759242,125465.8281979005,528,S6_worst_case_no_intervention,indonesia,USDC
791,0.8202718238051274,122329.18249295298,528,S6_worst_case_no_intervention,indonesia,USDC
792,0.8074798846950637,119270.95293062915,528,S6_worst_case_no_intervention,indonesia,USDC
793,0.7907899713136296,116289.17910736344,528,S6_worst_case_no_intervention,indonesia,USDC
794,0.8046619968839136,113381.94962967935,528,S6_worst_case_no_intervention,indonesia,USDC
795,0.7811850294092407,110547.40088893738,528,S6_worst_case_no_intervention,indonesia,USDC
796,0.7641408856463849,107783.71586671393,528,S6_worst_case_no_intervention,indonesia,USDC
797,0.7526307164446657,105089.1229700461,528,S6_worst_case_no_intervention,indonesia,USDC
798,0.7608427450731392,102461.89489579495,528,S6_worst_case_no_intervention,indonesia,USDC
799,0.7322572984361045,99900.34752340007,528,S6_worst_case_no_intervention,indonesia,USDC
800,0.749860552934845,97402.83883531507,528,S6_worst_case_no_intervention,indonesia,USDC
801,0.7615081288661902,94967.76786443219,528,S6_worst_case_no_intervention,indonesia,USDC
802,0.7625136332593618,92593.57366782139,528,S6_worst_case_no_intervention,indonesia,USDC
803,0.7665149066394332,90278.73432612585,528,S6_worst_case_no_intervention,indonesia,USDC
804,0.7644938445704115,88021.7659679727,528,S6_worst_case_no_intervention,indonesia,USDC
805,0.7483174222076732,85821.2218187734,528,S6_worst_case_no_intervention,indonesia,USDC
806,0.7466547612530241,83675.69127330405,528,S6_worst_case_no_intervention,indonesia,USDC
807,0.7552745923255609,81583.79899147146,528,S6_worst_case_no_intervention,indonesia,USDC
808,0.7752187165694712,79544.20401668467,528,S6_worst_case_no_intervention,indonesia,USDC
809,0.7877735421227724,77555.59891626755,528,S6_worst_case_no_intervention,indonesia,USDC
810,0.7887470639900512,75616.70894336086,528,S6_worst_case_no_intervention,indonesia,USDC
811,0.7853930041305238,73726.29121977683,528,S6_worst_case_no_intervention,indonesia,USDC
812,0.786613798993003,71883.13393928242,528,S6_worst_case_no_intervention,indonesia,USDC
813,0.7675070716192754,70086.05559080036,528,S6_worst_case_no_intervention,indonesia,USDC
814,0.7723039161270548,68333.90420103035,528,S6_worst_case_no_intervention,indonesia,USDC
815,0.768278415603399,66625.5565960046,528,S6_worst_case_no_intervention,indonesia,USDC
816,0.7673151718320628,64959.917681104474,528,S6_worst_case_no_intervention,indonesia,USDC
817,0.7886836444965919,63335.91973907687,528,S6_worst_case_no_intervention,indonesia,USDC
818,0.7954864796798696,61752.521745599945,528,S6_worst_case_no_intervention,indonesia,USDC
819,0.7909296101873794,60208.70870195994,528,S6_worst_case_no_intervention,indonesia,USDC
820,0.8094291841098938,58703.49098441095,528,S6_worst_case_no_intervention,indonesia,USDC
821,0.809237398460151,57235.90370980067,528,S6_worst_case_no_intervention,indonesia,USDC
822,0.730321454574788,55805.00611705566,528,S6_worst_case_no_intervention,indonesia,USDC
823,0.743067909372263,54409.88096412927,528,S6_worst_case_no_intervention,indonesia,USDC
824,0.7639588773116697,53049.63394002603,528,S6_worst_case_no_intervention,indonesia,USDC
825,0.7919254675712297,51723.39309152538,528,S6_worst_case_no_intervention,indonesia,USDC
826,0.7888878640535358,50430.30826423725,528,S6_worst_case_no_intervention,indonesia,USDC
827,0.7688814841546205,49169.550557631315,528,S6_worst_case_no_intervention,indonesia,USDC
828,0.7921686872683109,47940.31179369053,528,S6_worst_case_no_intervention,indonesia,USDC
829,0.786252075493156,46741.80399884826,528,S6_worst_case_no_intervention,indonesia,USDC
830,0.799759792790549,45573.25889887706,528,S6_worst_case_no_intervention,indonesia,USDC
831,0.7858170176944863,44433.927426405135,528,S6_worst_case_no_intervention,indonesia,USDC
832,0.7880184399805092,43323.079240745,528,S6_worst_case_no_intervention,indonesia,USDC
833,0.7901049385457485,42240.002259726374,528,S6_worst_case_no_intervention,indonesia,USDC
834,0.799298418932405,41184.00220323322,528,S6_worst_case_no_intervention,indonesia,USDC
835,0.8128817728075917,40154.40214815238,528,S6_worst_case_no_intervention,indonesia,USDC
836,0.8176688144975309,39150.54209444858,528,S6_worst_case_no_intervention,indonesia,USDC
837,0.8118778621871606,38171.77854208736,528,S6_worst_case_no_intervention,indonesia,USDC
838,0.8265246131507427,37217.48407853518,528,S6_worst_case_no_intervention,indonesia,USDC
839,0.8082395003035602,36287.0469765718,528,S6_worst_case_no_intervention,indonesia,USDC
840,0.7952310495380565,35379.87080215751,528,S6_worst_case_no_intervention,indonesia,USDC
841,0.7909925665488093,34495.374032103566,528,S6_worst_case_no_intervention,indonesia,USDC
842,0.8185898291391422,33632.98968130098,528,S6_worst_case_no_intervention,indonesia,USDC
843,0.8227695314018075,32792.16493926845,528,S6_worst_case_no_intervention,indonesia,USDC
844,0.7948741524314965,31972.360815786742,528,S6_worst_case_no_intervention,indonesia,USDC
845,0.8053302661775638,31173.05179539207,528,S6_worst_case_no_intervention,indonesia,USDC
846,0.7855004230252997,30393.725500507273,528,S6_worst_case_no_intervention,indonesia,USDC
847,0.7680184356762009,29633.88236299459,528,S6_worst_case_no_intervention,indonesia,USDC
848,0.7803011049120802,28893.035303919725,528,S6_worst_case_no_intervention,indonesia,USDC
849,0.7719874314044872,28170.70942132173,528,S6_worst_case_no_intervention,indonesia,USDC
850,0.7843738097003167,27466.44168578869,528,S6_worst_case_no_intervention,indonesia,USDC
851,0.8011902666324571,26779.78064364397,528,S6_worst_case_no_intervention,indonesia,USDC
852,0.8220311297444649,26110.286127552878,528,S6_worst_case_no_intervention,indonesia,USDC
853,0.8245804305829209,25457.528974364053,528,S6_worst_case_no_intervention,indonesia,USDC
854,0.8258588219719127,24821.09075000495,528,S6_worst_case_no_intervention,indonesia,USDC
855,0.8041932980809158,24200.563481254827,528,S6_worst_case_no_intervention,indonesia,USDC
856,0.8007354627912324,23595.549394223453,528,S6_worst_case_no_intervention,indonesia,USDC
857,0.8015118846477305,23005.660659367866,528,S6_worst_case_no_intervention,indonesia,USDC
858,0.8036538787267881,22430.51914288367,528,S6_worst_case_no_intervention,indonesia,USDC
859,0.7911162339926954,21869.75616431158,528,S6_worst_case_no_intervention,indonesia,USDC
860,0.802040231166333,21323.012260203788,528,S6_worst_case_no_intervention,indonesia,USDC
861,0.7840598074614851,20789.936953698696,528,S6_worst_case_no_intervention,indonesia,USDC
862,0.7839369034673408,20270.188529856227,528,S6_worst_case_no_intervention,indonesia,USDC
863,0.7779706680326834,19763.433816609824,528,S6_worst_case_no_intervention,indonesia,USDC
864,0.767596230565148,19269.347971194577,528,S6_worst_case_no_intervention,indonesia,USDC
865,0.7656355124307683,18787.614271914714,528,S6_worst_case_no_intervention,indonesia,USDC
866,0.7695395386741458,18317.923915116844,528,S6_worst_case_no_intervention,indonesia,USDC
867,0.7638946231273371,17859.975817238923,528,S6_worst_case_no_intervention,indonesia,USDC
868,0.77643509234824,17413.47642180795,528,S6_worst_case_no_intervention,indonesia,USDC
869,0.7948275701978571,16978.139511262754,528,S6_worst_case_no_intervention,indonesia,USDC
870,0.7908832881200991,16553.686023481183,528,S6_worst_case_no_intervention,indonesia,USDC
871,0.8185058108188832,16139.843872894155,528,S6_worst_case_no_intervention,indonesia,USDC
872,0.8157594775335987,15736.347776071801,528,S6_worst_case_no_intervention,indonesia,USDC
873,0.8330704224676072,15342.939081670007,528,S6_worst_case_no_intervention,indonesia,USDC
874,0.8385304571107149,14959.365604628258,528,S6_worst_case_no_intervention,indonesia,USDC
875,0.8290171557436347,14585.38146451255,528,S6_worst_case_no_intervention,indonesia,USDC
876,0.7923991899689733,14220.746927899738,528,S6_worst_case_no_intervention,indonesia,USDC
877,0.7904096719443683,13865.228254702244,528,S6_worst_case_no_intervention,indonesia,USDC
878,0.7838273595563768,13518.597548334688,528,S6_worst_case_no_intervention,indonesia,USDC
879,0.7986517645767708,13180.632609626322,528,S6_worst_case_no_intervention,indonesia,USDC
880,0.7851631696761696,12851.116794385664,528,S6_worst_case_no_intervention,indonesia,USDC
881,0.7917425446766707,12529.838874526024,528,S6_worst_case_no_intervention,indonesia,USDC
882,0.7831938638355813,12216.592902662871,528,S6_worst_case_no_intervention,indonesia,USDC
883,0.7651518999869519,11911.178080096299,528,S6_worst_case_no_intervention,indonesia,USDC
884,0.7880400802080342,11613.398628093893,528,S6_worst_case_no_intervention,indonesia,USDC
885,0.7899342733794009,11323.063662391545,528,S6_worst_case_no_intervention,indonesia,USDC
886,0.7837990144232755,11039.987070831756,528,S6_worst_case_no_intervention,indonesia,USDC
887,0.7987776185416725,10763.987394060963,528,S6_worst_case_no_intervention,indonesia,USDC
888,0.8125922144528765,10494.887709209439,528,S6_worst_case_no_intervention,indonesia,USDC
889,0.8014635678123567,10232.515516479201,528,S6_worst_case_no_intervention,indonesia,USDC
890,0.8066160479664137,9976.702628567224,528,S6_worst_case_no_intervention,indonesia,USDC
891,0.8086063560347668,9727.285062853041,528,S6_worst_case_no_intervention,indonesia,USDC
892,0.8042978135605167,9484.102936281717,528,S6_worst_case_no_intervention,indonesia,USDC
893,0.8049112842193905,9247.000362874674,528,S6_worst_case_no_intervention,indonesia,USDC
894,0.8099432866439222,9015.825353802808,528,S6_worst_case_no_intervention,indonesia,USDC
895,0.815177663719174,8790.429719957738,528,S6_worst_case_no_intervention,indonesia,USDC
896,0.7792476439380647,8570.668976958792,528,S6_worst_case_no_intervention,indonesia,USDC
897,0.7799989137416687,8356.402252534823,528,S6_worst_case_no_intervention,indonesia,USDC
898,0.8018363288330815,8147.492196221452,528,S6_worst_case_no_intervention,indonesia,USDC
899,0.8066378632658014,7943.804891315916,528,S6_worst_case_no_intervention,indonesia,USDC
900,0.7797718595137393,7745.209769033018,528,S6_worst_case_no_intervention,indonesia,USDC
901,0.8156205943367926,7551.579524807193,528,S6_worst_case_no_intervention,indonesia,USDC
902,0.8084021097482914,7362.790036687013,528,S6_worst_case_no_intervention,indonesia,USDC
903,0.8234028267846072,7178.720285769837,528,S6_worst_case_no_intervention,indonesia,USDC
904,0.7898740319402308,6999.25227862559,528,S6_worst_case_no_intervention,indonesia,USDC
905,0.7940846344829151,6824.270971659951,528,S6_worst_case_no_intervention,indonesia,USDC
906,0.7972702859342345,6653.664197368453,528,S6_worst_case_no_intervention,indonesia,USDC
907,0.8030305770090088,6487.322592434241,528,S6_worst_case_no_intervention,indonesia,USDC
908,0.8145899850745008,6325.139527623385,528,S6_worst_case_no_intervention,indonesia,USDC
909,0.7999294129436267,6167.0110394328,528,S6_worst_case_no_intervention,indonesia,USDC
910,0.7943633275740223,6012.83576344698,528,S6_worst_case_no_intervention,indonesia,USDC
911,0.800184668658348,5862.514869360806,528,S6_worst_case_no_intervention,indonesia,USDC
912,0.793300160029967,5715.951997626787,528,S6_worst_case_no_intervention,indonesia,USDC
913,0.8042951008717973,5573.053197686117,528,S6_worst_case_no_intervention,indonesia,USDC
914,0.8268082782727095,5433.726867743963,528,S6_worst_case_no_intervention,indonesia,USDC
915,0.8117998714092771,5297.883696050364,528,S6_worst_case_no_intervention,indonesia,USDC
916,0.7961517577124613,5165.436603649105,528,S6_worst_case_no_intervention,indonesia,USDC
917,0.7923247522873774,5036.300688557878,528,S6_worst_case_no_intervention,indonesia,USDC
918,0.7158350122474871,4910.393171343931,528,S6_worst_case_no_intervention,indonesia,USDC
919,0.7160184877364473,4787.633342060332,528,S6_worst_case_no_intervention,indonesia,USDC
920,0.7135403145640156,4667.942508508824,528,S6_worst_case_no_intervention,indonesia,USDC
921,0.7401261034014323,4551.243945796103,528,S6_worst_case_no_intervention,indonesia,USDC
922,0.7455434700649388,4437.462847151201,528,S6_worst_case_no_intervention,indonesia,USDC
923,0.7592194942038669,4326.526275972421,528,S6_worst_case_no_intervention,indonesia,USDC
924,0.7330834554147422,4218.36311907311,528,S6_worst_case_no_intervention,indonesia,USDC
925,0.7196830906778765,4112.9040410962825,528,S6_worst_case_no_intervention,indonesia,USDC
926,0.7334389838178165,4010.0814400688755,528,S6_worst_case_no_intervention,indonesia,USDC
927,0.771698619324994,3909.8294040671535,528,S6_worst_case_no_intervention,indonesia,USDC
928,0.7742964917464648,3812.0836689654743,528,S6_worst_case_no_intervention,indonesia,USDC
929,0.7763605566428589,3716.781577241338,528,S6_worst_case_no_intervention,indonesia,USDC
930,0.7973574574406461,3623.8620378103046,528,S6_worst_case_no_intervention,indonesia,USDC
931,0.8019778664877721,3533.265486865047,528,S6_worst_case_no_intervention,indonesia,USDC
932,0.7936817793017218,3444.9338496934206,528,S6_worst_case_no_intervention,indonesia,USDC
933,0.7889423923467799,3358.810503451085,528,S6_worst_case_no_intervention,indonesia,USDC
934,0.7970136101418337,3274.840240864808,528,S6_worst_case_no_intervention,indonesia,USDC
935,0.8112513701245228,3192.9692348431877,528,S6_worst_case_no_intervention,indonesia,USDC
936,0.8095927071921841,3113.1450039721076,528,S6_worst_case_no_intervention,indonesia,USDC
937,0.812759009336984,3035.316378872805,528,S6_worst_case_no_intervention,indonesia,USDC
938,0.8236300829457959,2959.433469400985,528,S6_worst_case_no_intervention,indonesia,USDC
939,0.8398478259474181,2885.4476326659606,528,S6_worst_case_no_intervention,indonesia,USDC
940,0.8319156640170208,2813.3114418493114,528,S6_worst_case_no_intervention,indonesia,USDC
941,0.8442930024782991,2742.9786558030787,528,S6_worst_case_no_intervention,indonesia,USDC
942,0.8430793263321906,2674.404189408002,528,S6_worst_case_no_intervention,indonesia,USDC
943,0.8308713510157577,2607.5440846728015,528,S6_worst_case_no_intervention,indonesia,USDC
944,0.8326967672184079,2542.3554825559813,528,S6_worst_case_no_intervention,indonesia,USDC
945,0.8159864089843946,2478.7965954920824,528,S6_worst_case_no_intervention,indonesia,USDC
946,0.8109378250415751,2416.82668060478,528,S6_worst_case_no_intervention,indonesia,USDC
947,0.8145543209078282,2356.4060135896602,528,S6_worst_case_no_intervention,indonesia,USDC
948,0.8190364600976924,2297.4958632499192,528,S6_worst_case_no_intervention,indonesia,USDC
949,0.8223322747395532,2240.058466668671,528,S6_worst_case_no_intervention,indonesia,USDC
950,0.8143036939692231,2184.057005001954,528,S6_worst_case_no_intervention,indonesia,USDC
951,0.8125854419442259,2129.4555798769056,528,S6_worst_case_no_intervention,indonesia,USDC
952,0.8324630369536362,2076.2191903799826,528,S6_worst_case_no_intervention,indonesia,USDC
953,0.8206554139498223,2024.313710620483,528,S6_worst_case_no_intervention,indonesia,USDC
954,0.8121538300348222,1973.705867854971,528,S6_worst_case_no_intervention,indonesia,USDC
955,0.8231783635386796,1924.3632211585968,528,S6_worst_case_no_intervention,indonesia,USDC
956,0.8031198000029683,1876.2541406296318,528,S6_worst_case_no_intervention,indonesia,USDC
957,0.8117231101906279,1829.3477871138907,528,S6_worst_case_no_intervention,indonesia,USDC
958,0.8094112235695641,1783.6140924360438,528,S6_worst_case_no_intervention,indonesia,USDC
959,0.7886253563305328,1739.0237401251427,528,S6_worst_case_no_intervention,indonesia,USDC
960,0.7853330455654244,1695.548146622014,528,S6_worst_case_no_intervention,indonesia,USDC
961,0.7968794592589954,1653.1594429564636,528,S6_worst_case_no_intervention,indonesia,USDC
962,0.7917418793096467,1611.8304568825522,528,S6_worst_case_no_intervention,indonesia,USDC
963,0.7857326699366588,1571.5346954604884,528,S6_worst_case_no_intervention,indonesia,USDC
964,0.7878311853009867,1532.2463280739762,528,S6_worst_case_no_intervention,indonesia,USDC
965,0.8118702584339076,1493.940169872127,528,S6_worst_case_no_intervention,indonesia,USDC
966,0.8145569072984352,1456.5916656253237,528,S6_worst_case_no_intervention,indonesia,USDC
967,0.7744282701417954,1420.1768739846907,528,S6_worst_case_no_intervention,indonesia,USDC
968,0.7899550101123733,1384.6724521350734,528,S6_worst_case_no_intervention,indonesia,USDC
969,0.7944999998890487,1350.0556408316966,528,S6_worst_case_no_intervention,indonesia,USDC
970,0.7922408728765125,1316.304249810904,528,S6_worst_case_no_intervention,indonesia,USDC
971,0.7808533596329478,1283.3966435656316,528,S6_worst_case_no_intervention,indonesia,USDC
972,0.7660934644863846,1251.3117274764907,528,S6_worst_case_no_intervention,indonesia,USDC
973,0.797722371336742,1220.0289342895785,528,S6_worst_case_no_intervention,indonesia,USDC
974,0.7999640068880227,1189.5282109323389,528,S6_worst_case_no_intervention,indonesia,USDC
975,0.8037969178864198,1159.7900056590304,528,S6_worst_case_no_intervention,indonesia,USDC
976,0.7810885173834327,1130.7952555175548,528,S6_worst_case_no_intervention,indonesia,USDC
977,0.8191830231514646,1102.525374129616,528,S6_worst_case_no_intervention,indonesia,USDC
978,0.810741879765391,1074.9622397763756,528,S6_worst_case_no_intervention,indonesia,USDC
979,0.7783060606564077,1048.088183781966,528,S6_worst_case_no_intervention,indonesia,USDC
980,0.7905506481392107,1021.885979187417,528,S6_worst_case_no_intervention,indonesia,USDC
981,0.7635844619278491,996.3388297077315,528,S6_worst_case_no_intervention,indonesia,USDC
982,0.7408873792797005,971.4303589650381,528,S6_worst_case_no_intervention,indonesia,USDC
983,0.7433396609654753,947.1445999909122,528,S6_worst_case_no_intervention,indonesia,USDC
984,0.7495691781347941,923.4659849911394,528,S6_worst_case_no_intervention,indonesia,USDC
985,0.762881487035863,900.3793353663609,528,S6_worst_case_no_intervention,indonesia,USDC
986,0.7936817818790526,877.8698519822021,528,S6_worst_case_no_intervention,indonesia,USDC
987,0.7807230951153068,855.923105682647,528,S6_worst_case_no_intervention,indonesia,USDC
988,0.759621236112921,834.5250280405808,528,S6_worst_case_no_intervention,indonesia,USDC
989,0.751341625615703,813.6619023395663,528,S6_worst_case_no_intervention,indonesia,USDC
990,0.7619088975075021,793.320354781077,528,S6_worst_case_no_intervention,indonesia,USDC
991,0.7668948272726995,773.4873459115502,528,S6_worst_case_no_intervention,indonesia,USDC
992,0.7679414848621402,754.1501622637613,528,S6_worst_case_no_intervention,indonesia,USDC
993,0.7708741274930839,735.2964082071672,528,S6_worst_case_no_intervention,indonesia,USDC
994,0.7592335830856256,716.9139980019881,528,S6_worst_case_no_intervention,indonesia,USDC
995,0.7436858557805807,698.9911480519384,528,S6_worst_case_no_intervention,indonesia,USDC
996,0.7432507596156352,681.5163693506399,528,S6_worst_case_no_intervention,indonesia,USDC
997,0.7584674674640647,664.478460116874,528,S6_worst_case_no_intervention,indonesia,USDC
998,0.7634350822978689,647.866498613952,528,S6_worst_case_no_intervention,indonesia,USDC
999,0.7941262362683391,631.6698361486033,528,S6_worst_case_no_intervention,indonesia,USDC
1000,0.7878049082957481,615.8780902448882,528,S6_worst_case_no_intervention,indonesia,USDC
