Step,price,liquidity,iteration,scenario,region,coin
1,0.9637704436898958,2989019639391.8633,472,S6_worst_case_no_intervention,indonesia,USDC
2,0.985175053028468,2988643643526.37,472,S6_worst_case_no_intervention,indonesia,USDC
3,0.9951908112563865,2988643643526.37,472,S6_worst_case_no_intervention,indonesia,USDC
4,0.9829848927554097,2988643643526.37,472,S6_worst_case_no_intervention,indonesia,USDC
5,0.9885791520335618,2988643643526.37,472,S6_worst_case_no_intervention,indonesia,USDC
6,0.9957720276425026,2988643643526.37,472,S6_worst_case_no_intervention,indonesia,USDC
7,0.9930972966643035,2988643643526.37,472,S6_worst_case_no_intervention,indonesia,USDC
8,0.990333371565453,2988643643526.37,472,S6_worst_case_no_intervention,indonesia,USDC
9,1.0094147053765754,2988643643526.37,472,S6_worst_case_no_intervention,indonesia,USDC
10,1.022859738241897,2988643643526.37,472,S6_worst_case_no_intervention,indonesia,USDC
11,1.0502411323651197,2988643643526.37,472,S6_worst_case_no_intervention,indonesia,USDC
12,1.0732136716117777,2988643643526.37,472,S6_worst_case_no_intervention,indonesia,USDC
13,1.0818991438014547,2988643643526.37,472,S6_worst_case_no_intervention,indonesia,USDC
14,1.0350100719677036,2988643643526.37,472,S6_worst_case_no_intervention,indonesia,USDC
15,1.0540785451369339,2988643643526.37,472,S6_worst_case_no_intervention,indonesia,USDC
16,1.0206615831838026,2988643643526.37,472,S6_worst_case_no_intervention,indonesia,USDC
17,1.0160208368786732,2988643643526.37,472,S6_worst_case_no_intervention,indonesia,USDC
18,0.9883240551287986,2988643643526.37,472,S6_worst_case_no_intervention,indonesia,USDC
19,0.9633294458766133,2988643643526.37,472,S6_worst_case_no_intervention,indonesia,USDC
20,0.9522267747829191,2988244669240.783,472,S6_worst_case_no_intervention,indonesia,USDC
21,0.9527691933430921,2987188630954.215,472,S6_worst_case_no_intervention,indonesia,USDC
22,0.8941215133785121,2986198778089.215,472,S6_worst_case_no_intervention,indonesia,USDC
23,0.9085401019937638,2981758606137.675,472,S6_worst_case_no_intervention,indonesia,USDC
24,0.9260908522619016,2978471840302.1855,472,S6_worst_case_no_intervention,indonesia,USDC
25,0.9224375199918157,2976298421841.744,472,S6_worst_case_no_intervention,indonesia,USDC
26,0.9483219597210794,2973980178393.204,472,S6_worst_case_no_intervention,indonesia,USDC
27,0.9448466109413646,2973005082252.719,472,S6_worst_case_no_intervention,indonesia,USDC
28,0.952207960335726,2971912258816.9697,472,S6_worst_case_no_intervention,indonesia,USDC
29,0.9747290264942257,2971153180066.987,472,S6_worst_case_no_intervention,indonesia,USDC
30,0.9878363643895596,2971153180066.987,472,S6_worst_case_no_intervention,indonesia,USDC
31,0.9965724162175376,2971153180066.987,472,S6_worst_case_no_intervention,indonesia,USDC
32,0.9870951335581303,2971153180066.987,472,S6_worst_case_no_intervention,indonesia,USDC
33,0.9842244417612637,2971153180066.987,472,S6_worst_case_no_intervention,indonesia,USDC
34,0.9605159405844311,2971153180066.987,472,S6_worst_case_no_intervention,indonesia,USDC
35,0.9756592795060507,2970741224393.6353,472,S6_worst_case_no_intervention,indonesia,USDC
36,0.9440605591931543,2970741224393.6353,472,S6_worst_case_no_intervention,indonesia,USDC
37,0.9551473873072073,2969658399536.816,472,S6_worst_case_no_intervention,indonesia,USDC
38,0.9608556808705906,2969036139985.5293,472,S6_worst_case_no_intervention,indonesia,USDC
39,0.9619207731111337,2968658899107.312,472,S6_worst_case_no_intervention,indonesia,USDC
40,0.9723359851442185,2968351537102.3506,472,S6_worst_case_no_intervention,indonesia,USDC
41,1.0065685189559608,2968351537102.3506,472,S6_worst_case_no_intervention,indonesia,USDC
42,1.0231215153017976,2968351537102.3506,472,S6_worst_case_no_intervention,indonesia,USDC
43,1.0562022431649816,2968351537102.3506,472,S6_worst_case_no_intervention,indonesia,USDC
44,1.086706608679671,2968351537102.3506,472,S6_worst_case_no_intervention,indonesia,USDC
45,1.0587638920279585,2968351537102.3506,472,S6_worst_case_no_intervention,indonesia,USDC
46,1.0818684131760286,2968351537102.3506,472,S6_worst_case_no_intervention,indonesia,USDC
47,1.0784034714014048,2968351537102.3506,472,S6_worst_case_no_intervention,indonesia,USDC
48,1.067735195647948,2968351537102.3506,472,S6_worst_case_no_intervention,indonesia,USDC
49,1.0511063931886284,2968351537102.3506,472,S6_worst_case_no_intervention,indonesia,USDC
50,1.035925143288419,2968351537102.3506,472,S6_worst_case_no_intervention,indonesia,USDC
51,1.030623180604749,2968351537102.3506,472,S6_worst_case_no_intervention,indonesia,USDC
52,1.0350476646435178,2968351537102.3506,472,S6_worst_case_no_intervention,indonesia,USDC
53,1.0214515593125097,2968351537102.3506,472,S6_worst_case_no_intervention,indonesia,USDC
54,1.0572842386481118,2968351537102.3506,472,S6_worst_case_no_intervention,indonesia,USDC
55,1.083151163110163,2968351537102.3506,472,S6_worst_case_no_intervention,indonesia,USDC
56,1.1029567928303725,2968351537102.3506,472,S6_worst_case_no_intervention,indonesia,USDC
57,1.0875744443083817,2968351537102.3506,472,S6_worst_case_no_intervention,indonesia,USDC
58,1.0552051752449736,2968351537102.3506,472,S6_worst_case_no_intervention,indonesia,USDC
59,1.0569126103642041,2968351537102.3506,472,S6_worst_case_no_intervention,indonesia,USDC
60,1.0365604451150934,2968351537102.3506,472,S6_worst_case_no_intervention,indonesia,USDC
61,1.025787883138202,2968351537102.3506,472,S6_worst_case_no_intervention,indonesia,USDC
62,1.0482142637014973,2968351537102.3506,472,S6_worst_case_no_intervention,indonesia,USDC
63,1.0325992093341505,2968351537102.3506,472,S6_worst_case_no_intervention,indonesia,USDC
64,1.009440563584645,2968351537102.3506,472,S6_worst_case_no_intervention,indonesia,USDC
65,1.02821396805738,2968351537102.3506,472,S6_worst_case_no_intervention,indonesia,USDC
66,0.8992416870243408,2968351537102.3506,472,S6_worst_case_no_intervention,indonesia,USDC
67,0.9233271412988535,2965535786851.0884,472,S6_worst_case_no_intervention,indonesia,USDC
68,0.9521447331329121,2963818486908.354,472,S6_worst_case_no_intervention,indonesia,USDC
69,0.9719185390296071,2963177927414.4634,472,S6_worst_case_no_intervention,indonesia,USDC
70,0.9852800637499672,2963177927414.4634,472,S6_worst_case_no_intervention,indonesia,USDC
71,0.9912269069298238,2963177927414.4634,472,S6_worst_case_no_intervention,indonesia,USDC
72,0.9956091802374564,2963177927414.4634,472,S6_worst_case_no_intervention,indonesia,USDC
73,0.9808074903673525,2963177927414.4634,472,S6_worst_case_no_intervention,indonesia,USDC
74,0.9754353656710156,2963177927414.4634,472,S6_worst_case_no_intervention,indonesia,USDC
75,0.981692469694192,2963177927414.4634,472,S6_worst_case_no_intervention,indonesia,USDC
76,0.9947198138502706,2963177927414.4634,472,S6_worst_case_no_intervention,indonesia,USDC
77,0.9919337867137002,2963177927414.4634,472,S6_worst_case_no_intervention,indonesia,USDC
78,1.010893518010999,2963177927414.4634,472,S6_worst_case_no_intervention,indonesia,USDC
79,0.9982566776030807,2963177927414.4634,472,S6_worst_case_no_intervention,indonesia,USDC
80,0.9913611833196657,2963177927414.4634,472,S6_worst_case_no_intervention,indonesia,USDC
81,0.9712617964322945,2963177927414.4634,472,S6_worst_case_no_intervention,indonesia,USDC
82,0.9785434178567891,2963177927414.4634,472,S6_worst_case_no_intervention,indonesia,USDC
83,1.0042737745407266,2963177927414.4634,472,S6_worst_case_no_intervention,indonesia,USDC
84,0.9895483741502245,2963177927414.4634,472,S6_worst_case_no_intervention,indonesia,USDC
85,0.9939432739907451,2963177927414.4634,472,S6_worst_case_no_intervention,indonesia,USDC
86,0.9768968888207654,2963177927414.4634,472,S6_worst_case_no_intervention,indonesia,USDC
87,0.9723657646731847,2963177927414.4634,472,S6_worst_case_no_intervention,indonesia,USDC
88,0.9619248931642584,2963177927414.4634,472,S6_worst_case_no_intervention,indonesia,USDC
89,0.9716249395795191,2962913090879.071,472,S6_worst_case_no_intervention,indonesia,USDC
90,0.9660731607859203,2962913090879.071,472,S6_worst_case_no_intervention,indonesia,USDC
91,0.993992455981051,2962828847511.6885,472,S6_worst_case_no_intervention,indonesia,USDC
92,0.9962765327524573,2962828847511.6885,472,S6_worst_case_no_intervention,indonesia,USDC
93,0.9923253501162329,2962828847511.6885,472,S6_worst_case_no_intervention,indonesia,USDC
94,1.0190336958613762,2962828847511.6885,472,S6_worst_case_no_intervention,indonesia,USDC
95,1.0135755018840038,2962828847511.6885,472,S6_worst_case_no_intervention,indonesia,USDC
96,0.9842573113724802,2962828847511.6885,472,S6_worst_case_no_intervention,indonesia,USDC
97,0.9479745925772239,2962828847511.6885,472,S6_worst_case_no_intervention,indonesia,USDC
98,0.9717540291856367,2962061155157.585,472,S6_worst_case_no_intervention,indonesia,USDC
99,0.9769336442815147,2962061155157.585,472,S6_worst_case_no_intervention,indonesia,USDC
100,0.978124978208395,2962061155157.585,472,S6_worst_case_no_intervention,indonesia,USDC
101,0.8326738492375669,2962061155157.585,472,S6_worst_case_no_intervention,indonesia,USDC
102,0.8505807745086559,2957383357038.551,472,S6_worst_case_no_intervention,indonesia,USDC
103,0.8365062909362018,2954109883886.7144,472,S6_worst_case_no_intervention,indonesia,USDC
104,0.8648050094725542,2950727588053.399,472,S6_worst_case_no_intervention,indonesia,USDC
105,0.8822569892070339,2948524673457.3813,472,S6_worst_case_no_intervention,indonesia,USDC
106,0.8940974814379404,2946878692691.708,472,S6_worst_case_no_intervention,indonesia,USDC
107,0.91610601464891,2945578712085.0967,472,S6_worst_case_no_intervention,indonesia,USDC
108,0.898702581953525,2944658676599.368,472,S6_worst_case_no_intervention,indonesia,USDC
109,0.8910123477453347,2943590827868.301,472,S6_worst_case_no_intervention,indonesia,USDC
110,0.8981810220641533,2942431473889.661,472,S6_worst_case_no_intervention,indonesia,USDC
111,0.872974690006103,2941438459203.1904,472,S6_worst_case_no_intervention,indonesia,USDC
112,0.8911006522899746,2940196253180.559,472,S6_worst_case_no_intervention,indonesia,USDC
113,0.8979299278975839,2939308218162.4907,472,S6_worst_case_no_intervention,indonesia,USDC
114,0.9147215872173325,2938561800456.5576,472,S6_worst_case_no_intervention,indonesia,USDC
115,0.9216513511910288,2938046136842.129,472,S6_worst_case_no_intervention,indonesia,USDC
116,0.9495738272537044,2937596220393.4717,472,S6_worst_case_no_intervention,indonesia,USDC
117,0.9120772599802747,2937430450420.046,472,S6_worst_case_no_intervention,indonesia,USDC
118,0.9064658672077438,2936928205862.788,472,S6_worst_case_no_intervention,indonesia,USDC
119,0.9356537303223847,2936448331773.0605,472,S6_worst_case_no_intervention,indonesia,USDC
120,0.9157851333876342,2936193521350.945,472,S6_worst_case_no_intervention,indonesia,USDC
121,0.8777030169780867,2862418140559.527,472,S6_worst_case_no_intervention,indonesia,USDC
122,0.8642775932173301,2790255071484.1963,472,S6_worst_case_no_intervention,indonesia,USDC
123,0.8329215007355377,2719842411784.3516,472,S6_worst_case_no_intervention,indonesia,USDC
124,0.8266487875706037,2651118853370.789,472,S6_worst_case_no_intervention,indonesia,USDC
125,0.8518585704224678,2584196955948.322,472,S6_worst_case_no_intervention,indonesia,USDC
126,0.826169733943051,2519126078466.834,472,S6_worst_case_no_intervention,indonesia,USDC
127,0.8229828651757514,2455635528650.352,472,S6_worst_case_no_intervention,indonesia,USDC
128,0.8593574119771485,2393796993342.5264,472,S6_worst_case_no_intervention,indonesia,USDC
129,0.8620808191466298,2333659188345.848,472,S6_worst_case_no_intervention,indonesia,USDC
130,0.8604317039326609,2275080794520.259,472,S6_worst_case_no_intervention,indonesia,USDC
131,0.8716876256877046,2217988243188.4004,472,S6_worst_case_no_intervention,indonesia,USDC
132,0.8832549757401285,2162357753704.5366,472,S6_worst_case_no_intervention,indonesia,USDC
133,0.9087756995019487,2108155282331.8745,472,S6_worst_case_no_intervention,indonesia,USDC
134,0.907155652981558,2055359142940.9531,472,S6_worst_case_no_intervention,indonesia,USDC
135,0.9136369560595488,2003888578865.2612,472,S6_worst_case_no_intervention,indonesia,USDC
136,0.916339784143115,1953720583800.9912,472,S6_worst_case_no_intervention,indonesia,USDC
137,0.8904076982792435,1904808507355.7627,472,S6_worst_case_no_intervention,indonesia,USDC
138,0.8870919991993717,1857098186711.5742,472,S6_worst_case_no_intervention,indonesia,USDC
139,0.8797046544756721,1810577632254.6682,472,S6_worst_case_no_intervention,indonesia,USDC
140,0.890105767544485,1765222485621.768,472,S6_worst_case_no_intervention,indonesia,USDC
141,0.8697361366255293,1721019034595.1865,472,S6_worst_case_no_intervention,indonesia,USDC
142,0.8656923264573749,1677909349554.394,472,S6_worst_case_no_intervention,indonesia,USDC
143,0.842104594468367,1635881144344.0723,472,S6_worst_case_no_intervention,indonesia,USDC
144,0.8397043495840886,1594897845183.3662,472,S6_worst_case_no_intervention,indonesia,USDC
145,0.8461064740313123,1554952081548.1367,472,S6_worst_case_no_intervention,indonesia,USDC
146,0.8495614007764064,1516014722265.3086,472,S6_worst_case_no_intervention,indonesia,USDC
147,0.8511279863410341,1478062584759.6787,472,S6_worst_case_no_intervention,indonesia,USDC
148,0.864035059138087,1441063889819.9443,472,S6_worst_case_no_intervention,indonesia,USDC
149,0.8339158659309518,1405000311836.7534,472,S6_worst_case_no_intervention,indonesia,USDC
150,0.7998677082424228,1369834619957.5625,472,S6_worst_case_no_intervention,indonesia,USDC
151,0.7623220809158842,1335542664988.1875,472,S6_worst_case_no_intervention,indonesia,USDC
152,0.7599241215923663,1302106553713.5063,472,S6_worst_case_no_intervention,indonesia,USDC
153,0.7772094266597069,1269516093135.7974,472,S6_worst_case_no_intervention,indonesia,USDC
154,0.776238509268168,1237751529325.2734,472,S6_worst_case_no_intervention,indonesia,USDC
155,0.7605463542820284,1206786608734.0068,472,S6_worst_case_no_intervention,indonesia,USDC
156,0.7753867070467774,1176598460661.753,472,S6_worst_case_no_intervention,indonesia,USDC
157,0.7790259353472746,1147169364917.443,472,S6_worst_case_no_intervention,indonesia,USDC
158,0.7614155444938413,1118479685069.5808,472,S6_worst_case_no_intervention,indonesia,USDC
159,0.775575107085811,1090507829590.9336,472,S6_worst_case_no_intervention,indonesia,USDC
160,0.7951442898255611,1063238197610.2454,472,S6_worst_case_no_intervention,indonesia,USDC
161,0.7917331142507618,1036652309562.6892,472,S6_worst_case_no_intervention,indonesia,USDC
162,0.7736532214946086,1010731741487.7086,472,S6_worst_case_no_intervention,indonesia,USDC
163,0.7841460101951964,985459424776.4414,472,S6_worst_case_no_intervention,indonesia,USDC
164,0.7670596645306162,960820078210.2896,472,S6_worst_case_no_intervention,indonesia,USDC
165,0.7777586208096157,936796858252.0237,472,S6_worst_case_no_intervention,indonesia,USDC
166,0.7928570779351852,913374940323.6216,472,S6_worst_case_no_intervention,indonesia,USDC
167,0.7796008514585426,890539113458.8865,472,S6_worst_case_no_intervention,indonesia,USDC
168,0.786994867676269,868274296254.9644,472,S6_worst_case_no_intervention,indonesia,USDC
169,0.8038622146475233,846566424588.6746,472,S6_worst_case_no_intervention,indonesia,USDC
170,0.8411595181650056,825401528251.0571,472,S6_worst_case_no_intervention,indonesia,USDC
171,0.8425672992715881,804766004348.0139,472,S6_worst_case_no_intervention,indonesia,USDC
172,0.8306114846213902,784646445427.3242,472,S6_worst_case_no_intervention,indonesia,USDC
173,0.8311657428722872,765029884747.0106,472,S6_worst_case_no_intervention,indonesia,USDC
174,0.842079546517248,745903788383.6075,472,S6_worst_case_no_intervention,indonesia,USDC
175,0.8325771361240721,727255917940.7867,472,S6_worst_case_no_intervention,indonesia,USDC
176,0.8582264606470313,709074268252.097,472,S6_worst_case_no_intervention,indonesia,USDC
177,0.8658952659169171,691347231398.3239,472,S6_worst_case_no_intervention,indonesia,USDC
178,0.8427473603865239,674063402160.081,472,S6_worst_case_no_intervention,indonesia,USDC
179,0.8354019358388636,657211655119.2279,472,S6_worst_case_no_intervention,indonesia,USDC
180,0.8413881875593261,640781223983.3701,472,S6_worst_case_no_intervention,indonesia,USDC
181,0.8416449339893344,624761569674.9512,472,S6_worst_case_no_intervention,indonesia,USDC
182,0.8482212890235923,609142423340.9495,472,S6_worst_case_no_intervention,indonesia,USDC
183,0.8402852621298825,593913776450.4711,472,S6_worst_case_no_intervention,indonesia,USDC
184,0.8214111914528935,579065851433.1716,472,S6_worst_case_no_intervention,indonesia,USDC
185,0.8310187049384716,564589123146.6299,472,S6_worst_case_no_intervention,indonesia,USDC
186,0.8233008118838789,550474334066.7938,472,S6_worst_case_no_intervention,indonesia,USDC
187,0.8173266621701692,536712419957.49524,472,S6_worst_case_no_intervention,indonesia,USDC
188,0.8366293759080551,523294557479.24,472,S6_worst_case_no_intervention,indonesia,USDC
189,0.8283708420759132,510212155248.3945,472,S6_worst_case_no_intervention,indonesia,USDC
190,0.82688815107022,497456815408.74994,472,S6_worst_case_no_intervention,indonesia,USDC
191,0.8218784491595413,485020365240.2024,472,S6_worst_case_no_intervention,indonesia,USDC
192,0.8314715391639966,472894829123.2232,472,S6_worst_case_no_intervention,indonesia,USDC
193,0.8421989642773788,461072436466.66064,472,S6_worst_case_no_intervention,indonesia,USDC
194,0.8145526228412031,449545608948.0217,472,S6_worst_case_no_intervention,indonesia,USDC
195,0.8070087714101306,438306950682.9302,472,S6_worst_case_no_intervention,indonesia,USDC
196,0.805932081768815,427349261266.1868,472,S6_worst_case_no_intervention,indonesia,USDC
197,0.8017910784391858,416665516247.71265,472,S6_worst_case_no_intervention,indonesia,USDC
198,0.7796944042371511,406248866578.4011,472,S6_worst_case_no_intervention,indonesia,USDC
199,0.7767085137557266,396092634140.78217,472,S6_worst_case_no_intervention,indonesia,USDC
200,0.7742618077099093,386190309594.3659,472,S6_worst_case_no_intervention,indonesia,USDC
201,0.8005452416325721,376535544609.42773,472,S6_worst_case_no_intervention,indonesia,USDC
202,0.794220178810507,367122151167.0829,472,S6_worst_case_no_intervention,indonesia,USDC
203,0.7913183968999444,357944092942.2551,472,S6_worst_case_no_intervention,indonesia,USDC
204,0.8196493818136252,348995487057.87103,472,S6_worst_case_no_intervention,indonesia,USDC
205,0.8096739471478682,340270597473.5442,472,S6_worst_case_no_intervention,indonesia,USDC
206,0.8134797028019144,331763830341.7351,472,S6_worst_case_no_intervention,indonesia,USDC
207,0.7947870035463184,323469732738.2866,472,S6_worst_case_no_intervention,indonesia,USDC
208,0.8270769198636094,315382987637.1066,472,S6_worst_case_no_intervention,indonesia,USDC
209,0.8389122186837074,307498411723.9169,472,S6_worst_case_no_intervention,indonesia,USDC
210,0.8309968737070318,299810950513.9221,472,S6_worst_case_no_intervention,indonesia,USDC
211,0.7962359397910314,292315675868.88116,472,S6_worst_case_no_intervention,indonesia,USDC
212,0.8239662186754927,285007783064.2638,472,S6_worst_case_no_intervention,indonesia,USDC
213,0.837586706694538,277882587830.34204,472,S6_worst_case_no_intervention,indonesia,USDC
214,0.8245391632027689,270935522649.74982,472,S6_worst_case_no_intervention,indonesia,USDC
215,0.8464803364477321,264162134129.2045,472,S6_worst_case_no_intervention,indonesia,USDC
216,0.838035766667345,257558080423.2897,472,S6_worst_case_no_intervention,indonesia,USDC
217,0.8366732024456789,251119128104.07056,472,S6_worst_case_no_intervention,indonesia,USDC
218,0.824241032452961,244841149629.4304,472,S6_worst_case_no_intervention,indonesia,USDC
219,0.8268301483736997,238720120623.86865,472,S6_worst_case_no_intervention,indonesia,USDC
220,0.8268636494595447,232752117380.65503,472,S6_worst_case_no_intervention,indonesia,USDC
221,0.8334121066735336,226933314259.8318,472,S6_worst_case_no_intervention,indonesia,USDC
222,0.7907649593702947,221259981250.28217,472,S6_worst_case_no_intervention,indonesia,USDC
223,0.8089203140170593,215728481533.42087,472,S6_worst_case_no_intervention,indonesia,USDC
224,0.7958222906135505,210335269364.6638,472,S6_worst_case_no_intervention,indonesia,USDC
225,0.778442324250764,205076887506.92703,472,S6_worst_case_no_intervention,indonesia,USDC
226,0.7591550035718574,199949965207.7113,472,S6_worst_case_no_intervention,indonesia,USDC
227,0.7645149827280832,194951215982.58264,472,S6_worst_case_no_intervention,indonesia,USDC
228,0.7727740598520304,190077435510.1083,472,S6_worst_case_no_intervention,indonesia,USDC
229,0.7867145126960172,185325499566.54684,472,S6_worst_case_no_intervention,indonesia,USDC
230,0.8066802229313782,180692362033.99426,472,S6_worst_case_no_intervention,indonesia,USDC
231,0.8020379283489282,176175052953.64325,472,S6_worst_case_no_intervention,indonesia,USDC
232,0.7295152961200176,171770676602.66217,472,S6_worst_case_no_intervention,indonesia,USDC
233,0.7275302386764613,167476409656.71603,472,S6_worst_case_no_intervention,indonesia,USDC
234,0.7412598097188681,163289499391.04364,472,S6_worst_case_no_intervention,indonesia,USDC
235,0.7443460695699213,159207261889.7013,472,S6_worst_case_no_intervention,indonesia,USDC
236,0.7353682637061677,155227080329.22528,472,S6_worst_case_no_intervention,indonesia,USDC
237,0.7464456369936744,151346403310.58142,472,S6_worst_case_no_intervention,indonesia,USDC
238,0.7603317030250095,147562743220.3711,472,S6_worst_case_no_intervention,indonesia,USDC
239,0.7746269007302179,143873674634.18582,472,S6_worst_case_no_intervention,indonesia,USDC
240,0.6752737302149545,140276832764.32117,472,S6_worst_case_no_intervention,indonesia,USDC
241,0.7064972482040274,136769911940.2986,472,S6_worst_case_no_intervention,indonesia,USDC
242,0.7160191028618906,133350664138.66074,472,S6_worst_case_no_intervention,indonesia,USDC
243,0.7313959476746326,130016897532.86005,472,S6_worst_case_no_intervention,indonesia,USDC
244,0.7495642056409868,126766475092.97427,472,S6_worst_case_no_intervention,indonesia,USDC
245,0.7734610362662265,123597313214.54083,472,S6_worst_case_no_intervention,indonesia,USDC
246,0.7826492837946054,120507380383.3536,472,S6_worst_case_no_intervention,indonesia,USDC
247,0.7675548983232516,117494695873.16704,472,S6_worst_case_no_intervention,indonesia,USDC
248,0.7802372619791024,114557328475.80756,472,S6_worst_case_no_intervention,indonesia,USDC
249,0.7703805804274971,111693395263.50775,472,S6_worst_case_no_intervention,indonesia,USDC
250,0.7672575593403754,108901060381.56943,472,S6_worst_case_no_intervention,indonesia,USDC
251,0.7574323746079421,106178533871.74733,472,S6_worst_case_no_intervention,indonesia,USDC
252,0.776996496660437,103524070524.72778,472,S6_worst_case_no_intervention,indonesia,USDC
253,0.7816748648659319,100935968761.44156,472,S6_worst_case_no_intervention,indonesia,USDC
254,0.8038476865904297,98412569542.27673,472,S6_worst_case_no_intervention,indonesia,USDC
255,0.7900188860694423,95952255303.62775,472,S6_worst_case_no_intervention,indonesia,USDC
256,0.7894277505961605,93553448920.95409,472,S6_worst_case_no_intervention,indonesia,USDC
257,0.80701460612251,91214612697.8649,472,S6_worst_case_no_intervention,indonesia,USDC
258,0.8085624392378868,88934247380.36969,472,S6_worst_case_no_intervention,indonesia,USDC
259,0.8131134755337854,86710891195.81738,472,S6_worst_case_no_intervention,indonesia,USDC
260,0.8154994070794741,84543118915.88705,472,S6_worst_case_no_intervention,indonesia,USDC
261,0.8036359944652997,82429540942.96107,472,S6_worst_case_no_intervention,indonesia,USDC
262,0.7549270247514893,80368802419.361,472,S6_worst_case_no_intervention,indonesia,USDC
263,0.7693191684168372,78359582358.84903,472,S6_worst_case_no_intervention,indonesia,USDC
264,0.7808562238148063,76400592799.85869,472,S6_worst_case_no_intervention,indonesia,USDC
265,0.7774271354968973,74490577979.84743,472,S6_worst_case_no_intervention,indonesia,USDC
266,0.7861781907083717,72628313530.33925,472,S6_worst_case_no_intervention,indonesia,USDC
267,0.7918552015889259,70812605692.07089,472,S6_worst_case_no_intervention,indonesia,USDC
268,0.7780150833729993,69042290549.76181,472,S6_worst_case_no_intervention,indonesia,USDC
269,0.7793658157094484,67316233286.01099,472,S6_worst_case_no_intervention,indonesia,USDC
270,0.7908216312823733,65633327453.85539,472,S6_worst_case_no_intervention,indonesia,USDC
271,0.7776361076696208,63992494267.505035,472,S6_worst_case_no_intervention,indonesia,USDC
272,0.776807020594517,62392681910.81374,472,S6_worst_case_no_intervention,indonesia,USDC
273,0.7906089278696589,60832864863.040375,472,S6_worst_case_no_intervention,indonesia,USDC
274,0.7923271011610601,59312043241.462204,472,S6_worst_case_no_intervention,indonesia,USDC
275,0.8111885618045915,57829242160.42389,472,S6_worst_case_no_intervention,indonesia,USDC
276,0.822476169663922,56383511106.41202,472,S6_worst_case_no_intervention,indonesia,USDC
277,0.8280461224711614,54973923328.75068,472,S6_worst_case_no_intervention,indonesia,USDC
278,0.8190158254009383,53599575245.53107,472,S6_worst_case_no_intervention,indonesia,USDC
279,0.8055858572473612,52259585864.392,472,S6_worst_case_no_intervention,indonesia,USDC
280,0.7970092560551546,50953096217.7815,472,S6_worst_case_no_intervention,indonesia,USDC
281,0.8024343033182632,49679268812.336334,472,S6_worst_case_no_intervention,indonesia,USDC
282,0.787802921261607,48437287092.027435,472,S6_worst_case_no_intervention,indonesia,USDC
283,0.7889613613649358,47226354914.726295,472,S6_worst_case_no_intervention,indonesia,USDC
284,0.792989881658436,46045696041.85778,472,S6_worst_case_no_intervention,indonesia,USDC
285,0.8093957653213069,44894553640.81105,472,S6_worst_case_no_intervention,indonesia,USDC
286,0.8056732736399852,43772189799.79055,472,S6_worst_case_no_intervention,indonesia,USDC
287,0.7894857262929561,42677885054.79559,472,S6_worst_case_no_intervention,indonesia,USDC
288,0.8210395719104484,41610937928.42553,472,S6_worst_case_no_intervention,indonesia,USDC
289,0.8215335116000981,40570664480.21477,472,S6_worst_case_no_intervention,indonesia,USDC
290,0.81470666104446,39556397868.209305,472,S6_worst_case_no_intervention,indonesia,USDC
291,0.8225744412206993,38567487921.50398,472,S6_worst_case_no_intervention,indonesia,USDC
292,0.846590718319716,37603300723.46632,472,S6_worst_case_no_intervention,indonesia,USDC
293,0.8257397960006163,36663218205.37961,472,S6_worst_case_no_intervention,indonesia,USDC
294,0.8047163726475257,35746637750.24506,472,S6_worst_case_no_intervention,indonesia,USDC
295,0.7975437094807706,34852971806.48889,472,S6_worst_case_no_intervention,indonesia,USDC
296,0.7989131182965914,33981647511.326626,472,S6_worst_case_no_intervention,indonesia,USDC
297,0.8163253857689695,33132106323.543427,472,S6_worst_case_no_intervention,indonesia,USDC
298,0.7885778581695729,32303803665.45481,472,S6_worst_case_no_intervention,indonesia,USDC
299,0.7856582155056939,31496208573.818413,472,S6_worst_case_no_intervention,indonesia,USDC
300,0.7780263580588948,30708803359.472923,472,S6_worst_case_no_intervention,indonesia,USDC
301,0.7643540675482966,29941083275.486084,472,S6_worst_case_no_intervention,indonesia,USDC
302,0.7706593198268513,29192556193.598915,472,S6_worst_case_no_intervention,indonesia,USDC
303,0.7834151160047084,28462742288.758934,472,S6_worst_case_no_intervention,indonesia,USDC
304,0.7572454078927782,27751173731.53995,472,S6_worst_case_no_intervention,indonesia,USDC
305,0.7492289050434982,27057394388.251442,472,S6_worst_case_no_intervention,indonesia,USDC
306,0.767842054729873,26380959528.54515,472,S6_worst_case_no_intervention,indonesia,USDC
307,0.7495146527323396,25721435540.331516,472,S6_worst_case_no_intervention,indonesia,USDC
308,0.7950732429710791,25078399651.823223,472,S6_worst_case_no_intervention,indonesia,USDC
309,0.8076626276051397,24451439660.52764,472,S6_worst_case_no_intervention,indonesia,USDC
310,0.7885165567880829,23840153669.01445,472,S6_worst_case_no_intervention,indonesia,USDC
311,0.788082047587373,23244149827.289085,472,S6_worst_case_no_intervention,indonesia,USDC
312,0.786751754516275,22663046081.606857,472,S6_worst_case_no_intervention,indonesia,USDC
313,0.7739369400008187,22096469929.566685,472,S6_worst_case_no_intervention,indonesia,USDC
314,0.7885654904727759,21544058181.327515,472,S6_worst_case_no_intervention,indonesia,USDC
315,0.8085889525179555,21005456726.794327,472,S6_worst_case_no_intervention,indonesia,USDC
316,0.8178229158344514,20480320308.624474,472,S6_worst_case_no_intervention,indonesia,USDC
317,0.7958234075053793,19968312300.90886,472,S6_worst_case_no_intervention,indonesia,USDC
318,0.7939813827060421,19469104493.38614,472,S6_worst_case_no_intervention,indonesia,USDC
319,0.8270703234865141,18982376881.051487,472,S6_worst_case_no_intervention,indonesia,USDC
320,0.8576256676124903,18507817459.0252,472,S6_worst_case_no_intervention,indonesia,USDC
321,0.8668798605817872,18045122022.54957,472,S6_worst_case_no_intervention,indonesia,USDC
322,0.8497544445576665,17593993971.98583,472,S6_worst_case_no_intervention,indonesia,USDC
323,0.8109265239442739,17154144122.686184,472,S6_worst_case_no_intervention,indonesia,USDC
324,0.7990444796260179,16725290519.61903,472,S6_worst_case_no_intervention,indonesia,USDC
325,0.80837881180549,16307158256.628555,472,S6_worst_case_no_intervention,indonesia,USDC
326,0.8048578811219269,15899479300.212841,472,S6_worst_case_no_intervention,indonesia,USDC
327,0.8056169253568679,15501992317.70752,472,S6_worst_case_no_intervention,indonesia,USDC
328,0.7962011232475741,15114442509.764832,472,S6_worst_case_no_intervention,indonesia,USDC
329,0.80583855701751,14736581447.020712,472,S6_worst_case_no_intervention,indonesia,USDC
330,0.8118107185597129,14368166910.845192,472,S6_worst_case_no_intervention,indonesia,USDC
331,0.8009157123170196,14008962738.074062,472,S6_worst_case_no_intervention,indonesia,USDC
332,0.8053525772579129,13658738669.622213,472,S6_worst_case_no_intervention,indonesia,USDC
333,0.7952140947120055,13317270202.881657,472,S6_worst_case_no_intervention,indonesia,USDC
334,0.8067826990708354,12984338447.809616,472,S6_worst_case_no_intervention,indonesia,USDC
335,0.8137823332798074,12659729986.614376,472,S6_worst_case_no_intervention,indonesia,USDC
336,0.8057233416924792,12343236736.949017,472,S6_worst_case_no_intervention,indonesia,USDC
337,0.82179294615327,12034655818.525291,472,S6_worst_case_no_intervention,indonesia,USDC
338,0.8017779588968762,11733789423.062159,472,S6_worst_case_no_intervention,indonesia,USDC
339,0.8024149825707116,11440444687.485603,472,S6_worst_case_no_intervention,indonesia,USDC
340,0.8132805160526184,11154433570.298466,472,S6_worst_case_no_intervention,indonesia,USDC
341,0.8056442303099077,10875572731.041002,472,S6_worst_case_no_intervention,indonesia,USDC
342,0.8067232361274891,10603683412.764978,472,S6_worst_case_no_intervention,indonesia,USDC
343,0.7935505105444004,10338591327.445854,472,S6_worst_case_no_intervention,indonesia,USDC
344,0.773456588942634,10080126544.259708,472,S6_worst_case_no_intervention,indonesia,USDC
345,0.7624205933471604,9828123380.653215,472,S6_worst_case_no_intervention,indonesia,USDC
346,0.7663573816700368,9582420296.136883,472,S6_worst_case_no_intervention,indonesia,USDC
347,0.7647870867350538,9342859788.733461,472,S6_worst_case_no_intervention,indonesia,USDC
348,0.7860477255462611,9109288294.015125,472,S6_worst_case_no_intervention,indonesia,USDC
349,0.7993511113608699,8881556086.664747,472,S6_worst_case_no_intervention,indonesia,USDC
350,0.798308048054435,8659517184.498129,472,S6_worst_case_no_intervention,indonesia,USDC
351,0.7816984558696787,8443029254.885675,472,S6_worst_case_no_intervention,indonesia,USDC
352,0.7681241328811719,8231953523.513533,472,S6_worst_case_no_intervention,indonesia,USDC
353,0.7656713896752919,8026154685.425695,472,S6_worst_case_no_intervention,indonesia,USDC
354,0.7581688261112464,7825500818.290052,472,S6_worst_case_no_intervention,indonesia,USDC
355,0.7699013293779671,7629863297.832801,472,S6_worst_case_no_intervention,indonesia,USDC
356,0.7440136258583725,7439116715.386982,472,S6_worst_case_no_intervention,indonesia,USDC
357,0.7503981517687892,7253138797.502306,472,S6_worst_case_no_intervention,indonesia,USDC
358,0.7478098982507038,7071810327.564749,472,S6_worst_case_no_intervention,indonesia,USDC
359,0.7456211241142267,6895015069.375629,472,S6_worst_case_no_intervention,indonesia,USDC
360,0.7394749727618425,6722639692.641239,472,S6_worst_case_no_intervention,indonesia,USDC
361,0.7271330337025134,6554573700.325209,472,S6_worst_case_no_intervention,indonesia,USDC
362,0.7212941479661215,6390709357.817078,472,S6_worst_case_no_intervention,indonesia,USDC
363,0.7367580821154427,6230941623.871652,472,S6_worst_case_no_intervention,indonesia,USDC
364,0.716115819955349,6075168083.27486,472,S6_worst_case_no_intervention,indonesia,USDC
365,0.7184599714439376,5923288881.192988,472,S6_worst_case_no_intervention,indonesia,USDC
366,0.7236486289022387,5775206659.163164,472,S6_worst_case_no_intervention,indonesia,USDC
367,0.7364311711478527,5630826492.684085,472,S6_worst_case_no_intervention,indonesia,USDC
368,0.730796480358814,5490055830.366982,472,S6_worst_case_no_intervention,indonesia,USDC
369,0.7351623275980439,5352804434.607808,472,S6_worst_case_no_intervention,indonesia,USDC
370,0.768258281759302,5218984323.742613,472,S6_worst_case_no_intervention,indonesia,USDC
371,0.7647327234455279,5088509715.649048,472,S6_worst_case_no_intervention,indonesia,USDC
372,0.7797655967257757,4961296972.757822,472,S6_worst_case_no_intervention,indonesia,USDC
373,0.7763992643298274,4837264548.438876,472,S6_worst_case_no_intervention,indonesia,USDC
374,0.7741519579701307,4716332934.727904,472,S6_worst_case_no_intervention,indonesia,USDC
375,0.7696015656801409,4598424611.359707,472,S6_worst_case_no_intervention,indonesia,USDC
376,0.7723150312701306,4483463996.075714,472,S6_worst_case_no_intervention,indonesia,USDC
377,0.7777190834434508,4371377396.173821,472,S6_worst_case_no_intervention,indonesia,USDC
378,0.8066618811623676,4262092961.269476,472,S6_worst_case_no_intervention,indonesia,USDC
379,0.7863157267205856,4155540637.237739,472,S6_worst_case_no_intervention,indonesia,USDC
380,0.7913367238575344,4051652121.306795,472,S6_worst_case_no_intervention,indonesia,USDC
381,0.7935841429258843,3950360818.274125,472,S6_worst_case_no_intervention,indonesia,USDC
382,0.7943288163572428,3851601797.817272,472,S6_worst_case_no_intervention,indonesia,USDC
383,0.8056029276530479,3755311752.8718405,472,S6_worst_case_no_intervention,indonesia,USDC
384,0.744231811385557,3661428959.050045,472,S6_worst_case_no_intervention,indonesia,USDC
385,0.7521414209513402,3569893235.0737934,472,S6_worst_case_no_intervention,indonesia,USDC
386,0.7533710380925046,3480645904.196949,472,S6_worst_case_no_intervention,indonesia,USDC
387,0.7551013588829656,3393629756.592025,472,S6_worst_case_no_intervention,indonesia,USDC
388,0.770138241630079,3308789012.677224,472,S6_worst_case_no_intervention,indonesia,USDC
389,0.7973580064355209,3226069287.3602934,472,S6_worst_case_no_intervention,indonesia,USDC
390,0.8195693209794184,3145417555.176286,472,S6_worst_case_no_intervention,indonesia,USDC
391,0.8029817161702962,3066782116.2968793,472,S6_worst_case_no_intervention,indonesia,USDC
392,0.8117867147655835,2990112563.389457,472,S6_worst_case_no_intervention,indonesia,USDC
393,0.8303632612062696,2915359749.304721,472,S6_worst_case_no_intervention,indonesia,USDC
394,0.8132012559376267,2842475755.5721025,472,S6_worst_case_no_intervention,indonesia,USDC
395,0.7954724098652189,2771413861.6828003,472,S6_worst_case_no_intervention,indonesia,USDC
396,0.8061901984157424,2702128515.1407304,472,S6_worst_case_no_intervention,indonesia,USDC
397,0.8288902487240659,2634575302.2622123,472,S6_worst_case_no_intervention,indonesia,USDC
398,0.8369718511299303,2568710919.7056565,472,S6_worst_case_no_intervention,indonesia,USDC
399,0.8405707506830983,2504493146.7130156,472,S6_worst_case_no_intervention,indonesia,USDC
400,0.8354060158681361,2441880818.0451903,472,S6_worst_case_no_intervention,indonesia,USDC
401,0.8192086344611027,2380833797.5940604,472,S6_worst_case_no_intervention,indonesia,USDC
402,0.8113112609666816,2321312952.654209,472,S6_worst_case_no_intervention,indonesia,USDC
403,0.7892752617956402,2263280128.8378534,472,S6_worst_case_no_intervention,indonesia,USDC
404,0.7923010400577264,2206698125.616907,472,S6_worst_case_no_intervention,indonesia,USDC
405,0.7868846092690273,2151530672.476485,472,S6_worst_case_no_intervention,indonesia,USDC
406,0.7612383480616411,2097742405.6645722,472,S6_worst_case_no_intervention,indonesia,USDC
407,0.7803418989808825,2045298845.522958,472,S6_worst_case_no_intervention,indonesia,USDC
408,0.7845129511698085,1994166374.384884,472,S6_worst_case_no_intervention,indonesia,USDC
409,0.7765063594841256,1944312215.025262,472,S6_worst_case_no_intervention,indonesia,USDC
410,0.7371202665519286,1895704409.6496305,472,S6_worst_case_no_intervention,indonesia,USDC
411,0.735288813402276,1848311799.4083898,472,S6_worst_case_no_intervention,indonesia,USDC
412,0.7587208664253323,1802104004.42318,472,S6_worst_case_no_intervention,indonesia,USDC
413,0.7363024639822529,1757051404.3126006,472,S6_worst_case_no_intervention,indonesia,USDC
414,0.7482673554817528,1713125119.2047856,472,S6_worst_case_no_intervention,indonesia,USDC
415,0.7607064075164717,1670296991.2246656,472,S6_worst_case_no_intervention,indonesia,USDC
416,0.7737405074497761,1628539566.4440494,472,S6_worst_case_no_intervention,indonesia,USDC
417,0.7637342023445347,1587826077.282948,472,S6_worst_case_no_intervention,indonesia,USDC
418,0.7679931218830236,1548130425.3508742,472,S6_worst_case_no_intervention,indonesia,USDC
419,0.7658838811135718,1509427164.7171025,472,S6_worst_case_no_intervention,indonesia,USDC
420,0.7943255055292388,1471691485.599175,472,S6_worst_case_no_intervention,indonesia,USDC
421,0.781383741329949,1434899198.4591956,472,S6_worst_case_no_intervention,indonesia,USDC
422,0.8042489965464897,1399026718.4977157,472,S6_worst_case_no_intervention,indonesia,USDC
423,0.7909747037528793,1364051050.5352728,472,S6_worst_case_no_intervention,indonesia,USDC
424,0.7633821467219852,1329949774.2718909,472,S6_worst_case_no_intervention,indonesia,USDC
425,0.7804503884968761,1296701029.9150937,472,S6_worst_case_no_intervention,indonesia,USDC
426,0.791984798257084,1264283504.1672163,472,S6_worst_case_no_intervention,indonesia,USDC
427,0.7935291713385294,1232676416.563036,472,S6_worst_case_no_intervention,indonesia,USDC
428,0.7713758549464802,1201859506.14896,472,S6_worst_case_no_intervention,indonesia,USDC
429,0.767923458615252,1171813018.4952362,472,S6_worst_case_no_intervention,indonesia,USDC
430,0.7603173275065364,1142517693.0328553,472,S6_worst_case_no_intervention,indonesia,USDC
431,0.7295538443489511,1113954750.7070339,472,S6_worst_case_no_intervention,indonesia,USDC
432,0.7214480690667144,1086105881.939358,472,S6_worst_case_no_intervention,indonesia,USDC
433,0.733127664193981,1058953234.8908741,472,S6_worst_case_no_intervention,indonesia,USDC
434,0.742675398436913,1032479404.0186021,472,S6_worst_case_no_intervention,indonesia,USDC
435,0.7291489096344971,1006667418.9181373,472,S6_worst_case_no_intervention,indonesia,USDC
436,0.7289312824490962,981500733.4451838,472,S6_worst_case_no_intervention,indonesia,USDC
437,0.7163604062427144,956963215.1090542,472,S6_worst_case_no_intervention,indonesia,USDC
438,0.7240841229594632,933039134.7313278,472,S6_worst_case_no_intervention,indonesia,USDC
439,0.731372672606665,909713156.3630447,472,S6_worst_case_no_intervention,indonesia,USDC
440,0.7464459809148436,886970327.4539685,472,S6_worst_case_no_intervention,indonesia,USDC
441,0.7408649461444151,864796069.2676194,472,S6_worst_case_no_intervention,indonesia,USDC
442,0.7671398535800261,843176167.5359288,472,S6_worst_case_no_intervention,indonesia,USDC
443,0.7416026967743373,822096763.3475306,472,S6_worst_case_no_intervention,indonesia,USDC
444,0.749452148045293,801544344.2638423,472,S6_worst_case_no_intervention,indonesia,USDC
445,0.746031307295407,781505735.6572464,472,S6_worst_case_no_intervention,indonesia,USDC
446,0.7575677961123132,761968092.2658153,472,S6_worst_case_no_intervention,indonesia,USDC
447,0.7483358332740373,742918889.9591699,472,S6_worst_case_no_intervention,indonesia,USDC
448,0.7677935844929297,724345917.7101905,472,S6_worst_case_no_intervention,indonesia,USDC
449,0.7772977484734661,706237269.7674358,472,S6_worst_case_no_intervention,indonesia,USDC
450,0.7431350510745826,688581338.02325,472,S6_worst_case_no_intervention,indonesia,USDC
451,0.7695208307282477,671366804.5726688,472,S6_worst_case_no_intervention,indonesia,USDC
452,0.7739243005333485,654582634.458352,472,S6_worst_case_no_intervention,indonesia,USDC
453,0.7687696602006622,638218068.5968932,472,S6_worst_case_no_intervention,indonesia,USDC
454,0.7779567053266266,622262616.8819709,472,S6_worst_case_no_intervention,indonesia,USDC
455,0.7783595316748848,606706051.4599216,472,S6_worst_case_no_intervention,indonesia,USDC
456,0.7568375017476443,591538400.1734236,472,S6_worst_case_no_intervention,indonesia,USDC
457,0.7689571711538586,576749940.169088,472,S6_worst_case_no_intervention,indonesia,USDC
458,0.7671220450852069,562331191.6648608,472,S6_worst_case_no_intervention,indonesia,USDC
459,0.7479957442420154,548272911.8732393,472,S6_worst_case_no_intervention,indonesia,USDC
460,0.7527003828737351,534566089.07640827,472,S6_worst_case_no_intervention,indonesia,USDC
461,0.7705814868873154,521201936.84949803,472,S6_worst_case_no_intervention,indonesia,USDC
462,0.7912915982961992,508171888.4282607,472,S6_worst_case_no_intervention,indonesia,USDC
463,0.8061182663050803,495467591.21755415,472,S6_worst_case_no_intervention,indonesia,USDC
464,0.8068492963712663,483080901.4371152,472,S6_worst_case_no_intervention,indonesia,USDC
465,0.8093735561010257,471003878.9011874,472,S6_worst_case_no_intervention,indonesia,USDC
466,0.7938784033650225,459228781.92865765,472,S6_worst_case_no_intervention,indonesia,USDC
467,0.7808082431321907,447748062.3804412,472,S6_worst_case_no_intervention,indonesia,USDC
468,0.7862607347123586,436554360.8209302,472,S6_worst_case_no_intervention,indonesia,USDC
469,0.8172432308710996,425640501.80040693,472,S6_worst_case_no_intervention,indonesia,USDC
470,0.8262663050210256,414999489.2553967,472,S6_worst_case_no_intervention,indonesia,USDC
471,0.8286192780004075,404624502.02401185,472,S6_worst_case_no_intervention,indonesia,USDC
472,0.8446828889087188,394508889.47341156,472,S6_worst_case_no_intervention,indonesia,USDC
473,0.8706763942754334,384646167.23657626,472,S6_worst_case_no_intervention,indonesia,USDC
474,0.8983874895727528,375030013.05566186,472,S6_worst_case_no_intervention,indonesia,USDC
475,0.8943128674891003,365654262.7292703,472,S6_worst_case_no_intervention,indonesia,USDC
476,0.8881809414737866,356512906.1610385,472,S6_worst_case_no_intervention,indonesia,USDC
477,0.8854344859917768,347600083.50701255,472,S6_worst_case_no_intervention,indonesia,USDC
478,0.8581688074782796,338910081.4193372,472,S6_worst_case_no_intervention,indonesia,USDC
479,0.8284118492983074,330437329.3838538,472,S6_worst_case_no_intervention,indonesia,USDC
480,0.8089918973844739,322176396.1492574,472,S6_worst_case_no_intervention,indonesia,USDC
481,0.8000526395671651,314121986.2455261,472,S6_worst_case_no_intervention,indonesia,USDC
482,0.7833837448400035,306268936.5893879,472,S6_worst_case_no_intervention,indonesia,USDC
483,0.7985404240523576,298612213.1746532,472,S6_worst_case_no_intervention,indonesia,USDC
484,0.8026166088687624,291146907.84528685,472,S6_worst_case_no_intervention,indonesia,USDC
485,0.7973680226887643,283868235.14915466,472,S6_worst_case_no_intervention,indonesia,USDC
486,0.7835814910356512,276771529.2704258,472,S6_worst_case_no_intervention,indonesia,USDC
487,0.7807662076021414,269852241.0386652,472,S6_worst_case_no_intervention,indonesia,USDC
488,0.785543252295493,263105935.01269853,472,S6_worst_case_no_intervention,indonesia,USDC
489,0.7813290366498505,256528286.6373811,472,S6_worst_case_no_intervention,indonesia,USDC
490,0.7754685486042233,250115079.47144657,472,S6_worst_case_no_intervention,indonesia,USDC
491,0.7675172310770275,243862202.48466045,472,S6_worst_case_no_intervention,indonesia,USDC
492,0.75897089126494,237765647.42254394,472,S6_worst_case_no_intervention,indonesia,USDC
493,0.7524661640999989,231821506.23698035,472,S6_worst_case_no_intervention,indonesia,USDC
494,0.779901616006417,226025968.58105585,472,S6_worst_case_no_intervention,indonesia,USDC
495,0.7701539448723339,220375319.36652943,472,S6_worst_case_no_intervention,indonesia,USDC
496,0.7539260986438392,214865936.38236618,472,S6_worst_case_no_intervention,indonesia,USDC
497,0.7600056749971544,209494287.97280705,472,S6_worst_case_no_intervention,indonesia,USDC
498,0.7666959239192328,204256930.77348685,472,S6_worst_case_no_intervention,indonesia,USDC
499,0.7693160410948304,199150507.50414968,472,S6_worst_case_no_intervention,indonesia,USDC
500,0.7983729691540652,194171744.81654596,472,S6_worst_case_no_intervention,indonesia,USDC
501,0.7916181266568618,189317451.1961323,472,S6_worst_case_no_intervention,indonesia,USDC
502,0.7946122121759543,184584514.91622898,472,S6_worst_case_no_intervention,indonesia,USDC
503,0.769152384230934,179969902.04332328,472,S6_worst_case_no_intervention,indonesia,USDC
504,0.8123179772460789,175470654.4922402,472,S6_worst_case_no_intervention,indonesia,USDC
505,0.8040629469537034,171083888.12993416,472,S6_worst_case_no_intervention,indonesia,USDC
506,0.7989113643689855,166806790.9266858,472,S6_worst_case_no_intervention,indonesia,USDC
507,0.8044808188910798,162636621.15351868,472,S6_worst_case_no_intervention,indonesia,USDC
508,0.7858708292462212,158570705.6246807,472,S6_worst_case_no_intervention,indonesia,USDC
509,0.7835683609616162,154606437.98406368,472,S6_worst_case_no_intervention,indonesia,USDC
510,0.7756711528813167,150741277.0344621,472,S6_worst_case_no_intervention,indonesia,USDC
511,0.7657634680884715,146972745.10860053,472,S6_worst_case_no_intervention,indonesia,USDC
512,0.7741212448063326,143298426.48088554,472,S6_worst_case_no_intervention,indonesia,USDC
513,0.7862778460408972,139715965.8188634,472,S6_worst_case_no_intervention,indonesia,USDC
514,0.7932212678711876,136223066.6733918,472,S6_worst_case_no_intervention,indonesia,USDC
515,0.7857145639177169,132817490.006557,472,S6_worst_case_no_intervention,indonesia,USDC
516,0.7880477610477775,129497052.75639306,472,S6_worst_case_no_intervention,indonesia,USDC
517,0.783031754894829,126259626.43748324,472,S6_worst_case_no_intervention,indonesia,USDC
518,0.7918623990407481,123103135.77654617,472,S6_worst_case_no_intervention,indonesia,USDC
519,0.7969833682920547,120025557.38213253,472,S6_worst_case_no_intervention,indonesia,USDC
520,0.8085749073024227,117024918.4475792,472,S6_worst_case_no_intervention,indonesia,USDC
521,0.8109910776119511,114099295.48638971,472,S6_worst_case_no_intervention,indonesia,USDC
522,0.7997259751232921,111246813.09922999,472,S6_worst_case_no_intervention,indonesia,USDC
523,0.8024822666618531,108465642.77174923,472,S6_worst_case_no_intervention,indonesia,USDC
524,0.8072444597221008,105754001.70245549,472,S6_worst_case_no_intervention,indonesia,USDC
525,0.781818963631067,103110151.65989411,472,S6_worst_case_no_intervention,indonesia,USDC
526,0.7960885350667926,100532397.86839676,472,S6_worst_case_no_intervention,indonesia,USDC
527,0.7829053380886833,98019087.92168683,472,S6_worst_case_no_intervention,indonesia,USDC
528,0.7715786104163717,95568610.72364466,472,S6_worst_case_no_intervention,indonesia,USDC
529,0.7867205626628493,93179395.45555355,472,S6_worst_case_no_intervention,indonesia,USDC
530,0.7857778540366432,90849910.5691647,472,S6_worst_case_no_intervention,indonesia,USDC
531,0.7929157483892776,88578662.80493559,472,S6_worst_case_no_intervention,indonesia,USDC
532,0.7896088413778444,86364196.2348122,472,S6_worst_case_no_intervention,indonesia,USDC
533,0.8128597199897079,84205091.3289419,472,S6_worst_case_no_intervention,indonesia,USDC
534,0.7940234733313648,82099964.04571834,472,S6_worst_case_no_intervention,indonesia,USDC
535,0.7892860467447438,80047464.94457538,472,S6_worst_case_no_intervention,indonesia,USDC
536,0.8044905746245865,78046278.320961,472,S6_worst_case_no_intervention,indonesia,USDC
537,0.7675856189647952,76095121.36293697,472,S6_worst_case_no_intervention,indonesia,USDC
538,0.7694033852142677,74192743.32886356,472,S6_worst_case_no_intervention,indonesia,USDC
539,0.7696012687443478,72337924.74564198,472,S6_worst_case_no_intervention,indonesia,USDC
540,0.7865830126949426,70529476.62700091,472,S6_worst_case_no_intervention,indonesia,USDC
541,0.7825608509476646,68766239.7113259,472,S6_worst_case_no_intervention,indonesia,USDC
542,0.8092416538880276,67047083.71854275,472,S6_worst_case_no_intervention,indonesia,USDC
543,0.7883585497157506,65370906.62557917,472,S6_worst_case_no_intervention,indonesia,USDC
544,0.764369479879374,63736633.9599397,472,S6_worst_case_no_intervention,indonesia,USDC
545,0.7789606914119214,62143218.1109412,472,S6_worst_case_no_intervention,indonesia,USDC
546,0.7993961366203386,60589637.658167675,472,S6_worst_case_no_intervention,indonesia,USDC
547,0.7860076031645844,59074896.71671349,472,S6_worst_case_no_intervention,indonesia,USDC
548,0.7800259187558484,57598024.298795655,472,S6_worst_case_no_intervention,indonesia,USDC
549,0.7789794250711307,56158073.691325754,472,S6_worst_case_no_intervention,indonesia,USDC
550,0.78765482032106,54754121.84904261,472,S6_worst_case_no_intervention,indonesia,USDC
551,0.7787430180148216,53385268.80281655,472,S6_worst_case_no_intervention,indonesia,USDC
552,0.7890381778489773,52050637.08274613,472,S6_worst_case_no_intervention,indonesia,USDC
553,0.7750615249168894,50749371.15567748,472,S6_worst_case_no_intervention,indonesia,USDC
554,0.7626820095243811,49480636.87678555,472,S6_worst_case_no_intervention,indonesia,USDC
555,0.7657012560443781,48243620.95486591,472,S6_worst_case_no_intervention,indonesia,USDC
556,0.7830259936635784,47037530.43099426,472,S6_worst_case_no_intervention,indonesia,USDC
557,0.7763683463520572,45861592.17021941,472,S6_worst_case_no_intervention,indonesia,USDC
558,0.7883650420823414,44715052.36596391,472,S6_worst_case_no_intervention,indonesia,USDC
559,0.8087480948504461,43597176.05681482,472,S6_worst_case_no_intervention,indonesia,USDC
560,0.8203533191634635,42507246.65539445,472,S6_worst_case_no_intervention,indonesia,USDC
561,0.8160713904912053,41444565.48900959,472,S6_worst_case_no_intervention,indonesia,USDC
562,0.8356039353690194,40408451.35178435,472,S6_worst_case_no_intervention,indonesia,USDC
563,0.844098118106604,39398240.06798974,472,S6_worst_case_no_intervention,indonesia,USDC
564,0.8314236435688488,38413284.06628999,472,S6_worst_case_no_intervention,indonesia,USDC
565,0.8263101362623719,37452951.96463275,472,S6_worst_case_no_intervention,indonesia,USDC
566,0.837513547010231,36516628.16551693,472,S6_worst_case_no_intervention,indonesia,USDC
567,0.8391075186469508,35603712.461379,472,S6_worst_case_no_intervention,indonesia,USDC
568,0.8205115442844494,34713619.64984453,472,S6_worst_case_no_intervention,indonesia,USDC
569,0.790946254099587,33845779.158598416,472,S6_worst_case_no_intervention,indonesia,USDC
570,0.7877638748473995,32999634.679633453,472,S6_worst_case_no_intervention,indonesia,USDC
571,0.7718914311563911,32174643.812642615,472,S6_worst_case_no_intervention,indonesia,USDC
572,0.756182671592962,31370277.71732655,472,S6_worst_case_no_intervention,indonesia,USDC
573,0.6946763440813987,30586020.774393387,472,S6_worst_case_no_intervention,indonesia,USDC
574,0.7290973373560036,29821370.255033553,472,S6_worst_case_no_intervention,indonesia,USDC
575,0.7120436608656058,29075835.998657715,472,S6_worst_case_no_intervention,indonesia,USDC
576,0.7386422080432395,28348940.09869127,472,S6_worst_case_no_intervention,indonesia,USDC
577,0.7652708112492661,27640216.596223988,472,S6_worst_case_no_intervention,indonesia,USDC
578,0.7606098984736118,26949211.181318395,472,S6_worst_case_no_intervention,indonesia,USDC
579,0.7512431684245227,26275480.90178543,472,S6_worst_case_no_intervention,indonesia,USDC
580,0.7733265229717311,25618593.879240796,472,S6_worst_case_no_intervention,indonesia,USDC
581,0.7782593691076204,24978129.032259777,472,S6_worst_case_no_intervention,indonesia,USDC
582,0.7636517942300511,24353675.806453284,472,S6_worst_case_no_intervention,indonesia,USDC
583,0.757284957706715,23744833.91129195,472,S6_worst_case_no_intervention,indonesia,USDC
584,0.7733245406135388,23151213.06350965,472,S6_worst_case_no_intervention,indonesia,USDC
585,0.7518143424194415,22572432.736921914,472,S6_worst_case_no_intervention,indonesia,USDC
586,0.7395931418569379,22008121.918498863,472,S6_worst_case_no_intervention,indonesia,USDC
587,0.7302669736771396,21457918.87053639,472,S6_worst_case_no_intervention,indonesia,USDC
588,0.733634733956703,20921470.898772985,472,S6_worst_case_no_intervention,indonesia,USDC
589,0.7371695156916039,20398434.126303658,472,S6_worst_case_no_intervention,indonesia,USDC
590,0.7522154855372858,19888473.273146063,472,S6_worst_case_no_intervention,indonesia,USDC
591,0.7367314829243045,19391261.441317413,472,S6_worst_case_no_intervention,indonesia,USDC
592,0.7458606883737844,18906479.90528448,472,S6_worst_case_no_intervention,indonesia,USDC
593,0.7572663488401179,18433817.907652363,472,S6_worst_case_no_intervention,indonesia,USDC
594,0.752462798920389,17972972.459961057,472,S6_worst_case_no_intervention,indonesia,USDC
595,0.7537372805428517,17523648.14846203,472,S6_worst_case_no_intervention,indonesia,USDC
596,0.7548874938433812,17085556.94475048,472,S6_worst_case_no_intervention,indonesia,USDC
597,0.7763171443089124,16658418.021131717,472,S6_worst_case_no_intervention,indonesia,USDC
598,0.7848432147271195,16241957.570603423,472,S6_worst_case_no_intervention,indonesia,USDC
599,0.7999427612182032,15835908.631338336,472,S6_worst_case_no_intervention,indonesia,USDC
600,0.7918657595742251,15440010.915554881,472,S6_worst_case_no_intervention,indonesia,USDC
601,0.788233523157721,15054010.642666006,472,S6_worst_case_no_intervention,indonesia,USDC
602,0.7850547024256442,14677660.376599357,472,S6_worst_case_no_intervention,indonesia,USDC
603,0.7882663117884408,14310718.86718437,472,S6_worst_case_no_intervention,indonesia,USDC
604,0.8180386890499466,13952950.895504763,472,S6_worst_case_no_intervention,indonesia,USDC
605,0.8558572954835952,13604127.123117143,472,S6_worst_case_no_intervention,indonesia,USDC
606,0.8435474646169657,13264023.945039215,472,S6_worst_case_no_intervention,indonesia,USDC
607,0.8327092135341692,12932423.346413232,472,S6_worst_case_no_intervention,indonesia,USDC
608,0.8341862685435971,12609112.762752902,472,S6_worst_case_no_intervention,indonesia,USDC
609,0.8181393666280827,12293884.94368408,472,S6_worst_case_no_intervention,indonesia,USDC
610,0.8265709118901462,11986537.82009198,472,S6_worst_case_no_intervention,indonesia,USDC
611,0.83712257123586,11686874.374589678,472,S6_worst_case_no_intervention,indonesia,USDC
612,0.8330499216483922,11394702.515224937,472,S6_worst_case_no_intervention,indonesia,USDC
613,0.8234741195713748,11109834.952344313,472,S6_worst_case_no_intervention,indonesia,USDC
614,0.7954098140587564,10832089.078535706,472,S6_worst_case_no_intervention,indonesia,USDC
615,0.7947391806411741,10561286.851572312,472,S6_worst_case_no_intervention,indonesia,USDC
616,0.809820471118277,10297254.680283006,472,S6_worst_case_no_intervention,indonesia,USDC
617,0.8115920542896988,10039823.31327593,472,S6_worst_case_no_intervention,indonesia,USDC
618,0.8013920817291921,9788827.730444033,472,S6_worst_case_no_intervention,indonesia,USDC
619,0.8113742750586562,9544107.03718293,472,S6_worst_case_no_intervention,indonesia,USDC
620,0.819452612455323,9305504.361253358,472,S6_worst_case_no_intervention,indonesia,USDC
621,0.8168625897924093,9072866.752222024,472,S6_worst_case_no_intervention,indonesia,USDC
622,0.8066737712667819,8846045.083416475,472,S6_worst_case_no_intervention,indonesia,USDC
623,0.813511758452401,8624893.956331061,472,S6_worst_case_no_intervention,indonesia,USDC
624,0.8287655809465819,8409271.607422786,472,S6_worst_case_no_intervention,indonesia,USDC
625,0.8353071943147861,8199039.817237215,472,S6_worst_case_no_intervention,indonesia,USDC
626,0.8316609285179316,7994063.8218062855,472,S6_worst_case_no_intervention,indonesia,USDC
627,0.8427975476154873,7794212.226261128,472,S6_worst_case_no_intervention,indonesia,USDC
628,0.8612138413015705,7599356.9206046,472,S6_worst_case_no_intervention,indonesia,USDC
629,0.8005314558269553,7409372.997589486,472,S6_worst_case_no_intervention,indonesia,USDC
630,0.813824450785648,7224138.672649749,472,S6_worst_case_no_intervention,indonesia,USDC
631,0.8211047437104108,7043535.205833504,472,S6_worst_case_no_intervention,indonesia,USDC
632,0.8294389770515822,6867446.825687666,472,S6_worst_case_no_intervention,indonesia,USDC
633,0.8346953634638566,6695760.655045476,472,S6_worst_case_no_intervention,indonesia,USDC
634,0.816455852333539,6528366.638669338,472,S6_worst_case_no_intervention,indonesia,USDC
635,0.8347825349095952,6365157.472702606,472,S6_worst_case_no_intervention,indonesia,USDC
636,0.8122524844323102,6206028.53588504,472,S6_worst_case_no_intervention,indonesia,USDC
637,0.8130092301857719,6050877.822487914,472,S6_worst_case_no_intervention,indonesia,USDC
638,0.8247427063023893,5899605.876925716,472,S6_worst_case_no_intervention,indonesia,USDC
639,0.8252083840852703,5752115.730002573,472,S6_worst_case_no_intervention,indonesia,USDC
640,0.8232621061219344,5608312.836752509,472,S6_worst_case_no_intervention,indonesia,USDC
641,0.8306361655953504,5468105.015833695,472,S6_worst_case_no_intervention,indonesia,USDC
642,0.8404348845240966,5331402.3904378535,472,S6_worst_case_no_intervention,indonesia,USDC
643,0.8359620558562075,5198117.330676907,472,S6_worst_case_no_intervention,indonesia,USDC
644,0.8084100283289662,5068164.397409985,472,S6_worst_case_no_intervention,indonesia,USDC
645,0.8082451991293125,4941460.287474735,472,S6_worst_case_no_intervention,indonesia,USDC
646,0.7873605533924012,4817923.7802878665,472,S6_worst_case_no_intervention,indonesia,USDC
647,0.8024012255712784,4697475.68578067,472,S6_worst_case_no_intervention,indonesia,USDC
648,0.8061081988980147,4580038.7936361525,472,S6_worst_case_no_intervention,indonesia,USDC
649,0.8104087398040425,4465537.823795249,472,S6_worst_case_no_intervention,indonesia,USDC
650,0.8300802504109558,4353899.378200368,472,S6_worst_case_no_intervention,indonesia,USDC
651,0.8129868734546243,4245051.893745359,472,S6_worst_case_no_intervention,indonesia,USDC
652,0.8111511822231062,4138925.596401724,472,S6_worst_case_no_intervention,indonesia,USDC
653,0.8044730865940343,4035452.456491681,472,S6_worst_case_no_intervention,indonesia,USDC
654,0.8079161340430729,3934566.145079389,472,S6_worst_case_no_intervention,indonesia,USDC
655,0.8063792541329102,3836201.9914524043,472,S6_worst_case_no_intervention,indonesia,USDC
656,0.7823617884256029,3740296.941666094,472,S6_worst_case_no_intervention,indonesia,USDC
657,0.7828607114455488,3646789.5181244416,472,S6_worst_case_no_intervention,indonesia,USDC
658,0.8036019489199606,3555619.7801713306,472,S6_worst_case_no_intervention,indonesia,USDC
659,0.8089284318956274,3466729.2856670474,472,S6_worst_case_no_intervention,indonesia,USDC
660,0.8190661234201382,3380061.0535253715,472,S6_worst_case_no_intervention,indonesia,USDC
661,0.7930489658836816,3295559.527187237,472,S6_worst_case_no_intervention,indonesia,USDC
662,0.7761039037031464,3213170.539007556,472,S6_worst_case_no_intervention,indonesia,USDC
663,0.7797222510551779,3132841.275532367,472,S6_worst_case_no_intervention,indonesia,USDC
664,0.7910685466059019,3054520.243644058,472,S6_worst_case_no_intervention,indonesia,USDC
665,0.7770410258872625,2978157.2375529567,472,S6_worst_case_no_intervention,indonesia,USDC
666,0.7674802256987752,2903703.3066141326,472,S6_worst_case_no_intervention,indonesia,USDC
667,0.7511418272082684,2831110.7239487795,472,S6_worst_case_no_intervention,indonesia,USDC
668,0.7421100703453988,2760332.9558500596,472,S6_worst_case_no_intervention,indonesia,USDC
669,0.7622132932452561,2691324.6319538085,472,S6_worst_case_no_intervention,indonesia,USDC
670,0.7864235657302461,2624041.516154963,472,S6_worst_case_no_intervention,indonesia,USDC
671,0.7886929935416932,2558440.478251089,472,S6_worst_case_no_intervention,indonesia,USDC
672,0.7780741065107862,2494479.466294812,472,S6_worst_case_no_intervention,indonesia,USDC
673,0.767423647250599,2432117.479637441,472,S6_worst_case_no_intervention,indonesia,USDC
674,0.7597864283429897,2371314.5426465054,472,S6_worst_case_no_intervention,indonesia,USDC
675,0.762778037624673,2312031.679080343,472,S6_worst_case_no_intervention,indonesia,USDC
676,0.7604967710849714,2254230.887103334,472,S6_worst_case_no_intervention,indonesia,USDC
677,0.740735351846106,2197875.1149257505,472,S6_worst_case_no_intervention,indonesia,USDC
678,0.7522087440605114,2142928.237052607,472,S6_worst_case_no_intervention,indonesia,USDC
679,0.7632821459308055,2089355.031126292,472,S6_worst_case_no_intervention,indonesia,USDC
680,0.7635841831724688,2037121.1553481342,472,S6_worst_case_no_intervention,indonesia,USDC
681,0.749529875217744,1986193.1264644312,472,S6_worst_case_no_intervention,indonesia,USDC
682,0.7497627038463045,1936538.2983028204,472,S6_worst_case_no_intervention,indonesia,USDC
683,0.7468069536242073,1888124.8408452498,472,S6_worst_case_no_intervention,indonesia,USDC
684,0.7543734222155836,1840921.7198241185,472,S6_worst_case_no_intervention,indonesia,USDC
685,0.7400522765383705,1794898.6768285157,472,S6_worst_case_no_intervention,indonesia,USDC
686,0.7708335400152299,1750026.2099078028,472,S6_worst_case_no_intervention,indonesia,USDC
687,0.7746728404407319,1706275.5546601075,472,S6_worst_case_no_intervention,indonesia,USDC
688,0.7511494603686816,1663618.6657936047,472,S6_worst_case_no_intervention,indonesia,USDC
689,0.7587920957015066,1622028.1991487648,472,S6_worst_case_no_intervention,indonesia,USDC
690,0.7869420263137186,1581477.4941700455,472,S6_worst_case_no_intervention,indonesia,USDC
691,0.796594077090291,1541940.5568157944,472,S6_worst_case_no_intervention,indonesia,USDC
692,0.7951875019864884,1503392.0428953995,472,S6_worst_case_no_intervention,indonesia,USDC
693,0.7902699434976688,1465807.2418230146,472,S6_worst_case_no_intervention,indonesia,USDC
694,0.7650813326817263,1429162.0607774393,472,S6_worst_case_no_intervention,indonesia,USDC
695,0.7635898522369207,1393433.0092580034,472,S6_worst_case_no_intervention,indonesia,USDC
696,0.7798813985402535,1358597.1840265533,472,S6_worst_case_no_intervention,indonesia,USDC
697,0.7838925670778603,1324632.2544258893,472,S6_worst_case_no_intervention,indonesia,USDC
698,0.766074521538586,1291516.448065242,472,S6_worst_case_no_intervention,indonesia,USDC
699,0.7687013762566898,1259228.536863611,472,S6_worst_case_no_intervention,indonesia,USDC
700,0.7804393187898805,1227747.8234420207,472,S6_worst_case_no_intervention,indonesia,USDC
701,0.7698826683556758,1197054.12785597,472,S6_worst_case_no_intervention,indonesia,USDC
702,0.7803485989564721,1167127.774659571,472,S6_worst_case_no_intervention,indonesia,USDC
703,0.7928563049172824,1137949.5802930817,472,S6_worst_case_no_intervention,indonesia,USDC
704,0.7984845866788493,1109500.8407857546,472,S6_worst_case_no_intervention,indonesia,USDC
705,0.7796650759341001,1081763.319766111,472,S6_worst_case_no_intervention,indonesia,USDC
706,0.7848499719412557,1054719.236771958,472,S6_worst_case_no_intervention,indonesia,USDC
707,0.7852791765196829,1028351.255852659,472,S6_worst_case_no_intervention,indonesia,USDC
708,0.7818569588320444,1002642.4744563426,472,S6_worst_case_no_intervention,indonesia,USDC
709,0.779821488982342,977576.412594934,472,S6_worst_case_no_intervention,indonesia,USDC
710,0.7905058745502606,953137.0022800607,472,S6_worst_case_no_intervention,indonesia,USDC
711,0.7797563530123005,929308.5772230591,472,S6_worst_case_no_intervention,indonesia,USDC
712,0.8089122007137403,906075.8627924828,472,S6_worst_case_no_intervention,indonesia,USDC
713,0.802348324156761,883423.9662226707,472,S6_worst_case_no_intervention,indonesia,USDC
714,0.8122353475326445,861338.3670671039,472,S6_worst_case_no_intervention,indonesia,USDC
715,0.8264885744569456,839804.9078904262,472,S6_worst_case_no_intervention,indonesia,USDC
716,0.8015750481333086,818809.7851931655,472,S6_worst_case_no_intervention,indonesia,USDC
717,0.8044773993595759,798339.5405633365,472,S6_worst_case_no_intervention,indonesia,USDC
718,0.7963762376102288,778381.052049253,472,S6_worst_case_no_intervention,indonesia,USDC
719,0.8211536029196013,758921.5257480218,472,S6_worst_case_no_intervention,indonesia,USDC
720,0.7945807988581163,739948.4876043212,472,S6_worst_case_no_intervention,indonesia,USDC
721,0.7992406760276745,721449.7754142132,472,S6_worst_case_no_intervention,indonesia,USDC
722,0.7770853486575479,703413.5310288578,472,S6_worst_case_no_intervention,indonesia,USDC
723,0.780281113246199,685828.1927531364,472,S6_worst_case_no_intervention,indonesia,USDC
724,0.7888338126027554,668682.4879343079,472,S6_worst_case_no_intervention,indonesia,USDC
725,0.8024164635794063,651965.4257359502,472,S6_worst_case_no_intervention,indonesia,USDC
726,0.8051378882113386,635666.2900925516,472,S6_worst_case_no_intervention,indonesia,USDC
727,0.768148147605879,619774.6328402377,472,S6_worst_case_no_intervention,indonesia,USDC
728,0.7866093891263963,604280.2670192318,472,S6_worst_case_no_intervention,indonesia,USDC
729,0.7958961183453824,589173.2603437509,472,S6_worst_case_no_intervention,indonesia,USDC
730,0.7673627922564173,574443.9288351573,472,S6_worst_case_no_intervention,indonesia,USDC
731,0.7760893601903608,560082.8306142783,472,S6_worst_case_no_intervention,indonesia,USDC
732,0.7792240143733367,546080.7598489213,472,S6_worst_case_no_intervention,indonesia,USDC
733,0.786154289831221,532428.7408526983,472,S6_worst_case_no_intervention,indonesia,USDC
734,0.7856613153876616,519118.02233138087,472,S6_worst_case_no_intervention,indonesia,USDC
735,0.7649982769247511,506140.07177309634,472,S6_worst_case_no_intervention,indonesia,USDC
736,0.7716391316971415,493486.56997876894,472,S6_worst_case_no_intervention,indonesia,USDC
737,0.7595795322623051,481149.40572929976,472,S6_worst_case_no_intervention,indonesia,USDC
738,0.7729205924254847,469120.67058606725,472,S6_worst_case_no_intervention,indonesia,USDC
739,0.7771445733231186,457392.65382141556,472,S6_worst_case_no_intervention,indonesia,USDC
740,0.763949153324389,445957.83747588017,472,S6_worst_case_no_intervention,indonesia,USDC
741,0.7770547122664603,434808.8915389831,472,S6_worst_case_no_intervention,indonesia,USDC
742,0.7697263595752204,423938.6692505086,472,S6_worst_case_no_intervention,indonesia,USDC
743,0.7682436869358356,413340.2025192459,472,S6_worst_case_no_intervention,indonesia,USDC
744,0.7695671091472673,403006.69745626475,472,S6_worst_case_no_intervention,indonesia,USDC
745,0.7781408081477686,392931.53001985815,472,S6_worst_case_no_intervention,indonesia,USDC
746,0.7858939904920536,383108.24176936166,472,S6_worst_case_no_intervention,indonesia,USDC
747,0.7711225332013224,373530.5357251276,472,S6_worst_case_no_intervention,indonesia,USDC
748,0.7796856393375332,364192.2723319994,472,S6_worst_case_no_intervention,indonesia,USDC
749,0.8138207579508886,355087.4655236994,472,S6_worst_case_no_intervention,indonesia,USDC
750,0.8111849678647076,346210.27888560697,472,S6_worst_case_no_intervention,indonesia,USDC
751,0.8021487973729867,337555.02191346674,472,S6_worst_case_no_intervention,indonesia,USDC
752,0.7796628766151621,329116.1463656301,472,S6_worst_case_no_intervention,indonesia,USDC
753,0.7936967008439382,320888.24270648934,472,S6_worst_case_no_intervention,indonesia,USDC
754,0.7903810554699923,312866.0366388271,472,S6_worst_case_no_intervention,indonesia,USDC
755,0.7998448673640494,305044.38572285644,472,S6_worst_case_no_intervention,indonesia,USDC
756,0.8000577975267064,297418.2760797851,472,S6_worst_case_no_intervention,indonesia,USDC
757,0.8071927032951407,289982.8191777904,472,S6_worst_case_no_intervention,indonesia,USDC
758,0.8169352080597915,282733.2486983456,472,S6_worst_case_no_intervention,indonesia,USDC
759,0.8148295504286054,275664.917480887,472,S6_worst_case_no_intervention,indonesia,USDC
760,0.8513462662269358,268773.2945438648,472,S6_worst_case_no_intervention,indonesia,USDC
761,0.8292990759688836,262053.9621802682,472,S6_worst_case_no_intervention,indonesia,USDC
762,0.7940056939345306,255502.61312576148,472,S6_worst_case_no_intervention,indonesia,USDC
763,0.7918821347152276,249115.04779761744,472,S6_worst_case_no_intervention,indonesia,USDC
764,0.7998245847168319,242887.171602677,472,S6_worst_case_no_intervention,indonesia,USDC
765,0.7715686693923927,236814.9923126101,472,S6_worst_case_no_intervention,indonesia,USDC
766,0.7603893932793956,230894.6175047948,472,S6_worst_case_no_intervention,indonesia,USDC
767,0.7714763358571425,225122.25206717494,472,S6_worst_case_no_intervention,indonesia,USDC
768,0.7544441467636508,219494.19576549556,472,S6_worst_case_no_intervention,indonesia,USDC
769,0.769047979100825,214006.84087135817,472,S6_worst_case_no_intervention,indonesia,USDC
770,0.801394167192963,208656.66984957422,472,S6_worst_case_no_intervention,indonesia,USDC
771,0.79928770148106,203440.25310333486,472,S6_worst_case_no_intervention,indonesia,USDC
772,0.8059327075012427,198354.24677575147,472,S6_worst_case_no_intervention,indonesia,USDC
773,0.7754926146972644,193395.39060635772,472,S6_worst_case_no_intervention,indonesia,USDC
774,0.7604236258791224,188560.50584119876,472,S6_worst_case_no_intervention,indonesia,USDC
775,0.7671391547273727,183846.4931951688,472,S6_worst_case_no_intervention,indonesia,USDC
776,0.7775850328007367,179250.33086528958,472,S6_worst_case_no_intervention,indonesia,USDC
777,0.7701257067896844,174769.07259365733,472,S6_worst_case_no_intervention,indonesia,USDC
778,0.7675376253488705,170399.8457788159,472,S6_worst_case_no_intervention,indonesia,USDC
779,0.7919649122781609,166139.8496343455,472,S6_worst_case_no_intervention,indonesia,USDC
780,0.7911326926215875,161986.35339348688,472,S6_worst_case_no_intervention,indonesia,USDC
781,0.7975803498254449,157936.69455864967,472,S6_worst_case_no_intervention,indonesia,USDC
782,0.7925692993698071,153988.27719468344,472,S6_worst_case_no_intervention,indonesia,USDC
783,0.8023349745618963,150138.57026481637,472,S6_worst_case_no_intervention,indonesia,USDC
784,0.7946092578775541,146385.10600819596,472,S6_worst_case_no_intervention,indonesia,USDC
785,0.7863602679954312,142725.47835799106,472,S6_worst_case_no_intervention,indonesia,USDC
786,0.7951073289497131,139157.3413990413,472,S6_worst_case_no_intervention,indonesia,USDC
787,0.8115401317120657,135678.40786406526,472,S6_worst_case_no_intervention,indonesia,USDC
788,0.8121099230418152,132286.44766746362,472,S6_worst_case_no_intervention,indonesia,USDC
789,0.8170240799595817,128979.28647577703,472,S6_worst_case_no_intervention,indonesia,USDC
790,0.8204644763740647,125754.8043138826,472,S6_worst_case_no_intervention,indonesia,USDC
791,0.802136425846567,122610.93420603554,472,S6_worst_case_no_intervention,indonesia,USDC
792,0.8044755208964863,119545.66085088465,472,S6_worst_case_no_intervention,indonesia,USDC
793,0.8302262420523816,116557.01932961254,472,S6_worst_case_no_intervention,indonesia,USDC
794,0.8322388359905615,113643.09384637223,472,S6_worst_case_no_intervention,indonesia,USDC
795,0.8136281060453953,110802.01650021292,472,S6_worst_case_no_intervention,indonesia,USDC
796,0.7957170246971791,108031.9660877076,472,S6_worst_case_no_intervention,indonesia,USDC
797,0.8174277145213957,105331.16693551492,472,S6_worst_case_no_intervention,indonesia,USDC
798,0.7998425950553874,102697.88776212704,472,S6_worst_case_no_intervention,indonesia,USDC
799,0.8130597906987435,100130.44056807386,472,S6_worst_case_no_intervention,indonesia,USDC
800,0.8030928168537653,97627.17955387202,472,S6_worst_case_no_intervention,indonesia,USDC
801,0.8089644069257896,95186.50006502522,472,S6_worst_case_no_intervention,indonesia,USDC
802,0.8104742986689096,92806.83756339959,472,S6_worst_case_no_intervention,indonesia,USDC
803,0.8006036033193781,90486.66662431459,472,S6_worst_case_no_intervention,indonesia,USDC
804,0.7968606304207403,88224.49995870673,472,S6_worst_case_no_intervention,indonesia,USDC
805,0.7808022045656765,86018.88745973907,472,S6_worst_case_no_intervention,indonesia,USDC
806,0.8054504717159787,83868.4152732456,472,S6_worst_case_no_intervention,indonesia,USDC
807,0.8063091263296948,81771.70489141444,472,S6_worst_case_no_intervention,indonesia,USDC
808,0.7945117999882922,79727.4122691291,472,S6_worst_case_no_intervention,indonesia,USDC
809,0.7786503644458046,77734.22696240086,472,S6_worst_case_no_intervention,indonesia,USDC
810,0.7896668256005328,75790.87128834084,472,S6_worst_case_no_intervention,indonesia,USDC
811,0.8078459740732707,73896.09950613232,472,S6_worst_case_no_intervention,indonesia,USDC
812,0.8345622851758094,72048.69701847901,472,S6_worst_case_no_intervention,indonesia,USDC
813,0.8618021111049673,70247.47959301705,472,S6_worst_case_no_intervention,indonesia,USDC
814,0.8675910716560667,68491.29260319161,472,S6_worst_case_no_intervention,indonesia,USDC
815,0.8776948626454711,66779.01028811182,472,S6_worst_case_no_intervention,indonesia,USDC
816,0.8542938683455489,65109.53503090903,472,S6_worst_case_no_intervention,indonesia,USDC
817,0.8525120852867685,63481.796655136306,472,S6_worst_case_no_intervention,indonesia,USDC
818,0.8494368868668452,61894.7517387579,472,S6_worst_case_no_intervention,indonesia,USDC
819,0.8478239163947275,60347.38294528895,472,S6_worst_case_no_intervention,indonesia,USDC
820,0.8552728396777425,58838.69837165672,472,S6_worst_case_no_intervention,indonesia,USDC
821,0.8672781197163979,57367.73091236531,472,S6_worst_case_no_intervention,indonesia,USDC
822,0.8826366295124827,55933.537639556176,472,S6_worst_case_no_intervention,indonesia,USDC
823,0.8754464900421924,54535.199198567265,472,S6_worst_case_no_intervention,indonesia,USDC
824,0.8683087422845268,53171.819218603094,472,S6_worst_case_no_intervention,indonesia,USDC
825,0.8511520000763708,51842.52373813801,472,S6_worst_case_no_intervention,indonesia,USDC
826,0.8464005101659906,50546.46064468456,472,S6_worst_case_no_intervention,indonesia,USDC
827,0.8629450842072407,49282.79912856744,472,S6_worst_case_no_intervention,indonesia,USDC
828,0.8819330065720395,48050.72915035326,472,S6_worst_case_no_intervention,indonesia,USDC
829,0.8783670512915359,46849.46092159443,472,S6_worst_case_no_intervention,indonesia,USDC
830,0.8640002867861627,45678.224398554565,472,S6_worst_case_no_intervention,indonesia,USDC
831,0.8312612349703437,44536.26878859071,472,S6_worst_case_no_intervention,indonesia,USDC
832,0.828807744969932,43422.86206887593,472,S6_worst_case_no_intervention,indonesia,USDC
833,0.8051488021550988,42337.29051715403,472,S6_worst_case_no_intervention,indonesia,USDC
834,0.7723497495146018,41278.85825422518,472,S6_worst_case_no_intervention,indonesia,USDC
835,0.753463454992506,40246.886797869556,472,S6_worst_case_no_intervention,indonesia,USDC
836,0.7549982882174663,39240.71462792282,472,S6_worst_case_no_intervention,indonesia,USDC
837,0.7285897938174424,38259.69676222475,472,S6_worst_case_no_intervention,indonesia,USDC
838,0.7302933813854408,37303.20434316913,472,S6_worst_case_no_intervention,indonesia,USDC
839,0.757669421821943,36370.6242345899,472,S6_worst_case_no_intervention,indonesia,USDC
840,0.6420744890399839,35461.35862872515,472,S6_worst_case_no_intervention,indonesia,USDC
841,0.6467159268094024,34574.82466300702,472,S6_worst_case_no_intervention,indonesia,USDC
842,0.6747421473478624,33710.45404643185,472,S6_worst_case_no_intervention,indonesia,USDC
843,0.7086586030265192,32867.69269527105,472,S6_worst_case_no_intervention,indonesia,USDC
844,0.7117114484221574,32046.00037788927,472,S6_worst_case_no_intervention,indonesia,USDC
845,0.7360881129330891,31244.850368442043,472,S6_worst_case_no_intervention,indonesia,USDC
846,0.7403377132340447,30463.729109230993,472,S6_worst_case_no_intervention,indonesia,USDC
847,0.7331879806346951,29702.135881500217,472,S6_worst_case_no_intervention,indonesia,USDC
848,0.7312127326429004,28959.582484462713,472,S6_worst_case_no_intervention,indonesia,USDC
849,0.7816801638828851,28235.59292235114,472,S6_worst_case_no_intervention,indonesia,USDC
850,0.7763336452680715,27529.70309929237,472,S6_worst_case_no_intervention,indonesia,USDC
851,0.7685162889034545,26841.460521810055,472,S6_worst_case_no_intervention,indonesia,USDC
852,0.7628373219177002,26170.424008764803,472,S6_worst_case_no_intervention,indonesia,USDC
853,0.7657992892208985,25516.163408545683,472,S6_worst_case_no_intervention,indonesia,USDC
854,0.7814029786957568,24878.259323332037,472,S6_worst_case_no_intervention,indonesia,USDC
855,0.7929285660132108,24256.30284024874,472,S6_worst_case_no_intervention,indonesia,USDC
856,0.7945511309465338,23649.895269242523,472,S6_worst_case_no_intervention,indonesia,USDC
857,0.8065940288011081,23058.64788751146,472,S6_worst_case_no_intervention,indonesia,USDC
858,0.7908570863898521,22482.181690323672,472,S6_worst_case_no_intervention,indonesia,USDC
859,0.7895029071543627,21920.127148065578,472,S6_worst_case_no_intervention,indonesia,USDC
860,0.7748358897361285,21372.12396936394,472,S6_worst_case_no_intervention,indonesia,USDC
861,0.7739896772700117,20837.820870129843,472,S6_worst_case_no_intervention,indonesia,USDC
862,0.7758463388672392,20316.875348376594,472,S6_worst_case_no_intervention,indonesia,USDC
863,0.7915914909134258,19808.953464667182,472,S6_worst_case_no_intervention,indonesia,USDC
864,0.772453555209436,19313.7296280505,472,S6_worst_case_no_intervention,indonesia,USDC
865,0.7600864523423714,18830.886387349237,472,S6_worst_case_no_intervention,indonesia,USDC
866,0.76587037072496,18360.11422766551,472,S6_worst_case_no_intervention,indonesia,USDC
867,0.7659434334575511,17901.11137197387,472,S6_worst_case_no_intervention,indonesia,USDC
868,0.7812615135717247,17453.583587674522,472,S6_worst_case_no_intervention,indonesia,USDC
869,0.7848414760860997,17017.243997982663,472,S6_worst_case_no_intervention,indonesia,USDC
870,0.8061988611423627,16591.812898033095,472,S6_worst_case_no_intervention,indonesia,USDC
871,0.7874121118940859,16177.017575582267,472,S6_worst_case_no_intervention,indonesia,USDC
872,0.7979710759062982,15772.59213619271,472,S6_worst_case_no_intervention,indonesia,USDC
873,0.7894040471649815,15378.277332787893,472,S6_worst_case_no_intervention,indonesia,USDC
874,0.7893137827741481,14993.820399468194,472,S6_worst_case_no_intervention,indonesia,USDC
875,0.7703418570606444,14618.974889481491,472,S6_worst_case_no_intervention,indonesia,USDC
876,0.7885454223932241,14253.500517244453,472,S6_worst_case_no_intervention,indonesia,USDC
877,0.8064855830792671,13897.163004313341,472,S6_worst_case_no_intervention,indonesia,USDC
878,0.8189726104338002,13549.733929205508,472,S6_worst_case_no_intervention,indonesia,USDC
879,0.7799125183146928,13210.990580975373,472,S6_worst_case_no_intervention,indonesia,USDC
880,0.801156192315953,12880.715816450987,472,S6_worst_case_no_intervention,indonesia,USDC
881,0.7907351793292142,12558.697921039715,472,S6_worst_case_no_intervention,indonesia,USDC
882,0.7838496762505452,12244.73047301372,472,S6_worst_case_no_intervention,indonesia,USDC
883,0.7896458888861825,11938.612211188378,472,S6_worst_case_no_intervention,indonesia,USDC
884,0.7758017777841235,11640.146905908667,472,S6_worst_case_no_intervention,indonesia,USDC
885,0.7968724507416871,11349.143233260951,472,S6_worst_case_no_intervention,indonesia,USDC
886,0.787946741435868,11065.414652429426,472,S6_worst_case_no_intervention,indonesia,USDC
887,0.7893591568714363,10788.779286118692,472,S6_worst_case_no_intervention,indonesia,USDC
888,0.7433828812392926,10519.059803965723,472,S6_worst_case_no_intervention,indonesia,USDC
889,0.7470488738812652,10256.083308866582,472,S6_worst_case_no_intervention,indonesia,USDC
890,0.7489106530806702,9999.681226144916,472,S6_worst_case_no_intervention,indonesia,USDC
891,0.7621706398464986,9749.689195491294,472,S6_worst_case_no_intervention,indonesia,USDC
892,0.7571884624422095,9505.946965604013,472,S6_worst_case_no_intervention,indonesia,USDC
893,0.7320679231938636,9268.298291463912,472,S6_worst_case_no_intervention,indonesia,USDC
894,0.7347897552907408,9036.590834177314,472,S6_worst_case_no_intervention,indonesia,USDC
895,0.7454722115834981,8810.67606332288,472,S6_worst_case_no_intervention,indonesia,USDC
896,0.7407181509406942,8590.40916173981,472,S6_worst_case_no_intervention,indonesia,USDC
897,0.7467655717874272,8375.648932696313,472,S6_worst_case_no_intervention,indonesia,USDC
898,0.7263828803501837,8166.257709378906,472,S6_worst_case_no_intervention,indonesia,USDC
899,0.7134491113640214,7962.101266644433,472,S6_worst_case_no_intervention,indonesia,USDC
900,0.7428812540072629,7763.048734978322,472,S6_worst_case_no_intervention,indonesia,USDC
901,0.7504361193824178,7568.972516603864,472,S6_worst_case_no_intervention,indonesia,USDC
902,0.7445597257674239,7379.748203688768,472,S6_worst_case_no_intervention,indonesia,USDC
903,0.7489798752252569,7195.254498596549,472,S6_worst_case_no_intervention,indonesia,USDC
904,0.7584802629653145,7015.373136131636,472,S6_worst_case_no_intervention,indonesia,USDC
905,0.7292525735589278,6839.988807728345,472,S6_worst_case_no_intervention,indonesia,USDC
906,0.7356914551939328,6668.989087535136,472,S6_worst_case_no_intervention,indonesia,USDC
907,0.7386305255255025,6502.264360346757,472,S6_worst_case_no_intervention,indonesia,USDC
908,0.7426290778893652,6339.707751338088,472,S6_worst_case_no_intervention,indonesia,USDC
909,0.7451238180141505,6181.215057554637,472,S6_worst_case_no_intervention,indonesia,USDC
910,0.7564207725131579,6026.684681115771,472,S6_worst_case_no_intervention,indonesia,USDC
911,0.7608134630126514,5876.017564087876,472,S6_worst_case_no_intervention,indonesia,USDC
912,0.7840197932312817,5729.11712498568,472,S6_worst_case_no_intervention,indonesia,USDC
913,0.7478056155713555,5585.889196861038,472,S6_worst_case_no_intervention,indonesia,USDC
914,0.73780808719655,5446.241966939511,472,S6_worst_case_no_intervention,indonesia,USDC
915,0.7588693748908596,5310.085917766024,472,S6_worst_case_no_intervention,indonesia,USDC
916,0.7638567680666521,5177.333769821873,472,S6_worst_case_no_intervention,indonesia,USDC
917,0.7702586244694917,5047.900425576327,472,S6_worst_case_no_intervention,indonesia,USDC
918,0.7808962577440061,4921.702914936918,472,S6_worst_case_no_intervention,indonesia,USDC
919,0.7988525418090527,4798.660342063495,472,S6_worst_case_no_intervention,indonesia,USDC
920,0.7777982678072725,4678.6938335119075,472,S6_worst_case_no_intervention,indonesia,USDC
921,0.7894397588735637,4561.72648767411,472,S6_worst_case_no_intervention,indonesia,USDC
922,0.7882245068462309,4447.683325482257,472,S6_worst_case_no_intervention,indonesia,USDC
923,0.7957289776766462,4336.491242345201,472,S6_worst_case_no_intervention,indonesia,USDC
924,0.8123306888069813,4228.07896128657,472,S6_worst_case_no_intervention,indonesia,USDC
925,0.7955278353848149,4122.376987254406,472,S6_worst_case_no_intervention,indonesia,USDC
926,0.7887390023496007,4019.3175625730464,472,S6_worst_case_no_intervention,indonesia,USDC
927,0.7783912396345828,3918.83462350872,472,S6_worst_case_no_intervention,indonesia,USDC
928,0.7582830611231418,3820.8637579210017,472,S6_worst_case_no_intervention,indonesia,USDC
929,0.7709606108606383,3725.342163972977,472,S6_worst_case_no_intervention,indonesia,USDC
930,0.7515761268504509,3632.2086098736518,472,S6_worst_case_no_intervention,indonesia,USDC
931,0.7705307991245709,3541.403394626811,472,S6_worst_case_no_intervention,indonesia,USDC
932,0.7805685570131737,3452.8683097611406,472,S6_worst_case_no_intervention,indonesia,USDC
933,0.785847663917297,3366.5466020171125,472,S6_worst_case_no_intervention,indonesia,USDC
934,0.780412622039377,3282.3829369666846,472,S6_worst_case_no_intervention,indonesia,USDC
935,0.652216919618744,3200.3233635425167,472,S6_worst_case_no_intervention,indonesia,USDC
936,0.6738522053664231,3120.3152794539546,472,S6_worst_case_no_intervention,indonesia,USDC
937,0.7002620334752635,3042.3073974676054,472,S6_worst_case_no_intervention,indonesia,USDC
938,0.6943978141217539,2966.2497125309155,472,S6_worst_case_no_intervention,indonesia,USDC
939,0.7317806442669134,2892.0934697176426,472,S6_worst_case_no_intervention,indonesia,USDC
940,0.7418288344848046,2819.7911329747017,472,S6_worst_case_no_intervention,indonesia,USDC
941,0.7491899332665186,2749.2963546503343,472,S6_worst_case_no_intervention,indonesia,USDC
942,0.7339022539020115,2680.5639457840757,472,S6_worst_case_no_intervention,indonesia,USDC
943,0.7556325548423267,2613.549847139474,472,S6_worst_case_no_intervention,indonesia,USDC
944,0.7391877658043045,2548.211100960987,472,S6_worst_case_no_intervention,indonesia,USDC
945,0.737490590694807,2484.5058234369626,472,S6_worst_case_no_intervention,indonesia,USDC
946,0.727247642639457,2422.393177851038,472,S6_worst_case_no_intervention,indonesia,USDC
947,0.7562733467413707,2361.8333484047625,472,S6_worst_case_no_intervention,indonesia,USDC
948,0.7717496107811698,2302.787514694643,472,S6_worst_case_no_intervention,indonesia,USDC
949,0.777118798031245,2245.2178268272773,472,S6_worst_case_no_intervention,indonesia,USDC
950,0.7774208963831464,2189.0873811565953,472,S6_worst_case_no_intervention,indonesia,USDC
951,0.7720088966979214,2134.3601966276806,472,S6_worst_case_no_intervention,indonesia,USDC
952,0.7646825086284756,2081.001191711988,472,S6_worst_case_no_intervention,indonesia,USDC
953,0.751571542905475,2028.9761619191886,472,S6_worst_case_no_intervention,indonesia,USDC
954,0.7716306425582816,1978.2517578712086,472,S6_worst_case_no_intervention,indonesia,USDC
955,0.7607454929465152,1928.7954639244285,472,S6_worst_case_no_intervention,indonesia,USDC
956,0.7719987735350513,1880.5755773263181,472,S6_worst_case_no_intervention,indonesia,USDC
957,0.7910964553543527,1833.56118789316,472,S6_worst_case_no_intervention,indonesia,USDC
958,0.7929015504306163,1787.722158195831,472,S6_worst_case_no_intervention,indonesia,USDC
959,0.788535669508825,1743.029104240935,472,S6_worst_case_no_intervention,indonesia,USDC
960,0.7732831906208242,1699.4533766349116,472,S6_worst_case_no_intervention,indonesia,USDC
961,0.7984341483633401,1656.9670422190388,472,S6_worst_case_no_intervention,indonesia,USDC
962,0.8145907735861259,1615.5428661635628,472,S6_worst_case_no_intervention,indonesia,USDC
963,0.7976683952813275,1575.154294509474,472,S6_worst_case_no_intervention,indonesia,USDC
964,0.7930119689606308,1535.7754371467372,472,S6_worst_case_no_intervention,indonesia,USDC
965,0.8009898633849077,1497.381051218069,472,S6_worst_case_no_intervention,indonesia,USDC
966,0.7868620047379865,1459.9465249376171,472,S6_worst_case_no_intervention,indonesia,USDC
967,0.7862538678568259,1423.4478618141766,472,S6_worst_case_no_intervention,indonesia,USDC
968,0.7798748006106886,1387.8616652688222,472,S6_worst_case_no_intervention,indonesia,USDC
969,0.7793997128215759,1353.1651236371015,472,S6_worst_case_no_intervention,indonesia,USDC
970,0.7699168707057737,1319.335995546174,472,S6_worst_case_no_intervention,indonesia,USDC
971,0.8044290731629288,1286.3525956575197,472,S6_worst_case_no_intervention,indonesia,USDC
972,0.7973735699395531,1254.1937807660815,472,S6_worst_case_no_intervention,indonesia,USDC
973,0.8115773814216329,1222.8389362469295,472,S6_worst_case_no_intervention,indonesia,USDC
974,0.8296233574822514,1192.2679628407564,472,S6_worst_case_no_intervention,indonesia,USDC
975,0.8474166941743195,1162.4612637697373,472,S6_worst_case_no_intervention,indonesia,USDC
976,0.851748722346542,1133.399732175494,472,S6_worst_case_no_intervention,indonesia,USDC
977,0.8644873590809549,1105.0647388711066,472,S6_worst_case_no_intervention,indonesia,USDC
978,0.8476136597239153,1077.438120399329,472,S6_worst_case_no_intervention,indonesia,USDC
979,0.8516464445968833,1050.5021673893457,472,S6_worst_case_no_intervention,indonesia,USDC
980,0.8482243202446894,1024.239613204612,472,S6_worst_case_no_intervention,indonesia,USDC
981,0.841146503715477,998.6336228744967,472,S6_worst_case_no_intervention,indonesia,USDC
982,0.8623607606004697,973.6677823026344,472,S6_worst_case_no_intervention,indonesia,USDC
983,0.8700258101527841,949.3260877450684,472,S6_worst_case_no_intervention,indonesia,USDC
984,0.8543223290129274,925.5929355514418,472,S6_worst_case_no_intervention,indonesia,USDC
985,0.8484260711818198,902.4531121626557,472,S6_worst_case_no_intervention,indonesia,USDC
986,0.8473438517122945,879.8917843585893,472,S6_worst_case_no_intervention,indonesia,USDC
987,0.8368072349204245,857.8944897496245,472,S6_worst_case_no_intervention,indonesia,USDC
988,0.814671419508694,836.447127505884,472,S6_worst_case_no_intervention,indonesia,USDC
989,0.8099920684088251,815.5359493182368,472,S6_worst_case_no_intervention,indonesia,USDC
990,0.793692011339075,795.1475505852809,472,S6_worst_case_no_intervention,indonesia,USDC
991,0.785093627269575,775.2688618206489,472,S6_worst_case_no_intervention,indonesia,USDC
992,0.7880683872307489,755.8871402751327,472,S6_worst_case_no_intervention,indonesia,USDC
993,0.791238995135945,736.9899617682544,472,S6_worst_case_no_intervention,indonesia,USDC
994,0.7813676798209841,718.565212724048,472,S6_worst_case_no_intervention,indonesia,USDC
995,0.7796695706794126,700.6010824059467,472,S6_worst_case_no_intervention,indonesia,USDC
996,0.7652933626605848,683.0860553457981,472,S6_worst_case_no_intervention,indonesia,USDC
997,0.7447173452917715,666.0089039621531,472,S6_worst_case_no_intervention,indonesia,USDC
998,0.7279688952353512,649.3586813630993,472,S6_worst_case_no_intervention,indonesia,USDC
999,0.7321696768522479,633.1247143290218,472,S6_worst_case_no_intervention,indonesia,USDC
1000,0.7402397467599159,617.2965964707963,472,S6_worst_case_no_intervention,indonesia,USDC
