Step,price,liquidity,iteration,scenario,region,coin
1,1.0264782485505486,2989398757365.545,455,S6_worst_case_no_intervention,indonesia,USDC
2,1.026809917683192,2989398757365.545,455,S6_worst_case_no_intervention,indonesia,USDC
3,0.9982997883891743,2989398757365.545,455,S6_worst_case_no_intervention,indonesia,USDC
4,1.0279095685231476,2989398757365.545,455,S6_worst_case_no_intervention,indonesia,USDC
5,1.0488215398338387,2989398757365.545,455,S6_worst_case_no_intervention,indonesia,USDC
6,1.0190458538527305,2989398757365.545,455,S6_worst_case_no_intervention,indonesia,USDC
7,1.0252792512493183,2989398757365.545,455,S6_worst_case_no_intervention,indonesia,USDC
8,0.9945347176417179,2989398757365.545,455,S6_worst_case_no_intervention,indonesia,USDC
9,0.9804245953560835,2989398757365.545,455,S6_worst_case_no_intervention,indonesia,USDC
10,0.9943854883164964,2989398757365.545,455,S6_worst_case_no_intervention,indonesia,USDC
11,0.9791065965457935,2989398757365.545,455,S6_worst_case_no_intervention,indonesia,USDC
12,0.9742170992974244,2989398757365.545,455,S6_worst_case_no_intervention,indonesia,USDC
13,0.9846581201391805,2989398757365.545,455,S6_worst_case_no_intervention,indonesia,USDC
14,0.9773107126445555,2989398757365.545,455,S6_worst_case_no_intervention,indonesia,USDC
15,0.9798945319260418,2989398757365.545,455,S6_worst_case_no_intervention,indonesia,USDC
16,1.0113560290937027,2989398757365.545,455,S6_worst_case_no_intervention,indonesia,USDC
17,1.0068074277574897,2989398757365.545,455,S6_worst_case_no_intervention,indonesia,USDC
18,0.9939183610777984,2989398757365.545,455,S6_worst_case_no_intervention,indonesia,USDC
19,1.0109741287145564,2989398757365.545,455,S6_worst_case_no_intervention,indonesia,USDC
20,0.9789830668025488,2989398757365.545,455,S6_worst_case_no_intervention,indonesia,USDC
21,0.9752534170401165,2989398757365.545,455,S6_worst_case_no_intervention,indonesia,USDC
22,0.9496038836469064,2989398757365.545,455,S6_worst_case_no_intervention,indonesia,USDC
23,0.945869212480356,2988177059182.122,455,S6_worst_case_no_intervention,indonesia,USDC
24,0.9810968531751413,2986757886206.4893,455,S6_worst_case_no_intervention,indonesia,USDC
25,1.0023921744591675,2986757886206.4893,455,S6_worst_case_no_intervention,indonesia,USDC
26,1.008644820178101,2986757886206.4893,455,S6_worst_case_no_intervention,indonesia,USDC
27,1.010630771928016,2986757886206.4893,455,S6_worst_case_no_intervention,indonesia,USDC
28,1.0236939460731809,2986757886206.4893,455,S6_worst_case_no_intervention,indonesia,USDC
29,1.0538228440600474,2986757886206.4893,455,S6_worst_case_no_intervention,indonesia,USDC
30,1.0587630382088782,2986757886206.4893,455,S6_worst_case_no_intervention,indonesia,USDC
31,1.021301986650858,2986757886206.4893,455,S6_worst_case_no_intervention,indonesia,USDC
32,0.997445004945166,2986757886206.4893,455,S6_worst_case_no_intervention,indonesia,USDC
33,1.018628930965591,2986757886206.4893,455,S6_worst_case_no_intervention,indonesia,USDC
34,1.015331784994697,2986757886206.4893,455,S6_worst_case_no_intervention,indonesia,USDC
35,1.0273696509482362,2986757886206.4893,455,S6_worst_case_no_intervention,indonesia,USDC
36,1.0217314413817284,2986757886206.4893,455,S6_worst_case_no_intervention,indonesia,USDC
37,1.0103358110981087,2986757886206.4893,455,S6_worst_case_no_intervention,indonesia,USDC
38,1.0195034435543877,2986757886206.4893,455,S6_worst_case_no_intervention,indonesia,USDC
39,1.014358603052842,2986757886206.4893,455,S6_worst_case_no_intervention,indonesia,USDC
40,1.0276982271953854,2986757886206.4893,455,S6_worst_case_no_intervention,indonesia,USDC
41,1.0173782796944941,2986757886206.4893,455,S6_worst_case_no_intervention,indonesia,USDC
42,0.9977508346800278,2986757886206.4893,455,S6_worst_case_no_intervention,indonesia,USDC
43,1.0046020877113262,2986757886206.4893,455,S6_worst_case_no_intervention,indonesia,USDC
44,1.0310605501077759,2986757886206.4893,455,S6_worst_case_no_intervention,indonesia,USDC
45,1.0364877379866437,2986757886206.4893,455,S6_worst_case_no_intervention,indonesia,USDC
46,1.0440402439395,2986757886206.4893,455,S6_worst_case_no_intervention,indonesia,USDC
47,1.0782889897777115,2986757886206.4893,455,S6_worst_case_no_intervention,indonesia,USDC
48,1.0965110053000247,2986757886206.4893,455,S6_worst_case_no_intervention,indonesia,USDC
49,1.087299165524235,2986757886206.4893,455,S6_worst_case_no_intervention,indonesia,USDC
50,1.0630033825641494,2986757886206.4893,455,S6_worst_case_no_intervention,indonesia,USDC
51,1.0711642142906763,2986757886206.4893,455,S6_worst_case_no_intervention,indonesia,USDC
52,1.0654132001791798,2986757886206.4893,455,S6_worst_case_no_intervention,indonesia,USDC
53,1.0729767716206513,2986757886206.4893,455,S6_worst_case_no_intervention,indonesia,USDC
54,1.0953802272613755,2986757886206.4893,455,S6_worst_case_no_intervention,indonesia,USDC
55,1.0803327615083387,2986757886206.4893,455,S6_worst_case_no_intervention,indonesia,USDC
56,1.015187170545932,2986757886206.4893,455,S6_worst_case_no_intervention,indonesia,USDC
57,1.0323398638053372,2986757886206.4893,455,S6_worst_case_no_intervention,indonesia,USDC
58,1.0073500012670336,2986757886206.4893,455,S6_worst_case_no_intervention,indonesia,USDC
59,1.0121105638217427,2986757886206.4893,455,S6_worst_case_no_intervention,indonesia,USDC
60,1.0229046363921852,2986757886206.4893,455,S6_worst_case_no_intervention,indonesia,USDC
61,1.0467287604239282,2986757886206.4893,455,S6_worst_case_no_intervention,indonesia,USDC
62,1.0292331675513584,2986757886206.4893,455,S6_worst_case_no_intervention,indonesia,USDC
63,1.0478129061640196,2986757886206.4893,455,S6_worst_case_no_intervention,indonesia,USDC
64,1.0557506059789865,2986757886206.4893,455,S6_worst_case_no_intervention,indonesia,USDC
65,1.041715305600045,2986757886206.4893,455,S6_worst_case_no_intervention,indonesia,USDC
66,1.0585909142940695,2986757886206.4893,455,S6_worst_case_no_intervention,indonesia,USDC
67,1.047233299320907,2986757886206.4893,455,S6_worst_case_no_intervention,indonesia,USDC
68,1.0616514772800387,2986757886206.4893,455,S6_worst_case_no_intervention,indonesia,USDC
69,1.0507733222429412,2986757886206.4893,455,S6_worst_case_no_intervention,indonesia,USDC
70,1.0425676564971842,2986757886206.4893,455,S6_worst_case_no_intervention,indonesia,USDC
71,1.0654854941082417,2986757886206.4893,455,S6_worst_case_no_intervention,indonesia,USDC
72,1.0377889384906016,2986757886206.4893,455,S6_worst_case_no_intervention,indonesia,USDC
73,1.0464208439648877,2986757886206.4893,455,S6_worst_case_no_intervention,indonesia,USDC
74,1.039061586143776,2986757886206.4893,455,S6_worst_case_no_intervention,indonesia,USDC
75,1.0082831014994684,2986757886206.4893,455,S6_worst_case_no_intervention,indonesia,USDC
76,1.0340601308678838,2986757886206.4893,455,S6_worst_case_no_intervention,indonesia,USDC
77,1.0085523004988126,2986757886206.4893,455,S6_worst_case_no_intervention,indonesia,USDC
78,0.9950595959400055,2986757886206.4893,455,S6_worst_case_no_intervention,indonesia,USDC
79,1.0116011369207776,2986757886206.4893,455,S6_worst_case_no_intervention,indonesia,USDC
80,1.0299570952932429,2986757886206.4893,455,S6_worst_case_no_intervention,indonesia,USDC
81,1.0187894239670405,2986757886206.4893,455,S6_worst_case_no_intervention,indonesia,USDC
82,1.0105867167128257,2986757886206.4893,455,S6_worst_case_no_intervention,indonesia,USDC
83,0.9805755742476578,2986757886206.4893,455,S6_worst_case_no_intervention,indonesia,USDC
84,0.955964191775553,2986757886206.4893,455,S6_worst_case_no_intervention,indonesia,USDC
85,0.926536628627436,2985927905039.1357,455,S6_worst_case_no_intervention,indonesia,USDC
86,0.9442031073511258,2983394969638.4023,455,S6_worst_case_no_intervention,indonesia,USDC
87,0.9586977885986457,2982058572978.278,455,S6_worst_case_no_intervention,indonesia,USDC
88,0.9619931177884665,2981494273967.993,455,S6_worst_case_no_intervention,indonesia,USDC
89,0.9816939945246196,2981110029133.9194,455,S6_worst_case_no_intervention,indonesia,USDC
90,0.9726201915263664,2981110029133.9194,455,S6_worst_case_no_intervention,indonesia,USDC
91,0.9712829714543741,2981110029133.9194,455,S6_worst_case_no_intervention,indonesia,USDC
92,0.970754163989259,2981110029133.9194,455,S6_worst_case_no_intervention,indonesia,USDC
93,0.9953304337602663,2981110029133.9194,455,S6_worst_case_no_intervention,indonesia,USDC
94,0.8400134412742603,2981110029133.9194,455,S6_worst_case_no_intervention,indonesia,USDC
95,0.8481412461498041,2974180369067.422,455,S6_worst_case_no_intervention,indonesia,USDC
96,0.8655464590864922,2968641181062.3716,455,S6_worst_case_no_intervention,indonesia,USDC
97,0.9010346855840952,2964415397444.679,455,S6_worst_case_no_intervention,indonesia,USDC
98,0.8794730128706324,2961976279410.916,455,S6_worst_case_no_intervention,indonesia,USDC
99,0.8724005315694316,2959116561377.213,455,S6_worst_case_no_intervention,indonesia,USDC
100,0.8703943340098916,2956249491402.8394,455,S6_worst_case_no_intervention,indonesia,USDC
101,0.7553969842969092,2953552250974.914,455,S6_worst_case_no_intervention,indonesia,USDC
102,0.7835382770571107,2948309588468.154,455,S6_worst_case_no_intervention,indonesia,USDC
103,0.7945302001583734,2944744887081.8906,455,S6_worst_case_no_intervention,indonesia,USDC
104,0.7871663216403176,2942131357185.383,455,S6_worst_case_no_intervention,indonesia,USDC
105,0.7547048643434462,2939824458470.496,455,S6_worst_case_no_intervention,indonesia,USDC
106,0.7724065923331962,2937598702995.211,455,S6_worst_case_no_intervention,indonesia,USDC
107,0.7799271261920676,2935961091272.984,455,S6_worst_case_no_intervention,indonesia,USDC
108,0.8105230884821056,2934725425255.9883,455,S6_worst_case_no_intervention,indonesia,USDC
109,0.8072490166925792,2933884936983.5303,455,S6_worst_case_no_intervention,indonesia,USDC
110,0.8339404618269153,2933132225494.746,455,S6_worst_case_no_intervention,indonesia,USDC
111,0.8665259920202157,2932618755309.8896,455,S6_worst_case_no_intervention,indonesia,USDC
112,0.8523851671313337,2932282634856.501,455,S6_worst_case_no_intervention,indonesia,USDC
113,0.8792380096350627,2931954901233.3867,455,S6_worst_case_no_intervention,indonesia,USDC
114,0.904819073478612,2931731636847.771,455,S6_worst_case_no_intervention,indonesia,USDC
115,0.9358530556870129,2931586320389.4355,455,S6_worst_case_no_intervention,indonesia,USDC
116,0.9634862588370986,2931514126037.4507,455,S6_worst_case_no_intervention,indonesia,USDC
117,0.9510263140850878,2931502574021.8477,455,S6_worst_case_no_intervention,indonesia,USDC
118,0.980412507096666,2931463129908.8887,455,S6_worst_case_no_intervention,indonesia,USDC
119,0.9537152368403263,2931463129908.8887,455,S6_worst_case_no_intervention,indonesia,USDC
120,0.9277858068578946,2931433397570.5073,455,S6_worst_case_no_intervention,indonesia,USDC
121,0.9193377488990024,2858068613564.6865,455,S6_worst_case_no_intervention,indonesia,USDC
122,0.9108861963161307,2786522598648.5586,455,S6_worst_case_no_intervention,indonesia,USDC
123,0.8909928062782805,2716754652334.7656,455,S6_worst_case_no_intervention,indonesia,USDC
124,0.8845228021076106,2648700061092.577,455,S6_worst_case_no_intervention,indonesia,USDC
125,0.9122909507980895,2582350364133.979,455,S6_worst_case_no_intervention,indonesia,USDC
126,0.9103912111635907,2517708169926.538,455,S6_worst_case_no_intervention,indonesia,USDC
127,0.8713405839581098,2454682241439.7188,455,S6_worst_case_no_intervention,indonesia,USDC
128,0.8508019825979236,2393194334104.1562,455,S6_worst_case_no_intervention,indonesia,USDC
129,0.8627827303569899,2333231978167.3047,455,S6_worst_case_no_intervention,indonesia,USDC
130,0.8802958031682873,2274793551770.496,455,S6_worst_case_no_intervention,indonesia,USDC
131,0.8572044067625936,2217845164829.954,455,S6_worst_case_no_intervention,indonesia,USDC
132,0.8515987530757554,2162306487548.9995,455,S6_worst_case_no_intervention,indonesia,USDC
133,0.8392143142626665,2108162367617.7327,455,S6_worst_case_no_intervention,indonesia,USDC
134,0.8296367433061331,2055373921029.6147,455,S6_worst_case_no_intervention,indonesia,USDC
135,0.8302024694846858,2003907359606.8015,455,S6_worst_case_no_intervention,indonesia,USDC
136,0.8346576532044226,1953742523138.5796,455,S6_worst_case_no_intervention,indonesia,USDC
137,0.8281911093152646,1904841671909.7266,455,S6_worst_case_no_intervention,indonesia,USDC
138,0.8111367997529847,1857169881497.0195,455,S6_worst_case_no_intervention,indonesia,USDC
139,0.8126533217331465,1810690721100.0083,455,S6_worst_case_no_intervention,indonesia,USDC
140,0.7923792947086599,1765381142838.2234,455,S6_worst_case_no_intervention,indonesia,USDC
141,0.8047059858985371,1721207379316.5654,455,S6_worst_case_no_intervention,indonesia,USDC
142,0.8153549789925091,1678147841527.1343,455,S6_worst_case_no_intervention,indonesia,USDC
143,0.7981279600198996,1636170242034.1846,455,S6_worst_case_no_intervention,indonesia,USDC
144,0.8005691050483493,1595244529278.489,455,S6_worst_case_no_intervention,indonesia,USDC
145,0.7863861396146915,1555345857794.8652,455,S6_worst_case_no_intervention,indonesia,USDC
146,0.7779333936177923,1516446383170.9192,455,S6_worst_case_no_intervention,indonesia,USDC
147,0.7848127938446633,1478521128249.954,455,S6_worst_case_no_intervention,indonesia,USDC
148,0.7870329744806599,1441547411785.6545,455,S6_worst_case_no_intervention,indonesia,USDC
149,0.7957540623560603,1405500145218.156,455,S6_worst_case_no_intervention,indonesia,USDC
150,0.7910515131785884,1370356110537.285,455,S6_worst_case_no_intervention,indonesia,USDC
151,0.7969456853585208,1336091548739.3596,455,S6_worst_case_no_intervention,indonesia,USDC
152,0.758278581731863,1302684687250.031,455,S6_worst_case_no_intervention,indonesia,USDC
153,0.7754891529446561,1270113058391.665,455,S6_worst_case_no_intervention,indonesia,USDC
154,0.7699699900753515,1238357105360.3896,455,S6_worst_case_no_intervention,indonesia,USDC
155,0.7560944019938564,1207395569391.9214,455,S6_worst_case_no_intervention,indonesia,USDC
156,0.757577387201517,1177208431849.3403,455,S6_worst_case_no_intervention,indonesia,USDC
157,0.7595953398053452,1147776417787.7083,455,S6_worst_case_no_intervention,indonesia,USDC
158,0.7699813923948863,1119080596279.559,455,S6_worst_case_no_intervention,indonesia,USDC
159,0.7829758597676858,1091102498932.3245,455,S6_worst_case_no_intervention,indonesia,USDC
160,0.7762305494693712,1063824113792.3672,455,S6_worst_case_no_intervention,indonesia,USDC
161,0.7916192627776846,1037227836358.3822,455,S6_worst_case_no_intervention,indonesia,USDC
162,0.8010206899151442,1011296660892.5076,455,S6_worst_case_no_intervention,indonesia,USDC
163,0.8109960953841004,986013868936.4818,455,S6_worst_case_no_intervention,indonesia,USDC
164,0.7910842101951043,961363208383.4521,455,S6_worst_case_no_intervention,indonesia,USDC
165,0.7777377507746255,937328844292.6451,455,S6_worst_case_no_intervention,indonesia,USDC
166,0.7742393145522637,913895362184.3325,455,S6_worst_case_no_intervention,indonesia,USDC
167,0.7788001321837332,891047769204.3323,455,S6_worst_case_no_intervention,indonesia,USDC
168,0.7857145917585456,868771411257.2771,455,S6_worst_case_no_intervention,indonesia,USDC
169,0.7635905494217361,847052001282.6304,455,S6_worst_case_no_intervention,indonesia,USDC
170,0.7670126993662727,825875586922.8043,455,S6_worst_case_no_intervention,indonesia,USDC
171,0.7784299822760335,805228606088.7382,455,S6_worst_case_no_intervention,indonesia,USDC
172,0.784468168291466,785097822522.6631,455,S6_worst_case_no_intervention,indonesia,USDC
173,0.8028274735012803,765470322531.6287,455,S6_worst_case_no_intervention,indonesia,USDC
174,0.7852772466785343,746333524806.5594,455,S6_worst_case_no_intervention,indonesia,USDC
175,0.7904396509042763,727675151129.4565,455,S6_worst_case_no_intervention,indonesia,USDC
176,0.7821043631371805,709483244247.5833,455,S6_worst_case_no_intervention,indonesia,USDC
177,0.7650312475846377,691746138577.2921,455,S6_worst_case_no_intervention,indonesia,USDC
178,0.7739778904563545,674452464347.1808,455,S6_worst_case_no_intervention,indonesia,USDC
179,0.7630884133921866,657591136574.8169,455,S6_worst_case_no_intervention,indonesia,USDC
180,0.749329519308811,641151344484.1396,455,S6_worst_case_no_intervention,indonesia,USDC
181,0.7497748442642457,625122549123.9641,455,S6_worst_case_no_intervention,indonesia,USDC
182,0.7440269787560799,609494476853.2856,455,S6_worst_case_no_intervention,indonesia,USDC
183,0.7547061818556509,594257108042.1836,455,S6_worst_case_no_intervention,indonesia,USDC
184,0.7780440482301715,579400675118.9272,455,S6_worst_case_no_intervention,indonesia,USDC
185,0.7838752572966644,564915654433.832,455,S6_worst_case_no_intervention,indonesia,USDC
186,0.7681454105879792,550792760224.5178,455,S6_worst_case_no_intervention,indonesia,USDC
187,0.7623874068841614,537022938649.9641,455,S6_worst_case_no_intervention,indonesia,USDC
188,0.7770263712821904,523597363163.0791,455,S6_worst_case_no_intervention,indonesia,USDC
189,0.7763876048156556,510507427555.688,455,S6_worst_case_no_intervention,indonesia,USDC
190,0.7632777610940011,497744740576.413,455,S6_worst_case_no_intervention,indonesia,USDC
191,0.7491467680646328,485301121001.2992,455,S6_worst_case_no_intervention,indonesia,USDC
192,0.7375944555288305,473168592092.82715,455,S6_worst_case_no_intervention,indonesia,USDC
193,0.7507186098448959,461339376560.24036,455,S6_worst_case_no_intervention,indonesia,USDC
194,0.7575668539011133,449805891613.1919,455,S6_worst_case_no_intervention,indonesia,USDC
195,0.7732933289167426,438560743908.53894,455,S6_worst_case_no_intervention,indonesia,USDC
196,0.7911987973065113,427596725001.8927,455,S6_worst_case_no_intervention,indonesia,USDC
197,0.7943894192179312,416906806651.9408,455,S6_worst_case_no_intervention,indonesia,USDC
198,0.8018979247656735,406484136311.98865,455,S6_worst_case_no_intervention,indonesia,USDC
199,0.7962114245452822,396322032766.3485,455,S6_worst_case_no_intervention,indonesia,USDC
200,0.7934705296407762,386413981825.4515,455,S6_worst_case_no_intervention,indonesia,USDC
201,0.8084461253451452,376753632179.4761,455,S6_worst_case_no_intervention,indonesia,USDC
202,0.8264446494448329,367334791294.16833,455,S6_worst_case_no_intervention,indonesia,USDC
203,0.8232428107864623,358151421455.5767,455,S6_worst_case_no_intervention,indonesia,USDC
204,0.8260640495960998,349197635869.67773,455,S6_worst_case_no_intervention,indonesia,USDC
205,0.822639700385729,340467694929.4846,455,S6_worst_case_no_intervention,indonesia,USDC
206,0.8118384062974708,331956002518.23926,455,S6_worst_case_no_intervention,indonesia,USDC
207,0.7395297974576105,323657102419.8622,455,S6_worst_case_no_intervention,indonesia,USDC
208,0.7484761854276212,315565674818.6077,455,S6_worst_case_no_intervention,indonesia,USDC
209,0.7210431130243063,307676532915.9285,455,S6_worst_case_no_intervention,indonesia,USDC
210,0.7242423320060162,299984619566.1248,455,S6_worst_case_no_intervention,indonesia,USDC
211,0.7346194222863384,292485004056.60065,455,S6_worst_case_no_intervention,indonesia,USDC
212,0.7431969023495991,285172878940.5209,455,S6_worst_case_no_intervention,indonesia,USDC
213,0.7540276167379025,278043556956.2466,455,S6_worst_case_no_intervention,indonesia,USDC
214,0.7693627575582205,271092468024.44553,455,S6_worst_case_no_intervention,indonesia,USDC
215,0.7565477826895757,264315156318.1035,455,S6_worst_case_no_intervention,indonesia,USDC
216,0.7680945116905404,257707277405.38544,455,S6_worst_case_no_intervention,indonesia,USDC
217,0.7714123629490756,251264595466.69727,455,S6_worst_case_no_intervention,indonesia,USDC
218,0.7714259623949912,244982980577.2907,455,S6_worst_case_no_intervention,indonesia,USDC
219,0.7758885314093278,238858406060.60318,455,S6_worst_case_no_intervention,indonesia,USDC
220,0.7697152598486785,232886945907.31808,455,S6_worst_case_no_intervention,indonesia,USDC
221,0.7856236783144027,227064772258.18884,455,S6_worst_case_no_intervention,indonesia,USDC
222,0.7939199954996435,221388152950.6184,455,S6_worst_case_no_intervention,indonesia,USDC
223,0.7967093848778061,215853449126.00336,455,S6_worst_case_no_intervention,indonesia,USDC
224,0.8055602754674187,210457112897.1635,455,S6_worst_case_no_intervention,indonesia,USDC
225,0.8064066457918033,205195685074.19208,455,S6_worst_case_no_intervention,indonesia,USDC
226,0.8021637705154766,200065792946.88568,455,S6_worst_case_no_intervention,indonesia,USDC
227,0.8278014535882369,195064148122.8253,455,S6_worst_case_no_intervention,indonesia,USDC
228,0.8301931276490733,190187544419.47507,455,S6_worst_case_no_intervention,indonesia,USDC
229,0.8343505631968897,185432855808.75244,455,S6_worst_case_no_intervention,indonesia,USDC
230,0.8397564510842654,180797034413.33325,455,S6_worst_case_no_intervention,indonesia,USDC
231,0.8348432875485846,176277108552.838,455,S6_worst_case_no_intervention,indonesia,USDC
232,0.8470194116603226,171870180838.877,455,S6_worst_case_no_intervention,indonesia,USDC
233,0.8544000414684692,167573426317.79205,455,S6_worst_case_no_intervention,indonesia,USDC
234,0.8504186465454866,163384090659.75598,455,S6_worst_case_no_intervention,indonesia,USDC
235,0.8408393498256834,159299488393.17435,455,S6_worst_case_no_intervention,indonesia,USDC
236,0.8546504314239662,155317001183.2652,455,S6_worst_case_no_intervention,indonesia,USDC
237,0.8543753029372465,151434076153.61713,455,S6_worst_case_no_intervention,indonesia,USDC
238,0.8420612797713928,147648224249.72052,455,S6_worst_case_no_intervention,indonesia,USDC
239,0.8260697004952149,143957018643.42355,455,S6_worst_case_no_intervention,indonesia,USDC
240,0.8570504345896165,140358093177.2847,455,S6_worst_case_no_intervention,indonesia,USDC
241,0.8555362712283666,136849140847.81673,455,S6_worst_case_no_intervention,indonesia,USDC
242,0.8642856207279245,133427912326.5882,455,S6_worst_case_no_intervention,indonesia,USDC
243,0.8513177825036872,130092214518.39636,455,S6_worst_case_no_intervention,indonesia,USDC
244,0.8477384525194198,126839909155.40797,455,S6_worst_case_no_intervention,indonesia,USDC
245,0.8527623338147159,123668911426.49866,455,S6_worst_case_no_intervention,indonesia,USDC
246,0.8243247678886936,120577188640.81528,455,S6_worst_case_no_intervention,indonesia,USDC
247,0.8305847604484481,117562758924.77196,455,S6_worst_case_no_intervention,indonesia,USDC
248,0.8520248902361319,114623689951.63348,455,S6_worst_case_no_intervention,indonesia,USDC
249,0.8317199619991242,111758097702.8284,455,S6_worst_case_no_intervention,indonesia,USDC
250,0.8129853190192099,108964145260.24332,455,S6_worst_case_no_intervention,indonesia,USDC
251,0.8000230036238343,106240041628.72348,455,S6_worst_case_no_intervention,indonesia,USDC
252,0.8091240139456422,103584040587.99231,455,S6_worst_case_no_intervention,indonesia,USDC
253,0.809901853452355,100994439573.28268,455,S6_worst_case_no_intervention,indonesia,USDC
254,0.8182920849779379,98469578583.94223,455,S6_worst_case_no_intervention,indonesia,USDC
255,0.88026651219449,96007839119.337,455,S6_worst_case_no_intervention,indonesia,USDC
256,0.8799891867555253,93607643141.35025,455,S6_worst_case_no_intervention,indonesia,USDC
257,0.8976682763584396,91267452062.81352,455,S6_worst_case_no_intervention,indonesia,USDC
258,0.8787921921257688,88985765761.24101,455,S6_worst_case_no_intervention,indonesia,USDC
259,0.8584955904154119,86761121617.20734,455,S6_worst_case_no_intervention,indonesia,USDC
260,0.8486039949888846,84592093576.77426,455,S6_worst_case_no_intervention,indonesia,USDC
261,0.8529290405061322,82477291237.35205,455,S6_worst_case_no_intervention,indonesia,USDC
262,0.8294990886277477,80415358956.4159,455,S6_worst_case_no_intervention,indonesia,USDC
263,0.8134377214820823,78404974982.50296,455,S6_worst_case_no_intervention,indonesia,USDC
264,0.8127316313872067,76444850607.93805,455,S6_worst_case_no_intervention,indonesia,USDC
265,0.8179043089164707,74533729342.73758,455,S6_worst_case_no_intervention,indonesia,USDC
266,0.8065131680131634,72670386109.1675,455,S6_worst_case_no_intervention,indonesia,USDC
267,0.8007587597265032,70853626456.43684,455,S6_worst_case_no_intervention,indonesia,USDC
268,0.783036811320095,69082285795.02466,455,S6_worst_case_no_intervention,indonesia,USDC
269,0.7751364914014353,67355228650.14787,455,S6_worst_case_no_intervention,indonesia,USDC
270,0.7707224455599568,65671347933.89317,455,S6_worst_case_no_intervention,indonesia,USDC
271,0.7697538835587366,64029564235.545006,455,S6_worst_case_no_intervention,indonesia,USDC
272,0.7686322502095623,62428825129.65572,455,S6_worst_case_no_intervention,indonesia,USDC
273,0.7667348712764623,60868104501.41379,455,S6_worst_case_no_intervention,indonesia,USDC
274,0.7666395782147437,59346401888.878006,455,S6_worst_case_no_intervention,indonesia,USDC
275,0.7502385723675181,57862741841.655716,455,S6_worst_case_no_intervention,indonesia,USDC
276,0.7573236155736479,56416173295.61401,455,S6_worst_case_no_intervention,indonesia,USDC
277,0.761124734600693,55005768963.22344,455,S6_worst_case_no_intervention,indonesia,USDC
278,0.7593877216068596,53630624739.142685,455,S6_worst_case_no_intervention,indonesia,USDC
279,0.7545726893290826,52289859120.66399,455,S6_worst_case_no_intervention,indonesia,USDC
280,0.7353568728707549,50982612642.64728,455,S6_worst_case_no_intervention,indonesia,USDC
281,0.7344908430888949,49708047326.581,455,S6_worst_case_no_intervention,indonesia,USDC
282,0.7488149189690171,48465346143.416405,455,S6_worst_case_no_intervention,indonesia,USDC
283,0.7687975154812587,47253712489.83094,455,S6_worst_case_no_intervention,indonesia,USDC
284,0.7801744119403806,46072369677.58514,455,S6_worst_case_no_intervention,indonesia,USDC
285,0.7774072077681787,44920560435.64548,455,S6_worst_case_no_intervention,indonesia,USDC
286,0.7559996642044157,43797546424.75432,455,S6_worst_case_no_intervention,indonesia,USDC
287,0.7644786520948893,42702607764.13544,455,S6_worst_case_no_intervention,indonesia,USDC
288,0.7544756601420531,41635042570.032036,455,S6_worst_case_no_intervention,indonesia,USDC
289,0.7737577456535848,40594166505.78122,455,S6_worst_case_no_intervention,indonesia,USDC
290,0.7633672071674595,39579312343.13668,455,S6_worst_case_no_intervention,indonesia,USDC
291,0.7259446298957872,38589829534.55826,455,S6_worst_case_no_intervention,indonesia,USDC
292,0.7341770384308638,37625083796.19429,455,S6_worst_case_no_intervention,indonesia,USDC
293,0.7386940541545163,36684456701.28943,455,S6_worst_case_no_intervention,indonesia,USDC
294,0.7394144817069758,35767345283.75719,455,S6_worst_case_no_intervention,indonesia,USDC
295,0.7596793468980633,34873161651.66325,455,S6_worst_case_no_intervention,indonesia,USDC
296,0.7784604281297001,34001332610.371674,455,S6_worst_case_no_intervention,indonesia,USDC
297,0.7791002499135338,33151299295.11238,455,S6_worst_case_no_intervention,indonesia,USDC
298,0.8041846225522084,32322516812.734566,455,S6_worst_case_no_intervention,indonesia,USDC
299,0.8019962781632266,31514453892.416206,455,S6_worst_case_no_intervention,indonesia,USDC
300,0.7854985596593952,30726592545.1058,455,S6_worst_case_no_intervention,indonesia,USDC
301,0.7905021144112226,29958427731.478157,455,S6_worst_case_no_intervention,indonesia,USDC
302,0.7956502362156388,29209467038.1912,455,S6_worst_case_no_intervention,indonesia,USDC
303,0.818445355796195,28479230362.23642,455,S6_worst_case_no_intervention,indonesia,USDC
304,0.8129495885382908,27767249603.18051,455,S6_worst_case_no_intervention,indonesia,USDC
305,0.7919546239890062,27073068363.100998,455,S6_worst_case_no_intervention,indonesia,USDC
306,0.8027387982873777,26396241654.02347,455,S6_worst_case_no_intervention,indonesia,USDC
307,0.787648740260743,25736335612.67289,455,S6_worst_case_no_intervention,indonesia,USDC
308,0.7891203231058295,25092927222.356064,455,S6_worst_case_no_intervention,indonesia,USDC
309,0.7681192289479731,24465604041.797165,455,S6_worst_case_no_intervention,indonesia,USDC
310,0.7559508252911993,23853963940.752235,455,S6_worst_case_no_intervention,indonesia,USDC
311,0.7633083478506076,23257614842.23343,455,S6_worst_case_no_intervention,indonesia,USDC
312,0.7362070405937927,22676174471.177593,455,S6_worst_case_no_intervention,indonesia,USDC
313,0.7328929577853043,22109270109.39815,455,S6_worst_case_no_intervention,indonesia,USDC
314,0.7414118339925905,21556538356.6632,455,S6_worst_case_no_intervention,indonesia,USDC
315,0.7408831423166625,21017624897.74662,455,S6_worst_case_no_intervention,indonesia,USDC
316,0.7422678014870772,20492184275.302956,455,S6_worst_case_no_intervention,indonesia,USDC
317,0.7550773580422884,19979879668.42038,455,S6_worst_case_no_intervention,indonesia,USDC
318,0.7348445440816307,19480382676.70987,455,S6_worst_case_no_intervention,indonesia,USDC
319,0.7233817286192594,18993373109.792126,455,S6_worst_case_no_intervention,indonesia,USDC
320,0.723682422762548,18518538782.04732,455,S6_worst_case_no_intervention,indonesia,USDC
321,0.735445587902243,18055575312.49614,455,S6_worst_case_no_intervention,indonesia,USDC
322,0.7328533743532708,17604185929.683735,455,S6_worst_case_no_intervention,indonesia,USDC
323,0.7597531994894137,17164081281.441639,455,S6_worst_case_no_intervention,indonesia,USDC
324,0.7732741509525561,16734979249.4056,455,S6_worst_case_no_intervention,indonesia,USDC
325,0.7727516769703267,16316604768.17046,455,S6_worst_case_no_intervention,indonesia,USDC
326,0.7671856070361185,15908689648.966198,455,S6_worst_case_no_intervention,indonesia,USDC
327,0.7620737982610274,15510972407.742043,455,S6_worst_case_no_intervention,indonesia,USDC
328,0.7728306154940227,15123198097.548492,455,S6_worst_case_no_intervention,indonesia,USDC
329,0.7520765512227238,14745118145.10978,455,S6_worst_case_no_intervention,indonesia,USDC
330,0.7604574059586187,14376490191.482037,455,S6_worst_case_no_intervention,indonesia,USDC
331,0.7696599643529313,14017077936.694984,455,S6_worst_case_no_intervention,indonesia,USDC
332,0.7609142080619488,13666650988.27761,455,S6_worst_case_no_intervention,indonesia,USDC
333,0.7465971202807659,13324984713.570671,455,S6_worst_case_no_intervention,indonesia,USDC
334,0.7265889448901179,12991860095.731403,455,S6_worst_case_no_intervention,indonesia,USDC
335,0.7355370178882812,12667063593.338118,455,S6_worst_case_no_intervention,indonesia,USDC
336,0.7384200754733254,12350387003.504665,455,S6_worst_case_no_intervention,indonesia,USDC
337,0.768295152917462,12041627328.41705,455,S6_worst_case_no_intervention,indonesia,USDC
338,0.7886828942467116,11740586645.206621,455,S6_worst_case_no_intervention,indonesia,USDC
339,0.7613159288028603,11447071979.076456,455,S6_worst_case_no_intervention,indonesia,USDC
340,0.7735323781220548,11160895179.599545,455,S6_worst_case_no_intervention,indonesia,USDC
341,0.7440420677357663,10881872800.109556,455,S6_worst_case_no_intervention,indonesia,USDC
342,0.7402833975161426,10609825980.106815,455,S6_worst_case_no_intervention,indonesia,USDC
343,0.750689861852143,10344580330.604145,455,S6_worst_case_no_intervention,indonesia,USDC
344,0.7628180727604829,10085965822.339043,455,S6_worst_case_no_intervention,indonesia,USDC
345,0.7820314735931273,9833816676.780567,455,S6_worst_case_no_intervention,indonesia,USDC
346,0.7840713870029474,9587971259.861052,455,S6_worst_case_no_intervention,indonesia,USDC
347,0.7857540912624831,9348271978.364527,455,S6_worst_case_no_intervention,indonesia,USDC
348,0.7928681615396399,9114565178.905413,455,S6_worst_case_no_intervention,indonesia,USDC
349,0.8094399901993306,8886701049.432777,455,S6_worst_case_no_intervention,indonesia,USDC
350,0.782201443792314,8664533523.196959,455,S6_worst_case_no_intervention,indonesia,USDC
351,0.8014880630454669,8447920185.117034,455,S6_worst_case_no_intervention,indonesia,USDC
352,0.8014302669975101,8236722180.489107,455,S6_worst_case_no_intervention,indonesia,USDC
353,0.7823815608181351,8030804125.976881,455,S6_worst_case_no_intervention,indonesia,USDC
354,0.776891869890491,7830034022.827458,455,S6_worst_case_no_intervention,indonesia,USDC
355,0.7648924959595589,7634283172.256773,455,S6_worst_case_no_intervention,indonesia,USDC
356,0.7676670244052936,7443426092.950354,455,S6_worst_case_no_intervention,indonesia,USDC
357,0.7788200097960343,7257340440.626595,455,S6_worst_case_no_intervention,indonesia,USDC
358,0.7770635470154553,7075906929.610929,455,S6_worst_case_no_intervention,indonesia,USDC
359,0.7631830415964489,6899009256.370655,455,S6_worst_case_no_intervention,indonesia,USDC
360,0.7792484725441965,6726534024.96139,455,S6_worst_case_no_intervention,indonesia,USDC
361,0.825814598780028,6558370674.337355,455,S6_worst_case_no_intervention,indonesia,USDC
362,0.8329214865334634,6394411407.478921,455,S6_worst_case_no_intervention,indonesia,USDC
363,0.7987440151227723,6234551122.291948,455,S6_worst_case_no_intervention,indonesia,USDC
364,0.7813334914498111,6078687344.23465,455,S6_worst_case_no_intervention,indonesia,USDC
365,0.7948188163396874,5926720160.628783,455,S6_worst_case_no_intervention,indonesia,USDC
366,0.780683631757524,5778552156.613064,455,S6_worst_case_no_intervention,indonesia,USDC
367,0.8094498400990883,5634088352.697737,455,S6_worst_case_no_intervention,indonesia,USDC
368,0.8034155832875824,5493236143.880294,455,S6_worst_case_no_intervention,indonesia,USDC
369,0.7761723813796876,5355905240.283286,455,S6_worst_case_no_intervention,indonesia,USDC
370,0.7797743120105102,5222007609.276204,455,S6_worst_case_no_intervention,indonesia,USDC
371,0.7203618795287381,5091457419.044298,455,S6_worst_case_no_intervention,indonesia,USDC
372,0.7178138990263297,4964170983.568192,455,S6_worst_case_no_intervention,indonesia,USDC
373,0.7282770393143521,4840066708.978987,455,S6_worst_case_no_intervention,indonesia,USDC
374,0.7164876434639529,4719065041.254512,455,S6_worst_case_no_intervention,indonesia,USDC
375,0.721170465864883,4601088415.223149,455,S6_worst_case_no_intervention,indonesia,USDC
376,0.7208093846259942,4486061204.84257,455,S6_worst_case_no_intervention,indonesia,USDC
377,0.7150764889416793,4373909674.721506,455,S6_worst_case_no_intervention,indonesia,USDC
378,0.7185379673076967,4264561932.853468,455,S6_worst_case_no_intervention,indonesia,USDC
379,0.7321666244739844,4157947884.532132,455,S6_worst_case_no_intervention,indonesia,USDC
380,0.7233747390212469,4053999187.418828,455,S6_worst_case_no_intervention,indonesia,USDC
381,0.7309057285634056,3952649207.733358,455,S6_worst_case_no_intervention,indonesia,USDC
382,0.7431751703234275,3853832977.540024,455,S6_worst_case_no_intervention,indonesia,USDC
383,0.7417114656257512,3757487153.1015234,455,S6_worst_case_no_intervention,indonesia,USDC
384,0.7551275106087367,3663549974.2739854,455,S6_worst_case_no_intervention,indonesia,USDC
385,0.7612101009851738,3571961224.9171357,455,S6_worst_case_no_intervention,indonesia,USDC
386,0.7716316244842476,3482662194.2942076,455,S6_worst_case_no_intervention,indonesia,USDC
387,0.7716066318713801,3395595639.4368525,455,S6_worst_case_no_intervention,indonesia,USDC
388,0.7861732933717903,3310705748.450931,455,S6_worst_case_no_intervention,indonesia,USDC
389,0.8050152244664751,3227938104.7396574,455,S6_worst_case_no_intervention,indonesia,USDC
390,0.7932663010578902,3147239652.121166,455,S6_worst_case_no_intervention,indonesia,USDC
391,0.7935820776635241,3068558660.8181376,455,S6_worst_case_no_intervention,indonesia,USDC
392,0.7974965463556603,2991844694.2976837,455,S6_worst_case_no_intervention,indonesia,USDC
393,0.7774494561133497,2917048576.940242,455,S6_worst_case_no_intervention,indonesia,USDC
394,0.7472631205987359,2844122362.5167356,455,S6_worst_case_no_intervention,indonesia,USDC
395,0.7396271513587528,2773019303.4538174,455,S6_worst_case_no_intervention,indonesia,USDC
396,0.7469883088778425,2703693820.8674717,455,S6_worst_case_no_intervention,indonesia,USDC
397,0.7522283008211474,2636101475.345785,455,S6_worst_case_no_intervention,indonesia,USDC
398,0.7561328750920003,2570198938.46214,455,S6_worst_case_no_intervention,indonesia,USDC
399,0.757031648227115,2505943965.0005865,455,S6_worst_case_no_intervention,indonesia,USDC
400,0.7360292929428374,2443295365.875572,455,S6_worst_case_no_intervention,indonesia,USDC
401,0.7304188910600553,2382212981.7286825,455,S6_worst_case_no_intervention,indonesia,USDC
402,0.7341503186046738,2322657657.185466,455,S6_worst_case_no_intervention,indonesia,USDC
403,0.7538024988350212,2264591215.7558293,455,S6_worst_case_no_intervention,indonesia,USDC
404,0.7412439837120358,2207976435.361933,455,S6_worst_case_no_intervention,indonesia,USDC
405,0.7249577960009517,2152777024.477885,455,S6_worst_case_no_intervention,indonesia,USDC
406,0.7366269805169302,2098957598.865938,455,S6_worst_case_no_intervention,indonesia,USDC
407,0.7390709443876026,2046483658.8942893,455,S6_worst_case_no_intervention,indonesia,USDC
408,0.7713594474549942,1995321567.4219322,455,S6_worst_case_no_intervention,indonesia,USDC
409,0.7435678939390923,1945438528.236384,455,S6_worst_case_no_intervention,indonesia,USDC
410,0.7398906208847781,1896802565.0304742,455,S6_worst_case_no_intervention,indonesia,USDC
411,0.7474005624748642,1849382500.9047124,455,S6_worst_case_no_intervention,indonesia,USDC
412,0.7677004069119708,1803147938.3820944,455,S6_worst_case_no_intervention,indonesia,USDC
413,0.7744973232281561,1758069239.9225423,455,S6_worst_case_no_intervention,indonesia,USDC
414,0.7743977787283411,1714117508.9244785,455,S6_worst_case_no_intervention,indonesia,USDC
415,0.7985341743676525,1671264571.2013667,455,S6_worst_case_no_intervention,indonesia,USDC
416,0.7940071695557057,1629482956.9213324,455,S6_worst_case_no_intervention,indonesia,USDC
417,0.7969140649470363,1588745882.9982991,455,S6_worst_case_no_intervention,indonesia,USDC
418,0.7885090430356831,1549027235.9233418,455,S6_worst_case_no_intervention,indonesia,USDC
419,0.7923500367207585,1510301555.025258,455,S6_worst_case_no_intervention,indonesia,USDC
420,0.804177271529235,1472544016.1496267,455,S6_worst_case_no_intervention,indonesia,USDC
421,0.8016123895240256,1435730415.745886,455,S6_worst_case_no_intervention,indonesia,USDC
422,0.8099066891270507,1399837155.352239,455,S6_worst_case_no_intervention,indonesia,USDC
423,0.7933833024816622,1364841226.468433,455,S6_worst_case_no_intervention,indonesia,USDC
424,0.7955584772219951,1330720195.8067222,455,S6_worst_case_no_intervention,indonesia,USDC
425,0.837637905488366,1297452190.911554,455,S6_worst_case_no_intervention,indonesia,USDC
426,0.8458223440509838,1265015886.1387653,455,S6_worst_case_no_intervention,indonesia,USDC
427,0.8228552575764689,1233390488.9852962,455,S6_worst_case_no_intervention,indonesia,USDC
428,0.8144583204368955,1202555726.7606637,455,S6_worst_case_no_intervention,indonesia,USDC
429,0.7877588742565617,1172491833.5916471,455,S6_worst_case_no_intervention,indonesia,USDC
430,0.7907672869011323,1143179537.7518559,455,S6_worst_case_no_intervention,indonesia,USDC
431,0.7805336309445856,1114600049.3080597,455,S6_worst_case_no_intervention,indonesia,USDC
432,0.787999254735103,1086735048.0753582,455,S6_worst_case_no_intervention,indonesia,USDC
433,0.7728370507197949,1059566671.8734741,455,S6_worst_case_no_intervention,indonesia,USDC
434,0.7737693018572513,1033077505.0766373,455,S6_worst_case_no_intervention,indonesia,USDC
435,0.7816366639872814,1007250567.4497213,455,S6_worst_case_no_intervention,indonesia,USDC
436,0.7682998886513374,982069303.2634783,455,S6_worst_case_no_intervention,indonesia,USDC
437,0.7804141541160573,957517570.6818914,455,S6_worst_case_no_intervention,indonesia,USDC
438,0.7865663053376718,933579631.4148442,455,S6_worst_case_no_intervention,indonesia,USDC
439,0.8075471519980753,910240140.629473,455,S6_worst_case_no_intervention,indonesia,USDC
440,0.8267166850190277,887484137.1137362,455,S6_worst_case_no_intervention,indonesia,USDC
441,0.7952923448640377,865297033.6858928,455,S6_worst_case_no_intervention,indonesia,USDC
442,0.7698164008973066,843664607.8437455,455,S6_worst_case_no_intervention,indonesia,USDC
443,0.7883854338628652,822572992.6476519,455,S6_worst_case_no_intervention,indonesia,USDC
444,0.8039297567188789,802008667.8314606,455,S6_worst_case_no_intervention,indonesia,USDC
445,0.7842589445679577,781958451.1356741,455,S6_worst_case_no_intervention,indonesia,USDC
446,0.7922877278866128,762409489.8572823,455,S6_worst_case_no_intervention,indonesia,USDC
447,0.840443957419666,743349252.6108501,455,S6_worst_case_no_intervention,indonesia,USDC
448,0.8445066971707558,724765521.295579,455,S6_worst_case_no_intervention,indonesia,USDC
449,0.8528945102532575,706646383.2631894,455,S6_worst_case_no_intervention,indonesia,USDC
450,0.8395052413152909,688980223.6816096,455,S6_worst_case_no_intervention,indonesia,USDC
451,0.8122866941812904,671755718.0895694,455,S6_worst_case_no_intervention,indonesia,USDC
452,0.8137973679370938,654961825.1373303,455,S6_worst_case_no_intervention,indonesia,USDC
453,0.8007075989947136,638587779.5088971,455,S6_worst_case_no_intervention,indonesia,USDC
454,0.7868469156898249,622623085.0211746,455,S6_worst_case_no_intervention,indonesia,USDC
455,0.7912191841316708,607057507.8956451,455,S6_worst_case_no_intervention,indonesia,USDC
456,0.7847865984720522,591881070.1982541,455,S6_worst_case_no_intervention,indonesia,USDC
457,0.7885321921343067,577084043.4432977,455,S6_worst_case_no_intervention,indonesia,USDC
458,0.7825924541103262,562656942.3572153,455,S6_worst_case_no_intervention,indonesia,USDC
459,0.7753445259916817,548590518.7982848,455,S6_worst_case_no_intervention,indonesia,USDC
460,0.7829182565961379,534875755.8283278,455,S6_worst_case_no_intervention,indonesia,USDC
461,0.770085468462006,521503861.9326196,455,S6_worst_case_no_intervention,indonesia,USDC
462,0.7729107575199169,508466265.38430405,455,S6_worst_case_no_intervention,indonesia,USDC
463,0.7857783542810582,495754608.7496964,455,S6_worst_case_no_intervention,indonesia,USDC
464,0.7979992868726273,483360743.530954,455,S6_worst_case_no_intervention,indonesia,USDC
465,0.8230314037562539,471276724.94268024,455,S6_worst_case_no_intervention,indonesia,USDC
466,0.8420221786972658,459494806.8191132,455,S6_worst_case_no_intervention,indonesia,USDC
467,0.8505492037892285,448007436.6486353,455,S6_worst_case_no_intervention,indonesia,USDC
468,0.8340924466945423,436807250.73241943,455,S6_worst_case_no_intervention,indonesia,USDC
469,0.8565546121752308,425887069.464109,455,S6_worst_case_no_intervention,indonesia,USDC
470,0.8680064890568739,415239892.7275062,455,S6_worst_case_no_intervention,indonesia,USDC
471,0.8472013511290469,404858895.40931857,455,S6_worst_case_no_intervention,indonesia,USDC
472,0.8631920078457432,394737423.02408564,455,S6_worst_case_no_intervention,indonesia,USDC
473,0.8538257264996065,384868987.44848347,455,S6_worst_case_no_intervention,indonesia,USDC
474,0.8502394319942725,375247262.7622714,455,S6_worst_case_no_intervention,indonesia,USDC
475,0.8502499412026198,365866081.1932146,455,S6_worst_case_no_intervention,indonesia,USDC
476,0.8370310614985471,356719429.16338426,455,S6_worst_case_no_intervention,indonesia,USDC
477,0.824199409496543,347801443.43429965,455,S6_worst_case_no_intervention,indonesia,USDC
478,0.8245121307243419,339106407.34844214,455,S6_worst_case_no_intervention,indonesia,USDC
479,0.8134862536274157,330628747.1647311,455,S6_worst_case_no_intervention,indonesia,USDC
480,0.8207854370015303,322363028.4856128,455,S6_worst_case_no_intervention,indonesia,USDC
481,0.8179557967319107,314303952.77347255,455,S6_worst_case_no_intervention,indonesia,USDC
482,0.8452593899496273,306446353.95413566,455,S6_worst_case_no_intervention,indonesia,USDC
483,0.8409790766772566,298785195.1052823,455,S6_worst_case_no_intervention,indonesia,USDC
484,0.8272869654802898,291315565.2276502,455,S6_worst_case_no_intervention,indonesia,USDC
485,0.8117001202734215,284032676.09695894,455,S6_worst_case_no_intervention,indonesia,USDC
486,0.804519006332376,276931859.194535,455,S6_worst_case_no_intervention,indonesia,USDC
487,0.7979832384129958,270008562.7146716,455,S6_worst_case_no_intervention,indonesia,USDC
488,0.8108525877581649,263258348.6468048,455,S6_worst_case_no_intervention,indonesia,USDC
489,0.7831155342640895,256676889.93063468,455,S6_worst_case_no_intervention,indonesia,USDC
490,0.7998065129982805,250259967.68236881,455,S6_worst_case_no_intervention,indonesia,USDC
491,0.827332766857807,244003468.4903096,455,S6_worst_case_no_intervention,indonesia,USDC
492,0.8140810976593204,237903381.77805185,455,S6_worst_case_no_intervention,indonesia,USDC
493,0.7771891117180281,231955797.23360056,455,S6_worst_case_no_intervention,indonesia,USDC
494,0.7815128263379881,226156902.30276054,455,S6_worst_case_no_intervention,indonesia,USDC
495,0.7883970804118515,220502979.7451915,455,S6_worst_case_no_intervention,indonesia,USDC
496,0.7563377257496164,214990405.25156176,455,S6_worst_case_no_intervention,indonesia,USDC
497,0.7489987755996629,209615645.1202727,455,S6_worst_case_no_intervention,indonesia,USDC
498,0.7310043825668733,204375253.99226588,455,S6_worst_case_no_intervention,indonesia,USDC
499,0.7157842048569515,199265872.64245924,455,S6_worst_case_no_intervention,indonesia,USDC
500,0.7203147629108196,194284225.82639775,455,S6_worst_case_no_intervention,indonesia,USDC
501,0.7324722469238226,189427120.18073782,455,S6_worst_case_no_intervention,indonesia,USDC
502,0.7386792699387305,184691442.17621937,455,S6_worst_case_no_intervention,indonesia,USDC
503,0.7309855316372706,180074156.1218139,455,S6_worst_case_no_intervention,indonesia,USDC
504,0.727766372673489,175572302.21876854,455,S6_worst_case_no_intervention,indonesia,USDC
505,0.7221266520128187,171182994.66329932,455,S6_worst_case_no_intervention,indonesia,USDC
506,0.7057833098065688,166903419.79671684,455,S6_worst_case_no_intervention,indonesia,USDC
507,0.7195842619362056,162730834.3017989,455,S6_worst_case_no_intervention,indonesia,USDC
508,0.6682202704856527,158662563.44425395,455,S6_worst_case_no_intervention,indonesia,USDC
509,0.6520883933369676,154695999.35814762,455,S6_worst_case_no_intervention,indonesia,USDC
510,0.6833331918654171,150828599.3741939,455,S6_worst_case_no_intervention,indonesia,USDC
511,0.6675064511653434,147057884.38983905,455,S6_worst_case_no_intervention,indonesia,USDC
512,0.685441795224675,143381437.28009307,455,S6_worst_case_no_intervention,indonesia,USDC
513,0.6912377725337125,139796901.34809077,455,S6_worst_case_no_intervention,indonesia,USDC
514,0.6909806310967571,136301978.81438848,455,S6_worst_case_no_intervention,indonesia,USDC
515,0.6949368214704095,132894429.34402877,455,S6_worst_case_no_intervention,indonesia,USDC
516,0.7228736749562532,129572068.61042807,455,S6_worst_case_no_intervention,indonesia,USDC
517,0.7516385493492792,126332766.89516735,455,S6_worst_case_no_intervention,indonesia,USDC
518,0.7524392889055038,123174447.72278818,455,S6_worst_case_no_intervention,indonesia,USDC
519,0.754013446257892,120095086.52971846,455,S6_worst_case_no_intervention,indonesia,USDC
520,0.7675932266708907,117092709.36647551,455,S6_worst_case_no_intervention,indonesia,USDC
521,0.7318499366805294,114165391.63231361,455,S6_worst_case_no_intervention,indonesia,USDC
522,0.7294873141578685,111311256.84150577,455,S6_worst_case_no_intervention,indonesia,USDC
523,0.7248196844957983,108528475.42046814,455,S6_worst_case_no_intervention,indonesia,USDC
524,0.7323356179589074,105815263.53495643,455,S6_worst_case_no_intervention,indonesia,USDC
525,0.7243783754209359,103169881.94658253,455,S6_worst_case_no_intervention,indonesia,USDC
526,0.728793719465059,100590634.89791796,455,S6_worst_case_no_intervention,indonesia,USDC
527,0.75463708298223,98075869.02547,455,S6_worst_case_no_intervention,indonesia,USDC
528,0.7554947693462807,95623972.29983325,455,S6_worst_case_no_intervention,indonesia,USDC
529,0.7658617971038284,93233372.99233744,455,S6_worst_case_no_intervention,indonesia,USDC
530,0.7539149296125635,90902538.66752899,455,S6_worst_case_no_intervention,indonesia,USDC
531,0.7364052686863469,88629975.20084077,455,S6_worst_case_no_intervention,indonesia,USDC
532,0.7322027886450673,86414225.82081975,455,S6_worst_case_no_intervention,indonesia,USDC
533,0.7407904502565318,84253870.17529926,455,S6_worst_case_no_intervention,indonesia,USDC
534,0.766727821418892,82147523.42091677,455,S6_worst_case_no_intervention,indonesia,USDC
535,0.7578634632107231,80093835.33539386,455,S6_worst_case_no_intervention,indonesia,USDC
536,0.7682300568141883,78091489.45200902,455,S6_worst_case_no_intervention,indonesia,USDC
537,0.7823723042352673,76139202.21570879,455,S6_worst_case_no_intervention,indonesia,USDC
538,0.7993715570331036,74235722.16031606,455,S6_worst_case_no_intervention,indonesia,USDC
539,0.7881177535411121,72379829.10630816,455,S6_worst_case_no_intervention,indonesia,USDC
540,0.7767587333364089,70570333.37865046,455,S6_worst_case_no_intervention,indonesia,USDC
541,0.7917181918864916,68806075.04418421,455,S6_worst_case_no_intervention,indonesia,USDC
542,0.8194901265836178,67085923.16807959,455,S6_worst_case_no_intervention,indonesia,USDC
543,0.7988805591519776,65408775.0888776,455,S6_worst_case_no_intervention,indonesia,USDC
544,0.7959912940804144,63773555.71165566,455,S6_worst_case_no_intervention,indonesia,USDC
545,0.7860848257209312,62179216.81886427,455,S6_worst_case_no_intervention,indonesia,USDC
546,0.7917417380231481,60624736.39839267,455,S6_worst_case_no_intervention,indonesia,USDC
547,0.7834663640729268,59109117.98843285,455,S6_worst_case_no_intervention,indonesia,USDC
548,0.76672517401909,57631390.03872202,455,S6_worst_case_no_intervention,indonesia,USDC
549,0.762904869681958,56190605.28775397,455,S6_worst_case_no_intervention,indonesia,USDC
550,0.7573215764098273,54785840.15556012,455,S6_worst_case_no_intervention,indonesia,USDC
551,0.7706101847998549,53416194.15167112,455,S6_worst_case_no_intervention,indonesia,USDC
552,0.7714985743418892,52080789.29787934,455,S6_worst_case_no_intervention,indonesia,USDC
553,0.7652287610606529,50778769.565432355,455,S6_worst_case_no_intervention,indonesia,USDC
554,0.7675038156060338,49509300.32629655,455,S6_worst_case_no_intervention,indonesia,USDC
555,0.7550591097775761,48271567.818139136,455,S6_worst_case_no_intervention,indonesia,USDC
556,0.7505729762046272,47064778.622685656,455,S6_worst_case_no_intervention,indonesia,USDC
557,0.7656787922209191,45888159.157118514,455,S6_worst_case_no_intervention,indonesia,USDC
558,0.7621736026403736,44740955.17819055,455,S6_worst_case_no_intervention,indonesia,USDC
559,0.7437755557909645,43622431.29873579,455,S6_worst_case_no_intervention,indonesia,USDC
560,0.7333426604793284,42531870.5162674,455,S6_worst_case_no_intervention,indonesia,USDC
561,0.7370726430041054,41468573.75336071,455,S6_worst_case_no_intervention,indonesia,USDC
562,0.7193833265433376,40431859.40952669,455,S6_worst_case_no_intervention,indonesia,USDC
563,0.7294747862683956,39421062.924288526,455,S6_worst_case_no_intervention,indonesia,USDC
564,0.7431800921706135,38435536.35118131,455,S6_worst_case_no_intervention,indonesia,USDC
565,0.7350228078064209,37474647.942401774,455,S6_worst_case_no_intervention,indonesia,USDC
566,0.7119271520768454,36537781.74384173,455,S6_worst_case_no_intervention,indonesia,USDC
567,0.7292098534217436,35624337.20024569,455,S6_worst_case_no_intervention,indonesia,USDC
568,0.7328631923558113,34733728.77023955,455,S6_worst_case_no_intervention,indonesia,USDC
569,0.749260074159555,33865385.55098356,455,S6_worst_case_no_intervention,indonesia,USDC
570,0.7599357401618627,33018750.912208967,455,S6_worst_case_no_intervention,indonesia,USDC
571,0.7817814315031121,32193282.139403746,455,S6_worst_case_no_intervention,indonesia,USDC
572,0.7861188596161501,31388450.08591865,455,S6_worst_case_no_intervention,indonesia,USDC
573,0.7640439634151035,30603738.833770685,455,S6_worst_case_no_intervention,indonesia,USDC
574,0.755536222560175,29838645.36292642,455,S6_worst_case_no_intervention,indonesia,USDC
575,0.7809151924024922,29092679.228853256,455,S6_worst_case_no_intervention,indonesia,USDC
576,0.8093147503504703,28365362.248131927,455,S6_worst_case_no_intervention,indonesia,USDC
577,0.8122397951792074,27656228.191928633,455,S6_worst_case_no_intervention,indonesia,USDC
578,0.8196146516244425,26964822.48713042,455,S6_worst_case_no_intervention,indonesia,USDC
579,0.8324919065468367,26290701.924952153,455,S6_worst_case_no_intervention,indonesia,USDC
580,0.8327909767032262,25633434.37682835,455,S6_worst_case_no_intervention,indonesia,USDC
581,0.8336464183467264,24992598.51740764,455,S6_worst_case_no_intervention,indonesia,USDC
582,0.8305792526351826,24367783.55447245,455,S6_worst_case_no_intervention,indonesia,USDC
583,0.818040019071549,23758588.96561064,455,S6_worst_case_no_intervention,indonesia,USDC
584,0.8372414191376684,23164624.241470374,455,S6_worst_case_no_intervention,indonesia,USDC
585,0.8675829752871499,22585508.635433614,455,S6_worst_case_no_intervention,indonesia,USDC
586,0.8281185439751984,22020870.919547774,455,S6_worst_case_no_intervention,indonesia,USDC
587,0.8397738538433155,21470349.14655908,455,S6_worst_case_no_intervention,indonesia,USDC
588,0.8198203641458939,20933590.4178951,455,S6_worst_case_no_intervention,indonesia,USDC
589,0.8225296204487197,20410250.657447726,455,S6_worst_case_no_intervention,indonesia,USDC
590,0.816678587672603,19899994.39101153,455,S6_worst_case_no_intervention,indonesia,USDC
591,0.8172264265227585,19402494.531236246,455,S6_worst_case_no_intervention,indonesia,USDC
592,0.8189500447118665,18917432.16795534,455,S6_worst_case_no_intervention,indonesia,USDC
593,0.8137355039792062,18444496.363756455,455,S6_worst_case_no_intervention,indonesia,USDC
594,0.7918785145160502,17983383.954662543,455,S6_worst_case_no_intervention,indonesia,USDC
595,0.8164322049973094,17533799.35579598,455,S6_worst_case_no_intervention,indonesia,USDC
596,0.809328068949833,17095454.37190108,455,S6_worst_case_no_intervention,indonesia,USDC
597,0.8036095782874966,16668068.012603551,455,S6_worst_case_no_intervention,indonesia,USDC
598,0.807342656423559,16251366.312288463,455,S6_worst_case_no_intervention,indonesia,USDC
599,0.7999116137344786,15845082.15448125,455,S6_worst_case_no_intervention,indonesia,USDC
600,0.7995707247863355,15448955.100619221,455,S6_worst_case_no_intervention,indonesia,USDC
601,0.7837071048672216,15062731.22310374,455,S6_worst_case_no_intervention,indonesia,USDC
602,0.7634245300620837,14686162.942526147,455,S6_worst_case_no_intervention,indonesia,USDC
603,0.7578236809695946,14319008.868962992,455,S6_worst_case_no_intervention,indonesia,USDC
604,0.7775483765575378,13961033.647238918,455,S6_worst_case_no_intervention,indonesia,USDC
605,0.7881221283459006,13612007.806057945,455,S6_worst_case_no_intervention,indonesia,USDC
606,0.7808447934997285,13271707.610906497,455,S6_worst_case_no_intervention,indonesia,USDC
607,0.7741476126537433,12939914.920633834,455,S6_worst_case_no_intervention,indonesia,USDC
608,0.7647616891568196,12616417.04761799,455,S6_worst_case_no_intervention,indonesia,USDC
609,0.7651480339215511,12301006.62142754,455,S6_worst_case_no_intervention,indonesia,USDC
610,0.75886359821681,11993481.455891851,455,S6_worst_case_no_intervention,indonesia,USDC
611,0.790097776556224,11693644.419494554,455,S6_worst_case_no_intervention,indonesia,USDC
612,0.7858525201716293,11401303.30900719,455,S6_worst_case_no_intervention,indonesia,USDC
613,0.7623521020028047,11116270.726282012,455,S6_worst_case_no_intervention,indonesia,USDC
614,0.7716907813726176,10838363.95812496,455,S6_worst_case_no_intervention,indonesia,USDC
615,0.7691634989650559,10567404.859171836,455,S6_worst_case_no_intervention,indonesia,USDC
616,0.77346973775052,10303219.737692539,455,S6_worst_case_no_intervention,indonesia,USDC
617,0.7615599502707443,10045639.244250227,455,S6_worst_case_no_intervention,indonesia,USDC
618,0.7683237648310425,9794498.263143972,455,S6_worst_case_no_intervention,indonesia,USDC
619,0.7743916162683506,9549635.80656537,455,S6_worst_case_no_intervention,indonesia,USDC
620,0.7901966913263744,9310894.911401236,455,S6_worst_case_no_intervention,indonesia,USDC
621,0.8181970408390932,9078122.538616206,455,S6_worst_case_no_intervention,indonesia,USDC
622,0.8209031295383754,8851169.475150801,455,S6_worst_case_no_intervention,indonesia,USDC
623,0.8080219014275242,8629890.23827203,455,S6_worst_case_no_intervention,indonesia,USDC
624,0.8100082760091337,8414142.98231523,455,S6_worst_case_no_intervention,indonesia,USDC
625,0.8196053101155675,8203789.407757349,455,S6_worst_case_no_intervention,indonesia,USDC
626,0.7994547828061044,7998694.672563415,455,S6_worst_case_no_intervention,indonesia,USDC
627,0.8180288004401199,7798727.305749331,455,S6_worst_case_no_intervention,indonesia,USDC
628,0.8179500221105431,7603759.123105597,455,S6_worst_case_no_intervention,indonesia,USDC
629,0.8263370758511752,7413665.145027957,455,S6_worst_case_no_intervention,indonesia,USDC
630,0.8318324556047174,7228323.516402258,455,S6_worst_case_no_intervention,indonesia,USDC
631,0.8170837356098587,7047615.4284922015,455,S6_worst_case_no_intervention,indonesia,USDC
632,0.8255891548170886,6871425.042779896,455,S6_worst_case_no_intervention,indonesia,USDC
633,0.8138530756054005,6699639.416710399,455,S6_worst_case_no_intervention,indonesia,USDC
634,0.8212478303548674,6532148.431292639,455,S6_worst_case_no_intervention,indonesia,USDC
635,0.8167780258878768,6368844.7205103235,455,S6_worst_case_no_intervention,indonesia,USDC
636,0.8026380199458113,6209623.602497566,455,S6_worst_case_no_intervention,indonesia,USDC
637,0.8104591482157677,6054383.012435126,455,S6_worst_case_no_intervention,indonesia,USDC
638,0.8006661374740056,5903023.437124249,455,S6_worst_case_no_intervention,indonesia,USDC
639,0.7923274835668058,5755447.851196142,455,S6_worst_case_no_intervention,indonesia,USDC
640,0.7835149275272991,5611561.654916238,455,S6_worst_case_no_intervention,indonesia,USDC
641,0.7927318788222085,5471272.613543332,455,S6_worst_case_no_intervention,indonesia,USDC
642,0.8083042260707338,5334490.798204749,455,S6_worst_case_no_intervention,indonesia,USDC
643,0.8194475442692334,5201128.528249631,455,S6_worst_case_no_intervention,indonesia,USDC
644,0.8297523636822303,5071100.31504339,455,S6_worst_case_no_intervention,indonesia,USDC
645,0.8392190149109497,4944322.807167305,455,S6_worst_case_no_intervention,indonesia,USDC
646,0.8454631509935414,4820714.736988122,455,S6_worst_case_no_intervention,indonesia,USDC
647,0.8736557863276512,4700196.868563419,455,S6_worst_case_no_intervention,indonesia,USDC
648,0.8814137707128604,4582691.946849333,455,S6_worst_case_no_intervention,indonesia,USDC
649,0.8814146570601692,4468124.648178101,455,S6_worst_case_no_intervention,indonesia,USDC
650,0.8773773747300955,4356421.531973648,455,S6_worst_case_no_intervention,indonesia,USDC
651,0.8510346231410452,4247510.993674306,455,S6_worst_case_no_intervention,indonesia,USDC
652,0.83815557316316,4141323.218832448,455,S6_worst_case_no_intervention,indonesia,USDC
653,0.8495326807878708,4037790.1383616375,455,S6_worst_case_no_intervention,indonesia,USDC
654,0.8475522162340742,3936845.384902597,455,S6_worst_case_no_intervention,indonesia,USDC
655,0.8202034475119947,3838424.250280032,455,S6_worst_case_no_intervention,indonesia,USDC
656,0.8295215115585348,3742463.644023031,455,S6_worst_case_no_intervention,indonesia,USDC
657,0.8102884466693857,3648902.0529224556,455,S6_worst_case_no_intervention,indonesia,USDC
658,0.7996671323406505,3557679.5015993943,455,S6_worst_case_no_intervention,indonesia,USDC
659,0.8157139648388956,3468737.5140594095,455,S6_worst_case_no_intervention,indonesia,USDC
660,0.7957574866429775,3382019.076207924,455,S6_worst_case_no_intervention,indonesia,USDC
661,0.7903320020026214,3297468.599302726,455,S6_worst_case_no_intervention,indonesia,USDC
662,0.7962820304315354,3215031.8843201576,455,S6_worst_case_no_intervention,indonesia,USDC
663,0.7793606979069458,3134656.0872121537,455,S6_worst_case_no_intervention,indonesia,USDC
664,0.8019995825054504,3056289.68503185,455,S6_worst_case_no_intervention,indonesia,USDC
665,0.7892859357241375,2979882.4429060537,455,S6_worst_case_no_intervention,indonesia,USDC
666,0.7516186694760552,2905385.3818334024,455,S6_worst_case_no_intervention,indonesia,USDC
667,0.7384026795295554,2832750.7472875672,455,S6_worst_case_no_intervention,indonesia,USDC
668,0.7460991034912811,2761931.9786053784,455,S6_worst_case_no_intervention,indonesia,USDC
669,0.740228247789451,2692883.6791402437,455,S6_worst_case_no_intervention,indonesia,USDC
670,0.7497623606057385,2625561.5871617375,455,S6_worst_case_no_intervention,indonesia,USDC
671,0.7704454055336105,2559922.5474826945,455,S6_worst_case_no_intervention,indonesia,USDC
672,0.7653877331386001,2495924.483795627,455,S6_worst_case_no_intervention,indonesia,USDC
673,0.768985358673965,2433526.371700736,455,S6_worst_case_no_intervention,indonesia,USDC
674,0.7683351252568985,2372688.2124082176,455,S6_worst_case_no_intervention,indonesia,USDC
675,0.7595476566109612,2313371.007098012,455,S6_worst_case_no_intervention,indonesia,USDC
676,0.7482651636264733,2255536.731920562,455,S6_worst_case_no_intervention,indonesia,USDC
677,0.7415460590940852,2199148.313622548,455,S6_worst_case_no_intervention,indonesia,USDC
678,0.764556997945122,2144169.605781984,455,S6_worst_case_no_intervention,indonesia,USDC
679,0.7585880042828517,2090565.3656374346,455,S6_worst_case_no_intervention,indonesia,USDC
680,0.7569125178896925,2038301.231496499,455,S6_worst_case_no_intervention,indonesia,USDC
681,0.7615584323093504,1987343.7007090864,455,S6_worst_case_no_intervention,indonesia,USDC
682,0.7690918996491114,1937660.108191359,455,S6_worst_case_no_intervention,indonesia,USDC
683,0.7930466512291232,1889218.6054865753,455,S6_worst_case_no_intervention,indonesia,USDC
684,0.8124984559622536,1841988.140349411,455,S6_worst_case_no_intervention,indonesia,USDC
685,0.8410254100976385,1795938.4368406755,455,S6_worst_case_no_intervention,indonesia,USDC
686,0.8181077835440077,1751039.9759196586,455,S6_worst_case_no_intervention,indonesia,USDC
687,0.795492814111395,1707263.976521667,455,S6_worst_case_no_intervention,indonesia,USDC
688,0.7851315500585216,1664582.3771086256,455,S6_worst_case_no_intervention,indonesia,USDC
689,0.7988280548943135,1622967.8176809102,455,S6_worst_case_no_intervention,indonesia,USDC
690,0.8215594426581094,1582393.6222388872,455,S6_worst_case_no_intervention,indonesia,USDC
691,0.7971490187987659,1542833.781682915,455,S6_worst_case_no_intervention,indonesia,USDC
692,0.8038751782194147,1504262.9371408422,455,S6_worst_case_no_intervention,indonesia,USDC
693,0.8410804853758471,1466656.363712321,455,S6_worst_case_no_intervention,indonesia,USDC
694,0.8381779024523028,1429989.9546195131,455,S6_worst_case_no_intervention,indonesia,USDC
695,0.8343310325681274,1394240.2057540251,455,S6_worst_case_no_intervention,indonesia,USDC
696,0.8438234789134024,1359384.2006101746,455,S6_worst_case_no_intervention,indonesia,USDC
697,0.8482080295246487,1325399.5955949202,455,S6_worst_case_no_intervention,indonesia,USDC
698,0.8278483131987969,1292264.6057050473,455,S6_worst_case_no_intervention,indonesia,USDC
699,0.8081849452325347,1259957.990562421,455,S6_worst_case_no_intervention,indonesia,USDC
700,0.8184508309149392,1228459.0407983605,455,S6_worst_case_no_intervention,indonesia,USDC
701,0.8453528222673329,1197747.5647784015,455,S6_worst_case_no_intervention,indonesia,USDC
702,0.8157049839491411,1167803.8756589415,455,S6_worst_case_no_intervention,indonesia,USDC
703,0.8094942184207916,1138608.778767468,455,S6_worst_case_no_intervention,indonesia,USDC
704,0.8123420162920206,1110143.559298281,455,S6_worst_case_no_intervention,indonesia,USDC
705,0.8052896970097424,1082389.9703158243,455,S6_worst_case_no_intervention,indonesia,USDC
706,0.779554383886547,1055330.2210579286,455,S6_worst_case_no_intervention,indonesia,USDC
707,0.7797105548827966,1028946.9655314805,455,S6_worst_case_no_intervention,indonesia,USDC
708,0.7746490467960163,1003223.2913931934,455,S6_worst_case_no_intervention,indonesia,USDC
709,0.8040690130457991,978142.7091083636,455,S6_worst_case_no_intervention,indonesia,USDC
710,0.8021698132912147,953689.1413806544,455,S6_worst_case_no_intervention,indonesia,USDC
711,0.8131922918044409,929846.9128461382,455,S6_worst_case_no_intervention,indonesia,USDC
712,0.7993119831623773,906600.7400249846,455,S6_worst_case_no_intervention,indonesia,USDC
713,0.790123026369349,883935.72152436,455,S6_worst_case_no_intervention,indonesia,USDC
714,0.7793501890052518,861837.328486251,455,S6_worst_case_no_intervention,indonesia,USDC
715,0.7681734893496339,840291.3952740948,455,S6_worst_case_no_intervention,indonesia,USDC
716,0.7620703526525381,819284.1103922424,455,S6_worst_case_no_intervention,indonesia,USDC
717,0.7701319219660246,798802.0076324365,455,S6_worst_case_no_intervention,indonesia,USDC
718,0.7534748874888402,778831.9574416254,455,S6_worst_case_no_intervention,indonesia,USDC
719,0.7695141821200479,759361.1585055848,455,S6_worst_case_no_intervention,indonesia,USDC
720,0.7886010841042964,740377.1295429452,455,S6_worst_case_no_intervention,indonesia,USDC
721,0.831896867324726,721867.7013043715,455,S6_worst_case_no_intervention,indonesia,USDC
722,0.8277941438363371,703821.0087717623,455,S6_worst_case_no_intervention,indonesia,USDC
723,0.7493094441077834,686225.4835524681,455,S6_worst_case_no_intervention,indonesia,USDC
724,0.7274975209659386,669069.8464636565,455,S6_worst_case_no_intervention,indonesia,USDC
725,0.75034874855927,652343.100302065,455,S6_worst_case_no_intervention,indonesia,USDC
726,0.7599324879523813,636034.5227945134,455,S6_worst_case_no_intervention,indonesia,USDC
727,0.736118588848485,620133.6597246506,455,S6_worst_case_no_intervention,indonesia,USDC
728,0.7536859805433023,604630.3182315342,455,S6_worst_case_no_intervention,indonesia,USDC
729,0.7472602844242815,589514.5602757459,455,S6_worst_case_no_intervention,indonesia,USDC
730,0.7656385116345338,574776.6962688523,455,S6_worst_case_no_intervention,indonesia,USDC
731,0.7648897038854698,560407.278862131,455,S6_worst_case_no_intervention,indonesia,USDC
732,0.757959994735858,546397.0968905777,455,S6_worst_case_no_intervention,indonesia,USDC
733,0.7541153173632781,532737.1694683132,455,S6_worst_case_no_intervention,indonesia,USDC
734,0.7484658358968291,519418.7402316055,455,S6_worst_case_no_intervention,indonesia,USDC
735,0.77232172251568,506433.27172581526,455,S6_worst_case_no_intervention,indonesia,USDC
736,0.7735041729018772,493772.4399326699,455,S6_worst_case_no_intervention,indonesia,USDC
737,0.7929480334380558,481428.1289343531,455,S6_worst_case_no_intervention,indonesia,USDC
738,0.7804135054726145,469392.42571099434,455,S6_worst_case_no_intervention,indonesia,USDC
739,0.8018556106362366,457657.6150682195,455,S6_worst_case_no_intervention,indonesia,USDC
740,0.7882720182160442,446216.174691514,455,S6_worst_case_no_intervention,indonesia,USDC
741,0.7875982941879368,435060.7703242261,455,S6_worst_case_no_intervention,indonesia,USDC
742,0.7833969806308463,424184.2510661205,455,S6_worst_case_no_intervention,indonesia,USDC
743,0.8035616161153499,413579.6447894675,455,S6_worst_case_no_intervention,indonesia,USDC
744,0.8172420488143652,403240.1536697308,455,S6_worst_case_no_intervention,indonesia,USDC
745,0.8271623001948588,393159.14982798754,455,S6_worst_case_no_intervention,indonesia,USDC
746,0.7862150154182863,383330.17108228785,455,S6_worst_case_no_intervention,indonesia,USDC
747,0.7903861719962393,373746.91680523066,455,S6_worst_case_no_intervention,indonesia,USDC
748,0.8013154575017563,364403.2438850999,455,S6_worst_case_no_intervention,indonesia,USDC
749,0.779675643999351,355293.1627879724,455,S6_worst_case_no_intervention,indonesia,USDC
750,0.7708581206207833,346410.8337182731,455,S6_worst_case_no_intervention,indonesia,USDC
751,0.7676621909765796,337750.56287531625,455,S6_worst_case_no_intervention,indonesia,USDC
752,0.7818438581597832,329306.79880343337,455,S6_worst_case_no_intervention,indonesia,USDC
753,0.8205610248088252,321074.1288333475,455,S6_worst_case_no_intervention,indonesia,USDC
754,0.7990449186030228,313047.2756125138,455,S6_worst_case_no_intervention,indonesia,USDC
755,0.8097634548496022,305221.093722201,455,S6_worst_case_no_intervention,indonesia,USDC
756,0.7893186644514115,297590.56637914595,455,S6_worst_case_no_intervention,indonesia,USDC
757,0.7935037500804238,290150.8022196673,455,S6_worst_case_no_intervention,indonesia,USDC
758,0.7864697416856822,282897.03216417565,455,S6_worst_case_no_intervention,indonesia,USDC
759,0.7794292096591756,275824.6063600712,455,S6_worst_case_no_intervention,indonesia,USDC
760,0.7889175648512503,268928.99120106944,455,S6_worst_case_no_intervention,indonesia,USDC
761,0.7755423868840157,262205.76642104273,455,S6_worst_case_no_intervention,indonesia,USDC
762,0.7610997987253537,255650.62226051663,455,S6_worst_case_no_intervention,indonesia,USDC
763,0.7868308555754022,249259.35670400373,455,S6_worst_case_no_intervention,indonesia,USDC
764,0.7751489654146823,243027.87278640363,455,S6_worst_case_no_intervention,indonesia,USDC
765,0.7942525146929722,236952.17596674355,455,S6_worst_case_no_intervention,indonesia,USDC
766,0.7903032303096146,231028.37156757497,455,S6_worst_case_no_intervention,indonesia,USDC
767,0.765169696554503,225252.66227838557,455,S6_worst_case_no_intervention,indonesia,USDC
768,0.7656402845338854,219621.34572142595,455,S6_worst_case_no_intervention,indonesia,USDC
769,0.7491525337958234,214130.81207839033,455,S6_worst_case_no_intervention,indonesia,USDC
770,0.7615346599752283,208777.54177643056,455,S6_worst_case_no_intervention,indonesia,USDC
771,0.76032311725922,203558.1032320198,455,S6_worst_case_no_intervention,indonesia,USDC
772,0.7728163619514623,198469.1506512193,455,S6_worst_case_no_intervention,indonesia,USDC
773,0.7876120232756032,193507.42188493884,455,S6_worst_case_no_intervention,indonesia,USDC
774,0.7932921904852616,188669.73633781535,455,S6_worst_case_no_intervention,indonesia,USDC
775,0.8122667008981261,183952.99292936997,455,S6_worst_case_no_intervention,indonesia,USDC
776,0.8151081317495792,179354.1681061357,455,S6_worst_case_no_intervention,indonesia,USDC
777,0.8041957186526233,174870.31390348234,455,S6_worst_case_no_intervention,indonesia,USDC
778,0.8104053742827692,170498.55605589526,455,S6_worst_case_no_intervention,indonesia,USDC
779,0.8224294529322846,166236.0921544979,455,S6_worst_case_no_intervention,indonesia,USDC
780,0.8369362190828569,162080.18985063542,455,S6_worst_case_no_intervention,indonesia,USDC
781,0.8269130158064474,158028.18510436954,455,S6_worst_case_no_intervention,indonesia,USDC
782,0.831729988085343,154077.4804767603,455,S6_worst_case_no_intervention,indonesia,USDC
783,0.8567948218158831,150225.54346484132,455,S6_worst_case_no_intervention,indonesia,USDC
784,0.8533845717526566,146469.90487822026,455,S6_worst_case_no_intervention,indonesia,USDC
785,0.8300407711480654,142808.15725626476,455,S6_worst_case_no_intervention,indonesia,USDC
786,0.8305006929570139,139237.95332485816,455,S6_worst_case_no_intervention,indonesia,USDC
787,0.8470489520966604,135757.00449173668,455,S6_worst_case_no_intervention,indonesia,USDC
788,0.849901208942324,132363.07937944325,455,S6_worst_case_no_intervention,indonesia,USDC
789,0.8324860109328777,129054.00239495718,455,S6_worst_case_no_intervention,indonesia,USDC
790,0.8393293848738042,125827.65233508326,455,S6_worst_case_no_intervention,indonesia,USDC
791,0.8294518580221198,122681.96102670618,455,S6_worst_case_no_intervention,indonesia,USDC
792,0.7187287631340575,119614.91200103852,455,S6_worst_case_no_intervention,indonesia,USDC
793,0.7299542810294865,116624.53920101255,455,S6_worst_case_no_intervention,indonesia,USDC
794,0.7239606961952906,113708.92572098724,455,S6_worst_case_no_intervention,indonesia,USDC
795,0.7310080984043755,110866.20257796254,455,S6_worst_case_no_intervention,indonesia,USDC
796,0.7418005404780147,108094.54751351348,455,S6_worst_case_no_intervention,indonesia,USDC
797,0.7488067259362633,105392.18382567565,455,S6_worst_case_no_intervention,indonesia,USDC
798,0.6488280639072754,102757.37923003375,455,S6_worst_case_no_intervention,indonesia,USDC
799,0.6573334034686378,100188.4447492829,455,S6_worst_case_no_intervention,indonesia,USDC
800,0.6916065050643837,97683.73363055085,455,S6_worst_case_no_intervention,indonesia,USDC
801,0.6905105706693335,95241.64028978707,455,S6_worst_case_no_intervention,indonesia,USDC
802,0.6989604205045298,92860.59928254239,455,S6_worst_case_no_intervention,indonesia,USDC
803,0.6863396956130213,90539.08430047883,455,S6_worst_case_no_intervention,indonesia,USDC
804,0.6930995306859289,88275.60719296687,455,S6_worst_case_no_intervention,indonesia,USDC
805,0.7152962463847912,86068.71701314268,455,S6_worst_case_no_intervention,indonesia,USDC
806,0.7325468288701199,83916.99908781413,455,S6_worst_case_no_intervention,indonesia,USDC
807,0.7233533289459383,81819.07411061876,455,S6_worst_case_no_intervention,indonesia,USDC
808,0.7193738451073837,79773.59725785331,455,S6_worst_case_no_intervention,indonesia,USDC
809,0.735547045161433,77779.25732640698,455,S6_worst_case_no_intervention,indonesia,USDC
810,0.7467148532885375,75834.7758932468,455,S6_worst_case_no_intervention,indonesia,USDC
811,0.7562923961809901,73938.90649591562,455,S6_worst_case_no_intervention,indonesia,USDC
812,0.7519435810943896,72090.43383351775,455,S6_worst_case_no_intervention,indonesia,USDC
813,0.7863975805089466,70288.1729876798,455,S6_worst_case_no_intervention,indonesia,USDC
814,0.7780515614696348,68530.96866298781,455,S6_worst_case_no_intervention,indonesia,USDC
815,0.7914367793238911,66817.69444641311,455,S6_worst_case_no_intervention,indonesia,USDC
816,0.7696295120333633,65147.252085252774,455,S6_worst_case_no_intervention,indonesia,USDC
817,0.7646558507197576,63518.57078312145,455,S6_worst_case_no_intervention,indonesia,USDC
818,0.779518258019626,61930.60651354342,455,S6_worst_case_no_intervention,indonesia,USDC
819,0.7754230877311473,60382.34135070484,455,S6_worst_case_no_intervention,indonesia,USDC
820,0.7695124525420474,58872.782816937215,455,S6_worst_case_no_intervention,indonesia,USDC
821,0.7982553384040325,57400.963246513784,455,S6_worst_case_no_intervention,indonesia,USDC
822,0.7919379537426534,55965.93916535094,455,S6_worst_case_no_intervention,indonesia,USDC
823,0.8088843641675706,54566.790686217166,455,S6_worst_case_no_intervention,indonesia,USDC
824,0.803394199854058,53202.62091906172,455,S6_worst_case_no_intervention,indonesia,USDC
825,0.7969965395730799,51872.55539608518,455,S6_worst_case_no_intervention,indonesia,USDC
826,0.8188665102496497,50575.74151118305,455,S6_worst_case_no_intervention,indonesia,USDC
827,0.8186131490244898,49311.34797340348,455,S6_worst_case_no_intervention,indonesia,USDC
828,0.8194857040390596,48078.56427406839,455,S6_worst_case_no_intervention,indonesia,USDC
829,0.805749360028691,46876.60016721669,455,S6_worst_case_no_intervention,indonesia,USDC
830,0.8042384803159189,45704.685163036265,455,S6_worst_case_no_intervention,indonesia,USDC
831,0.8182322386616745,44562.068033960364,455,S6_worst_case_no_intervention,indonesia,USDC
832,0.8129713079755748,43448.01633311135,455,S6_worst_case_no_intervention,indonesia,USDC
833,0.7717517953641249,42361.815924783565,455,S6_worst_case_no_intervention,indonesia,USDC
834,0.7790911852934144,41302.770526663975,455,S6_worst_case_no_intervention,indonesia,USDC
835,0.7692689364746613,40270.20126349738,455,S6_worst_case_no_intervention,indonesia,USDC
836,0.7617641627878076,39263.44623190994,455,S6_worst_case_no_intervention,indonesia,USDC
837,0.7877205328500191,38281.86007611219,455,S6_worst_case_no_intervention,indonesia,USDC
838,0.7684740406314949,37324.81357420939,455,S6_worst_case_no_intervention,indonesia,USDC
839,0.7671977101862034,36391.69323485416,455,S6_worst_case_no_intervention,indonesia,USDC
840,0.6437295099287426,35481.9009039828,455,S6_worst_case_no_intervention,indonesia,USDC
841,0.6710544300405437,34594.85338138323,455,S6_worst_case_no_intervention,indonesia,USDC
842,0.6949563239588572,33729.98204684864,455,S6_worst_case_no_intervention,indonesia,USDC
843,0.6778463447919558,32886.73249567743,455,S6_worst_case_no_intervention,indonesia,USDC
844,0.6883568271041679,32064.564183285496,455,S6_worst_case_no_intervention,indonesia,USDC
845,0.684416795398024,31262.95007870336,455,S6_worst_case_no_intervention,indonesia,USDC
846,0.6932644179283844,30481.376326735775,455,S6_worst_case_no_intervention,indonesia,USDC
847,0.7008233998644292,29719.34191856738,455,S6_worst_case_no_intervention,indonesia,USDC
848,0.7279381161965393,28976.3583706032,455,S6_worst_case_no_intervention,indonesia,USDC
849,0.749526020804941,28251.94941133812,455,S6_worst_case_no_intervention,indonesia,USDC
850,0.7420330905728126,27545.650676054665,455,S6_worst_case_no_intervention,indonesia,USDC
851,0.7557413960351905,26857.009409153303,455,S6_worst_case_no_intervention,indonesia,USDC
852,0.7656228346420296,26185.584173924464,455,S6_worst_case_no_intervention,indonesia,USDC
853,0.7905742679698856,25530.94456957635,455,S6_worst_case_no_intervention,indonesia,USDC
854,0.7908694405791078,24892.670955336944,455,S6_worst_case_no_intervention,indonesia,USDC
855,0.7647019450824271,24270.35418145352,455,S6_worst_case_no_intervention,indonesia,USDC
856,0.7651160402135955,23663.595326917184,455,S6_worst_case_no_intervention,indonesia,USDC
857,0.7729529574972742,23072.005443744252,455,S6_worst_case_no_intervention,indonesia,USDC
858,0.7879944844464005,22495.20530765065,455,S6_worst_case_no_intervention,indonesia,USDC
859,0.8011787184912851,21932.825174959384,455,S6_worst_case_no_intervention,indonesia,USDC
860,0.8115879906925879,21384.504545585394,455,S6_worst_case_no_intervention,indonesia,USDC
861,0.686232195622348,20849.891931945764,455,S6_worst_case_no_intervention,indonesia,USDC
862,0.703355412000266,20328.64463364712,455,S6_worst_case_no_intervention,indonesia,USDC
863,0.7197806575704393,19820.42851780594,455,S6_worst_case_no_intervention,indonesia,USDC
864,0.7395161996842984,19324.91780486079,455,S6_worst_case_no_intervention,indonesia,USDC
865,0.77728133198573,18841.794859739268,455,S6_worst_case_no_intervention,indonesia,USDC
866,0.7767004528412639,18370.74998824579,455,S6_worst_case_no_intervention,indonesia,USDC
867,0.7879974724283476,17911.481238539644,455,S6_worst_case_no_intervention,indonesia,USDC
868,0.7742121943725419,17463.694207576154,455,S6_worst_case_no_intervention,indonesia,USDC
869,0.7800016482698845,17027.101852386746,455,S6_worst_case_no_intervention,indonesia,USDC
870,0.78720498916432,16601.424306077082,455,S6_worst_case_no_intervention,indonesia,USDC
871,0.7597883926588529,16186.388698425153,455,S6_worst_case_no_intervention,indonesia,USDC
872,0.7585800293035582,15781.728980964526,455,S6_worst_case_no_intervention,indonesia,USDC
873,0.7468970844826811,15387.185756440413,455,S6_worst_case_no_intervention,indonesia,USDC
874,0.7710919951388353,15002.506112529401,455,S6_worst_case_no_intervention,indonesia,USDC
875,0.7675442927174321,14627.443459716163,455,S6_worst_case_no_intervention,indonesia,USDC
876,0.7834018353379268,14261.75737322326,455,S6_worst_case_no_intervention,indonesia,USDC
877,0.7915374670293756,13905.213438892679,455,S6_worst_case_no_intervention,indonesia,USDC
878,0.8084429045295424,13557.583102920364,455,S6_worst_case_no_intervention,indonesia,USDC
879,0.8137931300750189,13218.643525347354,455,S6_worst_case_no_intervention,indonesia,USDC
880,0.8255825156926331,12888.177437213672,455,S6_worst_case_no_intervention,indonesia,USDC
881,0.8318556001446842,12565.973001283328,455,S6_worst_case_no_intervention,indonesia,USDC
882,0.8240736318348416,12251.823676251244,455,S6_worst_case_no_intervention,indonesia,USDC
883,0.827405881387271,11945.528084344964,455,S6_worst_case_no_intervention,indonesia,USDC
884,0.8338675408456814,11646.889882236339,455,S6_worst_case_no_intervention,indonesia,USDC
885,0.8289822137787028,11355.71763518043,455,S6_worst_case_no_intervention,indonesia,USDC
886,0.8426283821138147,11071.82469430092,455,S6_worst_case_no_intervention,indonesia,USDC
887,0.8503031315129104,10795.029076943396,455,S6_worst_case_no_intervention,indonesia,USDC
888,0.8452209556904932,10525.153350019811,455,S6_worst_case_no_intervention,indonesia,USDC
889,0.8098418939637883,10262.024516269315,455,S6_worst_case_no_intervention,indonesia,USDC
890,0.7787491403234222,10005.473903362585,455,S6_worst_case_no_intervention,indonesia,USDC
891,0.8049000452378628,9755.337055778518,455,S6_worst_case_no_intervention,indonesia,USDC
892,0.8178407509946208,9511.453629384056,455,S6_worst_case_no_intervention,indonesia,USDC
893,0.8186981570043737,9273.667288649454,455,S6_worst_case_no_intervention,indonesia,USDC
894,0.8388061488872229,9041.825606433218,455,S6_worst_case_no_intervention,indonesia,USDC
895,0.8388860139271409,8815.779966272388,455,S6_worst_case_no_intervention,indonesia,USDC
896,0.8506185768182094,8595.385467115579,455,S6_worst_case_no_intervention,indonesia,USDC
897,0.8197106651775931,8380.500830437688,455,S6_worst_case_no_intervention,indonesia,USDC
898,0.8205319645368464,8170.988309676746,455,S6_worst_case_no_intervention,indonesia,USDC
899,0.8063165145967737,7966.713601934827,455,S6_worst_case_no_intervention,indonesia,USDC
900,0.8296646528952362,7767.545761886457,455,S6_worst_case_no_intervention,indonesia,USDC
901,0.8553385681582159,7573.357117839296,455,S6_worst_case_no_intervention,indonesia,USDC
902,0.8334712416821835,7384.0231898933125,455,S6_worst_case_no_intervention,indonesia,USDC
903,0.8258182406302328,7199.422610145981,455,S6_worst_case_no_intervention,indonesia,USDC
904,0.7972155991399302,7019.437044892331,455,S6_worst_case_no_intervention,indonesia,USDC
905,0.8029958859366447,6843.951118770024,455,S6_worst_case_no_intervention,indonesia,USDC
906,0.8075209296421997,6672.852340800771,455,S6_worst_case_no_intervention,indonesia,USDC
907,0.769757004637791,6506.031032280753,455,S6_worst_case_no_intervention,indonesia,USDC
908,0.7533778716909646,6343.380256473733,455,S6_worst_case_no_intervention,indonesia,USDC
909,0.7522190630068112,6184.79575006189,455,S6_worst_case_no_intervention,indonesia,USDC
910,0.7429701172311876,6030.175856310343,455,S6_worst_case_no_intervention,indonesia,USDC
911,0.7315471571716124,5879.4214599025845,455,S6_worst_case_no_intervention,indonesia,USDC
912,0.7142358590083152,5732.43592340502,455,S6_worst_case_no_intervention,indonesia,USDC
913,0.7335495014072065,5589.125025319894,455,S6_worst_case_no_intervention,indonesia,USDC
914,0.7229474909481421,5449.396899686897,455,S6_worst_case_no_intervention,indonesia,USDC
915,0.7165007100878117,5313.161977194724,455,S6_worst_case_no_intervention,indonesia,USDC
916,0.734685977283037,5180.332927764857,455,S6_worst_case_no_intervention,indonesia,USDC
917,0.7508931722169088,5050.824604570736,455,S6_worst_case_no_intervention,indonesia,USDC
918,0.7288949215191417,4924.553989456467,455,S6_worst_case_no_intervention,indonesia,USDC
919,0.7362657852187096,4801.440139720055,455,S6_worst_case_no_intervention,indonesia,USDC
920,0.7429515448766894,4681.404136227054,455,S6_worst_case_no_intervention,indonesia,USDC
921,0.740205328830118,4564.369032821378,455,S6_worst_case_no_intervention,indonesia,USDC
922,0.7386940355244447,4450.259807000843,455,S6_worst_case_no_intervention,indonesia,USDC
923,0.7560611194495311,4339.003311825822,455,S6_worst_case_no_intervention,indonesia,USDC
924,0.7500566139173616,4230.528229030177,455,S6_worst_case_no_intervention,indonesia,USDC
925,0.7511003430687472,4124.765023304422,455,S6_worst_case_no_intervention,indonesia,USDC
926,0.7250252832771861,4021.6458977218117,455,S6_worst_case_no_intervention,indonesia,USDC
927,0.7319627016364914,3921.104750278766,455,S6_worst_case_no_intervention,indonesia,USDC
928,0.7534231732580119,3823.077131521797,455,S6_worst_case_no_intervention,indonesia,USDC
929,0.7495325829328213,3727.500203233752,455,S6_worst_case_no_intervention,indonesia,USDC
930,0.7773612396369324,3634.3126981529085,455,S6_worst_case_no_intervention,indonesia,USDC
931,0.7565980590014355,3543.4548806990856,455,S6_worst_case_no_intervention,indonesia,USDC
932,0.7645707267917403,3454.8685086816085,455,S6_worst_case_no_intervention,indonesia,USDC
933,0.764020357378825,3368.4967959645687,455,S6_worst_case_no_intervention,indonesia,USDC
934,0.7826171661442851,3284.284376065454,455,S6_worst_case_no_intervention,indonesia,USDC
935,0.7832838672452934,3202.177266663818,455,S6_worst_case_no_intervention,indonesia,USDC
936,0.7885026696809995,3122.1228349972225,455,S6_worst_case_no_intervention,indonesia,USDC
937,0.7859670983852771,3044.0697641222923,455,S6_worst_case_no_intervention,indonesia,USDC
938,0.7812402908546888,2967.9680200192347,455,S6_worst_case_no_intervention,indonesia,USDC
939,0.7948598779400666,2893.768819518754,455,S6_worst_case_no_intervention,indonesia,USDC
940,0.7915644231128738,2821.4245990307854,455,S6_worst_case_no_intervention,indonesia,USDC
941,0.7863294510448506,2750.8889840550155,455,S6_worst_case_no_intervention,indonesia,USDC
942,0.7966319057294236,2682.11675945364,455,S6_worst_case_no_intervention,indonesia,USDC
943,0.7686518694182346,2615.063840467299,455,S6_worst_case_no_intervention,indonesia,USDC
944,0.799264244073135,2549.6872444556166,455,S6_worst_case_no_intervention,indonesia,USDC
945,0.8091359292854807,2485.945063344226,455,S6_worst_case_no_intervention,indonesia,USDC
946,0.8081311871790334,2423.7964367606205,455,S6_worst_case_no_intervention,indonesia,USDC
947,0.8010555833178142,2363.201525841605,455,S6_worst_case_no_intervention,indonesia,USDC
948,0.8087858525424708,2304.1214876955646,455,S6_worst_case_no_intervention,indonesia,USDC
949,0.7903156521805488,2246.5184505031757,455,S6_worst_case_no_intervention,indonesia,USDC
950,0.7889864753667196,2190.3554892405964,455,S6_worst_case_no_intervention,indonesia,USDC
951,0.7876880110074178,2135.596602009581,455,S6_worst_case_no_intervention,indonesia,USDC
952,0.7911232357670882,2082.206686959342,455,S6_worst_case_no_intervention,indonesia,USDC
953,0.7777820597795937,2030.1515197853582,455,S6_worst_case_no_intervention,indonesia,USDC
954,0.7820600714919289,1979.3977317907243,455,S6_worst_case_no_intervention,indonesia,USDC
955,0.7618250826211583,1929.9127884959564,455,S6_worst_case_no_intervention,indonesia,USDC
956,0.753073153121495,1881.6649687835575,455,S6_worst_case_no_intervention,indonesia,USDC
957,0.7600619122675814,1834.6233445639687,455,S6_worst_case_no_intervention,indonesia,USDC
958,0.770153882483177,1788.7577609498694,455,S6_worst_case_no_intervention,indonesia,USDC
959,0.78429859908011,1744.0388169261228,455,S6_worst_case_no_intervention,indonesia,USDC
960,0.7834381763744404,1700.4378465029695,455,S6_worst_case_no_intervention,indonesia,USDC
961,0.7720896495059867,1657.9269003403954,455,S6_worst_case_no_intervention,indonesia,USDC
962,0.7654514554476509,1616.4787278318854,455,S6_worst_case_no_intervention,indonesia,USDC
963,0.762541297547715,1576.0667596360884,455,S6_worst_case_no_intervention,indonesia,USDC
964,0.7550921464515756,1536.665090645186,455,S6_worst_case_no_intervention,indonesia,USDC
965,0.7597613196257432,1498.2484633790564,455,S6_worst_case_no_intervention,indonesia,USDC
966,0.7428378987340172,1460.79225179458,455,S6_worst_case_no_intervention,indonesia,USDC
967,0.7221783783535994,1424.2724454997153,455,S6_worst_case_no_intervention,indonesia,USDC
968,0.7395512899204509,1388.6656343622226,455,S6_worst_case_no_intervention,indonesia,USDC
969,0.7267529296368765,1353.948993503167,455,S6_worst_case_no_intervention,indonesia,USDC
970,0.748160193702708,1320.100268665588,455,S6_worst_case_no_intervention,indonesia,USDC
971,0.7371784369856735,1287.0977619489481,455,S6_worst_case_no_intervention,indonesia,USDC
972,0.7690201918980262,1254.9203179002245,455,S6_worst_case_no_intervention,indonesia,USDC
973,0.7626712952106369,1223.547309952719,455,S6_worst_case_no_intervention,indonesia,USDC
974,0.7505751790545997,1192.9586272039007,455,S6_worst_case_no_intervention,indonesia,USDC
975,0.751432065228492,1163.1346615238033,455,S6_worst_case_no_intervention,indonesia,USDC
976,0.7596950724113365,1134.056294985708,455,S6_worst_case_no_intervention,indonesia,USDC
977,0.7399891709042052,1105.7048876110657,455,S6_worst_case_no_intervention,indonesia,USDC
978,0.7441320492939901,1078.062265420789,455,S6_worst_case_no_intervention,indonesia,USDC
979,0.7502010792582173,1051.1107087852693,455,S6_worst_case_no_intervention,indonesia,USDC
980,0.704992163103389,1024.8329410656374,455,S6_worst_case_no_intervention,indonesia,USDC
981,0.6925153864876138,999.2121175389966,455,S6_worst_case_no_intervention,indonesia,USDC
982,0.6983122229139707,974.2318146005216,455,S6_worst_case_no_intervention,indonesia,USDC
983,0.7091527927088482,949.8760192355087,455,S6_worst_case_no_intervention,indonesia,USDC
984,0.6995703259169139,926.1291187546208,455,S6_worst_case_no_intervention,indonesia,USDC
985,0.7062451067068208,902.9758907857553,455,S6_worst_case_no_intervention,indonesia,USDC
986,0.7284733728334316,880.4014935161113,455,S6_worst_case_no_intervention,indonesia,USDC
987,0.7256973713212587,858.3914561782085,455,S6_worst_case_no_intervention,indonesia,USDC
988,0.7424091950180021,836.9316697737534,455,S6_worst_case_no_intervention,indonesia,USDC
989,0.7486749926801086,816.0083780294096,455,S6_worst_case_no_intervention,indonesia,USDC
990,0.7666247086375658,795.6081685786743,455,S6_worst_case_no_intervention,indonesia,USDC
991,0.7749088809342949,775.7179643642073,455,S6_worst_case_no_intervention,indonesia,USDC
992,0.7764906940005645,756.3250152551022,455,S6_worst_case_no_intervention,indonesia,USDC
993,0.7635504372864701,737.4168898737248,455,S6_worst_case_no_intervention,indonesia,USDC
994,0.7674477053302177,718.9814676268816,455,S6_worst_case_no_intervention,indonesia,USDC
995,0.7778679085283996,701.0069309362095,455,S6_worst_case_no_intervention,indonesia,USDC
996,0.7657164272704285,683.4817576628043,455,S6_worst_case_no_intervention,indonesia,USDC
997,0.770878913074272,666.3947137212342,455,S6_worst_case_no_intervention,indonesia,USDC
998,0.7898614192789906,649.7348458782034,455,S6_worst_case_no_intervention,indonesia,USDC
999,0.7965816258766143,633.4914747312482,455,S6_worst_case_no_intervention,indonesia,USDC
1000,0.8155728433578142,617.6541878629671,455,S6_worst_case_no_intervention,indonesia,USDC
