Step,price,liquidity,iteration,scenario,region,coin
1,1.000183502156479,2989690936683.34,124,S6_worst_case_no_intervention,indonesia,USDC
2,0.9887858608819333,2989690936683.34,124,S6_worst_case_no_intervention,indonesia,USDC
3,0.9764587329275395,2989690936683.34,124,S6_worst_case_no_intervention,indonesia,USDC
4,0.9791556521085655,2989690936683.34,124,S6_worst_case_no_intervention,indonesia,USDC
5,0.9952358363284997,2989690936683.34,124,S6_worst_case_no_intervention,indonesia,USDC
6,0.9886463078157771,2989690936683.34,124,S6_worst_case_no_intervention,indonesia,USDC
7,0.9959954611590687,2989690936683.34,124,S6_worst_case_no_intervention,indonesia,USDC
8,0.9763341648711491,2989690936683.34,124,S6_worst_case_no_intervention,indonesia,USDC
9,0.9874510541720245,2989690936683.34,124,S6_worst_case_no_intervention,indonesia,USDC
10,0.9806733972978835,2989690936683.34,124,S6_worst_case_no_intervention,indonesia,USDC
11,0.9834482110499414,2989690936683.34,124,S6_worst_case_no_intervention,indonesia,USDC
12,1.0066503440084782,2989690936683.34,124,S6_worst_case_no_intervention,indonesia,USDC
13,1.0142718868815959,2989690936683.34,124,S6_worst_case_no_intervention,indonesia,USDC
14,0.9820371104923424,2989690936683.34,124,S6_worst_case_no_intervention,indonesia,USDC
15,0.9901966072572478,2989690936683.34,124,S6_worst_case_no_intervention,indonesia,USDC
16,0.9736107359182936,2989690936683.34,124,S6_worst_case_no_intervention,indonesia,USDC
17,0.9823817463984799,2989690936683.34,124,S6_worst_case_no_intervention,indonesia,USDC
18,0.9827262133455263,2989690936683.34,124,S6_worst_case_no_intervention,indonesia,USDC
19,0.9698528504953076,2989690936683.34,124,S6_worst_case_no_intervention,indonesia,USDC
20,0.9158635603415419,2989690936683.34,124,S6_worst_case_no_intervention,indonesia,USDC
21,0.8964792899099587,2986408325475.0103,124,S6_worst_case_no_intervention,indonesia,USDC
22,0.8830324753342109,2982189490879.549,124,S6_worst_case_no_intervention,indonesia,USDC
23,0.8907541591219466,2977570651526.1445,124,S6_worst_case_no_intervention,indonesia,USDC
24,0.9084345032540991,2973685493438.645,124,S6_worst_case_no_intervention,indonesia,USDC
25,0.8930797012007723,2970936131687.6104,124,S6_worst_case_no_intervention,indonesia,USDC
26,0.9030779242371434,2967665417539.4033,124,S6_worst_case_no_intervention,indonesia,USDC
27,0.9534727932834702,2965045488585.8936,124,S6_worst_case_no_intervention,indonesia,USDC
28,0.9514619978232535,2964443105093.4565,124,S6_worst_case_no_intervention,indonesia,USDC
29,0.924016718669317,2963789579498.3394,124,S6_worst_case_no_intervention,indonesia,USDC
30,0.9157333934492445,2962223317596.558,124,S6_worst_case_no_intervention,indonesia,USDC
31,0.9067414491105754,2960403295003.5923,124,S6_worst_case_no_intervention,indonesia,USDC
32,0.9165758168096102,2958400388527.5757,124,S6_worst_case_no_intervention,indonesia,USDC
33,0.9085588732620989,2956836695113.699,124,S6_worst_case_no_intervention,indonesia,USDC
34,0.9044632394571521,2955173966772.9937,124,S6_worst_case_no_intervention,indonesia,USDC
35,0.9107162701357913,2953510415007.246,124,S6_worst_case_no_intervention,indonesia,USDC
36,0.9159687654982824,2952107880038.918,124,S6_worst_case_no_intervention,indonesia,USDC
37,0.9083741938700644,2950892067162.0933,124,S6_worst_case_no_intervention,indonesia,USDC
38,0.8883216509786531,2949545122052.177,124,S6_worst_case_no_intervention,indonesia,USDC
39,0.9086578705256195,2947873310627.3413,124,S6_worst_case_no_intervention,indonesia,USDC
40,0.9163895578589342,2946756790354.5396,124,S6_worst_case_no_intervention,indonesia,USDC
41,0.8984056435743536,2945858487610.2183,124,S6_worst_case_no_intervention,indonesia,USDC
42,0.927849570096645,2944683103534.158,124,S6_worst_case_no_intervention,indonesia,USDC
43,0.9178566591158028,2944044083863.423,124,S6_worst_case_no_intervention,indonesia,USDC
44,0.9052498000901084,2943314596863.303,124,S6_worst_case_no_intervention,indonesia,USDC
45,0.9043244280896243,2942437090218.321,124,S6_worst_case_no_intervention,indonesia,USDC
46,0.9277125942616209,2941621549574.763,124,S6_worst_case_no_intervention,indonesia,USDC
47,0.9131319561565177,2941124864148.656,124,S6_worst_case_no_intervention,indonesia,USDC
48,0.9041713511715546,2940468493825.305,124,S6_worst_case_no_intervention,indonesia,USDC
49,0.8969475691428784,2939767423300.002,124,S6_worst_case_no_intervention,indonesia,USDC
50,0.9348916157224507,2939040539718.831,124,S6_worst_case_no_intervention,indonesia,USDC
51,0.9110368125195739,2938731711896.43,124,S6_worst_case_no_intervention,indonesia,USDC
52,0.9028856006532596,2938209056068.225,124,S6_worst_case_no_intervention,indonesia,USDC
53,0.9104953546601242,2937662327342.762,124,S6_worst_case_no_intervention,indonesia,USDC
54,0.9356124145083424,2937197884983.3457,124,S6_worst_case_no_intervention,indonesia,USDC
55,0.9135197261118806,2936931755265.3584,124,S6_worst_case_no_intervention,indonesia,USDC
56,0.9224279914584966,2936510143495.578,124,S6_worst_case_no_intervention,indonesia,USDC
57,0.9262885153559273,2936184866771.4463,124,S6_worst_case_no_intervention,indonesia,USDC
58,0.9366284776384729,2935916902375.6445,124,S6_worst_case_no_intervention,indonesia,USDC
59,0.9459234336145893,2935709557549.8257,124,S6_worst_case_no_intervention,indonesia,USDC
60,0.95838285330438,2935560168142.7734,124,S6_worst_case_no_intervention,indonesia,USDC
61,0.9828584018341061,2935494058125.5684,124,S6_worst_case_no_intervention,indonesia,USDC
62,0.9647079395154258,2935494058125.5684,124,S6_worst_case_no_intervention,indonesia,USDC
63,0.9667759655870393,2935465959494.665,124,S6_worst_case_no_intervention,indonesia,USDC
64,0.9817616519131018,2935456654964.3057,124,S6_worst_case_no_intervention,indonesia,USDC
65,1.0051858575860972,2935456654964.3057,124,S6_worst_case_no_intervention,indonesia,USDC
66,0.9940263641680964,2935456654964.3057,124,S6_worst_case_no_intervention,indonesia,USDC
67,1.0062515808576475,2935456654964.3057,124,S6_worst_case_no_intervention,indonesia,USDC
68,1.0230327939398105,2935456654964.3057,124,S6_worst_case_no_intervention,indonesia,USDC
69,1.0169857695058677,2935456654964.3057,124,S6_worst_case_no_intervention,indonesia,USDC
70,1.0160503287616323,2935456654964.3057,124,S6_worst_case_no_intervention,indonesia,USDC
71,1.0017393977448714,2935456654964.3057,124,S6_worst_case_no_intervention,indonesia,USDC
72,0.9913080227892399,2935456654964.3057,124,S6_worst_case_no_intervention,indonesia,USDC
73,1.0068462900825714,2935456654964.3057,124,S6_worst_case_no_intervention,indonesia,USDC
74,1.0112506098711007,2935456654964.3057,124,S6_worst_case_no_intervention,indonesia,USDC
75,1.0317821797694404,2935456654964.3057,124,S6_worst_case_no_intervention,indonesia,USDC
76,1.0186529704427094,2935456654964.3057,124,S6_worst_case_no_intervention,indonesia,USDC
77,1.0212104377066238,2935456654964.3057,124,S6_worst_case_no_intervention,indonesia,USDC
78,1.0378753329775479,2935456654964.3057,124,S6_worst_case_no_intervention,indonesia,USDC
79,1.0215752701593068,2935456654964.3057,124,S6_worst_case_no_intervention,indonesia,USDC
80,1.0260313441654831,2935456654964.3057,124,S6_worst_case_no_intervention,indonesia,USDC
81,1.0267620045655381,2935456654964.3057,124,S6_worst_case_no_intervention,indonesia,USDC
82,1.0449170104421894,2935456654964.3057,124,S6_worst_case_no_intervention,indonesia,USDC
83,1.0328669310085346,2935456654964.3057,124,S6_worst_case_no_intervention,indonesia,USDC
84,1.060264356683639,2935456654964.3057,124,S6_worst_case_no_intervention,indonesia,USDC
85,1.0701569669720175,2935456654964.3057,124,S6_worst_case_no_intervention,indonesia,USDC
86,1.054356416625932,2935456654964.3057,124,S6_worst_case_no_intervention,indonesia,USDC
87,1.0227824279901707,2935456654964.3057,124,S6_worst_case_no_intervention,indonesia,USDC
88,0.9787638511364967,2935456654964.3057,124,S6_worst_case_no_intervention,indonesia,USDC
89,0.9914102306392925,2935456654964.3057,124,S6_worst_case_no_intervention,indonesia,USDC
90,1.015755857627619,2935456654964.3057,124,S6_worst_case_no_intervention,indonesia,USDC
91,1.0447741179391203,2935456654964.3057,124,S6_worst_case_no_intervention,indonesia,USDC
92,1.0370905787882263,2935456654964.3057,124,S6_worst_case_no_intervention,indonesia,USDC
93,0.9937121175926242,2935456654964.3057,124,S6_worst_case_no_intervention,indonesia,USDC
94,0.98440251115732,2935456654964.3057,124,S6_worst_case_no_intervention,indonesia,USDC
95,0.9706030438949267,2935456654964.3057,124,S6_worst_case_no_intervention,indonesia,USDC
96,0.9712343539300656,2935456654964.3057,124,S6_worst_case_no_intervention,indonesia,USDC
97,0.9765907289695992,2935456654964.3057,124,S6_worst_case_no_intervention,indonesia,USDC
98,0.9699665702336182,2935456654964.3057,124,S6_worst_case_no_intervention,indonesia,USDC
99,0.9499239447414681,2935456523376.882,124,S6_worst_case_no_intervention,indonesia,USDC
100,0.9431816138135634,2935342100678.7773,124,S6_worst_case_no_intervention,indonesia,USDC
101,0.7949819885561826,2935202409341.1304,124,S6_worst_case_no_intervention,indonesia,USDC
102,0.8149787722833409,2934246556467.7344,124,S6_worst_case_no_intervention,indonesia,USDC
103,0.7481650919601962,2933518496908.985,124,S6_worst_case_no_intervention,indonesia,USDC
104,0.7886693598928078,2932692836283.417,124,S6_worst_case_no_intervention,indonesia,USDC
105,0.8053542416051188,2932153422487.483,124,S6_worst_case_no_intervention,indonesia,USDC
106,0.819844128587002,2931751919084.341,124,S6_worst_case_no_intervention,indonesia,USDC
107,0.8328714812014235,2931439318137.415,124,S6_worst_case_no_intervention,indonesia,USDC
108,0.8321385012979221,2931207212220.965,124,S6_worst_case_no_intervention,indonesia,USDC
109,0.8367964355219515,2930996032176.098,124,S6_worst_case_no_intervention,indonesia,USDC
110,0.8696654492984707,2930816812205.3564,124,S6_worst_case_no_intervention,indonesia,USDC
111,0.9007747852806197,2930705363500.081,124,S6_worst_case_no_intervention,indonesia,USDC
112,0.8945905878592004,2930634687781.2627,124,S6_worst_case_no_intervention,indonesia,USDC
113,0.9037278868258479,2930566446850.2524,124,S6_worst_case_no_intervention,indonesia,USDC
114,0.8817610513439237,2930506630449.359,124,S6_worst_case_no_intervention,indonesia,USDC
115,0.8836873602966123,2930434077962.979,124,S6_worst_case_no_intervention,indonesia,USDC
116,0.8865548422043497,2930370927981.594,124,S6_worst_case_no_intervention,indonesia,USDC
117,0.8882642660333714,2930313759233.5586,124,S6_worst_case_no_intervention,indonesia,USDC
118,0.9000797084325757,2930263681936.2363,124,S6_worst_case_no_intervention,indonesia,USDC
119,0.9358220535448356,2930225346811.037,124,S6_worst_case_no_intervention,indonesia,USDC
120,0.9447005026428468,2930206516872.1406,124,S6_worst_case_no_intervention,indonesia,USDC
121,0.945093787488447,2856938723430.457,124,S6_worst_case_no_intervention,indonesia,USDC
122,0.9542467459438134,2785504059287.7705,124,S6_worst_case_no_intervention,indonesia,USDC
123,0.9333498965460102,2715859060057.3193,124,S6_worst_case_no_intervention,indonesia,USDC
124,0.927173773665626,2647945300919.6934,124,S6_worst_case_no_intervention,indonesia,USDC
125,0.894008942226015,2581727748945.8154,124,S6_worst_case_no_intervention,indonesia,USDC
126,0.8571482306375118,2517152834102.1636,124,S6_worst_case_no_intervention,indonesia,USDC
127,0.8694850103797169,2454180035707.2935,124,S6_worst_case_no_intervention,indonesia,USDC
128,0.8547524184328025,2392789898241.784,124,S6_worst_case_no_intervention,indonesia,USDC
129,0.8375661974783329,2332934089401.585,124,S6_worst_case_no_intervention,indonesia,USDC
130,0.8372844598502883,2274573032218.0513,124,S6_worst_case_no_intervention,indonesia,USDC
131,0.8236629602548666,2217675185066.0083,124,S6_worst_case_no_intervention,indonesia,USDC
132,0.8283736495802403,2162201946694.849,124,S6_worst_case_no_intervention,indonesia,USDC
133,0.8261931288905684,2108120402523.4832,124,S6_worst_case_no_intervention,indonesia,USDC
134,0.8466314781111366,2055394787465.9482,124,S6_worst_case_no_intervention,indonesia,USDC
135,0.8225396949660977,2003993674187.8513,124,S6_worst_case_no_intervention,indonesia,USDC
136,0.8171598866989598,1953875599166.9602,124,S6_worst_case_no_intervention,indonesia,USDC
137,0.8170793661430805,1905012683766.8784,124,S6_worst_case_no_intervention,indonesia,USDC
138,0.8364606526618718,1857374121862.1338,124,S6_worst_case_no_intervention,indonesia,USDC
139,0.8471127765019418,1810930200620.955,124,S6_worst_case_no_intervention,indonesia,USDC
140,0.8192222829681302,1765649147770.7422,124,S6_worst_case_no_intervention,indonesia,USDC
141,0.8196885058696599,1721499527213.3638,124,S6_worst_case_no_intervention,indonesia,USDC
142,0.8188841203210472,1678454950296.228,124,S6_worst_case_no_intervention,indonesia,USDC
143,0.812056360142609,1636487778657.204,124,S6_worst_case_no_intervention,indonesia,USDC
144,0.837655359436494,1595570082115.8584,124,S6_worst_case_no_intervention,indonesia,USDC
145,0.8477533298619923,1555676970437.5798,124,S6_worst_case_no_intervention,indonesia,USDC
146,0.8496938586249193,1516781967461.7615,124,S6_worst_case_no_intervention,indonesia,USDC
147,0.8837210013861895,1478859770275.0999,124,S6_worst_case_no_intervention,indonesia,USDC
148,0.8709849950548108,1441886612505.8196,124,S6_worst_case_no_intervention,indonesia,USDC
149,0.8662905319719112,1405837821241.2595,124,S6_worst_case_no_intervention,indonesia,USDC
150,0.8529339625359219,1370690299121.8167,124,S6_worst_case_no_intervention,indonesia,USDC
151,0.8498471645620065,1336421371805.7742,124,S6_worst_case_no_intervention,indonesia,USDC
152,0.8566696510331999,1303009361290.4355,124,S6_worst_case_no_intervention,indonesia,USDC
153,0.8621775939616273,1270432931265.1301,124,S6_worst_case_no_intervention,indonesia,USDC
154,0.8684218805829085,1238671075311.8591,124,S6_worst_case_no_intervention,indonesia,USDC
155,0.8492212642988818,1207703412351.2173,124,S6_worst_case_no_intervention,indonesia,USDC
156,0.8270968622353184,1177509903693.502,124,S6_worst_case_no_intervention,indonesia,USDC
157,0.8047240770563993,1148071216104.0488,124,S6_worst_case_no_intervention,indonesia,USDC
158,0.794857524581804,1119368481762.4941,124,S6_worst_case_no_intervention,indonesia,USDC
159,0.7897403991496762,1091383410606.5134,124,S6_worst_case_no_intervention,indonesia,USDC
160,0.80606247461929,1064098128729.3289,124,S6_worst_case_no_intervention,indonesia,USDC
161,0.8076600666740281,1037495166304.3652,124,S6_worst_case_no_intervention,indonesia,USDC
162,0.7836031836683517,1011557354492.0425,124,S6_worst_case_no_intervention,indonesia,USDC
163,0.7835891575120794,986267986253.0032,124,S6_worst_case_no_intervention,indonesia,USDC
164,0.7808288088659802,961610942638.3612,124,S6_worst_case_no_intervention,indonesia,USDC
165,0.7709844119915306,937570391151.5116,124,S6_worst_case_no_intervention,indonesia,USDC
166,0.6576028855257116,914130889025.6074,124,S6_worst_case_no_intervention,indonesia,USDC
167,0.6996629285187874,891277307020.4076,124,S6_worst_case_no_intervention,indonesia,USDC
168,0.7031364637241069,868995199315.699,124,S6_worst_case_no_intervention,indonesia,USDC
169,0.7236053462957148,847270195384.6011,124,S6_worst_case_no_intervention,indonesia,USDC
170,0.7313287559398215,826088352553.1885,124,S6_worst_case_no_intervention,indonesia,USDC
171,0.7517351367552192,805436082166.1864,124,S6_worst_case_no_intervention,indonesia,USDC
172,0.7515523265477954,785300136905.3682,124,S6_worst_case_no_intervention,indonesia,USDC
173,0.7894508455692006,765667597362.5603,124,S6_worst_case_no_intervention,indonesia,USDC
174,0.8013485930228462,746525885203.4269,124,S6_worst_case_no_intervention,indonesia,USDC
175,0.8145778306414885,727862721376.186,124,S6_worst_case_no_intervention,indonesia,USDC
176,0.8179044419069442,709666139955.2919,124,S6_worst_case_no_intervention,indonesia,USDC
177,0.700278670381085,691924475848.565,124,S6_worst_case_no_intervention,indonesia,USDC
178,0.7267223348542262,674626347230.2617,124,S6_worst_case_no_intervention,indonesia,USDC
179,0.7398825154919617,657760677356.2206,124,S6_worst_case_no_intervention,indonesia,USDC
180,0.7609530079291992,641316652489.9683,124,S6_worst_case_no_intervention,indonesia,USDC
181,0.7661143229856877,625283730995.4741,124,S6_worst_case_no_intervention,indonesia,USDC
182,0.7974954826976159,609651633694.0509,124,S6_worst_case_no_intervention,indonesia,USDC
183,0.7866429068268046,594410340008.4615,124,S6_worst_case_no_intervention,indonesia,USDC
184,0.8065764961013692,579550078965.3773,124,S6_worst_case_no_intervention,indonesia,USDC
185,0.7965814808543988,565061325227.6759,124,S6_worst_case_no_intervention,indonesia,USDC
186,0.7686879079103927,550934790523.1372,124,S6_worst_case_no_intervention,indonesia,USDC
187,0.7737784761539682,537161419216.95557,124,S6_worst_case_no_intervention,indonesia,USDC
188,0.8136241208607073,523732382564.8961,124,S6_worst_case_no_intervention,indonesia,USDC
189,0.7960494503053186,510639072247.6682,124,S6_worst_case_no_intervention,indonesia,USDC
190,0.7743667302319366,497873094719.64624,124,S6_worst_case_no_intervention,indonesia,USDC
191,0.8097414457767415,485426266683.4022,124,S6_worst_case_no_intervention,indonesia,USDC
192,0.8136932598790658,473290609577.4078,124,S6_worst_case_no_intervention,indonesia,USDC
193,0.8052996327425936,461458343993.188,124,S6_worst_case_no_intervention,indonesia,USDC
194,0.7981556329142979,449921885065.5779,124,S6_worst_case_no_intervention,indonesia,USDC
195,0.807291597676425,438673837671.6844,124,S6_worst_case_no_intervention,indonesia,USDC
196,0.8029570221638128,427706991514.3784,124,S6_worst_case_no_intervention,indonesia,USDC
197,0.8067829801899501,417014316541.47546,124,S6_worst_case_no_intervention,indonesia,USDC
198,0.8046801126082398,406588958473.972,124,S6_worst_case_no_intervention,indonesia,USDC
199,0.8061262179663756,396424234386.894,124,S6_worst_case_no_intervention,indonesia,USDC
200,0.8315226096650009,386513628416.4514,124,S6_worst_case_no_intervention,indonesia,USDC
201,0.8326131932933482,376850787632.98224,124,S6_worst_case_no_intervention,indonesia,USDC
202,0.8355950464823434,367429517875.32794,124,S6_worst_case_no_intervention,indonesia,USDC
203,0.8336191461284178,358243779872.3255,124,S6_worst_case_no_intervention,indonesia,USDC
204,0.8251150772336325,349287685329.4556,124,S6_worst_case_no_intervention,indonesia,USDC
205,0.8081920551864195,340555493151.9729,124,S6_worst_case_no_intervention,indonesia,USDC
206,0.8369250123436258,332041605780.03845,124,S6_worst_case_no_intervention,indonesia,USDC
207,0.8418941719809458,323740565607.1321,124,S6_worst_case_no_intervention,indonesia,USDC
208,0.8199818215061561,315647051443.2245,124,S6_worst_case_no_intervention,indonesia,USDC
209,0.8174924133385796,307755875133.40137,124,S6_worst_case_no_intervention,indonesia,USDC
210,0.8158459518823162,300061978234.4352,124,S6_worst_case_no_intervention,indonesia,USDC
211,0.7990115471949899,292560428760.0777,124,S6_worst_case_no_intervention,indonesia,USDC
212,0.8096036583527423,285246418024.4103,124,S6_worst_case_no_intervention,indonesia,USDC
213,0.8114196546276116,278115257560.2003,124,S6_worst_case_no_intervention,indonesia,USDC
214,0.8046241271065327,271162376110.15814,124,S6_worst_case_no_intervention,indonesia,USDC
215,0.7930195472487891,264383316697.72028,124,S6_worst_case_no_intervention,indonesia,USDC
216,0.7915592579026867,257773733771.59143,124,S6_worst_case_no_intervention,indonesia,USDC
217,0.7833633288629271,251329390419.93915,124,S6_worst_case_no_intervention,indonesia,USDC
218,0.7637248173846094,245046155653.3853,124,S6_worst_case_no_intervention,indonesia,USDC
219,0.7571352176234362,238920001756.34253,124,S6_worst_case_no_intervention,indonesia,USDC
220,0.7518735806951545,232947001707.68362,124,S6_worst_case_no_intervention,indonesia,USDC
221,0.77093765258756,227123326661.40808,124,S6_worst_case_no_intervention,indonesia,USDC
222,0.7676153011769539,221445243492.24603,124,S6_worst_case_no_intervention,indonesia,USDC
223,0.779971895711371,215909112402.83832,124,S6_worst_case_no_intervention,indonesia,USDC
224,0.7808175652149519,210511384591.1484,124,S6_worst_case_no_intervention,indonesia,USDC
225,0.7851727801342777,205248599975.03882,124,S6_worst_case_no_intervention,indonesia,USDC
226,0.7904815778375659,200117384974.65158,124,S6_worst_case_no_intervention,indonesia,USDC
227,0.7944571720165308,195114450349.42963,124,S6_worst_case_no_intervention,indonesia,USDC
228,0.8190035345586344,190236589090.0251,124,S6_worst_case_no_intervention,indonesia,USDC
229,0.8441931322768805,185480674362.32095,124,S6_worst_case_no_intervention,indonesia,USDC
230,0.8465722706363972,180843657502.9198,124,S6_worst_case_no_intervention,indonesia,USDC
231,0.8512515120619195,176322566065.07208,124,S6_worst_case_no_intervention,indonesia,USDC
232,0.8358348568449003,171914501913.19705,124,S6_worst_case_no_intervention,indonesia,USDC
233,0.8121165688171416,167616639365.13074,124,S6_worst_case_no_intervention,indonesia,USDC
234,0.8241781949907109,163426223380.7513,124,S6_worst_case_no_intervention,indonesia,USDC
235,0.8509367043824135,159340567796.05005,124,S6_worst_case_no_intervention,indonesia,USDC
236,0.8453479320427242,155357053601.01813,124,S6_worst_case_no_intervention,indonesia,USDC
237,0.8646821413899403,151473127260.86694,124,S6_worst_case_no_intervention,indonesia,USDC
238,0.8680743018252819,147686299079.2586,124,S6_worst_case_no_intervention,indonesia,USDC
239,0.8825793014499321,143994141602.19827,124,S6_worst_case_no_intervention,indonesia,USDC
240,0.870546870848527,140394288062.08273,124,S6_worst_case_no_intervention,indonesia,USDC
241,0.8751725063209881,136884430860.46918,124,S6_worst_case_no_intervention,indonesia,USDC
242,0.8869462523100133,133462320088.90466,124,S6_worst_case_no_intervention,indonesia,USDC
243,0.8793821198127519,130125762086.64114,124,S6_worst_case_no_intervention,indonesia,USDC
244,0.831069374088896,126872618034.43396,124,S6_worst_case_no_intervention,indonesia,USDC
245,0.8414832709050426,123700802583.51395,124,S6_worst_case_no_intervention,indonesia,USDC
246,0.8392852343474725,120608282518.87991,124,S6_worst_case_no_intervention,indonesia,USDC
247,0.8364150450226358,117593075455.86594,124,S6_worst_case_no_intervention,indonesia,USDC
248,0.8695114325920705,114653248569.43106,124,S6_worst_case_no_intervention,indonesia,USDC
249,0.8703167949254408,111786917355.17099,124,S6_worst_case_no_intervention,indonesia,USDC
250,0.8648900485917691,108992244421.26953,124,S6_worst_case_no_intervention,indonesia,USDC
251,0.8604200994252924,106267438310.71628,124,S6_worst_case_no_intervention,indonesia,USDC
252,0.8557021379832901,103610752352.92838,124,S6_worst_case_no_intervention,indonesia,USDC
253,0.856406852567284,101020483544.08783,124,S6_worst_case_no_intervention,indonesia,USDC
254,0.8402609895552681,98494971455.46997,124,S6_worst_case_no_intervention,indonesia,USDC
255,0.8451680497006074,96032597169.06766,124,S6_worst_case_no_intervention,indonesia,USDC
256,0.8414755031861759,93631782239.82788,124,S6_worst_case_no_intervention,indonesia,USDC
257,0.8198782358980176,91290987683.81955,124,S6_worst_case_no_intervention,indonesia,USDC
258,0.7966004325558513,89008712991.7115,124,S6_worst_case_no_intervention,indonesia,USDC
259,0.7868010320765559,86783495166.90689,124,S6_worst_case_no_intervention,indonesia,USDC
260,0.79803886141032,84613907787.72385,124,S6_worst_case_no_intervention,indonesia,USDC
261,0.7904652306049255,82498560093.0226,124,S6_worst_case_no_intervention,indonesia,USDC
262,0.7715597040841634,80436096090.68994,124,S6_worst_case_no_intervention,indonesia,USDC
263,0.7814953564484677,78425193688.41626,124,S6_worst_case_no_intervention,indonesia,USDC
264,0.8041447858365833,76464563846.20093,124,S6_worst_case_no_intervention,indonesia,USDC
265,0.8508124322702045,74552949750.04248,124,S6_worst_case_no_intervention,indonesia,USDC
266,0.8440352928088947,72689126006.28935,124,S6_worst_case_no_intervention,indonesia,USDC
267,0.8286824168701048,70871897856.13019,124,S6_worst_case_no_intervention,indonesia,USDC
268,0.8085524338406369,69100100409.72495,124,S6_worst_case_no_intervention,indonesia,USDC
269,0.8055310810265623,67372597899.479904,124,S6_worst_case_no_intervention,indonesia,USDC
270,0.794366757162952,65688282951.99124,124,S6_worst_case_no_intervention,indonesia,USDC
271,0.7930319682212086,64046075878.18995,124,S6_worst_case_no_intervention,indonesia,USDC
272,0.7866220954069035,62444923981.23398,124,S6_worst_case_no_intervention,indonesia,USDC
273,0.7987703281258636,60883800881.70212,124,S6_worst_case_no_intervention,indonesia,USDC
274,0.8022606909823715,59361705859.65876,124,S6_worst_case_no_intervention,indonesia,USDC
275,0.7965712217678791,57877663213.16667,124,S6_worst_case_no_intervention,indonesia,USDC
276,0.8126336683990337,56430721632.83694,124,S6_worst_case_no_intervention,indonesia,USDC
277,0.7808549315209822,55019953592.01561,124,S6_worst_case_no_intervention,indonesia,USDC
278,0.7720502032035647,53644454752.2148,124,S6_worst_case_no_intervention,indonesia,USDC
279,0.7959102553414523,52303343383.40907,124,S6_worst_case_no_intervention,indonesia,USDC
280,0.8036640382331608,50995759798.82358,124,S6_worst_case_no_intervention,indonesia,USDC
281,0.7877822031064429,49720865803.85279,124,S6_worst_case_no_intervention,indonesia,USDC
282,0.7842824762498597,48477844158.75629,124,S6_worst_case_no_intervention,indonesia,USDC
283,0.7702435830597897,47265898054.787224,124,S6_worst_case_no_intervention,indonesia,USDC
284,0.7669264453850854,46084250603.41742,124,S6_worst_case_no_intervention,indonesia,USDC
285,0.8071328159514122,44932144338.33187,124,S6_worst_case_no_intervention,indonesia,USDC
286,0.8204826099738869,43808840729.873505,124,S6_worst_case_no_intervention,indonesia,USDC
287,0.7999207489041534,42713619711.62662,124,S6_worst_case_no_intervention,indonesia,USDC
288,0.8309455440561644,41645779218.83591,124,S6_worst_case_no_intervention,indonesia,USDC
289,0.8032047087497792,40604634738.364975,124,S6_worst_case_no_intervention,indonesia,USDC
290,0.7913181818851032,39589518869.905815,124,S6_worst_case_no_intervention,indonesia,USDC
291,0.794930406507007,38599780898.158134,124,S6_worst_case_no_intervention,indonesia,USDC
292,0.7989209612668549,37634786375.70416,124,S6_worst_case_no_intervention,indonesia,USDC
293,0.7944578452511241,36693916716.31153,124,S6_worst_case_no_intervention,indonesia,USDC
294,0.787622552058304,35776568798.40373,124,S6_worst_case_no_intervention,indonesia,USDC
295,0.8080467994803335,34882154578.44362,124,S6_worst_case_no_intervention,indonesia,USDC
296,0.7978718372542474,34010100713.98252,124,S6_worst_case_no_intervention,indonesia,USDC
297,0.7924212772929491,33159848196.132946,124,S6_worst_case_no_intervention,indonesia,USDC
298,0.7673346078047442,32330851991.229614,124,S6_worst_case_no_intervention,indonesia,USDC
299,0.7761783176523784,31522580691.448868,124,S6_worst_case_no_intervention,indonesia,USDC
300,0.7721110409509048,30734516174.162643,124,S6_worst_case_no_intervention,indonesia,USDC
301,0.7776170616296562,29966153269.80857,124,S6_worst_case_no_intervention,indonesia,USDC
302,0.7800299483240953,29216999438.063354,124,S6_worst_case_no_intervention,indonesia,USDC
303,0.7884764918354158,28486574452.111763,124,S6_worst_case_no_intervention,indonesia,USDC
304,0.7918147617136632,27774410090.808968,124,S6_worst_case_no_intervention,indonesia,USDC
305,0.7891098173823184,27080049838.538746,124,S6_worst_case_no_intervention,indonesia,USDC
306,0.8058823417680389,26403048592.575275,124,S6_worst_case_no_intervention,indonesia,USDC
307,0.7938717470946413,25742972377.760895,124,S6_worst_case_no_intervention,indonesia,USDC
308,0.8015314505688486,25099398068.31687,124,S6_worst_case_no_intervention,indonesia,USDC
309,0.7888704626034949,24471913116.608948,124,S6_worst_case_no_intervention,indonesia,USDC
310,0.7893384570931576,23860115288.693726,124,S6_worst_case_no_intervention,indonesia,USDC
311,0.8016480444611647,23263612406.476383,124,S6_worst_case_no_intervention,indonesia,USDC
312,0.7894274115209123,22682022096.314472,124,S6_worst_case_no_intervention,indonesia,USDC
313,0.795351164234294,22114971543.906612,124,S6_worst_case_no_intervention,indonesia,USDC
314,0.7801413444659013,21562097255.30895,124,S6_worst_case_no_intervention,indonesia,USDC
315,0.772022724791009,21023044823.926224,124,S6_worst_case_no_intervention,indonesia,USDC
316,0.7568750498031426,20497468703.328068,124,S6_worst_case_no_intervention,indonesia,USDC
317,0.7782773286795011,19985031985.744865,124,S6_worst_case_no_intervention,indonesia,USDC
318,0.7698761228526563,19485406186.101246,124,S6_worst_case_no_intervention,indonesia,USDC
319,0.7709680081202268,18998271031.44871,124,S6_worst_case_no_intervention,indonesia,USDC
320,0.7913421274815796,18523314255.662495,124,S6_worst_case_no_intervention,indonesia,USDC
321,0.7687031936633534,18060231399.270935,124,S6_worst_case_no_intervention,indonesia,USDC
322,0.7428719248094532,17608725614.28916,124,S6_worst_case_no_intervention,indonesia,USDC
323,0.7384674872554959,17168507473.931932,124,S6_worst_case_no_intervention,indonesia,USDC
324,0.7360421267269882,16739294787.083633,124,S6_worst_case_no_intervention,indonesia,USDC
325,0.7570638170501314,16320812417.406544,124,S6_worst_case_no_intervention,indonesia,USDC
326,0.7892981895345325,15912792106.971378,124,S6_worst_case_no_intervention,indonesia,USDC
327,0.8025286985810551,15514972304.297092,124,S6_worst_case_no_intervention,indonesia,USDC
328,0.8056546240633771,15127097996.689667,124,S6_worst_case_no_intervention,indonesia,USDC
329,0.7970791414794183,14748920546.772425,124,S6_worst_case_no_intervention,indonesia,USDC
330,0.8125561488210457,14380197533.103115,124,S6_worst_case_no_intervention,indonesia,USDC
331,0.8203764452383243,14020692594.775536,124,S6_worst_case_no_intervention,indonesia,USDC
332,0.8107907341838103,13670175279.906147,124,S6_worst_case_no_intervention,indonesia,USDC
333,0.7995109126227822,13328420897.908493,124,S6_worst_case_no_intervention,indonesia,USDC
334,0.7821693168002339,12995210375.460781,124,S6_worst_case_no_intervention,indonesia,USDC
335,0.7770583884228585,12670330116.07426,124,S6_worst_case_no_intervention,indonesia,USDC
336,0.7710065740969141,12353571863.172405,124,S6_worst_case_no_intervention,indonesia,USDC
337,0.7411324378802505,12044732566.593094,124,S6_worst_case_no_intervention,indonesia,USDC
338,0.7518514225727784,11743614252.428268,124,S6_worst_case_no_intervention,indonesia,USDC
339,0.7458879393805681,11450023896.117561,124,S6_worst_case_no_intervention,indonesia,USDC
340,0.7529388925535255,11163773298.714622,124,S6_worst_case_no_intervention,indonesia,USDC
341,0.7686350775758712,10884678966.246758,124,S6_worst_case_no_intervention,indonesia,USDC
342,0.7792961283804716,10612561992.090588,124,S6_worst_case_no_intervention,indonesia,USDC
343,0.7634769431544729,10347247942.288322,124,S6_worst_case_no_intervention,indonesia,USDC
344,0.7471232103836023,10088566743.731115,124,S6_worst_case_no_intervention,indonesia,USDC
345,0.7516352055711348,9836352575.137836,124,S6_worst_case_no_intervention,indonesia,USDC
346,0.7474064872788646,9590443760.759392,124,S6_worst_case_no_intervention,indonesia,USDC
347,0.7532907852050869,9350682666.740406,124,S6_worst_case_no_intervention,indonesia,USDC
348,0.7600224370043989,9116915600.071896,124,S6_worst_case_no_intervention,indonesia,USDC
349,0.7582822227713825,8888992710.070099,124,S6_worst_case_no_intervention,indonesia,USDC
350,0.7515929785509985,8666767892.318346,124,S6_worst_case_no_intervention,indonesia,USDC
351,0.7398409658177673,8450098695.010387,124,S6_worst_case_no_intervention,indonesia,USDC
352,0.7644192121779755,8238846227.635128,124,S6_worst_case_no_intervention,indonesia,USDC
353,0.7740116496311051,8032875071.944249,124,S6_worst_case_no_intervention,indonesia,USDC
354,0.7709907153773577,7832053195.145643,124,S6_worst_case_no_intervention,indonesia,USDC
355,0.7684363968562383,7636251865.267002,124,S6_worst_case_no_intervention,indonesia,USDC
356,0.7654366938638947,7445345568.635326,124,S6_worst_case_no_intervention,indonesia,USDC
357,0.7536610148437036,7259211929.419443,124,S6_worst_case_no_intervention,indonesia,USDC
358,0.7662236407766211,7077731631.183957,124,S6_worst_case_no_intervention,indonesia,USDC
359,0.7736445789658583,6900788340.404358,124,S6_worst_case_no_intervention,indonesia,USDC
360,0.7553860581505112,6728268631.894249,124,S6_worst_case_no_intervention,indonesia,USDC
361,0.7665739509126978,6560061916.096893,124,S6_worst_case_no_intervention,indonesia,USDC
362,0.7632752166371238,6396060368.19447,124,S6_worst_case_no_intervention,indonesia,USDC
363,0.77728815803702,6236158858.989609,124,S6_worst_case_no_intervention,indonesia,USDC
364,0.7741702980715175,6080254887.514869,124,S6_worst_case_no_intervention,indonesia,USDC
365,0.7991888626249741,5928248515.326997,124,S6_worst_case_no_intervention,indonesia,USDC
366,0.779101306954266,5780042302.443822,124,S6_worst_case_no_intervention,indonesia,USDC
367,0.7587815336424079,5635541244.882727,124,S6_worst_case_no_intervention,indonesia,USDC
368,0.7388917089735266,5494652713.760658,124,S6_worst_case_no_intervention,indonesia,USDC
369,0.7355066263210618,5357286395.916642,124,S6_worst_case_no_intervention,indonesia,USDC
370,0.7419242297588539,5223354236.018726,124,S6_worst_case_no_intervention,indonesia,USDC
371,0.7406142071685694,5092770380.1182575,124,S6_worst_case_no_intervention,indonesia,USDC
372,0.7682465229458182,4965451120.615301,124,S6_worst_case_no_intervention,indonesia,USDC
373,0.7805836827549899,4841314842.599918,124,S6_worst_case_no_intervention,indonesia,USDC
374,0.802039121563737,4720281971.534921,124,S6_worst_case_no_intervention,indonesia,USDC
375,0.7780087187518293,4602274922.246548,124,S6_worst_case_no_intervention,indonesia,USDC
376,0.7641640431412616,4487218049.190384,124,S6_worst_case_no_intervention,indonesia,USDC
377,0.7612992894301513,4375037597.960624,124,S6_worst_case_no_intervention,indonesia,USDC
378,0.7819326646392585,4265661658.011609,124,S6_worst_case_no_intervention,indonesia,USDC
379,0.7564499584198815,4159020116.561319,124,S6_worst_case_no_intervention,indonesia,USDC
380,0.759364167260777,4055044613.647286,124,S6_worst_case_no_intervention,indonesia,USDC
381,0.7650319083143424,3953668498.306103,124,S6_worst_case_no_intervention,indonesia,USDC
382,0.7757686130373836,3854826785.8484507,124,S6_worst_case_no_intervention,indonesia,USDC
383,0.8022783378657633,3758456116.20224,124,S6_worst_case_no_intervention,indonesia,USDC
384,0.7843627788979275,3664494713.297183,124,S6_worst_case_no_intervention,indonesia,USDC
385,0.7751346074544648,3572882345.464754,124,S6_worst_case_no_intervention,indonesia,USDC
386,0.7716856303586651,3483560286.8281345,124,S6_worst_case_no_intervention,indonesia,USDC
387,0.7619679314253722,3396471279.6574316,124,S6_worst_case_no_intervention,indonesia,USDC
388,0.7418559236583954,3311559497.6659956,124,S6_worst_case_no_intervention,indonesia,USDC
389,0.7559112017924318,3228770510.2243457,124,S6_worst_case_no_intervention,indonesia,USDC
390,0.739052439367799,3148051247.4687376,124,S6_worst_case_no_intervention,indonesia,USDC
391,0.7425469869871256,3069349966.2820187,124,S6_worst_case_no_intervention,indonesia,USDC
392,0.7365506356989198,2992616217.1249685,124,S6_worst_case_no_intervention,indonesia,USDC
393,0.7231166013440636,2917800811.696844,124,S6_worst_case_no_intervention,indonesia,USDC
394,0.7126076214515298,2844855791.4044228,124,S6_worst_case_no_intervention,indonesia,USDC
395,0.7273375378987068,2773734396.6193123,124,S6_worst_case_no_intervention,indonesia,USDC
396,0.7302156247982594,2704391036.70383,124,S6_worst_case_no_intervention,indonesia,USDC
397,0.7503473201704728,2636781260.786234,124,S6_worst_case_no_intervention,indonesia,USDC
398,0.7569244683012263,2570861729.2665777,124,S6_worst_case_no_intervention,indonesia,USDC
399,0.7705666236344516,2506590186.0349135,124,S6_worst_case_no_intervention,indonesia,USDC
400,0.765090131488287,2443925431.3840404,124,S6_worst_case_no_intervention,indonesia,USDC
401,0.7537301039632033,2382827295.5994396,124,S6_worst_case_no_intervention,indonesia,USDC
402,0.751833204979689,2323256613.2094536,124,S6_worst_case_no_intervention,indonesia,USDC
403,0.7746454973883452,2265175197.879217,124,S6_worst_case_no_intervention,indonesia,USDC
404,0.8184213090662404,2208545817.9322367,124,S6_worst_case_no_intervention,indonesia,USDC
405,0.816205179218465,2153332172.4839306,124,S6_worst_case_no_intervention,indonesia,USDC
406,0.7936311224972081,2099498868.1718326,124,S6_worst_case_no_intervention,indonesia,USDC
407,0.7794489115896036,2047011396.4675364,124,S6_worst_case_no_intervention,indonesia,USDC
408,0.770005292252579,1995836111.5558481,124,S6_worst_case_no_intervention,indonesia,USDC
409,0.7917120065270721,1945940208.7669518,124,S6_worst_case_no_intervention,indonesia,USDC
410,0.7806427854542175,1897291703.5477781,124,S6_worst_case_no_intervention,indonesia,USDC
411,0.7895281954482123,1849859410.9590836,124,S6_worst_case_no_intervention,indonesia,USDC
412,0.7837340905848291,1803612925.6851068,124,S6_worst_case_no_intervention,indonesia,USDC
413,0.7657410896275444,1758522602.542979,124,S6_worst_case_no_intervention,indonesia,USDC
414,0.7789022605226548,1714559537.4794044,124,S6_worst_case_no_intervention,indonesia,USDC
415,0.792973973562664,1671695549.0424194,124,S6_worst_case_no_intervention,indonesia,USDC
416,0.7722017106889828,1629903160.3163586,124,S6_worst_case_no_intervention,indonesia,USDC
417,0.7574236517871661,1589155581.3084497,124,S6_worst_case_no_intervention,indonesia,USDC
418,0.7699307958483548,1549426691.7757387,124,S6_worst_case_no_intervention,indonesia,USDC
419,0.7585547199293996,1510691024.4813452,124,S6_worst_case_no_intervention,indonesia,USDC
420,0.7717481672208187,1472923748.8693113,124,S6_worst_case_no_intervention,indonesia,USDC
421,0.7569588874394223,1436100655.1475787,124,S6_worst_case_no_intervention,indonesia,USDC
422,0.758676466126367,1400198138.7688892,124,S6_worst_case_no_intervention,indonesia,USDC
423,0.7584210562311247,1365193185.299667,124,S6_worst_case_no_intervention,indonesia,USDC
424,0.7704764882310947,1331063355.6671753,124,S6_worst_case_no_intervention,indonesia,USDC
425,0.7669614848899605,1297786771.775496,124,S6_worst_case_no_intervention,indonesia,USDC
426,0.7614096085390495,1265342102.4811087,124,S6_worst_case_no_intervention,indonesia,USDC
427,0.7468170941960388,1233708549.9190807,124,S6_worst_case_no_intervention,indonesia,USDC
428,0.6633936441026194,1202865836.171104,124,S6_worst_case_no_intervention,indonesia,USDC
429,0.6823602764836463,1172794190.2668262,124,S6_worst_case_no_intervention,indonesia,USDC
430,0.7007018034591076,1143474335.5101557,124,S6_worst_case_no_intervention,indonesia,USDC
431,0.7188777595533574,1114887477.1224017,124,S6_worst_case_no_intervention,indonesia,USDC
432,0.7090148664589795,1087015290.1943417,124,S6_worst_case_no_intervention,indonesia,USDC
433,0.7173859885542676,1059839907.9394832,124,S6_worst_case_no_intervention,indonesia,USDC
434,0.7414627297118975,1033343910.2409961,124,S6_worst_case_no_intervention,indonesia,USDC
435,0.7471398428318718,1007510312.4849713,124,S6_worst_case_no_intervention,indonesia,USDC
436,0.7589602008356222,982322554.672847,124,S6_worst_case_no_intervention,indonesia,USDC
437,0.7772163848293352,957764490.8060257,124,S6_worst_case_no_intervention,indonesia,USDC
438,0.768578725970912,933820378.5358751,124,S6_worst_case_no_intervention,indonesia,USDC
439,0.8065892581243893,910474869.0724782,124,S6_worst_case_no_intervention,indonesia,USDC
440,0.8029476695685052,887712997.3456664,124,S6_worst_case_no_intervention,indonesia,USDC
441,0.7817213679311229,865520172.4120247,124,S6_worst_case_no_intervention,indonesia,USDC
442,0.7893405593586168,843882168.1017239,124,S6_worst_case_no_intervention,indonesia,USDC
443,0.7950845594784,822785113.8991808,124,S6_worst_case_no_intervention,indonesia,USDC
444,0.7834376690732492,802215486.0517013,124,S6_worst_case_no_intervention,indonesia,USDC
445,0.7687623557556835,782160098.9004087,124,S6_worst_case_no_intervention,indonesia,USDC
446,0.7899994217811609,762606096.4278986,124,S6_worst_case_no_intervention,indonesia,USDC
447,0.7592891454201551,743540944.0172011,124,S6_worst_case_no_intervention,indonesia,USDC
448,0.6636306521152144,724952420.4167709,124,S6_worst_case_no_intervention,indonesia,USDC
449,0.6799687340088932,706828609.9063518,124,S6_worst_case_no_intervention,indonesia,USDC
450,0.6990559517991767,689157894.658693,124,S6_worst_case_no_intervention,indonesia,USDC
451,0.7216418721396376,671928947.2922256,124,S6_worst_case_no_intervention,indonesia,USDC
452,0.7184969368780026,655130723.60992,124,S6_worst_case_no_intervention,indonesia,USDC
453,0.7116584087111136,638752455.519672,124,S6_worst_case_no_intervention,indonesia,USDC
454,0.7025561847486481,622783644.1316803,124,S6_worst_case_no_intervention,indonesia,USDC
455,0.7120907078336141,607214053.0283883,124,S6_worst_case_no_intervention,indonesia,USDC
456,0.7252922294748997,592033701.7026786,124,S6_worst_case_no_intervention,indonesia,USDC
457,0.7541542240775535,577232859.1601117,124,S6_worst_case_no_intervention,indonesia,USDC
458,0.7545907298977816,562802037.6811088,124,S6_worst_case_no_intervention,indonesia,USDC
459,0.7690975065590472,548731986.739081,124,S6_worst_case_no_intervention,indonesia,USDC
460,0.7984859575628549,535013687.07060397,124,S6_worst_case_no_intervention,indonesia,USDC
461,0.7773201545906937,521638344.8938389,124,S6_worst_case_no_intervention,indonesia,USDC
462,0.7607620399475686,508597386.27149296,124,S6_worst_case_no_intervention,indonesia,USDC
463,0.7431270946590914,495882451.6147057,124,S6_worst_case_no_intervention,indonesia,USDC
464,0.7479283368101035,483485390.32433796,124,S6_worst_case_no_intervention,indonesia,USDC
465,0.7296544632597551,471398255.5662295,124,S6_worst_case_no_intervention,indonesia,USDC
466,0.7220098856322972,459613299.17707384,124,S6_worst_case_no_intervention,indonesia,USDC
467,0.7346272988369109,448122966.697647,124,S6_worst_case_no_intervention,indonesia,USDC
468,0.7741174822790242,436919892.5302058,124,S6_worst_case_no_intervention,indonesia,USDC
469,0.7948239128353697,425996895.21695065,124,S6_worst_case_no_intervention,indonesia,USDC
470,0.7810734399364063,415346972.83652693,124,S6_worst_case_no_intervention,indonesia,USDC
471,0.7615197519262669,404963298.51561373,124,S6_worst_case_no_intervention,indonesia,USDC
472,0.7637044369956786,394839216.0527234,124,S6_worst_case_no_intervention,indonesia,USDC
473,0.7667962534836069,384968235.65140533,124,S6_worst_case_no_intervention,indonesia,USDC
474,0.7737901158901205,375344029.76012015,124,S6_worst_case_no_intervention,indonesia,USDC
475,0.7870662720785038,365960429.01611716,124,S6_worst_case_no_intervention,indonesia,USDC
476,0.776101913564171,356811418.29071426,124,S6_worst_case_no_intervention,indonesia,USDC
477,0.7785497087606789,347891132.8334464,124,S6_worst_case_no_intervention,indonesia,USDC
478,0.77361713860746,339193854.51261026,124,S6_worst_case_no_intervention,indonesia,USDC
479,0.7839685326554869,330714008.14979494,124,S6_worst_case_no_intervention,indonesia,USDC
480,0.772912403464002,322446157.94605005,124,S6_worst_case_no_intervention,indonesia,USDC
481,0.7710716153260144,314385003.99739885,124,S6_worst_case_no_intervention,indonesia,USDC
482,0.7645006650614237,306525378.8974639,124,S6_worst_case_no_intervention,indonesia,USDC
483,0.762175477349875,298862244.42502725,124,S6_worst_case_no_intervention,indonesia,USDC
484,0.7946708647284653,291390688.31440157,124,S6_worst_case_no_intervention,indonesia,USDC
485,0.7883077120000974,284105921.1065415,124,S6_worst_case_no_intervention,indonesia,USDC
486,0.783526183223717,277003273.078878,124,S6_worst_case_no_intervention,indonesia,USDC
487,0.7701194497293038,270078191.25190604,124,S6_worst_case_no_intervention,indonesia,USDC
488,0.7475053776224008,263326236.47060838,124,S6_worst_case_no_intervention,indonesia,USDC
489,0.753887610707644,256743080.55884317,124,S6_worst_case_no_intervention,indonesia,USDC
490,0.7922441194469754,250324503.5448721,124,S6_worst_case_no_intervention,indonesia,USDC
491,0.785654308899858,244066390.9562503,124,S6_worst_case_no_intervention,indonesia,USDC
492,0.7854287504999455,237964731.18234408,124,S6_worst_case_no_intervention,indonesia,USDC
493,0.755087246396091,232015612.90278542,124,S6_worst_case_no_intervention,indonesia,USDC
494,0.7531864414903884,226215222.5802158,124,S6_worst_case_no_intervention,indonesia,USDC
495,0.758713117701346,220559842.0157104,124,S6_worst_case_no_intervention,indonesia,USDC
496,0.7633693608063208,215045845.96531767,124,S6_worst_case_no_intervention,indonesia,USDC
497,0.786092514197063,209669699.81618476,124,S6_worst_case_no_intervention,indonesia,USDC
498,0.7888925096601195,204427957.3207801,124,S6_worst_case_no_intervention,indonesia,USDC
499,0.7880571633773025,199317258.3877606,124,S6_worst_case_no_intervention,indonesia,USDC
500,0.7980133734262088,194334326.9280666,124,S6_worst_case_no_intervention,indonesia,USDC
501,0.7769495659878358,189475968.75486493,124,S6_worst_case_no_intervention,indonesia,USDC
502,0.6794583785744761,184739069.5359933,124,S6_worst_case_no_intervention,indonesia,USDC
503,0.7001084398221796,180120592.79759347,124,S6_worst_case_no_intervention,indonesia,USDC
504,0.7046000537709037,175617577.97765365,124,S6_worst_case_no_intervention,indonesia,USDC
505,0.703839807337292,171227138.5282123,124,S6_worst_case_no_intervention,indonesia,USDC
506,0.7023057386884168,166946460.065007,124,S6_worst_case_no_intervention,indonesia,USDC
507,0.6974245315048332,162772798.56338182,124,S6_worst_case_no_intervention,indonesia,USDC
508,0.6957056322894646,158703478.59929729,124,S6_worst_case_no_intervention,indonesia,USDC
509,0.7013711347512992,154735891.63431484,124,S6_worst_case_no_intervention,indonesia,USDC
510,0.7141105889648448,150867494.34345698,124,S6_worst_case_no_intervention,indonesia,USDC
511,0.68872007251617,147095806.98487055,124,S6_worst_case_no_intervention,indonesia,USDC
512,0.7030627597345049,143418411.8102488,124,S6_worst_case_no_intervention,indonesia,USDC
513,0.723624477200506,139832951.51499256,124,S6_worst_case_no_intervention,indonesia,USDC
514,0.7196347549073033,136337127.72711775,124,S6_worst_case_no_intervention,indonesia,USDC
515,0.7272081251476766,132928699.53393981,124,S6_worst_case_no_intervention,indonesia,USDC
516,0.7299012399925764,129605482.04559132,124,S6_worst_case_no_intervention,indonesia,USDC
517,0.7334394949717469,126365344.99445152,124,S6_worst_case_no_intervention,indonesia,USDC
518,0.7426548040560781,123206211.36959025,124,S6_worst_case_no_intervention,indonesia,USDC
519,0.7502594049094921,120126056.08535048,124,S6_worst_case_no_intervention,indonesia,USDC
520,0.7612532228205129,117122904.68321672,124,S6_worst_case_no_intervention,indonesia,USDC
521,0.7775563753440925,114194832.06613633,124,S6_worst_case_no_intervention,indonesia,USDC
522,0.7641031182261668,111339961.26448292,124,S6_worst_case_no_intervention,indonesia,USDC
523,0.7566099859985588,108556462.23287085,124,S6_worst_case_no_intervention,indonesia,USDC
524,0.7420504099372114,105842550.67704907,124,S6_worst_case_no_intervention,indonesia,USDC
525,0.7549562312478239,103196486.91012284,124,S6_worst_case_no_intervention,indonesia,USDC
526,0.7571111809922034,100616574.73736978,124,S6_worst_case_no_intervention,indonesia,USDC
527,0.7936331077458832,98101160.36893553,124,S6_worst_case_no_intervention,indonesia,USDC
528,0.7663305445707094,95648631.35971212,124,S6_worst_case_no_intervention,indonesia,USDC
529,0.7875676783428399,93257415.57571933,124,S6_worst_case_no_intervention,indonesia,USDC
530,0.7780303177155892,90925980.18632635,124,S6_worst_case_no_intervention,indonesia,USDC
531,0.7721105368098066,88652830.68166819,124,S6_worst_case_no_intervention,indonesia,USDC
532,0.7813262413007979,86436509.91462648,124,S6_worst_case_no_intervention,indonesia,USDC
533,0.8005341158881468,84275597.16676082,124,S6_worst_case_no_intervention,indonesia,USDC
534,0.7863285436318007,82168707.2375918,124,S6_worst_case_no_intervention,indonesia,USDC
535,0.7862721021676043,80114489.55665201,124,S6_worst_case_no_intervention,indonesia,USDC
536,0.7788486902217926,78111627.3177357,124,S6_worst_case_no_intervention,indonesia,USDC
537,0.7684895863427842,76158836.63479231,124,S6_worst_case_no_intervention,indonesia,USDC
538,0.7682629042132159,74254865.7189225,124,S6_worst_case_no_intervention,indonesia,USDC
539,0.7700928652648543,72398494.07594943,124,S6_worst_case_no_intervention,indonesia,USDC
540,0.7726425843605909,70588531.72405072,124,S6_worst_case_no_intervention,indonesia,USDC
541,0.7609512485707957,68823818.43094945,124,S6_worst_case_no_intervention,indonesia,USDC
542,0.7570501875664924,67103222.9701757,124,S6_worst_case_no_intervention,indonesia,USDC
543,0.7569579959288801,65425642.395921305,124,S6_worst_case_no_intervention,indonesia,USDC
544,0.7580816202459043,63790001.33602327,124,S6_worst_case_no_intervention,indonesia,USDC
545,0.7653805555538383,62195251.30262269,124,S6_worst_case_no_intervention,indonesia,USDC
546,0.7605532296789701,60640370.02005712,124,S6_worst_case_no_intervention,indonesia,USDC
547,0.7810903583879393,59124360.769555695,124,S6_worst_case_no_intervention,indonesia,USDC
548,0.7951425487955265,57646251.7503168,124,S6_worst_case_no_intervention,indonesia,USDC
549,0.7955672579502036,56205095.45655888,124,S6_worst_case_no_intervention,indonesia,USDC
550,0.8113745735555536,54799968.07014491,124,S6_worst_case_no_intervention,indonesia,USDC
551,0.8086757801770895,53429968.86839128,124,S6_worst_case_no_intervention,indonesia,USDC
552,0.8062308548648381,52094219.6466815,124,S6_worst_case_no_intervention,indonesia,USDC
553,0.8237632071525948,50791864.15551447,124,S6_worst_case_no_intervention,indonesia,USDC
554,0.79673458480446,49522067.5516266,124,S6_worst_case_no_intervention,indonesia,USDC
555,0.7946916293558588,48284015.86283594,124,S6_worst_case_no_intervention,indonesia,USDC
556,0.7888704583886468,47076915.46626504,124,S6_worst_case_no_intervention,indonesia,USDC
557,0.7908347484279951,45899992.57960841,124,S6_worst_case_no_intervention,indonesia,USDC
558,0.7868474278655969,44752492.765118204,124,S6_worst_case_no_intervention,indonesia,USDC
559,0.7906878185968793,43633680.44599025,124,S6_worst_case_no_intervention,indonesia,USDC
560,0.795802987982617,42542838.43484049,124,S6_worst_case_no_intervention,indonesia,USDC
561,0.7765544022977532,41479267.47396948,124,S6_worst_case_no_intervention,indonesia,USDC
562,0.7573716776596693,40442285.78712024,124,S6_worst_case_no_intervention,indonesia,USDC
563,0.7477500051108933,39431228.642442234,124,S6_worst_case_no_intervention,indonesia,USDC
564,0.7408686052448352,38445447.92638118,124,S6_worst_case_no_intervention,indonesia,USDC
565,0.7560049070942115,37484311.728221655,124,S6_worst_case_no_intervention,indonesia,USDC
566,0.7672012680410241,36547203.93501611,124,S6_worst_case_no_intervention,indonesia,USDC
567,0.7659642508891901,35633523.83664071,124,S6_worst_case_no_intervention,indonesia,USDC
568,0.7702640811335058,34742685.74072469,124,S6_worst_case_no_intervention,indonesia,USDC
569,0.7668953354934995,33874118.59720657,124,S6_worst_case_no_intervention,indonesia,USDC
570,0.7568776534174327,33027265.632276405,124,S6_worst_case_no_intervention,indonesia,USDC
571,0.7754815671027995,32201583.991469495,124,S6_worst_case_no_intervention,indonesia,USDC
572,0.7798154732977616,31396544.39168276,124,S6_worst_case_no_intervention,indonesia,USDC
573,0.7960977278408476,30611630.78189069,124,S6_worst_case_no_intervention,indonesia,USDC
574,0.7947062522498374,29846340.01234342,124,S6_worst_case_no_intervention,indonesia,USDC
575,0.8153769267082385,29100181.512034833,124,S6_worst_case_no_intervention,indonesia,USDC
576,0.8115484739035093,28372676.974233963,124,S6_worst_case_no_intervention,indonesia,USDC
577,0.7940696700815738,27663360.049878113,124,S6_worst_case_no_intervention,indonesia,USDC
578,0.7735807759573494,26971776.04863116,124,S6_worst_case_no_intervention,indonesia,USDC
579,0.7937550144172376,26297481.647415385,124,S6_worst_case_no_intervention,indonesia,USDC
580,0.7835092971231123,25640044.606229994,124,S6_worst_case_no_intervention,indonesia,USDC
581,0.7666463147715628,24999043.491074245,124,S6_worst_case_no_intervention,indonesia,USDC
582,0.7623221871231118,24374067.40379739,124,S6_worst_case_no_intervention,indonesia,USDC
583,0.7794042871151508,23764715.718702454,124,S6_worst_case_no_intervention,indonesia,USDC
584,0.7818416205510236,23170597.825734895,124,S6_worst_case_no_intervention,indonesia,USDC
585,0.790791587721246,22591332.880091522,124,S6_worst_case_no_intervention,indonesia,USDC
586,0.7847505061817507,22026549.558089234,124,S6_worst_case_no_intervention,indonesia,USDC
587,0.7987735556489769,21475885.819137003,124,S6_worst_case_no_intervention,indonesia,USDC
588,0.8017619445735165,20938988.67365858,124,S6_worst_case_no_intervention,indonesia,USDC
589,0.8009702730076531,20415513.956817113,124,S6_worst_case_no_intervention,indonesia,USDC
590,0.7970636654815072,19905126.107896686,124,S6_worst_case_no_intervention,indonesia,USDC
591,0.8301622256845304,19407497.955199268,124,S6_worst_case_no_intervention,indonesia,USDC
592,0.8206066716091414,18922310.50631929,124,S6_worst_case_no_intervention,indonesia,USDC
593,0.7988550012862922,18449252.743661307,124,S6_worst_case_no_intervention,indonesia,USDC
594,0.8324414970493221,17988021.42506977,124,S6_worst_case_no_intervention,indonesia,USDC
595,0.8406614147132186,17538320.88944303,124,S6_worst_case_no_intervention,indonesia,USDC
596,0.8476565601170578,17099862.867206953,124,S6_worst_case_no_intervention,indonesia,USDC
597,0.8313213035617886,16672366.295526776,124,S6_worst_case_no_intervention,indonesia,USDC
598,0.7922440010037404,16255557.138138609,124,S6_worst_case_no_intervention,indonesia,USDC
599,0.7618049178012857,15849168.209685143,124,S6_worst_case_no_intervention,indonesia,USDC
600,0.7495128763983002,15452939.004443016,124,S6_worst_case_no_intervention,indonesia,USDC
601,0.7615341543656349,15066615.529331941,124,S6_worst_case_no_intervention,indonesia,USDC
602,0.7514404919888071,14689950.14109864,124,S6_worst_case_no_intervention,indonesia,USDC
603,0.7435981823579938,14322701.387571175,124,S6_worst_case_no_intervention,indonesia,USDC
604,0.7538474702818148,13964633.852881895,124,S6_worst_case_no_intervention,indonesia,USDC
605,0.7734823005837611,13615518.006559849,124,S6_worst_case_no_intervention,indonesia,USDC
606,0.7761607307942721,13275130.056395851,124,S6_worst_case_no_intervention,indonesia,USDC
607,0.7797694672906303,12943251.804985955,124,S6_worst_case_no_intervention,indonesia,USDC
608,0.7978240630638571,12619670.509861305,124,S6_worst_case_no_intervention,indonesia,USDC
609,0.7950630271350544,12304178.747114774,124,S6_worst_case_no_intervention,indonesia,USDC
610,0.7727437821965679,11996574.278436903,124,S6_worst_case_no_intervention,indonesia,USDC
611,0.7718512866552031,11696659.92147598,124,S6_worst_case_no_intervention,indonesia,USDC
612,0.7894876241376982,11404243.423439082,124,S6_worst_case_no_intervention,indonesia,USDC
613,0.8005482916523489,11119137.337853106,124,S6_worst_case_no_intervention,indonesia,USDC
614,0.7710993721540769,10841158.904406779,124,S6_worst_case_no_intervention,indonesia,USDC
615,0.7670283182736969,10570129.931796608,124,S6_worst_case_no_intervention,indonesia,USDC
616,0.7796763073883777,10305876.683501694,124,S6_worst_case_no_intervention,indonesia,USDC
617,0.7986449726423819,10048229.76641415,124,S6_worst_case_no_intervention,indonesia,USDC
618,0.7873548923814738,9797024.022253796,124,S6_worst_case_no_intervention,indonesia,USDC
619,0.7892699247372941,9552098.421697453,124,S6_worst_case_no_intervention,indonesia,USDC
620,0.8063833014006232,9313295.961155016,124,S6_worst_case_no_intervention,indonesia,USDC
621,0.8061356825302177,9080463.562126141,124,S6_worst_case_no_intervention,indonesia,USDC
622,0.793061002959708,8853451.973072987,124,S6_worst_case_no_intervention,indonesia,USDC
623,0.8057164984024712,8632115.673746163,124,S6_worst_case_no_intervention,indonesia,USDC
624,0.8028488257448677,8416312.781902507,124,S6_worst_case_no_intervention,indonesia,USDC
625,0.7943889177426194,8205904.962354945,124,S6_worst_case_no_intervention,indonesia,USDC
626,0.7812504815130945,8000757.338296072,124,S6_worst_case_no_intervention,indonesia,USDC
627,0.7858692957916561,7800738.404838669,124,S6_worst_case_no_intervention,indonesia,USDC
628,0.7768387544249507,7605719.944717703,124,S6_worst_case_no_intervention,indonesia,USDC
629,0.7980471420087227,7415576.94609976,124,S6_worst_case_no_intervention,indonesia,USDC
630,0.7965604533638201,7230187.522447267,124,S6_worst_case_no_intervention,indonesia,USDC
631,0.8025038737050607,7049432.834386084,124,S6_worst_case_no_intervention,indonesia,USDC
632,0.8009060817481106,6873197.013526432,124,S6_worst_case_no_intervention,indonesia,USDC
633,0.8111743021784681,6701367.088188272,124,S6_worst_case_no_intervention,indonesia,USDC
634,0.8302739198847087,6533832.910983565,124,S6_worst_case_no_intervention,indonesia,USDC
635,0.8314074749085202,6370487.088208975,124,S6_worst_case_no_intervention,indonesia,USDC
636,0.8393540879233373,6211224.911003751,124,S6_worst_case_no_intervention,indonesia,USDC
637,0.8499483612405766,6055944.288228657,124,S6_worst_case_no_intervention,indonesia,USDC
638,0.8437506463876264,5904545.681022941,124,S6_worst_case_no_intervention,indonesia,USDC
639,0.8279128864007889,5756932.038997367,124,S6_worst_case_no_intervention,indonesia,USDC
640,0.8223615481202085,5613008.738022434,124,S6_worst_case_no_intervention,indonesia,USDC
641,0.8686956814802334,5472683.519571872,124,S6_worst_case_no_intervention,indonesia,USDC
642,0.8514414596541924,5335866.431582576,124,S6_worst_case_no_intervention,indonesia,USDC
643,0.8334118490445742,5202469.770793011,124,S6_worst_case_no_intervention,indonesia,USDC
644,0.8286696238388414,5072408.026523186,124,S6_worst_case_no_intervention,indonesia,USDC
645,0.7988363255888964,4945597.825860106,124,S6_worst_case_no_intervention,indonesia,USDC
646,0.8028844005265784,4821957.880213603,124,S6_worst_case_no_intervention,indonesia,USDC
647,0.8236251064527065,4701408.9332082635,124,S6_worst_case_no_intervention,indonesia,USDC
648,0.7984797285167136,4583873.709878057,124,S6_worst_case_no_intervention,indonesia,USDC
649,0.7963814496892208,4469276.867131106,124,S6_worst_case_no_intervention,indonesia,USDC
650,0.7656702875425891,4357544.945452828,124,S6_worst_case_no_intervention,indonesia,USDC
651,0.748566236363353,4248606.321816507,124,S6_worst_case_no_intervention,indonesia,USDC
652,0.7587097388388212,4142391.1637710948,124,S6_worst_case_no_intervention,indonesia,USDC
653,0.7460278167931064,4038831.384676817,124,S6_worst_case_no_intervention,indonesia,USDC
654,0.7565295572582084,3937860.6000598967,124,S6_worst_case_no_intervention,indonesia,USDC
655,0.7462895106136557,3839414.0850583995,124,S6_worst_case_no_intervention,indonesia,USDC
656,0.7411564492252786,3743428.7329319394,124,S6_worst_case_no_intervention,indonesia,USDC
657,0.7492852127090671,3649843.01460864,124,S6_worst_case_no_intervention,indonesia,USDC
658,0.7415129980856725,3558596.939243424,124,S6_worst_case_no_intervention,indonesia,USDC
659,0.7588796225275042,3469632.015762339,124,S6_worst_case_no_intervention,indonesia,USDC
660,0.7664363276043098,3382891.21536828,124,S6_worst_case_no_intervention,indonesia,USDC
661,0.7635422681698129,3298318.934984073,124,S6_worst_case_no_intervention,indonesia,USDC
662,0.7600800692054412,3215860.9616094716,124,S6_worst_case_no_intervention,indonesia,USDC
663,0.7803997095283778,3135464.4375692345,124,S6_worst_case_no_intervention,indonesia,USDC
664,0.8049111877795034,3057077.8266300038,124,S6_worst_case_no_intervention,indonesia,USDC
665,0.8022425430065296,2980650.8809642536,124,S6_worst_case_no_intervention,indonesia,USDC
666,0.76477804776987,2906134.6089401473,124,S6_worst_case_no_intervention,indonesia,USDC
667,0.7649778101538103,2833481.2437166437,124,S6_worst_case_no_intervention,indonesia,USDC
668,0.7625094905315376,2762644.2126237275,124,S6_worst_case_no_intervention,indonesia,USDC
669,0.7692248549099358,2693578.1073081344,124,S6_worst_case_no_intervention,indonesia,USDC
670,0.7588587147212693,2626238.654625431,124,S6_worst_case_no_intervention,indonesia,USDC
671,0.7737539684655779,2560582.6882597953,124,S6_worst_case_no_intervention,indonesia,USDC
672,0.786068450790893,2496568.1210533003,124,S6_worst_case_no_intervention,indonesia,USDC
673,0.7804338657549117,2434153.9180269674,124,S6_worst_case_no_intervention,indonesia,USDC
674,0.7696554298537944,2373300.0700762933,124,S6_worst_case_no_intervention,indonesia,USDC
675,0.781938144517137,2313967.568324386,124,S6_worst_case_no_intervention,indonesia,USDC
676,0.7717698380705693,2256118.3791162763,124,S6_worst_case_no_intervention,indonesia,USDC
677,0.7882233202017348,2199715.4196383697,124,S6_worst_case_no_intervention,indonesia,USDC
678,0.7955449326158051,2144722.53414741,124,S6_worst_case_no_intervention,indonesia,USDC
679,0.8036214587266002,2091104.470793725,124,S6_worst_case_no_intervention,indonesia,USDC
680,0.7736464768217809,2038826.8590238818,124,S6_worst_case_no_intervention,indonesia,USDC
681,0.8013283252170879,1987856.187548285,124,S6_worst_case_no_intervention,indonesia,USDC
682,0.8026801519170301,1938159.7828595776,124,S6_worst_case_no_intervention,indonesia,USDC
683,0.8015252823692423,1889705.788288088,124,S6_worst_case_no_intervention,indonesia,USDC
684,0.7952881137309457,1842463.143580886,124,S6_worst_case_no_intervention,indonesia,USDC
685,0.7946603802790747,1796401.5649913638,124,S6_worst_case_no_intervention,indonesia,USDC
686,0.819563764490838,1751491.5258665797,124,S6_worst_case_no_intervention,indonesia,USDC
687,0.8076164887524107,1707704.237719915,124,S6_worst_case_no_intervention,indonesia,USDC
688,0.8220115167075487,1665011.6317769173,124,S6_worst_case_no_intervention,indonesia,USDC
689,0.8325619387828755,1623386.3409824944,124,S6_worst_case_no_intervention,indonesia,USDC
690,0.835329510578443,1582801.682457932,124,S6_worst_case_no_intervention,indonesia,USDC
691,0.8399012531126382,1543231.6403964837,124,S6_worst_case_no_intervention,indonesia,USDC
692,0.8366015176682629,1504650.8493865714,124,S6_worst_case_no_intervention,indonesia,USDC
693,0.8356336149613519,1467034.5781519073,124,S6_worst_case_no_intervention,indonesia,USDC
694,0.8355705128857376,1430358.7136981096,124,S6_worst_case_no_intervention,indonesia,USDC
695,0.8347028374354621,1394599.7458556567,124,S6_worst_case_no_intervention,indonesia,USDC
696,0.8421376669362808,1359734.7522092655,124,S6_worst_case_no_intervention,indonesia,USDC
697,0.8622674973587833,1325741.3834040337,124,S6_worst_case_no_intervention,indonesia,USDC
698,0.8340609315856609,1292597.848818933,124,S6_worst_case_no_intervention,indonesia,USDC
699,0.8144240016784942,1260282.9025984595,124,S6_worst_case_no_intervention,indonesia,USDC
700,0.8240074969739603,1228775.8300334981,124,S6_worst_case_no_intervention,indonesia,USDC
701,0.8130567312104102,1198056.4342826607,124,S6_worst_case_no_intervention,indonesia,USDC
702,0.8208587278301088,1168105.023425594,124,S6_worst_case_no_intervention,indonesia,USDC
703,0.7992614068589116,1138902.3978399541,124,S6_worst_case_no_intervention,indonesia,USDC
704,0.8095312028948453,1110429.8378939554,124,S6_worst_case_no_intervention,indonesia,USDC
705,0.7921656876263776,1082669.0919466065,124,S6_worst_case_no_intervention,indonesia,USDC
706,0.7824021756046795,1055602.3646479412,124,S6_worst_case_no_intervention,indonesia,USDC
707,0.7600556221348623,1029212.3055317427,124,S6_worst_case_no_intervention,indonesia,USDC
708,0.7700878173479435,1003481.9978934492,124,S6_worst_case_no_intervention,indonesia,USDC
709,0.7557088079283735,978394.947946113,124,S6_worst_case_no_intervention,indonesia,USDC
710,0.7410963057275364,953935.0742474601,124,S6_worst_case_no_intervention,indonesia,USDC
711,0.7372018001633076,930086.6973912736,124,S6_worst_case_no_intervention,indonesia,USDC
712,0.7493142264218692,906834.5299564917,124,S6_worst_case_no_intervention,indonesia,USDC
713,0.7501129920157839,884163.6667075794,124,S6_worst_case_no_intervention,indonesia,USDC
714,0.7663448696460065,862059.5750398899,124,S6_worst_case_no_intervention,indonesia,USDC
715,0.7733411167816314,840508.0856638927,124,S6_worst_case_no_intervention,indonesia,USDC
716,0.7892799850490018,819495.3835222954,124,S6_worst_case_no_intervention,indonesia,USDC
717,0.7725464412267832,799007.9989342381,124,S6_worst_case_no_intervention,indonesia,USDC
718,0.7612956249392957,779032.798960882,124,S6_worst_case_no_intervention,indonesia,USDC
719,0.7531475539140395,759556.97898686,124,S6_worst_case_no_intervention,indonesia,USDC
720,0.7620940903401344,740568.0545121885,124,S6_worst_case_no_intervention,indonesia,USDC
721,0.7727124318499513,722053.8531493838,124,S6_worst_case_no_intervention,indonesia,USDC
722,0.7577533007272922,704002.5068206493,124,S6_worst_case_no_intervention,indonesia,USDC
723,0.7700538242386907,686402.444150133,124,S6_worst_case_no_intervention,indonesia,USDC
724,0.8045124353388888,669242.3830463797,124,S6_worst_case_no_intervention,indonesia,USDC
725,0.7934149661956033,652511.3234702202,124,S6_worst_case_no_intervention,indonesia,USDC
726,0.8214296842038111,636198.5403834647,124,S6_worst_case_no_intervention,indonesia,USDC
727,0.8350886980123382,620293.576873878,124,S6_worst_case_no_intervention,indonesia,USDC
728,0.8431683863574482,604786.2374520311,124,S6_worst_case_no_intervention,indonesia,USDC
729,0.8559613433790844,589666.5815157304,124,S6_worst_case_no_intervention,indonesia,USDC
730,0.8491077198731612,574924.916977837,124,S6_worst_case_no_intervention,indonesia,USDC
731,0.8227233776420699,560551.7940533911,124,S6_worst_case_no_intervention,indonesia,USDC
732,0.801578782460204,546537.9992020563,124,S6_worst_case_no_intervention,indonesia,USDC
733,0.7867215695125425,532874.5492220048,124,S6_worst_case_no_intervention,indonesia,USDC
734,0.7664072352945722,519552.6854914548,124,S6_worst_case_no_intervention,indonesia,USDC
735,0.7802649130780399,506563.86835416843,124,S6_worst_case_no_intervention,indonesia,USDC
736,0.7861184723606404,493899.7716453142,124,S6_worst_case_no_intervention,indonesia,USDC
737,0.8022736304507986,481552.2773541813,124,S6_worst_case_no_intervention,indonesia,USDC
738,0.8228735020723322,469513.4704203268,124,S6_worst_case_no_intervention,indonesia,USDC
739,0.824311849594219,457775.6336598186,124,S6_worst_case_no_intervention,indonesia,USDC
740,0.8402708106947532,446331.24281832314,124,S6_worst_case_no_intervention,indonesia,USDC
741,0.8335094542045289,435172.9617478651,124,S6_worst_case_no_intervention,indonesia,USDC
742,0.8371196787717051,424293.63770416845,124,S6_worst_case_no_intervention,indonesia,USDC
743,0.8359891685189269,413686.2967615642,124,S6_worst_case_no_intervention,indonesia,USDC
744,0.8181371202611961,403344.13934252516,124,S6_worst_case_no_intervention,indonesia,USDC
745,0.7944836683122434,393260.535858962,124,S6_worst_case_no_intervention,indonesia,USDC
746,0.8020318134028336,383429.0224624879,124,S6_worst_case_no_intervention,indonesia,USDC
747,0.8026597483617623,373843.2969009257,124,S6_worst_case_no_intervention,indonesia,USDC
748,0.7962957536979798,364497.21447840263,124,S6_worst_case_no_intervention,indonesia,USDC
749,0.7875166803755125,355384.78411644255,124,S6_worst_case_no_intervention,indonesia,USDC
750,0.7805409401705181,346500.1645135315,124,S6_worst_case_no_intervention,indonesia,USDC
751,0.7719547106601902,337837.6604006932,124,S6_worst_case_no_intervention,indonesia,USDC
752,0.7508033947124705,329391.71889067587,124,S6_worst_case_no_intervention,indonesia,USDC
753,0.7682664075303232,321156.92591840896,124,S6_worst_case_no_intervention,indonesia,USDC
754,0.7796989628672941,313128.0027704487,124,S6_worst_case_no_intervention,indonesia,USDC
755,0.7823255649769236,305299.8027011875,124,S6_worst_case_no_intervention,indonesia,USDC
756,0.7783002504873995,297667.3076336578,124,S6_worst_case_no_intervention,indonesia,USDC
757,0.8103527565587095,290225.6249428164,124,S6_worst_case_no_intervention,indonesia,USDC
758,0.7856584516908997,282969.98431924597,124,S6_worst_case_no_intervention,indonesia,USDC
759,0.7864252885768044,275895.73471126484,124,S6_worst_case_no_intervention,indonesia,USDC
760,0.7941501512738534,268998.3413434832,124,S6_worst_case_no_intervention,indonesia,USDC
761,0.8045121104413206,262273.38280989614,124,S6_worst_case_no_intervention,indonesia,USDC
762,0.761385537515358,255716.5482396487,124,S6_worst_case_no_intervention,indonesia,USDC
763,0.7761329582996643,249323.6345336575,124,S6_worst_case_no_intervention,indonesia,USDC
764,0.7943796726119897,243090.54367031605,124,S6_worst_case_no_intervention,indonesia,USDC
765,0.8128868577531682,237013.28007855813,124,S6_worst_case_no_intervention,indonesia,USDC
766,0.7919910615090386,231087.94807659416,124,S6_worst_case_no_intervention,indonesia,USDC
767,0.8036437483823028,225310.7493746793,124,S6_worst_case_no_intervention,indonesia,USDC
768,0.7968661003324004,219677.98064031234,124,S6_worst_case_no_intervention,indonesia,USDC
769,0.7932462761592934,214186.03112430454,124,S6_worst_case_no_intervention,indonesia,USDC
770,0.8006859333574776,208831.38034619694,124,S6_worst_case_no_intervention,indonesia,USDC
771,0.804407948738515,203610.59583754197,124,S6_worst_case_no_intervention,indonesia,USDC
772,0.7913835791843017,198520.33094160346,124,S6_worst_case_no_intervention,indonesia,USDC
773,0.8209253751256419,193557.3226680634,124,S6_worst_case_no_intervention,indonesia,USDC
774,0.8306101676967806,188718.38960136176,124,S6_worst_case_no_intervention,indonesia,USDC
775,0.8224293240496574,184000.42986132775,124,S6_worst_case_no_intervention,indonesia,USDC
776,0.8004101129069816,179400.41911479455,124,S6_worst_case_no_intervention,indonesia,USDC
777,0.8021730145374858,174915.4086369247,124,S6_worst_case_no_intervention,indonesia,USDC
778,0.7951228665738456,170542.52342100156,124,S6_worst_case_no_intervention,indonesia,USDC
779,0.7992449230103749,166278.96033547653,124,S6_worst_case_no_intervention,indonesia,USDC
780,0.8140019213385737,162121.98632708963,124,S6_worst_case_no_intervention,indonesia,USDC
781,0.7929561610342464,158068.93666891236,124,S6_worst_case_no_intervention,indonesia,USDC
782,0.7955763076770871,154117.21325218957,124,S6_worst_case_no_intervention,indonesia,USDC
783,0.7840846427377418,150264.2829208848,124,S6_worst_case_no_intervention,indonesia,USDC
784,0.7941753593360449,146507.6758478627,124,S6_worst_case_no_intervention,indonesia,USDC
785,0.7892176942098997,142844.98395166613,124,S6_worst_case_no_intervention,indonesia,USDC
786,0.7721874083552492,139273.85935287448,124,S6_worst_case_no_intervention,indonesia,USDC
787,0.7503550990349803,135792.01286905262,124,S6_worst_case_no_intervention,indonesia,USDC
788,0.7513268385209201,132397.2125473263,124,S6_worst_case_no_intervention,indonesia,USDC
789,0.7418867017905674,129087.28223364314,124,S6_worst_case_no_intervention,indonesia,USDC
790,0.7491771253703597,125860.10017780206,124,S6_worst_case_no_intervention,indonesia,USDC
791,0.7565201988552007,122713.597673357,124,S6_worst_case_no_intervention,indonesia,USDC
792,0.7750439730138051,119645.75773152307,124,S6_worst_case_no_intervention,indonesia,USDC
793,0.7836545685539232,116654.61378823502,124,S6_worst_case_no_intervention,indonesia,USDC
794,0.8032642335806228,113738.24844352913,124,S6_worst_case_no_intervention,indonesia,USDC
795,0.8070645531765986,110894.7922324409,124,S6_worst_case_no_intervention,indonesia,USDC
796,0.8454252543143195,108122.42242662988,124,S6_worst_case_no_intervention,indonesia,USDC
797,0.8356353218632926,105419.36186596414,124,S6_worst_case_no_intervention,indonesia,USDC
798,0.8222499060571276,102783.87781931504,124,S6_worst_case_no_intervention,indonesia,USDC
799,0.8133168432715189,100214.28087383216,124,S6_worst_case_no_intervention,indonesia,USDC
800,0.796296173298915,97708.92385198636,124,S6_worst_case_no_intervention,indonesia,USDC
801,0.773077725861173,95266.2007556867,124,S6_worst_case_no_intervention,indonesia,USDC
802,0.7786075974156818,92884.54573679453,124,S6_worst_case_no_intervention,indonesia,USDC
803,0.7771681304196971,90562.43209337466,124,S6_worst_case_no_intervention,indonesia,USDC
804,0.7842302058563829,88298.37129104031,124,S6_worst_case_no_intervention,indonesia,USDC
805,0.7851972035217156,86090.91200876431,124,S6_worst_case_no_intervention,indonesia,USDC
806,0.7780952090292349,83938.6392085452,124,S6_worst_case_no_intervention,indonesia,USDC
807,0.7763252342576398,81840.17322833157,124,S6_worst_case_no_intervention,indonesia,USDC
808,0.7791383449614092,79794.16889762328,124,S6_worst_case_no_intervention,indonesia,USDC
809,0.7818271230165755,77799.31467518269,124,S6_worst_case_no_intervention,indonesia,USDC
810,0.7948555248683593,75854.33180830313,124,S6_worst_case_no_intervention,indonesia,USDC
811,0.7718900866825216,73957.97351309555,124,S6_worst_case_no_intervention,indonesia,USDC
812,0.7912422884280168,72109.02417526816,124,S6_worst_case_no_intervention,indonesia,USDC
813,0.8087524604227003,70306.29857088646,124,S6_worst_case_no_intervention,indonesia,USDC
814,0.8118051080310064,68548.64110661429,124,S6_worst_case_no_intervention,indonesia,USDC
815,0.8117500915553768,66834.92507894893,124,S6_worst_case_no_intervention,indonesia,USDC
816,0.8071159637268348,65164.05195197522,124,S6_worst_case_no_intervention,indonesia,USDC
817,0.8014149476012429,63534.95065317584,124,S6_worst_case_no_intervention,indonesia,USDC
818,0.8083041079866821,61946.57688684644,124,S6_worst_case_no_intervention,indonesia,USDC
819,0.8040277680322838,60397.912464675275,124,S6_worst_case_no_intervention,indonesia,USDC
820,0.8132466245435073,58887.96465305839,124,S6_worst_case_no_intervention,indonesia,USDC
821,0.7994319113568957,57415.76553673194,124,S6_worst_case_no_intervention,indonesia,USDC
822,0.795489787942698,55980.37139831364,124,S6_worst_case_no_intervention,indonesia,USDC
823,0.8092080411930125,54580.86211335579,124,S6_worst_case_no_intervention,indonesia,USDC
824,0.8209405718257047,53216.340560521894,124,S6_worst_case_no_intervention,indonesia,USDC
825,0.806647927658947,51885.93204650885,124,S6_worst_case_no_intervention,indonesia,USDC
826,0.7987351105735851,50588.783745346125,124,S6_worst_case_no_intervention,indonesia,USDC
827,0.8055302961286912,49324.064151712475,124,S6_worst_case_no_intervention,indonesia,USDC
828,0.7613722355245578,48090.96254791967,124,S6_worst_case_no_intervention,indonesia,USDC
829,0.7505980724091665,46888.688484221675,124,S6_worst_case_no_intervention,indonesia,USDC
830,0.7324674164846869,45716.471272116134,124,S6_worst_case_no_intervention,indonesia,USDC
831,0.7295301322544007,44573.55949031323,124,S6_worst_case_no_intervention,indonesia,USDC
832,0.7335095901061796,43459.220503055396,124,S6_worst_case_no_intervention,indonesia,USDC
833,0.7647412139135479,42372.739990479015,124,S6_worst_case_no_intervention,indonesia,USDC
834,0.7453160709326521,41313.42149071704,124,S6_worst_case_no_intervention,indonesia,USDC
835,0.7464265750076988,40280.58595344911,124,S6_worst_case_no_intervention,indonesia,USDC
836,0.7363472035271096,39273.57130461288,124,S6_worst_case_no_intervention,indonesia,USDC
837,0.7248384088582609,38291.732021997566,124,S6_worst_case_no_intervention,indonesia,USDC
838,0.725725827543757,37334.43872144762,124,S6_worst_case_no_intervention,indonesia,USDC
839,0.7373811131772624,36401.07775341143,124,S6_worst_case_no_intervention,indonesia,USDC
840,0.7261212483943793,35491.05080957615,124,S6_worst_case_no_intervention,indonesia,USDC
841,0.7287471640585236,34603.774539336744,124,S6_worst_case_no_intervention,indonesia,USDC
842,0.7166490461998141,33738.680175853326,124,S6_worst_case_no_intervention,indonesia,USDC
843,0.7268561954137323,32895.21317145699,124,S6_worst_case_no_intervention,indonesia,USDC
844,0.7528244368984212,32072.832842170566,124,S6_worst_case_no_intervention,indonesia,USDC
845,0.7580926376551036,31271.012021116305,124,S6_worst_case_no_intervention,indonesia,USDC
846,0.7594295281648072,30489.236720588393,124,S6_worst_case_no_intervention,indonesia,USDC
847,0.7399679914417039,29727.005802573687,124,S6_worst_case_no_intervention,indonesia,USDC
848,0.7483464865939546,28983.830657509345,124,S6_worst_case_no_intervention,indonesia,USDC
849,0.7415004724234671,28259.23489107161,124,S6_worst_case_no_intervention,indonesia,USDC
850,0.7387650416127989,27552.754018794818,124,S6_worst_case_no_intervention,indonesia,USDC
851,0.744882252932565,26863.935168324948,124,S6_worst_case_no_intervention,indonesia,USDC
852,0.7473682618730332,26192.336789116824,124,S6_worst_case_no_intervention,indonesia,USDC
853,0.7439111727448106,25537.5283693889,124,S6_worst_case_no_intervention,indonesia,USDC
854,0.7498760973495038,24899.09016015418,124,S6_worst_case_no_intervention,indonesia,USDC
855,0.7399608987811561,24276.612906150323,124,S6_worst_case_no_intervention,indonesia,USDC
856,0.7520543747349356,23669.697583496567,124,S6_worst_case_no_intervention,indonesia,USDC
857,0.7686769401786765,23077.955143909152,124,S6_worst_case_no_intervention,indonesia,USDC
858,0.7815507468419075,22501.006265311422,124,S6_worst_case_no_intervention,indonesia,USDC
859,0.788539536701356,21938.481108678636,124,S6_worst_case_no_intervention,indonesia,USDC
860,0.773086619392331,21390.019080961672,124,S6_worst_case_no_intervention,indonesia,USDC
861,0.7932271169035204,20855.26860393763,124,S6_worst_case_no_intervention,indonesia,USDC
862,0.8166172127967076,20333.886888839188,124,S6_worst_case_no_intervention,indonesia,USDC
863,0.8192891459736339,19825.53971661821,124,S6_worst_case_no_intervention,indonesia,USDC
864,0.8190089186695027,19329.901223702756,124,S6_worst_case_no_intervention,indonesia,USDC
865,0.7972356808477049,18846.653693110187,124,S6_worst_case_no_intervention,indonesia,USDC
866,0.8041871870246412,18375.48735078243,124,S6_worst_case_no_intervention,indonesia,USDC
867,0.7923267029530169,17916.10016701287,124,S6_worst_case_no_intervention,indonesia,USDC
868,0.788773856977042,17468.19766283755,124,S6_worst_case_no_intervention,indonesia,USDC
869,0.7850619500919791,17031.49272126661,124,S6_worst_case_no_intervention,indonesia,USDC
870,0.8120138375549976,16605.705403234948,124,S6_worst_case_no_intervention,indonesia,USDC
871,0.8216091130011985,16190.562768154072,124,S6_worst_case_no_intervention,indonesia,USDC
872,0.793679101694949,15785.79869895022,124,S6_worst_case_no_intervention,indonesia,USDC
873,0.779043985426488,15391.153731476463,124,S6_worst_case_no_intervention,indonesia,USDC
874,0.7625143093837456,15006.374888189552,124,S6_worst_case_no_intervention,indonesia,USDC
875,0.780710834436918,14631.215515984815,124,S6_worst_case_no_intervention,indonesia,USDC
876,0.7714513838128133,14265.435128085193,124,S6_worst_case_no_intervention,indonesia,USDC
877,0.790360843419702,13908.799249883064,124,S6_worst_case_no_intervention,indonesia,USDC
878,0.8311158627457852,13561.079268635985,124,S6_worst_case_no_intervention,indonesia,USDC
879,0.800747334240403,13222.052286920087,124,S6_worst_case_no_intervention,indonesia,USDC
880,0.8066762644398148,12891.500979747085,124,S6_worst_case_no_intervention,indonesia,USDC
881,0.8016219727168746,12569.213455253406,124,S6_worst_case_no_intervention,indonesia,USDC
882,0.8108605461704551,12254.983118872071,124,S6_worst_case_no_intervention,indonesia,USDC
883,0.8203417226266173,11948.60854090027,124,S6_worst_case_no_intervention,indonesia,USDC
884,0.8062196660583322,11649.893327377764,124,S6_worst_case_no_intervention,indonesia,USDC
885,0.8150995263631488,11358.645994193319,124,S6_worst_case_no_intervention,indonesia,USDC
886,0.8291609297748267,11074.679844338487,124,S6_worst_case_no_intervention,indonesia,USDC
887,0.835097693471223,10797.812848230024,124,S6_worst_case_no_intervention,indonesia,USDC
888,0.8323144293617277,10527.867527024273,124,S6_worst_case_no_intervention,indonesia,USDC
889,0.8188258474701282,10264.670838848666,124,S6_worst_case_no_intervention,indonesia,USDC
890,0.8031565944512526,10008.05406787745,124,S6_worst_case_no_intervention,indonesia,USDC
891,0.7854238070450524,9757.852716180514,124,S6_worst_case_no_intervention,indonesia,USDC
892,0.7969236977185445,9513.906398276002,124,S6_worst_case_no_intervention,indonesia,USDC
893,0.7420111126468553,9276.0587383191,124,S6_worst_case_no_intervention,indonesia,USDC
894,0.7508366953179056,9044.157269861123,124,S6_worst_case_no_intervention,indonesia,USDC
895,0.7655318752154013,8818.053338114596,124,S6_worst_case_no_intervention,indonesia,USDC
896,0.7500039830788829,8597.60200466173,124,S6_worst_case_no_intervention,indonesia,USDC
897,0.7714047358530909,8382.661954545187,124,S6_worst_case_no_intervention,indonesia,USDC
898,0.7768829754876837,8173.095405681557,124,S6_worst_case_no_intervention,indonesia,USDC
899,0.800212694139817,7968.768020539519,124,S6_worst_case_no_intervention,indonesia,USDC
900,0.7768971247418472,7769.5488200260315,124,S6_worst_case_no_intervention,indonesia,USDC
901,0.7892907417975867,7575.31009952538,124,S6_worst_case_no_intervention,indonesia,USDC
902,0.809253646545891,7385.9273470372445,124,S6_worst_case_no_intervention,indonesia,USDC
903,0.8040144288471924,7201.279163361314,124,S6_worst_case_no_intervention,indonesia,USDC
904,0.7777681500353841,7021.247184277281,124,S6_worst_case_no_intervention,indonesia,USDC
905,0.7768890491607758,6845.716004670349,124,S6_worst_case_no_intervention,indonesia,USDC
906,0.8074159864150906,6674.57310455359,124,S6_worst_case_no_intervention,indonesia,USDC
907,0.7968475499891676,6507.708776939751,124,S6_worst_case_no_intervention,indonesia,USDC
908,0.7927440871978066,6345.016057516257,124,S6_worst_case_no_intervention,indonesia,USDC
909,0.8079766458818755,6186.390656078351,124,S6_worst_case_no_intervention,indonesia,USDC
910,0.7945913712192976,6031.730889676392,124,S6_worst_case_no_intervention,indonesia,USDC
911,0.8035827005759997,5880.937617434482,124,S6_worst_case_no_intervention,indonesia,USDC
912,0.8324494680329493,5733.91417699862,124,S6_worst_case_no_intervention,indonesia,USDC
913,0.810918586573905,5590.566322573654,124,S6_worst_case_no_intervention,indonesia,USDC
914,0.8048988954236094,5450.802164509312,124,S6_worst_case_no_intervention,indonesia,USDC
915,0.8259620276689454,5314.53211039658,124,S6_worst_case_no_intervention,indonesia,USDC
916,0.8438648064563736,5181.668807636665,124,S6_worst_case_no_intervention,indonesia,USDC
917,0.8406421299248322,5052.127087445749,124,S6_worst_case_no_intervention,indonesia,USDC
918,0.818253340455731,4925.823910259604,124,S6_worst_case_no_intervention,indonesia,USDC
919,0.8258459165834617,4802.678312503114,124,S6_worst_case_no_intervention,indonesia,USDC
920,0.8260743190408737,4682.611354690537,124,S6_worst_case_no_intervention,indonesia,USDC
921,0.8433389145333453,4565.546070823273,124,S6_worst_case_no_intervention,indonesia,USDC
922,0.8291918084467222,4451.407419052692,124,S6_worst_case_no_intervention,indonesia,USDC
923,0.845896285685049,4340.122233576374,124,S6_worst_case_no_intervention,indonesia,USDC
924,0.8605453681886955,4231.619177736964,124,S6_worst_case_no_intervention,indonesia,USDC
925,0.8451973504157362,4125.828698293541,124,S6_worst_case_no_intervention,indonesia,USDC
926,0.8363564632330209,4022.6829808362018,124,S6_worst_case_no_intervention,indonesia,USDC
927,0.8197016452843768,3922.1159063152973,124,S6_worst_case_no_intervention,indonesia,USDC
928,0.8057862674805236,3824.0630086574147,124,S6_worst_case_no_intervention,indonesia,USDC
929,0.8144730550283461,3728.4614334409794,124,S6_worst_case_no_intervention,indonesia,USDC
930,0.8429849450445376,3635.2498976049546,124,S6_worst_case_no_intervention,indonesia,USDC
931,0.8277189806395493,3544.368650164831,124,S6_worst_case_no_intervention,indonesia,USDC
932,0.8158903719323065,3455.759433910711,124,S6_worst_case_no_intervention,indonesia,USDC
933,0.8036620390581342,3369.3654480629425,124,S6_worst_case_no_intervention,indonesia,USDC
934,0.8219726924857226,3285.1313118613693,124,S6_worst_case_no_intervention,indonesia,USDC
935,0.7964643209840798,3203.003029064835,124,S6_worst_case_no_intervention,indonesia,USDC
936,0.8086711847737116,3122.927953338214,124,S6_worst_case_no_intervention,indonesia,USDC
937,0.8095356703660028,3044.8547545047586,124,S6_worst_case_no_intervention,indonesia,USDC
938,0.829796874570542,2968.7333856421396,124,S6_worst_case_no_intervention,indonesia,USDC
939,0.8109883817389469,2894.5150510010862,124,S6_worst_case_no_intervention,indonesia,USDC
940,0.8031352873211409,2822.1521747260595,124,S6_worst_case_no_intervention,indonesia,USDC
941,0.791090729467225,2751.5983703579077,124,S6_worst_case_no_intervention,indonesia,USDC
942,0.7827547151766892,2682.8084110989603,124,S6_worst_case_no_intervention,indonesia,USDC
943,0.7878437240578129,2615.738200821486,124,S6_worst_case_no_intervention,indonesia,USDC
944,0.7630494237447757,2550.3447458009487,124,S6_worst_case_no_intervention,indonesia,USDC
945,0.7622422994613812,2486.586127155925,124,S6_worst_case_no_intervention,indonesia,USDC
946,0.7482175137470813,2424.421473977027,124,S6_worst_case_no_intervention,indonesia,USDC
947,0.7444986969009002,2363.8109371276014,124,S6_worst_case_no_intervention,indonesia,USDC
948,0.7325434926044241,2304.7156636994114,124,S6_worst_case_no_intervention,indonesia,USDC
949,0.7340190939440246,2247.097772106926,124,S6_worst_case_no_intervention,indonesia,USDC
950,0.7476421919479131,2190.920327804253,124,S6_worst_case_no_intervention,indonesia,USDC
951,0.7639949575165264,2136.147319609147,124,S6_worst_case_no_intervention,indonesia,USDC
952,0.7830677807693708,2082.7436366189186,124,S6_worst_case_no_intervention,indonesia,USDC
953,0.7588613529017044,2030.6750457034454,124,S6_worst_case_no_intervention,indonesia,USDC
954,0.7502343894557301,1979.908169560859,124,S6_worst_case_no_intervention,indonesia,USDC
955,0.7765196049267729,1930.4104653218376,124,S6_worst_case_no_intervention,indonesia,USDC
956,0.7869892203204153,1882.1502036887916,124,S6_worst_case_no_intervention,indonesia,USDC
957,0.773769799180967,1835.096448596572,124,S6_worst_case_no_intervention,indonesia,USDC
958,0.7752648387155876,1789.219037381658,124,S6_worst_case_no_intervention,indonesia,USDC
959,0.7659665733686907,1744.4885614471164,124,S6_worst_case_no_intervention,indonesia,USDC
960,0.7696799151580636,1700.8763474109383,124,S6_worst_case_no_intervention,indonesia,USDC
961,0.7506267244130018,1658.3544387256647,124,S6_worst_case_no_intervention,indonesia,USDC
962,0.7446011434652109,1616.8955777575231,124,S6_worst_case_no_intervention,indonesia,USDC
963,0.7497182580158982,1576.473188313585,124,S6_worst_case_no_intervention,indonesia,USDC
964,0.76291034102777,1537.0613586057455,124,S6_worst_case_no_intervention,indonesia,USDC
965,0.7615739731604884,1498.634824640602,124,S6_worst_case_no_intervention,indonesia,USDC
966,0.7941213379298581,1461.1689540245866,124,S6_worst_case_no_intervention,indonesia,USDC
967,0.788001727895793,1424.639730173972,124,S6_worst_case_no_intervention,indonesia,USDC
968,0.7914160327585628,1389.023736919623,124,S6_worst_case_no_intervention,indonesia,USDC
969,0.7767740360966886,1354.298143496632,124,S6_worst_case_no_intervention,indonesia,USDC
970,0.7698598143815163,1320.4406899092164,124,S6_worst_case_no_intervention,indonesia,USDC
971,0.7759284467501371,1287.4296726614857,124,S6_worst_case_no_intervention,indonesia,USDC
972,0.8094723258972354,1255.2439308449489,124,S6_worst_case_no_intervention,indonesia,USDC
973,0.7929667017416017,1223.862832573825,124,S6_worst_case_no_intervention,indonesia,USDC
974,0.7774687203814404,1193.2662617594792,124,S6_worst_case_no_intervention,indonesia,USDC
975,0.7999441445008013,1163.4346052154924,124,S6_worst_case_no_intervention,indonesia,USDC
976,0.8033395440283894,1134.348740085105,124,S6_worst_case_no_intervention,indonesia,USDC
977,0.8182459182237672,1105.9900215829773,124,S6_worst_case_no_intervention,indonesia,USDC
978,0.7925241555322169,1078.340271043403,124,S6_worst_case_no_intervention,indonesia,USDC
979,0.7997367616148469,1051.381764267318,124,S6_worst_case_no_intervention,indonesia,USDC
980,0.7816473479706634,1025.097220160635,124,S6_worst_case_no_intervention,indonesia,USDC
981,0.7686159955266902,999.469789656619,124,S6_worst_case_no_intervention,indonesia,USDC
982,0.7438903537274772,974.4830449152037,124,S6_worst_case_no_intervention,indonesia,USDC
983,0.7727711856484188,950.1209687923235,124,S6_worst_case_no_intervention,indonesia,USDC
984,0.7916486978007556,926.3679445725154,124,S6_worst_case_no_intervention,indonesia,USDC
985,0.7813917062104286,903.2087459582026,124,S6_worst_case_no_intervention,indonesia,USDC
986,0.7874153047629018,880.6285273092474,124,S6_worst_case_no_intervention,indonesia,USDC
987,0.7739536986608794,858.6128141265162,124,S6_worst_case_no_intervention,indonesia,USDC
988,0.7963170912192529,837.1474937733533,124,S6_worst_case_no_intervention,indonesia,USDC
989,0.7846333558618515,816.2188064290194,124,S6_worst_case_no_intervention,indonesia,USDC
990,0.7849079996212501,795.813336268294,124,S6_worst_case_no_intervention,indonesia,USDC
991,0.7904729082855897,775.9180028615867,124,S6_worst_case_no_intervention,indonesia,USDC
992,0.7827030568073535,756.520052790047,124,S6_worst_case_no_intervention,indonesia,USDC
993,0.7721549750519796,737.6070514702958,124,S6_worst_case_no_intervention,indonesia,USDC
994,0.7722726100064911,719.1668751835384,124,S6_worst_case_no_intervention,indonesia,USDC
995,0.7686216023369551,701.18770330395,124,S6_worst_case_no_intervention,indonesia,USDC
996,0.7601300991659367,683.6580107213513,124,S6_worst_case_no_intervention,indonesia,USDC
997,0.7727636656120065,666.5665604533174,124,S6_worst_case_no_intervention,indonesia,USDC
998,0.7705393549407733,649.9023964419845,124,S6_worst_case_no_intervention,indonesia,USDC
999,0.7455180177859156,633.6548365309349,124,S6_worst_case_no_intervention,indonesia,USDC
1000,0.7491307588606793,617.8134656176614,124,S6_worst_case_no_intervention,indonesia,USDC
