Step,price,liquidity,iteration,scenario,region,coin
1,1.0040748346896917,2989576997003.7295,437,S6_worst_case_no_intervention,indonesia,USDC
2,1.0278881372584636,2989576997003.7295,437,S6_worst_case_no_intervention,indonesia,USDC
3,1.033110416807993,2989576997003.7295,437,S6_worst_case_no_intervention,indonesia,USDC
4,1.0062084885230143,2989576997003.7295,437,S6_worst_case_no_intervention,indonesia,USDC
5,1.0205846774547407,2989576997003.7295,437,S6_worst_case_no_intervention,indonesia,USDC
6,1.0050720964369186,2989576997003.7295,437,S6_worst_case_no_intervention,indonesia,USDC
7,1.0227965973728357,2989576997003.7295,437,S6_worst_case_no_intervention,indonesia,USDC
8,1.0224616800770496,2989576997003.7295,437,S6_worst_case_no_intervention,indonesia,USDC
9,0.990609468565976,2989576997003.7295,437,S6_worst_case_no_intervention,indonesia,USDC
10,1.008709395102857,2989576997003.7295,437,S6_worst_case_no_intervention,indonesia,USDC
11,1.0177960225092824,2989576997003.7295,437,S6_worst_case_no_intervention,indonesia,USDC
12,1.0553229553585144,2989576997003.7295,437,S6_worst_case_no_intervention,indonesia,USDC
13,1.0856914859690863,2989576997003.7295,437,S6_worst_case_no_intervention,indonesia,USDC
14,1.0828619122020493,2989576997003.7295,437,S6_worst_case_no_intervention,indonesia,USDC
15,1.0818064709955377,2989576997003.7295,437,S6_worst_case_no_intervention,indonesia,USDC
16,1.1177477650041516,2989576997003.7295,437,S6_worst_case_no_intervention,indonesia,USDC
17,1.099964366627577,2989576997003.7295,437,S6_worst_case_no_intervention,indonesia,USDC
18,1.0881234774292547,2989576997003.7295,437,S6_worst_case_no_intervention,indonesia,USDC
19,1.0904560226749767,2989576997003.7295,437,S6_worst_case_no_intervention,indonesia,USDC
20,1.0608321119701591,2989576997003.7295,437,S6_worst_case_no_intervention,indonesia,USDC
21,1.0841988932157933,2989576997003.7295,437,S6_worst_case_no_intervention,indonesia,USDC
22,1.0817605707736915,2989576997003.7295,437,S6_worst_case_no_intervention,indonesia,USDC
23,1.0955559967150037,2989576997003.7295,437,S6_worst_case_no_intervention,indonesia,USDC
24,1.1195633216683263,2989576997003.7295,437,S6_worst_case_no_intervention,indonesia,USDC
25,1.1097820216085668,2989576997003.7295,437,S6_worst_case_no_intervention,indonesia,USDC
26,1.0619194464847412,2989576997003.7295,437,S6_worst_case_no_intervention,indonesia,USDC
27,1.05611737637698,2989576997003.7295,437,S6_worst_case_no_intervention,indonesia,USDC
28,1.0570581854270213,2989576997003.7295,437,S6_worst_case_no_intervention,indonesia,USDC
29,1.0524934462806605,2989576997003.7295,437,S6_worst_case_no_intervention,indonesia,USDC
30,1.067628600967706,2989576997003.7295,437,S6_worst_case_no_intervention,indonesia,USDC
31,1.0514853239560813,2989576997003.7295,437,S6_worst_case_no_intervention,indonesia,USDC
32,1.024034255264824,2989576997003.7295,437,S6_worst_case_no_intervention,indonesia,USDC
33,0.9951451603263642,2989576997003.7295,437,S6_worst_case_no_intervention,indonesia,USDC
34,0.9859079570077237,2989576997003.7295,437,S6_worst_case_no_intervention,indonesia,USDC
35,0.9853144156626132,2989576997003.7295,437,S6_worst_case_no_intervention,indonesia,USDC
36,1.014822947627887,2989576997003.7295,437,S6_worst_case_no_intervention,indonesia,USDC
37,1.0090655553732029,2989576997003.7295,437,S6_worst_case_no_intervention,indonesia,USDC
38,1.036864867906225,2989576997003.7295,437,S6_worst_case_no_intervention,indonesia,USDC
39,1.072362337724749,2989576997003.7295,437,S6_worst_case_no_intervention,indonesia,USDC
40,1.0601288948827619,2989576997003.7295,437,S6_worst_case_no_intervention,indonesia,USDC
41,1.0627877562191625,2989576997003.7295,437,S6_worst_case_no_intervention,indonesia,USDC
42,1.0557426338895706,2989576997003.7295,437,S6_worst_case_no_intervention,indonesia,USDC
43,1.0497984909814244,2989576997003.7295,437,S6_worst_case_no_intervention,indonesia,USDC
44,1.0516245315180632,2989576997003.7295,437,S6_worst_case_no_intervention,indonesia,USDC
45,1.0916026901055247,2989576997003.7295,437,S6_worst_case_no_intervention,indonesia,USDC
46,1.0627845832545957,2989576997003.7295,437,S6_worst_case_no_intervention,indonesia,USDC
47,1.0848632620540697,2989576997003.7295,437,S6_worst_case_no_intervention,indonesia,USDC
48,1.1074988936472625,2989576997003.7295,437,S6_worst_case_no_intervention,indonesia,USDC
49,1.1187231361983223,2989576997003.7295,437,S6_worst_case_no_intervention,indonesia,USDC
50,1.1509659955201308,2989576997003.7295,437,S6_worst_case_no_intervention,indonesia,USDC
51,1.124872527514633,2989576997003.7295,437,S6_worst_case_no_intervention,indonesia,USDC
52,1.1025481849083387,2989576997003.7295,437,S6_worst_case_no_intervention,indonesia,USDC
53,1.1015013022110842,2989576997003.7295,437,S6_worst_case_no_intervention,indonesia,USDC
54,1.1338330349732268,2989576997003.7295,437,S6_worst_case_no_intervention,indonesia,USDC
55,1.1245062645636814,2989576997003.7295,437,S6_worst_case_no_intervention,indonesia,USDC
56,1.1120499597218945,2989576997003.7295,437,S6_worst_case_no_intervention,indonesia,USDC
57,1.1005479776892644,2989576997003.7295,437,S6_worst_case_no_intervention,indonesia,USDC
58,1.0665348779477455,2989576997003.7295,437,S6_worst_case_no_intervention,indonesia,USDC
59,1.0727161209437577,2989576997003.7295,437,S6_worst_case_no_intervention,indonesia,USDC
60,1.077543157833894,2989576997003.7295,437,S6_worst_case_no_intervention,indonesia,USDC
61,1.0802041463572958,2989576997003.7295,437,S6_worst_case_no_intervention,indonesia,USDC
62,1.0873953137714132,2989576997003.7295,437,S6_worst_case_no_intervention,indonesia,USDC
63,1.0728120332398088,2989576997003.7295,437,S6_worst_case_no_intervention,indonesia,USDC
64,1.0547645591944532,2989576997003.7295,437,S6_worst_case_no_intervention,indonesia,USDC
65,1.0543727529003697,2989576997003.7295,437,S6_worst_case_no_intervention,indonesia,USDC
66,1.086952237729862,2989576997003.7295,437,S6_worst_case_no_intervention,indonesia,USDC
67,1.0834977896709659,2989576997003.7295,437,S6_worst_case_no_intervention,indonesia,USDC
68,1.0605838771618274,2989576997003.7295,437,S6_worst_case_no_intervention,indonesia,USDC
69,1.0483292635297514,2989576997003.7295,437,S6_worst_case_no_intervention,indonesia,USDC
70,1.03919601053519,2989576997003.7295,437,S6_worst_case_no_intervention,indonesia,USDC
71,1.0982750855294905,2989576997003.7295,437,S6_worst_case_no_intervention,indonesia,USDC
72,1.0817096432070896,2989576997003.7295,437,S6_worst_case_no_intervention,indonesia,USDC
73,1.0688830758627883,2989576997003.7295,437,S6_worst_case_no_intervention,indonesia,USDC
74,1.0774245469014898,2989576997003.7295,437,S6_worst_case_no_intervention,indonesia,USDC
75,1.0238138746728278,2989576997003.7295,437,S6_worst_case_no_intervention,indonesia,USDC
76,1.0087498451978736,2989576997003.7295,437,S6_worst_case_no_intervention,indonesia,USDC
77,1.01461360486652,2989576997003.7295,437,S6_worst_case_no_intervention,indonesia,USDC
78,0.9992819284953467,2989576997003.7295,437,S6_worst_case_no_intervention,indonesia,USDC
79,1.0167650853602965,2989576997003.7295,437,S6_worst_case_no_intervention,indonesia,USDC
80,1.0192215117107462,2989576997003.7295,437,S6_worst_case_no_intervention,indonesia,USDC
81,1.0042071999290811,2989576997003.7295,437,S6_worst_case_no_intervention,indonesia,USDC
82,1.0320441377186211,2989576997003.7295,437,S6_worst_case_no_intervention,indonesia,USDC
83,1.0139923521052476,2989576997003.7295,437,S6_worst_case_no_intervention,indonesia,USDC
84,0.9979041327147966,2989576997003.7295,437,S6_worst_case_no_intervention,indonesia,USDC
85,1.010013082027515,2989576997003.7295,437,S6_worst_case_no_intervention,indonesia,USDC
86,0.9904901397553529,2989576997003.7295,437,S6_worst_case_no_intervention,indonesia,USDC
87,0.9694139987639133,2989576997003.7295,437,S6_worst_case_no_intervention,indonesia,USDC
88,0.965380058830189,2989576997003.7295,437,S6_worst_case_no_intervention,indonesia,USDC
89,0.8881207377996878,2989398299429.8335,437,S6_worst_case_no_intervention,indonesia,USDC
90,0.8696333877776383,2984578678810.7256,437,S6_worst_case_no_intervention,indonesia,USDC
91,0.8774221025383514,2979134534496.9326,437,S6_worst_case_no_intervention,indonesia,USDC
92,0.8776270264056868,2974717833788.6514,437,S6_worst_case_no_intervention,indonesia,USDC
93,0.8780237146455321,2970703821002.091,437,S6_worst_case_no_intervention,indonesia,USDC
94,0.8929808850589739,2967062720343.5254,437,S6_worst_case_no_intervention,indonesia,USDC
95,0.899992848645242,2964086310823.365,437,S6_worst_case_no_intervention,indonesia,USDC
96,0.9000418730623154,2961655263232.8984,437,S6_worst_case_no_intervention,indonesia,USDC
97,0.9231738382836625,2959507004211.8496,437,S6_worst_case_no_intervention,indonesia,USDC
98,0.9346942131360567,2958180677429.374,437,S6_worst_case_no_intervention,indonesia,USDC
99,0.973068289426387,2957171751555.43,437,S6_worst_case_no_intervention,indonesia,USDC
100,0.9675259303079643,2957171751555.43,437,S6_worst_case_no_intervention,indonesia,USDC
101,0.83742854569058,2957116579001.677,437,S6_worst_case_no_intervention,indonesia,USDC
102,0.8726094777054495,2953428779026.6016,437,S6_worst_case_no_intervention,indonesia,USDC
103,0.8763689175153107,2951033998089.629,437,S6_worst_case_no_intervention,indonesia,USDC
104,0.8826651896309635,2948962820524.1157,437,S6_worst_case_no_intervention,indonesia,USDC
105,0.878388950088964,2947256533618.94,437,S6_worst_case_no_intervention,indonesia,USDC
106,0.8853395158583036,2945660936539.4194,437,S6_worst_case_no_intervention,indonesia,USDC
107,0.9251946100896823,2944320269774.913,437,S6_worst_case_no_intervention,indonesia,USDC
108,0.9673372812396526,2943696110731.968,437,S6_worst_case_no_intervention,indonesia,USDC
109,0.9751769730185296,2943665305776.8154,437,S6_worst_case_no_intervention,indonesia,USDC
110,0.9535337544013588,2943665305776.8154,437,S6_worst_case_no_intervention,indonesia,USDC
111,0.9315732673819556,2943459893393.7725,437,S6_worst_case_no_intervention,indonesia,USDC
112,0.9095405509502654,2942926320644.5186,437,S6_worst_case_no_intervention,indonesia,USDC
113,0.9063278726021429,2942135613015.243,437,S6_worst_case_no_intervention,indonesia,USDC
114,0.9222597063645864,2941331271596.1973,437,S6_worst_case_no_intervention,indonesia,USDC
115,0.9515284930645558,2940752763843.0884,437,S6_worst_case_no_intervention,indonesia,USDC
116,0.9554519678312533,2940558616839.338,437,S6_worst_case_no_intervention,indonesia,USDC
117,0.9515317110887226,2940393914820.129,437,S6_worst_case_no_intervention,indonesia,USDC
118,0.9535023886586065,2940214991017.582,437,S6_worst_case_no_intervention,indonesia,USDC
119,0.9278797935679965,2940034061645.7344,437,S6_worst_case_no_intervention,indonesia,USDC
120,0.939400110791838,2939618860162.887,437,S6_worst_case_no_intervention,indonesia,USDC
121,0.9466282142197525,2865829750736.5723,437,S6_worst_case_no_intervention,indonesia,USDC
122,0.9289620669323269,2793972781795.9443,437,S6_worst_case_no_intervention,indonesia,USDC
123,0.9024389545076694,2723764796106.3804,437,S6_worst_case_no_intervention,indonesia,USDC
124,0.9045971002539959,2655094103340.952,437,S6_worst_case_no_intervention,indonesia,USDC
125,0.8777190256033955,2588154035368.426,437,S6_worst_case_no_intervention,indonesia,USDC
126,0.8514069255813811,2522742381250.3823,437,S6_worst_case_no_intervention,indonesia,USDC
127,0.8255364715983142,2458826716201.549,437,S6_worst_case_no_intervention,indonesia,USDC
128,0.8322007590174999,2396447263777.064,437,S6_worst_case_no_intervention,indonesia,USDC
129,0.8075615850443767,2335780415889.51,437,S6_worst_case_no_intervention,indonesia,USDC
130,0.7892293925655911,2276621667996.4785,437,S6_worst_case_no_intervention,indonesia,USDC
131,0.7918904098655702,2219011997566.1885,437,S6_worst_case_no_intervention,indonesia,USDC
132,0.8093057807961523,2162966513137.792,437,S6_worst_case_no_intervention,indonesia,USDC
133,0.8020442763644876,2108488810574.6665,437,S6_worst_case_no_intervention,indonesia,USDC
134,0.8229973730537544,2055407512096.494,437,S6_worst_case_no_intervention,indonesia,USDC
135,0.8471032891222969,2003760548472.6775,437,S6_worst_case_no_intervention,indonesia,USDC
136,0.8350908676371737,1953484245427.0825,437,S6_worst_case_no_intervention,indonesia,USDC
137,0.8249256849837993,1904463773343.0254,437,S6_worst_case_no_intervention,indonesia,USDC
138,0.808341491292125,1856685809375.667,437,S6_worst_case_no_intervention,indonesia,USDC
139,0.8088653482285466,1810110417451.048,437,S6_worst_case_no_intervention,indonesia,USDC
140,0.8154067968934038,1764723030934.5674,437,S6_worst_case_no_intervention,indonesia,USDC
141,0.806064177435732,1720499383970.7793,437,S6_worst_case_no_intervention,indonesia,USDC
142,0.8138908242371652,1677390527727.0637,437,S6_worst_case_no_intervention,indonesia,USDC
143,0.8030949052704612,1635381025274.1045,437,S6_worst_case_no_intervention,indonesia,USDC
144,0.7957694051960443,1594429160627.6226,437,S6_worst_case_no_intervention,indonesia,USDC
145,0.7897846545806817,1554509999219.2014,437,S6_worst_case_no_intervention,indonesia,USDC
146,0.7838953427653905,1515597457890.5706,437,S6_worst_case_no_intervention,indonesia,USDC
147,0.7788758449230351,1477667120798.7964,437,S6_worst_case_no_intervention,indonesia,USDC
148,0.8034671055527378,1440690061412.2324,437,S6_worst_case_no_intervention,indonesia,USDC
149,0.7872183895680185,1404647440136.9194,437,S6_worst_case_no_intervention,indonesia,USDC
150,0.779276022031955,1369508634500.4194,437,S6_worst_case_no_intervention,indonesia,USDC
151,0.7692254412913999,1335251299409.0483,437,S6_worst_case_no_intervention,indonesia,USDC
152,0.762283514364132,1301854378262.0393,437,S6_worst_case_no_intervention,indonesia,USDC
153,0.7526571158883202,1269294992386.379,437,S6_worst_case_no_intervention,indonesia,USDC
154,0.7399890737188669,1237551078952.9001,437,S6_worst_case_no_intervention,indonesia,USDC
155,0.7581967511992069,1206603362452.209,437,S6_worst_case_no_intervention,indonesia,USDC
156,0.7886350971595313,1176431505346.8677,437,S6_worst_case_no_intervention,indonesia,USDC
157,0.7881506781971293,1147016358800.542,437,S6_worst_case_no_intervention,indonesia,USDC
158,0.7835527958541764,1118337438764.4666,437,S6_worst_case_no_intervention,indonesia,USDC
159,0.8017621889681872,1090376037879.3427,437,S6_worst_case_no_intervention,indonesia,USDC
160,0.8019923997053131,1063114310963.0918,437,S6_worst_case_no_intervention,indonesia,USDC
161,0.8167105926186352,1036534646406.3988,437,S6_worst_case_no_intervention,indonesia,USDC
162,0.8065806182650825,1010619872259.8765,437,S6_worst_case_no_intervention,indonesia,USDC
163,0.8174155780900887,985353101872.9269,437,S6_worst_case_no_intervention,indonesia,USDC
164,0.8680122801649204,960718278297.4221,437,S6_worst_case_no_intervention,indonesia,USDC
165,0.8646008158145366,936699770607.801,437,S6_worst_case_no_intervention,indonesia,USDC
166,0.8454783643217728,913281727653.9565,437,S6_worst_case_no_intervention,indonesia,USDC
167,0.8703410086918522,890449142512.9526,437,S6_worst_case_no_intervention,indonesia,USDC
168,0.8961728091144574,868187533657.186,437,S6_worst_case_no_intervention,indonesia,USDC
169,0.8843338738639296,846482572938.3835,437,S6_worst_case_no_intervention,indonesia,USDC
170,0.868786935442207,825320229783.0027,437,S6_worst_case_no_intervention,indonesia,USDC
171,0.8902192153599997,804686908138.892,437,S6_worst_case_no_intervention,indonesia,USDC
172,0.9144734277673133,784569512411.0796,437,S6_worst_case_no_intervention,indonesia,USDC
173,0.9056162432621424,764955132145.0293,437,S6_worst_case_no_intervention,indonesia,USDC
174,0.8961320307484117,745831098117.6512,437,S6_worst_case_no_intervention,indonesia,USDC
175,0.8592001753197808,727185157864.4872,437,S6_worst_case_no_intervention,indonesia,USDC
176,0.8467335987643009,709005312028.1238,437,S6_worst_case_no_intervention,indonesia,USDC
177,0.8578642270978287,691279953808.5226,437,S6_worst_case_no_intervention,indonesia,USDC
178,0.8522516868524308,673997783312.633,437,S6_worst_case_no_intervention,indonesia,USDC
179,0.8352291853539132,657147667128.4008,437,S6_worst_case_no_intervention,indonesia,USDC
180,0.8520294828791753,640718809827.3027,437,S6_worst_case_no_intervention,indonesia,USDC
181,0.8723436491830401,624700711382.6337,437,S6_worst_case_no_intervention,indonesia,USDC
182,0.8602027333134131,609083100188.2411,437,S6_worst_case_no_intervention,indonesia,USDC
183,0.8110688503304423,593855928005.9718,437,S6_worst_case_no_intervention,indonesia,USDC
184,0.7921855885206015,579009407709.777,437,S6_worst_case_no_intervention,indonesia,USDC
185,0.8003504971991563,564534062391.8923,437,S6_worst_case_no_intervention,indonesia,USDC
186,0.8191049552373955,550420618503.3877,437,S6_worst_case_no_intervention,indonesia,USDC
187,0.8243247313332966,536660035281.70325,437,S6_worst_case_no_intervention,indonesia,USDC
188,0.8084041683457385,523243479160.59863,437,S6_worst_case_no_intervention,indonesia,USDC
189,0.7890826941373357,510162341152.17676,437,S6_worst_case_no_intervention,indonesia,USDC
190,0.7843617676924586,497408233841.18933,437,S6_worst_case_no_intervention,indonesia,USDC
191,0.7851000875225926,484972988867.1348,437,S6_worst_case_no_intervention,indonesia,USDC
192,0.787936272964748,472848632970.17053,437,S6_worst_case_no_intervention,indonesia,USDC
193,0.7808939318146505,461027390911.1724,437,S6_worst_case_no_intervention,indonesia,USDC
194,0.76594874262215,449501684344.26306,437,S6_worst_case_no_intervention,indonesia,USDC
195,0.7688358516352447,438264123509.51843,437,S6_worst_case_no_intervention,indonesia,USDC
196,0.7569555197940316,427307505025.6678,437,S6_worst_case_no_intervention,indonesia,USDC
197,0.7468314208787382,416624804404.18176,437,S6_worst_case_no_intervention,indonesia,USDC
198,0.7360883736919897,406209173617.4813,437,S6_worst_case_no_intervention,indonesia,USDC
199,0.768080507359519,396053935441.49927,437,S6_worst_case_no_intervention,indonesia,USDC
200,0.7625672617178902,386152581375.1044,437,S6_worst_case_no_intervention,indonesia,USDC
201,0.755767257305495,376498762109.5683,437,S6_worst_case_no_intervention,indonesia,USDC
202,0.7624090766742163,367086289362.9169,437,S6_worst_case_no_intervention,indonesia,USDC
203,0.7183695942651571,357909129251.3597,437,S6_worst_case_no_intervention,indonesia,USDC
204,0.7155877629125895,348961398369.9712,437,S6_worst_case_no_intervention,indonesia,USDC
205,0.7296846471051703,340237361267.5603,437,S6_worst_case_no_intervention,indonesia,USDC
206,0.7378372457564232,331731425798.9878,437,S6_worst_case_no_intervention,indonesia,USDC
207,0.7486234254900469,323438139055.1394,437,S6_worst_case_no_intervention,indonesia,USDC
208,0.7440331381508936,315352184826.9811,437,S6_worst_case_no_intervention,indonesia,USDC
209,0.737161661825785,307468379579.9529,437,S6_worst_case_no_intervention,indonesia,USDC
210,0.7619915142255715,299781669592.7464,437,S6_worst_case_no_intervention,indonesia,USDC
211,0.7924636069660577,292287127526.1161,437,S6_worst_case_no_intervention,indonesia,USDC
212,0.7957064026369945,284979949115.7131,437,S6_worst_case_no_intervention,indonesia,USDC
213,0.8009084635866941,277855450207.2605,437,S6_worst_case_no_intervention,indonesia,USDC
214,0.797661489830238,270909063806.57993,437,S6_worst_case_no_intervention,indonesia,USDC
215,0.8082027882266294,264136337082.2923,437,S6_worst_case_no_intervention,indonesia,USDC
216,0.7925343169513075,257532928553.11102,437,S6_worst_case_no_intervention,indonesia,USDC
217,0.8009156927993892,251094605249.5318,437,S6_worst_case_no_intervention,indonesia,USDC
218,0.8140820343707185,244817240046.48834,437,S6_worst_case_no_intervention,indonesia,USDC
219,0.794919537877073,238696808990.3577,437,S6_worst_case_no_intervention,indonesia,USDC
220,0.7667040214806262,232729388715.70898,437,S6_worst_case_no_intervention,indonesia,USDC
221,0.7677948648062918,226911153949.6693,437,S6_worst_case_no_intervention,indonesia,USDC
222,0.7743417268789945,221238375060.9628,437,S6_worst_case_no_intervention,indonesia,USDC
223,0.7688599234763867,215707415654.23648,437,S6_worst_case_no_intervention,indonesia,USDC
224,0.7615462591495958,210314730237.3562,437,S6_worst_case_no_intervention,indonesia,USDC
225,0.7847926626926881,205056861960.3785,437,S6_worst_case_no_intervention,indonesia,USDC
226,0.7827577488345555,199930440396.31793,437,S6_worst_case_no_intervention,indonesia,USDC
227,0.7974291894434302,194932179374.09885,437,S6_worst_case_no_intervention,indonesia,USDC
228,0.7963592846276143,190058874881.12753,437,S6_worst_case_no_intervention,indonesia,USDC
229,0.7811645891153858,185307403001.73438,437,S6_worst_case_no_intervention,indonesia,USDC
230,0.7791890514229084,180674717919.78348,437,S6_worst_case_no_intervention,indonesia,USDC
231,0.7881871780771383,176157849966.38947,437,S6_worst_case_no_intervention,indonesia,USDC
232,0.7910215740493057,171753903712.8858,437,S6_worst_case_no_intervention,indonesia,USDC
233,0.8051661804421548,167460056116.65952,437,S6_worst_case_no_intervention,indonesia,USDC
234,0.7978808741061434,163273554711.27637,437,S6_worst_case_no_intervention,indonesia,USDC
235,0.7829430547836633,159191715841.3297,437,S6_worst_case_no_intervention,indonesia,USDC
236,0.7833184132549708,155211922943.293,437,S6_worst_case_no_intervention,indonesia,USDC
237,0.7727477837200727,151331624868.01852,437,S6_worst_case_no_intervention,indonesia,USDC
238,0.7600947737575123,147548334244.95737,437,S6_worst_case_no_intervention,indonesia,USDC
239,0.7595186291123013,143859625887.63995,437,S6_worst_case_no_intervention,indonesia,USDC
240,0.7656666903578325,140263135239.49915,437,S6_worst_case_no_intervention,indonesia,USDC
241,0.7626931984792766,136756556857.76912,437,S6_worst_case_no_intervention,indonesia,USDC
242,0.7791056795837051,133337642935.7259,437,S6_worst_case_no_intervention,indonesia,USDC
243,0.7685869415525229,130004201861.89795,437,S6_worst_case_no_intervention,indonesia,USDC
244,0.7707030699044507,126754096814.9726,437,S6_worst_case_no_intervention,indonesia,USDC
245,0.7684404229964751,123585244394.302,437,S6_worst_case_no_intervention,indonesia,USDC
246,0.7692979682049492,120495613284.21066,437,S6_worst_case_no_intervention,indonesia,USDC
247,0.7710761998173697,117483222951.92012,437,S6_worst_case_no_intervention,indonesia,USDC
248,0.7787575004215493,114546142377.97594,437,S6_worst_case_no_intervention,indonesia,USDC
249,0.7846003045742025,111682488818.41208,437,S6_worst_case_no_intervention,indonesia,USDC
250,0.7936167386578237,108890426597.86621,437,S6_worst_case_no_intervention,indonesia,USDC
251,0.7834660268725191,106168165932.85037,437,S6_worst_case_no_intervention,indonesia,USDC
252,0.8037184915866207,103513961784.4704,437,S6_worst_case_no_intervention,indonesia,USDC
253,0.8148249099975304,100926112739.81789,437,S6_worst_case_no_intervention,indonesia,USDC
254,0.8076605791193354,98402959921.28993,437,S6_worst_case_no_intervention,indonesia,USDC
255,0.8058200660390198,95942885923.22766,437,S6_worst_case_no_intervention,indonesia,USDC
256,0.8304465768355426,93544313775.12216,437,S6_worst_case_no_intervention,indonesia,USDC
257,0.8567353077546621,91205705930.72728,437,S6_worst_case_no_intervention,indonesia,USDC
258,0.8530431901653226,88925563282.44733,437,S6_worst_case_no_intervention,indonesia,USDC
259,0.8405636101864672,86702424200.3753,437,S6_worst_case_no_intervention,indonesia,USDC
260,0.8333578655841741,84534863595.3548,437,S6_worst_case_no_intervention,indonesia,USDC
261,0.8064769120092153,82421492005.46051,437,S6_worst_case_no_intervention,indonesia,USDC
262,0.8036844623600582,80360954705.31372,437,S6_worst_case_no_intervention,indonesia,USDC
263,0.7922921312606017,78351930837.67175,437,S6_worst_case_no_intervention,indonesia,USDC
264,0.8118868368915423,76393132566.7222,437,S6_worst_case_no_intervention,indonesia,USDC
265,0.8077427981171116,74483304252.54845,437,S6_worst_case_no_intervention,indonesia,USDC
266,0.832467864501229,72621221646.2298,437,S6_worst_case_no_intervention,indonesia,USDC
267,0.8249375448485655,70805691105.07054,437,S6_worst_case_no_intervention,indonesia,USDC
268,0.8265339315619636,69035548827.44046,437,S6_worst_case_no_intervention,indonesia,USDC
269,0.8224982449702798,67309660106.75165,437,S6_worst_case_no_intervention,indonesia,USDC
270,0.8281606659773633,65626918604.0805,437,S6_worst_case_no_intervention,indonesia,USDC
271,0.8109736553814441,63986245638.976555,437,S6_worst_case_no_intervention,indonesia,USDC
272,0.8169615653380083,62386589498.00031,437,S6_worst_case_no_intervention,indonesia,USDC
273,0.8283986199289789,60826924760.5488,437,S6_worst_case_no_intervention,indonesia,USDC
274,0.8410514629538098,59306251641.53388,437,S6_worst_case_no_intervention,indonesia,USDC
275,0.8575479405904792,57823595350.4946,437,S6_worst_case_no_intervention,indonesia,USDC
276,0.8575016143965865,56378005466.73152,437,S6_worst_case_no_intervention,indonesia,USDC
277,0.8539182858526346,54968555330.06258,437,S6_worst_case_no_intervention,indonesia,USDC
278,0.8477599919929264,53594341446.810425,437,S6_worst_case_no_intervention,indonesia,USDC
279,0.8379895966422827,52254482910.63965,437,S6_worst_case_no_intervention,indonesia,USDC
280,0.8181613699081398,50948120837.87312,437,S6_worst_case_no_intervention,indonesia,USDC
281,0.810246024204445,49674417816.925804,437,S6_worst_case_no_intervention,indonesia,USDC
282,0.7906825064450741,48432557371.50218,437,S6_worst_case_no_intervention,indonesia,USDC
283,0.7962072943357058,47221743437.2142,437,S6_worst_case_no_intervention,indonesia,USDC
284,0.8165701817380598,46041199851.2835,437,S6_worst_case_no_intervention,indonesia,USDC
285,0.8074748115476467,44890169855.00117,437,S6_worst_case_no_intervention,indonesia,USDC
286,0.7927807655245875,43767915608.625916,437,S6_worst_case_no_intervention,indonesia,USDC
287,0.7837884234055,42673717718.41007,437,S6_worst_case_no_intervention,indonesia,USDC
288,0.7769866761492656,41606874775.44963,437,S6_worst_case_no_intervention,indonesia,USDC
289,0.80090589562439,40566702906.06324,437,S6_worst_case_no_intervention,indonesia,USDC
290,0.7855356579972401,39552535333.41155,437,S6_worst_case_no_intervention,indonesia,USDC
291,0.7792696014057083,38563721950.07618,437,S6_worst_case_no_intervention,indonesia,USDC
292,0.7684467596566588,37599628901.32419,437,S6_worst_case_no_intervention,indonesia,USDC
293,0.7703205126688872,36659638178.791016,437,S6_worst_case_no_intervention,indonesia,USDC
294,0.7670924451825569,35743147224.32119,437,S6_worst_case_no_intervention,indonesia,USDC
295,0.757481729401449,34849568543.71312,437,S6_worst_case_no_intervention,indonesia,USDC
296,0.7705467848481096,33978329330.120255,437,S6_worst_case_no_intervention,indonesia,USDC
297,0.7639142455596171,33128871096.86722,437,S6_worst_case_no_intervention,indonesia,USDC
298,0.777414331213451,32300649319.44552,437,S6_worst_case_no_intervention,indonesia,USDC
299,0.7679916859467057,31493133086.459366,437,S6_worst_case_no_intervention,indonesia,USDC
300,0.7728451926814166,30705804759.297863,437,S6_worst_case_no_intervention,indonesia,USDC
301,0.7602944303446205,29938159640.315407,437,S6_worst_case_no_intervention,indonesia,USDC
302,0.750227195227045,29189705649.307514,437,S6_worst_case_no_intervention,indonesia,USDC
303,0.7380919392063564,28459963008.074814,437,S6_worst_case_no_intervention,indonesia,USDC
304,0.7422152930240801,27748463932.872936,437,S6_worst_case_no_intervention,indonesia,USDC
305,0.738854869411293,27054752334.55111,437,S6_worst_case_no_intervention,indonesia,USDC
306,0.7289492243692214,26378383526.18732,437,S6_worst_case_no_intervention,indonesia,USDC
307,0.7464824018631478,25718923938.032635,437,S6_worst_case_no_intervention,indonesia,USDC
308,0.7535234967403913,25075950839.581818,437,S6_worst_case_no_intervention,indonesia,USDC
309,0.7374691213246924,24449052068.59227,437,S6_worst_case_no_intervention,indonesia,USDC
310,0.75511238269932,23837825766.87746,437,S6_worst_case_no_intervention,indonesia,USDC
311,0.7408418079428324,23241880122.705524,437,S6_worst_case_no_intervention,indonesia,USDC
312,0.7526718403045448,22660833119.637886,437,S6_worst_case_no_intervention,indonesia,USDC
313,0.7581516035628242,22094312291.64694,437,S6_worst_case_no_intervention,indonesia,USDC
314,0.7601935301584754,21541954484.355766,437,S6_worst_case_no_intervention,indonesia,USDC
315,0.7512189376093878,21003405622.246872,437,S6_worst_case_no_intervention,indonesia,USDC
316,0.781996945141568,20478320481.6907,437,S6_worst_case_no_intervention,indonesia,USDC
317,0.7996186459183169,19966362469.64843,437,S6_worst_case_no_intervention,indonesia,USDC
318,0.7683912903716159,19467203407.90722,437,S6_worst_case_no_intervention,indonesia,USDC
319,0.7509315223609896,18980523322.70954,437,S6_worst_case_no_intervention,indonesia,USDC
320,0.7618610929707041,18506010239.6418,437,S6_worst_case_no_intervention,indonesia,USDC
321,0.7640777839070066,18043359983.650757,437,S6_worst_case_no_intervention,indonesia,USDC
322,0.7431139219299824,17592275984.059486,437,S6_worst_case_no_intervention,indonesia,USDC
323,0.7391543783759168,17152469084.458,437,S6_worst_case_no_intervention,indonesia,USDC
324,0.7125103124393611,16723657357.346552,437,S6_worst_case_no_intervention,indonesia,USDC
325,0.7266156600114156,16305565923.412888,437,S6_worst_case_no_intervention,indonesia,USDC
326,0.7407163575889775,15897926775.327566,437,S6_worst_case_no_intervention,indonesia,USDC
327,0.7494871187763993,15500478605.944376,437,S6_worst_case_no_intervention,indonesia,USDC
328,0.7614259861575121,15112966640.795767,437,S6_worst_case_no_intervention,indonesia,USDC
329,0.7700053208292345,14735142474.775873,437,S6_worst_case_no_intervention,indonesia,USDC
330,0.796040289021086,14366763912.906477,437,S6_worst_case_no_intervention,indonesia,USDC
331,0.8232582191945544,14007594815.083815,437,S6_worst_case_no_intervention,indonesia,USDC
332,0.8188797502755168,13657404944.706718,437,S6_worst_case_no_intervention,indonesia,USDC
333,0.8195358129363685,13315969821.089052,437,S6_worst_case_no_intervention,indonesia,USDC
334,0.8094907679724331,12983070575.561825,437,S6_worst_case_no_intervention,indonesia,USDC
335,0.820259615391191,12658493811.17278,437,S6_worst_case_no_intervention,indonesia,USDC
336,0.8176756387797762,12342031465.89346,437,S6_worst_case_no_intervention,indonesia,USDC
337,0.8145548311177572,12033480679.246122,437,S6_worst_case_no_intervention,indonesia,USDC
338,0.7853840131316545,11732643662.26497,437,S6_worst_case_no_intervention,indonesia,USDC
339,0.8018453399318126,11439327570.708345,437,S6_worst_case_no_intervention,indonesia,USDC
340,0.7964349135724123,11153344381.440638,437,S6_worst_case_no_intervention,indonesia,USDC
341,0.8016625546662771,10874510771.904621,437,S6_worst_case_no_intervention,indonesia,USDC
342,0.7985654657846895,10602648002.607006,437,S6_worst_case_no_intervention,indonesia,USDC
343,0.8083191669499412,10337581802.541832,437,S6_worst_case_no_intervention,indonesia,USDC
344,0.8305854806783483,10079142257.478287,437,S6_worst_case_no_intervention,indonesia,USDC
345,0.8205220252732098,9827163701.041328,437,S6_worst_case_no_intervention,indonesia,USDC
346,0.8004425452707201,9581484608.515293,437,S6_worst_case_no_intervention,indonesia,USDC
347,0.8084719857447952,9341947493.302412,437,S6_worst_case_no_intervention,indonesia,USDC
348,0.7887696015182215,9108398805.969852,437,S6_worst_case_no_intervention,indonesia,USDC
349,0.7987217884943986,8880688835.820606,437,S6_worst_case_no_intervention,indonesia,USDC
350,0.8070345234195861,8658671614.925089,437,S6_worst_case_no_intervention,indonesia,USDC
351,0.7972937248853682,8442204824.551962,437,S6_worst_case_no_intervention,indonesia,USDC
352,0.8014493327539886,8231149703.938163,437,S6_worst_case_no_intervention,indonesia,USDC
353,0.779490884071187,8025370961.33971,437,S6_worst_case_no_intervention,indonesia,USDC
354,0.7532985770508852,7824736687.306216,437,S6_worst_case_no_intervention,indonesia,USDC
355,0.7507456081862671,7629118270.123562,437,S6_worst_case_no_intervention,indonesia,USDC
356,0.7407060992994038,7438390313.370472,437,S6_worst_case_no_intervention,indonesia,USDC
357,0.7667706299166722,7252430555.536209,437,S6_worst_case_no_intervention,indonesia,USDC
358,0.7670291573914068,7071119791.647804,437,S6_worst_case_no_intervention,indonesia,USDC
359,0.7651259271124285,6894341796.856609,437,S6_worst_case_no_intervention,indonesia,USDC
360,0.7760753839518839,6721983251.935194,437,S6_worst_case_no_intervention,indonesia,USDC
361,0.7731714962366733,6553933670.636814,437,S6_worst_case_no_intervention,indonesia,USDC
362,0.7646348060577706,6390085328.8708935,437,S6_worst_case_no_intervention,indonesia,USDC
363,0.7542591610052685,6230333195.649121,437,S6_worst_case_no_intervention,indonesia,USDC
364,0.7556997232216232,6074574865.757893,437,S6_worst_case_no_intervention,indonesia,USDC
365,0.7379585892618442,5922710494.113946,437,S6_worst_case_no_intervention,indonesia,USDC
366,0.7546354058036601,5774642731.761097,437,S6_worst_case_no_intervention,indonesia,USDC
367,0.7601230974851961,5630276663.46707,437,S6_worst_case_no_intervention,indonesia,USDC
368,0.754521862693165,5489519746.880393,437,S6_worst_case_no_intervention,indonesia,USDC
369,0.7716228025012748,5352281753.208384,437,S6_worst_case_no_intervention,indonesia,USDC
370,0.8050990976436083,5218474709.378174,437,S6_worst_case_no_intervention,indonesia,USDC
371,0.7965208407484476,5088012841.64372,437,S6_worst_case_no_intervention,indonesia,USDC
372,0.7778341036081116,4960812520.602626,437,S6_worst_case_no_intervention,indonesia,USDC
373,0.7821109633434552,4836792207.587561,437,S6_worst_case_no_intervention,indonesia,USDC
374,0.7718780173959519,4715872402.397872,437,S6_worst_case_no_intervention,indonesia,USDC
375,0.7633882251296076,4597975592.337925,437,S6_worst_case_no_intervention,indonesia,USDC
376,0.756605855345103,4483026202.529477,437,S6_worst_case_no_intervention,indonesia,USDC
377,0.7436164004781212,4370950547.46624,437,S6_worst_case_no_intervention,indonesia,USDC
378,0.7532316915437379,4261676783.779584,437,S6_worst_case_no_intervention,indonesia,USDC
379,0.7335253046822101,4155134864.185095,437,S6_worst_case_no_intervention,indonesia,USDC
380,0.7235785923732936,4051256492.580467,437,S6_worst_case_no_intervention,indonesia,USDC
381,0.7247303158824324,3949975080.2659554,437,S6_worst_case_no_intervention,indonesia,USDC
382,0.7317557685829363,3851225703.259306,437,S6_worst_case_no_intervention,indonesia,USDC
383,0.726191887706836,3754945060.677824,437,S6_worst_case_no_intervention,indonesia,USDC
384,0.729491895100926,3661071434.160878,437,S6_worst_case_no_intervention,indonesia,USDC
385,0.7648458368861387,3569544648.306856,437,S6_worst_case_no_intervention,indonesia,USDC
386,0.75422060591506,3480306032.099185,437,S6_worst_case_no_intervention,indonesia,USDC
387,0.7482224606440282,3393298381.2967052,437,S6_worst_case_no_intervention,indonesia,USDC
388,0.7730512342810579,3308465921.764287,437,S6_worst_case_no_intervention,indonesia,USDC
389,0.7925575275230842,3225754273.7201805,437,S6_worst_case_no_intervention,indonesia,USDC
390,0.787064189985093,3145110416.877176,437,S6_worst_case_no_intervention,indonesia,USDC
391,0.7812058813766279,3066482656.455246,437,S6_worst_case_no_intervention,indonesia,USDC
392,0.7986648999895711,2989820590.043865,437,S6_worst_case_no_intervention,indonesia,USDC
393,0.7716594776733049,2915075075.2927685,437,S6_worst_case_no_intervention,indonesia,USDC
394,0.796846170900377,2842198198.410449,437,S6_worst_case_no_intervention,indonesia,USDC
395,0.7966400144285539,2771143243.450188,437,S6_worst_case_no_intervention,indonesia,USDC
396,0.8041965576097475,2701864662.3639336,437,S6_worst_case_no_intervention,indonesia,USDC
397,0.8049165043664888,2634318045.8048353,437,S6_worst_case_no_intervention,indonesia,USDC
398,0.8153926391483034,2568460094.659714,437,S6_worst_case_no_intervention,indonesia,USDC
399,0.8262712910593168,2504248592.293221,437,S6_worst_case_no_intervention,indonesia,USDC
400,0.8142371490264333,2441642377.485891,437,S6_worst_case_no_intervention,indonesia,USDC
401,0.7967761736401288,2380601318.0487432,437,S6_worst_case_no_intervention,indonesia,USDC
402,0.8172529387201497,2321086285.0975246,437,S6_worst_case_no_intervention,indonesia,USDC
403,0.8275831768773778,2263059127.9700866,437,S6_worst_case_no_intervention,indonesia,USDC
404,0.812823595508044,2206482649.770835,437,S6_worst_case_no_intervention,indonesia,USDC
405,0.7981805839706178,2151320583.526564,437,S6_worst_case_no_intervention,indonesia,USDC
406,0.8003862917599225,2097537568.9383998,437,S6_worst_case_no_intervention,indonesia,USDC
407,0.8326459299169627,2045099129.7149396,437,S6_worst_case_no_intervention,indonesia,USDC
408,0.8271770736137359,1993971651.4720664,437,S6_worst_case_no_intervention,indonesia,USDC
409,0.8165094431626386,1944122360.1852646,437,S6_worst_case_no_intervention,indonesia,USDC
410,0.8164220207439895,1895519301.1806328,437,S6_worst_case_no_intervention,indonesia,USDC
411,0.8284261605619183,1848131318.6511168,437,S6_worst_case_no_intervention,indonesia,USDC
412,0.8245963504292637,1801928035.684839,437,S6_worst_case_no_intervention,indonesia,USDC
413,0.8072217609582623,1756879834.792718,437,S6_worst_case_no_intervention,indonesia,USDC
414,0.821177590271003,1712957838.9229002,437,S6_worst_case_no_intervention,indonesia,USDC
415,0.8179893192250323,1670133892.9498277,437,S6_worst_case_no_intervention,indonesia,USDC
416,0.8345692788719293,1628380545.626082,437,S6_worst_case_no_intervention,indonesia,USDC
417,0.8139954131845579,1587671031.9854298,437,S6_worst_case_no_intervention,indonesia,USDC
418,0.8216694309240495,1547979256.1857939,437,S6_worst_case_no_intervention,indonesia,USDC
419,0.8369004936910855,1509279774.7811491,437,S6_worst_case_no_intervention,indonesia,USDC
420,0.8193715215798918,1471547780.4116204,437,S6_worst_case_no_intervention,indonesia,USDC
421,0.8005298341058571,1434759085.90133,437,S6_worst_case_no_intervention,indonesia,USDC
422,0.7951136608789651,1398890108.7537966,437,S6_worst_case_no_intervention,indonesia,USDC
423,0.8128421227420032,1363917856.034952,437,S6_worst_case_no_intervention,indonesia,USDC
424,0.8146502031538052,1329819909.634078,437,S6_worst_case_no_intervention,indonesia,USDC
425,0.8010979493243542,1296574411.8932261,437,S6_worst_case_no_intervention,indonesia,USDC
426,0.8161377591994153,1264160051.5958953,437,S6_worst_case_no_intervention,indonesia,USDC
427,0.8221140954790833,1232556050.305998,437,S6_worst_case_no_intervention,indonesia,USDC
428,0.8295254302225241,1201742149.048348,437,S6_worst_case_no_intervention,indonesia,USDC
429,0.8317092703137575,1171698595.3221393,437,S6_worst_case_no_intervention,indonesia,USDC
430,0.8243511771469864,1142406130.439086,437,S6_worst_case_no_intervention,indonesia,USDC
431,0.8129898489257206,1113845977.1781087,437,S6_worst_case_no_intervention,indonesia,USDC
432,0.7873559222416301,1085999827.748656,437,S6_worst_case_no_intervention,indonesia,USDC
433,0.7852954029373369,1058849832.0549395,437,S6_worst_case_no_intervention,indonesia,USDC
434,0.7898644061330473,1032378586.253566,437,S6_worst_case_no_intervention,indonesia,USDC
435,0.8077443024638862,1006569121.597227,437,S6_worst_case_no_intervention,indonesia,USDC
436,0.8196052320259568,981404893.5572963,437,S6_worst_case_no_intervention,indonesia,USDC
437,0.8118075430560984,956869771.2183638,437,S6_worst_case_no_intervention,indonesia,USDC
438,0.8070878051928975,932948026.9379046,437,S6_worst_case_no_intervention,indonesia,USDC
439,0.8035064359851087,909624326.2644572,437,S6_worst_case_no_intervention,indonesia,USDC
440,0.8216144882204742,886883718.1078457,437,S6_worst_case_no_intervention,indonesia,USDC
441,0.830944516078442,864711625.1551495,437,S6_worst_case_no_intervention,indonesia,USDC
442,0.8534083016940123,843093834.5262706,437,S6_worst_case_no_intervention,indonesia,USDC
443,0.8742545090242447,822016488.6631141,437,S6_worst_case_no_intervention,indonesia,USDC
444,0.8648091836577417,801466076.4465361,437,S6_worst_case_no_intervention,indonesia,USDC
445,0.8660869619959944,781429424.5353727,437,S6_worst_case_no_intervention,indonesia,USDC
446,0.8915529304619652,761893688.9219885,437,S6_worst_case_no_intervention,indonesia,USDC
447,0.8870082063735956,742846346.6989387,437,S6_worst_case_no_intervention,indonesia,USDC
448,0.8866467832591911,724275188.0314653,437,S6_worst_case_no_intervention,indonesia,USDC
449,0.8615004972115158,706168308.3306787,437,S6_worst_case_no_intervention,indonesia,USDC
450,0.8481062213218846,688514100.6224117,437,S6_worst_case_no_intervention,indonesia,USDC
451,0.837695688009905,671301248.1068515,437,S6_worst_case_no_intervention,indonesia,USDC
452,0.8233612313456863,654518716.9041802,437,S6_worst_case_no_intervention,indonesia,USDC
453,0.8100326776538158,638155748.9815756,437,S6_worst_case_no_intervention,indonesia,USDC
454,0.8344498647392902,622201855.2570362,437,S6_worst_case_no_intervention,indonesia,USDC
455,0.8177205170701932,606646808.8756104,437,S6_worst_case_no_intervention,indonesia,USDC
456,0.8327202959413944,591480638.6537201,437,S6_worst_case_no_intervention,indonesia,USDC
457,0.8308539068739137,576693622.687377,437,S6_worst_case_no_intervention,indonesia,USDC
458,0.8604543895840919,562276282.1201926,437,S6_worst_case_no_intervention,indonesia,USDC
459,0.8423422825668575,548219375.0671878,437,S6_worst_case_no_intervention,indonesia,USDC
460,0.8647546185917715,534513890.6905081,437,S6_worst_case_no_intervention,indonesia,USDC
461,0.8475437225119682,521151043.42324543,437,S6_worst_case_no_intervention,indonesia,USDC
462,0.8631724616662811,508122267.33766425,437,S6_worst_case_no_intervention,indonesia,USDC
463,0.8771021995709215,495419210.6542226,437,S6_worst_case_no_intervention,indonesia,USDC
464,0.8657934046901992,483033730.38786703,437,S6_worst_case_no_intervention,indonesia,USDC
465,0.8553444438394038,470957887.1281704,437,S6_worst_case_no_intervention,indonesia,USDC
466,0.8388207505518039,459183939.9499662,437,S6_worst_case_no_intervention,indonesia,USDC
467,0.8465063287607898,447704341.45121706,437,S6_worst_case_no_intervention,indonesia,USDC
468,0.8540636370035706,436511732.91493666,437,S6_worst_case_no_intervention,indonesia,USDC
469,0.8786359745491641,425598939.5920632,437,S6_worst_case_no_intervention,indonesia,USDC
470,0.8478128383735419,414958966.10226154,437,S6_worst_case_no_intervention,indonesia,USDC
471,0.8413764906219657,404584991.94970506,437,S6_worst_case_no_intervention,indonesia,USDC
472,0.8223723481003167,394470367.1509625,437,S6_worst_case_no_intervention,indonesia,USDC
473,0.7998251206246615,384608607.97218835,437,S6_worst_case_no_intervention,indonesia,USDC
474,0.7795714528059616,374993392.77288365,437,S6_worst_case_no_intervention,indonesia,USDC
475,0.7699335626633864,365618557.95356154,437,S6_worst_case_no_intervention,indonesia,USDC
476,0.7591930143060395,356478094.00472254,437,S6_worst_case_no_intervention,indonesia,USDC
477,0.7744988099809409,347566141.6546045,437,S6_worst_case_no_intervention,indonesia,USDC
478,0.7691695161263239,338876988.11323935,437,S6_worst_case_no_intervention,indonesia,USDC
479,0.7830685487092461,330405063.4104084,437,S6_worst_case_no_intervention,indonesia,USDC
480,0.7880161356404349,322144936.8251481,437,S6_worst_case_no_intervention,indonesia,USDC
481,0.7942308863769448,314091313.40451944,437,S6_worst_case_no_intervention,indonesia,USDC
482,0.8032579198693071,306239030.56940645,437,S6_worst_case_no_intervention,indonesia,USDC
483,0.7947511276365824,298583054.80517125,437,S6_worst_case_no_intervention,indonesia,USDC
484,0.779915730155417,291118478.43504196,437,S6_worst_case_no_intervention,indonesia,USDC
485,0.7663806495851814,283840516.4741659,437,S6_worst_case_no_intervention,indonesia,USDC
486,0.7754760230981647,276744503.56231177,437,S6_worst_case_no_intervention,indonesia,USDC
487,0.7797335537684068,269825890.97325397,437,S6_worst_case_no_intervention,indonesia,USDC
488,0.7489615491212724,263080243.69892263,437,S6_worst_case_no_intervention,indonesia,USDC
489,0.7402098688703337,256503237.60644954,437,S6_worst_case_no_intervention,indonesia,USDC
490,0.758496569913006,250090656.66628832,437,S6_worst_case_no_intervention,indonesia,USDC
491,0.7576664867995264,243838390.24963114,437,S6_worst_case_no_intervention,indonesia,USDC
492,0.7478570942079924,237742430.49339035,437,S6_worst_case_no_intervention,indonesia,USDC
493,0.7526036538833649,231798869.73105562,437,S6_worst_case_no_intervention,indonesia,USDC
494,0.7463475325181685,226003897.9877792,437,S6_worst_case_no_intervention,indonesia,USDC
495,0.7465270135789616,220353800.53808475,437,S6_worst_case_no_intervention,indonesia,USDC
496,0.7382540100299754,214844955.52463263,437,S6_worst_case_no_intervention,indonesia,USDC
497,0.7520757168253678,209473831.6365168,437,S6_worst_case_no_intervention,indonesia,USDC
498,0.7531465531791176,204236985.84560388,437,S6_worst_case_no_intervention,indonesia,USDC
499,0.7720282722741822,199131061.19946378,437,S6_worst_case_no_intervention,indonesia,USDC
500,0.7781370751937933,194152784.66947716,437,S6_worst_case_no_intervention,indonesia,USDC
501,0.7681914670176961,189298965.05274025,437,S6_worst_case_no_intervention,indonesia,USDC
502,0.762527393024559,184566490.92642173,437,S6_worst_case_no_intervention,indonesia,USDC
503,0.7553935484843898,179952328.65326118,437,S6_worst_case_no_intervention,indonesia,USDC
504,0.7898888041944885,175453520.43692964,437,S6_worst_case_no_intervention,indonesia,USDC
505,0.8010226563498077,171067182.42600644,437,S6_worst_case_no_intervention,indonesia,USDC
506,0.8039269159981419,166790502.86535624,437,S6_worst_case_no_intervention,indonesia,USDC
507,0.8247714327425585,162620740.29372233,437,S6_worst_case_no_intervention,indonesia,USDC
508,0.8093534047528275,158555221.78637928,437,S6_worst_case_no_intervention,indonesia,USDC
509,0.8088208183188101,154591341.2417198,437,S6_worst_case_no_intervention,indonesia,USDC
510,0.826143131863761,150726557.71067682,437,S6_worst_case_no_intervention,indonesia,USDC
511,0.8388848041522783,146958393.76790988,437,S6_worst_case_no_intervention,indonesia,USDC
512,0.8368810191439027,143284433.92371216,437,S6_worst_case_no_intervention,indonesia,USDC
513,0.8312265990040801,139702323.07561934,437,S6_worst_case_no_intervention,indonesia,USDC
514,0.8182100675850822,136209764.99872887,437,S6_worst_case_no_intervention,indonesia,USDC
515,0.8071655943679287,132804520.87376064,437,S6_worst_case_no_intervention,indonesia,USDC
516,0.8026864022308754,129484407.85191664,437,S6_worst_case_no_intervention,indonesia,USDC
517,0.7943542202047728,126247297.65561871,437,S6_worst_case_no_intervention,indonesia,USDC
518,0.7733721441353568,123091115.21422824,437,S6_worst_case_no_intervention,indonesia,USDC
519,0.8003935269719382,120013837.33387254,437,S6_worst_case_no_intervention,indonesia,USDC
520,0.8277303987856666,117013491.40052573,437,S6_worst_case_no_intervention,indonesia,USDC
521,0.8205388733802204,114088154.1155126,437,S6_worst_case_no_intervention,indonesia,USDC
522,0.8413372155267492,111235950.26262477,437,S6_worst_case_no_intervention,indonesia,USDC
523,0.8392568665329377,108455051.50605915,437,S6_worst_case_no_intervention,indonesia,USDC
524,0.8726665553180353,105743675.21840766,437,S6_worst_case_no_intervention,indonesia,USDC
525,0.8599113696744768,103100083.33794749,437,S6_worst_case_no_intervention,indonesia,USDC
526,0.8287227915240449,100522581.25449881,437,S6_worst_case_no_intervention,indonesia,USDC
527,0.831385001533286,98009516.72313634,437,S6_worst_case_no_intervention,indonesia,USDC
528,0.829980397472563,95559278.80505791,437,S6_worst_case_no_intervention,indonesia,USDC
529,0.8086535054035227,93170296.83493146,437,S6_worst_case_no_intervention,indonesia,USDC
530,0.7927632859920983,90841039.41405818,437,S6_worst_case_no_intervention,indonesia,USDC
531,0.7748353681942511,88570013.42870674,437,S6_worst_case_no_intervention,indonesia,USDC
532,0.790829674308112,86355763.09298906,437,S6_worst_case_no_intervention,indonesia,USDC
533,0.821960585297231,84196869.01566434,437,S6_worst_case_no_intervention,indonesia,USDC
534,0.8346961360639791,82091947.29027273,437,S6_worst_case_no_intervention,indonesia,USDC
535,0.8145000839283345,80039648.60801591,437,S6_worst_case_no_intervention,indonesia,USDC
536,0.8072444503430417,78038657.39281552,437,S6_worst_case_no_intervention,indonesia,USDC
537,0.8000060967023694,76087690.95799513,437,S6_worst_case_no_intervention,indonesia,USDC
538,0.7817198136017964,74185498.68404526,437,S6_worst_case_no_intervention,indonesia,USDC
539,0.7925159891488952,72330861.21694411,437,S6_worst_case_no_intervention,indonesia,USDC
540,0.7919618902751563,70522589.68652052,437,S6_worst_case_no_intervention,indonesia,USDC
541,0.7800216250852511,68759524.9443575,437,S6_worst_case_no_intervention,indonesia,USDC
542,0.7923912966315259,67040536.82074856,437,S6_worst_case_no_intervention,indonesia,USDC
543,0.7978774860460275,65364523.40022986,437,S6_worst_case_no_intervention,indonesia,USDC
544,0.7914369587724365,63730410.31522411,437,S6_worst_case_no_intervention,indonesia,USDC
545,0.7692332512872123,62137150.05734351,437,S6_worst_case_no_intervention,indonesia,USDC
546,0.7984670514259659,60583721.305909924,437,S6_worst_case_no_intervention,indonesia,USDC
547,0.8225581562756171,59069128.27326217,437,S6_worst_case_no_intervention,indonesia,USDC
548,0.8089929311131147,57592400.06643061,437,S6_worst_case_no_intervention,indonesia,USDC
549,0.7664150879284655,56152590.06476986,437,S6_worst_case_no_intervention,indonesia,USDC
550,0.7680012252292138,54748775.3131506,437,S6_worst_case_no_intervention,indonesia,USDC
551,0.7814480420836949,53380055.93032184,437,S6_worst_case_no_intervention,indonesia,USDC
552,0.7707783968589798,52045554.5320638,437,S6_worst_case_no_intervention,indonesia,USDC
553,0.7887661492055984,50744415.66876221,437,S6_worst_case_no_intervention,indonesia,USDC
554,0.8024568197414711,49475805.27704315,437,S6_worst_case_no_intervention,indonesia,USDC
555,0.78139268654968,48238910.14511707,437,S6_worst_case_no_intervention,indonesia,USDC
556,0.7712699703787117,47032937.39148914,437,S6_worst_case_no_intervention,indonesia,USDC
557,0.7722377015956223,45857113.95670191,437,S6_worst_case_no_intervention,indonesia,USDC
558,0.7461948853052522,44710686.10778436,437,S6_worst_case_no_intervention,indonesia,USDC
559,0.7589645916596665,43592918.955089755,437,S6_worst_case_no_intervention,indonesia,USDC
560,0.762444277533458,42503095.98121251,437,S6_worst_case_no_intervention,indonesia,USDC
561,0.7619275338403021,41440518.581682205,437,S6_worst_case_no_intervention,indonesia,USDC
562,0.7882213322129986,40404505.617140144,437,S6_worst_case_no_intervention,indonesia,USDC
563,0.7891008396854192,39394392.97671164,437,S6_worst_case_no_intervention,indonesia,USDC
564,0.8052779118797089,38409533.152293846,437,S6_worst_case_no_intervention,indonesia,USDC
565,0.814569689088744,37449294.82348651,437,S6_worst_case_no_intervention,indonesia,USDC
566,0.7987049424431889,36513062.45289934,437,S6_worst_case_no_intervention,indonesia,USDC
567,0.7973767188186346,35600235.89157686,437,S6_worst_case_no_intervention,indonesia,USDC
568,0.8011750998051894,34710229.99428744,437,S6_worst_case_no_intervention,indonesia,USDC
569,0.7972964268688535,33842474.24443026,437,S6_worst_case_no_intervention,indonesia,USDC
570,0.8011017034958777,32996412.388319496,437,S6_worst_case_no_intervention,indonesia,USDC
571,0.7913322876682953,32171502.078611508,437,S6_worst_case_no_intervention,indonesia,USDC
572,0.8081589874101882,31367214.52664622,437,S6_worst_case_no_intervention,indonesia,USDC
573,0.8041323119602604,30583034.163480066,437,S6_worst_case_no_intervention,indonesia,USDC
574,0.829129766808896,29818458.30939306,437,S6_worst_case_no_intervention,indonesia,USDC
575,0.8146096505318469,29072996.851658233,437,S6_worst_case_no_intervention,indonesia,USDC
576,0.8098906006983428,28346171.930366777,437,S6_worst_case_no_intervention,indonesia,USDC
577,0.8049531254894557,27637517.632107608,437,S6_worst_case_no_intervention,indonesia,USDC
578,0.775434787688048,26946579.69130492,437,S6_worst_case_no_intervention,indonesia,USDC
579,0.7606410892783427,26272915.199022297,437,S6_worst_case_no_intervention,indonesia,USDC
580,0.7480337193074853,25616092.319046736,437,S6_worst_case_no_intervention,indonesia,USDC
581,0.7686260242484235,24975690.011070568,437,S6_worst_case_no_intervention,indonesia,USDC
582,0.789038457139894,24351297.760793805,437,S6_worst_case_no_intervention,indonesia,USDC
583,0.7974033662031679,23742515.31677396,437,S6_worst_case_no_intervention,indonesia,USDC
584,0.8370825652599027,23148952.43385461,437,S6_worst_case_no_intervention,indonesia,USDC
585,0.8315417041754696,22570228.623008247,437,S6_worst_case_no_intervention,indonesia,USDC
586,0.8288934406606463,22005972.90743304,437,S6_worst_case_no_intervention,indonesia,USDC
587,0.8415167891939777,21455823.584747214,437,S6_worst_case_no_intervention,indonesia,USDC
588,0.8300191536597141,20919427.99512853,437,S6_worst_case_no_intervention,indonesia,USDC
589,0.8284324351380545,20396442.29525032,437,S6_worst_case_no_intervention,indonesia,USDC
590,0.8391218166232989,19886531.23786906,437,S6_worst_case_no_intervention,indonesia,USDC
591,0.8295035174822307,19389367.956922337,437,S6_worst_case_no_intervention,indonesia,USDC
592,0.8374140183740133,18904633.75799928,437,S6_worst_case_no_intervention,indonesia,USDC
593,0.8172603379265344,18432017.914049298,437,S6_worst_case_no_intervention,indonesia,USDC
594,0.7981358411314152,17971217.466198064,437,S6_worst_case_no_intervention,indonesia,USDC
595,0.7893763416542853,17521937.029543113,437,S6_worst_case_no_intervention,indonesia,USDC
596,0.7694626035074706,17083888.603804532,437,S6_worst_case_no_intervention,indonesia,USDC
597,0.7615243132710168,16656791.388709422,437,S6_worst_case_no_intervention,indonesia,USDC
598,0.7677036767856106,16240371.603991685,437,S6_worst_case_no_intervention,indonesia,USDC
599,0.762524281553433,15834362.313891895,437,S6_worst_case_no_intervention,indonesia,USDC
600,0.7707852084519321,15438503.256044596,437,S6_worst_case_no_intervention,indonesia,USDC
601,0.7547191337446971,15052540.674643483,437,S6_worst_case_no_intervention,indonesia,USDC
602,0.7664995601945226,14676227.157777395,437,S6_worst_case_no_intervention,indonesia,USDC
603,0.7761968416840805,14309321.47883296,437,S6_worst_case_no_intervention,indonesia,USDC
604,0.7534969413465068,13951588.441862136,437,S6_worst_case_no_intervention,indonesia,USDC
605,0.7345759120218567,13602798.730815582,437,S6_worst_case_no_intervention,indonesia,USDC
606,0.7269779774379275,13262728.762545194,437,S6_worst_case_no_intervention,indonesia,USDC
607,0.7438570140562312,12931160.543481566,437,S6_worst_case_no_intervention,indonesia,USDC
608,0.735184346752172,12607881.529894527,437,S6_worst_case_no_intervention,indonesia,USDC
609,0.7318859109770758,12292684.491647163,437,S6_worst_case_no_intervention,indonesia,USDC
610,0.7440731415096692,11985367.379355984,437,S6_worst_case_no_intervention,indonesia,USDC
611,0.7456668273130246,11685733.194872085,437,S6_worst_case_no_intervention,indonesia,USDC
612,0.7245920591232091,11393589.865000283,437,S6_worst_case_no_intervention,indonesia,USDC
613,0.7224349873794942,11108750.118375275,437,S6_worst_case_no_intervention,indonesia,USDC
614,0.7415144991464244,10831031.365415893,437,S6_worst_case_no_intervention,indonesia,USDC
615,0.6459916605424253,10560255.581280498,437,S6_worst_case_no_intervention,indonesia,USDC
616,0.691550966346702,10296249.191748485,437,S6_worst_case_no_intervention,indonesia,USDC
617,0.7150683157227691,10038842.961954772,437,S6_worst_case_no_intervention,indonesia,USDC
618,0.7205072525822012,9787871.887905903,437,S6_worst_case_no_intervention,indonesia,USDC
619,0.7091954153441147,9543175.090708256,437,S6_worst_case_no_intervention,indonesia,USDC
620,0.7119586714334899,9304595.713440549,437,S6_worst_case_no_intervention,indonesia,USDC
621,0.7187496904522234,9071980.820604537,437,S6_worst_case_no_intervention,indonesia,USDC
622,0.7141187383817291,8845181.300089423,437,S6_worst_case_no_intervention,indonesia,USDC
623,0.723237718581843,8624051.767587187,437,S6_worst_case_no_intervention,indonesia,USDC
624,0.7195091331080298,8408450.473397508,437,S6_worst_case_no_intervention,indonesia,USDC
625,0.6974531325538427,8198239.211562569,437,S6_worst_case_no_intervention,indonesia,USDC
626,0.7064744083853426,7993283.231273506,437,S6_worst_case_no_intervention,indonesia,USDC
627,0.7124887052453092,7793451.150491668,437,S6_worst_case_no_intervention,indonesia,USDC
628,0.6977491351917345,7598614.871729376,437,S6_worst_case_no_intervention,indonesia,USDC
629,0.6958803404319199,7408649.499936143,437,S6_worst_case_no_intervention,indonesia,USDC
630,0.7219894132497474,7223433.2624377385,437,S6_worst_case_no_intervention,indonesia,USDC
631,0.7211074016568084,7042847.430876795,437,S6_worst_case_no_intervention,indonesia,USDC
632,0.7566977215852086,6866776.245104875,437,S6_worst_case_no_intervention,indonesia,USDC
633,0.7579662988387711,6695106.838977253,437,S6_worst_case_no_intervention,indonesia,USDC
634,0.7853345576404194,6527729.168002822,437,S6_worst_case_no_intervention,indonesia,USDC
635,0.793526700189962,6364535.938802751,437,S6_worst_case_no_intervention,indonesia,USDC
636,0.7149112062519821,6205422.540332682,437,S6_worst_case_no_intervention,indonesia,USDC
637,0.7252758946096469,6050286.976824366,437,S6_worst_case_no_intervention,indonesia,USDC
638,0.7346393784121726,5899029.802403757,437,S6_worst_case_no_intervention,indonesia,USDC
639,0.742392961805237,5751554.057343663,437,S6_worst_case_no_intervention,indonesia,USDC
640,0.7232989890139312,5607765.205910071,437,S6_worst_case_no_intervention,indonesia,USDC
641,0.7168182291460188,5467571.075762319,437,S6_worst_case_no_intervention,indonesia,USDC
642,0.706352390826284,5330881.798868261,437,S6_worst_case_no_intervention,indonesia,USDC
643,0.716923039610057,5197609.753896554,437,S6_worst_case_no_intervention,indonesia,USDC
644,0.7182001557286681,5067669.51004914,437,S6_worst_case_no_intervention,indonesia,USDC
645,0.7004420431182831,4940977.772297912,437,S6_worst_case_no_intervention,indonesia,USDC
646,0.7177132253407118,4817453.327990465,437,S6_worst_case_no_intervention,indonesia,USDC
647,0.7030874043882657,4697016.994790703,437,S6_worst_case_no_intervention,indonesia,USDC
648,0.6820872657176346,4579591.569920936,437,S6_worst_case_no_intervention,indonesia,USDC
649,0.6999057562591045,4465101.780672912,437,S6_worst_case_no_intervention,indonesia,USDC
650,0.7177193887432299,4353474.236156089,437,S6_worst_case_no_intervention,indonesia,USDC
651,0.7232264350916772,4244637.380252187,437,S6_worst_case_no_intervention,indonesia,USDC
652,0.7242884463217254,4138521.4457458826,437,S6_worst_case_no_intervention,indonesia,USDC
653,0.7496769333409625,4035058.409602235,437,S6_worst_case_no_intervention,indonesia,USDC
654,0.726012080342839,3934181.9493621793,437,S6_worst_case_no_intervention,indonesia,USDC
655,0.727576687812374,3835827.4006281253,437,S6_worst_case_no_intervention,indonesia,USDC
656,0.7291115547369197,3739931.7156124217,437,S6_worst_case_no_intervention,indonesia,USDC
657,0.757914070473335,3646433.4227221105,437,S6_worst_case_no_intervention,indonesia,USDC
658,0.7549790712941332,3555272.587154058,437,S6_worst_case_no_intervention,indonesia,USDC
659,0.7654717515354749,3466390.7724752068,437,S6_worst_case_no_intervention,indonesia,USDC
660,0.775062173161824,3379731.0031633265,437,S6_worst_case_no_intervention,indonesia,USDC
661,0.7639102703361489,3295237.728084243,437,S6_worst_case_no_intervention,indonesia,USDC
662,0.7864367722377339,3212856.7848821366,437,S6_worst_case_no_intervention,indonesia,USDC
663,0.775574081885597,3132535.3652600837,437,S6_worst_case_no_intervention,indonesia,USDC
664,0.7676223993698352,3054221.9811285813,437,S6_worst_case_no_intervention,indonesia,USDC
665,0.753813599305916,2977866.4316003667,437,S6_worst_case_no_intervention,indonesia,USDC
666,0.7504488778469526,2903419.7708103578,437,S6_worst_case_no_intervention,indonesia,USDC
667,0.7552326778965587,2830834.2765400987,437,S6_worst_case_no_intervention,indonesia,USDC
668,0.7639322035746421,2760063.4196265964,437,S6_worst_case_no_intervention,indonesia,USDC
669,0.7748503789248091,2691061.8341359315,437,S6_worst_case_no_intervention,indonesia,USDC
670,0.780722114757995,2623785.288282533,437,S6_worst_case_no_intervention,indonesia,USDC
671,0.8009940829339125,2558190.65607547,437,S6_worst_case_no_intervention,indonesia,USDC
672,0.8040867228816198,2494235.8896735827,437,S6_worst_case_no_intervention,indonesia,USDC
673,0.8072232136126698,2431879.9924317435,437,S6_worst_case_no_intervention,indonesia,USDC
674,0.7997990474519668,2371082.99262095,437,S6_worst_case_no_intervention,indonesia,USDC
675,0.8224661561791982,2311805.9178054263,437,S6_worst_case_no_intervention,indonesia,USDC
676,0.8167335921773254,2254010.7698602905,437,S6_worst_case_no_intervention,indonesia,USDC
677,0.821846267860144,2197660.500613783,437,S6_worst_case_no_intervention,indonesia,USDC
678,0.8185043945707106,2142718.9880984384,437,S6_worst_case_no_intervention,indonesia,USDC
679,0.8042991436572317,2089151.0133959774,437,S6_worst_case_no_intervention,indonesia,USDC
680,0.7891559890623532,2036922.2380610781,437,S6_worst_case_no_intervention,indonesia,USDC
681,0.782405716509211,1985999.182109551,437,S6_worst_case_no_intervention,indonesia,USDC
682,0.7658585878042614,1936349.2025568122,437,S6_worst_case_no_intervention,indonesia,USDC
683,0.7591078365871533,1887940.4724928918,437,S6_worst_case_no_intervention,indonesia,USDC
684,0.7633085228530895,1840741.9606805695,437,S6_worst_case_no_intervention,indonesia,USDC
685,0.7664444332776248,1794723.4116635553,437,S6_worst_case_no_intervention,indonesia,USDC
686,0.7640183476363194,1749855.3263719664,437,S6_worst_case_no_intervention,indonesia,USDC
687,0.7764972549599463,1706108.943212667,437,S6_worst_case_no_intervention,indonesia,USDC
688,0.773986397899346,1663456.2196323504,437,S6_worst_case_no_intervention,indonesia,USDC
689,0.7903988696241911,1621869.8141415417,437,S6_worst_case_no_intervention,indonesia,USDC
690,0.7948821896235343,1581323.0687880032,437,S6_worst_case_no_intervention,indonesia,USDC
691,0.7689964099145818,1541789.992068303,437,S6_worst_case_no_intervention,indonesia,USDC
692,0.7802338402684915,1503245.2422665954,437,S6_worst_case_no_intervention,indonesia,USDC
693,0.7912929089668133,1465664.1112099306,437,S6_worst_case_no_intervention,indonesia,USDC
694,0.7882503406183271,1429022.5084296823,437,S6_worst_case_no_intervention,indonesia,USDC
695,0.8022816472208584,1393296.9457189403,437,S6_worst_case_no_intervention,indonesia,USDC
696,0.8121731582495516,1358464.5220759667,437,S6_worst_case_no_intervention,indonesia,USDC
697,0.8225487754859365,1324502.9090240677,437,S6_worst_case_no_intervention,indonesia,USDC
698,0.8327427778671159,1291390.3362984657,437,S6_worst_case_no_intervention,indonesia,USDC
699,0.8623700480071244,1259105.5778910043,437,S6_worst_case_no_intervention,indonesia,USDC
700,0.8487020946572006,1227627.9384437292,437,S6_worst_case_no_intervention,indonesia,USDC
701,0.8452562361645609,1196937.2399826357,437,S6_worst_case_no_intervention,indonesia,USDC
702,0.8438824009535609,1167013.8089830698,437,S6_worst_case_no_intervention,indonesia,USDC
703,0.8469435256270526,1137838.4637584933,437,S6_worst_case_no_intervention,indonesia,USDC
704,0.8549218728845711,1109392.5021645308,437,S6_worst_case_no_intervention,indonesia,USDC
705,0.8510274373085708,1081657.6896104175,437,S6_worst_case_no_intervention,indonesia,USDC
706,0.8581616093327508,1054616.2473701572,437,S6_worst_case_no_intervention,indonesia,USDC
707,0.8538572743532657,1028250.8411859032,437,S6_worst_case_no_intervention,indonesia,USDC
708,0.8227025356147197,1002544.5701562555,437,S6_worst_case_no_intervention,indonesia,USDC
709,0.810309126772473,977480.9559023492,437,S6_worst_case_no_intervention,indonesia,USDC
710,0.818652610711668,953043.9320047905,437,S6_worst_case_no_intervention,indonesia,USDC
711,0.8281979130170812,929217.8337046708,437,S6_worst_case_no_intervention,indonesia,USDC
712,0.8118862359862988,905987.3878620539,437,S6_worst_case_no_intervention,indonesia,USDC
713,0.8095870537731975,883337.7031655026,437,S6_worst_case_no_intervention,indonesia,USDC
714,0.8032431377861934,861254.260586365,437,S6_worst_case_no_intervention,indonesia,USDC
715,0.795027418748449,839722.9040717059,437,S6_worst_case_no_intervention,indonesia,USDC
716,0.779716593416497,818729.8314699132,437,S6_worst_case_no_intervention,indonesia,USDC
717,0.7653119247100679,798261.5856831656,437,S6_worst_case_no_intervention,indonesia,USDC
718,0.7841804922143906,778305.0460410864,437,S6_worst_case_no_intervention,indonesia,USDC
719,0.7783813917163844,758847.4198900593,437,S6_worst_case_no_intervention,indonesia,USDC
720,0.7666567090674218,739876.2343928078,437,S6_worst_case_no_intervention,indonesia,USDC
721,0.7759476883535577,721379.3285329876,437,S6_worst_case_no_intervention,indonesia,USDC
722,0.7684641786069006,703344.8453196629,437,S6_worst_case_no_intervention,indonesia,USDC
723,0.778676405150055,685761.2241866713,437,S6_worst_case_no_intervention,indonesia,USDC
724,0.8095179198723511,668617.1935820046,437,S6_worst_case_no_intervention,indonesia,USDC
725,0.8134904377449983,651901.7637424545,437,S6_worst_case_no_intervention,indonesia,USDC
726,0.8231428676337137,635604.2196488931,437,S6_worst_case_no_intervention,indonesia,USDC
727,0.800798059244913,619714.1141576708,437,S6_worst_case_no_intervention,indonesia,USDC
728,0.771301302284909,604221.261303729,437,S6_worst_case_no_intervention,indonesia,USDC
729,0.7965371084087368,589115.7297711358,437,S6_worst_case_no_intervention,indonesia,USDC
730,0.7848835403463632,574387.8365268575,437,S6_worst_case_no_intervention,indonesia,USDC
731,0.7782631062550419,560028.140613686,437,S6_worst_case_no_intervention,indonesia,USDC
732,0.7951598744763791,546027.4370983439,437,S6_worst_case_no_intervention,indonesia,USDC
733,0.791904929329151,532376.7511708853,437,S6_worst_case_no_intervention,indonesia,USDC
734,0.7844212889466095,519067.33239161316,437,S6_worst_case_no_intervention,indonesia,USDC
735,0.791940865353521,506090.64908182283,437,S6_worst_case_no_intervention,indonesia,USDC
736,0.7894628938777839,493438.3828547773,437,S6_worst_case_no_intervention,indonesia,USDC
737,0.7815025600975362,481102.4232834078,437,S6_worst_case_no_intervention,indonesia,USDC
738,0.7850806029439678,469074.86270132265,437,S6_worst_case_no_intervention,indonesia,USDC
739,0.7786953303429007,457347.9911337896,437,S6_worst_case_no_intervention,indonesia,USDC
740,0.7543474754774833,445914.2913554449,437,S6_worst_case_no_intervention,indonesia,USDC
741,0.7419721907126627,434766.4340715587,437,S6_worst_case_no_intervention,indonesia,USDC
742,0.7446135657526218,423897.27321976976,437,S6_worst_case_no_intervention,indonesia,USDC
743,0.7413029959729084,413299.8413892755,437,S6_worst_case_no_intervention,indonesia,USDC
744,0.7536710180563618,402967.34535454365,437,S6_worst_case_no_intervention,indonesia,USDC
745,0.7602511937155707,392893.16172068,437,S6_worst_case_no_intervention,indonesia,USDC
746,0.7695903862767199,383070.832677663,437,S6_worst_case_no_intervention,indonesia,USDC
747,0.763656217882394,373494.06186072144,437,S6_worst_case_no_intervention,indonesia,USDC
748,0.7630715774249347,364156.7103142034,437,S6_worst_case_no_intervention,indonesia,USDC
749,0.7340597170496853,355052.7925563483,437,S6_worst_case_no_intervention,indonesia,USDC
750,0.7497684987798696,346176.47274243966,437,S6_worst_case_no_intervention,indonesia,USDC
751,0.7638797426972779,337522.0609238787,437,S6_worst_case_no_intervention,indonesia,USDC
752,0.785448730804369,329084.0094007817,437,S6_worst_case_no_intervention,indonesia,USDC
753,0.7763061530700011,320856.90916576213,437,S6_worst_case_no_intervention,indonesia,USDC
754,0.7716078386825607,312835.48643661814,437,S6_worst_case_no_intervention,indonesia,USDC
755,0.7822842280867901,305014.59927570267,437,S6_worst_case_no_intervention,indonesia,USDC
756,0.7706426988060173,297389.2342938101,437,S6_worst_case_no_intervention,indonesia,USDC
757,0.7676004482122728,289954.5034364648,437,S6_worst_case_no_intervention,indonesia,USDC
758,0.7742877832378785,282705.6408505532,437,S6_worst_case_no_intervention,indonesia,USDC
759,0.7768850547877644,275637.9998292894,437,S6_worst_case_no_intervention,indonesia,USDC
760,0.7813817480055878,268747.0498335571,437,S6_worst_case_no_intervention,indonesia,USDC
761,0.7906147841372183,262028.3735877182,437,S6_worst_case_no_intervention,indonesia,USDC
762,0.7907471150457385,255477.66424802525,437,S6_worst_case_no_intervention,indonesia,USDC
763,0.812306091664169,249090.72264182463,437,S6_worst_case_no_intervention,indonesia,USDC
764,0.8346368520676195,242863.454575779,437,S6_worst_case_no_intervention,indonesia,USDC
765,0.8451241508093643,236791.8682113845,437,S6_worst_case_no_intervention,indonesia,USDC
766,0.8345887804214406,230872.07150609995,437,S6_worst_case_no_intervention,indonesia,USDC
767,0.8369703267622981,225100.26971844744,437,S6_worst_case_no_intervention,indonesia,USDC
768,0.848689810925679,219472.76297548626,437,S6_worst_case_no_intervention,indonesia,USDC
769,0.8189878325662818,213985.9439010991,437,S6_worst_case_no_intervention,indonesia,USDC
770,0.8105708369533533,208636.29530357162,437,S6_worst_case_no_intervention,indonesia,USDC
771,0.8043277011310789,203420.38792098232,437,S6_worst_case_no_intervention,indonesia,USDC
772,0.7799807099976107,198334.87822295775,437,S6_worst_case_no_intervention,indonesia,USDC
773,0.7754894326219881,193376.5062673838,437,S6_worst_case_no_intervention,indonesia,USDC
774,0.7729123688132294,188542.0936106992,437,S6_worst_case_no_intervention,indonesia,USDC
775,0.7830297569106257,183828.5412704317,437,S6_worst_case_no_intervention,indonesia,USDC
776,0.7816771864263261,179232.82773867095,437,S6_worst_case_no_intervention,indonesia,USDC
777,0.7927878573316638,174752.00704520417,437,S6_worst_case_no_intervention,indonesia,USDC
778,0.7856086646237799,170383.20686907406,437,S6_worst_case_no_intervention,indonesia,USDC
779,0.7718205187463348,166123.6266973472,437,S6_worst_case_no_intervention,indonesia,USDC
780,0.7724289202023191,161970.53602991352,437,S6_worst_case_no_intervention,indonesia,USDC
781,0.7718949029414247,157921.27262916567,437,S6_worst_case_no_intervention,indonesia,USDC
782,0.7744252812694078,153973.24081343654,437,S6_worst_case_no_intervention,indonesia,USDC
783,0.787695896283878,150123.9097931006,437,S6_worst_case_no_intervention,indonesia,USDC
784,0.8016079353315486,146370.8120482731,437,S6_worst_case_no_intervention,indonesia,USDC
785,0.8115774959323806,142711.54174706625,437,S6_worst_case_no_intervention,indonesia,USDC
786,0.7931775313439089,139143.7532033896,437,S6_worst_case_no_intervention,indonesia,USDC
787,0.8272276966711628,135665.15937330486,437,S6_worst_case_no_intervention,indonesia,USDC
788,0.796005389773637,132273.53038897226,437,S6_worst_case_no_intervention,indonesia,USDC
789,0.791645127191261,128966.69212924794,437,S6_worst_case_no_intervention,indonesia,USDC
790,0.7996064582359984,125742.52482601674,437,S6_worst_case_no_intervention,indonesia,USDC
791,0.7970849863917293,122598.96170536632,437,S6_worst_case_no_intervention,indonesia,USDC
792,0.7856546625551571,119533.98766273216,437,S6_worst_case_no_intervention,indonesia,USDC
793,0.7672356220822195,116545.63797116384,437,S6_worst_case_no_intervention,indonesia,USDC
794,0.7571994375640404,113631.99702188476,437,S6_worst_case_no_intervention,indonesia,USDC
795,0.7433597801418826,110791.19709633764,437,S6_worst_case_no_intervention,indonesia,USDC
796,0.749918562127331,108021.41716892921,437,S6_worst_case_no_intervention,indonesia,USDC
797,0.7395795621603702,105320.88173970598,437,S6_worst_case_no_intervention,indonesia,USDC
798,0.768521911376441,102687.85969621333,437,S6_worst_case_no_intervention,indonesia,USDC
799,0.777263045884586,100120.66320380798,437,S6_worst_case_no_intervention,indonesia,USDC
800,0.7766709417449896,97617.64662371279,437,S6_worst_case_no_intervention,indonesia,USDC
801,0.7930220180370325,95177.20545811996,437,S6_worst_case_no_intervention,indonesia,USDC
802,0.7878871166798297,92797.77532166697,437,S6_worst_case_no_intervention,indonesia,USDC
803,0.7809957119498256,90477.8309386253,437,S6_worst_case_no_intervention,indonesia,USDC
804,0.7721408816708435,88215.88516515966,437,S6_worst_case_no_intervention,indonesia,USDC
805,0.7546465654713821,86010.48803603067,437,S6_worst_case_no_intervention,indonesia,USDC
806,0.7357051903677058,83860.22583512991,437,S6_worst_case_no_intervention,indonesia,USDC
807,0.7340388577068976,81763.72018925166,437,S6_worst_case_no_intervention,indonesia,USDC
808,0.7546693377997309,79719.62718452036,437,S6_worst_case_no_intervention,indonesia,USDC
809,0.775535631879971,77726.63650490736,437,S6_worst_case_no_intervention,indonesia,USDC
810,0.7681217331686192,75783.47059228468,437,S6_worst_case_no_intervention,indonesia,USDC
811,0.7466476670105642,73888.88382747756,437,S6_worst_case_no_intervention,indonesia,USDC
812,0.7577995919618078,72041.66173179062,437,S6_worst_case_no_intervention,indonesia,USDC
813,0.6848168140979145,70240.62018849586,437,S6_worst_case_no_intervention,indonesia,USDC
814,0.7072013454346606,68484.60468378346,437,S6_worst_case_no_intervention,indonesia,USDC
815,0.7089264783126616,66772.48956668886,437,S6_worst_case_no_intervention,indonesia,USDC
816,0.7277728600516588,65103.17732752165,437,S6_worst_case_no_intervention,indonesia,USDC
817,0.7337845825132565,63475.59789433361,437,S6_worst_case_no_intervention,indonesia,USDC
818,0.7421805524982629,61888.70794697527,437,S6_worst_case_no_intervention,indonesia,USDC
819,0.761050352061735,60341.490248300885,437,S6_worst_case_no_intervention,indonesia,USDC
820,0.7517702680655084,58832.95299209336,437,S6_worst_case_no_intervention,indonesia,USDC
821,0.773075079710177,57362.12916729103,437,S6_worst_case_no_intervention,indonesia,USDC
822,0.7546472103181558,55928.075938108756,437,S6_worst_case_no_intervention,indonesia,USDC
823,0.7326779692887664,54529.874039656024,437,S6_worst_case_no_intervention,indonesia,USDC
824,0.7458978069821156,53166.62718866463,437,S6_worst_case_no_intervention,indonesia,USDC
825,0.7786891110306059,51837.46150894801,437,S6_worst_case_no_intervention,indonesia,USDC
826,0.782159802713716,50541.52497122431,437,S6_worst_case_no_intervention,indonesia,USDC
827,0.7907535408677542,49277.9868469437,437,S6_worst_case_no_intervention,indonesia,USDC
828,0.7741610025547664,48046.03717577011,437,S6_worst_case_no_intervention,indonesia,USDC
829,0.785906642926729,46844.886246375856,437,S6_worst_case_no_intervention,indonesia,USDC
830,0.7783077056952372,45673.76409021646,437,S6_worst_case_no_intervention,indonesia,USDC
831,0.7798568774975627,44531.91998796105,437,S6_worst_case_no_intervention,indonesia,USDC
832,0.7867037348689833,43418.62198826202,437,S6_worst_case_no_intervention,indonesia,USDC
833,0.7956753585700168,42333.156438555474,437,S6_worst_case_no_intervention,indonesia,USDC
834,0.7841507392228413,41274.82752759159,437,S6_worst_case_no_intervention,indonesia,USDC
835,0.7746148496227703,40242.9568394018,437,S6_worst_case_no_intervention,indonesia,USDC
836,0.7700992200218194,39236.882918416755,437,S6_worst_case_no_intervention,indonesia,USDC
837,0.7943880416602953,38255.960845456335,437,S6_worst_case_no_intervention,indonesia,USDC
838,0.8024656669669588,37299.56182431993,437,S6_worst_case_no_intervention,indonesia,USDC
839,0.7974617943343882,36367.07277871193,437,S6_worst_case_no_intervention,indonesia,USDC
840,0.7765034231846853,35457.89595924413,437,S6_worst_case_no_intervention,indonesia,USDC
841,0.7797885273564038,34571.44856026303,437,S6_worst_case_no_intervention,indonesia,USDC
842,0.7880383061140706,33707.16234625645,437,S6_worst_case_no_intervention,indonesia,USDC
843,0.7865855986755373,32864.483287600044,437,S6_worst_case_no_intervention,indonesia,USDC
844,0.7992514529169106,32042.871205410043,437,S6_worst_case_no_intervention,indonesia,USDC
845,0.7875362639999091,31241.79942527479,437,S6_worst_case_no_intervention,indonesia,USDC
846,0.8061690902606626,30460.754439642922,437,S6_worst_case_no_intervention,indonesia,USDC
847,0.8134683486889094,29699.235578651853,437,S6_worst_case_no_intervention,indonesia,USDC
848,0.8128783339233495,28956.754689185553,437,S6_worst_case_no_intervention,indonesia,USDC
849,0.8145596594765179,28232.835821955916,437,S6_worst_case_no_intervention,indonesia,USDC
850,0.8010959999211912,27527.014926407017,437,S6_worst_case_no_intervention,indonesia,USDC
851,0.8063693195118017,26838.839553246842,437,S6_worst_case_no_intervention,indonesia,USDC
852,0.8410621903946115,26167.868564415672,437,S6_worst_case_no_intervention,indonesia,USDC
853,0.8385576665058062,25513.67185030528,437,S6_worst_case_no_intervention,indonesia,USDC
854,0.8316840184284783,24875.83005404765,437,S6_worst_case_no_intervention,indonesia,USDC
855,0.8379117891758393,24253.934302696456,437,S6_worst_case_no_intervention,indonesia,USDC
856,0.8691247474474458,23647.585945129045,437,S6_worst_case_no_intervention,indonesia,USDC
857,0.8578261569824257,23056.396296500818,437,S6_worst_case_no_intervention,indonesia,USDC
858,0.8242497034031605,22479.9863890883,437,S6_worst_case_no_intervention,indonesia,USDC
859,0.8062324353245565,21917.986729361088,437,S6_worst_case_no_intervention,indonesia,USDC
860,0.8080148060156704,21370.037061127063,437,S6_worst_case_no_intervention,indonesia,USDC
861,0.8047867110391133,20835.786134598886,437,S6_worst_case_no_intervention,indonesia,USDC
862,0.7967554892913732,20314.891481233914,437,S6_worst_case_no_intervention,indonesia,USDC
863,0.8184671864386401,19807.019194203065,437,S6_worst_case_no_intervention,indonesia,USDC
864,0.8119705116890962,19311.84371434799,437,S6_worst_case_no_intervention,indonesia,USDC
865,0.8143082970876242,18829.04762148929,437,S6_worst_case_no_intervention,indonesia,USDC
866,0.8185419395650133,18358.32143095206,437,S6_worst_case_no_intervention,indonesia,USDC
867,0.8088154654895653,17899.363395178258,437,S6_worst_case_no_intervention,indonesia,USDC
868,0.8054993103173391,17451.879310298802,437,S6_worst_case_no_intervention,indonesia,USDC
869,0.7971235235086894,17015.58232754133,437,S6_worst_case_no_intervention,indonesia,USDC
870,0.7890320981352764,16590.192769352798,437,S6_worst_case_no_intervention,indonesia,USDC
871,0.793778031445786,16175.43795011898,437,S6_worst_case_no_intervention,indonesia,USDC
872,0.7634857484472924,15771.052001366003,437,S6_worst_case_no_intervention,indonesia,USDC
873,0.766210162382052,15376.775701331853,437,S6_worst_case_no_intervention,indonesia,USDC
874,0.7477138279914092,14992.356308798557,437,S6_worst_case_no_intervention,indonesia,USDC
875,0.7762921380034737,14617.547401078595,437,S6_worst_case_no_intervention,indonesia,USDC
876,0.7927549901208538,14252.108716051629,437,S6_worst_case_no_intervention,indonesia,USDC
877,0.8037446158629615,13895.805998150337,437,S6_worst_case_no_intervention,indonesia,USDC
878,0.795914177931321,13548.41084819658,437,S6_worst_case_no_intervention,indonesia,USDC
879,0.7879081711455256,13209.700576991665,437,S6_worst_case_no_intervention,indonesia,USDC
880,0.7543322322347856,12879.458062566873,437,S6_worst_case_no_intervention,indonesia,USDC
881,0.7492815251676475,12557.4716110027,437,S6_worst_case_no_intervention,indonesia,USDC
882,0.7884708425044711,12243.534820727633,437,S6_worst_case_no_intervention,indonesia,USDC
883,0.7852994531429442,11937.446450209442,437,S6_worst_case_no_intervention,indonesia,USDC
884,0.7878661603418329,11639.010288954207,437,S6_worst_case_no_intervention,indonesia,USDC
885,0.78691827253818,11348.035031730351,437,S6_worst_case_no_intervention,indonesia,USDC
886,0.7908572051412674,11064.334155937093,437,S6_worst_case_no_intervention,indonesia,USDC
887,0.7917025371656027,10787.725802038665,437,S6_worst_case_no_intervention,indonesia,USDC
888,0.7817506993296903,10518.0326569877,437,S6_worst_case_no_intervention,indonesia,USDC
889,0.7777428139831837,10255.081840563005,437,S6_worst_case_no_intervention,indonesia,USDC
890,0.7885025111885127,9998.70479454893,437,S6_worst_case_no_intervention,indonesia,USDC
891,0.7945320872185974,9748.737174685208,437,S6_worst_case_no_intervention,indonesia,USDC
892,0.7931265397417008,9505.018745318077,437,S6_worst_case_no_intervention,indonesia,USDC
893,0.7988989307578755,9267.393276685125,437,S6_worst_case_no_intervention,indonesia,USDC
894,0.8124927881063917,9035.708444767997,437,S6_worst_case_no_intervention,indonesia,USDC
895,0.8186079305888004,8809.815733648798,437,S6_worst_case_no_intervention,indonesia,USDC
896,0.8251318086768435,8589.570340307579,437,S6_worst_case_no_intervention,indonesia,USDC
897,0.8437261749141763,8374.831081799888,437,S6_worst_case_no_intervention,indonesia,USDC
898,0.828532392236586,8165.460304754891,437,S6_worst_case_no_intervention,indonesia,USDC
899,0.8100146197627068,7961.3237971360195,437,S6_worst_case_no_intervention,indonesia,USDC
900,0.7920065944090579,7762.290702207619,437,S6_worst_case_no_intervention,indonesia,USDC
901,0.7874944551036577,7568.233434652429,437,S6_worst_case_no_intervention,indonesia,USDC
902,0.7921070000577779,7379.027598786118,437,S6_worst_case_no_intervention,indonesia,USDC
903,0.7808036267902453,7194.551908816465,437,S6_worst_case_no_intervention,indonesia,USDC
904,0.8020460311681832,7014.688111096053,437,S6_worst_case_no_intervention,indonesia,USDC
905,0.7782366756312197,6839.320908318652,437,S6_worst_case_no_intervention,indonesia,USDC
906,0.7703503692964011,6668.3378856106865,437,S6_worst_case_no_intervention,indonesia,USDC
907,0.7872207688060214,6501.62943847042,437,S6_worst_case_no_intervention,indonesia,USDC
908,0.8067103072635028,6339.0887025086595,437,S6_worst_case_no_intervention,indonesia,USDC
909,0.7837153671041994,6180.611484945942,437,S6_worst_case_no_intervention,indonesia,USDC
910,0.7946033549431876,6026.096197822294,437,S6_worst_case_no_intervention,indonesia,USDC
911,0.812918013845018,5875.443792876737,437,S6_worst_case_no_intervention,indonesia,USDC
912,0.8048053867412722,5728.557698054818,437,S6_worst_case_no_intervention,indonesia,USDC
913,0.8466827472925879,5585.343755603448,437,S6_worst_case_no_intervention,indonesia,USDC
914,0.8265075190334631,5445.710161713361,437,S6_worst_case_no_intervention,indonesia,USDC
915,0.8278104664282321,5309.567407670527,437,S6_worst_case_no_intervention,indonesia,USDC
916,0.8043604596469458,5176.8282224787645,437,S6_worst_case_no_intervention,indonesia,USDC
917,0.7883273081680382,5047.407516916795,437,S6_worst_case_no_intervention,indonesia,USDC
918,0.7759244023540999,4921.222328993876,437,S6_worst_case_no_intervention,indonesia,USDC
919,0.7812345104452915,4798.191770769029,437,S6_worst_case_no_intervention,indonesia,USDC
920,0.7869725783370549,4678.236976499802,437,S6_worst_case_no_intervention,indonesia,USDC
921,0.7737597190541762,4561.281052087307,437,S6_worst_case_no_intervention,indonesia,USDC
922,0.7549414620620197,4447.249025785125,437,S6_worst_case_no_intervention,indonesia,USDC
923,0.753320351489193,4336.067800140497,437,S6_worst_case_no_intervention,indonesia,USDC
924,0.7578157553491514,4227.666105136985,437,S6_worst_case_no_intervention,indonesia,USDC
925,0.7725949502947157,4121.97445250856,437,S6_worst_case_no_intervention,indonesia,USDC
926,0.7931226147045604,4018.925091195846,437,S6_worst_case_no_intervention,indonesia,USDC
927,0.785787687588205,3918.45196391595,437,S6_worst_case_no_intervention,indonesia,USDC
928,0.7688796765446574,3820.4906648180513,437,S6_worst_case_no_intervention,indonesia,USDC
929,0.761810423759192,3724.9783981975997,437,S6_worst_case_no_intervention,indonesia,USDC
930,0.7724792743549922,3631.8539382426598,437,S6_worst_case_no_intervention,indonesia,USDC
931,0.793313499846489,3541.0575897865933,437,S6_worst_case_no_intervention,indonesia,USDC
932,0.8032799702652414,3452.531150041929,437,S6_worst_case_no_intervention,indonesia,USDC
933,0.8041366677079689,3366.2178712908803,437,S6_worst_case_no_intervention,indonesia,USDC
934,0.8036279451889562,3282.0624245086083,437,S6_worst_case_no_intervention,indonesia,USDC
935,0.8265340117218128,3200.0108638958936,437,S6_worst_case_no_intervention,indonesia,USDC
936,0.8330176255596768,3120.0105922984962,437,S6_worst_case_no_intervention,indonesia,USDC
937,0.8377057451663386,3042.010327491034,437,S6_worst_case_no_intervention,indonesia,USDC
938,0.8423558650396332,2965.960069303758,437,S6_worst_case_no_intervention,indonesia,USDC
939,0.8439065074330334,2891.811067571164,437,S6_worst_case_no_intervention,indonesia,USDC
940,0.8364188728983188,2819.5157908818846,437,S6_worst_case_no_intervention,indonesia,USDC
941,0.8725945016473304,2749.027896109838,437,S6_worst_case_no_intervention,indonesia,USDC
942,0.8588020035131313,2680.3021987070915,437,S6_worst_case_no_intervention,indonesia,USDC
943,0.8368361404822937,2613.294643739415,437,S6_worst_case_no_intervention,indonesia,USDC
944,0.8533497348540168,2547.962277645929,437,S6_worst_case_no_intervention,indonesia,USDC
945,0.8513932905462407,2484.263220704781,437,S6_worst_case_no_intervention,indonesia,USDC
946,0.8476615460889553,2422.1566401871614,437,S6_worst_case_no_intervention,indonesia,USDC
947,0.833050982927345,2361.6027241824822,437,S6_worst_case_no_intervention,indonesia,USDC
948,0.7909045998076562,2302.56265607792,437,S6_worst_case_no_intervention,indonesia,USDC
949,0.809528033150152,2244.9985896759727,437,S6_worst_case_no_intervention,indonesia,USDC
950,0.8214434886045732,2188.873624934073,437,S6_worst_case_no_intervention,indonesia,USDC
951,0.7879856159174384,2134.1517843107213,437,S6_worst_case_no_intervention,indonesia,USDC
952,0.7944405836425086,2080.797989702953,437,S6_worst_case_no_intervention,indonesia,USDC
953,0.7925067848199367,2028.778039960379,437,S6_worst_case_no_intervention,indonesia,USDC
954,0.807096665145678,1978.0585889613697,437,S6_worst_case_no_intervention,indonesia,USDC
955,0.819419584390322,1928.6071242373353,437,S6_worst_case_no_intervention,indonesia,USDC
956,0.8368177918048446,1880.3919461314022,437,S6_worst_case_no_intervention,indonesia,USDC
957,0.8228246897949321,1833.3821474781168,437,S6_worst_case_no_intervention,indonesia,USDC
958,0.8306590693455481,1787.547593791164,437,S6_worst_case_no_intervention,indonesia,USDC
959,0.8353506531746691,1742.858903946385,437,S6_worst_case_no_intervention,indonesia,USDC
960,0.8257917626145342,1699.2874313477255,437,S6_worst_case_no_intervention,indonesia,USDC
961,0.8143851790276412,1656.8052455640322,437,S6_worst_case_no_intervention,indonesia,USDC
962,0.8234578000173476,1615.385114424931,437,S6_worst_case_no_intervention,indonesia,USDC
963,0.8147941232096232,1575.000486564308,437,S6_worst_case_no_intervention,indonesia,USDC
964,0.8003101259188699,1535.6254744002003,437,S6_worst_case_no_intervention,indonesia,USDC
965,0.8184135066924945,1497.2348375401953,437,S6_worst_case_no_intervention,indonesia,USDC
966,0.8456743932310017,1459.8039666016905,437,S6_worst_case_no_intervention,indonesia,USDC
967,0.8317730440742378,1423.3088674366481,437,S6_worst_case_no_intervention,indonesia,USDC
968,0.8391649464352016,1387.726145750732,437,S6_worst_case_no_intervention,indonesia,USDC
969,0.8768280069349155,1353.0329921069638,437,S6_worst_case_no_intervention,indonesia,USDC
970,0.8549654897050135,1319.2071673042897,437,S6_worst_case_no_intervention,indonesia,USDC
971,0.8245689708454027,1286.2269881216823,437,S6_worst_case_no_intervention,indonesia,USDC
972,0.848120786543781,1254.0713134186403,437,S6_worst_case_no_intervention,indonesia,USDC
973,0.8516829728717089,1222.7195305831742,437,S6_worst_case_no_intervention,indonesia,USDC
974,0.7902453826280341,1192.1515423185947,437,S6_worst_case_no_intervention,indonesia,USDC
975,0.7834509178840438,1162.34775376063,437,S6_worst_case_no_intervention,indonesia,USDC
976,0.796059611859501,1133.2890599166142,437,S6_worst_case_no_intervention,indonesia,USDC
977,0.7929753664654553,1104.9568334186988,437,S6_worst_case_no_intervention,indonesia,USDC
978,0.8138221270163782,1077.3329125832315,437,S6_worst_case_no_intervention,indonesia,USDC
979,0.8070810024859687,1050.3995897686507,437,S6_worst_case_no_intervention,indonesia,USDC
980,0.7835785946801049,1024.1396000244345,437,S6_worst_case_no_intervention,indonesia,USDC
981,0.7870280646750285,998.5361100238235,437,S6_worst_case_no_intervention,indonesia,USDC
982,0.677899371993148,973.5727072732279,437,S6_worst_case_no_intervention,indonesia,USDC
983,0.6738047361529492,949.2333895913971,437,S6_worst_case_no_intervention,indonesia,USDC
984,0.6872918258451217,925.5025548516123,437,S6_worst_case_no_intervention,indonesia,USDC
985,0.6875994704755739,902.3649909803221,437,S6_worst_case_no_intervention,indonesia,USDC
986,0.7025999668254767,879.805866205814,437,S6_worst_case_no_intervention,indonesia,USDC
987,0.7338371540334677,857.8107195506686,437,S6_worst_case_no_intervention,indonesia,USDC
988,0.7518800462008794,836.3654515619019,437,S6_worst_case_no_intervention,indonesia,USDC
989,0.752158203440939,815.4563152728545,437,S6_worst_case_no_intervention,indonesia,USDC
990,0.7501475923231429,795.069907391033,437,S6_worst_case_no_intervention,indonesia,USDC
991,0.7557257764309454,775.1931597062572,437,S6_worst_case_no_intervention,indonesia,USDC
992,0.7377042528728147,755.8133307136007,437,S6_worst_case_no_intervention,indonesia,USDC
993,0.7655592561388077,736.9179974457608,437,S6_worst_case_no_intervention,indonesia,USDC
994,0.7368125932407695,718.4950475096168,437,S6_worst_case_no_intervention,indonesia,USDC
995,0.7257677124796837,700.5326713218764,437,S6_worst_case_no_intervention,indonesia,USDC
996,0.713948941781478,683.0193545388295,437,S6_worst_case_no_intervention,indonesia,USDC
997,0.748200561580173,665.9438706753587,437,S6_worst_case_no_intervention,indonesia,USDC
998,0.7495115285339113,649.2952739084747,437,S6_worst_case_no_intervention,indonesia,USDC
999,0.7570817693778273,633.0628920607628,437,S6_worst_case_no_intervention,indonesia,USDC
1000,0.7762176164773271,617.2363197592438,437,S6_worst_case_no_intervention,indonesia,USDC
