Step,price,liquidity,iteration,scenario,region,coin
1,0.9927324147203336,2989604524032.3853,186,S6_worst_case_no_intervention,indonesia,USDC
2,0.9848023682961077,2989604524032.3853,186,S6_worst_case_no_intervention,indonesia,USDC
3,0.9581621215121516,2989604524032.3853,186,S6_worst_case_no_intervention,indonesia,USDC
4,0.9781649360428615,2988893850042.6665,186,S6_worst_case_no_intervention,indonesia,USDC
5,0.9413247986553424,2988893850042.6665,186,S6_worst_case_no_intervention,indonesia,USDC
6,0.9286347202456823,2987186903101.2656,186,S6_worst_case_no_intervention,indonesia,USDC
7,0.9477849870687803,2984731324524.87,186,S6_worst_case_no_intervention,indonesia,USDC
8,0.9367339878143088,2983509177650.1943,186,S6_worst_case_no_intervention,indonesia,USDC
9,0.9597151651419223,2981693242170.0938,186,S6_worst_case_no_intervention,indonesia,USDC
10,0.9760661635456112,2981161723667.8667,186,S6_worst_case_no_intervention,indonesia,USDC
11,0.9832191397170987,2981161723667.8667,186,S6_worst_case_no_intervention,indonesia,USDC
12,0.9724600025262554,2981161723667.8667,186,S6_worst_case_no_intervention,indonesia,USDC
13,0.9729657402280705,2981161723667.8667,186,S6_worst_case_no_intervention,indonesia,USDC
14,0.9826752099572871,2981161723667.8667,186,S6_worst_case_no_intervention,indonesia,USDC
15,0.9751061652943953,2981161723667.8667,186,S6_worst_case_no_intervention,indonesia,USDC
16,0.9865212964784573,2981161723667.8667,186,S6_worst_case_no_intervention,indonesia,USDC
17,1.0008389279786183,2981161723667.8667,186,S6_worst_case_no_intervention,indonesia,USDC
18,0.9892822198817682,2981161723667.8667,186,S6_worst_case_no_intervention,indonesia,USDC
19,0.9842673593698169,2981161723667.8667,186,S6_worst_case_no_intervention,indonesia,USDC
20,0.9957045475289491,2981161723667.8667,186,S6_worst_case_no_intervention,indonesia,USDC
21,1.0164900398952452,2981161723667.8667,186,S6_worst_case_no_intervention,indonesia,USDC
22,0.9983989979609785,2981161723667.8667,186,S6_worst_case_no_intervention,indonesia,USDC
23,0.9887431558228326,2981161723667.8667,186,S6_worst_case_no_intervention,indonesia,USDC
24,0.9564455740401581,2981161723667.8667,186,S6_worst_case_no_intervention,indonesia,USDC
25,0.9587405133931948,2980452626959.755,186,S6_worst_case_no_intervention,indonesia,USDC
26,0.970112430257167,2979894863931.0083,186,S6_worst_case_no_intervention,indonesia,USDC
27,0.9552903520811838,2979894863931.0083,186,S6_worst_case_no_intervention,indonesia,USDC
28,0.9835914359427539,2979167746069.996,186,S6_worst_case_no_intervention,indonesia,USDC
29,0.9775455530830575,2979167746069.996,186,S6_worst_case_no_intervention,indonesia,USDC
30,0.9767635038997193,2979167746069.996,186,S6_worst_case_no_intervention,indonesia,USDC
31,0.9620360046929979,2979167746069.996,186,S6_worst_case_no_intervention,indonesia,USDC
32,0.9745994108165974,2978770934199.9365,186,S6_worst_case_no_intervention,indonesia,USDC
33,0.9579866365073411,2978770934199.9365,186,S6_worst_case_no_intervention,indonesia,USDC
34,0.9318289133690734,2978173352965.399,186,S6_worst_case_no_intervention,indonesia,USDC
35,0.9329557419625476,2976262090102.755,186,S6_worst_case_no_intervention,indonesia,USDC
36,0.9055846456642148,2974498345199.9062,186,S6_worst_case_no_intervention,indonesia,USDC
37,0.92505081891962,2971593161221.8145,186,S6_worst_case_no_intervention,indonesia,USDC
38,0.915829498122547,2969647434565.787,186,S6_worst_case_no_intervention,indonesia,USDC
39,0.9380524885790824,2967476951619.341,186,S6_worst_case_no_intervention,indonesia,USDC
40,0.9474010494966536,2966261416970.799,186,S6_worst_case_no_intervention,indonesia,USDC
41,0.9732051025256925,2965434318709.348,186,S6_worst_case_no_intervention,indonesia,USDC
42,0.9534600656304902,2965434318709.348,186,S6_worst_case_no_intervention,indonesia,USDC
43,0.9268709305281652,2964847300474.357,186,S6_worst_case_no_intervention,indonesia,USDC
44,0.9298684061506938,2963337027578.636,186,S6_worst_case_no_intervention,indonesia,USDC
45,0.9333439417701782,2961977363375.848,186,S6_worst_case_no_intervention,indonesia,USDC
46,0.9614299154488257,2960754001845.911,186,S6_worst_case_no_intervention,indonesia,USDC
47,0.957662423657204,2960508108903.918,186,S6_worst_case_no_intervention,indonesia,USDC
48,0.9424583771669287,2960125898463.9556,186,S6_worst_case_no_intervention,indonesia,USDC
49,0.9862573013751398,2959259292089.7896,186,S6_worst_case_no_intervention,indonesia,USDC
50,1.0003269691521484,2959259292089.7896,186,S6_worst_case_no_intervention,indonesia,USDC
51,0.9877949460686171,2959259292089.7896,186,S6_worst_case_no_intervention,indonesia,USDC
52,1.0212409404286495,2959259292089.7896,186,S6_worst_case_no_intervention,indonesia,USDC
53,1.0290734390141996,2959259292089.7896,186,S6_worst_case_no_intervention,indonesia,USDC
54,1.0034347679112388,2959259292089.7896,186,S6_worst_case_no_intervention,indonesia,USDC
55,1.0414025233151718,2959259292089.7896,186,S6_worst_case_no_intervention,indonesia,USDC
56,1.0475219030191238,2959259292089.7896,186,S6_worst_case_no_intervention,indonesia,USDC
57,1.0633401170344732,2959259292089.7896,186,S6_worst_case_no_intervention,indonesia,USDC
58,1.040751499109109,2959259292089.7896,186,S6_worst_case_no_intervention,indonesia,USDC
59,1.053389571197022,2959259292089.7896,186,S6_worst_case_no_intervention,indonesia,USDC
60,1.0553533077254953,2959259292089.7896,186,S6_worst_case_no_intervention,indonesia,USDC
61,0.9836511147829892,2959259292089.7896,186,S6_worst_case_no_intervention,indonesia,USDC
62,0.9957555630894331,2959259292089.7896,186,S6_worst_case_no_intervention,indonesia,USDC
63,1.0111698922427483,2959259292089.7896,186,S6_worst_case_no_intervention,indonesia,USDC
64,1.0439192151755297,2959259292089.7896,186,S6_worst_case_no_intervention,indonesia,USDC
65,1.0542954035352998,2959259292089.7896,186,S6_worst_case_no_intervention,indonesia,USDC
66,1.0474906745200816,2959259292089.7896,186,S6_worst_case_no_intervention,indonesia,USDC
67,1.0300436883858868,2959259292089.7896,186,S6_worst_case_no_intervention,indonesia,USDC
68,1.053390173073954,2959259292089.7896,186,S6_worst_case_no_intervention,indonesia,USDC
69,1.067667799362158,2959259292089.7896,186,S6_worst_case_no_intervention,indonesia,USDC
70,1.0713851735344164,2959259292089.7896,186,S6_worst_case_no_intervention,indonesia,USDC
71,1.1073749254077832,2959259292089.7896,186,S6_worst_case_no_intervention,indonesia,USDC
72,1.1003014645446663,2959259292089.7896,186,S6_worst_case_no_intervention,indonesia,USDC
73,1.1111159096299168,2959259292089.7896,186,S6_worst_case_no_intervention,indonesia,USDC
74,1.0931011046850136,2959259292089.7896,186,S6_worst_case_no_intervention,indonesia,USDC
75,1.1081224301995969,2959259292089.7896,186,S6_worst_case_no_intervention,indonesia,USDC
76,1.1328997734102684,2959259292089.7896,186,S6_worst_case_no_intervention,indonesia,USDC
77,1.1275145383012743,2959259292089.7896,186,S6_worst_case_no_intervention,indonesia,USDC
78,1.09172338512477,2959259292089.7896,186,S6_worst_case_no_intervention,indonesia,USDC
79,1.097527657958461,2959259292089.7896,186,S6_worst_case_no_intervention,indonesia,USDC
80,1.0997334324057157,2959259292089.7896,186,S6_worst_case_no_intervention,indonesia,USDC
81,1.0985674207440166,2959259292089.7896,186,S6_worst_case_no_intervention,indonesia,USDC
82,1.0854889173039193,2959259292089.7896,186,S6_worst_case_no_intervention,indonesia,USDC
83,1.0883211731646394,2959259292089.7896,186,S6_worst_case_no_intervention,indonesia,USDC
84,1.109833045133113,2959259292089.7896,186,S6_worst_case_no_intervention,indonesia,USDC
85,1.120454246302014,2959259292089.7896,186,S6_worst_case_no_intervention,indonesia,USDC
86,1.159601475724981,2959259292089.7896,186,S6_worst_case_no_intervention,indonesia,USDC
87,1.153221649525073,2959259292089.7896,186,S6_worst_case_no_intervention,indonesia,USDC
88,1.1682646715801215,2959259292089.7896,186,S6_worst_case_no_intervention,indonesia,USDC
89,1.1259216492993347,2959259292089.7896,186,S6_worst_case_no_intervention,indonesia,USDC
90,1.103198285383556,2959259292089.7896,186,S6_worst_case_no_intervention,indonesia,USDC
91,1.1333346537746818,2959259292089.7896,186,S6_worst_case_no_intervention,indonesia,USDC
92,1.127924932020221,2959259292089.7896,186,S6_worst_case_no_intervention,indonesia,USDC
93,1.0899815753221376,2959259292089.7896,186,S6_worst_case_no_intervention,indonesia,USDC
94,1.075968317993411,2959259292089.7896,186,S6_worst_case_no_intervention,indonesia,USDC
95,1.0533429444498439,2959259292089.7896,186,S6_worst_case_no_intervention,indonesia,USDC
96,1.0717261552655422,2959259292089.7896,186,S6_worst_case_no_intervention,indonesia,USDC
97,1.0926466160545263,2959259292089.7896,186,S6_worst_case_no_intervention,indonesia,USDC
98,1.072801085270917,2959259292089.7896,186,S6_worst_case_no_intervention,indonesia,USDC
99,1.055826265898849,2959259292089.7896,186,S6_worst_case_no_intervention,indonesia,USDC
100,1.0187289667981363,2959259292089.7896,186,S6_worst_case_no_intervention,indonesia,USDC
101,0.8382957160047793,2959259292089.7896,186,S6_worst_case_no_intervention,indonesia,USDC
102,0.8359301147962437,2955315045367.248,186,S6_worst_case_no_intervention,indonesia,USDC
103,0.8707497617239821,2951834209867.608,186,S6_worst_case_no_intervention,indonesia,USDC
104,0.888967879600433,2949657880434.8735,186,S6_worst_case_no_intervention,indonesia,USDC
105,0.8964554257313828,2948097429242.815,186,S6_worst_case_no_intervention,indonesia,USDC
106,0.9252004559180921,2946695312912.206,186,S6_worst_case_no_intervention,indonesia,USDC
107,0.9231631703355171,2945971869212.2,186,S6_worst_case_no_intervention,indonesia,USDC
108,0.9333349689598058,2945246391054.917,186,S6_worst_case_no_intervention,indonesia,USDC
109,0.9748606056323007,2944691021175.713,186,S6_worst_case_no_intervention,indonesia,USDC
110,0.9564526826689418,2944691021175.713,186,S6_worst_case_no_intervention,indonesia,USDC
111,0.9815049594040357,2944514183299.127,186,S6_worst_case_no_intervention,indonesia,USDC
112,0.9733837890745631,2944514183299.127,186,S6_worst_case_no_intervention,indonesia,USDC
113,0.9697448457385466,2944514183299.127,186,S6_worst_case_no_intervention,indonesia,USDC
114,0.9638191831646187,2944510261378.4062,186,S6_worst_case_no_intervention,indonesia,USDC
115,0.9412648235909153,2944424528995.941,186,S6_worst_case_no_intervention,indonesia,USDC
116,0.9624952241468732,2944000445866.443,186,S6_worst_case_no_intervention,indonesia,USDC
117,0.9530431722928748,2943916897025.7373,186,S6_worst_case_no_intervention,indonesia,USDC
118,0.9631853332082211,2943666698630.966,186,S6_worst_case_no_intervention,indonesia,USDC
119,0.9589845434825347,2943576743645.849,186,S6_worst_case_no_intervention,indonesia,USDC
120,0.9524090853950247,2943447613203.2676,186,S6_worst_case_no_intervention,indonesia,USDC
121,0.9334903111101013,2869627697957.169,186,S6_worst_case_no_intervention,indonesia,USDC
122,0.9226927171214165,2797402856689.718,186,S6_worst_case_no_intervention,indonesia,USDC
123,0.9085516328133248,2726895465392.588,186,S6_worst_case_no_intervention,indonesia,USDC
124,0.9128151534660732,2657968991445.33,186,S6_worst_case_no_intervention,indonesia,USDC
125,0.9030601508456224,2590844588653.5547,186,S6_worst_case_no_intervention,indonesia,USDC
126,0.8543278992449561,2525347743740.1685,186,S6_worst_case_no_intervention,indonesia,USDC
127,0.8242569434734348,2461065492273.9673,186,S6_worst_case_no_intervention,indonesia,USDC
128,0.8371237706821618,2398255018075.8203,186,S6_worst_case_no_intervention,indonesia,USDC
129,0.8425386793574492,2337275971643.044,186,S6_worst_case_no_intervention,indonesia,USDC
130,0.8269494165713491,2278012890861.8955,186,S6_worst_case_no_intervention,indonesia,USDC
131,0.8275905355062521,2220229367065.5547,186,S6_worst_case_no_intervention,indonesia,USDC
132,0.8238139168117764,2164014147234.0496,186,S6_worst_case_no_intervention,indonesia,USDC
133,0.8450245971532027,2109303052048.8208,186,S6_worst_case_no_intervention,indonesia,USDC
134,0.8274732696978372,2056105084496.9788,186,S6_worst_case_no_intervention,indonesia,USDC
135,0.8102836094946133,2004268074065.3018,186,S6_worst_case_no_intervention,indonesia,USDC
136,0.8290499849679447,1953741288458.1807,186,S6_worst_case_no_intervention,indonesia,USDC
137,0.8203483062566556,1904584864731.4473,186,S6_worst_case_no_intervention,indonesia,USDC
138,0.8104113161989999,1856683191546.3232,186,S6_worst_case_no_intervention,indonesia,USDC
139,0.8096263825327216,1810004218241.2488,186,S6_worst_case_no_intervention,indonesia,USDC
140,0.7973646811854997,1764517610973.9712,186,S6_worst_case_no_intervention,indonesia,USDC
141,0.8207604150748031,1720192177951.0012,186,S6_worst_case_no_intervention,indonesia,USDC
142,0.8224181229238016,1677045438970.8315,186,S6_worst_case_no_intervention,indonesia,USDC
143,0.8064886957643643,1634999257471.0505,186,S6_worst_case_no_intervention,indonesia,USDC
144,0.8259950799634609,1594007747120.0046,186,S6_worst_case_no_intervention,indonesia,USDC
145,0.816573455322857,1554073448553.4678,186,S6_worst_case_no_intervention,indonesia,USDC
146,0.8054276942786396,1515141190165.2727,186,S6_worst_case_no_intervention,indonesia,USDC
147,0.8114330564119326,1477188276888.873,186,S6_worst_case_no_intervention,indonesia,USDC
148,0.8245975205168862,1440199060307.1719,186,S6_worst_case_no_intervention,indonesia,USDC
149,0.8327946027347112,1404151188537.2295,186,S6_worst_case_no_intervention,indonesia,USDC
150,0.8277147734742062,1369010401143.112,186,S6_worst_case_no_intervention,indonesia,USDC
151,0.8203671483225308,1334752191779.8374,186,S6_worst_case_no_intervention,indonesia,USDC
152,0.8041695271605681,1301355593738.6228,186,S6_worst_case_no_intervention,indonesia,USDC
153,0.8014562238740891,1268794239456.9922,186,S6_worst_case_no_intervention,indonesia,USDC
154,0.7902711521220257,1237051619740.2249,186,S6_worst_case_no_intervention,indonesia,USDC
155,0.7893087534149094,1206104668757.746,186,S6_worst_case_no_intervention,indonesia,USDC
156,0.7739662912620242,1175935739097.899,186,S6_worst_case_no_intervention,indonesia,USDC
157,0.7671418311585859,1146522140816.54,186,S6_worst_case_no_intervention,indonesia,USDC
158,0.7464250166388989,1117846968532.859,186,S6_worst_case_no_intervention,indonesia,USDC
159,0.7523568145487258,1089890063070.4348,186,S6_worst_case_no_intervention,indonesia,USDC
160,0.7840841677493764,1062634637818.8008,186,S6_worst_case_no_intervention,indonesia,USDC
161,0.7824369490609253,1036063160482.5111,186,S6_worst_case_no_intervention,indonesia,USDC
162,0.7534395542486233,1010156870497.3267,186,S6_worst_case_no_intervention,indonesia,USDC
163,0.7430284002928181,984898454499.3552,186,S6_worst_case_no_intervention,indonesia,USDC
164,0.7665181969909219,960272334452.9363,186,S6_worst_case_no_intervention,indonesia,USDC
165,0.7575767535399192,936263013553.6545,186,S6_worst_case_no_intervention,indonesia,USDC
166,0.7787918685540396,912854405070.1777,186,S6_worst_case_no_intervention,indonesia,USDC
167,0.7583406707450339,890031664749.3228,186,S6_worst_case_no_intervention,indonesia,USDC
168,0.770837096886847,867779602954.4133,186,S6_worst_case_no_intervention,indonesia,USDC
169,0.7556640609278504,846084150380.3385,186,S6_worst_case_no_intervention,indonesia,USDC
170,0.7551489673795827,824931250908.3809,186,S6_worst_case_no_intervention,indonesia,USDC
171,0.7602460965725641,804307300046.7504,186,S6_worst_case_no_intervention,indonesia,USDC
172,0.7948093935167837,784199137719.5571,186,S6_worst_case_no_intervention,indonesia,USDC
173,0.7820049915729198,764593840701.8757,186,S6_worst_case_no_intervention,indonesia,USDC
174,0.7750374596480805,745478699050.3196,186,S6_worst_case_no_intervention,indonesia,USDC
175,0.759796789137464,726841488057.5315,186,S6_worst_case_no_intervention,indonesia,USDC
176,0.7536924796175799,708670243286.5795,186,S6_worst_case_no_intervention,indonesia,USDC
177,0.7680253166239356,690953310316.8042,186,S6_worst_case_no_intervention,indonesia,USDC
178,0.7516368286936123,673679346081.0002,186,S6_worst_case_no_intervention,indonesia,USDC
179,0.757504444727648,656837252004.5562,186,S6_worst_case_no_intervention,indonesia,USDC
180,0.7646690998376341,640416238606.4385,186,S6_worst_case_no_intervention,indonesia,USDC
181,0.7404439263655598,624405768818.566,186,S6_worst_case_no_intervention,indonesia,USDC
182,0.7110304843884829,608795569129.3021,186,S6_worst_case_no_intervention,indonesia,USDC
183,0.7207261764149699,593575630629.4662,186,S6_worst_case_no_intervention,indonesia,USDC
184,0.7427811727313669,578736204834.9681,186,S6_worst_case_no_intervention,indonesia,USDC
185,0.7365867513957751,564267775389.698,186,S6_worst_case_no_intervention,indonesia,USDC
186,0.739330651169039,550161062578.6473,186,S6_worst_case_no_intervention,indonesia,USDC
187,0.7776088023911156,536407021486.6625,186,S6_worst_case_no_intervention,indonesia,USDC
188,0.7810553794862133,522996837066.2815,186,S6_worst_case_no_intervention,indonesia,USDC
189,0.786832253222782,509921908800.0587,186,S6_worst_case_no_intervention,indonesia,USDC
190,0.8168978692893534,497173855463.2245,186,S6_worst_case_no_intervention,indonesia,USDC
191,0.7963685345796276,484744505250.01917,186,S6_worst_case_no_intervention,indonesia,USDC
192,0.7758478414249997,472625888878.22986,186,S6_worst_case_no_intervention,indonesia,USDC
193,0.7925719864783547,460810238420.57916,186,S6_worst_case_no_intervention,indonesia,USDC
194,0.815627759471895,449289980062.6379,186,S6_worst_case_no_intervention,indonesia,USDC
195,0.7953190112516144,438057728800.09595,186,S6_worst_case_no_intervention,indonesia,USDC
196,0.8095347112640766,427106283925.1044,186,S6_worst_case_no_intervention,indonesia,USDC
197,0.792910491211569,416428625538.3605,186,S6_worst_case_no_intervention,indonesia,USDC
198,0.7988388961481738,406017908679.64844,186,S6_worst_case_no_intervention,indonesia,USDC
199,0.8226969326275001,395867459994.0957,186,S6_worst_case_no_intervention,indonesia,USDC
200,0.8090420130886286,385970772819.6983,186,S6_worst_case_no_intervention,indonesia,USDC
201,0.8280596262835096,376321502842.91425,186,S6_worst_case_no_intervention,indonesia,USDC
202,0.8237479335567655,366913464818.3646,186,S6_worst_case_no_intervention,indonesia,USDC
203,0.8274012536833941,357740627794.7519,186,S6_worst_case_no_intervention,indonesia,USDC
204,0.8438107027136477,348797111747.90137,186,S6_worst_case_no_intervention,indonesia,USDC
205,0.8337231802034992,340077183693.48303,186,S6_worst_case_no_intervention,indonesia,USDC
206,0.8022838268242624,331575253854.67114,186,S6_worst_case_no_intervention,indonesia,USDC
207,0.8153051288268994,323285872250.7337,186,S6_worst_case_no_intervention,indonesia,USDC
208,0.8130608052621793,315203725245.7073,186,S6_worst_case_no_intervention,indonesia,USDC
209,0.8460867624069881,307323631932.27905,186,S6_worst_case_no_intervention,indonesia,USDC
210,0.8280503509824365,299640541015.8331,186,S6_worst_case_no_intervention,indonesia,USDC
211,0.8377023637664107,292149527376.84955,186,S6_worst_case_no_intervention,indonesia,USDC
212,0.8221642178557502,284845789101.19275,186,S6_worst_case_no_intervention,indonesia,USDC
213,0.8160135332471067,277724644284.65125,186,S6_worst_case_no_intervention,indonesia,USDC
214,0.8273614966886359,270781528098.0663,186,S6_worst_case_no_intervention,indonesia,USDC
215,0.829450350088872,264011989833.04178,186,S6_worst_case_no_intervention,indonesia,USDC
216,0.8188082046958507,257411690034.08594,186,S6_worst_case_no_intervention,indonesia,USDC
217,0.7103046807492354,250976397730.67072,186,S6_worst_case_no_intervention,indonesia,USDC
218,0.7176109085495965,244701987713.99622,186,S6_worst_case_no_intervention,indonesia,USDC
219,0.7032812252576569,238584437969.25333,186,S6_worst_case_no_intervention,indonesia,USDC
220,0.7204847065744802,232619826978.63934,186,S6_worst_case_no_intervention,indonesia,USDC
221,0.7366389494269875,226804331275.52454,186,S6_worst_case_no_intervention,indonesia,USDC
222,0.754285278993773,221134222972.1449,186,S6_worst_case_no_intervention,indonesia,USDC
223,0.7767747805766156,215605867383.32306,186,S6_worst_case_no_intervention,indonesia,USDC
224,0.7724396436634546,210215720688.7315,186,S6_worst_case_no_intervention,indonesia,USDC
225,0.775011653289247,204960327662.69135,186,S6_worst_case_no_intervention,indonesia,USDC
226,0.7838665303440775,199836319464.19034,186,S6_worst_case_no_intervention,indonesia,USDC
227,0.7732046230483212,194840411472.398,186,S6_worst_case_no_intervention,indonesia,USDC
228,0.7722448745262249,189969401181.0493,186,S6_worst_case_no_intervention,indonesia,USDC
229,0.7556814391529177,185220166147.95782,186,S6_worst_case_no_intervention,indonesia,USDC
230,0.7724651926850892,180589661991.2862,186,S6_worst_case_no_intervention,indonesia,USDC
231,0.7694750639204188,176074920439.2039,186,S6_worst_case_no_intervention,indonesia,USDC
232,0.7569296851106533,171673047426.47125,186,S6_worst_case_no_intervention,indonesia,USDC
233,0.7563510285529371,167381221239.21866,186,S6_worst_case_no_intervention,indonesia,USDC
234,0.7729704354779942,163196690707.01752,186,S6_worst_case_no_intervention,indonesia,USDC
235,0.7553028074486948,159116773438.477,186,S6_worst_case_no_intervention,indonesia,USDC
236,0.762550648603451,155138854101.74136,186,S6_worst_case_no_intervention,indonesia,USDC
237,0.8047818657808422,151260382748.60074,186,S6_worst_case_no_intervention,indonesia,USDC
238,0.8148829632631,147478873179.5119,186,S6_worst_case_no_intervention,indonesia,USDC
239,0.8119365794309015,143791901349.75027,186,S6_worst_case_no_intervention,indonesia,USDC
240,0.815521913660744,140197103815.7694,186,S6_worst_case_no_intervention,indonesia,USDC
241,0.8013324370002477,136692176220.179,186,S6_worst_case_no_intervention,indonesia,USDC
242,0.7996538250033427,133274871814.48087,186,S6_worst_case_no_intervention,indonesia,USDC
243,0.8017449598731141,129943000018.96674,186,S6_worst_case_no_intervention,indonesia,USDC
244,0.8284603291107697,126694425018.36194,186,S6_worst_case_no_intervention,indonesia,USDC
245,0.8278829273620496,123527064392.81174,186,S6_worst_case_no_intervention,indonesia,USDC
246,0.8257084427793504,120438887782.91626,186,S6_worst_case_no_intervention,indonesia,USDC
247,0.7882557212567193,117427915588.27611,186,S6_worst_case_no_intervention,indonesia,USDC
248,0.8011305801100952,114492217698.49792,186,S6_worst_case_no_intervention,indonesia,USDC
249,0.8022802278120496,111629912255.97757,186,S6_worst_case_no_intervention,indonesia,USDC
250,0.8038032909539181,108839164449.53345,186,S6_worst_case_no_intervention,indonesia,USDC
251,0.7905062532434121,106118185338.2557,186,S6_worst_case_no_intervention,indonesia,USDC
252,0.7972349712451378,103465230704.76611,186,S6_worst_case_no_intervention,indonesia,USDC
253,0.7782122346572995,100878599937.12057,186,S6_worst_case_no_intervention,indonesia,USDC
254,0.7683450941740128,98356634938.66768,186,S6_worst_case_no_intervention,indonesia,USDC
255,0.7765378476019852,95897719065.18018,186,S6_worst_case_no_intervention,indonesia,USDC
256,0.786338253692166,93500276088.53368,186,S6_worst_case_no_intervention,indonesia,USDC
257,0.7943901112759626,91162769186.30765,186,S6_worst_case_no_intervention,indonesia,USDC
258,0.7763924500656675,88883699956.64008,186,S6_worst_case_no_intervention,indonesia,USDC
259,0.752616657508866,86661607457.71547,186,S6_worst_case_no_intervention,indonesia,USDC
260,0.7640560273011513,84495067271.26474,186,S6_worst_case_no_intervention,indonesia,USDC
261,0.7916639262228009,82382690589.47725,186,S6_worst_case_no_intervention,indonesia,USDC
262,0.6691953969612253,80323123324.73618,186,S6_worst_case_no_intervention,indonesia,USDC
263,0.6902973366258455,78315045241.61201,186,S6_worst_case_no_intervention,indonesia,USDC
264,0.7014319022506745,76357169110.56781,186,S6_worst_case_no_intervention,indonesia,USDC
265,0.7251785185717646,74448239882.80109,186,S6_worst_case_no_intervention,indonesia,USDC
266,0.7324781560650889,72587033885.72935,186,S6_worst_case_no_intervention,indonesia,USDC
267,0.7399867068230515,70772358038.58485,186,S6_worst_case_no_intervention,indonesia,USDC
268,0.7710699936332465,69003049087.61928,186,S6_worst_case_no_intervention,indonesia,USDC
269,0.7787692221722128,67277972860.42816,186,S6_worst_case_no_intervention,indonesia,USDC
270,0.7592155549823402,65596023538.91696,186,S6_worst_case_no_intervention,indonesia,USDC
271,0.7678584612608638,63956122950.44362,186,S6_worst_case_no_intervention,indonesia,USDC
272,0.6991847024835703,62357219876.682205,186,S6_worst_case_no_intervention,indonesia,USDC
273,0.7164971732788814,60798289379.76479,186,S6_worst_case_no_intervention,indonesia,USDC
274,0.7265540468219113,59278332145.27044,186,S6_worst_case_no_intervention,indonesia,USDC
275,0.7301119679598425,57796373841.63852,186,S6_worst_case_no_intervention,indonesia,USDC
276,0.7374619787759233,56351464495.59743,186,S6_worst_case_no_intervention,indonesia,USDC
277,0.7427348344227188,54942677883.2074,186,S6_worst_case_no_intervention,indonesia,USDC
278,0.7603561294433107,53569110936.127144,186,S6_worst_case_no_intervention,indonesia,USDC
279,0.7340541988754735,52229883162.72392,186,S6_worst_case_no_intervention,indonesia,USDC
280,0.756402062205389,50924136083.65578,186,S6_worst_case_no_intervention,indonesia,USDC
281,0.7598912152206465,49651032681.56436,186,S6_worst_case_no_intervention,indonesia,USDC
282,0.7575201586834653,48409756864.52523,186,S6_worst_case_no_intervention,indonesia,USDC
283,0.737156191053289,47199512942.91208,186,S6_worst_case_no_intervention,indonesia,USDC
284,0.7451036777742955,46019525119.339264,186,S6_worst_case_no_intervention,indonesia,USDC
285,0.7504418555456757,44869036991.35577,186,S6_worst_case_no_intervention,indonesia,USDC
286,0.759863030000596,43747311066.57186,186,S6_worst_case_no_intervention,indonesia,USDC
287,0.7694883082375155,42653628289.90756,186,S6_worst_case_no_intervention,indonesia,USDC
288,0.7916657864703207,41587287582.65987,186,S6_worst_case_no_intervention,indonesia,USDC
289,0.7777896618991441,40547605393.09337,186,S6_worst_case_no_intervention,indonesia,USDC
290,0.784872293503027,39533915258.26602,186,S6_worst_case_no_intervention,indonesia,USDC
291,0.7859026804133568,38545567376.80937,186,S6_worst_case_no_intervention,indonesia,USDC
292,0.6681286175968623,37581928192.38914,186,S6_worst_case_no_intervention,indonesia,USDC
293,0.6837896774877926,36642379987.57941,186,S6_worst_case_no_intervention,indonesia,USDC
294,0.6956244155559922,35726320487.88992,186,S6_worst_case_no_intervention,indonesia,USDC
295,0.7022800878558241,34833162475.69267,186,S6_worst_case_no_intervention,indonesia,USDC
296,0.7184261866480419,33962333413.80036,186,S6_worst_case_no_intervention,indonesia,USDC
297,0.729594360705037,33113275078.45535,186,S6_worst_case_no_intervention,indonesia,USDC
298,0.755312330637251,32285443201.493965,186,S6_worst_case_no_intervention,indonesia,USDC
299,0.7456962184936636,31478307121.45662,186,S6_worst_case_no_intervention,indonesia,USDC
300,0.7567563719834896,30691349443.4202,186,S6_worst_case_no_intervention,indonesia,USDC
301,0.7695610491906442,29924065707.334698,186,S6_worst_case_no_intervention,indonesia,USDC
302,0.7575898591051308,29175964064.65133,186,S6_worst_case_no_intervention,indonesia,USDC
303,0.7712042235389294,28446564963.035046,186,S6_worst_case_no_intervention,indonesia,USDC
304,0.7586870327725451,27735400838.95917,186,S6_worst_case_no_intervention,indonesia,USDC
305,0.7856640417069432,27042015817.98519,186,S6_worst_case_no_intervention,indonesia,USDC
306,0.7762475157300409,26365965422.53556,186,S6_worst_case_no_intervention,indonesia,USDC
307,0.7710167126797481,25706816286.972176,186,S6_worst_case_no_intervention,indonesia,USDC
308,0.7578733274896945,25064145879.79787,186,S6_worst_case_no_intervention,indonesia,USDC
309,0.7561108006394979,24437542232.802925,186,S6_worst_case_no_intervention,indonesia,USDC
310,0.745842994894773,23826603676.982853,186,S6_worst_case_no_intervention,indonesia,USDC
311,0.7449748025277559,23230938585.05828,186,S6_worst_case_no_intervention,indonesia,USDC
312,0.723707938584842,22650165120.431824,186,S6_worst_case_no_intervention,indonesia,USDC
313,0.7155836860943198,22083910992.42103,186,S6_worst_case_no_intervention,indonesia,USDC
314,0.7257714875620496,21531813217.6105,186,S6_worst_case_no_intervention,indonesia,USDC
315,0.7286491512481265,20993517887.17024,186,S6_worst_case_no_intervention,indonesia,USDC
316,0.7224278089905076,20468679939.990982,186,S6_worst_case_no_intervention,indonesia,USDC
317,0.7056835981301096,19956962941.491207,186,S6_worst_case_no_intervention,indonesia,USDC
318,0.6953545729249205,19458038867.953926,186,S6_worst_case_no_intervention,indonesia,USDC
319,0.7118120922852896,18971587896.255077,186,S6_worst_case_no_intervention,indonesia,USDC
320,0.7085270584937915,18497298198.8487,186,S6_worst_case_no_intervention,indonesia,USDC
321,0.7190389271190135,18034865743.877483,186,S6_worst_case_no_intervention,indonesia,USDC
322,0.7166346534245286,17583994100.280544,186,S6_worst_case_no_intervention,indonesia,USDC
323,0.7434182052245085,17144394247.773533,186,S6_worst_case_no_intervention,indonesia,USDC
324,0.7493389922537237,16715784391.579195,186,S6_worst_case_no_intervention,indonesia,USDC
325,0.7518058214084545,16297889781.789715,186,S6_worst_case_no_intervention,indonesia,USDC
326,0.7432539692425383,15890442537.244972,186,S6_worst_case_no_intervention,indonesia,USDC
327,0.7566332539880694,15493181473.813847,186,S6_worst_case_no_intervention,indonesia,USDC
328,0.7487456358131894,15105851936.968502,186,S6_worst_case_no_intervention,indonesia,USDC
329,0.7659225439222305,14728205638.54429,186,S6_worst_case_no_intervention,indonesia,USDC
330,0.6650189235752921,14360000497.58068,186,S6_worst_case_no_intervention,indonesia,USDC
331,0.6914269715313583,14001000485.141165,186,S6_worst_case_no_intervention,indonesia,USDC
332,0.6983140125116707,13650975473.012634,186,S6_worst_case_no_intervention,indonesia,USDC
333,0.6997619272525502,13309701086.18732,186,S6_worst_case_no_intervention,indonesia,USDC
334,0.70434127475667,12976958559.032637,186,S6_worst_case_no_intervention,indonesia,USDC
335,0.7308584651222698,12652534595.05682,186,S6_worst_case_no_intervention,indonesia,USDC
336,0.7158705078302593,12336221230.180399,186,S6_worst_case_no_intervention,indonesia,USDC
337,0.72584819954967,12027815699.425888,186,S6_worst_case_no_intervention,indonesia,USDC
338,0.7482663962714344,11727120306.940243,186,S6_worst_case_no_intervention,indonesia,USDC
339,0.7262754515511112,11433942299.266735,186,S6_worst_case_no_intervention,indonesia,USDC
340,0.7554128832335041,11148093741.785067,186,S6_worst_case_no_intervention,indonesia,USDC
341,0.7778999098911141,10869391398.24044,186,S6_worst_case_no_intervention,indonesia,USDC
342,0.785872513136374,10597656613.28443,186,S6_worst_case_no_intervention,indonesia,USDC
343,0.7907237562541714,10332715197.952318,186,S6_worst_case_no_intervention,indonesia,USDC
344,0.7747836301336377,10074397318.00351,186,S6_worst_case_no_intervention,indonesia,USDC
345,0.7991155324505338,9822537385.053421,186,S6_worst_case_no_intervention,indonesia,USDC
346,0.807540358435001,9576973950.427086,186,S6_worst_case_no_intervention,indonesia,USDC
347,0.7922221086112312,9337549601.666409,186,S6_worst_case_no_intervention,indonesia,USDC
348,0.7977965580958242,9104110861.62475,186,S6_worst_case_no_intervention,indonesia,USDC
349,0.7976353626716371,8876508090.08413,186,S6_worst_case_no_intervention,indonesia,USDC
350,0.7973298760613036,8654595387.832027,186,S6_worst_case_no_intervention,indonesia,USDC
351,0.797645897939842,8438230503.136227,186,S6_worst_case_no_intervention,indonesia,USDC
352,0.8368545889528038,8227274740.557821,186,S6_worst_case_no_intervention,indonesia,USDC
353,0.8527044860380537,8021592872.043876,186,S6_worst_case_no_intervention,indonesia,USDC
354,0.8327814239064675,7821053050.242779,186,S6_worst_case_no_intervention,indonesia,USDC
355,0.8400586338518812,7625526723.986709,186,S6_worst_case_no_intervention,indonesia,USDC
356,0.7234068102790042,7434888555.887041,186,S6_worst_case_no_intervention,indonesia,USDC
357,0.7417623191520321,7249016341.989866,186,S6_worst_case_no_intervention,indonesia,USDC
358,0.7763664472365018,7067790933.440119,186,S6_worst_case_no_intervention,indonesia,USDC
359,0.7818054018348042,6891096160.1041155,186,S6_worst_case_no_intervention,indonesia,USDC
360,0.7711228737460861,6718818756.101513,186,S6_worst_case_no_intervention,indonesia,USDC
361,0.7728592763775168,6550848287.198975,186,S6_worst_case_no_intervention,indonesia,USDC
362,0.7703738084488223,6387077080.019,186,S6_worst_case_no_intervention,indonesia,USDC
363,0.7868841658543335,6227400153.018525,186,S6_worst_case_no_intervention,indonesia,USDC
364,0.7916925433788075,6071715149.193062,186,S6_worst_case_no_intervention,indonesia,USDC
365,0.8024655320412215,5919922270.463236,186,S6_worst_case_no_intervention,indonesia,USDC
366,0.7943046496900004,5771924213.701654,186,S6_worst_case_no_intervention,indonesia,USDC
367,0.79488399861347,5627626108.359114,186,S6_worst_case_no_intervention,indonesia,USDC
368,0.8021883771574411,5486935455.650135,186,S6_worst_case_no_intervention,indonesia,USDC
369,0.8019354547179178,5349762069.258882,186,S6_worst_case_no_intervention,indonesia,USDC
370,0.8022552640385492,5216018017.52741,186,S6_worst_case_no_intervention,indonesia,USDC
371,0.7975664706960236,5085617567.089224,186,S6_worst_case_no_intervention,indonesia,USDC
372,0.7811890023524276,4958477127.911994,186,S6_worst_case_no_intervention,indonesia,USDC
373,0.7859628168794116,4834515199.714193,186,S6_worst_case_no_intervention,indonesia,USDC
374,0.8021158125105428,4713652319.721339,186,S6_worst_case_no_intervention,indonesia,USDC
375,0.8329956838402532,4595811011.728306,186,S6_worst_case_no_intervention,indonesia,USDC
376,0.8246047468103516,4480915736.435098,186,S6_worst_case_no_intervention,indonesia,USDC
377,0.80374351063359,4368892843.0242195,186,S6_worst_case_no_intervention,indonesia,USDC
378,0.7980673639443807,4259670521.948615,186,S6_worst_case_no_intervention,indonesia,USDC
379,0.8285262764611881,4153178758.8998995,186,S6_worst_case_no_intervention,indonesia,USDC
380,0.8458774519864746,4049349289.9274025,186,S6_worst_case_no_intervention,indonesia,USDC
381,0.8701941916463034,3948115557.6792173,186,S6_worst_case_no_intervention,indonesia,USDC
382,0.8995838083762852,3849412668.737237,186,S6_worst_case_no_intervention,indonesia,USDC
383,0.8823893278447212,3753177352.0188055,186,S6_worst_case_no_intervention,indonesia,USDC
384,0.8700046324242082,3659347918.218335,186,S6_worst_case_no_intervention,indonesia,USDC
385,0.8703120666084083,3567864220.2628775,186,S6_worst_case_no_intervention,indonesia,USDC
386,0.8697548681545662,3478667614.7563047,186,S6_worst_case_no_intervention,indonesia,USDC
387,0.8656062095790273,3391700924.387398,186,S6_worst_case_no_intervention,indonesia,USDC
388,0.8738371020527902,3306908401.277713,186,S6_worst_case_no_intervention,indonesia,USDC
389,0.8612185510870851,3224235691.2457695,186,S6_worst_case_no_intervention,indonesia,USDC
390,0.8519545846863458,3143629798.9646254,186,S6_worst_case_no_intervention,indonesia,USDC
391,0.8308944425211964,3065039053.99051,186,S6_worst_case_no_intervention,indonesia,USDC
392,0.848517187682456,2988413077.640747,186,S6_worst_case_no_intervention,indonesia,USDC
393,0.8604886207147191,2913702750.699728,186,S6_worst_case_no_intervention,indonesia,USDC
394,0.8555576989471491,2840860181.9322352,186,S6_worst_case_no_intervention,indonesia,USDC
395,0.824466796113679,2769838677.3839293,186,S6_worst_case_no_intervention,indonesia,USDC
396,0.8372772216433089,2700592710.4493313,186,S6_worst_case_no_intervention,indonesia,USDC
397,0.8430643026179919,2633077892.688098,186,S6_worst_case_no_intervention,indonesia,USDC
398,0.8550149931930312,2567250945.3708954,186,S6_worst_case_no_intervention,indonesia,USDC
399,0.8475753242993135,2503069671.736623,186,S6_worst_case_no_intervention,indonesia,USDC
400,0.8685731174512714,2440492929.9432073,186,S6_worst_case_no_intervention,indonesia,USDC
401,0.8142935183179836,2379480606.6946273,186,S6_worst_case_no_intervention,indonesia,USDC
402,0.8045587427597096,2319993591.5272617,186,S6_worst_case_no_intervention,indonesia,USDC
403,0.8223589615797999,2261993751.73908,186,S6_worst_case_no_intervention,indonesia,USDC
404,0.8470216207000735,2205443907.945603,186,S6_worst_case_no_intervention,indonesia,USDC
405,0.840841470643295,2150307810.246963,186,S6_worst_case_no_intervention,indonesia,USDC
406,0.8354684678937861,2096550114.990789,186,S6_worst_case_no_intervention,indonesia,USDC
407,0.8269849691761234,2044136362.1160192,186,S6_worst_case_no_intervention,indonesia,USDC
408,0.8291182597326323,1993032953.0631187,186,S6_worst_case_no_intervention,indonesia,USDC
409,0.8409455523557325,1943207129.2365408,186,S6_worst_case_no_intervention,indonesia,USDC
410,0.8264923449100084,1894626951.0056272,186,S6_worst_case_no_intervention,indonesia,USDC
411,0.8048992934076111,1847261277.2304866,186,S6_worst_case_no_intervention,indonesia,USDC
412,0.8155542547233519,1801079745.2997246,186,S6_worst_case_no_intervention,indonesia,USDC
413,0.8119928536827703,1756052751.6672316,186,S6_worst_case_no_intervention,indonesia,USDC
414,0.8283584002696027,1712151432.8755503,186,S6_worst_case_no_intervention,indonesia,USDC
415,0.8430471175260208,1669347647.0536616,186,S6_worst_case_no_intervention,indonesia,USDC
416,0.8419347590827363,1627613955.8773203,186,S6_worst_case_no_intervention,indonesia,USDC
417,0.8582041937740922,1586923606.9803872,186,S6_worst_case_no_intervention,indonesia,USDC
418,0.8572857514589279,1547250516.8058774,186,S6_worst_case_no_intervention,indonesia,USDC
419,0.8947437230521008,1508569253.8857305,186,S6_worst_case_no_intervention,indonesia,USDC
420,0.8667165762591871,1470855022.538587,186,S6_worst_case_no_intervention,indonesia,USDC
421,0.8449350893071926,1434083646.9751225,186,S6_worst_case_no_intervention,indonesia,USDC
422,0.875951414914897,1398231555.8007445,186,S6_worst_case_no_intervention,indonesia,USDC
423,0.8508538349101782,1363275766.905726,186,S6_worst_case_no_intervention,indonesia,USDC
424,0.8694887578190305,1329193872.7330828,186,S6_worst_case_no_intervention,indonesia,USDC
425,0.8552533586744148,1295964025.9147556,186,S6_worst_case_no_intervention,indonesia,USDC
426,0.862773380220037,1263564925.2668867,186,S6_worst_case_no_intervention,indonesia,USDC
427,0.8461865757284266,1231975802.1352146,186,S6_worst_case_no_intervention,indonesia,USDC
428,0.8714121049870549,1201176407.081834,186,S6_worst_case_no_intervention,indonesia,USDC
429,0.8578427273451105,1171146996.9047883,186,S6_worst_case_no_intervention,indonesia,USDC
430,0.8646390411567333,1141868321.9821684,186,S6_worst_case_no_intervention,indonesia,USDC
431,0.8902042945637099,1113321613.9326143,186,S6_worst_case_no_intervention,indonesia,USDC
432,0.9162407431202898,1085488573.584299,186,S6_worst_case_no_intervention,indonesia,USDC
433,0.8903020527700722,1058351359.2446914,186,S6_worst_case_no_intervention,indonesia,USDC
434,0.8916869616231398,1031892575.2635742,186,S6_worst_case_no_intervention,indonesia,USDC
435,0.8869403831992864,1006095260.8819848,186,S6_worst_case_no_intervention,indonesia,USDC
436,0.8783229989572638,980942879.3599353,186,S6_worst_case_no_intervention,indonesia,USDC
437,0.858437938376889,956419307.3759367,186,S6_worst_case_no_intervention,indonesia,USDC
438,0.8507992997902715,932508824.6915383,186,S6_worst_case_no_intervention,indonesia,USDC
439,0.8444492553350541,909196104.07425,186,S6_worst_case_no_intervention,indonesia,USDC
440,0.8344309803707527,886466201.4723936,186,S6_worst_case_no_intervention,indonesia,USDC
441,0.857521195223286,864304546.435584,186,S6_worst_case_no_intervention,indonesia,USDC
442,0.8393573257959428,842696932.7746942,186,S6_worst_case_no_intervention,indonesia,USDC
443,0.8303266199737344,821629509.4553269,186,S6_worst_case_no_intervention,indonesia,USDC
444,0.839116750508861,801088771.7189437,186,S6_worst_case_no_intervention,indonesia,USDC
445,0.843355944997388,781061552.4259701,186,S6_worst_case_no_intervention,indonesia,USDC
446,0.8294670202720748,761535013.6153209,186,S6_worst_case_no_intervention,indonesia,USDC
447,0.8003301658755553,742496638.2749379,186,S6_worst_case_no_intervention,indonesia,USDC
448,0.8023766061412594,723934222.3180645,186,S6_worst_case_no_intervention,indonesia,USDC
449,0.8091439801732425,705835866.7601128,186,S6_worst_case_no_intervention,indonesia,USDC
450,0.821604720699569,688189970.09111,186,S6_worst_case_no_intervention,indonesia,USDC
451,0.7976612270305485,670985220.8388323,186,S6_worst_case_no_intervention,indonesia,USDC
452,0.8135263699038559,654210590.3178614,186,S6_worst_case_no_intervention,indonesia,USDC
453,0.7820883512992547,637855325.5599148,186,S6_worst_case_no_intervention,indonesia,USDC
454,0.7371478498991276,621908942.420917,186,S6_worst_case_no_intervention,indonesia,USDC
455,0.7295690178577244,606361218.8603941,186,S6_worst_case_no_intervention,indonesia,USDC
456,0.7474796042429775,591202188.3888843,186,S6_worst_case_no_intervention,indonesia,USDC
457,0.7788918878559347,576422133.6791623,186,S6_worst_case_no_intervention,indonesia,USDC
458,0.7528283660724511,562011580.3371831,186,S6_worst_case_no_intervention,indonesia,USDC
459,0.7736120239608961,547961290.8287535,186,S6_worst_case_no_intervention,indonesia,USDC
460,0.7809564279914992,534262258.5580347,186,S6_worst_case_no_intervention,indonesia,USDC
461,0.7750644067135511,520905702.0940838,186,S6_worst_case_no_intervention,indonesia,USDC
462,0.7720773207722712,507883059.5417317,186,S6_worst_case_no_intervention,indonesia,USDC
463,0.7797341110376571,495185983.05318844,186,S6_worst_case_no_intervention,indonesia,USDC
464,0.7816279648912655,482806333.47685874,186,S6_worst_case_no_intervention,indonesia,USDC
465,0.7945452254463804,470736175.13993716,186,S6_worst_case_no_intervention,indonesia,USDC
466,0.8024511570591507,458967770.76143885,186,S6_worst_case_no_intervention,indonesia,USDC
467,0.7847943025386035,447493576.49240285,186,S6_worst_case_no_intervention,indonesia,USDC
468,0.7853804968042926,436306237.0800927,186,S6_worst_case_no_intervention,indonesia,USDC
469,0.7735204327204149,425398581.1530905,186,S6_worst_case_no_intervention,indonesia,USDC
470,0.776171205987966,414763616.62426317,186,S6_worst_case_no_intervention,indonesia,USDC
471,0.7868166096625475,404394526.20865655,186,S6_worst_case_no_intervention,indonesia,USDC
472,0.7662381759107214,394284663.05344015,186,S6_worst_case_no_intervention,indonesia,USDC
473,0.7702589212058465,384427546.4771041,186,S6_worst_case_no_intervention,indonesia,USDC
474,0.7916211249245108,374816857.81517655,186,S6_worst_case_no_intervention,indonesia,USDC
475,0.8008090858226139,365446436.36979717,186,S6_worst_case_no_intervention,indonesia,USDC
476,0.7937889033944228,356310275.4605522,186,S6_worst_case_no_intervention,indonesia,USDC
477,0.7921501741458535,347402518.5740384,186,S6_worst_case_no_intervention,indonesia,USDC
478,0.8087210452639149,338717455.60968745,186,S6_worst_case_no_intervention,indonesia,USDC
479,0.8050078532532239,330249519.2194452,186,S6_worst_case_no_intervention,indonesia,USDC
480,0.788758589891692,321993281.23895913,186,S6_worst_case_no_intervention,indonesia,USDC
481,0.7774159574682644,313943449.20798516,186,S6_worst_case_no_intervention,indonesia,USDC
482,0.7817080223476068,306094862.9777855,186,S6_worst_case_no_intervention,indonesia,USDC
483,0.7695696767313778,298442491.4033409,186,S6_worst_case_no_intervention,indonesia,USDC
484,0.7898615394100093,290981429.11825734,186,S6_worst_case_no_intervention,indonesia,USDC
485,0.7706913403097437,283706893.3903009,186,S6_worst_case_no_intervention,indonesia,USDC
486,0.7922479660945992,276614221.0555434,186,S6_worst_case_no_intervention,indonesia,USDC
487,0.7906553450852991,269698865.52915484,186,S6_worst_case_no_intervention,indonesia,USDC
488,0.781451853606227,262956393.89092594,186,S6_worst_case_no_intervention,indonesia,USDC
489,0.775879261065642,256382484.0436528,186,S6_worst_case_no_intervention,indonesia,USDC
490,0.7944701162704555,249972921.9425615,186,S6_worst_case_no_intervention,indonesia,USDC
491,0.8065721150455887,243723598.89399746,186,S6_worst_case_no_intervention,indonesia,USDC
492,0.8398188857991119,237630508.92164752,186,S6_worst_case_no_intervention,indonesia,USDC
493,0.8132465060778,231689746.1986063,186,S6_worst_case_no_intervention,indonesia,USDC
494,0.7911333189212224,225897502.54364118,186,S6_worst_case_no_intervention,indonesia,USDC
495,0.7828514511863877,220250064.98005012,186,S6_worst_case_no_intervention,indonesia,USDC
496,0.6531465719973758,214743813.35554892,186,S6_worst_case_no_intervention,indonesia,USDC
497,0.6671805355069012,209375218.02166015,186,S6_worst_case_no_intervention,indonesia,USDC
498,0.6708975448941621,204140837.57111868,186,S6_worst_case_no_intervention,indonesia,USDC
499,0.6906872816045986,199037316.6318407,186,S6_worst_case_no_intervention,indonesia,USDC
500,0.7089687497474858,194061383.71604466,186,S6_worst_case_no_intervention,indonesia,USDC
501,0.7264982944568319,189209849.12314355,186,S6_worst_case_no_intervention,indonesia,USDC
502,0.7372902692662979,184479602.89506498,186,S6_worst_case_no_intervention,indonesia,USDC
503,0.745894920944382,179867612.82268834,186,S6_worst_case_no_intervention,indonesia,USDC
504,0.7417111437035722,175370922.50212115,186,S6_worst_case_no_intervention,indonesia,USDC
505,0.7529663654616905,170986649.4395681,186,S6_worst_case_no_intervention,indonesia,USDC
506,0.7762558845751507,166711983.2035789,186,S6_worst_case_no_intervention,indonesia,USDC
507,0.7625367458628042,162544183.62348944,186,S6_worst_case_no_intervention,indonesia,USDC
508,0.7599414592571084,158480579.03290218,186,S6_worst_case_no_intervention,indonesia,USDC
509,0.7525644005344662,154518564.55707964,186,S6_worst_case_no_intervention,indonesia,USDC
510,0.7219164117040665,150655600.44315267,186,S6_worst_case_no_intervention,indonesia,USDC
511,0.6996254825827692,146889210.43207383,186,S6_worst_case_no_intervention,indonesia,USDC
512,0.7106167469365318,143216980.17127198,186,S6_worst_case_no_intervention,indonesia,USDC
513,0.7360873561755291,139636555.6669902,186,S6_worst_case_no_intervention,indonesia,USDC
514,0.7329345667089543,136145641.77531546,186,S6_worst_case_no_intervention,indonesia,USDC
515,0.7577151259574423,132742000.73093255,186,S6_worst_case_no_intervention,indonesia,USDC
516,0.7552981367319062,129423450.71265924,186,S6_worst_case_no_intervention,indonesia,USDC
517,0.7632070949388435,126187864.44484276,186,S6_worst_case_no_intervention,indonesia,USDC
518,0.8002129264254086,123033167.8337217,186,S6_worst_case_no_intervention,indonesia,USDC
519,0.8257344270815041,119957338.63787866,186,S6_worst_case_no_intervention,indonesia,USDC
520,0.8212218661757145,116958405.17193168,186,S6_worst_case_no_intervention,indonesia,USDC
521,0.829068763194615,114034445.04263338,186,S6_worst_case_no_intervention,indonesia,USDC
522,0.8324347552876405,111183583.91656755,186,S6_worst_case_no_intervention,indonesia,USDC
523,0.8490147515965091,108403994.31865337,186,S6_worst_case_no_intervention,indonesia,USDC
524,0.861951946247226,105693894.46068704,186,S6_worst_case_no_intervention,indonesia,USDC
525,0.8661282307919068,103051547.09916985,186,S6_worst_case_no_intervention,indonesia,USDC
526,0.835577156792165,100475258.42169061,186,S6_worst_case_no_intervention,indonesia,USDC
527,0.8460142941664163,97963376.96114835,186,S6_worst_case_no_intervention,indonesia,USDC
528,0.8692139010531662,95514292.53711963,186,S6_worst_case_no_intervention,indonesia,USDC
529,0.8591842217365261,93126435.22369164,186,S6_worst_case_no_intervention,indonesia,USDC
530,0.8438063391180217,90798274.34309936,186,S6_worst_case_no_intervention,indonesia,USDC
531,0.8399057026988639,88528317.48452187,186,S6_worst_case_no_intervention,indonesia,USDC
532,0.8335398591244118,86315109.54740882,186,S6_worst_case_no_intervention,indonesia,USDC
533,0.8337709713132696,84157231.8087236,186,S6_worst_case_no_intervention,indonesia,USDC
534,0.8210176680466602,82053301.0135055,186,S6_worst_case_no_intervention,indonesia,USDC
535,0.7930445830837142,80001968.48816785,186,S6_worst_case_no_intervention,indonesia,USDC
536,0.7714504901338025,78001919.27596366,186,S6_worst_case_no_intervention,indonesia,USDC
537,0.7834965753344862,76051871.29406457,186,S6_worst_case_no_intervention,indonesia,USDC
538,0.7701624319348791,74150574.51171295,186,S6_worst_case_no_intervention,indonesia,USDC
539,0.7930645253107768,72296810.14892013,186,S6_worst_case_no_intervention,indonesia,USDC
540,0.812684688130363,70489389.89519712,186,S6_worst_case_no_intervention,indonesia,USDC
541,0.8536136486314718,68727155.1478172,186,S6_worst_case_no_intervention,indonesia,USDC
542,0.8412063249759779,67008976.269121766,186,S6_worst_case_no_intervention,indonesia,USDC
543,0.8492780876897098,65333751.86239372,186,S6_worst_case_no_intervention,indonesia,USDC
544,0.8363283795790089,63700408.06583388,186,S6_worst_case_no_intervention,indonesia,USDC
545,0.8194854320492568,62107897.86418804,186,S6_worst_case_no_intervention,indonesia,USDC
546,0.7882514114311041,60555200.41758333,186,S6_worst_case_no_intervention,indonesia,USDC
547,0.78585842795184,59041320.40714374,186,S6_worst_case_no_intervention,indonesia,USDC
548,0.8125314252742487,57565287.39696515,186,S6_worst_case_no_intervention,indonesia,USDC
549,0.825067965426545,56126155.21204103,186,S6_worst_case_no_intervention,indonesia,USDC
550,0.8541903849725988,54723001.33174001,186,S6_worst_case_no_intervention,indonesia,USDC
551,0.8533704904320245,53354926.29844649,186,S6_worst_case_no_intervention,indonesia,USDC
552,0.8420233908216126,52021053.14098534,186,S6_worst_case_no_intervention,indonesia,USDC
553,0.8466788836222751,50720526.812460706,186,S6_worst_case_no_intervention,indonesia,USDC
554,0.8652051057150472,49452513.64214918,186,S6_worst_case_no_intervention,indonesia,USDC
555,0.8396522288414023,48216200.801095456,186,S6_worst_case_no_intervention,indonesia,USDC
556,0.838684225730402,47010795.78106807,186,S6_worst_case_no_intervention,indonesia,USDC
557,0.7140536290990215,45835525.88654137,186,S6_worst_case_no_intervention,indonesia,USDC
558,0.7150601255040794,44689637.739377834,186,S6_worst_case_no_intervention,indonesia,USDC
559,0.7264424293533988,43572396.795893386,186,S6_worst_case_no_intervention,indonesia,USDC
560,0.7405773705617411,42483086.87599605,186,S6_worst_case_no_intervention,indonesia,USDC
561,0.7386929393555299,41421009.704096146,186,S6_worst_case_no_intervention,indonesia,USDC
562,0.722702222935532,40385484.461493745,186,S6_worst_case_no_intervention,indonesia,USDC
563,0.7249486000650878,39375847.3499564,186,S6_worst_case_no_intervention,indonesia,USDC
564,0.7117001469194559,38391451.16620749,186,S6_worst_case_no_intervention,indonesia,USDC
565,0.7027506325250021,37431664.8870523,186,S6_worst_case_no_intervention,indonesia,USDC
566,0.7115702101856592,36495873.26487599,186,S6_worst_case_no_intervention,indonesia,USDC
567,0.7426820338602401,35583476.43325409,186,S6_worst_case_no_intervention,indonesia,USDC
568,0.7618266408971585,34693889.52242274,186,S6_worst_case_no_intervention,indonesia,USDC
569,0.7648370784227722,33826542.28436217,186,S6_worst_case_no_intervention,indonesia,USDC
570,0.7880541641739707,32980878.727253117,186,S6_worst_case_no_intervention,indonesia,USDC
571,0.7686342443175643,32156356.75907179,186,S6_worst_case_no_intervention,indonesia,USDC
572,0.7675923443491107,31352447.840094995,186,S6_worst_case_no_intervention,indonesia,USDC
573,0.7570806716581334,30568636.64409262,186,S6_worst_case_no_intervention,indonesia,USDC
574,0.7751963772590892,29804420.727990307,186,S6_worst_case_no_intervention,indonesia,USDC
575,0.7581806116414463,29059310.20979055,186,S6_worst_case_no_intervention,indonesia,USDC
576,0.7388417851726907,28332827.45454579,186,S6_worst_case_no_intervention,indonesia,USDC
577,0.7323312733434637,27624506.768182144,186,S6_worst_case_no_intervention,indonesia,USDC
578,0.7687093825914697,26933894.098977588,186,S6_worst_case_no_intervention,indonesia,USDC
579,0.7618866195473616,26260546.746503152,186,S6_worst_case_no_intervention,indonesia,USDC
580,0.754056327632206,25604033.077840574,186,S6_worst_case_no_intervention,indonesia,USDC
581,0.7849970426575378,24963932.250894558,186,S6_worst_case_no_intervention,indonesia,USDC
582,0.7922857921996439,24339833.944622193,186,S6_worst_case_no_intervention,indonesia,USDC
583,0.7765424232093084,23731338.09600664,186,S6_worst_case_no_intervention,indonesia,USDC
584,0.7814625772139208,23138054.643606473,186,S6_worst_case_no_intervention,indonesia,USDC
585,0.8247581688657727,22559603.277516313,186,S6_worst_case_no_intervention,indonesia,USDC
586,0.8205334180638171,21995613.195578404,186,S6_worst_case_no_intervention,indonesia,USDC
587,0.7887475020678866,21445722.865688942,186,S6_worst_case_no_intervention,indonesia,USDC
588,0.7234183673046033,20909579.794046722,186,S6_worst_case_no_intervention,indonesia,USDC
589,0.7501545803698574,20386840.29919555,186,S6_worst_case_no_intervention,indonesia,USDC
590,0.7662794460288703,19877169.291715663,186,S6_worst_case_no_intervention,indonesia,USDC
591,0.7589464288856893,19380240.059422772,186,S6_worst_case_no_intervention,indonesia,USDC
592,0.7606338121794433,18895734.057937205,186,S6_worst_case_no_intervention,indonesia,USDC
593,0.7621458013047759,18423340.706488773,186,S6_worst_case_no_intervention,indonesia,USDC
594,0.757080386427929,17962757.188826554,186,S6_worst_case_no_intervention,indonesia,USDC
595,0.7556647081248264,17513688.25910589,186,S6_worst_case_no_intervention,indonesia,USDC
596,0.7524035814372383,17075846.05262824,186,S6_worst_case_no_intervention,indonesia,USDC
597,0.7403548677523843,16648949.901312536,186,S6_worst_case_no_intervention,indonesia,USDC
598,0.7551882796732026,16232726.153779723,186,S6_worst_case_no_intervention,indonesia,USDC
599,0.7575521818642141,15826907.99993523,186,S6_worst_case_no_intervention,indonesia,USDC
600,0.7610375299039712,15431235.29993685,186,S6_worst_case_no_intervention,indonesia,USDC
601,0.7705595580417666,15045454.417438429,186,S6_worst_case_no_intervention,indonesia,USDC
602,0.7448803591084328,14669318.057002468,186,S6_worst_case_no_intervention,indonesia,USDC
603,0.7304486448685108,14302585.105577406,186,S6_worst_case_no_intervention,indonesia,USDC
604,0.7205471783324613,13945020.47793797,186,S6_worst_case_no_intervention,indonesia,USDC
605,0.6914964677443809,13596394.965989519,186,S6_worst_case_no_intervention,indonesia,USDC
606,0.689862674384173,13256485.091839785,186,S6_worst_case_no_intervention,indonesia,USDC
607,0.6991279994455084,12925072.96454379,186,S6_worst_case_no_intervention,indonesia,USDC
608,0.7133243476300146,12601946.140430193,186,S6_worst_case_no_intervention,indonesia,USDC
609,0.7167014021754199,12286897.48691944,186,S6_worst_case_no_intervention,indonesia,USDC
610,0.7354313587334385,11979725.049746454,186,S6_worst_case_no_intervention,indonesia,USDC
611,0.7613008439158934,11680231.923502792,186,S6_worst_case_no_intervention,indonesia,USDC
612,0.7652441449567045,11388226.12541522,186,S6_worst_case_no_intervention,indonesia,USDC
613,0.7656941991479356,11103520.472279841,186,S6_worst_case_no_intervention,indonesia,USDC
614,0.7756736509589262,10825932.460472845,186,S6_worst_case_no_intervention,indonesia,USDC
615,0.7989392024156173,10555284.148961024,186,S6_worst_case_no_intervention,indonesia,USDC
616,0.805981249395618,10291402.045236997,186,S6_worst_case_no_intervention,indonesia,USDC
617,0.8074076392686296,10034116.994106073,186,S6_worst_case_no_intervention,indonesia,USDC
618,0.7976602640929785,9783264.06925342,186,S6_worst_case_no_intervention,indonesia,USDC
619,0.8139852333973484,9538682.467522085,186,S6_worst_case_no_intervention,indonesia,USDC
620,0.7922483576479146,9300215.405834032,186,S6_worst_case_no_intervention,indonesia,USDC
621,0.7752121438006134,9067710.020688182,186,S6_worst_case_no_intervention,indonesia,USDC
622,0.7835747511011338,8841017.270170977,186,S6_worst_case_no_intervention,indonesia,USDC
623,0.7249200671554598,8619991.838416703,186,S6_worst_case_no_intervention,indonesia,USDC
624,0.7375384127083817,8404492.042456286,186,S6_worst_case_no_intervention,indonesia,USDC
625,0.7387489066346693,8194379.741394877,186,S6_worst_case_no_intervention,indonesia,USDC
626,0.7208794630272676,7989520.247860006,186,S6_worst_case_no_intervention,indonesia,USDC
627,0.737655439497907,7789782.241663507,186,S6_worst_case_no_intervention,indonesia,USDC
628,0.7499900919277274,7595037.685621919,186,S6_worst_case_no_intervention,indonesia,USDC
629,0.7624729103596265,7405161.743481372,186,S6_worst_case_no_intervention,indonesia,USDC
630,0.7765643623515076,7220032.699894337,186,S6_worst_case_no_intervention,indonesia,USDC
631,0.7812499237393618,7039531.882396978,186,S6_worst_case_no_intervention,indonesia,USDC
632,0.8053683076441291,6863543.585337054,186,S6_worst_case_no_intervention,indonesia,USDC
633,0.8133301980957631,6691954.995703626,186,S6_worst_case_no_intervention,indonesia,USDC
634,0.8143840257057097,6524656.120811036,186,S6_worst_case_no_intervention,indonesia,USDC
635,0.8002337989816303,6361539.71779076,186,S6_worst_case_no_intervention,indonesia,USDC
636,0.8105675897498736,6202501.2248459915,186,S6_worst_case_no_intervention,indonesia,USDC
637,0.7945981494504191,6047438.694224842,186,S6_worst_case_no_intervention,indonesia,USDC
638,0.7952436901773807,5896252.72686922,186,S6_worst_case_no_intervention,indonesia,USDC
639,0.7790961093119112,5748846.408697491,186,S6_worst_case_no_intervention,indonesia,USDC
640,0.7679626824403779,5605125.248480053,186,S6_worst_case_no_intervention,indonesia,USDC
641,0.7749971061749096,5464997.117268052,186,S6_worst_case_no_intervention,indonesia,USDC
642,0.7681724308434621,5328372.18933635,186,S6_worst_case_no_intervention,indonesia,USDC
643,0.766837970923908,5195162.884602942,186,S6_worst_case_no_intervention,indonesia,USDC
644,0.768090475421095,5065283.812487869,186,S6_worst_case_no_intervention,indonesia,USDC
645,0.7659807974098574,4938651.717175672,186,S6_worst_case_no_intervention,indonesia,USDC
646,0.7949676655614413,4815185.4242462795,186,S6_worst_case_no_intervention,indonesia,USDC
647,0.7826013681769531,4694805.788640123,186,S6_worst_case_no_intervention,indonesia,USDC
648,0.7808181994328072,4577435.64392412,186,S6_worst_case_no_intervention,indonesia,USDC
649,0.7637580385381273,4462999.752826016,186,S6_worst_case_no_intervention,indonesia,USDC
650,0.7870991292949532,4351424.759005366,186,S6_worst_case_no_intervention,indonesia,USDC
651,0.7875870530251956,4242639.140030232,186,S6_worst_case_no_intervention,indonesia,USDC
652,0.7673915898635718,4136573.1615294763,186,S6_worst_case_no_intervention,indonesia,USDC
653,0.777010679701629,4033158.8324912395,186,S6_worst_case_no_intervention,indonesia,USDC
654,0.7875862163872119,3932329.861678958,186,S6_worst_case_no_intervention,indonesia,USDC
655,0.8130797119708555,3834021.6151369847,186,S6_worst_case_no_intervention,indonesia,USDC
656,0.805807747314103,3738171.0747585595,186,S6_worst_case_no_intervention,indonesia,USDC
657,0.8107107915094383,3644716.797889596,186,S6_worst_case_no_intervention,indonesia,USDC
658,0.8053093373786703,3553598.8779423563,186,S6_worst_case_no_intervention,indonesia,USDC
659,0.8139758033955355,3464758.905993797,186,S6_worst_case_no_intervention,indonesia,USDC
660,0.7983169478515229,3378139.9333439525,186,S6_worst_case_no_intervention,indonesia,USDC
661,0.7826342425506052,3293686.4350103536,186,S6_worst_case_no_intervention,indonesia,USDC
662,0.7630420633073357,3211344.2741350946,186,S6_worst_case_no_intervention,indonesia,USDC
663,0.7661786933075067,3131060.667281717,186,S6_worst_case_no_intervention,indonesia,USDC
664,0.784661312418389,3052784.1505996743,186,S6_worst_case_no_intervention,indonesia,USDC
665,0.7851731515869935,2976464.546834682,186,S6_worst_case_no_intervention,indonesia,USDC
666,0.779546232886771,2902052.933163815,186,S6_worst_case_no_intervention,indonesia,USDC
667,0.7654471082936896,2829501.60983472,186,S6_worst_case_no_intervention,indonesia,USDC
668,0.76338260269479,2758764.069588852,186,S6_worst_case_no_intervention,indonesia,USDC
669,0.742780399496304,2689794.9678491307,186,S6_worst_case_no_intervention,indonesia,USDC
670,0.7429699252859568,2622550.093652902,186,S6_worst_case_no_intervention,indonesia,USDC
671,0.7469258322522604,2556986.3413115796,186,S6_worst_case_no_intervention,indonesia,USDC
672,0.7523534722585072,2493061.6827787906,186,S6_worst_case_no_intervention,indonesia,USDC
673,0.7382154299606831,2430735.1407093205,186,S6_worst_case_no_intervention,indonesia,USDC
674,0.7135443221590956,2369966.762191587,186,S6_worst_case_no_intervention,indonesia,USDC
675,0.7132196403820166,2310717.5931367977,186,S6_worst_case_no_intervention,indonesia,USDC
676,0.7223563589626153,2252949.6533083776,186,S6_worst_case_no_intervention,indonesia,USDC
677,0.7218548653366471,2196625.9119756683,186,S6_worst_case_no_intervention,indonesia,USDC
678,0.733955686828674,2141710.2641762765,186,S6_worst_case_no_intervention,indonesia,USDC
679,0.7105529554662482,2088167.5075718698,186,S6_worst_case_no_intervention,indonesia,USDC
680,0.7433482493625602,2035963.3198825729,186,S6_worst_case_no_intervention,indonesia,USDC
681,0.7306082693286176,1985064.2368855085,186,S6_worst_case_no_intervention,indonesia,USDC
682,0.7512107404180177,1935437.630963371,186,S6_worst_case_no_intervention,indonesia,USDC
683,0.7660377143841559,1887051.6901892866,186,S6_worst_case_no_intervention,indonesia,USDC
684,0.7853981197104976,1839875.3979345546,186,S6_worst_case_no_intervention,indonesia,USDC
685,0.773461575150458,1793878.5129861906,186,S6_worst_case_no_intervention,indonesia,USDC
686,0.7492120501994503,1749031.5501615356,186,S6_worst_case_no_intervention,indonesia,USDC
687,0.7478819301086084,1705305.7614074973,186,S6_worst_case_no_intervention,indonesia,USDC
688,0.7670155162101462,1662673.11737231,186,S6_worst_case_no_intervention,indonesia,USDC
689,0.7551236638314652,1621106.2894380023,186,S6_worst_case_no_intervention,indonesia,USDC
690,0.7418697653066195,1580578.6322020523,186,S6_worst_case_no_intervention,indonesia,USDC
691,0.7673474289546458,1541064.166397001,186,S6_worst_case_no_intervention,indonesia,USDC
692,0.78450719130873,1502537.562237076,186,S6_worst_case_no_intervention,indonesia,USDC
693,0.7984679251364108,1464974.1231811491,186,S6_worst_case_no_intervention,indonesia,USDC
694,0.7819856851597722,1428349.7701016204,186,S6_worst_case_no_intervention,indonesia,USDC
695,0.7605218943010253,1392641.0258490797,186,S6_worst_case_no_intervention,indonesia,USDC
696,0.7788590024167633,1357825.0002028528,186,S6_worst_case_no_intervention,indonesia,USDC
697,0.7767644559822547,1323879.3751977817,186,S6_worst_case_no_intervention,indonesia,USDC
698,0.773710582346522,1290782.390817837,186,S6_worst_case_no_intervention,indonesia,USDC
699,0.7539728036213392,1258512.831047391,186,S6_worst_case_no_intervention,indonesia,USDC
700,0.7772412615833345,1227050.0102712063,186,S6_worst_case_no_intervention,indonesia,USDC
701,0.789697950310389,1196373.7600144262,186,S6_worst_case_no_intervention,indonesia,USDC
702,0.7945979932030718,1166464.4160140655,186,S6_worst_case_no_intervention,indonesia,USDC
703,0.8065875479015366,1137302.8056137138,186,S6_worst_case_no_intervention,indonesia,USDC
704,0.8317491424769831,1108870.235473371,186,S6_worst_case_no_intervention,indonesia,USDC
705,0.8148296235021855,1081148.4795865368,186,S6_worst_case_no_intervention,indonesia,USDC
706,0.8194466145782351,1054119.7675968732,186,S6_worst_case_no_intervention,indonesia,USDC
707,0.8137294071496897,1027766.7734069515,186,S6_worst_case_no_intervention,indonesia,USDC
708,0.8404456703694002,1002072.6040717778,186,S6_worst_case_no_intervention,indonesia,USDC
709,0.8413246338198421,977020.7889699833,186,S6_worst_case_no_intervention,indonesia,USDC
710,0.8439953602447143,952595.2692457337,186,S6_worst_case_no_intervention,indonesia,USDC
711,0.8392931594768429,928780.3875145904,186,S6_worst_case_no_intervention,indonesia,USDC
712,0.8551914122406993,905560.8778267256,186,S6_worst_case_no_intervention,indonesia,USDC
713,0.8518059751263833,882921.8558810574,186,S6_worst_case_no_intervention,indonesia,USDC
714,0.8583842023799502,860848.809484031,186,S6_worst_case_no_intervention,indonesia,USDC
715,0.8349180863248659,839327.5892469303,186,S6_worst_case_no_intervention,indonesia,USDC
716,0.8267797437452533,818344.3995157571,186,S6_worst_case_no_intervention,indonesia,USDC
717,0.8194793816565445,797885.789527863,186,S6_worst_case_no_intervention,indonesia,USDC
718,0.812269332569644,777938.6447896666,186,S6_worst_case_no_intervention,indonesia,USDC
719,0.8183612830051021,758490.1786699248,186,S6_worst_case_no_intervention,indonesia,USDC
720,0.8317309224603023,739527.9242031767,186,S6_worst_case_no_intervention,indonesia,USDC
721,0.8322360409176122,721039.7260980974,186,S6_worst_case_no_intervention,indonesia,USDC
722,0.8153303251837316,703013.732945645,186,S6_worst_case_no_intervention,indonesia,USDC
723,0.8142165329056162,685438.3896220038,186,S6_worst_case_no_intervention,indonesia,USDC
724,0.8332765364563299,668302.4298814537,186,S6_worst_case_no_intervention,indonesia,USDC
725,0.8150955710627608,651594.8691344174,186,S6_worst_case_no_intervention,indonesia,USDC
726,0.8150582467920089,635304.9974060568,186,S6_worst_case_no_intervention,indonesia,USDC
727,0.7905873473304841,619422.3724709054,186,S6_worst_case_no_intervention,indonesia,USDC
728,0.8079449167920154,603936.8131591328,186,S6_worst_case_no_intervention,indonesia,USDC
729,0.8259569116930042,588838.3928301545,186,S6_worst_case_no_intervention,indonesia,USDC
730,0.8227471489473558,574117.4330094007,186,S6_worst_case_no_intervention,indonesia,USDC
731,0.8219213769471366,559764.4971841658,186,S6_worst_case_no_intervention,indonesia,USDC
732,0.8115971843467807,545770.3847545616,186,S6_worst_case_no_intervention,indonesia,USDC
733,0.7945098466831347,532126.1251356975,186,S6_worst_case_no_intervention,indonesia,USDC
734,0.8028162780752341,518822.9720073051,186,S6_worst_case_no_intervention,indonesia,USDC
735,0.8355935167707599,505852.3977071225,186,S6_worst_case_no_intervention,indonesia,USDC
736,0.8378556830508723,493206.0877644444,186,S6_worst_case_no_intervention,indonesia,USDC
737,0.8442343448818527,480875.93557033327,186,S6_worst_case_no_intervention,indonesia,USDC
738,0.8669071884548591,468854.03718107496,186,S6_worst_case_no_intervention,indonesia,USDC
739,0.8573081959215509,457132.686251548,186,S6_worst_case_no_intervention,indonesia,USDC
740,0.8276486092386527,445704.36909525935,186,S6_worst_case_no_intervention,indonesia,USDC
741,0.8268534907704829,434561.7598678778,186,S6_worst_case_no_intervention,indonesia,USDC
742,0.8314137306712199,423697.715871181,186,S6_worst_case_no_intervention,indonesia,USDC
743,0.838948845974201,413105.27297440136,186,S6_worst_case_no_intervention,indonesia,USDC
744,0.7989263079888371,402777.64115004137,186,S6_worst_case_no_intervention,indonesia,USDC
745,0.8012570214073358,392708.20012129034,186,S6_worst_case_no_intervention,indonesia,USDC
746,0.7835217059010202,382890.49511825806,186,S6_worst_case_no_intervention,indonesia,USDC
747,0.8002610412930676,373318.23274030164,186,S6_worst_case_no_intervention,indonesia,USDC
748,0.8123274695571561,363985.2769217941,186,S6_worst_case_no_intervention,indonesia,USDC
749,0.7865223624021317,354885.64499874925,186,S6_worst_case_no_intervention,indonesia,USDC
750,0.7718043412440628,346013.5038737805,186,S6_worst_case_no_intervention,indonesia,USDC
751,0.7868694405036002,337363.166276936,186,S6_worst_case_no_intervention,indonesia,USDC
752,0.7758309071289659,328929.0871200126,186,S6_worst_case_no_intervention,indonesia,USDC
753,0.7663609831634822,320705.8599420123,186,S6_worst_case_no_intervention,indonesia,USDC
754,0.7594705965917068,312688.213443462,186,S6_worst_case_no_intervention,indonesia,USDC
755,0.7689118885950084,304871.00810737547,186,S6_worst_case_no_intervention,indonesia,USDC
756,0.7739318227774236,297249.2329046911,186,S6_worst_case_no_intervention,indonesia,USDC
757,0.7613558503506672,289818.0020820738,186,S6_worst_case_no_intervention,indonesia,USDC
758,0.7899187841723943,282572.55203002197,186,S6_worst_case_no_intervention,indonesia,USDC
759,0.7764321825696514,275508.23822927143,186,S6_worst_case_no_intervention,indonesia,USDC
760,0.7609590573861608,268620.53227353963,186,S6_worst_case_no_intervention,indonesia,USDC
761,0.7733496833904173,261905.01896670114,186,S6_worst_case_no_intervention,indonesia,USDC
762,0.7935136853186209,255357.3934925336,186,S6_worst_case_no_intervention,indonesia,USDC
763,0.8138319114766729,248973.45865522028,186,S6_worst_case_no_intervention,indonesia,USDC
764,0.8034561370638815,242749.12218883977,186,S6_worst_case_no_intervention,indonesia,USDC
765,0.7937787045395953,236680.3941341188,186,S6_worst_case_no_intervention,indonesia,USDC
766,0.7978435990765589,230763.38428076578,186,S6_worst_case_no_intervention,indonesia,USDC
767,0.7987523458946761,224994.2996737467,186,S6_worst_case_no_intervention,indonesia,USDC
768,0.7977447210876634,219369.442181903,186,S6_worst_case_no_intervention,indonesia,USDC
769,0.7761448595790755,213885.2061273554,186,S6_worst_case_no_intervention,indonesia,USDC
770,0.7490499776837191,208538.07597417152,186,S6_worst_case_no_intervention,indonesia,USDC
771,0.7873182343087635,203324.62407481723,186,S6_worst_case_no_intervention,indonesia,USDC
772,0.7805994427845053,198241.50847294676,186,S6_worst_case_no_intervention,indonesia,USDC
773,0.7766632935174476,193285.4707611231,186,S6_worst_case_no_intervention,indonesia,USDC
774,0.7629944857095963,188453.33399209502,186,S6_worst_case_no_intervention,indonesia,USDC
775,0.7528155279838438,183742.00064229267,186,S6_worst_case_no_intervention,indonesia,USDC
776,0.7743670440620616,179148.45062623534,186,S6_worst_case_no_intervention,indonesia,USDC
777,0.763962062118858,174669.73936057946,186,S6_worst_case_no_intervention,indonesia,USDC
778,0.7731200382784382,170302.995876565,186,S6_worst_case_no_intervention,indonesia,USDC
779,0.7813649441399098,166045.42097965084,186,S6_worst_case_no_intervention,indonesia,USDC
780,0.7605278636869246,161894.28545515958,186,S6_worst_case_no_intervention,indonesia,USDC
781,0.7481058796123845,157846.92831878058,186,S6_worst_case_no_intervention,indonesia,USDC
782,0.753891969086475,153900.7551108111,186,S6_worst_case_no_intervention,indonesia,USDC
783,0.759396674570381,150053.2362330408,186,S6_worst_case_no_intervention,indonesia,USDC
784,0.7820603227721082,146301.90532721477,186,S6_worst_case_no_intervention,indonesia,USDC
785,0.8204563891557503,142644.3576940344,186,S6_worst_case_no_intervention,indonesia,USDC
786,0.8201060319428531,139078.24875168357,186,S6_worst_case_no_intervention,indonesia,USDC
787,0.8194847648978131,135601.29253289147,186,S6_worst_case_no_intervention,indonesia,USDC
788,0.8268509042958294,132211.26021956917,186,S6_worst_case_no_intervention,indonesia,USDC
789,0.8801427605919881,128905.97871407995,186,S6_worst_case_no_intervention,indonesia,USDC
790,0.8706279660744277,125683.32924622795,186,S6_worst_case_no_intervention,indonesia,USDC
791,0.8636318840379817,122541.24601507225,186,S6_worst_case_no_intervention,indonesia,USDC
792,0.8657388031619522,119477.71486469544,186,S6_worst_case_no_intervention,indonesia,USDC
793,0.8785555644759192,116490.77199307807,186,S6_worst_case_no_intervention,indonesia,USDC
794,0.8678812448273655,113578.50269325112,186,S6_worst_case_no_intervention,indonesia,USDC
795,0.8843330031080063,110739.04012591986,186,S6_worst_case_no_intervention,indonesia,USDC
796,0.9015317997011529,107970.56412277184,186,S6_worst_case_no_intervention,indonesia,USDC
797,0.8717234404378893,105271.30001970255,186,S6_worst_case_no_intervention,indonesia,USDC
798,0.8548210812183797,102639.51751921,186,S6_worst_case_no_intervention,indonesia,USDC
799,0.8824690976296632,100073.52958122976,186,S6_worst_case_no_intervention,indonesia,USDC
800,0.8774470187708805,97571.691341699,186,S6_worst_case_no_intervention,indonesia,USDC
801,0.8731414779384475,95132.39905815652,186,S6_worst_case_no_intervention,indonesia,USDC
802,0.8569653234197081,92754.08908170261,186,S6_worst_case_no_intervention,indonesia,USDC
803,0.8596574605184117,90435.23685466003,186,S6_worst_case_no_intervention,indonesia,USDC
804,0.8892919755579948,88174.35593329354,186,S6_worst_case_no_intervention,indonesia,USDC
805,0.9113020168401178,85969.9970349612,186,S6_worst_case_no_intervention,indonesia,USDC
806,0.8628719573220106,83820.74710908715,186,S6_worst_case_no_intervention,indonesia,USDC
807,0.8338902865297326,81725.22843135998,186,S6_worst_case_no_intervention,indonesia,USDC
808,0.8385526063709982,79682.09772057598,186,S6_worst_case_no_intervention,indonesia,USDC
809,0.8342746825803832,77690.0452775616,186,S6_worst_case_no_intervention,indonesia,USDC
810,0.8138623076365498,75747.79414562255,186,S6_worst_case_no_intervention,indonesia,USDC
811,0.7830922204774099,73854.09929198198,186,S6_worst_case_no_intervention,indonesia,USDC
812,0.7758985148700419,72007.74680968243,186,S6_worst_case_no_intervention,indonesia,USDC
813,0.7485166601208785,70207.55313944037,186,S6_worst_case_no_intervention,indonesia,USDC
814,0.7564926204939286,68452.36431095438,186,S6_worst_case_no_intervention,indonesia,USDC
815,0.7593594461938836,66741.05520318051,186,S6_worst_case_no_intervention,indonesia,USDC
816,0.7529194632736983,65072.52882310099,186,S6_worst_case_no_intervention,indonesia,USDC
817,0.7432657694239511,63445.71560252347,186,S6_worst_case_no_intervention,indonesia,USDC
818,0.7624540439744906,61859.57271246038,186,S6_worst_case_no_intervention,indonesia,USDC
819,0.7741473522381593,60313.08339464887,186,S6_worst_case_no_intervention,indonesia,USDC
820,0.795746821801012,58805.25630978265,186,S6_worst_case_no_intervention,indonesia,USDC
821,0.7950482698267024,57335.12490203808,186,S6_worst_case_no_intervention,indonesia,USDC
822,0.7998686173120311,55901.74677948713,186,S6_worst_case_no_intervention,indonesia,USDC
823,0.8112933630861998,54504.20310999996,186,S6_worst_case_no_intervention,indonesia,USDC
824,0.8132202130815789,53141.59803224996,186,S6_worst_case_no_intervention,indonesia,USDC
825,0.8229752877471858,51813.058081443705,186,S6_worst_case_no_intervention,indonesia,USDC
826,0.8258358734065623,50517.731629407615,186,S6_worst_case_no_intervention,indonesia,USDC
827,0.8454615736706951,49254.78833867243,186,S6_worst_case_no_intervention,indonesia,USDC
828,0.8428023022435925,48023.41863020562,186,S6_worst_case_no_intervention,indonesia,USDC
829,0.8455985725296737,46822.83316445048,186,S6_worst_case_no_intervention,indonesia,USDC
830,0.8213113117096249,45652.26233533921,186,S6_worst_case_no_intervention,indonesia,USDC
831,0.8265353776829418,44510.955776955736,186,S6_worst_case_no_intervention,indonesia,USDC
832,0.8319459368873859,43398.18188253184,186,S6_worst_case_no_intervention,indonesia,USDC
833,0.8591657212918732,42313.227335468546,186,S6_worst_case_no_intervention,indonesia,USDC
834,0.8487880273633606,41255.39665208183,186,S6_worst_case_no_intervention,indonesia,USDC
835,0.8676092208508043,40224.011735779786,186,S6_worst_case_no_intervention,indonesia,USDC
836,0.8481454276090468,39218.41144238529,186,S6_worst_case_no_intervention,indonesia,USDC
837,0.8459775465597774,38237.95115632566,186,S6_worst_case_no_intervention,indonesia,USDC
838,0.8471627589474059,37282.00237741751,186,S6_worst_case_no_intervention,indonesia,USDC
839,0.8608221046769037,36349.952317982075,186,S6_worst_case_no_intervention,indonesia,USDC
840,0.8618253552295095,35441.20351003252,186,S6_worst_case_no_intervention,indonesia,USDC
841,0.8576238608651562,34555.17342228172,186,S6_worst_case_no_intervention,indonesia,USDC
842,0.8753853340380603,33691.29408672467,186,S6_worst_case_no_intervention,indonesia,USDC
843,0.889673096334418,32849.01173455655,186,S6_worst_case_no_intervention,indonesia,USDC
844,0.8743382627347294,32027.786441192642,186,S6_worst_case_no_intervention,indonesia,USDC
845,0.8428554155514286,31227.091780162824,186,S6_worst_case_no_intervention,indonesia,USDC
846,0.846826056234404,30446.41448565875,186,S6_worst_case_no_intervention,indonesia,USDC
847,0.8559707423052634,29685.254123517283,186,S6_worst_case_no_intervention,indonesia,USDC
848,0.8427738993038056,28943.122770429352,186,S6_worst_case_no_intervention,indonesia,USDC
849,0.8582744092742738,28219.544701168623,186,S6_worst_case_no_intervention,indonesia,USDC
850,0.8691178537998351,27514.056083639403,186,S6_worst_case_no_intervention,indonesia,USDC
851,0.8568286165248912,26826.20468154842,186,S6_worst_case_no_intervention,indonesia,USDC
852,0.8417566012018135,26155.54956450971,186,S6_worst_case_no_intervention,indonesia,USDC
853,0.8181468746307241,25501.660825396968,186,S6_worst_case_no_intervention,indonesia,USDC
854,0.7981734131763195,24864.119304762044,186,S6_worst_case_no_intervention,indonesia,USDC
855,0.766810954026517,24242.51632214299,186,S6_worst_case_no_intervention,indonesia,USDC
856,0.7919350123545287,23636.453414089417,186,S6_worst_case_no_intervention,indonesia,USDC
857,0.7956309901124047,23045.542078737184,186,S6_worst_case_no_intervention,indonesia,USDC
858,0.7948800186214222,22469.40352676875,186,S6_worst_case_no_intervention,indonesia,USDC
859,0.7758699353692973,21907.668438599532,186,S6_worst_case_no_intervention,indonesia,USDC
860,0.7601798811944618,21359.976727634545,186,S6_worst_case_no_intervention,indonesia,USDC
861,0.7603695603673231,20825.977309443682,186,S6_worst_case_no_intervention,indonesia,USDC
862,0.7843488673900622,20305.32787670759,186,S6_worst_case_no_intervention,indonesia,USDC
863,0.789361180283687,19797.6946797899,186,S6_worst_case_no_intervention,indonesia,USDC
864,0.8000956229426084,19302.75231279515,186,S6_worst_case_no_intervention,indonesia,USDC
865,0.7936580445823329,18820.183504975274,186,S6_worst_case_no_intervention,indonesia,USDC
866,0.7963043213459979,18349.67891735089,186,S6_worst_case_no_intervention,indonesia,USDC
867,0.7799035930778228,17890.93694441712,186,S6_worst_case_no_intervention,indonesia,USDC
868,0.7499194745018438,17443.663520806695,186,S6_worst_case_no_intervention,indonesia,USDC
869,0.7306431114115977,17007.571932786526,186,S6_worst_case_no_intervention,indonesia,USDC
870,0.7365279110904076,16582.38263446686,186,S6_worst_case_no_intervention,indonesia,USDC
871,0.7533639495520376,16167.82306860519,186,S6_worst_case_no_intervention,indonesia,USDC
872,0.656174739630646,15763.62749189006,186,S6_worst_case_no_intervention,indonesia,USDC
873,0.6533968677775176,15369.536804592808,186,S6_worst_case_no_intervention,indonesia,USDC
874,0.7019458041325684,14985.298384477988,186,S6_worst_case_no_intervention,indonesia,USDC
875,0.6898147190705992,14610.665924866036,186,S6_worst_case_no_intervention,indonesia,USDC
876,0.6849284303368216,14245.399276744385,186,S6_worst_case_no_intervention,indonesia,USDC
877,0.6926274449341809,13889.264294825774,186,S6_worst_case_no_intervention,indonesia,USDC
878,0.675480851741072,13542.032687455132,186,S6_worst_case_no_intervention,indonesia,USDC
879,0.6826100902580395,13203.481870268752,186,S6_worst_case_no_intervention,indonesia,USDC
880,0.6900787118252911,12873.394823512033,186,S6_worst_case_no_intervention,indonesia,USDC
881,0.7038154183907965,12551.559952924232,186,S6_worst_case_no_intervention,indonesia,USDC
882,0.702531242191792,12237.770954101126,186,S6_worst_case_no_intervention,indonesia,USDC
883,0.7155805747879519,11931.8266802486,186,S6_worst_case_no_intervention,indonesia,USDC
884,0.7293413861376715,11633.531013242384,186,S6_worst_case_no_intervention,indonesia,USDC
885,0.7336883917231959,11342.692737911326,186,S6_worst_case_no_intervention,indonesia,USDC
886,0.7426936615472864,11059.12541946354,186,S6_worst_case_no_intervention,indonesia,USDC
887,0.7502635783483129,10782.647283976952,186,S6_worst_case_no_intervention,indonesia,USDC
888,0.7860021051131325,10513.081101877528,186,S6_worst_case_no_intervention,indonesia,USDC
889,0.7821973278174923,10250.25407433059,186,S6_worst_case_no_intervention,indonesia,USDC
890,0.7617254524968632,9993.997722472326,186,S6_worst_case_no_intervention,indonesia,USDC
891,0.7737427061352468,9744.147779410518,186,S6_worst_case_no_intervention,indonesia,USDC
892,0.7631946955936498,9500.544084925255,186,S6_worst_case_no_intervention,indonesia,USDC
893,0.7521030834512861,9263.030482802124,186,S6_worst_case_no_intervention,indonesia,USDC
894,0.7340156062417866,9031.45472073207,186,S6_worst_case_no_intervention,indonesia,USDC
895,0.749201238463804,8805.668352713768,186,S6_worst_case_no_intervention,indonesia,USDC
896,0.7622157723642343,8585.526643895924,186,S6_worst_case_no_intervention,indonesia,USDC
897,0.7823873713932444,8370.888477798526,186,S6_worst_case_no_intervention,indonesia,USDC
898,0.8012799684923244,8161.616265853562,186,S6_worst_case_no_intervention,indonesia,USDC
899,0.8049149284797803,7957.575859207223,186,S6_worst_case_no_intervention,indonesia,USDC
900,0.8250406278896286,7758.636462727042,186,S6_worst_case_no_intervention,indonesia,USDC
901,0.8038163519071839,7564.670551158866,186,S6_worst_case_no_intervention,indonesia,USDC
902,0.8098610562556161,7375.553787379895,186,S6_worst_case_no_intervention,indonesia,USDC
903,0.8172194247559357,7191.164942695397,186,S6_worst_case_no_intervention,indonesia,USDC
904,0.8356836459341946,7011.385819128012,186,S6_worst_case_no_intervention,indonesia,USDC
905,0.8472639809480604,6836.101173649811,186,S6_worst_case_no_intervention,indonesia,USDC
906,0.8151624963226461,6665.198644308566,186,S6_worst_case_no_intervention,indonesia,USDC
907,0.7925825691563204,6498.5686782008515,186,S6_worst_case_no_intervention,indonesia,USDC
908,0.7765517349700858,6336.10446124583,186,S6_worst_case_no_intervention,indonesia,USDC
909,0.7773465066697448,6177.7018497146855,186,S6_worst_case_no_intervention,indonesia,USDC
910,0.7569432321349793,6023.259303471818,186,S6_worst_case_no_intervention,indonesia,USDC
911,0.7863115455666817,5872.677820885023,186,S6_worst_case_no_intervention,indonesia,USDC
912,0.7947199544488284,5725.860875362897,186,S6_worst_case_no_intervention,indonesia,USDC
913,0.8320986576434158,5582.714353478825,186,S6_worst_case_no_intervention,indonesia,USDC
914,0.8183069532210128,5443.146494641854,186,S6_worst_case_no_intervention,indonesia,USDC
915,0.8064349146518606,5307.067832275808,186,S6_worst_case_no_intervention,indonesia,USDC
916,0.833041715394478,5174.391136468912,186,S6_worst_case_no_intervention,indonesia,USDC
917,0.8295100384413474,5045.031358057189,186,S6_worst_case_no_intervention,indonesia,USDC
918,0.8196275809836627,4918.90557410576,186,S6_worst_case_no_intervention,indonesia,USDC
919,0.808314500466646,4795.932934753117,186,S6_worst_case_no_intervention,indonesia,USDC
920,0.8361104384997784,4676.034611384288,186,S6_worst_case_no_intervention,indonesia,USDC
921,0.8458326783304366,4559.13374609968,186,S6_worst_case_no_intervention,indonesia,USDC
922,0.8301019668929721,4445.155402447188,186,S6_worst_case_no_intervention,indonesia,USDC
923,0.8350697531313666,4334.026517386009,186,S6_worst_case_no_intervention,indonesia,USDC
924,0.8331045831109236,4225.675854451359,186,S6_worst_case_no_intervention,indonesia,USDC
925,0.8549823655228763,4120.0339580900745,186,S6_worst_case_no_intervention,indonesia,USDC
926,0.8644714492182305,4017.033109137823,186,S6_worst_case_no_intervention,indonesia,USDC
927,0.8644608200382873,3916.607281409377,186,S6_worst_case_no_intervention,indonesia,USDC
928,0.840379520807511,3818.6920993741423,186,S6_worst_case_no_intervention,indonesia,USDC
929,0.823666136119604,3723.224796889789,186,S6_worst_case_no_intervention,indonesia,USDC
930,0.8069519743414729,3630.144176967544,186,S6_worst_case_no_intervention,indonesia,USDC
931,0.7859868365284441,3539.3905725433556,186,S6_worst_case_no_intervention,indonesia,USDC
932,0.7914106850063416,3450.9058082297715,186,S6_worst_case_no_intervention,indonesia,USDC
933,0.8011559721449067,3364.633163024028,186,S6_worst_case_no_intervention,indonesia,USDC
934,0.8241834872078106,3280.5173339484268,186,S6_worst_case_no_intervention,indonesia,USDC
935,0.8071764927797456,3198.504400599716,186,S6_worst_case_no_intervention,indonesia,USDC
936,0.8009791067269942,3118.5417905847235,186,S6_worst_case_no_intervention,indonesia,USDC
937,0.7834324661962297,3040.578245820105,186,S6_worst_case_no_intervention,indonesia,USDC
938,0.7981587899339615,2964.563789674603,186,S6_worst_case_no_intervention,indonesia,USDC
939,0.7842669065563279,2890.4496949327377,186,S6_worst_case_no_intervention,indonesia,USDC
940,0.7957912966080444,2818.1884525594196,186,S6_worst_case_no_intervention,indonesia,USDC
941,0.7855634122189764,2747.733741245434,186,S6_worst_case_no_intervention,indonesia,USDC
942,0.7871317799943766,2679.0403977142983,186,S6_worst_case_no_intervention,indonesia,USDC
943,0.7794692951645468,2612.0643877714406,186,S6_worst_case_no_intervention,indonesia,USDC
944,0.7905723304843553,2546.7627780771545,186,S6_worst_case_no_intervention,indonesia,USDC
945,0.7579243655900881,2483.0937086252256,186,S6_worst_case_no_intervention,indonesia,USDC
946,0.7448559439519916,2421.016365909595,186,S6_worst_case_no_intervention,indonesia,USDC
947,0.744040245748258,2360.490956761855,186,S6_worst_case_no_intervention,indonesia,USDC
948,0.723673219933909,2301.4786828428087,186,S6_worst_case_no_intervention,indonesia,USDC
949,0.7164655057476106,2243.941715771739,186,S6_worst_case_no_intervention,indonesia,USDC
950,0.7181681941822554,2187.843172877445,186,S6_worst_case_no_intervention,indonesia,USDC
951,0.7216340260656816,2133.147093555509,186,S6_worst_case_no_intervention,indonesia,USDC
952,0.7183535358533798,2079.8184162166217,186,S6_worst_case_no_intervention,indonesia,USDC
953,0.6975941455597777,2027.822955811206,186,S6_worst_case_no_intervention,indonesia,USDC
954,0.7083120312943496,1977.1273819159255,186,S6_worst_case_no_intervention,indonesia,USDC
955,0.7070162748693337,1927.6991973680276,186,S6_worst_case_no_intervention,indonesia,USDC
956,0.7390947129573501,1879.5067174338267,186,S6_worst_case_no_intervention,indonesia,USDC
957,0.7353307428553602,1832.519049497981,186,S6_worst_case_no_intervention,indonesia,USDC
958,0.7312790976984966,1786.7060732605319,186,S6_worst_case_no_intervention,indonesia,USDC
959,0.7353567528775461,1742.0384214290184,186,S6_worst_case_no_intervention,indonesia,USDC
960,0.7657463523905375,1698.4874608932928,186,S6_worst_case_no_intervention,indonesia,USDC
961,0.7802685497537666,1656.0252743709607,186,S6_worst_case_no_intervention,indonesia,USDC
962,0.7699814933784837,1614.6246425116865,186,S6_worst_case_no_intervention,indonesia,USDC
963,0.764206359293871,1574.2590264488945,186,S6_worst_case_no_intervention,indonesia,USDC
964,0.7488999265785385,1534.9025507876722,186,S6_worst_case_no_intervention,indonesia,USDC
965,0.7584325020989403,1496.5299870179801,186,S6_worst_case_no_intervention,indonesia,USDC
966,0.7658145463887156,1459.116737342531,186,S6_worst_case_no_intervention,indonesia,USDC
967,0.764024568955532,1422.6388189089676,186,S6_worst_case_no_intervention,indonesia,USDC
968,0.7473024128017989,1387.0728484362435,186,S6_worst_case_no_intervention,indonesia,USDC
969,0.7636098404935142,1352.3960272253373,186,S6_worst_case_no_intervention,indonesia,USDC
970,0.7551424835287414,1318.5861265447038,186,S6_worst_case_no_intervention,indonesia,USDC
971,0.7475208180223892,1285.6214733810862,186,S6_worst_case_no_intervention,indonesia,USDC
972,0.7653095457169167,1253.4809365465592,186,S6_worst_case_no_intervention,indonesia,USDC
973,0.7680536735953716,1222.143913132895,186,S6_worst_case_no_intervention,indonesia,USDC
974,0.7803577889105019,1191.5903153045729,186,S6_worst_case_no_intervention,indonesia,USDC
975,0.7787066884403417,1161.8005574219585,186,S6_worst_case_no_intervention,indonesia,USDC
976,0.7940061708369498,1132.7555434864094,186,S6_worst_case_no_intervention,indonesia,USDC
977,0.7881083038802529,1104.436654899249,186,S6_worst_case_no_intervention,indonesia,USDC
978,0.8201135694131586,1076.825738526768,186,S6_worst_case_no_intervention,indonesia,USDC
979,0.8254984558282377,1049.9050950635988,186,S6_worst_case_no_intervention,indonesia,USDC
980,0.7983233977798877,1023.6574676870089,186,S6_worst_case_no_intervention,indonesia,USDC
981,0.7851861370322257,998.0660309948337,186,S6_worst_case_no_intervention,indonesia,USDC
982,0.8053046721147299,973.1143802199628,186,S6_worst_case_no_intervention,indonesia,USDC
983,0.7669289836690468,948.7865207144637,186,S6_worst_case_no_intervention,indonesia,USDC
984,0.764119701878365,925.066857696602,186,S6_worst_case_no_intervention,indonesia,USDC
985,0.7646759784498028,901.940186254187,186,S6_worst_case_no_intervention,indonesia,USDC
986,0.7564222526706338,879.3916815978323,186,S6_worst_case_no_intervention,indonesia,USDC
987,0.7640006545915146,857.4068895578866,186,S6_worst_case_no_intervention,indonesia,USDC
988,0.7555333716974066,835.9717173189392,186,S6_worst_case_no_intervention,indonesia,USDC
989,0.76062591328961,815.0724243859659,186,S6_worst_case_no_intervention,indonesia,USDC
990,0.7642810707249861,794.6956137763168,186,S6_worst_case_no_intervention,indonesia,USDC
991,0.7623141536911165,774.8282234319088,186,S6_worst_case_no_intervention,indonesia,USDC
992,0.7790799526222878,755.4575178461112,186,S6_worst_case_no_intervention,indonesia,USDC
993,0.7779650489408058,736.5710798999584,186,S6_worst_case_no_intervention,indonesia,USDC
994,0.7629049145198675,718.1568029024594,186,S6_worst_case_no_intervention,indonesia,USDC
995,0.7707085527731742,700.2028828298978,186,S6_worst_case_no_intervention,indonesia,USDC
996,0.779882872695187,682.6978107591505,186,S6_worst_case_no_intervention,indonesia,USDC
997,0.7851177768982228,665.6303654901716,186,S6_worst_case_no_intervention,indonesia,USDC
998,0.7947852943098684,648.9896063529173,186,S6_worst_case_no_intervention,indonesia,USDC
999,0.7757172196176224,632.7648661940943,186,S6_worst_case_no_intervention,indonesia,USDC
1000,0.7669952729047925,616.945744539242,186,S6_worst_case_no_intervention,indonesia,USDC
