Step,price,liquidity,iteration,scenario,region,coin
1,0.9855336528390755,2989384039439.1147,32,S6_worst_case_no_intervention,indonesia,USDC
2,0.9966729645206505,2989384039439.1147,32,S6_worst_case_no_intervention,indonesia,USDC
3,1.0011778135329032,2989384039439.1147,32,S6_worst_case_no_intervention,indonesia,USDC
4,1.0405840136419857,2989384039439.1147,32,S6_worst_case_no_intervention,indonesia,USDC
5,1.0521704767473017,2989384039439.1147,32,S6_worst_case_no_intervention,indonesia,USDC
6,1.0419394960603237,2989384039439.1147,32,S6_worst_case_no_intervention,indonesia,USDC
7,1.067177894938865,2989384039439.1147,32,S6_worst_case_no_intervention,indonesia,USDC
8,1.0571711393503407,2989384039439.1147,32,S6_worst_case_no_intervention,indonesia,USDC
9,1.0645051611397374,2989384039439.1147,32,S6_worst_case_no_intervention,indonesia,USDC
10,1.082768909072615,2989384039439.1147,32,S6_worst_case_no_intervention,indonesia,USDC
11,1.079850765781099,2989384039439.1147,32,S6_worst_case_no_intervention,indonesia,USDC
12,1.0898579266613848,2989384039439.1147,32,S6_worst_case_no_intervention,indonesia,USDC
13,1.095205803429578,2989384039439.1147,32,S6_worst_case_no_intervention,indonesia,USDC
14,1.0982700322392387,2989384039439.1147,32,S6_worst_case_no_intervention,indonesia,USDC
15,1.0704295776984971,2989384039439.1147,32,S6_worst_case_no_intervention,indonesia,USDC
16,1.0530143784046844,2989384039439.1147,32,S6_worst_case_no_intervention,indonesia,USDC
17,1.0653727694439827,2989384039439.1147,32,S6_worst_case_no_intervention,indonesia,USDC
18,1.0955708992222333,2989384039439.1147,32,S6_worst_case_no_intervention,indonesia,USDC
19,1.063878072844431,2989384039439.1147,32,S6_worst_case_no_intervention,indonesia,USDC
20,1.0608372154851908,2989384039439.1147,32,S6_worst_case_no_intervention,indonesia,USDC
21,1.0435757984465077,2989384039439.1147,32,S6_worst_case_no_intervention,indonesia,USDC
22,1.0333669691161185,2989384039439.1147,32,S6_worst_case_no_intervention,indonesia,USDC
23,1.0259415424090434,2989384039439.1147,32,S6_worst_case_no_intervention,indonesia,USDC
24,1.0554775021808855,2989384039439.1147,32,S6_worst_case_no_intervention,indonesia,USDC
25,1.0372335589709996,2989384039439.1147,32,S6_worst_case_no_intervention,indonesia,USDC
26,1.0342568661980591,2989384039439.1147,32,S6_worst_case_no_intervention,indonesia,USDC
27,1.0414719849688951,2989384039439.1147,32,S6_worst_case_no_intervention,indonesia,USDC
28,1.0186194676735978,2989384039439.1147,32,S6_worst_case_no_intervention,indonesia,USDC
29,1.0434065424871453,2989384039439.1147,32,S6_worst_case_no_intervention,indonesia,USDC
30,1.054251703720585,2989384039439.1147,32,S6_worst_case_no_intervention,indonesia,USDC
31,1.0283342589181632,2989384039439.1147,32,S6_worst_case_no_intervention,indonesia,USDC
32,1.0092284334959754,2989384039439.1147,32,S6_worst_case_no_intervention,indonesia,USDC
33,0.9897692058531585,2989384039439.1147,32,S6_worst_case_no_intervention,indonesia,USDC
34,0.984762848705193,2989384039439.1147,32,S6_worst_case_no_intervention,indonesia,USDC
35,1.0183910056739118,2989384039439.1147,32,S6_worst_case_no_intervention,indonesia,USDC
36,1.020673520543669,2989384039439.1147,32,S6_worst_case_no_intervention,indonesia,USDC
37,1.0097386360800122,2989384039439.1147,32,S6_worst_case_no_intervention,indonesia,USDC
38,1.0028439628255363,2989384039439.1147,32,S6_worst_case_no_intervention,indonesia,USDC
39,1.031189937997438,2989384039439.1147,32,S6_worst_case_no_intervention,indonesia,USDC
40,1.0217080951067548,2989384039439.1147,32,S6_worst_case_no_intervention,indonesia,USDC
41,1.0241527581842016,2989384039439.1147,32,S6_worst_case_no_intervention,indonesia,USDC
42,1.053656458871423,2989384039439.1147,32,S6_worst_case_no_intervention,indonesia,USDC
43,1.0713455592248498,2989384039439.1147,32,S6_worst_case_no_intervention,indonesia,USDC
44,1.0747539216323068,2989384039439.1147,32,S6_worst_case_no_intervention,indonesia,USDC
45,1.0530129871146099,2989384039439.1147,32,S6_worst_case_no_intervention,indonesia,USDC
46,1.0492079384706283,2989384039439.1147,32,S6_worst_case_no_intervention,indonesia,USDC
47,1.052988504291855,2989384039439.1147,32,S6_worst_case_no_intervention,indonesia,USDC
48,1.0556369799235192,2989384039439.1147,32,S6_worst_case_no_intervention,indonesia,USDC
49,1.0257007359898789,2989384039439.1147,32,S6_worst_case_no_intervention,indonesia,USDC
50,1.02401599194002,2989384039439.1147,32,S6_worst_case_no_intervention,indonesia,USDC
51,1.0350793421961502,2989384039439.1147,32,S6_worst_case_no_intervention,indonesia,USDC
52,1.021457894717279,2989384039439.1147,32,S6_worst_case_no_intervention,indonesia,USDC
53,1.026756272563314,2989384039439.1147,32,S6_worst_case_no_intervention,indonesia,USDC
54,1.0412146961979218,2989384039439.1147,32,S6_worst_case_no_intervention,indonesia,USDC
55,1.0445889288613848,2989384039439.1147,32,S6_worst_case_no_intervention,indonesia,USDC
56,1.0514131929140322,2989384039439.1147,32,S6_worst_case_no_intervention,indonesia,USDC
57,0.9983303466674823,2989384039439.1147,32,S6_worst_case_no_intervention,indonesia,USDC
58,1.0090720784870664,2989384039439.1147,32,S6_worst_case_no_intervention,indonesia,USDC
59,1.011129595996318,2989384039439.1147,32,S6_worst_case_no_intervention,indonesia,USDC
60,1.0221450920339867,2989384039439.1147,32,S6_worst_case_no_intervention,indonesia,USDC
61,1.0227439228090074,2989384039439.1147,32,S6_worst_case_no_intervention,indonesia,USDC
62,1.021961265426783,2989384039439.1147,32,S6_worst_case_no_intervention,indonesia,USDC
63,0.9712529359758638,2989384039439.1147,32,S6_worst_case_no_intervention,indonesia,USDC
64,0.9733997886994581,2989384039439.1147,32,S6_worst_case_no_intervention,indonesia,USDC
65,0.9779383337274192,2989384039439.1147,32,S6_worst_case_no_intervention,indonesia,USDC
66,0.9323554178204224,2989384039439.1147,32,S6_worst_case_no_intervention,indonesia,USDC
67,0.9509958352347527,2987105394803.7188,32,S6_worst_case_no_intervention,indonesia,USDC
68,0.9310731689241498,2986082350845.5273,32,S6_worst_case_no_intervention,indonesia,USDC
69,0.8976099007850296,2983959633070.734,32,S6_worst_case_no_intervention,indonesia,USDC
70,0.9127249283337834,2979962096392.4023,32,S6_worst_case_no_intervention,indonesia,USDC
71,0.8900989983395877,2977037983158.3306,32,S6_worst_case_no_intervention,indonesia,USDC
72,0.8791325022310841,2973344751192.1494,32,S6_worst_case_no_intervention,indonesia,USDC
73,0.8778347082092796,2969392215152.8154,32,S6_worst_case_no_intervention,indonesia,USDC
74,0.9072255564913013,2965671460995.329,32,S6_worst_case_no_intervention,indonesia,USDC
75,0.8892088958404443,2963323087083.4146,32,S6_worst_case_no_intervention,indonesia,USDC
76,0.9124142654626313,2960496310657.325,32,S6_worst_case_no_intervention,indonesia,USDC
77,0.900954020918731,2958696231387.4385,32,S6_worst_case_no_intervention,indonesia,USDC
78,0.8937058888946345,2956709434877.705,32,S6_worst_case_no_intervention,indonesia,USDC
79,0.9262671724415783,2954609804041.7,32,S6_worst_case_no_intervention,indonesia,USDC
80,0.9267907312374658,2953504637683.1455,32,S6_worst_case_no_intervention,indonesia,USDC
81,0.9347268830186383,2952490592483.4077,32,S6_worst_case_no_intervention,indonesia,USDC
82,0.9108439877686719,2951728089069.415,32,S6_worst_case_no_intervention,indonesia,USDC
83,0.9473599281244856,2950433678540.021,32,S6_worst_case_no_intervention,indonesia,USDC
84,1.0120704447220283,2949942374063.528,32,S6_worst_case_no_intervention,indonesia,USDC
85,1.0265875006629646,2949942374063.528,32,S6_worst_case_no_intervention,indonesia,USDC
86,0.9987494126153841,2949942374063.528,32,S6_worst_case_no_intervention,indonesia,USDC
87,0.9995534862977389,2949942374063.528,32,S6_worst_case_no_intervention,indonesia,USDC
88,1.037545545825465,2949942374063.528,32,S6_worst_case_no_intervention,indonesia,USDC
89,1.0109527739538569,2949942374063.528,32,S6_worst_case_no_intervention,indonesia,USDC
90,0.9812154433050878,2949942374063.528,32,S6_worst_case_no_intervention,indonesia,USDC
91,0.972019452264492,2949942374063.528,32,S6_worst_case_no_intervention,indonesia,USDC
92,1.0004258841943425,2949942374063.528,32,S6_worst_case_no_intervention,indonesia,USDC
93,1.0023363381834247,2949942374063.528,32,S6_worst_case_no_intervention,indonesia,USDC
94,0.877551597592545,2949942374063.528,32,S6_worst_case_no_intervention,indonesia,USDC
95,0.8850821899728634,2947983007886.0176,32,S6_worst_case_no_intervention,indonesia,USDC
96,0.9022728029976711,2946464950119.8936,32,S6_worst_case_no_intervention,indonesia,USDC
97,0.9172183560604041,2945358374113.19,32,S6_worst_case_no_intervention,indonesia,USDC
98,0.9240343570951067,2944511860165.581,32,S6_worst_case_no_intervention,indonesia,USDC
99,0.930294074719499,2943854231017.0444,32,S6_worst_case_no_intervention,indonesia,USDC
100,0.9197766409135429,2943279172876.493,32,S6_worst_case_no_intervention,indonesia,USDC
101,0.7999615518063224,2942559729292.8027,32,S6_worst_case_no_intervention,indonesia,USDC
102,0.8309271289205307,2940295347835.133,32,S6_worst_case_no_intervention,indonesia,USDC
103,0.8532550347325667,2938730948880.63,32,S6_worst_case_no_intervention,indonesia,USDC
104,0.8855675570470422,2937653193654.8687,32,S6_worst_case_no_intervention,indonesia,USDC
105,0.9050462607584365,2936949630342.8047,32,S6_worst_case_no_intervention,indonesia,USDC
106,0.9178156016869027,2936467685500.6025,32,S6_worst_case_no_intervention,indonesia,USDC
107,0.9435092329114376,2936096580960.3584,32,S6_worst_case_no_intervention,indonesia,USDC
108,0.9482923409919519,2935932807204.658,32,S6_worst_case_no_intervention,indonesia,USDC
109,0.9500150292062853,2935797948316.925,32,S6_worst_case_no_intervention,indonesia,USDC
110,0.941708302002166,2935671244254.6265,32,S6_worst_case_no_intervention,indonesia,USDC
111,0.9338950287473097,2935506758576.613,32,S6_worst_case_no_intervention,indonesia,USDC
112,0.9697004379397061,2935285823159.1064,32,S6_worst_case_no_intervention,indonesia,USDC
113,1.0023832914404232,2935285823159.1064,32,S6_worst_case_no_intervention,indonesia,USDC
114,0.9853935326407364,2935285823159.1064,32,S6_worst_case_no_intervention,indonesia,USDC
115,1.0130148152625105,2935285823159.1064,32,S6_worst_case_no_intervention,indonesia,USDC
116,0.991124174752699,2935285823159.1064,32,S6_worst_case_no_intervention,indonesia,USDC
117,0.9691297571274087,2935285823159.1064,32,S6_worst_case_no_intervention,indonesia,USDC
118,0.9873443053877695,2935285823159.1064,32,S6_worst_case_no_intervention,indonesia,USDC
119,0.9697959207476158,2935285823159.1064,32,S6_worst_case_no_intervention,indonesia,USDC
120,0.985835913664065,2935285405947.0,32,S6_worst_case_no_intervention,indonesia,USDC
121,0.960738213031412,2861903270798.3247,32,S6_worst_case_no_intervention,indonesia,USDC
122,0.9183172610789733,2790300750090.8057,32,S6_worst_case_no_intervention,indonesia,USDC
123,0.9084167466429651,2720263582514.8164,32,S6_worst_case_no_intervention,indonesia,USDC
124,0.8933472186643798,2651938519642.948,32,S6_worst_case_no_intervention,indonesia,USDC
125,0.8802753122539253,2585246396818.909,32,S6_worst_case_no_intervention,indonesia,USDC
126,0.8639001540478121,2520199181945.413,32,S6_worst_case_no_intervention,indonesia,USDC
127,0.8602108588323065,2456734763597.709,32,S6_worst_case_no_intervention,indonesia,USDC
128,0.8705625742703847,2394891862266.6045,32,S6_worst_case_no_intervention,indonesia,USDC
129,0.8469313885673659,2334693027990.586,32,S6_worst_case_no_intervention,indonesia,USDC
130,0.8749261742811182,2275959164173.984,32,S6_worst_case_no_intervention,indonesia,USDC
131,0.8650591700318729,2218811670947.331,32,S6_worst_case_no_intervention,indonesia,USDC
132,0.8335611729448041,2163091795315.2583,32,S6_worst_case_no_intervention,indonesia,USDC
133,0.8412305841780793,2108709206258.1294,32,S6_worst_case_no_intervention,indonesia,USDC
134,0.8433864257531404,2055753474335.7078,32,S6_worst_case_no_intervention,indonesia,USDC
135,0.8392221877715333,2004154814657.7646,32,S6_worst_case_no_intervention,indonesia,USDC
136,0.825789141320336,1953853052806.1558,32,S6_worst_case_no_intervention,indonesia,USDC
137,0.8193750060484073,1904817928991.7344,32,S6_worst_case_no_intervention,indonesia,USDC
138,0.8327408761799567,1857032945245.2175,32,S6_worst_case_no_intervention,indonesia,USDC
139,0.8392912632702763,1810477423292.944,32,S6_worst_case_no_intervention,indonesia,USDC
140,0.8466180751232176,1765113834490.205,32,S6_worst_case_no_intervention,indonesia,USDC
141,0.8443819634277507,1720904248032.5396,32,S6_worst_case_no_intervention,indonesia,USDC
142,0.8487631013611804,1677808330584.004,32,S6_worst_case_no_intervention,indonesia,USDC
143,0.8218814747590582,1635798206983.0603,32,S6_worst_case_no_intervention,indonesia,USDC
144,0.8213821149600593,1594835039099.9126,32,S6_worst_case_no_intervention,indonesia,USDC
145,0.8157643380004244,1554904535258.4355,32,S6_worst_case_no_intervention,indonesia,USDC
146,0.8323060848846662,1515978271864.1895,32,S6_worst_case_no_intervention,indonesia,USDC
147,0.8213761886935441,1478040987579.8335,32,S6_worst_case_no_intervention,indonesia,USDC
148,0.8153601294167675,1441053038703.5566,32,S6_worst_case_no_intervention,indonesia,USDC
149,0.8212715610380432,1404994053703.052,32,S6_worst_case_no_intervention,indonesia,USDC
150,0.8094026775248662,1369842163168.8677,32,S6_worst_case_no_intervention,indonesia,USDC
151,0.7924318737228062,1335572855733.1143,32,S6_worst_case_no_intervention,indonesia,USDC
152,0.770429259026038,1302160458572.9849,32,S6_worst_case_no_intervention,indonesia,USDC
153,0.7793052790917073,1269586077035.916,32,S6_worst_case_no_intervention,indonesia,USDC
154,0.7617501040744483,1237830500984.358,32,S6_worst_case_no_intervention,indonesia,USDC
155,0.7712660127942031,1206870421634.992,32,S6_worst_case_no_intervention,indonesia,USDC
156,0.7601111119297321,1176688139005.0244,32,S6_worst_case_no_intervention,indonesia,USDC
157,0.783530121922344,1147262398133.0886,32,S6_worst_case_no_intervention,indonesia,USDC
158,0.7679089056879375,1118574680862.5188,32,S6_worst_case_no_intervention,indonesia,USDC
159,0.7132324240188114,1090604872910.5685,32,S6_worst_case_no_intervention,indonesia,USDC
160,0.7334194428944135,1063334108538.5215,32,S6_worst_case_no_intervention,indonesia,USDC
161,0.7352186395525913,1036747057505.5552,32,S6_worst_case_no_intervention,indonesia,USDC
162,0.7465457068290092,1010825499957.6213,32,S6_worst_case_no_intervention,indonesia,USDC
163,0.7742580303648763,985552800426.7517,32,S6_worst_case_no_intervention,indonesia,USDC
164,0.8039793392246668,960912481622.9653,32,S6_worst_case_no_intervention,indonesia,USDC
165,0.7950182435272318,936888674445.747,32,S6_worst_case_no_intervention,indonesia,USDC
166,0.8101088995233812,913465619767.0455,32,S6_worst_case_no_intervention,indonesia,USDC
167,0.7845417975173522,890628317418.033,32,S6_worst_case_no_intervention,indonesia,USDC
168,0.7796843803865057,868361952984.9678,32,S6_worst_case_no_intervention,indonesia,USDC
169,0.8089212128273863,846652380317.9806,32,S6_worst_case_no_intervention,indonesia,USDC
170,0.7951222919331674,825485718814.3281,32,S6_worst_case_no_intervention,indonesia,USDC
171,0.8226925089810677,804848233059.038,32,S6_worst_case_no_intervention,indonesia,USDC
172,0.8027690260368258,784726804790.0989,32,S6_worst_case_no_intervention,indonesia,USDC
173,0.8208138163636478,765108404321.0258,32,S6_worst_case_no_intervention,indonesia,USDC
174,0.8468964600795587,745980527510.8325,32,S6_worst_case_no_intervention,indonesia,USDC
175,0.828980015318644,727330902557.4182,32,S6_worst_case_no_intervention,indonesia,USDC
176,0.8396853174623994,709147512116.1321,32,S6_worst_case_no_intervention,indonesia,USDC
177,0.8470005626084791,691418734869.2366,32,S6_worst_case_no_intervention,indonesia,USDC
178,0.8419188768828838,674133187883.0221,32,S6_worst_case_no_intervention,indonesia,USDC
179,0.8197958505994545,657279788162.55,32,S6_worst_case_no_intervention,indonesia,USDC
180,0.822348616103911,640847723373.0258,32,S6_worst_case_no_intervention,indonesia,USDC
181,0.8018077664002536,624826472885.9966,32,S6_worst_case_no_intervention,indonesia,USDC
182,0.7932403440912678,609205751443.225,32,S6_worst_case_no_intervention,indonesia,USDC
183,0.7997451816472936,593975556875.5884,32,S6_worst_case_no_intervention,indonesia,USDC
184,0.801134026349696,579126129389.4615,32,S6_worst_case_no_intervention,indonesia,USDC
185,0.7672531411583603,564647944226.2987,32,S6_worst_case_no_intervention,indonesia,USDC
186,0.761245491315018,550531712219.7863,32,S6_worst_case_no_intervention,indonesia,USDC
187,0.7730225587574474,536768392585.896,32,S6_worst_case_no_intervention,indonesia,USDC
188,0.768215531850405,523349162717.5819,32,S6_worst_case_no_intervention,indonesia,USDC
189,0.7840943614588167,510265417440.51514,32,S6_worst_case_no_intervention,indonesia,USDC
190,0.7873183684723287,497508769759.12244,32,S6_worst_case_no_intervention,indonesia,USDC
191,0.7716857656310575,485071040704.7234,32,S6_worst_case_no_intervention,indonesia,USDC
192,0.7780503002687442,472944256131.78046,32,S6_worst_case_no_intervention,indonesia,USDC
193,0.7722345993408584,461120642905.0343,32,S6_worst_case_no_intervention,indonesia,USDC
194,0.7711033584954639,449592621255.84973,32,S6_worst_case_no_intervention,indonesia,USDC
195,0.7849664321598396,438352801010.32214,32,S6_worst_case_no_intervention,indonesia,USDC
196,0.7972933693685831,427393977411.7193,32,S6_worst_case_no_intervention,indonesia,USDC
197,0.821979666330166,416709125384.3097,32,S6_worst_case_no_intervention,indonesia,USDC
198,0.8394106466535199,406291395371.53357,32,S6_worst_case_no_intervention,indonesia,USDC
199,0.8382447217729838,396134109048.21967,32,S6_worst_case_no_intervention,indonesia,USDC
200,0.8228167754106108,386230755065.60376,32,S6_worst_case_no_intervention,indonesia,USDC
201,0.8127398311053301,376574985024.71106,32,S6_worst_case_no_intervention,indonesia,USDC
202,0.8179954461809583,367160609335.9891,32,S6_worst_case_no_intervention,indonesia,USDC
203,0.8226825012446888,357981593253.105,32,S6_worst_case_no_intervention,indonesia,USDC
204,0.8158372662614332,349032052675.07355,32,S6_worst_case_no_intervention,indonesia,USDC
205,0.8058090853632184,340306250709.2413,32,S6_worst_case_no_intervention,indonesia,USDC
206,0.8184978006530662,331798593845.52246,32,S6_worst_case_no_intervention,indonesia,USDC
207,0.8322924390154027,323503628542.5408,32,S6_worst_case_no_intervention,indonesia,USDC
208,0.8245674963404471,315416037478.58685,32,S6_worst_case_no_intervention,indonesia,USDC
209,0.8284447923539169,307530636243.2606,32,S6_worst_case_no_intervention,indonesia,USDC
210,0.8321917762479007,299842370087.7617,32,S6_worst_case_no_intervention,indonesia,USDC
211,0.844400980024849,292346310621.3455,32,S6_worst_case_no_intervention,indonesia,USDC
212,0.8466109138977898,285037652691.1412,32,S6_worst_case_no_intervention,indonesia,USDC
213,0.8428069373134567,277911711225.6325,32,S6_worst_case_no_intervention,indonesia,USDC
214,0.8367298999379118,270963918316.69882,32,S6_worst_case_no_intervention,indonesia,USDC
215,0.8396318023601146,264189820238.13315,32,S6_worst_case_no_intervention,indonesia,USDC
216,0.8277471820969936,257585074625.48138,32,S6_worst_case_no_intervention,indonesia,USDC
217,0.8284287845830385,251145447663.19635,32,S6_worst_case_no_intervention,indonesia,USDC
218,0.8302705469161201,244866811385.42737,32,S6_worst_case_no_intervention,indonesia,USDC
219,0.7117913363860443,238745141031.0962,32,S6_worst_case_no_intervention,indonesia,USDC
220,0.7485461503936339,232776512393.99414,32,S6_worst_case_no_intervention,indonesia,USDC
221,0.7424820295678771,226957099513.18674,32,S6_worst_case_no_intervention,indonesia,USDC
222,0.7729700061216159,221283171966.16187,32,S6_worst_case_no_intervention,indonesia,USDC
223,0.7681069358029631,215751092629.31964,32,S6_worst_case_no_intervention,indonesia,USDC
224,0.754883104551085,210357315282.46313,32,S6_worst_case_no_intervention,indonesia,USDC
225,0.7621122876805428,205098382373.3832,32,S6_worst_case_no_intervention,indonesia,USDC
226,0.7703042689675105,199970922793.61694,32,S6_worst_case_no_intervention,indonesia,USDC
227,0.7564235240989069,194971649707.9417,32,S6_worst_case_no_intervention,indonesia,USDC
228,0.7659904672500901,190097358452.31116,32,S6_worst_case_no_intervention,indonesia,USDC
229,0.8051640081186976,185344924481.45752,32,S6_worst_case_no_intervention,indonesia,USDC
230,0.8172004691922057,180711301363.12375,32,S6_worst_case_no_intervention,indonesia,USDC
231,0.8095655655436784,176193518823.95667,32,S6_worst_case_no_intervention,indonesia,USDC
232,0.8259521885312445,171788680849.02493,32,S6_worst_case_no_intervention,indonesia,USDC
233,0.82848256532912,167493963824.60626,32,S6_worst_case_no_intervention,indonesia,USDC
234,0.7961857202466817,163306614726.17422,32,S6_worst_case_no_intervention,indonesia,USDC
235,0.7909257640914914,159223949354.99622,32,S6_worst_case_no_intervention,indonesia,USDC
236,0.7720890964119322,155243350618.66702,32,S6_worst_case_no_intervention,indonesia,USDC
237,0.78341374272032,151362266850.96558,32,S6_worst_case_no_intervention,indonesia,USDC
238,0.7810466277538176,147578210178.03146,32,S6_worst_case_no_intervention,indonesia,USDC
239,0.7804877916561589,143888754922.11945,32,S6_worst_case_no_intervention,indonesia,USDC
240,0.7715763036875453,140291536047.9547,32,S6_worst_case_no_intervention,indonesia,USDC
241,0.7657949409424839,136784247645.7657,32,S6_worst_case_no_intervention,indonesia,USDC
242,0.7724927705612104,133364641453.84001,32,S6_worst_case_no_intervention,indonesia,USDC
243,0.7514109274670198,130030525416.86478,32,S6_worst_case_no_intervention,indonesia,USDC
244,0.7621253740696358,126779762280.89566,32,S6_worst_case_no_intervention,indonesia,USDC
245,0.7840578941471495,123610268223.4642,32,S6_worst_case_no_intervention,indonesia,USDC
246,0.7922613304791605,120520011517.58752,32,S6_worst_case_no_intervention,indonesia,USDC
247,0.7877874092473744,117507011229.42249,32,S6_worst_case_no_intervention,indonesia,USDC
248,0.7904874313539805,114569335948.48865,32,S6_worst_case_no_intervention,indonesia,USDC
249,0.7718682205451562,111705102549.61777,32,S6_worst_case_no_intervention,indonesia,USDC
250,0.7861783307704185,108912474985.73984,32,S6_worst_case_no_intervention,indonesia,USDC
251,0.7824755311899334,106189663110.99199,32,S6_worst_case_no_intervention,indonesia,USDC
252,0.7731515013197543,103534921533.12889,32,S6_worst_case_no_intervention,indonesia,USDC
253,0.7727828927801912,100946548494.72589,32,S6_worst_case_no_intervention,indonesia,USDC
254,0.7903498650441169,98422884782.30147,32,S6_worst_case_no_intervention,indonesia,USDC
255,0.8175592483143442,95962312662.70078,32,S6_worst_case_no_intervention,indonesia,USDC
256,0.8092398191306003,93563254846.1039,32,S6_worst_case_no_intervention,indonesia,USDC
257,0.7964426582375747,91224173474.92397,32,S6_worst_case_no_intervention,indonesia,USDC
258,0.770343777583952,88943569138.02626,32,S6_worst_case_no_intervention,indonesia,USDC
259,0.7815218273248978,86719979909.55325,32,S6_worst_case_no_intervention,indonesia,USDC
260,0.786701020367674,84551980411.79681,32,S6_worst_case_no_intervention,indonesia,USDC
261,0.7963654225855537,82438180901.48889,32,S6_worst_case_no_intervention,indonesia,USDC
262,0.7895721693322146,80377226378.94156,32,S6_worst_case_no_intervention,indonesia,USDC
263,0.7715946279294446,78367795719.45892,32,S6_worst_case_no_intervention,indonesia,USDC
264,0.7734833547584568,76408600826.46458,32,S6_worst_case_no_intervention,indonesia,USDC
265,0.7808517671998206,74498385805.79643,32,S6_worst_case_no_intervention,indonesia,USDC
266,0.7795138506305832,72635926160.64667,32,S6_worst_case_no_intervention,indonesia,USDC
267,0.7547225049405557,70820028006.62651,32,S6_worst_case_no_intervention,indonesia,USDC
268,0.7586547461798437,69049527306.45695,32,S6_worst_case_no_intervention,indonesia,USDC
269,0.7528551650430745,67323289123.79272,32,S6_worst_case_no_intervention,indonesia,USDC
270,0.770840526652538,65640206895.69547,32,S6_worst_case_no_intervention,indonesia,USDC
271,0.7927539614666497,63999201723.30139,32,S6_worst_case_no_intervention,indonesia,USDC
272,0.7956601490136912,62399221680.217636,32,S6_worst_case_no_intervention,indonesia,USDC
273,0.7647592293405521,60839241138.21127,32,S6_worst_case_no_intervention,indonesia,USDC
274,0.7580371701156956,59318260109.755066,32,S6_worst_case_no_intervention,indonesia,USDC
275,0.7677755880895156,57835303607.01044,32,S6_worst_case_no_intervention,indonesia,USDC
276,0.7601165953513698,56389421016.834595,32,S6_worst_case_no_intervention,indonesia,USDC
277,0.7638563492144997,54979685491.41325,32,S6_worst_case_no_intervention,indonesia,USDC
278,0.789319487327071,53605193354.12755,32,S6_worst_case_no_intervention,indonesia,USDC
279,0.7835636790323862,52265063520.274086,32,S6_worst_case_no_intervention,indonesia,USDC
280,0.7819220883187661,50958436932.267006,32,S6_worst_case_no_intervention,indonesia,USDC
281,0.793485639781442,49684476008.960144,32,S6_worst_case_no_intervention,indonesia,USDC
282,0.7923152909272596,48442364108.73599,32,S6_worst_case_no_intervention,indonesia,USDC
283,0.7800585089232213,47231305006.01749,32,S6_worst_case_no_intervention,indonesia,USDC
284,0.7704352466871981,46050522380.86695,32,S6_worst_case_no_intervention,indonesia,USDC
285,0.7779110117631326,44899259321.345184,32,S6_worst_case_no_intervention,indonesia,USDC
286,0.7797180980477555,43776777838.31149,32,S6_worst_case_no_intervention,indonesia,USDC
287,0.7717901572210694,42682358392.35365,32,S6_worst_case_no_intervention,indonesia,USDC
288,0.7863740771212921,41615299432.54476,32,S6_worst_case_no_intervention,indonesia,USDC
289,0.7682561485552818,40574916946.73111,32,S6_worst_case_no_intervention,indonesia,USDC
290,0.7967655287078577,39560544023.062805,32,S6_worst_case_no_intervention,indonesia,USDC
291,0.7855976629523442,38571530422.48621,32,S6_worst_case_no_intervention,indonesia,USDC
292,0.7734042761741077,37607242161.92404,32,S6_worst_case_no_intervention,indonesia,USDC
293,0.799489292214918,36667061107.87592,32,S6_worst_case_no_intervention,indonesia,USDC
294,0.7667555704402552,35750384580.179016,32,S6_worst_case_no_intervention,indonesia,USDC
295,0.778610870567604,34856624965.67453,32,S6_worst_case_no_intervention,indonesia,USDC
296,0.7884707950315741,33985209341.532654,32,S6_worst_case_no_intervention,indonesia,USDC
297,0.8196055513900291,33135579107.99434,32,S6_worst_case_no_intervention,indonesia,USDC
298,0.8095880976370743,32307189630.29447,32,S6_worst_case_no_intervention,indonesia,USDC
299,0.8142166103759905,31499509889.537106,32,S6_worst_case_no_intervention,indonesia,USDC
300,0.779338305564827,30712022142.29867,32,S6_worst_case_no_intervention,indonesia,USDC
301,0.758658693854969,29944221588.741203,32,S6_worst_case_no_intervention,indonesia,USDC
302,0.759278090186633,29195616049.022667,32,S6_worst_case_no_intervention,indonesia,USDC
303,0.76013283324775,28465725647.7971,32,S6_worst_case_no_intervention,indonesia,USDC
304,0.7648761082109001,27754082506.602173,32,S6_worst_case_no_intervention,indonesia,USDC
305,0.7579961507641562,27060230443.93712,32,S6_worst_case_no_intervention,indonesia,USDC
306,0.757892102791879,26383724682.838688,32,S6_worst_case_no_intervention,indonesia,USDC
307,0.7535754593745508,25724131565.76772,32,S6_worst_case_no_intervention,indonesia,USDC
308,0.7414131005773599,25081028276.623528,32,S6_worst_case_no_intervention,indonesia,USDC
309,0.7301625830361446,24454002569.70794,32,S6_worst_case_no_intervention,indonesia,USDC
310,0.7443815307380587,23842652505.46524,32,S6_worst_case_no_intervention,indonesia,USDC
311,0.7462990813689074,23246586192.82861,32,S6_worst_case_no_intervention,indonesia,USDC
312,0.7604119399407506,22665421538.007893,32,S6_worst_case_no_intervention,indonesia,USDC
313,0.7790232331005619,22098785999.557697,32,S6_worst_case_no_intervention,indonesia,USDC
314,0.792368437903443,21546316349.568752,32,S6_worst_case_no_intervention,indonesia,USDC
315,0.7877530811202438,21007658440.829533,32,S6_worst_case_no_intervention,indonesia,USDC
316,0.7886676686333056,20482466979.808796,32,S6_worst_case_no_intervention,indonesia,USDC
317,0.7935734325657766,19970405305.313576,32,S6_worst_case_no_intervention,indonesia,USDC
318,0.801091968512095,19471145172.680737,32,S6_worst_case_no_intervention,indonesia,USDC
319,0.7926806756462632,18984366543.363716,32,S6_worst_case_no_intervention,indonesia,USDC
320,0.8112664870749299,18509757379.779625,32,S6_worst_case_no_intervention,indonesia,USDC
321,0.843293676695062,18047013445.285137,32,S6_worst_case_no_intervention,indonesia,USDC
322,0.8407575093583285,17595838109.153008,32,S6_worst_case_no_intervention,indonesia,USDC
323,0.8335166293060217,17155942156.424181,32,S6_worst_case_no_intervention,indonesia,USDC
324,0.8153887237361377,16727043602.513577,32,S6_worst_case_no_intervention,indonesia,USDC
325,0.8033694264993004,16308867512.450737,32,S6_worst_case_no_intervention,indonesia,USDC
326,0.8241873592143061,15901145824.63947,32,S6_worst_case_no_intervention,indonesia,USDC
327,0.8440717554768983,15503617179.023483,32,S6_worst_case_no_intervention,indonesia,USDC
328,0.845791444137189,15116026749.547897,32,S6_worst_case_no_intervention,indonesia,USDC
329,0.8286351862680291,14738126080.8092,32,S6_worst_case_no_intervention,indonesia,USDC
330,0.8267789468474768,14369672928.78897,32,S6_worst_case_no_intervention,indonesia,USDC
331,0.8409552328034985,14010431105.569246,32,S6_worst_case_no_intervention,indonesia,USDC
332,0.8141938822115888,13660170327.930016,32,S6_worst_case_no_intervention,indonesia,USDC
333,0.8021692778665942,13318666069.731766,32,S6_worst_case_no_intervention,indonesia,USDC
334,0.7973291268196501,12985699417.988472,32,S6_worst_case_no_intervention,indonesia,USDC
335,0.7980874630579124,12661056932.53876,32,S6_worst_case_no_intervention,indonesia,USDC
336,0.8269026683895904,12344530509.225292,32,S6_worst_case_no_intervention,indonesia,USDC
337,0.8201578468015683,12035917246.49466,32,S6_worst_case_no_intervention,indonesia,USDC
338,0.8248080568978916,11735019315.33229,32,S6_worst_case_no_intervention,indonesia,USDC
339,0.8091716149827646,11441643832.448986,32,S6_worst_case_no_intervention,indonesia,USDC
340,0.7984103095842753,11155602736.63776,32,S6_worst_case_no_intervention,indonesia,USDC
341,0.7894063826338655,10876712668.221817,32,S6_worst_case_no_intervention,indonesia,USDC
342,0.7957729224693991,10604794851.51627,32,S6_worst_case_no_intervention,indonesia,USDC
343,0.7877202788612281,10339674980.228363,32,S6_worst_case_no_intervention,indonesia,USDC
344,0.8103054523603178,10081183105.722654,32,S6_worst_case_no_intervention,indonesia,USDC
345,0.8001358197418953,9829153528.079588,32,S6_worst_case_no_intervention,indonesia,USDC
346,0.8104945183996605,9583424689.8776,32,S6_worst_case_no_intervention,indonesia,USDC
347,0.7680901044174524,9343839072.63066,32,S6_worst_case_no_intervention,indonesia,USDC
348,0.755906364850663,9110243095.814894,32,S6_worst_case_no_intervention,indonesia,USDC
349,0.7426514015030098,8882487018.419521,32,S6_worst_case_no_intervention,indonesia,USDC
350,0.778895218805778,8660424842.959032,32,S6_worst_case_no_intervention,indonesia,USDC
351,0.7689742109951794,8443914221.885057,32,S6_worst_case_no_intervention,indonesia,USDC
352,0.7685361812618339,8232816366.337931,32,S6_worst_case_no_intervention,indonesia,USDC
353,0.7472368400294668,8026995957.1794815,32,S6_worst_case_no_intervention,indonesia,USDC
354,0.7400334281858426,7826321058.249994,32,S6_worst_case_no_intervention,indonesia,USDC
355,0.7564786632677394,7630663031.793745,32,S6_worst_case_no_intervention,indonesia,USDC
356,0.7296600225607358,7439896455.998901,32,S6_worst_case_no_intervention,indonesia,USDC
357,0.7013318043792596,7253899044.598928,32,S6_worst_case_no_intervention,indonesia,USDC
358,0.7370861990361177,7072551568.483955,32,S6_worst_case_no_intervention,indonesia,USDC
359,0.7382815539574068,6895737779.271856,32,S6_worst_case_no_intervention,indonesia,USDC
360,0.7298356924989892,6723344334.79006,32,S6_worst_case_no_intervention,indonesia,USDC
361,0.7411826294174,6555260726.420308,32,S6_worst_case_no_intervention,indonesia,USDC
362,0.7476030324925234,6391379208.2598,32,S6_worst_case_no_intervention,indonesia,USDC
363,0.745948566730278,6231594728.053305,32,S6_worst_case_no_intervention,indonesia,USDC
364,0.7495230265645255,6075804859.851973,32,S6_worst_case_no_intervention,indonesia,USDC
365,0.7572340419535107,5923909738.355673,32,S6_worst_case_no_intervention,indonesia,USDC
366,0.7500500118058138,5775811994.89678,32,S6_worst_case_no_intervention,indonesia,USDC
367,0.7664295882526865,5631416695.024362,32,S6_worst_case_no_intervention,indonesia,USDC
368,0.7530887698859409,5490631277.648752,32,S6_worst_case_no_intervention,indonesia,USDC
369,0.7610506012298586,5353365495.707533,32,S6_worst_case_no_intervention,indonesia,USDC
370,0.7727544074544137,5219531358.314844,32,S6_worst_case_no_intervention,indonesia,USDC
371,0.7864267000065119,5089043074.356974,32,S6_worst_case_no_intervention,indonesia,USDC
372,0.7697486466233497,4961816997.498049,32,S6_worst_case_no_intervention,indonesia,USDC
373,0.7710062695064324,4837771572.560597,32,S6_worst_case_no_intervention,indonesia,USDC
374,0.7762279475672152,4716827283.246583,32,S6_worst_case_no_intervention,indonesia,USDC
375,0.7780505920589075,4598906601.165419,32,S6_worst_case_no_intervention,indonesia,USDC
376,0.7889039065198653,4483933936.136283,32,S6_worst_case_no_intervention,indonesia,USDC
377,0.7900928178353082,4371835587.732876,32,S6_worst_case_no_intervention,indonesia,USDC
378,0.799971592729711,4262539698.039554,32,S6_worst_case_no_intervention,indonesia,USDC
379,0.8025094172134243,4155976205.588565,32,S6_worst_case_no_intervention,indonesia,USDC
380,0.8153131163416979,4052076800.4488506,32,S6_worst_case_no_intervention,indonesia,USDC
381,0.8068765583124065,3950774880.4376297,32,S6_worst_case_no_intervention,indonesia,USDC
382,0.8047081324220491,3852005508.4266887,32,S6_worst_case_no_intervention,indonesia,USDC
383,0.7982835052218563,3755705370.7160215,32,S6_worst_case_no_intervention,indonesia,USDC
384,0.8078294943988015,3661812736.448121,32,S6_worst_case_no_intervention,indonesia,USDC
385,0.8318266003857622,3570267418.0369177,32,S6_worst_case_no_intervention,indonesia,USDC
386,0.8196007657735773,3481010732.5859947,32,S6_worst_case_no_intervention,indonesia,USDC
387,0.8032483633297318,3393985464.271345,32,S6_worst_case_no_intervention,indonesia,USDC
388,0.7888124164786711,3309135827.664561,32,S6_worst_case_no_intervention,indonesia,USDC
389,0.7690828609415856,3226407431.972947,32,S6_worst_case_no_intervention,indonesia,USDC
390,0.7618150700323497,3145747246.173623,32,S6_worst_case_no_intervention,indonesia,USDC
391,0.7459417542256578,3067103565.0192823,32,S6_worst_case_no_intervention,indonesia,USDC
392,0.7544834634193573,2990425975.8938007,32,S6_worst_case_no_intervention,indonesia,USDC
393,0.7418374707463716,2915665326.496455,32,S6_worst_case_no_intervention,indonesia,USDC
394,0.7690817216921284,2842773693.3340445,32,S6_worst_case_no_intervention,indonesia,USDC
395,0.7556995426351883,2771704351.0006933,32,S6_worst_case_no_intervention,indonesia,USDC
396,0.7790573157335658,2702411742.2256756,32,S6_worst_case_no_intervention,indonesia,USDC
397,0.7645480250187613,2634851448.6700335,32,S6_worst_case_no_intervention,indonesia,USDC
398,0.7870091409222126,2568980162.453283,32,S6_worst_case_no_intervention,indonesia,USDC
399,0.7852008334308858,2504755658.3919506,32,S6_worst_case_no_intervention,indonesia,USDC
400,0.7774038135488266,2442136766.932152,32,S6_worst_case_no_intervention,indonesia,USDC
401,0.762416055989952,2381083347.758848,32,S6_worst_case_no_intervention,indonesia,USDC
402,0.7650979049925457,2321556264.0648766,32,S6_worst_case_no_intervention,indonesia,USDC
403,0.7723169308146627,2263517357.463255,32,S6_worst_case_no_intervention,indonesia,USDC
404,0.7748565763508328,2206929423.5266733,32,S6_worst_case_no_intervention,indonesia,USDC
405,0.7841089819956439,2151756187.938507,32,S6_worst_case_no_intervention,indonesia,USDC
406,0.79154571915775,2097962283.240044,32,S6_worst_case_no_intervention,indonesia,USDC
407,0.7699094135505803,2045513226.1590428,32,S6_worst_case_no_intervention,indonesia,USDC
408,0.7914792796918195,1994375395.5050669,32,S6_worst_case_no_intervention,indonesia,USDC
409,0.8008707841170546,1944516010.6174402,32,S6_worst_case_no_intervention,indonesia,USDC
410,0.7861029694079477,1895903110.3520043,32,S6_worst_case_no_intervention,indonesia,USDC
411,0.7807766801820031,1848505532.5932045,32,S6_worst_case_no_intervention,indonesia,USDC
412,0.7604230710996487,1802292894.2783742,32,S6_worst_case_no_intervention,indonesia,USDC
413,0.7681156379219853,1757235571.9214149,32,S6_worst_case_no_intervention,indonesia,USDC
414,0.7625527701159985,1713304682.6233797,32,S6_worst_case_no_intervention,indonesia,USDC
415,0.7513025402327417,1670472065.557795,32,S6_worst_case_no_intervention,indonesia,USDC
416,0.7514170124211595,1628710263.91885,32,S6_worst_case_no_intervention,indonesia,USDC
417,0.7685982489098093,1587992507.320879,32,S6_worst_case_no_intervention,indonesia,USDC
418,0.7710574289920503,1548292694.637857,32,S6_worst_case_no_intervention,indonesia,USDC
419,0.7857060392870798,1509585377.2719107,32,S6_worst_case_no_intervention,indonesia,USDC
420,0.7984167183724247,1471845742.8401127,32,S6_worst_case_no_intervention,indonesia,USDC
421,0.7954777457982501,1435049599.26911,32,S6_worst_case_no_intervention,indonesia,USDC
422,0.8033842452614541,1399173359.2873821,32,S6_worst_case_no_intervention,indonesia,USDC
423,0.8022447681284262,1364194025.3051977,32,S6_worst_case_no_intervention,indonesia,USDC
424,0.8208763575019438,1330089174.6725678,32,S6_worst_case_no_intervention,indonesia,USDC
425,0.8079704385249322,1296836945.3057537,32,S6_worst_case_no_intervention,indonesia,USDC
426,0.8196896533996156,1264416021.6731098,32,S6_worst_case_no_intervention,indonesia,USDC
427,0.8418898315157012,1232805621.1312819,32,S6_worst_case_no_intervention,indonesia,USDC
428,0.8340652895685572,1201985480.603,32,S6_worst_case_no_intervention,indonesia,USDC
429,0.8419382132071813,1171935843.587925,32,S6_worst_case_no_intervention,indonesia,USDC
430,0.8358081623776654,1142637447.498227,32,S6_worst_case_no_intervention,indonesia,USDC
431,0.8118507621285279,1114071511.310771,32,S6_worst_case_no_intervention,indonesia,USDC
432,0.8272120653381253,1086219723.5280018,32,S6_worst_case_no_intervention,indonesia,USDC
433,0.8239538596743526,1059064230.4398019,32,S6_worst_case_no_intervention,indonesia,USDC
434,0.8209463807681162,1032587624.6788068,32,S6_worst_case_no_intervention,indonesia,USDC
435,0.824458823450277,1006772934.0618367,32,S6_worst_case_no_intervention,indonesia,USDC
436,0.8350867614182397,981603610.7102907,32,S6_worst_case_no_intervention,indonesia,USDC
437,0.8102453393751007,957063520.4425334,32,S6_worst_case_no_intervention,indonesia,USDC
438,0.7945196561147999,933136932.4314702,32,S6_worst_case_no_intervention,indonesia,USDC
439,0.8098069841231895,909808509.1206833,32,S6_worst_case_no_intervention,indonesia,USDC
440,0.7977665587924171,887063296.3926663,32,S6_worst_case_no_intervention,indonesia,USDC
441,0.7749797322845058,864886713.9828496,32,S6_worst_case_no_intervention,indonesia,USDC
442,0.7683960316072103,843264546.1332784,32,S6_worst_case_no_intervention,indonesia,USDC
443,0.7662483767469591,822182932.4799464,32,S6_worst_case_no_intervention,indonesia,USDC
444,0.7798452193910075,801628359.1679478,32,S6_worst_case_no_intervention,indonesia,USDC
445,0.7655560859444309,781587650.1887491,32,S6_worst_case_no_intervention,indonesia,USDC
446,0.7618482866194108,762047958.9340305,32,S6_worst_case_no_intervention,indonesia,USDC
447,0.7972569103524969,742996759.9606798,32,S6_worst_case_no_intervention,indonesia,USDC
448,0.7582916750099863,724421840.9616627,32,S6_worst_case_no_intervention,indonesia,USDC
449,0.7658411297909578,706311294.9376211,32,S6_worst_case_no_intervention,indonesia,USDC
450,0.7709671828021167,688653512.5641806,32,S6_worst_case_no_intervention,indonesia,USDC
451,0.7897901763788022,671437174.750076,32,S6_worst_case_no_intervention,indonesia,USDC
452,0.7920011738353339,654651245.3813242,32,S6_worst_case_no_intervention,indonesia,USDC
453,0.7633186394411855,638284964.2467911,32,S6_worst_case_no_intervention,indonesia,USDC
454,0.7658966314991091,622327840.1406213,32,S6_worst_case_no_intervention,indonesia,USDC
455,0.7649693932067652,606769644.1371057,32,S6_worst_case_no_intervention,indonesia,USDC
456,0.7636212736756353,591600403.0336782,32,S6_worst_case_no_intervention,indonesia,USDC
457,0.778146162469014,576810392.9578362,32,S6_worst_case_no_intervention,indonesia,USDC
458,0.7808802017469306,562390133.1338903,32,S6_worst_case_no_intervention,indonesia,USDC
459,0.7911110065513279,548330379.8055431,32,S6_worst_case_no_intervention,indonesia,USDC
460,0.7976364888457804,534622120.3104044,32,S6_worst_case_no_intervention,indonesia,USDC
461,0.8252150995970399,521256567.3026444,32,S6_worst_case_no_intervention,indonesia,USDC
462,0.8267654844829289,508225153.1200782,32,S6_worst_case_no_intervention,indonesia,USDC
463,0.8239489102006234,495519524.29207623,32,S6_worst_case_no_intervention,indonesia,USDC
464,0.8024902953952545,483131536.18477434,32,S6_worst_case_no_intervention,indonesia,USDC
465,0.7952439675829176,471053247.78015494,32,S6_worst_case_no_intervention,indonesia,USDC
466,0.816946221749027,459276916.5856511,32,S6_worst_case_no_intervention,indonesia,USDC
467,0.8426855186872513,447794993.67100984,32,S6_worst_case_no_intervention,indonesia,USDC
468,0.841042123492379,436600118.8292346,32,S6_worst_case_no_intervention,indonesia,USDC
469,0.8248646306503085,425685115.8585037,32,S6_worst_case_no_intervention,indonesia,USDC
470,0.8478594921754801,415042987.96204114,32,S6_worst_case_no_intervention,indonesia,USDC
471,0.8479818985865034,404666913.2629901,32,S6_worst_case_no_intervention,indonesia,USDC
472,0.8494345197398674,394550240.4314153,32,S6_worst_case_no_intervention,indonesia,USDC
473,0.8353852588684422,384686484.42063,32,S6_worst_case_no_intervention,indonesia,USDC
474,0.8086216572701842,375069322.3101142,32,S6_worst_case_no_intervention,indonesia,USDC
475,0.7767808055049004,365692589.25236136,32,S6_worst_case_no_intervention,indonesia,USDC
476,0.7537005921771209,356550274.5210523,32,S6_worst_case_no_intervention,indonesia,USDC
477,0.7697895000306697,347636517.658026,32,S6_worst_case_no_intervention,indonesia,USDC
478,0.7416073496412412,338945604.7165754,32,S6_worst_case_no_intervention,indonesia,USDC
479,0.7322029416446497,330471964.598661,32,S6_worst_case_no_intervention,indonesia,USDC
480,0.7677921542016782,322210165.48369443,32,S6_worst_case_no_intervention,indonesia,USDC
481,0.7736254434425842,314154911.3466021,32,S6_worst_case_no_intervention,indonesia,USDC
482,0.7849460262978794,306301038.562937,32,S6_worst_case_no_intervention,indonesia,USDC
483,0.8121144727195299,298643512.5988636,32,S6_worst_case_no_intervention,indonesia,USDC
484,0.809711127509341,291177424.78389204,32,S6_worst_case_no_intervention,indonesia,USDC
485,0.8027401807266025,283897989.1642947,32,S6_worst_case_no_intervention,indonesia,USDC
486,0.805092472157503,276800539.43518734,32,S6_worst_case_no_intervention,indonesia,USDC
487,0.7929326526859665,269880525.9493077,32,S6_worst_case_no_intervention,indonesia,USDC
488,0.800032089316536,263133512.80057496,32,S6_worst_case_no_intervention,indonesia,USDC
489,0.8150570668425101,256555174.9805606,32,S6_worst_case_no_intervention,indonesia,USDC
490,0.8017545868721112,250141295.6060466,32,S6_worst_case_no_intervention,indonesia,USDC
491,0.798198101989337,243887763.2158954,32,S6_worst_case_no_intervention,indonesia,USDC
492,0.8031950310973819,237790569.13549805,32,S6_worst_case_no_intervention,indonesia,USDC
493,0.8104723119259599,231845804.90711057,32,S6_worst_case_no_intervention,indonesia,USDC
494,0.7861609705758109,226049659.7844328,32,S6_worst_case_no_intervention,indonesia,USDC
495,0.7957242584976097,220398418.28982198,32,S6_worst_case_no_intervention,indonesia,USDC
496,0.7853381820664593,214888457.83257642,32,S6_worst_case_no_intervention,indonesia,USDC
497,0.8119304430604841,209516246.386762,32,S6_worst_case_no_intervention,indonesia,USDC
498,0.7950468643941496,204278340.22709298,32,S6_worst_case_no_intervention,indonesia,USDC
499,0.79099243790475,199171381.72141564,32,S6_worst_case_no_intervention,indonesia,USDC
500,0.7885257423862482,194192097.17838025,32,S6_worst_case_no_intervention,indonesia,USDC
501,0.777625324564712,189337294.74892074,32,S6_worst_case_no_intervention,indonesia,USDC
502,0.7966395076815379,184603862.38019773,32,S6_worst_case_no_intervention,indonesia,USDC
503,0.7768967267198527,179988765.82069278,32,S6_worst_case_no_intervention,indonesia,USDC
504,0.8029963871975119,175489046.67517546,32,S6_worst_case_no_intervention,indonesia,USDC
505,0.803483046624493,171101820.50829607,32,S6_worst_case_no_intervention,indonesia,USDC
506,0.8063293262426856,166824274.9955887,32,S6_worst_case_no_intervention,indonesia,USDC
507,0.8041791663668674,162653668.12069896,32,S6_worst_case_no_intervention,indonesia,USDC
508,0.7777828428512422,158587326.4176815,32,S6_worst_case_no_intervention,indonesia,USDC
509,0.7527174052065232,154622643.25723943,32,S6_worst_case_no_intervention,indonesia,USDC
510,0.7756125744040965,150757077.1758085,32,S6_worst_case_no_intervention,indonesia,USDC
511,0.7469006073938014,146988150.24641323,32,S6_worst_case_no_intervention,indonesia,USDC
512,0.7521322118041226,143313446.4902529,32,S6_worst_case_no_intervention,indonesia,USDC
513,0.7540604730254273,139730610.3279966,32,S6_worst_case_no_intervention,indonesia,USDC
514,0.7951513604216204,136237345.06979668,32,S6_worst_case_no_intervention,indonesia,USDC
515,0.7927489757078439,132831411.44305176,32,S6_worst_case_no_intervention,indonesia,USDC
516,0.7925102177196355,129510626.15697546,32,S6_worst_case_no_intervention,indonesia,USDC
517,0.7828441970135439,126272860.50305109,32,S6_worst_case_no_intervention,indonesia,USDC
518,0.8160384544071957,123116038.99047482,32,S6_worst_case_no_intervention,indonesia,USDC
519,0.7944293448133184,120038138.01571295,32,S6_worst_case_no_intervention,indonesia,USDC
520,0.7826608222506086,117037184.5653201,32,S6_worst_case_no_intervention,indonesia,USDC
521,0.7720508098095789,114111254.9511871,32,S6_worst_case_no_intervention,indonesia,USDC
522,0.7693978112809017,111258473.5774074,32,S6_worst_case_no_intervention,indonesia,USDC
523,0.7865840824242619,108477011.73797223,32,S6_worst_case_no_intervention,indonesia,USDC
524,0.7875581519883634,105765086.44452292,32,S6_worst_case_no_intervention,indonesia,USDC
525,0.7948348494018653,103120959.28340985,32,S6_worst_case_no_intervention,indonesia,USDC
526,0.8133619441820183,100542935.3013246,32,S6_worst_case_no_intervention,indonesia,USDC
527,0.820264717880838,98029361.91879149,32,S6_worst_case_no_intervention,indonesia,USDC
528,0.8201545539185351,95578627.8708217,32,S6_worst_case_no_intervention,indonesia,USDC
529,0.8413027786484178,93189162.17405117,32,S6_worst_case_no_intervention,indonesia,USDC
530,0.8340728883490401,90859433.11969988,32,S6_worst_case_no_intervention,indonesia,USDC
531,0.8152520293820983,88587947.29170738,32,S6_worst_case_no_intervention,indonesia,USDC
532,0.813806325986077,86373248.6094147,32,S6_worst_case_no_intervention,indonesia,USDC
533,0.7815166368535327,84213917.39417931,32,S6_worst_case_no_intervention,indonesia,USDC
534,0.7614536690404514,82108569.45932485,32,S6_worst_case_no_intervention,indonesia,USDC
535,0.7688400897682075,80055855.22284172,32,S6_worst_case_no_intervention,indonesia,USDC
536,0.7777715310525778,78054458.84227067,32,S6_worst_case_no_intervention,indonesia,USDC
537,0.759941433997708,76103097.37121391,32,S6_worst_case_no_intervention,indonesia,USDC
538,0.7876130044790149,74200519.93693356,32,S6_worst_case_no_intervention,indonesia,USDC
539,0.8140161194702872,72345506.93851021,32,S6_worst_case_no_intervention,indonesia,USDC
540,0.8307940043562617,70536869.26504746,32,S6_worst_case_no_intervention,indonesia,USDC
541,0.8273391782775129,68773447.53342128,32,S6_worst_case_no_intervention,indonesia,USDC
542,0.8279359392233098,67054111.34508574,32,S6_worst_case_no_intervention,indonesia,USDC
543,0.8177096659991868,65377758.5614586,32,S6_worst_case_no_intervention,indonesia,USDC
544,0.8042808762162906,63743314.59742214,32,S6_worst_case_no_intervention,indonesia,USDC
545,0.7692500767031436,62149731.73248658,32,S6_worst_case_no_intervention,indonesia,USDC
546,0.76221112292572,60595988.43917442,32,S6_worst_case_no_intervention,indonesia,USDC
547,0.7731429762534135,59081088.72819506,32,S6_worst_case_no_intervention,indonesia,USDC
548,0.7689886327668076,57604061.509990185,32,S6_worst_case_no_intervention,indonesia,USDC
549,0.6725852921040297,56163959.97224043,32,S6_worst_case_no_intervention,indonesia,USDC
550,0.6911261462941026,54759860.972934425,32,S6_worst_case_no_intervention,indonesia,USDC
551,0.7018433358004632,53390864.44861105,32,S6_worst_case_no_intervention,indonesia,USDC
552,0.7190818201605077,52056092.83739579,32,S6_worst_case_no_intervention,indonesia,USDC
553,0.7153160691190483,50754690.516460896,32,S6_worst_case_no_intervention,indonesia,USDC
554,0.7168401845107775,49485823.25354936,32,S6_worst_case_no_intervention,indonesia,USDC
555,0.7512010964978597,48248677.67221063,32,S6_worst_case_no_intervention,indonesia,USDC
556,0.7497043954413093,47042460.73040536,32,S6_worst_case_no_intervention,indonesia,USDC
557,0.7444608207286801,45866399.212145224,32,S6_worst_case_no_intervention,indonesia,USDC
558,0.7540586698195593,44719739.231841594,32,S6_worst_case_no_intervention,indonesia,USDC
559,0.7613079487822979,43601745.751045555,32,S6_worst_case_no_intervention,indonesia,USDC
560,0.7821891000607042,42511702.107269414,32,S6_worst_case_no_intervention,indonesia,USDC
561,0.7843390160275505,41448909.55458768,32,S6_worst_case_no_intervention,indonesia,USDC
562,0.8004137611796993,40412686.81572299,32,S6_worst_case_no_intervention,indonesia,USDC
563,0.8284167927623706,39402369.64532991,32,S6_worst_case_no_intervention,indonesia,USDC
564,0.8169358299723067,38417310.404196665,32,S6_worst_case_no_intervention,indonesia,USDC
565,0.819100687138482,37456877.64409175,32,S6_worst_case_no_intervention,indonesia,USDC
566,0.7970800523270709,36520455.70298945,32,S6_worst_case_no_intervention,indonesia,USDC
567,0.7918535650943856,35607444.31041472,32,S6_worst_case_no_intervention,indonesia,USDC
568,0.7970065985370671,34717258.20265435,32,S6_worst_case_no_intervention,indonesia,USDC
569,0.8136937682020103,33849326.747587994,32,S6_worst_case_no_intervention,indonesia,USDC
570,0.8247127238138531,33003093.57889829,32,S6_worst_case_no_intervention,indonesia,USDC
571,0.8121658657321656,32178016.239425838,32,S6_worst_case_no_intervention,indonesia,USDC
572,0.807831483455583,31373565.83344019,32,S6_worst_case_no_intervention,indonesia,USDC
573,0.7784433139008954,30589226.687604185,32,S6_worst_case_no_intervention,indonesia,USDC
574,0.7741745595151892,29824496.020414077,32,S6_worst_case_no_intervention,indonesia,USDC
575,0.7702209874254343,29078883.61990373,32,S6_worst_case_no_intervention,indonesia,USDC
576,0.7615229505352372,28351911.529406134,32,S6_worst_case_no_intervention,indonesia,USDC
577,0.7628609314655258,27643113.74117098,32,S6_worst_case_no_intervention,indonesia,USDC
578,0.7538147733422581,26952035.897641703,32,S6_worst_case_no_intervention,indonesia,USDC
579,0.780901846158454,26278235.00020066,32,S6_worst_case_no_intervention,indonesia,USDC
580,0.7900158196227662,25621279.125195637,32,S6_worst_case_no_intervention,indonesia,USDC
581,0.7694261297847881,24980747.14706575,32,S6_worst_case_no_intervention,indonesia,USDC
582,0.7786475017007445,24356228.468389105,32,S6_worst_case_no_intervention,indonesia,USDC
583,0.777462229487996,23747322.75667938,32,S6_worst_case_no_intervention,indonesia,USDC
584,0.7937701925455027,23153639.687762395,32,S6_worst_case_no_intervention,indonesia,USDC
585,0.7779851449712979,22574798.695568334,32,S6_worst_case_no_intervention,indonesia,USDC
586,0.7496826435508734,22010428.728179127,32,S6_worst_case_no_intervention,indonesia,USDC
587,0.7492112966368699,21460168.009974647,32,S6_worst_case_no_intervention,indonesia,USDC
588,0.7830721456240948,20923663.80972528,32,S6_worst_case_no_intervention,indonesia,USDC
589,0.7890260747430751,20400572.21448215,32,S6_worst_case_no_intervention,indonesia,USDC
590,0.7943665224891379,19890557.909120094,32,S6_worst_case_no_intervention,indonesia,USDC
591,0.7620523488264069,19393293.961392093,32,S6_worst_case_no_intervention,indonesia,USDC
592,0.7471532910012455,18908461.61235729,32,S6_worst_case_no_intervention,indonesia,USDC
593,0.7693474559314784,18435750.07204836,32,S6_worst_case_no_intervention,indonesia,USDC
594,0.7674692825006769,17974856.32024715,32,S6_worst_case_no_intervention,indonesia,USDC
595,0.7745043920827588,17525484.912240967,32,S6_worst_case_no_intervention,indonesia,USDC
596,0.8084306939195617,17087347.789434947,32,S6_worst_case_no_intervention,indonesia,USDC
597,0.7981300721010016,16660164.094699074,32,S6_worst_case_no_intervention,indonesia,USDC
598,0.7958882505443613,16243659.992331598,32,S6_worst_case_no_intervention,indonesia,USDC
599,0.7841127037093691,15837568.492523307,32,S6_worst_case_no_intervention,indonesia,USDC
600,0.8021054758158718,15441629.280210223,32,S6_worst_case_no_intervention,indonesia,USDC
601,0.8405444544965266,15055588.548204968,32,S6_worst_case_no_intervention,indonesia,USDC
602,0.8210533862975764,14679198.834499843,32,S6_worst_case_no_intervention,indonesia,USDC
603,0.8220051199778792,14312218.863637347,32,S6_worst_case_no_intervention,indonesia,USDC
604,0.8174884100572157,13954413.392046414,32,S6_worst_case_no_intervention,indonesia,USDC
605,0.8097035412833725,13605553.057245255,32,S6_worst_case_no_intervention,indonesia,USDC
606,0.8241993278763994,13265414.230814122,32,S6_worst_case_no_intervention,indonesia,USDC
607,0.8297378348802491,12933778.87504377,32,S6_worst_case_no_intervention,indonesia,USDC
608,0.8181907172203889,12610434.403167676,32,S6_worst_case_no_intervention,indonesia,USDC
609,0.8206443447022198,12295173.543088485,32,S6_worst_case_no_intervention,indonesia,USDC
610,0.8258323774535091,11987794.20451127,32,S6_worst_case_no_intervention,indonesia,USDC
611,0.8173593512694235,11688099.34939849,32,S6_worst_case_no_intervention,indonesia,USDC
612,0.8127911277401418,11395896.865663528,32,S6_worst_case_no_intervention,indonesia,USDC
613,0.7978998263663731,11110999.44402194,32,S6_worst_case_no_intervention,indonesia,USDC
614,0.7845298146189216,10833224.457921391,32,S6_worst_case_no_intervention,indonesia,USDC
615,0.7717240898175222,10562393.846473357,32,S6_worst_case_no_intervention,indonesia,USDC
616,0.7704714033610058,10298334.000311522,32,S6_worst_case_no_intervention,indonesia,USDC
617,0.7499490389241834,10040875.650303734,32,S6_worst_case_no_intervention,indonesia,USDC
618,0.7514155997001178,9789853.759046141,32,S6_worst_case_no_intervention,indonesia,USDC
619,0.7769099183549257,9545107.415069988,32,S6_worst_case_no_intervention,indonesia,USDC
620,0.7711313867669927,9306479.729693238,32,S6_worst_case_no_intervention,indonesia,USDC
621,0.7802157754067218,9073817.736450907,32,S6_worst_case_no_intervention,indonesia,USDC
622,0.79017407777562,8846972.293039635,32,S6_worst_case_no_intervention,indonesia,USDC
623,0.7857005065649723,8625797.985713644,32,S6_worst_case_no_intervention,indonesia,USDC
624,0.7704101323293058,8410153.036070801,32,S6_worst_case_no_intervention,indonesia,USDC
625,0.7960940172477381,8199899.210169032,32,S6_worst_case_no_intervention,indonesia,USDC
626,0.8213437995420264,7994901.729914807,32,S6_worst_case_no_intervention,indonesia,USDC
627,0.8332995613457225,7795029.186666936,32,S6_worst_case_no_intervention,indonesia,USDC
628,0.812924241902348,7600153.457000263,32,S6_worst_case_no_intervention,indonesia,USDC
629,0.7878625914704819,7410149.620575257,32,S6_worst_case_no_intervention,indonesia,USDC
630,0.7606803606605951,7224895.880060874,32,S6_worst_case_no_intervention,indonesia,USDC
631,0.7742941411344975,7044273.483059353,32,S6_worst_case_no_intervention,indonesia,USDC
632,0.762768129813063,6868166.645982869,32,S6_worst_case_no_intervention,indonesia,USDC
633,0.7703935724380443,6696462.479833297,32,S6_worst_case_no_intervention,indonesia,USDC
634,0.7658784191203553,6529050.917837466,32,S6_worst_case_no_intervention,indonesia,USDC
635,0.7608408200444656,6365824.644891528,32,S6_worst_case_no_intervention,indonesia,USDC
636,0.7622450008852812,6206679.028769241,32,S6_worst_case_no_intervention,indonesia,USDC
637,0.7772301610175149,6051512.0530500095,32,S6_worst_case_no_intervention,indonesia,USDC
638,0.8000802421945237,5900224.251723759,32,S6_worst_case_no_intervention,indonesia,USDC
639,0.7730256794793692,5752718.645430665,32,S6_worst_case_no_intervention,indonesia,USDC
640,0.7573398230971312,5608900.679294899,32,S6_worst_case_no_intervention,indonesia,USDC
641,0.7387115203472453,5468678.162312526,32,S6_worst_case_no_intervention,indonesia,USDC
642,0.7406133253571959,5331961.208254713,32,S6_worst_case_no_intervention,indonesia,USDC
643,0.7367007265620227,5198662.178048344,32,S6_worst_case_no_intervention,indonesia,USDC
644,0.7418199531572469,5068695.623597137,32,S6_worst_case_no_intervention,indonesia,USDC
645,0.7642128470476333,4941978.2330072075,32,S6_worst_case_no_intervention,indonesia,USDC
646,0.7831017180300829,4818428.777182028,32,S6_worst_case_no_intervention,indonesia,USDC
647,0.7770683773238589,4697968.057752477,32,S6_worst_case_no_intervention,indonesia,USDC
648,0.7930770993766774,4580518.856308665,32,S6_worst_case_no_intervention,indonesia,USDC
649,0.7977349878816167,4466005.884900948,32,S6_worst_case_no_intervention,indonesia,USDC
650,0.8089734820119014,4354355.737778424,32,S6_worst_case_no_intervention,indonesia,USDC
651,0.794553551419495,4245496.8443339635,32,S6_worst_case_no_intervention,indonesia,USDC
652,0.7989389190911741,4139359.4232256147,32,S6_worst_case_no_intervention,indonesia,USDC
653,0.8028489105506126,4035875.437644975,32,S6_worst_case_no_intervention,indonesia,USDC
654,0.7795844044524104,3934978.55170385,32,S6_worst_case_no_intervention,indonesia,USDC
655,0.761640185389891,3836604.087911254,32,S6_worst_case_no_intervention,indonesia,USDC
656,0.7512951985692775,3740688.9857134726,32,S6_worst_case_no_intervention,indonesia,USDC
657,0.7524290294163072,3647171.761070635,32,S6_worst_case_no_intervention,indonesia,USDC
658,0.7731688040125012,3555992.4670438697,32,S6_worst_case_no_intervention,indonesia,USDC
659,0.7939751193429424,3467092.655367773,32,S6_worst_case_no_intervention,indonesia,USDC
660,0.8096668304292616,3380415.3389835786,32,S6_worst_case_no_intervention,indonesia,USDC
661,0.8028766264226134,3295904.9555089893,32,S6_worst_case_no_intervention,indonesia,USDC
662,0.8195251737509847,3213507.331621265,32,S6_worst_case_no_intervention,indonesia,USDC
663,0.7958212839811217,3133169.648330733,32,S6_worst_case_no_intervention,indonesia,USDC
664,0.816264675442835,3054840.407122465,32,S6_worst_case_no_intervention,indonesia,USDC
665,0.8112266198947196,2978469.396944403,32,S6_worst_case_no_intervention,indonesia,USDC
666,0.8105638844454627,2904007.662020793,32,S6_worst_case_no_intervention,indonesia,USDC
667,0.7862590072594615,2831407.470470273,32,S6_worst_case_no_intervention,indonesia,USDC
668,0.7632496476423017,2760622.2837085165,32,S6_worst_case_no_intervention,indonesia,USDC
669,0.753510291557235,2691606.726615804,32,S6_worst_case_no_intervention,indonesia,USDC
670,0.7642059413805711,2624316.5584504083,32,S6_worst_case_no_intervention,indonesia,USDC
671,0.7694922733500773,2558708.6444891486,32,S6_worst_case_no_intervention,indonesia,USDC
672,0.7780256612174549,2494740.9283769196,32,S6_worst_case_no_intervention,indonesia,USDC
673,0.7740760293967267,2432372.4051674968,32,S6_worst_case_no_intervention,indonesia,USDC
674,0.7810705777105372,2371563.095038309,32,S6_worst_case_no_intervention,indonesia,USDC
675,0.8230875358379323,2312274.017662351,32,S6_worst_case_no_intervention,indonesia,USDC
676,0.7991589530650283,2254467.1672207927,32,S6_worst_case_no_intervention,indonesia,USDC
677,0.8069133430526255,2198105.488040273,32,S6_worst_case_no_intervention,indonesia,USDC
678,0.7789752772587029,2143152.850839266,32,S6_worst_case_no_intervention,indonesia,USDC
679,0.7782615314524449,2089574.0295682845,32,S6_worst_case_no_intervention,indonesia,USDC
680,0.802116580545335,2037334.6788290774,32,S6_worst_case_no_intervention,indonesia,USDC
681,0.8195064863088234,1986401.3118583504,32,S6_worst_case_no_intervention,indonesia,USDC
682,0.8207612498207141,1936741.2790618916,32,S6_worst_case_no_intervention,indonesia,USDC
683,0.7951144667680918,1888322.7470853445,32,S6_worst_case_no_intervention,indonesia,USDC
684,0.8222444165132642,1841114.6784082106,32,S6_worst_case_no_intervention,indonesia,USDC
685,0.7977446444411124,1795086.8114480055,32,S6_worst_case_no_intervention,indonesia,USDC
686,0.7902939993923429,1750209.6411618053,32,S6_worst_case_no_intervention,indonesia,USDC
687,0.800731735037296,1706454.4001327602,32,S6_worst_case_no_intervention,indonesia,USDC
688,0.8086497226585847,1663793.040129441,32,S6_worst_case_no_intervention,indonesia,USDC
689,0.8041379151976471,1622198.214126205,32,S6_worst_case_no_intervention,indonesia,USDC
690,0.8145243779595301,1581643.2587730498,32,S6_worst_case_no_intervention,indonesia,USDC
691,0.7846675589389347,1542102.1773037235,32,S6_worst_case_no_intervention,indonesia,USDC
692,0.7914799117248973,1503549.6228711305,32,S6_worst_case_no_intervention,indonesia,USDC
693,0.8078656666509842,1465960.8822993522,32,S6_worst_case_no_intervention,indonesia,USDC
694,0.795627278174493,1429311.8602418685,32,S6_worst_case_no_intervention,indonesia,USDC
695,0.7677881797323446,1393579.0637358218,32,S6_worst_case_no_intervention,indonesia,USDC
696,0.7961898440578424,1358739.5871424263,32,S6_worst_case_no_intervention,indonesia,USDC
697,0.8064124465517517,1324771.0974638653,32,S6_worst_case_no_intervention,indonesia,USDC
698,0.7847166127982523,1291651.820027269,32,S6_worst_case_no_intervention,indonesia,USDC
699,0.7806859124175602,1259360.524526587,32,S6_worst_case_no_intervention,indonesia,USDC
700,0.7976427415844274,1227876.5114134224,32,S6_worst_case_no_intervention,indonesia,USDC
701,0.785945500895546,1197179.598628087,32,S6_worst_case_no_intervention,indonesia,USDC
702,0.8080900442505282,1167250.1086623846,32,S6_worst_case_no_intervention,indonesia,USDC
703,0.8069348874139596,1138068.855945825,32,S6_worst_case_no_intervention,indonesia,USDC
704,0.7724177207761913,1109617.1345471796,32,S6_worst_case_no_intervention,indonesia,USDC
705,0.7766974545724662,1081876.7061835001,32,S6_worst_case_no_intervention,indonesia,USDC
706,0.7571434781009632,1054829.7885289125,32,S6_worst_case_no_intervention,indonesia,USDC
707,0.7579085190248199,1028459.0438156896,32,S6_worst_case_no_intervention,indonesia,USDC
708,0.7875062871025419,1002747.5677202975,32,S6_worst_case_no_intervention,indonesia,USDC
709,0.7917647519379344,977678.8785272902,32,S6_worst_case_no_intervention,indonesia,USDC
710,0.8137310866152087,953236.9065641079,32,S6_worst_case_no_intervention,indonesia,USDC
711,0.8050357618614528,929405.9839000052,32,S6_worst_case_no_intervention,indonesia,USDC
712,0.8172580380313249,906170.834302505,32,S6_worst_case_no_intervention,indonesia,USDC
713,0.8106392295961161,883516.5634449425,32,S6_worst_case_no_intervention,indonesia,USDC
714,0.8291597631636172,861428.6493588188,32,S6_worst_case_no_intervention,indonesia,USDC
715,0.8466018326788867,839892.9331248484,32,S6_worst_case_no_intervention,indonesia,USDC
716,0.8640081246020969,818895.6097967271,32,S6_worst_case_no_intervention,indonesia,USDC
717,0.8773832628909511,798423.2195518089,32,S6_worst_case_no_intervention,indonesia,USDC
718,0.8838152610457569,778462.6390630137,32,S6_worst_case_no_intervention,indonesia,USDC
719,0.8498657880376582,759001.0730864384,32,S6_worst_case_no_intervention,indonesia,USDC
720,0.8526891707988056,740026.0462592774,32,S6_worst_case_no_intervention,indonesia,USDC
721,0.8266203986425589,721525.3951027954,32,S6_worst_case_no_intervention,indonesia,USDC
722,0.7987785284567289,703487.2602252255,32,S6_worst_case_no_intervention,indonesia,USDC
723,0.7796064028723052,685900.078719595,32,S6_worst_case_no_intervention,indonesia,USDC
724,0.7982035929773178,668752.576751605,32,S6_worst_case_no_intervention,indonesia,USDC
725,0.8303631249330172,652033.762332815,32,S6_worst_case_no_intervention,indonesia,USDC
726,0.8127841834833648,635732.9182744946,32,S6_worst_case_no_intervention,indonesia,USDC
727,0.7959325584158334,619839.5953176322,32,S6_worst_case_no_intervention,indonesia,USDC
728,0.8178449660569205,604343.6054346914,32,S6_worst_case_no_intervention,indonesia,USDC
729,0.8003067818740047,589235.0152988241,32,S6_worst_case_no_intervention,indonesia,USDC
730,0.800493158923893,574504.1399163534,32,S6_worst_case_no_intervention,indonesia,USDC
731,0.7980154727164789,560141.5364184447,32,S6_worst_case_no_intervention,indonesia,USDC
732,0.7856331389304455,546137.9980079836,32,S6_worst_case_no_intervention,indonesia,USDC
733,0.7716105985621641,532484.548057784,32,S6_worst_case_no_intervention,indonesia,USDC
734,0.7819034484401592,519172.43435633933,32,S6_worst_case_no_intervention,indonesia,USDC
735,0.7561609396426744,506193.1234974308,32,S6_worst_case_no_intervention,indonesia,USDC
736,0.7795582043052985,493538.29540999513,32,S6_worst_case_no_intervention,indonesia,USDC
737,0.7881980806637129,481199.83802474523,32,S6_worst_case_no_intervention,indonesia,USDC
738,0.7949189646582278,469169.8420741266,32,S6_worst_case_no_intervention,indonesia,USDC
739,0.7931218784012415,457440.5960222734,32,S6_worst_case_no_intervention,indonesia,USDC
740,0.8116263941389881,446004.58112171653,32,S6_worst_case_no_intervention,indonesia,USDC
741,0.8372650909290149,434854.4665936737,32,S6_worst_case_no_intervention,indonesia,USDC
742,0.8271253896040482,423983.10492883186,32,S6_worst_case_no_intervention,indonesia,USDC
743,0.8368214430911293,413383.52730561106,32,S6_worst_case_no_intervention,indonesia,USDC
744,0.8073646706447499,403048.9391229708,32,S6_worst_case_no_intervention,indonesia,USDC
745,0.7901297320899744,392972.7156448965,32,S6_worst_case_no_intervention,indonesia,USDC
746,0.7903806222921158,383148.39775377413,32,S6_worst_case_no_intervention,indonesia,USDC
747,0.7899250586952635,373569.6878099298,32,S6_worst_case_no_intervention,indonesia,USDC
748,0.7892705780921215,364230.4456146815,32,S6_worst_case_no_intervention,indonesia,USDC
749,0.7498574091099586,355124.6844743145,32,S6_worst_case_no_intervention,indonesia,USDC
750,0.755344764521477,346246.56736245664,32,S6_worst_case_no_intervention,indonesia,USDC
751,0.7758204815128816,337590.40317839524,32,S6_worst_case_no_intervention,indonesia,USDC
752,0.7677452844332441,329150.64309893537,32,S6_worst_case_no_intervention,indonesia,USDC
753,0.7730185952709652,320921.87702146196,32,S6_worst_case_no_intervention,indonesia,USDC
754,0.7779311815383397,312898.8300959254,32,S6_worst_case_no_intervention,indonesia,USDC
755,0.7656130966031687,305076.3593435273,32,S6_worst_case_no_intervention,indonesia,USDC
756,0.7483303925747916,297449.45035993913,32,S6_worst_case_no_intervention,indonesia,USDC
757,0.7420229720094996,290013.2141009406,32,S6_worst_case_no_intervention,indonesia,USDC
758,0.7623038034781626,282762.8837484171,32,S6_worst_case_no_intervention,indonesia,USDC
759,0.7621995856540502,275693.81165470666,32,S6_worst_case_no_intervention,indonesia,USDC
760,0.7647765669497073,268801.466363339,32,S6_worst_case_no_intervention,indonesia,USDC
761,0.7624318346201185,262081.42970425548,32,S6_worst_case_no_intervention,indonesia,USDC
762,0.7823274685396097,255529.39396164913,32,S6_worst_case_no_intervention,indonesia,USDC
763,0.7660332066609354,249141.1591126079,32,S6_worst_case_no_intervention,indonesia,USDC
764,0.7826538303615936,242912.6301347927,32,S6_worst_case_no_intervention,indonesia,USDC
765,0.7819216190560638,236839.81438142288,32,S6_worst_case_no_intervention,indonesia,USDC
766,0.7991377464844593,230918.81902188732,32,S6_worst_case_no_intervention,indonesia,USDC
767,0.8043886189969025,225145.84854634013,32,S6_worst_case_no_intervention,indonesia,USDC
768,0.8072422746108344,219517.20233268163,32,S6_worst_case_no_intervention,indonesia,USDC
769,0.7837215468472954,214029.27227436457,32,S6_worst_case_no_intervention,indonesia,USDC
770,0.6671062431086644,208678.54046750546,32,S6_worst_case_no_intervention,indonesia,USDC
771,0.6834273765283025,203461.5769558178,32,S6_worst_case_no_intervention,indonesia,USDC
772,0.7003572185699684,198375.03753192237,32,S6_worst_case_no_intervention,indonesia,USDC
773,0.7206436570730378,193415.66159362433,32,S6_worst_case_no_intervention,indonesia,USDC
774,0.7373039526850919,188580.27005378372,32,S6_worst_case_no_intervention,indonesia,USDC
775,0.7324804471476137,183865.76330243913,32,S6_worst_case_no_intervention,indonesia,USDC
776,0.7388687643933615,179269.11921987814,32,S6_worst_case_no_intervention,indonesia,USDC
777,0.7354677765229501,174787.3912393812,32,S6_worst_case_no_intervention,indonesia,USDC
778,0.7454057497491492,170417.70645839666,32,S6_worst_case_no_intervention,indonesia,USDC
779,0.7641876811850975,166157.26379693675,32,S6_worst_case_no_intervention,indonesia,USDC
780,0.7819366549559374,162003.33220201332,32,S6_worst_case_no_intervention,indonesia,USDC
781,0.7650932220659875,157953.24889696302,32,S6_worst_case_no_intervention,indonesia,USDC
782,0.7656975223566966,154004.4176745389,32,S6_worst_case_no_intervention,indonesia,USDC
783,0.7615344366413248,150154.30723267543,32,S6_worst_case_no_intervention,indonesia,USDC
784,0.7584416569949998,146400.44955185856,32,S6_worst_case_no_intervention,indonesia,USDC
785,0.7266861279624427,142740.4383130621,32,S6_worst_case_no_intervention,indonesia,USDC
786,0.756813454782308,139171.92735523556,32,S6_worst_case_no_intervention,indonesia,USDC
787,0.7631121524461622,135692.62917135464,32,S6_worst_case_no_intervention,indonesia,USDC
788,0.7522628624574453,132300.3134420708,32,S6_worst_case_no_intervention,indonesia,USDC
789,0.7456248152136732,128992.80560601901,32,S6_worst_case_no_intervention,indonesia,USDC
790,0.7607182943302556,125767.98546586852,32,S6_worst_case_no_intervention,indonesia,USDC
791,0.7595603393749097,122623.78582922182,32,S6_worst_case_no_intervention,indonesia,USDC
792,0.7821336984192482,119558.19118349126,32,S6_worst_case_no_intervention,indonesia,USDC
793,0.7600927153225236,116569.23640390398,32,S6_worst_case_no_intervention,indonesia,USDC
794,0.7593366671026219,113655.00549380635,32,S6_worst_case_no_intervention,indonesia,USDC
795,0.7725791116776917,110813.6303564612,32,S6_worst_case_no_intervention,indonesia,USDC
796,0.7371225058787405,108043.28959754968,32,S6_worst_case_no_intervention,indonesia,USDC
797,0.712800126133222,105342.20735761094,32,S6_worst_case_no_intervention,indonesia,USDC
798,0.7089321187770993,102708.65217367068,32,S6_worst_case_no_intervention,indonesia,USDC
799,0.727253248043762,100140.93586932891,32,S6_worst_case_no_intervention,indonesia,USDC
800,0.7391908948876753,97637.41247259568,32,S6_worst_case_no_intervention,indonesia,USDC
801,0.7717033019181263,95196.47716078079,32,S6_worst_case_no_intervention,indonesia,USDC
802,0.7928558115353141,92816.56523176127,32,S6_worst_case_no_intervention,indonesia,USDC
803,0.7938371508161526,90496.15110096724,32,S6_worst_case_no_intervention,indonesia,USDC
804,0.8099977858994718,88233.74732344307,32,S6_worst_case_no_intervention,indonesia,USDC
805,0.7967499493120833,86027.90364035699,32,S6_worst_case_no_intervention,indonesia,USDC
806,0.7975650579247625,83877.20604934807,32,S6_worst_case_no_intervention,indonesia,USDC
807,0.7975761760859454,81780.27589811437,32,S6_worst_case_no_intervention,indonesia,USDC
808,0.8280027569658135,79735.7690006615,32,S6_worst_case_no_intervention,indonesia,USDC
809,0.858732379676571,77742.37477564497,32,S6_worst_case_no_intervention,indonesia,USDC
810,0.8429675869714915,75798.81540625384,32,S6_worst_case_no_intervention,indonesia,USDC
811,0.8515577935900589,73903.8450210975,32,S6_worst_case_no_intervention,indonesia,USDC
812,0.87068915348145,72056.24889557005,32,S6_worst_case_no_intervention,indonesia,USDC
813,0.8525822937280012,70254.84267318081,32,S6_worst_case_no_intervention,indonesia,USDC
814,0.855177512421007,68498.47160635129,32,S6_worst_case_no_intervention,indonesia,USDC
815,0.8562040872888089,66786.00981619251,32,S6_worst_case_no_intervention,indonesia,USDC
816,0.8266352152327949,65116.359570787696,32,S6_worst_case_no_intervention,indonesia,USDC
817,0.8391712437276887,63488.45058151801,32,S6_worst_case_no_intervention,indonesia,USDC
818,0.8538370568010728,61901.23931698005,32,S6_worst_case_no_intervention,indonesia,USDC
819,0.8211001359289466,60353.708334055555,32,S6_worst_case_no_intervention,indonesia,USDC
820,0.8126011015765563,58844.86562570416,32,S6_worst_case_no_intervention,indonesia,USDC
821,0.808758680135909,57373.74398506156,32,S6_worst_case_no_intervention,indonesia,USDC
822,0.7926806189023862,55939.40038543502,32,S6_worst_case_no_intervention,indonesia,USDC
823,0.789066946505399,54540.915375799144,32,S6_worst_case_no_intervention,indonesia,USDC
824,0.7781157973042462,53177.39249140417,32,S6_worst_case_no_intervention,indonesia,USDC
825,0.7616260889303956,51847.95767911906,32,S6_worst_case_no_intervention,indonesia,USDC
826,0.7644055044882834,50551.758737141085,32,S6_worst_case_no_intervention,indonesia,USDC
827,0.7456552086988828,49287.964768712554,32,S6_worst_case_no_intervention,indonesia,USDC
828,0.7596213234576628,48055.765649494744,32,S6_worst_case_no_intervention,indonesia,USDC
829,0.7486821173096918,46854.371508257376,32,S6_worst_case_no_intervention,indonesia,USDC
830,0.7551775332531326,45683.01222055095,32,S6_worst_case_no_intervention,indonesia,USDC
831,0.744862254285198,44540.93691503718,32,S6_worst_case_no_intervention,indonesia,USDC
832,0.761726714854481,43427.41349216124,32,S6_worst_case_no_intervention,indonesia,USDC
833,0.7645265397581714,42341.72815485722,32,S6_worst_case_no_intervention,indonesia,USDC
834,0.7410156086340797,41283.184950985786,32,S6_worst_case_no_intervention,indonesia,USDC
835,0.7520014444228439,40251.105327211146,32,S6_worst_case_no_intervention,indonesia,USDC
836,0.7532687941270977,39244.82769403086,32,S6_worst_case_no_intervention,indonesia,USDC
837,0.7799578830157579,38263.70700168009,32,S6_worst_case_no_intervention,indonesia,USDC
838,0.7609887052715315,37307.11432663809,32,S6_worst_case_no_intervention,indonesia,USDC
839,0.7400533694295998,36374.43646847214,32,S6_worst_case_no_intervention,indonesia,USDC
840,0.7381053383838542,35465.075556760334,32,S6_worst_case_no_intervention,indonesia,USDC
841,0.7392637923898738,34578.44866784132,32,S6_worst_case_no_intervention,indonesia,USDC
842,0.7587987250219308,33713.987451145294,32,S6_worst_case_no_intervention,indonesia,USDC
843,0.7808741743429984,32871.13776486666,32,S6_worst_case_no_intervention,indonesia,USDC
844,0.7282400636747497,32049.359320744992,32,S6_worst_case_no_intervention,indonesia,USDC
845,0.7569783094531443,31248.12533772637,32,S6_worst_case_no_intervention,indonesia,USDC
846,0.7508619401371163,30466.92220428321,32,S6_worst_case_no_intervention,indonesia,USDC
847,0.7460507059926991,29705.24914917613,32,S6_worst_case_no_intervention,indonesia,USDC
848,0.7307356523313996,28962.617920446726,32,S6_worst_case_no_intervention,indonesia,USDC
849,0.7431852298576389,28238.552472435556,32,S6_worst_case_no_intervention,indonesia,USDC
850,0.7485114346941619,27532.588660624668,32,S6_worst_case_no_intervention,indonesia,USDC
851,0.7618354421175151,26844.273944109053,32,S6_worst_case_no_intervention,indonesia,USDC
852,0.7752108614186722,26173.167095506324,32,S6_worst_case_no_intervention,indonesia,USDC
853,0.7801040434084926,25518.83791811867,32,S6_worst_case_no_intervention,indonesia,USDC
854,0.7743463389809088,24880.8669701657,32,S6_worst_case_no_intervention,indonesia,USDC
855,0.7553047274624011,24258.84529591156,32,S6_worst_case_no_intervention,indonesia,USDC
856,0.7809780469327237,23652.37416351377,32,S6_worst_case_no_intervention,indonesia,USDC
857,0.779922641165259,23061.064809425927,32,S6_worst_case_no_intervention,indonesia,USDC
858,0.8049002989739087,22484.538189190276,32,S6_worst_case_no_intervention,indonesia,USDC
859,0.7860068554205628,21922.42473446052,32,S6_worst_case_no_intervention,indonesia,USDC
860,0.7754422615992835,21374.36411609901,32,S6_worst_case_no_intervention,indonesia,USDC
861,0.776342906854074,20840.005013196533,32,S6_worst_case_no_intervention,indonesia,USDC
862,0.7807864759809513,20319.00488786662,32,S6_worst_case_no_intervention,indonesia,USDC
863,0.8154102174505931,19811.02976566995,32,S6_worst_case_no_intervention,indonesia,USDC
864,0.7832501676970868,19315.754021528202,32,S6_worst_case_no_intervention,indonesia,USDC
865,0.8004914264785565,18832.860170989996,32,S6_worst_case_no_intervention,indonesia,USDC
866,0.7983837393867554,18362.03866671525,32,S6_worst_case_no_intervention,indonesia,USDC
867,0.8000637791079905,17902.987700047364,32,S6_worst_case_no_intervention,indonesia,USDC
868,0.8017781570547798,17455.413007546184,32,S6_worst_case_no_intervention,indonesia,USDC
869,0.797093951069424,17019.027682357526,32,S6_worst_case_no_intervention,indonesia,USDC
870,0.7847379145769513,16593.55199029859,32,S6_worst_case_no_intervention,indonesia,USDC
871,0.7774587938621215,16178.713190541126,32,S6_worst_case_no_intervention,indonesia,USDC
872,0.7691520234473208,15774.245360777597,32,S6_worst_case_no_intervention,indonesia,USDC
873,0.784840811401106,15379.889226758156,32,S6_worst_case_no_intervention,indonesia,USDC
874,0.7685966579472042,14995.391996089202,32,S6_worst_case_no_intervention,indonesia,USDC
875,0.7570093347464492,14620.507196186973,32,S6_worst_case_no_intervention,indonesia,USDC
876,0.7570461880621883,14254.994516282297,32,S6_worst_case_no_intervention,indonesia,USDC
877,0.7482415653344746,13898.619653375239,32,S6_worst_case_no_intervention,indonesia,USDC
878,0.750376608182183,13551.154162040859,32,S6_worst_case_no_intervention,indonesia,USDC
879,0.7646907367987782,13212.375307989838,32,S6_worst_case_no_intervention,indonesia,USDC
880,0.7558384785566641,12882.065925290091,32,S6_worst_case_no_intervention,indonesia,USDC
881,0.7615671818212464,12560.01427715784,32,S6_worst_case_no_intervention,indonesia,USDC
882,0.7605989956980049,12246.013920228892,32,S6_worst_case_no_intervention,indonesia,USDC
883,0.7926951086661841,11939.86357222317,32,S6_worst_case_no_intervention,indonesia,USDC
884,0.7909096053749439,11641.36698291759,32,S6_worst_case_no_intervention,indonesia,USDC
885,0.8252030595495667,11350.33280834465,32,S6_worst_case_no_intervention,indonesia,USDC
886,0.8081235694225435,11066.574488136035,32,S6_worst_case_no_intervention,indonesia,USDC
887,0.7961028555179133,10789.910125932634,32,S6_worst_case_no_intervention,indonesia,USDC
888,0.7936658384619222,10520.162372784318,32,S6_worst_case_no_intervention,indonesia,USDC
889,0.7998535558376347,10257.158313464712,32,S6_worst_case_no_intervention,indonesia,USDC
890,0.8017953577578235,10000.729355628093,32,S6_worst_case_no_intervention,indonesia,USDC
891,0.8070177395793188,9750.71112173739,32,S6_worst_case_no_intervention,indonesia,USDC
892,0.8118411305724882,9506.943343693956,32,S6_worst_case_no_intervention,indonesia,USDC
893,0.806664015554587,9269.269760101608,32,S6_worst_case_no_intervention,indonesia,USDC
894,0.8008513972626534,9037.538016099066,32,S6_worst_case_no_intervention,indonesia,USDC
895,0.7917106786366176,8811.59956569659,32,S6_worst_case_no_intervention,indonesia,USDC
896,0.7648368599038654,8591.309576554177,32,S6_worst_case_no_intervention,indonesia,USDC
897,0.7680505706716699,8376.526837140322,32,S6_worst_case_no_intervention,indonesia,USDC
898,0.7628123085872064,8167.113666211813,32,S6_worst_case_no_intervention,indonesia,USDC
899,0.7747545214181614,7962.935824556518,32,S6_worst_case_no_intervention,indonesia,USDC
900,0.7978301535388465,7763.862428942605,32,S6_worst_case_no_intervention,indonesia,USDC
901,0.7940008150336452,7569.7658682190395,32,S6_worst_case_no_intervention,indonesia,USDC
902,0.7738680629614326,7380.5217215135635,32,S6_worst_case_no_intervention,indonesia,USDC
903,0.785319541217131,7196.008678475724,32,S6_worst_case_no_intervention,indonesia,USDC
904,0.8088814092186467,7016.108461513831,32,S6_worst_case_no_intervention,indonesia,USDC
905,0.7896442550310452,6840.705749975986,32,S6_worst_case_no_intervention,indonesia,USDC
906,0.772034696858139,6669.688106226587,32,S6_worst_case_no_intervention,indonesia,USDC
907,0.7613971646137844,6502.945903570922,32,S6_worst_case_no_intervention,indonesia,USDC
908,0.7884295409119209,6340.372255981648,32,S6_worst_case_no_intervention,indonesia,USDC
909,0.7791154539450567,6181.862949582108,32,S6_worst_case_no_intervention,indonesia,USDC
910,0.7658863762122381,6027.316375842554,32,S6_worst_case_no_intervention,indonesia,USDC
911,0.7702018206186554,5876.63346644649,32,S6_worst_case_no_intervention,indonesia,USDC
912,0.7704072436015744,5729.717629785328,32,S6_worst_case_no_intervention,indonesia,USDC
913,0.765283106876508,5586.474689040696,32,S6_worst_case_no_intervention,indonesia,USDC
914,0.7655778870383689,5446.812821814678,32,S6_worst_case_no_intervention,indonesia,USDC
915,0.759114844188549,5310.642501269311,32,S6_worst_case_no_intervention,indonesia,USDC
916,0.7673224205068734,5177.876438737578,32,S6_worst_case_no_intervention,indonesia,USDC
917,0.7823644303261398,5048.429527769139,32,S6_worst_case_no_intervention,indonesia,USDC
918,0.8139541001424347,4922.21878957491,32,S6_worst_case_no_intervention,indonesia,USDC
919,0.7927236735316177,4799.163319835538,32,S6_worst_case_no_intervention,indonesia,USDC
920,0.8054806088503699,4679.184236839649,32,S6_worst_case_no_intervention,indonesia,USDC
921,0.8124536852323643,4562.204630918658,32,S6_worst_case_no_intervention,indonesia,USDC
922,0.822481307911972,4448.149515145691,32,S6_worst_case_no_intervention,indonesia,USDC
923,0.8212123391641418,4336.945777267049,32,S6_worst_case_no_intervention,indonesia,USDC
924,0.7982563479407805,4228.522132835373,32,S6_worst_case_no_intervention,indonesia,USDC
925,0.7785474531219461,4122.809079514488,32,S6_worst_case_no_intervention,indonesia,USDC
926,0.7603175377225454,4019.738852526627,32,S6_worst_case_no_intervention,indonesia,USDC
927,0.7482133139388742,3919.245381213461,32,S6_worst_case_no_intervention,indonesia,USDC
928,0.7540433014895918,3821.264246683124,32,S6_worst_case_no_intervention,indonesia,USDC
929,0.7771314355085465,3725.732640516046,32,S6_worst_case_no_intervention,indonesia,USDC
930,0.7581268931148847,3632.589324503145,32,S6_worst_case_no_intervention,indonesia,USDC
931,0.7542669838962247,3541.7745913905665,32,S6_worst_case_no_intervention,indonesia,USDC
932,0.739443097131172,3453.2302266058023,32,S6_worst_case_no_intervention,indonesia,USDC
933,0.7401359252808928,3366.899470940657,32,S6_worst_case_no_intervention,indonesia,USDC
934,0.743436974206252,3282.7269841671405,32,S6_worst_case_no_intervention,indonesia,USDC
935,0.7303198396339726,3200.6588095629622,32,S6_worst_case_no_intervention,indonesia,USDC
936,0.732471688699777,3120.642339323888,32,S6_worst_case_no_intervention,indonesia,USDC
937,0.7214724003226393,3042.626280840791,32,S6_worst_case_no_intervention,indonesia,USDC
938,0.7377172109521397,2966.560623819771,32,S6_worst_case_no_intervention,indonesia,USDC
939,0.7459930398767127,2892.396608224277,32,S6_worst_case_no_intervention,indonesia,USDC
940,0.7730189980650006,2820.08669301867,32,S6_worst_case_no_intervention,indonesia,USDC
941,0.7874078073497981,2749.584525693203,32,S6_worst_case_no_intervention,indonesia,USDC
942,0.7722201242210095,2680.8449125508732,32,S6_worst_case_no_intervention,indonesia,USDC
943,0.6749805342524614,2613.8237897371014,32,S6_worst_case_no_intervention,indonesia,USDC
944,0.6753452501123839,2548.4781949936737,32,S6_worst_case_no_intervention,indonesia,USDC
945,0.6968628055932632,2484.766240118832,32,S6_worst_case_no_intervention,indonesia,USDC
946,0.7043619375090513,2422.647084115861,32,S6_worst_case_no_intervention,indonesia,USDC
947,0.7028378284490224,2362.0809070129644,32,S6_worst_case_no_intervention,indonesia,USDC
948,0.7260315317018741,2303.02888433764,32,S6_worst_case_no_intervention,indonesia,USDC
949,0.7442309304454522,2245.4531622291993,32,S6_worst_case_no_intervention,indonesia,USDC
950,0.747499288236362,2189.3168331734696,32,S6_worst_case_no_intervention,indonesia,USDC
951,0.7489810450354155,2134.583912344133,32,S6_worst_case_no_intervention,indonesia,USDC
952,0.7566686279283517,2081.2193145355295,32,S6_worst_case_no_intervention,indonesia,USDC
953,0.7777337562802487,2029.188831672141,32,S6_worst_case_no_intervention,indonesia,USDC
954,0.7936710705876758,1978.4591108803374,32,S6_worst_case_no_intervention,indonesia,USDC
955,0.8203930357072663,1928.997633108329,32,S6_worst_case_no_intervention,indonesia,USDC
956,0.802505766069101,1880.7726922806207,32,S6_worst_case_no_intervention,indonesia,USDC
957,0.8306987574524021,1833.7533749736053,32,S6_worst_case_no_intervention,indonesia,USDC
958,0.822007956992843,1787.9095405992653,32,S6_worst_case_no_intervention,indonesia,USDC
959,0.844014309010829,1743.2118020842834,32,S6_worst_case_no_intervention,indonesia,USDC
960,0.8615683057846866,1699.6315070321764,32,S6_worst_case_no_intervention,indonesia,USDC
961,0.865846976519094,1657.140719356372,32,S6_worst_case_no_intervention,indonesia,USDC
962,0.8386238489471682,1615.712201372463,32,S6_worst_case_no_intervention,indonesia,USDC
963,0.8462511206802724,1575.3193963381514,32,S6_worst_case_no_intervention,indonesia,USDC
964,0.839858265402,1535.9364114296973,32,S6_worst_case_no_intervention,indonesia,USDC
965,0.8540367280916825,1497.538001143955,32,S6_worst_case_no_intervention,indonesia,USDC
966,0.8405370066752857,1460.099551115356,32,S6_worst_case_no_intervention,indonesia,USDC
967,0.8591216234881379,1423.5970623374722,32,S6_worst_case_no_intervention,indonesia,USDC
968,0.8624087343971688,1388.0071357790355,32,S6_worst_case_no_intervention,indonesia,USDC
969,0.86216073018786,1353.3069573845596,32,S6_worst_case_no_intervention,indonesia,USDC
970,0.8376787386927794,1319.4742834499457,32,S6_worst_case_no_intervention,indonesia,USDC
971,0.8481614338837905,1286.4874263636968,32,S6_worst_case_no_intervention,indonesia,USDC
972,0.8389977014607473,1254.3252407046045,32,S6_worst_case_no_intervention,indonesia,USDC
973,0.8005304014843854,1222.9671096869893,32,S6_worst_case_no_intervention,indonesia,USDC
974,0.7707223917352997,1192.3929319448146,32,S6_worst_case_no_intervention,indonesia,USDC
975,0.7979088762481246,1162.5831086461942,32,S6_worst_case_no_intervention,indonesia,USDC
976,0.8046645892363683,1133.5185309300393,32,S6_worst_case_no_intervention,indonesia,USDC
977,0.784069001315783,1105.1805676567883,32,S6_worst_case_no_intervention,indonesia,USDC
978,0.8068073289998925,1077.5510534653686,32,S6_worst_case_no_intervention,indonesia,USDC
979,0.811588616414009,1050.6122771287344,32,S6_worst_case_no_intervention,indonesia,USDC
980,0.7906406924898792,1024.346970200516,32,S6_worst_case_no_intervention,indonesia,USDC
981,0.7842716604262621,998.7382959455031,32,S6_worst_case_no_intervention,indonesia,USDC
982,0.7921507150113223,973.7698385468656,32,S6_worst_case_no_intervention,indonesia,USDC
983,0.8043221776976036,949.425592583194,32,S6_worst_case_no_intervention,indonesia,USDC
984,0.8048769030780409,925.689952768614,32,S6_worst_case_no_intervention,indonesia,USDC
985,0.8471708075845867,902.5477039493987,32,S6_worst_case_no_intervention,indonesia,USDC
986,0.8483003550823559,879.9840113506638,32,S6_worst_case_no_intervention,indonesia,USDC
987,0.868620654046074,857.9844110668971,32,S6_worst_case_no_intervention,indonesia,USDC
988,0.843674989169978,836.5348007902246,32,S6_worst_case_no_intervention,indonesia,USDC
989,0.835691456165387,815.621430770469,32,S6_worst_case_no_intervention,indonesia,USDC
990,0.8369590324616695,795.2308950012075,32,S6_worst_case_no_intervention,indonesia,USDC
991,0.8340737347406925,775.3501226261772,32,S6_worst_case_no_intervention,indonesia,USDC
992,0.8226298313963051,755.9663695605227,32,S6_worst_case_no_intervention,indonesia,USDC
993,0.817386212651808,737.0672103215097,32,S6_worst_case_no_intervention,indonesia,USDC
994,0.8237910835072221,718.6405300634719,32,S6_worst_case_no_intervention,indonesia,USDC
995,0.8074659305799409,700.6745168118852,32,S6_worst_case_no_intervention,indonesia,USDC
996,0.8116021311154568,683.1576538915881,32,S6_worst_case_no_intervention,indonesia,USDC
997,0.8062301783957871,666.0787125442984,32,S6_worst_case_no_intervention,indonesia,USDC
998,0.8129783323088806,649.4267447306909,32,S6_worst_case_no_intervention,indonesia,USDC
999,0.8041979532669444,633.1910761124236,32,S6_worst_case_no_intervention,indonesia,USDC
1000,0.8117565021179743,617.361299209613,32,S6_worst_case_no_intervention,indonesia,USDC
