Step,price,liquidity,iteration,scenario,region,coin
1,1.0108526440784504,2989044809420.1733,380,S6_worst_case_no_intervention,indonesia,USDC
2,0.9973792411257966,2989044809420.1733,380,S6_worst_case_no_intervention,indonesia,USDC
3,1.0039710791569736,2989044809420.1733,380,S6_worst_case_no_intervention,indonesia,USDC
4,1.01180586322147,2989044809420.1733,380,S6_worst_case_no_intervention,indonesia,USDC
5,1.0294036934187012,2989044809420.1733,380,S6_worst_case_no_intervention,indonesia,USDC
6,1.0266788423111852,2989044809420.1733,380,S6_worst_case_no_intervention,indonesia,USDC
7,1.0430774895019983,2989044809420.1733,380,S6_worst_case_no_intervention,indonesia,USDC
8,1.052860368905839,2989044809420.1733,380,S6_worst_case_no_intervention,indonesia,USDC
9,1.0409456879618737,2989044809420.1733,380,S6_worst_case_no_intervention,indonesia,USDC
10,1.0353506627620002,2989044809420.1733,380,S6_worst_case_no_intervention,indonesia,USDC
11,1.0093551717433749,2989044809420.1733,380,S6_worst_case_no_intervention,indonesia,USDC
12,0.9808794496079086,2989044809420.1733,380,S6_worst_case_no_intervention,indonesia,USDC
13,0.9517844692773875,2989044809420.1733,380,S6_worst_case_no_intervention,indonesia,USDC
14,0.9811321075198556,2987918075561.043,380,S6_worst_case_no_intervention,indonesia,USDC
15,0.9585773437693986,2987918075561.043,380,S6_worst_case_no_intervention,indonesia,USDC
16,0.9994761010563729,2987259833568.0425,380,S6_worst_case_no_intervention,indonesia,USDC
17,0.9658237854434348,2987259833568.0425,380,S6_worst_case_no_intervention,indonesia,USDC
18,0.9726600969808071,2987009196010.0454,380,S6_worst_case_no_intervention,indonesia,USDC
19,0.9900676149805542,2987009196010.0454,380,S6_worst_case_no_intervention,indonesia,USDC
20,1.0215355548032068,2987009196010.0454,380,S6_worst_case_no_intervention,indonesia,USDC
21,1.037237028046208,2987009196010.0454,380,S6_worst_case_no_intervention,indonesia,USDC
22,1.0065262189534925,2987009196010.0454,380,S6_worst_case_no_intervention,indonesia,USDC
23,1.012349192574527,2987009196010.0454,380,S6_worst_case_no_intervention,indonesia,USDC
24,0.9896645842273802,2987009196010.0454,380,S6_worst_case_no_intervention,indonesia,USDC
25,0.9628802461343574,2987009196010.0454,380,S6_worst_case_no_intervention,indonesia,USDC
26,0.9350209422591662,2986583740169.3315,380,S6_worst_case_no_intervention,indonesia,USDC
27,0.9210053706114588,2984508835446.6294,380,S6_worst_case_no_intervention,indonesia,USDC
28,0.947545412903238,2981754032716.4795,380,S6_worst_case_no_intervention,indonesia,USDC
29,0.9313723285004809,2980549160991.6914,380,S6_worst_case_no_intervention,indonesia,USDC
30,0.9238932217653185,2978538316767.1426,380,S6_worst_case_no_intervention,indonesia,USDC
31,0.9343952068446854,2976230023145.42,380,S6_worst_case_no_intervention,indonesia,USDC
32,0.9248998461779994,2974535800483.015,380,S6_worst_case_no_intervention,indonesia,USDC
33,0.9456186702370458,2972442226355.9526,380,S6_worst_case_no_intervention,indonesia,USDC
34,0.9665734426819854,2971397706993.7393,380,S6_worst_case_no_intervention,indonesia,USDC
35,0.9799788235208511,2971257611780.6606,380,S6_worst_case_no_intervention,indonesia,USDC
36,0.9788131689538526,2971257611780.6606,380,S6_worst_case_no_intervention,indonesia,USDC
37,0.9934060553096917,2971257611780.6606,380,S6_worst_case_no_intervention,indonesia,USDC
38,0.9723120106158505,2971257611780.6606,380,S6_worst_case_no_intervention,indonesia,USDC
39,0.923822122487452,2971257611780.6606,380,S6_worst_case_no_intervention,indonesia,USDC
40,0.9480326416903839,2969248026608.6357,380,S6_worst_case_no_intervention,indonesia,USDC
41,0.9518460633840742,2968352349647.102,380,S6_worst_case_no_intervention,indonesia,USDC
42,0.9871796203165137,2967616693364.826,380,S6_worst_case_no_intervention,indonesia,USDC
43,1.0001660470374243,2967616693364.826,380,S6_worst_case_no_intervention,indonesia,USDC
44,0.9959598269149073,2967616693364.826,380,S6_worst_case_no_intervention,indonesia,USDC
45,0.930575030913885,2967616693364.826,380,S6_worst_case_no_intervention,indonesia,USDC
46,0.9360823743996246,2966088832364.686,380,S6_worst_case_no_intervention,indonesia,USDC
47,0.931600783720782,2964811774916.552,380,S6_worst_case_no_intervention,indonesia,USDC
48,0.9670045556835856,2963415350058.2524,380,S6_worst_case_no_intervention,indonesia,USDC
49,0.9535556811682234,2963337192495.937,380,S6_worst_case_no_intervention,indonesia,USDC
50,0.9723757787319136,2962769142522.2144,380,S6_worst_case_no_intervention,indonesia,USDC
51,0.9893834020847825,2962769142522.2144,380,S6_worst_case_no_intervention,indonesia,USDC
52,0.972712843898418,2962769142522.2144,380,S6_worst_case_no_intervention,indonesia,USDC
53,0.9802418221346435,2962769142522.2144,380,S6_worst_case_no_intervention,indonesia,USDC
54,0.9654939145999544,2962769142522.2144,380,S6_worst_case_no_intervention,indonesia,USDC
55,0.9628868087796085,2962612477857.248,380,S6_worst_case_no_intervention,indonesia,USDC
56,0.959923292786595,2962398842668.97,380,S6_worst_case_no_intervention,indonesia,USDC
57,0.9511504055792991,2962087892839.9966,380,S6_worst_case_no_intervention,indonesia,USDC
58,0.9756844144577294,2961460375228.8403,380,S6_worst_case_no_intervention,indonesia,USDC
59,1.0207400172325451,2961460375228.8403,380,S6_worst_case_no_intervention,indonesia,USDC
60,1.0180427338742872,2961460375228.8403,380,S6_worst_case_no_intervention,indonesia,USDC
61,0.9929210857320856,2961460375228.8403,380,S6_worst_case_no_intervention,indonesia,USDC
62,0.9679807669680974,2961460375228.8403,380,S6_worst_case_no_intervention,indonesia,USDC
63,1.0034845478231293,2961421735576.493,380,S6_worst_case_no_intervention,indonesia,USDC
64,0.9878307859694746,2961421735576.493,380,S6_worst_case_no_intervention,indonesia,USDC
65,0.9968235010816667,2961421735576.493,380,S6_worst_case_no_intervention,indonesia,USDC
66,1.013564203554566,2961421735576.493,380,S6_worst_case_no_intervention,indonesia,USDC
67,1.0171492508609759,2961421735576.493,380,S6_worst_case_no_intervention,indonesia,USDC
68,1.0110648128419308,2961421735576.493,380,S6_worst_case_no_intervention,indonesia,USDC
69,0.9933506904908904,2961421735576.493,380,S6_worst_case_no_intervention,indonesia,USDC
70,1.0010272392595647,2961421735576.493,380,S6_worst_case_no_intervention,indonesia,USDC
71,0.9509095309007687,2961421735576.493,380,S6_worst_case_no_intervention,indonesia,USDC
72,0.9410188066115909,2960784528660.704,380,S6_worst_case_no_intervention,indonesia,USDC
73,0.9406186778922809,2959836224597.4014,380,S6_worst_case_no_intervention,indonesia,USDC
74,0.9503833155168432,2958957996051.6562,380,S6_worst_case_no_intervention,indonesia,USDC
75,0.9360867534070962,2958353050129.9697,380,S6_worst_case_no_intervention,indonesia,USDC
76,0.9516028233934875,2957367584542.8037,380,S6_worst_case_no_intervention,indonesia,USDC
77,0.9568085238844868,2956830410217.115,380,S6_worst_case_no_intervention,indonesia,USDC
78,0.9815737288555368,2956452541052.9214,380,S6_worst_case_no_intervention,indonesia,USDC
79,0.9505889464872871,2956452541052.9214,380,S6_worst_case_no_intervention,indonesia,USDC
80,0.9472748079949826,2955934705383.6694,380,S6_worst_case_no_intervention,indonesia,USDC
81,0.9364275109701482,2955337607244.1646,380,S6_worst_case_no_intervention,indonesia,USDC
82,0.9848723773458138,2954467402121.9404,380,S6_worst_case_no_intervention,indonesia,USDC
83,0.9895359041592918,2954467402121.9404,380,S6_worst_case_no_intervention,indonesia,USDC
84,0.9757055483417209,2954467402121.9404,380,S6_worst_case_no_intervention,indonesia,USDC
85,0.9570261423534381,2954467402121.9404,380,S6_worst_case_no_intervention,indonesia,USDC
86,0.9686924383649467,2954140828095.5605,380,S6_worst_case_no_intervention,indonesia,USDC
87,0.9528074527182573,2954116803032.358,380,S6_worst_case_no_intervention,indonesia,USDC
88,0.9002057227993248,2953717613613.382,380,S6_worst_case_no_intervention,indonesia,USDC
89,0.9234674262137147,2951942334711.1353,380,S6_worst_case_no_intervention,indonesia,USDC
90,0.9213681874393251,2950915833228.241,380,S6_worst_case_no_intervention,indonesia,USDC
91,0.9440821216324863,2949843846584.225,380,S6_worst_case_no_intervention,indonesia,USDC
92,0.9268205907072834,2949322481005.1177,380,S6_worst_case_no_intervention,indonesia,USDC
93,0.9333968008394078,2948487389403.4595,380,S6_worst_case_no_intervention,indonesia,USDC
94,0.9186938654281714,2947753718653.641,380,S6_worst_case_no_intervention,indonesia,USDC
95,0.9455446532826866,2946764149772.3784,380,S6_worst_case_no_intervention,indonesia,USDC
96,0.9423497701405736,2946366387286.7666,380,S6_worst_case_no_intervention,indonesia,USDC
97,0.9556190033544966,2945906815799.624,380,S6_worst_case_no_intervention,indonesia,USDC
98,0.9499447522469834,2945695398454.52,380,S6_worst_case_no_intervention,indonesia,USDC
99,0.9470872122469661,2945365425027.921,380,S6_worst_case_no_intervention,indonesia,USDC
100,0.9448876394087325,2944979908737.798,380,S6_worst_case_no_intervention,indonesia,USDC
101,0.7947907370043047,2944597553651.0576,380,S6_worst_case_no_intervention,indonesia,USDC
102,0.8253141773015641,2941788290914.714,380,S6_worst_case_no_intervention,indonesia,USDC
103,0.8341201187953491,2939964077610.976,380,S6_worst_case_no_intervention,indonesia,USDC
104,0.8454490174323749,2938434480843.339,380,S6_worst_case_no_intervention,indonesia,USDC
105,0.8741403183315645,2937253774890.32,380,S6_worst_case_no_intervention,indonesia,USDC
106,0.8748524707947557,2936477909300.292,380,S6_worst_case_no_intervention,indonesia,USDC
107,0.8998021398721153,2935748794776.654,380,S6_worst_case_no_intervention,indonesia,USDC
108,0.9117522676726,2935275053698.5874,380,S6_worst_case_no_intervention,indonesia,USDC
109,0.8915029895323981,2934919763875.603,380,S6_worst_case_no_intervention,indonesia,USDC
110,0.9136922650175903,2934444334637.0625,380,S6_worst_case_no_intervention,indonesia,USDC
111,0.9437057753615054,2934130896456.708,380,S6_worst_case_no_intervention,indonesia,USDC
112,0.9845716169621159,2933997954809.1406,380,S6_worst_case_no_intervention,indonesia,USDC
113,0.984564915756626,2933997954809.1406,380,S6_worst_case_no_intervention,indonesia,USDC
114,0.9782644981215838,2933997954809.1406,380,S6_worst_case_no_intervention,indonesia,USDC
115,0.9585856499014105,2933997954809.1406,380,S6_worst_case_no_intervention,indonesia,USDC
116,0.9708220819751613,2933943171653.988,380,S6_worst_case_no_intervention,indonesia,USDC
117,0.9853308946913399,2933943171653.988,380,S6_worst_case_no_intervention,indonesia,USDC
118,1.00434776957219,2933943171653.988,380,S6_worst_case_no_intervention,indonesia,USDC
119,1.0118635032871122,2933943171653.988,380,S6_worst_case_no_intervention,indonesia,USDC
120,1.0205817329691134,2933943171653.988,380,S6_worst_case_no_intervention,indonesia,USDC
121,0.9983137089767632,2860594592362.6377,380,S6_worst_case_no_intervention,indonesia,USDC
122,0.9632329352242662,2789079727553.5723,380,S6_worst_case_no_intervention,indonesia,USDC
123,0.9249613971939434,2719328467303.8125,380,S6_worst_case_no_intervention,indonesia,USDC
124,0.8834573789325864,2651124629794.666,380,S6_worst_case_no_intervention,indonesia,USDC
125,0.8632780104914983,2584469480322.1123,380,S6_worst_case_no_intervention,indonesia,USDC
126,0.8328125588262406,2519400711723.1787,380,S6_worst_case_no_intervention,indonesia,USDC
127,0.8460425547812737,2455914056188.338,380,S6_worst_case_no_intervention,indonesia,USDC
128,0.8329607307017495,2394116380852.3955,380,S6_worst_case_no_intervention,indonesia,USDC
129,0.8290445556779156,2333876518523.0747,380,S6_worst_case_no_intervention,indonesia,USDC
130,0.8483302996078956,2275179610214.11,380,S6_worst_case_no_intervention,indonesia,USDC
131,0.8193250995330168,2218041912376.96,380,S6_worst_case_no_intervention,indonesia,USDC
132,0.8144904841937305,2162327977478.6353,380,S6_worst_case_no_intervention,indonesia,USDC
133,0.787657393316722,2108023296986.2622,380,S6_worst_case_no_intervention,indonesia,USDC
134,0.80410865975923,2055089447840.8125,380,S6_worst_case_no_intervention,indonesia,USDC
135,0.8072640155916327,2003531322923.9092,380,S6_worst_case_no_intervention,indonesia,USDC
136,0.8127630394807958,1953295939275.1707,380,S6_worst_case_no_intervention,indonesia,USDC
137,0.8326681765881593,1904352298553.4973,380,S6_worst_case_no_intervention,indonesia,USDC
138,0.831399809940597,1856659461638.208,380,S6_worst_case_no_intervention,indonesia,USDC
139,0.8224917563420681,1810169713782.4067,380,S6_worst_case_no_intervention,indonesia,USDC
140,0.8235750421770228,1764848168143.4187,380,S6_worst_case_no_intervention,indonesia,USDC
141,0.8169117515343897,1720669916867.9707,380,S6_worst_case_no_intervention,indonesia,USDC
142,0.8247804493364417,1677600010941.2542,380,S6_worst_case_no_intervention,indonesia,USDC
143,0.7828369669096128,1635619245475.4214,380,S6_worst_case_no_intervention,indonesia,USDC
144,0.792960108629269,1594682822420.8994,380,S6_worst_case_no_intervention,indonesia,USDC
145,0.7920430943468418,1554781184425.889,380,S6_worst_case_no_intervention,indonesia,USDC
146,0.7759492130035468,1515883023753.2048,380,S6_worst_case_no_intervention,indonesia,USDC
147,0.7782188383439855,1477960224330.9526,380,S6_worst_case_no_intervention,indonesia,USDC
148,0.7595994519699538,1440989859226.4224,380,S6_worst_case_no_intervention,indonesia,USDC
149,0.7687813270024526,1404947386609.145,380,S6_worst_case_no_intervention,indonesia,USDC
150,0.7698088434407571,1369809399350.4172,380,S6_worst_case_no_intervention,indonesia,USDC
151,0.757211268276637,1335553312180.4797,380,S6_worst_case_no_intervention,indonesia,USDC
152,0.7774856052501828,1302154872584.06,380,S6_worst_case_no_intervention,indonesia,USDC
153,0.7822223303467354,1269594608055.6846,380,S6_worst_case_no_intervention,indonesia,USDC
154,0.7760831631704909,1237849468685.5425,380,S6_worst_case_no_intervention,indonesia,USDC
155,0.7715243028502482,1206898990015.296,380,S6_worst_case_no_intervention,indonesia,USDC
156,0.7656994980931692,1176722920336.6445,380,S6_worst_case_no_intervention,indonesia,USDC
157,0.7761618155996757,1147301874862.0571,380,S6_worst_case_no_intervention,indonesia,USDC
158,0.7726882592479075,1118617078190.768,380,S6_worst_case_no_intervention,indonesia,USDC
159,0.7623781644567451,1090649726967.4739,380,S6_worst_case_no_intervention,indonesia,USDC
160,0.7793535628101463,1063381870852.7627,380,S6_worst_case_no_intervention,indonesia,USDC
161,0.7956004216204265,1036796160028.4944,380,S6_worst_case_no_intervention,indonesia,USDC
162,0.7878057033623871,1010875416977.9769,380,S6_worst_case_no_intervention,indonesia,USDC
163,0.8092197195154808,985602823978.5287,380,S6_worst_case_no_intervention,indonesia,USDC
164,0.8067073847370975,960962231993.6816,380,S6_worst_case_no_intervention,indonesia,USDC
165,0.7770983835231702,936937731857.3999,380,S6_worst_case_no_intervention,indonesia,USDC
166,0.7543781115468167,913513850883.3871,380,S6_worst_case_no_intervention,indonesia,USDC
167,0.7762235529345398,890675625481.5834,380,S6_worst_case_no_intervention,indonesia,USDC
168,0.7924234091065318,868408465774.5469,380,S6_worst_case_no_intervention,indonesia,USDC
169,0.7894198599875777,846698054118.7166,380,S6_worst_case_no_intervention,indonesia,USDC
170,0.7825712916483504,825530423980.6731,380,S6_worst_case_no_intervention,indonesia,USDC
171,0.8070346395723166,804892018300.9451,380,S6_worst_case_no_intervention,indonesia,USDC
172,0.8414842484691955,784769617240.1615,380,S6_worst_case_no_intervention,indonesia,USDC
173,0.857966988215636,765150308634.8921,380,S6_worst_case_no_intervention,indonesia,USDC
174,0.8730863987838888,746021496898.9119,380,S6_worst_case_no_intervention,indonesia,USDC
175,0.8365601411518021,727370919030.222,380,S6_worst_case_no_intervention,indonesia,USDC
176,0.8197725473591984,709186597852.3555,380,S6_worst_case_no_intervention,indonesia,USDC
177,0.8338291323658722,691456882564.916,380,S6_worst_case_no_intervention,indonesia,USDC
178,0.8353725705053054,674170424290.0121,380,S6_worst_case_no_intervention,indonesia,USDC
179,0.8362463654340234,657316130581.8303,380,S6_worst_case_no_intervention,indonesia,USDC
180,0.8254968023912184,640883199548.9551,380,S6_worst_case_no_intervention,indonesia,USDC
181,0.7997823609174303,624861093623.1942,380,S6_worst_case_no_intervention,indonesia,USDC
182,0.8156780896864473,609239539664.0471,380,S6_worst_case_no_intervention,indonesia,USDC
183,0.8540606056153395,594008531274.521,380,S6_worst_case_no_intervention,indonesia,USDC
184,0.8253136673226792,579158305421.992,380,S6_worst_case_no_intervention,indonesia,USDC
185,0.7929213648923532,564679334540.7529,380,S6_worst_case_no_intervention,indonesia,USDC
186,0.7878524102766868,550562337537.543,380,S6_worst_case_no_intervention,indonesia,USDC
187,0.7596217849411194,536798266758.94727,380,S6_worst_case_no_intervention,indonesia,USDC
188,0.7903496228529903,523378299174.9929,380,S6_worst_case_no_intervention,indonesia,USDC
189,0.6804408995672517,510293834129.67255,380,S6_worst_case_no_intervention,indonesia,USDC
190,0.6768457269285596,497536478251.07324,380,S6_worst_case_no_intervention,indonesia,USDC
191,0.6864099663556017,485098059048.0277,380,S6_worst_case_no_intervention,indonesia,USDC
192,0.7040051005942445,472970602516.06885,380,S6_worst_case_no_intervention,indonesia,USDC
193,0.7273294079928273,461146334198.8405,380,S6_worst_case_no_intervention,indonesia,USDC
194,0.7104771883701054,449617673514.13574,380,S6_worst_case_no_intervention,indonesia,USDC
195,0.7225893651339166,438377229843.72754,380,S6_worst_case_no_intervention,indonesia,USDC
196,0.7229435544407515,427417797784.0381,380,S6_worst_case_no_intervention,indonesia,USDC
197,0.7240588496756545,416732351917.08093,380,S6_worst_case_no_intervention,indonesia,USDC
198,0.727081680963632,406314042394.4137,380,S6_worst_case_no_intervention,indonesia,USDC
199,0.7406165997106715,396156190817.0589,380,S6_worst_case_no_intervention,indonesia,USDC
200,0.7592564478849226,386252285651.26337,380,S6_worst_case_no_intervention,indonesia,USDC
201,0.7725654037674714,376595978248.4802,380,S6_worst_case_no_intervention,indonesia,USDC
202,0.7801739799120236,367181078593.4681,380,S6_worst_case_no_intervention,indonesia,USDC
203,0.784162158854231,358001551478.14514,380,S6_worst_case_no_intervention,indonesia,USDC
204,0.784777462632492,349051512563.6433,380,S6_worst_case_no_intervention,indonesia,USDC
205,0.7696212660619377,340325224646.7818,380,S6_worst_case_no_intervention,indonesia,USDC
206,0.7716019683409625,331817093940.66235,380,S6_worst_case_no_intervention,indonesia,USDC
207,0.7814068743533272,323521666525.55023,380,S6_worst_case_no_intervention,indonesia,USDC
208,0.7693539074928705,315433624809.16876,380,S6_worst_case_no_intervention,indonesia,USDC
209,0.7719237570870945,307547784142.26465,380,S6_worst_case_no_intervention,indonesia,USDC
210,0.7993487052382107,299859089502.82465,380,S6_worst_case_no_intervention,indonesia,USDC
211,0.8004769358247781,292362612241.5609,380,S6_worst_case_no_intervention,indonesia,USDC
212,0.8076029293158156,285053546914.65607,380,S6_worst_case_no_intervention,indonesia,USDC
213,0.7868324370514066,277927208225.96063,380,S6_worst_case_no_intervention,indonesia,USDC
214,0.7846892259134844,270979028005.6042,380,S6_worst_case_no_intervention,indonesia,USDC
215,0.7777338341062778,264204552292.47498,380,S6_worst_case_no_intervention,indonesia,USDC
216,0.791218875808144,257599438474.69244,380,S6_worst_case_no_intervention,indonesia,USDC
217,0.8057526540119364,251159452504.78094,380,S6_worst_case_no_intervention,indonesia,USDC
218,0.8099610082299189,244880466186.2225,380,S6_worst_case_no_intervention,indonesia,USDC
219,0.8017015306907762,238758454526.72284,380,S6_worst_case_no_intervention,indonesia,USDC
220,0.8003220459983138,232789493159.2675,380,S6_worst_case_no_intervention,indonesia,USDC
221,0.7893052766775656,226969755826.61536,380,S6_worst_case_no_intervention,indonesia,USDC
222,0.8074021697745762,221295511927.77646,380,S6_worst_case_no_intervention,indonesia,USDC
223,0.8148733420934487,215763124127.284,380,S6_worst_case_no_intervention,indonesia,USDC
224,0.7965487373422978,210369046022.25604,380,S6_worst_case_no_intervention,indonesia,USDC
225,0.7731774164301154,205109819869.91025,380,S6_worst_case_no_intervention,indonesia,USDC
226,0.7821439421949621,199982074371.40952,380,S6_worst_case_no_intervention,indonesia,USDC
227,0.7872253190838879,194982522510.81445,380,S6_worst_case_no_intervention,indonesia,USDC
228,0.7901278036392456,190107959447.0337,380,S6_worst_case_no_intervention,indonesia,USDC
229,0.8124311666620649,185355260460.02658,380,S6_worst_case_no_intervention,indonesia,USDC
230,0.8194132880876215,180721378947.94278,380,S6_worst_case_no_intervention,indonesia,USDC
231,0.812621326492976,176203344473.75494,380,S6_worst_case_no_intervention,indonesia,USDC
232,0.8324436750594183,171798260861.49597,380,S6_worst_case_no_intervention,indonesia,USDC
233,0.8179284801944873,167503304339.65274,380,S6_worst_case_no_intervention,indonesia,USDC
234,0.8104706092993916,163315721730.86288,380,S6_worst_case_no_intervention,indonesia,USDC
235,0.8070658292894062,159232828687.3266,380,S6_worst_case_no_intervention,indonesia,USDC
236,0.8201109632931625,155252007969.92566,380,S6_worst_case_no_intervention,indonesia,USDC
237,0.7948539112271795,151370707770.50525,380,S6_worst_case_no_intervention,indonesia,USDC
238,0.8069450875753751,147586440076.06757,380,S6_worst_case_no_intervention,indonesia,USDC
239,0.8323413214271626,143896779074.03467,380,S6_worst_case_no_intervention,indonesia,USDC
240,0.8229762865547677,140299359597.08707,380,S6_worst_case_no_intervention,indonesia,USDC
241,0.8358119368678502,136791875607.073,380,S6_worst_case_no_intervention,indonesia,USDC
242,0.8429155491738838,133372078716.83005,380,S6_worst_case_no_intervention,indonesia,USDC
243,0.8187957755465561,130037776748.85617,380,S6_worst_case_no_intervention,indonesia,USDC
244,0.8217436265161036,126786832330.07924,380,S6_worst_case_no_intervention,indonesia,USDC
245,0.8167718746884551,123617161521.7788,380,S6_worst_case_no_intervention,indonesia,USDC
246,0.802801142557045,120526732483.6935,380,S6_worst_case_no_intervention,indonesia,USDC
247,0.803167285567292,117513564171.56158,380,S6_worst_case_no_intervention,indonesia,USDC
248,0.7849394233712016,114575725067.23907,380,S6_worst_case_no_intervention,indonesia,USDC
249,0.751715211416073,111711331940.52914,380,S6_worst_case_no_intervention,indonesia,USDC
250,0.7399135828768486,108918548641.9873,380,S6_worst_case_no_intervention,indonesia,USDC
251,0.7444670650670479,106195584925.91306,380,S6_worst_case_no_intervention,indonesia,USDC
252,0.7683549835935334,103540695302.7479,380,S6_worst_case_no_intervention,indonesia,USDC
253,0.7539699259291397,100952177920.16711,380,S6_worst_case_no_intervention,indonesia,USDC
254,0.7421476344773074,98428373472.15253,380,S6_worst_case_no_intervention,indonesia,USDC
255,0.7440342776597016,95967664135.33952,380,S6_worst_case_no_intervention,indonesia,USDC
256,0.7559442652038545,93568472531.94919,380,S6_worst_case_no_intervention,indonesia,USDC
257,0.7480499620525264,91229260718.64536,380,S6_worst_case_no_intervention,indonesia,USDC
258,0.7433319077171707,88948529200.67526,380,S6_worst_case_no_intervention,indonesia,USDC
259,0.7518964208552065,86724815970.65517,380,S6_worst_case_no_intervention,indonesia,USDC
260,0.7621795056320044,84556695571.38635,380,S6_worst_case_no_intervention,indonesia,USDC
261,0.7567701395022316,82442778182.09999,380,S6_worst_case_no_intervention,indonesia,USDC
262,0.7782399703633572,80381708727.54605,380,S6_worst_case_no_intervention,indonesia,USDC
263,0.7655511576061335,78372166009.35638,380,S6_worst_case_no_intervention,indonesia,USDC
264,0.7305082240376947,76412861859.12163,380,S6_worst_case_no_intervention,indonesia,USDC
265,0.7382128452726054,74502540312.64276,380,S6_worst_case_no_intervention,indonesia,USDC
266,0.7353539640549734,72639976804.82613,380,S6_worst_case_no_intervention,indonesia,USDC
267,0.7455472916587631,70823977384.705,380,S6_worst_case_no_intervention,indonesia,USDC
268,0.7329644904175643,69053377950.08704,380,S6_worst_case_no_intervention,indonesia,USDC
269,0.7313226503027623,67327043501.33458,380,S6_worst_case_no_intervention,indonesia,USDC
270,0.7182140490176045,65643867413.800995,380,S6_worst_case_no_intervention,indonesia,USDC
271,0.7180633757637789,64002770728.455795,380,S6_worst_case_no_intervention,indonesia,USDC
272,0.7106948621400818,62402701460.24428,380,S6_worst_case_no_intervention,indonesia,USDC
273,0.7135163145838025,60842633923.73807,380,S6_worst_case_no_intervention,indonesia,USDC
274,0.719271540786778,59321568075.64455,380,S6_worst_case_no_intervention,indonesia,USDC
275,0.714845165750594,57838528873.75338,380,S6_worst_case_no_intervention,indonesia,USDC
276,0.7316184142948785,56392565651.90951,380,S6_worst_case_no_intervention,indonesia,USDC
277,0.7252414875883629,54982751510.61174,380,S6_worst_case_no_intervention,indonesia,USDC
278,0.727206564321754,53608182722.84642,380,S6_worst_case_no_intervention,indonesia,USDC
279,0.7322345081021291,52267978154.77524,380,S6_worst_case_no_intervention,indonesia,USDC
280,0.7526082985563766,50961278700.90585,380,S6_worst_case_no_intervention,indonesia,USDC
281,0.7521485193679356,49687246733.383194,380,S6_worst_case_no_intervention,indonesia,USDC
282,0.7680437566468495,48445065565.04861,380,S6_worst_case_no_intervention,indonesia,USDC
283,0.78183343635291,47233938925.922386,380,S6_worst_case_no_intervention,indonesia,USDC
284,0.7642536594160468,46053090452.77432,380,S6_worst_case_no_intervention,indonesia,USDC
285,0.7669986226060663,44901763191.454956,380,S6_worst_case_no_intervention,indonesia,USDC
286,0.8015743099350351,43779219111.66859,380,S6_worst_case_no_intervention,indonesia,USDC
287,0.7784113012724297,42684738633.87687,380,S6_worst_case_no_intervention,indonesia,USDC
288,0.7852141627147831,41617620168.029945,380,S6_worst_case_no_intervention,indonesia,USDC
289,0.7882085218044759,40577179663.8292,380,S6_worst_case_no_intervention,indonesia,USDC
290,0.7762310170198415,39562750172.23347,380,S6_worst_case_no_intervention,indonesia,USDC
291,0.765473654044767,38573681417.927635,380,S6_worst_case_no_intervention,indonesia,USDC
292,0.7825315926374097,37609339382.47944,380,S6_worst_case_no_intervention,indonesia,USDC
293,0.7647287599251118,36669105897.91745,380,S6_worst_case_no_intervention,indonesia,USDC
294,0.7594981430539955,35752378250.46951,380,S6_worst_case_no_intervention,indonesia,USDC
295,0.7735398130120179,34858568794.20778,380,S6_worst_case_no_intervention,indonesia,USDC
296,0.7609855210671777,33987104574.352585,380,S6_worst_case_no_intervention,indonesia,USDC
297,0.7632347612706415,33137426959.993767,380,S6_worst_case_no_intervention,indonesia,USDC
298,0.7618044189496533,32308991285.993927,380,S6_worst_case_no_intervention,indonesia,USDC
299,0.7651161989348849,31501266503.844078,380,S6_worst_case_no_intervention,indonesia,USDC
300,0.7711620945818788,30713734841.247974,380,S6_worst_case_no_intervention,indonesia,USDC
301,0.7655820668016763,29945891470.216778,380,S6_worst_case_no_intervention,indonesia,USDC
302,0.7431420283881246,29197244183.461357,380,S6_worst_case_no_intervention,indonesia,USDC
303,0.7356458280667086,28467313078.874825,380,S6_worst_case_no_intervention,indonesia,USDC
304,0.7519879722492406,27755630251.902954,380,S6_worst_case_no_intervention,indonesia,USDC
305,0.764636496651379,27061739495.605377,380,S6_worst_case_no_intervention,indonesia,USDC
306,0.7889197331016787,26385196008.215244,380,S6_worst_case_no_intervention,indonesia,USDC
307,0.7857564301409682,25725566108.009865,380,S6_worst_case_no_intervention,indonesia,USDC
308,0.7819887181576022,25082426955.309616,380,S6_worst_case_no_intervention,indonesia,USDC
309,0.7971196928774099,24455366281.426876,380,S6_worst_case_no_intervention,indonesia,USDC
310,0.8150610409030854,23843982124.3912,380,S6_worst_case_no_intervention,indonesia,USDC
311,0.8149095601489067,23247882571.28142,380,S6_worst_case_no_intervention,indonesia,USDC
312,0.7982482915798835,22666685506.999386,380,S6_worst_case_no_intervention,indonesia,USDC
313,0.8114500415031669,22100018369.3244,380,S6_worst_case_no_intervention,indonesia,USDC
314,0.7916798393318325,21547517910.091293,380,S6_worst_case_no_intervention,indonesia,USDC
315,0.7916255769074673,21008829962.339012,380,S6_worst_case_no_intervention,indonesia,USDC
316,0.8159790833061886,20483609213.280537,380,S6_worst_case_no_intervention,indonesia,USDC
317,0.8069645448512753,19971518982.948524,380,S6_worst_case_no_intervention,indonesia,USDC
318,0.8285566264657798,19472231008.37481,380,S6_worst_case_no_intervention,indonesia,USDC
319,0.8413793348648118,18985425233.16544,380,S6_worst_case_no_intervention,indonesia,USDC
320,0.8183678886091806,18510789602.336304,380,S6_worst_case_no_intervention,indonesia,USDC
321,0.8340741937674705,18048019862.277897,380,S6_worst_case_no_intervention,indonesia,USDC
322,0.8316867040868687,17596819365.720947,380,S6_worst_case_no_intervention,indonesia,USDC
323,0.8185503949274262,17156898881.577923,380,S6_worst_case_no_intervention,indonesia,USDC
324,0.830506898517028,16727976409.538475,380,S6_worst_case_no_intervention,indonesia,USDC
325,0.8333332750684984,16309776999.300014,380,S6_worst_case_no_intervention,indonesia,USDC
326,0.8488344112733036,15902032574.317513,380,S6_worst_case_no_intervention,indonesia,USDC
327,0.8461198285131285,15504481759.959576,380,S6_worst_case_no_intervention,indonesia,USDC
328,0.8094696406792086,15116869715.960587,380,S6_worst_case_no_intervention,indonesia,USDC
329,0.8097105300825106,14738947973.061573,380,S6_worst_case_no_intervention,indonesia,USDC
330,0.8030245470366012,14370474273.735033,380,S6_worst_case_no_intervention,indonesia,USDC
331,0.8077273481638292,14011212416.891657,380,S6_worst_case_no_intervention,indonesia,USDC
332,0.8107870616649877,13660932106.469364,380,S6_worst_case_no_intervention,indonesia,USDC
333,0.8208962184503227,13319408803.807629,380,S6_worst_case_no_intervention,indonesia,USDC
334,0.8132930936358819,12986423583.712439,380,S6_worst_case_no_intervention,indonesia,USDC
335,0.8060107698832827,12661762994.119629,380,S6_worst_case_no_intervention,indonesia,USDC
336,0.7992235967935938,12345218919.266638,380,S6_worst_case_no_intervention,indonesia,USDC
337,0.7692400088524859,12036588446.284971,380,S6_worst_case_no_intervention,indonesia,USDC
338,0.777261222741155,11735673735.127848,380,S6_worst_case_no_intervention,indonesia,USDC
339,0.792908874934914,11442281891.749651,380,S6_worst_case_no_intervention,indonesia,USDC
340,0.7974710649704567,11156224844.45591,380,S6_worst_case_no_intervention,indonesia,USDC
341,0.8004753156538479,10877319223.344513,380,S6_worst_case_no_intervention,indonesia,USDC
342,0.8261722716118993,10605386242.760899,380,S6_worst_case_no_intervention,indonesia,USDC
343,0.7994966330010669,10340251586.691877,380,S6_worst_case_no_intervention,indonesia,USDC
344,0.8009566925448917,10081745297.02458,380,S6_worst_case_no_intervention,indonesia,USDC
345,0.799092232113552,9829701664.598965,380,S6_worst_case_no_intervention,indonesia,USDC
346,0.7748120454160049,9583959122.983992,380,S6_worst_case_no_intervention,indonesia,USDC
347,0.7622564267796097,9344360144.909393,380,S6_worst_case_no_intervention,indonesia,USDC
348,0.7770391035670462,9110751141.286655,380,S6_worst_case_no_intervention,indonesia,USDC
349,0.7600545709547508,8882982362.75449,380,S6_worst_case_no_intervention,indonesia,USDC
350,0.7508767074424437,8660907803.685629,380,S6_worst_case_no_intervention,indonesia,USDC
351,0.7623961732504456,8444385108.593489,380,S6_worst_case_no_intervention,indonesia,USDC
352,0.7494592383164856,8233275480.878651,380,S6_worst_case_no_intervention,indonesia,USDC
353,0.7531631208722482,8027443593.856685,380,S6_worst_case_no_intervention,indonesia,USDC
354,0.7352062335901142,7826757504.010267,380,S6_worst_case_no_intervention,indonesia,USDC
355,0.7344895889395269,7631088566.41001,380,S6_worst_case_no_intervention,indonesia,USDC
356,0.7255264887278995,7440311352.24976,380,S6_worst_case_no_intervention,indonesia,USDC
357,0.7218214489543929,7254303568.443516,380,S6_worst_case_no_intervention,indonesia,USDC
358,0.741800112868143,7072945979.232428,380,S6_worst_case_no_intervention,indonesia,USDC
359,0.7405114967306832,6896122329.751617,380,S6_worst_case_no_intervention,indonesia,USDC
360,0.7429490693177871,6723719271.507826,380,S6_worst_case_no_intervention,indonesia,USDC
361,0.7691879374579151,6555626289.720129,380,S6_worst_case_no_intervention,indonesia,USDC
362,0.7618025758389543,6391735632.477127,380,S6_worst_case_no_intervention,indonesia,USDC
363,0.748610470910189,6231942241.665198,380,S6_worst_case_no_intervention,indonesia,USDC
364,0.7576786610082885,6076143685.623568,380,S6_worst_case_no_intervention,indonesia,USDC
365,0.7604152363149588,5924240093.482979,380,S6_worst_case_no_intervention,indonesia,USDC
366,0.7653279921402351,5776134091.145905,380,S6_worst_case_no_intervention,indonesia,USDC
367,0.7703202077287372,5631730738.867257,380,S6_worst_case_no_intervention,indonesia,USDC
368,0.7640200280817704,5490937470.395576,380,S6_worst_case_no_intervention,indonesia,USDC
369,0.7506444028661241,5353664033.635687,380,S6_worst_case_no_intervention,indonesia,USDC
370,0.7441965680811301,5219822432.794794,380,S6_worst_case_no_intervention,indonesia,USDC
371,0.7459587942047587,5089326871.974924,380,S6_worst_case_no_intervention,indonesia,USDC
372,0.7457471717174268,4962093700.175551,380,S6_worst_case_no_intervention,indonesia,USDC
373,0.7579419537063393,4838041357.671164,380,S6_worst_case_no_intervention,indonesia,USDC
374,0.7439912454146219,4717090323.729383,380,S6_worst_case_no_intervention,indonesia,USDC
375,0.7793039064663746,4599163065.636149,380,S6_worst_case_no_intervention,indonesia,USDC
376,0.7993653109102726,4484183988.995246,380,S6_worst_case_no_intervention,indonesia,USDC
377,0.7972386481106671,4372079389.270365,380,S6_worst_case_no_intervention,indonesia,USDC
378,0.8056162159033988,4262777404.5386057,380,S6_worst_case_no_intervention,indonesia,USDC
379,0.774764561163969,4156207969.425141,380,S6_worst_case_no_intervention,indonesia,USDC
380,0.8007322236811797,4052302770.1895123,380,S6_worst_case_no_intervention,indonesia,USDC
381,0.826405849086159,3950995200.9347744,380,S6_worst_case_no_intervention,indonesia,USDC
382,0.817267481551112,3852220320.9114046,380,S6_worst_case_no_intervention,indonesia,USDC
383,0.8223904342793318,3755914812.8886194,380,S6_worst_case_no_intervention,indonesia,USDC
384,0.8337039846471447,3662016942.5664043,380,S6_worst_case_no_intervention,indonesia,USDC
385,0.8273405252501542,3570466519.002244,380,S6_worst_case_no_intervention,indonesia,USDC
386,0.8186312248655712,3481204856.0271873,380,S6_worst_case_no_intervention,indonesia,USDC
387,0.8244295212005016,3394174734.6265078,380,S6_worst_case_no_intervention,indonesia,USDC
388,0.8375578300376815,3309320366.260845,380,S6_worst_case_no_intervention,indonesia,USDC
389,0.8383413021002648,3226587357.1043243,380,S6_worst_case_no_intervention,indonesia,USDC
390,0.8151853557340364,3145922673.1767163,380,S6_worst_case_no_intervention,indonesia,USDC
391,0.7760333761713876,3067274606.3472986,380,S6_worst_case_no_intervention,indonesia,USDC
392,0.7912161129801395,2990592741.188616,380,S6_worst_case_no_intervention,indonesia,USDC
393,0.8010731785221211,2915827922.6589003,380,S6_worst_case_no_intervention,indonesia,USDC
394,0.8085398074810435,2842932224.592428,380,S6_worst_case_no_intervention,indonesia,USDC
395,0.807717448174784,2771858918.9776173,380,S6_worst_case_no_intervention,indonesia,USDC
396,0.782959587336776,2702562446.0031767,380,S6_worst_case_no_intervention,indonesia,USDC
397,0.7954468652862731,2634998384.8530974,380,S6_worst_case_no_intervention,indonesia,USDC
398,0.7873069956673008,2569123425.23177,380,S6_worst_case_no_intervention,indonesia,USDC
399,0.7774507264876187,2504895339.600976,380,S6_worst_case_no_intervention,indonesia,USDC
400,0.7611253956476682,2442272956.1109514,380,S6_worst_case_no_intervention,indonesia,USDC
401,0.763009705302377,2381216132.208178,380,S6_worst_case_no_intervention,indonesia,USDC
402,0.7731163963712219,2321685728.902973,380,S6_worst_case_no_intervention,indonesia,USDC
403,0.7523990718734929,2263643585.680399,380,S6_worst_case_no_intervention,indonesia,USDC
404,0.7292194993150024,2207052496.038389,380,S6_worst_case_no_intervention,indonesia,USDC
405,0.7510488896450711,2151876183.637429,380,S6_worst_case_no_intervention,indonesia,USDC
406,0.77445629417854,2098079279.0464935,380,S6_worst_case_no_intervention,indonesia,USDC
407,0.7634452999164767,2045627297.0703313,380,S6_worst_case_no_intervention,indonesia,USDC
408,0.7705974721973382,1994486614.643573,380,S6_worst_case_no_intervention,indonesia,USDC
409,0.7663108563458957,1944624449.277484,380,S6_worst_case_no_intervention,indonesia,USDC
410,0.8006495840905558,1896008838.0455468,380,S6_worst_case_no_intervention,indonesia,USDC
411,0.7873983485923799,1848608617.094408,380,S6_worst_case_no_intervention,indonesia,USDC
412,0.7865796003089001,1802393401.667048,380,S6_worst_case_no_intervention,indonesia,USDC
413,0.7761611832488796,1757333566.625372,380,S6_worst_case_no_intervention,indonesia,USDC
414,0.771211647453186,1713400227.4597375,380,S6_worst_case_no_intervention,indonesia,USDC
415,0.7748475520634089,1670565221.773244,380,S6_worst_case_no_intervention,indonesia,USDC
416,0.7968581126183477,1628801091.228913,380,S6_worst_case_no_intervention,indonesia,USDC
417,0.799402598744195,1588081063.9481902,380,S6_worst_case_no_intervention,indonesia,USDC
418,0.8091056728982464,1548379037.3494854,380,S6_worst_case_no_intervention,indonesia,USDC
419,0.778637416709714,1509669561.4157484,380,S6_worst_case_no_intervention,indonesia,USDC
420,0.8008515215117599,1471927822.3803546,380,S6_worst_case_no_intervention,indonesia,USDC
421,0.8092466101691046,1435129626.8208458,380,S6_worst_case_no_intervention,indonesia,USDC
422,0.8098720770076311,1399251386.1503246,380,S6_worst_case_no_intervention,indonesia,USDC
423,0.7979833875556109,1364270101.4965665,380,S6_worst_case_no_intervention,indonesia,USDC
424,0.8185058405139146,1330163348.9591525,380,S6_worst_case_no_intervention,indonesia,USDC
425,0.823451868665013,1296909265.2351737,380,S6_worst_case_no_intervention,indonesia,USDC
426,0.8048246572453254,1264486533.6042943,380,S6_worst_case_no_intervention,indonesia,USDC
427,0.7866198834116576,1232874370.2641869,380,S6_worst_case_no_intervention,indonesia,USDC
428,0.8126373163350632,1202052511.0075822,380,S6_worst_case_no_intervention,indonesia,USDC
429,0.8047300474819209,1172001198.2323928,380,S6_worst_case_no_intervention,indonesia,USDC
430,0.7954195896055986,1142701168.2765827,380,S6_worst_case_no_intervention,indonesia,USDC
431,0.8115726397069789,1114133639.0696683,380,S6_worst_case_no_intervention,indonesia,USDC
432,0.8137805436509182,1086280298.0929265,380,S6_worst_case_no_intervention,indonesia,USDC
433,0.814751726311414,1059123290.6406035,380,S6_worst_case_no_intervention,indonesia,USDC
434,0.8237910079864033,1032645208.3745883,380,S6_worst_case_no_intervention,indonesia,USDC
435,0.8277844896168609,1006829078.1652236,380,S6_worst_case_no_intervention,indonesia,USDC
436,0.8146202866121007,981658351.211093,380,S6_worst_case_no_intervention,indonesia,USDC
437,0.8141452389191476,957116892.4308157,380,S6_worst_case_no_intervention,indonesia,USDC
438,0.8208852612711021,933188970.1200454,380,S6_worst_case_no_intervention,indonesia,USDC
439,0.8380462739737784,909859245.8670442,380,S6_worst_case_no_intervention,indonesia,USDC
440,0.8265974459767907,887112764.720368,380,S6_worst_case_no_intervention,indonesia,USDC
441,0.8042921997006564,864934945.6023588,380,S6_worst_case_no_intervention,indonesia,USDC
442,0.8269936722805915,843311571.9622998,380,S6_worst_case_no_intervention,indonesia,USDC
443,0.8480740657104595,822228782.6632423,380,S6_worst_case_no_intervention,indonesia,USDC
444,0.8305050313758374,801673063.0966613,380,S6_worst_case_no_intervention,indonesia,USDC
445,0.8202938025231744,781631236.5192448,380,S6_worst_case_no_intervention,indonesia,USDC
446,0.8306371817856695,762090455.6062638,380,S6_worst_case_no_intervention,indonesia,USDC
447,0.846130636719297,743038194.2161071,380,S6_worst_case_no_intervention,indonesia,USDC
448,0.8624801200269093,724462239.3607044,380,S6_worst_case_no_intervention,indonesia,USDC
449,0.8476045667948476,706350683.3766868,380,S6_worst_case_no_intervention,indonesia,USDC
450,0.8317966354617461,688691916.2922697,380,S6_worst_case_no_intervention,indonesia,USDC
451,0.8245149772836199,671474618.3849628,380,S6_worst_case_no_intervention,indonesia,USDC
452,0.8114606525859871,654687752.9253389,380,S6_worst_case_no_intervention,indonesia,USDC
453,0.8222656554104818,638320559.1022053,380,S6_worst_case_no_intervention,indonesia,USDC
454,0.8165810124687617,622362545.1246502,380,S6_worst_case_no_intervention,indonesia,USDC
455,0.8210182260355892,606803481.4965339,380,S6_worst_case_no_intervention,indonesia,USDC
456,0.794399379711009,591633394.4591205,380,S6_worst_case_no_intervention,indonesia,USDC
457,0.8226696217229992,576842559.5976425,380,S6_worst_case_no_intervention,indonesia,USDC
458,0.8061524792535789,562421495.6077014,380,S6_worst_case_no_intervention,indonesia,USDC
459,0.7996001540211334,548360958.2175089,380,S6_worst_case_no_intervention,indonesia,USDC
460,0.7909179892473607,534651934.26207113,380,S6_worst_case_no_intervention,indonesia,USDC
461,0.7737130992288573,521285635.90551937,380,S6_worst_case_no_intervention,indonesia,USDC
462,0.7661455734878074,508253495.0078814,380,S6_worst_case_no_intervention,indonesia,USDC
463,0.7561876572391376,495547157.6326844,380,S6_worst_case_no_intervention,indonesia,USDC
464,0.7511728415318925,483158478.6918673,380,S6_worst_case_no_intervention,indonesia,USDC
465,0.742223042051985,471079516.72457063,380,S6_worst_case_no_intervention,indonesia,USDC
466,0.7393393728524279,459302528.8064563,380,S6_worst_case_no_intervention,indonesia,USDC
467,0.7505660340244216,447819965.58629495,380,S6_worst_case_no_intervention,indonesia,USDC
468,0.7453364663285656,436624466.4466376,380,S6_worst_case_no_intervention,indonesia,USDC
469,0.7595336313283934,425708854.7854716,380,S6_worst_case_no_intervention,indonesia,USDC
470,0.7736918662519384,415066133.4158349,380,S6_worst_case_no_intervention,indonesia,USDC
471,0.7620501601577258,404689480.080439,380,S6_worst_case_no_intervention,indonesia,USDC
472,0.7664427961604046,394572243.078428,380,S6_worst_case_no_intervention,indonesia,USDC
473,0.7770540405282692,384707937.0014673,380,S6_worst_case_no_intervention,indonesia,USDC
474,0.7645747537244572,375090238.57643056,380,S6_worst_case_no_intervention,indonesia,USDC
475,0.7626629046871777,365712982.61201984,380,S6_worst_case_no_intervention,indonesia,USDC
476,0.7773275993623043,356570158.0467193,380,S6_worst_case_no_intervention,indonesia,USDC
477,0.7961725440357196,347655904.0955514,380,S6_worst_case_no_intervention,indonesia,USDC
478,0.7854334043131014,338964506.4931626,380,S6_worst_case_no_intervention,indonesia,USDC
479,0.7875688554630023,330490393.8308335,380,S6_worst_case_no_intervention,indonesia,USDC
480,0.7993871558379432,322228133.9850626,380,S6_worst_case_no_intervention,indonesia,USDC
481,0.789534837621464,314172430.63543606,380,S6_worst_case_no_intervention,indonesia,USDC
482,0.7808055533603745,306318119.86955017,380,S6_worst_case_no_intervention,indonesia,USDC
483,0.7852601451883251,298660166.87281144,380,S6_worst_case_no_intervention,indonesia,USDC
484,0.7703158949884013,291193662.7009911,380,S6_worst_case_no_intervention,indonesia,USDC
485,0.7777765198998623,283913821.1334663,380,S6_worst_case_no_intervention,indonesia,USDC
486,0.7539857676867308,276815975.60512966,380,S6_worst_case_no_intervention,indonesia,USDC
487,0.7737742054143678,269895576.2150014,380,S6_worst_case_no_intervention,indonesia,USDC
488,0.7946227970883114,263148186.8096264,380,S6_worst_case_no_intervention,indonesia,USDC
489,0.8084464824171816,256569482.13938573,380,S6_worst_case_no_intervention,indonesia,USDC
490,0.8048677701749437,250155245.08590108,380,S6_worst_case_no_intervention,indonesia,USDC
491,0.7966859386282146,243901363.95875353,380,S6_worst_case_no_intervention,indonesia,USDC
492,0.7932891391845909,237803829.85978472,380,S6_worst_case_no_intervention,indonesia,USDC
493,0.8136671506328103,231858734.11329013,380,S6_worst_case_no_intervention,indonesia,USDC
494,0.8168471679183107,226062265.76045787,380,S6_worst_case_no_intervention,indonesia,USDC
495,0.838631894213592,220410709.11644644,380,S6_worst_case_no_intervention,indonesia,USDC
496,0.8409642125796999,214900441.38853526,380,S6_worst_case_no_intervention,indonesia,USDC
497,0.8330494414230777,209527930.35382187,380,S6_worst_case_no_intervention,indonesia,USDC
498,0.8261310870348304,204289732.09497634,380,S6_worst_case_no_intervention,indonesia,USDC
499,0.8414342887539222,199182488.79260194,380,S6_worst_case_no_intervention,indonesia,USDC
500,0.8364268967945133,194202926.57278687,380,S6_worst_case_no_intervention,indonesia,USDC
501,0.8118915064524772,189347853.4084672,380,S6_worst_case_no_intervention,indonesia,USDC
502,0.7970987973245658,184614157.07325554,380,S6_worst_case_no_intervention,indonesia,USDC
503,0.785562847055761,179998803.1464241,380,S6_worst_case_no_intervention,indonesia,USDC
504,0.7729371848582448,175498833.06776354,380,S6_worst_case_no_intervention,indonesia,USDC
505,0.7997972318250754,171111362.24106944,380,S6_worst_case_no_intervention,indonesia,USDC
506,0.7486665597725277,166833578.1850427,380,S6_worst_case_no_intervention,indonesia,USDC
507,0.7632603464035184,162662738.73041666,380,S6_worst_case_no_intervention,indonesia,USDC
508,0.7626486462567068,158596170.26215622,380,S6_worst_case_no_intervention,indonesia,USDC
509,0.7419647230212795,154631266.00560233,380,S6_worst_case_no_intervention,indonesia,USDC
510,0.7467606206994403,150765484.35546225,380,S6_worst_case_no_intervention,indonesia,USDC
511,0.7255579822952273,146996347.2465757,380,S6_worst_case_no_intervention,indonesia,USDC
512,0.7259645894374727,143321438.56541133,380,S6_worst_case_no_intervention,indonesia,USDC
513,0.7245785797210079,139738402.60127604,380,S6_worst_case_no_intervention,indonesia,USDC
514,0.7500012677805724,136244942.53624415,380,S6_worst_case_no_intervention,indonesia,USDC
515,0.7612811971171645,132838818.97283803,380,S6_worst_case_no_intervention,indonesia,USDC
516,0.759979920227753,129517848.49851708,380,S6_worst_case_no_intervention,indonesia,USDC
517,0.7439438207808243,126279902.28605415,380,S6_worst_case_no_intervention,indonesia,USDC
518,0.7454391629812419,123122904.72890279,380,S6_worst_case_no_intervention,indonesia,USDC
519,0.7619658375294011,120044832.11068022,380,S6_worst_case_no_intervention,indonesia,USDC
520,0.7750886696748389,117043711.30791321,380,S6_worst_case_no_intervention,indonesia,USDC
521,0.7778650825074762,114117618.52521539,380,S6_worst_case_no_intervention,indonesia,USDC
522,0.7908079464998998,111264678.062085,380,S6_worst_case_no_intervention,indonesia,USDC
523,0.8055635155631217,108483061.11053288,380,S6_worst_case_no_intervention,indonesia,USDC
524,0.82966261837535,105770984.58276954,380,S6_worst_case_no_intervention,indonesia,USDC
525,0.8256515740718584,103126709.9682003,380,S6_worst_case_no_intervention,indonesia,USDC
526,0.8105446478103606,100548542.2189953,380,S6_worst_case_no_intervention,indonesia,USDC
527,0.8152570969417053,98034828.66352041,380,S6_worst_case_no_intervention,indonesia,USDC
528,0.803502897444889,95583957.9469324,380,S6_worst_case_no_intervention,indonesia,USDC
529,0.812885386450813,93194358.9982591,380,S6_worst_case_no_intervention,indonesia,USDC
530,0.8421792580937603,90864500.02330261,380,S6_worst_case_no_intervention,indonesia,USDC
531,0.8498215249484397,88592887.52272004,380,S6_worst_case_no_intervention,indonesia,USDC
532,0.8496279129384546,86378065.33465205,380,S6_worst_case_no_intervention,indonesia,USDC
533,0.8248702797021235,84218613.70128575,380,S6_worst_case_no_intervention,indonesia,USDC
534,0.814066312430141,82113148.35875359,380,S6_worst_case_no_intervention,indonesia,USDC
535,0.8137613826186033,80060319.64978476,380,S6_worst_case_no_intervention,indonesia,USDC
536,0.8115629628618776,78058811.65854013,380,S6_worst_case_no_intervention,indonesia,USDC
537,0.809422729287489,76107341.36707664,380,S6_worst_case_no_intervention,indonesia,USDC
538,0.8047957121450965,74204657.83289972,380,S6_worst_case_no_intervention,indonesia,USDC
539,0.8091003212018889,72349541.38707723,380,S6_worst_case_no_intervention,indonesia,USDC
540,0.8203513158482606,70540802.85240029,380,S6_worst_case_no_intervention,indonesia,USDC
541,0.8086595057550403,68777282.78109029,380,S6_worst_case_no_intervention,indonesia,USDC
542,0.8002981381960301,67057850.711563036,380,S6_worst_case_no_intervention,indonesia,USDC
543,0.8116908194435438,65381404.443773955,380,S6_worst_case_no_intervention,indonesia,USDC
544,0.7717571980839829,63746869.33267961,380,S6_worst_case_no_intervention,indonesia,USDC
545,0.7567696936621404,62153197.59936261,380,S6_worst_case_no_intervention,indonesia,USDC
546,0.7597995965969035,60599367.65937856,380,S6_worst_case_no_intervention,indonesia,USDC
547,0.7334799211114434,59084383.46789409,380,S6_worst_case_no_intervention,indonesia,USDC
548,0.7400213855511616,57607273.88119674,380,S6_worst_case_no_intervention,indonesia,USDC
549,0.7509988440513145,56167092.03416681,380,S6_worst_case_no_intervention,indonesia,USDC
550,0.7480592761010667,54762914.733312644,380,S6_worst_case_no_intervention,indonesia,USDC
551,0.7418138117605274,53393841.86497983,380,S6_worst_case_no_intervention,indonesia,USDC
552,0.750432808071451,52058995.81835534,380,S6_worst_case_no_intervention,indonesia,USDC
553,0.7747460058885902,50757520.92289646,380,S6_worst_case_no_intervention,indonesia,USDC
554,0.7479326967996209,49488582.89982404,380,S6_worst_case_no_intervention,indonesia,USDC
555,0.7252304485571333,48251368.327328436,380,S6_worst_case_no_intervention,indonesia,USDC
556,0.7315856325388015,47045084.11914523,380,S6_worst_case_no_intervention,indonesia,USDC
557,0.7472606017628715,45868957.0161666,380,S6_worst_case_no_intervention,indonesia,USDC
558,0.7521314143885852,44722233.09076244,380,S6_worst_case_no_intervention,indonesia,USDC
559,0.7618625576512144,43604177.263493374,380,S6_worst_case_no_intervention,indonesia,USDC
560,0.7448154503882106,42514072.83190604,380,S6_worst_case_no_intervention,indonesia,USDC
561,0.7487421175875745,41451221.01110839,380,S6_worst_case_no_intervention,indonesia,USDC
562,0.7619047910524825,40414940.48583068,380,S6_worst_case_no_intervention,indonesia,USDC
563,0.755029772312255,39404566.97368491,380,S6_worst_case_no_intervention,indonesia,USDC
564,0.7840619410035921,38419452.79934279,380,S6_worst_case_no_intervention,indonesia,USDC
565,0.7972971862082573,37458966.47935922,380,S6_worst_case_no_intervention,indonesia,USDC
566,0.7857771810733256,36522492.31737524,380,S6_worst_case_no_intervention,indonesia,USDC
567,0.7803307568105011,35609430.00944086,380,S6_worst_case_no_intervention,indonesia,USDC
568,0.7275031587421847,34719194.259204835,380,S6_worst_case_no_intervention,indonesia,USDC
569,0.7269314816711696,33851214.40272472,380,S6_worst_case_no_intervention,indonesia,USDC
570,0.740876738653432,33004934.0426566,380,S6_worst_case_no_intervention,indonesia,USDC
571,0.754018715059608,32179810.691590186,380,S6_worst_case_no_intervention,indonesia,USDC
572,0.7511648692273069,31375315.424300432,380,S6_worst_case_no_intervention,indonesia,USDC
573,0.7507365466338365,30590932.53869292,380,S6_worst_case_no_intervention,indonesia,USDC
574,0.7650808252484727,29826159.225225598,380,S6_worst_case_no_intervention,indonesia,USDC
575,0.7747223613980857,29080505.244594954,380,S6_worst_case_no_intervention,indonesia,USDC
576,0.7492114410699356,28353492.61348008,380,S6_worst_case_no_intervention,indonesia,USDC
577,0.7733603203211364,27644655.29814308,380,S6_worst_case_no_intervention,indonesia,USDC
578,0.7611083739204063,26953538.915689506,380,S6_worst_case_no_intervention,indonesia,USDC
579,0.7729581901990422,26279700.442797266,380,S6_worst_case_no_intervention,indonesia,USDC
580,0.7900129995000649,25622707.931727335,380,S6_worst_case_no_intervention,indonesia,USDC
581,0.7720693966664522,24982140.23343415,380,S6_worst_case_no_intervention,indonesia,USDC
582,0.78117498085428,24357586.727598295,380,S6_worst_case_no_intervention,indonesia,USDC
583,0.7628495778357115,23748647.05940834,380,S6_worst_case_no_intervention,indonesia,USDC
584,0.7640321437866815,23154930.88292313,380,S6_worst_case_no_intervention,indonesia,USDC
585,0.7528109707724024,22576057.610850055,380,S6_worst_case_no_intervention,indonesia,USDC
586,0.7822810071865858,22011656.1705788,380,S6_worst_case_no_intervention,indonesia,USDC
587,0.7818148206343762,21461364.76631433,380,S6_worst_case_no_intervention,indonesia,USDC
588,0.8013742320472375,20924830.64715647,380,S6_worst_case_no_intervention,indonesia,USDC
589,0.7752852240615156,20401709.88097756,380,S6_worst_case_no_intervention,indonesia,USDC
590,0.7936271586191657,19891667.133953124,380,S6_worst_case_no_intervention,indonesia,USDC
591,0.7875531904629892,19394375.455604296,380,S6_worst_case_no_intervention,indonesia,USDC
592,0.7910856106114348,18909516.069214188,380,S6_worst_case_no_intervention,indonesia,USDC
593,0.8008204458285969,18436778.167483833,380,S6_worst_case_no_intervention,indonesia,USDC
594,0.801057127340859,17975858.713296734,380,S6_worst_case_no_intervention,indonesia,USDC
595,0.8325250568988124,17526462.245464318,380,S6_worst_case_no_intervention,indonesia,USDC
596,0.829418348752844,17088300.68932771,380,S6_worst_case_no_intervention,indonesia,USDC
597,0.8318399320369863,16661093.172094516,380,S6_worst_case_no_intervention,indonesia,USDC
598,0.8404974804267645,16244565.842792153,380,S6_worst_case_no_intervention,indonesia,USDC
599,0.8573584657109994,15838451.696722351,380,S6_worst_case_no_intervention,indonesia,USDC
600,0.8620474724290271,15442490.404304292,380,S6_worst_case_no_intervention,indonesia,USDC
601,0.834003279403924,15056428.144196685,380,S6_worst_case_no_intervention,indonesia,USDC
602,0.8261872894344289,14680017.440591767,380,S6_worst_case_no_intervention,indonesia,USDC
603,0.8302490356470225,14313017.004576974,380,S6_worst_case_no_intervention,indonesia,USDC
604,0.8290488453369396,13955191.579462549,380,S6_worst_case_no_intervention,indonesia,USDC
605,0.8083001491573658,13606311.789975986,380,S6_worst_case_no_intervention,indonesia,USDC
606,0.8127157279657564,13266153.995226588,380,S6_worst_case_no_intervention,indonesia,USDC
607,0.8368372762746014,12934500.145345923,380,S6_worst_case_no_intervention,indonesia,USDC
608,0.8175465131466466,12611137.641712273,380,S6_worst_case_no_intervention,indonesia,USDC
609,0.801136632329197,12295859.200669467,380,S6_worst_case_no_intervention,indonesia,USDC
610,0.8091274104653475,11988462.72065273,380,S6_worst_case_no_intervention,indonesia,USDC
611,0.8199933682892623,11688751.152636413,380,S6_worst_case_no_intervention,indonesia,USDC
612,0.8026700916788418,11396532.3738205,380,S6_worst_case_no_intervention,indonesia,USDC
613,0.8098506511912412,11111619.064474989,380,S6_worst_case_no_intervention,indonesia,USDC
614,0.8338579820672477,10833828.587863114,380,S6_worst_case_no_intervention,indonesia,USDC
615,0.8118607798734371,10562982.873166535,380,S6_worst_case_no_intervention,indonesia,USDC
616,0.7877562421081199,10298908.301337373,380,S6_worst_case_no_intervention,indonesia,USDC
617,0.7854342817886051,10041435.593803937,380,S6_worst_case_no_intervention,indonesia,USDC
618,0.765519407453385,9790399.70395884,380,S6_worst_case_no_intervention,indonesia,USDC
619,0.7889389601383436,9545639.711359868,380,S6_worst_case_no_intervention,indonesia,USDC
620,0.7810419465676883,9306998.718575872,380,S6_worst_case_no_intervention,indonesia,USDC
621,0.766693632444726,9074323.750611475,380,S6_worst_case_no_intervention,indonesia,USDC
622,0.7505232773345311,8847465.656846188,380,S6_worst_case_no_intervention,indonesia,USDC
623,0.764828532031088,8626279.015425034,380,S6_worst_case_no_intervention,indonesia,USDC
624,0.7765946277463139,8410622.040039407,380,S6_worst_case_no_intervention,indonesia,USDC
625,0.7719925742792427,8200356.489038423,380,S6_worst_case_no_intervention,indonesia,USDC
626,0.7759826691919738,7995347.576812463,380,S6_worst_case_no_intervention,indonesia,USDC
627,0.7940867910970881,7795463.88739215,380,S6_worst_case_no_intervention,indonesia,USDC
628,0.7635730247156719,7600577.290207347,380,S6_worst_case_no_intervention,indonesia,USDC
629,0.7479724443251604,7410562.857952164,380,S6_worst_case_no_intervention,indonesia,USDC
630,0.7578375768908434,7225298.786503359,380,S6_worst_case_no_intervention,indonesia,USDC
631,0.7647524701113372,7044666.316840774,380,S6_worst_case_no_intervention,indonesia,USDC
632,0.7915587578278501,6868549.658919755,380,S6_worst_case_no_intervention,indonesia,USDC
633,0.8042263934766282,6696835.91744676,380,S6_worst_case_no_intervention,indonesia,USDC
634,0.8065600413526778,6529415.019510592,380,S6_worst_case_no_intervention,indonesia,USDC
635,0.8188847957609161,6366179.644022828,380,S6_worst_case_no_intervention,indonesia,USDC
636,0.8372199284728,6207025.152922258,380,S6_worst_case_no_intervention,indonesia,USDC
637,0.8294707388619864,6051849.524099201,380,S6_worst_case_no_intervention,indonesia,USDC
638,0.8133548898097943,5900553.285996721,380,S6_worst_case_no_intervention,indonesia,USDC
639,0.8020861845415052,5753039.453846803,380,S6_worst_case_no_intervention,indonesia,USDC
640,0.8155235748379281,5609213.467500633,380,S6_worst_case_no_intervention,indonesia,USDC
641,0.8147436810525237,5468983.130813117,380,S6_worst_case_no_intervention,indonesia,USDC
642,0.7984738875772528,5332258.552542789,380,S6_worst_case_no_intervention,indonesia,USDC
643,0.7751872071409148,5198952.0887292195,380,S6_worst_case_no_intervention,indonesia,USDC
644,0.7778312453672827,5068978.286510989,380,S6_worst_case_no_intervention,indonesia,USDC
645,0.7766605596965641,4942253.829348214,380,S6_worst_case_no_intervention,indonesia,USDC
646,0.7499277570266855,4818697.483614508,380,S6_worst_case_no_intervention,indonesia,USDC
647,0.7360877801827802,4698230.046524146,380,S6_worst_case_no_intervention,indonesia,USDC
648,0.7346592081924527,4580774.295361042,380,S6_worst_case_no_intervention,indonesia,USDC
649,0.7422198844954963,4466254.937977016,380,S6_worst_case_no_intervention,indonesia,USDC
650,0.7596960178662827,4354598.564527591,380,S6_worst_case_no_intervention,indonesia,USDC
651,0.7258590634408961,4245733.600414401,380,S6_worst_case_no_intervention,indonesia,USDC
652,0.7220071764282184,4139590.2604040406,380,S6_worst_case_no_intervention,indonesia,USDC
653,0.7275987412217562,4036100.50389394,380,S6_worst_case_no_intervention,indonesia,USDC
654,0.7308107732738807,3935197.9912965912,380,S6_worst_case_no_intervention,indonesia,USDC
655,0.7303925907431588,3836818.041514176,380,S6_worst_case_no_intervention,indonesia,USDC
656,0.7346870160705089,3740897.590476322,380,S6_worst_case_no_intervention,indonesia,USDC
657,0.7364803168833394,3647375.150714414,380,S6_worst_case_no_intervention,indonesia,USDC
658,0.7331574927738472,3556190.771946554,380,S6_worst_case_no_intervention,indonesia,USDC
659,0.7482068313482027,3467286.00264789,380,S6_worst_case_no_intervention,indonesia,USDC
660,0.7846043914769179,3380603.852581693,380,S6_worst_case_no_intervention,indonesia,USDC
661,0.7654485233314651,3296088.756267151,380,S6_worst_case_no_intervention,indonesia,USDC
662,0.7750668016213692,3213686.5373604717,380,S6_worst_case_no_intervention,indonesia,USDC
663,0.7747077124787769,3133344.37392646,380,S6_worst_case_no_intervention,indonesia,USDC
664,0.774182874210239,3055010.764578298,380,S6_worst_case_no_intervention,indonesia,USDC
665,0.7878380483195117,2978635.495463841,380,S6_worst_case_no_intervention,indonesia,USDC
666,0.7955663721670607,2904169.608077245,380,S6_worst_case_no_intervention,indonesia,USDC
667,0.7951410838693951,2831565.367875314,380,S6_worst_case_no_intervention,indonesia,USDC
668,0.7812886375863135,2760776.2336784313,380,S6_worst_case_no_intervention,indonesia,USDC
669,0.7940148596445192,2691756.82783647,380,S6_worst_case_no_intervention,indonesia,USDC
670,0.8079048587188618,2624462.9071405586,380,S6_worst_case_no_intervention,indonesia,USDC
671,0.6707722584797253,2558851.3344620443,380,S6_worst_case_no_intervention,indonesia,USDC
672,0.6886115584369713,2494880.0511004934,380,S6_worst_case_no_intervention,indonesia,USDC
673,0.7151814224679046,2432508.049822981,380,S6_worst_case_no_intervention,indonesia,USDC
674,0.7124595081219398,2371695.3485774067,380,S6_worst_case_no_intervention,indonesia,USDC
675,0.7177222259469428,2312402.9648629716,380,S6_worst_case_no_intervention,indonesia,USDC
676,0.7314299305310835,2254592.890741397,380,S6_worst_case_no_intervention,indonesia,USDC
677,0.75301045666001,2198228.0684728622,380,S6_worst_case_no_intervention,indonesia,USDC
678,0.7682616428493714,2143272.366761041,380,S6_worst_case_no_intervention,indonesia,USDC
679,0.8107187564090734,2089690.5575920145,380,S6_worst_case_no_intervention,indonesia,USDC
680,0.8156253622977535,2037448.293652214,380,S6_worst_case_no_intervention,indonesia,USDC
681,0.8277037730254428,1986512.0863109087,380,S6_worst_case_no_intervention,indonesia,USDC
682,0.8059395800307514,1936849.2841531362,380,S6_worst_case_no_intervention,indonesia,USDC
683,0.8307558181373602,1888428.0520493079,380,S6_worst_case_no_intervention,indonesia,USDC
684,0.823476537102006,1841217.3507480752,380,S6_worst_case_no_intervention,indonesia,USDC
685,0.839393826445442,1795186.9169793732,380,S6_worst_case_no_intervention,indonesia,USDC
686,0.830929662813222,1750307.2440548888,380,S6_worst_case_no_intervention,indonesia,USDC
687,0.8370376813738145,1706549.5629535168,380,S6_worst_case_no_intervention,indonesia,USDC
688,0.8438734386758937,1663885.8238796787,380,S6_worst_case_no_intervention,indonesia,USDC
689,0.8081833063995785,1622288.6782826867,380,S6_worst_case_no_intervention,indonesia,USDC
690,0.8206605143506952,1581731.4613256196,380,S6_worst_case_no_intervention,indonesia,USDC
691,0.8278404299286928,1542188.174792479,380,S6_worst_case_no_intervention,indonesia,USDC
692,0.8197523475088269,1503633.470422667,380,S6_worst_case_no_intervention,indonesia,USDC
693,0.8215259167157334,1466042.6336621004,380,S6_worst_case_no_intervention,indonesia,USDC
694,0.8004472554199098,1429391.567820548,380,S6_worst_case_no_intervention,indonesia,USDC
695,0.788324859551728,1393656.7786250343,380,S6_worst_case_no_intervention,indonesia,USDC
696,0.7952019786488257,1358815.3591594086,380,S6_worst_case_no_intervention,indonesia,USDC
697,0.7815858259726657,1324844.9751804234,380,S6_worst_case_no_intervention,indonesia,USDC
698,0.7715638975958372,1291723.8508009128,380,S6_worst_case_no_intervention,indonesia,USDC
699,0.7717894164453184,1259430.75453089,380,S6_worst_case_no_intervention,indonesia,USDC
700,0.7671921279820382,1227944.9856676175,380,S6_worst_case_no_intervention,indonesia,USDC
701,0.7585536687089796,1197246.3610259271,380,S6_worst_case_no_intervention,indonesia,USDC
702,0.763248025499856,1167315.202000279,380,S6_worst_case_no_intervention,indonesia,USDC
703,0.7992036690498195,1138132.3219502717,380,S6_worst_case_no_intervention,indonesia,USDC
704,0.7674498989928649,1109679.013901515,380,S6_worst_case_no_intervention,indonesia,USDC
705,0.7667819706453743,1081937.0385539772,380,S6_worst_case_no_intervention,indonesia,USDC
706,0.8033622282069921,1054888.6125901279,380,S6_worst_case_no_intervention,indonesia,USDC
707,0.8016780806352943,1028516.3972753746,380,S6_worst_case_no_intervention,indonesia,USDC
708,0.8125340450442939,1002803.4873434901,380,S6_worst_case_no_intervention,indonesia,USDC
709,0.8001842797368828,977733.4001599029,380,S6_worst_case_no_intervention,indonesia,USDC
710,0.8213029131988654,953290.0651559053,380,S6_worst_case_no_intervention,indonesia,USDC
711,0.8089622320446617,929457.8135270078,380,S6_worst_case_no_intervention,indonesia,USDC
712,0.784317684462931,906221.3681888324,380,S6_worst_case_no_intervention,indonesia,USDC
713,0.7767212650479656,883565.8339841117,380,S6_worst_case_no_intervention,indonesia,USDC
714,0.797183212814847,861476.6881345089,380,S6_worst_case_no_intervention,indonesia,USDC
715,0.8163424862157993,839939.7709311461,380,S6_worst_case_no_intervention,indonesia,USDC
716,0.8102063631463599,818941.2766578675,380,S6_worst_case_no_intervention,indonesia,USDC
717,0.8065698035648429,798467.7447414208,380,S6_worst_case_no_intervention,indonesia,USDC
718,0.7955999340803774,778506.0511228853,380,S6_worst_case_no_intervention,indonesia,USDC
719,0.7959653570213716,759043.3998448132,380,S6_worst_case_no_intervention,indonesia,USDC
720,0.8097468349006655,740067.3148486929,380,S6_worst_case_no_intervention,indonesia,USDC
721,0.7978556772428379,721565.6319774755,380,S6_worst_case_no_intervention,indonesia,USDC
722,0.7916069277850027,703526.4911780385,380,S6_worst_case_no_intervention,indonesia,USDC
723,0.7842766309832139,685938.3288985876,380,S6_worst_case_no_intervention,indonesia,USDC
724,0.8019604700285264,668789.8706761228,380,S6_worst_case_no_intervention,indonesia,USDC
725,0.7917125043377026,652070.1239092199,380,S6_worst_case_no_intervention,indonesia,USDC
726,0.798464175464735,635768.3708114894,380,S6_worst_case_no_intervention,indonesia,USDC
727,0.8271253360908267,619874.1615412021,380,S6_worst_case_no_intervention,indonesia,USDC
728,0.8089426245900898,604377.3075026721,380,S6_worst_case_no_intervention,indonesia,USDC
729,0.7754108177262685,589267.8748151052,380,S6_worst_case_no_intervention,indonesia,USDC
730,0.7706547855485475,574536.1779447276,380,S6_worst_case_no_intervention,indonesia,USDC
731,0.7668962175231923,560172.7734961095,380,S6_worst_case_no_intervention,indonesia,USDC
732,0.7653850648530406,546168.4541587067,380,S6_worst_case_no_intervention,indonesia,USDC
733,0.7466698078817141,532514.242804739,380,S6_worst_case_no_intervention,indonesia,USDC
734,0.757574370549621,519201.3867346205,380,S6_worst_case_no_intervention,indonesia,USDC
735,0.7681859659475979,506221.35206625506,380,S6_worst_case_no_intervention,indonesia,USDC
736,0.7814860250910005,493565.8182645986,380,S6_worst_case_no_intervention,indonesia,USDC
737,0.7579332070399564,481226.6728079837,380,S6_worst_case_no_intervention,indonesia,USDC
738,0.7376638902225614,469196.005987784,380,S6_worst_case_no_intervention,indonesia,USDC
739,0.7573667377235119,457466.1058380895,380,S6_worst_case_no_intervention,indonesia,USDC
740,0.7743459658197007,446029.4531921372,380,S6_worst_case_no_intervention,indonesia,USDC
741,0.764808369729602,434878.7168623338,380,S6_worst_case_no_intervention,indonesia,USDC
742,0.7660560730725011,424006.7489407754,380,S6_worst_case_no_intervention,indonesia,USDC
743,0.7821598390533678,413406.5802172561,380,S6_worst_case_no_intervention,indonesia,USDC
744,0.7880872343539329,403071.4157118246,380,S6_worst_case_no_intervention,indonesia,USDC
745,0.8021324634962761,392994.63031902903,380,S6_worst_case_no_intervention,indonesia,USDC
746,0.7831979007520513,383169.7645610533,380,S6_worst_case_no_intervention,indonesia,USDC
747,0.8065413225174504,373590.52044702694,380,S6_worst_case_no_intervention,indonesia,USDC
748,0.8211340010910902,364250.7574358513,380,S6_worst_case_no_intervention,indonesia,USDC
749,0.826541165603898,355144.48849995504,380,S6_worst_case_no_intervention,indonesia,USDC
750,0.827391673633398,346265.87628745614,380,S6_worst_case_no_intervention,indonesia,USDC
751,0.8052635273841184,337609.22938026977,380,S6_worst_case_no_intervention,indonesia,USDC
752,0.8032991412999032,329168.99864576303,380,S6_worst_case_no_intervention,indonesia,USDC
753,0.8060869491259439,320939.77367961896,380,S6_worst_case_no_intervention,indonesia,USDC
754,0.8138151894419959,312916.27933762845,380,S6_worst_case_no_intervention,indonesia,USDC
755,0.8076662854866962,305093.37235418777,380,S6_worst_case_no_intervention,indonesia,USDC
756,0.7931435211180561,297466.038045333,380,S6_worst_case_no_intervention,indonesia,USDC
757,0.8179928966633891,290029.3870941997,380,S6_worst_case_no_intervention,indonesia,USDC
758,0.812995589638358,282778.65241684474,380,S6_worst_case_no_intervention,indonesia,USDC
759,0.8498593422632882,275709.1861064236,380,S6_worst_case_no_intervention,indonesia,USDC
760,0.836899720738817,268816.45645376306,380,S6_worst_case_no_intervention,indonesia,USDC
761,0.8316239756893997,262096.04504241896,380,S6_worst_case_no_intervention,indonesia,USDC
762,0.8245617395982721,255543.64391635853,380,S6_worst_case_no_intervention,indonesia,USDC
763,0.8417813711093768,249155.05281844953,380,S6_worst_case_no_intervention,indonesia,USDC
764,0.8455831281262143,242926.1764979883,380,S6_worst_case_no_intervention,indonesia,USDC
765,0.8619813779093727,236853.0220855386,380,S6_worst_case_no_intervention,indonesia,USDC
766,0.8336846517977585,230931.69653340013,380,S6_worst_case_no_intervention,indonesia,USDC
767,0.825459273818063,225158.4041200651,380,S6_worst_case_no_intervention,indonesia,USDC
768,0.796360385873611,219529.4440170635,380,S6_worst_case_no_intervention,indonesia,USDC
769,0.8114165373947458,214041.20791663695,380,S6_worst_case_no_intervention,indonesia,USDC
770,0.8150825507512153,208690.17771872098,380,S6_worst_case_no_intervention,indonesia,USDC
771,0.8231740739422481,203472.92327575298,380,S6_worst_case_no_intervention,indonesia,USDC
772,0.825512516174849,198386.10019385914,380,S6_worst_case_no_intervention,indonesia,USDC
773,0.8255411235630206,193426.44768901268,380,S6_worst_case_no_intervention,indonesia,USDC
774,0.838775694654742,188590.78649678733,380,S6_worst_case_no_intervention,indonesia,USDC
775,0.8241795264985582,183876.01683436765,380,S6_worst_case_no_intervention,indonesia,USDC
776,0.8149739597755625,179279.11641350845,380,S6_worst_case_no_intervention,indonesia,USDC
777,0.8141169376510266,174797.13850317075,380,S6_worst_case_no_intervention,indonesia,USDC
778,0.8159353938453787,170427.21004059148,380,S6_worst_case_no_intervention,indonesia,USDC
779,0.8136167760760975,166166.5297895767,380,S6_worst_case_no_intervention,indonesia,USDC
780,0.7847398947395869,162012.36654483728,380,S6_worst_case_no_intervention,indonesia,USDC
781,0.7993747454872064,157962.05738121635,380,S6_worst_case_no_intervention,indonesia,USDC
782,0.7818486865099731,154013.00594668594,380,S6_worst_case_no_intervention,indonesia,USDC
783,0.7990690003829726,150162.6807980188,380,S6_worst_case_no_intervention,indonesia,USDC
784,0.7922980680710336,146408.6137780683,380,S6_worst_case_no_intervention,indonesia,USDC
785,0.7781812703414968,142748.39843361662,380,S6_worst_case_no_intervention,indonesia,USDC
786,0.7609571080726951,139179.6884727762,380,S6_worst_case_no_intervention,indonesia,USDC
787,0.7475651755056383,135700.19626095679,380,S6_worst_case_no_intervention,indonesia,USDC
788,0.7522155790600582,132307.6913544329,380,S6_worst_case_no_intervention,indonesia,USDC
789,0.7462610517726795,128999.99907057206,380,S6_worst_case_no_intervention,indonesia,USDC
790,0.7398059479608425,125774.99909380774,380,S6_worst_case_no_intervention,indonesia,USDC
791,0.7515434626565586,122630.62411646255,380,S6_worst_case_no_intervention,indonesia,USDC
792,0.7741553326542729,119564.858513551,380,S6_worst_case_no_intervention,indonesia,USDC
793,0.7620909128593222,116575.73705071223,380,S6_worst_case_no_intervention,indonesia,USDC
794,0.7460274437541337,113661.34362444442,380,S6_worst_case_no_intervention,indonesia,USDC
795,0.7374197400372686,110819.8100338333,380,S6_worst_case_no_intervention,indonesia,USDC
796,0.7514583154718115,108049.31478298747,380,S6_worst_case_no_intervention,indonesia,USDC
797,0.7528708378868024,105348.08191341278,380,S6_worst_case_no_intervention,indonesia,USDC
798,0.7672165123416556,102714.37986557747,380,S6_worst_case_no_intervention,indonesia,USDC
799,0.7639919461729936,100146.52036893801,380,S6_worst_case_no_intervention,indonesia,USDC
800,0.7774256532790431,97642.85735971457,380,S6_worst_case_no_intervention,indonesia,USDC
801,0.7739332741495607,95201.7859257217,380,S6_worst_case_no_intervention,indonesia,USDC
802,0.7568777151480884,92821.74127757867,380,S6_worst_case_no_intervention,indonesia,USDC
803,0.7430178034281952,90501.19774563919,380,S6_worst_case_no_intervention,indonesia,USDC
804,0.7675874282968629,88238.66780199822,380,S6_worst_case_no_intervention,indonesia,USDC
805,0.7564138797750933,86032.70110694825,380,S6_worst_case_no_intervention,indonesia,USDC
806,0.7629474422608441,83881.88357927455,380,S6_worst_case_no_intervention,indonesia,USDC
807,0.7678922137116637,81784.8364897927,380,S6_worst_case_no_intervention,indonesia,USDC
808,0.7752373169392313,79740.21557754788,380,S6_worst_case_no_intervention,indonesia,USDC
809,0.7846851055788217,77746.71018810918,380,S6_worst_case_no_intervention,indonesia,USDC
810,0.7927144582981226,75803.04243340646,380,S6_worst_case_no_intervention,indonesia,USDC
811,0.7933378368204219,73907.96637257129,380,S6_worst_case_no_intervention,indonesia,USDC
812,0.813229672471951,72060.267213257,380,S6_worst_case_no_intervention,indonesia,USDC
813,0.8044886941588602,70258.76053292557,380,S6_worst_case_no_intervention,indonesia,USDC
814,0.7814303882428832,68502.29151960244,380,S6_worst_case_no_intervention,indonesia,USDC
815,0.7789455382143896,66789.73423161238,380,S6_worst_case_no_intervention,indonesia,USDC
816,0.7823585533137385,65119.99087582207,380,S6_worst_case_no_intervention,indonesia,USDC
817,0.7806666438512373,63491.99110392652,380,S6_worst_case_no_intervention,indonesia,USDC
818,0.8130461950463336,61904.69132632836,380,S6_worst_case_no_intervention,indonesia,USDC
819,0.8275355128047345,60357.07404317014,380,S6_worst_case_no_intervention,indonesia,USDC
820,0.8172008780863514,58848.14719209088,380,S6_worst_case_no_intervention,indonesia,USDC
821,0.8174718685442675,57376.94351228861,380,S6_worst_case_no_intervention,indonesia,USDC
822,0.7980529103800212,55942.5199244814,380,S6_worst_case_no_intervention,indonesia,USDC
823,0.7846297106197277,54543.95692636937,380,S6_worst_case_no_intervention,indonesia,USDC
824,0.7759686955899868,53180.35800321013,380,S6_worst_case_no_intervention,indonesia,USDC
825,0.7677973569319075,51850.84905312988,380,S6_worst_case_no_intervention,indonesia,USDC
826,0.7625401971505638,50554.57782680163,380,S6_worst_case_no_intervention,indonesia,USDC
827,0.7386096600201298,49290.713381131594,380,S6_worst_case_no_intervention,indonesia,USDC
828,0.7452243875011727,48058.4455466033,380,S6_worst_case_no_intervention,indonesia,USDC
829,0.7468786500996739,46856.98440793822,380,S6_worst_case_no_intervention,indonesia,USDC
830,0.7556672820039011,45685.55979773977,380,S6_worst_case_no_intervention,indonesia,USDC
831,0.7813903265669321,44543.420802796274,380,S6_worst_case_no_intervention,indonesia,USDC
832,0.8029925627152223,43429.835282726366,380,S6_worst_case_no_intervention,indonesia,USDC
833,0.7952533532821318,42344.0894006582,380,S6_worst_case_no_intervention,indonesia,USDC
834,0.8025057678121833,41285.48716564175,380,S6_worst_case_no_intervention,indonesia,USDC
835,0.7954079806771812,40253.3499865007,380,S6_worst_case_no_intervention,indonesia,USDC
836,0.8259742947426,39247.016236838186,380,S6_worst_case_no_intervention,indonesia,USDC
837,0.8048888543698266,38265.84083091724,380,S6_worst_case_no_intervention,indonesia,USDC
838,0.7921582801304377,37309.194810144305,380,S6_worst_case_no_intervention,indonesia,USDC
839,0.7897042125848278,36376.46493989069,380,S6_worst_case_no_intervention,indonesia,USDC
840,0.7846032627875962,35467.05331639343,380,S6_worst_case_no_intervention,indonesia,USDC
841,0.8084653179259806,34580.37698348359,380,S6_worst_case_no_intervention,indonesia,USDC
842,0.8064570891635872,33715.8675588965,380,S6_worst_case_no_intervention,indonesia,USDC
843,0.8115228453293785,32872.97086992409,380,S6_worst_case_no_intervention,indonesia,USDC
844,0.8096553367258028,32051.146598175987,380,S6_worst_case_no_intervention,indonesia,USDC
845,0.7956874405368813,31249.86793322159,380,S6_worst_case_no_intervention,indonesia,USDC
846,0.8048891796985584,30468.62123489105,380,S6_worst_case_no_intervention,indonesia,USDC
847,0.7905798461415209,29706.90570401877,380,S6_worst_case_no_intervention,indonesia,USDC
848,0.8298064313828352,28964.2330614183,380,S6_worst_case_no_intervention,indonesia,USDC
849,0.8134485475995085,28240.127234882842,380,S6_worst_case_no_intervention,indonesia,USDC
850,0.7918185615471789,27534.124054010776,380,S6_worst_case_no_intervention,indonesia,USDC
851,0.761789833906161,26845.770952660507,380,S6_worst_case_no_intervention,indonesia,USDC
852,0.786993232447287,26174.626678843993,380,S6_worst_case_no_intervention,indonesia,USDC
853,0.8016112523631587,25520.261011872895,380,S6_worst_case_no_intervention,indonesia,USDC
854,0.8034131246392079,24882.254486576072,380,S6_worst_case_no_intervention,indonesia,USDC
855,0.8135515542827149,24260.198124411672,380,S6_worst_case_no_intervention,indonesia,USDC
856,0.7953835912859244,23653.69317130138,380,S6_worst_case_no_intervention,indonesia,USDC
857,0.809485605272473,23062.350842018845,380,S6_worst_case_no_intervention,indonesia,USDC
858,0.8286928030705543,22485.792070968375,380,S6_worst_case_no_intervention,indonesia,USDC
859,0.835091249211701,21923.647269194167,380,S6_worst_case_no_intervention,indonesia,USDC
860,0.8341892340505764,21375.556087464312,380,S6_worst_case_no_intervention,indonesia,USDC
861,0.8070449675151842,20841.167185277704,380,S6_worst_case_no_intervention,indonesia,USDC
862,0.7997836780584006,20320.138005645764,380,S6_worst_case_no_intervention,indonesia,USDC
863,0.8043383052083815,19812.134555504617,380,S6_worst_case_no_intervention,indonesia,USDC
864,0.7953992558115756,19316.831191617,380,S6_worst_case_no_intervention,indonesia,USDC
865,0.8139660698395627,18833.910411826575,380,S6_worst_case_no_intervention,indonesia,USDC
866,0.8148246941030257,18363.062651530912,380,S6_worst_case_no_intervention,indonesia,USDC
867,0.8388930541448506,17903.98608524264,380,S6_worst_case_no_intervention,indonesia,USDC
868,0.8414079971078855,17456.386433111573,380,S6_worst_case_no_intervention,indonesia,USDC
869,0.8185328623498701,17019.976772283782,380,S6_worst_case_no_intervention,indonesia,USDC
870,0.7928033589947261,16594.47735297669,380,S6_worst_case_no_intervention,indonesia,USDC
871,0.7917644321757562,16179.61541915227,380,S6_worst_case_no_intervention,indonesia,USDC
872,0.7707039742139061,15775.125033673463,380,S6_worst_case_no_intervention,indonesia,USDC
873,0.7419434683297584,15380.746907831628,380,S6_worst_case_no_intervention,indonesia,USDC
874,0.7462907301033692,14996.228235135837,380,S6_worst_case_no_intervention,indonesia,USDC
875,0.7236944368803225,14621.322529257443,380,S6_worst_case_no_intervention,indonesia,USDC
876,0.7495195228010083,14255.789466026006,380,S6_worst_case_no_intervention,indonesia,USDC
877,0.7673319304383834,13899.394729375355,380,S6_worst_case_no_intervention,indonesia,USDC
878,0.7640531357249498,13551.909861140972,380,S6_worst_case_no_intervention,indonesia,USDC
879,0.767732937359799,13213.112114612446,380,S6_worst_case_no_intervention,indonesia,USDC
880,0.7714392728334933,12882.784311747135,380,S6_worst_case_no_intervention,indonesia,USDC
881,0.7719246614931243,12560.714703953458,380,S6_worst_case_no_intervention,indonesia,USDC
882,0.7677707391871547,12246.696836354622,380,S6_worst_case_no_intervention,indonesia,USDC
883,0.7788147941106549,11940.529415445755,380,S6_worst_case_no_intervention,indonesia,USDC
884,0.781200059189486,11642.016180059612,380,S6_worst_case_no_intervention,indonesia,USDC
885,0.7690916010749095,11350.965775558121,380,S6_worst_case_no_intervention,indonesia,USDC
886,0.7809925819758683,11067.19163116917,380,S6_worst_case_no_intervention,indonesia,USDC
887,0.8010741789140443,10790.51184038994,380,S6_worst_case_no_intervention,indonesia,USDC
888,0.794994777614272,10520.74904438019,380,S6_worst_case_no_intervention,indonesia,USDC
889,0.7708553019404369,10257.730318270686,380,S6_worst_case_no_intervention,indonesia,USDC
890,0.7801840775112748,10001.28706031392,380,S6_worst_case_no_intervention,indonesia,USDC
891,0.7882559051218262,9751.25488380607,380,S6_worst_case_no_intervention,indonesia,USDC
892,0.783591205942681,9507.47351171092,380,S6_worst_case_no_intervention,indonesia,USDC
893,0.7659196808663858,9269.786673918146,380,S6_worst_case_no_intervention,indonesia,USDC
894,0.7643387558318397,9038.042007070191,380,S6_worst_case_no_intervention,indonesia,USDC
895,0.7692372923625577,8812.090956893437,380,S6_worst_case_no_intervention,indonesia,USDC
896,0.7434689190953542,8591.788682971102,380,S6_worst_case_no_intervention,indonesia,USDC
897,0.7399418051144386,8376.993965896825,380,S6_worst_case_no_intervention,indonesia,USDC
898,0.752368757313252,8167.569116749402,380,S6_worst_case_no_intervention,indonesia,USDC
899,0.7730580554389164,7963.379888830668,380,S6_worst_case_no_intervention,indonesia,USDC
900,0.7916673945047776,7764.295391609901,380,S6_worst_case_no_intervention,indonesia,USDC
901,0.7766600683974022,7570.188006819654,380,S6_worst_case_no_intervention,indonesia,USDC
902,0.7956443995643854,7380.933306649163,380,S6_worst_case_no_intervention,indonesia,USDC
903,0.794635158810362,7196.4099739829335,380,S6_worst_case_no_intervention,indonesia,USDC
904,0.7958653433651168,7016.4997246333605,380,S6_worst_case_no_intervention,indonesia,USDC
905,0.7932151810195185,6841.087231517526,380,S6_worst_case_no_intervention,indonesia,USDC
906,0.7956873054671356,6670.060050729588,380,S6_worst_case_no_intervention,indonesia,USDC
907,0.7819056013420675,6503.308549461348,380,S6_worst_case_no_intervention,indonesia,USDC
908,0.8059065507610962,6340.725835724816,380,S6_worst_case_no_intervention,indonesia,USDC
909,0.7913000693411076,6182.207689831695,380,S6_worst_case_no_intervention,indonesia,USDC
910,0.7897101718794511,6027.652497585902,380,S6_worst_case_no_intervention,indonesia,USDC
911,0.7912569099919692,5876.961185146254,380,S6_worst_case_no_intervention,indonesia,USDC
912,0.7936758438895164,5730.037155517598,380,S6_worst_case_no_intervention,indonesia,USDC
913,0.7960149044325678,5586.786226629658,380,S6_worst_case_no_intervention,indonesia,USDC
914,0.798068031098554,5447.116570963916,380,S6_worst_case_no_intervention,indonesia,USDC
915,0.8050368046517894,5310.938656689818,380,S6_worst_case_no_intervention,indonesia,USDC
916,0.8254700566785501,5178.165190272573,380,S6_worst_case_no_intervention,indonesia,USDC
917,0.8086419575592236,5048.711060515759,380,S6_worst_case_no_intervention,indonesia,USDC
918,0.800167307954837,4922.493284002865,380,S6_worst_case_no_intervention,indonesia,USDC
919,0.7818355734071533,4799.430951902794,380,S6_worst_case_no_intervention,indonesia,USDC
920,0.781195777743586,4679.445178105224,380,S6_worst_case_no_intervention,indonesia,USDC
921,0.7916257284697253,4562.459048652593,380,S6_worst_case_no_intervention,indonesia,USDC
922,0.7879046801769479,4448.397572436279,380,S6_worst_case_no_intervention,indonesia,USDC
923,0.791670476571847,4337.187633125372,380,S6_worst_case_no_intervention,indonesia,USDC
924,0.7955421597677445,4228.757942297238,380,S6_worst_case_no_intervention,indonesia,USDC
925,0.8072677488844097,4123.038993739806,380,S6_worst_case_no_intervention,indonesia,USDC
926,0.7993861311483512,4019.963018896311,380,S6_worst_case_no_intervention,indonesia,USDC
927,0.7942999383012813,3919.4639434239034,380,S6_worst_case_no_intervention,indonesia,USDC
928,0.8101946203170329,3821.4773448383057,380,S6_worst_case_no_intervention,indonesia,USDC
929,0.8161063943637823,3725.940411217348,380,S6_worst_case_no_intervention,indonesia,USDC
930,0.8112042561200394,3632.7919009369143,380,S6_worst_case_no_intervention,indonesia,USDC
931,0.8486889861461568,3541.9721034134914,380,S6_worst_case_no_intervention,indonesia,USDC
932,0.8549283434880735,3453.4228008281543,380,S6_worst_case_no_intervention,indonesia,USDC
933,0.847447871295048,3367.0872308074504,380,S6_worst_case_no_intervention,indonesia,USDC
934,0.8468326366940998,3282.910050037264,380,S6_worst_case_no_intervention,indonesia,USDC
935,0.8263518311431972,3200.837298786332,380,S6_worst_case_no_intervention,indonesia,USDC
936,0.8191197499058199,3120.8163663166733,380,S6_worst_case_no_intervention,indonesia,USDC
937,0.8348556925814746,3042.7959571587567,380,S6_worst_case_no_intervention,indonesia,USDC
938,0.8173974428496468,2966.7260582297877,380,S6_worst_case_no_intervention,indonesia,USDC
939,0.824672729176637,2892.5579067740427,380,S6_worst_case_no_intervention,indonesia,USDC
940,0.8581533421635948,2820.243959104692,380,S6_worst_case_no_intervention,indonesia,USDC
941,0.8801033765216592,2749.737860127075,380,S6_worst_case_no_intervention,indonesia,USDC
942,0.8833424216032191,2680.994413623898,380,S6_worst_case_no_intervention,indonesia,USDC
943,0.8484710467730523,2613.9695532833002,380,S6_worst_case_no_intervention,indonesia,USDC
944,0.812590474217255,2548.6203144512174,380,S6_worst_case_no_intervention,indonesia,USDC
945,0.7959021697151369,2484.9048065899374,380,S6_worst_case_no_intervention,indonesia,USDC
946,0.8084718975415497,2422.782186425189,380,S6_worst_case_no_intervention,indonesia,USDC
947,0.8240406502823844,2362.212631764559,380,S6_worst_case_no_intervention,indonesia,USDC
948,0.8203989222289175,2303.1573159704453,380,S6_worst_case_no_intervention,indonesia,USDC
949,0.7851601326036061,2245.5783830711844,380,S6_worst_case_no_intervention,indonesia,USDC
950,0.7711970357335121,2189.4389234944047,380,S6_worst_case_no_intervention,indonesia,USDC
951,0.7735825531856736,2134.702950407044,380,S6_worst_case_no_intervention,indonesia,USDC
952,0.7747065542108771,2081.3353766468686,380,S6_worst_case_no_intervention,indonesia,USDC
953,0.7752494677967902,2029.3019922306964,380,S6_worst_case_no_intervention,indonesia,USDC
954,0.7807532176428602,1978.569442424929,380,S6_worst_case_no_intervention,indonesia,USDC
955,0.7571092268840972,1929.105206364306,380,S6_worst_case_no_intervention,indonesia,USDC
956,0.7882386972099988,1880.8775762051982,380,S6_worst_case_no_intervention,indonesia,USDC
957,0.7953804874584077,1833.8556368000686,380,S6_worst_case_no_intervention,indonesia,USDC
958,0.7862786330554231,1788.0092458800668,380,S6_worst_case_no_intervention,indonesia,USDC
959,0.7861194158980442,1743.309014733065,380,S6_worst_case_no_intervention,indonesia,USDC
960,0.7666051608876039,1699.7262893647382,380,S6_worst_case_no_intervention,indonesia,USDC
961,0.7885079488268631,1657.2331321306197,380,S6_worst_case_no_intervention,indonesia,USDC
962,0.7450320723279288,1615.802303827354,380,S6_worst_case_no_intervention,indonesia,USDC
963,0.7437361058235218,1575.4072462316703,380,S6_worst_case_no_intervention,indonesia,USDC
964,0.7615236707169503,1536.0220650758786,380,S6_worst_case_no_intervention,indonesia,USDC
965,0.7697334294138526,1497.6215134489817,380,S6_worst_case_no_intervention,indonesia,USDC
966,0.7605173282134193,1460.180975612757,380,S6_worst_case_no_intervention,indonesia,USDC
967,0.7854467367222352,1423.6764512224381,380,S6_worst_case_no_intervention,indonesia,USDC
968,0.8003305710987363,1388.0845399418772,380,S6_worst_case_no_intervention,indonesia,USDC
969,0.8145048276241684,1353.3824264433301,380,S6_worst_case_no_intervention,indonesia,USDC
970,0.7891371553883877,1319.547865782247,380,S6_worst_case_no_intervention,indonesia,USDC
971,0.7934673172375942,1286.5591691376908,380,S6_worst_case_no_intervention,indonesia,USDC
972,0.8156557586524049,1254.3951899092485,380,S6_worst_case_no_intervention,indonesia,USDC
973,0.8036389892606103,1223.0353101615174,380,S6_worst_case_no_intervention,indonesia,USDC
974,0.7973461922551036,1192.4594274074793,380,S6_worst_case_no_intervention,indonesia,USDC
975,0.8092533765932253,1162.6479417222924,380,S6_worst_case_no_intervention,indonesia,USDC
976,0.8123354082119425,1133.5817431792352,380,S6_worst_case_no_intervention,indonesia,USDC
977,0.817641363192839,1105.2421995997543,380,S6_worst_case_no_intervention,indonesia,USDC
978,0.8099565852624748,1077.6111446097607,380,S6_worst_case_no_intervention,indonesia,USDC
979,0.7891531207181331,1050.6708659945166,380,S6_worst_case_no_intervention,indonesia,USDC
980,0.7908317164022647,1024.4040943446535,380,S6_worst_case_no_intervention,indonesia,USDC
981,0.8041440409075612,998.7939919860372,380,S6_worst_case_no_intervention,indonesia,USDC
982,0.8073922641088964,973.8241421863863,380,S6_worst_case_no_intervention,indonesia,USDC
983,0.8223098977214648,949.4785386317265,380,S6_worst_case_no_intervention,indonesia,USDC
984,0.7869513628444841,925.7415751659335,380,S6_worst_case_no_intervention,indonesia,USDC
985,0.7935924811615137,902.5980357867852,380,S6_worst_case_no_intervention,indonesia,USDC
986,0.7743916244833605,880.0330848921155,380,S6_worst_case_no_intervention,indonesia,USDC
987,0.7709990329580202,858.0322577698128,380,S6_worst_case_no_intervention,indonesia,USDC
988,0.7909100806403901,836.5814513255673,380,S6_worst_case_no_intervention,indonesia,USDC
989,0.8074148881028058,815.6669150424282,380,S6_worst_case_no_intervention,indonesia,USDC
990,0.8173651269765593,795.2752421663674,380,S6_worst_case_no_intervention,indonesia,USDC
991,0.8308098522376024,775.3933611122083,380,S6_worst_case_no_intervention,indonesia,USDC
992,0.832707772826509,756.0085270844031,380,S6_worst_case_no_intervention,indonesia,USDC
993,0.807842153147591,737.108313907293,380,S6_worst_case_no_intervention,indonesia,USDC
994,0.7904469308178169,718.6806060596107,380,S6_worst_case_no_intervention,indonesia,USDC
995,0.758432306192882,700.7135909081204,380,S6_worst_case_no_intervention,indonesia,USDC
996,0.7742189951922319,683.1957511354174,380,S6_worst_case_no_intervention,indonesia,USDC
997,0.7625116096627839,666.1158573570319,380,S6_worst_case_no_intervention,indonesia,USDC
998,0.7705782400184019,649.4629609231062,380,S6_worst_case_no_intervention,indonesia,USDC
999,0.749071015939629,633.2263869000285,380,S6_worst_case_no_intervention,indonesia,USDC
1000,0.761191015367051,617.3957272275278,380,S6_worst_case_no_intervention,indonesia,USDC
