Step,price,liquidity,iteration,scenario,region,coin
1,0.9541187276939332,2988960501822.5825,441,S6_worst_case_no_intervention,indonesia,USDC
2,0.9545650502893496,2987978155082.001,441,S6_worst_case_no_intervention,indonesia,USDC
3,0.9672872109578898,2987050829893.7554,441,S6_worst_case_no_intervention,indonesia,USDC
4,0.9683278114557704,2986896912471.5957,441,S6_worst_case_no_intervention,indonesia,USDC
5,0.9816006770921691,2986805413683.9946,441,S6_worst_case_no_intervention,indonesia,USDC
6,1.0016776325794647,2986805413683.9946,441,S6_worst_case_no_intervention,indonesia,USDC
7,0.9862540617588805,2986805413683.9946,441,S6_worst_case_no_intervention,indonesia,USDC
8,1.0067199230375004,2986805413683.9946,441,S6_worst_case_no_intervention,indonesia,USDC
9,1.0196607822737853,2986805413683.9946,441,S6_worst_case_no_intervention,indonesia,USDC
10,1.036099711902307,2986805413683.9946,441,S6_worst_case_no_intervention,indonesia,USDC
11,1.0359860405773305,2986805413683.9946,441,S6_worst_case_no_intervention,indonesia,USDC
12,1.0287602545495853,2986805413683.9946,441,S6_worst_case_no_intervention,indonesia,USDC
13,1.040263592520727,2986805413683.9946,441,S6_worst_case_no_intervention,indonesia,USDC
14,1.0527183454343505,2986805413683.9946,441,S6_worst_case_no_intervention,indonesia,USDC
15,1.1066605790345652,2986805413683.9946,441,S6_worst_case_no_intervention,indonesia,USDC
16,1.0973509444365535,2986805413683.9946,441,S6_worst_case_no_intervention,indonesia,USDC
17,1.0909972642312327,2986805413683.9946,441,S6_worst_case_no_intervention,indonesia,USDC
18,1.1292724284490723,2986805413683.9946,441,S6_worst_case_no_intervention,indonesia,USDC
19,1.1477191604114374,2986805413683.9946,441,S6_worst_case_no_intervention,indonesia,USDC
20,1.1160723569470057,2986805413683.9946,441,S6_worst_case_no_intervention,indonesia,USDC
21,1.147967856464888,2986805413683.9946,441,S6_worst_case_no_intervention,indonesia,USDC
22,1.1485677202483728,2986805413683.9946,441,S6_worst_case_no_intervention,indonesia,USDC
23,1.178317869866696,2986805413683.9946,441,S6_worst_case_no_intervention,indonesia,USDC
24,1.139690732693951,2986805413683.9946,441,S6_worst_case_no_intervention,indonesia,USDC
25,1.0942104731867155,2986805413683.9946,441,S6_worst_case_no_intervention,indonesia,USDC
26,1.0985846626671771,2986805413683.9946,441,S6_worst_case_no_intervention,indonesia,USDC
27,1.0967270451495192,2986805413683.9946,441,S6_worst_case_no_intervention,indonesia,USDC
28,1.0867381983206486,2986805413683.9946,441,S6_worst_case_no_intervention,indonesia,USDC
29,1.0456600922225148,2986805413683.9946,441,S6_worst_case_no_intervention,indonesia,USDC
30,1.0435106623310677,2986805413683.9946,441,S6_worst_case_no_intervention,indonesia,USDC
31,1.0209280289082063,2986805413683.9946,441,S6_worst_case_no_intervention,indonesia,USDC
32,1.0187458184905462,2986805413683.9946,441,S6_worst_case_no_intervention,indonesia,USDC
33,1.0221335433905434,2986805413683.9946,441,S6_worst_case_no_intervention,indonesia,USDC
34,1.0123288523971548,2986805413683.9946,441,S6_worst_case_no_intervention,indonesia,USDC
35,1.016193435475155,2986805413683.9946,441,S6_worst_case_no_intervention,indonesia,USDC
36,1.0190174871709454,2986805413683.9946,441,S6_worst_case_no_intervention,indonesia,USDC
37,1.004008470605887,2986805413683.9946,441,S6_worst_case_no_intervention,indonesia,USDC
38,0.9883780091188947,2986805413683.9946,441,S6_worst_case_no_intervention,indonesia,USDC
39,0.9898629742879212,2986805413683.9946,441,S6_worst_case_no_intervention,indonesia,USDC
40,0.9802014848438053,2986805413683.9946,441,S6_worst_case_no_intervention,indonesia,USDC
41,0.9996934510928202,2986805413683.9946,441,S6_worst_case_no_intervention,indonesia,USDC
42,1.010575419925793,2986805413683.9946,441,S6_worst_case_no_intervention,indonesia,USDC
43,1.03946519880042,2986805413683.9946,441,S6_worst_case_no_intervention,indonesia,USDC
44,1.0235280998224154,2986805413683.9946,441,S6_worst_case_no_intervention,indonesia,USDC
45,1.0387692929670178,2986805413683.9946,441,S6_worst_case_no_intervention,indonesia,USDC
46,1.0163937991271002,2986805413683.9946,441,S6_worst_case_no_intervention,indonesia,USDC
47,1.0382744102867991,2986805413683.9946,441,S6_worst_case_no_intervention,indonesia,USDC
48,1.0441668447657217,2986805413683.9946,441,S6_worst_case_no_intervention,indonesia,USDC
49,1.0501821291146385,2986805413683.9946,441,S6_worst_case_no_intervention,indonesia,USDC
50,1.049650306989925,2986805413683.9946,441,S6_worst_case_no_intervention,indonesia,USDC
51,1.0561244058064496,2986805413683.9946,441,S6_worst_case_no_intervention,indonesia,USDC
52,1.0667390426650725,2986805413683.9946,441,S6_worst_case_no_intervention,indonesia,USDC
53,1.074012030030187,2986805413683.9946,441,S6_worst_case_no_intervention,indonesia,USDC
54,1.0897858977334407,2986805413683.9946,441,S6_worst_case_no_intervention,indonesia,USDC
55,1.0773373945790634,2986805413683.9946,441,S6_worst_case_no_intervention,indonesia,USDC
56,1.0475055590832705,2986805413683.9946,441,S6_worst_case_no_intervention,indonesia,USDC
57,1.0526203368509266,2986805413683.9946,441,S6_worst_case_no_intervention,indonesia,USDC
58,1.0520052703906229,2986805413683.9946,441,S6_worst_case_no_intervention,indonesia,USDC
59,1.032945692429776,2986805413683.9946,441,S6_worst_case_no_intervention,indonesia,USDC
60,1.0378601366960154,2986805413683.9946,441,S6_worst_case_no_intervention,indonesia,USDC
61,1.0345553905153821,2986805413683.9946,441,S6_worst_case_no_intervention,indonesia,USDC
62,1.0302239112449136,2986805413683.9946,441,S6_worst_case_no_intervention,indonesia,USDC
63,1.0260587164787187,2986805413683.9946,441,S6_worst_case_no_intervention,indonesia,USDC
64,1.027199248662332,2986805413683.9946,441,S6_worst_case_no_intervention,indonesia,USDC
65,1.0667777591902288,2986805413683.9946,441,S6_worst_case_no_intervention,indonesia,USDC
66,1.104788958247517,2986805413683.9946,441,S6_worst_case_no_intervention,indonesia,USDC
67,1.109582802563797,2986805413683.9946,441,S6_worst_case_no_intervention,indonesia,USDC
68,1.0848114891213447,2986805413683.9946,441,S6_worst_case_no_intervention,indonesia,USDC
69,1.0476202927437166,2986805413683.9946,441,S6_worst_case_no_intervention,indonesia,USDC
70,1.0504920939382465,2986805413683.9946,441,S6_worst_case_no_intervention,indonesia,USDC
71,1.0436513553336701,2986805413683.9946,441,S6_worst_case_no_intervention,indonesia,USDC
72,1.0519062083338349,2986805413683.9946,441,S6_worst_case_no_intervention,indonesia,USDC
73,1.0612464414355878,2986805413683.9946,441,S6_worst_case_no_intervention,indonesia,USDC
74,1.0514768044035878,2986805413683.9946,441,S6_worst_case_no_intervention,indonesia,USDC
75,1.0106277707896973,2986805413683.9946,441,S6_worst_case_no_intervention,indonesia,USDC
76,1.00335146132272,2986805413683.9946,441,S6_worst_case_no_intervention,indonesia,USDC
77,0.9205386837881363,2986805413683.9946,441,S6_worst_case_no_intervention,indonesia,USDC
78,0.9199776122976185,2983855841027.474,441,S6_worst_case_no_intervention,indonesia,USDC
79,0.9785785313541562,2981100391435.629,441,S6_worst_case_no_intervention,indonesia,USDC
80,0.9774198712997435,2981100391435.629,441,S6_worst_case_no_intervention,indonesia,USDC
81,0.9859778338373065,2981100391435.629,441,S6_worst_case_no_intervention,indonesia,USDC
82,1.0047365896802491,2981100391435.629,441,S6_worst_case_no_intervention,indonesia,USDC
83,0.9831458333318608,2981100391435.629,441,S6_worst_case_no_intervention,indonesia,USDC
84,0.9613426047702064,2981100391435.629,441,S6_worst_case_no_intervention,indonesia,USDC
85,0.9724145286252697,2980635035114.373,441,S6_worst_case_no_intervention,indonesia,USDC
86,1.0020809731616191,2980635035114.373,441,S6_worst_case_no_intervention,indonesia,USDC
87,1.032218234025528,2980635035114.373,441,S6_worst_case_no_intervention,indonesia,USDC
88,1.045497371770727,2980635035114.373,441,S6_worst_case_no_intervention,indonesia,USDC
89,1.0290981043103289,2980635035114.373,441,S6_worst_case_no_intervention,indonesia,USDC
90,1.0099188546023883,2980635035114.373,441,S6_worst_case_no_intervention,indonesia,USDC
91,0.9944763704579956,2980635035114.373,441,S6_worst_case_no_intervention,indonesia,USDC
92,0.970771338393357,2980635035114.373,441,S6_worst_case_no_intervention,indonesia,USDC
93,0.9473780808268122,2980635035114.373,441,S6_worst_case_no_intervention,indonesia,USDC
94,0.9712033930525553,2979476758380.8184,441,S6_worst_case_no_intervention,indonesia,USDC
95,0.9688069281999805,2979476758380.8184,441,S6_worst_case_no_intervention,indonesia,USDC
96,0.958179375303341,2979456084887.8086,441,S6_worst_case_no_intervention,indonesia,USDC
97,0.9511803087656476,2978840735056.6196,441,S6_worst_case_no_intervention,indonesia,USDC
98,0.969381578883239,2977998494119.606,441,S6_worst_case_no_intervention,indonesia,USDC
99,0.9962972164168936,2977988100271.088,441,S6_worst_case_no_intervention,indonesia,USDC
100,1.0201921659821582,2977988100271.088,441,S6_worst_case_no_intervention,indonesia,USDC
101,0.8776167447825066,2977988100271.088,441,S6_worst_case_no_intervention,indonesia,USDC
102,0.9045684897904485,2973524332168.84,441,S6_worst_case_no_intervention,indonesia,USDC
103,0.9432111323505687,2970518271632.4707,441,S6_worst_case_no_intervention,indonesia,USDC
104,0.9165031949805671,2969370554523.973,441,S6_worst_case_no_intervention,indonesia,USDC
105,0.9088325118990709,2967257830346.498,441,S6_worst_case_no_intervention,indonesia,USDC
106,0.8954732432820447,2964902865893.4614,441,S6_worst_case_no_intervention,indonesia,USDC
107,0.9068063897385717,2962335009310.2417,441,S6_worst_case_no_intervention,indonesia,USDC
108,0.9136939717972132,2960267854939.8306,441,S6_worst_case_no_intervention,indonesia,USDC
109,0.9079821165585568,2958450542870.166,441,S6_worst_case_no_intervention,indonesia,USDC
110,0.9164871803968342,2956565068717.205,441,S6_worst_case_no_intervention,indonesia,USDC
111,0.9385018399325232,2955161015678.3486,441,S6_worst_case_no_intervention,indonesia,USDC
112,0.9284425915543016,2954365533237.286,441,S6_worst_case_no_intervention,indonesia,USDC
113,0.9434730370206009,2953339801664.8564,441,S6_worst_case_no_intervention,indonesia,USDC
114,0.9764926236098256,2952673091577.867,441,S6_worst_case_no_intervention,indonesia,USDC
115,1.031981723537788,2952673091577.867,441,S6_worst_case_no_intervention,indonesia,USDC
116,1.0260624227840283,2952673091577.867,441,S6_worst_case_no_intervention,indonesia,USDC
117,1.0292174292704097,2952673091577.867,441,S6_worst_case_no_intervention,indonesia,USDC
118,1.0239235846329156,2952673091577.867,441,S6_worst_case_no_intervention,indonesia,USDC
119,1.0360433020418576,2952673091577.867,441,S6_worst_case_no_intervention,indonesia,USDC
120,1.0435749181833034,2952673091577.867,441,S6_worst_case_no_intervention,indonesia,USDC
121,0.9711610866184557,2878856264288.4204,441,S6_worst_case_no_intervention,indonesia,USDC
122,0.9290619650009072,2806884857681.21,441,S6_worst_case_no_intervention,indonesia,USDC
123,0.9427292207887352,2735736985560.223,441,S6_worst_case_no_intervention,indonesia,USDC
124,0.9272766320889972,2666786370692.352,441,S6_worst_case_no_intervention,indonesia,USDC
125,0.9253020002328143,2599246846588.431,441,S6_worst_case_no_intervention,indonesia,USDC
126,0.9361869369992737,2533311028941.791,441,S6_worst_case_no_intervention,indonesia,USDC
127,0.9412191958729368,2469311207626.8247,441,S6_worst_case_no_intervention,indonesia,USDC
128,0.9187082230657514,2407069710276.1147,441,S6_worst_case_no_intervention,indonesia,USDC
129,0.8903962125304853,2345961795447.591,441,S6_worst_case_no_intervention,indonesia,USDC
130,0.8716825284014652,2285930291249.121,441,S6_worst_case_no_intervention,indonesia,USDC
131,0.9033252531993303,2227204650847.8438,441,S6_worst_case_no_intervention,indonesia,USDC
132,0.8277855172160641,2170587640380.6404,441,S6_worst_case_no_intervention,indonesia,USDC
133,0.8141127331495605,2114305754027.6035,441,S6_worst_case_no_intervention,indonesia,USDC
134,0.8108839081359948,2059561158132.438,441,S6_worst_case_no_intervention,indonesia,USDC
135,0.8185962576841939,2006551688053.9585,441,S6_worst_case_no_intervention,indonesia,USDC
136,0.8039189807536655,1955087062553.937,441,S6_worst_case_no_intervention,indonesia,USDC
137,0.7719657740874978,1905053349138.4946,441,S6_worst_case_no_intervention,indonesia,USDC
138,0.7711605862107385,1856227235735.9429,441,S6_worst_case_no_intervention,indonesia,USDC
139,0.7419822643374018,1808899322215.9932,441,S6_worst_case_no_intervention,indonesia,USDC
140,0.751962060970082,1762794227082.2415,441,S6_worst_case_no_intervention,indonesia,USDC
141,0.7522909770930775,1718090838902.663,441,S6_worst_case_no_intervention,indonesia,USDC
142,0.7529302459529513,1674664728586.1309,441,S6_worst_case_no_intervention,indonesia,USDC
143,0.6568624326028722,1632418157427.1572,441,S6_worst_case_no_intervention,indonesia,USDC
144,0.6821402400851811,1591168850878.2646,441,S6_worst_case_no_intervention,indonesia,USDC
145,0.6998365463865731,1551124422502.0063,441,S6_worst_case_no_intervention,indonesia,USDC
146,0.6954020713429016,1512163685164.3782,441,S6_worst_case_no_intervention,indonesia,USDC
147,0.731705864280086,1474221181379.3713,441,S6_worst_case_no_intervention,indonesia,USDC
148,0.7358397472640673,1437277299908.4993,441,S6_worst_case_no_intervention,indonesia,USDC
149,0.716699913179321,1401282342406.7292,441,S6_worst_case_no_intervention,indonesia,USDC
150,0.720119576076004,1366197939996.9722,441,S6_worst_case_no_intervention,indonesia,USDC
151,0.7345747342138795,1332004310135.7595,441,S6_worst_case_no_intervention,indonesia,USDC
152,0.7251717263244395,1298676827287.9663,441,S6_worst_case_no_intervention,indonesia,USDC
153,0.717946463517833,1266188063379.0132,441,S6_worst_case_no_intervention,indonesia,USDC
154,0.7458902708248262,1234515685597.1902,441,S6_worst_case_no_intervention,indonesia,USDC
155,0.7427474552900998,1203641382688.6155,441,S6_worst_case_no_intervention,indonesia,USDC
156,0.7748231313666921,1173541399818.3218,441,S6_worst_case_no_intervention,indonesia,USDC
157,0.7769530665936963,1144196830515.4,441,S6_worst_case_no_intervention,indonesia,USDC
158,0.7683773936848387,1115587324506.125,441,S6_worst_case_no_intervention,indonesia,USDC
159,0.7742272914290321,1087693771892.4227,441,S6_worst_case_no_intervention,indonesia,USDC
160,0.7662384505069252,1060498417432.209,441,S6_worst_case_no_intervention,indonesia,USDC
161,0.756980066219615,1033983333221.4153,441,S6_worst_case_no_intervention,indonesia,USDC
162,0.7529031543258996,1008131706698.1157,441,S6_worst_case_no_intervention,indonesia,USDC
163,0.7567469379899969,982926663060.7197,441,S6_worst_case_no_intervention,indonesia,USDC
164,0.7619086964033011,958352187434.1588,441,S6_worst_case_no_intervention,indonesia,USDC
165,0.7689656307214298,934392419328.869,441,S6_worst_case_no_intervention,indonesia,USDC
166,0.7728639870105893,911031866545.3369,441,S6_worst_case_no_intervention,indonesia,USDC
167,0.7493972573246539,888255472214.1508,441,S6_worst_case_no_intervention,indonesia,USDC
168,0.7205383040994697,866048536944.5203,441,S6_worst_case_no_intervention,indonesia,USDC
169,0.7419178878347936,844396831913.3706,441,S6_worst_case_no_intervention,indonesia,USDC
170,0.7355637763608284,823286583253.2302,441,S6_worst_case_no_intervention,indonesia,USDC
171,0.7365990682162192,802704159912.8801,441,S6_worst_case_no_intervention,indonesia,USDC
172,0.7340054818937062,782636355400.9508,441,S6_worst_case_no_intervention,indonesia,USDC
173,0.7192593352518909,763070295398.1239,441,S6_worst_case_no_intervention,indonesia,USDC
174,0.7425206029579673,743993415807.6798,441,S6_worst_case_no_intervention,indonesia,USDC
175,0.7422560401326386,725393500878.6174,441,S6_worst_case_no_intervention,indonesia,USDC
176,0.7258747954780455,707258598921.1869,441,S6_worst_case_no_intervention,indonesia,USDC
177,0.7415083092667515,689577080723.7192,441,S6_worst_case_no_intervention,indonesia,USDC
178,0.7479388609611667,672337615476.094,441,S6_worst_case_no_intervention,indonesia,USDC
179,0.7618716786838879,655529148299.3601,441,S6_worst_case_no_intervention,indonesia,USDC
180,0.7639750632508475,639140899137.7506,441,S6_worst_case_no_intervention,indonesia,USDC
181,0.7523133224564824,623162361277.6508,441,S6_worst_case_no_intervention,indonesia,USDC
182,0.7604816139514278,607583288734.8522,441,S6_worst_case_no_intervention,indonesia,USDC
183,0.7683700116020378,592393696756.0112,441,S6_worst_case_no_intervention,indonesia,USDC
184,0.7693934741947557,577583846718.4127,441,S6_worst_case_no_intervention,indonesia,USDC
185,0.8018885109213827,563144244232.7898,441,S6_worst_case_no_intervention,indonesia,USDC
186,0.8206635982133806,549065634091.989,441,S6_worst_case_no_intervention,indonesia,USDC
187,0.8124903898839245,535338990130.5086,441,S6_worst_case_no_intervention,indonesia,USDC
188,0.8126827528256515,521955512767.9168,441,S6_worst_case_no_intervention,indonesia,USDC
189,0.7995657673483763,508906622600.8206,441,S6_worst_case_no_intervention,indonesia,USDC
190,0.8053594080288011,496183954904.6744,441,S6_worst_case_no_intervention,indonesia,USDC
191,0.8096933243302903,483779354402.01825,441,S6_worst_case_no_intervention,indonesia,USDC
192,0.8087905466000977,471684869186.16907,441,S6_worst_case_no_intervention,indonesia,USDC
193,0.7980038000980996,459892746360.26355,441,S6_worst_case_no_intervention,indonesia,USDC
194,0.8070286033053389,448395426672.79846,441,S6_worst_case_no_intervention,indonesia,USDC
195,0.807523104190163,437185540184.855,441,S6_worst_case_no_intervention,indonesia,USDC
196,0.7779070664936993,426255900999.1415,441,S6_worst_case_no_intervention,indonesia,USDC
197,0.7616814763025731,415599502816.80634,441,S6_worst_case_no_intervention,indonesia,USDC
198,0.7872719066460239,405209514682.7339,441,S6_worst_case_no_intervention,indonesia,USDC
199,0.7916237524872166,395079276416.5108,441,S6_worst_case_no_intervention,indonesia,USDC
200,0.7746143918439806,385202294187.86707,441,S6_worst_case_no_intervention,indonesia,USDC
201,0.773932783187756,375572236547.4232,441,S6_worst_case_no_intervention,indonesia,USDC
202,0.8155623414633006,366182930399.07544,441,S6_worst_case_no_intervention,indonesia,USDC
203,0.8283404565542822,357028357000.4283,441,S6_worst_case_no_intervention,indonesia,USDC
204,0.8096440509749387,348102647962.49744,441,S6_worst_case_no_intervention,indonesia,USDC
205,0.8383536453945104,339400081651.8987,441,S6_worst_case_no_intervention,indonesia,USDC
206,0.82576135435631,330915079538.8639,441,S6_worst_case_no_intervention,indonesia,USDC
207,0.826610294762059,322642202480.1555,441,S6_worst_case_no_intervention,indonesia,USDC
208,0.8292978825651952,314576147357.22754,441,S6_worst_case_no_intervention,indonesia,USDC
209,0.8309249249412657,306711743622.1735,441,S6_worst_case_no_intervention,indonesia,USDC
210,0.8328930199082073,299043949989.9914,441,S6_worst_case_no_intervention,indonesia,USDC
211,0.8178727308571564,291567851203.90625,441,S6_worst_case_no_intervention,indonesia,USDC
212,0.8448273290066305,284278654887.5542,441,S6_worst_case_no_intervention,indonesia,USDC
213,0.8121829030308662,277171688490.2131,441,S6_worst_case_no_intervention,indonesia,USDC
214,0.8088704460095201,270242396250.33813,441,S6_worst_case_no_intervention,indonesia,USDC
215,0.8026691867852266,263486336321.8687,441,S6_worst_case_no_intervention,indonesia,USDC
216,0.8155979265867999,256899177893.13342,441,S6_worst_case_no_intervention,indonesia,USDC
217,0.8127007590021548,250476698430.61432,441,S6_worst_case_no_intervention,indonesia,USDC
218,0.799647422029063,244214780957.03052,441,S6_worst_case_no_intervention,indonesia,USDC
219,0.8055985186989074,238109411421.3306,441,S6_worst_case_no_intervention,indonesia,USDC
220,0.7921961430483786,232156676125.7201,441,S6_worst_case_no_intervention,indonesia,USDC
221,0.7762490560451529,226352759214.05447,441,S6_worst_case_no_intervention,indonesia,USDC
222,0.8073155720986125,220693940226.0133,441,S6_worst_case_no_intervention,indonesia,USDC
223,0.7974912613277596,215176591714.80017,441,S6_worst_case_no_intervention,indonesia,USDC
224,0.7834675106141068,209797176917.30896,441,S6_worst_case_no_intervention,indonesia,USDC
225,0.7784990294144043,204552247490.12192,441,S6_worst_case_no_intervention,indonesia,USDC
226,0.8008252751014516,199438441299.2464,441,S6_worst_case_no_intervention,indonesia,USDC
227,0.8208583821796014,194452480264.1305,441,S6_worst_case_no_intervention,indonesia,USDC
228,0.8089830810949852,189591168255.60956,441,S6_worst_case_no_intervention,indonesia,USDC
229,0.787338247433994,184851389047.4673,441,S6_worst_case_no_intervention,indonesia,USDC
230,0.7586593926157396,180230104319.62296,441,S6_worst_case_no_intervention,indonesia,USDC
231,0.7771500973191688,175724351710.07565,441,S6_worst_case_no_intervention,indonesia,USDC
232,0.7727377637335696,171331242916.23553,441,S6_worst_case_no_intervention,indonesia,USDC
233,0.7381440974470806,167047961842.44937,441,S6_worst_case_no_intervention,indonesia,USDC
234,0.7386234041417022,162871762795.52295,441,S6_worst_case_no_intervention,indonesia,USDC
235,0.7688398950919695,158799968724.97778,441,S6_worst_case_no_intervention,indonesia,USDC
236,0.6763316335189907,154829969506.42737,441,S6_worst_case_no_intervention,indonesia,USDC
237,0.6911665342573917,150959220268.28006,441,S6_worst_case_no_intervention,indonesia,USDC
238,0.686244947481958,147185239761.24567,441,S6_worst_case_no_intervention,indonesia,USDC
239,0.7079621273617898,143505608766.97287,441,S6_worst_case_no_intervention,indonesia,USDC
240,0.7204334110101057,139917968547.64145,441,S6_worst_case_no_intervention,indonesia,USDC
241,0.7489487628685216,136420019333.83682,441,S6_worst_case_no_intervention,indonesia,USDC
242,0.7325345949680105,133009518850.41354,441,S6_worst_case_no_intervention,indonesia,USDC
243,0.7542677430690148,129684280879.08888,441,S6_worst_case_no_intervention,indonesia,USDC
244,0.7380790010746378,126442173857.0664,441,S6_worst_case_no_intervention,indonesia,USDC
245,0.7271015313136133,123281119510.6019,441,S6_worst_case_no_intervention,indonesia,USDC
246,0.7107002246867715,120199091522.80783,441,S6_worst_case_no_intervention,indonesia,USDC
247,0.7243233881833229,117194114234.71408,441,S6_worst_case_no_intervention,indonesia,USDC
248,0.7056679081184107,114264261378.83002,441,S6_worst_case_no_intervention,indonesia,USDC
249,0.7220614308877643,111407654844.34549,441,S6_worst_case_no_intervention,indonesia,USDC
250,0.7179383812731289,108622463473.22774,441,S6_worst_case_no_intervention,indonesia,USDC
251,0.7138476991991661,105906901886.38959,441,S6_worst_case_no_intervention,indonesia,USDC
252,0.7373194562349539,103259229339.22424,441,S6_worst_case_no_intervention,indonesia,USDC
253,0.7462847520533665,100677748605.73987,441,S6_worst_case_no_intervention,indonesia,USDC
254,0.7667628680278048,98160804890.5938,441,S6_worst_case_no_intervention,indonesia,USDC
255,0.7777481650434338,95706784768.32712,441,S6_worst_case_no_intervention,indonesia,USDC
256,0.7775147195360498,93314115149.1175,441,S6_worst_case_no_intervention,indonesia,USDC
257,0.7657540062669139,90981262270.38835,441,S6_worst_case_no_intervention,indonesia,USDC
258,0.7715638441855017,88706730713.62766,441,S6_worst_case_no_intervention,indonesia,USDC
259,0.7709399848496754,86489062445.7862,441,S6_worst_case_no_intervention,indonesia,USDC
260,0.8105423268519251,84326835884.6409,441,S6_worst_case_no_intervention,indonesia,USDC
261,0.8189425587801117,82218664987.52449,441,S6_worst_case_no_intervention,indonesia,USDC
262,0.8417985676586732,80163198362.83607,441,S6_worst_case_no_intervention,indonesia,USDC
263,0.8387801377253267,78159118403.76497,441,S6_worst_case_no_intervention,indonesia,USDC
264,0.7886119691718769,76205140443.67065,441,S6_worst_case_no_intervention,indonesia,USDC
265,0.800330247391278,74300011932.57864,441,S6_worst_case_no_intervention,indonesia,USDC
266,0.8233540993966132,72442511634.26399,441,S6_worst_case_no_intervention,indonesia,USDC
267,0.8230915494692909,70631448843.40726,441,S6_worst_case_no_intervention,indonesia,USDC
268,0.8420533037218664,68865662622.32196,441,S6_worst_case_no_intervention,indonesia,USDC
269,0.8280083793533878,67144021056.763824,441,S6_worst_case_no_intervention,indonesia,USDC
270,0.8231702420479198,65465420530.34465,441,S6_worst_case_no_intervention,indonesia,USDC
271,0.8045080274422255,63828785017.08597,441,S6_worst_case_no_intervention,indonesia,USDC
272,0.7775097175574692,62233065391.658745,441,S6_worst_case_no_intervention,indonesia,USDC
273,0.776559592606507,60677238756.86721,441,S6_worst_case_no_intervention,indonesia,USDC
274,0.7734529326454423,59160307787.94548,441,S6_worst_case_no_intervention,indonesia,USDC
275,0.7724600304639364,57681300093.24679,441,S6_worst_case_no_intervention,indonesia,USDC
276,0.7722581527236944,56239267590.91559,441,S6_worst_case_no_intervention,indonesia,USDC
277,0.8011447536994994,54833285901.14267,441,S6_worst_case_no_intervention,indonesia,USDC
278,0.8472512776459561,53462453753.614075,441,S6_worst_case_no_intervention,indonesia,USDC
279,0.8505142096429081,52125892409.773705,441,S6_worst_case_no_intervention,indonesia,USDC
280,0.8274472881915297,50822745099.52936,441,S6_worst_case_no_intervention,indonesia,USDC
281,0.8053673338320426,49552176472.04111,441,S6_worst_case_no_intervention,indonesia,USDC
282,0.8265482950840954,48313372060.24007,441,S6_worst_case_no_intervention,indonesia,USDC
283,0.8576868225516803,47105537758.73406,441,S6_worst_case_no_intervention,indonesia,USDC
284,0.8467459647765446,45927899314.7657,441,S6_worst_case_no_intervention,indonesia,USDC
285,0.8337038982110236,44779701831.89656,441,S6_worst_case_no_intervention,indonesia,USDC
286,0.8159560969462358,43660209286.09914,441,S6_worst_case_no_intervention,indonesia,USDC
287,0.8317363712958238,42568704053.946655,441,S6_worst_case_no_intervention,indonesia,USDC
288,0.8356467486304962,41504486452.597984,441,S6_worst_case_no_intervention,indonesia,USDC
289,0.8390333888858916,40466874291.28302,441,S6_worst_case_no_intervention,indonesia,USDC
290,0.8248016990063021,39455202434.000946,441,S6_worst_case_no_intervention,indonesia,USDC
291,0.8283331524694849,38468822373.150925,441,S6_worst_case_no_intervention,indonesia,USDC
292,0.8354238458826845,37507101813.82215,441,S6_worst_case_no_intervention,indonesia,USDC
293,0.831297651127339,36569424268.47659,441,S6_worst_case_no_intervention,indonesia,USDC
294,0.8501345915501899,35655188661.76468,441,S6_worst_case_no_intervention,indonesia,USDC
295,0.8245435455182616,34763808945.220566,441,S6_worst_case_no_intervention,indonesia,USDC
296,0.8071099932888218,33894713721.59005,441,S6_worst_case_no_intervention,indonesia,USDC
297,0.8154602695756834,33047345878.550297,441,S6_worst_case_no_intervention,indonesia,USDC
298,0.8174625660542295,32221162231.58654,441,S6_worst_case_no_intervention,indonesia,USDC
299,0.8110913908554221,31415633175.796875,441,S6_worst_case_no_intervention,indonesia,USDC
300,0.8088713982842105,30630242346.401955,441,S6_worst_case_no_intervention,indonesia,USDC
301,0.7965719083595424,29864486287.741905,441,S6_worst_case_no_intervention,indonesia,USDC
302,0.8187500952398269,29117874130.548355,441,S6_worst_case_no_intervention,indonesia,USDC
303,0.8177438319189451,28389927277.284645,441,S6_worst_case_no_intervention,indonesia,USDC
304,0.8205151698715838,27680179095.35253,441,S6_worst_case_no_intervention,indonesia,USDC
305,0.8078123834504015,26988174617.96872,441,S6_worst_case_no_intervention,indonesia,USDC
306,0.7960428344962656,26313470252.5195,441,S6_worst_case_no_intervention,indonesia,USDC
307,0.7988611329474153,25655633496.206512,441,S6_worst_case_no_intervention,indonesia,USDC
308,0.8217333238528344,25014242658.80135,441,S6_worst_case_no_intervention,indonesia,USDC
309,0.8188530155978696,24388886592.331314,441,S6_worst_case_no_intervention,indonesia,USDC
310,0.826871302599015,23779164427.523033,441,S6_worst_case_no_intervention,indonesia,USDC
311,0.8205506208741586,23184685316.834957,441,S6_worst_case_no_intervention,indonesia,USDC
312,0.8199021516239966,22605068183.914085,441,S6_worst_case_no_intervention,indonesia,USDC
313,0.8292356553092051,22039941479.31623,441,S6_worst_case_no_intervention,indonesia,USDC
314,0.8203664793114559,21488942942.33333,441,S6_worst_case_no_intervention,indonesia,USDC
315,0.817970746076978,20951719368.774994,441,S6_worst_case_no_intervention,indonesia,USDC
316,0.820830819049779,20427926384.55562,441,S6_worst_case_no_intervention,indonesia,USDC
317,0.8291833930873255,19917228224.941727,441,S6_worst_case_no_intervention,indonesia,USDC
318,0.8581425929164516,19419297519.318184,441,S6_worst_case_no_intervention,indonesia,USDC
319,0.8525129632060311,18933815081.33523,441,S6_worst_case_no_intervention,indonesia,USDC
320,0.8151257779727444,18460469704.30185,441,S6_worst_case_no_intervention,indonesia,USDC
321,0.8415775981666653,17998957961.6943,441,S6_worst_case_no_intervention,indonesia,USDC
322,0.8035919480615772,17548984012.651943,441,S6_worst_case_no_intervention,indonesia,USDC
323,0.8210920342760427,17110259412.335648,441,S6_worst_case_no_intervention,indonesia,USDC
324,0.7903167461771384,16682502927.027256,441,S6_worst_case_no_intervention,indonesia,USDC
325,0.7911026095856656,16265440353.851572,441,S6_worst_case_no_intervention,indonesia,USDC
326,0.7741102940719661,15858804345.005283,441,S6_worst_case_no_intervention,indonesia,USDC
327,0.7682050094144888,15462334236.38015,441,S6_worst_case_no_intervention,indonesia,USDC
328,0.7653679248272209,15075775880.470648,441,S6_worst_case_no_intervention,indonesia,USDC
329,0.7563502738725523,14698881483.458881,441,S6_worst_case_no_intervention,indonesia,USDC
330,0.7985934425208441,14331409446.37241,441,S6_worst_case_no_intervention,indonesia,USDC
331,0.7907463184760001,13973124210.2131,441,S6_worst_case_no_intervention,indonesia,USDC
332,0.8078093084661596,13623796104.957771,441,S6_worst_case_no_intervention,indonesia,USDC
333,0.8072983941565102,13283201202.333828,441,S6_worst_case_no_intervention,indonesia,USDC
334,0.796226500596447,12951121172.27548,441,S6_worst_case_no_intervention,indonesia,USDC
335,0.7807982442662825,12627343142.968594,441,S6_worst_case_no_intervention,indonesia,USDC
336,0.7619442304052103,12311659564.394379,441,S6_worst_case_no_intervention,indonesia,USDC
337,0.76381395273412,12003868075.28452,441,S6_worst_case_no_intervention,indonesia,USDC
338,0.7367669198584031,11703771373.402405,441,S6_worst_case_no_intervention,indonesia,USDC
339,0.7616572660086665,11411177089.067347,441,S6_worst_case_no_intervention,indonesia,USDC
340,0.7590525204763174,11125897661.840662,441,S6_worst_case_no_intervention,indonesia,USDC
341,0.7545259167765652,10847750220.294645,441,S6_worst_case_no_intervention,indonesia,USDC
342,0.7400066160415147,10576556464.78728,441,S6_worst_case_no_intervention,indonesia,USDC
343,0.745449122076195,10312142553.167597,441,S6_worst_case_no_intervention,indonesia,USDC
344,0.7260026370172852,10054338989.338408,441,S6_worst_case_no_intervention,indonesia,USDC
345,0.7344358236157387,9802980514.604946,441,S6_worst_case_no_intervention,indonesia,USDC
346,0.7699589344184937,9557906001.739824,441,S6_worst_case_no_intervention,indonesia,USDC
347,0.7864443898588783,9318958351.69633,441,S6_worst_case_no_intervention,indonesia,USDC
348,0.7957741791218479,9085984392.90392,441,S6_worst_case_no_intervention,indonesia,USDC
349,0.8018215678279399,8858834783.081322,441,S6_worst_case_no_intervention,indonesia,USDC
350,0.8006172134681275,8637363913.504288,441,S6_worst_case_no_intervention,indonesia,USDC
351,0.8021622813278486,8421429815.666681,441,S6_worst_case_no_intervention,indonesia,USDC
352,0.7971684266774057,8210894070.275015,441,S6_worst_case_no_intervention,indonesia,USDC
353,0.8023961075515221,8005621718.518139,441,S6_worst_case_no_intervention,indonesia,USDC
354,0.8100319878975982,7805481175.555186,441,S6_worst_case_no_intervention,indonesia,USDC
355,0.7930168932691045,7610344146.166307,441,S6_worst_case_no_intervention,indonesia,USDC
356,0.789596998601825,7420085542.512148,441,S6_worst_case_no_intervention,indonesia,USDC
357,0.808193065718573,7234583403.949345,441,S6_worst_case_no_intervention,indonesia,USDC
358,0.7630127928030884,7053718818.850611,441,S6_worst_case_no_intervention,indonesia,USDC
359,0.7925387328514414,6877375848.379345,441,S6_worst_case_no_intervention,indonesia,USDC
360,0.7850916629608495,6705441452.169862,441,S6_worst_case_no_intervention,indonesia,USDC
361,0.7925040446273538,6537805415.865614,441,S6_worst_case_no_intervention,indonesia,USDC
362,0.8135080900486712,6374360280.468975,441,S6_worst_case_no_intervention,indonesia,USDC
363,0.7869695170919389,6215001273.45725,441,S6_worst_case_no_intervention,indonesia,USDC
364,0.7822111686904509,6059626241.620819,441,S6_worst_case_no_intervention,indonesia,USDC
365,0.7737676474816269,5908135585.580298,441,S6_worst_case_no_intervention,indonesia,USDC
366,0.7882576961117242,5760432195.94079,441,S6_worst_case_no_intervention,indonesia,USDC
367,0.7649131711442276,5616421391.042271,441,S6_worst_case_no_intervention,indonesia,USDC
368,0.7848991977489971,5476010856.266214,441,S6_worst_case_no_intervention,indonesia,USDC
369,0.7901524958176307,5339110584.859558,441,S6_worst_case_no_intervention,indonesia,USDC
370,0.7869268995604435,5205632820.23807,441,S6_worst_case_no_intervention,indonesia,USDC
371,0.7740588779330357,5075491999.732118,441,S6_worst_case_no_intervention,indonesia,USDC
372,0.7983028332205039,4948604699.738815,441,S6_worst_case_no_intervention,indonesia,USDC
373,0.8010932906386697,4824889582.245344,441,S6_worst_case_no_intervention,indonesia,USDC
374,0.7863800160442341,4704267342.689211,441,S6_worst_case_no_intervention,indonesia,USDC
375,0.7952547669260154,4586660659.121981,441,S6_worst_case_no_intervention,indonesia,USDC
376,0.8077363671579368,4471994142.64393,441,S6_worst_case_no_intervention,indonesia,USDC
377,0.8110040410769535,4360194289.077833,441,S6_worst_case_no_intervention,indonesia,USDC
378,0.8174469514993665,4251189431.8508863,441,S6_worst_case_no_intervention,indonesia,USDC
379,0.8269930966454618,4144909696.054615,441,S6_worst_case_no_intervention,indonesia,USDC
380,0.8418824755567351,4041286953.653249,441,S6_worst_case_no_intervention,indonesia,USDC
381,0.836695538388852,3940254779.8119183,441,S6_worst_case_no_intervention,indonesia,USDC
382,0.8359158431518864,3841748410.31662,441,S6_worst_case_no_intervention,indonesia,USDC
383,0.843586344505319,3745704700.058705,441,S6_worst_case_no_intervention,indonesia,USDC
384,0.8240981628641662,3652062082.557237,441,S6_worst_case_no_intervention,indonesia,USDC
385,0.8060000438942465,3560760530.493306,441,S6_worst_case_no_intervention,indonesia,USDC
386,0.8017633128610117,3471741517.2309732,441,S6_worst_case_no_intervention,indonesia,USDC
387,0.8022286497794692,3384947979.3001995,441,S6_worst_case_no_intervention,indonesia,USDC
388,0.8163958507033191,3300324279.817694,441,S6_worst_case_no_intervention,indonesia,USDC
389,0.8248076883693191,3217816172.822252,441,S6_worst_case_no_intervention,indonesia,USDC
390,0.8031322226352747,3137370768.5016956,441,S6_worst_case_no_intervention,indonesia,USDC
391,0.8339880582411952,3058936499.289153,441,S6_worst_case_no_intervention,indonesia,USDC
392,0.8123100597268782,2982463086.806924,441,S6_worst_case_no_intervention,indonesia,USDC
393,0.8129815468834453,2907901509.636751,441,S6_worst_case_no_intervention,indonesia,USDC
394,0.8097170830360637,2835203971.8958325,441,S6_worst_case_no_intervention,indonesia,USDC
395,0.8392263048532208,2764323872.5984364,441,S6_worst_case_no_intervention,indonesia,USDC
396,0.8536172211655613,2695215775.783476,441,S6_worst_case_no_intervention,indonesia,USDC
397,0.8382478695919777,2627835381.388889,441,S6_worst_case_no_intervention,indonesia,USDC
398,0.8117631204019565,2562139496.8541665,441,S6_worst_case_no_intervention,indonesia,USDC
399,0.8081746073701809,2498086009.432812,441,S6_worst_case_no_intervention,indonesia,USDC
400,0.831150522582482,2435633859.196992,441,S6_worst_case_no_intervention,indonesia,USDC
401,0.7997396667427107,2374743012.7170672,441,S6_worst_case_no_intervention,indonesia,USDC
402,0.7950719833866219,2315374437.3991404,441,S6_worst_case_no_intervention,indonesia,USDC
403,0.82094696418171,2257490076.4641623,441,S6_worst_case_no_intervention,indonesia,USDC
404,0.8281156172147869,2201052824.5525584,441,S6_worst_case_no_intervention,indonesia,USDC
405,0.832043920778749,2146026503.938744,441,S6_worst_case_no_intervention,indonesia,USDC
406,0.817550981763496,2092375841.3402755,441,S6_worst_case_no_intervention,indonesia,USDC
407,0.8100651227299762,2040066445.306769,441,S6_worst_case_no_intervention,indonesia,USDC
408,0.7987008714710296,1989064784.1740997,441,S6_worst_case_no_intervention,indonesia,USDC
409,0.7763348500877596,1939338164.5697474,441,S6_worst_case_no_intervention,indonesia,USDC
410,0.7539541370672556,1890854710.4555035,441,S6_worst_case_no_intervention,indonesia,USDC
411,0.7649649074185134,1843583342.6941159,441,S6_worst_case_no_intervention,indonesia,USDC
412,0.7467034650868626,1797493759.1267629,441,S6_worst_case_no_intervention,indonesia,USDC
413,0.7677750305504084,1752556415.148594,441,S6_worst_case_no_intervention,indonesia,USDC
414,0.781344125029891,1708742504.769879,441,S6_worst_case_no_intervention,indonesia,USDC
415,0.7790914528796945,1666023942.1506321,441,S6_worst_case_no_intervention,indonesia,USDC
416,0.7583658794881296,1624373343.5968664,441,S6_worst_case_no_intervention,indonesia,USDC
417,0.7540286485071875,1583764010.0069447,441,S6_worst_case_no_intervention,indonesia,USDC
418,0.7754153616914403,1544169909.756771,441,S6_worst_case_no_intervention,indonesia,USDC
419,0.7865619417086532,1505565662.0128517,441,S6_worst_case_no_intervention,indonesia,USDC
420,0.8133651857885132,1467926520.4625304,441,S6_worst_case_no_intervention,indonesia,USDC
421,0.8076760180714249,1431228357.4509673,441,S6_worst_case_no_intervention,indonesia,USDC
422,0.8294636492279458,1395447648.514693,441,S6_worst_case_no_intervention,indonesia,USDC
423,0.8099543369650724,1360561457.3018258,441,S6_worst_case_no_intervention,indonesia,USDC
424,0.8112507796708046,1326547420.86928,441,S6_worst_case_no_intervention,indonesia,USDC
425,0.8147720278642397,1293383735.347548,441,S6_worst_case_no_intervention,indonesia,USDC
426,0.8280228772606196,1261049141.9638596,441,S6_worst_case_no_intervention,indonesia,USDC
427,0.8347939944714842,1229522913.414763,441,S6_worst_case_no_intervention,indonesia,USDC
428,0.8461360184037191,1198784840.5793939,441,S6_worst_case_no_intervention,indonesia,USDC
429,0.8249519572938895,1168815219.564909,441,S6_worst_case_no_intervention,indonesia,USDC
430,0.8208578878638004,1139594839.0757864,441,S6_worst_case_no_intervention,indonesia,USDC
431,0.7998563960418272,1111104968.0988917,441,S6_worst_case_no_intervention,indonesia,USDC
432,0.7984623411053913,1083327343.8964193,441,S6_worst_case_no_intervention,indonesia,USDC
433,0.8155353478605276,1056244160.299009,441,S6_worst_case_no_intervention,indonesia,USDC
434,0.8158490414746795,1029838056.2915337,441,S6_worst_case_no_intervention,indonesia,USDC
435,0.814578857262303,1004092104.8842454,441,S6_worst_case_no_intervention,indonesia,USDC
436,0.8380211431904359,978989802.2621392,441,S6_worst_case_no_intervention,indonesia,USDC
437,0.8306471723394291,954515057.2055857,441,S6_worst_case_no_intervention,indonesia,USDC
438,0.8255125540400879,930652180.775446,441,S6_worst_case_no_intervention,indonesia,USDC
439,0.723384416801069,907385876.2560599,441,S6_worst_case_no_intervention,indonesia,USDC
440,0.7294138941600032,884701229.3496585,441,S6_worst_case_no_intervention,indonesia,USDC
441,0.731232190607619,862583698.6159171,441,S6_worst_case_no_intervention,indonesia,USDC
442,0.7471947484976438,841019106.1505191,441,S6_worst_case_no_intervention,indonesia,USDC
443,0.7359315992920981,819993628.4967562,441,S6_worst_case_no_intervention,indonesia,USDC
444,0.7504136298109774,799493787.7843373,441,S6_worst_case_no_intervention,indonesia,USDC
445,0.7552761074789802,779506443.0897288,441,S6_worst_case_no_intervention,indonesia,USDC
446,0.7604814754513826,760018782.0124856,441,S6_worst_case_no_intervention,indonesia,USDC
447,0.7599285627906687,741018312.4621735,441,S6_worst_case_no_intervention,indonesia,USDC
448,0.7667699264059539,722492854.6506191,441,S6_worst_case_no_intervention,indonesia,USDC
449,0.785028809184748,704430533.2843536,441,S6_worst_case_no_intervention,indonesia,USDC
450,0.7608726348360192,686819769.9522448,441,S6_worst_case_no_intervention,indonesia,USDC
451,0.7608376061944113,669649275.7034386,441,S6_worst_case_no_intervention,indonesia,USDC
452,0.7530400200410103,652908043.8108528,441,S6_worst_case_no_intervention,indonesia,USDC
453,0.7538639859433387,636585342.7155814,441,S6_worst_case_no_intervention,indonesia,USDC
454,0.7673016826903877,620670709.1476918,441,S6_worst_case_no_intervention,indonesia,USDC
455,0.7791097309542999,605153941.4189996,441,S6_worst_case_no_intervention,indonesia,USDC
456,0.7838208832863903,590025092.8835245,441,S6_worst_case_no_intervention,indonesia,USDC
457,0.7868494897506931,575274465.5614364,441,S6_worst_case_no_intervention,indonesia,USDC
458,0.7943557661177196,560892603.9224006,441,S6_worst_case_no_intervention,indonesia,USDC
459,0.8075045355759776,546870288.8243405,441,S6_worst_case_no_intervention,indonesia,USDC
460,0.8161106472280149,533198531.603732,441,S6_worst_case_no_intervention,indonesia,USDC
461,0.8186542368635356,519868568.3136387,441,S6_worst_case_no_intervention,indonesia,USDC
462,0.8110969497554457,506871854.10579777,441,S6_worst_case_no_intervention,indonesia,USDC
463,0.7884810036892674,494200057.7531528,441,S6_worst_case_no_intervention,indonesia,USDC
464,0.784646860285687,481845056.3093239,441,S6_worst_case_no_intervention,indonesia,USDC
465,0.8029083695938416,469798929.9015908,441,S6_worst_case_no_intervention,indonesia,USDC
466,0.8020250540124788,458053956.65405107,441,S6_worst_case_no_intervention,indonesia,USDC
467,0.7882085048924702,446602607.73769975,441,S6_worst_case_no_intervention,indonesia,USDC
468,0.7700112977148371,435437542.5442573,441,S6_worst_case_no_intervention,indonesia,USDC
469,0.7357323067444097,424551603.98065084,441,S6_worst_case_no_intervention,indonesia,USDC
470,0.7384092668811902,413937813.88113457,441,S6_worst_case_no_intervention,indonesia,USDC
471,0.7405515209078878,403589368.53410625,441,S6_worst_case_no_intervention,indonesia,USDC
472,0.7513808183493751,393499634.3207535,441,S6_worst_case_no_intervention,indonesia,USDC
473,0.7474303328512043,383662143.4627347,441,S6_worst_case_no_intervention,indonesia,USDC
474,0.75441830405226,374070589.87616634,441,S6_worst_case_no_intervention,indonesia,USDC
475,0.7584977562505967,364718825.12926215,441,S6_worst_case_no_intervention,indonesia,USDC
476,0.7602804571574501,355600854.50103056,441,S6_worst_case_no_intervention,indonesia,USDC
477,0.7815967211684841,346710833.1385048,441,S6_worst_case_no_intervention,indonesia,USDC
478,0.7914110515390862,338043062.3100422,441,S6_worst_case_no_intervention,indonesia,USDC
479,0.8047716502387163,329591985.75229114,441,S6_worst_case_no_intervention,indonesia,USDC
480,0.8213282038792036,321352186.10848385,441,S6_worst_case_no_intervention,indonesia,USDC
481,0.7938608814640921,313318381.45577174,441,S6_worst_case_no_intervention,indonesia,USDC
482,0.7850599912119803,305485421.91937745,441,S6_worst_case_no_intervention,indonesia,USDC
483,0.7862038298631833,297848286.3713931,441,S6_worst_case_no_intervention,indonesia,USDC
484,0.8170127455738845,290402079.21210825,441,S6_worst_case_no_intervention,indonesia,USDC
485,0.8562817584357677,283142027.2318055,441,S6_worst_case_no_intervention,indonesia,USDC
486,0.8329635780804802,276063476.5510104,441,S6_worst_case_no_intervention,indonesia,USDC
487,0.8604438523986664,269161889.6372351,441,S6_worst_case_no_intervention,indonesia,USDC
488,0.8305167650523242,262432842.39630422,441,S6_worst_case_no_intervention,indonesia,USDC
489,0.8197217141458102,255872021.33639663,441,S6_worst_case_no_intervention,indonesia,USDC
490,0.8193775380720093,249475220.8029867,441,S6_worst_case_no_intervention,indonesia,USDC
491,0.8134426199249644,243238340.28291208,441,S6_worst_case_no_intervention,indonesia,USDC
492,0.8087246738945434,237157381.77583924,441,S6_worst_case_no_intervention,indonesia,USDC
493,0.8082208182001893,231228447.2314433,441,S6_worst_case_no_intervention,indonesia,USDC
494,0.7737706722151425,225447736.0506572,441,S6_worst_case_no_intervention,indonesia,USDC
495,0.7902737793882135,219811542.6493908,441,S6_worst_case_no_intervention,indonesia,USDC
496,0.8014892529881076,214316254.083156,441,S6_worst_case_no_intervention,indonesia,USDC
497,0.8196771173328579,208958347.7310771,441,S6_worst_case_no_intervention,indonesia,USDC
498,0.8033430299389255,203734389.0378002,441,S6_worst_case_no_intervention,indonesia,USDC
499,0.786966832101099,198641029.3118552,441,S6_worst_case_no_intervention,indonesia,USDC
500,0.7647538495639953,193675003.5790588,441,S6_worst_case_no_intervention,indonesia,USDC
501,0.7500715020858237,188833128.48958233,441,S6_worst_case_no_intervention,indonesia,USDC
502,0.7539709275726229,184112300.27734277,441,S6_worst_case_no_intervention,indonesia,USDC
503,0.7681227244466377,179509492.7704092,441,S6_worst_case_no_intervention,indonesia,USDC
504,0.788228812294576,175021755.45114896,441,S6_worst_case_no_intervention,indonesia,USDC
505,0.7825351330231753,170646211.56487024,441,S6_worst_case_no_intervention,indonesia,USDC
506,0.7788402755414955,166380056.2757485,441,S6_worst_case_no_intervention,indonesia,USDC
507,0.7881928028218618,162220554.86885476,441,S6_worst_case_no_intervention,indonesia,USDC
508,0.7951977869272222,158165040.9971334,441,S6_worst_case_no_intervention,indonesia,USDC
509,0.7903621021604862,154210914.97220507,441,S6_worst_case_no_intervention,indonesia,USDC
510,0.7952538888548266,150355642.09789994,441,S6_worst_case_no_intervention,indonesia,USDC
511,0.7869791393552495,146596751.04545245,441,S6_worst_case_no_intervention,indonesia,USDC
512,0.80226589324021,142931832.26931614,441,S6_worst_case_no_intervention,indonesia,USDC
513,0.8012696180167858,139358536.46258324,441,S6_worst_case_no_intervention,indonesia,USDC
514,0.8029220141160187,135874573.05101866,441,S6_worst_case_no_intervention,indonesia,USDC
515,0.8147317465807139,132477708.72474319,441,S6_worst_case_no_intervention,indonesia,USDC
516,0.8284907386881419,129165766.0066246,441,S6_worst_case_no_intervention,indonesia,USDC
517,0.8305097328010296,125936621.85645899,441,S6_worst_case_no_intervention,indonesia,USDC
518,0.8151981886011864,122788206.31004752,441,S6_worst_case_no_intervention,indonesia,USDC
519,0.8210535462670175,119718501.15229633,441,S6_worst_case_no_intervention,indonesia,USDC
520,0.7974143506872229,116725538.62348892,441,S6_worst_case_no_intervention,indonesia,USDC
521,0.8186103163915984,113807400.1579017,441,S6_worst_case_no_intervention,indonesia,USDC
522,0.8131948780952726,110962215.15395416,441,S6_worst_case_no_intervention,indonesia,USDC
523,0.8028894743125359,108188159.77510531,441,S6_worst_case_no_intervention,indonesia,USDC
524,0.8011439959659541,105483455.78072768,441,S6_worst_case_no_intervention,indonesia,USDC
525,0.7794174941515641,102846369.38620949,441,S6_worst_case_no_intervention,indonesia,USDC
526,0.6805122423191787,100275210.15155426,441,S6_worst_case_no_intervention,indonesia,USDC
527,0.658258324696493,97768329.8977654,441,S6_worst_case_no_intervention,indonesia,USDC
528,0.6802358986643045,95324121.65032126,441,S6_worst_case_no_intervention,indonesia,USDC
529,0.7031328281992995,92941018.60906324,441,S6_worst_case_no_intervention,indonesia,USDC
530,0.7294924458643465,90617493.14383665,441,S6_worst_case_no_intervention,indonesia,USDC
531,0.7430715317561574,88352055.81524074,441,S6_worst_case_no_intervention,indonesia,USDC
532,0.7390637057599911,86143254.4198597,441,S6_worst_case_no_intervention,indonesia,USDC
533,0.7410336155971474,83989673.05936322,441,S6_worst_case_no_intervention,indonesia,USDC
534,0.7396208575742749,81889931.23287913,441,S6_worst_case_no_intervention,indonesia,USDC
535,0.7521873327707623,79842682.95205715,441,S6_worst_case_no_intervention,indonesia,USDC
536,0.7872297985690486,77846615.87825572,441,S6_worst_case_no_intervention,indonesia,USDC
537,0.8169931132161874,75900450.48129933,441,S6_worst_case_no_intervention,indonesia,USDC
538,0.8047002337774953,74002939.21926685,441,S6_worst_case_no_intervention,indonesia,USDC
539,0.7898601921363498,72152865.73878518,441,S6_worst_case_no_intervention,indonesia,USDC
540,0.7826282076971247,70349044.09531555,441,S6_worst_case_no_intervention,indonesia,USDC
541,0.7904533462181869,68590317.99293266,441,S6_worst_case_no_intervention,indonesia,USDC
542,0.7752187222537053,66875560.04310934,441,S6_worst_case_no_intervention,indonesia,USDC
543,0.7830232520593154,65203671.042031616,441,S6_worst_case_no_intervention,indonesia,USDC
544,0.7645010900178345,63573579.265980825,441,S6_worst_case_no_intervention,indonesia,USDC
545,0.7731646701489953,61984239.7843313,441,S6_worst_case_no_intervention,indonesia,USDC
546,0.7924700421797387,60434633.78972301,441,S6_worst_case_no_intervention,indonesia,USDC
547,0.7602980994949651,58923767.94497994,441,S6_worst_case_no_intervention,indonesia,USDC
548,0.7233740941773618,57450673.746355444,441,S6_worst_case_no_intervention,indonesia,USDC
549,0.7180064608077275,56014406.90269656,441,S6_worst_case_no_intervention,indonesia,USDC
550,0.7247050537141199,54614046.730129145,441,S6_worst_case_no_intervention,indonesia,USDC
551,0.7340465209803927,53248695.56187591,441,S6_worst_case_no_intervention,indonesia,USDC
552,0.722405640684694,51917478.17282902,441,S6_worst_case_no_intervention,indonesia,USDC
553,0.7386926566294517,50619541.218508296,441,S6_worst_case_no_intervention,indonesia,USDC
554,0.7301129194617031,49354052.68804559,441,S6_worst_case_no_intervention,indonesia,USDC
555,0.7127544159906736,48120201.370844446,441,S6_worst_case_no_intervention,indonesia,USDC
556,0.7359733203745982,46917196.33657333,441,S6_worst_case_no_intervention,indonesia,USDC
557,0.7553268875088651,45744266.428159,441,S6_worst_case_no_intervention,indonesia,USDC
558,0.7554915775274211,44600659.76745503,441,S6_worst_case_no_intervention,indonesia,USDC
559,0.6566494113938052,43485643.273268655,441,S6_worst_case_no_intervention,indonesia,USDC
560,0.7064036567381663,42398502.19143693,441,S6_worst_case_no_intervention,indonesia,USDC
561,0.7419628622442925,41338539.63665101,441,S6_worst_case_no_intervention,indonesia,USDC
562,0.7267653048259715,40305076.14573474,441,S6_worst_case_no_intervention,indonesia,USDC
563,0.7473788418087214,39297449.24209137,441,S6_worst_case_no_intervention,indonesia,USDC
564,0.7400811649280347,38315013.011039086,441,S6_worst_case_no_intervention,indonesia,USDC
565,0.7604446147143428,37357137.685763106,441,S6_worst_case_no_intervention,indonesia,USDC
566,0.7829732191668558,36423209.243619025,441,S6_worst_case_no_intervention,indonesia,USDC
567,0.7830489812687677,35512629.01252855,441,S6_worst_case_no_intervention,indonesia,USDC
568,0.7755638253021974,34624813.287215345,441,S6_worst_case_no_intervention,indonesia,USDC
569,0.7842601631910763,33759192.95503496,441,S6_worst_case_no_intervention,indonesia,USDC
570,0.7848151068267495,32915213.131159082,441,S6_worst_case_no_intervention,indonesia,USDC
571,0.809417487641178,32092332.80288011,441,S6_worst_case_no_intervention,indonesia,USDC
572,0.8261476060680519,31290024.482808106,441,S6_worst_case_no_intervention,indonesia,USDC
573,0.8272718761844114,30507773.870737903,441,S6_worst_case_no_intervention,indonesia,USDC
574,0.8325611227264327,29745079.523969457,441,S6_worst_case_no_intervention,indonesia,USDC
575,0.8232609938427303,29001452.535870217,441,S6_worst_case_no_intervention,indonesia,USDC
576,0.7898619026298755,28276416.222473457,441,S6_worst_case_no_intervention,indonesia,USDC
577,0.7698982692588379,27569505.816911623,441,S6_worst_case_no_intervention,indonesia,USDC
578,0.7856091198347194,26880268.17148883,441,S6_worst_case_no_intervention,indonesia,USDC
579,0.7601178041856146,26208261.467201605,441,S6_worst_case_no_intervention,indonesia,USDC
580,0.7803715052179016,25553054.930521566,441,S6_worst_case_no_intervention,indonesia,USDC
581,0.8039657375761765,24914228.557258528,441,S6_worst_case_no_intervention,indonesia,USDC
582,0.786665175396253,24291372.843327068,441,S6_worst_case_no_intervention,indonesia,USDC
583,0.7920060852895118,23684088.52224389,441,S6_worst_case_no_intervention,indonesia,USDC
584,0.7369857809380985,23091986.309187792,441,S6_worst_case_no_intervention,indonesia,USDC
585,0.7664140318859454,22514686.6514581,441,S6_worst_case_no_intervention,indonesia,USDC
586,0.784062699241553,21951819.485171646,441,S6_worst_case_no_intervention,indonesia,USDC
587,0.7884653514384544,21403023.998042352,441,S6_worst_case_no_intervention,indonesia,USDC
588,0.7858961191174488,20867948.398091294,441,S6_worst_case_no_intervention,indonesia,USDC
589,0.7862407687597254,20346249.688139014,441,S6_worst_case_no_intervention,indonesia,USDC
590,0.8002762764808635,19837593.44593554,441,S6_worst_case_no_intervention,indonesia,USDC
591,0.7827043917598756,19341653.609787147,441,S6_worst_case_no_intervention,indonesia,USDC
592,0.7599392782041574,18858112.26954247,441,S6_worst_case_no_intervention,indonesia,USDC
593,0.7647101074870993,18386659.462803908,441,S6_worst_case_no_intervention,indonesia,USDC
594,0.7748890607887122,17926992.97623381,441,S6_worst_case_no_intervention,indonesia,USDC
595,0.7930016527630149,17478818.151827965,441,S6_worst_case_no_intervention,indonesia,USDC
596,0.7711910096955322,17041847.698032264,441,S6_worst_case_no_intervention,indonesia,USDC
597,0.7968618293718239,16615801.505581459,441,S6_worst_case_no_intervention,indonesia,USDC
598,0.7735612002434658,16200406.467941921,441,S6_worst_case_no_intervention,indonesia,USDC
599,0.7827800435579017,15795396.306243375,441,S6_worst_case_no_intervention,indonesia,USDC
600,0.7665208859948969,15400511.39858729,441,S6_worst_case_no_intervention,indonesia,USDC
601,0.7506371405753767,15015498.613622608,441,S6_worst_case_no_intervention,indonesia,USDC
602,0.7709532458897419,14640111.148282044,441,S6_worst_case_no_intervention,indonesia,USDC
603,0.7714296039588528,14274108.36957499,441,S6_worst_case_no_intervention,indonesia,USDC
604,0.7744196796391913,13917255.660335619,441,S6_worst_case_no_intervention,indonesia,USDC
605,0.7582901917257202,13569324.268827228,441,S6_worst_case_no_intervention,indonesia,USDC
606,0.7412096846432388,13230091.162106546,441,S6_worst_case_no_intervention,indonesia,USDC
607,0.7246360995330224,12899338.883053884,441,S6_worst_case_no_intervention,indonesia,USDC
608,0.7256945998741205,12576855.410977535,441,S6_worst_case_no_intervention,indonesia,USDC
609,0.7083140982580449,12262434.025703099,441,S6_worst_case_no_intervention,indonesia,USDC
610,0.7118229495850772,11955873.17506052,441,S6_worst_case_no_intervention,indonesia,USDC
611,0.7179255864944734,11656976.345684007,441,S6_worst_case_no_intervention,indonesia,USDC
612,0.7094320733975334,11365551.937041909,441,S6_worst_case_no_intervention,indonesia,USDC
613,0.7198441989854443,11081413.13861586,441,S6_worst_case_no_intervention,indonesia,USDC
614,0.7078110356372779,10804377.810150463,441,S6_worst_case_no_intervention,indonesia,USDC
615,0.7398561404871079,10534268.364896702,441,S6_worst_case_no_intervention,indonesia,USDC
616,0.7302092655044495,10270911.655774284,441,S6_worst_case_no_intervention,indonesia,USDC
617,0.7283486706774125,10014138.864379928,441,S6_worst_case_no_intervention,indonesia,USDC
618,0.7109332926225497,9763785.392770428,441,S6_worst_case_no_intervention,indonesia,USDC
619,0.745482025915395,9519690.757951168,441,S6_worst_case_no_intervention,indonesia,USDC
620,0.7342907702242262,9281698.489002388,441,S6_worst_case_no_intervention,indonesia,USDC
621,0.7386236921080703,9049656.026777329,441,S6_worst_case_no_intervention,indonesia,USDC
622,0.7529001097239566,8823414.626107896,441,S6_worst_case_no_intervention,indonesia,USDC
623,0.7562969046620339,8602829.260455199,441,S6_worst_case_no_intervention,indonesia,USDC
624,0.7655133646659742,8387758.528943818,441,S6_worst_case_no_intervention,indonesia,USDC
625,0.7618427531153417,8178064.565720223,441,S6_worst_case_no_intervention,indonesia,USDC
626,0.7577473033705663,7973612.951577217,441,S6_worst_case_no_intervention,indonesia,USDC
627,0.7611551974454351,7774272.6277877875,441,S6_worst_case_no_intervention,indonesia,USDC
628,0.7898989711706366,7579915.812093092,441,S6_worst_case_no_intervention,indonesia,USDC
629,0.8141172557794559,7390417.916790765,441,S6_worst_case_no_intervention,indonesia,USDC
630,0.8003854080126861,7205657.468870996,441,S6_worst_case_no_intervention,indonesia,USDC
631,0.8015409347999671,7025516.03214922,441,S6_worst_case_no_intervention,indonesia,USDC
632,0.8128953199572178,6849878.13134549,441,S6_worst_case_no_intervention,indonesia,USDC
633,0.8250558939449809,6678631.178061852,441,S6_worst_case_no_intervention,indonesia,USDC
634,0.807249029732219,6511665.398610306,441,S6_worst_case_no_intervention,indonesia,USDC
635,0.7882055101734607,6348873.763645048,441,S6_worst_case_no_intervention,indonesia,USDC
636,0.7746770006311724,6190151.9195539225,441,S6_worst_case_no_intervention,indonesia,USDC
637,0.7571456951626069,6035398.121565074,441,S6_worst_case_no_intervention,indonesia,USDC
638,0.7329875587761203,5884513.168525947,441,S6_worst_case_no_intervention,indonesia,USDC
639,0.7360150093297769,5737400.339312798,441,S6_worst_case_no_intervention,indonesia,USDC
640,0.7613541800620534,5593965.330829978,441,S6_worst_case_no_intervention,indonesia,USDC
641,0.7595337134922776,5454116.197559228,441,S6_worst_case_no_intervention,indonesia,USDC
642,0.7664168767450309,5317763.292620248,441,S6_worst_case_no_intervention,indonesia,USDC
643,0.7873224027238911,5184819.210304743,441,S6_worst_case_no_intervention,indonesia,USDC
644,0.8107587627001145,5055198.7300471235,441,S6_worst_case_no_intervention,indonesia,USDC
645,0.8043650705825066,4928818.761795945,441,S6_worst_case_no_intervention,indonesia,USDC
646,0.7964774475388839,4805598.292751047,441,S6_worst_case_no_intervention,indonesia,USDC
647,0.7894161560798634,4685458.335432271,441,S6_worst_case_no_intervention,indonesia,USDC
648,0.7847290655500024,4568321.877046464,441,S6_worst_case_no_intervention,indonesia,USDC
649,0.779283585155098,4454113.830120302,441,S6_worst_case_no_intervention,indonesia,USDC
650,0.7750092319476456,4342760.984367294,441,S6_worst_case_no_intervention,indonesia,USDC
651,0.779580739759923,4234191.959758112,441,S6_worst_case_no_intervention,indonesia,USDC
652,0.7686297974969396,4128337.1607641587,441,S6_worst_case_no_intervention,indonesia,USDC
653,0.7681161772609003,4025128.731745055,441,S6_worst_case_no_intervention,indonesia,USDC
654,0.7769365319695033,3924500.513451429,441,S6_worst_case_no_intervention,indonesia,USDC
655,0.7720790377210188,3826388.000615143,441,S6_worst_case_no_intervention,indonesia,USDC
656,0.786557689418158,3730728.300599765,441,S6_worst_case_no_intervention,indonesia,USDC
657,0.7838950433041387,3637460.0930847703,441,S6_worst_case_no_intervention,indonesia,USDC
658,0.7811112098260944,3546523.5907576513,441,S6_worst_case_no_intervention,indonesia,USDC
659,0.7846902504577633,3457860.5009887107,441,S6_worst_case_no_intervention,indonesia,USDC
660,0.7936912321872208,3371413.9884639923,441,S6_worst_case_no_intervention,indonesia,USDC
661,0.7881895585582375,3287128.6387523925,441,S6_worst_case_no_intervention,indonesia,USDC
662,0.7665357887658656,3204950.4227835834,441,S6_worst_case_no_intervention,indonesia,USDC
663,0.7531118649820847,3124826.6622139933,441,S6_worst_case_no_intervention,indonesia,USDC
664,0.7623806789264637,3046705.9956586435,441,S6_worst_case_no_intervention,indonesia,USDC
665,0.782567740531333,2970538.3457671776,441,S6_worst_case_no_intervention,indonesia,USDC
666,0.7930475257010313,2896274.887122998,441,S6_worst_case_no_intervention,indonesia,USDC
667,0.757594286602526,2823868.014944923,441,S6_worst_case_no_intervention,indonesia,USDC
668,0.7575102073316917,2753271.3145713,441,S6_worst_case_no_intervention,indonesia,USDC
669,0.7646742332246422,2684439.5317070177,441,S6_worst_case_no_intervention,indonesia,USDC
670,0.7741750588403582,2617328.543414342,441,S6_worst_case_no_intervention,indonesia,USDC
671,0.758269499138053,2551895.3298289836,441,S6_worst_case_no_intervention,indonesia,USDC
672,0.787973965466021,2488097.946583259,441,S6_worst_case_no_intervention,indonesia,USDC
673,0.7695604546577601,2425895.4979186775,441,S6_worst_case_no_intervention,indonesia,USDC
674,0.7678777030033886,2365248.1104707103,441,S6_worst_case_no_intervention,indonesia,USDC
675,0.7749838078126079,2306116.907708943,441,S6_worst_case_no_intervention,indonesia,USDC
676,0.7772162129918495,2248463.9850162193,441,S6_worst_case_no_intervention,indonesia,USDC
677,0.806384975426865,2192252.3853908135,441,S6_worst_case_no_intervention,indonesia,USDC
678,0.7950007392912225,2137446.0757560437,441,S6_worst_case_no_intervention,indonesia,USDC
679,0.7925374204327793,2084009.9238621425,441,S6_worst_case_no_intervention,indonesia,USDC
680,0.8001245289923593,2031909.6757655886,441,S6_worst_case_no_intervention,indonesia,USDC
681,0.8004219754421357,1981111.933871449,441,S6_worst_case_no_intervention,indonesia,USDC
682,0.793786736975039,1931584.1355246627,441,S6_worst_case_no_intervention,indonesia,USDC
683,0.8035350843681115,1883294.5321365462,441,S6_worst_case_no_intervention,indonesia,USDC
684,0.7912532890028992,1836212.1688331328,441,S6_worst_case_no_intervention,indonesia,USDC
685,0.7923941451347107,1790306.8646123041,441,S6_worst_case_no_intervention,indonesia,USDC
686,0.8073176403844587,1745549.1929969965,441,S6_worst_case_no_intervention,indonesia,USDC
687,0.7876218185811052,1701910.4631720716,441,S6_worst_case_no_intervention,indonesia,USDC
688,0.8044699536958608,1659362.7015927697,441,S6_worst_case_no_intervention,indonesia,USDC
689,0.775580286920193,1617878.6340529504,441,S6_worst_case_no_intervention,indonesia,USDC
690,0.7701562612585472,1577431.6682016267,441,S6_worst_case_no_intervention,indonesia,USDC
691,0.7471792749391408,1537995.876496586,441,S6_worst_case_no_intervention,indonesia,USDC
692,0.7506650141532695,1499545.9795841712,441,S6_worst_case_no_intervention,indonesia,USDC
693,0.754463907433167,1462057.330094567,441,S6_worst_case_no_intervention,indonesia,USDC
694,0.7812855640074845,1425505.8968422029,441,S6_worst_case_no_intervention,indonesia,USDC
695,0.7586903061921646,1389868.2494211479,441,S6_worst_case_no_intervention,indonesia,USDC
696,0.752825003019808,1355121.5431856192,441,S6_worst_case_no_intervention,indonesia,USDC
697,0.7633584560853514,1321243.5046059787,441,S6_worst_case_no_intervention,indonesia,USDC
698,0.7749920715758705,1288212.4169908292,441,S6_worst_case_no_intervention,indonesia,USDC
699,0.7486886209663767,1256007.1065660585,441,S6_worst_case_no_intervention,indonesia,USDC
700,0.7448026771773995,1224606.928901907,441,S6_worst_case_no_intervention,indonesia,USDC
701,0.7572592809627796,1193991.7556793592,441,S6_worst_case_no_intervention,indonesia,USDC
702,0.779534297860969,1164141.9617873754,441,S6_worst_case_no_intervention,indonesia,USDC
703,0.790759324544586,1135038.412742691,441,S6_worst_case_no_intervention,indonesia,USDC
704,0.8246471065832691,1106662.4524241237,441,S6_worst_case_no_intervention,indonesia,USDC
705,0.8224427670374603,1078995.8911135206,441,S6_worst_case_no_intervention,indonesia,USDC
706,0.8009376018188508,1052020.9938356825,441,S6_worst_case_no_intervention,indonesia,USDC
707,0.7927614303361599,1025720.4689897905,441,S6_worst_case_no_intervention,indonesia,USDC
708,0.8067908552894241,1000077.4572650458,441,S6_worst_case_no_intervention,indonesia,USDC
709,0.8106246994835877,975075.5208334196,441,S6_worst_case_no_intervention,indonesia,USDC
710,0.8271489762258383,950698.6328125842,441,S6_worst_case_no_intervention,indonesia,USDC
711,0.7729264215141076,926931.1669922697,441,S6_worst_case_no_intervention,indonesia,USDC
712,0.7811579260703041,903757.8878174629,441,S6_worst_case_no_intervention,indonesia,USDC
713,0.7534905574468529,881163.9406220263,441,S6_worst_case_no_intervention,indonesia,USDC
714,0.7607992583857467,859134.8421064755,441,S6_worst_case_no_intervention,indonesia,USDC
715,0.7665124450375824,837656.4710538138,441,S6_worst_case_no_intervention,indonesia,USDC
716,0.750070943311909,816715.0592774684,441,S6_worst_case_no_intervention,indonesia,USDC
717,0.7579392778688578,796297.1827955317,441,S6_worst_case_no_intervention,indonesia,USDC
718,0.7455229715210319,776389.7532256434,441,S6_worst_case_no_intervention,indonesia,USDC
719,0.7289181619866585,756980.0093950023,441,S6_worst_case_no_intervention,indonesia,USDC
720,0.7310558405379326,738055.5091601273,441,S6_worst_case_no_intervention,indonesia,USDC
721,0.7373232695295778,719604.121431124,441,S6_worst_case_no_intervention,indonesia,USDC
722,0.745920398628145,701614.0183953459,441,S6_worst_case_no_intervention,indonesia,USDC
723,0.7728652091540075,684073.6679354622,441,S6_worst_case_no_intervention,indonesia,USDC
724,0.7823441734070942,666971.8262370757,441,S6_worst_case_no_intervention,indonesia,USDC
725,0.7691389185736315,650297.5305811488,441,S6_worst_case_no_intervention,indonesia,USDC
726,0.7666162728944879,634040.09231662,441,S6_worst_case_no_intervention,indonesia,USDC
727,0.7711938563617287,618189.0900087046,441,S6_worst_case_no_intervention,indonesia,USDC
728,0.754239065225191,602734.362758487,441,S6_worst_case_no_intervention,indonesia,USDC
729,0.7624554700667522,587666.0036895248,441,S6_worst_case_no_intervention,indonesia,USDC
730,0.7813554385832842,572974.3535972867,441,S6_worst_case_no_intervention,indonesia,USDC
731,0.7555969672577468,558649.9947573545,441,S6_worst_case_no_intervention,indonesia,USDC
732,0.7497849508158413,544683.7448884207,441,S6_worst_case_no_intervention,indonesia,USDC
733,0.7372835992319415,531066.6512662101,441,S6_worst_case_no_intervention,indonesia,USDC
734,0.7649090040749469,517789.98498455493,441,S6_worst_case_no_intervention,indonesia,USDC
735,0.7827926595328265,504845.235359941,441,S6_worst_case_no_intervention,indonesia,USDC
736,0.7922566245611983,492224.10447594244,441,S6_worst_case_no_intervention,indonesia,USDC
737,0.8087282167888348,479918.5018640439,441,S6_worst_case_no_intervention,indonesia,USDC
738,0.8261000959452108,467920.5393174428,441,S6_worst_case_no_intervention,indonesia,USDC
739,0.8373171721653043,456222.5258345067,441,S6_worst_case_no_intervention,indonesia,USDC
740,0.8194361296387925,444816.96268864407,441,S6_worst_case_no_intervention,indonesia,USDC
741,0.7825470477849973,433696.5386214279,441,S6_worst_case_no_intervention,indonesia,USDC
742,0.7947451240823301,422854.1251558922,441,S6_worst_case_no_intervention,indonesia,USDC
743,0.7662779024288352,412282.77202699496,441,S6_worst_case_no_intervention,indonesia,USDC
744,0.7689148930568399,401975.7027263201,441,S6_worst_case_no_intervention,indonesia,USDC
745,0.6995429830700637,391926.3101581621,441,S6_worst_case_no_intervention,indonesia,USDC
746,0.7307520351581558,382128.152404208,441,S6_worst_case_no_intervention,indonesia,USDC
747,0.7401033977952195,372574.9485941028,441,S6_worst_case_no_intervention,indonesia,USDC
748,0.7649532213074012,363260.57487925026,441,S6_worst_case_no_intervention,indonesia,USDC
749,0.7755102811317242,354179.060507269,441,S6_worst_case_no_intervention,indonesia,USDC
750,0.7805297670519634,345324.58399458724,441,S6_worst_case_no_intervention,indonesia,USDC
751,0.7821077840208912,336691.46939472255,441,S6_worst_case_no_intervention,indonesia,USDC
752,0.7900003566887456,328274.18265985453,441,S6_worst_case_no_intervention,indonesia,USDC
753,0.8076971114854054,320067.32809335814,441,S6_worst_case_no_intervention,indonesia,USDC
754,0.8213971994526229,312065.6448910242,441,S6_worst_case_no_intervention,indonesia,USDC
755,0.8119019984791311,304264.0037687486,441,S6_worst_case_no_intervention,indonesia,USDC
756,0.7921458779213469,296657.40367452987,441,S6_worst_case_no_intervention,indonesia,USDC
757,0.8180688740715768,289240.96858266665,441,S6_worst_case_no_intervention,indonesia,USDC
758,0.801799415073734,282009.94436809997,441,S6_worst_case_no_intervention,indonesia,USDC
759,0.8137106773281325,274959.69575889746,441,S6_worst_case_no_intervention,indonesia,USDC
760,0.7967817863735089,268085.70336492505,441,S6_worst_case_no_intervention,indonesia,USDC
761,0.8061745251311189,261383.5607808019,441,S6_worst_case_no_intervention,indonesia,USDC
762,0.840178339771857,254848.97176128183,441,S6_worst_case_no_intervention,indonesia,USDC
763,0.7701319614754557,248477.7474672498,441,S6_worst_case_no_intervention,indonesia,USDC
764,0.7806971719897077,242265.80378056853,441,S6_worst_case_no_intervention,indonesia,USDC
765,0.801922002329495,236209.15868605432,441,S6_worst_case_no_intervention,indonesia,USDC
766,0.8102523381477269,230303.92971890297,441,S6_worst_case_no_intervention,indonesia,USDC
767,0.7982362593526966,224546.3314759304,441,S6_worst_case_no_intervention,indonesia,USDC
768,0.7901469897199105,218932.67318903212,441,S6_worst_case_no_intervention,indonesia,USDC
769,0.819221805843757,213459.35635930632,441,S6_worst_case_no_intervention,indonesia,USDC
770,0.8021874559374033,208122.87245032366,441,S6_worst_case_no_intervention,indonesia,USDC
771,0.7979857784990448,202919.80063906556,441,S6_worst_case_no_intervention,indonesia,USDC
772,0.7763479094220785,197846.80562308893,441,S6_worst_case_no_intervention,indonesia,USDC
773,0.7501573134469451,192900.63548251172,441,S6_worst_case_no_intervention,indonesia,USDC
774,0.7252847487012662,188078.1195954489,441,S6_worst_case_no_intervention,indonesia,USDC
775,0.7305362480862228,183376.16660556267,441,S6_worst_case_no_intervention,indonesia,USDC
776,0.7365548640264322,178791.7624404236,441,S6_worst_case_no_intervention,indonesia,USDC
777,0.7628541702691063,174321.968379413,441,S6_worst_case_no_intervention,indonesia,USDC
778,0.7629750526214936,169963.91916992769,441,S6_worst_case_no_intervention,indonesia,USDC
779,0.7667258730270955,165714.8211906795,441,S6_worst_case_no_intervention,indonesia,USDC
780,0.76232073833529,161571.95066091252,441,S6_worst_case_no_intervention,indonesia,USDC
781,0.7358635594338926,157532.6518943897,441,S6_worst_case_no_intervention,indonesia,USDC
782,0.7440541693968015,153594.33559702995,441,S6_worst_case_no_intervention,indonesia,USDC
783,0.7385903488142458,149754.4772071042,441,S6_worst_case_no_intervention,indonesia,USDC
784,0.7415296512327553,146010.61527692663,441,S6_worst_case_no_intervention,indonesia,USDC
785,0.7524882496816606,142360.34989500346,441,S6_worst_case_no_intervention,indonesia,USDC
786,0.7660902425258902,138801.34114762838,441,S6_worst_case_no_intervention,indonesia,USDC
787,0.7488105435689242,135331.30761893766,441,S6_worst_case_no_intervention,indonesia,USDC
788,0.7679892031042764,131948.02492846423,441,S6_worst_case_no_intervention,indonesia,USDC
789,0.8226301737906515,128649.32430525262,441,S6_worst_case_no_intervention,indonesia,USDC
790,0.8321072532887692,125433.09119762131,441,S6_worst_case_no_intervention,indonesia,USDC
791,0.8319446103991007,122297.26391768076,441,S6_worst_case_no_intervention,indonesia,USDC
792,0.8085929445056934,119239.83231973875,441,S6_worst_case_no_intervention,indonesia,USDC
793,0.7763699984961618,116258.83651174528,441,S6_worst_case_no_intervention,indonesia,USDC
794,0.7989171594055501,113352.36559895164,441,S6_worst_case_no_intervention,indonesia,USDC
795,0.8042874894280392,110518.55645897785,441,S6_worst_case_no_intervention,indonesia,USDC
796,0.7992941263532675,107755.5925475034,441,S6_worst_case_no_intervention,indonesia,USDC
797,0.7959909952259128,105061.70273381582,441,S6_worst_case_no_intervention,indonesia,USDC
798,0.8105747641485601,102435.16016547041,441,S6_worst_case_no_intervention,indonesia,USDC
799,0.8055484749474323,99874.28116133367,441,S6_worst_case_no_intervention,indonesia,USDC
800,0.807939136272293,97377.42413230034,441,S6_worst_case_no_intervention,indonesia,USDC
801,0.8145284160782759,94942.98852899282,441,S6_worst_case_no_intervention,indonesia,USDC
802,0.786768594493265,92569.413815768,441,S6_worst_case_no_intervention,indonesia,USDC
803,0.7900507255378516,90255.1784703738,441,S6_worst_case_no_intervention,indonesia,USDC
804,0.7928009104974131,87998.79900861446,441,S6_worst_case_no_intervention,indonesia,USDC
805,0.7955432523701738,85798.82903339909,441,S6_worst_case_no_intervention,indonesia,USDC
806,0.8019238859618707,83653.8583075641,441,S6_worst_case_no_intervention,indonesia,USDC
807,0.8125990488222951,81562.51184987501,441,S6_worst_case_no_intervention,indonesia,USDC
808,0.7881207170575394,79523.44905362814,441,S6_worst_case_no_intervention,indonesia,USDC
809,0.787308837439305,77535.36282728743,441,S6_worst_case_no_intervention,indonesia,USDC
810,0.7817290382812685,75596.97875660524,441,S6_worst_case_no_intervention,indonesia,USDC
811,0.7879799723166919,73707.05428769012,441,S6_worst_case_no_intervention,indonesia,USDC
812,0.7823949517602184,71864.37793049785,441,S6_worst_case_no_intervention,indonesia,USDC
813,0.7812514108275228,70067.7684822354,441,S6_worst_case_no_intervention,indonesia,USDC
814,0.7747098987962184,68316.07427017952,441,S6_worst_case_no_intervention,indonesia,USDC
815,0.7715333874518713,66608.17241342503,441,S6_worst_case_no_intervention,indonesia,USDC
816,0.78195219866733,64942.968103089406,441,S6_worst_case_no_intervention,indonesia,USDC
817,0.8038815664213753,63319.39390051218,441,S6_worst_case_no_intervention,indonesia,USDC
818,0.794161785894158,61736.40905299937,441,S6_worst_case_no_intervention,indonesia,USDC
819,0.8001747223048707,60192.99882667439,441,S6_worst_case_no_intervention,indonesia,USDC
820,0.7895259738545565,58688.17385600753,441,S6_worst_case_no_intervention,indonesia,USDC
821,0.7825886180106212,57220.96950960734,441,S6_worst_case_no_intervention,indonesia,USDC
822,0.7899108313864632,55790.44527186716,441,S6_worst_case_no_intervention,indonesia,USDC
823,0.7730406495945379,54395.68414007047,441,S6_worst_case_no_intervention,indonesia,USDC
824,0.7960053966906826,53035.79203656872,441,S6_worst_case_no_intervention,indonesia,USDC
825,0.835936729974583,51709.8972356545,441,S6_worst_case_no_intervention,indonesia,USDC
826,0.8129408141238877,50417.14980476314,441,S6_worst_case_no_intervention,indonesia,USDC
827,0.823520981076839,49156.72105964406,441,S6_worst_case_no_intervention,indonesia,USDC
828,0.8257060389904924,47927.80303315296,441,S6_worst_case_no_intervention,indonesia,USDC
829,0.8203564437820083,46729.60795732413,441,S6_worst_case_no_intervention,indonesia,USDC
830,0.8211841015056521,45561.36775839103,441,S6_worst_case_no_intervention,indonesia,USDC
831,0.8254056655293378,44422.333564431254,441,S6_worst_case_no_intervention,indonesia,USDC
832,0.8382634333576964,43311.775225320474,441,S6_worst_case_no_intervention,indonesia,USDC
833,0.8420291577232325,42228.98084468747,441,S6_worst_case_no_intervention,indonesia,USDC
834,0.825963070771538,41173.25632357028,441,S6_worst_case_no_intervention,indonesia,USDC
835,0.8280277903501515,40143.924915481024,441,S6_worst_case_no_intervention,indonesia,USDC
836,0.8405044574630964,39140.326792594,441,S6_worst_case_no_intervention,indonesia,USDC
837,0.8173555448453258,38161.818622779145,441,S6_worst_case_no_intervention,indonesia,USDC
838,0.8429315666363976,37207.77315720967,441,S6_worst_case_no_intervention,indonesia,USDC
839,0.8273698365605572,36277.578828279424,441,S6_worst_case_no_intervention,indonesia,USDC
840,0.8163832169278651,35370.639357572436,441,S6_worst_case_no_intervention,indonesia,USDC
841,0.8259032836375292,34486.37337363313,441,S6_worst_case_no_intervention,indonesia,USDC
842,0.8264904127686578,33624.2140392923,441,S6_worst_case_no_intervention,indonesia,USDC
843,0.8263957839285229,32783.60868830999,441,S6_worst_case_no_intervention,indonesia,USDC
844,0.8182308859129042,31964.018471102245,441,S6_worst_case_no_intervention,indonesia,USDC
845,0.798049916560833,31164.91800932469,441,S6_worst_case_no_intervention,indonesia,USDC
846,0.8272439327898019,30385.795059091568,441,S6_worst_case_no_intervention,indonesia,USDC
847,0.8104537952659516,29626.150182614278,441,S6_worst_case_no_intervention,indonesia,USDC
848,0.8030098953320978,28885.496428048922,441,S6_worst_case_no_intervention,indonesia,USDC
849,0.8047306976060443,28163.3590173477,441,S6_worst_case_no_intervention,indonesia,USDC
850,0.8079541518591219,27459.275041914007,441,S6_worst_case_no_intervention,indonesia,USDC
851,0.8028609369696917,26772.79316586616,441,S6_worst_case_no_intervention,indonesia,USDC
852,0.7948525714460306,26103.4733367195,441,S6_worst_case_no_intervention,indonesia,USDC
853,0.7987236120213551,25450.886503301517,441,S6_worst_case_no_intervention,indonesia,USDC
854,0.8054905756576607,24814.614340718977,441,S6_worst_case_no_intervention,indonesia,USDC
855,0.821557781629694,24194.248982201003,441,S6_worst_case_no_intervention,indonesia,USDC
856,0.8052154782062914,23589.39275764598,441,S6_worst_case_no_intervention,indonesia,USDC
857,0.8034498297423501,22999.65793870483,441,S6_worst_case_no_intervention,indonesia,USDC
858,0.8160920803158713,22424.66649023721,441,S6_worst_case_no_intervention,indonesia,USDC
859,0.7906170982769398,21864.04982798128,441,S6_worst_case_no_intervention,indonesia,USDC
860,0.7925157500641272,21317.448582281748,441,S6_worst_case_no_intervention,indonesia,USDC
861,0.7398554645429407,20784.512367724703,441,S6_worst_case_no_intervention,indonesia,USDC
862,0.7347408749894475,20264.899558531586,441,S6_worst_case_no_intervention,indonesia,USDC
863,0.7192608028790669,19758.277069568296,441,S6_worst_case_no_intervention,indonesia,USDC
864,0.7169644905021133,19264.32014282909,441,S6_worst_case_no_intervention,indonesia,USDC
865,0.7550314099783992,18782.71213925836,441,S6_worst_case_no_intervention,indonesia,USDC
866,0.7369109875703515,18313.144335776902,441,S6_worst_case_no_intervention,indonesia,USDC
867,0.7774842505272351,17855.31572738248,441,S6_worst_case_no_intervention,indonesia,USDC
868,0.7800546335067621,17408.93283419792,441,S6_worst_case_no_intervention,indonesia,USDC
869,0.7917401001654831,16973.70951334297,441,S6_worst_case_no_intervention,indonesia,USDC
870,0.7922964588793032,16549.366775509396,441,S6_worst_case_no_intervention,indonesia,USDC
871,0.8124965995622158,16135.63260612166,441,S6_worst_case_no_intervention,indonesia,USDC
872,0.8204078680955056,15732.24179096862,441,S6_worst_case_no_intervention,indonesia,USDC
873,0.795440475071313,15338.935746194406,441,S6_worst_case_no_intervention,indonesia,USDC
874,0.7872196356560991,14955.462352539544,441,S6_worst_case_no_intervention,indonesia,USDC
875,0.7952179968816727,14581.575793726055,441,S6_worst_case_no_intervention,indonesia,USDC
876,0.7913603987509154,14217.036398882903,441,S6_worst_case_no_intervention,indonesia,USDC
877,0.7798379231631979,13861.61048891083,441,S6_worst_case_no_intervention,indonesia,USDC
878,0.7826860052581093,13515.070226688058,441,S6_worst_case_no_intervention,indonesia,USDC
879,0.7820475621849884,13177.193471020855,441,S6_worst_case_no_intervention,indonesia,USDC
880,0.8021934212485669,12847.763634245337,441,S6_worst_case_no_intervention,indonesia,USDC
881,0.7706355132865877,12526.5695433892,441,S6_worst_case_no_intervention,indonesia,USDC
882,0.7789103835866632,12213.405304804472,441,S6_worst_case_no_intervention,indonesia,USDC
883,0.7888070387036547,11908.070172184358,441,S6_worst_case_no_intervention,indonesia,USDC
884,0.7818174200166566,11610.36841787975,441,S6_worst_case_no_intervention,indonesia,USDC
885,0.7930063304395784,11320.109207432757,441,S6_worst_case_no_intervention,indonesia,USDC
886,0.8020241179480907,11037.106477246938,441,S6_worst_case_no_intervention,indonesia,USDC
887,0.8069503038455771,10761.178815315765,441,S6_worst_case_no_intervention,indonesia,USDC
888,0.8205715061275098,10492.14934493287,441,S6_worst_case_no_intervention,indonesia,USDC
889,0.8108365663376873,10229.845611309549,441,S6_worst_case_no_intervention,indonesia,USDC
890,0.813531341035027,9974.09947102681,441,S6_worst_case_no_intervention,indonesia,USDC
891,0.8034510657511896,9724.74698425114,441,S6_worst_case_no_intervention,indonesia,USDC
892,0.814559947815348,9481.62830964486,441,S6_worst_case_no_intervention,indonesia,USDC
893,0.8370916348688531,9244.58760190374,441,S6_worst_case_no_intervention,indonesia,USDC
894,0.8374927063478776,9013.472911856146,441,S6_worst_case_no_intervention,indonesia,USDC
895,0.8333297279112127,8788.136089059743,441,S6_worst_case_no_intervention,indonesia,USDC
896,0.8225951494301523,8568.43268683325,441,S6_worst_case_no_intervention,indonesia,USDC
897,0.8294906920479456,8354.221869662419,441,S6_worst_case_no_intervention,indonesia,USDC
898,0.8148034531934204,8145.366322920858,441,S6_worst_case_no_intervention,indonesia,USDC
899,0.8131761334034701,7941.732164847836,441,S6_worst_case_no_intervention,indonesia,USDC
900,0.797619248821169,7743.188860726641,441,S6_worst_case_no_intervention,indonesia,USDC
901,0.8053793997734557,7549.6091392084745,441,S6_worst_case_no_intervention,indonesia,USDC
902,0.806805904147425,7360.868910728264,441,S6_worst_case_no_intervention,indonesia,USDC
903,0.7870085238189644,7176.8471879600565,441,S6_worst_case_no_intervention,indonesia,USDC
904,0.8024965116685803,6997.426008261055,441,S6_worst_case_no_intervention,indonesia,USDC
905,0.8227193462887974,6822.490358054529,441,S6_worst_case_no_intervention,indonesia,USDC
906,0.8156335813915906,6651.928099103166,441,S6_worst_case_no_intervention,indonesia,USDC
907,0.8204651906182533,6485.629896625586,441,S6_worst_case_no_intervention,indonesia,USDC
908,0.8110785826430823,6323.489149209947,441,S6_worst_case_no_intervention,indonesia,USDC
909,0.8196251382053582,6165.401920479699,441,S6_worst_case_no_intervention,indonesia,USDC
910,0.8188701241640006,6011.266872467706,441,S6_worst_case_no_intervention,indonesia,USDC
911,0.8174306764023328,5860.985200656013,441,S6_worst_case_no_intervention,indonesia,USDC
912,0.8304170106172901,5714.460570639612,441,S6_worst_case_no_intervention,indonesia,USDC
913,0.8243209805155653,5571.599056373622,441,S6_worst_case_no_intervention,indonesia,USDC
914,0.8168306270712338,5432.309079964281,441,S6_worst_case_no_intervention,indonesia,USDC
915,0.7956023514828003,5296.501352965174,441,S6_worst_case_no_intervention,indonesia,USDC
916,0.7829263588271416,5164.088819141045,441,S6_worst_case_no_intervention,indonesia,USDC
917,0.8055371194876381,5034.986598662519,441,S6_worst_case_no_intervention,indonesia,USDC
918,0.822600726368942,4909.111933695956,441,S6_worst_case_no_intervention,indonesia,USDC
919,0.8069559312360964,4786.384135353557,441,S6_worst_case_no_intervention,indonesia,USDC
920,0.8187341195467726,4666.724531969718,441,S6_worst_case_no_intervention,indonesia,USDC
921,0.8319035004925588,4550.056418670475,441,S6_worst_case_no_intervention,indonesia,USDC
922,0.806572033559306,4436.305008203713,441,S6_worst_case_no_intervention,indonesia,USDC
923,0.7976802068119558,4325.397382998621,441,S6_worst_case_no_intervention,indonesia,USDC
924,0.7791662149312603,4217.262448423655,441,S6_worst_case_no_intervention,indonesia,USDC
925,0.7765608582737331,4111.830887213064,441,S6_worst_case_no_intervention,indonesia,USDC
926,0.759101423507494,4009.035115032737,441,S6_worst_case_no_intervention,indonesia,USDC
927,0.7852469302532041,3908.8092371569182,441,S6_worst_case_no_intervention,indonesia,USDC
928,0.7740650309349132,3811.0890062279955,441,S6_worst_case_no_intervention,indonesia,USDC
929,0.7490221747508707,3715.811781072296,441,S6_worst_case_no_intervention,indonesia,USDC
930,0.7632917188147327,3622.9164865454886,441,S6_worst_case_no_intervention,indonesia,USDC
931,0.7564732213370483,3532.3435743818513,441,S6_worst_case_no_intervention,indonesia,USDC
932,0.7541416774403166,3444.0349850223047,441,S6_worst_case_no_intervention,indonesia,USDC
933,0.7642690620780993,3357.934110396747,441,S6_worst_case_no_intervention,indonesia,USDC
934,0.7741525486692525,3273.9857576368286,441,S6_worst_case_no_intervention,indonesia,USDC
935,0.7934105037013863,3192.1361136959076,441,S6_worst_case_no_intervention,indonesia,USDC
936,0.7915297656984774,3112.3327108535104,441,S6_worst_case_no_intervention,indonesia,USDC
937,0.8011784770962299,3034.5243930821725,441,S6_worst_case_no_intervention,indonesia,USDC
938,0.8215139883968946,2958.661283255118,441,S6_worst_case_no_intervention,indonesia,USDC
939,0.8418478152250819,2884.6947511737403,441,S6_worst_case_no_intervention,indonesia,USDC
940,0.8312723277989167,2812.577382394397,441,S6_worst_case_no_intervention,indonesia,USDC
941,0.8104921475763495,2742.262947834537,441,S6_worst_case_no_intervention,indonesia,USDC
942,0.7969069618372896,2673.7063741386737,441,S6_worst_case_no_intervention,indonesia,USDC
943,0.8128490528559384,2606.863714785207,441,S6_worst_case_no_intervention,indonesia,USDC
944,0.82127892432603,2541.6921219155765,441,S6_worst_case_no_intervention,indonesia,USDC
945,0.8053647411378072,2478.149818867687,441,S6_worst_case_no_intervention,indonesia,USDC
946,0.8210831747776783,2416.196073395995,441,S6_worst_case_no_intervention,indonesia,USDC
947,0.8201095641410027,2355.791171561095,441,S6_worst_case_no_intervention,indonesia,USDC
948,0.8053445110157486,2296.8963922720677,441,S6_worst_case_no_intervention,indonesia,USDC
949,0.7902793340869406,2239.473982465266,441,S6_worst_case_no_intervention,indonesia,USDC
950,0.7785668930114936,2183.487132903634,441,S6_worst_case_no_intervention,indonesia,USDC
951,0.7934900392087898,2128.8999545810434,441,S6_worst_case_no_intervention,indonesia,USDC
952,0.8208939317024567,2075.677455716517,441,S6_worst_case_no_intervention,indonesia,USDC
953,0.8473430909361759,2023.7855193236041,441,S6_worst_case_no_intervention,indonesia,USDC
954,0.8299201974074513,1973.1908813405141,441,S6_worst_case_no_intervention,indonesia,USDC
955,0.8399847079971678,1923.8611093070012,441,S6_worst_case_no_intervention,indonesia,USDC
956,0.8087776223892168,1875.7645815743263,441,S6_worst_case_no_intervention,indonesia,USDC
957,0.7897329470261122,1828.870467034968,441,S6_worst_case_no_intervention,indonesia,USDC
958,0.7748437753820424,1783.148705359094,441,S6_worst_case_no_intervention,indonesia,USDC
959,0.7920848680913337,1738.5699877251168,441,S6_worst_case_no_intervention,indonesia,USDC
960,0.7859827935303672,1695.105738031989,441,S6_worst_case_no_intervention,indonesia,USDC
961,0.7735491140346958,1652.728094581189,441,S6_worst_case_no_intervention,indonesia,USDC
962,0.7875838702657515,1611.4098922166595,441,S6_worst_case_no_intervention,indonesia,USDC
963,0.7926497016360916,1571.1246449112427,441,S6_worst_case_no_intervention,indonesia,USDC
964,0.7826258237873558,1531.8465287884617,441,S6_worst_case_no_intervention,indonesia,USDC
965,0.8117239801602858,1493.5503655687503,441,S6_worst_case_no_intervention,indonesia,USDC
966,0.7986527891268318,1456.2116064295315,441,S6_worst_case_no_intervention,indonesia,USDC
967,0.7886907101295128,1419.8063162687931,441,S6_worst_case_no_intervention,indonesia,USDC
968,0.7908660951107959,1384.3111583620735,441,S6_worst_case_no_intervention,indonesia,USDC
969,0.7883980391520622,1349.7033794030215,441,S6_worst_case_no_intervention,indonesia,USDC
970,0.8182898749359038,1315.9607949179458,441,S6_worst_case_no_intervention,indonesia,USDC
971,0.7941634619101361,1283.0617750449974,441,S6_worst_case_no_intervention,indonesia,USDC
972,0.7921543749810686,1250.9852306688724,441,S6_worst_case_no_intervention,indonesia,USDC
973,0.7955791774611906,1219.7105999021505,441,S6_worst_case_no_intervention,indonesia,USDC
974,0.7802433338010855,1189.2178349045967,441,S6_worst_case_no_intervention,indonesia,USDC
975,0.7701497759182445,1159.4873890319818,441,S6_worst_case_no_intervention,indonesia,USDC
976,0.7453578948360634,1130.5002043061822,441,S6_worst_case_no_intervention,indonesia,USDC
977,0.7680710118846209,1102.2376991985277,441,S6_worst_case_no_intervention,indonesia,USDC
978,0.7823506039730392,1074.6817567185644,441,S6_worst_case_no_intervention,indonesia,USDC
979,0.7755988207243846,1047.8147128006003,441,S6_worst_case_no_intervention,indonesia,USDC
980,0.7774175142936043,1021.6193449805855,441,S6_worst_case_no_intervention,indonesia,USDC
981,0.7739512468950142,996.0788613560708,441,S6_worst_case_no_intervention,indonesia,USDC
982,0.7649524011237775,971.1768898221692,441,S6_worst_case_no_intervention,indonesia,USDC
983,0.7627117002544457,946.8974675766149,441,S6_worst_case_no_intervention,indonesia,USDC
984,0.7563614029456838,923.2250308871995,441,S6_worst_case_no_intervention,indonesia,USDC
985,0.7502058075580179,900.1444051150195,441,S6_worst_case_no_intervention,indonesia,USDC
986,0.7733480584872859,877.640794987144,441,S6_worst_case_no_intervention,indonesia,USDC
987,0.7634017100168449,855.6997751124653,441,S6_worst_case_no_intervention,indonesia,USDC
988,0.7882239016501524,834.3072807346537,441,S6_worst_case_no_intervention,indonesia,USDC
989,0.7896097434932067,813.4495987162874,441,S6_worst_case_no_intervention,indonesia,USDC
990,0.7861048285176824,793.1133587483802,441,S6_worst_case_no_intervention,indonesia,USDC
991,0.7682881992024572,773.2855247796708,441,S6_worst_case_no_intervention,indonesia,USDC
992,0.7707797061599334,753.9533866601789,441,S6_worst_case_no_intervention,indonesia,USDC
993,0.7634739472016077,735.1045519936745,441,S6_worst_case_no_intervention,indonesia,USDC
994,0.7594234597408509,716.7269381938326,441,S6_worst_case_no_intervention,indonesia,USDC
995,0.7434708244009814,698.8087647389868,441,S6_worst_case_no_intervention,indonesia,USDC
996,0.7751127431928511,681.3385456205121,441,S6_worst_case_no_intervention,indonesia,USDC
997,0.7628792538237255,664.3050819799993,441,S6_worst_case_no_intervention,indonesia,USDC
998,0.7764380039430722,647.6974549304994,441,S6_worst_case_no_intervention,indonesia,USDC
999,0.7693158497591758,631.5050185572368,441,S6_worst_case_no_intervention,indonesia,USDC
1000,0.7474140324365189,615.7173930933059,441,S6_worst_case_no_intervention,indonesia,USDC
