Step,price,liquidity,iteration,scenario,region,coin
1,0.9896470131343653,2989420044441.0293,168,S3_twin_shock,indonesia,USDC
2,0.9785816709420124,2989420044441.0293,168,S3_twin_shock,indonesia,USDC
3,0.9597274650616026,2989420044441.0293,168,S3_twin_shock,indonesia,USDC
4,0.9754903107845768,2988795009428.0713,168,S3_twin_shock,indonesia,USDC
5,0.9634380417037421,2988795009428.0713,168,S3_twin_shock,indonesia,USDC
6,0.9371145986195769,2988402854532.8555,168,S3_twin_shock,indonesia,USDC
7,0.9690200607479119,2986452843552.703,168,S3_twin_shock,indonesia,USDC
8,0.997241862424198,2986411489000.9062,168,S3_twin_shock,indonesia,USDC
9,0.9938678322845326,2986411489000.9062,168,S3_twin_shock,indonesia,USDC
10,0.9650817053716378,2986411489000.9062,168,S3_twin_shock,indonesia,USDC
11,0.9649358634516446,2986141122327.2886,168,S3_twin_shock,indonesia,USDC
12,0.967819848036602,2985844995230.808,168,S3_twin_shock,indonesia,USDC
13,0.9465926307748904,2985735747804.424,168,S3_twin_shock,indonesia,USDC
14,0.9397243184539824,2984406341349.33,168,S3_twin_shock,indonesia,USDC
15,0.9452646511533508,2982723565316.274,168,S3_twin_shock,indonesia,USDC
16,0.9597794752146525,2981379481891.1387,168,S3_twin_shock,indonesia,USDC
17,0.9588053055691443,2980865498372.5312,168,S3_twin_shock,indonesia,USDC
18,0.9458958922353716,2980294869953.917,168,S3_twin_shock,indonesia,USDC
19,0.9588001008952363,2979061279055.2695,168,S3_twin_shock,indonesia,USDC
20,0.9988252022344336,2978488107076.8,168,S3_twin_shock,indonesia,USDC
21,0.9928306495253223,2978488107076.8,168,S3_twin_shock,indonesia,USDC
22,1.0034672473567252,2978488107076.8,168,S3_twin_shock,indonesia,USDC
23,0.9956627037061127,2978488107076.8,168,S3_twin_shock,indonesia,USDC
24,1.0460313654838584,2978488107076.8,168,S3_twin_shock,indonesia,USDC
25,1.0178840361793353,2978488107076.8,168,S3_twin_shock,indonesia,USDC
26,1.018026330872177,2978488107076.8,168,S3_twin_shock,indonesia,USDC
27,1.002315445532305,2978488107076.8,168,S3_twin_shock,indonesia,USDC
28,1.0058053569670968,2978488107076.8,168,S3_twin_shock,indonesia,USDC
29,0.9936675917431659,2978488107076.8,168,S3_twin_shock,indonesia,USDC
30,0.9768632544316155,2978488107076.8,168,S3_twin_shock,indonesia,USDC
31,0.979825188645176,2978488107076.8,168,S3_twin_shock,indonesia,USDC
32,0.9755053067894408,2978488107076.8,168,S3_twin_shock,indonesia,USDC
33,0.9745737896968386,2978488107076.8,168,S3_twin_shock,indonesia,USDC
34,0.9916061754006547,2978488107076.8,168,S3_twin_shock,indonesia,USDC
35,0.97599952483086,2978488107076.8,168,S3_twin_shock,indonesia,USDC
36,0.9914911186506652,2978488107076.8,168,S3_twin_shock,indonesia,USDC
37,0.9888077923476836,2978488107076.8,168,S3_twin_shock,indonesia,USDC
38,0.9879132300682787,2978488107076.8,168,S3_twin_shock,indonesia,USDC
39,1.0144443833233787,2978488107076.8,168,S3_twin_shock,indonesia,USDC
40,0.8887215923727488,2978488107076.8,168,S3_twin_shock,indonesia,USDC
41,0.882238075098692,2974376587492.893,168,S3_twin_shock,indonesia,USDC
42,0.8929075387469804,2970309089807.1816,168,S3_twin_shock,indonesia,USDC
43,0.9167479812955024,2967088548646.29,168,S3_twin_shock,indonesia,USDC
44,0.8988625549716693,2965064609368.9365,168,S3_twin_shock,indonesia,USDC
45,0.9280814674195912,2962450523515.207,168,S3_twin_shock,indonesia,USDC
46,0.936766533614441,2961023111955.189,168,S3_twin_shock,indonesia,USDC
47,0.9566562521078261,2959988086234.9326,168,S3_twin_shock,indonesia,USDC
48,0.958892865534084,2959578475676.7964,168,S3_twin_shock,indonesia,USDC
49,0.9569602409025038,2959253952926.3926,168,S3_twin_shock,indonesia,USDC
50,0.9616286302615787,2958874904502.301,168,S3_twin_shock,indonesia,USDC
51,0.9698017646586,2958630615898.883,168,S3_twin_shock,indonesia,USDC
52,0.9546619830096704,2958626631251.174,168,S3_twin_shock,indonesia,USDC
53,0.9720570787263285,2958176779572.5938,168,S3_twin_shock,indonesia,USDC
54,0.9800722012942975,2958176779572.5938,168,S3_twin_shock,indonesia,USDC
55,0.9727003098656701,2958176779572.5938,168,S3_twin_shock,indonesia,USDC
56,0.9071149734500001,2958176779572.5938,168,S3_twin_shock,indonesia,USDC
57,0.899115432383789,2956337204774.2617,168,S3_twin_shock,indonesia,USDC
58,0.9090131752574333,2954422747653.811,168,S3_twin_shock,indonesia,USDC
59,0.9111716453212143,2952896979014.6323,168,S3_twin_shock,indonesia,USDC
60,0.926850364069131,2951473154856.007,168,S3_twin_shock,indonesia,USDC
61,0.9009885845432202,2950545911795.334,168,S3_twin_shock,indonesia,USDC
62,0.8598085712143387,2949115166772.125,168,S3_twin_shock,indonesia,USDC
63,0.8713310138748405,2946877812473.391,168,S3_twin_shock,indonesia,USDC
64,0.8777392409656529,2945101997760.235,168,S3_twin_shock,indonesia,USDC
65,0.8648425843146523,2943663183919.724,168,S3_twin_shock,indonesia,USDC
66,0.8937610409559922,2942203455265.5283,168,S3_twin_shock,indonesia,USDC
67,0.9031794846383192,2941262259937.883,168,S3_twin_shock,indonesia,USDC
68,0.9317554884622498,2940465360711.927,168,S3_twin_shock,indonesia,USDC
69,0.9562736612552046,2940042900665.807,168,S3_twin_shock,indonesia,USDC
70,0.9755043095977691,2939916521292.1035,168,S3_twin_shock,indonesia,USDC
71,0.9867806832425301,2939916521292.1035,168,S3_twin_shock,indonesia,USDC
72,0.9592940197323356,2939916521292.1035,168,S3_twin_shock,indonesia,USDC
73,0.9812916520717987,2939807970984.6543,168,S3_twin_shock,indonesia,USDC
74,0.9999939559549141,2939807970984.6543,168,S3_twin_shock,indonesia,USDC
75,1.0051827095297168,2939807970984.6543,168,S3_twin_shock,indonesia,USDC
76,0.9929190374504728,2939807970984.6543,168,S3_twin_shock,indonesia,USDC
77,1.0190846671175355,2939807970984.6543,168,S3_twin_shock,indonesia,USDC
78,1.018884478091978,2939807970984.6543,168,S3_twin_shock,indonesia,USDC
79,1.0309527169163644,2939807970984.6543,168,S3_twin_shock,indonesia,USDC
80,1.0693626146940367,2939807970984.6543,168,S3_twin_shock,indonesia,USDC
81,1.0651533799732238,2939807970984.6543,168,S3_twin_shock,indonesia,USDC
82,1.056643703185117,2939807970984.6543,168,S3_twin_shock,indonesia,USDC
83,1.0539507785348678,2939807970984.6543,168,S3_twin_shock,indonesia,USDC
84,1.0327294262201667,2939807970984.6543,168,S3_twin_shock,indonesia,USDC
85,1.0246350306967156,2939807970984.6543,168,S3_twin_shock,indonesia,USDC
86,1.0248618202251325,2939807970984.6543,168,S3_twin_shock,indonesia,USDC
87,1.0189699977841897,2939807970984.6543,168,S3_twin_shock,indonesia,USDC
88,1.0078448623732672,2939807970984.6543,168,S3_twin_shock,indonesia,USDC
89,1.0127851651774833,2939807970984.6543,168,S3_twin_shock,indonesia,USDC
90,0.9844733902261219,2939807970984.6543,168,S3_twin_shock,indonesia,USDC
91,0.9764059067360977,2939807970984.6543,168,S3_twin_shock,indonesia,USDC
92,0.9753182681063534,2939807970984.6543,168,S3_twin_shock,indonesia,USDC
93,0.9734074642956986,2939807970984.6543,168,S3_twin_shock,indonesia,USDC
94,0.9691671848748608,2939807970984.6543,168,S3_twin_shock,indonesia,USDC
95,0.9621013475201462,2939807970984.6543,168,S3_twin_shock,indonesia,USDC
96,0.9607677509835447,2939743675932.23,168,S3_twin_shock,indonesia,USDC
97,0.9338457937161639,2939652429717.914,168,S3_twin_shock,indonesia,USDC
98,0.9176302559035883,2939294353481.7437,168,S3_twin_shock,indonesia,USDC
99,0.916153194886987,2938761245195.5674,168,S3_twin_shock,indonesia,USDC
100,0.9328651370909115,2938283067541.3486,168,S3_twin_shock,indonesia,USDC
101,0.7883890300748225,2937943761203.4204,168,S3_twin_shock,indonesia,USDC
102,0.8135291954641515,2936410066814.4146,168,S3_twin_shock,indonesia,USDC
103,0.8751613311704812,2935327639002.401,168,S3_twin_shock,indonesia,USDC
104,0.8614512740622771,2934762770459.3604,168,S3_twin_shock,indonesia,USDC
105,0.8806919849165673,2934164887879.6445,168,S3_twin_shock,indonesia,USDC
106,0.9099498012425054,2933757209882.9873,168,S3_twin_shock,indonesia,USDC
107,0.8894739715292904,2933508839247.5967,168,S3_twin_shock,indonesia,USDC
108,0.9050847122605006,2933192696469.819,168,S3_twin_shock,indonesia,USDC
109,0.9242697532587539,2932946470075.3193,168,S3_twin_shock,indonesia,USDC
110,0.908403714681623,2932784896109.259,168,S3_twin_shock,indonesia,USDC
111,0.9274690052068306,2932587110575.509,168,S3_twin_shock,indonesia,USDC
112,0.9180349231758291,2932448246170.0703,168,S3_twin_shock,indonesia,USDC
113,0.9268717977253992,2932298812772.008,168,S3_twin_shock,indonesia,USDC
114,0.9777954309695426,2932174514307.1304,168,S3_twin_shock,indonesia,USDC
115,1.003118826045828,2932174514307.1304,168,S3_twin_shock,indonesia,USDC
116,1.0056709475599475,2932174514307.1304,168,S3_twin_shock,indonesia,USDC
117,0.9890985541924269,2932174514307.1304,168,S3_twin_shock,indonesia,USDC
118,1.0205094612698793,2932174514307.1304,168,S3_twin_shock,indonesia,USDC
119,1.0273945324367697,2932174514307.1304,168,S3_twin_shock,indonesia,USDC
120,1.0416202177693972,2932174514307.1304,168,S3_twin_shock,indonesia,USDC
121,1.007990986203627,2858870151449.452,168,S3_twin_shock,indonesia,USDC
122,0.9824068786711097,2787398397663.216,168,S3_twin_shock,indonesia,USDC
123,0.9641958526931294,2717713437721.6357,168,S3_twin_shock,indonesia,USDC
124,0.9667151952502411,2649756191838.6494,168,S3_twin_shock,indonesia,USDC
125,0.9510792346323653,2583503241306.1187,168,S3_twin_shock,indonesia,USDC
126,0.9126729897340755,2518870445598.214,168,S3_twin_shock,indonesia,USDC
127,0.9248716512018003,2455751853590.088,168,S3_twin_shock,indonesia,USDC
128,0.9084481611344359,2394243137821.748,168,S3_twin_shock,indonesia,USDC
129,0.9002551779107512,2334245125236.866,168,S3_twin_shock,indonesia,USDC
130,0.8907308155364582,2275733669537.4214,168,S3_twin_shock,indonesia,USDC
131,0.802396095142658,2218672152441.3315,168,S3_twin_shock,indonesia,USDC
132,0.7717308412001264,2162898071883.713,168,S3_twin_shock,indonesia,USDC
133,0.7724107805788458,2108502160580.271,168,S3_twin_shock,indonesia,USDC
134,0.7574815528742936,2055543157409.6453,168,S3_twin_shock,indonesia,USDC
135,0.7603124637761204,2003941119318.2258,168,S3_twin_shock,indonesia,USDC
136,0.7530686274971548,1953673144418.558,168,S3_twin_shock,indonesia,USDC
137,0.7692870469789375,1904690498514.8188,168,S3_twin_shock,indonesia,USDC
138,0.7621089992493532,1856975935952.5332,168,S3_twin_shock,indonesia,USDC
139,0.7773200597804526,1810467622130.349,168,S3_twin_shock,indonesia,USDC
140,0.7766469140430562,1765148356039.1265,168,S3_twin_shock,indonesia,USDC
141,0.7832444049267465,1720971720500.3164,168,S3_twin_shock,indonesia,USDC
142,0.8057902905870634,1677910022987.8767,168,S3_twin_shock,indonesia,USDC
143,0.8250875149897267,1635936036305.5889,168,S3_twin_shock,indonesia,USDC
144,0.8262578337331293,1595017356314.003,168,S3_twin_shock,indonesia,USDC
145,0.8147349634217157,1555125114899.5034,168,S3_twin_shock,indonesia,USDC
146,0.8200760601151939,1516230756751.2065,168,S3_twin_shock,indonesia,USDC
147,0.8264510920640757,1478312079991.699,168,S3_twin_shock,indonesia,USDC
148,0.8165410565508907,1441344230955.463,168,S3_twin_shock,indonesia,USDC
149,0.8061820777796626,1405301167037.2383,168,S3_twin_shock,indonesia,USDC
150,0.7900890898463913,1370159901561.5415,168,S3_twin_shock,indonesia,USDC
151,0.8006011460953643,1335898216208.8784,168,S3_twin_shock,indonesia,USDC
152,0.8014075587994515,1302494416323.6116,168,S3_twin_shock,indonesia,USDC
153,0.7931521447910725,1269927151297.2935,168,S3_twin_shock,indonesia,USDC
154,0.7656835512952825,1238174399954.1257,168,S3_twin_shock,indonesia,USDC
155,0.7587147871084511,1207215886078.8137,168,S3_twin_shock,indonesia,USDC
156,0.7623567562547703,1177032130146.3457,168,S3_twin_shock,indonesia,USDC
157,0.7713808981428338,1147603597233.0562,168,S3_twin_shock,indonesia,USDC
158,0.7823842033713064,1118911446878.813,168,S3_twin_shock,indonesia,USDC
159,0.7932807346757199,1090937073724.0486,168,S3_twin_shock,indonesia,USDC
160,0.7757814933216813,1063662511710.9751,168,S3_twin_shock,indonesia,USDC
161,0.7676231378399933,1037069914496.9004,168,S3_twin_shock,indonesia,USDC
162,0.7444598336437508,1011142273363.0006,168,S3_twin_shock,indonesia,USDC
163,0.7953228867352569,985862905411.3823,168,S3_twin_shock,indonesia,USDC
164,0.7877815991488349,961215857907.0044,168,S3_twin_shock,indonesia,USDC
165,0.7994554418859183,937185051787.2416,168,S3_twin_shock,indonesia,USDC
166,0.7909637655683045,913755117792.5039,168,S3_twin_shock,indonesia,USDC
167,0.7920738131284946,890910964405.3384,168,S3_twin_shock,indonesia,USDC
168,0.7901245733251319,868637956188.8986,168,S3_twin_shock,indonesia,USDC
169,0.7730036151283375,846921814025.5002,168,S3_twin_shock,indonesia,USDC
170,0.7619014035371362,825748602812.9055,168,S3_twin_shock,indonesia,USDC
171,0.7381197598834176,805104741204.6663,168,S3_twin_shock,indonesia,USDC
172,0.7427119524574363,784976996824.5446,168,S3_twin_shock,indonesia,USDC
173,0.74671098363188,765352481124.8655,168,S3_twin_shock,indonesia,USDC
174,0.7495172503971885,746218596864.0442,168,S3_twin_shock,indonesia,USDC
175,0.757066330672249,727563075651.0444,168,S3_twin_shock,indonesia,USDC
176,0.7497038183724336,709373958348.3136,168,S3_twin_shock,indonesia,USDC
177,0.7546214250036718,691639575107.9731,168,S3_twin_shock,indonesia,USDC
178,0.7604031947455973,674348560813.5441,168,S3_twin_shock,indonesia,USDC
179,0.7814925920329002,657489828101.2372,168,S3_twin_shock,indonesia,USDC
180,0.7607532003255332,641052568200.9333,168,S3_twin_shock,indonesia,USDC
181,0.7665715513775708,625026241547.9922,168,S3_twin_shock,indonesia,USDC
182,0.7896047409346698,609400575775.8502,168,S3_twin_shock,indonesia,USDC
183,0.7794246697767928,594165554689.653,168,S3_twin_shock,indonesia,USDC
184,0.7827755572718351,579311410154.23,168,S3_twin_shock,indonesia,USDC
185,0.7784837560310541,564828620385.7434,168,S3_twin_shock,indonesia,USDC
186,0.7762918761157039,550707901042.7606,168,S3_twin_shock,indonesia,USDC
187,0.7661458829318443,536940200390.47437,168,S3_twin_shock,indonesia,USDC
188,0.7838995755826849,523516692732.2412,168,S3_twin_shock,indonesia,USDC
189,0.7959402999179239,510428773571.43365,168,S3_twin_shock,indonesia,USDC
190,0.8105446741218165,497668052792.5823,168,S3_twin_shock,indonesia,USDC
191,0.8093564064735478,485226350380.50195,168,S3_twin_shock,indonesia,USDC
192,0.8068624443521254,473095690676.05023,168,S3_twin_shock,indonesia,USDC
193,0.8005276690549044,461268297604.6815,168,S3_twin_shock,indonesia,USDC
194,0.779519019577247,449736589467.3977,168,S3_twin_shock,indonesia,USDC
195,0.7734118376434954,438493174080.8478,168,S3_twin_shock,indonesia,USDC
196,0.7591268691691166,427530844187.34033,168,S3_twin_shock,indonesia,USDC
197,0.7788386814067039,416842572625.93713,168,S3_twin_shock,indonesia,USDC
198,0.7785669346734697,406421507970.0343,168,S3_twin_shock,indonesia,USDC
199,0.7831320775802065,396260970007.6026,168,S3_twin_shock,indonesia,USDC
200,0.7724379947858806,386354445545.3081,168,S3_twin_shock,indonesia,USDC
201,0.7970139203519023,376695584221.131,168,S3_twin_shock,indonesia,USDC
202,0.8095290744596556,367278194491.26965,168,S3_twin_shock,indonesia,USDC
203,0.7829661588647248,358096239533.53644,168,S3_twin_shock,indonesia,USDC
204,0.7642559232744185,349143833453.3533,168,S3_twin_shock,indonesia,USDC
205,0.7689599995750124,340415237534.27344,168,S3_twin_shock,indonesia,USDC
206,0.7753597833028332,331904856531.24146,168,S3_twin_shock,indonesia,USDC
207,0.7820986636066046,323607235064.50446,168,S3_twin_shock,indonesia,USDC
208,0.8000431547871191,315517054149.0335,168,S3_twin_shock,indonesia,USDC
209,0.7936868112166199,307629127765.9808,168,S3_twin_shock,indonesia,USDC
210,0.7810863193729409,299938399546.04565,168,S3_twin_shock,indonesia,USDC
211,0.7952234387947289,292439939535.1356,168,S3_twin_shock,indonesia,USDC
212,0.8027458809028886,285128941029.67365,168,S3_twin_shock,indonesia,USDC
213,0.8211461200902691,278000717491.01086,168,S3_twin_shock,indonesia,USDC
214,0.8229558706240281,271050699544.1134,168,S3_twin_shock,indonesia,USDC
215,0.8261874188940582,264274432047.201,168,S3_twin_shock,indonesia,USDC
216,0.8271021581304104,257667571239.22607,168,S3_twin_shock,indonesia,USDC
217,0.8397656837499514,251225881952.18628,168,S3_twin_shock,indonesia,USDC
218,0.864182710957175,244945234898.66074,168,S3_twin_shock,indonesia,USDC
219,0.9064595166741075,238821604022.93976,168,S3_twin_shock,indonesia,USDC
220,0.9063762070889201,232851063920.53546,168,S3_twin_shock,indonesia,USDC
221,0.8970474513904848,227029787320.93497,168,S3_twin_shock,indonesia,USDC
222,0.8909329062677958,221354042636.0666,168,S3_twin_shock,indonesia,USDC
223,0.8784894528854901,215820191568.31573,168,S3_twin_shock,indonesia,USDC
224,0.843924174947778,210424686777.27255,168,S3_twin_shock,indonesia,USDC
225,0.8607110411191515,205164069605.52386,168,S3_twin_shock,indonesia,USDC
226,0.8239442067645367,200034967863.5881,168,S3_twin_shock,indonesia,USDC
227,0.8316218246136868,195034093664.75677,168,S3_twin_shock,indonesia,USDC
228,0.7988972464870482,190158241321.4436,168,S3_twin_shock,indonesia,USDC
229,0.8034161745121619,185404285286.4757,168,S3_twin_shock,indonesia,USDC
230,0.8106444406126878,180769178152.7648,168,S3_twin_shock,indonesia,USDC
231,0.7990022645597711,176249948697.7438,168,S3_twin_shock,indonesia,USDC
232,0.8018298756985284,171843699979.21796,168,S3_twin_shock,indonesia,USDC
233,0.7942399956717986,167547607478.8725,168,S3_twin_shock,indonesia,USDC
234,0.7856495658106873,163358917291.14923,168,S3_twin_shock,indonesia,USDC
235,0.7905769777987032,159274944358.20413,168,S3_twin_shock,indonesia,USDC
236,0.8142950247832375,155293070748.73267,168,S3_twin_shock,indonesia,USDC
237,0.8388810312456718,151410743979.64636,168,S3_twin_shock,indonesia,USDC
238,0.8124344092571403,147625475379.89307,168,S3_twin_shock,indonesia,USDC
239,0.7807854534905412,143934838495.12726,168,S3_twin_shock,indonesia,USDC
240,0.7835340944264679,140336467532.45868,168,S3_twin_shock,indonesia,USDC
241,0.7861826263649259,136828055843.93025,168,S3_twin_shock,indonesia,USDC
242,0.8096597745019244,133407354447.64981,168,S3_twin_shock,indonesia,USDC
243,0.8254210070233029,130072170586.3343,168,S3_twin_shock,indonesia,USDC
244,0.8277614868822808,126820366321.57751,168,S3_twin_shock,indonesia,USDC
245,0.8241986978673018,123649857163.45866,168,S3_twin_shock,indonesia,USDC
246,0.804895909525371,120558610734.30049,168,S3_twin_shock,indonesia,USDC
247,0.790270660134651,117544645465.87057,168,S3_twin_shock,indonesia,USDC
248,0.812995027425297,114606029329.15842,168,S3_twin_shock,indonesia,USDC
249,0.8109054038987361,111740878595.8838,168,S3_twin_shock,indonesia,USDC
250,0.8073937068989465,108947356630.94939,168,S3_twin_shock,indonesia,USDC
251,0.8044803478575098,106223672715.14207,168,S3_twin_shock,indonesia,USDC
252,0.8246292251451843,103568080897.23495,168,S3_twin_shock,indonesia,USDC
253,0.7998027589067676,100978878874.78271,168,S3_twin_shock,indonesia,USDC
254,0.783196471723105,98454406902.89276,168,S3_twin_shock,indonesia,USDC
255,0.8058336736342839,95993046730.30217,168,S3_twin_shock,indonesia,USDC
256,0.8276342028239099,93593220562.03067,168,S3_twin_shock,indonesia,USDC
257,0.8098075517135898,91253390047.97046,168,S3_twin_shock,indonesia,USDC
258,0.8172975531135879,88972055296.76183,168,S3_twin_shock,indonesia,USDC
259,0.8209471138998437,86747753914.33496,168,S3_twin_shock,indonesia,USDC
260,0.8286804405513999,84579060066.47015,168,S3_twin_shock,indonesia,USDC
261,0.8246632068102475,82464583564.80345,168,S3_twin_shock,indonesia,USDC
262,0.8253695189605021,80402968975.6788,168,S3_twin_shock,indonesia,USDC
263,0.8097980327334308,78392894751.28297,168,S3_twin_shock,indonesia,USDC
264,0.7855634763017955,76433072382.49739,168,S3_twin_shock,indonesia,USDC
265,0.7917053934607239,74522245572.93149,168,S3_twin_shock,indonesia,USDC
266,0.7624031447947391,72659189433.60548,168,S3_twin_shock,indonesia,USDC
267,0.7531258708250308,70842709697.76274,168,S3_twin_shock,indonesia,USDC
268,0.7776218188323643,69071641955.31662,168,S3_twin_shock,indonesia,USDC
269,0.8038200053024094,67344850906.43227,168,S3_twin_shock,indonesia,USDC
270,0.7785535455381408,65661229633.770386,168,S3_twin_shock,indonesia,USDC
271,0.7503314849694606,64019698892.92514,168,S3_twin_shock,indonesia,USDC
272,0.741944916746118,62419206420.601105,168,S3_twin_shock,indonesia,USDC
273,0.7559197041110303,60858726260.08534,168,S3_twin_shock,indonesia,USDC
274,0.7693646596425959,59337258103.58264,168,S3_twin_shock,indonesia,USDC
275,0.748763384967226,57853826650.99267,168,S3_twin_shock,indonesia,USDC
276,0.7243888630229514,56407480984.7175,168,S3_twin_shock,indonesia,USDC
277,0.736779652548262,54997293960.09926,168,S3_twin_shock,indonesia,USDC
278,0.7700719442059959,53622361611.09656,168,S3_twin_shock,indonesia,USDC
279,0.7859737688937075,52281802570.819,168,S3_twin_shock,indonesia,USDC
280,0.7780599814458072,50974757506.548416,168,S3_twin_shock,indonesia,USDC
281,0.800334305894924,49700388568.88461,168,S3_twin_shock,indonesia,USDC
282,0.8208429412513212,48457878854.66244,168,S3_twin_shock,indonesia,USDC
283,0.8379908320524808,47246431883.29583,168,S3_twin_shock,indonesia,USDC
284,0.8200419098251953,46065271086.213394,168,S3_twin_shock,indonesia,USDC
285,0.8223749614286661,44913639309.05803,168,S3_twin_shock,indonesia,USDC
286,0.8122134197273155,43790798326.33154,168,S3_twin_shock,indonesia,USDC
287,0.8262433385531163,42696028368.17323,168,S3_twin_shock,indonesia,USDC
288,0.83208001880234,41628627658.96888,168,S3_twin_shock,indonesia,USDC
289,0.8437018738799524,40587911967.49464,168,S3_twin_shock,indonesia,USDC
290,0.8404141198963486,39573214168.30726,168,S3_twin_shock,indonesia,USDC
291,0.8357394968147386,38583883814.09956,168,S3_twin_shock,indonesia,USDC
292,0.8566698606708286,37619286718.74707,168,S3_twin_shock,indonesia,USDC
293,0.8408648955291573,36678804550.77838,168,S3_twin_shock,indonesia,USDC
294,0.8062367537742395,35761834437.00891,168,S3_twin_shock,indonesia,USDC
295,0.8132450945365227,34867788576.08369,168,S3_twin_shock,indonesia,USDC
296,0.7942575721039501,33996093861.681587,168,S3_twin_shock,indonesia,USDC
297,0.7942539632734543,33146191515.13954,168,S3_twin_shock,indonesia,USDC
298,0.7652104807168911,32317536727.26105,168,S3_twin_shock,indonesia,USDC
299,0.7726652317091754,31509598309.079517,168,S3_twin_shock,indonesia,USDC
300,0.7567347642159776,30721858351.352524,168,S3_twin_shock,indonesia,USDC
301,0.768178831285604,29953811892.568703,168,S3_twin_shock,indonesia,USDC
302,0.7439339315815534,29204966595.254486,168,S3_twin_shock,indonesia,USDC
303,0.7318552787193513,28474842430.37312,168,S3_twin_shock,indonesia,USDC
304,0.747801478479855,27762971369.613792,168,S3_twin_shock,indonesia,USDC
305,0.7490329275656787,27068897085.373444,168,S3_twin_shock,indonesia,USDC
306,0.7240980391156985,26392174658.239105,168,S3_twin_shock,indonesia,USDC
307,0.7301925674990926,25732370291.78313,168,S3_twin_shock,indonesia,USDC
308,0.7484342086247359,25089061034.488552,168,S3_twin_shock,indonesia,USDC
309,0.7516079431419938,24461834508.626335,168,S3_twin_shock,indonesia,USDC
310,0.7734411368589963,23850288645.91068,168,S3_twin_shock,indonesia,USDC
311,0.7601565236480942,23254031429.762913,168,S3_twin_shock,indonesia,USDC
312,0.7535587224080015,22672680644.01884,168,S3_twin_shock,indonesia,USDC
313,0.7773172901142852,22105863627.91837,168,S3_twin_shock,indonesia,USDC
314,0.7875438978380342,21553217037.220413,168,S3_twin_shock,indonesia,USDC
315,0.8073524014725927,21014386611.2899,168,S3_twin_shock,indonesia,USDC
316,0.8030481500757749,20489026946.007652,168,S3_twin_shock,indonesia,USDC
317,0.8107685507667093,19976801272.35746,168,S3_twin_shock,indonesia,USDC
318,0.6820173678904325,19477381240.548523,168,S3_twin_shock,indonesia,USDC
319,0.6932010593042924,18990446709.534813,168,S3_twin_shock,indonesia,USDC
320,0.6909571657554289,18515685541.79644,168,S3_twin_shock,indonesia,USDC
321,0.7088523761150541,18052793403.251526,168,S3_twin_shock,indonesia,USDC
322,0.7280653370648257,17601473568.170242,168,S3_twin_shock,indonesia,USDC
323,0.7248452044792835,17161436728.965984,168,S3_twin_shock,indonesia,USDC
324,0.7205566341796997,16732400810.741835,168,S3_twin_shock,indonesia,USDC
325,0.7273405371107976,16314090790.47329,168,S3_twin_shock,indonesia,USDC
326,0.7331803321749814,15906238520.711456,168,S3_twin_shock,indonesia,USDC
327,0.7481544219117916,15508582557.693672,168,S3_twin_shock,indonesia,USDC
328,0.7524284947030105,15120867993.751331,168,S3_twin_shock,indonesia,USDC
329,0.7338461952052849,14742846293.907547,168,S3_twin_shock,indonesia,USDC
330,0.7747489173650358,14374275136.559856,168,S3_twin_shock,indonesia,USDC
331,0.7536791475711342,14014918258.145863,168,S3_twin_shock,indonesia,USDC
332,0.7501927813558278,13664545301.692215,168,S3_twin_shock,indonesia,USDC
333,0.7355384486431484,13322931669.14991,168,S3_twin_shock,indonesia,USDC
334,0.7424943330075473,12989858377.421162,168,S3_twin_shock,indonesia,USDC
335,0.757142841049627,12665111917.985632,168,S3_twin_shock,indonesia,USDC
336,0.7961702254311858,12348484120.035992,168,S3_twin_shock,indonesia,USDC
337,0.8091715311049713,12039772017.035091,168,S3_twin_shock,indonesia,USDC
338,0.8203367529021106,11738777716.609213,168,S3_twin_shock,indonesia,USDC
339,0.7984772942485164,11445308273.693983,168,S3_twin_shock,indonesia,USDC
340,0.7869919119145249,11159175566.851635,168,S3_twin_shock,indonesia,USDC
341,0.7716567215995255,10880196177.680344,168,S3_twin_shock,indonesia,USDC
342,0.7769394241016156,10608191273.238335,168,S3_twin_shock,indonesia,USDC
343,0.7655107144364598,10342986491.407375,168,S3_twin_shock,indonesia,USDC
344,0.7546616343823194,10084411829.122192,168,S3_twin_shock,indonesia,USDC
345,0.7808180206725172,9832301533.394136,168,S3_twin_shock,indonesia,USDC
346,0.7904893477360048,9586493995.059284,168,S3_twin_shock,indonesia,USDC
347,0.7642548244663541,9346831645.1828,168,S3_twin_shock,indonesia,USDC
348,0.7672096714612838,9113160854.05323,168,S3_twin_shock,indonesia,USDC
349,0.7649399876768004,8885331832.7019,168,S3_twin_shock,indonesia,USDC
350,0.7654741144281626,8663198536.884354,168,S3_twin_shock,indonesia,USDC
351,0.7536962545271353,8446618573.462244,168,S3_twin_shock,indonesia,USDC
352,0.7573610533069804,8235453109.125687,168,S3_twin_shock,indonesia,USDC
353,0.7654007140994208,8029566781.397545,168,S3_twin_shock,indonesia,USDC
354,0.7766115816487741,7828827611.862606,168,S3_twin_shock,indonesia,USDC
355,0.7778832629545681,7633106921.566042,168,S3_twin_shock,indonesia,USDC
356,0.7754878372070373,7442279248.52689,168,S3_twin_shock,indonesia,USDC
357,0.768450354277284,7256222267.313719,168,S3_twin_shock,indonesia,USDC
358,0.7752337705411451,7074816710.630877,168,S3_twin_shock,indonesia,USDC
359,0.752543462768355,6897946292.865105,168,S3_twin_shock,indonesia,USDC
360,0.7635829083343599,6725497635.543477,168,S3_twin_shock,indonesia,USDC
361,0.7683503322460034,6557360194.65489,168,S3_twin_shock,indonesia,USDC
362,0.7712211937628785,6393426189.788517,168,S3_twin_shock,indonesia,USDC
363,0.7686958900319538,6233590535.043804,168,S3_twin_shock,indonesia,USDC
364,0.7516349870892419,6077750771.667709,168,S3_twin_shock,indonesia,USDC
365,0.7542679678007533,5925807002.376017,168,S3_twin_shock,indonesia,USDC
366,0.7587863568344139,5777661827.316616,168,S3_twin_shock,indonesia,USDC
367,0.7848792696442699,5633220281.633701,168,S3_twin_shock,indonesia,USDC
368,0.7871132487892486,5492389774.592858,168,S3_twin_shock,indonesia,USDC
369,0.7867895796640799,5355080030.228037,168,S3_twin_shock,indonesia,USDC
370,0.7992204026722394,5221203029.472336,168,S3_twin_shock,indonesia,USDC
371,0.8044834549369951,5090672953.735527,168,S3_twin_shock,indonesia,USDC
372,0.8072551610471194,4963406129.892139,168,S3_twin_shock,indonesia,USDC
373,0.790725923910476,4839320976.644835,168,S3_twin_shock,indonesia,USDC
374,0.784976605486618,4718337952.228715,168,S3_twin_shock,indonesia,USDC
375,0.7805751678240742,4600379503.4229965,168,S3_twin_shock,indonesia,USDC
376,0.7820560887836924,4485370015.837421,168,S3_twin_shock,indonesia,USDC
377,0.7846130658511787,4373235765.441486,168,S3_twin_shock,indonesia,USDC
378,0.7788618071688468,4263904871.305449,168,S3_twin_shock,indonesia,USDC
379,0.787831826536385,4157307249.522813,168,S3_twin_shock,indonesia,USDC
380,0.7838180517458481,4053374568.2847424,168,S3_twin_shock,indonesia,USDC
381,0.7819074242587379,3952040204.0776243,168,S3_twin_shock,indonesia,USDC
382,0.7694825587193441,3853239198.975683,168,S3_twin_shock,indonesia,USDC
383,0.7768140674206166,3756908219.0012913,168,S3_twin_shock,indonesia,USDC
384,0.8054732352132056,3662985513.526259,168,S3_twin_shock,indonesia,USDC
385,0.7993803243737924,3571410875.6881027,168,S3_twin_shock,indonesia,USDC
386,0.7961248861419868,3482125603.7959003,168,S3_twin_shock,indonesia,USDC
387,0.7988086210977181,3395072463.701002,168,S3_twin_shock,indonesia,USDC
388,0.7806675812591549,3310195652.1084776,168,S3_twin_shock,indonesia,USDC
389,0.7884579869632673,3227440760.8057656,168,S3_twin_shock,indonesia,USDC
390,0.7871141031032044,3146754741.7856216,168,S3_twin_shock,indonesia,USDC
391,0.7861313932778502,3068085873.240981,168,S3_twin_shock,indonesia,USDC
392,0.7879473580386829,2991383726.4099565,168,S3_twin_shock,indonesia,USDC
393,0.7970106159338152,2916599133.2497077,168,S3_twin_shock,indonesia,USDC
394,0.7808565224191925,2843684154.9184647,168,S3_twin_shock,indonesia,USDC
395,0.7725834030742005,2772592051.045503,168,S3_twin_shock,indonesia,USDC
396,0.7995840746434999,2703277249.769366,168,S3_twin_shock,indonesia,USDC
397,0.7920773287625148,2635695318.5251317,168,S3_twin_shock,indonesia,USDC
398,0.7955917232054973,2569802935.562003,168,S3_twin_shock,indonesia,USDC
399,0.8125203790723696,2505557862.172953,168,S3_twin_shock,indonesia,USDC
400,0.798726633663231,2442918915.6186295,168,S3_twin_shock,indonesia,USDC
401,0.7986875426927663,2381845942.7281637,168,S3_twin_shock,indonesia,USDC
402,0.7375763119512425,2322299794.15996,168,S3_twin_shock,indonesia,USDC
403,0.7629604833977799,2264242299.3059607,168,S3_twin_shock,indonesia,USDC
404,0.7646865590057064,2207636241.823312,168,S3_twin_shock,indonesia,USDC
405,0.7651092698187615,2152445335.777729,168,S3_twin_shock,indonesia,USDC
406,0.7513502542270755,2098634202.3832855,168,S3_twin_shock,indonesia,USDC
407,0.7584300084397827,2046168347.3237035,168,S3_twin_shock,indonesia,USDC
408,0.7609057352528905,1995014138.640611,168,S3_twin_shock,indonesia,USDC
409,0.7553150724887255,1945138785.1745958,168,S3_twin_shock,indonesia,USDC
410,0.7765160611765646,1896510315.5452309,168,S3_twin_shock,indonesia,USDC
411,0.7575841454060452,1849097557.6566,168,S3_twin_shock,indonesia,USDC
412,0.7753896816115987,1802870118.7151847,168,S3_twin_shock,indonesia,USDC
413,0.7762236187149991,1757798365.7473054,168,S3_twin_shock,indonesia,USDC
414,0.7853403006600406,1713853406.603623,168,S3_twin_shock,indonesia,USDC
415,0.7869576932163136,1671007071.438532,168,S3_twin_shock,indonesia,USDC
416,0.8148205328291586,1629231894.6525688,168,S3_twin_shock,indonesia,USDC
417,0.7952529605040128,1588501097.2862546,168,S3_twin_shock,indonesia,USDC
418,0.780676907843877,1548788569.8540983,168,S3_twin_shock,indonesia,USDC
419,0.7644713351715255,1510068855.607746,168,S3_twin_shock,indonesia,USDC
420,0.7728874449773624,1472317134.2175522,168,S3_twin_shock,indonesia,USDC
421,0.7716322856911382,1435509205.8621135,168,S3_twin_shock,indonesia,USDC
422,0.7880396812810119,1399621475.7155607,168,S3_twin_shock,indonesia,USDC
423,0.7896866434394101,1364630938.8226717,168,S3_twin_shock,indonesia,USDC
424,0.7897522598301748,1330515165.352105,168,S3_twin_shock,indonesia,USDC
425,0.7881934362667924,1297252286.2183022,168,S3_twin_shock,indonesia,USDC
426,0.8004004025796967,1264820979.0628448,168,S3_twin_shock,indonesia,USDC
427,0.8153422740201135,1233200454.5862737,168,S3_twin_shock,indonesia,USDC
428,0.8265442470269655,1202370443.2216167,168,S3_twin_shock,indonesia,USDC
429,0.8121247136930005,1172311182.1410763,168,S3_twin_shock,indonesia,USDC
430,0.8034718149455042,1143003402.5875494,168,S3_twin_shock,indonesia,USDC
431,0.7991168621169339,1114428317.5228605,168,S3_twin_shock,indonesia,USDC
432,0.7867582825617596,1086567609.5847893,168,S3_twin_shock,indonesia,USDC
433,0.7864712304572126,1059403419.3451695,168,S3_twin_shock,indonesia,USDC
434,0.7638698674524302,1032918333.8615402,168,S3_twin_shock,indonesia,USDC
435,0.7762022177403979,1007095375.5150018,168,S3_twin_shock,indonesia,USDC
436,0.7852404885021746,981917991.1271267,168,S3_twin_shock,indonesia,USDC
437,0.7651967534970776,957370041.3489485,168,S3_twin_shock,indonesia,USDC
438,0.7830008921675872,933435790.3152246,168,S3_twin_shock,indonesia,USDC
439,0.7792018487826033,910099895.5573442,168,S3_twin_shock,indonesia,USDC
440,0.7879213879061215,887347398.1684107,168,S3_twin_shock,indonesia,USDC
441,0.7906069871098029,865163713.2142005,168,S3_twin_shock,indonesia,USDC
442,0.7930363386747661,843534620.3838453,168,S3_twin_shock,indonesia,USDC
443,0.8007449519241403,822446254.8742492,168,S3_twin_shock,indonesia,USDC
444,0.8075309601495134,801885098.502393,168,S3_twin_shock,indonesia,USDC
445,0.804739013894979,781837971.0398331,168,S3_twin_shock,indonesia,USDC
446,0.8073074076728209,762292021.7638373,168,S3_twin_shock,indonesia,USDC
447,0.8169386923522466,743234721.2197413,168,S3_twin_shock,indonesia,USDC
448,0.8383933962151464,724653853.1892478,168,S3_twin_shock,indonesia,USDC
449,0.8295267936048225,706537506.8595166,168,S3_twin_shock,indonesia,USDC
450,0.8181007407821567,688874069.1880288,168,S3_twin_shock,indonesia,USDC
451,0.8031736622576218,671652217.458328,168,S3_twin_shock,indonesia,USDC
452,0.7933137260404821,654860912.0218699,168,S3_twin_shock,indonesia,USDC
453,0.8292914501458603,638489389.221323,168,S3_twin_shock,indonesia,USDC
454,0.7621384776913976,622527154.49079,168,S3_twin_shock,indonesia,USDC
455,0.7791133638016116,606963975.6285203,168,S3_twin_shock,indonesia,USDC
456,0.7904403458837576,591789876.2378073,168,S3_twin_shock,indonesia,USDC
457,0.788634848773981,576995129.3318621,168,S3_twin_shock,indonesia,USDC
458,0.7730339409887769,562570251.0985656,168,S3_twin_shock,indonesia,USDC
459,0.7956786045212869,548505994.8211014,168,S3_twin_shock,indonesia,USDC
460,0.8026433316608799,534793344.9505739,168,S3_twin_shock,indonesia,USDC
461,0.8047531057410817,521423511.3268096,168,S3_twin_shock,indonesia,USDC
462,0.8088791712033234,508387923.5436393,168,S3_twin_shock,indonesia,USDC
463,0.8084211828829249,495678225.4550484,168,S3_twin_shock,indonesia,USDC
464,0.8039534229954386,483286269.8186722,168,S3_twin_shock,indonesia,USDC
465,0.8265891267353667,471204113.07320535,168,S3_twin_shock,indonesia,USDC
466,0.8315782986662664,459424010.24637526,168,S3_twin_shock,indonesia,USDC
467,0.8285647075148268,447938409.99021584,168,S3_twin_shock,indonesia,USDC
468,0.8122680503034001,436739949.7404605,168,S3_twin_shock,indonesia,USDC
469,0.8243313699280257,425821450.99694896,168,S3_twin_shock,indonesia,USDC
470,0.8264627847413364,415175914.7220253,168,S3_twin_shock,indonesia,USDC
471,0.8222164421581184,404796516.8539746,168,S3_twin_shock,indonesia,USDC
472,0.8039861864060149,394676603.93262523,168,S3_twin_shock,indonesia,USDC
473,0.7865972532922046,384809688.83430964,168,S3_twin_shock,indonesia,USDC
474,0.7998029192629045,375189446.61345184,168,S3_twin_shock,indonesia,USDC
475,0.7908868388604873,365809710.4481156,168,S3_twin_shock,indonesia,USDC
476,0.7687988742372184,356664467.6869127,168,S3_twin_shock,indonesia,USDC
477,0.7467070794321324,347747855.9947399,168,S3_twin_shock,indonesia,USDC
478,0.7608655240877299,339054159.5948714,168,S3_twin_shock,indonesia,USDC
479,0.7525275380523333,330577805.6049996,168,S3_twin_shock,indonesia,USDC
480,0.7554037758127523,322313360.4648746,168,S3_twin_shock,indonesia,USDC
481,0.6716873163649287,314255526.4532528,168,S3_twin_shock,indonesia,USDC
482,0.6881873130420034,306399138.29192144,168,S3_twin_shock,indonesia,USDC
483,0.6831088868981791,298739159.8346234,168,S3_twin_shock,indonesia,USDC
484,0.6932636343295382,291270680.8387578,168,S3_twin_shock,indonesia,USDC
485,0.7130675070720865,283988913.81778884,168,S3_twin_shock,indonesia,USDC
486,0.7112221359922821,276889190.97234416,168,S3_twin_shock,indonesia,USDC
487,0.7088185126277238,269966961.19803554,168,S3_twin_shock,indonesia,USDC
488,0.7196422102020927,263217787.16808462,168,S3_twin_shock,indonesia,USDC
489,0.7199474555217799,256637342.48888254,168,S3_twin_shock,indonesia,USDC
490,0.7334901255820152,250221408.92666048,168,S3_twin_shock,indonesia,USDC
491,0.7459570974160705,243965873.70349395,168,S3_twin_shock,indonesia,USDC
492,0.7503802651940636,237866726.8609066,168,S3_twin_shock,indonesia,USDC
493,0.744232786650042,231920058.68938392,168,S3_twin_shock,indonesia,USDC
494,0.7308773051629464,226122057.2221493,168,S3_twin_shock,indonesia,USDC
495,0.7442567303445424,220469005.79159558,168,S3_twin_shock,indonesia,USDC
496,0.7609417179622268,214957280.6468057,168,S3_twin_shock,indonesia,USDC
497,0.7781944240825049,209583348.63063556,168,S3_twin_shock,indonesia,USDC
498,0.7841700775738194,204343764.91486967,168,S3_twin_shock,indonesia,USDC
499,0.8024988435293807,199235170.7919979,168,S3_twin_shock,indonesia,USDC
500,0.8068871741549368,194254291.52219796,168,S3_twin_shock,indonesia,USDC
501,0.8145018413150974,189397934.23414302,168,S3_twin_shock,indonesia,USDC
502,0.8331126520445814,184662985.87828943,168,S3_twin_shock,indonesia,USDC
503,0.8496165110781395,180046411.23133218,168,S3_twin_shock,indonesia,USDC
504,0.8442946369967136,175545250.9505489,168,S3_twin_shock,indonesia,USDC
505,0.8426695121934898,171156619.67678517,168,S3_twin_shock,indonesia,USDC
506,0.8323754766901076,166877704.18486553,168,S3_twin_shock,indonesia,USDC
507,0.8147969175791305,162705761.58024392,168,S3_twin_shock,indonesia,USDC
508,0.8307124941829069,158638117.5407378,168,S3_twin_shock,indonesia,USDC
509,0.8255836755714646,154672164.60221934,168,S3_twin_shock,indonesia,USDC
510,0.8042240598245007,150805360.48716387,168,S3_twin_shock,indonesia,USDC
511,0.7963828930737868,147035226.47498477,168,S3_twin_shock,indonesia,USDC
512,0.7900851631063245,143359345.81311017,168,S3_twin_shock,indonesia,USDC
513,0.7771099168980182,139775362.1677824,168,S3_twin_shock,indonesia,USDC
514,0.7744927478327147,136280978.11358783,168,S3_twin_shock,indonesia,USDC
515,0.77454619349357,132873953.66074815,168,S3_twin_shock,indonesia,USDC
516,0.777046571196852,129552104.81922944,168,S3_twin_shock,indonesia,USDC
517,0.7744354274657271,126313302.19874871,168,S3_twin_shock,indonesia,USDC
518,0.8023903173533175,123155469.64378,168,S3_twin_shock,indonesia,USDC
519,0.7948987795047953,120076582.9026855,168,S3_twin_shock,indonesia,USDC
520,0.7844708877175756,117074668.33011836,168,S3_twin_shock,indonesia,USDC
521,0.7974188754523389,114147801.62186539,168,S3_twin_shock,indonesia,USDC
522,0.8135570376350173,111294106.58131877,168,S3_twin_shock,indonesia,USDC
523,0.8171662266519744,108511753.91678579,168,S3_twin_shock,indonesia,USDC
524,0.8352019362305516,105798960.06886615,168,S3_twin_shock,indonesia,USDC
525,0.8152864712771716,103153986.0671445,168,S3_twin_shock,indonesia,USDC
526,0.821238746261791,100575136.41546588,168,S3_twin_shock,indonesia,USDC
527,0.8339602421625355,98060758.00507924,168,S3_twin_shock,indonesia,USDC
528,0.85450901569447,95609239.05495225,168,S3_twin_shock,indonesia,USDC
529,0.8710268638061544,93219008.07857844,168,S3_twin_shock,indonesia,USDC
530,0.8594529894878892,90888532.87661399,168,S3_twin_shock,indonesia,USDC
531,0.8245788073712397,88616319.55469863,168,S3_twin_shock,indonesia,USDC
532,0.8252388636515259,86400911.56583117,168,S3_twin_shock,indonesia,USDC
533,0.8267859217696308,84240888.77668539,168,S3_twin_shock,indonesia,USDC
534,0.8363893977527405,82134866.55726825,168,S3_twin_shock,indonesia,USDC
535,0.8422790920120528,80081494.89333653,168,S3_twin_shock,indonesia,USDC
536,0.840052473177294,78079457.52100313,168,S3_twin_shock,indonesia,USDC
537,0.8567362353682622,76127471.08297805,168,S3_twin_shock,indonesia,USDC
538,0.8380767384371938,74224284.30590361,168,S3_twin_shock,indonesia,USDC
539,0.8162986599159595,72368677.19825602,168,S3_twin_shock,indonesia,USDC
540,0.7984457480930198,70559460.26829962,168,S3_twin_shock,indonesia,USDC
541,0.7798799595027798,68795473.76159212,168,S3_twin_shock,indonesia,USDC
542,0.8053930584004299,67075586.91755232,168,S3_twin_shock,indonesia,USDC
543,0.7861088531228966,65398697.24461351,168,S3_twin_shock,indonesia,USDC
544,0.779495260798554,63763729.81349817,168,S3_twin_shock,indonesia,USDC
545,0.7646780125241028,62169636.56816073,168,S3_twin_shock,indonesia,USDC
546,0.762993440468132,60615395.653956704,168,S3_twin_shock,indonesia,USDC
547,0.7480455614279917,59100010.76260778,168,S3_twin_shock,indonesia,USDC
548,0.7473136506110424,57622510.49354259,168,S3_twin_shock,indonesia,USDC
549,0.7408396903226808,56181947.73120402,168,S3_twin_shock,indonesia,USDC
550,0.7546775288912276,54777399.03792392,168,S3_twin_shock,indonesia,USDC
551,0.7725322010854755,53407964.06197582,168,S3_twin_shock,indonesia,USDC
552,0.7686009087365497,52072764.96042642,168,S3_twin_shock,indonesia,USDC
553,0.8068486407047155,50770945.83641577,168,S3_twin_shock,indonesia,USDC
554,0.7657396408028165,49501672.19050537,168,S3_twin_shock,indonesia,USDC
555,0.7616333092918995,48264130.38574274,168,S3_twin_shock,indonesia,USDC
556,0.7581356527292556,47057527.12609917,168,S3_twin_shock,indonesia,USDC
557,0.7473522434790301,45881088.94794668,168,S3_twin_shock,indonesia,USDC
558,0.7450895714119153,44734061.72424802,168,S3_twin_shock,indonesia,USDC
559,0.7489405540886301,43615710.181141816,168,S3_twin_shock,indonesia,USDC
560,0.7566667990396637,42525317.42661327,168,S3_twin_shock,indonesia,USDC
561,0.7640328976754639,41462184.49094794,168,S3_twin_shock,indonesia,USDC
562,0.7764975083606683,40425629.87867424,168,S3_twin_shock,indonesia,USDC
563,0.7608610136353994,39414989.131707385,168,S3_twin_shock,indonesia,USDC
564,0.7853118295935096,38429614.403414704,168,S3_twin_shock,indonesia,USDC
565,0.7984115492745207,37468874.043329336,168,S3_twin_shock,indonesia,USDC
566,0.7931266593898807,36532152.1922461,168,S3_twin_shock,indonesia,USDC
567,0.8098943290473433,35618848.38743995,168,S3_twin_shock,indonesia,USDC
568,0.8167118036544213,34728377.177753955,168,S3_twin_shock,indonesia,USDC
569,0.8116969247154953,33860167.7483101,168,S3_twin_shock,indonesia,USDC
570,0.831060985727127,33013663.55460235,168,S3_twin_shock,indonesia,USDC
571,0.8226521197263835,32188321.96573729,168,S3_twin_shock,indonesia,USDC
572,0.7866113997141747,31383613.916593857,168,S3_twin_shock,indonesia,USDC
573,0.8123375931653259,30599023.568679012,168,S3_twin_shock,indonesia,USDC
574,0.8249635096943059,29834047.97946204,168,S3_twin_shock,indonesia,USDC
575,0.8092169750763327,29088196.77997549,168,S3_twin_shock,indonesia,USDC
576,0.7961881622289374,28360991.8604761,168,S3_twin_shock,indonesia,USDC
577,0.8056927772316889,27651967.0639642,168,S3_twin_shock,indonesia,USDC
578,0.7953060440225275,26960667.88736509,168,S3_twin_shock,indonesia,USDC
579,0.8139165372445594,26286651.190180965,168,S3_twin_shock,indonesia,USDC
580,0.7958270367651308,25629484.910426438,168,S3_twin_shock,indonesia,USDC
581,0.7957824829166196,24988747.78766578,168,S3_twin_shock,indonesia,USDC
582,0.7967764614568708,24364029.092974134,168,S3_twin_shock,indonesia,USDC
583,0.7647333424702786,23754928.365649782,168,S3_twin_shock,indonesia,USDC
584,0.7827558089378704,23161055.15650854,168,S3_twin_shock,indonesia,USDC
585,0.7844250823970031,22582028.777595825,168,S3_twin_shock,indonesia,USDC
586,0.7970888757584813,22017478.058155928,168,S3_twin_shock,indonesia,USDC
587,0.7914044695954869,21467041.10670203,168,S3_twin_shock,indonesia,USDC
588,0.7832226464343096,20930365.079034477,168,S3_twin_shock,indonesia,USDC
589,0.8076671579754378,20407105.952058617,168,S3_twin_shock,indonesia,USDC
590,0.8213009023099372,19896928.303257152,168,S3_twin_shock,indonesia,USDC
591,0.8096679874196832,19399505.09567572,168,S3_twin_shock,indonesia,USDC
592,0.8186406532325133,18914517.46828383,168,S3_twin_shock,indonesia,USDC
593,0.8329876603987825,18441654.531576734,168,S3_twin_shock,indonesia,USDC
594,0.8261101210642355,17980613.168287314,168,S3_twin_shock,indonesia,USDC
595,0.8269975354988695,17531097.83908013,168,S3_twin_shock,indonesia,USDC
596,0.8305651055673405,17092820.393103126,168,S3_twin_shock,indonesia,USDC
597,0.8129404571124399,16665499.883275548,168,S3_twin_shock,indonesia,USDC
598,0.8224732864895294,16248862.38619366,168,S3_twin_shock,indonesia,USDC
599,0.8406089632252068,15842640.82653882,168,S3_twin_shock,indonesia,USDC
600,0.8482817447622233,15446574.805875348,168,S3_twin_shock,indonesia,USDC
601,0.8328035288834338,15060410.435728464,168,S3_twin_shock,indonesia,USDC
602,0.8228777312888782,14683900.174835254,168,S3_twin_shock,indonesia,USDC
603,0.8059178575257443,14316802.670464374,168,S3_twin_shock,indonesia,USDC
604,0.7955366332204873,13958882.603702763,168,S3_twin_shock,indonesia,USDC
605,0.8033257307839294,13609910.538610194,168,S3_twin_shock,indonesia,USDC
606,0.7729069000149729,13269662.775144938,168,S3_twin_shock,indonesia,USDC
607,0.7339282588324575,12937921.205766315,168,S3_twin_shock,indonesia,USDC
608,0.7457172888283468,12614473.175622158,168,S3_twin_shock,indonesia,USDC
609,0.7466440569562618,12299111.346231604,168,S3_twin_shock,indonesia,USDC
610,0.7481544885301974,11991633.562575813,168,S3_twin_shock,indonesia,USDC
611,0.7595522098251917,11691842.723511418,168,S3_twin_shock,indonesia,USDC
612,0.753225777735513,11399546.655423632,168,S3_twin_shock,indonesia,USDC
613,0.7604710971607458,11114557.989038043,168,S3_twin_shock,indonesia,USDC
614,0.7629281744011178,10836694.03931209,168,S3_twin_shock,indonesia,USDC
615,0.7777548756533655,10565776.68832929,168,S3_twin_shock,indonesia,USDC
616,0.7760168306919094,10301632.271121059,168,S3_twin_shock,indonesia,USDC
617,0.7766903137734564,10044091.464343032,168,S3_twin_shock,indonesia,USDC
618,0.7163315172011465,9792989.177734455,168,S3_twin_shock,indonesia,USDC
619,0.7140620950539074,9548164.448291093,168,S3_twin_shock,indonesia,USDC
620,0.7590155662505447,9309460.337083817,168,S3_twin_shock,indonesia,USDC
621,0.7705733823293659,9076723.82865672,168,S3_twin_shock,indonesia,USDC
622,0.7869656864915451,8849805.732940303,168,S3_twin_shock,indonesia,USDC
623,0.7682115362871392,8628560.589616794,168,S3_twin_shock,indonesia,USDC
624,0.7640361889510462,8412846.574876375,168,S3_twin_shock,indonesia,USDC
625,0.7573169039936993,8202525.410504466,168,S3_twin_shock,indonesia,USDC
626,0.7766178245577896,7997462.2752418555,168,S3_twin_shock,indonesia,USDC
627,0.7719069112917035,7797525.718360808,168,S3_twin_shock,indonesia,USDC
628,0.7708165790361964,7602587.575401788,168,S3_twin_shock,indonesia,USDC
629,0.7906969455881464,7412522.886016743,168,S3_twin_shock,indonesia,USDC
630,0.756777991218674,7227209.813866325,168,S3_twin_shock,indonesia,USDC
631,0.7650688613683371,7046529.568519667,168,S3_twin_shock,indonesia,USDC
632,0.759749639910072,6870366.329306674,168,S3_twin_shock,indonesia,USDC
633,0.7524306708048608,6698607.171074008,168,S3_twin_shock,indonesia,USDC
634,0.762172215196234,6531141.991797158,168,S3_twin_shock,indonesia,USDC
635,0.7800290115575013,6367863.442002229,168,S3_twin_shock,indonesia,USDC
636,0.7822119996983803,6208666.855952173,168,S3_twin_shock,indonesia,USDC
637,0.8046672590065181,6053450.184553368,168,S3_twin_shock,indonesia,USDC
638,0.8044903692107712,5902113.9299395345,168,S3_twin_shock,indonesia,USDC
639,0.7853149414425035,5754561.081691046,168,S3_twin_shock,indonesia,USDC
640,0.7830579067403841,5610697.05464877,168,S3_twin_shock,indonesia,USDC
641,0.7773278411621765,5470429.628282551,168,S3_twin_shock,indonesia,USDC
642,0.7698025761623358,5333668.887575487,168,S3_twin_shock,indonesia,USDC
643,0.7668082898001833,5200327.165386099,168,S3_twin_shock,indonesia,USDC
644,0.7516810939296474,5070318.986251447,168,S3_twin_shock,indonesia,USDC
645,0.7647319500703218,4943561.011595161,168,S3_twin_shock,indonesia,USDC
646,0.7914350861299222,4819971.9863052815,168,S3_twin_shock,indonesia,USDC
647,0.7715135186509693,4699472.68664765,168,S3_twin_shock,indonesia,USDC
648,0.7939546804294904,4581985.869481458,168,S3_twin_shock,indonesia,USDC
649,0.643895211458231,4467436.222744422,168,S3_twin_shock,indonesia,USDC
650,0.6631344120063037,4355750.317175811,168,S3_twin_shock,indonesia,USDC
651,0.6919725055050857,4246856.559246416,168,S3_twin_shock,indonesia,USDC
652,0.7203627382597414,4140685.145265256,168,S3_twin_shock,indonesia,USDC
653,0.7314709323075594,4037168.016633625,168,S3_twin_shock,indonesia,USDC
654,0.6433681771200332,3936238.8162177843,168,S3_twin_shock,indonesia,USDC
655,0.6802002281931774,3837832.8458123393,168,S3_twin_shock,indonesia,USDC
656,0.7042685414588516,3741887.024667031,168,S3_twin_shock,indonesia,USDC
657,0.6934697729570197,3648339.849050355,168,S3_twin_shock,indonesia,USDC
658,0.6966468762775897,3557131.3528240966,168,S3_twin_shock,indonesia,USDC
659,0.719203114700015,3468203.0690034945,168,S3_twin_shock,indonesia,USDC
660,0.7175319085337936,3381497.992278407,168,S3_twin_shock,indonesia,USDC
661,0.7289185265705894,3296960.542471447,168,S3_twin_shock,indonesia,USDC
662,0.7433339115504434,3214536.528909661,168,S3_twin_shock,indonesia,USDC
663,0.7391320783268311,3134173.115686919,168,S3_twin_shock,indonesia,USDC
664,0.7340614807937549,3055818.787794746,168,S3_twin_shock,indonesia,USDC
665,0.7460090859576347,2979423.318099878,168,S3_twin_shock,indonesia,USDC
666,0.751826764588232,2904937.7351473803,168,S3_twin_shock,indonesia,USDC
667,0.7554343077461454,2832314.2917686957,168,S3_twin_shock,indonesia,USDC
668,0.7922473269719978,2761506.4344744785,168,S3_twin_shock,indonesia,USDC
669,0.8272203451191851,2692468.7736126166,168,S3_twin_shock,indonesia,USDC
670,0.8288792918519132,2625157.0542723015,168,S3_twin_shock,indonesia,USDC
671,0.8204447104902914,2559528.1279154937,168,S3_twin_shock,indonesia,USDC
672,0.7971929489159812,2495539.9247176065,168,S3_twin_shock,indonesia,USDC
673,0.7950368458273204,2433151.4265996665,168,S3_twin_shock,indonesia,USDC
674,0.805118975359784,2372322.640934675,168,S3_twin_shock,indonesia,USDC
675,0.7743234966965445,2313014.574911308,168,S3_twin_shock,indonesia,USDC
676,0.7809208555720277,2255189.210538525,168,S3_twin_shock,indonesia,USDC
677,0.7731993699435776,2198809.480275062,168,S3_twin_shock,indonesia,USDC
678,0.7752474313726635,2143839.2432681853,168,S3_twin_shock,indonesia,USDC
679,0.753842657525146,2090243.262186481,168,S3_twin_shock,indonesia,USDC
680,0.7735198747160748,2037987.1806318192,168,S3_twin_shock,indonesia,USDC
681,0.7676199680767867,1987037.5011160236,168,S3_twin_shock,indonesia,USDC
682,0.7583091651762924,1937361.5635881228,168,S3_twin_shock,indonesia,USDC
683,0.7478936993204153,1888927.5244984198,168,S3_twin_shock,indonesia,USDC
684,0.7304769260185774,1841704.3363859593,168,S3_twin_shock,indonesia,USDC
685,0.773547276706625,1795661.7279763103,168,S3_twin_shock,indonesia,USDC
686,0.7941902819135193,1750770.1847769027,168,S3_twin_shock,indonesia,USDC
687,0.7928497176495231,1707000.93015748,168,S3_twin_shock,indonesia,USDC
688,0.8004905446353805,1664325.906903543,168,S3_twin_shock,indonesia,USDC
689,0.7962405422949508,1622717.7592309546,168,S3_twin_shock,indonesia,USDC
690,0.7828372505362455,1582149.8152501807,168,S3_twin_shock,indonesia,USDC
691,0.7713169260839247,1542596.069868926,168,S3_twin_shock,indonesia,USDC
692,0.7966180272618002,1504031.1681222029,168,S3_twin_shock,indonesia,USDC
693,0.7962408999183699,1466430.3889191477,168,S3_twin_shock,indonesia,USDC
694,0.7968622485710001,1429769.629196169,168,S3_twin_shock,indonesia,USDC
695,0.7841610513400811,1394025.3884662648,168,S3_twin_shock,indonesia,USDC
696,0.7798354053276195,1359174.7537546083,168,S3_twin_shock,indonesia,USDC
697,0.7691509551889256,1325195.384910743,168,S3_twin_shock,indonesia,USDC
698,0.7686824579511301,1292065.5002879743,168,S3_twin_shock,indonesia,USDC
699,0.7817674378571702,1259763.862780775,168,S3_twin_shock,indonesia,USDC
700,0.7860973436007324,1228269.7662112555,168,S3_twin_shock,indonesia,USDC
701,0.7870429725470994,1197563.0220559742,168,S3_twin_shock,indonesia,USDC
702,0.8185738970006523,1167623.9465045747,168,S3_twin_shock,indonesia,USDC
703,0.7965961376639027,1138433.3478419606,168,S3_twin_shock,indonesia,USDC
704,0.7681860264410582,1109972.5141459114,168,S3_twin_shock,indonesia,USDC
705,0.7815970855596094,1082223.2012922638,168,S3_twin_shock,indonesia,USDC
706,0.795969480664875,1055167.621259957,168,S3_twin_shock,indonesia,USDC
707,0.7717996115667595,1028788.4307284581,168,S3_twin_shock,indonesia,USDC
708,0.7612458190670967,1003068.7199602467,168,S3_twin_shock,indonesia,USDC
709,0.7767202375208094,977992.0019612405,168,S3_twin_shock,indonesia,USDC
710,0.7929310633726301,953542.2019122096,168,S3_twin_shock,indonesia,USDC
711,0.8005220301325046,929703.6468644044,168,S3_twin_shock,indonesia,USDC
712,0.8187516016933318,906461.055692794,168,S3_twin_shock,indonesia,USDC
713,0.8195872580519244,883799.5293004743,168,S3_twin_shock,indonesia,USDC
714,0.7938505136954407,861704.5410679623,168,S3_twin_shock,indonesia,USDC
715,0.7767588968754849,840161.9275412633,168,S3_twin_shock,indonesia,USDC
716,0.797211731615985,819157.8793527319,168,S3_twin_shock,indonesia,USDC
717,0.7832684780659986,798678.9323689134,168,S3_twin_shock,indonesia,USDC
718,0.791975283349939,778711.9590596906,168,S3_twin_shock,indonesia,USDC
719,0.8199694402884287,759244.1600831985,168,S3_twin_shock,indonesia,USDC
720,0.8278894902696239,740263.0560811184,168,S3_twin_shock,indonesia,USDC
721,0.84947509773251,721756.4796790904,168,S3_twin_shock,indonesia,USDC
722,0.8555569299093969,703712.5676871131,168,S3_twin_shock,indonesia,USDC
723,0.8475515906539453,686119.7534949352,168,S3_twin_shock,indonesia,USDC
724,0.8576318797050855,668966.7596575619,168,S3_twin_shock,indonesia,USDC
725,0.8527287878735624,652242.5906661229,168,S3_twin_shock,indonesia,USDC
726,0.8298047164970754,635936.5258994699,168,S3_twin_shock,indonesia,USDC
727,0.835892973087998,620038.112751983,168,S3_twin_shock,indonesia,USDC
728,0.8373172950913113,604537.1599331835,168,S3_twin_shock,indonesia,USDC
729,0.823207349488163,589423.7309348539,168,S3_twin_shock,indonesia,USDC
730,0.8196676616946759,574688.1376614826,168,S3_twin_shock,indonesia,USDC
731,0.8264779820037604,560320.9342199455,168,S3_twin_shock,indonesia,USDC
732,0.8421847095293965,546312.9108644468,168,S3_twin_shock,indonesia,USDC
733,0.8115042235016059,532655.0880928356,168,S3_twin_shock,indonesia,USDC
734,0.8417190751396748,519338.7108905148,168,S3_twin_shock,indonesia,USDC
735,0.8269017120433194,506355.2431182519,168,S3_twin_shock,indonesia,USDC
736,0.844677100149913,493696.3620402956,168,S3_twin_shock,indonesia,USDC
737,0.8529647420909171,481353.95298928826,168,S3_twin_shock,indonesia,USDC
738,0.8545912282745244,469320.104164556,168,S3_twin_shock,indonesia,USDC
739,0.8550582085443973,457587.1015604421,168,S3_twin_shock,indonesia,USDC
740,0.8711619287403183,446147.42402143107,168,S3_twin_shock,indonesia,USDC
741,0.8419635482446297,434993.7384208953,168,S3_twin_shock,indonesia,USDC
742,0.8196626426478911,424118.8949603728,168,S3_twin_shock,indonesia,USDC
743,0.7965891033135495,413515.92258636357,168,S3_twin_shock,indonesia,USDC
744,0.8063823226220121,403178.02452170453,168,S3_twin_shock,indonesia,USDC
745,0.8089077281981317,393098.57390866184,168,S3_twin_shock,indonesia,USDC
746,0.8042444058700973,383271.1095609453,168,S3_twin_shock,indonesia,USDC
747,0.7968197585788814,373689.3318219217,168,S3_twin_shock,indonesia,USDC
748,0.8346097652750907,364347.0985263736,168,S3_twin_shock,indonesia,USDC
749,0.8296063932222802,355238.4210632143,168,S3_twin_shock,indonesia,USDC
750,0.8142710291348403,346357.46053663397,168,S3_twin_shock,indonesia,USDC
751,0.8039889610962789,337698.5240232181,168,S3_twin_shock,indonesia,USDC
752,0.797066137498543,329256.0609226377,168,S3_twin_shock,indonesia,USDC
753,0.7852930753524883,321024.6593995717,168,S3_twin_shock,indonesia,USDC
754,0.7948036422510216,312999.0429145824,168,S3_twin_shock,indonesia,USDC
755,0.7881589206767268,305174.06684171787,168,S3_twin_shock,indonesia,USDC
756,0.7870166732247903,297544.7151706749,168,S3_twin_shock,indonesia,USDC
757,0.8008292892445423,290106.09729140805,168,S3_twin_shock,indonesia,USDC
758,0.7933670129644146,282853.44485912286,168,S3_twin_shock,indonesia,USDC
759,0.8036073055879822,275782.10873764474,168,S3_twin_shock,indonesia,USDC
760,0.8123437950159664,268887.5560192037,168,S3_twin_shock,indonesia,USDC
761,0.8177589737121819,262165.3671187236,168,S3_twin_shock,indonesia,USDC
762,0.803249995965926,255611.2329407555,168,S3_twin_shock,indonesia,USDC
763,0.8121538546024566,249220.95211723662,168,S3_twin_shock,indonesia,USDC
764,0.8015074813805859,242990.42831430573,168,S3_twin_shock,indonesia,USDC
765,0.8191654413229236,236915.66760644806,168,S3_twin_shock,indonesia,USDC
766,0.8142572494739551,230992.7759162869,168,S3_twin_shock,indonesia,USDC
767,0.8133974967412991,225217.9565183797,168,S3_twin_shock,indonesia,USDC
768,0.7905124319993083,219587.5076054202,168,S3_twin_shock,indonesia,USDC
769,0.7675065694818128,214097.8199152847,168,S3_twin_shock,indonesia,USDC
770,0.7510426656500161,208745.37441740258,168,S3_twin_shock,indonesia,USDC
771,0.7587379351846979,203526.74005696748,168,S3_twin_shock,indonesia,USDC
772,0.7570533062679687,198438.5715555433,168,S3_twin_shock,indonesia,USDC
773,0.7675703000201385,193477.60726665473,168,S3_twin_shock,indonesia,USDC
774,0.7750219891069978,188640.66708498838,168,S3_twin_shock,indonesia,USDC
775,0.7765384823337611,183924.65040786366,168,S3_twin_shock,indonesia,USDC
776,0.7790798759406387,179326.53414766706,168,S3_twin_shock,indonesia,USDC
777,0.7819285406811659,174843.3707939754,168,S3_twin_shock,indonesia,USDC
778,0.7776790685334284,170472.28652412602,168,S3_twin_shock,indonesia,USDC
779,0.7847400935172113,166210.47936102285,168,S3_twin_shock,indonesia,USDC
780,0.7892462507590013,162055.2173769973,168,S3_twin_shock,indonesia,USDC
781,0.7813061518303595,158003.83694257235,168,S3_twin_shock,indonesia,USDC
782,0.7909921293113767,154053.74101900804,168,S3_twin_shock,indonesia,USDC
783,0.7822378252391393,150202.39749353283,168,S3_twin_shock,indonesia,USDC
784,0.7946922487868524,146447.3375561945,168,S3_twin_shock,indonesia,USDC
785,0.7846488163754424,142786.15411728964,168,S3_twin_shock,indonesia,USDC
786,0.8004180466332789,139216.5002643574,168,S3_twin_shock,indonesia,USDC
787,0.7736167749768585,135736.08775774846,168,S3_twin_shock,indonesia,USDC
788,0.7800929566953841,132342.68556380476,168,S3_twin_shock,indonesia,USDC
789,0.7687830156470604,129034.11842470962,168,S3_twin_shock,indonesia,USDC
790,0.7681225873306635,125808.26546409188,168,S3_twin_shock,indonesia,USDC
791,0.783142282745958,122663.0588274896,168,S3_twin_shock,indonesia,USDC
792,0.7785799713780721,119596.48235680236,168,S3_twin_shock,indonesia,USDC
793,0.78749184370001,116606.57029788231,168,S3_twin_shock,indonesia,USDC
794,0.8078873220324911,113691.40604043525,168,S3_twin_shock,indonesia,USDC
795,0.8327443395342168,110849.12088942436,168,S3_twin_shock,indonesia,USDC
796,0.794415281745773,108077.89286718876,168,S3_twin_shock,indonesia,USDC
797,0.8156233599742146,105375.94554550905,168,S3_twin_shock,indonesia,USDC
798,0.8174854947858928,102741.54690687131,168,S3_twin_shock,indonesia,USDC
799,0.8160364112781219,100173.00823419951,168,S3_twin_shock,indonesia,USDC
800,0.8439875395545438,97668.68302834453,168,S3_twin_shock,indonesia,USDC
801,0.8277511169501048,95226.96595263592,168,S3_twin_shock,indonesia,USDC
802,0.8159478181066702,92846.29180382002,168,S3_twin_shock,indonesia,USDC
803,0.804191007472894,90525.13450872451,168,S3_twin_shock,indonesia,USDC
804,0.8143079860980281,88262.0061460064,168,S3_twin_shock,indonesia,USDC
805,0.831968418674639,86055.45599235623,168,S3_twin_shock,indonesia,USDC
806,0.8335897435579557,83904.06959254734,168,S3_twin_shock,indonesia,USDC
807,0.8361226234992382,81806.46785273365,168,S3_twin_shock,indonesia,USDC
808,0.8541436189427232,79761.30615641532,168,S3_twin_shock,indonesia,USDC
809,0.8498885810182841,77767.27350250492,168,S3_twin_shock,indonesia,USDC
810,0.8713366717746102,75823.0916649423,168,S3_twin_shock,indonesia,USDC
811,0.839841803700418,73927.51437331874,168,S3_twin_shock,indonesia,USDC
812,0.8298007303209693,72079.32651398578,168,S3_twin_shock,indonesia,USDC
813,0.8203302446726443,70277.34335113614,168,S3_twin_shock,indonesia,USDC
814,0.8026033700092781,68520.40976735773,168,S3_twin_shock,indonesia,USDC
815,0.8078161102196021,66807.3995231738,168,S3_twin_shock,indonesia,USDC
816,0.8174970855205179,65137.21453509444,168,S3_twin_shock,indonesia,USDC
817,0.8426314009520115,63508.78417171708,168,S3_twin_shock,indonesia,USDC
818,0.8333130203602822,61921.06456742415,168,S3_twin_shock,indonesia,USDC
819,0.841783705606425,60373.037953238556,168,S3_twin_shock,indonesia,USDC
820,0.8286499033035754,58863.712004407585,168,S3_twin_shock,indonesia,USDC
821,0.8156439519869573,57392.1192042974,168,S3_twin_shock,indonesia,USDC
822,0.810789329095515,55957.31622418997,168,S3_twin_shock,indonesia,USDC
823,0.8116409979962294,54558.38331858521,168,S3_twin_shock,indonesia,USDC
824,0.8048801094971155,53194.42373562059,168,S3_twin_shock,indonesia,USDC
825,0.8058250111788507,51864.56314223008,168,S3_twin_shock,indonesia,USDC
826,0.766979894517493,50567.94906367433,168,S3_twin_shock,indonesia,USDC
827,0.7878980618979803,49303.75033708247,168,S3_twin_shock,indonesia,USDC
828,0.7901327422198453,48071.1565786554,168,S3_twin_shock,indonesia,USDC
829,0.7799108552436301,46869.37766418902,168,S3_twin_shock,indonesia,USDC
830,0.75948303347518,45697.643222584295,168,S3_twin_shock,indonesia,USDC
831,0.7440273717643938,44555.20214201968,168,S3_twin_shock,indonesia,USDC
832,0.7510970207150306,43441.3220884692,168,S3_twin_shock,indonesia,USDC
833,0.7266181160466266,42355.28903625747,168,S3_twin_shock,indonesia,USDC
834,0.7112293588763043,41296.40681035103,168,S3_twin_shock,indonesia,USDC
835,0.7384161379163291,40263.99664009226,168,S3_twin_shock,indonesia,USDC
836,0.7556011000416739,39257.396724089944,168,S3_twin_shock,indonesia,USDC
837,0.7395811611105728,38275.961805987696,168,S3_twin_shock,indonesia,USDC
838,0.7769915221959632,37319.062760838,168,S3_twin_shock,indonesia,USDC
839,0.7853830072152461,36386.08619181705,168,S3_twin_shock,indonesia,USDC
840,0.7903369774603416,35476.43403702162,168,S3_twin_shock,indonesia,USDC
841,0.7963986499537477,34589.523186096085,168,S3_twin_shock,indonesia,USDC
842,0.8121155237065448,33724.78510644368,168,S3_twin_shock,indonesia,USDC
843,0.7820947695583331,32881.6654787826,168,S3_twin_shock,indonesia,USDC
844,0.7757972670288847,32059.623841813023,168,S3_twin_shock,indonesia,USDC
845,0.7614612817658563,31258.133245767698,168,S3_twin_shock,indonesia,USDC
846,0.7725602389084729,30476.679914623506,168,S3_twin_shock,indonesia,USDC
847,0.7804609477020561,29714.76291675792,168,S3_twin_shock,indonesia,USDC
848,0.7896976078967776,28971.89384383897,168,S3_twin_shock,indonesia,USDC
849,0.8151066819495726,28247.596497742998,168,S3_twin_shock,indonesia,USDC
850,0.7867774481833969,27541.406585299424,168,S3_twin_shock,indonesia,USDC
851,0.8107828893494712,26852.871420666943,168,S3_twin_shock,indonesia,USDC
852,0.797033043586164,26181.549635150266,168,S3_twin_shock,indonesia,USDC
853,0.7769744415026768,25527.010894271512,168,S3_twin_shock,indonesia,USDC
854,0.7892430232926297,24888.835621914724,168,S3_twin_shock,indonesia,USDC
855,0.7990509288903448,24266.61473136686,168,S3_twin_shock,indonesia,USDC
856,0.7809931147861958,23659.949363082684,168,S3_twin_shock,indonesia,USDC
857,0.7716168904466435,23068.45062900562,168,S3_twin_shock,indonesia,USDC
858,0.7712990616009516,22491.739363280478,168,S3_twin_shock,indonesia,USDC
859,0.8017479464120003,21929.445879198465,168,S3_twin_shock,indonesia,USDC
860,0.8003855340694772,21381.209732218507,168,S3_twin_shock,indonesia,USDC
861,0.8167430185603637,20846.679488913043,168,S3_twin_shock,indonesia,USDC
862,0.8237143473664087,20325.512501690217,168,S3_twin_shock,indonesia,USDC
863,0.8269577339912908,19817.37468914796,168,S3_twin_shock,indonesia,USDC
864,0.8122743246624576,19321.94032191926,168,S3_twin_shock,indonesia,USDC
865,0.8183206546354725,18838.89181387128,168,S3_twin_shock,indonesia,USDC
866,0.7969828721007347,18367.919518524497,168,S3_twin_shock,indonesia,USDC
867,0.7983509233874405,17908.721530561386,168,S3_twin_shock,indonesia,USDC
868,0.7988432270145691,17461.00349229735,168,S3_twin_shock,indonesia,USDC
869,0.8211929553398055,17024.478404989917,168,S3_twin_shock,indonesia,USDC
870,0.7991207546759622,16598.86644486517,168,S3_twin_shock,indonesia,USDC
871,0.8250413780722577,16183.89478374354,168,S3_twin_shock,indonesia,USDC
872,0.8201031360838087,15779.297414149953,168,S3_twin_shock,indonesia,USDC
873,0.7956770985154726,15384.814978796203,168,S3_twin_shock,indonesia,USDC
874,0.8027833679253322,15000.194604326298,168,S3_twin_shock,indonesia,USDC
875,0.8037045998978887,14625.189739218138,168,S3_twin_shock,indonesia,USDC
876,0.8034274624088362,14259.559995737687,168,S3_twin_shock,indonesia,USDC
877,0.8035806698213961,13903.070995844246,168,S3_twin_shock,indonesia,USDC
878,0.8169907733000289,13555.494220948141,168,S3_twin_shock,indonesia,USDC
879,0.8400432026701251,13216.606865424434,168,S3_twin_shock,indonesia,USDC
880,0.8261777037789437,12886.191693788825,168,S3_twin_shock,indonesia,USDC
881,0.8268478196728484,12564.036901444106,168,S3_twin_shock,indonesia,USDC
882,0.8347617435459798,12249.935978908,168,S3_twin_shock,indonesia,USDC
883,0.8285218325354606,11943.687579435302,168,S3_twin_shock,indonesia,USDC
884,0.8151503027670668,11645.09538994942,168,S3_twin_shock,indonesia,USDC
885,0.8261385053848704,11353.968005200684,168,S3_twin_shock,indonesia,USDC
886,0.8052026005915888,11070.118805070666,168,S3_twin_shock,indonesia,USDC
887,0.8210028319653306,10793.365834943901,168,S3_twin_shock,indonesia,USDC
888,0.8361828194624837,10523.531689070303,168,S3_twin_shock,indonesia,USDC
889,0.8098524363109433,10260.443396843544,168,S3_twin_shock,indonesia,USDC
890,0.8004913191649011,10003.932311922455,168,S3_twin_shock,indonesia,USDC
891,0.785646985704998,9753.834004124394,168,S3_twin_shock,indonesia,USDC
892,0.8176253506928082,9509.988154021285,168,S3_twin_shock,indonesia,USDC
893,0.8561040672847015,9272.238450170753,168,S3_twin_shock,indonesia,USDC
894,0.8701846775818793,9040.432488916484,168,S3_twin_shock,indonesia,USDC
895,0.8506036013884294,8814.421676693571,168,S3_twin_shock,indonesia,USDC
896,0.8524393056768493,8594.061134776231,168,S3_twin_shock,indonesia,USDC
897,0.837652951828327,8379.209606406826,168,S3_twin_shock,indonesia,USDC
898,0.8454224109459367,8169.729366246656,168,S3_twin_shock,indonesia,USDC
899,0.8351285070160459,7965.486132090489,168,S3_twin_shock,indonesia,USDC
900,0.8177742284548808,7766.348978788228,168,S3_twin_shock,indonesia,USDC
901,0.8009392351761812,7572.1902543185215,168,S3_twin_shock,indonesia,USDC
902,0.7731291197710163,7382.8854979605585,168,S3_twin_shock,indonesia,USDC
903,0.7861988128777564,7198.313360511544,168,S3_twin_shock,indonesia,USDC
904,0.7959061043106135,7018.355526498755,168,S3_twin_shock,indonesia,USDC
905,0.8194639291352306,6842.896638336288,168,S3_twin_shock,indonesia,USDC
906,0.8244096664025985,6671.82422237788,168,S3_twin_shock,indonesia,USDC
907,0.8094480054359996,6505.028616818433,168,S3_twin_shock,indonesia,USDC
908,0.8011060254267026,6342.4029013979725,168,S3_twin_shock,indonesia,USDC
909,0.8243532556572868,6183.842828863023,168,S3_twin_shock,indonesia,USDC
910,0.8090567745253453,6029.246758141448,168,S3_twin_shock,indonesia,USDC
911,0.8377879282745574,5878.515589187911,168,S3_twin_shock,indonesia,USDC
912,0.8585892809760032,5731.552699458213,168,S3_twin_shock,indonesia,USDC
913,0.870806271565831,5588.263881971758,168,S3_twin_shock,indonesia,USDC
914,0.8403974258945287,5448.5572849224645,168,S3_twin_shock,indonesia,USDC
915,0.8436261526784216,5312.343352799402,168,S3_twin_shock,indonesia,USDC
916,0.8438270167394714,5179.534768979417,168,S3_twin_shock,indonesia,USDC
917,0.8352591920471178,5050.046399754932,168,S3_twin_shock,indonesia,USDC
918,0.854488360035201,4923.795239761059,168,S3_twin_shock,indonesia,USDC
919,0.8730972468825576,4800.700358767032,168,S3_twin_shock,indonesia,USDC
920,0.8713193758828226,4680.682849797857,168,S3_twin_shock,indonesia,USDC
921,0.8445261468040668,4563.66577855291,168,S3_twin_shock,indonesia,USDC
922,0.8419492290802956,4449.574134089087,168,S3_twin_shock,indonesia,USDC
923,0.8230195182167568,4338.33478073686,168,S3_twin_shock,indonesia,USDC
924,0.8104835998326977,4229.876411218438,168,S3_twin_shock,indonesia,USDC
925,0.8118701103200283,4124.129500937977,168,S3_twin_shock,indonesia,USDC
926,0.845572476123217,4021.0262634145283,168,S3_twin_shock,indonesia,USDC
927,0.8261369157578805,3920.5006068291646,168,S3_twin_shock,indonesia,USDC
928,0.8294999740585426,3822.488091658435,168,S3_twin_shock,indonesia,USDC
929,0.8322568904430474,3726.925889366975,168,S3_twin_shock,indonesia,USDC
930,0.8405412107626223,3633.7527421328004,168,S3_twin_shock,indonesia,USDC
931,0.8292645020456015,3542.9089235794804,168,S3_twin_shock,indonesia,USDC
932,0.8095928342212437,3454.336200489993,168,S3_twin_shock,indonesia,USDC
933,0.8227545789271971,3367.9777954777437,168,S3_twin_shock,indonesia,USDC
934,0.8086659808225016,3283.7783505908,168,S3_twin_shock,indonesia,USDC
935,0.8267133170485363,3201.68389182603,168,S3_twin_shock,indonesia,USDC
936,0.8490378920415668,3121.6417945303792,168,S3_twin_shock,indonesia,USDC
937,0.8266675438509774,3043.60074966712,168,S3_twin_shock,indonesia,USDC
938,0.8215426116503137,2967.5107309254417,168,S3_twin_shock,indonesia,USDC
939,0.806046946873818,2893.322962652306,168,S3_twin_shock,indonesia,USDC
940,0.7934755315611104,2820.9898885859984,168,S3_twin_shock,indonesia,USDC
941,0.8024324102491157,2750.465141371348,168,S3_twin_shock,indonesia,USDC
942,0.797620209133527,2681.7035128370644,168,S3_twin_shock,indonesia,USDC
943,0.7969633378593848,2614.660925016138,168,S3_twin_shock,indonesia,USDC
944,0.7772266815278462,2549.2944018907347,168,S3_twin_shock,indonesia,USDC
945,0.7991138352801981,2485.5620418434664,168,S3_twin_shock,indonesia,USDC
946,0.8103022082527285,2423.4229907973795,168,S3_twin_shock,indonesia,USDC
947,0.801672035316805,2362.837416027445,168,S3_twin_shock,indonesia,USDC
948,0.8000668781379159,2303.766480626759,168,S3_twin_shock,indonesia,USDC
949,0.8140271529519271,2246.17231861109,168,S3_twin_shock,indonesia,USDC
950,0.81856779807791,2190.018010645813,168,S3_twin_shock,indonesia,USDC
951,0.8120351003192013,2135.2675603796674,168,S3_twin_shock,indonesia,USDC
952,0.7965603334708902,2081.8858713701757,168,S3_twin_shock,indonesia,USDC
953,0.779139551241687,2029.8387245859215,168,S3_twin_shock,indonesia,USDC
954,0.7808071354237105,1979.0927564712733,168,S3_twin_shock,indonesia,USDC
955,0.7680812263037,1929.6154375594915,168,S3_twin_shock,indonesia,USDC
956,0.7821941322861649,1881.375051620504,168,S3_twin_shock,indonesia,USDC
957,0.8074338326895762,1834.3406753299914,168,S3_twin_shock,indonesia,USDC
958,0.803666939277693,1788.4821584467418,168,S3_twin_shock,indonesia,USDC
959,0.807212616734912,1743.7701044855733,168,S3_twin_shock,indonesia,USDC
960,0.8116129228605219,1700.175851873434,168,S3_twin_shock,indonesia,USDC
961,0.7961455354216234,1657.6714555765982,168,S3_twin_shock,indonesia,USDC
962,0.8084129383807369,1616.2296691871832,168,S3_twin_shock,indonesia,USDC
963,0.8184261381051217,1575.8239274575035,168,S3_twin_shock,indonesia,USDC
964,0.8154915707870342,1536.428329271066,168,S3_twin_shock,indonesia,USDC
965,0.8001026483835078,1498.0176210392895,168,S3_twin_shock,indonesia,USDC
966,0.8033334871755355,1460.5671805133072,168,S3_twin_shock,indonesia,USDC
967,0.8159047998588949,1424.0530010004745,168,S3_twin_shock,indonesia,USDC
968,0.8167068997601025,1388.4516759754626,168,S3_twin_shock,indonesia,USDC
969,0.7943996600000311,1353.740384076076,168,S3_twin_shock,indonesia,USDC
970,0.7948858877672376,1319.8968744741742,168,S3_twin_shock,indonesia,USDC
971,0.8198522909297433,1286.89945261232,168,S3_twin_shock,indonesia,USDC
972,0.8452101424251303,1254.7269662970118,168,S3_twin_shock,indonesia,USDC
973,0.8522676331894654,1223.3587921395865,168,S3_twin_shock,indonesia,USDC
974,0.8274021298286326,1192.7748223360968,168,S3_twin_shock,indonesia,USDC
975,0.8435827450309975,1162.9554517776946,168,S3_twin_shock,indonesia,USDC
976,0.8120084792045953,1133.8815654832522,168,S3_twin_shock,indonesia,USDC
977,0.788721986562894,1105.5345263461709,168,S3_twin_shock,indonesia,USDC
978,0.8026786800960446,1077.8961631875165,168,S3_twin_shock,indonesia,USDC
979,0.8033781196299125,1050.9487591078287,168,S3_twin_shock,indonesia,USDC
980,0.7981956249172988,1024.675040130133,168,S3_twin_shock,indonesia,USDC
981,0.8188343781820598,999.0581641268798,168,S3_twin_shock,indonesia,USDC
982,0.823342331141618,974.0817100237077,168,S3_twin_shock,indonesia,USDC
983,0.8223041765125509,949.729667273115,168,S3_twin_shock,indonesia,USDC
984,0.8125721285893557,925.9864255912871,168,S3_twin_shock,indonesia,USDC
985,0.8210730489658331,902.8367649515051,168,S3_twin_shock,indonesia,USDC
986,0.8066238142651467,880.2658458277173,168,S3_twin_shock,indonesia,USDC
987,0.7961159151108332,858.2591996820245,168,S3_twin_shock,indonesia,USDC
988,0.7917132974526878,836.8027196899739,168,S3_twin_shock,indonesia,USDC
989,0.7677067652766059,815.8826516977244,168,S3_twin_shock,indonesia,USDC
990,0.771643486046736,795.4855854052814,168,S3_twin_shock,indonesia,USDC
991,0.7903287655587068,775.5984457701495,168,S3_twin_shock,indonesia,USDC
992,0.7935641871780117,756.2084846258957,168,S3_twin_shock,indonesia,USDC
993,0.7755460755429873,737.3032725102482,168,S3_twin_shock,indonesia,USDC
994,0.7692773484193383,718.870690697492,168,S3_twin_shock,indonesia,USDC
995,0.7779010607559482,700.8989234300548,168,S3_twin_shock,indonesia,USDC
996,0.7463008022780249,683.3764503443034,168,S3_twin_shock,indonesia,USDC
997,0.7596678779727303,666.2920390856958,168,S3_twin_shock,indonesia,USDC
998,0.7518910709197404,649.6347381085534,168,S3_twin_shock,indonesia,USDC
999,0.7471075817981996,633.3938696558396,168,S3_twin_shock,indonesia,USDC
1000,0.7514138030330813,617.5590229144436,168,S3_twin_shock,indonesia,USDC
