Step,price,liquidity,iteration,scenario,region,coin
1,1.0143976250580413,2988783622182.159,136,S3_twin_shock,indonesia,USDC
2,1.0008647250639293,2988783622182.159,136,S3_twin_shock,indonesia,USDC
3,1.001450454159629,2988783622182.159,136,S3_twin_shock,indonesia,USDC
4,1.0038874868639214,2988783622182.159,136,S3_twin_shock,indonesia,USDC
5,0.989729144890223,2988783622182.159,136,S3_twin_shock,indonesia,USDC
6,0.9760686936303371,2988783622182.159,136,S3_twin_shock,indonesia,USDC
7,0.9837118595369884,2988783622182.159,136,S3_twin_shock,indonesia,USDC
8,0.9761521186516811,2988783622182.159,136,S3_twin_shock,indonesia,USDC
9,0.9750924244793732,2988783622182.159,136,S3_twin_shock,indonesia,USDC
10,0.9783354294774386,2988783622182.159,136,S3_twin_shock,indonesia,USDC
11,0.9606372839151166,2988783622182.159,136,S3_twin_shock,indonesia,USDC
12,0.9638651372241755,2988224775164.581,136,S3_twin_shock,indonesia,USDC
13,1.007633776351346,2987877057459.8296,136,S3_twin_shock,indonesia,USDC
14,0.9888131197675095,2987877057459.8296,136,S3_twin_shock,indonesia,USDC
15,0.994626849134411,2987877057459.8296,136,S3_twin_shock,indonesia,USDC
16,1.0109766729042904,2987877057459.8296,136,S3_twin_shock,indonesia,USDC
17,1.0164629411609984,2987877057459.8296,136,S3_twin_shock,indonesia,USDC
18,1.0289246302794173,2987877057459.8296,136,S3_twin_shock,indonesia,USDC
19,1.0251929758366922,2987877057459.8296,136,S3_twin_shock,indonesia,USDC
20,1.0172335750994526,2987877057459.8296,136,S3_twin_shock,indonesia,USDC
21,1.0353294069867627,2987877057459.8296,136,S3_twin_shock,indonesia,USDC
22,1.019938330692095,2987877057459.8296,136,S3_twin_shock,indonesia,USDC
23,1.0442196124171046,2987877057459.8296,136,S3_twin_shock,indonesia,USDC
24,1.056634352170824,2987877057459.8296,136,S3_twin_shock,indonesia,USDC
25,1.068978465953664,2987877057459.8296,136,S3_twin_shock,indonesia,USDC
26,1.0430824015463085,2987877057459.8296,136,S3_twin_shock,indonesia,USDC
27,1.0505683642080135,2987877057459.8296,136,S3_twin_shock,indonesia,USDC
28,1.0400068607553319,2987877057459.8296,136,S3_twin_shock,indonesia,USDC
29,0.9882648680714275,2987877057459.8296,136,S3_twin_shock,indonesia,USDC
30,0.9752790645244956,2987877057459.8296,136,S3_twin_shock,indonesia,USDC
31,0.9524599031855506,2987877057459.8296,136,S3_twin_shock,indonesia,USDC
32,0.9624783957903701,2986823307184.3003,136,S3_twin_shock,indonesia,USDC
33,0.9655566421046389,2986385014385.8857,136,S3_twin_shock,indonesia,USDC
34,1.0040944815342046,2986142978888.0312,136,S3_twin_shock,indonesia,USDC
35,0.9978074863481803,2986142978888.0312,136,S3_twin_shock,indonesia,USDC
36,0.9836588448028846,2986142978888.0312,136,S3_twin_shock,indonesia,USDC
37,0.9813460556870064,2986142978888.0312,136,S3_twin_shock,indonesia,USDC
38,0.966954789454533,2986142978888.0312,136,S3_twin_shock,indonesia,USDC
39,0.9512314682184271,2985994706267.9624,136,S3_twin_shock,indonesia,USDC
40,0.9692835601020028,2984887728896.9077,136,S3_twin_shock,indonesia,USDC
41,0.9788276831266574,2984856325308.3613,136,S3_twin_shock,indonesia,USDC
42,0.9993174385847478,2984856325308.3613,136,S3_twin_shock,indonesia,USDC
43,1.0168526285741935,2984856325308.3613,136,S3_twin_shock,indonesia,USDC
44,1.0180410753465465,2984856325308.3613,136,S3_twin_shock,indonesia,USDC
45,0.9918682787858458,2984856325308.3613,136,S3_twin_shock,indonesia,USDC
46,0.9846876885626211,2984856325308.3613,136,S3_twin_shock,indonesia,USDC
47,0.9771419000955697,2984856325308.3613,136,S3_twin_shock,indonesia,USDC
48,1.0015536564107355,2984856325308.3613,136,S3_twin_shock,indonesia,USDC
49,1.0264392082921148,2984856325308.3613,136,S3_twin_shock,indonesia,USDC
50,1.0062075997990003,2984856325308.3613,136,S3_twin_shock,indonesia,USDC
51,0.9734483951042469,2984856325308.3613,136,S3_twin_shock,indonesia,USDC
52,0.9697577918665599,2984856325308.3613,136,S3_twin_shock,indonesia,USDC
53,0.9747207972385029,2984846992315.409,136,S3_twin_shock,indonesia,USDC
54,0.963494980917464,2984846992315.409,136,S3_twin_shock,indonesia,USDC
55,0.9494598947218095,2984507873076.619,136,S3_twin_shock,indonesia,USDC
56,0.9570230590202482,2983345112052.826,136,S3_twin_shock,indonesia,USDC
57,0.9743898081466984,2982615172636.518,136,S3_twin_shock,indonesia,USDC
58,0.9587455184264425,2982615172636.518,136,S3_twin_shock,indonesia,USDC
59,0.9548585631647515,2982004814253.0894,136,S3_twin_shock,indonesia,USDC
60,0.9584192821761213,2981189709669.0947,136,S3_twin_shock,indonesia,USDC
61,0.9520581766247772,2980593147125.8896,136,S3_twin_shock,indonesia,USDC
62,0.9509624823602109,2979685655616.25,136,S3_twin_shock,indonesia,USDC
63,0.9366441438537704,2978738926765.5405,136,S3_twin_shock,indonesia,USDC
64,0.9693206271162541,2977066346959.8584,136,S3_twin_shock,indonesia,USDC
65,0.9976647117094211,2977032530491.8506,136,S3_twin_shock,indonesia,USDC
66,1.0226091831782627,2977032530491.8506,136,S3_twin_shock,indonesia,USDC
67,1.0093511086132754,2977032530491.8506,136,S3_twin_shock,indonesia,USDC
68,0.9962981151054896,2977032530491.8506,136,S3_twin_shock,indonesia,USDC
69,1.0140737402100526,2977032530491.8506,136,S3_twin_shock,indonesia,USDC
70,1.0361272143284221,2977032530491.8506,136,S3_twin_shock,indonesia,USDC
71,1.044935753037347,2977032530491.8506,136,S3_twin_shock,indonesia,USDC
72,1.0602380632397292,2977032530491.8506,136,S3_twin_shock,indonesia,USDC
73,1.0549932020358197,2977032530491.8506,136,S3_twin_shock,indonesia,USDC
74,1.0591821823388041,2977032530491.8506,136,S3_twin_shock,indonesia,USDC
75,1.077508780082198,2977032530491.8506,136,S3_twin_shock,indonesia,USDC
76,1.0512405332616155,2977032530491.8506,136,S3_twin_shock,indonesia,USDC
77,1.0405004692009303,2977032530491.8506,136,S3_twin_shock,indonesia,USDC
78,1.0167110953134262,2977032530491.8506,136,S3_twin_shock,indonesia,USDC
79,1.0084307386713718,2977032530491.8506,136,S3_twin_shock,indonesia,USDC
80,1.0099163448306159,2977032530491.8506,136,S3_twin_shock,indonesia,USDC
81,0.965457572667113,2977032530491.8506,136,S3_twin_shock,indonesia,USDC
82,0.9431000975999061,2976852784198.9883,136,S3_twin_shock,indonesia,USDC
83,0.9495726736761471,2975545453354.9688,136,S3_twin_shock,indonesia,USDC
84,0.9277609563426539,2974583458934.8525,136,S3_twin_shock,indonesia,USDC
85,0.8949432557147992,2972654637868.881,136,S3_twin_shock,indonesia,USDC
86,0.9173445074214092,2969259982605.035,136,S3_twin_shock,indonesia,USDC
87,0.9370151038894524,2967062763330.9575,136,S3_twin_shock,indonesia,USDC
88,0.9460772893008925,2965761079316.531,136,S3_twin_shock,indonesia,USDC
89,0.9443260955613483,2964849119513.0107,136,S3_twin_shock,indonesia,USDC
90,0.9285145384847899,2963894539995.48,136,S3_twin_shock,indonesia,USDC
91,0.9188004408755058,2962392898109.1826,136,S3_twin_shock,indonesia,USDC
92,0.9325199105903673,2960653553484.4688,136,S3_twin_shock,indonesia,USDC
93,0.9340181157809669,2959422122685.8203,136,S3_twin_shock,indonesia,USDC
94,0.9341190489644946,2958368398394.281,136,S3_twin_shock,indonesia,USDC
95,0.9247073770640363,2957274037665.7617,136,S3_twin_shock,indonesia,USDC
96,0.9175155751916901,2955975056870.0176,136,S3_twin_shock,indonesia,USDC
97,0.9296405735431006,2954571697461.6616,136,S3_twin_shock,indonesia,USDC
98,0.9419327306913822,2953498716092.89,136,S3_twin_shock,indonesia,USDC
99,0.9625547470733888,2952853727658.468,136,S3_twin_shock,indonesia,USDC
100,0.9676999418936625,2952684184511.7065,136,S3_twin_shock,indonesia,USDC
101,0.8246375577015101,2952627511643.529,136,S3_twin_shock,indonesia,USDC
102,0.8507512520939269,2949197453160.111,136,S3_twin_shock,indonesia,USDC
103,0.8890288890647204,2946687841011.5674,136,S3_twin_shock,indonesia,USDC
104,0.9113313464046428,2945227435543.9883,136,S3_twin_shock,indonesia,USDC
105,0.9282122703218444,2944308019203.3965,136,S3_twin_shock,indonesia,USDC
106,0.9266998161929316,2943696672558.757,136,S3_twin_shock,indonesia,USDC
107,0.9545897593620851,2943049745585.366,136,S3_twin_shock,indonesia,USDC
108,0.9395199309608618,2942856495080.4404,136,S3_twin_shock,indonesia,USDC
109,0.956901145493901,2942428959791.112,136,S3_twin_shock,indonesia,USDC
110,0.9946806309941142,2942254813916.2944,136,S3_twin_shock,indonesia,USDC
111,0.98602879310689,2942254813916.2944,136,S3_twin_shock,indonesia,USDC
112,0.9923465760652849,2942254813916.2944,136,S3_twin_shock,indonesia,USDC
113,0.9813613209869185,2942254813916.2944,136,S3_twin_shock,indonesia,USDC
114,1.0017679850656984,2942254813916.2944,136,S3_twin_shock,indonesia,USDC
115,1.000796645724669,2942254813916.2944,136,S3_twin_shock,indonesia,USDC
116,0.9961388768165592,2942254813916.2944,136,S3_twin_shock,indonesia,USDC
117,0.996126468078103,2942254813916.2944,136,S3_twin_shock,indonesia,USDC
118,1.0106595224531345,2942254813916.2944,136,S3_twin_shock,indonesia,USDC
119,1.0112699992890288,2942254813916.2944,136,S3_twin_shock,indonesia,USDC
120,1.0183895138080779,2942254813916.2944,136,S3_twin_shock,indonesia,USDC
121,0.9994099797859454,2868698443568.3867,136,S3_twin_shock,indonesia,USDC
122,1.0246008377470026,2796980982479.1772,136,S3_twin_shock,indonesia,USDC
123,0.9907528898391336,2727056457917.198,136,S3_twin_shock,indonesia,USDC
124,0.9698436883336621,2658880046469.268,136,S3_twin_shock,indonesia,USDC
125,0.9529890258777458,2592408045307.536,136,S3_twin_shock,indonesia,USDC
126,0.9343970310193718,2527378031586.574,136,S3_twin_shock,indonesia,USDC
127,0.9234938622210519,2463719562157.5854,136,S3_twin_shock,indonesia,USDC
128,0.8842552815138196,2401530116030.7617,136,S3_twin_shock,indonesia,USDC
129,0.8869849776162199,2340468490083.2573,136,S3_twin_shock,indonesia,USDC
130,0.9111953659685949,2281051759401.5156,136,S3_twin_shock,indonesia,USDC
131,0.9123284892924387,2223424340673.125,136,S3_twin_shock,indonesia,USDC
132,0.9014234705347804,2167313139570.4924,136,S3_twin_shock,indonesia,USDC
133,0.8771030944990197,2112523926443.8486,136,S3_twin_shock,indonesia,USDC
134,0.8704117777073264,2058961636409.309,136,S3_twin_shock,indonesia,USDC
135,0.8392153986162681,2006774071163.7097,136,S3_twin_shock,indonesia,USDC
136,0.8385853335321182,1955754370582.8364,136,S3_twin_shock,indonesia,USDC
137,0.7920977459518762,1906097670009.277,136,S3_twin_shock,indonesia,USDC
138,0.7758409253410522,1857508632703.7256,136,S3_twin_shock,indonesia,USDC
139,0.7820638961665659,1810284391472.73,136,S3_twin_shock,indonesia,USDC
140,0.7849895316228994,1764409724277.7642,136,S3_twin_shock,indonesia,USDC
141,0.8047496854575299,1719771906558.7817,136,S3_twin_shock,indonesia,USDC
142,0.8028592293919715,1676411247592.7842,136,S3_twin_shock,indonesia,USDC
143,0.8037561768679388,1634178383063.78,136,S3_twin_shock,indonesia,USDC
144,0.7944608925941847,1593074031817.3801,136,S3_twin_shock,indonesia,USDC
145,0.7963683883094618,1553025757921.7427,136,S3_twin_shock,indonesia,USDC
146,0.7786365282194783,1514018429747.3464,136,S3_twin_shock,indonesia,USDC
147,0.7763622032149453,1475994497497.4333,136,S3_twin_shock,indonesia,USDC
148,0.7855818716699708,1438958629089.1313,136,S3_twin_shock,indonesia,USDC
149,0.7802548506740937,1402879540769.2173,136,S3_twin_shock,indonesia,USDC
150,0.7438893128828996,1367713280760.273,136,S3_twin_shock,indonesia,USDC
151,0.7393744022611987,1333430084725.9673,136,S3_twin_shock,indonesia,USDC
152,0.7457392046542911,1300027642938.1753,136,S3_twin_shock,indonesia,USDC
153,0.7625673254715932,1267473637442.5884,136,S3_twin_shock,indonesia,USDC
154,0.7709043050356686,1235751053677.047,136,S3_twin_shock,indonesia,USDC
155,0.7852190124771334,1204828785128.8071,136,S3_twin_shock,indonesia,USDC
156,0.7827505070326258,1174687357391.457,136,S3_twin_shock,indonesia,USDC
157,0.7792990793428021,1145303035060.1685,136,S3_twin_shock,indonesia,USDC
158,0.8084356984809539,1116655673759.2324,136,S3_twin_shock,indonesia,USDC
159,0.8069391067826375,1088729218188.3579,136,S3_twin_shock,indonesia,USDC
160,0.8114639324783615,1061503023669.2573,136,S3_twin_shock,indonesia,USDC
161,0.8015303990072234,1034958656118.3297,136,S3_twin_shock,indonesia,USDC
162,0.8046279731354853,1009078626716.3035,136,S3_twin_shock,indonesia,USDC
163,0.7882335448706554,983846724698.9537,136,S3_twin_shock,indonesia,USDC
164,0.7792194411046919,959246035611.5298,136,S3_twin_shock,indonesia,USDC
165,0.7882411571741541,935261088409.8057,136,S3_twin_shock,indonesia,USDC
166,0.7931347222501676,911876569776.3029,136,S3_twin_shock,indonesia,USDC
167,0.7962832217229603,889077279215.552,136,S3_twin_shock,indonesia,USDC
168,0.8072511007133157,866848506837.926,136,S3_twin_shock,indonesia,USDC
169,0.8177414454849461,845175771357.1265,136,S3_twin_shock,indonesia,USDC
170,0.7838405687131172,824045191451.2463,136,S3_twin_shock,indonesia,USDC
171,0.7955946319023739,803442839601.2537,136,S3_twin_shock,indonesia,USDC
172,0.8020721088685742,783355880093.153,136,S3_twin_shock,indonesia,USDC
173,0.7952075894241452,763771260817.7606,136,S3_twin_shock,indonesia,USDC
174,0.8051423441973184,744676355079.1116,136,S3_twin_shock,indonesia,USDC
175,0.819593281043884,726058970906.7869,136,S3_twin_shock,indonesia,USDC
176,0.8206393361819168,707907141666.6266,136,S3_twin_shock,indonesia,USDC
177,0.8157960167340442,690209155881.4052,136,S3_twin_shock,indonesia,USDC
178,0.7971546706400149,672953645110.55,136,S3_twin_shock,indonesia,USDC
179,0.8096465502638654,656129553853.3965,136,S3_twin_shock,indonesia,USDC
180,0.7834213302149937,639726122017.0059,136,S3_twin_shock,indonesia,USDC
181,0.7843886888422071,623732767365.9902,136,S3_twin_shock,indonesia,USDC
182,0.7909061934299891,608139286203.1425,136,S3_twin_shock,indonesia,USDC
183,0.7933410575592907,592935682565.4225,136,S3_twin_shock,indonesia,USDC
184,0.8068570967806007,578112193957.5818,136,S3_twin_shock,indonesia,USDC
185,0.8038322557268366,563659315294.4109,136,S3_twin_shock,indonesia,USDC
186,0.7706656469818197,549567767849.1431,136,S3_twin_shock,indonesia,USDC
187,0.8031161074181482,535828507583.3065,136,S3_twin_shock,indonesia,USDC
188,0.8052957839040378,522432750693.6929,136,S3_twin_shock,indonesia,USDC
189,0.8083546309490475,509371895706.2312,136,S3_twin_shock,indonesia,USDC
190,0.8170922709618249,496637568683.2125,136,S3_twin_shock,indonesia,USDC
191,0.8121907988199543,484221606939.27576,136,S3_twin_shock,indonesia,USDC
192,0.8075430209619164,472116046566.9862,136,S3_twin_shock,indonesia,USDC
193,0.7814099295684681,460313128186.347,136,S3_twin_shock,indonesia,USDC
194,0.7688440526297928,448805283121.8598,136,S3_twin_shock,indonesia,USDC
195,0.7799594579096322,437585136346.5748,136,S3_twin_shock,indonesia,USDC
196,0.7893830076233406,426645496771.98645,136,S3_twin_shock,indonesia,USDC
197,0.7897592082641512,415979350510.9021,136,S3_twin_shock,indonesia,USDC
198,0.8064233208106694,405579859360.7489,136,S3_twin_shock,indonesia,USDC
199,0.8249896656409563,395440357625.1687,136,S3_twin_shock,indonesia,USDC
200,0.8258053917466333,385554344521.33575,136,S3_twin_shock,indonesia,USDC
201,0.7948558763995147,375915482524.7431,136,S3_twin_shock,indonesia,USDC
202,0.8065830645932948,366517591863.23376,136,S3_twin_shock,indonesia,USDC
203,0.786613626810923,357354649419.16766,136,S3_twin_shock,indonesia,USDC
204,0.7726161273419765,348420780526.33044,136,S3_twin_shock,indonesia,USDC
205,0.7883548020990441,339710258740.5342,136,S3_twin_shock,indonesia,USDC
206,0.8066564805461721,331217500563.0996,136,S3_twin_shock,indonesia,USDC
207,0.8128485848870354,322937061873.97534,136,S3_twin_shock,indonesia,USDC
208,0.8061932198390711,314863634376.094,136,S3_twin_shock,indonesia,USDC
209,0.8175075668310378,306992042676.07745,136,S3_twin_shock,indonesia,USDC
210,0.8125850663077954,299317240936.62646,136,S3_twin_shock,indonesia,USDC
211,0.8015296078463598,291834309311.69293,136,S3_twin_shock,indonesia,USDC
212,0.818729552300537,284538451059.7664,136,S3_twin_shock,indonesia,USDC
213,0.8077014581255031,277424989368.92194,136,S3_twin_shock,indonesia,USDC
214,0.7878972103828916,270489364281.69885,136,S3_twin_shock,indonesia,USDC
215,0.7764908494062873,263727129833.7154,136,S3_twin_shock,indonesia,USDC
216,0.7750163474042527,257133951284.6269,136,S3_twin_shock,indonesia,USDC
217,0.7775119576626739,250705602261.55383,136,S3_twin_shock,indonesia,USDC
218,0.7399124250149037,244437962013.41724,136,S3_twin_shock,indonesia,USDC
219,0.7525038125024139,238327012770.26605,136,S3_twin_shock,indonesia,USDC
220,0.7648270620412382,232368837314.55652,136,S3_twin_shock,indonesia,USDC
221,0.7795766156610743,226559616281.30286,136,S3_twin_shock,indonesia,USDC
222,0.77818073506133,220895625801.96777,136,S3_twin_shock,indonesia,USDC
223,0.805504776453178,215373235098.99066,136,S3_twin_shock,indonesia,USDC
224,0.8062777430219019,209988904178.6147,136,S3_twin_shock,indonesia,USDC
225,0.7960949677663098,204739181538.6908,136,S3_twin_shock,indonesia,USDC
226,0.7800417353119418,199620701970.14813,136,S3_twin_shock,indonesia,USDC
227,0.7727387718667411,194630184394.22638,136,S3_twin_shock,indonesia,USDC
228,0.7871092770830969,189764429760.87885,136,S3_twin_shock,indonesia,USDC
229,0.7997506311196437,185020319000.0964,136,S3_twin_shock,indonesia,USDC
230,0.8161134704099832,180394811011.9896,136,S3_twin_shock,indonesia,USDC
231,0.8454080766755939,175884940726.45386,136,S3_twin_shock,indonesia,USDC
232,0.8220307134924403,171487817201.46085,136,S3_twin_shock,indonesia,USDC
233,0.8318396803822086,167200621764.62082,136,S3_twin_shock,indonesia,USDC
234,0.8417535392390146,163020606214.83768,136,S3_twin_shock,indonesia,USDC
235,0.8212799687946633,158945091055.03366,136,S3_twin_shock,indonesia,USDC
236,0.7962778890652564,154971463774.15683,136,S3_twin_shock,indonesia,USDC
237,0.7951975037848816,151097177175.1378,136,S3_twin_shock,indonesia,USDC
238,0.7977578496188287,147319747741.9059,136,S3_twin_shock,indonesia,USDC
239,0.7902933205771802,143636754045.24548,136,S3_twin_shock,indonesia,USDC
240,0.8118580045753262,140045835191.59924,136,S3_twin_shock,indonesia,USDC
241,0.8038821203710326,136544689309.86887,136,S3_twin_shock,indonesia,USDC
242,0.7895913473926919,133131072075.51685,136,S3_twin_shock,indonesia,USDC
243,0.7796862809483783,129802795272.13388,136,S3_twin_shock,indonesia,USDC
244,0.7742979098557768,126557725388.98434,136,S3_twin_shock,indonesia,USDC
245,0.7603456147235403,123393782253.19022,136,S3_twin_shock,indonesia,USDC
246,0.7486733687930189,120308937695.91742,136,S3_twin_shock,indonesia,USDC
247,0.7758698206540101,117301214252.72034,136,S3_twin_shock,indonesia,USDC
248,0.7762989782228052,114368683895.87154,136,S3_twin_shock,indonesia,USDC
249,0.7758996594613158,111509466798.04092,136,S3_twin_shock,indonesia,USDC
250,0.7866607834011909,108721730127.76207,136,S3_twin_shock,indonesia,USDC
251,0.7548234315163822,106003686874.31688,136,S3_twin_shock,indonesia,USDC
252,0.7669939261747637,103353594702.20645,136,S3_twin_shock,indonesia,USDC
253,0.7615087930002141,100769754834.46144,136,S3_twin_shock,indonesia,USDC
254,0.7673803190841644,98250510963.44571,136,S3_twin_shock,indonesia,USDC
255,0.764318110132124,95794248189.24416,136,S3_twin_shock,indonesia,USDC
256,0.774521198154578,93399391984.41992,136,S3_twin_shock,indonesia,USDC
257,0.798894700113711,91064407184.73796,136,S3_twin_shock,indonesia,USDC
258,0.8165931082571909,88787797005.0725,136,S3_twin_shock,indonesia,USDC
259,0.8070529301902591,86568102079.90834,136,S3_twin_shock,indonesia,USDC
260,0.7955646349897375,84403899527.87921,136,S3_twin_shock,indonesia,USDC
261,0.800095635488665,82293802039.65213,136,S3_twin_shock,indonesia,USDC
262,0.8099020715307186,80236456988.63773,136,S3_twin_shock,indonesia,USDC
263,0.8076644774791932,78230545563.90332,136,S3_twin_shock,indonesia,USDC
264,0.8078003619176788,76274781924.79034,136,S3_twin_shock,indonesia,USDC
265,0.8044527364581885,74367912376.65742,136,S3_twin_shock,indonesia,USDC
266,0.7963221492033599,72508714567.22952,136,S3_twin_shock,indonesia,USDC
267,0.8091052203407846,70695996703.03882,136,S3_twin_shock,indonesia,USDC
268,0.8131477111815651,68928596785.45541,136,S3_twin_shock,indonesia,USDC
269,0.8095916790319824,67205381865.81296,136,S3_twin_shock,indonesia,USDC
270,0.8143714479132487,65525247319.16231,136,S3_twin_shock,indonesia,USDC
271,0.7907957942889521,63887116136.178925,136,S3_twin_shock,indonesia,USDC
272,0.8174868382398465,62289938232.77045,136,S3_twin_shock,indonesia,USDC
273,0.8385801382004142,60732689776.94838,136,S3_twin_shock,indonesia,USDC
274,0.827087296722261,59214372532.522675,136,S3_twin_shock,indonesia,USDC
275,0.8042019442668689,57734013219.20762,136,S3_twin_shock,indonesia,USDC
276,0.8088510619046679,56290662888.72553,136,S3_twin_shock,indonesia,USDC
277,0.7854040550226463,54883396316.50582,136,S3_twin_shock,indonesia,USDC
278,0.8030480094089641,53511311408.59159,136,S3_twin_shock,indonesia,USDC
279,0.802744895989254,52173528623.375694,136,S3_twin_shock,indonesia,USDC
280,0.8339244974043096,50869190407.79033,136,S3_twin_shock,indonesia,USDC
281,0.8056996686157127,49597460647.594925,136,S3_twin_shock,indonesia,USDC
282,0.8190939533769539,48357524131.40438,136,S3_twin_shock,indonesia,USDC
283,0.7884217475848753,47148586028.118774,136,S3_twin_shock,indonesia,USDC
284,0.7946984570876745,45969871377.41528,136,S3_twin_shock,indonesia,USDC
285,0.7902891551586423,44820624592.97951,136,S3_twin_shock,indonesia,USDC
286,0.7646127624572954,43700108978.15466,136,S3_twin_shock,indonesia,USDC
287,0.763880743208327,42607606253.70048,136,S3_twin_shock,indonesia,USDC
288,0.7455148712468318,41542416097.3577,136,S3_twin_shock,indonesia,USDC
289,0.747736081830668,40503855694.92353,136,S3_twin_shock,indonesia,USDC
290,0.7429659641447866,39491259302.55028,136,S3_twin_shock,indonesia,USDC
291,0.7535280309649212,38503977819.9864,136,S3_twin_shock,indonesia,USDC
292,0.7367633228079596,37541378374.48664,136,S3_twin_shock,indonesia,USDC
293,0.7294312503654083,36602843915.12439,136,S3_twin_shock,indonesia,USDC
294,0.7171980337995596,35687772817.24621,136,S3_twin_shock,indonesia,USDC
295,0.7577241667821648,34795578496.815,136,S3_twin_shock,indonesia,USDC
296,0.7602282233024182,33925689034.394592,136,S3_twin_shock,indonesia,USDC
297,0.7662652320492402,33077546808.5347,136,S3_twin_shock,indonesia,USDC
298,0.7559695250779481,32250608138.321312,136,S3_twin_shock,indonesia,USDC
299,0.7549804701864842,31444342934.863262,136,S3_twin_shock,indonesia,USDC
300,0.7850594340955265,30658234361.49166,136,S3_twin_shock,indonesia,USDC
301,0.7671634755247918,29891778502.454365,136,S3_twin_shock,indonesia,USDC
302,0.7599417015546168,29144484039.892998,136,S3_twin_shock,indonesia,USDC
303,0.7781004629685112,28415871938.895668,136,S3_twin_shock,indonesia,USDC
304,0.7935231224221865,27705475140.42327,136,S3_twin_shock,indonesia,USDC
305,0.8079174104227513,27012838261.91268,136,S3_twin_shock,indonesia,USDC
306,0.785862668569723,26337517305.364864,136,S3_twin_shock,indonesia,USDC
307,0.7938848386270533,25679079372.730743,136,S3_twin_shock,indonesia,USDC
308,0.8155202952937111,25037102388.412468,136,S3_twin_shock,indonesia,USDC
309,0.7887760009134419,24411174828.702156,136,S3_twin_shock,indonesia,USDC
310,0.778105596243062,23800895457.9846,136,S3_twin_shock,indonesia,USDC
311,0.7881034745978606,23205873071.534985,136,S3_twin_shock,indonesia,USDC
312,0.8050522066537894,22625726244.74661,136,S3_twin_shock,indonesia,USDC
313,0.7890306803262732,22060083088.627945,136,S3_twin_shock,indonesia,USDC
314,0.7657346602147789,21508581011.412247,136,S3_twin_shock,indonesia,USDC
315,0.7696898619893533,20970866486.12694,136,S3_twin_shock,indonesia,USDC
316,0.7718810688322588,20446594823.97377,136,S3_twin_shock,indonesia,USDC
317,0.7656932900403199,19935429953.374424,136,S3_twin_shock,indonesia,USDC
318,0.7808975375834727,19437044204.540062,136,S3_twin_shock,indonesia,USDC
319,0.7735988687349482,18951118099.42656,136,S3_twin_shock,indonesia,USDC
320,0.7673970092954341,18477340146.940895,136,S3_twin_shock,indonesia,USDC
321,0.7644136726282207,18015406643.267376,136,S3_twin_shock,indonesia,USDC
322,0.7780091601271978,17565021477.18569,136,S3_twin_shock,indonesia,USDC
323,0.7446046718780326,17125895940.25605,136,S3_twin_shock,indonesia,USDC
324,0.7290840890284187,16697748541.74965,136,S3_twin_shock,indonesia,USDC
325,0.7492652316278776,16280304828.20591,136,S3_twin_shock,indonesia,USDC
326,0.7627985462526735,15873297207.50076,136,S3_twin_shock,indonesia,USDC
327,0.7700996371687506,15476464777.31324,136,S3_twin_shock,indonesia,USDC
328,0.8035577936299938,15089553157.88041,136,S3_twin_shock,indonesia,USDC
329,0.8088428015086961,14712314328.9334,136,S3_twin_shock,indonesia,USDC
330,0.8105884422674415,14344506470.710064,136,S3_twin_shock,indonesia,USDC
331,0.8101057357564185,13985893808.942314,136,S3_twin_shock,indonesia,USDC
332,0.7923190653039841,13636246463.718756,136,S3_twin_shock,indonesia,USDC
333,0.7793383231899847,13295340302.125786,136,S3_twin_shock,indonesia,USDC
334,0.7452753748387517,12962956794.57264,136,S3_twin_shock,indonesia,USDC
335,0.7290918410326285,12638882874.708324,136,S3_twin_shock,indonesia,USDC
336,0.7602878546757807,12322910802.840616,136,S3_twin_shock,indonesia,USDC
337,0.7767021259524564,12014838032.769602,136,S3_twin_shock,indonesia,USDC
338,0.7754353829967272,11714467081.950361,136,S3_twin_shock,indonesia,USDC
339,0.7817990753877522,11421605404.901602,136,S3_twin_shock,indonesia,USDC
340,0.754707580500727,11136065269.779062,136,S3_twin_shock,indonesia,USDC
341,0.7377412259328925,10857663638.034586,136,S3_twin_shock,indonesia,USDC
342,0.7540223256107101,10586222047.083721,136,S3_twin_shock,indonesia,USDC
343,0.7532325728158004,10321566495.906628,136,S3_twin_shock,indonesia,USDC
344,0.7517826467202601,10063527333.50896,136,S3_twin_shock,indonesia,USDC
345,0.7622011184256979,9811939150.171238,136,S3_twin_shock,indonesia,USDC
346,0.7544947821648675,9566640671.416956,136,S3_twin_shock,indonesia,USDC
347,0.7537629177552021,9327474654.63153,136,S3_twin_shock,indonesia,USDC
348,0.7502489126396163,9094287788.265743,136,S3_twin_shock,indonesia,USDC
349,0.753428355573094,8866930593.559101,136,S3_twin_shock,indonesia,USDC
350,0.7723152412009864,8645257328.720123,136,S3_twin_shock,indonesia,USDC
351,0.767798188368344,8429125895.502119,136,S3_twin_shock,indonesia,USDC
352,0.7593990762155852,8218397748.114567,136,S3_twin_shock,indonesia,USDC
353,0.743446380205718,8012937804.411702,136,S3_twin_shock,indonesia,USDC
354,0.7318123949015146,7812614359.301411,136,S3_twin_shock,indonesia,USDC
355,0.7455988599565938,7617299000.318875,136,S3_twin_shock,indonesia,USDC
356,0.7584017639419464,7426866525.310904,136,S3_twin_shock,indonesia,USDC
357,0.7618465261830993,7241194862.178131,136,S3_twin_shock,indonesia,USDC
358,0.7696749151970622,7060164990.623677,136,S3_twin_shock,indonesia,USDC
359,0.7676428447579793,6883660865.858086,136,S3_twin_shock,indonesia,USDC
360,0.7876336405843145,6711569344.211634,136,S3_twin_shock,indonesia,USDC
361,0.7838347102483693,6543780110.606342,136,S3_twin_shock,indonesia,USDC
362,0.7712138778498443,6380185607.841184,136,S3_twin_shock,indonesia,USDC
363,0.7581187797732067,6220680967.645154,136,S3_twin_shock,indonesia,USDC
364,0.7596096124053624,6065163943.454025,136,S3_twin_shock,indonesia,USDC
365,0.7631132170747547,5913534844.867675,136,S3_twin_shock,indonesia,USDC
366,0.7726912018006766,5765696473.745983,136,S3_twin_shock,indonesia,USDC
367,0.7903141675027207,5621554061.902333,136,S3_twin_shock,indonesia,USDC
368,0.7919482503615682,5481015210.354774,136,S3_twin_shock,indonesia,USDC
369,0.7988903807823293,5343989830.095905,136,S3_twin_shock,indonesia,USDC
370,0.823819973193002,5210390084.343508,136,S3_twin_shock,indonesia,USDC
371,0.8437903490138695,5080130332.2349205,136,S3_twin_shock,indonesia,USDC
372,0.8227286262186095,4953127073.929047,136,S3_twin_shock,indonesia,USDC
373,0.8273872406077079,4829298897.080821,136,S3_twin_shock,indonesia,USDC
374,0.8177751639487851,4708566424.6538,136,S3_twin_shock,indonesia,USDC
375,0.8125769364974409,4590852264.037456,136,S3_twin_shock,indonesia,USDC
376,0.8176846494697856,4476080957.436519,136,S3_twin_shock,indonesia,USDC
377,0.821982968046084,4364178933.500606,136,S3_twin_shock,indonesia,USDC
378,0.8222878250781438,4255074460.1630907,136,S3_twin_shock,indonesia,USDC
379,0.8024626134804485,4148697598.6590133,136,S3_twin_shock,indonesia,USDC
380,0.7956546350667653,4044980158.692538,136,S3_twin_shock,indonesia,USDC
381,0.7726862051172024,3943855654.7252245,136,S3_twin_shock,indonesia,USDC
382,0.7688963540898938,3845259263.357094,136,S3_twin_shock,indonesia,USDC
383,0.7820560482184516,3749127781.7731667,136,S3_twin_shock,indonesia,USDC
384,0.7787749047303572,3655399587.228838,136,S3_twin_shock,indonesia,USDC
385,0.7725100012004413,3564014597.5481167,136,S3_twin_shock,indonesia,USDC
386,0.793738632482141,3474914232.609414,136,S3_twin_shock,indonesia,USDC
387,0.8023615551451732,3388041376.794178,136,S3_twin_shock,indonesia,USDC
388,0.6921704482234816,3303340342.374324,136,S3_twin_shock,indonesia,USDC
389,0.7106781072934583,3220756833.8149652,136,S3_twin_shock,indonesia,USDC
390,0.7275909446702182,3140237912.9695916,136,S3_twin_shock,indonesia,USDC
391,0.7197374416147436,3061731965.145352,136,S3_twin_shock,indonesia,USDC
392,0.7214860738190639,2985188666.016718,136,S3_twin_shock,indonesia,USDC
393,0.7354944831675262,2910558949.3663006,136,S3_twin_shock,indonesia,USDC
394,0.7565211193232145,2837794975.632143,136,S3_twin_shock,indonesia,USDC
395,0.77931694435458,2766850101.2413387,136,S3_twin_shock,indonesia,USDC
396,0.763185096259592,2697678848.710305,136,S3_twin_shock,indonesia,USDC
397,0.7599338118425545,2630236877.492548,136,S3_twin_shock,indonesia,USDC
398,0.7506360186497071,2564480955.5552344,136,S3_twin_shock,indonesia,USDC
399,0.7422314260471877,2500368931.666353,136,S3_twin_shock,indonesia,USDC
400,0.7181508361176003,2437859708.374695,136,S3_twin_shock,indonesia,USDC
401,0.7195856277830633,2376913215.665327,136,S3_twin_shock,indonesia,USDC
402,0.7519216331680182,2317490385.2736945,136,S3_twin_shock,indonesia,USDC
403,0.747885147243984,2259553125.641852,136,S3_twin_shock,indonesia,USDC
404,0.7479010470331348,2203064297.500806,136,S3_twin_shock,indonesia,USDC
405,0.753618856680404,2147987690.0632854,136,S3_twin_shock,indonesia,USDC
406,0.7536883618923924,2094287997.8117032,136,S3_twin_shock,indonesia,USDC
407,0.7629760545061797,2041930797.8664107,136,S3_twin_shock,indonesia,USDC
408,0.7678532707392257,1990882527.9197507,136,S3_twin_shock,indonesia,USDC
409,0.7552652538632,1941110464.7217565,136,S3_twin_shock,indonesia,USDC
410,0.7536507771437452,1892582703.1037128,136,S3_twin_shock,indonesia,USDC
411,0.7328970570368996,1845268135.5261197,136,S3_twin_shock,indonesia,USDC
412,0.7480697930344412,1799136432.1379669,136,S3_twin_shock,indonesia,USDC
413,0.7676757729432016,1754158021.3345177,136,S3_twin_shock,indonesia,USDC
414,0.7841433997439807,1710304070.8011546,136,S3_twin_shock,indonesia,USDC
415,0.782411436780125,1667546469.0311258,136,S3_twin_shock,indonesia,USDC
416,0.7869535113063251,1625857807.305348,136,S3_twin_shock,indonesia,USDC
417,0.7909606335350511,1585211362.122714,136,S3_twin_shock,indonesia,USDC
418,0.7713113907802839,1545581078.0696464,136,S3_twin_shock,indonesia,USDC
419,0.7852119557138284,1506941551.1179051,136,S3_twin_shock,indonesia,USDC
420,0.8017044983031592,1469268012.3399575,136,S3_twin_shock,indonesia,USDC
421,0.7915644588347162,1432536312.0314586,136,S3_twin_shock,indonesia,USDC
422,0.7801536662311088,1396722904.230672,136,S3_twin_shock,indonesia,USDC
423,0.7951499404879614,1361804831.624905,136,S3_twin_shock,indonesia,USDC
424,0.77360336237952,1327759710.8342826,136,S3_twin_shock,indonesia,USDC
425,0.7998227436265621,1294565718.0634255,136,S3_twin_shock,indonesia,USDC
426,0.8109521497251833,1262201575.1118398,136,S3_twin_shock,indonesia,USDC
427,0.8062898879339737,1230646535.734044,136,S3_twin_shock,indonesia,USDC
428,0.7884624568279012,1199880372.3406928,136,S3_twin_shock,indonesia,USDC
429,0.7874568892102535,1169883363.0321755,136,S3_twin_shock,indonesia,USDC
430,0.799928282430251,1140636278.956371,136,S3_twin_shock,indonesia,USDC
431,0.7780831923312871,1112120371.982462,136,S3_twin_shock,indonesia,USDC
432,0.7793056406380959,1084317362.6829002,136,S3_twin_shock,indonesia,USDC
433,0.7871261145141203,1057209428.6158278,136,S3_twin_shock,indonesia,USDC
434,0.810780422620918,1030779192.9004321,136,S3_twin_shock,indonesia,USDC
435,0.7963314489894876,1005009713.0779213,136,S3_twin_shock,indonesia,USDC
436,0.7607845062248535,979884470.2509732,136,S3_twin_shock,indonesia,USDC
437,0.761533567043274,955387358.494699,136,S3_twin_shock,indonesia,USDC
438,0.7568623027169632,931502674.5323313,136,S3_twin_shock,indonesia,USDC
439,0.7496391844518668,908215107.669023,136,S3_twin_shock,indonesia,USDC
440,0.7788011615762166,885509729.9772975,136,S3_twin_shock,indonesia,USDC
441,0.7860823462712242,863371986.727865,136,S3_twin_shock,indonesia,USDC
442,0.7902153618699087,841787687.0596684,136,S3_twin_shock,indonesia,USDC
443,0.7844857022954422,820742994.8831768,136,S3_twin_shock,indonesia,USDC
444,0.7591378240057428,800224420.0110973,136,S3_twin_shock,indonesia,USDC
445,0.7266542005232537,780218809.5108199,136,S3_twin_shock,indonesia,USDC
446,0.703313643276857,760713339.2730494,136,S3_twin_shock,indonesia,USDC
447,0.7320732941715218,741695505.791223,136,S3_twin_shock,indonesia,USDC
448,0.7603924729542528,723153118.1464425,136,S3_twin_shock,indonesia,USDC
449,0.755559546851262,705074290.1927814,136,S3_twin_shock,indonesia,USDC
450,0.7569250111556222,687447432.937962,136,S3_twin_shock,indonesia,USDC
451,0.7589998988329958,670261247.1145129,136,S3_twin_shock,indonesia,USDC
452,0.7562037062060826,653504715.93665,136,S3_twin_shock,indonesia,USDC
453,0.757483822547491,637167098.0382339,136,S3_twin_shock,indonesia,USDC
454,0.7596676228311222,621237920.587278,136,S3_twin_shock,indonesia,USDC
455,0.7664428624039602,605706972.5725961,136,S3_twin_shock,indonesia,USDC
456,0.7761936130880467,590564298.2582811,136,S3_twin_shock,indonesia,USDC
457,0.7721162754666474,575800190.8018241,136,S3_twin_shock,indonesia,USDC
458,0.7702432264662762,561405186.0317785,136,S3_twin_shock,indonesia,USDC
459,0.7762245587779976,547370056.3809841,136,S3_twin_shock,indonesia,USDC
460,0.7903600304739813,533685804.9714594,136,S3_twin_shock,indonesia,USDC
461,0.7782468041162651,520343659.847173,136,S3_twin_shock,indonesia,USDC
462,0.7901020388237893,507335068.35099363,136,S3_twin_shock,indonesia,USDC
463,0.8091113162967584,494651691.6422188,136,S3_twin_shock,indonesia,USDC
464,0.7895872581072002,482285399.35116327,136,S3_twin_shock,indonesia,USDC
465,0.7875351644202846,470228264.3673842,136,S3_twin_shock,indonesia,USDC
466,0.7990255307280799,458472557.7581996,136,S3_twin_shock,indonesia,USDC
467,0.8039856221257178,447010743.81424457,136,S3_twin_shock,indonesia,USDC
468,0.7940551468398186,435835475.21888846,136,S3_twin_shock,indonesia,USDC
469,0.8028006109829219,424939588.3384162,136,S3_twin_shock,indonesia,USDC
470,0.8049462830461881,414316098.6299559,136,S3_twin_shock,indonesia,USDC
471,0.8280066943759569,403958196.1642069,136,S3_twin_shock,indonesia,USDC
472,0.8441689243474959,393859241.26010174,136,S3_twin_shock,indonesia,USDC
473,0.8174286487950786,384012760.2285992,136,S3_twin_shock,indonesia,USDC
474,0.7884592411297247,374412441.2228842,136,S3_twin_shock,indonesia,USDC
475,0.7790253803110453,365052130.19231206,136,S3_twin_shock,indonesia,USDC
476,0.7643635222766686,355925826.9375043,136,S3_twin_shock,indonesia,USDC
477,0.7734007807852896,347027681.2640667,136,S3_twin_shock,indonesia,USDC
478,0.7809866219764308,338351989.232465,136,S3_twin_shock,indonesia,USDC
479,0.7878319174441584,329893189.5016534,136,S3_twin_shock,indonesia,USDC
480,0.7952621419253133,321645859.76411206,136,S3_twin_shock,indonesia,USDC
481,0.7896306048134533,313604713.2700092,136,S3_twin_shock,indonesia,USDC
482,0.7731224460341669,305764595.43825907,136,S3_twin_shock,indonesia,USDC
483,0.6840174540129438,298120480.5523026,136,S3_twin_shock,indonesia,USDC
484,0.6916762472185164,290667468.53849494,136,S3_twin_shock,indonesia,USDC
485,0.6866278623604848,283400781.8250326,136,S3_twin_shock,indonesia,USDC
486,0.698267957323878,276315762.2794068,136,S3_twin_shock,indonesia,USDC
487,0.6970694007864305,269407868.22242165,136,S3_twin_shock,indonesia,USDC
488,0.6994064134286863,262672671.51686105,136,S3_twin_shock,indonesia,USDC
489,0.6970358729504359,256105854.72893953,136,S3_twin_shock,indonesia,USDC
490,0.6905518545009333,249703208.36071604,136,S3_twin_shock,indonesia,USDC
491,0.7048777150218969,243460628.1516981,136,S3_twin_shock,indonesia,USDC
492,0.7068559495345956,237374112.44790566,136,S3_twin_shock,indonesia,USDC
493,0.7014023867647589,231439759.63670802,136,S3_twin_shock,indonesia,USDC
494,0.7052940040366297,225653765.64579034,136,S3_twin_shock,indonesia,USDC
495,0.7462431297812238,220012421.5046456,136,S3_twin_shock,indonesia,USDC
496,0.7409352299193964,214512110.96702945,136,S3_twin_shock,indonesia,USDC
497,0.7342965303002581,209149308.1928537,136,S3_twin_shock,indonesia,USDC
498,0.7324006621395679,203920575.48803234,136,S3_twin_shock,indonesia,USDC
499,0.7422902062294913,198822561.10083157,136,S3_twin_shock,indonesia,USDC
500,0.7701407300138169,193851997.07331076,136,S3_twin_shock,indonesia,USDC
501,0.7974725047212509,189005697.146478,136,S3_twin_shock,indonesia,USDC
502,0.8108148683958613,184280554.71781605,136,S3_twin_shock,indonesia,USDC
503,0.822313565754237,179673540.84987062,136,S3_twin_shock,indonesia,USDC
504,0.8352435177808182,175181702.32862386,136,S3_twin_shock,indonesia,USDC
505,0.8328067534066431,170802159.77040827,136,S3_twin_shock,indonesia,USDC
506,0.8378572885974637,166532105.77614808,136,S3_twin_shock,indonesia,USDC
507,0.8398432111042224,162368803.13174438,136,S3_twin_shock,indonesia,USDC
508,0.8369189031921747,158309583.05345076,136,S3_twin_shock,indonesia,USDC
509,0.844730797731493,154351843.4771145,136,S3_twin_shock,indonesia,USDC
510,0.8184402464056935,150493047.39018664,136,S3_twin_shock,indonesia,USDC
511,0.8160756412162261,146730721.20543197,136,S3_twin_shock,indonesia,USDC
512,0.8150259696190119,143062453.17529616,136,S3_twin_shock,indonesia,USDC
513,0.7981066845195971,139485891.84591377,136,S3_twin_shock,indonesia,USDC
514,0.8185911745376652,135998744.5497659,136,S3_twin_shock,indonesia,USDC
515,0.8199116969924228,132598775.93602178,136,S3_twin_shock,indonesia,USDC
516,0.8158622567340482,129283806.53762123,136,S3_twin_shock,indonesia,USDC
517,0.8201702104299244,126051711.3741807,136,S3_twin_shock,indonesia,USDC
518,0.8221282548968587,122900418.5898262,136,S3_twin_shock,indonesia,USDC
519,0.8089889272212991,119827908.12508053,136,S3_twin_shock,indonesia,USDC
520,0.7920097883291629,116832210.42195353,136,S3_twin_shock,indonesia,USDC
521,0.7871410630406381,113911405.1614047,136,S3_twin_shock,indonesia,USDC
522,0.7797000229411838,111063620.03236955,136,S3_twin_shock,indonesia,USDC
523,0.7779233316842159,108287029.53156033,136,S3_twin_shock,indonesia,USDC
524,0.7883739391857024,105579853.7932713,136,S3_twin_shock,indonesia,USDC
525,0.7692839994932933,102940357.44843952,136,S3_twin_shock,indonesia,USDC
526,0.7947759535583837,100366848.51222853,136,S3_twin_shock,indonesia,USDC
527,0.8012448988146869,97857677.29942282,136,S3_twin_shock,indonesia,USDC
528,0.7958725128125324,95411235.36693725,136,S3_twin_shock,indonesia,USDC
529,0.8048035935705411,93025954.48276381,136,S3_twin_shock,indonesia,USDC
530,0.775527401570444,90700305.62069473,136,S3_twin_shock,indonesia,USDC
531,0.7945313828855555,88432797.98017734,136,S3_twin_shock,indonesia,USDC
532,0.781636769041309,86221978.03067291,136,S3_twin_shock,indonesia,USDC
533,0.7850272229315931,84066428.57990609,136,S3_twin_shock,indonesia,USDC
534,0.7836850842079596,81964767.86540842,136,S3_twin_shock,indonesia,USDC
535,0.7846472095669004,79915648.66877322,136,S3_twin_shock,indonesia,USDC
536,0.774815569191843,77917757.45205387,136,S3_twin_shock,indonesia,USDC
537,0.7842558041284959,75969813.51575254,136,S3_twin_shock,indonesia,USDC
538,0.7821720738872227,74070568.17785871,136,S3_twin_shock,indonesia,USDC
539,0.7901119898739628,72218803.97341226,136,S3_twin_shock,indonesia,USDC
540,0.8052074472627148,70413333.87407695,136,S3_twin_shock,indonesia,USDC
541,0.8178157400052198,68653000.52722503,136,S3_twin_shock,indonesia,USDC
542,0.8429653138342216,66936675.514044404,136,S3_twin_shock,indonesia,USDC
543,0.826443348785143,65263258.62619329,136,S3_twin_shock,indonesia,USDC
544,0.8238295778920933,63631677.16053846,136,S3_twin_shock,indonesia,USDC
545,0.814554622368254,62040885.231525004,136,S3_twin_shock,indonesia,USDC
546,0.8140204835318784,60489863.10073687,136,S3_twin_shock,indonesia,USDC
547,0.8096341019544298,58977616.52321845,136,S3_twin_shock,indonesia,USDC
548,0.8197921611234612,57503176.110137984,136,S3_twin_shock,indonesia,USDC
549,0.8297510292247077,56065596.70738454,136,S3_twin_shock,indonesia,USDC
550,0.795753764987826,54663956.78969992,136,S3_twin_shock,indonesia,USDC
551,0.802641066818643,53297357.86995743,136,S3_twin_shock,indonesia,USDC
552,0.8128861283898086,51964923.92320849,136,S3_twin_shock,indonesia,USDC
553,0.8010894456622905,50665800.82512828,136,S3_twin_shock,indonesia,USDC
554,0.7981642676632124,49399155.80450007,136,S3_twin_shock,indonesia,USDC
555,0.8079037971161326,48164176.90938757,136,S3_twin_shock,indonesia,USDC
556,0.8115556462548973,46960072.48665288,136,S3_twin_shock,indonesia,USDC
557,0.8227615161735189,45786070.67448656,136,S3_twin_shock,indonesia,USDC
558,0.8322419018727225,44641418.90762439,136,S3_twin_shock,indonesia,USDC
559,0.8387212957041852,43525383.43493379,136,S3_twin_shock,indonesia,USDC
560,0.8295211012016376,42437248.849060446,136,S3_twin_shock,indonesia,USDC
561,0.8241932783172617,41376317.62783393,136,S3_twin_shock,indonesia,USDC
562,0.8328011908662291,40341909.68713809,136,S3_twin_shock,indonesia,USDC
563,0.8568312263234009,39333361.94495963,136,S3_twin_shock,indonesia,USDC
564,0.8254220906551031,38350027.89633564,136,S3_twin_shock,indonesia,USDC
565,0.7905550066895136,37391277.198927246,136,S3_twin_shock,indonesia,USDC
566,0.7966322033551356,36456495.26895407,136,S3_twin_shock,indonesia,USDC
567,0.7819709593036436,35545082.88723022,136,S3_twin_shock,indonesia,USDC
568,0.7761080066666541,34656455.81504946,136,S3_twin_shock,indonesia,USDC
569,0.7956373442697906,33790044.41967323,136,S3_twin_shock,indonesia,USDC
570,0.7686835444581979,32945293.309181392,136,S3_twin_shock,indonesia,USDC
571,0.7678630501353255,32121660.976451866,136,S3_twin_shock,indonesia,USDC
572,0.7873088458433493,31318619.452040564,136,S3_twin_shock,indonesia,USDC
573,0.7579105426947159,30535653.965739556,136,S3_twin_shock,indonesia,USDC
574,0.756200998682194,29772262.616596065,136,S3_twin_shock,indonesia,USDC
575,0.7555432761145331,29027956.051181167,136,S3_twin_shock,indonesia,USDC
576,0.7879301255832618,28302257.149901636,136,S3_twin_shock,indonesia,USDC
577,0.8227282024916122,27594700.721154094,136,S3_twin_shock,indonesia,USDC
578,0.7759733588159892,26904833.20312524,136,S3_twin_shock,indonesia,USDC
579,0.7815500515413952,26232212.37304711,136,S3_twin_shock,indonesia,USDC
580,0.7770731689052104,25576407.063720934,136,S3_twin_shock,indonesia,USDC
581,0.7826979586374015,24936996.887127906,136,S3_twin_shock,indonesia,USDC
582,0.7764658601610278,24313571.964949712,136,S3_twin_shock,indonesia,USDC
583,0.79450750265222,23705732.665825967,136,S3_twin_shock,indonesia,USDC
584,0.770233309871607,23113089.34918032,136,S3_twin_shock,indonesia,USDC
585,0.7597236297580183,22535262.11545081,136,S3_twin_shock,indonesia,USDC
586,0.7689763891048688,21971880.56256454,136,S3_twin_shock,indonesia,USDC
587,0.740372252872314,21422583.54850043,136,S3_twin_shock,indonesia,USDC
588,0.7404386531420515,20887018.95978792,136,S3_twin_shock,indonesia,USDC
589,0.7336519606324909,20364843.48579322,136,S3_twin_shock,indonesia,USDC
590,0.7334931208209814,19855722.398648392,136,S3_twin_shock,indonesia,USDC
591,0.741090466049362,19359329.338682182,136,S3_twin_shock,indonesia,USDC
592,0.7410870010932161,18875346.105215125,136,S3_twin_shock,indonesia,USDC
593,0.7207489847664352,18403462.452584747,136,S3_twin_shock,indonesia,USDC
594,0.7315564617790384,17943375.89127013,136,S3_twin_shock,indonesia,USDC
595,0.726897616210805,17494791.493988376,136,S3_twin_shock,indonesia,USDC
596,0.7400905130760711,17057421.706638664,136,S3_twin_shock,indonesia,USDC
597,0.7583531047283127,16630986.163972698,136,S3_twin_shock,indonesia,USDC
598,0.7734116777696838,16215211.509873383,136,S3_twin_shock,indonesia,USDC
599,0.8033647621125612,15809831.222126547,136,S3_twin_shock,indonesia,USDC
600,0.8236233180803004,15414585.441573385,136,S3_twin_shock,indonesia,USDC
601,0.8478295156549976,15029220.80553405,136,S3_twin_shock,indonesia,USDC
602,0.8586536586445012,14653490.285395699,136,S3_twin_shock,indonesia,USDC
603,0.8137664168108328,14287153.028260807,136,S3_twin_shock,indonesia,USDC
604,0.8100201621011662,13929974.202554286,136,S3_twin_shock,indonesia,USDC
605,0.8105308814366492,13581724.847490426,136,S3_twin_shock,indonesia,USDC
606,0.80768514978937,13242181.726303168,136,S3_twin_shock,indonesia,USDC
607,0.8227272608169796,12911127.183145588,136,S3_twin_shock,indonesia,USDC
608,0.8030297503754438,12588349.003566947,136,S3_twin_shock,indonesia,USDC
609,0.7829009086171652,12273640.278477773,136,S3_twin_shock,indonesia,USDC
610,0.7868263287622725,11966799.27151583,136,S3_twin_shock,indonesia,USDC
611,0.7993581643615828,11667629.289727934,136,S3_twin_shock,indonesia,USDC
612,0.7902498148073266,11375938.557484735,136,S3_twin_shock,indonesia,USDC
613,0.7871265010139445,11091540.093547616,136,S3_twin_shock,indonesia,USDC
614,0.7692578472792764,10814251.591208927,136,S3_twin_shock,indonesia,USDC
615,0.7806405480439809,10543895.301428702,136,S3_twin_shock,indonesia,USDC
616,0.7862509749046972,10280297.918892985,136,S3_twin_shock,indonesia,USDC
617,0.7789247426130141,10023290.470920661,136,S3_twin_shock,indonesia,USDC
618,0.7760668190640068,9772708.209147645,136,S3_twin_shock,indonesia,USDC
619,0.7850577744566241,9528390.503918953,136,S3_twin_shock,indonesia,USDC
620,0.7823846290247967,9290180.741320979,136,S3_twin_shock,indonesia,USDC
621,0.7887075344937791,9057926.222787956,136,S3_twin_shock,indonesia,USDC
622,0.78409731000389,8831478.067218255,136,S3_twin_shock,indonesia,USDC
623,0.8102920882631574,8610691.1155378,136,S3_twin_shock,indonesia,USDC
624,0.8123370610229782,8395423.837649355,136,S3_twin_shock,indonesia,USDC
625,0.8129943444550048,8185538.24170812,136,S3_twin_shock,indonesia,USDC
626,0.7114539269298803,7980899.785665417,136,S3_twin_shock,indonesia,USDC
627,0.728028143231571,7781377.2910237815,136,S3_twin_shock,indonesia,USDC
628,0.7409904736065505,7586842.858748188,136,S3_twin_shock,indonesia,USDC
629,0.7434822971809922,7397171.787279483,136,S3_twin_shock,indonesia,USDC
630,0.7488020355611722,7212242.492597496,136,S3_twin_shock,indonesia,USDC
631,0.7590146694867382,7031936.430282559,136,S3_twin_shock,indonesia,USDC
632,0.7778008934395557,6856138.019525494,136,S3_twin_shock,indonesia,USDC
633,0.7808838174122832,6684734.569037357,136,S3_twin_shock,indonesia,USDC
634,0.7683445166534556,6517616.204811424,136,S3_twin_shock,indonesia,USDC
635,0.7693066386686896,6354675.799691137,136,S3_twin_shock,indonesia,USDC
636,0.7884288426480556,6195808.90469886,136,S3_twin_shock,indonesia,USDC
637,0.7350720538480005,6040913.682081388,136,S3_twin_shock,indonesia,USDC
638,0.7057635233732336,5889890.840029353,136,S3_twin_shock,indonesia,USDC
639,0.7356577177834699,5742643.56902862,136,S3_twin_shock,indonesia,USDC
640,0.7254110074669395,5599077.479802904,136,S3_twin_shock,indonesia,USDC
641,0.6990200873718174,5459100.5428078305,136,S3_twin_shock,indonesia,USDC
642,0.6938777319110054,5322623.029237635,136,S3_twin_shock,indonesia,USDC
643,0.7162330383210889,5189557.453506694,136,S3_twin_shock,indonesia,USDC
644,0.7231603701526909,5059818.517169027,136,S3_twin_shock,indonesia,USDC
645,0.7352179286801063,4933323.054239801,136,S3_twin_shock,indonesia,USDC
646,0.7689567102273881,4809989.977883806,136,S3_twin_shock,indonesia,USDC
647,0.782292772132088,4689740.22843671,136,S3_twin_shock,indonesia,USDC
648,0.7847010991080781,4572496.722725793,136,S3_twin_shock,indonesia,USDC
649,0.8149941909819184,4458184.304657648,136,S3_twin_shock,indonesia,USDC
650,0.7987614665201087,4346729.697041207,136,S3_twin_shock,indonesia,USDC
651,0.8015645183531586,4238061.454615177,136,S3_twin_shock,indonesia,USDC
652,0.8103569314137332,4132109.918249797,136,S3_twin_shock,indonesia,USDC
653,0.7989244493371855,4028807.170293552,136,S3_twin_shock,indonesia,USDC
654,0.8148985192799408,3928086.991036213,136,S3_twin_shock,indonesia,USDC
655,0.794601803605716,3829884.8162603076,136,S3_twin_shock,indonesia,USDC
656,0.7779958728759752,3734137.6958538,136,S3_twin_shock,indonesia,USDC
657,0.7757308483522075,3640784.253457455,136,S3_twin_shock,indonesia,USDC
658,0.7739668719592184,3549764.647121019,136,S3_twin_shock,indonesia,USDC
659,0.7679976874869925,3461020.5309429932,136,S3_twin_shock,indonesia,USDC
660,0.7925522708779358,3374495.017669419,136,S3_twin_shock,indonesia,USDC
661,0.7758373255560983,3290132.642227683,136,S3_twin_shock,indonesia,USDC
662,0.7703562507049225,3207879.326171992,136,S3_twin_shock,indonesia,USDC
663,0.7634136240572813,3127682.3430176917,136,S3_twin_shock,indonesia,USDC
664,0.765722924574731,3049490.2844422497,136,S3_twin_shock,indonesia,USDC
665,0.7687224151308368,2973253.0273311934,136,S3_twin_shock,indonesia,USDC
666,0.7574678408135681,2898921.7016479135,136,S3_twin_shock,indonesia,USDC
667,0.7734413201286243,2826448.6591067156,136,S3_twin_shock,indonesia,USDC
668,0.7637117058907086,2755787.4426290477,136,S3_twin_shock,indonesia,USDC
669,0.7827609547588741,2686892.7565633217,136,S3_twin_shock,indonesia,USDC
670,0.8032100588993746,2619720.4376492384,136,S3_twin_shock,indonesia,USDC
671,0.8131247873982395,2554227.4267080077,136,S3_twin_shock,indonesia,USDC
672,0.8102906351214371,2490371.741040307,136,S3_twin_shock,indonesia,USDC
673,0.7980344517575595,2428112.4475143,136,S3_twin_shock,indonesia,USDC
674,0.7943218146101763,2367409.636326442,136,S3_twin_shock,indonesia,USDC
675,0.7919607889521383,2308224.395418281,136,S3_twin_shock,indonesia,USDC
676,0.7864250748486116,2250518.785532824,136,S3_twin_shock,indonesia,USDC
677,0.7979934188743092,2194255.8158945036,136,S3_twin_shock,indonesia,USDC
678,0.780809936117849,2139399.420497141,136,S3_twin_shock,indonesia,USDC
679,0.8119258185649983,2085914.4349847124,136,S3_twin_shock,indonesia,USDC
680,0.7836089844223422,2033766.5741100945,136,S3_twin_shock,indonesia,USDC
681,0.808777763246116,1982922.4097573422,136,S3_twin_shock,indonesia,USDC
682,0.7974533270862119,1933349.3495134087,136,S3_twin_shock,indonesia,USDC
683,0.7833613010307449,1885015.6157755735,136,S3_twin_shock,indonesia,USDC
684,0.7739634169462302,1837890.225381184,136,S3_twin_shock,indonesia,USDC
685,0.7594292795914729,1791942.9697466544,136,S3_twin_shock,indonesia,USDC
686,0.7738325992580414,1747144.3955029882,136,S3_twin_shock,indonesia,USDC
687,0.775604454121103,1703465.7856154134,136,S3_twin_shock,indonesia,USDC
688,0.7725915416545872,1660879.1409750278,136,S3_twin_shock,indonesia,USDC
689,0.7772427353359171,1619357.162450652,136,S3_twin_shock,indonesia,USDC
690,0.7991507645363267,1578873.233389386,136,S3_twin_shock,indonesia,USDC
691,0.7997501649252787,1539401.4025546513,136,S3_twin_shock,indonesia,USDC
692,0.8023896037488966,1500916.367490785,136,S3_twin_shock,indonesia,USDC
693,0.8045780122732464,1463393.4583035153,136,S3_twin_shock,indonesia,USDC
694,0.8070901694196274,1426808.6218459273,136,S3_twin_shock,indonesia,USDC
695,0.7943268170212072,1391138.4062997792,136,S3_twin_shock,indonesia,USDC
696,0.8087332000809893,1356359.9461422847,136,S3_twin_shock,indonesia,USDC
697,0.8137217881987194,1322450.9474887277,136,S3_twin_shock,indonesia,USDC
698,0.8201099371971792,1289389.6738015094,136,S3_twin_shock,indonesia,USDC
699,0.7911652960068674,1257154.9319564719,136,S3_twin_shock,indonesia,USDC
700,0.8051368008746618,1225726.05865756,136,S3_twin_shock,indonesia,USDC
701,0.8095008472381067,1195082.907191121,136,S3_twin_shock,indonesia,USDC
702,0.8133982675807785,1165205.834511343,136,S3_twin_shock,indonesia,USDC
703,0.8375323129737668,1136075.6886485594,136,S3_twin_shock,indonesia,USDC
704,0.825638275959584,1107673.7964323454,136,S3_twin_shock,indonesia,USDC
705,0.727886384571784,1079981.9515215368,136,S3_twin_shock,indonesia,USDC
706,0.733744334353488,1052982.4027334983,136,S3_twin_shock,indonesia,USDC
707,0.6373033329812187,1026657.8426651609,136,S3_twin_shock,indonesia,USDC
708,0.6581796600914229,1000991.3965985319,136,S3_twin_shock,indonesia,USDC
709,0.6638690849287853,975966.6116835685,136,S3_twin_shock,indonesia,USDC
710,0.6599404646160467,951567.4463914792,136,S3_twin_shock,indonesia,USDC
711,0.6810017686772373,927778.2602316923,136,S3_twin_shock,indonesia,USDC
712,0.6980455274790254,904583.8037259,136,S3_twin_shock,indonesia,USDC
713,0.7185907471868382,881969.2086327525,136,S3_twin_shock,indonesia,USDC
714,0.7236627842360474,859919.9784169337,136,S3_twin_shock,indonesia,USDC
715,0.7346522682370453,838421.9789565104,136,S3_twin_shock,indonesia,USDC
716,0.7200493178329669,817461.4294825977,136,S3_twin_shock,indonesia,USDC
717,0.7429092615409849,797024.8937455327,136,S3_twin_shock,indonesia,USDC
718,0.7511274999298697,777099.2714018944,136,S3_twin_shock,indonesia,USDC
719,0.7531694109206336,757671.7896168471,136,S3_twin_shock,indonesia,USDC
720,0.7520528819526271,738729.9948764258,136,S3_twin_shock,indonesia,USDC
721,0.7610210228593159,720261.7450045152,136,S3_twin_shock,indonesia,USDC
722,0.7874598468746064,702255.2013794023,136,S3_twin_shock,indonesia,USDC
723,0.8056275644242386,684698.8213449172,136,S3_twin_shock,indonesia,USDC
724,0.7982151335786936,667581.3508112943,136,S3_twin_shock,indonesia,USDC
725,0.8124331809325942,650891.817041012,136,S3_twin_shock,indonesia,USDC
726,0.8116132608348738,634619.5216149867,136,S3_twin_shock,indonesia,USDC
727,0.8146272287045239,618754.033574612,136,S3_twin_shock,indonesia,USDC
728,0.8032159775470568,603285.1827352467,136,S3_twin_shock,indonesia,USDC
729,0.8020943640916157,588203.0531668656,136,S3_twin_shock,indonesia,USDC
730,0.8050701446763858,573497.976837694,136,S3_twin_shock,indonesia,USDC
731,0.7937152551775465,559160.5274167515,136,S3_twin_shock,indonesia,USDC
732,0.7776905789583376,545181.5142313328,136,S3_twin_shock,indonesia,USDC
733,0.8021162700828948,531551.9763755494,136,S3_twin_shock,indonesia,USDC
734,0.8149193450824875,518263.17696616077,136,S3_twin_shock,indonesia,USDC
735,0.8342985121601451,505306.59754200676,136,S3_twin_shock,indonesia,USDC
736,0.8075717713969129,492673.9326034566,136,S3_twin_shock,indonesia,USDC
737,0.789463946338432,480357.0842883702,136,S3_twin_shock,indonesia,USDC
738,0.7932979362067099,468348.15718116093,136,S3_twin_shock,indonesia,USDC
739,0.7921088345897142,456639.45325163193,136,S3_twin_shock,indonesia,USDC
740,0.7920414706964436,445223.46692034113,136,S3_twin_shock,indonesia,USDC
741,0.7930858749974934,434092.88024733256,136,S3_twin_shock,indonesia,USDC
742,0.7874844970576438,423240.5582411493,136,S3_twin_shock,indonesia,USDC
743,0.7920504148948765,412659.54428512044,136,S3_twin_shock,indonesia,USDC
744,0.7947054413789295,402343.0556779925,136,S3_twin_shock,indonesia,USDC
745,0.7951693176729554,392284.4792860427,136,S3_twin_shock,indonesia,USDC
746,0.7566714714412115,382477.36730389163,136,S3_twin_shock,indonesia,USDC
747,0.7600480478446376,372915.43312129437,136,S3_twin_shock,indonesia,USDC
748,0.7569410541395388,363592.547293262,136,S3_twin_shock,indonesia,USDC
749,0.7447942324926777,354502.73361093045,136,S3_twin_shock,indonesia,USDC
750,0.7461845929709443,345640.16527065716,136,S3_twin_shock,indonesia,USDC
751,0.7655829368103436,336999.1611388908,136,S3_twin_shock,indonesia,USDC
752,0.7842166469430321,328574.18211041845,136,S3_twin_shock,indonesia,USDC
753,0.7621344631073068,320359.827557658,136,S3_twin_shock,indonesia,USDC
754,0.7743346525152351,312350.8318687166,136,S3_twin_shock,indonesia,USDC
755,0.7473929557371908,304542.0610719987,136,S3_twin_shock,indonesia,USDC
756,0.7599524441708879,296928.5095451987,136,S3_twin_shock,indonesia,USDC
757,0.751003627129588,289505.29680656875,136,S3_twin_shock,indonesia,USDC
758,0.7657192368194105,282267.6643864045,136,S3_twin_shock,indonesia,USDC
759,0.7656997935131478,275210.9727767444,136,S3_twin_shock,indonesia,USDC
760,0.7642034292518828,268330.6984573258,136,S3_twin_shock,indonesia,USDC
761,0.7462645290779483,261622.43099589265,136,S3_twin_shock,indonesia,USDC
762,0.7506410179107978,255081.8702209953,136,S3_twin_shock,indonesia,USDC
763,0.7314066646059013,248704.82346547046,136,S3_twin_shock,indonesia,USDC
764,0.725486951612571,242487.2028788337,136,S3_twin_shock,indonesia,USDC
765,0.7401184878588449,236425.02280686283,136,S3_twin_shock,indonesia,USDC
766,0.7629115488150988,230514.39723669126,136,S3_twin_shock,indonesia,USDC
767,0.7524374051406741,224751.537305774,136,S3_twin_shock,indonesia,USDC
768,0.7627308845534002,219132.74887312966,136,S3_twin_shock,indonesia,USDC
769,0.7688230416192632,213654.4301513014,136,S3_twin_shock,indonesia,USDC
770,0.761886561256159,208313.0693975189,136,S3_twin_shock,indonesia,USDC
771,0.7824247162940483,203105.24266258092,136,S3_twin_shock,indonesia,USDC
772,0.7799612932379589,198027.6115960164,136,S3_twin_shock,indonesia,USDC
773,0.7718054448222644,193076.92130611598,136,S3_twin_shock,indonesia,USDC
774,0.8092580650612099,188249.99827346308,136,S3_twin_shock,indonesia,USDC
775,0.8339651575339748,183543.7483166265,136,S3_twin_shock,indonesia,USDC
776,0.8452570019256417,178955.15460871084,136,S3_twin_shock,indonesia,USDC
777,0.8501914360419109,174481.27574349305,136,S3_twin_shock,indonesia,USDC
778,0.8381221029462339,170119.24384990573,136,S3_twin_shock,indonesia,USDC
779,0.8461036594808413,165866.26275365808,136,S3_twin_shock,indonesia,USDC
780,0.8609631890197864,161719.60618481666,136,S3_twin_shock,indonesia,USDC
781,0.8464514434377527,157676.61603019622,136,S3_twin_shock,indonesia,USDC
782,0.8347113732862522,153734.70062944133,136,S3_twin_shock,indonesia,USDC
783,0.8171021051449159,149891.33311370527,136,S3_twin_shock,indonesia,USDC
784,0.8106510401972858,146144.04978586268,136,S3_twin_shock,indonesia,USDC
785,0.801919093990583,142490.4485412161,136,S3_twin_shock,indonesia,USDC
786,0.7968602406558252,138928.1873276857,136,S3_twin_shock,indonesia,USDC
787,0.7716128986638625,135454.98264449355,136,S3_twin_shock,indonesia,USDC
788,0.7796767572528569,132068.60807838122,136,S3_twin_shock,indonesia,USDC
789,0.7935628660989406,128766.89287642168,136,S3_twin_shock,indonesia,USDC
790,0.7784093910188017,125547.72055451115,136,S3_twin_shock,indonesia,USDC
791,0.7913639976948328,122409.02754064836,136,S3_twin_shock,indonesia,USDC
792,0.7819955241250888,119348.80185213215,136,S3_twin_shock,indonesia,USDC
793,0.7530002915421846,116365.08180582884,136,S3_twin_shock,indonesia,USDC
794,0.7453379953475533,113455.95476068312,136,S3_twin_shock,indonesia,USDC
795,0.7348316460201344,110619.55589166604,136,S3_twin_shock,indonesia,USDC
796,0.7434129313439893,107854.06699437439,136,S3_twin_shock,indonesia,USDC
797,0.7434309041996302,105157.71531951503,136,S3_twin_shock,indonesia,USDC
798,0.7400357149190689,102528.77243652716,136,S3_twin_shock,indonesia,USDC
799,0.7441741484226261,99965.55312561398,136,S3_twin_shock,indonesia,USDC
800,0.7452115179065743,97466.41429747363,136,S3_twin_shock,indonesia,USDC
801,0.7512148570111696,95029.75394003678,136,S3_twin_shock,indonesia,USDC
802,0.7589221232716041,92654.01009153586,136,S3_twin_shock,indonesia,USDC
803,0.73864821841156,90337.65983924747,136,S3_twin_shock,indonesia,USDC
804,0.7336155093911085,88079.21834326629,136,S3_twin_shock,indonesia,USDC
805,0.7365853009067316,85877.23788468463,136,S3_twin_shock,indonesia,USDC
806,0.7646698350365234,83730.30693756751,136,S3_twin_shock,indonesia,USDC
807,0.7414897974100818,81637.04926412832,136,S3_twin_shock,indonesia,USDC
808,0.7474117285886813,79596.12303252511,136,S3_twin_shock,indonesia,USDC
809,0.7487845843030975,77606.21995671198,136,S3_twin_shock,indonesia,USDC
810,0.7392895559932086,75666.06445779419,136,S3_twin_shock,indonesia,USDC
811,0.7485350003612654,73774.41284634933,136,S3_twin_shock,indonesia,USDC
812,0.7807570719592392,71930.05252519061,136,S3_twin_shock,indonesia,USDC
813,0.749904482396278,70131.80121206083,136,S3_twin_shock,indonesia,USDC
814,0.7301127556976789,68378.50618175932,136,S3_twin_shock,indonesia,USDC
815,0.7518658295248645,66669.04352721533,136,S3_twin_shock,indonesia,USDC
816,0.7328583129349068,65002.31743903495,136,S3_twin_shock,indonesia,USDC
817,0.7268582263639797,63377.25950305908,136,S3_twin_shock,indonesia,USDC
818,0.7346874898078533,61792.828015482606,136,S3_twin_shock,indonesia,USDC
819,0.7463338843410089,60248.00731509554,136,S3_twin_shock,indonesia,USDC
820,0.7647879716037329,58741.80713221815,136,S3_twin_shock,indonesia,USDC
821,0.7532190230431761,57273.26195391269,136,S3_twin_shock,indonesia,USDC
822,0.7418196511754238,55841.43040506488,136,S3_twin_shock,indonesia,USDC
823,0.7578516096943314,54445.39464493825,136,S3_twin_shock,indonesia,USDC
824,0.757259949697131,53084.2597788148,136,S3_twin_shock,indonesia,USDC
825,0.7527343956917348,51757.153284344415,136,S3_twin_shock,indonesia,USDC
826,0.7579208563329969,50463.2244522358,136,S3_twin_shock,indonesia,USDC
827,0.7816415739076157,49201.643840929915,136,S3_twin_shock,indonesia,USDC
828,0.7697388305955876,47971.60274490666,136,S3_twin_shock,indonesia,USDC
829,0.7945589070251425,46772.312676284,136,S3_twin_shock,indonesia,USDC
830,0.8006421745748752,45603.004859376895,136,S3_twin_shock,indonesia,USDC
831,0.7962618859598987,44462.929737892475,136,S3_twin_shock,indonesia,USDC
832,0.7848787160314704,43351.356494445165,136,S3_twin_shock,indonesia,USDC
833,0.7916052157117,42267.57258208403,136,S3_twin_shock,indonesia,USDC
834,0.7875829971633334,41210.88326753193,136,S3_twin_shock,indonesia,USDC
835,0.8076665737269743,40180.611185843634,136,S3_twin_shock,indonesia,USDC
836,0.8036905262915143,39176.095906197545,136,S3_twin_shock,indonesia,USDC
837,0.8070650936271954,38196.69350854261,136,S3_twin_shock,indonesia,USDC
838,0.791203493834689,37241.77617082904,136,S3_twin_shock,indonesia,USDC
839,0.7796600294694405,36310.73176655832,136,S3_twin_shock,indonesia,USDC
840,0.8046452841698646,35402.96347239436,136,S3_twin_shock,indonesia,USDC
841,0.8028785086152087,34517.8893855845,136,S3_twin_shock,indonesia,USDC
842,0.7747418437892325,33654.94215094489,136,S3_twin_shock,indonesia,USDC
843,0.764490551871016,32813.56859717127,136,S3_twin_shock,indonesia,USDC
844,0.778998884597206,31993.229382241985,136,S3_twin_shock,indonesia,USDC
845,0.7857162516548852,31193.398647685935,136,S3_twin_shock,indonesia,USDC
846,0.7845855896909446,30413.56368149379,136,S3_twin_shock,indonesia,USDC
847,0.7704925381418123,29653.22458945644,136,S3_twin_shock,indonesia,USDC
848,0.7946197314491401,28911.893974720035,136,S3_twin_shock,indonesia,USDC
849,0.8075110086874554,28189.09662535203,136,S3_twin_shock,indonesia,USDC
850,0.7954909330150269,27484.36920971823,136,S3_twin_shock,indonesia,USDC
851,0.7981546478431624,26797.259979475275,136,S3_twin_shock,indonesia,USDC
852,0.7863213572327723,26127.32847998839,136,S3_twin_shock,indonesia,USDC
853,0.786119414204767,25474.145267988686,136,S3_twin_shock,indonesia,USDC
854,0.7709876352321404,24837.291636288966,136,S3_twin_shock,indonesia,USDC
855,0.7660271177317652,24216.359345381745,136,S3_twin_shock,indonesia,USDC
856,0.7975327392646118,23610.9503617472,136,S3_twin_shock,indonesia,USDC
857,0.799869150032912,23020.67660270352,136,S3_twin_shock,indonesia,USDC
858,0.7762903451273284,22445.159687635933,136,S3_twin_shock,indonesia,USDC
859,0.7946296300030602,21884.030695445035,136,S3_twin_shock,indonesia,USDC
860,0.7999931083251351,21336.929928058908,136,S3_twin_shock,indonesia,USDC
861,0.7717982658703689,20803.506679857433,136,S3_twin_shock,indonesia,USDC
862,0.7783996169420452,20283.419012861,136,S3_twin_shock,indonesia,USDC
863,0.7745330782037367,19776.333537539474,136,S3_twin_shock,indonesia,USDC
864,0.7765757746889387,19281.925199100988,136,S3_twin_shock,indonesia,USDC
865,0.7775112569078154,18799.877069123464,136,S3_twin_shock,indonesia,USDC
866,0.7799218870772322,18329.880142395377,136,S3_twin_shock,indonesia,USDC
867,0.7879834343690816,17871.633138835492,136,S3_twin_shock,indonesia,USDC
868,0.7807592569011905,17424.842310364606,136,S3_twin_shock,indonesia,USDC
869,0.7894807321987551,16989.22125260549,136,S3_twin_shock,indonesia,USDC
870,0.7998056138660722,16564.49072129035,136,S3_twin_shock,indonesia,USDC
871,0.7902333466321977,16150.378453258094,136,S3_twin_shock,indonesia,USDC
872,0.7969973807652364,15746.61899192664,136,S3_twin_shock,indonesia,USDC
873,0.8105723828631067,15352.953517128475,136,S3_twin_shock,indonesia,USDC
874,0.8400544175937193,14969.129679200261,136,S3_twin_shock,indonesia,USDC
875,0.8429158456789677,14594.901437220258,136,S3_twin_shock,indonesia,USDC
876,0.8415763330701265,14230.02890128975,136,S3_twin_shock,indonesia,USDC
877,0.8430710258032057,13874.278178757504,136,S3_twin_shock,indonesia,USDC
878,0.8421568754680857,13527.421224288566,136,S3_twin_shock,indonesia,USDC
879,0.8225136046095861,13189.235693681352,136,S3_twin_shock,indonesia,USDC
880,0.8164092573926203,12859.504801339319,136,S3_twin_shock,indonesia,USDC
881,0.7981780858247033,12538.017181305837,136,S3_twin_shock,indonesia,USDC
882,0.7774249339330083,12224.56675177319,136,S3_twin_shock,indonesia,USDC
883,0.7868869729919116,11918.952582978862,136,S3_twin_shock,indonesia,USDC
884,0.7955870115323836,11620.97876840439,136,S3_twin_shock,indonesia,USDC
885,0.7847232898660536,11330.45429919428,136,S3_twin_shock,indonesia,USDC
886,0.7834594749267662,11047.192941714422,136,S3_twin_shock,indonesia,USDC
887,0.76814924706029,10771.013118171562,136,S3_twin_shock,indonesia,USDC
888,0.7783978490470221,10501.737790217274,136,S3_twin_shock,indonesia,USDC
889,0.7526023426237971,10239.194345461841,136,S3_twin_shock,indonesia,USDC
890,0.7604175916043392,9983.214486825294,136,S3_twin_shock,indonesia,USDC
891,0.7739104851604396,9733.634124654662,136,S3_twin_shock,indonesia,USDC
892,0.7879503343212118,9490.293271538296,136,S3_twin_shock,indonesia,USDC
893,0.764174723640287,9253.035939749838,136,S3_twin_shock,indonesia,USDC
894,0.7635901170502538,9021.710041256092,136,S3_twin_shock,indonesia,USDC
895,0.7643238404256263,8796.16729022469,136,S3_twin_shock,indonesia,USDC
896,0.7749280204574506,8576.263107969073,136,S3_twin_shock,indonesia,USDC
897,0.7938332654045412,8361.856530269846,136,S3_twin_shock,indonesia,USDC
898,0.778814391886613,8152.8101170131,136,S3_twin_shock,indonesia,USDC
899,0.791615779718249,7948.989864087773,136,S3_twin_shock,indonesia,USDC
900,0.7897242866525342,7750.265117485578,136,S3_twin_shock,indonesia,USDC
901,0.7832679843755656,7556.508489548438,136,S3_twin_shock,indonesia,USDC
902,0.7692182455628103,7367.595777309728,136,S3_twin_shock,indonesia,USDC
903,0.7735420254511032,7183.405882876985,136,S3_twin_shock,indonesia,USDC
904,0.773047489633491,7003.82073580506,136,S3_twin_shock,indonesia,USDC
905,0.7445172207962587,6828.725217409934,136,S3_twin_shock,indonesia,USDC
906,0.7601482042940415,6658.007086974685,136,S3_twin_shock,indonesia,USDC
907,0.7556769088503087,6491.556909800319,136,S3_twin_shock,indonesia,USDC
908,0.7659366512422221,6329.26798705531,136,S3_twin_shock,indonesia,USDC
909,0.78221783470353,6171.036287378927,136,S3_twin_shock,indonesia,USDC
910,0.8125999635414929,6016.760380194455,136,S3_twin_shock,indonesia,USDC
911,0.8185444752014821,5866.3413706895935,136,S3_twin_shock,indonesia,USDC
912,0.8209002688988783,5719.682836422354,136,S3_twin_shock,indonesia,USDC
913,0.8062462103283558,5576.690765511795,136,S3_twin_shock,indonesia,USDC
914,0.7912001867985522,5437.273496374,136,S3_twin_shock,indonesia,USDC
915,0.8206146974912856,5301.3416589646495,136,S3_twin_shock,indonesia,USDC
916,0.8118267816423053,5168.808117490534,136,S3_twin_shock,indonesia,USDC
917,0.82297583755792,5039.587914553271,136,S3_twin_shock,indonesia,USDC
918,0.796273683642146,4913.598216689439,136,S3_twin_shock,indonesia,USDC
919,0.8005875326938688,4790.7582612722035,136,S3_twin_shock,indonesia,USDC
920,0.8319745810457672,4670.9893047403975,136,S3_twin_shock,indonesia,USDC
921,0.8302322548197181,4554.214572121888,136,S3_twin_shock,indonesia,USDC
922,0.8154087829563592,4440.35920781884,136,S3_twin_shock,indonesia,USDC
923,0.7963125109301771,4329.350227623369,136,S3_twin_shock,indonesia,USDC
924,0.7908821878501224,4221.116471932785,136,S3_twin_shock,indonesia,USDC
925,0.7761522670285874,4115.588560134465,136,S3_twin_shock,indonesia,USDC
926,0.7622525987115578,4012.698846131104,136,S3_twin_shock,indonesia,USDC
927,0.7654786998830402,3912.3813749778265,136,S3_twin_shock,indonesia,USDC
928,0.766103315666655,3814.571840603381,136,S3_twin_shock,indonesia,USDC
929,0.7865309233030875,3719.2075445882965,136,S3_twin_shock,indonesia,USDC
930,0.7987046876694767,3626.2273559735895,136,S3_twin_shock,indonesia,USDC
931,0.7950470356812287,3535.571672074249,136,S3_twin_shock,indonesia,USDC
932,0.8108655032794496,3447.182380272393,136,S3_twin_shock,indonesia,USDC
933,0.8060364396590369,3361.0028207655832,136,S3_twin_shock,indonesia,USDC
934,0.8151253895009458,3276.9777502464435,136,S3_twin_shock,indonesia,USDC
935,0.8272231947073855,3195.053306490283,136,S3_twin_shock,indonesia,USDC
936,0.8290615283938769,3115.1769738280254,136,S3_twin_shock,indonesia,USDC
937,0.8056302724038719,3037.2975494823245,136,S3_twin_shock,indonesia,USDC
938,0.7875882723803423,2961.3651107452665,136,S3_twin_shock,indonesia,USDC
939,0.7823429613441412,2887.330982976635,136,S3_twin_shock,indonesia,USDC
940,0.76548541209077,2815.147708402219,136,S3_twin_shock,indonesia,USDC
941,0.754811549649702,2744.7690156921635,136,S3_twin_shock,indonesia,USDC
942,0.7657584019294184,2676.1497902998594,136,S3_twin_shock,indonesia,USDC
943,0.7476351049790573,2609.246045542363,136,S3_twin_shock,indonesia,USDC
944,0.743190565225857,2544.0148944038037,136,S3_twin_shock,indonesia,USDC
945,0.7652719333012756,2480.4145220437085,136,S3_twin_shock,indonesia,USDC
946,0.7980354074580452,2418.404158992616,136,S3_twin_shock,indonesia,USDC
947,0.8216402762865317,2357.9440550178006,136,S3_twin_shock,indonesia,USDC
948,0.8174171400034397,2298.9954536423556,136,S3_twin_shock,indonesia,USDC
949,0.794278934947701,2241.520567301297,136,S3_twin_shock,indonesia,USDC
950,0.7863864874204681,2185.4825531187644,136,S3_twin_shock,indonesia,USDC
951,0.790247741140883,2130.8454892907953,136,S3_twin_shock,indonesia,USDC
952,0.8066504331982622,2077.5743520585256,136,S3_twin_shock,indonesia,USDC
953,0.8022927856731689,2025.6349932570622,136,S3_twin_shock,indonesia,USDC
954,0.8267161911114262,1974.9941184256354,136,S3_twin_shock,indonesia,USDC
955,0.8031315664724681,1925.6192654649944,136,S3_twin_shock,indonesia,USDC
956,0.7798119985817001,1877.4787838283696,136,S3_twin_shock,indonesia,USDC
957,0.7638595025475378,1830.5418142326607,136,S3_twin_shock,indonesia,USDC
958,0.752331485777608,1784.778268876844,136,S3_twin_shock,indonesia,USDC
959,0.7806256545896506,1740.1588121549232,136,S3_twin_shock,indonesia,USDC
960,0.7790424108400835,1696.6548418510502,136,S3_twin_shock,indonesia,USDC
961,0.7485592508744382,1654.2384708047737,136,S3_twin_shock,indonesia,USDC
962,0.7565021446499998,1612.8825090346545,136,S3_twin_shock,indonesia,USDC
963,0.753093148174444,1572.560446308788,136,S3_twin_shock,indonesia,USDC
964,0.7618696640165985,1533.2464351510682,136,S3_twin_shock,indonesia,USDC
965,0.7776479317341379,1494.9152742722915,136,S3_twin_shock,indonesia,USDC
966,0.7857369733277795,1457.5423924154843,136,S3_twin_shock,indonesia,USDC
967,0.7829737022407188,1421.103832605097,136,S3_twin_shock,indonesia,USDC
968,0.7797405435743563,1385.5762367899697,136,S3_twin_shock,indonesia,USDC
969,0.7978789405489859,1350.9368308702205,136,S3_twin_shock,indonesia,USDC
970,0.8134385007768646,1317.163410098465,136,S3_twin_shock,indonesia,USDC
971,0.8140562421698126,1284.2343248460033,136,S3_twin_shock,indonesia,USDC
972,0.8223127295277677,1252.1284667248533,136,S3_twin_shock,indonesia,USDC
973,0.8106098107846351,1220.825255056732,136,S3_twin_shock,indonesia,USDC
974,0.8252435339406633,1190.3046236803139,136,S3_twin_shock,indonesia,USDC
975,0.8458983732222276,1160.547008088306,136,S3_twin_shock,indonesia,USDC
976,0.8218088318049837,1131.5333328860982,136,S3_twin_shock,indonesia,USDC
977,0.8075157485765785,1103.2449995639456,136,S3_twin_shock,indonesia,USDC
978,0.8219772019770943,1075.6638745748471,136,S3_twin_shock,indonesia,USDC
979,0.8277130330347824,1048.772277710476,136,S3_twin_shock,indonesia,USDC
980,0.7996931162463493,1022.552970767714,136,S3_twin_shock,indonesia,USDC
981,0.8481849097010978,996.9891464985212,136,S3_twin_shock,indonesia,USDC
982,0.8608571526401114,972.0644178360582,136,S3_twin_shock,indonesia,USDC
983,0.8384674097582574,947.7628073901567,136,S3_twin_shock,indonesia,USDC
984,0.8307117083242264,924.0687372054028,136,S3_twin_shock,indonesia,USDC
985,0.8268734261875609,900.9670187752677,136,S3_twin_shock,indonesia,USDC
986,0.8258038711864172,878.4428433058861,136,S3_twin_shock,indonesia,USDC
987,0.8460200064371654,856.481772223239,136,S3_twin_shock,indonesia,USDC
988,0.8285127390876088,835.0697279176579,136,S3_twin_shock,indonesia,USDC
989,0.8005159937768548,814.1929847197166,136,S3_twin_shock,indonesia,USDC
990,0.8079043819805662,793.8381601017236,136,S3_twin_shock,indonesia,USDC
991,0.7962262594784161,773.9922060991805,136,S3_twin_shock,indonesia,USDC
992,0.8024805234320258,754.6424009467011,136,S3_twin_shock,indonesia,USDC
993,0.8092018068167636,735.7763409230336,136,S3_twin_shock,indonesia,USDC
994,0.8250454097784575,717.3819323999577,136,S3_twin_shock,indonesia,USDC
995,0.850874581822163,699.4473840899589,136,S3_twin_shock,indonesia,USDC
996,0.8553966341918741,681.9611994877098,136,S3_twin_shock,indonesia,USDC
997,0.8639814329978431,664.912169500517,136,S3_twin_shock,indonesia,USDC
998,0.8395387716275335,648.2893652630041,136,S3_twin_shock,indonesia,USDC
999,0.8500991921482294,632.082131131429,136,S3_twin_shock,indonesia,USDC
1000,0.8499524759298747,616.2800778531433,136,S3_twin_shock,indonesia,USDC
