Step,price,liquidity,iteration,scenario,region,coin
1,1.026346447823959,2988658145880.4194,448,S3_twin_shock,indonesia,USDC
2,1.035961162881505,2988658145880.4194,448,S3_twin_shock,indonesia,USDC
3,1.020403880119433,2988658145880.4194,448,S3_twin_shock,indonesia,USDC
4,1.0223328266194922,2988658145880.4194,448,S3_twin_shock,indonesia,USDC
5,1.0366794201701397,2988658145880.4194,448,S3_twin_shock,indonesia,USDC
6,1.0469063836219796,2988658145880.4194,448,S3_twin_shock,indonesia,USDC
7,1.034272628554438,2988658145880.4194,448,S3_twin_shock,indonesia,USDC
8,1.0637183664851964,2988658145880.4194,448,S3_twin_shock,indonesia,USDC
9,1.0501114733176566,2988658145880.4194,448,S3_twin_shock,indonesia,USDC
10,1.0571734699812856,2988658145880.4194,448,S3_twin_shock,indonesia,USDC
11,1.0531017028216692,2988658145880.4194,448,S3_twin_shock,indonesia,USDC
12,1.0359409550367764,2988658145880.4194,448,S3_twin_shock,indonesia,USDC
13,1.0136008702519164,2988658145880.4194,448,S3_twin_shock,indonesia,USDC
14,1.0256605444314444,2988658145880.4194,448,S3_twin_shock,indonesia,USDC
15,1.0320035802543526,2988658145880.4194,448,S3_twin_shock,indonesia,USDC
16,1.0293542245989715,2988658145880.4194,448,S3_twin_shock,indonesia,USDC
17,1.0135943963179679,2988658145880.4194,448,S3_twin_shock,indonesia,USDC
18,1.0149281812304132,2988658145880.4194,448,S3_twin_shock,indonesia,USDC
19,1.0298183363224247,2988658145880.4194,448,S3_twin_shock,indonesia,USDC
20,1.0029405428228355,2988658145880.4194,448,S3_twin_shock,indonesia,USDC
21,1.0371970770771037,2988658145880.4194,448,S3_twin_shock,indonesia,USDC
22,1.053770871703026,2988658145880.4194,448,S3_twin_shock,indonesia,USDC
23,1.0931108313620734,2988658145880.4194,448,S3_twin_shock,indonesia,USDC
24,1.0897677135614947,2988658145880.4194,448,S3_twin_shock,indonesia,USDC
25,1.1039176955070027,2988658145880.4194,448,S3_twin_shock,indonesia,USDC
26,1.0658002075572748,2988658145880.4194,448,S3_twin_shock,indonesia,USDC
27,1.04178017972605,2988658145880.4194,448,S3_twin_shock,indonesia,USDC
28,0.9881756026845945,2988658145880.4194,448,S3_twin_shock,indonesia,USDC
29,0.9958328811332025,2988658145880.4194,448,S3_twin_shock,indonesia,USDC
30,0.9757423396704767,2988658145880.4194,448,S3_twin_shock,indonesia,USDC
31,0.9436716072439668,2988658145880.4194,448,S3_twin_shock,indonesia,USDC
32,0.9593762738861127,2987029585503.7573,448,S3_twin_shock,indonesia,USDC
33,0.9447471233456047,2986439974456.375,448,S3_twin_shock,indonesia,USDC
34,0.948317804575273,2985003948991.831,448,S3_twin_shock,indonesia,USDC
35,0.9511881223664055,2983787118710.284,448,S3_twin_shock,indonesia,USDC
36,0.9310841522473068,2982717964595.912,448,S3_twin_shock,indonesia,USDC
37,0.9292196308540867,2980635136440.72,448,S3_twin_shock,indonesia,USDC
38,0.9564862682526892,2978449939675.6245,448,S3_twin_shock,indonesia,USDC
39,0.9823790700214876,2977809837342.4185,448,S3_twin_shock,indonesia,USDC
40,0.9992117959034923,2977809837342.4185,448,S3_twin_shock,indonesia,USDC
41,1.002370485310789,2977809837342.4185,448,S3_twin_shock,indonesia,USDC
42,0.9962533072113194,2977809837342.4185,448,S3_twin_shock,indonesia,USDC
43,0.9679141230804964,2977809837342.4185,448,S3_twin_shock,indonesia,USDC
44,0.9563298688011421,2977717415139.644,448,S3_twin_shock,indonesia,USDC
45,0.9773402758136007,2977044363580.3228,448,S3_twin_shock,indonesia,USDC
46,0.9712660238415642,2977044363580.3228,448,S3_twin_shock,indonesia,USDC
47,0.9858259999867998,2977044363580.3228,448,S3_twin_shock,indonesia,USDC
48,0.9866245874344318,2977044363580.3228,448,S3_twin_shock,indonesia,USDC
49,0.9698891759180507,2977044363580.3228,448,S3_twin_shock,indonesia,USDC
50,0.9601129576278444,2977040677626.529,448,S3_twin_shock,indonesia,USDC
51,0.9666501572636104,2976564641703.541,448,S3_twin_shock,indonesia,USDC
52,0.9771032219604708,2976428127084.005,448,S3_twin_shock,indonesia,USDC
53,0.9682850580654129,2976428127084.005,448,S3_twin_shock,indonesia,USDC
54,0.9598996832240207,2976385505191.709,448,S3_twin_shock,indonesia,USDC
55,0.9600273793354978,2975924311558.7227,448,S3_twin_shock,indonesia,USDC
56,0.9464121137456148,2975492426551.422,448,S3_twin_shock,indonesia,USDC
57,0.9605186289392388,2974402366791.9624,448,S3_twin_shock,indonesia,USDC
58,0.944121031552979,2974009357230.5396,448,S3_twin_shock,indonesia,USDC
59,0.9280280520590345,2972825244742.4297,448,S3_twin_shock,indonesia,USDC
60,0.9522695402783802,2970947474487.582,448,S3_twin_shock,indonesia,USDC
61,0.9502725917157082,2970218317621.23,448,S3_twin_shock,indonesia,USDC
62,0.9547641015479934,2969419004646.9424,448,S3_twin_shock,indonesia,USDC
63,0.9422474892518139,2968778769280.9805,448,S3_twin_shock,indonesia,USDC
64,0.9590129552935623,2967711798034.516,448,S3_twin_shock,indonesia,USDC
65,0.949376413214384,2967269443166.303,448,S3_twin_shock,indonesia,USDC
66,0.9337822522906405,2966472334225.2046,448,S3_twin_shock,indonesia,USDC
67,0.9281406348739188,2965154565033.352,448,S3_twin_shock,indonesia,USDC
68,0.9374509469757841,2963647376009.395,448,S3_twin_shock,indonesia,USDC
69,0.9408486786446991,2962473287033.37,448,S3_twin_shock,indonesia,USDC
70,0.9182243567012458,2961484692288.296,448,S3_twin_shock,indonesia,USDC
71,0.9139488141150998,2959847186349.9814,448,S3_twin_shock,indonesia,USDC
72,0.9091423571115705,2958084632280.224,448,S3_twin_shock,indonesia,USDC
73,0.9334389326331076,2956279743053.876,448,S3_twin_shock,indonesia,USDC
74,0.9310342599319366,2955297980450.504,448,S3_twin_shock,indonesia,USDC
75,0.9424434968372861,2954319879398.2144,448,S3_twin_shock,indonesia,USDC
76,0.7935360093031827,2953666995214.168,448,S3_twin_shock,indonesia,USDC
77,0.8230778728731306,2949206110410.742,448,S3_twin_shock,indonesia,USDC
78,0.8300090571555353,2946281181361.999,448,S3_twin_shock,indonesia,USDC
79,0.8307046168249935,2943737815018.8564,448,S3_twin_shock,indonesia,USDC
80,0.8372668979026195,2941616588834.3267,448,S3_twin_shock,indonesia,USDC
81,0.8601214160710575,2939843378183.168,448,S3_twin_shock,indonesia,USDC
82,0.8869527121841319,2938576349846.7324,448,S3_twin_shock,indonesia,USDC
83,0.9039181777527183,2937765869896.295,448,S3_twin_shock,indonesia,USDC
84,0.9341826178417388,2937175200299.7666,448,S3_twin_shock,indonesia,USDC
85,0.9496870549789233,2936870242956.3174,448,S3_twin_shock,indonesia,USDC
86,0.9450193946840671,2936705466056.5835,448,S3_twin_shock,indonesia,USDC
87,0.9312556017963103,2936505759407.559,448,S3_twin_shock,indonesia,USDC
88,0.9463893238915116,2936210904360.5728,448,S3_twin_shock,indonesia,USDC
89,0.9283178835306558,2936041040465.9375,448,S3_twin_shock,indonesia,USDC
90,0.9672682125830252,2935741825850.2246,448,S3_twin_shock,indonesia,USDC
91,0.9581873725735797,2935733827878.614,448,S3_twin_shock,indonesia,USDC
92,0.9925667150705272,2935647660460.8486,448,S3_twin_shock,indonesia,USDC
93,0.9668051277603542,2935647660460.8486,448,S3_twin_shock,indonesia,USDC
94,0.9281809789973107,2935624639217.445,448,S3_twin_shock,indonesia,USDC
95,0.9199882520358705,2935324297020.356,448,S3_twin_shock,indonesia,USDC
96,0.9420751192788904,2934989676743.532,448,S3_twin_shock,indonesia,USDC
97,0.9423297230634694,2934826306036.6943,448,S3_twin_shock,indonesia,USDC
98,0.9427019294261811,2934662610969.8594,448,S3_twin_shock,indonesia,USDC
99,0.9471588366075022,2934493631267.0044,448,S3_twin_shock,indonesia,USDC
100,0.9534795336456737,2934361588467.3657,448,S3_twin_shock,indonesia,USDC
101,0.8222715816638425,2934269079001.9053,448,S3_twin_shock,indonesia,USDC
102,0.842438148810094,2933431555313.09,448,S3_twin_shock,indonesia,USDC
103,0.8741414799618433,2932803818257.7095,448,S3_twin_shock,indonesia,USDC
104,0.8738809795143528,2932411941247.6436,448,S3_twin_shock,indonesia,USDC
105,0.8871040165871662,2932064374356.86,448,S3_twin_shock,indonesia,USDC
106,0.874486274048116,2931773278831.825,448,S3_twin_shock,indonesia,USDC
107,0.8623116978661629,2931480045477.361,448,S3_twin_shock,indonesia,USDC
108,0.8761064762400375,2931166761377.993,448,S3_twin_shock,indonesia,USDC
109,0.8828007722657842,2930939954483.005,448,S3_twin_shock,indonesia,USDC
110,0.9000697348247437,2930748613619.418,448,S3_twin_shock,indonesia,USDC
111,0.9038765974814439,2930605138888.1597,448,S3_twin_shock,indonesia,USDC
112,0.9331634974767292,2930472415380.5806,448,S3_twin_shock,indonesia,USDC
113,0.9344118660850956,2930403517088.8066,448,S3_twin_shock,indonesia,USDC
114,0.9361756184535103,2930341460825.134,448,S3_twin_shock,indonesia,USDC
115,0.9366636598419664,2930286491815.25,448,S3_twin_shock,indonesia,USDC
116,0.9383970778175542,2930234051720.6904,448,S3_twin_shock,indonesia,USDC
117,0.9478700037427352,2930184394422.653,448,S3_twin_shock,indonesia,USDC
118,0.9628125059647168,2930149573933.449,448,S3_twin_shock,indonesia,USDC
119,0.9316746076116327,2930140449925.1216,448,S3_twin_shock,indonesia,USDC
120,0.9313842610092768,2930081883034.243,448,S3_twin_shock,indonesia,USDC
121,0.8975103756521556,2856776171933.5234,448,S3_twin_shock,indonesia,USDC
122,0.913088880400127,2785259419309.6997,448,S3_twin_shock,indonesia,USDC
123,0.8884534723707418,2715559014434.06,448,S3_twin_shock,indonesia,USDC
124,0.8706179511962929,2647578546154.507,448,S3_twin_shock,indonesia,USDC
125,0.8841733769500465,2581281179899.854,448,S3_twin_shock,indonesia,USDC
126,0.9077931857264745,2516663428499.977,448,S3_twin_shock,indonesia,USDC
127,0.886182028339603,2453691574973.4556,448,S3_twin_shock,indonesia,USDC
128,0.8796693760753833,2392282609639.668,448,S3_twin_shock,indonesia,USDC
129,0.8982391373640223,2332404662722.97,448,S3_twin_shock,indonesia,USDC
130,0.9153662007597725,2274047100600.4365,448,S3_twin_shock,indonesia,USDC
131,0.8646218174475678,2217159717010.0464,448,S3_twin_shock,indonesia,USDC
132,0.845311819864543,2161667673865.7334,448,S3_twin_shock,indonesia,USDC
133,0.8396065080633438,2107557517068.4287,448,S3_twin_shock,indonesia,USDC
134,0.8545316535607677,2054808640911.3691,448,S3_twin_shock,indonesia,USDC
135,0.8551037967115465,2003389003950.536,448,S3_twin_shock,indonesia,USDC
136,0.8352693264681295,1953260956688.3936,448,S3_twin_shock,indonesia,USDC
137,0.8454630709386409,1904386492399.7378,448,S3_twin_shock,indonesia,USDC
138,0.8337574771232981,1856742421498.479,448,S3_twin_shock,indonesia,USDC
139,0.8318573145387732,1810290144890.3118,448,S3_twin_shock,indonesia,USDC
140,0.7108789305940645,1765004028342.7656,448,S3_twin_shock,indonesia,USDC
141,0.7462306639734476,1720832897059.1426,448,S3_twin_shock,indonesia,USDC
142,0.7715942197458265,1677782379156.7566,448,S3_twin_shock,indonesia,USDC
143,0.7728337103554647,1635816386519.23,448,S3_twin_shock,indonesia,USDC
144,0.7668162765652039,1594904630771.0457,448,S3_twin_shock,indonesia,USDC
145,0.7847737363324402,1555018123565.1562,448,S3_twin_shock,indonesia,USDC
146,0.781368685546401,1516132760814.815,448,S3_twin_shock,indonesia,USDC
147,0.7871527213095939,1478220654564.5037,448,S3_twin_shock,indonesia,USDC
148,0.7946167514001692,1441258276828.3413,448,S3_twin_shock,indonesia,USDC
149,0.7825096474530614,1405221479211.792,448,S3_twin_shock,indonesia,USDC
150,0.7769107091463585,1370086352568.8599,448,S3_twin_shock,indonesia,USDC
151,0.7562913629050219,1335830366828.2295,448,S3_twin_shock,indonesia,USDC
152,0.7384286540445062,1302431130873.3113,448,S3_twin_shock,indonesia,USDC
153,0.7555236354895811,1269867415236.6628,448,S3_twin_shock,indonesia,USDC
154,0.7727724006598816,1238118736581.7168,448,S3_twin_shock,indonesia,USDC
155,0.8001831234438302,1207164268969.4124,448,S3_twin_shock,indonesia,USDC
156,0.7787923671056033,1176984154258.3992,448,S3_twin_shock,indonesia,USDC
157,0.783532181725762,1147558646669.3765,448,S3_twin_shock,indonesia,USDC
158,0.7649336788982717,1118868963004.0288,448,S3_twin_shock,indonesia,USDC
159,0.7885182318412147,1090896579030.9011,448,S3_twin_shock,indonesia,USDC
160,0.7901899939859115,1063623709094.2034,448,S3_twin_shock,indonesia,USDC
161,0.7621197116749037,1037032721610.9534,448,S3_twin_shock,indonesia,USDC
162,0.7922166503560937,1011106553060.8381,448,S3_twin_shock,indonesia,USDC
163,0.7922635677747633,985828640454.5652,448,S3_twin_shock,indonesia,USDC
164,0.7876380179023112,961182716382.0115,448,S3_twin_shock,indonesia,USDC
165,0.7976153295632619,937152977564.5043,448,S3_twin_shock,indonesia,USDC
166,0.8293650407132886,913724021314.7927,448,S3_twin_shock,indonesia,USDC
167,0.8108705484356344,890880835702.252,448,S3_twin_shock,indonesia,USDC
168,0.8200334655858229,868608728053.9111,448,S3_twin_shock,indonesia,USDC
169,0.7829631562978462,846893442606.5017,448,S3_twin_shock,indonesia,USDC
170,0.7772562022366741,825721033652.4508,448,S3_twin_shock,indonesia,USDC
171,0.8012235080847279,805077949257.4628,448,S3_twin_shock,indonesia,USDC
172,0.8007012204051495,784950956297.1686,448,S3_twin_shock,indonesia,USDC
173,0.7732402293365039,765327147158.7805,448,S3_twin_shock,indonesia,USDC
174,0.7632413166842836,746193933732.4265,448,S3_twin_shock,indonesia,USDC
175,0.7416131031728722,727539056096.5789,448,S3_twin_shock,indonesia,USDC
176,0.7475006678590145,709350555105.4556,448,S3_twin_shock,indonesia,USDC
177,0.7368549774735025,691616772222.8721,448,S3_twin_shock,indonesia,USDC
178,0.7269401208164485,674326337403.7715,448,S3_twin_shock,indonesia,USDC
179,0.740496316411932,657468166275.1556,448,S3_twin_shock,indonesia,USDC
180,0.7391185994263781,641031452915.9656,448,S3_twin_shock,indonesia,USDC
181,0.7449807249444987,625005659657.826,448,S3_twin_shock,indonesia,USDC
182,0.7511235911108868,609380513089.9167,448,S3_twin_shock,indonesia,USDC
183,0.7493933991379703,594145996351.4272,448,S3_twin_shock,indonesia,USDC
184,0.7685641832942689,579292343429.6973,448,S3_twin_shock,indonesia,USDC
185,0.7392650763555023,564810032696.2981,448,S3_twin_shock,indonesia,USDC
186,0.7280108932278275,550689779872.0288,448,S3_twin_shock,indonesia,USDC
187,0.7500130000513406,536922533821.0116,448,S3_twin_shock,indonesia,USDC
188,0.7316620621532057,523499469375.22015,448,S3_twin_shock,indonesia,USDC
189,0.7140381336029282,510411981690.6738,448,S3_twin_shock,indonesia,USDC
190,0.7429517077162556,497651681387.56415,448,S3_twin_shock,indonesia,USDC
191,0.7113788403135578,485210388859.2385,448,S3_twin_shock,indonesia,USDC
192,0.7197246589669002,473080128682.78656,448,S3_twin_shock,indonesia,USDC
193,0.736544693142777,461253125139.50745,448,S3_twin_shock,indonesia,USDC
194,0.7676081421005677,449721796779.81525,448,S3_twin_shock,indonesia,USDC
195,0.7643484940537719,438478751708.1205,448,S3_twin_shock,indonesia,USDC
196,0.7970370335814738,427516782793.035,448,S3_twin_shock,indonesia,USDC
197,0.7818798112981734,416828863145.3508,448,S3_twin_shock,indonesia,USDC
198,0.783182525612905,406408141496.50745,448,S3_twin_shock,indonesia,USDC
199,0.7929905081627409,396247937903.4365,448,S3_twin_shock,indonesia,USDC
200,0.7877642320657025,386341739412.7022,448,S3_twin_shock,indonesia,USDC
201,0.7971965848579059,376683195889.1507,448,S3_twin_shock,indonesia,USDC
202,0.7842390421099332,367266115962.23083,448,S3_twin_shock,indonesia,USDC
203,0.793361526192929,358084463037.91003,448,S3_twin_shock,indonesia,USDC
204,0.8004300594065435,349132351441.0576,448,S3_twin_shock,indonesia,USDC
205,0.7972845539351923,340404042638.61743,448,S3_twin_shock,indonesia,USDC
206,0.7844427349454436,331893941558.85645,448,S3_twin_shock,indonesia,USDC
207,0.7626202556911553,323596593007.70276,448,S3_twin_shock,indonesia,USDC
208,0.7668588583701162,315506678171.8959,448,S3_twin_shock,indonesia,USDC
209,0.7793106185855,307619011209.5272,448,S3_twin_shock,indonesia,USDC
210,0.8040762204881864,299928535923.0741,448,S3_twin_shock,indonesia,USDC
211,0.7907954632541894,292430322520.44714,448,S3_twin_shock,indonesia,USDC
212,0.7746198498815271,285119564453.4375,448,S3_twin_shock,indonesia,USDC
213,0.7655320405914634,277991575338.6085,448,S3_twin_shock,indonesia,USDC
214,0.7754784099728278,271041785952.1299,448,S3_twin_shock,indonesia,USDC
215,0.7597102711740761,264265741301.0114,448,S3_twin_shock,indonesia,USDC
216,0.7827924131856691,257659097766.59946,448,S3_twin_shock,indonesia,USDC
217,0.7689301527184554,251217620321.0995,448,S3_twin_shock,indonesia,USDC
218,0.7684000407886192,244937179811.8753,448,S3_twin_shock,indonesia,USDC
219,0.757858871385604,238813750315.61777,448,S3_twin_shock,indonesia,USDC
220,0.7455817793506881,232843406556.93317,448,S3_twin_shock,indonesia,USDC
221,0.7393704674626327,227022321392.32983,448,S3_twin_shock,indonesia,USDC
222,0.7528291448410378,221346763356.9783,448,S3_twin_shock,indonesia,USDC
223,0.7766719561043889,215813094272.64337,448,S3_twin_shock,indonesia,USDC
224,0.7848965850054714,210417766915.55402,448,S3_twin_shock,indonesia,USDC
225,0.7764344664389027,205157322742.44574,448,S3_twin_shock,indonesia,USDC
226,0.7894704243726846,200028389673.7097,448,S3_twin_shock,indonesia,USDC
227,0.7884313489506548,195027679931.72638,448,S3_twin_shock,indonesia,USDC
228,0.790407717906277,190151987933.31815,448,S3_twin_shock,indonesia,USDC
229,0.8030704459994203,185398188234.89807,448,S3_twin_shock,indonesia,USDC
230,0.8177805828618001,180763233528.95746,448,S3_twin_shock,indonesia,USDC
231,0.810071277099169,176244152690.6805,448,S3_twin_shock,indonesia,USDC
232,0.7871958471800122,171838048873.3674,448,S3_twin_shock,indonesia,USDC
233,0.7952447234896478,167542097651.4897,448,S3_twin_shock,indonesia,USDC
234,0.7890743664581278,163353545210.16608,448,S3_twin_shock,indonesia,USDC
235,0.7989444507782709,159269706579.88232,448,S3_twin_shock,indonesia,USDC
236,0.8143150862511499,155287963915.36273,448,S3_twin_shock,indonesia,USDC
237,0.799463545795065,151405764817.46115,448,S3_twin_shock,indonesia,USDC
238,0.784797989316261,147620620697.00815,448,S3_twin_shock,indonesia,USDC
239,0.7742466811911107,143930105179.56836,448,S3_twin_shock,indonesia,USDC
240,0.7875319636829713,140331852550.06638,448,S3_twin_shock,indonesia,USDC
241,0.7413471663349738,136823556236.30534,448,S3_twin_shock,indonesia,USDC
242,0.7447974975663363,133402967330.38768,448,S3_twin_shock,indonesia,USDC
243,0.7740068476949251,130067893147.12057,448,S3_twin_shock,indonesia,USDC
244,0.7666937908291122,126816195818.43768,448,S3_twin_shock,indonesia,USDC
245,0.7661369698180709,123645790922.97275,448,S3_twin_shock,indonesia,USDC
246,0.7759827588753349,120554646149.89514,448,S3_twin_shock,indonesia,USDC
247,0.7808829034445532,117540779996.14517,448,S3_twin_shock,indonesia,USDC
248,0.7911171955557967,114602260496.23961,448,S3_twin_shock,indonesia,USDC
249,0.7887754595154429,111737203983.83209,448,S3_twin_shock,indonesia,USDC
250,0.7757019898843706,108943773884.23508,448,S3_twin_shock,indonesia,USDC
251,0.7699041706602627,106220179537.12807,448,S3_twin_shock,indonesia,USDC
252,0.7862190657625012,103564675048.69893,448,S3_twin_shock,indonesia,USDC
253,0.7905308693086712,100975558172.48082,448,S3_twin_shock,indonesia,USDC
254,0.7967605327588143,98451169218.16827,448,S3_twin_shock,indonesia,USDC
255,0.8015239219432208,95989889987.71365,448,S3_twin_shock,indonesia,USDC
256,0.7606955508564388,93590142738.02046,448,S3_twin_shock,indonesia,USDC
257,0.7843468900369949,91250389169.5696,448,S3_twin_shock,indonesia,USDC
258,0.7793273914687587,88969129440.33011,448,S3_twin_shock,indonesia,USDC
259,0.7699394629848729,86744901204.32166,448,S3_twin_shock,indonesia,USDC
260,0.7624880029708988,84576278674.21344,448,S3_twin_shock,indonesia,USDC
261,0.7785039491219056,82461871707.35796,448,S3_twin_shock,indonesia,USDC
262,0.780546640134139,80400324914.67389,448,S3_twin_shock,indonesia,USDC
263,0.7894385632346198,78390316791.80698,448,S3_twin_shock,indonesia,USDC
264,0.8103477917185496,76430558872.01173,448,S3_twin_shock,indonesia,USDC
265,0.7922328440075082,74519794900.2114,448,S3_twin_shock,indonesia,USDC
266,0.7798381235857806,72656800027.70605,448,S3_twin_shock,indonesia,USDC
267,0.7730169917878723,70840380027.01337,448,S3_twin_shock,indonesia,USDC
268,0.7699386229867493,69069370526.338,448,S3_twin_shock,indonesia,USDC
269,0.77481364857114,67342636263.17952,448,S3_twin_shock,indonesia,USDC
270,0.8022924818009254,65659070356.600006,448,S3_twin_shock,indonesia,USDC
271,0.7831550532881765,64017593597.685,448,S3_twin_shock,indonesia,USDC
272,0.7793939492431895,62417153757.74286,448,S3_twin_shock,indonesia,USDC
273,0.7748479277663705,60856724913.79927,448,S3_twin_shock,indonesia,USDC
274,0.7713329040747888,59335306790.954285,448,S3_twin_shock,indonesia,USDC
275,0.7710319364749738,57851924121.18041,448,S3_twin_shock,indonesia,USDC
276,0.7695972880965546,56405626018.150894,448,S3_twin_shock,indonesia,USDC
277,0.7700639058884111,54995485367.69713,448,S3_twin_shock,indonesia,USDC
278,0.762489042172186,53620598233.504684,448,S3_twin_shock,indonesia,USDC
279,0.7401807767771611,52280083277.66708,448,S3_twin_shock,indonesia,USDC
280,0.7392099180933571,50973081195.7254,448,S3_twin_shock,indonesia,USDC
281,0.7892468479267533,49698754165.83227,448,S3_twin_shock,indonesia,USDC
282,0.779685836086528,48456285311.686455,448,S3_twin_shock,indonesia,USDC
283,0.7616344937776194,47244878178.894295,448,S3_twin_shock,indonesia,USDC
284,0.7757914882190379,46063756224.421936,448,S3_twin_shock,indonesia,USDC
285,0.7896088684740687,44912162318.811386,448,S3_twin_shock,indonesia,USDC
286,0.792365856821261,43789358260.8411,448,S3_twin_shock,indonesia,USDC
287,0.8259517316332732,42694624304.320076,448,S3_twin_shock,indonesia,USDC
288,0.8403202578178978,41627258696.712074,448,S3_twin_shock,indonesia,USDC
289,0.8437226356201725,40586577229.29427,448,S3_twin_shock,indonesia,USDC
290,0.8451008987430721,39571912798.56191,448,S3_twin_shock,indonesia,USDC
291,0.8514816752803291,38582614978.59787,448,S3_twin_shock,indonesia,USDC
292,0.8382987033266377,37618049604.13292,448,S3_twin_shock,indonesia,USDC
293,0.8304494168761344,36677598364.029594,448,S3_twin_shock,indonesia,USDC
294,0.8193854685468459,35760658404.928856,448,S3_twin_shock,indonesia,USDC
295,0.8302533960872681,34866641944.80563,448,S3_twin_shock,indonesia,USDC
296,0.8398517366034504,33994975896.185493,448,S3_twin_shock,indonesia,USDC
297,0.835984778902455,33145101498.780857,448,S3_twin_shock,indonesia,USDC
298,0.8311782999321066,32316473961.31134,448,S3_twin_shock,indonesia,USDC
299,0.8081646897845455,31508562112.278557,448,S3_twin_shock,indonesia,USDC
300,0.8207765475600453,30720848059.471592,448,S3_twin_shock,indonesia,USDC
301,0.8226822883171457,29952826857.984802,448,S3_twin_shock,indonesia,USDC
302,0.8112430869548186,29204006186.53518,448,S3_twin_shock,indonesia,USDC
303,0.7982245728704161,28473906031.871803,448,S3_twin_shock,indonesia,USDC
304,0.7917664515086329,27762058381.07501,448,S3_twin_shock,indonesia,USDC
305,0.8001349665277299,27068006921.548134,448,S3_twin_shock,indonesia,USDC
306,0.812846295980033,26391306748.50943,448,S3_twin_shock,indonesia,USDC
307,0.8399279451399448,25731524079.79669,448,S3_twin_shock,indonesia,USDC
308,0.8327124995486493,25088235977.801773,448,S3_twin_shock,indonesia,USDC
309,0.8244547045840596,24461030078.356728,448,S3_twin_shock,indonesia,USDC
310,0.8208677985466984,23849504326.39781,448,S3_twin_shock,indonesia,USDC
311,0.8360871000759749,23253266718.23786,448,S3_twin_shock,indonesia,USDC
312,0.8271917103077494,22671935050.281918,448,S3_twin_shock,indonesia,USDC
313,0.8217153689938199,22105136674.024868,448,S3_twin_shock,indonesia,USDC
314,0.8091134801335874,21552508257.174248,448,S3_twin_shock,indonesia,USDC
315,0.8173875576403553,21013695550.744892,448,S3_twin_shock,indonesia,USDC
316,0.8285270052344126,20488353161.97627,448,S3_twin_shock,indonesia,USDC
317,0.815904338452758,19976144332.926865,448,S3_twin_shock,indonesia,USDC
318,0.8205615411313756,19476740724.60369,448,S3_twin_shock,indonesia,USDC
319,0.8034898593201302,18989822206.488598,448,S3_twin_shock,indonesia,USDC
320,0.8303082560221385,18515076651.32638,448,S3_twin_shock,indonesia,USDC
321,0.8145512846950844,18052199735.04322,448,S3_twin_shock,indonesia,USDC
322,0.8289941171322004,17600894741.667145,448,S3_twin_shock,indonesia,USDC
323,0.8190077892800889,17160872373.125465,448,S3_twin_shock,indonesia,USDC
324,0.8077594351892795,16731850563.797329,448,S3_twin_shock,indonesia,USDC
325,0.8306923099968635,16313554299.702396,448,S3_twin_shock,indonesia,USDC
326,0.8617003939672073,15905715442.209835,448,S3_twin_shock,indonesia,USDC
327,0.8352004536453308,15508072556.154589,448,S3_twin_shock,indonesia,USDC
328,0.8058534476950961,15120370742.250725,448,S3_twin_shock,indonesia,USDC
329,0.8104475162047844,14742361473.694454,448,S3_twin_shock,indonesia,USDC
330,0.810414683393761,14373802436.852095,448,S3_twin_shock,indonesia,USDC
331,0.805194283752426,14014457375.930792,448,S3_twin_shock,indonesia,USDC
332,0.8132545129495776,13664095941.532522,448,S3_twin_shock,indonesia,USDC
333,0.8116782267404814,13322493542.99421,448,S3_twin_shock,indonesia,USDC
334,0.8001315268311066,12989431204.419353,448,S3_twin_shock,indonesia,USDC
335,0.8079970482370229,12664695424.308868,448,S3_twin_shock,indonesia,USDC
336,0.7930019753797006,12348078038.701149,448,S3_twin_shock,indonesia,USDC
337,0.7936940165723758,12039376087.73362,448,S3_twin_shock,indonesia,USDC
338,0.8159224021831112,11738391685.54028,448,S3_twin_shock,indonesia,USDC
339,0.8099363929757272,11444931893.401773,448,S3_twin_shock,indonesia,USDC
340,0.7786888325736959,11158808596.066727,448,S3_twin_shock,indonesia,USDC
341,0.790748945461368,10879838381.16506,448,S3_twin_shock,indonesia,USDC
342,0.7727202595087094,10607842421.635933,448,S3_twin_shock,indonesia,USDC
343,0.7903112806924038,10342646361.095036,448,S3_twin_shock,indonesia,USDC
344,0.8065008366392511,10084080202.067657,448,S3_twin_shock,indonesia,USDC
345,0.8068154431075333,9831978197.015968,448,S3_twin_shock,indonesia,USDC
346,0.7998844692114038,9586178742.090569,448,S3_twin_shock,indonesia,USDC
347,0.7839090642832094,9346524273.538303,448,S3_twin_shock,indonesia,USDC
348,0.7643872360912642,9112861166.699848,448,S3_twin_shock,indonesia,USDC
349,0.766631570065378,8885039637.53235,448,S3_twin_shock,indonesia,USDC
350,0.7551682444071404,8662913646.594042,448,S3_twin_shock,indonesia,USDC
351,0.7758671442344669,8446340805.429191,448,S3_twin_shock,indonesia,USDC
352,0.7698741903042539,8235182285.293461,448,S3_twin_shock,indonesia,USDC
353,0.7706279409653716,8029302728.161125,448,S3_twin_shock,indonesia,USDC
354,0.7815110027630959,7828570159.957097,448,S3_twin_shock,indonesia,USDC
355,0.7527374729237049,7632855905.958169,448,S3_twin_shock,indonesia,USDC
356,0.750484752048042,7442034508.309215,448,S3_twin_shock,indonesia,USDC
357,0.7547718781122759,7255983645.601484,448,S3_twin_shock,indonesia,USDC
358,0.7317574580910269,7074584054.461447,448,S3_twin_shock,indonesia,USDC
359,0.7450433489855689,6897719453.099912,448,S3_twin_shock,indonesia,USDC
360,0.7520773982994723,6725276466.772414,448,S3_twin_shock,indonesia,USDC
361,0.7546957131839027,6557144555.103104,448,S3_twin_shock,indonesia,USDC
362,0.7446528313334937,6393215941.225526,448,S3_twin_shock,indonesia,USDC
363,0.7222352783143235,6233385542.694887,448,S3_twin_shock,indonesia,USDC
364,0.7391367231601556,6077550904.127516,448,S3_twin_shock,indonesia,USDC
365,0.7495661577088484,5925612131.524327,448,S3_twin_shock,indonesia,USDC
366,0.7481202301537497,5777471828.236219,448,S3_twin_shock,indonesia,USDC
367,0.7496640305091813,5633035032.5303135,448,S3_twin_shock,indonesia,USDC
368,0.7512625884852733,5492209156.717056,448,S3_twin_shock,indonesia,USDC
369,0.7370593406487906,5354903927.7991295,448,S3_twin_shock,indonesia,USDC
370,0.7405064655523849,5221031329.604151,448,S3_twin_shock,indonesia,USDC
371,0.7599074777031901,5090505546.364048,448,S3_twin_shock,indonesia,USDC
372,0.7424742084684348,4963242907.7049465,448,S3_twin_shock,indonesia,USDC
373,0.7165899702803947,4839161835.012322,448,S3_twin_shock,indonesia,USDC
374,0.7571168333163727,4718182789.137014,448,S3_twin_shock,indonesia,USDC
375,0.7580407047751271,4600228219.408589,448,S3_twin_shock,indonesia,USDC
376,0.7525325500987264,4485222513.923375,448,S3_twin_shock,indonesia,USDC
377,0.7576648885320274,4373091951.075291,448,S3_twin_shock,indonesia,USDC
378,0.7763670282775647,4263764652.2984085,448,S3_twin_shock,indonesia,USDC
379,0.767108395920183,4157170535.9909477,448,S3_twin_shock,indonesia,USDC
380,0.762931801529491,4053241272.591174,448,S3_twin_shock,indonesia,USDC
381,0.7679363383059168,3951910240.776395,448,S3_twin_shock,indonesia,USDC
382,0.7524860147699244,3853112484.7569857,448,S3_twin_shock,indonesia,USDC
383,0.7804225778096083,3756784672.6380606,448,S3_twin_shock,indonesia,USDC
384,0.7721016430083903,3662865055.822109,448,S3_twin_shock,indonesia,USDC
385,0.763928350944914,3571293429.4265566,448,S3_twin_shock,indonesia,USDC
386,0.778466216941612,3482011093.6908927,448,S3_twin_shock,indonesia,USDC
387,0.78828042181847,3394960816.3486204,448,S3_twin_shock,indonesia,USDC
388,0.7766167507970025,3310086795.939905,448,S3_twin_shock,indonesia,USDC
389,0.7876625818402441,3227334626.041407,448,S3_twin_shock,indonesia,USDC
390,0.769398521854392,3146651260.390372,448,S3_twin_shock,indonesia,USDC
391,0.7766235765272169,3067984978.8806124,448,S3_twin_shock,indonesia,USDC
392,0.8012269516251669,2991285354.408597,448,S3_twin_shock,indonesia,USDC
393,0.8358453019094614,2916503220.5483823,448,S3_twin_shock,indonesia,USDC
394,0.8153296674621495,2843590640.0346727,448,S3_twin_shock,indonesia,USDC
395,0.8275296954642121,2772500874.033806,448,S3_twin_shock,indonesia,USDC
396,0.8195235547876806,2703188352.1829605,448,S3_twin_shock,indonesia,USDC
397,0.7987714772579017,2635608643.3783865,448,S3_twin_shock,indonesia,USDC
398,0.78319188961244,2569718427.293927,448,S3_twin_shock,indonesia,USDC
399,0.7665034415116111,2505475466.611579,448,S3_twin_shock,indonesia,USDC
400,0.7773174536560467,2442838579.9462895,448,S3_twin_shock,indonesia,USDC
401,0.7839251090907553,2381767615.447632,448,S3_twin_shock,indonesia,USDC
402,0.79675094862521,2322223425.0614414,448,S3_twin_shock,indonesia,USDC
403,0.7924775925001187,2264167839.434905,448,S3_twin_shock,indonesia,USDC
404,0.7829471812911754,2207563643.4490323,448,S3_twin_shock,indonesia,USDC
405,0.7960413934319671,2152374552.362807,448,S3_twin_shock,indonesia,USDC
406,0.7892278907534701,2098565188.5537362,448,S3_twin_shock,indonesia,USDC
407,0.7889941085045712,2046101058.8398929,448,S3_twin_shock,indonesia,USDC
408,0.7874025965340833,1994948532.3688955,448,S3_twin_shock,indonesia,USDC
409,0.7930452946804167,1945074819.0596733,448,S3_twin_shock,indonesia,USDC
410,0.7762909618598083,1896447948.5831814,448,S3_twin_shock,indonesia,USDC
411,0.770628939413499,1849036749.868602,448,S3_twin_shock,indonesia,USDC
412,0.7773185711471126,1802810831.121887,448,S3_twin_shock,indonesia,USDC
413,0.7859486139136508,1757740560.3438396,448,S3_twin_shock,indonesia,USDC
414,0.8058804256306872,1713797046.3352437,448,S3_twin_shock,indonesia,USDC
415,0.817632293643661,1670952120.1768627,448,S3_twin_shock,indonesia,USDC
416,0.8273699605263432,1629178317.172441,448,S3_twin_shock,indonesia,USDC
417,0.803755949631445,1588448859.2431302,448,S3_twin_shock,indonesia,USDC
418,0.8022027104198481,1548737637.7620518,448,S3_twin_shock,indonesia,USDC
419,0.7970419992949587,1510019196.8180003,448,S3_twin_shock,indonesia,USDC
420,0.7997850966906561,1472268716.8975506,448,S3_twin_shock,indonesia,USDC
421,0.8126914926521573,1435461998.9751117,448,S3_twin_shock,indonesia,USDC
422,0.8236854348052858,1399575449.0007339,448,S3_twin_shock,indonesia,USDC
423,0.8215220310398568,1364586062.7757156,448,S3_twin_shock,indonesia,USDC
424,0.811579997067221,1330471411.2063227,448,S3_twin_shock,indonesia,USDC
425,0.7829827624340776,1297209625.9261646,448,S3_twin_shock,indonesia,USDC
426,0.7887744108992261,1264779385.2780104,448,S3_twin_shock,indonesia,USDC
427,0.7727824390236729,1233159900.6460602,448,S3_twin_shock,indonesia,USDC
428,0.7673738327987343,1202330903.1299086,448,S3_twin_shock,indonesia,USDC
429,0.7865484029300981,1172272630.551661,448,S3_twin_shock,indonesia,USDC
430,0.7742080137619052,1142965814.7878695,448,S3_twin_shock,indonesia,USDC
431,0.7957292027714338,1114391669.4181726,448,S3_twin_shock,indonesia,USDC
432,0.78232078100665,1086531877.6827183,448,S3_twin_shock,indonesia,USDC
433,0.7840333610665338,1059368580.7406503,448,S3_twin_shock,indonesia,USDC
434,0.7786829514200058,1032884366.2221341,448,S3_twin_shock,indonesia,USDC
435,0.7995897330737639,1007062257.0665808,448,S3_twin_shock,indonesia,USDC
436,0.8011533510403287,981885700.6399162,448,S3_twin_shock,indonesia,USDC
437,0.7897145412715187,957338558.1239184,448,S3_twin_shock,indonesia,USDC
438,0.7837541926163366,933405094.1708204,448,S3_twin_shock,indonesia,USDC
439,0.7652263061824756,910069966.8165499,448,S3_twin_shock,indonesia,USDC
440,0.7756969673545538,887318217.646136,448,S3_twin_shock,indonesia,USDC
441,0.7874037441851124,865135262.2049828,448,S3_twin_shock,indonesia,USDC
442,0.7675075458439681,843506880.6498581,448,S3_twin_shock,indonesia,USDC
443,0.7555662439553229,822419208.6336117,448,S3_twin_shock,indonesia,USDC
444,0.7773826773499943,801858728.4177713,448,S3_twin_shock,indonesia,USDC
445,0.7716056196641922,781812260.2073271,448,S3_twin_shock,indonesia,USDC
446,0.7849641942529421,762266953.7021439,448,S3_twin_shock,indonesia,USDC
447,0.8002721002585204,743210279.8595904,448,S3_twin_shock,indonesia,USDC
448,0.790508322246987,724630022.8631006,448,S3_twin_shock,indonesia,USDC
449,0.7901038333232588,706514272.2915231,448,S3_twin_shock,indonesia,USDC
450,0.7640310523863029,688851415.484235,448,S3_twin_shock,indonesia,USDC
451,0.7574133235366912,671630130.0971291,448,S3_twin_shock,indonesia,USDC
452,0.7650052715078222,654839376.8447009,448,S3_twin_shock,indonesia,USDC
453,0.7898791935616167,638468392.4235834,448,S3_twin_shock,indonesia,USDC
454,0.7893267960475544,622506682.6129937,448,S3_twin_shock,indonesia,USDC
455,0.7843449967738606,606944015.5476689,448,S3_twin_shock,indonesia,USDC
456,0.7702413255597523,591770415.1589773,448,S3_twin_shock,indonesia,USDC
457,0.7513133565506,576976154.7800028,448,S3_twin_shock,indonesia,USDC
458,0.7475265505092816,562551750.9105027,448,S3_twin_shock,indonesia,USDC
459,0.7621179416156941,548487957.1377401,448,S3_twin_shock,indonesia,USDC
460,0.7414082903882048,534775758.2092966,448,S3_twin_shock,indonesia,USDC
461,0.771637462229955,521406364.2540642,448,S3_twin_shock,indonesia,USDC
462,0.7717177232211662,508371205.14771265,448,S3_twin_shock,indonesia,USDC
463,0.7840833206610764,495661925.01901984,448,S3_twin_shock,indonesia,USDC
464,0.7854852246518509,483270376.8935443,448,S3_twin_shock,indonesia,USDC
465,0.7861775827068258,471188617.4712057,448,S3_twin_shock,indonesia,USDC
466,0.7619826104074904,459408902.0344256,448,S3_twin_shock,indonesia,USDC
467,0.751791606955325,447923679.4835649,448,S3_twin_shock,indonesia,USDC
468,0.741223754114741,436725587.4964758,448,S3_twin_shock,indonesia,USDC
469,0.7582052585726577,425807447.8090639,448,S3_twin_shock,indonesia,USDC
470,0.7622721117784597,415162261.61383736,448,S3_twin_shock,indonesia,USDC
471,0.7367927528653672,404783205.0734914,448,S3_twin_shock,indonesia,USDC
472,0.7443239477024564,394663624.9466541,448,S3_twin_shock,indonesia,USDC
473,0.7616842063987107,384797034.3229878,448,S3_twin_shock,indonesia,USDC
474,0.7361374730315406,375177108.4649131,448,S3_twin_shock,indonesia,USDC
475,0.7399255776577792,365797680.75329024,448,S3_twin_shock,indonesia,USDC
476,0.7680947005270816,356652738.73445797,448,S3_twin_shock,indonesia,USDC
477,0.7744683187919799,347736420.26609653,448,S3_twin_shock,indonesia,USDC
478,0.7676767100415784,339043009.7594441,448,S3_twin_shock,indonesia,USDC
479,0.7613561582099,330566934.51545805,448,S3_twin_shock,indonesia,USDC
480,0.7678925522771987,322302761.15257156,448,S3_twin_shock,indonesia,USDC
481,0.7939416395418533,314245192.12375724,448,S3_twin_shock,indonesia,USDC
482,0.803977588853785,306389062.32066333,448,S3_twin_shock,indonesia,USDC
483,0.8098267279207413,298729335.76264673,448,S3_twin_shock,indonesia,USDC
484,0.8005660944588066,291261102.3685806,448,S3_twin_shock,indonesia,USDC
485,0.8025072228287204,283979574.80936605,448,S3_twin_shock,indonesia,USDC
486,0.832593382180541,276880085.4391319,448,S3_twin_shock,indonesia,USDC
487,0.8207552102416322,269958083.30315363,448,S3_twin_shock,indonesia,USDC
488,0.809061245568118,263209131.22057474,448,S3_twin_shock,indonesia,USDC
489,0.7974328548517127,256628902.94006038,448,S3_twin_shock,indonesia,USDC
490,0.7843625856010499,250213180.36655888,448,S3_twin_shock,indonesia,USDC
491,0.805839152553254,243957850.85739493,448,S3_twin_shock,indonesia,USDC
492,0.7995487504704368,237858904.58596003,448,S3_twin_shock,indonesia,USDC
493,0.7791600979897872,231912431.97131103,448,S3_twin_shock,indonesia,USDC
494,0.7861272750459167,226114621.17202827,448,S3_twin_shock,indonesia,USDC
495,0.8300911604029119,220461755.64272758,448,S3_twin_shock,indonesia,USDC
496,0.840085254763154,214950211.7516594,448,S3_twin_shock,indonesia,USDC
497,0.8157194696246127,209576456.45786786,448,S3_twin_shock,indonesia,USDC
498,0.8310747242557158,204337045.04642117,448,S3_twin_shock,indonesia,USDC
499,0.8460140631713383,199228618.92026064,448,S3_twin_shock,indonesia,USDC
500,0.7621298401811826,194247903.44725412,448,S3_twin_shock,indonesia,USDC
501,0.7590527180825035,189391705.86107278,448,S3_twin_shock,indonesia,USDC
502,0.7539784238521976,184656913.21454597,448,S3_twin_shock,indonesia,USDC
503,0.762289873426992,180040490.3841823,448,S3_twin_shock,indonesia,USDC
504,0.755540736044855,175539478.12457776,448,S3_twin_shock,indonesia,USDC
505,0.7594168190488709,171150991.1714633,448,S3_twin_shock,indonesia,USDC
506,0.7819069763544135,166872216.39217672,448,S3_twin_shock,indonesia,USDC
507,0.804764814588918,162700410.98237228,448,S3_twin_shock,indonesia,USDC
508,0.8140170850405819,158632900.707813,448,S3_twin_shock,indonesia,USDC
509,0.840616008647098,154667078.19011766,448,S3_twin_shock,indonesia,USDC
510,0.7790855334687556,150800401.23536474,448,S3_twin_shock,indonesia,USDC
511,0.7961358840248081,147030391.20448062,448,S3_twin_shock,indonesia,USDC
512,0.7820677275291779,143354631.42436862,448,S3_twin_shock,indonesia,USDC
513,0.7787970403049017,139770765.63875937,448,S3_twin_shock,indonesia,USDC
514,0.7744507235230963,136276496.4977904,448,S3_twin_shock,indonesia,USDC
515,0.776854367223397,132869584.08534564,448,S3_twin_shock,indonesia,USDC
516,0.7841765391970343,129547844.483212,448,S3_twin_shock,indonesia,USDC
517,0.8109082020786001,126309148.3711317,448,S3_twin_shock,indonesia,USDC
518,0.7942867654571928,123151419.66185342,448,S3_twin_shock,indonesia,USDC
519,0.82306985743122,120072634.17030707,448,S3_twin_shock,indonesia,USDC
520,0.8245165557787023,117070818.3160494,448,S3_twin_shock,indonesia,USDC
521,0.8111772160499539,114144047.85814816,448,S3_twin_shock,indonesia,USDC
522,0.7900788647521949,111290446.66169445,448,S3_twin_shock,indonesia,USDC
523,0.7786096195622441,108508185.49515209,448,S3_twin_shock,indonesia,USDC
524,0.7717536711400873,105795480.8577733,448,S3_twin_shock,indonesia,USDC
525,0.7719997403782107,103150593.83632898,448,S3_twin_shock,indonesia,USDC
526,0.748359298875599,100571828.99042074,448,S3_twin_shock,indonesia,USDC
527,0.7348227658217398,98057533.26566023,448,S3_twin_shock,indonesia,USDC
528,0.7321415264047608,95606094.93401872,448,S3_twin_shock,indonesia,USDC
529,0.7247770163386408,93215942.56066824,448,S3_twin_shock,indonesia,USDC
530,0.7227316262385789,90885543.99665155,448,S3_twin_shock,indonesia,USDC
531,0.7560213977654268,88613405.39673527,448,S3_twin_shock,indonesia,USDC
532,0.7605728818724629,86398070.26181687,448,S3_twin_shock,indonesia,USDC
533,0.7671390713617865,84238118.50527145,448,S3_twin_shock,indonesia,USDC
534,0.7264656461996546,82132165.54263966,448,S3_twin_shock,indonesia,USDC
535,0.7374912539447355,80078861.40407369,448,S3_twin_shock,indonesia,USDC
536,0.7398260899546216,78076889.86897182,448,S3_twin_shock,indonesia,USDC
537,0.7349000434223923,76124967.62224753,448,S3_twin_shock,indonesia,USDC
538,0.7337838115918324,74221843.43169135,448,S3_twin_shock,indonesia,USDC
539,0.7486638621709414,72366297.34589908,448,S3_twin_shock,indonesia,USDC
540,0.7686095795361532,70557139.91225159,448,S3_twin_shock,indonesia,USDC
541,0.7680783342768375,68793211.41444531,448,S3_twin_shock,indonesia,USDC
542,0.7849382330203225,67073381.12908417,448,S3_twin_shock,indonesia,USDC
543,0.7775929523242355,65396546.60085706,448,S3_twin_shock,indonesia,USDC
544,0.7685343730950421,63761632.93583564,448,S3_twin_shock,indonesia,USDC
545,0.7928226189149141,62167592.11243974,448,S3_twin_shock,indonesia,USDC
546,0.8278697332102269,60613402.30962874,448,S3_twin_shock,indonesia,USDC
547,0.8423918340232615,59098067.25188802,448,S3_twin_shock,indonesia,USDC
548,0.8258202605194301,57620615.570590824,448,S3_twin_shock,indonesia,USDC
549,0.825222185875782,56180100.181326054,448,S3_twin_shock,indonesia,USDC
550,0.8385621903482833,54775597.676792905,448,S3_twin_shock,indonesia,USDC
551,0.8328171341619848,53406207.734873086,448,S3_twin_shock,indonesia,USDC
552,0.7943579721844102,52071052.541501254,448,S3_twin_shock,indonesia,USDC
553,0.7800274764822117,50769276.22796373,448,S3_twin_shock,indonesia,USDC
554,0.7798621326758332,49500044.32226463,448,S3_twin_shock,indonesia,USDC
555,0.7941996225890261,48262543.21420802,448,S3_twin_shock,indonesia,USDC
556,0.8060428575418725,47055979.63385282,448,S3_twin_shock,indonesia,USDC
557,0.8112152109058031,45879580.143006496,448,S3_twin_shock,indonesia,USDC
558,0.7896728176012869,44732590.639431335,448,S3_twin_shock,indonesia,USDC
559,0.7655973766227971,43614275.873445556,448,S3_twin_shock,indonesia,USDC
560,0.755194978886827,42523918.97660942,448,S3_twin_shock,indonesia,USDC
561,0.7452452601533552,41460821.00219418,448,S3_twin_shock,indonesia,USDC
562,0.7198678507613269,40424300.477139324,448,S3_twin_shock,indonesia,USDC
563,0.7431479327762706,39413692.96521084,448,S3_twin_shock,indonesia,USDC
564,0.7543794788070812,38428350.64108057,448,S3_twin_shock,indonesia,USDC
565,0.762487743036509,37467641.875053555,448,S3_twin_shock,indonesia,USDC
566,0.7480971138486123,36530950.82817721,448,S3_twin_shock,indonesia,USDC
567,0.7580400433254374,35617677.05747278,448,S3_twin_shock,indonesia,USDC
568,0.7522984135543652,34727235.13103597,448,S3_twin_shock,indonesia,USDC
569,0.767242682481951,33859054.25276007,448,S3_twin_shock,indonesia,USDC
570,0.7661008813827443,33012577.896441065,448,S3_twin_shock,indonesia,USDC
571,0.768848117775079,32187263.449030034,448,S3_twin_shock,indonesia,USDC
572,0.7698622118085221,31382581.862804286,448,S3_twin_shock,indonesia,USDC
573,0.8010033415273863,30598017.31623418,448,S3_twin_shock,indonesia,USDC
574,0.797982003037354,29833066.883328322,448,S3_twin_shock,indonesia,USDC
575,0.7973870341928128,29087240.211245116,448,S3_twin_shock,indonesia,USDC
576,0.7984889326075343,28360059.205963984,448,S3_twin_shock,indonesia,USDC
577,0.7892534225556465,27651057.725814886,448,S3_twin_shock,indonesia,USDC
578,0.7866905310116886,26959781.282669514,448,S3_twin_shock,indonesia,USDC
579,0.7429967969835246,26285786.75060278,448,S3_twin_shock,indonesia,USDC
580,0.7621287785508181,25628642.08183771,448,S3_twin_shock,indonesia,USDC
581,0.7359271643587906,24987926.02979177,448,S3_twin_shock,indonesia,USDC
582,0.762799367097723,24363227.879046973,448,S3_twin_shock,indonesia,USDC
583,0.787998285437286,23754147.1820708,448,S3_twin_shock,indonesia,USDC
584,0.7939001290112836,23160293.502519026,448,S3_twin_shock,indonesia,USDC
585,0.7957648938974409,22581286.164956056,448,S3_twin_shock,indonesia,USDC
586,0.8117499363160784,22016754.010832153,448,S3_twin_shock,indonesia,USDC
587,0.8194791636470302,21466335.16056135,448,S3_twin_shock,indonesia,USDC
588,0.8112976854969907,20929676.781547315,448,S3_twin_shock,indonesia,USDC
589,0.8084673624416636,20406434.86200863,448,S3_twin_shock,indonesia,USDC
590,0.7974371998964843,19896273.990458414,448,S3_twin_shock,indonesia,USDC
591,0.8213795657647533,19398867.140696954,448,S3_twin_shock,indonesia,USDC
592,0.7991985623325283,18913895.46217953,448,S3_twin_shock,indonesia,USDC
593,0.7826626676610744,18441048.075625043,448,S3_twin_shock,indonesia,USDC
594,0.766600318666548,17980021.873734415,448,S3_twin_shock,indonesia,USDC
595,0.7826318694638735,17530521.326891057,448,S3_twin_shock,indonesia,USDC
596,0.800807589908357,17092258.29371878,448,S3_twin_shock,indonesia,USDC
597,0.7780933989720946,16664951.836375814,448,S3_twin_shock,indonesia,USDC
598,0.7735265769946671,16248328.040466417,448,S3_twin_shock,indonesia,USDC
599,0.7836030780511769,15842119.839454755,448,S3_twin_shock,indonesia,USDC
600,0.7794658872098281,15446066.843468389,448,S3_twin_shock,indonesia,USDC
601,0.7776220251437868,15059915.172381679,448,S3_twin_shock,indonesia,USDC
602,0.7687898581029421,14683417.293072136,448,S3_twin_shock,indonesia,USDC
603,0.7719754563385703,14316331.860745333,448,S3_twin_shock,indonesia,USDC
604,0.7734316863491311,13958423.564226698,448,S3_twin_shock,indonesia,USDC
605,0.7535827589028613,13609462.975121032,448,S3_twin_shock,indonesia,USDC
606,0.7443930678874746,13269226.400743008,448,S3_twin_shock,indonesia,USDC
607,0.747176998272464,12937495.740724431,448,S3_twin_shock,indonesia,USDC
608,0.769160157683451,12614058.34720632,448,S3_twin_shock,indonesia,USDC
609,0.7780988212144554,12298706.888526162,448,S3_twin_shock,indonesia,USDC
610,0.8006079035234276,11991239.216313008,448,S3_twin_shock,indonesia,USDC
611,0.8231316013347959,11691458.235905183,448,S3_twin_shock,indonesia,USDC
612,0.8282717638459419,11399171.780007554,448,S3_twin_shock,indonesia,USDC
613,0.8249886798384923,11114192.485507365,448,S3_twin_shock,indonesia,USDC
614,0.8195003895401758,10836337.673369681,448,S3_twin_shock,indonesia,USDC
615,0.8376603671020368,10565429.231535438,448,S3_twin_shock,indonesia,USDC
616,0.8258523956651944,10301293.500747053,448,S3_twin_shock,indonesia,USDC
617,0.8405960303251336,10043761.163228376,448,S3_twin_shock,indonesia,USDC
618,0.8424748878894113,9792667.134147666,448,S3_twin_shock,indonesia,USDC
619,0.8516710654867077,9547850.455793975,448,S3_twin_shock,indonesia,USDC
620,0.8376102142701963,9309154.194399126,448,S3_twin_shock,indonesia,USDC
621,0.8381773038304601,9076425.339539148,448,S3_twin_shock,indonesia,USDC
622,0.8453707848134568,8849514.706050668,448,S3_twin_shock,indonesia,USDC
623,0.8367388651053381,8628276.838399403,448,S3_twin_shock,indonesia,USDC
624,0.843563539578247,8412569.917439418,448,S3_twin_shock,indonesia,USDC
625,0.7966146787194013,8202255.669503432,448,S3_twin_shock,indonesia,USDC
626,0.7815041573389373,7997199.277765846,448,S3_twin_shock,indonesia,USDC
627,0.785361843963068,7797269.2958217,448,S3_twin_shock,indonesia,USDC
628,0.7923534329947449,7602337.563426157,448,S3_twin_shock,indonesia,USDC
629,0.7905521597419283,7412279.1243405035,448,S3_twin_shock,indonesia,USDC
630,0.7762594001149573,7226972.14623199,448,S3_twin_shock,indonesia,USDC
631,0.7686408078823481,7046297.84257619,448,S3_twin_shock,indonesia,USDC
632,0.7563990257570585,6870140.396511786,448,S3_twin_shock,indonesia,USDC
633,0.7445812606158069,6698386.88659899,448,S3_twin_shock,indonesia,USDC
634,0.7435002008281546,6530927.2144340165,448,S3_twin_shock,indonesia,USDC
635,0.7409594725366199,6367654.034073165,448,S3_twin_shock,indonesia,USDC
636,0.731520663515046,6208462.683221336,448,S3_twin_shock,indonesia,USDC
637,0.7159594199352685,6053251.116140803,448,S3_twin_shock,indonesia,USDC
638,0.7260167523314439,5901919.838237283,448,S3_twin_shock,indonesia,USDC
639,0.7384849949763703,5754371.842281351,448,S3_twin_shock,indonesia,USDC
640,0.7581424139157201,5610512.5462243175,448,S3_twin_shock,indonesia,USDC
641,0.7534230358209433,5470249.732568709,448,S3_twin_shock,indonesia,USDC
642,0.7701444585897033,5333493.489254492,448,S3_twin_shock,indonesia,USDC
643,0.7690070004120454,5200156.15202313,448,S3_twin_shock,indonesia,USDC
644,0.7591582045575686,5070152.248222551,448,S3_twin_shock,indonesia,USDC
645,0.7660597942209706,4943398.442016988,448,S3_twin_shock,indonesia,USDC
646,0.7542191633345146,4819813.480966562,448,S3_twin_shock,indonesia,USDC
647,0.778419670103839,4699318.143942399,448,S3_twin_shock,indonesia,USDC
648,0.7780411300247012,4581835.190343839,448,S3_twin_shock,indonesia,USDC
649,0.7697148591783417,4467289.310585243,448,S3_twin_shock,indonesia,USDC
650,0.7735450232742546,4355607.077820612,448,S3_twin_shock,indonesia,USDC
651,0.7734406991933305,4246716.900875097,448,S3_twin_shock,indonesia,USDC
652,0.7749488656240395,4140548.978353219,448,S3_twin_shock,indonesia,USDC
653,0.7524193965570786,4037035.253894389,448,S3_twin_shock,indonesia,USDC
654,0.7351794679989697,3936109.3725470295,448,S3_twin_shock,indonesia,USDC
655,0.7512161737884844,3837706.638233354,448,S3_twin_shock,indonesia,USDC
656,0.7480674572723488,3741763.9722775193,448,S3_twin_shock,indonesia,USDC
657,0.7546735716355256,3648219.872970581,448,S3_twin_shock,indonesia,USDC
658,0.7445097506505058,3557014.3761463165,448,S3_twin_shock,indonesia,USDC
659,0.7408501444683177,3468089.016742659,448,S3_twin_shock,indonesia,USDC
660,0.7479378537128955,3381386.791324092,448,S3_twin_shock,indonesia,USDC
661,0.753300361789257,3296852.1215409907,448,S3_twin_shock,indonesia,USDC
662,0.7743032676997509,3214430.8185024657,448,S3_twin_shock,indonesia,USDC
663,0.7707904805220975,3134070.048039904,448,S3_twin_shock,indonesia,USDC
664,0.7794601562848071,3055718.2968389066,448,S3_twin_shock,indonesia,USDC
665,0.7651326502051279,2979325.3394179335,448,S3_twin_shock,indonesia,USDC
666,0.7734190605331536,2904842.2059324854,448,S3_twin_shock,indonesia,USDC
667,0.7605729723025982,2832221.150784173,448,S3_twin_shock,indonesia,USDC
668,0.7499830502859978,2761415.6220145687,448,S3_twin_shock,indonesia,USDC
669,0.7651834841148916,2692380.2314642044,448,S3_twin_shock,indonesia,USDC
670,0.7660339967766198,2625070.725677599,448,S3_twin_shock,indonesia,USDC
671,0.7529149959842351,2559443.9575356594,448,S3_twin_shock,indonesia,USDC
672,0.7432051264349966,2495457.8585972684,448,S3_twin_shock,indonesia,USDC
673,0.7377576063933643,2433071.4121323363,448,S3_twin_shock,indonesia,USDC
674,0.7387198582054936,2372244.626829028,448,S3_twin_shock,indonesia,USDC
675,0.7217186908196499,2312938.5111583024,448,S3_twin_shock,indonesia,USDC
676,0.7129167252355421,2255115.048379345,448,S3_twin_shock,indonesia,USDC
677,0.7230256488135143,2198737.1721698614,448,S3_twin_shock,indonesia,USDC
678,0.7328401685427661,2143768.7428656146,448,S3_twin_shock,indonesia,USDC
679,0.7326424723800168,2090174.5242939743,448,S3_twin_shock,indonesia,USDC
680,0.7606547605223196,2037920.1611866248,448,S3_twin_shock,indonesia,USDC
681,0.752175160002853,1986972.1571569592,448,S3_twin_shock,indonesia,USDC
682,0.7628421417468361,1937297.8532280354,448,S3_twin_shock,indonesia,USDC
683,0.7596553954172673,1888865.4068973344,448,S3_twin_shock,indonesia,USDC
684,0.7485853703326616,1841643.771724901,448,S3_twin_shock,indonesia,USDC
685,0.7257103068911448,1795602.6774317785,448,S3_twin_shock,indonesia,USDC
686,0.7230777109451264,1750712.6104959839,448,S3_twin_shock,indonesia,USDC
687,0.7511484005967684,1706944.7952335845,448,S3_twin_shock,indonesia,USDC
688,0.7603187033264949,1664271.1753527448,448,S3_twin_shock,indonesia,USDC
689,0.7696389102468816,1622664.3959689261,448,S3_twin_shock,indonesia,USDC
690,0.7670263784969364,1582097.7860697028,448,S3_twin_shock,indonesia,USDC
691,0.7667329709669884,1542545.3414179604,448,S3_twin_shock,indonesia,USDC
692,0.7675189554488677,1503981.7078825114,448,S3_twin_shock,indonesia,USDC
693,0.7668910743992142,1466382.1651854487,448,S3_twin_shock,indonesia,USDC
694,0.7523119998643514,1429722.6110558123,448,S3_twin_shock,indonesia,USDC
695,0.7476951878885887,1393979.545779417,448,S3_twin_shock,indonesia,USDC
696,0.7525573340046788,1359130.0571349317,448,S3_twin_shock,indonesia,USDC
697,0.7225884708969021,1325151.8057065583,448,S3_twin_shock,indonesia,USDC
698,0.7288967187226063,1292023.0105638944,448,S3_twin_shock,indonesia,USDC
699,0.729449511078842,1259722.435299797,448,S3_twin_shock,indonesia,USDC
700,0.7452030907482433,1228229.3744173022,448,S3_twin_shock,indonesia,USDC
701,0.7547295291760489,1197523.6400568695,448,S3_twin_shock,indonesia,USDC
702,0.7493480268160322,1167585.5490554478,448,S3_twin_shock,indonesia,USDC
703,0.757769066025264,1138395.9103290616,448,S3_twin_shock,indonesia,USDC
704,0.7540962735239745,1109936.012570835,448,S3_twin_shock,indonesia,USDC
705,0.79503556548534,1082187.6122565642,448,S3_twin_shock,indonesia,USDC
706,0.7865953758596871,1055132.92195015,448,S3_twin_shock,indonesia,USDC
707,0.8167329179098552,1028754.5989013963,448,S3_twin_shock,indonesia,USDC
708,0.8256812651985584,1003035.7339288613,448,S3_twin_shock,indonesia,USDC
709,0.8186630945711544,977959.8405806399,448,S3_twin_shock,indonesia,USDC
710,0.8259681320219346,953510.8445661238,448,S3_twin_shock,indonesia,USDC
711,0.8355368887659823,929673.0734519708,448,S3_twin_shock,indonesia,USDC
712,0.8210660781008063,906431.2466156716,448,S3_twin_shock,indonesia,USDC
713,0.8158205587850322,883770.4654502799,448,S3_twin_shock,indonesia,USDC
714,0.8268213560973201,861676.2038140228,448,S3_twin_shock,indonesia,USDC
715,0.8502002841108617,840134.2987186722,448,S3_twin_shock,indonesia,USDC
716,0.832413563862192,819130.9412507054,448,S3_twin_shock,indonesia,USDC
717,0.8283923300072866,798652.6677194379,448,S3_twin_shock,indonesia,USDC
718,0.8164847159030384,778686.3510264519,448,S3_twin_shock,indonesia,USDC
719,0.7885959959562642,759219.1922507907,448,S3_twin_shock,indonesia,USDC
720,0.8024879871134172,740238.7124445208,448,S3_twin_shock,indonesia,USDC
721,0.7835291635282929,721732.7446334078,448,S3_twin_shock,indonesia,USDC
722,0.7742812392833636,703689.4260175726,448,S3_twin_shock,indonesia,USDC
723,0.7939892519589373,686097.1903671332,448,S3_twin_shock,indonesia,USDC
724,0.8297216832917994,668944.7606079549,448,S3_twin_shock,indonesia,USDC
725,0.8274893724695033,652221.1415927561,448,S3_twin_shock,indonesia,USDC
726,0.8438406460429501,635915.6130529372,448,S3_twin_shock,indonesia,USDC
727,0.8300939763991396,620017.7227266137,448,S3_twin_shock,indonesia,USDC
728,0.8397716485353879,604517.2796584484,448,S3_twin_shock,indonesia,USDC
729,0.8455957484375598,589404.3476669872,448,S3_twin_shock,indonesia,USDC
730,0.821165051530912,574669.2389753126,448,S3_twin_shock,indonesia,USDC
731,0.8177520195889649,560302.5080009297,448,S3_twin_shock,indonesia,USDC
732,0.8223772387112405,546294.9453009064,448,S3_twin_shock,indonesia,USDC
733,0.8359207518767687,532637.5716683838,448,S3_twin_shock,indonesia,USDC
734,0.8269429818932885,519321.63237667416,448,S3_twin_shock,indonesia,USDC
735,0.8240688453646228,506338.5915672573,448,S3_twin_shock,indonesia,USDC
736,0.8377671103379198,493680.12677807594,448,S3_twin_shock,indonesia,USDC
737,0.8260411787096417,481338.123608624,448,S3_twin_shock,indonesia,USDC
738,0.8033413004980777,469304.6705184084,448,S3_twin_shock,indonesia,USDC
739,0.8263536751957151,457572.0537554482,448,S3_twin_shock,indonesia,USDC
740,0.8109089787375844,446132.75241156196,448,S3_twin_shock,indonesia,USDC
741,0.8202849870761675,434979.43360127293,448,S3_twin_shock,indonesia,USDC
742,0.8116964498787151,424104.9477612411,448,S3_twin_shock,indonesia,USDC
743,0.818520955432304,413502.3240672101,448,S3_twin_shock,indonesia,USDC
744,0.8134263780867285,403164.76596552983,448,S3_twin_shock,indonesia,USDC
745,0.813869218775105,393085.6468163916,448,S3_twin_shock,indonesia,USDC
746,0.8058053838774547,383258.5056459818,448,S3_twin_shock,indonesia,USDC
747,0.7740378249450334,373677.0430048323,448,S3_twin_shock,indonesia,USDC
748,0.7545826687248189,364335.1169297115,448,S3_twin_shock,indonesia,USDC
749,0.7868397417561828,355226.7390064687,448,S3_twin_shock,indonesia,USDC
750,0.7986912351216204,346346.07053130696,448,S3_twin_shock,indonesia,USDC
751,0.7937846226988657,337687.4187680243,448,S3_twin_shock,indonesia,USDC
752,0.7926572028566086,329245.2332988237,448,S3_twin_shock,indonesia,USDC
753,0.7705126742930851,321014.1024663531,448,S3_twin_shock,indonesia,USDC
754,0.7713180635800032,312988.74990469427,448,S3_twin_shock,indonesia,USDC
755,0.8073284523708766,305164.03115707694,448,S3_twin_shock,indonesia,USDC
756,0.7923657734532777,297534.93037814996,448,S3_twin_shock,indonesia,USDC
757,0.7858753535597316,290096.5571186962,448,S3_twin_shock,indonesia,USDC
758,0.7932052580041817,282844.14319072885,448,S3_twin_shock,indonesia,USDC
759,0.8022939769973129,275773.0396109606,448,S3_twin_shock,indonesia,USDC
760,0.8095814701161403,268878.71362068655,448,S3_twin_shock,indonesia,USDC
761,0.8127591980111699,262156.74578016944,448,S3_twin_shock,indonesia,USDC
762,0.8102417916113345,255602.82713566517,448,S3_twin_shock,indonesia,USDC
763,0.7938813010506937,249212.75645727356,448,S3_twin_shock,indonesia,USDC
764,0.8291448649993673,242982.43754584173,448,S3_twin_shock,indonesia,USDC
765,0.8137589803129154,236907.87660719568,448,S3_twin_shock,indonesia,USDC
766,0.8297373723627025,230985.1796920158,448,S3_twin_shock,indonesia,USDC
767,0.8330262321293016,225210.55019971536,448,S3_twin_shock,indonesia,USDC
768,0.8206285231267257,219580.28644472253,448,S3_twin_shock,indonesia,USDC
769,0.8196189453528604,214090.7792836044,448,S3_twin_shock,indonesia,USDC
770,0.8251730801102801,208738.50980151433,448,S3_twin_shock,indonesia,USDC
771,0.8130742385818645,203520.04705647647,448,S3_twin_shock,indonesia,USDC
772,0.8029385108565592,198432.04588006454,448,S3_twin_shock,indonesia,USDC
773,0.7934960924961612,193471.24473306295,448,S3_twin_shock,indonesia,USDC
774,0.8030038373987937,188634.4636147364,448,S3_twin_shock,indonesia,USDC
775,0.8267233380390127,183918.60202436795,448,S3_twin_shock,indonesia,USDC
776,0.8163687559205226,179320.63697375875,448,S3_twin_shock,indonesia,USDC
777,0.8397417570552779,174837.6210494148,448,S3_twin_shock,indonesia,USDC
778,0.8198328840580413,170466.68052317944,448,S3_twin_shock,indonesia,USDC
779,0.822457086132076,166205.01351009996,448,S3_twin_shock,indonesia,USDC
780,0.7987595855860163,162049.88817234745,448,S3_twin_shock,indonesia,USDC
781,0.7882427496333141,157998.6409680388,448,S3_twin_shock,indonesia,USDC
782,0.7742148615827178,154048.6749438378,448,S3_twin_shock,indonesia,USDC
783,0.7614756413644973,150197.45807024185,448,S3_twin_shock,indonesia,USDC
784,0.7562561242766621,146442.5216184858,448,S3_twin_shock,indonesia,USDC
785,0.7842254865221586,142781.45857802365,448,S3_twin_shock,indonesia,USDC
786,0.7686141562448833,139211.92211357306,448,S3_twin_shock,indonesia,USDC
787,0.775126873101612,135731.62406073374,448,S3_twin_shock,indonesia,USDC
788,0.7872715731770172,132338.3334592154,448,S3_twin_shock,indonesia,USDC
789,0.7514716230115137,129029.875122735,448,S3_twin_shock,indonesia,USDC
790,0.7512354270325665,125804.12824466663,448,S3_twin_shock,indonesia,USDC
791,0.736810728137076,122659.02503854997,448,S3_twin_shock,indonesia,USDC
792,0.7502177580757369,119592.54941258622,448,S3_twin_shock,indonesia,USDC
793,0.7386262486814095,116602.73567727156,448,S3_twin_shock,indonesia,USDC
794,0.7484924211132302,113687.66728533979,448,S3_twin_shock,indonesia,USDC
795,0.7342601380854952,110845.47560320629,448,S3_twin_shock,indonesia,USDC
796,0.754029177251338,108074.33871312613,448,S3_twin_shock,indonesia,USDC
797,0.7513380730428225,105372.48024529798,448,S3_twin_shock,indonesia,USDC
798,0.7602011341741265,102738.16823916553,448,S3_twin_shock,indonesia,USDC
799,0.7436638945644028,100169.71403318638,448,S3_twin_shock,indonesia,USDC
800,0.76403958689578,97665.47118235673,448,S3_twin_shock,indonesia,USDC
801,0.7670554492255498,95223.8344027978,448,S3_twin_shock,indonesia,USDC
802,0.7775501348908793,92843.23854272786,448,S3_twin_shock,indonesia,USDC
803,0.7642566900695769,90522.15757915966,448,S3_twin_shock,indonesia,USDC
804,0.7788262591654223,88259.10363968067,448,S3_twin_shock,indonesia,USDC
805,0.769843144630103,86052.62604868866,448,S3_twin_shock,indonesia,USDC
806,0.7677064137794506,83901.31039747143,448,S3_twin_shock,indonesia,USDC
807,0.7530061104040263,81803.77763753464,448,S3_twin_shock,indonesia,USDC
808,0.7453692705778884,79758.68319659628,448,S3_twin_shock,indonesia,USDC
809,0.7401994131903282,77764.71611668137,448,S3_twin_shock,indonesia,USDC
810,0.7259667706657955,75820.59821376434,448,S3_twin_shock,indonesia,USDC
811,0.7166450981917905,73925.08325842023,448,S3_twin_shock,indonesia,USDC
812,0.712057048162883,72076.95617695972,448,S3_twin_shock,indonesia,USDC
813,0.7050753628608967,70275.03227253573,448,S3_twin_shock,indonesia,USDC
814,0.7029253395895979,68518.15646572234,448,S3_twin_shock,indonesia,USDC
815,0.69410022680328,66805.20255407928,448,S3_twin_shock,indonesia,USDC
816,0.6911054025843945,65135.0724902273,448,S3_twin_shock,indonesia,USDC
817,0.7114170276059345,63506.69567797161,448,S3_twin_shock,indonesia,USDC
818,0.6773720168049394,61919.02828602232,448,S3_twin_shock,indonesia,USDC
819,0.6935800970864318,60371.052578871764,448,S3_twin_shock,indonesia,USDC
820,0.7250128197888662,58861.776264399974,448,S3_twin_shock,indonesia,USDC
821,0.7272494500238386,57390.23185778997,448,S3_twin_shock,indonesia,USDC
822,0.7618412864523372,55955.47606134522,448,S3_twin_shock,indonesia,USDC
823,0.7671601920046898,54556.58915981159,448,S3_twin_shock,indonesia,USDC
824,0.7858187265243246,53192.674430816296,448,S3_twin_shock,indonesia,USDC
825,0.7790086860317076,51862.8575700459,448,S3_twin_shock,indonesia,USDC
826,0.8166889499480773,50566.286130794746,448,S3_twin_shock,indonesia,USDC
827,0.7984847843145206,49302.12897752487,448,S3_twin_shock,indonesia,USDC
828,0.8237424004632835,48069.575753086756,448,S3_twin_shock,indonesia,USDC
829,0.8536662368963495,46867.836359259585,448,S3_twin_shock,indonesia,USDC
830,0.8536168465315517,45696.14045027809,448,S3_twin_shock,indonesia,USDC
831,0.8472043365565214,44553.73693902114,448,S3_twin_shock,indonesia,USDC
832,0.8197877991988787,43439.89351554561,448,S3_twin_shock,indonesia,USDC
833,0.8016546870175327,42353.89617765698,448,S3_twin_shock,indonesia,USDC
834,0.7564363846323555,41295.04877321555,448,S3_twin_shock,indonesia,USDC
835,0.7621379815642427,40262.67255388516,448,S3_twin_shock,indonesia,USDC
836,0.7573524816426023,39256.10574003803,448,S3_twin_shock,indonesia,USDC
837,0.8208870462748763,38274.70309653708,448,S3_twin_shock,indonesia,USDC
838,0.822488815318267,37317.83551912365,448,S3_twin_shock,indonesia,USDC
839,0.8293536117372876,36384.88963114556,448,S3_twin_shock,indonesia,USDC
840,0.8249172400299062,35475.26739036692,448,S3_twin_shock,indonesia,USDC
841,0.8540366595355063,34588.385705607754,448,S3_twin_shock,indonesia,USDC
842,0.8419193712325583,33723.676062967555,448,S3_twin_shock,indonesia,USDC
843,0.8428628187794057,32880.58416139337,448,S3_twin_shock,indonesia,USDC
844,0.8194326134424523,32058.569557358533,448,S3_twin_shock,indonesia,USDC
845,0.8236676814821691,31257.105318424576,448,S3_twin_shock,indonesia,USDC
846,0.809919140474812,30475.677685463957,448,S3_twin_shock,indonesia,USDC
847,0.8128882331456954,29713.785743327357,448,S3_twin_shock,indonesia,USDC
848,0.8191986551906705,28970.941099744174,448,S3_twin_shock,indonesia,USDC
849,0.8109372506448844,28246.667572250568,448,S3_twin_shock,indonesia,USDC
850,0.7898233549471684,27540.500882944307,448,S3_twin_shock,indonesia,USDC
851,0.8060059947100782,26851.988360870702,448,S3_twin_shock,indonesia,USDC
852,0.79710112412034,26180.688651848934,448,S3_twin_shock,indonesia,USDC
853,0.7879503490534886,25526.171435552707,448,S3_twin_shock,indonesia,USDC
854,0.7717545553924088,24888.017149663894,448,S3_twin_shock,indonesia,USDC
855,0.7879658232049419,24265.816720922296,448,S3_twin_shock,indonesia,USDC
856,0.8121772179590132,23659.171302899238,448,S3_twin_shock,indonesia,USDC
857,0.812190064583774,23067.69202032676,448,S3_twin_shock,indonesia,USDC
858,0.784336009242797,22490.99971981859,448,S3_twin_shock,indonesia,USDC
859,0.7847174867093628,21928.724726823126,448,S3_twin_shock,indonesia,USDC
860,0.8003981499484822,21380.506608652544,448,S3_twin_shock,indonesia,USDC
861,0.7981696311098038,20845.99394343623,448,S3_twin_shock,indonesia,USDC
862,0.7808491864168446,20324.844094850327,448,S3_twin_shock,indonesia,USDC
863,0.7972509529300547,19816.72299247907,448,S3_twin_shock,indonesia,USDC
864,0.8008835142269398,19321.304917667094,448,S3_twin_shock,indonesia,USDC
865,0.8056631010829796,18838.272294725415,448,S3_twin_shock,indonesia,USDC
866,0.7972193727251965,18367.31548735728,448,S3_twin_shock,indonesia,USDC
867,0.8078979485396182,17908.13260017335,448,S3_twin_shock,indonesia,USDC
868,0.8113985199225588,17460.429285169015,448,S3_twin_shock,indonesia,USDC
869,0.8011993566014258,17023.91855303979,448,S3_twin_shock,indonesia,USDC
870,0.8277841874761223,16598.320589213796,448,S3_twin_shock,indonesia,USDC
871,0.814506761426683,16183.362574483452,448,S3_twin_shock,indonesia,USDC
872,0.8055137195409043,15778.778510121363,448,S3_twin_shock,indonesia,USDC
873,0.7905217154296504,15384.30904736833,448,S3_twin_shock,indonesia,USDC
874,0.7977898951292832,14999.701321184122,448,S3_twin_shock,indonesia,USDC
875,0.7977092279421676,14624.70878815452,448,S3_twin_shock,indonesia,USDC
876,0.7891591505785147,14259.091068450658,448,S3_twin_shock,indonesia,USDC
877,0.7797462307463564,13902.61379173939,448,S3_twin_shock,indonesia,USDC
878,0.8035441324784973,13555.048446945904,448,S3_twin_shock,indonesia,USDC
879,0.8125090662995508,13216.172235772256,448,S3_twin_shock,indonesia,USDC
880,0.8329113422182547,12885.767929877951,448,S3_twin_shock,indonesia,USDC
881,0.7910902418078779,12563.623731631,448,S3_twin_shock,indonesia,USDC
882,0.7739739069423524,12249.533138340226,448,S3_twin_shock,indonesia,USDC
883,0.7670299840472139,11943.294809881721,448,S3_twin_shock,indonesia,USDC
884,0.7445355023470329,11644.712439634677,448,S3_twin_shock,indonesia,USDC
885,0.7490790209833627,11353.59462864381,448,S3_twin_shock,indonesia,USDC
886,0.7481938705838828,11069.754762927714,448,S3_twin_shock,indonesia,USDC
887,0.7392869382342078,10793.010893854524,448,S3_twin_shock,indonesia,USDC
888,0.7613375841635189,10523.185621508159,448,S3_twin_shock,indonesia,USDC
889,0.770170229014676,10260.105980970455,448,S3_twin_shock,indonesia,USDC
890,0.774331000549792,10003.603331446193,448,S3_twin_shock,indonesia,USDC
891,0.7742195775165714,9753.513248160038,448,S3_twin_shock,indonesia,USDC
892,0.7534444742608863,9509.675416956037,448,S3_twin_shock,indonesia,USDC
893,0.6452078944818446,9271.933531532137,448,S3_twin_shock,indonesia,USDC
894,0.6628344200294505,9040.135193243834,448,S3_twin_shock,indonesia,USDC
895,0.6854175649991221,8814.131813412738,448,S3_twin_shock,indonesia,USDC
896,0.689919635657675,8593.778518077419,448,S3_twin_shock,indonesia,USDC
897,0.7022400595864186,8378.934055125483,448,S3_twin_shock,indonesia,USDC
898,0.7092721597885082,8169.460703747347,448,S3_twin_shock,indonesia,USDC
899,0.7330905107688286,7965.224186153664,448,S3_twin_shock,indonesia,USDC
900,0.7391875259140959,7766.093581499821,448,S3_twin_shock,indonesia,USDC
901,0.7371661649546478,7571.941241962327,448,S3_twin_shock,indonesia,USDC
902,0.7569853229120044,7382.642710913267,448,S3_twin_shock,indonesia,USDC
903,0.7552219635820608,7198.076643140437,448,S3_twin_shock,indonesia,USDC
904,0.7504649720809864,7018.124727061926,448,S3_twin_shock,indonesia,USDC
905,0.7746179289123927,6842.671608885377,448,S3_twin_shock,indonesia,USDC
906,0.7805075100258275,6671.604818663243,448,S3_twin_shock,indonesia,USDC
907,0.8041597780343025,6504.814698196662,448,S3_twin_shock,indonesia,USDC
908,0.7873041805562425,6342.194330741746,448,S3_twin_shock,indonesia,USDC
909,0.7851573589762183,6183.639472473202,448,S3_twin_shock,indonesia,USDC
910,0.8200854594039904,6029.048485661371,448,S3_twin_shock,indonesia,USDC
911,0.7946275822519745,5878.322273519838,448,S3_twin_shock,indonesia,USDC
912,0.7891573366326953,5731.364216681842,448,S3_twin_shock,indonesia,USDC
913,0.6797254825982052,5588.080111264795,448,S3_twin_shock,indonesia,USDC
914,0.7103871152824918,5448.378108483176,448,S3_twin_shock,indonesia,USDC
915,0.721291334079624,5312.168655771096,448,S3_twin_shock,indonesia,USDC
916,0.7163286320348586,5179.364439376819,448,S3_twin_shock,indonesia,USDC
917,0.7117517103357175,5049.880328392399,448,S3_twin_shock,indonesia,USDC
918,0.7263306032891976,4923.633320182589,448,S3_twin_shock,indonesia,USDC
919,0.7537058973699572,4800.542487178024,448,S3_twin_shock,indonesia,USDC
920,0.6960713142189758,4680.5289249985735,448,S3_twin_shock,indonesia,USDC
921,0.7088592769685308,4563.515701873609,448,S3_twin_shock,indonesia,USDC
922,0.7125784419624491,4449.4278093267685,448,S3_twin_shock,indonesia,USDC
923,0.7080305612551178,4338.1921140936,448,S3_twin_shock,indonesia,USDC
924,0.6906361108396222,4229.73731124126,448,S3_twin_shock,indonesia,USDC
925,0.6908374339307125,4123.993878460228,448,S3_twin_shock,indonesia,USDC
926,0.7151140979359449,4020.894031498723,448,S3_twin_shock,indonesia,USDC
927,0.713695021305157,3920.3716807112546,448,S3_twin_shock,indonesia,USDC
928,0.698359726762868,3822.3623886934733,448,S3_twin_shock,indonesia,USDC
929,0.7120467076259167,3726.8033289761365,448,S3_twin_shock,indonesia,USDC
930,0.7031593457669654,3633.633245751733,448,S3_twin_shock,indonesia,USDC
931,0.7169137183881034,3542.7924146079395,448,S3_twin_shock,indonesia,USDC
932,0.7095388683823355,3454.222604242741,448,S3_twin_shock,indonesia,USDC
933,0.7168975221401138,3367.8670391366727,448,S3_twin_shock,indonesia,USDC
934,0.722653970186838,3283.670363158256,448,S3_twin_shock,indonesia,USDC
935,0.737433055619286,3201.578604079299,448,S3_twin_shock,indonesia,USDC
936,0.7545952480644007,3121.539138977317,448,S3_twin_shock,indonesia,USDC
937,0.7814597790206315,3043.500660502884,448,S3_twin_shock,indonesia,USDC
938,0.7658799715833061,2967.4131439903117,448,S3_twin_shock,indonesia,USDC
939,0.7454227743071771,2893.2278153905545,448,S3_twin_shock,indonesia,USDC
940,0.7550806500831938,2820.8971200057904,448,S3_twin_shock,indonesia,USDC
941,0.7512592147704408,2750.3746920056456,448,S3_twin_shock,indonesia,USDC
942,0.7593943292068911,2681.6153247055045,448,S3_twin_shock,indonesia,USDC
943,0.7686225764546109,2614.5749415878668,448,S3_twin_shock,indonesia,USDC
944,0.6739358284975177,2549.21056804817,448,S3_twin_shock,indonesia,USDC
945,0.6922377040292259,2485.480303846966,448,S3_twin_shock,indonesia,USDC
946,0.7251394497286929,2423.3432962507914,448,S3_twin_shock,indonesia,USDC
947,0.728864596492578,2362.7597138445217,448,S3_twin_shock,indonesia,USDC
948,0.7180533341078446,2303.690720998409,448,S3_twin_shock,indonesia,USDC
949,0.7331888424107519,2246.0984529734487,448,S3_twin_shock,indonesia,USDC
950,0.7700031072236178,2189.9459916491123,448,S3_twin_shock,indonesia,USDC
951,0.7744517748929916,2135.1973418578846,448,S3_twin_shock,indonesia,USDC
952,0.7886836411271584,2081.8174083114372,448,S3_twin_shock,indonesia,USDC
953,0.7933522706953874,2029.7719731036514,448,S3_twin_shock,indonesia,USDC
954,0.7882119730982076,1979.02767377606,448,S3_twin_shock,indonesia,USDC
955,0.803213407980577,1929.5519819316587,448,S3_twin_shock,indonesia,USDC
956,0.8044126416419337,1881.3131823833673,448,S3_twin_shock,indonesia,USDC
957,0.8024410487355165,1834.2803528237832,448,S3_twin_shock,indonesia,USDC
958,0.7982493227541932,1788.4233440031887,448,S3_twin_shock,indonesia,USDC
959,0.7707673218522846,1743.7127604031089,448,S3_twin_shock,indonesia,USDC
960,0.7671918449913016,1700.1199413930312,448,S3_twin_shock,indonesia,USDC
961,0.7747385869024502,1657.6169428582054,448,S3_twin_shock,indonesia,USDC
962,0.7561811601787397,1616.1765192867506,448,S3_twin_shock,indonesia,USDC
963,0.755398766046832,1575.7721063045815,448,S3_twin_shock,indonesia,USDC
964,0.7646562683789786,1536.377803646967,448,S3_twin_shock,indonesia,USDC
965,0.7812207630023253,1497.9683585557927,448,S3_twin_shock,indonesia,USDC
966,0.7686433953676138,1460.519149591898,448,S3_twin_shock,indonesia,USDC
967,0.7734250492514262,1424.0061708521007,448,S3_twin_shock,indonesia,USDC
968,0.7661497949730055,1388.406016580798,448,S3_twin_shock,indonesia,USDC
969,0.7669396330003578,1353.6958661662782,448,S3_twin_shock,indonesia,USDC
970,0.7527279485539227,1319.8534695121211,448,S3_twin_shock,indonesia,USDC
971,0.7609290645687083,1286.8571327743182,448,S3_twin_shock,indonesia,USDC
972,0.7673971130815052,1254.6857044549602,448,S3_twin_shock,indonesia,USDC
973,0.7732343234500347,1223.3185618435862,448,S3_twin_shock,indonesia,USDC
974,0.7684593517722206,1192.7355977974967,448,S3_twin_shock,indonesia,USDC
975,0.7700984176711986,1162.9172078525592,448,S3_twin_shock,indonesia,USDC
976,0.7927143785269075,1133.8442776562451,448,S3_twin_shock,indonesia,USDC
977,0.780958956791411,1105.498170714839,448,S3_twin_shock,indonesia,USDC
978,0.8004975818811045,1077.8607164469681,448,S3_twin_shock,indonesia,USDC
979,0.7798844648784974,1050.9141985357937,448,S3_twin_shock,indonesia,USDC
980,0.7770429715082193,1024.641343572399,448,S3_twin_shock,indonesia,USDC
981,0.7590012531233693,999.0253099830892,448,S3_twin_shock,indonesia,USDC
982,0.7530958513042136,974.0496772335119,448,S3_twin_shock,indonesia,USDC
983,0.7407845732612593,949.6984353026742,448,S3_twin_shock,indonesia,USDC
984,0.7589647115899218,925.9559744201073,448,S3_twin_shock,indonesia,USDC
985,0.7825140054200029,902.8070750596046,448,S3_twin_shock,indonesia,USDC
986,0.8093600258802238,880.2368981831145,448,S3_twin_shock,indonesia,USDC
987,0.8141334382323543,858.2309757285366,448,S3_twin_shock,indonesia,USDC
988,0.7897683330405284,836.7752013353231,448,S3_twin_shock,indonesia,USDC
989,0.7849369885262009,815.8558213019401,448,S3_twin_shock,indonesia,USDC
990,0.7068722076596222,795.4594257693916,448,S3_twin_shock,indonesia,USDC
991,0.7196896047412004,775.572940125157,448,S3_twin_shock,indonesia,USDC
992,0.732259795885429,756.183616622028,448,S3_twin_shock,indonesia,USDC
993,0.7377606949114762,737.2790262064773,448,S3_twin_shock,indonesia,USDC
994,0.7315728039146241,718.8470505513153,448,S3_twin_shock,indonesia,USDC
995,0.7712261663233365,700.8758742875325,448,S3_twin_shock,indonesia,USDC
996,0.7601925105719487,683.3539774303441,448,S3_twin_shock,indonesia,USDC
997,0.7518969941136946,666.2701279945854,448,S3_twin_shock,indonesia,USDC
998,0.7607688291674487,649.6133747947208,448,S3_twin_shock,indonesia,USDC
999,0.7436665179937285,633.3730404248529,448,S3_twin_shock,indonesia,USDC
1000,0.74665176927915,617.5387144142314,448,S3_twin_shock,indonesia,USDC
