Step,price,liquidity,iteration,scenario,region,coin
1,1.0061038041854407,2989094971889.537,181,S3_twin_shock,indonesia,USDC
2,0.9834217250575296,2989094971889.537,181,S3_twin_shock,indonesia,USDC
3,0.9929404896693256,2989094971889.537,181,S3_twin_shock,indonesia,USDC
4,0.9914081583779266,2989094971889.537,181,S3_twin_shock,indonesia,USDC
5,0.9812668104756593,2989094971889.537,181,S3_twin_shock,indonesia,USDC
6,0.9638142702832142,2989094971889.537,181,S3_twin_shock,indonesia,USDC
7,0.9710949251034557,2988712349432.828,181,S3_twin_shock,indonesia,USDC
8,0.9341479276749889,2988712349432.828,181,S3_twin_shock,indonesia,USDC
9,0.9229300713425839,2986560344750.0864,181,S3_twin_shock,indonesia,USDC
10,0.9213939375023328,2983771797326.563,181,S3_twin_shock,indonesia,USDC
11,0.947083205763262,2981092466392.0693,181,S3_twin_shock,indonesia,USDC
12,0.9462560938876735,2979877412096.824,181,S3_twin_shock,indonesia,USDC
13,0.9691617412514602,2978661657562.145,181,S3_twin_shock,indonesia,USDC
14,0.9776925022049068,2978634533739.709,181,S3_twin_shock,indonesia,USDC
15,0.9925011608562453,2978634533739.709,181,S3_twin_shock,indonesia,USDC
16,1.0019170686139274,2978634533739.709,181,S3_twin_shock,indonesia,USDC
17,1.0052278002901092,2978634533739.709,181,S3_twin_shock,indonesia,USDC
18,0.9963569207632481,2978634533739.709,181,S3_twin_shock,indonesia,USDC
19,1.030249080238349,2978634533739.709,181,S3_twin_shock,indonesia,USDC
20,1.0164143246375794,2978634533739.709,181,S3_twin_shock,indonesia,USDC
21,1.0318448460390632,2978634533739.709,181,S3_twin_shock,indonesia,USDC
22,1.0056712292436063,2978634533739.709,181,S3_twin_shock,indonesia,USDC
23,1.0103709724031715,2978634533739.709,181,S3_twin_shock,indonesia,USDC
24,1.0220155509702644,2978634533739.709,181,S3_twin_shock,indonesia,USDC
25,1.0086407809011315,2978634533739.709,181,S3_twin_shock,indonesia,USDC
26,0.9950656307292904,2978634533739.709,181,S3_twin_shock,indonesia,USDC
27,0.9752633460716928,2978634533739.709,181,S3_twin_shock,indonesia,USDC
28,0.9497769701407385,2978634533739.709,181,S3_twin_shock,indonesia,USDC
29,0.9649913823795335,2977628486790.624,181,S3_twin_shock,indonesia,USDC
30,0.9477735939735514,2977377882854.6274,181,S3_twin_shock,indonesia,USDC
31,0.9702147121013454,2976299840637.7783,181,S3_twin_shock,indonesia,USDC
32,0.9525165566651452,2976299840637.7783,181,S3_twin_shock,indonesia,USDC
33,0.9762611815482826,2975449012134.8,181,S3_twin_shock,indonesia,USDC
34,0.9719045963447827,2975449012134.8,181,S3_twin_shock,indonesia,USDC
35,0.9676120538886964,2975449012134.8,181,S3_twin_shock,indonesia,USDC
36,1.0005444471017548,2975352601092.573,181,S3_twin_shock,indonesia,USDC
37,0.9849290838887166,2975352601092.573,181,S3_twin_shock,indonesia,USDC
38,0.9615978997807252,2975352601092.573,181,S3_twin_shock,indonesia,USDC
39,0.9490449352480022,2974973209730.2334,181,S3_twin_shock,indonesia,USDC
40,0.9399118905678251,2973982094838.832,181,S3_twin_shock,indonesia,USDC
41,0.9382316179329101,2972589756006.4673,181,S3_twin_shock,indonesia,USDC
42,0.9422429573243005,2971199935153.1904,181,S3_twin_shock,indonesia,USDC
43,0.8936114127776302,2970043597995.2285,181,S3_twin_shock,indonesia,USDC
44,0.927201660582848,2966878443305.6836,181,S3_twin_shock,indonesia,USDC
45,0.9246134347340311,2965231165486.792,181,S3_twin_shock,indonesia,USDC
46,0.9550162146813679,2963601380845.596,181,S3_twin_shock,indonesia,USDC
47,0.9640010496780242,2963092402301.995,181,S3_twin_shock,indonesia,USDC
48,0.9484973959086862,2962882145708.0576,181,S3_twin_shock,indonesia,USDC
49,0.9826445801009182,2962147210109.011,181,S3_twin_shock,indonesia,USDC
50,0.9807674800027708,2962147210109.011,181,S3_twin_shock,indonesia,USDC
51,0.9799614888235395,2962147210109.011,181,S3_twin_shock,indonesia,USDC
52,0.9809804531742775,2962147210109.011,181,S3_twin_shock,indonesia,USDC
53,0.9604440367578335,2962147210109.011,181,S3_twin_shock,indonesia,USDC
54,0.9678229624732851,2961832429917.67,181,S3_twin_shock,indonesia,USDC
55,0.9420653255690064,2961758954995.3433,181,S3_twin_shock,indonesia,USDC
56,0.944682640430172,2960866954106.8633,181,S3_twin_shock,indonesia,USDC
57,0.9394949476100405,2960053232334.795,181,S3_twin_shock,indonesia,USDC
58,0.906916572571674,2959130590336.18,181,S3_twin_shock,indonesia,USDC
59,0.889518587000065,2957229390138.703,181,S3_twin_shock,indonesia,USDC
60,0.8910502674714502,2954895062577.2354,181,S3_twin_shock,indonesia,USDC
61,0.8942706560483447,2952824118798.574,181,S3_twin_shock,indonesia,USDC
62,0.9100002430589413,2950998840189.1323,181,S3_twin_shock,indonesia,USDC
63,0.9110197451536546,2949711698767.368,181,S3_twin_shock,indonesia,USDC
64,0.9191017304410793,2948523976901.564,181,S3_twin_shock,indonesia,USDC
65,0.9210704933148499,2947524086874.9546,181,S3_twin_shock,indonesia,USDC
66,0.9169430024932644,2946594470890.542,181,S3_twin_shock,indonesia,USDC
67,0.9174340261537669,2945696234154.9136,181,S3_twin_shock,indonesia,USDC
68,0.9286142605797636,2944835193077.641,181,S3_twin_shock,indonesia,USDC
69,0.9148319999131734,2944196530917.506,181,S3_twin_shock,indonesia,USDC
70,0.9258643753172329,2943337641422.9014,181,S3_twin_shock,indonesia,USDC
71,0.9131435706720583,2942723055094.2964,181,S3_twin_shock,indonesia,USDC
72,0.9303014561775041,2941963199506.7764,181,S3_twin_shock,indonesia,USDC
73,0.9502174965105173,2941451804062.787,181,S3_twin_shock,indonesia,USDC
74,0.973065693416747,2941231503677.6875,181,S3_twin_shock,indonesia,USDC
75,0.9648077456636702,2941231503677.6875,181,S3_twin_shock,indonesia,USDC
76,0.9883476399667124,2941166538770.672,181,S3_twin_shock,indonesia,USDC
77,0.9924055383225608,2941166538770.672,181,S3_twin_shock,indonesia,USDC
78,0.963428313521143,2941166538770.672,181,S3_twin_shock,indonesia,USDC
79,0.9599285237343957,2941099910688.6123,181,S3_twin_shock,indonesia,USDC
80,0.9661999330680215,2940983535338.1904,181,S3_twin_shock,indonesia,USDC
81,0.9898012088280829,2940943831578.9473,181,S3_twin_shock,indonesia,USDC
82,0.9899306337997695,2940943831578.9473,181,S3_twin_shock,indonesia,USDC
83,0.996261715393491,2940943831578.9473,181,S3_twin_shock,indonesia,USDC
84,1.0056605809122638,2940943831578.9473,181,S3_twin_shock,indonesia,USDC
85,0.9590504655363742,2940943831578.9473,181,S3_twin_shock,indonesia,USDC
86,0.9610850920274032,2940810079519.644,181,S3_twin_shock,indonesia,USDC
87,0.9686905294952103,2940718059764.1763,181,S3_twin_shock,indonesia,USDC
88,0.9969585395855913,2940702368948.974,181,S3_twin_shock,indonesia,USDC
89,1.0083762652183437,2940702368948.974,181,S3_twin_shock,indonesia,USDC
90,0.9859233762959156,2940702368948.974,181,S3_twin_shock,indonesia,USDC
91,0.9701442077149289,2940702368948.974,181,S3_twin_shock,indonesia,USDC
92,0.9461268557340593,2940702368948.974,181,S3_twin_shock,indonesia,USDC
93,0.9347767240113805,2940416693624.6934,181,S3_twin_shock,indonesia,USDC
94,0.9063634835564055,2940030919785.501,181,S3_twin_shock,indonesia,USDC
95,0.9177662008815953,2939313470684.359,181,S3_twin_shock,indonesia,USDC
96,0.9423180169680788,2938777623226.6763,181,S3_twin_shock,indonesia,USDC
97,0.954150263000867,2938530087903.468,181,S3_twin_shock,indonesia,USDC
98,0.9607241400464712,2938375918720.605,181,S3_twin_shock,indonesia,USDC
99,0.9568520555928617,2938287167418.5005,181,S3_twin_shock,indonesia,USDC
100,0.9711211235017004,2938176197412.337,181,S3_twin_shock,indonesia,USDC
101,0.8505424114010095,2938176197412.337,181,S3_twin_shock,indonesia,USDC
102,0.8378803863443621,2937081121947.086,181,S3_twin_shock,indonesia,USDC
103,0.8525565316830257,2936060099800.5874,181,S3_twin_shock,indonesia,USDC
104,0.8407350895856304,2935252101235.286,181,S3_twin_shock,indonesia,USDC
105,0.8747986074450672,2934431584974.1646,181,S3_twin_shock,indonesia,USDC
106,0.8666191330440975,2933930691093.127,181,S3_twin_shock,indonesia,USDC
107,0.8671749736180585,2933448555812.0586,181,S3_twin_shock,indonesia,USDC
108,0.8469197358398629,2933006895822.9644,181,S3_twin_shock,indonesia,USDC
109,0.8645014006984238,2932520794085.382,181,S3_twin_shock,indonesia,USDC
110,0.8546793790717041,2932164140325.7637,181,S3_twin_shock,indonesia,USDC
111,0.8716184019273302,2931814601861.3276,181,S3_twin_shock,indonesia,USDC
112,0.8969953107212673,2931544821779.366,181,S3_twin_shock,indonesia,USDC
113,0.9069326128888165,2931360439789.6895,181,S3_twin_shock,indonesia,USDC
114,0.8990085664544191,2931220403140.2017,181,S3_twin_shock,indonesia,USDC
115,0.9168344923732359,2931072252180.0337,181,S3_twin_shock,indonesia,USDC
116,0.9209131613417174,2930969477624.238,181,S3_twin_shock,indonesia,USDC
117,0.911606864731671,2930882259970.698,181,S3_twin_shock,indonesia,USDC
118,0.924020693727798,2930774666821.5366,181,S3_twin_shock,indonesia,USDC
119,0.9476921909828325,2930697227568.407,181,S3_twin_shock,indonesia,USDC
120,0.9560720362776352,2930661815222.1753,181,S3_twin_shock,indonesia,USDC
121,0.928293550999978,2857376793566.249,181,S3_twin_shock,indonesia,USDC
122,0.9041519045364117,2785883062128.421,181,S3_twin_shock,indonesia,USDC
123,0.8858931665841038,2716139978909.83,181,S3_twin_shock,indonesia,USDC
124,0.8804434393416758,2648127050538.0156,181,S3_twin_shock,indonesia,USDC
125,0.8814874307635724,2581814098836.8984,181,S3_twin_shock,indonesia,USDC
126,0.8479034014586564,2517172138940.545,181,S3_twin_shock,indonesia,USDC
127,0.8378976486455462,2454112171218.2896,181,S3_twin_shock,indonesia,USDC
128,0.833225812212426,2392638298589.996,181,S3_twin_shock,indonesia,USDC
129,0.8158939097748586,2332716003743.956,181,S3_twin_shock,indonesia,USDC
130,0.8067652375104243,2274296524320.135,181,S3_twin_shock,indonesia,USDC
131,0.8017562517089452,2217345609756.0166,181,S3_twin_shock,indonesia,USDC
132,0.7803610633313716,2161827862349.1472,181,S3_twin_shock,indonesia,USDC
133,0.8024599957827179,2107708343981.7021,181,S3_twin_shock,indonesia,USDC
134,0.7908983931712614,2054960292803.3613,181,S3_twin_shock,indonesia,USDC
135,0.8042089507710894,2003537095442.8882,181,S3_twin_shock,indonesia,USDC
136,0.7963730736122419,1953410646598.5369,181,S3_twin_shock,indonesia,USDC
137,0.7883771035074016,1904543030026.501,181,S3_twin_shock,indonesia,USDC
138,0.7655592526422326,1856900978478.0896,181,S3_twin_shock,indonesia,USDC
139,0.75603806610155,1810453400859.7764,181,S3_twin_shock,indonesia,USDC
140,0.7593901146122352,1765170327135.2476,181,S3_twin_shock,indonesia,USDC
141,0.7783163736309162,1721025343501.937,181,S3_twin_shock,indonesia,USDC
142,0.7795518690648028,1677988107034.6252,181,S3_twin_shock,indonesia,USDC
143,0.7923733458115717,1636028871214.196,181,S3_twin_shock,indonesia,USDC
144,0.7784194201093014,1595121120572.6726,181,S3_twin_shock,indonesia,USDC
145,0.7690059495263214,1555236843216.705,181,S3_twin_shock,indonesia,USDC
146,0.7348922751438212,1516350394926.6948,181,S3_twin_shock,indonesia,USDC
147,0.7285635418103431,1478436704959.921,181,S3_twin_shock,indonesia,USDC
148,0.7357333096614505,1441471823330.1418,181,S3_twin_shock,indonesia,USDC
149,0.7253587446993153,1405432068480.612,181,S3_twin_shock,indonesia,USDC
150,0.7155790285505845,1370294054369.8179,181,S3_twin_shock,indonesia,USDC
151,0.7388978336916506,1336034913134.3914,181,S3_twin_shock,indonesia,USDC
152,0.7406192317341835,1302632850817.0994,181,S3_twin_shock,indonesia,USDC
153,0.7396259816512497,1270066059514.5728,181,S3_twin_shock,indonesia,USDC
154,0.7370917790842664,1238313664175.8794,181,S3_twin_shock,indonesia,USDC
155,0.7272917773649792,1207355259792.519,181,S3_twin_shock,indonesia,USDC
156,0.7507592555608734,1177170938409.6958,181,S3_twin_shock,indonesia,USDC
157,0.76060102159961,1147741363560.6294,181,S3_twin_shock,indonesia,USDC
158,0.768392273094705,1119047595439.067,181,S3_twin_shock,indonesia,USDC
159,0.7741312984472203,1091071228870.3838,181,S3_twin_shock,indonesia,USDC
160,0.8033503886229204,1063794312172.3398,181,S3_twin_shock,indonesia,USDC
161,0.823611344335744,1037199367485.0889,181,S3_twin_shock,indonesia,USDC
162,0.8286145756005079,1011269316678.9719,181,S3_twin_shock,indonesia,USDC
163,0.8246837437877372,985987531194.6322,181,S3_twin_shock,indonesia,USDC
164,0.8140569945528624,961337794252.7863,181,S3_twin_shock,indonesia,USDC
165,0.8145019813437607,937304303949.9493,181,S3_twin_shock,indonesia,USDC
166,0.7926856909201103,913871659065.697,181,S3_twin_shock,indonesia,USDC
167,0.784502664080838,891024833174.3447,181,S3_twin_shock,indonesia,USDC
168,0.7842062086332034,868749181917.4993,181,S3_twin_shock,indonesia,USDC
169,0.7723717018387954,847030427489.7747,181,S3_twin_shock,indonesia,USDC
170,0.7701504142521541,825854645636.9373,181,S3_twin_shock,indonesia,USDC
171,0.7510646892935625,805208261850.5342,181,S3_twin_shock,indonesia,USDC
172,0.7744276911426955,785078039183.7892,181,S3_twin_shock,indonesia,USDC
173,0.7579530792507806,765451077697.2053,181,S3_twin_shock,indonesia,USDC
174,0.816303982833988,746314791521.284,181,S3_twin_shock,indonesia,USDC
175,0.7816866399287876,727656916098.573,181,S3_twin_shock,indonesia,USDC
176,0.7772288016360347,709465487497.8362,181,S3_twin_shock,indonesia,USDC
177,0.7943966303044897,691728845586.3628,181,S3_twin_shock,indonesia,USDC
178,0.7800049207808926,674435621053.6261,181,S3_twin_shock,indonesia,USDC
179,0.761663008821761,657574727554.2473,181,S3_twin_shock,indonesia,USDC
180,0.7665517793044552,641135356598.1722,181,S3_twin_shock,indonesia,USDC
181,0.7643411009537634,625106970590.1226,181,S3_twin_shock,indonesia,USDC
182,0.7352900250522841,609479294570.2837,181,S3_twin_shock,indonesia,USDC
183,0.7246920701446093,594242310627.6963,181,S3_twin_shock,indonesia,USDC
184,0.7366181359768557,579386251634.7177,181,S3_twin_shock,indonesia,USDC
185,0.733719711263432,564901594466.1041,181,S3_twin_shock,indonesia,USDC
186,0.7552797139481724,550779053951.7584,181,S3_twin_shock,indonesia,USDC
187,0.7612710182296917,537009577128.05676,181,S3_twin_shock,indonesia,USDC
188,0.7547455089938789,523584337352.5475,181,S3_twin_shock,indonesia,USDC
189,0.7381437577500887,510494728615.9153,181,S3_twin_shock,indonesia,USDC
190,0.733286059572012,497732360161.057,181,S3_twin_shock,indonesia,USDC
191,0.7544724016946708,485289050960.1549,181,S3_twin_shock,indonesia,USDC
192,0.7529782072730495,473156824549.79175,181,S3_twin_shock,indonesia,USDC
193,0.766330986643996,461327903826.62427,181,S3_twin_shock,indonesia,USDC
194,0.7728947794509875,449794706152.7667,181,S3_twin_shock,indonesia,USDC
195,0.768928939385339,438549838437.6903,181,S3_twin_shock,indonesia,USDC
196,0.7751765294106353,427586092426.95636,181,S3_twin_shock,indonesia,USDC
197,0.776839878234743,416896440078.03845,181,S3_twin_shock,indonesia,USDC
198,0.7550672518322114,406474029046.94727,181,S3_twin_shock,indonesia,USDC
199,0.7265599558444414,396312178293.51306,181,S3_twin_shock,indonesia,USDC
200,0.7525018320606157,386404373812.5844,181,S3_twin_shock,indonesia,USDC
201,0.7446917623194005,376744264451.3926,181,S3_twin_shock,indonesia,USDC
202,0.7360501923164012,367325657827.52765,181,S3_twin_shock,indonesia,USDC
203,0.7213236470117967,358142516371.8899,181,S3_twin_shock,indonesia,USDC
204,0.7260156244899639,349188953454.42035,181,S3_twin_shock,indonesia,USDC
205,0.7343631866261214,340459229611.6214,181,S3_twin_shock,indonesia,USDC
206,0.7286829277251127,331947748866.76215,181,S3_twin_shock,indonesia,USDC
207,0.7325535655657393,323649055141.6674,181,S3_twin_shock,indonesia,USDC
208,0.7127125200330827,315557828760.39276,181,S3_twin_shock,indonesia,USDC
209,0.7110328742809084,307668883039.22974,181,S3_twin_shock,indonesia,USDC
210,0.7321963489867207,299977160961.6354,181,S3_twin_shock,indonesia,USDC
211,0.7664827012392217,292477731936.4509,181,S3_twin_shock,indonesia,USDC
212,0.7626980603734894,285165788637.31494,181,S3_twin_shock,indonesia,USDC
213,0.7636274318221139,278036643920.8072,181,S3_twin_shock,indonesia,USDC
214,0.796692669491025,271085727822.3415,181,S3_twin_shock,indonesia,USDC
215,0.8013004143208313,264308584626.46567,181,S3_twin_shock,indonesia,USDC
216,0.8100205976756852,257700870010.55524,181,S3_twin_shock,indonesia,USDC
217,0.8011133054965733,251258348260.09186,181,S3_twin_shock,indonesia,USDC
218,0.8035952962364675,244976889553.41708,181,S3_twin_shock,indonesia,USDC
219,0.7988207531176003,238852467314.4464,181,S3_twin_shock,indonesia,USDC
220,0.7699082717569891,232881155631.46127,181,S3_twin_shock,indonesia,USDC
221,0.7766310184985425,227059126740.55994,181,S3_twin_shock,indonesia,USDC
222,0.7837995945588935,221382648571.9535,181,S3_twin_shock,indonesia,USDC
223,0.7665859130170074,215848082357.58618,181,S3_twin_shock,indonesia,USDC
224,0.7865050686912396,210451880298.58545,181,S3_twin_shock,indonesia,USDC
225,0.7944591145684542,205190583291.07507,181,S3_twin_shock,indonesia,USDC
226,0.7928682237937577,200060818708.76343,181,S3_twin_shock,indonesia,USDC
227,0.8069766704524621,195059298241.01547,181,S3_twin_shock,indonesia,USDC
228,0.7883137121137499,190182815784.96826,181,S3_twin_shock,indonesia,USDC
229,0.7805732491124178,185428245390.32336,181,S3_twin_shock,indonesia,USDC
230,0.7796719856362749,180792539255.54877,181,S3_twin_shock,indonesia,USDC
231,0.7943710351426008,176272725774.14618,181,S3_twin_shock,indonesia,USDC
232,0.7879498292010387,171865907629.7824,181,S3_twin_shock,indonesia,USDC
233,0.7911755325304818,167569259939.02875,181,S3_twin_shock,indonesia,USDC
234,0.7702779756738705,163380028440.54562,181,S3_twin_shock,indonesia,USDC
235,0.7750757388608249,159295527729.52536,181,S3_twin_shock,indonesia,USDC
236,0.804471393802216,155313139536.28195,181,S3_twin_shock,indonesia,USDC
237,0.8148718379918886,151430311047.87146,181,S3_twin_shock,indonesia,USDC
238,0.8393420008160768,147644553271.6719,181,S3_twin_shock,indonesia,USDC
239,0.841369246373016,143953439439.8782,181,S3_twin_shock,indonesia,USDC
240,0.8650892074319123,140354603453.8796,181,S3_twin_shock,indonesia,USDC
241,0.8530135278818588,136845738367.5315,181,S3_twin_shock,indonesia,USDC
242,0.8180716004184755,133424594908.342,181,S3_twin_shock,indonesia,USDC
243,0.8199084002803252,130088980035.63214,181,S3_twin_shock,indonesia,USDC
244,0.8366388831249897,126836755534.7402,181,S3_twin_shock,indonesia,USDC
245,0.8340749359735126,123665836646.37088,181,S3_twin_shock,indonesia,USDC
246,0.8411108818555367,120574190730.21088,181,S3_twin_shock,indonesia,USDC
247,0.8197487482770511,117559835961.95497,181,S3_twin_shock,indonesia,USDC
248,0.8143488076541573,114620840062.90546,181,S3_twin_shock,indonesia,USDC
249,0.8013725307437572,111755319061.3323,181,S3_twin_shock,indonesia,USDC
250,0.7663289850981992,108961436084.79848,181,S3_twin_shock,indonesia,USDC
251,0.7730456528767247,106237400182.678,181,S3_twin_shock,indonesia,USDC
252,0.8165217662403657,103581465178.11064,181,S3_twin_shock,indonesia,USDC
253,0.8092393915179675,100991928548.65764,181,S3_twin_shock,indonesia,USDC
254,0.7952827298334708,98467130334.94096,181,S3_twin_shock,indonesia,USDC
255,0.7708485972376523,96005452076.56726,181,S3_twin_shock,indonesia,USDC
256,0.7712103425460473,93605315774.6529,181,S3_twin_shock,indonesia,USDC
257,0.7792638162530658,91265182880.2864,181,S3_twin_shock,indonesia,USDC
258,0.7843243503969651,88983553308.27914,181,S3_twin_shock,indonesia,USDC
259,0.7930736028429025,86758964475.57208,181,S3_twin_shock,indonesia,USDC
260,0.8151928045906407,84589990363.68271,181,S3_twin_shock,indonesia,USDC
261,0.8093260345693224,82475240604.59059,181,S3_twin_shock,indonesia,USDC
262,0.8379647641703196,80413359589.47577,181,S3_twin_shock,indonesia,USDC
263,0.8376526890828836,78403025599.73885,181,S3_twin_shock,indonesia,USDC
264,0.8362906636107152,76442949959.74536,181,S3_twin_shock,indonesia,USDC
265,0.8310487552906306,74531876210.7517,181,S3_twin_shock,indonesia,USDC
266,0.8148356891733258,72668579305.48288,181,S3_twin_shock,indonesia,USDC
267,0.8256786978519138,70851864822.8458,181,S3_twin_shock,indonesia,USDC
268,0.8185747149927026,69080568202.27463,181,S3_twin_shock,indonesia,USDC
269,0.822632934454104,67353553997.21775,181,S3_twin_shock,indonesia,USDC
270,0.8101535651315275,65669715147.28729,181,S3_twin_shock,indonesia,USDC
271,0.7389195304218086,64027972268.6051,181,S3_twin_shock,indonesia,USDC
272,0.7113174998575023,62427272961.88997,181,S3_twin_shock,indonesia,USDC
273,0.7368317445625273,60866591137.84271,181,S3_twin_shock,indonesia,USDC
274,0.7755067168738049,59344926359.39663,181,S3_twin_shock,indonesia,USDC
275,0.7626787770913724,57861303200.41171,181,S3_twin_shock,indonesia,USDC
276,0.7580524053967529,56414770620.40143,181,S3_twin_shock,indonesia,USDC
277,0.7770821377304885,55004401354.89138,181,S3_twin_shock,indonesia,USDC
278,0.760038445258867,53629291321.01909,181,S3_twin_shock,indonesia,USDC
279,0.7763377533542143,52288559037.993614,181,S3_twin_shock,indonesia,USDC
280,0.7795392420918181,50981345062.04378,181,S3_twin_shock,indonesia,USDC
281,0.7778628843075932,49706811435.49268,181,S3_twin_shock,indonesia,USDC
282,0.7643319453575578,48464141149.60536,181,S3_twin_shock,indonesia,USDC
283,0.7481866761001268,47252537620.86523,181,S3_twin_shock,indonesia,USDC
284,0.7584043017310944,46071224180.3436,181,S3_twin_shock,indonesia,USDC
285,0.7847314026959298,44919443575.83501,181,S3_twin_shock,indonesia,USDC
286,0.7606472439348121,43796457486.43913,181,S3_twin_shock,indonesia,USDC
287,0.7453360233295158,42701546049.27815,181,S3_twin_shock,indonesia,USDC
288,0.7481594459291367,41634007398.0462,181,S3_twin_shock,indonesia,USDC
289,0.7767234898297622,40593157213.09505,181,S3_twin_shock,indonesia,USDC
290,0.7839607212785126,39578328282.76767,181,S3_twin_shock,indonesia,USDC
291,0.7687865587799769,38588870075.69848,181,S3_twin_shock,indonesia,USDC
292,0.7613719542555122,37624148323.806015,181,S3_twin_shock,indonesia,USDC
293,0.7935393162895825,36683544615.71087,181,S3_twin_shock,indonesia,USDC
294,0.7721896484188269,35766456000.3181,181,S3_twin_shock,indonesia,USDC
295,0.7546858085397009,34872294600.31015,181,S3_twin_shock,indonesia,USDC
296,0.7492233909715131,34000487235.30239,181,S3_twin_shock,indonesia,USDC
297,0.7569623062795554,33150475054.419834,181,S3_twin_shock,indonesia,USDC
298,0.765825609153252,32321713178.059334,181,S3_twin_shock,indonesia,USDC
299,0.7676077915415511,31513670348.60785,181,S3_twin_shock,indonesia,USDC
300,0.7767049254368933,30725828589.892654,181,S3_twin_shock,indonesia,USDC
301,0.7747630250051643,29957682875.14534,181,S3_twin_shock,indonesia,USDC
302,0.7589565136691617,29208740803.2667,181,S3_twin_shock,indonesia,USDC
303,0.756377759406315,28478522283.185036,181,S3_twin_shock,indonesia,USDC
304,0.7450627943596548,27766559226.105415,181,S3_twin_shock,indonesia,USDC
305,0.7333000854433223,27072395245.452774,181,S3_twin_shock,indonesia,USDC
306,0.7526930868625576,26395585364.31646,181,S3_twin_shock,indonesia,USDC
307,0.743359349839292,25735695730.20855,181,S3_twin_shock,indonesia,USDC
308,0.7523985164855593,25092303336.953335,181,S3_twin_shock,indonesia,USDC
309,0.7694731287847221,24464995753.5295,181,S3_twin_shock,indonesia,USDC
310,0.761328965184018,23853370859.691265,181,S3_twin_shock,indonesia,USDC
311,0.7676881308069853,23257036588.198982,181,S3_twin_shock,indonesia,USDC
312,0.7969227642091953,22675610673.494007,181,S3_twin_shock,indonesia,USDC
313,0.7996400866355631,22108720406.656654,181,S3_twin_shock,indonesia,USDC
314,0.781873110219782,21556002396.49024,181,S3_twin_shock,indonesia,USDC
315,0.7559089712393245,21017102336.57798,181,S3_twin_shock,indonesia,USDC
316,0.7546312237302601,20491674778.163532,181,S3_twin_shock,indonesia,USDC
317,0.7531235118466221,19979382908.709446,181,S3_twin_shock,indonesia,USDC
318,0.7548609401713243,19479898335.991707,181,S3_twin_shock,indonesia,USDC
319,0.7476425206529695,18992900877.591915,181,S3_twin_shock,indonesia,USDC
320,0.7463587180886645,18518078355.65212,181,S3_twin_shock,indonesia,USDC
321,0.7537090229215866,18055126396.760815,181,S3_twin_shock,indonesia,USDC
322,0.7345329107789246,17603748236.841797,181,S3_twin_shock,indonesia,USDC
323,0.7514058666575959,17163654530.92075,181,S3_twin_shock,indonesia,USDC
324,0.7443448231541827,16734563167.64773,181,S3_twin_shock,indonesia,USDC
325,0.7472748724716748,16316199088.45654,181,S3_twin_shock,indonesia,USDC
326,0.7346678458660156,15908294111.245125,181,S3_twin_shock,indonesia,USDC
327,0.7411704123302915,15510586758.463995,181,S3_twin_shock,indonesia,USDC
328,0.7446454514923437,15122822089.502396,181,S3_twin_shock,indonesia,USDC
329,0.7712248501786344,14744751537.264835,181,S3_twin_shock,indonesia,USDC
330,0.778305339977905,14376132748.833214,181,S3_twin_shock,indonesia,USDC
331,0.7941853025032559,14016729430.112383,181,S3_twin_shock,indonesia,USDC
332,0.7706936256376524,13666311194.359573,181,S3_twin_shock,indonesia,USDC
333,0.7554364071136119,13324653414.500584,181,S3_twin_shock,indonesia,USDC
334,0.7732980540580963,12991537079.13807,181,S3_twin_shock,indonesia,USDC
335,0.7771448131225609,12666748652.159618,181,S3_twin_shock,indonesia,USDC
336,0.7805580054733664,12350079935.855629,181,S3_twin_shock,indonesia,USDC
337,0.7530576918149754,12041327937.459238,181,S3_twin_shock,indonesia,USDC
338,0.7660672379516323,11740294739.022757,181,S3_twin_shock,indonesia,USDC
339,0.7840693762953664,11446787370.547188,181,S3_twin_shock,indonesia,USDC
340,0.8072115061166167,11160617686.283508,181,S3_twin_shock,indonesia,USDC
341,0.8354268432824498,10881602244.126421,181,S3_twin_shock,indonesia,USDC
342,0.8110768606095425,10609562188.023262,181,S3_twin_shock,indonesia,USDC
343,0.7924805096118823,10344323133.322678,181,S3_twin_shock,indonesia,USDC
344,0.791565070457031,10085715054.989613,181,S3_twin_shock,indonesia,USDC
345,0.7620288681087469,9833572178.614872,181,S3_twin_shock,indonesia,USDC
346,0.7602466317011188,9587732874.1495,181,S3_twin_shock,indonesia,USDC
347,0.7642342322404779,9348039552.295761,181,S3_twin_shock,indonesia,USDC
348,0.77422317338917,9114338563.488369,181,S3_twin_shock,indonesia,USDC
349,0.770860421906309,8886480099.40116,181,S3_twin_shock,indonesia,USDC
350,0.7906760845705538,8664318096.91613,181,S3_twin_shock,indonesia,USDC
351,0.788590124965302,8447710144.493227,181,S3_twin_shock,indonesia,USDC
352,0.6799090852531728,8236517390.880896,181,S3_twin_shock,indonesia,USDC
353,0.6780022606482616,8030604456.108873,181,S3_twin_shock,indonesia,USDC
354,0.6770675269841766,7829839344.706152,181,S3_twin_shock,indonesia,USDC
355,0.698034467755075,7634093361.088499,181,S3_twin_shock,indonesia,USDC
356,0.7145002057534122,7443241027.061285,181,S3_twin_shock,indonesia,USDC
357,0.7393492706170932,7257160001.384754,181,S3_twin_shock,indonesia,USDC
358,0.7359485577869703,7075731001.350136,181,S3_twin_shock,indonesia,USDC
359,0.7561107608845895,6898837726.316382,181,S3_twin_shock,indonesia,USDC
360,0.7648404321230663,6726366783.158472,181,S3_twin_shock,indonesia,USDC
361,0.7767423493864307,6558207613.579512,181,S3_twin_shock,indonesia,USDC
362,0.7872182959236845,6394252423.240023,181,S3_twin_shock,indonesia,USDC
363,0.7977049541752478,6234396112.659022,181,S3_twin_shock,indonesia,USDC
364,0.8256956880363354,6078536209.842546,181,S3_twin_shock,indonesia,USDC
365,0.8105676131343819,5926572804.596483,181,S3_twin_shock,indonesia,USDC
366,0.719005333274321,5778408484.481571,181,S3_twin_shock,indonesia,USDC
367,0.727030340171776,5633948272.369532,181,S3_twin_shock,indonesia,USDC
368,0.7560710785400568,5493099565.560294,181,S3_twin_shock,indonesia,USDC
369,0.7599087943176556,5355772076.421286,181,S3_twin_shock,indonesia,USDC
370,0.7550514667845858,5221877774.510755,181,S3_twin_shock,indonesia,USDC
371,0.7857583418432511,5091330830.147985,181,S3_twin_shock,indonesia,USDC
372,0.8192872775908767,4964047559.394285,181,S3_twin_shock,indonesia,USDC
373,0.7781674127929532,4839946370.409429,181,S3_twin_shock,indonesia,USDC
374,0.795714381785269,4718947711.149193,181,S3_twin_shock,indonesia,USDC
375,0.8087755063085009,4600974018.370463,181,S3_twin_shock,indonesia,USDC
376,0.7996134541259436,4485949667.9112015,181,S3_twin_shock,indonesia,USDC
377,0.7284437099343986,4373800926.213421,181,S3_twin_shock,indonesia,USDC
378,0.7296398858410476,4264455903.0580864,181,S3_twin_shock,indonesia,USDC
379,0.7619500268110724,4157844505.481634,181,S3_twin_shock,indonesia,USDC
380,0.7777235985987525,4053898392.844593,181,S3_twin_shock,indonesia,USDC
381,0.8000502687175106,3952550933.0234785,181,S3_twin_shock,indonesia,USDC
382,0.7767214471620154,3853737159.697891,181,S3_twin_shock,indonesia,USDC
383,0.7909295076739754,3757393730.7054434,181,S3_twin_shock,indonesia,USDC
384,0.782711034911691,3663458887.4378076,181,S3_twin_shock,indonesia,USDC
385,0.7717354340247761,3571872415.2518625,181,S3_twin_shock,indonesia,USDC
386,0.7729414937577139,3482575604.8705664,181,S3_twin_shock,indonesia,USDC
387,0.767852105299258,3395511214.7488017,181,S3_twin_shock,indonesia,USDC
388,0.7733178547366546,3310623434.380082,181,S3_twin_shock,indonesia,USDC
389,0.7649382208568193,3227857848.52058,181,S3_twin_shock,indonesia,USDC
390,0.7602751221860145,3147161402.307565,181,S3_twin_shock,indonesia,USDC
391,0.7612232103499564,3068482367.249876,181,S3_twin_shock,indonesia,USDC
392,0.77789109365507,2991770308.0686293,181,S3_twin_shock,indonesia,USDC
393,0.7928126573490446,2916976050.3669133,181,S3_twin_shock,indonesia,USDC
394,0.8046335485332243,2844051649.1077404,181,S3_twin_shock,indonesia,USDC
395,0.7743097988277713,2772950357.8800473,181,S3_twin_shock,indonesia,USDC
396,0.7522542698751603,2703626598.933046,181,S3_twin_shock,indonesia,USDC
397,0.7711327019999037,2636035933.9597197,181,S3_twin_shock,indonesia,USDC
398,0.7673697076618978,2570135035.610727,181,S3_twin_shock,indonesia,USDC
399,0.7903861476290327,2505881659.7204585,181,S3_twin_shock,indonesia,USDC
400,0.7930778689612569,2443234618.227447,181,S3_twin_shock,indonesia,USDC
401,0.7826275788736307,2382153752.771761,181,S3_twin_shock,indonesia,USDC
402,0.815470678856433,2322599908.952467,181,S3_twin_shock,indonesia,USDC
403,0.8039327431544905,2264534911.228655,181,S3_twin_shock,indonesia,USDC
404,0.7889054980001297,2207921538.4479384,181,S3_twin_shock,indonesia,USDC
405,0.801726650478002,2152723499.98674,181,S3_twin_shock,indonesia,USDC
406,0.7948239698310458,2098905412.4870715,181,S3_twin_shock,indonesia,USDC
407,0.7899064623699925,2046432777.1748948,181,S3_twin_shock,indonesia,USDC
408,0.7880835219138697,1995271957.7455223,181,S3_twin_shock,indonesia,USDC
409,0.7857877054573877,1945390158.8018844,181,S3_twin_shock,indonesia,USDC
410,0.7877243059019324,1896755404.8318372,181,S3_twin_shock,indonesia,USDC
411,0.7920231690882463,1849336519.7110412,181,S3_twin_shock,indonesia,USDC
412,0.7919237351005457,1803103106.7182655,181,S3_twin_shock,indonesia,USDC
413,0.8046777623394561,1758025529.0503087,181,S3_twin_shock,indonesia,USDC
414,0.81931625349379,1714074890.8240511,181,S3_twin_shock,indonesia,USDC
415,0.797496230282731,1671223018.5534499,181,S3_twin_shock,indonesia,USDC
416,0.8212282304389821,1629442443.0896137,181,S3_twin_shock,indonesia,USDC
417,0.8105286446758774,1588706382.0123732,181,S3_twin_shock,indonesia,USDC
418,0.7980665102941983,1548988722.4620638,181,S3_twin_shock,indonesia,USDC
419,0.8022858292101303,1510264004.4005122,181,S3_twin_shock,indonesia,USDC
420,0.7882822360286353,1472507404.2904997,181,S3_twin_shock,indonesia,USDC
421,0.8272213131985149,1435694719.183237,181,S3_twin_shock,indonesia,USDC
422,0.8582896018717523,1399802351.2036562,181,S3_twin_shock,indonesia,USDC
423,0.8415679141718898,1364807292.4235647,181,S3_twin_shock,indonesia,USDC
424,0.8255269585087709,1330687110.1129756,181,S3_twin_shock,indonesia,USDC
425,0.81103539206089,1297419932.3601513,181,S3_twin_shock,indonesia,USDC
426,0.7837344895846585,1264984434.0511475,181,S3_twin_shock,indonesia,USDC
427,0.7495829762682256,1233359823.1998687,181,S3_twin_shock,indonesia,USDC
428,0.7322066308723939,1202525827.619872,181,S3_twin_shock,indonesia,USDC
429,0.7465216288857801,1172462681.9293752,181,S3_twin_shock,indonesia,USDC
430,0.746472984934159,1143151114.8811407,181,S3_twin_shock,indonesia,USDC
431,0.7642207571986575,1114572337.0091124,181,S3_twin_shock,indonesia,USDC
432,0.7546834595762415,1086708028.5838847,181,S3_twin_shock,indonesia,USDC
433,0.7834285653103947,1059540327.8692875,181,S3_twin_shock,indonesia,USDC
434,0.7859695836740137,1033051819.6725552,181,S3_twin_shock,indonesia,USDC
435,0.7853982041028109,1007225524.1807415,181,S3_twin_shock,indonesia,USDC
436,0.8117643739244212,982044886.0762229,181,S3_twin_shock,indonesia,USDC
437,0.7939682720254672,957493763.9243174,181,S3_twin_shock,indonesia,USDC
438,0.7623579129316936,933556419.8262093,181,S3_twin_shock,indonesia,USDC
439,0.7575521811428434,910217509.3305542,181,S3_twin_shock,indonesia,USDC
440,0.7485078245673187,887462071.5972903,181,S3_twin_shock,indonesia,USDC
441,0.7433266281204496,865275519.807358,181,S3_twin_shock,indonesia,USDC
442,0.7447824490681654,843643631.8121743,181,S3_twin_shock,indonesia,USDC
443,0.764308727400375,822552541.0168698,181,S3_twin_shock,indonesia,USDC
444,0.7621130812199121,801988727.4914482,181,S3_twin_shock,indonesia,USDC
445,0.7730258662943621,781939009.3041618,181,S3_twin_shock,indonesia,USDC
446,0.7772107094871735,762390534.0715579,181,S3_twin_shock,indonesia,USDC
447,0.7618954097179514,743330770.7197689,181,S3_twin_shock,indonesia,USDC
448,0.7642364945433747,724747501.4517746,181,S3_twin_shock,indonesia,USDC
449,0.7334056588108012,706628813.9154803,181,S3_twin_shock,indonesia,USDC
450,0.7441945535252199,688963093.5675933,181,S3_twin_shock,indonesia,USDC
451,0.7626402079638116,671739016.2284033,181,S3_twin_shock,indonesia,USDC
452,0.790960058143023,654945540.8226933,181,S3_twin_shock,indonesia,USDC
453,0.789164823194381,638571902.302126,181,S3_twin_shock,indonesia,USDC
454,0.8078660552956002,622607604.7445729,181,S3_twin_shock,indonesia,USDC
455,0.8315132740605561,607042414.6259586,181,S3_twin_shock,indonesia,USDC
456,0.7965700024709941,591866354.2603096,181,S3_twin_shock,indonesia,USDC
457,0.8207036790430089,577069695.4038019,181,S3_twin_shock,indonesia,USDC
458,0.8411048646356014,562642953.0187068,181,S3_twin_shock,indonesia,USDC
459,0.8130061353916773,548576879.1932391,181,S3_twin_shock,indonesia,USDC
460,0.7745623061715428,534862457.2134081,181,S3_twin_shock,indonesia,USDC
461,0.7882751377486358,521490895.7830729,181,S3_twin_shock,indonesia,USDC
462,0.7623743026224655,508453623.38849604,181,S3_twin_shock,indonesia,USDC
463,0.7602764705055559,495742282.80378366,181,S3_twin_shock,indonesia,USDC
464,0.7616557443235983,483348725.73368907,181,S3_twin_shock,indonesia,USDC
465,0.7563409715962252,471265007.5903469,181,S3_twin_shock,indonesia,USDC
466,0.783813325579176,459483382.40058815,181,S3_twin_shock,indonesia,USDC
467,0.8115226441640622,447996297.8405735,181,S3_twin_shock,indonesia,USDC
468,0.789124929553656,436796390.39455914,181,S3_twin_shock,indonesia,USDC
469,0.8109099138719341,425876480.6346952,181,S3_twin_shock,indonesia,USDC
470,0.8230274184358453,415229568.6188277,181,S3_twin_shock,indonesia,USDC
471,0.8152949297199431,404848829.403357,181,S3_twin_shock,indonesia,USDC
472,0.8133145078899938,394727608.6682731,181,S3_twin_shock,indonesia,USDC
473,0.7930034373903783,384859418.4515663,181,S3_twin_shock,indonesia,USDC
474,0.7870604407560984,375237932.9902771,181,S3_twin_shock,indonesia,USDC
475,0.783142766551316,365856984.6655202,181,S3_twin_shock,indonesia,USDC
476,0.7585831959766486,356710560.0488822,181,S3_twin_shock,indonesia,USDC
477,0.7552073159322424,347792796.0476601,181,S3_twin_shock,indonesia,USDC
478,0.7793610936998588,339097976.14646864,181,S3_twin_shock,indonesia,USDC
479,0.7919195711364424,330620526.7428069,181,S3_twin_shock,indonesia,USDC
480,0.8089643682287154,322355013.57423675,181,S3_twin_shock,indonesia,USDC
481,0.8166045598212524,314296138.2348808,181,S3_twin_shock,indonesia,USDC
482,0.8056870515864898,306438734.7790088,181,S3_twin_shock,indonesia,USDC
483,0.8006814690395905,298777766.40953356,181,S3_twin_shock,indonesia,USDC
484,0.793664334919413,291308322.24929523,181,S3_twin_shock,indonesia,USDC
485,0.7874115391396227,284025614.1930629,181,S3_twin_shock,indonesia,USDC
486,0.7914036834017153,276924973.8382363,181,S3_twin_shock,indonesia,USDC
487,0.7829814683446371,270001849.49228036,181,S3_twin_shock,indonesia,USDC
488,0.779423256016535,263251803.25497335,181,S3_twin_shock,indonesia,USDC
489,0.7612708667280764,256670508.17359903,181,S3_twin_shock,indonesia,USDC
490,0.766874103747327,250253745.46925902,181,S3_twin_shock,indonesia,USDC
491,0.7355558005361281,243997401.83252758,181,S3_twin_shock,indonesia,USDC
492,0.730259237404121,237897466.78671438,181,S3_twin_shock,indonesia,USDC
493,0.7218362939712404,231950030.1170465,181,S3_twin_shock,indonesia,USDC
494,0.7232460232648531,226151279.36412036,181,S3_twin_shock,indonesia,USDC
495,0.7272436559649528,220497497.38001734,181,S3_twin_shock,indonesia,USDC
496,0.7477455860641228,214985059.9455169,181,S3_twin_shock,indonesia,USDC
497,0.7650069938783556,209610433.44687903,181,S3_twin_shock,indonesia,USDC
498,0.7532439989494043,204370172.610707,181,S3_twin_shock,indonesia,USDC
499,0.7638164313800926,199260918.29543933,181,S3_twin_shock,indonesia,USDC
500,0.8028232782332643,194279395.33805335,181,S3_twin_shock,indonesia,USDC
501,0.8119970677995906,189422410.454602,181,S3_twin_shock,indonesia,USDC
502,0.8136752389318576,184686850.19323695,181,S3_twin_shock,indonesia,USDC
503,0.7972922895684017,180069678.93840602,181,S3_twin_shock,indonesia,USDC
504,0.8031360052566512,175567936.96494585,181,S3_twin_shock,indonesia,USDC
505,0.7730770562142638,171178738.5408222,181,S3_twin_shock,indonesia,USDC
506,0.7650428626612911,166899270.07730168,181,S3_twin_shock,indonesia,USDC
507,0.7636498079850464,162726788.32536912,181,S3_twin_shock,indonesia,USDC
508,0.7603655318403609,158658618.6172349,181,S3_twin_shock,indonesia,USDC
509,0.7959012223404959,154692153.15180403,181,S3_twin_shock,indonesia,USDC
510,0.801532866273529,150824849.32300892,181,S3_twin_shock,indonesia,USDC
511,0.812079044824951,147054228.0899337,181,S3_twin_shock,indonesia,USDC
512,0.8129076699317928,143377872.38768536,181,S3_twin_shock,indonesia,USDC
513,0.7974719537981377,139793425.5779932,181,S3_twin_shock,indonesia,USDC
514,0.7847669358373099,136298589.93854338,181,S3_twin_shock,indonesia,USDC
515,0.7891327816953112,132891125.1900798,181,S3_twin_shock,indonesia,USDC
516,0.7825455535738243,129568847.0603278,181,S3_twin_shock,indonesia,USDC
517,0.7811030099798261,126329625.88381958,181,S3_twin_shock,indonesia,USDC
518,0.7595305742278105,123171385.23672411,181,S3_twin_shock,indonesia,USDC
519,0.7577478758067178,120092100.605806,181,S3_twin_shock,indonesia,USDC
520,0.7563582835646557,117089798.09066086,181,S3_twin_shock,indonesia,USDC
521,0.7627339020032192,114162553.13839433,181,S3_twin_shock,indonesia,USDC
522,0.7672974073045452,111308489.30993447,181,S3_twin_shock,indonesia,USDC
523,0.7638075485255816,108525777.07718611,181,S3_twin_shock,indonesia,USDC
524,0.7643436375842434,105812632.65025645,181,S3_twin_shock,indonesia,USDC
525,0.7549387873470845,103167316.83400005,181,S3_twin_shock,indonesia,USDC
526,0.7662517231066842,100588133.91315004,181,S3_twin_shock,indonesia,USDC
527,0.7998770754587573,98073430.5653213,181,S3_twin_shock,indonesia,USDC
528,0.7970456411462772,95621594.80118826,181,S3_twin_shock,indonesia,USDC
529,0.805202226411084,93231054.93115857,181,S3_twin_shock,indonesia,USDC
530,0.8232196035782281,90900278.5578796,181,S3_twin_shock,indonesia,USDC
531,0.8492850889915324,88627771.59393261,181,S3_twin_shock,indonesia,USDC
532,0.8662946506724157,86412077.30408429,181,S3_twin_shock,indonesia,USDC
533,0.8508504901457864,84251775.37148218,181,S3_twin_shock,indonesia,USDC
534,0.8302295473152114,82145480.98719513,181,S3_twin_shock,indonesia,USDC
535,0.8204428525169749,80091843.96251525,181,S3_twin_shock,indonesia,USDC
536,0.8297469854254342,78089547.86345237,181,S3_twin_shock,indonesia,USDC
537,0.7941726869254038,76137309.16686606,181,S3_twin_shock,indonesia,USDC
538,0.812754497335476,74233876.4376944,181,S3_twin_shock,indonesia,USDC
539,0.8063452775349534,72378029.52675205,181,S3_twin_shock,indonesia,USDC
540,0.7848258996503191,70568578.78858325,181,S3_twin_shock,indonesia,USDC
541,0.7733130981866088,68804364.31886867,181,S3_twin_shock,indonesia,USDC
542,0.759971105609134,67084255.210896954,181,S3_twin_shock,indonesia,USDC
543,0.7735364847255193,65407148.83062453,181,S3_twin_shock,indonesia,USDC
544,0.766540114066171,63771970.109858915,181,S3_twin_shock,indonesia,USDC
545,0.7710913467861943,62177670.85711244,181,S3_twin_shock,indonesia,USDC
546,0.7646503348593859,60623229.085684635,181,S3_twin_shock,indonesia,USDC
547,0.7648453765621502,59107648.35854252,181,S3_twin_shock,indonesia,USDC
548,0.7581327452583375,57629957.149578944,181,S3_twin_shock,indonesia,USDC
549,0.7723846172217428,56189208.22083948,181,S3_twin_shock,indonesia,USDC
550,0.7825127493255811,54784478.01531849,181,S3_twin_shock,indonesia,USDC
551,0.7884368678774518,53414866.064935535,181,S3_twin_shock,indonesia,USDC
552,0.7842040982480636,52079494.41331214,181,S3_twin_shock,indonesia,USDC
553,0.7728671213545159,50777507.052979335,181,S3_twin_shock,indonesia,USDC
554,0.7602075235692811,49508069.37665485,181,S3_twin_shock,indonesia,USDC
555,0.7641846549356093,48270367.64223848,181,S3_twin_shock,indonesia,USDC
556,0.7866387371567668,47063608.451182514,181,S3_twin_shock,indonesia,USDC
557,0.7875804475195198,45887018.23990296,181,S3_twin_shock,indonesia,USDC
558,0.7787320513865161,44739842.78390538,181,S3_twin_shock,indonesia,USDC
559,0.7863923258281899,43621346.71430775,181,S3_twin_shock,indonesia,USDC
560,0.7825156972313162,42530813.04645005,181,S3_twin_shock,indonesia,USDC
561,0.7951635783165044,41467542.7202888,181,S3_twin_shock,indonesia,USDC
562,0.811324906858407,40430854.15228158,181,S3_twin_shock,indonesia,USDC
563,0.7961453085048892,39420082.798474535,181,S3_twin_shock,indonesia,USDC
564,0.6605802460150401,38434580.728512675,181,S3_twin_shock,indonesia,USDC
565,0.6740068848165842,37473716.21029986,181,S3_twin_shock,indonesia,USDC
566,0.6824466202276646,36536873.30504236,181,S3_twin_shock,indonesia,USDC
567,0.6835832378125506,35623451.472416304,181,S3_twin_shock,indonesia,USDC
568,0.7064042466842274,34732865.1856059,181,S3_twin_shock,indonesia,USDC
569,0.7133178075357167,33864543.55596575,181,S3_twin_shock,indonesia,USDC
570,0.7262185426275367,33017929.96706661,181,S3_twin_shock,indonesia,USDC
571,0.7311802786680829,32192481.717889942,181,S3_twin_shock,indonesia,USDC
572,0.743124927604879,31387669.67494269,181,S3_twin_shock,indonesia,USDC
573,0.7589374533302172,30602977.933069125,181,S3_twin_shock,indonesia,USDC
574,0.7626246092806984,29837903.484742396,181,S3_twin_shock,indonesia,USDC
575,0.7524601029739066,29091955.897623837,181,S3_twin_shock,indonesia,USDC
576,0.7894464824357875,28364657.00018324,181,S3_twin_shock,indonesia,USDC
577,0.7802717478581869,27655540.575178664,181,S3_twin_shock,indonesia,USDC
578,0.7830976911693426,26964152.060799196,181,S3_twin_shock,indonesia,USDC
579,0.7901046954914642,26290048.259279214,181,S3_twin_shock,indonesia,USDC
580,0.7816165558452196,25632797.052797236,181,S3_twin_shock,indonesia,USDC
581,0.7816698114410998,24991977.126477305,181,S3_twin_shock,indonesia,USDC
582,0.7660150116147273,24367177.698315375,181,S3_twin_shock,indonesia,USDC
583,0.7721315072887136,23757998.25585749,181,S3_twin_shock,indonesia,USDC
584,0.7731525752072353,23164048.29946105,181,S3_twin_shock,indonesia,USDC
585,0.7975344749867866,22584947.091974523,181,S3_twin_shock,indonesia,USDC
586,0.804341152917069,22020323.41467516,181,S3_twin_shock,indonesia,USDC
587,0.8103731835125125,21469815.329308283,181,S3_twin_shock,indonesia,USDC
588,0.8100364302799802,20933069.946075574,181,S3_twin_shock,indonesia,USDC
589,0.7825660245684287,20409743.197423685,181,S3_twin_shock,indonesia,USDC
590,0.7365384190697176,19899499.617488094,181,S3_twin_shock,indonesia,USDC
591,0.7169350008080467,19402012.12705089,181,S3_twin_shock,indonesia,USDC
592,0.7259539917214656,18916961.82387462,181,S3_twin_shock,indonesia,USDC
593,0.7489439044875104,18444037.778277755,181,S3_twin_shock,indonesia,USDC
594,0.7281548393312137,17982936.833820812,181,S3_twin_shock,indonesia,USDC
595,0.7392698366506126,17533363.41297529,181,S3_twin_shock,indonesia,USDC
596,0.7621997012960973,17095029.32765091,181,S3_twin_shock,indonesia,USDC
597,0.7369534958797301,16667653.594459634,181,S3_twin_shock,indonesia,USDC
598,0.7426816245878417,16250962.254598144,181,S3_twin_shock,indonesia,USDC
599,0.7481490687912659,15844688.19823319,181,S3_twin_shock,indonesia,USDC
600,0.7486386726561006,15448570.99327736,181,S3_twin_shock,indonesia,USDC
601,0.7465934421982869,15062356.718445428,181,S3_twin_shock,indonesia,USDC
602,0.751377715521251,14685797.800484292,181,S3_twin_shock,indonesia,USDC
603,0.7589833812337677,14318652.855472185,181,S3_twin_shock,indonesia,USDC
604,0.7741960028085811,13960686.53408538,181,S3_twin_shock,indonesia,USDC
605,0.7812042190732805,13611669.370733244,181,S3_twin_shock,indonesia,USDC
606,0.7667917454646601,13271377.636464914,181,S3_twin_shock,indonesia,USDC
607,0.7840249528661282,12939593.195553292,181,S3_twin_shock,indonesia,USDC
608,0.8026169104926695,12616103.36566446,181,S3_twin_shock,indonesia,USDC
609,0.7952533722476892,12300700.781522848,181,S3_twin_shock,indonesia,USDC
610,0.8127458518092233,11993183.261984777,181,S3_twin_shock,indonesia,USDC
611,0.8175705253162254,11693353.680435158,181,S3_twin_shock,indonesia,USDC
612,0.8106259878685143,11401019.83842428,181,S3_twin_shock,indonesia,USDC
613,0.7931742552603306,11115994.342463672,181,S3_twin_shock,indonesia,USDC
614,0.7854721632046493,10838094.48390208,181,S3_twin_shock,indonesia,USDC
615,0.7959354193335921,10567142.121804528,181,S3_twin_shock,indonesia,USDC
616,0.7885706494455371,10302963.568759415,181,S3_twin_shock,indonesia,USDC
617,0.8190800450262729,10045389.47954043,181,S3_twin_shock,indonesia,USDC
618,0.8035342644280055,9794254.74255192,181,S3_twin_shock,indonesia,USDC
619,0.8135166673533093,9549398.37398812,181,S3_twin_shock,indonesia,USDC
620,0.7985895858024796,9310663.414638417,181,S3_twin_shock,indonesia,USDC
621,0.7908480442580813,9077896.829272456,181,S3_twin_shock,indonesia,USDC
622,0.8120442489879723,8850949.408540646,181,S3_twin_shock,indonesia,USDC
623,0.8173689138244437,8629675.67332713,181,S3_twin_shock,indonesia,USDC
624,0.7842466246058828,8413933.78149395,181,S3_twin_shock,indonesia,USDC
625,0.7832617295796064,8203585.436956602,181,S3_twin_shock,indonesia,USDC
626,0.772318208226864,7998495.801032688,181,S3_twin_shock,indonesia,USDC
627,0.7609373659146046,7798533.406006871,181,S3_twin_shock,indonesia,USDC
628,0.7580544163386035,7603570.0708567,181,S3_twin_shock,indonesia,USDC
629,0.7731467458961035,7413480.819085281,181,S3_twin_shock,indonesia,USDC
630,0.7675941417776693,7228143.79860815,181,S3_twin_shock,indonesia,USDC
631,0.7484429787015082,7047440.203642946,181,S3_twin_shock,indonesia,USDC
632,0.7608021811695975,6871254.198551872,181,S3_twin_shock,indonesia,USDC
633,0.7686232045820894,6699472.843588075,181,S3_twin_shock,indonesia,USDC
634,0.7993092927868549,6531986.022498373,181,S3_twin_shock,indonesia,USDC
635,0.7930887941316536,6368686.371935913,181,S3_twin_shock,indonesia,USDC
636,0.7961991734720935,6209469.212637516,181,S3_twin_shock,indonesia,USDC
637,0.7782934556132692,6054232.482321578,181,S3_twin_shock,indonesia,USDC
638,0.7715656429488751,5902876.670263538,181,S3_twin_shock,indonesia,USDC
639,0.752316748350607,5755304.75350695,181,S3_twin_shock,indonesia,USDC
640,0.7565542111577412,5611422.134669276,181,S3_twin_shock,indonesia,USDC
641,0.7520507764008506,5471136.581302544,181,S3_twin_shock,indonesia,USDC
642,0.754796260017689,5334358.16676998,181,S3_twin_shock,indonesia,USDC
643,0.7428892293126279,5200999.21260073,181,S3_twin_shock,indonesia,USDC
644,0.7425203200284929,5070974.232285713,181,S3_twin_shock,indonesia,USDC
645,0.7523872442657313,4944199.87647857,181,S3_twin_shock,indonesia,USDC
646,0.7508276360013074,4820594.879566606,181,S3_twin_shock,indonesia,USDC
647,0.7634402500426182,4700080.00757744,181,S3_twin_shock,indonesia,USDC
648,0.7655765555410309,4582578.007388004,181,S3_twin_shock,indonesia,USDC
649,0.766297640931958,4468013.557203304,181,S3_twin_shock,indonesia,USDC
650,0.7730883431363242,4356313.2182732215,181,S3_twin_shock,indonesia,USDC
651,0.7558497161301925,4247405.387816391,181,S3_twin_shock,indonesia,USDC
652,0.7556943481720875,4141220.253120981,181,S3_twin_shock,indonesia,USDC
653,0.7709143706744364,4037689.7467929567,181,S3_twin_shock,indonesia,USDC
654,0.7707563671788621,3936747.5031231325,181,S3_twin_shock,indonesia,USDC
655,0.7737829131737206,3838328.815545054,181,S3_twin_shock,indonesia,USDC
656,0.7821585436267375,3742370.5951564284,181,S3_twin_shock,indonesia,USDC
657,0.7601521457294419,3648811.3302775174,181,S3_twin_shock,indonesia,USDC
658,0.7604545403366973,3557591.0470205788,181,S3_twin_shock,indonesia,USDC
659,0.7717750173346174,3468651.270845065,181,S3_twin_shock,indonesia,USDC
660,0.7556138776118649,3381934.9890739387,181,S3_twin_shock,indonesia,USDC
661,0.7411144320418918,3297386.61434709,181,S3_twin_shock,indonesia,USDC
662,0.7344565727436095,3214951.9489884125,181,S3_twin_shock,indonesia,USDC
663,0.7358729972640824,3134578.150263702,181,S3_twin_shock,indonesia,USDC
664,0.7378774408126959,3056213.69650711,181,S3_twin_shock,indonesia,USDC
665,0.7369807462594969,2979808.3540944317,181,S3_twin_shock,indonesia,USDC
666,0.73481111501958,2905313.145242071,181,S3_twin_shock,indonesia,USDC
667,0.7453185922701568,2832680.316611019,181,S3_twin_shock,indonesia,USDC
668,0.7574987210594926,2761863.308695744,181,S3_twin_shock,indonesia,USDC
669,0.7748728696543504,2692816.7259783503,181,S3_twin_shock,indonesia,USDC
670,0.7898070915444917,2625496.3078288916,181,S3_twin_shock,indonesia,USDC
671,0.7979271702072734,2559858.9001331693,181,S3_twin_shock,indonesia,USDC
672,0.7997849398828042,2495862.4276298396,181,S3_twin_shock,indonesia,USDC
673,0.7709352658567632,2433465.866939094,181,S3_twin_shock,indonesia,USDC
674,0.7700201667957107,2372629.220265616,181,S3_twin_shock,indonesia,USDC
675,0.7796081236003676,2313313.489758976,181,S3_twin_shock,indonesia,USDC
676,0.7795533626563382,2255480.6525150016,181,S3_twin_shock,indonesia,USDC
677,0.7753221896478274,2199093.6362021263,181,S3_twin_shock,indonesia,USDC
678,0.8008639058786265,2144116.295297073,181,S3_twin_shock,indonesia,USDC
679,0.8047577646435774,2090513.3879146464,181,S3_twin_shock,indonesia,USDC
680,0.8016639745182219,2038250.55321678,181,S3_twin_shock,indonesia,USDC
681,0.7885411284445981,1987294.289386361,181,S3_twin_shock,indonesia,USDC
682,0.7679573110988742,1937611.9321517018,181,S3_twin_shock,indonesia,USDC
683,0.791999312735709,1889171.633847909,181,S3_twin_shock,indonesia,USDC
684,0.8078618820860834,1841942.3430017112,181,S3_twin_shock,indonesia,USDC
685,0.7968123117163979,1795893.7844266687,181,S3_twin_shock,indonesia,USDC
686,0.7974161516458956,1750996.4398160018,181,S3_twin_shock,indonesia,USDC
687,0.7885671746106017,1707221.528820602,181,S3_twin_shock,indonesia,USDC
688,0.8081632727061097,1664540.990600087,181,S3_twin_shock,indonesia,USDC
689,0.7938011197191797,1622927.465835085,181,S3_twin_shock,indonesia,USDC
690,0.7837508626511439,1582354.2791892076,181,S3_twin_shock,indonesia,USDC
691,0.7692664209777162,1542795.4222094775,181,S3_twin_shock,indonesia,USDC
692,0.7573203117819695,1504225.5366542405,181,S3_twin_shock,indonesia,USDC
693,0.7409534321976728,1466619.8982378845,181,S3_twin_shock,indonesia,USDC
694,0.7533123281514321,1429954.4007819374,181,S3_twin_shock,indonesia,USDC
695,0.7733773876641882,1394205.5407623888,181,S3_twin_shock,indonesia,USDC
696,0.7712390869135282,1359350.4022433292,181,S3_twin_shock,indonesia,USDC
697,0.7750293920911273,1325366.6421872461,181,S3_twin_shock,indonesia,USDC
698,0.7644167254244766,1292232.4761325647,181,S3_twin_shock,indonesia,USDC
699,0.7670644538062531,1259926.6642292507,181,S3_twin_shock,indonesia,USDC
700,0.7563329563471103,1228428.4976235195,181,S3_twin_shock,indonesia,USDC
701,0.7987980377106713,1197717.7851829315,181,S3_twin_shock,indonesia,USDC
702,0.7999593612473855,1167774.8405533582,181,S3_twin_shock,indonesia,USDC
703,0.8061281243702898,1138580.4695395243,181,S3_twin_shock,indonesia,USDC
704,0.7943164651899334,1110115.9578010363,181,S3_twin_shock,indonesia,USDC
705,0.8072231674000799,1082363.0588560104,181,S3_twin_shock,indonesia,USDC
706,0.8037781082119511,1055303.98238461,181,S3_twin_shock,indonesia,USDC
707,0.7747158602437545,1028921.3828249946,181,S3_twin_shock,indonesia,USDC
708,0.7702603073849831,1003198.3482543698,181,S3_twin_shock,indonesia,USDC
709,0.7908331912231891,978118.3895480105,181,S3_twin_shock,indonesia,USDC
710,0.7930672337201712,953665.4298093102,181,S3_twin_shock,indonesia,USDC
711,0.7867321881478795,929823.7940640775,181,S3_twin_shock,indonesia,USDC
712,0.7660921821766603,906578.1992124757,181,S3_twin_shock,indonesia,USDC
713,0.7753980010437005,883913.7442321636,181,S3_twin_shock,indonesia,USDC
714,0.7736585438417583,861815.9006263596,181,S3_twin_shock,indonesia,USDC
715,0.7885331025770712,840270.5031107006,181,S3_twin_shock,indonesia,USDC
716,0.7826268270940354,819263.740532933,181,S3_twin_shock,indonesia,USDC
717,0.8010116144971223,798782.1470196098,181,S3_twin_shock,indonesia,USDC
718,0.8076517612608034,778812.5933441196,181,S3_twin_shock,indonesia,USDC
719,0.8447874973705521,759342.2785105165,181,S3_twin_shock,indonesia,USDC
720,0.8074109046901211,740358.7215477537,181,S3_twin_shock,indonesia,USDC
721,0.8157898711199796,721849.7535090598,181,S3_twin_shock,indonesia,USDC
722,0.7946619964555018,703803.5096713332,181,S3_twin_shock,indonesia,USDC
723,0.7581896567033185,686208.4219295499,181,S3_twin_shock,indonesia,USDC
724,0.7501410513423642,669053.2113813113,181,S3_twin_shock,indonesia,USDC
725,0.7629729221710205,652326.8810967784,181,S3_twin_shock,indonesia,USDC
726,0.7507084929678346,636018.709069359,181,S3_twin_shock,indonesia,USDC
727,0.746024195934648,620118.2413426251,181,S3_twin_shock,indonesia,USDC
728,0.7607848911731652,604615.2853090593,181,S3_twin_shock,indonesia,USDC
729,0.7658318605199783,589499.9031763329,181,S3_twin_shock,indonesia,USDC
730,0.7685678074558688,574762.4055969246,181,S3_twin_shock,indonesia,USDC
731,0.8052443092182112,560393.3454570015,181,S3_twin_shock,indonesia,USDC
732,0.7839698258498785,546383.5118205764,181,S3_twin_shock,indonesia,USDC
733,0.7871368554149196,532723.924025062,181,S3_twin_shock,indonesia,USDC
734,0.7752627190151848,519405.8259244355,181,S3_twin_shock,indonesia,USDC
735,0.7929228903606019,506420.6802763246,181,S3_twin_shock,indonesia,USDC
736,0.7914499740475895,493760.16326941655,181,S3_twin_shock,indonesia,USDC
737,0.7723528268102966,481416.15918768116,181,S3_twin_shock,indonesia,USDC
738,0.7876100626533338,469380.755207989,181,S3_twin_shock,indonesia,USDC
739,0.8087528549766853,457646.2363277894,181,S3_twin_shock,indonesia,USDC
740,0.8148171261185129,446205.08041959465,181,S3_twin_shock,indonesia,USDC
741,0.7887149300435898,435049.9534091048,181,S3_twin_shock,indonesia,USDC
742,0.7996729937105433,424173.70457387716,181,S3_twin_shock,indonesia,USDC
743,0.8303234199807527,413569.36195953016,181,S3_twin_shock,indonesia,USDC
744,0.8251186861160762,403230.12791054195,181,S3_twin_shock,indonesia,USDC
745,0.8319441598602626,393149.3747127784,181,S3_twin_shock,indonesia,USDC
746,0.8289838572573425,383320.6403449589,181,S3_twin_shock,indonesia,USDC
747,0.817112862519404,373737.62433633493,181,S3_twin_shock,indonesia,USDC
748,0.8192215764432588,364394.1837279266,181,S3_twin_shock,indonesia,USDC
749,0.8078418719949969,355284.3291347284,181,S3_twin_shock,indonesia,USDC
750,0.8144835281079547,346402.2209063602,181,S3_twin_shock,indonesia,USDC
751,0.8049993451903786,337742.1653837012,181,S3_twin_shock,indonesia,USDC
752,0.7982472642894927,329298.6112491086,181,S3_twin_shock,indonesia,USDC
753,0.7906360833365204,321066.1459678809,181,S3_twin_shock,indonesia,USDC
754,0.7644109435009951,313039.4923186839,181,S3_twin_shock,indonesia,USDC
755,0.7845031541153251,305213.5050107168,181,S3_twin_shock,indonesia,USDC
756,0.8044696810201586,297583.1673854489,181,S3_twin_shock,indonesia,USDC
757,0.7856233088369684,290143.58820081264,181,S3_twin_shock,indonesia,USDC
758,0.7987651154694404,282889.99849579233,181,S3_twin_shock,indonesia,USDC
759,0.7882115780467562,275817.7485333975,181,S3_twin_shock,indonesia,USDC
760,0.7760730825512675,268922.3048200626,181,S3_twin_shock,indonesia,USDC
761,0.7907032555714846,262199.247199561,181,S3_twin_shock,indonesia,USDC
762,0.8250271445424758,255644.26601957198,181,S3_twin_shock,indonesia,USDC
763,0.8127136883745633,249253.15936908266,181,S3_twin_shock,indonesia,USDC
764,0.8118805640671212,243021.83038485562,181,S3_twin_shock,indonesia,USDC
765,0.7967960112890069,236946.2846252342,181,S3_twin_shock,indonesia,USDC
766,0.7902290021858245,231022.62750960336,181,S3_twin_shock,indonesia,USDC
767,0.7744989658752868,225247.0618218633,181,S3_twin_shock,indonesia,USDC
768,0.76849361162617,219615.88527631672,181,S3_twin_shock,indonesia,USDC
769,0.7799959810132641,214125.4881444088,181,S3_twin_shock,indonesia,USDC
770,0.757637945691546,208772.35094079858,181,S3_twin_shock,indonesia,USDC
771,0.7972019671465665,203553.04216727862,181,S3_twin_shock,indonesia,USDC
772,0.8178482196012279,198464.21611309669,181,S3_twin_shock,indonesia,USDC
773,0.8243957268555283,193502.61071026925,181,S3_twin_shock,indonesia,USDC
774,0.8379487172468029,188665.0454425125,181,S3_twin_shock,indonesia,USDC
775,0.8347128241079171,183948.4193064497,181,S3_twin_shock,indonesia,USDC
776,0.8177541439083842,179349.70882378845,181,S3_twin_shock,indonesia,USDC
777,0.7963643937249005,174865.96610319376,181,S3_twin_shock,indonesia,USDC
778,0.808583825043181,170494.3169506139,181,S3_twin_shock,indonesia,USDC
779,0.8199113705040594,166231.95902684855,181,S3_twin_shock,indonesia,USDC
780,0.761511542922637,162076.16005117734,181,S3_twin_shock,indonesia,USDC
781,0.7561651323863211,158024.25604989793,181,S3_twin_shock,indonesia,USDC
782,0.75348268588218,154073.64964865046,181,S3_twin_shock,indonesia,USDC
783,0.7517859022648177,150221.8084074342,181,S3_twin_shock,indonesia,USDC
784,0.7656564706276703,146466.26319724834,181,S3_twin_shock,indonesia,USDC
785,0.7693165409809398,142804.60661731713,181,S3_twin_shock,indonesia,USDC
786,0.7791047373990201,139234.4914518842,181,S3_twin_shock,indonesia,USDC
787,0.7761137264404662,135753.6291655871,181,S3_twin_shock,indonesia,USDC
788,0.759185030029633,132359.78843644742,181,S3_twin_shock,indonesia,USDC
789,0.7671445407567237,129050.79372553623,181,S3_twin_shock,indonesia,USDC
790,0.765572314262707,125824.52388239783,181,S3_twin_shock,indonesia,USDC
791,0.7699099152678995,122678.91078533788,181,S3_twin_shock,indonesia,USDC
792,0.7849212351123659,119611.93801570444,181,S3_twin_shock,indonesia,USDC
793,0.7644447489517211,116621.63956531181,181,S3_twin_shock,indonesia,USDC
794,0.7551014159370001,113706.09857617904,181,S3_twin_shock,indonesia,USDC
795,0.7530042571165084,110863.44611177454,181,S3_twin_shock,indonesia,USDC
796,0.7486512807798241,108091.85995898017,181,S3_twin_shock,indonesia,USDC
797,0.7611979110530196,105389.56346000567,181,S3_twin_shock,indonesia,USDC
798,0.7491834870364743,102754.82437350554,181,S3_twin_shock,indonesia,USDC
799,0.7665043361702999,100185.9537641679,181,S3_twin_shock,indonesia,USDC
800,0.782996010712003,97681.3049200637,181,S3_twin_shock,indonesia,USDC
801,0.7585720196549377,95239.27229706211,181,S3_twin_shock,indonesia,USDC
802,0.7849917532359029,92858.29048963555,181,S3_twin_shock,indonesia,USDC
803,0.7903485946930416,90536.83322739467,181,S3_twin_shock,indonesia,USDC
804,0.797934556710104,88273.4123967098,181,S3_twin_shock,indonesia,USDC
805,0.7739106465915983,86066.57708679207,181,S3_twin_shock,indonesia,USDC
806,0.7588261657868072,83914.91265962225,181,S3_twin_shock,indonesia,USDC
807,0.7662506715391209,81817.0398431317,181,S3_twin_shock,indonesia,USDC
808,0.7609074011754038,79771.6138470534,181,S3_twin_shock,indonesia,USDC
809,0.7560279584759307,77777.32350087707,181,S3_twin_shock,indonesia,USDC
810,0.7737186308806966,75832.89041335514,181,S3_twin_shock,indonesia,USDC
811,0.7721514555772777,73937.06815302128,181,S3_twin_shock,indonesia,USDC
812,0.785709701680759,72088.64144919573,181,S3_twin_shock,indonesia,USDC
813,0.790630158162356,70286.42541296584,181,S3_twin_shock,indonesia,USDC
814,0.7806408626530174,68529.26477764169,181,S3_twin_shock,indonesia,USDC
815,0.8057105145231459,66816.03315820065,181,S3_twin_shock,indonesia,USDC
816,0.8214063442448496,65145.632329245636,181,S3_twin_shock,indonesia,USDC
817,0.8035342531223808,63516.9915210145,181,S3_twin_shock,indonesia,USDC
818,0.8098234974134086,61929.06673298913,181,S3_twin_shock,indonesia,USDC
819,0.8339484898154659,60380.84006466439,181,S3_twin_shock,indonesia,USDC
820,0.8371735478514479,58871.319063047784,181,S3_twin_shock,indonesia,USDC
821,0.8147930505393773,57399.53608647159,181,S3_twin_shock,indonesia,USDC
822,0.7877005780470261,55964.54768430981,181,S3_twin_shock,indonesia,USDC
823,0.744091491330916,54565.43399220206,181,S3_twin_shock,indonesia,USDC
824,0.7680356265564441,53201.298142397005,181,S3_twin_shock,indonesia,USDC
825,0.7703834787405761,51871.265688837084,181,S3_twin_shock,indonesia,USDC
826,0.781510355634379,50574.484046616155,181,S3_twin_shock,indonesia,USDC
827,0.7884727826605237,49310.12194545075,181,S3_twin_shock,indonesia,USDC
828,0.7795203061923572,48077.368896814485,181,S3_twin_shock,indonesia,USDC
829,0.7624100230539077,46875.43467439412,181,S3_twin_shock,indonesia,USDC
830,0.766993668786125,45703.548807534266,181,S3_twin_shock,indonesia,USDC
831,0.7565316630273797,44560.960087345906,181,S3_twin_shock,indonesia,USDC
832,0.7704391194269793,43446.93608516226,181,S3_twin_shock,indonesia,USDC
833,0.7589106063472811,42360.76268303321,181,S3_twin_shock,indonesia,USDC
834,0.7860427379208937,41301.74361595738,181,S3_twin_shock,indonesia,USDC
835,0.7725993083309214,40269.20002555844,181,S3_twin_shock,indonesia,USDC
836,0.773084568670097,39262.47002491949,181,S3_twin_shock,indonesia,USDC
837,0.7835866352334465,38280.9082742965,181,S3_twin_shock,indonesia,USDC
838,0.7762123305917545,37323.88556743908,181,S3_twin_shock,indonesia,USDC
839,0.7759373988244888,36390.7884282531,181,S3_twin_shock,indonesia,USDC
840,0.7782426785310377,35481.01871754677,181,S3_twin_shock,indonesia,USDC
841,0.7841166904750557,34593.9932496081,181,S3_twin_shock,indonesia,USDC
842,0.7844115487280368,33729.1434183679,181,S3_twin_shock,indonesia,USDC
843,0.7881411605099581,32885.914832908704,181,S3_twin_shock,indonesia,USDC
844,0.792933513733738,32063.766962085985,181,S3_twin_shock,indonesia,USDC
845,0.7993165399609895,31262.172788033837,181,S3_twin_shock,indonesia,USDC
846,0.7261428914919215,30480.618468332992,181,S3_twin_shock,indonesia,USDC
847,0.7402974204908804,29718.603006624668,181,S3_twin_shock,indonesia,USDC
848,0.7642243731333361,28975.637931459052,181,S3_twin_shock,indonesia,USDC
849,0.7910423607063457,28251.246983172572,181,S3_twin_shock,indonesia,USDC
850,0.7982985635189641,27544.96580859326,181,S3_twin_shock,indonesia,USDC
851,0.8002092497119345,26856.341663378425,181,S3_twin_shock,indonesia,USDC
852,0.8074542505196868,26184.933121793965,181,S3_twin_shock,indonesia,USDC
853,0.8237087461996411,25530.30979374912,181,S3_twin_shock,indonesia,USDC
854,0.8070547687670168,24892.05204890539,181,S3_twin_shock,indonesia,USDC
855,0.7943514981652285,24269.750747682752,181,S3_twin_shock,indonesia,USDC
856,0.7930345014092554,23663.006978990685,181,S3_twin_shock,indonesia,USDC
857,0.7720645668310268,23071.431804515916,181,S3_twin_shock,indonesia,USDC
858,0.7620153639399104,22494.646009403023,181,S3_twin_shock,indonesia,USDC
859,0.7633228771328905,21932.279859167946,181,S3_twin_shock,indonesia,USDC
860,0.7602102766912706,21383.972862688744,181,S3_twin_shock,indonesia,USDC
861,0.785208640215629,20849.373541121528,181,S3_twin_shock,indonesia,USDC
862,0.7835926886863726,20328.13920259349,181,S3_twin_shock,indonesia,USDC
863,0.7850628806830656,19819.93572252865,181,S3_twin_shock,indonesia,USDC
864,0.7633630421225809,19324.437329465436,181,S3_twin_shock,indonesia,USDC
865,0.7622348300700315,18841.3263962288,181,S3_twin_shock,indonesia,USDC
866,0.7800790832061497,18370.29323632308,181,S3_twin_shock,indonesia,USDC
867,0.7926955079507965,17911.035905415003,181,S3_twin_shock,indonesia,USDC
868,0.8184802530865171,17463.260007779627,181,S3_twin_shock,indonesia,USDC
869,0.7986803355595831,17026.678507585137,181,S3_twin_shock,indonesia,USDC
870,0.8212436817288333,16601.01154489551,181,S3_twin_shock,indonesia,USDC
871,0.785272499606327,16185.986256273121,181,S3_twin_shock,indonesia,USDC
872,0.784973212971814,15781.336599866292,181,S3_twin_shock,indonesia,USDC
873,0.7675060072528181,15386.803184869636,181,S3_twin_shock,indonesia,USDC
874,0.7831551989237614,15002.133105247896,181,S3_twin_shock,indonesia,USDC
875,0.7635588715877881,14627.079777616698,181,S3_twin_shock,indonesia,USDC
876,0.7587485551545337,14261.40278317628,181,S3_twin_shock,indonesia,USDC
877,0.760007212921137,13904.867713596872,181,S3_twin_shock,indonesia,USDC
878,0.7590752149480956,13557.246020756951,181,S3_twin_shock,indonesia,USDC
879,0.7534074455101016,13218.314870238026,181,S3_twin_shock,indonesia,USDC
880,0.7611855430462581,12887.856998482077,181,S3_twin_shock,indonesia,USDC
881,0.780951384817843,12565.660573520025,181,S3_twin_shock,indonesia,USDC
882,0.7883560316482005,12251.519059182025,181,S3_twin_shock,indonesia,USDC
883,0.7794120592364975,11945.231082702474,181,S3_twin_shock,indonesia,USDC
884,0.7679510616661898,11646.600305634911,181,S3_twin_shock,indonesia,USDC
885,0.7744216686391118,11355.43529799404,181,S3_twin_shock,indonesia,USDC
886,0.7620934429934048,11071.549415544188,181,S3_twin_shock,indonesia,USDC
887,0.7679302621788172,10794.760680155583,181,S3_twin_shock,indonesia,USDC
888,0.75997206807447,10524.891663151693,181,S3_twin_shock,indonesia,USDC
889,0.7693557283762666,10261.769371572902,181,S3_twin_shock,indonesia,USDC
890,0.777484594039946,10005.22513728358,181,S3_twin_shock,indonesia,USDC
891,0.8039958786549352,9755.094508851489,181,S3_twin_shock,indonesia,USDC
892,0.808230818381714,9511.217146130202,181,S3_twin_shock,indonesia,USDC
893,0.7714125530406426,9273.436717476947,181,S3_twin_shock,indonesia,USDC
894,0.7755440654249923,9041.600799540025,181,S3_twin_shock,indonesia,USDC
895,0.7862781786364449,8815.560779551524,181,S3_twin_shock,indonesia,USDC
896,0.7945355915700826,8595.171760062736,181,S3_twin_shock,indonesia,USDC
897,0.789962608048143,8380.292466061168,181,S3_twin_shock,indonesia,USDC
898,0.7940676399776778,8170.785154409639,181,S3_twin_shock,indonesia,USDC
899,0.7796021448333383,7966.515525549398,181,S3_twin_shock,indonesia,USDC
900,0.7791678596920022,7767.352637410663,181,S3_twin_shock,indonesia,USDC
901,0.7781519077575976,7573.168821475396,181,S3_twin_shock,indonesia,USDC
902,0.7614018203130106,7383.8396009385115,181,S3_twin_shock,indonesia,USDC
903,0.770244057741021,7199.243610915049,181,S3_twin_shock,indonesia,USDC
904,0.7847455517749313,7019.262520642173,181,S3_twin_shock,indonesia,USDC
905,0.7829692728365572,6843.780957626118,181,S3_twin_shock,indonesia,USDC
906,0.7972866992040267,6672.686433685465,181,S3_twin_shock,indonesia,USDC
907,0.7990174529608821,6505.869272843329,181,S3_twin_shock,indonesia,USDC
908,0.7838685339273058,6343.222541022245,181,S3_twin_shock,indonesia,USDC
909,0.8030606934328213,6184.64197749669,181,S3_twin_shock,indonesia,USDC
910,0.813177290500241,6030.025928059273,181,S3_twin_shock,indonesia,USDC
911,0.8337516988938357,5879.275279857791,181,S3_twin_shock,indonesia,USDC
912,0.8135306173617624,5732.2933978613455,181,S3_twin_shock,indonesia,USDC
913,0.8231323661682355,5588.9860629148125,181,S3_twin_shock,indonesia,USDC
914,0.8127339508556807,5449.261411341942,181,S3_twin_shock,indonesia,USDC
915,0.8123995436504652,5313.029876058394,181,S3_twin_shock,indonesia,USDC
916,0.8027367600300324,5180.204129156934,181,S3_twin_shock,indonesia,USDC
917,0.7905567127166623,5050.699025928011,181,S3_twin_shock,indonesia,USDC
918,0.8030477445794484,4924.43155027981,181,S3_twin_shock,indonesia,USDC
919,0.7978256999456299,4801.320761522815,181,S3_twin_shock,indonesia,USDC
920,0.7953647284501932,4681.287742484745,181,S3_twin_shock,indonesia,USDC
921,0.799365646683799,4564.255548922625,181,S3_twin_shock,indonesia,USDC
922,0.7912657958677048,4450.14916019956,181,S3_twin_shock,indonesia,USDC
923,0.7650606760615344,4338.895431194571,181,S3_twin_shock,indonesia,USDC
924,0.7497499481150056,4230.423045414707,181,S3_twin_shock,indonesia,USDC
925,0.7291368223130116,4124.662469279339,181,S3_twin_shock,indonesia,USDC
926,0.725630871293501,4021.5459075473555,181,S3_twin_shock,indonesia,USDC
927,0.7410236249525377,3921.0072598586717,181,S3_twin_shock,indonesia,USDC
928,0.7339458970400111,3822.982078362205,181,S3_twin_shock,indonesia,USDC
929,0.7532952824051069,3727.40752640315,181,S3_twin_shock,indonesia,USDC
930,0.7479980404935677,3634.2223382430716,181,S3_twin_shock,indonesia,USDC
931,0.7402619883573912,3543.366779786995,181,S3_twin_shock,indonesia,USDC
932,0.7620259112669608,3454.78261029232,181,S3_twin_shock,indonesia,USDC
933,0.769682211581471,3368.413045035012,181,S3_twin_shock,indonesia,USDC
934,0.7666214781160338,3284.2027189091364,181,S3_twin_shock,indonesia,USDC
935,0.748583495747901,3202.097650936408,181,S3_twin_shock,indonesia,USDC
936,0.7775695270344248,3122.045209662998,181,S3_twin_shock,indonesia,USDC
937,0.7977033309519461,3043.994079421423,181,S3_twin_shock,indonesia,USDC
938,0.8108285477539946,2967.8942274358874,181,S3_twin_shock,indonesia,USDC
939,0.8124472405032708,2893.6968717499904,181,S3_twin_shock,indonesia,USDC
940,0.8133188824370656,2821.3544499562404,181,S3_twin_shock,indonesia,USDC
941,0.8272239132513952,2750.8205887073345,181,S3_twin_shock,indonesia,USDC
942,0.829325670254538,2682.0500739896506,181,S3_twin_shock,indonesia,USDC
943,0.8215907148727833,2614.99882213991,181,S3_twin_shock,indonesia,USDC
944,0.8154737470990322,2549.623851586412,181,S3_twin_shock,indonesia,USDC
945,0.8206818205203837,2485.8832552967515,181,S3_twin_shock,indonesia,USDC
946,0.8233500568596779,2423.736173914333,181,S3_twin_shock,indonesia,USDC
947,0.7934666414225031,2363.1427695664743,181,S3_twin_shock,indonesia,USDC
948,0.7859914160879642,2304.064200327313,181,S3_twin_shock,indonesia,USDC
949,0.7863014784922793,2246.46259531913,181,S3_twin_shock,indonesia,USDC
950,0.7930665961794467,2190.301030436152,181,S3_twin_shock,indonesia,USDC
951,0.7992232599475719,2135.543504675248,181,S3_twin_shock,indonesia,USDC
952,0.793119815499893,2082.1549170583667,181,S3_twin_shock,indonesia,USDC
953,0.7865277590768701,2030.1010441319077,181,S3_twin_shock,indonesia,USDC
954,0.7813672066591196,1979.34851802861,181,S3_twin_shock,indonesia,USDC
955,0.7711701434080965,1929.8648050778947,181,S3_twin_shock,indonesia,USDC
956,0.7327365790341499,1881.6181849509476,181,S3_twin_shock,indonesia,USDC
957,0.7726899626033386,1834.5777303271736,181,S3_twin_shock,indonesia,USDC
958,0.7642595175533122,1788.7132870689943,181,S3_twin_shock,indonesia,USDC
959,0.77192890625655,1743.9954548922697,181,S3_twin_shock,indonesia,USDC
960,0.750683566785914,1700.3955685199628,181,S3_twin_shock,indonesia,USDC
961,0.7546544312935923,1657.885679306964,181,S3_twin_shock,indonesia,USDC
962,0.771229054177778,1616.4385373242899,181,S3_twin_shock,indonesia,USDC
963,0.743076008451675,1576.0275738911826,181,S3_twin_shock,indonesia,USDC
964,0.7392371529770534,1536.626884543903,181,S3_twin_shock,indonesia,USDC
965,0.7226847889576954,1498.2112124303055,181,S3_twin_shock,indonesia,USDC
966,0.70834318726997,1460.7559321195479,181,S3_twin_shock,indonesia,USDC
967,0.7554822874384054,1424.237033816559,181,S3_twin_shock,indonesia,USDC
968,0.7776003600799446,1388.6311079711452,181,S3_twin_shock,indonesia,USDC
969,0.7617381944714378,1353.9153302718664,181,S3_twin_shock,indonesia,USDC
970,0.7548175860292886,1320.0674470150698,181,S3_twin_shock,indonesia,USDC
971,0.7648910885825777,1287.0657608396932,181,S3_twin_shock,indonesia,USDC
972,0.7756351971465664,1254.8891168187006,181,S3_twin_shock,indonesia,USDC
973,0.7899806956609393,1223.5168888982332,181,S3_twin_shock,indonesia,USDC
974,0.6911221966401858,1192.9289666757775,181,S3_twin_shock,indonesia,USDC
975,0.7043357979042765,1163.105742508883,181,S3_twin_shock,indonesia,USDC
976,0.7169387639334316,1134.0280989461608,181,S3_twin_shock,indonesia,USDC
977,0.7340410965178508,1105.6773964725069,181,S3_twin_shock,indonesia,USDC
978,0.7555598446122129,1078.0354615606943,181,S3_twin_shock,indonesia,USDC
979,0.7577194053852087,1051.0845750216768,181,S3_twin_shock,indonesia,USDC
980,0.7620282215639911,1024.807460646135,181,S3_twin_shock,indonesia,USDC
981,0.7684954743710573,999.1872741299815,181,S3_twin_shock,indonesia,USDC
982,0.7799285620767011,974.2075922767319,181,S3_twin_shock,indonesia,USDC
983,0.7729868685588815,949.8524024698136,181,S3_twin_shock,indonesia,USDC
984,0.7743041659135905,926.1060924080682,181,S3_twin_shock,indonesia,USDC
985,0.7536811340282428,902.9534400978664,181,S3_twin_shock,indonesia,USDC
986,0.7308583651761472,880.3796040954198,181,S3_twin_shock,indonesia,USDC
987,0.724309361760889,858.3701139930345,181,S3_twin_shock,indonesia,USDC
988,0.7336428123901854,836.9108611432085,181,S3_twin_shock,indonesia,USDC
989,0.735217931786263,815.9880896146283,181,S3_twin_shock,indonesia,USDC
990,0.7332117629541706,795.5883873742625,181,S3_twin_shock,indonesia,USDC
991,0.7437128999595891,775.6986776899059,181,S3_twin_shock,indonesia,USDC
992,0.7484570492427499,756.3062107476583,181,S3_twin_shock,indonesia,USDC
993,0.7552763862094953,737.398555478967,181,S3_twin_shock,indonesia,USDC
994,0.7509234299875281,718.9635915919927,181,S3_twin_shock,indonesia,USDC
995,0.7609076763294076,700.9895018021929,181,S3_twin_shock,indonesia,USDC
996,0.7611367572513874,683.4647642571381,181,S3_twin_shock,indonesia,USDC
997,0.7696786089740999,666.3781451507095,181,S3_twin_shock,indonesia,USDC
998,0.7551408958947938,649.718691521942,181,S3_twin_shock,indonesia,USDC
999,0.7710946318797514,633.4757242338933,181,S3_twin_shock,indonesia,USDC
1000,0.7691388712066719,617.638831128046,181,S3_twin_shock,indonesia,USDC
