Step,price,liquidity,iteration,scenario,region,coin
1,0.9963433023088593,2989926213521.417,165,S3_twin_shock,indonesia,USDC
2,0.9682888192918923,2989926213521.417,165,S3_twin_shock,indonesia,USDC
3,0.9891575773595895,2989820367292.05,165,S3_twin_shock,indonesia,USDC
4,1.0305754322359832,2989820367292.05,165,S3_twin_shock,indonesia,USDC
5,1.0389538978816537,2989820367292.05,165,S3_twin_shock,indonesia,USDC
6,1.0282558321759552,2989820367292.05,165,S3_twin_shock,indonesia,USDC
7,1.053103115882887,2989820367292.05,165,S3_twin_shock,indonesia,USDC
8,1.0421527834256794,2989820367292.05,165,S3_twin_shock,indonesia,USDC
9,1.0738549346655466,2989820367292.05,165,S3_twin_shock,indonesia,USDC
10,1.0920817513564258,2989820367292.05,165,S3_twin_shock,indonesia,USDC
11,1.0895762442506993,2989820367292.05,165,S3_twin_shock,indonesia,USDC
12,1.09057401765544,2989820367292.05,165,S3_twin_shock,indonesia,USDC
13,1.084371665323277,2989820367292.05,165,S3_twin_shock,indonesia,USDC
14,1.0871719534114193,2989820367292.05,165,S3_twin_shock,indonesia,USDC
15,1.103424700027357,2989820367292.05,165,S3_twin_shock,indonesia,USDC
16,1.0045565482941685,2989820367292.05,165,S3_twin_shock,indonesia,USDC
17,0.9932426087625873,2989820367292.05,165,S3_twin_shock,indonesia,USDC
18,0.9774812885534054,2989820367292.05,165,S3_twin_shock,indonesia,USDC
19,0.981036461392111,2989820367292.05,165,S3_twin_shock,indonesia,USDC
20,0.9851345143375951,2989820367292.05,165,S3_twin_shock,indonesia,USDC
21,0.9983965425154339,2989820367292.05,165,S3_twin_shock,indonesia,USDC
22,1.0220358778426268,2989820367292.05,165,S3_twin_shock,indonesia,USDC
23,1.0015488780783437,2989820367292.05,165,S3_twin_shock,indonesia,USDC
24,1.009379944146875,2989820367292.05,165,S3_twin_shock,indonesia,USDC
25,0.9951806054294257,2989820367292.05,165,S3_twin_shock,indonesia,USDC
26,0.9743621952363761,2989820367292.05,165,S3_twin_shock,indonesia,USDC
27,0.9723372784989682,2989820367292.05,165,S3_twin_shock,indonesia,USDC
28,1.0209704590165214,2989820367292.05,165,S3_twin_shock,indonesia,USDC
29,1.0089644001332128,2989820367292.05,165,S3_twin_shock,indonesia,USDC
30,1.00649765343189,2989820367292.05,165,S3_twin_shock,indonesia,USDC
31,1.0117010214450306,2989820367292.05,165,S3_twin_shock,indonesia,USDC
32,1.040912023442407,2989820367292.05,165,S3_twin_shock,indonesia,USDC
33,1.0408241716023283,2989820367292.05,165,S3_twin_shock,indonesia,USDC
34,1.0215002505314914,2989820367292.05,165,S3_twin_shock,indonesia,USDC
35,1.0238060882287314,2989820367292.05,165,S3_twin_shock,indonesia,USDC
36,1.0022913935309927,2989820367292.05,165,S3_twin_shock,indonesia,USDC
37,0.9803294877493859,2989820367292.05,165,S3_twin_shock,indonesia,USDC
38,1.0471353568401074,2989820367292.05,165,S3_twin_shock,indonesia,USDC
39,1.0495737989635059,2989820367292.05,165,S3_twin_shock,indonesia,USDC
40,1.0664703209787583,2989820367292.05,165,S3_twin_shock,indonesia,USDC
41,1.0663536641212878,2989820367292.05,165,S3_twin_shock,indonesia,USDC
42,1.0672422081163244,2989820367292.05,165,S3_twin_shock,indonesia,USDC
43,1.0301834080830778,2989820367292.05,165,S3_twin_shock,indonesia,USDC
44,1.0198078449537753,2989820367292.05,165,S3_twin_shock,indonesia,USDC
45,1.0190694314962494,2989820367292.05,165,S3_twin_shock,indonesia,USDC
46,1.0040221750854046,2989820367292.05,165,S3_twin_shock,indonesia,USDC
47,1.0047248657084917,2989820367292.05,165,S3_twin_shock,indonesia,USDC
48,1.0136716620737802,2989820367292.05,165,S3_twin_shock,indonesia,USDC
49,1.017922729003492,2989820367292.05,165,S3_twin_shock,indonesia,USDC
50,1.0230715463077311,2989820367292.05,165,S3_twin_shock,indonesia,USDC
51,1.0108268272749628,2989820367292.05,165,S3_twin_shock,indonesia,USDC
52,1.017976345702056,2989820367292.05,165,S3_twin_shock,indonesia,USDC
53,1.0238646517981296,2989820367292.05,165,S3_twin_shock,indonesia,USDC
54,1.0099460049470785,2989820367292.05,165,S3_twin_shock,indonesia,USDC
55,1.0325961005277189,2989820367292.05,165,S3_twin_shock,indonesia,USDC
56,1.0280200520226805,2989820367292.05,165,S3_twin_shock,indonesia,USDC
57,1.031273437219146,2989820367292.05,165,S3_twin_shock,indonesia,USDC
58,1.0310782765530184,2989820367292.05,165,S3_twin_shock,indonesia,USDC
59,1.007352744420785,2989820367292.05,165,S3_twin_shock,indonesia,USDC
60,1.0384972452760166,2989820367292.05,165,S3_twin_shock,indonesia,USDC
61,1.0096648925007021,2989820367292.05,165,S3_twin_shock,indonesia,USDC
62,1.0064496278281538,2989820367292.05,165,S3_twin_shock,indonesia,USDC
63,1.0101874826692412,2989820367292.05,165,S3_twin_shock,indonesia,USDC
64,0.9943766709358963,2989820367292.05,165,S3_twin_shock,indonesia,USDC
65,0.9723063106305468,2989820367292.05,165,S3_twin_shock,indonesia,USDC
66,0.9970128521534505,2989820367292.05,165,S3_twin_shock,indonesia,USDC
67,1.0092676152244118,2989820367292.05,165,S3_twin_shock,indonesia,USDC
68,1.019868179359237,2989820367292.05,165,S3_twin_shock,indonesia,USDC
69,0.9901788193697743,2989820367292.05,165,S3_twin_shock,indonesia,USDC
70,0.9864785647983693,2989820367292.05,165,S3_twin_shock,indonesia,USDC
71,0.989954212355327,2989820367292.05,165,S3_twin_shock,indonesia,USDC
72,0.9739634754694574,2989820367292.05,165,S3_twin_shock,indonesia,USDC
73,0.96754775499051,2989820367292.05,165,S3_twin_shock,indonesia,USDC
74,0.9843318760828966,2989717841074.989,165,S3_twin_shock,indonesia,USDC
75,0.8466918237102987,2989717841074.989,165,S3_twin_shock,indonesia,USDC
76,0.8325769200879696,2982273229786.9033,165,S3_twin_shock,indonesia,USDC
77,0.8427665131513457,2975098256533.3203,165,S3_twin_shock,indonesia,USDC
78,0.8506360228169308,2969173105460.658,165,S3_twin_shock,indonesia,USDC
79,0.873156421895687,2964343553796.801,165,S3_twin_shock,indonesia,USDC
80,0.8759558566303252,2960907369898.758,165,S3_twin_shock,indonesia,USDC
81,0.9041346150442564,2957997996052.2603,165,S3_twin_shock,indonesia,USDC
82,0.8912127216568899,2956126989145.5537,165,S3_twin_shock,indonesia,USDC
83,0.9012169407876867,2954115483525.7847,165,S3_twin_shock,indonesia,USDC
84,0.9501693042833863,2952503302267.508,165,S3_twin_shock,indonesia,USDC
85,0.9616734255796259,2952092670023.844,165,S3_twin_shock,indonesia,USDC
86,0.9711083918158366,2951915430606.6445,165,S3_twin_shock,indonesia,USDC
87,0.9765442323414062,2951915430606.6445,165,S3_twin_shock,indonesia,USDC
88,0.9700073091140617,2951915430606.6445,165,S3_twin_shock,indonesia,USDC
89,0.9840481687731721,2951915430606.6445,165,S3_twin_shock,indonesia,USDC
90,0.9881793502092056,2951915430606.6445,165,S3_twin_shock,indonesia,USDC
91,0.9937007369698363,2951915430606.6445,165,S3_twin_shock,indonesia,USDC
92,0.9872638697425205,2951915430606.6445,165,S3_twin_shock,indonesia,USDC
93,0.9773321595482106,2951915430606.6445,165,S3_twin_shock,indonesia,USDC
94,0.9613040036096748,2951915430606.6445,165,S3_twin_shock,indonesia,USDC
95,0.9096311368944039,2951745108288.972,165,S3_twin_shock,indonesia,USDC
96,0.9141329836482143,2950482238317.816,165,S3_twin_shock,indonesia,USDC
97,0.9358644547633534,2949357430775.8994,165,S3_twin_shock,indonesia,USDC
98,0.9391353727801456,2948716387015.532,165,S3_twin_shock,indonesia,USDC
99,0.9530268911222747,2948157746990.5845,165,S3_twin_shock,indonesia,USDC
100,0.9577982841239812,2947838730699.2646,165,S3_twin_shock,indonesia,USDC
101,0.8125754791950817,2947613407559.854,165,S3_twin_shock,indonesia,USDC
102,0.7973132420670189,2944913771113.944,165,S3_twin_shock,indonesia,USDC
103,0.8396515441267305,2942349936423.1094,165,S3_twin_shock,indonesia,USDC
104,0.872165073350422,2940748825423.991,165,S3_twin_shock,indonesia,USDC
105,0.8884545418197796,2939657248680.0273,165,S3_twin_shock,indonesia,USDC
106,0.8876469545074189,2938895136224.5527,165,S3_twin_shock,indonesia,USDC
107,0.9006737124316214,2938168384752.373,165,S3_twin_shock,indonesia,USDC
108,0.8818664658833852,2937593349212.1323,165,S3_twin_shock,indonesia,USDC
109,0.9065644808734993,2936896718526.592,165,S3_twin_shock,indonesia,USDC
110,0.8938020312810054,2936474437118.4575,165,S3_twin_shock,indonesia,USDC
111,0.8953385262492927,2935960043987.723,165,S3_twin_shock,indonesia,USDC
112,0.9087927069163017,2935495616487.7476,165,S3_twin_shock,indonesia,USDC
113,0.9111314098314757,2935152994332.5557,165,S3_twin_shock,indonesia,USDC
114,0.9022489432793436,2934835784830.008,165,S3_twin_shock,indonesia,USDC
115,0.9302299330848982,2934501012302.7773,165,S3_twin_shock,indonesia,USDC
116,0.9527295401248231,2934313445237.1504,165,S3_twin_shock,indonesia,USDC
117,0.9808550558795628,2934242466087.3135,165,S3_twin_shock,indonesia,USDC
118,0.989274411815276,2934242466087.3135,165,S3_twin_shock,indonesia,USDC
119,0.9960203729163126,2934242466087.3135,165,S3_twin_shock,indonesia,USDC
120,1.037066341263293,2934242466087.3135,165,S3_twin_shock,indonesia,USDC
121,1.0105730967918871,2860886404435.131,165,S3_twin_shock,indonesia,USDC
122,1.0065559875924854,2789364244324.253,165,S3_twin_shock,indonesia,USDC
123,0.9726917671058284,2719630138216.146,165,S3_twin_shock,indonesia,USDC
124,0.9460312616739195,2651639384760.7427,165,S3_twin_shock,indonesia,USDC
125,0.9160014065600657,2585248299957.323,165,S3_twin_shock,indonesia,USDC
126,0.9266621510272615,2520400303686.887,165,S3_twin_shock,indonesia,USDC
127,0.9094676952015573,2457221335316.1787,165,S3_twin_shock,indonesia,USDC
128,0.8828178569525876,2395570159553.6416,165,S3_twin_shock,indonesia,USDC
129,0.8651837242322243,2335380237216.45,165,S3_twin_shock,indonesia,USDC
130,0.87000647967206,2276664754930.703,165,S3_twin_shock,indonesia,USDC
131,0.8787501815642699,2219464967686.577,165,S3_twin_shock,indonesia,USDC
132,0.8721383703726148,2163734975425.035,165,S3_twin_shock,indonesia,USDC
133,0.8625999277270034,2109405151906.9526,165,S3_twin_shock,indonesia,USDC
134,0.8459050224764422,2056446595750.9197,165,S3_twin_shock,indonesia,USDC
135,0.8446401142976813,2004809394253.33,165,S3_twin_shock,indonesia,USDC
136,0.8195473833503174,1954479276881.2163,165,S3_twin_shock,indonesia,USDC
137,0.8114944527197688,1905401679722.6147,165,S3_twin_shock,indonesia,USDC
138,0.8172071708286289,1857569248822.7783,165,S3_twin_shock,indonesia,USDC
139,0.827884729546093,1810970265971.4287,165,S3_twin_shock,indonesia,USDC
140,0.8164747237220635,1765570409661.8389,165,S3_twin_shock,indonesia,USDC
141,0.8149166215949054,1721317255055.627,165,S3_twin_shock,indonesia,USDC
142,0.7863812642387449,1678188763815.1765,165,S3_twin_shock,indonesia,USDC
143,0.7922940053401764,1636135797197.8767,165,S3_twin_shock,indonesia,USDC
144,0.7797624289965867,1595153027403.8452,165,S3_twin_shock,indonesia,USDC
145,0.7863904727713048,1555205832509.5847,165,S3_twin_shock,indonesia,USDC
146,0.7845722671730614,1516272172072.234,165,S3_twin_shock,indonesia,USDC
147,0.795001998573376,1478321147720.7505,165,S3_twin_shock,indonesia,USDC
148,0.7983836898703631,1441329771727.4995,165,S3_twin_shock,indonesia,USDC
149,0.8323667909798079,1405268817354.0537,165,S3_twin_shock,indonesia,USDC
150,0.8422513998991388,1370117901476.1646,165,S3_twin_shock,indonesia,USDC
151,0.8550200407525567,1335849977806.7473,165,S3_twin_shock,indonesia,USDC
152,0.8548122127628556,1302442498520.1938,165,S3_twin_shock,indonesia,USDC
153,0.8461601371376332,1269871212769.753,165,S3_twin_shock,indonesia,USDC
154,0.8440995972646529,1238114475246.8845,165,S3_twin_shock,indonesia,USDC
155,0.8457472127495537,1207153126561.1538,165,S3_twin_shock,indonesia,USDC
156,0.8272727410151232,1176966784205.7842,165,S3_twin_shock,indonesia,USDC
157,0.828484732833551,1147535191056.9497,165,S3_twin_shock,indonesia,USDC
158,0.8279143487694733,1118840332140.659,165,S3_twin_shock,indonesia,USDC
159,0.7053826514112884,1090863614620.7782,165,S3_twin_shock,indonesia,USDC
160,0.7349091844616398,1063582895890.2705,165,S3_twin_shock,indonesia,USDC
161,0.7139721476880155,1036987615005.2124,165,S3_twin_shock,indonesia,USDC
162,0.7228349529766799,1011057934836.009,165,S3_twin_shock,indonesia,USDC
163,0.7233961596071714,985777852216.8745,165,S3_twin_shock,indonesia,USDC
164,0.7298506816131662,961130855391.3112,165,S3_twin_shock,indonesia,USDC
165,0.7369456440911327,937100584119.7078,165,S3_twin_shock,indonesia,USDC
166,0.7763642322518254,913671609211.728,165,S3_twin_shock,indonesia,USDC
167,0.7678256405389401,890828914919.8206,165,S3_twin_shock,indonesia,USDC
168,0.7771681552874201,868557433027.3496,165,S3_twin_shock,indonesia,USDC
169,0.7911672358755355,846842932216.9077,165,S3_twin_shock,indonesia,USDC
170,0.7610225606714313,825671418357.4259,165,S3_twin_shock,indonesia,USDC
171,0.7607431035058777,805029237005.4412,165,S3_twin_shock,indonesia,USDC
172,0.7351359961724341,784903183929.7356,165,S3_twin_shock,indonesia,USDC
173,0.7370470894387305,765280323079.8752,165,S3_twin_shock,indonesia,USDC
174,0.7444296826498155,746148086914.7847,165,S3_twin_shock,indonesia,USDC
175,0.7267926594276715,727494220136.6913,165,S3_twin_shock,indonesia,USDC
176,0.7613651986472981,709306727610.8413,165,S3_twin_shock,indonesia,USDC
177,0.7667416692591078,691573974244.599,165,S3_twin_shock,indonesia,USDC
178,0.7632543174811401,674284558748.263,165,S3_twin_shock,indonesia,USDC
179,0.7573930689858305,657427389671.8313,165,S3_twin_shock,indonesia,USDC
180,0.7433995084010652,640991659028.8687,165,S3_twin_shock,indonesia,USDC
181,0.7511136182325275,624966830594.5691,165,S3_twin_shock,indonesia,USDC
182,0.7687655396424463,609342631469.2589,165,S3_twin_shock,indonesia,USDC
183,0.7586917705359179,594109045237.084,165,S3_twin_shock,indonesia,USDC
184,0.7678582209878921,579256301256.5078,165,S3_twin_shock,indonesia,USDC
185,0.7583353963691735,564774880612.4774,165,S3_twin_shock,indonesia,USDC
186,0.7772698892998489,550655497473.7178,165,S3_twin_shock,indonesia,USDC
187,0.799290392580861,536889102118.60406,165,S3_twin_shock,indonesia,USDC
188,0.8144004699552642,523466869059.1439,165,S3_twin_shock,indonesia,USDC
189,0.8057881039379833,510380193180.98706,165,S3_twin_shock,indonesia,USDC
190,0.809455241381806,497620684580.3827,165,S3_twin_shock,indonesia,USDC
191,0.7946748700378607,485180164584.91113,165,S3_twin_shock,indonesia,USDC
192,0.7837414868408801,473050657701.4838,165,S3_twin_shock,indonesia,USDC
193,0.7764787177389291,461224388840.3579,165,S3_twin_shock,indonesia,USDC
194,0.7361503894150546,449693777037.23145,165,S3_twin_shock,indonesia,USDC
195,0.7204489702799906,438451430635.28296,165,S3_twin_shock,indonesia,USDC
196,0.7495672658735736,427490143228.48584,165,S3_twin_shock,indonesia,USDC
197,0.756209555472279,416802888632.3767,165,S3_twin_shock,indonesia,USDC
198,0.7754671489926215,406382815596.25275,165,S3_twin_shock,indonesia,USDC
199,0.7900714639512254,396223244636.14264,165,S3_twin_shock,indonesia,USDC
200,0.7678449384914816,386317663096.6608,165,S3_twin_shock,indonesia,USDC
201,0.7837304152991369,376659721121.64575,165,S3_twin_shock,indonesia,USDC
202,0.7642713740675046,367243227803.6006,165,S3_twin_shock,indonesia,USDC
203,0.7636904102178491,358062146849.7181,165,S3_twin_shock,indonesia,USDC
204,0.7545868291566468,349110592985.7052,165,S3_twin_shock,indonesia,USDC
205,0.7691620939176561,340382828000.0918,165,S3_twin_shock,indonesia,USDC
206,0.773389058355625,331873257181.5042,165,S3_twin_shock,indonesia,USDC
207,0.7844078523387816,323576425658.54803,165,S3_twin_shock,indonesia,USDC
208,0.7625565785108723,315487014945.7795,165,S3_twin_shock,indonesia,USDC
209,0.751277868590827,307599839504.1011,165,S3_twin_shock,indonesia,USDC
210,0.7589016546059465,299909843460.9761,165,S3_twin_shock,indonesia,USDC
211,0.7498232529095206,292412097333.2486,165,S3_twin_shock,indonesia,USDC
212,0.7745738971250586,285101794865.0492,165,S3_twin_shock,indonesia,USDC
213,0.7737664848640932,277974249968.2948,165,S3_twin_shock,indonesia,USDC
214,0.7700201158318422,271024893700.1004,165,S3_twin_shock,indonesia,USDC
215,0.7515004147628757,264249271341.6128,165,S3_twin_shock,indonesia,USDC
216,0.7513501612485111,257643039543.77032,165,S3_twin_shock,indonesia,USDC
217,0.7755703183576187,251201963544.47797,165,S3_twin_shock,indonesia,USDC
218,0.7699360468669892,244921914448.22998,165,S3_twin_shock,indonesia,USDC
219,0.7667834916693934,238798866580.54547,165,S3_twin_shock,indonesia,USDC
220,0.7933972596196475,232828894910.89746,165,S3_twin_shock,indonesia,USDC
221,0.7919554620117767,227008172534.6325,165,S3_twin_shock,indonesia,USDC
222,0.8131636248105799,221332968218.23294,165,S3_twin_shock,indonesia,USDC
223,0.8280889828229889,215799644010.67145,165,S3_twin_shock,indonesia,USDC
224,0.8190083086528457,210404652908.7908,165,S3_twin_shock,indonesia,USDC
225,0.8061564895817763,205144536584.5889,165,S3_twin_shock,indonesia,USDC
226,0.7917240270695748,200015923168.5689,165,S3_twin_shock,indonesia,USDC
227,0.7761621340033854,195015525088.02383,165,S3_twin_shock,indonesia,USDC
228,0.7652415632234881,190140136959.64215,165,S3_twin_shock,indonesia,USDC
229,0.7597156362250493,185386633534.69122,165,S3_twin_shock,indonesia,USDC
230,0.7466617878160088,180751967695.55353,165,S3_twin_shock,indonesia,USDC
231,0.7422791202408858,176233168502.47418,165,S3_twin_shock,indonesia,USDC
232,0.7927186590386286,171827339289.4011,165,S3_twin_shock,indonesia,USDC
233,0.7911192754499006,167531655806.83762,165,S3_twin_shock,indonesia,USDC
234,0.7967455639108025,163343364411.40097,165,S3_twin_shock,indonesia,USDC
235,0.8011383418680058,159259780300.9137,165,S3_twin_shock,indonesia,USDC
236,0.7909989876131492,155278285793.2269,165,S3_twin_shock,indonesia,USDC
237,0.7817112591204114,151396328648.25082,165,S3_twin_shock,indonesia,USDC
238,0.7809038733431082,147611420431.91534,165,S3_twin_shock,indonesia,USDC
239,0.777840315917365,143921134921.01422,165,S3_twin_shock,indonesia,USDC
240,0.7925046696060712,140323106547.90146,165,S3_twin_shock,indonesia,USDC
241,0.8178844597724025,136815028884.13994,165,S3_twin_shock,indonesia,USDC
242,0.7951963102650274,133394653161.98914,165,S3_twin_shock,indonesia,USDC
243,0.8027694899742729,130059786832.8925,165,S3_twin_shock,indonesia,USDC
244,0.7790017694240143,126808292162.0349,165,S3_twin_shock,indonesia,USDC
245,0.7605651628783405,123638084857.94897,165,S3_twin_shock,indonesia,USDC
246,0.74934708598017,120547132736.47003,165,S3_twin_shock,indonesia,USDC
247,0.7460254978844991,117533454418.0331,165,S3_twin_shock,indonesia,USDC
248,0.7386140421141908,114595118057.56241,165,S3_twin_shock,indonesia,USDC
249,0.7599651211844604,111730240106.10811,165,S3_twin_shock,indonesia,USDC
250,0.7456066632315338,108936984103.44406,165,S3_twin_shock,indonesia,USDC
251,0.762403762787871,106213559500.849,165,S3_twin_shock,indonesia,USDC
252,0.7562638708475745,103558220513.32089,165,S3_twin_shock,indonesia,USDC
253,0.7615444622750511,100969265000.4823,165,S3_twin_shock,indonesia,USDC
254,0.7587592024125752,98445033375.4661,165,S3_twin_shock,indonesia,USDC
255,0.7810593309770119,95983907541.07613,165,S3_twin_shock,indonesia,USDC
256,0.781562058328276,93584309852.54694,165,S3_twin_shock,indonesia,USDC
257,0.7630165187347991,91244702106.23141,165,S3_twin_shock,indonesia,USDC
258,0.775837222841592,88963584553.57394,165,S3_twin_shock,indonesia,USDC
259,0.7744402430133507,86739494939.73338,165,S3_twin_shock,indonesia,USDC
260,0.762581152771109,84571007566.23903,165,S3_twin_shock,indonesia,USDC
261,0.7780465596172449,82456732377.08217,165,S3_twin_shock,indonesia,USDC
262,0.7814062794175992,80395314067.65448,165,S3_twin_shock,indonesia,USDC
263,0.7575304053695386,78385431215.96263,165,S3_twin_shock,indonesia,USDC
264,0.730472093935742,76425795435.56313,165,S3_twin_shock,indonesia,USDC
265,0.7563459377914373,74515150549.67365,165,S3_twin_shock,indonesia,USDC
266,0.7698780022887055,72652271785.93155,165,S3_twin_shock,indonesia,USDC
267,0.7857520908330763,70835964991.28305,165,S3_twin_shock,indonesia,USDC
268,0.7692318082026971,69065065866.50082,165,S3_twin_shock,indonesia,USDC
269,0.7795921819137704,67338439219.838165,165,S3_twin_shock,indonesia,USDC
270,0.7935356791498455,65654978239.3421,165,S3_twin_shock,indonesia,USDC
271,0.7929752605356776,64013603783.35849,165,S3_twin_shock,indonesia,USDC
272,0.7899205978947873,62413263688.77445,165,S3_twin_shock,indonesia,USDC
273,0.800139677589166,60852932096.55503,165,S3_twin_shock,indonesia,USDC
274,0.7881583049208772,59331608794.14111,165,S3_twin_shock,indonesia,USDC
275,0.7988660071934675,57848318574.28756,165,S3_twin_shock,indonesia,USDC
276,0.7916825113622873,56402110609.93034,165,S3_twin_shock,indonesia,USDC
277,0.803935699939318,54992057844.68207,165,S3_twin_shock,indonesia,USDC
278,0.7993661119147726,53617256398.56499,165,S3_twin_shock,indonesia,USDC
279,0.7830254583986157,52276824988.60086,165,S3_twin_shock,indonesia,USDC
280,0.7863478768271297,50969904363.88582,165,S3_twin_shock,indonesia,USDC
281,0.8005316781136397,49695656754.788666,165,S3_twin_shock,indonesia,USDC
282,0.8023801875103799,48453265335.91894,165,S3_twin_shock,indonesia,USDC
283,0.7740993012622263,47241933702.52096,165,S3_twin_shock,indonesia,USDC
284,0.7800869607050249,46060885359.95793,165,S3_twin_shock,indonesia,USDC
285,0.8065041481463666,44909363225.95898,165,S3_twin_shock,indonesia,USDC
286,0.833769639743304,43786629145.31,165,S3_twin_shock,indonesia,USDC
287,0.8368624717720233,42691963416.677246,165,S3_twin_shock,indonesia,USDC
288,0.8280866987286153,41624664331.260315,165,S3_twin_shock,indonesia,USDC
289,0.8207401437499314,40584047722.978806,165,S3_twin_shock,indonesia,USDC
290,0.8166559190228033,39569446529.904335,165,S3_twin_shock,indonesia,USDC
291,0.8243492959683464,38580210366.65672,165,S3_twin_shock,indonesia,USDC
292,0.8324771856174401,37615705107.49031,165,S3_twin_shock,indonesia,USDC
293,0.7091085148827765,36675312479.803055,165,S3_twin_shock,indonesia,USDC
294,0.7182820589722652,35758429667.807976,165,S3_twin_shock,indonesia,USDC
295,0.7313082339005871,34864468926.11278,165,S3_twin_shock,indonesia,USDC
296,0.7477798662911914,33992857202.959957,165,S3_twin_shock,indonesia,USDC
297,0.7339892693829756,33143035772.885956,165,S3_twin_shock,indonesia,USDC
298,0.7695771168982142,32314459878.56381,165,S3_twin_shock,indonesia,USDC
299,0.7581552951172642,31506598381.599716,165,S3_twin_shock,indonesia,USDC
300,0.7515251775178422,30718933422.059727,165,S3_twin_shock,indonesia,USDC
301,0.7545516271731484,29950960086.508232,165,S3_twin_shock,indonesia,USDC
302,0.7496756127935881,29202186084.345528,165,S3_twin_shock,indonesia,USDC
303,0.7387020331668809,28472131432.236893,165,S3_twin_shock,indonesia,USDC
304,0.7329510053741553,27760328146.430965,165,S3_twin_shock,indonesia,USDC
305,0.7262216493472409,27066319942.770195,165,S3_twin_shock,indonesia,USDC
306,0.7337181096090524,26389661944.200935,165,S3_twin_shock,indonesia,USDC
307,0.7505546822606407,25729920395.595917,165,S3_twin_shock,indonesia,USDC
308,0.7588565216684962,25086672385.706017,165,S3_twin_shock,indonesia,USDC
309,0.7472316679255083,24459505576.063366,165,S3_twin_shock,indonesia,USDC
310,0.7365336944305987,23848017936.66178,165,S3_twin_shock,indonesia,USDC
311,0.7346160112118356,23251817488.24524,165,S3_twin_shock,indonesia,USDC
312,0.7466569768582322,22670522051.03911,165,S3_twin_shock,indonesia,USDC
313,0.7537459103451507,22103758999.76313,165,S3_twin_shock,indonesia,USDC
314,0.7717369209821896,21551165024.76905,165,S3_twin_shock,indonesia,USDC
315,0.776778622523496,21012385899.149826,165,S3_twin_shock,indonesia,USDC
316,0.7650017392977739,20487076251.67108,165,S3_twin_shock,indonesia,USDC
317,0.7279392056862469,19974899345.379303,165,S3_twin_shock,indonesia,USDC
318,0.7317037471949931,19475526861.74482,165,S3_twin_shock,indonesia,USDC
319,0.7498075301102907,18988638690.2012,165,S3_twin_shock,indonesia,USDC
320,0.7664774569021925,18513922722.946167,165,S3_twin_shock,indonesia,USDC
321,0.69652992417351,18051074654.872513,165,S3_twin_shock,indonesia,USDC
322,0.6704546110089229,17599797788.5007,165,S3_twin_shock,indonesia,USDC
323,0.685895966167654,17159802843.788183,165,S3_twin_shock,indonesia,USDC
324,0.6995014557872445,16730807772.69348,165,S3_twin_shock,indonesia,USDC
325,0.7292093926209288,16312537578.376143,165,S3_twin_shock,indonesia,USDC
326,0.7690861676228057,15904724138.916737,165,S3_twin_shock,indonesia,USDC
327,0.7637521819808256,15507106035.443819,165,S3_twin_shock,indonesia,USDC
328,0.7696255123418236,15119428384.557724,165,S3_twin_shock,indonesia,USDC
329,0.7427630755312209,14741442674.94378,165,S3_twin_shock,indonesia,USDC
330,0.7540294445268149,14372906608.070187,165,S3_twin_shock,indonesia,USDC
331,0.7415192350878764,14013583942.868433,165,S3_twin_shock,indonesia,USDC
332,0.735257238930744,13663244344.296722,165,S3_twin_shock,indonesia,USDC
333,0.726661207104435,13321663235.689304,165,S3_twin_shock,indonesia,USDC
334,0.7222208980873104,12988621654.797071,165,S3_twin_shock,indonesia,USDC
335,0.7184213186343915,12663906113.427143,165,S3_twin_shock,indonesia,USDC
336,0.7400276400371487,12347308460.591465,165,S3_twin_shock,indonesia,USDC
337,0.74651049055867,12038625749.07668,165,S3_twin_shock,indonesia,USDC
338,0.7409024869634858,11737660105.349764,165,S3_twin_shock,indonesia,USDC
339,0.7463072740785421,11444218602.716019,165,S3_twin_shock,indonesia,USDC
340,0.7569064295660854,11158113137.648119,165,S3_twin_shock,indonesia,USDC
341,0.7476342660011728,10879160309.206917,165,S3_twin_shock,indonesia,USDC
342,0.7285721941149866,10607181301.476744,165,S3_twin_shock,indonesia,USDC
343,0.7206315520724017,10342001768.939825,165,S3_twin_shock,indonesia,USDC
344,0.7401712254082069,10083451724.71633,165,S3_twin_shock,indonesia,USDC
345,0.7686555616155979,9831365431.598421,165,S3_twin_shock,indonesia,USDC
346,0.7638938573533132,9585581295.80846,165,S3_twin_shock,indonesia,USDC
347,0.7837311237645461,9345941763.41325,165,S3_twin_shock,indonesia,USDC
348,0.8064251831906156,9112293219.327917,165,S3_twin_shock,indonesia,USDC
349,0.78043679983077,8884485888.844719,165,S3_twin_shock,indonesia,USDC
350,0.779923299324729,8662373741.623602,165,S3_twin_shock,indonesia,USDC
351,0.7657892722438239,8445814398.083012,165,S3_twin_shock,indonesia,USDC
352,0.7713011692197023,8234669038.130937,165,S3_twin_shock,indonesia,USDC
353,0.7481441025594392,8028802312.177663,165,S3_twin_shock,indonesia,USDC
354,0.7394428093515211,7828082254.37322,165,S3_twin_shock,indonesia,USDC
355,0.7638613466425922,7632380198.013889,165,S3_twin_shock,indonesia,USDC
356,0.7902932949685348,7441570693.063542,165,S3_twin_shock,indonesia,USDC
357,0.7831779669451203,7255531425.736954,165,S3_twin_shock,indonesia,USDC
358,0.7807001542946643,7074143140.093531,165,S3_twin_shock,indonesia,USDC
359,0.7707145461017981,6897289561.591191,165,S3_twin_shock,indonesia,USDC
360,0.7726243741782948,6724857322.551412,165,S3_twin_shock,indonesia,USDC
361,0.7712454962757472,6556735889.487627,165,S3_twin_shock,indonesia,USDC
362,0.7569190684928643,6392817492.250436,165,S3_twin_shock,indonesia,USDC
363,0.7756237847854869,6232997054.944175,165,S3_twin_shock,indonesia,USDC
364,0.8090159536199175,6077172128.570571,165,S3_twin_shock,indonesia,USDC
365,0.8205262707866818,5925242825.356306,165,S3_twin_shock,indonesia,USDC
366,0.8374531583522125,5777111754.722399,165,S3_twin_shock,indonesia,USDC
367,0.8302894087428516,5632683960.854339,165,S3_twin_shock,indonesia,USDC
368,0.8060363010158881,5491866861.83298,165,S3_twin_shock,indonesia,USDC
369,0.8177955225090798,5354570190.287155,165,S3_twin_shock,indonesia,USDC
370,0.8241293561828213,5220705935.529977,165,S3_twin_shock,indonesia,USDC
371,0.8229680709346714,5090188287.1417265,165,S3_twin_shock,indonesia,USDC
372,0.8123538066065276,4962933579.963184,165,S3_twin_shock,indonesia,USDC
373,0.8112507683262261,4838860240.464104,165,S3_twin_shock,indonesia,USDC
374,0.7930773528044437,4717888734.452502,165,S3_twin_shock,indonesia,USDC
375,0.7715793285398735,4599941516.091189,165,S3_twin_shock,indonesia,USDC
376,0.770768849495341,4484942978.18891,165,S3_twin_shock,indonesia,USDC
377,0.7567722458107704,4372819403.734186,165,S3_twin_shock,indonesia,USDC
378,0.7718959113064912,4263498918.640833,165,S3_twin_shock,indonesia,USDC
379,0.7732253686931961,4156911445.6748114,165,S3_twin_shock,indonesia,USDC
380,0.8016968192271571,4052988659.5329413,165,S3_twin_shock,indonesia,USDC
381,0.811478043901667,3951663943.044617,165,S3_twin_shock,indonesia,USDC
382,0.8048357005923892,3852872344.468502,165,S3_twin_shock,indonesia,USDC
383,0.8097130024804093,3756550535.8567896,165,S3_twin_shock,indonesia,USDC
384,0.783690048030071,3662636772.46037,165,S3_twin_shock,indonesia,USDC
385,0.7865316624538571,3571070853.14886,165,S3_twin_shock,indonesia,USDC
386,0.7949814979237904,3481794081.820139,165,S3_twin_shock,indonesia,USDC
387,0.8029569573740118,3394749229.7746353,165,S3_twin_shock,indonesia,USDC
388,0.792631150127732,3309880499.0302696,165,S3_twin_shock,indonesia,USDC
389,0.7808661395871853,3227133486.554513,165,S3_twin_shock,indonesia,USDC
390,0.7959763020068296,3146455149.3906503,165,S3_twin_shock,indonesia,USDC
391,0.807745288183908,3067793770.655884,165,S3_twin_shock,indonesia,USDC
392,0.7883492650786393,2991098926.389487,165,S3_twin_shock,indonesia,USDC
393,0.7743904165704849,2916321453.2297497,165,S3_twin_shock,indonesia,USDC
394,0.78466710986914,2843413416.899006,165,S3_twin_shock,indonesia,USDC
395,0.7951758228156302,2772328081.476531,165,S3_twin_shock,indonesia,USDC
396,0.8081218038709218,2703019879.4396176,165,S3_twin_shock,indonesia,USDC
397,0.8194543021663839,2635444382.453627,165,S3_twin_shock,indonesia,USDC
398,0.8190433259775433,2569558272.8922863,165,S3_twin_shock,indonesia,USDC
399,0.8352108261015316,2505319316.0699797,165,S3_twin_shock,indonesia,USDC
400,0.8309986352153986,2442686333.16823,165,S3_twin_shock,indonesia,USDC
401,0.8525239473328985,2381619174.839024,165,S3_twin_shock,indonesia,USDC
402,0.8513734239016654,2322078695.468048,165,S3_twin_shock,indonesia,USDC
403,0.8340191133909372,2264026728.081347,165,S3_twin_shock,indonesia,USDC
404,0.8109929364539138,2207426059.8793135,165,S3_twin_shock,indonesia,USDC
405,0.8181721460369206,2152240408.382331,165,S3_twin_shock,indonesia,USDC
406,0.8071923872377426,2098434398.1727724,165,S3_twin_shock,indonesia,USDC
407,0.8112569613142272,2045973538.218453,165,S3_twin_shock,indonesia,USDC
408,0.8361529505920944,1994824199.762992,165,S3_twin_shock,indonesia,USDC
409,0.8301319717496197,1944953594.768917,165,S3_twin_shock,indonesia,USDC
410,0.8422243999275536,1896329754.899694,165,S3_twin_shock,indonesia,USDC
411,0.819466661298734,1848921511.0272017,165,S3_twin_shock,indonesia,USDC
412,0.8205592866641201,1802698473.2515213,165,S3_twin_shock,indonesia,USDC
413,0.8330180849058277,1757631011.4202332,165,S3_twin_shock,indonesia,USDC
414,0.8238594702219246,1713690236.1347277,165,S3_twin_shock,indonesia,USDC
415,0.8066254197411115,1670847980.2313595,165,S3_twin_shock,indonesia,USDC
416,0.7996457715856008,1629076780.7255754,165,S3_twin_shock,indonesia,USDC
417,0.8050035486137594,1588349861.207436,165,S3_twin_shock,indonesia,USDC
418,0.8031680683324327,1548641114.6772501,165,S3_twin_shock,indonesia,USDC
419,0.7965008521876332,1509925086.810319,165,S3_twin_shock,indonesia,USDC
420,0.7976533111637906,1472176959.640061,165,S3_twin_shock,indonesia,USDC
421,0.7866801901497539,1435372535.6490593,165,S3_twin_shock,indonesia,USDC
422,0.7859980806929215,1399488222.2578328,165,S3_twin_shock,indonesia,USDC
423,0.7903919693770531,1364501016.701387,165,S3_twin_shock,indonesia,USDC
424,0.803889691805253,1330388491.2838523,165,S3_twin_shock,indonesia,USDC
425,0.7994702023249013,1297128779.001756,165,S3_twin_shock,indonesia,USDC
426,0.7934072618493483,1264700559.5267122,165,S3_twin_shock,indonesia,USDC
427,0.7801487474938094,1233083045.5385442,165,S3_twin_shock,indonesia,USDC
428,0.793680808567695,1202255969.4000807,165,S3_twin_shock,indonesia,USDC
429,0.7819772267144125,1172199570.1650786,165,S3_twin_shock,indonesia,USDC
430,0.7676478443702207,1142894580.9109516,165,S3_twin_shock,indonesia,USDC
431,0.7885289891422056,1114322216.3881779,165,S3_twin_shock,indonesia,USDC
432,0.7972598382429699,1086464160.9784734,165,S3_twin_shock,indonesia,USDC
433,0.7757298649870988,1059302556.9540116,165,S3_twin_shock,indonesia,USDC
434,0.7844084240286742,1032819993.0301613,165,S3_twin_shock,indonesia,USDC
435,0.7642116375281728,1006999493.2044072,165,S3_twin_shock,indonesia,USDC
436,0.7790777661966378,981824505.874297,165,S3_twin_shock,indonesia,USDC
437,0.7773242940827383,957278893.2274395,165,S3_twin_shock,indonesia,USDC
438,0.7887748276677797,933346920.8967535,165,S3_twin_shock,indonesia,USDC
439,0.7656827283442109,910013247.8743348,165,S3_twin_shock,indonesia,USDC
440,0.7818450777132814,887262916.6774765,165,S3_twin_shock,indonesia,USDC
441,0.7886887030258031,865081343.7605395,165,S3_twin_shock,indonesia,USDC
442,0.7813901269953287,843454310.1665261,165,S3_twin_shock,indonesia,USDC
443,0.753060512481389,822367952.4123629,165,S3_twin_shock,indonesia,USDC
444,0.7263763408968421,801808753.6020539,165,S3_twin_shock,indonesia,USDC
445,0.7342527225072901,781763534.7620025,165,S3_twin_shock,indonesia,USDC
446,0.7481995037098124,762219446.3929524,165,S3_twin_shock,indonesia,USDC
447,0.7731345542509389,743163960.2331285,165,S3_twin_shock,indonesia,USDC
448,0.7789046204141112,724584861.2273004,165,S3_twin_shock,indonesia,USDC
449,0.8333794931589933,706470239.696618,165,S3_twin_shock,indonesia,USDC
450,0.8242272478928391,688808483.7042024,165,S3_twin_shock,indonesia,USDC
451,0.8268841302296114,671588271.6115974,165,S3_twin_shock,indonesia,USDC
452,0.8357059913812536,654798564.8213075,165,S3_twin_shock,indonesia,USDC
453,0.8338477061200904,638428600.7007748,165,S3_twin_shock,indonesia,USDC
454,0.8164645157308584,622467885.6832554,165,S3_twin_shock,indonesia,USDC
455,0.8065409057294685,606906188.541174,165,S3_twin_shock,indonesia,USDC
456,0.8048186137455606,591733533.8276448,165,S3_twin_shock,indonesia,USDC
457,0.7931437850502722,576940195.4819536,165,S3_twin_shock,indonesia,USDC
458,0.7847968785486358,562516690.5949048,165,S3_twin_shock,indonesia,USDC
459,0.7795662145458659,548453773.3300321,165,S3_twin_shock,indonesia,USDC
460,0.7751970916031045,534742428.9967813,165,S3_twin_shock,indonesia,USDC
461,0.7665218109384898,521373868.2718618,165,S3_twin_shock,indonesia,USDC
462,0.7734224697746601,508339521.56506526,165,S3_twin_shock,indonesia,USDC
463,0.7696986129266078,495631033.52593863,165,S3_twin_shock,indonesia,USDC
464,0.7900767220732617,483240257.68779016,165,S3_twin_shock,indonesia,USDC
465,0.7668860550528257,471159251.24559546,165,S3_twin_shock,indonesia,USDC
466,0.7746037074743903,459380269.9644555,165,S3_twin_shock,indonesia,USDC
467,0.7735356524521876,447895763.21534413,165,S3_twin_shock,indonesia,USDC
468,0.7743570499354531,436698369.13496053,165,S3_twin_shock,indonesia,USDC
469,0.7693708684065567,425780909.9065865,165,S3_twin_shock,indonesia,USDC
470,0.7791077822669858,415136387.15892184,165,S3_twin_shock,indonesia,USDC
471,0.7801649153716488,404757977.4799488,165,S3_twin_shock,indonesia,USDC
472,0.7633284399261,394639028.0429501,165,S3_twin_shock,indonesia,USDC
473,0.7613253301994737,384773052.3418763,165,S3_twin_shock,indonesia,USDC
474,0.7539333121340008,375153726.0333294,165,S3_twin_shock,indonesia,USDC
475,0.7341451402378969,365774882.8824962,165,S3_twin_shock,indonesia,USDC
476,0.7461370837757539,356630510.81043375,165,S3_twin_shock,indonesia,USDC
477,0.7602236516023461,347714748.04017293,165,S3_twin_shock,indonesia,USDC
478,0.7659780260522318,339021879.3391686,165,S3_twin_shock,indonesia,USDC
479,0.7694114739345249,330546332.3556894,165,S3_twin_shock,indonesia,USDC
480,0.7773894355070815,322282674.04679716,165,S3_twin_shock,indonesia,USDC
481,0.7747786090910586,314225607.1956272,165,S3_twin_shock,indonesia,USDC
482,0.7644275215318833,306369967.0157365,165,S3_twin_shock,indonesia,USDC
483,0.7392682803640208,298710717.8403431,165,S3_twin_shock,indonesia,USDC
484,0.7331797241535716,291242949.89433455,165,S3_twin_shock,indonesia,USDC
485,0.7327020599427869,283961876.1469762,165,S3_twin_shock,indonesia,USDC
486,0.7275465333608169,276862829.24330175,165,S3_twin_shock,indonesia,USDC
487,0.7094580293019989,269941258.51221925,165,S3_twin_shock,indonesia,USDC
488,0.7159847940417289,263192727.04941377,165,S3_twin_shock,indonesia,USDC
489,0.7082165447830003,256612908.87317842,165,S3_twin_shock,indonesia,USDC
490,0.7029256488624966,250197586.15134895,165,S3_twin_shock,indonesia,USDC
491,0.7236492532355653,243942646.4975652,165,S3_twin_shock,indonesia,USDC
492,0.7455063800962182,237844080.3351261,165,S3_twin_shock,indonesia,USDC
493,0.7140346774666211,231897978.32674795,165,S3_twin_shock,indonesia,USDC
494,0.7170370211964214,226100528.86857924,165,S3_twin_shock,indonesia,USDC
495,0.7175522615316915,220448015.64686477,165,S3_twin_shock,indonesia,USDC
496,0.7187691157637697,214936815.25569314,165,S3_twin_shock,indonesia,USDC
497,0.7063489173366475,209563394.87430078,165,S3_twin_shock,indonesia,USDC
498,0.6967676808389324,204324310.0024433,165,S3_twin_shock,indonesia,USDC
499,0.6878985384501662,199216202.25238222,165,S3_twin_shock,indonesia,USDC
500,0.6995414769717635,194235797.19607264,165,S3_twin_shock,indonesia,USDC
501,0.6826541403831566,189379902.26617083,165,S3_twin_shock,indonesia,USDC
502,0.6949092274942996,184645404.70951656,165,S3_twin_shock,indonesia,USDC
503,0.7030209474086394,180029269.59177864,165,S3_twin_shock,indonesia,USDC
504,0.7282231946590632,175528537.85198417,165,S3_twin_shock,indonesia,USDC
505,0.7230616687254333,171140324.4056846,165,S3_twin_shock,indonesia,USDC
506,0.7113833073695098,166861816.29554248,165,S3_twin_shock,indonesia,USDC
507,0.7194255147101629,162690270.8881539,165,S3_twin_shock,indonesia,USDC
508,0.7179344389672337,158623014.11595005,165,S3_twin_shock,indonesia,USDC
509,0.7064522011008683,154657438.7630513,165,S3_twin_shock,indonesia,USDC
510,0.740164497180257,150791002.793975,165,S3_twin_shock,indonesia,USDC
511,0.7384995169565383,147021227.72412562,165,S3_twin_shock,indonesia,USDC
512,0.7349942687674247,143345697.0310225,165,S3_twin_shock,indonesia,USDC
513,0.7497590681536266,139762054.60524696,165,S3_twin_shock,indonesia,USDC
514,0.7539700801069639,136268003.24011576,165,S3_twin_shock,indonesia,USDC
515,0.7382609634287782,132861303.15911287,165,S3_twin_shock,indonesia,USDC
516,0.7408685081422279,129539770.58013506,165,S3_twin_shock,indonesia,USDC
517,0.7502562133052029,126301276.31563169,165,S3_twin_shock,indonesia,USDC
518,0.7620554300686334,123143744.40774089,165,S3_twin_shock,indonesia,USDC
519,0.7605419834491464,120065150.79754737,165,S3_twin_shock,indonesia,USDC
520,0.7804965785187312,117063522.02760868,165,S3_twin_shock,indonesia,USDC
521,0.7772768373136041,114136933.97691846,165,S3_twin_shock,indonesia,USDC
522,0.7776458400021691,111283510.6274955,165,S3_twin_shock,indonesia,USDC
523,0.7787153128483396,108501422.86180812,165,S3_twin_shock,indonesia,USDC
524,0.7611171343170184,105788887.29026291,165,S3_twin_shock,indonesia,USDC
525,0.7453593734862296,103144165.10800633,165,S3_twin_shock,indonesia,USDC
526,0.7473917894691205,100565560.9803062,165,S3_twin_shock,indonesia,USDC
527,0.7494934376508944,98051421.95579854,165,S3_twin_shock,indonesia,USDC
528,0.7639664669204265,95600136.40690356,165,S3_twin_shock,indonesia,USDC
529,0.7481743016220079,93210132.99673098,165,S3_twin_shock,indonesia,USDC
530,0.7560410591003527,90879879.67181271,165,S3_twin_shock,indonesia,USDC
531,0.7820665963149214,88607882.6800174,165,S3_twin_shock,indonesia,USDC
532,0.7648235244544983,86392685.61301696,165,S3_twin_shock,indonesia,USDC
533,0.7643363322183219,84232868.47269154,165,S3_twin_shock,indonesia,USDC
534,0.788119856436969,82127046.76087426,165,S3_twin_shock,indonesia,USDC
535,0.8040957673034541,80073870.5918524,165,S3_twin_shock,indonesia,USDC
536,0.7948051620890746,78072023.82705608,165,S3_twin_shock,indonesia,USDC
537,0.7722854658380207,76120223.23137969,165,S3_twin_shock,indonesia,USDC
538,0.7925184644612326,74217217.65059519,165,S3_twin_shock,indonesia,USDC
539,0.7984536845360816,72361787.2093303,165,S3_twin_shock,indonesia,USDC
540,0.7870960156473523,70552742.52909705,165,S3_twin_shock,indonesia,USDC
541,0.7824533568161145,68788923.96586962,165,S3_twin_shock,indonesia,USDC
542,0.8079983147462309,67069200.86672289,165,S3_twin_shock,indonesia,USDC
543,0.8012558699602659,65392470.84505482,165,S3_twin_shock,indonesia,USDC
544,0.836820382091017,63757659.073928446,165,S3_twin_shock,indonesia,USDC
545,0.7945748909096234,62163717.59708023,165,S3_twin_shock,indonesia,USDC
546,0.800246260561177,60609624.65715323,165,S3_twin_shock,indonesia,USDC
547,0.8182669017253938,59094384.0407244,165,S3_twin_shock,indonesia,USDC
548,0.769432878793484,57617024.43970629,165,S3_twin_shock,indonesia,USDC
549,0.7765292121250467,56176598.82871363,165,S3_twin_shock,indonesia,USDC
550,0.7860503983831797,54772183.85799579,165,S3_twin_shock,indonesia,USDC
551,0.7719044850249493,53402879.2615459,165,S3_twin_shock,indonesia,USDC
552,0.7718642484251026,52067807.28000724,165,S3_twin_shock,indonesia,USDC
553,0.7739169111946744,50766112.09800707,165,S3_twin_shock,indonesia,USDC
554,0.7684180995189582,49496959.29555689,165,S3_twin_shock,indonesia,USDC
555,0.7409607770611834,48259535.31316797,165,S3_twin_shock,indonesia,USDC
556,0.740462260854875,47053046.93033877,165,S3_twin_shock,indonesia,USDC
557,0.7483677088675527,45876720.7570803,165,S3_twin_shock,indonesia,USDC
558,0.7571524577998845,44729802.738153294,165,S3_twin_shock,indonesia,USDC
559,0.7679223077217586,43611557.66969946,165,S3_twin_shock,indonesia,USDC
560,0.7795959026281033,42521268.72795697,165,S3_twin_shock,indonesia,USDC
561,0.8160778835623974,41458237.009758055,165,S3_twin_shock,indonesia,USDC
562,0.820840394499813,40421781.084514104,165,S3_twin_shock,indonesia,USDC
563,0.8209300380940842,39411236.557401255,165,S3_twin_shock,indonesia,USDC
564,0.8275564110190403,38425955.64346622,165,S3_twin_shock,indonesia,USDC
565,0.7798072574760005,37465306.75237957,165,S3_twin_shock,indonesia,USDC
566,0.7680774160568127,36528674.08357008,165,S3_twin_shock,indonesia,USDC
567,0.7792585386233662,35615457.23148082,165,S3_twin_shock,indonesia,USDC
568,0.7718642725317071,34725070.80069381,165,S3_twin_shock,indonesia,USDC
569,0.7667904335753886,33856944.03067646,165,S3_twin_shock,indonesia,USDC
570,0.7701443583424932,33010520.429909553,165,S3_twin_shock,indonesia,USDC
571,0.7874284688798249,32185257.41916181,165,S3_twin_shock,indonesia,USDC
572,0.7824864276605441,31380625.983682767,165,S3_twin_shock,indonesia,USDC
573,0.789057600328021,30596110.334090695,165,S3_twin_shock,indonesia,USDC
574,0.7974448456417322,29831207.57573843,165,S3_twin_shock,indonesia,USDC
575,0.7709320586435595,29085427.38634497,165,S3_twin_shock,indonesia,USDC
576,0.7618428401252819,28358291.701686345,165,S3_twin_shock,indonesia,USDC
577,0.7449240828511603,27649334.40914419,165,S3_twin_shock,indonesia,USDC
578,0.7415068031157782,26958101.048915587,165,S3_twin_shock,indonesia,USDC
579,0.7724842967815359,26284148.522692695,165,S3_twin_shock,indonesia,USDC
580,0.7572521229637486,25627044.80962538,165,S3_twin_shock,indonesia,USDC
581,0.7820777592060274,24986368.689384744,165,S3_twin_shock,indonesia,USDC
582,0.7823132259052654,24361709.472150125,165,S3_twin_shock,indonesia,USDC
583,0.7876019251132574,23752666.735346373,165,S3_twin_shock,indonesia,USDC
584,0.802921527026906,23158850.06696271,165,S3_twin_shock,indonesia,USDC
585,0.8097451555843526,22579878.815288644,165,S3_twin_shock,indonesia,USDC
586,0.8083711173170817,22015381.844906427,165,S3_twin_shock,indonesia,USDC
587,0.8302863150498052,21464997.298783768,165,S3_twin_shock,indonesia,USDC
588,0.8336417274580055,20928372.366314173,165,S3_twin_shock,indonesia,USDC
589,0.836159007102206,20405163.05715632,165,S3_twin_shock,indonesia,USDC
590,0.8086474205519185,19895033.98072741,165,S3_twin_shock,indonesia,USDC
591,0.8099139900748155,19397658.13120923,165,S3_twin_shock,indonesia,USDC
592,0.8257063323713061,18912716.677929,165,S3_twin_shock,indonesia,USDC
593,0.8554966543436647,18439898.760980774,165,S3_twin_shock,indonesia,USDC
594,0.8743549099752902,17978901.291956253,165,S3_twin_shock,indonesia,USDC
595,0.862031642132852,17529428.759657346,165,S3_twin_shock,indonesia,USDC
596,0.8366299598949496,17091193.040665913,165,S3_twin_shock,indonesia,USDC
597,0.8243038690423987,16663913.214649266,165,S3_twin_shock,indonesia,USDC
598,0.822085325719496,16247315.384283034,165,S3_twin_shock,indonesia,USDC
599,0.833078374547624,15841132.499675957,165,S3_twin_shock,indonesia,USDC
600,0.8293583708403516,15445104.187184058,165,S3_twin_shock,indonesia,USDC
601,0.8076381961524878,15058976.582504459,165,S3_twin_shock,indonesia,USDC
602,0.788426074357815,14682502.167941846,165,S3_twin_shock,indonesia,USDC
603,0.7872769347484577,14315439.613743298,165,S3_twin_shock,indonesia,USDC
604,0.7844147041988243,13957553.623399716,165,S3_twin_shock,indonesia,USDC
605,0.7734539503375729,13608614.782814724,165,S3_twin_shock,indonesia,USDC
606,0.76075186055918,13268399.413244357,165,S3_twin_shock,indonesia,USDC
607,0.7766987818728704,12936689.427913249,165,S3_twin_shock,indonesia,USDC
608,0.7874421703039838,12613272.192215417,165,S3_twin_shock,indonesia,USDC
609,0.7858348309562324,12297940.387410032,165,S3_twin_shock,indonesia,USDC
610,0.7895337464248401,11990491.877724782,165,S3_twin_shock,indonesia,USDC
611,0.7781246897992682,11690729.580781663,165,S3_twin_shock,indonesia,USDC
612,0.7564477103367424,11398461.34126212,165,S3_twin_shock,indonesia,USDC
613,0.8051952026276424,11113499.807730567,165,S3_twin_shock,indonesia,USDC
614,0.7908049825619913,10835662.312537303,165,S3_twin_shock,indonesia,USDC
615,0.7917864978205065,10564770.754723871,165,S3_twin_shock,indonesia,USDC
616,0.7804353590083568,10300651.485855773,165,S3_twin_shock,indonesia,USDC
617,0.7853781339800914,10043135.19870938,165,S3_twin_shock,indonesia,USDC
618,0.7956778107686766,9792056.818741646,165,S3_twin_shock,indonesia,USDC
619,0.79840005247456,9547255.398273103,165,S3_twin_shock,indonesia,USDC
620,0.7944273254646449,9308574.013316277,165,S3_twin_shock,indonesia,USDC
621,0.775292682963244,9075859.66298337,165,S3_twin_shock,indonesia,USDC
622,0.769716516756594,8848963.171408786,165,S3_twin_shock,indonesia,USDC
623,0.7847547438796882,8627739.092123564,165,S3_twin_shock,indonesia,USDC
624,0.82504589905979,8412045.614820477,165,S3_twin_shock,indonesia,USDC
625,0.8187301761763972,8201744.474449965,165,S3_twin_shock,indonesia,USDC
626,0.826830942402897,7996700.862588716,165,S3_twin_shock,indonesia,USDC
627,0.8268689336324284,7796783.341023998,165,S3_twin_shock,indonesia,USDC
628,0.8096512922881502,7601863.757498398,165,S3_twin_shock,indonesia,USDC
629,0.804141241883204,7411817.163560938,165,S3_twin_shock,indonesia,USDC
630,0.7982296832750855,7226521.734471914,165,S3_twin_shock,indonesia,USDC
631,0.8114047219096074,7045858.691110116,165,S3_twin_shock,indonesia,USDC
632,0.8408734714491257,6869712.223832363,165,S3_twin_shock,indonesia,USDC
633,0.8431271988725784,6697969.418236554,165,S3_twin_shock,indonesia,USDC
634,0.83258437610513,6530520.18278064,165,S3_twin_shock,indonesia,USDC
635,0.8280046996826843,6367257.178211125,165,S3_twin_shock,indonesia,USDC
636,0.8334750998289147,6208075.748755846,165,S3_twin_shock,indonesia,USDC
637,0.8147806949552926,6052873.85503695,165,S3_twin_shock,indonesia,USDC
638,0.7877721655470566,5901552.008661026,165,S3_twin_shock,indonesia,USDC
639,0.7841707746458781,5754013.2084445,165,S3_twin_shock,indonesia,USDC
640,0.7632299766037174,5610162.878233388,165,S3_twin_shock,indonesia,USDC
641,0.7628074889065789,5469908.806277553,165,S3_twin_shock,indonesia,USDC
642,0.698695440285526,5333161.086120615,165,S3_twin_shock,indonesia,USDC
643,0.7054885409037731,5199832.0589676,165,S3_twin_shock,indonesia,USDC
644,0.7256847339487055,5069836.257493409,165,S3_twin_shock,indonesia,USDC
645,0.7281230170166915,4943090.351056074,165,S3_twin_shock,indonesia,USDC
646,0.7377446736521167,4819513.092279672,165,S3_twin_shock,indonesia,USDC
647,0.7469703286931046,4699025.26497268,165,S3_twin_shock,indonesia,USDC
648,0.7347049021857549,4581549.6333483625,165,S3_twin_shock,indonesia,USDC
649,0.7305346888251625,4467010.8925146535,165,S3_twin_shock,indonesia,USDC
650,0.760027356030974,4355335.620201787,165,S3_twin_shock,indonesia,USDC
651,0.7818573095624025,4246452.229696743,165,S3_twin_shock,indonesia,USDC
652,0.7682633351736013,4140290.923954324,165,S3_twin_shock,indonesia,USDC
653,0.7765848161478238,4036783.6508554663,165,S3_twin_shock,indonesia,USDC
654,0.790555385807864,3935864.0595840793,165,S3_twin_shock,indonesia,USDC
655,0.778977059139614,3837467.4580944777,165,S3_twin_shock,indonesia,USDC
656,0.777532166219489,3741530.7716421154,165,S3_twin_shock,indonesia,USDC
657,0.7763059051896811,3647992.502351063,165,S3_twin_shock,indonesia,USDC
658,0.7637888422110888,3556792.689792286,165,S3_twin_shock,indonesia,USDC
659,0.7966796527147499,3467872.872547479,165,S3_twin_shock,indonesia,USDC
660,0.8319205568401101,3381176.0507337917,165,S3_twin_shock,indonesia,USDC
661,0.8337854873288266,3296646.6494654473,165,S3_twin_shock,indonesia,USDC
662,0.830020158180383,3214230.483228811,165,S3_twin_shock,indonesia,USDC
663,0.8350515546657935,3133874.721148091,165,S3_twin_shock,indonesia,USDC
664,0.8117830046833361,3055527.853119389,165,S3_twin_shock,indonesia,USDC
665,0.8188137108240379,2979139.656791404,165,S3_twin_shock,indonesia,USDC
666,0.8274337476286578,2904661.165371619,165,S3_twin_shock,indonesia,USDC
667,0.8194609560988637,2832044.6362373284,165,S3_twin_shock,indonesia,USDC
668,0.8179722745652008,2761243.5203313953,165,S3_twin_shock,indonesia,USDC
669,0.7852331421629252,2692212.4323231103,165,S3_twin_shock,indonesia,USDC
670,0.788744765630382,2624907.121515033,165,S3_twin_shock,indonesia,USDC
671,0.7805702144648361,2559284.443477157,165,S3_twin_shock,indonesia,USDC
672,0.7725648250605351,2495302.3323902283,165,S3_twin_shock,indonesia,USDC
673,0.7822987604642984,2432919.7740804725,165,S3_twin_shock,indonesia,USDC
674,0.7713591175042059,2372096.77972846,165,S3_twin_shock,indonesia,USDC
675,0.7662282797100077,2312794.360235249,165,S3_twin_shock,indonesia,USDC
676,0.7618115345941029,2254974.5012293677,165,S3_twin_shock,indonesia,USDC
677,0.7396113543823137,2198600.1386986338,165,S3_twin_shock,indonesia,USDC
678,0.761112900552562,2143635.135231168,165,S3_twin_shock,indonesia,USDC
679,0.7979230403543672,2090044.2568503886,165,S3_twin_shock,indonesia,USDC
680,0.7858556029382556,2037793.1504291287,165,S3_twin_shock,indonesia,USDC
681,0.8180812415369325,1986848.3216684007,165,S3_twin_shock,indonesia,USDC
682,0.8192315187766397,1937177.1136266906,165,S3_twin_shock,indonesia,USDC
683,0.8292639260523633,1888747.6857860233,165,S3_twin_shock,indonesia,USDC
684,0.8154417523773427,1841528.9936413728,165,S3_twin_shock,indonesia,USDC
685,0.809294496379105,1795490.7688003383,165,S3_twin_shock,indonesia,USDC
686,0.7788127535425202,1750603.4995803297,165,S3_twin_shock,indonesia,USDC
687,0.7823229881571307,1706838.4120908217,165,S3_twin_shock,indonesia,USDC
688,0.7603641127288986,1664167.4517885512,165,S3_twin_shock,indonesia,USDC
689,0.7755086695440483,1622563.2654938377,165,S3_twin_shock,indonesia,USDC
690,0.7763813162063604,1581999.1838564915,165,S3_twin_shock,indonesia,USDC
691,0.7873090400018754,1542449.2042600792,165,S3_twin_shock,indonesia,USDC
692,0.7961113514861867,1503887.9741535774,165,S3_twin_shock,indonesia,USDC
693,0.7997191521176413,1466290.7747997378,165,S3_twin_shock,indonesia,USDC
694,0.8034294576202308,1429633.5054297443,165,S3_twin_shock,indonesia,USDC
695,0.8073749627094996,1393892.6677940008,165,S3_twin_shock,indonesia,USDC
696,0.8127517673552419,1359045.3510991507,165,S3_twin_shock,indonesia,USDC
697,0.8201808293077975,1325069.217321672,165,S3_twin_shock,indonesia,USDC
698,0.7897656921237566,1291942.4868886303,165,S3_twin_shock,indonesia,USDC
699,0.7925461261394887,1259643.9247164144,165,S3_twin_shock,indonesia,USDC
700,0.7947718760060866,1228152.826598504,165,S3_twin_shock,indonesia,USDC
701,0.788440133424755,1197449.0059335413,165,S3_twin_shock,indonesia,USDC
702,0.8183385205830046,1167512.7807852027,165,S3_twin_shock,indonesia,USDC
703,0.8062045149274514,1138324.9612655728,165,S3_twin_shock,indonesia,USDC
704,0.8013860245169678,1109866.8372339336,165,S3_twin_shock,indonesia,USDC
705,0.7256485260919583,1082120.1663030852,165,S3_twin_shock,indonesia,USDC
706,0.7424367276980791,1055067.162145508,165,S3_twin_shock,indonesia,USDC
707,0.7682297469004324,1028690.4830918703,165,S3_twin_shock,indonesia,USDC
708,0.7613818945435413,1002973.2210145737,165,S3_twin_shock,indonesia,USDC
709,0.7465478516834344,977898.8904892093,165,S3_twin_shock,indonesia,USDC
710,0.7449391727404402,953451.418226979,165,S3_twin_shock,indonesia,USDC
711,0.7432985571331142,929615.1327713046,165,S3_twin_shock,indonesia,USDC
712,0.7653062000947739,906374.754452022,165,S3_twin_shock,indonesia,USDC
713,0.7787539910813227,883715.3855907214,165,S3_twin_shock,indonesia,USDC
714,0.6697298031891071,861622.5009509535,165,S3_twin_shock,indonesia,USDC
715,0.6747653837251829,840081.9384271796,165,S3_twin_shock,indonesia,USDC
716,0.7055868489976778,819079.8899665001,165,S3_twin_shock,indonesia,USDC
717,0.7227616654838134,798602.8927173375,165,S3_twin_shock,indonesia,USDC
718,0.7408328083071537,778637.8203994042,165,S3_twin_shock,indonesia,USDC
719,0.7410233861010205,759171.8748894191,165,S3_twin_shock,indonesia,USDC
720,0.7553988586382507,740192.5780171836,165,S3_twin_shock,indonesia,USDC
721,0.7599864567718512,721687.7635667541,165,S3_twin_shock,indonesia,USDC
722,0.7449281903792453,703645.5694775851,165,S3_twin_shock,indonesia,USDC
723,0.7515150153697611,686054.4302406455,165,S3_twin_shock,indonesia,USDC
724,0.7542016207256824,668903.0694846293,165,S3_twin_shock,indonesia,USDC
725,0.7478517012551149,652180.4927475136,165,S3_twin_shock,indonesia,USDC
726,0.7479582675213737,635875.9804288258,165,S3_twin_shock,indonesia,USDC
727,0.764185782123383,619979.0809181051,165,S3_twin_shock,indonesia,USDC
728,0.7605109535472603,604479.6038951525,165,S3_twin_shock,indonesia,USDC
729,0.758248270653742,589367.6137977736,165,S3_twin_shock,indonesia,USDC
730,0.7594397609844475,574633.4234528294,165,S3_twin_shock,indonesia,USDC
731,0.7701247148804936,560267.5878665086,165,S3_twin_shock,indonesia,USDC
732,0.7790698586043642,546260.8981698459,165,S3_twin_shock,indonesia,USDC
733,0.8084285014465385,532604.3757155997,165,S3_twin_shock,indonesia,USDC
734,0.799965277842583,519289.26632270974,165,S3_twin_shock,indonesia,USDC
735,0.7916811532717154,506307.034664642,165,S3_twin_shock,indonesia,USDC
736,0.8200457059054234,493649.358798026,165,S3_twin_shock,indonesia,USDC
737,0.8141861832554123,481308.1248280753,165,S3_twin_shock,indonesia,USDC
738,0.812544571463453,469275.42170737346,165,S3_twin_shock,indonesia,USDC
739,0.7975224691182397,457543.5361646891,165,S3_twin_shock,indonesia,USDC
740,0.8054945975752362,446104.94776057196,165,S3_twin_shock,indonesia,USDC
741,0.8055026173641363,434952.3240665577,165,S3_twin_shock,indonesia,USDC
742,0.8189074826067114,424078.51596489374,165,S3_twin_shock,indonesia,USDC
743,0.7903802240678458,413476.55306577135,165,S3_twin_shock,indonesia,USDC
744,0.8031220296530569,403139.63923912705,165,S3_twin_shock,indonesia,USDC
745,0.8062337149005888,393061.1482581489,165,S3_twin_shock,indonesia,USDC
746,0.7834823045863166,383234.6195516952,165,S3_twin_shock,indonesia,USDC
747,0.7952066890255829,373653.7540629028,165,S3_twin_shock,indonesia,USDC
748,0.7916046833374378,364312.4102113303,165,S3_twin_shock,indonesia,USDC
749,0.8107530788074241,355204.599956047,165,S3_twin_shock,indonesia,USDC
750,0.8116028144905599,346324.4849571459,165,S3_twin_shock,indonesia,USDC
751,0.8201371156325759,337666.3728332172,165,S3_twin_shock,indonesia,USDC
752,0.8053572503671114,329224.7135123868,165,S3_twin_shock,indonesia,USDC
753,0.775001901895681,320994.0956745771,165,S3_twin_shock,indonesia,USDC
754,0.7780837943091736,312969.24328271265,165,S3_twin_shock,indonesia,USDC
755,0.7756348672219825,305145.0122006449,165,S3_twin_shock,indonesia,USDC
756,0.7782219272729154,297516.3868956287,165,S3_twin_shock,indonesia,USDC
757,0.7732860818099319,290078.477223238,165,S3_twin_shock,indonesia,USDC
758,0.7670629881167069,282826.5152926571,165,S3_twin_shock,indonesia,USDC
759,0.7500474379041041,275755.8524103406,165,S3_twin_shock,indonesia,USDC
760,0.7631380951527156,268861.95610008214,165,S3_twin_shock,indonesia,USDC
761,0.7755900154057629,262140.4071975801,165,S3_twin_shock,indonesia,USDC
762,0.7861971763842283,255586.8970176406,165,S3_twin_shock,indonesia,USDC
763,0.7922962281232229,249197.22459219955,165,S3_twin_shock,indonesia,USDC
764,0.7818616638289968,242967.29397739458,165,S3_twin_shock,indonesia,USDC
765,0.7965504918680961,236893.1116279597,165,S3_twin_shock,indonesia,USDC
766,0.7886370682190725,230970.78383726074,165,S3_twin_shock,indonesia,USDC
767,0.7721059426659798,225196.51424132922,165,S3_twin_shock,indonesia,USDC
768,0.7828080810159261,219566.601385296,165,S3_twin_shock,indonesia,USDC
769,0.7714597438769414,214077.43635066357,165,S3_twin_shock,indonesia,USDC
770,0.7736543585063144,208725.500441897,165,S3_twin_shock,indonesia,USDC
771,0.772014484545887,203507.36293084954,165,S3_twin_shock,indonesia,USDC
772,0.79270313072099,198419.6788575783,165,S3_twin_shock,indonesia,USDC
773,0.7790087752990741,193459.18688613886,165,S3_twin_shock,indonesia,USDC
774,0.7773939239340877,188622.70721398538,165,S3_twin_shock,indonesia,USDC
775,0.7924924271380918,183907.13953363575,165,S3_twin_shock,indonesia,USDC
776,0.8044746950505929,179309.46104529485,165,S3_twin_shock,indonesia,USDC
777,0.8082976227616625,174826.7245191625,165,S3_twin_shock,indonesia,USDC
778,0.8057876812406167,170456.05640618343,165,S3_twin_shock,indonesia,USDC
779,0.8307548596840653,166194.65499602884,165,S3_twin_shock,indonesia,USDC
780,0.8203221712267087,162039.78862112813,165,S3_twin_shock,indonesia,USDC
781,0.8112331124007665,157988.79390559992,165,S3_twin_shock,indonesia,USDC
782,0.7945066623113635,154039.07405795995,165,S3_twin_shock,indonesia,USDC
783,0.7859489116163072,150188.09720651095,165,S3_twin_shock,indonesia,USDC
784,0.802103495732257,146433.3947763482,165,S3_twin_shock,indonesia,USDC
785,0.8093353766605764,142772.55990693948,165,S3_twin_shock,indonesia,USDC
786,0.791748870414093,139203.245909266,165,S3_twin_shock,indonesia,USDC
787,0.7749662000086628,135723.16476153434,165,S3_twin_shock,indonesia,USDC
788,0.7744729894691109,132330.08564249598,165,S3_twin_shock,indonesia,USDC
789,0.8004428348345695,129021.83350143358,165,S3_twin_shock,indonesia,USDC
790,0.7977579794994943,125796.28766389773,165,S3_twin_shock,indonesia,USDC
791,0.797001490626811,122651.38047230028,165,S3_twin_shock,indonesia,USDC
792,0.8069837126360287,119585.09596049278,165,S3_twin_shock,indonesia,USDC
793,0.7889272921961017,116595.46856148045,165,S3_twin_shock,indonesia,USDC
794,0.7737244324009162,113680.58184744345,165,S3_twin_shock,indonesia,USDC
795,0.7740138093601001,110838.56730125737,165,S3_twin_shock,indonesia,USDC
796,0.7853521470326111,108067.60311872594,165,S3_twin_shock,indonesia,USDC
797,0.8026299380083228,105365.91304075779,165,S3_twin_shock,indonesia,USDC
798,0.807182273646667,102731.76521473884,165,S3_twin_shock,indonesia,USDC
799,0.8099936561533961,100163.47108437037,165,S3_twin_shock,indonesia,USDC
800,0.8353419099762809,97659.3843072611,165,S3_twin_shock,indonesia,USDC
801,0.8490802441147854,95217.89969957959,165,S3_twin_shock,indonesia,USDC
802,0.8563258538794679,92837.4522070901,165,S3_twin_shock,indonesia,USDC
803,0.8641437286902333,90516.51590191285,165,S3_twin_shock,indonesia,USDC
804,0.8145011212646659,88253.60300436502,165,S3_twin_shock,indonesia,USDC
805,0.8038601348666332,86047.2629292559,165,S3_twin_shock,indonesia,USDC
806,0.7929823775612339,83896.0813560245,165,S3_twin_shock,indonesia,USDC
807,0.7959164318518184,81798.67932212389,165,S3_twin_shock,indonesia,USDC
808,0.8125706830554056,79753.71233907079,165,S3_twin_shock,indonesia,USDC
809,0.8253342187177198,77759.86953059402,165,S3_twin_shock,indonesia,USDC
810,0.8322447371420701,75815.87279232917,165,S3_twin_shock,indonesia,USDC
811,0.8392131517991256,73920.47597252094,165,S3_twin_shock,indonesia,USDC
812,0.8177119282955548,72072.46407320793,165,S3_twin_shock,indonesia,USDC
813,0.8404193604615784,70270.65247137772,165,S3_twin_shock,indonesia,USDC
814,0.8334580137992855,68513.88615959328,165,S3_twin_shock,indonesia,USDC
815,0.8206592736815503,66801.03900560345,165,S3_twin_shock,indonesia,USDC
816,0.8148441214534313,65131.01303046337,165,S3_twin_shock,indonesia,USDC
817,0.6784847580107285,63502.73770470178,165,S3_twin_shock,indonesia,USDC
818,0.6955060108358618,61915.16926208424,165,S3_twin_shock,indonesia,USDC
819,0.7045540472273618,60367.29003053214,165,S3_twin_shock,indonesia,USDC
820,0.6996686624967626,58858.107779768834,165,S3_twin_shock,indonesia,USDC
821,0.6899066437772348,57386.655085274615,165,S3_twin_shock,indonesia,USDC
822,0.7205827911858673,55951.988708142744,165,S3_twin_shock,indonesia,USDC
823,0.7016472207226,54553.18899043918,165,S3_twin_shock,indonesia,USDC
824,0.6889398250066991,53189.3592656782,165,S3_twin_shock,indonesia,USDC
825,0.701266040260651,51859.62528403624,165,S3_twin_shock,indonesia,USDC
826,0.724068197701075,50563.13465193534,165,S3_twin_shock,indonesia,USDC
827,0.7512046578363586,49299.05628563696,165,S3_twin_shock,indonesia,USDC
828,0.7589138211813067,48066.579878496035,165,S3_twin_shock,indonesia,USDC
829,0.766419032926251,46864.91538153363,165,S3_twin_shock,indonesia,USDC
830,0.7786059626909129,45693.29249699529,165,S3_twin_shock,indonesia,USDC
831,0.7715288223984312,44550.96018457041,165,S3_twin_shock,indonesia,USDC
832,0.7823039054350724,43437.186179956145,165,S3_twin_shock,indonesia,USDC
833,0.7924275290929023,42351.25652545724,165,S3_twin_shock,indonesia,USDC
834,0.8227913442772415,41292.47511232081,165,S3_twin_shock,indonesia,USDC
835,0.8047827053908146,40260.16323451279,165,S3_twin_shock,indonesia,USDC
836,0.7699681297639339,39253.65915364997,165,S3_twin_shock,indonesia,USDC
837,0.7570899196474916,38272.31767480872,165,S3_twin_shock,indonesia,USDC
838,0.7629016149438682,37315.5097329385,165,S3_twin_shock,indonesia,USDC
839,0.7452745697224472,36382.62198961504,165,S3_twin_shock,indonesia,USDC
840,0.766901448951829,35473.056439874665,165,S3_twin_shock,indonesia,USDC
841,0.7809664736601243,34586.23002887779,165,S3_twin_shock,indonesia,USDC
842,0.7860010160388073,33721.57427815585,165,S3_twin_shock,indonesia,USDC
843,0.7748743013773246,32878.53492120195,165,S3_twin_shock,indonesia,USDC
844,0.7701030603005846,32056.571548171905,165,S3_twin_shock,indonesia,USDC
845,0.7786492289548459,31255.157259467607,165,S3_twin_shock,indonesia,USDC
846,0.767662613927694,30473.778327980915,165,S3_twin_shock,indonesia,USDC
847,0.7893237115849739,29711.933869781395,165,S3_twin_shock,indonesia,USDC
848,0.7896608184857105,28969.13552303686,165,S3_twin_shock,indonesia,USDC
849,0.7997651063122067,28244.907134960937,165,S3_twin_shock,indonesia,USDC
850,0.804548621062187,27538.784456586913,165,S3_twin_shock,indonesia,USDC
851,0.7989007936288609,26850.314845172245,165,S3_twin_shock,indonesia,USDC
852,0.8170836145173769,26179.056974042935,165,S3_twin_shock,indonesia,USDC
853,0.8002648602865956,25524.580549691862,165,S3_twin_shock,indonesia,USDC
854,0.7673192973232759,24886.466035949565,165,S3_twin_shock,indonesia,USDC
855,0.7521142578424675,24264.304385050826,165,S3_twin_shock,indonesia,USDC
856,0.7326709991528333,23657.696775424556,165,S3_twin_shock,indonesia,USDC
857,0.7365254395016771,23066.25435603894,165,S3_twin_shock,indonesia,USDC
858,0.7373890270045039,22489.597997137967,165,S3_twin_shock,indonesia,USDC
859,0.7536238473662615,21927.358047209516,165,S3_twin_shock,indonesia,USDC
860,0.7693394786915977,21379.174096029277,165,S3_twin_shock,indonesia,USDC
861,0.7682809862370482,20844.694743628548,165,S3_twin_shock,indonesia,USDC
862,0.7658479233827695,20323.577375037836,165,S3_twin_shock,indonesia,USDC
863,0.7614647391892726,19815.487940661886,165,S3_twin_shock,indonesia,USDC
864,0.7652085021778494,19320.10074214534,165,S3_twin_shock,indonesia,USDC
865,0.7875705298622165,18837.098223591707,165,S3_twin_shock,indonesia,USDC
866,0.7829117534135146,18366.170768001914,165,S3_twin_shock,indonesia,USDC
867,0.7753267869131905,17907.016498801866,165,S3_twin_shock,indonesia,USDC
868,0.7755408119456758,17459.34108633182,165,S3_twin_shock,indonesia,USDC
869,0.7979900408935418,17022.857559173528,165,S3_twin_shock,indonesia,USDC
870,0.7594723200885476,16597.28612019419,165,S3_twin_shock,indonesia,USDC
871,0.7469628655714964,16182.353967189334,165,S3_twin_shock,indonesia,USDC
872,0.7902323281232557,15777.795118009599,165,S3_twin_shock,indonesia,USDC
873,0.7879500256829174,15383.35024005936,165,S3_twin_shock,indonesia,USDC
874,0.7685024779288268,14998.766484057876,165,S3_twin_shock,indonesia,USDC
875,0.7639632111538497,14623.79732195643,165,S3_twin_shock,indonesia,USDC
876,0.7855945352157258,14258.202388907519,165,S3_twin_shock,indonesia,USDC
877,0.7174098285704049,13901.747329184831,165,S3_twin_shock,indonesia,USDC
878,0.7239898130836252,13554.203645955211,165,S3_twin_shock,indonesia,USDC
879,0.7358601761857382,13215.348554806329,165,S3_twin_shock,indonesia,USDC
880,0.7540522637480503,12884.964840936173,165,S3_twin_shock,indonesia,USDC
881,0.7504077277693244,12562.840719912767,165,S3_twin_shock,indonesia,USDC
882,0.7538711680538464,12248.76970191495,165,S3_twin_shock,indonesia,USDC
883,0.7341109637022755,11942.550459367074,165,S3_twin_shock,indonesia,USDC
884,0.7656294152107372,11643.986697882898,165,S3_twin_shock,indonesia,USDC
885,0.7559891013169983,11352.887030435824,165,S3_twin_shock,indonesia,USDC
886,0.7769089824027228,11069.064854674929,165,S3_twin_shock,indonesia,USDC
887,0.7856987779491684,10792.338233308055,165,S3_twin_shock,indonesia,USDC
888,0.7776240056880007,10522.529777475354,165,S3_twin_shock,indonesia,USDC
889,0.7876186751023524,10259.46653303847,165,S3_twin_shock,indonesia,USDC
890,0.7780358028268307,10002.979869712508,165,S3_twin_shock,indonesia,USDC
891,0.7977752991445428,9752.905372969697,165,S3_twin_shock,indonesia,USDC
892,0.7864259103486703,9509.082738645455,165,S3_twin_shock,indonesia,USDC
893,0.7828161617649012,9271.355670179319,165,S3_twin_shock,indonesia,USDC
894,0.7840247109700789,9039.571778424835,165,S3_twin_shock,indonesia,USDC
895,0.7968245227715347,8813.582483964214,165,S3_twin_shock,indonesia,USDC
896,0.7869877728086921,8593.242921865109,165,S3_twin_shock,indonesia,USDC
897,0.7997014991925571,8378.411848818481,165,S3_twin_shock,indonesia,USDC
898,0.7828982253709205,8168.95155259802,165,S3_twin_shock,indonesia,USDC
899,0.7911904539804905,7964.727763783068,165,S3_twin_shock,indonesia,USDC
900,0.8002935602397614,7765.609569688492,165,S3_twin_shock,indonesia,USDC
901,0.7933918846315731,7571.46933044628,165,S3_twin_shock,indonesia,USDC
902,0.7917519780637383,7382.182597185123,165,S3_twin_shock,indonesia,USDC
903,0.8077626514822732,7197.628032255495,165,S3_twin_shock,indonesia,USDC
904,0.7846932653861015,7017.687331449108,165,S3_twin_shock,indonesia,USDC
905,0.800497502643922,6842.24514816288,165,S3_twin_shock,indonesia,USDC
906,0.7934034067738732,6671.189019458808,165,S3_twin_shock,indonesia,USDC
907,0.8018868101742302,6504.409293972337,165,S3_twin_shock,indonesia,USDC
908,0.77793613724427,6341.799061623029,165,S3_twin_shock,indonesia,USDC
909,0.7901214743160015,6183.2540850824535,165,S3_twin_shock,indonesia,USDC
910,0.7980737629151586,6028.672732955392,165,S3_twin_shock,indonesia,USDC
911,0.7865366681976453,5877.955914631508,165,S3_twin_shock,indonesia,USDC
912,0.7728109326321076,5731.0070167657195,165,S3_twin_shock,indonesia,USDC
913,0.7526277341864684,5587.731841346576,165,S3_twin_shock,indonesia,USDC
914,0.7638009519404205,5448.038545312912,165,S3_twin_shock,indonesia,USDC
915,0.7397854786025154,5311.837581680089,165,S3_twin_shock,indonesia,USDC
916,0.7451556610609483,5179.041642138087,165,S3_twin_shock,indonesia,USDC
917,0.7678676114484893,5049.565601084635,165,S3_twin_shock,indonesia,USDC
918,0.760824655303477,4923.326461057519,165,S3_twin_shock,indonesia,USDC
919,0.7748561786796576,4800.243299531081,165,S3_twin_shock,indonesia,USDC
920,0.7864921078597926,4680.237217042804,165,S3_twin_shock,indonesia,USDC
921,0.7880804125378476,4563.231286616734,165,S3_twin_shock,indonesia,USDC
922,0.7992107755092551,4449.150504451316,165,S3_twin_shock,indonesia,USDC
923,0.8071453852022943,4337.921741840032,165,S3_twin_shock,indonesia,USDC
924,0.8139982308122824,4229.473698294032,165,S3_twin_shock,indonesia,USDC
925,0.8341083338084896,4123.736855836681,165,S3_twin_shock,indonesia,USDC
926,0.8317500490697345,4020.6434344407644,165,S3_twin_shock,indonesia,USDC
927,0.8196388657285604,3920.127348579745,165,S3_twin_shock,indonesia,USDC
928,0.7976811259164778,3822.1241648652513,165,S3_twin_shock,indonesia,USDC
929,0.8172980455634076,3726.57106074362,165,S3_twin_shock,indonesia,USDC
930,0.8237988658303477,3633.4067842250297,165,S3_twin_shock,indonesia,USDC
931,0.8103485333947191,3542.571614619404,165,S3_twin_shock,indonesia,USDC
932,0.7920271179697559,3454.007324253919,165,S3_twin_shock,indonesia,USDC
933,0.7820948542357711,3367.657141147571,165,S3_twin_shock,indonesia,USDC
934,0.7942846350651045,3283.4657126188818,165,S3_twin_shock,indonesia,USDC
935,0.8113869295801159,3201.3790698034095,165,S3_twin_shock,indonesia,USDC
936,0.8516974029630946,3121.344593058324,165,S3_twin_shock,indonesia,USDC
937,0.826033319016826,3043.310978231866,165,S3_twin_shock,indonesia,USDC
938,0.8180351880242135,2967.2282037760697,165,S3_twin_shock,indonesia,USDC
939,0.809764582350678,2893.047498681668,165,S3_twin_shock,indonesia,USDC
940,0.8231991998295608,2820.7213112146264,165,S3_twin_shock,indonesia,USDC
941,0.8222039167914205,2750.203278434261,165,S3_twin_shock,indonesia,USDC
942,0.8132929270589533,2681.448196473404,165,S3_twin_shock,indonesia,USDC
943,0.8052652294286264,2614.4119915615693,165,S3_twin_shock,indonesia,USDC
944,0.7914284456808476,2549.05169177253,165,S3_twin_shock,indonesia,USDC
945,0.8037430929595355,2485.3253994782162,165,S3_twin_shock,indonesia,USDC
946,0.8090543540881275,2423.192264491261,165,S3_twin_shock,indonesia,USDC
947,0.8119641467508694,2362.6124578789795,165,S3_twin_shock,indonesia,USDC
948,0.8213295436388779,2303.5471464320053,165,S3_twin_shock,indonesia,USDC
949,0.8166455472501912,2245.9584677712046,165,S3_twin_shock,indonesia,USDC
950,0.8326006508936916,2189.8095060769247,165,S3_twin_shock,indonesia,USDC
951,0.8358256526803414,2135.0642684250015,165,S3_twin_shock,indonesia,USDC
952,0.8226411655958581,2081.6876617143766,165,S3_twin_shock,indonesia,USDC
953,0.8144202965284282,2029.645470171517,165,S3_twin_shock,indonesia,USDC
954,0.8060319617757974,1978.9043334172288,165,S3_twin_shock,indonesia,USDC
955,0.823150649388183,1929.431725081798,165,S3_twin_shock,indonesia,USDC
956,0.8245051601414704,1881.1959319547532,165,S3_twin_shock,indonesia,USDC
957,0.8239664955017454,1834.1660336558846,165,S3_twin_shock,indonesia,USDC
958,0.8424448320152701,1788.3118828144875,165,S3_twin_shock,indonesia,USDC
959,0.8427508231885422,1743.6040857441253,165,S3_twin_shock,indonesia,USDC
960,0.8416748892728836,1700.013983600522,165,S3_twin_shock,indonesia,USDC
961,0.8494123639254114,1657.513634010509,165,S3_twin_shock,indonesia,USDC
962,0.8496143860703007,1616.0757931602461,165,S3_twin_shock,indonesia,USDC
963,0.8895320643443939,1575.67389833124,165,S3_twin_shock,indonesia,USDC
964,0.8784343542773002,1536.2820508729592,165,S3_twin_shock,indonesia,USDC
965,0.8577066284836061,1497.8749996011352,165,S3_twin_shock,indonesia,USDC
966,0.8629325718158818,1460.4281246111068,165,S3_twin_shock,indonesia,USDC
967,0.8871761553455939,1423.917421495829,165,S3_twin_shock,indonesia,USDC
968,0.8710433845032318,1388.3194859584332,165,S3_twin_shock,indonesia,USDC
969,0.8484454344963187,1353.6114988094723,165,S3_twin_shock,indonesia,USDC
970,0.8381467487565797,1319.7712113392358,165,S3_twin_shock,indonesia,USDC
971,0.8285698569902031,1286.7769310557549,165,S3_twin_shock,indonesia,USDC
972,0.8200059213201595,1254.607507779361,165,S3_twin_shock,indonesia,USDC
973,0.8245141719348442,1223.2423200848768,165,S3_twin_shock,indonesia,USDC
974,0.8066009877077154,1192.661262082755,165,S3_twin_shock,indonesia,USDC
975,0.7976972914517686,1162.8447305306863,165,S3_twin_shock,indonesia,USDC
976,0.7823340882549698,1133.773612267419,165,S3_twin_shock,indonesia,USDC
977,0.8070227472513104,1105.4292719607336,165,S3_twin_shock,indonesia,USDC
978,0.7832365029901777,1077.793540161715,165,S3_twin_shock,indonesia,USDC
979,0.7792041611699252,1050.8487016576723,165,S3_twin_shock,indonesia,USDC
980,0.7725891728741096,1024.5774841162306,165,S3_twin_shock,indonesia,USDC
981,0.7747811595882267,998.9630470133247,165,S3_twin_shock,indonesia,USDC
982,0.7626002032759934,973.9889708379916,165,S3_twin_shock,indonesia,USDC
983,0.7863385734562985,949.6392465670418,165,S3_twin_shock,indonesia,USDC
984,0.7974820347458966,925.8982654028657,165,S3_twin_shock,indonesia,USDC
985,0.8230626272390329,902.7508087677941,165,S3_twin_shock,indonesia,USDC
986,0.8198533172542563,880.1820385485992,165,S3_twin_shock,indonesia,USDC
987,0.8292585182443318,858.1774875848843,165,S3_twin_shock,indonesia,USDC
988,0.8277702405680735,836.7230503952621,165,S3_twin_shock,indonesia,USDC
989,0.8229952748463533,815.8049741353805,165,S3_twin_shock,indonesia,USDC
990,0.7997761902609378,795.409849781996,165,S3_twin_shock,indonesia,USDC
991,0.809293537377835,775.5246035374461,165,S3_twin_shock,indonesia,USDC
992,0.8036165554124602,756.1364884490099,165,S3_twin_shock,indonesia,USDC
993,0.7812903280409318,737.2330762377846,165,S3_twin_shock,indonesia,USDC
994,0.8007418747915488,718.80224933184,165,S3_twin_shock,indonesia,USDC
995,0.7857455703569574,700.832193098544,165,S3_twin_shock,indonesia,USDC
996,0.7885029615042898,683.3113882710804,165,S3_twin_shock,indonesia,USDC
997,0.7898573589495085,666.2286035643034,165,S3_twin_shock,indonesia,USDC
998,0.7924365082882351,649.5728884751958,165,S3_twin_shock,indonesia,USDC
999,0.8010417079940182,633.3335662633159,165,S3_twin_shock,indonesia,USDC
1000,0.7932431001808946,617.5002271067331,165,S3_twin_shock,indonesia,USDC
