Step,price,liquidity,iteration,scenario,region,coin
1,0.9375996722406469,2989545369110.879,204,S3_twin_shock,indonesia,USDC
2,0.9189118140959378,2987541225125.764,204,S3_twin_shock,indonesia,USDC
3,0.9385884416595728,2984528348299.059,204,S3_twin_shock,indonesia,USDC
4,0.9294769516661749,2982763383150.177,204,S3_twin_shock,indonesia,USDC
5,0.9346307463978101,2980593618592.9326,204,S3_twin_shock,indonesia,USDC
6,0.9510125136504097,2978781474504.0903,204,S3_twin_shock,indonesia,USDC
7,0.9465691486781093,2977854441609.4707,204,S3_twin_shock,indonesia,USDC
8,0.9831430002953863,2976727803507.541,204,S3_twin_shock,indonesia,USDC
9,0.9824368961686575,2976727803507.541,204,S3_twin_shock,indonesia,USDC
10,0.9699234052515526,2976727803507.541,204,S3_twin_shock,indonesia,USDC
11,0.9493664799131776,2976725319816.5938,204,S3_twin_shock,indonesia,USDC
12,0.9654586661541467,2975734679462.929,204,S3_twin_shock,indonesia,USDC
13,0.9525006564832713,2975536174101.137,204,S3_twin_shock,indonesia,USDC
14,0.9548037543443484,2974731189193.424,204,S3_twin_shock,indonesia,USDC
15,0.9982735531122996,2974046951916.1357,204,S3_twin_shock,indonesia,USDC
16,0.9826435124066345,2974046951916.1357,204,S3_twin_shock,indonesia,USDC
17,1.0116993573079736,2974046951916.1357,204,S3_twin_shock,indonesia,USDC
18,1.0164839331830253,2974046951916.1357,204,S3_twin_shock,indonesia,USDC
19,1.021112019831593,2974046951916.1357,204,S3_twin_shock,indonesia,USDC
20,1.043891308568163,2974046951916.1357,204,S3_twin_shock,indonesia,USDC
21,1.0465835244978923,2974046951916.1357,204,S3_twin_shock,indonesia,USDC
22,1.055240748167006,2974046951916.1357,204,S3_twin_shock,indonesia,USDC
23,1.069383587468924,2974046951916.1357,204,S3_twin_shock,indonesia,USDC
24,1.0636858286767332,2974046951916.1357,204,S3_twin_shock,indonesia,USDC
25,1.0580945250253075,2974046951916.1357,204,S3_twin_shock,indonesia,USDC
26,1.0483789444583111,2974046951916.1357,204,S3_twin_shock,indonesia,USDC
27,1.0563549728606658,2974046951916.1357,204,S3_twin_shock,indonesia,USDC
28,1.050298849086822,2974046951916.1357,204,S3_twin_shock,indonesia,USDC
29,1.0405896636218703,2974046951916.1357,204,S3_twin_shock,indonesia,USDC
30,1.0341147325520852,2974046951916.1357,204,S3_twin_shock,indonesia,USDC
31,1.0504157277365114,2974046951916.1357,204,S3_twin_shock,indonesia,USDC
32,1.0474353670784815,2974046951916.1357,204,S3_twin_shock,indonesia,USDC
33,1.0276507458329318,2974046951916.1357,204,S3_twin_shock,indonesia,USDC
34,1.018110129048105,2974046951916.1357,204,S3_twin_shock,indonesia,USDC
35,1.026153953639344,2974046951916.1357,204,S3_twin_shock,indonesia,USDC
36,1.003689144278667,2974046951916.1357,204,S3_twin_shock,indonesia,USDC
37,1.0327286038712074,2974046951916.1357,204,S3_twin_shock,indonesia,USDC
38,1.017403164585692,2974046951916.1357,204,S3_twin_shock,indonesia,USDC
39,1.0232181792299129,2974046951916.1357,204,S3_twin_shock,indonesia,USDC
40,1.009873366792776,2974046951916.1357,204,S3_twin_shock,indonesia,USDC
41,0.9754485907186617,2974046951916.1357,204,S3_twin_shock,indonesia,USDC
42,0.9668288426228735,2974046951916.1357,204,S3_twin_shock,indonesia,USDC
43,0.9904922602618265,2973938460009.6104,204,S3_twin_shock,indonesia,USDC
44,1.0054419545296323,2973938460009.6104,204,S3_twin_shock,indonesia,USDC
45,1.0171225188332518,2973938460009.6104,204,S3_twin_shock,indonesia,USDC
46,1.0395446971160462,2973938460009.6104,204,S3_twin_shock,indonesia,USDC
47,1.016085909772074,2973938460009.6104,204,S3_twin_shock,indonesia,USDC
48,0.9971204701984185,2973938460009.6104,204,S3_twin_shock,indonesia,USDC
49,0.992084226141747,2973938460009.6104,204,S3_twin_shock,indonesia,USDC
50,0.9785533879650624,2973938460009.6104,204,S3_twin_shock,indonesia,USDC
51,0.9916782399676755,2973938460009.6104,204,S3_twin_shock,indonesia,USDC
52,1.008321029890936,2973938460009.6104,204,S3_twin_shock,indonesia,USDC
53,1.0441356504765718,2973938460009.6104,204,S3_twin_shock,indonesia,USDC
54,1.0416314269454154,2973938460009.6104,204,S3_twin_shock,indonesia,USDC
55,1.043206040206118,2973938460009.6104,204,S3_twin_shock,indonesia,USDC
56,1.0259330137468836,2973938460009.6104,204,S3_twin_shock,indonesia,USDC
57,1.0128004315569292,2973938460009.6104,204,S3_twin_shock,indonesia,USDC
58,0.9954263377527856,2973938460009.6104,204,S3_twin_shock,indonesia,USDC
59,1.009557685288773,2973938460009.6104,204,S3_twin_shock,indonesia,USDC
60,0.996554132655958,2973938460009.6104,204,S3_twin_shock,indonesia,USDC
61,1.0214671201436873,2973938460009.6104,204,S3_twin_shock,indonesia,USDC
62,1.059426176208164,2973938460009.6104,204,S3_twin_shock,indonesia,USDC
63,1.0677461226890976,2973938460009.6104,204,S3_twin_shock,indonesia,USDC
64,1.0500680799745674,2973938460009.6104,204,S3_twin_shock,indonesia,USDC
65,1.0648301950481993,2973938460009.6104,204,S3_twin_shock,indonesia,USDC
66,1.0860589355860952,2973938460009.6104,204,S3_twin_shock,indonesia,USDC
67,1.0555683441294796,2973938460009.6104,204,S3_twin_shock,indonesia,USDC
68,1.0693928999957656,2973938460009.6104,204,S3_twin_shock,indonesia,USDC
69,1.0634727870757037,2973938460009.6104,204,S3_twin_shock,indonesia,USDC
70,1.0244188250898345,2973938460009.6104,204,S3_twin_shock,indonesia,USDC
71,0.9850424844998769,2973938460009.6104,204,S3_twin_shock,indonesia,USDC
72,0.9681556049136825,2973938460009.6104,204,S3_twin_shock,indonesia,USDC
73,0.9883491820767345,2973887673815.5527,204,S3_twin_shock,indonesia,USDC
74,1.009483421081306,2973887673815.5527,204,S3_twin_shock,indonesia,USDC
75,1.0001513089067349,2973887673815.5527,204,S3_twin_shock,indonesia,USDC
76,0.9823819867845764,2973887673815.5527,204,S3_twin_shock,indonesia,USDC
77,0.9916175032058199,2973887673815.5527,204,S3_twin_shock,indonesia,USDC
78,0.9873543703662171,2973887673815.5527,204,S3_twin_shock,indonesia,USDC
79,0.992392259938232,2973887673815.5527,204,S3_twin_shock,indonesia,USDC
80,1.0019378877831422,2973887673815.5527,204,S3_twin_shock,indonesia,USDC
81,1.0048264301328336,2973887673815.5527,204,S3_twin_shock,indonesia,USDC
82,1.0092696944993955,2973887673815.5527,204,S3_twin_shock,indonesia,USDC
83,0.9985605841019705,2973887673815.5527,204,S3_twin_shock,indonesia,USDC
84,1.0168431444315615,2973887673815.5527,204,S3_twin_shock,indonesia,USDC
85,1.0453753707194071,2973887673815.5527,204,S3_twin_shock,indonesia,USDC
86,0.900945718615266,2973887673815.5527,204,S3_twin_shock,indonesia,USDC
87,0.8862438304991198,2970785246268.127,204,S3_twin_shock,indonesia,USDC
88,0.9157549128564896,2967406966083.7656,204,S3_twin_shock,indonesia,USDC
89,0.9143432580512982,2965289640694.914,204,S3_twin_shock,indonesia,USDC
90,0.9151203264804182,2963238702860.175,204,S3_twin_shock,indonesia,USDC
91,0.9155344693178408,2961417586565.9585,204,S3_twin_shock,indonesia,USDC
92,0.9157062432011717,2959711590990.7495,204,S3_twin_shock,indonesia,USDC
93,0.9238461768706746,2958023098707.9814,204,S3_twin_shock,indonesia,USDC
94,0.9448726942295754,2956777893262.4507,204,S3_twin_shock,indonesia,USDC
95,0.9427026964535034,2956124093165.1787,204,S3_twin_shock,indonesia,USDC
96,0.9344931123559528,2955428404067.1104,204,S3_twin_shock,indonesia,USDC
97,0.9317055334248915,2954539216858.207,204,S3_twin_shock,indonesia,USDC
98,0.9294524658301746,2953611027129.33,204,S3_twin_shock,indonesia,USDC
99,0.935112744067672,2952663416756.1426,204,S3_twin_shock,indonesia,USDC
100,0.9404360251914763,2951857796478.4175,204,S3_twin_shock,indonesia,USDC
101,0.8020979686407524,2951200479374.122,204,S3_twin_shock,indonesia,USDC
102,0.8575404109318115,2947599552098.377,204,S3_twin_shock,indonesia,USDC
103,0.8533645243762482,2945638968154.802,204,S3_twin_shock,indonesia,USDC
104,0.8620295750420512,2943743942308.736,204,S3_twin_shock,indonesia,USDC
105,0.8854190933434283,2942264481666.3916,204,S3_twin_shock,indonesia,USDC
106,0.9106524306271349,2941205361909.0947,204,S3_twin_shock,indonesia,USDC
107,0.9349417202031626,2940545668475.3755,204,S3_twin_shock,indonesia,USDC
108,0.9248680504187677,2940148089534.17,204,S3_twin_shock,indonesia,USDC
109,0.9165367529385287,2939695830471.536,204,S3_twin_shock,indonesia,USDC
110,0.9358994630053918,2939150884338.743,204,S3_twin_shock,indonesia,USDC
111,0.9256259127607592,2938823781281.7812,204,S3_twin_shock,indonesia,USDC
112,0.8947350215678244,2938423050393.8877,204,S3_twin_shock,indonesia,USDC
113,0.8911955325636884,2937782377152.801,204,S3_twin_shock,indonesia,USDC
114,0.9132685479207844,2937159385535.947,204,S3_twin_shock,indonesia,USDC
115,0.9394923326368935,2936748111852.5303,204,S3_twin_shock,indonesia,USDC
116,0.9567992192184354,2936536525565.646,204,S3_twin_shock,indonesia,USDC
117,0.9680106566735661,2936441382551.451,204,S3_twin_shock,indonesia,USDC
118,0.9533956908679218,2936431033278.3833,204,S3_twin_shock,indonesia,USDC
119,0.980986802604161,2936329706870.8115,204,S3_twin_shock,indonesia,USDC
120,0.9780739201906633,2936329706870.8115,204,S3_twin_shock,indonesia,USDC
121,0.9886850616353601,2862921464199.041,204,S3_twin_shock,indonesia,USDC
122,0.9679771412449293,2791348427594.065,204,S3_twin_shock,indonesia,USDC
123,0.9387372952322771,2721561841093.9253,204,S3_twin_shock,indonesia,USDC
124,0.9078354755178296,2653316636717.9556,204,S3_twin_shock,indonesia,USDC
125,0.886804954363742,2586593486421.1143,204,S3_twin_shock,indonesia,USDC
126,0.8623077828867743,2521424424486.6455,204,S3_twin_shock,indonesia,USDC
127,0.8688771948941449,2457816056648.6,204,S3_twin_shock,indonesia,USDC
128,0.8205456069372623,2395878131265.0225,204,S3_twin_shock,indonesia,USDC
129,0.8226668332604351,2335337286053.7627,204,S3_twin_shock,indonesia,USDC
130,0.820656649158618,2276376359093.71,204,S3_twin_shock,indonesia,USDC
131,0.7813869365267165,2219000297993.871,204,S3_twin_shock,indonesia,USDC
132,0.7941106056703291,2162989023558.3008,204,S3_twin_shock,indonesia,USDC
133,0.8007768349259421,2108511447978.87,204,S3_twin_shock,indonesia,USDC
134,0.7845945852797644,2055481359801.0488,204,S3_twin_shock,indonesia,USDC
135,0.7798091332026642,2003824001946.2163,204,S3_twin_shock,indonesia,USDC
136,0.7994453992676376,1953491695443.4976,204,S3_twin_shock,indonesia,USDC
137,0.7916007541759131,1904489827155.9429,204,S3_twin_shock,indonesia,USDC
138,0.7823745684469896,1856724950663.324,204,S3_twin_shock,indonesia,USDC
139,0.7978910225888184,1810183423037.0862,204,S3_twin_shock,indonesia,USDC
140,0.7934800518523146,1764830565700.1455,204,S3_twin_shock,indonesia,USDC
141,0.7875909307206971,1720631744483.0747,204,S3_twin_shock,indonesia,USDC
142,0.7886086439334958,1677546357933.4639,204,S3_twin_shock,indonesia,USDC
143,0.7714621223278745,1635553470228.883,204,S3_twin_shock,indonesia,USDC
144,0.7571324741539092,1594614704298.3457,204,S3_twin_shock,indonesia,USDC
145,0.7557452377599322,1554705455420.6516,204,S3_twin_shock,indonesia,USDC
146,0.7573919952215107,1515803826112.3286,204,S3_twin_shock,indonesia,USDC
147,0.782959797582119,1477882709249.836,204,S3_twin_shock,indonesia,USDC
148,0.7755989375688231,1440917121400.143,204,S3_twin_shock,indonesia,USDC
149,0.7967079657616264,1404878828655.4568,204,S3_twin_shock,indonesia,USDC
150,0.7721184409696401,1369745067618.589,204,S3_twin_shock,indonesia,USDC
151,0.7769624658467273,1335491019574.85,204,S3_twin_shock,indonesia,USDC
152,0.8084001558353112,1302095030630.2822,204,S3_twin_shock,indonesia,USDC
153,0.8046387188732538,1269537044331.384,204,S3_twin_shock,indonesia,USDC
154,0.8144542336378953,1237793695757.3262,204,S3_twin_shock,indonesia,USDC
155,0.8159358046721993,1206845153216.6472,204,S3_twin_shock,indonesia,USDC
156,0.7914277016734969,1176670845366.8428,204,S3_twin_shock,indonesia,USDC
157,0.7571620002160627,1147250949250.0952,204,S3_twin_shock,indonesia,USDC
158,0.7652006427563771,1118566486482.5615,204,S3_twin_shock,indonesia,USDC
159,0.7863973225394583,1090600066349.8336,204,S3_twin_shock,indonesia,USDC
160,0.7782190015933207,1063333411919.1802,204,S3_twin_shock,indonesia,USDC
161,0.7767308833806231,1036748606804.4338,204,S3_twin_shock,indonesia,USDC
162,0.7654426357717918,1010828748897.8882,204,S3_twin_shock,indonesia,USDC
163,0.7934918304757677,985557071681.008,204,S3_twin_shock,indonesia,USDC
164,0.81819674936458,960917441937.2354,204,S3_twin_shock,indonesia,USDC
165,0.8224384291170258,936894021016.593,204,S3_twin_shock,indonesia,USDC
166,0.8311093348854464,913471271839.084,204,S3_twin_shock,indonesia,USDC
167,0.8335755777457309,890634183885.6719,204,S3_twin_shock,indonesia,USDC
168,0.8231515939667413,868368057705.4344,204,S3_twin_shock,indonesia,USDC
169,0.8100738099220058,846658599073.3826,204,S3_twin_shock,indonesia,USDC
170,0.8088932767415241,825491905858.1794,204,S3_twin_shock,indonesia,USDC
171,0.793631785682336,804854414685.2582,204,S3_twin_shock,indonesia,USDC
172,0.7820958316725961,784732876157.1295,204,S3_twin_shock,indonesia,USDC
173,0.787952653928285,765114397542.9111,204,S3_twin_shock,indonesia,USDC
174,0.7634360241773971,745986409040.1315,204,S3_twin_shock,indonesia,USDC
175,0.7477284531452854,727336632666.9878,204,S3_twin_shock,indonesia,USDC
176,0.7608726040222017,709153115953.8595,204,S3_twin_shock,indonesia,USDC
177,0.7509345116351233,691424216241.3354,204,S3_twin_shock,indonesia,USDC
178,0.7595517531241813,674138553834.7931,204,S3_twin_shock,indonesia,USDC
179,0.7851267044671338,657285045206.3799,204,S3_twin_shock,indonesia,USDC
180,0.7861441282044609,640852888060.5582,204,S3_twin_shock,indonesia,USDC
181,0.7951749731038562,624831540788.1475,204,S3_twin_shock,indonesia,USDC
182,0.7994194664074438,609210733649.1755,204,S3_twin_shock,indonesia,USDC
183,0.8132745343534653,593980449919.1829,204,S3_twin_shock,indonesia,USDC
184,0.8056248889018197,579130926435.7087,204,S3_twin_shock,indonesia,USDC
185,0.7917937868431638,564652642515.5299,204,S3_twin_shock,indonesia,USDC
186,0.8068817709973038,550536316947.8651,204,S3_twin_shock,indonesia,USDC
187,0.8283792639161784,536772901754.8205,204,S3_twin_shock,indonesia,USDC
188,0.8537759570659983,523353574279.0713,204,S3_twin_shock,indonesia,USDC
189,0.8367375010317034,510269731362.4652,204,S3_twin_shock,indonesia,USDC
190,0.80999447910867,497512984304.86304,204,S3_twin_shock,indonesia,USDC
191,0.8164784214274426,485075155944.97003,204,S3_twin_shock,indonesia,USDC
192,0.7971916330129574,472948274078.88684,204,S3_twin_shock,indonesia,USDC
193,0.8003221719353882,461124564260.6194,204,S3_twin_shock,indonesia,USDC
194,0.7952436528111875,449596447703.82764,204,S3_twin_shock,indonesia,USDC
195,0.7909049762352557,438356534511.6898,204,S3_twin_shock,indonesia,USDC
196,0.7973160667174058,427397619487.23193,204,S3_twin_shock,indonesia,USDC
197,0.7957011607123753,416712677650.46985,204,S3_twin_shock,indonesia,USDC
198,0.7987160166650652,406294859601.8164,204,S3_twin_shock,indonesia,USDC
199,0.7815781163806931,396137487151.3311,204,S3_twin_shock,indonesia,USDC
200,0.7533164747128577,386234049120.3556,204,S3_twin_shock,indonesia,USDC
201,0.7556265630441682,376578197113.2094,204,S3_twin_shock,indonesia,USDC
202,0.7376029248847168,367163741567.77454,204,S3_twin_shock,indonesia,USDC
203,0.7500364919911082,357984647513.8054,204,S3_twin_shock,indonesia,USDC
204,0.768459053122937,349035030944.0884,204,S3_twin_shock,indonesia,USDC
205,0.7524703089699422,340309154893.5116,204,S3_twin_shock,indonesia,USDC
206,0.7402636349800003,331801425793.4875,204,S3_twin_shock,indonesia,USDC
207,0.7487047065911124,323506389963.54285,204,S3_twin_shock,indonesia,USDC
208,0.7357823154816744,315418730070.4504,204,S3_twin_shock,indonesia,USDC
209,0.7556289540310563,307533261704.9313,204,S3_twin_shock,indonesia,USDC
210,0.7592045924793681,299844930081.96265,204,S3_twin_shock,indonesia,USDC
211,0.7615341562453054,292348806766.0562,204,S3_twin_shock,indonesia,USDC
212,0.7663590547073263,285040086545.04126,204,S3_twin_shock,indonesia,USDC
213,0.7762833880192425,277914084343.19745,204,S3_twin_shock,indonesia,USDC
214,0.7799292172186552,270966232205.0025,204,S3_twin_shock,indonesia,USDC
215,0.782688363394192,264192076376.47632,204,S3_twin_shock,indonesia,USDC
216,0.786075821800397,257587274449.1969,204,S3_twin_shock,indonesia,USDC
217,0.7962277591434219,251147592573.61618,204,S3_twin_shock,indonesia,USDC
218,0.7994462487003147,244868902748.14413,204,S3_twin_shock,indonesia,USDC
219,0.7693168531325114,238747180170.18,204,S3_twin_shock,indonesia,USDC
220,0.6528262258871501,232778500657.03064,204,S3_twin_shock,indonesia,USDC
221,0.6845807177635383,226959038128.8037,204,S3_twin_shock,indonesia,USDC
222,0.6883289708704555,221285062168.65646,204,S3_twin_shock,indonesia,USDC
223,0.7035668245292672,215752935609.50458,204,S3_twin_shock,indonesia,USDC
224,0.711903821660811,210359112215.74817,204,S3_twin_shock,indonesia,USDC
225,0.7163705719670771,205100134407.95834,204,S3_twin_shock,indonesia,USDC
226,0.6250235919519598,199972631045.9965,204,S3_twin_shock,indonesia,USDC
227,0.6564158617499455,194973315267.93372,204,S3_twin_shock,indonesia,USDC
228,0.6899961289716489,190098982385.15692,204,S3_twin_shock,indonesia,USDC
229,0.7049175234404764,185346507824.86517,204,S3_twin_shock,indonesia,USDC
230,0.6943783807219182,180712845128.7723,204,S3_twin_shock,indonesia,USDC
231,0.6902297946150294,176195024000.20978,204,S3_twin_shock,indonesia,USDC
232,0.7150104356196391,171790148399.94208,204,S3_twin_shock,indonesia,USDC
233,0.727871492305627,167495394689.77332,204,S3_twin_shock,indonesia,USDC
234,0.7275598245492113,163308009822.41217,204,S3_twin_shock,indonesia,USDC
235,0.7409311631250083,159225309576.7635,204,S3_twin_shock,indonesia,USDC
236,0.7247868925011504,155244676837.28015,204,S3_twin_shock,indonesia,USDC
237,0.7563628513444757,151363559916.29764,204,S3_twin_shock,indonesia,USDC
238,0.7547517783755645,147579470918.35693,204,S3_twin_shock,indonesia,USDC
239,0.7333035212646928,143889984145.37103,204,S3_twin_shock,indonesia,USDC
240,0.7141277897317778,140292734541.71307,204,S3_twin_shock,indonesia,USDC
241,0.727790406139102,136785416178.15161,204,S3_twin_shock,indonesia,USDC
242,0.7175661099560838,133365780773.68443,204,S3_twin_shock,indonesia,USDC
243,0.7112997805178027,130031636254.33215,204,S3_twin_shock,indonesia,USDC
244,0.7296893697880957,126780845347.96597,204,S3_twin_shock,indonesia,USDC
245,0.7424866751624258,123611324214.26138,204,S3_twin_shock,indonesia,USDC
246,0.7363978601208561,120521041108.90063,204,S3_twin_shock,indonesia,USDC
247,0.737195871674427,117508015081.17482,204,S3_twin_shock,indonesia,USDC
248,0.7819772904117036,114570314704.14304,204,S3_twin_shock,indonesia,USDC
249,0.7848700860133151,111706056836.53792,204,S3_twin_shock,indonesia,USDC
250,0.7937600660096166,108913405415.62329,204,S3_twin_shock,indonesia,USDC
251,0.7841780142701251,106190570280.23175,204,S3_twin_shock,indonesia,USDC
252,0.8012556531443145,103535806023.22514,204,S3_twin_shock,indonesia,USDC
253,0.8244762847289059,100947410872.64392,204,S3_twin_shock,indonesia,USDC
254,0.8376513213973418,98423725600.8274,204,S3_twin_shock,indonesia,USDC
255,0.8345722049556342,95963132460.80638,204,S3_twin_shock,indonesia,USDC
256,0.820106098957688,93564054149.28592,204,S3_twin_shock,indonesia,USDC
257,0.8083839691207775,91224952795.5535,204,S3_twin_shock,indonesia,USDC
258,0.8025470655483037,88944328975.66441,204,S3_twin_shock,indonesia,USDC
259,0.793199712083439,86720720751.27258,204,S3_twin_shock,indonesia,USDC
260,0.8006375542010264,84552702732.49059,204,S3_twin_shock,indonesia,USDC
261,0.8172326491938872,82438885164.17816,204,S3_twin_shock,indonesia,USDC
262,0.8119622260563181,80377913035.0736,204,S3_twin_shock,indonesia,USDC
263,0.7882675773989206,78368465209.19666,204,S3_twin_shock,indonesia,USDC
264,0.755953372087309,76409253578.96663,204,S3_twin_shock,indonesia,USDC
265,0.7167542004169494,74499022239.49237,204,S3_twin_shock,indonesia,USDC
266,0.7242170220980747,72636546683.50497,204,S3_twin_shock,indonesia,USDC
267,0.7541265451197964,70820633016.41727,204,S3_twin_shock,indonesia,USDC
268,0.7679655897632284,69050117191.0068,204,S3_twin_shock,indonesia,USDC
269,0.6433728415009661,67323864261.2316,204,S3_twin_shock,indonesia,USDC
270,0.6685464576003706,65640767654.700775,204,S3_twin_shock,indonesia,USDC
271,0.6887586301880411,63999748463.33322,204,S3_twin_shock,indonesia,USDC
272,0.7205293730620217,62399754751.74988,204,S3_twin_shock,indonesia,USDC
273,0.731691764854195,60839760882.956116,204,S3_twin_shock,indonesia,USDC
274,0.7179189989502897,59318766860.8822,204,S3_twin_shock,indonesia,USDC
275,0.7167711384396899,57835797689.360146,204,S3_twin_shock,indonesia,USDC
276,0.7147084326161045,56389902747.126144,204,S3_twin_shock,indonesia,USDC
277,0.713668547509479,54980155178.44799,204,S3_twin_shock,indonesia,USDC
278,0.7200704917741448,53605651298.986786,204,S3_twin_shock,indonesia,USDC
279,0.7197203912446484,52265510016.512115,204,S3_twin_shock,indonesia,USDC
280,0.73298923324885,50958872266.09932,204,S3_twin_shock,indonesia,USDC
281,0.7402645093997009,49684900459.44684,204,S3_twin_shock,indonesia,USDC
282,0.7362890712678895,48442777947.96066,204,S3_twin_shock,indonesia,USDC
283,0.7627337819783272,47231708499.26165,204,S3_twin_shock,indonesia,USDC
284,0.766796386326413,46050915786.78011,204,S3_twin_shock,indonesia,USDC
285,0.7796445093164093,44899642892.1106,204,S3_twin_shock,indonesia,USDC
286,0.7856956581418596,43777151819.807846,204,S3_twin_shock,indonesia,USDC
287,0.772855634702515,42682723024.312645,204,S3_twin_shock,indonesia,USDC
288,0.7711607205275026,41615654948.704834,204,S3_twin_shock,indonesia,USDC
289,0.7805859118257665,40575263574.987206,204,S3_twin_shock,indonesia,USDC
290,0.8156270311973096,39560881985.612526,204,S3_twin_shock,indonesia,USDC
291,0.8179680436784857,38571859935.97221,204,S3_twin_shock,indonesia,USDC
292,0.8193432637557814,37607563437.57291,204,S3_twin_shock,indonesia,USDC
293,0.8099484974254711,36667374351.63359,204,S3_twin_shock,indonesia,USDC
294,0.8056277383051809,35750689992.84274,204,S3_twin_shock,indonesia,USDC
295,0.7994172734112065,34856922743.021675,204,S3_twin_shock,indonesia,USDC
296,0.809968189239823,33985499674.446136,204,S3_twin_shock,indonesia,USDC
297,0.8161221921350025,33135862182.584984,204,S3_twin_shock,indonesia,USDC
298,0.8137803763683995,32307465628.02036,204,S3_twin_shock,indonesia,USDC
299,0.8154219682285438,31499778987.31985,204,S3_twin_shock,indonesia,USDC
300,0.808468074063657,30712284512.636856,204,S3_twin_shock,indonesia,USDC
301,0.8105681448842815,29944477399.82093,204,S3_twin_shock,indonesia,USDC
302,0.7889979048541528,29195865464.82541,204,S3_twin_shock,indonesia,USDC
303,0.7700226206557976,28465968828.204773,204,S3_twin_shock,indonesia,USDC
304,0.7890381607232354,27754319607.499657,204,S3_twin_shock,indonesia,USDC
305,0.7874297492986911,27060461617.312164,204,S3_twin_shock,indonesia,USDC
306,0.8092995640930682,26383950076.87936,204,S3_twin_shock,indonesia,USDC
307,0.7940989777034863,25724351324.95738,204,S3_twin_shock,indonesia,USDC
308,0.7802633837269548,25081242541.833443,204,S3_twin_shock,indonesia,USDC
309,0.7726242480228845,24454211478.28761,204,S3_twin_shock,indonesia,USDC
310,0.7794719680910929,23842856191.330418,204,S3_twin_shock,indonesia,USDC
311,0.7913121713853891,23246784786.547157,204,S3_twin_shock,indonesia,USDC
312,0.7896577310692342,22665615166.883476,204,S3_twin_shock,indonesia,USDC
313,0.789990628013885,22098974787.71139,204,S3_twin_shock,indonesia,USDC
314,0.7607072779741755,21546500418.01861,204,S3_twin_shock,indonesia,USDC
315,0.7669207454315401,21007837907.568142,204,S3_twin_shock,indonesia,USDC
316,0.7716175196284972,20482641959.878937,204,S3_twin_shock,indonesia,USDC
317,0.7636625462385859,19970575910.881966,204,S3_twin_shock,indonesia,USDC
318,0.7829500795138373,19471311513.109917,204,S3_twin_shock,indonesia,USDC
319,0.7764179004190688,18984528725.282166,204,S3_twin_shock,indonesia,USDC
320,0.7660231284535303,18509915507.150112,204,S3_twin_shock,indonesia,USDC
321,0.7940866356722502,18047167619.47136,204,S3_twin_shock,indonesia,USDC
322,0.7709011521456076,17595988428.98458,204,S3_twin_shock,indonesia,USDC
323,0.7642972998151529,17156088718.259964,204,S3_twin_shock,indonesia,USDC
324,0.7741905454482584,16727186500.303465,204,S3_twin_shock,indonesia,USDC
325,0.7483826883343014,16309006837.79588,204,S3_twin_shock,indonesia,USDC
326,0.7700488749551802,15901281666.85098,204,S3_twin_shock,indonesia,USDC
327,0.7456451261198409,15503749625.179707,204,S3_twin_shock,indonesia,USDC
328,0.7720664543144782,15116155884.550217,204,S3_twin_shock,indonesia,USDC
329,0.789799120133018,14738251987.43646,204,S3_twin_shock,indonesia,USDC
330,0.7826038073585235,14369795687.750546,204,S3_twin_shock,indonesia,USDC
331,0.7723906017523435,14010550795.556784,204,S3_twin_shock,indonesia,USDC
332,0.7664801831344082,13660287025.667862,204,S3_twin_shock,indonesia,USDC
333,0.7649977244079972,13318779850.026169,204,S3_twin_shock,indonesia,USDC
334,0.7758570785282911,12985810353.775513,204,S3_twin_shock,indonesia,USDC
335,0.7882229849849733,12661165094.931126,204,S3_twin_shock,indonesia,USDC
336,0.7860350199985676,12344635967.557848,204,S3_twin_shock,indonesia,USDC
337,0.7860786216199379,12036020068.368902,204,S3_twin_shock,indonesia,USDC
338,0.8137855402659046,11735119566.65968,204,S3_twin_shock,indonesia,USDC
339,0.8058356902157835,11441741577.493187,204,S3_twin_shock,indonesia,USDC
340,0.782869209981428,11155698038.055859,204,S3_twin_shock,indonesia,USDC
341,0.7950349709297005,10876805587.104462,204,S3_twin_shock,indonesia,USDC
342,0.7867965198054362,10604885447.42685,204,S3_twin_shock,indonesia,USDC
343,0.7911577280335459,10339763311.241179,204,S3_twin_shock,indonesia,USDC
344,0.8094171388069652,10081269228.460148,204,S3_twin_shock,indonesia,USDC
345,0.802566028891615,9829237497.748646,204,S3_twin_shock,indonesia,USDC
346,0.7844087641854804,9583506560.30493,204,S3_twin_shock,indonesia,USDC
347,0.7946570222418495,9343918896.297306,204,S3_twin_shock,indonesia,USDC
348,0.8230291427394136,9110320923.889874,204,S3_twin_shock,indonesia,USDC
349,0.7987372609126732,8882562900.792627,204,S3_twin_shock,indonesia,USDC
350,0.8039749133665011,8660498828.272812,204,S3_twin_shock,indonesia,USDC
351,0.7831585339138564,8443986357.56599,204,S3_twin_shock,indonesia,USDC
352,0.7756877051604819,8232886698.626842,204,S3_twin_shock,indonesia,USDC
353,0.7787864211258886,8027064531.161171,204,S3_twin_shock,indonesia,USDC
354,0.7726470759899693,7826387917.88214,204,S3_twin_shock,indonesia,USDC
355,0.7782642586898594,7630728219.935087,204,S3_twin_shock,indonesia,USDC
356,0.7933443877646705,7439960014.436709,204,S3_twin_shock,indonesia,USDC
357,0.8247103448422816,7253961014.075791,204,S3_twin_shock,indonesia,USDC
358,0.8299822580689008,7072611988.723897,204,S3_twin_shock,indonesia,USDC
359,0.8188512711228162,6895796689.0058,204,S3_twin_shock,indonesia,USDC
360,0.805663654166485,6723401771.780655,204,S3_twin_shock,indonesia,USDC
361,0.8043071395471596,6555316727.486138,204,S3_twin_shock,indonesia,USDC
362,0.8072732542577664,6391433809.298985,204,S3_twin_shock,indonesia,USDC
363,0.8167173721851062,6231647964.06651,204,S3_twin_shock,indonesia,USDC
364,0.8040195795915296,6075856764.964848,204,S3_twin_shock,indonesia,USDC
365,0.8284794415227351,5923960345.840726,204,S3_twin_shock,indonesia,USDC
366,0.8248212850888488,5775861337.194708,204,S3_twin_shock,indonesia,USDC
367,0.8356602788835243,5631464803.76484,204,S3_twin_shock,indonesia,USDC
368,0.8228905044954291,5490678183.670719,204,S3_twin_shock,indonesia,USDC
369,0.8125811073531377,5353411229.078951,204,S3_twin_shock,indonesia,USDC
370,0.7999674130757223,5219575948.351977,204,S3_twin_shock,indonesia,USDC
371,0.8161072978039984,5089086549.643178,204,S3_twin_shock,indonesia,USDC
372,0.8233578159488887,4961859385.902099,204,S3_twin_shock,indonesia,USDC
373,0.8334965732516467,4837812901.254545,204,S3_twin_shock,indonesia,USDC
374,0.8056005298840233,4716867578.723183,204,S3_twin_shock,indonesia,USDC
375,0.8062023058316099,4598945889.255102,204,S3_twin_shock,indonesia,USDC
376,0.8211873458505539,4483972242.0237255,204,S3_twin_shock,indonesia,USDC
377,0.8317451361796314,4371872935.973131,204,S3_twin_shock,indonesia,USDC
378,0.8245829096771186,4262576112.573803,204,S3_twin_shock,indonesia,USDC
379,0.8022329415705943,4156011709.759458,204,S3_twin_shock,indonesia,USDC
380,0.8126130813848411,4052111417.0154715,204,S3_twin_shock,indonesia,USDC
381,0.810251749707808,3950808631.590084,204,S3_twin_shock,indonesia,USDC
382,0.8317612838713507,3852038415.8003325,204,S3_twin_shock,indonesia,USDC
383,0.826352549249353,3755737455.405324,204,S3_twin_shock,indonesia,USDC
384,0.8339207140328607,3661844019.020191,204,S3_twin_shock,indonesia,USDC
385,0.8299215418985889,3570297918.5446863,204,S3_twin_shock,indonesia,USDC
386,0.8109852593622326,3481040470.581069,204,S3_twin_shock,indonesia,USDC
387,0.7966767007887391,3394014458.8165426,204,S3_twin_shock,indonesia,USDC
388,0.803006299724092,3309164097.346129,204,S3_twin_shock,indonesia,USDC
389,0.8027024815439665,3226434994.9124756,204,S3_twin_shock,indonesia,USDC
390,0.8119864717872928,3145774120.039664,204,S3_twin_shock,indonesia,USDC
391,0.8148933032735703,3067129767.0386724,204,S3_twin_shock,indonesia,USDC
392,0.8294508921733762,2990451522.862705,204,S3_twin_shock,indonesia,USDC
393,0.7968364325339115,2915690234.7911377,204,S3_twin_shock,indonesia,USDC
394,0.7994787693439066,2842797978.9213595,204,S3_twin_shock,indonesia,USDC
395,0.7714731566072104,2771728029.4483256,204,S3_twin_shock,indonesia,USDC
396,0.7689182663156658,2702434828.712117,204,S3_twin_shock,indonesia,USDC
397,0.7694113118831428,2634873957.994314,204,S3_twin_shock,indonesia,USDC
398,0.7770371269381653,2569002109.0444565,204,S3_twin_shock,indonesia,USDC
399,0.7776839760215831,2504777056.318345,204,S3_twin_shock,indonesia,USDC
400,0.7835068825061825,2442157629.910387,204,S3_twin_shock,indonesia,USDC
401,0.7791661877398663,2381103689.162627,204,S3_twin_shock,indonesia,USDC
402,0.7745983700653514,2321576096.9335613,204,S3_twin_shock,indonesia,USDC
403,0.7692068595260478,2263536694.5102224,204,S3_twin_shock,indonesia,USDC
404,0.765742007617597,2206948277.1474667,204,S3_twin_shock,indonesia,USDC
405,0.7578429189626585,2151774570.21878,204,S3_twin_shock,indonesia,USDC
406,0.7602407268670179,2097980205.9633107,204,S3_twin_shock,indonesia,USDC
407,0.7698794396985508,2045530700.8142278,204,S3_twin_shock,indonesia,USDC
408,0.8030271618441263,1994392433.293872,204,S3_twin_shock,indonesia,USDC
409,0.8073574048192604,1944532622.4615252,204,S3_twin_shock,indonesia,USDC
410,0.7932277841237136,1895919306.8999872,204,S3_twin_shock,indonesia,USDC
411,0.8025262709114774,1848521324.2274876,204,S3_twin_shock,indonesia,USDC
412,0.772464370618331,1802308291.1218002,204,S3_twin_shock,indonesia,USDC
413,0.787277734331255,1757250583.8437552,204,S3_twin_shock,indonesia,USDC
414,0.7655651402602924,1713319319.247661,204,S3_twin_shock,indonesia,USDC
415,0.7633977342445845,1670486336.2664695,204,S3_twin_shock,indonesia,USDC
416,0.7778275661374885,1628724177.859808,204,S3_twin_shock,indonesia,USDC
417,0.7882764611702365,1588006073.4133127,204,S3_twin_shock,indonesia,USDC
418,0.8083787029529913,1548305921.57798,204,S3_twin_shock,indonesia,USDC
419,0.8057051752594623,1509598273.5385306,204,S3_twin_shock,indonesia,USDC
420,0.8110302554132182,1471858316.7000673,204,S3_twin_shock,indonesia,USDC
421,0.8053500494841934,1435061858.7825656,204,S3_twin_shock,indonesia,USDC
422,0.7962381130181987,1399185312.3130014,204,S3_twin_shock,indonesia,USDC
423,0.798628454338103,1364205679.5051765,204,S3_twin_shock,indonesia,USDC
424,0.8066273657216726,1330100537.517547,204,S3_twin_shock,indonesia,USDC
425,0.8074995728055003,1296848024.0796084,204,S3_twin_shock,indonesia,USDC
426,0.8042039767598653,1264426823.4776182,204,S3_twin_shock,indonesia,USDC
427,0.8223394849666511,1232816152.8906775,204,S3_twin_shock,indonesia,USDC
428,0.831274773418416,1201995749.0684106,204,S3_twin_shock,indonesia,USDC
429,0.8294939994372037,1171945855.3417006,204,S3_twin_shock,indonesia,USDC
430,0.8102624888230902,1142647208.958158,204,S3_twin_shock,indonesia,USDC
431,0.8092270818719199,1114081028.7342038,204,S3_twin_shock,indonesia,USDC
432,0.6977904457447722,1086229003.0158489,204,S3_twin_shock,indonesia,USDC
433,0.7174229926299148,1059073277.9404526,204,S3_twin_shock,indonesia,USDC
434,0.7057291905711778,1032596445.9919413,204,S3_twin_shock,indonesia,USDC
435,0.7258137031006839,1006781534.8421427,204,S3_twin_shock,indonesia,USDC
436,0.7558098302180769,981611996.4710892,204,S3_twin_shock,indonesia,USDC
437,0.7483013773678926,957071696.5593121,204,S3_twin_shock,indonesia,USDC
438,0.7462415650784381,933144904.1453292,204,S3_twin_shock,indonesia,USDC
439,0.7638512260487497,909816281.541696,204,S3_twin_shock,indonesia,USDC
440,0.7684551862396879,887070874.5031536,204,S3_twin_shock,indonesia,USDC
441,0.7765685584226693,864894102.6405747,204,S3_twin_shock,indonesia,USDC
442,0.7801246728389405,843271750.0745604,204,S3_twin_shock,indonesia,USDC
443,0.7984390774224662,822189956.3226964,204,S3_twin_shock,indonesia,USDC
444,0.7923482897759881,801635207.414629,204,S3_twin_shock,indonesia,USDC
445,0.7831308536938111,781594327.2292632,204,S3_twin_shock,indonesia,USDC
446,0.7970904355084059,762054469.0485317,204,S3_twin_shock,indonesia,USDC
447,0.8000854242843127,743003107.3223183,204,S3_twin_shock,indonesia,USDC
448,0.7904346549359246,724428029.6392603,204,S3_twin_shock,indonesia,USDC
449,0.7794017036312721,706317328.8982788,204,S3_twin_shock,indonesia,USDC
450,0.7872759983155403,688659395.6758218,204,S3_twin_shock,indonesia,USDC
451,0.7646371084579423,671442910.7839262,204,S3_twin_shock,indonesia,USDC
452,0.754547344581801,654656838.0143281,204,S3_twin_shock,indonesia,USDC
453,0.7608583821229519,638290417.0639699,204,S3_twin_shock,indonesia,USDC
454,0.7658508495388071,622333156.6373707,204,S3_twin_shock,indonesia,USDC
455,0.7552903439530188,606774827.7214365,204,S3_twin_shock,indonesia,USDC
456,0.7979179817248495,591605457.0284005,204,S3_twin_shock,indonesia,USDC
457,0.7894428968121684,576815320.6026905,204,S3_twin_shock,indonesia,USDC
458,0.7964352526558778,562394937.5876232,204,S3_twin_shock,indonesia,USDC
459,0.8008731545394805,548335064.1479326,204,S3_twin_shock,indonesia,USDC
460,0.8024154289407611,534626687.54423434,204,S3_twin_shock,indonesia,USDC
461,0.8116724652808069,521261020.3556285,204,S3_twin_shock,indonesia,USDC
462,0.7942332286117223,508229494.84673786,204,S3_twin_shock,indonesia,USDC
463,0.7735377770400653,495523757.47556937,204,S3_twin_shock,indonesia,USDC
464,0.7971647416448348,483135663.5386802,204,S3_twin_shock,indonesia,USDC
465,0.8109753836658588,471057271.95021313,204,S3_twin_shock,indonesia,USDC
466,0.7969104098407287,459280840.1514578,204,S3_twin_shock,indonesia,USDC
467,0.7897219928637967,447798819.14767134,204,S3_twin_shock,indonesia,USDC
468,0.7694927627134447,436603848.6689796,204,S3_twin_shock,indonesia,USDC
469,0.7636482593076734,425688752.45225513,204,S3_twin_shock,indonesia,USDC
470,0.7720219691108636,415046533.6409488,204,S3_twin_shock,indonesia,USDC
471,0.7955193807039376,404670370.299925,204,S3_twin_shock,indonesia,USDC
472,0.7943001852760119,394553611.0424269,204,S3_twin_shock,indonesia,USDC
473,0.7948612709141153,384689770.76636624,204,S3_twin_shock,indonesia,USDC
474,0.7961733630355693,375072526.49720705,204,S3_twin_shock,indonesia,USDC
475,0.829491666875315,365695713.3347769,204,S3_twin_shock,indonesia,USDC
476,0.8216722397422649,356553320.50140744,204,S3_twin_shock,indonesia,USDC
477,0.8082696872906542,347639487.48887223,204,S3_twin_shock,indonesia,USDC
478,0.7918774019810101,338948500.30165046,204,S3_twin_shock,indonesia,USDC
479,0.7840378419708763,330474787.7941092,204,S3_twin_shock,indonesia,USDC
480,0.775012077429274,322212918.09925646,204,S3_twin_shock,indonesia,USDC
481,0.7832844367034194,314157595.146775,204,S3_twin_shock,indonesia,USDC
482,0.7678728128761131,306303655.2681056,204,S3_twin_shock,indonesia,USDC
483,0.7895328855613789,298646063.886403,204,S3_twin_shock,indonesia,USDC
484,0.8054565788133469,291179912.2892429,204,S3_twin_shock,indonesia,USDC
485,0.8050301202371278,283900414.4820118,204,S3_twin_shock,indonesia,USDC
486,0.79334416792967,276802904.11996156,204,S3_twin_shock,indonesia,USDC
487,0.7832952819191022,269882831.5169625,204,S3_twin_shock,indonesia,USDC
488,0.7919884767107569,263135760.72903842,204,S3_twin_shock,indonesia,USDC
489,0.807359374188173,256557366.71081248,204,S3_twin_shock,indonesia,USDC
490,0.8121435251838091,250143432.54304218,204,S3_twin_shock,indonesia,USDC
491,0.7980312097344445,243889846.7294661,204,S3_twin_shock,indonesia,USDC
492,0.809033503471051,237792600.56122947,204,S3_twin_shock,indonesia,USDC
493,0.8270835894576111,231847785.5471987,204,S3_twin_shock,indonesia,USDC
494,0.8439075472845076,226051590.90851873,204,S3_twin_shock,indonesia,USDC
495,0.8424987975442638,220400301.13580576,204,S3_twin_shock,indonesia,USDC
496,0.8275294308717559,214890293.60741064,204,S3_twin_shock,indonesia,USDC
497,0.8112966674272226,209518036.26722538,204,S3_twin_shock,indonesia,USDC
498,0.8024675105656341,204280085.3605447,204,S3_twin_shock,indonesia,USDC
499,0.7993809374294696,199173083.22653112,204,S3_twin_shock,indonesia,USDC
500,0.8394707345420602,194193756.14586782,204,S3_twin_shock,indonesia,USDC
501,0.8246743906252924,189338912.24222112,204,S3_twin_shock,indonesia,USDC
502,0.8449673346435496,184605439.4361656,204,S3_twin_shock,indonesia,USDC
503,0.8251755311808142,179990303.45026147,204,S3_twin_shock,indonesia,USDC
504,0.8187148710978556,175490545.8640049,204,S3_twin_shock,indonesia,USDC
505,0.7952682665229858,171103282.2174048,204,S3_twin_shock,indonesia,USDC
506,0.8101495085659371,166825700.1619697,204,S3_twin_shock,indonesia,USDC
507,0.8099555231685909,162655057.65792042,204,S3_twin_shock,indonesia,USDC
508,0.8024887843858249,158588681.21647245,204,S3_twin_shock,indonesia,USDC
509,0.789031042882141,154623964.1860606,204,S3_twin_shock,indonesia,USDC
510,0.7905825862112236,150758365.0814091,204,S3_twin_shock,indonesia,USDC
511,0.8110008261644204,146989405.95437387,204,S3_twin_shock,indonesia,USDC
512,0.8193692356609199,143314670.8055145,204,S3_twin_shock,indonesia,USDC
513,0.8122939675214274,139731804.03537667,204,S3_twin_shock,indonesia,USDC
514,0.8301296945579979,136238508.93449223,204,S3_twin_shock,indonesia,USDC
515,0.8293118905681829,132832546.21112993,204,S3_twin_shock,indonesia,USDC
516,0.8322652725671358,129511732.5558517,204,S3_twin_shock,indonesia,USDC
517,0.8297185750452654,126273939.2419554,204,S3_twin_shock,indonesia,USDC
518,0.845370483096051,123117090.76090652,204,S3_twin_shock,indonesia,USDC
519,0.8325494178356538,120039163.49188384,204,S3_twin_shock,indonesia,USDC
520,0.8151637120313804,117038184.40458676,204,S3_twin_shock,indonesia,USDC
521,0.8028627496884011,114112229.7944721,204,S3_twin_shock,indonesia,USDC
522,0.7971515174663774,111259424.04961029,204,S3_twin_shock,indonesia,USDC
523,0.8042758884402894,108477938.44837004,204,S3_twin_shock,indonesia,USDC
524,0.792845934618464,105765989.98716079,204,S3_twin_shock,indonesia,USDC
525,0.8180096382812427,103121840.23748176,204,S3_twin_shock,indonesia,USDC
526,0.8184924213463297,100543794.23154472,204,S3_twin_shock,indonesia,USDC
527,0.8037243108874135,98030199.3757561,204,S3_twin_shock,indonesia,USDC
528,0.7675577554404981,95579444.3913622,204,S3_twin_shock,indonesia,USDC
529,0.7665920973153295,93189958.28157814,204,S3_twin_shock,indonesia,USDC
530,0.7231731688759432,90860209.3245387,204,S3_twin_shock,indonesia,USDC
531,0.7357105786341152,88588704.09142523,204,S3_twin_shock,indonesia,USDC
532,0.7454086416460818,86373986.48913959,204,S3_twin_shock,indonesia,USDC
533,0.7694761730003609,84214636.82691109,204,S3_twin_shock,indonesia,USDC
534,0.7625793311935717,82109270.90623832,204,S3_twin_shock,indonesia,USDC
535,0.7648526807793766,80056539.13358237,204,S3_twin_shock,indonesia,USDC
536,0.7564907319933035,78055125.6552428,204,S3_twin_shock,indonesia,USDC
537,0.7585706397822467,76103747.51386175,204,S3_twin_shock,indonesia,USDC
538,0.7771053300248129,74201153.8260152,204,S3_twin_shock,indonesia,USDC
539,0.7907547706638445,72346124.98036481,204,S3_twin_shock,indonesia,USDC
540,0.7848885187358636,70537471.85585569,204,S3_twin_shock,indonesia,USDC
541,0.7697866330832267,68774035.0594593,204,S3_twin_shock,indonesia,USDC
542,0.7600336886101703,67054684.18297282,204,S3_twin_shock,indonesia,USDC
543,0.7535139738954487,65378317.0783985,204,S3_twin_shock,indonesia,USDC
544,0.76713636044837,63743859.15143854,204,S3_twin_shock,indonesia,USDC
545,0.780226142255304,62150262.67265257,204,S3_twin_shock,indonesia,USDC
546,0.7736073970803131,60596506.10583626,204,S3_twin_shock,indonesia,USDC
547,0.7747946526126815,59081593.45319036,204,S3_twin_shock,indonesia,USDC
548,0.7576174052194797,57604553.6168606,204,S3_twin_shock,indonesia,USDC
549,0.7420246264734791,56164439.776439086,204,S3_twin_shock,indonesia,USDC
550,0.7573527512888272,54760328.78202811,204,S3_twin_shock,indonesia,USDC
551,0.7696062282808155,53391320.5624774,204,S3_twin_shock,indonesia,USDC
552,0.7422350309707256,52056537.54841547,204,S3_twin_shock,indonesia,USDC
553,0.7369222521288153,50755124.10970508,204,S3_twin_shock,indonesia,USDC
554,0.7198223540288364,49486246.006962456,204,S3_twin_shock,indonesia,USDC
555,0.7058521463714473,48249089.8567884,204,S3_twin_shock,indonesia,USDC
556,0.6905281706578226,47042862.610368684,204,S3_twin_shock,indonesia,USDC
557,0.6997267450908434,45866791.045109466,204,S3_twin_shock,indonesia,USDC
558,0.7097180496799631,44720121.26898173,204,S3_twin_shock,indonesia,USDC
559,0.7143863735672947,43602118.23725719,204,S3_twin_shock,indonesia,USDC
560,0.7523571976826772,42512065.28132576,204,S3_twin_shock,indonesia,USDC
561,0.7548220628996521,41449263.64929262,204,S3_twin_shock,indonesia,USDC
562,0.7594608724277239,40413032.058060296,204,S3_twin_shock,indonesia,USDC
563,0.7831471088858694,39402706.25660879,204,S3_twin_shock,indonesia,USDC
564,0.8033291045463642,38417638.600193575,204,S3_twin_shock,indonesia,USDC
565,0.7952733769033875,37457197.63518873,204,S3_twin_shock,indonesia,USDC
566,0.8123268296346416,36520767.69430901,204,S3_twin_shock,indonesia,USDC
567,0.8019420036575233,35607748.50195129,204,S3_twin_shock,indonesia,USDC
568,0.8052504863061459,34717554.78940251,204,S3_twin_shock,indonesia,USDC
569,0.8046308336897273,33849615.919667445,204,S3_twin_shock,indonesia,USDC
570,0.8176548271477834,33003375.521675758,204,S3_twin_shock,indonesia,USDC
571,0.8248766969228786,32178291.133633867,204,S3_twin_shock,indonesia,USDC
572,0.8092329621462534,31373833.85529302,204,S3_twin_shock,indonesia,USDC
573,0.8025226472443272,30589488.008910697,204,S3_twin_shock,indonesia,USDC
574,0.7983876844304623,29824750.80868793,204,S3_twin_shock,indonesia,USDC
575,0.7738467590303918,29079132.03847073,204,S3_twin_shock,indonesia,USDC
576,0.7688218434982362,28352153.737508964,204,S3_twin_shock,indonesia,USDC
577,0.7647381378225665,27643349.89407124,204,S3_twin_shock,indonesia,USDC
578,0.7633293469062575,26952266.146719456,204,S3_twin_shock,indonesia,USDC
579,0.7555435759399309,26278459.493051473,204,S3_twin_shock,indonesia,USDC
580,0.7534651075552151,25621498.00572519,204,S3_twin_shock,indonesia,USDC
581,0.7519189537901023,24980960.555582054,204,S3_twin_shock,indonesia,USDC
582,0.76772549593533,24356436.541692503,204,S3_twin_shock,indonesia,USDC
583,0.7662564272712192,23747525.62815019,204,S3_twin_shock,indonesia,USDC
584,0.7918235929855741,23153837.487446435,204,S3_twin_shock,indonesia,USDC
585,0.7818898085106172,22574991.550260276,204,S3_twin_shock,indonesia,USDC
586,0.7846582059691886,22010616.761503767,204,S3_twin_shock,indonesia,USDC
587,0.7971231914543216,21460351.342466176,204,S3_twin_shock,indonesia,USDC
588,0.813976917889335,20923842.55890452,204,S3_twin_shock,indonesia,USDC
589,0.8203571844668557,20400746.494931906,204,S3_twin_shock,indonesia,USDC
590,0.8183805755674313,19890727.83255861,204,S3_twin_shock,indonesia,USDC
591,0.8376539286547092,19393459.63674464,204,S3_twin_shock,indonesia,USDC
592,0.8427374109312878,18908623.145826027,204,S3_twin_shock,indonesia,USDC
593,0.8358560403083095,18435907.567180373,204,S3_twin_shock,indonesia,USDC
594,0.8521477207550585,17975009.878000863,204,S3_twin_shock,indonesia,USDC
595,0.8325351286785448,17525634.631050844,204,S3_twin_shock,indonesia,USDC
596,0.838808061620149,17087493.765274573,204,S3_twin_shock,indonesia,USDC
597,0.8144176663094617,16660306.421142709,204,S3_twin_shock,indonesia,USDC
598,0.8258162082733753,16243798.76061414,204,S3_twin_shock,indonesia,USDC
599,0.8390195754215383,15837703.791598788,204,S3_twin_shock,indonesia,USDC
600,0.850171257728014,15441761.196808819,204,S3_twin_shock,indonesia,USDC
601,0.825011473478238,15055717.166888595,204,S3_twin_shock,indonesia,USDC
602,0.8295456076322171,14679324.23771638,204,S3_twin_shock,indonesia,USDC
603,0.817977519927019,14312341.131773472,204,S3_twin_shock,indonesia,USDC
604,0.8450785270673334,13954532.603479134,204,S3_twin_shock,indonesia,USDC
605,0.8622391217543096,13605669.288392156,204,S3_twin_shock,indonesia,USDC
606,0.8520592209416451,13265527.556182351,204,S3_twin_shock,indonesia,USDC
607,0.8399818700178968,12933889.367277794,204,S3_twin_shock,indonesia,USDC
608,0.8259560349863858,12610542.13309585,204,S3_twin_shock,indonesia,USDC
609,0.8111958845742424,12295278.579768453,204,S3_twin_shock,indonesia,USDC
610,0.7859529515698662,11987896.61527424,204,S3_twin_shock,indonesia,USDC
611,0.8039763258281764,11688199.199892385,204,S3_twin_shock,indonesia,USDC
612,0.8156474875407912,11395994.219895076,204,S3_twin_shock,indonesia,USDC
613,0.8061696398253874,11111094.364397699,204,S3_twin_shock,indonesia,USDC
614,0.8061172516641603,10833317.005287755,204,S3_twin_shock,indonesia,USDC
615,0.8171610537854188,10562484.080155563,204,S3_twin_shock,indonesia,USDC
616,0.7931070066205578,10298421.978151673,204,S3_twin_shock,indonesia,USDC
617,0.8010818672750849,10040961.42869788,204,S3_twin_shock,indonesia,USDC
618,0.8075074111653471,9789937.392980434,204,S3_twin_shock,indonesia,USDC
619,0.7860504872664469,9545188.958155923,204,S3_twin_shock,indonesia,USDC
620,0.7593492529817262,9306559.234202025,204,S3_twin_shock,indonesia,USDC
621,0.7475196820336356,9073895.253346974,204,S3_twin_shock,indonesia,USDC
622,0.7550499344245631,8847047.872013299,204,S3_twin_shock,indonesia,USDC
623,0.7587194789110553,8625871.675212966,204,S3_twin_shock,indonesia,USDC
624,0.7714804664929882,8410224.883332644,204,S3_twin_shock,indonesia,USDC
625,0.7930980404455308,8199969.261249326,204,S3_twin_shock,indonesia,USDC
626,0.778897065413877,7994970.029718093,204,S3_twin_shock,indonesia,USDC
627,0.7908532624648994,7795095.778975141,204,S3_twin_shock,indonesia,USDC
628,0.7881585470602772,7600218.3845007615,204,S3_twin_shock,indonesia,USDC
629,0.7707457994509542,7410212.924888243,204,S3_twin_shock,indonesia,USDC
630,0.7673162043240201,7224957.601766037,204,S3_twin_shock,indonesia,USDC
631,0.7937852333998172,7044333.661721885,204,S3_twin_shock,indonesia,USDC
632,0.7892189325930588,6868225.320178838,204,S3_twin_shock,indonesia,USDC
633,0.8088017756719398,6696519.687174367,204,S3_twin_shock,indonesia,USDC
634,0.8122018868126387,6529106.694995008,204,S3_twin_shock,indonesia,USDC
635,0.7781348594012526,6365879.027620133,204,S3_twin_shock,indonesia,USDC
636,0.7480418789205053,6206732.05192963,204,S3_twin_shock,indonesia,USDC
637,0.7605838314689165,6051563.750631389,204,S3_twin_shock,indonesia,USDC
638,0.7584596642311063,5900274.656865604,204,S3_twin_shock,indonesia,USDC
639,0.6778659008094939,5752767.790443964,204,S3_twin_shock,indonesia,USDC
640,0.6922390848002596,5608948.595682865,204,S3_twin_shock,indonesia,USDC
641,0.6945476604984441,5468724.880790793,204,S3_twin_shock,indonesia,USDC
642,0.7132823600779449,5332006.758771024,204,S3_twin_shock,indonesia,USDC
643,0.7147215134711875,5198706.589801748,204,S3_twin_shock,indonesia,USDC
644,0.7294661564243764,5068738.925056704,204,S3_twin_shock,indonesia,USDC
645,0.7421350064714965,4942020.451930286,204,S3_twin_shock,indonesia,USDC
646,0.7315047352415096,4818469.94063203,204,S3_twin_shock,indonesia,USDC
647,0.7362942517936805,4698008.192116229,204,S3_twin_shock,indonesia,USDC
648,0.7365899121883087,4580557.987313324,204,S3_twin_shock,indonesia,USDC
649,0.7355131000934002,4466044.037630491,204,S3_twin_shock,indonesia,USDC
650,0.7361473672534318,4354392.936689729,204,S3_twin_shock,indonesia,USDC
651,0.7537545885408106,4245533.113272485,204,S3_twin_shock,indonesia,USDC
652,0.7636716023658542,4139394.785440673,204,S3_twin_shock,indonesia,USDC
653,0.7609748555300614,4035909.915804656,204,S3_twin_shock,indonesia,USDC
654,0.7767105851814577,3935012.1679095402,204,S3_twin_shock,indonesia,USDC
655,0.76182834606407,3836636.8637118014,204,S3_twin_shock,indonesia,USDC
656,0.7636049883534095,3740720.9421190065,204,S3_twin_shock,indonesia,USDC
657,0.7746050099604974,3647202.9185660314,204,S3_twin_shock,indonesia,USDC
658,0.7727856694875751,3556022.845601881,204,S3_twin_shock,indonesia,USDC
659,0.8020693726834814,3467122.2744618338,204,S3_twin_shock,indonesia,USDC
660,0.7979911334936979,3380444.217600288,204,S3_twin_shock,indonesia,USDC
661,0.8141524679596399,3295933.1121602803,204,S3_twin_shock,indonesia,USDC
662,0.8190898757482278,3213534.7843562737,204,S3_twin_shock,indonesia,USDC
663,0.7953459045394357,3133196.4147473667,204,S3_twin_shock,indonesia,USDC
664,0.7797277039401886,3054866.5043786825,204,S3_twin_shock,indonesia,USDC
665,0.787196231542825,2978494.8417692157,204,S3_twin_shock,indonesia,USDC
666,0.8042575123648573,2904032.470724985,204,S3_twin_shock,indonesia,USDC
667,0.8283740198213669,2831431.6589568607,204,S3_twin_shock,indonesia,USDC
668,0.8081165764040227,2760645.867482939,204,S3_twin_shock,indonesia,USDC
669,0.8062643492127052,2691629.7207958656,204,S3_twin_shock,indonesia,USDC
670,0.7831954595767207,2624338.977775969,204,S3_twin_shock,indonesia,USDC
671,0.7813627800946157,2558730.5033315695,204,S3_twin_shock,indonesia,USDC
672,0.7746880749635533,2494762.24074828,204,S3_twin_shock,indonesia,USDC
673,0.7661704385020104,2432393.1847295733,204,S3_twin_shock,indonesia,USDC
674,0.7953962255935907,2371583.355111334,204,S3_twin_shock,indonesia,USDC
675,0.7913796768381083,2312293.7712335507,204,S3_twin_shock,indonesia,USDC
676,0.7785268418808259,2254486.426952712,204,S3_twin_shock,indonesia,USDC
677,0.7934260981457552,2198124.266278894,204,S3_twin_shock,indonesia,USDC
678,0.7827563966599456,2143171.159621922,204,S3_twin_shock,indonesia,USDC
679,0.8012286511058733,2089591.8806313737,204,S3_twin_shock,indonesia,USDC
680,0.8072373992075993,2037352.0836155894,204,S3_twin_shock,indonesia,USDC
681,0.8089761588056021,1986418.2815251995,204,S3_twin_shock,indonesia,USDC
682,0.8279429428942202,1936757.8244870696,204,S3_twin_shock,indonesia,USDC
683,0.8274593098143321,1888338.878874893,204,S3_twin_shock,indonesia,USDC
684,0.7363940441569875,1841130.4069030208,204,S3_twin_shock,indonesia,USDC
685,0.7633620052916769,1795102.1467304453,204,S3_twin_shock,indonesia,USDC
686,0.7688407360035148,1750224.593062184,204,S3_twin_shock,indonesia,USDC
687,0.7503940774782883,1706468.9782356296,204,S3_twin_shock,indonesia,USDC
688,0.7774139209690725,1663807.253779739,204,S3_twin_shock,indonesia,USDC
689,0.7675385037454074,1622212.0724352454,204,S3_twin_shock,indonesia,USDC
690,0.7782826658070198,1581656.7706243643,204,S3_twin_shock,indonesia,USDC
691,0.7792177559615351,1542115.351358755,204,S3_twin_shock,indonesia,USDC
692,0.7412295090711706,1503562.4675747862,204,S3_twin_shock,indonesia,USDC
693,0.7439420285700666,1465973.4058854165,204,S3_twin_shock,indonesia,USDC
694,0.7532308086735859,1429324.0707382811,204,S3_twin_shock,indonesia,USDC
695,0.7556639921618946,1393590.968969824,204,S3_twin_shock,indonesia,USDC
696,0.7406073699861709,1358751.1947455783,204,S3_twin_shock,indonesia,USDC
697,0.7486230988519932,1324782.414876939,204,S3_twin_shock,indonesia,USDC
698,0.6555322245822355,1291662.8545050155,204,S3_twin_shock,indonesia,USDC
699,0.6750235645546024,1259371.2831423902,204,S3_twin_shock,indonesia,USDC
700,0.712130560367365,1227887.0010638305,204,S3_twin_shock,indonesia,USDC
701,0.7310124473518727,1197189.8260372346,204,S3_twin_shock,indonesia,USDC
702,0.7231168143165602,1167260.0803863038,204,S3_twin_shock,indonesia,USDC
703,0.7233863089383752,1138078.5783766462,204,S3_twin_shock,indonesia,USDC
704,0.7287493981040991,1109626.61391723,204,S3_twin_shock,indonesia,USDC
705,0.7690110733339454,1081885.9485692992,204,S3_twin_shock,indonesia,USDC
706,0.7508671377748684,1054838.7998550667,204,S3_twin_shock,indonesia,USDC
707,0.7660772748700748,1028467.82985869,204,S3_twin_shock,indonesia,USDC
708,0.764015448292226,1002756.1341122227,204,S3_twin_shock,indonesia,USDC
709,0.7845638940406617,977687.2307594172,204,S3_twin_shock,indonesia,USDC
710,0.7732747746436666,953245.0499904318,204,S3_twin_shock,indonesia,USDC
711,0.7777711355563519,929413.9237406709,204,S3_twin_shock,indonesia,USDC
712,0.8053046506078786,906178.5756471541,204,S3_twin_shock,indonesia,USDC
713,0.8154826238154358,883524.1112559753,204,S3_twin_shock,indonesia,USDC
714,0.8075080252076264,861436.0084745759,204,S3_twin_shock,indonesia,USDC
715,0.810484771135994,839900.1082627114,204,S3_twin_shock,indonesia,USDC
716,0.8334871438580508,818902.6055561437,204,S3_twin_shock,indonesia,USDC
717,0.8041398618441756,798430.0404172402,204,S3_twin_shock,indonesia,USDC
718,0.8131503215793058,778469.2894068091,204,S3_twin_shock,indonesia,USDC
719,0.8122274637486827,759007.5571716388,204,S3_twin_shock,indonesia,USDC
720,0.82942812457871,740032.368242348,204,S3_twin_shock,indonesia,USDC
721,0.8119032899162169,721531.5590362892,204,S3_twin_shock,indonesia,USDC
722,0.8012707431362248,703493.2700603821,204,S3_twin_shock,indonesia,USDC
723,0.8005460631409096,685905.9383088725,204,S3_twin_shock,indonesia,USDC
724,0.8024817167382974,668758.2898511507,204,S3_twin_shock,indonesia,USDC
725,0.7904230519129652,652039.332604872,204,S3_twin_shock,indonesia,USDC
726,0.7694620647695574,635738.3492897502,204,S3_twin_shock,indonesia,USDC
727,0.7827676242969096,619844.8905575064,204,S3_twin_shock,indonesia,USDC
728,0.7911008947420691,604348.7682935687,204,S3_twin_shock,indonesia,USDC
729,0.8003288589917754,589240.0490862295,204,S3_twin_shock,indonesia,USDC
730,0.808777012523381,574509.0478590737,204,S3_twin_shock,indonesia,USDC
731,0.8078346173606411,560146.3216625969,204,S3_twin_shock,indonesia,USDC
732,0.822336178818362,546142.663621032,204,S3_twin_shock,indonesia,USDC
733,0.8203100244181702,532489.0970305062,204,S3_twin_shock,indonesia,USDC
734,0.7995505596653554,519176.86960474355,204,S3_twin_shock,indonesia,USDC
735,0.8317057005174832,506197.44786462496,204,S3_twin_shock,indonesia,USDC
736,0.8083772599625938,493542.51166800933,204,S3_twin_shock,indonesia,USDC
737,0.804064000738718,481203.9488763091,204,S3_twin_shock,indonesia,USDC
738,0.8205302025183642,469173.8501544014,204,S3_twin_shock,indonesia,USDC
739,0.8226495736390891,457444.50390054134,204,S3_twin_shock,indonesia,USDC
740,0.8419657386132128,446008.39130302786,204,S3_twin_shock,indonesia,USDC
741,0.8380083344893332,434858.18152045214,204,S3_twin_shock,indonesia,USDC
742,0.8447349620232295,423986.72698244086,204,S3_twin_shock,indonesia,USDC
743,0.8199338027471476,413387.05880787986,204,S3_twin_shock,indonesia,USDC
744,0.83262195235049,403052.3823376829,204,S3_twin_shock,indonesia,USDC
745,0.8120853767400492,392976.0727792408,204,S3_twin_shock,indonesia,USDC
746,0.8057632262210306,383151.67095975974,204,S3_twin_shock,indonesia,USDC
747,0.8080841989873127,373572.87918576575,204,S3_twin_shock,indonesia,USDC
748,0.821782650565584,364233.5572061216,204,S3_twin_shock,indonesia,USDC
749,0.8137158031252767,355127.71827596857,204,S3_twin_shock,indonesia,USDC
750,0.8082060615296942,346249.5253190694,204,S3_twin_shock,indonesia,USDC
751,0.8250584157125161,337593.28718609264,204,S3_twin_shock,indonesia,USDC
752,0.8258780794289596,329153.4550064403,204,S3_twin_shock,indonesia,USDC
753,0.7938055238202049,320924.6186312793,204,S3_twin_shock,indonesia,USDC
754,0.7586262616359756,312901.5031654973,204,S3_twin_shock,indonesia,USDC
755,0.7717355030138784,305078.9655863599,204,S3_twin_shock,indonesia,USDC
756,0.7075671186318836,297451.9914467009,204,S3_twin_shock,indonesia,USDC
757,0.7152469755282574,290015.6916605334,204,S3_twin_shock,indonesia,USDC
758,0.7305952333033424,282765.29936902004,204,S3_twin_shock,indonesia,USDC
759,0.7443825427324846,275696.1668847946,204,S3_twin_shock,indonesia,USDC
760,0.7488896500471508,268803.76271267474,204,S3_twin_shock,indonesia,USDC
761,0.7412604114027964,262083.66864485785,204,S3_twin_shock,indonesia,USDC
762,0.7407338449698869,255531.57692873635,204,S3_twin_shock,indonesia,USDC
763,0.7735815662389953,249143.28750551798,204,S3_twin_shock,indonesia,USDC
764,0.7634453424460349,242914.70531788003,204,S3_twin_shock,indonesia,USDC
765,0.7697033809556487,236841.83768493304,204,S3_twin_shock,indonesia,USDC
766,0.7772906874797533,230920.7917428097,204,S3_twin_shock,indonesia,USDC
767,0.7495704844153657,225147.77194923945,204,S3_twin_shock,indonesia,USDC
768,0.7699823268034535,219519.07765050847,204,S3_twin_shock,indonesia,USDC
769,0.7867679576853159,214031.10070924577,204,S3_twin_shock,indonesia,USDC
770,0.7992547211104152,208680.3231915146,204,S3_twin_shock,indonesia,USDC
771,0.777212827864723,203463.31511172673,204,S3_twin_shock,indonesia,USDC
772,0.7866287087734734,198376.73223393358,204,S3_twin_shock,indonesia,USDC
773,0.7884242590863403,193417.3139280852,204,S3_twin_shock,indonesia,USDC
774,0.7737917001447033,188581.88107988308,204,S3_twin_shock,indonesia,USDC
775,0.7996628332188958,183867.334052886,204,S3_twin_shock,indonesia,USDC
776,0.7895951920373203,179270.65070156386,204,S3_twin_shock,indonesia,USDC
777,0.785081591328011,174788.88443402475,204,S3_twin_shock,indonesia,USDC
778,0.7695084808357098,170419.16232317413,204,S3_twin_shock,indonesia,USDC
779,0.7637813580204674,166158.68326509476,204,S3_twin_shock,indonesia,USDC
780,0.7988633263941922,162004.71618346742,204,S3_twin_shock,indonesia,USDC
781,0.7870876824572752,157954.59827888073,204,S3_twin_shock,indonesia,USDC
782,0.7986433179976533,154005.7333219087,204,S3_twin_shock,indonesia,USDC
783,0.8104240695153139,150155.58998886097,204,S3_twin_shock,indonesia,USDC
784,0.8030610679283896,146401.70023913946,204,S3_twin_shock,indonesia,USDC
785,0.8028635195928495,142741.65773316097,204,S3_twin_shock,indonesia,USDC
786,0.8120950642245794,139173.11628983193,204,S3_twin_shock,indonesia,USDC
787,0.8324707080688362,135693.78838258615,204,S3_twin_shock,indonesia,USDC
788,0.8245371116729234,132301.4436730215,204,S3_twin_shock,indonesia,USDC
789,0.8267147243838106,128993.90758119596,204,S3_twin_shock,indonesia,USDC
790,0.8355017032309559,125769.05989166605,204,S3_twin_shock,indonesia,USDC
791,0.8265206691637901,122624.83339437444,204,S3_twin_shock,indonesia,USDC
792,0.8276849352527682,119559.21255951506,204,S3_twin_shock,indonesia,USDC
793,0.8553349323686836,116570.23224552718,204,S3_twin_shock,indonesia,USDC
794,0.8409644511836488,113655.97643938901,204,S3_twin_shock,indonesia,USDC
795,0.8357432212434472,110814.57702840425,204,S3_twin_shock,indonesia,USDC
796,0.8356601880324268,108044.21260269414,204,S3_twin_shock,indonesia,USDC
797,0.8274231476761164,105343.1072876268,204,S3_twin_shock,indonesia,USDC
798,0.8627405572584398,102709.52960543612,204,S3_twin_shock,indonesia,USDC
799,0.8634682439224038,100141.79136530022,204,S3_twin_shock,indonesia,USDC
800,0.8525348688551534,97638.24658116772,204,S3_twin_shock,indonesia,USDC
801,0.8439078611665983,95197.29041663853,204,S3_twin_shock,indonesia,USDC
802,0.834477950009405,92817.35815622256,204,S3_twin_shock,indonesia,USDC
803,0.8176206072434834,90496.924202317,204,S3_twin_shock,indonesia,USDC
804,0.7938571419648621,88234.50109725907,204,S3_twin_shock,indonesia,USDC
805,0.8001787606347477,86028.6385698276,204,S3_twin_shock,indonesia,USDC
806,0.8238851484844453,83877.9226055819,204,S3_twin_shock,indonesia,USDC
807,0.8189390131681376,81780.97454044236,204,S3_twin_shock,indonesia,USDC
808,0.833002485470612,79736.4501769313,204,S3_twin_shock,indonesia,USDC
809,0.8010300503692362,77743.03892250801,204,S3_twin_shock,indonesia,USDC
810,0.7908535501656343,75799.46294944531,204,S3_twin_shock,indonesia,USDC
811,0.8031142164265063,73904.47637570917,204,S3_twin_shock,indonesia,USDC
812,0.708259439841722,72056.86446631645,204,S3_twin_shock,indonesia,USDC
813,0.6992879288627829,70255.44285465854,204,S3_twin_shock,indonesia,USDC
814,0.6925456692553207,68499.05678329208,204,S3_twin_shock,indonesia,USDC
815,0.6840283958003899,66786.58036370977,204,S3_twin_shock,indonesia,USDC
816,0.6665046204367827,65116.91585461702,204,S3_twin_shock,indonesia,USDC
817,0.6901657515832526,63488.992958251605,204,S3_twin_shock,indonesia,USDC
818,0.6861943732098141,61901.768134295315,204,S3_twin_shock,indonesia,USDC
819,0.6738478385655451,60354.22393093792,204,S3_twin_shock,indonesia,USDC
820,0.6777954400770176,58845.36833266448,204,S3_twin_shock,indonesia,USDC
821,0.6994474572894681,57374.23412434787,204,S3_twin_shock,indonesia,USDC
822,0.7152797828159022,55939.87827123918,204,S3_twin_shock,indonesia,USDC
823,0.7535391407770021,54541.381314458195,204,S3_twin_shock,indonesia,USDC
824,0.7577435420825678,53177.846781596745,204,S3_twin_shock,indonesia,USDC
825,0.7601943270049365,51848.400612056816,204,S3_twin_shock,indonesia,USDC
826,0.7513004632279603,50552.190596755405,204,S3_twin_shock,indonesia,USDC
827,0.7733737327513749,49288.385831836524,204,S3_twin_shock,indonesia,USDC
828,0.7575314279630393,48056.176186040604,204,S3_twin_shock,indonesia,USDC
829,0.769402998053906,46854.77178138959,204,S3_twin_shock,indonesia,USDC
830,0.7743848842811629,45683.40248685485,204,S3_twin_shock,indonesia,USDC
831,0.7712140079387136,44541.31742468348,204,S3_twin_shock,indonesia,USDC
832,0.7782631921617947,43427.78448906639,204,S3_twin_shock,indonesia,USDC
833,0.7827397067483606,42342.08987683974,204,S3_twin_shock,indonesia,USDC
834,0.7880033893093267,41283.53762991874,204,S3_twin_shock,indonesia,USDC
835,0.7803976854906338,40251.44918917077,204,S3_twin_shock,indonesia,USDC
836,0.7334873941761877,39245.162959441506,204,S3_twin_shock,indonesia,USDC
837,0.7486555931780853,38264.033885455465,204,S3_twin_shock,indonesia,USDC
838,0.7711219382005268,37307.433038319075,204,S3_twin_shock,indonesia,USDC
839,0.7825915348961239,36374.74721236109,204,S3_twin_shock,indonesia,USDC
840,0.7794041822101943,35465.37853205207,204,S3_twin_shock,indonesia,USDC
841,0.7863180375524251,34578.74406875077,204,S3_twin_shock,indonesia,USDC
842,0.7647015410202288,33714.275467032,204,S3_twin_shock,indonesia,USDC
843,0.7467005459747689,32871.4185803562,204,S3_twin_shock,indonesia,USDC
844,0.766067150706308,32049.633115847297,204,S3_twin_shock,indonesia,USDC
845,0.7652016600285568,31248.392287951116,204,S3_twin_shock,indonesia,USDC
846,0.7671638443487384,30467.182480752337,204,S3_twin_shock,indonesia,USDC
847,0.7725828332110976,29705.502918733528,204,S3_twin_shock,indonesia,USDC
848,0.7785076007628492,28962.86534576519,204,S3_twin_shock,indonesia,USDC
849,0.7826171699864063,28238.793712121056,204,S3_twin_shock,indonesia,USDC
850,0.8066401916549049,27532.823869318032,204,S3_twin_shock,indonesia,USDC
851,0.8031510915292673,26844.503272585083,204,S3_twin_shock,indonesia,USDC
852,0.8128562915820375,26173.39069077045,204,S3_twin_shock,indonesia,USDC
853,0.800105376483338,25519.055923501197,204,S3_twin_shock,indonesia,USDC
854,0.8012630988541871,24881.07952541367,204,S3_twin_shock,indonesia,USDC
855,0.8014407411684906,24259.052537278323,204,S3_twin_shock,indonesia,USDC
856,0.7983762405039023,23652.576223846365,204,S3_twin_shock,indonesia,USDC
857,0.7971169041847128,23061.261818250205,204,S3_twin_shock,indonesia,USDC
858,0.8065971947192975,22484.730272793953,204,S3_twin_shock,indonesia,USDC
859,0.828418193690799,21922.612015974104,204,S3_twin_shock,indonesia,USDC
860,0.8090433880478238,21374.546715574746,204,S3_twin_shock,indonesia,USDC
861,0.8106563182991247,20840.18304768538,204,S3_twin_shock,indonesia,USDC
862,0.8017420975552052,20319.178471493244,204,S3_twin_shock,indonesia,USDC
863,0.786003750653142,19811.199009705913,204,S3_twin_shock,indonesia,USDC
864,0.7939489054117411,19315.919034463266,204,S3_twin_shock,indonesia,USDC
865,0.7951867209463545,18833.021058601684,204,S3_twin_shock,indonesia,USDC
866,0.7238463887299655,18362.195532136644,204,S3_twin_shock,indonesia,USDC
867,0.6734125493172112,17903.140643833227,204,S3_twin_shock,indonesia,USDC
868,0.6772258831772547,17455.562127737398,204,S3_twin_shock,indonesia,USDC
869,0.6862746277929351,17019.173074543964,204,S3_twin_shock,indonesia,USDC
870,0.6996576066936914,16593.693747680365,204,S3_twin_shock,indonesia,USDC
871,0.7350676148242776,16178.851403988354,204,S3_twin_shock,indonesia,USDC
872,0.744798372143335,15774.380118888643,204,S3_twin_shock,indonesia,USDC
873,0.7569338618612629,15380.020615916428,204,S3_twin_shock,indonesia,USDC
874,0.7319853228451969,14995.520100518519,204,S3_twin_shock,indonesia,USDC
875,0.7426339000571064,14620.632098005553,204,S3_twin_shock,indonesia,USDC
876,0.7610829306695412,14255.116295555417,204,S3_twin_shock,indonesia,USDC
877,0.7578963544609314,13898.73838816653,204,S3_twin_shock,indonesia,USDC
878,0.757449248428062,13551.269928462369,204,S3_twin_shock,indonesia,USDC
879,0.7987114959758244,13212.48818025081,204,S3_twin_shock,indonesia,USDC
880,0.7859890076029606,12882.175975744538,204,S3_twin_shock,indonesia,USDC
881,0.7831473303586166,12560.121576350926,204,S3_twin_shock,indonesia,USDC
882,0.7921397963945495,12246.118536942151,204,S3_twin_shock,indonesia,USDC
883,0.7903081507312469,11939.965573518599,204,S3_twin_shock,indonesia,USDC
884,0.7813256939088676,11641.466434180633,204,S3_twin_shock,indonesia,USDC
885,0.777011004331101,11350.429773326117,204,S3_twin_shock,indonesia,USDC
886,0.7767235081833274,11066.669028992965,204,S3_twin_shock,indonesia,USDC
887,0.8012364069475637,10790.00230326814,204,S3_twin_shock,indonesia,USDC
888,0.8064413480510585,10520.252245686437,204,S3_twin_shock,indonesia,USDC
889,0.7928698419875129,10257.245939544275,204,S3_twin_shock,indonesia,USDC
890,0.7830206004239949,10000.814791055669,204,S3_twin_shock,indonesia,USDC
891,0.810098694078863,9750.794421279275,204,S3_twin_shock,indonesia,USDC
892,0.8158733357423471,9507.024560747293,204,S3_twin_shock,indonesia,USDC
893,0.8098426741596839,9269.348946728613,204,S3_twin_shock,indonesia,USDC
894,0.8349667023877623,9037.615223060398,204,S3_twin_shock,indonesia,USDC
895,0.811439810513109,8811.674842483888,204,S3_twin_shock,indonesia,USDC
896,0.8146962687957083,8591.38297142179,204,S3_twin_shock,indonesia,USDC
897,0.8091390655280216,8376.598397136244,204,S3_twin_shock,indonesia,USDC
898,0.7818219960124927,8167.183437207839,204,S3_twin_shock,indonesia,USDC
899,0.7824171959521415,7963.003851277643,204,S3_twin_shock,indonesia,USDC
900,0.7878218798681074,7763.928754995703,204,S3_twin_shock,indonesia,USDC
901,0.8129328421769029,7569.8305361208095,204,S3_twin_shock,indonesia,USDC
902,0.8061585372882626,7380.584772717789,204,S3_twin_shock,indonesia,USDC
903,0.7891924930657123,7196.070153399845,204,S3_twin_shock,indonesia,USDC
904,0.7753103015848088,7016.168399564848,204,S3_twin_shock,indonesia,USDC
905,0.7612386278706921,6840.764189575727,204,S3_twin_shock,indonesia,USDC
906,0.7895549966499783,6669.745084836334,204,S3_twin_shock,indonesia,USDC
907,0.8011907221745487,6503.001457715426,204,S3_twin_shock,indonesia,USDC
908,0.7890429166095523,6340.42642127254,204,S3_twin_shock,indonesia,USDC
909,0.7812253413969733,6181.915760740727,204,S3_twin_shock,indonesia,USDC
910,0.7807462137897924,6027.367866722208,204,S3_twin_shock,indonesia,USDC
911,0.8142308498994871,5876.6836700541535,204,S3_twin_shock,indonesia,USDC
912,0.8247096122984733,5729.7665783028,204,S3_twin_shock,indonesia,USDC
913,0.8319528323083778,5586.5224138452295,204,S3_twin_shock,indonesia,USDC
914,0.811858747419351,5446.859353499099,204,S3_twin_shock,indonesia,USDC
915,0.8173717454437263,5310.687869661621,204,S3_twin_shock,indonesia,USDC
916,0.8060610142775887,5177.9206729200805,204,S3_twin_shock,indonesia,USDC
917,0.7807365173995975,5048.4726560970785,204,S3_twin_shock,indonesia,USDC
918,0.7868703169470399,4922.260839694652,204,S3_twin_shock,indonesia,USDC
919,0.7781437677434421,4799.2043187022855,204,S3_twin_shock,indonesia,USDC
920,0.7851821755384779,4679.224210734728,204,S3_twin_shock,indonesia,USDC
921,0.7821153455298144,4562.243605466359,204,S3_twin_shock,indonesia,USDC
922,0.79746125547221,4448.1875153297015,204,S3_twin_shock,indonesia,USDC
923,0.7961631378869953,4336.982827446458,204,S3_twin_shock,indonesia,USDC
924,0.7962823558584418,4228.558256760298,204,S3_twin_shock,indonesia,USDC
925,0.7989391439650656,4122.844300341289,204,S3_twin_shock,indonesia,USDC
926,0.7710093575583241,4019.7731928327576,204,S3_twin_shock,indonesia,USDC
927,0.7408551268555457,3919.2788630119385,204,S3_twin_shock,indonesia,USDC
928,0.7325882692048866,3821.29689143664,204,S3_twin_shock,indonesia,USDC
929,0.7429398107848015,3725.764469150724,204,S3_twin_shock,indonesia,USDC
930,0.7396589624503019,3632.6203574219553,204,S3_twin_shock,indonesia,USDC
931,0.7281213115189096,3541.8048484864066,204,S3_twin_shock,indonesia,USDC
932,0.7359647017604435,3453.2597272742464,204,S3_twin_shock,indonesia,USDC
933,0.732397865680353,3366.9282340923905,204,S3_twin_shock,indonesia,USDC
934,0.7475773045267653,3282.7550282400807,204,S3_twin_shock,indonesia,USDC
935,0.739205653931069,3200.6861525340782,204,S3_twin_shock,indonesia,USDC
936,0.753800234849082,3120.6689987207264,204,S3_twin_shock,indonesia,USDC
937,0.7639171963764583,3042.652273752708,204,S3_twin_shock,indonesia,USDC
938,0.7747847729537845,2966.5859669088904,204,S3_twin_shock,indonesia,USDC
939,0.7476493358252364,2892.421317736168,204,S3_twin_shock,indonesia,USDC
940,0.762736179498965,2820.1107847927638,204,S3_twin_shock,indonesia,USDC
941,0.7644631364771031,2749.6080151729448,204,S3_twin_shock,indonesia,USDC
942,0.7547397522335907,2680.8678147936216,204,S3_twin_shock,indonesia,USDC
943,0.7423912968268427,2613.8461194237807,204,S3_twin_shock,indonesia,USDC
944,0.7512018531978627,2548.499966438186,204,S3_twin_shock,indonesia,USDC
945,0.7532778688587173,2484.787467277232,204,S3_twin_shock,indonesia,USDC
946,0.7653816506790684,2422.667780595301,204,S3_twin_shock,indonesia,USDC
947,0.7569393548880813,2362.101086080418,204,S3_twin_shock,indonesia,USDC
948,0.7602366095291461,2303.048558928408,204,S3_twin_shock,indonesia,USDC
949,0.7514190361108959,2245.4723449551975,204,S3_twin_shock,indonesia,USDC
950,0.7505883302197099,2189.335536331318,204,S3_twin_shock,indonesia,USDC
951,0.7513952319977502,2134.602147923035,204,S3_twin_shock,indonesia,USDC
952,0.7444601680675176,2081.237094224959,204,S3_twin_shock,indonesia,USDC
953,0.7389962997857839,2029.206166869335,204,S3_twin_shock,indonesia,USDC
954,0.7378797280415945,1978.4760126976016,204,S3_twin_shock,indonesia,USDC
955,0.7628843729693683,1929.0141123801618,204,S3_twin_shock,indonesia,USDC
956,0.7692154161617814,1880.7887595706575,204,S3_twin_shock,indonesia,USDC
957,0.8020698429789053,1833.769040581391,204,S3_twin_shock,indonesia,USDC
958,0.8069811055005081,1787.9248145668564,204,S3_twin_shock,indonesia,USDC
959,0.8073604829821959,1743.226694202685,204,S3_twin_shock,indonesia,USDC
960,0.8017778477014785,1699.646026847618,204,S3_twin_shock,indonesia,USDC
961,0.7926708983546492,1657.1548761764273,204,S3_twin_shock,indonesia,USDC
962,0.8124180012734008,1615.7260042720168,204,S3_twin_shock,indonesia,USDC
963,0.8277300360792771,1575.332854165216,204,S3_twin_shock,indonesia,USDC
964,0.8511867572867958,1535.9495328110859,204,S3_twin_shock,indonesia,USDC
965,0.8361498327797704,1497.5507944908086,204,S3_twin_shock,indonesia,USDC
966,0.8347754741736337,1460.1120246285386,204,S3_twin_shock,indonesia,USDC
967,0.827709633115373,1423.609224012825,204,S3_twin_shock,indonesia,USDC
968,0.8169906517974623,1388.0189934125042,204,S3_twin_shock,indonesia,USDC
969,0.7934806851614862,1353.3185185771918,204,S3_twin_shock,indonesia,USDC
970,0.8264968201447165,1319.4855556127618,204,S3_twin_shock,indonesia,USDC
971,0.8196725003744981,1286.498416722443,204,S3_twin_shock,indonesia,USDC
972,0.8118637207080558,1254.3359563043819,204,S3_twin_shock,indonesia,USDC
973,0.8106597984982102,1222.9775573967722,204,S3_twin_shock,indonesia,USDC
974,0.7865401377880902,1192.403118461853,204,S3_twin_shock,indonesia,USDC
975,0.7766087127443785,1162.5930405003066,204,S3_twin_shock,indonesia,USDC
976,0.771859943295479,1133.528214487799,204,S3_twin_shock,indonesia,USDC
977,0.7771156901704749,1105.190009125604,204,S3_twin_shock,indonesia,USDC
978,0.8013059529911639,1077.5602588974639,204,S3_twin_shock,indonesia,USDC
979,0.8007423471762382,1050.6212524250273,204,S3_twin_shock,indonesia,USDC
980,0.8130297208127741,1024.3557211144016,204,S3_twin_shock,indonesia,USDC
981,0.8032528007926064,998.7468280865417,204,S3_twin_shock,indonesia,USDC
982,0.8310235936108562,973.7781573843781,204,S3_twin_shock,indonesia,USDC
983,0.8190795736595172,949.4337034497685,204,S3_twin_shock,indonesia,USDC
984,0.7978019599343521,925.6978608635243,204,S3_twin_shock,indonesia,USDC
985,0.8136481417150211,902.5554143419362,204,S3_twin_shock,indonesia,USDC
986,0.804575009715302,879.9915289833878,204,S3_twin_shock,indonesia,USDC
987,0.7785075032922177,857.9917407588032,204,S3_twin_shock,indonesia,USDC
988,0.658774555619243,836.541947239833,204,S3_twin_shock,indonesia,USDC
989,0.6651095435302145,815.6283985588373,204,S3_twin_shock,indonesia,USDC
990,0.6732609403559839,795.2376885948663,204,S3_twin_shock,indonesia,USDC
991,0.6876834954953561,775.3567463799947,204,S3_twin_shock,indonesia,USDC
992,0.682922102783031,755.9728277204948,204,S3_twin_shock,indonesia,USDC
993,0.7004870304101166,737.0735070274825,204,S3_twin_shock,indonesia,USDC
994,0.693877742270042,718.6466693517954,204,S3_twin_shock,indonesia,USDC
995,0.7163298453606618,700.6805026180006,204,S3_twin_shock,indonesia,USDC
996,0.7463013505923288,683.1634900525505,204,S3_twin_shock,indonesia,USDC
997,0.766593955478262,666.0844028012368,204,S3_twin_shock,indonesia,USDC
998,0.7625984534511346,649.4322927312058,204,S3_twin_shock,indonesia,USDC
999,0.761811707906882,633.1964854129257,204,S3_twin_shock,indonesia,USDC
1000,0.7632021481789937,617.3665732776025,204,S3_twin_shock,indonesia,USDC
