Step,price,liquidity,iteration,scenario,region,coin
1,1.0220370748340846,2989169309105.4277,46,S3_twin_shock,indonesia,USDC
2,0.9979570930835922,2989169309105.4277,46,S3_twin_shock,indonesia,USDC
3,0.9898826287860829,2989169309105.4277,46,S3_twin_shock,indonesia,USDC
4,1.0048201749907444,2989169309105.4277,46,S3_twin_shock,indonesia,USDC
5,0.9969128376469406,2989169309105.4277,46,S3_twin_shock,indonesia,USDC
6,1.0176822201523064,2989169309105.4277,46,S3_twin_shock,indonesia,USDC
7,1.0184956866730213,2989169309105.4277,46,S3_twin_shock,indonesia,USDC
8,0.9888036831455617,2989169309105.4277,46,S3_twin_shock,indonesia,USDC
9,0.9732243225563788,2989169309105.4277,46,S3_twin_shock,indonesia,USDC
10,0.9814444771759824,2989169309105.4277,46,S3_twin_shock,indonesia,USDC
11,0.9487070856827655,2989169309105.4277,46,S3_twin_shock,indonesia,USDC
12,0.9703873355948174,2987865441445.165,46,S3_twin_shock,indonesia,USDC
13,0.972906939174379,2987865441445.165,46,S3_twin_shock,indonesia,USDC
14,0.995994898712736,2987865441445.165,46,S3_twin_shock,indonesia,USDC
15,0.9840810226118571,2987865441445.165,46,S3_twin_shock,indonesia,USDC
16,0.9434983023870177,2987865441445.165,46,S3_twin_shock,indonesia,USDC
17,0.9188695273770268,2986276392491.787,46,S3_twin_shock,indonesia,USDC
18,0.9214444469600315,2983266173766.3604,46,S3_twin_shock,indonesia,USDC
19,0.9314680505018947,2980578268597.7812,46,S3_twin_shock,indonesia,USDC
20,0.9466743844714052,2978570638857.03,46,S3_twin_shock,indonesia,USDC
21,0.9369228961647226,2977396024982.349,46,S3_twin_shock,indonesia,USDC
22,0.9416093083857253,2975767330025.6406,46,S3_twin_shock,indonesia,USDC
23,0.9431497910739203,2974403464003.1855,46,S3_twin_shock,indonesia,USDC
24,0.9464519613093434,2973193960897.9766,46,S3_twin_shock,indonesia,USDC
25,0.9555643381141427,2972151960236.9707,46,S3_twin_shock,indonesia,USDC
26,0.9125060220712772,2971512287021.823,46,S3_twin_shock,indonesia,USDC
27,0.9231227082940744,2969068784727.3486,46,S3_twin_shock,indonesia,USDC
28,0.9553030368421352,2967178751235.101,46,S3_twin_shock,indonesia,USDC
29,0.9500708830878027,2966613804966.1045,46,S3_twin_shock,indonesia,USDC
30,0.9625563741910349,2965881539691.395,46,S3_twin_shock,indonesia,USDC
31,0.987400275240057,2965618418171.5137,46,S3_twin_shock,indonesia,USDC
32,0.9926506237424034,2965618418171.5137,46,S3_twin_shock,indonesia,USDC
33,0.9775218679445267,2965618418171.5137,46,S3_twin_shock,indonesia,USDC
34,0.9677363323387262,2965618418171.5137,46,S3_twin_shock,indonesia,USDC
35,0.9564927115698355,2965533357687.519,46,S3_twin_shock,indonesia,USDC
36,0.9635675167545987,2965038080567.6045,46,S3_twin_shock,indonesia,USDC
37,0.968476656138238,2964818931170.3555,46,S3_twin_shock,indonesia,USDC
38,1.0012297544218547,2964779344341.066,46,S3_twin_shock,indonesia,USDC
39,0.9565188569379071,2964779344341.066,46,S3_twin_shock,indonesia,USDC
40,0.9661867793702993,2964307366899.1177,46,S3_twin_shock,indonesia,USDC
41,0.9687191729670672,2964187229337.5225,46,S3_twin_shock,indonesia,USDC
42,0.9676338067761445,2964157866014.2275,46,S3_twin_shock,indonesia,USDC
43,0.9886778789435686,2964072515822.1963,46,S3_twin_shock,indonesia,USDC
44,0.9962765161522739,2964072515822.1963,46,S3_twin_shock,indonesia,USDC
45,1.0297905569482495,2964072515822.1963,46,S3_twin_shock,indonesia,USDC
46,1.0110385003376516,2964072515822.1963,46,S3_twin_shock,indonesia,USDC
47,1.0082853392466877,2964072515822.1963,46,S3_twin_shock,indonesia,USDC
48,0.9936812990810316,2964072515822.1963,46,S3_twin_shock,indonesia,USDC
49,0.9762764506212206,2964072515822.1963,46,S3_twin_shock,indonesia,USDC
50,0.9639624060438248,2964072515822.1963,46,S3_twin_shock,indonesia,USDC
51,0.9715713783029486,2963885237376.2197,46,S3_twin_shock,indonesia,USDC
52,1.0156070225445093,2963885237376.2197,46,S3_twin_shock,indonesia,USDC
53,0.9960769376490881,2963885237376.2197,46,S3_twin_shock,indonesia,USDC
54,0.9738659920115961,2963885237376.2197,46,S3_twin_shock,indonesia,USDC
55,0.9672947824522377,2963885237376.2197,46,S3_twin_shock,indonesia,USDC
56,0.985227413492409,2963806778703.2764,46,S3_twin_shock,indonesia,USDC
57,1.0021876470943285,2963806778703.2764,46,S3_twin_shock,indonesia,USDC
58,0.947810945135613,2963806778703.2764,46,S3_twin_shock,indonesia,USDC
59,0.9487771997600563,2963044106264.758,46,S3_twin_shock,indonesia,USDC
60,0.9687501268074328,2962346847025.785,46,S3_twin_shock,indonesia,USDC
61,0.9813779029371267,2962330995695.7695,46,S3_twin_shock,indonesia,USDC
62,0.9864865776178204,2962330995695.7695,46,S3_twin_shock,indonesia,USDC
63,0.9869793775450205,2962330995695.7695,46,S3_twin_shock,indonesia,USDC
64,1.017995329903338,2962330995695.7695,46,S3_twin_shock,indonesia,USDC
65,1.011326544396654,2962330995695.7695,46,S3_twin_shock,indonesia,USDC
66,1.0176135044685146,2962330995695.7695,46,S3_twin_shock,indonesia,USDC
67,1.0014385029064776,2962330995695.7695,46,S3_twin_shock,indonesia,USDC
68,0.9774397132942917,2962330995695.7695,46,S3_twin_shock,indonesia,USDC
69,0.9665356232530133,2962330995695.7695,46,S3_twin_shock,indonesia,USDC
70,0.9728276384365102,2962222322513.3486,46,S3_twin_shock,indonesia,USDC
71,0.951280775679876,2962222322513.3486,46,S3_twin_shock,indonesia,USDC
72,0.9509276963235461,2961584459861.3496,46,S3_twin_shock,indonesia,USDC
73,0.9315575604936811,2960990761174.7256,46,S3_twin_shock,indonesia,USDC
74,0.9346950670607366,2959790869127.9863,46,S3_twin_shock,indonesia,USDC
75,0.9400913346123423,2958695770622.1494,46,S3_twin_shock,indonesia,USDC
76,0.9441957370366808,2957785361284.4326,46,S3_twin_shock,indonesia,USDC
77,0.91434264838538,2957073495865.786,46,S3_twin_shock,indonesia,USDC
78,0.9292572748395616,2955548375443.0835,46,S3_twin_shock,indonesia,USDC
79,0.9139774705280682,2954460947065.392,46,S3_twin_shock,indonesia,USDC
80,0.9235225985987408,2953025188480.5015,46,S3_twin_shock,indonesia,USDC
81,0.940372908496529,2951903864044.532,46,S3_twin_shock,indonesia,USDC
82,0.9423061839730144,2951209473591.4688,46,S3_twin_shock,indonesia,USDC
83,0.9459365658648986,2950580219714.6846,46,S3_twin_shock,indonesia,USDC
84,0.9728317149995016,2950064257768.384,46,S3_twin_shock,indonesia,USDC
85,0.9574453987901784,2950064257768.384,46,S3_twin_shock,indonesia,USDC
86,0.9769415650537635,2949829781403.1196,46,S3_twin_shock,indonesia,USDC
87,0.9859019038373367,2949829781403.1196,46,S3_twin_shock,indonesia,USDC
88,0.9822307147068792,2949829781403.1196,46,S3_twin_shock,indonesia,USDC
89,0.9568388067207848,2949829781403.1196,46,S3_twin_shock,indonesia,USDC
90,0.9596220449566609,2949573996608.059,46,S3_twin_shock,indonesia,USDC
91,0.9686132787990396,2949378912660.014,46,S3_twin_shock,indonesia,USDC
92,0.9913036739584361,2949377328714.382,46,S3_twin_shock,indonesia,USDC
93,1.0153099208403187,2949377328714.382,46,S3_twin_shock,indonesia,USDC
94,1.0106338194411832,2949377328714.382,46,S3_twin_shock,indonesia,USDC
95,1.0383312562315037,2949377328714.382,46,S3_twin_shock,indonesia,USDC
96,1.0793802443622396,2949377328714.382,46,S3_twin_shock,indonesia,USDC
97,1.0519337179577155,2949377328714.382,46,S3_twin_shock,indonesia,USDC
98,1.0458883370569185,2949377328714.382,46,S3_twin_shock,indonesia,USDC
99,1.0856112858723606,2949377328714.382,46,S3_twin_shock,indonesia,USDC
100,1.0941482079946014,2949377328714.382,46,S3_twin_shock,indonesia,USDC
101,0.9216861559776487,2949377328714.382,46,S3_twin_shock,indonesia,USDC
102,0.9475757168945491,2948398119038.3887,46,S3_twin_shock,indonesia,USDC
103,0.960505105855563,2947953590917.0303,46,S3_twin_shock,indonesia,USDC
104,0.9378148300839485,2947795224444.5405,46,S3_twin_shock,indonesia,USDC
105,0.9450066673761853,2947177205630.075,46,S3_twin_shock,indonesia,USDC
106,0.9162396394075933,2946764255490.36,46,S3_twin_shock,indonesia,USDC
107,0.8962194885923261,2945814264880.447,46,S3_twin_shock,indonesia,USDC
108,0.8783017946927102,2944607654071.0596,46,S3_twin_shock,indonesia,USDC
109,0.8848187055213826,2943148201982.1284,46,S3_twin_shock,indonesia,USDC
110,0.8709644105116287,2941920634775.3086,46,S3_twin_shock,indonesia,USDC
111,0.8732538169425828,2940618742966.5713,46,S3_twin_shock,indonesia,USDC
112,0.8822171689701352,2939501564608.5205,46,S3_twin_shock,indonesia,USDC
113,0.8811258373991645,2938566518588.9478,46,S3_twin_shock,indonesia,USDC
114,0.860507808466595,2937705519492.4194,46,S3_twin_shock,indonesia,USDC
115,0.8646505481982435,2936803342535.772,46,S3_twin_shock,indonesia,USDC
116,0.8864227583903014,2936009629174.7153,46,S3_twin_shock,indonesia,USDC
117,0.8779201285985048,2935446940370.114,46,S3_twin_shock,indonesia,USDC
118,0.8917833558346372,2934877347599.2964,46,S3_twin_shock,indonesia,USDC
119,0.9287530242517774,2934448916282.5664,46,S3_twin_shock,indonesia,USDC
120,0.9625685159150692,2934230850371.135,46,S3_twin_shock,indonesia,USDC
121,0.9235973782402298,2860837270457.9624,46,S3_twin_shock,indonesia,USDC
122,0.8992446395490509,2789094900150.3438,46,S3_twin_shock,indonesia,USDC
123,0.8867827151525616,2719042640382.9053,46,S3_twin_shock,indonesia,USDC
124,0.8634389266330176,2650718700384.085,46,S3_twin_shock,indonesia,USDC
125,0.8741695174804609,2584029785814.4277,46,S3_twin_shock,indonesia,USDC
126,0.8622913140009973,2519090704375.1914,46,S3_twin_shock,indonesia,USDC
127,0.8344713603297435,2455760982320.908,46,S3_twin_shock,indonesia,USDC
128,0.8334649306697012,2393962990762.667,46,S3_twin_shock,indonesia,USDC
129,0.8115881056918428,2333778152890.466,46,S3_twin_shock,indonesia,USDC
130,0.801642015735831,2275089340135.4336,46,S3_twin_shock,indonesia,USDC
131,0.799953351449245,2217916923452.0024,46,S3_twin_shock,indonesia,USDC
132,0.823157444373533,2162209005256.9285,46,S3_twin_shock,indonesia,USDC
133,0.8171860417408691,2107971819420.4238,46,S3_twin_shock,indonesia,USDC
134,0.8137933115869405,2055114034858.0513,46,S3_twin_shock,indonesia,USDC
135,0.8144326155295986,2003592340097.4565,46,S3_twin_shock,indonesia,USDC
136,0.8270325836791996,1953379409635.1487,46,S3_twin_shock,indonesia,USDC
137,0.8005209097526429,1904449921363.1304,46,S3_twin_shock,indonesia,USDC
138,0.8041783738255095,1856742652068.4194,46,S3_twin_shock,indonesia,USDC
139,0.8131734974943782,1810246551551.539,46,S3_twin_shock,indonesia,USDC
140,0.8319543566894113,1764933216043.0693,46,S3_twin_shock,indonesia,USDC
141,0.8044144210857592,1720764509498.2798,46,S3_twin_shock,indonesia,USDC
142,0.7983424451185122,1677701471165.115,46,S3_twin_shock,indonesia,USDC
143,0.8084820405885642,1635719123421.6123,46,S3_twin_shock,indonesia,USDC
144,0.8039710557248805,1594796425767.1118,46,S3_twin_shock,indonesia,USDC
145,0.8037616112657296,1554900743943.4185,46,S3_twin_shock,indonesia,USDC
146,0.8259936622383018,1516005662207.6753,46,S3_twin_shock,indonesia,USDC
147,0.8509047916784347,1478089612045.5503,46,S3_twin_shock,indonesia,USDC
148,0.8448918678846836,1441125613535.4714,46,S3_twin_shock,indonesia,USDC
149,0.8405926061739096,1405086637879.131,46,S3_twin_shock,indonesia,USDC
150,0.8345835635615512,1369949709801.7092,46,S3_twin_shock,indonesia,USDC
151,0.8196556902560059,1335692114458.979,46,S3_twin_shock,indonesia,USDC
152,0.7868007001409281,1302291355218.572,46,S3_twin_shock,indonesia,USDC
153,0.7612669541359902,1269725537452.031,46,S3_twin_shock,indonesia,USDC
154,0.7834528669382429,1237974776891.9087,46,S3_twin_shock,indonesia,USDC
155,0.774832814418542,1207019982445.8718,46,S3_twin_shock,indonesia,USDC
156,0.7779961850960871,1176839641898.105,46,S3_twin_shock,indonesia,USDC
157,0.794794303118388,1147414832542.8044,46,S3_twin_shock,indonesia,USDC
158,0.7711220766865655,1118726764337.581,46,S3_twin_shock,indonesia,USDC
159,0.7809696596696722,1090756051295.3707,46,S3_twin_shock,indonesia,USDC
160,0.7882083516703419,1063485119499.8328,46,S3_twin_shock,indonesia,USDC
161,0.825889657998417,1036896411836.396,46,S3_twin_shock,indonesia,USDC
162,0.8174065928706885,1010973002096.6516,46,S3_twin_shock,indonesia,USDC
163,0.7977566497859783,985697768397.5529,46,S3_twin_shock,indonesia,USDC
164,0.7930511082786126,961054471237.8169,46,S3_twin_shock,indonesia,USDC
165,0.7609682493373281,937027379487.228,46,S3_twin_shock,indonesia,USDC
166,0.7659307076944771,913600979798.8145,46,S3_twin_shock,indonesia,USDC
167,0.7597074588790004,890760399046.2078,46,S3_twin_shock,indonesia,USDC
168,0.7282128238050334,868490929421.386,46,S3_twin_shock,indonesia,USDC
169,0.719273359370369,846778218483.6793,46,S3_twin_shock,indonesia,USDC
170,0.7441514658857489,825608413734.277,46,S3_twin_shock,indonesia,USDC
171,0.7272128038867461,804967970087.1035,46,S3_twin_shock,indonesia,USDC
172,0.7503552775504684,784843585559.1688,46,S3_twin_shock,indonesia,USDC
173,0.7436347545699907,765222368791.4736,46,S3_twin_shock,indonesia,USDC
174,0.7318017741608015,746091707109.2676,46,S3_twin_shock,indonesia,USDC
175,0.7404682069075138,727439332430.3608,46,S3_twin_shock,indonesia,USDC
176,0.7529402761705195,709253287233.4728,46,S3_twin_shock,indonesia,USDC
177,0.7562265660938218,691521910742.7478,46,S3_twin_shock,indonesia,USDC
178,0.759473020593194,674233827175.6648,46,S3_twin_shock,indonesia,USDC
179,0.7786597516574012,657377954923.1002,46,S3_twin_shock,indonesia,USDC
180,0.7718358953842092,640943485677.177,46,S3_twin_shock,indonesia,USDC
181,0.7768069225023662,624919881922.4236,46,S3_twin_shock,indonesia,USDC
182,0.7861857889584579,609296872433.3098,46,S3_twin_shock,indonesia,USDC
183,0.7674895779733903,594064440820.0001,46,S3_twin_shock,indonesia,USDC
184,0.7660819916622877,579212820962.5793,46,S3_twin_shock,indonesia,USDC
185,0.7883663983102381,564732493316.2207,46,S3_twin_shock,indonesia,USDC
186,0.7658328515684365,550614175723.0951,46,S3_twin_shock,indonesia,USDC
187,0.7850072738985288,536848816799.97986,46,S3_twin_shock,indonesia,USDC
188,0.7593463072463058,523427593024.33075,46,S3_twin_shock,indonesia,USDC
189,0.7759817677665052,510341899952.9433,46,S3_twin_shock,indonesia,USDC
190,0.7980561956352019,497583350113.87866,46,S3_twin_shock,indonesia,USDC
191,0.785960523048042,485143764701.8867,46,S3_twin_shock,indonesia,USDC
192,0.8112074786725938,473015169179.9596,46,S3_twin_shock,indonesia,USDC
193,0.8006264904923515,461189788961.40515,46,S3_twin_shock,indonesia,USDC
194,0.8008595557728498,449660043365.1981,46,S3_twin_shock,indonesia,USDC
195,0.7933560571787163,438418541523.72296,46,S3_twin_shock,indonesia,USDC
196,0.7981777505132315,427458077355.0569,46,S3_twin_shock,indonesia,USDC
197,0.8048573454872505,416771624913.1123,46,S3_twin_shock,indonesia,USDC
198,0.8142369921821925,406352333857.9979,46,S3_twin_shock,indonesia,USDC
199,0.8136270986674307,396193525193.40466,46,S3_twin_shock,indonesia,USDC
200,0.8363784756646307,386288686780.8784,46,S3_twin_shock,indonesia,USDC
201,0.8304655670690553,376631469412.1135,46,S3_twin_shock,indonesia,USDC
202,0.8323116158244415,367215682500.25275,46,S3_twin_shock,indonesia,USDC
203,0.8309646199616358,358035290280.4027,46,S3_twin_shock,indonesia,USDC
204,0.794787878255078,349084407892.42395,46,S3_twin_shock,indonesia,USDC
205,0.7944323257401321,340357297543.0416,46,S3_twin_shock,indonesia,USDC
206,0.8096526154014625,331848364986.9194,46,S3_twin_shock,indonesia,USDC
207,0.8160996316882619,323552155771.4754,46,S3_twin_shock,indonesia,USDC
208,0.8244375273610869,315463351805.3576,46,S3_twin_shock,indonesia,USDC
209,0.82075414674664,307576767948.7466,46,S3_twin_shock,indonesia,USDC
210,0.8493574992421065,299887348698.54144,46,S3_twin_shock,indonesia,USDC
211,0.8412536346860957,292390164944.17523,46,S3_twin_shock,indonesia,USDC
212,0.8575110272148805,285080410786.7988,46,S3_twin_shock,indonesia,USDC
213,0.7292017334106986,277953400492.01733,46,S3_twin_shock,indonesia,USDC
214,0.7382616764033949,271004565431.7558,46,S3_twin_shock,indonesia,USDC
215,0.7484494204871698,264229451261.48242,46,S3_twin_shock,indonesia,USDC
216,0.7484033153055382,257623714954.42026,46,S3_twin_shock,indonesia,USDC
217,0.7550918498103905,251183122059.72998,46,S3_twin_shock,indonesia,USDC
218,0.7423537065938143,244903543992.25677,46,S3_twin_shock,indonesia,USDC
219,0.7562106802284546,238780955379.75925,46,S3_twin_shock,indonesia,USDC
220,0.7500385583143273,232811431486.04547,46,S3_twin_shock,indonesia,USDC
221,0.753243535511391,226991145691.13095,46,S3_twin_shock,indonesia,USDC
222,0.7522981114445526,221316367043.15906,46,S3_twin_shock,indonesia,USDC
223,0.7615349452955857,215783457862.50055,46,S3_twin_shock,indonesia,USDC
224,0.7607465754930485,210388871412.58893,46,S3_twin_shock,indonesia,USDC
225,0.7445696013882642,205129149624.60968,46,S3_twin_shock,indonesia,USDC
226,0.7523171588167825,200000920881.71475,46,S3_twin_shock,indonesia,USDC
227,0.7641226946939761,195000897857.9316,46,S3_twin_shock,indonesia,USDC
228,0.7737991865535617,190125875410.22424,46,S3_twin_shock,indonesia,USDC
229,0.7807448298458194,185372728524.01373,46,S3_twin_shock,indonesia,USDC
230,0.7692313059982112,180738410310.172,46,S3_twin_shock,indonesia,USDC
231,0.7547611973208479,176219950051.79147,46,S3_twin_shock,indonesia,USDC
232,0.7590199949276696,171814451299.956,46,S3_twin_shock,indonesia,USDC
233,0.7359950980083402,167519090017.0381,46,S3_twin_shock,indonesia,USDC
234,0.7414267760395105,163331112766.24243,46,S3_twin_shock,indonesia,USDC
235,0.7808675848540196,159247834946.8021,46,S3_twin_shock,indonesia,USDC
236,0.7730496105136435,155266639072.95383,46,S3_twin_shock,indonesia,USDC
237,0.765262066169459,151384973095.9755,46,S3_twin_shock,indonesia,USDC
238,0.7512475616598444,147600348768.44684,46,S3_twin_shock,indonesia,USDC
239,0.7595812990758029,143910340049.12552,46,S3_twin_shock,indonesia,USDC
240,0.764375370798081,140312581547.81598,46,S3_twin_shock,indonesia,USDC
241,0.754400420706872,136804767009.05595,46,S3_twin_shock,indonesia,USDC
242,0.7596826631820773,133384647833.77673,46,S3_twin_shock,indonesia,USDC
243,0.7639524196677187,130050031637.88986,46,S3_twin_shock,indonesia,USDC
244,0.7627404607666896,126798780846.91058,46,S3_twin_shock,indonesia,USDC
245,0.7964319168661497,123628811325.71268,46,S3_twin_shock,indonesia,USDC
246,0.8043454835503189,120538091042.5531,46,S3_twin_shock,indonesia,USDC
247,0.7928588084430195,117524638766.47597,46,S3_twin_shock,indonesia,USDC
248,0.7841431946832098,114586522797.30212,46,S3_twin_shock,indonesia,USDC
249,0.762050986861385,111721859727.35916,46,S3_twin_shock,indonesia,USDC
250,0.7432202249981997,108928813234.16565,46,S3_twin_shock,indonesia,USDC
251,0.7515474424327705,106205592903.3027,46,S3_twin_shock,indonesia,USDC
252,0.7591105103278848,103550453080.71387,46,S3_twin_shock,indonesia,USDC
253,0.7152398572889771,100961691753.69131,46,S3_twin_shock,indonesia,USDC
254,0.7282160562360994,98437649459.84451,46,S3_twin_shock,indonesia,USDC
255,0.7283889487477077,95976708223.34506,46,S3_twin_shock,indonesia,USDC
256,0.7282763880204158,93577290517.7591,46,S3_twin_shock,indonesia,USDC
257,0.7401835731467606,91237858254.81331,46,S3_twin_shock,indonesia,USDC
258,0.7464579641785793,88956911798.4416,46,S3_twin_shock,indonesia,USDC
259,0.7804397756992719,86732989003.47958,46,S3_twin_shock,indonesia,USDC
260,0.7733546538039682,84564664278.39194,46,S3_twin_shock,indonesia,USDC
261,0.780512787850585,82450547671.43158,46,S3_twin_shock,indonesia,USDC
262,0.809709977999806,80389283979.64537,46,S3_twin_shock,indonesia,USDC
263,0.8061685848206013,78379551880.15393,46,S3_twin_shock,indonesia,USDC
264,0.8101576311194348,76420063083.14984,46,S3_twin_shock,indonesia,USDC
265,0.7818625707987606,74509561506.07086,46,S3_twin_shock,indonesia,USDC
266,0.7917528475602343,72646822468.41888,46,S3_twin_shock,indonesia,USDC
267,0.7790377552011445,70830651906.70825,46,S3_twin_shock,indonesia,USDC
268,0.7922593739415067,69059885609.0404,46,S3_twin_shock,indonesia,USDC
269,0.8021410398942926,67333388468.814285,46,S3_twin_shock,indonesia,USDC
270,0.7868180418879326,65650053757.09385,46,S3_twin_shock,indonesia,USDC
271,0.7690638193681115,64008802413.16643,46,S3_twin_shock,indonesia,USDC
272,0.7576656699054254,62408582352.837204,46,S3_twin_shock,indonesia,USDC
273,0.7504906436954341,60848367794.01622,46,S3_twin_shock,indonesia,USDC
274,0.756692445284009,59327158599.16577,46,S3_twin_shock,indonesia,USDC
275,0.7596659875379401,57843979634.186584,46,S3_twin_shock,indonesia,USDC
276,0.7550568903619304,56397880143.331894,46,S3_twin_shock,indonesia,USDC
277,0.7300659601421533,54987933139.748566,46,S3_twin_shock,indonesia,USDC
278,0.7396800652269662,53613234811.25484,46,S3_twin_shock,indonesia,USDC
279,0.759163384725806,52272903940.97346,46,S3_twin_shock,indonesia,USDC
280,0.770985855791955,50966081342.44911,46,S3_twin_shock,indonesia,USDC
281,0.7705194565978256,49691929308.88788,46,S3_twin_shock,indonesia,USDC
282,0.7545081718311895,48449631076.16568,46,S3_twin_shock,indonesia,USDC
283,0.759530401559942,47238390299.26153,46,S3_twin_shock,indonesia,USDC
284,0.7580053778779945,46057430541.77998,46,S3_twin_shock,indonesia,USDC
285,0.7615290415406335,44905994778.23547,46,S3_twin_shock,indonesia,USDC
286,0.7567782537788909,43783344908.779594,46,S3_twin_shock,indonesia,USDC
287,0.7327082250420159,42688761286.060104,46,S3_twin_shock,indonesia,USDC
288,0.7354962081601896,41621542253.9086,46,S3_twin_shock,indonesia,USDC
289,0.7564243415819843,40581003697.56088,46,S3_twin_shock,indonesia,USDC
290,0.7351864466990606,39566478605.12186,46,S3_twin_shock,indonesia,USDC
291,0.7206897487270912,38577316639.99381,46,S3_twin_shock,indonesia,USDC
292,0.7387586304243139,37612883723.99397,46,S3_twin_shock,indonesia,USDC
293,0.7494732756111478,36672561630.89412,46,S3_twin_shock,indonesia,USDC
294,0.7855240432384964,35755747590.121765,46,S3_twin_shock,indonesia,USDC
295,0.7773325874030633,34861853900.36872,46,S3_twin_shock,indonesia,USDC
296,0.7807305986280751,33990307552.859505,46,S3_twin_shock,indonesia,USDC
297,0.7780879912015939,33140549864.038017,46,S3_twin_shock,indonesia,USDC
298,0.753934132657523,32312036117.437065,46,S3_twin_shock,indonesia,USDC
299,0.7732607624207848,31504235214.501137,46,S3_twin_shock,indonesia,USDC
300,0.7631217175189293,30716629334.13861,46,S3_twin_shock,indonesia,USDC
301,0.7708687483556134,29948713600.785145,46,S3_twin_shock,indonesia,USDC
302,0.7636272642679636,29199995760.765514,46,S3_twin_shock,indonesia,USDC
303,0.7697784123111471,28469995866.746376,46,S3_twin_shock,indonesia,USDC
304,0.7827672313794172,27758245970.07772,46,S3_twin_shock,indonesia,USDC
305,0.75337220974362,27064289820.825775,46,S3_twin_shock,indonesia,USDC
306,0.7516883266771969,26387682575.30513,46,S3_twin_shock,indonesia,USDC
307,0.7575266862935939,25727990510.9225,46,S3_twin_shock,indonesia,USDC
308,0.753735672143476,25084790748.14944,46,S3_twin_shock,indonesia,USDC
309,0.7478978046860724,24457670979.445705,46,S3_twin_shock,indonesia,USDC
310,0.7607539987898313,23846229204.95956,46,S3_twin_shock,indonesia,USDC
311,0.7539138506280534,23250073474.83557,46,S3_twin_shock,indonesia,USDC
312,0.7599602013817234,22668821637.964684,46,S3_twin_shock,indonesia,USDC
313,0.7928329325716494,22102101097.015568,46,S3_twin_shock,indonesia,USDC
314,0.7825546513898839,21549548569.590176,46,S3_twin_shock,indonesia,USDC
315,0.7753781258313812,21010809855.35042,46,S3_twin_shock,indonesia,USDC
316,0.7679723765238362,20485539608.966663,46,S3_twin_shock,indonesia,USDC
317,0.7445557601005165,19973401118.742493,46,S3_twin_shock,indonesia,USDC
318,0.7399794598251671,19474066090.77393,46,S3_twin_shock,indonesia,USDC
319,0.7562747789656691,18987214438.504585,46,S3_twin_shock,indonesia,USDC
320,0.7611460673544104,18512534077.54197,46,S3_twin_shock,indonesia,USDC
321,0.7622162678240736,18049720725.60342,46,S3_twin_shock,indonesia,USDC
322,0.7677449120426421,17598477707.463333,46,S3_twin_shock,indonesia,USDC
323,0.7757974787875674,17158515764.776752,46,S3_twin_shock,indonesia,USDC
324,0.7906153517801346,16729552870.657331,46,S3_twin_shock,indonesia,USDC
325,0.7990005594097942,16311314048.890898,46,S3_twin_shock,indonesia,USDC
326,0.7991818343158239,15903531197.668625,46,S3_twin_shock,indonesia,USDC
327,0.8161302998977065,15505942917.72691,46,S3_twin_shock,indonesia,USDC
328,0.8220224543386426,15118294344.783737,46,S3_twin_shock,indonesia,USDC
329,0.8043566369025658,14740336986.164143,46,S3_twin_shock,indonesia,USDC
330,0.7974830512607907,14371828561.51004,46,S3_twin_shock,indonesia,USDC
331,0.8489023547292058,14012532847.47229,46,S3_twin_shock,indonesia,USDC
332,0.8690658488558196,13662219526.28548,46,S3_twin_shock,indonesia,USDC
333,0.8370903543722193,13320664038.128345,46,S3_twin_shock,indonesia,USDC
334,0.8478585371527646,12987647437.175137,46,S3_twin_shock,indonesia,USDC
335,0.8340416519585843,12662956251.245758,46,S3_twin_shock,indonesia,USDC
336,0.8209651191167741,12346382344.964613,46,S3_twin_shock,indonesia,USDC
337,0.8302079085024315,12037722786.340498,46,S3_twin_shock,indonesia,USDC
338,0.8197257476786975,11736779716.681984,46,S3_twin_shock,indonesia,USDC
339,0.8116124404727192,11443360223.764935,46,S3_twin_shock,indonesia,USDC
340,0.7918147263147041,11157276218.170813,46,S3_twin_shock,indonesia,USDC
341,0.7649471192178807,10878344312.716541,46,S3_twin_shock,indonesia,USDC
342,0.7779246057291104,10606385704.898628,46,S3_twin_shock,indonesia,USDC
343,0.7864885035918076,10341226062.276161,46,S3_twin_shock,indonesia,USDC
344,0.7991924976742677,10082695410.71926,46,S3_twin_shock,indonesia,USDC
345,0.7886931120608776,9830628025.451277,46,S3_twin_shock,indonesia,USDC
346,0.7887901718587743,9584862324.814995,46,S3_twin_shock,indonesia,USDC
347,0.7830650553489339,9345240766.694618,46,S3_twin_shock,indonesia,USDC
348,0.7662427284473399,9111609747.527254,46,S3_twin_shock,indonesia,USDC
349,0.7679975516586686,8883819503.839073,46,S3_twin_shock,indonesia,USDC
350,0.7643909523950416,8661724016.243095,46,S3_twin_shock,indonesia,USDC
351,0.753283168368291,8445180915.837018,46,S3_twin_shock,indonesia,USDC
352,0.7669337237541645,8234051392.941093,46,S3_twin_shock,indonesia,USDC
353,0.7951038938566054,8028200108.117566,46,S3_twin_shock,indonesia,USDC
354,0.8071641003334619,7827495105.414627,46,S3_twin_shock,indonesia,USDC
355,0.8128271100181927,7631807727.779261,46,S3_twin_shock,indonesia,USDC
356,0.8172606263953847,7441012534.58478,46,S3_twin_shock,indonesia,USDC
357,0.80844274607311,7254987221.22016,46,S3_twin_shock,indonesia,USDC
358,0.8154910515220442,7073612540.689655,46,S3_twin_shock,indonesia,USDC
359,0.8168558676081831,6896772227.172415,46,S3_twin_shock,indonesia,USDC
360,0.8217147620424451,6724352921.493104,46,S3_twin_shock,indonesia,USDC
361,0.8134167248316007,6556244098.455776,46,S3_twin_shock,indonesia,USDC
362,0.8115250063850874,6392337995.994383,46,S3_twin_shock,indonesia,USDC
363,0.8137454114667899,6232529546.094522,46,S3_twin_shock,indonesia,USDC
364,0.8203020960614911,6076716307.44216,46,S3_twin_shock,indonesia,USDC
365,0.8189267693568865,5924798399.756105,46,S3_twin_shock,indonesia,USDC
366,0.8158316054314784,5776678439.762203,46,S3_twin_shock,indonesia,USDC
367,0.7985962651084434,5632261478.768147,46,S3_twin_shock,indonesia,USDC
368,0.8124438554295674,5491454941.798944,46,S3_twin_shock,indonesia,USDC
369,0.7899042554802722,5354168568.253971,46,S3_twin_shock,indonesia,USDC
370,0.7789509534731759,5220314354.047621,46,S3_twin_shock,indonesia,USDC
371,0.7513438334516591,5089806495.19643,46,S3_twin_shock,indonesia,USDC
372,0.7609301784600278,4962561332.81652,46,S3_twin_shock,indonesia,USDC
373,0.7761509294028134,4838497299.496107,46,S3_twin_shock,indonesia,USDC
374,0.8013760100818431,4717534867.008704,46,S3_twin_shock,indonesia,USDC
375,0.8007373945001858,4599596495.333487,46,S3_twin_shock,indonesia,USDC
376,0.8237275739038634,4484606582.95015,46,S3_twin_shock,indonesia,USDC
377,0.8116366875034539,4372491418.376396,46,S3_twin_shock,indonesia,USDC
378,0.8044754361217138,4263179132.9169865,46,S3_twin_shock,indonesia,USDC
379,0.8035513062594323,4156599654.594062,46,S3_twin_shock,indonesia,USDC
380,0.8348184139212335,4052684663.22921,46,S3_twin_shock,indonesia,USDC
381,0.8457431585365999,3951367546.6484795,46,S3_twin_shock,indonesia,USDC
382,0.8282136557060252,3852583357.9822674,46,S3_twin_shock,indonesia,USDC
383,0.8345342762892741,3756268774.032711,46,S3_twin_shock,indonesia,USDC
384,0.8051074443594785,3662362054.681893,46,S3_twin_shock,indonesia,USDC
385,0.8076731657649467,3570803003.3148456,46,S3_twin_shock,indonesia,USDC
386,0.8157926903643178,3481532928.2319746,46,S3_twin_shock,indonesia,USDC
387,0.7853466345535265,3394494605.0261755,46,S3_twin_shock,indonesia,USDC
388,0.7995004516317059,3309632239.900521,46,S3_twin_shock,indonesia,USDC
389,0.8076008333331197,3226891433.9030075,46,S3_twin_shock,indonesia,USDC
390,0.8099105101429865,3146219148.0554323,46,S3_twin_shock,indonesia,USDC
391,0.8296488879943666,3067563669.354047,46,S3_twin_shock,indonesia,USDC
392,0.8383954441632643,2990874577.6201954,46,S3_twin_shock,indonesia,USDC
393,0.8209301689107844,2916102713.1796904,46,S3_twin_shock,indonesia,USDC
394,0.802207059569027,2843200145.3501983,46,S3_twin_shock,indonesia,USDC
395,0.8027288486549705,2772120141.7164435,46,S3_twin_shock,indonesia,USDC
396,0.7954559612804694,2702817138.1735325,46,S3_twin_shock,indonesia,USDC
397,0.7845286255426791,2635246709.719194,46,S3_twin_shock,indonesia,USDC
398,0.77588821874117,2569365541.976214,46,S3_twin_shock,indonesia,USDC
399,0.7645644994420071,2505131403.426809,46,S3_twin_shock,indonesia,USDC
400,0.7431272717511958,2442503118.341139,46,S3_twin_shock,indonesia,USDC
401,0.7499978107448604,2381440540.3826103,46,S3_twin_shock,indonesia,USDC
402,0.7606203436820345,2321904526.873045,46,S3_twin_shock,indonesia,USDC
403,0.7669834453582776,2263856913.7012186,46,S3_twin_shock,indonesia,USDC
404,0.7861840756407549,2207260490.8586884,46,S3_twin_shock,indonesia,USDC
405,0.8349013623131173,2152078978.587221,46,S3_twin_shock,indonesia,USDC
406,0.8371797934036912,2098277004.1225405,46,S3_twin_shock,indonesia,USDC
407,0.8349486843875084,2045820079.019477,46,S3_twin_shock,indonesia,USDC
408,0.8495411038941179,1994674577.0439901,46,S3_twin_shock,indonesia,USDC
409,0.8922805052417924,1944807712.6178904,46,S3_twin_shock,indonesia,USDC
410,0.8643358943217119,1896187519.8024428,46,S3_twin_shock,indonesia,USDC
411,0.8552808697077363,1848782831.8073816,46,S3_twin_shock,indonesia,USDC
412,0.8608436769831954,1802563261.012197,46,S3_twin_shock,indonesia,USDC
413,0.8434062673941596,1757499179.4868922,46,S3_twin_shock,indonesia,USDC
414,0.8075942610087012,1713561699.99972,46,S3_twin_shock,indonesia,USDC
415,0.7855100926989448,1670722657.4997272,46,S3_twin_shock,indonesia,USDC
416,0.7748685379733654,1628954591.062234,46,S3_twin_shock,indonesia,USDC
417,0.7693689613750613,1588230726.285678,46,S3_twin_shock,indonesia,USDC
418,0.7582588497628314,1548524958.1285362,46,S3_twin_shock,indonesia,USDC
419,0.7505127686986841,1509811834.1753228,46,S3_twin_shock,indonesia,USDC
420,0.7621276013691843,1472066538.3209398,46,S3_twin_shock,indonesia,USDC
421,0.753604911793382,1435264874.8629162,46,S3_twin_shock,indonesia,USDC
422,0.7410523547539434,1399383252.9913435,46,S3_twin_shock,indonesia,USDC
423,0.7652241100630718,1364398671.6665597,46,S3_twin_shock,indonesia,USDC
424,0.7526961971101895,1330288704.8748958,46,S3_twin_shock,indonesia,USDC
425,0.6588053322147379,1297031487.2530234,46,S3_twin_shock,indonesia,USDC
426,0.6837926400997725,1264605700.0716977,46,S3_twin_shock,indonesia,USDC
427,0.6790090142050689,1232990557.5699053,46,S3_twin_shock,indonesia,USDC
428,0.6787993266405445,1202165793.6306577,46,S3_twin_shock,indonesia,USDC
429,0.6876367477409018,1172111648.789891,46,S3_twin_shock,indonesia,USDC
430,0.6905533379381035,1142808857.5701437,46,S3_twin_shock,indonesia,USDC
431,0.6908566273743451,1114238636.1308904,46,S3_twin_shock,indonesia,USDC
432,0.7092421703001246,1086382670.2276177,46,S3_twin_shock,indonesia,USDC
433,0.7002233167709179,1059223103.4719276,46,S3_twin_shock,indonesia,USDC
434,0.7223905255247368,1032742525.8851293,46,S3_twin_shock,indonesia,USDC
435,0.7233903875406127,1006923962.7380011,46,S3_twin_shock,indonesia,USDC
436,0.7330978347034097,981750863.669551,46,S3_twin_shock,indonesia,USDC
437,0.759347587131819,957207092.0778122,46,S3_twin_shock,indonesia,USDC
438,0.7563145135334343,933276914.7758669,46,S3_twin_shock,indonesia,USDC
439,0.7805623326015855,909944991.9064703,46,S3_twin_shock,indonesia,USDC
440,0.793300732929515,887196367.1088085,46,S3_twin_shock,indonesia,USDC
441,0.7684719343461766,865016457.9310882,46,S3_twin_shock,indonesia,USDC
442,0.7768266692826448,843391046.482811,46,S3_twin_shock,indonesia,USDC
443,0.7748076592737305,822306270.3207407,46,S3_twin_shock,indonesia,USDC
444,0.7770903967782624,801748613.5627222,46,S3_twin_shock,indonesia,USDC
445,0.7783404479438514,781704898.2236542,46,S3_twin_shock,indonesia,USDC
446,0.8102758150659334,762162275.7680628,46,S3_twin_shock,indonesia,USDC
447,0.7828341086622792,743108218.8738613,46,S3_twin_shock,indonesia,USDC
448,0.7843267383540291,724530513.4020147,46,S3_twin_shock,indonesia,USDC
449,0.7890471750674475,706417250.5669644,46,S3_twin_shock,indonesia,USDC
450,0.7955238400780376,688756819.3027902,46,S3_twin_shock,indonesia,USDC
451,0.7630615176801162,671537898.8202205,46,S3_twin_shock,indonesia,USDC
452,0.7547110311407956,654749451.349715,46,S3_twin_shock,indonesia,USDC
453,0.741450660904991,638380715.0659721,46,S3_twin_shock,indonesia,USDC
454,0.7324278107130495,622421197.1893228,46,S3_twin_shock,indonesia,USDC
455,0.7355764468599638,606860667.2595898,46,S3_twin_shock,indonesia,USDC
456,0.7297956088679906,591689150.5781,46,S3_twin_shock,indonesia,USDC
457,0.721441451900249,576896921.8136475,46,S3_twin_shock,indonesia,USDC
458,0.7309170493781111,562474498.7683063,46,S3_twin_shock,indonesia,USDC
459,0.7240137072853823,548412636.2990986,46,S3_twin_shock,indonesia,USDC
460,0.7406522135507917,534702320.39162123,46,S3_twin_shock,indonesia,USDC
461,0.7352692652208961,521334762.3818307,46,S3_twin_shock,indonesia,USDC
462,0.7359819712794067,508301393.3222849,46,S3_twin_shock,indonesia,USDC
463,0.7369027232301252,495593858.4892278,46,S3_twin_shock,indonesia,USDC
464,0.7527146400070033,483204012.0269971,46,S3_twin_shock,indonesia,USDC
465,0.7424342833625168,471123911.7263222,46,S3_twin_shock,indonesia,USDC
466,0.7692380365504397,459345813.9331641,46,S3_twin_shock,indonesia,USDC
467,0.7530475313715215,447862168.58483505,46,S3_twin_shock,indonesia,USDC
468,0.7345911619899121,436665614.3702141,46,S3_twin_shock,indonesia,USDC
469,0.7159802930813509,425748974.0109588,46,S3_twin_shock,indonesia,USDC
470,0.7329932079387844,415105249.6606848,46,S3_twin_shock,indonesia,USDC
471,0.7324804780311555,404727618.41916776,46,S3_twin_shock,indonesia,USDC
472,0.7294810381283711,394609427.9586885,46,S3_twin_shock,indonesia,USDC
473,0.7545875601214671,384744192.2597213,46,S3_twin_shock,indonesia,USDC
474,0.7902721518066743,375125587.4532283,46,S3_twin_shock,indonesia,USDC
475,0.7828251382095446,365747447.76689756,46,S3_twin_shock,indonesia,USDC
476,0.7777548006528915,356603761.5727251,46,S3_twin_shock,indonesia,USDC
477,0.809797513186788,347688667.53340703,46,S3_twin_shock,indonesia,USDC
478,0.7946877438011584,338996450.84507185,46,S3_twin_shock,indonesia,USDC
479,0.815053740202767,330521539.57394505,46,S3_twin_shock,indonesia,USDC
480,0.8059672471313086,322258501.0845964,46,S3_twin_shock,indonesia,USDC
481,0.7871332039791016,314202038.5574815,46,S3_twin_shock,indonesia,USDC
482,0.7773228939431466,306346987.5935445,46,S3_twin_shock,indonesia,USDC
483,0.7662128354331221,298688312.90370584,46,S3_twin_shock,indonesia,USDC
484,0.7623022899764907,291221105.0811132,46,S3_twin_shock,indonesia,USDC
485,0.77327391867119,283940577.45408535,46,S3_twin_shock,indonesia,USDC
486,0.80036526296617,276842063.0177332,46,S3_twin_shock,indonesia,USDC
487,0.7655182613455174,269921011.44228995,46,S3_twin_shock,indonesia,USDC
488,0.7826486937678069,263172986.15623266,46,S3_twin_shock,indonesia,USDC
489,0.8005743954564861,256593661.50232685,46,S3_twin_shock,indonesia,USDC
490,0.800638368025495,250178819.96476865,46,S3_twin_shock,indonesia,USDC
491,0.7923950466271016,243924349.46564946,46,S3_twin_shock,indonesia,USDC
492,0.7621618407020314,237826240.72900823,46,S3_twin_shock,indonesia,USDC
493,0.7533923718554711,231880584.710783,46,S3_twin_shock,indonesia,USDC
494,0.773654939021558,226083570.0930134,46,S3_twin_shock,indonesia,USDC
495,0.7224125722246629,220431480.8406881,46,S3_twin_shock,indonesia,USDC
496,0.725715856033253,214920693.8196709,46,S3_twin_shock,indonesia,USDC
497,0.7361206977415293,209547676.47417912,46,S3_twin_shock,indonesia,USDC
498,0.7561578138996023,204308984.56232464,46,S3_twin_shock,indonesia,USDC
499,0.7672825586211401,199201259.9482665,46,S3_twin_shock,indonesia,USDC
500,0.8068198753270295,194221228.44955984,46,S3_twin_shock,indonesia,USDC
501,0.8260286084064669,189365697.73832086,46,S3_twin_shock,indonesia,USDC
502,0.8287834375609998,184631555.29486284,46,S3_twin_shock,indonesia,USDC
503,0.8350028713904845,180015766.41249126,46,S3_twin_shock,indonesia,USDC
504,0.8012521146459635,175515372.25217897,46,S3_twin_shock,indonesia,USDC
505,0.7890322865729283,171127487.9458745,46,S3_twin_shock,indonesia,USDC
506,0.7743769818777418,166849300.74722764,46,S3_twin_shock,indonesia,USDC
507,0.7779141746680424,162678068.22854695,46,S3_twin_shock,indonesia,USDC
508,0.7846077081188152,158611116.5228333,46,S3_twin_shock,indonesia,USDC
509,0.7849750489841922,154645838.60976243,46,S3_twin_shock,indonesia,USDC
510,0.7933029752559023,150779692.64451838,46,S3_twin_shock,indonesia,USDC
511,0.7995220083517556,147010200.3284054,46,S3_twin_shock,indonesia,USDC
512,0.8202112086067173,143334945.3201953,46,S3_twin_shock,indonesia,USDC
513,0.84016386163612,139751571.6871904,46,S3_twin_shock,indonesia,USDC
514,0.8343793180162654,136257782.39501065,46,S3_twin_shock,indonesia,USDC
515,0.8433947928183785,132851337.83513537,46,S3_twin_shock,indonesia,USDC
516,0.8346366829375617,129530054.38925701,46,S3_twin_shock,indonesia,USDC
517,0.8253412222219916,126291803.02952558,46,S3_twin_shock,indonesia,USDC
518,0.8184377803137058,123134507.95378745,46,S3_twin_shock,indonesia,USDC
519,0.830660546537748,120056145.25494274,46,S3_twin_shock,indonesia,USDC
520,0.8209310274625605,117054741.62356916,46,S3_twin_shock,indonesia,USDC
521,0.8166057903903423,114128373.08297995,46,S3_twin_shock,indonesia,USDC
522,0.7957903861920991,111275163.75590545,46,S3_twin_shock,indonesia,USDC
523,0.807703293163633,108493284.66200781,46,S3_twin_shock,indonesia,USDC
524,0.8062872370085596,105780952.54545762,46,S3_twin_shock,indonesia,USDC
525,0.8377977103338926,103136428.73182116,46,S3_twin_shock,indonesia,USDC
526,0.8401355097636813,100558018.01352564,46,S3_twin_shock,indonesia,USDC
527,0.8507398503775025,98044067.56318751,46,S3_twin_shock,indonesia,USDC
528,0.8395801008550234,95592965.87410782,46,S3_twin_shock,indonesia,USDC
529,0.8367242187143804,93203141.72725512,46,S3_twin_shock,indonesia,USDC
530,0.8354574035747203,90873063.18407375,46,S3_twin_shock,indonesia,USDC
531,0.8297652469608251,88601236.6044719,46,S3_twin_shock,indonesia,USDC
532,0.8100143592273629,86386205.68936011,46,S3_twin_shock,indonesia,USDC
533,0.8213441106022128,84226550.5471261,46,S3_twin_shock,indonesia,USDC
534,0.811964602535053,82120886.78344795,46,S3_twin_shock,indonesia,USDC
535,0.7979928353698161,80067864.61386174,46,S3_twin_shock,indonesia,USDC
536,0.8163134587536954,78066167.9985152,46,S3_twin_shock,indonesia,USDC
537,0.8275192831360595,76114513.79855233,46,S3_twin_shock,indonesia,USDC
538,0.8362225258287578,74211650.95358852,46,S3_twin_shock,indonesia,USDC
539,0.8066828962640437,72356359.6797488,46,S3_twin_shock,indonesia,USDC
540,0.7886862908267648,70547450.68775508,46,S3_twin_shock,indonesia,USDC
541,0.8068508931492556,68783764.42056121,46,S3_twin_shock,indonesia,USDC
542,0.7986639103219698,67064170.31004718,46,S3_twin_shock,indonesia,USDC
543,0.8052005123909176,65387566.052296,46,S3_twin_shock,indonesia,USDC
544,0.7942204382065435,63752876.90098861,46,S3_twin_shock,indonesia,USDC
545,0.7949075233045968,62159054.97846389,46,S3_twin_shock,indonesia,USDC
546,0.7951865573959812,60605078.6040023,46,S3_twin_shock,indonesia,USDC
547,0.8202734267061643,59089951.63890223,46,S3_twin_shock,indonesia,USDC
548,0.8331500495116045,57612702.84792967,46,S3_twin_shock,indonesia,USDC
549,0.8419905747105264,56172385.27673143,46,S3_twin_shock,indonesia,USDC
550,0.8634522107907231,54768075.64481315,46,S3_twin_shock,indonesia,USDC
551,0.8539522006754187,53398873.75369282,46,S3_twin_shock,indonesia,USDC
552,0.8385369381748644,52063901.90985049,46,S3_twin_shock,indonesia,USDC
553,0.8486573472193136,50762304.36210423,46,S3_twin_shock,indonesia,USDC
554,0.8138370621109592,49493246.75305162,46,S3_twin_shock,indonesia,USDC
555,0.8335188671713984,48255915.58422533,46,S3_twin_shock,indonesia,USDC
556,0.8461765442749364,47049517.6946197,46,S3_twin_shock,indonesia,USDC
557,0.8486270223780228,45873279.7522542,46,S3_twin_shock,indonesia,USDC
558,0.8655096240843205,44726447.75844785,46,S3_twin_shock,indonesia,USDC
559,0.8426978482707995,43608286.56448665,46,S3_twin_shock,indonesia,USDC
560,0.8333067076703536,42518079.40037449,46,S3_twin_shock,indonesia,USDC
561,0.8052338458676187,41455127.41536513,46,S3_twin_shock,indonesia,USDC
562,0.816777614357294,40418749.229981,46,S3_twin_shock,indonesia,USDC
563,0.8213112175210542,39408280.49923147,46,S3_twin_shock,indonesia,USDC
564,0.8157450480600889,38423073.486750685,46,S3_twin_shock,indonesia,USDC
565,0.8123848779254159,37462496.649581924,46,S3_twin_shock,indonesia,USDC
566,0.8126585084278204,36525934.23334237,46,S3_twin_shock,indonesia,USDC
567,0.827023208361355,35612785.87750882,46,S3_twin_shock,indonesia,USDC
568,0.8380994072897032,34722466.23057109,46,S3_twin_shock,indonesia,USDC
569,0.8228082146048656,33854404.57480682,46,S3_twin_shock,indonesia,USDC
570,0.8315149912631137,33008044.460436642,46,S3_twin_shock,indonesia,USDC
571,0.8341383038624262,32182843.348925725,46,S3_twin_shock,indonesia,USDC
572,0.8300041420087348,31378272.265202586,46,S3_twin_shock,indonesia,USDC
573,0.8147140605787285,30593815.45857252,46,S3_twin_shock,indonesia,USDC
574,0.8157284054094238,29828970.07210821,46,S3_twin_shock,indonesia,USDC
575,0.8124714652121353,29083245.820305504,46,S3_twin_shock,indonesia,USDC
576,0.805995386009323,28356164.674797863,46,S3_twin_shock,indonesia,USDC
577,0.8150699996348884,27647260.55792792,46,S3_twin_shock,indonesia,USDC
578,0.8410186749724677,26956079.043979723,46,S3_twin_shock,indonesia,USDC
579,0.7745158000363825,26282177.067880232,46,S3_twin_shock,indonesia,USDC
580,0.7710381279259023,25625122.641183227,46,S3_twin_shock,indonesia,USDC
581,0.7912040980885318,24984494.575153645,46,S3_twin_shock,indonesia,USDC
582,0.7915843934955786,24359882.210774805,46,S3_twin_shock,indonesia,USDC
583,0.7936576850839189,23750885.155505434,46,S3_twin_shock,indonesia,USDC
584,0.7731726020678189,23157113.0266178,46,S3_twin_shock,indonesia,USDC
585,0.7843190437318339,22578185.200952355,46,S3_twin_shock,indonesia,USDC
586,0.7838084987240511,22013730.570928544,46,S3_twin_shock,indonesia,USDC
587,0.7690278475914686,21463387.306655332,46,S3_twin_shock,indonesia,USDC
588,0.7857761494087785,20926802.62398895,46,S3_twin_shock,indonesia,USDC
589,0.774351954166863,20403632.558389224,46,S3_twin_shock,indonesia,USDC
590,0.772636698272657,19893541.74442949,46,S3_twin_shock,indonesia,USDC
591,0.7538962392714512,19396203.200818755,46,S3_twin_shock,indonesia,USDC
592,0.7778683166305944,18911298.120798286,46,S3_twin_shock,indonesia,USDC
593,0.7803441110780021,18438515.667778328,46,S3_twin_shock,indonesia,USDC
594,0.7804825745143835,17977552.77608387,46,S3_twin_shock,indonesia,USDC
595,0.7898673922192938,17528113.956681773,46,S3_twin_shock,indonesia,USDC
596,0.7901693641713373,17089911.10776473,46,S3_twin_shock,indonesia,USDC
597,0.7822860712561319,16662663.330070611,46,S3_twin_shock,indonesia,USDC
598,0.7712308074434494,16246096.746818844,46,S3_twin_shock,indonesia,USDC
599,0.7705298444758172,15839944.328148374,46,S3_twin_shock,indonesia,USDC
600,0.7819231451217199,15443945.719944665,46,S3_twin_shock,indonesia,USDC
601,0.772315064642433,15057847.076946048,46,S3_twin_shock,indonesia,USDC
602,0.7789132040119486,14681400.900022397,46,S3_twin_shock,indonesia,USDC
603,0.7839531441818259,14314365.877521835,46,S3_twin_shock,indonesia,USDC
604,0.7875046759572901,13956506.73058379,46,S3_twin_shock,indonesia,USDC
605,0.7903218891785012,13607594.062319195,46,S3_twin_shock,indonesia,USDC
606,0.8107502057863025,13267404.210761216,46,S3_twin_shock,indonesia,USDC
607,0.8028528212288859,12935719.105492182,46,S3_twin_shock,indonesia,USDC
608,0.7989418615451302,12612326.12785488,46,S3_twin_shock,indonesia,USDC
609,0.8086229053281704,12297017.974658508,46,S3_twin_shock,indonesia,USDC
610,0.8120069011173543,11989592.525292045,46,S3_twin_shock,indonesia,USDC
611,0.8205425624156297,11689852.712159744,46,S3_twin_shock,indonesia,USDC
612,0.8234233261232524,11397606.39435575,46,S3_twin_shock,indonesia,USDC
613,0.8236042857805335,11112666.234496856,46,S3_twin_shock,indonesia,USDC
614,0.8369314164746683,10834849.578634435,46,S3_twin_shock,indonesia,USDC
615,0.8635051178834011,10563978.339168575,46,S3_twin_shock,indonesia,USDC
616,0.8621681009040194,10299878.88068936,46,S3_twin_shock,indonesia,USDC
617,0.8706807205284177,10042381.908672126,46,S3_twin_shock,indonesia,USDC
618,0.8835297599785528,9791322.360955322,46,S3_twin_shock,indonesia,USDC
619,0.8759789765108211,9546539.301931439,46,S3_twin_shock,indonesia,USDC
620,0.7999641812760807,9307875.819383154,46,S3_twin_shock,indonesia,USDC
621,0.7965469363888188,9075178.923898574,46,S3_twin_shock,indonesia,USDC
622,0.806814059085416,8848299.45080111,46,S3_twin_shock,indonesia,USDC
623,0.8193539760337306,8627091.964531083,46,S3_twin_shock,indonesia,USDC
624,0.8285009659243606,8411414.665417805,46,S3_twin_shock,indonesia,USDC
625,0.8392878190367848,8201129.29878236,46,S3_twin_shock,indonesia,USDC
626,0.8433645862052022,7996101.066312801,46,S3_twin_shock,indonesia,USDC
627,0.844213141245154,7796198.539654981,46,S3_twin_shock,indonesia,USDC
628,0.8399159678475978,7601293.576163607,46,S3_twin_shock,indonesia,USDC
629,0.8445484821132189,7411261.236759517,46,S3_twin_shock,indonesia,USDC
630,0.8279048572506087,7225979.705840529,46,S3_twin_shock,indonesia,USDC
631,0.8425022070496266,7045330.213194516,46,S3_twin_shock,indonesia,USDC
632,0.8527443612488408,6869196.957864653,46,S3_twin_shock,indonesia,USDC
633,0.8664217264600498,6697467.033918036,46,S3_twin_shock,indonesia,USDC
634,0.8967276561940741,6530030.358070086,46,S3_twin_shock,indonesia,USDC
635,0.9031495421285093,6366779.599118333,46,S3_twin_shock,indonesia,USDC
636,0.9072930940753389,6207610.109140375,46,S3_twin_shock,indonesia,USDC
637,0.8855953790335295,6052419.856411866,46,S3_twin_shock,indonesia,USDC
638,0.8724405079354075,5901109.36000157,46,S3_twin_shock,indonesia,USDC
639,0.8351088349961469,5753581.626001529,46,S3_twin_shock,indonesia,USDC
640,0.8172128526177996,5609742.085351491,46,S3_twin_shock,indonesia,USDC
641,0.8057226155887512,5469498.533217704,46,S3_twin_shock,indonesia,USDC
642,0.8010517513441401,5332761.069887262,46,S3_twin_shock,indonesia,USDC
643,0.7818469648320882,5199442.04314008,46,S3_twin_shock,indonesia,USDC
644,0.7746270438219502,5069455.992061579,46,S3_twin_shock,indonesia,USDC
645,0.7772814506646292,4942719.5922600385,46,S3_twin_shock,indonesia,USDC
646,0.7898390256016077,4819151.602453537,46,S3_twin_shock,indonesia,USDC
647,0.8066272209327061,4698672.812392199,46,S3_twin_shock,indonesia,USDC
648,0.8088785326289868,4581205.992082395,46,S3_twin_shock,indonesia,USDC
649,0.8153688182909987,4466675.842280335,46,S3_twin_shock,indonesia,USDC
650,0.7961011148967009,4355008.946223327,46,S3_twin_shock,indonesia,USDC
651,0.7876168439907237,4246133.722567743,46,S3_twin_shock,indonesia,USDC
652,0.81192396734873,4139980.37950355,46,S3_twin_shock,indonesia,USDC
653,0.7848227748698953,4036480.870015961,46,S3_twin_shock,indonesia,USDC
654,0.813124465436741,3935568.8482655627,46,S3_twin_shock,indonesia,USDC
655,0.8144896052527958,3837179.6270589232,46,S3_twin_shock,indonesia,USDC
656,0.8219899897000397,3741250.1363824503,46,S3_twin_shock,indonesia,USDC
657,0.819642238774647,3647718.8829728886,46,S3_twin_shock,indonesia,USDC
658,0.8222607153707359,3556525.910898567,46,S3_twin_shock,indonesia,USDC
659,0.824603454868428,3467612.7631261027,46,S3_twin_shock,indonesia,USDC
660,0.8206568548996641,3380922.44404795,46,S3_twin_shock,indonesia,USDC
661,0.7965503032704623,3296399.3829467515,46,S3_twin_shock,indonesia,USDC
662,0.8287777930017879,3213989.3983730823,46,S3_twin_shock,indonesia,USDC
663,0.8205234457652052,3133639.6634137556,46,S3_twin_shock,indonesia,USDC
664,0.8142287447089447,3055298.6718284115,46,S3_twin_shock,indonesia,USDC
665,0.8264677355931138,2978916.2050327016,46,S3_twin_shock,indonesia,USDC
666,0.817105780913044,2904443.299906884,46,S3_twin_shock,indonesia,USDC
667,0.8270162767551414,2831832.217409212,46,S3_twin_shock,indonesia,USDC
668,0.8140100771373209,2761036.4119739817,46,S3_twin_shock,indonesia,USDC
669,0.8185861964584682,2692010.501674632,46,S3_twin_shock,indonesia,USDC
670,0.8234872213166146,2624710.2391327666,46,S3_twin_shock,indonesia,USDC
671,0.8081812949527819,2559092.483154447,46,S3_twin_shock,indonesia,USDC
672,0.8095110863404945,2495115.171075586,46,S3_twin_shock,indonesia,USDC
673,0.807539668528785,2432737.2917986964,46,S3_twin_shock,indonesia,USDC
674,0.8384745572358092,2371918.859503729,46,S3_twin_shock,indonesia,USDC
675,0.8381498461237762,2312620.8880161354,46,S3_twin_shock,indonesia,USDC
676,0.824866853934253,2254805.3658157326,46,S3_twin_shock,indonesia,USDC
677,0.8308965090363557,2198435.231670339,46,S3_twin_shock,indonesia,USDC
678,0.8175313816892167,2143474.3508785805,46,S3_twin_shock,indonesia,USDC
679,0.8265351986168227,2089887.492106616,46,S3_twin_shock,indonesia,USDC
680,0.829524532438603,2037640.3048039507,46,S3_twin_shock,indonesia,USDC
681,0.8571974296495504,1986699.2971838517,46,S3_twin_shock,indonesia,USDC
682,0.8477794918653302,1937031.8147542556,46,S3_twin_shock,indonesia,USDC
683,0.860161213766028,1888606.0193853993,46,S3_twin_shock,indonesia,USDC
684,0.853211403125985,1841390.8689007643,46,S3_twin_shock,indonesia,USDC
685,0.8440087111584987,1795356.0971782454,46,S3_twin_shock,indonesia,USDC
686,0.851863602916162,1750472.194748789,46,S3_twin_shock,indonesia,USDC
687,0.840110733031539,1706710.3898800695,46,S3_twin_shock,indonesia,USDC
688,0.829936151311835,1664042.6301330677,46,S3_twin_shock,indonesia,USDC
689,0.8243061914610846,1622441.564379741,46,S3_twin_shock,indonesia,USDC
690,0.79947317750467,1581880.5252702476,46,S3_twin_shock,indonesia,USDC
691,0.7943815764278037,1542333.5121384915,46,S3_twin_shock,indonesia,USDC
692,0.808568695822102,1503775.174335029,46,S3_twin_shock,indonesia,USDC
693,0.8095876100811761,1466180.7949766535,46,S3_twin_shock,indonesia,USDC
694,0.802146890195933,1429526.275102237,46,S3_twin_shock,indonesia,USDC
695,0.774863743309934,1393788.1182246811,46,S3_twin_shock,indonesia,USDC
696,0.7666639309924137,1358943.415269064,46,S3_twin_shock,indonesia,USDC
697,0.7567074745326519,1324969.8298873375,46,S3_twin_shock,indonesia,USDC
698,0.7545410731018543,1291845.584140154,46,S3_twin_shock,indonesia,USDC
699,0.7603748015005085,1259549.44453665,46,S3_twin_shock,indonesia,USDC
700,0.7878067354825303,1228060.708423234,46,S3_twin_shock,indonesia,USDC
701,0.7839943398262678,1197359.190712653,46,S3_twin_shock,indonesia,USDC
702,0.8022337381152929,1167425.2109448367,46,S3_twin_shock,indonesia,USDC
703,0.8021104904276686,1138239.580671216,46,S3_twin_shock,indonesia,USDC
704,0.7735193905542624,1109783.5911544354,46,S3_twin_shock,indonesia,USDC
705,0.7673899994919059,1082039.0013755746,46,S3_twin_shock,indonesia,USDC
706,0.7840866391146852,1054988.0263411854,46,S3_twin_shock,indonesia,USDC
707,0.7787585826532117,1028613.3256826556,46,S3_twin_shock,indonesia,USDC
708,0.7615828467283658,1002897.9925405892,46,S3_twin_shock,indonesia,USDC
709,0.7618834484844015,977825.5427270746,46,S3_twin_shock,indonesia,USDC
710,0.7642119700298757,953379.9041588977,46,S3_twin_shock,indonesia,USDC
711,0.7500804422328374,929545.4065549253,46,S3_twin_shock,indonesia,USDC
712,0.767159602027183,906306.7713910522,46,S3_twin_shock,indonesia,USDC
713,0.7545103690834237,883649.1021062759,46,S3_twin_shock,indonesia,USDC
714,0.7728528614036155,861557.874553619,46,S3_twin_shock,indonesia,USDC
715,0.7903718387324423,840018.9276897786,46,S3_twin_shock,indonesia,USDC
716,0.7597820156144075,819018.4544975341,46,S3_twin_shock,indonesia,USDC
717,0.7520379816467153,798542.9931350958,46,S3_twin_shock,indonesia,USDC
718,0.7539203676414408,778579.4183067183,46,S3_twin_shock,indonesia,USDC
719,0.7534438219625647,759114.9328490504,46,S3_twin_shock,indonesia,USDC
720,0.744262365019215,740137.0595278242,46,S3_twin_shock,indonesia,USDC
721,0.7644153332271741,721633.6330396285,46,S3_twin_shock,indonesia,USDC
722,0.7807172644662469,703592.7922136378,46,S3_twin_shock,indonesia,USDC
723,0.7735748848250068,686002.9724082969,46,S3_twin_shock,indonesia,USDC
724,0.7484629569056698,668852.8980980895,46,S3_twin_shock,indonesia,USDC
725,0.7566784933116957,652131.5756456372,46,S3_twin_shock,indonesia,USDC
726,0.7546640386806014,635828.2862544963,46,S3_twin_shock,indonesia,USDC
727,0.7766733105740947,619932.5790981338,46,S3_twin_shock,indonesia,USDC
728,0.7801251821575572,604434.2646206805,46,S3_twin_shock,indonesia,USDC
729,0.7777755262639044,589323.4080051634,46,S3_twin_shock,indonesia,USDC
730,0.7709274653393746,574590.3228050345,46,S3_twin_shock,indonesia,USDC
731,0.7554493655019457,560225.5647349085,46,S3_twin_shock,indonesia,USDC
732,0.7485263753865639,546219.9256165358,46,S3_twin_shock,indonesia,USDC
733,0.7446176628469452,532564.4274761224,46,S3_twin_shock,indonesia,USDC
734,0.7361837400027981,519250.3167892194,46,S3_twin_shock,indonesia,USDC
735,0.7389477140886566,506269.05886948894,46,S3_twin_shock,indonesia,USDC
736,0.7247561818020937,493612.33239775174,46,S3_twin_shock,indonesia,USDC
737,0.7471452958975036,481272.02408780786,46,S3_twin_shock,indonesia,USDC
738,0.7753916717653242,469240.2234856127,46,S3_twin_shock,indonesia,USDC
739,0.7805183698197617,457509.2178984724,46,S3_twin_shock,indonesia,USDC
740,0.7643489417358218,446071.48745101056,46,S3_twin_shock,indonesia,USDC
741,0.74920254355447,434919.70026473526,46,S3_twin_shock,indonesia,USDC
742,0.7460185465254949,424046.7077581169,46,S3_twin_shock,indonesia,USDC
743,0.7609611953400416,413445.540064164,46,S3_twin_shock,indonesia,USDC
744,0.7622412553540477,403109.4015625599,46,S3_twin_shock,indonesia,USDC
745,0.7607273332680222,393031.6665234959,46,S3_twin_shock,indonesia,USDC
746,0.7792042670174695,383205.8748604085,46,S3_twin_shock,indonesia,USDC
747,0.7959259558322969,373625.7279888983,46,S3_twin_shock,indonesia,USDC
748,0.80026274080329,364285.08478917583,46,S3_twin_shock,indonesia,USDC
749,0.7695730722216693,355177.9576694465,46,S3_twin_shock,indonesia,USDC
750,0.7829406270000983,346298.5087277102,46,S3_twin_shock,indonesia,USDC
751,0.8160084492272751,337641.0460095175,46,S3_twin_shock,indonesia,USDC
752,0.7873884561240426,329200.01985927956,46,S3_twin_shock,indonesia,USDC
753,0.7919469069358929,320970.0193627976,46,S3_twin_shock,indonesia,USDC
754,0.8023629742884651,312945.7688787277,46,S3_twin_shock,indonesia,USDC
755,0.8283802411136303,305122.12465675944,46,S3_twin_shock,indonesia,USDC
756,0.8332834369550807,297494.0715403405,46,S3_twin_shock,indonesia,USDC
757,0.8435142305631981,290056.71975183196,46,S3_twin_shock,indonesia,USDC
758,0.8377242665805533,282805.3017580362,46,S3_twin_shock,indonesia,USDC
759,0.8354860485186083,275735.16921408527,46,S3_twin_shock,indonesia,USDC
760,0.8426752436620277,268841.78998373315,46,S3_twin_shock,indonesia,USDC
761,0.8425169866981399,262120.74523413985,46,S3_twin_shock,indonesia,USDC
762,0.8132577771501065,255567.7266032863,46,S3_twin_shock,indonesia,USDC
763,0.8084625717917069,249178.53343820418,46,S3_twin_shock,indonesia,USDC
764,0.808330669139829,242949.0701022491,46,S3_twin_shock,indonesia,USDC
765,0.7951389319920393,236875.34334969285,46,S3_twin_shock,indonesia,USDC
766,0.7969304361197832,230953.45976595054,46,S3_twin_shock,indonesia,USDC
767,0.7837472308848236,225179.6232718018,46,S3_twin_shock,indonesia,USDC
768,0.7766863756228148,219550.13269000675,46,S3_twin_shock,indonesia,USDC
769,0.8096187163961537,214061.37937275658,46,S3_twin_shock,indonesia,USDC
770,0.8017690240069214,208709.84488843766,46,S3_twin_shock,indonesia,USDC
771,0.8170489156855948,203492.09876622673,46,S3_twin_shock,indonesia,USDC
772,0.830929495496067,198404.79629707107,46,S3_twin_shock,indonesia,USDC
773,0.8235240737952211,193444.67638964427,46,S3_twin_shock,indonesia,USDC
774,0.8071430661354781,188608.5594799032,46,S3_twin_shock,indonesia,USDC
775,0.8349976906718171,183893.3454929056,46,S3_twin_shock,indonesia,USDC
776,0.8501810420853003,179296.01185558297,46,S3_twin_shock,indonesia,USDC
777,0.8161915598161305,174813.61155919338,46,S3_twin_shock,indonesia,USDC
778,0.8148969534183134,170443.27127021356,46,S3_twin_shock,indonesia,USDC
779,0.8013203208903867,166182.1894884582,46,S3_twin_shock,indonesia,USDC
780,0.6812901592607523,162027.63475124678,46,S3_twin_shock,indonesia,USDC
781,0.6899265352553464,157976.9438824656,46,S3_twin_shock,indonesia,USDC
782,0.7053672528269092,154027.52028540397,46,S3_twin_shock,indonesia,USDC
783,0.7272970744812435,150176.83227826885,46,S3_twin_shock,indonesia,USDC
784,0.7408543535888321,146422.41147131214,46,S3_twin_shock,indonesia,USDC
785,0.7566086734900983,142761.85118452934,46,S3_twin_shock,indonesia,USDC
786,0.7619806461375136,139192.8049049161,46,S3_twin_shock,indonesia,USDC
787,0.7714553798419054,135712.9847822932,46,S3_twin_shock,indonesia,USDC
788,0.7878866214460081,132320.16016273588,46,S3_twin_shock,indonesia,USDC
789,0.7788961073807912,129012.1561586675,46,S3_twin_shock,indonesia,USDC
790,0.7876195213428933,125786.85225470079,46,S3_twin_shock,indonesia,USDC
791,0.7820690197946548,122642.18094833328,46,S3_twin_shock,indonesia,USDC
792,0.7652796474123302,119576.12642462495,46,S3_twin_shock,indonesia,USDC
793,0.7805839978338256,116586.72326400931,46,S3_twin_shock,indonesia,USDC
794,0.7859062784012112,113672.0551824091,46,S3_twin_shock,indonesia,USDC
795,0.7728703366965657,110830.25380284886,46,S3_twin_shock,indonesia,USDC
796,0.7615302816166302,108059.49745777762,46,S3_twin_shock,indonesia,USDC
797,0.7325589557923275,105358.01002133318,46,S3_twin_shock,indonesia,USDC
798,0.7464421975744512,102724.05977079985,46,S3_twin_shock,indonesia,USDC
799,0.7485802405830757,100155.95827652987,46,S3_twin_shock,indonesia,USDC
800,0.7397696500460796,97652.05931961662,46,S3_twin_shock,indonesia,USDC
801,0.7463408663058235,95210.7578366262,46,S3_twin_shock,indonesia,USDC
802,0.7524985892874109,92830.48889071055,46,S3_twin_shock,indonesia,USDC
803,0.7595011753568114,90509.72666844277,46,S3_twin_shock,indonesia,USDC
804,0.759729238926211,88246.98350173171,46,S3_twin_shock,indonesia,USDC
805,0.7539964832375012,86040.80891418843,46,S3_twin_shock,indonesia,USDC
806,0.7552875573284353,83889.78869133371,46,S3_twin_shock,indonesia,USDC
807,0.74842266491351,81792.54397405036,46,S3_twin_shock,indonesia,USDC
808,0.7517358120686324,79747.73037469911,46,S3_twin_shock,indonesia,USDC
809,0.7593434506252119,77754.03711533164,46,S3_twin_shock,indonesia,USDC
810,0.7648545469477679,75810.18618744834,46,S3_twin_shock,indonesia,USDC
811,0.7763914801842906,73914.93153276213,46,S3_twin_shock,indonesia,USDC
812,0.762219268184311,72067.05824444308,46,S3_twin_shock,indonesia,USDC
813,0.7886962876387295,70265.381788332,46,S3_twin_shock,indonesia,USDC
814,0.8048441838096277,68508.74724362369,46,S3_twin_shock,indonesia,USDC
815,0.7865413572424848,66796.02856253312,46,S3_twin_shock,indonesia,USDC
816,0.7979393668419741,65126.127848469776,46,S3_twin_shock,indonesia,USDC
817,0.8200953181914713,63497.974652258024,46,S3_twin_shock,indonesia,USDC
818,0.8039233288680322,61910.52528595158,46,S3_twin_shock,indonesia,USDC
819,0.7961840790247082,60362.76215380279,46,S3_twin_shock,indonesia,USDC
820,0.7993432486936299,58853.693099957716,46,S3_twin_shock,indonesia,USDC
821,0.7853924879511645,57382.35077245877,46,S3_twin_shock,indonesia,USDC
822,0.801413914065463,55947.79200314731,46,S3_twin_shock,indonesia,USDC
823,0.8291006135249618,54549.09720306863,46,S3_twin_shock,indonesia,USDC
824,0.8370453123336247,53185.369772991915,46,S3_twin_shock,indonesia,USDC
825,0.8471754832064021,51855.73552866712,46,S3_twin_shock,indonesia,USDC
826,0.8306901573179482,50559.34214045045,46,S3_twin_shock,indonesia,USDC
827,0.8657188791305629,49295.35858693918,46,S3_twin_shock,indonesia,USDC
828,0.8875847046624936,48062.974622265705,46,S3_twin_shock,indonesia,USDC
829,0.8795287318801017,46861.400256709065,46,S3_twin_shock,indonesia,USDC
830,0.8819850182346246,45689.86525029133,46,S3_twin_shock,indonesia,USDC
831,0.8705734827444943,44547.61861903405,46,S3_twin_shock,indonesia,USDC
832,0.8235151414476799,43433.9281535582,46,S3_twin_shock,indonesia,USDC
833,0.808097668888233,42348.07994971924,46,S3_twin_shock,indonesia,USDC
834,0.8170124621700056,41289.37795097626,46,S3_twin_shock,indonesia,USDC
835,0.8075626731130147,40257.143502201856,46,S3_twin_shock,indonesia,USDC
836,0.806910583496571,39250.714914646815,46,S3_twin_shock,indonesia,USDC
837,0.8111298507667163,38269.447041780644,46,S3_twin_shock,indonesia,USDC
838,0.7985255004440819,37312.710865736124,46,S3_twin_shock,indonesia,USDC
839,0.8456352487164086,36379.893094092724,46,S3_twin_shock,indonesia,USDC
840,0.8137281842641071,35470.3957667404,46,S3_twin_shock,indonesia,USDC
841,0.8379512549388024,34583.63587257189,46,S3_twin_shock,indonesia,USDC
842,0.8373981048355168,33719.0449757576,46,S3_twin_shock,indonesia,USDC
843,0.8504895972673648,32876.06885136365,46,S3_twin_shock,indonesia,USDC
844,0.8716913581785206,32054.167130079564,46,S3_twin_shock,indonesia,USDC
845,0.8760660631585059,31252.812951827575,46,S3_twin_shock,indonesia,USDC
846,0.8508052900150469,30471.492628031883,46,S3_twin_shock,indonesia,USDC
847,0.8159798750396748,29709.70531233109,46,S3_twin_shock,indonesia,USDC
848,0.8068672677943265,28966.96267952281,46,S3_twin_shock,indonesia,USDC
849,0.7764642197948278,28242.788612534743,46,S3_twin_shock,indonesia,USDC
850,0.8099207283971704,27536.718897221377,46,S3_twin_shock,indonesia,USDC
851,0.7858236784724092,26848.30092479084,46,S3_twin_shock,indonesia,USDC
852,0.7804363128167272,26177.09340167107,46,S3_twin_shock,indonesia,USDC
853,0.7721111271906678,25522.666066629292,46,S3_twin_shock,indonesia,USDC
854,0.7758299204800551,24884.59941496356,46,S3_twin_shock,indonesia,USDC
855,0.7591860368110565,24262.484429589473,46,S3_twin_shock,indonesia,USDC
856,0.7364993619279792,23655.922318849734,46,S3_twin_shock,indonesia,USDC
857,0.7517026723248726,23064.52426087849,46,S3_twin_shock,indonesia,USDC
858,0.7552330889977629,22487.91115435653,46,S3_twin_shock,indonesia,USDC
859,0.7520826145105628,21925.713375497617,46,S3_twin_shock,indonesia,USDC
860,0.7601806667171426,21377.570541110177,46,S3_twin_shock,indonesia,USDC
861,0.7485294069222312,20843.131277582423,46,S3_twin_shock,indonesia,USDC
862,0.763450693802173,20322.05299564286,46,S3_twin_shock,indonesia,USDC
863,0.7779933909906438,19814.00167075179,46,S3_twin_shock,indonesia,USDC
864,0.7861721598430772,19318.651628982996,46,S3_twin_shock,indonesia,USDC
865,0.7782508588262327,18835.68533825842,46,S3_twin_shock,indonesia,USDC
866,0.7972979178008741,18364.793204801957,46,S3_twin_shock,indonesia,USDC
867,0.8056157581754994,17905.673374681908,46,S3_twin_shock,indonesia,USDC
868,0.8014264301495758,17458.031540314863,46,S3_twin_shock,indonesia,USDC
869,0.8023481607448101,17021.580751806992,46,S3_twin_shock,indonesia,USDC
870,0.7873026742440559,16596.041233011816,46,S3_twin_shock,indonesia,USDC
871,0.7653921077740952,16181.140202186518,46,S3_twin_shock,indonesia,USDC
872,0.8095758495048421,15776.611697131855,46,S3_twin_shock,indonesia,USDC
873,0.7827820539693495,15382.196404703558,46,S3_twin_shock,indonesia,USDC
874,0.7822212893024291,14997.641494585969,46,S3_twin_shock,indonesia,USDC
875,0.7855426652349506,14622.700457221319,46,S3_twin_shock,indonesia,USDC
876,0.7789406280583113,14257.132945790789,46,S3_twin_shock,indonesia,USDC
877,0.7777428844723154,13900.704622146017,46,S3_twin_shock,indonesia,USDC
878,0.7821833542024239,13553.187006592367,46,S3_twin_shock,indonesia,USDC
879,0.7901569402531461,13214.357331427556,46,S3_twin_shock,indonesia,USDC
880,0.8139275045348612,12883.998398141866,46,S3_twin_shock,indonesia,USDC
881,0.8124170658757671,12561.898438188322,46,S3_twin_shock,indonesia,USDC
882,0.7919267435860894,12247.850977233615,46,S3_twin_shock,indonesia,USDC
883,0.821507351900627,11941.654702802774,46,S3_twin_shock,indonesia,USDC
884,0.7785880465184342,11643.113335232705,46,S3_twin_shock,indonesia,USDC
885,0.7958826830587469,11352.035501851886,46,S3_twin_shock,indonesia,USDC
886,0.7954615508740024,11068.23461430559,46,S3_twin_shock,indonesia,USDC
887,0.8043899388625493,10791.52874894795,46,S3_twin_shock,indonesia,USDC
888,0.790726446150778,10521.740530224251,46,S3_twin_shock,indonesia,USDC
889,0.7872862250725096,10258.697016968646,46,S3_twin_shock,indonesia,USDC
890,0.8156501128463087,10002.22959154443,46,S3_twin_shock,indonesia,USDC
891,0.794281207305087,9752.173851755819,46,S3_twin_shock,indonesia,USDC
892,0.7881086638647019,9508.369505461924,46,S3_twin_shock,indonesia,USDC
893,0.7985931238042604,9270.660267825375,46,S3_twin_shock,indonesia,USDC
894,0.7871299373657964,9038.89376112974,46,S3_twin_shock,indonesia,USDC
895,0.8006131024079101,8812.921417101497,46,S3_twin_shock,indonesia,USDC
896,0.7934426998583418,8592.598381673959,46,S3_twin_shock,indonesia,USDC
897,0.8156490940535496,8377.78342213211,46,S3_twin_shock,indonesia,USDC
898,0.8115878770140298,8168.338836578808,46,S3_twin_shock,indonesia,USDC
899,0.8157277499477804,7964.130365664339,46,S3_twin_shock,indonesia,USDC
900,0.7368128040449192,7765.02710652273,46,S3_twin_shock,indonesia,USDC
901,0.7361786327754859,7570.901428859661,46,S3_twin_shock,indonesia,USDC
902,0.7529528638534306,7381.62889313817,46,S3_twin_shock,indonesia,USDC
903,0.7661226130729429,7197.088170809715,46,S3_twin_shock,indonesia,USDC
904,0.7703677116461313,7017.160966539472,46,S3_twin_shock,indonesia,USDC
905,0.8017824838881622,6841.7319423759845,46,S3_twin_shock,indonesia,USDC
906,0.7966752190728722,6670.688643816585,46,S3_twin_shock,indonesia,USDC
907,0.7171608843078903,6503.92142772117,46,S3_twin_shock,indonesia,USDC
908,0.7293669499015126,6341.323392028142,46,S3_twin_shock,indonesia,USDC
909,0.7489987117627236,6182.7903072274385,46,S3_twin_shock,indonesia,USDC
910,0.7518304579009074,6028.2205495467515,46,S3_twin_shock,indonesia,USDC
911,0.7496598697912391,5877.515035808083,46,S3_twin_shock,indonesia,USDC
912,0.7737192568623155,5730.577159912881,46,S3_twin_shock,indonesia,USDC
913,0.7641243256802318,5587.312730915059,46,S3_twin_shock,indonesia,USDC
914,0.7503740757191865,5447.629912642183,46,S3_twin_shock,indonesia,USDC
915,0.782907445650288,5311.439164826128,46,S3_twin_shock,indonesia,USDC
916,0.800808275176425,5178.653185705475,46,S3_twin_shock,indonesia,USDC
917,0.7981092107405225,5049.186856062838,46,S3_twin_shock,indonesia,USDC
918,0.7979009354811541,4922.957184661267,46,S3_twin_shock,indonesia,USDC
919,0.787170932087231,4799.883255044735,46,S3_twin_shock,indonesia,USDC
920,0.7776738184232022,4679.886173668618,46,S3_twin_shock,indonesia,USDC
921,0.7848977258168635,4562.889019326902,46,S3_twin_shock,indonesia,USDC
922,0.7726269599328139,4448.816793843729,46,S3_twin_shock,indonesia,USDC
923,0.8038085546463686,4337.596373997636,46,S3_twin_shock,indonesia,USDC
924,0.8001681502997782,4229.156464647695,46,S3_twin_shock,indonesia,USDC
925,0.8021855777608972,4123.427553031503,46,S3_twin_shock,indonesia,USDC
926,0.8188284653355609,4020.341864205715,46,S3_twin_shock,indonesia,USDC
927,0.8163749697855432,3919.833317600572,46,S3_twin_shock,indonesia,USDC
928,0.7982249861125127,3821.837484660558,46,S3_twin_shock,indonesia,USDC
929,0.7951238978235726,3726.291547544044,46,S3_twin_shock,indonesia,USDC
930,0.7918084656866476,3633.1342588554426,46,S3_twin_shock,indonesia,USDC
931,0.8013015047005365,3542.305902384057,46,S3_twin_shock,indonesia,USDC
932,0.7813976235991564,3453.7482548244557,46,S3_twin_shock,indonesia,USDC
933,0.7823877150020986,3367.404548453844,46,S3_twin_shock,indonesia,USDC
934,0.7902664581181232,3283.219434742498,46,S3_twin_shock,indonesia,USDC
935,0.7985882400427065,3201.138948873935,46,S3_twin_shock,indonesia,USDC
936,0.8099869319385035,3121.1104751520866,46,S3_twin_shock,indonesia,USDC
937,0.8424261803129256,3043.0827132732848,46,S3_twin_shock,indonesia,USDC
938,0.8435531458564791,2967.0056454414525,46,S3_twin_shock,indonesia,USDC
939,0.831187494350033,2892.830504305416,46,S3_twin_shock,indonesia,USDC
940,0.8446095633646974,2820.5097416977806,46,S3_twin_shock,indonesia,USDC
941,0.8512675659304889,2749.996998155336,46,S3_twin_shock,indonesia,USDC
942,0.8344813345857292,2681.2470732014526,46,S3_twin_shock,indonesia,USDC
943,0.8094053049550269,2614.2158963714164,46,S3_twin_shock,indonesia,USDC
944,0.8622222048431961,2548.8604989621313,46,S3_twin_shock,indonesia,USDC
945,0.8448091236342453,2485.1389864880775,46,S3_twin_shock,indonesia,USDC
946,0.8395261345785544,2423.010511825876,46,S3_twin_shock,indonesia,USDC
947,0.8453545624879147,2362.435249030229,46,S3_twin_shock,indonesia,USDC
948,0.8561302557018216,2303.3743678044734,46,S3_twin_shock,indonesia,USDC
949,0.8417637183259479,2245.7900086093614,46,S3_twin_shock,indonesia,USDC
950,0.816272176262009,2189.6452583941277,46,S3_twin_shock,indonesia,USDC
951,0.7965538202168386,2134.9041269342742,46,S3_twin_shock,indonesia,USDC
952,0.7636791748776488,2081.5315237609175,46,S3_twin_shock,indonesia,USDC
953,0.7534115926695933,2029.4932356668946,46,S3_twin_shock,indonesia,USDC
954,0.7729488549405471,1978.7559047752222,46,S3_twin_shock,indonesia,USDC
955,0.7819214264190962,1929.2870071558418,46,S3_twin_shock,indonesia,USDC
956,0.7654127274697754,1881.0548319769457,46,S3_twin_shock,indonesia,USDC
957,0.7722359478611404,1834.0284611775223,46,S3_twin_shock,indonesia,USDC
958,0.7767209500451067,1788.177749648084,46,S3_twin_shock,indonesia,USDC
959,0.7873167807446761,1743.473305906882,46,S3_twin_shock,indonesia,USDC
960,0.7880800233878497,1699.88647325921,46,S3_twin_shock,indonesia,USDC
961,0.7898372222462554,1657.3893114277296,46,S3_twin_shock,indonesia,USDC
962,0.8029787763054991,1615.9545786420363,46,S3_twin_shock,indonesia,USDC
963,0.793541265670394,1575.5557141759855,46,S3_twin_shock,indonesia,USDC
964,0.7907765615377852,1536.1668213215858,46,S3_twin_shock,indonesia,USDC
965,0.7384046323210571,1497.7626507885461,46,S3_twin_shock,indonesia,USDC
966,0.7418404738257344,1460.3185845188325,46,S3_twin_shock,indonesia,USDC
967,0.7438429293335103,1423.8106199058616,46,S3_twin_shock,indonesia,USDC
968,0.7516238695646518,1388.2153544082153,46,S3_twin_shock,indonesia,USDC
969,0.7383487186639214,1353.50997054801,46,S3_twin_shock,indonesia,USDC
970,0.7599725783753679,1319.6722212843097,46,S3_twin_shock,indonesia,USDC
971,0.7771597943491898,1286.6804157522017,46,S3_twin_shock,indonesia,USDC
972,0.771531779438249,1254.5134053583968,46,S3_twin_shock,indonesia,USDC
973,0.7963014371442797,1223.1505702244367,46,S3_twin_shock,indonesia,USDC
974,0.818123717737257,1192.5718059688259,46,S3_twin_shock,indonesia,USDC
975,0.7947154166708031,1162.7575108196052,46,S3_twin_shock,indonesia,USDC
976,0.8061776766208663,1133.6885730491151,46,S3_twin_shock,indonesia,USDC
977,0.7987883948536375,1105.3463587228873,46,S3_twin_shock,indonesia,USDC
978,0.7990192270370118,1077.712699754815,46,S3_twin_shock,indonesia,USDC
979,0.78174799231505,1050.7698822609445,46,S3_twin_shock,indonesia,USDC
980,0.7994824047084149,1024.500635204421,46,S3_twin_shock,indonesia,USDC
981,0.79561556315124,998.8881193243105,46,S3_twin_shock,indonesia,USDC
982,0.7780487259873,973.9159163412028,46,S3_twin_shock,indonesia,USDC
983,0.7936511169189376,949.5680184326727,46,S3_twin_shock,indonesia,USDC
984,0.8036517084232954,925.8288179718559,46,S3_twin_shock,indonesia,USDC
985,0.8021177815321021,902.6830975225596,46,S3_twin_shock,indonesia,USDC
986,0.8158118740061935,880.1160200844955,46,S3_twin_shock,indonesia,USDC
987,0.8062917386307688,858.1131195823831,46,S3_twin_shock,indonesia,USDC
988,0.7937829327080226,836.6602915928236,46,S3_twin_shock,indonesia,USDC
989,0.7766483497762402,815.7437843030029,46,S3_twin_shock,indonesia,USDC
990,0.7636572271563655,795.3501896954278,46,S3_twin_shock,indonesia,USDC
991,0.7696106235574176,775.4664349530422,46,S3_twin_shock,indonesia,USDC
992,0.7711248761197006,756.0797740792162,46,S3_twin_shock,indonesia,USDC
993,0.7962812575967416,737.1777797272357,46,S3_twin_shock,indonesia,USDC
994,0.8000476671156035,718.7483352340548,46,S3_twin_shock,indonesia,USDC
995,0.7660885108434193,700.7796268532036,46,S3_twin_shock,indonesia,USDC
996,0.7696650432398171,683.2601361818735,46,S3_twin_shock,indonesia,USDC
997,0.7586806793357218,666.1786327773266,46,S3_twin_shock,indonesia,USDC
998,0.7510232997206548,649.5241669578934,46,S3_twin_shock,indonesia,USDC
999,0.7338869304821231,633.2860627839461,46,S3_twin_shock,indonesia,USDC
1000,0.7548857564560731,617.4539112143474,46,S3_twin_shock,indonesia,USDC
