Step,price,liquidity,iteration,scenario,region,coin
1,0.9783989328408396,2989017765041.717,303,S3_twin_shock,indonesia,USDC
2,0.9785962365499408,2989017765041.717,303,S3_twin_shock,indonesia,USDC
3,0.9868299878837352,2989017765041.717,303,S3_twin_shock,indonesia,USDC
4,0.9832246479486255,2989017765041.717,303,S3_twin_shock,indonesia,USDC
5,0.9820563025494529,2989017765041.717,303,S3_twin_shock,indonesia,USDC
6,0.994691649920609,2989017765041.717,303,S3_twin_shock,indonesia,USDC
7,0.9739680060671967,2989017765041.717,303,S3_twin_shock,indonesia,USDC
8,0.9962229752605058,2989017765041.717,303,S3_twin_shock,indonesia,USDC
9,0.9819377014082133,2989017765041.717,303,S3_twin_shock,indonesia,USDC
10,0.9751325308361277,2989017765041.717,303,S3_twin_shock,indonesia,USDC
11,0.961318080079301,2989017765041.717,303,S3_twin_shock,indonesia,USDC
12,0.9843654285874719,2988510647768.21,303,S3_twin_shock,indonesia,USDC
13,0.9778979776594399,2988510647768.21,303,S3_twin_shock,indonesia,USDC
14,0.977078360340527,2988510647768.21,303,S3_twin_shock,indonesia,USDC
15,0.9775848315152935,2988510647768.21,303,S3_twin_shock,indonesia,USDC
16,0.9619847650924935,2988510647768.21,303,S3_twin_shock,indonesia,USDC
17,0.9877647977819314,2988019050417.3057,303,S3_twin_shock,indonesia,USDC
18,0.9811154251392257,2988019050417.3057,303,S3_twin_shock,indonesia,USDC
19,0.9706580618084939,2988019050417.3057,303,S3_twin_shock,indonesia,USDC
20,0.9634054749922454,2988019050417.3057,303,S3_twin_shock,indonesia,USDC
21,0.9658810130926134,2987646832388.2437,303,S3_twin_shock,indonesia,USDC
22,0.986490396622182,2987416048417.8906,303,S3_twin_shock,indonesia,USDC
23,0.9735294210264265,2987416048417.8906,303,S3_twin_shock,indonesia,USDC
24,0.9738043530622855,2987416048417.8906,303,S3_twin_shock,indonesia,USDC
25,0.9654495333953003,2987416048417.8906,303,S3_twin_shock,indonesia,USDC
26,1.0071735290683856,2987151411044.2417,303,S3_twin_shock,indonesia,USDC
27,1.0005387399353995,2987151411044.2417,303,S3_twin_shock,indonesia,USDC
28,1.0052323551679976,2987151411044.2417,303,S3_twin_shock,indonesia,USDC
29,0.9771718356879422,2987151411044.2417,303,S3_twin_shock,indonesia,USDC
30,0.9951341237442337,2987151411044.2417,303,S3_twin_shock,indonesia,USDC
31,0.9837397639756107,2987151411044.2417,303,S3_twin_shock,indonesia,USDC
32,1.0212138306737497,2987151411044.2417,303,S3_twin_shock,indonesia,USDC
33,1.0589706386810331,2987151411044.2417,303,S3_twin_shock,indonesia,USDC
34,1.0560789866655769,2987151411044.2417,303,S3_twin_shock,indonesia,USDC
35,1.044949846344613,2987151411044.2417,303,S3_twin_shock,indonesia,USDC
36,1.0310239301389255,2987151411044.2417,303,S3_twin_shock,indonesia,USDC
37,1.0045258207295809,2987151411044.2417,303,S3_twin_shock,indonesia,USDC
38,1.0111873635456543,2987151411044.2417,303,S3_twin_shock,indonesia,USDC
39,1.0145679286899105,2987151411044.2417,303,S3_twin_shock,indonesia,USDC
40,1.0080119277561275,2987151411044.2417,303,S3_twin_shock,indonesia,USDC
41,1.0100644442012994,2987151411044.2417,303,S3_twin_shock,indonesia,USDC
42,1.0141313762794453,2987151411044.2417,303,S3_twin_shock,indonesia,USDC
43,0.9941982746877019,2987151411044.2417,303,S3_twin_shock,indonesia,USDC
44,1.009892335269029,2987151411044.2417,303,S3_twin_shock,indonesia,USDC
45,1.0054720514956572,2987151411044.2417,303,S3_twin_shock,indonesia,USDC
46,0.9829246880927959,2987151411044.2417,303,S3_twin_shock,indonesia,USDC
47,0.962994044631127,2987151411044.2417,303,S3_twin_shock,indonesia,USDC
48,0.9683859557425699,2986753759479.302,303,S3_twin_shock,indonesia,USDC
49,0.9760676329455511,2986686499443.3564,303,S3_twin_shock,indonesia,USDC
50,0.9909938622255405,2986686499443.3564,303,S3_twin_shock,indonesia,USDC
51,0.962687768929388,2986686499443.3564,303,S3_twin_shock,indonesia,USDC
52,0.9325983211530862,2986263266201.0493,303,S3_twin_shock,indonesia,USDC
53,0.952071490933477,2984118989019.9067,303,S3_twin_shock,indonesia,USDC
54,0.9592963577679804,2983100553150.1445,303,S3_twin_shock,indonesia,USDC
55,0.9602416050656267,2982516452586.363,303,S3_twin_shock,indonesia,USDC
56,0.9250815673192847,2982015765221.4277,303,S3_twin_shock,indonesia,USDC
57,0.947565379181737,2979609178682.3774,303,S3_twin_shock,indonesia,USDC
58,0.9848927844312644,2978472068427.5107,303,S3_twin_shock,indonesia,USDC
59,1.0398289179483633,2978472068427.5107,303,S3_twin_shock,indonesia,USDC
60,1.0311562247889403,2978472068427.5107,303,S3_twin_shock,indonesia,USDC
61,1.0180386533679748,2978472068427.5107,303,S3_twin_shock,indonesia,USDC
62,1.012845158650803,2978472068427.5107,303,S3_twin_shock,indonesia,USDC
63,1.0263097477425775,2978472068427.5107,303,S3_twin_shock,indonesia,USDC
64,1.025214105979456,2978472068427.5107,303,S3_twin_shock,indonesia,USDC
65,1.037223609844468,2978472068427.5107,303,S3_twin_shock,indonesia,USDC
66,1.0038873559111745,2978472068427.5107,303,S3_twin_shock,indonesia,USDC
67,1.040553872898287,2978472068427.5107,303,S3_twin_shock,indonesia,USDC
68,1.0213449908443568,2978472068427.5107,303,S3_twin_shock,indonesia,USDC
69,1.0056066180994616,2978472068427.5107,303,S3_twin_shock,indonesia,USDC
70,1.0005279303179737,2978472068427.5107,303,S3_twin_shock,indonesia,USDC
71,1.0242765778529914,2978472068427.5107,303,S3_twin_shock,indonesia,USDC
72,1.0633953950485748,2978472068427.5107,303,S3_twin_shock,indonesia,USDC
73,1.0585396590742058,2978472068427.5107,303,S3_twin_shock,indonesia,USDC
74,1.0990510408362715,2978472068427.5107,303,S3_twin_shock,indonesia,USDC
75,1.0896551672395676,2978472068427.5107,303,S3_twin_shock,indonesia,USDC
76,1.052163223893882,2978472068427.5107,303,S3_twin_shock,indonesia,USDC
77,1.0684532746214939,2978472068427.5107,303,S3_twin_shock,indonesia,USDC
78,1.0822984986828275,2978472068427.5107,303,S3_twin_shock,indonesia,USDC
79,1.0772768478145807,2978472068427.5107,303,S3_twin_shock,indonesia,USDC
80,1.0416635910637437,2978472068427.5107,303,S3_twin_shock,indonesia,USDC
81,1.0466253146444953,2978472068427.5107,303,S3_twin_shock,indonesia,USDC
82,1.010585593755589,2978472068427.5107,303,S3_twin_shock,indonesia,USDC
83,1.0021575300235943,2978472068427.5107,303,S3_twin_shock,indonesia,USDC
84,1.0494729435498555,2978472068427.5107,303,S3_twin_shock,indonesia,USDC
85,1.0050543823956972,2978472068427.5107,303,S3_twin_shock,indonesia,USDC
86,1.0105683039836835,2978472068427.5107,303,S3_twin_shock,indonesia,USDC
87,0.9998422915380614,2978472068427.5107,303,S3_twin_shock,indonesia,USDC
88,0.9997404498994938,2978472068427.5107,303,S3_twin_shock,indonesia,USDC
89,0.9784941001770834,2978472068427.5107,303,S3_twin_shock,indonesia,USDC
90,0.9835718295566221,2978472068427.5107,303,S3_twin_shock,indonesia,USDC
91,0.9912530305370532,2978472068427.5107,303,S3_twin_shock,indonesia,USDC
92,0.9894800122989664,2978472068427.5107,303,S3_twin_shock,indonesia,USDC
93,1.009353928079948,2978472068427.5107,303,S3_twin_shock,indonesia,USDC
94,1.014915756781899,2978472068427.5107,303,S3_twin_shock,indonesia,USDC
95,1.0116361703025674,2978472068427.5107,303,S3_twin_shock,indonesia,USDC
96,1.029038609702947,2978472068427.5107,303,S3_twin_shock,indonesia,USDC
97,1.0586604576966538,2978472068427.5107,303,S3_twin_shock,indonesia,USDC
98,1.0695555530498202,2978472068427.5107,303,S3_twin_shock,indonesia,USDC
99,1.0759957072395778,2978472068427.5107,303,S3_twin_shock,indonesia,USDC
100,1.0635023103617396,2978472068427.5107,303,S3_twin_shock,indonesia,USDC
101,0.8921279628448864,2978472068427.5107,303,S3_twin_shock,indonesia,USDC
102,0.9239363798341282,2974621557975.847,303,S3_twin_shock,indonesia,USDC
103,0.9342615732902134,2972578908671.0674,303,S3_twin_shock,indonesia,USDC
104,0.9120594804170616,2971079353541.0776,303,S3_twin_shock,indonesia,USDC
105,0.8980716126996061,2968707528673.354,303,S3_twin_shock,indonesia,USDC
106,0.9043180989840629,2965871639078.401,303,S3_twin_shock,indonesia,USDC
107,0.9100160619165131,2963376141648.987,303,S3_twin_shock,indonesia,USDC
108,0.9407929868290944,2961341383898.099,303,S3_twin_shock,indonesia,USDC
109,0.9606351654945587,2960397099548.1025,303,S3_twin_shock,indonesia,USDC
110,0.9496819942088159,2960094148749.6045,303,S3_twin_shock,indonesia,USDC
111,0.9776077396596581,2959468193925.008,303,S3_twin_shock,indonesia,USDC
112,0.9400022934702595,2959468193925.008,303,S3_twin_shock,indonesia,USDC
113,0.9406310920843857,2958586489411.474,303,S3_twin_shock,indonesia,USDC
114,0.9234220315662873,2957750374318.745,303,S3_twin_shock,indonesia,USDC
115,0.9434323221679872,2956446475053.249,303,S3_twin_shock,indonesia,USDC
116,0.9711863751762049,2955748414408.568,303,S3_twin_shock,indonesia,USDC
117,0.9945104534126177,2955748414408.568,303,S3_twin_shock,indonesia,USDC
118,1.018747358541344,2955748414408.568,303,S3_twin_shock,indonesia,USDC
119,0.9931704051556123,2955748414408.568,303,S3_twin_shock,indonesia,USDC
120,0.9985417306935761,2955748414408.568,303,S3_twin_shock,indonesia,USDC
121,0.9615458925064634,2881854704048.354,303,S3_twin_shock,indonesia,USDC
122,0.9042990880325926,2809632847885.892,303,S3_twin_shock,indonesia,USDC
123,0.9034244362350408,2737680913925.001,303,S3_twin_shock,indonesia,USDC
124,0.8788926702824057,2667659792126.651,303,S3_twin_shock,indonesia,USDC
125,0.8577655479695607,2598845902029.0327,303,S3_twin_shock,indonesia,USDC
126,0.8618178028588201,2531605635542.2915,303,S3_twin_shock,indonesia,USDC
127,0.8623713958465618,2466371498064.673,303,S3_twin_shock,indonesia,USDC
128,0.8432606390180906,2402984775657.3423,303,S3_twin_shock,indonesia,USDC
129,0.8273628378266611,2341011190749.9507,303,S3_twin_shock,indonesia,USDC
130,0.8252676102300609,2280665309958.821,303,S3_twin_shock,indonesia,USDC
131,0.8090676142363022,2222035109430.2676,303,S3_twin_shock,indonesia,USDC
132,0.8338729128946036,2165018044959.6902,303,S3_twin_shock,indonesia,USDC
133,0.8180617415521803,2109873399274.583,303,S3_twin_shock,indonesia,USDC
134,0.8135793042939984,2056095597119.8687,303,S3_twin_shock,indonesia,USDC
135,0.7915392261847959,2003831194945.0093,303,S3_twin_shock,indonesia,USDC
136,0.78573260090139,1952848218115.1724,303,S3_twin_shock,indonesia,USDC
137,0.7917571508592629,1903308526869.8306,303,S3_twin_shock,indonesia,USDC
138,0.7635633862213839,1855134753188.7476,303,S3_twin_shock,indonesia,USDC
139,0.753889111305283,1808197622421.0718,303,S3_twin_shock,indonesia,USDC
140,0.7518045376116781,1762541021891.6533,303,S3_twin_shock,indonesia,USDC
141,0.7450456444677604,1718114194852.145,303,S3_twin_shock,indonesia,USDC
142,0.763367059162177,1674881909577.9731,303,S3_twin_shock,indonesia,USDC
143,0.7654459177743247,1632810611785.7917,303,S3_twin_shock,indonesia,USDC
144,0.7712680009343323,1591830405898.1035,303,S3_twin_shock,indonesia,USDC
145,0.7680667449857493,1551911438027.0627,303,S3_twin_shock,indonesia,USDC
146,0.778039850840277,1513017513138.3289,303,S3_twin_shock,indonesia,USDC
147,0.7676828019304576,1475114141927.1504,303,S3_twin_shock,indonesia,USDC
148,0.8065113371228562,1438174187707.3967,303,S3_twin_shock,indonesia,USDC
149,0.7816127400598569,1402179591782.7932,303,S3_twin_shock,indonesia,USDC
150,0.8046194650843118,1367085244785.3787,303,S3_twin_shock,indonesia,USDC
151,0.7935319856970183,1332879664951.2456,303,S3_twin_shock,indonesia,USDC
152,0.7973326003982791,1299532798485.1719,303,S3_twin_shock,indonesia,USDC
153,0.7886674517272007,1267023466062.5474,303,S3_twin_shock,indonesia,USDC
154,0.818878724646371,1235329665671.8088,303,S3_twin_shock,indonesia,USDC
155,0.8031052179323979,1204433785082.2656,303,S3_twin_shock,indonesia,USDC
156,0.771945242438804,1174311622561.8174,303,S3_twin_shock,indonesia,USDC
157,0.776204367943899,1144942379325.2024,303,S3_twin_shock,indonesia,USDC
158,0.7896307066426694,1116309686289.4858,303,S3_twin_shock,indonesia,USDC
159,0.7677855058103229,1088395272881.4602,303,S3_twin_shock,indonesia,USDC
160,0.7878455666175235,1061179274017.2539,303,S3_twin_shock,indonesia,USDC
161,0.7925842597147624,1034645584130.1392,303,S3_twin_shock,indonesia,USDC
162,0.8031863018613494,1008776071589.6619,303,S3_twin_shock,indonesia,USDC
163,0.7914757470313074,983553881585.8967,303,S3_twin_shock,indonesia,USDC
164,0.803499234267979,958962708054.0215,303,S3_twin_shock,indonesia,USDC
165,0.7959013011264482,934986847724.5048,303,S3_twin_shock,indonesia,USDC
166,0.799067655446622,911610571478.7505,303,S3_twin_shock,indonesia,USDC
167,0.7935376549609151,888818950180.0684,303,S3_twin_shock,indonesia,USDC
168,0.8166320013708428,866597367388.7657,303,S3_twin_shock,indonesia,USDC
169,0.8063851491083517,844931655021.6917,303,S3_twin_shock,indonesia,USDC
170,0.8010811448925165,823807656424.5059,303,S3_twin_shock,indonesia,USDC
171,0.8077705589375552,803211837605.2698,303,S3_twin_shock,indonesia,USDC
172,0.819462185569752,783131029884.2068,303,S3_twin_shock,indonesia,USDC
173,0.8125044892819481,763552373359.8768,303,S3_twin_shock,indonesia,USDC
174,0.7737213685344891,744463216350.0774,303,S3_twin_shock,indonesia,USDC
175,0.7763229597206833,725851277144.0461,303,S3_twin_shock,indonesia,USDC
176,0.7884931773558395,707704702890.3123,303,S3_twin_shock,indonesia,USDC
177,0.7940118021835059,690011863975.8138,303,S3_twin_shock,indonesia,USDC
178,0.7861608235824888,672761394999.305,303,S3_twin_shock,indonesia,USDC
179,0.7916830722472903,655942204604.7853,303,S3_twin_shock,indonesia,USDC
180,0.7830836182885931,639543531567.865,303,S3_twin_shock,indonesia,USDC
181,0.7731542460970974,623554838954.1467,303,S3_twin_shock,indonesia,USDC
182,0.7710148257138578,607965878450.96,303,S3_twin_shock,indonesia,USDC
183,0.7493304925803863,592766655694.0818,303,S3_twin_shock,indonesia,USDC
184,0.7450721396276988,577947424999.3962,303,S3_twin_shock,indonesia,USDC
185,0.7821292701515277,563498688188.3917,303,S3_twin_shock,indonesia,USDC
186,0.8011513273565621,549411186469.7896,303,S3_twin_shock,indonesia,USDC
187,0.8447804155582911,535675883269.3395,303,S3_twin_shock,indonesia,USDC
188,0.8504367850744381,522283971320.5742,303,S3_twin_shock,indonesia,USDC
189,0.8404012543460364,509226859327.739,303,S3_twin_shock,indonesia,USDC
190,0.8514550428494487,496496176238.08923,303,S3_twin_shock,indonesia,USDC
191,0.8474488312479456,484083762139.6044,303,S3_twin_shock,indonesia,USDC
192,0.7197434928084021,471981659642.06177,303,S3_twin_shock,indonesia,USDC
193,0.7463901205940271,460182102849.4735,303,S3_twin_shock,indonesia,USDC
194,0.7706637315579402,448677539526.1543,303,S3_twin_shock,indonesia,USDC
195,0.7634849572375527,437460593771.53674,303,S3_twin_shock,indonesia,USDC
196,0.7944397858284409,426524072881.9586,303,S3_twin_shock,indonesia,USDC
197,0.7828901068556551,415860967062.1821,303,S3_twin_shock,indonesia,USDC
198,0.7961938256690398,405464439131.09644,303,S3_twin_shock,indonesia,USDC
199,0.7762569083076317,395327825392.4685,303,S3_twin_shock,indonesia,USDC
200,0.7654481280371647,385444627270.31165,303,S3_twin_shock,indonesia,USDC
201,0.7812565891735119,375808509466.6884,303,S3_twin_shock,indonesia,USDC
202,0.7686787399793856,366413295201.28253,303,S3_twin_shock,indonesia,USDC
203,0.8078272764718822,357252961488.8351,303,S3_twin_shock,indonesia,USDC
204,0.8198733545506435,348321636589.9116,303,S3_twin_shock,indonesia,USDC
205,0.8469399637273977,339613594974.7528,303,S3_twin_shock,indonesia,USDC
206,0.8467643013983248,331123254603.50336,303,S3_twin_shock,indonesia,USDC
207,0.8443632078561151,322845172803.9532,303,S3_twin_shock,indonesia,USDC
208,0.8534955590136348,314774043105.1676,303,S3_twin_shock,indonesia,USDC
209,0.861834226055761,306904691734.1561,303,S3_twin_shock,indonesia,USDC
210,0.8542120332947161,299232074193.83,303,S3_twin_shock,indonesia,USDC
211,0.8527863243362316,291751272092.3448,303,S3_twin_shock,indonesia,USDC
212,0.8619024974738283,284457490074.7509,303,S3_twin_shock,indonesia,USDC
213,0.8733205145717021,277346052647.883,303,S3_twin_shock,indonesia,USDC
214,0.8324129139402361,270412401195.44888,303,S3_twin_shock,indonesia,USDC
215,0.8495584851721474,263652090982.15594,303,S3_twin_shock,indonesia,USDC
216,0.8566270239206802,257060788572.69537,303,S3_twin_shock,indonesia,USDC
217,0.8529091489907907,250634268751.65698,303,S3_twin_shock,indonesia,USDC
218,0.8314558300306519,244368411934.66876,303,S3_twin_shock,indonesia,USDC
219,0.8349943670667911,238259201533.03998,303,S3_twin_shock,indonesia,USDC
220,0.8078283977785848,232302721407.6136,303,S3_twin_shock,indonesia,USDC
221,0.8027489601938965,226495153277.4496,303,S3_twin_shock,indonesia,USDC
222,0.8076896267115057,220832774365.2716,303,S3_twin_shock,indonesia,USDC
223,0.8105939545432952,215311954938.501,303,S3_twin_shock,indonesia,USDC
224,0.780249097473523,209929156009.7255,303,S3_twin_shock,indonesia,USDC
225,0.7688596935790099,204680927054.4602,303,S3_twin_shock,indonesia,USDC
226,0.7993362119970278,199563903832.08838,303,S3_twin_shock,indonesia,USDC
227,0.8051514069753098,194574806204.57452,303,S3_twin_shock,indonesia,USDC
228,0.8001233687593124,189710436025.71014,303,S3_twin_shock,indonesia,USDC
229,0.7937615071625491,184967675104.0719,303,S3_twin_shock,indonesia,USDC
230,0.7842312852711265,180343483208.71735,303,S3_twin_shock,indonesia,USDC
231,0.7717747387744995,175834896112.98047,303,S3_twin_shock,indonesia,USDC
232,0.7630976314506536,171439023696.5763,303,S3_twin_shock,indonesia,USDC
233,0.7576593579163354,167153048092.71375,303,S3_twin_shock,indonesia,USDC
234,0.7596159360209714,162974221881.00763,303,S3_twin_shock,indonesia,USDC
235,0.7687534728412683,158899866326.4489,303,S3_twin_shock,indonesia,USDC
236,0.7755627464361877,154927369662.36224,303,S3_twin_shock,indonesia,USDC
237,0.783163706106828,151054185416.3542,303,S3_twin_shock,indonesia,USDC
238,0.7945840477020188,147277830777.50928,303,S3_twin_shock,indonesia,USDC
239,0.8046265865928607,143595885005.40414,303,S3_twin_shock,indonesia,USDC
240,0.8048122085349686,140005987878.2091,303,S3_twin_shock,indonesia,USDC
241,0.7836850745966192,136505838179.58025,303,S3_twin_shock,indonesia,USDC
242,0.797204394160054,133093192223.51785,303,S3_twin_shock,indonesia,USDC
243,0.7833176545796946,129765862416.7228,303,S3_twin_shock,indonesia,USDC
244,0.8027503032203137,126521715855.2535,303,S3_twin_shock,indonesia,USDC
245,0.8080823557607484,123358672958.10852,303,S3_twin_shock,indonesia,USDC
246,0.8101323200428112,120274706133.55377,303,S3_twin_shock,indonesia,USDC
247,0.8166484986468523,117267838479.716,303,S3_twin_shock,indonesia,USDC
248,0.7960778319517973,114336142517.32872,303,S3_twin_shock,indonesia,USDC
249,0.7840030533708044,111477738953.99844,303,S3_twin_shock,indonesia,USDC
250,0.7852436316406215,108690795479.79147,303,S3_twin_shock,indonesia,USDC
251,0.7613828769030031,105973525592.52115,303,S3_twin_shock,indonesia,USDC
252,0.7511448715510969,103324187452.45386,303,S3_twin_shock,indonesia,USDC
253,0.7544078940815365,100741082765.93503,303,S3_twin_shock,indonesia,USDC
254,0.7596203075709385,98222555696.61606,303,S3_twin_shock,indonesia,USDC
255,0.7714840048000038,95766991804.07118,303,S3_twin_shock,indonesia,USDC
256,0.7580947112442497,93372817008.87561,303,S3_twin_shock,indonesia,USDC
257,0.7803754820700988,91038496583.57521,303,S3_twin_shock,indonesia,USDC
258,0.8031369147778915,88762534168.92921,303,S3_twin_shock,indonesia,USDC
259,0.8143968640122988,86543470814.66577,303,S3_twin_shock,indonesia,USDC
260,0.8130062085811861,84379884044.26793,303,S3_twin_shock,indonesia,USDC
261,0.8120863342308443,82270386943.13525,303,S3_twin_shock,indonesia,USDC
262,0.8276201112436367,80213627269.53436,303,S3_twin_shock,indonesia,USDC
263,0.8423080514815913,78208286587.7793,303,S3_twin_shock,indonesia,USDC
264,0.8277450503853032,76253079423.07195,303,S3_twin_shock,indonesia,USDC
265,0.8092807527277268,74346752437.48236,303,S3_twin_shock,indonesia,USDC
266,0.8161200201525921,72488083626.53265,303,S3_twin_shock,indonesia,USDC
267,0.8199293157693354,70675881535.85963,303,S3_twin_shock,indonesia,USDC
268,0.8227107428583877,68908984497.45529,303,S3_twin_shock,indonesia,USDC
269,0.8001663517106173,67186259885.01204,303,S3_twin_shock,indonesia,USDC
270,0.7926530815409987,65506603387.87988,303,S3_twin_shock,indonesia,USDC
271,0.7770206856219035,63868938303.176956,303,S3_twin_shock,indonesia,USDC
272,0.7607583879935593,62272214845.59227,303,S3_twin_shock,indonesia,USDC
273,0.8003458293475444,60715409474.44798,303,S3_twin_shock,indonesia,USDC
274,0.7700981030516845,59197524237.58397,303,S3_twin_shock,indonesia,USDC
275,0.80061406689668,57717586131.64151,303,S3_twin_shock,indonesia,USDC
276,0.7970347771047285,56274646478.34859,303,S3_twin_shock,indonesia,USDC
277,0.7729802612844875,54867780316.388245,303,S3_twin_shock,indonesia,USDC
278,0.7703504680190104,53496085808.4771,303,S3_twin_shock,indonesia,USDC
279,0.7855874778161951,52158683663.26399,303,S3_twin_shock,indonesia,USDC
280,0.8025207666734452,50854716571.681496,303,S3_twin_shock,indonesia,USDC
281,0.803225157413676,49583348657.38879,303,S3_twin_shock,indonesia,USDC
282,0.7898985620335776,48343764940.95349,303,S3_twin_shock,indonesia,USDC
283,0.8002232977115668,47135170817.42917,303,S3_twin_shock,indonesia,USDC
284,0.7940033939731753,45956791546.99304,303,S3_twin_shock,indonesia,USDC
285,0.7804829253734115,44807871758.31789,303,S3_twin_shock,indonesia,USDC
286,0.7922574338546783,43687674964.35964,303,S3_twin_shock,indonesia,USDC
287,0.7936180402767624,42595483090.250435,303,S3_twin_shock,indonesia,USDC
288,0.7841980095537349,41530596012.99399,303,S3_twin_shock,indonesia,USDC
289,0.7964761703428342,40492331112.66899,303,S3_twin_shock,indonesia,USDC
290,0.784378306660074,39480022834.85214,303,S3_twin_shock,indonesia,USDC
291,0.7983279951372875,38493022263.98073,303,S3_twin_shock,indonesia,USDC
292,0.8292031832785052,37530696707.38113,303,S3_twin_shock,indonesia,USDC
293,0.8074798548652643,36592429289.69654,303,S3_twin_shock,indonesia,USDC
294,0.8239612299501965,35677618557.45407,303,S3_twin_shock,indonesia,USDC
295,0.8200827574725468,34785678093.51768,303,S3_twin_shock,indonesia,USDC
296,0.8087067437957748,33916036141.179703,303,S3_twin_shock,indonesia,USDC
297,0.8008485646222901,33068135237.650177,303,S3_twin_shock,indonesia,USDC
298,0.7719669692506712,32241431856.708897,303,S3_twin_shock,indonesia,USDC
299,0.7747450168934209,31435396060.291138,303,S3_twin_shock,indonesia,USDC
300,0.7679752494558841,30649511158.783836,303,S3_twin_shock,indonesia,USDC
301,0.7575999322115531,29883273379.814224,303,S3_twin_shock,indonesia,USDC
302,0.7827380055557009,29136191545.318855,303,S3_twin_shock,indonesia,USDC
303,0.6727192226184541,28407786756.68587,303,S3_twin_shock,indonesia,USDC
304,0.6973085830055217,27697592087.76871,303,S3_twin_shock,indonesia,USDC
305,0.7125770373320421,27005152285.574486,303,S3_twin_shock,indonesia,USDC
306,0.7056352278059225,26330023478.435116,303,S3_twin_shock,indonesia,USDC
307,0.6924018255818155,25671772891.474236,303,S3_twin_shock,indonesia,USDC
308,0.713566384953705,25029978569.187374,303,S3_twin_shock,indonesia,USDC
309,0.701907502169872,24404229104.957687,303,S3_twin_shock,indonesia,USDC
310,0.7066087747574493,23794123377.333744,303,S3_twin_shock,indonesia,USDC
311,0.7354743208366407,23199270292.9004,303,S3_twin_shock,indonesia,USDC
312,0.7489303664934533,22619288535.57789,303,S3_twin_shock,indonesia,USDC
313,0.769351106661437,22053806322.188442,303,S3_twin_shock,indonesia,USDC
314,0.7883112846520258,21502461164.133728,303,S3_twin_shock,indonesia,USDC
315,0.7808567872128074,20964899635.030384,303,S3_twin_shock,indonesia,USDC
316,0.7738485793422624,20440777144.154625,303,S3_twin_shock,indonesia,USDC
317,0.8000960452146402,19929757715.55076,303,S3_twin_shock,indonesia,USDC
318,0.8162161034857365,19431513772.66199,303,S3_twin_shock,indonesia,USDC
319,0.8310020289231096,18945725928.345444,303,S3_twin_shock,indonesia,USDC
320,0.825190213465866,18472082780.136803,303,S3_twin_shock,indonesia,USDC
321,0.8378365978176141,18010280710.633385,303,S3_twin_shock,indonesia,USDC
322,0.8330634223887781,17560023692.86755,303,S3_twin_shock,indonesia,USDC
323,0.8288428025202019,17121023100.545862,303,S3_twin_shock,indonesia,USDC
324,0.8474356653513309,16692997523.032215,303,S3_twin_shock,indonesia,USDC
325,0.8429142428406016,16275672584.95641,303,S3_twin_shock,indonesia,USDC
326,0.8361782629044623,15868780770.332499,303,S3_twin_shock,indonesia,USDC
327,0.8419734928269589,15472061251.074186,303,S3_twin_shock,indonesia,USDC
328,0.8200048535164316,15085259719.797333,303,S3_twin_shock,indonesia,USDC
329,0.832044061149394,14708128226.802399,303,S3_twin_shock,indonesia,USDC
330,0.8723417623255884,14340425021.13234,303,S3_twin_shock,indonesia,USDC
331,0.8602941760557901,13981914395.60403,303,S3_twin_shock,indonesia,USDC
332,0.8663200309033549,13632366535.71393,303,S3_twin_shock,indonesia,USDC
333,0.8151938054479959,13291557372.321081,303,S3_twin_shock,indonesia,USDC
334,0.791145926154537,12959268438.013054,303,S3_twin_shock,indonesia,USDC
335,0.8187982019868087,12635286727.062729,303,S3_twin_shock,indonesia,USDC
336,0.8242053449332317,12319404558.88616,303,S3_twin_shock,indonesia,USDC
337,0.7956635683264952,12011419444.914005,303,S3_twin_shock,indonesia,USDC
338,0.7884063392150451,11711133958.791157,303,S3_twin_shock,indonesia,USDC
339,0.7825110134995977,11418355609.821377,303,S3_twin_shock,indonesia,USDC
340,0.7620524236587991,11132896719.575842,303,S3_twin_shock,indonesia,USDC
341,0.7395151118288062,10854574301.586447,303,S3_twin_shock,indonesia,USDC
342,0.7494001766556437,10583209944.046785,303,S3_twin_shock,indonesia,USDC
343,0.7433431390689911,10318629695.445616,303,S3_twin_shock,indonesia,USDC
344,0.7793029061567083,10060663953.059477,303,S3_twin_shock,indonesia,USDC
345,0.7754215083611871,9809147354.232988,303,S3_twin_shock,indonesia,USDC
346,0.7716742069578446,9563918670.377165,303,S3_twin_shock,indonesia,USDC
347,0.7698992615031717,9324820703.617735,303,S3_twin_shock,indonesia,USDC
348,0.762418504932652,9091700186.027292,303,S3_twin_shock,indonesia,USDC
349,0.7456311577071263,8864407681.37661,303,S3_twin_shock,indonesia,USDC
350,0.7449151442193849,8642797489.342196,303,S3_twin_shock,indonesia,USDC
351,0.7512245385014208,8426727552.10864,303,S3_twin_shock,indonesia,USDC
352,0.7501005959528715,8216059363.305923,303,S3_twin_shock,indonesia,USDC
353,0.7490895699934456,8010657879.223275,303,S3_twin_shock,indonesia,USDC
354,0.7517262002842999,7810391432.242693,303,S3_twin_shock,indonesia,USDC
355,0.7727681123857598,7615131646.4366255,303,S3_twin_shock,indonesia,USDC
356,0.764244623138089,7424753355.27571,303,S3_twin_shock,indonesia,USDC
357,0.7909584906362161,7239134521.393818,303,S3_twin_shock,indonesia,USDC
358,0.7871887212400427,7058156158.358973,303,S3_twin_shock,indonesia,USDC
359,0.7868680565664598,6881702254.399998,303,S3_twin_shock,indonesia,USDC
360,0.8024705932692192,6709659698.039997,303,S3_twin_shock,indonesia,USDC
361,0.8222930043452222,6541918205.588998,303,S3_twin_shock,indonesia,USDC
362,0.8297845367246744,6378370250.449272,303,S3_twin_shock,indonesia,USDC
363,0.806773877085638,6218910994.188042,303,S3_twin_shock,indonesia,USDC
364,0.7737797926179203,6063438219.33334,303,S3_twin_shock,indonesia,USDC
365,0.7695177490969508,5911852263.850006,303,S3_twin_shock,indonesia,USDC
366,0.7735283332547078,5764055957.2537565,303,S3_twin_shock,indonesia,USDC
367,0.7912585487991173,5619954558.3224125,303,S3_twin_shock,indonesia,USDC
368,0.7879533861395084,5479455694.364351,303,S3_twin_shock,indonesia,USDC
369,0.7888420241823505,5342469302.005243,303,S3_twin_shock,indonesia,USDC
370,0.7973413158886005,5208907569.455112,303,S3_twin_shock,indonesia,USDC
371,0.7740943113416466,5078684880.218734,303,S3_twin_shock,indonesia,USDC
372,0.7517508271707108,4951717758.213265,303,S3_twin_shock,indonesia,USDC
373,0.7730832379100684,4827924814.257934,303,S3_twin_shock,indonesia,USDC
374,0.7729973070423733,4707226693.901485,303,S3_twin_shock,indonesia,USDC
375,0.7693479085750284,4589546026.553948,303,S3_twin_shock,indonesia,USDC
376,0.7603091359299977,4474807375.8901,303,S3_twin_shock,indonesia,USDC
377,0.7635564335273237,4362937191.492847,303,S3_twin_shock,indonesia,USDC
378,0.7596961136407144,4253863761.7055264,303,S3_twin_shock,indonesia,USDC
379,0.762599671175208,4147517167.6628876,303,S3_twin_shock,indonesia,USDC
380,0.7886474366755655,4043829238.471316,303,S3_twin_shock,indonesia,USDC
381,0.7900236399960501,3942733507.509533,303,S3_twin_shock,indonesia,USDC
382,0.8004630178532317,3844165169.821794,303,S3_twin_shock,indonesia,USDC
383,0.797142868178171,3748061040.576249,303,S3_twin_shock,indonesia,USDC
384,0.8004981470938048,3654359514.5618434,303,S3_twin_shock,indonesia,USDC
385,0.7836914287889494,3563000526.6977973,303,S3_twin_shock,indonesia,USDC
386,0.7899330742765628,3473925513.5303526,303,S3_twin_shock,indonesia,USDC
387,0.7911893583819865,3387077375.692094,303,S3_twin_shock,indonesia,USDC
388,0.824235012679954,3302400441.2997913,303,S3_twin_shock,indonesia,USDC
389,0.82332889490431,3219840430.267297,303,S3_twin_shock,indonesia,USDC
390,0.8070304040677491,3139344419.510614,303,S3_twin_shock,indonesia,USDC
391,0.8388285336932102,3060860809.0228486,303,S3_twin_shock,indonesia,USDC
392,0.8306119068484575,2984339288.7972775,303,S3_twin_shock,indonesia,USDC
393,0.8407520969999225,2909730806.5773454,303,S3_twin_shock,indonesia,USDC
394,0.8334213976234192,2836987536.4129114,303,S3_twin_shock,indonesia,USDC
395,0.8288689618407663,2766062848.002589,303,S3_twin_shock,indonesia,USDC
396,0.8624274014321623,2696911276.802524,303,S3_twin_shock,indonesia,USDC
397,0.8741920858789768,2629488494.882461,303,S3_twin_shock,indonesia,USDC
398,0.8681299237225304,2563751282.5103993,303,S3_twin_shock,indonesia,USDC
399,0.8335228136122598,2499657500.4476395,303,S3_twin_shock,indonesia,USDC
400,0.7967591718215272,2437166062.936448,303,S3_twin_shock,indonesia,USDC
401,0.794443529733399,2376236911.363037,303,S3_twin_shock,indonesia,USDC
402,0.7887783824717584,2316830988.5789614,303,S3_twin_shock,indonesia,USDC
403,0.7990423532467571,2258910213.864487,303,S3_twin_shock,indonesia,USDC
404,0.7916769832814163,2202437458.5178747,303,S3_twin_shock,indonesia,USDC
405,0.7732503072311888,2147376522.0549283,303,S3_twin_shock,indonesia,USDC
406,0.762756952634842,2093692109.0035548,303,S3_twin_shock,indonesia,USDC
407,0.7669640372961704,2041349806.278466,303,S3_twin_shock,indonesia,USDC
408,0.7750772179253752,1990316061.1215043,303,S3_twin_shock,indonesia,USDC
409,0.7742075286169907,1940558159.5934668,303,S3_twin_shock,indonesia,USDC
410,0.7598559569379673,1892044205.60363,303,S3_twin_shock,indonesia,USDC
411,0.7595300357186782,1844743100.4635396,303,S3_twin_shock,indonesia,USDC
412,0.7655921243421637,1798624522.951951,303,S3_twin_shock,indonesia,USDC
413,0.7745157861723562,1753658909.878152,303,S3_twin_shock,indonesia,USDC
414,0.7714897568113901,1709817437.1311984,303,S3_twin_shock,indonesia,USDC
415,0.7686420465388327,1667072001.2029185,303,S3_twin_shock,indonesia,USDC
416,0.7576913162611921,1625395201.1728454,303,S3_twin_shock,indonesia,USDC
417,0.7564708089412792,1584760321.1435242,303,S3_twin_shock,indonesia,USDC
418,0.7734852632865132,1545141313.114936,303,S3_twin_shock,indonesia,USDC
419,0.7815169930262917,1506512780.2870626,303,S3_twin_shock,indonesia,USDC
420,0.7988486316361593,1468849960.7798862,303,S3_twin_shock,indonesia,USDC
421,0.8287228021416981,1432128711.7603889,303,S3_twin_shock,indonesia,USDC
422,0.8446911042791988,1396325493.9663792,303,S3_twin_shock,indonesia,USDC
423,0.8503057259807375,1361417356.61722,303,S3_twin_shock,indonesia,USDC
424,0.8448485398157931,1327381922.7017894,303,S3_twin_shock,indonesia,USDC
425,0.8351489512177678,1294197374.6342444,303,S3_twin_shock,indonesia,USDC
426,0.8452395124320182,1261842440.2683883,303,S3_twin_shock,indonesia,USDC
427,0.8525164904381286,1230296379.2616787,303,S3_twin_shock,indonesia,USDC
428,0.8571310262478281,1199538969.7801366,303,S3_twin_shock,indonesia,USDC
429,0.8624526758303237,1169550495.5356333,303,S3_twin_shock,indonesia,USDC
430,0.8316687127319895,1140311733.1472425,303,S3_twin_shock,indonesia,USDC
431,0.8374173959616544,1111803939.8185613,303,S3_twin_shock,indonesia,USDC
432,0.8364134519825807,1084008841.3230972,303,S3_twin_shock,indonesia,USDC
433,0.8312195082052443,1056908620.2900198,303,S3_twin_shock,indonesia,USDC
434,0.829049168128585,1030485904.7827692,303,S3_twin_shock,indonesia,USDC
435,0.8274561023321736,1004723757.1632,303,S3_twin_shock,indonesia,USDC
436,0.8177779028274351,979605663.2341201,303,S3_twin_shock,indonesia,USDC
437,0.8166996763190427,955115521.6532671,303,S3_twin_shock,indonesia,USDC
438,0.7945392114933356,931237633.6119354,303,S3_twin_shock,indonesia,USDC
439,0.809621738386176,907956692.771637,303,S3_twin_shock,indonesia,USDC
440,0.8135989584376767,885257775.4523461,303,S3_twin_shock,indonesia,USDC
441,0.8116974803326195,863126331.0660374,303,S3_twin_shock,indonesia,USDC
442,0.8112942031064867,841548172.7893865,303,S3_twin_shock,indonesia,USDC
443,0.84766589938914,820509468.4696517,303,S3_twin_shock,indonesia,USDC
444,0.8324686872284133,799996731.7579105,303,S3_twin_shock,indonesia,USDC
445,0.8184290214762817,779996813.4639627,303,S3_twin_shock,indonesia,USDC
446,0.8113404837865474,760496893.1273637,303,S3_twin_shock,indonesia,USDC
447,0.8251419712320499,741484470.7991796,303,S3_twin_shock,indonesia,USDC
448,0.8480127858701273,722947359.0292001,303,S3_twin_shock,indonesia,USDC
449,0.8580886015768027,704873675.05347,303,S3_twin_shock,indonesia,USDC
450,0.861876101443403,687251833.1771333,303,S3_twin_shock,indonesia,USDC
451,0.8571312174871452,670070537.3477049,303,S3_twin_shock,indonesia,USDC
452,0.8512109624608151,653318773.9140123,303,S3_twin_shock,indonesia,USDC
453,0.8354376735202478,636985804.566162,303,S3_twin_shock,indonesia,USDC
454,0.8200082829139309,621061159.452008,303,S3_twin_shock,indonesia,USDC
455,0.8122079085470271,605534630.4657078,303,S3_twin_shock,indonesia,USDC
456,0.7997213969002122,590396264.7040651,303,S3_twin_shock,indonesia,USDC
457,0.8095416554077565,575636358.0864635,303,S3_twin_shock,indonesia,USDC
458,0.803994672104317,561245449.1343018,303,S3_twin_shock,indonesia,USDC
459,0.8129151730174111,547214312.9059443,303,S3_twin_shock,indonesia,USDC
460,0.8290479820929441,533533955.0832957,303,S3_twin_shock,indonesia,USDC
461,0.8375630074727757,520195606.20621336,303,S3_twin_shock,indonesia,USDC
462,0.7997404817014162,507190716.051058,303,S3_twin_shock,indonesia,USDC
463,0.7877870335198189,494510948.1497815,303,S3_twin_shock,indonesia,USDC
464,0.7977924128438567,482148174.446037,303,S3_twin_shock,indonesia,USDC
465,0.8260526731565516,470094470.0848861,303,S3_twin_shock,indonesia,USDC
466,0.8178092004424361,458342108.3327639,303,S3_twin_shock,indonesia,USDC
467,0.8005725665387307,446883555.6244448,303,S3_twin_shock,indonesia,USDC
468,0.7987116589652544,435711466.7338337,303,S3_twin_shock,indonesia,USDC
469,0.7313550095295693,424818680.06548786,303,S3_twin_shock,indonesia,USDC
470,0.7228806334973555,414198213.0638507,303,S3_twin_shock,indonesia,USDC
471,0.723224945171546,403843257.7372544,303,S3_twin_shock,indonesia,USDC
472,0.7099209912876164,393747176.293823,303,S3_twin_shock,indonesia,USDC
473,0.7311108202405084,383903496.8864775,303,S3_twin_shock,indonesia,USDC
474,0.7378168478819701,374305909.46431553,303,S3_twin_shock,indonesia,USDC
475,0.7364457691828971,364948261.7277076,303,S3_twin_shock,indonesia,USDC
476,0.7507383445231549,355824555.18451494,303,S3_twin_shock,indonesia,USDC
477,0.7651459035697378,346928941.3049021,303,S3_twin_shock,indonesia,USDC
478,0.761475609426478,338255717.7722795,303,S3_twin_shock,indonesia,USDC
479,0.752959873095201,329799324.82797253,303,S3_twin_shock,indonesia,USDC
480,0.7623040587358724,321554341.7072732,303,S3_twin_shock,indonesia,USDC
481,0.7692110395633223,313515483.1645914,303,S3_twin_shock,indonesia,USDC
482,0.7792674004586462,305677596.08547664,303,S3_twin_shock,indonesia,USDC
483,0.7549627723422851,298035656.1833397,303,S3_twin_shock,indonesia,USDC
484,0.756939745667654,290584764.77875626,303,S3_twin_shock,indonesia,USDC
485,0.7743524486405324,283320145.65928733,303,S3_twin_shock,indonesia,USDC
486,0.7665478113033062,276237142.0178051,303,S3_twin_shock,indonesia,USDC
487,0.7596401367104836,269331213.46735996,303,S3_twin_shock,indonesia,USDC
488,0.7604373649196694,262597933.13067597,303,S3_twin_shock,indonesia,USDC
489,0.7682668618230569,256032984.80240908,303,S3_twin_shock,indonesia,USDC
490,0.7735472061052036,249632160.18234885,303,S3_twin_shock,indonesia,USDC
491,0.7641379763390574,243391356.1777901,303,S3_twin_shock,indonesia,USDC
492,0.7905322518145023,237306572.27334535,303,S3_twin_shock,indonesia,USDC
493,0.7947404102649474,231373907.96651173,303,S3_twin_shock,indonesia,USDC
494,0.7836954564636313,225589560.26734897,303,S3_twin_shock,indonesia,USDC
495,0.7718738495720886,219949821.26066524,303,S3_twin_shock,indonesia,USDC
496,0.7661824349568296,214451075.72914863,303,S3_twin_shock,indonesia,USDC
497,0.7532959973604562,209089798.83591992,303,S3_twin_shock,indonesia,USDC
498,0.759007769948962,203862553.8650219,303,S3_twin_shock,indonesia,USDC
499,0.7577673980508196,198765990.01839638,303,S3_twin_shock,indonesia,USDC
500,0.7427045618427601,193796840.26793647,303,S3_twin_shock,indonesia,USDC
501,0.7469054499376476,188951919.26123807,303,S3_twin_shock,indonesia,USDC
502,0.7677747209164373,184228121.2797071,303,S3_twin_shock,indonesia,USDC
503,0.7520035807414885,179622418.24771443,303,S3_twin_shock,indonesia,USDC
504,0.7268110907088684,175131857.79152155,303,S3_twin_shock,indonesia,USDC
505,0.7603911213478883,170753561.34673354,303,S3_twin_shock,indonesia,USDC
506,0.7528192848830365,166484722.31306517,303,S3_twin_shock,indonesia,USDC
507,0.7513439871831776,162322604.25523856,303,S3_twin_shock,indonesia,USDC
508,0.7828173176219597,158264539.1488576,303,S3_twin_shock,indonesia,USDC
509,0.7766109761951598,154307925.67013615,303,S3_twin_shock,indonesia,USDC
510,0.7706439432390109,150450227.52838275,303,S3_twin_shock,indonesia,USDC
511,0.7842981654242297,146688971.84017318,303,S3_twin_shock,indonesia,USDC
512,0.8046275721705202,143021747.54416886,303,S3_twin_shock,indonesia,USDC
513,0.8128454623620234,139446203.85556465,303,S3_twin_shock,indonesia,USDC
514,0.8088298263364124,135960048.7591755,303,S3_twin_shock,indonesia,USDC
515,0.7971368269214107,132561047.54019612,303,S3_twin_shock,indonesia,USDC
516,0.7652169452940764,129247021.35169122,303,S3_twin_shock,indonesia,USDC
517,0.7615290561548578,126015845.81789894,303,S3_twin_shock,indonesia,USDC
518,0.788863177655999,122865449.67245147,303,S3_twin_shock,indonesia,USDC
519,0.7977184050146284,119793813.43064016,303,S3_twin_shock,indonesia,USDC
520,0.7061597377002823,116798968.09487417,303,S3_twin_shock,indonesia,USDC
521,0.7173732126582061,113878993.89250232,303,S3_twin_shock,indonesia,USDC
522,0.7021378584543243,111032019.04518977,303,S3_twin_shock,indonesia,USDC
523,0.687555076137001,108256218.56906003,303,S3_twin_shock,indonesia,USDC
524,0.7283777412053186,105549813.10483351,303,S3_twin_shock,indonesia,USDC
525,0.6549911846125063,102911067.77721268,303,S3_twin_shock,indonesia,USDC
526,0.6700546700159322,100338291.08278236,303,S3_twin_shock,indonesia,USDC
527,0.6905165467921112,97829833.80571279,303,S3_twin_shock,indonesia,USDC
528,0.7036333002209032,95384087.96056998,303,S3_twin_shock,indonesia,USDC
529,0.7254797609066931,92999485.76155573,303,S3_twin_shock,indonesia,USDC
530,0.7475725528921883,90674498.61751683,303,S3_twin_shock,indonesia,USDC
531,0.754724082883974,88407636.15207891,303,S3_twin_shock,indonesia,USDC
532,0.7688091428812834,86197445.24827695,303,S3_twin_shock,indonesia,USDC
533,0.778272098868123,84042509.11707002,303,S3_twin_shock,indonesia,USDC
534,0.7604540103406787,81941446.38914326,303,S3_twin_shock,indonesia,USDC
535,0.7568526617514829,79892910.22941469,303,S3_twin_shock,indonesia,USDC
536,0.7609209715478426,77895587.47367932,303,S3_twin_shock,indonesia,USDC
537,0.7636307985444235,75948197.78683734,303,S3_twin_shock,indonesia,USDC
538,0.750639354313854,74049492.84216641,303,S3_twin_shock,indonesia,USDC
539,0.7735581320363206,72198255.52111225,303,S3_twin_shock,indonesia,USDC
540,0.7850123120482814,70393299.13308445,303,S3_twin_shock,indonesia,USDC
541,0.7810657010441518,68633466.65475734,303,S3_twin_shock,indonesia,USDC
542,0.7880145167762272,66917629.988388404,303,S3_twin_shock,indonesia,USDC
543,0.7843025407387134,65244689.238678694,303,S3_twin_shock,indonesia,USDC
544,0.7889594487738936,63613572.00771172,303,S3_twin_shock,indonesia,USDC
545,0.7594645591999984,62023232.70751893,303,S3_twin_shock,indonesia,USDC
546,0.756621414603331,60472651.88983096,303,S3_twin_shock,indonesia,USDC
547,0.6879455946253669,58960835.59258519,303,S3_twin_shock,indonesia,USDC
548,0.7074378246202525,57486814.70277056,303,S3_twin_shock,indonesia,USDC
549,0.709012129427509,56049644.33520129,303,S3_twin_shock,indonesia,USDC
550,0.7251886863002281,54648403.22682126,303,S3_twin_shock,indonesia,USDC
551,0.7258856578379783,53282193.14615072,303,S3_twin_shock,indonesia,USDC
552,0.7284422048211584,51950138.317496955,303,S3_twin_shock,indonesia,USDC
553,0.7545103580783682,50651384.85955953,303,S3_twin_shock,indonesia,USDC
554,0.779468560103531,49385100.23807054,303,S3_twin_shock,indonesia,USDC
555,0.7770817665292428,48150472.73211878,303,S3_twin_shock,indonesia,USDC
556,0.7469621682920319,46946710.91381581,303,S3_twin_shock,indonesia,USDC
557,0.7524240628842072,45773043.14097041,303,S3_twin_shock,indonesia,USDC
558,0.7481068846227906,44628717.06244615,303,S3_twin_shock,indonesia,USDC
559,0.7417760985221593,43512999.135885,303,S3_twin_shock,indonesia,USDC
560,0.7347462888624408,42425174.15748787,303,S3_twin_shock,indonesia,USDC
561,0.7367945752941912,41364544.803550676,303,S3_twin_shock,indonesia,USDC
562,0.7554705314718615,40330431.18346191,303,S3_twin_shock,indonesia,USDC
563,0.7416188059316529,39322170.40387536,303,S3_twin_shock,indonesia,USDC
564,0.7454108362183449,38339116.14377847,303,S3_twin_shock,indonesia,USDC
565,0.7648527779340085,37380638.24018401,303,S3_twin_shock,indonesia,USDC
566,0.778816719834785,36446122.28417942,303,S3_twin_shock,indonesia,USDC
567,0.7974592813584547,35534969.22707493,303,S3_twin_shock,indonesia,USDC
568,0.8083457841077373,34646594.996398054,303,S3_twin_shock,indonesia,USDC
569,0.8083924882159028,33780430.1214881,303,S3_twin_shock,indonesia,USDC
570,0.8089731007299344,32935919.368450902,303,S3_twin_shock,indonesia,USDC
571,0.7995836215367106,32112521.38423963,303,S3_twin_shock,indonesia,USDC
572,0.7754968356095,31309708.34963364,303,S3_twin_shock,indonesia,USDC
573,0.7969379170172829,30526965.640892796,303,S3_twin_shock,indonesia,USDC
574,0.788605201852381,29763791.49987048,303,S3_twin_shock,indonesia,USDC
575,0.7703755054665266,29019696.712373715,303,S3_twin_shock,indonesia,USDC
576,0.7770738873838768,28294204.294564374,303,S3_twin_shock,indonesia,USDC
577,0.7801446008997528,27586849.187200263,303,S3_twin_shock,indonesia,USDC
578,0.7800103017341142,26897177.95752026,303,S3_twin_shock,indonesia,USDC
579,0.7881427245896848,26224748.508582257,303,S3_twin_shock,indonesia,USDC
580,0.7810706921247828,25569129.7958677,303,S3_twin_shock,indonesia,USDC
581,0.7728350374622254,24929901.550971005,303,S3_twin_shock,indonesia,USDC
582,0.7578244791085607,24306654.01219673,303,S3_twin_shock,indonesia,USDC
583,0.7632856445271184,23698987.66189181,303,S3_twin_shock,indonesia,USDC
584,0.7365643987581723,23106512.970344514,303,S3_twin_shock,indonesia,USDC
585,0.7292983827264291,22528850.146085903,303,S3_twin_shock,indonesia,USDC
586,0.7200506535807393,21965628.892433755,303,S3_twin_shock,indonesia,USDC
587,0.7239855203892619,21416488.170122914,303,S3_twin_shock,indonesia,USDC
588,0.7526008877206195,20881075.96586984,303,S3_twin_shock,indonesia,USDC
589,0.7688890901244266,20359049.066723093,303,S3_twin_shock,indonesia,USDC
590,0.7843643672970131,19850072.840055015,303,S3_twin_shock,indonesia,USDC
591,0.7807417903991278,19353821.019053638,303,S3_twin_shock,indonesia,USDC
592,0.7758526633699703,18869975.493577298,303,S3_twin_shock,indonesia,USDC
593,0.799687468331169,18398226.106237866,303,S3_twin_shock,indonesia,USDC
594,0.797387765976617,17938270.45358192,303,S3_twin_shock,indonesia,USDC
595,0.7834448927396631,17489813.692242373,303,S3_twin_shock,indonesia,USDC
596,0.7757053631754854,17052568.349936314,303,S3_twin_shock,indonesia,USDC
597,0.7852080583732568,16626254.141187904,303,S3_twin_shock,indonesia,USDC
598,0.797262534471816,16210597.787658207,303,S3_twin_shock,indonesia,USDC
599,0.8062258814570523,15805332.842966754,303,S3_twin_shock,indonesia,USDC
600,0.7898491621825835,15410199.521892581,303,S3_twin_shock,indonesia,USDC
601,0.8032722100232295,15024944.533845268,303,S3_twin_shock,indonesia,USDC
602,0.8076040737179092,14649320.920499135,303,S3_twin_shock,indonesia,USDC
603,0.8137375878017429,14283087.897486659,303,S3_twin_shock,indonesia,USDC
604,0.8090151050079746,13926010.700049492,303,S3_twin_shock,indonesia,USDC
605,0.7832925804648537,13577860.432548255,303,S3_twin_shock,indonesia,USDC
606,0.7839638169584338,13238413.921734547,303,S3_twin_shock,indonesia,USDC
607,0.7834074250082014,12907453.573691184,303,S3_twin_shock,indonesia,USDC
608,0.7658102964811772,12584767.234348904,303,S3_twin_shock,indonesia,USDC
609,0.7849711002475206,12270148.05349018,303,S3_twin_shock,indonesia,USDC
610,0.8019869621341591,11963394.352152925,303,S3_twin_shock,indonesia,USDC
611,0.7824846034625541,11664309.493349103,303,S3_twin_shock,indonesia,USDC
612,0.794306543165498,11372701.756015375,303,S3_twin_shock,indonesia,USDC
613,0.7721347132804702,11088384.21211499,303,S3_twin_shock,indonesia,USDC
614,0.7791575775086897,10811174.606812116,303,S3_twin_shock,indonesia,USDC
615,0.715705950712337,10540895.241641812,303,S3_twin_shock,indonesia,USDC
616,0.7155649982215352,10277372.860600766,303,S3_twin_shock,indonesia,USDC
617,0.7322681551288275,10020438.539085748,303,S3_twin_shock,indonesia,USDC
618,0.7379770209012961,9769927.575608604,303,S3_twin_shock,indonesia,USDC
619,0.7281575784166899,9525679.386218388,303,S3_twin_shock,indonesia,USDC
620,0.7275487713084227,9287537.401562927,303,S3_twin_shock,indonesia,USDC
621,0.7179142067050748,9055348.966523856,303,S3_twin_shock,indonesia,USDC
622,0.7101979442562194,8828965.24236076,303,S3_twin_shock,indonesia,USDC
623,0.7080397218307959,8608241.111301739,303,S3_twin_shock,indonesia,USDC
624,0.7200445478989725,8393035.083519196,303,S3_twin_shock,indonesia,USDC
625,0.7091218927266295,8183209.206431216,303,S3_twin_shock,indonesia,USDC
626,0.6959583998028523,7978628.976270435,303,S3_twin_shock,indonesia,USDC
627,0.7129203725287727,7779163.251863674,303,S3_twin_shock,indonesia,USDC
628,0.7349318242380758,7584684.170567083,303,S3_twin_shock,indonesia,USDC
629,0.7436159875057967,7395067.066302907,303,S3_twin_shock,indonesia,USDC
630,0.7695862267973623,7210190.389645334,303,S3_twin_shock,indonesia,USDC
631,0.7571824366250547,7029935.6299042,303,S3_twin_shock,indonesia,USDC
632,0.7641807044996588,6854187.239156596,303,S3_twin_shock,indonesia,USDC
633,0.7704417377611947,6682832.558177681,303,S3_twin_shock,indonesia,USDC
634,0.7865241565245878,6515761.744223239,303,S3_twin_shock,indonesia,USDC
635,0.797908020374126,6352867.700617657,303,S3_twin_shock,indonesia,USDC
636,0.7866225417764336,6194046.008102216,303,S3_twin_shock,indonesia,USDC
637,0.7684563996579273,6039194.85789966,303,S3_twin_shock,indonesia,USDC
638,0.7615689976601091,5888214.986452169,303,S3_twin_shock,indonesia,USDC
639,0.7692791226929222,5741009.611790864,303,S3_twin_shock,indonesia,USDC
640,0.7688257242207927,5597484.3714960925,303,S3_twin_shock,indonesia,USDC
641,0.7752482801587295,5457547.262208691,303,S3_twin_shock,indonesia,USDC
642,0.6604094324998941,5321108.580653473,303,S3_twin_shock,indonesia,USDC
643,0.6891790636117849,5188080.866137136,303,S3_twin_shock,indonesia,USDC
644,0.6985742268073909,5058378.844483707,303,S3_twin_shock,indonesia,USDC
645,0.7207896218248137,4931919.373371614,303,S3_twin_shock,indonesia,USDC
646,0.7476011660493852,4808621.389037324,303,S3_twin_shock,indonesia,USDC
647,0.7519712226369699,4688405.854311391,303,S3_twin_shock,indonesia,USDC
648,0.765483856970566,4571195.707953607,303,S3_twin_shock,indonesia,USDC
649,0.7420509818156942,4456915.8152547665,303,S3_twin_shock,indonesia,USDC
650,0.7455843407870764,4345492.919873397,303,S3_twin_shock,indonesia,USDC
651,0.7688140858047716,4236855.596876562,303,S3_twin_shock,indonesia,USDC
652,0.7844170786559796,4130934.206954648,303,S3_twin_shock,indonesia,USDC
653,0.73704819151424,4027660.8517807815,303,S3_twin_shock,indonesia,USDC
654,0.7439392293101127,3926969.3304862618,303,S3_twin_shock,indonesia,USDC
655,0.7570568181676957,3828795.0972241056,303,S3_twin_shock,indonesia,USDC
656,0.743192266550233,3733075.2197935027,303,S3_twin_shock,indonesia,USDC
657,0.7671749109176768,3639748.3392986646,303,S3_twin_shock,indonesia,USDC
658,0.8060950837497697,3548754.630816199,303,S3_twin_shock,indonesia,USDC
659,0.8090619152347683,3460035.7650457937,303,S3_twin_shock,indonesia,USDC
660,0.8260206462539534,3373534.8709196486,303,S3_twin_shock,indonesia,USDC
661,0.8266148237083311,3289196.499146657,303,S3_twin_shock,indonesia,USDC
662,0.8133969593887262,3206966.586667991,303,S3_twin_shock,indonesia,USDC
663,0.7930605226524455,3126792.422001291,303,S3_twin_shock,indonesia,USDC
664,0.7851350717554616,3048622.611451259,303,S3_twin_shock,indonesia,USDC
665,0.8010712254441216,2972407.0461649774,303,S3_twin_shock,indonesia,USDC
666,0.7960421396058028,2898096.870010853,303,S3_twin_shock,indonesia,USDC
667,0.8159690334771132,2825644.4482605816,303,S3_twin_shock,indonesia,USDC
668,0.828349676228582,2755003.337054067,303,S3_twin_shock,indonesia,USDC
669,0.8120420958088567,2686128.253627715,303,S3_twin_shock,indonesia,USDC
670,0.7818730158381328,2618975.0472870227,303,S3_twin_shock,indonesia,USDC
671,0.7953332571446592,2553500.671104847,303,S3_twin_shock,indonesia,USDC
672,0.7801012668522714,2489663.154327226,303,S3_twin_shock,indonesia,USDC
673,0.7792786988728896,2427421.575469045,303,S3_twin_shock,indonesia,USDC
674,0.7841097843903021,2366736.036082319,303,S3_twin_shock,indonesia,USDC
675,0.7692190227820295,2307567.635180261,303,S3_twin_shock,indonesia,USDC
676,0.7561351477505681,2249878.444300754,303,S3_twin_shock,indonesia,USDC
677,0.7556315820420368,2193631.4831932355,303,S3_twin_shock,indonesia,USDC
678,0.7624660503886684,2138790.696113405,303,S3_twin_shock,indonesia,USDC
679,0.7710834591075915,2085320.9287105692,303,S3_twin_shock,indonesia,USDC
680,0.767255179643484,2033187.9054928052,303,S3_twin_shock,indonesia,USDC
681,0.7713442180145461,1982358.207855485,303,S3_twin_shock,indonesia,USDC
682,0.7730325021222885,1932799.2526590978,303,S3_twin_shock,indonesia,USDC
683,0.7632402506323901,1884479.2713426203,303,S3_twin_shock,indonesia,USDC
684,0.7744897728452105,1837367.2895590547,303,S3_twin_shock,indonesia,USDC
685,0.7799716701612799,1791433.1073200784,303,S3_twin_shock,indonesia,USDC
686,0.770707608901299,1746647.2796370764,303,S3_twin_shock,indonesia,USDC
687,0.7741371689875797,1702981.0976461493,303,S3_twin_shock,indonesia,USDC
688,0.7810144125233968,1660406.5702049958,303,S3_twin_shock,indonesia,USDC
689,0.7657025761959446,1618896.405949871,303,S3_twin_shock,indonesia,USDC
690,0.7436749509375307,1578423.995801124,303,S3_twin_shock,indonesia,USDC
691,0.7586398314773328,1538963.3959060959,303,S3_twin_shock,indonesia,USDC
692,0.7575033851767761,1500489.3110084436,303,S3_twin_shock,indonesia,USDC
693,0.773578700480933,1462977.0782332325,303,S3_twin_shock,indonesia,USDC
694,0.7800873939742022,1426402.6512774017,303,S3_twin_shock,indonesia,USDC
695,0.7882312453569537,1390742.5849954668,303,S3_twin_shock,indonesia,USDC
696,0.7813267869318743,1355974.02037058,303,S3_twin_shock,indonesia,USDC
697,0.7599800920665444,1322074.6698613155,303,S3_twin_shock,indonesia,USDC
698,0.7432569079753016,1289022.8031147826,303,S3_twin_shock,indonesia,USDC
699,0.754014261321088,1256797.233036913,303,S3_twin_shock,indonesia,USDC
700,0.745742608733631,1225377.30221099,303,S3_twin_shock,indonesia,USDC
701,0.759971640878235,1194742.8696557155,303,S3_twin_shock,indonesia,USDC
702,0.737844647153307,1164874.2979143227,303,S3_twin_shock,indonesia,USDC
703,0.7456390357225542,1135752.4404664645,303,S3_twin_shock,indonesia,USDC
704,0.7397802442829156,1107358.629454803,303,S3_twin_shock,indonesia,USDC
705,0.769643340742956,1079674.663718433,303,S3_twin_shock,indonesia,USDC
706,0.7891636814569309,1052682.797125472,303,S3_twin_shock,indonesia,USDC
707,0.7994001328678401,1026365.7271973353,303,S3_twin_shock,indonesia,USDC
708,0.8050939005347393,1000706.5840174019,303,S3_twin_shock,indonesia,USDC
709,0.8128864397072966,975688.9194169668,303,S3_twin_shock,indonesia,USDC
710,0.8399958838780829,951296.6964315426,303,S3_twin_shock,indonesia,USDC
711,0.8169818855353911,927514.2790207542,303,S3_twin_shock,indonesia,USDC
712,0.793561773819726,904326.4220452353,303,S3_twin_shock,indonesia,USDC
713,0.7891598544727795,881718.2614941043,303,S3_twin_shock,indonesia,USDC
714,0.8059302665048876,859675.3049567516,303,S3_twin_shock,indonesia,USDC
715,0.8056660773393083,838183.4223328329,303,S3_twin_shock,indonesia,USDC
716,0.7953451782626966,817228.8367745121,303,S3_twin_shock,indonesia,USDC
717,0.7817738984588407,796798.1158551493,303,S3_twin_shock,indonesia,USDC
718,0.803341131791237,776878.1629587705,303,S3_twin_shock,indonesia,USDC
719,0.7643474571979267,757456.2088848014,303,S3_twin_shock,indonesia,USDC
720,0.7681985112963028,738519.8036626813,303,S3_twin_shock,indonesia,USDC
721,0.7630759031000767,720056.8085711142,303,S3_twin_shock,indonesia,USDC
722,0.7548772204763633,702055.3883568364,303,S3_twin_shock,indonesia,USDC
723,0.7217661532549602,684504.0036479156,303,S3_twin_shock,indonesia,USDC
724,0.7247899853221861,667391.4035567176,303,S3_twin_shock,indonesia,USDC
725,0.7275141604715208,650706.6184677996,303,S3_twin_shock,indonesia,USDC
726,0.7298323530175256,634438.9530061047,303,S3_twin_shock,indonesia,USDC
727,0.7520078860432607,618577.9791809521,303,S3_twin_shock,indonesia,USDC
728,0.751954070376577,603113.5297014283,303,S3_twin_shock,indonesia,USDC
729,0.7505314240441324,588035.6914588925,303,S3_twin_shock,indonesia,USDC
730,0.7528580499695872,573334.7991724202,303,S3_twin_shock,indonesia,USDC
731,0.7584878885517511,559001.4291931096,303,S3_twin_shock,indonesia,USDC
732,0.7562229781066538,545026.3934632819,303,S3_twin_shock,indonesia,USDC
733,0.7688378331878559,531400.7336266998,303,S3_twin_shock,indonesia,USDC
734,0.757167850118435,518115.7152860324,303,S3_twin_shock,indonesia,USDC
735,0.7663529175385256,505162.8224038816,303,S3_twin_shock,indonesia,USDC
736,0.7648418026115976,492533.7518437846,303,S3_twin_shock,indonesia,USDC
737,0.7698865341638768,480220.40804768994,303,S3_twin_shock,indonesia,USDC
738,0.774042317625956,468214.8978464977,303,S3_twin_shock,indonesia,USDC
739,0.7437725663244383,456509.5254003352,303,S3_twin_shock,indonesia,USDC
740,0.7360369384328224,445096.7872653268,303,S3_twin_shock,indonesia,USDC
741,0.7425207698479238,433969.3675836937,303,S3_twin_shock,indonesia,USDC
742,0.7437239802585824,423120.1333941013,303,S3_twin_shock,indonesia,USDC
743,0.7607455547734916,412542.13005924877,303,S3_twin_shock,indonesia,USDC
744,0.7780927644927609,402228.5768077676,303,S3_twin_shock,indonesia,USDC
745,0.7719619685941365,392172.8623875734,303,S3_twin_shock,indonesia,USDC
746,0.7748930540525751,382368.54082788405,303,S3_twin_shock,indonesia,USDC
747,0.7856191275723629,372809.32730718696,303,S3_twin_shock,indonesia,USDC
748,0.7697462684350259,363489.0941245073,303,S3_twin_shock,indonesia,USDC
749,0.7741843401997363,354401.8667713946,303,S3_twin_shock,indonesia,USDC
750,0.7470461220340819,345541.82010210975,303,S3_twin_shock,indonesia,USDC
751,0.7547565082730505,336903.274599557,303,S3_twin_shock,indonesia,USDC
752,0.7542642750030288,328480.69273456803,303,S3_twin_shock,indonesia,USDC
753,0.7686784124956474,320268.67541620386,303,S3_twin_shock,indonesia,USDC
754,0.7665397870539007,312261.9585307987,303,S3_twin_shock,indonesia,USDC
755,0.7886320939679682,304455.40956752875,303,S3_twin_shock,indonesia,USDC
756,0.8099802162248702,296844.02432834054,303,S3_twin_shock,indonesia,USDC
757,0.7748658571396586,289422.92372013204,303,S3_twin_shock,indonesia,USDC
758,0.7811486413675771,282187.3506271288,303,S3_twin_shock,indonesia,USDC
759,0.8016813708143123,275132.66686145053,303,S3_twin_shock,indonesia,USDC
760,0.7995959512007514,268254.3501899143,303,S3_twin_shock,indonesia,USDC
761,0.8219867927577195,261547.99143516642,303,S3_twin_shock,indonesia,USDC
762,0.8069844606434875,255009.29164928728,303,S3_twin_shock,indonesia,USDC
763,0.8113050291848389,248634.05935805506,303,S3_twin_shock,indonesia,USDC
764,0.8229141249414551,242418.20787410368,303,S3_twin_shock,indonesia,USDC
765,0.8311473253090077,236357.75267725112,303,S3_twin_shock,indonesia,USDC
766,0.828818960712454,230448.80886031984,303,S3_twin_shock,indonesia,USDC
767,0.8515072848819872,224687.58863881184,303,S3_twin_shock,indonesia,USDC
768,0.8534199707737389,219070.39892284153,303,S3_twin_shock,indonesia,USDC
769,0.8738588386268942,213593.63894977054,303,S3_twin_shock,indonesia,USDC
770,0.8543701032489476,208253.79797602625,303,S3_twin_shock,indonesia,USDC
771,0.8288262406100091,203047.4530266256,303,S3_twin_shock,indonesia,USDC
772,0.8477543629706387,197971.26670095994,303,S3_twin_shock,indonesia,USDC
773,0.8358908396626209,193021.98503343595,303,S3_twin_shock,indonesia,USDC
774,0.8039729712901227,188196.43540760007,303,S3_twin_shock,indonesia,USDC
775,0.7939186363464463,183491.52452241007,303,S3_twin_shock,indonesia,USDC
776,0.7709981681373318,178904.2364093498,303,S3_twin_shock,indonesia,USDC
777,0.781262900562589,174431.6304991161,303,S3_twin_shock,indonesia,USDC
778,0.7800236570003376,170070.83973663815,303,S3_twin_shock,indonesia,USDC
779,0.7894594728233623,165819.06874322222,303,S3_twin_shock,indonesia,USDC
780,0.7978444553295696,161673.59202464164,303,S3_twin_shock,indonesia,USDC
781,0.7813562344061448,157631.7522240256,303,S3_twin_shock,indonesia,USDC
782,0.7666342804187001,153690.95841842497,303,S3_twin_shock,indonesia,USDC
783,0.7494963564390116,149848.68445796432,303,S3_twin_shock,indonesia,USDC
784,0.7401111257078736,146102.46734651524,303,S3_twin_shock,indonesia,USDC
785,0.7213646065479012,142449.90566285237,303,S3_twin_shock,indonesia,USDC
786,0.7342581627253443,138888.65802128107,303,S3_twin_shock,indonesia,USDC
787,0.7205351683706815,135416.441570749,303,S3_twin_shock,indonesia,USDC
788,0.7171571936338641,132031.0305314803,303,S3_twin_shock,indonesia,USDC
789,0.7465901547892044,128730.25476819328,303,S3_twin_shock,indonesia,USDC
790,0.7758630032859851,125511.99839898845,303,S3_twin_shock,indonesia,USDC
791,0.7615031916458284,122374.19843901374,303,S3_twin_shock,indonesia,USDC
792,0.7607011288044232,119314.8434780384,303,S3_twin_shock,indonesia,USDC
793,0.7670812306303179,116331.97239108745,303,S3_twin_shock,indonesia,USDC
794,0.7791042364772842,113423.67308131026,303,S3_twin_shock,indonesia,USDC
795,0.7739942978579667,110588.08125427751,303,S3_twin_shock,indonesia,USDC
796,0.7817792744651181,107823.37922292056,303,S3_twin_shock,indonesia,USDC
797,0.8005934332260392,105127.79474234753,303,S3_twin_shock,indonesia,USDC
798,0.8141811983340173,102499.59987378884,303,S3_twin_shock,indonesia,USDC
799,0.8116975631536583,99937.10987694413,303,S3_twin_shock,indonesia,USDC
800,0.8095434498752675,97438.68213002052,303,S3_twin_shock,indonesia,USDC
801,0.7916389311192001,95002.71507677001,303,S3_twin_shock,indonesia,USDC
802,0.7944473741236078,92627.64719985076,303,S3_twin_shock,indonesia,USDC
803,0.772763584872888,90311.9560198545,303,S3_twin_shock,indonesia,USDC
804,0.770763745114739,88054.15711935813,303,S3_twin_shock,indonesia,USDC
805,0.7868833782943905,85852.80319137417,303,S3_twin_shock,indonesia,USDC
806,0.7891756784194736,83706.48311158983,303,S3_twin_shock,indonesia,USDC
807,0.7940813670986068,81613.82103380008,303,S3_twin_shock,indonesia,USDC
808,0.7924124748155988,79573.47550795507,303,S3_twin_shock,indonesia,USDC
809,0.8194555977930881,77584.13862025618,303,S3_twin_shock,indonesia,USDC
810,0.791227393410763,75644.53515474978,303,S3_twin_shock,indonesia,USDC
811,0.7985694251330049,73753.42177588104,303,S3_twin_shock,indonesia,USDC
812,0.8026927423456051,71909.58623148402,303,S3_twin_shock,indonesia,USDC
813,0.8100575654352331,70111.84657569692,303,S3_twin_shock,indonesia,USDC
814,0.800720024794343,68359.0504113045,303,S3_twin_shock,indonesia,USDC
815,0.8235517757180368,66650.0741510219,303,S3_twin_shock,indonesia,USDC
816,0.851336157426397,64983.82229724634,303,S3_twin_shock,indonesia,USDC
817,0.8441799126613881,63359.22673981519,303,S3_twin_shock,indonesia,USDC
818,0.8149306564613611,61775.24607131981,303,S3_twin_shock,indonesia,USDC
819,0.8098907866286597,60230.864919536805,303,S3_twin_shock,indonesia,USDC
820,0.8318996238502419,58725.09329654839,303,S3_twin_shock,indonesia,USDC
821,0.82806548183593,57256.96596413467,303,S3_twin_shock,indonesia,USDC
822,0.8160078002188321,55825.541815031305,303,S3_twin_shock,indonesia,USDC
823,0.81221778462867,54429.90326965552,303,S3_twin_shock,indonesia,USDC
824,0.8083193799152457,53069.15568791414,303,S3_twin_shock,indonesia,USDC
825,0.8123223927789313,51742.42679571628,303,S3_twin_shock,indonesia,USDC
826,0.8272636862382424,50448.86612582338,303,S3_twin_shock,indonesia,USDC
827,0.8307143851400145,49187.64447267779,303,S3_twin_shock,indonesia,USDC
828,0.8441135710733675,47957.95336086085,303,S3_twin_shock,indonesia,USDC
829,0.8437549487103985,46759.00452683932,303,S3_twin_shock,indonesia,USDC
830,0.8447373886433617,45590.02941366834,303,S3_twin_shock,indonesia,USDC
831,0.8589939053086665,44450.278678326635,303,S3_twin_shock,indonesia,USDC
832,0.8813687245966623,43339.02171136846,303,S3_twin_shock,indonesia,USDC
833,0.8446700434418823,42255.54616858425,303,S3_twin_shock,indonesia,USDC
834,0.8243520982784013,41199.157514369654,303,S3_twin_shock,indonesia,USDC
835,0.8333946530223666,40169.17857651041,303,S3_twin_shock,indonesia,USDC
836,0.8380884053193773,39164.949112097645,303,S3_twin_shock,indonesia,USDC
837,0.8344274515440984,38185.8253842952,303,S3_twin_shock,indonesia,USDC
838,0.8497161157400707,37231.17974968782,303,S3_twin_shock,indonesia,USDC
839,0.8348096414546099,36300.40025594563,303,S3_twin_shock,indonesia,USDC
840,0.855499801418377,35392.89024954699,303,S3_twin_shock,indonesia,USDC
841,0.846159305549302,34508.067993308316,303,S3_twin_shock,indonesia,USDC
842,0.8488509172992974,33645.366293475614,303,S3_twin_shock,indonesia,USDC
843,0.8581568346907938,32804.232136138715,303,S3_twin_shock,indonesia,USDC
844,0.8654192899359031,31984.12633273525,303,S3_twin_shock,indonesia,USDC
845,0.8632712563683886,31184.52317441687,303,S3_twin_shock,indonesia,USDC
846,0.818293795855651,30404.910095056446,303,S3_twin_shock,indonesia,USDC
847,0.8224729341236139,29644.787342680036,303,S3_twin_shock,indonesia,USDC
848,0.8144371252311857,28903.66765911303,303,S3_twin_shock,indonesia,USDC
849,0.8175814012706623,28181.075967635206,303,S3_twin_shock,indonesia,USDC
850,0.8011399207977608,27476.54906844433,303,S3_twin_shock,indonesia,USDC
851,0.8042604368358419,26789.635341733218,303,S3_twin_shock,indonesia,USDC
852,0.7943157957131233,26119.89445818989,303,S3_twin_shock,indonesia,USDC
853,0.7940251639828656,25466.89709673514,303,S3_twin_shock,indonesia,USDC
854,0.7817640923401467,24830.224669316765,303,S3_twin_shock,indonesia,USDC
855,0.7997893574666604,24209.469052583845,303,S3_twin_shock,indonesia,USDC
856,0.7951209484638077,23604.232326269248,303,S3_twin_shock,indonesia,USDC
857,0.7920816710892117,23014.126518112516,303,S3_twin_shock,indonesia,USDC
858,0.7831605486492539,22438.773355159705,303,S3_twin_shock,indonesia,USDC
859,0.7945370438023078,21877.80402128071,303,S3_twin_shock,indonesia,USDC
860,0.8031831853177867,21330.858920748695,303,S3_twin_shock,indonesia,USDC
861,0.7967189227018618,20797.587447729973,303,S3_twin_shock,indonesia,USDC
862,0.7893790737775382,20277.647761536726,303,S3_twin_shock,indonesia,USDC
863,0.7957215692650395,19770.70656749831,303,S3_twin_shock,indonesia,USDC
864,0.7795402345349973,19276.438903310853,303,S3_twin_shock,indonesia,USDC
865,0.767311332599425,18794.52793072808,303,S3_twin_shock,indonesia,USDC
866,0.7732479520609779,18324.664732459878,303,S3_twin_shock,indonesia,USDC
867,0.7855341783266959,17866.54811414838,303,S3_twin_shock,indonesia,USDC
868,0.7887794886701829,17419.884411294668,303,S3_twin_shock,indonesia,USDC
869,0.7927028832194251,16984.387301012302,303,S3_twin_shock,indonesia,USDC
870,0.8170660986534478,16559.777618486994,303,S3_twin_shock,indonesia,USDC
871,0.8197015698853043,16145.783178024823,303,S3_twin_shock,indonesia,USDC
872,0.801486724962339,15742.1385985742,303,S3_twin_shock,indonesia,USDC
873,0.8106457328489918,15348.585133609846,303,S3_twin_shock,indonesia,USDC
874,0.8005109834155627,14964.870505269599,303,S3_twin_shock,indonesia,USDC
875,0.7913542692851124,14590.748742637861,303,S3_twin_shock,indonesia,USDC
876,0.7732070565866194,14225.980024071912,303,S3_twin_shock,indonesia,USDC
877,0.7851431682531828,13870.330523470115,303,S3_twin_shock,indonesia,USDC
878,0.7799861041239022,13523.572260383362,303,S3_twin_shock,indonesia,USDC
879,0.8026811149235662,13185.48295387378,303,S3_twin_shock,indonesia,USDC
880,0.7929489399652146,12855.845880026935,303,S3_twin_shock,indonesia,USDC
881,0.7954076619731724,12534.44973302626,303,S3_twin_shock,indonesia,USDC
882,0.8164831244173532,12221.088489700604,303,S3_twin_shock,indonesia,USDC
883,0.818121303736465,11915.561277458088,303,S3_twin_shock,indonesia,USDC
884,0.8049155352035429,11617.672245521637,303,S3_twin_shock,indonesia,USDC
885,0.8132032101248673,11327.230439383595,303,S3_twin_shock,indonesia,USDC
886,0.799283774997571,11044.049678399006,303,S3_twin_shock,indonesia,USDC
887,0.8164325250281548,10767.94843643903,303,S3_twin_shock,indonesia,USDC
888,0.8176596077767627,10498.749725528056,303,S3_twin_shock,indonesia,USDC
889,0.7881008568240631,10236.280982389853,303,S3_twin_shock,indonesia,USDC
890,0.7765005228383987,9980.373957830107,303,S3_twin_shock,indonesia,USDC
891,0.7801311506296829,9730.864608884356,303,S3_twin_shock,indonesia,USDC
892,0.7698862598077163,9487.592993662247,303,S3_twin_shock,indonesia,USDC
893,0.7645205269854642,9250.40316882069,303,S3_twin_shock,indonesia,USDC
894,0.7808291564410272,9019.143089600173,303,S3_twin_shock,indonesia,USDC
895,0.8057731930749162,8793.664512360168,303,S3_twin_shock,indonesia,USDC
896,0.8157006137962586,8573.822899551164,303,S3_twin_shock,indonesia,USDC
897,0.7816402182520992,8359.477327062385,303,S3_twin_shock,indonesia,USDC
898,0.7858995768130708,8150.490393885826,303,S3_twin_shock,indonesia,USDC
899,0.7963170040623075,7946.72813403868,303,S3_twin_shock,indonesia,USDC
900,0.7787323604920697,7748.059930687714,303,S3_twin_shock,indonesia,USDC
901,0.7699115725773935,7554.35843242052,303,S3_twin_shock,indonesia,USDC
902,0.7190051016911568,7365.499471610008,303,S3_twin_shock,indonesia,USDC
903,0.7413006706729072,7181.361984819758,303,S3_twin_shock,indonesia,USDC
904,0.730298453012819,7001.827935199264,303,S3_twin_shock,indonesia,USDC
905,0.7343918258477643,6826.782236819283,303,S3_twin_shock,indonesia,USDC
906,0.7536636271863224,6656.112680898801,303,S3_twin_shock,indonesia,USDC
907,0.7769686328080558,6489.70986387633,303,S3_twin_shock,indonesia,USDC
908,0.792818169672363,6327.4671172794215,303,S3_twin_shock,indonesia,USDC
909,0.7812796779078055,6169.280439347436,303,S3_twin_shock,indonesia,USDC
910,0.7624656849051206,6015.048428363751,303,S3_twin_shock,indonesia,USDC
911,0.7420680650540759,5864.672217654657,303,S3_twin_shock,indonesia,USDC
912,0.7567143777067943,5718.055412213291,303,S3_twin_shock,indonesia,USDC
913,0.7565124314503172,5575.1040269079585,303,S3_twin_shock,indonesia,USDC
914,0.7371554159040291,5435.726426235259,303,S3_twin_shock,indonesia,USDC
915,0.7397146859068445,5299.833265579377,303,S3_twin_shock,indonesia,USDC
916,0.7665005577032968,5167.337433939893,303,S3_twin_shock,indonesia,USDC
917,0.7733295913015584,5038.153998091396,303,S3_twin_shock,indonesia,USDC
918,0.7941569435432575,4912.200148139111,303,S3_twin_shock,indonesia,USDC
919,0.7808590929580002,4789.395144435633,303,S3_twin_shock,indonesia,USDC
920,0.7828054316031512,4669.660265824742,303,S3_twin_shock,indonesia,USDC
921,0.7873724625795899,4552.918759179123,303,S3_twin_shock,indonesia,USDC
922,0.7748461241703176,4439.095790199645,303,S3_twin_shock,indonesia,USDC
923,0.7480618475344215,4328.118395444654,303,S3_twin_shock,indonesia,USDC
924,0.7479106180429796,4219.915435558538,303,S3_twin_shock,indonesia,USDC
925,0.7895054743231592,4114.417549669574,303,S3_twin_shock,indonesia,USDC
926,0.7790215972711029,4011.5571109278353,303,S3_twin_shock,indonesia,USDC
927,0.7833228138925455,3911.2681831546392,303,S3_twin_shock,indonesia,USDC
928,0.7838434049274351,3813.486478575773,303,S3_twin_shock,indonesia,USDC
929,0.7729503195655201,3718.1493166113787,303,S3_twin_shock,indonesia,USDC
930,0.7559487996722234,3625.195583696094,303,S3_twin_shock,indonesia,USDC
931,0.762273012098415,3534.5656941036923,303,S3_twin_shock,indonesia,USDC
932,0.7729840258643644,3446.2015517511,303,S3_twin_shock,indonesia,USDC
933,0.7830038804199139,3360.046512957322,303,S3_twin_shock,indonesia,USDC
934,0.7876957780088093,3276.0453501333886,303,S3_twin_shock,indonesia,USDC
935,0.7563957816936444,3194.144216380054,303,S3_twin_shock,indonesia,USDC
936,0.7756839723856901,3114.2906109705527,303,S3_twin_shock,indonesia,USDC
937,0.7691909555176492,3036.4333456962886,303,S3_twin_shock,indonesia,USDC
938,0.7734682506891075,2960.5225120538817,303,S3_twin_shock,indonesia,USDC
939,0.7694196522105508,2886.5094492525345,303,S3_twin_shock,indonesia,USDC
940,0.7726058321647045,2814.346713021221,303,S3_twin_shock,indonesia,USDC
941,0.6665517014896372,2743.988045195691,303,S3_twin_shock,indonesia,USDC
942,0.6915090733113541,2675.3883440657987,303,S3_twin_shock,indonesia,USDC
943,0.7011885702527553,2608.5036354641534,303,S3_twin_shock,indonesia,USDC
944,0.7061058720637704,2543.2910445775497,303,S3_twin_shock,indonesia,USDC
945,0.7160541544435886,2479.708768463111,303,S3_twin_shock,indonesia,USDC
946,0.7195990833641639,2417.716049251533,303,S3_twin_shock,indonesia,USDC
947,0.7171029821570009,2357.2731480202447,303,S3_twin_shock,indonesia,USDC
948,0.7077189871779931,2298.341319319739,303,S3_twin_shock,indonesia,USDC
949,0.7161829898909357,2240.8827863367455,303,S3_twin_shock,indonesia,USDC
950,0.7227437298203824,2184.8607166783268,303,S3_twin_shock,indonesia,USDC
951,0.7159736678084611,2130.2391987613687,303,S3_twin_shock,indonesia,USDC
952,0.7371086617874505,2076.9832187923344,303,S3_twin_shock,indonesia,USDC
953,0.7542059177110271,2025.0586383225261,303,S3_twin_shock,indonesia,USDC
954,0.7623968302373539,1974.432172364463,303,S3_twin_shock,indonesia,USDC
955,0.7690535347670288,1925.0713680553515,303,S3_twin_shock,indonesia,USDC
956,0.7729549945583566,1876.9445838539677,303,S3_twin_shock,indonesia,USDC
957,0.7729065398017221,1830.0209692576186,303,S3_twin_shock,indonesia,USDC
958,0.761275994285526,1784.2704450261779,303,S3_twin_shock,indonesia,USDC
959,0.749422813931529,1739.6636839005237,303,S3_twin_shock,indonesia,USDC
960,0.7667675884101012,1696.1720918030103,303,S3_twin_shock,indonesia,USDC
961,0.7609332975853936,1653.767789507935,303,S3_twin_shock,indonesia,USDC
962,0.7292121983942405,1612.4235947702368,303,S3_twin_shock,indonesia,USDC
963,0.7455031458665209,1572.1130049009807,303,S3_twin_shock,indonesia,USDC
964,0.7465374767417348,1532.8101797784564,303,S3_twin_shock,indonesia,USDC
965,0.76048205261532,1494.489925283995,303,S3_twin_shock,indonesia,USDC
966,0.7940818810351139,1457.127677151895,303,S3_twin_shock,indonesia,USDC
967,0.7974875672759502,1420.6994852230978,303,S3_twin_shock,indonesia,USDC
968,0.78463404819982,1385.1819980925202,303,S3_twin_shock,indonesia,USDC
969,0.7845023565889657,1350.5524481402072,303,S3_twin_shock,indonesia,USDC
970,0.7902260357949678,1316.788636936702,303,S3_twin_shock,indonesia,USDC
971,0.775464460232326,1283.8689210132845,303,S3_twin_shock,indonesia,USDC
972,0.7851301638828346,1251.7721979879523,303,S3_twin_shock,indonesia,USDC
973,0.7793277412907633,1220.4778930382536,303,S3_twin_shock,indonesia,USDC
974,0.7727699148243427,1189.9659457122973,303,S3_twin_shock,indonesia,USDC
975,0.771702429392954,1160.2167970694898,303,S3_twin_shock,indonesia,USDC
976,0.7833176140685132,1131.2113771427526,303,S3_twin_shock,indonesia,USDC
977,0.7668132783347764,1102.9310927141837,303,S3_twin_shock,indonesia,USDC
978,0.7488972892200046,1075.357815396329,303,S3_twin_shock,indonesia,USDC
979,0.7644365252559826,1048.4738700114208,303,S3_twin_shock,indonesia,USDC
980,0.7732159742207662,1022.2620232611354,303,S3_twin_shock,indonesia,USDC
981,0.7685895091226831,996.705472679607,303,S3_twin_shock,indonesia,USDC
982,0.7761977574162658,971.7878358626167,303,S3_twin_shock,indonesia,USDC
983,0.761879111891038,947.4931399660513,303,S3_twin_shock,indonesia,USDC
984,0.7435933193535332,923.8058114669002,303,S3_twin_shock,indonesia,USDC
985,0.7793783225256625,900.7106661802275,303,S3_twin_shock,indonesia,USDC
986,0.7803039956397739,878.1928995257219,303,S3_twin_shock,indonesia,USDC
987,0.7894088684598696,856.2380770375789,303,S3_twin_shock,indonesia,USDC
988,0.8139104604166758,834.8321251116395,303,S3_twin_shock,indonesia,USDC
989,0.8293545931561536,813.9613219838484,303,S3_twin_shock,indonesia,USDC
990,0.8090302545005402,793.6122889342521,303,S3_twin_shock,indonesia,USDC
991,0.798464179077508,773.771981710896,303,S3_twin_shock,indonesia,USDC
992,0.8222192282129037,754.4276821681235,303,S3_twin_shock,indonesia,USDC
993,0.8458444440574658,735.5669901139205,303,S3_twin_shock,indonesia,USDC
994,0.8307187401518931,717.1778153610725,303,S3_twin_shock,indonesia,USDC
995,0.8012335657488028,699.2483699770456,303,S3_twin_shock,indonesia,USDC
996,0.8038318090225386,681.7671607276195,303,S3_twin_shock,indonesia,USDC
997,0.8175858121751814,664.722981709429,303,S3_twin_shock,indonesia,USDC
998,0.8027270157329146,648.1049071666934,303,S3_twin_shock,indonesia,USDC
999,0.7964327001969319,631.902284487526,303,S3_twin_shock,indonesia,USDC
1000,0.7749056856722614,616.1047273753378,303,S3_twin_shock,indonesia,USDC
