Step,price,liquidity,iteration,scenario,region,coin
1,1.0084650127100794,2989093000602.2207,506,S3_twin_shock,indonesia,USDC
2,1.033894845198834,2989093000602.2207,506,S3_twin_shock,indonesia,USDC
3,1.0537710459781635,2989093000602.2207,506,S3_twin_shock,indonesia,USDC
4,1.0489750825687807,2989093000602.2207,506,S3_twin_shock,indonesia,USDC
5,1.053916077692689,2989093000602.2207,506,S3_twin_shock,indonesia,USDC
6,1.0462093363075677,2989093000602.2207,506,S3_twin_shock,indonesia,USDC
7,1.0273175980326597,2989093000602.2207,506,S3_twin_shock,indonesia,USDC
8,1.0333213779922708,2989093000602.2207,506,S3_twin_shock,indonesia,USDC
9,1.052370184060226,2989093000602.2207,506,S3_twin_shock,indonesia,USDC
10,1.0541469558947587,2989093000602.2207,506,S3_twin_shock,indonesia,USDC
11,1.0784032074797634,2989093000602.2207,506,S3_twin_shock,indonesia,USDC
12,1.0473521327209872,2989093000602.2207,506,S3_twin_shock,indonesia,USDC
13,1.0398802527392528,2989093000602.2207,506,S3_twin_shock,indonesia,USDC
14,1.040445402275152,2989093000602.2207,506,S3_twin_shock,indonesia,USDC
15,1.0574610566677323,2989093000602.2207,506,S3_twin_shock,indonesia,USDC
16,1.0787849951899544,2989093000602.2207,506,S3_twin_shock,indonesia,USDC
17,1.0663507028507608,2989093000602.2207,506,S3_twin_shock,indonesia,USDC
18,1.0461746568091552,2989093000602.2207,506,S3_twin_shock,indonesia,USDC
19,1.0524075486570879,2989093000602.2207,506,S3_twin_shock,indonesia,USDC
20,1.0387823006865744,2989093000602.2207,506,S3_twin_shock,indonesia,USDC
21,0.9851505532337789,2989093000602.2207,506,S3_twin_shock,indonesia,USDC
22,1.0001597332534413,2989093000602.2207,506,S3_twin_shock,indonesia,USDC
23,1.005321604563297,2989093000602.2207,506,S3_twin_shock,indonesia,USDC
24,1.0096565682628216,2989093000602.2207,506,S3_twin_shock,indonesia,USDC
25,1.0139603573750031,2989093000602.2207,506,S3_twin_shock,indonesia,USDC
26,1.0190768808968729,2989093000602.2207,506,S3_twin_shock,indonesia,USDC
27,0.9933186776341831,2989093000602.2207,506,S3_twin_shock,indonesia,USDC
28,1.006371313372448,2989093000602.2207,506,S3_twin_shock,indonesia,USDC
29,1.009736952686158,2989093000602.2207,506,S3_twin_shock,indonesia,USDC
30,0.991488542784882,2989093000602.2207,506,S3_twin_shock,indonesia,USDC
31,0.992488046831247,2989093000602.2207,506,S3_twin_shock,indonesia,USDC
32,0.9836659308851462,2989093000602.2207,506,S3_twin_shock,indonesia,USDC
33,0.9707797928293431,2989093000602.2207,506,S3_twin_shock,indonesia,USDC
34,1.0040704834488212,2989093000602.2207,506,S3_twin_shock,indonesia,USDC
35,1.0028258365787222,2989093000602.2207,506,S3_twin_shock,indonesia,USDC
36,0.9905807253947794,2989093000602.2207,506,S3_twin_shock,indonesia,USDC
37,0.9797597411942213,2989093000602.2207,506,S3_twin_shock,indonesia,USDC
38,0.9908674918353795,2989093000602.2207,506,S3_twin_shock,indonesia,USDC
39,0.9786269144475273,2989093000602.2207,506,S3_twin_shock,indonesia,USDC
40,0.9805399610677952,2989093000602.2207,506,S3_twin_shock,indonesia,USDC
41,0.973716728104066,2989093000602.2207,506,S3_twin_shock,indonesia,USDC
42,0.950664284890573,2989093000602.2207,506,S3_twin_shock,indonesia,USDC
43,0.9362598138669987,2987917022047.177,506,S3_twin_shock,indonesia,USDC
44,0.9357031140408569,2985922920011.674,506,S3_twin_shock,indonesia,USDC
45,0.9525288439867567,2983965870432.0645,506,S3_twin_shock,indonesia,USDC
46,0.9653269855014734,2982996782421.7036,506,S3_twin_shock,indonesia,USDC
47,1.0047192529545779,2982779518191.9355,506,S3_twin_shock,indonesia,USDC
48,0.9972627765758386,2982779518191.9355,506,S3_twin_shock,indonesia,USDC
49,0.993765181434155,2982779518191.9355,506,S3_twin_shock,indonesia,USDC
50,0.9901772627369021,2982779518191.9355,506,S3_twin_shock,indonesia,USDC
51,0.9622261925794584,2982779518191.9355,506,S3_twin_shock,indonesia,USDC
52,0.9694849746371023,2982349261852.9443,506,S3_twin_shock,indonesia,USDC
53,0.9610323649618899,2982339834081.0327,506,S3_twin_shock,indonesia,USDC
54,0.9990660291446505,2981864106178.734,506,S3_twin_shock,indonesia,USDC
55,1.0246386873003035,2981864106178.734,506,S3_twin_shock,indonesia,USDC
56,1.0196185058223244,2981864106178.734,506,S3_twin_shock,indonesia,USDC
57,1.0181524727282998,2981864106178.734,506,S3_twin_shock,indonesia,USDC
58,1.0078593631592523,2981864106178.734,506,S3_twin_shock,indonesia,USDC
59,1.0052809599419916,2981864106178.734,506,S3_twin_shock,indonesia,USDC
60,1.006984152972595,2981864106178.734,506,S3_twin_shock,indonesia,USDC
61,1.0049609833208974,2981864106178.734,506,S3_twin_shock,indonesia,USDC
62,0.9987366947542184,2981864106178.734,506,S3_twin_shock,indonesia,USDC
63,0.9858211937301339,2981864106178.734,506,S3_twin_shock,indonesia,USDC
64,0.9772714040017082,2981864106178.734,506,S3_twin_shock,indonesia,USDC
65,0.9868801108038935,2981864106178.734,506,S3_twin_shock,indonesia,USDC
66,0.9796491730517298,2981864106178.734,506,S3_twin_shock,indonesia,USDC
67,0.9725507073895316,2981864106178.734,506,S3_twin_shock,indonesia,USDC
68,0.990249819628737,2981864106178.734,506,S3_twin_shock,indonesia,USDC
69,1.0066252632937658,2981864106178.734,506,S3_twin_shock,indonesia,USDC
70,0.9863809734409992,2981864106178.734,506,S3_twin_shock,indonesia,USDC
71,0.998788366129348,2981864106178.734,506,S3_twin_shock,indonesia,USDC
72,0.9860425097523376,2981864106178.734,506,S3_twin_shock,indonesia,USDC
73,0.9586493817757359,2981864106178.734,506,S3_twin_shock,indonesia,USDC
74,0.9677354949550645,2981264300191.0093,506,S3_twin_shock,indonesia,USDC
75,0.9869317874674521,2981170417770.4976,506,S3_twin_shock,indonesia,USDC
76,0.9803087919491711,2981170417770.4976,506,S3_twin_shock,indonesia,USDC
77,0.9835537972795144,2981170417770.4976,506,S3_twin_shock,indonesia,USDC
78,0.9907386339290746,2981170417770.4976,506,S3_twin_shock,indonesia,USDC
79,0.9786355583730043,2981170417770.4976,506,S3_twin_shock,indonesia,USDC
80,0.9992829591804419,2981170417770.4976,506,S3_twin_shock,indonesia,USDC
81,1.018599309468986,2981170417770.4976,506,S3_twin_shock,indonesia,USDC
82,1.0552374312771489,2981170417770.4976,506,S3_twin_shock,indonesia,USDC
83,1.063608960546155,2981170417770.4976,506,S3_twin_shock,indonesia,USDC
84,1.0435425557946056,2981170417770.4976,506,S3_twin_shock,indonesia,USDC
85,1.0580068938030778,2981170417770.4976,506,S3_twin_shock,indonesia,USDC
86,1.0534765190670903,2981170417770.4976,506,S3_twin_shock,indonesia,USDC
87,1.039928901360844,2981170417770.4976,506,S3_twin_shock,indonesia,USDC
88,1.0210724131094688,2981170417770.4976,506,S3_twin_shock,indonesia,USDC
89,1.0288707728827107,2981170417770.4976,506,S3_twin_shock,indonesia,USDC
90,1.0214600218958072,2981170417770.4976,506,S3_twin_shock,indonesia,USDC
91,0.9910575338254148,2981170417770.4976,506,S3_twin_shock,indonesia,USDC
92,0.9648786992407007,2981170417770.4976,506,S3_twin_shock,indonesia,USDC
93,0.9420124159807729,2980895465073.501,506,S3_twin_shock,indonesia,USDC
94,0.9427090147536413,2979460829710.6045,506,S3_twin_shock,indonesia,USDC
95,0.9575930893456128,2978103084824.8633,506,S3_twin_shock,indonesia,USDC
96,0.939371719887387,2977542215098.25,506,S3_twin_shock,indonesia,USDC
97,0.9212314221030964,2976107661651.418,506,S3_twin_shock,indonesia,USDC
98,0.9075551756047414,2973826441955.8267,506,S3_twin_shock,indonesia,USDC
99,0.932662942000297,2971042380175.2363,506,S3_twin_shock,indonesia,USDC
100,0.9040793533092606,2969495985734.8013,506,S3_twin_shock,indonesia,USDC
101,0.7815908150228068,2966798809888.9707,506,S3_twin_shock,indonesia,USDC
102,0.7993509845884644,2959474974016.1646,506,S3_twin_shock,indonesia,USDC
103,0.8324270738621792,2954218490037.26,506,S3_twin_shock,indonesia,USDC
104,0.8525323712632225,2950789795019.377,506,S3_twin_shock,indonesia,USDC
105,0.8634295313917785,2948271808604.549,506,S3_twin_shock,indonesia,USDC
106,0.8514180054239906,2946254684635.74,506,S3_twin_shock,indonesia,USDC
107,0.841158136978397,2944244088771.827,506,S3_twin_shock,indonesia,USDC
108,0.8526463119842792,2942355673232.658,506,S3_twin_shock,indonesia,USDC
109,0.8505660052211709,2940784662045.081,506,S3_twin_shock,indonesia,USDC
110,0.8951948407093651,2939375106917.4673,506,S3_twin_shock,indonesia,USDC
111,0.9162998400299387,2938582164030.091,506,S3_twin_shock,indonesia,USDC
112,0.9184879776741389,2938084051077.7544,506,S3_twin_shock,indonesia,USDC
113,0.903135833211294,2937619095956.7285,506,S3_twin_shock,indonesia,USDC
114,0.9000908994044894,2937073944816.8145,506,S3_twin_shock,indonesia,USDC
115,0.9075346860215784,2936512475820.872,506,S3_twin_shock,indonesia,USDC
116,0.9318993444244724,2936070045260.247,506,S3_twin_shock,indonesia,USDC
117,0.9540939207694166,2935820485559.535,506,S3_twin_shock,indonesia,USDC
118,0.9448983733855276,2935720750839.8403,506,S3_twin_shock,indonesia,USDC
119,0.9508515045172361,2935568062880.238,506,S3_twin_shock,indonesia,USDC
120,0.9571025649225268,2935440240508.2983,506,S3_twin_shock,indonesia,USDC
121,0.9295206951051596,2861981071808.1704,506,S3_twin_shock,indonesia,USDC
122,0.9181597679610746,2790198558884.675,506,S3_twin_shock,indonesia,USDC
123,0.9331290676578151,2720137478258.373,506,S3_twin_shock,indonesia,USDC
124,0.9095584950193246,2651934872157.935,506,S3_twin_shock,indonesia,USDC
125,0.8948091964709866,2585326515071.3604,506,S3_twin_shock,indonesia,USDC
126,0.8898452337655869,2520318857839.748,506,S3_twin_shock,indonesia,USDC
127,0.9091317562501344,2456923115429.3096,506,S3_twin_shock,indonesia,USDC
128,0.9013581944988424,2395236612938.7495,506,S3_twin_shock,indonesia,USDC
129,0.883479044164427,2335083394185.502,506,S3_twin_shock,indonesia,USDC
130,0.8969843402499895,2276370113366.929,506,S3_twin_shock,indonesia,USDC
131,0.8607563781191353,2219214583383.2163,506,S3_twin_shock,indonesia,USDC
132,0.8564117708520237,2163375328437.2783,506,S3_twin_shock,indonesia,USDC
133,0.8433160876199444,2108966783873.2026,506,S3_twin_shock,indonesia,USDC
134,0.8606918559650727,2055922413169.3086,506,S3_twin_shock,indonesia,USDC
135,0.878670371858431,2004278305873.5078,506,S3_twin_shock,indonesia,USDC
136,0.8717190316286507,1953997034103.8125,506,S3_twin_shock,indonesia,USDC
137,0.8643550405734757,1904976192082.6377,506,S3_twin_shock,indonesia,USDC
138,0.8637268547341386,1857189515609.3215,506,S3_twin_shock,indonesia,USDC
139,0.8854699314226198,1810609823542.6365,506,S3_twin_shock,indonesia,USDC
140,0.884652598579672,1765238048493.1338,506,S3_twin_shock,indonesia,USDC
141,0.8858687464390916,1721006174569.8599,506,S3_twin_shock,indonesia,USDC
142,0.8992800900887895,1677890109195.761,506,S3_twin_shock,indonesia,USDC
143,0.8781525014362166,1635871294228.2012,506,S3_twin_shock,indonesia,USDC
144,0.8629117856958533,1594890257338.209,506,S3_twin_shock,indonesia,USDC
145,0.8533646617367573,1554932674382.5308,506,S3_twin_shock,indonesia,USDC
146,0.8820655913923241,1515974045420.452,506,S3_twin_shock,indonesia,USDC
147,0.8664712364145523,1478019289410.0557,506,S3_twin_shock,indonesia,USDC
148,0.8738042198144302,1441006186800.8037,506,S3_twin_shock,indonesia,USDC
149,0.866984060939732,1404931263759.586,506,S3_twin_shock,indonesia,USDC
150,0.837849470572959,1369759570660.889,506,S3_twin_shock,indonesia,USDC
151,0.8322496089826965,1335456996651.2847,506,S3_twin_shock,indonesia,USDC
152,0.8539999509055956,1302019852397.8452,506,S3_twin_shock,indonesia,USDC
153,0.8557273811064126,1269432421735.7234,506,S3_twin_shock,indonesia,USDC
154,0.8243818407302171,1237662857152.5522,506,S3_twin_shock,indonesia,USDC
155,0.844700801016498,1206683976936.6326,506,S3_twin_shock,indonesia,USDC
156,0.8332551504692093,1176488844159.4695,506,S3_twin_shock,indonesia,USDC
157,0.8396938361203635,1147050444231.6934,506,S3_twin_shock,indonesia,USDC
158,0.8313443207782861,1118351697994.3628,506,S3_twin_shock,indonesia,USDC
159,0.8145667558990163,1090373453419.5503,506,S3_twin_shock,indonesia,USDC
160,0.816255860156836,1063095215193.9358,506,S3_twin_shock,indonesia,USDC
161,0.8063989130108755,1036501957346.6436,506,S3_twin_shock,indonesia,USDC
162,0.808842663428656,1010574417384.4009,506,S3_twin_shock,indonesia,USDC
163,0.8219392975396902,985297734131.012,506,S3_twin_shock,indonesia,USDC
164,0.8363906468649832,960655815074.2473,506,S3_twin_shock,indonesia,USDC
165,0.8442386125510111,936632453440.1501,506,S3_twin_shock,indonesia,USDC
166,0.8284370912058551,913210937175.3513,506,S3_twin_shock,indonesia,USDC
167,0.8256600131888815,890375015029.4562,506,S3_twin_shock,indonesia,USDC
168,0.8427080404532978,868110561358.1008,506,S3_twin_shock,indonesia,USDC
169,0.8480218361539131,846403880517.7649,506,S3_twin_shock,indonesia,USDC
170,0.8662363846055806,825240513599.2319,506,S3_twin_shock,indonesia,USDC
171,0.8791151888718737,804607063739.3708,506,S3_twin_shock,indonesia,USDC
172,0.842976849389317,784490019971.294,506,S3_twin_shock,indonesia,USDC
173,0.8378111575125632,764875283457.7051,506,S3_twin_shock,indonesia,USDC
174,0.8223694191230324,745751153044.364,506,S3_twin_shock,indonesia,USDC
175,0.8255483767743667,727105249809.647,506,S3_twin_shock,indonesia,USDC
176,0.8154785404637183,708925921887.3054,506,S3_twin_shock,indonesia,USDC
177,0.7935372210992742,691201211722.8654,506,S3_twin_shock,indonesia,USDC
178,0.7953727032209488,673919599172.6184,506,S3_twin_shock,indonesia,USDC
179,0.7985001155028894,657070323153.1241,506,S3_twin_shock,indonesia,USDC
180,0.8342041026183961,640642504539.1301,506,S3_twin_shock,indonesia,USDC
181,0.852290733202978,624625792849.7855,506,S3_twin_shock,indonesia,USDC
182,0.8539559190180184,609009660243.198,506,S3_twin_shock,indonesia,USDC
183,0.8661465488497065,593783973732.645,506,S3_twin_shock,indonesia,USDC
184,0.8533923369296716,578939022643.6444,506,S3_twin_shock,indonesia,USDC
185,0.8679909896459885,564465208631.2092,506,S3_twin_shock,indonesia,USDC
186,0.8525660075760403,550353298072.2343,506,S3_twin_shock,indonesia,USDC
187,0.8535249974713913,536594176826.01196,506,S3_twin_shock,indonesia,USDC
188,0.8693175476131142,523179081084.54565,506,S3_twin_shock,indonesia,USDC
189,0.8485696372729021,510099419865.5929,506,S3_twin_shock,indonesia,USDC
190,0.8276347250898618,497346729440.94385,506,S3_twin_shock,indonesia,USDC
191,0.837458981807832,484912850424.5513,506,S3_twin_shock,indonesia,USDC
192,0.8452474120141296,472789861077.8861,506,S3_twin_shock,indonesia,USDC
193,0.8284993879719744,460969977567.9311,506,S3_twin_shock,indonesia,USDC
194,0.8064412663666309,449445595050.1896,506,S3_twin_shock,indonesia,USDC
195,0.7837422133561659,438209317368.60645,506,S3_twin_shock,indonesia,USDC
196,0.772120637955355,427253961539.4459,506,S3_twin_shock,indonesia,USDC
197,0.7795820777814947,416572501137.63074,506,S3_twin_shock,indonesia,USDC
198,0.780809614585916,406158104577.0919,506,S3_twin_shock,indonesia,USDC
199,0.7799288639951224,396004082872.8973,506,S3_twin_shock,indonesia,USDC
200,0.8168647957930213,386103926881.1295,506,S3_twin_shock,indonesia,USDC
201,0.8555126379731425,376451291110.1989,506,S3_twin_shock,indonesia,USDC
202,0.8301197940495034,367039985160.3804,506,S3_twin_shock,indonesia,USDC
203,0.8335166988187305,357863961571.58105,506,S3_twin_shock,indonesia,USDC
204,0.8156082349875664,348917341887.20233,506,S3_twin_shock,indonesia,USDC
205,0.8020164056374163,340194387284.5157,506,S3_twin_shock,indonesia,USDC
206,0.8094403165423615,331689509100.01514,506,S3_twin_shock,indonesia,USDC
207,0.8047998764214793,323397256023.6833,506,S3_twin_shock,indonesia,USDC
208,0.7888408353318191,315312311699.652,506,S3_twin_shock,indonesia,USDC
209,0.7978055985163086,307429492100.8891,506,S3_twin_shock,indonesia,USDC
210,0.7881012514698357,299743745452.04816,506,S3_twin_shock,indonesia,USDC
211,0.7779706190724438,292250143695.36194,506,S3_twin_shock,indonesia,USDC
212,0.7794066787345771,284943883540.577,506,S3_twin_shock,indonesia,USDC
213,0.7791709603097043,277820280936.2993,506,S3_twin_shock,indonesia,USDC
214,0.766484064488869,270874769455.4375,506,S3_twin_shock,indonesia,USDC
215,0.7918729294379265,264102896306.707,506,S3_twin_shock,indonesia,USDC
216,0.7658663833710507,257500321193.21246,506,S3_twin_shock,indonesia,USDC
217,0.768171487987242,251062810729.21228,506,S3_twin_shock,indonesia,USDC
218,0.8130543890958474,244786238541.81195,506,S3_twin_shock,indonesia,USDC
219,0.7904130513203566,238666581410.33008,506,S3_twin_shock,indonesia,USDC
220,0.8002715751728336,232699915670.24445,506,S3_twin_shock,indonesia,USDC
221,0.8270059939112406,226882416905.2123,506,S3_twin_shock,indonesia,USDC
222,0.7972455928949423,221210355829.59903,506,S3_twin_shock,indonesia,USDC
223,0.796920940432406,215680096274.7198,506,S3_twin_shock,indonesia,USDC
224,0.7782271190393252,210288093344.24274,506,S3_twin_shock,indonesia,USDC
225,0.7600763395244825,205030890517.29843,506,S3_twin_shock,indonesia,USDC
226,0.774077955624442,199905117808.1995,506,S3_twin_shock,indonesia,USDC
227,0.7841039045923038,194907489541.82846,506,S3_twin_shock,indonesia,USDC
228,0.7853180967070721,190034802062.63425,506,S3_twin_shock,indonesia,USDC
229,0.7728933318547115,185283931815.1601,506,S3_twin_shock,indonesia,USDC
230,0.7733259987243161,180651833344.69702,506,S3_twin_shock,indonesia,USDC
231,0.7851089650825508,176135537373.227,506,S3_twin_shock,indonesia,USDC
232,0.8083627566041862,171732148827.65384,506,S3_twin_shock,indonesia,USDC
233,0.8211240765152675,167438845028.24805,506,S3_twin_shock,indonesia,USDC
234,0.8148926695934275,163252873843.28656,506,S3_twin_shock,indonesia,USDC
235,0.8122321521366639,159171551943.73187,506,S3_twin_shock,indonesia,USDC
236,0.795640866547444,155192263100.32404,506,S3_twin_shock,indonesia,USDC
237,0.8184633900842477,151312456482.86096,506,S3_twin_shock,indonesia,USDC
238,0.8044329648253608,147529645041.98013,506,S3_twin_shock,indonesia,USDC
239,0.8146995423925129,143841403888.50378,506,S3_twin_shock,indonesia,USDC
240,0.8213746266366639,140245368768.88873,506,S3_twin_shock,indonesia,USDC
241,0.8232266328755122,136739234531.65953,506,S3_twin_shock,indonesia,USDC
242,0.8282389285053247,133320753654.21689,506,S3_twin_shock,indonesia,USDC
243,0.8232533285079311,129987734800.3859,506,S3_twin_shock,indonesia,USDC
244,0.8311132382555053,126738041420.01334,506,S3_twin_shock,indonesia,USDC
245,0.8317451586479248,123569590375.91928,506,S3_twin_shock,indonesia,USDC
246,0.8088049297800939,120480350608.83434,506,S3_twin_shock,indonesia,USDC
247,0.7880377616821279,117468341836.08275,506,S3_twin_shock,indonesia,USDC
248,0.7965017417240214,114531633282.91829,506,S3_twin_shock,indonesia,USDC
249,0.7989450276666709,111668342445.54965,506,S3_twin_shock,indonesia,USDC
250,0.7866987685772883,108876633879.97699,506,S3_twin_shock,indonesia,USDC
251,0.7768092373127584,106154718029.11154,506,S3_twin_shock,indonesia,USDC
252,0.7630151722676012,103500850074.8274,506,S3_twin_shock,indonesia,USDC
253,0.7798941482573754,100913328819.96443,506,S3_twin_shock,indonesia,USDC
254,0.7769830887381435,98390495597.24919,506,S3_twin_shock,indonesia,USDC
255,0.7834545255249367,95930733205.544,506,S3_twin_shock,indonesia,USDC
256,0.8112978745680726,93532464873.99814,506,S3_twin_shock,indonesia,USDC
257,0.8297373339746774,91194153251.20078,506,S3_twin_shock,indonesia,USDC
258,0.8130360940430911,88914299419.20312,506,S3_twin_shock,indonesia,USDC
259,0.8139053662281712,86691441933.04993,506,S3_twin_shock,indonesia,USDC
260,0.8149628328959155,84524155884.14885,506,S3_twin_shock,indonesia,USDC
261,0.8016616927145278,82411051986.5849,506,S3_twin_shock,indonesia,USDC
262,0.788003019632134,80350775686.49765,506,S3_twin_shock,indonesia,USDC
263,0.7880270445745634,78342006293.94637,506,S3_twin_shock,indonesia,USDC
264,0.82461332086921,76383456136.27399,506,S3_twin_shock,indonesia,USDC
265,0.8193841978502739,74473869732.66571,506,S3_twin_shock,indonesia,USDC
266,0.8270481561990931,72612022989.16269,506,S3_twin_shock,indonesia,USDC
267,0.808845141509243,70796722414.2873,506,S3_twin_shock,indonesia,USDC
268,0.806332805862983,69026804353.78595,506,S3_twin_shock,indonesia,USDC
269,0.7842395008943879,67301134244.81922,506,S3_twin_shock,indonesia,USDC
270,0.7967419100077269,65618605888.58584,506,S3_twin_shock,indonesia,USDC
271,0.8060852739759928,63978140741.28393,506,S3_twin_shock,indonesia,USDC
272,0.7801234364995555,62378687222.68527,506,S3_twin_shock,indonesia,USDC
273,0.7758191058660924,60819220042.0538,506,S3_twin_shock,indonesia,USDC
274,0.7630439903434089,59298739540.94833,506,S3_twin_shock,indonesia,USDC
275,0.7693901520849643,57816271052.37849,506,S3_twin_shock,indonesia,USDC
276,0.7697386411955304,56370864276.035866,506,S3_twin_shock,indonesia,USDC
277,0.7565281991112816,54961592669.10721,506,S3_twin_shock,indonesia,USDC
278,0.755553968097461,53587552852.35594,506,S3_twin_shock,indonesia,USDC
279,0.7310396446592886,52247864031.028114,506,S3_twin_shock,indonesia,USDC
280,0.7538708161100426,50941667430.23691,506,S3_twin_shock,indonesia,USDC
281,0.7377674132917578,49668125744.46959,506,S3_twin_shock,indonesia,USDC
282,0.7357099350040937,48426422600.848495,506,S3_twin_shock,indonesia,USDC
283,0.7460051553437571,47215762035.81993,506,S3_twin_shock,indonesia,USDC
284,0.7469961106018443,46035367984.919304,506,S3_twin_shock,indonesia,USDC
285,0.7499562644612805,44884483785.2922,506,S3_twin_shock,indonesia,USDC
286,0.7480630561066327,43762371690.656815,506,S3_twin_shock,indonesia,USDC
287,0.7381707784370046,42668312398.38808,506,S3_twin_shock,indonesia,USDC
288,0.7848484925294983,41601604588.42644,506,S3_twin_shock,indonesia,USDC
289,0.7895117176590927,40561564473.71454,506,S3_twin_shock,indonesia,USDC
290,0.7617763930953314,39547525361.87075,506,S3_twin_shock,indonesia,USDC
291,0.766784703588029,38558837227.823074,506,S3_twin_shock,indonesia,USDC
292,0.7652034983909649,37594866297.12682,506,S3_twin_shock,indonesia,USDC
293,0.7834793973093214,36654994639.698074,506,S3_twin_shock,indonesia,USDC
294,0.7692682845608518,35738619773.705215,506,S3_twin_shock,indonesia,USDC
295,0.7500850842962957,34845154279.36223,506,S3_twin_shock,indonesia,USDC
296,0.7422960878192814,33974025422.37787,506,S3_twin_shock,indonesia,USDC
297,0.7545235937250997,33124674786.81816,506,S3_twin_shock,indonesia,USDC
298,0.7846208674751193,32296557917.147526,506,S3_twin_shock,indonesia,USDC
299,0.784227993043119,31489143969.21871,506,S3_twin_shock,indonesia,USDC
300,0.7772492375668107,30701915369.988144,506,S3_twin_shock,indonesia,USDC
301,0.7970210076775314,29934367485.738358,506,S3_twin_shock,indonesia,USDC
302,0.7744551071832637,29186008298.594833,506,S3_twin_shock,indonesia,USDC
303,0.7890406399753588,28456358091.12991,506,S3_twin_shock,indonesia,USDC
304,0.7953394528698893,27744949138.85162,506,S3_twin_shock,indonesia,USDC
305,0.7802584683477469,27051325410.3803,506,S3_twin_shock,indonesia,USDC
306,0.7862726263124119,26375042275.12076,506,S3_twin_shock,indonesia,USDC
307,0.7860271070667371,25715666218.24272,506,S3_twin_shock,indonesia,USDC
308,0.7756585312188607,25072774562.786633,506,S3_twin_shock,indonesia,USDC
309,0.7743801770744051,24445955198.716953,506,S3_twin_shock,indonesia,USDC
310,0.782005686301642,23834806318.749016,506,S3_twin_shock,indonesia,USDC
311,0.7979185927022765,23238936160.78028,506,S3_twin_shock,indonesia,USDC
312,0.8078596480316333,22657962756.760765,506,S3_twin_shock,indonesia,USDC
313,0.82178164087253,22091513687.84174,506,S3_twin_shock,indonesia,USDC
314,0.8057988774706231,21539225845.64569,506,S3_twin_shock,indonesia,USDC
315,0.8213136224960984,21000745199.504547,506,S3_twin_shock,indonesia,USDC
316,0.79293871091008,20475726569.51693,506,S3_twin_shock,indonesia,USDC
317,0.8076762326146122,19963833405.279003,506,S3_twin_shock,indonesia,USDC
318,0.8213874059501256,19464737570.147022,506,S3_twin_shock,indonesia,USDC
319,0.84849304289061,18978119130.893345,506,S3_twin_shock,indonesia,USDC
320,0.8091284503066769,18503666152.62101,506,S3_twin_shock,indonesia,USDC
321,0.7872655152796946,18041074498.80548,506,S3_twin_shock,indonesia,USDC
322,0.7840036859324063,17590047636.335342,506,S3_twin_shock,indonesia,USDC
323,0.7883291764230456,17150296445.42696,506,S3_twin_shock,indonesia,USDC
324,0.7717331452543345,16721539034.291286,506,S3_twin_shock,indonesia,USDC
325,0.7685953572987821,16303500558.434002,506,S3_twin_shock,indonesia,USDC
326,0.7964586463922486,15895913044.473152,506,S3_twin_shock,indonesia,USDC
327,0.8067832636511945,15498515218.361324,506,S3_twin_shock,indonesia,USDC
328,0.8107931342044878,15111052337.90229,506,S3_twin_shock,indonesia,USDC
329,0.7885282212570244,14733276029.454733,506,S3_twin_shock,indonesia,USDC
330,0.8094107406665705,14364944128.718365,506,S3_twin_shock,indonesia,USDC
331,0.7874444139274771,14005820525.500406,506,S3_twin_shock,indonesia,USDC
332,0.7954434096078206,13655675012.362896,506,S3_twin_shock,indonesia,USDC
333,0.7938222650433051,13314283137.053823,506,S3_twin_shock,indonesia,USDC
334,0.780927473579545,12981426058.627478,506,S3_twin_shock,indonesia,USDC
335,0.7767598042409525,12656890407.16179,506,S3_twin_shock,indonesia,USDC
336,0.7651560643803305,12340468146.982746,506,S3_twin_shock,indonesia,USDC
337,0.7845049209373383,12031956443.308178,506,S3_twin_shock,indonesia,USDC
338,0.7811805843785197,11731157532.225471,506,S3_twin_shock,indonesia,USDC
339,0.8118656891020447,11437878593.919836,506,S3_twin_shock,indonesia,USDC
340,0.7896058494403934,11151931629.07184,506,S3_twin_shock,indonesia,USDC
341,0.7793801337089004,10873133338.345043,506,S3_twin_shock,indonesia,USDC
342,0.783608148595219,10601305004.886417,506,S3_twin_shock,indonesia,USDC
343,0.7859786949105841,10336272379.764256,506,S3_twin_shock,indonesia,USDC
344,0.7856734134419338,10077865570.27015,506,S3_twin_shock,indonesia,USDC
345,0.8145878027507955,9825918931.013397,506,S3_twin_shock,indonesia,USDC
346,0.812616110680924,9580270957.738062,506,S3_twin_shock,indonesia,USDC
347,0.8060971108754947,9340764183.794611,506,S3_twin_shock,indonesia,USDC
348,0.8134593663196386,9107245079.199745,506,S3_twin_shock,indonesia,USDC
349,0.8415506164930248,8879563952.219753,506,S3_twin_shock,indonesia,USDC
350,0.840487627844991,8657574853.414257,506,S3_twin_shock,indonesia,USDC
351,0.8330609178613501,8441135482.078901,506,S3_twin_shock,indonesia,USDC
352,0.8303273984105904,8230107095.02693,506,S3_twin_shock,indonesia,USDC
353,0.8264634234187462,8024354417.651257,506,S3_twin_shock,indonesia,USDC
354,0.8535236993802591,7823745557.209974,506,S3_twin_shock,indonesia,USDC
355,0.8166355376517699,7628151918.279726,506,S3_twin_shock,indonesia,USDC
356,0.8076092835307626,7437448120.322732,506,S3_twin_shock,indonesia,USDC
357,0.827243069609182,7251511917.314665,506,S3_twin_shock,indonesia,USDC
358,0.8270734611524441,7070224119.381798,506,S3_twin_shock,indonesia,USDC
359,0.8346124245736386,6893468516.397253,506,S3_twin_shock,indonesia,USDC
360,0.8081261725521108,6721131803.487322,506,S3_twin_shock,indonesia,USDC
361,0.8124698522813939,6553103508.400138,506,S3_twin_shock,indonesia,USDC
362,0.8167948369690469,6389275920.690135,506,S3_twin_shock,indonesia,USDC
363,0.8196736370409694,6229544022.672881,506,S3_twin_shock,indonesia,USDC
364,0.8320716916311411,6073805422.10606,506,S3_twin_shock,indonesia,USDC
365,0.849994126986055,5921960286.553408,506,S3_twin_shock,indonesia,USDC
366,0.8341685452765399,5773911279.389572,506,S3_twin_shock,indonesia,USDC
367,0.8223043195439418,5629563497.404834,506,S3_twin_shock,indonesia,USDC
368,0.8043825436816164,5488824409.969713,506,S3_twin_shock,indonesia,USDC
369,0.7988639298720326,5351603799.720469,506,S3_twin_shock,indonesia,USDC
370,0.818857678673228,5217813704.727458,506,S3_twin_shock,indonesia,USDC
371,0.7984372279291828,5087368362.109272,506,S3_twin_shock,indonesia,USDC
372,0.7932794587698961,4960184153.05654,506,S3_twin_shock,indonesia,USDC
373,0.8287578246137571,4836179549.230126,506,S3_twin_shock,indonesia,USDC
374,0.8499679496128738,4715275060.499373,506,S3_twin_shock,indonesia,USDC
375,0.8660039466786748,4597393183.986889,506,S3_twin_shock,indonesia,USDC
376,0.8716643752472892,4482458354.3872175,506,S3_twin_shock,indonesia,USDC
377,0.8890377966695386,4370396895.527536,506,S3_twin_shock,indonesia,USDC
378,0.8734200447569223,4261136973.139348,506,S3_twin_shock,indonesia,USDC
379,0.8242739103918036,4154608548.8108644,506,S3_twin_shock,indonesia,USDC
380,0.8384682391397649,4050743335.0905924,506,S3_twin_shock,indonesia,USDC
381,0.8372419777171427,3949474751.7133274,506,S3_twin_shock,indonesia,USDC
382,0.8322713373752708,3850737882.9204946,506,S3_twin_shock,indonesia,USDC
383,0.8536809261762083,3754469435.847482,506,S3_twin_shock,indonesia,USDC
384,0.8542103899185952,3660607699.951295,506,S3_twin_shock,indonesia,USDC
385,0.8624482774473632,3569092507.4525127,506,S3_twin_shock,indonesia,USDC
386,0.8324067868539493,3479865194.7662,506,S3_twin_shock,indonesia,USDC
387,0.8125717231840626,3392868564.8970447,506,S3_twin_shock,indonesia,USDC
388,0.7997393634765542,3308046850.7746186,506,S3_twin_shock,indonesia,USDC
389,0.8205411758060381,3225345679.505253,506,S3_twin_shock,indonesia,USDC
390,0.8256834249843358,3144712037.517622,506,S3_twin_shock,indonesia,USDC
391,0.8415499417244343,3066094236.579681,506,S3_twin_shock,indonesia,USDC
392,0.8380633159778802,2989441880.6651893,506,S3_twin_shock,indonesia,USDC
393,0.8158669297729901,2914705833.648559,506,S3_twin_shock,indonesia,USDC
394,0.8014262053666058,2841838187.8073454,506,S3_twin_shock,indonesia,USDC
395,0.761531760925388,2770792233.1121616,506,S3_twin_shock,indonesia,USDC
396,0.7552085441082379,2701522427.2843575,506,S3_twin_shock,indonesia,USDC
397,0.7505849191209781,2633984366.6022487,506,S3_twin_shock,indonesia,USDC
398,0.7648388514717381,2568134757.4371924,506,S3_twin_shock,indonesia,USDC
399,0.7852111002602973,2503931388.5012627,506,S3_twin_shock,indonesia,USDC
400,0.7990024022564408,2441333103.788731,506,S3_twin_shock,indonesia,USDC
401,0.8037473731036054,2380299776.1940126,506,S3_twin_shock,indonesia,USDC
402,0.8319762083034565,2320792281.7891626,506,S3_twin_shock,indonesia,USDC
403,0.8139800962743255,2262772474.744434,506,S3_twin_shock,indonesia,USDC
404,0.7935265017589027,2206203162.875823,506,S3_twin_shock,indonesia,USDC
405,0.7849910700579967,2151048083.8039274,506,S3_twin_shock,indonesia,USDC
406,0.7730018139133228,2097271881.708829,506,S3_twin_shock,indonesia,USDC
407,0.7798161473234113,2044840084.6661081,506,S3_twin_shock,indonesia,USDC
408,0.7773006882890161,1993719082.5494556,506,S3_twin_shock,indonesia,USDC
409,0.7875997676980989,1943876105.485719,506,S3_twin_shock,indonesia,USDC
410,0.7674536809293426,1895279202.848576,506,S3_twin_shock,indonesia,USDC
411,0.7692539498165293,1847897222.7773619,506,S3_twin_shock,indonesia,USDC
412,0.76558005273253,1801699792.2079277,506,S3_twin_shock,indonesia,USDC
413,0.7617216698804156,1756657297.4027295,506,S3_twin_shock,indonesia,USDC
414,0.7721112670775251,1712740864.9676614,506,S3_twin_shock,indonesia,USDC
415,0.7825429635035052,1669922343.3434696,506,S3_twin_shock,indonesia,USDC
416,0.7769067050297616,1628174284.759883,506,S3_twin_shock,indonesia,USDC
417,0.7830714383983778,1587469927.6408858,506,S3_twin_shock,indonesia,USDC
418,0.8256867453941966,1547783179.4498637,506,S3_twin_shock,indonesia,USDC
419,0.8111441601229181,1509088599.963617,506,S3_twin_shock,indonesia,USDC
420,0.8080820236014165,1471361384.9645267,506,S3_twin_shock,indonesia,USDC
421,0.8213699397661886,1434577350.3404136,506,S3_twin_shock,indonesia,USDC
422,0.8308462699500563,1398712916.5819032,506,S3_twin_shock,indonesia,USDC
423,0.8345807398975863,1363745093.6673555,506,S3_twin_shock,indonesia,USDC
424,0.8389326354919512,1329651466.325672,506,S3_twin_shock,indonesia,USDC
425,0.8423850180108017,1296410179.66753,506,S3_twin_shock,indonesia,USDC
426,0.8181624824152888,1263999925.1758418,506,S3_twin_shock,indonesia,USDC
427,0.8328990666686787,1232399927.0464456,506,S3_twin_shock,indonesia,USDC
428,0.8223253504791715,1201589928.8702846,506,S3_twin_shock,indonesia,USDC
429,0.8505417677273511,1171550180.6485274,506,S3_twin_shock,indonesia,USDC
430,0.8370050278459717,1142261426.1323142,506,S3_twin_shock,indonesia,USDC
431,0.8220547685642873,1113704890.4790063,506,S3_twin_shock,indonesia,USDC
432,0.833277364910609,1085862268.217031,506,S3_twin_shock,indonesia,USDC
433,0.8460823632748037,1058715711.5116053,506,S3_twin_shock,indonesia,USDC
434,0.8254507348930858,1032247818.7238152,506,S3_twin_shock,indonesia,USDC
435,0.8229534737101253,1006441623.2557197,506,S3_twin_shock,indonesia,USDC
436,0.8142113876166567,981280582.6743267,506,S3_twin_shock,indonesia,USDC
437,0.7994757444711936,956748568.1074686,506,S3_twin_shock,indonesia,USDC
438,0.791911504732896,932829853.9047818,506,S3_twin_shock,indonesia,USDC
439,0.8071053802824341,909509107.5571623,506,S3_twin_shock,indonesia,USDC
440,0.8166209759478664,886771379.8682332,506,S3_twin_shock,indonesia,USDC
441,0.834892667313003,864602095.3715274,506,S3_twin_shock,indonesia,USDC
442,0.8263066110694917,842987042.9872394,506,S3_twin_shock,indonesia,USDC
443,0.8124706871795815,821912366.9125583,506,S3_twin_shock,indonesia,USDC
444,0.8131973460031293,801364557.7397443,506,S3_twin_shock,indonesia,USDC
445,0.8296778145887768,781330443.7962506,506,S3_twin_shock,indonesia,USDC
446,0.8051893599601452,761797182.7013445,506,S3_twin_shock,indonesia,USDC
447,0.8077778131200788,742752253.1338109,506,S3_twin_shock,indonesia,USDC
448,0.8205755810281057,724183446.8054655,506,S3_twin_shock,indonesia,USDC
449,0.8114765322712568,706078860.6353288,506,S3_twin_shock,indonesia,USDC
450,0.819282978101918,688426889.1194456,506,S3_twin_shock,indonesia,USDC
451,0.7802084513096975,671216216.8914595,506,S3_twin_shock,indonesia,USDC
452,0.7797989046790808,654435811.469173,506,S3_twin_shock,indonesia,USDC
453,0.7777176250464038,638074916.1824436,506,S3_twin_shock,indonesia,USDC
454,0.7717910012134215,622123043.2778826,506,S3_twin_shock,indonesia,USDC
455,0.785843123967689,606569967.1959355,506,S3_twin_shock,indonesia,USDC
456,0.7853958397929947,591405718.0160371,506,S3_twin_shock,indonesia,USDC
457,0.7995277310232783,576620575.0656362,506,S3_twin_shock,indonesia,USDC
458,0.8077525417209281,562205060.6889952,506,S3_twin_shock,indonesia,USDC
459,0.8275061306583079,548149934.1717703,506,S3_twin_shock,indonesia,USDC
460,0.812174184821108,534446185.81747615,506,S3_twin_shock,indonesia,USDC
461,0.8261918763152726,521085031.1720393,506,S3_twin_shock,indonesia,USDC
462,0.8371498518953846,508057905.39273834,506,S3_twin_shock,indonesia,USDC
463,0.8301802393415575,495356457.7579198,506,S3_twin_shock,indonesia,USDC
464,0.8192010162444971,482972546.3139719,506,S3_twin_shock,indonesia,USDC
465,0.8658738817397252,470898232.6561225,506,S3_twin_shock,indonesia,USDC
466,0.8376169986792296,459125776.83971953,506,S3_twin_shock,indonesia,USDC
467,0.8379641662819345,447647632.41872656,506,S3_twin_shock,indonesia,USDC
468,0.7975703780976229,436456441.60825837,506,S3_twin_shock,indonesia,USDC
469,0.7841496756558421,425545030.5680518,506,S3_twin_shock,indonesia,USDC
470,0.835142832576922,414906404.8038506,506,S3_twin_shock,indonesia,USDC
471,0.8273272898510783,404533744.6837543,506,S3_twin_shock,indonesia,USDC
472,0.837063564986063,394420401.06666046,506,S3_twin_shock,indonesia,USDC
473,0.8347105763448494,384559891.03999394,506,S3_twin_shock,indonesia,USDC
474,0.8446171734721978,374945893.7639941,506,S3_twin_shock,indonesia,USDC
475,0.8152483718597527,365572246.4198943,506,S3_twin_shock,indonesia,USDC
476,0.8352234572302266,356432940.2593969,506,S3_twin_shock,indonesia,USDC
477,0.8262348520933093,347522116.7529119,506,S3_twin_shock,indonesia,USDC
478,0.8212857483797009,338834063.83408916,506,S3_twin_shock,indonesia,USDC
479,0.826999685061116,330363212.2382369,506,S3_twin_shock,indonesia,USDC
480,0.7914156266676886,322104131.932281,506,S3_twin_shock,indonesia,USDC
481,0.7811094509350016,314051528.63397396,506,S3_twin_shock,indonesia,USDC
482,0.7668606395257556,306200240.4181247,506,S3_twin_shock,indonesia,USDC
483,0.7639961713070589,298545234.4076715,506,S3_twin_shock,indonesia,USDC
484,0.7552444718684279,291081603.54747975,506,S3_twin_shock,indonesia,USDC
485,0.749319589521638,283804563.45879275,506,S3_twin_shock,indonesia,USDC
486,0.7587889582468536,276709449.3723229,506,S3_twin_shock,indonesia,USDC
487,0.7553217453396653,269791713.1380149,506,S3_twin_shock,indonesia,USDC
488,0.7421760209261119,263046920.30956453,506,S3_twin_shock,indonesia,USDC
489,0.7677982208669996,256470747.3018254,506,S3_twin_shock,indonesia,USDC
490,0.7910099008053751,250058978.6192798,506,S3_twin_shock,indonesia,USDC
491,0.7737724134074027,243807504.1537978,506,S3_twin_shock,indonesia,USDC
492,0.771089724411182,237712316.54995283,506,S3_twin_shock,indonesia,USDC
493,0.7505857135478673,231769508.636204,506,S3_twin_shock,indonesia,USDC
494,0.7551517400699281,225975270.92029893,506,S3_twin_shock,indonesia,USDC
495,0.7660977653861554,220325889.14729142,506,S3_twin_shock,indonesia,USDC
496,0.7747980819336765,214817741.91860914,506,S3_twin_shock,indonesia,USDC
497,0.7713475477101999,209447298.3706439,506,S3_twin_shock,indonesia,USDC
498,0.7485040407932785,204211115.9113778,506,S3_twin_shock,indonesia,USDC
499,0.749877320737572,199105838.01359338,506,S3_twin_shock,indonesia,USDC
500,0.7552320219924948,194128192.06325352,506,S3_twin_shock,indonesia,USDC
501,0.7621692639343919,189274987.2616722,506,S3_twin_shock,indonesia,USDC
502,0.761385654478455,184543112.5801304,506,S3_twin_shock,indonesia,USDC
503,0.7307068639869467,179929534.76562715,506,S3_twin_shock,indonesia,USDC
504,0.726279226062403,175431296.39648646,506,S3_twin_shock,indonesia,USDC
505,0.7402626153880036,171045513.9865743,506,S3_twin_shock,indonesia,USDC
506,0.7612088450803174,166769376.13690993,506,S3_twin_shock,indonesia,USDC
507,0.7575528676865394,162600141.7334872,506,S3_twin_shock,indonesia,USDC
508,0.7598875925297404,158535138.19015,506,S3_twin_shock,indonesia,USDC
509,0.7386994615204728,154571759.73539627,506,S3_twin_shock,indonesia,USDC
510,0.7432650505614286,150707465.74201134,506,S3_twin_shock,indonesia,USDC
511,0.7405925065179042,146939779.09846103,506,S3_twin_shock,indonesia,USDC
512,0.7505835438915378,143266284.62099954,506,S3_twin_shock,indonesia,USDC
513,0.7688360296670648,139684627.50547454,506,S3_twin_shock,indonesia,USDC
514,0.7696713805169478,136192511.81783766,506,S3_twin_shock,indonesia,USDC
515,0.7838182555021536,132787699.02239172,506,S3_twin_shock,indonesia,USDC
516,0.7793568973379377,129468006.54683194,506,S3_twin_shock,indonesia,USDC
517,0.7861835693236061,126231306.38316113,506,S3_twin_shock,indonesia,USDC
518,0.7807067348934164,123075523.72358212,506,S3_twin_shock,indonesia,USDC
519,0.7760165760317028,119998635.63049257,506,S3_twin_shock,indonesia,USDC
520,0.7438443471471593,116998669.73973024,506,S3_twin_shock,indonesia,USDC
521,0.7706566113553849,114073702.99623698,506,S3_twin_shock,indonesia,USDC
522,0.7805736442325697,111221860.42133108,506,S3_twin_shock,indonesia,USDC
523,0.7519119727102435,108441313.91079777,506,S3_twin_shock,indonesia,USDC
524,0.7495539489181005,105730281.06302784,506,S3_twin_shock,indonesia,USDC
525,0.7691955127343325,103087024.03645214,506,S3_twin_shock,indonesia,USDC
526,0.7549356304926913,100509848.43554084,506,S3_twin_shock,indonesia,USDC
527,0.7785872489089916,97997102.22465232,506,S3_twin_shock,indonesia,USDC
528,0.7913761767190653,95547174.66903602,506,S3_twin_shock,indonesia,USDC
529,0.7947377117697594,93158495.30231011,506,S3_twin_shock,indonesia,USDC
530,0.7695477206066706,90829532.91975236,506,S3_twin_shock,indonesia,USDC
531,0.748954106434481,88558794.59675856,506,S3_twin_shock,indonesia,USDC
532,0.7398772716501574,86344824.73183958,506,S3_twin_shock,indonesia,USDC
533,0.7349058434907394,84186204.1135436,506,S3_twin_shock,indonesia,USDC
534,0.726694208757326,82081549.01070501,506,S3_twin_shock,indonesia,USDC
535,0.7538259897803753,80029510.28543738,506,S3_twin_shock,indonesia,USDC
536,0.7772004769249843,78028772.52830145,506,S3_twin_shock,indonesia,USDC
537,0.7620646779621658,76078053.21509391,506,S3_twin_shock,indonesia,USDC
538,0.7768582699741282,74176101.88471657,506,S3_twin_shock,indonesia,USDC
539,0.7814743222272805,72321699.33759865,506,S3_twin_shock,indonesia,USDC
540,0.7826440186325933,70513656.85415868,506,S3_twin_shock,indonesia,USDC
541,0.7688737312812238,68750815.43280472,506,S3_twin_shock,indonesia,USDC
542,0.7950348904342084,67032045.04698461,506,S3_twin_shock,indonesia,USDC
543,0.7861662424968814,65356243.92080999,506,S3_twin_shock,indonesia,USDC
544,0.7685943949550126,63722337.82278974,506,S3_twin_shock,indonesia,USDC
545,0.7777696666947992,62129279.377220005,506,S3_twin_shock,indonesia,USDC
546,0.7849663082605307,60576047.3927895,506,S3_twin_shock,indonesia,USDC
547,0.7873400975880597,59061646.20796976,506,S3_twin_shock,indonesia,USDC
548,0.773158947082521,57585105.052770525,506,S3_twin_shock,indonesia,USDC
549,0.7536007521503445,56145477.42645125,506,S3_twin_shock,indonesia,USDC
550,0.7452906885454657,54741840.490789965,506,S3_twin_shock,indonesia,USDC
551,0.7882108361392642,53373294.47852022,506,S3_twin_shock,indonesia,USDC
552,0.761033119161663,52038962.11655722,506,S3_twin_shock,indonesia,USDC
553,0.7584233296420798,50737988.06364328,506,S3_twin_shock,indonesia,USDC
554,0.7502785723528077,49469538.3620522,506,S3_twin_shock,indonesia,USDC
555,0.7447191506688108,48232799.9030009,506,S3_twin_shock,indonesia,USDC
556,0.7564765131453094,47026979.90542588,506,S3_twin_shock,indonesia,USDC
557,0.7666827551638276,45851305.40779023,506,S3_twin_shock,indonesia,USDC
558,0.7943272060165468,44705022.77259547,506,S3_twin_shock,indonesia,USDC
559,0.7985996096449084,43587397.20328058,506,S3_twin_shock,indonesia,USDC
560,0.8208314148839578,42497712.27319857,506,S3_twin_shock,indonesia,USDC
561,0.8340058520874474,41435269.4663686,506,S3_twin_shock,indonesia,USDC
562,0.819785371214512,40399387.72970939,506,S3_twin_shock,indonesia,USDC
563,0.8240238976897624,39389403.03646666,506,S3_twin_shock,indonesia,USDC
564,0.8129430828274273,38404667.96055499,506,S3_twin_shock,indonesia,USDC
565,0.8180545290217774,37444551.26154111,506,S3_twin_shock,indonesia,USDC
566,0.8097529850965668,36508437.48000258,506,S3_twin_shock,indonesia,USDC
567,0.8153181351385981,35595726.54300252,506,S3_twin_shock,indonesia,USDC
568,0.8035558955169344,34705833.379427455,506,S3_twin_shock,indonesia,USDC
569,0.802916777897943,33838187.54494177,506,S3_twin_shock,indonesia,USDC
570,0.8216562230878364,32992232.856318228,506,S3_twin_shock,indonesia,USDC
571,0.8191017705199298,32167427.03491027,506,S3_twin_shock,indonesia,USDC
572,0.8333038512867733,31363241.35903751,506,S3_twin_shock,indonesia,USDC
573,0.820204935486688,30579160.325061575,506,S3_twin_shock,indonesia,USDC
574,0.7903025078948795,29814681.316935036,506,S3_twin_shock,indonesia,USDC
575,0.7800742801479774,29069314.284011662,506,S3_twin_shock,indonesia,USDC
576,0.7733812703533051,28342581.42691137,506,S3_twin_shock,indonesia,USDC
577,0.7543105387419743,27634016.89123859,506,S3_twin_shock,indonesia,USDC
578,0.7635867923583892,26943166.468957625,506,S3_twin_shock,indonesia,USDC
579,0.762077253103196,26269587.307233684,506,S3_twin_shock,indonesia,USDC
580,0.7523563835715015,25612847.624552842,506,S3_twin_shock,indonesia,USDC
581,0.7566974516598446,24972526.43393902,506,S3_twin_shock,indonesia,USDC
582,0.7528372580507958,24348213.273090545,506,S3_twin_shock,indonesia,USDC
583,0.7470225896659193,23739507.94126328,506,S3_twin_shock,indonesia,USDC
584,0.734647782825593,23146020.242731698,506,S3_twin_shock,indonesia,USDC
585,0.7359493862010489,22567369.73666341,506,S3_twin_shock,indonesia,USDC
586,0.7339233087785338,22003185.493246824,506,S3_twin_shock,indonesia,USDC
587,0.7549615323315161,21453105.85591565,506,S3_twin_shock,indonesia,USDC
588,0.7445006441995506,20916778.209517762,506,S3_twin_shock,indonesia,USDC
589,0.7598154228564032,20393858.754279815,506,S3_twin_shock,indonesia,USDC
590,0.7602736169513928,19884012.28542282,506,S3_twin_shock,indonesia,USDC
591,0.76589460114628,19386911.97828725,506,S3_twin_shock,indonesia,USDC
592,0.7565689638333691,18902239.17883007,506,S3_twin_shock,indonesia,USDC
593,0.7659174777118741,18429683.199359316,506,S3_twin_shock,indonesia,USDC
594,0.785212737706993,17968941.119375337,506,S3_twin_shock,indonesia,USDC
595,0.7807861020446377,17519717.591390952,506,S3_twin_shock,indonesia,USDC
596,0.7692586926684661,17081724.651606176,506,S3_twin_shock,indonesia,USDC
597,0.7763409179825106,16654681.535316024,506,S3_twin_shock,indonesia,USDC
598,0.7948460895992397,16238314.496933121,506,S3_twin_shock,indonesia,USDC
599,0.7879980673397801,15832356.634509794,506,S3_twin_shock,indonesia,USDC
600,0.7871668186056274,15436547.71864705,506,S3_twin_shock,indonesia,USDC
601,0.7886552332369465,15050634.025680874,506,S3_twin_shock,indonesia,USDC
602,0.7778867822861001,14674368.175038852,506,S3_twin_shock,indonesia,USDC
603,0.7941993374737666,14307508.97066288,506,S3_twin_shock,indonesia,USDC
604,0.7969644731218246,13949821.246396307,506,S3_twin_shock,indonesia,USDC
605,0.7692012795073039,13601075.7152364,506,S3_twin_shock,indonesia,USDC
606,0.7905386131178532,13261048.822355488,506,S3_twin_shock,indonesia,USDC
607,0.7595371331233501,12929522.601796603,506,S3_twin_shock,indonesia,USDC
608,0.7799557947870274,12606284.536751688,506,S3_twin_shock,indonesia,USDC
609,0.7806055299828727,12291127.423332894,506,S3_twin_shock,indonesia,USDC
610,0.7743718487669989,11983849.237749571,506,S3_twin_shock,indonesia,USDC
611,0.7714215303735875,11684253.006805833,506,S3_twin_shock,indonesia,USDC
612,0.7806953747402082,11392146.681635687,506,S3_twin_shock,indonesia,USDC
613,0.7523844439370079,11107343.014594795,506,S3_twin_shock,indonesia,USDC
614,0.7643796869506504,10829659.439229924,506,S3_twin_shock,indonesia,USDC
615,0.7522743068039233,10558917.953249177,506,S3_twin_shock,indonesia,USDC
616,0.7813416586943933,10294945.004417947,506,S3_twin_shock,indonesia,USDC
617,0.7620376406984399,10037571.379307497,506,S3_twin_shock,indonesia,USDC
618,0.7823709701621668,9786632.09482481,506,S3_twin_shock,indonesia,USDC
619,0.7586288567121338,9541966.29245419,506,S3_twin_shock,indonesia,USDC
620,0.7682865652952944,9303417.135142835,506,S3_twin_shock,indonesia,USDC
621,0.7417793641979562,9070831.706764264,506,S3_twin_shock,indonesia,USDC
622,0.7572581453046864,8844060.914095158,506,S3_twin_shock,indonesia,USDC
623,0.7474757375364806,8622959.39124278,506,S3_twin_shock,indonesia,USDC
624,0.7595361943326875,8407385.406461708,506,S3_twin_shock,indonesia,USDC
625,0.7586503674781119,8197200.771300167,506,S3_twin_shock,indonesia,USDC
626,0.7828465106445471,7992270.752017663,506,S3_twin_shock,indonesia,USDC
627,0.7743333263401954,7792463.983217222,506,S3_twin_shock,indonesia,USDC
628,0.7715650331187199,7597652.38363679,506,S3_twin_shock,indonesia,USDC
629,0.7740391759518607,7407711.074045871,506,S3_twin_shock,indonesia,USDC
630,0.7780964148422588,7222518.297194725,506,S3_twin_shock,indonesia,USDC
631,0.7852984505826104,7041955.339764856,506,S3_twin_shock,indonesia,USDC
632,0.7716357166583434,6865906.456270736,506,S3_twin_shock,indonesia,USDC
633,0.7952788218378168,6694258.794863966,506,S3_twin_shock,indonesia,USDC
634,0.7916043913090901,6526902.324992367,506,S3_twin_shock,indonesia,USDC
635,0.8021500838232937,6363729.766867558,506,S3_twin_shock,indonesia,USDC
636,0.7928791403808688,6204636.522695868,506,S3_twin_shock,indonesia,USDC
637,0.7864152774631367,6049520.609628472,506,S3_twin_shock,indonesia,USDC
638,0.7763171436493949,5898282.59438776,506,S3_twin_shock,indonesia,USDC
639,0.7899411757274846,5750825.5295280665,506,S3_twin_shock,indonesia,USDC
640,0.8071680973255877,5607054.891289864,506,S3_twin_shock,indonesia,USDC
641,0.8083930111922786,5466878.519007618,506,S3_twin_shock,indonesia,USDC
642,0.799134362245678,5330206.556032428,506,S3_twin_shock,indonesia,USDC
643,0.8200566454270622,5196951.392131616,506,S3_twin_shock,indonesia,USDC
644,0.8148802531358397,5067027.607328326,506,S3_twin_shock,indonesia,USDC
645,0.8057405342767455,4940351.917145117,506,S3_twin_shock,indonesia,USDC
646,0.7870077699265209,4816843.11921649,506,S3_twin_shock,indonesia,USDC
647,0.7701193395549094,4696422.041236077,506,S3_twin_shock,indonesia,USDC
648,0.765083968994445,4579011.490205175,506,S3_twin_shock,indonesia,USDC
649,0.7594674860471712,4464536.202950046,506,S3_twin_shock,indonesia,USDC
650,0.779730446502416,4352922.797876296,506,S3_twin_shock,indonesia,USDC
651,0.7819184755356408,4244099.727929388,506,S3_twin_shock,indonesia,USDC
652,0.7849578527782816,4137997.2347311536,506,S3_twin_shock,indonesia,USDC
653,0.7940784776136013,4034547.3038628744,506,S3_twin_shock,indonesia,USDC
654,0.7697745790293555,3933683.6212663027,506,S3_twin_shock,indonesia,USDC
655,0.7738549789624963,3835341.530734645,506,S3_twin_shock,indonesia,USDC
656,0.7901172739015073,3739457.9924662793,506,S3_twin_shock,indonesia,USDC
657,0.7868711593229591,3645971.5426546223,506,S3_twin_shock,indonesia,USDC
658,0.7890765760045464,3554822.2540882565,506,S3_twin_shock,indonesia,USDC
659,0.7985580674873738,3465951.69773605,506,S3_twin_shock,indonesia,USDC
660,0.8199067726433229,3379302.905292649,506,S3_twin_shock,indonesia,USDC
661,0.8098926503720525,3294820.332660333,506,S3_twin_shock,indonesia,USDC
662,0.7617498902155369,3212449.8243438248,506,S3_twin_shock,indonesia,USDC
663,0.7802491243299947,3132138.5787352286,506,S3_twin_shock,indonesia,USDC
664,0.7916181022068519,3053835.114266848,506,S3_twin_shock,indonesia,USDC
665,0.8268959601191928,2977489.236410177,506,S3_twin_shock,indonesia,USDC
666,0.8034389251762039,2903052.0054999227,506,S3_twin_shock,indonesia,USDC
667,0.8031058563793853,2830475.7053624243,506,S3_twin_shock,indonesia,USDC
668,0.81040723243679,2759713.812728364,506,S3_twin_shock,indonesia,USDC
669,0.7820496457612037,2690720.9674101546,506,S3_twin_shock,indonesia,USDC
670,0.7706985954426122,2623452.943224901,506,S3_twin_shock,indonesia,USDC
671,0.7760210076319937,2557866.619644278,506,S3_twin_shock,indonesia,USDC
672,0.7888896693903283,2493919.9541531713,506,S3_twin_shock,indonesia,USDC
673,0.7709385403529051,2431571.955299342,506,S3_twin_shock,indonesia,USDC
674,0.7843991445250246,2370782.656416858,506,S3_twin_shock,indonesia,USDC
675,0.7732502916426043,2311513.090006437,506,S3_twin_shock,indonesia,USDC
676,0.780389155737485,2253725.262756276,506,S3_twin_shock,indonesia,USDC
677,0.7898085403197119,2197382.131187369,506,S3_twin_shock,indonesia,USDC
678,0.8107805522142691,2142447.5779076847,506,S3_twin_shock,indonesia,USDC
679,0.8051680906704538,2088886.3884599926,506,S3_twin_shock,indonesia,USDC
680,0.7881233434991118,2036664.2287484927,506,S3_twin_shock,indonesia,USDC
681,0.7688367962550147,1985747.6230297803,506,S3_twin_shock,indonesia,USDC
682,0.7777471683156413,1936103.9324540359,506,S3_twin_shock,indonesia,USDC
683,0.7704508147017286,1887701.3341426847,506,S3_twin_shock,indonesia,USDC
684,0.7671672674713268,1840508.8007891178,506,S3_twin_shock,indonesia,USDC
685,0.7590614960471129,1794496.0807693899,506,S3_twin_shock,indonesia,USDC
686,0.7409551833181278,1749633.678750155,506,S3_twin_shock,indonesia,USDC
687,0.7633647716754652,1705892.8367814012,506,S3_twin_shock,indonesia,USDC
688,0.7625547358101054,1663245.515861866,506,S3_twin_shock,indonesia,USDC
689,0.7678289746243151,1621664.3779653192,506,S3_twin_shock,indonesia,USDC
690,0.7640722358496214,1581122.7685161864,506,S3_twin_shock,indonesia,USDC
691,0.7757165540112272,1541594.6993032817,506,S3_twin_shock,indonesia,USDC
692,0.7914093599621536,1503054.8318206996,506,S3_twin_shock,indonesia,USDC
693,0.7963949778371294,1465478.4610251822,506,S3_twin_shock,indonesia,USDC
694,0.7903574373545443,1428841.4994995527,506,S3_twin_shock,indonesia,USDC
695,0.8107257636507986,1393120.4620120637,506,S3_twin_shock,indonesia,USDC
696,0.8135489811704043,1358292.4504617623,506,S3_twin_shock,indonesia,USDC
697,0.8115812338869911,1324335.1392002183,506,S3_twin_shock,indonesia,USDC
698,0.8020559238203536,1291226.7607202127,506,S3_twin_shock,indonesia,USDC
699,0.8067307130811162,1258946.0917022075,506,S3_twin_shock,indonesia,USDC
700,0.789005326024234,1227472.4394096523,506,S3_twin_shock,indonesia,USDC
701,0.805514284184524,1196785.628424411,506,S3_twin_shock,indonesia,USDC
702,0.8156817262834302,1166865.9877138005,506,S3_twin_shock,indonesia,USDC
703,0.8022651418133929,1137694.3380209557,506,S3_twin_shock,indonesia,USDC
704,0.790891212991281,1109251.9795704316,506,S3_twin_shock,indonesia,USDC
705,0.7922765864352098,1081520.680081171,506,S3_twin_shock,indonesia,USDC
706,0.7979986073609526,1054482.6630791416,506,S3_twin_shock,indonesia,USDC
707,0.7916916391667447,1028120.596502163,506,S3_twin_shock,indonesia,USDC
708,0.793305645887857,1002417.5815896089,506,S3_twin_shock,indonesia,USDC
709,0.7988694778253205,977357.1420498688,506,S3_twin_shock,indonesia,USDC
710,0.8030668077805826,952923.2134986222,506,S3_twin_shock,indonesia,USDC
711,0.8031532057872631,929100.1331611567,506,S3_twin_shock,indonesia,USDC
712,0.7701768337339305,905872.6298321276,506,S3_twin_shock,indonesia,USDC
713,0.8039374301119161,883225.8140863245,506,S3_twin_shock,indonesia,USDC
714,0.7982297499656748,861145.1687341663,506,S3_twin_shock,indonesia,USDC
715,0.7841993107855268,839616.5395158122,506,S3_twin_shock,indonesia,USDC
716,0.7833132600967436,818626.1260279169,506,S3_twin_shock,indonesia,USDC
717,0.7778629134622567,798160.472877219,506,S3_twin_shock,indonesia,USDC
718,0.808828727989574,778206.4610552886,506,S3_twin_shock,indonesia,USDC
719,0.8078998039275145,758751.2995289064,506,S3_twin_shock,indonesia,USDC
720,0.8240914604337587,739782.5170406835,506,S3_twin_shock,indonesia,USDC
721,0.8032988207733647,721287.9541146664,506,S3_twin_shock,indonesia,USDC
722,0.7984612326144679,703255.7552617998,506,S3_twin_shock,indonesia,USDC
723,0.7925114284646954,685674.3613802548,506,S3_twin_shock,indonesia,USDC
724,0.7769903670874327,668532.5023457485,506,S3_twin_shock,indonesia,USDC
725,0.8186678839863393,651819.1897871047,506,S3_twin_shock,indonesia,USDC
726,0.8480770215333847,635523.7100424272,506,S3_twin_shock,indonesia,USDC
727,0.8376291163815696,619635.6172913664,506,S3_twin_shock,indonesia,USDC
728,0.8421097544538919,604144.7268590822,506,S3_twin_shock,indonesia,USDC
729,0.8628520988076414,589041.1086876052,506,S3_twin_shock,indonesia,USDC
730,0.871649891604704,574315.0809704151,506,S3_twin_shock,indonesia,USDC
731,0.905374824968226,559957.2039461548,506,S3_twin_shock,indonesia,USDC
732,0.9020999063509505,545958.2738475008,506,S3_twin_shock,indonesia,USDC
733,0.8761795717574574,532309.3170013133,506,S3_twin_shock,indonesia,USDC
734,0.8751535546655455,519001.5840762805,506,S3_twin_shock,indonesia,USDC
735,0.8786586393643113,506026.54447437346,506,S3_twin_shock,indonesia,USDC
736,0.873327047130112,493375.88086251414,506,S3_twin_shock,indonesia,USDC
737,0.8766171907436912,481041.48384095135,506,S3_twin_shock,indonesia,USDC
738,0.8707950825758366,469015.4467449275,506,S3_twin_shock,indonesia,USDC
739,0.8525889670847948,457290.0605763043,506,S3_twin_shock,indonesia,USDC
740,0.8477241621704807,445857.80906189675,506,S3_twin_shock,indonesia,USDC
741,0.8429876669328084,434711.36383534933,506,S3_twin_shock,indonesia,USDC
742,0.833593111026948,423843.5797394656,506,S3_twin_shock,indonesia,USDC
743,0.8336671233537684,413247.49024597893,506,S3_twin_shock,indonesia,USDC
744,0.844597852490875,402916.30298982945,506,S3_twin_shock,indonesia,USDC
745,0.8552582391032922,392843.39541508374,506,S3_twin_shock,indonesia,USDC
746,0.8393564512631602,383022.31052970665,506,S3_twin_shock,indonesia,USDC
747,0.8476747345417803,373446.75276646396,506,S3_twin_shock,indonesia,USDC
748,0.842862594567336,364110.58394730237,506,S3_twin_shock,indonesia,USDC
749,0.8342247581547605,355007.81934861984,506,S3_twin_shock,indonesia,USDC
750,0.8352341791282787,346132.6238649043,506,S3_twin_shock,indonesia,USDC
751,0.8129451078479494,337479.3082682817,506,S3_twin_shock,indonesia,USDC
752,0.8033860390579247,329042.32556157466,506,S3_twin_shock,indonesia,USDC
753,0.7993192006705011,320816.2674225353,506,S3_twin_shock,indonesia,USDC
754,0.8236113550018102,312795.8607369719,506,S3_twin_shock,indonesia,USDC
755,0.7951099310448422,304975.9642185476,506,S3_twin_shock,indonesia,USDC
756,0.7743569375004431,297351.5651130839,506,S3_twin_shock,indonesia,USDC
757,0.7746475596895979,289917.77598525677,506,S3_twin_shock,indonesia,USDC
758,0.7898719193279954,282669.83158562536,506,S3_twin_shock,indonesia,USDC
759,0.8049100631855688,275603.0857959848,506,S3_twin_shock,indonesia,USDC
760,0.8207004527545618,268713.00865108514,506,S3_twin_shock,indonesia,USDC
761,0.8024868774679742,261995.183434808,506,S3_twin_shock,indonesia,USDC
762,0.792370423394298,255445.3038489378,506,S3_twin_shock,indonesia,USDC
763,0.7999768705345399,249059.17125271435,506,S3_twin_shock,indonesia,USDC
764,0.8011990592162846,242832.6919713965,506,S3_twin_shock,indonesia,USDC
765,0.8056912059833395,236761.8746721116,506,S3_twin_shock,indonesia,USDC
766,0.8185664417122513,230842.82780530883,506,S3_twin_shock,indonesia,USDC
767,0.8118894759373476,225071.75711017608,506,S3_twin_shock,indonesia,USDC
768,0.8258610188600412,219444.9631824217,506,S3_twin_shock,indonesia,USDC
769,0.8228841397165569,213958.83910286112,506,S3_twin_shock,indonesia,USDC
770,0.83416554596935,208609.8681252896,506,S3_twin_shock,indonesia,USDC
771,0.8133056718807753,203394.62142215736,506,S3_twin_shock,indonesia,USDC
772,0.7834489902974907,198309.75588660344,506,S3_twin_shock,indonesia,USDC
773,0.7719564709930319,193352.01198943835,506,S3_twin_shock,indonesia,USDC
774,0.767652073286001,188518.2116897024,506,S3_twin_shock,indonesia,USDC
775,0.7589468180370624,183805.25639745983,506,S3_twin_shock,indonesia,USDC
776,0.7400603392256991,179210.12498752336,506,S3_twin_shock,indonesia,USDC
777,0.7721717919972084,174729.87186283528,506,S3_twin_shock,indonesia,USDC
778,0.7959653330483565,170361.6250662644,506,S3_twin_shock,indonesia,USDC
779,0.7900426046900713,166102.5844396078,506,S3_twin_shock,indonesia,USDC
780,0.7825782819049736,161950.0198286176,506,S3_twin_shock,indonesia,USDC
781,0.7637353751871064,157901.26933290216,506,S3_twin_shock,indonesia,USDC
782,0.7499165002144849,153953.7375995796,506,S3_twin_shock,indonesia,USDC
783,0.7760846049743826,150104.8941595901,506,S3_twin_shock,indonesia,USDC
784,0.7769461552282011,146352.27180560035,506,S3_twin_shock,indonesia,USDC
785,0.6942002655392031,142693.46501046035,506,S3_twin_shock,indonesia,USDC
786,0.7010888304254603,139126.12838519883,506,S3_twin_shock,indonesia,USDC
787,0.6967070320102936,135647.97517556886,506,S3_twin_shock,indonesia,USDC
788,0.6941026506268727,132256.77579617963,506,S3_twin_shock,indonesia,USDC
789,0.7062439153674386,128950.35640127514,506,S3_twin_shock,indonesia,USDC
790,0.7174706671695961,125726.59749124327,506,S3_twin_shock,indonesia,USDC
791,0.71289291320195,122583.4325539622,506,S3_twin_shock,indonesia,USDC
792,0.7228867494696691,119518.84674011313,506,S3_twin_shock,indonesia,USDC
793,0.7356005668779574,116530.8755716103,506,S3_twin_shock,indonesia,USDC
794,0.7625453640989425,113617.60368232004,506,S3_twin_shock,indonesia,USDC
795,0.7680931393881013,110777.16359026205,506,S3_twin_shock,indonesia,USDC
796,0.7411131413395169,108007.7345005055,506,S3_twin_shock,indonesia,USDC
797,0.7497077639707991,105307.54113799287,506,S3_twin_shock,indonesia,USDC
798,0.7520112193387809,102674.85260954303,506,S3_twin_shock,indonesia,USDC
799,0.7607132564057741,100107.98129430445,506,S3_twin_shock,indonesia,USDC
800,0.7663854425775805,97605.28176194686,506,S3_twin_shock,indonesia,USDC
801,0.7676212252891458,95165.14971789818,506,S3_twin_shock,indonesia,USDC
802,0.794137301592569,92786.02097495072,506,S3_twin_shock,indonesia,USDC
803,0.8180195214350694,90466.37045057696,506,S3_twin_shock,indonesia,USDC
804,0.8315960114696831,88204.71118931254,506,S3_twin_shock,indonesia,USDC
805,0.8684407140511696,85999.59340957973,506,S3_twin_shock,indonesia,USDC
806,0.8544775372951164,83849.60357434023,506,S3_twin_shock,indonesia,USDC
807,0.8397306238068395,81753.36348498173,506,S3_twin_shock,indonesia,USDC
808,0.8405910698404272,79709.52939785717,506,S3_twin_shock,indonesia,USDC
809,0.8412604133689681,77716.79116291075,506,S3_twin_shock,indonesia,USDC
810,0.8385356935337422,75773.87138383798,506,S3_twin_shock,indonesia,USDC
811,0.8759978724791075,73879.52459924202,506,S3_twin_shock,indonesia,USDC
812,0.8611748036446844,72032.53648426099,506,S3_twin_shock,indonesia,USDC
813,0.8601436954990851,70231.72307215446,506,S3_twin_shock,indonesia,USDC
814,0.8726622615029412,68475.9299953506,506,S3_twin_shock,indonesia,USDC
815,0.8888301922196268,66764.03174546683,506,S3_twin_shock,indonesia,USDC
816,0.870905113629892,65094.93095183016,506,S3_twin_shock,indonesia,USDC
817,0.8307932468249292,63467.557678034405,506,S3_twin_shock,indonesia,USDC
818,0.818044061516386,61880.86873608355,506,S3_twin_shock,indonesia,USDC
819,0.8094110306849862,60333.84701768146,506,S3_twin_shock,indonesia,USDC
820,0.8093979408165506,58825.50084223942,506,S3_twin_shock,indonesia,USDC
821,0.8228610208796978,57354.86332118344,506,S3_twin_shock,indonesia,USDC
822,0.8231334139439964,55920.991738153854,506,S3_twin_shock,indonesia,USDC
823,0.8172543700222058,54522.966944700005,506,S3_twin_shock,indonesia,USDC
824,0.8350309164669637,53159.8927710825,506,S3_twin_shock,indonesia,USDC
825,0.8282336257557311,51830.89545180544,506,S3_twin_shock,indonesia,USDC
826,0.8047116006609861,50535.123065510306,506,S3_twin_shock,indonesia,USDC
827,0.7840095443082837,49271.744988872546,506,S3_twin_shock,indonesia,USDC
828,0.7897750061715972,48039.95136415073,506,S3_twin_shock,indonesia,USDC
829,0.7850156328914651,46838.952580046964,506,S3_twin_shock,indonesia,USDC
830,0.7693895833221586,45667.97876554579,506,S3_twin_shock,indonesia,USDC
831,0.7751371712451722,44526.27929640714,506,S3_twin_shock,indonesia,USDC
832,0.7725757810225796,43413.122313996966,506,S3_twin_shock,indonesia,USDC
833,0.7694924308880005,42327.79425614704,506,S3_twin_shock,indonesia,USDC
834,0.7615537025599557,41269.59939974337,506,S3_twin_shock,indonesia,USDC
835,0.7699496956588078,40237.859414749786,506,S3_twin_shock,indonesia,USDC
836,0.7714501794413745,39231.91292938104,506,S3_twin_shock,indonesia,USDC
837,0.7818022351741043,38251.11510614651,506,S3_twin_shock,indonesia,USDC
838,0.794377039091856,37294.83722849285,506,S3_twin_shock,indonesia,USDC
839,0.7911045651744693,36362.46629778053,506,S3_twin_shock,indonesia,USDC
840,0.7936189475457235,35453.40464033602,506,S3_twin_shock,indonesia,USDC
841,0.7772032841424548,34567.06952432761,506,S3_twin_shock,indonesia,USDC
842,0.7610011386527084,33702.892786219425,506,S3_twin_shock,indonesia,USDC
843,0.7745821305663628,32860.320466563935,506,S3_twin_shock,indonesia,USDC
844,0.773203093963419,32038.81245489984,506,S3_twin_shock,indonesia,USDC
845,0.7583404151656731,31237.84214352734,506,S3_twin_shock,indonesia,USDC
846,0.7745627922073435,30456.89608993916,506,S3_twin_shock,indonesia,USDC
847,0.7651732990611887,29695.473687690683,506,S3_twin_shock,indonesia,USDC
848,0.7657545757485018,28953.086845498416,506,S3_twin_shock,indonesia,USDC
849,0.7585838736428199,28229.259674360954,506,S3_twin_shock,indonesia,USDC
850,0.779613054691928,27523.52818250193,506,S3_twin_shock,indonesia,USDC
851,0.7733259352709337,26835.439977939383,506,S3_twin_shock,indonesia,USDC
852,0.764146399231732,26164.553978490898,506,S3_twin_shock,indonesia,USDC
853,0.7529435668915868,25510.440129028626,506,S3_twin_shock,indonesia,USDC
854,0.7603328218312705,24872.679125802908,506,S3_twin_shock,indonesia,USDC
855,0.7755285647890807,24250.862147657837,506,S3_twin_shock,indonesia,USDC
856,0.7526055247972984,23644.59059396639,506,S3_twin_shock,indonesia,USDC
857,0.7488117769196019,23053.47582911723,506,S3_twin_shock,indonesia,USDC
858,0.7894889083609268,22477.1389333893,506,S3_twin_shock,indonesia,USDC
859,0.7818697698199819,21915.210460054568,506,S3_twin_shock,indonesia,USDC
860,0.7924387607242771,21367.330198553205,506,S3_twin_shock,indonesia,USDC
861,0.7785327157142209,20833.146943589374,506,S3_twin_shock,indonesia,USDC
862,0.7853761770051375,20312.31826999964,506,S3_twin_shock,indonesia,USDC
863,0.7627816541753527,19804.510313249648,506,S3_twin_shock,indonesia,USDC
864,0.7562062834780855,19309.397555418407,506,S3_twin_shock,indonesia,USDC
865,0.7462120472849719,18826.662616532944,506,S3_twin_shock,indonesia,USDC
866,0.7262595566527471,18355.996051119622,506,S3_twin_shock,indonesia,USDC
867,0.7413564782116487,17897.09614984163,506,S3_twin_shock,indonesia,USDC
868,0.7628396380022463,17449.66874609559,506,S3_twin_shock,indonesia,USDC
869,0.7767014108359854,17013.427027443202,506,S3_twin_shock,indonesia,USDC
870,0.7711666883123846,16588.09135175712,506,S3_twin_shock,indonesia,USDC
871,0.7779090372658203,16173.389067963193,506,S3_twin_shock,indonesia,USDC
872,0.7678500943387739,15769.054341264115,506,S3_twin_shock,indonesia,USDC
873,0.7713877894450772,15374.82798273251,506,S3_twin_shock,indonesia,USDC
874,0.7796887089817887,14990.4572831642,506,S3_twin_shock,indonesia,USDC
875,0.7838067304881688,14615.695851085093,506,S3_twin_shock,indonesia,USDC
876,0.7950321694773476,14250.303454807965,506,S3_twin_shock,indonesia,USDC
877,0.7948632121808773,13894.045868437768,506,S3_twin_shock,indonesia,USDC
878,0.8092602558526508,13546.694721726824,506,S3_twin_shock,indonesia,USDC
879,0.8331776850278639,13208.027353683652,506,S3_twin_shock,indonesia,USDC
880,0.8304639786755754,12877.826669841561,506,S3_twin_shock,indonesia,USDC
881,0.8192043068783738,12555.881003095521,506,S3_twin_shock,indonesia,USDC
882,0.8242546081245764,12241.983978018134,506,S3_twin_shock,indonesia,USDC
883,0.8051090387074298,11935.934378567681,506,S3_twin_shock,indonesia,USDC
884,0.8125324285217791,11637.536019103489,506,S3_twin_shock,indonesia,USDC
885,0.7960374163434887,11346.597618625901,506,S3_twin_shock,indonesia,USDC
886,0.7951845351789436,11062.932678160254,506,S3_twin_shock,indonesia,USDC
887,0.7972663387730895,10786.359361206249,506,S3_twin_shock,indonesia,USDC
888,0.7998708123321873,10516.700377176092,506,S3_twin_shock,indonesia,USDC
889,0.811070397222556,10253.78286774669,506,S3_twin_shock,indonesia,USDC
890,0.776629832865983,9997.438296053022,506,S3_twin_shock,indonesia,USDC
891,0.781404025966922,9747.502338651697,506,S3_twin_shock,indonesia,USDC
892,0.7689199756181746,9503.814780185405,506,S3_twin_shock,indonesia,USDC
893,0.7459437572544367,9266.21941068077,506,S3_twin_shock,indonesia,USDC
894,0.7341973920892622,9034.56392541375,506,S3_twin_shock,indonesia,USDC
895,0.7448423882988509,8808.699827278406,506,S3_twin_shock,indonesia,USDC
896,0.7452672966429094,8588.482331596446,506,S3_twin_shock,indonesia,USDC
897,0.7604742234045407,8373.770273306534,506,S3_twin_shock,indonesia,USDC
898,0.7931559337679259,8164.426016473871,506,S3_twin_shock,indonesia,USDC
899,0.7812686071555478,7960.315366062025,506,S3_twin_shock,indonesia,USDC
900,0.7938760573315866,7761.307481910474,506,S3_twin_shock,indonesia,USDC
901,0.7891773770702758,7567.274794862712,506,S3_twin_shock,indonesia,USDC
902,0.817235229824632,7378.092924991144,506,S3_twin_shock,indonesia,USDC
903,0.8129269617867987,7193.640601866366,506,S3_twin_shock,indonesia,USDC
904,0.7763663417156562,7013.799586819707,506,S3_twin_shock,indonesia,USDC
905,0.7893540441508011,6838.454597149213,506,S3_twin_shock,indonesia,USDC
906,0.7956387440821948,6667.493232220484,506,S3_twin_shock,indonesia,USDC
907,0.8065334599321923,6500.805901414971,506,S3_twin_shock,indonesia,USDC
908,0.8347569941599341,6338.285753879598,506,S3_twin_shock,indonesia,USDC
909,0.8399340683934425,6179.828610032608,506,S3_twin_shock,indonesia,USDC
910,0.830739505159981,6025.332894781793,506,S3_twin_shock,indonesia,USDC
911,0.8440707806515051,5874.699572412248,506,S3_twin_shock,indonesia,USDC
912,0.8209781446295338,5727.832083101941,506,S3_twin_shock,indonesia,USDC
913,0.8422636565479767,5584.636281024393,506,S3_twin_shock,indonesia,USDC
914,0.8339414501748363,5445.020373998783,506,S3_twin_shock,indonesia,USDC
915,0.8321301338528012,5308.894864648813,506,S3_twin_shock,indonesia,USDC
916,0.8224833142860435,5176.172493032593,506,S3_twin_shock,indonesia,USDC
917,0.8390512566669786,5046.768180706778,506,S3_twin_shock,indonesia,USDC
918,0.8444725115529245,4920.598976189108,506,S3_twin_shock,indonesia,USDC
919,0.8747683246707731,4797.58400178438,506,S3_twin_shock,indonesia,USDC
920,0.8669977451501343,4677.644401739772,506,S3_twin_shock,indonesia,USDC
921,0.8668839485576919,4560.703291696277,506,S3_twin_shock,indonesia,USDC
922,0.8588185721843571,4446.68570940387,506,S3_twin_shock,indonesia,USDC
923,0.8628951284696902,4335.518566668773,506,S3_twin_shock,indonesia,USDC
924,0.8560806409590679,4227.130602502054,506,S3_twin_shock,indonesia,USDC
925,0.8354821874425,4121.452337439503,506,S3_twin_shock,indonesia,USDC
926,0.8555222516028648,4018.416029003515,506,S3_twin_shock,indonesia,USDC
927,0.7786163532420641,3917.955628278427,506,S3_twin_shock,indonesia,USDC
928,0.7727962223979171,3820.006737571466,506,S3_twin_shock,indonesia,USDC
929,0.7433385602553962,3724.5065691321797,506,S3_twin_shock,indonesia,USDC
930,0.7632472107594617,3631.3939049038745,506,S3_twin_shock,indonesia,USDC
931,0.7683776724312368,3540.609057281278,506,S3_twin_shock,indonesia,USDC
932,0.7983188005006214,3452.093830849246,506,S3_twin_shock,indonesia,USDC
933,0.7876745534120619,3365.7914850780153,506,S3_twin_shock,indonesia,USDC
934,0.7769975424206574,3281.646697951064,506,S3_twin_shock,indonesia,USDC
935,0.8019268029952047,3199.6055305022883,506,S3_twin_shock,indonesia,USDC
936,0.8022411650159358,3119.6153922397307,506,S3_twin_shock,indonesia,USDC
937,0.7876774910836457,3041.6250074337377,506,S3_twin_shock,indonesia,USDC
938,0.7858455629626567,2965.584382247894,506,S3_twin_shock,indonesia,USDC
939,0.798920616926515,2891.444772691697,506,S3_twin_shock,indonesia,USDC
940,0.8092861067569818,2819.1586533744044,506,S3_twin_shock,indonesia,USDC
941,0.8003727081534256,2748.6796870400444,506,S3_twin_shock,indonesia,USDC
942,0.7858678121431754,2679.962694864043,506,S3_twin_shock,indonesia,USDC
943,0.7768438151564243,2612.963627492442,506,S3_twin_shock,indonesia,USDC
944,0.7647770980810528,2547.639536805131,506,S3_twin_shock,indonesia,USDC
945,0.7808740262796205,2483.9485483850026,506,S3_twin_shock,indonesia,USDC
946,0.7578191863346065,2421.8498346753777,506,S3_twin_shock,indonesia,USDC
947,0.7584656821099086,2361.3035888084933,506,S3_twin_shock,indonesia,USDC
948,0.7693893934387075,2302.270999088281,506,S3_twin_shock,indonesia,USDC
949,0.7748388027655186,2244.7142241110737,506,S3_twin_shock,indonesia,USDC
950,0.7558363483613206,2188.596368508297,506,S3_twin_shock,indonesia,USDC
951,0.7624281606696786,2133.8814592955896,506,S3_twin_shock,indonesia,USDC
952,0.7809597173944449,2080.5344228132,506,S3_twin_shock,indonesia,USDC
953,0.7573545557254318,2028.52106224287,506,S3_twin_shock,indonesia,USDC
954,0.7686936109245093,1977.8080356867981,506,S3_twin_shock,indonesia,USDC
955,0.7880628395174634,1928.3628347946283,506,S3_twin_shock,indonesia,USDC
956,0.7883007013615685,1880.1537639247624,506,S3_twin_shock,indonesia,USDC
957,0.789023663845527,1833.1499198266433,506,S3_twin_shock,indonesia,USDC
958,0.8001134260711024,1787.3211718309776,506,S3_twin_shock,indonesia,USDC
959,0.7827178646898999,1742.638142535203,506,S3_twin_shock,indonesia,USDC
960,0.8066069026741437,1699.072188971823,506,S3_twin_shock,indonesia,USDC
961,0.8474569087092171,1656.5953842475274,506,S3_twin_shock,indonesia,USDC
962,0.8251631855253797,1615.180499641339,506,S3_twin_shock,indonesia,USDC
963,0.8168605257666062,1574.800987150306,506,S3_twin_shock,indonesia,USDC
964,0.8450533250085807,1535.430962471548,506,S3_twin_shock,indonesia,USDC
965,0.8244426291521776,1497.0451884097592,506,S3_twin_shock,indonesia,USDC
966,0.805323619212221,1459.6190586995153,506,S3_twin_shock,indonesia,USDC
967,0.7802799735181668,1423.1285822320274,506,S3_twin_shock,indonesia,USDC
968,0.7697535371587627,1387.5503676762266,506,S3_twin_shock,indonesia,USDC
969,0.780753056608271,1352.861608484321,506,S3_twin_shock,indonesia,USDC
970,0.7916036572047712,1319.040068272213,506,S3_twin_shock,indonesia,USDC
971,0.8004141006372668,1286.0640665654078,506,S3_twin_shock,indonesia,USDC
972,0.8328689820267025,1253.9124649012724,506,S3_twin_shock,indonesia,USDC
973,0.8297895710514206,1222.5646532787407,506,S3_twin_shock,indonesia,USDC
974,0.8319426239370085,1192.0005369467722,506,S3_twin_shock,indonesia,USDC
975,0.833194283651956,1162.2005235231027,506,S3_twin_shock,indonesia,USDC
976,0.8126923416720706,1133.1455104350252,506,S3_twin_shock,indonesia,USDC
977,0.8228927834684194,1104.8168726741496,506,S3_twin_shock,indonesia,USDC
978,0.8032489287811736,1077.196450857296,506,S3_twin_shock,indonesia,USDC
979,0.8032012871235659,1050.2665395858635,506,S3_twin_shock,indonesia,USDC
980,0.8197374656504411,1024.0098760962169,506,S3_twin_shock,indonesia,USDC
981,0.8300201962439681,998.4096291938116,506,S3_twin_shock,indonesia,USDC
982,0.8162103203500054,973.4493884639662,506,S3_twin_shock,indonesia,USDC
983,0.7996953446488374,949.113153752367,506,S3_twin_shock,indonesia,USDC
984,0.779145151724807,925.3853249085579,506,S3_twin_shock,indonesia,USDC
985,0.7891419923416465,902.250691785844,506,S3_twin_shock,indonesia,USDC
986,0.7514874671968981,879.6944244911979,506,S3_twin_shock,indonesia,USDC
987,0.7466580303281084,857.7020638789179,506,S3_twin_shock,indonesia,USDC
988,0.74643766791514,836.259512281945,506,S3_twin_shock,indonesia,USDC
989,0.7497651174404681,815.3530244748965,506,S3_twin_shock,indonesia,USDC
990,0.7619807921193048,794.9691988630241,506,S3_twin_shock,indonesia,USDC
991,0.7730827771397655,775.0949688914484,506,S3_twin_shock,indonesia,USDC
992,0.7780576995521337,755.7175946691623,506,S3_twin_shock,indonesia,USDC
993,0.7990813152687871,736.8246548024331,506,S3_twin_shock,indonesia,USDC
994,0.8137218898718618,718.4040384323723,506,S3_twin_shock,indonesia,USDC
995,0.8195371607799289,700.443937471563,506,S3_twin_shock,indonesia,USDC
996,0.8368699540007136,682.9328390347739,506,S3_twin_shock,indonesia,USDC
997,0.8140289356235106,665.8595180589047,506,S3_twin_shock,indonesia,USDC
998,0.8012260846924477,649.213030107432,506,S3_twin_shock,indonesia,USDC
999,0.8345053937662433,632.9827043547461,506,S3_twin_shock,indonesia,USDC
1000,0.8048583645794127,617.1581367458775,506,S3_twin_shock,indonesia,USDC
