Step,price,liquidity,iteration,scenario,region,coin
1,0.9858338173601778,2989204890005.667,214,S3_twin_shock,indonesia,USDC
2,0.9697674683378303,2989204890005.667,214,S3_twin_shock,indonesia,USDC
3,0.9758937486153137,2989200095538.406,214,S3_twin_shock,indonesia,USDC
4,1.0093114966366092,2989200095538.406,214,S3_twin_shock,indonesia,USDC
5,0.9782289702894429,2989200095538.406,214,S3_twin_shock,indonesia,USDC
6,0.9754055907870158,2989200095538.406,214,S3_twin_shock,indonesia,USDC
7,0.9688922294235993,2989200095538.406,214,S3_twin_shock,indonesia,USDC
8,0.9758152017060623,2989147854493.0884,214,S3_twin_shock,indonesia,USDC
9,0.9812114993536725,2989147854493.0884,214,S3_twin_shock,indonesia,USDC
10,0.9992593606866141,2989147854493.0884,214,S3_twin_shock,indonesia,USDC
11,0.9930742775873009,2989147854493.0884,214,S3_twin_shock,indonesia,USDC
12,0.9941113716589481,2989147854493.0884,214,S3_twin_shock,indonesia,USDC
13,1.0060901376056541,2989147854493.0884,214,S3_twin_shock,indonesia,USDC
14,0.9993383565949069,2989147854493.0884,214,S3_twin_shock,indonesia,USDC
15,1.0241769304277928,2989147854493.0884,214,S3_twin_shock,indonesia,USDC
16,1.0353384731471362,2989147854493.0884,214,S3_twin_shock,indonesia,USDC
17,0.9994852933689311,2989147854493.0884,214,S3_twin_shock,indonesia,USDC
18,1.0068736684650792,2989147854493.0884,214,S3_twin_shock,indonesia,USDC
19,0.9948608000590748,2989147854493.0884,214,S3_twin_shock,indonesia,USDC
20,1.0387460493955794,2989147854493.0884,214,S3_twin_shock,indonesia,USDC
21,1.0231673362372884,2989147854493.0884,214,S3_twin_shock,indonesia,USDC
22,1.030401826183479,2989147854493.0884,214,S3_twin_shock,indonesia,USDC
23,1.063172984567488,2989147854493.0884,214,S3_twin_shock,indonesia,USDC
24,1.0683161940454298,2989147854493.0884,214,S3_twin_shock,indonesia,USDC
25,1.047086628988646,2989147854493.0884,214,S3_twin_shock,indonesia,USDC
26,1.0224252367790467,2989147854493.0884,214,S3_twin_shock,indonesia,USDC
27,1.0256019226881252,2989147854493.0884,214,S3_twin_shock,indonesia,USDC
28,1.0310653738697875,2989147854493.0884,214,S3_twin_shock,indonesia,USDC
29,1.0495157232143943,2989147854493.0884,214,S3_twin_shock,indonesia,USDC
30,1.0473350342034018,2989147854493.0884,214,S3_twin_shock,indonesia,USDC
31,1.0441436830482107,2989147854493.0884,214,S3_twin_shock,indonesia,USDC
32,1.0417077048398466,2989147854493.0884,214,S3_twin_shock,indonesia,USDC
33,1.0277574224211956,2989147854493.0884,214,S3_twin_shock,indonesia,USDC
34,1.0110321966032754,2989147854493.0884,214,S3_twin_shock,indonesia,USDC
35,1.019635624906311,2989147854493.0884,214,S3_twin_shock,indonesia,USDC
36,1.0135687998327096,2989147854493.0884,214,S3_twin_shock,indonesia,USDC
37,1.010265108039358,2989147854493.0884,214,S3_twin_shock,indonesia,USDC
38,0.9885621925791039,2989147854493.0884,214,S3_twin_shock,indonesia,USDC
39,1.00029654975894,2989147854493.0884,214,S3_twin_shock,indonesia,USDC
40,0.9879174908595327,2989147854493.0884,214,S3_twin_shock,indonesia,USDC
41,1.0160761401795366,2989147854493.0884,214,S3_twin_shock,indonesia,USDC
42,1.0135072144003883,2989147854493.0884,214,S3_twin_shock,indonesia,USDC
43,0.9894140310775111,2989147854493.0884,214,S3_twin_shock,indonesia,USDC
44,0.9725214657556894,2989147854493.0884,214,S3_twin_shock,indonesia,USDC
45,0.9858798139181808,2989147854493.0884,214,S3_twin_shock,indonesia,USDC
46,1.0047502645143327,2989147854493.0884,214,S3_twin_shock,indonesia,USDC
47,1.02585153146433,2989147854493.0884,214,S3_twin_shock,indonesia,USDC
48,1.0140724217231558,2989147854493.0884,214,S3_twin_shock,indonesia,USDC
49,0.974246551865985,2989147854493.0884,214,S3_twin_shock,indonesia,USDC
50,0.9913326383137616,2989147854493.0884,214,S3_twin_shock,indonesia,USDC
51,0.9984487646428801,2989147854493.0884,214,S3_twin_shock,indonesia,USDC
52,0.9112362873737174,2989147854493.0884,214,S3_twin_shock,indonesia,USDC
53,0.9050228924078699,2985576681748.661,214,S3_twin_shock,indonesia,USDC
54,0.9389295998729753,2981800520947.377,214,S3_twin_shock,indonesia,USDC
55,0.9047451297194584,2980135717296.391,214,S3_twin_shock,indonesia,USDC
56,0.9194019868525625,2976709444586.9717,214,S3_twin_shock,indonesia,USDC
57,0.9227456078143218,2974282623377.767,214,S3_twin_shock,indonesia,USDC
58,0.9457062100637359,2972110815850.5674,214,S3_twin_shock,indonesia,USDC
59,0.9410986942447472,2971036230747.993,214,S3_twin_shock,indonesia,USDC
60,0.9432979578998374,2969826420477.204,214,S3_twin_shock,indonesia,USDC
61,0.9396359215158722,2968708195923.7773,214,S3_twin_shock,indonesia,USDC
62,0.9353503698793163,2967527806474.815,214,S3_twin_shock,indonesia,USDC
63,0.9397303695190419,2966219005723.1157,214,S3_twin_shock,indonesia,USDC
64,0.9620932170190578,2965101208736.195,214,S3_twin_shock,indonesia,USDC
65,0.9369547788710312,2964820324428.801,214,S3_twin_shock,indonesia,USDC
66,0.9285270400548833,2963646351204.0767,214,S3_twin_shock,indonesia,USDC
67,0.9253357787837019,2962218305753.217,214,S3_twin_shock,indonesia,USDC
68,0.9558697393888664,2960721250052.4277,214,S3_twin_shock,indonesia,USDC
69,0.9434548410338628,2960275653733.3765,214,S3_twin_shock,indonesia,USDC
70,0.9411655319331698,2959425366761.8804,214,S3_twin_shock,indonesia,USDC
71,0.9636795444853574,2958545172424.0513,214,S3_twin_shock,indonesia,USDC
72,0.9446832136136961,2958365195908.212,214,S3_twin_shock,indonesia,USDC
73,0.9553597252258509,2957604118345.8467,214,S3_twin_shock,indonesia,USDC
74,0.9777736451844755,2957175486896.08,214,S3_twin_shock,indonesia,USDC
75,0.9653942365659385,2957175486896.08,214,S3_twin_shock,indonesia,USDC
76,0.962533544837554,2957075331447.25,214,S3_twin_shock,indonesia,USDC
77,0.9820330204551377,2956884684778.002,214,S3_twin_shock,indonesia,USDC
78,0.9716921236369692,2956884684778.002,214,S3_twin_shock,indonesia,USDC
79,0.9521141293058062,2956884684778.002,214,S3_twin_shock,indonesia,USDC
80,0.969398114272281,2956420638226.4795,214,S3_twin_shock,indonesia,USDC
81,0.9567693697318699,2956409376719.5146,214,S3_twin_shock,indonesia,USDC
82,0.9591880900167842,2956052559116.989,214,S3_twin_shock,indonesia,USDC
83,0.9596019103396992,2955780443533.831,214,S3_twin_shock,indonesia,USDC
84,0.9867959595358792,2955495562102.5337,214,S3_twin_shock,indonesia,USDC
85,0.9688147868214256,2955495562102.5337,214,S3_twin_shock,indonesia,USDC
86,1.0056158153637078,2955484552638.6426,214,S3_twin_shock,indonesia,USDC
87,1.0039105309491267,2955484552638.6426,214,S3_twin_shock,indonesia,USDC
88,1.027582533006824,2955484552638.6426,214,S3_twin_shock,indonesia,USDC
89,1.0279869189836222,2955484552638.6426,214,S3_twin_shock,indonesia,USDC
90,1.053738709370099,2955484552638.6426,214,S3_twin_shock,indonesia,USDC
91,1.032849119864346,2955484552638.6426,214,S3_twin_shock,indonesia,USDC
92,1.0549866266676653,2955484552638.6426,214,S3_twin_shock,indonesia,USDC
93,1.056437450165892,2955484552638.6426,214,S3_twin_shock,indonesia,USDC
94,1.0490589442993343,2955484552638.6426,214,S3_twin_shock,indonesia,USDC
95,1.0516918240289923,2955484552638.6426,214,S3_twin_shock,indonesia,USDC
96,1.0460543239746343,2955484552638.6426,214,S3_twin_shock,indonesia,USDC
97,1.0259539704726195,2955484552638.6426,214,S3_twin_shock,indonesia,USDC
98,1.0343082858481516,2955484552638.6426,214,S3_twin_shock,indonesia,USDC
99,1.017572060769452,2955484552638.6426,214,S3_twin_shock,indonesia,USDC
100,1.0476708957142769,2955484552638.6426,214,S3_twin_shock,indonesia,USDC
101,0.9105520639549916,2955484552638.6426,214,S3_twin_shock,indonesia,USDC
102,0.9013611257194295,2953987909172.6973,214,S3_twin_shock,indonesia,USDC
103,0.9206589932436429,2952316812797.74,214,S3_twin_shock,indonesia,USDC
104,0.9555606695663396,2951235700037.414,214,S3_twin_shock,indonesia,USDC
105,0.9770117737779654,2950924488420.871,214,S3_twin_shock,indonesia,USDC
106,0.9816715589923746,2950924488420.871,214,S3_twin_shock,indonesia,USDC
107,1.0126463813929794,2950924488420.871,214,S3_twin_shock,indonesia,USDC
108,1.021898194011252,2950924488420.871,214,S3_twin_shock,indonesia,USDC
109,1.0475169480503517,2950924488420.871,214,S3_twin_shock,indonesia,USDC
110,1.0148661744456642,2950924488420.871,214,S3_twin_shock,indonesia,USDC
111,1.0407612689680747,2950924488420.871,214,S3_twin_shock,indonesia,USDC
112,1.0224623014785534,2950924488420.871,214,S3_twin_shock,indonesia,USDC
113,1.0291788087924498,2950924488420.871,214,S3_twin_shock,indonesia,USDC
114,1.0292176996847913,2950924488420.871,214,S3_twin_shock,indonesia,USDC
115,0.9950777214520012,2950924488420.871,214,S3_twin_shock,indonesia,USDC
116,0.9809898747950131,2950924488420.871,214,S3_twin_shock,indonesia,USDC
117,0.9816281761280935,2950924488420.871,214,S3_twin_shock,indonesia,USDC
118,0.9773508786624792,2950924488420.871,214,S3_twin_shock,indonesia,USDC
119,0.9552979964732874,2950924488420.871,214,S3_twin_shock,indonesia,USDC
120,0.9409310618054072,2950595290882.212,214,S3_twin_shock,indonesia,USDC
121,0.9262625586669466,2876205407233.856,214,S3_twin_shock,indonesia,USDC
122,0.8859726363129697,2803413749470.009,214,S3_twin_shock,indonesia,USDC
123,0.8975044221015128,2731652699397.621,214,S3_twin_shock,indonesia,USDC
124,0.9096580837972945,2662103107886.426,214,S3_twin_shock,indonesia,USDC
125,0.8935985672069019,2594606104493.8047,214,S3_twin_shock,indonesia,USDC
126,0.8842447015960612,2528579171719.4766,214,S3_twin_shock,indonesia,USDC
127,0.883098503546721,2464128523379.3037,214,S3_twin_shock,indonesia,USDC
128,0.878838830111775,2401433324731.5703,214,S3_twin_shock,indonesia,USDC
129,0.8415820789891526,2340346794907.5757,214,S3_twin_shock,indonesia,USDC
130,0.8434054989241836,2280451224345.758,214,S3_twin_shock,indonesia,USDC
131,0.8408675328866939,2222195117994.8535,214,S3_twin_shock,indonesia,USDC
132,0.8226415902060834,2165558718376.2705,214,S3_twin_shock,indonesia,USDC
133,0.8370536745923093,2110346066913.602,214,S3_twin_shock,indonesia,USDC
134,0.838625798398003,2056763386804.834,214,S3_twin_shock,indonesia,USDC
135,0.840115002338009,2004624572049.1907,214,S3_twin_shock,indonesia,USDC
136,0.8462196315398977,1953931624202.1401,214,S3_twin_shock,indonesia,USDC
137,0.8418079942361638,1904570722634.8843,214,S3_twin_shock,indonesia,USDC
138,0.8318320177948647,1856521894732.2886,214,S3_twin_shock,indonesia,USDC
139,0.8103033130759076,1809698180370.6682,214,S3_twin_shock,indonesia,USDC
140,0.81876215887119,1764043925813.2434,214,S3_twin_shock,indonesia,USDC
141,0.8255470701666344,1719613416569.3367,214,S3_twin_shock,indonesia,USDC
142,0.8268240775322219,1676354698062.6682,214,S3_twin_shock,indonesia,USDC
143,0.8121793013141021,1634212105023.169,214,S3_twin_shock,indonesia,USDC
144,0.8194072690874975,1593130988952.4902,214,S3_twin_shock,indonesia,USDC
145,0.815600372509525,1553117953307.3765,214,S3_twin_shock,indonesia,USDC
146,0.8073284805735825,1514136353722.458,214,S3_twin_shock,indonesia,USDC
147,0.8115172708467377,1476145732283.8696,214,S3_twin_shock,indonesia,USDC
148,0.831166176611142,1439125357402.499,214,S3_twin_shock,indonesia,USDC
149,0.8443090303447931,1403066873848.5693,214,S3_twin_shock,indonesia,USDC
150,0.8564898034759715,1367925924329.724,214,S3_twin_shock,indonesia,USDC
151,0.855944483199476,1333675875165.2986,214,S3_twin_shock,indonesia,USDC
152,0.853214925563134,1300289783063.463,214,S3_twin_shock,indonesia,USDC
153,0.8411824551107595,1267739556136.2085,214,S3_twin_shock,indonesia,USDC
154,0.8475201886711837,1236006935235.9702,214,S3_twin_shock,indonesia,USDC
155,0.8703716903072174,1205072051977.6436,214,S3_twin_shock,indonesia,USDC
156,0.852299656017882,1174920581785.7607,214,S3_twin_shock,indonesia,USDC
157,0.8224501953616076,1145522512703.8906,214,S3_twin_shock,indonesia,USDC
158,0.8084623969530285,1116857221855.2102,214,S3_twin_shock,indonesia,USDC
159,0.822036602890821,1088908608106.4834,214,S3_twin_shock,indonesia,USDC
160,0.8483969325054119,1061665555327.1182,214,S3_twin_shock,indonesia,USDC
161,0.8419949974384899,1035110314950.6974,214,S3_twin_shock,indonesia,USDC
162,0.8299737603536522,1009219914225.019,214,S3_twin_shock,indonesia,USDC
163,0.8463192746020017,983976764091.8809,214,S3_twin_shock,indonesia,USDC
164,0.8524870401095226,959367959941.1198,214,S3_twin_shock,indonesia,USDC
165,0.8552553072072547,935375759431.6946,214,S3_twin_shock,indonesia,USDC
166,0.8330959090974012,911984779166.1421,214,S3_twin_shock,indonesia,USDC
167,0.838586706260489,889177702043.469,214,S3_twin_shock,indonesia,USDC
168,0.7953138264717423,866942361582.1001,214,S3_twin_shock,indonesia,USDC
169,0.8043756641873799,845261691963.3318,214,S3_twin_shock,indonesia,USDC
170,0.8070355953240061,824124622054.2285,214,S3_twin_shock,indonesia,USDC
171,0.8367795793096309,803517263352.365,214,S3_twin_shock,indonesia,USDC
172,0.8436239420254303,783426417705.2067,214,S3_twin_shock,indonesia,USDC
173,0.8245393604274546,763838350876.9241,214,S3_twin_shock,indonesia,USDC
174,0.8024397710298613,744739852877.7979,214,S3_twin_shock,indonesia,USDC
175,0.8143614543832071,726118910794.8511,214,S3_twin_shock,indonesia,USDC
176,0.813950913770185,707964082622.3279,214,S3_twin_shock,indonesia,USDC
177,0.8120092171863252,690263300768.6111,214,S3_twin_shock,indonesia,USDC
178,0.802379440260926,673005319708.6318,214,S3_twin_shock,indonesia,USDC
179,0.8226061192719334,656178989322.9014,214,S3_twin_shock,indonesia,USDC
180,0.8072543555992734,639773634057.3801,214,S3_twin_shock,indonesia,USDC
181,0.798037490073095,623778458955.2969,214,S3_twin_shock,indonesia,USDC
182,0.8157911937657634,608183254733.1285,214,S3_twin_shock,indonesia,USDC
183,0.7830042287960596,592978119037.8687,214,S3_twin_shock,indonesia,USDC
184,0.7798230998451322,578153058042.1095,214,S3_twin_shock,indonesia,USDC
185,0.793809698863871,563698751975.0942,214,S3_twin_shock,indonesia,USDC
186,0.8097424357287639,549605922334.3519,214,S3_twin_shock,indonesia,USDC
187,0.8071248135425224,535865509230.50946,214,S3_twin_shock,indonesia,USDC
188,0.7972844190588136,522468629630.3867,214,S3_twin_shock,indonesia,USDC
189,0.8008055994902413,509406704737.38086,214,S3_twin_shock,indonesia,USDC
190,0.784085152840277,496671368023.2479,214,S3_twin_shock,indonesia,USDC
191,0.796759661583953,484254435724.08655,214,S3_twin_shock,indonesia,USDC
192,0.8036474391518555,472147959564.88965,214,S3_twin_shock,indonesia,USDC
193,0.8041165376576415,460344168909.8835,214,S3_twin_shock,indonesia,USDC
194,0.817583887182699,448835486752.9485,214,S3_twin_shock,indonesia,USDC
195,0.8084926878987794,437614541136.4973,214,S3_twin_shock,indonesia,USDC
196,0.7987904901378237,426674123861.3026,214,S3_twin_shock,indonesia,USDC
197,0.8087429471766674,416007223098.5519,214,S3_twin_shock,indonesia,USDC
198,0.8176785236627336,405607006200.5371,214,S3_twin_shock,indonesia,USDC
199,0.8159229009323629,395466802820.0295,214,S3_twin_shock,indonesia,USDC
200,0.7971157281315248,385580107915.61414,214,S3_twin_shock,indonesia,USDC
201,0.7943234338511871,375940581584.766,214,S3_twin_shock,indonesia,USDC
202,0.7978879461782966,366542047140.7075,214,S3_twin_shock,indonesia,USDC
203,0.8073499433479536,357378479529.3463,214,S3_twin_shock,indonesia,USDC
204,0.8096814561699546,348444004714.21686,214,S3_twin_shock,indonesia,USDC
205,0.8151591124889213,339732894208.45526,214,S3_twin_shock,indonesia,USDC
206,0.8173220384769473,331239563418.8756,214,S3_twin_shock,indonesia,USDC
207,0.8340024662274689,322958567314.52826,214,S3_twin_shock,indonesia,USDC
208,0.846722646038556,314884597933.2731,214,S3_twin_shock,indonesia,USDC
209,0.7296259484784915,307012478898.07074,214,S3_twin_shock,indonesia,USDC
210,0.7550932291845622,299337159581.4596,214,S3_twin_shock,indonesia,USDC
211,0.7501359542718856,291853725527.6752,214,S3_twin_shock,indonesia,USDC
212,0.7755090186554369,284557378585.47546,214,S3_twin_shock,indonesia,USDC
213,0.7763426517192986,277443441370.3949,214,S3_twin_shock,indonesia,USDC
214,0.7603231889506434,270507353221.83618,214,S3_twin_shock,indonesia,USDC
215,0.7677505100691258,263744667493.20306,214,S3_twin_shock,indonesia,USDC
216,0.751452530056721,257151049299.0458,214,S3_twin_shock,indonesia,USDC
217,0.7649730066528465,250722271851.0983,214,S3_twin_shock,indonesia,USDC
218,0.7688280633553826,244454214157.27863,214,S3_twin_shock,indonesia,USDC
219,0.7627899255991942,238342858098.2611,214,S3_twin_shock,indonesia,USDC
220,0.7633083003470316,232384286061.38672,214,S3_twin_shock,indonesia,USDC
221,0.8032624402530439,226574678444.30743,214,S3_twin_shock,indonesia,USDC
222,0.8259201980853852,220910311164.86172,214,S3_twin_shock,indonesia,USDC
223,0.8058432890303544,215387553167.07175,214,S3_twin_shock,indonesia,USDC
224,0.7984278918806655,210002864128.52386,214,S3_twin_shock,indonesia,USDC
225,0.7884073331586612,204752792329.76065,214,S3_twin_shock,indonesia,USDC
226,0.802133962337607,199633972354.69162,214,S3_twin_shock,indonesia,USDC
227,0.8159374997942398,194643122922.06534,214,S3_twin_shock,indonesia,USDC
228,0.7948930547614531,189777044756.5086,214,S3_twin_shock,indonesia,USDC
229,0.7807926134357612,185032618548.04532,214,S3_twin_shock,indonesia,USDC
230,0.7695312664340285,180406802999.0307,214,S3_twin_shock,indonesia,USDC
231,0.7881448598375809,175896632852.6937,214,S3_twin_shock,indonesia,USDC
232,0.810668444320428,171499216980.87408,214,S3_twin_shock,indonesia,USDC
233,0.803432890421265,167211736518.54053,214,S3_twin_shock,indonesia,USDC
234,0.794606004934644,163031443074.49042,214,S3_twin_shock,indonesia,USDC
235,0.7636571369103566,158955656969.07114,214,S3_twin_shock,indonesia,USDC
236,0.7880916458423223,154981765518.22443,214,S3_twin_shock,indonesia,USDC
237,0.7714296700408193,151107221360.71915,214,S3_twin_shock,indonesia,USDC
238,0.7737745826499202,147329540809.65637,214,S3_twin_shock,indonesia,USDC
239,0.7491005422202209,143646302276.16107,214,S3_twin_shock,indonesia,USDC
240,0.7705180664424036,140055144706.68445,214,S3_twin_shock,indonesia,USDC
241,0.7694113645706939,136553766080.36264,214,S3_twin_shock,indonesia,USDC
242,0.7649865563632923,133139921921.10666,214,S3_twin_shock,indonesia,USDC
243,0.7602788244327023,129811423867.20389,214,S3_twin_shock,indonesia,USDC
244,0.7619154980631172,126566138265.95895,214,S3_twin_shock,indonesia,USDC
245,0.7761962589394426,123401984805.66113,214,S3_twin_shock,indonesia,USDC
246,0.7943673114881958,120316935182.78064,214,S3_twin_shock,indonesia,USDC
247,0.7957149496394124,117309011801.34119,214,S3_twin_shock,indonesia,USDC
248,0.7940272485231392,114376286504.76846,214,S3_twin_shock,indonesia,USDC
249,0.8003019506336339,111516879340.77765,214,S3_twin_shock,indonesia,USDC
250,0.7971743108800399,108728957356.19803,214,S3_twin_shock,indonesia,USDC
251,0.8096940794021169,106010733421.43289,214,S3_twin_shock,indonesia,USDC
252,0.7902544248864654,103360465085.20657,214,S3_twin_shock,indonesia,USDC
253,0.7953541448194862,100776453457.45206,214,S3_twin_shock,indonesia,USDC
254,0.8367643646333008,98257042120.50464,214,S3_twin_shock,indonesia,USDC
255,0.8379422184461783,95800616067.17023,214,S3_twin_shock,indonesia,USDC
256,0.8381943963771324,93405600665.20767,214,S3_twin_shock,indonesia,USDC
257,0.8196994643846708,91070460648.33807,214,S3_twin_shock,indonesia,USDC
258,0.8229335229266053,88793699131.89198,214,S3_twin_shock,indonesia,USDC
259,0.8100484014602283,86573856653.3963,214,S3_twin_shock,indonesia,USDC
260,0.793197085185868,84409510236.86977,214,S3_twin_shock,indonesia,USDC
261,0.8024063675902414,82299272480.7781,214,S3_twin_shock,indonesia,USDC
262,0.7926898289425751,80241790668.62033,214,S3_twin_shock,indonesia,USDC
263,0.7597828425409684,78235745901.78598,214,S3_twin_shock,indonesia,USDC
264,0.7510357262017247,76279852254.12569,214,S3_twin_shock,indonesia,USDC
265,0.7799525758473522,74372855947.67972,214,S3_twin_shock,indonesia,USDC
266,0.776642077840977,72513534548.92332,214,S3_twin_shock,indonesia,USDC
267,0.784681544617951,70700696185.1463,214,S3_twin_shock,indonesia,USDC
268,0.7917990017980501,68933178780.47626,214,S3_twin_shock,indonesia,USDC
269,0.7851889974961892,67209849310.93216,214,S3_twin_shock,indonesia,USDC
270,0.7699462152788584,65529603078.13269,214,S3_twin_shock,indonesia,USDC
271,0.7868454197486912,63891363001.15577,214,S3_twin_shock,indonesia,USDC
272,0.8007796368458829,62294078926.10927,214,S3_twin_shock,indonesia,USDC
273,0.771812830813779,60736726952.94334,214,S3_twin_shock,indonesia,USDC
274,0.7754303363811497,59218308779.10773,214,S3_twin_shock,indonesia,USDC
275,0.7877060436066041,57737851059.62051,214,S3_twin_shock,indonesia,USDC
276,0.7931650510350031,56294404783.12261,214,S3_twin_shock,indonesia,USDC
277,0.7910403096952789,54887044663.53844,214,S3_twin_shock,indonesia,USDC
278,0.7957408784914736,53514868546.9451,214,S3_twin_shock,indonesia,USDC
279,0.7695071314209172,52176996833.26759,214,S3_twin_shock,indonesia,USDC
280,0.775713209358988,50872571912.432045,214,S3_twin_shock,indonesia,USDC
281,0.790573837035601,49600757614.618385,214,S3_twin_shock,indonesia,USDC
282,0.8087323049898343,48360738674.25072,214,S3_twin_shock,indonesia,USDC
283,0.8054282819631153,47151720207.39286,214,S3_twin_shock,indonesia,USDC
284,0.7949970387900246,45972927202.20671,214,S3_twin_shock,indonesia,USDC
285,0.776360197322228,44823604022.15036,214,S3_twin_shock,indonesia,USDC
286,0.760521624483116,43703013921.595474,214,S3_twin_shock,indonesia,USDC
287,0.7605067037646644,42610438573.554634,214,S3_twin_shock,indonesia,USDC
288,0.7675964083904026,41545177609.215004,214,S3_twin_shock,indonesia,USDC
289,0.7613613217814721,40506548168.984055,214,S3_twin_shock,indonesia,USDC
290,0.7743937081184857,39493884464.75898,214,S3_twin_shock,indonesia,USDC
291,0.7881383737730023,38506537353.13966,214,S3_twin_shock,indonesia,USDC
292,0.7893865380374455,37543873919.31092,214,S3_twin_shock,indonesia,USDC
293,0.7892446982274962,36605277071.32793,214,S3_twin_shock,indonesia,USDC
294,0.7804297920749916,35690145144.54457,214,S3_twin_shock,indonesia,USDC
295,0.7710122796282893,34797891515.93082,214,S3_twin_shock,indonesia,USDC
296,0.7751541324762197,33927944228.032417,214,S3_twin_shock,indonesia,USDC
297,0.7880169800555854,33079745622.33151,214,S3_twin_shock,indonesia,USDC
298,0.7979924081913049,32252751981.773144,214,S3_twin_shock,indonesia,USDC
299,0.8137402361110156,31446433182.22876,214,S3_twin_shock,indonesia,USDC
300,0.8162920291606174,30660272352.673,214,S3_twin_shock,indonesia,USDC
301,0.8256841496877424,29893765543.85614,214,S3_twin_shock,indonesia,USDC
302,0.8169676218120744,29146421405.259705,214,S3_twin_shock,indonesia,USDC
303,0.8093087690719196,28417760870.128193,214,S3_twin_shock,indonesia,USDC
304,0.7869085647864024,27707316848.37496,214,S3_twin_shock,indonesia,USDC
305,0.801806864005501,27014633927.165565,214,S3_twin_shock,indonesia,USDC
306,0.7602979002468518,26339268078.986412,214,S3_twin_shock,indonesia,USDC
307,0.770914511595196,25680786377.011734,214,S3_twin_shock,indonesia,USDC
308,0.7491500623818379,25038766717.586426,214,S3_twin_shock,indonesia,USDC
309,0.7881385650563729,24412797549.646755,214,S3_twin_shock,indonesia,USDC
310,0.7829329598933292,23802477610.90558,214,S3_twin_shock,indonesia,USDC
311,0.7571239202819983,23207415670.632935,214,S3_twin_shock,indonesia,USDC
312,0.7730848906449879,22627230278.867104,214,S3_twin_shock,indonesia,USDC
313,0.792629666112673,22061549521.895424,214,S3_twin_shock,indonesia,USDC
314,0.7754002103752633,21510010783.848038,214,S3_twin_shock,indonesia,USDC
315,0.7805688627044356,20972260514.25183,214,S3_twin_shock,indonesia,USDC
316,0.7762383841109611,20447954001.395535,214,S3_twin_shock,indonesia,USDC
317,0.755154433138936,19936755151.36064,214,S3_twin_shock,indonesia,USDC
318,0.7869416520919704,19438336272.576622,214,S3_twin_shock,indonesia,USDC
319,0.7804690386284333,18952377865.76221,214,S3_twin_shock,indonesia,USDC
320,0.7894040748879875,18478568419.118153,214,S3_twin_shock,indonesia,USDC
321,0.8150422449151767,18016604208.6402,214,S3_twin_shock,indonesia,USDC
322,0.8411096415172699,17566189103.424194,214,S3_twin_shock,indonesia,USDC
323,0.8334065833139999,17127034375.83859,214,S3_twin_shock,indonesia,USDC
324,0.8092069911265479,16698858516.442627,214,S3_twin_shock,indonesia,USDC
325,0.7937746532106493,16281387053.53156,214,S3_twin_shock,indonesia,USDC
326,0.7895236419223005,15874352377.193272,214,S3_twin_shock,indonesia,USDC
327,0.7661809697892964,15477493567.763441,214,S3_twin_shock,indonesia,USDC
328,0.776741569394836,15090556228.569355,214,S3_twin_shock,indonesia,USDC
329,0.799636450207383,14713292322.855122,214,S3_twin_shock,indonesia,USDC
330,0.8077261271611222,14345460014.783745,214,S3_twin_shock,indonesia,USDC
331,0.793864711556496,13986823514.414146,214,S3_twin_shock,indonesia,USDC
332,0.802923907763327,13637152926.553795,214,S3_twin_shock,indonesia,USDC
333,0.8170999403244595,13296224103.38995,214,S3_twin_shock,indonesia,USDC
334,0.8173263453747314,12963818500.8052,214,S3_twin_shock,indonesia,USDC
335,0.7876963133246973,12639723038.28507,214,S3_twin_shock,indonesia,USDC
336,0.7765910175557085,12323729962.327946,214,S3_twin_shock,indonesia,USDC
337,0.7887281745709327,12015636713.269745,214,S3_twin_shock,indonesia,USDC
338,0.7762432670570267,11715245795.438002,214,S3_twin_shock,indonesia,USDC
339,0.7754789428614783,11422364650.552052,214,S3_twin_shock,indonesia,USDC
340,0.7726536715648855,11136805534.28825,214,S3_twin_shock,indonesia,USDC
341,0.7723432945267603,10858385395.931044,214,S3_twin_shock,indonesia,USDC
342,0.7714504980770008,10586925761.032766,214,S3_twin_shock,indonesia,USDC
343,0.7559759869122091,10322252617.006947,214,S3_twin_shock,indonesia,USDC
344,0.7605997681817016,10064196301.581774,214,S3_twin_shock,indonesia,USDC
345,0.76024193671561,9812591394.042229,214,S3_twin_shock,indonesia,USDC
346,0.7578840576381155,9567276609.191174,214,S3_twin_shock,indonesia,USDC
347,0.760645906826196,9328094693.961393,214,S3_twin_shock,indonesia,USDC
348,0.7539982848098993,9094892326.61236,214,S3_twin_shock,indonesia,USDC
349,0.744020611935838,8867520018.44705,214,S3_twin_shock,indonesia,USDC
350,0.7395646041088225,8645832017.985874,214,S3_twin_shock,indonesia,USDC
351,0.747313515024565,8429686217.536228,214,S3_twin_shock,indonesia,USDC
352,0.7414949109419938,8218944062.097821,214,S3_twin_shock,indonesia,USDC
353,0.742397408442315,8013470460.545376,214,S3_twin_shock,indonesia,USDC
354,0.7674069401581155,7813133699.031742,214,S3_twin_shock,indonesia,USDC
355,0.7756975334961203,7617805356.555948,214,S3_twin_shock,indonesia,USDC
356,0.7527945451180917,7427360222.64205,214,S3_twin_shock,indonesia,USDC
357,0.7643178360138806,7241676217.075998,214,S3_twin_shock,indonesia,USDC
358,0.7530110879193761,7060634311.649098,214,S3_twin_shock,indonesia,USDC
359,0.7616477643589215,6884118453.857872,214,S3_twin_shock,indonesia,USDC
360,0.7505993713875095,6712015492.511424,214,S3_twin_shock,indonesia,USDC
361,0.7431521949408136,6544215105.198639,214,S3_twin_shock,indonesia,USDC
362,0.7458815882150618,6380609727.568672,214,S3_twin_shock,indonesia,USDC
363,0.7701118740639038,6221094484.379456,214,S3_twin_shock,indonesia,USDC
364,0.7739067634126942,6065567122.26997,214,S3_twin_shock,indonesia,USDC
365,0.7671041476534044,5913927944.213221,214,S3_twin_shock,indonesia,USDC
366,0.7720926418810692,5766079745.607889,214,S3_twin_shock,indonesia,USDC
367,0.7971067911066052,5621927751.967691,214,S3_twin_shock,indonesia,USDC
368,0.7902729705437034,5481379558.1685,214,S3_twin_shock,indonesia,USDC
369,0.7795627199482293,5344345069.214288,214,S3_twin_shock,indonesia,USDC
370,0.7835122672494856,5210736442.483931,214,S3_twin_shock,indonesia,USDC
371,0.7790334064119528,5080468031.421831,214,S3_twin_shock,indonesia,USDC
372,0.7883629817997093,4953456330.636286,214,S3_twin_shock,indonesia,USDC
373,0.7904784892128337,4829619922.370379,214,S3_twin_shock,indonesia,USDC
374,0.7602689727580052,4708879424.31112,214,S3_twin_shock,indonesia,USDC
375,0.7640501175549487,4591157438.7033415,214,S3_twin_shock,indonesia,USDC
376,0.7732775651479349,4476378502.735759,214,S3_twin_shock,indonesia,USDC
377,0.7708728631357981,4364469040.167364,214,S3_twin_shock,indonesia,USDC
378,0.7727698633959735,4255357314.1631804,214,S3_twin_shock,indonesia,USDC
379,0.7905220249600691,4148973381.309101,214,S3_twin_shock,indonesia,USDC
380,0.7744997801332146,4045249046.776374,214,S3_twin_shock,indonesia,USDC
381,0.7707866169491281,3944117820.606964,214,S3_twin_shock,indonesia,USDC
382,0.7727539381893013,3845514875.09179,214,S3_twin_shock,indonesia,USDC
383,0.7714489395015621,3749377003.2144957,214,S3_twin_shock,indonesia,USDC
384,0.7991947319083744,3655642578.1341333,214,S3_twin_shock,indonesia,USDC
385,0.8026618216025637,3564251513.6807795,214,S3_twin_shock,indonesia,USDC
386,0.8164813718307,3475145225.8387604,214,S3_twin_shock,indonesia,USDC
387,0.7982214764780984,3388266595.1927915,214,S3_twin_shock,indonesia,USDC
388,0.8033212337901223,3303559930.3129716,214,S3_twin_shock,indonesia,USDC
389,0.8060017186534946,3220970932.055147,214,S3_twin_shock,indonesia,USDC
390,0.8068333658224387,3140446658.7537684,214,S3_twin_shock,indonesia,USDC
391,0.7955584526934184,3061935492.2849245,214,S3_twin_shock,indonesia,USDC
392,0.7859319284959778,2985387104.9778013,214,S3_twin_shock,indonesia,USDC
393,0.8190018105304037,2910752427.3533564,214,S3_twin_shock,indonesia,USDC
394,0.8099048661864944,2837983616.6695223,214,S3_twin_shock,indonesia,USDC
395,0.8115145089186275,2767034026.2527847,214,S3_twin_shock,indonesia,USDC
396,0.8186552781968004,2697858175.5964646,214,S3_twin_shock,indonesia,USDC
397,0.8306895956299204,2630411721.206553,214,S3_twin_shock,indonesia,USDC
398,0.7949609376707132,2564651428.176389,214,S3_twin_shock,indonesia,USDC
399,0.7876168905392447,2500535142.471979,214,S3_twin_shock,indonesia,USDC
400,0.7982575347295543,2438021763.91018,214,S3_twin_shock,indonesia,USDC
401,0.7913862983828412,2377071219.8124256,214,S3_twin_shock,indonesia,USDC
402,0.8191392570217605,2317644439.317115,214,S3_twin_shock,indonesia,USDC
403,0.8233352705013907,2259703328.334187,214,S3_twin_shock,indonesia,USDC
404,0.8317378605144921,2203210745.1258326,214,S3_twin_shock,indonesia,USDC
405,0.8185484029393407,2148130476.4976864,214,S3_twin_shock,indonesia,USDC
406,0.8035331954549499,2094427214.5852442,214,S3_twin_shock,indonesia,USDC
407,0.8113987458349485,2042066534.220613,214,S3_twin_shock,indonesia,USDC
408,0.8290333577737595,1991014870.8650975,214,S3_twin_shock,indonesia,USDC
409,0.8225943702439776,1941239499.09347,214,S3_twin_shock,indonesia,USDC
410,0.8378523971025199,1892708511.6161337,214,S3_twin_shock,indonesia,USDC
411,0.8370609632068791,1845390798.8257303,214,S3_twin_shock,indonesia,USDC
412,0.8230042046226248,1799256028.855087,214,S3_twin_shock,indonesia,USDC
413,0.8203516521110219,1754274628.13371,214,S3_twin_shock,indonesia,USDC
414,0.8186489368785879,1710417762.430367,214,S3_twin_shock,indonesia,USDC
415,0.8181903663204071,1667657318.369608,214,S3_twin_shock,indonesia,USDC
416,0.8305922782877462,1625965885.4103677,214,S3_twin_shock,indonesia,USDC
417,0.8302852662740954,1585316738.2751083,214,S3_twin_shock,indonesia,USDC
418,0.8262340809275601,1545683819.8182306,214,S3_twin_shock,indonesia,USDC
419,0.8138328713123575,1507041724.322775,214,S3_twin_shock,indonesia,USDC
420,0.8164597626330214,1469365681.2147057,214,S3_twin_shock,indonesia,USDC
421,0.8220013231591172,1432631539.184338,214,S3_twin_shock,indonesia,USDC
422,0.8064992551967025,1396815750.7047296,214,S3_twin_shock,indonesia,USDC
423,0.8126306369569906,1361895356.9371114,214,S3_twin_shock,indonesia,USDC
424,0.8170523660970421,1327847973.0136833,214,S3_twin_shock,indonesia,USDC
425,0.7807868452803528,1294651773.6883414,214,S3_twin_shock,indonesia,USDC
426,0.7846384580746658,1262285479.3461328,214,S3_twin_shock,indonesia,USDC
427,0.7986780218040885,1230728342.3624797,214,S3_twin_shock,indonesia,USDC
428,0.817475693176106,1199960133.8034177,214,S3_twin_shock,indonesia,USDC
429,0.8090381054413066,1169961130.458332,214,S3_twin_shock,indonesia,USDC
430,0.7741300254513525,1140712102.1968737,214,S3_twin_shock,indonesia,USDC
431,0.78183206124076,1112194299.6419518,214,S3_twin_shock,indonesia,USDC
432,0.7767594515274648,1084389442.150903,214,S3_twin_shock,indonesia,USDC
433,0.7626858358848426,1057279706.0971304,214,S3_twin_shock,indonesia,USDC
434,0.77938770561232,1030847713.4447023,214,S3_twin_shock,indonesia,USDC
435,0.7598574849242595,1005076520.6085848,214,S3_twin_shock,indonesia,USDC
436,0.7833998164117959,979949607.5933702,214,S3_twin_shock,indonesia,USDC
437,0.7671734382800924,955450867.4035358,214,S3_twin_shock,indonesia,USDC
438,0.772298310258467,931564595.7184474,214,S3_twin_shock,indonesia,USDC
439,0.7969895384738043,908275480.8254864,214,S3_twin_shock,indonesia,USDC
440,0.797959710827885,885568593.8048491,214,S3_twin_shock,indonesia,USDC
441,0.796682220890963,863429378.959728,214,S3_twin_shock,indonesia,USDC
442,0.7914521150642336,841843644.4857347,214,S3_twin_shock,indonesia,USDC
443,0.7885480722830542,820797553.3735914,214,S3_twin_shock,indonesia,USDC
444,0.8282984420047542,800277614.5392516,214,S3_twin_shock,indonesia,USDC
445,0.8522009348836838,780270674.1757703,214,S3_twin_shock,indonesia,USDC
446,0.8390251289557458,760763907.3213761,214,S3_twin_shock,indonesia,USDC
447,0.8425839618256021,741744809.6383417,214,S3_twin_shock,indonesia,USDC
448,0.8687912157074262,723201189.3973831,214,S3_twin_shock,indonesia,USDC
449,0.8718831518066481,705121159.6624485,214,S3_twin_shock,indonesia,USDC
450,0.8526097785022906,687493130.6708874,214,S3_twin_shock,indonesia,USDC
451,0.8471725008730365,670305802.4041152,214,S3_twin_shock,indonesia,USDC
452,0.8511165570015014,653548157.3440123,214,S3_twin_shock,indonesia,USDC
453,0.8180131854421814,637209453.410412,214,S3_twin_shock,indonesia,USDC
454,0.8245599347115438,621279217.0751517,214,S3_twin_shock,indonesia,USDC
455,0.8117220510330428,605747236.6482729,214,S3_twin_shock,indonesia,USDC
456,0.7838322927876534,590603555.732066,214,S3_twin_shock,indonesia,USDC
457,0.8097057519254381,575838466.8387644,214,S3_twin_shock,indonesia,USDC
458,0.8212693427214559,561442505.1677953,214,S3_twin_shock,indonesia,USDC
459,0.8219814878084305,547406442.5386003,214,S3_twin_shock,indonesia,USDC
460,0.8363842031170244,533721281.47513545,214,S3_twin_shock,indonesia,USDC
461,0.8413653504838334,520378249.438257,214,S3_twin_shock,indonesia,USDC
462,0.8341744353316376,507368793.2023006,214,S3_twin_shock,indonesia,USDC
463,0.8330198035463784,494684573.37224305,214,S3_twin_shock,indonesia,USDC
464,0.8186557751540757,482317459.037937,214,S3_twin_shock,indonesia,USDC
465,0.8184824975419892,470259522.5619886,214,S3_twin_shock,indonesia,USDC
466,0.8177962284257887,458503034.4979389,214,S3_twin_shock,indonesia,USDC
467,0.8120053253225921,447040458.6354904,214,S3_twin_shock,indonesia,USDC
468,0.8382645633893334,435864447.1696031,214,S3_twin_shock,indonesia,USDC
469,0.835476368904439,424967835.990363,214,S3_twin_shock,indonesia,USDC
470,0.8064477245668286,414343640.090604,214,S3_twin_shock,indonesia,USDC
471,0.7946864787553768,403985049.08833885,214,S3_twin_shock,indonesia,USDC
472,0.7933506361093965,393885422.86113036,214,S3_twin_shock,indonesia,USDC
473,0.8029488164383336,384038287.28960216,214,S3_twin_shock,indonesia,USDC
474,0.8073506529154445,374437330.10736203,214,S3_twin_shock,indonesia,USDC
475,0.8141884634359466,365076396.85467803,214,S3_twin_shock,indonesia,USDC
476,0.805415476809369,355949486.93331105,214,S3_twin_shock,indonesia,USDC
477,0.7848104593714987,347050749.7599783,214,S3_twin_shock,indonesia,USDC
478,0.832937469055992,338374481.0159788,214,S3_twin_shock,indonesia,USDC
479,0.8235254466023862,329915118.99057937,214,S3_twin_shock,indonesia,USDC
480,0.8034869096811013,321667241.01581484,214,S3_twin_shock,indonesia,USDC
481,0.8054303678111255,313625559.9904195,214,S3_twin_shock,indonesia,USDC
482,0.8118479122749613,305784920.990659,214,S3_twin_shock,indonesia,USDC
483,0.8182526151790728,298140297.96589255,214,S3_twin_shock,indonesia,USDC
484,0.8423283470384845,290686790.5167452,214,S3_twin_shock,indonesia,USDC
485,0.8302934227444662,283419620.7538266,214,S3_twin_shock,indonesia,USDC
486,0.8055508353385352,276334130.23498094,214,S3_twin_shock,indonesia,USDC
487,0.8037400451167626,269425776.97910637,214,S3_twin_shock,indonesia,USDC
488,0.8072145565769695,262690132.55462873,214,S3_twin_shock,indonesia,USDC
489,0.7970755810123221,256122879.240763,214,S3_twin_shock,indonesia,USDC
490,0.8172194112636919,249719807.25974393,214,S3_twin_shock,indonesia,USDC
491,0.8198714974649852,243476812.07825032,214,S3_twin_shock,indonesia,USDC
492,0.8366786741876319,237389891.77629405,214,S3_twin_shock,indonesia,USDC
493,0.8005471661835027,231455144.48188674,214,S3_twin_shock,indonesia,USDC
494,0.7887611346307355,225668765.86983955,214,S3_twin_shock,indonesia,USDC
495,0.7771809791490656,220027046.72309357,214,S3_twin_shock,indonesia,USDC
496,0.780201218728924,214526370.55501622,214,S3_twin_shock,indonesia,USDC
497,0.7768293839938336,209163211.2911408,214,S3_twin_shock,indonesia,USDC
498,0.777430965771679,203934131.0088623,214,S3_twin_shock,indonesia,USDC
499,0.7874607686170951,198835777.73364073,214,S3_twin_shock,indonesia,USDC
500,0.7744812086996596,193864883.2902997,214,S3_twin_shock,indonesia,USDC
501,0.7957127589624523,189018261.2080422,214,S3_twin_shock,indonesia,USDC
502,0.7595133827714816,184292804.67784116,214,S3_twin_shock,indonesia,USDC
503,0.782432845837617,179685484.56089514,214,S3_twin_shock,indonesia,USDC
504,0.7607476965833614,175193347.44687277,214,S3_twin_shock,indonesia,USDC
505,0.752909856244892,170813513.76070094,214,S3_twin_shock,indonesia,USDC
506,0.7846236756730063,166543175.91668344,214,S3_twin_shock,indonesia,USDC
507,0.8120815788091719,162379596.51876634,214,S3_twin_shock,indonesia,USDC
508,0.7915675051987573,158320106.60579717,214,S3_twin_shock,indonesia,USDC
509,0.7720842613133679,154362103.94065225,214,S3_twin_shock,indonesia,USDC
510,0.7594976749982577,150503051.34213597,214,S3_twin_shock,indonesia,USDC
511,0.7501234056435016,146740475.05858254,214,S3_twin_shock,indonesia,USDC
512,0.7475340666398355,143071963.182118,214,S3_twin_shock,indonesia,USDC
513,0.7401687593381258,139495164.10256505,214,S3_twin_shock,indonesia,USDC
514,0.7413756353323783,136007785.00000092,214,S3_twin_shock,indonesia,USDC
515,0.7499149499603285,132607590.3750009,214,S3_twin_shock,indonesia,USDC
516,0.7762687131271786,129292400.61562586,214,S3_twin_shock,indonesia,USDC
517,0.759851521701679,126060090.60023522,214,S3_twin_shock,indonesia,USDC
518,0.772994015857722,122908588.33522934,214,S3_twin_shock,indonesia,USDC
519,0.7629670525866379,119835873.62684861,214,S3_twin_shock,indonesia,USDC
520,0.7770946157623126,116839976.7861774,214,S3_twin_shock,indonesia,USDC
521,0.7800426618078256,113918977.36652297,214,S3_twin_shock,indonesia,USDC
522,0.785522577537811,111071002.93235989,214,S3_twin_shock,indonesia,USDC
523,0.7660776861483867,108294227.8590509,214,S3_twin_shock,indonesia,USDC
524,0.7875541790239448,105586872.16257462,214,S3_twin_shock,indonesia,USDC
525,0.7811589441352944,102947200.35851026,214,S3_twin_shock,indonesia,USDC
526,0.7702453919215816,100373520.3495475,214,S3_twin_shock,indonesia,USDC
527,0.7917596359489565,97864182.34080882,214,S3_twin_shock,indonesia,USDC
528,0.7944609415150935,95417577.78228861,214,S3_twin_shock,indonesia,USDC
529,0.7795087170826601,93032138.33773139,214,S3_twin_shock,indonesia,USDC
530,0.7837530726573436,90706334.8792881,214,S3_twin_shock,indonesia,USDC
531,0.7605692599645887,88438676.5073059,214,S3_twin_shock,indonesia,USDC
532,0.7536439586135729,86227709.59462325,214,S3_twin_shock,indonesia,USDC
533,0.7492066166843832,84072016.85475767,214,S3_twin_shock,indonesia,USDC
534,0.7497117259681689,81970216.43338872,214,S3_twin_shock,indonesia,USDC
535,0.7439798537685932,79920961.02255401,214,S3_twin_shock,indonesia,USDC
536,0.743987001587436,77922936.99699014,214,S3_twin_shock,indonesia,USDC
537,0.7572038775391349,75974863.5720654,214,S3_twin_shock,indonesia,USDC
538,0.7482720867506416,74075491.98276377,214,S3_twin_shock,indonesia,USDC
539,0.7480277574549629,72223604.68319467,214,S3_twin_shock,indonesia,USDC
540,0.7378843802511584,70418014.5661148,214,S3_twin_shock,indonesia,USDC
541,0.7383280172878239,68657564.20196193,214,S3_twin_shock,indonesia,USDC
542,0.7170629570805294,66941125.09691288,214,S3_twin_shock,indonesia,USDC
543,0.7190199842237032,65267596.969490066,214,S3_twin_shock,indonesia,USDC
544,0.7379247613121711,63635907.04525281,214,S3_twin_shock,indonesia,USDC
545,0.7650012995488761,62045009.36912149,214,S3_twin_shock,indonesia,USDC
546,0.7761435484683771,60493884.134893455,214,S3_twin_shock,indonesia,USDC
547,0.7628080759519743,58981537.03152111,214,S3_twin_shock,indonesia,USDC
548,0.7795302482806737,57506998.6057331,214,S3_twin_shock,indonesia,USDC
549,0.7905978379333344,56069323.64058976,214,S3_twin_shock,indonesia,USDC
550,0.7875510204082825,54667590.549575016,214,S3_twin_shock,indonesia,USDC
551,0.7871696074053067,53300900.785835646,214,S3_twin_shock,indonesia,USDC
552,0.8020148362547833,51968378.266189754,214,S3_twin_shock,indonesia,USDC
553,0.8236828257071431,50669168.80953501,214,S3_twin_shock,indonesia,USDC
554,0.7930661543112579,49402439.58929664,214,S3_twin_shock,indonesia,USDC
555,0.7748194378590219,48167378.59956422,214,S3_twin_shock,indonesia,USDC
556,0.7989872328958498,46963194.13457511,214,S3_twin_shock,indonesia,USDC
557,0.7825127645920857,45789114.281210735,214,S3_twin_shock,indonesia,USDC
558,0.8019219608815092,44644386.42418046,214,S3_twin_shock,indonesia,USDC
559,0.8104616517023692,43528276.763575956,214,S3_twin_shock,indonesia,USDC
560,0.8036824134853686,42440069.84448655,214,S3_twin_shock,indonesia,USDC
561,0.7688631756430836,41379068.09837439,214,S3_twin_shock,indonesia,USDC
562,0.7889696671478211,40344591.39591503,214,S3_twin_shock,indonesia,USDC
563,0.7754823317654773,39335976.61101715,214,S3_twin_shock,indonesia,USDC
564,0.7639937375287882,38352577.19574172,214,S3_twin_shock,indonesia,USDC
565,0.75763074642853,37393762.76584818,214,S3_twin_shock,indonesia,USDC
566,0.7749743005592192,36458918.69670197,214,S3_twin_shock,indonesia,USDC
567,0.7624723826221678,35547445.72928443,214,S3_twin_shock,indonesia,USDC
568,0.7723239086766782,34658759.58605231,214,S3_twin_shock,indonesia,USDC
569,0.7779902044868714,33792290.596401006,214,S3_twin_shock,indonesia,USDC
570,0.7698008512873961,32947483.33149098,214,S3_twin_shock,indonesia,USDC
571,0.7926764209514863,32123796.248203706,214,S3_twin_shock,indonesia,USDC
572,0.7903679473930485,31320701.341998614,214,S3_twin_shock,indonesia,USDC
573,0.8006921818857459,30537683.808448654,214,S3_twin_shock,indonesia,USDC
574,0.7931942855984545,29774241.713237435,214,S3_twin_shock,indonesia,USDC
575,0.8109021479937178,29029885.670406498,214,S3_twin_shock,indonesia,USDC
576,0.8405058227977709,28304138.528646335,214,S3_twin_shock,indonesia,USDC
577,0.8313053367028541,27596535.065430176,214,S3_twin_shock,indonesia,USDC
578,0.8260310139229238,26906621.688794427,214,S3_twin_shock,indonesia,USDC
579,0.7872163925586738,26233956.146574564,214,S3_twin_shock,indonesia,USDC
580,0.7955915449437447,25578107.2429102,214,S3_twin_shock,indonesia,USDC
581,0.75750902397121,24938654.561837442,214,S3_twin_shock,indonesia,USDC
582,0.7684541309432223,24315188.19779151,214,S3_twin_shock,indonesia,USDC
583,0.7322828370075509,23707308.49284672,214,S3_twin_shock,indonesia,USDC
584,0.7433327524868187,23114625.780525554,214,S3_twin_shock,indonesia,USDC
585,0.7664991343246619,22536760.136012416,214,S3_twin_shock,indonesia,USDC
586,0.7525191534036221,21973341.132612105,214,S3_twin_shock,indonesia,USDC
587,0.7544145171533976,21424007.6042968,214,S3_twin_shock,indonesia,USDC
588,0.7632862687354451,20888407.41418938,214,S3_twin_shock,indonesia,USDC
589,0.7636866779204301,20366197.228834644,214,S3_twin_shock,indonesia,USDC
590,0.7750084234265296,19857042.29811378,214,S3_twin_shock,indonesia,USDC
591,0.7775324614481618,19360616.240660936,214,S3_twin_shock,indonesia,USDC
592,0.777493637181034,18876600.83464441,214,S3_twin_shock,indonesia,USDC
593,0.805438611627652,18404685.8137783,214,S3_twin_shock,indonesia,USDC
594,0.8284444621354526,17944568.668433845,214,S3_twin_shock,indonesia,USDC
595,0.817971076463048,17495954.451722994,214,S3_twin_shock,indonesia,USDC
596,0.8050929576637181,17058555.59042992,214,S3_twin_shock,indonesia,USDC
597,0.8013774447919256,16632091.700669173,214,S3_twin_shock,indonesia,USDC
598,0.7986143614704619,16216289.408152444,214,S3_twin_shock,indonesia,USDC
599,0.7969726842195277,15810882.172948632,214,S3_twin_shock,indonesia,USDC
600,0.8036037052250521,15415610.118624918,214,S3_twin_shock,indonesia,USDC
601,0.7922208003169762,15030219.865659293,214,S3_twin_shock,indonesia,USDC
602,0.8028715688844371,14654464.369017813,214,S3_twin_shock,indonesia,USDC
603,0.7968100111930858,14288102.759792369,214,S3_twin_shock,indonesia,USDC
604,0.7845689499165627,13930900.190797558,214,S3_twin_shock,indonesia,USDC
605,0.7764819560521796,13582627.68602762,214,S3_twin_shock,indonesia,USDC
606,0.768294405901104,13243061.99387693,214,S3_twin_shock,indonesia,USDC
607,0.7633980958567762,12911985.444030007,214,S3_twin_shock,indonesia,USDC
608,0.7763613075883347,12589185.807929257,214,S3_twin_shock,indonesia,USDC
609,0.7851156457733741,12274456.162731025,214,S3_twin_shock,indonesia,USDC
610,0.7816711046623994,11967594.75866275,214,S3_twin_shock,indonesia,USDC
611,0.7350372808968835,11668404.88969618,214,S3_twin_shock,indonesia,USDC
612,0.7308255934819902,11376694.767453777,214,S3_twin_shock,indonesia,USDC
613,0.6620891964775852,11092277.398267431,214,S3_twin_shock,indonesia,USDC
614,0.6537591220601467,10814970.463310745,214,S3_twin_shock,indonesia,USDC
615,0.6765847634130293,10544596.201727975,214,S3_twin_shock,indonesia,USDC
616,0.6847677373764925,10280981.296684777,214,S3_twin_shock,indonesia,USDC
617,0.7004227285925136,10023956.764267657,214,S3_twin_shock,indonesia,USDC
618,0.7014317820944359,9773357.845160967,214,S3_twin_shock,indonesia,USDC
619,0.7266128768196192,9529023.89903194,214,S3_twin_shock,indonesia,USDC
620,0.7329358761160205,9290798.301556144,214,S3_twin_shock,indonesia,USDC
621,0.7536841243956133,9058528.344017241,214,S3_twin_shock,indonesia,USDC
622,0.7564225773884501,8832065.13541681,214,S3_twin_shock,indonesia,USDC
623,0.7473573663188702,8611263.507031389,214,S3_twin_shock,indonesia,USDC
624,0.7591266109271343,8395981.919355605,214,S3_twin_shock,indonesia,USDC
625,0.7655851452327147,8186082.3713717135,214,S3_twin_shock,indonesia,USDC
626,0.7734971333191933,7981430.312087421,214,S3_twin_shock,indonesia,USDC
627,0.7736526939679498,7781894.554285235,214,S3_twin_shock,indonesia,USDC
628,0.7763480330913581,7587347.190428104,214,S3_twin_shock,indonesia,USDC
629,0.7640115009258495,7397663.510667401,214,S3_twin_shock,indonesia,USDC
630,0.7768245606566058,7212721.922900716,214,S3_twin_shock,indonesia,USDC
631,0.7796627717809174,7032403.874828198,214,S3_twin_shock,indonesia,USDC
632,0.759167410801835,6856593.7779574925,214,S3_twin_shock,indonesia,USDC
633,0.7851693110765761,6685178.9335085545,214,S3_twin_shock,indonesia,USDC
634,0.7891272495413065,6518049.460170841,214,S3_twin_shock,indonesia,USDC
635,0.8224911273717358,6355098.223666569,214,S3_twin_shock,indonesia,USDC
636,0.8032185773991389,6196220.768074906,214,S3_twin_shock,indonesia,USDC
637,0.7947767466628537,6041315.248873034,214,S3_twin_shock,indonesia,USDC
638,0.7772737735359629,5890282.367651207,214,S3_twin_shock,indonesia,USDC
639,0.754508109236948,5743025.308459927,214,S3_twin_shock,indonesia,USDC
640,0.7497696183593601,5599449.675748429,214,S3_twin_shock,indonesia,USDC
641,0.7186363541655894,5459463.433854719,214,S3_twin_shock,indonesia,USDC
642,0.7432774736141989,5322976.8480083505,214,S3_twin_shock,indonesia,USDC
643,0.7579666433053973,5189902.426808142,214,S3_twin_shock,indonesia,USDC
644,0.7469373965207409,5060154.866137939,214,S3_twin_shock,indonesia,USDC
645,0.740037916214217,4933650.99448449,214,S3_twin_shock,indonesia,USDC
646,0.7586165191374623,4810309.719622377,214,S3_twin_shock,indonesia,USDC
647,0.7544469782970993,4690051.976631818,214,S3_twin_shock,indonesia,USDC
648,0.7419826208221701,4572800.677216022,214,S3_twin_shock,indonesia,USDC
649,0.7383653270141801,4458480.660285622,214,S3_twin_shock,indonesia,USDC
650,0.7561633351303765,4347018.6437784815,214,S3_twin_shock,indonesia,USDC
651,0.7831975603632261,4238343.177684019,214,S3_twin_shock,indonesia,USDC
652,0.7843516514838219,4132384.5982419187,214,S3_twin_shock,indonesia,USDC
653,0.7839557962398268,4029074.9832858713,214,S3_twin_shock,indonesia,USDC
654,0.7688493865365964,3928348.108703724,214,S3_twin_shock,indonesia,USDC
655,0.7776399971219239,3830139.405986131,214,S3_twin_shock,indonesia,USDC
656,0.7599676982546161,3734385.9208364775,214,S3_twin_shock,indonesia,USDC
657,0.7100662166679688,3641026.2728155656,214,S3_twin_shock,indonesia,USDC
658,0.7240507874356634,3550000.6159951766,214,S3_twin_shock,indonesia,USDC
659,0.7214373940071979,3461250.6005952973,214,S3_twin_shock,indonesia,USDC
660,0.7553798692719941,3374719.3355804146,214,S3_twin_shock,indonesia,USDC
661,0.7548408187564364,3290351.3521909043,214,S3_twin_shock,indonesia,USDC
662,0.7707823674138363,3208092.568386132,214,S3_twin_shock,indonesia,USDC
663,0.776424410808124,3127890.2541764784,214,S3_twin_shock,indonesia,USDC
664,0.7987529537128211,3049692.997822067,214,S3_twin_shock,indonesia,USDC
665,0.7888340369455239,2973450.672876515,214,S3_twin_shock,indonesia,USDC
666,0.7951885874752039,2899114.406054602,214,S3_twin_shock,indonesia,USDC
667,0.7990147845260019,2826636.5459032366,214,S3_twin_shock,indonesia,USDC
668,0.8008840675714631,2755970.6322556557,214,S3_twin_shock,indonesia,USDC
669,0.796170525125028,2687071.3664492643,214,S3_twin_shock,indonesia,USDC
670,0.8136751039875767,2619894.582288033,214,S3_twin_shock,indonesia,USDC
671,0.8542183925467659,2554397.2177308323,214,S3_twin_shock,indonesia,USDC
672,0.8070747791327328,2490537.287287561,214,S3_twin_shock,indonesia,USDC
673,0.7890686445545855,2428273.855105372,214,S3_twin_shock,indonesia,USDC
674,0.800561238899823,2367567.008727738,214,S3_twin_shock,indonesia,USDC
675,0.7961461177336305,2308377.8335095444,214,S3_twin_shock,indonesia,USDC
676,0.7990671088684097,2250668.387671806,214,S3_twin_shock,indonesia,USDC
677,0.8078983830799755,2194401.677980011,214,S3_twin_shock,indonesia,USDC
678,0.8193775337747865,2139541.6360305105,214,S3_twin_shock,indonesia,USDC
679,0.7950590996452299,2086053.0951297479,214,S3_twin_shock,indonesia,USDC
680,0.8217652072912058,2033901.7677515042,214,S3_twin_shock,indonesia,USDC
681,0.717326175323048,1983054.2235577165,214,S3_twin_shock,indonesia,USDC
682,0.736585490179865,1933477.8679687737,214,S3_twin_shock,indonesia,USDC
683,0.7429531985182046,1885140.9212695542,214,S3_twin_shock,indonesia,USDC
684,0.7572750480893562,1838012.3982378154,214,S3_twin_shock,indonesia,USDC
685,0.7553841466767608,1792062.08828187,214,S3_twin_shock,indonesia,USDC
686,0.7556711082348329,1747260.5360748232,214,S3_twin_shock,indonesia,USDC
687,0.7532844942666812,1703579.0226729526,214,S3_twin_shock,indonesia,USDC
688,0.7902429311618226,1660989.5471061287,214,S3_twin_shock,indonesia,USDC
689,0.8026441264836108,1619464.8084284756,214,S3_twin_shock,indonesia,USDC
690,0.8044137613278476,1578978.1882177636,214,S3_twin_shock,indonesia,USDC
691,0.7886244078786553,1539503.7335123196,214,S3_twin_shock,indonesia,USDC
692,0.789452758940211,1501016.1401745114,214,S3_twin_shock,indonesia,USDC
693,0.8009685399152185,1463490.7366701486,214,S3_twin_shock,indonesia,USDC
694,0.8076923530756847,1426903.468253395,214,S3_twin_shock,indonesia,USDC
695,0.8273897578505799,1391230.88154706,214,S3_twin_shock,indonesia,USDC
696,0.8218758497423406,1356450.1095083836,214,S3_twin_shock,indonesia,USDC
697,0.7965786109500952,1322538.856770674,214,S3_twin_shock,indonesia,USDC
698,0.8108899539777269,1289475.385351407,214,S3_twin_shock,indonesia,USDC
699,0.8111808513878755,1257238.5007176218,214,S3_twin_shock,indonesia,USDC
700,0.824869690318046,1225807.5381996813,214,S3_twin_shock,indonesia,USDC
701,0.8224848587610325,1195162.3497446894,214,S3_twin_shock,indonesia,USDC
702,0.8105902567626048,1165283.2910010722,214,S3_twin_shock,indonesia,USDC
703,0.8151014212206225,1136151.2087260452,214,S3_twin_shock,indonesia,USDC
704,0.8205633721203142,1107747.428507894,214,S3_twin_shock,indonesia,USDC
705,0.8016377381294842,1080053.7427951968,214,S3_twin_shock,indonesia,USDC
706,0.8022081339751128,1053052.399225317,214,S3_twin_shock,indonesia,USDC
707,0.7749975351519762,1026726.0892446839,214,S3_twin_shock,indonesia,USDC
708,0.7650372387644327,1001057.9370135667,214,S3_twin_shock,indonesia,USDC
709,0.750206190714851,976031.4885882277,214,S3_twin_shock,indonesia,USDC
710,0.7723915258114386,951630.7013735219,214,S3_twin_shock,indonesia,USDC
711,0.7720671466892063,927839.933839184,214,S3_twin_shock,indonesia,USDC
712,0.7611847167001631,904643.9354932043,214,S3_twin_shock,indonesia,USDC
713,0.7658446540866651,882027.8371058742,214,S3_twin_shock,indonesia,USDC
714,0.7769212056069418,859977.1411782273,214,S3_twin_shock,indonesia,USDC
715,0.7752645218774291,838477.7126487716,214,S3_twin_shock,indonesia,USDC
716,0.7760865602239583,817515.7698325523,214,S3_twin_shock,indonesia,USDC
717,0.7801862387761116,797077.8755867386,214,S3_twin_shock,indonesia,USDC
718,0.7854505361676466,777150.9286970701,214,S3_twin_shock,indonesia,USDC
719,0.7764390520473964,757722.1554796433,214,S3_twin_shock,indonesia,USDC
720,0.7970793584197778,738779.1015926523,214,S3_twin_shock,indonesia,USDC
721,0.7861987580719743,720309.624052836,214,S3_twin_shock,indonesia,USDC
722,0.7642663690007488,702301.8834515151,214,S3_twin_shock,indonesia,USDC
723,0.7675060006919061,684744.3363652272,214,S3_twin_shock,indonesia,USDC
724,0.7612201569079523,667625.7279560965,214,S3_twin_shock,indonesia,USDC
725,0.7749651472137642,650935.0847571942,214,S3_twin_shock,indonesia,USDC
726,0.7704610191885337,634661.7076382643,214,S3_twin_shock,indonesia,USDC
727,0.7559230476493322,618795.1649473077,214,S3_twin_shock,indonesia,USDC
728,0.7530288209192316,603325.285823625,214,S3_twin_shock,indonesia,USDC
729,0.7591085332618,588242.1536780344,214,S3_twin_shock,indonesia,USDC
730,0.7816560619390468,573536.0998360836,214,S3_twin_shock,indonesia,USDC
731,0.772444273884208,559197.6973401814,214,S3_twin_shock,indonesia,USDC
732,0.7726217787574197,545217.754906677,214,S3_twin_shock,indonesia,USDC
733,0.7632465482130087,531587.31103401,214,S3_twin_shock,indonesia,USDC
734,0.7605651729563371,518297.62825815973,214,S3_twin_shock,indonesia,USDC
735,0.7586371216026391,505340.18755170575,214,S3_twin_shock,indonesia,USDC
736,0.7660207152284906,492706.6828629131,214,S3_twin_shock,indonesia,USDC
737,0.7570997376894786,480389.01579134027,214,S3_twin_shock,indonesia,USDC
738,0.7785893591408577,468379.2903965567,214,S3_twin_shock,indonesia,USDC
739,0.8110224181156129,456669.80813664285,214,S3_twin_shock,indonesia,USDC
740,0.8108803545195549,445253.0629332268,214,S3_twin_shock,indonesia,USDC
741,0.7951161528317264,434121.73635989614,214,S3_twin_shock,indonesia,USDC
742,0.8048870903067781,423268.69295089867,214,S3_twin_shock,indonesia,USDC
743,0.7962062060975573,412686.9756271262,214,S3_twin_shock,indonesia,USDC
744,0.7851714159757077,402369.80123644805,214,S3_twin_shock,indonesia,USDC
745,0.7857143049658077,392310.5562055369,214,S3_twin_shock,indonesia,USDC
746,0.785830538522635,382502.7923003984,214,S3_twin_shock,indonesia,USDC
747,0.8070769055636063,372940.22249288845,214,S3_twin_shock,indonesia,USDC
748,0.7877331957577571,363616.71693056624,214,S3_twin_shock,indonesia,USDC
749,0.7779949461399623,354526.2990073021,214,S3_twin_shock,indonesia,USDC
750,0.7718398556806307,345663.14153211954,214,S3_twin_shock,indonesia,USDC
751,0.7687544811586036,337021.56299381657,214,S3_twin_shock,indonesia,USDC
752,0.8006694802257744,328596.0239189711,214,S3_twin_shock,indonesia,USDC
753,0.7815471795780086,320381.1233209969,214,S3_twin_shock,indonesia,USDC
754,0.7808554386905713,312371.5952379719,214,S3_twin_shock,indonesia,USDC
755,0.7768051454660937,304562.3053570226,214,S3_twin_shock,indonesia,USDC
756,0.7659651413755966,296948.24772309704,214,S3_twin_shock,indonesia,USDC
757,0.7559343864151608,289524.5415300196,214,S3_twin_shock,indonesia,USDC
758,0.7596777874260391,282286.42799176916,214,S3_twin_shock,indonesia,USDC
759,0.790297483549667,275229.2672919749,214,S3_twin_shock,indonesia,USDC
760,0.8061631519178005,268348.5356096756,214,S3_twin_shock,indonesia,USDC
761,0.8171643964726585,261639.82221943367,214,S3_twin_shock,indonesia,USDC
762,0.8456885800440496,255098.82666394784,214,S3_twin_shock,indonesia,USDC
763,0.8521501049116657,248721.35599734914,214,S3_twin_shock,indonesia,USDC
764,0.8730994120436321,242503.32209741545,214,S3_twin_shock,indonesia,USDC
765,0.8214518650253168,236440.73904498003,214,S3_twin_shock,indonesia,USDC
766,0.8225807974456685,230529.72056885556,214,S3_twin_shock,indonesia,USDC
767,0.8311271313784746,224766.47755463416,214,S3_twin_shock,indonesia,USDC
768,0.8259454789979266,219147.31561576828,214,S3_twin_shock,indonesia,USDC
769,0.8334954553592199,213668.63272537407,214,S3_twin_shock,indonesia,USDC
770,0.832430639790365,208326.9169072397,214,S3_twin_shock,indonesia,USDC
771,0.871159444608761,203118.74398455874,214,S3_twin_shock,indonesia,USDC
772,0.8625247186710491,198040.77538494475,214,S3_twin_shock,indonesia,USDC
773,0.8607717290699182,193089.75600032118,214,S3_twin_shock,indonesia,USDC
774,0.8448580498998778,188262.51210031312,214,S3_twin_shock,indonesia,USDC
775,0.8271993999062394,183555.9492978053,214,S3_twin_shock,indonesia,USDC
776,0.8152049296053384,178967.05056536017,214,S3_twin_shock,indonesia,USDC
777,0.8415091814923489,174492.87430122617,214,S3_twin_shock,indonesia,USDC
778,0.8394546683326157,170130.55244369552,214,S3_twin_shock,indonesia,USDC
779,0.832822411009781,165877.28863260313,214,S3_twin_shock,indonesia,USDC
780,0.8280220405268092,161730.35641678804,214,S3_twin_shock,indonesia,USDC
781,0.8183389553423772,157687.09750636836,214,S3_twin_shock,indonesia,USDC
782,0.8113650727425793,153744.92006870915,214,S3_twin_shock,indonesia,USDC
783,0.803457276262843,149901.29706699142,214,S3_twin_shock,indonesia,USDC
784,0.7841253723911937,146153.7646403166,214,S3_twin_shock,indonesia,USDC
785,0.7999884538541169,142499.92052430872,214,S3_twin_shock,indonesia,USDC
786,0.8097796474460434,138937.42251120097,214,S3_twin_shock,indonesia,USDC
787,0.807966894061478,135463.98694842096,214,S3_twin_shock,indonesia,USDC
788,0.8237140991691587,132077.38727471043,214,S3_twin_shock,indonesia,USDC
789,0.8039686534700706,128775.45259284269,214,S3_twin_shock,indonesia,USDC
790,0.8070962288037721,125556.06627802161,214,S3_twin_shock,indonesia,USDC
791,0.7970615352756323,122417.16462107108,214,S3_twin_shock,indonesia,USDC
792,0.7756491230375187,119356.73550554429,214,S3_twin_shock,indonesia,USDC
793,0.781627586349596,116372.81711790568,214,S3_twin_shock,indonesia,USDC
794,0.7424021657238502,113463.49668995805,214,S3_twin_shock,indonesia,USDC
795,0.742872784039181,110626.90927270909,214,S3_twin_shock,indonesia,USDC
796,0.7324302856964306,107861.23654089138,214,S3_twin_shock,indonesia,USDC
797,0.743450371609281,105164.70562736908,214,S3_twin_shock,indonesia,USDC
798,0.7560139379072619,102535.58798668484,214,S3_twin_shock,indonesia,USDC
799,0.7568464413101184,99972.19828701773,214,S3_twin_shock,indonesia,USDC
800,0.7551597166522535,97472.89332984228,214,S3_twin_shock,indonesia,USDC
801,0.7616421725043998,95036.07099659623,214,S3_twin_shock,indonesia,USDC
802,0.7926171020674319,92660.16922168134,214,S3_twin_shock,indonesia,USDC
803,0.7874118354779227,90343.6649911393,214,S3_twin_shock,indonesia,USDC
804,0.7945740498591539,88085.07336636081,214,S3_twin_shock,indonesia,USDC
805,0.7810819530866556,85882.9465322018,214,S3_twin_shock,indonesia,USDC
806,0.7583317754144724,83735.87286889675,214,S3_twin_shock,indonesia,USDC
807,0.7795359510703564,81642.47604717434,214,S3_twin_shock,indonesia,USDC
808,0.7694049789888323,79601.41414599496,214,S3_twin_shock,indonesia,USDC
809,0.784775165057347,77611.3787923451,214,S3_twin_shock,indonesia,USDC
810,0.8187960693209608,75671.09432253646,214,S3_twin_shock,indonesia,USDC
811,0.77896430589918,73779.31696447305,214,S3_twin_shock,indonesia,USDC
812,0.760897075165648,71934.83404036122,214,S3_twin_shock,indonesia,USDC
813,0.7665030456065226,70136.46318935219,214,S3_twin_shock,indonesia,USDC
814,0.7095742822800812,68383.05160961839,214,S3_twin_shock,indonesia,USDC
815,0.7479740877471516,66673.47531937793,214,S3_twin_shock,indonesia,USDC
816,0.7481037649275468,65006.63843639349,214,S3_twin_shock,indonesia,USDC
817,0.7335448797150632,63381.47247548365,214,S3_twin_shock,indonesia,USDC
818,0.7345024807153888,61796.93566359657,214,S3_twin_shock,indonesia,USDC
819,0.7073908740789066,60252.01227200666,214,S3_twin_shock,indonesia,USDC
820,0.7205585977452307,58745.71196520649,214,S3_twin_shock,indonesia,USDC
821,0.6310252700657194,57277.069166076326,214,S3_twin_shock,indonesia,USDC
822,0.646094361185208,55845.14243692442,214,S3_twin_shock,indonesia,USDC
823,0.6702061731522032,54449.01387600131,214,S3_twin_shock,indonesia,USDC
824,0.7087796110805505,53087.78852910128,214,S3_twin_shock,indonesia,USDC
825,0.7038330773991646,51760.59381587374,214,S3_twin_shock,indonesia,USDC
826,0.7280249103129041,50466.5789704769,214,S3_twin_shock,indonesia,USDC
827,0.7570959296881011,49204.91449621497,214,S3_twin_shock,indonesia,USDC
828,0.7603286189933594,47974.7916338096,214,S3_twin_shock,indonesia,USDC
829,0.7685311973314609,46775.421842964366,214,S3_twin_shock,indonesia,USDC
830,0.7750558925048544,45606.03629689025,214,S3_twin_shock,indonesia,USDC
831,0.8093169625709055,44465.88538946799,214,S3_twin_shock,indonesia,USDC
832,0.8140298264274332,43354.238254731295,214,S3_twin_shock,indonesia,USDC
833,0.7890626257617789,42270.38229836301,214,S3_twin_shock,indonesia,USDC
834,0.7798464818166279,41213.622740903935,214,S3_twin_shock,indonesia,USDC
835,0.7980690827798218,40183.28217238134,214,S3_twin_shock,indonesia,USDC
836,0.784943812464967,39178.7001180718,214,S3_twin_shock,indonesia,USDC
837,0.7986910204882243,38199.23261512,214,S3_twin_shock,indonesia,USDC
838,0.7867346659412113,37244.25179974201,214,S3_twin_shock,indonesia,USDC
839,0.7756285576363,36313.145504748456,214,S3_twin_shock,indonesia,USDC
840,0.7977505444939972,35405.316867129746,214,S3_twin_shock,indonesia,USDC
841,0.7949741869748399,34520.1839454515,214,S3_twin_shock,indonesia,USDC
842,0.7939978015487783,33657.17934681522,214,S3_twin_shock,indonesia,USDC
843,0.7737804160226761,32815.74986314484,214,S3_twin_shock,indonesia,USDC
844,0.7664607459451185,31995.356116566218,214,S3_twin_shock,indonesia,USDC
845,0.7833772625518189,31195.472213652058,214,S3_twin_shock,indonesia,USDC
846,0.7690035763485664,30415.585408310755,214,S3_twin_shock,indonesia,USDC
847,0.7547740807754436,29655.19577310299,214,S3_twin_shock,indonesia,USDC
848,0.7587838823090751,28913.81587877542,214,S3_twin_shock,indonesia,USDC
849,0.7911183433819786,28190.97048180603,214,S3_twin_shock,indonesia,USDC
850,0.7861322427738135,27486.19621976088,214,S3_twin_shock,indonesia,USDC
851,0.8083816049782412,26799.041314266855,214,S3_twin_shock,indonesia,USDC
852,0.8261580694506856,26129.06528141019,214,S3_twin_shock,indonesia,USDC
853,0.8000282074954848,25475.83864937493,214,S3_twin_shock,indonesia,USDC
854,0.8039539796587145,24838.942683140554,214,S3_twin_shock,indonesia,USDC
855,0.7908249413052031,24217.969116062042,214,S3_twin_shock,indonesia,USDC
856,0.7968365978430194,23612.519888160492,214,S3_twin_shock,indonesia,USDC
857,0.8106814376092236,23022.206890956477,214,S3_twin_shock,indonesia,USDC
858,0.7986118431595245,22446.651718682566,214,S3_twin_shock,indonesia,USDC
859,0.804705927921062,21885.485425715502,214,S3_twin_shock,indonesia,USDC
860,0.7975080576956661,21338.348290072616,214,S3_twin_shock,indonesia,USDC
861,0.7907134971927595,20804.8895828208,214,S3_twin_shock,indonesia,USDC
862,0.8093408713258355,20284.767343250278,214,S3_twin_shock,indonesia,USDC
863,0.8088935284192247,19777.648159669025,214,S3_twin_shock,indonesia,USDC
864,0.8034198817529148,19283.2069556773,214,S3_twin_shock,indonesia,USDC
865,0.8179660213998963,18801.126781785366,214,S3_twin_shock,indonesia,USDC
866,0.7972299174112599,18331.098612240734,214,S3_twin_shock,indonesia,USDC
867,0.7812674918244297,17872.821146934715,214,S3_twin_shock,indonesia,USDC
868,0.7769479589144855,17426.000618261343,214,S3_twin_shock,indonesia,USDC
869,0.790478043661543,16990.35060280481,214,S3_twin_shock,indonesia,USDC
870,0.7998159613911844,16565.59183773469,214,S3_twin_shock,indonesia,USDC
871,0.7208547659383666,16151.452041791323,214,S3_twin_shock,indonesia,USDC
872,0.7494759672804668,15747.665740746539,214,S3_twin_shock,indonesia,USDC
873,0.7430557451922467,15353.974097227876,214,S3_twin_shock,indonesia,USDC
874,0.7644802918316823,14970.124744797178,214,S3_twin_shock,indonesia,USDC
875,0.7815151980802486,14595.87162617725,214,S3_twin_shock,indonesia,USDC
876,0.8056509163384135,14230.974835522818,214,S3_twin_shock,indonesia,USDC
877,0.8139120817506568,13875.200464634749,214,S3_twin_shock,indonesia,USDC
878,0.7913764406069218,13528.320453018881,214,S3_twin_shock,indonesia,USDC
879,0.7823879070427545,13190.112441693407,214,S3_twin_shock,indonesia,USDC
880,0.7895731099447362,12860.359630651074,214,S3_twin_shock,indonesia,USDC
881,0.79265031842911,12538.850639884797,214,S3_twin_shock,indonesia,USDC
882,0.7973706686938945,12225.379373887676,214,S3_twin_shock,indonesia,USDC
883,0.825163757322487,11919.744889540483,214,S3_twin_shock,indonesia,USDC
884,0.8297996611986984,11621.75126730197,214,S3_twin_shock,indonesia,USDC
885,0.8226549138685976,11331.207485619423,214,S3_twin_shock,indonesia,USDC
886,0.7907776045761069,11047.927298478937,214,S3_twin_shock,indonesia,USDC
887,0.8115746942641868,10771.729116016963,214,S3_twin_shock,indonesia,USDC
888,0.8204417815047824,10502.435888116539,214,S3_twin_shock,indonesia,USDC
889,0.8246114643498675,10239.874990913628,214,S3_twin_shock,indonesia,USDC
890,0.808597617261442,9983.878116140786,214,S3_twin_shock,indonesia,USDC
891,0.7839277569480059,9734.281163237265,214,S3_twin_shock,indonesia,USDC
892,0.7640423420340537,9490.924134156336,214,S3_twin_shock,indonesia,USDC
893,0.7616304299366881,9253.651030802426,214,S3_twin_shock,indonesia,USDC
894,0.7839007656784945,9022.309755032366,214,S3_twin_shock,indonesia,USDC
895,0.767635382186095,8796.752011156555,214,S3_twin_shock,indonesia,USDC
896,0.8007483992183175,8576.833210877641,214,S3_twin_shock,indonesia,USDC
897,0.8091540395836764,8362.4123806057,214,S3_twin_shock,indonesia,USDC
898,0.801196897992404,8153.352071090558,214,S3_twin_shock,indonesia,USDC
899,0.7968637297757495,7949.518269313294,214,S3_twin_shock,indonesia,USDC
900,0.800032381944954,7750.780312580462,214,S3_twin_shock,indonesia,USDC
901,0.793199744140317,7557.0108047659505,214,S3_twin_shock,indonesia,USDC
902,0.8004789088459916,7368.0855346468015,214,S3_twin_shock,indonesia,USDC
903,0.7963143622093316,7183.883396280632,214,S3_twin_shock,indonesia,USDC
904,0.7888236540999238,7004.286311373617,214,S3_twin_shock,indonesia,USDC
905,0.8000162566956905,6829.179153589275,214,S3_twin_shock,indonesia,USDC
906,0.8117086865108599,6658.449674749543,214,S3_twin_shock,indonesia,USDC
907,0.7885899085520657,6491.988432880806,214,S3_twin_shock,indonesia,USDC
908,0.7960219026770698,6329.688722058785,214,S3_twin_shock,indonesia,USDC
909,0.7897044461797449,6171.4465040073155,214,S3_twin_shock,indonesia,USDC
910,0.7773579307978207,6017.160341407131,214,S3_twin_shock,indonesia,USDC
911,0.7661049026189622,5866.731332871954,214,S3_twin_shock,indonesia,USDC
912,0.6990054991672534,5720.063049550155,214,S3_twin_shock,indonesia,USDC
913,0.7107102101131086,5577.061473311401,214,S3_twin_shock,indonesia,USDC
914,0.7085070632093421,5437.634936478615,214,S3_twin_shock,indonesia,USDC
915,0.7237411507271183,5301.69406306665,214,S3_twin_shock,indonesia,USDC
916,0.7299678752800597,5169.151711489983,214,S3_twin_shock,indonesia,USDC
917,0.7152741977967018,5039.922918702734,214,S3_twin_shock,indonesia,USDC
918,0.7099318444737215,4913.924845735166,214,S3_twin_shock,indonesia,USDC
919,0.7054745518736887,4791.076724591787,214,S3_twin_shock,indonesia,USDC
920,0.716061617951158,4671.299806476993,214,S3_twin_shock,indonesia,USDC
921,0.730990458415253,4554.517311315068,214,S3_twin_shock,indonesia,USDC
922,0.7257972139339374,4440.65437853219,214,S3_twin_shock,indonesia,USDC
923,0.7600542740001143,4329.638019068886,214,S3_twin_shock,indonesia,USDC
924,0.7531803261971199,4221.397068592163,214,S3_twin_shock,indonesia,USDC
925,0.7453110064434163,4115.862141877359,214,S3_twin_shock,indonesia,USDC
926,0.7679529309386792,4012.965588330425,214,S3_twin_shock,indonesia,USDC
927,0.7881250493507607,3912.6414486221647,214,S3_twin_shock,indonesia,USDC
928,0.7768074409553561,3814.8254124066107,214,S3_twin_shock,indonesia,USDC
929,0.7952140763643581,3719.4547770964455,214,S3_twin_shock,indonesia,USDC
930,0.802544879525854,3626.4684076690346,214,S3_twin_shock,indonesia,USDC
931,0.8246155147779053,3535.8066974773083,214,S3_twin_shock,indonesia,USDC
932,0.819913679363823,3447.4115300403755,214,S3_twin_shock,indonesia,USDC
933,0.8199833705565152,3361.226241789366,214,S3_twin_shock,indonesia,USDC
934,0.8246744400971694,3277.195585744632,214,S3_twin_shock,indonesia,USDC
935,0.8003749853918889,3195.2656961010166,214,S3_twin_shock,indonesia,USDC
936,0.7852602913024577,3115.384053698491,214,S3_twin_shock,indonesia,USDC
937,0.8098127361926003,3037.499452356029,214,S3_twin_shock,indonesia,USDC
938,0.8218576371055683,2961.561966047128,214,S3_twin_shock,indonesia,USDC
939,0.8266215063381788,2887.5229168959495,214,S3_twin_shock,indonesia,USDC
940,0.8383547304040401,2815.334843973551,214,S3_twin_shock,indonesia,USDC
941,0.8329515950138123,2744.9514728742124,214,S3_twin_shock,indonesia,USDC
942,0.8044928817600685,2676.327686052357,214,S3_twin_shock,indonesia,USDC
943,0.8037107072981552,2609.419493901048,214,S3_twin_shock,indonesia,USDC
944,0.7876380710148297,2544.1840065535216,214,S3_twin_shock,indonesia,USDC
945,0.7992071970085675,2480.5794063896838,214,S3_twin_shock,indonesia,USDC
946,0.7888792872323173,2418.564921229942,214,S3_twin_shock,indonesia,USDC
947,0.8158702542947858,2358.1007981991934,214,S3_twin_shock,indonesia,USDC
948,0.8109907143922397,2299.1482782442135,214,S3_twin_shock,indonesia,USDC
949,0.8163166099864964,2241.669571288108,214,S3_twin_shock,indonesia,USDC
950,0.8334625296292973,2185.6278320059055,214,S3_twin_shock,indonesia,USDC
951,0.8320789116747133,2130.9871362057575,214,S3_twin_shock,indonesia,USDC
952,0.8286743534521156,2077.7124578006137,214,S3_twin_shock,indonesia,USDC
953,0.848336565610118,2025.7696463555983,214,S3_twin_shock,indonesia,USDC
954,0.8309855184732211,1975.125405196708,214,S3_twin_shock,indonesia,USDC
955,0.8015748369788854,1925.7472700667906,214,S3_twin_shock,indonesia,USDC
956,0.799633381685564,1877.6035883151208,214,S3_twin_shock,indonesia,USDC
957,0.7775787450836261,1830.6634986072427,214,S3_twin_shock,indonesia,USDC
958,0.7838441680660573,1784.8969111420618,214,S3_twin_shock,indonesia,USDC
959,0.7783224172516118,1740.2744883635105,214,S3_twin_shock,indonesia,USDC
960,0.7782030534404609,1696.7676261544227,214,S3_twin_shock,indonesia,USDC
961,0.7886511449784799,1654.348435500562,214,S3_twin_shock,indonesia,USDC
962,0.8022372738698151,1612.989724613048,214,S3_twin_shock,indonesia,USDC
963,0.8093593057409963,1572.6649814977218,214,S3_twin_shock,indonesia,USDC
964,0.7979793331744721,1533.3483569602786,214,S3_twin_shock,indonesia,USDC
965,0.788781540599199,1495.0146480362716,214,S3_twin_shock,indonesia,USDC
966,0.7860976865993858,1457.639281835365,214,S3_twin_shock,indonesia,USDC
967,0.770844912012834,1421.1982997894806,214,S3_twin_shock,indonesia,USDC
968,0.7553196883326891,1385.6683422947438,214,S3_twin_shock,indonesia,USDC
969,0.7628749257138645,1351.026633737375,214,S3_twin_shock,indonesia,USDC
970,0.7788833896228706,1317.2509678939407,214,S3_twin_shock,indonesia,USDC
971,0.7649324093076023,1284.3196936965921,214,S3_twin_shock,indonesia,USDC
972,0.7553002138439421,1252.2117013541774,214,S3_twin_shock,indonesia,USDC
973,0.7567638916491204,1220.906408820323,214,S3_twin_shock,indonesia,USDC
974,0.755880209412634,1190.383748599815,214,S3_twin_shock,indonesia,USDC
975,0.7786464332206123,1160.6241548848195,214,S3_twin_shock,indonesia,USDC
976,0.779736169454507,1131.608551012699,214,S3_twin_shock,indonesia,USDC
977,0.7978847327516765,1103.3183372373815,214,S3_twin_shock,indonesia,USDC
978,0.8018673606147014,1075.735378806447,214,S3_twin_shock,indonesia,USDC
979,0.8145687634675356,1048.8419943362858,214,S3_twin_shock,indonesia,USDC
980,0.8329930526884266,1022.6209444778787,214,S3_twin_shock,indonesia,USDC
981,0.8450427903398364,997.0554208659316,214,S3_twin_shock,indonesia,USDC
982,0.8164372742682904,972.1290353442835,214,S3_twin_shock,indonesia,USDC
983,0.8188129753285491,947.8258094606763,214,S3_twin_shock,indonesia,USDC
984,0.8260696870173727,924.1301642241594,214,S3_twin_shock,indonesia,USDC
985,0.7974986391721942,901.0269101185554,214,S3_twin_shock,indonesia,USDC
986,0.7861158640827012,878.5012373655916,214,S3_twin_shock,indonesia,USDC
987,0.7599557453543789,856.5387064314518,214,S3_twin_shock,indonesia,USDC
988,0.744695480385052,835.1252387706655,214,S3_twin_shock,indonesia,USDC
989,0.746118495877112,814.2471078013987,214,S3_twin_shock,indonesia,USDC
990,0.7662122627830136,793.8909301063638,214,S3_twin_shock,indonesia,USDC
991,0.7868890702817221,774.0436568537046,214,S3_twin_shock,indonesia,USDC
992,0.7815408204451441,754.692565432362,214,S3_twin_shock,indonesia,USDC
993,0.768258451153098,735.825251296553,214,S3_twin_shock,indonesia,USDC
994,0.7564143229725977,717.4296200141391,214,S3_twin_shock,indonesia,USDC
995,0.7772544125978996,699.4938795137857,214,S3_twin_shock,indonesia,USDC
996,0.7768753418706907,682.0065325259411,214,S3_twin_shock,indonesia,USDC
997,0.7814509789054858,664.9563692127925,214,S3_twin_shock,indonesia,USDC
998,0.7600235610079571,648.3324599824726,214,S3_twin_shock,indonesia,USDC
999,0.7572794796346828,632.1241484829109,214,S3_twin_shock,indonesia,USDC
1000,0.7981389018021905,616.3210447708382,214,S3_twin_shock,indonesia,USDC
