Step,price,liquidity,iteration,scenario,region,coin
1,1.003956381936762,2989985509299.8076,410,S3_twin_shock,indonesia,USDC
2,1.0084950694315662,2989985509299.8076,410,S3_twin_shock,indonesia,USDC
3,1.0371133400720403,2989985509299.8076,410,S3_twin_shock,indonesia,USDC
4,1.0617678417396752,2989985509299.8076,410,S3_twin_shock,indonesia,USDC
5,1.0759120559292403,2989985509299.8076,410,S3_twin_shock,indonesia,USDC
6,1.0773287735025256,2989985509299.8076,410,S3_twin_shock,indonesia,USDC
7,1.0776255166796833,2989985509299.8076,410,S3_twin_shock,indonesia,USDC
8,1.083160103808676,2989985509299.8076,410,S3_twin_shock,indonesia,USDC
9,1.0629503244753884,2989985509299.8076,410,S3_twin_shock,indonesia,USDC
10,1.0760897974497785,2989985509299.8076,410,S3_twin_shock,indonesia,USDC
11,1.1027736398857384,2989985509299.8076,410,S3_twin_shock,indonesia,USDC
12,1.1284227354056506,2989985509299.8076,410,S3_twin_shock,indonesia,USDC
13,1.1060525537678685,2989985509299.8076,410,S3_twin_shock,indonesia,USDC
14,1.0518217802730385,2989985509299.8076,410,S3_twin_shock,indonesia,USDC
15,1.0433458542297858,2989985509299.8076,410,S3_twin_shock,indonesia,USDC
16,1.005389313241816,2989985509299.8076,410,S3_twin_shock,indonesia,USDC
17,1.0221752780822726,2989985509299.8076,410,S3_twin_shock,indonesia,USDC
18,1.0117272626037543,2989985509299.8076,410,S3_twin_shock,indonesia,USDC
19,1.0244652176937763,2989985509299.8076,410,S3_twin_shock,indonesia,USDC
20,1.017817431021018,2989985509299.8076,410,S3_twin_shock,indonesia,USDC
21,1.026539911134882,2989985509299.8076,410,S3_twin_shock,indonesia,USDC
22,1.0461093369090897,2989985509299.8076,410,S3_twin_shock,indonesia,USDC
23,1.0152938417412636,2989985509299.8076,410,S3_twin_shock,indonesia,USDC
24,1.0168488953886519,2989985509299.8076,410,S3_twin_shock,indonesia,USDC
25,1.022165337784004,2989985509299.8076,410,S3_twin_shock,indonesia,USDC
26,1.0430281151807255,2989985509299.8076,410,S3_twin_shock,indonesia,USDC
27,1.046282820143847,2989985509299.8076,410,S3_twin_shock,indonesia,USDC
28,1.0263871366306545,2989985509299.8076,410,S3_twin_shock,indonesia,USDC
29,1.0117649935579571,2989985509299.8076,410,S3_twin_shock,indonesia,USDC
30,0.990587103872555,2989985509299.8076,410,S3_twin_shock,indonesia,USDC
31,1.0095908732112395,2989985509299.8076,410,S3_twin_shock,indonesia,USDC
32,0.9973963809087381,2989985509299.8076,410,S3_twin_shock,indonesia,USDC
33,1.0083941827603344,2989985509299.8076,410,S3_twin_shock,indonesia,USDC
34,1.0017274758786194,2989985509299.8076,410,S3_twin_shock,indonesia,USDC
35,1.0092529297713693,2989985509299.8076,410,S3_twin_shock,indonesia,USDC
36,1.0272724111303875,2989985509299.8076,410,S3_twin_shock,indonesia,USDC
37,1.0312759029837009,2989985509299.8076,410,S3_twin_shock,indonesia,USDC
38,1.0360934956414378,2989985509299.8076,410,S3_twin_shock,indonesia,USDC
39,1.015614577212393,2989985509299.8076,410,S3_twin_shock,indonesia,USDC
40,1.0000942217846853,2989985509299.8076,410,S3_twin_shock,indonesia,USDC
41,0.990656041114244,2989985509299.8076,410,S3_twin_shock,indonesia,USDC
42,0.9613973082574072,2989985509299.8076,410,S3_twin_shock,indonesia,USDC
43,0.9791282890013265,2989453384037.3794,410,S3_twin_shock,indonesia,USDC
44,0.9716758848359395,2989453384037.3794,410,S3_twin_shock,indonesia,USDC
45,0.9419165695714832,2989453384037.3794,410,S3_twin_shock,indonesia,USDC
46,0.9789538135150341,2987731670714.777,410,S3_twin_shock,indonesia,USDC
47,0.9839763063959911,2987731670714.777,410,S3_twin_shock,indonesia,USDC
48,1.0084432639462737,2987731670714.777,410,S3_twin_shock,indonesia,USDC
49,1.020571802878097,2987731670714.777,410,S3_twin_shock,indonesia,USDC
50,1.0090116996164917,2987731670714.777,410,S3_twin_shock,indonesia,USDC
51,1.039441647266865,2987731670714.777,410,S3_twin_shock,indonesia,USDC
52,1.0737343918820876,2987731670714.777,410,S3_twin_shock,indonesia,USDC
53,1.037400398903661,2987731670714.777,410,S3_twin_shock,indonesia,USDC
54,1.024678274135331,2987731670714.777,410,S3_twin_shock,indonesia,USDC
55,1.0151034103148908,2987731670714.777,410,S3_twin_shock,indonesia,USDC
56,0.9902961148928763,2987731670714.777,410,S3_twin_shock,indonesia,USDC
57,0.9845772710979223,2987731670714.777,410,S3_twin_shock,indonesia,USDC
58,0.9667377873215593,2987731670714.777,410,S3_twin_shock,indonesia,USDC
59,1.0109584563267122,2987570845182.56,410,S3_twin_shock,indonesia,USDC
60,1.0418456476553148,2987570845182.56,410,S3_twin_shock,indonesia,USDC
61,1.0743410773937876,2987570845182.56,410,S3_twin_shock,indonesia,USDC
62,1.090122759081861,2987570845182.56,410,S3_twin_shock,indonesia,USDC
63,1.0706418220729992,2987570845182.56,410,S3_twin_shock,indonesia,USDC
64,1.0694819840394767,2987570845182.56,410,S3_twin_shock,indonesia,USDC
65,1.0582665707538104,2987570845182.56,410,S3_twin_shock,indonesia,USDC
66,1.0812501881031482,2987570845182.56,410,S3_twin_shock,indonesia,USDC
67,1.1023211616659845,2987570845182.56,410,S3_twin_shock,indonesia,USDC
68,1.117356577401723,2987570845182.56,410,S3_twin_shock,indonesia,USDC
69,1.1130163770881851,2987570845182.56,410,S3_twin_shock,indonesia,USDC
70,1.0853883161775781,2987570845182.56,410,S3_twin_shock,indonesia,USDC
71,0.9092033099371163,2987570845182.56,410,S3_twin_shock,indonesia,USDC
72,0.9319639690112553,2984177234722.4033,410,S3_twin_shock,indonesia,USDC
73,0.9500366512858242,2982105256891.9424,410,S3_twin_shock,indonesia,USDC
74,0.9589204707341314,2981032592256.812,410,S3_twin_shock,indonesia,USDC
75,0.9770633206888752,2980545356917.872,410,S3_twin_shock,indonesia,USDC
76,0.97418295517875,2980545356917.872,410,S3_twin_shock,indonesia,USDC
77,0.9633711708161898,2980545356917.872,410,S3_twin_shock,indonesia,USDC
78,0.9660767346992827,2980199838780.326,410,S3_twin_shock,indonesia,USDC
79,0.9627971115146039,2979996741732.4395,410,S3_twin_shock,indonesia,USDC
80,0.9745990124946232,2979715239395.2163,410,S3_twin_shock,indonesia,USDC
81,0.989532393451298,2979715239395.2163,410,S3_twin_shock,indonesia,USDC
82,1.0186595813291008,2979715239395.2163,410,S3_twin_shock,indonesia,USDC
83,1.0340756436596463,2979715239395.2163,410,S3_twin_shock,indonesia,USDC
84,1.0362561298726212,2979715239395.2163,410,S3_twin_shock,indonesia,USDC
85,1.043768564188788,2979715239395.2163,410,S3_twin_shock,indonesia,USDC
86,1.0132554177414739,2979715239395.2163,410,S3_twin_shock,indonesia,USDC
87,1.0147208050355554,2979715239395.2163,410,S3_twin_shock,indonesia,USDC
88,0.9960661446382937,2979715239395.2163,410,S3_twin_shock,indonesia,USDC
89,0.9856297583733731,2979715239395.2163,410,S3_twin_shock,indonesia,USDC
90,0.9789955615278652,2979715239395.2163,410,S3_twin_shock,indonesia,USDC
91,0.9732445128657684,2979715239395.2163,410,S3_twin_shock,indonesia,USDC
92,0.9499029478435072,2979715239395.2163,410,S3_twin_shock,indonesia,USDC
93,0.9222486828558876,2978813326678.371,410,S3_twin_shock,indonesia,USDC
94,0.9221777396953719,2976474806222.8916,410,S3_twin_shock,indonesia,USDC
95,0.9297224362704798,2974369313284.223,410,S3_twin_shock,indonesia,USDC
96,0.9060973295797881,2972687135745.164,410,S3_twin_shock,indonesia,USDC
97,0.9029986258557489,2969873993517.18,410,S3_twin_shock,indonesia,USDC
98,0.8965787287570209,2967318198294.485,410,S3_twin_shock,indonesia,USDC
99,0.9131005784746824,2964492411196.6416,410,S3_twin_shock,indonesia,USDC
100,0.9536506484028702,2962571262407.8687,410,S3_twin_shock,indonesia,USDC
101,0.8019444264219797,2962073835736.798,410,S3_twin_shock,indonesia,USDC
102,0.8304712642167492,2956842022840.257,410,S3_twin_shock,indonesia,USDC
103,0.8333149903565613,2953135171914.2866,410,S3_twin_shock,indonesia,USDC
104,0.8442137380041691,2950006012358.634,410,S3_twin_shock,indonesia,USDC
105,0.8638547639243858,2947570591455.2266,410,S3_twin_shock,indonesia,USDC
106,0.8887699259200532,2945646289705.952,410,S3_twin_shock,indonesia,USDC
107,0.9205457779205249,2944334819239.4155,410,S3_twin_shock,indonesia,USDC
108,0.9285949585006017,2943642638933.519,410,S3_twin_shock,indonesia,USDC
109,0.9295898539641352,2943076194199.2393,410,S3_twin_shock,indonesia,USDC
110,0.9116751994793659,2942530836994.6045,410,S3_twin_shock,indonesia,USDC
111,0.8889073662110881,2941776503246.9087,410,S3_twin_shock,indonesia,USDC
112,0.9116369493017227,2940790768448.8066,410,S3_twin_shock,indonesia,USDC
113,0.939508399502245,2940189852361.774,410,S3_twin_shock,indonesia,USDC
114,0.9373862421556526,2939879565187.0503,410,S3_twin_shock,indonesia,USDC
115,0.9309866432393675,2939557446156.0146,410,S3_twin_shock,indonesia,USDC
116,0.9367811656655233,2939183730840.444,410,S3_twin_shock,indonesia,USDC
117,0.95627783194587,2938898700783.3896,410,S3_twin_shock,indonesia,USDC
118,0.9131773105367734,2938779273298.203,410,S3_twin_shock,indonesia,USDC
119,0.922425550972047,2938303489371.5522,410,S3_twin_shock,indonesia,USDC
120,0.9095768946121461,2937917737948.5933,410,S3_twin_shock,indonesia,USDC
121,0.9158169219913964,2864024081743.181,410,S3_twin_shock,indonesia,USDC
122,0.8810662103945068,2792047994687.0107,410,S3_twin_shock,indonesia,USDC
123,0.884757180213069,2721613006319.5557,410,S3_twin_shock,indonesia,USDC
124,0.8720005422462757,2653033250339.8003,410,S3_twin_shock,indonesia,USDC
125,0.8732575047469193,2586140155015.465,410,S3_twin_shock,indonesia,USDC
126,0.8635676346309397,2521004590898.872,410,S3_twin_shock,indonesia,USDC
127,0.8285747648642309,2457486805727.6006,410,S3_twin_shock,indonesia,USDC
128,0.8409620761125051,2395437641770.6924,410,S3_twin_shock,indonesia,USDC
129,0.875947124072158,2335094312832.8906,410,S3_twin_shock,indonesia,USDC
130,0.8433298780669266,2276420320216.655,410,S3_twin_shock,indonesia,USDC
131,0.8648117689139807,2219155254743.802,410,S3_twin_shock,indonesia,USDC
132,0.8410752003953278,2163407770654.663,410,S3_twin_shock,indonesia,USDC
133,0.8220430185346647,2109047152552.9424,410,S3_twin_shock,indonesia,USDC
134,0.8001223515255624,2056032048455.649,410,S3_twin_shock,indonesia,USDC
135,0.7774016312191193,2004354587619.1377,410,S3_twin_shock,indonesia,USDC
136,0.7576433817859051,1953984701121.269,410,S3_twin_shock,indonesia,USDC
137,0.7382228105200752,1904906707356.1194,410,S3_twin_shock,indonesia,USDC
138,0.7458486517972331,1857078168001.2603,410,S3_twin_shock,indonesia,USDC
139,0.7688960158432155,1810504716833.7625,410,S3_twin_shock,indonesia,USDC
140,0.784976607129029,1765135213636.8174,410,S3_twin_shock,indonesia,USDC
141,0.8023790442328304,1720931613498.1816,410,S3_twin_shock,indonesia,USDC
142,0.8042529518653384,1677848972564.4766,410,S3_twin_shock,indonesia,USDC
143,0.7932699630022331,1635855162427.4785,410,S3_twin_shock,indonesia,USDC
144,0.7932346429460077,1594918211215.148,410,S3_twin_shock,indonesia,USDC
145,0.7924855145399994,1555010931842.558,410,S3_twin_shock,indonesia,USDC
146,0.8065494989107768,1516107235959.868,410,S3_twin_shock,indonesia,USDC
147,0.8001931366152703,1478183001407.5657,410,S3_twin_shock,indonesia,USDC
148,0.8101830019185571,1441208881945.3193,410,S3_twin_shock,indonesia,USDC
149,0.8075941059144128,1405164082518.2273,410,S3_twin_shock,indonesia,USDC
150,0.8159166401077027,1370022000836.3115,410,S3_twin_shock,indonesia,USDC
151,0.8372890689898848,1335761810581.3606,410,S3_twin_shock,indonesia,USDC
152,0.8330284637230227,1302360714172.5007,410,S3_twin_shock,indonesia,USDC
153,0.7959632079951049,1269795351064.0603,410,S3_twin_shock,indonesia,USDC
154,0.780197253489732,1238043456674.291,410,S3_twin_shock,indonesia,USDC
155,0.7488621272131402,1207085882990.604,410,S3_twin_shock,indonesia,USDC
156,0.7311863437348025,1176902595335.6025,410,S3_twin_shock,indonesia,USDC
157,0.7353944171129368,1147474949447.8208,410,S3_twin_shock,indonesia,USDC
158,0.755120803972325,1118784244430.9717,410,S3_twin_shock,indonesia,USDC
159,0.767155535926438,1090811931732.0282,410,S3_twin_shock,indonesia,USDC
160,0.7791572850494554,1063539531650.4796,410,S3_twin_shock,indonesia,USDC
161,0.7556772945528122,1036949471984.5568,410,S3_twin_shock,indonesia,USDC
162,0.7655343347611281,1011024336978.761,410,S3_twin_shock,indonesia,USDC
163,0.7722586618751807,985747679610.208,410,S3_twin_shock,indonesia,USDC
164,0.7807953926962595,961103162706.1252,410,S3_twin_shock,indonesia,USDC
165,0.7853708479554129,937074939089.8242,410,S3_twin_shock,indonesia,USDC
166,0.814020832178108,913647559333.738,410,S3_twin_shock,indonesia,USDC
167,0.8256140247954006,890806024045.0907,410,S3_twin_shock,indonesia,USDC
168,0.7062805215697766,868535615249.5814,410,S3_twin_shock,indonesia,USDC
169,0.7435678184548055,846821818885.874,410,S3_twin_shock,indonesia,USDC
170,0.7478817304684023,825651006570.6243,410,S3_twin_shock,indonesia,USDC
171,0.7621042525152636,805009530750.907,410,S3_twin_shock,indonesia,USDC
172,0.7505431537951958,784884155965.3434,410,S3_twin_shock,indonesia,USDC
173,0.7579124150776886,765261934716.2574,410,S3_twin_shock,indonesia,USDC
174,0.7499534206078118,746130294134.2522,410,S3_twin_shock,indonesia,USDC
175,0.7607655103251031,727476962025.2516,410,S3_twin_shock,indonesia,USDC
176,0.7814770711457588,709289983017.3446,410,S3_twin_shock,indonesia,USDC
177,0.7825914461278745,691557696068.83,410,S3_twin_shock,indonesia,USDC
178,0.8026574440561538,674268723470.295,410,S3_twin_shock,indonesia,USDC
179,0.8061680487115124,657411983913.0056,410,S3_twin_shock,indonesia,USDC
180,0.7916997014308385,640976665604.3364,410,S3_twin_shock,indonesia,USDC
181,0.7921764971504578,624952232040.3185,410,S3_twin_shock,indonesia,USDC
182,0.8087310459077631,609328412463.2028,410,S3_twin_shock,indonesia,USDC
183,0.8205976673188852,594095192553.4418,410,S3_twin_shock,indonesia,USDC
184,0.8276274368427943,579242805079.675,410,S3_twin_shock,indonesia,USDC
185,0.815147445796957,564761728478.0574,410,S3_twin_shock,indonesia,USDC
186,0.8211538930945939,550642679377.5491,410,S3_twin_shock,indonesia,USDC
187,0.8266200461256337,536876607620.7329,410,S3_twin_shock,indonesia,USDC
188,0.8224632007112535,523454688525.21985,410,S3_twin_shock,indonesia,USDC
189,0.8263545854299865,510368317946.3363,410,S3_twin_shock,indonesia,USDC
190,0.8081775537904138,497609107140.47565,410,S3_twin_shock,indonesia,USDC
191,0.8070522961268027,485168876651.1195,410,S3_twin_shock,indonesia,USDC
192,0.8067248489342128,473039652420.90405,410,S3_twin_shock,indonesia,USDC
193,0.8267333866800413,461213659136.9321,410,S3_twin_shock,indonesia,USDC
194,0.8176394032681655,449683316275.2329,410,S3_twin_shock,indonesia,USDC
195,0.8199274750059713,438441232132.72644,410,S3_twin_shock,indonesia,USDC
196,0.7884347937620548,427480200248.8517,410,S3_twin_shock,indonesia,USDC
197,0.7678175312908422,416793194109.974,410,S3_twin_shock,indonesia,USDC
198,0.7255074291625281,406373363272.091,410,S3_twin_shock,indonesia,USDC
199,0.7246223427370394,396214028198.8711,410,S3_twin_shock,indonesia,USDC
200,0.744803674361566,386308676776.8819,410,S3_twin_shock,indonesia,USDC
201,0.7634807563575378,376650959340.9208,410,S3_twin_shock,indonesia,USDC
202,0.7768204246628777,367234685000.30475,410,S3_twin_shock,indonesia,USDC
203,0.7671349482355129,358053817616.72705,410,S3_twin_shock,indonesia,USDC
204,0.7903626592808275,349102471947.7795,410,S3_twin_shock,indonesia,USDC
205,0.806138791101841,340374909989.0439,410,S3_twin_shock,indonesia,USDC
206,0.8123551727174189,331865537122.791,410,S3_twin_shock,indonesia,USDC
207,0.7903632507806365,323568898601.025,410,S3_twin_shock,indonesia,USDC
208,0.775483711303653,315479676044.529,410,S3_twin_shock,indonesia,USDC
209,0.7902268789368079,307592684065.75824,410,S3_twin_shock,indonesia,USDC
210,0.781680138027017,299902866903.91943,410,S3_twin_shock,indonesia,USDC
211,0.7601017257656801,292405295181.972,410,S3_twin_shock,indonesia,USDC
212,0.7473037474402209,285095162757.6594,410,S3_twin_shock,indonesia,USDC
213,0.7420593773718817,277967783650.27686,410,S3_twin_shock,indonesia,USDC
214,0.7384139688813397,271018589029.74652,410,S3_twin_shock,indonesia,USDC
215,0.7446816504037301,264243124280.85226,410,S3_twin_shock,indonesia,USDC
216,0.7449892531678205,257637046156.05026,410,S3_twin_shock,indonesia,USDC
217,0.7651090942010841,251196119988.08533,410,S3_twin_shock,indonesia,USDC
218,0.7662907170047394,244916216978.67502,410,S3_twin_shock,indonesia,USDC
219,0.7636826803588909,238793311546.67224,410,S3_twin_shock,indonesia,USDC
220,0.7594919878782646,232823478751.8833,410,S3_twin_shock,indonesia,USDC
221,0.758671868467734,227002891777.89532,410,S3_twin_shock,indonesia,USDC
222,0.7487053889475346,221327819479.34027,410,S3_twin_shock,indonesia,USDC
223,0.7609308485015545,215794623988.97504,410,S3_twin_shock,indonesia,USDC
224,0.7595983329074928,210399758386.77167,410,S3_twin_shock,indonesia,USDC
225,0.768050445091734,205139764425.09592,410,S3_twin_shock,indonesia,USDC
226,0.7779474788190738,200011270312.9871,410,S3_twin_shock,indonesia,USDC
227,0.7411557480562925,195010988554.065,410,S3_twin_shock,indonesia,USDC
228,0.748521691003593,190135713839.17508,410,S3_twin_shock,indonesia,USDC
229,0.7649766296569834,185382320992.36765,410,S3_twin_shock,indonesia,USDC
230,0.736895869816558,180747762966.96698,410,S3_twin_shock,indonesia,USDC
231,0.7099928057978058,176229068892.26242,410,S3_twin_shock,indonesia,USDC
232,0.7088175333092251,171823342169.52304,410,S3_twin_shock,indonesia,USDC
233,0.7185377113238697,167527758614.95007,410,S3_twin_shock,indonesia,USDC
234,0.7396054306913086,163339564649.35385,410,S3_twin_shock,indonesia,USDC
235,0.7456079940278088,159256075532.95697,410,S3_twin_shock,indonesia,USDC
236,0.7412143224863113,155274673644.5144,410,S3_twin_shock,indonesia,USDC
237,0.7360864945832807,151392806803.31146,410,S3_twin_shock,indonesia,USDC
238,0.7507415103338758,147607986633.1541,410,S3_twin_shock,indonesia,USDC
239,0.7615843579533753,143917786967.27408,410,S3_twin_shock,indonesia,USDC
240,0.7639977539193463,140319842293.05246,410,S3_twin_shock,indonesia,USDC
241,0.761960954328378,136811846235.69504,410,S3_twin_shock,indonesia,USDC
242,0.7808099193226822,133391550079.7778,410,S3_twin_shock,indonesia,USDC
243,0.796608599407494,130056761327.76556,410,S3_twin_shock,indonesia,USDC
244,0.8075641673559946,126805342294.55795,410,S3_twin_shock,indonesia,USDC
245,0.8170860929864602,123635208737.18382,410,S3_twin_shock,indonesia,USDC
246,0.8266478186510203,120544328518.74625,410,S3_twin_shock,indonesia,USDC
247,0.8328503793901364,117530720305.77112,410,S3_twin_shock,indonesia,USDC
248,0.8344017875326892,114592452298.12167,410,S3_twin_shock,indonesia,USDC
249,0.8431732389864053,111727640990.66432,410,S3_twin_shock,indonesia,USDC
250,0.8451175403539235,108934449965.89409,410,S3_twin_shock,indonesia,USDC
251,0.8542387529244992,106211088716.74374,410,S3_twin_shock,indonesia,USDC
252,0.8833717817036955,103555811498.82278,410,S3_twin_shock,indonesia,USDC
253,0.8726469758508238,100966916211.35057,410,S3_twin_shock,indonesia,USDC
254,0.814845142475126,98442743306.06516,410,S3_twin_shock,indonesia,USDC
255,0.799486269052639,95981674723.41104,410,S3_twin_shock,indonesia,USDC
256,0.7969427894422084,93582132855.32361,410,S3_twin_shock,indonesia,USDC
257,0.8014488364390575,91242579533.93869,410,S3_twin_shock,indonesia,USDC
258,0.7862462522045425,88961515045.58875,410,S3_twin_shock,indonesia,USDC
259,0.7827364846931686,86737477169.44766,410,S3_twin_shock,indonesia,USDC
260,0.7735075173603616,84569040240.21033,410,S3_twin_shock,indonesia,USDC
261,0.7856867221976754,82454814234.20407,410,S3_twin_shock,indonesia,USDC
262,0.7729519597568136,80393443878.34819,410,S3_twin_shock,indonesia,USDC
263,0.7862849646106743,78383607781.38881,410,S3_twin_shock,indonesia,USDC
264,0.7743610829107835,76424017586.85362,410,S3_twin_shock,indonesia,USDC
265,0.7661916464395229,74513417147.18187,410,S3_twin_shock,indonesia,USDC
266,0.796603866480352,72650581718.50197,410,S3_twin_shock,indonesia,USDC
267,0.7962387617159583,70834317175.53917,410,S3_twin_shock,indonesia,USDC
268,0.7858242925336988,69063459246.1505,410,S3_twin_shock,indonesia,USDC
269,0.8055079954307532,67336872764.99657,410,S3_twin_shock,indonesia,USDC
270,0.8339122069544254,65653450945.87152,410,S3_twin_shock,indonesia,USDC
271,0.8449123195858624,64012114672.22464,410,S3_twin_shock,indonesia,USDC
272,0.8716852425281613,62411811805.41896,410,S3_twin_shock,indonesia,USDC
273,0.8490623919253258,60851516510.28343,410,S3_twin_shock,indonesia,USDC
274,0.8385197731221362,59330228597.52629,410,S3_twin_shock,indonesia,USDC
275,0.8159918788715769,57846972882.58807,410,S3_twin_shock,indonesia,USDC
276,0.7906805043561947,56400798560.52332,410,S3_twin_shock,indonesia,USDC
277,0.785997640011725,54990778596.51019,410,S3_twin_shock,indonesia,USDC
278,0.8036484660761305,53616009131.5974,410,S3_twin_shock,indonesia,USDC
279,0.7787732457890978,52275608903.30743,410,S3_twin_shock,indonesia,USDC
280,0.7908504263683025,50968718680.72471,410,S3_twin_shock,indonesia,USDC
281,0.8111020370880074,49694500713.706566,410,S3_twin_shock,indonesia,USDC
282,0.7962674156155529,48452138195.863884,410,S3_twin_shock,indonesia,USDC
283,0.7975949824151325,47240834740.96727,410,S3_twin_shock,indonesia,USDC
284,0.7877753448458296,46059813872.443085,410,S3_twin_shock,indonesia,USDC
285,0.8084230615916299,44908318525.631996,410,S3_twin_shock,indonesia,USDC
286,0.7914437748548928,43785610562.49119,410,S3_twin_shock,indonesia,USDC
287,0.8096613653013066,42690970298.4289,410,S3_twin_shock,indonesia,USDC
288,0.8081900771328312,41623696040.96817,410,S3_twin_shock,indonesia,USDC
289,0.7678996633585851,40583103639.94396,410,S3_twin_shock,indonesia,USDC
290,0.7827312399039703,39568526048.94536,410,S3_twin_shock,indonesia,USDC
291,0.8127994773721321,38579312897.72172,410,S3_twin_shock,indonesia,USDC
292,0.7990537899550749,37614830075.27868,410,S3_twin_shock,indonesia,USDC
293,0.801429882170265,36674459323.39671,410,S3_twin_shock,indonesia,USDC
294,0.8075382451205357,35757597840.31179,410,S3_twin_shock,indonesia,USDC
295,0.8177437608167673,34863657894.304,410,S3_twin_shock,indonesia,USDC
296,0.8062281666354543,33992066446.946396,410,S3_twin_shock,indonesia,USDC
297,0.80274090055364,33142264785.772736,410,S3_twin_shock,indonesia,USDC
298,0.7812878050943882,32313708166.12842,410,S3_twin_shock,indonesia,USDC
299,0.7779030135506868,31505865461.975212,410,S3_twin_shock,indonesia,USDC
300,0.7849982851354296,30718218825.425827,410,S3_twin_shock,indonesia,USDC
301,0.7685406061129514,29950263354.790184,410,S3_twin_shock,indonesia,USDC
302,0.7892342508032529,29201506770.92043,410,S3_twin_shock,indonesia,USDC
303,0.7693997622490071,28471469101.647423,410,S3_twin_shock,indonesia,USDC
304,0.7661593748826415,27759682374.10623,410,S3_twin_shock,indonesia,USDC
305,0.7745688852622926,27065690314.75358,410,S3_twin_shock,indonesia,USDC
306,0.7618404735216158,26389048056.884743,410,S3_twin_shock,indonesia,USDC
307,0.7650552236410729,25729321855.462624,410,S3_twin_shock,indonesia,USDC
308,0.7858468430832634,25086088809.076057,410,S3_twin_shock,indonesia,USDC
309,0.8069153443062121,24458936588.84915,410,S3_twin_shock,indonesia,USDC
310,0.803735677309396,23847463174.127926,410,S3_twin_shock,indonesia,USDC
311,0.7865749691249222,23251276594.774727,410,S3_twin_shock,indonesia,USDC
312,0.793227165603405,22669994679.905357,410,S3_twin_shock,indonesia,USDC
313,0.7911821455939628,22103244812.907722,410,S3_twin_shock,indonesia,USDC
314,0.7858907920785606,21550663692.58503,410,S3_twin_shock,indonesia,USDC
315,0.7815329416625467,21011897100.270405,410,S3_twin_shock,indonesia,USDC
316,0.7857613084777343,20486599672.763645,410,S3_twin_shock,indonesia,USDC
317,0.7811385266396906,19974434680.944553,410,S3_twin_shock,indonesia,USDC
318,0.7408226111411481,19475073813.92094,410,S3_twin_shock,indonesia,USDC
319,0.7491678799873424,18988196968.572918,410,S3_twin_shock,indonesia,USDC
320,0.7684551425510323,18513492044.358597,410,S3_twin_shock,indonesia,USDC
321,0.7786029331163251,18050654743.249634,410,S3_twin_shock,indonesia,USDC
322,0.7633979473635184,17599388374.668392,410,S3_twin_shock,indonesia,USDC
323,0.7718897757310526,17159403665.301682,410,S3_twin_shock,indonesia,USDC
324,0.7077732579192993,16730418573.669138,410,S3_twin_shock,indonesia,USDC
325,0.7109972931895737,16312158109.327412,410,S3_twin_shock,indonesia,USDC
326,0.7053334155619385,15904354156.594223,410,S3_twin_shock,indonesia,USDC
327,0.7244006416677711,15506745302.679367,410,S3_twin_shock,indonesia,USDC
328,0.733815681663157,15119076670.112385,410,S3_twin_shock,indonesia,USDC
329,0.7462061627795272,14741099753.359573,410,S3_twin_shock,indonesia,USDC
330,0.7551394311538732,14372572259.525585,410,S3_twin_shock,indonesia,USDC
331,0.7348984845514611,14013257953.037447,410,S3_twin_shock,indonesia,USDC
332,0.7350453574756349,13662926504.21151,410,S3_twin_shock,indonesia,USDC
333,0.7298367499055668,13321353341.606222,410,S3_twin_shock,indonesia,USDC
334,0.7115046197904283,12988319508.066067,410,S3_twin_shock,indonesia,USDC
335,0.7225854749718106,12663611520.364414,410,S3_twin_shock,indonesia,USDC
336,0.7317176092558891,12347021232.355305,410,S3_twin_shock,indonesia,USDC
337,0.7192331502767937,12038345701.546421,410,S3_twin_shock,indonesia,USDC
338,0.7102909732744686,11737387059.007761,410,S3_twin_shock,indonesia,USDC
339,0.7325393860508089,11443952382.532566,410,S3_twin_shock,indonesia,USDC
340,0.7197667294178645,11157853572.969254,410,S3_twin_shock,indonesia,USDC
341,0.7391373308931032,10878907233.645021,410,S3_twin_shock,indonesia,USDC
342,0.7230370381722132,10606934552.803894,410,S3_twin_shock,indonesia,USDC
343,0.7548407731482267,10341761188.983799,410,S3_twin_shock,indonesia,USDC
344,0.754655586068591,10083217159.259201,410,S3_twin_shock,indonesia,USDC
345,0.7563602916718007,9831136730.277723,410,S3_twin_shock,indonesia,USDC
346,0.7515308786285039,9585358312.020779,410,S3_twin_shock,indonesia,USDC
347,0.7614168273785679,9345724354.220259,410,S3_twin_shock,indonesia,USDC
348,0.7723818311944816,9112081245.364754,410,S3_twin_shock,indonesia,USDC
349,0.7780929930198818,8884279214.230633,410,S3_twin_shock,indonesia,USDC
350,0.7828605290037859,8662172233.874868,410,S3_twin_shock,indonesia,USDC
351,0.7802251081654912,8445617928.027996,410,S3_twin_shock,indonesia,USDC
352,0.8081558434321505,8234477479.827296,410,S3_twin_shock,indonesia,USDC
353,0.8036294963799839,8028615542.831614,410,S3_twin_shock,indonesia,USDC
354,0.7958280201615,7827900154.260824,410,S3_twin_shock,indonesia,USDC
355,0.7778033573121361,7632202650.404303,410,S3_twin_shock,indonesia,USDC
356,0.8012760147716422,7441397584.144196,410,S3_twin_shock,indonesia,USDC
357,0.8032435293142709,7255362644.54059,410,S3_twin_shock,indonesia,USDC
358,0.8178349964150525,7073978578.427076,410,S3_twin_shock,indonesia,USDC
359,0.8165069167332724,6897129113.966399,410,S3_twin_shock,indonesia,USDC
360,0.8221710958006432,6724700886.117239,410,S3_twin_shock,indonesia,USDC
361,0.8085032502373893,6556583363.964308,410,S3_twin_shock,indonesia,USDC
362,0.6923928457150308,6392668779.8652,410,S3_twin_shock,indonesia,USDC
363,0.6830916235436227,6232852060.36857,410,S3_twin_shock,indonesia,USDC
364,0.6776443767314669,6077030758.859356,410,S3_twin_shock,indonesia,USDC
365,0.6696409773270848,5925104989.887873,410,S3_twin_shock,indonesia,USDC
366,0.6775868490434229,5776977365.140676,410,S3_twin_shock,indonesia,USDC
367,0.6982660016578083,5632552931.012157,410,S3_twin_shock,indonesia,USDC
368,0.7150549685404911,5491739107.736855,410,S3_twin_shock,indonesia,USDC
369,0.711194889467407,5354445630.043432,410,S3_twin_shock,indonesia,USDC
370,0.6831741005517742,5220584489.292347,410,S3_twin_shock,indonesia,USDC
371,0.7138036870542692,5090069877.060039,410,S3_twin_shock,indonesia,USDC
372,0.7297301431252063,4962818130.133537,410,S3_twin_shock,indonesia,USDC
373,0.7247137870727077,4838747676.880199,410,S3_twin_shock,indonesia,USDC
374,0.7388993264820649,4717778984.958194,410,S3_twin_shock,indonesia,USDC
375,0.7323813883515166,4599834510.33424,410,S3_twin_shock,indonesia,USDC
376,0.7383267840160748,4484838647.575884,410,S3_twin_shock,indonesia,USDC
377,0.7664081585170723,4372717681.386486,410,S3_twin_shock,indonesia,USDC
378,0.7730686400327654,4263399739.351824,410,S3_twin_shock,indonesia,USDC
379,0.7774792323413127,4156814745.8680286,410,S3_twin_shock,indonesia,USDC
380,0.7668385537268407,4052894377.221327,410,S3_twin_shock,indonesia,USDC
381,0.7944817835819381,3951572017.7907944,410,S3_twin_shock,indonesia,USDC
382,0.8080350876602321,3852782717.3460245,410,S3_twin_shock,indonesia,USDC
383,0.8059629012564847,3756463149.4123735,410,S3_twin_shock,indonesia,USDC
384,0.8018823106562396,3662551570.6770644,410,S3_twin_shock,indonesia,USDC
385,0.7373804834508698,3570987781.410138,410,S3_twin_shock,indonesia,USDC
386,0.7424228437085152,3481713086.8748846,410,S3_twin_shock,indonesia,USDC
387,0.7490587570808459,3394670259.7030125,410,S3_twin_shock,indonesia,USDC
388,0.7721697817733371,3309803503.210437,410,S3_twin_shock,indonesia,USDC
389,0.7807629978755012,3227058415.630176,410,S3_twin_shock,indonesia,USDC
390,0.8019972890310638,3146381955.239422,410,S3_twin_shock,indonesia,USDC
391,0.7770692712960375,3067722406.3584356,410,S3_twin_shock,indonesia,USDC
392,0.773319989532054,2991029346.1994753,410,S3_twin_shock,indonesia,USDC
393,0.704129262867333,2916253612.544488,410,S3_twin_shock,indonesia,USDC
394,0.6975466484238692,2843347272.230876,410,S3_twin_shock,indonesia,USDC
395,0.705072587176115,2772263590.425104,410,S3_twin_shock,indonesia,USDC
396,0.7343058033099767,2702957000.664477,410,S3_twin_shock,indonesia,USDC
397,0.7486474609525685,2635383075.647865,410,S3_twin_shock,indonesia,USDC
398,0.7450256405888156,2569498498.756668,410,S3_twin_shock,indonesia,USDC
399,0.7371661151465281,2505261036.287751,410,S3_twin_shock,indonesia,USDC
400,0.7107502145267446,2442629510.3805575,410,S3_twin_shock,indonesia,USDC
401,0.7249917259034904,2381563772.621043,410,S3_twin_shock,indonesia,USDC
402,0.7505676053411773,2322024678.3055177,410,S3_twin_shock,indonesia,USDC
403,0.7564278967786809,2263974061.3478794,410,S3_twin_shock,indonesia,USDC
404,0.743404735573892,2207374709.8141823,410,S3_twin_shock,indonesia,USDC
405,0.7653281848392866,2152190342.068828,410,S3_twin_shock,indonesia,USDC
406,0.7678883134456705,2098385583.5171075,410,S3_twin_shock,indonesia,USDC
407,0.7485821997221344,2045925943.9291797,410,S3_twin_shock,indonesia,USDC
408,0.7491478173683658,1994777795.3309503,410,S3_twin_shock,indonesia,USDC
409,0.7699155945804815,1944908350.4476764,410,S3_twin_shock,indonesia,USDC
410,0.7870101173764329,1896285641.6864846,410,S3_twin_shock,indonesia,USDC
411,0.7632685379542538,1848878500.6443224,410,S3_twin_shock,indonesia,USDC
412,0.7674822572843573,1802656538.1282144,410,S3_twin_shock,indonesia,USDC
413,0.7612594756673985,1757590124.6750093,410,S3_twin_shock,indonesia,USDC
414,0.7439330321032303,1713650371.5581338,410,S3_twin_shock,indonesia,USDC
415,0.7482440994765329,1670809112.2691805,410,S3_twin_shock,indonesia,USDC
416,0.745411313580264,1629038884.462451,410,S3_twin_shock,indonesia,USDC
417,0.7500386013946777,1588312912.35089,410,S3_twin_shock,indonesia,USDC
418,0.7652161797227537,1548605089.5421176,410,S3_twin_shock,indonesia,USDC
419,0.7738873721247845,1509889962.3035645,410,S3_twin_shock,indonesia,USDC
420,0.7828190271647076,1472142713.2459755,410,S3_twin_shock,indonesia,USDC
421,0.773573195091579,1435339145.4148262,410,S3_twin_shock,indonesia,USDC
422,0.7907187639707092,1399455666.7794554,410,S3_twin_shock,indonesia,USDC
423,0.7699658391616074,1364469275.1099691,410,S3_twin_shock,indonesia,USDC
424,0.7769553449875182,1330357543.23222,410,S3_twin_shock,indonesia,USDC
425,0.7594837184224051,1297098604.6514144,410,S3_twin_shock,indonesia,USDC
426,0.7430986112588789,1264671139.535129,410,S3_twin_shock,indonesia,USDC
427,0.7438963682732482,1233054361.046751,410,S3_twin_shock,indonesia,USDC
428,0.7529850029646233,1202228002.0205822,410,S3_twin_shock,indonesia,USDC
429,0.7574432089357037,1172172301.9700675,410,S3_twin_shock,indonesia,USDC
430,0.7629990664403424,1142867994.420816,410,S3_twin_shock,indonesia,USDC
431,0.7770347990725308,1114296294.5602956,410,S3_twin_shock,indonesia,USDC
432,0.7777021529039588,1086438887.1962883,410,S3_twin_shock,indonesia,USDC
433,0.7840191764765305,1059277915.016381,410,S3_twin_shock,indonesia,USDC
434,0.7682846333008639,1032795967.1409714,410,S3_twin_shock,indonesia,USDC
435,0.7852373310687601,1006976067.9624472,410,S3_twin_shock,indonesia,USDC
436,0.7845159645525396,981801666.2633859,410,S3_twin_shock,indonesia,USDC
437,0.7891808383781798,957256624.6068013,410,S3_twin_shock,indonesia,USDC
438,0.7815978654808254,933325208.9916313,410,S3_twin_shock,indonesia,USDC
439,0.7758510695350987,909992078.7668405,410,S3_twin_shock,indonesia,USDC
440,0.751817941170553,887242276.7976695,410,S3_twin_shock,indonesia,USDC
441,0.7362105085704251,865061219.8777277,410,S3_twin_shock,indonesia,USDC
442,0.764250621295378,843434689.3807846,410,S3_twin_shock,indonesia,USDC
443,0.771389537353819,822348822.146265,410,S3_twin_shock,indonesia,USDC
444,0.7942683512716143,801790101.5926085,410,S3_twin_shock,indonesia,USDC
445,0.7880153562225577,781745349.0527933,410,S3_twin_shock,indonesia,USDC
446,0.7750507349442632,762201715.3264734,410,S3_twin_shock,indonesia,USDC
447,0.7610018584859195,743146672.4433115,410,S3_twin_shock,indonesia,USDC
448,0.7390696092206369,724568005.6322287,410,S3_twin_shock,indonesia,USDC
449,0.7724684815306367,706453805.491423,410,S3_twin_shock,indonesia,USDC
450,0.7774984454457653,688792460.3541374,410,S3_twin_shock,indonesia,USDC
451,0.7893428429954693,671572648.845284,410,S3_twin_shock,indonesia,USDC
452,0.7904903739977622,654783332.624152,410,S3_twin_shock,indonesia,USDC
453,0.7927217041739746,638413749.3085482,410,S3_twin_shock,indonesia,USDC
454,0.7866453470214586,622453405.5758344,410,S3_twin_shock,indonesia,USDC
455,0.779918976779844,606892070.4364386,410,S3_twin_shock,indonesia,USDC
456,0.7971038179648515,591719768.6755276,410,S3_twin_shock,indonesia,USDC
457,0.7828499573858957,576926774.4586394,410,S3_twin_shock,indonesia,USDC
458,0.7985321655389108,562503605.0971735,410,S3_twin_shock,indonesia,USDC
459,0.7878266699544453,548441014.969744,410,S3_twin_shock,indonesia,USDC
460,0.7883897157843769,534729989.59550035,410,S3_twin_shock,indonesia,USDC
461,0.7830297439451086,521361739.8556129,410,S3_twin_shock,indonesia,USDC
462,0.791626612400305,508327696.35922253,410,S3_twin_shock,indonesia,USDC
463,0.7969532261765749,495619503.9502419,410,S3_twin_shock,indonesia,USDC
464,0.7766681294346317,483229016.35148597,410,S3_twin_shock,indonesia,USDC
465,0.7866179878194566,471148290.94269884,410,S3_twin_shock,indonesia,USDC
466,0.7674829656331182,459369583.6691314,410,S3_twin_shock,indonesia,USDC
467,0.7605557491540827,447885344.07740307,410,S3_twin_shock,indonesia,USDC
468,0.7425237907421588,436688210.47546804,410,S3_twin_shock,indonesia,USDC
469,0.749697310174327,425771005.21358126,410,S3_twin_shock,indonesia,USDC
470,0.7796958131322244,415126730.0832418,410,S3_twin_shock,indonesia,USDC
471,0.7941732984477751,404748561.8311607,410,S3_twin_shock,indonesia,USDC
472,0.7855536952640536,394629847.78538173,410,S3_twin_shock,indonesia,USDC
473,0.7912084941463883,384764101.5907472,410,S3_twin_shock,indonesia,USDC
474,0.8049432366781656,375144999.0509785,410,S3_twin_shock,indonesia,USDC
475,0.7952756141287216,365766374.07470405,410,S3_twin_shock,indonesia,USDC
476,0.7998778922652561,356622214.72283643,410,S3_twin_shock,indonesia,USDC
477,0.7799579544709203,347706659.35476553,410,S3_twin_shock,indonesia,USDC
478,0.7785651684325173,339013992.8708964,410,S3_twin_shock,indonesia,USDC
479,0.7584681130160229,330538643.04912394,410,S3_twin_shock,indonesia,USDC
480,0.7847687457565788,322275176.97289586,410,S3_twin_shock,indonesia,USDC
481,0.8003260643316232,314218297.54857343,410,S3_twin_shock,indonesia,USDC
482,0.789340386759713,306362840.1098591,410,S3_twin_shock,indonesia,USDC
483,0.7770152235362736,298703769.10711265,410,S3_twin_shock,indonesia,USDC
484,0.774877912124443,291236174.8794348,410,S3_twin_shock,indonesia,USDC
485,0.7968665439244222,283955270.507449,410,S3_twin_shock,indonesia,USDC
486,0.7799660951504629,276856388.7447628,410,S3_twin_shock,indonesia,USDC
487,0.8008662906410564,269934979.02614367,410,S3_twin_shock,indonesia,USDC
488,0.8136408361957237,263186604.55049008,410,S3_twin_shock,indonesia,USDC
489,0.8196371239288698,256606939.43672785,410,S3_twin_shock,indonesia,USDC
490,0.7934090469698567,250191765.95080966,410,S3_twin_shock,indonesia,USDC
491,0.7880674123422469,243936971.80203938,410,S3_twin_shock,indonesia,USDC
492,0.7989449595021938,237838547.5069884,410,S3_twin_shock,indonesia,USDC
493,0.8047663468010469,231892583.81931373,410,S3_twin_shock,indonesia,USDC
494,0.7981847415363791,226095269.22383088,410,S3_twin_shock,indonesia,USDC
495,0.778946055109136,220442887.4932351,410,S3_twin_shock,indonesia,USDC
496,0.7865263120810864,214931815.3059042,410,S3_twin_shock,indonesia,USDC
497,0.7738068974448991,209558519.92325664,410,S3_twin_shock,indonesia,USDC
498,0.7708080773483261,204319556.92517525,410,S3_twin_shock,indonesia,USDC
499,0.7784073263694183,199211568.00204584,410,S3_twin_shock,indonesia,USDC
500,0.801344384865169,194231278.8019947,410,S3_twin_shock,indonesia,USDC
501,0.810160424581558,189375496.83194482,410,S3_twin_shock,indonesia,USDC
502,0.8162237176084028,184641109.41114622,410,S3_twin_shock,indonesia,USDC
503,0.8108195529431141,180025081.67586756,410,S3_twin_shock,indonesia,USDC
504,0.8210952487897983,175524454.6339709,410,S3_twin_shock,indonesia,USDC
505,0.8076740998295269,171136343.2681216,410,S3_twin_shock,indonesia,USDC
506,0.8054705787073309,166857934.68641856,410,S3_twin_shock,indonesia,USDC
507,0.8005112128304265,162686486.3192581,410,S3_twin_shock,indonesia,USDC
508,0.8104578089912459,158619324.16127664,410,S3_twin_shock,indonesia,USDC
509,0.8319774376658028,154653841.05724472,410,S3_twin_shock,indonesia,USDC
510,0.8119871225848262,150787495.0308136,410,S3_twin_shock,indonesia,USDC
511,0.8294939549965961,147017807.65504327,410,S3_twin_shock,indonesia,USDC
512,0.8342989355909083,143342362.4636672,410,S3_twin_shock,indonesia,USDC
513,0.8155667046678547,139758803.40207553,410,S3_twin_shock,indonesia,USDC
514,0.8147513770499957,136264833.31702363,410,S3_twin_shock,indonesia,USDC
515,0.7924922572836767,132858212.48409805,410,S3_twin_shock,indonesia,USDC
516,0.7798758783844787,129536757.17199558,410,S3_twin_shock,indonesia,USDC
517,0.7886501073287224,126298338.24269569,410,S3_twin_shock,indonesia,USDC
518,0.8023956621692006,123140879.7866283,410,S3_twin_shock,indonesia,USDC
519,0.7843658600387502,120062357.79196258,410,S3_twin_shock,indonesia,USDC
520,0.7803038570471761,117060798.84716353,410,S3_twin_shock,indonesia,USDC
521,0.7653648165032236,114134278.87598443,410,S3_twin_shock,indonesia,USDC
522,0.7614116366102551,111280921.90408483,410,S3_twin_shock,indonesia,USDC
523,0.7504568300912728,108498898.8564827,410,S3_twin_shock,indonesia,USDC
524,0.7600203031288765,105786426.38507064,410,S3_twin_shock,indonesia,USDC
525,0.7569770172954565,103141765.72544387,410,S3_twin_shock,indonesia,USDC
526,0.7558468835777714,100563221.58230777,410,S3_twin_shock,indonesia,USDC
527,0.756648726226494,98049141.04275008,410,S3_twin_shock,indonesia,USDC
528,0.789282056533946,95597912.51668131,410,S3_twin_shock,indonesia,USDC
529,0.7789886365989099,93207964.70376429,410,S3_twin_shock,indonesia,USDC
530,0.7719173120909947,90877765.58617017,410,S3_twin_shock,indonesia,USDC
531,0.777633489912428,88605821.44651592,410,S3_twin_shock,indonesia,USDC
532,0.7684818368184667,86390675.91035303,410,S3_twin_shock,indonesia,USDC
533,0.7767052260083724,84230909.0125942,410,S3_twin_shock,indonesia,USDC
534,0.7848784363208653,82125136.28727935,410,S3_twin_shock,indonesia,USDC
535,0.7782033296626991,80072007.88009736,410,S3_twin_shock,indonesia,USDC
536,0.7557683389608891,78070207.68309493,410,S3_twin_shock,indonesia,USDC
537,0.7659938545361192,76118452.49101755,410,S3_twin_shock,indonesia,USDC
538,0.7495049962203852,74215491.17874213,410,S3_twin_shock,indonesia,USDC
539,0.7374959861319886,72360103.89927357,410,S3_twin_shock,indonesia,USDC
540,0.7235356884208356,70551101.30179173,410,S3_twin_shock,indonesia,USDC
541,0.7423309564349677,68787323.76924694,410,S3_twin_shock,indonesia,USDC
542,0.7582748144190269,67067640.67501576,410,S3_twin_shock,indonesia,USDC
543,0.750520959474599,65390949.658140376,410,S3_twin_shock,indonesia,USDC
544,0.7402592118131686,63756175.91668686,410,S3_twin_shock,indonesia,USDC
545,0.7338240589970574,62162271.5187697,410,S3_twin_shock,indonesia,USDC
546,0.7558602516382836,60608214.73080046,410,S3_twin_shock,indonesia,USDC
547,0.804169859701225,59093009.362530455,410,S3_twin_shock,indonesia,USDC
548,0.8220183603455102,57615684.12846719,410,S3_twin_shock,indonesia,USDC
549,0.8199416381877833,56175292.025255516,410,S3_twin_shock,indonesia,USDC
550,0.8608936000881697,54770909.72462413,410,S3_twin_shock,indonesia,USDC
551,0.8439541175900113,53401636.981508516,410,S3_twin_shock,indonesia,USDC
552,0.8518663543194192,52066596.056970805,410,S3_twin_shock,indonesia,USDC
553,0.8651728872248271,50764931.15554653,410,S3_twin_shock,indonesia,USDC
554,0.8666519868934971,49495807.876657866,410,S3_twin_shock,indonesia,USDC
555,0.8866298520523129,48258412.67974142,410,S3_twin_shock,indonesia,USDC
556,0.8598568084868152,47051952.362747885,410,S3_twin_shock,indonesia,USDC
557,0.8388158285548171,45875653.55367919,410,S3_twin_shock,indonesia,USDC
558,0.8338685300393252,44728762.21483721,410,S3_twin_shock,indonesia,USDC
559,0.8408624796045803,43610543.15946628,410,S3_twin_shock,indonesia,USDC
560,0.8049561804540504,42520279.58047962,410,S3_twin_shock,indonesia,USDC
561,0.7872719216176329,41457272.59096763,410,S3_twin_shock,indonesia,USDC
562,0.7640819476412657,40420840.77619344,410,S3_twin_shock,indonesia,USDC
563,0.781829221067788,39410319.756788604,410,S3_twin_shock,indonesia,USDC
564,0.7855272212072677,38425061.76286889,410,S3_twin_shock,indonesia,USDC
565,0.7728021054250214,37464435.21879716,410,S3_twin_shock,indonesia,USDC
566,0.7649240764413013,36527824.33832724,410,S3_twin_shock,indonesia,USDC
567,0.7481954321433,35614628.72986905,410,S3_twin_shock,indonesia,USDC
568,0.7339866324134193,34724263.011622325,410,S3_twin_shock,indonesia,USDC
569,0.7212739555506423,33856156.43633177,410,S3_twin_shock,indonesia,USDC
570,0.7448438257708033,33009752.525423475,410,S3_twin_shock,indonesia,USDC
571,0.7600125830498452,32184508.712287888,410,S3_twin_shock,indonesia,USDC
572,0.7619565819528255,31379895.99448069,410,S3_twin_shock,indonesia,USDC
573,0.759566579604631,30595398.59461867,410,S3_twin_shock,indonesia,USDC
574,0.7870499345010598,29830513.629753206,410,S3_twin_shock,indonesia,USDC
575,0.7651255994029326,29084750.789009377,410,S3_twin_shock,indonesia,USDC
576,0.7932651767395517,28357632.019284144,410,S3_twin_shock,indonesia,USDC
577,0.7755148875729029,27648691.218802042,410,S3_twin_shock,indonesia,USDC
578,0.770385366178861,26957473.93833199,410,S3_twin_shock,indonesia,USDC
579,0.7667452346383216,26283537.08987369,410,S3_twin_shock,indonesia,USDC
580,0.7767937321402036,25626448.662626848,410,S3_twin_shock,indonesia,USDC
581,0.7857161079660163,24985787.446061175,410,S3_twin_shock,indonesia,USDC
582,0.7984735204795381,24361142.759909645,410,S3_twin_shock,indonesia,USDC
583,0.8029812927479222,23752114.190911904,410,S3_twin_shock,indonesia,USDC
584,0.8123345015534964,23158311.33613911,410,S3_twin_shock,indonesia,USDC
585,0.7806193554363317,22579353.552735627,410,S3_twin_shock,indonesia,USDC
586,0.7949031265670211,22014869.71391724,410,S3_twin_shock,indonesia,USDC
587,0.6860877790537054,21464497.971069306,410,S3_twin_shock,indonesia,USDC
588,0.7037129530730951,20927885.521792576,410,S3_twin_shock,indonesia,USDC
589,0.6967225446153654,20404688.38374776,410,S3_twin_shock,indonesia,USDC
590,0.7259854453608875,19894571.174154066,410,S3_twin_shock,indonesia,USDC
591,0.7102703634828049,19397206.894800216,410,S3_twin_shock,indonesia,USDC
592,0.7230351823252631,18912276.722430207,410,S3_twin_shock,indonesia,USDC
593,0.7444203981822517,18439469.804369453,410,S3_twin_shock,indonesia,USDC
594,0.7501215713972992,17978483.059260216,410,S3_twin_shock,indonesia,USDC
595,0.7666648596241714,17529020.98277871,410,S3_twin_shock,indonesia,USDC
596,0.7616625283244876,17090795.458209246,410,S3_twin_shock,indonesia,USDC
597,0.7686436662227556,16663525.571754012,410,S3_twin_shock,indonesia,USDC
598,0.7685286651051889,16246937.432460163,410,S3_twin_shock,indonesia,USDC
599,0.7698878994615288,15840763.996648658,410,S3_twin_shock,indonesia,USDC
600,0.7989942154249925,15444744.89673244,410,S3_twin_shock,indonesia,USDC
601,0.7925090127194189,15058626.27431413,410,S3_twin_shock,indonesia,USDC
602,0.7748092805723235,14682160.617456276,410,S3_twin_shock,indonesia,USDC
603,0.7796250901613649,14315106.602019869,410,S3_twin_shock,indonesia,USDC
604,0.7809698861491893,13957228.936969372,410,S3_twin_shock,indonesia,USDC
605,0.7866301675973635,13608298.213545136,410,S3_twin_shock,indonesia,USDC
606,0.7676746196401916,13268090.758206509,410,S3_twin_shock,indonesia,USDC
607,0.7758836403680325,12936388.489251345,410,S3_twin_shock,indonesia,USDC
608,0.7608714873279416,12612978.777020061,410,S3_twin_shock,indonesia,USDC
609,0.743722709343668,12297654.30759456,410,S3_twin_shock,indonesia,USDC
610,0.7505988519749556,11990212.949904695,410,S3_twin_shock,indonesia,USDC
611,0.7706451546914439,11690457.626157079,410,S3_twin_shock,indonesia,USDC
612,0.7727333391232494,11398196.185503153,410,S3_twin_shock,indonesia,USDC
613,0.7998406254581271,11113241.280865572,410,S3_twin_shock,indonesia,USDC
614,0.8078051896045315,10835410.248843934,410,S3_twin_shock,indonesia,USDC
615,0.8131412490233088,10564524.992622836,410,S3_twin_shock,indonesia,USDC
616,0.8311155105291435,10300411.867807265,410,S3_twin_shock,indonesia,USDC
617,0.812226395081858,10042901.571112083,410,S3_twin_shock,indonesia,USDC
618,0.8078487007221858,9791829.03183428,410,S3_twin_shock,indonesia,USDC
619,0.7963135444229379,9547033.306038424,410,S3_twin_shock,indonesia,USDC
620,0.7866844819230202,9308357.473387463,410,S3_twin_shock,indonesia,USDC
621,0.770839493084035,9075648.536552778,410,S3_twin_shock,indonesia,USDC
622,0.7714394446010606,8848757.323138958,410,S3_twin_shock,indonesia,USDC
623,0.7549337867983412,8627538.390060484,410,S3_twin_shock,indonesia,USDC
624,0.7405560815090182,8411849.930308972,410,S3_twin_shock,indonesia,USDC
625,0.7801371404431894,8201553.682051247,410,S3_twin_shock,indonesia,USDC
626,0.7669465373436635,7996514.839999964,410,S3_twin_shock,indonesia,USDC
627,0.7493628007807602,7796601.968999966,410,S3_twin_shock,indonesia,USDC
628,0.7756272439212181,7601686.919774967,410,S3_twin_shock,indonesia,USDC
629,0.7797591809777832,7411644.746780593,410,S3_twin_shock,indonesia,USDC
630,0.774902412987985,7226353.6281110775,410,S3_twin_shock,indonesia,USDC
631,0.7690038163537005,7045694.787408301,410,S3_twin_shock,indonesia,USDC
632,0.7952484216870382,6869552.417723093,410,S3_twin_shock,indonesia,USDC
633,0.7859109298814104,6697813.607280016,410,S3_twin_shock,indonesia,USDC
634,0.7698427121404151,6530368.267098015,410,S3_twin_shock,indonesia,USDC
635,0.7557804724395709,6367109.060420565,410,S3_twin_shock,indonesia,USDC
636,0.7742438886775005,6207931.333910052,410,S3_twin_shock,indonesia,USDC
637,0.7844205675244021,6052733.0505623,410,S3_twin_shock,indonesia,USDC
638,0.7897192478665834,5901414.7242982425,410,S3_twin_shock,indonesia,USDC
639,0.789721522840295,5753879.356190786,410,S3_twin_shock,indonesia,USDC
640,0.7785004044783894,5610032.372286016,410,S3_twin_shock,indonesia,USDC
641,0.7672055126593034,5469781.562978866,410,S3_twin_shock,indonesia,USDC
642,0.7652870696518419,5333037.023904394,410,S3_twin_shock,indonesia,USDC
643,0.6415980790107667,5199711.098306784,410,S3_twin_shock,indonesia,USDC
644,0.6718689951968024,5069718.320849115,410,S3_twin_shock,indonesia,USDC
645,0.6831640294101462,4942975.362827887,410,S3_twin_shock,indonesia,USDC
646,0.691666607327891,4819400.97875719,410,S3_twin_shock,indonesia,USDC
647,0.6841757339079229,4698915.95428826,410,S3_twin_shock,indonesia,USDC
648,0.7005230610088843,4581443.055431053,410,S3_twin_shock,indonesia,USDC
649,0.6979510121579923,4466906.979045277,410,S3_twin_shock,indonesia,USDC
650,0.7160926402540478,4355234.304569146,410,S3_twin_shock,indonesia,USDC
651,0.7401054031006666,4246353.446954916,410,S3_twin_shock,indonesia,USDC
652,0.7456106068402096,4140194.610781044,410,S3_twin_shock,indonesia,USDC
653,0.7575315073937331,4036689.7455115174,410,S3_twin_shock,indonesia,USDC
654,0.7481430083340971,3935772.5018737298,410,S3_twin_shock,indonesia,USDC
655,0.7498473589046182,3837378.189326887,410,S3_twin_shock,indonesia,USDC
656,0.776188021860143,3741443.7345937146,410,S3_twin_shock,indonesia,USDC
657,0.7795511598091107,3647907.6412288714,410,S3_twin_shock,indonesia,USDC
658,0.7933419787087689,3556709.9501981493,410,S3_twin_shock,indonesia,USDC
659,0.7988271341395172,3467792.2014431963,410,S3_twin_shock,indonesia,USDC
660,0.7965233447341705,3381097.396407116,410,S3_twin_shock,indonesia,USDC
661,0.8211142659377717,3296569.961496938,410,S3_twin_shock,indonesia,USDC
662,0.8143840165006706,3214155.712459515,410,S3_twin_shock,indonesia,USDC
663,0.8066456605034684,3133801.819648027,410,S3_twin_shock,indonesia,USDC
664,0.7861750231270866,3055456.774156826,410,S3_twin_shock,indonesia,USDC
665,0.7648192167136177,2979070.3548029056,410,S3_twin_shock,indonesia,USDC
666,0.7701138250667453,2904593.595932833,410,S3_twin_shock,indonesia,USDC
667,0.7894364856375198,2831978.756034512,410,S3_twin_shock,indonesia,USDC
668,0.8191568918136986,2761179.287133649,410,S3_twin_shock,indonesia,USDC
669,0.7972091807680654,2692149.8049553083,410,S3_twin_shock,indonesia,USDC
670,0.7628876022159058,2624846.0598314255,410,S3_twin_shock,indonesia,USDC
671,0.7598568464204332,2559224.90833564,410,S3_twin_shock,indonesia,USDC
672,0.7681144314475482,2495244.2856272487,410,S3_twin_shock,indonesia,USDC
673,0.7871833125069678,2432863.1784865675,410,S3_twin_shock,indonesia,USDC
674,0.7842125902446585,2372041.5990244034,410,S3_twin_shock,indonesia,USDC
675,0.7685024576314031,2312740.5590487933,410,S3_twin_shock,indonesia,USDC
676,0.7627816931182658,2254922.0450725732,410,S3_twin_shock,indonesia,USDC
677,0.7771855958698766,2198548.9939457593,410,S3_twin_shock,indonesia,USDC
678,0.7786672804025575,2143585.2690971154,410,S3_twin_shock,indonesia,USDC
679,0.75740636142565,2089995.6373696872,410,S3_twin_shock,indonesia,USDC
680,0.7351310938580722,2037745.746435445,410,S3_twin_shock,indonesia,USDC
681,0.7637110855242374,1986802.102774559,410,S3_twin_shock,indonesia,USDC
682,0.7751917357211321,1937132.0502051949,410,S3_twin_shock,indonesia,USDC
683,0.77620794378039,1888703.748950065,410,S3_twin_shock,indonesia,USDC
684,0.777806530674236,1841486.1552263133,410,S3_twin_shock,indonesia,USDC
685,0.8063669292717425,1795449.0013456554,410,S3_twin_shock,indonesia,USDC
686,0.8242205275259094,1750562.776312014,410,S3_twin_shock,indonesia,USDC
687,0.8233119847725774,1706798.7069042139,410,S3_twin_shock,indonesia,USDC
688,0.8139221555141525,1664128.7392316083,410,S3_twin_shock,indonesia,USDC
689,0.8125583442044964,1622525.520750818,410,S3_twin_shock,indonesia,USDC
690,0.8193404720589079,1581962.3827320477,410,S3_twin_shock,indonesia,USDC
691,0.8000674926333984,1542413.3231637464,410,S3_twin_shock,indonesia,USDC
692,0.8084172216492778,1503852.9900846528,410,S3_twin_shock,indonesia,USDC
693,0.794778112394102,1466256.6653325364,410,S3_twin_shock,indonesia,USDC
694,0.8020967158672522,1429600.248699223,410,S3_twin_shock,indonesia,USDC
695,0.7870033884717572,1393860.2424817425,410,S3_twin_shock,indonesia,USDC
696,0.7910027735584048,1359013.736419699,410,S3_twin_shock,indonesia,USDC
697,0.7367554631688935,1325038.3930092063,410,S3_twin_shock,indonesia,USDC
698,0.7493167875797084,1291912.4331839762,410,S3_twin_shock,indonesia,USDC
699,0.7582631404109821,1259614.6223543768,410,S3_twin_shock,indonesia,USDC
700,0.7624769897679521,1228124.2567955174,410,S3_twin_shock,indonesia,USDC
701,0.7731031044476465,1197421.1503756293,410,S3_twin_shock,indonesia,USDC
702,0.7739629931288156,1167485.6216162387,410,S3_twin_shock,indonesia,USDC
703,0.776415971441462,1138298.4810758326,410,S3_twin_shock,indonesia,USDC
704,0.7949523214570811,1109841.019048937,410,S3_twin_shock,indonesia,USDC
705,0.7879367464069723,1082094.9935727133,410,S3_twin_shock,indonesia,USDC
706,0.8116202024993352,1055042.6187333956,410,S3_twin_shock,indonesia,USDC
707,0.8284721169539283,1028666.5532650608,410,S3_twin_shock,indonesia,USDC
708,0.8428500010792744,1002949.8894334342,410,S3_twin_shock,indonesia,USDC
709,0.8273672387041202,977876.1421975985,410,S3_twin_shock,indonesia,USDC
710,0.7988688408890933,953429.2386426583,410,S3_twin_shock,indonesia,USDC
711,0.7897529395944388,929593.5076765919,410,S3_twin_shock,indonesia,USDC
712,0.7961324669191034,906353.6699846772,410,S3_twin_shock,indonesia,USDC
713,0.7936249073241637,883694.8282350603,410,S3_twin_shock,indonesia,USDC
714,0.7794425360276831,861602.4575291838,410,S3_twin_shock,indonesia,USDC
715,0.7787607921095117,840062.3960909543,410,S3_twin_shock,indonesia,USDC
716,0.7751704523116312,819060.8361886805,410,S3_twin_shock,indonesia,USDC
717,0.7708188027597149,798584.3152839632,410,S3_twin_shock,indonesia,USDC
718,0.7924178631704598,778619.7074018642,410,S3_twin_shock,indonesia,USDC
719,0.777683319991246,759154.2147168176,410,S3_twin_shock,indonesia,USDC
720,0.7523599674435549,740175.3593488971,410,S3_twin_shock,indonesia,USDC
721,0.7375359715223465,721670.9753651747,410,S3_twin_shock,indonesia,USDC
722,0.7278351577040799,703629.2009810454,410,S3_twin_shock,indonesia,USDC
723,0.7413317129519622,686038.4709565192,410,S3_twin_shock,indonesia,USDC
724,0.7519090802952078,668887.5091826064,410,S3_twin_shock,indonesia,USDC
725,0.7315320058149523,652165.3214530412,410,S3_twin_shock,indonesia,USDC
726,0.7700708664665322,635861.188416715,410,S3_twin_shock,indonesia,USDC
727,0.776787885406407,619964.6587062972,410,S3_twin_shock,indonesia,USDC
728,0.7790612909355691,604465.5422386398,410,S3_twin_shock,indonesia,USDC
729,0.758649443474965,589353.9036826738,410,S3_twin_shock,indonesia,USDC
730,0.771400211009632,574620.056090607,410,S3_twin_shock,indonesia,USDC
731,0.7911323539465974,560254.5546883418,410,S3_twin_shock,indonesia,USDC
732,0.8158160069354955,546248.1908211332,410,S3_twin_shock,indonesia,USDC
733,0.8208319607942879,532591.9860506048,410,S3_twin_shock,indonesia,USDC
734,0.8141605839390561,519277.1863993397,410,S3_twin_shock,indonesia,USDC
735,0.8317375747197638,506295.2567393562,410,S3_twin_shock,indonesia,USDC
736,0.8144275724345081,493637.8753208723,410,S3_twin_shock,indonesia,USDC
737,0.8103024811493701,481296.92843785055,410,S3_twin_shock,indonesia,USDC
738,0.7992363681641396,469264.5052269043,410,S3_twin_shock,indonesia,USDC
739,0.7846904839492108,457532.89259623166,410,S3_twin_shock,indonesia,USDC
740,0.8029810797272855,446094.57028132584,410,S3_twin_shock,indonesia,USDC
741,0.8294142469131298,434942.20602429274,410,S3_twin_shock,indonesia,USDC
742,0.8385416127267158,424068.65087368543,410,S3_twin_shock,indonesia,USDC
743,0.8025890609073791,413466.93460184324,410,S3_twin_shock,indonesia,USDC
744,0.8397692052599174,403130.26123679715,410,S3_twin_shock,indonesia,USDC
745,0.8284247283087215,393052.0047058772,410,S3_twin_shock,indonesia,USDC
746,0.8059383250241035,383225.70458823035,410,S3_twin_shock,indonesia,USDC
747,0.7737097829495815,373645.0619735246,410,S3_twin_shock,indonesia,USDC
748,0.7733944505979781,364303.9354241864,410,S3_twin_shock,indonesia,USDC
749,0.7549889587406488,355196.3370385818,410,S3_twin_shock,indonesia,USDC
750,0.7884637477528557,346316.42861261725,410,S3_twin_shock,indonesia,USDC
751,0.786958473776708,337658.5178973018,410,S3_twin_shock,indonesia,USDC
752,0.7987516900667362,329217.0549498693,410,S3_twin_shock,indonesia,USDC
753,0.8101636945555681,320986.6285761225,410,S3_twin_shock,indonesia,USDC
754,0.8027962191688778,312961.9628617195,410,S3_twin_shock,indonesia,USDC
755,0.6800034803869286,305137.9137901765,410,S3_twin_shock,indonesia,USDC
756,0.6979496225303459,297509.46594542207,410,S3_twin_shock,indonesia,USDC
757,0.7114875323897868,290071.72929678654,410,S3_twin_shock,indonesia,USDC
758,0.7343940983894909,282819.9360643669,410,S3_twin_shock,indonesia,USDC
759,0.7331932332568258,275749.4376627577,410,S3_twin_shock,indonesia,USDC
760,0.7347998776440269,268855.7017211887,410,S3_twin_shock,indonesia,USDC
761,0.7391114194775389,262134.30917815905,410,S3_twin_shock,indonesia,USDC
762,0.732137522068704,255580.95144870505,410,S3_twin_shock,indonesia,USDC
763,0.7451535209292679,249191.42766248743,410,S3_twin_shock,indonesia,USDC
764,0.759909835269356,242961.64197092527,410,S3_twin_shock,indonesia,USDC
765,0.7443558866878679,236887.6009216521,410,S3_twin_shock,indonesia,USDC
766,0.7338209244906637,230965.41089861083,410,S3_twin_shock,indonesia,USDC
767,0.7336824411478797,225191.27562614554,410,S3_twin_shock,indonesia,USDC
768,0.7494089800528813,219561.49373549188,410,S3_twin_shock,indonesia,USDC
769,0.781552099613051,214072.4563921046,410,S3_twin_shock,indonesia,USDC
770,0.7928169563222157,208720.64498230198,410,S3_twin_shock,indonesia,USDC
771,0.786063420161064,203502.62885774445,410,S3_twin_shock,indonesia,USDC
772,0.7747380169439242,198415.06313630083,410,S3_twin_shock,indonesia,USDC
773,0.7575640816643104,193454.6865578933,410,S3_twin_shock,indonesia,USDC
774,0.7717354925054153,188618.31939394597,410,S3_twin_shock,indonesia,USDC
775,0.7966308244524242,183902.8614090973,410,S3_twin_shock,indonesia,USDC
776,0.797115251911424,179305.28987386986,410,S3_twin_shock,indonesia,USDC
777,0.804940089057405,174822.65762702312,410,S3_twin_shock,indonesia,USDC
778,0.8025877763459662,170452.09118634753,410,S3_twin_shock,indonesia,USDC
779,0.8116714170196211,166190.78890668886,410,S3_twin_shock,indonesia,USDC
780,0.806735273831443,162036.01918402163,410,S3_twin_shock,indonesia,USDC
781,0.6886319233943673,157985.1187044211,410,S3_twin_shock,indonesia,USDC
782,0.7069349487496086,154035.49073681058,410,S3_twin_shock,indonesia,USDC
783,0.7086460244637242,150184.6034683903,410,S3_twin_shock,indonesia,USDC
784,0.7132863156413497,146429.98838168057,410,S3_twin_shock,indonesia,USDC
785,0.6991839686873049,142769.23867213854,410,S3_twin_shock,indonesia,USDC
786,0.6937026202774382,139200.00770533507,410,S3_twin_shock,indonesia,USDC
787,0.7056491492317605,135720.00751270168,410,S3_twin_shock,indonesia,USDC
788,0.6818399750718939,132327.00732488412,410,S3_twin_shock,indonesia,USDC
789,0.6864417912064369,129018.83214176203,410,S3_twin_shock,indonesia,USDC
790,0.703498607767553,125793.36133821799,410,S3_twin_shock,indonesia,USDC
791,0.7098991590782072,122648.52730476254,410,S3_twin_shock,indonesia,USDC
792,0.7333206962467992,119582.31412214348,410,S3_twin_shock,indonesia,USDC
793,0.7391261489392957,116592.75626908989,410,S3_twin_shock,indonesia,USDC
794,0.7296054083577317,113677.93736236266,410,S3_twin_shock,indonesia,USDC
795,0.7290340097281676,110835.98892830357,410,S3_twin_shock,indonesia,USDC
796,0.7243040466840467,108065.08920509598,410,S3_twin_shock,indonesia,USDC
797,0.7426211312740205,105363.46197496858,410,S3_twin_shock,indonesia,USDC
798,0.7602925252981693,102729.37542559438,410,S3_twin_shock,indonesia,USDC
799,0.7466044540008056,100161.1410399545,410,S3_twin_shock,indonesia,USDC
800,0.7616587983667682,97657.11251395565,410,S3_twin_shock,indonesia,USDC
801,0.7625765604920388,95215.68470110676,410,S3_twin_shock,indonesia,USDC
802,0.7574747842742834,92835.2925835791,410,S3_twin_shock,indonesia,USDC
803,0.768831165792194,90514.41026898962,410,S3_twin_shock,indonesia,USDC
804,0.7848264873162408,88251.55001226487,410,S3_twin_shock,indonesia,USDC
805,0.8093362873199019,86045.26126195825,410,S3_twin_shock,indonesia,USDC
806,0.7932063274840945,83894.1297304093,410,S3_twin_shock,indonesia,USDC
807,0.8059460801079402,81796.77648714907,410,S3_twin_shock,indonesia,USDC
808,0.8111949455770626,79751.85707497034,410,S3_twin_shock,indonesia,USDC
809,0.8220261631504923,77758.06064809609,410,S3_twin_shock,indonesia,USDC
810,0.8088792785212163,75814.10913189367,410,S3_twin_shock,indonesia,USDC
811,0.7988883353589591,73918.75640359634,410,S3_twin_shock,indonesia,USDC
812,0.7904188040919217,72070.78749350643,410,S3_twin_shock,indonesia,USDC
813,0.8090849465406178,70269.01780616876,410,S3_twin_shock,indonesia,USDC
814,0.8028377028267101,68512.29236101455,410,S3_twin_shock,indonesia,USDC
815,0.8125762706507794,66799.48505198919,410,S3_twin_shock,indonesia,USDC
816,0.7878555530597515,65129.49792568946,410,S3_twin_shock,indonesia,USDC
817,0.7698442626916742,63501.26047754722,410,S3_twin_shock,indonesia,USDC
818,0.7695057460056465,61913.72896560855,410,S3_twin_shock,indonesia,USDC
819,0.7598680094911857,60365.88574146833,410,S3_twin_shock,indonesia,USDC
820,0.7821129217240497,58856.73859793162,410,S3_twin_shock,indonesia,USDC
821,0.7731648740864907,57385.32013298333,410,S3_twin_shock,indonesia,USDC
822,0.768985304522637,55950.68712965875,410,S3_twin_shock,indonesia,USDC
823,0.7673229517157272,54551.91995141728,410,S3_twin_shock,indonesia,USDC
824,0.7481722250501002,53188.121952631845,410,S3_twin_shock,indonesia,USDC
825,0.7505267039731056,51858.418903816055,410,S3_twin_shock,indonesia,USDC
826,0.7693329736718109,50561.95843122065,410,S3_twin_shock,indonesia,USDC
827,0.7736882809571004,49297.909470440136,410,S3_twin_shock,indonesia,USDC
828,0.7753954703935301,48065.46173367913,410,S3_twin_shock,indonesia,USDC
829,0.7540377123159144,46863.82519033716,410,S3_twin_shock,indonesia,USDC
830,0.7740630871323633,45692.22956057872,410,S3_twin_shock,indonesia,USDC
831,0.7669931662933275,44549.923821564254,410,S3_twin_shock,indonesia,USDC
832,0.771438437386474,43436.17572602515,410,S3_twin_shock,indonesia,USDC
833,0.7644683279676899,42350.271332874516,410,S3_twin_shock,indonesia,USDC
834,0.7738885625713454,41291.51454955265,410,S3_twin_shock,indonesia,USDC
835,0.7662692943051231,40259.22668581384,410,S3_twin_shock,indonesia,USDC
836,0.7761808881332766,39252.74601866849,410,S3_twin_shock,indonesia,USDC
837,0.7552971329238863,38271.42736820178,410,S3_twin_shock,indonesia,USDC
838,0.7349738318897493,37314.641683996735,410,S3_twin_shock,indonesia,USDC
839,0.7388966334633663,36381.77564189681,410,S3_twin_shock,indonesia,USDC
840,0.7266529675139872,35472.23125084939,410,S3_twin_shock,indonesia,USDC
841,0.7323260748858526,34585.42546957816,410,S3_twin_shock,indonesia,USDC
842,0.7143824253910963,33720.78983283871,410,S3_twin_shock,indonesia,USDC
843,0.7696897507509304,32877.770087017736,410,S3_twin_shock,indonesia,USDC
844,0.7746472314367393,32055.82583484229,410,S3_twin_shock,indonesia,USDC
845,0.7565055208594409,31254.430188971237,410,S3_twin_shock,indonesia,USDC
846,0.7817263812989705,30473.069434246958,410,S3_twin_shock,indonesia,USDC
847,0.7935976485995009,29711.24269839078,410,S3_twin_shock,indonesia,USDC
848,0.7664791338002354,28968.461630931008,410,S3_twin_shock,indonesia,USDC
849,0.7696462873147694,28244.250090157737,410,S3_twin_shock,indonesia,USDC
850,0.779779494671615,27538.14383790379,410,S3_twin_shock,indonesia,USDC
851,0.7988253304414383,26849.690241956192,410,S3_twin_shock,indonesia,USDC
852,0.8027515604426817,26178.447985907285,410,S3_twin_shock,indonesia,USDC
853,0.8038933613330637,25523.986786259604,410,S3_twin_shock,indonesia,USDC
854,0.7917491312552511,24885.887116603117,410,S3_twin_shock,indonesia,USDC
855,0.780731506123387,24263.73993868804,410,S3_twin_shock,indonesia,USDC
856,0.7582643748677291,23657.146440220837,410,S3_twin_shock,indonesia,USDC
857,0.7455356373953217,23065.717779215316,410,S3_twin_shock,indonesia,USDC
858,0.7496935545149722,22489.074834734933,410,S3_twin_shock,indonesia,USDC
859,0.7487179624243295,21926.84796386656,410,S3_twin_shock,indonesia,USDC
860,0.755291340642668,21378.676764769894,410,S3_twin_shock,indonesia,USDC
861,0.7549681116536882,20844.20984565065,410,S3_twin_shock,indonesia,USDC
862,0.7455607017026458,20323.104599509385,410,S3_twin_shock,indonesia,USDC
863,0.6609828530079678,19815.026984521646,410,S3_twin_shock,indonesia,USDC
864,0.6794269939255726,19319.651309908604,410,S3_twin_shock,indonesia,USDC
865,0.6817039537449853,18836.66002716089,410,S3_twin_shock,indonesia,USDC
866,0.7030084288743146,18365.74352648187,410,S3_twin_shock,indonesia,USDC
867,0.6921639206219024,17906.59993831982,410,S3_twin_shock,indonesia,USDC
868,0.7037503192192858,17458.93493986183,410,S3_twin_shock,indonesia,USDC
869,0.6940233438907407,17022.46156636528,410,S3_twin_shock,indonesia,USDC
870,0.709968290898075,16596.90002720615,410,S3_twin_shock,indonesia,USDC
871,0.7355987019606516,16181.977526525996,410,S3_twin_shock,indonesia,USDC
872,0.7356941230823952,15777.428088362845,410,S3_twin_shock,indonesia,USDC
873,0.7266416060394064,15382.992386153775,410,S3_twin_shock,indonesia,USDC
874,0.7373394174365501,14998.41757649993,410,S3_twin_shock,indonesia,USDC
875,0.748488254265242,14623.457137087433,410,S3_twin_shock,indonesia,USDC
876,0.7495846278990874,14257.870708660246,410,S3_twin_shock,indonesia,USDC
877,0.7479372184164621,13901.42394094374,410,S3_twin_shock,indonesia,USDC
878,0.7562613384845603,13553.888342420147,410,S3_twin_shock,indonesia,USDC
879,0.7589039406365036,13215.041133859644,410,S3_twin_shock,indonesia,USDC
880,0.7689231099259073,12884.665105513153,410,S3_twin_shock,indonesia,USDC
881,0.7530395591839583,12562.548477875323,410,S3_twin_shock,indonesia,USDC
882,0.75906424907949,12248.484765928442,410,S3_twin_shock,indonesia,USDC
883,0.7677419191447906,11942.272646780231,410,S3_twin_shock,indonesia,USDC
884,0.7761357256400828,11643.715830610725,410,S3_twin_shock,indonesia,USDC
885,0.7617728079672285,11352.622934845456,410,S3_twin_shock,indonesia,USDC
886,0.7675728269583184,11068.807361474319,410,S3_twin_shock,indonesia,USDC
887,0.7802540944784827,10792.087177437461,410,S3_twin_shock,indonesia,USDC
888,0.7711248412551379,10522.284998001523,410,S3_twin_shock,indonesia,USDC
889,0.7876678487646405,10259.227873051486,410,S3_twin_shock,indonesia,USDC
890,0.7851484098707285,10002.747176225199,410,S3_twin_shock,indonesia,USDC
891,0.8026477429328219,9752.67849681957,410,S3_twin_shock,indonesia,USDC
892,0.7955853379252454,9508.861534399079,410,S3_twin_shock,indonesia,USDC
893,0.777960421059729,9271.139996039103,410,S3_twin_shock,indonesia,USDC
894,0.7900337700365703,9039.361496138124,410,S3_twin_shock,indonesia,USDC
895,0.789447425469791,8813.37745873467,410,S3_twin_shock,indonesia,USDC
896,0.8109956250162601,8593.043022266305,410,S3_twin_shock,indonesia,USDC
897,0.832223226076627,8378.216946709646,410,S3_twin_shock,indonesia,USDC
898,0.8385491484914289,8168.761523041905,410,S3_twin_shock,indonesia,USDC
899,0.8387251715984069,7964.542484965858,410,S3_twin_shock,indonesia,USDC
900,0.8213853494758432,7765.428922841712,410,S3_twin_shock,indonesia,USDC
901,0.801311491647082,7571.293199770669,410,S3_twin_shock,indonesia,USDC
902,0.7961994014687165,7382.010869776403,410,S3_twin_shock,indonesia,USDC
903,0.8064299626603898,7197.460598031992,410,S3_twin_shock,indonesia,USDC
904,0.7944747784725507,7017.524083081193,410,S3_twin_shock,indonesia,USDC
905,0.806243312914254,6842.085981004162,410,S3_twin_shock,indonesia,USDC
906,0.8071748472546747,6671.033831479058,410,S3_twin_shock,indonesia,USDC
907,0.8206846155403261,6504.257985692082,410,S3_twin_shock,indonesia,USDC
908,0.81387767498183,6341.65153604978,410,S3_twin_shock,indonesia,USDC
909,0.8103131091319722,6183.110247648535,410,S3_twin_shock,indonesia,USDC
910,0.7975354538134248,6028.532491457322,410,S3_twin_shock,indonesia,USDC
911,0.8075289361089079,5877.819179170889,410,S3_twin_shock,indonesia,USDC
912,0.7899312949799816,5730.873699691618,410,S3_twin_shock,indonesia,USDC
913,0.7750518730187715,5587.601857199326,410,S3_twin_shock,indonesia,USDC
914,0.7684333711245531,5447.911810769343,410,S3_twin_shock,indonesia,USDC
915,0.769084261514705,5311.71401550011,410,S3_twin_shock,indonesia,USDC
916,0.7767875803493989,5178.921165112608,410,S3_twin_shock,indonesia,USDC
917,0.7565489751681188,5049.448135984792,410,S3_twin_shock,indonesia,USDC
918,0.7616822118907953,4923.211932585172,410,S3_twin_shock,indonesia,USDC
919,0.7718671814479255,4800.131634270543,410,S3_twin_shock,indonesia,USDC
920,0.8003093585129788,4680.1283434137795,410,S3_twin_shock,indonesia,USDC
921,0.7943742179130449,4563.125134828435,410,S3_twin_shock,indonesia,USDC
922,0.783883459782647,4449.047006457724,410,S3_twin_shock,indonesia,USDC
923,0.7647169039019285,4337.820831296281,410,S3_twin_shock,indonesia,USDC
924,0.7778955059949351,4229.375310513874,410,S3_twin_shock,indonesia,USDC
925,0.7694145812476378,4123.640927751027,410,S3_twin_shock,indonesia,USDC
926,0.7553525254558341,4020.5499045572515,410,S3_twin_shock,indonesia,USDC
927,0.7762113735695655,3920.0361569433207,410,S3_twin_shock,indonesia,USDC
928,0.7911010022403832,3822.0352530197374,410,S3_twin_shock,indonesia,USDC
929,0.8175236223043473,3726.484371694244,410,S3_twin_shock,indonesia,USDC
930,0.8375823844204855,3633.3222624018877,410,S3_twin_shock,indonesia,USDC
931,0.8236527187680649,3542.48920584184,410,S3_twin_shock,indonesia,USDC
932,0.8001803360053089,3453.9269756957947,410,S3_twin_shock,indonesia,USDC
933,0.7827108083541656,3367.5788013034,410,S3_twin_shock,indonesia,USDC
934,0.7987472874439009,3283.389331270814,410,S3_twin_shock,indonesia,USDC
935,0.8014313725559861,3201.3045979890444,410,S3_twin_shock,indonesia,USDC
936,0.8071822936964698,3121.271983039318,410,S3_twin_shock,indonesia,USDC
937,0.8097227946971085,3043.2401834633356,410,S3_twin_shock,indonesia,USDC
938,0.7919736482017925,2967.159178876752,410,S3_twin_shock,indonesia,USDC
939,0.7970414112149407,2892.980199404833,410,S3_twin_shock,indonesia,USDC
940,0.7951455222017108,2820.6556944197123,410,S3_twin_shock,indonesia,USDC
941,0.7929357119462408,2750.1393020592195,410,S3_twin_shock,indonesia,USDC
942,0.7687813365713022,2681.385819507739,410,S3_twin_shock,indonesia,USDC
943,0.7990828070118634,2614.3511740200456,410,S3_twin_shock,indonesia,USDC
944,0.8011585166565552,2548.9923946695444,410,S3_twin_shock,indonesia,USDC
945,0.8123443109560086,2485.2675848028057,410,S3_twin_shock,indonesia,USDC
946,0.8373997117620259,2423.1358951827356,410,S3_twin_shock,indonesia,USDC
947,0.8266827910854346,2362.5574978031673,410,S3_twin_shock,indonesia,USDC
948,0.8274072936084902,2303.493560358088,410,S3_twin_shock,indonesia,USDC
949,0.8012243591278272,2245.906221349136,410,S3_twin_shock,indonesia,USDC
950,0.8253475317728963,2189.7585658154076,410,S3_twin_shock,indonesia,USDC
951,0.8213339315498268,2135.0146016700223,410,S3_twin_shock,indonesia,USDC
952,0.8265480598661018,2081.6392366282716,410,S3_twin_shock,indonesia,USDC
953,0.8183742827298627,2029.5982557125649,410,S3_twin_shock,indonesia,USDC
954,0.8385011450306934,1978.8582993197508,410,S3_twin_shock,indonesia,USDC
955,0.8379300755228283,1929.386841836757,410,S3_twin_shock,indonesia,USDC
956,0.8426274007213311,1881.1521707908382,410,S3_twin_shock,indonesia,USDC
957,0.6993350572106904,1834.123366521067,410,S3_twin_shock,indonesia,USDC
958,0.7053839055964696,1788.2702823580403,410,S3_twin_shock,indonesia,USDC
959,0.7237906181860246,1743.5635252990892,410,S3_twin_shock,indonesia,USDC
960,0.7077434690550962,1699.974437166612,410,S3_twin_shock,indonesia,USDC
961,0.7276970889461278,1657.4750762374467,410,S3_twin_shock,indonesia,USDC
962,0.7484970038977286,1616.0381993315107,410,S3_twin_shock,indonesia,USDC
963,0.7615367421828958,1575.637244348223,410,S3_twin_shock,indonesia,USDC
964,0.7463138618659875,1536.2463132395173,410,S3_twin_shock,indonesia,USDC
965,0.758785713812509,1497.8401554085294,410,S3_twin_shock,indonesia,USDC
966,0.7557507594680937,1460.3941515233162,410,S3_twin_shock,indonesia,USDC
967,0.7674599997528667,1423.8842977352333,410,S3_twin_shock,indonesia,USDC
968,0.7859121465229335,1388.2871902918525,410,S3_twin_shock,indonesia,USDC
969,0.7815622414920635,1353.580010534556,410,S3_twin_shock,indonesia,USDC
970,0.8056770882552203,1319.7405102711923,410,S3_twin_shock,indonesia,USDC
971,0.812354453889871,1286.7469975144124,410,S3_twin_shock,indonesia,USDC
972,0.8043077499006566,1254.578322576552,410,S3_twin_shock,indonesia,USDC
973,0.7940364413627884,1223.2138645121381,410,S3_twin_shock,indonesia,USDC
974,0.7946991228247849,1192.6335178993347,410,S3_twin_shock,indonesia,USDC
975,0.7933527002382825,1162.8176799518512,410,S3_twin_shock,indonesia,USDC
976,0.7978143234259807,1133.747237953055,410,S3_twin_shock,indonesia,USDC
977,0.7866271511236665,1105.4035570042286,410,S3_twin_shock,indonesia,USDC
978,0.7802542470967075,1077.768468079123,410,S3_twin_shock,indonesia,USDC
979,0.8017676525497888,1050.824256377145,410,S3_twin_shock,indonesia,USDC
980,0.8080128152241124,1024.5536499677164,410,S3_twin_shock,indonesia,USDC
981,0.8204821397496735,998.9398087185234,410,S3_twin_shock,indonesia,USDC
982,0.8275728612660516,973.9663135005603,410,S3_twin_shock,indonesia,USDC
983,0.8043022961119485,949.6171556630463,410,S3_twin_shock,indonesia,USDC
984,0.7810374447029798,925.8767267714702,410,S3_twin_shock,indonesia,USDC
985,0.7583810212190354,902.7298086021834,410,S3_twin_shock,indonesia,USDC
986,0.7818794451534526,880.1615633871289,410,S3_twin_shock,indonesia,USDC
987,0.7714579500765135,858.1575243024506,410,S3_twin_shock,indonesia,USDC
988,0.757328168332547,836.7035861948893,410,S3_twin_shock,indonesia,USDC
989,0.7435459919395137,815.7859965400171,410,S3_twin_shock,indonesia,USDC
990,0.7471066448541287,795.3913466265167,410,S3_twin_shock,indonesia,USDC
991,0.7663998805649525,775.5065629608537,410,S3_twin_shock,indonesia,USDC
992,0.7991292070958508,756.1188988868324,410,S3_twin_shock,indonesia,USDC
993,0.8031170794205531,737.2159264146617,410,S3_twin_shock,indonesia,USDC
994,0.8018279964452205,718.7855282542951,410,S3_twin_shock,indonesia,USDC
995,0.8047845341153468,700.8158900479377,410,S3_twin_shock,indonesia,USDC
996,0.8012925311811059,683.2954927967393,410,S3_twin_shock,indonesia,USDC
997,0.7964994739580892,666.2131054768207,410,S3_twin_shock,indonesia,USDC
998,0.8005252144225004,649.5577778399003,410,S3_twin_shock,indonesia,USDC
999,0.7655495202778886,633.3188333939027,410,S3_twin_shock,indonesia,USDC
1000,0.7596583563359409,617.4858625590551,410,S3_twin_shock,indonesia,USDC
