Step,price,liquidity,iteration,scenario,region,coin
1,1.001005064496425,2990322556974.377,390,S3_twin_shock,indonesia,USDC
2,0.9938853369663941,2990322556974.377,390,S3_twin_shock,indonesia,USDC
3,0.9918636288329237,2990322556974.377,390,S3_twin_shock,indonesia,USDC
4,0.9677338837797483,2990322556974.377,390,S3_twin_shock,indonesia,USDC
5,0.9773375436168291,2990182384837.0415,390,S3_twin_shock,indonesia,USDC
6,0.9693776113558465,2990182384837.0415,390,S3_twin_shock,indonesia,USDC
7,1.0069784409875715,2990167979391.96,390,S3_twin_shock,indonesia,USDC
8,1.0176893032881669,2990167979391.96,390,S3_twin_shock,indonesia,USDC
9,1.0639224432538241,2990167979391.96,390,S3_twin_shock,indonesia,USDC
10,1.044699691829507,2990167979391.96,390,S3_twin_shock,indonesia,USDC
11,1.0783705300277455,2990167979391.96,390,S3_twin_shock,indonesia,USDC
12,1.0704595975865654,2990167979391.96,390,S3_twin_shock,indonesia,USDC
13,1.0296263298263564,2990167979391.96,390,S3_twin_shock,indonesia,USDC
14,1.0352726000637562,2990167979391.96,390,S3_twin_shock,indonesia,USDC
15,1.0490011590776642,2990167979391.96,390,S3_twin_shock,indonesia,USDC
16,1.0212462931371928,2990167979391.96,390,S3_twin_shock,indonesia,USDC
17,1.0154064659710527,2990167979391.96,390,S3_twin_shock,indonesia,USDC
18,1.0257790804438554,2990167979391.96,390,S3_twin_shock,indonesia,USDC
19,1.006832911678462,2990167979391.96,390,S3_twin_shock,indonesia,USDC
20,0.9935482908629573,2990167979391.96,390,S3_twin_shock,indonesia,USDC
21,1.000671437705476,2990167979391.96,390,S3_twin_shock,indonesia,USDC
22,0.9814834233625592,2990167979391.96,390,S3_twin_shock,indonesia,USDC
23,1.0087612700343054,2990167979391.96,390,S3_twin_shock,indonesia,USDC
24,1.0137108918442888,2990167979391.96,390,S3_twin_shock,indonesia,USDC
25,0.9926167234857983,2990167979391.96,390,S3_twin_shock,indonesia,USDC
26,1.0035984076530184,2990167979391.96,390,S3_twin_shock,indonesia,USDC
27,1.0267885220076682,2990167979391.96,390,S3_twin_shock,indonesia,USDC
28,1.0100562549461487,2990167979391.96,390,S3_twin_shock,indonesia,USDC
29,1.0091164779005095,2990167979391.96,390,S3_twin_shock,indonesia,USDC
30,1.0372800798286717,2990167979391.96,390,S3_twin_shock,indonesia,USDC
31,1.040069746865843,2990167979391.96,390,S3_twin_shock,indonesia,USDC
32,1.043380923936522,2990167979391.96,390,S3_twin_shock,indonesia,USDC
33,1.0157114315202525,2990167979391.96,390,S3_twin_shock,indonesia,USDC
34,1.0276309340194225,2990167979391.96,390,S3_twin_shock,indonesia,USDC
35,1.0216223308972645,2990167979391.96,390,S3_twin_shock,indonesia,USDC
36,1.0002625090540012,2990167979391.96,390,S3_twin_shock,indonesia,USDC
37,0.9108604670866526,2990167979391.96,390,S3_twin_shock,indonesia,USDC
38,0.9389104810252626,2986608380982.7896,390,S3_twin_shock,indonesia,USDC
39,0.9453229900573596,2984844351298.361,390,S3_twin_shock,indonesia,USDC
40,0.9370941416039981,2983510899498.1133,390,S3_twin_shock,indonesia,USDC
41,0.9484848600207441,2981768358088.9697,390,S3_twin_shock,indonesia,USDC
42,0.9849830634535583,2980627261581.4175,390,S3_twin_shock,indonesia,USDC
43,0.978733107318118,2980627261581.4175,390,S3_twin_shock,indonesia,USDC
44,1.0118719823209699,2980627261581.4175,390,S3_twin_shock,indonesia,USDC
45,0.9734956794329158,2980627261581.4175,390,S3_twin_shock,indonesia,USDC
46,0.9765462323946693,2980627261581.4175,390,S3_twin_shock,indonesia,USDC
47,0.9756820809241515,2980627261581.4175,390,S3_twin_shock,indonesia,USDC
48,0.9973438197007032,2980627261581.4175,390,S3_twin_shock,indonesia,USDC
49,1.0290408791837542,2980627261581.4175,390,S3_twin_shock,indonesia,USDC
50,1.0391839684295066,2980627261581.4175,390,S3_twin_shock,indonesia,USDC
51,1.0480952692962466,2980627261581.4175,390,S3_twin_shock,indonesia,USDC
52,1.037800477036673,2980627261581.4175,390,S3_twin_shock,indonesia,USDC
53,1.074061185614013,2980627261581.4175,390,S3_twin_shock,indonesia,USDC
54,1.0682146631216032,2980627261581.4175,390,S3_twin_shock,indonesia,USDC
55,1.0835300777945913,2980627261581.4175,390,S3_twin_shock,indonesia,USDC
56,1.088034717390547,2980627261581.4175,390,S3_twin_shock,indonesia,USDC
57,1.1074530672258749,2980627261581.4175,390,S3_twin_shock,indonesia,USDC
58,1.1244857686747378,2980627261581.4175,390,S3_twin_shock,indonesia,USDC
59,1.1150422574772088,2980627261581.4175,390,S3_twin_shock,indonesia,USDC
60,1.0937201046854588,2980627261581.4175,390,S3_twin_shock,indonesia,USDC
61,1.1048377072507267,2980627261581.4175,390,S3_twin_shock,indonesia,USDC
62,1.0463717294638444,2980627261581.4175,390,S3_twin_shock,indonesia,USDC
63,1.0255639258373281,2980627261581.4175,390,S3_twin_shock,indonesia,USDC
64,1.0354313747152053,2980627261581.4175,390,S3_twin_shock,indonesia,USDC
65,1.0238591392473895,2980627261581.4175,390,S3_twin_shock,indonesia,USDC
66,0.9989823694930974,2980627261581.4175,390,S3_twin_shock,indonesia,USDC
67,1.0231878816478366,2980627261581.4175,390,S3_twin_shock,indonesia,USDC
68,1.029903785702259,2980627261581.4175,390,S3_twin_shock,indonesia,USDC
69,1.0145708953494035,2980627261581.4175,390,S3_twin_shock,indonesia,USDC
70,1.0228231927878475,2980627261581.4175,390,S3_twin_shock,indonesia,USDC
71,0.9793561999012437,2980627261581.4175,390,S3_twin_shock,indonesia,USDC
72,0.9765557911939917,2980627261581.4175,390,S3_twin_shock,indonesia,USDC
73,0.9986141669580972,2980627261581.4175,390,S3_twin_shock,indonesia,USDC
74,0.9862654008403448,2980627261581.4175,390,S3_twin_shock,indonesia,USDC
75,0.9632142204149354,2980627261581.4175,390,S3_twin_shock,indonesia,USDC
76,0.9675644691576829,2980336280604.4897,390,S3_twin_shock,indonesia,USDC
77,0.986974920724287,2980228842937.0513,390,S3_twin_shock,indonesia,USDC
78,0.9844008661002058,2980228842937.0513,390,S3_twin_shock,indonesia,USDC
79,0.9954382092586999,2980228842937.0513,390,S3_twin_shock,indonesia,USDC
80,0.9935934287010577,2980228842937.0513,390,S3_twin_shock,indonesia,USDC
81,1.025137335994851,2980228842937.0513,390,S3_twin_shock,indonesia,USDC
82,1.0291936042353986,2980228842937.0513,390,S3_twin_shock,indonesia,USDC
83,1.0350813417042208,2980228842937.0513,390,S3_twin_shock,indonesia,USDC
84,1.0284169753511925,2980228842937.0513,390,S3_twin_shock,indonesia,USDC
85,1.029029515854864,2980228842937.0513,390,S3_twin_shock,indonesia,USDC
86,1.0310465149264687,2980228842937.0513,390,S3_twin_shock,indonesia,USDC
87,0.9970227996356377,2980228842937.0513,390,S3_twin_shock,indonesia,USDC
88,0.9942352106642058,2980228842937.0513,390,S3_twin_shock,indonesia,USDC
89,0.9784629809001698,2980228842937.0513,390,S3_twin_shock,indonesia,USDC
90,0.997200406777302,2980228842937.0513,390,S3_twin_shock,indonesia,USDC
91,1.0091125642863796,2980228842937.0513,390,S3_twin_shock,indonesia,USDC
92,1.0216646144710473,2980228842937.0513,390,S3_twin_shock,indonesia,USDC
93,1.0216696993529848,2980228842937.0513,390,S3_twin_shock,indonesia,USDC
94,1.0413126135902464,2980228842937.0513,390,S3_twin_shock,indonesia,USDC
95,1.0552266938000368,2980228842937.0513,390,S3_twin_shock,indonesia,USDC
96,1.0493894903818606,2980228842937.0513,390,S3_twin_shock,indonesia,USDC
97,1.019301247341161,2980228842937.0513,390,S3_twin_shock,indonesia,USDC
98,1.012056386477301,2980228842937.0513,390,S3_twin_shock,indonesia,USDC
99,0.999064556428998,2980228842937.0513,390,S3_twin_shock,indonesia,USDC
100,0.9941762122825203,2980228842937.0513,390,S3_twin_shock,indonesia,USDC
101,0.858644462196453,2980228842937.0513,390,S3_twin_shock,indonesia,USDC
102,0.8538789249519892,2974766606005.2783,390,S3_twin_shock,indonesia,USDC
103,0.86799134112514,2969533815809.6265,390,S3_twin_shock,indonesia,USDC
104,0.9111594733714613,2965484991828.9805,390,S3_twin_shock,indonesia,USDC
105,0.9251001449397772,2963448712425.3213,390,S3_twin_shock,indonesia,USDC
106,0.9489739446759268,2961995330402.251,390,S3_twin_shock,indonesia,USDC
107,0.9274225938519483,2961335831754.6787,390,S3_twin_shock,indonesia,USDC
108,0.9592556859877633,2959974527840.9653,390,S3_twin_shock,indonesia,USDC
109,0.9674956918361137,2959687721754.82,390,S3_twin_shock,indonesia,USDC
110,0.9873508773575711,2959661108658.296,390,S3_twin_shock,indonesia,USDC
111,0.9594804021705109,2959661108658.296,390,S3_twin_shock,indonesia,USDC
112,0.989334358666882,2959342933643.2295,390,S3_twin_shock,indonesia,USDC
113,0.987213865244189,2959342933643.2295,390,S3_twin_shock,indonesia,USDC
114,1.0152167478985874,2959342933643.2295,390,S3_twin_shock,indonesia,USDC
115,1.0156956701188915,2959342933643.2295,390,S3_twin_shock,indonesia,USDC
116,0.9910306987089953,2959342933643.2295,390,S3_twin_shock,indonesia,USDC
117,0.9953578030115021,2959342933643.2295,390,S3_twin_shock,indonesia,USDC
118,1.022689733172633,2959342933643.2295,390,S3_twin_shock,indonesia,USDC
119,1.0016150120752763,2959342933643.2295,390,S3_twin_shock,indonesia,USDC
120,1.0037216393650747,2959342933643.2295,390,S3_twin_shock,indonesia,USDC
121,0.9754818524873707,2885359360302.149,390,S3_twin_shock,indonesia,USDC
122,0.9585810978367322,2813225376294.595,390,S3_twin_shock,indonesia,USDC
123,0.9173109142669161,2742581887986.2163,390,S3_twin_shock,indonesia,USDC
124,0.9103418550240636,2672616664141.826,390,S3_twin_shock,indonesia,USDC
125,0.8702655160224497,2604207422666.973,390,S3_twin_shock,indonesia,USDC
126,0.8808748428708817,2536644976388.6084,390,S3_twin_shock,indonesia,USDC
127,0.8950598528229171,2471250629892.801,390,S3_twin_shock,indonesia,USDC
128,0.8828473847886075,2407992729678.2188,390,S3_twin_shock,indonesia,USDC
129,0.8635740155760179,2346194216688.878,390,S3_twin_shock,indonesia,USDC
130,0.8346812166509103,2285621861289.071,390,S3_twin_shock,indonesia,USDC
131,0.8111839672451109,2226355066314.219,390,S3_twin_shock,indonesia,USDC
132,0.8321788548050215,2168496841152.106,390,S3_twin_shock,indonesia,USDC
133,0.8311583167036867,2112785485885.8875,390,S3_twin_shock,indonesia,USDC
134,0.8167466247145015,2058657192150.7104,390,S3_twin_shock,indonesia,USDC
135,0.8141872305719142,2005859509986.5547,390,S3_twin_shock,indonesia,USDC
136,0.8048446376136248,1954573378774.594,390,S3_twin_shock,indonesia,USDC
137,0.7126566916938805,1904695106798.5242,390,S3_twin_shock,indonesia,USDC
138,0.7226141525764963,1855766822650.7703,390,S3_twin_shock,indonesia,USDC
139,0.7344321603275522,1808464263325.2122,390,S3_twin_shock,indonesia,USDC
140,0.737703573546751,1762616748904.3022,390,S3_twin_shock,indonesia,USDC
141,0.7364218452445297,1718051778952.5242,390,S3_twin_shock,indonesia,USDC
142,0.7346841338961996,1674725856687.3542,390,S3_twin_shock,indonesia,USDC
143,0.7176136052800428,1632575002574.2886,390,S3_twin_shock,indonesia,USDC
144,0.7041134263801433,1591527879011.2222,390,S3_twin_shock,indonesia,USDC
145,0.7068787022693718,1551548808246.3657,390,S3_twin_shock,indonesia,USDC
146,0.7091732351177025,1512622975624.5156,390,S3_twin_shock,indonesia,USDC
147,0.7220235574142216,1474712117239.5422,390,S3_twin_shock,indonesia,USDC
148,0.7135448248679358,1437775887113.9724,390,S3_twin_shock,indonesia,USDC
149,0.7141021811200856,1401777385018.2952,390,S3_twin_shock,indonesia,USDC
150,0.7273418592622038,1366693969956.2798,390,S3_twin_shock,indonesia,USDC
151,0.7311168777335778,1332500280987.516,390,S3_twin_shock,indonesia,USDC
152,0.7364107052080835,1299167153122.305,390,S3_twin_shock,indonesia,USDC
153,0.7529258418518536,1266672418417.7158,390,S3_twin_shock,indonesia,USDC
154,0.747272560249927,1234994841150.4531,390,S3_twin_shock,indonesia,USDC
155,0.764016372718484,1204111512426.4243,390,S3_twin_shock,indonesia,USDC
156,0.774786180260842,1174002392899.7456,390,S3_twin_shock,indonesia,USDC
157,0.7651701243937524,1144647879316.9827,390,S3_twin_shock,indonesia,USDC
158,0.744472481048165,1116027821685.0876,390,S3_twin_shock,indonesia,USDC
159,0.7323526160096876,1088123727820.8611,390,S3_twin_shock,indonesia,USDC
160,0.7577916294343255,1060917912854.1622,390,S3_twin_shock,indonesia,USDC
161,0.7628450993485236,1034393098027.6882,390,S3_twin_shock,indonesia,USDC
162,0.7622047193918269,1008531794707.9077,390,S3_twin_shock,indonesia,USDC
163,0.7388391245691289,983317322404.5669,390,S3_twin_shock,indonesia,USDC
164,0.7224262912908301,958733309743.9536,390,S3_twin_shock,indonesia,USDC
165,0.7392833096162882,934764129128.1692,390,S3_twin_shock,indonesia,USDC
166,0.7609358846103912,911394441806.1926,390,S3_twin_shock,indonesia,USDC
167,0.7870048510516092,888609162326.8649,390,S3_twin_shock,indonesia,USDC
168,0.8067402316485904,866393643336.2715,390,S3_twin_shock,indonesia,USDC
169,0.7963993242180653,844733586007.8818,390,S3_twin_shock,indonesia,USDC
170,0.7683185834247218,823615050555.0305,390,S3_twin_shock,indonesia,USDC
171,0.7743352809193057,803024498254.8009,390,S3_twin_shock,indonesia,USDC
172,0.7688180903171026,782948742763.5801,390,S3_twin_shock,indonesia,USDC
173,0.771753948481128,763374908543.1626,390,S3_twin_shock,indonesia,USDC
174,0.7678124905487509,744290441094.7109,390,S3_twin_shock,indonesia,USDC
175,0.7933744624352203,725683107609.4794,390,S3_twin_shock,indonesia,USDC
176,0.831347492098504,707540978069.7367,390,S3_twin_shock,indonesia,USDC
177,0.8524796622953832,689852420796.2837,390,S3_twin_shock,indonesia,USDC
178,0.8132950315814825,672606085195.4224,390,S3_twin_shock,indonesia,USDC
179,0.8276301425999782,655790904129.8553,390,S3_twin_shock,indonesia,USDC
180,0.8106371645369951,639396109338.3496,390,S3_twin_shock,indonesia,USDC
181,0.8163235832254423,623411184772.0907,390,S3_twin_shock,indonesia,USDC
182,0.8368575256031465,607825887150.861,390,S3_twin_shock,indonesia,USDC
183,0.8263340153296513,592630227650.6484,390,S3_twin_shock,indonesia,USDC
184,0.8427141387779553,577814459884.6101,390,S3_twin_shock,indonesia,USDC
185,0.8271095534764734,563369089412.7733,390,S3_twin_shock,indonesia,USDC
186,0.823253346563309,549284853006.73706,390,S3_twin_shock,indonesia,USDC
187,0.8025611490656573,535552724134.3833,390,S3_twin_shock,indonesia,USDC
188,0.7125533951385015,522163898634.02856,390,S3_twin_shock,indonesia,USDC
189,0.7315392455155157,509109791229.1509,390,S3_twin_shock,indonesia,USDC
190,0.7463896023468917,496382039905.91907,390,S3_twin_shock,indonesia,USDC
191,0.7288890581904431,483972484005.97284,390,S3_twin_shock,indonesia,USDC
192,0.7565414122338217,471873167899.2974,390,S3_twin_shock,indonesia,USDC
193,0.7698657554578601,460076335947.2573,390,S3_twin_shock,indonesia,USDC
194,0.7758631790205529,448574425525.26245,390,S3_twin_shock,indonesia,USDC
195,0.7822775291558725,437360063351.7687,390,S3_twin_shock,indonesia,USDC
196,0.7886166284082325,426426060594.62524,390,S3_twin_shock,indonesia,USDC
197,0.7794314424803119,415765408114.7265,390,S3_twin_shock,indonesia,USDC
198,0.7894783567890917,405371272083.9064,390,S3_twin_shock,indonesia,USDC
199,0.7852852634716392,395236989673.7091,390,S3_twin_shock,indonesia,USDC
200,0.7804485678609426,385356064386.913,390,S3_twin_shock,indonesia,USDC
201,0.7971079603629749,375722162341.7773,390,S3_twin_shock,indonesia,USDC
202,0.7767420302512346,366329107954.2304,390,S3_twin_shock,indonesia,USDC
203,0.8022338513305577,357170879952.11676,390,S3_twin_shock,indonesia,USDC
204,0.8029753151921135,348241607737.2831,390,S3_twin_shock,indonesia,USDC
205,0.8026156880234967,339535567376.46484,390,S3_twin_shock,indonesia,USDC
206,0.790412886345441,331047178051.4845,390,S3_twin_shock,indonesia,USDC
207,0.8131575572895109,322770998473.7897,390,S3_twin_shock,indonesia,USDC
208,0.837967864803672,314701723415.1447,390,S3_twin_shock,indonesia,USDC
209,0.8354720359042019,306834180264.2318,390,S3_twin_shock,indonesia,USDC
210,0.8345521787105304,299163325697.1119,390,S3_twin_shock,indonesia,USDC
211,0.8441248589180305,291684242505.41125,390,S3_twin_shock,indonesia,USDC
212,0.8462038816431827,284392136403.02466,390,S3_twin_shock,indonesia,USDC
213,0.8189614448491245,277282332957.0829,390,S3_twin_shock,indonesia,USDC
214,0.8169758999215557,270350274594.8464,390,S3_twin_shock,indonesia,USDC
215,0.8061279665880853,263591517696.43347,390,S3_twin_shock,indonesia,USDC
216,0.7834650308177864,257001729724.9526,390,S3_twin_shock,indonesia,USDC
217,0.7817655530523523,250576686454.0934,390,S3_twin_shock,indonesia,USDC
218,0.7751036647121043,244312269270.38928,390,S3_twin_shock,indonesia,USDC
219,0.7597294634126319,238204462518.5536,390,S3_twin_shock,indonesia,USDC
220,0.7510295009603402,232249350939.27087,390,S3_twin_shock,indonesia,USDC
221,0.7712179009573976,226443117151.44916,390,S3_twin_shock,indonesia,USDC
222,0.7761310737248799,220782039212.58374,390,S3_twin_shock,indonesia,USDC
223,0.7569665224596303,215262488224.75558,390,S3_twin_shock,indonesia,USDC
224,0.7905201556840075,209880926012.33224,390,S3_twin_shock,indonesia,USDC
225,0.7950326375139761,204633902857.61407,390,S3_twin_shock,indonesia,USDC
226,0.8031248356136522,199518055282.49826,390,S3_twin_shock,indonesia,USDC
227,0.7834087546344021,194530103897.67664,390,S3_twin_shock,indonesia,USDC
228,0.7843115919629754,189666851297.55286,390,S3_twin_shock,indonesia,USDC
229,0.7712619368144088,184925180012.99918,390,S3_twin_shock,indonesia,USDC
230,0.7744981204685044,180302050510.80054,390,S3_twin_shock,indonesia,USDC
231,0.7781806734782415,175794499246.6495,390,S3_twin_shock,indonesia,USDC
232,0.7669711226223919,171399636764.31842,390,S3_twin_shock,indonesia,USDC
233,0.7572715617235153,167114645844.2592,390,S3_twin_shock,indonesia,USDC
234,0.7386546938650901,162936779697.34103,390,S3_twin_shock,indonesia,USDC
235,0.7479172836302841,158863360204.20093,390,S3_twin_shock,indonesia,USDC
236,0.7297744124010339,154891776198.5794,390,S3_twin_shock,indonesia,USDC
237,0.7398856018726897,151019481793.18414,390,S3_twin_shock,indonesia,USDC
238,0.7424317255665862,147243994748.04407,390,S3_twin_shock,indonesia,USDC
239,0.7347039681539126,143562894879.122,390,S3_twin_shock,indonesia,USDC
240,0.7455958498666069,139973822506.96243,390,S3_twin_shock,indonesia,USDC
241,0.7463048064603037,136474476944.1557,390,S3_twin_shock,indonesia,USDC
242,0.7876371690663855,133062615020.44905,390,S3_twin_shock,indonesia,USDC
243,0.7960758789587935,129736049644.8714,390,S3_twin_shock,indonesia,USDC
244,0.786486230563992,126492648403.69693,390,S3_twin_shock,indonesia,USDC
245,0.7820717266189381,123330332193.55975,390,S3_twin_shock,indonesia,USDC
246,0.7777647231442794,120247073888.68271,390,S3_twin_shock,indonesia,USDC
247,0.7948122196981336,117240897041.43607,390,S3_twin_shock,indonesia,USDC
248,0.7978961782172966,114309874615.37735,390,S3_twin_shock,indonesia,USDC
249,0.8189378354154576,111452127749.97484,390,S3_twin_shock,indonesia,USDC
250,0.8293958090658209,108665824556.21207,390,S3_twin_shock,indonesia,USDC
251,0.8152039955322999,105949178942.29663,390,S3_twin_shock,indonesia,USDC
252,0.8137249193022484,103300449468.72952,390,S3_twin_shock,indonesia,USDC
253,0.8186892520605079,100717938232.003,390,S3_twin_shock,indonesia,USDC
254,0.8146699685741017,98199989776.19571,390,S3_twin_shock,indonesia,USDC
255,0.8292136125407171,95744990031.78453,390,S3_twin_shock,indonesia,USDC
256,0.8086123299779634,93351365280.98544,390,S3_twin_shock,indonesia,USDC
257,0.8084579258467853,91017581148.95616,390,S3_twin_shock,indonesia,USDC
258,0.8332566227503289,88742141620.2283,390,S3_twin_shock,indonesia,USDC
259,0.8191443385779591,86523588079.71997,390,S3_twin_shock,indonesia,USDC
260,0.8264673945756031,84360498377.72433,390,S3_twin_shock,indonesia,USDC
261,0.8394842665219068,82251485918.2792,390,S3_twin_shock,indonesia,USDC
262,0.8263679515987916,80195198770.32054,390,S3_twin_shock,indonesia,USDC
263,0.7940300821551256,78190318801.06091,390,S3_twin_shock,indonesia,USDC
264,0.8024044559866409,76235560831.03278,390,S3_twin_shock,indonesia,USDC
265,0.7608266576906376,74329671810.25569,390,S3_twin_shock,indonesia,USDC
266,0.7717902785819267,72471430014.99792,390,S3_twin_shock,indonesia,USDC
267,0.7602222761884346,70659644264.62198,390,S3_twin_shock,indonesia,USDC
268,0.7599619343413918,68893153158.00555,390,S3_twin_shock,indonesia,USDC
269,0.7665291612604133,67170824329.05475,390,S3_twin_shock,indonesia,USDC
270,0.7601144250321529,65491553720.82786,390,S3_twin_shock,indonesia,USDC
271,0.7759902704343137,63854264877.806755,390,S3_twin_shock,indonesia,USDC
272,0.7828567311714351,62257908255.86128,390,S3_twin_shock,indonesia,USDC
273,0.7842735566840531,60701460549.46451,390,S3_twin_shock,indonesia,USDC
274,0.8021044289240714,59183924035.72772,390,S3_twin_shock,indonesia,USDC
275,0.8140628067367133,57704325934.8344,390,S3_twin_shock,indonesia,USDC
276,0.7972672412120274,56261717786.463425,390,S3_twin_shock,indonesia,USDC
277,0.7908368329171387,54855174841.80175,390,S3_twin_shock,indonesia,USDC
278,0.8089128901007032,53483795470.75662,390,S3_twin_shock,indonesia,USDC
279,0.8089793624899555,52146700583.98764,390,S3_twin_shock,indonesia,USDC
280,0.7928042181531215,50843033069.38789,390,S3_twin_shock,indonesia,USDC
281,0.790324051377355,49571957242.65315,390,S3_twin_shock,indonesia,USDC
282,0.7948075621044536,48332658311.586784,390,S3_twin_shock,indonesia,USDC
283,0.7882408438649321,47124341853.79708,390,S3_twin_shock,indonesia,USDC
284,0.7852018597023988,45946233307.45212,390,S3_twin_shock,indonesia,USDC
285,0.7885671632601918,44797577474.76579,390,S3_twin_shock,indonesia,USDC
286,0.7872234618097805,43677638037.89664,390,S3_twin_shock,indonesia,USDC
287,0.7924915457660437,42585697086.949196,390,S3_twin_shock,indonesia,USDC
288,0.7843359393674013,41521054659.77546,390,S3_twin_shock,indonesia,USDC
289,0.7710080565164547,40483028293.28106,390,S3_twin_shock,indonesia,USDC
290,0.7847703842582002,39470952585.94902,390,S3_twin_shock,indonesia,USDC
291,0.782118268123814,38484178771.300285,390,S3_twin_shock,indonesia,USDC
292,0.8107014837768843,37522074302.01778,390,S3_twin_shock,indonesia,USDC
293,0.8064504654651374,36584022444.46733,390,S3_twin_shock,indonesia,USDC
294,0.8195662588710596,35669421883.35564,390,S3_twin_shock,indonesia,USDC
295,0.7947890142978717,34777686336.27174,390,S3_twin_shock,indonesia,USDC
296,0.8025494784142942,33908244177.864956,390,S3_twin_shock,indonesia,USDC
297,0.805265874515867,33060538073.41833,390,S3_twin_shock,indonesia,USDC
298,0.7959513069414343,32234024621.58287,390,S3_twin_shock,indonesia,USDC
299,0.7596722195380455,31428174006.043297,390,S3_twin_shock,indonesia,USDC
300,0.767353849176668,30642469655.892216,390,S3_twin_shock,indonesia,USDC
301,0.7900532717696204,29876407914.49491,390,S3_twin_shock,indonesia,USDC
302,0.7936987883528679,29129497716.63254,390,S3_twin_shock,indonesia,USDC
303,0.7701581133087902,28401260273.71673,390,S3_twin_shock,indonesia,USDC
304,0.7721503111464282,27691228766.87381,390,S3_twin_shock,indonesia,USDC
305,0.7958493339195893,26998948047.701965,390,S3_twin_shock,indonesia,USDC
306,0.7822877173861055,26323974346.509415,390,S3_twin_shock,indonesia,USDC
307,0.7872200219846506,25665874987.84668,390,S3_twin_shock,indonesia,USDC
308,0.8008942138649595,25024228113.150513,390,S3_twin_shock,indonesia,USDC
309,0.7857727840911041,24398622410.32175,390,S3_twin_shock,indonesia,USDC
310,0.7996105480089128,23788656850.063705,390,S3_twin_shock,indonesia,USDC
311,0.8175660274329682,23193940428.812115,390,S3_twin_shock,indonesia,USDC
312,0.814565674732348,22614091918.091812,390,S3_twin_shock,indonesia,USDC
313,0.813098790258579,22048739620.13952,390,S3_twin_shock,indonesia,USDC
314,0.8086632044799058,21497521129.63603,390,S3_twin_shock,indonesia,USDC
315,0.811757506047555,20960083101.39513,390,S3_twin_shock,indonesia,USDC
316,0.8228063342808173,20436081023.860252,390,S3_twin_shock,indonesia,USDC
317,0.824720912226127,19925178998.263744,390,S3_twin_shock,indonesia,USDC
318,0.828155356837968,19427049523.30715,390,S3_twin_shock,indonesia,USDC
319,0.8171106994446312,18941373285.224472,390,S3_twin_shock,indonesia,USDC
320,0.8107398586579518,18467838953.093857,390,S3_twin_shock,indonesia,USDC
321,0.816383782493375,18006142979.26651,390,S3_twin_shock,indonesia,USDC
322,0.8112399861208586,17555989404.78485,390,S3_twin_shock,indonesia,USDC
323,0.8180408830096998,17117089669.66523,390,S3_twin_shock,indonesia,USDC
324,0.8142401831994083,16689162427.923597,390,S3_twin_shock,indonesia,USDC
325,0.83055293926615,16271933367.22551,390,S3_twin_shock,indonesia,USDC
326,0.8042458594372367,15865135033.044872,390,S3_twin_shock,indonesia,USDC
327,0.7872442642347071,15468506657.21875,390,S3_twin_shock,indonesia,USDC
328,0.7770664980276591,15081793990.78828,390,S3_twin_shock,indonesia,USDC
329,0.7789949489905892,14704749141.018574,390,S3_twin_shock,indonesia,USDC
330,0.7567045959781135,14337130412.493107,390,S3_twin_shock,indonesia,USDC
331,0.7513240614149401,13978702152.180782,390,S3_twin_shock,indonesia,USDC
332,0.7652282734384859,13629234598.376263,390,S3_twin_shock,indonesia,USDC
333,0.7497370140254712,13288503733.416855,390,S3_twin_shock,indonesia,USDC
334,0.7517803761928056,12956291140.081432,390,S3_twin_shock,indonesia,USDC
335,0.7761485508365268,12632383861.579397,390,S3_twin_shock,indonesia,USDC
336,0.7441440934425911,12316574265.039913,390,S3_twin_shock,indonesia,USDC
337,0.7633719603295649,12008659908.413914,390,S3_twin_shock,indonesia,USDC
338,0.7514396323751762,11708443410.703568,390,S3_twin_shock,indonesia,USDC
339,0.6681115367052466,11415732325.435978,390,S3_twin_shock,indonesia,USDC
340,0.6665220338644637,11130339017.30008,390,S3_twin_shock,indonesia,USDC
341,0.6995706918150512,10852080541.867577,390,S3_twin_shock,indonesia,USDC
342,0.6978776740822693,10580778528.320887,390,S3_twin_shock,indonesia,USDC
343,0.6855152476129467,10316259065.112865,390,S3_twin_shock,indonesia,USDC
344,0.7055162140846539,10058352588.485043,390,S3_twin_shock,indonesia,USDC
345,0.7098691853809165,9806893773.772917,390,S3_twin_shock,indonesia,USDC
346,0.7219244612471583,9561721429.428595,390,S3_twin_shock,indonesia,USDC
347,0.7509860983832424,9322678393.692879,390,S3_twin_shock,indonesia,USDC
348,0.7462716671185052,9089611433.850557,390,S3_twin_shock,indonesia,USDC
349,0.760149491267623,8862371148.004292,390,S3_twin_shock,indonesia,USDC
350,0.7718273124152847,8640811869.304186,390,S3_twin_shock,indonesia,USDC
351,0.7546545116459753,8424791572.571581,390,S3_twin_shock,indonesia,USDC
352,0.7397668591153607,8214171783.257292,390,S3_twin_shock,indonesia,USDC
353,0.757584517107317,8008817488.675859,390,S3_twin_shock,indonesia,USDC
354,0.7609317909841486,7808597051.4589615,390,S3_twin_shock,indonesia,USDC
355,0.7520522604372756,7613382125.172489,390,S3_twin_shock,indonesia,USDC
356,0.7698893845451592,7423047572.043177,390,S3_twin_shock,indonesia,USDC
357,0.7852733595893301,7237471382.742096,390,S3_twin_shock,indonesia,USDC
358,0.7778863828787826,7056534598.173544,390,S3_twin_shock,indonesia,USDC
359,0.7717835566123812,6880121233.219206,390,S3_twin_shock,indonesia,USDC
360,0.7721552200950164,6708118202.388725,390,S3_twin_shock,indonesia,USDC
361,0.7628854733204992,6540415247.329008,390,S3_twin_shock,indonesia,USDC
362,0.7589597150198507,6376904866.145782,390,S3_twin_shock,indonesia,USDC
363,0.755951009901291,6217482244.492138,390,S3_twin_shock,indonesia,USDC
364,0.7553353791232873,6062045188.379834,390,S3_twin_shock,indonesia,USDC
365,0.769979998238489,5910494058.670339,390,S3_twin_shock,indonesia,USDC
366,0.7702860565855186,5762731707.20358,390,S3_twin_shock,indonesia,USDC
367,0.7994626639796133,5618663414.523491,390,S3_twin_shock,indonesia,USDC
368,0.8063297074427379,5478196829.160404,390,S3_twin_shock,indonesia,USDC
369,0.7863574054873318,5341241908.431394,390,S3_twin_shock,indonesia,USDC
370,0.7895690739600856,5207710860.720609,390,S3_twin_shock,indonesia,USDC
371,0.7956537324613517,5077518089.202593,390,S3_twin_shock,indonesia,USDC
372,0.7853554680878624,4950580136.972528,390,S3_twin_shock,indonesia,USDC
373,0.7880100755258928,4826815633.548216,390,S3_twin_shock,indonesia,USDC
374,0.7835077713097186,4706145242.70951,390,S3_twin_shock,indonesia,USDC
375,0.7691845402779413,4588491611.641771,390,S3_twin_shock,indonesia,USDC
376,0.7469846541639573,4473779321.350727,390,S3_twin_shock,indonesia,USDC
377,0.7571095363701519,4361934838.316959,390,S3_twin_shock,indonesia,USDC
378,0.7592657007100179,4252886467.3590355,390,S3_twin_shock,indonesia,USDC
379,0.7633271679740276,4146564305.67506,390,S3_twin_shock,indonesia,USDC
380,0.7575628583082206,4042900198.033183,390,S3_twin_shock,indonesia,USDC
381,0.770657912205297,3941827693.0823536,390,S3_twin_shock,indonesia,USDC
382,0.7525173704992701,3843282000.755295,390,S3_twin_shock,indonesia,USDC
383,0.727294289133816,3747199950.7364125,390,S3_twin_shock,indonesia,USDC
384,0.7500756264592756,3653519951.9680023,390,S3_twin_shock,indonesia,USDC
385,0.7536289863568235,3562181953.1688023,390,S3_twin_shock,indonesia,USDC
386,0.7749866581172218,3473127404.3395815,390,S3_twin_shock,indonesia,USDC
387,0.7801262071081071,3386299219.2310925,390,S3_twin_shock,indonesia,USDC
388,0.7993057609070299,3301641738.750315,390,S3_twin_shock,indonesia,USDC
389,0.8198013787411983,3219100695.281557,390,S3_twin_shock,indonesia,USDC
390,0.8330377586166691,3138623177.899518,390,S3_twin_shock,indonesia,USDC
391,0.8117612884159249,3060157598.45203,390,S3_twin_shock,indonesia,USDC
392,0.7876265202927913,2983653658.4907293,390,S3_twin_shock,indonesia,USDC
393,0.795351271156408,2909062317.0284615,390,S3_twin_shock,indonesia,USDC
394,0.7871505737961916,2836335759.10275,390,S3_twin_shock,indonesia,USDC
395,0.7834587172688774,2765427365.125181,390,S3_twin_shock,indonesia,USDC
396,0.7959438491382138,2696291680.9970517,390,S3_twin_shock,indonesia,USDC
397,0.7825989924065295,2628884388.972125,390,S3_twin_shock,indonesia,USDC
398,0.7837082910978007,2563162279.247822,390,S3_twin_shock,indonesia,USDC
399,0.7620610703951894,2499083222.2666264,390,S3_twin_shock,indonesia,USDC
400,0.7220721901555311,2436606141.709961,390,S3_twin_shock,indonesia,USDC
401,0.7399378846920966,2375690988.167212,390,S3_twin_shock,indonesia,USDC
402,0.7381366429466696,2316298713.463032,390,S3_twin_shock,indonesia,USDC
403,0.7358823238450408,2258391245.626456,390,S3_twin_shock,indonesia,USDC
404,0.7470213935476439,2201931464.4857945,390,S3_twin_shock,indonesia,USDC
405,0.7471720120993733,2146883177.8736496,390,S3_twin_shock,indonesia,USDC
406,0.7449314449059989,2093211098.4268086,390,S3_twin_shock,indonesia,USDC
407,0.73719004266786,2040880820.966138,390,S3_twin_shock,indonesia,USDC
408,0.7397170101223877,1989858800.4419847,390,S3_twin_shock,indonesia,USDC
409,0.7380259782412678,1940112330.430935,390,S3_twin_shock,indonesia,USDC
410,0.7351861021278424,1891609522.1701617,390,S3_twin_shock,indonesia,USDC
411,0.7543732541187698,1844319284.1159077,390,S3_twin_shock,indonesia,USDC
412,0.7779446432363727,1798211302.01301,390,S3_twin_shock,indonesia,USDC
413,0.8008388425357865,1753256019.4626849,390,S3_twin_shock,indonesia,USDC
414,0.8073020241904473,1709424618.9761176,390,S3_twin_shock,indonesia,USDC
415,0.7760191908088668,1666689003.5017147,390,S3_twin_shock,indonesia,USDC
416,0.7974311824708803,1625021778.4141722,390,S3_twin_shock,indonesia,USDC
417,0.7971223452618693,1584396233.9538176,390,S3_twin_shock,indonesia,USDC
418,0.8072822540722996,1544786328.1049721,390,S3_twin_shock,indonesia,USDC
419,0.8172918973414833,1506166669.902348,390,S3_twin_shock,indonesia,USDC
420,0.8267852912059923,1468512503.1547892,390,S3_twin_shock,indonesia,USDC
421,0.8063001228260569,1431799690.5759196,390,S3_twin_shock,indonesia,USDC
422,0.7859739237013723,1396004698.3115215,390,S3_twin_shock,indonesia,USDC
423,0.7666210009086907,1361104580.8537335,390,S3_twin_shock,indonesia,USDC
424,0.7999432201526195,1327076966.33239,390,S3_twin_shock,indonesia,USDC
425,0.7972847353526429,1293900042.1740804,390,S3_twin_shock,indonesia,USDC
426,0.8129463828892692,1261552541.1197283,390,S3_twin_shock,indonesia,USDC
427,0.8143793974675114,1230013727.5917351,390,S3_twin_shock,indonesia,USDC
428,0.844356632374928,1199263384.4019418,390,S3_twin_shock,indonesia,USDC
429,0.8727374547288201,1169281799.7918932,390,S3_twin_shock,indonesia,USDC
430,0.8594471453311655,1140049754.797096,390,S3_twin_shock,indonesia,USDC
431,0.8404201674976444,1111548510.9271684,390,S3_twin_shock,indonesia,USDC
432,0.8368653935281596,1083759798.1539893,390,S3_twin_shock,indonesia,USDC
433,0.8131307487794305,1056665803.2001395,390,S3_twin_shock,indonesia,USDC
434,0.8231184605397939,1030249158.1201361,390,S3_twin_shock,indonesia,USDC
435,0.8018624882962467,1004492929.1671326,390,S3_twin_shock,indonesia,USDC
436,0.8131583895485786,979380605.9379544,390,S3_twin_shock,indonesia,USDC
437,0.7885367988417483,954896090.7895055,390,S3_twin_shock,indonesia,USDC
438,0.7785110481341367,931023688.5197679,390,S3_twin_shock,indonesia,USDC
439,0.7803375603149342,907748096.3067738,390,S3_twin_shock,indonesia,USDC
440,0.7911668613196381,885054393.8991044,390,S3_twin_shock,indonesia,USDC
441,0.7962295209170188,862928034.0516267,390,S3_twin_shock,indonesia,USDC
442,0.7973214285487353,841354833.2003362,390,S3_twin_shock,indonesia,USDC
443,0.7890548346534401,820320962.3703277,390,S3_twin_shock,indonesia,USDC
444,0.7999180730789166,799812938.3110695,390,S3_twin_shock,indonesia,USDC
445,0.8281582941909723,779817614.8532928,390,S3_twin_shock,indonesia,USDC
446,0.8192131646576529,760322174.4819605,390,S3_twin_shock,indonesia,USDC
447,0.7978272201424386,741314120.1199114,390,S3_twin_shock,indonesia,USDC
448,0.8082440893243363,722781267.1169137,390,S3_twin_shock,indonesia,USDC
449,0.8129246169229196,704711735.4389908,390,S3_twin_shock,indonesia,USDC
450,0.7962778272173834,687093942.0530161,390,S3_twin_shock,indonesia,USDC
451,0.7770204543883483,669916593.5016906,390,S3_twin_shock,indonesia,USDC
452,0.7957515075889836,653168678.6641484,390,S3_twin_shock,indonesia,USDC
453,0.8032367517917613,636839461.6975447,390,S3_twin_shock,indonesia,USDC
454,0.80114512723015,620918475.1551062,390,S3_twin_shock,indonesia,USDC
455,0.7686515115034761,605395513.2762284,390,S3_twin_shock,indonesia,USDC
456,0.7832637784291052,590260625.4443228,390,S3_twin_shock,indonesia,USDC
457,0.7607533083556597,575504109.8082147,390,S3_twin_shock,indonesia,USDC
458,0.7850634820999424,561116507.0630093,390,S3_twin_shock,indonesia,USDC
459,0.7944873730622094,547088594.3864341,390,S3_twin_shock,indonesia,USDC
460,0.7818488750384088,533411379.5267732,390,S3_twin_shock,indonesia,USDC
461,0.7902279588461487,520076095.0386039,390,S3_twin_shock,indonesia,USDC
462,0.7913895025559893,507074192.66263884,390,S3_twin_shock,indonesia,USDC
463,0.7681431527405448,494397337.8460729,390,S3_twin_shock,indonesia,USDC
464,0.7146903800407942,482037404.39992106,390,S3_twin_shock,indonesia,USDC
465,0.7312584521919363,469986469.289923,390,S3_twin_shock,indonesia,USDC
466,0.6918346559827969,458236807.55767494,390,S3_twin_shock,indonesia,USDC
467,0.7274115111944476,446780887.36873305,390,S3_twin_shock,indonesia,USDC
468,0.7387412157821337,435611365.18451476,390,S3_twin_shock,indonesia,USDC
469,0.7528562597162863,424721081.0549019,390,S3_twin_shock,indonesia,USDC
470,0.757131394067119,414103054.02852935,390,S3_twin_shock,indonesia,USDC
471,0.767135249165899,403750477.6778161,390,S3_twin_shock,indonesia,USDC
472,0.7520479630398917,393656715.7358707,390,S3_twin_shock,indonesia,USDC
473,0.7786915863371677,383815297.842474,390,S3_twin_shock,indonesia,USDC
474,0.7802642115728482,374219915.3964121,390,S3_twin_shock,indonesia,USDC
475,0.7879163966462371,364864417.5115018,390,S3_twin_shock,indonesia,USDC
476,0.7966672424867389,355742807.07371426,390,S3_twin_shock,indonesia,USDC
477,0.8175425827202051,346849236.8968714,390,S3_twin_shock,indonesia,USDC
478,0.7932104822679397,338178005.97444963,390,S3_twin_shock,indonesia,USDC
479,0.7802933569908795,329723555.8250884,390,S3_twin_shock,indonesia,USDC
480,0.8107536225782764,321480466.9294611,390,S3_twin_shock,indonesia,USDC
481,0.8111279120486702,313443455.25622463,390,S3_twin_shock,indonesia,USDC
482,0.8061028590419826,305607368.874819,390,S3_twin_shock,indonesia,USDC
483,0.8003404514251147,297967184.6529485,390,S3_twin_shock,indonesia,USDC
484,0.8037436575829668,290518005.0366248,390,S3_twin_shock,indonesia,USDC
485,0.8040058465440029,283255054.91070914,390,S3_twin_shock,indonesia,USDC
486,0.8017777493971076,276173678.53794146,390,S3_twin_shock,indonesia,USDC
487,0.7991299595375153,269269336.57449293,390,S3_twin_shock,indonesia,USDC
488,0.7858574076108862,262537603.1601306,390,S3_twin_shock,indonesia,USDC
489,0.7883484553025142,255974163.08112735,390,S3_twin_shock,indonesia,USDC
490,0.8044093939621543,249574809.00409913,390,S3_twin_shock,indonesia,USDC
491,0.8126453258964093,243335438.77899668,390,S3_twin_shock,indonesia,USDC
492,0.8291354313331395,237252052.80952176,390,S3_twin_shock,indonesia,USDC
493,0.8252336081199223,231320751.48928374,390,S3_twin_shock,indonesia,USDC
494,0.8069030364704847,225537732.70205164,390,S3_twin_shock,indonesia,USDC
495,0.8309616629355775,219899289.38450032,390,S3_twin_shock,indonesia,USDC
496,0.8352896954003168,214401807.1498878,390,S3_twin_shock,indonesia,USDC
497,0.837989672231225,209041761.97114062,390,S3_twin_shock,indonesia,USDC
498,0.8383153001715794,203815717.92186207,390,S3_twin_shock,indonesia,USDC
499,0.8289333802805932,198720324.97381553,390,S3_twin_shock,indonesia,USDC
500,0.8236854039337305,193752316.84947014,390,S3_twin_shock,indonesia,USDC
501,0.8167151098724883,188908508.92823339,390,S3_twin_shock,indonesia,USDC
502,0.831179120024436,184185796.20502755,390,S3_twin_shock,indonesia,USDC
503,0.826746220457319,179581151.29990184,390,S3_twin_shock,indonesia,USDC
504,0.8317345381282685,175091622.51740432,390,S3_twin_shock,indonesia,USDC
505,0.8531176242331303,170714331.9544692,390,S3_twin_shock,indonesia,USDC
506,0.8421334776751163,166446473.65560746,390,S3_twin_shock,indonesia,USDC
507,0.8258622376784901,162285311.81421727,390,S3_twin_shock,indonesia,USDC
508,0.8199288331820548,158228179.01886183,390,S3_twin_shock,indonesia,USDC
509,0.8229923057766072,154272474.5433903,390,S3_twin_shock,indonesia,USDC
510,0.832954353434483,150415662.67980555,390,S3_twin_shock,indonesia,USDC
511,0.8291107035983865,146655271.1128104,390,S3_twin_shock,indonesia,USDC
512,0.8640250463492701,142988889.33499014,390,S3_twin_shock,indonesia,USDC
513,0.8260812978434033,139414167.1016154,390,S3_twin_shock,indonesia,USDC
514,0.8416810206141923,135928812.924075,390,S3_twin_shock,indonesia,USDC
515,0.8274536937483391,132530592.60097313,390,S3_twin_shock,indonesia,USDC
516,0.8385989481168195,129217327.78594878,390,S3_twin_shock,indonesia,USDC
517,0.8300948473713984,125986894.59130007,390,S3_twin_shock,indonesia,USDC
518,0.8309660950886117,122837222.22651757,390,S3_twin_shock,indonesia,USDC
519,0.8254397897068098,119766291.67085463,390,S3_twin_shock,indonesia,USDC
520,0.8202991925390322,116772134.37908326,390,S3_twin_shock,indonesia,USDC
521,0.831154479282354,113852831.0196062,390,S3_twin_shock,indonesia,USDC
522,0.8144636698207515,111006510.24411604,390,S3_twin_shock,indonesia,USDC
523,0.8317778326640759,108231347.48801312,390,S3_twin_shock,indonesia,USDC
524,0.8359630884522465,105525563.8008128,390,S3_twin_shock,indonesia,USDC
525,0.8491455330618676,102887424.70579247,390,S3_twin_shock,indonesia,USDC
526,0.8242410905551945,100315239.08814767,390,S3_twin_shock,indonesia,USDC
527,0.8196251992110543,97807358.11094397,390,S3_twin_shock,indonesia,USDC
528,0.8068193764168645,95362174.15817037,390,S3_twin_shock,indonesia,USDC
529,0.7759354928056573,92978119.80421612,390,S3_twin_shock,indonesia,USDC
530,0.7557236057321712,90653666.80911072,390,S3_twin_shock,indonesia,USDC
531,0.7817008884414747,88387325.13888295,390,S3_twin_shock,indonesia,USDC
532,0.7898669911686715,86177642.01041088,390,S3_twin_shock,indonesia,USDC
533,0.7815361385530908,84023200.9601506,390,S3_twin_shock,indonesia,USDC
534,0.7692496351417119,81922620.93614684,390,S3_twin_shock,indonesia,USDC
535,0.7711266128548991,79874555.41274317,390,S3_twin_shock,indonesia,USDC
536,0.7731411116807693,77877691.52742459,390,S3_twin_shock,indonesia,USDC
537,0.763598585320175,75930749.23923898,390,S3_twin_shock,indonesia,USDC
538,0.7165854399798192,74032480.508258,390,S3_twin_shock,indonesia,USDC
539,0.7281129023213138,72181668.49555156,390,S3_twin_shock,indonesia,USDC
540,0.7238680966136233,70377126.78316277,390,S3_twin_shock,indonesia,USDC
541,0.7440477801854513,68617698.61358368,390,S3_twin_shock,indonesia,USDC
542,0.7414328292222478,66902256.1482441,390,S3_twin_shock,indonesia,USDC
543,0.7402153055243487,65229699.744537994,390,S3_twin_shock,indonesia,USDC
544,0.7672282380925889,63598957.25092454,390,S3_twin_shock,indonesia,USDC
545,0.7762634561551122,62008983.31965144,390,S3_twin_shock,indonesia,USDC
546,0.7833130442498264,60458758.73666015,390,S3_twin_shock,indonesia,USDC
547,0.7617755518737461,58947289.76824365,390,S3_twin_shock,indonesia,USDC
548,0.7249765749483273,57473607.524037555,390,S3_twin_shock,indonesia,USDC
549,0.7154453261490117,56036767.33593662,390,S3_twin_shock,indonesia,USDC
550,0.7252395389462478,54635848.15253821,390,S3_twin_shock,indonesia,USDC
551,0.7252895739145447,53269951.94872475,390,S3_twin_shock,indonesia,USDC
552,0.7201577673348034,51938203.15000663,390,S3_twin_shock,indonesia,USDC
553,0.7181029097540105,50639748.07125646,390,S3_twin_shock,indonesia,USDC
554,0.7301003723340457,49373754.36947505,390,S3_twin_shock,indonesia,USDC
555,0.7322814637957201,48139410.51023818,390,S3_twin_shock,indonesia,USDC
556,0.7690556300980104,46935925.24748222,390,S3_twin_shock,indonesia,USDC
557,0.7880692046833077,45762527.11629517,390,S3_twin_shock,indonesia,USDC
558,0.7810343373392177,44618463.93838779,390,S3_twin_shock,indonesia,USDC
559,0.7959746519145059,43503002.33992809,390,S3_twin_shock,indonesia,USDC
560,0.7732552272199744,42415427.28142989,390,S3_twin_shock,indonesia,USDC
561,0.7803326695560051,41355041.59939414,390,S3_twin_shock,indonesia,USDC
562,0.7734265989244404,40321165.55940929,390,S3_twin_shock,indonesia,USDC
563,0.7893172083856399,39313136.42042405,390,S3_twin_shock,indonesia,USDC
564,0.7959959609852766,38330308.00991346,390,S3_twin_shock,indonesia,USDC
565,0.799939061455575,37372050.30966562,390,S3_twin_shock,indonesia,USDC
566,0.7970151007109915,36437749.051923975,390,S3_twin_shock,indonesia,USDC
567,0.8159568709424531,35526805.325625874,390,S3_twin_shock,indonesia,USDC
568,0.8021873005879556,34638635.19248523,390,S3_twin_shock,indonesia,USDC
569,0.7847518488538198,33772669.3126731,390,S3_twin_shock,indonesia,USDC
570,0.7943022517659369,32928352.579856277,390,S3_twin_shock,indonesia,USDC
571,0.7971799258565937,32105143.765359867,390,S3_twin_shock,indonesia,USDC
572,0.7840715567405664,31302515.171225872,390,S3_twin_shock,indonesia,USDC
573,0.756037777785551,30519952.291945223,390,S3_twin_shock,indonesia,USDC
574,0.78209853557819,29756953.484646596,390,S3_twin_shock,indonesia,USDC
575,0.7769356636314633,29013029.64753043,390,S3_twin_shock,indonesia,USDC
576,0.8079291590786161,28287703.90634217,390,S3_twin_shock,indonesia,USDC
577,0.8018062764973102,27580511.30868361,390,S3_twin_shock,indonesia,USDC
578,0.7884561342091465,26890998.52596652,390,S3_twin_shock,indonesia,USDC
579,0.7794327865350171,26218723.562817357,390,S3_twin_shock,indonesia,USDC
580,0.7841318900889753,25563255.473746926,390,S3_twin_shock,indonesia,USDC
581,0.7903598246030289,24924174.08690325,390,S3_twin_shock,indonesia,USDC
582,0.7954620939728965,24301069.734730672,390,S3_twin_shock,indonesia,USDC
583,0.7954518443903883,23693542.991362404,390,S3_twin_shock,indonesia,USDC
584,0.7785929706552763,23101204.416578345,390,S3_twin_shock,indonesia,USDC
585,0.7699852873390154,22523674.306163885,390,S3_twin_shock,indonesia,USDC
586,0.7753463257774046,21960582.44850979,390,S3_twin_shock,indonesia,USDC
587,0.7978358815853448,21411567.88729704,390,S3_twin_shock,indonesia,USDC
588,0.8101451275005478,20876278.690114617,390,S3_twin_shock,indonesia,USDC
589,0.8077081866327193,20354371.72286175,390,S3_twin_shock,indonesia,USDC
590,0.8029214638033167,19845512.429790206,390,S3_twin_shock,indonesia,USDC
591,0.8100692280186674,19349374.61904545,390,S3_twin_shock,indonesia,USDC
592,0.8127920896460034,18865640.253569316,390,S3_twin_shock,indonesia,USDC
593,0.8116730928893471,18393999.247230083,390,S3_twin_shock,indonesia,USDC
594,0.8326347918849634,17934149.26604933,390,S3_twin_shock,indonesia,USDC
595,0.8225952408241655,17485795.534398098,390,S3_twin_shock,indonesia,USDC
596,0.8375335019477668,17048650.646038145,390,S3_twin_shock,indonesia,USDC
597,0.8408002289709097,16622434.379887192,390,S3_twin_shock,indonesia,USDC
598,0.8536077709091066,16206873.520390011,390,S3_twin_shock,indonesia,USDC
599,0.8660172032634336,15801701.682380263,390,S3_twin_shock,indonesia,USDC
600,0.8576784985262507,15406659.140320756,390,S3_twin_shock,indonesia,USDC
601,0.8379015684639738,15021492.661812734,390,S3_twin_shock,indonesia,USDC
602,0.8275823642411919,14645955.345267415,390,S3_twin_shock,indonesia,USDC
603,0.854444294122738,14279806.461635731,390,S3_twin_shock,indonesia,USDC
604,0.8469071738781146,13922811.300094835,390,S3_twin_shock,indonesia,USDC
605,0.8454772055829527,13574741.017592466,390,S3_twin_shock,indonesia,USDC
606,0.8912312436755949,13235372.492152654,390,S3_twin_shock,indonesia,USDC
607,0.8828498675727022,12904488.179848839,390,S3_twin_shock,indonesia,USDC
608,0.8622790383264535,12581875.975352619,390,S3_twin_shock,indonesia,USDC
609,0.8303558136133619,12267329.075968802,390,S3_twin_shock,indonesia,USDC
610,0.793079866432548,11960645.849069582,390,S3_twin_shock,indonesia,USDC
611,0.7702112268066864,11661629.702842843,390,S3_twin_shock,indonesia,USDC
612,0.7692651634574148,11370088.960271772,390,S3_twin_shock,indonesia,USDC
613,0.7646794396287508,11085836.736264978,390,S3_twin_shock,indonesia,USDC
614,0.7718221061538655,10808690.817858353,390,S3_twin_shock,indonesia,USDC
615,0.7646512744262317,10538473.547411893,390,S3_twin_shock,indonesia,USDC
616,0.7397107705645969,10275011.708726596,390,S3_twin_shock,indonesia,USDC
617,0.7580567237528943,10018136.416008431,390,S3_twin_shock,indonesia,USDC
618,0.74480539190291,9767683.00560822,390,S3_twin_shock,indonesia,USDC
619,0.7473037235406355,9523490.930468015,390,S3_twin_shock,indonesia,USDC
620,0.7473346196835761,9285403.657206316,390,S3_twin_shock,indonesia,USDC
621,0.7556697659076256,9053268.565776156,390,S3_twin_shock,indonesia,USDC
622,0.7586571552480141,8826936.851631753,390,S3_twin_shock,indonesia,USDC
623,0.7844385071186796,8606263.430340959,390,S3_twin_shock,indonesia,USDC
624,0.7697515216347287,8391106.844582435,390,S3_twin_shock,indonesia,USDC
625,0.7689736902271558,8181329.1734678745,390,S3_twin_shock,indonesia,USDC
626,0.7592315094660353,7976795.944131177,390,S3_twin_shock,indonesia,USDC
627,0.7586094203097536,7777376.045527897,390,S3_twin_shock,indonesia,USDC
628,0.7696328756811869,7582941.6443897,390,S3_twin_shock,indonesia,USDC
629,0.7757454529717056,7393368.103279958,390,S3_twin_shock,indonesia,USDC
630,0.7578569061709817,7208533.900697959,390,S3_twin_shock,indonesia,USDC
631,0.7506567821250137,7028320.55318051,390,S3_twin_shock,indonesia,USDC
632,0.7509219169887007,6852612.539350998,390,S3_twin_shock,indonesia,USDC
633,0.7423636038666268,6681297.225867223,390,S3_twin_shock,indonesia,USDC
634,0.7679548151730006,6514264.795220542,390,S3_twin_shock,indonesia,USDC
635,0.7691351122872507,6351408.1753400285,390,S3_twin_shock,indonesia,USDC
636,0.7807351776165898,6192622.970956527,390,S3_twin_shock,indonesia,USDC
637,0.7676190674057035,6037807.3966826135,390,S3_twin_shock,indonesia,USDC
638,0.7606537853432402,5886862.211765548,390,S3_twin_shock,indonesia,USDC
639,0.7994926425096389,5739690.65647141,390,S3_twin_shock,indonesia,USDC
640,0.8133621771237444,5596198.390059625,390,S3_twin_shock,indonesia,USDC
641,0.7938216264808984,5456293.430308133,390,S3_twin_shock,indonesia,USDC
642,0.7901769607551642,5319886.094550431,390,S3_twin_shock,indonesia,USDC
643,0.7978301614080713,5186888.94218667,390,S3_twin_shock,indonesia,USDC
644,0.7941573891435973,5057216.718632003,390,S3_twin_shock,indonesia,USDC
645,0.7818725202085746,4930786.300666203,390,S3_twin_shock,indonesia,USDC
646,0.7856176493235428,4807516.643149548,390,S3_twin_shock,indonesia,USDC
647,0.816468598088358,4687328.727070808,390,S3_twin_shock,indonesia,USDC
648,0.844782984764122,4570145.508894039,390,S3_twin_shock,indonesia,USDC
649,0.8418096842458144,4455891.871171688,390,S3_twin_shock,indonesia,USDC
650,0.8435857085713537,4344494.574392395,390,S3_twin_shock,indonesia,USDC
651,0.8502366820259962,4235882.210032586,390,S3_twin_shock,indonesia,USDC
652,0.8381289987839192,4129985.1547817714,390,S3_twin_shock,indonesia,USDC
653,0.8633471166764354,4026735.525912227,390,S3_twin_shock,indonesia,USDC
654,0.833067561350482,3926067.1377644218,390,S3_twin_shock,indonesia,USDC
655,0.82513980495756,3827915.4593203105,390,S3_twin_shock,indonesia,USDC
656,0.8029746691896146,3732217.572837303,390,S3_twin_shock,indonesia,USDC
657,0.8012138479193482,3638912.1335163713,390,S3_twin_shock,indonesia,USDC
658,0.7885988735533013,3547939.3301784615,390,S3_twin_shock,indonesia,USDC
659,0.7761901512881848,3459240.8469239995,390,S3_twin_shock,indonesia,USDC
660,0.7528217375156263,3372759.8257509004,390,S3_twin_shock,indonesia,USDC
661,0.7615578455656306,3288440.8301071273,390,S3_twin_shock,indonesia,USDC
662,0.7778618028517099,3206229.8093544496,390,S3_twin_shock,indonesia,USDC
663,0.7909099460436739,3126074.0641205884,390,S3_twin_shock,indonesia,USDC
664,0.7812173061961822,3047922.2125175735,390,S3_twin_shock,indonesia,USDC
665,0.7750054565485301,2971724.157204634,390,S3_twin_shock,indonesia,USDC
666,0.7823382791982375,2897431.0532745183,390,S3_twin_shock,indonesia,USDC
667,0.7703577370597479,2824995.2769426554,390,S3_twin_shock,indonesia,USDC
668,0.7530603021493616,2754370.395019089,390,S3_twin_shock,indonesia,USDC
669,0.7526530742329437,2685511.1351436116,390,S3_twin_shock,indonesia,USDC
670,0.7776590302187122,2618373.356765021,390,S3_twin_shock,indonesia,USDC
671,0.798506631343029,2552914.0228458955,390,S3_twin_shock,indonesia,USDC
672,0.802864673749045,2489091.1722747483,390,S3_twin_shock,indonesia,USDC
673,0.7991550749788602,2426863.89296788,390,S3_twin_shock,indonesia,USDC
674,0.8155585509110466,2366192.2956436826,390,S3_twin_shock,indonesia,USDC
675,0.8102679598877441,2307037.4882525904,390,S3_twin_shock,indonesia,USDC
676,0.8130861874926537,2249361.551046276,390,S3_twin_shock,indonesia,USDC
677,0.8172235367899079,2193127.512270119,390,S3_twin_shock,indonesia,USDC
678,0.8209176021328592,2138299.3244633656,390,S3_twin_shock,indonesia,USDC
679,0.8044829648241973,2084841.8413517815,390,S3_twin_shock,indonesia,USDC
680,0.8017768495226184,2032720.795317987,390,S3_twin_shock,indonesia,USDC
681,0.786831032517404,1981902.7754350372,390,S3_twin_shock,indonesia,USDC
682,0.7656338790869519,1932355.2060491613,390,S3_twin_shock,indonesia,USDC
683,0.7653096432965011,1884046.325897932,390,S3_twin_shock,indonesia,USDC
684,0.7792594876812089,1836945.1677504838,390,S3_twin_shock,indonesia,USDC
685,0.7730919143171401,1791021.538556722,390,S3_twin_shock,indonesia,USDC
686,0.7862010586517472,1746246.000092804,390,S3_twin_shock,indonesia,USDC
687,0.7735075586395878,1702589.8500904837,390,S3_twin_shock,indonesia,USDC
688,0.7855299214511084,1660025.1038382216,390,S3_twin_shock,indonesia,USDC
689,0.7779397396917865,1618524.4762422661,390,S3_twin_shock,indonesia,USDC
690,0.7941715084428295,1578061.3643362094,390,S3_twin_shock,indonesia,USDC
691,0.801443743449234,1538609.8302278041,390,S3_twin_shock,indonesia,USDC
692,0.7965404848013478,1500144.584472109,390,S3_twin_shock,indonesia,USDC
693,0.7825765217470658,1462640.9698603065,390,S3_twin_shock,indonesia,USDC
694,0.7947045118356691,1426074.9456137987,390,S3_twin_shock,indonesia,USDC
695,0.7890779736884175,1390423.0719734537,390,S3_twin_shock,indonesia,USDC
696,0.7817531436171135,1355662.4951741174,390,S3_twin_shock,indonesia,USDC
697,0.7716303465591984,1321770.9327947644,390,S3_twin_shock,indonesia,USDC
698,0.7851744755059654,1288726.6594748953,390,S3_twin_shock,indonesia,USDC
699,0.7816601296807695,1256508.492988023,390,S3_twin_shock,indonesia,USDC
700,0.783411893332848,1225095.7806633224,390,S3_twin_shock,indonesia,USDC
701,0.7610403484229741,1194468.3861467394,390,S3_twin_shock,indonesia,USDC
702,0.7646957225685262,1164606.6764930708,390,S3_twin_shock,indonesia,USDC
703,0.7628578055595575,1135491.509580744,390,S3_twin_shock,indonesia,USDC
704,0.7603340578567326,1107104.2218412254,390,S3_twin_shock,indonesia,USDC
705,0.7654240482046154,1079426.6162951947,390,S3_twin_shock,indonesia,USDC
706,0.7983249589715836,1052440.9508878149,390,S3_twin_shock,indonesia,USDC
707,0.7736854571198706,1026129.9271156195,390,S3_twin_shock,indonesia,USDC
708,0.8071097008274574,1000476.6789377291,390,S3_twin_shock,indonesia,USDC
709,0.7913708248720304,975464.7619642857,390,S3_twin_shock,indonesia,USDC
710,0.7935551344015973,951078.1429151788,390,S3_twin_shock,indonesia,USDC
711,0.7987450670985807,927301.1893422992,390,S3_twin_shock,indonesia,USDC
712,0.7945210083243215,904118.6596087418,390,S3_twin_shock,indonesia,USDC
713,0.7585790881293895,881515.6931185232,390,S3_twin_shock,indonesia,USDC
714,0.7646477521077367,859477.8007905602,390,S3_twin_shock,indonesia,USDC
715,0.7679114726546863,837990.8557707961,390,S3_twin_shock,indonesia,USDC
716,0.77121343177684,817041.0843765262,390,S3_twin_shock,indonesia,USDC
717,0.7968580140760387,796615.0572671131,390,S3_twin_shock,indonesia,USDC
718,0.7930561541208633,776699.6808354352,390,S3_twin_shock,indonesia,USDC
719,0.7956436008628687,757282.1888145492,390,S3_twin_shock,indonesia,USDC
720,0.7968060934448349,738350.1340941855,390,S3_twin_shock,indonesia,USDC
721,0.8134924245329419,719891.3807418309,390,S3_twin_shock,indonesia,USDC
722,0.7992707917458182,701894.0962232852,390,S3_twin_shock,indonesia,USDC
723,0.7788976219017079,684346.743817703,390,S3_twin_shock,indonesia,USDC
724,0.7915181123337852,667238.0752222604,390,S3_twin_shock,indonesia,USDC
725,0.794075863727773,650557.1233417039,390,S3_twin_shock,indonesia,USDC
726,0.7806096996460239,634293.1952581613,390,S3_twin_shock,indonesia,USDC
727,0.7940792604553063,618435.8653767073,390,S3_twin_shock,indonesia,USDC
728,0.8114342532610476,602974.9687422896,390,S3_twin_shock,indonesia,USDC
729,0.7967768224348403,587900.5945237323,390,S3_twin_shock,indonesia,USDC
730,0.8144612550453143,573203.079660639,390,S3_twin_shock,indonesia,USDC
731,0.8233712979209308,558873.002669123,390,S3_twin_shock,indonesia,USDC
732,0.8148568601144062,544901.1776023951,390,S3_twin_shock,indonesia,USDC
733,0.8120645198350772,531278.6481623352,390,S3_twin_shock,indonesia,USDC
734,0.8487864364949547,517996.6819582768,390,S3_twin_shock,indonesia,USDC
735,0.8467831673217759,505046.7649093198,390,S3_twin_shock,indonesia,USDC
736,0.8320224196132847,492420.59578658687,390,S3_twin_shock,indonesia,USDC
737,0.8225824057887327,480110.0808919222,390,S3_twin_shock,indonesia,USDC
738,0.807278734910264,468107.3288696241,390,S3_twin_shock,indonesia,USDC
739,0.7949672814648707,456404.6456478835,390,S3_twin_shock,indonesia,USDC
740,0.7908062013461378,444994.52950668643,390,S3_twin_shock,indonesia,USDC
741,0.7866449742453527,433869.66626901925,390,S3_twin_shock,indonesia,USDC
742,0.777450453334989,423022.92461229383,390,S3_twin_shock,indonesia,USDC
743,0.7937217688020686,412447.3514969864,390,S3_twin_shock,indonesia,USDC
744,0.8043615760841255,402136.16770956176,390,S3_twin_shock,indonesia,USDC
745,0.8110014059406497,392082.7635168227,390,S3_twin_shock,indonesia,USDC
746,0.7933689732929428,382280.6944289022,390,S3_twin_shock,indonesia,USDC
747,0.7880306053556894,372723.6770681796,390,S3_twin_shock,indonesia,USDC
748,0.7997458124326519,363405.5851414751,390,S3_twin_shock,indonesia,USDC
749,0.7871996830801079,354320.4455129382,390,S3_twin_shock,indonesia,USDC
750,0.7775719905023042,345462.43437511474,390,S3_twin_shock,indonesia,USDC
751,0.7729912827365522,336825.8735157369,390,S3_twin_shock,indonesia,USDC
752,0.7691337273045177,328405.2266778435,390,S3_twin_shock,indonesia,USDC
753,0.7562884380474441,320195.0960108974,390,S3_twin_shock,indonesia,USDC
754,0.7496895195030675,312190.218610625,390,S3_twin_shock,indonesia,USDC
755,0.7544594498314824,304385.46314535936,390,S3_twin_shock,indonesia,USDC
756,0.7701497470522214,296775.8265667254,390,S3_twin_shock,indonesia,USDC
757,0.7624800317312114,289356.4309025572,390,S3_twin_shock,indonesia,USDC
758,0.7666033802736689,282122.52012999327,390,S3_twin_shock,indonesia,USDC
759,0.7645383940773208,275069.45712674345,390,S3_twin_shock,indonesia,USDC
760,0.7483842526040295,268192.7206985749,390,S3_twin_shock,indonesia,USDC
761,0.7524955523434232,261487.9026811105,390,S3_twin_shock,indonesia,USDC
762,0.7457535585255495,254950.70511408272,390,S3_twin_shock,indonesia,USDC
763,0.7279796173748815,248576.9374862307,390,S3_twin_shock,indonesia,USDC
764,0.7347957826058369,242362.51404907493,390,S3_twin_shock,indonesia,USDC
765,0.7487927050839368,236303.45119784807,390,S3_twin_shock,indonesia,USDC
766,0.7386343619866941,230395.86491790184,390,S3_twin_shock,indonesia,USDC
767,0.7299765596463463,224635.9682949543,390,S3_twin_shock,indonesia,USDC
768,0.7689543526731806,219020.06908758043,390,S3_twin_shock,indonesia,USDC
769,0.7818898965650455,213544.5673603909,390,S3_twin_shock,indonesia,USDC
770,0.807823100383311,208205.95317638115,390,S3_twin_shock,indonesia,USDC
771,0.7689589228266634,203000.80434697162,390,S3_twin_shock,indonesia,USDC
772,0.769369910231575,197925.78423829732,390,S3_twin_shock,indonesia,USDC
773,0.78029253946891,192977.6396323399,390,S3_twin_shock,indonesia,USDC
774,0.7663189169501967,188153.1986415314,390,S3_twin_shock,indonesia,USDC
775,0.7734866928395736,183449.36867549314,390,S3_twin_shock,indonesia,USDC
776,0.7827573051246558,178863.13445860578,390,S3_twin_shock,indonesia,USDC
777,0.7848976913572532,174391.55609714065,390,S3_twin_shock,indonesia,USDC
778,0.7596429316916758,170031.76719471213,390,S3_twin_shock,indonesia,USDC
779,0.782165887107857,165780.97301484432,390,S3_twin_shock,indonesia,USDC
780,0.8024888602777104,161636.4486894732,390,S3_twin_shock,indonesia,USDC
781,0.8220303487367815,157595.5374722364,390,S3_twin_shock,indonesia,USDC
782,0.822258764747391,153655.64903543048,390,S3_twin_shock,indonesia,USDC
783,0.8100391225974692,149814.2578095447,390,S3_twin_shock,indonesia,USDC
784,0.8235262058009586,146068.9013643061,390,S3_twin_shock,indonesia,USDC
785,0.8162923686093003,142417.17883019845,390,S3_twin_shock,indonesia,USDC
786,0.8232667541160111,138856.7493594435,390,S3_twin_shock,indonesia,USDC
787,0.8252502213512996,135385.3306254574,390,S3_twin_shock,indonesia,USDC
788,0.8136608234609269,132000.69735982094,390,S3_twin_shock,indonesia,USDC
789,0.8013163826383403,128700.67992582542,390,S3_twin_shock,indonesia,USDC
790,0.768100212669964,125483.16292767979,390,S3_twin_shock,indonesia,USDC
791,0.7891222705977596,122346.0838544878,390,S3_twin_shock,indonesia,USDC
792,0.8093131886436421,119287.43175812562,390,S3_twin_shock,indonesia,USDC
793,0.792745390594377,116305.24596417247,390,S3_twin_shock,indonesia,USDC
794,0.7837212285222676,113397.61481506817,390,S3_twin_shock,indonesia,USDC
795,0.7578733667058548,110562.67444469145,390,S3_twin_shock,indonesia,USDC
796,0.7602823014591086,107798.60758357416,390,S3_twin_shock,indonesia,USDC
797,0.7716699440027145,105103.64239398482,390,S3_twin_shock,indonesia,USDC
798,0.7508339935963284,102476.0513341352,390,S3_twin_shock,indonesia,USDC
799,0.7621330388454404,99914.15005078181,390,S3_twin_shock,indonesia,USDC
800,0.7592542645505925,97416.29629951227,390,S3_twin_shock,indonesia,USDC
801,0.7663014360968595,94980.88889202446,390,S3_twin_shock,indonesia,USDC
802,0.7431661393885122,92606.36666972385,390,S3_twin_shock,indonesia,USDC
803,0.7290188332936357,90291.20750298075,390,S3_twin_shock,indonesia,USDC
804,0.7309488558098516,88033.92731540624,390,S3_twin_shock,indonesia,USDC
805,0.7357737968976613,85833.07913252107,390,S3_twin_shock,indonesia,USDC
806,0.7435090451192313,83687.25215420805,390,S3_twin_shock,indonesia,USDC
807,0.7627958979351926,81595.07085035284,390,S3_twin_shock,indonesia,USDC
808,0.7518217596465717,79555.19407909403,390,S3_twin_shock,indonesia,USDC
809,0.7435205177838599,77566.31422711667,390,S3_twin_shock,indonesia,USDC
810,0.7471081632735598,75627.15637143876,390,S3_twin_shock,indonesia,USDC
811,0.741499691168283,73736.47746215279,390,S3_twin_shock,indonesia,USDC
812,0.7573380635506394,71893.06552559897,390,S3_twin_shock,indonesia,USDC
813,0.7692568966812579,70095.738887459,390,S3_twin_shock,indonesia,USDC
814,0.7758554654112371,68343.34541527253,390,S3_twin_shock,indonesia,USDC
815,0.7983580713127679,66634.7617798907,390,S3_twin_shock,indonesia,USDC
816,0.7618181920666048,64968.89273539344,390,S3_twin_shock,indonesia,USDC
817,0.7684257855011417,63344.6704170086,390,S3_twin_shock,indonesia,USDC
818,0.7770097281727494,61761.05365658339,390,S3_twin_shock,indonesia,USDC
819,0.784799488241698,60217.0273151688,390,S3_twin_shock,indonesia,USDC
820,0.7874256090771101,58711.601632289574,390,S3_twin_shock,indonesia,USDC
821,0.7771220337249434,57243.81159148234,390,S3_twin_shock,indonesia,USDC
822,0.7705338844371253,55812.71630169528,390,S3_twin_shock,indonesia,USDC
823,0.755579070301456,54417.3983941529,390,S3_twin_shock,indonesia,USDC
824,0.7534300714639324,53056.963434299076,390,S3_twin_shock,indonesia,USDC
825,0.7435852991260088,51730.5393484416,390,S3_twin_shock,indonesia,USDC
826,0.7376005088619448,50437.27586473056,390,S3_twin_shock,indonesia,USDC
827,0.7535923399945383,49176.3439681123,390,S3_twin_shock,indonesia,USDC
828,0.7321870665748779,47946.935368909486,390,S3_twin_shock,indonesia,USDC
829,0.7353776040364384,46748.26198468675,390,S3_twin_shock,indonesia,USDC
830,0.7551909230025884,45579.55543506959,390,S3_twin_shock,indonesia,USDC
831,0.7649213742987775,44440.066549192845,390,S3_twin_shock,indonesia,USDC
832,0.7501743712137501,43329.06488546303,390,S3_twin_shock,indonesia,USDC
833,0.7638688306089243,42245.83826332645,390,S3_twin_shock,indonesia,USDC
834,0.7622716475225627,41189.69230674329,390,S3_twin_shock,indonesia,USDC
835,0.7676257858218304,40159.949999074706,390,S3_twin_shock,indonesia,USDC
836,0.7716135438315984,39155.95124909784,390,S3_twin_shock,indonesia,USDC
837,0.7712895697830346,38177.052467870395,390,S3_twin_shock,indonesia,USDC
838,0.7497362537415949,37222.62615617363,390,S3_twin_shock,indonesia,USDC
839,0.7579854316391004,36292.06050226929,390,S3_twin_shock,indonesia,USDC
840,0.7591526430384047,35384.75898971256,390,S3_twin_shock,indonesia,USDC
841,0.773241810455327,34500.140014969744,390,S3_twin_shock,indonesia,USDC
842,0.7747545394640687,33637.636514595506,390,S3_twin_shock,indonesia,USDC
843,0.7801263692843581,32796.695601730615,390,S3_twin_shock,indonesia,USDC
844,0.7686049312278658,31976.77821168735,390,S3_twin_shock,indonesia,USDC
845,0.7793598280574299,31177.358756395166,390,S3_twin_shock,indonesia,USDC
846,0.7997746543505675,30397.924787485288,390,S3_twin_shock,indonesia,USDC
847,0.7978134831400907,29637.976667798157,390,S3_twin_shock,indonesia,USDC
848,0.7947020686119844,28897.0272511032,390,S3_twin_shock,indonesia,USDC
849,0.8052720676379959,28174.601569825623,390,S3_twin_shock,indonesia,USDC
850,0.8062969486761771,27470.236530579983,390,S3_twin_shock,indonesia,USDC
851,0.7903352629989346,26783.48061731548,390,S3_twin_shock,indonesia,USDC
852,0.8027098000915609,26113.893601882595,390,S3_twin_shock,indonesia,USDC
853,0.7949568315882816,25461.04626183553,390,S3_twin_shock,indonesia,USDC
854,0.794329127389664,24824.520105289637,390,S3_twin_shock,indonesia,USDC
855,0.7858625127299896,24203.9071026574,390,S3_twin_shock,indonesia,USDC
856,0.7890645893132501,23598.809425090963,390,S3_twin_shock,indonesia,USDC
857,0.7607938085021059,23008.83918946369,390,S3_twin_shock,indonesia,USDC
858,0.7673163209550922,22433.6182097271,390,S3_twin_shock,indonesia,USDC
859,0.76220905775982,21872.77775448392,390,S3_twin_shock,indonesia,USDC
860,0.7919638874755838,21325.958310621823,390,S3_twin_shock,indonesia,USDC
861,0.8108765834784931,20792.80935285628,390,S3_twin_shock,indonesia,USDC
862,0.7969512472022426,20272.98911903487,390,S3_twin_shock,indonesia,USDC
863,0.8132638312372273,19766.164391059,390,S3_twin_shock,indonesia,USDC
864,0.8300197250006248,19272.010281282524,390,S3_twin_shock,indonesia,USDC
865,0.8485371102647126,18790.21002425046,390,S3_twin_shock,indonesia,USDC
866,0.8474679949438034,18320.454773644196,390,S3_twin_shock,indonesia,USDC
867,0.8449757784209491,17862.443404303092,390,S3_twin_shock,indonesia,USDC
868,0.8404340962252762,17415.882319195516,390,S3_twin_shock,indonesia,USDC
869,0.8049341016613769,16980.485261215625,390,S3_twin_shock,indonesia,USDC
870,0.8065997811590625,16555.973129685237,390,S3_twin_shock,indonesia,USDC
871,0.792359148400108,16142.073801443104,390,S3_twin_shock,indonesia,USDC
872,0.7717207622677459,15738.521956407028,390,S3_twin_shock,indonesia,USDC
873,0.7728420648031622,15345.05890749685,390,S3_twin_shock,indonesia,USDC
874,0.7901184770219002,14961.432434809429,390,S3_twin_shock,indonesia,USDC
875,0.8066063173404036,14587.396623939192,390,S3_twin_shock,indonesia,USDC
876,0.8122791388734013,14222.711708340714,390,S3_twin_shock,indonesia,USDC
877,0.7893423095505239,13867.143915632196,390,S3_twin_shock,indonesia,USDC
878,0.7910571663369842,13520.46531774139,390,S3_twin_shock,indonesia,USDC
879,0.7850391686911556,13182.453684797856,390,S3_twin_shock,indonesia,USDC
880,0.800190467886522,12852.892342677907,390,S3_twin_shock,indonesia,USDC
881,0.7830008609107278,12531.570034110962,390,S3_twin_shock,indonesia,USDC
882,0.7866214882560444,12218.280783258188,390,S3_twin_shock,indonesia,USDC
883,0.7899450176550085,11912.823763676732,390,S3_twin_shock,indonesia,USDC
884,0.7929818958798479,11615.003169584814,390,S3_twin_shock,indonesia,USDC
885,0.7919700899808391,11324.628090345193,390,S3_twin_shock,indonesia,USDC
886,0.8160042703863482,11041.512388086563,390,S3_twin_shock,indonesia,USDC
887,0.8258756367349157,10765.4745783844,390,S3_twin_shock,indonesia,USDC
888,0.8018854756186923,10496.33771392479,390,S3_twin_shock,indonesia,USDC
889,0.7887908596287417,10233.92927107667,390,S3_twin_shock,indonesia,USDC
890,0.8161804278995388,9978.081039299752,390,S3_twin_shock,indonesia,USDC
891,0.8133583291879819,9728.629013317259,390,S3_twin_shock,indonesia,USDC
892,0.8551065978794564,9485.413287984327,390,S3_twin_shock,indonesia,USDC
893,0.8424689170000946,9248.277955784719,390,S3_twin_shock,indonesia,USDC
894,0.8253947830662292,9017.0710068901,390,S3_twin_shock,indonesia,USDC
895,0.8002782005213562,8791.644231717848,390,S3_twin_shock,indonesia,USDC
896,0.8216857726469438,8571.853125924903,390,S3_twin_shock,indonesia,USDC
897,0.8146667911582953,8357.556797776779,390,S3_twin_shock,indonesia,USDC
898,0.8103424833929198,8148.617877832361,390,S3_twin_shock,indonesia,USDC
899,0.8079943469637089,7944.902430886552,390,S3_twin_shock,indonesia,USDC
900,0.8121404898286725,7746.279870114387,390,S3_twin_shock,indonesia,USDC
901,0.8049224458172708,7552.622873361528,390,S3_twin_shock,indonesia,USDC
902,0.8160209047705257,7363.8073015274895,390,S3_twin_shock,indonesia,USDC
903,0.8153372159905851,7179.712118989302,390,S3_twin_shock,indonesia,USDC
904,0.8307302135042188,7000.219316014571,390,S3_twin_shock,indonesia,USDC
905,0.8483399593244667,6825.213833114205,390,S3_twin_shock,indonesia,USDC
906,0.8367275393312924,6654.583487286351,390,S3_twin_shock,indonesia,USDC
907,0.8299202851976218,6488.218900104192,390,S3_twin_shock,indonesia,USDC
908,0.833905331174504,6326.013427601587,390,S3_twin_shock,indonesia,USDC
909,0.8246358975987291,6167.863091911548,390,S3_twin_shock,indonesia,USDC
910,0.8124251524429318,6013.666514613758,390,S3_twin_shock,indonesia,USDC
911,0.7885732390486441,5863.324851748414,390,S3_twin_shock,indonesia,USDC
912,0.7825196151429278,5716.741730454704,390,S3_twin_shock,indonesia,USDC
913,0.7735676606729542,5573.823187193337,390,S3_twin_shock,indonesia,USDC
914,0.7727671742942812,5434.477607513503,390,S3_twin_shock,indonesia,USDC
915,0.7732175314728251,5298.615667325665,390,S3_twin_shock,indonesia,USDC
916,0.7772787697703463,5166.150275642523,390,S3_twin_shock,indonesia,USDC
917,0.773133217527685,5036.996518751461,390,S3_twin_shock,indonesia,USDC
918,0.786600060625468,4911.071605782674,390,S3_twin_shock,indonesia,USDC
919,0.778444541869304,4788.294815638107,390,S3_twin_shock,indonesia,USDC
920,0.7952921263532393,4668.587445247154,390,S3_twin_shock,indonesia,USDC
921,0.7865870897956794,4551.872759115976,390,S3_twin_shock,indonesia,USDC
922,0.7698234560102962,4438.0759401380765,390,S3_twin_shock,indonesia,USDC
923,0.8052841280359454,4327.1240416346245,390,S3_twin_shock,indonesia,USDC
924,0.8325924407983573,4218.94594059376,390,S3_twin_shock,indonesia,USDC
925,0.8042721199292455,4113.4722920789145,390,S3_twin_shock,indonesia,USDC
926,0.8009494190049583,4010.6354847769417,390,S3_twin_shock,indonesia,USDC
927,0.8049880992678191,3910.3695976575186,390,S3_twin_shock,indonesia,USDC
928,0.8097752512045027,3812.61035771608,390,S3_twin_shock,indonesia,USDC
929,0.8286595449344161,3717.2950987731783,390,S3_twin_shock,indonesia,USDC
930,0.8327942099773333,3624.3627213038485,390,S3_twin_shock,indonesia,USDC
931,0.8476929861869742,3533.7536532712525,390,S3_twin_shock,indonesia,USDC
932,0.8538881253391029,3445.409811939471,390,S3_twin_shock,indonesia,USDC
933,0.7190968552811383,3359.2745666409846,390,S3_twin_shock,indonesia,USDC
934,0.727394116909752,3275.2927024749597,390,S3_twin_shock,indonesia,USDC
935,0.7346305038255133,3193.410384913086,390,S3_twin_shock,indonesia,USDC
936,0.728518214715568,3113.5751252902587,390,S3_twin_shock,indonesia,USDC
937,0.7605397156632234,3035.735747158002,390,S3_twin_shock,indonesia,USDC
938,0.768240542433169,2959.8423534790522,390,S3_twin_shock,indonesia,USDC
939,0.7711644953791297,2885.846294642076,390,S3_twin_shock,indonesia,USDC
940,0.7828023712069694,2813.700137276024,390,S3_twin_shock,indonesia,USDC
941,0.7746423187945897,2743.3576338441235,390,S3_twin_shock,indonesia,USDC
942,0.7684961695329963,2674.7736929980206,390,S3_twin_shock,indonesia,USDC
943,0.7659960733038466,2607.9043506730695,390,S3_twin_shock,indonesia,USDC
944,0.764847201853765,2542.706741906243,390,S3_twin_shock,indonesia,USDC
945,0.7891755016405054,2479.1390733585868,390,S3_twin_shock,indonesia,USDC
946,0.7744994903316618,2417.160596524622,390,S3_twin_shock,indonesia,USDC
947,0.7791518764441732,2356.731581611507,390,S3_twin_shock,indonesia,USDC
948,0.7644909101409075,2297.813292071219,390,S3_twin_shock,indonesia,USDC
949,0.7825176422042198,2240.3679597694386,390,S3_twin_shock,indonesia,USDC
950,0.7783528463141133,2184.3587607752024,390,S3_twin_shock,indonesia,USDC
951,0.7825932537951102,2129.7497917558226,390,S3_twin_shock,indonesia,USDC
952,0.7457096048584557,2076.506046961927,390,S3_twin_shock,indonesia,USDC
953,0.780321032608659,2024.5933957878788,390,S3_twin_shock,indonesia,USDC
954,0.7675704405472545,1973.978560893182,390,S3_twin_shock,indonesia,USDC
955,0.7769201458289788,1924.6290968708524,390,S3_twin_shock,indonesia,USDC
956,0.7771552094886517,1876.513369449081,390,S3_twin_shock,indonesia,USDC
957,0.7985946947694087,1829.600535212854,390,S3_twin_shock,indonesia,USDC
958,0.802304295923879,1783.8605218325329,390,S3_twin_shock,indonesia,USDC
959,0.8168917899162754,1739.2640087867194,390,S3_twin_shock,indonesia,USDC
960,0.7944967599485215,1695.7824085670513,390,S3_twin_shock,indonesia,USDC
961,0.8233338693449351,1653.3878483528752,390,S3_twin_shock,indonesia,USDC
962,0.8231454189134694,1612.0531521440535,390,S3_twin_shock,indonesia,USDC
963,0.8070311060924088,1571.7518233404521,390,S3_twin_shock,indonesia,USDC
964,0.8072925750803378,1532.4580277569407,390,S3_twin_shock,indonesia,USDC
965,0.8037567227963992,1494.1465770630175,390,S3_twin_shock,indonesia,USDC
966,0.7968071440435269,1456.792912636442,390,S3_twin_shock,indonesia,USDC
967,0.8192393707426086,1420.373089820531,390,S3_twin_shock,indonesia,USDC
968,0.8298158484917828,1384.8637625750177,390,S3_twin_shock,indonesia,USDC
969,0.8254769042421355,1350.2421685106424,390,S3_twin_shock,indonesia,USDC
970,0.8300700872158739,1316.4861142978762,390,S3_twin_shock,indonesia,USDC
971,0.8071781286194417,1283.5739614404292,390,S3_twin_shock,indonesia,USDC
972,0.8107036392618696,1251.4846124044184,390,S3_twin_shock,indonesia,USDC
973,0.7822120699221662,1220.1974970943081,390,S3_twin_shock,indonesia,USDC
974,0.7886052176745352,1189.6925596669503,390,S3_twin_shock,indonesia,USDC
975,0.7938541072842211,1159.9502456752766,390,S3_twin_shock,indonesia,USDC
976,0.7881849360953073,1130.9514895333946,390,S3_twin_shock,indonesia,USDC
977,0.7645230212564846,1102.6777022950598,390,S3_twin_shock,indonesia,USDC
978,0.7969702785115108,1075.110759737683,390,S3_twin_shock,indonesia,USDC
979,0.7868331897722657,1048.2329907442413,390,S3_twin_shock,indonesia,USDC
980,0.8104304447053128,1022.0271659756352,390,S3_twin_shock,indonesia,USDC
981,0.8148851885589636,996.4764868262444,390,S3_twin_shock,indonesia,USDC
982,0.8150998447013004,971.5645746555881,390,S3_twin_shock,indonesia,USDC
983,0.8212245249367578,947.2754602891985,390,S3_twin_shock,indonesia,USDC
984,0.8280231336543981,923.5935737819684,390,S3_twin_shock,indonesia,USDC
985,0.8189842292532769,900.5037344374193,390,S3_twin_shock,indonesia,USDC
986,0.6909247554084931,877.9911410764839,390,S3_twin_shock,indonesia,USDC
987,0.6976232595383468,856.0413625495717,390,S3_twin_shock,indonesia,USDC
988,0.7236743089762696,834.6403284858324,390,S3_twin_shock,indonesia,USDC
989,0.7462017228834488,813.7743202736867,390,S3_twin_shock,indonesia,USDC
990,0.7664104880227577,793.4299622668444,390,S3_twin_shock,indonesia,USDC
991,0.7967179773207915,773.5942132101734,390,S3_twin_shock,indonesia,USDC
992,0.8000240050389528,754.2543578799191,390,S3_twin_shock,indonesia,USDC
993,0.819532574515272,735.3979989329212,390,S3_twin_shock,indonesia,USDC
994,0.8592091519368027,717.0130489595981,390,S3_twin_shock,indonesia,USDC
995,0.8184692612082046,699.0877227356082,390,S3_twin_shock,indonesia,USDC
996,0.8107912470149539,681.610529667218,390,S3_twin_shock,indonesia,USDC
997,0.7965075500130078,664.5702664255375,390,S3_twin_shock,indonesia,USDC
998,0.7981578214119895,647.956009764899,390,S3_twin_shock,indonesia,USDC
999,0.8257305359324995,631.7571095207766,390,S3_twin_shock,indonesia,USDC
1000,0.8055150060022215,615.9631817827571,390,S3_twin_shock,indonesia,USDC
