Step,price,liquidity,iteration,scenario,region,coin
1,1.0091489921389745,2989376522058.1743,25,S3_twin_shock,indonesia,USDC
2,0.9889379668715983,2989376522058.1743,25,S3_twin_shock,indonesia,USDC
3,1.0220819118587559,2989376522058.1743,25,S3_twin_shock,indonesia,USDC
4,1.009541920393979,2989376522058.1743,25,S3_twin_shock,indonesia,USDC
5,0.9973159641724397,2989376522058.1743,25,S3_twin_shock,indonesia,USDC
6,1.030087224428325,2989376522058.1743,25,S3_twin_shock,indonesia,USDC
7,1.0151159057109536,2989376522058.1743,25,S3_twin_shock,indonesia,USDC
8,0.9842717767911474,2989376522058.1743,25,S3_twin_shock,indonesia,USDC
9,0.9989054840154049,2989376522058.1743,25,S3_twin_shock,indonesia,USDC
10,0.9996247981144024,2989376522058.1743,25,S3_twin_shock,indonesia,USDC
11,0.9875675762820582,2989376522058.1743,25,S3_twin_shock,indonesia,USDC
12,1.004617748426155,2989376522058.1743,25,S3_twin_shock,indonesia,USDC
13,0.9940668600685687,2989376522058.1743,25,S3_twin_shock,indonesia,USDC
14,0.9933372095218795,2989376522058.1743,25,S3_twin_shock,indonesia,USDC
15,0.9843879804750513,2989376522058.1743,25,S3_twin_shock,indonesia,USDC
16,1.0009961630425233,2989376522058.1743,25,S3_twin_shock,indonesia,USDC
17,1.0090492692347341,2989376522058.1743,25,S3_twin_shock,indonesia,USDC
18,0.9788226038298005,2989376522058.1743,25,S3_twin_shock,indonesia,USDC
19,0.9476237595187963,2989376522058.1743,25,S3_twin_shock,indonesia,USDC
20,0.9303949114676461,2987992424708.822,25,S3_twin_shock,indonesia,USDC
21,0.9515088017491752,2985653903515.1494,25,S3_twin_shock,indonesia,USDC
22,0.9557670925078606,2984581082672.3057,25,S3_twin_shock,indonesia,USDC
23,0.9871254322045876,2983771060605.95,25,S3_twin_shock,indonesia,USDC
24,0.9618979356672283,2983771060605.95,25,S3_twin_shock,indonesia,USDC
25,0.9830335416034505,2983336814470.0894,25,S3_twin_shock,indonesia,USDC
26,0.9651864634166507,2983336814470.0894,25,S3_twin_shock,indonesia,USDC
27,0.9588458917359997,2983087603229.357,25,S3_twin_shock,indonesia,USDC
28,0.9418083057136273,2982492200295.971,25,S3_twin_shock,indonesia,USDC
29,0.9715891646214107,2980996026269.4473,25,S3_twin_shock,indonesia,USDC
30,0.9607494174240785,2980996026269.4473,25,S3_twin_shock,indonesia,USDC
31,0.9608478721605492,2980503747417.659,25,S3_twin_shock,indonesia,USDC
32,0.9709629991104051,2980032113296.527,25,S3_twin_shock,indonesia,USDC
33,0.9307708422691268,2980032113296.527,25,S3_twin_shock,indonesia,USDC
34,0.976451416158323,2978002706795.544,25,S3_twin_shock,indonesia,USDC
35,1.0122937310549593,2978002706795.544,25,S3_twin_shock,indonesia,USDC
36,1.0015058617969799,2978002706795.544,25,S3_twin_shock,indonesia,USDC
37,1.0127706875859168,2978002706795.544,25,S3_twin_shock,indonesia,USDC
38,0.9999596442898565,2978002706795.544,25,S3_twin_shock,indonesia,USDC
39,1.0049469525355321,2978002706795.544,25,S3_twin_shock,indonesia,USDC
40,1.0124239707697358,2978002706795.544,25,S3_twin_shock,indonesia,USDC
41,1.0205472443967383,2978002706795.544,25,S3_twin_shock,indonesia,USDC
42,1.0565890028435143,2978002706795.544,25,S3_twin_shock,indonesia,USDC
43,1.008901474422909,2978002706795.544,25,S3_twin_shock,indonesia,USDC
44,1.0116505985698856,2978002706795.544,25,S3_twin_shock,indonesia,USDC
45,0.9947222359294249,2978002706795.544,25,S3_twin_shock,indonesia,USDC
46,0.9880074484119812,2978002706795.544,25,S3_twin_shock,indonesia,USDC
47,0.9758974088044345,2978002706795.544,25,S3_twin_shock,indonesia,USDC
48,0.975709480567297,2978002706795.544,25,S3_twin_shock,indonesia,USDC
49,0.9920741684146446,2978002706795.544,25,S3_twin_shock,indonesia,USDC
50,1.0098679173753689,2978002706795.544,25,S3_twin_shock,indonesia,USDC
51,0.9960663321242944,2978002706795.544,25,S3_twin_shock,indonesia,USDC
52,1.0283570826307442,2978002706795.544,25,S3_twin_shock,indonesia,USDC
53,1.0234897607656654,2978002706795.544,25,S3_twin_shock,indonesia,USDC
54,1.0019203576437323,2978002706795.544,25,S3_twin_shock,indonesia,USDC
55,1.0138175746720848,2978002706795.544,25,S3_twin_shock,indonesia,USDC
56,0.9795205423761307,2978002706795.544,25,S3_twin_shock,indonesia,USDC
57,1.0033920418440234,2978002706795.544,25,S3_twin_shock,indonesia,USDC
58,1.0187386122777107,2978002706795.544,25,S3_twin_shock,indonesia,USDC
59,1.0124842139617503,2978002706795.544,25,S3_twin_shock,indonesia,USDC
60,1.0356912223339507,2978002706795.544,25,S3_twin_shock,indonesia,USDC
61,1.032704678091231,2978002706795.544,25,S3_twin_shock,indonesia,USDC
62,1.0474230687016877,2978002706795.544,25,S3_twin_shock,indonesia,USDC
63,1.0452457616074158,2978002706795.544,25,S3_twin_shock,indonesia,USDC
64,1.04044718090882,2978002706795.544,25,S3_twin_shock,indonesia,USDC
65,1.0649009309454482,2978002706795.544,25,S3_twin_shock,indonesia,USDC
66,1.0585139941447395,2978002706795.544,25,S3_twin_shock,indonesia,USDC
67,1.0580793487401983,2978002706795.544,25,S3_twin_shock,indonesia,USDC
68,1.0710981291799797,2978002706795.544,25,S3_twin_shock,indonesia,USDC
69,1.060691481752714,2978002706795.544,25,S3_twin_shock,indonesia,USDC
70,1.0582843408010292,2978002706795.544,25,S3_twin_shock,indonesia,USDC
71,1.0199670067846744,2978002706795.544,25,S3_twin_shock,indonesia,USDC
72,1.0351434844741536,2978002706795.544,25,S3_twin_shock,indonesia,USDC
73,1.0485337140817703,2978002706795.544,25,S3_twin_shock,indonesia,USDC
74,1.0669204851803218,2978002706795.544,25,S3_twin_shock,indonesia,USDC
75,1.0551985029295508,2978002706795.544,25,S3_twin_shock,indonesia,USDC
76,1.0481283767843126,2978002706795.544,25,S3_twin_shock,indonesia,USDC
77,1.0357696642004142,2978002706795.544,25,S3_twin_shock,indonesia,USDC
78,0.9962382048823101,2978002706795.544,25,S3_twin_shock,indonesia,USDC
79,1.0016614424237036,2978002706795.544,25,S3_twin_shock,indonesia,USDC
80,1.015282824054258,2978002706795.544,25,S3_twin_shock,indonesia,USDC
81,1.0130521160199344,2978002706795.544,25,S3_twin_shock,indonesia,USDC
82,1.0218227308181196,2978002706795.544,25,S3_twin_shock,indonesia,USDC
83,0.9840938974489912,2978002706795.544,25,S3_twin_shock,indonesia,USDC
84,1.0280843305925875,2978002706795.544,25,S3_twin_shock,indonesia,USDC
85,0.9982491728751608,2978002706795.544,25,S3_twin_shock,indonesia,USDC
86,1.017456781193249,2978002706795.544,25,S3_twin_shock,indonesia,USDC
87,0.9957135473673242,2978002706795.544,25,S3_twin_shock,indonesia,USDC
88,1.0224357074517685,2978002706795.544,25,S3_twin_shock,indonesia,USDC
89,1.0585446509726797,2978002706795.544,25,S3_twin_shock,indonesia,USDC
90,1.0648311690969887,2978002706795.544,25,S3_twin_shock,indonesia,USDC
91,1.0829577190802817,2978002706795.544,25,S3_twin_shock,indonesia,USDC
92,1.0785507604715237,2978002706795.544,25,S3_twin_shock,indonesia,USDC
93,1.0656250300268584,2978002706795.544,25,S3_twin_shock,indonesia,USDC
94,1.0668717383637616,2978002706795.544,25,S3_twin_shock,indonesia,USDC
95,1.0779846442113177,2978002706795.544,25,S3_twin_shock,indonesia,USDC
96,1.061294733631609,2978002706795.544,25,S3_twin_shock,indonesia,USDC
97,1.076470646783834,2978002706795.544,25,S3_twin_shock,indonesia,USDC
98,1.0576849321593447,2978002706795.544,25,S3_twin_shock,indonesia,USDC
99,1.0444339282817103,2978002706795.544,25,S3_twin_shock,indonesia,USDC
100,1.0526642276153693,2978002706795.544,25,S3_twin_shock,indonesia,USDC
101,0.9037890053197842,2978002706795.544,25,S3_twin_shock,indonesia,USDC
102,0.9211312219013719,2974745129019.3735,25,S3_twin_shock,indonesia,USDC
103,0.9110632156760247,2972558253582.9834,25,S3_twin_shock,indonesia,USDC
104,0.9182308945665593,2969934550080.289,25,S3_twin_shock,indonesia,USDC
105,0.949572684803417,2967819827065.2754,25,S3_twin_shock,indonesia,USDC
106,0.9476882645123016,2967100925073.5815,25,S3_twin_shock,indonesia,USDC
107,0.9397449257716531,2966327832179.822,25,S3_twin_shock,indonesia,USDC
108,0.9521394821575156,2965175291323.5693,25,S3_twin_shock,indonesia,USDC
109,0.9824976131844325,2964545037944.2627,25,S3_twin_shock,indonesia,USDC
110,1.0047411261328676,2964545037944.2627,25,S3_twin_shock,indonesia,USDC
111,0.9865547248874401,2964545037944.2627,25,S3_twin_shock,indonesia,USDC
112,0.9815420631405032,2964545037944.2627,25,S3_twin_shock,indonesia,USDC
113,0.8883377490900383,2964545037944.2627,25,S3_twin_shock,indonesia,USDC
114,0.8871071168754218,2961651366263.7466,25,S3_twin_shock,indonesia,USDC
115,0.8974857929689082,2959081082884.5117,25,S3_twin_shock,indonesia,USDC
116,0.9331628853371053,2956965184210.7485,25,S3_twin_shock,indonesia,USDC
117,0.9385443600192201,2955949145776.181,25,S3_twin_shock,indonesia,USDC
118,0.9607753699123425,2955143489559.934,25,S3_twin_shock,indonesia,USDC
119,0.9855746679298792,2954950545482.3594,25,S3_twin_shock,indonesia,USDC
120,0.9688593250350863,2954950545482.3594,25,S3_twin_shock,indonesia,USDC
121,0.9418302189240231,2881057181100.448,25,S3_twin_shock,indonesia,USDC
122,0.9178512941039283,2808332087739.3755,25,S3_twin_shock,indonesia,USDC
123,0.889372794072242,2736821873842.573,25,S3_twin_shock,indonesia,USDC
124,0.8746242859734824,2666539965648.26,25,S3_twin_shock,indonesia,USDC
125,0.86202536721264,2597942466290.504,25,S3_twin_shock,indonesia,USDC
126,0.8741707150594424,2530910933453.9077,25,S3_twin_shock,indonesia,USDC
127,0.8474966253325034,2466028801731.833,25,S3_twin_shock,indonesia,USDC
128,0.84184354073647,2402470471491.8003,25,S3_twin_shock,indonesia,USDC
129,0.8197255784364175,2340659159483.858,25,S3_twin_shock,indonesia,USDC
130,0.8272991721765894,2280428671941.5854,25,S3_twin_shock,indonesia,USDC
131,0.813572778862086,2222028143999.3965,25,S3_twin_shock,indonesia,USDC
132,0.8004177765407041,2165107776872.9136,25,S3_twin_shock,indonesia,USDC
133,0.792923617331652,2109704516123.1553,25,S3_twin_shock,indonesia,USDC
134,0.7845804349000834,2055927089706.1707,25,S3_twin_shock,indonesia,USDC
135,0.7854833687654958,2003631221978.399,25,S3_twin_shock,indonesia,USDC
136,0.7903339554038505,1952777625891.8135,25,S3_twin_shock,indonesia,USDC
137,0.7870166531862611,1903378206585.4424,25,S3_twin_shock,indonesia,USDC
138,0.7882313900763592,1855295906233.8733,25,S3_twin_shock,indonesia,USDC
139,0.7756698123252528,1808516890795.2285,25,S3_twin_shock,indonesia,USDC
140,0.7567262749433278,1762954573602.6638,25,S3_twin_shock,indonesia,USDC
141,0.7727059745814208,1718569415933.0073,25,S3_twin_shock,indonesia,USDC
142,0.7417273033689675,1675372381438.2253,25,S3_twin_shock,indonesia,USDC
143,0.757639392253757,1633267032371.9004,25,S3_twin_shock,indonesia,USDC
144,0.7445849939851827,1592277192604.189,25,S3_twin_shock,indonesia,USDC
145,0.726179980156168,1552335909995.1328,25,S3_twin_shock,indonesia,USDC
146,0.7178503988202188,1513418065097.391,25,S3_twin_shock,indonesia,USDC
147,0.7399072335285004,1475500564151.6118,25,S3_twin_shock,indonesia,USDC
148,0.7512949456243527,1438555474827.2512,25,S3_twin_shock,indonesia,USDC
149,0.7662993571563447,1402547684839.4463,25,S3_twin_shock,indonesia,USDC
150,0.7611181873750984,1367452911188.8745,25,S3_twin_shock,indonesia,USDC
151,0.7751797304621308,1333240804570.8643,25,S3_twin_shock,indonesia,USDC
152,0.7989141599903504,1299891633055.4475,25,S3_twin_shock,indonesia,USDC
153,0.8304356749321709,1267381234788.08,25,S3_twin_shock,indonesia,USDC
154,0.8104128249554532,1235687867900.026,25,S3_twin_shock,indonesia,USDC
155,0.8091117229154121,1204787337026.5823,25,S3_twin_shock,indonesia,USDC
156,0.7945355948374654,1174660249745.4226,25,S3_twin_shock,indonesia,USDC
157,0.8020219919339763,1145287118962.577,25,S3_twin_shock,indonesia,USDC
158,0.7795613150442253,1116649701040.416,25,S3_twin_shock,indonesia,USDC
159,0.7735757676004628,1088728304279.8284,25,S3_twin_shock,indonesia,USDC
160,0.7591906912238596,1061505824167.4735,25,S3_twin_shock,indonesia,USDC
161,0.7845811433192355,1034964730565.4501,25,S3_twin_shock,indonesia,USDC
162,0.7555493376478838,1009088104302.044,25,S3_twin_shock,indonesia,USDC
163,0.7488950637509607,983858635411.0187,25,S3_twin_shock,indonesia,USDC
164,0.7513295294043524,959260282335.9648,25,S3_twin_shock,indonesia,USDC
165,0.7493402526287362,935277318632.5498,25,S3_twin_shock,indonesia,USDC
166,0.7564789986118982,911894257007.4148,25,S3_twin_shock,indonesia,USDC
167,0.7652962852648789,889095991116.0945,25,S3_twin_shock,indonesia,USDC
168,0.752397250245909,866867924233.8497,25,S3_twin_shock,indonesia,USDC
169,0.7738835879367593,845195652952.5312,25,S3_twin_shock,indonesia,USDC
170,0.7558994640974358,824065360934.9175,25,S3_twin_shock,indonesia,USDC
171,0.7630176637613773,803463377915.6322,25,S3_twin_shock,indonesia,USDC
172,0.7585605974263459,783376545596.5243,25,S3_twin_shock,indonesia,USDC
173,0.7485056116256837,763791925658.2692,25,S3_twin_shock,indonesia,USDC
174,0.7727858405292544,744696956698.8992,25,S3_twin_shock,indonesia,USDC
175,0.7744305563272452,726079409335.293,25,S3_twin_shock,indonesia,USDC
176,0.7863560546805376,707927328470.8665,25,S3_twin_shock,indonesia,USDC
177,0.7828389591883411,690229073245.9202,25,S3_twin_shock,indonesia,USDC
178,0.7602521990112029,672973285427.1304,25,S3_twin_shock,indonesia,USDC
179,0.7399331350598214,656148901283.8964,25,S3_twin_shock,indonesia,USDC
180,0.74180237195111,639745132366.2476,25,S3_twin_shock,indonesia,USDC
181,0.7538217233892154,623751467192.5745,25,S3_twin_shock,indonesia,USDC
182,0.7748994701323124,608157653805.708,25,S3_twin_shock,indonesia,USDC
183,0.7739309923582159,592953694097.9421,25,S3_twin_shock,indonesia,USDC
184,0.7594730380772767,578129837504.0948,25,S3_twin_shock,indonesia,USDC
185,0.7809295721406301,563676579180.7773,25,S3_twin_shock,indonesia,USDC
186,0.8069290511180107,549584655861.7471,25,S3_twin_shock,indonesia,USDC
187,0.8156853001256227,535845032991.1112,25,S3_twin_shock,indonesia,USDC
188,0.8078739585047306,522448901944.2687,25,S3_twin_shock,indonesia,USDC
189,0.7947766758683887,509387674868.18774,25,S3_twin_shock,indonesia,USDC
190,0.8005822284994841,496652978911.4837,25,S3_twin_shock,indonesia,USDC
191,0.8012354739267955,484236651121.8443,25,S3_twin_shock,indonesia,USDC
192,0.7807344374631386,472130732222.04614,25,S3_twin_shock,indonesia,USDC
193,0.8101102081782955,460327461416.63745,25,S3_twin_shock,indonesia,USDC
194,0.8131435669499357,448819273210.1266,25,S3_twin_shock,indonesia,USDC
195,0.7990010463026959,437598789943.73914,25,S3_twin_shock,indonesia,USDC
196,0.796248359757131,426658818959.834,25,S3_twin_shock,indonesia,USDC
197,0.7919001032284843,415992347417.77,25,S3_twin_shock,indonesia,USDC
198,0.7965888466710602,405592537843.44965,25,S3_twin_shock,indonesia,USDC
199,0.7926502168370207,395452723637.0962,25,S3_twin_shock,indonesia,USDC
200,0.775861185546927,385566404944.9645,25,S3_twin_shock,indonesia,USDC
201,0.7677284657150861,375927244242.6884,25,S3_twin_shock,indonesia,USDC
202,0.7764668902715018,366529062663.22675,25,S3_twin_shock,indonesia,USDC
203,0.7757208914572394,357365835736.8268,25,S3_twin_shock,indonesia,USDC
204,0.7826674580130869,348431689547.11536,25,S3_twin_shock,indonesia,USDC
205,0.7789054382344767,339720897084.46643,25,S3_twin_shock,indonesia,USDC
206,0.7653569957442079,331227874472.10693,25,S3_twin_shock,indonesia,USDC
207,0.7401335356998912,322947177450.2451,25,S3_twin_shock,indonesia,USDC
208,0.7351629764438822,314873497868.5435,25,S3_twin_shock,indonesia,USDC
209,0.749330799145883,307001660308.4518,25,S3_twin_shock,indonesia,USDC
210,0.750172912954469,299326618723.13196,25,S3_twin_shock,indonesia,USDC
211,0.7467447399596713,291843453192.2048,25,S3_twin_shock,indonesia,USDC
212,0.7335048953112544,284547366813.0359,25,S3_twin_shock,indonesia,USDC
213,0.7327011428933964,277433682604.7223,25,S3_twin_shock,indonesia,USDC
214,0.7347883403167588,270497840510.2564,25,S3_twin_shock,indonesia,USDC
215,0.7515738356465678,263735394473.7906,25,S3_twin_shock,indonesia,USDC
216,0.7312101448655993,257142009595.91937,25,S3_twin_shock,indonesia,USDC
217,0.7178666644688241,250713459342.00885,25,S3_twin_shock,indonesia,USDC
218,0.7344970525792671,244445622847.43304,25,S3_twin_shock,indonesia,USDC
219,0.7652705081235501,238334482268.37433,25,S3_twin_shock,indonesia,USDC
220,0.7454902139038212,232376120206.45624,25,S3_twin_shock,indonesia,USDC
221,0.7642227657527053,226566717196.7725,25,S3_twin_shock,indonesia,USDC
222,0.766138449306577,220902549263.58652,25,S3_twin_shock,indonesia,USDC
223,0.779545286113693,215379985529.44714,25,S3_twin_shock,indonesia,USDC
224,0.7913080769772503,209995485889.3296,25,S3_twin_shock,indonesia,USDC
225,0.7686352461071051,204745598740.7062,25,S3_twin_shock,indonesia,USDC
226,0.7539926236554195,199626958770.92773,25,S3_twin_shock,indonesia,USDC
227,0.7251984378491246,194636284800.55017,25,S3_twin_shock,indonesia,USDC
228,0.7180713270881337,189770377679.5407,25,S3_twin_shock,indonesia,USDC
229,0.7348457313454286,185026118236.79974,25,S3_twin_shock,indonesia,USDC
230,0.7251541669222978,180400465280.37714,25,S3_twin_shock,indonesia,USDC
231,0.7157625695853397,175890453647.95587,25,S3_twin_shock,indonesia,USDC
232,0.7273069515293432,171493192306.4272,25,S3_twin_shock,indonesia,USDC
233,0.7406282823905388,167205862498.54144,25,S3_twin_shock,indonesia,USDC
234,0.7480901063367129,163025715935.9123,25,S3_twin_shock,indonesia,USDC
235,0.7764240477695884,158950073037.3882,25,S3_twin_shock,indonesia,USDC
236,0.7740712772033062,154976321211.37152,25,S3_twin_shock,indonesia,USDC
237,0.7680518570451513,151101913181.01843,25,S3_twin_shock,indonesia,USDC
238,0.7667631932648193,147324365351.437,25,S3_twin_shock,indonesia,USDC
239,0.7471066722680012,143641256217.60486,25,S3_twin_shock,indonesia,USDC
240,0.7559092911519663,140050224812.12506,25,S3_twin_shock,indonesia,USDC
241,0.7668709360548955,136548969191.7909,25,S3_twin_shock,indonesia,USDC
242,0.7684466742891152,133135244961.9735,25,S3_twin_shock,indonesia,USDC
243,0.7505346187063566,129806863837.9055,25,S3_twin_shock,indonesia,USDC
244,0.7559989597993162,126561692241.94208,25,S3_twin_shock,indonesia,USDC
245,0.7472347700813207,123397649935.88205,25,S3_twin_shock,indonesia,USDC
246,0.7402117561243102,120312708687.47513,25,S3_twin_shock,indonesia,USDC
247,0.7533086868212439,117304890970.28036,25,S3_twin_shock,indonesia,USDC
248,0.7905841673598043,114372268696.01752,25,S3_twin_shock,indonesia,USDC
249,0.7725575066609265,111512961978.61357,25,S3_twin_shock,indonesia,USDC
250,0.7617882820962382,108725137929.1449,25,S3_twin_shock,indonesia,USDC
251,0.763112006810432,106007009480.9134,25,S3_twin_shock,indonesia,USDC
252,0.7935802146564288,103356834243.88846,25,S3_twin_shock,indonesia,USDC
253,0.7988347356608385,100772913387.78976,25,S3_twin_shock,indonesia,USDC
254,0.8141273191637423,98253590553.09383,25,S3_twin_shock,indonesia,USDC
255,0.8053323447343927,95797250789.2656,25,S3_twin_shock,indonesia,USDC
256,0.7813831420101154,93402319519.53316,25,S3_twin_shock,indonesia,USDC
257,0.8055305306574657,91067261531.54407,25,S3_twin_shock,indonesia,USDC
258,0.7990080175052359,88790579993.25491,25,S3_twin_shock,indonesia,USDC
259,0.8156115112441739,86570815493.42307,25,S3_twin_shock,indonesia,USDC
260,0.8442510705847289,84406545106.08714,25,S3_twin_shock,indonesia,USDC
261,0.8470332506354405,82296381478.43472,25,S3_twin_shock,indonesia,USDC
262,0.830326410658852,80238971941.47366,25,S3_twin_shock,indonesia,USDC
263,0.8052116873315002,78232997642.93663,25,S3_twin_shock,indonesia,USDC
264,0.6925035791597434,76277172701.863,25,S3_twin_shock,indonesia,USDC
265,0.7158429693023443,74370243384.31615,25,S3_twin_shock,indonesia,USDC
266,0.7317391633909709,72510987299.70805,25,S3_twin_shock,indonesia,USDC
267,0.7368022817717287,70698212617.21521,25,S3_twin_shock,indonesia,USDC
268,0.7304649217824755,68930757301.78473,25,S3_twin_shock,indonesia,USDC
269,0.7456689426081292,67207488369.240036,25,S3_twin_shock,indonesia,USDC
270,0.7465231148366281,65527301160.00899,25,S3_twin_shock,indonesia,USDC
271,0.7828229609600035,63889118631.00871,25,S3_twin_shock,indonesia,USDC
272,0.7692445353052764,62291890665.23346,25,S3_twin_shock,indonesia,USDC
273,0.771149572225436,60734593398.6026,25,S3_twin_shock,indonesia,USDC
274,0.7884690005938723,59216228563.63751,25,S3_twin_shock,indonesia,USDC
275,0.7962925418981821,57735822849.54657,25,S3_twin_shock,indonesia,USDC
276,0.78994988058454,56292427278.30789,25,S3_twin_shock,indonesia,USDC
277,0.8090700255747901,54885116596.35018,25,S3_twin_shock,indonesia,USDC
278,0.8198457678929575,53512988681.44141,25,S3_twin_shock,indonesia,USDC
279,0.7892904702971617,52175163964.405365,25,S3_twin_shock,indonesia,USDC
280,0.7723693876295513,50870784865.29523,25,S3_twin_shock,indonesia,USDC
281,0.7826620688310281,49599015243.66284,25,S3_twin_shock,indonesia,USDC
282,0.7818484098973899,48359039862.571266,25,S3_twin_shock,indonesia,USDC
283,0.7837384906487388,47150063866.00697,25,S3_twin_shock,indonesia,USDC
284,0.7847133926902544,45971312269.3568,25,S3_twin_shock,indonesia,USDC
285,0.8012049195306263,44822029462.62288,25,S3_twin_shock,indonesia,USDC
286,0.8173219218474306,43701478726.05731,25,S3_twin_shock,indonesia,USDC
287,0.8148430933269838,42608941757.905876,25,S3_twin_shock,indonesia,USDC
288,0.8154367074168274,41543718213.95824,25,S3_twin_shock,indonesia,USDC
289,0.818307705248207,40505125258.609276,25,S3_twin_shock,indonesia,USDC
290,0.806024895009815,39492497127.14404,25,S3_twin_shock,indonesia,USDC
291,0.8067779208631768,38505184698.96544,25,S3_twin_shock,indonesia,USDC
292,0.8125438705275171,37542555081.4913,25,S3_twin_shock,indonesia,USDC
293,0.7989828360139596,36603991204.454025,25,S3_twin_shock,indonesia,USDC
294,0.7834776124222729,35688891424.34267,25,S3_twin_shock,indonesia,USDC
295,0.7936513867163706,34796669138.7341,25,S3_twin_shock,indonesia,USDC
296,0.7995633654835979,33926752410.265747,25,S3_twin_shock,indonesia,USDC
297,0.7724534685437292,33078583600.0091,25,S3_twin_shock,indonesia,USDC
298,0.7704942285088724,32251619010.008877,25,S3_twin_shock,indonesia,USDC
299,0.7779544575591519,31445328534.75866,25,S3_twin_shock,indonesia,USDC
300,0.7912853352608349,30659195321.389687,25,S3_twin_shock,indonesia,USDC
301,0.8140538926558399,29892715438.354946,25,S3_twin_shock,indonesia,USDC
302,0.8122452099993127,29145397552.396072,25,S3_twin_shock,indonesia,USDC
303,0.8084471568982083,28416762613.586174,25,S3_twin_shock,indonesia,USDC
304,0.8013777235710674,27706343548.24652,25,S3_twin_shock,indonesia,USDC
305,0.7953146125654315,27013684959.54035,25,S3_twin_shock,indonesia,USDC
306,0.7929112261393545,26338342835.55185,25,S3_twin_shock,indonesia,USDC
307,0.8042221919733991,25679884264.663048,25,S3_twin_shock,indonesia,USDC
308,0.7940491879414435,25037887158.046474,25,S3_twin_shock,indonesia,USDC
309,0.8290876604530174,24411939979.095314,25,S3_twin_shock,indonesia,USDC
310,0.6946316153255893,23801641479.617928,25,S3_twin_shock,indonesia,USDC
311,0.7017623411933314,23206600442.62748,25,S3_twin_shock,indonesia,USDC
312,0.6774203245067087,22626435431.56179,25,S3_twin_shock,indonesia,USDC
313,0.700686495971106,22060774545.772747,25,S3_twin_shock,indonesia,USDC
314,0.7079909259012956,21509255182.12843,25,S3_twin_shock,indonesia,USDC
315,0.7091429252171267,20971523802.57522,25,S3_twin_shock,indonesia,USDC
316,0.7217979244840992,20447235707.510838,25,S3_twin_shock,indonesia,USDC
317,0.7472502032828214,19936054814.823067,25,S3_twin_shock,indonesia,USDC
318,0.7370012695043138,19437653444.45249,25,S3_twin_shock,indonesia,USDC
319,0.7461938332956959,18951712108.34118,25,S3_twin_shock,indonesia,USDC
320,0.727403746639301,18477919305.632652,25,S3_twin_shock,indonesia,USDC
321,0.7424404639710043,18015971322.991833,25,S3_twin_shock,indonesia,USDC
322,0.745118827189431,17565572039.917038,25,S3_twin_shock,indonesia,USDC
323,0.785385192302493,17126432738.919113,25,S3_twin_shock,indonesia,USDC
324,0.7865313616533457,16698271920.446133,25,S3_twin_shock,indonesia,USDC
325,0.782978161307962,16280815122.434978,25,S3_twin_shock,indonesia,USDC
326,0.7941117273926807,15873794744.374105,25,S3_twin_shock,indonesia,USDC
327,0.805598020607268,15476949875.764751,25,S3_twin_shock,indonesia,USDC
328,0.8076014125767695,15090026128.870634,25,S3_twin_shock,indonesia,USDC
329,0.7978907579712542,14712775475.648869,25,S3_twin_shock,indonesia,USDC
330,0.8081132956449835,14344956088.757645,25,S3_twin_shock,indonesia,USDC
331,0.8259127315416874,13986332186.538708,25,S3_twin_shock,indonesia,USDC
332,0.8331950621596571,13636673881.875238,25,S3_twin_shock,indonesia,USDC
333,0.845722096101086,13295757034.828358,25,S3_twin_shock,indonesia,USDC
334,0.8264609417586829,12963363108.95765,25,S3_twin_shock,indonesia,USDC
335,0.8160924301239626,12639279031.23371,25,S3_twin_shock,indonesia,USDC
336,0.8127978649990765,12323297055.452866,25,S3_twin_shock,indonesia,USDC
337,0.8114811803120421,12015214629.066544,25,S3_twin_shock,indonesia,USDC
338,0.806867627397744,11714834263.33988,25,S3_twin_shock,indonesia,USDC
339,0.8281595921790266,11421963406.756384,25,S3_twin_shock,indonesia,USDC
340,0.8238315025167828,11136414321.587475,25,S3_twin_shock,indonesia,USDC
341,0.8108648792101516,10858003963.547787,25,S3_twin_shock,indonesia,USDC
342,0.8043474587642793,10586553864.459091,25,S3_twin_shock,indonesia,USDC
343,0.7773657011166081,10321890017.847614,25,S3_twin_shock,indonesia,USDC
344,0.7790734258431182,10063842767.401424,25,S3_twin_shock,indonesia,USDC
345,0.783149310476677,9812246698.216389,25,S3_twin_shock,indonesia,USDC
346,0.7766979905732471,9566940530.760979,25,S3_twin_shock,indonesia,USDC
347,0.7957882802562942,9327767017.491953,25,S3_twin_shock,indonesia,USDC
348,0.7691108637243054,9094572842.054655,25,S3_twin_shock,indonesia,USDC
349,0.7870770538058922,8867208521.003288,25,S3_twin_shock,indonesia,USDC
350,0.795190595925889,8645528307.978207,25,S3_twin_shock,indonesia,USDC
351,0.7829779390725978,8429390100.278751,25,S3_twin_shock,indonesia,USDC
352,0.8039019897394178,8218655347.771782,25,S3_twin_shock,indonesia,USDC
353,0.801406206555584,8013188964.077488,25,S3_twin_shock,indonesia,USDC
354,0.751695371474624,7812859239.975551,25,S3_twin_shock,indonesia,USDC
355,0.7485006457834852,7617537758.976162,25,S3_twin_shock,indonesia,USDC
356,0.7538294664027133,7427099315.001758,25,S3_twin_shock,indonesia,USDC
357,0.7476633319696523,7241421832.126713,25,S3_twin_shock,indonesia,USDC
358,0.7391614461837961,7060386286.323545,25,S3_twin_shock,indonesia,USDC
359,0.7383773843167712,6883876629.165457,25,S3_twin_shock,indonesia,USDC
360,0.7460278207894464,6711779713.436321,25,S3_twin_shock,indonesia,USDC
361,0.7464891514692337,6543985220.600413,25,S3_twin_shock,indonesia,USDC
362,0.7329582824868995,6380385590.0854025,25,S3_twin_shock,indonesia,USDC
363,0.735664208656462,6220875950.333267,25,S3_twin_shock,indonesia,USDC
364,0.7280146826100073,6065354051.574936,25,S3_twin_shock,indonesia,USDC
365,0.7419368160323406,5913720200.2855625,25,S3_twin_shock,indonesia,USDC
366,0.7677976130535937,5765877195.278423,25,S3_twin_shock,indonesia,USDC
367,0.805317300315687,5621730265.396463,25,S3_twin_shock,indonesia,USDC
368,0.8095451605690874,5481187008.761551,25,S3_twin_shock,indonesia,USDC
369,0.8209251465064937,5344157333.542513,25,S3_twin_shock,indonesia,USDC
370,0.8167549149544349,5210553400.203949,25,S3_twin_shock,indonesia,USDC
371,0.8101650722135147,5080289565.198851,25,S3_twin_shock,indonesia,USDC
372,0.8054560047994131,4953282326.068879,25,S3_twin_shock,indonesia,USDC
373,0.7980859821285033,4829450267.917157,25,S3_twin_shock,indonesia,USDC
374,0.7784921319562368,4708714011.219229,25,S3_twin_shock,indonesia,USDC
375,0.7782464885011927,4590996160.938747,25,S3_twin_shock,indonesia,USDC
376,0.7898566655617367,4476221256.915279,25,S3_twin_shock,indonesia,USDC
377,0.7791612717563089,4364315725.492397,25,S3_twin_shock,indonesia,USDC
378,0.7889566221609813,4255207832.3550873,25,S3_twin_shock,indonesia,USDC
379,0.7989840222048977,4148827636.5462103,25,S3_twin_shock,indonesia,USDC
380,0.7873519560273828,4045106945.632555,25,S3_twin_shock,indonesia,USDC
381,0.775576424781256,3943979271.991741,25,S3_twin_shock,indonesia,USDC
382,0.776320339407536,3845379790.1919475,25,S3_twin_shock,indonesia,USDC
383,0.7703340005634475,3749245295.437149,25,S3_twin_shock,indonesia,USDC
384,0.770297566538619,3655514163.0512204,25,S3_twin_shock,indonesia,USDC
385,0.7723185643470453,3564126308.97494,25,S3_twin_shock,indonesia,USDC
386,0.7779344878251436,3475023151.2505655,25,S3_twin_shock,indonesia,USDC
387,0.8071640267604758,3388147572.469302,25,S3_twin_shock,indonesia,USDC
388,0.8130977393910636,3303443883.1575694,25,S3_twin_shock,indonesia,USDC
389,0.8230870656497625,3220857786.07863,25,S3_twin_shock,indonesia,USDC
390,0.8332257723974139,3140336341.4266644,25,S3_twin_shock,indonesia,USDC
391,0.838760706298693,3061827932.890998,25,S3_twin_shock,indonesia,USDC
392,0.8170332905270246,2985282234.5687227,25,S3_twin_shock,indonesia,USDC
393,0.8035843579783706,2910650178.704505,25,S3_twin_shock,indonesia,USDC
394,0.8188299712991789,2837883924.2368917,25,S3_twin_shock,indonesia,USDC
395,0.8245227661684895,2766936826.1309695,25,S3_twin_shock,indonesia,USDC
396,0.8373920964578077,2697763405.4776955,25,S3_twin_shock,indonesia,USDC
397,0.804016756076202,2630319320.340753,25,S3_twin_shock,indonesia,USDC
398,0.8069503266858423,2564561337.3322344,25,S3_twin_shock,indonesia,USDC
399,0.7971996093232957,2500447303.898928,25,S3_twin_shock,indonesia,USDC
400,0.7701474635106014,2437936121.3014555,25,S3_twin_shock,indonesia,USDC
401,0.7755143038130204,2376987718.268919,25,S3_twin_shock,indonesia,USDC
402,0.7718544685605112,2317563025.312196,25,S3_twin_shock,indonesia,USDC
403,0.7669473626254372,2259623949.679391,25,S3_twin_shock,indonesia,USDC
404,0.7682553079643522,2203133350.937406,25,S3_twin_shock,indonesia,USDC
405,0.7448554763557442,2148055017.163971,25,S3_twin_shock,indonesia,USDC
406,0.7979793143464512,2094353641.7348716,25,S3_twin_shock,indonesia,USDC
407,0.8130641095489743,2041994800.6914997,25,S3_twin_shock,indonesia,USDC
408,0.8301374663242884,1990944930.6742122,25,S3_twin_shock,indonesia,USDC
409,0.8373050150996423,1941171307.4073572,25,S3_twin_shock,indonesia,USDC
410,0.8296170503993047,1892642024.7221732,25,S3_twin_shock,indonesia,USDC
411,0.8381338129862526,1845325974.1041188,25,S3_twin_shock,indonesia,USDC
412,0.8495536681739001,1799192824.7515159,25,S3_twin_shock,indonesia,USDC
413,0.8563324482462817,1754213004.132728,25,S3_twin_shock,indonesia,USDC
414,0.8561062836910885,1710357679.02941,25,S3_twin_shock,indonesia,USDC
415,0.8464953638694576,1667598737.0536747,25,S3_twin_shock,indonesia,USDC
416,0.8232264508327686,1625908768.6273327,25,S3_twin_shock,indonesia,USDC
417,0.840945942994845,1585261049.4116495,25,S3_twin_shock,indonesia,USDC
418,0.8411314242452603,1545629523.1763582,25,S3_twin_shock,indonesia,USDC
419,0.8339549248459557,1506988785.0969493,25,S3_twin_shock,indonesia,USDC
420,0.8375965778966631,1469314065.4695256,25,S3_twin_shock,indonesia,USDC
421,0.8566919795858424,1432581213.8327875,25,S3_twin_shock,indonesia,USDC
422,0.8521083469711261,1396766683.4869678,25,S3_twin_shock,indonesia,USDC
423,0.8365583754381323,1361847516.3997936,25,S3_twin_shock,indonesia,USDC
424,0.8075390548085841,1327801328.4897988,25,S3_twin_shock,indonesia,USDC
425,0.7882199915546213,1294606295.2775538,25,S3_twin_shock,indonesia,USDC
426,0.7948404861982461,1262241137.8956149,25,S3_twin_shock,indonesia,USDC
427,0.8063105815490346,1230685109.4482245,25,S3_twin_shock,indonesia,USDC
428,0.7949315532869147,1199917981.712019,25,S3_twin_shock,indonesia,USDC
429,0.77033306023261,1169920032.1692185,25,S3_twin_shock,indonesia,USDC
430,0.7740054000849502,1140672031.364988,25,S3_twin_shock,indonesia,USDC
431,0.790855500012961,1112155230.5808635,25,S3_twin_shock,indonesia,USDC
432,0.8088530590875448,1084351349.8163419,25,S3_twin_shock,indonesia,USDC
433,0.8156461611145553,1057242566.0709332,25,S3_twin_shock,indonesia,USDC
434,0.8015627303133092,1030811501.9191599,25,S3_twin_shock,indonesia,USDC
435,0.8078078649854633,1005041214.371181,25,S3_twin_shock,indonesia,USDC
436,0.8353801460374534,979915184.0119015,25,S3_twin_shock,indonesia,USDC
437,0.8074071955683116,955417304.4116039,25,S3_twin_shock,indonesia,USDC
438,0.7972068198672602,931531871.8013138,25,S3_twin_shock,indonesia,USDC
439,0.7892143311818813,908243575.0062809,25,S3_twin_shock,indonesia,USDC
440,0.7956573420469444,885537485.6311239,25,S3_twin_shock,indonesia,USDC
441,0.8220917406567302,863399048.4903458,25,S3_twin_shock,indonesia,USDC
442,0.8336474571244544,841814072.2780871,25,S3_twin_shock,indonesia,USDC
443,0.8452358162117859,820768720.471135,25,S3_twin_shock,indonesia,USDC
444,0.8249857378987259,800249502.4593568,25,S3_twin_shock,indonesia,USDC
445,0.7981251046870238,780243264.8978727,25,S3_twin_shock,indonesia,USDC
446,0.7952180123216156,760737183.2754259,25,S3_twin_shock,indonesia,USDC
447,0.782138530993929,741718753.6935403,25,S3_twin_shock,indonesia,USDC
448,0.8019782760267952,723175784.8512018,25,S3_twin_shock,indonesia,USDC
449,0.8023260270431282,705096390.2299217,25,S3_twin_shock,indonesia,USDC
450,0.8078306227484487,687468980.4741737,25,S3_twin_shock,indonesia,USDC
451,0.771565676372393,670282255.9623193,25,S3_twin_shock,indonesia,USDC
452,0.7704744611939063,653525199.5632613,25,S3_twin_shock,indonesia,USDC
453,0.748673796539252,637187069.5741796,25,S3_twin_shock,indonesia,USDC
454,0.763585314587522,621257392.8348253,25,S3_twin_shock,indonesia,USDC
455,0.7627168588165621,605725958.0139546,25,S3_twin_shock,indonesia,USDC
456,0.771109292959148,590582809.0636058,25,S3_twin_shock,indonesia,USDC
457,0.771513187614143,575818238.8370156,25,S3_twin_shock,indonesia,USDC
458,0.7718994757388244,561422782.8660903,25,S3_twin_shock,indonesia,USDC
459,0.7765128948265978,547387213.2944379,25,S3_twin_shock,indonesia,USDC
460,0.7606496755116591,533702532.962077,25,S3_twin_shock,indonesia,USDC
461,0.7707985801048693,520359969.63802505,25,S3_twin_shock,indonesia,USDC
462,0.7978077528366505,507350970.39707446,25,S3_twin_shock,indonesia,USDC
463,0.8029760970129134,494667196.13714755,25,S3_twin_shock,indonesia,USDC
464,0.7986694149798049,482300516.2337189,25,S3_twin_shock,indonesia,USDC
465,0.7911716355236105,470243003.32787585,25,S3_twin_shock,indonesia,USDC
466,0.7729376208256902,458486928.244679,25,S3_twin_shock,indonesia,USDC
467,0.7728341288555565,447024755.03856206,25,S3_twin_shock,indonesia,USDC
468,0.7587858447130207,435849136.162598,25,S3_twin_shock,indonesia,USDC
469,0.7603261447230721,424952907.758533,25,S3_twin_shock,indonesia,USDC
470,0.7836589574348377,414329085.06456965,25,S3_twin_shock,indonesia,USDC
471,0.7751422194262402,403970857.93795544,25,S3_twin_shock,indonesia,USDC
472,0.7497923396402796,393871586.48950654,25,S3_twin_shock,indonesia,USDC
473,0.7399159763315353,384024796.8272689,25,S3_twin_shock,indonesia,USDC
474,0.7345754460075513,374424176.9065871,25,S3_twin_shock,indonesia,USDC
475,0.7335283118039144,365063572.4839225,25,S3_twin_shock,indonesia,USDC
476,0.7595930084751432,355936983.17182446,25,S3_twin_shock,indonesia,USDC
477,0.7367460795641424,347038558.5925288,25,S3_twin_shock,indonesia,USDC
478,0.7617174035706887,338362594.6277156,25,S3_twin_shock,indonesia,USDC
479,0.7859035262651594,329903529.7620227,25,S3_twin_shock,indonesia,USDC
480,0.7463491393968998,321655941.5179721,25,S3_twin_shock,indonesia,USDC
481,0.7473762711681334,313614542.98002285,25,S3_twin_shock,indonesia,USDC
482,0.7428119335343366,305774179.4055222,25,S3_twin_shock,indonesia,USDC
483,0.768950531180285,298129824.92038417,25,S3_twin_shock,indonesia,USDC
484,0.7753620723346945,290676579.2973746,25,S3_twin_shock,indonesia,USDC
485,0.7780489131899959,283409664.8149402,25,S3_twin_shock,indonesia,USDC
486,0.7820237283736805,276324423.1945667,25,S3_twin_shock,indonesia,USDC
487,0.8022551553340008,269416312.6147025,25,S3_twin_shock,indonesia,USDC
488,0.7987227129655206,262680904.799335,25,S3_twin_shock,indonesia,USDC
489,0.8111541157118056,256113882.17935157,25,S3_twin_shock,indonesia,USDC
490,0.8056908325648281,249711035.1248678,25,S3_twin_shock,indonesia,USDC
491,0.8011828453024613,243468259.24674612,25,S3_twin_shock,indonesia,USDC
492,0.8243106930807031,237381552.7655775,25,S3_twin_shock,indonesia,USDC
493,0.8055756703037265,231447013.946438,25,S3_twin_shock,indonesia,USDC
494,0.8226613193249039,225660838.59777707,25,S3_twin_shock,indonesia,USDC
495,0.811573089396228,220019317.63283265,25,S3_twin_shock,indonesia,USDC
496,0.7998698282026251,214518834.69201183,25,S3_twin_shock,indonesia,USDC
497,0.8024182381250301,209155863.8247115,25,S3_twin_shock,indonesia,USDC
498,0.7993081304103353,203926967.22909373,25,S3_twin_shock,indonesia,USDC
499,0.8107966815503982,198828793.0483664,25,S3_twin_shock,indonesia,USDC
500,0.8036830498300143,193858073.22215724,25,S3_twin_shock,indonesia,USDC
501,0.7833419909792674,189011621.3916033,25,S3_twin_shock,indonesia,USDC
502,0.7910420966386404,184286330.85681322,25,S3_twin_shock,indonesia,USDC
503,0.8101262583397889,179679172.5853929,25,S3_twin_shock,indonesia,USDC
504,0.8341136820358105,175187193.27075806,25,S3_twin_shock,indonesia,USDC
505,0.8152420896186315,170807513.4389891,25,S3_twin_shock,indonesia,USDC
506,0.8224612726268073,166537325.60301438,25,S3_twin_shock,indonesia,USDC
507,0.8016855721934597,162373892.46293902,25,S3_twin_shock,indonesia,USDC
508,0.8092629297470406,158314545.15136555,25,S3_twin_shock,indonesia,USDC
509,0.8315974712022293,154356681.5225814,25,S3_twin_shock,indonesia,USDC
510,0.8699848986712678,150497764.48451686,25,S3_twin_shock,indonesia,USDC
511,0.8654113244691399,146735320.37240395,25,S3_twin_shock,indonesia,USDC
512,0.8413108296597149,143066937.36309385,25,S3_twin_shock,indonesia,USDC
513,0.8512709078559855,139490263.9290165,25,S3_twin_shock,indonesia,USDC
514,0.8360611711761287,136003007.3307911,25,S3_twin_shock,indonesia,USDC
515,0.8562527849383634,132602932.14752132,25,S3_twin_shock,indonesia,USDC
516,0.8630991923110282,129287858.8438333,25,S3_twin_shock,indonesia,USDC
517,0.857361913672408,126055662.37273747,25,S3_twin_shock,indonesia,USDC
518,0.8416210032772394,122904270.81341903,25,S3_twin_shock,indonesia,USDC
519,0.8693737787447526,119831664.04308355,25,S3_twin_shock,indonesia,USDC
520,0.8470865743631023,116835872.44200645,25,S3_twin_shock,indonesia,USDC
521,0.8430609860542292,113914975.63095629,25,S3_twin_shock,indonesia,USDC
522,0.8266718037102075,111067101.2401824,25,S3_twin_shock,indonesia,USDC
523,0.8245325552712824,108290423.70917782,25,S3_twin_shock,indonesia,USDC
524,0.7991688732529976,105583163.11644837,25,S3_twin_shock,indonesia,USDC
525,0.800847847273258,102943584.03853717,25,S3_twin_shock,indonesia,USDC
526,0.7820045616345435,100369994.43757373,25,S3_twin_shock,indonesia,USDC
527,0.7931166773145724,97860744.57663439,25,S3_twin_shock,indonesia,USDC
528,0.779222458571345,95414225.96221852,25,S3_twin_shock,indonesia,USDC
529,0.7802458749026313,93028870.31316307,25,S3_twin_shock,indonesia,USDC
530,0.7622619489674853,90703148.555334,25,S3_twin_shock,indonesia,USDC
531,0.7593007777964793,88435569.84145065,25,S3_twin_shock,indonesia,USDC
532,0.7934502142073014,86224680.59541439,25,S3_twin_shock,indonesia,USDC
533,0.7948851917711438,84069063.58052902,25,S3_twin_shock,indonesia,USDC
534,0.7958094134492473,81967336.99101579,25,S3_twin_shock,indonesia,USDC
535,0.7952691010770708,79918153.5662404,25,S3_twin_shock,indonesia,USDC
536,0.7947918135394156,77920199.7270844,25,S3_twin_shock,indonesia,USDC
537,0.738601726441478,75972194.73390728,25,S3_twin_shock,indonesia,USDC
538,0.7425264455288957,74072889.86555961,25,S3_twin_shock,indonesia,USDC
539,0.7475592581865977,72221067.61892062,25,S3_twin_shock,indonesia,USDC
540,0.75363843382925,70415540.9284476,25,S3_twin_shock,indonesia,USDC
541,0.7541497387958627,68655152.40523641,25,S3_twin_shock,indonesia,USDC
542,0.774807519763201,66938773.5951055,25,S3_twin_shock,indonesia,USDC
543,0.8039662908999053,65265304.255227864,25,S3_twin_shock,indonesia,USDC
544,0.8072676737906908,63633671.64884717,25,S3_twin_shock,indonesia,USDC
545,0.8048700532058554,62042829.85762599,25,S3_twin_shock,indonesia,USDC
546,0.7924119539094704,60491759.11118534,25,S3_twin_shock,indonesia,USDC
547,0.7880259502986402,58979465.133405715,25,S3_twin_shock,indonesia,USDC
548,0.7825593751201547,57504978.50507057,25,S3_twin_shock,indonesia,USDC
549,0.7853917457100603,56067354.0424438,25,S3_twin_shock,indonesia,USDC
550,0.8086687075944383,54665670.191382706,25,S3_twin_shock,indonesia,USDC
551,0.8040260909293905,53299028.436598144,25,S3_twin_shock,indonesia,USDC
552,0.801945712000695,51966552.72568318,25,S3_twin_shock,indonesia,USDC
553,0.7929472627872215,50667388.90754111,25,S3_twin_shock,indonesia,USDC
554,0.7906652806239288,49400704.18485258,25,S3_twin_shock,indonesia,USDC
555,0.7884487621739479,48165686.580231264,25,S3_twin_shock,indonesia,USDC
556,0.7946544649014683,46961544.415725484,25,S3_twin_shock,indonesia,USDC
557,0.7767111200435763,45787505.80533235,25,S3_twin_shock,indonesia,USDC
558,0.7859592828502789,44642818.16019904,25,S3_twin_shock,indonesia,USDC
559,0.7716902898001685,43526747.706194066,25,S3_twin_shock,indonesia,USDC
560,0.8288009527709387,42438579.01353921,25,S3_twin_shock,indonesia,USDC
561,0.8228905116629163,41377614.538200736,25,S3_twin_shock,indonesia,USDC
562,0.8332299684748288,40343174.17474571,25,S3_twin_shock,indonesia,USDC
563,0.8316252335348994,39334594.82037707,25,S3_twin_shock,indonesia,USDC
564,0.8451163514049455,38351229.94986764,25,S3_twin_shock,indonesia,USDC
565,0.8218783214353873,37392449.20112096,25,S3_twin_shock,indonesia,USDC
566,0.8286428583305679,36457637.97109293,25,S3_twin_shock,indonesia,USDC
567,0.8117414037960673,35546197.02181561,25,S3_twin_shock,indonesia,USDC
568,0.8146645839373435,34657542.09627022,25,S3_twin_shock,indonesia,USDC
569,0.7908607707511977,33791103.54386346,25,S3_twin_shock,indonesia,USDC
570,0.8031808868724732,32946325.955266878,25,S3_twin_shock,indonesia,USDC
571,0.8176604947629513,32122667.806385204,25,S3_twin_shock,indonesia,USDC
572,0.8123657039151237,31319601.11122558,25,S3_twin_shock,indonesia,USDC
573,0.8219980098232147,30536611.083444938,25,S3_twin_shock,indonesia,USDC
574,0.8163773059950402,29773195.806358814,25,S3_twin_shock,indonesia,USDC
575,0.8022388632522325,29028865.911199845,25,S3_twin_shock,indonesia,USDC
576,0.8105702621913762,28303144.263419844,25,S3_twin_shock,indonesia,USDC
577,0.8031092678721969,27595565.65683435,25,S3_twin_shock,indonesia,USDC
578,0.7960238933874427,26905676.515413493,25,S3_twin_shock,indonesia,USDC
579,0.7796156745992308,26233034.602528155,25,S3_twin_shock,indonesia,USDC
580,0.7930148065715596,25577208.73746495,25,S3_twin_shock,indonesia,USDC
581,0.8010239797585931,24937778.51902833,25,S3_twin_shock,indonesia,USDC
582,0.794122411487622,24314334.056052618,25,S3_twin_shock,indonesia,USDC
583,0.792276580412504,23706475.704651304,25,S3_twin_shock,indonesia,USDC
584,0.785012990784117,23113813.812035024,25,S3_twin_shock,indonesia,USDC
585,0.7884355522501671,22535968.46673415,25,S3_twin_shock,indonesia,USDC
586,0.7910896983252819,21972569.25506579,25,S3_twin_shock,indonesia,USDC
587,0.7818949786333913,21423255.02368915,25,S3_twin_shock,indonesia,USDC
588,0.7949891623801576,20887673.64809692,25,S3_twin_shock,indonesia,USDC
589,0.7884228176126776,20365481.806894496,25,S3_twin_shock,indonesia,USDC
590,0.779757957470189,19856344.761722136,25,S3_twin_shock,indonesia,USDC
591,0.7616649646813541,19359936.14267908,25,S3_twin_shock,indonesia,USDC
592,0.7333937511935928,18875937.7391121,25,S3_twin_shock,indonesia,USDC
593,0.75722432978642,18404039.2956343,25,S3_twin_shock,indonesia,USDC
594,0.7794014586291329,17943938.31324344,25,S3_twin_shock,indonesia,USDC
595,0.7897068515959742,17495339.855412357,25,S3_twin_shock,indonesia,USDC
596,0.7800684309318071,17057956.359027047,25,S3_twin_shock,indonesia,USDC
597,0.7485597165345207,16631507.450051371,25,S3_twin_shock,indonesia,USDC
598,0.7498284615197042,16215719.763800088,25,S3_twin_shock,indonesia,USDC
599,0.7526446619102496,15810326.769705083,25,S3_twin_shock,indonesia,USDC
600,0.7714213172299654,15415068.600462455,25,S3_twin_shock,indonesia,USDC
601,0.7867232012803591,15029691.885450896,25,S3_twin_shock,indonesia,USDC
602,0.8105847077230738,14653949.588314623,25,S3_twin_shock,indonesia,USDC
603,0.8146631515928987,14287600.84860676,25,S3_twin_shock,indonesia,USDC
604,0.8206515552342913,13930410.82739159,25,S3_twin_shock,indonesia,USDC
605,0.8059186297051235,13582150.556706801,25,S3_twin_shock,indonesia,USDC
606,0.8141019580833766,13242596.792789131,25,S3_twin_shock,indonesia,USDC
607,0.8195401754623023,12911531.872969402,25,S3_twin_shock,indonesia,USDC
608,0.8219960870149787,12588743.576145168,25,S3_twin_shock,indonesia,USDC
609,0.8330020182167672,12274024.98674154,25,S3_twin_shock,indonesia,USDC
610,0.8392592893385918,11967174.362073,25,S3_twin_shock,indonesia,USDC
611,0.8238721985346573,11667995.003021177,25,S3_twin_shock,indonesia,USDC
612,0.8552345114113838,11376295.127945647,25,S3_twin_shock,indonesia,USDC
613,0.8584940688697025,11091887.749747004,25,S3_twin_shock,indonesia,USDC
614,0.8599833916354923,10814590.55600333,25,S3_twin_shock,indonesia,USDC
615,0.8476884647333676,10544225.792103246,25,S3_twin_shock,indonesia,USDC
616,0.8553622063291602,10280620.147300666,25,S3_twin_shock,indonesia,USDC
617,0.8571357836000182,10023604.64361815,25,S3_twin_shock,indonesia,USDC
618,0.8307342340472103,9773014.527527697,25,S3_twin_shock,indonesia,USDC
619,0.8131946871505222,9528689.164339503,25,S3_twin_shock,indonesia,USDC
620,0.8034122388661117,9290471.935231017,25,S3_twin_shock,indonesia,USDC
621,0.8172144188014856,9058210.13685024,25,S3_twin_shock,indonesia,USDC
622,0.8073630616151257,8831754.883428985,25,S3_twin_shock,indonesia,USDC
623,0.8224090348532005,8610961.011343261,25,S3_twin_shock,indonesia,USDC
624,0.836770442618212,8395686.986059679,25,S3_twin_shock,indonesia,USDC
625,0.8438933820469432,8185794.811408186,25,S3_twin_shock,indonesia,USDC
626,0.8499903263529633,7981149.941122981,25,S3_twin_shock,indonesia,USDC
627,0.8630605908672171,7781621.192594906,25,S3_twin_shock,indonesia,USDC
628,0.8490398030964229,7587080.662780033,25,S3_twin_shock,indonesia,USDC
629,0.8555707859236568,7397403.646210533,25,S3_twin_shock,indonesia,USDC
630,0.8411055224710747,7212468.55505527,25,S3_twin_shock,indonesia,USDC
631,0.8432387112598316,7032156.8411788875,25,S3_twin_shock,indonesia,USDC
632,0.8532208506869507,6856352.920149416,25,S3_twin_shock,indonesia,USDC
633,0.8757668059469755,6684944.097145679,25,S3_twin_shock,indonesia,USDC
634,0.8661932927134107,6517820.494717039,25,S3_twin_shock,indonesia,USDC
635,0.8821412371358013,6354874.982349113,25,S3_twin_shock,indonesia,USDC
636,0.877976935030685,6196003.107790384,25,S3_twin_shock,indonesia,USDC
637,0.8609447354937957,6041103.030095625,25,S3_twin_shock,indonesia,USDC
638,0.8505267964092192,5890075.454343233,25,S3_twin_shock,indonesia,USDC
639,0.8249845075084227,5742823.567984653,25,S3_twin_shock,indonesia,USDC
640,0.8211332125029882,5599252.978785036,25,S3_twin_shock,indonesia,USDC
641,0.7978735980954359,5459271.65431541,25,S3_twin_shock,indonesia,USDC
642,0.8107742447794811,5322789.862957525,25,S3_twin_shock,indonesia,USDC
643,0.8232713795947015,5189720.116383587,25,S3_twin_shock,indonesia,USDC
644,0.8478182876581307,5059977.113473997,25,S3_twin_shock,indonesia,USDC
645,0.8250423976256495,4933477.685637147,25,S3_twin_shock,indonesia,USDC
646,0.8169061915866401,4810140.743496219,25,S3_twin_shock,indonesia,USDC
647,0.7960455218751378,4689887.224908813,25,S3_twin_shock,indonesia,USDC
648,0.8056753078395246,4572640.044286093,25,S3_twin_shock,indonesia,USDC
649,0.8157621644719599,4458324.04317894,25,S3_twin_shock,indonesia,USDC
650,0.822773127548521,4346865.942099467,25,S3_twin_shock,indonesia,USDC
651,0.8272210191819477,4238194.29354698,25,S3_twin_shock,indonesia,USDC
652,0.8243085296251846,4132239.436208306,25,S3_twin_shock,indonesia,USDC
653,0.8125620216768227,4028933.450303098,25,S3_twin_shock,indonesia,USDC
654,0.8222772328914788,3928210.1140455203,25,S3_twin_shock,indonesia,USDC
655,0.821229727675245,3830004.8611943824,25,S3_twin_shock,indonesia,USDC
656,0.7864349437456857,3734254.739664523,25,S3_twin_shock,indonesia,USDC
657,0.7751662869844537,3640898.3711729106,25,S3_twin_shock,indonesia,USDC
658,0.7740963307514013,3549875.9118935876,25,S3_twin_shock,indonesia,USDC
659,0.8162007458379227,3461129.0140962475,25,S3_twin_shock,indonesia,USDC
660,0.7989295898520186,3374600.7887438415,25,S3_twin_shock,indonesia,USDC
661,0.8102144246272251,3290235.7690252457,25,S3_twin_shock,indonesia,USDC
662,0.7987304326186663,3207979.874799614,25,S3_twin_shock,indonesia,USDC
663,0.8067008268378534,3127780.3779296237,25,S3_twin_shock,indonesia,USDC
664,0.8135574381766758,3049585.868481383,25,S3_twin_shock,indonesia,USDC
665,0.823483227423763,2973346.2217693487,25,S3_twin_shock,indonesia,USDC
666,0.838384213322415,2899012.5662251147,25,S3_twin_shock,indonesia,USDC
667,0.8291712435065797,2826537.252069487,25,S3_twin_shock,indonesia,USDC
668,0.8205102461325778,2755873.82076775,25,S3_twin_shock,indonesia,USDC
669,0.8158423298601039,2686976.975248556,25,S3_twin_shock,indonesia,USDC
670,0.8047687353262207,2619802.5508673424,25,S3_twin_shock,indonesia,USDC
671,0.7958534728275137,2554307.4870956587,25,S3_twin_shock,indonesia,USDC
672,0.8320436577275445,2490449.799918267,25,S3_twin_shock,indonesia,USDC
673,0.8381372854980537,2428188.5549203106,25,S3_twin_shock,indonesia,USDC
674,0.8457849426098417,2367483.841047303,25,S3_twin_shock,indonesia,USDC
675,0.8332896368703527,2308296.7450211197,25,S3_twin_shock,indonesia,USDC
676,0.8211007025360896,2250589.326395592,25,S3_twin_shock,indonesia,USDC
677,0.8003939875555649,2194324.5932357023,25,S3_twin_shock,indonesia,USDC
678,0.8222874010868899,2139466.4784048097,25,S3_twin_shock,indonesia,USDC
679,0.8084241225071777,2085979.8164446894,25,S3_twin_shock,indonesia,USDC
680,0.8040024861992808,2033830.3210335723,25,S3_twin_shock,indonesia,USDC
681,0.8162160081793645,1982984.563007733,25,S3_twin_shock,indonesia,USDC
682,0.8181252605527611,1933409.9489325397,25,S3_twin_shock,indonesia,USDC
683,0.827473124749528,1885074.7002092262,25,S3_twin_shock,indonesia,USDC
684,0.8330977322623552,1837947.8327039955,25,S3_twin_shock,indonesia,USDC
685,0.8498120366667872,1791999.1368863957,25,S3_twin_shock,indonesia,USDC
686,0.8533520683071331,1747199.1584642357,25,S3_twin_shock,indonesia,USDC
687,0.8389501831363805,1703519.1795026297,25,S3_twin_shock,indonesia,USDC
688,0.8121270183414556,1660931.2000150643,25,S3_twin_shock,indonesia,USDC
689,0.8112370253931958,1619407.9200146873,25,S3_twin_shock,indonesia,USDC
690,0.7836296361714356,1578922.7220143205,25,S3_twin_shock,indonesia,USDC
691,0.7566712388874324,1539449.6539639626,25,S3_twin_shock,indonesia,USDC
692,0.7506429378551709,1500963.4126148634,25,S3_twin_shock,indonesia,USDC
693,0.7486113414349117,1463439.3272994917,25,S3_twin_shock,indonesia,USDC
694,0.7604672739606514,1426853.3441170047,25,S3_twin_shock,indonesia,USDC
695,0.7558798587949929,1391182.0105140796,25,S3_twin_shock,indonesia,USDC
696,0.7563385280127257,1356402.4602512275,25,S3_twin_shock,indonesia,USDC
697,0.7626804207770719,1322492.3987449468,25,S3_twin_shock,indonesia,USDC
698,0.761533167472071,1289430.0887763232,25,S3_twin_shock,indonesia,USDC
699,0.7671085165670457,1257194.336556915,25,S3_twin_shock,indonesia,USDC
700,0.7520045410701977,1225764.4781429921,25,S3_twin_shock,indonesia,USDC
701,0.7638546029399276,1195120.3661894174,25,S3_twin_shock,indonesia,USDC
702,0.7660362478763004,1165242.3570346818,25,S3_twin_shock,indonesia,USDC
703,0.7709750566092124,1136111.298108815,25,S3_twin_shock,indonesia,USDC
704,0.7729480943661011,1107708.5156560945,25,S3_twin_shock,indonesia,USDC
705,0.7791307384264252,1080015.802764692,25,S3_twin_shock,indonesia,USDC
706,0.7710746625492082,1053015.4076955747,25,S3_twin_shock,indonesia,USDC
707,0.782793669914013,1026690.0225031853,25,S3_twin_shock,indonesia,USDC
708,0.8198695405654345,1001022.7719406058,25,S3_twin_shock,indonesia,USDC
709,0.8209184720207342,975997.2026420906,25,S3_twin_shock,indonesia,USDC
710,0.8106761340758101,951597.2725760383,25,S3_twin_shock,indonesia,USDC
711,0.7871223664941274,927807.3407616373,25,S3_twin_shock,indonesia,USDC
712,0.8081937912879449,904612.1572425964,25,S3_twin_shock,indonesia,USDC
713,0.8144740790936584,881996.8533115315,25,S3_twin_shock,indonesia,USDC
714,0.8168162077635622,859946.9319787433,25,S3_twin_shock,indonesia,USDC
715,0.8153231369880882,838448.2586792746,25,S3_twin_shock,indonesia,USDC
716,0.8049401881065542,817487.0522122928,25,S3_twin_shock,indonesia,USDC
717,0.8210554803820459,797049.8759069855,25,S3_twin_shock,indonesia,USDC
718,0.8023430215169353,777123.6290093107,25,S3_twin_shock,indonesia,USDC
719,0.8034505336316747,757695.538284078,25,S3_twin_shock,indonesia,USDC
720,0.7791467134013619,738753.149826976,25,S3_twin_shock,indonesia,USDC
721,0.7835742487695261,720284.3210813017,25,S3_twin_shock,indonesia,USDC
722,0.7887303053760158,702277.2130542691,25,S3_twin_shock,indonesia,USDC
723,0.776298200930518,684720.2827279123,25,S3_twin_shock,indonesia,USDC
724,0.787412510294512,667602.2756597146,25,S3_twin_shock,indonesia,USDC
725,0.7843141359552391,650912.2187682216,25,S3_twin_shock,indonesia,USDC
726,0.7882040407453619,634639.4132990162,25,S3_twin_shock,indonesia,USDC
727,0.7854619031431684,618773.4279665407,25,S3_twin_shock,indonesia,USDC
728,0.769819520611781,603304.0922673772,25,S3_twin_shock,indonesia,USDC
729,0.7649032652426863,588221.4899606927,25,S3_twin_shock,indonesia,USDC
730,0.7643922775570429,573515.9527116754,25,S3_twin_shock,indonesia,USDC
731,0.7583736007300581,559178.0538938836,25,S3_twin_shock,indonesia,USDC
732,0.7474956250560488,545198.6025465364,25,S3_twin_shock,indonesia,USDC
733,0.7573303099358853,531568.6374828729,25,S3_twin_shock,indonesia,USDC
734,0.7651440740246654,518279.4215458012,25,S3_twin_shock,indonesia,USDC
735,0.7856154260179594,505322.43600715615,25,S3_twin_shock,indonesia,USDC
736,0.7715370901551614,492689.3751069773,25,S3_twin_shock,indonesia,USDC
737,0.7736989461251784,480372.1407293029,25,S3_twin_shock,indonesia,USDC
738,0.7530013018543448,468362.83721107023,25,S3_twin_shock,indonesia,USDC
739,0.7491277370759172,456653.7662807935,25,S3_twin_shock,indonesia,USDC
740,0.7359334760713199,445237.4221237736,25,S3_twin_shock,indonesia,USDC
741,0.7402372982556793,434106.48657067935,25,S3_twin_shock,indonesia,USDC
742,0.7358500665813147,423253.8244064124,25,S3_twin_shock,indonesia,USDC
743,0.7545101369019666,412672.47879625205,25,S3_twin_shock,indonesia,USDC
744,0.7600497598628362,402355.6668263457,25,S3_twin_shock,indonesia,USDC
745,0.7566968992993021,392296.7751556871,25,S3_twin_shock,indonesia,USDC
746,0.7438491938638198,382489.35577679495,25,S3_twin_shock,indonesia,USDC
747,0.7412964929757786,372927.12188237504,25,S3_twin_shock,indonesia,USDC
748,0.7668565258612263,363603.94383531564,25,S3_twin_shock,indonesia,USDC
749,0.7550821603381399,354513.84523943276,25,S3_twin_shock,indonesia,USDC
750,0.764110612360895,345650.99910844694,25,S3_twin_shock,indonesia,USDC
751,0.7769635136040905,337009.7241307358,25,S3_twin_shock,indonesia,USDC
752,0.761558384385516,328584.4810274674,25,S3_twin_shock,indonesia,USDC
753,0.7686556382508716,320369.86900178064,25,S3_twin_shock,indonesia,USDC
754,0.7632142882567836,312360.6222767362,25,S3_twin_shock,indonesia,USDC
755,0.7746016996763901,304551.60671981773,25,S3_twin_shock,indonesia,USDC
756,0.7852488975622083,296937.8165518223,25,S3_twin_shock,indonesia,USDC
757,0.7773277690821302,289514.37113802676,25,S3_twin_shock,indonesia,USDC
758,0.7967213057269062,282276.5118595761,25,S3_twin_shock,indonesia,USDC
759,0.7895416906918921,275219.5990630867,25,S3_twin_shock,indonesia,USDC
760,0.7841979079480922,268339.1090865095,25,S3_twin_shock,indonesia,USDC
761,0.7935095632992278,261630.63135934676,25,S3_twin_shock,indonesia,USDC
762,0.7922353259721674,255089.86557536307,25,S3_twin_shock,indonesia,USDC
763,0.7577589619622257,248712.618935979,25,S3_twin_shock,indonesia,USDC
764,0.7662383921685723,242494.8034625795,25,S3_twin_shock,indonesia,USDC
765,0.7587742950280515,236432.43337601505,25,S3_twin_shock,indonesia,USDC
766,0.7628317121239299,230521.62254161466,25,S3_twin_shock,indonesia,USDC
767,0.7747891746737942,224758.5819780743,25,S3_twin_shock,indonesia,USDC
768,0.7734968026547172,219139.61742862244,25,S3_twin_shock,indonesia,USDC
769,0.7711402750624934,213661.12699290685,25,S3_twin_shock,indonesia,USDC
770,0.7751843867259237,208319.59881808423,25,S3_twin_shock,indonesia,USDC
771,0.787503820536538,203111.6088476321,25,S3_twin_shock,indonesia,USDC
772,0.7836950096887229,198033.8186264413,25,S3_twin_shock,indonesia,USDC
773,0.8056596110551457,193082.97316078027,25,S3_twin_shock,indonesia,USDC
774,0.7946177087242414,188255.89883176074,25,S3_twin_shock,indonesia,USDC
775,0.81275659115593,183549.50136096674,25,S3_twin_shock,indonesia,USDC
776,0.819993483640347,178960.76382694257,25,S3_twin_shock,indonesia,USDC
777,0.8171982768231327,174486.744731269,25,S3_twin_shock,indonesia,USDC
778,0.8080426953437871,170124.57611298727,25,S3_twin_shock,indonesia,USDC
779,0.8069542761767972,165871.46171016258,25,S3_twin_shock,indonesia,USDC
780,0.8144178725190574,161724.6751674085,25,S3_twin_shock,indonesia,USDC
781,0.8006365855988018,157681.5582882233,25,S3_twin_shock,indonesia,USDC
782,0.7967196384901032,153739.51933101774,25,S3_twin_shock,indonesia,USDC
783,0.8157013783160811,149896.0313477423,25,S3_twin_shock,indonesia,USDC
784,0.8139345172237586,146148.63056404874,25,S3_twin_shock,indonesia,USDC
785,0.808385399241678,142494.91479994752,25,S3_twin_shock,indonesia,USDC
786,0.825807249021085,138932.5419299488,25,S3_twin_shock,indonesia,USDC
787,0.828542167445894,135459.22838170012,25,S3_twin_shock,indonesia,USDC
788,0.8091282182993963,132072.7476721576,25,S3_twin_shock,indonesia,USDC
789,0.8082193768524788,128770.92898035367,25,S3_twin_shock,indonesia,USDC
790,0.8216848055260255,125551.65575584484,25,S3_twin_shock,indonesia,USDC
791,0.8022620625697776,122412.8643619487,25,S3_twin_shock,indonesia,USDC
792,0.8050618890991015,119352.54275289999,25,S3_twin_shock,indonesia,USDC
793,0.8130511421660988,116368.7291840775,25,S3_twin_shock,indonesia,USDC
794,0.8269930351673848,113459.51095447555,25,S3_twin_shock,indonesia,USDC
795,0.833522152661645,110623.02318061364,25,S3_twin_shock,indonesia,USDC
796,0.8366105370956696,107857.44760109832,25,S3_twin_shock,indonesia,USDC
797,0.8417285045040883,105161.01141107087,25,S3_twin_shock,indonesia,USDC
798,0.806837300370593,102531.9861257941,25,S3_twin_shock,indonesia,USDC
799,0.8201359409469975,99968.68647264925,25,S3_twin_shock,indonesia,USDC
800,0.8264754704551419,97469.46931083301,25,S3_twin_shock,indonesia,USDC
801,0.8137587670639865,95032.73257806219,25,S3_twin_shock,indonesia,USDC
802,0.7881852812105917,92656.91426361063,25,S3_twin_shock,indonesia,USDC
803,0.8074488532483394,90340.49140702037,25,S3_twin_shock,indonesia,USDC
804,0.7402944089826928,88081.97912184485,25,S3_twin_shock,indonesia,USDC
805,0.7524555356910689,85879.92964379874,25,S3_twin_shock,indonesia,USDC
806,0.7599464889771482,83732.93140270376,25,S3_twin_shock,indonesia,USDC
807,0.7269837101760133,81639.60811763616,25,S3_twin_shock,indonesia,USDC
808,0.6880735048764753,79598.61791469526,25,S3_twin_shock,indonesia,USDC
809,0.7082247656659375,77608.65246682789,25,S3_twin_shock,indonesia,USDC
810,0.719965841164861,75668.43615515718,25,S3_twin_shock,indonesia,USDC
811,0.7428554838093351,73776.72525127826,25,S3_twin_shock,indonesia,USDC
812,0.7469938011230007,71932.3071199963,25,S3_twin_shock,indonesia,USDC
813,0.7410854453986228,70133.99944199639,25,S3_twin_shock,indonesia,USDC
814,0.7680927936381248,68380.64945594648,25,S3_twin_shock,indonesia,USDC
815,0.7637796376844768,66671.13321954782,25,S3_twin_shock,indonesia,USDC
816,0.7642325851423224,65004.35488905912,25,S3_twin_shock,indonesia,USDC
817,0.7492691676771374,63379.246016832636,25,S3_twin_shock,indonesia,USDC
818,0.7475776434138596,61794.764866411824,25,S3_twin_shock,indonesia,USDC
819,0.7148188761993316,60249.89574475153,25,S3_twin_shock,indonesia,USDC
820,0.710270359198491,58743.64835113274,25,S3_twin_shock,indonesia,USDC
821,0.7190561334229126,57275.05714235442,25,S3_twin_shock,indonesia,USDC
822,0.7386957758299891,55843.18071379556,25,S3_twin_shock,indonesia,USDC
823,0.7293767453694708,54447.10119595067,25,S3_twin_shock,indonesia,USDC
824,0.7572955879313839,53085.92366605191,25,S3_twin_shock,indonesia,USDC
825,0.7762650377107825,51758.7755744006,25,S3_twin_shock,indonesia,USDC
826,0.7535568341247765,50464.80618504059,25,S3_twin_shock,indonesia,USDC
827,0.7404000306369677,49203.18603041458,25,S3_twin_shock,indonesia,USDC
828,0.7667508869328503,47973.10637965421,25,S3_twin_shock,indonesia,USDC
829,0.7711176575755329,46773.77872016285,25,S3_twin_shock,indonesia,USDC
830,0.773232648226011,45604.43425215878,25,S3_twin_shock,indonesia,USDC
831,0.7707056145250005,44464.32339585481,25,S3_twin_shock,indonesia,USDC
832,0.7510825566971426,43352.71531095845,25,S3_twin_shock,indonesia,USDC
833,0.7569478421286289,42268.897428184486,25,S3_twin_shock,indonesia,USDC
834,0.735211375364017,41212.17499247987,25,S3_twin_shock,indonesia,USDC
835,0.7329445982542744,40181.870617667875,25,S3_twin_shock,indonesia,USDC
836,0.762282476672093,39177.32385222618,25,S3_twin_shock,indonesia,USDC
837,0.7891237380170188,38197.890755920525,25,S3_twin_shock,indonesia,USDC
838,0.7898385036327995,37242.94348702251,25,S3_twin_shock,indonesia,USDC
839,0.7933691907561574,36311.86989984695,25,S3_twin_shock,indonesia,USDC
840,0.7918550191824374,35404.07315235077,25,S3_twin_shock,indonesia,USDC
841,0.7972214007997559,34518.971323542006,25,S3_twin_shock,indonesia,USDC
842,0.7741426143574269,33655.997040453454,25,S3_twin_shock,indonesia,USDC
843,0.7721463162869894,32814.59711444212,25,S3_twin_shock,indonesia,USDC
844,0.7543275356263164,31994.232186581066,25,S3_twin_shock,indonesia,USDC
845,0.7639780243202212,31194.376381916536,25,S3_twin_shock,indonesia,USDC
846,0.7568519324016111,30414.516972368623,25,S3_twin_shock,indonesia,USDC
847,0.7516987269584626,29654.15404805941,25,S3_twin_shock,indonesia,USDC
848,0.7583962919676447,28912.800196857926,25,S3_twin_shock,indonesia,USDC
849,0.7569500215711388,28189.980191936476,25,S3_twin_shock,indonesia,USDC
850,0.7718471506968081,27485.230687138064,25,S3_twin_shock,indonesia,USDC
851,0.764878576637863,26798.09991995961,25,S3_twin_shock,indonesia,USDC
852,0.7366567529363268,26128.147421960624,25,S3_twin_shock,indonesia,USDC
853,0.7683891603611408,25474.943736411606,25,S3_twin_shock,indonesia,USDC
854,0.7487215541261638,24838.070143001318,25,S3_twin_shock,indonesia,USDC
855,0.761351433708798,24217.118389426283,25,S3_twin_shock,indonesia,USDC
856,0.7634351745410168,23611.69042969063,25,S3_twin_shock,indonesia,USDC
857,0.781952757093239,23021.398168948363,25,S3_twin_shock,indonesia,USDC
858,0.7739483204513534,22445.863214724654,25,S3_twin_shock,indonesia,USDC
859,0.7528212699253588,21884.716634356537,25,S3_twin_shock,indonesia,USDC
860,0.7648917354917029,21337.598718497622,25,S3_twin_shock,indonesia,USDC
861,0.7965547708717005,20804.15875053518,25,S3_twin_shock,indonesia,USDC
862,0.7889229888211684,20284.054781771803,25,S3_twin_shock,indonesia,USDC
863,0.7631604053575536,19776.953412227507,25,S3_twin_shock,indonesia,USDC
864,0.7553040545065545,19282.52957692182,25,S3_twin_shock,indonesia,USDC
865,0.7677393788388073,18800.466337498776,25,S3_twin_shock,indonesia,USDC
866,0.7612259362049859,18330.454679061306,25,S3_twin_shock,indonesia,USDC
867,0.7675060584629838,17872.19331208477,25,S3_twin_shock,indonesia,USDC
868,0.7698599204251317,17425.388479282654,25,S3_twin_shock,indonesia,USDC
869,0.7561862881532859,16989.753767300586,25,S3_twin_shock,indonesia,USDC
870,0.7467246672168452,16565.009923118072,25,S3_twin_shock,indonesia,USDC
871,0.7461638710778397,16150.88467504012,25,S3_twin_shock,indonesia,USDC
872,0.7460906895271034,15747.112558164117,25,S3_twin_shock,indonesia,USDC
873,0.7317503217863527,15353.434744210015,25,S3_twin_shock,indonesia,USDC
874,0.7325471571856726,14969.598875604765,25,S3_twin_shock,indonesia,USDC
875,0.7506723920350439,14595.358903714645,25,S3_twin_shock,indonesia,USDC
876,0.7434254912224311,14230.474931121778,25,S3_twin_shock,indonesia,USDC
877,0.7526818556210189,13874.713057843734,25,S3_twin_shock,indonesia,USDC
878,0.7490132284939154,13527.845231397641,25,S3_twin_shock,indonesia,USDC
879,0.7450806729674334,13189.6491006127,25,S3_twin_shock,indonesia,USDC
880,0.7411218603267633,12859.907873097382,25,S3_twin_shock,indonesia,USDC
881,0.7607113894351019,12538.410176269947,25,S3_twin_shock,indonesia,USDC
882,0.7557385923336158,12224.949921863197,25,S3_twin_shock,indonesia,USDC
883,0.7509913110427181,11919.326173816618,25,S3_twin_shock,indonesia,USDC
884,0.7432252079230706,11621.343019471202,25,S3_twin_shock,indonesia,USDC
885,0.741236824707586,11330.809443984423,25,S3_twin_shock,indonesia,USDC
886,0.72759357160288,11047.539207884813,25,S3_twin_shock,indonesia,USDC
887,0.7481267967849622,10771.350727687692,25,S3_twin_shock,indonesia,USDC
888,0.7357072295681373,10502.0669594955,25,S3_twin_shock,indonesia,USDC
889,0.7518202956134326,10239.515285508112,25,S3_twin_shock,indonesia,USDC
890,0.7427228198044109,9983.527403370408,25,S3_twin_shock,indonesia,USDC
891,0.7553003024295584,9733.939218286148,25,S3_twin_shock,indonesia,USDC
892,0.7451915309775935,9490.590737828994,25,S3_twin_shock,indonesia,USDC
893,0.7608189271835546,9253.32596938327,25,S3_twin_shock,indonesia,USDC
894,0.7745083568453072,9021.992820148687,25,S3_twin_shock,indonesia,USDC
895,0.7560983277884966,8796.44299964497,25,S3_twin_shock,indonesia,USDC
896,0.7623001302165491,8576.531924653846,25,S3_twin_shock,indonesia,USDC
897,0.7711407779170104,8362.1186265375,25,S3_twin_shock,indonesia,USDC
898,0.7710279781361435,8153.065660874063,25,S3_twin_shock,indonesia,USDC
899,0.7658471115916831,7949.239019352211,25,S3_twin_shock,indonesia,USDC
900,0.7875163398382058,7750.508043868405,25,S3_twin_shock,indonesia,USDC
901,0.7945047759036716,7556.7453427716955,25,S3_twin_shock,indonesia,USDC
902,0.7715308449119503,7367.826709202402,25,S3_twin_shock,indonesia,USDC
903,0.7575762012276022,7183.631041472343,25,S3_twin_shock,indonesia,USDC
904,0.7813933749028624,7004.040265435533,25,S3_twin_shock,indonesia,USDC
905,0.7797335167914352,6828.939258799644,25,S3_twin_shock,indonesia,USDC
906,0.7634591106943098,6658.215777329654,25,S3_twin_shock,indonesia,USDC
907,0.7669673878412542,6491.760382896413,25,S3_twin_shock,indonesia,USDC
908,0.7705255566341758,6329.466373324001,25,S3_twin_shock,indonesia,USDC
909,0.7485408960762197,6171.229713990901,25,S3_twin_shock,indonesia,USDC
910,0.7680014949453041,6016.948971141129,25,S3_twin_shock,indonesia,USDC
911,0.778274451782428,5866.5252468626,25,S3_twin_shock,indonesia,USDC
912,0.7853078839118283,5719.862115691036,25,S3_twin_shock,indonesia,USDC
913,0.8181054700118732,5576.865562798759,25,S3_twin_shock,indonesia,USDC
914,0.8160017786049544,5437.443923728791,25,S3_twin_shock,indonesia,USDC
915,0.8161464187015276,5301.507825635571,25,S3_twin_shock,indonesia,USDC
916,0.8413226112726169,5168.970129994681,25,S3_twin_shock,indonesia,USDC
917,0.8209938542912819,5039.745876744814,25,S3_twin_shock,indonesia,USDC
918,0.810056378180842,4913.752229826194,25,S3_twin_shock,indonesia,USDC
919,0.7725499610199656,4790.90842408054,25,S3_twin_shock,indonesia,USDC
920,0.7607853579377792,4671.135713478526,25,S3_twin_shock,indonesia,USDC
921,0.754624851239502,4554.357320641562,25,S3_twin_shock,indonesia,USDC
922,0.7579023088917153,4440.498387625523,25,S3_twin_shock,indonesia,USDC
923,0.7773265923706173,4329.485927934886,25,S3_twin_shock,indonesia,USDC
924,0.7786314817652292,4221.248779736513,25,S3_twin_shock,indonesia,USDC
925,0.777588437987923,4115.717560243101,25,S3_twin_shock,indonesia,USDC
926,0.7665195469218797,4012.8246212370227,25,S3_twin_shock,indonesia,USDC
927,0.7502996935939691,3912.504005706098,25,S3_twin_shock,indonesia,USDC
928,0.7481218355960895,3814.691405563445,25,S3_twin_shock,indonesia,USDC
929,0.781427980028482,3719.324120424359,25,S3_twin_shock,indonesia,USDC
930,0.7894003096610015,3626.34101741375,25,S3_twin_shock,indonesia,USDC
931,0.8113821751622663,3535.6824919784067,25,S3_twin_shock,indonesia,USDC
932,0.8061650418676436,3447.2904296789457,25,S3_twin_shock,indonesia,USDC
933,0.7803686025298949,3361.1081689369726,25,S3_twin_shock,indonesia,USDC
934,0.8009525248523807,3277.0804647135483,25,S3_twin_shock,indonesia,USDC
935,0.8080585075825107,3195.1534530957097,25,S3_twin_shock,indonesia,USDC
936,0.8269137702028484,3115.274616768317,25,S3_twin_shock,indonesia,USDC
937,0.8144604112796978,3037.392751349109,25,S3_twin_shock,indonesia,USDC
938,0.8147645818474143,2961.4579325653813,25,S3_twin_shock,indonesia,USDC
939,0.8128032621630591,2887.4214842512465,25,S3_twin_shock,indonesia,USDC
940,0.8151359124015877,2815.2359471449654,25,S3_twin_shock,indonesia,USDC
941,0.8167153320869416,2744.855048466341,25,S3_twin_shock,indonesia,USDC
942,0.8213388297174841,2676.233672254683,25,S3_twin_shock,indonesia,USDC
943,0.8112387835465313,2609.3278304483156,25,S3_twin_shock,indonesia,USDC
944,0.7692890789224723,2544.094634687108,25,S3_twin_shock,indonesia,USDC
945,0.7752219235590901,2480.49226881993,25,S3_twin_shock,indonesia,USDC
946,0.7801812696669113,2418.4799620994318,25,S3_twin_shock,indonesia,USDC
947,0.7930958787103493,2358.017963046946,25,S3_twin_shock,indonesia,USDC
948,0.7795846343668282,2299.067513970773,25,S3_twin_shock,indonesia,USDC
949,0.780946673071144,2241.590826121503,25,S3_twin_shock,indonesia,USDC
950,0.8023614976598674,2185.5510554684656,25,S3_twin_shock,indonesia,USDC
951,0.7895989486079269,2130.9122790817537,25,S3_twin_shock,indonesia,USDC
952,0.8053087387461029,2077.63947210471,25,S3_twin_shock,indonesia,USDC
953,0.8020697250906222,2025.6984853020922,25,S3_twin_shock,indonesia,USDC
954,0.8075651234984177,1975.0560231695401,25,S3_twin_shock,indonesia,USDC
955,0.7748544445650307,1925.6796225903017,25,S3_twin_shock,indonesia,USDC
956,0.7526370423750743,1877.537632025544,25,S3_twin_shock,indonesia,USDC
957,0.7558440550679366,1830.5991912249056,25,S3_twin_shock,indonesia,USDC
958,0.7626939297958842,1784.834211444283,25,S3_twin_shock,indonesia,USDC
959,0.7532127410906007,1740.2133561581759,25,S3_twin_shock,indonesia,USDC
960,0.7720133491354081,1696.7080222542213,25,S3_twin_shock,indonesia,USDC
961,0.735101578817119,1654.290321697866,25,S3_twin_shock,indonesia,USDC
962,0.7441879942574243,1612.9330636554191,25,S3_twin_shock,indonesia,USDC
963,0.7386825253851197,1572.6097370640337,25,S3_twin_shock,indonesia,USDC
964,0.7742205373010903,1533.2944936374329,25,S3_twin_shock,indonesia,USDC
965,0.7754303203112531,1494.9621312964973,25,S3_twin_shock,indonesia,USDC
966,0.7724445960077594,1457.5880780140849,25,S3_twin_shock,indonesia,USDC
967,0.7729364108846053,1421.1483760637327,25,S3_twin_shock,indonesia,USDC
968,0.8091639684221729,1385.6196666621395,25,S3_twin_shock,indonesia,USDC
969,0.7819968686961618,1350.979174995586,25,S3_twin_shock,indonesia,USDC
970,0.7837932234788069,1317.2046956206964,25,S3_twin_shock,indonesia,USDC
971,0.7708628992394237,1284.2745782301788,25,S3_twin_shock,indonesia,USDC
972,0.7512526726007103,1252.1677137744243,25,S3_twin_shock,indonesia,USDC
973,0.7783964524099063,1220.8635209300637,25,S3_twin_shock,indonesia,USDC
974,0.8045534987942284,1190.341932906812,25,S3_twin_shock,indonesia,USDC
975,0.7765279172570282,1160.5833845841416,25,S3_twin_shock,indonesia,USDC
976,0.7963621312797421,1131.5687999695383,25,S3_twin_shock,indonesia,USDC
977,0.783729071419785,1103.2795799703,25,S3_twin_shock,indonesia,USDC
978,0.7502271241391117,1075.6975904710423,25,S3_twin_shock,indonesia,USDC
979,0.7370906223891093,1048.8051507092662,25,S3_twin_shock,indonesia,USDC
980,0.7341415039554838,1022.5850219415346,25,S3_twin_shock,indonesia,USDC
981,0.7542254439981464,997.0203963929962,25,S3_twin_shock,indonesia,USDC
982,0.768342041893103,972.0948864831713,25,S3_twin_shock,indonesia,USDC
983,0.7812015090753639,947.7925143210921,25,S3_twin_shock,indonesia,USDC
984,0.6883977935390981,924.0977014630647,25,S3_twin_shock,indonesia,USDC
985,0.7036889602903171,900.9952589264881,25,S3_twin_shock,indonesia,USDC
986,0.727363172346492,878.4703774533259,25,S3_twin_shock,indonesia,USDC
987,0.7282303889572577,856.5086180169927,25,S3_twin_shock,indonesia,USDC
988,0.7380479660670153,835.0959025665679,25,S3_twin_shock,indonesia,USDC
989,0.7582879323908697,814.2185050024036,25,S3_twin_shock,indonesia,USDC
990,0.7678347704382532,793.8630423773436,25,S3_twin_shock,indonesia,USDC
991,0.753136425114119,774.01646631791,25,S3_twin_shock,indonesia,USDC
992,0.7518537350303238,754.6660546599624,25,S3_twin_shock,indonesia,USDC
993,0.7336750912535349,735.7994032934632,25,S3_twin_shock,indonesia,USDC
994,0.7393564821852625,717.4044182111267,25,S3_twin_shock,indonesia,USDC
995,0.7529000972058786,699.4693077558485,25,S3_twin_shock,indonesia,USDC
996,0.7480453943729114,681.9825750619523,25,S3_twin_shock,indonesia,USDC
997,0.7527500338762861,664.9330106854036,25,S3_twin_shock,indonesia,USDC
998,0.7364734268158667,648.3096854182685,25,S3_twin_shock,indonesia,USDC
999,0.7482900352619772,632.1019432828118,25,S3_twin_shock,indonesia,USDC
1000,0.749923629687646,616.2993947007415,25,S3_twin_shock,indonesia,USDC
