Step,price,liquidity,iteration,scenario,region,coin
1,0.9854530605495457,2988842033800.435,428,S3_twin_shock,indonesia,USDC
2,0.9850749442076645,2988842033800.435,428,S3_twin_shock,indonesia,USDC
3,0.9859214344024979,2988842033800.435,428,S3_twin_shock,indonesia,USDC
4,0.8724379899471891,2988842033800.435,428,S3_twin_shock,indonesia,USDC
5,0.8826242664118729,2982807270292.0137,428,S3_twin_shock,indonesia,USDC
6,0.9213920659510558,2977946185625.3037,428,S3_twin_shock,indonesia,USDC
7,0.9343362773563311,2975485514106.3013,428,S3_twin_shock,indonesia,USDC
8,0.9425933976197959,2973785985253.391,428,S3_twin_shock,indonesia,USDC
9,0.936239227120609,2972529535804.367,428,S3_twin_shock,indonesia,USDC
10,0.957555420409352,2971023895350.6704,428,S3_twin_shock,indonesia,USDC
11,0.9689055855088321,2970482724697.739,428,S3_twin_shock,indonesia,USDC
12,0.9692365804133692,2970457609143.985,428,S3_twin_shock,indonesia,USDC
13,0.950860655210257,2970439479341.5913,428,S3_twin_shock,indonesia,USDC
14,0.9436196517166773,2969630563744.3325,428,S3_twin_shock,indonesia,USDC
15,0.9617064433032698,2968562299820.673,428,S3_twin_shock,indonesia,USDC
16,0.9540931733124267,2968232002925.6265,428,S3_twin_shock,indonesia,USDC
17,0.9623234643896453,2967608608731.347,428,S3_twin_shock,indonesia,USDC
18,0.9630767112735259,2967301811831.4004,428,S3_twin_shock,indonesia,USDC
19,0.9819564911348786,2967027308586.3857,428,S3_twin_shock,indonesia,USDC
20,0.9968684470894322,2967027308586.3857,428,S3_twin_shock,indonesia,USDC
21,1.0090279827510502,2967027308586.3857,428,S3_twin_shock,indonesia,USDC
22,1.0057194452585194,2967027308586.3857,428,S3_twin_shock,indonesia,USDC
23,0.9823521601802628,2967027308586.3857,428,S3_twin_shock,indonesia,USDC
24,0.9874225233599541,2967027308586.3857,428,S3_twin_shock,indonesia,USDC
25,0.9785221750132197,2967027308586.3857,428,S3_twin_shock,indonesia,USDC
26,0.9961582006825407,2967027308586.3857,428,S3_twin_shock,indonesia,USDC
27,1.0187554713281848,2967027308586.3857,428,S3_twin_shock,indonesia,USDC
28,1.0249016981634438,2967027308586.3857,428,S3_twin_shock,indonesia,USDC
29,1.0061538673172339,2967027308586.3857,428,S3_twin_shock,indonesia,USDC
30,1.0097792587884356,2967027308586.3857,428,S3_twin_shock,indonesia,USDC
31,1.0104189845164546,2967027308586.3857,428,S3_twin_shock,indonesia,USDC
32,0.9842792168929468,2967027308586.3857,428,S3_twin_shock,indonesia,USDC
33,0.9952368519146246,2967027308586.3857,428,S3_twin_shock,indonesia,USDC
34,0.9770329695536869,2967027308586.3857,428,S3_twin_shock,indonesia,USDC
35,1.0046739811104177,2967027308586.3857,428,S3_twin_shock,indonesia,USDC
36,1.0097368861004028,2967027308586.3857,428,S3_twin_shock,indonesia,USDC
37,0.99224600625956,2967027308586.3857,428,S3_twin_shock,indonesia,USDC
38,1.0090576379832057,2967027308586.3857,428,S3_twin_shock,indonesia,USDC
39,1.005495704573693,2967027308586.3857,428,S3_twin_shock,indonesia,USDC
40,1.0130509824731975,2967027308586.3857,428,S3_twin_shock,indonesia,USDC
41,1.0024784699920688,2967027308586.3857,428,S3_twin_shock,indonesia,USDC
42,0.9965775585866441,2967027308586.3857,428,S3_twin_shock,indonesia,USDC
43,0.9770005672907139,2967027308586.3857,428,S3_twin_shock,indonesia,USDC
44,0.9846969114150501,2967027308586.3857,428,S3_twin_shock,indonesia,USDC
45,1.0138304284726378,2967027308586.3857,428,S3_twin_shock,indonesia,USDC
46,0.9982672327377626,2967027308586.3857,428,S3_twin_shock,indonesia,USDC
47,1.001847775304952,2967027308586.3857,428,S3_twin_shock,indonesia,USDC
48,1.0075757118448934,2967027308586.3857,428,S3_twin_shock,indonesia,USDC
49,1.0162035932509157,2967027308586.3857,428,S3_twin_shock,indonesia,USDC
50,1.011970208411216,2967027308586.3857,428,S3_twin_shock,indonesia,USDC
51,1.0039521142397145,2967027308586.3857,428,S3_twin_shock,indonesia,USDC
52,0.9965435142568075,2967027308586.3857,428,S3_twin_shock,indonesia,USDC
53,0.9549232500135438,2967027308586.3857,428,S3_twin_shock,indonesia,USDC
54,0.9710045886753342,2966456568165.0513,428,S3_twin_shock,indonesia,USDC
55,0.9830540023303799,2966456568165.0513,428,S3_twin_shock,indonesia,USDC
56,0.9418096482246007,2966456568165.0513,428,S3_twin_shock,indonesia,USDC
57,0.9166961581560119,2965378247781.3364,428,S3_twin_shock,indonesia,USDC
58,0.895486340806813,2963434054203.945,428,S3_twin_shock,indonesia,USDC
59,0.9122646257815186,2960776757276.9854,428,S3_twin_shock,indonesia,USDC
60,0.928486644392377,2958897322094.6104,428,S3_twin_shock,indonesia,USDC
61,0.958762782746461,2957611037691.6763,428,S3_twin_shock,indonesia,USDC
62,0.981854760308128,2957287515433.45,428,S3_twin_shock,indonesia,USDC
63,1.0151622127410673,2957287515433.45,428,S3_twin_shock,indonesia,USDC
64,1.0290650700554493,2957287515433.45,428,S3_twin_shock,indonesia,USDC
65,1.0238780880987826,2957287515433.45,428,S3_twin_shock,indonesia,USDC
66,1.0244234004658508,2957287515433.45,428,S3_twin_shock,indonesia,USDC
67,1.0200349798426358,2957287515433.45,428,S3_twin_shock,indonesia,USDC
68,1.0275700743642482,2957287515433.45,428,S3_twin_shock,indonesia,USDC
69,1.03016991294347,2957287515433.45,428,S3_twin_shock,indonesia,USDC
70,1.0241756027210338,2957287515433.45,428,S3_twin_shock,indonesia,USDC
71,1.0330438728496567,2957287515433.45,428,S3_twin_shock,indonesia,USDC
72,1.0149479444445835,2957287515433.45,428,S3_twin_shock,indonesia,USDC
73,1.0083181171299846,2957287515433.45,428,S3_twin_shock,indonesia,USDC
74,1.0128952322747151,2957287515433.45,428,S3_twin_shock,indonesia,USDC
75,1.007668541437504,2957287515433.45,428,S3_twin_shock,indonesia,USDC
76,1.0181401429109462,2957287515433.45,428,S3_twin_shock,indonesia,USDC
77,1.0084080990652193,2957287515433.45,428,S3_twin_shock,indonesia,USDC
78,1.0177221778676777,2957287515433.45,428,S3_twin_shock,indonesia,USDC
79,1.0076899342324912,2957287515433.45,428,S3_twin_shock,indonesia,USDC
80,0.9983566224797511,2957287515433.45,428,S3_twin_shock,indonesia,USDC
81,1.0297371623627722,2957287515433.45,428,S3_twin_shock,indonesia,USDC
82,0.9962235403407111,2957287515433.45,428,S3_twin_shock,indonesia,USDC
83,1.0000438347538303,2957287515433.45,428,S3_twin_shock,indonesia,USDC
84,0.9920052437697187,2957287515433.45,428,S3_twin_shock,indonesia,USDC
85,1.0024206705563306,2957287515433.45,428,S3_twin_shock,indonesia,USDC
86,0.9924629417329182,2957287515433.45,428,S3_twin_shock,indonesia,USDC
87,0.967803646151943,2957287515433.45,428,S3_twin_shock,indonesia,USDC
88,0.9875831880331084,2957246976297.631,428,S3_twin_shock,indonesia,USDC
89,1.0025191168561827,2957246976297.631,428,S3_twin_shock,indonesia,USDC
90,0.991391775957968,2957246976297.631,428,S3_twin_shock,indonesia,USDC
91,0.9735617100433818,2957246976297.631,428,S3_twin_shock,indonesia,USDC
92,0.9867909671093127,2957246976297.631,428,S3_twin_shock,indonesia,USDC
93,0.9497873747726789,2957246976297.631,428,S3_twin_shock,indonesia,USDC
94,0.9490997460797016,2956667698993.3374,428,S3_twin_shock,indonesia,USDC
95,0.9699226277261622,2956093742561.55,428,S3_twin_shock,indonesia,USDC
96,0.9845585539678466,2956092291923.358,428,S3_twin_shock,indonesia,USDC
97,0.9821986505224329,2956092291923.358,428,S3_twin_shock,indonesia,USDC
98,0.9768171993409235,2956092291923.358,428,S3_twin_shock,indonesia,USDC
99,0.9808214333389,2956092291923.358,428,S3_twin_shock,indonesia,USDC
100,0.9780646099660876,2956092291923.358,428,S3_twin_shock,indonesia,USDC
101,0.8348086877572405,2956092291923.358,428,S3_twin_shock,indonesia,USDC
102,0.8355899668559019,2952421554257.1045,428,S3_twin_shock,indonesia,USDC
103,0.8479087801965792,2949193824148.5977,428,S3_twin_shock,indonesia,USDC
104,0.8563519280079143,2946666287012.9688,428,S3_twin_shock,indonesia,USDC
105,0.8611209946205911,2944669154651.635,428,S3_twin_shock,indonesia,USDC
106,0.8495247757208332,2942976542662.873,428,S3_twin_shock,indonesia,USDC
107,0.8753413029813218,2941307866130.7593,428,S3_twin_shock,indonesia,USDC
108,0.8886566681907179,2940091371856.902,428,S3_twin_shock,indonesia,USDC
109,0.9127360110472709,2939206432960.338,428,S3_twin_shock,indonesia,USDC
110,0.9139799488213786,2938639103277.9805,428,S3_twin_shock,indonesia,USDC
111,0.9184871881103103,2938087790997.0347,428,S3_twin_shock,indonesia,USDC
112,0.8990386608330033,2937622780184.693,428,S3_twin_shock,indonesia,USDC
113,0.9070728366346358,2937026112425.29,428,S3_twin_shock,indonesia,USDC
114,0.914132419467902,2936508364656.4033,428,S3_twin_shock,indonesia,USDC
115,0.8903595619448402,2936089303553.981,428,S3_twin_shock,indonesia,USDC
116,0.8819109695459996,2935494277020.088,428,S3_twin_shock,indonesia,USDC
117,0.9175826125395715,2934903520149.508,428,S3_twin_shock,indonesia,USDC
118,0.9394611113418234,2934593139727.6343,428,S3_twin_shock,indonesia,USDC
119,0.964610340802808,2934418035569.6445,428,S3_twin_shock,indonesia,USDC
120,0.9700084101749297,2934390424879.7485,428,S3_twin_shock,indonesia,USDC
121,0.9432947379734491,2861030664257.755,428,S3_twin_shock,indonesia,USDC
122,0.9197184721026274,2789361267970.015,428,S3_twin_shock,indonesia,USDC
123,0.9035474746259521,2719354261918.711,428,S3_twin_shock,indonesia,USDC
124,0.8848438493401187,2651028340840.9375,428,S3_twin_shock,indonesia,USDC
125,0.8500167198793276,2584353494173.908,428,S3_twin_shock,indonesia,USDC
126,0.8297373504873541,2519251596659.3096,428,S3_twin_shock,indonesia,USDC
127,0.8293430999655521,2455748759515.4863,428,S3_twin_shock,indonesia,USDC
128,0.8357505004680144,2393895052734.9995,428,S3_twin_shock,indonesia,USDC
129,0.8176514122909587,2333663296652.4463,428,S3_twin_shock,indonesia,USDC
130,0.8295368300908688,2274968376309.898,428,S3_twin_shock,indonesia,USDC
131,0.8264546010938495,2217816744431.0645,428,S3_twin_shock,indonesia,USDC
132,0.8214195407116003,2162121104458.3833,428,S3_twin_shock,indonesia,USDC
133,0.8168749694485067,2107836487718.6362,428,S3_twin_shock,indonesia,USDC
134,0.8207948025778333,2054950547310.7102,428,S3_twin_shock,indonesia,USDC
135,0.817364962772517,2003409073825.6084,428,S3_twin_shock,indonesia,USDC
136,0.8256717919427302,1953181595734.543,428,S3_twin_shock,indonesia,USDC
137,0.807805993210247,1904242959715.2192,428,S3_twin_shock,indonesia,USDC
138,0.8059390441923922,1856529041830.621,428,S3_twin_shock,indonesia,USDC
139,0.8051198789415394,1810022377026.0132,428,S3_twin_shock,indonesia,USDC
140,0.7672916307754275,1764693497614.6465,428,S3_twin_shock,indonesia,USDC
141,0.7454955078858511,1720495877117.5156,428,S3_twin_shock,indonesia,USDC
142,0.7402470733359039,1677411417099.1484,428,S3_twin_shock,indonesia,USDC
143,0.7533843390640789,1635421581227.8892,428,S3_twin_shock,indonesia,USDC
144,0.7434218335436886,1594495570306.726,428,S3_twin_shock,indonesia,USDC
145,0.7487790584749627,1554601389096.144,428,S3_twin_shock,indonesia,USDC
146,0.7486503238184474,1515710701679.136,428,S3_twin_shock,indonesia,USDC
147,0.7455270856549185,1477798494102.4194,428,S3_twin_shock,indonesia,USDC
148,0.752988912252451,1440838530985.7815,428,S3_twin_shock,indonesia,USDC
149,0.773532348181985,1404806514499.2468,428,S3_twin_shock,indonesia,USDC
150,0.7899070068871378,1369678305636.8325,428,S3_twin_shock,indonesia,USDC
151,0.7670692092949869,1335430167631.091,428,S3_twin_shock,indonesia,USDC
152,0.7546378348636068,1302038742311.9783,428,S3_twin_shock,indonesia,USDC
153,0.7566243682043858,1269483101436.047,428,S3_twin_shock,indonesia,USDC
154,0.770594120170097,1237742407176.4946,428,S3_twin_shock,indonesia,USDC
155,0.7617775371072166,1206796144211.3877,428,S3_twin_shock,indonesia,USDC
156,0.7699109356232756,1176624083692.7996,428,S3_twin_shock,indonesia,USDC
157,0.7954989087170646,1147206805710.712,428,S3_twin_shock,indonesia,USDC
158,0.8129001211089876,1118525515784.908,428,S3_twin_shock,indonesia,USDC
159,0.8250864118155061,1090561505896.2683,428,S3_twin_shock,indonesia,USDC
160,0.8368024764007514,1063296791891.5553,428,S3_twin_shock,indonesia,USDC
161,0.8551974723682874,1036713863713.9221,428,S3_twin_shock,indonesia,USDC
162,0.8502047419902494,1010795610523.2668,428,S3_twin_shock,indonesia,USDC
163,0.843369931497206,985525369581.5857,428,S3_twin_shock,indonesia,USDC
164,0.8283933692195926,960886893147.4253,428,S3_twin_shock,indonesia,USDC
165,0.821222089416433,936864400459.5538,428,S3_twin_shock,indonesia,USDC
166,0.8333694464907635,913442493442.3191,428,S3_twin_shock,indonesia,USDC
167,0.8583860220416152,890606203788.5122,428,S3_twin_shock,indonesia,USDC
168,0.8430511761709472,868340887980.929,428,S3_twin_shock,indonesia,USDC
169,0.8406874626243352,846632202404.177,428,S3_twin_shock,indonesia,USDC
170,0.8364120630176564,825466248107.0444,428,S3_twin_shock,indonesia,USDC
171,0.8520789635750087,804829451708.306,428,S3_twin_shock,indonesia,USDC
172,0.8493769991098926,784708615397.7312,428,S3_twin_shock,indonesia,USDC
173,0.8274386112532328,765090805374.7383,428,S3_twin_shock,indonesia,USDC
174,0.8281901906493798,745963438966.7964,428,S3_twin_shock,indonesia,USDC
175,0.8190555734192353,727314268852.779,428,S3_twin_shock,indonesia,USDC
176,0.795237308708286,709131338591.099,428,S3_twin_shock,indonesia,USDC
177,0.7875284546120516,691402980825.6985,428,S3_twin_shock,indonesia,USDC
178,0.7906108103717073,674117842081.7654,428,S3_twin_shock,indonesia,USDC
179,0.8140737308490659,657264843316.5356,428,S3_twin_shock,indonesia,USDC
180,0.8091426383906511,640833183985.1292,428,S3_twin_shock,indonesia,USDC
181,0.7994686137629192,624812321944.9371,428,S3_twin_shock,indonesia,USDC
182,0.8122274195571629,609191984492.7346,428,S3_twin_shock,indonesia,USDC
183,0.8122094110576105,593962163349.3833,428,S3_twin_shock,indonesia,USDC
184,0.8119051496755663,579113091098.4396,428,S3_twin_shock,indonesia,USDC
185,0.8145447426361594,564635248444.0381,428,S3_twin_shock,indonesia,USDC
186,0.8385413579559222,550519353967.666,428,S3_twin_shock,indonesia,USDC
187,0.8508547049694293,536756361277.1202,428,S3_twin_shock,indonesia,USDC
188,0.861673079695503,523337445098.6457,428,S3_twin_shock,indonesia,USDC
189,0.8382009880831134,510254003251.6564,428,S3_twin_shock,indonesia,USDC
190,0.846649259441285,497497647074.29944,428,S3_twin_shock,indonesia,USDC
191,0.8357227563674428,485060200707.9812,428,S3_twin_shock,indonesia,USDC
192,0.8088351524519065,472933690737.7145,428,S3_twin_shock,indonesia,USDC
193,0.8266010068226138,461110343433.144,428,S3_twin_shock,indonesia,USDC
194,0.8075178384404517,449582581086.4891,428,S3_twin_shock,indonesia,USDC
195,0.7984808823283134,438343012746.1776,428,S3_twin_shock,indonesia,USDC
196,0.8034096680835429,427384434273.40356,428,S3_twin_shock,indonesia,USDC
197,0.7975269185563812,416699820754.95874,428,S3_twin_shock,indonesia,USDC
198,0.7869099258756647,406282322900.5524,428,S3_twin_shock,indonesia,USDC
199,0.8108012059159,396125262789.57495,428,S3_twin_shock,indonesia,USDC
200,0.8061070221151595,386222129839.72235,428,S3_twin_shock,indonesia,USDC
201,0.7985925076486053,376566575346.60864,428,S3_twin_shock,indonesia,USDC
202,0.8244696220025869,367152409879.01935,428,S3_twin_shock,indonesia,USDC
203,0.8177505532951351,357973598920.07306,428,S3_twin_shock,indonesia,USDC
204,0.8203107052777656,349024258279.6476,428,S3_twin_shock,indonesia,USDC
205,0.8130916933613764,340298651256.2075,428,S3_twin_shock,indonesia,USDC
206,0.8162103477340933,331791184502.572,428,S3_twin_shock,indonesia,USDC
207,0.8135548669928093,323496404481.376,428,S3_twin_shock,indonesia,USDC
208,0.8488843572161315,315408994025.03467,428,S3_twin_shock,indonesia,USDC
209,0.8456418958618462,307523768939.7913,428,S3_twin_shock,indonesia,USDC
210,0.8100541450113791,299835674518.5608,428,S3_twin_shock,indonesia,USDC
211,0.7904516206943667,292339782417.05176,428,S3_twin_shock,indonesia,USDC
212,0.7921096004910309,285031287641.4695,428,S3_twin_shock,indonesia,USDC
213,0.786743573275364,277905505268.3302,428,S3_twin_shock,indonesia,USDC
214,0.7840159739773362,270957867489.3957,428,S3_twin_shock,indonesia,USDC
215,0.8040833632825478,264183920679.7232,428,S3_twin_shock,indonesia,USDC
216,0.8207289284127518,257579322570.1587,428,S3_twin_shock,indonesia,USDC
217,0.8139114175235862,251139839436.8661,428,S3_twin_shock,indonesia,USDC
218,0.8438512707605418,244861343391.12347,428,S3_twin_shock,indonesia,USDC
219,0.8429431243582366,238739809766.5017,428,S3_twin_shock,indonesia,USDC
220,0.820365269465564,232771314485.67255,428,S3_twin_shock,indonesia,USDC
221,0.810336423752477,226952031588.25732,428,S3_twin_shock,indonesia,USDC
222,0.8083338753786843,221278230765.0277,428,S3_twin_shock,indonesia,USDC
223,0.8132190470524007,215746274967.98383,428,S3_twin_shock,indonesia,USDC
224,0.8093454862814324,210352618071.0504,428,S3_twin_shock,indonesia,USDC
225,0.8280304881328824,205093802599.98492,428,S3_twin_shock,indonesia,USDC
226,0.8460730339819755,199966457519.68738,428,S3_twin_shock,indonesia,USDC
227,0.8075460296751776,194967296070.77585,428,S3_twin_shock,indonesia,USDC
228,0.8057865211893896,190093113656.66888,428,S3_twin_shock,indonesia,USDC
229,0.7909632051436236,185340785804.7448,428,S3_twin_shock,indonesia,USDC
230,0.78689129325585,180707266149.38974,428,S3_twin_shock,indonesia,USDC
231,0.7788061417487582,176189584487.29514,428,S3_twin_shock,indonesia,USDC
232,0.7649758059292522,171784844867.84665,428,S3_twin_shock,indonesia,USDC
233,0.7351282000854671,167490223740.00885,428,S3_twin_shock,indonesia,USDC
234,0.7374576809290337,163302968141.04675,428,S3_twin_shock,indonesia,USDC
235,0.7386618769115769,159220393933.45032,428,S3_twin_shock,indonesia,USDC
236,0.7616678142632427,155239884081.79333,428,S3_twin_shock,indonesia,USDC
237,0.757410125533895,151358886977.6015,428,S3_twin_shock,indonesia,USDC
238,0.7537160665543681,147574914801.41394,428,S3_twin_shock,indonesia,USDC
239,0.7347265151828234,143885541929.96793,428,S3_twin_shock,indonesia,USDC
240,0.7402384834882794,140288403380.5062,428,S3_twin_shock,indonesia,USDC
241,0.7617559717185346,136781193295.04317,428,S3_twin_shock,indonesia,USDC
242,0.758602907083158,133361663462.02016,428,S3_twin_shock,indonesia,USDC
243,0.7725368338478777,130027621874.93732,428,S3_twin_shock,indonesia,USDC
244,0.7542613226778178,126776931327.6731,428,S3_twin_shock,indonesia,USDC
245,0.739173097309627,123607508044.13321,428,S3_twin_shock,indonesia,USDC
246,0.7624417819528991,120517320342.75665,428,S3_twin_shock,indonesia,USDC
247,0.7581260946986128,117504387333.9974,428,S3_twin_shock,indonesia,USDC
248,0.7338380927231795,114566777650.48291,428,S3_twin_shock,indonesia,USDC
249,0.7128485652954816,111702608209.07751,428,S3_twin_shock,indonesia,USDC
250,0.7227324634742766,108910043003.73676,428,S3_twin_shock,indonesia,USDC
251,0.727414320343164,106187291928.56354,428,S3_twin_shock,indonesia,USDC
252,0.7398709114264971,103532609630.28775,428,S3_twin_shock,indonesia,USDC
253,0.7534153821362354,100944294389.48547,428,S3_twin_shock,indonesia,USDC
254,0.7249008412362119,98420687029.7178,428,S3_twin_shock,indonesia,USDC
255,0.7379395453163716,95960169853.94594,428,S3_twin_shock,indonesia,USDC
256,0.7475512055382963,93561165607.5772,428,S3_twin_shock,indonesia,USDC
257,0.7803007563362478,91222136467.37277,428,S3_twin_shock,indonesia,USDC
258,0.7749173664970338,88941583055.67915,428,S3_twin_shock,indonesia,USDC
259,0.7782012703833516,86718043479.27922,428,S3_twin_shock,indonesia,USDC
260,0.786836819249396,84550092392.29082,428,S3_twin_shock,indonesia,USDC
261,0.7863224361476968,82436340082.47849,428,S3_twin_shock,indonesia,USDC
262,0.811562876172609,80375431580.41249,428,S3_twin_shock,indonesia,USDC
263,0.6925139721418003,78366045790.89929,428,S3_twin_shock,indonesia,USDC
264,0.6972455948579034,76406894646.12259,428,S3_twin_shock,indonesia,USDC
265,0.7124399261479997,74496722279.96672,428,S3_twin_shock,indonesia,USDC
266,0.7145237200175646,72634304222.96548,428,S3_twin_shock,indonesia,USDC
267,0.7079269565359912,70818446617.38992,428,S3_twin_shock,indonesia,USDC
268,0.6596423241484725,69047985451.95409,428,S3_twin_shock,indonesia,USDC
269,0.6695753343580964,67321785815.65427,428,S3_twin_shock,indonesia,USDC
270,0.6919004898077363,65638741170.26222,428,S3_twin_shock,indonesia,USDC
271,0.7041230749504526,63997772641.00525,428,S3_twin_shock,indonesia,USDC
272,0.7218777427064156,62397828324.97981,428,S3_twin_shock,indonesia,USDC
273,0.727378121213043,60837882616.85512,428,S3_twin_shock,indonesia,USDC
274,0.7293347400071328,59316935551.43359,428,S3_twin_shock,indonesia,USDC
275,0.7531277567864899,57834012162.64764,428,S3_twin_shock,indonesia,USDC
276,0.755459404964622,56388161858.58137,428,S3_twin_shock,indonesia,USDC
277,0.7581282468035117,54978457812.116776,428,S3_twin_shock,indonesia,USDC
278,0.7403342443259051,53603996366.8138,428,S3_twin_shock,indonesia,USDC
279,0.7332313240923486,52263896457.64342,428,S3_twin_shock,indonesia,USDC
280,0.7458984402020178,50957299046.2023,428,S3_twin_shock,indonesia,USDC
281,0.7541495007410745,49683366570.04722,428,S3_twin_shock,indonesia,USDC
282,0.7649877784424175,48441282405.79602,428,S3_twin_shock,indonesia,USDC
283,0.768388318522624,47230250345.65111,428,S3_twin_shock,indonesia,USDC
284,0.7978950943358276,46049494087.00983,428,S3_twin_shock,indonesia,USDC
285,0.7793119070217724,44898256734.83457,428,S3_twin_shock,indonesia,USDC
286,0.7835357288922039,43775800316.4637,428,S3_twin_shock,indonesia,USDC
287,0.7656659477752127,42681405308.5521,428,S3_twin_shock,indonesia,USDC
288,0.7765131653025182,41614370175.838295,428,S3_twin_shock,indonesia,USDC
289,0.7894213954234959,40574010921.44233,428,S3_twin_shock,indonesia,USDC
290,0.7908565452619175,39559660648.40627,428,S3_twin_shock,indonesia,USDC
291,0.8061532814187514,38570669132.19611,428,S3_twin_shock,indonesia,USDC
292,0.8106524591581409,37606402403.89121,428,S3_twin_shock,indonesia,USDC
293,0.7613097997674906,36666242343.79393,428,S3_twin_shock,indonesia,USDC
294,0.7724523830831355,35749586285.19908,428,S3_twin_shock,indonesia,USDC
295,0.7802200765893588,34855846628.06911,428,S3_twin_shock,indonesia,USDC
296,0.7920611707419767,33984450462.36738,428,S3_twin_shock,indonesia,USDC
297,0.7799081880693859,33134839200.808197,428,S3_twin_shock,indonesia,USDC
298,0.7596284746054954,32306468220.787987,428,S3_twin_shock,indonesia,USDC
299,0.758546228316069,31498806515.268288,428,S3_twin_shock,indonesia,USDC
300,0.7819140528410168,30711336352.38658,428,S3_twin_shock,indonesia,USDC
301,0.7981907384584411,29943552943.57692,428,S3_twin_shock,indonesia,USDC
302,0.8016402654365117,29194964119.9875,428,S3_twin_shock,indonesia,USDC
303,0.7918026423973493,28465090016.987812,428,S3_twin_shock,indonesia,USDC
304,0.8050707311645533,27753462766.56311,428,S3_twin_shock,indonesia,USDC
305,0.7764909812565037,27059626197.399036,428,S3_twin_shock,indonesia,USDC
306,0.7767062793273277,26383135542.464058,428,S3_twin_shock,indonesia,USDC
307,0.7530241143033518,25723557153.90246,428,S3_twin_shock,indonesia,USDC
308,0.759859622373396,25080468225.054897,428,S3_twin_shock,indonesia,USDC
309,0.7350293737893787,24453456519.428524,428,S3_twin_shock,indonesia,USDC
310,0.7282434509303677,23842120106.44281,428,S3_twin_shock,indonesia,USDC
311,0.7204228879885741,23246067103.781742,428,S3_twin_shock,indonesia,USDC
312,0.7421369956248783,22664915426.1872,428,S3_twin_shock,indonesia,USDC
313,0.754021909051348,22098292540.532516,428,S3_twin_shock,indonesia,USDC
314,0.7729879484310506,21545835227.019203,428,S3_twin_shock,indonesia,USDC
315,0.7937196467328588,21007189346.343727,428,S3_twin_shock,indonesia,USDC
316,0.784766283878487,20482009612.685135,428,S3_twin_shock,indonesia,USDC
317,0.7881982970064507,19969959372.368004,428,S3_twin_shock,indonesia,USDC
318,0.7887862648080373,19470710388.058807,428,S3_twin_shock,indonesia,USDC
319,0.8113823013747709,18983942628.357334,428,S3_twin_shock,indonesia,USDC
320,0.7951306861915283,18509344062.6484,428,S3_twin_shock,indonesia,USDC
321,0.8020113095319523,18046610461.08219,428,S3_twin_shock,indonesia,USDC
322,0.7976067650367789,17595445199.555138,428,S3_twin_shock,indonesia,USDC
323,0.814787291848579,17155559069.566257,428,S3_twin_shock,indonesia,USDC
324,0.8158291890998035,16726670092.827099,428,S3_twin_shock,indonesia,USDC
325,0.8170070009961613,16308503340.506422,428,S3_twin_shock,indonesia,USDC
326,0.8046403601934546,15900790756.993763,428,S3_twin_shock,indonesia,USDC
327,0.8009386443042086,15503270988.068918,428,S3_twin_shock,indonesia,USDC
328,0.7683289988146232,15115689213.367195,428,S3_twin_shock,indonesia,USDC
329,0.7813546550368714,14737796983.033016,428,S3_twin_shock,indonesia,USDC
330,0.7857529820117537,14369352058.457191,428,S3_twin_shock,indonesia,USDC
331,0.7840467407838401,14010118256.995758,428,S3_twin_shock,indonesia,USDC
332,0.806716309391112,13659865300.570866,428,S3_twin_shock,indonesia,USDC
333,0.8172199963656389,13318368668.056595,428,S3_twin_shock,indonesia,USDC
334,0.8188414081717227,12985409451.355179,428,S3_twin_shock,indonesia,USDC
335,0.8169284053379462,12660774215.0713,428,S3_twin_shock,indonesia,USDC
336,0.8001762890033263,12344254859.694519,428,S3_twin_shock,indonesia,USDC
337,0.7893518288070642,12035648488.202154,428,S3_twin_shock,indonesia,USDC
338,0.7636580958673601,11734757275.9971,428,S3_twin_shock,indonesia,USDC
339,0.7375473431270083,11441388344.097174,428,S3_twin_shock,indonesia,USDC
340,0.7384403054327461,11155353635.494743,428,S3_twin_shock,indonesia,USDC
341,0.7342058527534415,10876469794.607376,428,S3_twin_shock,indonesia,USDC
342,0.7518147327375653,10604558049.742191,428,S3_twin_shock,indonesia,USDC
343,0.758988989980308,10339444098.498636,428,S3_twin_shock,indonesia,USDC
344,0.7787676805108886,10080957996.036171,428,S3_twin_shock,indonesia,USDC
345,0.7734604312019575,9828934046.135267,428,S3_twin_shock,indonesia,USDC
346,0.7893342966118039,9583210694.981884,428,S3_twin_shock,indonesia,USDC
347,0.8118520804246704,9343630427.607338,428,S3_twin_shock,indonesia,USDC
348,0.7671858638945661,9110039666.917154,428,S3_twin_shock,indonesia,USDC
349,0.7622031556981212,8882288675.244225,428,S3_twin_shock,indonesia,USDC
350,0.7450632751490258,8660231458.363121,428,S3_twin_shock,indonesia,USDC
351,0.7438572044676934,8443725671.904042,428,S3_twin_shock,indonesia,USDC
352,0.7450093882725365,8232632530.1064415,428,S3_twin_shock,indonesia,USDC
353,0.7575532808181361,8026816716.853779,428,S3_twin_shock,indonesia,USDC
354,0.7639135869609033,7826146298.932435,428,S3_twin_shock,indonesia,USDC
355,0.7786909048749342,7630492641.459125,428,S3_twin_shock,indonesia,USDC
356,0.7606890175980496,7439730325.422646,428,S3_twin_shock,indonesia,USDC
357,0.7625506338081351,7253737067.287081,428,S3_twin_shock,indonesia,USDC
358,0.7677653891153042,7072393640.604903,428,S3_twin_shock,indonesia,USDC
359,0.7877335125270886,6895583799.589781,428,S3_twin_shock,indonesia,USDC
360,0.8036528150435749,6723194204.600037,428,S3_twin_shock,indonesia,USDC
361,0.8298827549843423,6555114349.485035,428,S3_twin_shock,indonesia,USDC
362,0.7976710310087425,6391236490.74791,428,S3_twin_shock,indonesia,USDC
363,0.7702655969571353,6231455578.479212,428,S3_twin_shock,indonesia,USDC
364,0.7302615304042822,6075669189.017232,428,S3_twin_shock,indonesia,USDC
365,0.7513752556586579,5923777459.291801,428,S3_twin_shock,indonesia,USDC
366,0.7488229503006351,5775683022.809506,428,S3_twin_shock,indonesia,USDC
367,0.7402259764840056,5631290947.239268,428,S3_twin_shock,indonesia,USDC
368,0.7368451288412317,5490508673.558287,428,S3_twin_shock,indonesia,USDC
369,0.7254706163985087,5353245956.71933,428,S3_twin_shock,indonesia,USDC
370,0.7328189010206465,5219414807.801346,428,S3_twin_shock,indonesia,USDC
371,0.738204983595895,5088929437.606313,428,S3_twin_shock,indonesia,USDC
372,0.758668512457684,4961706201.666155,428,S3_twin_shock,indonesia,USDC
373,0.7607448567217979,4837663546.624501,428,S3_twin_shock,indonesia,USDC
374,0.759214006647149,4716721957.958889,428,S3_twin_shock,indonesia,USDC
375,0.7688033912979665,4598803909.009916,428,S3_twin_shock,indonesia,USDC
376,0.7814006143212369,4483833811.284668,428,S3_twin_shock,indonesia,USDC
377,0.7915443019802058,4371737966.002551,428,S3_twin_shock,indonesia,USDC
378,0.7722101312510419,4262444516.8524876,428,S3_twin_shock,indonesia,USDC
379,0.7872374038133061,4155883403.9311757,428,S3_twin_shock,indonesia,USDC
380,0.7846539989487772,4051986318.8328967,428,S3_twin_shock,indonesia,USDC
381,0.7969377712400629,3950686660.862074,428,S3_twin_shock,indonesia,USDC
382,0.7943406054462089,3851919494.340522,428,S3_twin_shock,indonesia,USDC
383,0.7752106924949684,3755621506.9820094,428,S3_twin_shock,indonesia,USDC
384,0.7666076534348966,3661730969.307459,428,S3_twin_shock,indonesia,USDC
385,0.7608779577919362,3570187695.0747724,428,S3_twin_shock,indonesia,USDC
386,0.7554353138614587,3480933002.6979027,428,S3_twin_shock,indonesia,USDC
387,0.7479105021814527,3393909677.630456,428,S3_twin_shock,indonesia,USDC
388,0.7560662179547647,3309061935.6896944,428,S3_twin_shock,indonesia,USDC
389,0.7438107352956392,3226335387.297452,428,S3_twin_shock,indonesia,USDC
390,0.7434540720763697,3145677002.6150155,428,S3_twin_shock,indonesia,USDC
391,0.7429969781049595,3067035077.54964,428,S3_twin_shock,indonesia,USDC
392,0.7286493908619143,2990359200.6108994,428,S3_twin_shock,indonesia,USDC
393,0.7151656131789383,2915600220.595627,428,S3_twin_shock,indonesia,USDC
394,0.73810770923989,2842710215.080736,428,S3_twin_shock,indonesia,USDC
395,0.7307134034594084,2771642459.7037177,428,S3_twin_shock,indonesia,USDC
396,0.7374384403408207,2702351398.2111244,428,S3_twin_shock,indonesia,USDC
397,0.7416044857188651,2634792613.2558465,428,S3_twin_shock,indonesia,USDC
398,0.7527802739677012,2568922797.9244504,428,S3_twin_shock,indonesia,USDC
399,0.7791260389967171,2504699727.976339,428,S3_twin_shock,indonesia,USDC
400,0.76906904232653,2442082234.776931,428,S3_twin_shock,indonesia,USDC
401,0.7539506951461151,2381030178.907507,428,S3_twin_shock,indonesia,USDC
402,0.76483684190747,2321504424.4348197,428,S3_twin_shock,indonesia,USDC
403,0.7874378779438789,2263466813.823949,428,S3_twin_shock,indonesia,USDC
404,0.7740126502837669,2206880143.4783506,428,S3_twin_shock,indonesia,USDC
405,0.7721981229818792,2151708139.8913918,428,S3_twin_shock,indonesia,USDC
406,0.762312663888794,2097915436.3941069,428,S3_twin_shock,indonesia,USDC
407,0.7510470392035427,2045467550.4842544,428,S3_twin_shock,indonesia,USDC
408,0.7458518288663991,1994330861.722148,428,S3_twin_shock,indonesia,USDC
409,0.752942763841437,1944472590.1790943,428,S3_twin_shock,indonesia,USDC
410,0.7510738422774197,1895860775.4246168,428,S3_twin_shock,indonesia,USDC
411,0.7429361551732188,1848464256.0390015,428,S3_twin_shock,indonesia,USDC
412,0.7353663879440729,1802252649.6380265,428,S3_twin_shock,indonesia,USDC
413,0.7480990957252021,1757196333.3970757,428,S3_twin_shock,indonesia,USDC
414,0.7546625138233536,1713266425.0621488,428,S3_twin_shock,indonesia,USDC
415,0.7212034365697786,1670434764.435595,428,S3_twin_shock,indonesia,USDC
416,0.7451700483922544,1628673895.324705,428,S3_twin_shock,indonesia,USDC
417,0.7667081036720542,1587957047.9415872,428,S3_twin_shock,indonesia,USDC
418,0.7647690614193968,1548258121.7430477,428,S3_twin_shock,indonesia,USDC
419,0.7553226251591588,1509551668.6994715,428,S3_twin_shock,indonesia,USDC
420,0.7443220385815056,1471812876.9819846,428,S3_twin_shock,indonesia,USDC
421,0.7556519670281492,1435017555.057435,428,S3_twin_shock,indonesia,USDC
422,0.7556882318683631,1399142116.180999,428,S3_twin_shock,indonesia,USDC
423,0.7394044146281082,1364163563.276474,428,S3_twin_shock,indonesia,USDC
424,0.7567127408581202,1330059474.1945622,428,S3_twin_shock,indonesia,USDC
425,0.7686636598341398,1296807987.3396983,428,S3_twin_shock,indonesia,USDC
426,0.7652674012735722,1264387787.6562057,428,S3_twin_shock,indonesia,USDC
427,0.7427853838139424,1232778092.9648006,428,S3_twin_shock,indonesia,USDC
428,0.7588506185344652,1201958640.6406806,428,S3_twin_shock,indonesia,USDC
429,0.7673293319958456,1171909674.6246636,428,S3_twin_shock,indonesia,USDC
430,0.7754444599239698,1142611932.759047,428,S3_twin_shock,indonesia,USDC
431,0.7775576158323856,1114046634.4400706,428,S3_twin_shock,indonesia,USDC
432,0.7889629780842167,1086195468.5790691,428,S3_twin_shock,indonesia,USDC
433,0.78788898481374,1059040581.8645923,428,S3_twin_shock,indonesia,USDC
434,0.7880000950413958,1032564567.3179774,428,S3_twin_shock,indonesia,USDC
435,0.7830409016379147,1006750453.1350281,428,S3_twin_shock,indonesia,USDC
436,0.8012020273227572,981581691.8066523,428,S3_twin_shock,indonesia,USDC
437,0.7788592121525528,957042149.511486,428,S3_twin_shock,indonesia,USDC
438,0.7766859197206992,933116095.773699,428,S3_twin_shock,indonesia,USDC
439,0.7907902519271252,909788193.3793566,428,S3_twin_shock,indonesia,USDC
440,0.7818387012821668,887043488.5448726,428,S3_twin_shock,indonesia,USDC
441,0.8128813280996801,864867401.3312507,428,S3_twin_shock,indonesia,USDC
442,0.8068256392389874,843245716.2979693,428,S3_twin_shock,indonesia,USDC
443,0.807454072342845,822164573.3905201,428,S3_twin_shock,indonesia,USDC
444,0.8160669077511086,801610459.0557572,428,S3_twin_shock,indonesia,USDC
445,0.8008546060315294,781570197.5793632,428,S3_twin_shock,indonesia,USDC
446,0.8222663485496036,762030942.6398791,428,S3_twin_shock,indonesia,USDC
447,0.8392421976107842,742980169.0738821,428,S3_twin_shock,indonesia,USDC
448,0.8181414835725902,724405664.847035,428,S3_twin_shock,indonesia,USDC
449,0.8114130596193455,706295523.2258593,428,S3_twin_shock,indonesia,USDC
450,0.8025624564588871,688638135.1452128,428,S3_twin_shock,indonesia,USDC
451,0.8323004847525993,671422181.7665824,428,S3_twin_shock,indonesia,USDC
452,0.8495378085965499,654636627.2224178,428,S3_twin_shock,indonesia,USDC
453,0.8775435258622561,638270711.5418575,428,S3_twin_shock,indonesia,USDC
454,0.8722898617632637,622313943.7533109,428,S3_twin_shock,indonesia,USDC
455,0.8859187870901071,606756095.1594782,428,S3_twin_shock,indonesia,USDC
456,0.8754408126195592,591587192.7804912,428,S3_twin_shock,indonesia,USDC
457,0.8782382959699124,576797512.960979,428,S3_twin_shock,indonesia,USDC
458,0.8531430550501401,562377575.1369544,428,S3_twin_shock,indonesia,USDC
459,0.8664030818522401,548318135.7585306,428,S3_twin_shock,indonesia,USDC
460,0.8623253727846838,534610182.3645674,428,S3_twin_shock,indonesia,USDC
461,0.8453835035790447,521244927.8054532,428,S3_twin_shock,indonesia,USDC
462,0.8507377247447561,508213804.6103169,428,S3_twin_shock,indonesia,USDC
463,0.8475615700825117,495508459.4950589,428,S3_twin_shock,indonesia,USDC
464,0.8753492202333419,483120748.00768244,428,S3_twin_shock,indonesia,USDC
465,0.8778376928422034,471042729.3074904,428,S3_twin_shock,indonesia,USDC
466,0.8703310182733284,459266661.0748031,428,S3_twin_shock,indonesia,USDC
467,0.8676731646946254,447784994.5479331,428,S3_twin_shock,indonesia,USDC
468,0.8329545705683165,436590369.68423474,428,S3_twin_shock,indonesia,USDC
469,0.8281134929233921,425675610.4421289,428,S3_twin_shock,indonesia,USDC
470,0.8317447169046749,415033720.18107563,428,S3_twin_shock,indonesia,USDC
471,0.8270033228445266,404657877.1765488,428,S3_twin_shock,indonesia,USDC
472,0.8081810439875505,394541430.24713504,428,S3_twin_shock,indonesia,USDC
473,0.8308425602862509,384677894.49095666,428,S3_twin_shock,indonesia,USDC
474,0.8054850929397142,375060947.12868273,428,S3_twin_shock,indonesia,USDC
475,0.7821150684569874,365684423.4504657,428,S3_twin_shock,indonesia,USDC
476,0.7722157009957784,356542312.86420405,428,S3_twin_shock,indonesia,USDC
477,0.7783202398560304,347628755.04259896,428,S3_twin_shock,indonesia,USDC
478,0.7792336298132797,338938036.166534,428,S3_twin_shock,indonesia,USDC
479,0.7721728516463113,330464585.26237065,428,S3_twin_shock,indonesia,USDC
480,0.790392631366288,322202970.6308114,428,S3_twin_shock,indonesia,USDC
481,0.7985073064583044,314147896.36504114,428,S3_twin_shock,indonesia,USDC
482,0.8085671405236167,306294198.9559151,428,S3_twin_shock,indonesia,USDC
483,0.7959820622612503,298636843.9820172,428,S3_twin_shock,indonesia,USDC
484,0.7674995672746956,291170922.8824668,428,S3_twin_shock,indonesia,USDC
485,0.7912016547247643,283891649.81040514,428,S3_twin_shock,indonesia,USDC
486,0.8013801896314143,276794358.565145,428,S3_twin_shock,indonesia,USDC
487,0.7942068578502027,269874499.6010164,428,S3_twin_shock,indonesia,USDC
488,0.8041303963863158,263127637.11099094,428,S3_twin_shock,indonesia,USDC
489,0.799683675075814,256549446.18321615,428,S3_twin_shock,indonesia,USDC
490,0.8064728007630587,250135710.0286358,428,S3_twin_shock,indonesia,USDC
491,0.7991663438057581,243882317.2779199,428,S3_twin_shock,indonesia,USDC
492,0.7811343004366332,237785259.34597188,428,S3_twin_shock,indonesia,USDC
493,0.7744073605673248,231840627.8623226,428,S3_twin_shock,indonesia,USDC
494,0.7823754068742943,226044612.1657645,428,S3_twin_shock,indonesia,USDC
495,0.7963778964262395,220393496.86162043,428,S3_twin_shock,indonesia,USDC
496,0.784259322118064,214883659.4400799,428,S3_twin_shock,indonesia,USDC
497,0.8095038071756645,209511567.9540779,428,S3_twin_shock,indonesia,USDC
498,0.8117817307784284,204273778.75522596,428,S3_twin_shock,indonesia,USDC
499,0.808743192834957,199166934.2863453,428,S3_twin_shock,indonesia,USDC
500,0.8060699608209686,194187760.92918667,428,S3_twin_shock,indonesia,USDC
501,0.8028195009280196,189333066.905957,428,S3_twin_shock,indonesia,USDC
502,0.7927857006864178,184599740.23330808,428,S3_twin_shock,indonesia,USDC
503,0.7186471228149011,179984746.72747537,428,S3_twin_shock,indonesia,USDC
504,0.7241282110413306,175485128.0592885,428,S3_twin_shock,indonesia,USDC
505,0.7276715480368923,171097999.8578063,428,S3_twin_shock,indonesia,USDC
506,0.7660234591053899,166820549.86136115,428,S3_twin_shock,indonesia,USDC
507,0.7750194753115593,162650036.11482713,428,S3_twin_shock,indonesia,USDC
508,0.78569170620959,158583785.21195644,428,S3_twin_shock,indonesia,USDC
509,0.7622387945641818,154619190.58165753,428,S3_twin_shock,indonesia,USDC
510,0.7448617870390857,150753710.81711608,428,S3_twin_shock,indonesia,USDC
511,0.7263602316566629,146984868.0466882,428,S3_twin_shock,indonesia,USDC
512,0.7318379535939822,143310246.345521,428,S3_twin_shock,indonesia,USDC
513,0.74442041933899,139727490.18688297,428,S3_twin_shock,indonesia,USDC
514,0.7566624440062083,136234302.9322109,428,S3_twin_shock,indonesia,USDC
515,0.7597788845598625,132828445.35890563,428,S3_twin_shock,indonesia,USDC
516,0.7547590220839081,129507734.224933,428,S3_twin_shock,indonesia,USDC
517,0.7628349146069282,126270040.86930966,428,S3_twin_shock,indonesia,USDC
518,0.7622446240374393,123113289.84757692,428,S3_twin_shock,indonesia,USDC
519,0.7611960839099836,120035457.6013875,428,S3_twin_shock,indonesia,USDC
520,0.7661921673707603,117034571.16135281,428,S3_twin_shock,indonesia,USDC
521,0.776257215915117,114108706.88231899,428,S3_twin_shock,indonesia,USDC
522,0.770390907649849,111255989.21026102,428,S3_twin_shock,indonesia,USDC
523,0.7873378392879464,108474589.48000449,428,S3_twin_shock,indonesia,USDC
524,0.7380693976110996,105762724.74300438,428,S3_twin_shock,indonesia,USDC
525,0.7433359315896199,103118656.62442927,428,S3_twin_shock,indonesia,USDC
526,0.7314064743324785,100540690.20881853,428,S3_twin_shock,indonesia,USDC
527,0.7270319648236739,98027172.95359807,428,S3_twin_shock,indonesia,USDC
528,0.74600065061739,95576493.6297581,428,S3_twin_shock,indonesia,USDC
529,0.7457619536220563,93187081.28901416,428,S3_twin_shock,indonesia,USDC
530,0.7530426925046756,90857404.2567888,428,S3_twin_shock,indonesia,USDC
531,0.765792697632315,88585969.15036908,428,S3_twin_shock,indonesia,USDC
532,0.7891090717677859,86371319.92160985,428,S3_twin_shock,indonesia,USDC
533,0.7939004029360319,84212036.92356962,428,S3_twin_shock,indonesia,USDC
534,0.7949401303080684,82106736.00048037,428,S3_twin_shock,indonesia,USDC
535,0.79278345959684,80054067.60046837,428,S3_twin_shock,indonesia,USDC
536,0.8018196237554358,78052715.91045666,428,S3_twin_shock,indonesia,USDC
537,0.7894100554712298,76101398.01269525,428,S3_twin_shock,indonesia,USDC
538,0.7690437586592282,74198863.06237787,428,S3_twin_shock,indonesia,USDC
539,0.7512602600736652,72343891.48581842,428,S3_twin_shock,indonesia,USDC
540,0.7569340207068198,70535294.19867295,428,S3_twin_shock,indonesia,USDC
541,0.7614154376937371,68771911.84370613,428,S3_twin_shock,indonesia,USDC
542,0.7816839272055852,67052614.04761347,428,S3_twin_shock,indonesia,USDC
543,0.7888746729917377,65376298.696423136,428,S3_twin_shock,indonesia,USDC
544,0.8190665564242005,63741891.229012564,428,S3_twin_shock,indonesia,USDC
545,0.8151191961727187,62148343.94828724,428,S3_twin_shock,indonesia,USDC
546,0.8295852434523281,60594635.349580064,428,S3_twin_shock,indonesia,USDC
547,0.8481348091833606,59079769.46584056,428,S3_twin_shock,indonesia,USDC
548,0.8684096713270074,57602775.22919455,428,S3_twin_shock,indonesia,USDC
549,0.8396529985751685,56162705.84846468,428,S3_twin_shock,indonesia,USDC
550,0.831452675124399,54758638.202253066,428,S3_twin_shock,indonesia,USDC
551,0.8367711133416899,53389672.24719674,428,S3_twin_shock,indonesia,USDC
552,0.8375659154271767,52054930.44101682,428,S3_twin_shock,indonesia,USDC
553,0.8335699247797695,50753557.1799914,428,S3_twin_shock,indonesia,USDC
554,0.8414132270202112,49484718.25049162,428,S3_twin_shock,indonesia,USDC
555,0.8456715031836544,48247600.29422932,428,S3_twin_shock,indonesia,USDC
556,0.8270506169284216,47041410.286873594,428,S3_twin_shock,indonesia,USDC
557,0.8313751627059559,45865375.029701754,428,S3_twin_shock,indonesia,USDC
558,0.8581656427255752,44718740.65395921,428,S3_twin_shock,indonesia,USDC
559,0.8412048122346015,43600772.13761023,428,S3_twin_shock,indonesia,USDC
560,0.8503780814958272,42510752.83416997,428,S3_twin_shock,indonesia,USDC
561,0.840658812747131,41447984.013315715,428,S3_twin_shock,indonesia,USDC
562,0.8465906522351881,40411784.41298282,428,S3_twin_shock,indonesia,USDC
563,0.8315800187311971,39401489.80265825,428,S3_twin_shock,indonesia,USDC
564,0.8464365488171984,38416452.557591796,428,S3_twin_shock,indonesia,USDC
565,0.8458702364005455,37456041.243652,428,S3_twin_shock,indonesia,USDC
566,0.8424383421534776,36519640.2125607,428,S3_twin_shock,indonesia,USDC
567,0.8309468212849346,35606649.20724669,428,S3_twin_shock,indonesia,USDC
568,0.8292371557196734,34716482.97706552,428,S3_twin_shock,indonesia,USDC
569,0.8039046001775361,33848570.90263888,428,S3_twin_shock,indonesia,USDC
570,0.792168599023672,33002356.630072907,428,S3_twin_shock,indonesia,USDC
571,0.812355511418646,32177297.714321084,428,S3_twin_shock,indonesia,USDC
572,0.8024796965415898,31372865.27146306,428,S3_twin_shock,indonesia,USDC
573,0.7854656274417369,30588543.63967648,428,S3_twin_shock,indonesia,USDC
574,0.7900213331409673,29823830.048684575,428,S3_twin_shock,indonesia,USDC
575,0.798192722423519,29078234.29746746,428,S3_twin_shock,indonesia,USDC
576,0.8019372113532891,28351278.440030772,428,S3_twin_shock,indonesia,USDC
577,0.771673865790934,27642496.479030006,428,S3_twin_shock,indonesia,USDC
578,0.78226135014423,26951434.06705425,428,S3_twin_shock,indonesia,USDC
579,0.8191978794804662,26277648.215377893,428,S3_twin_shock,indonesia,USDC
580,0.8373630652426546,25620707.009993445,428,S3_twin_shock,indonesia,USDC
581,0.8444456422131971,24980189.33474361,428,S3_twin_shock,indonesia,USDC
582,0.8455588768737938,24355684.60137502,428,S3_twin_shock,indonesia,USDC
583,0.8194209293424336,23746792.486340642,428,S3_twin_shock,indonesia,USDC
584,0.7980231201550172,23153122.67418213,428,S3_twin_shock,indonesia,USDC
585,0.7919021705269542,22574294.607327573,428,S3_twin_shock,indonesia,USDC
586,0.801339146653974,22009937.242144383,428,S3_twin_shock,indonesia,USDC
587,0.8011640971147733,21459688.811090775,428,S3_twin_shock,indonesia,USDC
588,0.8215466032686088,20923196.590813503,428,S3_twin_shock,indonesia,USDC
589,0.8135957887193638,20400116.676043168,428,S3_twin_shock,indonesia,USDC
590,0.8016028421075415,19890113.759142086,428,S3_twin_shock,indonesia,USDC
591,0.7792891162235251,19392860.915163536,428,S3_twin_shock,indonesia,USDC
592,0.7341753064667899,18908039.392284445,428,S3_twin_shock,indonesia,USDC
593,0.7273277721581827,18435338.407477334,428,S3_twin_shock,indonesia,USDC
594,0.761652009064166,17974454.947290402,428,S3_twin_shock,indonesia,USDC
595,0.741589208218061,17525093.57360814,428,S3_twin_shock,indonesia,USDC
596,0.7767001557876447,17086966.23426794,428,S3_twin_shock,indonesia,USDC
597,0.7860619190526451,16659792.07841124,428,S3_twin_shock,indonesia,USDC
598,0.7829268985236426,16243297.276450958,428,S3_twin_shock,indonesia,USDC
599,0.7972997884029868,15837214.844539685,428,S3_twin_shock,indonesia,USDC
600,0.790899656163578,15441284.473426193,428,S3_twin_shock,indonesia,USDC
601,0.8071869050782472,15055252.361590538,428,S3_twin_shock,indonesia,USDC
602,0.7889704243993079,14678871.052550776,428,S3_twin_shock,indonesia,USDC
603,0.8101217570850587,14311899.276237007,428,S3_twin_shock,indonesia,USDC
604,0.8074398398666115,13954101.794331077,428,S3_twin_shock,indonesia,USDC
605,0.8093644608331085,13605249.249472803,428,S3_twin_shock,indonesia,USDC
606,0.8017310483739443,13265118.018235983,428,S3_twin_shock,indonesia,USDC
607,0.7983237308859099,12933490.067780085,428,S3_twin_shock,indonesia,USDC
608,0.8011466089605196,12610152.81608558,428,S3_twin_shock,indonesia,USDC
609,0.8072757304058044,12294898.995683441,428,S3_twin_shock,indonesia,USDC
610,0.7976053634549863,11987526.520791356,428,S3_twin_shock,indonesia,USDC
611,0.80602389184418,11687838.35777157,428,S3_twin_shock,indonesia,USDC
612,0.8198136531781122,11395642.39882728,428,S3_twin_shock,indonesia,USDC
613,0.8186907107368436,11110751.3388566,428,S3_twin_shock,indonesia,USDC
614,0.7929620567264802,10832982.555385185,428,S3_twin_shock,indonesia,USDC
615,0.8187658573049897,10562157.991500556,428,S3_twin_shock,indonesia,USDC
616,0.8187969095218123,10298104.041713042,428,S3_twin_shock,indonesia,USDC
617,0.817657909694768,10040651.440670216,428,S3_twin_shock,indonesia,USDC
618,0.8188593014941917,9789635.15465346,428,S3_twin_shock,indonesia,USDC
619,0.8334448547854324,9544894.275787124,428,S3_twin_shock,indonesia,USDC
620,0.821004827656069,9306271.918892447,428,S3_twin_shock,indonesia,USDC
621,0.8193583343953177,9073615.120920135,428,S3_twin_shock,indonesia,USDC
622,0.7766484628536717,8846774.742897132,428,S3_twin_shock,indonesia,USDC
623,0.7792865021383999,8625605.374324704,428,S3_twin_shock,indonesia,USDC
624,0.7767004843657804,8409965.239966586,428,S3_twin_shock,indonesia,USDC
625,0.7778385429912431,8199716.108967422,428,S3_twin_shock,indonesia,USDC
626,0.7863051566795528,7994723.206243236,428,S3_twin_shock,indonesia,USDC
627,0.7976134522139079,7794855.126087154,428,S3_twin_shock,indonesia,USDC
628,0.8150880293310888,7599983.747934976,428,S3_twin_shock,indonesia,USDC
629,0.8332403503437594,7409984.154236602,428,S3_twin_shock,indonesia,USDC
630,0.855464528090383,7224734.550380686,428,S3_twin_shock,indonesia,USDC
631,0.8294851665497838,7044116.186621169,428,S3_twin_shock,indonesia,USDC
632,0.8517424021817799,6868013.281955639,428,S3_twin_shock,indonesia,USDC
633,0.836881072143359,6696312.949906749,428,S3_twin_shock,indonesia,USDC
634,0.8204744732977453,6528905.126159081,428,S3_twin_shock,indonesia,USDC
635,0.8297075046330906,6365682.498005103,428,S3_twin_shock,indonesia,USDC
636,0.8471161174348228,6206540.435554977,428,S3_twin_shock,indonesia,USDC
637,0.8217993594080576,6051376.924666102,428,S3_twin_shock,indonesia,USDC
638,0.8211096522306446,5900092.501549449,428,S3_twin_shock,indonesia,USDC
639,0.8174077464108926,5752590.189010713,428,S3_twin_shock,indonesia,USDC
640,0.8492769065708635,5608775.434285445,428,S3_twin_shock,indonesia,USDC
641,0.8586751421687806,5468556.048428309,428,S3_twin_shock,indonesia,USDC
642,0.850218457282282,5331842.147217602,428,S3_twin_shock,indonesia,USDC
643,0.8507456106468895,5198546.093537161,428,S3_twin_shock,indonesia,USDC
644,0.8231020354048928,5068582.441198733,428,S3_twin_shock,indonesia,USDC
645,0.8126749198992717,4941867.880168764,428,S3_twin_shock,indonesia,USDC
646,0.8356156874241298,4818321.183164544,428,S3_twin_shock,indonesia,USDC
647,0.8440652476167134,4697863.15358543,428,S3_twin_shock,indonesia,USDC
648,0.8365665641801161,4580416.574745796,428,S3_twin_shock,indonesia,USDC
649,0.8309457975428226,4465906.16037715,428,S3_twin_shock,indonesia,USDC
650,0.8259885136446692,4354258.506367722,428,S3_twin_shock,indonesia,USDC
651,0.827047258375182,4245402.043708528,428,S3_twin_shock,indonesia,USDC
652,0.8281474619067389,4139266.9926158153,428,S3_twin_shock,indonesia,USDC
653,0.8247217723301162,4035785.3178004203,428,S3_twin_shock,indonesia,USDC
654,0.799311171271383,3934890.684855409,428,S3_twin_shock,indonesia,USDC
655,0.8038986850681867,3836518.417734024,428,S3_twin_shock,indonesia,USDC
656,0.7927318564650878,3740605.4572906736,428,S3_twin_shock,indonesia,USDC
657,0.8002168686009268,3647090.320858407,428,S3_twin_shock,indonesia,USDC
658,0.8084277925056107,3555913.062836947,428,S3_twin_shock,indonesia,USDC
659,0.8173744975254291,3467015.236266023,428,S3_twin_shock,indonesia,USDC
660,0.8109287183764163,3380339.8553593727,428,S3_twin_shock,indonesia,USDC
661,0.8073772840410651,3295831.358975388,428,S3_twin_shock,indonesia,USDC
662,0.8237656647793654,3213435.575001003,428,S3_twin_shock,indonesia,USDC
663,0.8328979922232195,3133099.6856259783,428,S3_twin_shock,indonesia,USDC
664,0.8372504166174819,3054772.193485329,428,S3_twin_shock,indonesia,USDC
665,0.8355975536819055,2978402.8886481957,428,S3_twin_shock,indonesia,USDC
666,0.8237622292739151,2903942.816431991,428,S3_twin_shock,indonesia,USDC
667,0.8332644448079475,2831344.246021191,428,S3_twin_shock,indonesia,USDC
668,0.7797710119986958,2760560.6398706613,428,S3_twin_shock,indonesia,USDC
669,0.781403243522759,2691546.623873895,428,S3_twin_shock,indonesia,USDC
670,0.8293765659660994,2624257.9582770476,428,S3_twin_shock,indonesia,USDC
671,0.7924881026044235,2558651.5093201213,428,S3_twin_shock,indonesia,USDC
672,0.7604859189097083,2494685.2215871187,428,S3_twin_shock,indonesia,USDC
673,0.7829171208696736,2432318.09104744,428,S3_twin_shock,indonesia,USDC
674,0.7543933910822277,2371510.1387712546,428,S3_twin_shock,indonesia,USDC
675,0.7494983223557504,2312222.385301973,428,S3_twin_shock,indonesia,USDC
676,0.7482669341144842,2254416.8256694237,428,S3_twin_shock,indonesia,USDC
677,0.7339248349470953,2198056.4050276885,428,S3_twin_shock,indonesia,USDC
678,0.7411458226097158,2143104.994901996,428,S3_twin_shock,indonesia,USDC
679,0.7537081588026524,2089527.370029446,428,S3_twin_shock,indonesia,USDC
680,0.7422031680833684,2037289.18577871,428,S3_twin_shock,indonesia,USDC
681,0.742711906146979,1986356.9561342425,428,S3_twin_shock,indonesia,USDC
682,0.7363353116279072,1936698.0322308862,428,S3_twin_shock,indonesia,USDC
683,0.743996589758577,1888280.581425114,428,S3_twin_shock,indonesia,USDC
684,0.7744881855440003,1841073.5668894863,428,S3_twin_shock,indonesia,USDC
685,0.7716112169402302,1795046.7277172487,428,S3_twin_shock,indonesia,USDC
686,0.7739674051548223,1750170.5595243177,428,S3_twin_shock,indonesia,USDC
687,0.7844464990757277,1706416.2955362098,428,S3_twin_shock,indonesia,USDC
688,0.7606650362250227,1663755.8881478044,428,S3_twin_shock,indonesia,USDC
689,0.770262762590114,1622161.9909441094,428,S3_twin_shock,indonesia,USDC
690,0.7668369303646727,1581607.9411705066,428,S3_twin_shock,indonesia,USDC
691,0.7745970082088075,1542067.742641244,428,S3_twin_shock,indonesia,USDC
692,0.7834598461803112,1503516.0490752128,428,S3_twin_shock,indonesia,USDC
693,0.7820060862649688,1465928.1478483325,428,S3_twin_shock,indonesia,USDC
694,0.7792053706833573,1429279.9441521242,428,S3_twin_shock,indonesia,USDC
695,0.7734523879002746,1393547.9455483211,428,S3_twin_shock,indonesia,USDC
696,0.7623117832856342,1358709.246909613,428,S3_twin_shock,indonesia,USDC
697,0.7671701596241219,1324741.5157368728,428,S3_twin_shock,indonesia,USDC
698,0.7772408014969773,1291622.9778434508,428,S3_twin_shock,indonesia,USDC
699,0.7680590572770875,1259332.4033973645,428,S3_twin_shock,indonesia,USDC
700,0.7767011859240944,1227849.0933124304,428,S3_twin_shock,indonesia,USDC
701,0.7895921950574357,1197152.8659796196,428,S3_twin_shock,indonesia,USDC
702,0.7689215915838095,1167224.0443301292,428,S3_twin_shock,indonesia,USDC
703,0.7620527371495919,1138043.443221876,428,S3_twin_shock,indonesia,USDC
704,0.7663924824725481,1109592.357141329,428,S3_twin_shock,indonesia,USDC
705,0.7891719889271094,1081852.5482127958,428,S3_twin_shock,indonesia,USDC
706,0.7929002574153413,1054806.234507476,428,S3_twin_shock,indonesia,USDC
707,0.8032526903340603,1028436.078644789,428,S3_twin_shock,indonesia,USDC
708,0.8049031420561632,1002725.1766786693,428,S3_twin_shock,indonesia,USDC
709,0.8075764590488531,977657.0472617026,428,S3_twin_shock,indonesia,USDC
710,0.7947739767956791,953215.62108016,428,S3_twin_shock,indonesia,USDC
711,0.7924395080944607,929385.230553156,428,S3_twin_shock,indonesia,USDC
712,0.7860540447318368,906150.5997893271,428,S3_twin_shock,indonesia,USDC
713,0.7708629678136489,883496.834794594,428,S3_twin_shock,indonesia,USDC
714,0.7579390103646322,861409.4139247292,428,S3_twin_shock,indonesia,USDC
715,0.7364580768872727,839874.178576611,428,S3_twin_shock,indonesia,USDC
716,0.7322663567936822,818877.3241121958,428,S3_twin_shock,indonesia,USDC
717,0.7332203410532042,798405.3910093908,428,S3_twin_shock,indonesia,USDC
718,0.7452085335807139,778445.2562341561,428,S3_twin_shock,indonesia,USDC
719,0.7564571226223852,758984.1248283021,428,S3_twin_shock,indonesia,USDC
720,0.7681138387356129,740009.5217075946,428,S3_twin_shock,indonesia,USDC
721,0.7675204858937489,721509.2836649048,428,S3_twin_shock,indonesia,USDC
722,0.756222689885192,703471.5515732821,428,S3_twin_shock,indonesia,USDC
723,0.7672615866101022,685884.7627839501,428,S3_twin_shock,indonesia,USDC
724,0.7764820096750726,668737.6437143513,428,S3_twin_shock,indonesia,USDC
725,0.7671640420874751,652019.2026214926,428,S3_twin_shock,indonesia,USDC
726,0.7632380063666958,635718.7225559552,428,S3_twin_shock,indonesia,USDC
727,0.7622708889818705,619825.7544920563,428,S3_twin_shock,indonesia,USDC
728,0.7458053614798524,604330.110629755,428,S3_twin_shock,indonesia,USDC
729,0.7316641872879026,589221.8578640111,428,S3_twin_shock,indonesia,USDC
730,0.7280130948215354,574491.3114174107,428,S3_twin_shock,indonesia,USDC
731,0.754150530277707,560129.0286319755,428,S3_twin_shock,indonesia,USDC
732,0.7642805364120718,546125.802916176,428,S3_twin_shock,indonesia,USDC
733,0.760710638983029,532472.6578432716,428,S3_twin_shock,indonesia,USDC
734,0.7702221956538288,519160.8413971899,428,S3_twin_shock,indonesia,USDC
735,0.7644743506851877,506181.8203622601,428,S3_twin_shock,indonesia,USDC
736,0.7441344641542447,493527.2748532036,428,S3_twin_shock,indonesia,USDC
737,0.7715921574755692,481189.09298187355,428,S3_twin_shock,indonesia,USDC
738,0.754828678111241,469159.36565732665,428,S3_twin_shock,indonesia,USDC
739,0.7660031289387572,457430.3815158935,428,S3_twin_shock,indonesia,USDC
740,0.7486960114856442,445994.6219779962,428,S3_twin_shock,indonesia,USDC
741,0.7505921162674206,434844.7564285463,428,S3_twin_shock,indonesia,USDC
742,0.753078190662534,423973.63751783257,428,S3_twin_shock,indonesia,USDC
743,0.7524571070853888,413374.2965798868,428,S3_twin_shock,indonesia,USDC
744,0.7708597857725182,403039.93916538963,428,S3_twin_shock,indonesia,USDC
745,0.7699317328537847,392963.9406862549,428,S3_twin_shock,indonesia,USDC
746,0.7696656077122951,383139.8421690985,428,S3_twin_shock,indonesia,USDC
747,0.7739463750896026,373561.346114871,428,S3_twin_shock,indonesia,USDC
748,0.7808579071967185,364222.31246199924,428,S3_twin_shock,indonesia,USDC
749,0.7763473599687492,355116.75465044926,428,S3_twin_shock,indonesia,USDC
750,0.7838165141764661,346238.83578418806,428,S3_twin_shock,indonesia,USDC
751,0.8044833157806385,337582.8648895833,428,S3_twin_shock,indonesia,USDC
752,0.8096560194052052,329143.2932673438,428,S3_twin_shock,indonesia,USDC
753,0.8270315946521791,320914.7109356602,428,S3_twin_shock,indonesia,USDC
754,0.8692962605643915,312891.84316226863,428,S3_twin_shock,indonesia,USDC
755,0.8576986098640822,305069.54708321195,428,S3_twin_shock,indonesia,USDC
756,0.8734052778628496,297442.80840613163,428,S3_twin_shock,indonesia,USDC
757,0.8800262530988405,290006.73819597834,428,S3_twin_shock,indonesia,USDC
758,0.8611771353677635,282756.5697410789,428,S3_twin_shock,indonesia,USDC
759,0.8830823755718149,275687.6554975519,428,S3_twin_shock,indonesia,USDC
760,0.8557167299130994,268795.4641101131,428,S3_twin_shock,indonesia,USDC
761,0.8577396390288188,262075.57750736026,428,S3_twin_shock,indonesia,USDC
762,0.8713017879591604,255523.68806967625,428,S3_twin_shock,indonesia,USDC
763,0.8628046855007716,249135.59586793435,428,S3_twin_shock,indonesia,USDC
764,0.8679233679163296,242907.20597123602,428,S3_twin_shock,indonesia,USDC
765,0.8694384503416738,236834.5258219551,428,S3_twin_shock,indonesia,USDC
766,0.8828039845193181,230913.66267640624,428,S3_twin_shock,indonesia,USDC
767,0.8717005868654901,225140.82110949606,428,S3_twin_shock,indonesia,USDC
768,0.8702801472439683,219512.30058175867,428,S3_twin_shock,indonesia,USDC
769,0.8352493620464719,214024.49306721467,428,S3_twin_shock,indonesia,USDC
770,0.8248023003640083,208673.88074053434,428,S3_twin_shock,indonesia,USDC
771,0.826355304134944,203457.03372202098,428,S3_twin_shock,indonesia,USDC
772,0.7988763966681294,198370.60787897045,428,S3_twin_shock,indonesia,USDC
773,0.7956725470544379,193411.34268199618,428,S3_twin_shock,indonesia,USDC
774,0.8057838919607581,188576.05911494629,428,S3_twin_shock,indonesia,USDC
775,0.8125796099689289,183861.6576370726,428,S3_twin_shock,indonesia,USDC
776,0.790364257273583,179265.11619614583,428,S3_twin_shock,indonesia,USDC
777,0.7805871998841606,174783.48829124216,428,S3_twin_shock,indonesia,USDC
778,0.7851075488801476,170413.9010839611,428,S3_twin_shock,indonesia,USDC
779,0.7902645425422756,166153.5535568621,428,S3_twin_shock,indonesia,USDC
780,0.790800571925502,161999.71471794054,428,S3_twin_shock,indonesia,USDC
781,0.78610034060191,157949.72184999203,428,S3_twin_shock,indonesia,USDC
782,0.7840680026895724,154000.9788037422,428,S3_twin_shock,indonesia,USDC
783,0.7801306837788072,150150.95433364867,428,S3_twin_shock,indonesia,USDC
784,0.7991680888095983,146397.18047530745,428,S3_twin_shock,indonesia,USDC
785,0.782182462461007,142737.25096342477,428,S3_twin_shock,indonesia,USDC
786,0.7852011980907425,139168.81968933914,428,S3_twin_shock,indonesia,USDC
787,0.8174223442225702,135689.59919710568,428,S3_twin_shock,indonesia,USDC
788,0.7966465388990015,132297.35921717802,428,S3_twin_shock,indonesia,USDC
789,0.7749769086195079,128989.92523674859,428,S3_twin_shock,indonesia,USDC
790,0.7680713238421123,125765.17710582988,428,S3_twin_shock,indonesia,USDC
791,0.7912660599154632,122621.04767818413,428,S3_twin_shock,indonesia,USDC
792,0.7864877806710945,119555.52148622953,428,S3_twin_shock,indonesia,USDC
793,0.7889405570623772,116566.6334490738,428,S3_twin_shock,indonesia,USDC
794,0.7966429592990371,113652.46761284694,428,S3_twin_shock,indonesia,USDC
795,0.7943009249809262,110811.15592252577,428,S3_twin_shock,indonesia,USDC
796,0.77726889582839,108040.87702446262,428,S3_twin_shock,indonesia,USDC
797,0.784132230772975,105339.85509885105,428,S3_twin_shock,indonesia,USDC
798,0.8078270410004655,102706.35872137977,428,S3_twin_shock,indonesia,USDC
799,0.7959149907212019,100138.6997533453,428,S3_twin_shock,indonesia,USDC
800,0.7885240316404444,97635.23225951166,428,S3_twin_shock,indonesia,USDC
801,0.8127863032686168,95194.35145302386,428,S3_twin_shock,indonesia,USDC
802,0.8338094109807084,92814.49266669826,428,S3_twin_shock,indonesia,USDC
803,0.8139931594231471,90494.13035003081,428,S3_twin_shock,indonesia,USDC
804,0.8103754353338128,88231.77709128003,428,S3_twin_shock,indonesia,USDC
805,0.8395640876903196,86025.98266399803,428,S3_twin_shock,indonesia,USDC
806,0.8285136584396027,83875.33309739808,428,S3_twin_shock,indonesia,USDC
807,0.7865668101025042,81778.44976996313,428,S3_twin_shock,indonesia,USDC
808,0.7770175450808295,79733.98852571406,428,S3_twin_shock,indonesia,USDC
809,0.7903313722475781,77740.63881257121,428,S3_twin_shock,indonesia,USDC
810,0.785578466436059,75797.12284225693,428,S3_twin_shock,indonesia,USDC
811,0.7567384205090479,73902.1947712005,428,S3_twin_shock,indonesia,USDC
812,0.7638830022163545,72054.63990192048,428,S3_twin_shock,indonesia,USDC
813,0.7584230200667454,70253.27390437247,428,S3_twin_shock,indonesia,USDC
814,0.7955959056021673,68496.94205676316,428,S3_twin_shock,indonesia,USDC
815,0.7989872121897624,66784.51850534408,428,S3_twin_shock,indonesia,USDC
816,0.8209143310125716,65114.905542710476,428,S3_twin_shock,indonesia,USDC
817,0.8102989584889146,63487.03290414272,428,S3_twin_shock,indonesia,USDC
818,0.8057350360828858,61899.85708153914,428,S3_twin_shock,indonesia,USDC
819,0.8060060541114864,60352.36065450067,428,S3_twin_shock,indonesia,USDC
820,0.785053875241841,58843.55163813815,428,S3_twin_shock,indonesia,USDC
821,0.7721550969198762,57372.4628471847,428,S3_twin_shock,indonesia,USDC
822,0.762100920321426,55938.15127600508,428,S3_twin_shock,indonesia,USDC
823,0.7875970733160537,54539.697494104956,428,S3_twin_shock,indonesia,USDC
824,0.768392561543287,53176.205056752326,428,S3_twin_shock,indonesia,USDC
825,0.7634715753054387,51846.799930333524,428,S3_twin_shock,indonesia,USDC
826,0.751988811312703,50550.62993207518,428,S3_twin_shock,indonesia,USDC
827,0.7468761166565173,49286.8641837733,428,S3_twin_shock,indonesia,USDC
828,0.7609263051370911,48054.69257917897,428,S3_twin_shock,indonesia,USDC
829,0.7666703780895503,46853.325264699495,428,S3_twin_shock,indonesia,USDC
830,0.778780825090425,45681.99213308201,428,S3_twin_shock,indonesia,USDC
831,0.7663752980815106,44539.94232975496,428,S3_twin_shock,indonesia,USDC
832,0.7686073581850136,43426.44377151108,428,S3_twin_shock,indonesia,USDC
833,0.7816016848604816,42340.78267722331,428,S3_twin_shock,indonesia,USDC
834,0.7717053804495405,41282.263110292726,428,S3_twin_shock,indonesia,USDC
835,0.768218205561374,40250.206532535405,428,S3_twin_shock,indonesia,USDC
836,0.7609797288367497,39243.95136922202,428,S3_twin_shock,indonesia,USDC
837,0.7642063244628958,38262.85258499147,428,S3_twin_shock,indonesia,USDC
838,0.7688651903996377,37306.281270366686,428,S3_twin_shock,indonesia,USDC
839,0.7633144445243646,36373.62423860752,428,S3_twin_shock,indonesia,USDC
840,0.7976356615664569,35464.28363264233,428,S3_twin_shock,indonesia,USDC
841,0.799973344023443,34577.67654182627,428,S3_twin_shock,indonesia,USDC
842,0.8041490309310937,33713.23462828061,428,S3_twin_shock,indonesia,USDC
843,0.7739951341470299,32870.403762573595,428,S3_twin_shock,indonesia,USDC
844,0.7844539918166826,32048.643668509256,428,S3_twin_shock,indonesia,USDC
845,0.7706671042012,31247.427576796526,428,S3_twin_shock,indonesia,USDC
846,0.7479245780335675,30466.24188737661,428,S3_twin_shock,indonesia,USDC
847,0.7558881545965322,29704.585840192194,428,S3_twin_shock,indonesia,USDC
848,0.7515324783795286,28961.97119418739,428,S3_twin_shock,indonesia,USDC
849,0.7577458809941684,28237.921914332706,428,S3_twin_shock,indonesia,USDC
850,0.7737577947392755,27531.97386647439,428,S3_twin_shock,indonesia,USDC
851,0.7852032202500406,26843.674519812528,428,S3_twin_shock,indonesia,USDC
852,0.7810067511760964,26172.582656817212,428,S3_twin_shock,indonesia,USDC
853,0.7718187568463309,25518.268090396785,428,S3_twin_shock,indonesia,USDC
854,0.7709177908101452,24880.311388136863,428,S3_twin_shock,indonesia,USDC
855,0.774312129809914,24258.303603433444,428,S3_twin_shock,indonesia,USDC
856,0.7644135752235038,23651.846013347607,428,S3_twin_shock,indonesia,USDC
857,0.7625510199332415,23060.549863013915,428,S3_twin_shock,indonesia,USDC
858,0.7622144868174172,22484.03611643857,428,S3_twin_shock,indonesia,USDC
859,0.7550320559146825,21921.935213527606,428,S3_twin_shock,indonesia,USDC
860,0.7590312097745867,21373.886833189412,428,S3_twin_shock,indonesia,USDC
861,0.732692609006644,20839.539662359675,428,S3_twin_shock,indonesia,USDC
862,0.7431047174276448,20318.55117080068,428,S3_twin_shock,indonesia,USDC
863,0.7322085113702018,19810.58739153067,428,S3_twin_shock,indonesia,USDC
864,0.7201341351449628,19315.3227067424,428,S3_twin_shock,indonesia,USDC
865,0.7087027062832504,18832.43963907384,428,S3_twin_shock,indonesia,USDC
866,0.7307344993256061,18361.628648096994,428,S3_twin_shock,indonesia,USDC
867,0.7537486026444145,17902.58793189457,428,S3_twin_shock,indonesia,USDC
868,0.7717077354532977,17455.023233597207,428,S3_twin_shock,indonesia,USDC
869,0.7824302283265303,17018.647652757278,428,S3_twin_shock,indonesia,USDC
870,0.8099724477098358,16593.181461438344,428,S3_twin_shock,indonesia,USDC
871,0.8030938484457305,16178.351924902388,428,S3_twin_shock,indonesia,USDC
872,0.8375364534732954,15773.893126779829,428,S3_twin_shock,indonesia,USDC
873,0.8229571874859716,15379.545798610332,428,S3_twin_shock,indonesia,USDC
874,0.820437450596625,14995.057153645073,428,S3_twin_shock,indonesia,USDC
875,0.7948773352350175,14620.180724803948,428,S3_twin_shock,indonesia,USDC
876,0.798795364082416,14254.67620668385,428,S3_twin_shock,indonesia,USDC
877,0.8337738279966055,13898.309301516752,428,S3_twin_shock,indonesia,USDC
878,0.85068563373634,13550.851568978833,428,S3_twin_shock,indonesia,USDC
879,0.8514722489270289,13212.080279754362,428,S3_twin_shock,indonesia,USDC
880,0.8362412335480193,12881.7782727605,428,S3_twin_shock,indonesia,USDC
881,0.8346013465649391,12559.73381594149,428,S3_twin_shock,indonesia,USDC
882,0.8001964371864951,12245.740470542954,428,S3_twin_shock,indonesia,USDC
883,0.7873246656178344,11939.596958779379,428,S3_twin_shock,indonesia,USDC
884,0.7999019810686692,11641.107034809895,428,S3_twin_shock,indonesia,USDC
885,0.8086666849304766,11350.079358939647,428,S3_twin_shock,indonesia,USDC
886,0.8205763156207639,11066.327374966155,428,S3_twin_shock,indonesia,USDC
887,0.8036030531993428,10789.669190592002,428,S3_twin_shock,indonesia,USDC
888,0.8278196580451797,10519.927460827203,428,S3_twin_shock,indonesia,USDC
889,0.7992137651267254,10256.929274306522,428,S3_twin_shock,indonesia,USDC
890,0.8118924436029751,10000.506042448858,428,S3_twin_shock,indonesia,USDC
891,0.7716027514998186,9750.493391387638,428,S3_twin_shock,indonesia,USDC
892,0.7813303064349179,9506.731056602945,428,S3_twin_shock,indonesia,USDC
893,0.7920066886563141,9269.062780187873,428,S3_twin_shock,indonesia,USDC
894,0.7976327586093038,9037.336210683176,428,S3_twin_shock,indonesia,USDC
895,0.7967381638044375,8811.402805416095,428,S3_twin_shock,indonesia,USDC
896,0.80829358629167,8591.117735280694,428,S3_twin_shock,indonesia,USDC
897,0.8126006577260653,8376.339791898678,428,S3_twin_shock,indonesia,USDC
898,0.8024067659601432,8166.93129710121,428,S3_twin_shock,indonesia,USDC
899,0.7997156326391557,7962.75801467368,428,S3_twin_shock,indonesia,USDC
900,0.8071871065349214,7763.689064306838,428,S3_twin_shock,indonesia,USDC
901,0.8005519970405508,7569.596837699168,428,S3_twin_shock,indonesia,USDC
902,0.7932739379160768,7380.356916756688,428,S3_twin_shock,indonesia,USDC
903,0.7910215957381584,7195.84799383777,428,S3_twin_shock,indonesia,USDC
904,0.7916026545353585,7015.951793991828,428,S3_twin_shock,indonesia,USDC
905,0.7898413466119809,6840.552999142031,428,S3_twin_shock,indonesia,USDC
906,0.786699083229539,6669.53917416348,428,S3_twin_shock,indonesia,USDC
907,0.6631264513033012,6502.8006948093935,428,S3_twin_shock,indonesia,USDC
908,0.6676114492937611,6340.230677439158,428,S3_twin_shock,indonesia,USDC
909,0.6764462398590606,6181.724910503179,428,S3_twin_shock,indonesia,USDC
910,0.6968646689185938,6027.1817877406,428,S3_twin_shock,indonesia,USDC
911,0.7284022601612541,5876.502243047084,428,S3_twin_shock,indonesia,USDC
912,0.7417702389962243,5729.589686970908,428,S3_twin_shock,indonesia,USDC
913,0.7745833558710127,5586.349944796635,428,S3_twin_shock,indonesia,USDC
914,0.7675830851272485,5446.691196176719,428,S3_twin_shock,indonesia,USDC
915,0.7439625059010293,5310.523916272301,428,S3_twin_shock,indonesia,USDC
916,0.724079712363681,5177.760818365494,428,S3_twin_shock,indonesia,USDC
917,0.7527919410772995,5048.316797906356,428,S3_twin_shock,indonesia,USDC
918,0.7395423233024558,4922.108877958697,428,S3_twin_shock,indonesia,USDC
919,0.7698822576086481,4799.056156009729,428,S3_twin_shock,indonesia,USDC
920,0.7821922994772045,4679.079752109486,428,S3_twin_shock,indonesia,USDC
921,0.7991657432683562,4562.10275830675,428,S3_twin_shock,indonesia,USDC
922,0.779026551851143,4448.050189349081,428,S3_twin_shock,indonesia,USDC
923,0.7749939946633366,4336.848934615354,428,S3_twin_shock,indonesia,USDC
924,0.7751933384605831,4228.42771124997,428,S3_twin_shock,indonesia,USDC
925,0.7991573508081754,4122.71701846872,428,S3_twin_shock,indonesia,USDC
926,0.7913766692846828,4019.649093007002,428,S3_twin_shock,indonesia,USDC
927,0.7855800611215052,3919.1578656818274,428,S3_twin_shock,indonesia,USDC
928,0.7822906042537233,3821.1789190397812,428,S3_twin_shock,indonesia,USDC
929,0.7734847653300863,3725.649446063787,428,S3_twin_shock,indonesia,USDC
930,0.7925340750687246,3632.508209912193,428,S3_twin_shock,indonesia,USDC
931,0.7832002883904314,3541.6955046643875,428,S3_twin_shock,indonesia,USDC
932,0.7796055838716421,3453.1531170477783,428,S3_twin_shock,indonesia,USDC
933,0.7818228173784084,3366.8242891215837,428,S3_twin_shock,indonesia,USDC
934,0.7737030596213972,3282.6536818935447,428,S3_twin_shock,indonesia,USDC
935,0.7914092258895961,3200.5873398462054,428,S3_twin_shock,indonesia,USDC
936,0.7848923676459957,3120.5726563500502,428,S3_twin_shock,indonesia,USDC
937,0.7857604031568595,3042.558339941299,428,S3_twin_shock,indonesia,USDC
938,0.7830290622597345,2966.494381442766,428,S3_twin_shock,indonesia,USDC
939,0.7322084514965502,2892.3320219066973,428,S3_twin_shock,indonesia,USDC
940,0.7400572382748485,2820.02372135903,428,S3_twin_shock,indonesia,USDC
941,0.7510264882594885,2749.523128325054,428,S3_twin_shock,indonesia,USDC
942,0.777528124194633,2680.785050116928,428,S3_twin_shock,indonesia,USDC
943,0.7643688450340588,2613.7654238640043,428,S3_twin_shock,indonesia,USDC
944,0.7624310245223802,2548.421288267404,428,S3_twin_shock,indonesia,USDC
945,0.7281743625071754,2484.710756060719,428,S3_twin_shock,indonesia,USDC
946,0.7449936915876784,2422.5929871592016,428,S3_twin_shock,indonesia,USDC
947,0.7687161738212762,2362.028162480221,428,S3_twin_shock,indonesia,USDC
948,0.7825035497448297,2302.977458418216,428,S3_twin_shock,indonesia,USDC
949,0.7729290081805231,2245.4030219577603,428,S3_twin_shock,indonesia,USDC
950,0.734492341507652,2189.2679464088164,428,S3_twin_shock,indonesia,USDC
951,0.7381815076718561,2134.536247748596,428,S3_twin_shock,indonesia,USDC
952,0.7575810908139896,2081.172841554881,428,S3_twin_shock,indonesia,USDC
953,0.7640552537396215,2029.1435205160087,428,S3_twin_shock,indonesia,USDC
954,0.7550124073423616,1978.4149325031087,428,S3_twin_shock,indonesia,USDC
955,0.7686354632840185,1928.954559190531,428,S3_twin_shock,indonesia,USDC
956,0.766452558576522,1880.7306952107674,428,S3_twin_shock,indonesia,USDC
957,0.7795458552238211,1833.7124278304982,428,S3_twin_shock,indonesia,USDC
958,0.7736643264473732,1787.869617134736,428,S3_twin_shock,indonesia,USDC
959,0.7716982140997098,1743.1728767063676,428,S3_twin_shock,indonesia,USDC
960,0.7757741905190584,1699.5935547887084,428,S3_twin_shock,indonesia,USDC
961,0.7707247154106786,1657.1037159189907,428,S3_twin_shock,indonesia,USDC
962,0.7762934221237994,1615.6761230210159,428,S3_twin_shock,indonesia,USDC
963,0.781105538322364,1575.2842199454903,428,S3_twin_shock,indonesia,USDC
964,0.7894256715964776,1535.9021144468534,428,S3_twin_shock,indonesia,USDC
965,0.7878538842198627,1497.504561585682,428,S3_twin_shock,indonesia,USDC
966,0.8075903110950247,1460.06694754604,428,S3_twin_shock,indonesia,USDC
967,0.7902168101522686,1423.5652738573888,428,S3_twin_shock,indonesia,USDC
968,0.7687483547812529,1387.9761420109542,428,S3_twin_shock,indonesia,USDC
969,0.7545674293618734,1353.2767384606805,428,S3_twin_shock,indonesia,USDC
970,0.765932762739732,1319.4448199991634,428,S3_twin_shock,indonesia,USDC
971,0.7712655807165173,1286.4586994991841,428,S3_twin_shock,indonesia,USDC
972,0.7914511187251599,1254.2972320117046,428,S3_twin_shock,indonesia,USDC
973,0.7943767392410651,1222.939801211412,428,S3_twin_shock,indonesia,USDC
974,0.7926300227127757,1192.366306181127,428,S3_twin_shock,indonesia,USDC
975,0.7898226214147948,1162.5571485265987,428,S3_twin_shock,indonesia,USDC
976,0.7713112530585906,1133.4932198134338,428,S3_twin_shock,indonesia,USDC
977,0.7691843203384702,1105.1558893180977,428,S3_twin_shock,indonesia,USDC
978,0.7592670805660997,1077.5269920851456,428,S3_twin_shock,indonesia,USDC
979,0.7834815268714573,1050.5888172830169,428,S3_twin_shock,indonesia,USDC
980,0.7716787952910384,1024.3240968509413,428,S3_twin_shock,indonesia,USDC
981,0.7614555433365673,998.7159944296677,428,S3_twin_shock,indonesia,USDC
982,0.7789292861414154,973.748094568926,428,S3_twin_shock,indonesia,USDC
983,0.7932498485995557,949.4043922047028,428,S3_twin_shock,indonesia,USDC
984,0.8005359876569387,925.6692823995853,428,S3_twin_shock,indonesia,USDC
985,0.8068659615380244,902.5275503395957,428,S3_twin_shock,indonesia,USDC
986,0.7946254490575959,879.9643615811058,428,S3_twin_shock,indonesia,USDC
987,0.7840468483707934,857.965252541578,428,S3_twin_shock,indonesia,USDC
988,0.7830011708140395,836.5161212280386,428,S3_twin_shock,indonesia,USDC
989,0.8240747079103539,815.6032181973376,428,S3_twin_shock,indonesia,USDC
990,0.7988732123398905,795.2131377424043,428,S3_twin_shock,indonesia,USDC
991,0.7936870311867186,775.3328092988443,428,S3_twin_shock,indonesia,USDC
992,0.7978453338723458,755.9494890663731,428,S3_twin_shock,indonesia,USDC
993,0.7964009448781303,737.0507518397137,428,S3_twin_shock,indonesia,USDC
994,0.7962943731585574,718.6244830437209,428,S3_twin_shock,indonesia,USDC
995,0.811876806115422,700.6588709676279,428,S3_twin_shock,indonesia,USDC
996,0.8097768749388953,683.1423991934372,428,S3_twin_shock,indonesia,USDC
997,0.833039285634552,666.0638392136013,428,S3_twin_shock,indonesia,USDC
998,0.8132769747238608,649.4122432332613,428,S3_twin_shock,indonesia,USDC
999,0.8233898985376418,633.1769371524298,428,S3_twin_shock,indonesia,USDC
1000,0.825242292009861,617.347513723619,428,S3_twin_shock,indonesia,USDC
