Step,price,liquidity,iteration,scenario,region,coin
1,1.0015580066199905,2989332076981.0386,327,S3_twin_shock,indonesia,USDC
2,1.0169674670920883,2989332076981.0386,327,S3_twin_shock,indonesia,USDC
3,1.0548714027281674,2989332076981.0386,327,S3_twin_shock,indonesia,USDC
4,1.0141019686252646,2989332076981.0386,327,S3_twin_shock,indonesia,USDC
5,1.0202722564306401,2989332076981.0386,327,S3_twin_shock,indonesia,USDC
6,1.0195225987930587,2989332076981.0386,327,S3_twin_shock,indonesia,USDC
7,1.0014011431299816,2989332076981.0386,327,S3_twin_shock,indonesia,USDC
8,0.9972597078633196,2989332076981.0386,327,S3_twin_shock,indonesia,USDC
9,0.9981494377566457,2989332076981.0386,327,S3_twin_shock,indonesia,USDC
10,1.000597721072995,2989332076981.0386,327,S3_twin_shock,indonesia,USDC
11,0.989689230004729,2989332076981.0386,327,S3_twin_shock,indonesia,USDC
12,0.9775285098218286,2989332076981.0386,327,S3_twin_shock,indonesia,USDC
13,0.9826571462183109,2989332076981.0386,327,S3_twin_shock,indonesia,USDC
14,0.9460564620496253,2989332076981.0386,327,S3_twin_shock,indonesia,USDC
15,0.9826537585539474,2987851033396.4795,327,S3_twin_shock,indonesia,USDC
16,0.9770339023220925,2987851033396.4795,327,S3_twin_shock,indonesia,USDC
17,0.9944837579514518,2987851033396.4795,327,S3_twin_shock,indonesia,USDC
18,1.0049880307855548,2987851033396.4795,327,S3_twin_shock,indonesia,USDC
19,1.0037630363431211,2987851033396.4795,327,S3_twin_shock,indonesia,USDC
20,1.0040637527135816,2987851033396.4795,327,S3_twin_shock,indonesia,USDC
21,0.9883894508747045,2987851033396.4795,327,S3_twin_shock,indonesia,USDC
22,1.033167534799768,2987851033396.4795,327,S3_twin_shock,indonesia,USDC
23,1.0261435420425942,2987851033396.4795,327,S3_twin_shock,indonesia,USDC
24,1.0159906722307341,2987851033396.4795,327,S3_twin_shock,indonesia,USDC
25,0.990127653094639,2987851033396.4795,327,S3_twin_shock,indonesia,USDC
26,0.998054266946918,2987851033396.4795,327,S3_twin_shock,indonesia,USDC
27,0.9725037038244263,2987851033396.4795,327,S3_twin_shock,indonesia,USDC
28,0.8937392454809047,2987851033396.4795,327,S3_twin_shock,indonesia,USDC
29,0.9227124258247694,2983250311984.1997,327,S3_twin_shock,indonesia,USDC
30,0.9319031282713169,2980621793904.705,327,S3_twin_shock,indonesia,USDC
31,0.9281821489629252,2978642589260.0234,327,S3_twin_shock,indonesia,USDC
32,0.9446760515379387,2976535197272.385,327,S3_twin_shock,indonesia,USDC
33,0.9637074044720009,2975331054887.965,327,S3_twin_shock,indonesia,USDC
34,0.9502728685520947,2975041914217.656,327,S3_twin_shock,indonesia,USDC
35,0.9710274474555111,2974125130474.6987,327,S3_twin_shock,indonesia,USDC
36,0.9881676731672742,2974125130474.6987,327,S3_twin_shock,indonesia,USDC
37,0.946254455495495,2974125130474.6987,327,S3_twin_shock,indonesia,USDC
38,0.9547768626040453,2973056476614.705,327,S3_twin_shock,indonesia,USDC
39,0.9470307663002153,2972405531967.161,327,S3_twin_shock,indonesia,USDC
40,0.9711440034128391,2971413321197.5938,327,S3_twin_shock,indonesia,USDC
41,0.9873360337757429,2971413321197.5938,327,S3_twin_shock,indonesia,USDC
42,1.000755770665823,2971413321197.5938,327,S3_twin_shock,indonesia,USDC
43,0.9921954589019686,2971413321197.5938,327,S3_twin_shock,indonesia,USDC
44,1.0094005080686512,2971413321197.5938,327,S3_twin_shock,indonesia,USDC
45,1.0212586997485764,2971413321197.5938,327,S3_twin_shock,indonesia,USDC
46,1.0318313612184147,2971413321197.5938,327,S3_twin_shock,indonesia,USDC
47,1.0503189594147577,2971413321197.5938,327,S3_twin_shock,indonesia,USDC
48,1.0599302610562014,2971413321197.5938,327,S3_twin_shock,indonesia,USDC
49,1.0226610624351784,2971413321197.5938,327,S3_twin_shock,indonesia,USDC
50,0.9993939594258243,2971413321197.5938,327,S3_twin_shock,indonesia,USDC
51,0.977727615232816,2971413321197.5938,327,S3_twin_shock,indonesia,USDC
52,0.9687029394341841,2971413321197.5938,327,S3_twin_shock,indonesia,USDC
53,0.9626276129327883,2971383498142.1655,327,S3_twin_shock,indonesia,USDC
54,0.9456385967931871,2971085275540.093,327,S3_twin_shock,indonesia,USDC
55,0.9180925995477613,2970068068050.079,327,S3_twin_shock,indonesia,USDC
56,0.9049384945377708,2967888171760.141,327,S3_twin_shock,indonesia,USDC
57,0.9100061093557955,2965329226151.7085,327,S3_twin_shock,indonesia,USDC
58,0.9194516737745618,2963102825088.978,327,S3_twin_shock,indonesia,USDC
59,0.9413787617405739,2961342974787.7026,327,S3_twin_shock,indonesia,USDC
60,0.9353325763891576,2960414232307.384,327,S3_twin_shock,indonesia,USDC
61,0.9188053642441234,2959303368136.8306,327,S3_twin_shock,indonesia,USDC
62,0.9297325014370805,2957786958706.8975,327,S3_twin_shock,indonesia,USDC
63,0.912231993290245,2956661643341.458,327,S3_twin_shock,indonesia,USDC
64,0.8928574540866432,2955034040689.001,327,S3_twin_shock,indonesia,USDC
65,0.9109963777887197,2953017746982.3125,327,S3_twin_shock,indonesia,USDC
66,0.9274669705735669,2951599411608.315,327,S3_twin_shock,indonesia,USDC
67,0.911635054268287,2950676744555.4106,327,S3_twin_shock,indonesia,USDC
68,0.8949595547495325,2949435853834.039,327,S3_twin_shock,indonesia,USDC
69,0.8799305342382592,2947880599848.1987,327,S3_twin_shock,indonesia,USDC
70,0.9176640324985402,2946186234499.7744,327,S3_twin_shock,indonesia,USDC
71,0.9570265520761236,2945276875076.924,327,S3_twin_shock,indonesia,USDC
72,0.9605682682143597,2945073144261.587,327,S3_twin_shock,indonesia,USDC
73,0.9889359533772606,2944920087019.7207,327,S3_twin_shock,indonesia,USDC
74,0.9756832011793969,2944920087019.7207,327,S3_twin_shock,indonesia,USDC
75,0.9725807315409493,2944920087019.7207,327,S3_twin_shock,indonesia,USDC
76,0.961129087486724,2944920087019.7207,327,S3_twin_shock,indonesia,USDC
77,0.9493668653539475,2944795132652.6567,327,S3_twin_shock,indonesia,USDC
78,0.966872272222511,2944489401309.7593,327,S3_twin_shock,indonesia,USDC
79,0.9586841788587023,2944440527099.104,327,S3_twin_shock,indonesia,USDC
80,0.9453678405487203,2944273876167.9243,327,S3_twin_shock,indonesia,USDC
81,0.9603270437271862,2943920098304.341,327,S3_twin_shock,indonesia,USDC
82,0.9696099483591136,2943783972291.2583,327,S3_twin_shock,indonesia,USDC
83,0.9754202082394332,2943780095583.2524,327,S3_twin_shock,indonesia,USDC
84,0.9631542314694312,2943780095583.2524,327,S3_twin_shock,indonesia,USDC
85,0.9542193740607794,2943678128788.3286,327,S3_twin_shock,indonesia,USDC
86,0.9502357934818496,2943455950893.311,327,S3_twin_shock,indonesia,USDC
87,0.9636099280934287,2943180280826.0605,327,S3_twin_shock,indonesia,USDC
88,0.9803497545483757,2943089052972.0947,327,S3_twin_shock,indonesia,USDC
89,0.9888842038183563,2943089052972.0947,327,S3_twin_shock,indonesia,USDC
90,1.007842514258285,2943089052972.0947,327,S3_twin_shock,indonesia,USDC
91,1.0099022737547996,2943089052972.0947,327,S3_twin_shock,indonesia,USDC
92,1.0150192612958826,2943089052972.0947,327,S3_twin_shock,indonesia,USDC
93,1.0213861088788845,2943089052972.0947,327,S3_twin_shock,indonesia,USDC
94,1.0246199746813391,2943089052972.0947,327,S3_twin_shock,indonesia,USDC
95,1.049460300612026,2943089052972.0947,327,S3_twin_shock,indonesia,USDC
96,1.041758557795194,2943089052972.0947,327,S3_twin_shock,indonesia,USDC
97,1.0288846296216783,2943089052972.0947,327,S3_twin_shock,indonesia,USDC
98,1.0359404183262935,2943089052972.0947,327,S3_twin_shock,indonesia,USDC
99,1.0235527205388861,2943089052972.0947,327,S3_twin_shock,indonesia,USDC
100,0.9390317388449564,2943089052972.0947,327,S3_twin_shock,indonesia,USDC
101,0.8074303977906006,2942649847172.925,327,S3_twin_shock,indonesia,USDC
102,0.8240495399028402,2940417821809.6143,327,S3_twin_shock,indonesia,USDC
103,0.8230647911101215,2938783478814.1475,327,S3_twin_shock,indonesia,USDC
104,0.838985960469882,2937409406829.5547,327,S3_twin_shock,indonesia,USDC
105,0.8829707278854684,2936385473389.663,327,S3_twin_shock,indonesia,USDC
106,0.9285710797921019,2935766780790.0776,327,S3_twin_shock,indonesia,USDC
107,0.9694073925552019,2935499863728.1924,327,S3_twin_shock,indonesia,USDC
108,0.9968117450200672,2935497366348.2314,327,S3_twin_shock,indonesia,USDC
109,1.0138509798733562,2935497366348.2314,327,S3_twin_shock,indonesia,USDC
110,1.0461358527596583,2935497366348.2314,327,S3_twin_shock,indonesia,USDC
111,1.0361275221599333,2935497366348.2314,327,S3_twin_shock,indonesia,USDC
112,1.0034284905862754,2935497366348.2314,327,S3_twin_shock,indonesia,USDC
113,0.9854218178540357,2935497366348.2314,327,S3_twin_shock,indonesia,USDC
114,1.0009525744746128,2935497366348.2314,327,S3_twin_shock,indonesia,USDC
115,0.9845262362542676,2935497366348.2314,327,S3_twin_shock,indonesia,USDC
116,0.9769696465660461,2935497366348.2314,327,S3_twin_shock,indonesia,USDC
117,0.9343664451000264,2935497366348.2314,327,S3_twin_shock,indonesia,USDC
118,0.9351106940399183,2935284701871.573,327,S3_twin_shock,indonesia,USDC
119,0.9450640681377106,2935083834660.336,327,S3_twin_shock,indonesia,USDC
120,0.9483409899840811,2934941461927.8804,327,S3_twin_shock,indonesia,USDC
121,0.9446959040239814,2861445805398.623,327,S3_twin_shock,indonesia,USDC
122,0.9176234239830622,2789775320324.2637,327,S3_twin_shock,indonesia,USDC
123,0.8968233391646516,2719756732056.379,327,S3_twin_shock,indonesia,USDC
124,0.8899871888292833,2651416519907.5327,327,S3_twin_shock,indonesia,USDC
125,0.9127881014762221,2584752308832.5386,327,S3_twin_shock,indonesia,USDC
126,0.8861791628414624,2519891222316.9414,327,S3_twin_shock,indonesia,USDC
127,0.8726742724070417,2456574083659.0005,327,S3_twin_shock,indonesia,USDC
128,0.8682360460593664,2394801461727.3716,327,S3_twin_shock,indonesia,USDC
129,0.8474193871906619,2334593318853.314,327,S3_twin_shock,indonesia,USDC
130,0.8032379379350574,2275878312532.874,327,S3_twin_shock,indonesia,USDC
131,0.8292279401256871,2218551228676.291,327,S3_twin_shock,indonesia,USDC
132,0.821858761802392,2162791002257.1562,327,S3_twin_shock,indonesia,USDC
133,0.8118891260232274,2108445785755.002,327,S3_twin_shock,indonesia,USDC
134,0.8028913857749259,2055488941025.649,327,S3_twin_shock,indonesia,USDC
135,0.796242975496322,2003867938832.237,327,S3_twin_shock,indonesia,USDC
136,0.7902031821501657,1953573924753.697,327,S3_twin_shock,indonesia,USDC
137,0.7547424144724729,1904569639865.2837,327,S3_twin_shock,indonesia,USDC
138,0.7482375025141367,1856796150048.6523,327,S3_twin_shock,indonesia,USDC
139,0.7632677200964872,1810246490547.2969,327,S3_twin_shock,indonesia,USDC
140,0.7410968412112744,1764889741752.6528,327,S3_twin_shock,indonesia,USDC
141,0.7601860221725395,1720683146765.057,327,S3_twin_shock,indonesia,USDC
142,0.7588340495714985,1677607532812.4448,327,S3_twin_shock,indonesia,USDC
143,0.7532060517516616,1635617604101.4778,327,S3_twin_shock,indonesia,USDC
144,0.7524950985432628,1594688735393.1172,327,S3_twin_shock,indonesia,USDC
145,0.7639874905986197,1554791843912.9968,327,S3_twin_shock,indonesia,USDC
146,0.7663173917796321,1515898549102.0671,327,S3_twin_shock,indonesia,USDC
147,0.7593634789924585,1477982786728.843,327,S3_twin_shock,indonesia,USDC
148,0.7481534636149583,1441018553296.2927,327,S3_twin_shock,indonesia,USDC
149,0.7654294037101607,1404980927030.191,327,S3_twin_shock,indonesia,USDC
150,0.7566518515219156,1369847709635.433,327,S3_twin_shock,indonesia,USDC
151,0.7687969308066814,1335594465230.5864,327,S3_twin_shock,indonesia,USDC
152,0.7677296035269248,1302199466990.1475,327,S3_twin_shock,indonesia,USDC
153,0.7686005739784106,1269640241997.744,327,S3_twin_shock,indonesia,USDC
154,0.7780484910174867,1237895861347.2383,327,S3_twin_shock,indonesia,USDC
155,0.8044064758504422,1206945943375.2922,327,S3_twin_shock,indonesia,USDC
156,0.7764896413300986,1176770527483.5132,327,S3_twin_shock,indonesia,USDC
157,0.7670834053315556,1147349421988.4282,327,S3_twin_shock,indonesia,USDC
158,0.7698659756789386,1118664169239.6038,327,S3_twin_shock,indonesia,USDC
159,0.8011677550013507,1090696399449.0023,327,S3_twin_shock,indonesia,USDC
160,0.8038414346130645,1063428169707.1545,327,S3_twin_shock,indonesia,USDC
161,0.7998769956527728,1036841838445.9227,327,S3_twin_shock,indonesia,USDC
162,0.821171647839603,1010920253863.7034,327,S3_twin_shock,indonesia,USDC
163,0.7729911611200525,985646837728.4758,327,S3_twin_shock,indonesia,USDC
164,0.7598760199197834,961005223770.367,327,S3_twin_shock,indonesia,USDC
165,0.7839571425784482,936979710914.4783,327,S3_twin_shock,indonesia,USDC
166,0.8172131510398686,913554932494.6903,327,S3_twin_shock,indonesia,USDC
167,0.8018198302127734,890715880929.9861,327,S3_twin_shock,indonesia,USDC
168,0.8157924471690807,868447813099.2307,327,S3_twin_shock,indonesia,USDC
169,0.8184039887096385,846736481907.8779,327,S3_twin_shock,indonesia,USDC
170,0.8379666205413379,825567962031.9475,327,S3_twin_shock,indonesia,USDC
171,0.8373899598595157,804928679824.3433,327,S3_twin_shock,indonesia,USDC
172,0.8232586652442937,784805395100.9279,327,S3_twin_shock,indonesia,USDC
173,0.8278087684968307,765185193397.2482,327,S3_twin_shock,indonesia,USDC
174,0.8119845773120625,746055508235.4058,327,S3_twin_shock,indonesia,USDC
175,0.7908523075140971,727404067678.5237,327,S3_twin_shock,indonesia,USDC
176,0.7980400532350428,709218915385.8262,327,S3_twin_shock,indonesia,USDC
177,0.7827869945745037,691488401746.124,327,S3_twin_shock,indonesia,USDC
178,0.8081733781438852,674201156490.6196,327,S3_twin_shock,indonesia,USDC
179,0.7952562529883381,657346102187.123,327,S3_twin_shock,indonesia,USDC
180,0.7790834871676081,640912426122.6721,327,S3_twin_shock,indonesia,USDC
181,0.7674063689047554,624889594739.3975,327,S3_twin_shock,indonesia,USDC
182,0.7693474812013997,609267336673.0453,327,S3_twin_shock,indonesia,USDC
183,0.7482121609127077,594035638918.5874,327,S3_twin_shock,indonesia,USDC
184,0.7623886245880395,579184735803.6997,327,S3_twin_shock,indonesia,USDC
185,0.7831096844762541,564705108320.0806,327,S3_twin_shock,indonesia,USDC
186,0.8058495125207256,550587474247.4677,327,S3_twin_shock,indonesia,USDC
187,0.7907463974293811,536822782627.5227,327,S3_twin_shock,indonesia,USDC
188,0.801255056549777,523402208637.7467,327,S3_twin_shock,indonesia,USDC
189,0.8020444259910242,510317150226.64087,327,S3_twin_shock,indonesia,USDC
190,0.7981887085880449,497559218811.54004,327,S3_twin_shock,indonesia,USDC
191,0.8034748696097902,485120235921.4568,327,S3_twin_shock,indonesia,USDC
192,0.8296593181534572,472992228093.49524,327,S3_twin_shock,indonesia,USDC
193,0.803137708962883,461167421043.91833,327,S3_twin_shock,indonesia,USDC
194,0.8126609085533661,449638234174.7831,327,S3_twin_shock,indonesia,USDC
195,0.8416980779240747,438397277246.37,327,S3_twin_shock,indonesia,USDC
196,0.8199296609997933,427437344581.4474,327,S3_twin_shock,indonesia,USDC
197,0.8231440271569445,416751410266.85596,327,S3_twin_shock,indonesia,USDC
198,0.8476210688462398,406332624387.3871,327,S3_twin_shock,indonesia,USDC
199,0.83101057277545,396174308364.70264,327,S3_twin_shock,indonesia,USDC
200,0.8256740281000781,386269950214.566,327,S3_twin_shock,indonesia,USDC
201,0.8094192017850846,376613201074.63086,327,S3_twin_shock,indonesia,USDC
202,0.8014984676237277,367197870689.6483,327,S3_twin_shock,indonesia,USDC
203,0.8078609871481369,358017923599.7905,327,S3_twin_shock,indonesia,USDC
204,0.7852319903471432,349067475252.2434,327,S3_twin_shock,indonesia,USDC
205,0.808077394434829,340340788120.6483,327,S3_twin_shock,indonesia,USDC
206,0.6787463681543954,331832268243.5692,327,S3_twin_shock,indonesia,USDC
207,0.6849227924135536,323536461280.2106,327,S3_twin_shock,indonesia,USDC
208,0.6989299875695733,315448049572.63086,327,S3_twin_shock,indonesia,USDC
209,0.7041785432174963,307561848205.66693,327,S3_twin_shock,indonesia,USDC
210,0.727797992838283,299872801910.32965,327,S3_twin_shock,indonesia,USDC
211,0.7470988621505681,292375981806.2638,327,S3_twin_shock,indonesia,USDC
212,0.7428341627112103,285066582221.5213,327,S3_twin_shock,indonesia,USDC
213,0.7300396368423301,277939917634.38055,327,S3_twin_shock,indonesia,USDC
214,0.7424308557797772,270991419666.99817,327,S3_twin_shock,indonesia,USDC
215,0.7352471030112689,264216634155.40155,327,S3_twin_shock,indonesia,USDC
216,0.730530595981833,257611218286.3885,327,S3_twin_shock,indonesia,USDC
217,0.7262125161693557,251170937817.15378,327,S3_twin_shock,indonesia,USDC
218,0.7386866144620843,244891664362.22723,327,S3_twin_shock,indonesia,USDC
219,0.7454883193546972,238769372746.67645,327,S3_twin_shock,indonesia,USDC
220,0.7578582642681082,232800138423.25037,327,S3_twin_shock,indonesia,USDC
221,0.7685487955535906,226980134959.01645,327,S3_twin_shock,indonesia,USDC
222,0.7656370589767442,221305631582.37024,327,S3_twin_shock,indonesia,USDC
223,0.7708028748214654,215772990790.68298,327,S3_twin_shock,indonesia,USDC
224,0.7528030152803388,210378666019.21835,327,S3_twin_shock,indonesia,USDC
225,0.7208686302984636,205119199367.25543,327,S3_twin_shock,indonesia,USDC
226,0.7513737195012997,199991219381.6854,327,S3_twin_shock,indonesia,USDC
227,0.7575994239642347,194991438896.2711,327,S3_twin_shock,indonesia,USDC
228,0.7662769027650135,190116652923.17548,327,S3_twin_shock,indonesia,USDC
229,0.7650760051841105,185363736599.59937,327,S3_twin_shock,indonesia,USDC
230,0.7741642841274323,180729643184.219,327,S3_twin_shock,indonesia,USDC
231,0.7474894844162354,176211402104.31482,327,S3_twin_shock,indonesia,USDC
232,0.7747973852764413,171806117051.42053,327,S3_twin_shock,indonesia,USDC
233,0.767587611839281,167510964124.94827,327,S3_twin_shock,indonesia,USDC
234,0.7726455841581823,163323190021.6613,327,S3_twin_shock,indonesia,USDC
235,0.7546077274017093,159240110270.99316,327,S3_twin_shock,indonesia,USDC
236,0.7782059778929783,155259107514.1119,327,S3_twin_shock,indonesia,USDC
237,0.7764615923704284,151377629826.1811,327,S3_twin_shock,indonesia,USDC
238,0.7786274797904618,147593189080.46326,327,S3_twin_shock,indonesia,USDC
239,0.7729582997939093,143903359353.40326,327,S3_twin_shock,indonesia,USDC
240,0.7573209019114319,140305775369.52673,327,S3_twin_shock,indonesia,USDC
241,0.7746087649564931,136798130985.2526,327,S3_twin_shock,indonesia,USDC
242,0.7829150029885468,133378177710.5947,327,S3_twin_shock,indonesia,USDC
243,0.8023426468437619,130043723267.80939,327,S3_twin_shock,indonesia,USDC
244,0.7904939272721184,126792630186.09961,327,S3_twin_shock,indonesia,USDC
245,0.8036187604599745,123622814431.43388,327,S3_twin_shock,indonesia,USDC
246,0.7969611698031867,120532244070.63797,327,S3_twin_shock,indonesia,USDC
247,0.7891316687602151,117518937968.86331,327,S3_twin_shock,indonesia,USDC
248,0.7879185552716853,114580964519.63425,327,S3_twin_shock,indonesia,USDC
249,0.7992025282062474,111716440406.63744,327,S3_twin_shock,indonesia,USDC
250,0.7969355113463299,108923529396.46672,327,S3_twin_shock,indonesia,USDC
251,0.7919631691088941,106200441161.55096,327,S3_twin_shock,indonesia,USDC
252,0.7900089742810698,103545430132.50882,327,S3_twin_shock,indonesia,USDC
253,0.7980865345553656,100956794379.1934,327,S3_twin_shock,indonesia,USDC
254,0.8059126519332765,98432874519.71141,327,S3_twin_shock,indonesia,USDC
255,0.776580243479499,95972052656.71687,327,S3_twin_shock,indonesia,USDC
256,0.769824304887287,93572751340.29724,327,S3_twin_shock,indonesia,USDC
257,0.7548452282982118,91233432556.78835,327,S3_twin_shock,indonesia,USDC
258,0.7780762483567911,88952596742.86742,327,S3_twin_shock,indonesia,USDC
259,0.7669139410002663,86728781824.29492,327,S3_twin_shock,indonesia,USDC
260,0.7832415700629869,84560562278.68683,327,S3_twin_shock,indonesia,USDC
261,0.7835483644172427,82446548221.71913,327,S3_twin_shock,indonesia,USDC
262,0.7760762609201294,80385384516.17572,327,S3_twin_shock,indonesia,USDC
263,0.7890652463578922,78375749903.27094,327,S3_twin_shock,indonesia,USDC
264,0.7855623023195611,76416356155.68887,327,S3_twin_shock,indonesia,USDC
265,0.6516802435102254,74505947251.79643,327,S3_twin_shock,indonesia,USDC
266,0.6575359973661155,72643298570.50119,327,S3_twin_shock,indonesia,USDC
267,0.579910647248371,70827216106.23845,327,S3_twin_shock,indonesia,USDC
268,0.5943962942926937,69056535703.5823,327,S3_twin_shock,indonesia,USDC
269,0.6333055296296136,67330122310.992645,327,S3_twin_shock,indonesia,USDC
270,0.6541807114885809,65646869253.21776,327,S3_twin_shock,indonesia,USDC
271,0.659732704860099,64005697521.88728,327,S3_twin_shock,indonesia,USDC
272,0.7021043911258223,62405555083.84007,327,S3_twin_shock,indonesia,USDC
273,0.6948683334884372,60845416206.744064,327,S3_twin_shock,indonesia,USDC
274,0.7077030649121077,59324280801.575455,327,S3_twin_shock,indonesia,USDC
275,0.730042002346845,57841173781.53606,327,S3_twin_shock,indonesia,USDC
276,0.7268313275717893,56395144436.99766,327,S3_twin_shock,indonesia,USDC
277,0.7122433716222758,54985265826.072716,327,S3_twin_shock,indonesia,USDC
278,0.7052019736374125,53610634180.4209,327,S3_twin_shock,indonesia,USDC
279,0.7028227956055902,52270368325.91038,327,S3_twin_shock,indonesia,USDC
280,0.6976365944531734,50963609117.76262,327,S3_twin_shock,indonesia,USDC
281,0.7169772453847838,49689518889.81856,327,S3_twin_shock,indonesia,USDC
282,0.7295308403803835,48447280917.57309,327,S3_twin_shock,indonesia,USDC
283,0.7435894767841166,47236098894.63376,327,S3_twin_shock,indonesia,USDC
284,0.7411503782730268,46055196422.26792,327,S3_twin_shock,indonesia,USDC
285,0.7510965616275543,44903816511.71123,327,S3_twin_shock,indonesia,USDC
286,0.7683416357140053,43781221098.91844,327,S3_twin_shock,indonesia,USDC
287,0.7677746854190033,42686690571.44548,327,S3_twin_shock,indonesia,USDC
288,0.7600315932871395,41619523307.15935,327,S3_twin_shock,indonesia,USDC
289,0.7461151549155727,40579035224.48036,327,S3_twin_shock,indonesia,USDC
290,0.7447805071879564,39564559343.86835,327,S3_twin_shock,indonesia,USDC
291,0.7497684542777805,38575445360.271645,327,S3_twin_shock,indonesia,USDC
292,0.7215098715553682,37611059226.264854,327,S3_twin_shock,indonesia,USDC
293,0.7174495186834022,36670782745.60823,327,S3_twin_shock,indonesia,USDC
294,0.7401442463634038,35754013176.968025,327,S3_twin_shock,indonesia,USDC
295,0.7513193291453829,34860162847.54382,327,S3_twin_shock,indonesia,USDC
296,0.7445560219859456,33988658776.355232,327,S3_twin_shock,indonesia,USDC
297,0.7398680780936513,33138942306.94635,327,S3_twin_shock,indonesia,USDC
298,0.7486323707210659,32310468749.27269,327,S3_twin_shock,indonesia,USDC
299,0.7433753831969149,31502707030.54087,327,S3_twin_shock,indonesia,USDC
300,0.7452109267961349,30715139354.77735,327,S3_twin_shock,indonesia,USDC
301,0.7543323107980378,29947260870.907917,327,S3_twin_shock,indonesia,USDC
302,0.7319639564196156,29198579349.13522,327,S3_twin_shock,indonesia,USDC
303,0.7513154625567526,28468614865.40684,327,S3_twin_shock,indonesia,USDC
304,0.7713356158140982,27756899493.771667,327,S3_twin_shock,indonesia,USDC
305,0.7751835371286682,27062977006.42738,327,S3_twin_shock,indonesia,USDC
306,0.7703637317973525,26386402581.266693,327,S3_twin_shock,indonesia,USDC
307,0.7874307259876471,25726742516.735023,327,S3_twin_shock,indonesia,USDC
308,0.7920659518400825,25083573953.81665,327,S3_twin_shock,indonesia,USDC
309,0.7807482443144601,24456484604.971237,327,S3_twin_shock,indonesia,USDC
310,0.8057401788355704,23845072489.846954,327,S3_twin_shock,indonesia,USDC
311,0.7880059352046428,23248945677.60078,327,S3_twin_shock,indonesia,USDC
312,0.7890273070612911,22667722035.66076,327,S3_twin_shock,indonesia,USDC
313,0.8005101832348835,22101028984.76924,327,S3_twin_shock,indonesia,USDC
314,0.7661056167569521,21548503260.15001,327,S3_twin_shock,indonesia,USDC
315,0.7500419470246452,21009790678.646263,327,S3_twin_shock,indonesia,USDC
316,0.738712655700646,20484545911.680103,327,S3_twin_shock,indonesia,USDC
317,0.7339579760114824,19972432263.8881,327,S3_twin_shock,indonesia,USDC
318,0.7620842605454545,19473121457.290897,327,S3_twin_shock,indonesia,USDC
319,0.7688893070749275,18986293420.858627,327,S3_twin_shock,indonesia,USDC
320,0.7748832594824907,18511636085.337162,327,S3_twin_shock,indonesia,USDC
321,0.783922547068882,18048845183.203735,327,S3_twin_shock,indonesia,USDC
322,0.7844449621107238,17597624053.62364,327,S3_twin_shock,indonesia,USDC
323,0.7949308951530125,17157683452.28305,327,S3_twin_shock,indonesia,USDC
324,0.8035867897890259,16728741365.975971,327,S3_twin_shock,indonesia,USDC
325,0.8247990270893537,16310522831.826572,327,S3_twin_shock,indonesia,USDC
326,0.8253290580809516,15902759761.030907,327,S3_twin_shock,indonesia,USDC
327,0.8284228958726335,15505190767.005135,327,S3_twin_shock,indonesia,USDC
328,0.813834185962269,15117560997.830006,327,S3_twin_shock,indonesia,USDC
329,0.8115614801824819,14739621972.884258,327,S3_twin_shock,indonesia,USDC
330,0.7973472471805851,14371131423.56215,327,S3_twin_shock,indonesia,USDC
331,0.8030355009507056,14011853137.973095,327,S3_twin_shock,indonesia,USDC
332,0.7982324309264284,13661556809.523766,327,S3_twin_shock,indonesia,USDC
333,0.794379441726299,13320017889.285673,327,S3_twin_shock,indonesia,USDC
334,0.7961595489911004,12987017442.053532,327,S3_twin_shock,indonesia,USDC
335,0.7835640693014473,12662342006.002193,327,S3_twin_shock,indonesia,USDC
336,0.776542833309038,12345783455.852139,327,S3_twin_shock,indonesia,USDC
337,0.7854334593354719,12037138869.455833,327,S3_twin_shock,indonesia,USDC
338,0.7982657786351443,11736210397.719439,327,S3_twin_shock,indonesia,USDC
339,0.7754543823208002,11442805137.776451,327,S3_twin_shock,indonesia,USDC
340,0.7513202805875665,11156735009.33204,327,S3_twin_shock,indonesia,USDC
341,0.7344630157667457,10877816634.09874,327,S3_twin_shock,indonesia,USDC
342,0.71303925448593,10605871218.246273,327,S3_twin_shock,indonesia,USDC
343,0.7059405572284267,10340724437.790115,327,S3_twin_shock,indonesia,USDC
344,0.6966140124313321,10082206326.845364,327,S3_twin_shock,indonesia,USDC
345,0.7057518814574419,9830151168.674229,327,S3_twin_shock,indonesia,USDC
346,0.7111065820900893,9584397389.457373,327,S3_twin_shock,indonesia,USDC
347,0.7291229791321469,9344787454.72094,327,S3_twin_shock,indonesia,USDC
348,0.7332385767066363,9111167768.352915,327,S3_twin_shock,indonesia,USDC
349,0.7213608558565098,8883388574.144093,327,S3_twin_shock,indonesia,USDC
350,0.7276614128709551,8661303859.790491,327,S3_twin_shock,indonesia,USDC
351,0.7575396138780766,8444771263.295729,327,S3_twin_shock,indonesia,USDC
352,0.7710839903361978,8233651981.713335,327,S3_twin_shock,indonesia,USDC
353,0.752915404547189,8027810682.170502,327,S3_twin_shock,indonesia,USDC
354,0.7442909625159496,7827115415.11624,327,S3_twin_shock,indonesia,USDC
355,0.7469013603411886,7631437529.738333,327,S3_twin_shock,indonesia,USDC
356,0.7578671196091277,7440651591.494875,327,S3_twin_shock,indonesia,USDC
357,0.7547989984619041,7254635301.707504,327,S3_twin_shock,indonesia,USDC
358,0.7069468077381396,7073269419.164816,327,S3_twin_shock,indonesia,USDC
359,0.7123895815609282,6896437683.685694,327,S3_twin_shock,indonesia,USDC
360,0.724066394647347,6724026741.593552,327,S3_twin_shock,indonesia,USDC
361,0.7016737084081871,6555926073.053713,327,S3_twin_shock,indonesia,USDC
362,0.6949851744638991,6392027921.22737,327,S3_twin_shock,indonesia,USDC
363,0.7134893129150414,6232227223.196686,327,S3_twin_shock,indonesia,USDC
364,0.7125286784270379,6076421542.616769,327,S3_twin_shock,indonesia,USDC
365,0.7195792229857082,5924511004.05135,327,S3_twin_shock,indonesia,USDC
366,0.7282939675901201,5776398228.950067,327,S3_twin_shock,indonesia,USDC
367,0.7327066035944269,5631988273.226315,327,S3_twin_shock,indonesia,USDC
368,0.7531376595946337,5491188566.395657,327,S3_twin_shock,indonesia,USDC
369,0.758072197460732,5353908852.235765,327,S3_twin_shock,indonesia,USDC
370,0.746149289559162,5220061130.929871,327,S3_twin_shock,indonesia,USDC
371,0.7324356673626422,5089559602.656624,327,S3_twin_shock,indonesia,USDC
372,0.7311102501095266,4962320612.590208,327,S3_twin_shock,indonesia,USDC
373,0.7454063684762434,4838262597.275453,327,S3_twin_shock,indonesia,USDC
374,0.7588923885550228,4717306032.343567,327,S3_twin_shock,indonesia,USDC
375,0.7919574128534353,4599373381.534977,327,S3_twin_shock,indonesia,USDC
376,0.7906005300246218,4484389046.996603,327,S3_twin_shock,indonesia,USDC
377,0.8108259765512582,4372279320.821688,327,S3_twin_shock,indonesia,USDC
378,0.8084592334490034,4262972337.801146,327,S3_twin_shock,indonesia,USDC
379,0.7939088257360477,4156398029.3561172,327,S3_twin_shock,indonesia,USDC
380,0.8122159976107082,4052488078.6222143,327,S3_twin_shock,indonesia,USDC
381,0.8147642459510744,3951175876.656659,327,S3_twin_shock,indonesia,USDC
382,0.8012876322887637,3852396479.740243,327,S3_twin_shock,indonesia,USDC
383,0.8046021304840835,3756086567.7467365,327,S3_twin_shock,indonesia,USDC
384,0.802986338938154,3662184403.553068,327,S3_twin_shock,indonesia,USDC
385,0.793923763773827,3570629793.464242,327,S3_twin_shock,indonesia,USDC
386,0.7795005341285363,3481364048.627636,327,S3_twin_shock,indonesia,USDC
387,0.7909222231665212,3394329947.4119444,327,S3_twin_shock,indonesia,USDC
388,0.7659460959655973,3309471698.7266455,327,S3_twin_shock,indonesia,USDC
389,0.7596819958766434,3226734906.258479,327,S3_twin_shock,indonesia,USDC
390,0.7651310323230551,3146066533.6020174,327,S3_twin_shock,indonesia,USDC
391,0.7736533025176215,3067414870.2619667,327,S3_twin_shock,indonesia,USDC
392,0.7432685061404672,2990729498.505418,327,S3_twin_shock,indonesia,USDC
393,0.7649490584880363,2915961261.0427823,327,S3_twin_shock,indonesia,USDC
394,0.76642098975303,2843062229.5167127,327,S3_twin_shock,indonesia,USDC
395,0.7824570136062005,2771985673.778795,327,S3_twin_shock,indonesia,USDC
396,0.7740025588915554,2702686031.934325,327,S3_twin_shock,indonesia,USDC
397,0.7515597429328431,2635118881.135967,327,S3_twin_shock,indonesia,USDC
398,0.7671768439509006,2569240909.107568,327,S3_twin_shock,indonesia,USDC
399,0.7579361040480033,2505009886.3798785,327,S3_twin_shock,indonesia,USDC
400,0.7488456908751975,2442384639.2203817,327,S3_twin_shock,indonesia,USDC
401,0.7582363617667275,2381325023.239872,327,S3_twin_shock,indonesia,USDC
402,0.7782991120148298,2321791897.6588755,327,S3_twin_shock,indonesia,USDC
403,0.7595538505627717,2263747100.2174034,327,S3_twin_shock,indonesia,USDC
404,0.7619099998265066,2207153422.7119684,327,S3_twin_shock,indonesia,USDC
405,0.7462960856239044,2151974587.144169,327,S3_twin_shock,indonesia,USDC
406,0.7612635313692062,2098175222.465565,327,S3_twin_shock,indonesia,USDC
407,0.7652022209344731,2045720841.903926,327,S3_twin_shock,indonesia,USDC
408,0.7649170577778479,1994577820.8563275,327,S3_twin_shock,indonesia,USDC
409,0.7689113719318048,1944713375.3349197,327,S3_twin_shock,indonesia,USDC
410,0.8156584944909576,1896095540.9515467,327,S3_twin_shock,indonesia,USDC
411,0.8028329250654421,1848693152.427758,327,S3_twin_shock,indonesia,USDC
412,0.8133962775857948,1802475823.617064,327,S3_twin_shock,indonesia,USDC
413,0.8231830863036071,1757413928.0266373,327,S3_twin_shock,indonesia,USDC
414,0.8150525059638385,1713478579.8259716,327,S3_twin_shock,indonesia,USDC
415,0.7836876435717133,1670641615.3303223,327,S3_twin_shock,indonesia,USDC
416,0.7769436133049694,1628875574.9470644,327,S3_twin_shock,indonesia,USDC
417,0.7739466328034772,1588153685.5733876,327,S3_twin_shock,indonesia,USDC
418,0.8032711442721093,1548449843.434053,327,S3_twin_shock,indonesia,USDC
419,0.7990046652498806,1509738597.3482018,327,S3_twin_shock,indonesia,USDC
420,0.8005725443388811,1471995132.4144967,327,S3_twin_shock,indonesia,USDC
421,0.8176758711437876,1435195254.104134,327,S3_twin_shock,indonesia,USDC
422,0.833323906534702,1399315372.751531,327,S3_twin_shock,indonesia,USDC
423,0.8739940764807014,1364332488.4327426,327,S3_twin_shock,indonesia,USDC
424,0.874418726696733,1330224176.2219238,327,S3_twin_shock,indonesia,USDC
425,0.8706254218932354,1296968571.816376,327,S3_twin_shock,indonesia,USDC
426,0.8682797508011869,1264544357.5209665,327,S3_twin_shock,indonesia,USDC
427,0.8587696796328699,1232930748.5829422,327,S3_twin_shock,indonesia,USDC
428,0.832746741170949,1202107479.8683686,327,S3_twin_shock,indonesia,USDC
429,0.8224612061640122,1172054792.8716595,327,S3_twin_shock,indonesia,USDC
430,0.8054074109530526,1142753423.049868,327,S3_twin_shock,indonesia,USDC
431,0.8019824519631903,1114184587.4736214,327,S3_twin_shock,indonesia,USDC
432,0.827316532496633,1086329972.7867808,327,S3_twin_shock,indonesia,USDC
433,0.8523679907342299,1059171723.4671111,327,S3_twin_shock,indonesia,USDC
434,0.8519795549447154,1032692430.3804333,327,S3_twin_shock,indonesia,USDC
435,0.8304598253522874,1006875119.6209226,327,S3_twin_shock,indonesia,USDC
436,0.8116080723301519,981703241.6303995,327,S3_twin_shock,indonesia,USDC
437,0.8116314845461514,957160660.5896394,327,S3_twin_shock,indonesia,USDC
438,0.8029515156576726,933231644.0748985,327,S3_twin_shock,indonesia,USDC
439,0.8008116156147029,909900852.973026,327,S3_twin_shock,indonesia,USDC
440,0.8155430000894399,887153331.6487002,327,S3_twin_shock,indonesia,USDC
441,0.8349392386214448,864974498.3574829,327,S3_twin_shock,indonesia,USDC
442,0.8582298456887614,843350135.8985457,327,S3_twin_shock,indonesia,USDC
443,0.8336633994875237,822266382.5010822,327,S3_twin_shock,indonesia,USDC
444,0.8222393553060904,801709722.9385551,327,S3_twin_shock,indonesia,USDC
445,0.8283876821656276,781666979.8650912,327,S3_twin_shock,indonesia,USDC
446,0.8512613863192132,762125305.3684639,327,S3_twin_shock,indonesia,USDC
447,0.825704940776656,743072172.7342523,327,S3_twin_shock,indonesia,USDC
448,0.8194711756646655,724495368.4158959,327,S3_twin_shock,indonesia,USDC
449,0.8301999438195092,706382984.2054986,327,S3_twin_shock,indonesia,USDC
450,0.7904196274206248,688723409.6003611,327,S3_twin_shock,indonesia,USDC
451,0.6854520622665192,671505324.360352,327,S3_twin_shock,indonesia,USDC
452,0.6994679206056114,654717691.2513433,327,S3_twin_shock,indonesia,USDC
453,0.7283182613296866,638349748.9700596,327,S3_twin_shock,indonesia,USDC
454,0.7204660612950116,622391005.2458081,327,S3_twin_shock,indonesia,USDC
455,0.7180408489129202,606831230.114663,327,S3_twin_shock,indonesia,USDC
456,0.7227402168235899,591660449.3617964,327,S3_twin_shock,indonesia,USDC
457,0.7525438416317046,576868938.1277515,327,S3_twin_shock,indonesia,USDC
458,0.773892735146491,562447214.6745577,327,S3_twin_shock,indonesia,USDC
459,0.7856736429970984,548386034.3076937,327,S3_twin_shock,indonesia,USDC
460,0.8154213164826628,534676383.45000136,327,S3_twin_shock,indonesia,USDC
461,0.7846439920687021,521309473.8637514,327,S3_twin_shock,indonesia,USDC
462,0.7889568112351649,508276737.0171576,327,S3_twin_shock,indonesia,USDC
463,0.7846064249089154,495569818.5917287,327,S3_twin_shock,indonesia,USDC
464,0.784403443637591,483180573.1269355,327,S3_twin_shock,indonesia,USDC
465,0.8116613901275295,471101058.7987621,327,S3_twin_shock,indonesia,USDC
466,0.8062796203688529,459323532.32879305,327,S3_twin_shock,indonesia,USDC
467,0.8203145387428572,447840444.02057314,327,S3_twin_shock,indonesia,USDC
468,0.8349997693616639,436644432.92005885,327,S3_twin_shock,indonesia,USDC
469,0.816725728020012,425728322.0970574,327,S3_twin_shock,indonesia,USDC
470,0.7804771424774145,415085114.044631,327,S3_twin_shock,indonesia,USDC
471,0.7833735632775396,404707986.1935152,327,S3_twin_shock,indonesia,USDC
472,0.7782854336170025,394590286.53867733,327,S3_twin_shock,indonesia,USDC
473,0.7950748380854785,384725529.3752104,327,S3_twin_shock,indonesia,USDC
474,0.8067985036656367,375107391.1408301,327,S3_twin_shock,indonesia,USDC
475,0.8305653734255928,365729706.36230934,327,S3_twin_shock,indonesia,USDC
476,0.8121019651369576,356586463.7032516,327,S3_twin_shock,indonesia,USDC
477,0.7997216956392446,347671802.1106703,327,S3_twin_shock,indonesia,USDC
478,0.7812667049581941,338980007.0579036,327,S3_twin_shock,indonesia,USDC
479,0.7567371438544377,330505506.881456,327,S3_twin_shock,indonesia,USDC
480,0.6666873687663067,322242869.2094196,327,S3_twin_shock,indonesia,USDC
481,0.680614334798195,314186797.4791841,327,S3_twin_shock,indonesia,USDC
482,0.701120488443782,306332127.5422045,327,S3_twin_shock,indonesia,USDC
483,0.7187083369013841,298673824.3536494,327,S3_twin_shock,indonesia,USDC
484,0.6911224327585458,291206978.74480814,327,S3_twin_shock,indonesia,USDC
485,0.7133407494411852,283926804.27618796,327,S3_twin_shock,indonesia,USDC
486,0.7302234521174723,276828634.1692832,327,S3_twin_shock,indonesia,USDC
487,0.7273402534785155,269907918.3150512,327,S3_twin_shock,indonesia,USDC
488,0.7499050579784375,263160220.35717487,327,S3_twin_shock,indonesia,USDC
489,0.7598704205336728,256581214.8482455,327,S3_twin_shock,indonesia,USDC
490,0.7922162820368339,250166684.47703934,327,S3_twin_shock,indonesia,USDC
491,0.7806619749849434,243912517.36511338,327,S3_twin_shock,indonesia,USDC
492,0.7721620488138181,237814704.43098554,327,S3_twin_shock,indonesia,USDC
493,0.7822444221414676,231869336.8202109,327,S3_twin_shock,indonesia,USDC
494,0.7808670336898488,226072603.39970565,327,S3_twin_shock,indonesia,USDC
495,0.7891303808146471,220420788.31471297,327,S3_twin_shock,indonesia,USDC
496,0.7903776280587845,214910268.60684514,327,S3_twin_shock,indonesia,USDC
497,0.7840462267472786,209537511.891674,327,S3_twin_shock,indonesia,USDC
498,0.8050171149187582,204299074.09438217,327,S3_twin_shock,indonesia,USDC
499,0.7924403029867637,199191597.24202263,327,S3_twin_shock,indonesia,USDC
500,0.7704204818174607,194211807.31097206,327,S3_twin_shock,indonesia,USDC
501,0.7506821927709276,189356512.12819776,327,S3_twin_shock,indonesia,USDC
502,0.7586903270036949,184622599.32499284,327,S3_twin_shock,indonesia,USDC
503,0.7581354814916557,180007034.341868,327,S3_twin_shock,indonesia,USDC
504,0.73949730079325,175506858.4833213,327,S3_twin_shock,indonesia,USDC
505,0.7409686295240349,171119187.02123827,327,S3_twin_shock,indonesia,USDC
506,0.7228596602056796,166841207.34570733,327,S3_twin_shock,indonesia,USDC
507,0.7394246156716312,162670177.16206464,327,S3_twin_shock,indonesia,USDC
508,0.7480579992328076,158603422.73301303,327,S3_twin_shock,indonesia,USDC
509,0.7608576603932476,154638337.1646877,327,S3_twin_shock,indonesia,USDC
510,0.7687731838330049,150772378.7355705,327,S3_twin_shock,indonesia,USDC
511,0.7955360397764547,147003069.26718122,327,S3_twin_shock,indonesia,USDC
512,0.8006996348267733,143327992.5355017,327,S3_twin_shock,indonesia,USDC
513,0.8003263997037352,139744792.72211415,327,S3_twin_shock,indonesia,USDC
514,0.8243432390209338,136251172.90406132,327,S3_twin_shock,indonesia,USDC
515,0.8370934923103188,132844893.58145979,327,S3_twin_shock,indonesia,USDC
516,0.85719991448305,129523771.24192327,327,S3_twin_shock,indonesia,USDC
517,0.8433431927775971,126285676.96087521,327,S3_twin_shock,indonesia,USDC
518,0.8246344576774148,123128535.03685333,327,S3_twin_shock,indonesia,USDC
519,0.7882896345603274,120050321.660932,327,S3_twin_shock,indonesia,USDC
520,0.7774608932451398,117049063.61940868,327,S3_twin_shock,indonesia,USDC
521,0.7675051569153925,114122837.02892347,327,S3_twin_shock,indonesia,USDC
522,0.7751971942357461,111269766.1032004,327,S3_twin_shock,indonesia,USDC
523,0.7795337349859071,108488021.95062038,327,S3_twin_shock,indonesia,USDC
524,0.7755020712297033,105775821.40185489,327,S3_twin_shock,indonesia,USDC
525,0.7658906153414652,103131425.8668085,327,S3_twin_shock,indonesia,USDC
526,0.7653570661318815,100553140.2201383,327,S3_twin_shock,indonesia,USDC
527,0.7530779374348614,98039311.71463484,327,S3_twin_shock,indonesia,USDC
528,0.7929813075432212,95588328.92176896,327,S3_twin_shock,indonesia,USDC
529,0.7983491954133862,93198620.69872475,327,S3_twin_shock,indonesia,USDC
530,0.7887064408795628,90868655.18125662,327,S3_twin_shock,indonesia,USDC
531,0.7997613658403908,88596938.80172521,327,S3_twin_shock,indonesia,USDC
532,0.7981886941887395,86382015.33168206,327,S3_twin_shock,indonesia,USDC
533,0.7772495726191457,84222464.94839,327,S3_twin_shock,indonesia,USDC
534,0.7677405709209744,82116903.32468027,327,S3_twin_shock,indonesia,USDC
535,0.7904311942653878,80063980.74156326,327,S3_twin_shock,indonesia,USDC
536,0.770195514941427,78062381.22302417,327,S3_twin_shock,indonesia,USDC
537,0.779729976364655,76110821.69244857,327,S3_twin_shock,indonesia,USDC
538,0.7781040866693716,74208051.15013736,327,S3_twin_shock,indonesia,USDC
539,0.7865741157465225,72352849.87138392,327,S3_twin_shock,indonesia,USDC
540,0.762157571338202,70544028.62459934,327,S3_twin_shock,indonesia,USDC
541,0.7614180597451756,68780427.90898435,327,S3_twin_shock,indonesia,USDC
542,0.7637992365685219,67060917.21125974,327,S3_twin_shock,indonesia,USDC
543,0.7537121586333229,65384394.28097824,327,S3_twin_shock,indonesia,USDC
544,0.762766533599065,63749784.42395379,327,S3_twin_shock,indonesia,USDC
545,0.7845058429934193,62156039.81335495,327,S3_twin_shock,indonesia,USDC
546,0.8075234886468777,60602138.818021074,327,S3_twin_shock,indonesia,USDC
547,0.7925787767838117,59087085.347570546,327,S3_twin_shock,indonesia,USDC
548,0.7637782620006379,57609908.213881284,327,S3_twin_shock,indonesia,USDC
549,0.770309185347085,56169660.50853425,327,S3_twin_shock,indonesia,USDC
550,0.7874454472470818,54765418.995820895,327,S3_twin_shock,indonesia,USDC
551,0.8007895729580318,53396283.52092537,327,S3_twin_shock,indonesia,USDC
552,0.8255089937566452,52061376.43290223,327,S3_twin_shock,indonesia,USDC
553,0.8307659965022284,50759842.02207968,327,S3_twin_shock,indonesia,USDC
554,0.836345108330475,49490845.97152769,327,S3_twin_shock,indonesia,USDC
555,0.8366466557477263,48253574.822239496,327,S3_twin_shock,indonesia,USDC
556,0.8209038710487812,47047235.45168351,327,S3_twin_shock,indonesia,USDC
557,0.802004165011286,45871054.56539142,327,S3_twin_shock,indonesia,USDC
558,0.7767257090020988,44724278.20125663,327,S3_twin_shock,indonesia,USDC
559,0.7784933457568974,43606171.24622522,327,S3_twin_shock,indonesia,USDC
560,0.7788641893131104,42516016.96506959,327,S3_twin_shock,indonesia,USDC
561,0.7896521911857353,41453116.54094285,327,S3_twin_shock,indonesia,USDC
562,0.785720729286842,40416788.62741928,327,S3_twin_shock,indonesia,USDC
563,0.8165529470995782,39406368.91173379,327,S3_twin_shock,indonesia,USDC
564,0.7962187091809776,38421209.68894045,327,S3_twin_shock,indonesia,USDC
565,0.8017367269426335,37460679.446716934,327,S3_twin_shock,indonesia,USDC
566,0.8114920480709752,36524162.46054901,327,S3_twin_shock,indonesia,USDC
567,0.777099403370964,35611058.39903529,327,S3_twin_shock,indonesia,USDC
568,0.7809961206081418,34720781.9390594,327,S3_twin_shock,indonesia,USDC
569,0.7725085860800132,33852762.39058292,327,S3_twin_shock,indonesia,USDC
570,0.7554328426803623,33006443.330818344,327,S3_twin_shock,indonesia,USDC
571,0.7663224000437457,32181282.247547887,327,S3_twin_shock,indonesia,USDC
572,0.7800449868322077,31376750.191359185,327,S3_twin_shock,indonesia,USDC
573,0.7492312775234901,30592331.436575208,327,S3_twin_shock,indonesia,USDC
574,0.7890412485526204,29827523.150660828,327,S3_twin_shock,indonesia,USDC
575,0.7850701910531744,29081835.071894307,327,S3_twin_shock,indonesia,USDC
576,0.778354460272623,28354789.19509695,327,S3_twin_shock,indonesia,USDC
577,0.7609106267257524,27645919.465219527,327,S3_twin_shock,indonesia,USDC
578,0.7872748635179323,26954771.478589036,327,S3_twin_shock,indonesia,USDC
579,0.7938834040089451,26280902.19162431,327,S3_twin_shock,indonesia,USDC
580,0.8006708479779653,25623879.636833705,327,S3_twin_shock,indonesia,USDC
581,0.8158162982664557,24983282.645912863,327,S3_twin_shock,indonesia,USDC
582,0.8015110754559593,24358700.57976504,327,S3_twin_shock,indonesia,USDC
583,0.8238481530333719,23749733.065270916,327,S3_twin_shock,indonesia,USDC
584,0.8238479374222837,23155989.738639142,327,S3_twin_shock,indonesia,USDC
585,0.8186780171049943,22577089.995173164,327,S3_twin_shock,indonesia,USDC
586,0.8373224078696151,22012662.745293833,327,S3_twin_shock,indonesia,USDC
587,0.8578432109284543,21462346.176661488,327,S3_twin_shock,indonesia,USDC
588,0.8655430564275152,20925787.522244953,327,S3_twin_shock,indonesia,USDC
589,0.8577987440597318,20402642.834188826,327,S3_twin_shock,indonesia,USDC
590,0.8229108377447532,19892576.763334107,327,S3_twin_shock,indonesia,USDC
591,0.8097304454384828,19395262.344250754,327,S3_twin_shock,indonesia,USDC
592,0.8168261089611197,18910380.785644487,327,S3_twin_shock,indonesia,USDC
593,0.8294494046190368,18437621.26600337,327,S3_twin_shock,indonesia,USDC
594,0.8162389024752713,17976680.73435329,327,S3_twin_shock,indonesia,USDC
595,0.8190157629865077,17527263.715994455,327,S3_twin_shock,indonesia,USDC
596,0.8141173120371572,17089082.123094596,327,S3_twin_shock,indonesia,USDC
597,0.8038905326294898,16661855.07001723,327,S3_twin_shock,indonesia,USDC
598,0.7793093263074636,16245308.693266798,327,S3_twin_shock,indonesia,USDC
599,0.7871293042980101,15839175.975935128,327,S3_twin_shock,indonesia,USDC
600,0.7989481068776082,15443196.576536749,327,S3_twin_shock,indonesia,USDC
601,0.7953320293688182,15057116.662123332,327,S3_twin_shock,indonesia,USDC
602,0.8167101555073151,14680688.745570248,327,S3_twin_shock,indonesia,USDC
603,0.8210016825801653,14313671.526930992,327,S3_twin_shock,indonesia,USDC
604,0.8117207156438632,13955829.738757715,327,S3_twin_shock,indonesia,USDC
605,0.8318689842980853,13606933.995288774,327,S3_twin_shock,indonesia,USDC
606,0.8155756332141929,13266760.645406554,327,S3_twin_shock,indonesia,USDC
607,0.8113887555164115,12935091.629271388,327,S3_twin_shock,indonesia,USDC
608,0.8194886627472173,12611714.338539604,327,S3_twin_shock,indonesia,USDC
609,0.8044102671500852,12296421.480076116,327,S3_twin_shock,indonesia,USDC
610,0.8108148468402786,11989010.943074213,327,S3_twin_shock,indonesia,USDC
611,0.8373193604118564,11689285.669497358,327,S3_twin_shock,indonesia,USDC
612,0.8195944758766067,11397053.527759925,327,S3_twin_shock,indonesia,USDC
613,0.8261795881483215,11112127.189565927,327,S3_twin_shock,indonesia,USDC
614,0.8242598071213222,10834324.00982678,327,S3_twin_shock,indonesia,USDC
615,0.8454635841905487,10563465.909581108,327,S3_twin_shock,indonesia,USDC
616,0.8365878797475019,10299379.26184158,327,S3_twin_shock,indonesia,USDC
617,0.8226654511654479,10041894.78029554,327,S3_twin_shock,indonesia,USDC
618,0.805356053347835,9790847.410788152,327,S3_twin_shock,indonesia,USDC
619,0.8092335552186168,9546076.225518448,327,S3_twin_shock,indonesia,USDC
620,0.8372670926183788,9307424.319880486,327,S3_twin_shock,indonesia,USDC
621,0.8377120217190259,9074738.711883474,327,S3_twin_shock,indonesia,USDC
622,0.8346597465044717,8847870.244086388,327,S3_twin_shock,indonesia,USDC
623,0.8056549513226158,8626673.487984229,327,S3_twin_shock,indonesia,USDC
624,0.7828298449415961,8411006.650784623,327,S3_twin_shock,indonesia,USDC
625,0.7917126477090581,8200731.484515007,327,S3_twin_shock,indonesia,USDC
626,0.8083672598099794,7995713.197402131,327,S3_twin_shock,indonesia,USDC
627,0.8123271238441058,7795820.367467078,327,S3_twin_shock,indonesia,USDC
628,0.8125000889762966,7600924.858280401,327,S3_twin_shock,indonesia,USDC
629,0.8001708278366323,7410901.736823391,327,S3_twin_shock,indonesia,USDC
630,0.8153194841432051,7225629.193402806,327,S3_twin_shock,indonesia,USDC
631,0.8355290269382626,7044988.463567736,327,S3_twin_shock,indonesia,USDC
632,0.8342511447459191,6868863.751978543,327,S3_twin_shock,indonesia,USDC
633,0.8485666977110925,6697142.158179078,327,S3_twin_shock,indonesia,USDC
634,0.8170290056891264,6529713.604224602,327,S3_twin_shock,indonesia,USDC
635,0.8315168725888232,6366470.764118987,327,S3_twin_shock,indonesia,USDC
636,0.8249896047710082,6207308.995016012,327,S3_twin_shock,indonesia,USDC
637,0.7084415799271613,6052126.2701406125,327,S3_twin_shock,indonesia,USDC
638,0.7158973486348897,5900823.113387097,327,S3_twin_shock,indonesia,USDC
639,0.7024033379927938,5753302.53555242,327,S3_twin_shock,indonesia,USDC
640,0.705601501037866,5609469.972163608,327,S3_twin_shock,indonesia,USDC
641,0.7113927695549807,5469233.222859519,327,S3_twin_shock,indonesia,USDC
642,0.7148401413447728,5332502.392288031,327,S3_twin_shock,indonesia,USDC
643,0.707246049489477,5199189.83248083,327,S3_twin_shock,indonesia,USDC
644,0.6983046381493752,5069210.08666881,327,S3_twin_shock,indonesia,USDC
645,0.7005943118741388,4942479.83450209,327,S3_twin_shock,indonesia,USDC
646,0.7111439465370514,4818917.838639537,327,S3_twin_shock,indonesia,USDC
647,0.72643552824566,4698444.892673548,327,S3_twin_shock,indonesia,USDC
648,0.7455457318053726,4580983.77035671,327,S3_twin_shock,indonesia,USDC
649,0.7593852086951667,4466459.176097792,327,S3_twin_shock,indonesia,USDC
650,0.7521238576873448,4354797.696695347,327,S3_twin_shock,indonesia,USDC
651,0.7403757296127895,4245927.754277964,327,S3_twin_shock,indonesia,USDC
652,0.7153430954125439,4139779.560421015,327,S3_twin_shock,indonesia,USDC
653,0.7229105070167346,4036285.0714104893,327,S3_twin_shock,indonesia,USDC
654,0.7259497932592729,3935377.9446252277,327,S3_twin_shock,indonesia,USDC
655,0.7267652007573085,3836993.4960095966,327,S3_twin_shock,indonesia,USDC
656,0.707595532545803,3741068.6586093567,327,S3_twin_shock,indonesia,USDC
657,0.7262848850220299,3647541.942144123,327,S3_twin_shock,indonesia,USDC
658,0.707100960651839,3556353.3935905197,327,S3_twin_shock,indonesia,USDC
659,0.7291742755556363,3467444.558750757,327,S3_twin_shock,indonesia,USDC
660,0.721189331888435,3380758.444781988,327,S3_twin_shock,indonesia,USDC
661,0.7107679416246502,3296239.4836624386,327,S3_twin_shock,indonesia,USDC
662,0.721544083621407,3213833.4965708777,327,S3_twin_shock,indonesia,USDC
663,0.7430739161827765,3133487.6591566056,327,S3_twin_shock,indonesia,USDC
664,0.7418513431905582,3055150.4676776906,327,S3_twin_shock,indonesia,USDC
665,0.7397979818112391,2978771.7059857487,327,S3_twin_shock,indonesia,USDC
666,0.7702961187006981,2904302.4133361047,327,S3_twin_shock,indonesia,USDC
667,0.7961793033822477,2831694.8530027024,327,S3_twin_shock,indonesia,USDC
668,0.7976697181215521,2760902.4816776346,327,S3_twin_shock,indonesia,USDC
669,0.7939453465144274,2691879.9196356935,327,S3_twin_shock,indonesia,USDC
670,0.7983168191960477,2624582.9216448013,327,S3_twin_shock,indonesia,USDC
671,0.799904891962588,2558968.348603681,327,S3_twin_shock,indonesia,USDC
672,0.8019042409835957,2494994.1398885893,327,S3_twin_shock,indonesia,USDC
673,0.8134164621428053,2432619.286391374,327,S3_twin_shock,indonesia,USDC
674,0.8315293215830766,2371803.80423159,327,S3_twin_shock,indonesia,USDC
675,0.8399470776747787,2312508.7091258005,327,S3_twin_shock,indonesia,USDC
676,0.8574663660675385,2254695.991397655,327,S3_twin_shock,indonesia,USDC
677,0.867516596400326,2198328.591612714,327,S3_twin_shock,indonesia,USDC
678,0.8841428584783085,2143370.376822396,327,S3_twin_shock,indonesia,USDC
679,0.8580217462612856,2089786.1174018362,327,S3_twin_shock,indonesia,USDC
680,0.866052426755128,2037541.4644667902,327,S3_twin_shock,indonesia,USDC
681,0.8303146846546836,1986602.9278551205,327,S3_twin_shock,indonesia,USDC
682,0.8383087733151323,1936937.8546587424,327,S3_twin_shock,indonesia,USDC
683,0.8211167166429635,1888514.408292274,327,S3_twin_shock,indonesia,USDC
684,0.794158914563014,1841301.5480849673,327,S3_twin_shock,indonesia,USDC
685,0.7833972110558969,1795269.009382843,327,S3_twin_shock,indonesia,USDC
686,0.8062421291485992,1750387.2841482721,327,S3_twin_shock,indonesia,USDC
687,0.7851336175983434,1706627.6020445654,327,S3_twin_shock,indonesia,USDC
688,0.8090112338970794,1663961.911993451,327,S3_twin_shock,indonesia,USDC
689,0.8019004737510178,1622362.8641936148,327,S3_twin_shock,indonesia,USDC
690,0.7881201465387664,1581803.7925887746,327,S3_twin_shock,indonesia,USDC
691,0.7987959854317328,1542258.6977740552,327,S3_twin_shock,indonesia,USDC
692,0.8076326791646138,1503702.2303297038,327,S3_twin_shock,indonesia,USDC
693,0.8053981570996134,1466109.674571461,327,S3_twin_shock,indonesia,USDC
694,0.8014380238606222,1429456.9327071747,327,S3_twin_shock,indonesia,USDC
695,0.782129486952226,1393720.5093894955,327,S3_twin_shock,indonesia,USDC
696,0.7956494463153896,1358877.496654758,327,S3_twin_shock,indonesia,USDC
697,0.8070444728023288,1324905.5592383891,327,S3_twin_shock,indonesia,USDC
698,0.8069586405752674,1291782.9202574291,327,S3_twin_shock,indonesia,USDC
699,0.8032888388743546,1259488.3472509936,327,S3_twin_shock,indonesia,USDC
700,0.8348144263373445,1228001.1385697187,327,S3_twin_shock,indonesia,USDC
701,0.8235727251224799,1197301.1101054759,327,S3_twin_shock,indonesia,USDC
702,0.8359826584256258,1167368.582352839,327,S3_twin_shock,indonesia,USDC
703,0.8216057269790779,1138184.367794018,327,S3_twin_shock,indonesia,USDC
704,0.8184230212792266,1109729.7585991675,327,S3_twin_shock,indonesia,USDC
705,0.8077717383022577,1081986.5146341883,327,S3_twin_shock,indonesia,USDC
706,0.7978882312391515,1054936.8517683335,327,S3_twin_shock,indonesia,USDC
707,0.7855740448501514,1028563.4304741251,327,S3_twin_shock,indonesia,USDC
708,0.7931989352747938,1002849.344712272,327,S3_twin_shock,indonesia,USDC
709,0.8076862606930674,977778.1110944652,327,S3_twin_shock,indonesia,USDC
710,0.8065646881347774,953333.6583171036,327,S3_twin_shock,indonesia,USDC
711,0.8033142429365927,929500.316859176,327,S3_twin_shock,indonesia,USDC
712,0.7985702437277789,906262.8089376966,327,S3_twin_shock,indonesia,USDC
713,0.7970812793140364,883606.2387142541,327,S3_twin_shock,indonesia,USDC
714,0.7978761552736403,861516.0827463979,327,S3_twin_shock,indonesia,USDC
715,0.7963573370073258,839978.180677738,327,S3_twin_shock,indonesia,USDC
716,0.7872642826806567,818978.7261607945,327,S3_twin_shock,indonesia,USDC
717,0.7956065663942343,798504.2580067747,327,S3_twin_shock,indonesia,USDC
718,0.7789348061318488,778541.6515566052,327,S3_twin_shock,indonesia,USDC
719,0.7828472278425561,759078.1102676902,327,S3_twin_shock,indonesia,USDC
720,0.7668716645377882,740101.157510998,327,S3_twin_shock,indonesia,USDC
721,0.7794316225115901,721598.628573223,327,S3_twin_shock,indonesia,USDC
722,0.7906924762851645,703558.6628588923,327,S3_twin_shock,indonesia,USDC
723,0.7972845544455153,685969.6962874201,327,S3_twin_shock,indonesia,USDC
724,0.7722738443626336,668820.4538802345,327,S3_twin_shock,indonesia,USDC
725,0.7675906857619105,652099.9425332287,327,S3_twin_shock,indonesia,USDC
726,0.7557257495660181,635797.4439698979,327,S3_twin_shock,indonesia,USDC
727,0.7415022073176489,619902.5078706505,327,S3_twin_shock,indonesia,USDC
728,0.7508364188255672,604404.9451738843,327,S3_twin_shock,indonesia,USDC
729,0.7340907916519798,589294.8215445372,327,S3_twin_shock,indonesia,USDC
730,0.7290972543878299,574562.4510059237,327,S3_twin_shock,indonesia,USDC
731,0.7462454985812814,560198.3897307756,327,S3_twin_shock,indonesia,USDC
732,0.7537143959962813,546193.4299875062,327,S3_twin_shock,indonesia,USDC
733,0.7409177850239216,532538.5942378186,327,S3_twin_shock,indonesia,USDC
734,0.7493549083187594,519225.12938187306,327,S3_twin_shock,indonesia,USDC
735,0.7589051845839067,506244.50114732626,327,S3_twin_shock,indonesia,USDC
736,0.761021792479619,493588.38861864305,327,S3_twin_shock,indonesia,USDC
737,0.7619543796210572,481248.67890317703,327,S3_twin_shock,indonesia,USDC
738,0.7901596504374467,469217.4619305976,327,S3_twin_shock,indonesia,USDC
739,0.7885759409205035,457487.02538233274,327,S3_twin_shock,indonesia,USDC
740,0.8130772477655773,446049.8497477743,327,S3_twin_shock,indonesia,USDC
741,0.8143992506473603,434898.60350408,327,S3_twin_shock,indonesia,USDC
742,0.8070559031971689,424026.138416478,327,S3_twin_shock,indonesia,USDC
743,0.8203209454087668,413425.48495606607,327,S3_twin_shock,indonesia,USDC
744,0.8219923362504835,403089.8478321644,327,S3_twin_shock,indonesia,USDC
745,0.7773507819219718,393012.6016363603,327,S3_twin_shock,indonesia,USDC
746,0.7651077944921021,383187.2865954513,327,S3_twin_shock,indonesia,USDC
747,0.7608757114957705,373607.60443056497,327,S3_twin_shock,indonesia,USDC
748,0.743274831370952,364267.4143198009,327,S3_twin_shock,indonesia,USDC
749,0.7685115063800303,355160.7289618059,327,S3_twin_shock,indonesia,USDC
750,0.7867623518297272,346281.7107377607,327,S3_twin_shock,indonesia,USDC
751,0.7502926015597201,337624.66796931665,327,S3_twin_shock,indonesia,USDC
752,0.7298267203170108,329184.05127008376,327,S3_twin_shock,indonesia,USDC
753,0.7243495813829757,320954.44998833165,327,S3_twin_shock,indonesia,USDC
754,0.7244887834787846,312930.58873862337,327,S3_twin_shock,indonesia,USDC
755,0.7223724842649827,305107.3240201578,327,S3_twin_shock,indonesia,USDC
756,0.7498589643799466,297479.6409196538,327,S3_twin_shock,indonesia,USDC
757,0.7610354619212465,290042.6498966625,327,S3_twin_shock,indonesia,USDC
758,0.7830594797327652,282791.58364924596,327,S3_twin_shock,indonesia,USDC
759,0.7997502592944691,275721.7940580148,327,S3_twin_shock,indonesia,USDC
760,0.7972074966015752,268828.74920656445,327,S3_twin_shock,indonesia,USDC
761,0.7764581383457995,262108.03047640034,327,S3_twin_shock,indonesia,USDC
762,0.7890488288456261,255555.32971449033,327,S3_twin_shock,indonesia,USDC
763,0.7771725083122443,249166.4464716281,327,S3_twin_shock,indonesia,USDC
764,0.7679036630158005,242937.28530983737,327,S3_twin_shock,indonesia,USDC
765,0.7464995653303119,236863.85317709143,327,S3_twin_shock,indonesia,USDC
766,0.7642746993121391,230942.25684766413,327,S3_twin_shock,indonesia,USDC
767,0.7708168861416591,225168.70042647253,327,S3_twin_shock,indonesia,USDC
768,0.7838849779819967,219539.48291581072,327,S3_twin_shock,indonesia,USDC
769,0.7948878497796723,214050.99584291544,327,S3_twin_shock,indonesia,USDC
770,0.7865751794609319,208699.72094684257,327,S3_twin_shock,indonesia,USDC
771,0.7459908779770966,203482.22792317148,327,S3_twin_shock,indonesia,USDC
772,0.7417752901899137,198395.17222509222,327,S3_twin_shock,indonesia,USDC
773,0.7504379276127534,193435.2929194649,327,S3_twin_shock,indonesia,USDC
774,0.7744530529853321,188599.41059647832,327,S3_twin_shock,indonesia,USDC
775,0.7811863129175657,183884.42533156634,327,S3_twin_shock,indonesia,USDC
776,0.7872815531749836,179287.3146982772,327,S3_twin_shock,indonesia,USDC
777,0.7801764946465519,174805.13183082026,327,S3_twin_shock,indonesia,USDC
778,0.8080082874989581,170435.00353504976,327,S3_twin_shock,indonesia,USDC
779,0.8101607732921217,166174.1284466735,327,S3_twin_shock,indonesia,USDC
780,0.7888694957203306,162019.77523550665,327,S3_twin_shock,indonesia,USDC
781,0.7884939939543277,157969.280854619,327,S3_twin_shock,indonesia,USDC
782,0.7954811161470257,154020.04883325353,327,S3_twin_shock,indonesia,USDC
783,0.8057313092030012,150169.5476124222,327,S3_twin_shock,indonesia,USDC
784,0.8129352016516753,146415.30892211164,327,S3_twin_shock,indonesia,USDC
785,0.8277538859760261,142754.92619905883,327,S3_twin_shock,indonesia,USDC
786,0.8130231773897595,139186.05304408236,327,S3_twin_shock,indonesia,USDC
787,0.8226712941729948,135706.4017179803,327,S3_twin_shock,indonesia,USDC
788,0.8202711947386502,132313.7416750308,327,S3_twin_shock,indonesia,USDC
789,0.8245461820655223,129005.89813315502,327,S3_twin_shock,indonesia,USDC
790,0.8043907871367059,125780.75067982616,327,S3_twin_shock,indonesia,USDC
791,0.7984721261087092,122636.2319128305,327,S3_twin_shock,indonesia,USDC
792,0.8112892775416705,119570.32611500972,327,S3_twin_shock,indonesia,USDC
793,0.7799873459358299,116581.06796213446,327,S3_twin_shock,indonesia,USDC
794,0.7777509807985422,113666.5412630811,327,S3_twin_shock,indonesia,USDC
795,0.7859018573560075,110824.8777315041,327,S3_twin_shock,indonesia,USDC
796,0.7809737483070883,108054.25578821648,327,S3_twin_shock,indonesia,USDC
797,0.7601905016561685,105352.89939351106,327,S3_twin_shock,indonesia,USDC
798,0.7581799976501088,102719.07690867329,327,S3_twin_shock,indonesia,USDC
799,0.7611449641283864,100151.09998595646,327,S3_twin_shock,indonesia,USDC
800,0.7682791182249908,97647.32248630756,327,S3_twin_shock,indonesia,USDC
801,0.7594154608233041,95206.13942414986,327,S3_twin_shock,indonesia,USDC
802,0.7535142789358804,92825.98593854612,327,S3_twin_shock,indonesia,USDC
803,0.7725996726880587,90505.33629008246,327,S3_twin_shock,indonesia,USDC
804,0.7653767883532543,88242.7028828304,327,S3_twin_shock,indonesia,USDC
805,0.7927456732400162,86036.63531075964,327,S3_twin_shock,indonesia,USDC
806,0.7779054466110099,83885.71942799065,327,S3_twin_shock,indonesia,USDC
807,0.7867938212111399,81788.57644229088,327,S3_twin_shock,indonesia,USDC
808,0.8194444791725147,79743.86203123361,327,S3_twin_shock,indonesia,USDC
809,0.8105189784687106,77750.26548045278,327,S3_twin_shock,indonesia,USDC
810,0.8329247148172779,75806.50884344146,327,S3_twin_shock,indonesia,USDC
811,0.8444219266788179,73911.34612235543,327,S3_twin_shock,indonesia,USDC
812,0.8233465901049737,72063.56246929654,327,S3_twin_shock,indonesia,USDC
813,0.8217605187525244,70261.97340756413,327,S3_twin_shock,indonesia,USDC
814,0.8399080976794834,68505.42407237503,327,S3_twin_shock,indonesia,USDC
815,0.8164000320582326,66792.78847056563,327,S3_twin_shock,indonesia,USDC
816,0.8083762028378824,65122.96875880149,327,S3_twin_shock,indonesia,USDC
817,0.7974149461520038,63494.89453983147,327,S3_twin_shock,indonesia,USDC
818,0.7975104540725139,61907.522176335675,327,S3_twin_shock,indonesia,USDC
819,0.7995154879944433,60359.834121927284,327,S3_twin_shock,indonesia,USDC
820,0.7988210166184381,58850.8382688791,327,S3_twin_shock,indonesia,USDC
821,0.7889643917992077,57379.56731215712,327,S3_twin_shock,indonesia,USDC
822,0.7626491774404948,55945.078129353205,327,S3_twin_shock,indonesia,USDC
823,0.7688170023434204,54546.45117611937,327,S3_twin_shock,indonesia,USDC
824,0.7818039886027283,53182.789896716386,327,S3_twin_shock,indonesia,USDC
825,0.7807953523812989,51853.22014929848,327,S3_twin_shock,indonesia,USDC
826,0.8007244761799042,50556.889645566014,327,S3_twin_shock,indonesia,USDC
827,0.8015536202642325,49292.96740442686,327,S3_twin_shock,indonesia,USDC
828,0.7874823250202748,48060.64321931619,327,S3_twin_shock,indonesia,USDC
829,0.7834818185425036,46859.12713883328,327,S3_twin_shock,indonesia,USDC
830,0.7693150865923104,45687.64896036245,327,S3_twin_shock,indonesia,USDC
831,0.7656060771516037,44545.45773635339,327,S3_twin_shock,indonesia,USDC
832,0.7659524481056318,43431.82129294456,327,S3_twin_shock,indonesia,USDC
833,0.7804177900013535,42346.02576062095,327,S3_twin_shock,indonesia,USDC
834,0.7807973067737574,41287.37511660541,327,S3_twin_shock,indonesia,USDC
835,0.7838354225619294,40255.190738690275,327,S3_twin_shock,indonesia,USDC
836,0.809892680918755,39248.81097022302,327,S3_twin_shock,indonesia,USDC
837,0.8226835736690564,38267.59069596745,327,S3_twin_shock,indonesia,USDC
838,0.8285314502209598,37310.90092856826,327,S3_twin_shock,indonesia,USDC
839,0.8272756694863111,36378.12840535405,327,S3_twin_shock,indonesia,USDC
840,0.8068310707924733,35468.6751952202,327,S3_twin_shock,indonesia,USDC
841,0.8232351453085834,34581.958315339696,327,S3_twin_shock,indonesia,USDC
842,0.822933600043298,33717.4093574562,327,S3_twin_shock,indonesia,USDC
843,0.8071416694483708,32874.474123519794,327,S3_twin_shock,indonesia,USDC
844,0.7888121154716854,32052.612270431804,327,S3_twin_shock,indonesia,USDC
845,0.7950544433481086,31251.296963671004,327,S3_twin_shock,indonesia,USDC
846,0.8024644214510156,30470.014539579228,327,S3_twin_shock,indonesia,USDC
847,0.7712841090311644,29708.26417608975,327,S3_twin_shock,indonesia,USDC
848,0.7660773767136871,28965.557571687503,327,S3_twin_shock,indonesia,USDC
849,0.7448708736304739,28241.418632395318,327,S3_twin_shock,indonesia,USDC
850,0.7468621211624098,27535.383166585438,327,S3_twin_shock,indonesia,USDC
851,0.7490325353976821,26846.9985874208,327,S3_twin_shock,indonesia,USDC
852,0.7472914645416142,26175.823622735283,327,S3_twin_shock,indonesia,USDC
853,0.7381719689149723,25521.4280321669,327,S3_twin_shock,indonesia,USDC
854,0.7502711684715946,24883.392331362727,327,S3_twin_shock,indonesia,USDC
855,0.7404356922772359,24261.30752307866,327,S3_twin_shock,indonesia,USDC
856,0.7480875138210413,23654.774835001695,327,S3_twin_shock,indonesia,USDC
857,0.7508598967134269,23063.405464126652,327,S3_twin_shock,indonesia,USDC
858,0.7467256962271891,22486.820327523485,327,S3_twin_shock,indonesia,USDC
859,0.7524201320219217,21924.6498193354,327,S3_twin_shock,indonesia,USDC
860,0.7434762187944726,21376.533573852015,327,S3_twin_shock,indonesia,USDC
861,0.7591606000817194,20842.120234505714,327,S3_twin_shock,indonesia,USDC
862,0.7585034354634077,20321.06722864307,327,S3_twin_shock,indonesia,USDC
863,0.7779471708885733,19813.040547926994,327,S3_twin_shock,indonesia,USDC
864,0.751718133532842,19317.714534228817,327,S3_twin_shock,indonesia,USDC
865,0.7467125421897987,18834.771670873095,327,S3_twin_shock,indonesia,USDC
866,0.7546666647213968,18363.90237910127,327,S3_twin_shock,indonesia,USDC
867,0.7422228341490428,17904.80481962374,327,S3_twin_shock,indonesia,USDC
868,0.7408551188320569,17457.184699133148,327,S3_twin_shock,indonesia,USDC
869,0.7453419672058884,17020.755081654817,327,S3_twin_shock,indonesia,USDC
870,0.727920032651888,16595.236204613448,327,S3_twin_shock,indonesia,USDC
871,0.7373832244480818,16180.355299498111,327,S3_twin_shock,indonesia,USDC
872,0.7273510485372855,15775.846417010658,327,S3_twin_shock,indonesia,USDC
873,0.7250254856020647,15381.45025658539,327,S3_twin_shock,indonesia,USDC
874,0.7247793278175042,14996.914000170758,327,S3_twin_shock,indonesia,USDC
875,0.7279481796862333,14621.991150166488,327,S3_twin_shock,indonesia,USDC
876,0.738837956555863,14256.441371412326,327,S3_twin_shock,indonesia,USDC
877,0.7675231229634595,13900.030337127018,327,S3_twin_shock,indonesia,USDC
878,0.7691928001072619,13552.529578698843,327,S3_twin_shock,indonesia,USDC
879,0.7680546001495282,13213.71633923137,327,S3_twin_shock,indonesia,USDC
880,0.7632194657151562,12883.373430750586,327,S3_twin_shock,indonesia,USDC
881,0.7619435282897417,12561.289094981821,327,S3_twin_shock,indonesia,USDC
882,0.7694071109103205,12247.256867607275,327,S3_twin_shock,indonesia,USDC
883,0.7721557177099064,11941.075445917095,327,S3_twin_shock,indonesia,USDC
884,0.7771633605038956,11642.548559769166,327,S3_twin_shock,indonesia,USDC
885,0.806902958501715,11351.484845774938,327,S3_twin_shock,indonesia,USDC
886,0.8312896253105265,11067.697724630565,327,S3_twin_shock,indonesia,USDC
887,0.856738851752286,10791.005281514801,327,S3_twin_shock,indonesia,USDC
888,0.8529482938699727,10521.23014947693,327,S3_twin_shock,indonesia,USDC
889,0.8538687579826372,10258.199395740008,327,S3_twin_shock,indonesia,USDC
890,0.8419064496074367,10001.744410846508,327,S3_twin_shock,indonesia,USDC
891,0.8366185855227349,9751.700800575345,327,S3_twin_shock,indonesia,USDC
892,0.8047962893605068,9507.908280560961,327,S3_twin_shock,indonesia,USDC
893,0.8127136133733518,9270.210573546938,327,S3_twin_shock,indonesia,USDC
894,0.813158529570053,9038.455309208264,327,S3_twin_shock,indonesia,USDC
895,0.8235164658290609,8812.493926478057,327,S3_twin_shock,indonesia,USDC
896,0.8448822390962956,8592.181578316106,327,S3_twin_shock,indonesia,USDC
897,0.8470312259503303,8377.377038858203,327,S3_twin_shock,indonesia,USDC
898,0.8351640352319816,8167.942612886749,327,S3_twin_shock,indonesia,USDC
899,0.8648318504149897,7963.74404756458,327,S3_twin_shock,indonesia,USDC
900,0.8738349503485271,7764.650446375465,327,S3_twin_shock,indonesia,USDC
901,0.8292139369706268,7570.534185216078,327,S3_twin_shock,indonesia,USDC
902,0.8404210868209241,7381.270830585677,327,S3_twin_shock,indonesia,USDC
903,0.8327046251190001,7196.739059821035,327,S3_twin_shock,indonesia,USDC
904,0.812068404574397,7016.820583325509,327,S3_twin_shock,indonesia,USDC
905,0.8169104884142186,6841.40006874237,327,S3_twin_shock,indonesia,USDC
906,0.8355345584030296,6670.365067023812,327,S3_twin_shock,indonesia,USDC
907,0.8311321866932764,6503.605940348216,327,S3_twin_shock,indonesia,USDC
908,0.8468498258028938,6341.015791839511,327,S3_twin_shock,indonesia,USDC
909,0.8586802343429228,6182.4903970435225,327,S3_twin_shock,indonesia,USDC
910,0.8613081652481251,6027.928137117435,327,S3_twin_shock,indonesia,USDC
911,0.857868487893017,5877.229933689499,327,S3_twin_shock,indonesia,USDC
912,0.877730528442883,5730.299185347261,327,S3_twin_shock,indonesia,USDC
913,0.8839154963929504,5587.04170571358,327,S3_twin_shock,indonesia,USDC
914,0.850485781124667,5447.36566307074,327,S3_twin_shock,indonesia,USDC
915,0.8492739337740168,5311.181521493972,327,S3_twin_shock,indonesia,USDC
916,0.8115571829307741,5178.4019834566225,327,S3_twin_shock,indonesia,USDC
917,0.8066744747727345,5048.941933870206,327,S3_twin_shock,indonesia,USDC
918,0.7980999407680905,4922.718385523452,327,S3_twin_shock,indonesia,USDC
919,0.80872249511783,4799.650425885366,327,S3_twin_shock,indonesia,USDC
920,0.8248418236271355,4679.659165238231,327,S3_twin_shock,indonesia,USDC
921,0.819889516573162,4562.667686107276,327,S3_twin_shock,indonesia,USDC
922,0.8634363982293897,4448.600993954594,327,S3_twin_shock,indonesia,USDC
923,0.8492156365765225,4337.385969105729,327,S3_twin_shock,indonesia,USDC
924,0.8356853541884844,4228.951319878086,327,S3_twin_shock,indonesia,USDC
925,0.8179507678985922,4123.227536881133,327,S3_twin_shock,indonesia,USDC
926,0.7817717837389453,4020.146848459105,327,S3_twin_shock,indonesia,USDC
927,0.7911701115278433,3919.643177247627,327,S3_twin_shock,indonesia,USDC
928,0.7775063262843438,3821.6520978164367,327,S3_twin_shock,indonesia,USDC
929,0.7629336211212492,3726.1107953710257,327,S3_twin_shock,indonesia,USDC
930,0.7637540945247906,3632.9580254867506,327,S3_twin_shock,indonesia,USDC
931,0.7713843587794397,3542.1340748495813,327,S3_twin_shock,indonesia,USDC
932,0.7934512158948681,3453.580722978342,327,S3_twin_shock,indonesia,USDC
933,0.8076609014815251,3367.241204903883,327,S3_twin_shock,indonesia,USDC
934,0.8162878910072005,3283.060174781286,327,S3_twin_shock,indonesia,USDC
935,0.8302231118688141,3200.9836704117542,327,S3_twin_shock,indonesia,USDC
936,0.8370175708626925,3120.9590786514605,327,S3_twin_shock,indonesia,USDC
937,0.8094348431872436,3042.935101685174,327,S3_twin_shock,indonesia,USDC
938,0.7754793397324123,2966.8617241430447,327,S3_twin_shock,indonesia,USDC
939,0.7741202592384197,2892.6901810394684,327,S3_twin_shock,indonesia,USDC
940,0.7936975942835217,2820.3729265134816,327,S3_twin_shock,indonesia,USDC
941,0.7969233451325187,2749.8636033506446,327,S3_twin_shock,indonesia,USDC
942,0.8022550783904859,2681.1170132668785,327,S3_twin_shock,indonesia,USDC
943,0.7908796144615763,2614.089087935207,327,S3_twin_shock,indonesia,USDC
944,0.7932945790915836,2548.736860736827,327,S3_twin_shock,indonesia,USDC
945,0.7927291973189389,2485.018439218406,327,S3_twin_shock,indonesia,USDC
946,0.7708939197066746,2422.892978237946,327,S3_twin_shock,indonesia,USDC
947,0.7436374287079364,2362.3206537819974,327,S3_twin_shock,indonesia,USDC
948,0.7620257915822682,2303.2626374374477,327,S3_twin_shock,indonesia,USDC
949,0.7345215993973832,2245.6810715015113,327,S3_twin_shock,indonesia,USDC
950,0.7644320086743028,2189.5390447139735,327,S3_twin_shock,indonesia,USDC
951,0.7605887342731136,2134.8005685961243,327,S3_twin_shock,indonesia,USDC
952,0.7764087846823625,2081.430554381221,327,S3_twin_shock,indonesia,USDC
953,0.767707996201891,2029.3947905216905,327,S3_twin_shock,indonesia,USDC
954,0.7802412124347159,1978.6599207586482,327,S3_twin_shock,indonesia,USDC
955,0.7852454106401963,1929.193422739682,327,S3_twin_shock,indonesia,USDC
956,0.7916366811690275,1880.96358717119,327,S3_twin_shock,indonesia,USDC
957,0.7860005431167338,1833.9394974919103,327,S3_twin_shock,indonesia,USDC
958,0.8160480856431984,1788.0910100546123,327,S3_twin_shock,indonesia,USDC
959,0.8121405356297962,1743.3887348032472,327,S3_twin_shock,indonesia,USDC
960,0.8159536486438629,1699.804016433166,327,S3_twin_shock,indonesia,USDC
961,0.7996820978595249,1657.3089160223367,327,S3_twin_shock,indonesia,USDC
962,0.804900409762392,1615.8761931217782,327,S3_twin_shock,indonesia,USDC
963,0.7532309426573567,1575.479288293734,327,S3_twin_shock,indonesia,USDC
964,0.772722538962051,1536.0923060863906,327,S3_twin_shock,indonesia,USDC
965,0.7820014514861962,1497.6899984342308,327,S3_twin_shock,indonesia,USDC
966,0.7635026319318846,1460.247748473375,327,S3_twin_shock,indonesia,USDC
967,0.7617324356077323,1423.7415547615408,327,S3_twin_shock,indonesia,USDC
968,0.7583658830514814,1388.1480158925021,327,S3_twin_shock,indonesia,USDC
969,0.7359227111850266,1353.4443154951896,327,S3_twin_shock,indonesia,USDC
970,0.7219628972219145,1319.6082076078098,327,S3_twin_shock,indonesia,USDC
971,0.7129696333204479,1286.6180024176147,327,S3_twin_shock,indonesia,USDC
972,0.6949855633123845,1254.4525523571742,327,S3_twin_shock,indonesia,USDC
973,0.6841617425330493,1223.0912385482447,327,S3_twin_shock,indonesia,USDC
974,0.6714503905381509,1192.5139575845387,327,S3_twin_shock,indonesia,USDC
975,0.6884575505121828,1162.7011086449254,327,S3_twin_shock,indonesia,USDC
976,0.6889774240605994,1133.633580928802,327,S3_twin_shock,indonesia,USDC
977,0.7093081458572791,1105.292741405582,327,S3_twin_shock,indonesia,USDC
978,0.7234811496756084,1077.6604228704427,327,S3_twin_shock,indonesia,USDC
979,0.7146572841148897,1050.7189122986815,327,S3_twin_shock,indonesia,USDC
980,0.7300016303798009,1024.4509394912145,327,S3_twin_shock,indonesia,USDC
981,0.7401123746556253,998.8396660039341,327,S3_twin_shock,indonesia,USDC
982,0.7323906698073419,973.8686743538358,327,S3_twin_shock,indonesia,USDC
983,0.7750532799829408,949.5219574949898,327,S3_twin_shock,indonesia,USDC
984,0.7856703720008152,925.7839085576152,327,S3_twin_shock,indonesia,USDC
985,0.8034993842940538,902.6393108436747,327,S3_twin_shock,indonesia,USDC
986,0.8202710906580503,880.0733280725829,327,S3_twin_shock,indonesia,USDC
987,0.8062553489079228,858.0714948707682,327,S3_twin_shock,indonesia,USDC
988,0.8023994394130957,836.6197074989991,327,S3_twin_shock,indonesia,USDC
989,0.8009480689860738,815.7042148115241,327,S3_twin_shock,indonesia,USDC
990,0.8138099335755811,795.311609441236,327,S3_twin_shock,indonesia,USDC
991,0.8005784498663011,775.4288192052052,327,S3_twin_shock,indonesia,USDC
992,0.7995596595194336,756.043098725075,327,S3_twin_shock,indonesia,USDC
993,0.7918854065187221,737.142021256948,327,S3_twin_shock,indonesia,USDC
994,0.7834719863034232,718.7134707255243,327,S3_twin_shock,indonesia,USDC
995,0.7605493676715477,700.7456339573862,327,S3_twin_shock,indonesia,USDC
996,0.7574430608001989,683.2269931084516,327,S3_twin_shock,indonesia,USDC
997,0.753784167769192,666.1463182807404,327,S3_twin_shock,indonesia,USDC
998,0.7457191088244217,649.4926603237218,327,S3_twin_shock,indonesia,USDC
999,0.7425338738489651,633.2553438156287,327,S3_twin_shock,indonesia,USDC
1000,0.7284615598375117,617.4239602202381,327,S3_twin_shock,indonesia,USDC
