Step,price,liquidity,iteration,scenario,region,coin
1,0.9869689412020622,2989813220506.3193,515,S3_twin_shock,indonesia,USDC
2,0.9874559706940076,2989813220506.3193,515,S3_twin_shock,indonesia,USDC
3,0.9855297692894391,2989813220506.3193,515,S3_twin_shock,indonesia,USDC
4,0.950862854052588,2989813220506.3193,515,S3_twin_shock,indonesia,USDC
5,0.9609058290784657,2988629479519.8813,515,S3_twin_shock,indonesia,USDC
6,0.9992049658486113,2988108410656.4604,515,S3_twin_shock,indonesia,USDC
7,0.9912756412586894,2988108410656.4604,515,S3_twin_shock,indonesia,USDC
8,0.9709382495978705,2988108410656.4604,515,S3_twin_shock,indonesia,USDC
9,0.9893644065390417,2988108410656.4604,515,S3_twin_shock,indonesia,USDC
10,0.9899749695721257,2988108410656.4604,515,S3_twin_shock,indonesia,USDC
11,1.0288874359801425,2988108410656.4604,515,S3_twin_shock,indonesia,USDC
12,1.0118891931443363,2988108410656.4604,515,S3_twin_shock,indonesia,USDC
13,1.0162081047192748,2988108410656.4604,515,S3_twin_shock,indonesia,USDC
14,1.0384668214919144,2988108410656.4604,515,S3_twin_shock,indonesia,USDC
15,1.0226154855270821,2988108410656.4604,515,S3_twin_shock,indonesia,USDC
16,1.0379568346053172,2988108410656.4604,515,S3_twin_shock,indonesia,USDC
17,1.0633966346856973,2988108410656.4604,515,S3_twin_shock,indonesia,USDC
18,1.013165287100594,2988108410656.4604,515,S3_twin_shock,indonesia,USDC
19,1.0169900735285036,2988108410656.4604,515,S3_twin_shock,indonesia,USDC
20,0.9942281289231327,2988108410656.4604,515,S3_twin_shock,indonesia,USDC
21,0.9966405493499126,2988108410656.4604,515,S3_twin_shock,indonesia,USDC
22,0.9865203703935398,2988108410656.4604,515,S3_twin_shock,indonesia,USDC
23,1.004690764073992,2988108410656.4604,515,S3_twin_shock,indonesia,USDC
24,1.0200490797181938,2988108410656.4604,515,S3_twin_shock,indonesia,USDC
25,1.0056272149863899,2988108410656.4604,515,S3_twin_shock,indonesia,USDC
26,1.0244394633933973,2988108410656.4604,515,S3_twin_shock,indonesia,USDC
27,0.8797257302239262,2988108410656.4604,515,S3_twin_shock,indonesia,USDC
28,0.8809418093274881,2982716805742.834,515,S3_twin_shock,indonesia,USDC
29,0.8917418031510402,2977859591741.542,515,S3_twin_shock,indonesia,USDC
30,0.9027201087620433,2974011352195.269,515,S3_twin_shock,indonesia,USDC
31,0.8910573776103131,2970970230587.382,515,S3_twin_shock,indonesia,USDC
32,0.8867589612417562,2967674186734.118,515,S3_twin_shock,indonesia,USDC
33,0.9196466007513273,2964452128698.0264,515,S3_twin_shock,indonesia,USDC
34,0.9427662923232676,2962672475011.891,515,S3_twin_shock,indonesia,USDC
35,0.9586230283217628,2961788953049.1816,515,S3_twin_shock,indonesia,USDC
36,0.9594339583302389,2961413914901.2114,515,S3_twin_shock,indonesia,USDC
37,0.9395898391137663,2961088322537.7793,515,S3_twin_shock,indonesia,USDC
38,0.9504115084511509,2960121821536.6494,515,S3_twin_shock,indonesia,USDC
39,0.9684836911536033,2959544184758.7905,515,S3_twin_shock,indonesia,USDC
40,0.9840558671258242,2959497709166.927,515,S3_twin_shock,indonesia,USDC
41,0.9647051031411793,2959497709166.927,515,S3_twin_shock,indonesia,USDC
42,0.9380345466502843,2959352338880.117,515,S3_twin_shock,indonesia,USDC
43,0.9351832027271871,2958393675614.0083,515,S3_twin_shock,indonesia,USDC
44,0.9663115638016468,2957383269435.045,515,S3_twin_shock,indonesia,USDC
45,0.952082145478744,2957302420725.831,515,S3_twin_shock,indonesia,USDC
46,0.9383631508907259,2956829231067.0854,515,S3_twin_shock,indonesia,USDC
47,0.9481786412153063,2955992872149.19,515,S3_twin_shock,indonesia,USDC
48,0.9453132303386125,2955403928261.193,515,S3_twin_shock,indonesia,USDC
49,0.979664432954114,2954765909088.754,515,S3_twin_shock,indonesia,USDC
50,0.9995193903135249,2954765909088.754,515,S3_twin_shock,indonesia,USDC
51,0.9537642298695403,2954765909088.754,515,S3_twin_shock,indonesia,USDC
52,0.9824621147949482,2954348253299.103,515,S3_twin_shock,indonesia,USDC
53,0.9740151903232589,2954348253299.103,515,S3_twin_shock,indonesia,USDC
54,0.9714722184716525,2954348253299.103,515,S3_twin_shock,indonesia,USDC
55,0.9468085953930923,2954348253299.103,515,S3_twin_shock,indonesia,USDC
56,0.9626011693281764,2953800661150.7744,515,S3_twin_shock,indonesia,USDC
57,0.9686932936122709,2953636030781.8066,515,S3_twin_shock,indonesia,USDC
58,0.9753634850838457,2953627251607.3413,515,S3_twin_shock,indonesia,USDC
59,0.9802650263406767,2953627251607.3413,515,S3_twin_shock,indonesia,USDC
60,0.9802041511924756,2953627251607.3413,515,S3_twin_shock,indonesia,USDC
61,0.9622044217363708,2953627251607.3413,515,S3_twin_shock,indonesia,USDC
62,0.969656859613361,2953445397961.1807,515,S3_twin_shock,indonesia,USDC
63,0.956482297776714,2953437038008.0786,515,S3_twin_shock,indonesia,USDC
64,0.9579048088489185,2953119092446.385,515,S3_twin_shock,indonesia,USDC
65,0.9462997818388131,2952861402977.885,515,S3_twin_shock,indonesia,USDC
66,0.9513041098902741,2952298261789.4365,515,S3_twin_shock,indonesia,USDC
67,0.965542415355719,2951877725431.802,515,S3_twin_shock,indonesia,USDC
68,0.9573759289442841,2951785474657.2407,515,S3_twin_shock,indonesia,USDC
69,0.9685499780365749,2951533847161.608,515,S3_twin_shock,indonesia,USDC
70,0.9565735808498047,2951526951940.712,515,S3_twin_shock,indonesia,USDC
71,0.9697422257179306,2951226397652.513,515,S3_twin_shock,indonesia,USDC
72,0.9928120036931194,2951222608276.738,515,S3_twin_shock,indonesia,USDC
73,1.0159155263944295,2951222608276.738,515,S3_twin_shock,indonesia,USDC
74,0.976804215650049,2951222608276.738,515,S3_twin_shock,indonesia,USDC
75,0.9751142774830679,2951222608276.738,515,S3_twin_shock,indonesia,USDC
76,0.9697981630579695,2951222608276.738,515,S3_twin_shock,indonesia,USDC
77,0.9441424840657496,2951221129051.8306,515,S3_twin_shock,indonesia,USDC
78,0.9351699449991356,2950650453447.3623,515,S3_twin_shock,indonesia,USDC
79,0.933942172579092,2949939381629.3867,515,S3_twin_shock,indonesia,USDC
80,0.9470405523754386,2949210105832.3506,515,S3_twin_shock,indonesia,USDC
81,0.9419559863980018,2948796077505.437,515,S3_twin_shock,indonesia,USDC
82,0.9517712136302222,2948263845006.315,515,S3_twin_shock,indonesia,USDC
83,0.950929907914578,2947944554911.2544,515,S3_twin_shock,indonesia,USDC
84,0.9514040336010798,2947630336955.6045,515,S3_twin_shock,indonesia,USDC
85,0.9331785906317641,2947330880778.51,515,S3_twin_shock,indonesia,USDC
86,0.952407954094024,2946724230080.457,515,S3_twin_shock,indonesia,USDC
87,0.9958492257244148,2946417529815.7725,515,S3_twin_shock,indonesia,USDC
88,1.007385547683114,2946417529815.7725,515,S3_twin_shock,indonesia,USDC
89,0.9979357893923156,2946417529815.7725,515,S3_twin_shock,indonesia,USDC
90,1.0434392565567647,2946417529815.7725,515,S3_twin_shock,indonesia,USDC
91,1.0100853785903963,2946417529815.7725,515,S3_twin_shock,indonesia,USDC
92,0.9839849984937584,2946417529815.7725,515,S3_twin_shock,indonesia,USDC
93,0.9931832904493697,2946417529815.7725,515,S3_twin_shock,indonesia,USDC
94,1.0214378069804801,2946417529815.7725,515,S3_twin_shock,indonesia,USDC
95,1.0331471570815656,2946417529815.7725,515,S3_twin_shock,indonesia,USDC
96,1.0049121735191322,2946417529815.7725,515,S3_twin_shock,indonesia,USDC
97,1.0393204449367464,2946417529815.7725,515,S3_twin_shock,indonesia,USDC
98,1.0724932210194278,2946417529815.7725,515,S3_twin_shock,indonesia,USDC
99,1.0912764152223577,2946417529815.7725,515,S3_twin_shock,indonesia,USDC
100,1.0754370726360698,2946417529815.7725,515,S3_twin_shock,indonesia,USDC
101,0.9252514125731949,2946417529815.7725,515,S3_twin_shock,indonesia,USDC
102,0.8039900720869856,2945651530447.9414,515,S3_twin_shock,indonesia,USDC
103,0.846154681747211,2943047352499.055,515,S3_twin_shock,indonesia,USDC
104,0.8364444667196324,2941427744938.9062,515,S3_twin_shock,indonesia,USDC
105,0.8641725407391666,2939828586171.492,515,S3_twin_shock,indonesia,USDC
106,0.8749464046233983,2938806026771.162,515,S3_twin_shock,indonesia,USDC
107,0.8727300135598605,2937982759317.3467,515,S3_twin_shock,indonesia,USDC
108,0.873679218981501,2937163531555.1084,515,S3_twin_shock,indonesia,USDC
109,0.8775717925392751,2936449458386.12,515,S3_twin_shock,indonesia,USDC
110,0.9032042034020483,2935817112436.107,515,S3_twin_shock,indonesia,USDC
111,0.9270895563362473,2935403674555.5522,515,S3_twin_shock,indonesia,USDC
112,0.9370976223723663,2935163340893.385,515,S3_twin_shock,indonesia,USDC
113,0.924706010497251,2934999212113.3013,515,S3_twin_shock,indonesia,USDC
114,0.9382205402230224,2934763751982.5503,515,S3_twin_shock,indonesia,USDC
115,0.9485417017468799,2934606822217.192,515,S3_twin_shock,indonesia,USDC
116,0.963259323180633,2934509239677.328,515,S3_twin_shock,indonesia,USDC
117,0.9579054210955062,2934482522682.4453,515,S3_twin_shock,indonesia,USDC
118,0.9695802084413143,2934431075643.168,515,S3_twin_shock,indonesia,USDC
119,0.9745039568231473,2934430406991.284,515,S3_twin_shock,indonesia,USDC
120,0.9437529395417178,2934430406991.284,515,S3_twin_shock,indonesia,USDC
121,0.9121159178544321,2860956520968.298,515,S3_twin_shock,indonesia,USDC
122,0.8906908988213131,2789177375048.2197,515,S3_twin_shock,indonesia,USDC
123,0.8808808780754054,2719117807644.372,515,S3_twin_shock,indonesia,USDC
124,0.8693453825539061,2650805913898.3145,515,S3_twin_shock,indonesia,USDC
125,0.8445899226105924,2584199128304.7314,515,S3_twin_shock,indonesia,USDC
126,0.8127246420918686,2519189130010.0205,515,S3_twin_shock,indonesia,USDC
127,0.8108945492022941,2455793471522.811,515,S3_twin_shock,indonesia,USDC
128,0.7777659869716383,2394026908062.4414,515,S3_twin_shock,indonesia,USDC
129,0.7798099564560824,2333791766987.277,515,S3_twin_shock,indonesia,USDC
130,0.7821139408527535,2275141975945.2812,515,S3_twin_shock,indonesia,USDC
131,0.7706411108857276,2218021201415.509,515,S3_twin_shock,indonesia,USDC
132,0.7625527060459631,2162367425097.6863,515,S3_twin_shock,indonesia,USDC
133,0.7383710857343163,2108145919315.7864,515,S3_twin_shock,indonesia,USDC
134,0.7441626247735186,2055294529295.7166,515,S3_twin_shock,indonesia,USDC
135,0.7360925799227924,2003801267172.6587,515,S3_twin_shock,indonesia,USDC
136,0.7304000195520118,1953618837158.6729,515,S3_twin_shock,indonesia,USDC
137,0.7354673495661948,1904707839293.8787,515,S3_twin_shock,indonesia,USDC
138,0.717324880734977,1857035456403.4204,515,S3_twin_shock,indonesia,USDC
139,0.7180705765937331,1810564898116.329,515,S3_twin_shock,indonesia,USDC
140,0.7322758334447416,1765269680853.3203,515,S3_twin_shock,indonesia,USDC
141,0.714689865146624,1721114924973.8604,515,S3_twin_shock,indonesia,USDC
142,0.7285964753873392,1678067913777.309,515,S3_twin_shock,indonesia,USDC
143,0.7498425990239942,1636103126028.5784,515,S3_twin_shock,indonesia,USDC
144,0.7630448355806413,1595191359525.5361,515,S3_twin_shock,indonesia,USDC
145,0.7598917916218445,1555304898574.0273,515,S3_twin_shock,indonesia,USDC
146,0.7622061555853126,1516417043652.2666,515,S3_twin_shock,indonesia,USDC
147,0.7688699959166556,1478502702397.6035,515,S3_twin_shock,indonesia,USDC
148,0.7582523925117602,1441536988152.13,515,S3_twin_shock,indonesia,USDC
149,0.7378864645638211,1405495975152.913,515,S3_twin_shock,indonesia,USDC
150,0.7475930432396817,1370356289939.4534,515,S3_twin_shock,indonesia,USDC
151,0.7864202288584553,1336095706468.5898,515,S3_twin_shock,indonesia,USDC
152,0.774079940588259,1302692242311.4316,515,S3_twin_shock,indonesia,USDC
153,0.77349006375368,1270124022945.2827,515,S3_twin_shock,indonesia,USDC
154,0.7912904481153401,1238370199095.004,515,S3_twin_shock,indonesia,USDC
155,0.7804952021198847,1207410412360.8525,515,S3_twin_shock,indonesia,USDC
156,0.7888688473482481,1177224685757.4893,515,S3_twin_shock,indonesia,USDC
157,0.7535856090883498,1147793690076.6704,515,S3_twin_shock,indonesia,USDC
158,0.7554624980771419,1119098478221.3184,515,S3_twin_shock,indonesia,USDC
159,0.7653773112208971,1091120729998.8767,515,S3_twin_shock,indonesia,USDC
160,0.7899112740726119,1063842498035.4814,515,S3_twin_shock,indonesia,USDC
161,0.7956973273929262,1037246289424.7853,515,S3_twin_shock,indonesia,USDC
162,0.8040499400564143,1011315011268.0144,515,S3_twin_shock,indonesia,USDC
163,0.8106587895456558,986032047122.7983,515,S3_twin_shock,indonesia,USDC
164,0.8097148602882974,961381169864.1558,515,S3_twin_shock,indonesia,USDC
165,0.8149371974245272,937346576658.019,515,S3_twin_shock,indonesia,USDC
166,0.7960409487049442,913912861631.3674,515,S3_twin_shock,indonesia,USDC
167,0.806377049673483,891064991221.5159,515,S3_twin_shock,indonesia,USDC
168,0.8263897781106202,868788330213.5754,515,S3_twin_shock,indonesia,USDC
169,0.7932870392621414,847068594768.1108,515,S3_twin_shock,indonesia,USDC
170,0.8124981451344546,825891851861.9716,515,S3_twin_shock,indonesia,USDC
171,0.8181382213343563,805244535381.7605,515,S3_twin_shock,indonesia,USDC
172,0.8206667389946587,785113404823.428,515,S3_twin_shock,indonesia,USDC
173,0.8353560680417557,765485555106.031,515,S3_twin_shock,indonesia,USDC
174,0.8175821240898077,746348405539.9209,515,S3_twin_shock,indonesia,USDC
175,0.8297118128341835,727689684911.4614,515,S3_twin_shock,indonesia,USDC
176,0.8465528048137121,709497434599.9637,515,S3_twin_shock,indonesia,USDC
177,0.8560024608027151,691759992393.2406,515,S3_twin_shock,indonesia,USDC
178,0.8413483032284701,674465987459.8433,515,S3_twin_shock,indonesia,USDC
179,0.8450200678826213,657604332549.7009,515,S3_twin_shock,indonesia,USDC
180,0.8145413791625733,641164220018.2737,515,S3_twin_shock,indonesia,USDC
181,0.7992500315083184,625135110005.1113,515,S3_twin_shock,indonesia,USDC
182,0.8103722891640351,609506728041.5193,515,S3_twin_shock,indonesia,USDC
183,0.8006254082709219,594269056348.844,515,S3_twin_shock,indonesia,USDC
184,0.7963971607197723,579412326907.567,515,S3_twin_shock,indonesia,USDC
185,0.7931738562590778,564927016259.4069,515,S3_twin_shock,indonesia,USDC
186,0.7854735909393844,550803838712.8787,515,S3_twin_shock,indonesia,USDC
187,0.7721290800814186,537033740827.93896,515,S3_twin_shock,indonesia,USDC
188,0.7815917588400729,523607895707.3173,515,S3_twin_shock,indonesia,USDC
189,0.794309333855133,510517697064.0419,515,S3_twin_shock,indonesia,USDC
190,0.8152293499790522,497754753731.95654,515,S3_twin_shock,indonesia,USDC
191,0.8101088369766613,485310884227.8225,515,S3_twin_shock,indonesia,USDC
192,0.7794606449744391,473178111505.0196,515,S3_twin_shock,indonesia,USDC
193,0.7751430206596467,461348658138.7623,515,S3_twin_shock,indonesia,USDC
194,0.7948884971143774,449814941173.43787,515,S3_twin_shock,indonesia,USDC
195,0.7972583257746021,438569567276.51843,515,S3_twin_shock,indonesia,USDC
196,0.8015978712477504,427605327797.4574,515,S3_twin_shock,indonesia,USDC
197,0.7949616296696436,416915194378.4512,515,S3_twin_shock,indonesia,USDC
198,0.8043131288161389,406492314315.92114,515,S3_twin_shock,indonesia,USDC
199,0.7822277132204684,396330006303.17694,515,S3_twin_shock,indonesia,USDC
200,0.785843908404925,386421756001.63806,515,S3_twin_shock,indonesia,USDC
201,0.7927734133947367,376761211983.89374,515,S3_twin_shock,indonesia,USDC
202,0.7896678400754515,367342181593.50336,515,S3_twin_shock,indonesia,USDC
203,0.7974910829233588,358158626975.6593,515,S3_twin_shock,indonesia,USDC
204,0.8067493722756337,349204661241.1714,515,S3_twin_shock,indonesia,USDC
205,0.8073724979978909,340474544660.77496,515,S3_twin_shock,indonesia,USDC
206,0.8408452784048772,331962681004.11346,515,S3_twin_shock,indonesia,USDC
207,0.8565651947789681,323663613951.7067,515,S3_twin_shock,indonesia,USDC
208,0.8764279871928112,315572023582.9676,515,S3_twin_shock,indonesia,USDC
209,0.8698714908509666,307682722978.786,515,S3_twin_shock,indonesia,USDC
210,0.8853001138205887,299990654890.07776,515,S3_twin_shock,indonesia,USDC
211,0.8568545709785325,292490888506.6999,515,S3_twin_shock,indonesia,USDC
212,0.8607790703752828,285178616280.0875,515,S3_twin_shock,indonesia,USDC
213,0.8696595244083629,278049150861.6771,515,S3_twin_shock,indonesia,USDC
214,0.8585746097853187,271097922080.56787,515,S3_twin_shock,indonesia,USDC
215,0.8805930652067419,264320474018.74884,515,S3_twin_shock,indonesia,USDC
216,0.8540887938535949,257712462161.45642,515,S3_twin_shock,indonesia,USDC
217,0.861452102946913,251269650599.5135,515,S3_twin_shock,indonesia,USDC
218,0.8526748389361793,244987909327.95657,515,S3_twin_shock,indonesia,USDC
219,0.8315121380448596,238863211587.96802,515,S3_twin_shock,indonesia,USDC
220,0.8292655010389297,232891631291.36972,515,S3_twin_shock,indonesia,USDC
221,0.8352948050550997,227069340503.17117,515,S3_twin_shock,indonesia,USDC
222,0.8243051154194913,221392606985.6154,515,S3_twin_shock,indonesia,USDC
223,0.8282745318159206,215857791806.2354,515,S3_twin_shock,indonesia,USDC
224,0.8194674302332379,210461347007.39893,515,S3_twin_shock,indonesia,USDC
225,0.8055242475866903,205199813328.69757,515,S3_twin_shock,indonesia,USDC
226,0.7911676788493969,200069817992.22086,515,S3_twin_shock,indonesia,USDC
227,0.7988038211025034,195068072539.3993,515,S3_twin_shock,indonesia,USDC
228,0.7820255443891353,190191370723.65472,515,S3_twin_shock,indonesia,USDC
229,0.7899140884736228,185436586453.54004,515,S3_twin_shock,indonesia,USDC
230,0.8077508336017367,180800671790.58368,515,S3_twin_shock,indonesia,USDC
231,0.8041018371365529,176280654994.62512,515,S3_twin_shock,indonesia,USDC
232,0.7965728007134028,171873638618.73193,515,S3_twin_shock,indonesia,USDC
233,0.8034099389746355,167576797652.34915,515,S3_twin_shock,indonesia,USDC
234,0.8270216566085743,163387377710.3311,515,S3_twin_shock,indonesia,USDC
235,0.8075725657151342,159302693267.05237,515,S3_twin_shock,indonesia,USDC
236,0.7992008254259239,155320125934.8609,515,S3_twin_shock,indonesia,USDC
237,0.801898816623395,151437122786.04764,515,S3_twin_shock,indonesia,USDC
238,0.8114064529782211,147651194716.03574,515,S3_twin_shock,indonesia,USDC
239,0.8348532223061532,143959914847.85324,515,S3_twin_shock,indonesia,USDC
240,0.8326667084796593,140360916976.46368,515,S3_twin_shock,indonesia,USDC
241,0.8359836277941483,136851894051.87793,515,S3_twin_shock,indonesia,USDC
242,0.8325447756350949,133430596700.43416,515,S3_twin_shock,indonesia,USDC
243,0.840121885593198,130094831782.78683,515,S3_twin_shock,indonesia,USDC
244,0.829359364102267,126842460988.11087,515,S3_twin_shock,indonesia,USDC
245,0.8302546251297761,123671399463.30585,515,S3_twin_shock,indonesia,USDC
246,0.83362582024551,120579614476.63412,515,S3_twin_shock,indonesia,USDC
247,0.8190258562254971,117565124114.64546,515,S3_twin_shock,indonesia,USDC
248,0.8216627040559404,114625996011.71257,515,S3_twin_shock,indonesia,USDC
249,0.8456450820543546,111760346111.36377,515,S3_twin_shock,indonesia,USDC
250,0.8246606885279618,108966337458.53865,515,S3_twin_shock,indonesia,USDC
251,0.8348500729280247,106242179022.03308,515,S3_twin_shock,indonesia,USDC
252,0.850054807853926,103586124546.44812,515,S3_twin_shock,indonesia,USDC
253,0.8565420420154178,100996471432.76076,515,S3_twin_shock,indonesia,USDC
254,0.8074694428337478,98471559646.91951,515,S3_twin_shock,indonesia,USDC
255,0.7976691167802148,96009770655.71956,515,S3_twin_shock,indonesia,USDC
256,0.7978790899350996,93609526389.30206,515,S3_twin_shock,indonesia,USDC
257,0.7777714538850499,91269288229.54971,515,S3_twin_shock,indonesia,USDC
258,0.7683585546012289,88987556023.79222,515,S3_twin_shock,indonesia,USDC
259,0.7652315148880809,86762867123.18184,515,S3_twin_shock,indonesia,USDC
260,0.7843070730722455,84593795445.08963,515,S3_twin_shock,indonesia,USDC
261,0.7781709739709287,82478950558.95291,515,S3_twin_shock,indonesia,USDC
262,0.7533025128592078,80416976794.9716,515,S3_twin_shock,indonesia,USDC
263,0.7775455433222999,78406552375.09045,515,S3_twin_shock,indonesia,USDC
264,0.7859027340095596,76446388565.70816,515,S3_twin_shock,indonesia,USDC
265,0.7963967415920903,74535228851.5616,515,S3_twin_shock,indonesia,USDC
266,0.7991648803376978,72671848130.2696,515,S3_twin_shock,indonesia,USDC
267,0.8093650461062597,70855051927.0104,515,S3_twin_shock,indonesia,USDC
268,0.7952696739318367,69083675628.83325,515,S3_twin_shock,indonesia,USDC
269,0.7832012832401736,67356583738.11069,515,S3_twin_shock,indonesia,USDC
270,0.7745478227411903,65672669144.6564,515,S3_twin_shock,indonesia,USDC
271,0.7723908112263143,64030852416.03871,515,S3_twin_shock,indonesia,USDC
272,0.7658536450685319,62430081105.63678,515,S3_twin_shock,indonesia,USDC
273,0.7542666175124046,60869329077.99501,515,S3_twin_shock,indonesia,USDC
274,0.7593208295756881,59347595851.04444,515,S3_twin_shock,indonesia,USDC
275,0.7805861456043823,57863905954.76778,515,S3_twin_shock,indonesia,USDC
276,0.7715143325067291,56417308305.89821,515,S3_twin_shock,indonesia,USDC
277,0.7657795058194331,55006875598.25043,515,S3_twin_shock,indonesia,USDC
278,0.7900715133820203,53631703708.2939,515,S3_twin_shock,indonesia,USDC
279,0.7851601732013012,52290911115.586365,515,S3_twin_shock,indonesia,USDC
280,0.7914678947282743,50983638337.69655,515,S3_twin_shock,indonesia,USDC
281,0.7950197787400105,49709047379.25401,515,S3_twin_shock,indonesia,USDC
282,0.7979077041056974,48466321194.77256,515,S3_twin_shock,indonesia,USDC
283,0.8035256215936253,47254663164.90317,515,S3_twin_shock,indonesia,USDC
284,0.7745986021037314,46073296585.780525,515,S3_twin_shock,indonesia,USDC
285,0.756993428918398,44921464171.13595,515,S3_twin_shock,indonesia,USDC
286,0.7869458285625718,43798427566.85749,515,S3_twin_shock,indonesia,USDC
287,0.7799534641729646,42703466877.68602,515,S3_twin_shock,indonesia,USDC
288,0.7869864981834049,41635880205.743835,515,S3_twin_shock,indonesia,USDC
289,0.7765397272824174,40594983200.60022,515,S3_twin_shock,indonesia,USDC
290,0.780047537594046,39580108620.58519,515,S3_twin_shock,indonesia,USDC
291,0.8130800552391716,38590605905.07054,515,S3_twin_shock,indonesia,USDC
292,0.8045068369912594,37625840757.44377,515,S3_twin_shock,indonesia,USDC
293,0.7882316024879381,36685194738.50766,515,S3_twin_shock,indonesia,USDC
294,0.787786415290637,35768064870.04496,515,S3_twin_shock,indonesia,USDC
295,0.7516862367806839,34873863248.29383,515,S3_twin_shock,indonesia,USDC
296,0.7571536626498495,34002016667.08648,515,S3_twin_shock,indonesia,USDC
297,0.7453542063571448,33151966250.40931,515,S3_twin_shock,indonesia,USDC
298,0.7292228917496786,32323167094.14907,515,S3_twin_shock,indonesia,USDC
299,0.7147261667415458,31515087916.79534,515,S3_twin_shock,indonesia,USDC
300,0.7346429664465419,30727210718.87545,515,S3_twin_shock,indonesia,USDC
301,0.7441700729286931,29959030450.90357,515,S3_twin_shock,indonesia,USDC
302,0.7395737835931581,29210054689.630978,515,S3_twin_shock,indonesia,USDC
303,0.734950255493849,28479803322.3902,515,S3_twin_shock,indonesia,USDC
304,0.7473061496890101,27767808239.330444,515,S3_twin_shock,indonesia,USDC
305,0.7434992413328085,27073613033.347183,515,S3_twin_shock,indonesia,USDC
306,0.7524445377072733,26396772707.513504,515,S3_twin_shock,indonesia,USDC
307,0.7533084647026266,25736853389.82567,515,S3_twin_shock,indonesia,USDC
308,0.748076048580099,25093432055.080025,515,S3_twin_shock,indonesia,USDC
309,0.7660002541022345,24466096253.703026,515,S3_twin_shock,indonesia,USDC
310,0.7435665668623214,23854443847.360447,515,S3_twin_shock,indonesia,USDC
311,0.7581467007935522,23258082751.176437,515,S3_twin_shock,indonesia,USDC
312,0.7630856897607269,22676630682.397026,515,S3_twin_shock,indonesia,USDC
313,0.7754136109566606,22109714915.3371,515,S3_twin_shock,indonesia,USDC
314,0.7895993540300242,21556972042.453674,515,S3_twin_shock,indonesia,USDC
315,0.8002897731193602,21018047741.39233,515,S3_twin_shock,indonesia,USDC
316,0.8284965547510998,20492596547.85752,515,S3_twin_shock,indonesia,USDC
317,0.8259528983468406,19980281634.161087,515,S3_twin_shock,indonesia,USDC
318,0.8179561016377483,19480774593.30706,515,S3_twin_shock,indonesia,USDC
319,0.8002674119830216,18993755228.47438,515,S3_twin_shock,indonesia,USDC
320,0.7811793424559653,18518911347.762524,515,S3_twin_shock,indonesia,USDC
321,0.7862812824653522,18055938564.06846,515,S3_twin_shock,indonesia,USDC
322,0.7969541818862791,17604540099.966747,515,S3_twin_shock,indonesia,USDC
323,0.7815855378282092,17164426597.467579,515,S3_twin_shock,indonesia,USDC
324,0.7956314879440152,16735315932.530888,515,S3_twin_shock,indonesia,USDC
325,0.8182429814398661,16316933034.217619,515,S3_twin_shock,indonesia,USDC
326,0.7836785232589906,15909009708.362177,515,S3_twin_shock,indonesia,USDC
327,0.7731545497798552,15511284465.653124,515,S3_twin_shock,indonesia,USDC
328,0.7728576214346713,15123502354.011795,515,S3_twin_shock,indonesia,USDC
329,0.7816466036963103,14745414795.1615,515,S3_twin_shock,indonesia,USDC
330,0.8056652681234047,14376779425.282463,515,S3_twin_shock,indonesia,USDC
331,0.80340954211442,14017359939.650402,515,S3_twin_shock,indonesia,USDC
332,0.807310583468028,13666925941.159142,515,S3_twin_shock,indonesia,USDC
333,0.8299844320645474,13325252792.630165,515,S3_twin_shock,indonesia,USDC
334,0.854571748863378,12992121472.814411,515,S3_twin_shock,indonesia,USDC
335,0.8174325321072888,12667318435.99405,515,S3_twin_shock,indonesia,USDC
336,0.8154256548432552,12350635475.094198,515,S3_twin_shock,indonesia,USDC
337,0.8138704485314533,12041869588.216843,515,S3_twin_shock,indonesia,USDC
338,0.812822029703712,11740822848.511421,515,S3_twin_shock,indonesia,USDC
339,0.8085104608145545,11447302277.298635,515,S3_twin_shock,indonesia,USDC
340,0.8109654830912479,11161119720.366169,515,S3_twin_shock,indonesia,USDC
341,0.7961958612579312,10882091727.357016,515,S3_twin_shock,indonesia,USDC
342,0.7989938558456815,10610039434.173088,515,S3_twin_shock,indonesia,USDC
343,0.8106246833389523,10344788448.318762,515,S3_twin_shock,indonesia,USDC
344,0.8217292113411485,10086168737.110794,515,S3_twin_shock,indonesia,USDC
345,0.799937307471838,9834014518.683023,515,S3_twin_shock,indonesia,USDC
346,0.8036573566226293,9588164155.715948,515,S3_twin_shock,indonesia,USDC
347,0.804928578711281,9348460051.82305,515,S3_twin_shock,indonesia,USDC
348,0.7965069948780602,9114748550.527473,515,S3_twin_shock,indonesia,USDC
349,0.8074444678498623,8886879836.764286,515,S3_twin_shock,indonesia,USDC
350,0.7861087211174028,8664707840.845179,515,S3_twin_shock,indonesia,USDC
351,0.7875499519243224,8448090144.82405,515,S3_twin_shock,indonesia,USDC
352,0.7962406189601076,8236887891.203448,515,S3_twin_shock,indonesia,USDC
353,0.7997766281777952,8030965693.923363,515,S3_twin_shock,indonesia,USDC
354,0.7953438631992797,7830191551.575279,515,S3_twin_shock,indonesia,USDC
355,0.7841114615314688,7634436762.785897,515,S3_twin_shock,indonesia,USDC
356,0.7787846165730932,7443575843.716249,515,S3_twin_shock,indonesia,USDC
357,0.7661376848072362,7257486447.623343,515,S3_twin_shock,indonesia,USDC
358,0.7808993573661169,7076049286.43276,515,S3_twin_shock,indonesia,USDC
359,0.8035153448859784,6899148054.27194,515,S3_twin_shock,indonesia,USDC
360,0.7730969431772189,6726669352.915142,515,S3_twin_shock,indonesia,USDC
361,0.7814730465152069,6558502619.092262,515,S3_twin_shock,indonesia,USDC
362,0.7635053234920894,6394540053.614957,515,S3_twin_shock,indonesia,USDC
363,0.7616342631322272,6234676552.274583,515,S3_twin_shock,indonesia,USDC
364,0.7970671649679072,6078809638.467718,515,S3_twin_shock,indonesia,USDC
365,0.7902599342593616,5926839397.506025,515,S3_twin_shock,indonesia,USDC
366,0.7854711465364993,5778668412.568375,515,S3_twin_shock,indonesia,USDC
367,0.8028879165548299,5634201702.254166,515,S3_twin_shock,indonesia,USDC
368,0.8038625964964198,5493346659.697811,515,S3_twin_shock,indonesia,USDC
369,0.8211802501984131,5356012993.205365,515,S3_twin_shock,indonesia,USDC
370,0.8218863253061477,5222112668.375231,515,S3_twin_shock,indonesia,USDC
371,0.8113235140729028,5091559851.665851,515,S3_twin_shock,indonesia,USDC
372,0.8105344444890159,4964270855.374205,515,S3_twin_shock,indonesia,USDC
373,0.8002887234644689,4840164083.989849,515,S3_twin_shock,indonesia,USDC
374,0.7801609505252377,4719159981.890103,515,S3_twin_shock,indonesia,USDC
375,0.7871142795244577,4601180982.342851,515,S3_twin_shock,indonesia,USDC
376,0.7800017950519283,4486151457.784279,515,S3_twin_shock,indonesia,USDC
377,0.7912068933230323,4373997671.339672,515,S3_twin_shock,indonesia,USDC
378,0.7864400017344283,4264647729.55618,515,S3_twin_shock,indonesia,USDC
379,0.7833349156417977,4158031536.317276,515,S3_twin_shock,indonesia,USDC
380,0.7902186567916791,4054080747.909344,515,S3_twin_shock,indonesia,USDC
381,0.7929282486907213,3952728729.2116103,515,S3_twin_shock,indonesia,USDC
382,0.8000458291655907,3853910510.9813204,515,S3_twin_shock,indonesia,USDC
383,0.804369009318289,3757562748.206787,515,S3_twin_shock,indonesia,USDC
384,0.801732145682142,3663623679.501618,515,S3_twin_shock,indonesia,USDC
385,0.7795290492662132,3572033087.514077,515,S3_twin_shock,indonesia,USDC
386,0.7830448395777608,3482732260.3262253,515,S3_twin_shock,indonesia,USDC
387,0.7806652374671396,3395663953.8180695,515,S3_twin_shock,indonesia,USDC
388,0.799193055572141,3310772354.9726176,515,S3_twin_shock,indonesia,USDC
389,0.7808797017716207,3228003046.0983024,515,S3_twin_shock,indonesia,USDC
390,0.7349650555238832,3147302969.9458447,515,S3_twin_shock,indonesia,USDC
391,0.7410056713742477,3068620395.697199,515,S3_twin_shock,indonesia,USDC
392,0.7448396180314785,2991904885.8047686,515,S3_twin_shock,indonesia,USDC
393,0.7448957920276235,2917107263.65965,515,S3_twin_shock,indonesia,USDC
394,0.7373151484690741,2844179582.068158,515,S3_twin_shock,indonesia,USDC
395,0.7481532318408823,2773075092.516454,515,S3_twin_shock,indonesia,USDC
396,0.6510965257283778,2703748215.2035427,515,S3_twin_shock,indonesia,USDC
397,0.6188257209368757,2636154509.823454,515,S3_twin_shock,indonesia,USDC
398,0.6397638364206387,2570250647.077868,515,S3_twin_shock,indonesia,USDC
399,0.6572494893851331,2505994380.900921,515,S3_twin_shock,indonesia,USDC
400,0.6651010875608822,2443344521.378398,515,S3_twin_shock,indonesia,USDC
401,0.6828187570142022,2382260908.3439384,515,S3_twin_shock,indonesia,USDC
402,0.7059547747123218,2322704385.6353397,515,S3_twin_shock,indonesia,USDC
403,0.7191835635462482,2264636775.9944563,515,S3_twin_shock,indonesia,USDC
404,0.712436237366622,2208020856.594595,515,S3_twin_shock,indonesia,USDC
405,0.7184750561935822,2152820335.1797304,515,S3_twin_shock,indonesia,USDC
406,0.7626145642616198,2098999826.800237,515,S3_twin_shock,indonesia,USDC
407,0.7771406393563348,2046524831.1302311,515,S3_twin_shock,indonesia,USDC
408,0.7849918414244079,1995361710.3519752,515,S3_twin_shock,indonesia,USDC
409,0.7780434931738336,1945477667.593176,515,S3_twin_shock,indonesia,USDC
410,0.7793849824199477,1896840725.9033465,515,S3_twin_shock,indonesia,USDC
411,0.7843461016982045,1849419707.7557628,515,S3_twin_shock,indonesia,USDC
412,0.7831213587186214,1803184215.061869,515,S3_twin_shock,indonesia,USDC
413,0.7681689327485914,1758104609.6853218,515,S3_twin_shock,indonesia,USDC
414,0.7768386414377023,1714151994.4431891,515,S3_twin_shock,indonesia,USDC
415,0.7919909184533546,1671298194.5821092,515,S3_twin_shock,indonesia,USDC
416,0.7721759981281503,1629515739.7175565,515,S3_twin_shock,indonesia,USDC
417,0.7657947489277918,1588777846.2246177,515,S3_twin_shock,indonesia,USDC
418,0.7473748139789982,1549058400.0690022,515,S3_twin_shock,indonesia,USDC
419,0.7611678518912051,1510331940.067277,515,S3_twin_shock,indonesia,USDC
420,0.7656660601480435,1472573641.5655951,515,S3_twin_shock,indonesia,USDC
421,0.7508776880563166,1435759300.5264554,515,S3_twin_shock,indonesia,USDC
422,0.7786132104486831,1399865318.013294,515,S3_twin_shock,indonesia,USDC
423,0.78125875179722,1364868685.0629616,515,S3_twin_shock,indonesia,USDC
424,0.7736181613254696,1330746967.9363875,515,S3_twin_shock,indonesia,USDC
425,0.7747587684402637,1297478293.7379777,515,S3_twin_shock,indonesia,USDC
426,0.7432099766436436,1265041336.3945284,515,S3_twin_shock,indonesia,USDC
427,0.7234486929926511,1233415302.9846652,515,S3_twin_shock,indonesia,USDC
428,0.704444206763181,1202579920.4100485,515,S3_twin_shock,indonesia,USDC
429,0.7181383661850499,1172515422.3997972,515,S3_twin_shock,indonesia,USDC
430,0.7361986063499028,1143202536.8398023,515,S3_twin_shock,indonesia,USDC
431,0.7335937817950003,1114622473.4188075,515,S3_twin_shock,indonesia,USDC
432,0.7492392644857488,1086756911.5833373,515,S3_twin_shock,indonesia,USDC
433,0.751938118030391,1059587988.7937536,515,S3_twin_shock,indonesia,USDC
434,0.7462823130969883,1033098289.0739099,515,S3_twin_shock,indonesia,USDC
435,0.7436768677022677,1007270831.847062,515,S3_twin_shock,indonesia,USDC
436,0.7294332779017182,982089061.0508854,515,S3_twin_shock,indonesia,USDC
437,0.754997806216132,957536834.5246134,515,S3_twin_shock,indonesia,USDC
438,0.7568118416101643,933598413.6614981,515,S3_twin_shock,indonesia,USDC
439,0.7590765697925888,910258453.3199606,515,S3_twin_shock,indonesia,USDC
440,0.7519034862698178,887501991.9869616,515,S3_twin_shock,indonesia,USDC
441,0.7502182080405825,865314442.1872876,515,S3_twin_shock,indonesia,USDC
442,0.7648338150863107,843681581.1326056,515,S3_twin_shock,indonesia,USDC
443,0.7759112034404684,822589541.6042902,515,S3_twin_shock,indonesia,USDC
444,0.6734126466221892,802024803.064183,515,S3_twin_shock,indonesia,USDC
445,0.6656138762982545,781974182.9875784,515,S3_twin_shock,indonesia,USDC
446,0.6736942682763649,762424828.412889,515,S3_twin_shock,indonesia,USDC
447,0.5982987148102931,743364207.7025667,515,S3_twin_shock,indonesia,USDC
448,0.5998652857406696,724780102.5100026,515,S3_twin_shock,indonesia,USDC
449,0.6347700600551528,706660599.9472525,515,S3_twin_shock,indonesia,USDC
450,0.6597281162863596,688994084.9485712,515,S3_twin_shock,indonesia,USDC
451,0.6724820953875679,671769232.8248569,515,S3_twin_shock,indonesia,USDC
452,0.6885423288150365,654975002.0042355,515,S3_twin_shock,indonesia,USDC
453,0.7069531381276594,638600626.9541297,515,S3_twin_shock,indonesia,USDC
454,0.7097459918105404,622635611.2802764,515,S3_twin_shock,indonesia,USDC
455,0.7226091141553062,607069720.9982696,515,S3_twin_shock,indonesia,USDC
456,0.7304757070000323,591892977.9733127,515,S3_twin_shock,indonesia,USDC
457,0.7478237183632586,577095653.5239799,515,S3_twin_shock,indonesia,USDC
458,0.7493695189739948,562668262.1858804,515,S3_twin_shock,indonesia,USDC
459,0.7505010220638886,548601555.6312335,515,S3_twin_shock,indonesia,USDC
460,0.7437291826702523,534886516.74045265,515,S3_twin_shock,indonesia,USDC
461,0.765470299822732,521514353.8219413,515,S3_twin_shock,indonesia,USDC
462,0.7700424834547435,508476494.97639275,515,S3_twin_shock,indonesia,USDC
463,0.7780162836640697,495764582.60198295,515,S3_twin_shock,indonesia,USDC
464,0.7753419495177714,483370468.0369334,515,S3_twin_shock,indonesia,USDC
465,0.7705300109705442,471286206.33601004,515,S3_twin_shock,indonesia,USDC
466,0.7654801997882662,459504051.1776098,515,S3_twin_shock,indonesia,USDC
467,0.7679977256643349,448016449.89816964,515,S3_twin_shock,indonesia,USDC
468,0.7937426130678736,436816038.65071535,515,S3_twin_shock,indonesia,USDC
469,0.7755841569434965,425895637.68444747,515,S3_twin_shock,indonesia,USDC
470,0.7584486694689279,415248246.7423363,515,S3_twin_shock,indonesia,USDC
471,0.7652131829618884,404867040.57377785,515,S3_twin_shock,indonesia,USDC
472,0.7708921237897742,394745364.55943346,515,S3_twin_shock,indonesia,USDC
473,0.7710284728233492,384876730.44544756,515,S3_twin_shock,indonesia,USDC
474,0.7852178323094049,375254812.1843114,515,S3_twin_shock,indonesia,USDC
475,0.7924462267710173,365873441.87970364,515,S3_twin_shock,indonesia,USDC
476,0.7894931908371509,356726605.83271104,515,S3_twin_shock,indonesia,USDC
477,0.7931824316843757,347808440.6868932,515,S3_twin_shock,indonesia,USDC
478,0.8065202591460329,339113229.6697209,515,S3_twin_shock,indonesia,USDC
479,0.7892851822069237,330635398.92797786,515,S3_twin_shock,indonesia,USDC
480,0.8015730947623709,322369513.95477843,515,S3_twin_shock,indonesia,USDC
481,0.7951531048399797,314310276.105909,515,S3_twin_shock,indonesia,USDC
482,0.8176130859670365,306452519.20326126,515,S3_twin_shock,indonesia,USDC
483,0.8358603723327711,298791206.2231797,515,S3_twin_shock,indonesia,USDC
484,0.8607341318689081,291321426.06760025,515,S3_twin_shock,indonesia,USDC
485,0.8387418926638938,284038390.41591024,515,S3_twin_shock,indonesia,USDC
486,0.8263557599913642,276937430.65551245,515,S3_twin_shock,indonesia,USDC
487,0.80597207966322,270013994.88912463,515,S3_twin_shock,indonesia,USDC
488,0.7988207082725658,263263645.01689658,515,S3_twin_shock,indonesia,USDC
489,0.7726488104218314,256682053.89147413,515,S3_twin_shock,indonesia,USDC
490,0.8006476858187221,250265002.54418725,515,S3_twin_shock,indonesia,USDC
491,0.810149668379958,244008377.4805826,515,S3_twin_shock,indonesia,USDC
492,0.7965848170544676,237908168.04356802,515,S3_twin_shock,indonesia,USDC
493,0.7850659693819043,231960463.84247884,515,S3_twin_shock,indonesia,USDC
494,0.7554815819423368,226161452.24641687,515,S3_twin_shock,indonesia,USDC
495,0.7686550656563562,220507415.94025648,515,S3_twin_shock,indonesia,USDC
496,0.786350052982424,214994730.54175007,515,S3_twin_shock,indonesia,USDC
497,0.7896172086332904,209619862.2782063,515,S3_twin_shock,indonesia,USDC
498,0.7707250665537722,204379365.72125113,515,S3_twin_shock,indonesia,USDC
499,0.7806654369620669,199269881.57821983,515,S3_twin_shock,indonesia,USDC
500,0.7810415087212752,194288134.53876436,515,S3_twin_shock,indonesia,USDC
501,0.7912371159990753,189430931.17529523,515,S3_twin_shock,indonesia,USDC
502,0.8044900633438486,184695157.89591283,515,S3_twin_shock,indonesia,USDC
503,0.7989254745710425,180077778.94851503,515,S3_twin_shock,indonesia,USDC
504,0.8087989666458443,175575834.47480214,515,S3_twin_shock,indonesia,USDC
505,0.8014355288241457,171186438.6129321,515,S3_twin_shock,indonesia,USDC
506,0.8102931141035736,166906777.6476088,515,S3_twin_shock,indonesia,USDC
507,0.800949692859459,162734108.20641857,515,S3_twin_shock,indonesia,USDC
508,0.810334441149536,158665755.5012581,515,S3_twin_shock,indonesia,USDC
509,0.8148997210944959,154699111.61372668,515,S3_twin_shock,indonesia,USDC
510,0.798882613429835,150831633.8233835,515,S3_twin_shock,indonesia,USDC
511,0.7867531171229996,147060842.97779888,515,S3_twin_shock,indonesia,USDC
512,0.7673893632420876,143384321.90335393,515,S3_twin_shock,indonesia,USDC
513,0.7505196359319191,139799713.85577008,515,S3_twin_shock,indonesia,USDC
514,0.7825255513739544,136304721.0093758,515,S3_twin_shock,indonesia,USDC
515,0.7762754879876997,132897102.98414144,515,S3_twin_shock,indonesia,USDC
516,0.7863394805532211,129574675.40953791,515,S3_twin_shock,indonesia,USDC
517,0.7755574071609576,126335308.52429946,515,S3_twin_shock,indonesia,USDC
518,0.7803470421291514,123176925.81119198,515,S3_twin_shock,indonesia,USDC
519,0.7685777652006482,120097502.66591218,515,S3_twin_shock,indonesia,USDC
520,0.7747256409963107,117095065.09926435,515,S3_twin_shock,indonesia,USDC
521,0.780662635023216,114167688.47178274,515,S3_twin_shock,indonesia,USDC
522,0.7689716221680181,111313496.25998819,515,S3_twin_shock,indonesia,USDC
523,0.7788291306550315,108530658.85348849,515,S3_twin_shock,indonesia,USDC
524,0.791318145717193,105817392.38215128,515,S3_twin_shock,indonesia,USDC
525,0.7892260348553803,103171957.5725975,515,S3_twin_shock,indonesia,USDC
526,0.7939256322180335,100592658.63328256,515,S3_twin_shock,indonesia,USDC
527,0.7794948808992378,98077842.16745049,515,S3_twin_shock,indonesia,USDC
528,0.7839223189326598,95625896.11326422,515,S3_twin_shock,indonesia,USDC
529,0.7742536816737384,93235248.71043262,515,S3_twin_shock,indonesia,USDC
530,0.7724523647802997,90904367.4926718,515,S3_twin_shock,indonesia,USDC
531,0.7724526212260252,88631758.30535501,515,S3_twin_shock,indonesia,USDC
532,0.7929355005220222,86415964.34772113,515,S3_twin_shock,indonesia,USDC
533,0.7664688034162723,84255565.2390281,515,S3_twin_shock,indonesia,USDC
534,0.7854138068436995,82149176.1080524,515,S3_twin_shock,indonesia,USDC
535,0.7705749406123513,80095446.70535108,515,S3_twin_shock,indonesia,USDC
536,0.7650008682640175,78093060.53771731,515,S3_twin_shock,indonesia,USDC
537,0.7907342603002453,76140734.02427438,515,S3_twin_shock,indonesia,USDC
538,0.7952335845036592,74237215.67366752,515,S3_twin_shock,indonesia,USDC
539,0.7781651080291558,72381285.28182584,515,S3_twin_shock,indonesia,USDC
540,0.7626022909556348,70571753.14978018,515,S3_twin_shock,indonesia,USDC
541,0.7659790426932453,68807459.32103568,515,S3_twin_shock,indonesia,USDC
542,0.760034130348592,67087272.8380098,515,S3_twin_shock,indonesia,USDC
543,0.7560001861313181,65410091.01705955,515,S3_twin_shock,indonesia,USDC
544,0.7961410540338983,63774838.74163306,515,S3_twin_shock,indonesia,USDC
545,0.8115714808360549,62180467.77309223,515,S3_twin_shock,indonesia,USDC
546,0.7937775888460942,60625956.07876493,515,S3_twin_shock,indonesia,USDC
547,0.773944238127517,59110307.1767958,515,S3_twin_shock,indonesia,USDC
548,0.7704624095659128,57632549.497375906,515,S3_twin_shock,indonesia,USDC
549,0.7898566339709222,56191735.75994151,515,S3_twin_shock,indonesia,USDC
550,0.7933764493891592,54786942.36594298,515,S3_twin_shock,indonesia,USDC
551,0.8024018784653377,53417268.806794405,515,S3_twin_shock,indonesia,USDC
552,0.8237605911421945,52081837.08662453,515,S3_twin_shock,indonesia,USDC
553,0.8162328818756754,50779791.15945893,515,S3_twin_shock,indonesia,USDC
554,0.8229508228126301,49510296.38047245,515,S3_twin_shock,indonesia,USDC
555,0.8077092560456527,48272538.97096064,515,S3_twin_shock,indonesia,USDC
556,0.7791402286015023,47065725.49668662,515,S3_twin_shock,indonesia,USDC
557,0.8160799019937668,45889082.359269455,515,S3_twin_shock,indonesia,USDC
558,0.8040818210717385,44741855.30028772,515,S3_twin_shock,indonesia,USDC
559,0.8047757916558369,43623308.91778053,515,S3_twin_shock,indonesia,USDC
560,0.7913944570507623,42532726.19483602,515,S3_twin_shock,indonesia,USDC
561,0.7808443191886363,41469408.03996512,515,S3_twin_shock,indonesia,USDC
562,0.7869803374461017,40432672.83896599,515,S3_twin_shock,indonesia,USDC
563,0.7907056720934647,39421856.01799184,515,S3_twin_shock,indonesia,USDC
564,0.7725901212713369,38436309.61754204,515,S3_twin_shock,indonesia,USDC
565,0.7627689808324468,37475401.87710349,515,S3_twin_shock,indonesia,USDC
566,0.7388608592764059,36538516.83017591,515,S3_twin_shock,indonesia,USDC
567,0.7567732119057329,35625053.9094215,515,S3_twin_shock,indonesia,USDC
568,0.7674408282803488,34734427.56168597,515,S3_twin_shock,indonesia,USDC
569,0.7724955510743301,33866066.87264382,515,S3_twin_shock,indonesia,USDC
570,0.7979403085095901,33019415.20082773,515,S3_twin_shock,indonesia,USDC
571,0.8228964361095346,32193929.820807036,515,S3_twin_shock,indonesia,USDC
572,0.8220737949959328,31389081.575286858,515,S3_twin_shock,indonesia,USDC
573,0.8087738430919568,30604354.53590469,515,S3_twin_shock,indonesia,USDC
574,0.8150020365766555,29839245.672507066,515,S3_twin_shock,indonesia,USDC
575,0.7767280009940571,29093264.530694388,515,S3_twin_shock,indonesia,USDC
576,0.7576580378162816,28365932.91742703,515,S3_twin_shock,indonesia,USDC
577,0.7559864969216037,27656784.594491355,515,S3_twin_shock,indonesia,USDC
578,0.7614338346051625,26965364.97962907,515,S3_twin_shock,indonesia,USDC
579,0.7579409551671845,26291230.855138347,515,S3_twin_shock,indonesia,USDC
580,0.7747903087439342,25633950.08375988,515,S3_twin_shock,indonesia,USDC
581,0.7546554169517208,24993101.33166589,515,S3_twin_shock,indonesia,USDC
582,0.7431521150487838,24368273.79837424,515,S3_twin_shock,indonesia,USDC
583,0.7694462846772449,23759066.95341488,515,S3_twin_shock,indonesia,USDC
584,0.8021280636927323,23165090.279579513,515,S3_twin_shock,indonesia,USDC
585,0.8535185188616924,22585963.022590023,515,S3_twin_shock,indonesia,USDC
586,0.8675887088898656,22021313.947025273,515,S3_twin_shock,indonesia,USDC
587,0.8432384455474462,21470781.09834964,515,S3_twin_shock,indonesia,USDC
588,0.8243462984620157,20934011.5708909,515,S3_twin_shock,indonesia,USDC
589,0.8002928708408121,20410661.281618625,515,S3_twin_shock,indonesia,USDC
590,0.8040617335878815,19900394.749578163,515,S3_twin_shock,indonesia,USDC
591,0.8308492113132855,19402884.880838707,515,S3_twin_shock,indonesia,USDC
592,0.833663113375554,18917812.75881774,515,S3_twin_shock,indonesia,USDC
593,0.8210124552708162,18444867.439847298,515,S3_twin_shock,indonesia,USDC
594,0.8287649699128765,17983745.753851116,515,S3_twin_shock,indonesia,USDC
595,0.826902130337903,17534152.110004835,515,S3_twin_shock,indonesia,USDC
596,0.832842603968826,17095798.307254717,515,S3_twin_shock,indonesia,USDC
597,0.8209533889713002,16668403.349573348,515,S3_twin_shock,indonesia,USDC
598,0.8236210384858508,16251693.265834015,515,S3_twin_shock,indonesia,USDC
599,0.8112638543488981,15845400.934188165,515,S3_twin_shock,indonesia,USDC
600,0.8127690888391376,15449265.910833461,515,S3_twin_shock,indonesia,USDC
601,0.845522916754552,15063034.263062624,515,S3_twin_shock,indonesia,USDC
602,0.8233992376188779,14686458.40648606,515,S3_twin_shock,indonesia,USDC
603,0.7972950664002945,14319296.946323907,515,S3_twin_shock,indonesia,USDC
604,0.8042732304905231,13961314.52266581,515,S3_twin_shock,indonesia,USDC
605,0.8076808687426364,13612281.659599165,515,S3_twin_shock,indonesia,USDC
606,0.7882569469570325,13271974.618109185,515,S3_twin_shock,indonesia,USDC
607,0.7876802356153383,12940175.252656456,515,S3_twin_shock,indonesia,USDC
608,0.804916747293895,12616670.871340044,515,S3_twin_shock,indonesia,USDC
609,0.7906219233626333,12301254.099556543,515,S3_twin_shock,indonesia,USDC
610,0.7950636857045976,11993722.747067628,515,S3_twin_shock,indonesia,USDC
611,0.7924345911783681,11693879.678390939,515,S3_twin_shock,indonesia,USDC
612,0.790482948039971,11401532.686431166,515,S3_twin_shock,indonesia,USDC
613,0.7828940501651552,11116494.369270386,515,S3_twin_shock,indonesia,USDC
614,0.8084622187860545,10838582.010038625,515,S3_twin_shock,indonesia,USDC
615,0.8127125351026308,10567617.459787661,515,S3_twin_shock,indonesia,USDC
616,0.8040511265644236,10303427.02329297,515,S3_twin_shock,indonesia,USDC
617,0.8157616013073749,10045841.347710645,515,S3_twin_shock,indonesia,USDC
618,0.7711610044590474,9794695.31401788,515,S3_twin_shock,indonesia,USDC
619,0.7892666319858095,9549827.931167433,515,S3_twin_shock,indonesia,USDC
620,0.8062096950775806,9311082.232888248,515,S3_twin_shock,indonesia,USDC
621,0.7995606878547699,9078305.17706604,515,S3_twin_shock,indonesia,USDC
622,0.7897049656337427,8851347.54763939,515,S3_twin_shock,indonesia,USDC
623,0.7903718891978851,8630063.858948406,515,S3_twin_shock,indonesia,USDC
624,0.7699314791514585,8414312.262474695,515,S3_twin_shock,indonesia,USDC
625,0.7740818917481326,8203954.4559128275,515,S3_twin_shock,indonesia,USDC
626,0.7577848997462572,7998855.594515007,515,S3_twin_shock,indonesia,USDC
627,0.7572768656792603,7798884.204652131,515,S3_twin_shock,indonesia,USDC
628,0.7645360041974288,7603912.099535828,515,S3_twin_shock,indonesia,USDC
629,0.7749403095180984,7413814.2970474325,515,S3_twin_shock,indonesia,USDC
630,0.7873591447702957,7228468.939621246,515,S3_twin_shock,indonesia,USDC
631,0.7746962285241795,7047757.216130715,515,S3_twin_shock,indonesia,USDC
632,0.8098521171054456,6871563.285727449,515,S3_twin_shock,indonesia,USDC
633,0.7844822668501717,6699774.203584261,515,S3_twin_shock,indonesia,USDC
634,0.7766531386377395,6532279.8484946545,515,S3_twin_shock,indonesia,USDC
635,0.7866850598219463,6368972.852282288,515,S3_twin_shock,indonesia,USDC
636,0.7935345020562301,6209748.530975231,515,S3_twin_shock,indonesia,USDC
637,0.8262834037859546,6054504.817700851,515,S3_twin_shock,indonesia,USDC
638,0.8107760063582731,5903142.197258329,515,S3_twin_shock,indonesia,USDC
639,0.8158293829362276,5755563.642326871,515,S3_twin_shock,indonesia,USDC
640,0.8375090196036123,5611674.5512687,515,S3_twin_shock,indonesia,USDC
641,0.8429180821453897,5471382.687486982,515,S3_twin_shock,indonesia,USDC
642,0.842598209838434,5334598.120299808,515,S3_twin_shock,indonesia,USDC
643,0.8188221359142188,5201233.167292312,515,S3_twin_shock,indonesia,USDC
644,0.8042383894355145,5071202.338110004,515,S3_twin_shock,indonesia,USDC
645,0.7886675457757951,4944422.279657254,515,S3_twin_shock,indonesia,USDC
646,0.8042214037411712,4820811.722665823,515,S3_twin_shock,indonesia,USDC
647,0.8169825670112859,4700291.429599177,515,S3_twin_shock,indonesia,USDC
648,0.8177452715020228,4582784.143859198,515,S3_twin_shock,indonesia,USDC
649,0.8223016436520495,4468214.540262718,515,S3_twin_shock,indonesia,USDC
650,0.790278240782738,4356509.17675615,515,S3_twin_shock,indonesia,USDC
651,0.7990899651179809,4247596.447337246,515,S3_twin_shock,indonesia,USDC
652,0.7893562352573135,4141406.536153815,515,S3_twin_shock,indonesia,USDC
653,0.7818842160625923,4037871.3727499703,515,S3_twin_shock,indonesia,USDC
654,0.7746233838022631,3936924.5884312205,515,S3_twin_shock,indonesia,USDC
655,0.7631162963136559,3838501.4737204406,515,S3_twin_shock,indonesia,USDC
656,0.7614208043039329,3742538.9368774295,515,S3_twin_shock,indonesia,USDC
657,0.7754537433483669,3648975.4634554936,515,S3_twin_shock,indonesia,USDC
658,0.7581795603502459,3557751.076869106,515,S3_twin_shock,indonesia,USDC
659,0.7476857387407478,3468807.299947378,515,S3_twin_shock,indonesia,USDC
660,0.7204779427532438,3382087.117448694,515,S3_twin_shock,indonesia,USDC
661,0.7362262495282785,3297534.9395124773,515,S3_twin_shock,indonesia,USDC
662,0.7388391427988549,3215096.566024665,515,S3_twin_shock,indonesia,USDC
663,0.759295907716341,3134719.1518740486,515,S3_twin_shock,indonesia,USDC
664,0.7762974220102987,3056351.1730771973,515,S3_twin_shock,indonesia,USDC
665,0.7814681847577011,2979942.393750267,515,S3_twin_shock,indonesia,USDC
666,0.770007981512713,2905443.8339065104,515,S3_twin_shock,indonesia,USDC
667,0.7746570487524987,2832807.738058848,515,S3_twin_shock,indonesia,USDC
668,0.7737524829980816,2761987.5446073767,515,S3_twin_shock,indonesia,USDC
669,0.7689125710367845,2692937.855992192,515,S3_twin_shock,indonesia,USDC
670,0.7625680910065217,2625614.4095923873,515,S3_twin_shock,indonesia,USDC
671,0.7694597185257106,2559974.0493525774,515,S3_twin_shock,indonesia,USDC
672,0.7858812423885213,2495974.698118763,515,S3_twin_shock,indonesia,USDC
673,0.796442960982801,2433575.330665794,515,S3_twin_shock,indonesia,USDC
674,0.8172896147574048,2372735.947399149,515,S3_twin_shock,indonesia,USDC
675,0.809640263554652,2313417.5487141707,515,S3_twin_shock,indonesia,USDC
676,0.7983908783490519,2255582.1099963165,515,S3_twin_shock,indonesia,USDC
677,0.7812028312738274,2199192.5572464084,515,S3_twin_shock,indonesia,USDC
678,0.7729850269053181,2144212.7433152483,515,S3_twin_shock,indonesia,USDC
679,0.7590232772233415,2090607.424732367,515,S3_twin_shock,indonesia,USDC
680,0.811705838563118,2038342.2391140582,515,S3_twin_shock,indonesia,USDC
681,0.8441476783183367,1987383.6831362066,515,S3_twin_shock,indonesia,USDC
682,0.859759750012066,1937699.0910578016,515,S3_twin_shock,indonesia,USDC
683,0.8546090720830288,1889256.6137813565,515,S3_twin_shock,indonesia,USDC
684,0.8468802099770769,1842025.1984368225,515,S3_twin_shock,indonesia,USDC
685,0.8649993117140872,1795974.568475902,515,S3_twin_shock,indonesia,USDC
686,0.8674739014853405,1751075.2042640045,515,S3_twin_shock,indonesia,USDC
687,0.8556644552826065,1707298.3241574042,515,S3_twin_shock,indonesia,USDC
688,0.8680380668934745,1664615.8660534695,515,S3_twin_shock,indonesia,USDC
689,0.8644938287066277,1623000.4694021326,515,S3_twin_shock,indonesia,USDC
690,0.8661757717604192,1582425.4576670793,515,S3_twin_shock,indonesia,USDC
691,0.8898777646261763,1542864.8212254022,515,S3_twin_shock,indonesia,USDC
692,0.8882462076767159,1504293.2006947673,515,S3_twin_shock,indonesia,USDC
693,0.8562593581799245,1466685.8706773978,515,S3_twin_shock,indonesia,USDC
694,0.8537364160574045,1430018.7239104628,515,S3_twin_shock,indonesia,USDC
695,0.8470900150684539,1394268.2558127013,515,S3_twin_shock,indonesia,USDC
696,0.8540704178911191,1359411.549417384,515,S3_twin_shock,indonesia,USDC
697,0.8684962847982561,1325426.260681949,515,S3_twin_shock,indonesia,USDC
698,0.8925068979343792,1292290.6041649005,515,S3_twin_shock,indonesia,USDC
699,0.879497089809704,1259983.339060778,515,S3_twin_shock,indonesia,USDC
700,0.8829438846303189,1228483.7555842586,515,S3_twin_shock,indonesia,USDC
701,0.899968486899174,1197771.661694652,515,S3_twin_shock,indonesia,USDC
702,0.8767633019560223,1167827.3701522858,515,S3_twin_shock,indonesia,USDC
703,0.8858315830599088,1138631.6858984786,515,S3_twin_shock,indonesia,USDC
704,0.8586447892311581,1110165.8937510166,515,S3_twin_shock,indonesia,USDC
705,0.8603985672606648,1082411.746407241,515,S3_twin_shock,indonesia,USDC
706,0.8446936197512144,1055351.4527470602,515,S3_twin_shock,indonesia,USDC
707,0.8650803726705211,1028967.6664283837,515,S3_twin_shock,indonesia,USDC
708,0.8500645052501633,1003243.4747676741,515,S3_twin_shock,indonesia,USDC
709,0.848998592526879,978162.3878984821,515,S3_twin_shock,indonesia,USDC
710,0.8474291341184769,953708.3282010201,515,S3_twin_shock,indonesia,USDC
711,0.8243040933173078,929865.6199959946,515,S3_twin_shock,indonesia,USDC
712,0.8257156021943873,906618.9794960949,515,S3_twin_shock,indonesia,USDC
713,0.8274346745775851,883953.5050086925,515,S3_twin_shock,indonesia,USDC
714,0.8065303142525063,861854.6673834751,515,S3_twin_shock,indonesia,USDC
715,0.7977895319078175,840308.3006988883,515,S3_twin_shock,indonesia,USDC
716,0.7681419615012289,819300.5931814162,515,S3_twin_shock,indonesia,USDC
717,0.7775761165600683,798818.0783518807,515,S3_twin_shock,indonesia,USDC
718,0.7725837392213261,778847.6263930837,515,S3_twin_shock,indonesia,USDC
719,0.7886638988225726,759376.4357332566,515,S3_twin_shock,indonesia,USDC
720,0.7877144738860257,740392.0248399251,515,S3_twin_shock,indonesia,USDC
721,0.7949431693809743,721882.2242189271,515,S3_twin_shock,indonesia,USDC
722,0.7828834268142002,703835.1686134539,515,S3_twin_shock,indonesia,USDC
723,0.7856373224838152,686239.2893981175,515,S3_twin_shock,indonesia,USDC
724,0.8123763209849785,669083.3071631646,515,S3_twin_shock,indonesia,USDC
725,0.7977068166263024,652356.2244840855,515,S3_twin_shock,indonesia,USDC
726,0.7974908828728348,636047.3188719833,515,S3_twin_shock,indonesia,USDC
727,0.8093490955781139,620146.1359001838,515,S3_twin_shock,indonesia,USDC
728,0.8280162748123576,604642.4825026792,515,S3_twin_shock,indonesia,USDC
729,0.8312269500210434,589526.4204401122,515,S3_twin_shock,indonesia,USDC
730,0.8191343641252382,574788.2599291094,515,S3_twin_shock,indonesia,USDC
731,0.8067446411143174,560418.5534308817,515,S3_twin_shock,indonesia,USDC
732,0.8002849895164745,546408.0895951096,515,S3_twin_shock,indonesia,USDC
733,0.8019535331196738,532747.8873552318,515,S3_twin_shock,indonesia,USDC
734,0.8422634832269165,519429.1901713511,515,S3_twin_shock,indonesia,USDC
735,0.836825856050698,506443.4604170673,515,S3_twin_shock,indonesia,USDC
736,0.7998493550405353,493782.3739066406,515,S3_twin_shock,indonesia,USDC
737,0.7987263603350377,481437.8145589746,515,S3_twin_shock,indonesia,USDC
738,0.7975545407251855,469401.86919500027,515,S3_twin_shock,indonesia,USDC
739,0.806020639873675,457666.82246512524,515,S3_twin_shock,indonesia,USDC
740,0.7949785324520534,446225.15190349706,515,S3_twin_shock,indonesia,USDC
741,0.7870403610237987,435069.52310590964,515,S3_twin_shock,indonesia,USDC
742,0.7784851712639264,424192.7850282619,515,S3_twin_shock,indonesia,USDC
743,0.7565104657643756,413587.9654025554,515,S3_twin_shock,indonesia,USDC
744,0.7346787905659001,403248.2662674915,515,S3_twin_shock,indonesia,USDC
745,0.7169857292811094,393167.0596108042,515,S3_twin_shock,indonesia,USDC
746,0.7305875389962739,383337.8831205341,515,S3_twin_shock,indonesia,USDC
747,0.7385847674247559,373754.43604252074,515,S3_twin_shock,indonesia,USDC
748,0.7402711469578158,364410.5751414577,515,S3_twin_shock,indonesia,USDC
749,0.7542092382246579,355300.3107629213,515,S3_twin_shock,indonesia,USDC
750,0.7594181083199382,346417.8029938482,515,S3_twin_shock,indonesia,USDC
751,0.759419030169722,337757.35791900207,515,S3_twin_shock,indonesia,USDC
752,0.7605587905445726,329313.42397102696,515,S3_twin_shock,indonesia,USDC
753,0.7726261699973311,321080.58837175136,515,S3_twin_shock,indonesia,USDC
754,0.8063553024439816,313053.5736624575,515,S3_twin_shock,indonesia,USDC
755,0.809768036528885,305227.2343208961,515,S3_twin_shock,indonesia,USDC
756,0.813323327083263,297596.5534628737,515,S3_twin_shock,indonesia,USDC
757,0.8002305640923689,290156.6396263018,515,S3_twin_shock,indonesia,USDC
758,0.6822091265128123,282902.7236356443,515,S3_twin_shock,indonesia,USDC
759,0.7027189865971907,275830.1555447532,515,S3_twin_shock,indonesia,USDC
760,0.7017167671722498,268934.40165613435,515,S3_twin_shock,indonesia,USDC
761,0.7110723749115464,262211.04161473096,515,S3_twin_shock,indonesia,USDC
762,0.7418224158034504,255655.7655743627,515,S3_twin_shock,indonesia,USDC
763,0.7471426662446083,249264.37143500365,515,S3_twin_shock,indonesia,USDC
764,0.7354050005738542,243032.76214912854,515,S3_twin_shock,indonesia,USDC
765,0.7406144113528436,236956.94309540035,515,S3_twin_shock,indonesia,USDC
766,0.7569019760938376,231033.01951801538,515,S3_twin_shock,indonesia,USDC
767,0.7696268746979469,225257.19403006497,515,S3_twin_shock,indonesia,USDC
768,0.7742313227266483,219625.76417931332,515,S3_twin_shock,indonesia,USDC
769,0.7750458035086872,214135.12007483054,515,S3_twin_shock,indonesia,USDC
770,0.7629144080233409,208781.74207295978,515,S3_twin_shock,indonesia,USDC
771,0.7542012306389053,203562.19852113575,515,S3_twin_shock,indonesia,USDC
772,0.7542108426929276,198473.14355810735,515,S3_twin_shock,indonesia,USDC
773,0.7478650170280249,193511.31496915466,515,S3_twin_shock,indonesia,USDC
774,0.7550602851441091,188673.53209492582,515,S3_twin_shock,indonesia,USDC
775,0.7638183339750045,183956.69379255266,515,S3_twin_shock,indonesia,USDC
776,0.7754233692894353,179357.77644773884,515,S3_twin_shock,indonesia,USDC
777,0.7591809021036762,174873.83203654538,515,S3_twin_shock,indonesia,USDC
778,0.7757395079280037,170501.98623563175,515,S3_twin_shock,indonesia,USDC
779,0.7710089289316572,166239.43657974093,515,S3_twin_shock,indonesia,USDC
780,0.7709095384320708,162083.45066524742,515,S3_twin_shock,indonesia,USDC
781,0.7650069178557111,158031.36439861625,515,S3_twin_shock,indonesia,USDC
782,0.777130766044275,154080.58028865082,515,S3_twin_shock,indonesia,USDC
783,0.7946038167589772,150228.56578143456,515,S3_twin_shock,indonesia,USDC
784,0.8035943490637348,146472.8516368987,515,S3_twin_shock,indonesia,USDC
785,0.8163990128406551,142811.03034597624,515,S3_twin_shock,indonesia,USDC
786,0.8138698727778902,139240.75458732684,515,S3_twin_shock,indonesia,USDC
787,0.8294842710637181,135759.73572264367,515,S3_twin_shock,indonesia,USDC
788,0.8555736607047576,132365.74232957757,515,S3_twin_shock,indonesia,USDC
789,0.8324624264744311,129056.59877133812,515,S3_twin_shock,indonesia,USDC
790,0.853243410524295,125830.18380205467,515,S3_twin_shock,indonesia,USDC
791,0.8578613079922399,122684.42920700331,515,S3_twin_shock,indonesia,USDC
792,0.8515811178874255,119617.31847682822,515,S3_twin_shock,indonesia,USDC
793,0.8094172540370937,116626.88551490752,515,S3_twin_shock,indonesia,USDC
794,0.798175649128188,113711.21337703483,515,S3_twin_shock,indonesia,USDC
795,0.8121460927051909,110868.43304260897,515,S3_twin_shock,indonesia,USDC
796,0.8182460831444731,108096.72221654374,515,S3_twin_shock,indonesia,USDC
797,0.8171011771221544,105394.30416113015,515,S3_twin_shock,indonesia,USDC
798,0.8224364167741642,102759.4465571019,515,S3_twin_shock,indonesia,USDC
799,0.8224645263872676,100190.46039317435,515,S3_twin_shock,indonesia,USDC
800,0.8372715506699532,97685.69888334499,515,S3_twin_shock,indonesia,USDC
801,0.8134924359833992,95243.55641126136,515,S3_twin_shock,indonesia,USDC
802,0.8268276061167013,92862.46750097984,515,S3_twin_shock,indonesia,USDC
803,0.8105766209605071,90540.90581345533,515,S3_twin_shock,indonesia,USDC
804,0.7928096783857822,88277.38316811895,515,S3_twin_shock,indonesia,USDC
805,0.8087600281331939,86070.44858891598,515,S3_twin_shock,indonesia,USDC
806,0.8148200629973796,83918.68737419308,515,S3_twin_shock,indonesia,USDC
807,0.8264850062795019,81820.72018983826,515,S3_twin_shock,indonesia,USDC
808,0.8154047992270318,79775.2021850923,515,S3_twin_shock,indonesia,USDC
809,0.8129862308353051,77780.82213046498,515,S3_twin_shock,indonesia,USDC
810,0.8234736199956358,75836.30157720335,515,S3_twin_shock,indonesia,USDC
811,0.8391313044608335,73940.39403777328,515,S3_twin_shock,indonesia,USDC
812,0.8258934121760799,72091.88418682895,515,S3_twin_shock,indonesia,USDC
813,0.8027513540042045,70289.58708215822,515,S3_twin_shock,indonesia,USDC
814,0.7888312776737685,68532.34740510427,515,S3_twin_shock,indonesia,USDC
815,0.7871258914903924,66819.03871997666,515,S3_twin_shock,indonesia,USDC
816,0.7630439498248981,65148.56275197724,515,S3_twin_shock,indonesia,USDC
817,0.7859624540860767,63519.848683177814,515,S3_twin_shock,indonesia,USDC
818,0.7963190773072121,61931.85246609837,515,S3_twin_shock,indonesia,USDC
819,0.7853151227553055,60383.556154445905,515,S3_twin_shock,indonesia,USDC
820,0.7943797806439274,58873.967250584756,515,S3_twin_shock,indonesia,USDC
821,0.7961805062125608,57402.11806932013,515,S3_twin_shock,indonesia,USDC
822,0.8166649363359612,55967.06511758713,515,S3_twin_shock,indonesia,USDC
823,0.7878178445088245,54567.88848964746,515,S3_twin_shock,indonesia,USDC
824,0.7856312591185108,53203.691277406266,515,S3_twin_shock,indonesia,USDC
825,0.7708967156248049,51873.59899547112,515,S3_twin_shock,indonesia,USDC
826,0.7726249051839229,50576.759020584344,515,S3_twin_shock,indonesia,USDC
827,0.7705023577430995,49312.34004506973,515,S3_twin_shock,indonesia,USDC
828,0.7776160241208239,48079.53154394299,515,S3_twin_shock,indonesia,USDC
829,0.785939563528229,46877.54325534441,515,S3_twin_shock,indonesia,USDC
830,0.788390146398847,45705.6046739608,515,S3_twin_shock,indonesia,USDC
831,0.7835290712459317,44562.96455711179,515,S3_twin_shock,indonesia,USDC
832,0.7887496077979634,43448.89044318399,515,S3_twin_shock,indonesia,USDC
833,0.7687176140139073,42362.66818210439,515,S3_twin_shock,indonesia,USDC
834,0.7850902382582942,41303.60147755178,515,S3_twin_shock,indonesia,USDC
835,0.802298491218641,40271.01144061299,515,S3_twin_shock,indonesia,USDC
836,0.811964328220881,39264.23615459766,515,S3_twin_shock,indonesia,USDC
837,0.8165260441152098,38282.63025073272,515,S3_twin_shock,indonesia,USDC
838,0.8162806334276353,37325.5644944644,515,S3_twin_shock,indonesia,USDC
839,0.7969338311506109,36392.42538210279,515,S3_twin_shock,indonesia,USDC
840,0.8069961912725985,35482.61474755022,515,S3_twin_shock,indonesia,USDC
841,0.8158943994275748,34595.54937886146,515,S3_twin_shock,indonesia,USDC
842,0.8434645186577783,33730.66064438993,515,S3_twin_shock,indonesia,USDC
843,0.8338493565043464,32887.39412828018,515,S3_twin_shock,indonesia,USDC
844,0.8279460801090279,32065.209275073175,515,S3_twin_shock,indonesia,USDC
845,0.8086905477209779,31263.57904319635,515,S3_twin_shock,indonesia,USDC
846,0.7959031057201033,30481.989567116438,515,S3_twin_shock,indonesia,USDC
847,0.7847258471096636,29719.939827938528,515,S3_twin_shock,indonesia,USDC
848,0.7957768575292467,28976.941332240065,515,S3_twin_shock,indonesia,USDC
849,0.8065755308474983,28252.51779893406,515,S3_twin_shock,indonesia,USDC
850,0.8197461711812756,27546.204853960713,515,S3_twin_shock,indonesia,USDC
851,0.8192207998137752,26857.54973261169,515,S3_twin_shock,indonesia,USDC
852,0.8154681976537528,26186.110989296398,515,S3_twin_shock,indonesia,USDC
853,0.8099354696801065,25531.45821456399,515,S3_twin_shock,indonesia,USDC
854,0.8283325062817208,24893.17175919989,515,S3_twin_shock,indonesia,USDC
855,0.7971103595155242,24270.842465219896,515,S3_twin_shock,indonesia,USDC
856,0.7935859919864743,23664.071403589398,515,S3_twin_shock,indonesia,USDC
857,0.798844588546862,23072.46961849966,515,S3_twin_shock,indonesia,USDC
858,0.8083275213049493,22495.65787803717,515,S3_twin_shock,indonesia,USDC
859,0.7857255060613191,21933.266431086242,515,S3_twin_shock,indonesia,USDC
860,0.7682178047840841,21384.934770309083,515,S3_twin_shock,indonesia,USDC
861,0.7619054742375023,20850.31140105136,515,S3_twin_shock,indonesia,USDC
862,0.7765709038375301,20329.053616025078,515,S3_twin_shock,indonesia,USDC
863,0.7773066136075505,19820.827275624448,515,S3_twin_shock,indonesia,USDC
864,0.7885991413030623,19325.306593733836,515,S3_twin_shock,indonesia,USDC
865,0.7833079585387928,18842.173928890494,515,S3_twin_shock,indonesia,USDC
866,0.8093878724394735,18371.11958066823,515,S3_twin_shock,indonesia,USDC
867,0.8075081423088134,17911.841591151522,515,S3_twin_shock,indonesia,USDC
868,0.8042870095086697,17464.045551372736,515,S3_twin_shock,indonesia,USDC
869,0.825310887145678,17027.44441258842,515,S3_twin_shock,indonesia,USDC
870,0.8426883302571202,16601.75830227371,515,S3_twin_shock,indonesia,USDC
871,0.8132707995054633,16186.714344716864,515,S3_twin_shock,indonesia,USDC
872,0.7914527707124053,15782.046486098941,515,S3_twin_shock,indonesia,USDC
873,0.8333907952413578,15387.49532394647,515,S3_twin_shock,indonesia,USDC
874,0.8499913497992007,15002.807940847808,515,S3_twin_shock,indonesia,USDC
875,0.8457254319377353,14627.737742326612,515,S3_twin_shock,indonesia,USDC
876,0.8613871443925595,14262.044298768447,515,S3_twin_shock,indonesia,USDC
877,0.8990181702560773,13905.493191299236,515,S3_twin_shock,indonesia,USDC
878,0.9177633177515815,13557.855861516757,515,S3_twin_shock,indonesia,USDC
879,0.9088659424793342,13218.909464978839,515,S3_twin_shock,indonesia,USDC
880,0.9202945485755912,12888.436728354369,515,S3_twin_shock,indonesia,USDC
881,0.9269118788554208,12566.225810145508,515,S3_twin_shock,indonesia,USDC
882,0.90241272772088,12252.07016489187,515,S3_twin_shock,indonesia,USDC
883,0.8643408398635265,11945.768410769573,515,S3_twin_shock,indonesia,USDC
884,0.8694957341639459,11647.124200500335,515,S3_twin_shock,indonesia,USDC
885,0.8758010169743032,11355.946095487825,515,S3_twin_shock,indonesia,USDC
886,0.858640927742058,11072.04744310063,515,S3_twin_shock,indonesia,USDC
887,0.8376406874717747,10795.246257023115,515,S3_twin_shock,indonesia,USDC
888,0.8405813395620331,10525.365100597537,515,S3_twin_shock,indonesia,USDC
889,0.8598808911292046,10262.230973082598,515,S3_twin_shock,indonesia,USDC
890,0.8292393804087052,10005.675198755533,515,S3_twin_shock,indonesia,USDC
891,0.8210678054344405,9755.533318786645,515,S3_twin_shock,indonesia,USDC
892,0.7989719995797997,9511.64498581698,515,S3_twin_shock,indonesia,USDC
893,0.7820731885790289,9273.853861171556,515,S3_twin_shock,indonesia,USDC
894,0.7913755386811251,9042.007514642266,515,S3_twin_shock,indonesia,USDC
895,0.7927059080078019,8815.95732677621,515,S3_twin_shock,indonesia,USDC
896,0.7877137451220545,8595.558393606805,515,S3_twin_shock,indonesia,USDC
897,0.8020698633099087,8380.669433766634,515,S3_twin_shock,indonesia,USDC
898,0.80716866317555,8171.152697922469,515,S3_twin_shock,indonesia,USDC
899,0.8283897326552359,7966.873880474406,515,S3_twin_shock,indonesia,USDC
900,0.8110868921926231,7767.702033462547,515,S3_twin_shock,indonesia,USDC
901,0.8071356493682516,7573.509482625984,515,S3_twin_shock,indonesia,USDC
902,0.8010093532669045,7384.171745560334,515,S3_twin_shock,indonesia,USDC
903,0.8317140919552538,7199.567451921326,515,S3_twin_shock,indonesia,USDC
904,0.8047749667302786,7019.578265623292,515,S3_twin_shock,indonesia,USDC
905,0.7837643280837587,6844.088808982709,515,S3_twin_shock,indonesia,USDC
906,0.7524436488892137,6672.986588758142,515,S3_twin_shock,indonesia,USDC
907,0.7541692994099706,6506.161924039188,515,S3_twin_shock,indonesia,USDC
908,0.7422378210670244,6343.507875938209,515,S3_twin_shock,indonesia,USDC
909,0.7514982451560797,6184.920179039753,515,S3_twin_shock,indonesia,USDC
910,0.7739507832480942,6030.29717456376,515,S3_twin_shock,indonesia,USDC
911,0.7918225473228404,5879.539745199665,515,S3_twin_shock,indonesia,USDC
912,0.7649159059321746,5732.551251569674,515,S3_twin_shock,indonesia,USDC
913,0.796283583772475,5589.237470280432,515,S3_twin_shock,indonesia,USDC
914,0.7964169046545543,5449.506533523421,515,S3_twin_shock,indonesia,USDC
915,0.795069058862062,5313.268870185336,515,S3_twin_shock,indonesia,USDC
916,0.800933608255889,5180.437148430702,515,S3_twin_shock,indonesia,USDC
917,0.8081782256525817,5050.926219719934,515,S3_twin_shock,indonesia,USDC
918,0.8162810780480498,4924.653064226936,515,S3_twin_shock,indonesia,USDC
919,0.8110336246853572,4801.536737621263,515,S3_twin_shock,indonesia,USDC
920,0.787568892307473,4681.498319180731,515,S3_twin_shock,indonesia,USDC
921,0.7878175953099389,4564.4608612012125,515,S3_twin_shock,indonesia,USDC
922,0.7931154534701513,4450.349339671183,515,S3_twin_shock,indonesia,USDC
923,0.795087915133223,4339.090606179403,515,S3_twin_shock,indonesia,USDC
924,0.7695813792600366,4230.613341024918,515,S3_twin_shock,indonesia,USDC
925,0.767715239403288,4124.848007499295,515,S3_twin_shock,indonesia,USDC
926,0.718756990627784,4021.7268073118125,515,S3_twin_shock,indonesia,USDC
927,0.7222596386234211,3921.1836371290174,515,S3_twin_shock,indonesia,USDC
928,0.7270897371554262,3823.1540462007915,515,S3_twin_shock,indonesia,USDC
929,0.7154049385520298,3727.5751950457716,515,S3_twin_shock,indonesia,USDC
930,0.7208008699678526,3634.3858151696277,515,S3_twin_shock,indonesia,USDC
931,0.7250448715590958,3543.5261697903875,515,S3_twin_shock,indonesia,USDC
932,0.7497539820543085,3454.9380155456283,515,S3_twin_shock,indonesia,USDC
933,0.7339730370322427,3368.5645651569866,515,S3_twin_shock,indonesia,USDC
934,0.7400750074868765,3284.3504510280627,515,S3_twin_shock,indonesia,USDC
935,0.7272200558700915,3202.241689752361,515,S3_twin_shock,indonesia,USDC
936,0.7216130055243507,3122.1856475085524,515,S3_twin_shock,indonesia,USDC
937,0.7306960624425821,3044.131006320838,515,S3_twin_shock,indonesia,USDC
938,0.7436468065376265,2968.027731162817,515,S3_twin_shock,indonesia,USDC
939,0.7458297945403054,2893.827037883747,515,S3_twin_shock,indonesia,USDC
940,0.7682278063757186,2821.4813619366532,515,S3_twin_shock,indonesia,USDC
941,0.771500281091711,2750.9443278882363,515,S3_twin_shock,indonesia,USDC
942,0.7832865702338212,2682.1707196910306,515,S3_twin_shock,indonesia,USDC
943,0.7683448981788508,2615.1164516987546,515,S3_twin_shock,indonesia,USDC
944,0.7693186884717123,2549.738540406286,515,S3_twin_shock,indonesia,USDC
945,0.7810521152930084,2485.995076896129,515,S3_twin_shock,indonesia,USDC
946,0.7944374679586629,2423.8451999737254,515,S3_twin_shock,indonesia,USDC
947,0.7950420017180864,2363.2490699743826,515,S3_twin_shock,indonesia,USDC
948,0.7498259634375085,2304.167843225023,515,S3_twin_shock,indonesia,USDC
949,0.7624553741382551,2246.5636471443977,515,S3_twin_shock,indonesia,USDC
950,0.7617349037777555,2190.3995559657874,515,S3_twin_shock,indonesia,USDC
951,0.8109308889868742,2135.639567066643,515,S3_twin_shock,indonesia,USDC
952,0.8217422518222646,2082.248577889977,515,S3_twin_shock,indonesia,USDC
953,0.8606920940891492,2030.1923634427271,515,S3_twin_shock,indonesia,USDC
954,0.8652074446033883,1979.4375543566593,515,S3_twin_shock,indonesia,USDC
955,0.8691846251548785,1929.951615497743,515,S3_twin_shock,indonesia,USDC
956,0.8420988050252615,1881.7028251102993,515,S3_twin_shock,indonesia,USDC
957,0.8350312295876589,1834.6602544825419,515,S3_twin_shock,indonesia,USDC
958,0.8305201502969589,1788.793748120478,515,S3_twin_shock,indonesia,USDC
959,0.838332955173151,1744.073904417466,515,S3_twin_shock,indonesia,USDC
960,0.8435673016255401,1700.4720568070297,515,S3_twin_shock,indonesia,USDC
961,0.7776227600573381,1657.960255386854,515,S3_twin_shock,indonesia,USDC
962,0.792098810171248,1616.5112490021825,515,S3_twin_shock,indonesia,USDC
963,0.7875779394275046,1576.098467777128,515,S3_twin_shock,indonesia,USDC
964,0.8103733123487628,1536.6960060826998,515,S3_twin_shock,indonesia,USDC
965,0.7970319885855572,1498.2786059306322,515,S3_twin_shock,indonesia,USDC
966,0.8158497832543034,1460.8216407823666,515,S3_twin_shock,indonesia,USDC
967,0.7982869799206697,1424.3010997628076,515,S3_twin_shock,indonesia,USDC
968,0.7944046067938313,1388.6935722687372,515,S3_twin_shock,indonesia,USDC
969,0.770529102776443,1353.976232962019,515,S3_twin_shock,indonesia,USDC
970,0.7705457052478599,1320.1268271379683,515,S3_twin_shock,indonesia,USDC
971,0.794900200022694,1287.123656459519,515,S3_twin_shock,indonesia,USDC
972,0.8314425984917035,1254.945565048031,515,S3_twin_shock,indonesia,USDC
973,0.8244878615890663,1223.5719259218304,515,S3_twin_shock,indonesia,USDC
974,0.8179488291199236,1192.9826277737845,515,S3_twin_shock,indonesia,USDC
975,0.8141479709574077,1163.15806207944,515,S3_twin_shock,indonesia,USDC
976,0.8450253521923557,1134.079110527454,515,S3_twin_shock,indonesia,USDC
977,0.8194911088374622,1105.7271327642677,515,S3_twin_shock,indonesia,USDC
978,0.8055924920316243,1078.083954445161,515,S3_twin_shock,indonesia,USDC
979,0.825344693753691,1051.131855584032,515,S3_twin_shock,indonesia,USDC
980,0.8621629978899584,1024.8535591944312,515,S3_twin_shock,indonesia,USDC
981,0.8473063687864381,999.2322202145704,515,S3_twin_shock,indonesia,USDC
982,0.8466671221100037,974.2514147092063,515,S3_twin_shock,indonesia,USDC
983,0.8392060232294799,949.8951293414761,515,S3_twin_shock,indonesia,USDC
984,0.8293271138115075,926.1477511079391,515,S3_twin_shock,indonesia,USDC
985,0.8090223570265221,902.9940573302406,515,S3_twin_shock,indonesia,USDC
986,0.7742569941149591,880.4192058969846,515,S3_twin_shock,indonesia,USDC
987,0.7635267980430528,858.4087257495601,515,S3_twin_shock,indonesia,USDC
988,0.7573778569207557,836.9485076058211,515,S3_twin_shock,indonesia,USDC
989,0.7685986318864528,816.0247949156754,515,S3_twin_shock,indonesia,USDC
990,0.7768625633501421,795.6241750427836,515,S3_twin_shock,indonesia,USDC
991,0.7836636966085611,775.7335706667141,515,S3_twin_shock,indonesia,USDC
992,0.7835320530230833,756.3402314000462,515,S3_twin_shock,indonesia,USDC
993,0.7990207296629644,737.4317256150449,515,S3_twin_shock,indonesia,USDC
994,0.8134255263775033,718.9959324746688,515,S3_twin_shock,indonesia,USDC
995,0.7764621741599563,701.0210341628022,515,S3_twin_shock,indonesia,USDC
996,0.7663298548327329,683.495508308732,515,S3_twin_shock,indonesia,USDC
997,0.7569309858327252,666.4081206010137,515,S3_twin_shock,indonesia,USDC
998,0.7644668496325632,649.7479175859884,515,S3_twin_shock,indonesia,USDC
999,0.756297907802519,633.5042196463387,515,S3_twin_shock,indonesia,USDC
1000,0.729965636787969,617.6666141551802,515,S3_twin_shock,indonesia,USDC
