Step,price,liquidity,iteration,scenario,region,coin
1,1.0013015515356596,2989434292782.0933,524,S3_twin_shock,indonesia,USDC
2,0.9722492482072066,2989434292782.0933,524,S3_twin_shock,indonesia,USDC
3,0.9792285842586136,2989434292782.0933,524,S3_twin_shock,indonesia,USDC
4,0.979085458210453,2989434292782.0933,524,S3_twin_shock,indonesia,USDC
5,0.9933713618850529,2989434292782.0933,524,S3_twin_shock,indonesia,USDC
6,0.9689574321579446,2989434292782.0933,524,S3_twin_shock,indonesia,USDC
7,0.968565409266519,2989393806035.04,524,S3_twin_shock,indonesia,USDC
8,0.9497675058167864,2989329794029.2505,524,S3_twin_shock,indonesia,USDC
9,0.9693695916740923,2988107140904.292,524,S3_twin_shock,indonesia,USDC
10,0.9440360958362396,2988085332949.474,524,S3_twin_shock,indonesia,USDC
11,0.9640320229948802,2986545704297.9062,524,S3_twin_shock,indonesia,USDC
12,0.9642706252130827,2986223537783.388,524,S3_twin_shock,indonesia,USDC
13,0.9717909427917403,2985917483985.007,524,S3_twin_shock,indonesia,USDC
14,0.9733126691747838,2985917483985.007,524,S3_twin_shock,indonesia,USDC
15,0.9707866283905544,2985917483985.007,524,S3_twin_shock,indonesia,USDC
16,0.9655587761435716,2985917483985.007,524,S3_twin_shock,indonesia,USDC
17,0.9632115687735544,2985668428948.11,524,S3_twin_shock,indonesia,USDC
18,0.9545851174680577,2985295550235.2607,524,S3_twin_shock,indonesia,USDC
19,0.9725782888758201,2984407823718.016,524,S3_twin_shock,indonesia,USDC
20,1.0221563573744161,2984407823718.016,524,S3_twin_shock,indonesia,USDC
21,0.9830117222549645,2984407823718.016,524,S3_twin_shock,indonesia,USDC
22,0.9576217570209707,2984407823718.016,524,S3_twin_shock,indonesia,USDC
23,0.9503048997826677,2983730541536.909,524,S3_twin_shock,indonesia,USDC
24,0.9410341492608223,2982671117413.617,524,S3_twin_shock,indonesia,USDC
25,0.9402856578915805,2981115565034.962,524,S3_twin_shock,indonesia,USDC
26,0.9685902569994688,2979566991898.4062,524,S3_twin_shock,indonesia,USDC
27,0.9331450011387208,2979503224482.116,524,S3_twin_shock,indonesia,USDC
28,0.9714568422849139,2977600863223.57,524,S3_twin_shock,indonesia,USDC
29,0.9915192705283057,2977600863223.57,524,S3_twin_shock,indonesia,USDC
30,0.9916890547337415,2977600863223.57,524,S3_twin_shock,indonesia,USDC
31,0.9801110922658506,2977600863223.57,524,S3_twin_shock,indonesia,USDC
32,1.002252202027718,2977600863223.57,524,S3_twin_shock,indonesia,USDC
33,1.0403164430612115,2977600863223.57,524,S3_twin_shock,indonesia,USDC
34,1.0602831778238946,2977600863223.57,524,S3_twin_shock,indonesia,USDC
35,1.056950153858055,2977600863223.57,524,S3_twin_shock,indonesia,USDC
36,1.0372989753956872,2977600863223.57,524,S3_twin_shock,indonesia,USDC
37,1.02639390723578,2977600863223.57,524,S3_twin_shock,indonesia,USDC
38,1.0270509260036285,2977600863223.57,524,S3_twin_shock,indonesia,USDC
39,1.0109928574412401,2977600863223.57,524,S3_twin_shock,indonesia,USDC
40,0.9969985301315724,2977600863223.57,524,S3_twin_shock,indonesia,USDC
41,1.0094004633335143,2977600863223.57,524,S3_twin_shock,indonesia,USDC
42,0.9902653553893263,2977600863223.57,524,S3_twin_shock,indonesia,USDC
43,1.0034342473446556,2977600863223.57,524,S3_twin_shock,indonesia,USDC
44,1.0008994555802277,2977600863223.57,524,S3_twin_shock,indonesia,USDC
45,0.9514260105730162,2977600863223.57,524,S3_twin_shock,indonesia,USDC
46,0.9824636748933091,2976694166957.33,524,S3_twin_shock,indonesia,USDC
47,0.9844152517273587,2976694166957.33,524,S3_twin_shock,indonesia,USDC
48,0.9825917885730631,2976694166957.33,524,S3_twin_shock,indonesia,USDC
49,0.9747124808608068,2976694166957.33,524,S3_twin_shock,indonesia,USDC
50,1.027530843400648,2976694166957.33,524,S3_twin_shock,indonesia,USDC
51,1.0495698733144994,2976694166957.33,524,S3_twin_shock,indonesia,USDC
52,1.0268810479305228,2976694166957.33,524,S3_twin_shock,indonesia,USDC
53,1.032917039928062,2976694166957.33,524,S3_twin_shock,indonesia,USDC
54,1.076905258511694,2976694166957.33,524,S3_twin_shock,indonesia,USDC
55,1.094804645865002,2976694166957.33,524,S3_twin_shock,indonesia,USDC
56,1.0950289126907575,2976694166957.33,524,S3_twin_shock,indonesia,USDC
57,1.108393176616046,2976694166957.33,524,S3_twin_shock,indonesia,USDC
58,1.1346582648697108,2976694166957.33,524,S3_twin_shock,indonesia,USDC
59,1.1626919671533698,2976694166957.33,524,S3_twin_shock,indonesia,USDC
60,1.1124056855934346,2976694166957.33,524,S3_twin_shock,indonesia,USDC
61,1.11298260766175,2976694166957.33,524,S3_twin_shock,indonesia,USDC
62,1.0730298639586406,2976694166957.33,524,S3_twin_shock,indonesia,USDC
63,1.0758336101371178,2976694166957.33,524,S3_twin_shock,indonesia,USDC
64,1.0183989573514571,2976694166957.33,524,S3_twin_shock,indonesia,USDC
65,1.0302619571683505,2976694166957.33,524,S3_twin_shock,indonesia,USDC
66,1.0196926270054911,2976694166957.33,524,S3_twin_shock,indonesia,USDC
67,1.0312740152436954,2976694166957.33,524,S3_twin_shock,indonesia,USDC
68,1.0361801721314148,2976694166957.33,524,S3_twin_shock,indonesia,USDC
69,1.0294808124886694,2976694166957.33,524,S3_twin_shock,indonesia,USDC
70,1.0497789149663599,2976694166957.33,524,S3_twin_shock,indonesia,USDC
71,1.0454798443897735,2976694166957.33,524,S3_twin_shock,indonesia,USDC
72,1.016326663336549,2976694166957.33,524,S3_twin_shock,indonesia,USDC
73,1.0183018551185263,2976694166957.33,524,S3_twin_shock,indonesia,USDC
74,1.0096437697401626,2976694166957.33,524,S3_twin_shock,indonesia,USDC
75,1.021580803656737,2976694166957.33,524,S3_twin_shock,indonesia,USDC
76,1.0468421113203263,2976694166957.33,524,S3_twin_shock,indonesia,USDC
77,1.0330318774548213,2976694166957.33,524,S3_twin_shock,indonesia,USDC
78,1.0237054603775344,2976694166957.33,524,S3_twin_shock,indonesia,USDC
79,0.9940820785517778,2976694166957.33,524,S3_twin_shock,indonesia,USDC
80,0.9944007864482522,2976694166957.33,524,S3_twin_shock,indonesia,USDC
81,1.0492967408387264,2976694166957.33,524,S3_twin_shock,indonesia,USDC
82,1.0712233326213014,2976694166957.33,524,S3_twin_shock,indonesia,USDC
83,1.0667060298734694,2976694166957.33,524,S3_twin_shock,indonesia,USDC
84,1.0697656399644744,2976694166957.33,524,S3_twin_shock,indonesia,USDC
85,1.0269988142135282,2976694166957.33,524,S3_twin_shock,indonesia,USDC
86,1.0312271631748136,2976694166957.33,524,S3_twin_shock,indonesia,USDC
87,1.0228250505168348,2976694166957.33,524,S3_twin_shock,indonesia,USDC
88,0.9990291733141062,2976694166957.33,524,S3_twin_shock,indonesia,USDC
89,1.022641100515082,2976694166957.33,524,S3_twin_shock,indonesia,USDC
90,1.0358149714760538,2976694166957.33,524,S3_twin_shock,indonesia,USDC
91,1.0323531156458574,2976694166957.33,524,S3_twin_shock,indonesia,USDC
92,1.0387312034479537,2976694166957.33,524,S3_twin_shock,indonesia,USDC
93,1.0684317316933714,2976694166957.33,524,S3_twin_shock,indonesia,USDC
94,1.0573999451306162,2976694166957.33,524,S3_twin_shock,indonesia,USDC
95,1.042175948113168,2976694166957.33,524,S3_twin_shock,indonesia,USDC
96,1.0152686874761652,2976694166957.33,524,S3_twin_shock,indonesia,USDC
97,1.0218731741826903,2976694166957.33,524,S3_twin_shock,indonesia,USDC
98,1.0262901467896064,2976694166957.33,524,S3_twin_shock,indonesia,USDC
99,1.0299874950050665,2976694166957.33,524,S3_twin_shock,indonesia,USDC
100,0.9801274009609426,2976694166957.33,524,S3_twin_shock,indonesia,USDC
101,0.8348745710163823,2976694166957.33,524,S3_twin_shock,indonesia,USDC
102,0.8738032097446612,2970512908790.5303,524,S3_twin_shock,indonesia,USDC
103,0.9011218965146869,2966706278343.3926,524,S3_twin_shock,indonesia,USDC
104,0.9048955518569816,2964186238161.779,524,S3_twin_shock,indonesia,USDC
105,0.8973686215151669,2961910395285.629,524,S3_twin_shock,indonesia,USDC
106,0.9260981503098573,2959650466693.61,524,S3_twin_shock,indonesia,USDC
107,0.9573684176977588,2958397998272.8433,524,S3_twin_shock,indonesia,USDC
108,0.9549328891724157,2958084473530.6123,524,S3_twin_shock,indonesia,USDC
109,0.9401604658241545,2957683828421.7314,524,S3_twin_shock,indonesia,USDC
110,0.9378497846592927,2956901940760.3887,524,S3_twin_shock,indonesia,USDC
111,0.9117122673544089,2956020917704.0137,524,S3_twin_shock,indonesia,USDC
112,0.8961673047972673,2954544308999.122,524,S3_twin_shock,indonesia,USDC
113,0.8774185948017356,2952678000449.4795,524,S3_twin_shock,indonesia,USDC
114,0.9014879810810222,2950459510637.2485,524,S3_twin_shock,indonesia,USDC
115,0.9360251664012866,2949010341946.9316,524,S3_twin_shock,indonesia,USDC
116,0.9966997180157107,2948324679047.039,524,S3_twin_shock,indonesia,USDC
117,1.0132165528475083,2948324679047.039,524,S3_twin_shock,indonesia,USDC
118,0.9961178748024063,2948324679047.039,524,S3_twin_shock,indonesia,USDC
119,0.9684666223572982,2948324679047.039,524,S3_twin_shock,indonesia,USDC
120,0.9582768186552515,2948314769333.0254,524,S3_twin_shock,indonesia,USDC
121,0.9346383575189986,2874384419925.246,524,S3_twin_shock,indonesia,USDC
122,0.9380191239827043,2801861833879.966,524,S3_twin_shock,indonesia,USDC
123,0.9009770090449267,2731274996710.5283,524,S3_twin_shock,indonesia,USDC
124,0.9031733592000507,2661784670284.701,524,S3_twin_shock,indonesia,USDC
125,0.8858704799872161,2594153310008.461,524,S3_twin_shock,indonesia,USDC
126,0.8368579215413893,2528082836976.142,524,S3_twin_shock,indonesia,USDC
127,0.8621824171556641,2463107518333.254,524,S3_twin_shock,indonesia,USDC
128,0.8292426337499836,2400284987055.8784,524,S3_twin_shock,indonesia,USDC
129,0.8128741956690619,2338853055358.2124,524,S3_twin_shock,indonesia,USDC
130,0.8241327776375995,2279006408518.2114,524,S3_twin_shock,indonesia,USDC
131,0.8127829747309228,2220926937703.6465,524,S3_twin_shock,indonesia,USDC
132,0.7805120810395004,2164405605039.0295,524,S3_twin_shock,indonesia,USDC
133,0.7672331755261808,2109274037413.4807,524,S3_twin_shock,indonesia,USDC
134,0.784561107646874,2055595502363.7183,524,S3_twin_shock,indonesia,USDC
135,0.7632585427797026,2003560592755.8076,524,S3_twin_shock,indonesia,USDC
136,0.7714568390331246,1952857522691.1626,524,S3_twin_shock,indonesia,USDC
137,0.7768600783710552,1903579051247.1875,524,S3_twin_shock,indonesia,USDC
138,0.7634384418262926,1855618035151.379,524,S3_twin_shock,indonesia,USDC
139,0.7488986282119471,1808927567866.1162,524,S3_twin_shock,indonesia,USDC
140,0.7289432480436951,1763447583902.1626,524,S3_twin_shock,indonesia,USDC
141,0.7425530543569203,1719141484641.733,524,S3_twin_shock,indonesia,USDC
142,0.7727453744682825,1676001108768.8892,524,S3_twin_shock,indonesia,USDC
143,0.7857813588380178,1633992331779.7065,524,S3_twin_shock,indonesia,USDC
144,0.8005705058968575,1593062544841.6045,524,S3_twin_shock,indonesia,USDC
145,0.8027553260140995,1553171852272.603,524,S3_twin_shock,indonesia,USDC
146,0.7389018062893731,1514292404295.2058,524,S3_twin_shock,indonesia,USDC
147,0.730691892158112,1476376017718.7725,524,S3_twin_shock,indonesia,USDC
148,0.7324742858007421,1439419741413.1355,524,S3_twin_shock,indonesia,USDC
149,0.7251643490864782,1403399588075.6094,524,S3_twin_shock,indonesia,USDC
150,0.7338819214284958,1368286801279.6382,524,S3_twin_shock,indonesia,USDC
151,0.7249513511403014,1334059836355.1636,524,S3_twin_shock,indonesia,USDC
152,0.733272757012779,1300692604400.2004,524,S3_twin_shock,indonesia,USDC
153,0.6198469553795977,1268163791739.7375,524,S3_twin_shock,indonesia,USDC
154,0.6290826903364095,1236446186813.4097,524,S3_twin_shock,indonesia,USDC
155,0.6475863952217956,1205526782832.1262,524,S3_twin_shock,indonesia,USDC
156,0.6758641207161489,1175383690522.809,524,S3_twin_shock,indonesia,USDC
157,0.6896955949847758,1145995840380.2456,524,S3_twin_shock,indonesia,USDC
158,0.7110249858667252,1117343821267.4285,524,S3_twin_shock,indonesia,USDC
159,0.7207093302558367,1089408873823.7029,524,S3_twin_shock,indonesia,USDC
160,0.711729128655083,1062172640810.1304,524,S3_twin_shock,indonesia,USDC
161,0.7257863293667147,1035617570652.8604,524,S3_twin_shock,indonesia,USDC
162,0.7357843010844063,1009726576948.7871,524,S3_twin_shock,indonesia,USDC
163,0.749157425975433,984483004172.9009,524,S3_twin_shock,indonesia,USDC
164,0.7712993199811542,959870653589.9932,524,S3_twin_shock,indonesia,USDC
165,0.7605836354269733,935873680898.1082,524,S3_twin_shock,indonesia,USDC
166,0.7578906093567259,912476669011.7458,524,S3_twin_shock,indonesia,USDC
167,0.7602649739811514,889664614276.2363,524,S3_twin_shock,indonesia,USDC
168,0.7727258345338379,867422898388.6011,524,S3_twin_shock,indonesia,USDC
169,0.7535010280649003,845737249087.8376,524,S3_twin_shock,indonesia,USDC
170,0.7723588529198103,824593750018.8765,524,S3_twin_shock,indonesia,USDC
171,0.7853000579100964,803978857675.0186,524,S3_twin_shock,indonesia,USDC
172,0.7794227435173748,783879348280.3461,524,S3_twin_shock,indonesia,USDC
173,0.7913972791783849,764282334086.2572,524,S3_twin_shock,indonesia,USDC
174,0.7835905247715487,745175252086.09,524,S3_twin_shock,indonesia,USDC
175,0.7741478997012897,726545850574.2887,524,S3_twin_shock,indonesia,USDC
176,0.787765334973444,708382187752.5679,524,S3_twin_shock,indonesia,USDC
177,0.7548367439076373,690672620591.475,524,S3_twin_shock,indonesia,USDC
178,0.7761143929113238,673405792463.5735,524,S3_twin_shock,indonesia,USDC
179,0.7901288487632361,656570638747.9697,524,S3_twin_shock,indonesia,USDC
180,0.824348140835586,640156366273.0326,524,S3_twin_shock,indonesia,USDC
181,0.8343536456183882,624152452886.8782,524,S3_twin_shock,indonesia,USDC
182,0.8370210126489496,608548638039.8632,524,S3_twin_shock,indonesia,USDC
183,0.8451719744086251,593334919165.1206,524,S3_twin_shock,indonesia,USDC
184,0.8718259781327643,578501543755.6029,524,S3_twin_shock,indonesia,USDC
185,0.8485842100834129,564039003493.167,524,S3_twin_shock,indonesia,USDC
186,0.8216901669067385,549938026542.986,524,S3_twin_shock,indonesia,USDC
187,0.8028767214107845,536189573922.40015,524,S3_twin_shock,indonesia,USDC
188,0.8087047233750476,522784832614.2138,524,S3_twin_shock,indonesia,USDC
189,0.776317233978617,509715210233.0238,524,S3_twin_shock,indonesia,USDC
190,0.787057680947062,496972328468.7727,524,S3_twin_shock,indonesia,USDC
191,0.7732165134652964,484548019060.87836,524,S3_twin_shock,indonesia,USDC
192,0.768696711188519,472434317600.50635,524,S3_twin_shock,indonesia,USDC
193,0.7947833624999389,460623458796.6836,524,S3_twin_shock,indonesia,USDC
194,0.8180847548289043,449107871765.8241,524,S3_twin_shock,indonesia,USDC
195,0.7963393858344098,437880174559.79504,524,S3_twin_shock,indonesia,USDC
196,0.7685817936253354,426933169787.5782,524,S3_twin_shock,indonesia,USDC
197,0.7801090389595552,416259840167.5983,524,S3_twin_shock,indonesia,USDC
198,0.7766400453538987,405853343861.49994,524,S3_twin_shock,indonesia,USDC
199,0.7956031196447532,395707010022.53143,524,S3_twin_shock,indonesia,USDC
200,0.8058291007399532,385814334596.13605,524,S3_twin_shock,indonesia,USDC
201,0.7946012326954291,376168976100.33215,524,S3_twin_shock,indonesia,USDC
202,0.7439996581203772,366764751577.819,524,S3_twin_shock,indonesia,USDC
203,0.7629339825920955,357595632662.84247,524,S3_twin_shock,indonesia,USDC
204,0.7727622684814521,348655741754.8618,524,S3_twin_shock,indonesia,USDC
205,0.7605393652084962,339939348140.4057,524,S3_twin_shock,indonesia,USDC
206,0.7525116505789161,331440864377.932,524,S3_twin_shock,indonesia,USDC
207,0.7671082403915181,323154842720.9816,524,S3_twin_shock,indonesia,USDC
208,0.7669393467739418,315075971615.9054,524,S3_twin_shock,indonesia,USDC
209,0.7703615805446369,307199072297.8647,524,S3_twin_shock,indonesia,USDC
210,0.750217743323142,299519095468.14636,524,S3_twin_shock,indonesia,USDC
211,0.7310384011914342,292031118061.4072,524,S3_twin_shock,indonesia,USDC
212,0.7398844486762233,284730340093.566,524,S3_twin_shock,indonesia,USDC
213,0.7550913054610974,277612081579.1781,524,S3_twin_shock,indonesia,USDC
214,0.7696703222801579,270671779530.6211,524,S3_twin_shock,indonesia,USDC
215,0.7664102316133997,263904985035.6012,524,S3_twin_shock,indonesia,USDC
216,0.7761303657021607,257307360404.26453,524,S3_twin_shock,indonesia,USDC
217,0.7788309554842561,250874676390.13397,524,S3_twin_shock,indonesia,USDC
218,0.783197440158209,244602809477.19708,524,S3_twin_shock,indonesia,USDC
219,0.7802051103016465,238487739237.80835,524,S3_twin_shock,indonesia,USDC
220,0.8156164625444198,232525545754.7426,524,S3_twin_shock,indonesia,USDC
221,0.8201850178372759,226712407109.48663,524,S3_twin_shock,indonesia,USDC
222,0.8251694517265613,221044596930.68536,524,S3_twin_shock,indonesia,USDC
223,0.7952284163462353,215518482006.48273,524,S3_twin_shock,indonesia,USDC
224,0.7956919300701806,210130519955.39703,524,S3_twin_shock,indonesia,USDC
225,0.7822185938451569,204877256955.76666,524,S3_twin_shock,indonesia,USDC
226,0.7846144985946856,199755325531.20486,524,S3_twin_shock,indonesia,USDC
227,0.8014234698482476,194761442392.35266,524,S3_twin_shock,indonesia,USDC
228,0.8009964248479302,189892406332.1393,524,S3_twin_shock,indonesia,USDC
229,0.7945660245386093,185145096173.49097,524,S3_twin_shock,indonesia,USDC
230,0.7963138294922394,180516468768.86902,524,S3_twin_shock,indonesia,USDC
231,0.7676888194898724,176003557049.3989,524,S3_twin_shock,indonesia,USDC
232,0.7973311046516324,171603468122.9354,524,S3_twin_shock,indonesia,USDC
233,0.8207126051721578,167313381419.69998,524,S3_twin_shock,indonesia,USDC
234,0.8131080427892988,163130546884.09454,524,S3_twin_shock,indonesia,USDC
235,0.8074059676130431,159052283211.89145,524,S3_twin_shock,indonesia,USDC
236,0.8049473067573826,155075976131.50635,524,S3_twin_shock,indonesia,USDC
237,0.8234072764309284,151199076728.14575,524,S3_twin_shock,indonesia,USDC
238,0.8152556583646346,147419099809.889,524,S3_twin_shock,indonesia,USDC
239,0.8278764055668193,143733622314.5937,524,S3_twin_shock,indonesia,USDC
240,0.820131272803621,140140281756.6889,524,S3_twin_shock,indonesia,USDC
241,0.832947256371255,136636774712.73572,524,S3_twin_shock,indonesia,USDC
242,0.8205450790757952,133220855344.88953,524,S3_twin_shock,indonesia,USDC
243,0.8372069317619021,129890333961.24176,524,S3_twin_shock,indonesia,USDC
244,0.8411772821448226,126643075612.19229,524,S3_twin_shock,indonesia,USDC
245,0.8433282618280312,123476998721.87155,524,S3_twin_shock,indonesia,USDC
246,0.8734095180472363,120390073753.81084,524,S3_twin_shock,indonesia,USDC
247,0.8980094997706322,117380321909.9563,524,S3_twin_shock,indonesia,USDC
248,0.8753078776113716,114445813862.20148,524,S3_twin_shock,indonesia,USDC
249,0.8747047860195656,111584668515.63864,524,S3_twin_shock,indonesia,USDC
250,0.8597829006341553,108795051802.74106,524,S3_twin_shock,indonesia,USDC
251,0.8331928435038081,106075175507.6651,524,S3_twin_shock,indonesia,USDC
252,0.8038957999822617,103423296119.96527,524,S3_twin_shock,indonesia,USDC
253,0.7844542142525537,100837713716.95811,524,S3_twin_shock,indonesia,USDC
254,0.7921922276506991,98316770874.02615,524,S3_twin_shock,indonesia,USDC
255,0.799810028791052,95858851602.16931,524,S3_twin_shock,indonesia,USDC
256,0.7970476235817067,93462380312.11023,524,S3_twin_shock,indonesia,USDC
257,0.8047664437410071,91125820804.3034,524,S3_twin_shock,indonesia,USDC
258,0.7896146946600818,88847675284.19283,524,S3_twin_shock,indonesia,USDC
259,0.7670666046215532,86626483402.08514,524,S3_twin_shock,indonesia,USDC
260,0.7562593778529718,84460821317.03032,524,S3_twin_shock,indonesia,USDC
261,0.7399022242904284,82349300784.10245,524,S3_twin_shock,indonesia,USDC
262,0.7581493882264047,80290568264.49797,524,S3_twin_shock,indonesia,USDC
263,0.781894651039479,78283304057.88422,524,S3_twin_shock,indonesia,USDC
264,0.7900336853006552,76326221456.43616,524,S3_twin_shock,indonesia,USDC
265,0.7963535668278735,74418065920.02457,524,S3_twin_shock,indonesia,USDC
266,0.7936125339297005,72557614272.0234,524,S3_twin_shock,indonesia,USDC
267,0.8028440126869876,70743673915.22235,524,S3_twin_shock,indonesia,USDC
268,0.7787974263835236,68975082067.34143,524,S3_twin_shock,indonesia,USDC
269,0.7875098317225664,67250705015.65756,524,S3_twin_shock,indonesia,USDC
270,0.7944894919814243,65569437390.26585,524,S3_twin_shock,indonesia,USDC
271,0.7904791988310087,63930201455.50899,524,S3_twin_shock,indonesia,USDC
272,0.8073007791561709,62331946419.12108,524,S3_twin_shock,indonesia,USDC
273,0.7951466477485154,60773647758.64292,524,S3_twin_shock,indonesia,USDC
274,0.8064849316609733,59254306564.67673,524,S3_twin_shock,indonesia,USDC
275,0.8007116164233042,57772948900.55971,524,S3_twin_shock,indonesia,USDC
276,0.802153707298951,56328625178.04564,524,S3_twin_shock,indonesia,USDC
277,0.7971561759429069,54920409548.59442,524,S3_twin_shock,indonesia,USDC
278,0.795756212832619,53547399309.87952,524,S3_twin_shock,indonesia,USDC
279,0.7905570797598732,52208714327.13248,524,S3_twin_shock,indonesia,USDC
280,0.7937082052316469,50903496468.95413,524,S3_twin_shock,indonesia,USDC
281,0.7603633594646766,49630909057.23025,524,S3_twin_shock,indonesia,USDC
282,0.759641369058366,48390136330.79946,524,S3_twin_shock,indonesia,USDC
283,0.7693130271476273,47180382922.52945,524,S3_twin_shock,indonesia,USDC
284,0.7774955216742516,46000873349.4662,524,S3_twin_shock,indonesia,USDC
285,0.7720428460430255,44850851515.72952,524,S3_twin_shock,indonesia,USDC
286,0.7732160508038877,43729580227.83628,524,S3_twin_shock,indonesia,USDC
287,0.7693144334678516,42636340722.140366,524,S3_twin_shock,indonesia,USDC
288,0.7837612531725441,41570432204.086845,524,S3_twin_shock,indonesia,USDC
289,0.7947491889692291,40531171398.98467,524,S3_twin_shock,indonesia,USDC
290,0.7718370310809464,39517892114.01004,524,S3_twin_shock,indonesia,USDC
291,0.8057180300096167,38529944811.15979,524,S3_twin_shock,indonesia,USDC
292,0.7892755191392733,37566696190.88079,524,S3_twin_shock,indonesia,USDC
293,0.7979680534950838,36627528786.10877,524,S3_twin_shock,indonesia,USDC
294,0.8084047230013479,35711840566.45605,524,S3_twin_shock,indonesia,USDC
295,0.8046580341159337,34819044552.29465,524,S3_twin_shock,indonesia,USDC
296,0.7980637444431352,33948568438.48728,524,S3_twin_shock,indonesia,USDC
297,0.7876493619809964,33099854227.525097,524,S3_twin_shock,indonesia,USDC
298,0.7679829680722962,32272357871.83697,524,S3_twin_shock,indonesia,USDC
299,0.7876004796660274,31465548925.041046,524,S3_twin_shock,indonesia,USDC
300,0.7966075144598298,30678910201.915024,524,S3_twin_shock,indonesia,USDC
301,0.782730394108316,29911937446.86714,524,S3_twin_shock,indonesia,USDC
302,0.7944712810709509,29164139010.695465,524,S3_twin_shock,indonesia,USDC
303,0.7890382882826812,28435035535.42808,524,S3_twin_shock,indonesia,USDC
304,0.7877807997371288,27724159647.042377,524,S3_twin_shock,indonesia,USDC
305,0.7882255212513721,27031055655.866318,524,S3_twin_shock,indonesia,USDC
306,0.7982838463415027,26355279264.46966,524,S3_twin_shock,indonesia,USDC
307,0.7784872923462959,25696397282.857918,524,S3_twin_shock,indonesia,USDC
308,0.8152938287839253,25053987350.78647,524,S3_twin_shock,indonesia,USDC
309,0.8390141208897622,24427637667.016808,524,S3_twin_shock,indonesia,USDC
310,0.815830650343755,23816946725.34139,524,S3_twin_shock,indonesia,USDC
311,0.8323299254814098,23221523057.207855,524,S3_twin_shock,indonesia,USDC
312,0.8204456840250872,22640984980.77766,524,S3_twin_shock,indonesia,USDC
313,0.8175747586717858,22074960356.258217,524,S3_twin_shock,indonesia,USDC
314,0.7977515722250911,21523086347.35176,524,S3_twin_shock,indonesia,USDC
315,0.8046035154371605,20985009188.66797,524,S3_twin_shock,indonesia,USDC
316,0.8295745773923835,20460383958.95127,524,S3_twin_shock,indonesia,USDC
317,0.8167681405668464,19948874359.977486,524,S3_twin_shock,indonesia,USDC
318,0.8271696758683361,19450152500.97805,524,S3_twin_shock,indonesia,USDC
319,0.8196505862979144,18963898688.453598,524,S3_twin_shock,indonesia,USDC
320,0.8039156928894805,18489801221.24226,524,S3_twin_shock,indonesia,USDC
321,0.8102724974857903,18027556190.7112,524,S3_twin_shock,indonesia,USDC
322,0.8152450227978356,17576867285.94342,524,S3_twin_shock,indonesia,USDC
323,0.8009764237774271,17137445603.794834,524,S3_twin_shock,indonesia,USDC
324,0.7972083716917373,16709009463.699963,524,S3_twin_shock,indonesia,USDC
325,0.8037730392363994,16291284227.107464,524,S3_twin_shock,indonesia,USDC
326,0.7992795041801867,15884002121.429777,524,S3_twin_shock,indonesia,USDC
327,0.7706809627852556,15486902068.394032,524,S3_twin_shock,indonesia,USDC
328,0.8086023760879332,15099729516.684181,524,S3_twin_shock,indonesia,USDC
329,0.8093797264622921,14722236278.767076,524,S3_twin_shock,indonesia,USDC
330,0.7882313463547682,14354180371.797901,524,S3_twin_shock,indonesia,USDC
331,0.7896245214305107,13995325862.502953,524,S3_twin_shock,indonesia,USDC
332,0.7907466094671063,13645442715.94038,524,S3_twin_shock,indonesia,USDC
333,0.8215649662945106,13304306648.04187,524,S3_twin_shock,indonesia,USDC
334,0.8275030248146522,12971698981.840822,524,S3_twin_shock,indonesia,USDC
335,0.8289485218902365,12647406507.294802,524,S3_twin_shock,indonesia,USDC
336,0.831141796502658,12331221344.61243,524,S3_twin_shock,indonesia,USDC
337,0.8230238703837421,12022940810.997122,524,S3_twin_shock,indonesia,USDC
338,0.8038144812674735,11722367290.722193,524,S3_twin_shock,indonesia,USDC
339,0.7886734881087248,11429308108.454138,524,S3_twin_shock,indonesia,USDC
340,0.8069108596882888,11143575405.742785,524,S3_twin_shock,indonesia,USDC
341,0.7869854474088502,10864986020.599215,524,S3_twin_shock,indonesia,USDC
342,0.7903880109347846,10593361370.084234,524,S3_twin_shock,indonesia,USDC
343,0.7685527578331964,10328527335.832129,524,S3_twin_shock,indonesia,USDC
344,0.7681829364024277,10070314152.436325,524,S3_twin_shock,indonesia,USDC
345,0.7784032580365718,9818556298.625418,524,S3_twin_shock,indonesia,USDC
346,0.7800561743747445,9573092391.159782,524,S3_twin_shock,indonesia,USDC
347,0.8037694268558966,9333765081.380787,524,S3_twin_shock,indonesia,USDC
348,0.7875787614556593,9100420954.346268,524,S3_twin_shock,indonesia,USDC
349,0.7984857776039758,8872910430.48761,524,S3_twin_shock,indonesia,USDC
350,0.8091372933101699,8651087669.725422,524,S3_twin_shock,indonesia,USDC
351,0.7973223470805718,8434810477.982286,524,S3_twin_shock,indonesia,USDC
352,0.7911373647233689,8223940216.032728,524,S3_twin_shock,indonesia,USDC
353,0.7650117604703018,8018341710.631909,524,S3_twin_shock,indonesia,USDC
354,0.7329970059654517,7817883167.866112,524,S3_twin_shock,indonesia,USDC
355,0.7488165667619073,7622436088.669459,524,S3_twin_shock,indonesia,USDC
356,0.7380699200547451,7431875186.452723,524,S3_twin_shock,indonesia,USDC
357,0.752411022909795,7246078306.791405,524,S3_twin_shock,indonesia,USDC
358,0.7623477400988765,7064926349.12162,524,S3_twin_shock,indonesia,USDC
359,0.7677534730534293,6888303190.393578,524,S3_twin_shock,indonesia,USDC
360,0.7705211002526898,6716095610.6337385,524,S3_twin_shock,indonesia,USDC
361,0.7823343697248697,6548193220.367895,524,S3_twin_shock,indonesia,USDC
362,0.7748434707302876,6384488389.858698,524,S3_twin_shock,indonesia,USDC
363,0.7668647311352438,6224876180.11223,524,S3_twin_shock,indonesia,USDC
364,0.770244389402682,6069254275.609425,524,S3_twin_shock,indonesia,USDC
365,0.7588213868414767,5917522918.719189,524,S3_twin_shock,indonesia,USDC
366,0.6677223274070971,5769584845.751209,524,S3_twin_shock,indonesia,USDC
367,0.7073731169580496,5625345224.607429,524,S3_twin_shock,indonesia,USDC
368,0.7238856220369186,5484711593.992243,524,S3_twin_shock,indonesia,USDC
369,0.721478731414756,5347593804.142437,524,S3_twin_shock,indonesia,USDC
370,0.7295267706949934,5213903959.038877,524,S3_twin_shock,indonesia,USDC
371,0.6607557787029605,5083556360.062904,524,S3_twin_shock,indonesia,USDC
372,0.6755571796387253,4956467451.061332,524,S3_twin_shock,indonesia,USDC
373,0.6996190098811352,4832555764.784798,524,S3_twin_shock,indonesia,USDC
374,0.7176756203253611,4711741870.665178,524,S3_twin_shock,indonesia,USDC
375,0.7629120616710807,4593948323.89855,524,S3_twin_shock,indonesia,USDC
376,0.769635558292261,4479099615.801085,524,S3_twin_shock,indonesia,USDC
377,0.7701159030852232,4367122125.406058,524,S3_twin_shock,indonesia,USDC
378,0.7780728746903184,4257944072.2709074,524,S3_twin_shock,indonesia,USDC
379,0.7673574597026159,4151495470.464134,524,S3_twin_shock,indonesia,USDC
380,0.7852319594415128,4047708083.702531,524,S3_twin_shock,indonesia,USDC
381,0.787382284167987,3946515381.609967,524,S3_twin_shock,indonesia,USDC
382,0.7823832445931284,3847852497.0697184,524,S3_twin_shock,indonesia,USDC
383,0.781080418887074,3751656184.6429753,524,S3_twin_shock,indonesia,USDC
384,0.7554365470957108,3657864780.0269012,524,S3_twin_shock,indonesia,USDC
385,0.7598182740617911,3566418160.5262284,524,S3_twin_shock,indonesia,USDC
386,0.783622866368951,3477257706.5130725,524,S3_twin_shock,indonesia,USDC
387,0.7585148183048032,3390326263.850246,524,S3_twin_shock,indonesia,USDC
388,0.7741620069388603,3305568107.25399,524,S3_twin_shock,indonesia,USDC
389,0.7166114794715929,3222928904.5726404,524,S3_twin_shock,indonesia,USDC
390,0.7250656668366798,3142355681.9583244,524,S3_twin_shock,indonesia,USDC
391,0.7254054010746219,3063796789.909366,524,S3_twin_shock,indonesia,USDC
392,0.7183495055347636,2987201870.161632,524,S3_twin_shock,indonesia,USDC
393,0.7323079947102613,2912521823.407591,524,S3_twin_shock,indonesia,USDC
394,0.7340949730810574,2839708777.8224015,524,S3_twin_shock,indonesia,USDC
395,0.7371345111391401,2768716058.3768415,524,S3_twin_shock,indonesia,USDC
396,0.7438808899139691,2699498156.9174204,524,S3_twin_shock,indonesia,USDC
397,0.7518455897088783,2632010702.994485,524,S3_twin_shock,indonesia,USDC
398,0.7585931024150974,2566210435.419623,524,S3_twin_shock,indonesia,USDC
399,0.7647626011564538,2502055174.534132,524,S3_twin_shock,indonesia,USDC
400,0.7764293812665276,2439503795.170779,524,S3_twin_shock,indonesia,USDC
401,0.7816528110344229,2378516200.2915096,524,S3_twin_shock,indonesia,USDC
402,0.7912923159424321,2319053295.2842216,524,S3_twin_shock,indonesia,USDC
403,0.7621889171703937,2261076962.902116,524,S3_twin_shock,indonesia,USDC
404,0.7687811140619003,2204550038.829563,524,S3_twin_shock,indonesia,USDC
405,0.7763379028475542,2149436287.8588243,524,S3_twin_shock,indonesia,USDC
406,0.7669543455270488,2095700380.6623535,524,S3_twin_shock,indonesia,USDC
407,0.7717885359733145,2043307871.1457944,524,S3_twin_shock,indonesia,USDC
408,0.7657034474516433,1992225174.3671498,524,S3_twin_shock,indonesia,USDC
409,0.7409292417590614,1942419545.0079708,524,S3_twin_shock,indonesia,USDC
410,0.7641463846602095,1893859056.3827715,524,S3_twin_shock,indonesia,USDC
411,0.7401799614053296,1846512579.9732022,524,S3_twin_shock,indonesia,USDC
412,0.7534142783753283,1800349765.4738722,524,S3_twin_shock,indonesia,USDC
413,0.7458374736070278,1755341021.3370254,524,S3_twin_shock,indonesia,USDC
414,0.7498148591875545,1711457495.8035998,524,S3_twin_shock,indonesia,USDC
415,0.7526660618516354,1668671058.4085097,524,S3_twin_shock,indonesia,USDC
416,0.7434846854749535,1626954281.948297,524,S3_twin_shock,indonesia,USDC
417,0.764664332285183,1586280424.8995895,524,S3_twin_shock,indonesia,USDC
418,0.758975210476806,1546623414.2770996,524,S3_twin_shock,indonesia,USDC
419,0.7781195528190763,1507957828.9201722,524,S3_twin_shock,indonesia,USDC
420,0.7870650026926135,1470258883.1971679,524,S3_twin_shock,indonesia,USDC
421,0.781529673150578,1433502411.1172385,524,S3_twin_shock,indonesia,USDC
422,0.7763434359571748,1397664850.8393078,524,S3_twin_shock,indonesia,USDC
423,0.7645828278567621,1362723229.568325,524,S3_twin_shock,indonesia,USDC
424,0.7802232236081488,1328655148.8291168,524,S3_twin_shock,indonesia,USDC
425,0.7875581000355941,1295438770.108389,524,S3_twin_shock,indonesia,USDC
426,0.7932987387151886,1263052800.8556793,524,S3_twin_shock,indonesia,USDC
427,0.8089553842865319,1231476480.8342872,524,S3_twin_shock,indonesia,USDC
428,0.8228908792087757,1200689568.81343,524,S3_twin_shock,indonesia,USDC
429,0.8064456086031324,1170672329.5930943,524,S3_twin_shock,indonesia,USDC
430,0.8073958997922278,1141405521.353267,524,S3_twin_shock,indonesia,USDC
431,0.8189014249388306,1112870383.3194351,524,S3_twin_shock,indonesia,USDC
432,0.8083013544070752,1085048623.7364492,524,S3_twin_shock,indonesia,USDC
433,0.8091612104033358,1057922408.143038,524,S3_twin_shock,indonesia,USDC
434,0.8392067723090444,1031474347.9394622,524,S3_twin_shock,indonesia,USDC
435,0.8310032093576579,1005687489.2409755,524,S3_twin_shock,indonesia,USDC
436,0.8098397714193722,980545302.0099511,524,S3_twin_shock,indonesia,USDC
437,0.8084950430183246,956031669.4597025,524,S3_twin_shock,indonesia,USDC
438,0.8051294808406824,932130877.7232099,524,S3_twin_shock,indonesia,USDC
439,0.80588252601247,908827605.7801296,524,S3_twin_shock,indonesia,USDC
440,0.7951491018818019,886106915.6356264,524,S3_twin_shock,indonesia,USDC
441,0.7712743125561599,863954242.7447357,524,S3_twin_shock,indonesia,USDC
442,0.7690132518901879,842355386.6761172,524,S3_twin_shock,indonesia,USDC
443,0.8126172610094065,821296502.0092144,524,S3_twin_shock,indonesia,USDC
444,0.7872450746850009,800764089.458984,524,S3_twin_shock,indonesia,USDC
445,0.784720987322861,780744987.2225094,524,S3_twin_shock,indonesia,USDC
446,0.7309151371118912,761226362.5419466,524,S3_twin_shock,indonesia,USDC
447,0.7362323113297832,742195703.4783981,524,S3_twin_shock,indonesia,USDC
448,0.7426481955277126,723640810.891438,524,S3_twin_shock,indonesia,USDC
449,0.7597170961842288,705549790.6191521,524,S3_twin_shock,indonesia,USDC
450,0.7588467119021743,687911045.8536732,524,S3_twin_shock,indonesia,USDC
451,0.7983964623991131,670713269.7073314,524,S3_twin_shock,indonesia,USDC
452,0.807030861566926,653945437.9646481,524,S3_twin_shock,indonesia,USDC
453,0.774930845180832,637596802.0155319,524,S3_twin_shock,indonesia,USDC
454,0.8044648824993272,621656881.9651437,524,S3_twin_shock,indonesia,USDC
455,0.7898122507835553,606115459.916015,524,S3_twin_shock,indonesia,USDC
456,0.773812412223559,590962573.4181147,524,S3_twin_shock,indonesia,USDC
457,0.7843035516488405,576188509.0826617,524,S3_twin_shock,indonesia,USDC
458,0.7947998358831087,561783796.3555954,524,S3_twin_shock,indonesia,USDC
459,0.7997700158942207,547739201.4467053,524,S3_twin_shock,indonesia,USDC
460,0.7917576174760418,534045721.4105377,524,S3_twin_shock,indonesia,USDC
461,0.7757619071088261,520694578.3752743,524,S3_twin_shock,indonesia,USDC
462,0.7695415266688318,507677213.9158924,524,S3_twin_shock,indonesia,USDC
463,0.7820906921722859,494985283.5679951,524,S3_twin_shock,indonesia,USDC
464,0.7822849495111781,482610651.47879523,524,S3_twin_shock,indonesia,USDC
465,0.7981758939286153,470545385.19182533,524,S3_twin_shock,indonesia,USDC
466,0.7993710502609139,458781750.5620297,524,S3_twin_shock,indonesia,USDC
467,0.7813908347990196,447312206.797979,524,S3_twin_shock,indonesia,USDC
468,0.79392642513929,436129401.6280296,524,S3_twin_shock,indonesia,USDC
469,0.8041035673056212,425226166.5873288,524,S3_twin_shock,indonesia,USDC
470,0.8057662134485677,414595512.42264557,524,S3_twin_shock,indonesia,USDC
471,0.8123441256946459,404230624.61207944,524,S3_twin_shock,indonesia,USDC
472,0.8164771609786052,394124858.9967774,524,S3_twin_shock,indonesia,USDC
473,0.8313716199601989,384271737.521858,524,S3_twin_shock,indonesia,USDC
474,0.8156353661726544,374664944.0838116,524,S3_twin_shock,indonesia,USDC
475,0.8347087923336363,365298320.4817163,524,S3_twin_shock,indonesia,USDC
476,0.8278453225234513,356165862.46967334,524,S3_twin_shock,indonesia,USDC
477,0.8111855756587093,347261715.9079315,524,S3_twin_shock,indonesia,USDC
478,0.7954202845858188,338580173.0102332,524,S3_twin_shock,indonesia,USDC
479,0.7857676955393919,330115668.6849774,524,S3_twin_shock,indonesia,USDC
480,0.799607922852593,321862776.96785295,524,S3_twin_shock,indonesia,USDC
481,0.7716070313326621,313816207.54365665,524,S3_twin_shock,indonesia,USDC
482,0.7611783525075015,305970802.3550652,524,S3_twin_shock,indonesia,USDC
483,0.7751389582736202,298321532.2961886,524,S3_twin_shock,indonesia,USDC
484,0.7552807075591212,290863493.9887839,524,S3_twin_shock,indonesia,USDC
485,0.7596113484276849,283591906.63906425,524,S3_twin_shock,indonesia,USDC
486,0.7785206139973847,276502108.97308767,524,S3_twin_shock,indonesia,USDC
487,0.784792432789962,269589556.24876046,524,S3_twin_shock,indonesia,USDC
488,0.7955570101094803,262849817.34254146,524,S3_twin_shock,indonesia,USDC
489,0.7667261787702394,256278571.90897793,524,S3_twin_shock,indonesia,USDC
490,0.7686907546824614,249871607.6112535,524,S3_twin_shock,indonesia,USDC
491,0.7777859109191878,243624817.42097214,524,S3_twin_shock,indonesia,USDC
492,0.7809192082344771,237534196.98544785,524,S3_twin_shock,indonesia,USDC
493,0.788205855937391,231595842.06081164,524,S3_twin_shock,indonesia,USDC
494,0.8000236759861991,225805946.00929135,524,S3_twin_shock,indonesia,USDC
495,0.792609834501627,220160797.3590591,524,S3_twin_shock,indonesia,USDC
496,0.7936027872774195,214656777.42508262,524,S3_twin_shock,indonesia,USDC
497,0.7829945030468921,209290357.98945555,524,S3_twin_shock,indonesia,USDC
498,0.7972204240777492,204058099.03971916,524,S3_twin_shock,indonesia,USDC
499,0.7986611349520534,198956646.5637262,524,S3_twin_shock,indonesia,USDC
500,0.8122861350207617,193982730.39963302,524,S3_twin_shock,indonesia,USDC
501,0.8180879492679629,189133162.13964218,524,S3_twin_shock,indonesia,USDC
502,0.8148025622368564,184404833.08615115,524,S3_twin_shock,indonesia,USDC
503,0.8088989951910129,179794712.25899738,524,S3_twin_shock,indonesia,USDC
504,0.8079554526508667,175299844.45252243,524,S3_twin_shock,indonesia,USDC
505,0.8152548467208796,170917348.34120935,524,S3_twin_shock,indonesia,USDC
506,0.8179951784608236,166644414.63267913,524,S3_twin_shock,indonesia,USDC
507,0.8173216113011652,162478304.26686215,524,S3_twin_shock,indonesia,USDC
508,0.8046336602247137,158416346.66019058,524,S3_twin_shock,indonesia,USDC
509,0.8197712858715499,154455937.99368584,524,S3_twin_shock,indonesia,USDC
510,0.8080153929341092,150594539.5438437,524,S3_twin_shock,indonesia,USDC
511,0.8010465534345499,146829676.0552476,524,S3_twin_shock,indonesia,USDC
512,0.7942363139413398,143158934.1538664,524,S3_twin_shock,indonesia,USDC
513,0.8101507529036374,139579960.80001974,524,S3_twin_shock,indonesia,USDC
514,0.8004201687341653,136090461.78001925,524,S3_twin_shock,indonesia,USDC
515,0.8046769323834291,132688200.23551878,524,S3_twin_shock,indonesia,USDC
516,0.8364878989183804,129370995.22963081,524,S3_twin_shock,indonesia,USDC
517,0.8472411226107249,126136720.34889004,524,S3_twin_shock,indonesia,USDC
518,0.8607830879252499,122983302.34016779,524,S3_twin_shock,indonesia,USDC
519,0.8532774781736914,119908719.78166358,524,S3_twin_shock,indonesia,USDC
520,0.8780894386313645,116911001.787122,524,S3_twin_shock,indonesia,USDC
521,0.8659549101305988,113988226.74244395,524,S3_twin_shock,indonesia,USDC
522,0.8750714090717797,111138521.07388285,524,S3_twin_shock,indonesia,USDC
523,0.8763942075916406,108360058.04703578,524,S3_twin_shock,indonesia,USDC
524,0.855814667650421,105651056.59585989,524,S3_twin_shock,indonesia,USDC
525,0.8441959854756411,103009780.1809634,524,S3_twin_shock,indonesia,USDC
526,0.8834466282397109,100434535.67643932,524,S3_twin_shock,indonesia,USDC
527,0.8659624677923135,97923672.28452832,524,S3_twin_shock,indonesia,USDC
528,0.8490740379549356,95475580.47741511,524,S3_twin_shock,indonesia,USDC
529,0.8471704163942225,93088690.96547975,524,S3_twin_shock,indonesia,USDC
530,0.8494872974334436,90761473.69134274,524,S3_twin_shock,indonesia,USDC
531,0.8607796512803418,88492436.84905918,524,S3_twin_shock,indonesia,USDC
532,0.7883697190842879,86280125.9278327,524,S3_twin_shock,indonesia,USDC
533,0.7949880589051905,84123122.77963687,524,S3_twin_shock,indonesia,USDC
534,0.8032585767120793,82020044.71014595,524,S3_twin_shock,indonesia,USDC
535,0.79035290942534,79969543.59239231,524,S3_twin_shock,indonesia,USDC
536,0.7641279237141888,77970305.00258249,524,S3_twin_shock,indonesia,USDC
537,0.769720887667834,76021047.37751794,524,S3_twin_shock,indonesia,USDC
538,0.7664371504989055,74120521.19307998,524,S3_twin_shock,indonesia,USDC
539,0.7591445724782835,72267508.16325298,524,S3_twin_shock,indonesia,USDC
540,0.7604450279003706,70460820.45917165,524,S3_twin_shock,indonesia,USDC
541,0.7498202984516601,68699299.94769238,524,S3_twin_shock,indonesia,USDC
542,0.7409952606984216,66981817.44900006,524,S3_twin_shock,indonesia,USDC
543,0.7455257453310866,65307272.01277506,524,S3_twin_shock,indonesia,USDC
544,0.7447257936887064,63674590.21245568,524,S3_twin_shock,indonesia,USDC
545,0.7339456535141318,62082725.45714429,524,S3_twin_shock,indonesia,USDC
546,0.7521806110429902,60530657.32071569,524,S3_twin_shock,indonesia,USDC
547,0.775461699136696,59017390.88769779,524,S3_twin_shock,indonesia,USDC
548,0.769875082171267,57541956.11550535,524,S3_twin_shock,indonesia,USDC
549,0.7595473628085518,56103407.21261772,524,S3_twin_shock,indonesia,USDC
550,0.7568615384897522,54700822.032302275,524,S3_twin_shock,indonesia,USDC
551,0.7657540428007305,53333301.481494725,524,S3_twin_shock,indonesia,USDC
552,0.7542547575209156,51999968.94445735,524,S3_twin_shock,indonesia,USDC
553,0.7564337669003711,50699969.72084592,524,S3_twin_shock,indonesia,USDC
554,0.776212598715489,49432470.47782477,524,S3_twin_shock,indonesia,USDC
555,0.7620906749199521,48196658.71587916,524,S3_twin_shock,indonesia,USDC
556,0.7418683235561824,46991742.247982174,524,S3_twin_shock,indonesia,USDC
557,0.7686372621038953,45816948.691782616,524,S3_twin_shock,indonesia,USDC
558,0.7712213667981725,44671524.97448806,524,S3_twin_shock,indonesia,USDC
559,0.765099747027122,43554736.85012585,524,S3_twin_shock,indonesia,USDC
560,0.763708926221443,42465868.428872705,524,S3_twin_shock,indonesia,USDC
561,0.7730609159934662,41404221.71815089,524,S3_twin_shock,indonesia,USDC
562,0.7804903300110035,40369116.17519712,524,S3_twin_shock,indonesia,USDC
563,0.769412756461962,39359888.27081719,524,S3_twin_shock,indonesia,USDC
564,0.7681564238150671,38375891.06404676,524,S3_twin_shock,indonesia,USDC
565,0.7556075530682347,37416493.78744559,524,S3_twin_shock,indonesia,USDC
566,0.7556166981221981,36481081.442759454,524,S3_twin_shock,indonesia,USDC
567,0.7336122681199297,35569054.40669046,524,S3_twin_shock,indonesia,USDC
568,0.7268802086035359,34679828.0465232,524,S3_twin_shock,indonesia,USDC
569,0.7417670184788789,33812832.34536012,524,S3_twin_shock,indonesia,USDC
570,0.7386092690170579,32967511.536726117,524,S3_twin_shock,indonesia,USDC
571,0.7495226391655291,32143323.748307966,524,S3_twin_shock,indonesia,USDC
572,0.7392872601433488,31339740.65460027,524,S3_twin_shock,indonesia,USDC
573,0.7496773612195077,30556247.138235256,524,S3_twin_shock,indonesia,USDC
574,0.7903300542858741,29792340.959779374,524,S3_twin_shock,indonesia,USDC
575,0.7968085606055936,29047532.43578489,524,S3_twin_shock,indonesia,USDC
576,0.797959428184138,28321344.12489027,524,S3_twin_shock,indonesia,USDC
577,0.7951658045203883,27613310.521768015,524,S3_twin_shock,indonesia,USDC
578,0.7706610290100941,26922977.75872381,524,S3_twin_shock,indonesia,USDC
579,0.7842116553037455,26249903.31475572,524,S3_twin_shock,indonesia,USDC
580,0.7992420841882628,25593655.731886826,524,S3_twin_shock,indonesia,USDC
581,0.7834195803627769,24953814.338589653,524,S3_twin_shock,indonesia,USDC
582,0.7532928158423057,24329968.980124913,524,S3_twin_shock,indonesia,USDC
583,0.7819905989752463,23721719.75562179,524,S3_twin_shock,indonesia,USDC
584,0.7873515131093298,23128676.761731245,524,S3_twin_shock,indonesia,USDC
585,0.8021072891503278,22550459.842687964,524,S3_twin_shock,indonesia,USDC
586,0.7944852859113484,21986698.346620765,524,S3_twin_shock,indonesia,USDC
587,0.8054955968710888,21437030.88795525,524,S3_twin_shock,indonesia,USDC
588,0.8153183773599902,20901105.115756366,524,S3_twin_shock,indonesia,USDC
589,0.8195165574814569,20378577.487862453,524,S3_twin_shock,indonesia,USDC
590,0.8384202989957439,19869113.050665893,524,S3_twin_shock,indonesia,USDC
591,0.8258196566477374,19372385.224399246,524,S3_twin_shock,indonesia,USDC
592,0.8167971444869139,18888075.593789265,524,S3_twin_shock,indonesia,USDC
593,0.8054496167308494,18415873.703944534,524,S3_twin_shock,indonesia,USDC
594,0.8332432837747741,17955476.86134592,524,S3_twin_shock,indonesia,USDC
595,0.8187314598939958,17506589.939812273,524,S3_twin_shock,indonesia,USDC
596,0.8199402064631406,17068925.191316966,524,S3_twin_shock,indonesia,USDC
597,0.8254128080916979,16642202.061534043,524,S3_twin_shock,indonesia,USDC
598,0.8280672197849235,16226147.009995691,524,S3_twin_shock,indonesia,USDC
599,0.8336709102660932,15820493.334745796,524,S3_twin_shock,indonesia,USDC
600,0.7723891448070794,15424981.001377152,524,S3_twin_shock,indonesia,USDC
601,0.7912863458193242,15039356.476342726,524,S3_twin_shock,indonesia,USDC
602,0.7978914407252962,14663372.564434156,524,S3_twin_shock,indonesia,USDC
603,0.8124286300589247,14296788.250323303,524,S3_twin_shock,indonesia,USDC
604,0.7889345357867148,13939368.544065218,524,S3_twin_shock,indonesia,USDC
605,0.7316376990739784,13590884.330463588,524,S3_twin_shock,indonesia,USDC
606,0.7633890659937131,13251112.222202,524,S3_twin_shock,indonesia,USDC
607,0.7628225340130508,12919834.41664695,524,S3_twin_shock,indonesia,USDC
608,0.7608118859096009,12596838.556230776,524,S3_twin_shock,indonesia,USDC
609,0.7961367715860435,12281917.592325006,524,S3_twin_shock,indonesia,USDC
610,0.8116083553169134,11974869.652516881,524,S3_twin_shock,indonesia,USDC
611,0.8204354112329304,11675497.911203958,524,S3_twin_shock,indonesia,USDC
612,0.8129039418683066,11383610.46342386,524,S3_twin_shock,indonesia,USDC
613,0.8267594349107756,11099020.201838262,524,S3_twin_shock,indonesia,USDC
614,0.8395864261687027,10821544.696792306,524,S3_twin_shock,indonesia,USDC
615,0.8282707024928362,10551006.0793725,524,S3_twin_shock,indonesia,USDC
616,0.8173092412060339,10287230.927388186,524,S3_twin_shock,indonesia,USDC
617,0.8017081134547658,10030050.15420348,524,S3_twin_shock,indonesia,USDC
618,0.8164417883730835,9779298.900348393,524,S3_twin_shock,indonesia,USDC
619,0.8229410636446188,9534816.427839683,524,S3_twin_shock,indonesia,USDC
620,0.8182892260730393,9296446.017143693,524,S3_twin_shock,indonesia,USDC
621,0.8232644358942344,9064034.8667151,524,S3_twin_shock,indonesia,USDC
622,0.8339175783025297,8837433.995047223,524,S3_twin_shock,indonesia,USDC
623,0.8329054700493559,8616498.145171043,524,S3_twin_shock,indonesia,USDC
624,0.8526334905211026,8401085.691541765,524,S3_twin_shock,indonesia,USDC
625,0.8353653679882778,8191058.549253222,524,S3_twin_shock,indonesia,USDC
626,0.839454746619363,7986282.085521892,524,S3_twin_shock,indonesia,USDC
627,0.8075994955745488,7786625.033383844,524,S3_twin_shock,indonesia,USDC
628,0.8185624792776474,7591959.407549248,524,S3_twin_shock,indonesia,USDC
629,0.798280683927162,7402160.422360517,524,S3_twin_shock,indonesia,USDC
630,0.797263130285518,7217106.411801504,524,S3_twin_shock,indonesia,USDC
631,0.7871507073131815,7036678.751506467,524,S3_twin_shock,indonesia,USDC
632,0.7950070353903458,6860761.782718806,524,S3_twin_shock,indonesia,USDC
633,0.8078193167264003,6689242.738150835,524,S3_twin_shock,indonesia,USDC
634,0.8117929753928598,6522011.669697063,524,S3_twin_shock,indonesia,USDC
635,0.7832944231084438,6358961.377954638,524,S3_twin_shock,indonesia,USDC
636,0.8032962644651273,6199987.343505772,524,S3_twin_shock,indonesia,USDC
637,0.8262347462832889,6044987.659918127,524,S3_twin_shock,indonesia,USDC
638,0.8227663097684729,5893862.968420174,524,S3_twin_shock,indonesia,USDC
639,0.8297197261405284,5746516.39420967,524,S3_twin_shock,indonesia,USDC
640,0.8426652889671199,5602853.484354427,524,S3_twin_shock,indonesia,USDC
641,0.8504563629504747,5462782.147245567,524,S3_twin_shock,indonesia,USDC
642,0.8344905985229554,5326212.593564428,524,S3_twin_shock,indonesia,USDC
643,0.8232440038249142,5193057.278725318,524,S3_twin_shock,indonesia,USDC
644,0.8203818119972702,5063230.846757185,524,S3_twin_shock,indonesia,USDC
645,0.8180303972874815,4936650.075588254,524,S3_twin_shock,indonesia,USDC
646,0.8218326565501992,4813233.823698549,524,S3_twin_shock,indonesia,USDC
647,0.8239261731259111,4692902.978106085,524,S3_twin_shock,indonesia,USDC
648,0.7978091791244865,4575580.403653433,524,S3_twin_shock,indonesia,USDC
649,0.8182684939616187,4461190.893562097,524,S3_twin_shock,indonesia,USDC
650,0.791001355868807,4349661.121223045,524,S3_twin_shock,indonesia,USDC
651,0.778352251467871,4240919.593192468,524,S3_twin_shock,indonesia,USDC
652,0.7930673317473939,4134896.6033626567,524,S3_twin_shock,indonesia,USDC
653,0.7727758370071692,4031524.1882785903,524,S3_twin_shock,indonesia,USDC
654,0.7819388814898464,3930736.0835716254,524,S3_twin_shock,indonesia,USDC
655,0.7582744063626624,3832467.6814823346,524,S3_twin_shock,indonesia,USDC
656,0.7916229492312326,3736655.9894452766,524,S3_twin_shock,indonesia,USDC
657,0.7821270962842874,3643239.5897091446,524,S3_twin_shock,indonesia,USDC
658,0.7994749486441687,3552158.5999664157,524,S3_twin_shock,indonesia,USDC
659,0.8184289590978845,3463354.6349672554,524,S3_twin_shock,indonesia,USDC
660,0.821891556354407,3376770.769093075,524,S3_twin_shock,indonesia,USDC
661,0.79448790072795,3292351.499865748,524,S3_twin_shock,indonesia,USDC
662,0.7873837053368127,3210042.712369104,524,S3_twin_shock,indonesia,USDC
663,0.7990991822403558,3129791.6445598765,524,S3_twin_shock,indonesia,USDC
664,0.8202360962426638,3051546.8534458796,524,S3_twin_shock,indonesia,USDC
665,0.8114680573421783,2975258.1821097326,524,S3_twin_shock,indonesia,USDC
666,0.8077738438226076,2900876.727556989,524,S3_twin_shock,indonesia,USDC
667,0.8115137218729289,2828354.8093680646,524,S3_twin_shock,indonesia,USDC
668,0.8165460370632625,2757645.939133863,524,S3_twin_shock,indonesia,USDC
669,0.7631624758842505,2688704.790655516,524,S3_twin_shock,indonesia,USDC
670,0.7609160524004496,2621487.1708891285,524,S3_twin_shock,indonesia,USDC
671,0.7526444987393393,2555949.9916169,524,S3_twin_shock,indonesia,USDC
672,0.7720389261789243,2492051.241826478,524,S3_twin_shock,indonesia,USDC
673,0.7562566549832319,2429749.960780816,524,S3_twin_shock,indonesia,USDC
674,0.7660249312545332,2369006.211761296,524,S3_twin_shock,indonesia,USDC
675,0.7549921227666175,2309781.056467263,524,S3_twin_shock,indonesia,USDC
676,0.7762324108748504,2252036.5300555816,524,S3_twin_shock,indonesia,USDC
677,0.7746984228499125,2195735.616804192,524,S3_twin_shock,indonesia,USDC
678,0.7965160967358768,2140842.2263840875,524,S3_twin_shock,indonesia,USDC
679,0.8020582977963205,2087321.170724485,524,S3_twin_shock,indonesia,USDC
680,0.7812049891993113,2035138.141456373,524,S3_twin_shock,indonesia,USDC
681,0.7917896923226028,1984259.6879199636,524,S3_twin_shock,indonesia,USDC
682,0.7954319794495832,1934653.1957219644,524,S3_twin_shock,indonesia,USDC
683,0.7908178713685515,1886286.8658289155,524,S3_twin_shock,indonesia,USDC
684,0.7983458320341343,1839129.6941831922,524,S3_twin_shock,indonesia,USDC
685,0.7935587328331062,1793151.4518286125,524,S3_twin_shock,indonesia,USDC
686,0.7906710762877591,1748322.6655328972,524,S3_twin_shock,indonesia,USDC
687,0.7912565570571864,1704614.598894575,524,S3_twin_shock,indonesia,USDC
688,0.8041058243149518,1661999.2339222105,524,S3_twin_shock,indonesia,USDC
689,0.8185602919259445,1620449.2530741552,524,S3_twin_shock,indonesia,USDC
690,0.8104386242678241,1579938.0217473013,524,S3_twin_shock,indonesia,USDC
691,0.8167890540129058,1540439.571203619,524,S3_twin_shock,indonesia,USDC
692,0.7928494362496706,1501928.5819235286,524,S3_twin_shock,indonesia,USDC
693,0.7750729015073149,1464380.3673754402,524,S3_twin_shock,indonesia,USDC
694,0.8035004155958201,1427770.8581910543,524,S3_twin_shock,indonesia,USDC
695,0.8002645698828672,1392076.586736278,524,S3_twin_shock,indonesia,USDC
696,0.7874362512852268,1357274.672067871,524,S3_twin_shock,indonesia,USDC
697,0.8050185869449927,1323342.8052661743,524,S3_twin_shock,indonesia,USDC
698,0.811293721420282,1290259.23513452,524,S3_twin_shock,indonesia,USDC
699,0.7954149647385746,1258002.754256157,524,S3_twin_shock,indonesia,USDC
700,0.8044722809563086,1226552.685399753,524,S3_twin_shock,indonesia,USDC
701,0.795394884183405,1195888.8682647592,524,S3_twin_shock,indonesia,USDC
702,0.8034573939262211,1165991.6465581402,524,S3_twin_shock,indonesia,USDC
703,0.82157684201681,1136841.855394187,524,S3_twin_shock,indonesia,USDC
704,0.8088008784068156,1108420.8090093322,524,S3_twin_shock,indonesia,USDC
705,0.7941672510570306,1080710.2887840988,524,S3_twin_shock,indonesia,USDC
706,0.7873466972917921,1053692.5315644965,524,S3_twin_shock,indonesia,USDC
707,0.7847151445663004,1027350.218275384,524,S3_twin_shock,indonesia,USDC
708,0.7957204996845435,1001666.4628184994,524,S3_twin_shock,indonesia,USDC
709,0.7952822662231799,976624.801248037,524,S3_twin_shock,indonesia,USDC
710,0.7685094428421951,952209.181216836,524,S3_twin_shock,indonesia,USDC
711,0.7345614642697723,928403.9516864151,524,S3_twin_shock,indonesia,USDC
712,0.7255957931987983,905193.8528942547,524,S3_twin_shock,indonesia,USDC
713,0.754777776958564,882564.0065718985,524,S3_twin_shock,indonesia,USDC
714,0.7477022606744743,860499.906407601,524,S3_twin_shock,indonesia,USDC
715,0.75242149466635,838987.4087474109,524,S3_twin_shock,indonesia,USDC
716,0.7521647182483107,818012.7235287256,524,S3_twin_shock,indonesia,USDC
717,0.7627047806615095,797562.4054405075,524,S3_twin_shock,indonesia,USDC
718,0.7758864252282485,777623.3453044947,524,S3_twin_shock,indonesia,USDC
719,0.8106257002069257,758182.7616718824,524,S3_twin_shock,indonesia,USDC
720,0.795609888095517,739228.1926300852,524,S3_twin_shock,indonesia,USDC
721,0.791258116225989,720747.487814333,524,S3_twin_shock,indonesia,USDC
722,0.7741118691528128,702728.8006189747,524,S3_twin_shock,indonesia,USDC
723,0.784566581628753,685160.5806035004,524,S3_twin_shock,indonesia,USDC
724,0.7893208477154393,668031.5660884129,524,S3_twin_shock,indonesia,USDC
725,0.7915905266241035,651330.7769362025,524,S3_twin_shock,indonesia,USDC
726,0.8419333897005972,635047.5075127975,524,S3_twin_shock,indonesia,USDC
727,0.8567530802914155,619171.3198249775,524,S3_twin_shock,indonesia,USDC
728,0.8466845644578402,603692.0368293531,524,S3_twin_shock,indonesia,USDC
729,0.8412574949689615,588599.7359086191,524,S3_twin_shock,indonesia,USDC
730,0.8285720865167379,573884.7425109037,524,S3_twin_shock,indonesia,USDC
731,0.8321370530295882,559537.6239481312,524,S3_twin_shock,indonesia,USDC
732,0.8528550840630001,545549.1833494279,524,S3_twin_shock,indonesia,USDC
733,0.8394930378722862,531910.4537656922,524,S3_twin_shock,indonesia,USDC
734,0.8431206116143343,518612.69242154993,524,S3_twin_shock,indonesia,USDC
735,0.8269811902443255,505647.3751110112,524,S3_twin_shock,indonesia,USDC
736,0.83919831671861,493006.19073323585,524,S3_twin_shock,indonesia,USDC
737,0.8331114012279743,480681.03596490494,524,S3_twin_shock,indonesia,USDC
738,0.8188765560011422,468664.01006578235,524,S3_twin_shock,indonesia,USDC
739,0.8450477934113189,456947.40981413773,524,S3_twin_shock,indonesia,USDC
740,0.8247894444858201,445523.72456878435,524,S3_twin_shock,indonesia,USDC
741,0.833384069803009,434385.63145456475,524,S3_twin_shock,indonesia,USDC
742,0.8509875188136589,423525.99066820054,524,S3_twin_shock,indonesia,USDC
743,0.8463286720454322,412937.84090149554,524,S3_twin_shock,indonesia,USDC
744,0.8396818466270263,402614.39487895824,524,S3_twin_shock,indonesia,USDC
745,0.853899333472681,392549.03500698425,524,S3_twin_shock,indonesia,USDC
746,0.8134568601814002,382735.3091318096,524,S3_twin_shock,indonesia,USDC
747,0.7908611224220836,373166.9264035144,524,S3_twin_shock,indonesia,USDC
748,0.8053934281173598,363837.75324342656,524,S3_twin_shock,indonesia,USDC
749,0.7895063734688779,354741.80941234087,524,S3_twin_shock,indonesia,USDC
750,0.7821288714509133,345873.2641770324,524,S3_twin_shock,indonesia,USDC
751,0.8043901619250641,337226.4325726066,524,S3_twin_shock,indonesia,USDC
752,0.8006967514323042,328795.7717582914,524,S3_twin_shock,indonesia,USDC
753,0.8043378888587066,320575.87746433413,524,S3_twin_shock,indonesia,USDC
754,0.8030142035197574,312561.48052772577,524,S3_twin_shock,indonesia,USDC
755,0.7779696536004943,304747.44351453264,524,S3_twin_shock,indonesia,USDC
756,0.7796549931225059,297128.75742666936,524,S3_twin_shock,indonesia,USDC
757,0.7723546063326335,289700.53849100263,524,S3_twin_shock,indonesia,USDC
758,0.813737421600526,282458.0250287276,524,S3_twin_shock,indonesia,USDC
759,0.8032366703961347,275396.5744030094,524,S3_twin_shock,indonesia,USDC
760,0.7855083714658161,268511.6600429341,524,S3_twin_shock,indonesia,USDC
761,0.7866354312238899,261798.86854186078,524,S3_twin_shock,indonesia,USDC
762,0.790832385532961,255253.89682831426,524,S3_twin_shock,indonesia,USDC
763,0.793496382935531,248872.54940760642,524,S3_twin_shock,indonesia,USDC
764,0.7990822646317002,242650.73567241625,524,S3_twin_shock,indonesia,USDC
765,0.7794375194158694,236584.46728060587,524,S3_twin_shock,indonesia,USDC
766,0.7705198281121374,230669.85559859074,524,S3_twin_shock,indonesia,USDC
767,0.7899727210098288,224903.10920862595,524,S3_twin_shock,indonesia,USDC
768,0.7891298138003284,219280.5314784103,524,S3_twin_shock,indonesia,USDC
769,0.7952005723833326,213798.51819145007,524,S3_twin_shock,indonesia,USDC
770,0.7820458233690329,208453.55523666384,524,S3_twin_shock,indonesia,USDC
771,0.7679139064197539,203242.2163557472,524,S3_twin_shock,indonesia,USDC
772,0.7751401063301764,198161.16094685352,524,S3_twin_shock,indonesia,USDC
773,0.7964439579280876,193207.1319231822,524,S3_twin_shock,indonesia,USDC
774,0.804741147790818,188376.95362510264,524,S3_twin_shock,indonesia,USDC
775,0.8354078082716851,183667.52978447507,524,S3_twin_shock,indonesia,USDC
776,0.8218021430205837,179075.8415398632,524,S3_twin_shock,indonesia,USDC
777,0.7827885895110562,174598.94550136663,524,S3_twin_shock,indonesia,USDC
778,0.7758827985176843,170233.97186383244,524,S3_twin_shock,indonesia,USDC
779,0.7860638585721526,165978.12256723663,524,S3_twin_shock,indonesia,USDC
780,0.7968858924418343,161828.66950305572,524,S3_twin_shock,indonesia,USDC
781,0.7969650673395758,157782.95276547933,524,S3_twin_shock,indonesia,USDC
782,0.7985421688967486,153838.37894634236,524,S3_twin_shock,indonesia,USDC
783,0.815245954151537,149992.41947268377,524,S3_twin_shock,indonesia,USDC
784,0.8429492892444388,146242.6089858667,524,S3_twin_shock,indonesia,USDC
785,0.8628620593107109,142586.54376122003,524,S3_twin_shock,indonesia,USDC
786,0.8529929036021194,139021.88016718952,524,S3_twin_shock,indonesia,USDC
787,0.8653080380733338,135546.33316300978,524,S3_twin_shock,indonesia,USDC
788,0.8682033432010148,132157.67483393455,524,S3_twin_shock,indonesia,USDC
789,0.8662454687050345,128853.7329630862,524,S3_twin_shock,indonesia,USDC
790,0.8683460372293575,125632.38963900902,524,S3_twin_shock,indonesia,USDC
791,0.8557926819582412,122491.57989803381,524,S3_twin_shock,indonesia,USDC
792,0.8323492681770202,119429.29040058296,524,S3_twin_shock,indonesia,USDC
793,0.8089918982785983,116443.55814056839,524,S3_twin_shock,indonesia,USDC
794,0.8164407648655755,113532.46918705417,524,S3_twin_shock,indonesia,USDC
795,0.8242617108442917,110694.15745737782,524,S3_twin_shock,indonesia,USDC
796,0.8108025083737688,107926.80352094337,524,S3_twin_shock,indonesia,USDC
797,0.8022406841767814,105228.6334329198,524,S3_twin_shock,indonesia,USDC
798,0.7819964285429715,102597.91759709678,524,S3_twin_shock,indonesia,USDC
799,0.7967776207868572,100032.96965716936,524,S3_twin_shock,indonesia,USDC
800,0.8206460768039053,97532.14541574013,524,S3_twin_shock,indonesia,USDC
801,0.8221680317964658,95093.84178034663,524,S3_twin_shock,indonesia,USDC
802,0.813328164638074,92716.49573583796,524,S3_twin_shock,indonesia,USDC
803,0.8119161967754778,90398.58334244201,524,S3_twin_shock,indonesia,USDC
804,0.8309294142241404,88138.61875888097,524,S3_twin_shock,indonesia,USDC
805,0.8217657248599959,85935.15328990894,524,S3_twin_shock,indonesia,USDC
806,0.8041676474324198,83786.77445766122,524,S3_twin_shock,indonesia,USDC
807,0.8136695149779021,81692.10509621969,524,S3_twin_shock,indonesia,USDC
808,0.8266968322432839,79649.80246881419,524,S3_twin_shock,indonesia,USDC
809,0.8323917798628069,77658.55740709385,524,S3_twin_shock,indonesia,USDC
810,0.8374111367163228,75717.0934719165,524,S3_twin_shock,indonesia,USDC
811,0.82778385192421,73824.16613511858,524,S3_twin_shock,indonesia,USDC
812,0.8246262637866005,71978.56198174061,524,S3_twin_shock,indonesia,USDC
813,0.8376725638309384,70179.0979321971,524,S3_twin_shock,indonesia,USDC
814,0.8148447096224853,68424.62048389217,524,S3_twin_shock,indonesia,USDC
815,0.8286582674734781,66714.00497179487,524,S3_twin_shock,indonesia,USDC
816,0.8020217827138013,65046.154847499995,524,S3_twin_shock,indonesia,USDC
817,0.7932937891010253,63420.00097631249,524,S3_twin_shock,indonesia,USDC
818,0.8004975478651788,61834.50095190469,524,S3_twin_shock,indonesia,USDC
819,0.7945299539521914,60288.63842810707,524,S3_twin_shock,indonesia,USDC
820,0.8281412798342563,58781.422467404394,524,S3_twin_shock,indonesia,USDC
821,0.8427659826636325,57311.886905719286,524,S3_twin_shock,indonesia,USDC
822,0.8280621689835808,55879.089733076304,524,S3_twin_shock,indonesia,USDC
823,0.8306930540376184,54482.1124897494,524,S3_twin_shock,indonesia,USDC
824,0.8206851655022328,53120.05967750566,524,S3_twin_shock,indonesia,USDC
825,0.8557813618651774,51792.05818556802,524,S3_twin_shock,indonesia,USDC
826,0.8541800700817054,50497.25673092883,524,S3_twin_shock,indonesia,USDC
827,0.8463045616468808,49234.82531265561,524,S3_twin_shock,indonesia,USDC
828,0.8314356839700389,48003.95467983922,524,S3_twin_shock,indonesia,USDC
829,0.8013810573712076,46803.855812843234,524,S3_twin_shock,indonesia,USDC
830,0.8014394097591381,45633.75941752215,524,S3_twin_shock,indonesia,USDC
831,0.8079461546548665,44492.9154320841,524,S3_twin_shock,indonesia,USDC
832,0.8136746200611299,43380.592546282,524,S3_twin_shock,indonesia,USDC
833,0.813907667414852,42296.077732624944,524,S3_twin_shock,indonesia,USDC
834,0.7951678616996304,41238.67578930932,524,S3_twin_shock,indonesia,USDC
835,0.7917585081766806,40207.708894576586,524,S3_twin_shock,indonesia,USDC
836,0.81086721899696,39202.51617221217,524,S3_twin_shock,indonesia,USDC
837,0.8087187976923058,38222.453267906865,524,S3_twin_shock,indonesia,USDC
838,0.7953054028144775,37266.8919362092,524,S3_twin_shock,indonesia,USDC
839,0.78197529787404,36335.219637803966,524,S3_twin_shock,indonesia,USDC
840,0.7966166053265664,35426.83914685887,524,S3_twin_shock,indonesia,USDC
841,0.7796262565647815,34541.168168187396,524,S3_twin_shock,indonesia,USDC
842,0.8042205104138902,33677.63896398271,524,S3_twin_shock,indonesia,USDC
843,0.7976090370079705,32835.69798988314,524,S3_twin_shock,indonesia,USDC
844,0.7961140509343175,32014.80554013606,524,S3_twin_shock,indonesia,USDC
845,0.7670285791070748,31214.43540163266,524,S3_twin_shock,indonesia,USDC
846,0.7423160302857958,30434.07451659184,524,S3_twin_shock,indonesia,USDC
847,0.7615851521295254,29673.222653677047,524,S3_twin_shock,indonesia,USDC
848,0.7627427624178673,28931.392087335116,524,S3_twin_shock,indonesia,USDC
849,0.7512442332242104,28208.10728515174,524,S3_twin_shock,indonesia,USDC
850,0.7784198426689184,27502.904603022944,524,S3_twin_shock,indonesia,USDC
851,0.7958074038496452,26815.33198794737,524,S3_twin_shock,indonesia,USDC
852,0.8123604271935178,26144.94868824869,524,S3_twin_shock,indonesia,USDC
853,0.8170849914709186,25491.324971042468,524,S3_twin_shock,indonesia,USDC
854,0.8182598968246151,24854.04184676641,524,S3_twin_shock,indonesia,USDC
855,0.8344360210673989,24232.69080059725,524,S3_twin_shock,indonesia,USDC
856,0.8241662794848114,23626.87353058232,524,S3_twin_shock,indonesia,USDC
857,0.8139674051405958,23036.20169231776,524,S3_twin_shock,indonesia,USDC
858,0.8103571364189058,22460.29665000982,524,S3_twin_shock,indonesia,USDC
859,0.8281710239627819,21898.789233759573,524,S3_twin_shock,indonesia,USDC
860,0.8174119597792189,21351.319502915583,524,S3_twin_shock,indonesia,USDC
861,0.8054162156924456,20817.536515342694,524,S3_twin_shock,indonesia,USDC
862,0.8066370443661862,20297.098102459124,524,S3_twin_shock,indonesia,USDC
863,0.8190542642096511,19789.670649897645,524,S3_twin_shock,indonesia,USDC
864,0.8205790007175643,19294.928883650206,524,S3_twin_shock,indonesia,USDC
865,0.8019127419141907,18812.555661558952,524,S3_twin_shock,indonesia,USDC
866,0.8077535447455383,18342.241770019977,524,S3_twin_shock,indonesia,USDC
867,0.8172642589409268,17883.68572576948,524,S3_twin_shock,indonesia,USDC
868,0.829548667766593,17436.59358262524,524,S3_twin_shock,indonesia,USDC
869,0.8105132263101501,17000.67874305961,524,S3_twin_shock,indonesia,USDC
870,0.8000291873522776,16575.661774483116,524,S3_twin_shock,indonesia,USDC
871,0.7420080355664215,16161.270230121041,524,S3_twin_shock,indonesia,USDC
872,0.7428983085102873,15757.238474368016,524,S3_twin_shock,indonesia,USDC
873,0.724831652413521,15363.307512508814,524,S3_twin_shock,indonesia,USDC
874,0.7405419438949882,14979.224824696092,524,S3_twin_shock,indonesia,USDC
875,0.7535126152000367,14604.74420407869,524,S3_twin_shock,indonesia,USDC
876,0.7368122197907073,14239.625598976723,524,S3_twin_shock,indonesia,USDC
877,0.7481755932765272,13883.634959002306,524,S3_twin_shock,indonesia,USDC
878,0.7550946045233805,13536.544085027246,524,S3_twin_shock,indonesia,USDC
879,0.7944814472044945,13198.130482901568,524,S3_twin_shock,indonesia,USDC
880,0.8070956804801545,12868.177220829028,524,S3_twin_shock,indonesia,USDC
881,0.8052527996653973,12546.472790308304,524,S3_twin_shock,indonesia,USDC
882,0.7785831795398465,12232.810970550594,524,S3_twin_shock,indonesia,USDC
883,0.7725139128080971,11926.99069628683,524,S3_twin_shock,indonesia,USDC
884,0.7748399227461008,11628.81592887966,524,S3_twin_shock,indonesia,USDC
885,0.7671264888028395,11338.095530657669,524,S3_twin_shock,indonesia,USDC
886,0.7592365777557976,11054.643142391225,524,S3_twin_shock,indonesia,USDC
887,0.7738061984545821,10778.277063831445,524,S3_twin_shock,indonesia,USDC
888,0.8052807784682693,10508.820137235658,524,S3_twin_shock,indonesia,USDC
889,0.8038496608427106,10246.099633804766,524,S3_twin_shock,indonesia,USDC
890,0.811345227320081,9989.947142959649,524,S3_twin_shock,indonesia,USDC
891,0.8316998506950859,9740.198464385656,524,S3_twin_shock,indonesia,USDC
892,0.8251119282423706,9496.693502776016,524,S3_twin_shock,indonesia,USDC
893,0.8292332320923781,9259.276165206615,524,S3_twin_shock,indonesia,USDC
894,0.8392427930474353,9027.79426107645,524,S3_twin_shock,indonesia,USDC
895,0.8417432876258761,8802.099404549539,524,S3_twin_shock,indonesia,USDC
896,0.8276505201706068,8582.0469194358,524,S3_twin_shock,indonesia,USDC
897,0.8212097713244566,8367.495746449904,524,S3_twin_shock,indonesia,USDC
898,0.8323683218191253,8158.3083527886565,524,S3_twin_shock,indonesia,USDC
899,0.8049452350049165,7954.35064396894,524,S3_twin_shock,indonesia,USDC
900,0.8211574340400297,7755.4918778697165,524,S3_twin_shock,indonesia,USDC
901,0.8262451330882229,7561.604580922974,524,S3_twin_shock,indonesia,USDC
902,0.8372218872376249,7372.564466399899,524,S3_twin_shock,indonesia,USDC
903,0.817596330162261,7188.250354739902,524,S3_twin_shock,indonesia,USDC
904,0.7872294173376247,7008.544095871404,524,S3_twin_shock,indonesia,USDC
905,0.7924298749664139,6833.330493474619,524,S3_twin_shock,indonesia,USDC
906,0.797307228186198,6662.497231137753,524,S3_twin_shock,indonesia,USDC
907,0.7980832194247975,6495.9348003593095,524,S3_twin_shock,indonesia,USDC
908,0.7818714809968946,6333.536430350327,524,S3_twin_shock,indonesia,USDC
909,0.7759141032739358,6175.1980195915685,524,S3_twin_shock,indonesia,USDC
910,0.7767370746816435,6020.818069101779,524,S3_twin_shock,indonesia,USDC
911,0.7839837902164553,5870.297617374235,524,S3_twin_shock,indonesia,USDC
912,0.7867193904465979,5723.540176939879,524,S3_twin_shock,indonesia,USDC
913,0.7980476224466996,5580.451672516382,524,S3_twin_shock,indonesia,USDC
914,0.79290340425076,5440.940380703472,524,S3_twin_shock,indonesia,USDC
915,0.8199243902497924,5304.916871185886,524,S3_twin_shock,indonesia,USDC
916,0.8188039006673037,5172.293949406238,524,S3_twin_shock,indonesia,USDC
917,0.8263376519145512,5042.986600671082,524,S3_twin_shock,indonesia,USDC
918,0.8099194477598097,4916.911935654305,524,S3_twin_shock,indonesia,USDC
919,0.7954513667444497,4793.989137262948,524,S3_twin_shock,indonesia,USDC
920,0.7863365380045345,4674.139408831374,524,S3_twin_shock,indonesia,USDC
921,0.782341033382301,4557.285923610589,524,S3_twin_shock,indonesia,USDC
922,0.7938811048172365,4443.353775520324,524,S3_twin_shock,indonesia,USDC
923,0.8044722099701489,4332.269931132317,524,S3_twin_shock,indonesia,USDC
924,0.8021172036761183,4223.963182854009,524,S3_twin_shock,indonesia,USDC
925,0.8310957073472494,4118.364103282658,524,S3_twin_shock,indonesia,USDC
926,0.8121491965383677,4015.405000700592,524,S3_twin_shock,indonesia,USDC
927,0.818699569326675,3915.019875683077,524,S3_twin_shock,indonesia,USDC
928,0.8041409934812749,3817.1443787910002,524,S3_twin_shock,indonesia,USDC
929,0.8167345424718859,3721.715769321225,524,S3_twin_shock,indonesia,USDC
930,0.7995203105289225,3628.672875088195,524,S3_twin_shock,indonesia,USDC
931,0.8030481039131098,3537.95605321099,524,S3_twin_shock,indonesia,USDC
932,0.8052882362744204,3449.5071518807144,524,S3_twin_shock,indonesia,USDC
933,0.7827186688661718,3363.2694730836974,524,S3_twin_shock,indonesia,USDC
934,0.782630549275042,3279.1877362566047,524,S3_twin_shock,indonesia,USDC
935,0.7714479865000797,3197.2080428501895,524,S3_twin_shock,indonesia,USDC
936,0.7584813511442237,3117.2778417789345,524,S3_twin_shock,indonesia,USDC
937,0.7646594226262853,3039.345895734461,524,S3_twin_shock,indonesia,USDC
938,0.7680274440783613,2963.3622483410995,524,S3_twin_shock,indonesia,USDC
939,0.7894283427086084,2889.2781921325723,524,S3_twin_shock,indonesia,USDC
940,0.8112714606259525,2817.046237329258,524,S3_twin_shock,indonesia,USDC
941,0.8129399498625661,2746.6200813960263,524,S3_twin_shock,indonesia,USDC
942,0.8007995423469676,2677.954579361126,524,S3_twin_shock,indonesia,USDC
943,0.8136738903148734,2611.0057148770975,524,S3_twin_shock,indonesia,USDC
944,0.7975191063987724,2545.73057200517,524,S3_twin_shock,indonesia,USDC
945,0.7876962665009056,2482.087307705041,524,S3_twin_shock,indonesia,USDC
946,0.784566663874473,2420.035125012415,524,S3_twin_shock,indonesia,USDC
947,0.766191779542849,2359.5342468871045,524,S3_twin_shock,indonesia,USDC
948,0.7838518151493379,2300.545890714927,524,S3_twin_shock,indonesia,USDC
949,0.7793133240058658,2243.0322434470536,524,S3_twin_shock,indonesia,USDC
950,0.7652213429776988,2186.9564373608773,524,S3_twin_shock,indonesia,USDC
951,0.7768745126311558,2132.2825264268554,524,S3_twin_shock,indonesia,USDC
952,0.7445849257903999,2078.9754632661843,524,S3_twin_shock,indonesia,USDC
953,0.7435006838732069,2027.0010766845294,524,S3_twin_shock,indonesia,USDC
954,0.7358457403953088,1976.3260497674162,524,S3_twin_shock,indonesia,USDC
955,0.7604377095092536,1926.9178985232306,524,S3_twin_shock,indonesia,USDC
956,0.7696809820496378,1878.74495106015,524,S3_twin_shock,indonesia,USDC
957,0.7685366697188438,1831.7763272836464,524,S3_twin_shock,indonesia,USDC
958,0.7746397170908405,1785.981919101555,524,S3_twin_shock,indonesia,USDC
959,0.764175448540023,1741.332371124016,524,S3_twin_shock,indonesia,USDC
960,0.7666310176673438,1697.7990618459157,524,S3_twin_shock,indonesia,USDC
961,0.7689302742696872,1655.3540852997678,524,S3_twin_shock,indonesia,USDC
962,0.7711901043636089,1613.9702331672738,524,S3_twin_shock,indonesia,USDC
963,0.7860565354459002,1573.620977338092,524,S3_twin_shock,indonesia,USDC
964,0.7908694765015929,1534.2804529046398,524,S3_twin_shock,indonesia,USDC
965,0.7786160278961848,1495.9234415820238,524,S3_twin_shock,indonesia,USDC
966,0.7800358355349594,1458.5253555424729,524,S3_twin_shock,indonesia,USDC
967,0.7832669987559068,1422.0622216539111,524,S3_twin_shock,indonesia,USDC
968,0.7799969652168834,1386.5106661125633,524,S3_twin_shock,indonesia,USDC
969,0.803711278251272,1351.8478994597494,524,S3_twin_shock,indonesia,USDC
970,0.7981994019329667,1318.0517019732556,524,S3_twin_shock,indonesia,USDC
971,0.7885872230142655,1285.1004094239242,524,S3_twin_shock,indonesia,USDC
972,0.7852482840659512,1252.9728991883262,524,S3_twin_shock,indonesia,USDC
973,0.7958252569483505,1221.6485767086178,524,S3_twin_shock,indonesia,USDC
974,0.7934216646088089,1191.1073622909025,524,S3_twin_shock,indonesia,USDC
975,0.7718266292059772,1161.32967823363,524,S3_twin_shock,indonesia,USDC
976,0.7578058123524855,1132.296436277789,524,S3_twin_shock,indonesia,USDC
977,0.7475700249754107,1103.9890253708445,524,S3_twin_shock,indonesia,USDC
978,0.7429199238504725,1076.3892997365733,524,S3_twin_shock,indonesia,USDC
979,0.7461557933147852,1049.4795672431592,524,S3_twin_shock,indonesia,USDC
980,0.7552534604384794,1023.2425780620802,524,S3_twin_shock,indonesia,USDC
981,0.7665177457298541,997.6615136105282,524,S3_twin_shock,indonesia,USDC
982,0.7726840578978036,972.7199757702649,524,S3_twin_shock,indonesia,USDC
983,0.782939484309584,948.4019763760084,524,S3_twin_shock,indonesia,USDC
984,0.7800067414892526,924.6919269666081,524,S3_twin_shock,indonesia,USDC
985,0.7755982439142279,901.5746287924429,524,S3_twin_shock,indonesia,USDC
986,0.7735112184313899,879.0352630726318,524,S3_twin_shock,indonesia,USDC
987,0.7796961294118362,857.0593814958161,524,S3_twin_shock,indonesia,USDC
988,0.7628706749483926,835.6328969584206,524,S3_twin_shock,indonesia,USDC
989,0.7823147240650253,814.7420745344601,524,S3_twin_shock,indonesia,USDC
990,0.8031557467067584,794.3735226710986,524,S3_twin_shock,indonesia,USDC
991,0.8090361343345992,774.5141846043211,524,S3_twin_shock,indonesia,USDC
992,0.8177755993947408,755.1513299892132,524,S3_twin_shock,indonesia,USDC
993,0.828645390225904,736.2725467394828,524,S3_twin_shock,indonesia,USDC
994,0.8129090799069824,717.8657330709958,524,S3_twin_shock,indonesia,USDC
995,0.783762903141012,699.9190897442209,524,S3_twin_shock,indonesia,USDC
996,0.7771381372589482,682.4211125006153,524,S3_twin_shock,indonesia,USDC
997,0.7933603260285158,665.3605846881,524,S3_twin_shock,indonesia,USDC
998,0.7802933715143724,648.7265700708974,524,S3_twin_shock,indonesia,USDC
999,0.7859773471998933,632.5084058191251,524,S3_twin_shock,indonesia,USDC
1000,0.8030646483695885,616.6956956736469,524,S3_twin_shock,indonesia,USDC
